2013.10.28 05:00:00.897,0.93764,0.93775,1.13,2.25
2013.10.28 05:00:01.438,0.93765,0.93777,1.13,1.50
2013.10.28 05:00:04.638,0.93767,0.93778,1.88,1.50
2013.10.28 05:00:05.240,0.93767,0.93778,1.13,1.50
2013.10.28 05:00:05.758,0.93767,0.93778,1.13,1.13
2013.10.28 05:00:06.537,0.93769,0.93779,1.13,1.88
2013.10.28 05:00:07.135,0.93769,0.93779,1.13,1.88
2013.10.28 05:00:11.584,0.93768,0.93778,1.13,1.13
2013.10.28 05:00:12.128,0.93767,0.93778,1.88,1.50
2013.10.28 05:00:12.652,0.93767,0.93778,1.13,1.13
2013.10.28 05:00:13.209,0.93767,0.93778,1.13,1.50
2013.10.28 05:00:14.618,0.93766,0.93777,1.88,1.13
2013.10.28 05:00:14.917,0.93766,0.93775,1.13,1.13
2013.10.28 05:00:19.658,0.93763,0.93776,1.88,1.88
2013.10.28 05:00:21.458,0.93763,0.93776,1.88,1.88
2013.10.28 05:00:22.209,0.93765,0.93776,1.13,1.88
2013.10.28 05:00:22.929,0.93765,0.93776,1.88,1.13
2013.10.28 05:00:23.107,0.93765,0.93776,1.88,1.50
2013.10.28 05:00:26.607,0.93765,0.93776,2.63,1.50
2013.10.28 05:00:27.127,0.93766,0.93779,1.13,2.63
2013.10.28 05:00:27.188,0.93767,0.9378,1.88,2.25
2013.10.28 05:00:27.248,0.93767,0.9378,3.38,1.50
2013.10.28 05:00:27.787,0.9377,0.93782,1.50,1.50
2013.10.28 05:00:32.987,0.93769,0.93782,3.00,1.50
2013.10.28 05:00:34.537,0.93769,0.93782,3.38,1.50
2013.10.28 05:00:35.049,0.93769,0.93782,3.00,1.50
2013.10.28 05:00:38.747,0.9377,0.93782,2.25,1.50
2013.10.28 05:00:39.168,0.93772,0.93782,1.13,1.13
2013.10.28 05:00:39.717,0.93774,0.93786,2.25,2.25
2013.10.28 05:00:41.939,0.93771,0.93783,1.88,1.13
2013.10.28 05:00:41.998,0.93771,0.93782,1.50,1.13
2013.10.28 05:00:42.239,0.93774,0.93784,1.50,1.88
2013.10.28 05:00:42.477,0.93774,0.93786,2.63,1.13
2013.10.28 05:00:42.537,0.93774,0.93786,2.25,1.13
2013.10.28 05:00:42.777,0.93774,0.93786,3.38,1.13
2013.10.28 05:00:43.527,0.93774,0.93786,2.25,1.88
2013.10.28 05:00:51.347,0.93774,0.93786,2.25,1.88
2013.10.28 05:00:53.310,0.93774,0.93783,2.25,1.13
2013.10.28 05:01:01.047,0.93774,0.93785,2.25,1.13
2013.10.28 05:01:01.578,0.93774,0.93785,2.25,1.13
2013.10.28 05:01:02.627,0.93774,0.93785,1.50,1.13
2013.10.28 05:01:02.937,0.93768,0.93779,1.13,1.88
2013.10.28 05:01:03.439,0.93766,0.93779,1.88,1.13
2013.10.28 05:01:04.999,0.93767,0.9378,1.13,1.88
2013.10.28 05:01:07.168,0.93767,0.9378,1.13,2.25
2013.10.28 05:01:07.699,0.93767,0.9378,1.13,2.25
2013.10.28 05:01:08.197,0.93766,0.93776,1.88,1.50
2013.10.28 05:01:08.377,0.93766,0.93776,1.13,1.13
2013.10.28 05:01:08.438,0.93766,0.93776,1.13,1.50
2013.10.28 05:01:08.858,0.93767,0.93778,1.13,1.50
2013.10.28 05:01:08.917,0.93767,0.93778,1.13,1.13
2013.10.28 05:01:09.457,0.93769,0.93779,1.13,1.13
2013.10.28 05:01:10.227,0.93769,0.93779,1.88,1.13
2013.10.28 05:01:11.067,0.93769,0.93779,2.25,1.13
2013.10.28 05:01:11.427,0.93769,0.93775,1.50,1.13
2013.10.28 05:01:11.767,0.93765,0.93775,3.30,1.13
2013.10.28 05:01:12.386,0.93765,0.93775,3.30,1.13
2013.10.28 05:01:30.448,0.93765,0.93777,3.30,1.13
2013.10.28 05:01:36.477,0.93765,0.93777,2.93,1.13
2013.10.28 05:01:45.767,0.93765,0.93775,3.00,1.13
2013.10.28 05:01:45.887,0.93767,0.93777,2.25,1.13
2013.10.28 05:01:46.067,0.93767,0.93777,1.13,1.13
2013.10.28 05:01:46.247,0.93768,0.93778,1.50,2.25
2013.10.28 05:01:46.487,0.9377,0.93781,1.50,1.13
2013.10.28 05:01:46.670,0.93769,0.93778,1.05,1.13
2013.10.28 05:01:47.236,0.9377,0.93778,1.50,1.88
2013.10.28 05:01:47.788,0.93771,0.93778,1.50,1.88
2013.10.28 05:01:48.340,0.93769,0.93778,1.50,1.88
2013.10.28 05:01:48.590,0.93768,0.93778,1.13,1.88
2013.10.28 05:01:53.957,0.93768,0.93778,1.13,1.13
2013.10.28 05:02:05.607,0.93769,0.93778,1.50,1.50
2013.10.28 05:02:05.847,0.93769,0.93778,1.50,1.50
2013.10.28 05:02:05.968,0.93771,0.9378,1.13,1.13
2013.10.28 05:02:06.028,0.93774,0.93783,1.50,1.50
2013.10.28 05:02:06.148,0.93777,0.93783,2.25,1.13
2013.10.28 05:02:06.270,0.93779,0.9379,1.50,1.13
2013.10.28 05:02:06.507,0.9378,0.9379,2.25,1.50
2013.10.28 05:02:06.687,0.93781,0.93791,2.25,1.50
2013.10.28 05:02:06.808,0.93781,0.93789,1.50,1.50
2013.10.28 05:02:06.927,0.93781,0.9379,1.50,1.50
2013.10.28 05:02:06.988,0.93781,0.93792,1.13,1.50
2013.10.28 05:02:07.107,0.93783,0.93795,1.13,1.50
2013.10.28 05:02:07.468,0.93787,0.93796,1.88,1.13
2013.10.28 05:02:07.988,0.93787,0.93798,1.88,1.50
2013.10.28 05:02:08.504,0.93787,0.93795,1.13,1.50
2013.10.28 05:02:08.569,0.93785,0.93795,1.88,1.88
2013.10.28 05:02:11.177,0.93785,0.93795,1.50,2.25
2013.10.28 05:02:11.687,0.93785,0.93795,1.50,2.25
2013.10.28 05:02:11.808,0.93785,0.93794,1.50,1.13
2013.10.28 05:02:11.928,0.93784,0.93793,2.25,1.13
2013.10.28 05:02:12.048,0.93783,0.93791,1.50,2.25
2013.10.28 05:02:12.287,0.93781,0.93794,1.13,2.63
2013.10.28 05:02:13.497,0.93783,0.93794,3.00,1.13
2013.10.28 05:02:13.619,0.93783,0.93794,2.25,1.13
2013.10.28 05:02:13.827,0.93783,0.93791,1.50,1.13
2013.10.28 05:02:14.128,0.93782,0.93788,1.50,1.13
2013.10.28 05:02:14.327,0.93781,0.93788,3.00,1.13
2013.10.28 05:02:14.649,0.93781,0.93788,3.00,1.13
2013.10.28 05:02:14.761,0.93781,0.93788,3.00,1.13
2013.10.28 05:02:15.339,0.93781,0.93788,2.25,1.13
2013.10.28 05:02:15.998,0.93781,0.93791,2.63,1.13
2013.10.28 05:02:18.488,0.93781,0.93792,2.63,1.13
2013.10.28 05:02:19.056,0.93782,0.93792,1.88,1.50
2013.10.28 05:02:20.418,0.93783,0.93792,1.13,1.13
2013.10.28 05:02:21.102,0.93783,0.93792,1.13,1.50
2013.10.28 05:02:22.257,0.93782,0.93792,3.00,1.50
2013.10.28 05:02:25.148,0.93782,0.93793,2.63,1.50
2013.10.28 05:02:26.007,0.93782,0.93792,2.63,1.50
2013.10.28 05:02:26.978,0.93782,0.93792,1.88,1.50
2013.10.28 05:02:28.218,0.93782,0.93792,1.88,1.50
2013.10.28 05:02:28.968,0.93782,0.93792,1.88,1.13
2013.10.28 05:02:29.401,0.93783,0.93794,1.13,1.88
2013.10.28 05:02:30.389,0.93784,0.93794,1.13,1.50
2013.10.28 05:02:31.517,0.93784,0.93794,1.13,1.13
2013.10.28 05:02:32.588,0.93784,0.93794,1.13,1.50
2013.10.28 05:02:33.617,0.93784,0.93795,1.13,1.13
2013.10.28 05:02:33.917,0.93786,0.93796,1.13,1.50
2013.10.28 05:02:36.667,0.93786,0.93797,1.13,2.25
2013.10.28 05:02:36.787,0.93786,0.93797,1.88,1.50
2013.10.28 05:02:36.848,0.93786,0.93797,1.88,1.50
2013.10.28 05:02:37.408,0.93785,0.93796,2.25,1.50
2013.10.28 05:02:41.298,0.93787,0.93796,1.50,1.50
2013.10.28 05:02:46.837,0.93787,0.93798,1.88,1.50
2013.10.28 05:02:48.208,0.93787,0.93798,1.88,1.50
2013.10.28 05:02:49.028,0.93787,0.93798,1.88,1.50
2013.10.28 05:02:51.294,0.93787,0.93798,1.13,1.88
2013.10.28 05:02:53.297,0.93787,0.93797,1.13,1.13
2013.10.28 05:02:54.277,0.93787,0.93798,1.13,3.00
2013.10.28 05:02:54.818,0.93787,0.93798,1.13,2.63
2013.10.28 05:02:55.908,0.93787,0.93798,1.13,2.63
2013.10.28 05:02:57.009,0.93787,0.93798,1.13,2.63
2013.10.28 05:02:57.338,0.93785,0.93796,1.13,1.13
2013.10.28 05:02:57.867,0.93784,0.93794,2.63,1.13
2013.10.28 05:03:02.978,0.93784,0.93794,2.25,1.13
2013.10.28 05:03:03.038,0.93783,0.93793,1.88,1.88
2013.10.28 05:03:03.097,0.93782,0.93793,1.50,1.88
2013.10.28 05:03:03.218,0.9378,0.9379,2.25,1.13
2013.10.28 05:03:03.969,0.93779,0.9379,1.13,1.88
2013.10.28 05:03:06.547,0.93779,0.9379,1.13,2.25
2013.10.28 05:03:06.851,0.93778,0.93788,1.13,1.88
2013.10.28 05:03:07.748,0.9378,0.93789,1.13,2.25
2013.10.28 05:03:07.870,0.9378,0.9379,1.13,1.88
2013.10.28 05:03:08.485,0.9378,0.93791,1.13,3.38
2013.10.28 05:03:08.668,0.93782,0.93792,1.13,1.13
2013.10.28 05:03:09.358,0.9378,0.9379,1.13,1.13
2013.10.28 05:03:09.417,0.9378,0.93793,1.13,2.63
2013.10.28 05:03:09.714,0.9378,0.9379,1.13,1.88
2013.10.28 05:03:09.781,0.9378,0.93792,1.13,1.13
2013.10.28 05:03:10.402,0.9378,0.93792,1.13,1.13
2013.10.28 05:03:12.427,0.9378,0.93792,1.13,1.50
2013.10.28 05:03:15.878,0.9378,0.93792,1.88,1.50
2013.10.28 05:03:16.427,0.93781,0.93792,1.13,1.13
2013.10.28 05:03:17.250,0.93781,0.93792,1.13,1.13
2013.10.28 05:03:19.588,0.9378,0.93792,1.50,1.13
2013.10.28 05:03:20.169,0.93779,0.9379,1.13,1.13
2013.10.28 05:03:23.182,0.93779,0.9379,1.13,1.13
2013.10.28 05:03:23.780,0.93779,0.9379,1.13,1.88
2013.10.28 05:03:26.428,0.93778,0.93788,1.13,1.88
2013.10.28 05:03:26.548,0.93776,0.93787,1.88,2.25
2013.10.28 05:03:28.538,0.93776,0.93786,1.88,3.75
2013.10.28 05:03:28.719,0.93772,0.93783,1.13,2.25
2013.10.28 05:03:28.838,0.9377,0.93781,2.25,1.50
2013.10.28 05:03:29.378,0.93769,0.9378,2.25,3.75
2013.10.28 05:03:29.718,0.93769,0.93779,2.25,1.13
2013.10.28 05:03:30.298,0.93769,0.93779,1.50,1.13
2013.10.28 05:03:32.357,0.93767,0.93779,1.50,1.13
2013.10.28 05:03:32.598,0.93766,0.93779,1.88,1.50
2013.10.28 05:03:32.837,0.93766,0.93777,1.13,2.63
2013.10.28 05:03:32.897,0.93764,0.93775,1.88,1.13
2013.10.28 05:03:33.459,0.93764,0.93775,1.88,1.50
2013.10.28 05:03:36.097,0.93765,0.93775,1.13,1.50
2013.10.28 05:03:36.642,0.93764,0.93775,1.88,1.50
2013.10.28 05:03:36.767,0.93765,0.93775,1.88,1.13
2013.10.28 05:03:36.827,0.93766,0.93777,1.13,1.13
2013.10.28 05:03:45.018,0.93768,0.9378,1.50,1.88
2013.10.28 05:03:45.661,0.93768,0.9378,1.50,1.13
2013.10.28 05:03:47.081,0.93769,0.93782,1.88,1.50
2013.10.28 05:03:47.198,0.93771,0.93784,1.88,1.50
2013.10.28 05:03:47.558,0.93774,0.93785,1.50,1.13
2013.10.28 05:03:47.738,0.93774,0.93787,2.63,1.88
2013.10.28 05:03:50.563,0.93774,0.93787,1.88,1.88
2013.10.28 05:03:51.068,0.93775,0.93787,1.50,1.50
2013.10.28 05:03:51.187,0.93776,0.93788,1.13,1.88
2013.10.28 05:03:51.367,0.93778,0.93789,1.13,1.50
2013.10.28 05:03:52.237,0.93777,0.93791,2.25,4.50
2013.10.28 05:03:52.676,0.93777,0.93791,2.25,4.50
2013.10.28 05:03:52.745,0.93774,0.93788,2.63,2.63
2013.10.28 05:03:56.578,0.93774,0.93787,2.25,1.50
2013.10.28 05:03:57.171,0.93775,0.93787,1.13,1.88
2013.10.28 05:03:57.739,0.93774,0.93787,2.25,1.88
2013.10.28 05:03:58.522,0.93774,0.93787,2.25,1.88
2013.10.28 05:04:04.278,0.93775,0.93785,1.13,1.50
2013.10.28 05:04:04.797,0.93775,0.93787,1.13,1.50
2013.10.28 05:04:05.317,0.93774,0.93785,2.63,1.13
2013.10.28 05:04:06.033,0.93774,0.93785,2.63,1.13
2013.10.28 05:04:07.228,0.93774,0.93785,2.63,1.13
2013.10.28 05:04:14.277,0.93774,0.93784,1.50,1.13
2013.10.28 05:04:14.942,0.93774,0.93785,1.13,1.13
2013.10.28 05:04:17.107,0.93774,0.93784,1.50,1.13
2013.10.28 05:04:22.828,0.93774,0.93786,1.13,1.88
2013.10.28 05:04:27.557,0.93774,0.93787,2.63,1.50
2013.10.28 05:04:29.008,0.93776,0.93788,1.13,1.13
2013.10.28 05:04:30.059,0.93778,0.93788,1.50,1.13
2013.10.28 05:04:30.300,0.9378,0.9379,1.13,1.13
2013.10.28 05:04:30.937,0.93778,0.9379,1.13,1.13
2013.10.28 05:04:32.257,0.93777,0.9379,2.63,1.13
2013.10.28 05:04:34.248,0.93779,0.9379,1.13,1.13
2013.10.28 05:04:39.108,0.93778,0.9379,1.88,1.13
2013.10.28 05:04:46.448,0.93777,0.9379,1.13,2.25
2013.10.28 05:04:47.024,0.93777,0.93788,1.13,1.13
2013.10.28 05:05:01.168,0.93777,0.93789,1.13,2.25
2013.10.28 05:05:02.837,0.93778,0.93789,1.13,1.13
2013.10.28 05:05:03.348,0.93778,0.93789,1.88,1.13
2013.10.28 05:05:03.648,0.93778,0.93788,1.88,1.88
2013.10.28 05:05:04.220,0.93778,0.93787,1.88,1.50
2013.10.28 05:05:08.887,0.93778,0.93787,1.13,1.50
2013.10.28 05:05:09.388,0.93778,0.93788,1.13,3.38
2013.10.28 05:05:10.137,0.93776,0.93786,1.13,1.13
2013.10.28 05:05:10.329,0.93775,0.93785,1.50,1.13
2013.10.28 05:05:10.747,0.93773,0.93785,2.63,1.13
2013.10.28 05:05:11.299,0.93774,0.93785,1.50,1.13
2013.10.28 05:05:12.678,0.93773,0.93785,3.75,1.13
2013.10.28 05:05:13.097,0.93773,0.93782,1.50,1.13
2013.10.28 05:05:16.986,0.93771,0.93782,2.25,1.13
2013.10.28 05:05:18.738,0.93771,0.93782,1.88,1.13
2013.10.28 05:05:22.428,0.93771,0.93782,1.88,1.13
2013.10.28 05:05:24.108,0.93771,0.93782,1.88,1.13
2013.10.28 05:05:24.348,0.93772,0.93783,1.13,1.50
2013.10.28 05:05:26.318,0.93774,0.93784,1.88,1.50
2013.10.28 05:05:27.168,0.93774,0.93784,1.13,1.13
2013.10.28 05:05:27.737,0.93773,0.93784,1.13,1.13
2013.10.28 05:05:27.938,0.93772,0.93782,1.88,1.13
2013.10.28 05:05:28.178,0.9377,0.93781,1.50,1.88
2013.10.28 05:05:28.299,0.93769,0.93779,1.50,1.13
2013.10.28 05:05:28.849,0.93768,0.93777,1.88,1.13
2013.10.28 05:05:32.199,0.93768,0.93776,1.50,1.13
2013.10.28 05:05:34.439,0.93766,0.93776,2.25,1.13
2013.10.28 05:05:34.949,0.93766,0.93773,1.13,1.88
2013.10.28 05:05:36.297,0.93766,0.93773,1.13,1.88
2013.10.28 05:05:37.030,0.93766,0.93773,1.13,1.88
2013.10.28 05:05:43.510,0.93766,0.93773,1.13,1.50
2013.10.28 05:05:43.622,0.93765,0.93773,1.13,1.50
2013.10.28 05:05:50.068,0.93765,0.93775,1.13,1.13
2013.10.28 05:05:50.188,0.93766,0.93776,1.13,1.88
2013.10.28 05:05:50.248,0.93766,0.93776,1.13,1.88
2013.10.28 05:05:50.894,0.93766,0.93776,1.13,1.88
2013.10.28 05:05:51.519,0.93766,0.93776,1.13,1.88
2013.10.28 05:05:52.638,0.93766,0.93776,1.13,1.88
2013.10.28 05:05:53.729,0.93766,0.93774,1.13,1.13
2013.10.28 05:05:54.037,0.93764,0.93773,1.13,1.13
2013.10.28 05:05:54.529,0.93766,0.93773,1.13,1.13
2013.10.28 05:05:55.377,0.93766,0.93773,1.13,2.63
2013.10.28 05:05:56.444,0.93766,0.93773,1.13,1.13
2013.10.28 05:06:00.428,0.93763,0.93773,1.13,1.88
2013.10.28 05:06:00.607,0.93762,0.93773,1.50,1.88
2013.10.28 05:06:03.948,0.93764,0.93774,1.13,1.13
2013.10.28 05:06:04.009,0.93764,0.93774,1.13,1.13
2013.10.28 05:06:04.132,0.93767,0.93777,1.13,1.50
2013.10.28 05:06:04.198,0.93768,0.93778,1.13,1.88
2013.10.28 05:06:06.818,0.93771,0.9378,1.13,3.00
2013.10.28 05:06:07.472,0.93771,0.93781,1.13,1.50
2013.10.28 05:06:08.918,0.93771,0.9378,1.13,1.13
2013.10.28 05:06:09.098,0.93766,0.93774,1.50,1.50
2013.10.28 05:06:09.218,0.93768,0.93778,1.50,1.50
2013.10.28 05:06:09.278,0.93768,0.93779,1.50,1.50
2013.10.28 05:06:09.398,0.93768,0.9378,2.63,2.25
2013.10.28 05:06:14.718,0.93767,0.93777,1.50,1.88
2013.10.28 05:06:14.898,0.93764,0.93774,1.50,1.13
2013.10.28 05:06:15.451,0.93763,0.93774,3.00,1.13
2013.10.28 05:06:17.618,0.93763,0.93775,3.75,1.13
2013.10.28 05:06:17.677,0.93763,0.93775,3.75,1.13
2013.10.28 05:06:20.418,0.93763,0.93775,2.25,1.13
2013.10.28 05:06:20.838,0.93763,0.93775,2.25,1.88
2013.10.28 05:06:22.547,0.93763,0.93775,2.63,2.63
2013.10.28 05:06:25.018,0.93764,0.93775,1.13,2.25
2013.10.28 05:06:25.889,0.93764,0.93775,1.13,1.13
2013.10.28 05:06:30.190,0.93764,0.93775,1.13,1.13
2013.10.28 05:06:35.938,0.93763,0.93775,2.25,1.13
2013.10.28 05:06:39.087,0.93763,0.93775,1.50,1.88
2013.10.28 05:06:43.838,0.93764,0.93775,1.13,1.88
2013.10.28 05:06:44.198,0.93768,0.93779,1.88,1.88
2013.10.28 05:06:44.257,0.93768,0.93779,1.88,1.88
2013.10.28 05:06:44.322,0.93768,0.93779,1.50,1.88
2013.10.28 05:06:44.868,0.93768,0.93779,2.25,1.13
2013.10.28 05:06:45.439,0.93769,0.9378,1.13,2.63
2013.10.28 05:06:45.580,0.93769,0.9378,1.88,2.63
2013.10.28 05:06:45.878,0.93769,0.9378,1.88,2.63
2013.10.28 05:06:46.673,0.93768,0.9378,1.50,3.00
2013.10.28 05:06:49.288,0.93768,0.9378,1.50,3.00
2013.10.28 05:06:49.549,0.93768,0.9378,1.50,3.00
2013.10.28 05:06:49.948,0.9377,0.93782,1.50,1.88
2013.10.28 05:06:50.248,0.93776,0.93785,1.50,1.50
2013.10.28 05:06:50.788,0.93774,0.93784,1.50,1.13
2013.10.28 05:06:51.359,0.93773,0.93784,1.88,1.13
2013.10.28 05:06:51.877,0.93773,0.93785,1.88,4.13
2013.10.28 05:06:53.547,0.93773,0.93784,1.88,1.13
2013.10.28 05:06:54.059,0.93771,0.93783,2.25,1.50
2013.10.28 05:06:55.327,0.93773,0.93783,1.13,2.63
2013.10.28 05:06:56.700,0.93773,0.93783,1.50,1.88
2013.10.28 05:06:57.015,0.93775,0.93785,1.50,2.63
2013.10.28 05:06:57.778,0.93776,0.93785,1.13,2.63
2013.10.28 05:06:57.838,0.93777,0.93785,1.13,1.50
2013.10.28 05:06:58.079,0.93779,0.93787,1.13,1.50
2013.10.28 05:06:58.840,0.93779,0.93788,1.13,2.25
2013.10.28 05:06:58.898,0.93779,0.93788,1.13,2.25
2013.10.28 05:06:59.928,0.93778,0.93788,1.13,1.88
2013.10.28 05:07:00.987,0.93778,0.93788,1.13,2.63
2013.10.28 05:07:01.169,0.93777,0.93786,1.13,1.88
2013.10.28 05:07:03.688,0.93776,0.93785,1.13,1.13
2013.10.28 05:07:04.227,0.93774,0.93783,1.50,1.13
2013.10.28 05:07:04.968,0.93773,0.93783,1.50,1.88
2013.10.28 05:07:05.508,0.93773,0.93783,1.13,2.63
2013.10.28 05:07:06.955,0.93771,0.93781,2.25,1.13
2013.10.28 05:07:07.548,0.93774,0.9378,1.50,1.13
2013.10.28 05:07:07.732,0.93775,0.93784,1.13,1.50
2013.10.28 05:07:07.978,0.93778,0.93787,1.13,3.00
2013.10.28 05:07:08.948,0.93778,0.93787,1.50,1.88
2013.10.28 05:07:12.967,0.93779,0.93789,1.13,2.25
2013.10.28 05:07:13.502,0.9378,0.93791,2.25,1.50
2013.10.28 05:07:14.161,0.9378,0.93791,2.25,1.50
2013.10.28 05:07:15.818,0.9378,0.93791,2.63,1.13
2013.10.28 05:07:16.118,0.93782,0.93794,1.50,2.25
2013.10.28 05:07:16.768,0.93783,0.93794,1.50,2.63
2013.10.28 05:07:16.828,0.93785,0.93794,1.50,2.63
2013.10.28 05:07:17.188,0.93782,0.9379,1.50,1.13
2013.10.28 05:07:17.368,0.9378,0.9379,1.13,1.13
2013.10.28 05:07:17.791,0.93779,0.9379,2.63,1.13
2013.10.28 05:07:18.087,0.93779,0.93792,3.38,1.13
2013.10.28 05:07:18.148,0.93781,0.93792,1.50,1.13
2013.10.28 05:07:18.729,0.93782,0.93795,2.63,1.13
2013.10.28 05:07:19.098,0.93782,0.93795,2.25,1.13
2013.10.28 05:07:19.870,0.93781,0.93794,2.25,1.13
2013.10.28 05:07:21.178,0.9378,0.93793,2.25,1.13
2013.10.28 05:07:21.298,0.93778,0.9379,2.25,1.13
2013.10.28 05:07:21.358,0.93778,0.9379,2.25,1.13
2013.10.28 05:07:21.718,0.93777,0.9379,1.88,1.88
2013.10.28 05:07:21.839,0.93777,0.9379,2.25,1.88
2013.10.28 05:07:22.199,0.93778,0.93791,2.25,1.88
2013.10.28 05:07:22.558,0.93778,0.93789,1.50,1.13
2013.10.28 05:07:22.738,0.93777,0.93788,1.13,1.13
2013.10.28 05:07:23.268,0.93776,0.93788,2.25,1.88
2013.10.28 05:07:23.448,0.93779,0.93789,1.50,1.13
2013.10.28 05:07:23.509,0.93779,0.93793,1.88,2.63
2013.10.28 05:07:23.569,0.9378,0.93793,2.25,1.88
2013.10.28 05:07:23.882,0.93783,0.93792,2.25,1.13
2013.10.28 05:07:24.388,0.93783,0.93793,2.25,1.13
2013.10.28 05:07:34.178,0.93782,0.93794,1.50,1.88
2013.10.28 05:07:34.458,0.93782,0.93794,1.88,1.88
2013.10.28 05:07:35.128,0.93782,0.93794,1.50,1.88
2013.10.28 05:07:35.210,0.93782,0.93794,1.88,1.88
2013.10.28 05:07:37.360,0.93782,0.93794,1.50,1.88
2013.10.28 05:07:39.788,0.93781,0.93794,1.50,2.63
2013.10.28 05:07:40.341,0.93781,0.93794,1.50,2.63
2013.10.28 05:07:41.328,0.93781,0.93794,1.88,2.63
2013.10.28 05:07:43.268,0.9378,0.93794,1.50,3.75
2013.10.28 05:07:43.658,0.93778,0.93791,1.50,2.63
2013.10.28 05:07:43.778,0.93777,0.93788,1.50,1.88
2013.10.28 05:07:44.138,0.93776,0.93787,1.50,1.13
2013.10.28 05:07:44.639,0.93776,0.93787,1.50,1.13
2013.10.28 05:07:56.429,0.93776,0.93787,1.50,1.13
2013.10.28 05:07:56.730,0.93778,0.93789,1.50,1.13
2013.10.28 05:08:00.558,0.93778,0.93789,1.13,1.88
2013.10.28 05:08:03.519,0.93777,0.93789,1.50,1.88
2013.10.28 05:08:04.908,0.93776,0.93787,1.88,1.13
2013.10.28 05:08:05.088,0.93775,0.93786,1.50,1.88
2013.10.28 05:08:05.392,0.93775,0.93785,1.50,1.13
2013.10.28 05:08:06.119,0.93773,0.93785,3.75,1.88
2013.10.28 05:08:06.478,0.93774,0.93783,1.50,1.13
2013.10.28 05:08:06.598,0.93773,0.93783,1.13,1.88
2013.10.28 05:08:06.721,0.93772,0.93782,1.13,1.13
2013.10.28 05:08:07.237,0.93771,0.9378,1.50,1.13
2013.10.28 05:08:07.478,0.93767,0.93778,3.38,1.13
2013.10.28 05:08:08.018,0.93767,0.93776,2.63,1.50
2013.10.28 05:08:08.579,0.93766,0.93777,2.63,1.13
2013.10.28 05:08:08.958,0.93767,0.93777,1.50,1.13
2013.10.28 05:08:09.079,0.93769,0.93779,1.50,1.50
2013.10.28 05:08:09.138,0.9377,0.9378,1.50,3.00
2013.10.28 05:08:09.258,0.93773,0.93782,1.50,1.50
2013.10.28 05:08:09.558,0.93773,0.93783,1.50,1.13
2013.10.28 05:08:10.065,0.93776,0.93787,1.50,1.50
2013.10.28 05:08:10.128,0.93776,0.93787,1.50,1.50
2013.10.28 05:08:10.488,0.93776,0.93786,1.50,1.50
2013.10.28 05:08:10.879,0.93776,0.93787,1.50,1.13
2013.10.28 05:08:11.088,0.93776,0.93787,1.50,1.88
2013.10.28 05:08:11.628,0.93774,0.93785,1.13,1.13
2013.10.28 05:08:16.248,0.93775,0.93785,1.13,1.13
2013.10.28 05:08:19.659,0.93773,0.93787,2.63,1.88
2013.10.28 05:08:22.318,0.93775,0.93787,2.25,1.50
2013.10.28 05:08:22.841,0.93776,0.93787,1.13,1.50
2013.10.28 05:08:27.078,0.93776,0.93787,1.13,1.50
2013.10.28 05:08:27.199,0.93776,0.93787,1.13,1.50
2013.10.28 05:08:27.709,0.93778,0.93789,1.13,2.25
2013.10.28 05:08:28.319,0.93777,0.93789,1.13,2.25
2013.10.28 05:08:30.679,0.93777,0.93789,1.13,2.25
2013.10.28 05:08:31.028,0.93776,0.93788,1.13,1.50
2013.10.28 05:08:31.769,0.93776,0.93787,1.13,1.50
2013.10.28 05:08:37.289,0.93773,0.93787,2.63,1.88
2013.10.28 05:08:37.408,0.93773,0.93785,1.88,1.50
2013.10.28 05:08:37.818,0.93773,0.93785,1.88,1.50
2013.10.28 05:08:38.358,0.93775,0.93787,1.13,1.88
2013.10.28 05:08:40.178,0.93775,0.93787,1.13,1.50
2013.10.28 05:08:40.861,0.93775,0.93787,1.13,1.50
2013.10.28 05:08:43.808,0.93773,0.93787,2.63,2.63
2013.10.28 05:08:44.319,0.93775,0.93787,1.13,1.50
2013.10.28 05:08:46.148,0.93773,0.93786,1.88,1.88
2013.10.28 05:08:46.695,0.93774,0.93787,1.13,2.25
2013.10.28 05:08:48.839,0.93773,0.93787,2.63,1.88
2013.10.28 05:08:50.728,0.93774,0.93787,1.88,1.50
2013.10.28 05:08:51.830,0.93775,0.93787,1.13,1.50
2013.10.28 05:08:52.068,0.93776,0.93787,1.13,1.50
2013.10.28 05:08:52.308,0.9378,0.9379,1.13,1.88
2013.10.28 05:08:52.608,0.93782,0.93794,1.13,2.25
2013.10.28 05:08:52.788,0.9378,0.93792,1.50,1.13
2013.10.28 05:08:52.908,0.93779,0.9379,1.50,1.50
2013.10.28 05:08:53.739,0.93779,0.9379,1.50,1.50
2013.10.28 05:08:57.168,0.93778,0.93792,3.00,2.63
2013.10.28 05:08:59.708,0.93779,0.93792,1.50,2.63
2013.10.28 05:09:00.360,0.93779,0.93792,3.00,1.88
2013.10.28 05:09:00.740,0.9378,0.93792,1.50,1.13
2013.10.28 05:09:00.978,0.93787,0.93796,1.13,1.13
2013.10.28 05:09:01.099,0.93786,0.93796,1.13,1.88
2013.10.28 05:09:01.219,0.93788,0.93796,1.13,1.13
2013.10.28 05:09:01.768,0.93785,0.93796,3.75,1.13
2013.10.28 05:09:01.829,0.93784,0.93796,2.25,2.25
2013.10.28 05:09:02.308,0.93781,0.93791,1.50,1.50
2013.10.28 05:09:06.078,0.93781,0.93791,1.13,1.50
2013.10.28 05:09:08.138,0.93781,0.9379,1.13,1.50
2013.10.28 05:09:11.249,0.9378,0.9379,1.13,1.50
2013.10.28 05:09:12.158,0.9378,0.93791,2.25,1.50
2013.10.28 05:09:12.781,0.93781,0.93792,1.88,1.50
2013.10.28 05:09:13.430,0.93782,0.93794,1.88,2.25
2013.10.28 05:09:13.488,0.93783,0.93794,1.50,1.50
2013.10.28 05:09:13.611,0.93784,0.93795,1.50,1.50
2013.10.28 05:09:14.478,0.93784,0.93795,1.50,1.50
2013.10.28 05:09:14.818,0.93788,0.93797,1.88,1.50
2013.10.28 05:09:14.938,0.9379,0.93802,1.13,1.50
2013.10.28 05:09:15.297,0.93791,0.93802,1.13,1.50
2013.10.28 05:09:16.838,0.93791,0.93804,1.88,1.88
2013.10.28 05:09:17.340,0.9379,0.93802,1.13,2.25
2013.10.28 05:09:17.818,0.9379,0.93802,1.50,2.25
2013.10.28 05:09:18.119,0.93795,0.93803,1.88,1.50
2013.10.28 05:09:18.238,0.93797,0.93805,1.13,1.50
2013.10.28 05:09:18.358,0.93794,0.93806,1.13,2.25
2013.10.28 05:09:18.418,0.93794,0.93805,1.13,1.50
2013.10.28 05:09:18.667,0.93791,0.93803,1.50,1.50
2013.10.28 05:09:21.178,0.93789,0.93801,2.25,1.50
2013.10.28 05:09:21.718,0.93789,0.93801,1.13,2.25
2013.10.28 05:09:23.748,0.93787,0.938,2.25,1.50
2013.10.28 05:09:26.189,0.93787,0.938,2.25,1.50
2013.10.28 05:09:29.909,0.93789,0.938,1.50,1.50
2013.10.28 05:09:30.029,0.9379,0.93802,1.13,2.25
2013.10.28 05:09:30.149,0.93792,0.93802,1.13,1.50
2013.10.28 05:09:30.458,0.93792,0.93804,1.13,2.25
2013.10.28 05:09:32.158,0.9379,0.93804,3.00,1.88
2013.10.28 05:09:32.218,0.93797,0.93804,1.50,1.50
2013.10.28 05:09:32.278,0.93798,0.93806,2.25,1.88
2013.10.28 05:09:32.340,0.93798,0.93806,1.50,1.50
2013.10.28 05:09:32.519,0.93801,0.93809,1.50,1.13
2013.10.28 05:09:32.759,0.93801,0.93809,1.88,1.13
2013.10.28 05:09:33.298,0.93797,0.93809,1.13,3.75
2013.10.28 05:09:33.828,0.93796,0.93808,1.50,2.25
2013.10.28 05:09:34.421,0.93797,0.93807,1.13,1.50
2013.10.28 05:09:34.739,0.93799,0.9381,1.13,2.25
2013.10.28 05:09:35.158,0.93802,0.9381,1.50,1.50
2013.10.28 05:09:35.518,0.93808,0.93817,1.13,1.20
2013.10.28 05:09:35.998,0.93808,0.93814,1.13,1.13
2013.10.28 05:09:36.548,0.93808,0.93814,1.13,1.13
2013.10.28 05:09:37.137,0.93808,0.93815,1.13,1.50
2013.10.28 05:09:37.498,0.93806,0.93814,1.50,1.13
2013.10.28 05:09:37.618,0.93804,0.93814,2.63,1.13
2013.10.28 05:09:37.978,0.93801,0.93813,1.88,2.25
2013.10.28 05:09:38.282,0.93799,0.93812,3.00,1.50
2013.10.28 05:09:38.608,0.93799,0.93812,2.25,1.50
2013.10.28 05:09:45.408,0.93797,0.9381,2.25,1.50
2013.10.28 05:09:47.478,0.93797,0.9381,2.25,2.25
2013.10.28 05:09:48.268,0.93797,0.93809,1.88,1.13
2013.10.28 05:09:48.699,0.93795,0.93805,1.13,1.13
2013.10.28 05:09:48.758,0.93794,0.93805,1.88,1.13
2013.10.28 05:09:48.819,0.93794,0.93805,1.50,1.13
2013.10.28 05:09:48.998,0.93791,0.93803,2.25,1.13
2013.10.28 05:09:49.549,0.93792,0.93804,1.13,1.88
2013.10.28 05:09:54.748,0.93792,0.93804,1.88,1.13
2013.10.28 05:09:54.808,0.93794,0.93804,1.50,1.13
2013.10.28 05:09:55.228,0.93794,0.93805,1.50,1.13
2013.10.28 05:09:58.248,0.93794,0.93805,1.50,1.13
2013.10.28 05:09:58.789,0.93794,0.93805,1.50,1.13
2013.10.28 05:09:59.908,0.93794,0.93805,1.50,1.13
2013.10.28 05:10:00.468,0.93793,0.93805,1.50,2.63
2013.10.28 05:10:00.999,0.93792,0.93805,1.88,2.63
2013.10.28 05:10:01.530,0.93792,0.93805,3.00,1.88
2013.10.28 05:10:02.068,0.93793,0.93805,1.13,1.88
2013.10.28 05:10:02.618,0.93793,0.93805,1.13,1.13
2013.10.28 05:10:04.138,0.93793,0.93805,1.13,1.13
2013.10.28 05:10:04.488,0.93792,0.93805,3.00,1.13
2013.10.28 05:10:10.058,0.93792,0.93803,3.00,1.13
2013.10.28 05:10:11.298,0.93792,0.93803,1.88,1.13
2013.10.28 05:10:14.588,0.93792,0.93802,1.13,1.13
2013.10.28 05:10:15.120,0.9379,0.93802,1.13,1.13
2013.10.28 05:10:19.208,0.93791,0.938,1.13,1.13
2013.10.28 05:10:20.049,0.93791,0.938,1.13,1.13
2013.10.28 05:10:26.100,0.93791,0.938,1.13,1.13
2013.10.28 05:10:28.708,0.93792,0.938,1.13,1.13
2013.10.28 05:10:29.218,0.93793,0.93804,1.88,1.50
2013.10.28 05:10:34.059,0.93793,0.93804,1.88,1.50
2013.10.28 05:10:52.808,0.93793,0.93804,2.63,1.50
2013.10.28 05:10:57.374,0.93793,0.93806,3.38,1.88
2013.10.28 05:10:57.919,0.93793,0.93803,2.25,1.50
2013.10.28 05:10:58.459,0.93792,0.93803,1.88,1.50
2013.10.28 05:10:58.698,0.93792,0.93803,1.13,1.50
2013.10.28 05:11:00.914,0.9379,0.938,1.13,1.50
2013.10.28 05:11:08.378,0.93791,0.93802,1.13,1.50
2013.10.28 05:11:08.928,0.93792,0.93803,1.13,1.88
2013.10.28 05:11:12.088,0.93791,0.93803,1.50,1.88
2013.10.28 05:11:12.448,0.93789,0.938,1.50,1.13
2013.10.28 05:11:12.509,0.93787,0.93798,3.38,1.50
2013.10.28 05:11:12.568,0.93787,0.93798,3.38,1.50
2013.10.28 05:11:12.869,0.93785,0.93797,1.50,2.25
2013.10.28 05:11:13.409,0.93783,0.93797,3.00,2.63
2013.10.28 05:11:13.948,0.93783,0.93795,3.00,1.88
2013.10.28 05:11:15.608,0.93783,0.93795,3.00,1.88
2013.10.28 05:11:15.910,0.93785,0.93798,2.25,1.50
2013.10.28 05:11:16.208,0.93787,0.93799,1.50,2.63
2013.10.28 05:11:16.804,0.93785,0.93796,1.50,1.13
2013.10.28 05:11:17.168,0.93784,0.93795,1.13,1.13
2013.10.28 05:11:18.078,0.93784,0.93795,1.50,1.13
2013.10.28 05:11:19.207,0.93786,0.93797,1.13,1.88
2013.10.28 05:11:19.329,0.93787,0.93797,1.13,1.50
2013.10.28 05:11:20.058,0.93788,0.93799,1.88,1.50
2013.10.28 05:11:20.688,0.93788,0.93799,1.88,1.13
2013.10.28 05:11:31.139,0.93788,0.93798,2.25,1.50
2013.10.28 05:11:31.560,0.9379,0.93801,1.13,1.50
2013.10.28 05:11:41.928,0.93789,0.93801,1.50,1.50
2013.10.28 05:11:42.229,0.93788,0.938,1.88,1.13
2013.10.28 05:11:42.348,0.93787,0.93796,2.25,1.50
2013.10.28 05:11:42.856,0.93786,0.93796,1.13,2.63
2013.10.28 05:11:43.637,0.93786,0.93796,1.13,2.63
2013.10.28 05:11:44.270,0.93785,0.93796,1.88,2.63
2013.10.28 05:11:45.280,0.93784,0.93796,1.88,2.63
2013.10.28 05:11:45.399,0.93784,0.93796,1.88,2.63
2013.10.28 05:11:45.538,0.93785,0.93796,1.13,1.88
2013.10.28 05:11:46.261,0.93785,0.93796,1.13,1.50
2013.10.28 05:11:50.778,0.93784,0.93796,1.88,2.25
2013.10.28 05:11:53.640,0.93784,0.93796,1.13,2.25
2013.10.28 05:11:55.292,0.93784,0.93796,1.13,2.25
2013.10.28 05:11:55.418,0.93784,0.93796,1.13,2.25
2013.10.28 05:11:55.510,0.93784,0.93796,1.13,2.25
2013.10.28 05:11:59.260,0.93784,0.93796,1.13,2.25
2013.10.28 05:12:01.845,0.93783,0.93794,1.13,2.25
2013.10.28 05:12:01.921,0.93782,0.93794,1.88,3.00
2013.10.28 05:12:01.989,0.93782,0.93791,1.13,1.50
2013.10.28 05:12:02.170,0.9378,0.93791,2.25,2.25
2013.10.28 05:12:02.727,0.9378,0.93791,1.50,2.63
2013.10.28 05:12:03.101,0.93779,0.93791,4.88,2.25
2013.10.28 05:12:03.338,0.93779,0.93791,4.13,2.63
2013.10.28 05:12:03.430,0.93779,0.93791,4.13,2.25
2013.10.28 05:12:03.658,0.93779,0.93791,4.13,2.63
2013.10.28 05:12:05.734,0.93779,0.93791,2.63,2.25
2013.10.28 05:12:05.858,0.93779,0.93791,2.63,2.63
2013.10.28 05:12:06.878,0.93779,0.93791,2.63,2.63
2013.10.28 05:12:07.614,0.93779,0.93791,2.63,2.25
2013.10.28 05:12:08.309,0.93779,0.93791,2.63,2.25
2013.10.28 05:12:08.839,0.93779,0.93791,2.63,2.25
2013.10.28 05:12:09.549,0.93779,0.93791,1.88,2.63
2013.10.28 05:12:11.028,0.93779,0.9379,1.88,1.13
2013.10.28 05:12:11.581,0.93779,0.9379,1.88,1.13
2013.10.28 05:12:18.179,0.93779,0.9379,1.88,1.13
2013.10.28 05:12:18.712,0.93777,0.93788,1.13,1.50
2013.10.28 05:12:19.049,0.93775,0.93785,1.13,1.50
2013.10.28 05:12:19.108,0.93774,0.93785,1.88,1.50
2013.10.28 05:12:19.228,0.93774,0.93784,1.13,1.50
2013.10.28 05:12:19.288,0.93772,0.93782,1.50,1.13
2013.10.28 05:12:19.798,0.93772,0.93782,1.13,1.13
2013.10.28 05:12:22.090,0.93772,0.93784,1.88,1.50
2013.10.28 05:12:22.148,0.93772,0.93784,2.25,1.50
2013.10.28 05:12:22.689,0.93774,0.93786,1.50,1.88
2013.10.28 05:12:23.288,0.93774,0.93786,1.88,1.88
2013.10.28 05:12:23.649,0.93772,0.93784,1.88,2.63
2013.10.28 05:12:29.338,0.93775,0.93786,1.13,2.25
2013.10.28 05:12:29.398,0.93775,0.93786,1.13,2.25
2013.10.28 05:12:30.309,0.93775,0.93787,1.88,1.88
2013.10.28 05:12:35.010,0.93775,0.93787,1.88,1.88
2013.10.28 05:12:35.560,0.93775,0.93786,1.88,1.13
2013.10.28 05:12:36.209,0.93775,0.93787,1.88,1.88
2013.10.28 05:12:37.008,0.93775,0.93786,1.50,1.50
2013.10.28 05:12:48.218,0.93774,0.93787,1.50,2.63
2013.10.28 05:12:54.098,0.93775,0.93787,1.13,2.63
2013.10.28 05:12:55.168,0.93775,0.93786,1.13,1.50
2013.10.28 05:12:55.408,0.93773,0.93784,1.88,1.13
2013.10.28 05:12:55.469,0.93773,0.93784,1.88,1.50
2013.10.28 05:12:55.771,0.93771,0.93781,1.88,1.13
2013.10.28 05:12:55.830,0.9377,0.93779,2.25,1.13
2013.10.28 05:12:56.010,0.93769,0.93778,1.13,1.13
2013.10.28 05:12:58.249,0.93768,0.93777,2.63,1.13
2013.10.28 05:13:00.159,0.93768,0.93776,1.50,1.13
2013.10.28 05:13:05.518,0.93768,0.93778,1.88,1.13
2013.10.28 05:13:06.031,0.93769,0.93778,1.13,1.13
2013.10.28 05:13:07.340,0.93769,0.93778,1.13,1.13
2013.10.28 05:13:10.668,0.93769,0.93778,1.13,1.13
2013.10.28 05:13:11.253,0.93768,0.93778,2.25,1.13
2013.10.28 05:13:11.778,0.93767,0.93776,1.50,1.13
2013.10.28 05:13:13.869,0.93766,0.93775,1.88,1.13
2013.10.28 05:13:15.908,0.93766,0.93776,1.13,1.50
2013.10.28 05:13:16.268,0.93767,0.93778,1.13,1.88
2013.10.28 05:13:19.918,0.93768,0.93779,1.13,2.25
2013.10.28 05:13:20.449,0.93768,0.93779,1.13,2.63
2013.10.28 05:13:20.978,0.93767,0.93778,1.13,1.13
2013.10.28 05:13:21.489,0.93767,0.93779,1.13,2.63
2013.10.28 05:13:21.849,0.93771,0.93779,1.13,1.50
2013.10.28 05:13:24.749,0.93772,0.93779,1.88,1.13
2013.10.28 05:13:25.891,0.93768,0.93778,1.88,1.50
2013.10.28 05:13:25.962,0.93765,0.93774,1.50,1.13
2013.10.28 05:13:26.509,0.93765,0.93772,1.50,1.13
2013.10.28 05:13:27.331,0.93765,0.93771,1.50,1.50
2013.10.28 05:13:27.671,0.93761,0.93772,1.50,1.13
2013.10.28 05:13:27.927,0.9376,0.93771,2.63,1.50
2013.10.28 05:13:28.679,0.9376,0.93771,2.63,1.50
2013.10.28 05:13:29.309,0.9376,0.93772,2.63,2.25
2013.10.28 05:13:29.860,0.9376,0.93772,1.88,2.25
2013.10.28 05:13:30.280,0.93762,0.93772,1.88,1.50
2013.10.28 05:13:30.400,0.93768,0.93776,1.13,1.88
2013.10.28 05:13:30.459,0.93768,0.93776,1.50,1.88
2013.10.28 05:13:30.519,0.93768,0.93776,1.13,1.13
2013.10.28 05:13:30.639,0.93771,0.93777,1.13,2.63
2013.10.28 05:13:30.699,0.93771,0.9378,1.13,1.50
2013.10.28 05:13:30.940,0.93771,0.93782,1.13,1.50
2013.10.28 05:13:31.479,0.93772,0.93784,1.13,1.13
2013.10.28 05:13:31.985,0.93773,0.93784,1.13,1.13
2013.10.28 05:13:32.412,0.93772,0.93782,1.50,1.50
2013.10.28 05:13:32.479,0.93771,0.93782,1.88,1.50
2013.10.28 05:13:32.998,0.93771,0.93782,1.13,1.50
2013.10.28 05:13:36.141,0.93771,0.93782,1.13,1.50
2013.10.28 05:13:37.182,0.93771,0.93782,1.88,1.50
2013.10.28 05:13:37.689,0.93771,0.93782,1.88,1.50
2013.10.28 05:13:38.298,0.93771,0.93782,1.88,1.50
2013.10.28 05:13:38.962,0.93771,0.93782,1.88,1.50
2013.10.28 05:13:39.520,0.93771,0.93782,1.88,1.50
2013.10.28 05:13:41.699,0.93771,0.93782,1.88,1.50
2013.10.28 05:13:43.829,0.93772,0.93782,1.13,1.50
2013.10.28 05:13:45.209,0.93772,0.93781,1.13,1.13
2013.10.28 05:13:45.688,0.9377,0.93781,2.25,1.50
2013.10.28 05:13:46.169,0.93771,0.93781,1.13,1.13
2013.10.28 05:13:47.007,0.9377,0.93782,2.25,3.00
2013.10.28 05:13:47.520,0.93771,0.93779,1.13,1.13
2013.10.28 05:13:50.951,0.93771,0.93782,1.13,2.25
2013.10.28 05:13:52.900,0.93771,0.93782,1.13,1.13
2013.10.28 05:13:53.079,0.93767,0.93778,2.63,1.50
2013.10.28 05:13:53.198,0.93767,0.93778,1.13,2.25
2013.10.28 05:13:53.775,0.93766,0.93777,2.63,1.13
2013.10.28 05:13:55.429,0.93768,0.93778,1.50,1.50
2013.10.28 05:13:55.948,0.93769,0.93778,1.13,1.13
2013.10.28 05:13:56.323,0.93766,0.93772,1.50,1.13
2013.10.28 05:13:56.630,0.93764,0.9377,1.50,1.13
2013.10.28 05:13:56.899,0.93763,0.93771,1.88,1.13
2013.10.28 05:13:57.469,0.93763,0.9377,1.88,1.13
2013.10.28 05:13:58.308,0.93762,0.9377,2.63,1.13
2013.10.28 05:13:58.979,0.93762,0.93772,2.63,1.50
2013.10.28 05:13:59.219,0.93765,0.93772,1.50,1.13
2013.10.28 05:13:59.459,0.93767,0.93778,1.50,3.75
2013.10.28 05:13:59.639,0.93772,0.93778,1.13,1.50
2013.10.28 05:14:00.002,0.93774,0.93779,1.13,1.50
2013.10.28 05:14:00.309,0.93773,0.93779,2.25,1.50
2013.10.28 05:14:01.209,0.93775,0.93782,2.25,1.50
2013.10.28 05:14:01.760,0.93776,0.93781,1.50,1.50
2013.10.28 05:14:02.520,0.93776,0.9378,1.88,2.25
2013.10.28 05:14:02.789,0.93776,0.9378,1.88,2.25
2013.10.28 05:14:05.528,0.93776,0.93782,1.88,1.50
2013.10.28 05:14:05.732,0.93776,0.93785,1.88,1.13
2013.10.28 05:14:06.233,0.93776,0.93785,2.63,1.13
2013.10.28 05:14:07.498,0.93777,0.93789,1.13,1.50
2013.10.28 05:14:11.809,0.93777,0.93789,1.13,1.50
2013.10.28 05:14:12.351,0.93777,0.93789,1.13,1.50
2013.10.28 05:14:13.378,0.93778,0.9379,1.13,1.50
2013.10.28 05:14:13.438,0.93778,0.9379,1.13,1.50
2013.10.28 05:14:16.341,0.93777,0.93789,1.50,1.50
2013.10.28 05:14:16.399,0.93778,0.9379,1.13,1.50
2013.10.28 05:14:18.360,0.93777,0.9379,1.88,2.25
2013.10.28 05:14:19.321,0.93777,0.93789,1.13,1.50
2013.10.28 05:14:19.758,0.93777,0.93788,1.13,1.13
2013.10.28 05:14:20.276,0.93777,0.93787,1.13,1.13
2013.10.28 05:14:24.339,0.93777,0.93789,1.13,1.50
2013.10.28 05:14:24.904,0.93776,0.93788,3.38,1.13
2013.10.28 05:14:28.468,0.93776,0.93787,2.63,1.50
2013.10.28 05:14:29.132,0.93776,0.93787,2.63,1.88
2013.10.28 05:14:30.338,0.93776,0.93787,2.63,1.88
2013.10.28 05:14:30.698,0.93775,0.93783,1.50,1.50
2013.10.28 05:14:31.248,0.93774,0.93781,1.50,1.13
2013.10.28 05:14:32.158,0.93771,0.93781,3.38,1.13
2013.10.28 05:14:34.038,0.93771,0.93781,3.38,1.13
2013.10.28 05:14:36.354,0.93771,0.9378,3.00,1.13
2013.10.28 05:14:41.208,0.93771,0.9378,3.00,1.13
2013.10.28 05:14:41.910,0.93771,0.9378,2.25,1.13
2013.10.28 05:14:46.808,0.93773,0.93779,1.50,1.13
2013.10.28 05:14:49.648,0.93773,0.93782,1.50,1.50
2013.10.28 05:14:52.730,0.93771,0.93779,1.50,1.13
2013.10.28 05:14:52.849,0.93769,0.93776,1.50,1.13
2013.10.28 05:14:53.359,0.93768,0.93775,1.50,1.13
2013.10.28 05:14:53.910,0.93767,0.93775,1.50,1.13
2013.10.28 05:14:54.299,0.93765,0.93775,1.13,1.13
2013.10.28 05:14:54.888,0.93764,0.93775,3.00,1.50
2013.10.28 05:14:56.019,0.93762,0.93772,3.00,1.13
2013.10.28 05:14:56.198,0.93762,0.93772,1.50,1.13
2013.10.28 05:14:56.719,0.93762,0.93772,1.50,1.13
2013.10.28 05:14:57.229,0.93762,0.93772,2.63,1.13
2013.10.28 05:14:59.116,0.93761,0.9377,1.50,1.88
2013.10.28 05:14:59.191,0.9376,0.93765,1.13,1.13
2013.10.28 05:14:59.260,0.93758,0.93764,3.00,1.13
2013.10.28 05:14:59.804,0.93756,0.93765,2.25,1.50
2013.10.28 05:14:59.870,0.93754,0.93765,1.88,2.25
2013.10.28 05:15:00.390,0.93755,0.93765,1.13,2.25
2013.10.28 05:15:00.509,0.93755,0.93763,1.13,1.13
2013.10.28 05:15:01.043,0.93754,0.93762,1.13,1.50
2013.10.28 05:15:03.469,0.93754,0.93764,1.13,1.88
2013.10.28 05:15:03.770,0.93754,0.93765,1.88,1.50
2013.10.28 05:15:04.640,0.93754,0.93763,1.88,1.13
2013.10.28 05:15:04.760,0.93754,0.93763,1.88,1.13
2013.10.28 05:15:05.957,0.93754,0.93764,1.13,1.50
2013.10.28 05:15:06.318,0.93754,0.93764,1.13,2.25
2013.10.28 05:15:06.498,0.9375,0.93761,2.25,1.13
2013.10.28 05:15:06.620,0.93751,0.93762,1.13,2.25
2013.10.28 05:15:06.979,0.93754,0.93762,1.50,1.50
2013.10.28 05:15:07.099,0.93751,0.93761,1.13,1.13
2013.10.28 05:15:07.749,0.9375,0.93761,3.00,1.13
2013.10.28 05:15:10.868,0.93749,0.9376,1.88,1.88
2013.10.28 05:15:10.930,0.93749,0.93759,1.88,1.13
2013.10.28 05:15:13.110,0.93749,0.93759,1.88,1.88
2013.10.28 05:15:13.489,0.93751,0.93761,1.13,2.63
2013.10.28 05:15:16.349,0.9375,0.9376,1.13,1.13
2013.10.28 05:15:16.468,0.93748,0.9376,1.13,2.25
2013.10.28 05:15:17.319,0.93747,0.93757,1.13,1.13
2013.10.28 05:15:17.938,0.93747,0.93757,1.50,1.13
2013.10.28 05:15:18.119,0.93751,0.93761,1.13,1.13
2013.10.28 05:15:18.299,0.9375,0.93761,1.88,1.88
2013.10.28 05:15:19.063,0.9375,0.93761,1.88,2.25
2013.10.28 05:15:19.279,0.93751,0.93761,1.13,1.13
2013.10.28 05:15:19.339,0.93751,0.93762,1.88,1.13
2013.10.28 05:15:20.148,0.93752,0.93763,1.13,3.00
2013.10.28 05:15:20.698,0.93755,0.93764,1.13,1.88
2013.10.28 05:15:21.299,0.93752,0.93764,1.13,3.00
2013.10.28 05:15:23.559,0.93752,0.93764,1.13,3.00
2013.10.28 05:15:25.089,0.93752,0.93764,1.13,3.00
2013.10.28 05:15:28.278,0.93752,0.93762,1.13,1.13
2013.10.28 05:15:29.950,0.93751,0.93762,1.13,1.13
2013.10.28 05:15:30.481,0.93751,0.93761,1.13,1.13
2013.10.28 05:15:31.069,0.9375,0.93761,3.38,1.13
2013.10.28 05:15:31.619,0.9375,0.9376,1.50,1.50
2013.10.28 05:15:33.248,0.9375,0.9376,1.13,1.13
2013.10.28 05:15:33.609,0.93755,0.93766,1.13,2.25
2013.10.28 05:15:33.668,0.93755,0.93766,1.13,2.25
2013.10.28 05:15:34.028,0.93755,0.93765,1.13,1.13
2013.10.28 05:15:36.199,0.93754,0.93766,2.25,3.00
2013.10.28 05:15:36.560,0.93758,0.93768,1.50,3.00
2013.10.28 05:15:37.108,0.93757,0.93769,3.00,1.13
2013.10.28 05:15:38.269,0.9376,0.9377,1.13,1.88
2013.10.28 05:15:38.854,0.9376,0.9377,2.25,1.13
2013.10.28 05:15:40.320,0.9376,0.9377,2.25,1.13
2013.10.28 05:15:40.623,0.93763,0.93774,2.25,1.50
2013.10.28 05:15:40.691,0.93766,0.93775,1.13,1.50
2013.10.28 05:15:41.249,0.93764,0.93775,1.50,1.13
2013.10.28 05:15:43.739,0.93766,0.93775,2.25,1.50
2013.10.28 05:15:44.159,0.93766,0.93776,1.88,1.50
2013.10.28 05:15:44.569,0.93766,0.93776,1.88,1.50
2013.10.28 05:15:58.888,0.93766,0.93775,1.50,1.50
2013.10.28 05:15:58.948,0.93766,0.93775,1.50,1.50
2013.10.28 05:15:59.249,0.93764,0.93772,1.13,1.88
2013.10.28 05:16:00.659,0.93764,0.93772,2.25,1.88
2013.10.28 05:16:02.199,0.93765,0.93772,1.13,1.13
2013.10.28 05:16:08.588,0.93764,0.93772,1.13,1.13
2013.10.28 05:16:08.709,0.93764,0.93773,1.13,1.88
2013.10.28 05:16:08.768,0.93764,0.93773,1.13,1.13
2013.10.28 05:16:09.489,0.93761,0.93767,2.25,1.13
2013.10.28 05:16:09.549,0.93761,0.93767,1.13,1.13
2013.10.28 05:16:09.848,0.93761,0.93766,1.50,1.13
2013.10.28 05:16:09.974,0.93761,0.93767,1.13,1.13
2013.10.28 05:16:10.544,0.93761,0.93767,1.13,1.13
2013.10.28 05:16:14.448,0.93757,0.93765,1.50,1.13
2013.10.28 05:16:18.249,0.93758,0.93767,1.13,1.50
2013.10.28 05:16:18.791,0.93757,0.93766,1.50,1.50
2013.10.28 05:16:20.299,0.93756,0.93766,1.50,1.88
2013.10.28 05:16:20.761,0.93758,0.93768,1.50,1.50
2013.10.28 05:16:21.479,0.93758,0.9377,1.50,2.25
2013.10.28 05:16:22.020,0.93758,0.93769,1.50,1.50
2013.10.28 05:16:23.881,0.93756,0.93768,3.00,1.50
2013.10.28 05:16:26.098,0.93757,0.93768,1.13,1.88
2013.10.28 05:16:26.459,0.93755,0.93764,1.50,1.88
2013.10.28 05:16:26.819,0.93756,0.93767,1.50,2.25
2013.10.28 05:16:29.457,0.93756,0.93768,1.88,3.00
2013.10.28 05:16:29.641,0.9376,0.93767,1.13,1.13
2013.10.28 05:16:29.700,0.9376,0.93766,1.13,1.50
2013.10.28 05:16:29.759,0.93759,0.93766,2.25,1.13
2013.10.28 05:16:29.819,0.9376,0.93768,1.13,4.88
2013.10.28 05:16:41.459,0.93763,0.93771,1.13,1.13
2013.10.28 05:16:45.899,0.93762,0.93772,3.00,2.25
2013.10.28 05:16:46.140,0.9376,0.93766,1.50,1.50
2013.10.28 05:16:46.500,0.93758,0.93765,1.13,2.25
2013.10.28 05:16:46.680,0.93758,0.93765,1.13,2.25
2013.10.28 05:16:46.919,0.93754,0.93762,1.13,1.50
2013.10.28 05:16:48.029,0.93752,0.93758,3.00,1.13
2013.10.28 05:16:48.089,0.93752,0.93758,3.00,1.13
2013.10.28 05:16:48.209,0.93753,0.93758,1.50,1.88
2013.10.28 05:16:48.751,0.93748,0.93757,1.13,1.50
2013.10.28 05:16:48.989,0.93748,0.93753,1.13,1.50
2013.10.28 05:16:49.590,0.93746,0.93756,1.50,1.50
2013.10.28 05:16:52.158,0.93743,0.93756,3.75,2.25
2013.10.28 05:16:52.819,0.93743,0.93755,3.75,1.50
2013.10.28 05:16:53.362,0.93743,0.93755,3.75,2.25
2013.10.28 05:16:53.908,0.93743,0.93755,3.75,1.50
2013.10.28 05:16:55.219,0.93743,0.93755,3.00,1.50
2013.10.28 05:16:58.978,0.93746,0.93756,1.50,2.25
2013.10.28 05:17:00.490,0.93746,0.93756,1.50,1.50
2013.10.28 05:17:01.009,0.93746,0.93757,1.50,1.50
2013.10.28 05:17:01.369,0.9375,0.9376,1.50,1.50
2013.10.28 05:17:02.101,0.93749,0.9376,1.13,1.50
2013.10.28 05:17:03.319,0.9375,0.9376,1.50,1.88
2013.10.28 05:17:04.259,0.93746,0.93759,2.25,1.50
2013.10.28 05:17:05.029,0.93749,0.93759,1.13,1.50
2013.10.28 05:17:09.009,0.93747,0.9376,1.50,1.88
2013.10.28 05:17:09.131,0.93747,0.93758,1.50,1.50
2013.10.28 05:17:09.557,0.93744,0.93755,1.13,1.50
2013.10.28 05:17:11.418,0.93743,0.93753,1.16,1.50
2013.10.28 05:17:11.568,0.93744,0.93753,1.16,1.50
2013.10.28 05:17:11.628,0.93743,0.93753,1.16,1.50
2013.10.28 05:17:11.968,0.93742,0.93754,1.50,1.50
2013.10.28 05:17:12.488,0.93742,0.93754,1.50,1.50
2013.10.28 05:17:14.049,0.93743,0.93754,1.50,1.88
2013.10.28 05:17:14.968,0.93743,0.93754,1.50,1.88
2013.10.28 05:17:15.521,0.93743,0.93754,1.50,1.88
2013.10.28 05:17:16.588,0.93743,0.93753,1.13,1.50
2013.10.28 05:17:17.763,0.93743,0.93753,1.50,1.50
2013.10.28 05:17:18.319,0.93743,0.93755,1.50,2.25
2013.10.28 05:17:18.859,0.93749,0.93756,1.13,1.50
2013.10.28 05:17:18.920,0.93748,0.93758,1.50,1.88
2013.10.28 05:17:18.979,0.93749,0.93758,1.88,1.13
2013.10.28 05:17:19.550,0.93749,0.93759,2.25,1.88
2013.10.28 05:17:20.089,0.93749,0.93758,1.13,3.00
2013.10.28 05:17:22.349,0.93749,0.93758,2.25,2.25
2013.10.28 05:17:22.529,0.93749,0.93759,2.25,1.50
2013.10.28 05:17:22.788,0.93752,0.93762,1.13,1.88
2013.10.28 05:17:23.399,0.93752,0.93762,1.13,1.88
2013.10.28 05:17:23.911,0.93752,0.93762,1.13,1.88
2013.10.28 05:17:25.169,0.93752,0.93763,1.88,1.13
2013.10.28 05:17:27.600,0.93754,0.93765,1.50,1.88
2013.10.28 05:17:27.659,0.93754,0.93765,1.50,1.13
2013.10.28 05:17:27.779,0.93757,0.93766,1.13,1.13
2013.10.28 05:17:28.144,0.9376,0.93769,1.13,1.13
2013.10.28 05:17:32.059,0.93759,0.93767,1.13,1.50
2013.10.28 05:17:32.120,0.93759,0.93767,1.13,1.50
2013.10.28 05:17:32.239,0.93755,0.93766,2.63,1.13
2013.10.28 05:17:32.599,0.93753,0.93762,3.00,1.13
2013.10.28 05:17:33.159,0.93753,0.93762,2.25,2.63
2013.10.28 05:17:34.309,0.93751,0.93763,3.00,2.25
2013.10.28 05:17:34.669,0.93759,0.9377,1.13,1.50
2013.10.28 05:17:34.851,0.93762,0.93771,1.50,4.13
2013.10.28 05:17:35.389,0.93764,0.9377,1.50,3.00
2013.10.28 05:17:35.889,0.93764,0.93772,1.13,1.50
2013.10.28 05:17:36.859,0.93764,0.93773,1.50,1.50
2013.10.28 05:17:37.390,0.93768,0.93775,1.13,2.25
2013.10.28 05:17:37.749,0.93772,0.93777,1.13,1.13
2013.10.28 05:17:38.049,0.93769,0.93778,1.13,1.50
2013.10.28 05:17:38.289,0.93767,0.93776,1.13,1.88
2013.10.28 05:17:38.530,0.93765,0.93776,1.13,2.25
2013.10.28 05:17:40.598,0.93765,0.93775,1.13,1.50
2013.10.28 05:17:41.219,0.93765,0.93776,1.50,1.50
2013.10.28 05:17:41.939,0.93765,0.93776,1.50,1.50
2013.10.28 05:17:42.864,0.93765,0.93772,1.13,1.50
2013.10.28 05:17:44.320,0.9376,0.93772,1.13,2.25
2013.10.28 05:17:45.029,0.9376,0.93771,1.13,2.25
2013.10.28 05:17:48.318,0.93759,0.93771,2.25,2.25
2013.10.28 05:17:48.379,0.93759,0.93771,2.25,2.25
2013.10.28 05:17:48.899,0.93759,0.93771,1.50,2.25
2013.10.28 05:17:49.463,0.93759,0.93769,1.13,1.13
2013.10.28 05:17:50.240,0.93759,0.93769,1.13,1.88
2013.10.28 05:18:21.860,0.93758,0.9377,1.13,1.13
2013.10.28 05:18:23.100,0.93758,0.93769,1.50,1.13
2013.10.28 05:18:26.959,0.93757,0.93769,1.50,1.13
2013.10.28 05:18:27.361,0.93757,0.93768,1.13,1.88
2013.10.28 05:18:32.239,0.93756,0.93767,2.25,1.13
2013.10.28 05:18:32.419,0.93755,0.93767,2.25,1.13
2013.10.28 05:18:32.539,0.93755,0.93767,2.25,1.13
2013.10.28 05:18:32.899,0.93753,0.9376,2.63,1.13
2013.10.28 05:18:33.080,0.93753,0.9376,1.88,1.13
2013.10.28 05:18:34.629,0.93751,0.9376,1.13,1.88
2013.10.28 05:18:36.329,0.93749,0.9376,2.25,1.88
2013.10.28 05:18:37.064,0.93749,0.9376,1.88,1.88
2013.10.28 05:18:38.279,0.93749,0.9376,1.50,1.88
2013.10.28 05:18:40.249,0.93749,0.93759,1.50,1.13
2013.10.28 05:18:40.571,0.93748,0.93757,1.50,1.13
2013.10.28 05:18:40.689,0.93746,0.93757,1.13,1.13
2013.10.28 05:18:43.869,0.93746,0.93759,1.88,1.50
2013.10.28 05:18:46.040,0.93747,0.9376,1.88,2.25
2013.10.28 05:18:47.571,0.93747,0.9376,1.50,2.25
2013.10.28 05:18:48.112,0.93746,0.93759,1.50,1.88
2013.10.28 05:18:48.688,0.93746,0.93758,1.50,1.50
2013.10.28 05:18:50.480,0.93746,0.93759,1.88,1.50
2013.10.28 05:18:50.989,0.93748,0.9376,1.13,2.63
2013.10.28 05:18:51.300,0.93749,0.93761,2.63,1.13
2013.10.28 05:18:51.359,0.93749,0.9376,2.63,1.13
2013.10.28 05:18:55.459,0.93753,0.93764,1.50,1.50
2013.10.28 05:18:55.519,0.93755,0.93765,1.88,2.25
2013.10.28 05:18:55.579,0.93759,0.93767,1.13,3.00
2013.10.28 05:18:55.700,0.93756,0.93763,1.13,1.13
2013.10.28 05:18:55.760,0.93756,0.93764,1.50,1.13
2013.10.28 05:18:56.119,0.93756,0.93766,2.63,3.00
2013.10.28 05:18:56.180,0.93756,0.93765,2.25,1.13
2013.10.28 05:18:57.852,0.93753,0.93766,1.50,2.25
2013.10.28 05:18:59.259,0.93756,0.93766,1.50,1.13
2013.10.28 05:18:59.689,0.93759,0.93767,1.50,1.50
2013.10.28 05:18:59.749,0.93759,0.93768,2.25,1.88
2013.10.28 05:19:00.108,0.93762,0.93771,1.13,1.88
2013.10.28 05:19:00.729,0.93761,0.93771,1.50,2.63
2013.10.28 05:19:00.909,0.93759,0.93771,2.25,3.38
2013.10.28 05:19:01.450,0.93759,0.93771,1.50,3.38
2013.10.28 05:19:01.612,0.93759,0.93771,1.88,3.38
2013.10.28 05:19:01.919,0.93762,0.93771,1.13,2.63
2013.10.28 05:19:02.460,0.93763,0.93771,1.13,2.63
2013.10.28 05:19:02.981,0.93763,0.93771,1.13,1.88
2013.10.28 05:19:04.599,0.93763,0.93771,1.13,1.88
2013.10.28 05:19:05.761,0.93763,0.93771,1.13,1.88
2013.10.28 05:19:08.192,0.93763,0.93771,1.13,1.88
2013.10.28 05:19:16.419,0.93762,0.93771,1.88,1.88
2013.10.28 05:19:17.819,0.93762,0.93772,2.63,1.50
2013.10.28 05:19:17.879,0.93762,0.93773,2.63,1.50
2013.10.28 05:19:18.119,0.93766,0.93776,1.13,2.25
2013.10.28 05:19:18.360,0.93768,0.93778,1.50,2.25
2013.10.28 05:19:18.719,0.93769,0.9378,2.63,1.50
2013.10.28 05:19:19.619,0.9377,0.9378,1.13,1.88
2013.10.28 05:19:20.198,0.9377,0.93781,2.63,1.13
2013.10.28 05:19:20.510,0.93775,0.93785,1.88,3.00
2013.10.28 05:19:27.335,0.93775,0.93786,1.50,1.50
2013.10.28 05:19:30.260,0.93775,0.93786,1.50,1.88
2013.10.28 05:19:30.850,0.93775,0.93786,1.50,1.88
2013.10.28 05:19:32.440,0.93774,0.93785,1.50,1.13
2013.10.28 05:19:32.799,0.93771,0.9378,1.50,1.13
2013.10.28 05:19:33.099,0.93769,0.9378,3.38,1.13
2013.10.28 05:19:36.199,0.93771,0.9378,1.50,1.13
2013.10.28 05:19:36.259,0.93772,0.93782,1.88,2.25
2013.10.28 05:19:36.770,0.93772,0.93783,1.88,3.00
2013.10.28 05:19:38.002,0.93772,0.93783,1.88,2.25
2013.10.28 05:19:41.199,0.93774,0.93783,1.13,1.50
2013.10.28 05:19:44.319,0.93774,0.93783,1.13,1.50
2013.10.28 05:19:44.440,0.93776,0.93786,1.13,2.25
2013.10.28 05:19:44.973,0.93776,0.93786,1.13,2.25
2013.10.28 05:19:45.489,0.93776,0.93786,1.13,2.25
2013.10.28 05:19:48.450,0.93776,0.93786,1.13,1.50
2013.10.28 05:19:51.861,0.93779,0.93788,1.13,3.00
2013.10.28 05:19:52.221,0.93775,0.93785,1.13,1.50
2013.10.28 05:19:52.339,0.93774,0.93784,1.13,1.13
2013.10.28 05:19:56.049,0.93773,0.93783,1.13,1.13
2013.10.28 05:19:56.349,0.93768,0.93781,3.75,1.88
2013.10.28 05:19:56.470,0.93768,0.9378,3.00,1.13
2013.10.28 05:19:56.530,0.93768,0.93779,2.25,1.13
2013.10.28 05:19:56.770,0.93768,0.93777,1.13,1.50
2013.10.28 05:19:57.009,0.93763,0.93775,1.13,1.88
2013.10.28 05:19:57.550,0.93762,0.93775,1.50,1.88
2013.10.28 05:19:59.591,0.93762,0.93775,1.50,3.38
2013.10.28 05:20:00.730,0.93761,0.93773,1.13,3.75
2013.10.28 05:20:01.880,0.93763,0.93773,1.13,2.25
2013.10.28 05:20:02.590,0.93763,0.93773,1.13,1.50
2013.10.28 05:20:02.979,0.93761,0.93772,1.88,1.13
2013.10.28 05:20:03.260,0.93761,0.93773,2.63,1.50
2013.10.28 05:20:08.210,0.93765,0.93775,1.50,1.13
2013.10.28 05:20:08.269,0.93766,0.93776,1.13,3.38
2013.10.28 05:20:08.450,0.93767,0.93776,1.50,2.63
2013.10.28 05:20:08.959,0.93767,0.93777,1.50,1.13
2013.10.28 05:20:10.011,0.93768,0.93777,1.13,1.13
2013.10.28 05:20:10.512,0.93767,0.93777,1.50,1.13
2013.10.28 05:20:17.791,0.93766,0.93776,1.88,1.13
2013.10.28 05:20:18.100,0.93765,0.93775,1.13,1.13
2013.10.28 05:20:18.399,0.93763,0.93772,2.25,1.13
2013.10.28 05:20:19.649,0.93763,0.93772,1.50,1.50
2013.10.28 05:20:20.470,0.93763,0.93772,1.50,1.50
2013.10.28 05:20:22.090,0.93763,0.93772,1.88,1.88
2013.10.28 05:20:22.449,0.93755,0.93766,1.50,1.50
2013.10.28 05:20:29.489,0.93756,0.93766,1.13,1.13
2013.10.28 05:20:29.549,0.93756,0.93768,1.13,4.13
2013.10.28 05:20:29.669,0.93756,0.93768,2.63,2.63
2013.10.28 05:20:30.231,0.93756,0.93768,2.63,2.25
2013.10.28 05:20:34.619,0.93755,0.93767,1.88,3.00
2013.10.28 05:20:35.149,0.93755,0.93766,1.13,1.50
2013.10.28 05:20:39.340,0.93755,0.93766,2.25,1.50
2013.10.28 05:20:39.461,0.93758,0.93768,1.50,1.50
2013.10.28 05:20:39.519,0.93758,0.9377,1.50,3.75
2013.10.28 05:20:39.760,0.93759,0.9377,1.13,2.25
2013.10.28 05:20:41.060,0.93759,0.9377,1.13,1.50
2013.10.28 05:20:41.569,0.9376,0.9377,1.13,1.50
2013.10.28 05:20:43.710,0.93757,0.93762,1.50,1.13
2013.10.28 05:20:43.831,0.93756,0.93762,1.88,1.13
2013.10.28 05:20:43.890,0.93756,0.93762,1.13,1.13
2013.10.28 05:20:44.189,0.93754,0.93762,2.25,1.88
2013.10.28 05:20:44.489,0.93754,0.93762,1.13,1.88
2013.10.28 05:20:45.030,0.93754,0.93763,2.63,1.50
2013.10.28 05:20:45.450,0.93756,0.93766,1.50,1.50
2013.10.28 05:20:49.449,0.93759,0.93766,1.13,1.50
2013.10.28 05:20:49.629,0.93759,0.93767,1.13,2.25
2013.10.28 05:20:50.169,0.93759,0.93768,1.13,1.50
2013.10.28 05:20:51.152,0.93759,0.93768,1.13,1.50
2013.10.28 05:20:51.683,0.93759,0.93767,1.13,1.50
2013.10.28 05:20:55.867,0.93759,0.93768,1.13,2.25
2013.10.28 05:20:56.383,0.93759,0.93768,1.13,2.25
2013.10.28 05:20:58.999,0.93759,0.93768,1.13,2.25
2013.10.28 05:20:59.731,0.93758,0.93768,1.13,2.63
2013.10.28 05:21:03.229,0.93758,0.93768,1.88,1.88
2013.10.28 05:21:04.930,0.93758,0.93768,1.88,1.88
2013.10.28 05:21:11.590,0.93758,0.93768,1.88,1.13
2013.10.28 05:21:11.972,0.93758,0.93768,1.13,1.13
2013.10.28 05:21:13.672,0.93759,0.93768,1.13,1.13
2013.10.28 05:21:13.790,0.93759,0.9377,1.50,2.63
2013.10.28 05:21:14.330,0.93761,0.93771,1.88,1.88
2013.10.28 05:21:14.509,0.93762,0.93773,1.50,1.50
2013.10.28 05:21:14.569,0.93764,0.93773,1.13,1.13
2013.10.28 05:21:16.729,0.93763,0.93771,1.13,1.13
2013.10.28 05:21:17.006,0.93761,0.93771,1.50,1.50
2013.10.28 05:21:17.077,0.93758,0.93769,1.13,1.88
2013.10.28 05:21:28.559,0.93759,0.93768,1.13,1.50
2013.10.28 05:21:29.260,0.93759,0.93768,1.13,1.50
2013.10.28 05:21:33.529,0.93759,0.93768,1.88,1.50
2013.10.28 05:21:33.590,0.9376,0.93768,1.13,1.50
2013.10.28 05:21:33.892,0.93769,0.93774,1.13,1.35
2013.10.28 05:21:33.959,0.93768,0.93775,1.13,2.25
2013.10.28 05:21:34.079,0.93769,0.93778,1.13,1.13
2013.10.28 05:21:37.019,0.93768,0.93779,1.50,1.13
2013.10.28 05:21:38.914,0.93766,0.93778,1.88,1.88
2013.10.28 05:21:48.390,0.93765,0.93775,1.50,1.13
2013.10.28 05:21:48.749,0.93762,0.9377,1.13,1.13
2013.10.28 05:21:51.309,0.93761,0.9377,1.50,1.13
2013.10.28 05:21:52.619,0.93762,0.93769,1.88,1.13
2013.10.28 05:21:53.200,0.93759,0.93769,2.25,1.13
2013.10.28 05:21:54.060,0.93761,0.9377,1.50,1.50
2013.10.28 05:21:54.119,0.93764,0.93771,1.13,1.50
2013.10.28 05:21:54.180,0.93764,0.93774,1.13,3.75
2013.10.28 05:21:54.239,0.93764,0.93774,1.13,1.50
2013.10.28 05:21:54.479,0.93766,0.93776,1.13,1.50
2013.10.28 05:21:57.129,0.93768,0.93778,1.50,1.13
2013.10.28 05:22:09.596,0.93766,0.93778,1.88,1.88
2013.10.28 05:22:10.099,0.93766,0.93778,1.88,1.88
2013.10.28 05:22:10.220,0.93769,0.93778,1.13,1.13
2013.10.28 05:22:10.759,0.93768,0.9378,1.50,2.63
2013.10.28 05:22:12.519,0.93768,0.93778,1.50,1.13
2013.10.28 05:22:17.230,0.93767,0.93778,2.63,1.13
2013.10.28 05:22:22.630,0.93768,0.9378,1.13,2.63
2013.10.28 05:22:22.751,0.93768,0.9378,3.00,1.88
2013.10.28 05:22:23.969,0.9377,0.9378,1.50,1.50
2013.10.28 05:22:26.159,0.93771,0.93781,3.38,1.13
2013.10.28 05:22:26.279,0.93773,0.93783,1.13,3.00
2013.10.28 05:22:26.520,0.93773,0.93784,1.13,3.00
2013.10.28 05:22:40.571,0.93773,0.93784,1.13,1.50
2013.10.28 05:22:42.129,0.93772,0.93782,2.63,1.13
2013.10.28 05:22:50.841,0.93772,0.93782,2.63,1.88
2013.10.28 05:22:52.449,0.93772,0.93782,3.38,1.13
2013.10.28 05:22:54.569,0.93774,0.93784,1.13,1.88
2013.10.28 05:23:10.320,0.93773,0.93783,2.63,1.88
2013.10.28 05:23:18.099,0.93773,0.93782,2.25,1.13
2013.10.28 05:23:21.701,0.93773,0.93781,1.50,1.13
2013.10.28 05:23:22.062,0.93771,0.93778,1.13,1.13
2013.10.28 05:23:22.768,0.9377,0.93778,1.50,1.13
2013.10.28 05:23:26.671,0.93769,0.93778,1.88,1.88
2013.10.28 05:23:27.071,0.93768,0.93778,3.00,1.88
2013.10.28 05:23:27.743,0.93768,0.93778,3.38,1.13
2013.10.28 05:23:32.069,0.93768,0.93778,4.13,1.13
2013.10.28 05:23:32.663,0.93768,0.93778,4.50,1.13
2013.10.28 05:23:32.929,0.93768,0.93778,3.75,1.13
2013.10.28 05:23:33.472,0.93768,0.93777,3.38,1.13
2013.10.28 05:23:34.009,0.93769,0.93777,1.13,1.13
2013.10.28 05:23:38.579,0.93769,0.93776,1.13,1.13
2013.10.28 05:23:38.939,0.93764,0.93773,1.50,1.13
2013.10.28 05:23:39.481,0.93765,0.93772,1.50,1.13
2013.10.28 05:23:40.439,0.93763,0.93772,1.13,1.13
2013.10.28 05:23:41.620,0.93763,0.93772,1.13,1.13
2013.10.28 05:23:41.981,0.93761,0.93766,1.50,1.13
2013.10.28 05:23:42.339,0.93759,0.93764,2.48,2.25
2013.10.28 05:23:43.242,0.93757,0.93763,1.50,1.50
2013.10.28 05:23:43.442,0.93758,0.93764,1.50,2.25
2013.10.28 05:23:44.070,0.93758,0.93764,1.50,1.50
2013.10.28 05:23:44.250,0.93749,0.93763,2.63,1.50
2013.10.28 05:23:45.360,0.93749,0.93761,2.25,1.13
2013.10.28 05:23:45.580,0.93749,0.93761,2.25,1.50
2013.10.28 05:23:47.223,0.93749,0.93761,3.38,1.50
2013.10.28 05:23:51.229,0.9375,0.93761,1.50,1.13
2013.10.28 05:23:53.979,0.9375,0.93761,1.88,1.88
2013.10.28 05:23:54.560,0.9375,0.93761,1.50,1.88
2013.10.28 05:23:56.499,0.9375,0.93759,1.50,1.13
2013.10.28 05:23:57.019,0.93748,0.93754,1.50,1.13
2013.10.28 05:23:57.381,0.93743,0.93754,2.63,1.13
2013.10.28 05:23:58.130,0.93743,0.93753,2.63,1.13
2013.10.28 05:24:01.459,0.93743,0.93754,3.00,1.13
2013.10.28 05:24:03.169,0.93743,0.93754,3.00,1.13
2013.10.28 05:24:03.709,0.93746,0.93755,1.13,1.13
2013.10.28 05:24:03.890,0.93747,0.93757,1.13,1.50
2013.10.28 05:24:04.211,0.93749,0.93758,1.50,2.25
2013.10.28 05:24:04.512,0.93751,0.93759,1.50,1.13
2013.10.28 05:24:07.089,0.93752,0.93761,1.50,2.63
2013.10.28 05:24:09.769,0.93751,0.93761,1.50,1.88
2013.10.28 05:24:10.760,0.93753,0.93761,1.13,2.25
2013.10.28 05:24:10.879,0.93751,0.93761,3.38,1.13
2013.10.28 05:24:11.387,0.93751,0.93761,3.38,1.13
2013.10.28 05:24:24.869,0.93753,0.93763,1.50,1.88
2013.10.28 05:24:25.050,0.93751,0.93761,1.13,1.13
2013.10.28 05:24:26.090,0.93749,0.9376,1.13,2.25
2013.10.28 05:24:26.509,0.93748,0.93758,1.13,3.00
2013.10.28 05:24:27.040,0.93746,0.93757,1.50,1.88
2013.10.28 05:24:27.251,0.93746,0.93757,1.13,2.25
2013.10.28 05:24:27.380,0.93746,0.93757,1.50,2.63
2013.10.28 05:24:27.739,0.93745,0.93751,1.88,1.13
2013.10.28 05:24:28.416,0.93744,0.93751,1.13,1.13
2013.10.28 05:24:28.600,0.93742,0.93751,1.50,1.13
2013.10.28 05:24:28.721,0.9374,0.93749,1.50,1.13
2013.10.28 05:24:29.650,0.9374,0.93749,1.50,1.13
2013.10.28 05:24:29.711,0.93741,0.93751,1.13,1.13
2013.10.28 05:24:29.950,0.93742,0.93754,1.88,2.25
2013.10.28 05:24:30.609,0.93743,0.93754,1.13,1.88
2013.10.28 05:24:37.360,0.93743,0.93753,1.13,1.50
2013.10.28 05:24:39.241,0.93742,0.93753,2.63,1.50
2013.10.28 05:24:41.610,0.93743,0.93756,1.88,1.50
2013.10.28 05:24:41.670,0.93744,0.93757,2.63,2.25
2013.10.28 05:24:42.030,0.93746,0.93756,1.13,1.13
2013.10.28 05:24:45.360,0.93746,0.93758,3.00,1.50
2013.10.28 05:24:46.719,0.93749,0.93758,1.50,1.13
2013.10.28 05:24:46.959,0.9375,0.93758,1.13,1.13
2013.10.28 05:24:47.849,0.93749,0.93758,2.25,1.13
2013.10.28 05:24:48.739,0.9375,0.93758,1.13,1.13
2013.10.28 05:24:49.257,0.9375,0.93758,1.13,1.13
2013.10.28 05:24:50.250,0.93749,0.93758,1.13,1.88
2013.10.28 05:24:50.610,0.93747,0.93756,1.13,1.13
2013.10.28 05:24:51.299,0.93746,0.93756,1.13,1.13
2013.10.28 05:24:52.149,0.93745,0.93756,1.88,1.13
2013.10.28 05:25:13.960,0.93745,0.93756,1.50,1.50
2013.10.28 05:25:14.510,0.93744,0.93756,1.88,1.50
2013.10.28 05:25:17.250,0.93744,0.93755,1.13,2.25
2013.10.28 05:25:17.962,0.93744,0.93755,1.88,1.50
2013.10.28 05:25:19.769,0.93744,0.93755,1.88,1.88
2013.10.28 05:25:24.480,0.93744,0.93754,1.50,1.50
2013.10.28 05:25:24.723,0.93741,0.93753,1.88,1.50
2013.10.28 05:25:26.509,0.93741,0.93753,1.50,1.50
2013.10.28 05:25:27.010,0.9374,0.93751,1.50,1.50
2013.10.28 05:25:27.190,0.93739,0.93748,1.88,1.13
2013.10.28 05:25:27.250,0.93737,0.93747,3.00,1.50
2013.10.28 05:25:27.493,0.93736,0.93748,1.50,1.50
2013.10.28 05:25:27.920,0.93735,0.93746,3.00,1.50
2013.10.28 05:25:29.522,0.93734,0.93744,1.13,2.25
2013.10.28 05:25:30.920,0.93732,0.93742,3.38,1.13
2013.10.28 05:25:31.221,0.93728,0.93736,1.50,2.63
2013.10.28 05:25:31.641,0.93724,0.93733,1.50,1.50
2013.10.28 05:25:32.240,0.93724,0.93733,1.13,2.25
2013.10.28 05:25:32.600,0.93722,0.93733,3.00,1.50
2013.10.28 05:25:32.660,0.93723,0.93733,1.13,1.50
2013.10.28 05:25:32.899,0.93722,0.93733,2.25,1.50
2013.10.28 05:25:33.774,0.93722,0.93733,2.63,1.50
2013.10.28 05:25:35.922,0.93724,0.93735,1.50,2.25
2013.10.28 05:25:37.900,0.93726,0.93737,1.13,1.50
2013.10.28 05:25:38.080,0.93729,0.93739,1.13,1.88
2013.10.28 05:25:38.200,0.93731,0.93739,1.13,1.50
2013.10.28 05:25:38.259,0.93731,0.93741,1.88,3.38
2013.10.28 05:25:38.979,0.93732,0.93741,1.13,1.88
2013.10.28 05:25:40.392,0.93729,0.93741,3.00,1.50
2013.10.28 05:25:40.930,0.93732,0.93742,1.50,1.88
2013.10.28 05:25:41.820,0.93732,0.93741,1.50,1.50
2013.10.28 05:25:42.061,0.9373,0.9374,2.25,1.13
2013.10.28 05:25:42.321,0.93731,0.93742,1.50,3.00
2013.10.28 05:25:42.381,0.93731,0.93742,1.50,2.25
2013.10.28 05:25:42.930,0.93732,0.93742,1.13,2.25
2013.10.28 05:25:44.620,0.93729,0.93742,3.00,1.88
2013.10.28 05:25:45.680,0.93729,0.93741,3.00,1.50
2013.10.28 05:25:45.921,0.93729,0.93737,2.25,1.13
2013.10.28 05:25:46.040,0.93726,0.93737,1.50,1.50
2013.10.28 05:25:46.100,0.93726,0.93736,1.50,1.13
2013.10.28 05:25:46.460,0.93722,0.93733,1.50,1.13
2013.10.28 05:25:46.580,0.93722,0.93733,1.50,1.13
2013.10.28 05:25:47.020,0.93722,0.93732,2.25,1.13
2013.10.28 05:25:50.540,0.93722,0.93732,1.88,1.50
2013.10.28 05:25:50.670,0.93722,0.93732,1.88,1.50
2013.10.28 05:25:58.770,0.93721,0.93732,2.25,2.25
2013.10.28 05:25:59.309,0.93721,0.93733,2.25,2.25
2013.10.28 05:25:59.669,0.93721,0.93733,2.25,1.50
2013.10.28 05:26:00.540,0.93721,0.93732,2.25,1.50
2013.10.28 05:26:01.099,0.93721,0.93732,2.25,1.50
2013.10.28 05:26:01.340,0.93724,0.93735,1.50,2.25
2013.10.28 05:26:01.460,0.93724,0.93737,3.00,3.38
2013.10.28 05:26:02.001,0.93727,0.93737,1.50,1.88
2013.10.28 05:26:03.390,0.93728,0.93737,1.50,1.88
2013.10.28 05:26:06.901,0.93728,0.93737,1.50,1.13
2013.10.28 05:26:07.451,0.93728,0.93737,1.13,1.50
2013.10.28 05:26:08.562,0.93728,0.93737,1.13,1.13
2013.10.28 05:26:09.229,0.93727,0.93737,3.38,1.50
2013.10.28 05:26:10.321,0.93728,0.93737,1.13,1.13
2013.10.28 05:26:11.019,0.93727,0.93737,3.38,1.50
2013.10.28 05:26:11.812,0.93727,0.93737,1.13,1.50
2013.10.28 05:26:12.530,0.93727,0.93738,1.13,1.50
2013.10.28 05:26:13.162,0.93728,0.93738,1.13,1.50
2013.10.28 05:26:20.670,0.93727,0.93737,1.13,1.50
2013.10.28 05:26:20.810,0.93725,0.93733,1.50,1.13
2013.10.28 05:26:20.931,0.93721,0.93731,2.25,1.13
2013.10.28 05:26:21.290,0.9372,0.93728,1.13,1.13
2013.10.28 05:26:21.591,0.93715,0.93721,1.50,1.13
2013.10.28 05:26:21.710,0.93711,0.93722,2.25,1.88
2013.10.28 05:26:21.830,0.9371,0.93722,1.50,1.50
2013.10.28 05:26:22.902,0.9371,0.93722,1.50,1.50
2013.10.28 05:26:23.732,0.9371,0.93722,1.50,1.88
2013.10.28 05:26:23.790,0.9371,0.93722,1.50,2.25
2013.10.28 05:26:24.391,0.9371,0.9372,1.13,1.13
2013.10.28 05:26:24.450,0.9371,0.93722,1.88,1.88
2013.10.28 05:26:26.640,0.9371,0.93722,2.25,1.88
2013.10.28 05:26:31.500,0.9371,0.93722,1.13,2.63
2013.10.28 05:26:33.191,0.9371,0.9372,1.13,1.13
2013.10.28 05:26:33.371,0.93709,0.9372,1.50,1.13
2013.10.28 05:26:35.340,0.9371,0.93721,1.13,1.88
2013.10.28 05:26:35.579,0.93709,0.93722,1.13,2.63
2013.10.28 05:26:37.181,0.9371,0.93722,1.13,2.63
2013.10.28 05:26:37.683,0.9371,0.93722,1.50,2.63
2013.10.28 05:26:38.351,0.9371,0.93722,1.13,2.63
2013.10.28 05:26:39.161,0.9371,0.93722,1.13,2.63
2013.10.28 05:26:39.682,0.9371,0.93717,1.13,1.13
2013.10.28 05:26:39.800,0.93705,0.93717,2.25,1.88
2013.10.28 05:26:39.859,0.93705,0.93717,1.88,2.25
2013.10.28 05:26:41.309,0.93705,0.93715,1.88,1.13
2013.10.28 05:26:41.430,0.93706,0.93716,1.88,1.50
2013.10.28 05:26:41.790,0.93709,0.93718,1.13,1.88
2013.10.28 05:26:41.910,0.93709,0.93718,1.13,1.88
2013.10.28 05:26:42.531,0.93709,0.93718,1.13,1.88
2013.10.28 05:26:44.921,0.93709,0.93717,1.13,1.13
2013.10.28 05:26:45.280,0.93706,0.93713,2.25,1.50
2013.10.28 05:26:45.340,0.93703,0.93713,1.50,1.50
2013.10.28 05:26:45.642,0.93703,0.93712,1.13,1.88
2013.10.28 05:26:46.000,0.93701,0.9371,1.13,1.13
2013.10.28 05:26:49.450,0.93699,0.93708,1.13,1.13
2013.10.28 05:26:49.629,0.93698,0.93707,1.13,1.13
2013.10.28 05:26:49.932,0.93697,0.93708,2.25,1.13
2013.10.28 05:26:50.450,0.93697,0.93708,1.13,1.13
2013.10.28 05:26:50.689,0.93695,0.93705,1.50,1.13
2013.10.28 05:26:50.930,0.93695,0.93705,1.50,1.88
2013.10.28 05:26:51.254,0.93694,0.93705,1.50,1.88
2013.10.28 05:26:51.661,0.93695,0.93705,1.13,1.88
2013.10.28 05:26:52.483,0.93695,0.93705,1.50,1.88
2013.10.28 05:26:52.840,0.93695,0.93705,1.13,1.88
2013.10.28 05:26:54.671,0.93695,0.93704,1.13,1.13
2013.10.28 05:26:54.990,0.93695,0.93704,1.13,1.13
2013.10.28 05:27:00.340,0.93696,0.93705,1.13,1.13
2013.10.28 05:27:00.880,0.93696,0.93706,1.50,1.13
2013.10.28 05:27:01.120,0.93694,0.93706,2.25,2.25
2013.10.28 05:27:01.300,0.93694,0.93705,2.25,1.13
2013.10.28 05:27:02.951,0.93694,0.93706,3.75,1.50
2013.10.28 05:27:03.370,0.93693,0.93704,1.13,1.50
2013.10.28 05:27:03.610,0.93695,0.93705,1.13,1.13
2013.10.28 05:27:03.971,0.93696,0.93707,2.25,1.88
2013.10.28 05:27:04.032,0.93696,0.93707,3.00,1.13
2013.10.28 05:27:04.543,0.93698,0.93709,2.25,1.50
2013.10.28 05:27:05.570,0.93698,0.93709,2.25,1.50
2013.10.28 05:27:07.770,0.93698,0.93709,1.13,2.25
2013.10.28 05:27:14.281,0.93697,0.93706,2.25,1.88
2013.10.28 05:27:14.640,0.93697,0.93708,1.88,1.88
2013.10.28 05:27:14.700,0.93698,0.93708,1.50,1.50
2013.10.28 05:27:14.820,0.93699,0.93709,1.50,2.25
2013.10.28 05:27:15.180,0.937,0.9371,3.00,2.25
2013.10.28 05:27:15.510,0.93702,0.9371,1.13,2.25
2013.10.28 05:27:15.690,0.93703,0.9371,1.50,1.50
2013.10.28 05:27:16.380,0.93703,0.93709,2.25,1.50
2013.10.28 05:27:16.881,0.93703,0.9371,1.50,2.25
2013.10.28 05:27:17.000,0.93703,0.9371,2.25,3.00
2013.10.28 05:27:17.541,0.93703,0.93712,1.13,1.88
2013.10.28 05:27:17.905,0.93705,0.93711,1.13,1.13
2013.10.28 05:27:18.280,0.93704,0.93709,1.50,1.50
2013.10.28 05:27:18.991,0.93703,0.93709,2.25,1.50
2013.10.28 05:27:19.410,0.93703,0.9371,2.63,1.13
2013.10.28 05:27:20.321,0.93703,0.93712,1.13,1.50
2013.10.28 05:27:23.632,0.93702,0.93711,1.50,2.25
2013.10.28 05:27:23.752,0.93702,0.93711,1.50,1.50
2013.10.28 05:27:26.951,0.93702,0.93711,1.50,2.25
2013.10.28 05:27:27.010,0.93701,0.93709,2.25,1.13
2013.10.28 05:27:27.132,0.93701,0.93707,1.50,1.13
2013.10.28 05:27:27.191,0.93699,0.93705,2.25,1.13
2013.10.28 05:27:27.311,0.93695,0.93704,1.50,1.50
2013.10.28 05:27:27.430,0.93697,0.93706,1.88,1.50
2013.10.28 05:27:27.850,0.93698,0.93709,3.00,1.88
2013.10.28 05:27:28.090,0.93701,0.9371,1.50,1.88
2013.10.28 05:27:28.593,0.93701,0.9371,1.50,1.13
2013.10.28 05:27:29.550,0.93701,0.93712,1.50,1.50
2013.10.28 05:27:30.129,0.93702,0.93712,2.25,1.50
2013.10.28 05:27:58.430,0.93702,0.93712,2.63,1.50
2013.10.28 05:27:58.670,0.937,0.9371,3.38,1.50
2013.10.28 05:28:08.772,0.937,0.9371,2.25,2.25
2013.10.28 05:28:10.642,0.937,0.9371,2.25,2.25
2013.10.28 05:28:17.341,0.937,0.93708,1.88,1.13
2013.10.28 05:28:17.580,0.93699,0.93707,1.13,1.88
2013.10.28 05:28:20.980,0.93699,0.93708,1.50,1.13
2013.10.28 05:28:27.480,0.93699,0.93711,2.25,1.13
2013.10.28 05:28:28.252,0.937,0.93712,1.50,1.13
2013.10.28 05:28:28.653,0.937,0.93711,1.13,1.13
2013.10.28 05:28:29.575,0.937,0.93711,1.13,1.13
2013.10.28 05:28:32.679,0.937,0.93711,1.13,1.13
2013.10.28 05:28:33.100,0.93705,0.93713,1.13,1.13
2013.10.28 05:28:33.221,0.93705,0.93714,1.13,1.13
2013.10.28 05:28:33.281,0.93705,0.93713,1.88,1.13
2013.10.28 05:28:33.760,0.93709,0.93716,1.88,1.50
2013.10.28 05:28:34.361,0.9371,0.93716,1.50,1.13
2013.10.28 05:28:34.720,0.93714,0.93723,2.63,1.13
2013.10.28 05:28:34.961,0.93714,0.93721,1.88,1.20
2013.10.28 05:28:35.090,0.93715,0.93722,1.13,1.50
2013.10.28 05:28:35.392,0.93717,0.93723,1.50,1.20
2013.10.28 05:28:35.740,0.93715,0.93724,1.13,2.70
2013.10.28 05:28:35.980,0.93712,0.93722,1.50,1.13
2013.10.28 05:28:36.282,0.93711,0.93721,1.13,1.50
2013.10.28 05:28:36.520,0.93712,0.93722,1.13,1.13
2013.10.28 05:28:38.091,0.93714,0.9372,1.13,1.13
2013.10.28 05:28:39.321,0.93714,0.93722,1.88,1.13
2013.10.28 05:28:39.622,0.93714,0.93724,1.88,1.88
2013.10.28 05:28:40.722,0.93714,0.93724,1.88,1.88
2013.10.28 05:28:43.220,0.93712,0.9372,1.13,1.50
2013.10.28 05:28:43.340,0.93711,0.9372,1.13,1.50
2013.10.28 05:28:43.460,0.9371,0.93718,1.50,1.13
2013.10.28 05:28:43.641,0.93709,0.93716,1.50,1.13
2013.10.28 05:28:44.160,0.93708,0.93716,1.88,1.13
2013.10.28 05:28:46.312,0.93706,0.93716,1.50,1.88
2013.10.28 05:28:46.470,0.93705,0.93716,1.88,1.88
2013.10.28 05:28:46.770,0.93704,0.93715,2.25,2.63
2013.10.28 05:28:47.588,0.93704,0.93715,2.63,2.63
2013.10.28 05:28:48.099,0.93704,0.93715,1.50,2.63
2013.10.28 05:28:48.610,0.93704,0.93715,1.50,2.63
2013.10.28 05:28:51.661,0.93701,0.93711,1.50,1.13
2013.10.28 05:28:52.020,0.93698,0.93707,1.13,1.13
2013.10.28 05:28:52.080,0.93694,0.93707,2.25,1.88
2013.10.28 05:28:52.142,0.93694,0.93704,1.13,1.13
2013.10.28 05:28:52.690,0.93692,0.93704,1.50,1.88
2013.10.28 05:28:57.000,0.93691,0.93701,1.88,1.50
2013.10.28 05:28:57.550,0.9369,0.937,1.88,1.13
2013.10.28 05:29:00.253,0.93691,0.93702,1.88,2.25
2013.10.28 05:29:00.620,0.93691,0.93704,3.75,3.00
2013.10.28 05:29:05.131,0.93693,0.93704,1.13,1.50
2013.10.28 05:29:08.001,0.93695,0.93705,1.88,1.50
2013.10.28 05:29:08.061,0.93695,0.93703,1.13,1.50
2013.10.28 05:29:08.370,0.93695,0.93706,1.13,3.00
2013.10.28 05:29:08.610,0.93699,0.93709,1.13,1.13
2013.10.28 05:29:09.510,0.93698,0.93708,1.13,1.50
2013.10.28 05:29:10.081,0.93697,0.93707,1.13,1.50
2013.10.28 05:29:10.650,0.93697,0.93709,1.50,1.13
2013.10.28 05:29:10.710,0.93698,0.93709,1.88,1.13
2013.10.28 05:29:11.262,0.93699,0.9371,1.88,1.88
2013.10.28 05:29:11.995,0.93701,0.9371,1.13,1.88
2013.10.28 05:29:12.360,0.93703,0.93713,1.13,1.50
2013.10.28 05:29:12.934,0.93704,0.93713,1.88,1.13
2013.10.28 05:29:15.740,0.93701,0.93711,1.13,1.13
2013.10.28 05:29:15.920,0.93701,0.93711,1.13,2.63
2013.10.28 05:29:19.130,0.937,0.9371,1.88,1.13
2013.10.28 05:29:42.474,0.93701,0.9371,1.50,1.13
2013.10.28 05:29:44.510,0.937,0.9371,1.50,1.88
2013.10.28 05:29:44.810,0.93701,0.9371,1.13,1.50
2013.10.28 05:29:45.423,0.93702,0.9371,1.50,1.13
2013.10.28 05:29:48.170,0.93703,0.93711,1.88,1.13
2013.10.28 05:29:48.673,0.93702,0.93714,2.25,1.13
2013.10.28 05:29:50.832,0.93703,0.93714,1.13,1.13
2013.10.28 05:29:51.274,0.93702,0.93714,2.63,1.13
2013.10.28 05:29:59.360,0.93703,0.93714,1.13,1.88
2013.10.28 05:30:17.841,0.93704,0.93715,1.13,1.88
2013.10.28 05:30:18.200,0.93708,0.93718,1.88,1.50
2013.10.28 05:30:18.535,0.93708,0.9372,1.88,1.50
2013.10.28 05:30:19.061,0.93708,0.93721,1.88,3.38
2013.10.28 05:30:19.604,0.93708,0.9372,1.88,1.50
2013.10.28 05:30:21.041,0.93711,0.93721,1.13,1.50
2013.10.28 05:30:21.101,0.93711,0.93722,1.88,1.88
2013.10.28 05:30:21.223,0.93711,0.93724,3.00,1.13
2013.10.28 05:30:21.586,0.93716,0.93725,2.25,1.50
2013.10.28 05:30:21.901,0.93718,0.93723,1.13,1.13
2013.10.28 05:30:22.853,0.93719,0.93726,1.13,1.13
2013.10.28 05:30:23.050,0.93719,0.93726,1.13,2.25
2013.10.28 05:30:24.040,0.93719,0.93726,1.13,1.50
2013.10.28 05:30:25.022,0.93719,0.93729,1.13,1.13
2013.10.28 05:30:29.280,0.93719,0.93728,1.13,1.13
2013.10.28 05:30:29.920,0.93719,0.9373,1.13,1.88
2013.10.28 05:30:36.603,0.93718,0.93728,1.50,1.13
2013.10.28 05:30:41.610,0.93717,0.93727,1.13,1.13
2013.10.28 05:30:43.312,0.93717,0.9373,1.88,2.25
2013.10.28 05:30:43.881,0.93718,0.93729,1.50,1.13
2013.10.28 05:30:46.285,0.93719,0.93729,1.13,1.13
2013.10.28 05:30:47.047,0.93718,0.93729,1.13,1.13
2013.10.28 05:31:02.371,0.93716,0.93728,1.13,1.13
2013.10.28 05:31:05.380,0.93717,0.93729,1.13,1.50
2013.10.28 05:31:05.882,0.93717,0.93729,1.13,1.88
2013.10.28 05:31:15.701,0.93721,0.93728,1.13,1.50
2013.10.28 05:31:15.940,0.93722,0.93733,1.88,1.88
2013.10.28 05:31:16.061,0.93725,0.93735,1.13,3.38
2013.10.28 05:31:16.611,0.93725,0.93735,1.13,3.00
2013.10.28 05:31:22.392,0.93723,0.93735,1.88,2.63
2013.10.28 05:31:29.710,0.93723,0.93735,1.88,1.88
2013.10.28 05:31:29.891,0.93719,0.9373,1.88,2.25
2013.10.28 05:31:30.430,0.93719,0.9373,1.88,2.25
2013.10.28 05:31:32.960,0.93719,0.93725,1.13,1.13
2013.10.28 05:31:33.201,0.93717,0.93728,2.25,2.25
2013.10.28 05:31:33.781,0.93717,0.93728,1.13,1.50
2013.10.28 05:31:34.171,0.93717,0.93728,1.13,1.13
2013.10.28 05:31:34.812,0.93717,0.93728,1.13,2.63
2013.10.28 05:31:35.317,0.93717,0.93727,1.13,1.50
2013.10.28 05:31:35.923,0.93717,0.93727,1.13,1.50
2013.10.28 05:31:36.473,0.93717,0.93727,1.13,1.50
2013.10.28 05:31:40.691,0.93718,0.93727,1.50,1.50
2013.10.28 05:31:40.811,0.93718,0.93728,1.50,1.13
2013.10.28 05:31:41.341,0.93718,0.9373,1.50,1.13
2013.10.28 05:31:42.211,0.93718,0.93729,1.13,1.13
2013.10.28 05:31:42.511,0.93717,0.93727,1.88,1.13
2013.10.28 05:31:42.690,0.93717,0.93725,1.13,1.88
2013.10.28 05:31:43.050,0.93713,0.93725,1.88,1.88
2013.10.28 05:31:43.450,0.93714,0.93725,1.13,2.25
2013.10.28 05:31:45.600,0.93713,0.9372,1.13,1.13
2013.10.28 05:31:46.641,0.93713,0.9372,1.13,1.13
2013.10.28 05:31:46.981,0.93713,0.9372,1.13,1.13
2013.10.28 05:31:51.001,0.93713,0.93719,1.13,1.13
2013.10.28 05:31:51.811,0.93713,0.93724,2.25,1.13
2013.10.28 05:31:52.437,0.93713,0.93723,2.25,1.13
2013.10.28 05:31:52.914,0.93713,0.93723,2.25,1.13
2013.10.28 05:31:53.041,0.93713,0.93724,2.25,1.13
2013.10.28 05:31:54.233,0.93713,0.93723,1.13,1.50
2013.10.28 05:31:54.530,0.93711,0.93721,2.63,1.13
2013.10.28 05:31:54.650,0.93711,0.93721,2.63,1.13
2013.10.28 05:31:55.711,0.93713,0.93726,1.88,1.13
2013.10.28 05:31:56.072,0.93715,0.93727,1.50,1.13
2013.10.28 05:31:56.660,0.93716,0.93727,1.13,1.13
2013.10.28 05:31:57.790,0.93717,0.93727,2.25,2.25
2013.10.28 05:31:59.243,0.93717,0.93727,2.25,1.88
2013.10.28 05:32:03.330,0.93717,0.93725,2.25,1.50
2013.10.28 05:32:08.891,0.93717,0.93723,1.50,1.50
2013.10.28 05:32:09.250,0.93714,0.93722,1.50,1.13
2013.10.28 05:32:09.610,0.93714,0.9372,1.50,1.13
2013.10.28 05:32:09.853,0.93714,0.93721,1.50,1.13
2013.10.28 05:32:10.042,0.93712,0.93723,1.88,2.63
2013.10.28 05:32:10.221,0.93712,0.93723,1.88,1.13
2013.10.28 05:32:10.871,0.93715,0.93723,1.13,2.25
2013.10.28 05:32:11.407,0.93715,0.93722,1.13,1.50
2013.10.28 05:32:11.592,0.93715,0.93724,1.13,1.50
2013.10.28 05:32:13.213,0.93711,0.93722,1.13,1.50
2013.10.28 05:32:13.271,0.93711,0.93721,1.13,1.13
2013.10.28 05:32:13.760,0.93711,0.93721,1.13,1.13
2013.10.28 05:32:14.311,0.93713,0.93722,1.13,1.88
2013.10.28 05:32:17.412,0.93713,0.93721,1.13,1.50
2013.10.28 05:32:22.820,0.93712,0.93722,1.88,1.13
2013.10.28 05:32:23.260,0.93712,0.9372,1.50,1.13
2013.10.28 05:32:23.381,0.93709,0.9372,1.50,1.88
2013.10.28 05:32:23.441,0.93708,0.93718,2.25,1.13
2013.10.28 05:32:23.500,0.93708,0.93718,1.50,1.13
2013.10.28 05:32:23.741,0.93706,0.93718,1.13,1.13
2013.10.28 05:32:25.780,0.93706,0.93717,1.50,1.13
2013.10.28 05:32:26.570,0.93704,0.93717,2.25,1.50
2013.10.28 05:32:27.131,0.93703,0.93715,2.25,1.88
2013.10.28 05:32:28.200,0.93703,0.93715,2.25,1.88
2013.10.28 05:32:28.701,0.93704,0.93715,1.50,1.88
2013.10.28 05:32:29.341,0.93705,0.93715,1.50,1.13
2013.10.28 05:32:29.402,0.93706,0.93715,1.50,1.13
2013.10.28 05:32:29.761,0.93708,0.93718,2.25,1.13
2013.10.28 05:32:30.001,0.93708,0.9372,2.25,2.25
2013.10.28 05:32:30.511,0.93708,0.9372,2.25,1.88
2013.10.28 05:32:34.422,0.93708,0.9372,3.00,2.63
2013.10.28 05:32:34.630,0.93708,0.9372,3.00,2.63
2013.10.28 05:32:40.360,0.93708,0.93719,1.50,1.13
2013.10.28 05:32:40.660,0.93705,0.93715,1.50,1.88
2013.10.28 05:32:41.177,0.93705,0.93715,1.50,1.88
2013.10.28 05:32:43.040,0.93705,0.93713,1.50,1.13
2013.10.28 05:32:43.220,0.93701,0.93712,2.63,1.50
2013.10.28 05:32:43.341,0.93701,0.93712,1.13,2.25
2013.10.28 05:32:44.001,0.93702,0.9371,1.50,1.13
2013.10.28 05:32:46.024,0.93699,0.9371,2.25,1.13
2013.10.28 05:32:46.161,0.93699,0.9371,2.25,1.13
2013.10.28 05:32:54.850,0.93701,0.93712,1.13,1.88
2013.10.28 05:32:55.030,0.93701,0.93713,2.25,1.88
2013.10.28 05:32:55.094,0.93701,0.93713,2.25,1.50
2013.10.28 05:32:55.401,0.93704,0.93717,1.50,3.00
2013.10.28 05:32:57.350,0.93706,0.93717,1.50,1.13
2013.10.28 05:32:57.663,0.93705,0.93715,1.13,1.50
2013.10.28 05:32:58.021,0.93702,0.93713,1.13,1.88
2013.10.28 05:32:58.410,0.937,0.9371,1.13,1.13
2013.10.28 05:33:00.911,0.937,0.9371,1.50,1.13
2013.10.28 05:33:01.490,0.93698,0.9371,1.88,1.88
2013.10.28 05:33:04.441,0.93698,0.9371,2.25,2.25
2013.10.28 05:33:04.745,0.93703,0.93712,1.50,1.50
2013.10.28 05:33:05.050,0.93706,0.93715,1.13,1.13
2013.10.28 05:33:05.551,0.93707,0.93717,1.50,1.50
2013.10.28 05:33:06.102,0.93707,0.93717,1.13,2.25
2013.10.28 05:33:06.521,0.93707,0.93717,1.13,2.25
2013.10.28 05:33:06.931,0.93709,0.93716,1.50,1.13
2013.10.28 05:33:08.494,0.9371,0.93721,1.13,2.25
2013.10.28 05:33:09.481,0.93712,0.93723,1.50,1.13
2013.10.28 05:33:09.540,0.93715,0.93725,1.13,1.50
2013.10.28 05:33:09.722,0.93716,0.93727,1.13,2.63
2013.10.28 05:33:10.260,0.93717,0.93728,1.13,1.50
2013.10.28 05:33:10.681,0.93717,0.93726,1.13,1.50
2013.10.28 05:33:11.321,0.93718,0.93729,1.13,1.88
2013.10.28 05:33:11.622,0.9372,0.93731,1.13,1.13
2013.10.28 05:33:12.160,0.93722,0.93734,1.13,1.50
2013.10.28 05:33:12.520,0.93724,0.93735,1.13,1.13
2013.10.28 05:33:13.069,0.93726,0.93735,1.13,1.50
2013.10.28 05:33:19.711,0.93726,0.93736,1.13,1.88
2013.10.28 05:33:20.160,0.93725,0.93736,2.25,1.88
2013.10.28 05:33:20.521,0.93724,0.93731,2.25,1.13
2013.10.28 05:33:20.700,0.93725,0.93732,1.50,1.50
2013.10.28 05:33:20.941,0.93722,0.93732,1.50,1.88
2013.10.28 05:33:21.061,0.9372,0.9373,1.50,1.13
2013.10.28 05:33:22.065,0.93717,0.9373,3.00,1.13
2013.10.28 05:33:26.210,0.93717,0.93729,2.25,1.13
2013.10.28 05:33:26.943,0.93717,0.93727,1.13,1.50
2013.10.28 05:33:27.341,0.93714,0.93726,1.50,1.50
2013.10.28 05:33:27.882,0.93714,0.93726,1.50,1.50
2013.10.28 05:33:28.850,0.93714,0.93726,1.50,1.50
2013.10.28 05:33:29.342,0.93713,0.93723,1.50,1.13
2013.10.28 05:33:29.700,0.93711,0.93715,1.13,1.50
2013.10.28 05:33:30.001,0.93708,0.93718,1.50,1.13
2013.10.28 05:33:31.110,0.93706,0.93718,1.50,1.13
2013.10.28 05:33:31.730,0.93707,0.93719,1.13,2.63
2013.10.28 05:33:31.911,0.93706,0.93718,1.50,1.13
2013.10.28 05:33:34.400,0.93706,0.93718,1.50,1.13
2013.10.28 05:33:41.250,0.93706,0.93713,1.50,1.13
2013.10.28 05:33:47.720,0.93706,0.93715,1.50,1.13
2013.10.28 05:33:54.330,0.93704,0.93713,1.13,1.13
2013.10.28 05:33:54.390,0.93703,0.93712,1.50,1.13
2013.10.28 05:33:54.511,0.93701,0.93711,1.50,1.50
2013.10.28 05:33:55.051,0.93699,0.93707,1.50,1.88
2013.10.28 05:33:55.591,0.93699,0.93707,1.50,1.13
2013.10.28 05:33:55.810,0.93697,0.93707,1.88,1.13
2013.10.28 05:33:56.032,0.93697,0.93707,1.50,1.13
2013.10.28 05:33:57.420,0.93696,0.93707,1.50,1.13
2013.10.28 05:33:59.311,0.93696,0.93707,2.25,1.13
2013.10.28 05:33:59.861,0.93698,0.93707,1.50,1.13
2013.10.28 05:34:12.701,0.93698,0.93708,1.13,1.13
2013.10.28 05:34:12.760,0.93698,0.9371,1.13,1.13
2013.10.28 05:34:13.401,0.93699,0.93709,2.63,1.13
2013.10.28 05:34:25.240,0.93699,0.93709,2.63,1.13
2013.10.28 05:34:25.541,0.937,0.93711,1.13,1.50
2013.10.28 05:34:29.380,0.93699,0.9371,2.25,1.50
2013.10.28 05:34:30.458,0.93699,0.9371,1.13,2.18
2013.10.28 05:34:31.856,0.93698,0.93706,1.50,1.05
2013.10.28 05:34:32.360,0.93696,0.93705,1.13,1.05
2013.10.28 05:34:34.930,0.93698,0.93705,1.13,1.05
2013.10.28 05:34:35.110,0.93694,0.93704,2.63,1.13
2013.10.28 05:34:35.171,0.93694,0.93704,1.13,1.13
2013.10.28 05:34:35.350,0.93693,0.93699,2.25,1.13
2013.10.28 05:34:37.191,0.93692,0.93701,1.13,1.13
2013.10.28 05:34:37.311,0.93692,0.93701,1.13,1.13
2013.10.28 05:34:38.551,0.93693,0.93701,1.50,1.50
2013.10.28 05:34:38.613,0.93696,0.93703,1.13,1.13
2013.10.28 05:34:38.950,0.93696,0.93705,1.13,1.05
2013.10.28 05:34:39.170,0.93696,0.93705,1.13,1.05
2013.10.28 05:34:42.180,0.93695,0.93705,1.13,2.25
2013.10.28 05:34:44.580,0.93694,0.93705,1.13,2.25
2013.10.28 05:34:44.872,0.93693,0.93705,2.25,2.25
2013.10.28 05:34:45.151,0.93694,0.93705,1.50,1.50
2013.10.28 05:34:46.302,0.93694,0.93705,1.50,3.00
2013.10.28 05:34:46.850,0.93693,0.93705,2.25,3.00
2013.10.28 05:34:49.420,0.93693,0.93704,1.88,1.88
2013.10.28 05:34:49.671,0.93691,0.93704,1.88,1.88
2013.10.28 05:35:02.620,0.93689,0.93702,2.63,1.88
2013.10.28 05:35:03.174,0.93689,0.93702,2.63,1.88
2013.10.28 05:35:04.720,0.93689,0.93701,1.88,1.13
2013.10.28 05:35:05.711,0.93693,0.93702,1.13,1.50
2013.10.28 05:35:06.011,0.93693,0.93703,1.13,3.00
2013.10.28 05:35:06.331,0.93695,0.93704,1.88,1.88
2013.10.28 05:35:06.901,0.93696,0.93705,1.13,2.40
2013.10.28 05:35:07.541,0.93696,0.93705,1.13,2.78
2013.10.28 05:35:08.141,0.93694,0.93705,1.88,2.78
2013.10.28 05:35:08.682,0.93694,0.93705,1.88,2.78
2013.10.28 05:35:26.930,0.93694,0.93705,1.88,2.78
2013.10.28 05:35:28.891,0.93694,0.93704,1.13,1.50
2013.10.28 05:35:29.390,0.93697,0.93706,1.88,1.28
2013.10.28 05:35:29.765,0.93697,0.93706,1.88,1.28
2013.10.28 05:35:30.133,0.93697,0.93706,1.13,1.65
2013.10.28 05:35:30.670,0.93697,0.93706,1.13,1.65
2013.10.28 05:35:31.246,0.93697,0.93706,1.13,1.65
2013.10.28 05:35:31.871,0.93698,0.93706,1.13,1.65
2013.10.28 05:35:32.212,0.93698,0.93706,1.13,1.65
2013.10.28 05:35:32.801,0.93698,0.93706,1.13,1.65
2013.10.28 05:35:34.613,0.93703,0.9371,1.13,1.50
2013.10.28 05:35:34.912,0.93705,0.93712,1.13,1.50
2013.10.28 05:35:35.211,0.93707,0.93713,1.13,1.50
2013.10.28 05:35:35.752,0.93708,0.93714,1.13,1.50
2013.10.28 05:35:35.870,0.93708,0.93718,1.13,1.13
2013.10.28 05:35:36.411,0.93707,0.93715,1.13,2.25
2013.10.28 05:35:37.232,0.93707,0.93713,1.13,1.50
2013.10.28 05:35:37.934,0.93707,0.93713,1.13,1.50
2013.10.28 05:35:39.542,0.93702,0.93713,1.13,1.50
2013.10.28 05:35:40.011,0.93702,0.93713,1.13,1.50
2013.10.28 05:35:41.871,0.93702,0.93713,1.13,1.88
2013.10.28 05:35:42.051,0.93698,0.93711,1.13,3.75
2013.10.28 05:35:42.171,0.93698,0.93709,1.13,1.13
2013.10.28 05:35:45.460,0.93696,0.93706,1.50,1.13
2013.10.28 05:35:45.520,0.93697,0.93706,1.13,1.50
2013.10.28 05:35:45.641,0.93693,0.93705,2.63,2.25
2013.10.28 05:35:46.180,0.93696,0.93706,1.88,1.88
2013.10.28 05:35:49.471,0.93699,0.93707,1.13,1.50
2013.10.28 05:35:49.831,0.93704,0.93715,1.13,3.75
2013.10.28 05:35:49.891,0.93704,0.93715,1.13,1.50
2013.10.28 05:35:50.241,0.93706,0.93715,1.13,1.50
2013.10.28 05:35:50.967,0.93706,0.93713,1.13,2.25
2013.10.28 05:35:51.624,0.93706,0.93714,1.13,3.00
2013.10.28 05:35:52.231,0.93706,0.93713,1.13,1.50
2013.10.28 05:35:52.350,0.93706,0.93715,1.13,1.50
2013.10.28 05:35:52.411,0.93706,0.93716,1.13,3.75
2013.10.28 05:35:52.901,0.93706,0.93714,1.13,1.50
2013.10.28 05:36:00.692,0.93707,0.93713,1.13,1.50
2013.10.28 05:36:10.541,0.93705,0.93717,1.13,2.25
2013.10.28 05:36:11.092,0.93704,0.93716,1.88,1.50
2013.10.28 05:36:11.610,0.93704,0.93716,1.88,1.50
2013.10.28 05:36:12.122,0.93704,0.93716,1.88,1.50
2013.10.28 05:36:14.671,0.93705,0.93716,1.13,1.50
2013.10.28 05:36:16.093,0.93704,0.93716,1.88,1.50
2013.10.28 05:36:16.722,0.93705,0.93716,1.13,1.50
2013.10.28 05:36:17.571,0.93705,0.93716,1.13,1.50
2013.10.28 05:36:17.810,0.93708,0.9372,1.13,3.00
2013.10.28 05:36:17.870,0.93708,0.9372,1.13,1.50
2013.10.28 05:36:18.441,0.93708,0.93719,1.13,1.50
2013.10.28 05:36:18.621,0.93707,0.93719,1.13,2.25
2013.10.28 05:36:20.101,0.93707,0.93719,1.13,1.88
2013.10.28 05:36:20.341,0.93708,0.93719,1.13,1.13
2013.10.28 05:36:20.890,0.9371,0.93721,1.50,1.50
2013.10.28 05:36:21.641,0.9371,0.9372,1.13,1.50
2013.10.28 05:36:21.701,0.9371,0.9372,1.13,1.88
2013.10.28 05:36:23.941,0.93709,0.9372,1.13,1.13
2013.10.28 05:36:24.181,0.93707,0.93718,3.00,1.13
2013.10.28 05:36:24.740,0.93707,0.93718,2.25,1.88
2013.10.28 05:36:27.421,0.93707,0.93715,2.25,1.13
2013.10.28 05:36:27.661,0.93704,0.93715,1.50,1.13
2013.10.28 05:36:27.781,0.93702,0.93715,2.25,1.50
2013.10.28 05:36:27.900,0.93702,0.93715,1.50,1.50
2013.10.28 05:36:28.643,0.93702,0.93712,1.50,1.13
2013.10.28 05:36:30.510,0.93705,0.93715,2.25,1.50
2013.10.28 05:36:30.631,0.93705,0.93715,2.25,1.13
2013.10.28 05:36:31.304,0.93705,0.93715,2.25,1.13
2013.10.28 05:36:31.904,0.93705,0.93715,1.50,1.13
2013.10.28 05:36:34.500,0.93705,0.93716,2.63,1.13
2013.10.28 05:36:34.800,0.93707,0.93719,1.13,1.50
2013.10.28 05:36:35.160,0.93708,0.93717,1.88,1.50
2013.10.28 05:36:35.221,0.93708,0.93717,1.13,1.50
2013.10.28 05:36:35.341,0.93708,0.93719,1.13,1.50
2013.10.28 05:36:35.995,0.93709,0.93718,1.50,1.13
2013.10.28 05:36:37.533,0.9371,0.93721,1.50,1.50
2013.10.28 05:36:37.592,0.93711,0.93721,1.50,1.13
2013.10.28 05:36:37.713,0.93713,0.93723,2.25,1.13
2013.10.28 05:36:37.831,0.93715,0.93724,1.13,1.50
2013.10.28 05:36:38.353,0.93715,0.93727,1.13,1.13
2013.10.28 05:36:50.612,0.93715,0.93725,1.88,1.13
2013.10.28 05:36:50.731,0.93715,0.93724,1.13,1.13
2013.10.28 05:36:51.091,0.9371,0.9372,1.88,1.50
2013.10.28 05:36:52.203,0.93706,0.93718,1.88,1.50
2013.10.28 05:36:53.421,0.93706,0.93718,2.25,1.50
2013.10.28 05:36:53.971,0.93707,0.93718,2.63,1.50
2013.10.28 05:36:54.270,0.93712,0.93721,1.13,1.50
2013.10.28 05:36:54.824,0.93712,0.93724,1.13,1.50
2013.10.28 05:36:57.770,0.93713,0.93723,1.13,1.50
2013.10.28 05:36:57.951,0.93713,0.93723,1.88,1.50
2013.10.28 05:36:58.522,0.93712,0.93723,1.88,1.50
2013.10.28 05:36:58.821,0.93712,0.93725,3.00,2.63
2013.10.28 05:36:59.151,0.93715,0.93725,1.13,2.63
2013.10.28 05:37:01.204,0.93715,0.93726,1.13,1.50
2013.10.28 05:37:01.802,0.93713,0.93725,1.50,1.88
2013.10.28 05:37:07.371,0.93716,0.93723,1.13,1.50
2013.10.28 05:37:07.491,0.93717,0.93728,1.13,1.50
2013.10.28 05:37:07.851,0.93714,0.93726,3.00,1.50
2013.10.28 05:37:07.911,0.93714,0.93726,2.25,2.25
2013.10.28 05:37:08.031,0.93713,0.93724,1.50,1.13
2013.10.28 05:37:08.151,0.93711,0.93724,3.00,2.63
2013.10.28 05:37:08.571,0.93713,0.93725,3.00,1.13
2013.10.28 05:37:08.691,0.93714,0.93726,1.88,1.50
2013.10.28 05:37:08.812,0.93717,0.93727,2.63,1.13
2013.10.28 05:37:08.931,0.93718,0.93729,1.50,1.13
2013.10.28 05:37:09.731,0.93718,0.93728,1.50,1.13
2013.10.28 05:37:10.413,0.93718,0.93727,1.50,1.13
2013.10.28 05:37:10.661,0.93716,0.93725,2.25,1.50
2013.10.28 05:37:16.581,0.93716,0.93725,2.25,1.13
2013.10.28 05:37:16.771,0.93715,0.93725,2.25,1.50
2013.10.28 05:37:16.891,0.93713,0.93725,2.25,1.13
2013.10.28 05:37:17.011,0.93714,0.93725,1.88,1.13
2013.10.28 05:37:21.002,0.93714,0.93725,2.25,1.13
2013.10.28 05:37:23.761,0.93716,0.93725,2.25,1.13
2013.10.28 05:37:24.141,0.93715,0.93725,1.50,1.13
2013.10.28 05:37:28.000,0.93716,0.93725,1.50,1.50
2013.10.28 05:37:28.061,0.93713,0.93725,2.63,1.88
2013.10.28 05:37:28.181,0.93712,0.93722,1.88,1.13
2013.10.28 05:37:28.301,0.93711,0.9372,3.00,1.13
2013.10.28 05:37:28.723,0.93711,0.93721,1.50,1.88
2013.10.28 05:37:29.281,0.93711,0.93719,1.50,1.50
2013.10.28 05:37:29.912,0.9371,0.93718,2.25,1.13
2013.10.28 05:37:30.151,0.93711,0.93718,1.50,1.13
2013.10.28 05:37:30.272,0.93707,0.93715,1.50,1.50
2013.10.28 05:37:30.451,0.93706,0.93713,3.38,1.50
2013.10.28 05:37:31.000,0.93705,0.93713,2.25,1.50
2013.10.28 05:37:38.311,0.93706,0.93715,1.13,1.50
2013.10.28 05:37:38.614,0.93708,0.93721,1.13,1.13
2013.10.28 05:37:38.803,0.9371,0.93721,1.50,1.13
2013.10.28 05:37:39.942,0.93709,0.93718,1.50,1.13
2013.10.28 05:37:40.001,0.93708,0.93718,3.00,1.13
2013.10.28 05:37:40.062,0.93707,0.93716,1.50,1.13
2013.10.28 05:37:40.421,0.93708,0.93719,1.50,1.13
2013.10.28 05:37:40.481,0.93708,0.93719,1.50,1.13
2013.10.28 05:37:40.601,0.93708,0.93719,2.25,1.13
2013.10.28 05:37:41.581,0.93708,0.9372,2.25,1.88
2013.10.28 05:37:44.121,0.93708,0.93718,2.25,1.50
2013.10.28 05:37:44.481,0.93709,0.9372,1.13,1.50
2013.10.28 05:37:44.781,0.93711,0.93722,1.13,2.25
2013.10.28 05:37:45.581,0.93712,0.93723,1.13,1.13
2013.10.28 05:37:46.092,0.93712,0.93723,1.13,1.13
2013.10.28 05:37:46.223,0.93714,0.93723,1.50,1.13
2013.10.28 05:37:52.183,0.93715,0.93724,1.50,1.13
2013.10.28 05:37:52.311,0.93715,0.93725,1.88,1.13
2013.10.28 05:37:52.863,0.93718,0.93727,1.50,1.50
2013.10.28 05:37:53.041,0.93721,0.93733,1.13,1.13
2013.10.28 05:37:55.591,0.93721,0.93731,1.13,1.88
2013.10.28 05:37:56.133,0.93721,0.93729,1.13,1.13
2013.10.28 05:38:04.912,0.93718,0.93728,1.50,1.13
2013.10.28 05:38:05.331,0.93718,0.93728,1.13,1.13
2013.10.28 05:38:09.913,0.93717,0.93728,2.25,1.13
2013.10.28 05:38:15.572,0.93717,0.93728,1.13,1.50
2013.10.28 05:38:15.632,0.93717,0.93726,1.13,1.13
2013.10.28 05:38:15.692,0.93716,0.93726,1.88,1.13
2013.10.28 05:38:15.871,0.93717,0.93728,1.50,1.88
2013.10.28 05:38:16.462,0.9372,0.93731,1.13,1.13
2013.10.28 05:38:22.561,0.93721,0.93732,1.13,1.88
2013.10.28 05:38:22.741,0.93723,0.93735,1.50,2.63
2013.10.28 05:38:22.861,0.93723,0.93736,1.88,4.13
2013.10.28 05:38:23.041,0.93727,0.93737,1.13,1.88
2013.10.28 05:38:23.343,0.93724,0.93735,1.13,1.13
2013.10.28 05:38:23.700,0.93722,0.93735,2.63,1.88
2013.10.28 05:38:23.991,0.93722,0.93735,2.63,1.88
2013.10.28 05:38:24.541,0.93722,0.93733,2.63,1.50
2013.10.28 05:38:24.780,0.93721,0.9373,1.50,1.13
2013.10.28 05:38:25.294,0.93721,0.9373,1.50,1.88
2013.10.28 05:38:25.721,0.93721,0.9373,1.50,1.88
2013.10.28 05:38:25.826,0.9372,0.9373,1.13,1.88
2013.10.28 05:38:26.341,0.93718,0.9373,2.63,1.88
2013.10.28 05:38:27.821,0.93717,0.9373,1.50,2.63
2013.10.28 05:38:28.432,0.93717,0.9373,1.50,1.88
2013.10.28 05:38:30.051,0.93716,0.93728,1.13,1.50
2013.10.28 05:38:30.171,0.93716,0.93728,1.13,1.50
2013.10.28 05:38:30.511,0.93716,0.9373,1.13,2.25
2013.10.28 05:38:32.981,0.93718,0.93731,1.13,3.75
2013.10.28 05:38:33.161,0.93717,0.9373,2.63,1.50
2013.10.28 05:38:33.361,0.93717,0.93729,1.50,2.25
2013.10.28 05:38:33.721,0.93714,0.93726,3.75,1.13
2013.10.28 05:38:35.864,0.93715,0.93726,1.88,1.13
2013.10.28 05:38:36.911,0.93714,0.93726,3.38,1.13
2013.10.28 05:38:36.971,0.93715,0.93726,1.13,1.13
2013.10.28 05:38:41.291,0.93715,0.93726,1.50,1.13
2013.10.28 05:38:41.411,0.93715,0.93729,1.50,3.00
2013.10.28 05:38:41.591,0.93715,0.93729,3.00,1.88
2013.10.28 05:38:42.282,0.93715,0.93726,1.88,1.13
2013.10.28 05:38:42.521,0.93715,0.93727,1.88,1.50
2013.10.28 05:38:42.581,0.93715,0.93727,1.88,1.50
2013.10.28 05:38:42.642,0.93715,0.93728,1.88,1.50
2013.10.28 05:38:42.761,0.93716,0.93728,1.50,1.50
2013.10.28 05:38:43.181,0.93715,0.93727,3.75,1.50
2013.10.28 05:38:48.984,0.93715,0.93727,2.63,1.50
2013.10.28 05:38:49.430,0.93715,0.93727,2.25,1.50
2013.10.28 05:38:52.331,0.93714,0.93727,2.63,1.50
2013.10.28 05:38:53.143,0.93714,0.93726,1.88,1.13
2013.10.28 05:38:53.382,0.93712,0.93726,1.13,3.00
2013.10.28 05:38:53.851,0.93712,0.93725,1.13,1.50
2013.10.28 05:38:54.133,0.93712,0.93723,1.13,1.13
2013.10.28 05:38:54.285,0.93714,0.93726,1.50,2.25
2013.10.28 05:38:54.591,0.93718,0.93729,1.88,2.63
2013.10.28 05:38:54.711,0.93719,0.93728,1.50,1.13
2013.10.28 05:38:55.014,0.9372,0.93729,1.13,1.50
2013.10.28 05:38:55.821,0.9372,0.93729,1.13,1.50
2013.10.28 05:38:56.361,0.9372,0.9373,1.88,3.00
2013.10.28 05:38:56.901,0.9372,0.9373,1.13,2.63
2013.10.28 05:38:58.031,0.9372,0.93729,1.13,1.88
2013.10.28 05:38:58.571,0.93717,0.93728,1.50,1.50
2013.10.28 05:38:59.101,0.93714,0.93727,2.63,1.88
2013.10.28 05:38:59.604,0.93714,0.93727,3.38,2.63
2013.10.28 05:39:02.201,0.93715,0.93726,1.88,1.13
2013.10.28 05:39:02.262,0.93715,0.93726,1.88,1.50
2013.10.28 05:39:04.001,0.93715,0.93723,1.13,1.13
2013.10.28 05:39:04.181,0.93717,0.93727,1.50,3.00
2013.10.28 05:39:04.361,0.93715,0.93727,1.50,1.88
2013.10.28 05:39:04.721,0.93715,0.93726,1.13,1.50
2013.10.28 05:39:05.242,0.93715,0.93726,1.13,1.88
2013.10.28 05:39:06.361,0.93712,0.93724,2.63,1.13
2013.10.28 05:39:06.601,0.93712,0.93723,1.88,1.13
2013.10.28 05:39:09.531,0.93712,0.93724,1.88,1.13
2013.10.28 05:39:10.952,0.93713,0.93724,1.50,1.13
2013.10.28 05:39:11.525,0.93712,0.93724,2.25,1.13
2013.10.28 05:39:13.841,0.93713,0.93724,1.50,1.13
2013.10.28 05:39:13.901,0.93715,0.93724,1.13,1.13
2013.10.28 05:39:21.672,0.93714,0.93725,2.25,1.13
2013.10.28 05:39:23.412,0.93713,0.93723,1.13,1.88
2013.10.28 05:39:23.532,0.93709,0.93723,3.75,2.25
2013.10.28 05:39:23.713,0.93709,0.93718,2.25,1.50
2013.10.28 05:39:24.034,0.93709,0.93716,1.88,1.50
2013.10.28 05:39:25.211,0.93706,0.93716,1.13,2.25
2013.10.28 05:39:26.403,0.93705,0.93715,1.13,1.50
2013.10.28 05:39:27.007,0.93706,0.93716,1.13,1.50
2013.10.28 05:39:27.131,0.93708,0.93715,1.50,1.50
2013.10.28 05:39:27.994,0.93708,0.93717,1.13,1.50
2013.10.28 05:39:37.001,0.93708,0.93717,1.13,1.50
2013.10.28 05:39:37.311,0.93709,0.93719,1.13,2.63
2013.10.28 05:39:37.624,0.93709,0.93719,1.13,1.50
2013.10.28 05:39:37.982,0.93714,0.9372,1.13,1.50
2013.10.28 05:39:40.340,0.93714,0.93725,1.13,1.50
2013.10.28 05:39:41.171,0.93714,0.93726,1.13,1.50
2013.10.28 05:39:41.511,0.93714,0.93726,1.13,1.50
2013.10.28 05:39:41.873,0.93718,0.93729,1.13,1.50
2013.10.28 05:39:42.171,0.93719,0.93727,1.13,1.13
2013.10.28 05:39:44.641,0.93718,0.93728,1.13,1.88
2013.10.28 05:39:45.151,0.9372,0.93727,1.13,1.13
2013.10.28 05:39:45.732,0.93719,0.93727,1.13,1.13
2013.10.28 05:39:47.762,0.93723,0.93729,1.13,1.50
2013.10.28 05:39:47.821,0.93723,0.93731,1.13,1.50
2013.10.28 05:39:48.121,0.93721,0.9373,1.13,1.13
2013.10.28 05:39:48.181,0.93721,0.9373,1.13,1.13
2013.10.28 05:39:48.856,0.93721,0.93731,1.13,2.25
2013.10.28 05:39:49.913,0.93718,0.9373,1.13,1.13
2013.10.28 05:39:53.253,0.93718,0.9373,1.13,1.13
2013.10.28 05:39:53.854,0.93718,0.9373,1.13,1.13
2013.10.28 05:39:56.413,0.93718,0.93728,1.13,1.13
2013.10.28 05:39:57.691,0.93716,0.93728,2.63,1.13
2013.10.28 05:40:05.971,0.93721,0.93732,1.13,2.25
2013.10.28 05:40:06.511,0.93721,0.93732,1.13,2.25
2013.10.28 05:40:08.073,0.93721,0.93732,1.13,2.25
2013.10.28 05:40:08.652,0.93721,0.93732,1.13,2.25
2013.10.28 05:40:09.981,0.93721,0.93732,1.13,2.25
2013.10.28 05:40:12.133,0.93721,0.93732,1.88,1.50
2013.10.28 05:40:12.654,0.93721,0.93731,1.13,1.13
2013.10.28 05:40:13.513,0.93721,0.93732,1.88,1.13
2013.10.28 05:40:13.571,0.93722,0.93733,1.13,1.13
2013.10.28 05:40:13.933,0.93727,0.93738,1.50,2.63
2013.10.28 05:40:14.665,0.9373,0.93738,1.13,2.63
2013.10.28 05:40:15.221,0.9373,0.93738,1.13,1.13
2013.10.28 05:40:15.401,0.93728,0.93738,1.88,1.88
2013.10.28 05:40:15.461,0.93728,0.93738,1.13,1.88
2013.10.28 05:40:15.582,0.93724,0.93736,1.50,1.13
2013.10.28 05:40:15.881,0.93725,0.93736,2.25,1.13
2013.10.28 05:40:16.121,0.93729,0.93739,1.50,1.50
2013.10.28 05:40:23.621,0.93729,0.93742,1.50,2.25
2013.10.28 05:40:23.741,0.93731,0.93743,2.25,1.13
2013.10.28 05:40:23.861,0.93734,0.93745,1.13,1.88
2013.10.28 05:40:24.221,0.93734,0.93747,1.50,1.50
2013.10.28 05:40:24.281,0.93733,0.93747,1.88,1.88
2013.10.28 05:40:24.962,0.93733,0.93745,1.13,1.13
2013.10.28 05:40:26.371,0.93733,0.93745,1.13,2.63
2013.10.28 05:40:27.633,0.93731,0.93743,1.13,1.50
2013.10.28 05:40:28.305,0.93731,0.93742,1.13,1.50
2013.10.28 05:40:33.004,0.93734,0.93744,1.50,1.50
2013.10.28 05:40:33.131,0.93734,0.93746,2.25,1.13
2013.10.28 05:40:33.311,0.93733,0.93746,3.38,1.50
2013.10.28 05:40:33.490,0.93737,0.93747,1.13,1.13
2013.10.28 05:40:34.022,0.93737,0.93748,1.13,1.88
2013.10.28 05:40:34.082,0.93737,0.93747,1.13,1.50
2013.10.28 05:40:34.441,0.93735,0.93747,1.50,1.88
2013.10.28 05:40:38.862,0.93733,0.93746,2.63,1.50
2013.10.28 05:40:40.351,0.93733,0.93745,1.88,1.50
2013.10.28 05:40:42.924,0.93733,0.93745,1.88,1.50
2013.10.28 05:40:43.701,0.93733,0.93744,1.50,1.13
2013.10.28 05:40:44.524,0.93732,0.93744,2.63,1.13
2013.10.28 05:40:48.051,0.93733,0.93744,1.13,1.13
2013.10.28 05:40:53.601,0.93732,0.93745,2.63,2.63
2013.10.28 05:40:54.124,0.93731,0.93743,1.13,1.50
2013.10.28 05:40:56.761,0.9373,0.93742,1.13,3.00
2013.10.28 05:40:57.062,0.9373,0.93737,1.13,1.50
2013.10.28 05:40:59.201,0.93726,0.93737,1.13,2.63
2013.10.28 05:40:59.561,0.93724,0.93733,2.25,1.50
2013.10.28 05:41:01.077,0.93724,0.93732,1.50,1.50
2013.10.28 05:41:04.111,0.93724,0.93732,1.50,1.50
2013.10.28 05:41:10.712,0.93727,0.93733,1.13,1.50
2013.10.28 05:41:19.512,0.93727,0.93733,1.13,1.50
2013.10.28 05:41:40.952,0.93725,0.93733,1.13,1.50
2013.10.28 05:41:46.462,0.93724,0.93733,1.88,1.50
2013.10.28 05:41:46.582,0.93724,0.93733,1.13,3.00
2013.10.28 05:41:46.821,0.93722,0.93732,1.88,1.88
2013.10.28 05:41:47.601,0.93721,0.93731,1.13,1.88
2013.10.28 05:41:50.031,0.93722,0.93731,1.13,1.50
2013.10.28 05:41:50.331,0.93722,0.93733,1.50,1.88
2013.10.28 05:41:51.341,0.93722,0.93733,1.50,1.50
2013.10.28 05:41:52.112,0.93722,0.93733,1.50,1.50
2013.10.28 05:41:53.873,0.93724,0.93733,1.50,1.50
2013.10.28 05:42:00.823,0.93724,0.93732,1.50,1.50
2013.10.28 05:42:01.363,0.93724,0.93732,1.50,2.25
2013.10.28 05:42:02.351,0.93724,0.93732,1.50,1.50
2013.10.28 05:42:10.411,0.93724,0.93735,1.50,1.50
2013.10.28 05:42:10.472,0.93727,0.93737,1.13,1.50
2013.10.28 05:42:10.532,0.93727,0.93738,1.13,3.38
2013.10.28 05:42:11.172,0.93727,0.93737,1.13,1.50
2013.10.28 05:42:11.351,0.93727,0.93737,1.13,1.50
2013.10.28 05:42:12.902,0.93727,0.93738,1.13,2.25
2013.10.28 05:42:13.421,0.93727,0.93737,1.13,1.50
2013.10.28 05:42:15.131,0.93727,0.93737,1.50,1.50
2013.10.28 05:42:15.192,0.93729,0.93738,1.13,1.50
2013.10.28 05:42:15.491,0.93729,0.93737,1.13,1.50
2013.10.28 05:42:16.411,0.93727,0.93737,1.13,1.88
2013.10.28 05:42:16.651,0.9373,0.9374,1.13,1.13
2013.10.28 05:42:19.412,0.9373,0.93741,2.25,1.13
2013.10.28 05:42:19.593,0.93734,0.93744,1.13,1.88
2013.10.28 05:42:19.714,0.93731,0.93744,2.25,1.13
2013.10.28 05:42:19.831,0.93731,0.93744,1.13,1.13
2013.10.28 05:42:20.597,0.93731,0.93744,1.50,1.13
2013.10.28 05:42:24.151,0.93731,0.93744,1.88,1.13
2013.10.28 05:42:24.331,0.93736,0.93745,1.13,1.88
2013.10.28 05:42:24.452,0.93731,0.93744,1.50,1.13
2013.10.28 05:42:24.572,0.9373,0.93743,3.38,1.13
2013.10.28 05:42:24.691,0.93732,0.93743,1.50,1.13
2013.10.28 05:42:24.991,0.9373,0.93743,2.63,1.13
2013.10.28 05:42:26.653,0.93731,0.93741,1.13,1.13
2013.10.28 05:42:26.772,0.93731,0.9374,1.13,1.50
2013.10.28 05:42:27.012,0.9373,0.93742,2.25,1.13
2013.10.28 05:42:27.572,0.9373,0.93743,1.50,2.63
2013.10.28 05:42:38.182,0.9373,0.93742,1.50,1.13
2013.10.28 05:42:38.305,0.93734,0.93743,1.13,1.50
2013.10.28 05:42:38.551,0.93731,0.93743,1.50,1.13
2013.10.28 05:42:39.092,0.9373,0.93742,3.75,1.13
2013.10.28 05:42:40.842,0.9373,0.93742,4.13,1.13
2013.10.28 05:42:41.142,0.93734,0.93746,2.25,1.88
2013.10.28 05:42:41.501,0.93735,0.93748,2.25,1.50
2013.10.28 05:42:43.571,0.93738,0.93749,1.13,2.25
2013.10.28 05:42:47.891,0.93738,0.93747,1.13,1.50
2013.10.28 05:42:48.191,0.93736,0.93747,1.13,1.13
2013.10.28 05:42:55.552,0.93735,0.93747,1.50,3.00
2013.10.28 05:42:55.852,0.93733,0.93741,1.13,1.13
2013.10.28 05:42:56.213,0.9373,0.93739,1.13,1.88
2013.10.28 05:42:56.452,0.93725,0.93739,3.75,2.63
2013.10.28 05:42:56.572,0.93725,0.93739,1.88,2.63
2013.10.28 05:42:57.224,0.93725,0.93735,1.50,1.13
2013.10.28 05:42:59.431,0.93724,0.93734,1.88,1.88
2013.10.28 05:43:02.101,0.93724,0.93733,1.13,3.75
2013.10.28 05:43:02.222,0.93722,0.93732,1.50,1.50
2013.10.28 05:43:02.342,0.93721,0.93731,1.13,2.25
2013.10.28 05:43:02.986,0.93721,0.93729,1.13,1.50
2013.10.28 05:43:03.842,0.93721,0.93729,1.13,1.50
2013.10.28 05:43:04.053,0.93721,0.93732,1.13,2.25
2013.10.28 05:43:07.452,0.9372,0.9373,1.13,1.88
2013.10.28 05:43:07.517,0.93719,0.9373,1.50,2.63
2013.10.28 05:43:07.582,0.93719,0.93729,1.13,2.25
2013.10.28 05:43:10.412,0.93718,0.93729,1.50,1.88
2013.10.28 05:43:10.472,0.93718,0.93729,1.50,1.13
2013.10.28 05:43:11.011,0.93721,0.93731,1.13,1.13
2013.10.28 05:43:11.694,0.93721,0.93731,1.13,1.13
2013.10.28 05:43:13.601,0.93721,0.93733,1.13,2.25
2013.10.28 05:43:13.781,0.93721,0.93734,1.88,1.50
2013.10.28 05:43:15.181,0.93721,0.93733,1.88,1.13
2013.10.28 05:43:17.553,0.93721,0.93734,1.88,1.13
2013.10.28 05:43:21.701,0.93725,0.93735,1.13,3.75
2013.10.28 05:43:23.122,0.93724,0.93735,1.13,3.75
2013.10.28 05:43:26.201,0.93724,0.93735,1.13,4.13
2013.10.28 05:43:28.832,0.93722,0.93733,1.50,1.13
2013.10.28 05:43:28.892,0.93722,0.93735,1.50,2.63
2013.10.28 05:43:29.451,0.93718,0.93726,2.25,1.88
2013.10.28 05:43:29.571,0.93717,0.93726,1.88,1.13
2013.10.28 05:43:30.371,0.93717,0.93725,1.13,1.50
2013.10.28 05:43:30.549,0.93717,0.93725,1.13,1.13
2013.10.28 05:43:31.122,0.93716,0.93725,1.13,1.13
2013.10.28 05:43:31.625,0.93716,0.93725,1.13,1.50
2013.10.28 05:43:39.611,0.93716,0.93725,1.13,1.50
2013.10.28 05:43:39.791,0.93716,0.93725,1.13,1.50
2013.10.28 05:43:42.104,0.93711,0.93721,1.13,1.50
2013.10.28 05:43:42.472,0.93708,0.9372,1.13,1.50
2013.10.28 05:43:42.531,0.93707,0.93719,1.88,1.13
2013.10.28 05:43:42.652,0.93706,0.93718,2.25,1.13
2013.10.28 05:43:42.892,0.93703,0.93717,3.00,1.88
2013.10.28 05:43:43.192,0.93704,0.93717,1.13,1.50
2013.10.28 05:43:43.755,0.93704,0.93717,1.13,1.50
2013.10.28 05:43:44.812,0.93704,0.93717,1.13,2.25
2013.10.28 05:43:49.651,0.93703,0.93715,1.88,1.13
2013.10.28 05:43:50.774,0.93703,0.93714,1.13,1.50
2013.10.28 05:43:51.011,0.93702,0.93714,2.63,2.25
2013.10.28 05:43:51.512,0.93702,0.93714,2.25,2.25
2013.10.28 05:43:52.913,0.93702,0.9371,1.50,1.50
2013.10.28 05:43:53.103,0.93699,0.93707,1.50,1.50
2013.10.28 05:43:53.283,0.93696,0.93707,1.50,1.88
2013.10.28 05:44:00.232,0.93696,0.93707,1.13,1.50
2013.10.28 05:44:03.903,0.93696,0.93707,1.13,3.38
2013.10.28 05:44:15.762,0.93696,0.93707,1.13,4.88
2013.10.28 05:44:16.122,0.93689,0.93699,1.50,1.13
2013.10.28 05:44:17.241,0.93687,0.93698,1.50,1.50
2013.10.28 05:44:18.712,0.93685,0.93697,1.13,1.13
2013.10.28 05:44:21.792,0.93685,0.93697,1.13,1.13
2013.10.28 05:44:23.116,0.93685,0.93697,1.88,1.13
2013.10.28 05:44:28.299,0.93687,0.93696,1.13,1.13
2013.10.28 05:44:30.305,0.93687,0.93696,1.13,1.13
2013.10.28 05:44:31.911,0.93687,0.93697,1.13,1.13
2013.10.28 05:44:32.361,0.93686,0.93696,1.13,1.88
2013.10.28 05:44:32.422,0.93686,0.93696,1.13,1.50
2013.10.28 05:44:37.652,0.93687,0.93696,1.13,1.50
2013.10.28 05:44:37.772,0.93688,0.93698,1.13,3.38
2013.10.28 05:44:38.602,0.93687,0.93696,1.13,2.25
2013.10.28 05:44:38.922,0.93686,0.93695,1.13,1.13
2013.10.28 05:44:40.002,0.93683,0.93695,1.13,2.63
2013.10.28 05:44:41.431,0.93685,0.93695,1.13,1.88
2013.10.28 05:44:41.712,0.93687,0.93695,1.13,1.50
2013.10.28 05:44:47.863,0.93684,0.93695,1.13,1.50
2013.10.28 05:44:50.682,0.93683,0.93692,1.13,2.25
2013.10.28 05:44:50.742,0.93682,0.93691,1.13,1.50
2013.10.28 05:44:51.283,0.93681,0.9369,1.13,2.25
2013.10.28 05:44:52.652,0.93683,0.93691,1.13,3.00
2013.10.28 05:44:53.422,0.93682,0.93691,1.13,1.50
2013.10.28 05:44:57.395,0.93682,0.93691,1.13,1.50
2013.10.28 05:44:57.654,0.9368,0.93691,2.63,1.50
2013.10.28 05:44:57.896,0.9368,0.93691,1.88,2.63
2013.10.28 05:44:58.384,0.93682,0.93691,1.13,1.13
2013.10.28 05:44:58.564,0.93683,0.93694,1.13,1.50
2013.10.28 05:44:58.923,0.93684,0.93696,1.13,1.13
2013.10.28 05:45:02.182,0.93689,0.93696,1.13,1.50
2013.10.28 05:45:03.512,0.93693,0.937,1.13,1.50
2013.10.28 05:45:04.416,0.93698,0.93707,1.13,3.00
2013.10.28 05:45:04.572,0.93698,0.93707,1.13,3.00
2013.10.28 05:45:04.632,0.93698,0.93707,1.13,3.00
2013.10.28 05:45:05.062,0.93698,0.93708,1.13,2.25
2013.10.28 05:45:05.312,0.93695,0.93708,1.50,2.25
2013.10.28 05:45:06.912,0.93696,0.93707,1.13,1.88
2013.10.28 05:45:07.092,0.93692,0.93705,1.13,3.00
2013.10.28 05:45:07.213,0.93691,0.93703,1.13,1.13
2013.10.28 05:45:07.754,0.93689,0.937,1.13,1.50
2013.10.28 05:45:08.283,0.93689,0.937,1.13,1.50
2013.10.28 05:45:09.192,0.93691,0.93701,1.13,1.88
2013.10.28 05:45:09.795,0.93692,0.93701,1.13,1.13
2013.10.28 05:45:10.753,0.93691,0.93701,1.13,1.13
2013.10.28 05:45:11.262,0.9369,0.93701,1.13,1.13
2013.10.28 05:45:14.092,0.93688,0.93701,1.50,2.25
2013.10.28 05:45:15.242,0.93688,0.93699,2.63,1.13
2013.10.28 05:45:15.803,0.93689,0.93702,1.50,1.88
2013.10.28 05:45:16.272,0.9369,0.93702,1.13,1.50
2013.10.28 05:45:16.465,0.93692,0.93702,1.13,1.13
2013.10.28 05:45:17.232,0.9369,0.93702,1.13,1.13
2013.10.28 05:45:17.592,0.93688,0.93698,1.88,1.88
2013.10.28 05:45:17.712,0.93688,0.93699,1.88,1.13
2013.10.28 05:45:18.022,0.93692,0.93702,1.13,1.50
2013.10.28 05:45:18.433,0.93693,0.93702,1.13,1.50
2013.10.28 05:45:18.612,0.93697,0.93708,1.13,1.13
2013.10.28 05:45:19.113,0.93697,0.9371,1.13,1.13
2013.10.28 05:45:19.661,0.93697,0.9371,1.13,1.13
2013.10.28 05:45:20.340,0.93697,0.9371,1.13,1.50
2013.10.28 05:45:20.402,0.93696,0.93708,1.88,1.50
2013.10.28 05:45:21.362,0.93693,0.93705,2.63,1.50
2013.10.28 05:45:24.472,0.93695,0.93706,1.13,1.50
2013.10.28 05:45:25.062,0.93696,0.93706,1.13,1.50
2013.10.28 05:45:25.745,0.93696,0.93706,1.13,1.50
2013.10.28 05:45:25.812,0.93697,0.93706,1.13,1.13
2013.10.28 05:45:26.702,0.93697,0.93708,1.13,1.50
2013.10.28 05:45:26.882,0.93698,0.93708,1.13,1.50
2013.10.28 05:45:27.123,0.93698,0.93708,1.13,1.13
2013.10.28 05:45:27.481,0.93698,0.9371,1.13,1.88
2013.10.28 05:45:28.001,0.937,0.9371,1.13,1.88
2013.10.28 05:45:33.293,0.93697,0.9371,1.88,1.13
2013.10.28 05:45:33.632,0.93699,0.93711,1.13,2.25
2013.10.28 05:45:39.632,0.93699,0.93711,1.13,1.88
2013.10.28 05:45:40.199,0.93702,0.93712,1.13,2.25
2013.10.28 05:45:43.921,0.93702,0.93712,1.13,1.50
2013.10.28 05:45:44.161,0.93702,0.93715,2.63,1.50
2013.10.28 05:45:44.402,0.93703,0.93716,1.50,1.50
2013.10.28 05:45:44.761,0.93706,0.93718,1.13,2.25
2013.10.28 05:45:45.002,0.93706,0.93719,1.13,2.25
2013.10.28 05:45:46.201,0.93705,0.93719,2.25,3.00
2013.10.28 05:45:48.642,0.93705,0.93719,1.88,3.75
2013.10.28 05:45:48.703,0.93705,0.93718,1.50,1.50
2013.10.28 05:45:52.982,0.93705,0.93716,1.13,1.50
2013.10.28 05:46:15.182,0.93705,0.93717,1.50,2.25
2013.10.28 05:46:15.242,0.93705,0.93717,1.50,1.50
2013.10.28 05:46:15.361,0.93706,0.9372,1.13,4.50
2013.10.28 05:46:15.960,0.93706,0.93719,1.13,1.50
2013.10.28 05:46:18.522,0.93707,0.9372,1.50,1.50
2013.10.28 05:46:41.342,0.93707,0.9372,1.88,2.25
2013.10.28 05:46:41.522,0.93712,0.93724,1.13,2.25
2013.10.28 05:46:41.582,0.93714,0.93724,1.13,1.88
2013.10.28 05:46:42.062,0.93715,0.93727,1.13,1.50
2013.10.28 05:46:43.342,0.93715,0.93727,1.13,2.25
2013.10.28 05:46:43.402,0.93716,0.93727,1.13,1.50
2013.10.28 05:46:43.462,0.93715,0.93729,2.25,2.63
2013.10.28 05:46:44.462,0.93715,0.93729,2.25,3.38
2013.10.28 05:46:44.971,0.93716,0.9373,1.88,2.25
2013.10.28 05:46:45.032,0.93716,0.93729,1.88,1.50
2013.10.28 05:46:53.823,0.93716,0.93728,1.88,1.50
2013.10.28 05:46:54.431,0.93716,0.93729,1.88,2.63
2013.10.28 05:46:56.113,0.93715,0.93727,2.25,1.13
2013.10.28 05:46:56.292,0.9371,0.9372,2.25,1.50
2013.10.28 05:46:56.832,0.93711,0.93722,1.88,1.50
2013.10.28 05:46:57.442,0.93711,0.9372,2.63,1.13
2013.10.28 05:46:58.093,0.93711,0.9372,1.50,1.13
2013.10.28 05:46:58.153,0.9371,0.9372,1.13,1.13
2013.10.28 05:46:58.561,0.93705,0.93717,1.88,1.13
2013.10.28 05:46:59.167,0.93705,0.93718,1.43,1.50
2013.10.28 05:47:00.983,0.93705,0.93715,1.80,1.50
2013.10.28 05:47:01.102,0.93702,0.93715,2.63,1.50
2013.10.28 05:47:01.612,0.93703,0.93716,1.88,1.13
2013.10.28 05:47:02.043,0.93704,0.93717,1.13,3.00
2013.10.28 05:47:02.702,0.93704,0.93716,1.50,1.88
2013.10.28 05:47:02.882,0.937,0.93715,3.30,1.88
2013.10.28 05:47:03.431,0.937,0.93713,2.55,2.25
2013.10.28 05:47:03.962,0.937,0.93713,2.55,2.25
2013.10.28 05:47:05.552,0.937,0.9371,2.55,1.13
2013.10.28 05:47:06.072,0.937,0.93711,2.55,1.50
2013.10.28 05:47:06.692,0.937,0.93712,3.68,1.50
2013.10.28 05:47:06.813,0.93701,0.93713,1.13,1.13
2013.10.28 05:47:07.176,0.93707,0.93718,1.88,1.50
2013.10.28 05:47:07.302,0.93707,0.93719,1.88,1.13
2013.10.28 05:47:07.422,0.93708,0.93719,2.63,1.13
2013.10.28 05:47:07.902,0.93709,0.9372,1.13,1.50
2013.10.28 05:47:12.282,0.93708,0.9372,1.88,1.13
2013.10.28 05:47:16.712,0.93707,0.93717,2.63,1.13
2013.10.28 05:47:17.700,0.93707,0.9372,1.13,3.00
2013.10.28 05:47:18.703,0.93707,0.9372,2.25,1.50
2013.10.28 05:47:20.096,0.9371,0.93721,1.13,1.88
2013.10.28 05:47:20.612,0.93709,0.93721,1.13,1.88
2013.10.28 05:47:21.173,0.93709,0.93722,1.88,1.13
2013.10.28 05:47:21.233,0.93713,0.93722,1.50,1.13
2013.10.28 05:47:21.355,0.93714,0.93723,1.13,1.13
2013.10.28 05:47:27.542,0.93713,0.93723,1.13,1.88
2013.10.28 05:47:46.534,0.93713,0.93725,1.13,1.50
2013.10.28 05:47:46.593,0.93713,0.93725,1.88,1.50
2013.10.28 05:47:46.713,0.93713,0.93725,1.88,1.13
2013.10.28 05:47:49.295,0.93713,0.93727,1.88,2.25
2013.10.28 05:47:49.842,0.93713,0.93726,2.25,1.13
2013.10.28 05:47:51.543,0.93713,0.93726,2.25,1.13
2013.10.28 05:47:54.152,0.93713,0.93727,1.50,1.88
2013.10.28 05:47:54.332,0.93714,0.93727,2.25,1.88
2013.10.28 05:48:00.748,0.93713,0.93726,1.13,1.50
2013.10.28 05:48:01.334,0.93713,0.93725,1.13,1.50
2013.10.28 05:48:08.385,0.93713,0.93725,1.13,1.13
2013.10.28 05:48:08.533,0.93713,0.93727,1.88,2.25
2013.10.28 05:48:09.072,0.93715,0.93726,1.50,1.50
2013.10.28 05:48:25.692,0.93714,0.93725,1.88,1.13
2013.10.28 05:48:29.952,0.93714,0.93725,1.50,1.13
2013.10.28 05:48:35.992,0.93717,0.93727,1.50,1.50
2013.10.28 05:48:36.233,0.93723,0.93737,1.50,4.13
2013.10.28 05:48:36.872,0.93726,0.93738,1.13,1.13
2013.10.28 05:48:37.382,0.93726,0.93738,1.50,1.13
2013.10.28 05:48:37.894,0.93726,0.93738,1.13,1.13
2013.10.28 05:48:38.464,0.93725,0.93735,1.50,1.50
2013.10.28 05:48:38.983,0.93724,0.93735,1.50,1.50
2013.10.28 05:48:43.794,0.93724,0.93735,1.50,1.88
2013.10.28 05:48:47.683,0.93723,0.93735,2.25,1.50
2013.10.28 05:48:48.369,0.93723,0.93735,1.50,1.50
2013.10.28 05:48:58.687,0.93723,0.93735,1.50,1.88
2013.10.28 05:49:21.322,0.93723,0.93735,2.63,1.50
2013.10.28 05:49:21.622,0.93723,0.93735,2.63,1.50
2013.10.28 05:49:22.213,0.93723,0.93735,1.88,1.50
2013.10.28 05:49:36.167,0.93722,0.93734,1.50,1.13
2013.10.28 05:49:36.292,0.9372,0.93732,2.18,1.13
2013.10.28 05:49:36.353,0.93717,0.93731,3.38,1.50
2013.10.28 05:49:36.834,0.93713,0.93726,1.50,1.13
2013.10.28 05:49:37.752,0.93713,0.93726,1.50,1.13
2013.10.28 05:49:37.932,0.93714,0.93726,1.50,1.13
2013.10.28 05:49:38.882,0.93714,0.93726,1.50,1.13
2013.10.28 05:49:39.463,0.93714,0.93726,1.50,1.13
2013.10.28 05:49:39.824,0.93711,0.93725,1.13,3.00
2013.10.28 05:49:48.865,0.9371,0.93722,1.13,3.00
2013.10.28 05:49:48.923,0.9371,0.93722,1.13,3.38
2013.10.28 05:49:49.042,0.93707,0.9372,1.50,1.88
2013.10.28 05:49:49.622,0.93706,0.9372,1.88,3.00
2013.10.28 05:49:49.922,0.93705,0.9372,2.63,3.00
2013.10.28 05:49:50.556,0.93705,0.93718,1.50,2.63
2013.10.28 05:49:50.862,0.93702,0.93715,1.13,1.88
2013.10.28 05:49:52.037,0.93702,0.93715,1.13,2.63
2013.10.28 05:49:52.762,0.93702,0.93714,1.13,1.50
2013.10.28 05:49:53.882,0.93702,0.93713,1.13,1.88
2013.10.28 05:49:54.413,0.93702,0.93713,1.13,2.25
2013.10.28 05:49:54.772,0.93699,0.93709,1.50,2.25
2013.10.28 05:49:54.840,0.93698,0.93709,1.88,2.25
2013.10.28 05:49:55.463,0.93698,0.93709,1.13,2.25
2013.10.28 05:49:56.423,0.93698,0.93709,1.13,1.88
2013.10.28 05:49:57.544,0.93698,0.9371,1.50,2.25
2013.10.28 05:49:58.102,0.93698,0.9371,1.50,2.25
2013.10.28 05:50:11.394,0.93697,0.93711,2.25,2.25
2013.10.28 05:50:11.634,0.93701,0.93715,2.25,2.63
2013.10.28 05:50:12.993,0.93701,0.93715,2.25,3.38
2013.10.28 05:50:13.943,0.93703,0.93715,1.50,2.63
2013.10.28 05:50:17.663,0.93705,0.93715,1.13,2.25
2013.10.28 05:50:56.423,0.93705,0.93716,1.13,1.50
2013.10.28 05:50:56.785,0.93706,0.93717,1.13,1.50
2013.10.28 05:50:56.902,0.93706,0.93717,1.13,1.50
2013.10.28 05:51:01.612,0.93705,0.93717,1.50,1.50
2013.10.28 05:51:02.154,0.93705,0.93717,1.50,1.50
2013.10.28 05:51:04.402,0.93709,0.93718,1.13,1.50
2013.10.28 05:51:04.763,0.93711,0.93722,1.13,1.50
2013.10.28 05:51:05.293,0.93712,0.93723,1.13,2.63
2013.10.28 05:51:10.023,0.93712,0.93725,1.13,2.25
2013.10.28 05:51:10.552,0.93713,0.93725,1.50,2.25
2013.10.28 05:51:10.973,0.93712,0.93725,3.75,1.50
2013.10.28 05:51:11.213,0.93714,0.93728,1.50,1.50
2013.10.28 05:51:12.583,0.93715,0.93729,1.50,2.25
2013.10.28 05:51:12.643,0.93716,0.93729,1.13,1.50
2013.10.28 05:51:12.823,0.9372,0.93733,1.13,2.25
2013.10.28 05:51:12.945,0.9372,0.93735,2.63,2.25
2013.10.28 05:51:13.483,0.93721,0.93735,1.88,1.13
2013.10.28 05:51:14.244,0.93721,0.93735,1.88,1.13
2013.10.28 05:51:18.453,0.93722,0.93735,1.88,1.13
2013.10.28 05:51:18.692,0.93722,0.93736,1.50,1.88
2013.10.28 05:51:19.243,0.93722,0.93736,2.63,1.50
2013.10.28 05:51:20.372,0.93722,0.93736,1.88,1.88
2013.10.28 05:51:20.909,0.93722,0.93735,1.88,1.13
2013.10.28 05:51:33.352,0.93722,0.93734,1.50,1.13
2013.10.28 05:51:33.886,0.93722,0.93728,2.25,1.13
2013.10.28 05:51:33.953,0.9372,0.93734,1.50,1.88
2013.10.28 05:51:34.135,0.9372,0.93734,2.25,1.13
2013.10.28 05:51:45.997,0.93722,0.93734,1.50,1.13
2013.10.28 05:51:46.522,0.93723,0.93735,1.50,2.63
2013.10.28 05:51:49.406,0.93724,0.93735,1.50,1.88
2013.10.28 05:51:49.592,0.93731,0.93741,1.88,1.50
2013.10.28 05:51:49.715,0.93731,0.93745,3.75,2.25
2013.10.28 05:51:50.262,0.93732,0.93746,1.50,1.13
2013.10.28 05:51:54.962,0.93732,0.93746,1.50,1.50
2013.10.28 05:51:58.573,0.93731,0.93746,2.63,2.25
2013.10.28 05:51:58.634,0.93731,0.93745,1.13,1.50
2013.10.28 05:51:59.202,0.93731,0.93745,1.88,1.50
2013.10.28 05:52:00.424,0.93732,0.93745,1.13,1.50
2013.10.28 05:52:00.483,0.93734,0.93745,1.13,1.50
2013.10.28 05:52:00.724,0.93733,0.93746,1.13,1.50
2013.10.28 05:52:01.553,0.93731,0.93745,3.00,1.50
2013.10.28 05:52:03.564,0.93731,0.93744,1.13,1.50
2013.10.28 05:52:04.360,0.9373,0.93744,1.13,3.00
2013.10.28 05:52:06.603,0.93731,0.93744,1.13,3.00
2013.10.28 05:52:07.142,0.93731,0.93745,1.88,2.25
2013.10.28 05:52:07.612,0.93731,0.93745,1.88,2.25
2013.10.28 05:52:11.195,0.93731,0.93745,2.63,1.50
2013.10.28 05:52:11.761,0.93731,0.93745,2.63,1.50
2013.10.28 05:52:14.372,0.93731,0.93744,1.88,2.63
2013.10.28 05:52:30.473,0.93733,0.93744,1.13,1.50
2013.10.28 05:52:30.592,0.93733,0.93745,1.13,2.25
2013.10.28 05:52:31.823,0.93733,0.93745,1.13,1.50
2013.10.28 05:52:32.783,0.93733,0.93745,1.13,2.25
2013.10.28 05:52:41.933,0.93734,0.93744,1.13,1.13
2013.10.28 05:52:42.113,0.93734,0.93744,1.13,3.38
2013.10.28 05:52:42.374,0.9373,0.93743,3.38,1.50
2013.10.28 05:53:00.183,0.9373,0.93743,1.88,2.25
2013.10.28 05:53:13.263,0.9373,0.93742,1.13,1.50
2013.10.28 05:53:14.183,0.93731,0.93743,1.13,2.25
2013.10.28 05:53:20.693,0.93731,0.93742,1.13,1.50
2013.10.28 05:53:20.824,0.93731,0.93742,1.13,1.50
2013.10.28 05:53:27.593,0.9373,0.93742,1.13,1.50
2013.10.28 05:53:33.813,0.93729,0.93741,3.00,1.50
2013.10.28 05:53:37.792,0.93732,0.93742,1.13,1.50
2013.10.28 05:53:38.033,0.93732,0.93742,2.25,1.50
2013.10.28 05:53:47.283,0.9373,0.93741,1.50,1.50
2013.10.28 05:53:50.102,0.9373,0.93742,1.13,1.50
2013.10.28 05:53:50.223,0.93731,0.93743,1.13,1.13
2013.10.28 05:53:50.343,0.9373,0.93744,1.88,1.50
2013.10.28 05:53:51.393,0.93738,0.93745,1.13,3.00
2013.10.28 05:53:51.632,0.93739,0.9375,1.13,1.50
2013.10.28 05:53:51.753,0.93739,0.93749,1.50,1.13
2013.10.28 05:53:52.262,0.93739,0.93751,2.25,1.88
2013.10.28 05:53:53.857,0.9374,0.93751,2.25,1.88
2013.10.28 05:54:00.837,0.93741,0.93751,1.50,1.88
2013.10.28 05:54:01.383,0.93741,0.93751,2.25,1.13
2013.10.28 05:54:02.903,0.93741,0.93751,2.25,1.13
2013.10.28 05:54:21.363,0.9374,0.93751,1.50,1.13
2013.10.28 05:54:31.140,0.9374,0.93751,1.50,1.13
2013.10.28 05:54:37.294,0.9374,0.93751,1.88,1.13
2013.10.28 05:54:37.663,0.93741,0.93751,1.13,1.13
2013.10.28 05:54:48.545,0.93739,0.93751,3.00,1.13
2013.10.28 05:54:52.300,0.93739,0.93751,1.13,1.88
2013.10.28 05:54:52.907,0.9374,0.93751,1.13,1.88
2013.10.28 05:55:01.526,0.9374,0.93751,1.13,1.88
2013.10.28 05:55:11.023,0.93742,0.93751,1.13,1.50
2013.10.28 05:55:14.836,0.93743,0.93752,1.13,1.50
2013.10.28 05:55:18.736,0.93739,0.93751,1.88,1.50
2013.10.28 05:55:18.853,0.93739,0.93751,2.25,1.13
2013.10.28 05:55:20.717,0.93739,0.93751,1.88,1.50
2013.10.28 05:55:20.902,0.93739,0.93751,2.25,1.13
2013.10.28 05:55:21.554,0.93739,0.93752,1.50,1.50
2013.10.28 05:55:22.463,0.93739,0.93752,1.13,2.25
2013.10.28 05:55:22.882,0.93739,0.93752,1.50,2.25
2013.10.28 05:55:23.433,0.93738,0.93752,1.50,1.88
2013.10.28 05:55:23.553,0.93738,0.93752,1.50,1.88
2013.10.28 05:55:28.053,0.93739,0.93752,1.50,1.88
2013.10.28 05:55:28.413,0.93753,0.9376,1.13,1.50
2013.10.28 05:55:29.572,0.93753,0.93762,1.13,2.25
2013.10.28 05:55:30.423,0.93751,0.9376,1.88,1.50
2013.10.28 05:55:30.603,0.93751,0.93759,2.63,1.13
2013.10.28 05:55:31.415,0.9375,0.9376,1.13,2.63
2013.10.28 05:55:31.533,0.93749,0.9376,2.25,1.88
2013.10.28 05:55:32.103,0.9375,0.9376,1.50,1.50
2013.10.28 05:55:32.343,0.9375,0.93763,1.50,1.13
2013.10.28 05:55:32.402,0.93752,0.93763,1.50,1.88
2013.10.28 05:55:32.582,0.93752,0.93763,1.50,1.13
2013.10.28 05:55:32.883,0.93752,0.93763,1.50,1.13
2013.10.28 05:55:33.113,0.93751,0.93762,1.88,1.13
2013.10.28 05:55:33.662,0.93751,0.93762,2.63,1.13
2013.10.28 05:55:34.133,0.93752,0.93762,1.13,1.13
2013.10.28 05:55:34.493,0.93752,0.93764,2.25,1.13
2013.10.28 05:55:34.553,0.93752,0.93765,2.63,1.88
2013.10.28 05:55:35.014,0.93751,0.93763,4.13,1.13
2013.10.28 05:55:35.742,0.93752,0.93763,1.50,1.13
2013.10.28 05:55:38.195,0.93752,0.93763,1.13,1.13
2013.10.28 05:55:38.503,0.93756,0.93765,1.50,2.25
2013.10.28 05:55:38.623,0.93756,0.93767,1.50,1.88
2013.10.28 05:55:38.683,0.93756,0.93767,1.50,1.88
2013.10.28 05:55:39.445,0.93756,0.93766,1.13,1.13
2013.10.28 05:55:39.513,0.93758,0.93767,1.13,1.88
2013.10.28 05:55:39.634,0.93758,0.93768,1.50,1.50
2013.10.28 05:55:39.694,0.93761,0.93771,1.50,1.50
2013.10.28 05:55:39.933,0.93763,0.93773,1.50,1.50
2013.10.28 05:55:40.473,0.93763,0.93773,1.13,1.50
2013.10.28 05:55:41.133,0.9376,0.93772,1.88,1.13
2013.10.28 05:55:41.663,0.9376,0.93771,2.25,1.13
2013.10.28 05:55:42.203,0.93758,0.9377,1.50,1.88
2013.10.28 05:55:44.314,0.93757,0.93769,1.88,1.50
2013.10.28 05:55:48.102,0.93757,0.93769,1.13,1.13
2013.10.28 05:55:48.784,0.93757,0.93768,1.13,1.13
2013.10.28 05:55:48.843,0.93756,0.93766,1.88,1.50
2013.10.28 05:55:49.160,0.93751,0.93757,1.50,1.13
2013.10.28 05:55:49.224,0.93747,0.93757,2.25,1.13
2013.10.28 05:55:49.343,0.93745,0.93757,1.13,1.13
2013.10.28 05:55:50.275,0.93746,0.93757,1.50,1.13
2013.10.28 05:55:51.813,0.93747,0.93757,1.88,1.13
2013.10.28 05:55:51.933,0.93747,0.93761,1.88,2.25
2013.10.28 05:55:51.993,0.93747,0.93762,2.63,4.50
2013.10.28 05:55:52.355,0.9375,0.93763,1.50,1.50
2013.10.28 05:55:57.875,0.9375,0.93762,1.50,1.50
2013.10.28 05:55:58.113,0.93747,0.93758,1.88,1.13
2013.10.28 05:55:58.603,0.93749,0.9376,1.50,1.50
2013.10.28 05:55:58.663,0.9375,0.93762,2.25,1.50
2013.10.28 05:55:59.209,0.9375,0.93764,3.00,2.25
2013.10.28 05:55:59.723,0.9375,0.93764,3.00,1.50
2013.10.28 05:56:01.303,0.9375,0.93764,3.38,2.25
2013.10.28 05:56:02.794,0.93752,0.93764,2.63,1.50
2013.10.28 05:56:02.857,0.93754,0.93765,1.13,2.25
2013.10.28 05:56:02.924,0.93756,0.93768,1.50,1.50
2013.10.28 05:56:03.044,0.93756,0.9377,2.25,2.25
2013.10.28 05:56:03.293,0.93758,0.93773,1.13,3.38
2013.10.28 05:56:03.855,0.93758,0.93773,1.88,3.38
2013.10.28 05:56:04.954,0.93758,0.93772,2.63,1.50
2013.10.28 05:56:05.313,0.93758,0.93768,1.13,1.13
2013.10.28 05:56:06.373,0.93758,0.9377,1.13,2.25
2013.10.28 05:56:07.064,0.93757,0.9377,1.13,2.63
2013.10.28 05:56:13.254,0.93757,0.9377,1.13,2.63
2013.10.28 05:56:16.383,0.93758,0.9377,1.50,2.25
2013.10.28 05:56:16.624,0.93758,0.9377,1.13,2.25
2013.10.28 05:56:18.453,0.93758,0.9377,1.50,2.25
2013.10.28 05:56:24.813,0.93758,0.9377,1.13,1.88
2013.10.28 05:56:24.933,0.93757,0.93769,1.13,1.13
2013.10.28 05:56:25.053,0.93756,0.93767,1.88,1.13
2013.10.28 05:56:25.594,0.93755,0.93767,1.13,1.88
2013.10.28 05:56:26.803,0.93755,0.93767,1.13,1.88
2013.10.28 05:56:27.304,0.93755,0.93767,1.13,1.50
2013.10.28 05:56:28.014,0.93756,0.93768,1.13,1.50
2013.10.28 05:56:28.073,0.93756,0.9377,1.88,1.50
2013.10.28 05:56:28.134,0.93757,0.93771,1.13,1.13
2013.10.28 05:56:28.864,0.93758,0.9377,1.50,1.88
2013.10.28 05:56:29.173,0.93757,0.93768,1.13,1.13
2013.10.28 05:56:29.473,0.93753,0.93765,1.13,1.13
2013.10.28 05:56:29.993,0.93753,0.93766,1.50,1.13
2013.10.28 05:56:30.764,0.93753,0.93765,2.25,1.13
2013.10.28 05:56:31.514,0.93753,0.93765,2.25,1.88
2013.10.28 05:56:41.553,0.93753,0.93765,2.25,1.13
2013.10.28 05:56:43.313,0.93753,0.93765,2.25,1.13
2013.10.28 05:56:43.873,0.93754,0.93767,1.50,1.88
2013.10.28 05:56:45.384,0.93754,0.93768,3.00,2.25
2013.10.28 05:56:45.754,0.93758,0.9377,1.50,1.50
2013.10.28 05:56:46.283,0.93758,0.93772,1.50,2.25
2013.10.28 05:56:49.563,0.9376,0.93772,1.88,1.88
2013.10.28 05:56:53.073,0.9376,0.93772,1.50,1.88
2013.10.28 05:56:55.004,0.9376,0.93772,1.13,1.88
2013.10.28 05:57:00.997,0.9376,0.9377,1.13,1.13
2013.10.28 05:57:01.243,0.9376,0.93771,1.13,1.13
2013.10.28 05:57:02.863,0.9376,0.93772,2.63,1.13
2013.10.28 05:57:06.957,0.93761,0.93772,1.13,1.13
2013.10.28 05:57:12.343,0.9376,0.93771,1.88,1.13
2013.10.28 05:57:12.403,0.93761,0.93772,1.13,1.13
2013.10.28 05:57:12.943,0.93761,0.93771,1.13,1.13
2013.10.28 05:57:13.003,0.93761,0.93771,1.13,1.13
2013.10.28 05:57:18.403,0.93761,0.93771,1.13,1.13
2013.10.28 05:57:20.924,0.93761,0.93771,1.13,1.88
2013.10.28 05:57:21.102,0.93761,0.93769,1.13,1.13
2013.10.28 05:57:21.403,0.93761,0.93771,1.13,1.13
2013.10.28 05:57:23.503,0.9376,0.93771,1.88,1.13
2013.10.28 05:57:25.863,0.93761,0.93771,1.50,1.13
2013.10.28 05:57:25.983,0.93761,0.93773,2.25,1.13
2013.10.28 05:57:35.313,0.93762,0.93773,1.50,1.13
2013.10.28 05:57:35.858,0.93762,0.93773,1.50,1.13
2013.10.28 05:57:36.264,0.93763,0.93775,1.88,1.13
2013.10.28 05:57:36.866,0.93764,0.93775,1.50,1.13
2013.10.28 05:57:41.164,0.93763,0.93775,1.88,1.88
2013.10.28 05:57:41.363,0.93763,0.93774,1.50,1.13
2013.10.28 05:57:41.903,0.93763,0.93773,1.50,1.13
2013.10.28 05:57:42.464,0.93763,0.93773,1.50,1.13
2013.10.28 05:57:48.583,0.93763,0.93774,1.88,1.13
2013.10.28 05:57:52.873,0.93763,0.93773,1.50,1.50
2013.10.28 05:57:53.454,0.93763,0.93773,1.50,1.50
2013.10.28 05:57:54.003,0.93762,0.93773,1.50,1.50
2013.10.28 05:57:56.833,0.93762,0.93773,1.50,1.50
2013.10.28 05:58:05.493,0.93762,0.93773,1.13,2.25
2013.10.28 05:58:05.733,0.93763,0.93773,1.13,2.25
2013.10.28 05:58:07.054,0.93763,0.93773,1.13,1.88
2013.10.28 05:58:08.374,0.93764,0.93773,1.13,1.13
2013.10.28 05:58:08.944,0.93763,0.93773,1.13,1.50
2013.10.28 05:58:09.913,0.93764,0.93773,1.13,1.50
2013.10.28 05:58:10.534,0.93763,0.93773,1.13,1.13
2013.10.28 05:58:11.205,0.93763,0.93773,1.13,1.50
2013.10.28 05:58:13.203,0.93763,0.93774,1.13,1.13
2013.10.28 05:58:16.165,0.93764,0.93775,1.13,1.13
2013.10.28 05:58:16.414,0.93761,0.9377,1.50,1.13
2013.10.28 05:58:16.964,0.93761,0.93771,1.13,1.88
2013.10.28 05:58:18.583,0.93762,0.93771,1.13,1.88
2013.10.28 05:58:20.253,0.93762,0.93772,1.13,1.88
2013.10.28 05:58:23.073,0.93764,0.93772,1.50,1.13
2013.10.28 05:58:23.813,0.93763,0.93772,1.50,1.13
2013.10.28 05:58:25.175,0.93763,0.93772,1.50,1.13
2013.10.28 05:58:35.013,0.93763,0.93774,1.13,1.13
2013.10.28 05:58:35.633,0.93763,0.93773,1.13,1.13
2013.10.28 05:58:41.784,0.93763,0.93776,1.88,1.88
2013.10.28 05:58:43.214,0.93764,0.93776,2.25,1.13
2013.10.28 05:58:43.573,0.93765,0.93777,1.88,1.50
2013.10.28 05:58:43.813,0.93765,0.93776,1.13,1.13
2013.10.28 05:58:43.933,0.93765,0.93776,2.25,1.13
2013.10.28 05:58:44.483,0.93765,0.93777,1.88,1.50
2013.10.28 05:58:45.304,0.93765,0.93776,1.13,1.13
2013.10.28 05:58:47.333,0.93764,0.93776,2.25,1.50
2013.10.28 05:58:47.904,0.93764,0.93776,1.88,1.88
2013.10.28 05:58:49.893,0.93764,0.93776,2.63,1.88
2013.10.28 05:58:50.013,0.93764,0.93776,2.63,1.88
2013.10.28 05:58:50.713,0.93764,0.93775,1.88,1.13
2013.10.28 05:58:51.276,0.93764,0.93775,1.50,1.88
2013.10.28 05:58:51.854,0.93763,0.93773,2.25,1.13
2013.10.28 05:58:52.403,0.93764,0.93773,1.13,1.13
2013.10.28 05:59:01.623,0.93765,0.93775,1.13,1.88
2013.10.28 05:59:02.103,0.93766,0.93776,1.13,1.13
2013.10.28 05:59:02.165,0.93767,0.93777,1.13,2.18
2013.10.28 05:59:02.534,0.93767,0.93777,1.50,1.05
2013.10.28 05:59:03.136,0.93764,0.93774,1.13,1.13
2013.10.28 05:59:03.724,0.93763,0.93774,1.13,1.13
2013.10.28 05:59:04.363,0.93764,0.93773,1.13,1.88
2013.10.28 05:59:05.143,0.9376,0.93772,1.13,1.13
2013.10.28 05:59:07.436,0.93763,0.93773,1.13,3.38
2013.10.28 05:59:09.164,0.93763,0.93773,1.13,3.38
2013.10.28 05:59:14.843,0.93763,0.93773,1.13,1.88
2013.10.28 05:59:17.456,0.93763,0.93773,1.13,1.13
2013.10.28 05:59:20.234,0.93763,0.93773,1.13,1.13
2013.10.28 05:59:20.745,0.93762,0.93773,1.13,1.13
2013.10.28 05:59:21.454,0.93765,0.93774,1.13,1.88
2013.10.28 05:59:22.054,0.93764,0.93773,1.88,1.13
2013.10.28 05:59:23.184,0.93761,0.9377,1.13,1.13
2013.10.28 05:59:23.245,0.9376,0.93769,2.25,1.13
2013.10.28 05:59:23.759,0.93759,0.93768,1.13,1.13
2013.10.28 05:59:24.295,0.93759,0.93768,1.88,1.50
2013.10.28 05:59:25.024,0.93759,0.93769,1.88,1.88
2013.10.28 05:59:25.573,0.93759,0.93768,1.13,1.50
2013.10.28 05:59:26.105,0.93759,0.93768,2.63,1.50
2013.10.28 05:59:26.955,0.9376,0.93768,1.50,1.13
2013.10.28 05:59:27.474,0.93759,0.93768,2.25,1.13
2013.10.28 05:59:28.994,0.93761,0.93771,1.13,1.13
2013.10.28 05:59:29.536,0.93762,0.93773,1.13,1.13
2013.10.28 05:59:30.083,0.93763,0.93774,1.88,1.50
2013.10.28 05:59:30.584,0.93763,0.93774,1.88,1.50
2013.10.28 05:59:30.934,0.93763,0.93774,1.13,2.25
2013.10.28 05:59:31.054,0.93763,0.93774,1.13,2.25
2013.10.28 05:59:31.236,0.93763,0.93774,1.13,2.25
2013.10.28 05:59:31.537,0.93762,0.9377,1.13,1.13
2013.10.28 05:59:31.714,0.93764,0.93773,1.13,2.63
2013.10.28 05:59:32.352,0.93766,0.93772,1.13,1.13
2013.10.28 05:59:32.914,0.93766,0.93775,1.88,1.13
2013.10.28 05:59:33.274,0.93766,0.93777,2.25,1.13
2013.10.28 05:59:34.215,0.93767,0.93779,2.25,3.00
2013.10.28 05:59:35.305,0.93767,0.93779,1.88,3.00
2013.10.28 05:59:37.373,0.93767,0.93777,1.88,1.13
2013.10.28 05:59:38.405,0.9377,0.93779,1.13,3.00
2013.10.28 05:59:38.724,0.9377,0.93779,1.13,1.50
2013.10.28 05:59:38.903,0.9377,0.93776,1.13,1.50
2013.10.28 05:59:39.544,0.93769,0.93776,1.13,1.50
2013.10.28 05:59:41.024,0.93769,0.93778,1.88,1.50
2013.10.28 05:59:41.354,0.9377,0.93781,1.13,1.50
2013.10.28 05:59:44.914,0.93771,0.93782,2.25,1.50
2013.10.28 05:59:45.444,0.93772,0.93784,2.25,1.50
2013.10.28 05:59:45.634,0.93772,0.93784,2.25,1.50
2013.10.28 05:59:45.754,0.93772,0.93784,2.25,1.50
2013.10.28 05:59:52.024,0.93773,0.93784,1.50,1.13
2013.10.28 05:59:52.147,0.93773,0.93787,3.00,3.00
2013.10.28 05:59:52.694,0.93775,0.93786,1.13,2.63
2013.10.28 05:59:53.364,0.93773,0.93786,1.50,1.88
2013.10.28 05:59:54.045,0.93776,0.93788,1.13,2.25
2013.10.28 05:59:54.284,0.93776,0.93788,1.13,1.50
2013.10.28 05:59:54.524,0.93779,0.9379,1.50,1.50
2013.10.28 05:59:55.654,0.9378,0.93791,1.50,1.13
2013.10.28 05:59:56.207,0.9378,0.93791,1.50,1.13
2013.10.28 05:59:59.493,0.93783,0.93795,1.50,3.38
2013.10.28 05:59:59.673,0.93782,0.93793,1.88,1.13
2013.10.28 05:59:59.974,0.93777,0.93785,3.38,1.13
