2009.05.29 17:00:00.097,0.76435,0.7646,3.00,2.40
2009.05.29 17:00:00.447,0.76435,0.7646,5.40,2.40
2009.05.29 17:00:00.686,0.7644,0.76465,1.00,2.40
2009.05.29 17:00:01.646,0.7645,0.7647,1.00,2.40
2009.05.29 17:00:02.846,0.76455,0.7647,1.00,2.40
2009.05.29 17:00:03.076,0.7644,0.7646,15.60,2.40
2009.05.29 17:00:03.476,0.7644,0.7646,5.40,2.40
2009.05.29 17:00:03.776,0.76445,0.76465,1.00,2.40
2009.05.29 17:00:04.806,0.76435,0.7646,2.20,2.40
2009.05.29 17:00:06.605,0.7644,0.7646,1.00,2.40
2009.05.29 17:00:07.235,0.76435,0.76455,2.20,2.40
2009.05.29 17:00:07.475,0.7644,0.7646,1.00,2.40
2009.05.29 17:00:07.705,0.76435,0.76445,1.60,2.40
2009.05.29 17:00:07.875,0.7643,0.76445,15.00,2.40
2009.05.29 17:00:08.285,0.7643,0.76445,5.40,2.40
2009.05.29 17:00:10.234,0.7643,0.76455,6.80,2.40
2009.05.29 17:00:14.583,0.7643,0.76445,4.60,2.40
2009.05.29 17:00:15.053,0.7643,0.76445,1.00,2.40
2009.05.29 17:00:15.393,0.76425,0.76445,2.20,2.40
2009.05.29 17:00:18.422,0.76425,0.7645,2.20,2.40
2009.05.29 17:00:24.151,0.76435,0.7646,2.20,2.40
2009.05.29 17:00:26.080,0.76445,0.7647,1.00,3.60
2009.05.29 17:00:26.370,0.76445,0.7646,1.00,1.20
2009.05.29 17:00:26.660,0.76445,0.7646,1.00,2.60
2009.05.29 17:00:27.121,0.76445,0.7646,1.00,4.20
2009.05.29 17:00:28.740,0.7644,0.7646,1.00,4.20
2009.05.29 17:00:28.980,0.76445,0.7646,1.00,4.20
2009.05.29 17:00:30.149,0.76435,0.76455,2.20,2.40
2009.05.29 17:00:30.619,0.76435,0.7646,2.20,2.40
2009.05.29 17:00:31.709,0.76435,0.7645,4.60,1.20
2009.05.29 17:00:32.069,0.76435,0.7645,5.20,1.20
2009.05.29 17:00:32.409,0.76435,0.7645,4.60,2.40
2009.05.29 17:00:32.589,0.76425,0.7645,13.20,2.40
2009.05.29 17:00:32.929,0.76435,0.7645,1.00,1.20
2009.05.29 17:00:33.219,0.76425,0.76445,2.40,2.40
2009.05.29 17:00:33.499,0.7642,0.76445,6.00,2.40
2009.05.29 17:00:33.898,0.7642,0.7644,4.60,2.40
2009.05.29 17:00:34.808,0.76425,0.76445,1.00,3.60
2009.05.29 17:00:36.528,0.7642,0.7643,4.60,2.40
2009.05.29 17:00:37.058,0.7642,0.7644,4.60,2.40
2009.05.29 17:00:40.347,0.7641,0.76435,10.80,2.40
2009.05.29 17:00:40.577,0.7641,0.76435,2.80,2.40
2009.05.29 17:00:40.697,0.76415,0.76435,1.00,2.40
2009.05.29 17:00:41.157,0.7641,0.76435,6.00,2.40
2009.05.29 17:00:42.386,0.76415,0.76435,2.20,2.40
2009.05.29 17:00:46.105,0.76415,0.7643,1.60,2.40
2009.05.29 17:00:46.555,0.76415,0.7644,1.00,2.40
2009.05.29 17:00:46.905,0.7641,0.7642,1.00,2.40
2009.05.29 17:00:48.395,0.76405,0.7642,5.20,2.40
2009.05.29 17:00:48.965,0.7641,0.7643,1.00,2.40
2009.05.29 17:00:50.894,0.7641,0.76435,1.20,3.60
2009.05.29 17:00:51.364,0.76415,0.7643,1.00,4.20
2009.05.29 17:00:53.884,0.7641,0.76435,1.20,3.60
2009.05.29 17:00:54.343,0.7641,0.76435,1.20,2.40
2009.05.29 17:00:54.683,0.76415,0.76435,1.00,2.40
2009.05.29 17:00:56.093,0.76425,0.7645,1.00,7.40
2009.05.29 17:00:56.253,0.7643,0.7645,1.00,6.60
2009.05.29 17:00:56.433,0.7643,0.7645,1.00,5.00
2009.05.29 17:00:56.793,0.76435,0.7645,1.00,4.20
2009.05.29 17:00:57.143,0.76435,0.76455,1.00,2.40
2009.05.29 17:00:57.953,0.7643,0.76455,5.80,2.40
2009.05.29 17:00:58.303,0.7643,0.76455,1.20,2.40
2009.05.29 17:00:58.703,0.76435,0.76455,1.00,3.60
2009.05.29 17:00:59.093,0.76435,0.76455,1.00,2.40
2009.05.29 17:01:03.951,0.76445,0.7646,1.60,2.40
2009.05.29 17:01:04.251,0.76445,0.76465,5.20,3.60
2009.05.29 17:01:04.522,0.76445,0.7647,5.20,2.40
2009.05.29 17:01:05.031,0.76455,0.76475,1.40,2.40
2009.05.29 17:01:05.431,0.7647,0.76495,1.00,2.40
2009.05.29 17:01:05.781,0.76465,0.76485,1.00,2.40
2009.05.29 17:01:11.050,0.7646,0.76485,1.00,2.40
2009.05.29 17:01:11.220,0.7646,0.76485,1.00,3.60
2009.05.29 17:01:11.450,0.7646,0.76485,1.00,4.60
2009.05.29 17:01:14.379,0.76435,0.7645,1.00,1.20
2009.05.29 17:01:14.729,0.76435,0.7645,1.00,4.20
2009.05.29 17:01:15.059,0.7643,0.7645,1.20,4.20
2009.05.29 17:01:15.288,0.7642,0.76445,1.20,3.60
2009.05.29 17:01:15.628,0.7642,0.7644,1.20,2.40
2009.05.29 17:01:15.689,0.7642,0.7644,1.00,2.40
2009.05.29 17:01:15.808,0.76415,0.7644,2.20,2.40
2009.05.29 17:01:17.668,0.76415,0.7643,1.60,2.40
2009.05.29 17:01:20.667,0.76415,0.7644,2.20,2.40
2009.05.29 17:01:21.127,0.76415,0.76435,2.20,2.40
2009.05.29 17:01:22.107,0.76415,0.76435,1.00,2.40
2009.05.29 17:01:22.227,0.76415,0.76435,1.00,3.60
2009.05.29 17:01:22.517,0.76405,0.7643,5.80,2.40
2009.05.29 17:01:22.967,0.76405,0.7643,2.20,2.40
2009.05.29 17:01:23.266,0.76405,0.7643,7.40,2.40
2009.05.29 17:01:24.816,0.76415,0.76435,1.00,2.40
2009.05.29 17:01:25.236,0.76415,0.7644,1.00,2.40
2009.05.29 17:01:31.125,0.7641,0.7643,1.00,2.40
2009.05.29 17:01:31.535,0.76405,0.7643,1.00,2.40
2009.05.29 17:01:45.881,0.764,0.76425,1.20,2.40
2009.05.29 17:01:46.231,0.764,0.76425,1.00,2.40
2009.05.29 17:01:46.351,0.764,0.7642,1.00,2.40
2009.05.29 17:01:50.830,0.76395,0.76425,1.00,3.20
2009.05.29 17:01:50.890,0.764,0.76425,1.00,3.20
2009.05.29 17:01:51.240,0.76395,0.76415,1.00,2.40
2009.05.29 17:01:51.690,0.764,0.76425,1.00,3.20
2009.05.29 17:01:52.339,0.764,0.7642,1.00,2.40
2009.05.29 17:01:55.659,0.764,0.76425,1.00,3.20
2009.05.29 17:01:56.058,0.764,0.76425,1.00,5.00
2009.05.29 17:01:56.168,0.7639,0.7641,1.00,2.40
2009.05.29 17:01:56.349,0.76385,0.7641,1.00,2.40
2009.05.29 17:01:58.918,0.76375,0.764,10.40,2.40
2009.05.29 17:01:59.148,0.76375,0.764,6.60,2.40
2009.05.29 17:01:59.388,0.76395,0.7641,1.00,3.20
2009.05.29 17:01:59.778,0.76375,0.7639,5.20,2.40
2009.05.29 17:02:00.058,0.76385,0.7641,1.00,3.60
2009.05.29 17:02:03.747,0.76385,0.76405,1.00,2.40
2009.05.29 17:02:04.017,0.76385,0.7641,1.00,3.60
2009.05.29 17:02:06.016,0.76385,0.7641,1.00,2.40
2009.05.29 17:02:08.636,0.76385,0.76405,1.00,2.40
2009.05.29 17:02:09.155,0.7638,0.764,2.20,2.40
2009.05.29 17:02:10.555,0.76385,0.76405,1.00,2.40
2009.05.29 17:02:14.714,0.7638,0.764,1.00,2.40
2009.05.29 17:02:16.624,0.76375,0.764,12.40,2.40
2009.05.29 17:02:16.794,0.76375,0.764,2.20,2.40
2009.05.29 17:02:18.083,0.76385,0.76405,1.00,2.40
2009.05.29 17:02:21.833,0.7638,0.764,1.00,2.40
2009.05.29 17:02:23.262,0.76375,0.764,1.00,2.40
2009.05.29 17:02:26.152,0.7639,0.76405,1.00,1.00
2009.05.29 17:02:26.561,0.7638,0.764,1.00,2.40
2009.05.29 17:02:28.321,0.76375,0.764,1.00,2.40
2009.05.29 17:02:28.671,0.76375,0.76395,1.00,2.40
2009.05.29 17:02:30.790,0.7637,0.76395,6.00,2.40
2009.05.29 17:02:31.030,0.7637,0.76395,5.20,2.40
2009.05.29 17:02:32.280,0.76375,0.764,1.00,2.40
2009.05.29 17:02:34.899,0.76375,0.76395,1.00,2.40
2009.05.29 17:02:39.428,0.7637,0.7639,5.20,2.40
2009.05.29 17:02:40.478,0.7637,0.7639,1.00,2.40
2009.05.29 17:02:50.446,0.7637,0.7639,2.80,2.40
2009.05.29 17:02:53.225,0.76375,0.764,1.00,2.40
2009.05.29 17:02:56.594,0.76375,0.764,7.40,2.40
2009.05.29 17:02:56.764,0.76375,0.764,16.20,2.40
2009.05.29 17:02:57.064,0.76375,0.764,16.80,2.40
2009.05.29 17:02:57.184,0.7638,0.764,1.00,2.40
2009.05.29 17:02:59.753,0.7638,0.764,2.20,2.40
2009.05.29 17:03:00.043,0.7638,0.76405,2.20,2.40
2009.05.29 17:03:00.383,0.7638,0.76405,1.00,2.40
2009.05.29 17:03:06.042,0.76385,0.76405,1.00,2.40
2009.05.29 17:03:06.552,0.7638,0.76405,2.20,2.40
2009.05.29 17:03:06.892,0.7638,0.76405,2.80,2.40
2009.05.29 17:03:14.040,0.76385,0.7641,1.00,2.40
2009.05.29 17:03:14.720,0.7639,0.76415,1.00,3.60
2009.05.29 17:03:25.527,0.7639,0.7641,1.00,2.40
2009.05.29 17:03:28.157,0.7639,0.76415,1.00,2.40
2009.05.29 17:03:31.236,0.76395,0.76415,1.00,2.40
2009.05.29 17:03:31.735,0.76385,0.764,5.40,2.40
2009.05.29 17:03:31.956,0.76385,0.764,4.60,2.40
2009.05.29 17:03:36.604,0.76385,0.7641,5.20,2.40
2009.05.29 17:03:39.623,0.76385,0.764,4.60,2.40
2009.05.29 17:03:47.852,0.76385,0.76395,3.80,2.40
2009.05.29 17:03:47.912,0.76385,0.76395,1.60,2.40
2009.05.29 17:03:48.082,0.76375,0.76395,4.60,2.40
2009.05.29 17:03:49.881,0.76375,0.76395,1.00,2.40
2009.05.29 17:03:50.111,0.7637,0.76395,5.80,2.40
2009.05.29 17:03:50.221,0.7637,0.7639,1.00,2.40
2009.05.29 17:03:50.341,0.76365,0.7639,6.00,2.40
2009.05.29 17:03:50.751,0.76365,0.76385,5.20,2.40
2009.05.29 17:03:53.541,0.7637,0.7639,1.00,2.40
2009.05.29 17:03:54.400,0.76365,0.7639,6.00,2.40
2009.05.29 17:03:54.580,0.76365,0.76385,6.00,2.40
2009.05.29 17:04:07.777,0.76365,0.7639,5.20,2.40
2009.05.29 17:04:09.166,0.76365,0.76385,5.20,2.40
2009.05.29 17:04:10.306,0.7637,0.7639,1.00,2.40
2009.05.29 17:04:10.876,0.76375,0.76395,1.00,2.40
2009.05.29 17:04:14.195,0.7637,0.76395,1.00,2.40
2009.05.29 17:04:16.315,0.7637,0.7639,1.00,2.40
2009.05.29 17:04:24.373,0.7637,0.76395,1.40,2.40
2009.05.29 17:04:24.603,0.76375,0.76395,1.00,2.40
2009.05.29 17:04:27.392,0.7637,0.76395,6.80,2.40
2009.05.29 17:04:27.862,0.7637,0.76395,5.20,2.40
2009.05.29 17:04:28.362,0.7637,0.76385,4.60,2.40
2009.05.29 17:04:28.532,0.7637,0.7639,5.20,2.40
2009.05.29 17:04:30.262,0.7637,0.7639,2.80,3.60
2009.05.29 17:04:30.542,0.7636,0.7638,7.00,2.40
2009.05.29 17:04:30.721,0.7636,0.7638,6.20,2.40
2009.05.29 17:04:31.081,0.7636,0.7638,4.60,2.40
2009.05.29 17:04:53.226,0.7636,0.7638,6.20,2.40
2009.05.29 17:04:53.816,0.7636,0.7638,4.60,2.40
2009.05.29 17:04:54.276,0.7636,0.7638,5.40,2.40
2009.05.29 17:04:54.676,0.7636,0.7638,7.00,2.40
2009.05.29 17:04:55.206,0.7636,0.7638,6.20,2.40
2009.05.29 17:04:55.436,0.7636,0.7638,4.60,2.40
2009.05.29 17:04:57.635,0.7636,0.76385,5.20,2.40
2009.05.29 17:04:59.394,0.76365,0.76385,1.00,2.40
2009.05.29 17:04:59.664,0.76375,0.76395,4.60,2.40
2009.05.29 17:05:00.114,0.76375,0.76385,4.60,2.40
2009.05.29 17:05:02.993,0.76375,0.76395,5.20,2.40
2009.05.29 17:05:05.033,0.76385,0.764,1.00,3.20
2009.05.29 17:05:05.453,0.76385,0.76405,1.00,2.40
2009.05.29 17:05:07.992,0.76385,0.76405,2.20,2.40
2009.05.29 17:05:08.272,0.76385,0.76405,3.00,2.40
2009.05.29 17:05:08.432,0.76385,0.76405,5.20,2.40
2009.05.29 17:05:08.722,0.7639,0.7641,1.00,2.40
2009.05.29 17:05:09.192,0.7639,0.7641,3.80,2.40
2009.05.29 17:05:09.532,0.7639,0.7641,5.20,2.40
2009.05.29 17:05:11.941,0.7639,0.7641,4.60,2.40
2009.05.29 17:05:13.731,0.76375,0.76395,14.00,2.40
2009.05.29 17:05:14.021,0.76375,0.76395,6.00,2.40
2009.05.29 17:05:15.321,0.76375,0.76395,5.20,2.40
2009.05.29 17:05:27.528,0.76375,0.76395,6.00,2.40
2009.05.29 17:05:29.857,0.76375,0.76395,5.20,2.40
2009.05.29 17:05:34.186,0.7638,0.76405,1.00,2.40
2009.05.29 17:05:35.166,0.76375,0.76395,5.20,2.40
2009.05.29 17:05:35.746,0.7638,0.76405,1.00,2.40
2009.05.29 17:05:35.915,0.76375,0.76395,5.20,2.40
2009.05.29 17:05:37.675,0.76385,0.76405,1.00,2.40
2009.05.29 17:05:43.974,0.7639,0.7641,1.00,3.60
2009.05.29 17:05:44.254,0.7639,0.7641,1.00,2.40
2009.05.29 17:05:48.063,0.7639,0.76415,1.00,2.40
2009.05.29 17:05:49.493,0.76385,0.76405,1.00,2.40
2009.05.29 17:05:49.662,0.7639,0.7641,1.00,2.40
2009.05.29 17:05:50.522,0.7639,0.76415,1.00,3.60
2009.05.29 17:05:50.752,0.7639,0.76415,1.00,2.40
2009.05.29 17:05:51.542,0.764,0.76415,1.00,1.00
2009.05.29 17:05:51.662,0.76405,0.7643,1.00,2.40
2009.05.29 17:05:52.002,0.7641,0.7643,1.00,2.40
2009.05.29 17:05:55.371,0.76405,0.7643,1.00,2.40
2009.05.29 17:05:55.551,0.76405,0.76425,1.00,2.40
2009.05.29 17:05:55.841,0.764,0.76425,1.20,2.40
2009.05.29 17:05:56.081,0.76395,0.7642,6.00,2.40
2009.05.29 17:05:57.641,0.764,0.76425,1.00,2.40
2009.05.29 17:05:57.760,0.76405,0.76425,1.00,2.40
2009.05.29 17:05:58.320,0.76405,0.7643,1.00,3.60
2009.05.29 17:05:59.060,0.76405,0.7643,1.00,2.40
2009.05.29 17:05:59.570,0.76405,0.7643,2.20,2.40
2009.05.29 17:06:00.860,0.76415,0.7644,1.00,3.60
2009.05.29 17:06:00.980,0.76415,0.7644,1.00,2.40
2009.05.29 17:06:01.490,0.76415,0.7644,1.00,7.20
2009.05.29 17:06:01.779,0.7641,0.76435,1.00,2.40
2009.05.29 17:06:02.299,0.76415,0.7644,1.00,2.40
2009.05.29 17:06:05.269,0.7641,0.7643,1.20,2.40
2009.05.29 17:06:06.758,0.7641,0.7643,2.00,2.40
2009.05.29 17:06:07.038,0.7641,0.7643,3.60,2.40
2009.05.29 17:06:07.148,0.7641,0.7643,5.20,2.40
2009.05.29 17:06:08.838,0.7641,0.76435,5.20,2.40
2009.05.29 17:06:09.078,0.76415,0.7644,1.00,2.40
2009.05.29 17:06:09.418,0.76415,0.76435,1.00,2.40
2009.05.29 17:06:09.528,0.76415,0.7644,1.00,2.40
2009.05.29 17:06:09.819,0.76415,0.7644,2.20,2.40
2009.05.29 17:06:11.907,0.76415,0.7644,3.80,2.40
2009.05.29 17:06:12.197,0.76415,0.7644,4.40,2.40
2009.05.29 17:06:12.307,0.76415,0.7644,6.00,2.40
2009.05.29 17:06:14.976,0.76415,0.76435,2.80,2.40
2009.05.29 17:06:15.196,0.76415,0.7644,2.20,2.40
2009.05.29 17:06:20.105,0.76415,0.76435,1.00,2.40
2009.05.29 17:06:20.505,0.7641,0.7643,4.40,2.40
2009.05.29 17:06:20.745,0.76405,0.76425,3.80,2.40
2009.05.29 17:06:20.975,0.76405,0.76425,2.20,2.40
2009.05.29 17:06:21.715,0.76415,0.76435,1.00,2.40
2009.05.29 17:06:21.894,0.7641,0.76435,1.00,2.40
2009.05.29 17:06:30.093,0.7642,0.7644,1.00,3.60
2009.05.29 17:06:30.443,0.7642,0.76445,1.00,2.40
2009.05.29 17:06:30.782,0.76415,0.7644,2.20,2.40
2009.05.29 17:06:30.962,0.76425,0.76445,1.00,2.40
2009.05.29 17:06:31.342,0.76435,0.76445,1.00,1.00
2009.05.29 17:06:32.742,0.7642,0.7644,1.00,2.40
2009.05.29 17:06:34.332,0.76415,0.7644,1.00,2.40
2009.05.29 17:06:38.460,0.76415,0.7644,2.20,2.40
2009.05.29 17:06:38.761,0.76425,0.7645,1.00,3.60
2009.05.29 17:06:39.061,0.7643,0.7645,1.00,3.60
2009.05.29 17:06:39.301,0.7643,0.7645,1.00,2.40
2009.05.29 17:06:41.720,0.76435,0.7645,1.00,3.20
2009.05.29 17:06:42.080,0.7643,0.7645,2.80,2.40
2009.05.29 17:06:42.200,0.7643,0.7645,1.00,2.40
2009.05.29 17:06:42.550,0.76425,0.7644,12.60,2.40
2009.05.29 17:06:42.660,0.76425,0.7644,10.20,2.40
2009.05.29 17:06:42.950,0.7641,0.76435,4.40,2.40
2009.05.29 17:06:43.120,0.7641,0.76435,1.00,2.40
2009.05.29 17:06:49.898,0.76415,0.76435,1.00,2.40
2009.05.29 17:06:51.187,0.7641,0.7643,1.00,2.40
2009.05.29 17:06:51.358,0.7641,0.7643,1.40,2.40
2009.05.29 17:06:51.417,0.7641,0.7643,3.00,2.40
2009.05.29 17:06:57.606,0.7641,0.76425,2.20,2.40
2009.05.29 17:06:57.906,0.76405,0.76425,5.20,2.40
2009.05.29 17:07:00.155,0.76405,0.76425,1.00,2.40
2009.05.29 17:07:00.915,0.76405,0.7643,1.00,2.40
2009.05.29 17:07:07.474,0.7641,0.7643,1.00,2.40
2009.05.29 17:07:09.603,0.76415,0.76435,1.00,2.40
2009.05.29 17:07:11.503,0.7641,0.76435,1.40,2.40
2009.05.29 17:07:27.399,0.76415,0.76435,1.00,2.40
2009.05.29 17:07:34.917,0.76415,0.7644,1.00,2.40
2009.05.29 17:07:38.036,0.7641,0.76435,17.20,2.40
2009.05.29 17:07:38.196,0.7641,0.76435,16.40,2.40
2009.05.29 17:07:38.416,0.7641,0.76435,6.80,2.40
2009.05.29 17:07:38.766,0.76415,0.76435,1.00,2.40
2009.05.29 17:07:39.646,0.76415,0.7644,1.00,2.40
2009.05.29 17:07:44.275,0.7641,0.7643,8.40,2.40
2009.05.29 17:07:44.445,0.7641,0.7643,7.60,2.40
2009.05.29 17:07:44.965,0.76415,0.7644,3.00,2.40
2009.05.29 17:07:45.205,0.7642,0.7644,1.00,2.40
2009.05.29 17:07:45.434,0.7642,0.7644,3.00,2.40
2009.05.29 17:07:46.594,0.7642,0.7644,4.60,2.40
2009.05.29 17:07:46.704,0.7642,0.7644,5.40,2.40
2009.05.29 17:07:46.994,0.7642,0.7644,7.00,2.40
2009.05.29 17:07:50.723,0.76425,0.7644,1.00,2.40
2009.05.29 17:07:51.203,0.76425,0.7644,4.60,2.40
2009.05.29 17:07:52.643,0.76425,0.76445,5.20,2.40
2009.05.29 17:07:52.803,0.76425,0.76445,5.20,3.60
2009.05.29 17:07:53.093,0.76425,0.7644,4.60,2.40
2009.05.29 17:07:54.633,0.76425,0.76435,3.80,3.60
2009.05.29 17:07:54.862,0.76425,0.76435,2.20,3.60
2009.05.29 17:07:55.202,0.7641,0.7643,5.20,2.40
2009.05.29 17:07:55.652,0.7641,0.76435,5.20,3.60
2009.05.29 17:07:55.892,0.7641,0.76435,5.20,2.40
2009.05.29 17:07:58.101,0.76415,0.7644,1.00,2.40
2009.05.29 17:07:58.212,0.76415,0.7644,3.00,2.40
2009.05.29 17:07:58.391,0.76415,0.7644,4.60,2.40
2009.05.29 17:07:58.611,0.76415,0.7644,5.20,2.40
2009.05.29 17:07:58.951,0.76415,0.7644,6.00,2.40
2009.05.29 17:08:01.021,0.7642,0.76445,1.00,2.40
2009.05.29 17:08:03.040,0.76425,0.7645,1.00,2.40
2009.05.29 17:08:04.460,0.76425,0.76445,1.00,2.40
2009.05.29 17:08:04.990,0.76425,0.7645,1.00,2.40
2009.05.29 17:08:05.050,0.76425,0.76445,1.00,2.40
2009.05.29 17:08:05.370,0.7642,0.7644,2.20,2.40
2009.05.29 17:08:28.384,0.76415,0.7644,6.00,2.40
2009.05.29 17:08:30.184,0.7642,0.7644,4.60,2.40
2009.05.29 17:08:38.002,0.7642,0.7644,3.00,2.40
2009.05.29 17:08:38.412,0.7642,0.76435,1.60,2.40
2009.05.29 17:08:38.532,0.76415,0.76435,1.00,2.40
2009.05.29 17:08:39.051,0.7641,0.7643,6.80,2.40
2009.05.29 17:08:39.322,0.7641,0.7643,7.60,2.40
2009.05.29 17:08:39.702,0.7641,0.7643,2.80,2.40
2009.05.29 17:08:41.091,0.7641,0.7643,1.00,2.40
2009.05.29 17:08:41.371,0.76405,0.76425,1.00,2.40
2009.05.29 17:08:42.021,0.76415,0.76435,1.00,4.00
2009.05.29 17:08:42.301,0.76415,0.7644,1.00,2.40
2009.05.29 17:08:42.641,0.76415,0.76435,1.00,2.40
2009.05.29 17:08:44.370,0.76415,0.7644,1.00,2.40
2009.05.29 17:08:44.780,0.76415,0.76435,1.00,2.40
2009.05.29 17:08:49.919,0.7642,0.7644,2.20,2.40
2009.05.29 17:08:50.509,0.76415,0.7644,2.20,2.40
2009.05.29 17:08:50.959,0.76415,0.7644,1.00,2.40
2009.05.29 17:08:55.228,0.7642,0.7644,1.00,2.40
2009.05.29 17:08:56.047,0.76415,0.7644,1.00,2.40
2009.05.29 17:08:58.887,0.7641,0.76435,2.80,2.40
2009.05.29 17:09:03.935,0.76415,0.76435,1.00,2.40
2009.05.29 17:09:04.046,0.7642,0.7644,1.00,2.40
2009.05.29 17:09:04.555,0.76415,0.7644,1.00,2.40
2009.05.29 17:09:05.575,0.7641,0.76435,2.80,2.40
2009.05.29 17:09:07.825,0.76415,0.76435,1.00,2.40
2009.05.29 17:09:08.444,0.7641,0.76435,2.80,2.40
2009.05.29 17:09:08.564,0.7641,0.7643,2.80,2.40
2009.05.29 17:09:08.904,0.7641,0.76435,2.80,2.40
2009.05.29 17:09:09.284,0.7641,0.7643,2.80,2.40
2009.05.29 17:09:10.434,0.7641,0.76435,2.80,2.40
2009.05.29 17:09:11.924,0.7641,0.7643,2.20,2.40
2009.05.29 17:09:14.193,0.7641,0.7643,1.00,2.40
2009.05.29 17:09:14.663,0.76405,0.7643,2.20,2.40
2009.05.29 17:09:14.883,0.76405,0.76425,1.00,2.40
2009.05.29 17:09:15.393,0.76415,0.76435,1.00,2.40
2009.05.29 17:09:15.963,0.7641,0.7643,1.00,2.40
2009.05.29 17:09:16.663,0.76415,0.76435,1.00,2.40
2009.05.29 17:09:17.082,0.7641,0.7643,1.00,2.40
2009.05.29 17:09:17.593,0.764,0.7642,2.80,2.40
2009.05.29 17:09:18.512,0.764,0.76425,2.80,2.40
2009.05.29 17:09:18.962,0.76405,0.76425,1.00,2.40
2009.05.29 17:09:19.242,0.76405,0.7643,1.00,2.40
2009.05.29 17:09:19.832,0.764,0.76415,1.00,2.40
2009.05.29 17:09:20.122,0.76395,0.76415,2.20,2.40
2009.05.29 17:09:24.491,0.76405,0.7642,1.00,4.20
2009.05.29 17:09:24.720,0.76405,0.7643,1.00,2.40
2009.05.29 17:09:24.951,0.7641,0.76435,1.00,2.40
2009.05.29 17:09:25.541,0.76415,0.7644,1.00,2.40
2009.05.29 17:09:27.760,0.7641,0.7643,1.00,2.40
2009.05.29 17:09:28.050,0.7641,0.76425,1.00,2.40
2009.05.29 17:09:28.390,0.764,0.76425,2.80,2.40
2009.05.29 17:09:59.992,0.764,0.7642,1.00,2.40
2009.05.29 17:10:14.388,0.764,0.76425,1.00,2.40
2009.05.29 17:10:14.628,0.76405,0.76425,1.00,2.40
2009.05.29 17:11:03.787,0.76415,0.76435,1.00,3.60
2009.05.29 17:11:05.166,0.76405,0.7643,1.00,2.40
2009.05.29 17:11:05.576,0.76415,0.76435,1.00,3.60
2009.05.29 17:11:08.006,0.76405,0.76425,1.60,2.40
2009.05.29 17:11:08.236,0.764,0.76415,1.00,2.40
2009.05.29 17:11:08.475,0.7639,0.76415,2.80,2.40
2009.05.29 17:11:08.935,0.7639,0.76415,1.20,2.40
2009.05.29 17:11:09.325,0.7639,0.76415,1.00,2.40
2009.05.29 17:11:14.314,0.76375,0.76395,3.00,2.40
2009.05.29 17:11:14.654,0.76375,0.76395,3.60,2.40
2009.05.29 17:11:14.884,0.76385,0.76405,1.00,2.40
2009.05.29 17:11:15.124,0.76375,0.764,19.20,2.40
2009.05.29 17:11:15.524,0.7638,0.764,1.00,2.40
2009.05.29 17:11:20.203,0.76375,0.764,3.80,2.40
2009.05.29 17:11:20.432,0.76375,0.764,2.20,2.40
2009.05.29 17:11:28.491,0.76375,0.76395,1.00,2.40
2009.05.29 17:11:29.430,0.7637,0.7639,2.80,2.40
2009.05.29 17:11:29.660,0.7637,0.7639,1.20,2.40
2009.05.29 17:11:29.711,0.7637,0.7639,1.40,2.40
2009.05.29 17:11:29.890,0.7637,0.76385,1.00,2.40
2009.05.29 17:11:30.120,0.7637,0.76385,3.00,2.40
2009.05.29 17:11:34.449,0.7637,0.76385,2.20,2.40
2009.05.29 17:11:34.629,0.7637,0.7638,2.20,2.40
2009.05.29 17:11:34.749,0.7636,0.7638,3.60,2.40
2009.05.29 17:11:39.438,0.7636,0.7638,3.00,2.40
2009.05.29 17:11:39.740,0.7636,0.76385,3.60,2.40
2009.05.29 17:11:39.978,0.7636,0.76385,5.20,2.40
2009.05.29 17:11:40.268,0.7637,0.76385,1.00,2.40
2009.05.29 17:11:41.888,0.7636,0.76385,5.20,2.40
2009.05.29 17:11:43.577,0.7636,0.76385,3.60,2.40
2009.05.29 17:11:43.967,0.7636,0.76375,3.00,2.40
2009.05.29 17:11:49.216,0.7636,0.76375,2.20,2.40
2009.05.29 17:11:49.456,0.7635,0.76365,3.00,2.40
2009.05.29 17:11:51.126,0.7635,0.76355,2.20,2.40
2009.05.29 17:11:51.475,0.7635,0.76355,1.60,2.40
2009.05.29 17:11:51.585,0.7634,0.76355,3.00,2.40
2009.05.29 17:11:51.765,0.7634,0.7635,2.20,2.40
2009.05.29 17:11:52.275,0.76335,0.76355,5.20,2.40
2009.05.29 17:11:53.135,0.7634,0.76355,1.00,2.40
2009.05.29 17:11:53.375,0.7634,0.76355,3.00,2.40
2009.05.29 17:12:01.823,0.7635,0.76355,1.00,2.40
2009.05.29 17:12:01.993,0.7635,0.76365,3.00,2.40
2009.05.29 17:12:02.982,0.7635,0.7637,3.00,2.40
2009.05.29 17:12:04.852,0.7635,0.76365,3.00,2.40
2009.05.29 17:12:05.412,0.7635,0.7637,3.00,2.40
2009.05.29 17:12:08.151,0.7635,0.7637,4.60,2.40
2009.05.29 17:12:08.571,0.7636,0.76375,2.40,2.40
2009.05.29 17:12:08.872,0.7636,0.76375,3.00,2.40
2009.05.29 17:12:10.711,0.7636,0.7638,3.60,2.40
2009.05.29 17:12:15.889,0.7636,0.7638,7.60,2.40
2009.05.29 17:12:16.229,0.7637,0.76385,1.00,2.40
2009.05.29 17:12:16.459,0.7637,0.7639,1.00,2.40
2009.05.29 17:12:16.849,0.7638,0.7639,2.20,2.40
2009.05.29 17:12:17.029,0.7637,0.76385,2.20,2.40
2009.05.29 17:12:17.259,0.7637,0.76385,1.60,2.40
2009.05.29 17:12:17.709,0.7636,0.76385,8.40,2.40
2009.05.29 17:12:18.279,0.7636,0.76385,6.80,2.40
2009.05.29 17:12:18.509,0.7636,0.76385,5.20,2.40
2009.05.29 17:12:20.928,0.76365,0.76385,1.00,2.40
2009.05.29 17:12:21.198,0.7637,0.76385,1.00,2.40
2009.05.29 17:12:21.428,0.7637,0.7639,3.00,2.40
2009.05.29 17:12:21.718,0.7637,0.7639,1.00,2.40
2009.05.29 17:12:28.396,0.7636,0.76385,8.40,2.40
2009.05.29 17:12:28.796,0.7636,0.76375,7.00,2.40
2009.05.29 17:12:29.196,0.7636,0.76375,5.40,2.40
2009.05.29 17:12:29.606,0.7636,0.76375,7.00,2.40
2009.05.29 17:12:30.386,0.7636,0.76375,6.20,2.40
2009.05.29 17:12:30.675,0.7636,0.76375,4.60,2.40
2009.05.29 17:12:31.585,0.7636,0.76375,3.00,2.40
2009.05.29 17:12:31.686,0.7636,0.76375,2.20,2.40
2009.05.29 17:12:31.975,0.7636,0.76375,1.00,2.40
2009.05.29 17:12:32.035,0.76355,0.76375,1.00,2.40
2009.05.29 17:12:32.475,0.76365,0.7639,1.00,2.40
2009.05.29 17:12:33.855,0.7636,0.76385,2.20,2.40
2009.05.29 17:12:37.184,0.76365,0.7639,1.00,2.40
2009.05.29 17:12:39.183,0.7637,0.7639,1.00,2.40
2009.05.29 17:12:39.695,0.7637,0.7639,2.00,2.40
2009.05.29 17:12:40.034,0.76375,0.76395,1.00,2.40
2009.05.29 17:12:46.162,0.7638,0.76395,1.00,2.40
2009.05.29 17:12:46.832,0.7638,0.76395,3.00,2.40
2009.05.29 17:12:47.812,0.7638,0.76395,2.20,2.40
2009.05.29 17:12:47.982,0.7637,0.7639,5.20,2.40
2009.05.29 17:12:49.641,0.7637,0.7639,4.60,2.40
2009.05.29 17:12:50.511,0.7637,0.7639,5.20,2.40
2009.05.29 17:12:56.210,0.7637,0.7639,4.60,2.40
2009.05.29 17:12:56.840,0.7637,0.7639,3.00,2.40
2009.05.29 17:13:02.748,0.7637,0.7639,4.60,2.40
2009.05.29 17:13:04.908,0.7637,0.7639,5.20,2.40
2009.05.29 17:13:05.757,0.7637,0.7639,3.60,2.40
2009.05.29 17:13:05.997,0.7637,0.7639,11.60,2.40
2009.05.29 17:13:07.397,0.7637,0.7639,3.60,2.40
2009.05.29 17:13:13.486,0.7637,0.7639,3.60,2.40
2009.05.29 17:13:15.445,0.7637,0.76395,2.80,2.40
2009.05.29 17:13:15.845,0.7637,0.7639,1.00,2.40
2009.05.29 17:13:16.185,0.7637,0.7639,1.40,2.40
2009.05.29 17:13:16.545,0.7637,0.7639,3.00,2.40
2009.05.29 17:13:17.014,0.7637,0.76385,3.00,2.40
2009.05.29 17:13:19.254,0.7637,0.7639,3.00,2.40
2009.05.29 17:13:19.524,0.7637,0.76375,3.00,2.40
2009.05.29 17:13:19.974,0.7637,0.76375,2.20,2.40
2009.05.29 17:13:20.494,0.7637,0.76385,1.00,2.40
2009.05.29 17:13:21.643,0.7637,0.7639,1.40,2.40
2009.05.29 17:13:21.763,0.7637,0.7639,3.00,2.40
2009.05.29 17:13:23.213,0.7637,0.7639,3.60,2.40
2009.05.29 17:13:23.433,0.7637,0.76385,3.00,2.40
2009.05.29 17:13:25.242,0.7637,0.7639,3.60,2.40
2009.05.29 17:13:40.769,0.7637,0.7639,3.00,2.40
2009.05.29 17:13:44.798,0.76365,0.76385,1.00,2.40
2009.05.29 17:13:46.427,0.7636,0.7638,2.80,2.40
2009.05.29 17:13:46.548,0.7636,0.7638,2.20,2.40
2009.05.29 17:13:46.668,0.7636,0.7638,1.00,2.40
2009.05.29 17:13:46.967,0.76355,0.7638,1.00,2.40
2009.05.29 17:13:47.207,0.7636,0.7638,1.00,2.40
2009.05.29 17:13:47.437,0.7636,0.76375,1.00,2.40
2009.05.29 17:13:47.617,0.7636,0.76375,3.00,2.40
2009.05.29 17:13:49.247,0.7636,0.76375,2.20,2.40
2009.05.29 17:13:49.537,0.76355,0.76375,1.00,2.40
2009.05.29 17:13:49.947,0.7636,0.7638,1.00,2.40
2009.05.29 17:13:51.826,0.7636,0.76385,1.00,4.40
2009.05.29 17:13:51.946,0.7636,0.7638,1.00,2.40
2009.05.29 17:13:54.345,0.7636,0.76385,1.00,3.60
2009.05.29 17:13:54.575,0.7636,0.7638,1.00,2.40
2009.05.29 17:13:54.685,0.7636,0.7638,1.40,2.40
2009.05.29 17:13:55.035,0.7636,0.7638,3.60,2.40
2009.05.29 17:14:01.704,0.7636,0.7638,2.80,2.40
2009.05.29 17:14:01.994,0.7636,0.76375,2.20,2.40
2009.05.29 17:14:02.104,0.7636,0.76375,1.00,2.40
2009.05.29 17:14:02.324,0.76355,0.76375,1.00,2.40
2009.05.29 17:14:12.141,0.76355,0.7638,1.00,2.40
2009.05.29 17:14:12.851,0.76355,0.76375,1.00,2.40
2009.05.29 17:14:18.270,0.7635,0.7637,4.60,2.40
2009.05.29 17:14:18.620,0.7635,0.76375,5.20,2.40
2009.05.29 17:14:19.030,0.7635,0.7637,4.60,2.40
2009.05.29 17:14:19.260,0.7635,0.7636,4.60,2.40
2009.05.29 17:14:19.489,0.7635,0.76365,2.20,2.40
2009.05.29 17:14:19.719,0.76345,0.76365,1.60,2.40
2009.05.29 17:14:21.369,0.7634,0.76365,7.40,2.40
2009.05.29 17:14:24.559,0.7634,0.7636,5.20,2.40
2009.05.29 17:14:25.818,0.7634,0.7636,6.60,2.40
2009.05.29 17:14:41.044,0.7634,0.76365,2.80,2.40
2009.05.29 17:14:41.384,0.7634,0.76365,1.20,3.60
2009.05.29 17:14:41.724,0.7634,0.76365,1.00,3.60
2009.05.29 17:14:41.834,0.76335,0.7636,2.20,2.40
2009.05.29 17:14:45.763,0.76335,0.7635,1.60,2.40
2009.05.29 17:14:45.943,0.76335,0.76355,2.20,2.40
2009.05.29 17:14:46.233,0.7634,0.7636,1.00,2.40
2009.05.29 17:14:47.333,0.7634,0.76365,1.00,2.40
2009.05.29 17:14:47.453,0.7634,0.76365,2.80,2.40
2009.05.29 17:14:48.892,0.7634,0.7636,2.80,2.40
2009.05.29 17:14:52.881,0.7634,0.76365,2.80,2.40
2009.05.29 17:14:53.381,0.76345,0.76365,1.00,2.40
2009.05.29 17:14:53.611,0.7634,0.76355,2.20,2.40
2009.05.29 17:14:54.531,0.76345,0.76365,1.00,2.40
2009.05.29 17:14:56.130,0.7635,0.76365,1.00,2.40
2009.05.29 17:14:56.362,0.7635,0.76365,3.00,2.40
2009.05.29 17:14:56.650,0.76355,0.76375,1.00,2.40
2009.05.29 17:15:01.300,0.7635,0.76375,3.60,2.40
2009.05.29 17:15:01.589,0.7635,0.7637,3.80,2.40
2009.05.29 17:15:01.939,0.7635,0.7637,2.20,2.40
2009.05.29 17:15:03.589,0.7635,0.7637,1.40,2.40
2009.05.29 17:15:12.507,0.7635,0.76375,3.60,3.60
2009.05.29 17:15:12.727,0.7635,0.76375,5.20,3.60
2009.05.29 17:15:13.237,0.7635,0.76375,5.20,2.40
2009.05.29 17:15:13.796,0.7636,0.76375,1.60,2.40
2009.05.29 17:15:14.076,0.7637,0.76385,1.00,4.40
2009.05.29 17:15:14.196,0.7637,0.76385,1.00,2.40
2009.05.29 17:15:14.536,0.7637,0.76385,3.00,2.40
2009.05.29 17:15:14.826,0.7637,0.7639,3.00,2.40
2009.05.29 17:15:16.306,0.7637,0.7639,3.60,2.40
2009.05.29 17:15:16.526,0.7638,0.7639,1.00,2.40
2009.05.29 17:15:16.916,0.7638,0.76395,3.00,2.40
2009.05.29 17:15:17.256,0.7639,0.7641,1.40,2.40
2009.05.29 17:15:17.555,0.7639,0.7641,3.60,2.40
2009.05.29 17:15:18.805,0.7639,0.76405,3.00,2.40
2009.05.29 17:15:19.895,0.7639,0.7641,3.60,2.40
2009.05.29 17:15:20.005,0.7639,0.7641,3.00,2.40
2009.05.29 17:15:21.045,0.7639,0.76415,3.60,2.40
2009.05.29 17:15:21.954,0.7639,0.7641,3.60,2.40
2009.05.29 17:15:23.864,0.7639,0.76415,3.60,2.40
2009.05.29 17:15:30.622,0.7639,0.76405,2.20,2.40
2009.05.29 17:15:31.202,0.7638,0.76405,3.60,2.40
2009.05.29 17:15:34.202,0.7638,0.76405,1.40,2.40
2009.05.29 17:15:34.481,0.7638,0.76405,3.60,2.40
2009.05.29 17:15:36.771,0.7638,0.764,3.00,2.40
2009.05.29 17:15:37.821,0.7638,0.76395,2.20,2.40
2009.05.29 17:15:38.171,0.7637,0.76395,5.20,2.40
2009.05.29 17:15:38.910,0.7638,0.76395,1.00,2.40
2009.05.29 17:15:39.200,0.7638,0.764,1.00,2.40
2009.05.29 17:15:39.320,0.7638,0.764,1.40,2.40
2009.05.29 17:15:39.380,0.7638,0.764,3.00,2.40
2009.05.29 17:15:42.709,0.7637,0.7639,3.00,2.40
2009.05.29 17:15:43.099,0.7637,0.76395,3.60,2.40
2009.05.29 17:15:43.269,0.7637,0.76395,5.20,2.40
2009.05.29 17:15:44.699,0.7638,0.76395,1.60,2.40
2009.05.29 17:15:44.819,0.7638,0.76395,3.00,2.40
2009.05.29 17:16:01.695,0.7638,0.76405,3.60,2.40
2009.05.29 17:16:08.263,0.7638,0.764,3.00,2.40
2009.05.29 17:16:08.613,0.7638,0.76395,3.00,2.40
2009.05.29 17:16:08.973,0.7638,0.764,3.00,2.40
2009.05.29 17:16:22.630,0.7638,0.76395,2.20,2.40
2009.05.29 17:16:22.910,0.7638,0.7639,2.20,2.40
2009.05.29 17:16:23.250,0.7637,0.7639,3.60,2.40
2009.05.29 17:16:29.988,0.7637,0.76395,3.60,2.40
2009.05.29 17:16:35.307,0.7637,0.76395,3.60,3.20
2009.05.29 17:16:35.527,0.7637,0.7639,3.60,2.40
2009.05.29 17:16:35.757,0.7637,0.7639,1.20,2.40
2009.05.29 17:16:36.037,0.7636,0.7638,10.80,2.40
2009.05.29 17:16:36.317,0.76345,0.7637,11.60,2.40
2009.05.29 17:16:36.537,0.7635,0.7637,1.00,2.40
2009.05.29 17:16:36.986,0.76335,0.76355,1.00,2.40
2009.05.29 17:16:40.246,0.76335,0.7636,1.00,2.40
2009.05.29 17:16:40.605,0.7634,0.7636,1.00,2.40
2009.05.29 17:16:40.956,0.7634,0.76365,1.00,3.20
2009.05.29 17:16:42.295,0.7634,0.76365,1.00,2.40
2009.05.29 17:16:42.515,0.76345,0.7637,1.00,5.00
2009.05.29 17:16:42.905,0.76345,0.7637,1.00,2.40
2009.05.29 17:16:44.665,0.76345,0.76365,1.00,2.40
2009.05.29 17:16:57.975,0.76345,0.7637,1.00,2.40
2009.05.29 17:16:58.205,0.76345,0.76365,1.00,2.40
2009.05.29 17:17:01.864,0.76345,0.7637,1.00,2.40
2009.05.29 17:17:02.824,0.7634,0.76365,5.20,2.40
2009.05.29 17:17:03.054,0.7634,0.76365,3.60,2.40
2009.05.29 17:17:04.323,0.7634,0.76355,1.60,2.40
2009.05.29 17:17:04.614,0.7634,0.7636,1.00,2.40
2009.05.29 17:17:06.853,0.76335,0.7636,2.20,2.40
2009.05.29 17:17:09.722,0.7634,0.7636,1.00,2.40
2009.05.29 17:17:09.962,0.7634,0.7636,3.00,2.40
2009.05.29 17:17:10.372,0.7634,0.7636,5.20,2.40
2009.05.29 17:17:11.482,0.76345,0.76365,1.00,2.40
2009.05.29 17:17:11.992,0.7634,0.76365,4.60,2.40
2009.05.29 17:17:12.282,0.7634,0.7636,3.00,2.40
2009.05.29 17:17:16.810,0.7634,0.76355,3.00,2.40
2009.05.29 17:17:22.439,0.7634,0.76355,2.20,2.40
2009.05.29 17:17:22.609,0.7634,0.7636,1.20,2.40
2009.05.29 17:17:22.789,0.7634,0.7636,1.00,2.40
2009.05.29 17:17:24.119,0.76335,0.76355,10.80,2.40
2009.05.29 17:17:24.459,0.7634,0.76355,1.00,2.40
2009.05.29 17:17:24.569,0.7634,0.76355,3.00,2.40
2009.05.29 17:17:28.418,0.76345,0.7637,1.00,2.40
2009.05.29 17:17:28.478,0.7635,0.7637,1.00,2.40
2009.05.29 17:17:29.118,0.7635,0.76375,1.00,2.40
2009.05.29 17:17:30.208,0.7635,0.7637,1.00,2.40
2009.05.29 17:17:31.577,0.76345,0.76365,1.60,2.40
2009.05.29 17:17:31.797,0.76335,0.76355,12.80,2.40
2009.05.29 17:17:32.147,0.7634,0.7636,5.20,2.40
2009.05.29 17:17:34.996,0.76345,0.76365,1.00,2.40
2009.05.29 17:17:35.726,0.76345,0.76365,15.40,2.40
2009.05.29 17:17:36.016,0.76345,0.76365,16.00,2.40
2009.05.29 17:17:36.316,0.76345,0.7637,16.00,2.40
2009.05.29 17:17:38.935,0.76345,0.7637,10.80,2.40
2009.05.29 17:17:39.175,0.76345,0.7637,10.20,2.40
2009.05.29 17:17:39.575,0.76345,0.7637,2.20,2.40
2009.05.29 17:17:39.685,0.7635,0.76375,1.00,2.40
2009.05.29 17:17:43.034,0.76355,0.76375,1.00,2.40
2009.05.29 17:17:47.943,0.76365,0.7639,1.00,3.20
2009.05.29 17:17:48.563,0.76365,0.76385,1.00,2.40
2009.05.29 17:17:49.193,0.76365,0.7639,1.00,2.40
2009.05.29 17:17:49.593,0.76365,0.76385,1.00,2.40
2009.05.29 17:17:49.823,0.76365,0.7639,1.00,2.40
2009.05.29 17:17:51.832,0.76365,0.76385,1.00,2.40
2009.05.29 17:17:52.002,0.7636,0.76385,3.60,2.40
2009.05.29 17:17:52.812,0.7636,0.7638,3.60,2.40
2009.05.29 17:17:53.032,0.7636,0.7637,2.20,2.40
2009.05.29 17:17:53.432,0.7635,0.76375,5.20,2.40
2009.05.29 17:17:53.662,0.76355,0.76375,1.00,2.40
2009.05.29 17:17:54.002,0.7636,0.7637,1.00,2.40
2009.05.29 17:17:54.401,0.7636,0.7637,2.20,2.40
2009.05.29 17:17:54.801,0.7635,0.7637,3.60,2.40
2009.05.29 17:17:55.191,0.7635,0.76375,3.60,2.40
2009.05.29 17:17:56.461,0.7635,0.76375,5.20,2.40
2009.05.29 17:18:01.100,0.7635,0.7637,5.20,2.40
2009.05.29 17:18:01.390,0.7635,0.7637,4.60,2.40
2009.05.29 17:18:01.720,0.7636,0.76365,1.00,2.40
2009.05.29 17:18:01.999,0.7636,0.7637,1.00,2.40
2009.05.29 17:18:05.558,0.7635,0.7637,3.00,2.40
2009.05.29 17:18:05.728,0.7635,0.76375,3.60,2.40
2009.05.29 17:18:05.898,0.7635,0.7637,5.20,2.40
2009.05.29 17:18:06.059,0.7635,0.76365,4.60,2.40
2009.05.29 17:18:06.559,0.7636,0.7637,3.00,2.40
2009.05.29 17:18:06.618,0.7636,0.76375,3.00,2.40
2009.05.29 17:18:07.829,0.7636,0.7638,3.00,2.40
2009.05.29 17:18:08.289,0.76365,0.76385,1.00,2.40
2009.05.29 17:18:08.568,0.7636,0.7638,4.60,2.40
2009.05.29 17:18:09.079,0.7636,0.76375,3.00,2.40
2009.05.29 17:18:10.498,0.7636,0.7638,3.00,2.40
2009.05.29 17:18:14.697,0.7636,0.76375,3.00,2.40
2009.05.29 17:18:15.916,0.7636,0.7638,3.60,2.40
2009.05.29 17:18:18.176,0.76365,0.76385,1.00,2.40
2009.05.29 17:18:19.046,0.7636,0.7638,1.40,2.40
2009.05.29 17:18:24.784,0.7637,0.7639,9.40,2.40
2009.05.29 17:18:25.004,0.7637,0.7639,5.20,2.40
2009.05.29 17:18:25.464,0.7638,0.76395,1.00,2.40
2009.05.29 17:18:25.865,0.7638,0.76395,3.00,2.40
2009.05.29 17:18:34.492,0.7638,0.764,1.00,2.40
2009.05.29 17:18:34.602,0.76375,0.764,1.00,2.40
2009.05.29 17:18:34.652,0.7638,0.7639,1.00,2.40
2009.05.29 17:18:35.012,0.7638,0.7639,2.40,2.40
2009.05.29 17:18:35.071,0.7638,0.7639,3.00,2.40
2009.05.29 17:18:35.311,0.7638,0.7639,2.40,2.40
2009.05.29 17:18:35.362,0.7637,0.76395,3.60,2.40
2009.05.29 17:18:47.768,0.76365,0.7639,1.00,2.40
2009.05.29 17:18:50.398,0.7636,0.7638,3.60,2.40
2009.05.29 17:19:01.305,0.7635,0.76375,5.20,2.40
2009.05.29 17:19:02.795,0.7635,0.7637,5.20,2.40
2009.05.29 17:19:12.033,0.7635,0.7637,3.60,2.40
2009.05.29 17:19:13.572,0.76355,0.7638,1.00,6.00
2009.05.29 17:19:13.742,0.76355,0.76375,1.00,2.40
2009.05.29 17:19:13.902,0.76355,0.7638,1.00,4.80
2009.05.29 17:19:16.962,0.76365,0.76385,1.00,2.40
2009.05.29 17:19:22.050,0.76365,0.7639,1.00,2.40
2009.05.29 17:19:22.520,0.7637,0.7639,1.00,2.40
2009.05.29 17:19:22.640,0.76375,0.76395,1.00,4.80
2009.05.29 17:19:23.380,0.76375,0.7639,1.00,5.60
2009.05.29 17:19:23.680,0.76375,0.76395,1.00,4.80
2009.05.29 17:19:24.599,0.76375,0.76395,1.00,4.00
2009.05.29 17:19:24.949,0.76375,0.764,1.00,2.40
2009.05.29 17:19:25.459,0.7638,0.764,1.00,2.40
2009.05.29 17:19:31.158,0.7638,0.76405,1.00,6.00
2009.05.29 17:19:31.428,0.7638,0.764,1.00,4.80
2009.05.29 17:19:31.708,0.76375,0.76395,1.00,2.40
2009.05.29 17:19:33.308,0.76375,0.764,1.00,4.80
2009.05.29 17:19:34.587,0.76375,0.76395,1.00,2.40
2009.05.29 17:19:40.946,0.76385,0.76405,1.00,2.40
2009.05.29 17:19:41.006,0.7638,0.76405,2.80,2.40
2009.05.29 17:19:41.496,0.7639,0.7641,1.00,2.40
2009.05.29 17:19:41.785,0.7638,0.764,2.80,2.40
2009.05.29 17:19:42.025,0.7638,0.764,1.20,2.40
2009.05.29 17:19:43.565,0.7638,0.764,1.00,2.40
2009.05.29 17:20:04.360,0.76375,0.76395,1.60,2.40
2009.05.29 17:20:04.690,0.7637,0.7639,2.80,2.40
2009.05.29 17:20:07.739,0.7637,0.76395,2.80,2.40
2009.05.29 17:20:08.139,0.76375,0.76395,1.00,2.40
2009.05.29 17:20:12.648,0.76375,0.76395,1.00,4.00
2009.05.29 17:20:12.818,0.7637,0.76395,1.20,4.80
2009.05.29 17:20:13.218,0.76375,0.76395,1.00,4.80
2009.05.29 17:20:13.568,0.7637,0.76395,1.00,4.80
2009.05.29 17:20:14.079,0.76375,0.76395,1.00,4.80
2009.05.29 17:20:14.678,0.7637,0.76395,1.00,4.80
2009.05.29 17:20:20.356,0.7637,0.76395,1.00,3.20
2009.05.29 17:20:20.587,0.76375,0.76395,1.00,2.40
2009.05.29 17:20:30.034,0.76365,0.76385,1.00,2.40
2009.05.29 17:20:31.314,0.76355,0.7638,2.20,2.40
2009.05.29 17:20:35.742,0.7636,0.7638,1.00,2.40
2009.05.29 17:20:39.901,0.76365,0.76385,1.00,2.40
2009.05.29 17:21:08.345,0.76355,0.7637,1.60,2.40
2009.05.29 17:21:08.675,0.7635,0.76365,8.60,2.40
2009.05.29 17:21:09.005,0.76345,0.76365,6.00,2.40
2009.05.29 17:21:09.474,0.76345,0.7637,6.00,2.40
2009.05.29 17:21:11.664,0.76355,0.7638,6.60,2.40
2009.05.29 17:21:11.904,0.76355,0.7638,8.80,2.40
2009.05.29 17:21:12.244,0.76355,0.7638,5.80,2.40
2009.05.29 17:21:12.774,0.7636,0.7638,8.60,2.40
2009.05.29 17:21:13.013,0.76355,0.7638,6.00,2.40
2009.05.29 17:21:14.883,0.7636,0.7638,1.00,2.40
2009.05.29 17:21:15.173,0.76365,0.7638,1.60,2.40
2009.05.29 17:21:15.413,0.76365,0.76385,4.60,2.40
2009.05.29 17:21:15.513,0.76375,0.76395,1.00,2.40
2009.05.29 17:21:17.562,0.7637,0.76395,1.00,2.40
2009.05.29 17:21:17.852,0.76375,0.76395,1.00,2.40
2009.05.29 17:21:21.641,0.76375,0.764,1.00,2.40
2009.05.29 17:21:22.151,0.76375,0.764,1.00,3.60
2009.05.29 17:21:22.321,0.76375,0.764,1.00,4.40
2009.05.29 17:21:22.661,0.76375,0.76395,1.00,2.40
2009.05.29 17:21:22.961,0.76365,0.7639,5.20,2.40
2009.05.29 17:21:25.550,0.76365,0.7639,4.40,2.40
2009.05.29 17:21:25.831,0.76365,0.7639,2.20,2.40
2009.05.29 17:21:26.171,0.76365,0.7639,1.00,2.40
2009.05.29 17:21:33.829,0.76365,0.76385,1.00,2.40
2009.05.29 17:21:35.568,0.7636,0.76385,6.00,2.40
2009.05.29 17:21:36.088,0.76365,0.76385,1.00,2.40
2009.05.29 17:21:36.488,0.76365,0.76385,2.20,2.40
2009.05.29 17:21:36.718,0.76365,0.7639,2.20,2.40
2009.05.29 17:21:37.168,0.76365,0.76385,2.20,2.40
2009.05.29 17:21:37.847,0.76365,0.7639,2.20,2.40
2009.05.29 17:21:50.505,0.7637,0.7639,1.00,2.40
2009.05.29 17:21:50.794,0.7637,0.76395,1.00,2.40
2009.05.29 17:21:51.734,0.76365,0.7638,1.60,2.40
2009.05.29 17:21:51.964,0.7636,0.7638,14.00,2.40
2009.05.29 17:21:52.304,0.76365,0.7639,1.40,2.40
2009.05.29 17:21:52.704,0.7636,0.7638,7.40,2.40
2009.05.29 17:21:53.054,0.7636,0.7638,15.40,2.40
2009.05.29 17:21:56.513,0.7636,0.76385,4.40,2.40
2009.05.29 17:21:56.793,0.7637,0.7639,1.00,2.40
2009.05.29 17:21:57.323,0.76375,0.7639,2.40,2.40
2009.05.29 17:21:57.613,0.76375,0.7639,4.60,2.40
2009.05.29 17:21:58.133,0.7638,0.764,1.00,3.60
2009.05.29 17:21:58.473,0.76375,0.76395,6.00,2.40
2009.05.29 17:22:01.582,0.76375,0.76395,4.40,2.40
2009.05.29 17:22:01.942,0.76375,0.76395,2.80,2.40
2009.05.29 17:22:02.112,0.7637,0.76385,2.20,2.40
2009.05.29 17:22:02.981,0.7637,0.7639,2.20,2.40
2009.05.29 17:22:03.661,0.7637,0.7639,1.20,2.40
2009.05.29 17:22:05.111,0.7637,0.7639,1.00,2.40
2009.05.29 17:22:14.958,0.76365,0.7639,1.00,2.40
2009.05.29 17:22:19.118,0.7637,0.7639,1.00,2.40
2009.05.29 17:22:30.555,0.7637,0.7639,2.20,2.40
2009.05.29 17:22:30.785,0.7637,0.7639,3.60,2.40
2009.05.29 17:22:31.065,0.7637,0.76395,4.40,2.40
2009.05.29 17:22:31.475,0.7637,0.76395,6.00,2.40
2009.05.29 17:22:40.173,0.76375,0.76395,1.60,2.40
2009.05.29 17:22:40.232,0.76375,0.76395,2.40,2.40
2009.05.29 17:22:40.454,0.76375,0.76395,3.00,2.40
2009.05.29 17:22:40.513,0.76375,0.76395,4.60,2.40
2009.05.29 17:22:40.783,0.76385,0.764,1.00,2.40
2009.05.29 17:22:41.063,0.76385,0.764,4.60,2.40
2009.05.29 17:22:41.582,0.76395,0.7641,2.40,2.40
2009.05.29 17:22:41.972,0.764,0.76425,1.00,4.40
2009.05.29 17:22:42.322,0.764,0.76425,1.00,2.40
2009.05.29 17:22:42.672,0.76405,0.76425,1.00,2.40
2009.05.29 17:22:42.902,0.764,0.7642,1.00,2.40
2009.05.29 17:22:43.372,0.76395,0.7642,6.00,2.40
2009.05.29 17:22:44.362,0.764,0.7642,1.00,2.40
2009.05.29 17:22:48.600,0.76395,0.7642,5.20,2.40
2009.05.29 17:22:49.181,0.76395,0.7642,6.00,2.40
2009.05.29 17:22:50.290,0.76395,0.76415,4.40,2.40
2009.05.29 17:22:50.400,0.7639,0.76415,1.20,2.40
2009.05.29 17:22:51.020,0.7639,0.76415,1.00,2.40
2009.05.29 17:22:54.429,0.7639,0.76415,1.40,2.40
2009.05.29 17:22:54.709,0.7639,0.76415,2.80,2.40
2009.05.29 17:22:54.829,0.7639,0.76415,1.00,2.40
2009.05.29 17:23:00.008,0.76395,0.76415,2.40,2.40
2009.05.29 17:23:00.238,0.76395,0.76415,3.00,2.40
2009.05.29 17:23:00.348,0.76395,0.7642,5.20,2.40
2009.05.29 17:23:00.868,0.76395,0.7642,6.00,2.40
2009.05.29 17:23:02.867,0.76395,0.7642,5.20,2.40
2009.05.29 17:23:05.287,0.76395,0.76415,5.20,2.40
2009.05.29 17:23:05.627,0.76395,0.7641,4.60,2.40
2009.05.29 17:23:05.906,0.76395,0.76415,5.20,2.40
2009.05.29 17:23:10.375,0.76395,0.76415,4.60,2.40
2009.05.29 17:23:10.845,0.76395,0.76415,5.20,2.40
2009.05.29 17:23:11.515,0.76395,0.76415,4.60,2.40
2009.05.29 17:23:12.545,0.76395,0.76415,5.20,2.40
2009.05.29 17:23:12.944,0.76395,0.76415,4.40,2.40
2009.05.29 17:23:13.275,0.76395,0.76415,1.20,2.40
2009.05.29 17:23:13.454,0.76395,0.76415,1.00,2.40
2009.05.29 17:23:20.323,0.7639,0.7641,1.00,2.40
2009.05.29 17:23:20.593,0.7639,0.7641,1.20,2.40
2009.05.29 17:23:20.713,0.7639,0.7641,1.00,2.40
2009.05.29 17:23:20.943,0.76385,0.76405,2.20,2.40
2009.05.29 17:23:21.053,0.76385,0.76405,1.00,2.40
2009.05.29 17:23:22.372,0.7638,0.764,1.00,2.40
2009.05.29 17:23:22.942,0.7637,0.7639,1.00,2.40
2009.05.29 17:23:23.222,0.76365,0.76385,1.00,2.40
2009.05.29 17:23:25.232,0.76365,0.7639,1.00,2.40
2009.05.29 17:23:26.262,0.76365,0.76385,1.00,2.40
2009.05.29 17:23:27.291,0.76375,0.7639,1.00,3.20
2009.05.29 17:23:27.571,0.76375,0.76395,1.00,3.60
2009.05.29 17:23:27.803,0.7637,0.7639,1.00,2.40
2009.05.29 17:23:28.911,0.7637,0.76395,1.00,2.40
2009.05.29 17:23:29.261,0.7637,0.7639,1.00,2.40
2009.05.29 17:23:31.910,0.7637,0.76395,1.20,2.40
2009.05.29 17:23:32.140,0.76385,0.764,1.00,2.40
2009.05.29 17:23:32.750,0.76385,0.764,1.00,3.60
2009.05.29 17:23:32.920,0.76385,0.764,1.00,2.40
2009.05.29 17:23:33.590,0.76385,0.764,1.00,3.60
2009.05.29 17:23:33.770,0.7638,0.764,1.00,3.60
2009.05.29 17:23:33.949,0.7638,0.764,1.00,2.40
2009.05.29 17:23:34.520,0.76375,0.76395,1.00,2.40
2009.05.29 17:23:35.439,0.7637,0.7639,1.00,2.40
2009.05.29 17:23:35.679,0.76365,0.7639,1.00,2.40
2009.05.29 17:23:36.589,0.7636,0.76375,3.00,2.40
2009.05.29 17:23:37.049,0.7636,0.76385,1.00,2.40
2009.05.29 17:23:37.799,0.7636,0.7638,1.00,2.40
2009.05.29 17:23:38.139,0.76355,0.76365,1.60,2.40
2009.05.29 17:23:38.539,0.76355,0.76375,2.20,2.40
2009.05.29 17:23:38.778,0.7635,0.76375,5.20,2.40
2009.05.29 17:23:39.128,0.7635,0.76375,2.80,2.40
2009.05.29 17:23:39.638,0.7635,0.76375,1.00,2.40
2009.05.29 17:23:39.938,0.7635,0.76375,5.20,2.40
2009.05.29 17:23:40.498,0.7635,0.7637,5.20,2.40
2009.05.29 17:23:40.828,0.76355,0.76375,1.00,2.40
2009.05.29 17:23:40.998,0.7635,0.7637,4.60,2.40
2009.05.29 17:23:41.168,0.76355,0.76375,1.00,2.40
2009.05.29 17:23:41.518,0.7635,0.76375,3.60,2.40
2009.05.29 17:23:42.498,0.7635,0.7637,3.00,2.40
2009.05.29 17:23:42.617,0.7635,0.7637,2.20,2.40
2009.05.29 17:23:42.907,0.76345,0.7637,2.20,2.40
2009.05.29 17:23:51.755,0.76355,0.76375,1.00,2.40
2009.05.29 17:23:51.875,0.7635,0.76375,2.40,2.40
2009.05.29 17:23:52.105,0.76355,0.76375,3.00,2.40
2009.05.29 17:23:52.345,0.76355,0.76375,5.20,2.40
2009.05.29 17:23:52.875,0.76355,0.76365,4.60,2.40
2009.05.29 17:23:53.205,0.76355,0.76365,2.20,2.40
2009.05.29 17:23:53.715,0.7635,0.76365,3.00,2.40
2009.05.29 17:24:03.672,0.76355,0.76375,1.00,2.40
2009.05.29 17:24:03.903,0.7635,0.76365,7.00,2.40
2009.05.29 17:24:12.120,0.76355,0.76375,1.00,2.40
2009.05.29 17:24:12.920,0.7635,0.76365,3.00,2.40
2009.05.29 17:24:38.644,0.7635,0.76365,2.20,2.40
2009.05.29 17:24:38.884,0.7635,0.76365,1.00,2.40
2009.05.29 17:24:39.224,0.76345,0.76365,1.00,2.40
2009.05.29 17:24:50.541,0.7634,0.76355,4.60,2.40
2009.05.29 17:24:55.740,0.7635,0.76355,1.00,2.40
2009.05.29 17:24:55.970,0.7635,0.7636,1.00,2.40
2009.05.29 17:24:56.030,0.7635,0.7636,1.40,2.40
2009.05.29 17:24:56.090,0.7635,0.7636,3.00,2.40
2009.05.29 17:24:56.610,0.7635,0.7636,2.20,2.40
2009.05.29 17:24:56.829,0.7634,0.7636,5.20,2.40
2009.05.29 17:24:57.610,0.7635,0.7637,1.00,2.40
2009.05.29 17:24:57.890,0.7635,0.7637,1.40,2.40
2009.05.29 17:24:58.179,0.7635,0.76365,1.00,2.40
2009.05.29 17:24:58.399,0.7634,0.7636,14.00,2.40
2009.05.29 17:24:58.919,0.7634,0.7636,6.00,2.40
2009.05.29 17:24:59.219,0.7635,0.7636,2.40,2.40
2009.05.29 17:24:59.559,0.7635,0.76355,1.60,2.40
2009.05.29 17:24:59.719,0.7634,0.76355,3.00,2.40
2009.05.29 17:25:00.299,0.7635,0.76355,3.00,2.40
2009.05.29 17:25:01.578,0.7635,0.76355,2.20,2.40
2009.05.29 17:25:01.698,0.7634,0.76355,3.00,2.40
2009.05.29 17:25:17.304,0.7634,0.7636,3.00,2.40
2009.05.29 17:25:18.864,0.7634,0.76355,3.00,2.40
2009.05.29 17:25:20.054,0.7634,0.7636,3.00,2.40
2009.05.29 17:25:20.394,0.7634,0.7635,3.00,2.40
2009.05.29 17:25:20.664,0.7634,0.7635,1.00,2.40
2009.05.29 17:25:22.513,0.7634,0.76355,1.00,2.40
2009.05.29 17:25:22.793,0.7634,0.76355,3.00,2.40
2009.05.29 17:25:23.064,0.7634,0.76365,3.60,3.60
2009.05.29 17:25:23.353,0.7634,0.76365,3.60,2.40
2009.05.29 17:25:23.533,0.7635,0.76365,2.40,2.40
2009.05.29 17:25:23.813,0.7635,0.76365,3.00,2.40
2009.05.29 17:25:28.182,0.7635,0.76375,3.60,3.60
2009.05.29 17:25:28.762,0.7635,0.76375,3.60,2.40
2009.05.29 17:25:31.811,0.7635,0.76375,3.60,3.20
2009.05.29 17:25:31.921,0.7635,0.76375,2.80,3.20
2009.05.29 17:25:32.031,0.7635,0.76375,1.00,3.20
2009.05.29 17:25:35.131,0.76345,0.76375,1.00,3.20
2009.05.29 17:25:35.190,0.7635,0.76375,1.00,3.20
2009.05.29 17:25:35.240,0.7635,0.76375,1.40,3.20
2009.05.29 17:25:35.410,0.7635,0.76375,2.00,3.20
2009.05.29 17:25:35.470,0.7635,0.76375,3.60,3.20
2009.05.29 17:25:38.070,0.7635,0.76375,2.00,3.20
2009.05.29 17:25:38.250,0.7635,0.7637,1.00,2.40
2009.05.29 17:25:44.368,0.7635,0.76375,1.40,3.20
2009.05.29 17:25:44.708,0.7635,0.76375,3.60,3.20
2009.05.29 17:25:45.828,0.7635,0.76375,3.60,2.40
2009.05.29 17:25:47.427,0.7635,0.7637,3.60,2.40
2009.05.29 17:25:47.827,0.7635,0.76375,3.60,2.40
2009.05.29 17:25:49.247,0.76355,0.76375,1.00,2.40
2009.05.29 17:25:50.117,0.7635,0.76375,3.60,2.40
2009.05.29 17:26:07.633,0.7635,0.76375,1.00,2.40
2009.05.29 17:26:12.051,0.7635,0.7637,1.00,2.40
2009.05.29 17:26:14.801,0.76345,0.7637,2.20,2.40
2009.05.29 17:26:15.191,0.7635,0.7637,1.00,2.40
2009.05.29 17:26:19.250,0.7635,0.76375,1.00,2.40
2009.05.29 17:26:33.906,0.76345,0.76355,1.60,2.40
2009.05.29 17:26:34.236,0.7634,0.76355,2.20,2.40
2009.05.29 17:26:34.516,0.7634,0.76355,1.00,2.40
2009.05.29 17:26:34.836,0.76345,0.76365,1.00,2.40
2009.05.29 17:26:35.116,0.76335,0.76355,4.60,2.40
2009.05.29 17:26:37.125,0.7634,0.76365,1.00,2.40
2009.05.29 17:26:37.346,0.7634,0.76365,1.20,2.40
2009.05.29 17:26:37.455,0.76345,0.76365,1.00,2.40
2009.05.29 17:26:51.533,0.76345,0.7637,1.00,2.40
2009.05.29 17:27:16.986,0.7636,0.76375,1.00,1.00
2009.05.29 17:27:18.305,0.7635,0.76375,1.00,2.40
2009.05.29 17:27:18.366,0.76345,0.7637,1.00,2.40
2009.05.29 17:27:39.410,0.7634,0.7636,2.80,2.40
2009.05.29 17:27:40.111,0.7634,0.76355,2.20,2.40
2009.05.29 17:27:52.577,0.7634,0.7636,2.80,2.40
2009.05.29 17:27:55.666,0.7634,0.76365,2.80,2.40
2009.05.29 17:27:56.236,0.7634,0.7636,2.80,2.40
2009.05.29 17:27:56.536,0.7634,0.7636,1.20,2.40
2009.05.29 17:27:56.716,0.7634,0.7636,1.00,2.40
2009.05.29 17:27:57.056,0.76345,0.7637,1.00,2.40
2009.05.29 17:27:57.686,0.76345,0.76365,1.00,2.40
2009.05.29 17:27:58.156,0.76355,0.76375,1.00,3.20
2009.05.29 17:27:58.556,0.7635,0.76375,1.00,2.40
2009.05.29 17:27:58.906,0.7635,0.7637,1.00,2.40
2009.05.29 17:27:59.776,0.76345,0.7637,1.00,2.40
2009.05.29 17:27:59.945,0.76345,0.76365,1.00,2.40
2009.05.29 17:28:07.004,0.76335,0.7635,2.20,2.40
2009.05.29 17:28:07.174,0.7633,0.76355,2.80,2.40
2009.05.29 17:28:08.594,0.7633,0.7635,2.80,2.40
2009.05.29 17:28:08.993,0.7633,0.76355,1.20,2.40
2009.05.29 17:28:09.213,0.7633,0.76355,1.00,2.40
2009.05.29 17:28:16.162,0.76325,0.7635,2.20,2.40
2009.05.29 17:28:16.392,0.76325,0.7635,1.00,2.40
2009.05.29 17:28:17.781,0.7632,0.76345,7.60,2.40
2009.05.29 17:28:18.111,0.7632,0.76345,8.40,2.40
2009.05.29 17:28:18.451,0.76325,0.76345,1.60,2.40
2009.05.29 17:28:18.851,0.76325,0.76345,5.40,2.40
2009.05.29 17:28:37.966,0.76335,0.7636,4.40,2.40
2009.05.29 17:28:38.436,0.7633,0.7635,5.40,2.40
2009.05.29 17:28:39.616,0.7633,0.7635,4.60,2.40
2009.05.29 17:28:48.864,0.7633,0.7635,5.40,2.40
2009.05.29 17:28:49.423,0.7633,0.7635,7.00,2.40
2009.05.29 17:28:49.713,0.7633,0.7635,6.80,2.40
2009.05.29 17:28:50.064,0.7633,0.7635,5.20,2.40
2009.05.29 17:28:50.413,0.7633,0.76355,2.80,2.40
2009.05.29 17:28:50.633,0.7633,0.76355,1.00,2.40
2009.05.29 17:28:50.853,0.76325,0.7635,2.20,2.40
2009.05.29 17:28:51.213,0.76325,0.7635,1.00,2.40
2009.05.29 17:28:51.843,0.7632,0.7634,1.20,2.40
2009.05.29 17:28:52.293,0.76315,0.7634,2.20,2.40
2009.05.29 17:28:53.282,0.76315,0.7634,1.00,2.40
2009.05.29 17:29:00.211,0.76315,0.7634,1.00,2.40
2009.05.29 17:29:00.321,0.7631,0.76335,2.80,2.40
2009.05.29 17:29:01.770,0.76315,0.76335,1.60,2.40
2009.05.29 17:29:03.450,0.7631,0.76335,4.40,2.40
2009.05.29 17:29:03.680,0.76315,0.7634,1.00,2.40
2009.05.29 17:29:04.680,0.76315,0.76335,2.20,2.40
2009.05.29 17:29:04.900,0.76315,0.76335,1.60,2.40
2009.05.29 17:29:05.130,0.7632,0.7634,1.00,2.40
2009.05.29 17:29:05.310,0.76315,0.76335,1.60,2.40
2009.05.29 17:29:06.069,0.7632,0.7634,1.00,2.40
2009.05.29 17:29:06.440,0.76315,0.76335,1.60,2.40
2009.05.29 17:29:06.979,0.7632,0.7634,1.00,2.40
2009.05.29 17:29:07.709,0.76315,0.7634,2.20,2.40
2009.05.29 17:29:08.779,0.7631,0.76335,2.80,2.40
2009.05.29 17:29:15.737,0.7631,0.76335,1.00,2.40
2009.05.29 17:29:16.317,0.7631,0.7633,1.00,2.40
2009.05.29 17:29:18.136,0.76315,0.7634,1.00,4.80
2009.05.29 17:29:18.366,0.76315,0.7634,1.00,2.40
2009.05.29 17:29:19.336,0.7631,0.76335,1.00,2.40
2009.05.29 17:29:19.556,0.7631,0.76335,2.20,2.40
2009.05.29 17:29:19.886,0.7631,0.76335,2.80,2.40
2009.05.29 17:29:20.886,0.7632,0.7634,1.00,2.40
2009.05.29 17:29:21.236,0.76315,0.7634,2.20,2.40
2009.05.29 17:29:21.806,0.7632,0.7634,1.00,2.40
2009.05.29 17:29:22.046,0.76315,0.7634,2.20,2.40
2009.05.29 17:29:30.344,0.7632,0.76345,1.00,2.40
2009.05.29 17:29:30.864,0.76335,0.76345,1.00,5.60
2009.05.29 17:29:31.193,0.76325,0.7635,1.00,4.80
2009.05.29 17:29:31.353,0.7632,0.7634,1.20,2.40
2009.05.29 17:29:31.593,0.7632,0.7634,1.00,2.40
2009.05.29 17:29:50.329,0.7631,0.7633,1.20,2.40
2009.05.29 17:29:50.949,0.7631,0.7633,1.00,2.40
2009.05.29 17:29:52.978,0.76305,0.7633,2.20,2.40
2009.05.29 17:29:53.678,0.76305,0.7633,3.80,2.40
2009.05.29 17:29:54.078,0.76315,0.7634,1.00,2.40
2009.05.29 17:29:54.298,0.76315,0.76335,1.00,2.40
2009.05.29 17:29:55.607,0.76315,0.7634,1.00,2.40
2009.05.29 17:29:55.837,0.7631,0.7633,2.80,2.40
2009.05.29 17:29:55.897,0.76315,0.7634,1.00,2.40
2009.05.29 17:29:56.067,0.76315,0.7634,1.00,4.00
2009.05.29 17:29:56.288,0.76315,0.7634,1.00,4.80
2009.05.29 17:29:56.347,0.7631,0.7633,1.00,2.40
2009.05.29 17:29:59.647,0.76305,0.7633,6.00,2.40
2009.05.29 17:30:08.594,0.763,0.7632,1.00,2.40
2009.05.29 17:30:08.764,0.763,0.7632,1.40,2.40
2009.05.29 17:30:09.154,0.76305,0.7633,1.00,4.80
2009.05.29 17:30:09.804,0.763,0.7632,6.80,2.40
2009.05.29 17:30:10.374,0.7633,0.76335,1.00,3.20
2009.05.29 17:30:10.614,0.76335,0.7634,1.00,11.20
2009.05.29 17:30:10.904,0.7634,0.7635,1.00,16.80
2009.05.29 17:30:11.124,0.7636,0.76365,1.00,11.00
2009.05.29 17:30:11.684,0.76365,0.7638,1.00,5.30
2009.05.29 17:30:12.194,0.76365,0.76385,1.00,7.20
2009.05.29 17:30:12.524,0.76355,0.76365,1.00,4.80
2009.05.29 17:30:12.854,0.7635,0.76365,1.00,4.80
2009.05.29 17:30:13.194,0.7635,0.76375,1.00,2.40
2009.05.29 17:30:13.653,0.7635,0.7637,1.00,2.40
2009.05.29 17:30:13.944,0.76345,0.76365,1.00,2.40
2009.05.29 17:30:14.233,0.76355,0.76375,1.00,2.40
2009.05.29 17:30:14.573,0.7634,0.7636,1.00,2.40
2009.05.29 17:30:14.923,0.76335,0.7636,5.80,2.40
2009.05.29 17:30:15.723,0.76335,0.7636,2.20,2.40
2009.05.29 17:30:16.523,0.76355,0.76365,1.00,1.00
2009.05.29 17:30:16.853,0.76355,0.7637,1.00,6.40
2009.05.29 17:30:17.022,0.76335,0.7636,2.20,2.40
2009.05.29 17:30:21.351,0.7634,0.7636,1.00,2.40
2009.05.29 17:30:21.521,0.7634,0.7636,3.00,2.40
2009.05.29 17:30:23.311,0.7634,0.76365,3.00,2.40
2009.05.29 17:30:23.481,0.76345,0.76365,1.00,2.40
2009.05.29 17:30:23.711,0.76355,0.76375,1.00,3.20
2009.05.29 17:30:23.881,0.76355,0.76375,1.00,2.40
2009.05.29 17:30:25.161,0.7635,0.7637,1.00,2.40
2009.05.29 17:30:25.450,0.76355,0.7638,1.00,3.20
2009.05.29 17:30:25.740,0.7636,0.7638,1.00,2.40
2009.05.29 17:30:26.370,0.76355,0.7638,1.00,2.40
2009.05.29 17:30:30.819,0.7636,0.7638,2.40,2.40
2009.05.29 17:30:30.869,0.7636,0.7638,3.00,2.40
2009.05.29 17:30:31.449,0.7636,0.7638,3.60,2.40
2009.05.29 17:30:31.669,0.76375,0.76385,1.00,1.00
2009.05.29 17:30:31.959,0.7636,0.7638,3.60,2.40
2009.05.29 17:30:33.548,0.76375,0.76385,1.00,1.00
2009.05.29 17:30:34.368,0.7636,0.7638,2.20,2.40
2009.05.29 17:30:34.538,0.7636,0.7638,3.00,2.40
2009.05.29 17:30:34.938,0.7636,0.7638,1.00,2.40
2009.05.29 17:30:35.118,0.7636,0.7638,1.40,2.40
2009.05.29 17:30:35.278,0.7636,0.7638,3.00,2.40
2009.05.29 17:30:35.398,0.7636,0.7638,2.20,2.40
2009.05.29 17:30:35.508,0.7636,0.7638,1.60,2.40
2009.05.29 17:30:35.688,0.76355,0.7638,1.00,2.40
2009.05.29 17:30:36.838,0.76355,0.76375,1.00,2.40
2009.05.29 17:30:36.898,0.7636,0.7638,1.00,2.40
2009.05.29 17:30:37.818,0.76355,0.76375,2.20,2.40
2009.05.29 17:30:39.337,0.7636,0.7638,1.00,2.40
2009.05.29 17:30:41.147,0.76355,0.7638,2.20,2.40
2009.05.29 17:30:41.377,0.76355,0.7638,1.00,2.40
2009.05.29 17:30:49.645,0.76355,0.76375,1.00,2.40
2009.05.29 17:30:49.875,0.7636,0.76385,1.40,2.40
2009.05.29 17:30:50.105,0.7637,0.76385,1.00,1.00
2009.05.29 17:30:50.395,0.7637,0.76385,1.40,1.00
2009.05.29 17:30:50.624,0.76385,0.7639,1.00,3.20
2009.05.29 17:30:50.914,0.76395,0.764,1.00,1.00
2009.05.29 17:30:51.784,0.7639,0.7641,1.00,2.40
2009.05.29 17:30:52.574,0.76385,0.7641,1.00,2.40
2009.05.29 17:30:56.543,0.76385,0.76405,1.00,2.40
2009.05.29 17:30:57.063,0.7638,0.76405,1.00,2.40
2009.05.29 17:31:01.842,0.7639,0.7641,1.00,2.40
2009.05.29 17:31:02.132,0.76385,0.7641,1.00,2.40
2009.05.29 17:31:02.961,0.7638,0.76405,1.20,3.20
2009.05.29 17:31:03.301,0.7638,0.76405,1.00,3.20
2009.05.29 17:31:03.711,0.7637,0.7639,8.40,2.40
2009.05.29 17:31:04.061,0.7638,0.76405,1.00,3.20
2009.05.29 17:31:04.541,0.76385,0.76405,1.00,2.40
2009.05.29 17:31:05.231,0.7639,0.76405,1.00,1.00
2009.05.29 17:31:05.411,0.76375,0.76395,1.00,2.40
2009.05.29 17:31:05.830,0.76375,0.764,2.20,2.40
2009.05.29 17:31:06.731,0.76375,0.76395,2.20,2.40
2009.05.29 17:31:07.131,0.76375,0.7639,1.60,2.40
2009.05.29 17:31:07.250,0.7637,0.7639,1.00,2.40
2009.05.29 17:31:07.870,0.76365,0.76385,2.20,2.40
2009.05.29 17:31:08.230,0.76365,0.76385,1.00,2.40
2009.05.29 17:31:09.720,0.7637,0.7639,1.00,2.40
2009.05.29 17:31:10.480,0.76375,0.76395,1.00,2.40
2009.05.29 17:31:10.949,0.76375,0.764,1.00,2.40
2009.05.29 17:31:12.449,0.7637,0.76395,1.20,2.40
2009.05.29 17:31:12.679,0.7637,0.76395,1.00,2.40
2009.05.29 17:31:13.139,0.76365,0.7639,2.20,2.40
2009.05.29 17:31:13.369,0.76365,0.7639,1.00,2.40
2009.05.29 17:31:14.799,0.76365,0.7639,2.20,2.40
2009.05.29 17:31:15.398,0.76375,0.764,1.00,3.60
2009.05.29 17:31:15.688,0.76375,0.764,1.00,2.40
2009.05.29 17:31:16.478,0.76375,0.76395,1.00,2.40
2009.05.29 17:31:17.178,0.7638,0.764,1.00,2.40
2009.05.29 17:31:17.288,0.7638,0.764,1.20,2.40
2009.05.29 17:31:17.758,0.7638,0.76405,2.00,2.40
2009.05.29 17:31:18.098,0.76385,0.76405,1.00,2.40
2009.05.29 17:31:18.388,0.7639,0.7641,1.00,3.20
2009.05.29 17:31:18.618,0.76385,0.7641,1.00,2.40
2009.05.29 17:31:19.247,0.7639,0.7641,1.00,2.40
2009.05.29 17:31:19.727,0.76395,0.76415,1.00,2.40
2009.05.29 17:31:22.887,0.764,0.76415,2.20,2.40
2009.05.29 17:31:23.186,0.7639,0.76405,3.00,2.40
2009.05.29 17:31:23.977,0.76405,0.7642,1.00,3.20
2009.05.29 17:31:24.266,0.7639,0.7641,3.60,2.40
2009.05.29 17:31:24.836,0.7641,0.7642,2.20,2.40
2009.05.29 17:31:25.196,0.7641,0.7642,1.60,2.40
2009.05.29 17:31:25.436,0.76405,0.76425,1.00,2.40
2009.05.29 17:31:26.046,0.7641,0.76425,1.00,2.40
2009.05.29 17:31:26.456,0.7641,0.76425,3.00,2.40
2009.05.29 17:31:26.626,0.76405,0.76425,1.00,2.40
2009.05.29 17:31:26.866,0.7641,0.7642,1.00,2.40
2009.05.29 17:31:27.156,0.7641,0.7642,3.00,2.40
2009.05.29 17:31:27.275,0.7641,0.76415,1.60,2.40
2009.05.29 17:31:27.395,0.764,0.76415,3.00,2.40
2009.05.29 17:31:28.095,0.764,0.7641,3.00,2.40
2009.05.29 17:31:29.625,0.764,0.7642,2.20,1.80
2009.05.29 17:31:30.095,0.7639,0.7642,3.00,4.40
2009.05.29 17:31:31.144,0.7639,0.76405,3.00,2.40
2009.05.29 17:31:33.134,0.7639,0.7641,3.60,2.40
2009.05.29 17:31:33.604,0.7639,0.7641,2.20,2.40
2009.05.29 17:31:33.905,0.76385,0.7641,1.00,2.40
2009.05.29 17:31:34.254,0.7639,0.76405,1.00,2.40
2009.05.29 17:31:34.524,0.7639,0.76405,1.40,2.40
2009.05.29 17:31:34.874,0.7639,0.76405,3.00,2.40
2009.05.29 17:31:35.324,0.7639,0.7641,3.60,2.40
2009.05.29 17:31:35.624,0.764,0.7641,3.00,2.40
2009.05.29 17:31:36.033,0.764,0.76405,3.00,2.40
2009.05.29 17:31:36.263,0.7639,0.76405,3.00,2.40
2009.05.29 17:31:36.543,0.7639,0.7641,3.60,2.40
2009.05.29 17:31:37.703,0.764,0.7641,1.00,2.40
2009.05.29 17:31:37.923,0.764,0.7641,3.00,2.40
2009.05.29 17:31:40.142,0.764,0.7641,2.40,2.40
2009.05.29 17:31:40.202,0.764,0.7641,3.00,2.40
2009.05.29 17:31:41.503,0.7641,0.76425,2.40,3.20
2009.05.29 17:31:41.682,0.7641,0.76425,2.40,2.40
2009.05.29 17:31:41.852,0.7641,0.76425,3.00,2.40
2009.05.29 17:31:42.432,0.76405,0.76425,1.00,3.20
2009.05.29 17:31:42.702,0.76405,0.76425,1.00,2.40
2009.05.29 17:31:45.631,0.764,0.76425,3.60,2.40
2009.05.29 17:31:46.141,0.76405,0.76425,1.00,2.40
2009.05.29 17:31:46.561,0.764,0.7642,3.00,2.40
2009.05.29 17:31:46.611,0.764,0.7641,2.20,2.40
2009.05.29 17:31:46.961,0.764,0.7642,1.00,1.80
2009.05.29 17:31:47.191,0.764,0.76415,1.00,1.00
2009.05.29 17:31:47.431,0.7638,0.76415,12.60,1.00
2009.05.29 17:31:47.491,0.7638,0.76415,7.80,1.00
2009.05.29 17:31:50.560,0.7638,0.76405,8.40,2.40
2009.05.29 17:31:52.069,0.7639,0.76405,1.00,2.40
2009.05.29 17:31:52.519,0.7639,0.7641,1.00,2.40
2009.05.29 17:31:52.570,0.7639,0.7641,2.40,2.40
2009.05.29 17:31:52.919,0.7639,0.7641,3.00,2.40
2009.05.29 17:31:53.729,0.7639,0.7641,3.60,2.40
2009.05.29 17:31:53.789,0.76395,0.76415,1.00,2.40
2009.05.29 17:31:55.849,0.7639,0.7641,5.20,2.40
2009.05.29 17:31:55.909,0.7639,0.76415,5.20,2.40
2009.05.29 17:31:56.418,0.76395,0.76415,1.00,2.40
2009.05.29 17:31:57.648,0.7639,0.76415,5.20,2.40
2009.05.29 17:31:57.878,0.7639,0.7641,5.20,2.40
2009.05.29 17:31:58.398,0.7639,0.76405,4.60,2.40
2009.05.29 17:31:58.508,0.7639,0.76405,3.00,2.40
2009.05.29 17:31:59.658,0.7639,0.7641,1.00,2.40
2009.05.29 17:32:00.238,0.76385,0.76405,6.00,2.40
2009.05.29 17:32:00.857,0.7639,0.7641,1.00,2.40
2009.05.29 17:32:01.837,0.7639,0.7641,5.20,2.40
2009.05.29 17:32:02.067,0.7639,0.7641,4.60,2.40
2009.05.29 17:32:02.427,0.7639,0.7641,7.80,2.40
2009.05.29 17:32:08.126,0.7639,0.7641,5.20,2.40
2009.05.29 17:32:16.244,0.7641,0.7643,4.60,2.40
2009.05.29 17:32:33.519,0.7641,0.7643,5.20,2.40
2009.05.29 17:32:34.270,0.7642,0.7643,1.00,2.40
2009.05.29 17:32:34.779,0.7642,0.7644,3.00,2.40
2009.05.29 17:32:35.749,0.7642,0.7643,3.00,2.40
2009.05.29 17:32:36.209,0.7642,0.76435,3.00,2.40
2009.05.29 17:32:36.319,0.7642,0.76445,3.60,2.40
2009.05.29 17:32:36.609,0.7642,0.7644,5.40,2.40
2009.05.29 17:32:36.899,0.7642,0.7644,7.00,2.40
2009.05.29 17:32:36.959,0.7642,0.7644,6.20,2.40
2009.05.29 17:32:37.079,0.7642,0.7644,3.00,2.40
2009.05.29 17:32:47.426,0.7642,0.76445,3.60,2.40
2009.05.29 17:32:47.666,0.7642,0.7644,3.00,2.40
2009.05.29 17:32:48.446,0.7642,0.76435,3.00,2.40
2009.05.29 17:32:49.216,0.7642,0.7644,3.00,2.40
2009.05.29 17:32:52.245,0.7642,0.76435,3.00,2.40
2009.05.29 17:32:53.914,0.7642,0.7644,3.00,2.40
2009.05.29 17:32:59.123,0.7643,0.7644,1.40,2.40
2009.05.29 17:32:59.183,0.7643,0.7644,3.00,2.40
2009.05.29 17:32:59.583,0.7643,0.7644,2.20,2.40
2009.05.29 17:32:59.863,0.7642,0.7644,3.00,2.40
2009.05.29 17:33:02.592,0.7643,0.76445,1.00,2.40
2009.05.29 17:33:02.882,0.7643,0.76445,3.00,2.40
2009.05.29 17:33:04.692,0.7643,0.7645,3.00,2.40
2009.05.29 17:33:07.452,0.7643,0.7645,3.00,4.00
2009.05.29 17:33:07.511,0.7643,0.7645,3.00,4.20
2009.05.29 17:33:07.801,0.7643,0.7644,1.60,3.20
2009.05.29 17:33:07.911,0.7642,0.7644,3.00,3.20
2009.05.29 17:33:10.141,0.7642,0.7644,3.00,2.40
2009.05.29 17:33:10.840,0.7642,0.76435,3.00,2.40
2009.05.29 17:33:11.060,0.7642,0.7644,3.60,2.40
2009.05.29 17:33:11.450,0.7642,0.7644,3.00,2.40
2009.05.29 17:33:11.560,0.7642,0.7643,3.00,2.40
2009.05.29 17:33:16.059,0.7642,0.7644,3.60,2.40
2009.05.29 17:33:19.858,0.7642,0.7644,3.00,2.40
2009.05.29 17:33:20.208,0.7642,0.7643,3.00,2.40
2009.05.29 17:33:23.117,0.7642,0.76445,3.00,5.60
2009.05.29 17:33:23.278,0.7642,0.76445,2.20,2.80
2009.05.29 17:33:23.637,0.7641,0.76415,2.30,2.40
2009.05.29 17:33:23.807,0.7641,0.76425,3.00,2.40
2009.05.29 17:33:31.335,0.7641,0.7642,3.00,2.40
2009.05.29 17:33:32.025,0.7641,0.7643,3.00,2.40
2009.05.29 17:33:32.185,0.7641,0.7643,2.20,2.40
2009.05.29 17:33:32.476,0.764,0.7642,3.60,2.40
2009.05.29 17:33:32.535,0.7641,0.76425,1.00,2.40
2009.05.29 17:33:32.755,0.7641,0.76425,3.00,2.40
2009.05.29 17:33:33.035,0.764,0.7642,3.60,2.40
2009.05.29 17:33:34.475,0.764,0.76415,3.00,2.40
2009.05.29 17:33:37.204,0.764,0.7642,3.60,2.40
2009.05.29 17:33:40.263,0.764,0.76405,3.00,2.40
2009.05.29 17:33:40.594,0.764,0.76415,3.00,2.40
2009.05.29 17:33:42.683,0.764,0.76415,2.20,2.40
2009.05.29 17:33:43.093,0.76395,0.76415,1.00,2.40
2009.05.29 17:33:43.323,0.7639,0.76415,5.20,2.40
2009.05.29 17:33:43.803,0.764,0.76415,1.00,2.40
2009.05.29 17:33:43.923,0.764,0.76415,1.40,2.40
2009.05.29 17:33:44.103,0.764,0.76415,1.00,2.40
2009.05.29 17:33:44.213,0.764,0.76415,2.20,2.40
2009.05.29 17:33:44.323,0.764,0.76415,1.00,2.40
2009.05.29 17:33:44.612,0.7639,0.76415,5.20,2.40
2009.05.29 17:33:44.732,0.764,0.76415,1.00,2.40
2009.05.29 17:33:45.082,0.764,0.76415,3.00,2.40
2009.05.29 17:33:45.472,0.7639,0.76415,5.20,2.40
2009.05.29 17:33:46.582,0.764,0.76415,1.00,2.40
2009.05.29 17:33:46.702,0.764,0.76415,1.40,2.40
2009.05.29 17:33:46.822,0.764,0.76415,3.00,2.40
2009.05.29 17:34:00.342,0.7641,0.7642,1.00,2.40
2009.05.29 17:34:00.512,0.7641,0.76425,1.00,2.40
2009.05.29 17:34:00.572,0.7641,0.76425,3.00,2.40
2009.05.29 17:34:01.261,0.7641,0.76425,2.20,2.40
2009.05.29 17:34:01.312,0.7641,0.7642,2.20,2.40
2009.05.29 17:34:01.491,0.7641,0.7642,1.00,2.40
2009.05.29 17:34:01.702,0.764,0.7642,3.60,2.40
2009.05.29 17:34:01.812,0.7641,0.7642,1.00,2.40
2009.05.29 17:34:01.922,0.76405,0.7643,1.00,2.40
2009.05.29 17:34:02.031,0.7641,0.7643,1.60,3.20
2009.05.29 17:34:02.311,0.7641,0.76415,1.00,2.40
2009.05.29 17:34:02.531,0.764,0.76415,3.00,2.40
2009.05.29 17:34:03.421,0.764,0.7641,2.20,1.00
2009.05.29 17:34:03.701,0.7638,0.76385,10.20,2.40
2009.05.29 17:34:04.041,0.7637,0.76385,10.20,2.40
2009.05.29 17:34:04.391,0.76365,0.76385,1.00,2.40
2009.05.29 17:34:04.631,0.7636,0.76375,2.20,2.40
2009.05.29 17:34:04.851,0.7636,0.7638,2.20,2.40
2009.05.29 17:34:05.091,0.7636,0.76375,1.00,2.40
2009.05.29 17:34:05.541,0.7636,0.76375,3.00,2.40
2009.05.29 17:34:14.109,0.7637,0.7639,1.00,2.40
2009.05.29 17:34:15.028,0.7637,0.7639,1.40,2.40
2009.05.29 17:34:15.259,0.7637,0.7639,3.60,2.40
2009.05.29 17:34:16.308,0.7637,0.7639,3.00,2.40
2009.05.29 17:34:16.528,0.7637,0.7639,2.20,2.40
2009.05.29 17:34:16.818,0.76365,0.7639,1.00,2.40
2009.05.29 17:34:18.827,0.7637,0.7639,1.00,2.40
2009.05.29 17:34:19.227,0.7637,0.7639,1.40,2.40
2009.05.29 17:34:19.387,0.7637,0.7639,2.00,2.40
2009.05.29 17:34:19.557,0.7637,0.7639,3.60,2.40
2009.05.29 17:34:19.737,0.7637,0.7639,2.80,2.40
2009.05.29 17:34:20.027,0.7637,0.7639,2.20,2.40
2009.05.29 17:34:20.197,0.7637,0.7639,1.00,2.40
2009.05.29 17:34:21.987,0.7637,0.76395,1.40,2.40
2009.05.29 17:34:22.167,0.7638,0.76405,1.00,2.40
2009.05.29 17:34:22.837,0.7638,0.76405,1.40,2.40
2009.05.29 17:34:23.016,0.7638,0.76405,3.60,2.40
2009.05.29 17:34:27.825,0.7637,0.7639,3.00,2.40
2009.05.29 17:34:28.105,0.7637,0.7639,3.60,2.40
2009.05.29 17:34:35.603,0.7638,0.7639,1.00,2.40
2009.05.29 17:34:35.663,0.7638,0.76395,1.00,2.40
2009.05.29 17:34:35.783,0.7638,0.76395,3.00,2.40
2009.05.29 17:34:36.573,0.7638,0.764,3.00,2.40
2009.05.29 17:34:38.173,0.7638,0.764,3.60,2.40
2009.05.29 17:34:39.662,0.76385,0.7641,1.00,2.40
2009.05.29 17:34:41.982,0.764,0.76415,2.20,2.40
2009.05.29 17:34:42.042,0.76405,0.7642,1.00,1.00
2009.05.29 17:34:42.332,0.76395,0.76415,1.00,2.40
2009.05.29 17:34:43.881,0.7639,0.76415,3.60,2.40
2009.05.29 17:34:44.061,0.7639,0.7641,3.60,2.40
2009.05.29 17:34:44.281,0.76395,0.7642,1.00,2.40
2009.05.29 17:34:44.451,0.7639,0.7641,3.60,2.40
2009.05.29 17:34:44.851,0.76395,0.7642,1.00,3.20
2009.05.29 17:34:46.281,0.7639,0.76415,3.60,2.40
2009.05.29 17:34:46.581,0.7639,0.764,3.00,2.40
2009.05.29 17:34:46.851,0.7639,0.76405,3.00,2.40
2009.05.29 17:34:49.560,0.7639,0.7641,3.00,2.40
2009.05.29 17:34:49.860,0.7639,0.764,2.20,2.40
2009.05.29 17:34:50.280,0.7638,0.76405,2.80,2.40
2009.05.29 17:34:50.621,0.7637,0.7639,13.20,2.40
2009.05.29 17:34:50.970,0.7637,0.7639,4.60,2.40
2009.05.29 17:34:51.360,0.7637,0.7639,3.00,2.40
2009.05.29 17:34:52.389,0.7637,0.7639,3.60,2.40
2009.05.29 17:34:52.739,0.7637,0.7639,3.00,2.40
2009.05.29 17:34:55.039,0.7637,0.7639,3.60,2.40
2009.05.29 17:34:55.219,0.7637,0.76395,3.60,2.40
2009.05.29 17:34:55.568,0.76375,0.76395,1.00,2.40
2009.05.29 17:34:57.858,0.7637,0.76395,3.60,2.40
2009.05.29 17:34:58.028,0.76375,0.76395,1.00,2.40
2009.05.29 17:34:59.238,0.7637,0.76395,3.60,2.40
2009.05.29 17:34:59.987,0.7638,0.764,1.00,2.40
2009.05.29 17:35:01.087,0.7637,0.7639,3.60,2.40
2009.05.29 17:35:01.747,0.7638,0.764,1.00,2.40
2009.05.29 17:35:03.497,0.7637,0.7639,3.60,2.40
2009.05.29 17:35:03.737,0.7637,0.76385,3.00,2.40
2009.05.29 17:35:26.511,0.76375,0.76395,1.00,2.40
2009.05.29 17:35:33.729,0.7637,0.7639,3.60,2.40
2009.05.29 17:35:35.329,0.7637,0.76395,3.60,2.40
2009.05.29 17:35:35.739,0.7638,0.76395,1.40,2.40
2009.05.29 17:35:35.799,0.7638,0.76395,3.00,2.40
2009.05.29 17:35:38.618,0.7638,0.76395,2.20,2.40
2009.05.29 17:35:38.848,0.7638,0.76395,1.60,2.40
2009.05.29 17:35:39.018,0.7637,0.76395,3.60,2.40
2009.05.29 17:35:42.257,0.7637,0.7639,3.60,2.40
2009.05.29 17:35:42.427,0.7637,0.76395,3.60,2.40
2009.05.29 17:35:44.247,0.76375,0.76395,1.00,2.40
2009.05.29 17:35:44.527,0.7637,0.76395,3.60,2.40
2009.05.29 17:35:56.184,0.7637,0.7639,3.00,2.40
2009.05.29 17:35:56.294,0.76375,0.764,1.00,2.40
2009.05.29 17:35:57.933,0.7637,0.76395,3.60,2.40
2009.05.29 17:36:03.802,0.7637,0.7639,3.00,2.40
2009.05.29 17:36:03.972,0.7637,0.76395,3.60,2.40
2009.05.29 17:36:16.639,0.7637,0.7639,3.60,2.40
2009.05.29 17:36:17.149,0.7637,0.76395,3.60,2.40
2009.05.29 17:36:17.389,0.7637,0.76385,3.00,2.40
2009.05.29 17:36:22.098,0.7638,0.764,3.60,2.40
2009.05.29 17:36:25.157,0.7638,0.764,5.20,2.40
2009.05.29 17:36:36.384,0.7638,0.76405,5.20,2.40
2009.05.29 17:36:36.674,0.7638,0.764,5.20,2.40
2009.05.29 17:36:37.124,0.7638,0.76405,5.20,2.40
2009.05.29 17:36:42.133,0.7638,0.764,3.60,2.40
2009.05.29 17:36:47.282,0.7638,0.764,3.60,2.40
2009.05.29 17:36:47.722,0.7638,0.764,4.60,2.40
2009.05.29 17:36:48.611,0.7638,0.764,5.20,2.40
2009.05.29 17:36:50.301,0.7638,0.764,4.60,2.40
2009.05.29 17:36:50.411,0.7638,0.764,5.20,2.40
2009.05.29 17:36:54.130,0.7639,0.7641,3.60,2.40
2009.05.29 17:36:54.740,0.764,0.7641,1.00,2.40
2009.05.29 17:36:55.360,0.764,0.76415,3.00,2.40
2009.05.29 17:36:55.720,0.7641,0.7642,2.40,2.40
2009.05.29 17:36:55.889,0.7641,0.76425,3.00,2.40
2009.05.29 17:36:56.799,0.7641,0.7643,3.00,2.40
2009.05.29 17:36:57.159,0.7641,0.76425,3.00,2.40
2009.05.29 17:36:57.269,0.7641,0.7642,3.00,2.40
2009.05.29 17:36:58.779,0.7641,0.7642,2.20,2.40
2009.05.29 17:36:59.189,0.764,0.7642,3.00,2.40
2009.05.29 17:37:01.249,0.76405,0.7643,1.00,2.40
2009.05.29 17:37:01.358,0.7641,0.7643,1.00,2.40
2009.05.29 17:37:01.588,0.7641,0.7643,2.40,2.40
2009.05.29 17:37:01.698,0.7641,0.7643,3.00,2.40
2009.05.29 17:37:02.898,0.7641,0.7642,1.40,2.40
2009.05.29 17:37:03.378,0.7641,0.7642,1.00,2.40
2009.05.29 17:37:03.718,0.764,0.7642,6.80,2.40
2009.05.29 17:37:04.018,0.7641,0.7642,2.40,2.40
2009.05.29 17:37:04.127,0.7641,0.76425,3.00,2.40
2009.05.29 17:37:04.427,0.7641,0.76425,1.60,2.40
2009.05.29 17:37:04.607,0.76405,0.76425,1.00,2.40
2009.05.29 17:37:06.407,0.7641,0.76425,1.00,2.40
2009.05.29 17:37:06.517,0.7641,0.7642,1.00,2.40
2009.05.29 17:37:06.637,0.7641,0.7642,2.20,2.40
2009.05.29 17:37:06.757,0.764,0.7641,3.00,2.40
2009.05.29 17:37:17.124,0.764,0.76415,3.00,2.40
2009.05.29 17:37:17.304,0.764,0.76415,2.20,2.40
2009.05.29 17:37:17.414,0.764,0.76415,1.00,2.40
2009.05.29 17:37:17.584,0.76395,0.76415,1.00,2.40
2009.05.29 17:37:17.764,0.764,0.7641,1.00,2.40
2009.05.29 17:37:22.293,0.7639,0.76415,2.80,2.40
2009.05.29 17:37:22.403,0.7639,0.76415,1.00,2.40
2009.05.29 17:37:25.892,0.7637,0.7639,2.80,2.40
2009.05.29 17:37:26.182,0.7637,0.7639,2.20,2.40
2009.05.29 17:37:26.482,0.7637,0.7639,1.00,2.40
2009.05.29 17:37:27.972,0.76375,0.76395,1.00,2.40
2009.05.29 17:37:31.981,0.76375,0.764,1.00,2.40
2009.05.29 17:37:32.331,0.7637,0.7639,1.00,2.40
2009.05.29 17:37:38.679,0.7637,0.7639,1.40,2.40
2009.05.29 17:37:38.909,0.7637,0.76385,1.00,2.40
2009.05.29 17:37:39.029,0.7637,0.76385,1.60,2.40
2009.05.29 17:37:39.209,0.7637,0.7638,1.60,2.40
2009.05.29 17:37:39.329,0.7636,0.7638,2.80,2.40
2009.05.29 17:37:39.509,0.7636,0.7638,1.20,2.40
2009.05.29 17:37:39.569,0.7636,0.7638,1.00,2.40
2009.05.29 17:37:40.799,0.76365,0.76385,1.00,2.40
2009.05.29 17:37:46.957,0.7636,0.7637,2.40,2.40
2009.05.29 17:37:47.257,0.7636,0.7637,1.00,2.40
2009.05.29 17:37:48.357,0.7635,0.76365,1.00,2.40
2009.05.29 17:37:48.657,0.7634,0.7636,6.20,2.40
2009.05.29 17:37:49.067,0.7635,0.7636,1.00,2.40
2009.05.29 17:37:49.307,0.7635,0.7636,3.00,2.40
2009.05.29 17:37:49.716,0.7635,0.7636,1.00,2.40
2009.05.29 17:37:50.177,0.7635,0.76355,2.20,2.40
2009.05.29 17:37:50.637,0.76345,0.76365,1.00,2.40
2009.05.29 17:37:52.296,0.7634,0.7635,4.60,2.40
2009.05.29 17:37:52.816,0.7634,0.7635,1.40,2.40
2009.05.29 17:37:53.036,0.76345,0.7637,1.00,2.40
2009.05.29 17:37:53.386,0.76345,0.76365,1.00,2.40
2009.05.29 17:37:53.736,0.7635,0.76375,1.00,3.20
2009.05.29 17:37:54.265,0.7636,0.76385,1.40,2.40
2009.05.29 17:37:54.556,0.76365,0.76385,1.00,2.40
2009.05.29 17:37:55.795,0.7637,0.7639,3.00,2.40
2009.05.29 17:37:56.095,0.76375,0.76395,1.00,2.40
2009.05.29 17:37:57.605,0.7638,0.764,1.40,2.40
2009.05.29 17:37:58.005,0.7638,0.764,2.40,2.40
2009.05.29 17:37:58.354,0.7638,0.764,3.00,2.40
2009.05.29 17:38:00.554,0.7638,0.76395,2.20,2.40
2009.05.29 17:38:00.734,0.76375,0.76395,1.00,2.40
2009.05.29 17:38:02.783,0.7638,0.764,1.00,3.20
2009.05.29 17:38:03.083,0.76385,0.764,1.00,3.20
2009.05.29 17:38:03.713,0.76375,0.764,1.00,2.40
2009.05.29 17:38:05.503,0.7637,0.76385,3.00,2.40
2009.05.29 17:38:05.743,0.7637,0.7639,2.40,2.40
2009.05.29 17:38:06.043,0.7636,0.7638,2.20,2.40
2009.05.29 17:38:06.273,0.76355,0.76375,10.80,2.40
2009.05.29 17:38:06.833,0.76335,0.7636,1.00,2.40
2009.05.29 17:38:07.292,0.76335,0.76355,1.00,2.40
2009.05.29 17:38:07.512,0.76335,0.7636,1.00,2.40
2009.05.29 17:38:07.972,0.76335,0.76355,1.00,2.40
2009.05.29 17:38:10.112,0.7634,0.7636,1.00,2.40
2009.05.29 17:38:10.222,0.7633,0.76345,7.80,2.40
2009.05.29 17:38:10.622,0.7633,0.76345,7.00,2.40
2009.05.29 17:38:10.852,0.76335,0.7636,1.00,2.40
2009.05.29 17:38:11.591,0.7633,0.7635,3.00,2.40
2009.05.29 17:38:12.391,0.76335,0.7636,1.00,2.40
2009.05.29 17:38:13.411,0.7634,0.76355,1.00,2.40
2009.05.29 17:38:13.761,0.7634,0.76355,2.40,2.40
2009.05.29 17:38:14.101,0.7634,0.76355,3.00,2.40
2009.05.29 17:38:14.401,0.7634,0.7635,3.00,2.40
2009.05.29 17:38:14.561,0.7634,0.7636,3.60,2.40
2009.05.29 17:38:14.851,0.76345,0.76365,1.00,2.40
2009.05.29 17:38:15.940,0.76345,0.7637,1.00,2.40
2009.05.29 17:38:17.970,0.7635,0.76375,2.20,2.40
2009.05.29 17:38:18.330,0.7635,0.76375,3.60,2.40
2009.05.29 17:38:18.550,0.7635,0.76375,3.00,2.40
2009.05.29 17:38:18.720,0.7635,0.76375,3.60,2.40
2009.05.29 17:38:19.359,0.7635,0.76375,2.80,2.40
2009.05.29 17:38:19.879,0.7635,0.76375,1.20,2.40
2009.05.29 17:38:19.989,0.7635,0.76375,1.00,2.40
2009.05.29 17:38:20.389,0.76355,0.7638,1.00,2.40
2009.05.29 17:38:21.559,0.76355,0.76375,1.00,2.40
2009.05.29 17:38:21.719,0.7635,0.7637,2.20,2.40
2009.05.29 17:38:22.119,0.76345,0.7637,1.00,2.40
2009.05.29 17:38:35.286,0.7635,0.76375,1.40,2.40
2009.05.29 17:38:35.455,0.76365,0.76375,1.00,1.00
2009.05.29 17:38:55.331,0.76345,0.7637,1.00,2.40
2009.05.29 17:38:55.501,0.76355,0.76375,1.00,2.40
2009.05.29 17:38:57.020,0.7635,0.7637,1.00,2.40
2009.05.29 17:38:57.140,0.7635,0.7637,1.40,2.40
2009.05.29 17:38:57.200,0.7635,0.76365,1.40,2.40
2009.05.29 17:38:57.481,0.7635,0.76365,3.00,2.40
2009.05.29 17:38:57.540,0.7635,0.76365,2.20,2.40
2009.05.29 17:38:57.770,0.76345,0.76365,1.00,2.40
2009.05.29 17:39:01.639,0.7634,0.76365,3.60,2.40
2009.05.29 17:39:01.699,0.7634,0.7636,3.60,2.40
2009.05.29 17:39:01.989,0.7634,0.76355,3.00,2.40
2009.05.29 17:39:02.159,0.7634,0.76355,2.20,2.40
2009.05.29 17:39:02.279,0.7634,0.76355,1.40,2.40
2009.05.29 17:39:02.509,0.7634,0.76355,1.00,2.40
2009.05.29 17:39:02.629,0.7634,0.76355,3.00,2.40
2009.05.29 17:39:02.799,0.7634,0.76355,2.20,2.40
2009.05.29 17:39:03.149,0.76335,0.76355,1.00,2.40
2009.05.29 17:39:04.538,0.76335,0.7636,1.00,2.40
2009.05.29 17:39:09.037,0.76335,0.76355,1.00,2.40
2009.05.29 17:39:17.136,0.7634,0.76355,1.00,2.40
2009.05.29 17:39:17.485,0.7634,0.76355,2.40,2.40
2009.05.29 17:39:17.715,0.7634,0.76355,3.00,2.40
2009.05.29 17:39:18.615,0.7634,0.76355,2.20,2.40
2009.05.29 17:39:19.025,0.7634,0.76355,1.00,2.40
2009.05.29 17:39:19.195,0.76335,0.76355,1.00,2.40
2009.05.29 17:39:26.163,0.76335,0.7636,1.00,2.40
2009.05.29 17:39:30.292,0.7633,0.76345,1.00,2.40
2009.05.29 17:39:30.742,0.7633,0.76345,3.00,2.40
2009.05.29 17:39:32.202,0.76335,0.7636,1.00,2.40
2009.05.29 17:39:32.772,0.76335,0.7636,2.20,2.40
2009.05.29 17:39:33.282,0.7634,0.7636,1.00,2.40
2009.05.29 17:39:33.511,0.7634,0.7636,3.00,2.40
2009.05.29 17:39:33.732,0.7634,0.7636,2.20,2.40
2009.05.29 17:39:33.962,0.7634,0.7636,1.00,2.40
2009.05.29 17:39:34.192,0.76335,0.7636,2.20,2.40
2009.05.29 17:39:36.101,0.76345,0.76365,1.00,2.40
2009.05.29 17:39:36.681,0.76335,0.7636,1.00,2.40
2009.05.29 17:40:08.973,0.76335,0.76355,1.00,2.40
2009.05.29 17:40:09.213,0.7633,0.76345,4.60,2.40
2009.05.29 17:40:11.182,0.7633,0.7635,3.00,2.40
2009.05.29 17:40:14.292,0.76325,0.7635,1.00,2.40
2009.05.29 17:40:14.462,0.7633,0.7635,1.00,2.40
2009.05.29 17:40:14.572,0.76325,0.7635,1.00,2.40
2009.05.29 17:40:14.902,0.7633,0.7635,1.00,2.40
2009.05.29 17:40:15.141,0.7633,0.7635,3.00,2.40
2009.05.29 17:40:15.431,0.7633,0.7635,4.60,2.40
2009.05.29 17:40:15.661,0.76335,0.7636,1.00,2.40
2009.05.29 17:40:23.610,0.7635,0.7636,1.00,2.40
2009.05.29 17:40:24.189,0.7635,0.7636,3.00,2.40
2009.05.29 17:40:24.349,0.7635,0.76365,3.00,2.40
2009.05.29 17:40:24.799,0.7635,0.76365,2.20,2.40
2009.05.29 17:40:25.259,0.76335,0.7636,2.20,2.40
2009.05.29 17:40:26.539,0.76335,0.7636,1.00,2.40
2009.05.29 17:40:28.358,0.7633,0.76355,8.40,2.40
2009.05.29 17:40:30.418,0.7633,0.7635,7.80,2.40
2009.05.29 17:40:30.928,0.76335,0.76355,1.00,2.40
2009.05.29 17:40:32.567,0.7634,0.76355,1.00,2.40
2009.05.29 17:40:32.687,0.7634,0.7636,1.40,2.40
2009.05.29 17:40:33.037,0.7634,0.7636,2.00,2.40
2009.05.29 17:40:33.147,0.7634,0.7636,3.60,2.40
2009.05.29 17:40:38.706,0.7634,0.7636,3.00,2.40
2009.05.29 17:40:52.433,0.7634,0.76365,3.60,3.20
2009.05.29 17:40:54.322,0.7634,0.7636,3.60,2.40
2009.05.29 17:40:54.672,0.76345,0.7636,1.00,3.20
2009.05.29 17:40:55.252,0.7634,0.7636,2.20,2.40
2009.05.29 17:40:55.482,0.7634,0.76355,2.20,2.40
2009.05.29 17:40:55.721,0.76335,0.76355,1.00,2.40
2009.05.29 17:41:07.269,0.7634,0.7636,1.00,2.40
2009.05.29 17:41:07.319,0.7634,0.7636,1.40,2.40
2009.05.29 17:41:07.439,0.7634,0.7636,1.00,2.40
2009.05.29 17:41:07.489,0.7634,0.7636,1.20,2.40
2009.05.29 17:41:07.669,0.7634,0.76355,2.20,2.40
2009.05.29 17:41:07.719,0.76335,0.76355,1.00,2.40
2009.05.29 17:41:14.917,0.7634,0.7636,1.00,2.40
2009.05.29 17:41:14.977,0.7634,0.7636,1.40,2.40
2009.05.29 17:41:15.447,0.76345,0.76365,1.00,2.40
2009.05.29 17:41:26.005,0.7634,0.7636,3.00,2.40
2009.05.29 17:41:31.813,0.76345,0.76365,1.00,2.40
2009.05.29 17:41:32.153,0.76345,0.7637,1.00,2.40
2009.05.29 17:41:32.493,0.76355,0.7638,1.00,3.20
2009.05.29 17:41:32.723,0.76355,0.7638,1.00,2.40
2009.05.29 17:41:37.852,0.76365,0.76385,1.00,2.40
2009.05.29 17:41:38.141,0.7635,0.7637,2.20,2.40
2009.05.29 17:41:38.262,0.7635,0.7637,1.00,2.40
2009.05.29 17:41:38.482,0.76345,0.7637,1.00,2.40
2009.05.29 17:41:48.239,0.76345,0.7637,2.20,2.40
2009.05.29 17:41:48.469,0.76345,0.7637,4.40,2.40
2009.05.29 17:41:48.589,0.7635,0.7637,1.00,2.40
2009.05.29 17:41:48.649,0.7635,0.7637,1.40,2.40
2009.05.29 17:41:48.889,0.7635,0.7637,3.60,2.40
2009.05.29 17:41:49.299,0.7635,0.7637,5.20,2.40
2009.05.29 17:41:52.498,0.7635,0.7637,4.60,2.40
2009.05.29 17:42:08.764,0.76355,0.76375,1.00,2.40
2009.05.29 17:42:09.394,0.76345,0.7637,1.00,2.40
2009.05.29 17:42:23.031,0.7635,0.7637,1.00,2.40
2009.05.29 17:42:23.261,0.7635,0.76375,2.00,2.40
2009.05.29 17:42:23.371,0.7635,0.76375,3.60,2.40
2009.05.29 17:42:24.370,0.7635,0.76365,2.20,2.40
2009.05.29 17:42:24.691,0.76345,0.76365,1.00,2.40
2009.05.29 17:42:24.800,0.7634,0.76365,3.60,2.40
2009.05.29 17:42:28.060,0.7635,0.7636,3.00,2.40
2009.05.29 17:42:29.150,0.7635,0.76365,3.00,2.40
2009.05.29 17:42:30.459,0.7635,0.76375,3.60,2.40
2009.05.29 17:42:40.347,0.7635,0.7637,3.60,2.40
2009.05.29 17:42:41.047,0.7635,0.76375,3.60,2.40
2009.05.29 17:42:56.183,0.7635,0.7637,3.60,2.40
2009.05.29 17:42:56.363,0.7635,0.76375,3.60,2.40
2009.05.29 17:42:56.893,0.7635,0.7637,3.60,2.40
2009.05.29 17:42:57.563,0.7635,0.76375,3.60,2.40
2009.05.29 17:42:59.052,0.7635,0.7637,2.20,2.40
2009.05.29 17:42:59.112,0.76345,0.7637,1.00,2.40
2009.05.29 17:43:04.531,0.76345,0.76365,1.00,2.40
2009.05.29 17:43:04.871,0.76345,0.7637,1.00,2.40
2009.05.29 17:43:05.440,0.76345,0.76365,1.00,2.40
2009.05.29 17:43:06.170,0.76345,0.7637,1.00,2.40
2009.05.29 17:43:11.849,0.76345,0.76365,1.00,2.40
2009.05.29 17:43:12.129,0.76345,0.7637,1.00,2.40
2009.05.29 17:43:12.649,0.76345,0.76365,1.00,2.40
2009.05.29 17:43:15.928,0.7635,0.7637,1.00,2.40
2009.05.29 17:43:16.218,0.76355,0.76375,1.00,2.40
2009.05.29 17:43:20.267,0.7635,0.76375,3.60,2.40
2009.05.29 17:43:21.097,0.7636,0.7637,1.00,2.40
2009.05.29 17:43:21.387,0.7636,0.76385,3.60,2.40
2009.05.29 17:43:23.386,0.76365,0.76385,1.00,2.40
2009.05.29 17:43:26.655,0.76375,0.76395,1.00,2.40
2009.05.29 17:43:27.565,0.7637,0.7639,2.80,2.40
2009.05.29 17:43:27.915,0.7637,0.76385,2.20,2.40
2009.05.29 17:43:28.145,0.76365,0.76385,1.00,2.40
2009.05.29 17:43:32.504,0.7638,0.7639,1.00,2.40
2009.05.29 17:43:32.724,0.7638,0.76395,1.00,2.40
2009.05.29 17:43:32.894,0.7638,0.76395,3.00,2.40
2009.05.29 17:43:33.234,0.7638,0.76395,1.60,2.40
2009.05.29 17:43:33.464,0.7637,0.76395,5.20,2.40
2009.05.29 17:43:37.413,0.7638,0.76405,5.20,2.40
2009.05.29 17:43:37.573,0.7638,0.76405,3.60,2.40
2009.05.29 17:43:37.753,0.76385,0.76405,1.00,2.40
2009.05.29 17:43:37.862,0.7638,0.76405,3.60,2.40
2009.05.29 17:43:38.032,0.7638,0.76405,1.00,2.40
2009.05.29 17:43:38.662,0.76385,0.76405,1.00,2.40
2009.05.29 17:43:39.932,0.7638,0.76405,3.60,2.40
2009.05.29 17:43:40.592,0.76375,0.764,2.20,2.40
2009.05.29 17:43:40.942,0.76375,0.764,1.00,2.40
2009.05.29 17:43:42.092,0.7638,0.76405,1.00,3.20
2009.05.29 17:43:42.392,0.7638,0.76405,1.00,2.40
2009.05.29 17:43:42.712,0.7638,0.76405,1.40,2.40
2009.05.29 17:43:43.121,0.7638,0.76405,3.60,2.40
2009.05.29 17:43:44.991,0.76375,0.76395,1.00,2.40
2009.05.29 17:43:50.750,0.76385,0.76405,1.00,2.40
2009.05.29 17:43:51.389,0.7638,0.76405,3.60,2.40
2009.05.29 17:43:52.979,0.7638,0.764,2.80,2.40
2009.05.29 17:43:53.559,0.76375,0.76395,1.00,2.40
2009.05.29 17:43:54.129,0.7638,0.76395,1.00,2.40
2009.05.29 17:43:54.419,0.7638,0.76405,3.00,2.40
2009.05.29 17:43:54.538,0.7638,0.76405,5.20,2.40
2009.05.29 17:43:55.559,0.76385,0.76405,1.00,2.40
2009.05.29 17:43:55.728,0.7639,0.76405,1.00,2.40
2009.05.29 17:43:55.908,0.7639,0.76405,3.00,2.40
2009.05.29 17:43:56.138,0.76395,0.76415,1.00,2.40
2009.05.29 17:43:56.738,0.764,0.7642,1.00,2.40
2009.05.29 17:43:56.898,0.76395,0.7642,1.00,2.40
2009.05.29 17:43:57.178,0.7639,0.76415,5.20,2.40
2009.05.29 17:43:57.408,0.7639,0.7641,5.20,2.40
2009.05.29 17:43:57.868,0.7639,0.76415,5.20,2.40
2009.05.29 17:43:58.268,0.76405,0.76425,1.00,1.00
2009.05.29 17:43:58.558,0.76405,0.7643,1.00,2.40
2009.05.29 17:44:00.917,0.76405,0.76425,1.00,2.40
2009.05.29 17:44:02.697,0.76415,0.7643,1.00,2.40
2009.05.29 17:44:02.937,0.7642,0.76435,1.00,1.00
2009.05.29 17:44:03.337,0.7642,0.76445,3.60,3.20
2009.05.29 17:44:03.516,0.7642,0.76445,1.20,2.40
2009.05.29 17:44:03.906,0.7642,0.76445,1.00,2.40
2009.05.29 17:44:04.836,0.7642,0.76445,3.00,2.40
2009.05.29 17:44:04.946,0.7642,0.76445,3.60,2.40
2009.05.29 17:44:05.296,0.7642,0.76445,2.00,2.40
2009.05.29 17:44:05.406,0.7642,0.76445,1.40,2.40
2009.05.29 17:44:05.696,0.7642,0.76445,2.80,2.40
2009.05.29 17:44:05.926,0.7642,0.76445,1.20,2.40
2009.05.29 17:44:06.166,0.7642,0.76445,1.00,2.40
2009.05.29 17:44:10.165,0.76405,0.7643,1.00,2.40
2009.05.29 17:44:14.354,0.7641,0.7643,1.60,2.40
2009.05.29 17:44:14.574,0.76405,0.7643,1.00,2.40
2009.05.29 17:44:14.984,0.7641,0.76435,1.00,2.40
2009.05.29 17:44:15.563,0.76405,0.7643,1.00,2.40
2009.05.29 17:44:26.401,0.7641,0.7642,3.00,2.40
2009.05.29 17:44:31.220,0.7641,0.76415,1.60,2.40
2009.05.29 17:44:31.330,0.764,0.76415,3.00,2.40
2009.05.29 17:44:31.550,0.76395,0.76405,5.20,2.40
2009.05.29 17:44:31.660,0.764,0.76405,1.00,2.40
2009.05.29 17:44:32.000,0.7639,0.76405,7.80,2.40
2009.05.29 17:44:34.129,0.7642,0.7644,1.00,2.40
2009.05.29 17:44:34.239,0.7642,0.7644,1.40,2.40
2009.05.29 17:44:34.359,0.7642,0.7644,3.00,2.40
2009.05.29 17:44:36.109,0.7642,0.7643,3.00,2.40
2009.05.29 17:44:36.288,0.7642,0.76445,3.60,2.40
2009.05.29 17:44:38.188,0.7642,0.7643,3.00,2.40
2009.05.29 17:44:43.947,0.7642,0.7644,3.00,2.40
2009.05.29 17:44:46.076,0.76425,0.76445,1.00,2.40
2009.05.29 17:44:48.376,0.7642,0.7643,3.00,2.40
2009.05.29 17:44:48.606,0.7642,0.7643,2.20,2.40
2009.05.29 17:44:48.776,0.7642,0.7643,3.00,2.40
2009.05.29 17:44:49.235,0.7642,0.76425,2.20,2.40
2009.05.29 17:44:49.585,0.7642,0.76425,1.00,2.40
2009.05.29 17:44:49.805,0.7641,0.76425,3.00,2.40
2009.05.29 17:44:50.085,0.7641,0.76425,4.60,2.40
2009.05.29 17:44:52.065,0.7641,0.7643,5.20,2.40
2009.05.29 17:44:52.185,0.7642,0.7643,1.40,2.40
2009.05.29 17:44:52.355,0.7642,0.7643,3.00,2.40
2009.05.29 17:44:59.403,0.7642,0.7643,2.20,2.40
2009.05.29 17:44:59.573,0.7642,0.76425,2.20,2.40
2009.05.29 17:44:59.853,0.7641,0.76425,3.00,2.40
2009.05.29 17:45:18.728,0.7642,0.7643,1.60,2.40
2009.05.29 17:45:18.958,0.7641,0.7643,3.60,2.40
2009.05.29 17:45:24.257,0.7641,0.76435,3.60,2.40
2009.05.29 17:45:25.287,0.7641,0.76425,3.00,2.40
2009.05.29 17:45:25.507,0.7641,0.7642,3.00,2.40
2009.05.29 17:45:30.216,0.7641,0.7643,3.00,2.40
2009.05.29 17:45:30.436,0.7641,0.7643,4.60,2.40
2009.05.29 17:45:31.476,0.7641,0.76435,5.20,2.40
2009.05.29 17:45:33.045,0.7641,0.76435,3.60,2.40
2009.05.29 17:45:33.874,0.7642,0.76435,1.00,2.40
2009.05.29 17:45:36.164,0.76425,0.76445,1.00,2.40
2009.05.29 17:45:37.004,0.7642,0.76435,3.00,2.40
2009.05.29 17:45:37.294,0.7643,0.76435,3.00,2.40
2009.05.29 17:45:39.913,0.76425,0.76445,1.00,2.40
2009.05.29 17:45:44.102,0.7642,0.7644,3.00,2.40
2009.05.29 17:45:44.622,0.7642,0.76435,3.00,2.40
2009.05.29 17:45:45.212,0.7642,0.7643,1.00,2.40
2009.05.29 17:45:45.502,0.7641,0.7643,7.80,2.40
2009.05.29 17:45:47.421,0.76415,0.7644,1.00,2.40
2009.05.29 17:45:48.911,0.7642,0.7644,1.00,2.40
2009.05.29 17:45:49.091,0.7642,0.7644,3.60,2.40
2009.05.29 17:45:51.490,0.7642,0.7644,3.00,2.40
2009.05.29 17:45:51.780,0.7642,0.76435,3.00,2.40
2009.05.29 17:45:57.649,0.7642,0.76435,1.00,2.40
2009.05.29 17:45:57.699,0.7642,0.76435,1.00,2.40
2009.05.29 17:45:57.809,0.7642,0.76435,2.20,2.40
2009.05.29 17:45:57.989,0.7642,0.7643,2.20,2.40
2009.05.29 17:45:58.109,0.7641,0.7643,3.60,2.40
2009.05.29 17:46:02.308,0.7641,0.7642,3.00,2.40
2009.05.29 17:46:02.748,0.7641,0.7643,3.60,2.40
2009.05.29 17:46:03.048,0.7641,0.76425,3.00,2.40
2009.05.29 17:46:03.277,0.7641,0.7642,3.00,2.40
2009.05.29 17:46:06.297,0.76395,0.7642,1.00,2.40
2009.05.29 17:46:20.223,0.7639,0.764,3.00,2.40
2009.05.29 17:46:21.843,0.7639,0.76415,3.60,2.40
2009.05.29 17:46:26.032,0.7639,0.76415,3.60,2.40
2009.05.29 17:46:27.182,0.7639,0.7641,3.60,2.40
2009.05.29 17:46:27.462,0.7639,0.7641,1.00,2.40
2009.05.29 17:46:27.512,0.7638,0.76405,3.60,2.40
2009.05.29 17:46:31.541,0.7639,0.76405,1.00,2.40
2009.05.29 17:46:31.821,0.7639,0.7641,2.20,2.40
2009.05.29 17:46:32.151,0.76385,0.7641,1.00,2.40
2009.05.29 17:46:32.201,0.7639,0.7641,1.00,2.40
2009.05.29 17:46:32.711,0.7639,0.7641,1.40,2.40
2009.05.29 17:46:33.000,0.7639,0.7641,3.00,2.40
2009.05.29 17:46:35.140,0.7639,0.7641,3.60,2.40
2009.05.29 17:46:35.190,0.7639,0.7641,5.20,2.40
2009.05.29 17:46:35.480,0.7639,0.76415,5.20,2.40
2009.05.29 17:46:35.720,0.764,0.76415,3.00,2.40
2009.05.29 17:46:36.430,0.76395,0.76415,1.00,2.40
2009.05.29 17:46:38.429,0.7639,0.76415,5.20,2.40
2009.05.29 17:46:38.609,0.7639,0.7641,3.00,2.40
2009.05.29 17:46:38.829,0.7639,0.7641,2.20,2.40
2009.05.29 17:46:39.049,0.7639,0.7641,1.00,2.40
2009.05.29 17:46:39.289,0.7639,0.76405,3.00,2.40
2009.05.29 17:46:42.118,0.7639,0.764,2.20,2.40
2009.05.29 17:46:42.348,0.7639,0.764,1.60,2.40
2009.05.29 17:46:42.468,0.76385,0.76405,5.20,2.40
2009.05.29 17:46:44.758,0.7639,0.76405,1.00,2.40
2009.05.29 17:46:44.868,0.7639,0.7641,1.00,2.40
2009.05.29 17:46:44.927,0.7639,0.7641,1.40,2.40
2009.05.29 17:46:45.167,0.7639,0.7641,3.00,2.40
2009.05.29 17:46:48.997,0.7639,0.764,3.00,2.40
2009.05.29 17:46:49.226,0.7639,0.764,2.20,2.40
2009.05.29 17:46:49.507,0.7639,0.764,1.00,2.40
2009.05.29 17:46:49.617,0.7638,0.764,3.00,2.40
2009.05.29 17:46:50.066,0.7637,0.76395,5.20,2.40
2009.05.29 17:46:50.416,0.7637,0.7639,5.20,2.40
2009.05.29 17:46:51.186,0.76375,0.764,1.00,2.40
2009.05.29 17:46:51.626,0.7637,0.76395,3.60,2.40
2009.05.29 17:46:51.856,0.76375,0.764,1.00,2.40
2009.05.29 17:46:56.575,0.7638,0.7639,1.00,2.40
2009.05.29 17:46:56.855,0.7637,0.7639,3.00,2.40
2009.05.29 17:46:58.244,0.76375,0.76395,1.00,2.40
2009.05.29 17:46:58.664,0.7637,0.7639,3.00,2.40
2009.05.29 17:47:06.242,0.7638,0.7639,1.00,2.40
2009.05.29 17:47:06.632,0.7638,0.7639,3.00,2.40
2009.05.29 17:47:10.801,0.7638,0.7639,2.20,2.40
2009.05.29 17:47:11.331,0.7638,0.7639,1.60,2.40
2009.05.29 17:47:11.501,0.7637,0.7639,3.60,2.40
2009.05.29 17:47:16.340,0.76375,0.76395,1.00,2.40
2009.05.29 17:47:26.098,0.7637,0.76385,3.80,2.40
2009.05.29 17:47:26.268,0.7637,0.76385,3.00,2.40
2009.05.29 17:47:27.917,0.7638,0.7639,1.00,2.40
2009.05.29 17:47:28.217,0.76385,0.7641,1.00,5.80
2009.05.29 17:47:28.457,0.76385,0.7641,1.00,2.40
2009.05.29 17:47:30.137,0.76385,0.76405,1.00,2.40
2009.05.29 17:47:30.427,0.7638,0.76405,1.00,2.40
2009.05.29 17:47:37.975,0.7638,0.764,3.00,2.40
2009.05.29 17:47:38.085,0.76375,0.764,1.00,2.40
2009.05.29 17:47:38.735,0.76365,0.7639,2.80,2.40
2009.05.29 17:47:39.015,0.7637,0.7639,2.20,2.40
2009.05.29 17:47:39.305,0.7637,0.7639,1.60,2.40
2009.05.29 17:47:39.534,0.7637,0.7639,3.00,2.40
2009.05.29 17:47:40.504,0.7637,0.7639,2.20,2.40
2009.05.29 17:47:40.784,0.7637,0.7639,1.40,2.40
2009.05.29 17:47:40.894,0.7637,0.7639,1.00,2.40
2009.05.29 17:47:41.014,0.7637,0.7639,3.00,2.40
2009.05.29 17:47:41.544,0.7637,0.76395,2.80,2.40
2009.05.29 17:47:41.834,0.7637,0.76395,2.20,2.40
2009.05.29 17:47:42.004,0.7637,0.76395,1.00,2.40
2009.05.29 17:47:44.023,0.7637,0.76395,1.40,2.40
2009.05.29 17:47:44.203,0.7637,0.76395,3.60,2.40
2009.05.29 17:47:48.802,0.76375,0.764,1.00,3.20
2009.05.29 17:47:49.092,0.76375,0.764,1.00,2.40
2009.05.29 17:47:52.461,0.7637,0.76395,3.60,2.40
2009.05.29 17:47:56.830,0.7637,0.7639,3.00,2.40
2009.05.29 17:48:03.679,0.76375,0.76395,1.00,2.40
2009.05.29 17:48:03.978,0.76375,0.764,1.00,2.40
2009.05.29 17:48:06.458,0.7638,0.764,1.00,2.40
2009.05.29 17:48:06.758,0.7638,0.764,3.00,2.40
2009.05.29 17:48:12.176,0.7637,0.7639,3.00,2.40
2009.05.29 17:48:13.067,0.7637,0.76385,3.00,2.40
2009.05.29 17:48:13.686,0.7637,0.7638,2.20,2.40
2009.05.29 17:48:13.926,0.7636,0.7638,5.20,2.40
2009.05.29 17:48:21.364,0.7636,0.7638,3.60,2.40
2009.05.29 17:48:27.413,0.7636,0.7639,3.60,4.80
2009.05.29 17:48:27.633,0.76365,0.7639,1.00,4.80
2009.05.29 17:48:27.863,0.7636,0.7638,3.60,2.40
2009.05.29 17:48:27.973,0.76365,0.7639,1.00,4.80
2009.05.29 17:48:29.083,0.7636,0.7638,3.00,2.40
2009.05.29 17:48:32.233,0.76355,0.7638,1.00,2.40
2009.05.29 17:48:32.472,0.76355,0.76375,1.00,2.40
2009.05.29 17:48:33.062,0.7635,0.76375,1.40,2.40
2009.05.29 17:48:33.351,0.7635,0.76375,3.60,2.40
2009.05.29 17:48:33.811,0.7635,0.76365,4.60,2.40
2009.05.29 17:48:33.981,0.7635,0.76375,5.20,2.40
2009.05.29 17:48:34.881,0.7635,0.76375,5.20,4.00
2009.05.29 17:48:35.181,0.7635,0.76365,3.00,2.40
2009.05.29 17:48:38.340,0.7635,0.7637,3.00,2.40
2009.05.29 17:48:38.700,0.7635,0.76365,3.00,2.40
2009.05.29 17:48:39.450,0.7635,0.76365,2.20,2.40
2009.05.29 17:48:39.680,0.76345,0.76365,1.00,2.40
2009.05.29 17:48:40.710,0.7635,0.7637,1.40,2.40
2009.05.29 17:48:40.980,0.7635,0.7637,3.00,2.40
2009.05.29 17:48:41.220,0.7635,0.76375,3.60,2.40
2009.05.29 17:48:41.619,0.7635,0.7637,4.60,2.40
2009.05.29 17:48:42.029,0.7635,0.7637,5.20,2.40
2009.05.29 17:48:45.249,0.7635,0.7637,3.60,2.40
2009.05.29 17:48:48.358,0.7635,0.7637,3.00,2.40
2009.05.29 17:48:48.528,0.7635,0.7637,3.60,2.40
2009.05.29 17:48:49.628,0.76355,0.76375,1.00,2.40
2009.05.29 17:48:50.147,0.7635,0.76375,3.60,2.40
2009.05.29 17:48:50.377,0.7636,0.76375,1.00,2.40
2009.05.29 17:48:50.787,0.7636,0.7638,1.40,2.40
2009.05.29 17:48:51.187,0.7636,0.76375,3.00,2.40
2009.05.29 17:48:51.707,0.7636,0.76375,1.00,2.40
2009.05.29 17:48:51.937,0.76355,0.76375,1.00,2.40
2009.05.29 17:48:53.296,0.7635,0.7637,5.20,2.40
2009.05.29 17:48:53.637,0.7635,0.7637,4.60,2.40
2009.05.29 17:48:56.846,0.7636,0.7638,1.00,2.40
2009.05.29 17:48:57.826,0.76355,0.76375,1.00,2.40
2009.05.29 17:49:01.605,0.7636,0.7638,1.00,2.40
2009.05.29 17:49:09.523,0.7636,0.7638,3.60,2.40
2009.05.29 17:49:09.633,0.76365,0.76385,1.00,2.40
2009.05.29 17:49:09.983,0.7636,0.76385,3.60,2.40
2009.05.29 17:49:10.272,0.7636,0.76375,3.00,2.40
2009.05.29 17:49:17.371,0.7636,0.76375,2.20,2.40
2009.05.29 17:49:17.721,0.7635,0.76375,5.20,2.40
2009.05.29 17:49:18.310,0.7635,0.76375,3.60,2.40
2009.05.29 17:49:30.108,0.7635,0.76365,3.00,2.40
2009.05.29 17:49:30.848,0.7635,0.7637,3.60,2.40
2009.05.29 17:49:31.837,0.7635,0.7637,3.00,2.40
2009.05.29 17:49:32.017,0.7635,0.76365,3.00,2.40
2009.05.29 17:49:36.856,0.7635,0.76365,1.00,2.40
2009.05.29 17:49:36.976,0.7635,0.7637,1.40,4.80
2009.05.29 17:49:37.096,0.7635,0.7637,3.60,4.80
2009.05.29 17:49:37.376,0.7635,0.7637,2.80,4.80
2009.05.29 17:49:37.496,0.7635,0.7636,2.20,2.40
2009.05.29 17:49:37.676,0.7635,0.7636,1.00,2.40
2009.05.29 17:49:37.846,0.7635,0.7636,2.40,2.40
2009.05.29 17:49:38.016,0.7635,0.7636,3.00,2.40
2009.05.29 17:49:40.235,0.7635,0.7636,1.00,2.40
2009.05.29 17:49:40.355,0.7635,0.7636,2.40,2.40
2009.05.29 17:49:40.525,0.7635,0.7636,3.00,2.40
2009.05.29 17:49:43.394,0.7635,0.7636,2.20,2.40
2009.05.29 17:49:43.674,0.7635,0.7636,1.00,2.40
2009.05.29 17:49:43.794,0.7634,0.7636,5.20,2.40
2009.05.29 17:49:44.074,0.7635,0.7636,1.00,2.40
2009.05.29 17:49:44.314,0.7635,0.7636,1.40,2.40
2009.05.29 17:49:44.374,0.7635,0.7636,2.20,2.40
2009.05.29 17:49:44.604,0.7635,0.7636,1.60,2.40
2009.05.29 17:49:44.774,0.7635,0.7636,3.00,2.40
2009.05.29 17:49:44.944,0.7635,0.7636,2.20,2.40
2009.05.29 17:49:45.054,0.7634,0.7636,5.20,2.40
2009.05.29 17:49:45.674,0.7634,0.7636,4.60,2.40
2009.05.29 17:49:46.264,0.7635,0.7636,1.00,2.40
2009.05.29 17:49:46.554,0.7635,0.7636,3.00,2.40
2009.05.29 17:49:47.534,0.7635,0.76365,3.00,2.40
2009.05.29 17:50:00.330,0.7635,0.76365,1.00,2.40
2009.05.29 17:50:12.648,0.76355,0.76375,1.00,2.40
2009.05.29 17:50:12.988,0.7636,0.76375,1.00,2.40
2009.05.29 17:50:28.714,0.7636,0.76385,1.40,2.40
2009.05.29 17:50:31.323,0.7636,0.7638,1.00,2.40
2009.05.29 17:50:34.262,0.7636,0.76385,1.40,2.40
2009.05.29 17:50:34.432,0.7637,0.76385,2.40,2.40
2009.05.29 17:50:34.612,0.7637,0.76385,3.00,2.40
2009.05.29 17:50:46.049,0.7636,0.7638,3.60,2.40
2009.05.29 17:50:46.399,0.7636,0.76385,3.60,4.80
2009.05.29 17:50:46.559,0.7636,0.7638,3.60,2.40
2009.05.29 17:50:48.119,0.7636,0.7638,3.00,2.40
2009.05.29 17:50:48.969,0.7636,0.7638,3.60,2.40
2009.05.29 17:50:49.259,0.7636,0.76385,3.60,4.80
2009.05.29 17:50:52.608,0.7636,0.7638,3.00,2.40
2009.05.29 17:51:01.727,0.7636,0.7638,2.20,2.40
2009.05.29 17:51:02.128,0.7635,0.76375,13.20,2.40
2009.05.29 17:51:02.407,0.7635,0.76375,3.60,4.80
2009.05.29 17:51:02.467,0.7635,0.7637,3.60,2.40
2009.05.29 17:51:07.776,0.7635,0.76365,3.00,2.40
2009.05.29 17:51:16.243,0.7634,0.76365,3.60,2.40
2009.05.29 17:51:16.363,0.7635,0.76365,1.00,2.40
2009.05.29 17:51:16.483,0.7635,0.76365,1.40,2.40
2009.05.29 17:51:16.823,0.7635,0.76365,3.00,2.40
2009.05.29 17:51:16.943,0.7635,0.76365,2.20,2.40
2009.05.29 17:51:17.173,0.7634,0.76365,3.60,2.40
2009.05.29 17:51:19.293,0.7635,0.76365,1.00,2.40
2009.05.29 17:51:19.413,0.7635,0.76365,3.00,2.40
2009.05.29 17:51:19.743,0.7635,0.7636,2.20,2.40
2009.05.29 17:51:22.122,0.7632,0.76335,11.00,2.40
2009.05.29 17:51:22.342,0.7632,0.76335,3.00,2.40
2009.05.29 17:51:24.671,0.76325,0.76345,1.00,2.40
2009.05.29 17:51:25.251,0.7633,0.76345,1.00,2.40
2009.05.29 17:51:25.521,0.7633,0.76345,2.40,2.40
2009.05.29 17:51:25.701,0.7633,0.76345,3.00,2.40
2009.05.29 17:51:56.034,0.7633,0.76355,3.60,2.40
2009.05.29 17:51:56.854,0.7633,0.76345,2.20,2.40
2009.05.29 17:51:57.294,0.76325,0.76345,1.00,2.40
2009.05.29 17:51:57.803,0.7633,0.7635,1.00,2.40
2009.05.29 17:51:58.144,0.7633,0.7635,3.00,2.40
2009.05.29 17:51:59.283,0.76325,0.7635,1.00,2.40
2009.05.29 17:52:04.222,0.76325,0.76345,1.00,2.40
2009.05.29 17:52:07.611,0.7632,0.76335,3.00,2.40
2009.05.29 17:52:27.886,0.7631,0.76335,3.60,2.40
2009.05.29 17:52:28.706,0.7631,0.76325,3.00,2.40
2009.05.29 17:52:28.936,0.7632,0.76335,1.00,2.40
2009.05.29 17:52:29.336,0.7632,0.76335,3.00,2.40
2009.05.29 17:52:31.675,0.7632,0.76345,3.60,2.40
2009.05.29 17:52:31.905,0.7633,0.76345,1.00,2.40
2009.05.29 17:52:32.025,0.7633,0.76345,3.00,2.40
2009.05.29 17:52:51.281,0.7633,0.7635,3.00,2.40
2009.05.29 17:52:51.511,0.7633,0.76345,3.00,2.40
2009.05.29 17:52:54.000,0.7632,0.7634,3.60,2.40
2009.05.29 17:52:59.068,0.7632,0.7634,2.20,2.40
2009.05.29 17:52:59.299,0.7632,0.7634,1.00,2.40
2009.05.29 17:52:59.749,0.76315,0.7634,1.00,2.40
2009.05.29 17:53:01.778,0.7631,0.76325,3.00,2.40
2009.05.29 17:53:10.126,0.7631,0.7633,3.00,2.40
2009.05.29 17:53:10.626,0.76315,0.76335,1.00,2.40
2009.05.29 17:53:10.686,0.7632,0.76335,2.40,2.40
2009.05.29 17:53:10.856,0.7632,0.76335,3.00,2.40
2009.05.29 17:53:22.783,0.763,0.7632,5.20,2.40
2009.05.29 17:53:27.492,0.763,0.76325,5.20,2.40
2009.05.29 17:53:28.122,0.76305,0.76325,1.00,2.40
2009.05.29 17:53:28.651,0.7631,0.76325,1.00,2.40
2009.05.29 17:53:28.702,0.7631,0.76325,3.00,2.40
2009.05.29 17:53:32.021,0.7631,0.7633,3.00,2.40
2009.05.29 17:53:32.430,0.7631,0.7633,3.60,2.40
2009.05.29 17:53:32.941,0.76315,0.76335,1.00,2.40
2009.05.29 17:53:33.281,0.7631,0.76335,5.20,2.40
2009.05.29 17:53:33.621,0.76315,0.76335,1.00,2.40
2009.05.29 17:53:37.229,0.76315,0.7634,1.00,2.40
2009.05.29 17:53:37.500,0.7632,0.7634,3.00,2.40
2009.05.29 17:53:37.849,0.7632,0.76345,3.60,2.40
2009.05.29 17:53:51.196,0.7632,0.7634,3.60,2.40
2009.05.29 17:53:51.886,0.76325,0.76345,1.00,2.40
2009.05.29 17:53:52.446,0.7632,0.76345,5.20,2.40
2009.05.29 17:53:52.956,0.7633,0.7635,1.00,2.40
2009.05.29 17:53:53.066,0.7633,0.7635,3.00,2.40
2009.05.29 17:53:53.296,0.7633,0.76355,3.00,2.40
2009.05.29 17:53:53.576,0.76335,0.76355,1.00,2.40
2009.05.29 17:53:56.145,0.7634,0.76355,1.00,2.40
2009.05.29 17:53:56.815,0.76335,0.76355,1.00,2.40
2009.05.29 17:53:57.335,0.7633,0.7635,3.60,2.40
2009.05.29 17:53:57.454,0.7633,0.7635,2.80,2.40
2009.05.29 17:53:57.724,0.7633,0.7635,2.20,2.40
2009.05.29 17:53:58.055,0.7633,0.7635,1.00,2.40
2009.05.29 17:54:05.333,0.7633,0.7635,1.40,2.40
2009.05.29 17:54:05.553,0.76335,0.76355,1.00,2.40
2009.05.29 17:54:06.243,0.76345,0.76365,1.00,2.40
2009.05.29 17:54:06.523,0.76355,0.76375,1.00,3.60
2009.05.29 17:54:07.032,0.76355,0.76375,1.00,1.00
2009.05.29 17:54:07.382,0.76365,0.76385,1.00,2.40
2009.05.29 17:54:13.561,0.76355,0.7638,2.20,2.40
2009.05.29 17:54:13.781,0.76355,0.76375,1.00,2.40
2009.05.29 17:54:15.671,0.7635,0.76365,2.20,2.40
2009.05.29 17:54:15.840,0.7635,0.76365,1.00,2.40
2009.05.29 17:54:16.050,0.7635,0.76365,3.00,2.40
2009.05.29 17:54:16.290,0.7635,0.76365,2.20,2.40
2009.05.29 17:54:16.510,0.76345,0.76365,1.00,2.40
2009.05.29 17:54:21.979,0.76345,0.7637,1.00,2.40
2009.05.29 17:54:22.269,0.7635,0.7637,1.00,2.40
2009.05.29 17:54:22.558,0.76355,0.76375,1.00,2.40
2009.05.29 17:54:23.048,0.7635,0.7637,2.20,2.40
2009.05.29 17:54:23.508,0.7634,0.7636,4.60,2.40
2009.05.29 17:54:23.628,0.7634,0.7636,3.00,2.40
2009.05.29 17:54:25.978,0.7634,0.7636,3.00,2.40
2009.05.29 17:54:27.997,0.7634,0.7636,4.60,2.40
2009.05.29 17:54:29.327,0.7634,0.7636,3.00,2.40
2009.05.29 17:54:32.606,0.7634,0.76365,3.60,2.40
2009.05.29 17:54:32.946,0.7634,0.7636,3.00,2.40
2009.05.29 17:54:33.596,0.7634,0.76365,3.60,2.40
2009.05.29 17:54:35.815,0.7634,0.7636,3.00,2.40
2009.05.29 17:54:52.082,0.7635,0.7637,3.60,2.40
2009.05.29 17:54:52.661,0.7635,0.76365,3.00,2.40
2009.05.29 17:54:58.360,0.7636,0.76365,1.00,2.40
2009.05.29 17:54:58.600,0.7636,0.76375,1.00,2.40
2009.05.29 17:54:58.710,0.7636,0.76375,1.40,2.40
2009.05.29 17:54:58.770,0.7636,0.76375,3.00,2.40
2009.05.29 17:55:02.469,0.76365,0.76385,1.00,2.40
2009.05.29 17:55:04.099,0.76355,0.76375,2.20,2.40
2009.05.29 17:55:04.389,0.7636,0.76375,1.00,2.40
2009.05.29 17:55:04.619,0.7636,0.76375,3.00,2.40
2009.05.29 17:55:09.247,0.7636,0.76375,2.20,2.40
2009.05.29 17:55:09.617,0.76355,0.76375,1.00,2.40
2009.05.29 17:55:24.164,0.7636,0.7638,1.00,2.40
2009.05.29 17:55:24.514,0.7636,0.7638,3.00,2.40
2009.05.29 17:55:24.633,0.7636,0.7638,3.60,2.40
2009.05.29 17:55:35.681,0.7637,0.7638,1.00,2.40
2009.05.29 17:55:35.741,0.7637,0.76385,1.00,2.40
2009.05.29 17:55:35.791,0.7636,0.76385,5.20,2.40
2009.05.29 17:55:36.311,0.7637,0.7639,2.40,2.40
2009.05.29 17:55:36.531,0.7637,0.7639,3.00,2.40
2009.05.29 17:55:38.050,0.7637,0.76385,3.00,2.40
2009.05.29 17:55:41.990,0.7637,0.7639,3.60,2.40
2009.05.29 17:55:42.389,0.76375,0.76395,1.00,2.40
2009.05.29 17:55:47.338,0.7638,0.76395,3.00,2.40
2009.05.29 17:55:47.738,0.76375,0.76395,1.00,2.40
2009.05.29 17:55:47.798,0.7638,0.764,1.00,2.40
2009.05.29 17:55:48.078,0.7638,0.764,3.00,2.40
2009.05.29 17:55:48.188,0.7638,0.764,3.60,2.40
2009.05.29 17:55:48.538,0.7638,0.76405,3.60,2.40
2009.05.29 17:55:49.797,0.7638,0.764,3.60,2.40
2009.05.29 17:55:50.078,0.7638,0.764,3.00,2.40
2009.05.29 17:55:50.758,0.7638,0.76395,1.60,2.40
2009.05.29 17:55:51.267,0.7638,0.764,1.00,2.40
2009.05.29 17:55:51.497,0.7638,0.764,3.00,2.40
2009.05.29 17:55:51.907,0.7638,0.7639,2.20,2.40
2009.05.29 17:55:52.367,0.76375,0.76395,1.00,2.40
2009.05.29 17:56:01.335,0.7637,0.76395,3.00,2.40
2009.05.29 17:56:01.455,0.7637,0.76385,3.00,2.40
2009.05.29 17:56:04.844,0.76375,0.76395,1.00,2.40
2009.05.29 17:56:39.505,0.7637,0.76385,3.00,2.40
2009.05.29 17:56:39.625,0.7637,0.76385,2.20,2.40
2009.05.29 17:56:39.735,0.7637,0.76385,1.00,2.40
2009.05.29 17:56:39.855,0.7636,0.7638,2.20,2.40
2009.05.29 17:56:39.975,0.7636,0.76375,1.60,2.40
2009.05.29 17:56:40.195,0.76355,0.76375,1.00,2.40
2009.05.29 17:56:40.305,0.7635,0.76365,1.60,2.40
2009.05.29 17:56:40.415,0.7635,0.7637,1.00,2.40
2009.05.29 17:56:42.965,0.7635,0.76375,2.00,2.40
2009.05.29 17:56:43.075,0.7635,0.76375,3.60,2.40
2009.05.29 17:56:43.135,0.7635,0.76375,2.80,2.40
2009.05.29 17:56:43.195,0.7635,0.76365,1.00,2.40
2009.05.29 17:56:43.315,0.76345,0.76365,1.00,2.40
2009.05.29 17:56:44.374,0.7635,0.7637,1.40,2.40
2009.05.29 17:56:44.664,0.7635,0.7637,3.60,2.40
2009.05.29 17:56:45.584,0.7636,0.7637,1.00,2.40
2009.05.29 17:56:45.884,0.7636,0.76375,1.00,2.40
2009.05.29 17:56:46.044,0.7636,0.76375,2.40,2.40
2009.05.29 17:56:46.104,0.7636,0.76375,3.00,2.40
2009.05.29 17:56:46.664,0.7636,0.7638,3.00,2.40
2009.05.29 17:56:46.894,0.7636,0.7638,3.60,2.40
2009.05.29 17:56:47.594,0.7637,0.76385,1.00,2.40
2009.05.29 17:56:48.044,0.7637,0.76385,3.00,2.40
2009.05.29 17:56:48.393,0.7637,0.7639,3.00,2.40
2009.05.29 17:56:52.593,0.7638,0.764,3.00,2.40
2009.05.29 17:56:59.451,0.7638,0.76405,3.60,2.40
2009.05.29 17:56:59.621,0.7639,0.76405,1.00,2.40
2009.05.29 17:56:59.921,0.7639,0.7641,1.00,2.40
2009.05.29 17:57:00.090,0.7639,0.7641,3.00,2.40
2009.05.29 17:57:00.251,0.7639,0.7641,3.60,2.40
2009.05.29 17:57:06.699,0.7639,0.7641,3.00,2.40
2009.05.29 17:57:07.219,0.7639,0.76415,3.60,2.40
2009.05.29 17:57:08.019,0.7639,0.76405,3.00,2.40
2009.05.29 17:57:14.167,0.7639,0.76415,2.80,3.20
2009.05.29 17:57:14.227,0.7639,0.76415,2.20,3.20
2009.05.29 17:57:14.337,0.7638,0.764,3.60,2.40
2009.05.29 17:57:22.425,0.7638,0.764,2.20,2.40
2009.05.29 17:57:22.845,0.76375,0.764,1.00,2.40
2009.05.29 17:57:22.905,0.7637,0.76395,5.20,2.40
2009.05.29 17:57:23.185,0.7638,0.76395,1.00,2.40
2009.05.29 17:57:23.355,0.7638,0.76395,1.40,2.40
2009.05.29 17:57:23.475,0.7638,0.76395,3.00,2.40
2009.05.29 17:57:33.203,0.7638,0.764,3.60,2.40
2009.05.29 17:57:33.962,0.7638,0.764,3.00,2.40
2009.05.29 17:57:34.492,0.7638,0.764,2.20,2.40
2009.05.29 17:57:34.552,0.7638,0.764,1.00,2.40
2009.05.29 17:57:34.612,0.76375,0.764,1.00,2.40
2009.05.29 17:57:35.192,0.7639,0.764,1.00,2.40
2009.05.29 17:57:35.462,0.7638,0.764,1.00,2.40
2009.05.29 17:57:35.572,0.7639,0.764,2.20,2.40
2009.05.29 17:57:35.912,0.7639,0.764,1.60,2.40
2009.05.29 17:57:36.082,0.7638,0.764,3.00,2.40
2009.05.29 17:57:48.119,0.7638,0.764,1.00,2.40
2009.05.29 17:57:48.289,0.7638,0.764,1.40,2.40
2009.05.29 17:57:48.349,0.7638,0.764,3.00,2.40
2009.05.29 17:57:48.519,0.7638,0.76405,3.60,2.40
2009.05.29 17:57:59.996,0.7637,0.7639,5.20,2.40
2009.05.29 17:58:00.806,0.76375,0.76395,1.00,2.40
2009.05.29 17:58:00.916,0.7637,0.7639,3.60,2.40
2009.05.29 17:58:01.546,0.76375,0.76395,1.00,2.40
2009.05.29 17:58:02.006,0.7637,0.76395,3.60,2.40
2009.05.29 17:58:03.885,0.76375,0.76395,1.00,2.40
2009.05.29 17:58:04.755,0.7637,0.76395,3.60,2.40
2009.05.29 17:58:07.994,0.7637,0.7639,3.60,2.40
2009.05.29 17:58:09.124,0.7637,0.7639,5.20,2.40
2009.05.29 17:58:31.948,0.7637,0.7638,4.60,2.40
2009.05.29 17:58:32.219,0.7637,0.7639,3.00,2.40
2009.05.29 17:58:32.278,0.7637,0.76385,3.00,2.40
2009.05.29 17:58:33.078,0.7637,0.7639,3.60,2.40
2009.05.29 17:58:33.248,0.7637,0.76395,3.60,2.40
2009.05.29 17:58:40.487,0.76375,0.76395,1.00,2.40
2009.05.29 17:58:41.236,0.7637,0.7639,3.00,2.40
2009.05.29 17:58:44.315,0.7637,0.7639,3.60,2.40
2009.05.29 17:58:44.535,0.76375,0.76395,1.00,2.40
2009.05.29 17:58:44.825,0.7638,0.76395,1.00,2.40
2009.05.29 17:58:45.065,0.7638,0.76395,1.40,2.40
2009.05.29 17:58:45.185,0.7638,0.76395,3.00,2.40
2009.05.29 17:58:47.325,0.7638,0.764,3.00,2.40
2009.05.29 17:58:56.053,0.7637,0.7639,2.20,2.40
2009.05.29 17:58:56.392,0.76365,0.76385,1.00,2.40
2009.05.29 17:58:58.582,0.7637,0.7639,1.00,2.40
2009.05.29 17:58:58.692,0.7637,0.7639,1.40,2.40
2009.05.29 17:58:58.752,0.7637,0.7639,3.00,2.40
2009.05.29 17:59:00.032,0.7637,0.7639,3.60,2.40
2009.05.29 17:59:00.442,0.76375,0.76395,1.00,4.00
2009.05.29 17:59:00.832,0.76375,0.76395,1.00,2.40
2009.05.29 17:59:01.112,0.7637,0.7639,3.00,2.40
2009.05.29 17:59:01.392,0.7638,0.7639,1.00,2.40
2009.05.29 17:59:01.632,0.7638,0.7639,1.40,2.40
2009.05.29 17:59:02.051,0.7638,0.76405,1.40,2.40
2009.05.29 17:59:05.770,0.7638,0.764,1.40,2.40
2009.05.29 17:59:05.820,0.7638,0.7639,1.00,2.40
2009.05.29 17:59:06.330,0.7637,0.7639,6.00,2.40
2009.05.29 17:59:06.660,0.7637,0.76395,3.60,2.40
2009.05.29 17:59:08.560,0.7637,0.7639,3.60,2.40
2009.05.29 17:59:09.010,0.7638,0.764,1.00,2.40
2009.05.29 17:59:09.120,0.7638,0.764,1.40,2.40
2009.05.29 17:59:09.359,0.7638,0.764,2.00,2.40
2009.05.29 17:59:09.600,0.7638,0.764,3.60,2.40
2009.05.29 17:59:10.789,0.7638,0.764,2.20,2.40
2009.05.29 17:59:11.119,0.7638,0.7639,1.00,2.40
2009.05.29 17:59:11.299,0.7638,0.7639,3.00,2.40
2009.05.29 17:59:15.058,0.7638,0.764,3.00,2.40
2009.05.29 17:59:16.968,0.7638,0.7639,3.00,2.40
2009.05.29 17:59:18.307,0.7638,0.7639,2.20,2.40
2009.05.29 17:59:18.367,0.7637,0.7639,3.60,2.40
2009.05.29 17:59:26.115,0.7638,0.7639,1.00,2.40
2009.05.29 17:59:26.455,0.7638,0.7639,2.40,2.40
2009.05.29 17:59:26.515,0.7638,0.7639,3.00,2.40
2009.05.29 17:59:27.155,0.7638,0.764,3.00,2.40
2009.05.29 17:59:27.215,0.7638,0.7639,2.20,2.40
2009.05.29 17:59:27.545,0.7637,0.7639,3.60,2.40
2009.05.29 17:59:28.245,0.7638,0.7639,1.00,2.40
2009.05.29 17:59:28.475,0.7638,0.764,2.40,2.40
2009.05.29 17:59:28.765,0.7638,0.764,3.00,2.40
2009.05.29 17:59:35.093,0.7638,0.76405,3.60,2.40
2009.05.29 17:59:35.613,0.7638,0.764,2.20,2.40
2009.05.29 17:59:35.773,0.76375,0.764,1.00,2.40
2009.05.29 17:59:36.233,0.7638,0.764,1.00,2.40
2009.05.29 17:59:36.353,0.7638,0.76405,3.60,2.40
2009.05.29 17:59:39.502,0.7638,0.764,3.00,2.40
2009.05.29 17:59:39.802,0.7638,0.76395,3.00,2.40
2009.05.29 17:59:40.362,0.7638,0.764,3.00,2.40
2009.05.29 17:59:46.680,0.7638,0.76405,3.60,2.40
2009.05.29 17:59:47.380,0.7639,0.76405,1.00,2.40
2009.05.29 17:59:47.720,0.7639,0.76405,3.00,2.40
2009.05.29 17:59:47.890,0.7639,0.7641,3.00,2.40
2009.05.29 17:59:48.401,0.7639,0.7641,3.60,2.40
2009.05.29 17:59:49.020,0.7639,0.7641,3.00,2.40
2009.05.29 17:59:49.140,0.7639,0.7641,1.00,2.40
2009.05.29 17:59:49.310,0.76385,0.7641,1.00,2.40
2009.05.29 17:59:49.820,0.7639,0.7641,1.00,2.40
2009.05.29 17:59:50.119,0.7639,0.76415,3.60,2.40
2009.05.29 17:59:50.690,0.7639,0.7641,3.00,2.40
2009.05.29 17:59:50.979,0.7639,0.7641,2.20,2.40
2009.05.29 17:59:51.089,0.7639,0.764,2.20,2.40
2009.05.29 17:59:51.269,0.7638,0.7639,3.10,2.40
2009.05.29 17:59:51.329,0.7638,0.7639,3.00,2.40
2009.05.29 17:59:51.439,0.7638,0.76405,3.60,2.40
2009.05.29 17:59:51.779,0.7638,0.764,3.00,2.40
2009.05.29 17:59:52.479,0.76385,0.76405,1.00,2.40
2009.05.29 17:59:52.829,0.7638,0.76405,3.60,2.40
2009.05.29 17:59:53.569,0.7639,0.7641,1.00,2.40
2009.05.29 17:59:53.869,0.7639,0.7641,3.00,2.40
2009.05.29 17:59:56.238,0.7639,0.764,3.00,2.40
2009.05.29 17:59:57.348,0.7637,0.76385,3.60,2.40
2009.05.29 17:59:57.758,0.7637,0.76385,3.00,2.40
2009.05.29 17:59:58.168,0.7637,0.7639,3.00,2.40
2009.05.29 17:59:59.557,0.7637,0.76385,3.00,2.40
2009.05.29 17:59:59.797,0.7637,0.76375,1.00,2.40
