2014.02.21 17:00:00.413,0.92026,0.92038,1.13,2.78
2014.02.21 17:00:00.783,0.92025,0.92037,1.18,2.25
2014.02.21 17:00:01.814,0.92026,0.92035,1.00,1.00
2014.02.21 17:00:02.445,0.92026,0.92035,1.48,1.00
2014.02.21 17:00:02.597,0.92027,0.92037,1.13,1.00
2014.02.21 17:00:03.105,0.92026,0.92037,2.33,1.00
2014.02.21 17:00:04.411,0.92027,0.92039,1.88,1.88
2014.02.21 17:00:04.912,0.92029,0.92039,1.00,1.50
2014.02.21 17:00:05.445,0.9203,0.9204,1.00,2.63
2014.02.21 17:00:06.299,0.9203,0.92035,1.00,1.00
2014.02.21 17:00:07.602,0.92028,0.92035,1.50,1.00
2014.02.21 17:00:09.152,0.92028,0.92037,1.50,1.00
2014.02.21 17:00:10.692,0.92026,0.92035,1.10,1.13
2014.02.21 17:00:10.996,0.92019,0.92026,1.13,1.00
2014.02.21 17:00:11.249,0.92019,0.92026,1.00,1.00
2014.02.21 17:00:12.551,0.92017,0.92026,1.13,1.00
2014.02.21 17:00:13.914,0.92018,0.92026,1.00,1.00
2014.02.21 17:00:14.421,0.9202,0.92026,1.00,1.00
2014.02.21 17:00:14.573,0.92017,0.92026,1.13,1.00
2014.02.21 17:00:15.185,0.92018,0.92026,1.00,1.00
2014.02.21 17:00:16.633,0.92018,0.92024,1.00,1.00
2014.02.21 17:00:16.685,0.92016,0.92024,1.00,1.38
2014.02.21 17:00:16.837,0.92018,0.92024,1.00,2.03
2014.02.21 17:00:18.884,0.92017,0.92024,1.00,1.38
2014.02.21 17:00:19.187,0.92014,0.92024,1.00,1.75
2014.02.21 17:00:19.340,0.92014,0.92021,1.00,1.50
2014.02.21 17:00:19.391,0.92011,0.92021,1.00,1.75
2014.02.21 17:00:19.492,0.92013,0.92021,1.00,1.75
2014.02.21 17:00:19.594,0.9201,0.92021,1.50,1.50
2014.02.21 17:00:22.135,0.9201,0.92021,1.00,3.00
2014.02.21 17:00:22.489,0.9201,0.92021,1.08,1.13
2014.02.21 17:00:22.795,0.92014,0.92024,1.00,1.88
2014.02.21 17:00:23.089,0.92012,0.92024,1.50,2.78
2014.02.21 17:00:23.646,0.92012,0.92022,1.00,1.10
2014.02.21 17:00:24.051,0.92015,0.92022,1.00,1.10
2014.02.21 17:00:26.122,0.92015,0.92022,1.00,1.48
2014.02.21 17:00:26.655,0.92014,0.92022,1.00,1.10
2014.02.21 17:00:28.561,0.92017,0.92022,1.00,1.10
2014.02.21 17:00:29.142,0.92017,0.92024,1.00,1.95
2014.02.21 17:00:29.243,0.92015,0.92024,1.00,1.95
2014.02.21 17:00:32.104,0.92012,0.92021,1.13,1.05
2014.02.21 17:00:32.206,0.92012,0.92021,1.50,1.50
2014.02.21 17:00:32.460,0.92017,0.92021,1.00,1.58
2014.02.21 17:00:32.613,0.92017,0.92023,1.00,1.00
2014.02.21 17:00:32.664,0.92013,0.92025,1.88,1.20
2014.02.21 17:00:33.290,0.92015,0.92023,1.00,1.10
2014.02.21 17:00:35.743,0.92016,0.92023,1.00,1.10
2014.02.21 17:00:36.047,0.9202,0.92025,1.50,1.00
2014.02.21 17:00:36.099,0.9202,0.9203,1.50,1.00
2014.02.21 17:00:36.200,0.92022,0.92034,1.00,2.40
2014.02.21 17:00:36.833,0.92026,0.92034,1.00,2.40
2014.02.21 17:00:37.087,0.92026,0.92036,1.00,1.50
2014.02.21 17:00:37.411,0.92028,0.92036,1.13,1.50
2014.02.21 17:00:37.942,0.92028,0.92036,1.13,1.13
2014.02.21 17:00:38.802,0.92026,0.92036,1.13,1.00
2014.02.21 17:00:39.207,0.92025,0.92036,1.00,1.38
2014.02.21 17:00:43.301,0.92028,0.92036,1.00,1.88
2014.02.21 17:00:43.607,0.92028,0.92037,1.00,1.88
2014.02.21 17:00:44.254,0.92029,0.92039,1.00,1.38
2014.02.21 17:00:44.666,0.92031,0.9204,1.00,1.50
2014.02.21 17:00:45.200,0.9203,0.9204,1.00,1.50
2014.02.21 17:00:46.673,0.9203,0.92041,1.88,1.58
2014.02.21 17:00:46.775,0.9203,0.92041,4.95,1.00
2014.02.21 17:00:46.927,0.92037,0.92046,1.00,2.63
2014.02.21 17:00:47.832,0.92037,0.92046,1.50,1.13
2014.02.21 17:00:48.547,0.92037,0.92045,1.00,2.40
2014.02.21 17:00:49.061,0.92037,0.92045,1.00,1.50
2014.02.21 17:00:57.102,0.92038,0.92045,1.00,1.50
2014.02.21 17:00:58.529,0.9204,0.92045,1.00,1.50
2014.02.21 17:00:59.066,0.9204,0.92048,1.00,2.25
2014.02.21 17:00:59.394,0.92042,0.92049,1.00,2.33
2014.02.21 17:01:00.013,0.92039,0.92049,1.00,2.33
2014.02.21 17:01:00.372,0.92039,0.92048,1.00,1.00
2014.02.21 17:01:05.368,0.92037,0.92048,1.58,1.00
2014.02.21 17:01:05.419,0.92039,0.92048,1.00,1.00
2014.02.21 17:01:11.180,0.92039,0.9205,1.00,2.33
2014.02.21 17:01:11.383,0.92037,0.92049,1.58,2.25
2014.02.21 17:01:15.909,0.92036,0.92047,1.50,1.58
2014.02.21 17:01:22.563,0.92037,0.92047,1.00,1.50
2014.02.21 17:01:23.701,0.92037,0.92048,1.13,1.00
2014.02.21 17:01:23.854,0.92039,0.92049,2.25,1.13
2014.02.21 17:01:24.150,0.92043,0.92051,1.10,1.00
2014.02.21 17:01:24.201,0.92044,0.92054,1.00,1.50
2014.02.21 17:01:24.559,0.92046,0.92056,1.00,1.00
2014.02.21 17:01:24.863,0.9205,0.92061,1.00,1.65
2014.02.21 17:01:25.800,0.9205,0.92061,1.00,1.93
2014.02.21 17:01:26.664,0.92051,0.92061,1.00,1.28
2014.02.21 17:01:26.816,0.92054,0.92061,1.00,1.13
2014.02.21 17:01:27.069,0.92057,0.92068,1.00,1.50
2014.02.21 17:01:27.307,0.92059,0.92068,1.00,1.00
2014.02.21 17:01:35.912,0.92059,0.92068,1.18,1.00
2014.02.21 17:01:37.401,0.92062,0.92068,1.00,1.00
2014.02.21 17:01:48.570,0.92062,0.92071,1.60,1.38
2014.02.21 17:01:48.875,0.92068,0.92074,1.00,1.00
2014.02.21 17:01:49.078,0.92068,0.92077,1.00,1.13
2014.02.21 17:01:49.381,0.92069,0.92075,1.00,1.00
2014.02.21 17:01:49.629,0.92069,0.92077,1.00,1.13
2014.02.21 17:01:50.322,0.92068,0.92078,1.50,1.38
2014.02.21 17:01:53.063,0.92068,0.9208,1.50,2.25
2014.02.21 17:01:53.265,0.9207,0.92081,1.00,1.75
2014.02.21 17:01:57.899,0.9207,0.92081,1.00,1.38
2014.02.21 17:01:59.104,0.92068,0.9208,1.00,1.38
2014.02.21 17:02:00.377,0.9207,0.92081,1.00,1.38
2014.02.21 17:02:02.636,0.9207,0.92081,1.00,1.38
2014.02.21 17:02:04.693,0.92068,0.9208,1.50,1.38
2014.02.21 17:02:05.802,0.92068,0.92078,1.00,1.00
2014.02.21 17:02:21.769,0.92068,0.92078,1.00,1.50
2014.02.21 17:02:21.820,0.92066,0.92078,1.50,2.63
2014.02.21 17:02:21.871,0.92066,0.92076,1.50,3.23
2014.02.21 17:02:21.922,0.92062,0.92072,1.00,1.75
2014.02.21 17:02:22.024,0.92063,0.92071,1.00,1.50
2014.02.21 17:02:22.126,0.9206,0.92071,2.25,1.88
2014.02.21 17:02:33.069,0.92059,0.92071,1.00,2.63
2014.02.21 17:02:41.128,0.92059,0.9207,1.00,1.50
2014.02.21 17:02:47.201,0.92061,0.9207,1.00,1.50
2014.02.21 17:02:50.273,0.92061,0.92071,1.00,1.13
2014.02.21 17:02:50.425,0.92058,0.92066,1.00,1.00
2014.02.21 17:02:50.931,0.92057,0.92069,1.50,2.25
2014.02.21 17:02:51.478,0.92058,0.92067,1.00,1.38
2014.02.21 17:02:51.631,0.92056,0.92067,1.00,1.88
2014.02.21 17:02:51.841,0.92056,0.92067,1.00,1.13
2014.02.21 17:02:52.043,0.92057,0.92067,1.50,1.00
2014.02.21 17:02:53.341,0.92059,0.92068,1.00,1.38
2014.02.21 17:02:53.880,0.92059,0.92067,1.00,1.00
2014.02.21 17:02:55.857,0.92057,0.92067,1.50,1.00
2014.02.21 17:02:56.837,0.92057,0.92065,1.50,1.13
2014.02.21 17:02:57.091,0.92055,0.92066,1.88,1.00
2014.02.21 17:02:57.193,0.92057,0.92066,1.00,1.00
2014.02.21 17:02:57.704,0.92058,0.92067,1.00,1.38
2014.02.21 17:02:58.267,0.92058,0.92069,1.00,1.50
2014.02.21 17:03:00.613,0.92057,0.92069,1.50,2.25
2014.02.21 17:03:02.031,0.92058,0.92069,1.00,1.50
2014.02.21 17:03:03.032,0.92057,0.92069,1.50,2.25
2014.02.21 17:03:04.560,0.92057,0.92069,1.50,1.88
2014.02.21 17:03:04.865,0.9206,0.92069,1.00,1.13
2014.02.21 17:03:05.494,0.9206,0.92067,1.00,1.13
2014.02.21 17:03:05.800,0.92051,0.9206,1.50,1.13
2014.02.21 17:03:05.901,0.92053,0.9206,1.00,1.88
2014.02.21 17:03:06.104,0.9205,0.92059,1.50,1.38
2014.02.21 17:03:06.307,0.92048,0.92059,1.50,1.38
2014.02.21 17:03:06.561,0.92047,0.92058,1.00,2.63
2014.02.21 17:03:06.965,0.92047,0.92058,1.50,1.50
2014.02.21 17:03:07.020,0.9205,0.9206,1.88,1.00
2014.02.21 17:03:07.122,0.92051,0.92063,1.38,1.13
2014.02.21 17:03:07.173,0.92055,0.92063,1.00,1.13
2014.02.21 17:03:07.691,0.92054,0.92065,1.00,1.88
2014.02.21 17:03:08.007,0.92054,0.92065,1.00,1.13
2014.02.21 17:03:22.243,0.92054,0.92065,1.00,1.88
2014.02.21 17:03:30.993,0.92054,0.92065,2.25,1.50
2014.02.21 17:03:31.838,0.92054,0.92065,2.25,1.88
2014.02.21 17:03:32.193,0.92052,0.92061,1.00,1.00
2014.02.21 17:03:32.446,0.92054,0.92062,1.00,1.38
2014.02.21 17:03:34.301,0.92054,0.92063,1.00,2.25
2014.02.21 17:03:37.047,0.92054,0.92063,1.00,1.88
2014.02.21 17:03:40.971,0.92054,0.92064,1.50,1.00
2014.02.21 17:03:42.746,0.92054,0.92065,1.50,1.50
2014.02.21 17:03:48.036,0.92054,0.92065,1.50,1.50
2014.02.21 17:03:51.617,0.92054,0.92064,1.00,2.48
2014.02.21 17:03:51.771,0.92052,0.92061,1.50,1.00
2014.02.21 17:03:56.389,0.92052,0.92063,1.88,1.38
2014.02.21 17:03:56.440,0.92054,0.92063,1.00,1.00
2014.02.21 17:03:56.592,0.92054,0.92066,2.25,3.38
2014.02.21 17:03:56.751,0.92057,0.92066,1.00,1.88
2014.02.21 17:03:57.309,0.92058,0.92066,1.00,1.38
2014.02.21 17:03:57.821,0.92058,0.92067,1.00,1.50
2014.02.21 17:03:58.761,0.92058,0.92067,1.00,1.50
2014.02.21 17:03:58.812,0.92056,0.92067,1.00,1.88
2014.02.21 17:03:59.338,0.92057,0.92066,1.00,1.75
2014.02.21 17:03:59.490,0.92062,0.92067,1.38,1.50
2014.02.21 17:03:59.642,0.9206,0.92067,1.88,1.00
2014.02.21 17:03:59.693,0.9206,0.92069,1.88,1.00
2014.02.21 17:03:59.795,0.92062,0.92073,1.00,1.88
2014.02.21 17:04:05.729,0.9206,0.92072,1.13,1.50
2014.02.21 17:04:06.752,0.9206,0.92072,1.00,3.75
2014.02.21 17:04:06.854,0.92059,0.92071,1.13,2.63
2014.02.21 17:04:07.057,0.92057,0.92067,1.00,1.00
2014.02.21 17:04:07.209,0.92057,0.92065,1.00,1.38
2014.02.21 17:04:07.260,0.92055,0.92065,1.00,1.38
2014.02.21 17:04:07.412,0.92055,0.92064,1.00,1.38
2014.02.21 17:04:07.945,0.92054,0.92063,1.00,1.88
2014.02.21 17:04:08.481,0.92055,0.92062,1.00,1.38
2014.02.21 17:04:12.537,0.92052,0.92062,1.13,1.38
2014.02.21 17:04:13.318,0.92054,0.92062,1.00,1.38
2014.02.21 17:04:13.623,0.92058,0.92065,2.10,1.00
2014.02.21 17:04:13.827,0.92059,0.9207,1.38,1.50
2014.02.21 17:04:15.110,0.9206,0.92072,1.88,2.25
2014.02.21 17:04:15.519,0.9206,0.92072,2.25,2.25
2014.02.21 17:04:16.129,0.9206,0.92072,1.88,2.25
2014.02.21 17:04:16.429,0.9206,0.92069,1.00,1.38
2014.02.21 17:04:16.581,0.92057,0.92069,1.00,2.25
2014.02.21 17:04:17.119,0.92057,0.92069,1.00,1.75
2014.02.21 17:04:19.342,0.92059,0.92069,1.00,1.00
2014.02.21 17:04:19.670,0.92063,0.92069,1.00,1.00
2014.02.21 17:04:20.177,0.92063,0.9207,2.63,1.00
2014.02.21 17:04:20.228,0.92063,0.92074,2.63,1.00
2014.02.21 17:04:22.808,0.92063,0.92074,1.50,1.00
2014.02.21 17:04:23.910,0.92067,0.92074,1.00,1.00
2014.02.21 17:04:24.213,0.92064,0.92076,1.38,1.38
2014.02.21 17:04:24.761,0.92064,0.92076,1.00,1.38
2014.02.21 17:04:25.571,0.92063,0.92074,1.88,1.13
2014.02.21 17:04:32.871,0.92062,0.92074,2.25,1.00
2014.02.21 17:04:32.973,0.92064,0.92076,1.50,1.00
2014.02.21 17:04:33.278,0.9207,0.92076,1.00,1.00
2014.02.21 17:04:33.329,0.9207,0.92079,1.00,1.00
2014.02.21 17:04:33.430,0.9207,0.92081,1.00,1.13
2014.02.21 17:04:33.942,0.92069,0.92081,1.50,1.00
2014.02.21 17:04:34.226,0.92072,0.92083,1.00,1.00
2014.02.21 17:04:34.806,0.92073,0.92084,1.00,1.00
2014.02.21 17:04:35.819,0.92073,0.92085,1.00,2.63
2014.02.21 17:04:36.339,0.92073,0.92083,1.00,1.00
2014.02.21 17:04:36.593,0.9207,0.92082,1.00,2.25
2014.02.21 17:04:36.700,0.92068,0.9208,1.50,1.00
2014.02.21 17:04:37.326,0.92068,0.92079,1.00,1.00
2014.02.21 17:04:37.530,0.92067,0.92077,1.00,1.00
2014.02.21 17:04:37.784,0.92065,0.92076,1.00,1.00
2014.02.21 17:04:40.538,0.92065,0.92074,1.00,1.00
2014.02.21 17:04:41.274,0.92064,0.92074,1.00,1.20
2014.02.21 17:04:47.033,0.92065,0.92076,1.00,1.58
2014.02.21 17:04:48.843,0.92065,0.92076,1.00,2.33
2014.02.21 17:04:49.150,0.92065,0.92076,1.10,2.25
2014.02.21 17:04:51.747,0.92065,0.92076,1.10,1.13
2014.02.21 17:04:53.250,0.92065,0.92077,1.00,3.90
2014.02.21 17:04:53.555,0.92064,0.92076,1.50,2.78
2014.02.21 17:04:55.845,0.92065,0.92074,1.00,2.03
2014.02.21 17:04:58.857,0.92062,0.92071,1.00,1.00
2014.02.21 17:04:59.377,0.92061,0.92071,1.00,1.00
2014.02.21 17:05:00.496,0.9206,0.92071,1.50,1.00
2014.02.21 17:05:02.112,0.9206,0.92071,1.50,1.38
2014.02.21 17:05:04.269,0.9206,0.9207,1.00,1.95
2014.02.21 17:05:04.371,0.92058,0.92067,1.00,1.00
2014.02.21 17:05:04.878,0.92057,0.92067,1.00,1.50
2014.02.21 17:05:04.929,0.92055,0.92067,1.13,2.25
2014.02.21 17:05:05.696,0.92055,0.92067,1.00,2.25
2014.02.21 17:05:06.000,0.92054,0.92063,1.00,1.65
2014.02.21 17:05:06.051,0.92052,0.92063,1.50,2.40
2014.02.21 17:05:06.153,0.92051,0.92059,1.00,1.00
2014.02.21 17:05:06.357,0.92049,0.9206,1.10,1.75
2014.02.21 17:05:06.912,0.92049,0.9206,1.50,1.58
2014.02.21 17:05:10.436,0.92049,0.92061,1.58,1.85
2014.02.21 17:05:10.588,0.92049,0.92061,3.15,1.00
2014.02.21 17:05:11.099,0.9205,0.92062,1.00,1.50
2014.02.21 17:05:12.341,0.9205,0.92061,1.00,1.75
2014.02.21 17:05:12.901,0.92051,0.92062,1.00,2.25
2014.02.21 17:05:13.419,0.92051,0.92062,1.00,1.13
2014.02.21 17:05:16.855,0.9205,0.92062,1.50,1.50
2014.02.21 17:05:17.345,0.92042,0.92052,1.00,1.75
2014.02.21 17:05:17.406,0.92044,0.92049,1.00,1.00
2014.02.21 17:05:17.508,0.92038,0.92049,1.50,1.38
2014.02.21 17:05:18.381,0.9204,0.92049,1.00,1.38
2014.02.21 17:05:18.483,0.9204,0.92049,1.00,1.13
2014.02.21 17:05:20.186,0.92041,0.9205,1.00,1.48
2014.02.21 17:05:21.521,0.92041,0.9205,1.00,1.10
2014.02.21 17:05:22.398,0.92041,0.9205,1.00,1.48
2014.02.21 17:05:22.907,0.9204,0.9205,1.00,1.13
2014.02.21 17:05:25.873,0.92039,0.9205,1.58,1.13
2014.02.21 17:05:26.078,0.92041,0.92051,1.00,1.50
2014.02.21 17:05:27.183,0.9204,0.92051,1.00,1.50
2014.02.21 17:05:28.367,0.9204,0.92051,1.00,1.83
2014.02.21 17:05:48.090,0.92041,0.92051,1.00,1.28
2014.02.21 17:05:48.245,0.92042,0.92051,1.00,1.13
2014.02.21 17:05:49.489,0.92042,0.92054,1.50,2.33
2014.02.21 17:05:50.149,0.92042,0.92052,1.00,1.10
2014.02.21 17:05:51.367,0.92042,0.92052,1.00,3.30
2014.02.21 17:05:51.418,0.9204,0.92052,1.50,4.05
2014.02.21 17:05:51.520,0.92038,0.92048,1.50,1.58
2014.02.21 17:05:51.673,0.92038,0.92047,1.00,1.75
2014.02.21 17:05:51.825,0.92034,0.92044,1.00,1.55
2014.02.21 17:05:51.876,0.92034,0.92044,1.00,1.55
2014.02.21 17:05:52.028,0.92032,0.92043,1.00,1.85
2014.02.21 17:05:53.238,0.92032,0.92042,1.00,1.00
2014.02.21 17:05:53.603,0.92033,0.92044,1.00,1.00
2014.02.21 17:05:58.630,0.92034,0.92044,1.00,1.00
2014.02.21 17:05:59.073,0.92036,0.92044,1.00,1.00
2014.02.21 17:05:59.276,0.92037,0.92046,1.00,1.00
2014.02.21 17:05:59.801,0.92038,0.92048,1.00,1.50
2014.02.21 17:06:00.509,0.92039,0.92048,1.00,1.50
2014.02.21 17:06:01.045,0.92039,0.92048,1.00,1.88
2014.02.21 17:06:02.067,0.92039,0.92044,1.00,1.00
2014.02.21 17:06:04.830,0.92037,0.92044,1.00,1.00
2014.02.21 17:06:05.336,0.92037,0.92045,1.00,1.00
2014.02.21 17:06:09.399,0.92037,0.92047,1.00,3.45
2014.02.21 17:06:09.823,0.92037,0.92045,1.00,1.68
2014.02.21 17:06:10.026,0.92032,0.92041,1.00,1.00
2014.02.21 17:06:10.380,0.92032,0.92038,1.00,1.00
2014.02.21 17:06:10.442,0.9203,0.92038,1.50,1.00
2014.02.21 17:06:10.957,0.92031,0.92038,1.00,1.00
2014.02.21 17:06:11.486,0.9203,0.92038,1.50,1.00
2014.02.21 17:06:11.998,0.92031,0.92038,1.00,1.00
2014.02.21 17:06:15.335,0.9203,0.92038,1.00,1.00
2014.02.21 17:06:15.657,0.9203,0.92038,1.38,1.00
2014.02.21 17:06:15.709,0.92035,0.9204,1.00,1.13
2014.02.21 17:06:15.861,0.92029,0.9204,2.40,1.75
2014.02.21 17:06:16.369,0.92031,0.92038,1.00,1.00
2014.02.21 17:06:18.749,0.92031,0.92039,1.00,1.88
2014.02.21 17:06:19.907,0.9203,0.92039,1.50,1.13
2014.02.21 17:06:31.785,0.9203,0.92041,1.00,2.33
2014.02.21 17:06:43.404,0.92032,0.92042,1.00,2.25
2014.02.21 17:06:56.920,0.92029,0.92041,1.00,1.65
2014.02.21 17:06:57.465,0.92029,0.92039,1.00,1.00
2014.02.21 17:07:01.526,0.92031,0.92039,1.00,1.00
2014.02.21 17:07:04.944,0.92031,0.92041,1.00,1.50
2014.02.21 17:07:06.472,0.92033,0.92041,1.00,1.00
2014.02.21 17:07:09.077,0.92035,0.92041,1.00,1.00
2014.02.21 17:07:09.280,0.92033,0.92045,2.03,2.25
2014.02.21 17:07:09.432,0.92034,0.92045,1.00,2.25
2014.02.21 17:07:09.889,0.92032,0.9204,1.00,1.13
2014.02.21 17:07:16.775,0.92032,0.9204,1.38,1.13
2014.02.21 17:07:17.097,0.92032,0.9204,1.00,2.10
2014.02.21 17:07:17.249,0.9203,0.92036,1.00,2.25
2014.02.21 17:07:17.351,0.92027,0.92036,1.00,1.50
2014.02.21 17:07:17.452,0.92025,0.92034,1.10,1.30
2014.02.21 17:07:17.705,0.92025,0.92033,1.00,1.88
2014.02.21 17:07:17.812,0.92023,0.92033,1.00,1.88
2014.02.21 17:07:17.939,0.92023,0.92033,1.00,1.00
2014.02.21 17:07:19.036,0.92027,0.92033,1.00,1.00
2014.02.21 17:07:32.080,0.9203,0.92035,1.00,1.60
2014.02.21 17:07:32.571,0.9203,0.92035,1.00,1.00
2014.02.21 17:07:32.622,0.9203,0.92037,1.38,1.00
2014.02.21 17:07:32.673,0.92032,0.92038,1.38,1.48
2014.02.21 17:07:33.118,0.92035,0.92039,1.00,1.13
2014.02.21 17:07:33.723,0.92035,0.92039,1.00,1.00
2014.02.21 17:07:40.695,0.92035,0.9204,1.00,1.13
2014.02.21 17:07:43.104,0.92035,0.9204,1.00,1.38
2014.02.21 17:07:47.017,0.92035,0.92042,1.00,1.88
2014.02.21 17:07:47.068,0.92037,0.92042,1.00,1.50
2014.02.21 17:07:47.119,0.92037,0.92046,1.00,1.00
2014.02.21 17:07:47.271,0.9204,0.92049,1.50,1.38
2014.02.21 17:07:47.771,0.92045,0.9205,1.00,1.13
2014.02.21 17:07:47.980,0.92045,0.9205,1.00,1.00
2014.02.21 17:07:48.233,0.92047,0.92052,1.00,1.38
2014.02.21 17:07:52.044,0.92041,0.92053,1.28,1.50
2014.02.21 17:08:03.259,0.92047,0.92051,1.00,1.13
2014.02.21 17:08:14.661,0.92047,0.92052,1.00,1.13
2014.02.21 17:08:15.218,0.92047,0.92054,1.00,1.00
2014.02.21 17:08:15.420,0.92049,0.92058,1.00,2.25
2014.02.21 17:08:15.522,0.92052,0.92058,1.00,1.38
2014.02.21 17:08:16.440,0.92052,0.92059,1.00,1.00
2014.02.21 17:08:16.642,0.92054,0.9206,1.00,1.13
2014.02.21 17:08:19.161,0.92054,0.92062,1.00,1.80
2014.02.21 17:08:19.465,0.92051,0.92057,1.00,1.58
2014.02.21 17:08:19.770,0.92043,0.92054,1.50,2.25
2014.02.21 17:08:19.820,0.92047,0.92054,1.00,2.25
2014.02.21 17:08:29.546,0.92048,0.92057,1.00,1.50
2014.02.21 17:08:29.698,0.92051,0.92058,1.00,1.10
2014.02.21 17:08:30.222,0.92052,0.92059,1.00,1.50
2014.02.21 17:08:31.263,0.92052,0.92059,1.00,1.50
2014.02.21 17:08:34.564,0.92052,0.92059,1.00,1.50
2014.02.21 17:08:37.439,0.92052,0.92059,1.00,2.40
2014.02.21 17:08:37.948,0.92051,0.92057,1.00,1.58
2014.02.21 17:08:38.262,0.92044,0.92057,1.13,2.33
2014.02.21 17:08:38.364,0.92048,0.92056,1.00,1.65
2014.02.21 17:08:38.676,0.92048,0.92056,1.00,1.13
2014.02.21 17:08:38.727,0.92048,0.92056,1.00,1.88
2014.02.21 17:08:39.032,0.92044,0.92052,1.00,1.55
2014.02.21 17:08:39.565,0.92044,0.92052,1.50,1.10
2014.02.21 17:08:40.202,0.92044,0.92053,1.50,1.93
2014.02.21 17:08:41.396,0.92044,0.92053,1.00,1.65
2014.02.21 17:08:41.549,0.92046,0.92052,1.00,1.50
2014.02.21 17:08:48.777,0.92046,0.92052,1.00,1.85
2014.02.21 17:08:48.930,0.92044,0.9205,1.00,1.10
2014.02.21 17:08:49.794,0.92043,0.9205,1.00,1.10
2014.02.21 17:08:55.595,0.92043,0.92049,1.00,1.00
2014.02.21 17:08:55.757,0.92041,0.92049,1.00,1.00
2014.02.21 17:08:57.442,0.92041,0.92049,1.00,1.38
2014.02.21 17:09:03.178,0.92041,0.92047,1.00,1.38
2014.02.21 17:09:03.482,0.92038,0.92043,1.00,1.00
2014.02.21 17:09:03.647,0.92035,0.92042,1.00,1.38
2014.02.21 17:09:04.836,0.92035,0.92042,1.00,1.38
2014.02.21 17:09:04.993,0.92033,0.92039,1.00,1.13
2014.02.21 17:09:05.499,0.92032,0.92039,1.00,1.13
2014.02.21 17:09:06.587,0.92033,0.92039,1.00,1.13
2014.02.21 17:09:06.841,0.92033,0.92041,1.00,1.50
2014.02.21 17:09:16.736,0.92033,0.92044,1.50,1.38
2014.02.21 17:09:16.840,0.92036,0.92044,1.00,1.38
2014.02.21 17:09:17.148,0.92038,0.92044,1.00,1.38
2014.02.21 17:09:18.512,0.92038,0.92046,1.50,1.58
2014.02.21 17:09:18.790,0.92038,0.92048,1.50,1.38
2014.02.21 17:09:18.841,0.9204,0.92048,1.00,1.38
2014.02.21 17:09:23.073,0.92041,0.92048,1.00,1.38
2014.02.21 17:09:23.225,0.92041,0.9205,1.00,2.70
2014.02.21 17:09:29.470,0.92041,0.9205,1.50,2.70
2014.02.21 17:09:29.774,0.92034,0.92042,1.00,1.75
2014.02.21 17:09:29.927,0.92036,0.92041,1.00,1.38
2014.02.21 17:09:29.978,0.92036,0.9204,1.00,1.00
2014.02.21 17:09:30.029,0.92034,0.9204,1.00,1.50
2014.02.21 17:09:30.080,0.92034,0.9204,1.00,1.50
2014.02.21 17:09:30.630,0.92035,0.92043,1.00,1.75
2014.02.21 17:09:33.767,0.92036,0.92042,1.00,1.00
2014.02.21 17:09:33.869,0.92036,0.92045,1.00,2.70
2014.02.21 17:09:34.419,0.92037,0.92044,1.00,1.13
2014.02.21 17:09:34.884,0.92035,0.92042,1.00,1.73
2014.02.21 17:09:34.935,0.92035,0.92042,1.00,2.48
2014.02.21 17:09:35.239,0.92034,0.9204,1.00,1.38
2014.02.21 17:09:35.442,0.92032,0.9204,1.50,1.88
2014.02.21 17:09:41.916,0.92032,0.9204,1.00,1.50
2014.02.21 17:09:42.270,0.92034,0.9204,1.00,1.38
2014.02.21 17:09:42.877,0.92034,0.92041,1.50,1.38
2014.02.21 17:09:45.671,0.92034,0.92041,1.00,1.00
2014.02.21 17:09:46.557,0.92034,0.92041,1.00,1.38
2014.02.21 17:09:49.631,0.92033,0.92041,1.00,1.38
2014.02.21 17:09:50.564,0.92034,0.92041,1.00,1.38
2014.02.21 17:09:50.666,0.92032,0.92041,1.50,1.00
2014.02.21 17:09:52.064,0.92034,0.92041,1.00,1.50
2014.02.21 17:09:55.343,0.92034,0.92041,1.00,1.58
2014.02.21 17:09:59.874,0.92036,0.92042,1.00,1.20
2014.02.21 17:10:00.401,0.92036,0.92041,1.00,1.00
2014.02.21 17:10:00.734,0.92036,0.92044,1.00,1.58
2014.02.21 17:10:01.339,0.92037,0.92046,1.00,2.55
2014.02.21 17:10:03.889,0.92038,0.92044,1.00,1.38
2014.02.21 17:10:04.411,0.92039,0.92044,1.00,1.38
2014.02.21 17:10:06.054,0.92039,0.92046,1.00,2.93
2014.02.21 17:10:06.257,0.92039,0.92047,1.00,1.45
2014.02.21 17:10:06.480,0.92042,0.92047,1.00,1.13
2014.02.21 17:10:07.256,0.92041,0.92047,1.50,1.00
2014.02.21 17:10:07.408,0.92043,0.92049,1.00,1.58
2014.02.21 17:10:07.459,0.92043,0.9205,1.00,1.18
2014.02.21 17:10:07.972,0.92043,0.9205,1.50,1.00
2014.02.21 17:10:09.499,0.92046,0.9205,1.00,1.00
2014.02.21 17:10:11.791,0.92044,0.92052,1.00,1.20
2014.02.21 17:10:12.437,0.92044,0.92052,1.00,1.48
2014.02.21 17:10:13.437,0.92045,0.92052,1.00,1.38
2014.02.21 17:10:14.692,0.92045,0.92052,1.00,1.38
2014.02.21 17:10:14.998,0.92041,0.92047,1.00,1.38
2014.02.21 17:10:15.533,0.9204,0.92047,1.00,1.75
2014.02.21 17:10:17.781,0.9204,0.92048,1.50,1.50
2014.02.21 17:10:17.934,0.92043,0.92052,1.10,1.20
2014.02.21 17:10:18.035,0.92043,0.92052,1.28,1.13
2014.02.21 17:10:18.407,0.92049,0.92057,1.00,1.38
2014.02.21 17:10:18.458,0.92049,0.92057,1.00,1.13
2014.02.21 17:10:18.661,0.92049,0.92057,1.00,1.13
2014.02.21 17:10:18.977,0.92047,0.92055,1.00,1.58
2014.02.21 17:10:19.579,0.92046,0.92055,1.00,2.33
2014.02.21 17:10:19.635,0.92046,0.92054,1.00,1.00
2014.02.21 17:10:19.840,0.92049,0.92058,1.00,2.33
2014.02.21 17:10:19.891,0.92049,0.92058,1.38,1.48
2014.02.21 17:10:19.942,0.9205,0.9206,1.00,1.95
2014.02.21 17:10:20.296,0.92053,0.92061,1.00,1.38
2014.02.21 17:10:21.044,0.92049,0.92056,2.33,1.50
2014.02.21 17:10:21.350,0.92046,0.92051,1.38,1.30
2014.02.21 17:10:21.401,0.92046,0.92055,1.38,3.00
2014.02.21 17:10:21.452,0.92049,0.92055,1.00,2.93
2014.02.21 17:10:21.554,0.92045,0.92053,3.38,1.75
2014.02.21 17:10:21.605,0.92045,0.92053,2.25,1.75
2014.02.21 17:10:24.158,0.92044,0.92052,1.00,1.88
2014.02.21 17:10:24.761,0.92045,0.92052,1.00,1.88
2014.02.21 17:10:25.901,0.92045,0.92052,1.00,1.50
2014.02.21 17:10:28.340,0.92045,0.92052,1.00,1.38
2014.02.21 17:10:28.441,0.92045,0.92052,1.00,2.25
2014.02.21 17:10:28.746,0.92037,0.92047,1.00,1.20
2014.02.21 17:10:28.796,0.9204,0.92046,1.00,1.13
2014.02.21 17:10:28.898,0.92037,0.92046,1.00,1.50
2014.02.21 17:10:29.475,0.92036,0.92046,1.00,1.50
2014.02.21 17:10:31.536,0.92036,0.92045,1.00,1.20
2014.02.21 17:10:32.072,0.92037,0.92045,1.00,1.20
2014.02.21 17:10:46.501,0.92037,0.92045,1.00,1.10
2014.02.21 17:10:46.603,0.92043,0.92047,1.00,1.13
2014.02.21 17:10:46.705,0.92043,0.9205,1.38,1.50
2014.02.21 17:10:46.857,0.92043,0.92053,1.53,1.00
2014.02.21 17:10:47.370,0.92045,0.92054,1.00,1.00
2014.02.21 17:10:54.444,0.92045,0.92054,1.00,4.35
2014.02.21 17:10:54.495,0.92043,0.92054,1.00,4.35
2014.02.21 17:10:54.647,0.92043,0.92053,1.50,1.20
2014.02.21 17:10:54.851,0.92045,0.92054,1.00,1.75
2014.02.21 17:10:55.610,0.92045,0.92055,1.00,2.33
2014.02.21 17:10:58.586,0.92045,0.92054,1.00,1.38
2014.02.21 17:11:00.775,0.92045,0.92055,1.00,1.20
2014.02.21 17:11:00.927,0.92044,0.92056,1.88,1.65
2014.02.21 17:11:01.433,0.92048,0.92057,1.00,2.05
2014.02.21 17:11:02.090,0.92047,0.92057,1.00,3.00
2014.02.21 17:11:02.293,0.92045,0.92054,1.00,1.13
2014.02.21 17:11:02.940,0.92045,0.92054,1.00,1.58
2014.02.21 17:11:04.296,0.92045,0.92054,1.38,1.58
2014.02.21 17:11:04.600,0.92046,0.92056,1.13,1.10
2014.02.21 17:11:04.854,0.92048,0.92057,1.00,1.58
2014.02.21 17:11:09.536,0.92046,0.92058,1.50,2.78
2014.02.21 17:11:11.823,0.92046,0.92058,2.25,2.03
2014.02.21 17:11:11.976,0.92048,0.92058,1.00,1.13
2014.02.21 17:11:12.281,0.92059,0.92068,1.38,1.13
2014.02.21 17:11:12.332,0.92059,0.92066,1.38,1.13
2014.02.21 17:11:12.434,0.92059,0.92065,1.50,1.50
2014.02.21 17:11:12.791,0.92061,0.9207,1.00,1.00
2014.02.21 17:11:12.893,0.92061,0.9207,1.00,1.20
2014.02.21 17:11:13.096,0.92057,0.92069,1.88,2.33
2014.02.21 17:11:13.400,0.92059,0.92068,1.00,1.13
2014.02.21 17:11:13.901,0.9206,0.92069,1.00,1.50
2014.02.21 17:11:18.702,0.9206,0.92071,1.10,1.88
2014.02.21 17:11:19.009,0.92062,0.92072,1.00,1.88
2014.02.21 17:11:20.713,0.92062,0.92073,1.50,1.65
2014.02.21 17:11:21.017,0.92065,0.92073,1.00,1.58
2014.02.21 17:11:24.456,0.92066,0.92076,1.00,3.00
2014.02.21 17:11:24.611,0.92067,0.92078,1.00,1.90
2014.02.21 17:11:24.713,0.92067,0.92079,1.50,2.03
2014.02.21 17:11:24.918,0.9207,0.92081,1.00,2.40
2014.02.21 17:11:25.419,0.92071,0.92081,1.00,2.40
2014.02.21 17:11:28.321,0.92071,0.92081,1.00,2.40
2014.02.21 17:11:29.141,0.92071,0.92082,1.00,1.58
2014.02.21 17:11:37.190,0.92071,0.92082,1.00,1.85
2014.02.21 17:11:49.436,0.92071,0.92078,1.00,1.50
2014.02.21 17:11:49.791,0.92072,0.9208,1.00,1.10
2014.02.21 17:11:50.970,0.92072,0.92081,1.00,2.78
2014.02.21 17:11:51.275,0.92068,0.92073,1.00,1.00
2014.02.21 17:11:51.427,0.92066,0.92073,1.00,1.50
2014.02.21 17:11:52.825,0.92064,0.92073,1.00,1.58
2014.02.21 17:11:53.944,0.92064,0.92073,1.00,1.58
2014.02.21 17:11:54.198,0.92064,0.92076,2.25,1.58
2014.02.21 17:11:56.242,0.92064,0.92076,1.88,1.10
2014.02.21 17:11:56.344,0.92065,0.92076,5.48,1.00
2014.02.21 17:11:56.649,0.9207,0.9208,3.15,1.00
2014.02.21 17:11:56.701,0.92071,0.92083,1.95,1.00
2014.02.21 17:11:56.803,0.92074,0.92085,1.00,1.88
2014.02.21 17:11:57.194,0.92071,0.92085,1.53,1.88
2014.02.21 17:11:57.397,0.92072,0.92077,1.00,2.55
2014.02.21 17:11:57.448,0.92069,0.92075,1.00,1.50
2014.02.21 17:11:57.702,0.92065,0.92075,1.00,1.50
2014.02.21 17:11:58.556,0.92064,0.92075,1.00,1.50
2014.02.21 17:12:09.661,0.92065,0.92075,1.00,2.25
2014.02.21 17:12:09.914,0.92063,0.92075,1.13,2.63
2014.02.21 17:12:10.970,0.92064,0.92075,1.00,2.63
2014.02.21 17:12:12.502,0.92064,0.92075,1.00,2.63
2014.02.21 17:12:13.841,0.92066,0.92075,1.00,1.13
2014.02.21 17:12:14.374,0.92066,0.92077,2.25,1.13
2014.02.21 17:12:15.265,0.92067,0.92079,1.00,1.48
2014.02.21 17:12:16.087,0.92067,0.92079,1.13,1.20
2014.02.21 17:12:19.733,0.92067,0.92079,1.00,1.48
2014.02.21 17:12:26.444,0.92067,0.92078,1.00,1.18
2014.02.21 17:12:26.996,0.92066,0.92078,3.00,1.65
2014.02.21 17:12:27.520,0.92067,0.92079,1.00,1.38
2014.02.21 17:12:28.073,0.92067,0.92079,1.00,3.23
2014.02.21 17:12:28.328,0.92067,0.92079,1.00,1.55
2014.02.21 17:12:28.680,0.92069,0.9208,1.88,1.20
2014.02.21 17:12:28.740,0.92072,0.9208,1.10,1.13
2014.02.21 17:12:28.841,0.92074,0.92082,1.00,1.38
2014.02.21 17:12:29.586,0.92074,0.92082,1.00,1.13
2014.02.21 17:12:44.890,0.92074,0.92085,1.00,2.10
2014.02.21 17:12:47.255,0.92076,0.92085,1.00,2.10
2014.02.21 17:12:59.794,0.92076,0.92085,1.00,1.35
2014.02.21 17:13:00.149,0.92076,0.92086,1.15,2.10
2014.02.21 17:13:00.554,0.92076,0.92085,1.00,1.68
2014.02.21 17:13:03.070,0.92076,0.92085,1.00,1.35
2014.02.21 17:13:03.595,0.92076,0.92084,1.00,1.00
2014.02.21 17:13:06.229,0.92076,0.92083,1.00,1.00
2014.02.21 17:13:10.160,0.92076,0.92083,1.00,1.38
2014.02.21 17:13:11.289,0.92076,0.9208,1.00,1.00
2014.02.21 17:13:14.791,0.9207,0.9208,1.18,1.50
2014.02.21 17:13:15.095,0.92072,0.92077,1.00,1.73
2014.02.21 17:13:15.485,0.92068,0.92075,1.00,1.00
2014.02.21 17:13:16.782,0.92068,0.92077,1.00,1.13
2014.02.21 17:13:16.833,0.92068,0.92077,1.38,1.13
2014.02.21 17:13:17.406,0.92072,0.9208,1.00,1.75
2014.02.21 17:13:20.113,0.92072,0.9208,1.00,1.75
2014.02.21 17:13:20.868,0.92074,0.92082,1.00,2.25
2014.02.21 17:13:22.510,0.92074,0.92083,1.00,2.85
2014.02.21 17:13:25.814,0.92069,0.92075,1.38,1.38
2014.02.21 17:13:25.916,0.92068,0.92074,1.00,1.38
2014.02.21 17:13:26.069,0.92065,0.92072,1.00,1.88
2014.02.21 17:13:26.120,0.92065,0.92071,1.00,1.38
2014.02.21 17:13:26.172,0.92063,0.9207,1.00,1.13
2014.02.21 17:13:26.324,0.92063,0.92072,1.38,1.95
2014.02.21 17:13:26.627,0.9206,0.92069,1.38,1.13
2014.02.21 17:13:26.678,0.9206,0.92068,1.00,1.38
2014.02.21 17:13:26.729,0.92059,0.92068,1.38,1.38
2014.02.21 17:13:26.933,0.92059,0.92069,1.38,1.50
2014.02.21 17:13:27.034,0.92061,0.92071,1.13,2.33
2014.02.21 17:13:27.585,0.92061,0.92071,1.00,2.33
2014.02.21 17:13:28.428,0.92061,0.92071,1.00,1.95
2014.02.21 17:13:28.875,0.92063,0.92071,1.00,1.13
2014.02.21 17:13:30.871,0.92063,0.9207,1.00,1.00
2014.02.21 17:13:31.175,0.92061,0.92069,1.00,1.38
2014.02.21 17:13:32.406,0.92058,0.92069,1.50,1.48
2014.02.21 17:13:32.457,0.92058,0.92069,1.50,1.10
2014.02.21 17:13:33.430,0.92058,0.9207,1.58,2.25
2014.02.21 17:13:37.310,0.92058,0.9207,2.33,1.88
2014.02.21 17:13:37.664,0.92061,0.92072,1.85,1.00
2014.02.21 17:13:38.020,0.92063,0.92075,1.50,2.25
2014.02.21 17:13:38.236,0.92063,0.92075,1.38,2.63
2014.02.21 17:13:44.323,0.92061,0.92073,3.08,1.38
2014.02.21 17:13:44.476,0.92061,0.92071,1.00,1.05
2014.02.21 17:13:44.578,0.92061,0.92069,1.00,1.43
2014.02.21 17:13:44.629,0.92059,0.92068,1.50,1.83
2014.02.21 17:13:44.732,0.92057,0.92067,1.13,3.08
2014.02.21 17:13:45.778,0.92054,0.92066,1.95,2.25
2014.02.21 17:13:49.035,0.92054,0.92066,1.95,1.88
2014.02.21 17:13:49.620,0.92054,0.92066,1.95,1.50
2014.02.21 17:14:07.221,0.92057,0.92066,1.13,1.50
2014.02.21 17:14:13.599,0.92057,0.92066,1.13,1.13
2014.02.21 17:14:14.109,0.92057,0.92067,1.38,1.88
2014.02.21 17:14:23.895,0.92058,0.92069,1.13,1.28
2014.02.21 17:14:23.946,0.92058,0.9207,2.25,2.78
2014.02.21 17:14:24.253,0.92062,0.9207,1.38,1.13
2014.02.21 17:14:24.894,0.92064,0.92073,1.00,1.85
2014.02.21 17:14:26.283,0.92064,0.92075,1.00,2.93
2014.02.21 17:14:26.795,0.92065,0.92075,1.00,2.93
2014.02.21 17:14:26.916,0.92065,0.92075,1.00,1.80
2014.02.21 17:14:32.348,0.92067,0.92075,1.00,1.35
2014.02.21 17:14:33.167,0.92067,0.92075,1.00,1.68
2014.02.21 17:14:33.474,0.92055,0.92061,1.60,1.20
2014.02.21 17:14:33.683,0.92052,0.92057,1.00,2.93
2014.02.21 17:14:33.736,0.92052,0.92057,1.00,2.63
2014.02.21 17:14:33.787,0.92053,0.92059,1.00,1.43
2014.02.21 17:14:33.889,0.92047,0.92059,3.45,1.73
2014.02.21 17:14:33.992,0.9205,0.92058,1.00,1.13
2014.02.21 17:14:34.094,0.9205,0.92061,2.25,1.08
2014.02.21 17:14:34.195,0.9205,0.92062,3.08,1.35
2014.02.21 17:14:34.246,0.92052,0.92064,1.00,2.55
2014.02.21 17:14:34.577,0.92054,0.92063,1.00,1.35
2014.02.21 17:14:34.833,0.92054,0.92063,1.00,1.35
2014.02.21 17:14:35.433,0.92054,0.92063,1.00,1.43
2014.02.21 17:14:40.269,0.92054,0.92062,1.00,1.35
2014.02.21 17:14:42.598,0.92054,0.92062,1.00,1.43
2014.02.21 17:14:42.801,0.92051,0.9206,1.00,1.13
2014.02.21 17:14:42.903,0.92049,0.9206,1.50,2.40
2014.02.21 17:14:43.548,0.92049,0.92057,1.00,1.00
2014.02.21 17:14:45.397,0.92048,0.92057,1.00,1.00
2014.02.21 17:14:45.846,0.92047,0.92055,1.00,2.85
2014.02.21 17:14:46.161,0.92045,0.92053,1.00,1.50
2014.02.21 17:14:46.466,0.92044,0.92053,1.00,2.25
2014.02.21 17:14:48.395,0.92038,0.92051,1.58,1.35
2014.02.21 17:14:48.599,0.92042,0.92048,1.00,1.38
2014.02.21 17:14:50.499,0.92042,0.9205,1.00,1.75
2014.02.21 17:14:52.888,0.92042,0.9205,1.00,1.75
2014.02.21 17:14:53.428,0.9204,0.92047,1.38,1.00
2014.02.21 17:14:54.423,0.92042,0.92049,1.00,1.38
2014.02.21 17:14:55.405,0.92042,0.9205,1.00,1.13
2014.02.21 17:14:56.437,0.92042,0.9205,1.00,1.38
2014.02.21 17:14:56.488,0.92042,0.92047,1.00,1.00
2014.02.21 17:14:57.170,0.92041,0.92047,1.00,1.00
2014.02.21 17:14:58.928,0.92043,0.92047,1.00,1.00
2014.02.21 17:15:01.242,0.92044,0.92049,1.00,1.50
2014.02.21 17:15:01.709,0.92043,0.9205,1.00,1.58
2014.02.21 17:15:02.240,0.92044,0.92051,1.00,1.75
2014.02.21 17:15:02.508,0.92044,0.92051,1.38,1.00
2014.02.21 17:15:02.609,0.92044,0.92053,1.38,1.20
2014.02.21 17:15:02.711,0.92044,0.92056,1.38,1.58
2014.02.21 17:15:02.812,0.92047,0.92056,1.13,1.13
2014.02.21 17:15:02.915,0.92049,0.92056,1.00,1.13
2014.02.21 17:15:03.219,0.92051,0.92055,1.00,1.00
2014.02.21 17:15:03.523,0.92046,0.92056,1.13,1.38
2014.02.21 17:15:03.815,0.92046,0.92054,1.13,1.50
2014.02.21 17:15:04.266,0.92046,0.92054,1.38,1.38
2014.02.21 17:15:06.040,0.92048,0.92055,1.13,1.00
2014.02.21 17:15:06.555,0.92048,0.92052,1.00,1.00
2014.02.21 17:15:06.758,0.92046,0.92052,1.00,1.73
2014.02.21 17:15:07.393,0.92046,0.92052,1.00,1.30
2014.02.21 17:15:09.087,0.92046,0.92053,1.00,1.50
2014.02.21 17:15:09.189,0.92046,0.92055,3.00,1.50
2014.02.21 17:15:09.240,0.92046,0.92058,3.00,1.18
2014.02.21 17:15:09.291,0.92048,0.9206,1.95,1.00
2014.02.21 17:15:09.504,0.92055,0.92062,1.00,1.55
2014.02.21 17:15:10.310,0.92055,0.92062,1.38,1.55
2014.02.21 17:15:10.715,0.92055,0.92063,1.38,1.13
2014.02.21 17:15:10.824,0.92058,0.92063,1.00,1.13
2014.02.21 17:15:11.728,0.92056,0.92063,1.00,1.20
2014.02.21 17:15:12.251,0.92055,0.92063,1.00,1.20
2014.02.21 17:15:14.601,0.92053,0.92063,1.00,1.20
2014.02.21 17:15:15.417,0.92053,0.92063,1.00,1.48
2014.02.21 17:15:17.697,0.92053,0.92061,1.00,2.25
2014.02.21 17:15:18.096,0.92056,0.92061,1.00,2.25
2014.02.21 17:15:22.940,0.92056,0.92062,1.00,1.38
2014.02.21 17:15:23.143,0.92056,0.92063,1.13,1.00
2014.02.21 17:15:23.397,0.92058,0.92064,1.00,1.50
2014.02.21 17:15:24.492,0.92058,0.92067,1.00,2.25
2014.02.21 17:15:24.593,0.9206,0.92068,1.00,1.75
2014.02.21 17:15:25.100,0.92061,0.92065,1.00,1.00
2014.02.21 17:15:26.993,0.92054,0.92065,1.90,1.50
2014.02.21 17:15:27.224,0.92059,0.92065,1.00,1.13
2014.02.21 17:15:32.316,0.92057,0.92062,1.00,1.00
2014.02.21 17:15:34.963,0.92057,0.92063,1.00,1.13
2014.02.21 17:15:35.165,0.92053,0.92059,1.00,1.38
2014.02.21 17:15:35.216,0.92048,0.92058,1.38,1.38
2014.02.21 17:15:35.368,0.92051,0.92056,1.00,1.38
2014.02.21 17:15:35.419,0.92046,0.92055,1.38,1.38
2014.02.21 17:15:36.004,0.9205,0.92055,1.00,1.00
2014.02.21 17:15:41.517,0.92045,0.92052,1.38,1.38
2014.02.21 17:15:41.669,0.92045,0.92054,1.38,1.88
2014.02.21 17:15:41.771,0.92048,0.92055,1.00,1.38
2014.02.21 17:15:42.201,0.92045,0.92055,1.38,2.85
2014.02.21 17:15:42.505,0.9204,0.92049,1.38,2.10
2014.02.21 17:15:42.657,0.92041,0.92047,1.00,1.38
2014.02.21 17:15:46.398,0.92036,0.92046,1.38,1.38
2014.02.21 17:15:52.171,0.92041,0.92046,1.00,1.95
2014.02.21 17:15:56.842,0.92043,0.92052,1.00,1.00
2014.02.21 17:15:57.045,0.92046,0.92053,1.00,2.10
2014.02.21 17:15:57.171,0.92048,0.92053,1.00,1.68
2014.02.21 17:15:57.272,0.92046,0.92053,1.00,1.68
2014.02.21 17:15:57.374,0.92048,0.92053,1.00,1.68
2014.02.21 17:16:02.468,0.92041,0.92049,1.28,1.13
2014.02.21 17:16:02.672,0.92046,0.92053,1.00,2.85
2014.02.21 17:16:03.230,0.92047,0.92052,1.00,1.13
2014.02.21 17:16:17.688,0.9204,0.92053,1.95,1.73
2014.02.21 17:16:24.941,0.9204,0.92052,1.88,1.38
2014.02.21 17:16:25.389,0.92035,0.92046,1.90,1.58
2014.02.21 17:16:25.642,0.9204,0.92046,1.00,1.55
2014.02.21 17:16:25.744,0.92038,0.92046,1.00,1.93
2014.02.21 17:16:29.391,0.92033,0.92044,1.13,3.45
2014.02.21 17:16:29.898,0.92037,0.92042,1.00,2.25
2014.02.21 17:16:30.410,0.9203,0.92044,1.20,3.15
2014.02.21 17:16:30.659,0.92037,0.92044,1.00,1.58
2014.02.21 17:16:30.958,0.9204,0.92045,1.00,1.38
2014.02.21 17:16:31.636,0.92033,0.92045,1.55,1.38
2014.02.21 17:16:31.889,0.92038,0.92045,1.00,2.25
2014.02.21 17:16:32.446,0.92037,0.92045,1.00,1.93
2014.02.21 17:16:33.290,0.92037,0.92045,1.00,1.50
2014.02.21 17:16:33.392,0.92037,0.92045,1.00,1.50
2014.02.21 17:16:33.968,0.92038,0.92045,1.00,1.75
2014.02.21 17:16:37.392,0.92032,0.92041,1.13,1.00
2014.02.21 17:16:38.413,0.92038,0.92042,1.00,1.00
2014.02.21 17:16:38.515,0.92038,0.92045,1.00,1.00
2014.02.21 17:16:38.845,0.92041,0.92045,1.00,1.00
2014.02.21 17:16:39.693,0.92041,0.92046,1.00,1.50
2014.02.21 17:16:49.590,0.92041,0.92047,1.00,1.88
2014.02.21 17:16:49.792,0.92041,0.92052,1.00,1.73
2014.02.21 17:16:49.843,0.92043,0.92052,1.00,1.73
2014.02.21 17:16:50.153,0.92043,0.92051,1.00,2.48
2014.02.21 17:17:05.079,0.92043,0.92052,1.00,1.50
2014.02.21 17:17:05.180,0.92043,0.92053,1.00,1.13
2014.02.21 17:17:05.333,0.92045,0.92054,1.00,1.68
2014.02.21 17:17:05.845,0.92048,0.92054,1.00,1.30
2014.02.21 17:17:08.878,0.92048,0.92056,1.00,1.35
2014.02.21 17:17:09.209,0.9205,0.92057,1.00,3.23
2014.02.21 17:17:09.362,0.92054,0.92059,1.13,1.00
2014.02.21 17:17:09.464,0.92054,0.92063,1.13,1.38
2014.02.21 17:17:09.616,0.92055,0.92066,1.10,2.48
2014.02.21 17:17:09.819,0.92059,0.92066,1.00,1.73
2014.02.21 17:17:18.186,0.92059,0.92066,1.00,1.35
2014.02.21 17:17:18.900,0.92059,0.92066,1.00,1.35
2014.02.21 17:17:21.043,0.9206,0.92067,1.00,2.18
2014.02.21 17:17:22.712,0.9206,0.92066,1.00,1.68
2014.02.21 17:17:23.246,0.9206,0.92069,1.00,1.93
2014.02.21 17:17:26.560,0.9206,0.92066,1.00,2.10
2014.02.21 17:17:26.763,0.92058,0.92066,1.00,2.10
2014.02.21 17:17:28.487,0.92058,0.92063,1.00,1.00
2014.02.21 17:17:29.215,0.92057,0.92063,1.00,1.38
2014.02.21 17:17:41.663,0.92057,0.92063,1.00,2.25
2014.02.21 17:17:45.159,0.92057,0.92063,1.00,1.88
2014.02.21 17:17:46.367,0.92057,0.92063,1.00,1.50
2014.02.21 17:17:46.905,0.92058,0.92065,1.00,1.38
2014.02.21 17:17:47.550,0.92058,0.92066,1.00,1.13
2014.02.21 17:17:47.651,0.9206,0.92068,1.00,1.88
2014.02.21 17:17:47.752,0.9206,0.92069,1.00,2.48
2014.02.21 17:17:47.854,0.9206,0.92069,1.00,1.73
2014.02.21 17:17:51.568,0.9206,0.92069,1.00,1.55
2014.02.21 17:17:51.770,0.92061,0.92068,1.00,1.38
2014.02.21 17:17:53.956,0.92061,0.92068,1.00,1.00
2014.02.21 17:17:54.260,0.92061,0.92068,1.00,1.75
2014.02.21 17:17:59.145,0.92061,0.92068,1.00,1.88
2014.02.21 17:17:59.196,0.92063,0.92068,1.00,1.88
2014.02.21 17:17:59.298,0.92061,0.92068,1.58,1.00
2014.02.21 17:17:59.400,0.92063,0.9207,1.00,1.00
2014.02.21 17:17:59.703,0.92063,0.92069,1.00,1.55
2014.02.21 17:17:59.806,0.92063,0.92072,1.00,1.88
2014.02.21 17:18:00.060,0.92065,0.92072,1.00,1.80
2014.02.21 17:18:02.083,0.92065,0.92074,1.00,1.95
2014.02.21 17:18:02.286,0.92067,0.92074,1.00,1.88
2014.02.21 17:18:02.791,0.92068,0.92074,1.00,1.38
2014.02.21 17:18:04.432,0.92065,0.92074,1.00,1.38
2014.02.21 17:18:07.512,0.92067,0.92075,1.00,1.38
2014.02.21 17:18:12.682,0.92065,0.92075,1.00,1.38
2014.02.21 17:18:12.733,0.92065,0.92075,1.00,1.00
2014.02.21 17:18:13.037,0.92067,0.92079,1.13,1.20
2014.02.21 17:18:13.151,0.92069,0.9208,1.00,1.55
2014.02.21 17:18:13.505,0.9207,0.92081,1.13,1.50
2014.02.21 17:18:13.810,0.92072,0.92083,1.00,2.03
2014.02.21 17:18:15.592,0.92073,0.92083,1.00,1.55
2014.02.21 17:18:16.025,0.92075,0.92085,1.00,1.55
2014.02.21 17:18:17.101,0.92075,0.92085,1.13,1.18
2014.02.21 17:18:17.202,0.92076,0.92087,1.18,1.13
2014.02.21 17:18:17.456,0.9208,0.9209,1.00,1.95
2014.02.21 17:18:17.913,0.92083,0.9209,1.00,1.88
2014.02.21 17:18:18.116,0.92081,0.9209,1.00,1.88
2014.02.21 17:18:18.698,0.92081,0.92093,1.00,2.63
2014.02.21 17:18:18.749,0.92086,0.92093,1.00,1.88
2014.02.21 17:18:30.372,0.92084,0.92093,1.00,1.38
2014.02.21 17:18:30.474,0.92081,0.92092,1.00,1.45
2014.02.21 17:18:30.828,0.92081,0.9209,1.00,2.03
2014.02.21 17:18:31.392,0.9208,0.9209,1.00,2.03
2014.02.21 17:18:32.325,0.9208,0.9209,1.00,1.65
2014.02.21 17:18:32.625,0.9208,0.9209,1.00,2.03
2014.02.21 17:18:39.412,0.9208,0.92089,1.00,1.85
2014.02.21 17:18:39.615,0.92078,0.92088,1.00,1.65
2014.02.21 17:18:49.794,0.92079,0.92088,1.00,1.48
2014.02.21 17:18:50.342,0.9208,0.92088,1.00,1.45
2014.02.21 17:18:50.393,0.92078,0.92088,1.50,1.65
2014.02.21 17:18:50.743,0.92078,0.92088,1.50,2.40
2014.02.21 17:18:51.427,0.92078,0.92084,1.00,1.38
2014.02.21 17:18:51.731,0.92075,0.92084,1.00,1.38
2014.02.21 17:19:04.495,0.92079,0.92085,1.00,1.65
2014.02.21 17:19:04.599,0.92076,0.92085,1.00,2.40
2014.02.21 17:19:06.564,0.92076,0.92085,1.00,2.40
2014.02.21 17:19:06.780,0.9207,0.92078,1.65,1.00
2014.02.21 17:19:07.036,0.9207,0.92078,1.00,2.40
2014.02.21 17:19:07.552,0.92069,0.92077,1.00,1.58
2014.02.21 17:19:09.464,0.92067,0.92077,1.00,1.48
2014.02.21 17:19:12.658,0.92067,0.92075,1.00,1.48
2014.02.21 17:19:13.318,0.92066,0.92075,1.00,1.95
2014.02.21 17:19:20.785,0.92061,0.92075,1.18,3.08
2014.02.21 17:19:21.090,0.92063,0.92068,1.00,1.65
2014.02.21 17:19:21.484,0.9206,0.92068,1.00,1.50
2014.02.21 17:19:23.091,0.9206,0.92068,1.00,1.58
2014.02.21 17:19:23.294,0.92058,0.92068,1.00,1.65
2014.02.21 17:19:26.580,0.9206,0.92068,1.00,1.58
2014.02.21 17:19:27.122,0.92062,0.92068,1.00,1.58
2014.02.21 17:19:28.462,0.92062,0.9207,1.13,1.58
2014.02.21 17:19:28.513,0.92062,0.92071,1.13,3.15
2014.02.21 17:19:29.229,0.92064,0.92071,1.00,1.75
2014.02.21 17:19:29.432,0.92062,0.92071,1.00,1.90
2014.02.21 17:19:30.631,0.92062,0.9207,1.13,3.00
2014.02.21 17:19:30.682,0.92064,0.9207,1.00,3.08
2014.02.21 17:19:30.885,0.92061,0.92069,1.00,1.50
2014.02.21 17:19:31.490,0.92061,0.92069,1.00,1.58
2014.02.21 17:19:32.013,0.9206,0.92069,1.00,1.65
2014.02.21 17:19:37.068,0.9206,0.92069,1.00,1.50
2014.02.21 17:19:37.242,0.92062,0.92069,1.00,1.50
2014.02.21 17:19:38.528,0.92062,0.92069,1.00,1.50
2014.02.21 17:19:39.020,0.9206,0.92068,1.00,2.33
2014.02.21 17:19:39.742,0.9206,0.92066,1.00,1.00
2014.02.21 17:19:43.062,0.9206,0.92067,1.00,1.88
2014.02.21 17:19:46.233,0.9206,0.92068,1.88,2.33
2014.02.21 17:19:47.003,0.9206,0.92068,1.00,2.33
2014.02.21 17:19:48.533,0.9206,0.92068,1.38,2.33
2014.02.21 17:19:48.838,0.92062,0.9207,1.88,1.00
2014.02.21 17:19:49.041,0.92064,0.92073,1.00,1.95
2014.02.21 17:19:50.680,0.92064,0.92072,1.50,1.00
2014.02.21 17:19:51.035,0.92064,0.92071,1.00,1.55
2014.02.21 17:19:51.239,0.9206,0.9207,1.38,1.08
2014.02.21 17:19:51.290,0.9206,0.92071,1.38,1.28
2014.02.21 17:19:51.945,0.92062,0.92072,1.38,1.58
2014.02.21 17:19:52.653,0.92062,0.92072,1.38,1.95
2014.02.21 17:19:53.178,0.92062,0.9207,1.88,1.10
2014.02.21 17:19:53.813,0.92062,0.9207,1.00,1.10
2014.02.21 17:19:53.864,0.9206,0.9207,1.00,1.48
2014.02.21 17:19:54.169,0.9206,0.92068,1.38,1.18
2014.02.21 17:19:54.678,0.92059,0.92068,2.33,1.13
2014.02.21 17:19:55.185,0.9206,0.9207,1.50,2.03
2014.02.21 17:19:55.829,0.92063,0.9207,1.13,1.50
2014.02.21 17:19:55.982,0.92063,0.92073,1.13,1.48
2014.02.21 17:19:56.033,0.92063,0.92073,1.38,1.10
2014.02.21 17:19:56.532,0.92067,0.92076,1.38,1.48
2014.02.21 17:20:02.339,0.92066,0.92077,1.00,2.63
2014.02.21 17:20:02.643,0.92069,0.92077,1.00,1.65
2014.02.21 17:20:02.745,0.92069,0.92077,1.38,1.58
2014.02.21 17:20:02.846,0.92069,0.92075,1.13,1.00
2014.02.21 17:20:02.897,0.92067,0.92077,1.00,1.10
2014.02.21 17:20:02.998,0.92066,0.92077,1.50,3.83
2014.02.21 17:20:03.100,0.92066,0.92076,1.50,1.20
2014.02.21 17:20:07.567,0.92067,0.92076,1.00,1.95
2014.02.21 17:20:08.294,0.92064,0.92076,1.50,1.95
2014.02.21 17:20:08.656,0.92067,0.92076,1.00,2.33
2014.02.21 17:20:12.923,0.92071,0.92077,1.00,1.38
2014.02.21 17:20:17.993,0.92071,0.92077,1.00,1.13
2014.02.21 17:20:18.611,0.92072,0.92077,1.00,1.13
2014.02.21 17:20:26.865,0.92072,0.92078,1.00,1.00
2014.02.21 17:20:27.069,0.92073,0.92083,1.00,1.75
2014.02.21 17:20:27.222,0.92076,0.92082,1.00,1.50
2014.02.21 17:20:27.546,0.92078,0.92083,1.00,1.10
2014.02.21 17:20:27.648,0.92078,0.92085,1.00,1.15
2014.02.21 17:20:28.172,0.92078,0.92086,1.00,1.28
2014.02.21 17:20:33.051,0.92077,0.92087,1.00,3.08
2014.02.21 17:20:33.863,0.92079,0.92087,1.00,3.08
2014.02.21 17:20:37.002,0.92079,0.92088,1.00,5.33
2014.02.21 17:20:37.672,0.92079,0.92088,1.00,1.93
2014.02.21 17:20:41.442,0.92079,0.92088,1.00,3.08
2014.02.21 17:20:41.644,0.92077,0.92086,1.00,1.18
2014.02.21 17:20:42.524,0.92077,0.92086,1.00,1.10
2014.02.21 17:20:44.653,0.92077,0.92087,1.00,2.03
2014.02.21 17:20:45.817,0.92077,0.92087,1.00,2.03
2014.02.21 17:20:47.467,0.92083,0.92087,1.00,1.00
2014.02.21 17:20:47.569,0.92079,0.92089,1.50,1.00
2014.02.21 17:20:47.772,0.92081,0.92091,1.20,1.00
2014.02.21 17:20:48.285,0.92084,0.92094,1.00,1.38
2014.02.21 17:20:49.094,0.92084,0.92094,1.00,1.00
2014.02.21 17:20:49.605,0.92084,0.92095,1.00,1.00
2014.02.21 17:20:52.411,0.92084,0.92096,1.00,1.95
2014.02.21 17:20:52.924,0.92084,0.92095,1.00,1.00
2014.02.21 17:20:57.101,0.92084,0.92096,1.00,2.70
2014.02.21 17:21:02.807,0.92084,0.92093,1.00,2.25
2014.02.21 17:21:03.111,0.92076,0.92082,1.00,2.33
2014.02.21 17:21:03.162,0.92075,0.92082,1.00,2.70
2014.02.21 17:21:03.466,0.92075,0.92083,1.00,2.70
2014.02.21 17:21:03.720,0.92072,0.92084,1.13,3.08
2014.02.21 17:21:03.973,0.92074,0.92084,1.00,3.08
2014.02.21 17:21:04.024,0.92074,0.92084,1.00,2.70
2014.02.21 17:21:04.307,0.92076,0.92084,1.00,1.95
2014.02.21 17:21:18.843,0.92076,0.92086,1.00,1.58
2014.02.21 17:21:19.363,0.92076,0.92085,1.00,1.28
2014.02.21 17:21:30.539,0.92074,0.92083,1.00,2.33
2014.02.21 17:21:30.642,0.92072,0.92082,1.00,1.28
2014.02.21 17:21:30.744,0.9207,0.92079,1.00,1.50
2014.02.21 17:21:30.795,0.9207,0.92079,1.00,1.50
2014.02.21 17:21:31.226,0.92071,0.9208,1.00,1.45
2014.02.21 17:21:31.882,0.92071,0.92081,1.00,1.58
2014.02.21 17:21:32.469,0.92071,0.92081,1.00,1.58
2014.02.21 17:21:33.504,0.92071,0.92081,1.00,1.85
2014.02.21 17:21:33.760,0.92069,0.9208,1.00,2.40
2014.02.21 17:21:33.862,0.92069,0.9208,1.00,3.15
2014.02.21 17:21:34.183,0.92067,0.92078,1.00,1.55
2014.02.21 17:21:41.531,0.92068,0.92077,1.00,1.65
2014.02.21 17:21:41.885,0.92066,0.92077,1.00,1.65
2014.02.21 17:21:42.425,0.92066,0.92074,1.00,1.38
2014.02.21 17:21:42.932,0.92066,0.92075,1.00,1.00
2014.02.21 17:21:43.434,0.92067,0.92076,1.00,1.00
2014.02.21 17:21:46.728,0.92067,0.92077,1.00,2.33
2014.02.21 17:22:01.818,0.92067,0.92076,1.00,1.00
2014.02.21 17:22:02.652,0.92068,0.92076,1.00,1.00
2014.02.21 17:22:03.313,0.92067,0.92076,1.00,1.00
2014.02.21 17:22:03.415,0.92067,0.92075,1.00,2.33
2014.02.21 17:22:03.972,0.92064,0.92075,1.00,3.15
2014.02.21 17:22:04.507,0.92065,0.92075,1.00,2.25
2014.02.21 17:22:05.093,0.92066,0.92075,1.00,2.25
2014.02.21 17:22:05.640,0.92067,0.92077,1.00,2.33
2014.02.21 17:22:18.140,0.92066,0.92075,1.00,1.13
2014.02.21 17:22:18.729,0.92066,0.92075,1.00,1.38
2014.02.21 17:22:33.372,0.92066,0.92075,1.00,3.45
2014.02.21 17:22:33.675,0.9207,0.92079,2.10,1.38
2014.02.21 17:22:33.726,0.92076,0.92081,1.00,1.18
2014.02.21 17:22:33.828,0.92076,0.92082,1.00,1.10
2014.02.21 17:22:33.930,0.92073,0.92084,1.00,1.20
2014.02.21 17:22:33.981,0.92074,0.92085,1.00,1.55
2014.02.21 17:22:37.112,0.92077,0.92085,1.00,2.25
2014.02.21 17:22:37.417,0.92084,0.92091,1.00,1.58
2014.02.21 17:22:37.620,0.92084,0.92095,1.00,2.25
2014.02.21 17:22:38.127,0.92085,0.92095,1.00,1.75
2014.02.21 17:22:38.380,0.92083,0.92093,1.00,1.38
2014.02.21 17:22:39.449,0.92083,0.92093,1.00,2.85
2014.02.21 17:22:39.601,0.92081,0.92091,1.10,1.50
2014.02.21 17:22:39.652,0.92081,0.92091,1.10,1.75
2014.02.21 17:22:39.805,0.92079,0.92091,1.50,2.33
2014.02.21 17:22:40.353,0.92079,0.92091,1.50,2.33
2014.02.21 17:22:40.894,0.9208,0.92091,1.00,1.85
2014.02.21 17:22:45.170,0.92081,0.92091,1.00,1.85
2014.02.21 17:22:45.272,0.92081,0.92089,1.00,1.00
2014.02.21 17:22:45.575,0.92081,0.92092,1.00,1.00
2014.02.21 17:22:45.866,0.92086,0.92096,1.00,3.38
2014.02.21 17:22:45.917,0.92086,0.92097,1.50,1.48
2014.02.21 17:22:46.184,0.92088,0.92098,1.00,2.40
2014.02.21 17:22:46.690,0.92088,0.92099,1.50,1.58
2014.02.21 17:22:46.954,0.92086,0.92098,1.50,1.55
2014.02.21 17:22:53.499,0.92086,0.92098,2.25,1.65
2014.02.21 17:22:53.551,0.92091,0.92098,1.00,1.65
2014.02.21 17:22:53.652,0.92091,0.92098,1.00,1.58
2014.02.21 17:22:53.754,0.9209,0.92101,3.75,1.50
2014.02.21 17:22:53.805,0.92092,0.92101,1.18,1.00
2014.02.21 17:22:54.403,0.92094,0.92103,1.00,1.88
2014.02.21 17:22:56.647,0.92094,0.92103,1.00,1.13
2014.02.21 17:22:59.208,0.92094,0.92105,1.50,1.13
2014.02.21 17:22:59.360,0.92096,0.92105,2.25,1.38
2014.02.21 17:22:59.513,0.921,0.92109,1.10,1.50
2014.02.21 17:22:59.868,0.92102,0.92109,1.00,1.00
2014.02.21 17:22:59.969,0.921,0.92109,1.00,1.00
2014.02.21 17:23:00.021,0.921,0.92107,1.00,1.00
2014.02.21 17:23:00.561,0.92101,0.92107,1.00,1.13
2014.02.21 17:23:02.375,0.92099,0.92107,1.00,1.13
2014.02.21 17:23:02.527,0.92099,0.9211,1.10,1.88
2014.02.21 17:23:03.078,0.92099,0.9211,1.58,1.13
2014.02.21 17:23:04.448,0.92099,0.92109,1.58,1.13
2014.02.21 17:23:05.000,0.92099,0.92109,1.00,1.50
2014.02.21 17:23:07.265,0.92098,0.92109,1.50,1.50
2014.02.21 17:23:10.726,0.92098,0.9211,1.50,1.95
2014.02.21 17:23:10.828,0.92098,0.9211,3.30,1.10
2014.02.21 17:23:11.132,0.92103,0.92111,2.40,1.00
2014.02.21 17:23:11.437,0.92116,0.92122,1.38,3.00
2014.02.21 17:23:11.590,0.92119,0.92124,1.00,1.00
2014.02.21 17:23:11.641,0.92119,0.9213,1.38,2.33
2014.02.21 17:23:11.743,0.9212,0.92132,1.28,1.00
2014.02.21 17:23:11.948,0.9212,0.9213,1.00,1.00
2014.02.21 17:23:12.253,0.92118,0.92127,1.00,3.30
2014.02.21 17:23:12.304,0.92115,0.92127,1.00,3.30
2014.02.21 17:23:12.842,0.92113,0.92125,2.03,1.35
2014.02.21 17:23:13.459,0.92113,0.92124,1.65,1.00
2014.02.21 17:23:13.785,0.92117,0.92127,1.00,3.68
2014.02.21 17:23:14.526,0.92116,0.92127,1.00,3.00
2014.02.21 17:23:15.408,0.92115,0.92126,1.13,1.70
2014.02.21 17:23:16.117,0.92114,0.92126,1.38,1.10
2014.02.21 17:23:16.654,0.92114,0.92125,1.00,1.00
2014.02.21 17:23:17.340,0.92113,0.92126,1.95,1.05
2014.02.21 17:23:18.353,0.92113,0.92126,1.55,1.38
2014.02.21 17:23:18.708,0.92115,0.92126,1.00,1.80
2014.02.21 17:23:19.210,0.92114,0.92125,1.38,1.00
2014.02.21 17:23:19.859,0.92113,0.92125,1.48,1.00
2014.02.21 17:23:21.087,0.92113,0.92122,1.95,2.10
2014.02.21 17:23:21.290,0.92112,0.92124,1.08,1.73
2014.02.21 17:23:21.341,0.92111,0.92124,2.25,1.43
2014.02.21 17:23:21.442,0.9211,0.92123,2.70,1.00
2014.02.21 17:23:21.747,0.92112,0.92122,1.00,2.18
2014.02.21 17:23:21.954,0.9211,0.92124,3.53,1.95
2014.02.21 17:23:22.592,0.92112,0.92125,1.58,2.48
2014.02.21 17:23:23.131,0.92113,0.92125,1.00,1.20
2014.02.21 17:23:23.435,0.9211,0.9212,1.75,5.63
2014.02.21 17:23:23.486,0.92108,0.92119,1.50,3.83
2014.02.21 17:23:23.537,0.92106,0.92117,1.00,1.18
2014.02.21 17:23:23.588,0.92106,0.92116,1.00,2.18
2014.02.21 17:23:23.892,0.92105,0.92115,1.13,2.33
2014.02.21 17:23:25.161,0.92105,0.92111,1.00,1.00
2014.02.21 17:23:25.516,0.92102,0.92111,1.13,1.00
2014.02.21 17:23:26.681,0.92102,0.9211,1.13,1.00
2014.02.21 17:23:28.667,0.92102,0.92111,1.50,1.00
2014.02.21 17:23:29.410,0.92102,0.9211,1.50,1.00
2014.02.21 17:23:30.300,0.92102,0.92111,1.50,1.00
2014.02.21 17:23:30.819,0.921,0.9211,1.50,1.38
2014.02.21 17:23:31.023,0.92098,0.92107,1.20,1.00
2014.02.21 17:23:31.569,0.92097,0.92107,1.88,1.00
2014.02.21 17:23:32.293,0.92097,0.92104,1.88,1.00
2014.02.21 17:23:33.087,0.92095,0.92104,1.00,1.00
2014.02.21 17:23:33.188,0.92093,0.92101,1.95,1.00
2014.02.21 17:23:33.441,0.92092,0.92101,1.13,1.00
2014.02.21 17:23:33.593,0.92092,0.92099,1.13,1.00
2014.02.21 17:23:34.139,0.92091,0.921,1.00,1.00
2014.02.21 17:23:34.834,0.92091,0.921,1.38,1.00
2014.02.21 17:23:34.935,0.92091,0.92102,1.55,1.00
2014.02.21 17:23:36.222,0.92094,0.92102,1.00,1.00
2014.02.21 17:23:37.441,0.92094,0.92102,1.20,1.00
2014.02.21 17:23:37.593,0.92095,0.92104,1.10,1.00
2014.02.21 17:23:37.805,0.92095,0.92106,1.10,1.13
2014.02.21 17:23:40.942,0.92095,0.92103,1.00,1.00
2014.02.21 17:23:41.481,0.92093,0.92103,1.38,1.00
2014.02.21 17:23:42.045,0.92093,0.92102,1.38,1.00
2014.02.21 17:23:51.298,0.92092,0.92102,1.13,1.00
2014.02.21 17:24:06.301,0.92091,0.92102,1.50,1.00
2014.02.21 17:24:15.064,0.9209,0.921,1.50,1.00
2014.02.21 17:24:31.310,0.92089,0.921,1.50,1.18
2014.02.21 17:24:31.564,0.92087,0.92098,1.38,1.18
2014.02.21 17:24:32.111,0.92087,0.92098,1.48,1.00
2014.02.21 17:24:32.726,0.92087,0.92099,1.48,1.00
2014.02.21 17:24:33.029,0.92087,0.92099,1.00,1.58
2014.02.21 17:24:33.333,0.92085,0.92094,1.13,1.00
2014.02.21 17:24:33.487,0.92083,0.92094,1.95,1.50
2014.02.21 17:24:40.102,0.92083,0.92094,1.00,1.65
2014.02.21 17:24:41.297,0.92083,0.92094,1.00,2.40
2014.02.21 17:24:41.601,0.92075,0.92083,1.38,2.48
2014.02.21 17:24:41.703,0.92073,0.92079,1.13,1.38
2014.02.21 17:24:42.108,0.92072,0.92078,1.00,2.08
2014.02.21 17:24:42.211,0.92072,0.92077,1.00,1.80
2014.02.21 17:24:42.413,0.92069,0.92074,1.00,1.13
2014.02.21 17:24:42.464,0.92069,0.92074,1.00,1.13
2014.02.21 17:24:42.615,0.92064,0.92074,1.00,1.28
2014.02.21 17:24:42.666,0.92064,0.92071,1.00,1.00
2014.02.21 17:24:42.717,0.92061,0.92071,1.13,1.00
2014.02.21 17:24:42.768,0.92061,0.92069,1.13,1.00
2014.02.21 17:24:43.200,0.92053,0.92063,1.20,1.20
2014.02.21 17:24:43.258,0.9205,0.92062,1.00,1.38
2014.02.21 17:24:43.666,0.9205,0.92059,1.00,1.00
2014.02.21 17:24:45.120,0.92051,0.92059,1.00,1.00
2014.02.21 17:24:45.424,0.92057,0.92063,1.13,1.00
2014.02.21 17:24:45.526,0.92057,0.92065,1.13,1.13
2014.02.21 17:24:45.627,0.92059,0.92067,1.13,1.00
2014.02.21 17:24:46.169,0.92059,0.92068,1.28,1.00
2014.02.21 17:24:46.711,0.92059,0.92068,1.55,1.00
2014.02.21 17:24:49.205,0.92062,0.92068,1.00,1.00
2014.02.21 17:24:50.546,0.92062,0.92068,1.00,1.48
2014.02.21 17:24:50.649,0.92058,0.92068,1.00,2.03
2014.02.21 17:24:50.802,0.92058,0.92064,1.00,1.00
2014.02.21 17:24:51.005,0.92062,0.9207,1.00,1.00
2014.02.21 17:24:51.879,0.92062,0.92071,1.00,1.10
2014.02.21 17:24:54.369,0.92063,0.92071,1.00,1.10
2014.02.21 17:25:00.186,0.92063,0.92071,1.88,1.10
2014.02.21 17:25:00.338,0.92067,0.92071,1.00,1.00
2014.02.21 17:25:00.490,0.92067,0.92074,1.00,1.00
2014.02.21 17:25:01.049,0.92067,0.92073,1.00,1.00
2014.02.21 17:25:01.457,0.92063,0.9207,1.38,1.00
2014.02.21 17:25:03.620,0.92067,0.92072,1.00,1.00
2014.02.21 17:25:03.873,0.92067,0.92074,1.13,1.00
2014.02.21 17:25:03.975,0.9207,0.92074,1.00,1.00
2014.02.21 17:25:05.531,0.92068,0.92074,1.00,1.00
2014.02.21 17:25:06.533,0.92066,0.92075,1.88,1.00
2014.02.21 17:25:06.685,0.92066,0.92074,2.70,1.00
2014.02.21 17:25:06.837,0.92069,0.92076,1.00,1.00
2014.02.21 17:25:06.939,0.92072,0.92077,1.00,1.00
2014.02.21 17:25:07.041,0.9207,0.92077,1.00,1.00
2014.02.21 17:25:07.148,0.92068,0.92077,1.95,1.00
2014.02.21 17:25:09.255,0.92068,0.92075,1.20,1.00
2014.02.21 17:25:09.663,0.9207,0.92075,1.00,1.00
2014.02.21 17:25:09.967,0.92074,0.92079,1.00,1.38
2014.02.21 17:25:10.019,0.92071,0.92077,1.18,1.00
2014.02.21 17:25:10.750,0.92071,0.92077,1.00,1.00
2014.02.21 17:25:11.346,0.92067,0.92075,2.03,1.00
2014.02.21 17:25:12.465,0.92067,0.92075,2.63,1.00
2014.02.21 17:25:12.567,0.92067,0.92073,2.63,1.00
2014.02.21 17:25:12.669,0.92067,0.92076,2.63,1.00
2014.02.21 17:25:12.770,0.92067,0.92076,2.78,1.00
2014.02.21 17:25:13.025,0.92067,0.92076,1.95,1.00
2014.02.21 17:25:13.126,0.92067,0.92074,1.95,1.00
2014.02.21 17:25:13.430,0.92066,0.92074,1.55,1.38
2014.02.21 17:25:13.633,0.92065,0.92071,1.20,1.13
2014.02.21 17:25:23.800,0.92066,0.92071,1.13,1.00
2014.02.21 17:25:23.901,0.92068,0.92078,1.00,1.38
2014.02.21 17:25:24.484,0.92066,0.92078,2.25,1.38
2014.02.21 17:25:25.090,0.92068,0.92074,1.58,1.00
2014.02.21 17:25:25.192,0.92068,0.92076,1.58,1.00
2014.02.21 17:25:25.741,0.9207,0.92076,1.00,1.00
2014.02.21 17:25:26.307,0.9207,0.92074,1.00,1.00
2014.02.21 17:25:26.746,0.92065,0.92072,1.13,1.00
2014.02.21 17:25:30.792,0.92065,0.9207,1.00,1.00
2014.02.21 17:25:31.096,0.92063,0.92067,1.00,1.00
2014.02.21 17:25:31.502,0.92061,0.92067,1.00,1.73
2014.02.21 17:25:31.553,0.92061,0.92065,1.00,1.20
2014.02.21 17:25:31.705,0.92053,0.92061,2.03,1.35
2014.02.21 17:25:31.756,0.92053,0.92061,1.55,1.35
2014.02.21 17:25:31.908,0.92056,0.92061,1.00,1.00
2014.02.21 17:25:32.213,0.92056,0.92061,1.00,1.00
2014.02.21 17:25:32.264,0.92056,0.92061,1.00,1.00
2014.02.21 17:25:32.790,0.92055,0.92061,1.88,1.00
2014.02.21 17:25:33.410,0.92053,0.92061,1.20,1.00
2014.02.21 17:25:33.865,0.92053,0.92059,1.00,1.00
2014.02.21 17:25:37.619,0.92051,0.92059,1.00,1.00
2014.02.21 17:25:40.220,0.92051,0.92057,1.00,1.00
2014.02.21 17:25:42.328,0.92052,0.92057,1.00,1.00
2014.02.21 17:25:42.682,0.9205,0.92057,1.50,1.35
2014.02.21 17:25:43.190,0.9205,0.92056,1.00,1.00
2014.02.21 17:25:52.109,0.9205,0.92057,1.00,1.00
2014.02.21 17:25:56.182,0.9205,0.92055,1.00,1.00
2014.02.21 17:25:56.435,0.9205,0.92059,1.00,1.00
2014.02.21 17:25:58.104,0.9205,0.92059,1.38,1.00
2014.02.21 17:26:00.844,0.9205,0.92063,1.95,1.58
2014.02.21 17:26:01.098,0.9206,0.92065,1.00,1.00
2014.02.21 17:26:01.199,0.9206,0.92067,1.00,1.50
2014.02.21 17:26:01.402,0.92062,0.92067,1.00,1.00
2014.02.21 17:26:01.453,0.92062,0.92069,1.00,1.00
2014.02.21 17:26:04.397,0.92061,0.92069,1.00,1.00
2014.02.21 17:26:07.596,0.9206,0.92069,1.50,1.00
2014.02.21 17:26:13.732,0.9206,0.92066,1.00,1.50
2014.02.21 17:26:13.833,0.92057,0.92066,2.25,2.25
2014.02.21 17:26:13.985,0.92055,0.92064,1.00,1.00
2014.02.21 17:26:14.036,0.92053,0.92064,1.88,1.00
2014.02.21 17:26:14.572,0.92054,0.92064,1.00,1.13
2014.02.21 17:26:15.659,0.92054,0.92063,1.00,1.83
2014.02.21 17:26:15.812,0.92052,0.92063,1.00,1.88
2014.02.21 17:26:15.964,0.9205,0.92061,1.50,3.23
2014.02.21 17:26:16.471,0.92051,0.92062,2.33,1.75
2014.02.21 17:26:16.891,0.92052,0.92063,1.13,1.00
2014.02.21 17:26:23.205,0.92052,0.92063,1.13,1.60
2014.02.21 17:26:29.714,0.92053,0.92063,1.00,2.10
2014.02.21 17:26:30.990,0.92052,0.92063,1.13,2.10
2014.02.21 17:26:33.110,0.92054,0.92063,1.00,1.73
2014.02.21 17:26:33.718,0.92053,0.92063,1.00,1.73
2014.02.21 17:26:38.343,0.92054,0.92063,1.00,1.73
2014.02.21 17:26:38.897,0.92053,0.92063,1.00,1.73
2014.02.21 17:26:49.544,0.92053,0.92063,1.00,2.10
2014.02.21 17:26:51.359,0.92056,0.92063,1.13,1.60
2014.02.21 17:26:51.665,0.92058,0.92064,1.58,1.00
2014.02.21 17:26:51.716,0.92062,0.92068,1.00,1.75
2014.02.21 17:26:52.111,0.92062,0.9207,1.00,1.13
2014.02.21 17:26:53.431,0.92063,0.92072,1.00,1.50
2014.02.21 17:26:54.200,0.92063,0.92072,1.00,1.50
2014.02.21 17:26:56.689,0.92063,0.92072,1.00,2.10
2014.02.21 17:26:57.263,0.92062,0.92072,1.00,2.48
2014.02.21 17:27:02.747,0.9206,0.92072,1.18,2.10
2014.02.21 17:27:04.950,0.92062,0.92071,1.00,1.38
2014.02.21 17:27:05.971,0.9206,0.92071,1.18,1.38
2014.02.21 17:27:06.932,0.92062,0.92071,1.00,1.38
2014.02.21 17:27:11.817,0.9206,0.9207,1.18,2.85
2014.02.21 17:27:12.020,0.92057,0.92067,1.10,1.38
2014.02.21 17:27:12.547,0.92057,0.92067,1.00,2.63
2014.02.21 17:27:12.649,0.9206,0.92067,1.00,2.63
2014.02.21 17:27:13.985,0.9206,0.92067,1.00,2.25
2014.02.21 17:27:15.627,0.92057,0.92066,1.00,1.00
2014.02.21 17:27:15.678,0.92057,0.92065,1.00,1.50
2014.02.21 17:27:20.905,0.92054,0.92065,1.10,2.63
2014.02.21 17:27:23.649,0.92057,0.92065,1.00,2.25
2014.02.21 17:27:25.265,0.92057,0.92065,1.00,1.50
2014.02.21 17:27:28.714,0.92062,0.92067,1.00,2.25
2014.02.21 17:27:29.071,0.92063,0.92069,1.00,1.00
2014.02.21 17:27:29.169,0.92063,0.92071,1.00,1.13
2014.02.21 17:27:30.356,0.92059,0.92071,2.33,1.13
2014.02.21 17:27:32.963,0.92063,0.92071,1.00,1.13
2014.02.21 17:27:34.598,0.92063,0.92071,1.00,1.58
2014.02.21 17:27:35.108,0.92062,0.9207,1.00,1.13
2014.02.21 17:27:42.077,0.92062,0.92072,1.00,1.58
2014.02.21 17:27:42.712,0.92063,0.92072,1.00,1.13
2014.02.21 17:27:46.356,0.92063,0.92071,1.00,1.00
2014.02.21 17:27:46.407,0.92061,0.92071,1.00,1.00
2014.02.21 17:27:46.957,0.92062,0.92071,1.00,1.13
2014.02.21 17:27:53.458,0.92063,0.92072,1.00,1.95
2014.02.21 17:27:54.016,0.92063,0.92072,1.00,1.00
2014.02.21 17:27:58.698,0.92062,0.92072,1.00,1.00
2014.02.21 17:28:02.106,0.9206,0.92072,1.18,1.00
2014.02.21 17:28:07.829,0.9206,0.92072,1.20,1.13
2014.02.21 17:28:10.358,0.92062,0.92072,1.00,1.50
2014.02.21 17:28:16.237,0.92062,0.92072,1.00,1.88
2014.02.21 17:28:19.386,0.92062,0.92072,1.00,1.88
2014.02.21 17:28:20.330,0.92063,0.92072,1.00,1.88
2014.02.21 17:28:21.742,0.92063,0.9207,1.00,1.48
2014.02.21 17:28:22.096,0.92062,0.92066,1.00,1.00
2014.02.21 17:28:24.720,0.92062,0.92068,1.00,1.00
2014.02.21 17:28:26.974,0.92061,0.92068,1.00,1.00
2014.02.21 17:28:27.512,0.92062,0.92068,1.00,1.00
2014.02.21 17:28:29.566,0.92059,0.92068,1.00,1.00
2014.02.21 17:28:31.434,0.92058,0.92068,1.50,1.50
2014.02.21 17:28:31.638,0.92056,0.92068,3.53,1.88
2014.02.21 17:28:31.741,0.92056,0.92063,2.33,1.00
2014.02.21 17:28:32.228,0.92054,0.92063,1.58,1.00
2014.02.21 17:28:34.757,0.92053,0.92063,1.58,1.13
2014.02.21 17:28:35.315,0.92054,0.92063,1.00,1.13
2014.02.21 17:28:37.316,0.92054,0.92063,1.00,1.80
2014.02.21 17:28:37.367,0.92051,0.9206,1.50,1.88
2014.02.21 17:28:37.418,0.92051,0.9206,1.50,1.88
2014.02.21 17:28:37.571,0.92049,0.92056,1.00,1.18
2014.02.21 17:28:37.809,0.92044,0.92054,1.13,1.95
2014.02.21 17:28:38.346,0.92043,0.92051,1.00,1.13
2014.02.21 17:28:38.670,0.92043,0.92049,1.00,1.00
2014.02.21 17:28:38.771,0.92044,0.92051,1.00,1.00
2014.02.21 17:28:39.378,0.92044,0.92051,1.38,1.00
2014.02.21 17:28:39.530,0.92044,0.92051,2.70,1.00
2014.02.21 17:28:39.784,0.92053,0.92058,1.00,1.00
2014.02.21 17:28:39.886,0.92053,0.92061,1.50,1.00
2014.02.21 17:28:39.937,0.92053,0.92061,1.65,1.00
2014.02.21 17:28:39.988,0.92053,0.92064,2.40,1.13
2014.02.21 17:28:41.934,0.92055,0.92065,1.10,1.00
2014.02.21 17:28:50.557,0.92054,0.92064,1.50,1.00
2014.02.21 17:28:53.935,0.92054,0.92065,2.25,1.00
2014.02.21 17:28:54.503,0.92054,0.92065,2.40,1.00
2014.02.21 17:28:58.978,0.92054,0.92066,2.25,1.38
2014.02.21 17:29:05.638,0.92054,0.92066,1.00,1.13
2014.02.21 17:29:06.163,0.92054,0.92066,1.00,1.20
2014.02.21 17:29:06.467,0.92052,0.92057,1.00,1.00
2014.02.21 17:29:06.518,0.92048,0.92057,1.00,1.50
2014.02.21 17:29:06.793,0.92046,0.92057,1.50,1.20
2014.02.21 17:29:07.451,0.92046,0.92058,1.50,3.00
2014.02.21 17:29:08.193,0.92046,0.92057,1.00,2.70
2014.02.21 17:29:08.541,0.92046,0.92054,1.00,1.00
2014.02.21 17:29:09.005,0.92046,0.92053,1.00,1.18
2014.02.21 17:29:09.230,0.92043,0.92053,1.38,1.18
2014.02.21 17:29:14.095,0.92042,0.92053,2.25,1.65
2014.02.21 17:29:17.960,0.92042,0.92053,2.33,1.50
2014.02.21 17:29:18.463,0.92044,0.92053,1.00,1.00
2014.02.21 17:29:20.697,0.92044,0.92053,1.38,1.00
2014.02.21 17:29:26.415,0.92044,0.92053,1.13,1.00
2014.02.21 17:29:26.466,0.92044,0.92051,1.13,1.00
2014.02.21 17:29:30.356,0.92044,0.9205,1.13,1.00
2014.02.21 17:29:31.847,0.92044,0.92051,1.13,1.50
2014.02.21 17:29:38.450,0.92044,0.9205,1.13,1.00
2014.02.21 17:29:38.952,0.92044,0.92051,1.13,1.50
2014.02.21 17:29:43.838,0.92044,0.92052,1.20,1.50
2014.02.21 17:29:46.695,0.92044,0.92051,1.20,1.00
2014.02.21 17:29:52.864,0.92044,0.9205,1.58,1.00
2014.02.21 17:29:53.734,0.92044,0.92051,1.58,1.00
2014.02.21 17:29:54.039,0.92048,0.92056,1.00,1.00
2014.02.21 17:29:54.141,0.92047,0.92056,1.93,1.00
2014.02.21 17:29:54.243,0.9205,0.92058,1.58,1.50
2014.02.21 17:29:54.295,0.92051,0.92058,1.48,1.00
2014.02.21 17:29:55.017,0.92052,0.92059,1.38,1.00
2014.02.21 17:29:55.571,0.92052,0.92061,1.38,1.00
2014.02.21 17:29:56.166,0.92052,0.9206,1.38,1.00
2014.02.21 17:29:56.595,0.92052,0.9206,1.00,1.00
2014.02.21 17:29:56.697,0.92052,0.92058,1.00,1.00
2014.02.21 17:29:56.798,0.9205,0.92058,1.50,1.00
2014.02.21 17:29:57.930,0.9205,0.92058,1.50,1.00
2014.02.21 17:29:58.604,0.9205,0.92059,1.50,1.00
2014.02.21 17:30:00.298,0.9205,0.92057,1.50,1.00
2014.02.21 17:30:00.652,0.9205,0.92055,1.13,1.00
2014.02.21 17:30:01.436,0.9205,0.92058,2.33,1.00
2014.02.21 17:30:02.059,0.9205,0.92057,3.15,1.00
2014.02.21 17:30:05.149,0.92052,0.92058,1.00,1.00
2014.02.21 17:30:05.199,0.92049,0.92054,1.20,1.50
2014.02.21 17:30:05.352,0.92046,0.92052,1.10,1.00
2014.02.21 17:30:05.453,0.92046,0.9205,1.13,1.00
2014.02.21 17:30:05.504,0.92043,0.92048,1.28,1.00
2014.02.21 17:30:05.606,0.92043,0.9205,1.28,1.00
2014.02.21 17:30:06.023,0.92042,0.92053,1.38,1.00
2014.02.21 17:30:06.075,0.92044,0.92053,1.88,1.00
2014.02.21 17:30:06.581,0.92045,0.92054,1.95,1.00
2014.02.21 17:30:07.165,0.92046,0.92054,1.00,1.00
2014.02.21 17:30:07.216,0.92046,0.92056,1.00,1.50
2014.02.21 17:30:07.268,0.92047,0.92056,1.88,1.00
2014.02.21 17:30:07.421,0.92048,0.92058,1.48,1.88
2014.02.21 17:30:07.472,0.92048,0.92058,1.95,1.13
2014.02.21 17:30:10.755,0.92048,0.9206,1.95,2.25
2014.02.21 17:30:15.776,0.92048,0.9206,1.95,1.88
2014.02.21 17:30:16.311,0.92049,0.9206,1.00,1.50
2014.02.21 17:30:18.302,0.92049,0.9206,1.00,1.88
2014.02.21 17:30:18.877,0.92049,0.9206,1.00,1.50
2014.02.21 17:30:20.387,0.92049,0.92058,1.00,1.00
2014.02.21 17:30:20.691,0.92048,0.92056,1.00,1.00
2014.02.21 17:30:21.929,0.92048,0.92055,1.00,1.00
2014.02.21 17:30:21.980,0.92046,0.92055,1.50,1.00
2014.02.21 17:30:22.526,0.92044,0.92055,1.38,1.50
2014.02.21 17:30:24.508,0.92045,0.92056,1.58,1.00
2014.02.21 17:30:25.124,0.92046,0.92057,1.00,1.95
2014.02.21 17:30:25.175,0.92046,0.92057,1.58,1.58
2014.02.21 17:30:25.378,0.92049,0.92059,1.00,1.00
2014.02.21 17:30:25.429,0.92051,0.92059,1.75,1.00
2014.02.21 17:30:25.632,0.92051,0.92062,2.25,1.00
2014.02.21 17:30:25.734,0.92051,0.92062,1.88,1.00
2014.02.21 17:30:26.877,0.92051,0.92061,1.88,1.00
2014.02.21 17:30:27.860,0.92051,0.92061,1.88,1.00
2014.02.21 17:30:27.911,0.92053,0.92064,1.00,1.95
2014.02.21 17:30:28.421,0.92053,0.92064,1.00,1.53
2014.02.21 17:30:28.474,0.92051,0.92063,1.50,1.00
2014.02.21 17:30:28.977,0.92052,0.92063,1.00,1.00
2014.02.21 17:30:30.243,0.92053,0.92065,1.00,2.33
2014.02.21 17:30:33.074,0.92053,0.92065,1.00,3.08
2014.02.21 17:30:33.288,0.92051,0.92063,1.88,1.10
2014.02.21 17:30:34.929,0.92051,0.92063,2.70,1.00
2014.02.21 17:30:35.157,0.92053,0.92065,1.00,3.38
2014.02.21 17:30:44.036,0.92053,0.92065,1.00,2.25
2014.02.21 17:30:47.888,0.92057,0.92065,1.13,1.88
2014.02.21 17:30:48.193,0.92058,0.9207,2.33,1.88
2014.02.21 17:30:48.773,0.9206,0.92071,1.48,1.00
2014.02.21 17:30:57.553,0.92059,0.9207,2.78,1.00
2014.02.21 17:30:57.707,0.92059,0.92071,1.58,3.75
2014.02.21 17:30:58.011,0.92057,0.92067,1.13,2.25
2014.02.21 17:30:58.191,0.92054,0.92066,1.20,2.25
2014.02.21 17:30:59.219,0.92054,0.92064,1.10,1.13
2014.02.21 17:31:00.818,0.92052,0.92064,1.50,2.33
2014.02.21 17:31:02.254,0.92052,0.92063,1.50,1.00
2014.02.21 17:31:04.313,0.92053,0.92063,1.00,1.00
2014.02.21 17:31:06.103,0.92053,0.92064,1.00,1.13
2014.02.21 17:31:15.118,0.92053,0.92064,1.00,2.25
2014.02.21 17:31:15.667,0.92053,0.92064,1.00,2.25
2014.02.21 17:31:18.375,0.92051,0.92063,1.00,1.00
2014.02.21 17:31:22.196,0.92051,0.92061,1.00,1.00
2014.02.21 17:31:22.833,0.9205,0.92062,1.88,2.33
2014.02.21 17:31:23.406,0.9205,0.9206,1.88,1.00
2014.02.21 17:31:29.250,0.92048,0.92059,1.13,1.00
2014.02.21 17:31:29.453,0.92049,0.92059,1.38,1.00
2014.02.21 17:31:29.757,0.92052,0.9206,1.85,1.00
2014.02.21 17:31:29.909,0.92053,0.92065,2.25,1.10
2014.02.21 17:31:35.230,0.9205,0.92059,1.38,1.00
2014.02.21 17:31:35.289,0.92048,0.92059,1.13,1.00
2014.02.21 17:31:35.391,0.92048,0.92058,1.00,1.58
2014.02.21 17:31:35.543,0.92046,0.92057,1.00,1.38
2014.02.21 17:31:35.837,0.92044,0.92056,1.58,1.50
2014.02.21 17:31:41.303,0.92044,0.92056,1.48,1.88
2014.02.21 17:31:41.456,0.92046,0.92056,1.58,1.13
2014.02.21 17:31:41.762,0.92049,0.9206,1.10,1.75
2014.02.21 17:31:42.071,0.92049,0.92061,1.10,1.00
2014.02.21 17:31:42.649,0.9205,0.92061,1.00,1.00
2014.02.21 17:31:51.194,0.9205,0.92061,1.00,1.38
2014.02.21 17:31:51.504,0.92047,0.92056,1.08,2.25
2014.02.21 17:31:51.562,0.92045,0.92056,1.50,3.45
2014.02.21 17:31:52.113,0.92044,0.92053,1.00,1.13
2014.02.21 17:31:52.757,0.92041,0.92053,2.70,1.50
2014.02.21 17:31:52.960,0.92041,0.92053,2.70,1.88
2014.02.21 17:31:53.214,0.92046,0.92057,1.10,2.25
2014.02.21 17:31:53.265,0.92046,0.92057,1.08,2.25
2014.02.21 17:31:53.417,0.92047,0.92057,1.65,1.00
2014.02.21 17:31:53.519,0.92048,0.92059,1.53,1.00
2014.02.21 17:31:53.829,0.9205,0.92061,1.10,1.88
2014.02.21 17:31:55.746,0.9205,0.9206,1.10,1.38
2014.02.21 17:31:56.051,0.92044,0.92054,1.95,1.10
2014.02.21 17:31:56.102,0.92044,0.92054,1.50,1.18
2014.02.21 17:31:56.153,0.92042,0.92054,1.88,1.18
2014.02.21 17:31:58.272,0.92042,0.92053,1.00,1.48
2014.02.21 17:31:59.244,0.92042,0.92053,1.00,1.95
2014.02.21 17:31:59.551,0.9203,0.92037,1.68,1.38
2014.02.21 17:31:59.703,0.92029,0.92037,1.00,1.75
2014.02.21 17:31:59.805,0.92025,0.92037,1.10,3.00
2014.02.21 17:31:59.907,0.92025,0.92037,1.10,3.00
2014.02.21 17:32:00.447,0.92025,0.92037,1.58,3.00
2014.02.21 17:32:00.751,0.92029,0.92037,2.70,1.00
2014.02.21 17:32:00.802,0.9203,0.92039,1.15,1.00
2014.02.21 17:32:01.008,0.92031,0.92042,1.65,1.13
2014.02.21 17:32:01.211,0.92035,0.92044,1.00,1.13
2014.02.21 17:32:01.313,0.92033,0.92045,2.33,2.63
2014.02.21 17:32:01.414,0.92035,0.92044,1.00,1.13
2014.02.21 17:32:01.668,0.92037,0.92046,2.03,1.00
2014.02.21 17:32:01.961,0.92041,0.9205,1.00,1.88
2014.02.21 17:32:02.114,0.92041,0.92052,1.00,1.88
2014.02.21 17:32:02.876,0.92041,0.92052,1.00,1.13
2014.02.21 17:32:09.156,0.92041,0.92052,1.00,1.50
2014.02.21 17:32:14.330,0.92041,0.92051,1.00,1.38
2014.02.21 17:32:14.635,0.92038,0.92047,1.00,1.38
2014.02.21 17:32:14.686,0.92038,0.92047,1.00,1.13
2014.02.21 17:32:14.737,0.92036,0.92047,1.50,1.88
2014.02.21 17:32:15.213,0.92034,0.92043,1.10,1.38
2014.02.21 17:32:15.756,0.92033,0.92043,1.00,1.88
2014.02.21 17:32:25.327,0.92033,0.92043,1.00,2.63
2014.02.21 17:32:27.154,0.92034,0.92043,1.00,1.50
2014.02.21 17:32:27.306,0.92034,0.92044,1.73,1.88
2014.02.21 17:32:27.509,0.92037,0.92045,1.00,1.00
2014.02.21 17:32:27.610,0.92035,0.92047,2.03,1.13
2014.02.21 17:32:27.661,0.92035,0.92047,1.65,1.50
2014.02.21 17:32:27.965,0.92034,0.92044,1.00,1.00
2014.02.21 17:32:34.186,0.92033,0.92044,1.50,1.00
2014.02.21 17:32:34.288,0.92033,0.92042,1.50,2.33
2014.02.21 17:32:34.492,0.92031,0.92042,1.38,1.13
2014.02.21 17:32:34.593,0.9203,0.92042,3.08,1.50
2014.02.21 17:32:34.823,0.92033,0.92042,1.00,1.00
2014.02.21 17:32:34.931,0.92031,0.92042,1.00,1.00
2014.02.21 17:32:36.557,0.92031,0.9204,1.00,1.00
2014.02.21 17:32:46.012,0.92031,0.92039,1.00,1.00
2014.02.21 17:32:54.733,0.92031,0.92041,1.00,1.50
2014.02.21 17:32:54.834,0.92031,0.92039,1.00,1.00
2014.02.21 17:32:56.360,0.92031,0.92043,1.00,3.08
2014.02.21 17:32:56.883,0.92031,0.92041,1.00,1.50
2014.02.21 17:33:04.869,0.92031,0.92041,1.00,1.75
2014.02.21 17:33:14.238,0.92031,0.92041,1.00,1.50
2014.02.21 17:33:27.022,0.92031,0.92041,1.00,1.13
2014.02.21 17:33:27.073,0.92033,0.92041,1.38,1.00
2014.02.21 17:33:27.379,0.92037,0.92045,1.15,1.00
2014.02.21 17:33:28.010,0.92036,0.92047,3.83,1.13
2014.02.21 17:33:30.322,0.92036,0.92047,1.65,1.13
2014.02.21 17:33:30.796,0.92036,0.92043,1.00,1.00
2014.02.21 17:33:30.851,0.92034,0.92043,1.00,1.00
2014.02.21 17:33:31.054,0.92032,0.92043,1.20,1.00
2014.02.21 17:33:31.871,0.92032,0.92043,1.10,1.50
2014.02.21 17:33:32.023,0.92032,0.92043,1.00,1.58
2014.02.21 17:33:32.573,0.9203,0.92042,3.15,1.00
2014.02.21 17:33:32.675,0.92035,0.92042,1.00,1.00
2014.02.21 17:33:32.726,0.92035,0.92046,1.50,1.50
2014.02.21 17:33:33.244,0.92036,0.92048,1.00,2.33
2014.02.21 17:33:33.612,0.92038,0.92049,1.00,1.38
2014.02.21 17:33:34.275,0.92037,0.92048,1.10,1.88
2014.02.21 17:33:39.188,0.92037,0.92048,1.00,1.48
2014.02.21 17:33:39.441,0.92034,0.92045,1.00,1.13
2014.02.21 17:33:39.645,0.92032,0.92044,2.63,1.73
2014.02.21 17:33:39.949,0.9203,0.92041,1.00,1.95
2014.02.21 17:33:40.001,0.92028,0.9204,1.50,1.50
2014.02.21 17:33:41.169,0.92028,0.92039,1.00,1.38
2014.02.21 17:33:41.321,0.92025,0.92037,3.45,1.38
2014.02.21 17:33:42.085,0.92024,0.92035,1.13,1.00
2014.02.21 17:33:43.228,0.92026,0.92035,1.00,1.00
2014.02.21 17:33:43.481,0.92028,0.92038,1.13,1.13
2014.02.21 17:33:43.987,0.92028,0.9204,1.13,1.65
2014.02.21 17:33:50.438,0.92028,0.92039,1.00,1.48
2014.02.21 17:33:50.677,0.92026,0.92037,1.13,1.48
2014.02.21 17:33:51.175,0.92024,0.92036,1.00,1.65
2014.02.21 17:33:52.880,0.92024,0.92034,1.13,1.00
2014.02.21 17:34:00.370,0.92024,0.92034,1.00,1.38
2014.02.21 17:34:00.703,0.92024,0.92033,1.00,1.38
2014.02.21 17:34:01.120,0.92022,0.92033,1.00,1.48
2014.02.21 17:34:01.794,0.92022,0.92026,1.00,1.00
2014.02.21 17:34:01.997,0.9202,0.92027,1.00,2.40
2014.02.21 17:34:02.099,0.92016,0.92027,1.00,2.40
2014.02.21 17:34:02.252,0.92016,0.92027,1.38,1.58
2014.02.21 17:34:02.782,0.92017,0.92028,1.10,1.00
2014.02.21 17:34:04.288,0.92017,0.92029,1.10,1.88
2014.02.21 17:34:04.797,0.92017,0.92028,1.50,1.00
2014.02.21 17:34:08.621,0.92017,0.92028,1.58,1.50
2014.02.21 17:34:08.976,0.92016,0.92028,2.25,1.00
2014.02.21 17:34:09.327,0.92018,0.92029,1.10,1.38
2014.02.21 17:34:09.580,0.92016,0.92028,1.00,3.00
2014.02.21 17:34:10.329,0.92016,0.92028,1.15,2.25
2014.02.21 17:34:10.481,0.92017,0.92028,1.18,1.00
2014.02.21 17:34:10.684,0.9202,0.92028,1.00,1.38
2014.02.21 17:34:10.786,0.92018,0.92027,1.00,1.00
2014.02.21 17:34:10.887,0.92016,0.92027,1.00,1.00
2014.02.21 17:34:12.011,0.92016,0.92027,1.38,1.13
2014.02.21 17:34:12.823,0.92016,0.92027,1.38,1.13
2014.02.21 17:34:12.924,0.92016,0.92028,2.33,2.33
2014.02.21 17:34:13.476,0.92019,0.9203,1.38,1.88
2014.02.21 17:34:13.780,0.92018,0.92029,1.00,1.50
2014.02.21 17:34:14.324,0.92019,0.9203,1.10,1.00
2014.02.21 17:34:14.375,0.92019,0.9203,1.15,1.00
2014.02.21 17:34:14.425,0.92022,0.92032,1.00,1.00
2014.02.21 17:34:14.628,0.92022,0.92032,1.38,1.00
2014.02.21 17:34:14.883,0.92022,0.92032,1.50,1.00
2014.02.21 17:34:15.616,0.92025,0.92032,1.00,1.00
2014.02.21 17:34:16.076,0.92023,0.92032,1.00,1.35
2014.02.21 17:34:16.533,0.92025,0.92033,1.00,1.73
2014.02.21 17:34:16.911,0.92025,0.92037,1.00,3.15
2014.02.21 17:34:17.063,0.92027,0.92037,1.00,1.50
2014.02.21 17:34:17.368,0.92027,0.92039,2.63,1.95
2014.02.21 17:34:17.521,0.92029,0.92041,2.25,1.20
2014.02.21 17:34:19.982,0.92031,0.92041,1.00,1.50
2014.02.21 17:34:20.286,0.92029,0.9204,1.00,1.93
2014.02.21 17:34:20.578,0.92027,0.92039,1.00,1.85
2014.02.21 17:34:21.496,0.92027,0.92039,1.13,1.95
2014.02.21 17:34:21.598,0.92029,0.92039,1.50,1.20
2014.02.21 17:34:21.902,0.92032,0.92041,1.00,1.38
2014.02.21 17:34:21.953,0.92032,0.92044,1.50,4.28
2014.02.21 17:34:22.105,0.92034,0.92044,1.00,1.28
2014.02.21 17:34:22.421,0.92034,0.92045,2.25,1.58
2014.02.21 17:34:22.522,0.92034,0.92046,2.25,1.28
2014.02.21 17:34:23.182,0.92037,0.92047,1.00,2.03
2014.02.21 17:34:31.348,0.92037,0.92047,1.00,1.38
2014.02.21 17:34:37.120,0.92035,0.92047,1.88,1.38
2014.02.21 17:34:37.895,0.92035,0.92047,1.88,1.00
2014.02.21 17:34:39.758,0.92035,0.92047,2.63,1.08
2014.02.21 17:34:39.808,0.92035,0.92041,2.63,1.00
2014.02.21 17:34:40.118,0.92023,0.92035,1.00,12.08
2014.02.21 17:34:40.423,0.92023,0.92032,1.50,5.63
2014.02.21 17:34:40.474,0.92023,0.92031,1.00,3.08
2014.02.21 17:34:40.677,0.92023,0.92032,1.50,2.70
2014.02.21 17:34:40.967,0.92023,0.92032,1.00,1.10
2014.02.21 17:34:41.474,0.92023,0.92033,1.00,2.78
2014.02.21 17:34:41.960,0.92021,0.92032,1.00,1.48
2014.02.21 17:34:42.011,0.92021,0.92032,1.00,3.38
2014.02.21 17:34:42.316,0.92023,0.92029,1.00,1.08
2014.02.21 17:34:42.570,0.92016,0.92025,1.00,4.50
2014.02.21 17:34:42.671,0.92014,0.92024,1.50,1.65
2014.02.21 17:34:42.925,0.92012,0.92024,1.50,2.40
2014.02.21 17:34:44.159,0.92013,0.92022,1.00,1.10
2014.02.21 17:34:45.226,0.92013,0.92024,1.88,1.13
2014.02.21 17:34:45.745,0.92013,0.92025,1.88,2.70
2014.02.21 17:34:46.249,0.92013,0.92025,1.38,2.70
2014.02.21 17:34:46.881,0.92014,0.92025,1.13,1.95
2014.02.21 17:34:47.384,0.92014,0.92025,1.38,1.95
2014.02.21 17:34:54.831,0.92014,0.92026,1.38,3.53
2014.02.21 17:34:57.020,0.92014,0.92026,1.38,2.78
2014.02.21 17:35:00.428,0.92014,0.92025,1.13,1.20
2014.02.21 17:35:00.870,0.92014,0.92021,1.38,1.00
2014.02.21 17:35:00.972,0.92008,0.92016,2.18,4.36
2014.02.21 17:35:01.023,0.92005,0.92015,1.38,3.68
2014.02.21 17:35:01.074,0.92005,0.92013,1.38,3.08
2014.02.21 17:35:01.176,0.92003,0.92012,1.00,3.00
2014.02.21 17:35:01.227,0.92008,0.92015,1.00,4.95
2014.02.21 17:35:01.380,0.92005,0.92015,1.00,4.58
2014.02.21 17:35:01.684,0.92006,0.92014,1.50,1.50
2014.02.21 17:35:02.207,0.92006,0.92018,1.50,4.58
2014.02.21 17:35:03.202,0.92006,0.92018,1.00,4.58
2014.02.21 17:35:06.620,0.92006,0.92017,1.00,1.28
2014.02.21 17:35:06.722,0.9201,0.92018,1.00,3.75
2014.02.21 17:35:06.773,0.9201,0.92018,1.00,1.00
2014.02.21 17:35:06.874,0.92012,0.92018,1.00,1.00
2014.02.21 17:35:07.077,0.92012,0.9202,1.88,1.50
2014.02.21 17:35:07.501,0.92013,0.92025,1.00,2.78
2014.02.21 17:35:07.603,0.92015,0.92025,1.00,2.03
2014.02.21 17:35:12.096,0.92015,0.92024,1.00,1.58
2014.02.21 17:35:12.147,0.92013,0.92024,1.00,1.58
2014.02.21 17:35:12.248,0.9201,0.92022,3.90,1.00
2014.02.21 17:35:13.170,0.92011,0.92022,1.48,1.00
2014.02.21 17:35:14.340,0.92011,0.92022,1.95,1.00
2014.02.21 17:35:14.442,0.92012,0.92024,1.28,1.00
2014.02.21 17:35:14.986,0.92013,0.92024,1.48,1.00
2014.02.21 17:35:44.953,0.92013,0.92024,1.55,2.25
2014.02.21 17:35:45.257,0.92009,0.92013,1.00,1.35
2014.02.21 17:35:45.409,0.92009,0.92017,1.00,1.65
2014.02.21 17:35:45.694,0.92005,0.92017,1.58,1.50
2014.02.21 17:35:46.380,0.92005,0.92016,1.00,1.00
2014.02.21 17:36:02.860,0.92004,0.92016,1.48,3.23
2014.02.21 17:36:03.182,0.92003,0.9201,1.00,1.18
2014.02.21 17:36:03.334,0.92,0.92012,1.00,3.15
2014.02.21 17:36:03.435,0.91998,0.9201,1.88,1.13
2014.02.21 17:36:03.998,0.91998,0.9201,1.88,1.28
2014.02.21 17:36:04.201,0.91998,0.92008,1.13,1.08
2014.02.21 17:36:12.433,0.91998,0.9201,1.13,1.20
2014.02.21 17:36:13.449,0.91998,0.9201,1.38,1.20
2014.02.21 17:36:14.033,0.92,0.92012,1.13,2.33
2014.02.21 17:36:16.730,0.92,0.92008,1.00,1.00
2014.02.21 17:36:17.034,0.91987,0.91996,1.00,1.00
2014.02.21 17:36:17.085,0.91992,0.91996,1.00,1.00
2014.02.21 17:36:17.136,0.91986,0.91996,1.50,1.80
2014.02.21 17:36:17.187,0.91987,0.91995,1.00,1.38
2014.02.21 17:36:17.390,0.91982,0.91994,1.92,1.10
2014.02.21 17:36:17.751,0.91984,0.91996,1.23,2.10
2014.02.21 17:36:18.005,0.91983,0.91994,3.15,1.00
2014.02.21 17:36:18.208,0.91987,0.91998,1.08,1.50
2014.02.21 17:36:18.970,0.91989,0.91999,1.00,1.38
2014.02.21 17:36:19.275,0.91989,0.92,1.58,1.00
2014.02.21 17:36:20.736,0.91991,0.92001,1.00,1.13
2014.02.21 17:36:21.041,0.91998,0.92006,1.00,3.00
2014.02.21 17:36:21.092,0.91998,0.92006,1.00,1.08
2014.02.21 17:36:21.295,0.91998,0.92009,1.00,1.58
2014.02.21 17:36:22.599,0.91998,0.92009,1.00,1.00
2014.02.21 17:36:23.910,0.91999,0.9201,1.10,1.50
2014.02.21 17:36:24.360,0.92,0.92012,1.38,1.00
2014.02.21 17:36:24.563,0.92003,0.92014,2.78,1.00
2014.02.21 17:36:24.664,0.92005,0.92017,1.00,1.80
2014.02.21 17:36:25.025,0.92007,0.92018,1.00,2.85
2014.02.21 17:36:25.561,0.92007,0.92018,1.18,2.10
2014.02.21 17:36:26.634,0.92007,0.92018,1.18,1.73
2014.02.21 17:36:27.141,0.92007,0.92018,1.18,1.13
2014.02.21 17:36:27.651,0.92007,0.9202,3.08,1.75
2014.02.21 17:36:28.180,0.92009,0.9202,1.00,1.75
2014.02.21 17:36:28.699,0.92008,0.9202,1.00,1.75
2014.02.21 17:36:31.630,0.92009,0.9202,1.00,1.75
2014.02.21 17:36:34.459,0.92008,0.9202,1.50,1.93
2014.02.21 17:36:48.121,0.92007,0.92019,1.00,2.33
2014.02.21 17:37:00.549,0.92007,0.92019,1.13,2.33
2014.02.21 17:37:01.475,0.92007,0.92018,1.13,1.00
2014.02.21 17:37:02.323,0.92007,0.92019,1.13,1.58
2014.02.21 17:37:15.319,0.92007,0.92018,1.13,1.00
2014.02.21 17:37:20.046,0.92007,0.92019,1.20,1.50
2014.02.21 17:37:21.148,0.92007,0.92018,1.20,1.00
2014.02.21 17:37:21.798,0.92007,0.92018,1.48,1.00
2014.02.21 17:37:29.387,0.92007,0.92018,1.00,1.10
2014.02.21 17:37:30.107,0.92007,0.92017,1.00,1.00
2014.02.21 17:37:35.092,0.92007,0.92017,1.38,1.00
2014.02.21 17:37:35.813,0.92007,0.92019,1.38,1.38
2014.02.21 17:37:38.292,0.92007,0.92019,1.13,1.50
2014.02.21 17:37:44.191,0.92009,0.92019,1.00,1.50
2014.02.21 17:37:44.736,0.92009,0.92019,1.00,1.00
2014.02.21 17:37:45.828,0.92008,0.92019,1.00,1.00
2014.02.21 17:37:46.413,0.92008,0.92019,1.00,1.08
2014.02.21 17:37:48.915,0.92007,0.92019,1.50,1.20
2014.02.21 17:37:55.671,0.92008,0.92019,2.25,1.10
2014.02.21 17:38:01.729,0.92008,0.92017,1.50,2.70
2014.02.21 17:38:01.882,0.92004,0.92015,1.88,1.65
2014.02.21 17:38:01.933,0.92004,0.92013,1.50,1.00
2014.02.21 17:38:02.136,0.92007,0.92012,1.00,1.00
2014.02.21 17:38:02.440,0.92007,0.92019,1.38,2.25
2014.02.21 17:38:07.017,0.92007,0.92018,1.38,1.20
2014.02.21 17:38:27.918,0.92008,0.92018,1.50,1.00
2014.02.21 17:39:09.578,0.92009,0.92019,1.00,2.25
2014.02.21 17:39:12.546,0.92008,0.92019,1.00,2.25
2014.02.21 17:39:31.465,0.92009,0.92019,1.00,2.25
2014.02.21 17:39:32.052,0.92008,0.92019,1.50,1.50
2014.02.21 17:39:32.715,0.92009,0.92019,1.00,1.50
2014.02.21 17:39:33.273,0.92008,0.92019,1.50,1.50
2014.02.21 17:39:33.924,0.92008,0.92017,1.10,1.38
2014.02.21 17:39:34.243,0.92003,0.92013,1.10,1.50
2014.02.21 17:39:35.018,0.92005,0.92013,1.00,1.88
2014.02.21 17:39:35.444,0.92005,0.92014,1.00,1.00
2014.02.21 17:39:44.492,0.92004,0.92016,1.95,2.25
2014.02.21 17:39:45.021,0.92005,0.92014,1.00,1.00
2014.02.21 17:39:47.649,0.92005,0.92016,1.00,2.40
2014.02.21 17:39:48.055,0.92002,0.92014,3.45,1.50
2014.02.21 17:39:48.157,0.92004,0.92016,1.00,2.33
2014.02.21 17:39:52.573,0.92005,0.92014,1.00,1.50
2014.02.21 17:39:53.038,0.92004,0.92014,1.58,1.50
2014.02.21 17:39:53.191,0.92002,0.92011,1.00,1.00
2014.02.21 17:39:53.403,0.92,0.92012,1.58,1.75
2014.02.21 17:39:53.709,0.91999,0.92011,1.08,2.25
2014.02.21 17:39:54.218,0.91999,0.9201,1.00,1.75
2014.02.21 17:39:55.043,0.91999,0.9201,1.00,1.75
2014.02.21 17:39:55.496,0.91997,0.92007,1.00,1.13
2014.02.21 17:39:55.698,0.91996,0.92005,1.20,1.50
2014.02.21 17:39:55.952,0.91996,0.92008,2.33,1.88
2014.02.21 17:39:56.054,0.91996,0.92008,4.58,1.88
2014.02.21 17:39:57.503,0.92,0.9201,1.00,1.75
2014.02.21 17:39:59.047,0.92,0.9201,1.00,1.50
2014.02.21 17:40:01.445,0.92,0.9201,1.00,1.50
2014.02.21 17:40:03.045,0.92,0.9201,1.00,1.50
2014.02.21 17:40:04.167,0.92,0.9201,1.00,1.50
2014.02.21 17:40:06.463,0.92,0.9201,1.00,1.13
2014.02.21 17:40:09.198,0.92,0.92011,1.00,3.23
2014.02.21 17:40:09.350,0.92003,0.92011,1.00,1.00
2014.02.21 17:40:09.503,0.92005,0.92015,1.10,3.38
2014.02.21 17:40:09.773,0.92008,0.92018,1.00,1.00
2014.02.21 17:40:10.145,0.9201,0.92018,1.00,1.00
2014.02.21 17:40:11.178,0.9201,0.92019,1.00,1.13
2014.02.21 17:40:12.555,0.9201,0.9202,1.00,1.95
2014.02.21 17:40:13.622,0.92011,0.9202,1.00,1.95
2014.02.21 17:40:14.144,0.92011,0.9202,1.00,1.50
2014.02.21 17:40:14.449,0.92011,0.92017,1.00,1.13
2014.02.21 17:40:15.084,0.92011,0.92017,1.00,3.00
2014.02.21 17:40:15.660,0.92011,0.92017,1.00,3.00
2014.02.21 17:40:16.506,0.92011,0.92017,1.00,3.00
2014.02.21 17:40:17.489,0.92004,0.92017,1.20,4.50
2014.02.21 17:40:17.794,0.92001,0.9201,1.60,2.48
2014.02.21 17:40:17.997,0.92005,0.92009,1.00,1.50
2014.02.21 17:40:18.540,0.91998,0.9201,2.48,1.73
2014.02.21 17:40:18.692,0.92005,0.92013,1.00,1.38
2014.02.21 17:40:18.844,0.92007,0.92014,1.00,2.63
2014.02.21 17:40:18.895,0.92007,0.92014,1.00,2.63
2014.02.21 17:40:19.470,0.92008,0.92014,1.00,1.50
2014.02.21 17:40:22.249,0.92008,0.92012,1.00,1.00
2014.02.21 17:40:24.268,0.92008,0.92015,1.00,3.38
2014.02.21 17:40:29.936,0.92008,0.92015,1.00,1.68
2014.02.21 17:40:30.088,0.9201,0.92015,1.00,1.30
2014.02.21 17:40:30.362,0.92013,0.92019,1.00,1.35
2014.02.21 17:40:31.146,0.92013,0.92019,1.00,2.48
2014.02.21 17:40:33.031,0.92014,0.92019,1.00,1.88
2014.02.21 17:40:37.524,0.92014,0.9202,1.00,2.10
2014.02.21 17:40:37.677,0.92011,0.9202,1.18,2.48
2014.02.21 17:40:38.773,0.92011,0.9202,1.08,2.48
2014.02.21 17:40:39.079,0.92006,0.92014,2.78,2.10
2014.02.21 17:40:39.537,0.92009,0.92014,1.00,2.10
2014.02.21 17:40:39.867,0.92006,0.92014,1.00,2.10
2014.02.21 17:40:40.199,0.92005,0.92014,1.55,2.10
2014.02.21 17:40:56.188,0.92005,0.92015,1.53,2.48
2014.02.21 17:40:56.492,0.92001,0.92011,2.55,1.30
2014.02.21 17:40:56.785,0.92008,0.92012,1.00,1.88
2014.02.21 17:40:57.277,0.92001,0.92011,1.53,1.35
2014.02.21 17:40:57.379,0.91999,0.92011,1.28,2.10
2014.02.21 17:40:57.531,0.91998,0.92008,1.53,2.48
2014.02.21 17:40:57.683,0.91997,0.92008,2.40,2.48
2014.02.21 17:41:12.796,0.92004,0.92009,1.00,1.35
2014.02.21 17:41:12.949,0.92004,0.92011,1.00,1.00
2014.02.21 17:41:13.000,0.92004,0.92013,1.00,2.10
2014.02.21 17:41:13.101,0.92006,0.92013,1.00,2.10
2014.02.21 17:41:13.537,0.9201,0.92015,1.00,1.50
2014.02.21 17:41:24.287,0.92012,0.92016,1.00,1.50
2014.02.21 17:41:24.941,0.92013,0.92019,1.00,3.00
2014.02.21 17:41:43.416,0.92005,0.92016,2.25,1.35
2014.02.21 17:42:12.547,0.92004,0.92012,1.38,2.10
2014.02.21 17:42:12.598,0.92004,0.92012,1.38,2.10
2014.02.21 17:42:12.649,0.92004,0.92009,1.00,2.10
2014.02.21 17:42:12.852,0.91998,0.92008,1.50,2.48
2014.02.21 17:42:12.954,0.92004,0.92008,1.00,3.23
2014.02.21 17:42:27.860,0.91998,0.92008,1.00,2.48
2014.02.21 17:42:32.742,0.92002,0.92008,1.00,2.48
2014.02.21 17:42:41.645,0.92002,0.92008,1.00,2.10
2014.02.21 17:42:43.109,0.92002,0.92009,1.00,2.48
2014.02.21 17:42:57.684,0.92002,0.9201,1.00,1.60
2014.02.21 17:42:57.736,0.92005,0.9201,1.00,1.60
2014.02.21 17:42:57.889,0.92006,0.92014,1.00,3.60
2014.02.21 17:42:58.410,0.92007,0.92014,1.00,2.85
2014.02.21 17:43:00.519,0.92007,0.92013,1.00,2.10
2014.02.21 17:43:00.822,0.92004,0.9201,1.00,2.10
2014.02.21 17:43:05.436,0.92004,0.92012,1.50,1.00
2014.02.21 17:43:05.487,0.92006,0.92013,1.00,1.73
2014.02.21 17:43:21.210,0.92007,0.92014,1.00,2.10
2014.02.21 17:43:34.049,0.92007,0.92013,1.00,1.68
2014.02.21 17:43:34.202,0.92002,0.92013,1.10,2.10
2014.02.21 17:43:34.623,0.92004,0.92013,1.00,2.48
2014.02.21 17:43:35.052,0.92006,0.92013,1.00,1.30
2014.02.21 17:43:38.161,0.92004,0.92013,1.13,1.30
2014.02.21 17:43:38.731,0.92005,0.92013,1.00,1.30
2014.02.21 17:44:16.786,0.92006,0.92013,1.00,2.10
2014.02.21 17:44:21.500,0.92009,0.92013,1.00,2.10
2014.02.21 17:44:21.898,0.92011,0.92016,1.00,1.50
2014.02.21 17:44:26.821,0.92011,0.92016,1.00,1.00
2014.02.21 17:44:26.973,0.92014,0.92018,1.00,1.00
2014.02.21 17:44:27.075,0.92016,0.92022,1.00,1.13
2014.02.21 17:44:27.328,0.92019,0.92024,1.00,1.60
2014.02.21 17:44:27.906,0.9202,0.92024,1.00,1.00
2014.02.21 17:44:36.643,0.9202,0.92024,1.50,1.00
2014.02.21 17:44:36.795,0.9202,0.92026,1.95,1.00
2014.02.21 17:44:36.846,0.9202,0.9203,2.40,1.38
2014.02.21 17:44:37.128,0.92027,0.92035,1.00,4.35
2014.02.21 17:44:37.280,0.92029,0.92035,1.00,4.35
2014.02.21 17:44:44.585,0.9202,0.92033,2.03,1.50
2014.02.21 17:44:44.737,0.92024,0.9203,1.00,2.48
2014.02.21 17:44:46.866,0.92024,0.92032,1.00,1.00
2014.02.21 17:44:47.069,0.92027,0.92034,1.00,1.73
2014.02.21 17:44:58.000,0.92027,0.92033,1.00,1.43
2014.02.21 17:44:58.304,0.92023,0.9203,1.00,3.23
2014.02.21 17:44:59.248,0.92022,0.9203,1.00,3.23
2014.02.21 17:45:03.462,0.92022,0.92029,1.00,1.30
2014.02.21 17:45:12.703,0.92022,0.9203,1.00,3.23
2014.02.21 17:45:13.407,0.92022,0.92029,1.00,1.30
2014.02.21 17:45:20.731,0.92023,0.9203,1.00,2.48
2014.02.21 17:45:22.020,0.92023,0.92031,1.00,1.50
2014.02.21 17:45:22.549,0.92023,0.92033,1.00,3.00
2014.02.21 17:45:23.438,0.92022,0.92033,1.00,3.00
2014.02.21 17:45:25.141,0.92022,0.92033,1.88,1.88
2014.02.21 17:45:27.152,0.92022,0.92033,1.13,1.38
2014.02.21 17:45:27.203,0.92022,0.9203,1.13,1.00
2014.02.21 17:45:28.203,0.9202,0.9203,1.65,1.00
2014.02.21 17:45:30.934,0.92021,0.92032,1.10,1.13
2014.02.21 17:45:32.287,0.92021,0.92033,1.20,2.25
2014.02.21 17:45:32.791,0.92021,0.92032,1.20,1.00
2014.02.21 17:45:33.033,0.92024,0.92033,1.20,1.88
2014.02.21 17:45:33.337,0.92025,0.92037,1.38,3.00
2014.02.21 17:45:33.642,0.92025,0.92032,1.00,1.75
2014.02.21 17:45:33.795,0.92023,0.92032,1.00,1.75
2014.02.21 17:45:34.301,0.92022,0.9203,1.10,1.30
2014.02.21 17:45:35.461,0.9202,0.9203,1.20,1.30
2014.02.21 17:45:38.778,0.9202,0.92028,1.10,1.00
2014.02.21 17:45:39.087,0.9202,0.92026,1.00,1.00
2014.02.21 17:45:39.592,0.9202,0.92027,1.00,1.00
2014.02.21 17:45:40.172,0.9202,0.92026,1.00,1.00
2014.02.21 17:45:41.074,0.92017,0.92023,1.00,2.85
2014.02.21 17:45:41.177,0.92018,0.92022,1.00,1.88
2014.02.21 17:45:41.532,0.92013,0.92021,1.15,1.13
2014.02.21 17:45:41.736,0.92016,0.92024,1.15,3.60
2014.02.21 17:45:41.838,0.92016,0.92024,1.15,3.23
2014.02.21 17:45:42.556,0.92018,0.92024,1.28,2.25
2014.02.21 17:45:42.608,0.92018,0.92027,1.28,1.68
2014.02.21 17:45:43.142,0.9202,0.9203,1.10,1.73
2014.02.21 17:45:45.011,0.9202,0.9203,1.58,1.30
2014.02.21 17:45:47.949,0.9202,0.9203,1.20,2.48
2014.02.21 17:45:51.641,0.9202,0.9203,1.10,2.85
2014.02.21 17:45:52.632,0.92018,0.9203,1.28,4.35
2014.02.21 17:45:52.784,0.92018,0.92025,1.15,1.00
2014.02.21 17:45:52.937,0.92014,0.92022,1.00,1.30
2014.02.21 17:45:53.090,0.92011,0.92021,1.18,1.00
2014.02.21 17:45:59.000,0.9201,0.9202,1.28,2.10
2014.02.21 17:46:06.121,0.92009,0.9202,1.58,2.48
2014.02.21 17:46:09.811,0.92009,0.92018,1.10,1.00
2014.02.21 17:46:10.561,0.92009,0.92018,1.48,1.00
2014.02.21 17:46:11.123,0.92009,0.92018,1.20,1.00
2014.02.21 17:46:11.741,0.92009,0.92019,1.20,1.35
2014.02.21 17:46:13.718,0.92009,0.92017,1.10,2.10
2014.02.21 17:46:14.123,0.92007,0.92017,1.10,2.10
2014.02.21 17:46:22.074,0.92007,0.92017,1.95,2.10
2014.02.21 17:46:39.502,0.92007,0.92017,2.03,2.10
2014.02.21 17:46:44.442,0.92007,0.92019,2.40,2.85
2014.02.21 17:46:46.540,0.92007,0.92019,2.40,2.85
2014.02.21 17:46:47.895,0.92007,0.92019,2.40,2.85
2014.02.21 17:46:51.790,0.92007,0.92017,1.50,1.00
2014.02.21 17:46:52.070,0.92007,0.92017,1.50,1.00
2014.02.21 17:46:52.771,0.92007,0.92018,1.65,1.00
2014.02.21 17:47:04.230,0.92007,0.92013,1.65,1.20
2014.02.21 17:47:04.389,0.92007,0.92012,1.00,1.00
2014.02.21 17:47:04.441,0.92003,0.92012,1.00,1.00
2014.02.21 17:47:04.542,0.92001,0.92008,1.00,1.00
2014.02.21 17:47:05.229,0.92,0.92008,1.88,1.00
2014.02.21 17:47:07.210,0.92,0.92008,2.25,1.00
2014.02.21 17:47:11.443,0.92,0.92008,1.88,1.00
2014.02.21 17:47:11.830,0.92,0.92008,1.88,1.00
2014.02.21 17:47:12.050,0.92,0.92008,1.88,1.00
2014.02.21 17:47:12.596,0.92001,0.92008,1.00,1.00
2014.02.21 17:47:14.326,0.92001,0.92007,1.00,1.00
2014.02.21 17:47:17.093,0.92001,0.92005,1.00,1.00
2014.02.21 17:47:24.598,0.92,0.92005,1.00,1.00
2014.02.21 17:47:25.120,0.91999,0.92005,1.00,1.00
2014.02.21 17:47:25.222,0.91997,0.92005,1.13,1.00
2014.02.21 17:47:25.374,0.91996,0.92005,1.00,2.25
2014.02.21 17:47:25.425,0.91992,0.92002,1.00,1.20
2014.02.21 17:47:25.526,0.91991,0.91999,1.00,1.00
2014.02.21 17:47:26.075,0.9199,0.91999,1.88,1.00
2014.02.21 17:47:26.417,0.9199,0.91999,2.63,1.00
2014.02.21 17:47:26.508,0.9199,0.92001,2.63,1.00
2014.02.21 17:47:27.082,0.9199,0.92001,1.88,1.00
2014.02.21 17:47:28.820,0.9199,0.92001,1.88,1.00
2014.02.21 17:47:29.332,0.9199,0.92001,1.88,1.00
2014.02.21 17:47:33.310,0.9199,0.92001,2.70,1.00
2014.02.21 17:47:33.614,0.91992,0.92002,2.03,1.00
2014.02.21 17:47:33.665,0.91995,0.92004,1.13,1.00
2014.02.21 17:47:36.277,0.91996,0.92004,1.00,1.00
2014.02.21 17:47:36.581,0.91993,0.92001,1.28,2.10
2014.02.21 17:47:36.885,0.91989,0.92001,1.50,2.70
2014.02.21 17:47:36.987,0.91989,0.92001,2.25,1.95
2014.02.21 17:47:37.139,0.91989,0.91999,1.00,1.30
2014.02.21 17:47:37.699,0.91989,0.91999,1.38,1.05
2014.02.21 17:47:40.355,0.91989,0.91999,1.38,1.05
2014.02.21 17:47:41.617,0.91989,0.91998,1.38,2.18
2014.02.21 17:47:41.668,0.91989,0.91998,1.00,2.18
2014.02.21 17:47:42.173,0.91989,0.91996,1.00,1.38
2014.02.21 17:47:42.376,0.91987,0.91995,1.00,2.63
2014.02.21 17:47:42.427,0.91985,0.91995,1.50,3.08
2014.02.21 17:47:42.528,0.91985,0.91995,1.00,1.58
2014.02.21 17:47:42.630,0.91985,0.91991,1.00,2.10
2014.02.21 17:47:42.732,0.91985,0.91993,1.00,1.05
2014.02.21 17:47:43.034,0.91986,0.91994,2.03,1.00
2014.02.21 17:47:43.088,0.91986,0.91997,2.03,1.30
2014.02.21 17:47:43.493,0.91989,0.91997,1.00,1.30
2014.02.21 17:47:54.243,0.91987,0.91998,2.63,2.18
2014.02.21 17:48:00.168,0.91987,0.91998,4.13,2.10
2014.02.21 17:48:00.270,0.91988,0.91998,1.88,2.10
2014.02.21 17:48:00.576,0.91996,0.92001,1.00,1.00
2014.02.21 17:48:00.626,0.91996,0.92004,1.00,1.35
2014.02.21 17:48:05.360,0.91995,0.92004,1.13,1.35
2014.02.21 17:48:07.876,0.91995,0.92004,1.50,1.00
2014.02.21 17:48:17.628,0.91995,0.92004,1.00,1.38
2014.02.21 17:48:25.648,0.91995,0.92004,1.00,1.00
2014.02.21 17:48:34.267,0.91995,0.92002,1.13,1.00
2014.02.21 17:48:43.548,0.91992,0.92002,1.38,1.35
2014.02.21 17:48:47.122,0.91991,0.92002,3.08,2.85
2014.02.21 17:48:50.888,0.91992,0.92002,1.38,1.13
2014.02.21 17:48:52.352,0.91992,0.92002,1.85,1.00
2014.02.21 17:48:53.478,0.91994,0.92005,5.33,1.35
2014.02.21 17:48:53.731,0.92002,0.92007,1.58,1.00
2014.02.21 17:48:53.832,0.92002,0.9201,2.78,1.00
2014.02.21 17:48:53.934,0.92002,0.92014,3.53,1.00
2014.02.21 17:48:54.259,0.92004,0.92016,1.13,2.93
2014.02.21 17:49:00.117,0.92005,0.92016,1.00,2.55
2014.02.21 17:49:03.048,0.92005,0.92014,1.00,2.10
2014.02.21 17:49:03.570,0.92004,0.92013,1.00,1.30
2014.02.21 17:49:06.172,0.92002,0.92013,1.00,1.43
2014.02.21 17:49:06.274,0.92002,0.9201,1.00,2.10
2014.02.21 17:49:06.477,0.92,0.9201,1.88,2.48
2014.02.21 17:49:06.528,0.92,0.9201,4.20,2.48
2014.02.21 17:49:07.033,0.92,0.9201,1.00,2.48
2014.02.21 17:49:10.037,0.92,0.9201,3.15,2.48
2014.02.21 17:49:10.138,0.92001,0.92012,1.58,1.38
2014.02.21 17:49:10.240,0.92003,0.92012,1.10,1.30
2014.02.21 17:49:10.786,0.92004,0.92012,1.00,1.30
2014.02.21 17:49:11.422,0.92002,0.92008,1.00,2.48
2014.02.21 17:49:11.575,0.91999,0.92008,1.65,2.10
2014.02.21 17:49:11.677,0.92002,0.92011,1.00,1.73
2014.02.21 17:49:12.188,0.92001,0.92012,1.00,2.48
2014.02.21 17:49:12.888,0.92001,0.92012,1.00,2.48
2014.02.21 17:49:12.989,0.92001,0.92013,3.53,1.13
2014.02.21 17:49:13.091,0.92004,0.92014,1.00,2.85
2014.02.21 17:49:13.705,0.92004,0.92015,2.25,1.05
2014.02.21 17:49:14.228,0.92004,0.92016,2.40,3.60
2014.02.21 17:49:14.792,0.92006,0.92016,1.00,2.85
2014.02.21 17:49:15.743,0.92004,0.92016,1.50,3.60
2014.02.21 17:49:20.934,0.92003,0.92014,1.00,1.30
2014.02.21 17:49:20.985,0.92003,0.92014,1.00,1.68
2014.02.21 17:49:21.238,0.92001,0.92011,1.00,1.30
2014.02.21 17:49:25.860,0.92001,0.92011,1.50,1.80
2014.02.21 17:49:26.165,0.91997,0.92002,1.00,1.88
2014.02.21 17:49:26.216,0.91995,0.92002,1.13,2.48
2014.02.21 17:49:27.137,0.91991,0.92002,1.00,2.55
2014.02.21 17:49:28.607,0.91991,0.92002,1.48,2.48
2014.02.21 17:49:28.709,0.91991,0.92003,1.85,1.00
2014.02.21 17:49:29.216,0.91994,0.92005,1.10,1.60
2014.02.21 17:49:30.367,0.91993,0.92005,1.88,2.18
2014.02.21 17:49:31.114,0.91993,0.92005,2.03,2.10
2014.02.21 17:49:31.166,0.91995,0.92006,1.38,2.48
2014.02.21 17:49:31.639,0.91995,0.92005,1.00,3.30
2014.02.21 17:49:31.944,0.91993,0.92005,1.95,1.73
2014.02.21 17:49:34.247,0.91993,0.92005,1.95,1.73
2014.02.21 17:49:34.450,0.92001,0.92008,1.13,1.00
2014.02.21 17:49:34.501,0.92001,0.92008,1.58,1.00
2014.02.21 17:49:34.552,0.92002,0.9201,1.38,1.00
2014.02.21 17:49:34.705,0.92002,0.92012,2.03,1.00
2014.02.21 17:49:35.069,0.92002,0.92013,1.50,1.68
2014.02.21 17:49:35.589,0.92,0.92012,1.95,1.38
2014.02.21 17:49:36.845,0.92,0.92012,1.38,1.48
2014.02.21 17:49:37.380,0.92,0.92012,2.70,1.38
2014.02.21 17:49:41.996,0.92,0.92012,1.00,2.33
2014.02.21 17:49:42.300,0.91998,0.9201,3.75,1.13
2014.02.21 17:49:44.071,0.91999,0.9201,1.00,1.13
2014.02.21 17:49:45.821,0.91999,0.9201,1.58,1.13
2014.02.21 17:49:46.457,0.92,0.92011,1.58,1.00
2014.02.21 17:49:47.396,0.92,0.92012,2.33,1.13
2014.02.21 17:49:47.853,0.92001,0.92013,1.10,2.85
2014.02.21 17:49:48.187,0.91999,0.9201,1.50,1.13
2014.02.21 17:49:49.319,0.91998,0.9201,2.25,1.13
2014.02.21 17:49:50.018,0.91998,0.9201,2.40,1.13
2014.02.21 17:49:51.292,0.92,0.92012,1.00,3.08
2014.02.21 17:50:01.282,0.92,0.92011,1.00,1.38
2014.02.21 17:50:01.691,0.92,0.92011,1.00,1.13
2014.02.21 17:50:01.843,0.92002,0.92011,1.00,1.38
2014.02.21 17:50:02.299,0.92,0.92011,1.10,1.38
2014.02.21 17:50:03.021,0.92,0.92011,1.13,1.13
2014.02.21 17:50:03.542,0.92,0.92011,2.78,1.13
2014.02.21 17:50:04.429,0.92,0.92007,3.15,2.10
2014.02.21 17:50:04.685,0.91998,0.92005,1.00,1.13
2014.02.21 17:50:04.914,0.91996,0.92005,1.00,1.00
2014.02.21 17:50:13.388,0.91996,0.92005,1.38,1.00
2014.02.21 17:50:13.490,0.91996,0.92008,1.13,1.58
2014.02.21 17:50:13.592,0.91998,0.92008,1.00,1.00
2014.02.21 17:50:14.106,0.91998,0.9201,1.50,2.18
2014.02.21 17:50:15.146,0.91998,0.9201,2.25,1.80
2014.02.21 17:50:15.451,0.92001,0.92011,1.20,2.48
2014.02.21 17:50:16.350,0.92003,0.92013,3.38,1.88
2014.02.21 17:50:16.554,0.92009,0.92017,1.50,1.00
2014.02.21 17:50:16.798,0.92009,0.9202,1.58,2.48
2014.02.21 17:50:17.749,0.92009,0.9202,2.03,2.48
2014.02.21 17:50:18.398,0.92011,0.9202,1.10,1.30
2014.02.21 17:50:34.017,0.92011,0.92022,1.10,3.98
2014.02.21 17:50:34.175,0.92009,0.92021,1.13,1.98
2014.02.21 17:50:36.217,0.92009,0.92021,1.13,2.48
2014.02.21 17:50:37.432,0.92009,0.92021,1.20,3.23
2014.02.21 17:50:40.801,0.92009,0.92021,1.20,2.93
2014.02.21 17:50:40.953,0.92009,0.9202,1.00,2.85
2014.02.21 17:50:41.054,0.92009,0.9202,1.00,2.48
2014.02.21 17:50:41.604,0.92009,0.9202,1.18,1.73
2014.02.21 17:50:41.898,0.92009,0.92021,3.83,2.10
2014.02.21 17:50:42.202,0.9201,0.92017,1.00,2.10
2014.02.21 17:50:42.408,0.92007,0.92018,1.55,1.00
2014.02.21 17:50:43.014,0.92007,0.92019,1.13,1.73
2014.02.21 17:50:54.866,0.92007,0.92019,1.38,1.73
2014.02.21 17:51:00.087,0.92007,0.92019,1.38,1.98
2014.02.21 17:51:00.645,0.92007,0.92019,1.38,1.98
2014.02.21 17:51:05.807,0.92007,0.92019,1.48,1.73
2014.02.21 17:51:09.801,0.92007,0.92018,1.10,2.10
2014.02.21 17:51:10.219,0.92006,0.92018,1.13,2.93
2014.02.21 17:51:10.724,0.92007,0.92018,1.00,3.68
2014.02.21 17:51:13.161,0.92005,0.92016,1.88,1.73
2014.02.21 17:51:13.523,0.92004,0.92016,1.20,3.23
2014.02.21 17:51:14.656,0.92003,0.92014,1.50,1.13
2014.02.21 17:51:15.166,0.92003,0.92014,1.00,2.10
2014.02.21 17:51:18.347,0.92003,0.92015,1.55,1.73
2014.02.21 17:51:31.356,0.92007,0.92016,1.00,1.38
2014.02.21 17:51:31.458,0.92007,0.92018,1.50,1.00
2014.02.21 17:51:31.983,0.92008,0.92019,1.10,1.30
2014.02.21 17:52:01.574,0.92009,0.9202,1.00,1.73
2014.02.21 17:52:02.206,0.92009,0.92019,1.00,1.75
2014.02.21 17:52:02.510,0.92005,0.92015,1.58,1.60
2014.02.21 17:52:02.612,0.92007,0.92015,1.00,1.00
2014.02.21 17:52:02.713,0.92007,0.92017,2.25,1.00
2014.02.21 17:52:02.765,0.9201,0.92017,2.63,1.00
2014.02.21 17:52:02.867,0.92011,0.9202,1.65,1.00
2014.02.21 17:52:02.918,0.92017,0.92023,1.00,1.38
2014.02.21 17:52:03.020,0.92017,0.92022,1.20,1.00
2014.02.21 17:52:03.223,0.92017,0.92025,1.28,1.13
2014.02.21 17:52:03.426,0.92017,0.92028,1.28,1.00
2014.02.21 17:52:03.781,0.92019,0.92029,1.95,1.35
2014.02.21 17:52:04.087,0.9202,0.92031,4.20,2.85
2014.02.21 17:52:04.290,0.92027,0.92033,1.10,1.00
2014.02.21 17:52:04.399,0.92027,0.92035,1.10,1.00
2014.02.21 17:52:04.661,0.92027,0.92039,1.58,3.23
2014.02.21 17:52:05.476,0.92027,0.92039,1.58,2.48
2014.02.21 17:52:05.986,0.92028,0.92039,1.00,2.48
2014.02.21 17:52:08.097,0.92028,0.92039,1.00,2.85
2014.02.21 17:52:21.926,0.92027,0.92039,1.20,2.48
2014.02.21 17:52:22.526,0.92027,0.92037,1.10,2.25
2014.02.21 17:52:22.779,0.9202,0.9203,1.18,2.48
2014.02.21 17:52:23.284,0.92019,0.9203,1.38,2.48
2014.02.21 17:52:23.974,0.92019,0.9203,1.50,2.48
2014.02.21 17:52:26.687,0.92019,0.9203,1.18,2.48
2014.02.21 17:52:27.563,0.92019,0.9203,1.00,2.48
2014.02.21 17:52:32.032,0.92019,0.9203,1.28,3.23
2014.02.21 17:52:52.368,0.92019,0.92029,1.10,1.73
2014.02.21 17:52:53.137,0.92019,0.92029,1.10,1.73
2014.02.21 17:52:54.488,0.92019,0.92029,2.33,1.35
2014.02.21 17:52:54.590,0.92023,0.92029,1.00,1.35
2014.02.21 17:52:54.691,0.92019,0.92029,2.33,1.35
2014.02.21 17:52:54.764,0.92023,0.92029,1.00,1.35
2014.02.21 17:52:54.916,0.92019,0.92029,2.33,1.35
2014.02.21 17:53:01.776,0.92019,0.92029,1.95,1.35
2014.02.21 17:53:23.928,0.92021,0.92029,1.00,1.35
2014.02.21 17:53:29.357,0.92019,0.92029,1.00,1.73
2014.02.21 17:53:29.511,0.92026,0.9203,1.00,1.00
2014.02.21 17:53:29.664,0.92028,0.92032,1.00,1.00
2014.02.21 17:53:29.765,0.92028,0.92034,1.00,1.13
2014.02.21 17:53:30.290,0.92028,0.92033,1.00,1.00
2014.02.21 17:53:31.223,0.92026,0.92033,1.00,1.00
2014.02.21 17:53:31.375,0.92023,0.92031,1.88,2.10
2014.02.21 17:53:31.477,0.92021,0.92031,1.50,2.10
2014.02.21 17:53:31.630,0.92019,0.9203,1.00,1.70
2014.02.21 17:53:32.158,0.92019,0.92028,1.00,1.00
2014.02.21 17:53:46.074,0.9202,0.92028,1.00,1.00
2014.02.21 17:53:48.275,0.9202,0.9203,1.00,2.10
2014.02.21 17:53:54.345,0.92025,0.9203,1.00,1.50
2014.02.21 17:53:54.651,0.92026,0.92032,1.13,1.00
2014.02.21 17:53:54.753,0.92026,0.92034,2.33,1.00
2014.02.21 17:53:54.956,0.92027,0.92037,1.50,1.00
2014.02.21 17:53:55.057,0.92029,0.92039,1.00,1.13
2014.02.21 17:53:56.293,0.92029,0.92039,1.00,1.28
2014.02.21 17:53:58.833,0.92027,0.92039,3.75,1.28
2014.02.21 17:53:59.365,0.92027,0.92039,3.83,1.00
2014.02.21 17:54:02.800,0.9203,0.92039,1.00,1.00
2014.02.21 17:54:03.257,0.92032,0.92041,1.00,1.73
2014.02.21 17:54:05.344,0.92032,0.92041,1.00,1.73
2014.02.21 17:54:08.006,0.9203,0.92041,1.00,1.73
2014.02.21 17:54:08.313,0.92029,0.92039,1.00,2.55
2014.02.21 17:54:08.541,0.92027,0.92037,2.63,1.30
2014.02.21 17:54:20.076,0.92025,0.92034,2.40,2.10
2014.02.21 17:54:20.664,0.92025,0.92034,1.00,2.48
2014.02.21 17:54:21.332,0.92023,0.92034,1.88,2.48
2014.02.21 17:54:26.921,0.92023,0.92033,1.38,1.30
2014.02.21 17:54:29.154,0.92023,0.92033,1.00,1.30
2014.02.21 17:54:44.488,0.92023,0.92033,1.38,1.35
2014.02.21 17:54:49.264,0.92025,0.92033,1.00,1.30
2014.02.21 17:54:53.997,0.92025,0.92033,1.38,1.30
2014.02.21 17:54:54.421,0.92028,0.92033,1.00,1.30
2014.02.21 17:55:05.562,0.92025,0.92033,1.88,1.30
2014.02.21 17:55:16.845,0.92025,0.92035,1.95,1.38
2014.02.21 17:55:16.896,0.92025,0.92035,1.95,1.38
2014.02.21 17:55:16.998,0.92026,0.92038,1.48,2.48
2014.02.21 17:55:31.986,0.92027,0.92038,1.13,1.30
2014.02.21 17:55:40.805,0.92029,0.92039,1.00,1.38
2014.02.21 17:55:42.032,0.92029,0.92039,1.00,2.48
2014.02.21 17:55:44.803,0.92027,0.92039,1.88,3.23
2014.02.21 17:55:50.300,0.92027,0.92035,1.88,2.10
2014.02.21 17:55:50.939,0.92023,0.92035,2.25,3.30
2014.02.21 17:55:55.567,0.92025,0.92035,1.38,1.00
2014.02.21 17:55:55.618,0.92025,0.92037,1.00,1.35
2014.02.21 17:55:55.669,0.92026,0.92037,1.08,1.35
2014.02.21 17:55:59.074,0.92028,0.92036,1.00,2.10
2014.02.21 17:55:59.278,0.92026,0.92036,1.13,3.23
2014.02.21 17:56:14.524,0.92024,0.92036,2.03,3.98
2014.02.21 17:56:14.626,0.92024,0.92036,2.78,1.13
2014.02.21 17:56:14.677,0.92025,0.92036,1.48,1.13
2014.02.21 17:56:14.880,0.92026,0.92038,1.38,1.20
2014.02.21 17:56:18.663,0.92027,0.92038,1.38,1.48
2014.02.21 17:56:22.952,0.92027,0.92038,1.50,1.00
2014.02.21 17:56:30.113,0.92027,0.92038,1.13,1.00
2014.02.21 17:56:39.121,0.92027,0.92038,1.38,1.00
2014.02.21 17:56:39.922,0.92027,0.92038,1.13,1.00
2014.02.21 17:56:41.143,0.92027,0.92039,1.88,1.88
2014.02.21 17:56:45.880,0.92027,0.92039,1.13,2.55
2014.02.21 17:56:46.387,0.9203,0.92038,1.00,1.00
2014.02.21 17:57:02.000,0.92028,0.92038,1.00,1.00
2014.02.21 17:57:06.734,0.92026,0.92038,1.50,1.00
2014.02.21 17:57:33.743,0.92028,0.92038,1.00,1.00
2014.02.21 17:57:33.946,0.92028,0.92038,1.50,1.00
2014.02.21 17:57:34.250,0.92032,0.92039,1.00,1.00
2014.02.21 17:57:34.452,0.92026,0.92038,3.00,1.10
2014.02.21 17:57:35.182,0.92026,0.92038,1.50,1.10
2014.02.21 17:57:36.111,0.92026,0.92038,1.00,1.58
2014.02.21 17:57:36.226,0.92026,0.92037,1.00,1.28
2014.02.21 17:57:36.278,0.92023,0.92035,2.25,1.10
2014.02.21 17:57:39.181,0.92023,0.92035,1.88,1.10
2014.02.21 17:57:49.466,0.92025,0.92037,1.95,1.00
2014.02.21 17:57:49.770,0.92027,0.92038,1.00,1.48
2014.02.21 17:57:50.271,0.92027,0.92038,1.00,1.10
2014.02.21 17:57:53.761,0.92026,0.92036,1.20,1.00
2014.02.21 17:57:53.863,0.92026,0.92038,2.70,1.00
2014.02.21 17:57:58.342,0.92027,0.92039,1.00,1.10
2014.02.21 17:58:02.068,0.92027,0.92039,1.18,1.00
2014.02.21 17:58:08.910,0.92027,0.92039,1.13,1.58
2014.02.21 17:58:09.427,0.92027,0.92038,1.00,1.50
2014.02.21 17:58:10.001,0.92026,0.92038,2.25,1.13
2014.02.21 17:58:11.384,0.92026,0.92038,2.63,1.00
2014.02.21 17:58:12.768,0.92028,0.9204,1.00,1.13
2014.02.21 17:58:13.024,0.92028,0.9204,1.00,1.28
2014.02.21 17:58:13.631,0.92027,0.92037,1.13,1.00
2014.02.21 17:58:16.983,0.92026,0.92037,3.38,1.00
2014.02.21 17:58:17.287,0.92031,0.92039,1.50,1.00
2014.02.21 17:58:17.592,0.92033,0.92042,1.75,1.00
2014.02.21 17:58:17.693,0.92033,0.92044,1.75,1.00
2014.02.21 17:58:18.200,0.92033,0.92044,1.38,2.70
2014.02.21 17:58:18.251,0.92033,0.92041,1.38,1.00
2014.02.21 17:58:18.455,0.92029,0.92037,1.13,1.00
2014.02.21 17:58:18.557,0.92027,0.92037,1.13,1.08
2014.02.21 17:58:18.908,0.92025,0.92036,1.00,1.05
2014.02.21 17:58:18.959,0.92025,0.92035,1.00,1.88
2014.02.21 17:58:19.499,0.92023,0.92035,3.08,1.00
2014.02.21 17:58:20.089,0.92025,0.92035,1.50,1.00
2014.02.21 17:58:20.889,0.92027,0.92035,1.13,1.00
2014.02.21 17:58:20.991,0.92027,0.92037,1.88,1.00
2014.02.21 17:58:21.142,0.92027,0.92035,1.00,1.50
2014.02.21 17:58:21.244,0.92025,0.92035,2.25,1.88
2014.02.21 17:58:21.345,0.92025,0.92034,1.75,1.00
2014.02.21 17:58:21.447,0.92027,0.92036,1.00,1.50
2014.02.21 17:58:25.899,0.92027,0.92035,1.00,1.50
2014.02.21 17:58:32.107,0.92024,0.92035,1.88,2.63
2014.02.21 17:58:41.611,0.92025,0.92035,1.00,2.63
2014.02.21 17:58:43.393,0.92024,0.92035,1.13,2.63
2014.02.21 17:58:45.922,0.92025,0.92035,1.00,1.88
2014.02.21 17:58:56.436,0.92025,0.92035,1.00,2.63
2014.02.21 17:58:56.940,0.92024,0.92035,1.13,2.70
2014.02.21 17:58:59.279,0.92024,0.92035,1.88,1.95
2014.02.21 17:58:59.930,0.92025,0.92035,1.00,1.95
2014.02.21 17:59:02.224,0.92026,0.92035,1.00,1.95
2014.02.21 17:59:02.427,0.92026,0.92037,1.00,2.33
2014.02.21 17:59:02.479,0.92026,0.92037,1.00,2.33
2014.02.21 17:59:03.045,0.92027,0.92037,1.00,1.58
2014.02.21 17:59:04.925,0.92027,0.92036,1.00,1.00
2014.02.21 17:59:05.179,0.92029,0.9204,1.38,1.20
2014.02.21 17:59:05.723,0.92031,0.92041,1.00,1.38
2014.02.21 17:59:06.237,0.92031,0.92042,1.00,1.58
2014.02.21 17:59:06.678,0.92031,0.92041,1.00,1.38
2014.02.21 17:59:06.982,0.92028,0.92038,1.13,1.28
2014.02.21 17:59:08.308,0.92028,0.92038,1.50,2.03
2014.02.21 17:59:08.892,0.92028,0.92037,1.00,2.18
2014.02.21 17:59:08.993,0.92028,0.92034,1.00,1.00
2014.02.21 17:59:09.044,0.92025,0.92034,1.00,1.00
2014.02.21 17:59:09.196,0.92025,0.92036,1.38,1.28
2014.02.21 17:59:09.743,0.92028,0.92036,1.00,1.28
2014.02.21 17:59:10.362,0.92028,0.92036,1.00,1.00
2014.02.21 17:59:11.037,0.92028,0.92038,1.00,1.38
2014.02.21 17:59:12.862,0.92028,0.92038,1.38,1.38
2014.02.21 17:59:13.525,0.92028,0.92038,1.50,1.10
2014.02.21 17:59:14.028,0.92028,0.9204,1.50,2.03
2014.02.21 17:59:19.619,0.92028,0.9204,1.13,1.65
2014.02.21 17:59:22.381,0.92028,0.92035,1.13,1.38
2014.02.21 17:59:22.849,0.92026,0.92038,1.38,2.03
2014.02.21 17:59:22.951,0.92026,0.92036,1.00,1.00
2014.02.21 17:59:27.780,0.92026,0.92036,1.00,1.50
2014.02.21 17:59:28.632,0.92024,0.92036,2.70,2.25
2014.02.21 17:59:30.430,0.92024,0.92034,2.70,1.13
2014.02.21 17:59:32.048,0.92024,0.92035,1.20,1.13
2014.02.21 17:59:32.200,0.92026,0.92035,1.10,1.13
2014.02.21 17:59:32.846,0.92025,0.92035,1.00,1.13
2014.02.21 17:59:33.380,0.92026,0.92036,1.00,1.00
2014.02.21 17:59:33.853,0.92028,0.92038,1.50,1.00
2014.02.21 17:59:34.388,0.92029,0.92038,2.63,1.00
2014.02.21 17:59:35.130,0.92028,0.92032,1.00,1.00
2014.02.21 17:59:35.283,0.92027,0.92033,1.00,1.00
2014.02.21 17:59:35.384,0.92024,0.92033,1.88,1.00
2014.02.21 17:59:35.587,0.92023,0.9203,2.25,1.00
2014.02.21 17:59:35.942,0.9202,0.92029,1.50,1.20
2014.02.21 17:59:36.357,0.92021,0.92029,1.50,1.00
2014.02.21 17:59:36.459,0.92022,0.92031,1.13,1.10
2014.02.21 17:59:36.663,0.92026,0.92035,1.00,1.20
2014.02.21 17:59:37.671,0.92026,0.92036,1.00,1.53
2014.02.21 17:59:38.013,0.92025,0.92036,1.38,1.00
2014.02.21 17:59:38.115,0.92025,0.92036,1.13,1.38
2014.02.21 17:59:38.217,0.92025,0.92036,1.13,1.53
2014.02.21 17:59:47.963,0.92024,0.92032,1.38,1.00
2014.02.21 17:59:48.015,0.92023,0.92032,1.13,1.28
2014.02.21 17:59:49.177,0.92023,0.92031,1.00,1.00
2014.02.21 17:59:49.786,0.92024,0.92033,1.75,1.10
2014.02.21 17:59:49.887,0.92028,0.92035,1.00,1.00
2014.02.21 17:59:49.989,0.92028,0.92038,1.00,1.00
2014.02.21 17:59:50.242,0.92028,0.92038,1.58,1.00
2014.02.21 17:59:53.140,0.92028,0.92039,1.58,1.50
2014.02.21 17:59:53.444,0.92028,0.92038,1.00,1.50
2014.02.21 17:59:54.006,0.92027,0.92038,1.50,1.55
2014.02.21 17:59:54.342,0.92027,0.92034,1.00,1.00
2014.02.21 17:59:54.697,0.92027,0.92037,2.33,1.00
