2014.11.11 20:00:00.090,1.00402,1.00413,1.17,1.00
2014.11.11 20:00:00.769,1.00402,1.00413,1.00,1.00
2014.11.11 20:00:01.083,1.00402,1.00413,1.00,1.17
2014.11.11 20:00:01.390,1.004,1.00407,1.50,1.17
2014.11.11 20:00:01.593,1.00397,1.00409,1.37,1.00
2014.11.11 20:00:02.203,1.00397,1.00409,1.00,1.00
2014.11.11 20:00:02.407,1.00397,1.00409,1.37,1.00
2014.11.11 20:00:02.611,1.00399,1.00413,1.37,1.15
2014.11.11 20:00:03.900,1.00399,1.00413,1.55,1.00
2014.11.11 20:00:05.347,1.00399,1.00413,1.55,1.00
2014.11.11 20:00:05.499,1.00402,1.00416,1.20,1.07
2014.11.11 20:00:09.089,1.00405,1.00417,1.00,1.55
2014.11.11 20:00:09.190,1.00405,1.00417,1.00,1.00
2014.11.11 20:00:09.730,1.00405,1.00417,1.07,1.00
2014.11.11 20:00:11.309,1.00407,1.00419,1.00,1.15
2014.11.11 20:00:12.178,1.00405,1.00417,1.00,1.17
2014.11.11 20:00:12.688,1.00405,1.00417,2.62,1.00
2014.11.11 20:00:16.869,1.00405,1.00417,2.25,1.37
2014.11.11 20:00:16.920,1.00405,1.00417,1.00,4.20
2014.11.11 20:00:17.022,1.004,1.00412,1.50,1.00
2014.11.11 20:00:17.276,1.00401,1.00415,1.37,1.07
2014.11.11 20:00:17.326,1.00401,1.00415,1.47,1.10
2014.11.11 20:00:17.833,1.00401,1.00415,1.20,1.10
2014.11.11 20:00:18.478,1.00402,1.00416,1.00,1.17
2014.11.11 20:00:19.134,1.00401,1.00415,1.10,1.10
2014.11.11 20:00:23.501,1.00401,1.00415,1.10,1.17
2014.11.11 20:00:31.502,1.00401,1.00415,1.07,1.20
2014.11.11 20:00:31.553,1.00401,1.00415,1.84,1.00
2014.11.11 20:00:32.068,1.00405,1.00418,1.37,1.17
2014.11.11 20:00:32.371,1.00408,1.00422,1.00,1.15
2014.11.11 20:00:32.473,1.0041,1.00424,1.00,1.17
2014.11.11 20:00:32.677,1.00412,1.00426,1.00,2.77
2014.11.11 20:00:32.778,1.00412,1.00426,1.00,2.77
2014.11.11 20:00:33.288,1.00412,1.00424,1.00,1.00
2014.11.11 20:00:37.494,1.00413,1.00425,1.00,1.57
2014.11.11 20:00:38.004,1.00413,1.00424,1.00,1.00
2014.11.11 20:00:38.508,1.0041,1.00424,1.27,1.50
2014.11.11 20:00:39.018,1.0041,1.00424,1.12,1.17
2014.11.11 20:00:39.170,1.00409,1.00421,1.47,1.00
2014.11.11 20:00:39.373,1.00407,1.00421,1.95,1.17
2014.11.11 20:00:39.576,1.00407,1.00418,1.50,2.62
2014.11.11 20:00:39.728,1.00403,1.00417,1.50,3.07
2014.11.11 20:00:39.829,1.00401,1.00413,1.00,1.10
2014.11.11 20:00:41.971,1.004,1.00413,1.45,1.10
2014.11.11 20:00:42.514,1.00401,1.00415,1.10,1.17
2014.11.11 20:00:43.028,1.00399,1.00413,2.32,1.17
2014.11.11 20:00:43.079,1.00399,1.00413,1.87,1.15
2014.11.11 20:00:43.332,1.00397,1.00409,1.87,1.00
2014.11.11 20:00:46.407,1.00397,1.00406,1.12,1.00
2014.11.11 20:00:46.661,1.00391,1.00405,1.87,5.25
2014.11.11 20:00:47.178,1.00389,1.00403,1.12,1.15
2014.11.11 20:00:47.750,1.00389,1.00403,1.00,1.27
2014.11.11 20:00:47.902,1.00388,1.00401,1.37,1.10
2014.11.11 20:00:48.207,1.00389,1.00402,1.50,1.15
2014.11.11 20:00:48.309,1.00389,1.00398,1.50,1.10
2014.11.11 20:00:48.462,1.00388,1.00401,1.00,1.10
2014.11.11 20:00:48.867,1.00386,1.00402,1.50,1.65
2014.11.11 20:00:49.349,1.00387,1.00401,1.10,1.85
2014.11.11 20:00:49.556,1.0038,1.00394,1.00,1.15
2014.11.11 20:00:49.658,1.00378,1.00393,1.20,1.15
2014.11.11 20:00:49.760,1.00378,1.00393,1.00,1.65
2014.11.11 20:00:50.066,1.00374,1.00384,1.50,4.50
2014.11.11 20:00:50.168,1.0037,1.00385,1.00,3.07
2014.11.11 20:00:50.574,1.00368,1.00381,1.00,3.07
2014.11.11 20:00:50.728,1.0036,1.00376,1.57,2.32
2014.11.11 20:00:52.011,1.00356,1.00375,4.57,1.15
2014.11.11 20:00:52.062,1.00361,1.00375,1.00,1.10
2014.11.11 20:00:52.113,1.0036,1.00375,1.85,1.10
2014.11.11 20:00:52.265,1.00362,1.0038,1.55,1.27
2014.11.11 20:00:52.569,1.00362,1.0038,1.52,1.17
2014.11.11 20:00:53.411,1.00363,1.00379,1.77,1.10
2014.11.11 20:00:53.808,1.00363,1.00379,2.15,1.10
2014.11.11 20:00:53.910,1.00365,1.00383,1.84,1.65
2014.11.11 20:00:54.264,1.00371,1.00388,1.00,6.37
2014.11.11 20:00:54.366,1.00369,1.00383,3.45,1.00
2014.11.11 20:00:54.467,1.00369,1.00383,1.17,1.00
2014.11.11 20:00:54.569,1.00369,1.00383,1.00,1.15
2014.11.11 20:00:54.670,1.00367,1.00383,1.20,1.15
2014.11.11 20:00:54.846,1.00367,1.00383,1.17,1.10
2014.11.11 20:00:54.948,1.00367,1.00383,3.26,1.00
2014.11.11 20:00:55.252,1.00369,1.00388,2.70,1.27
2014.11.11 20:00:55.546,1.00372,1.00393,1.52,5.51
2014.11.11 20:00:55.953,1.00377,1.00391,1.57,1.07
2014.11.11 20:00:56.258,1.0038,1.00397,1.65,3.07
2014.11.11 20:00:56.562,1.00382,1.004,1.34,1.65
2014.11.11 20:00:56.664,1.00383,1.00403,3.26,2.32
2014.11.11 20:00:56.970,1.00389,1.00407,1.17,3.45
2014.11.11 20:00:57.528,1.0039,1.00407,2.32,2.32
2014.11.11 20:00:57.579,1.0039,1.00409,2.59,1.27
2014.11.11 20:00:57.630,1.00391,1.00411,1.09,4.95
2014.11.11 20:00:57.681,1.00398,1.00411,1.00,1.20
2014.11.11 20:00:57.833,1.00398,1.00413,1.57,2.59
2014.11.11 20:00:57.986,1.00394,1.00411,1.10,1.52
2014.11.11 20:00:58.037,1.00394,1.00411,1.10,1.65
2014.11.11 20:00:58.240,1.0039,1.00409,3.07,1.17
2014.11.11 20:00:58.291,1.0039,1.00409,1.15,6.00
2014.11.11 20:00:58.598,1.00387,1.00402,1.50,1.15
2014.11.11 20:00:58.701,1.00387,1.00405,1.50,1.50
2014.11.11 20:00:59.165,1.00387,1.00401,1.50,1.10
2014.11.11 20:00:59.469,1.00383,1.00397,1.00,1.37
2014.11.11 20:00:59.621,1.0038,1.00397,1.00,1.15
2014.11.11 20:00:59.672,1.0038,1.00394,1.00,1.00
2014.11.11 20:01:00.088,1.00379,1.00396,1.00,1.20
2014.11.11 20:01:00.544,1.00379,1.00396,1.00,1.57
2014.11.11 20:01:00.747,1.00377,1.00394,1.00,1.47
2014.11.11 20:01:01.241,1.00376,1.00394,1.87,1.12
2014.11.11 20:01:01.547,1.00382,1.00399,1.00,1.19
2014.11.11 20:01:01.598,1.00382,1.00395,1.00,1.10
2014.11.11 20:01:01.700,1.00379,1.00395,1.00,1.10
2014.11.11 20:01:01.852,1.00377,1.00394,1.00,1.00
2014.11.11 20:01:02.360,1.00379,1.00395,1.00,1.00
2014.11.11 20:01:02.867,1.0038,1.00398,1.00,1.37
2014.11.11 20:01:03.394,1.00381,1.00398,1.00,1.55
2014.11.11 20:01:03.762,1.00381,1.00398,1.00,1.65
2014.11.11 20:01:04.888,1.00378,1.00395,1.50,1.37
2014.11.11 20:01:05.393,1.00379,1.00393,1.00,1.12
2014.11.11 20:01:05.558,1.00379,1.00395,1.00,1.87
2014.11.11 20:01:05.761,1.00379,1.00395,1.00,1.87
2014.11.11 20:01:06.269,1.00378,1.00396,1.12,1.95
2014.11.11 20:01:06.674,1.00378,1.00392,1.00,1.27
2014.11.11 20:01:07.784,1.00378,1.00392,1.00,3.45
2014.11.11 20:01:09.323,1.00378,1.00387,1.00,2.32
2014.11.11 20:01:09.426,1.00373,1.00386,1.00,1.57
2014.11.11 20:01:09.629,1.00366,1.00384,1.12,2.02
2014.11.11 20:01:09.882,1.00366,1.00384,1.00,2.02
2014.11.11 20:01:10.398,1.00364,1.00384,1.12,2.02
2014.11.11 20:01:11.214,1.00364,1.00382,1.37,1.47
2014.11.11 20:01:11.519,1.00369,1.00384,1.37,1.00
2014.11.11 20:01:11.873,1.00369,1.00386,1.37,1.20
2014.11.11 20:01:12.087,1.00367,1.00386,1.87,2.02
2014.11.11 20:01:12.391,1.00365,1.00383,1.87,1.47
2014.11.11 20:01:12.906,1.00365,1.00382,1.87,1.37
2014.11.11 20:01:13.616,1.00367,1.00382,1.00,1.37
2014.11.11 20:01:13.718,1.00367,1.00383,1.00,1.95
2014.11.11 20:01:14.175,1.00367,1.00383,1.87,1.10
2014.11.11 20:01:14.688,1.00367,1.00384,1.87,1.12
2014.11.11 20:01:15.209,1.00367,1.00384,1.50,1.45
2014.11.11 20:01:15.515,1.00362,1.00374,1.00,1.00
2014.11.11 20:01:15.924,1.0036,1.00378,1.00,2.40
2014.11.11 20:01:16.077,1.00357,1.00378,2.25,1.10
2014.11.11 20:01:16.340,1.00359,1.00379,1.00,1.72
2014.11.11 20:01:16.516,1.0036,1.0038,1.00,1.00
2014.11.11 20:01:16.618,1.00362,1.00381,1.50,1.00
2014.11.11 20:01:16.924,1.00364,1.00382,1.37,1.12
2014.11.11 20:01:17.228,1.00365,1.00384,2.44,1.00
2014.11.11 20:01:17.380,1.0037,1.00386,1.87,1.12
2014.11.11 20:01:18.677,1.00371,1.00387,1.37,2.25
2014.11.11 20:01:18.933,1.00359,1.00375,1.50,1.07
2014.11.11 20:01:18.985,1.00361,1.00373,1.00,1.00
2014.11.11 20:01:19.290,1.00358,1.00367,1.00,1.00
2014.11.11 20:01:19.341,1.00354,1.00371,1.00,1.07
2014.11.11 20:01:19.442,1.00352,1.00371,1.00,1.00
2014.11.11 20:01:19.730,1.00351,1.00369,1.50,1.10
2014.11.11 20:01:20.036,1.00346,1.00365,1.00,1.17
2014.11.11 20:01:20.552,1.00345,1.00364,1.00,1.10
2014.11.11 20:01:20.857,1.00345,1.00364,1.00,2.51
2014.11.11 20:01:21.433,1.00345,1.00364,1.87,1.10
2014.11.11 20:01:21.636,1.00347,1.0037,1.62,2.10
2014.11.11 20:01:21.738,1.00353,1.0037,1.00,1.45
2014.11.11 20:01:21.941,1.00353,1.00373,1.87,1.77
2014.11.11 20:01:22.437,1.00356,1.00375,1.00,2.40
2014.11.11 20:01:22.489,1.00356,1.00376,1.25,1.50
2014.11.11 20:01:22.540,1.00358,1.00376,1.00,1.00
2014.11.11 20:01:22.642,1.00358,1.00378,1.19,1.10
2014.11.11 20:01:22.693,1.00362,1.00381,1.00,1.15
2014.11.11 20:01:22.795,1.00364,1.00382,1.00,1.00
2014.11.11 20:01:22.846,1.00364,1.00384,1.00,1.10
2014.11.11 20:01:22.897,1.00366,1.00384,1.00,1.10
2014.11.11 20:01:23.404,1.00367,1.00385,1.00,1.46
2014.11.11 20:01:24.125,1.00367,1.00384,1.00,1.57
2014.11.11 20:01:25.461,1.00367,1.00384,1.00,1.47
2014.11.11 20:01:26.544,1.00368,1.00388,1.47,4.87
2014.11.11 20:01:26.595,1.00368,1.00388,1.57,1.37
2014.11.11 20:01:26.646,1.00368,1.00389,1.95,1.47
2014.11.11 20:01:26.799,1.00373,1.00394,1.37,3.52
2014.11.11 20:01:26.900,1.00378,1.00394,1.00,1.57
2014.11.11 20:01:27.002,1.00376,1.00394,1.50,1.57
2014.11.11 20:01:27.053,1.00378,1.00394,1.00,1.57
2014.11.11 20:01:27.571,1.00377,1.00394,1.00,1.57
2014.11.11 20:01:28.593,1.00378,1.00394,1.00,1.37
2014.11.11 20:01:28.903,1.0038,1.00394,1.00,1.37
2014.11.11 20:01:29.157,1.0038,1.00395,1.12,1.37
2014.11.11 20:01:29.258,1.0038,1.00397,1.00,2.81
2014.11.11 20:01:29.461,1.00384,1.00399,1.12,1.57
2014.11.11 20:01:29.563,1.00384,1.004,1.87,1.50
2014.11.11 20:01:29.613,1.00387,1.004,1.00,1.50
2014.11.11 20:01:29.875,1.00388,1.00402,1.50,1.20
2014.11.11 20:01:30.958,1.00388,1.00405,1.37,2.62
2014.11.11 20:01:31.894,1.00388,1.00405,1.00,1.87
2014.11.11 20:01:32.560,1.00388,1.004,1.00,1.57
2014.11.11 20:01:32.713,1.00383,1.00399,1.50,2.02
2014.11.11 20:01:32.764,1.00383,1.00397,1.50,1.55
2014.11.11 20:01:33.079,1.00381,1.00397,1.50,1.55
2014.11.11 20:01:34.774,1.00381,1.00397,1.50,1.65
2014.11.11 20:01:34.977,1.00381,1.00397,1.50,1.37
2014.11.11 20:01:35.078,1.00381,1.00401,2.62,1.95
2014.11.11 20:01:35.331,1.00386,1.00403,1.00,1.62
2014.11.11 20:01:35.382,1.00388,1.00403,1.00,1.62
2014.11.11 20:01:35.695,1.00386,1.00404,1.00,1.76
2014.11.11 20:01:36.099,1.00384,1.00401,1.00,1.52
2014.11.11 20:01:36.150,1.00384,1.00401,1.00,1.65
2014.11.11 20:01:37.660,1.00384,1.00399,1.50,1.55
2014.11.11 20:01:38.978,1.00384,1.00398,1.50,1.47
2014.11.11 20:01:39.687,1.00384,1.00396,1.50,1.37
2014.11.11 20:01:39.840,1.0038,1.00394,1.00,1.50
2014.11.11 20:01:39.890,1.00381,1.00395,1.00,2.32
2014.11.11 20:01:39.992,1.00379,1.00394,1.00,1.52
2014.11.11 20:01:40.144,1.00374,1.0039,1.87,1.12
2014.11.11 20:01:40.195,1.00374,1.0039,1.50,1.47
2014.11.11 20:01:40.499,1.00373,1.00387,1.00,1.37
2014.11.11 20:01:40.803,1.00371,1.00383,1.00,1.37
2014.11.11 20:01:40.854,1.00369,1.00383,1.00,1.37
2014.11.11 20:01:41.006,1.00367,1.00382,1.00,1.37
2014.11.11 20:01:41.339,1.00364,1.00382,1.87,1.37
2014.11.11 20:01:41.390,1.00364,1.00382,1.00,1.85
2014.11.11 20:01:42.208,1.00364,1.0038,1.00,1.37
2014.11.11 20:01:42.708,1.00364,1.0038,1.00,1.37
2014.11.11 20:01:42.868,1.00364,1.0038,1.12,1.12
2014.11.11 20:01:43.021,1.00364,1.00382,2.32,1.00
2014.11.11 20:01:43.123,1.0037,1.00386,1.50,1.00
2014.11.11 20:01:43.225,1.00371,1.00389,1.10,1.00
2014.11.11 20:01:43.276,1.00373,1.00389,1.00,1.00
2014.11.11 20:01:43.327,1.00373,1.00391,1.00,1.25
2014.11.11 20:01:45.103,1.00373,1.00391,1.37,1.00
2014.11.11 20:01:45.205,1.00373,1.00391,1.37,1.37
2014.11.11 20:01:45.408,1.00374,1.00392,1.00,1.47
2014.11.11 20:01:45.914,1.00375,1.00391,1.50,1.00
2014.11.11 20:01:46.420,1.00376,1.00392,1.00,1.00
2014.11.11 20:01:46.725,1.00376,1.00392,1.00,1.37
2014.11.11 20:01:47.234,1.00375,1.00391,1.00,1.37
2014.11.11 20:01:47.744,1.00374,1.00389,1.00,1.12
2014.11.11 20:01:48.260,1.00375,1.00387,1.00,1.00
2014.11.11 20:01:48.626,1.00376,1.0039,1.00,1.00
2014.11.11 20:01:49.135,1.00377,1.00391,1.00,1.00
2014.11.11 20:01:49.755,1.00377,1.00391,1.50,1.37
2014.11.11 20:01:50.275,1.00377,1.00389,1.00,1.12
2014.11.11 20:01:51.449,1.00377,1.00389,1.00,1.37
2014.11.11 20:01:51.500,1.00374,1.00388,2.25,1.12
2014.11.11 20:01:51.753,1.00374,1.00388,1.00,1.37
2014.11.11 20:01:51.804,1.00372,1.00386,2.25,1.37
2014.11.11 20:01:52.310,1.00373,1.00385,1.00,1.00
2014.11.11 20:01:52.852,1.00372,1.00384,1.50,1.00
2014.11.11 20:01:53.004,1.00372,1.00382,1.50,1.00
2014.11.11 20:01:53.510,1.00373,1.00382,1.00,1.00
2014.11.11 20:01:53.561,1.00373,1.00384,1.00,1.00
2014.11.11 20:01:54.067,1.00373,1.00384,1.00,1.37
2014.11.11 20:01:54.168,1.00371,1.00382,1.50,1.00
2014.11.11 20:01:54.321,1.00369,1.00375,1.00,1.00
2014.11.11 20:01:54.372,1.00365,1.00375,1.00,1.00
2014.11.11 20:01:54.575,1.00361,1.00373,1.00,1.00
2014.11.11 20:01:54.854,1.00359,1.00372,1.50,1.10
2014.11.11 20:01:54.905,1.00359,1.0037,1.00,1.00
2014.11.11 20:01:55.108,1.00356,1.0037,2.25,1.00
2014.11.11 20:01:55.311,1.00356,1.00367,1.50,1.00
2014.11.11 20:01:55.842,1.00355,1.00367,1.00,1.00
2014.11.11 20:01:56.362,1.00355,1.00366,1.00,1.12
2014.11.11 20:01:56.922,1.00354,1.00368,1.00,1.37
2014.11.11 20:01:56.973,1.00353,1.00369,2.02,1.00
2014.11.11 20:01:57.074,1.00359,1.00376,1.00,2.62
2014.11.11 20:01:57.479,1.00361,1.00376,1.00,1.37
2014.11.11 20:02:00.108,1.00362,1.00376,1.00,1.37
2014.11.11 20:02:00.412,1.00364,1.00376,1.00,1.37
2014.11.11 20:02:00.691,1.00364,1.00377,1.00,1.00
2014.11.11 20:02:00.894,1.00367,1.00379,1.00,1.37
2014.11.11 20:02:01.563,1.00366,1.00378,1.00,1.12
2014.11.11 20:02:04.584,1.00366,1.0038,1.00,1.12
2014.11.11 20:02:05.650,1.00365,1.00383,1.12,1.37
2014.11.11 20:02:06.030,1.00365,1.00383,1.37,1.12
2014.11.11 20:02:06.183,1.00368,1.00383,1.00,1.12
2014.11.11 20:02:07.483,1.0037,1.00383,1.00,1.00
2014.11.11 20:02:07.998,1.0037,1.00385,1.00,1.12
2014.11.11 20:02:16.855,1.0037,1.00385,1.37,1.00
2014.11.11 20:02:17.280,1.00375,1.00388,1.56,1.00
2014.11.11 20:02:17.432,1.00379,1.00394,1.65,1.00
2014.11.11 20:02:17.484,1.00381,1.00394,1.45,1.00
2014.11.11 20:02:17.535,1.00381,1.00396,1.52,1.00
2014.11.11 20:02:17.636,1.00385,1.00399,1.00,1.65
2014.11.11 20:02:17.788,1.00383,1.00399,2.02,1.65
2014.11.11 20:02:18.251,1.00386,1.00399,1.00,1.65
2014.11.11 20:02:18.773,1.00387,1.00401,1.00,2.02
2014.11.11 20:02:19.078,1.00386,1.004,2.10,1.00
2014.11.11 20:02:19.180,1.00386,1.00402,2.02,1.20
2014.11.11 20:02:19.585,1.00389,1.00404,1.50,3.45
2014.11.11 20:02:19.787,1.00385,1.00401,1.65,1.27
2014.11.11 20:02:19.990,1.00384,1.00401,1.15,2.40
2014.11.11 20:02:20.193,1.00379,1.00395,1.57,3.07
2014.11.11 20:02:20.446,1.00379,1.00393,1.07,1.07
2014.11.11 20:02:20.497,1.00378,1.00393,4.57,1.00
2014.11.11 20:02:20.598,1.00381,1.004,1.65,1.15
2014.11.11 20:02:22.395,1.00383,1.00397,1.57,1.47
2014.11.11 20:02:22.648,1.00378,1.00394,1.10,2.70
2014.11.11 20:02:23.192,1.00379,1.00394,1.00,2.70
2014.11.11 20:02:24.283,1.00379,1.00395,1.20,1.52
2014.11.11 20:02:24.386,1.00382,1.00398,3.00,2.25
2014.11.11 20:02:24.437,1.00383,1.004,1.27,2.02
2014.11.11 20:02:24.946,1.00385,1.00401,1.00,1.52
2014.11.11 20:02:25.503,1.00385,1.00401,1.00,1.65
2014.11.11 20:02:26.061,1.00384,1.00401,1.10,1.65
2014.11.11 20:02:28.382,1.00383,1.00401,1.65,1.52
2014.11.11 20:02:28.433,1.00383,1.00401,1.65,1.55
2014.11.11 20:02:28.942,1.00384,1.00401,1.15,1.55
2014.11.11 20:02:29.246,1.00383,1.00394,1.00,1.45
2014.11.11 20:02:29.448,1.00379,1.00392,1.50,1.10
2014.11.11 20:02:29.861,1.00376,1.00393,1.47,2.02
2014.11.11 20:02:30.379,1.00376,1.00393,1.20,2.02
2014.11.11 20:02:30.989,1.00376,1.00393,1.47,2.02
2014.11.11 20:02:31.298,1.00376,1.00392,1.47,1.17
2014.11.11 20:02:31.824,1.00378,1.00393,1.57,1.27
2014.11.11 20:02:32.600,1.00378,1.00389,1.57,1.00
2014.11.11 20:02:33.377,1.00376,1.00392,1.52,1.20
2014.11.11 20:02:33.808,1.00376,1.00392,1.27,1.27
2014.11.11 20:02:34.328,1.00376,1.0039,1.27,1.07
2014.11.11 20:02:35.009,1.00374,1.00391,2.02,1.00
2014.11.11 20:02:35.534,1.00375,1.00391,1.65,1.00
2014.11.11 20:02:36.357,1.00375,1.00391,1.65,1.07
2014.11.11 20:02:36.581,1.00375,1.00391,1.57,3.07
2014.11.11 20:02:36.735,1.00373,1.00385,1.50,1.00
2014.11.11 20:02:36.887,1.00372,1.00383,1.12,1.00
2014.11.11 20:02:36.938,1.0037,1.00383,1.10,1.20
2014.11.11 20:02:37.242,1.00368,1.00383,2.70,1.50
2014.11.11 20:02:38.912,1.0037,1.00385,1.45,1.17
2014.11.11 20:02:39.064,1.00372,1.00386,1.52,1.00
2014.11.11 20:02:39.552,1.00373,1.00386,1.17,1.37
2014.11.11 20:02:39.806,1.00367,1.00376,1.00,1.00
2014.11.11 20:02:39.908,1.00364,1.00377,1.17,1.20
2014.11.11 20:02:40.436,1.00364,1.00376,1.27,1.00
2014.11.11 20:02:41.074,1.00364,1.00375,1.17,1.00
2014.11.11 20:02:41.729,1.0036,1.00375,2.70,1.00
2014.11.11 20:02:41.780,1.00359,1.00375,1.52,1.00
2014.11.11 20:02:41.932,1.00361,1.00375,4.20,1.00
2014.11.11 20:02:41.983,1.00361,1.00377,4.20,1.00
2014.11.11 20:02:42.034,1.00364,1.00381,1.55,2.02
2014.11.11 20:02:42.136,1.00366,1.00381,1.07,1.20
2014.11.11 20:02:42.237,1.00366,1.00382,1.27,1.20
2014.11.11 20:02:42.461,1.00368,1.00382,1.52,1.00
2014.11.11 20:02:42.819,1.0037,1.00384,1.10,1.10
2014.11.11 20:02:43.175,1.00368,1.00382,1.15,1.00
2014.11.11 20:02:43.277,1.00368,1.00382,1.00,1.17
2014.11.11 20:02:43.784,1.00365,1.00381,1.15,1.47
2014.11.11 20:02:44.088,1.00364,1.00378,1.27,1.12
2014.11.11 20:02:49.477,1.00364,1.00378,1.10,1.17
2014.11.11 20:02:50.873,1.00364,1.00378,1.52,1.00
2014.11.11 20:02:51.026,1.00366,1.00381,1.27,1.52
2014.11.11 20:02:51.685,1.00367,1.00381,1.00,1.27
2014.11.11 20:02:54.176,1.00367,1.00381,1.00,1.27
2014.11.11 20:02:54.328,1.00365,1.00379,1.00,1.27
2014.11.11 20:02:54.430,1.00364,1.00376,1.10,1.00
2014.11.11 20:02:54.883,1.00364,1.00376,1.77,1.00
2014.11.11 20:02:54.984,1.00364,1.00378,1.77,1.00
2014.11.11 20:02:55.288,1.00367,1.00381,1.27,1.00
2014.11.11 20:02:55.390,1.00369,1.00381,3.07,1.00
2014.11.11 20:02:55.643,1.00369,1.00383,1.00,1.10
2014.11.11 20:02:55.695,1.00369,1.00383,1.00,1.15
2014.11.11 20:02:56.192,1.00371,1.00384,1.00,1.65
2014.11.11 20:02:56.649,1.00371,1.00385,1.00,3.15
2014.11.11 20:02:56.953,1.0037,1.00383,1.15,1.37
2014.11.11 20:02:57.422,1.00373,1.00384,1.10,1.00
2014.11.11 20:02:57.928,1.00373,1.00385,1.10,1.10
2014.11.11 20:02:58.283,1.00374,1.00388,1.10,1.95
2014.11.11 20:02:58.485,1.00374,1.00388,3.07,1.00
2014.11.11 20:02:58.638,1.00379,1.00391,1.00,1.12
2014.11.11 20:02:59.044,1.00379,1.00393,1.17,1.00
2014.11.11 20:02:59.598,1.0038,1.00394,1.10,1.95
2014.11.11 20:03:00.057,1.0038,1.00394,1.10,1.47
2014.11.11 20:03:01.883,1.00378,1.00392,1.15,1.12
2014.11.11 20:03:03.767,1.00377,1.00389,1.15,1.00
2014.11.11 20:03:03.818,1.00377,1.00389,1.17,1.00
2014.11.11 20:03:04.363,1.00377,1.00391,1.17,1.55
2014.11.11 20:03:06.926,1.00377,1.00391,1.17,1.55
2014.11.11 20:03:07.130,1.00377,1.00389,1.17,1.12
2014.11.11 20:03:07.231,1.00377,1.00389,1.17,1.37
2014.11.11 20:03:07.333,1.00374,1.00388,1.50,1.20
2014.11.11 20:03:07.536,1.00372,1.00386,1.15,1.00
2014.11.11 20:03:07.638,1.00376,1.0039,1.17,1.00
2014.11.11 20:03:07.740,1.00379,1.00391,1.10,1.00
2014.11.11 20:03:09.336,1.00379,1.00391,1.00,1.15
2014.11.11 20:03:09.753,1.00379,1.00391,1.00,1.00
2014.11.11 20:03:10.198,1.00379,1.00391,3.00,1.00
2014.11.11 20:03:10.300,1.00379,1.00393,5.62,1.00
2014.11.11 20:03:10.504,1.00382,1.00394,1.00,1.15
2014.11.11 20:03:10.605,1.00377,1.00391,1.10,1.17
2014.11.11 20:03:11.061,1.00375,1.00389,1.50,1.17
2014.11.11 20:03:11.163,1.00373,1.00387,1.50,1.17
2014.11.11 20:03:11.468,1.00371,1.00385,1.17,1.37
2014.11.11 20:03:11.971,1.00371,1.00385,1.00,1.52
2014.11.11 20:03:13.098,1.00371,1.00385,1.12,1.27
2014.11.11 20:03:14.727,1.00371,1.00385,1.95,1.07
2014.11.11 20:03:14.778,1.00373,1.00387,1.00,2.02
2014.11.11 20:03:14.985,1.00373,1.00387,1.17,1.95
2014.11.11 20:03:15.491,1.00374,1.00387,1.27,1.00
2014.11.11 20:03:15.694,1.00378,1.00392,1.17,1.37
2014.11.11 20:03:15.948,1.0038,1.00394,1.00,1.55
2014.11.11 20:03:16.668,1.00382,1.00396,1.00,1.52
2014.11.11 20:03:17.966,1.0038,1.00394,1.00,1.55
2014.11.11 20:03:18.521,1.0038,1.00394,1.00,1.55
2014.11.11 20:03:20.234,1.0038,1.00394,1.00,1.52
2014.11.11 20:03:20.387,1.00378,1.00392,1.00,1.55
2014.11.11 20:03:20.894,1.00378,1.0039,1.07,1.00
2014.11.11 20:03:20.945,1.00377,1.00391,1.20,1.57
2014.11.11 20:03:21.300,1.00374,1.00388,1.65,1.12
2014.11.11 20:03:21.402,1.00377,1.00389,1.00,1.57
2014.11.11 20:03:21.756,1.00377,1.00391,1.15,1.12
2014.11.11 20:03:22.903,1.00377,1.00391,1.15,1.12
2014.11.11 20:03:23.410,1.0038,1.00392,1.10,1.00
2014.11.11 20:03:27.850,1.00386,1.00392,1.45,1.00
2014.11.11 20:03:28.003,1.00387,1.00395,1.15,1.00
2014.11.11 20:03:28.104,1.00395,1.00404,1.00,1.00
2014.11.11 20:03:28.308,1.00392,1.00404,1.00,1.20
2014.11.11 20:03:28.845,1.00392,1.00404,1.00,1.47
2014.11.11 20:03:30.593,1.00392,1.00404,1.00,1.20
2014.11.11 20:03:30.847,1.00393,1.00407,1.10,1.47
2014.11.11 20:03:32.634,1.00393,1.00407,1.10,1.20
2014.11.11 20:03:33.522,1.00393,1.00407,1.10,1.47
2014.11.11 20:03:34.712,1.00393,1.00407,1.10,1.47
2014.11.11 20:03:35.016,1.00393,1.00407,1.10,1.47
2014.11.11 20:03:35.584,1.00393,1.00407,1.10,1.20
2014.11.11 20:03:37.029,1.00395,1.00409,1.00,1.52
2014.11.11 20:03:39.745,1.00393,1.00407,1.47,1.10
2014.11.11 20:03:40.049,1.00398,1.00408,1.17,1.00
2014.11.11 20:03:40.201,1.00398,1.0041,1.10,1.10
2014.11.11 20:03:40.252,1.00398,1.0041,1.10,1.47
2014.11.11 20:03:40.303,1.00395,1.00408,1.10,1.45
2014.11.11 20:03:40.607,1.00393,1.00406,1.00,1.10
2014.11.11 20:03:41.802,1.00392,1.00406,1.20,1.20
2014.11.11 20:03:42.005,1.00391,1.00406,4.20,1.00
2014.11.11 20:03:42.056,1.00393,1.00409,1.15,1.47
2014.11.11 20:03:42.464,1.00395,1.00409,2.32,1.00
2014.11.11 20:03:42.566,1.00395,1.00411,3.07,1.00
2014.11.11 20:03:43.071,1.00399,1.00414,1.10,1.17
2014.11.11 20:03:43.364,1.00399,1.00414,1.27,1.07
2014.11.11 20:03:43.723,1.00399,1.00415,1.00,1.52
2014.11.11 20:03:43.773,1.00399,1.00413,1.00,2.70
2014.11.11 20:03:43.824,1.00396,1.00412,1.17,2.02
2014.11.11 20:03:46.842,1.00396,1.00412,1.17,1.52
2014.11.11 20:03:47.095,1.00396,1.0041,1.10,2.70
2014.11.11 20:03:47.196,1.00394,1.0041,1.00,3.45
2014.11.11 20:03:47.247,1.00392,1.00408,1.10,1.52
2014.11.11 20:03:48.173,1.00391,1.00408,1.15,1.37
2014.11.11 20:03:48.376,1.00399,1.00414,1.52,1.00
2014.11.11 20:03:48.477,1.00399,1.00415,3.45,1.00
2014.11.11 20:03:48.781,1.00398,1.00413,1.27,1.20
2014.11.11 20:03:48.883,1.00395,1.00408,2.25,1.15
2014.11.11 20:03:48.984,1.00392,1.00408,1.76,3.07
2014.11.11 20:03:49.389,1.00389,1.00404,1.50,1.15
2014.11.11 20:03:50.061,1.00387,1.00403,1.65,1.15
2014.11.11 20:03:51.424,1.00387,1.00403,2.02,1.37
2014.11.11 20:03:51.627,1.00389,1.00406,1.17,1.52
2014.11.11 20:03:53.048,1.00391,1.00408,1.00,4.20
2014.11.11 20:03:53.201,1.00391,1.00408,1.55,1.55
2014.11.11 20:03:53.756,1.00391,1.00408,1.52,1.12
2014.11.11 20:03:54.220,1.00392,1.00408,2.70,1.12
2014.11.11 20:03:54.422,1.00391,1.00408,2.02,1.55
2014.11.11 20:03:54.524,1.00393,1.00408,2.32,1.37
2014.11.11 20:03:54.726,1.00394,1.0041,1.27,1.20
2014.11.11 20:03:54.930,1.00397,1.00411,1.00,3.45
2014.11.11 20:03:55.183,1.00394,1.00408,1.10,1.15
2014.11.11 20:03:55.897,1.00392,1.00406,1.52,1.10
2014.11.11 20:03:56.100,1.00391,1.00407,1.65,1.52
2014.11.11 20:03:56.604,1.00391,1.00407,1.20,1.52
2014.11.11 20:03:57.111,1.0039,1.00407,1.65,1.52
2014.11.11 20:03:58.047,1.0039,1.00405,1.15,1.57
2014.11.11 20:03:59.229,1.00389,1.00405,1.10,1.52
2014.11.11 20:03:59.988,1.0039,1.00404,1.00,1.27
2014.11.11 20:04:00.523,1.0039,1.00404,1.15,1.37
2014.11.11 20:04:00.625,1.0039,1.00404,1.15,1.37
2014.11.11 20:04:01.341,1.0039,1.00404,1.15,1.37
2014.11.11 20:04:01.945,1.0039,1.00404,1.15,1.37
2014.11.11 20:04:07.787,1.0039,1.00404,1.52,1.00
2014.11.11 20:04:07.838,1.00392,1.00406,1.52,1.00
2014.11.11 20:04:07.940,1.00397,1.00409,1.00,1.20
2014.11.11 20:04:08.143,1.00395,1.00409,1.20,1.65
2014.11.11 20:04:10.773,1.00395,1.00409,1.20,2.02
2014.11.11 20:04:13.520,1.00395,1.00407,1.20,1.00
2014.11.11 20:04:14.606,1.00395,1.00407,1.00,1.47
2014.11.11 20:04:15.141,1.00394,1.00407,1.00,1.47
2014.11.11 20:04:16.560,1.00394,1.00407,1.00,1.52
2014.11.11 20:04:16.713,1.00392,1.00406,1.10,1.52
2014.11.11 20:04:16.815,1.00389,1.00403,1.65,1.12
2014.11.11 20:04:16.867,1.00389,1.00403,1.15,1.12
2014.11.11 20:04:17.374,1.0039,1.00404,1.15,1.10
2014.11.11 20:04:17.889,1.00389,1.00403,1.15,1.00
2014.11.11 20:04:19.163,1.00387,1.00401,1.27,1.00
2014.11.11 20:04:19.214,1.00387,1.00401,1.27,1.75
2014.11.11 20:04:19.368,1.00386,1.00397,1.10,1.37
2014.11.11 20:04:19.471,1.00383,1.0039,1.00,1.00
2014.11.11 20:04:19.573,1.00383,1.00395,1.00,1.20
2014.11.11 20:04:19.676,1.00381,1.00393,1.20,1.00
2014.11.11 20:04:19.828,1.00382,1.00396,1.17,1.00
2014.11.11 20:04:20.133,1.00383,1.00396,2.32,1.00
2014.11.11 20:04:20.235,1.00384,1.00398,1.15,1.00
2014.11.11 20:04:20.438,1.0039,1.00402,1.00,1.20
2014.11.11 20:04:20.878,1.0039,1.00402,1.00,1.57
2014.11.11 20:04:21.031,1.00387,1.00401,1.15,1.37
2014.11.11 20:04:25.465,1.00387,1.00401,1.15,1.50
2014.11.11 20:04:25.617,1.00386,1.004,1.00,2.40
2014.11.11 20:04:25.719,1.00382,1.00394,1.15,1.12
2014.11.11 20:04:26.226,1.00383,1.00397,1.10,1.15
2014.11.11 20:04:26.378,1.00383,1.00397,1.15,1.00
2014.11.11 20:04:26.914,1.00385,1.00399,1.00,1.46
2014.11.11 20:04:27.546,1.00385,1.00399,1.00,1.77
2014.11.11 20:04:28.307,1.00385,1.00399,1.00,1.52
2014.11.11 20:04:30.550,1.0039,1.00399,2.70,1.00
2014.11.11 20:04:30.703,1.00396,1.00404,1.20,1.00
2014.11.11 20:04:30.805,1.00396,1.00408,1.20,1.00
2014.11.11 20:04:30.908,1.00399,1.00413,1.00,1.52
2014.11.11 20:04:31.466,1.00402,1.00414,1.00,1.39
2014.11.11 20:04:31.618,1.00402,1.00414,1.00,1.39
2014.11.11 20:04:32.096,1.00399,1.00413,1.65,1.37
2014.11.11 20:04:32.731,1.00399,1.00413,1.65,1.12
2014.11.11 20:04:40.571,1.00402,1.00416,1.00,3.52
2014.11.11 20:04:40.874,1.00399,1.00413,1.65,1.37
2014.11.11 20:04:41.180,1.00399,1.00412,1.57,2.40
2014.11.11 20:04:41.282,1.00397,1.0041,1.00,4.57
2014.11.11 20:04:41.383,1.00396,1.00407,2.32,1.00
2014.11.11 20:04:41.485,1.00395,1.00409,1.15,1.00
2014.11.11 20:04:41.586,1.00395,1.00409,1.17,1.37
2014.11.11 20:04:41.891,1.00393,1.00405,1.10,1.37
2014.11.11 20:04:42.144,1.0039,1.00404,1.07,1.45
2014.11.11 20:04:42.723,1.0039,1.00404,1.07,1.95
2014.11.11 20:04:46.129,1.0039,1.00404,1.07,1.45
2014.11.11 20:04:46.181,1.00388,1.00402,1.17,1.47
2014.11.11 20:04:46.384,1.00388,1.00398,1.10,1.00
2014.11.11 20:04:46.688,1.00383,1.00394,1.50,1.55
2014.11.11 20:04:47.204,1.00382,1.00394,1.50,1.55
2014.11.11 20:04:48.795,1.00382,1.00394,1.57,1.20
2014.11.11 20:04:48.846,1.00382,1.00396,2.77,1.00
2014.11.11 20:04:48.897,1.00383,1.00396,3.45,1.00
2014.11.11 20:04:48.949,1.00387,1.00401,1.10,1.20
2014.11.11 20:04:49.152,1.00387,1.00401,1.10,2.02
2014.11.11 20:04:49.406,1.0039,1.00402,1.00,1.20
2014.11.11 20:04:51.540,1.0039,1.00402,1.00,1.57
2014.11.11 20:04:52.082,1.0039,1.00402,1.00,1.57
2014.11.11 20:04:54.665,1.0039,1.00402,1.00,1.57
2014.11.11 20:04:54.717,1.0039,1.00402,1.00,3.45
2014.11.11 20:04:54.768,1.00387,1.00401,1.00,1.52
2014.11.11 20:04:54.870,1.00389,1.00403,1.00,6.64
2014.11.11 20:04:55.388,1.00389,1.00403,1.00,2.29
2014.11.11 20:04:56.231,1.00389,1.00402,1.00,2.70
2014.11.11 20:04:56.332,1.00387,1.004,1.12,1.17
2014.11.11 20:04:56.434,1.00387,1.00398,1.12,1.07
2014.11.11 20:04:56.535,1.00387,1.00401,1.87,1.17
2014.11.11 20:04:56.587,1.00391,1.00401,1.00,1.10
2014.11.11 20:04:57.131,1.00391,1.00402,1.00,1.20
2014.11.11 20:04:57.638,1.00391,1.00403,1.50,1.00
2014.11.11 20:05:00.051,1.0039,1.00402,1.57,1.00
2014.11.11 20:05:00.710,1.0039,1.00402,1.00,1.45
2014.11.11 20:05:00.966,1.00383,1.00397,1.00,1.52
2014.11.11 20:05:01.570,1.00382,1.00394,1.00,1.10
2014.11.11 20:05:07.663,1.00381,1.00393,1.00,1.00
2014.11.11 20:05:07.765,1.00381,1.00393,1.00,1.45
2014.11.11 20:05:08.282,1.00381,1.00393,1.00,1.20
2014.11.11 20:05:11.697,1.00379,1.00391,1.07,1.00
2014.11.11 20:05:17.903,1.00379,1.00391,1.00,1.20
2014.11.11 20:05:19.620,1.00376,1.0039,1.55,1.10
2014.11.11 20:05:25.256,1.00376,1.00388,1.20,1.00
2014.11.11 20:05:25.307,1.00376,1.00388,1.00,1.00
2014.11.11 20:05:27.569,1.00376,1.00388,1.12,1.07
2014.11.11 20:05:27.620,1.00376,1.00388,1.00,2.02
2014.11.11 20:05:27.823,1.0037,1.00384,1.37,1.17
2014.11.11 20:05:27.925,1.00372,1.00385,1.55,1.00
2014.11.11 20:05:28.179,1.00373,1.00387,1.47,1.00
2014.11.11 20:05:28.230,1.00373,1.00387,1.47,1.00
2014.11.11 20:05:28.737,1.00375,1.00389,1.12,1.17
2014.11.11 20:05:29.821,1.00374,1.00386,1.12,1.00
2014.11.11 20:05:30.128,1.00372,1.00382,1.00,1.00
2014.11.11 20:05:30.386,1.00368,1.00382,1.87,1.15
2014.11.11 20:05:30.676,1.00369,1.00383,1.07,1.07
2014.11.11 20:05:30.727,1.00369,1.00383,1.15,1.00
2014.11.11 20:05:30.981,1.00371,1.00385,1.55,1.10
2014.11.11 20:05:31.285,1.00376,1.00388,1.00,1.00
2014.11.11 20:05:31.869,1.00377,1.00391,1.00,1.52
2014.11.11 20:05:35.104,1.00375,1.00389,1.00,1.45
2014.11.11 20:05:35.410,1.00373,1.00385,1.00,1.47
2014.11.11 20:05:35.512,1.0037,1.00384,1.10,1.45
2014.11.11 20:05:36.019,1.0037,1.00384,1.15,1.37
2014.11.11 20:05:38.145,1.0037,1.00384,1.15,1.12
2014.11.11 20:05:40.723,1.00369,1.00384,1.15,1.37
2014.11.11 20:05:43.761,1.00369,1.00384,1.15,1.12
2014.11.11 20:05:47.329,1.00369,1.00385,1.15,1.57
2014.11.11 20:05:49.735,1.00369,1.00385,1.52,1.57
2014.11.11 20:05:53.997,1.00369,1.00385,1.52,1.20
2014.11.11 20:05:54.048,1.00369,1.00385,3.45,1.10
2014.11.11 20:05:54.352,1.00377,1.00389,1.00,2.02
2014.11.11 20:05:56.085,1.00375,1.00389,1.07,1.07
2014.11.11 20:05:57.949,1.00373,1.00387,1.27,1.00
2014.11.11 20:05:59.540,1.00373,1.00387,1.07,1.20
2014.11.11 20:05:59.591,1.00373,1.00385,1.07,1.37
2014.11.11 20:05:59.845,1.00371,1.00383,1.00,1.00
2014.11.11 20:06:00.403,1.00369,1.00381,1.12,1.00
2014.11.11 20:06:01.217,1.00369,1.00381,1.37,1.20
2014.11.11 20:06:01.370,1.00373,1.00387,1.45,1.00
2014.11.11 20:06:01.471,1.00374,1.00387,1.47,1.07
2014.11.11 20:06:01.793,1.00374,1.00381,1.37,1.10
2014.11.11 20:06:01.895,1.0037,1.00381,1.00,1.20
2014.11.11 20:06:02.150,1.00369,1.00378,1.00,1.10
2014.11.11 20:06:02.606,1.00366,1.00378,1.50,1.27
2014.11.11 20:06:02.657,1.00366,1.00377,1.50,1.17
2014.11.11 20:06:02.708,1.00364,1.00376,1.00,1.17
2014.11.11 20:06:03.294,1.00363,1.00376,1.50,1.17
2014.11.11 20:06:04.432,1.00363,1.00373,1.50,1.00
2014.11.11 20:06:05.099,1.00363,1.00373,1.57,1.00
2014.11.11 20:06:06.573,1.00363,1.00376,1.57,1.65
2014.11.11 20:06:11.681,1.00363,1.00374,1.50,1.20
2014.11.11 20:06:11.935,1.00359,1.00372,1.12,1.72
2014.11.11 20:06:12.087,1.00359,1.00372,1.07,1.00
2014.11.11 20:06:12.413,1.00365,1.00376,1.00,1.57
2014.11.11 20:06:12.919,1.00365,1.00376,1.00,1.20
2014.11.11 20:06:15.409,1.00365,1.00377,1.20,1.10
2014.11.11 20:06:15.460,1.00366,1.0038,1.07,3.15
2014.11.11 20:06:15.612,1.00367,1.00381,1.07,1.10
2014.11.11 20:06:15.999,1.0037,1.00382,1.00,1.20
2014.11.11 20:06:17.033,1.00368,1.00382,1.10,1.95
2014.11.11 20:06:17.750,1.00368,1.0038,1.10,1.10
2014.11.11 20:06:18.054,1.00367,1.00379,1.00,1.27
2014.11.11 20:06:18.777,1.00365,1.00378,1.10,1.17
2014.11.11 20:06:19.127,1.00363,1.00375,1.00,1.57
2014.11.11 20:06:19.281,1.00363,1.00376,1.10,1.12
2014.11.11 20:06:19.383,1.00363,1.00377,3.00,1.95
2014.11.11 20:06:19.536,1.00366,1.00378,1.17,1.00
2014.11.11 20:06:19.688,1.00366,1.0038,1.55,1.10
2014.11.11 20:06:21.210,1.00367,1.00381,1.00,2.02
2014.11.11 20:06:21.415,1.00364,1.00378,1.20,1.10
2014.11.11 20:06:21.517,1.00364,1.00378,1.12,1.57
2014.11.11 20:06:21.923,1.00364,1.00375,1.00,4.12
2014.11.11 20:06:21.974,1.0036,1.00374,2.62,1.15
2014.11.11 20:06:22.481,1.00359,1.00371,1.17,1.57
2014.11.11 20:06:23.024,1.00361,1.00373,3.37,1.00
2014.11.11 20:06:23.176,1.00363,1.00376,3.07,1.10
2014.11.11 20:06:23.278,1.00366,1.00379,1.07,1.10
2014.11.11 20:06:23.480,1.00369,1.00378,1.00,1.20
2014.11.11 20:06:23.632,1.00366,1.0038,1.00,2.02
2014.11.11 20:06:24.091,1.00366,1.0038,1.15,1.95
2014.11.11 20:06:24.675,1.00366,1.0038,1.15,1.57
2014.11.11 20:06:25.187,1.00366,1.0038,5.62,1.00
2014.11.11 20:06:25.238,1.00369,1.00383,1.15,1.95
2014.11.11 20:06:27.139,1.00373,1.00383,1.00,1.10
2014.11.11 20:06:27.680,1.00373,1.00384,1.37,1.30
2014.11.11 20:06:27.988,1.00379,1.0039,1.10,1.12
2014.11.11 20:06:28.309,1.00379,1.00391,1.17,1.37
2014.11.11 20:06:28.563,1.0038,1.00393,1.10,1.20
2014.11.11 20:06:28.614,1.0038,1.00393,1.17,1.12
2014.11.11 20:06:29.909,1.0038,1.00393,1.15,1.20
2014.11.11 20:06:30.062,1.00382,1.00396,1.15,1.95
2014.11.11 20:06:30.568,1.00384,1.00395,1.00,1.10
2014.11.11 20:06:31.538,1.00384,1.00395,1.17,1.10
2014.11.11 20:06:31.842,1.00383,1.00397,1.15,1.10
2014.11.11 20:06:32.357,1.00385,1.00398,1.10,1.87
2014.11.11 20:06:34.184,1.00383,1.00398,1.10,2.77
2014.11.11 20:06:36.838,1.00384,1.00398,3.45,2.25
2014.11.11 20:06:37.024,1.00388,1.00403,1.15,1.27
2014.11.11 20:06:37.125,1.00388,1.00404,3.45,1.20
2014.11.11 20:06:37.429,1.00388,1.00403,3.07,1.95
2014.11.11 20:06:37.531,1.00388,1.00403,3.45,1.20
2014.11.11 20:06:37.632,1.00388,1.00402,1.10,1.20
2014.11.11 20:06:38.138,1.00388,1.00403,3.07,1.10
2014.11.11 20:06:38.341,1.0039,1.00405,1.15,1.00
2014.11.11 20:06:38.860,1.0039,1.00404,1.27,1.10
2014.11.11 20:06:39.608,1.0039,1.00405,1.27,1.57
2014.11.11 20:06:44.633,1.00391,1.00403,1.17,1.00
2014.11.11 20:06:45.216,1.00391,1.00404,1.17,1.00
2014.11.11 20:06:45.851,1.00391,1.00405,1.17,1.00
2014.11.11 20:06:47.161,1.00391,1.00406,3.45,1.12
2014.11.11 20:06:48.422,1.00391,1.00406,1.27,1.20
2014.11.11 20:06:48.828,1.00391,1.00403,1.15,1.00
2014.11.11 20:06:50.239,1.0039,1.00404,1.15,1.00
2014.11.11 20:06:50.892,1.0039,1.00403,1.15,1.00
2014.11.11 20:06:51.389,1.0039,1.00404,1.10,2.02
2014.11.11 20:06:51.440,1.00389,1.00404,1.00,5.70
2014.11.11 20:06:51.542,1.00387,1.00404,1.00,4.27
2014.11.11 20:06:52.107,1.00384,1.00401,1.27,1.65
2014.11.11 20:06:52.967,1.00384,1.00401,1.17,1.65
2014.11.11 20:06:53.272,1.00381,1.004,1.27,4.27
2014.11.11 20:06:53.733,1.0038,1.00396,2.40,1.55
2014.11.11 20:06:56.782,1.0038,1.00396,1.55,1.72
2014.11.11 20:06:57.087,1.00383,1.00389,1.00,1.20
2014.11.11 20:06:57.291,1.00374,1.00383,1.00,1.65
2014.11.11 20:06:57.358,1.00372,1.00383,1.50,1.65
2014.11.11 20:06:57.715,1.00371,1.00386,1.15,1.30
2014.11.11 20:06:57.766,1.00371,1.00387,3.07,1.65
2014.11.11 20:06:58.072,1.00376,1.0039,1.10,1.27
2014.11.11 20:06:58.389,1.00376,1.00392,1.07,1.17
2014.11.11 20:06:58.954,1.00376,1.00393,1.15,2.47
2014.11.11 20:06:59.373,1.00376,1.0039,1.27,1.00
2014.11.11 20:07:00.374,1.00377,1.00392,1.17,1.20
2014.11.11 20:07:00.627,1.00377,1.0039,1.17,1.47
2014.11.11 20:07:00.729,1.00374,1.0039,1.00,3.52
2014.11.11 20:07:00.780,1.00371,1.00387,1.17,1.55
2014.11.11 20:07:00.831,1.00371,1.00387,1.17,1.55
2014.11.11 20:07:00.983,1.00369,1.00385,1.10,2.70
2014.11.11 20:07:01.629,1.00367,1.00382,1.15,1.65
2014.11.11 20:07:01.884,1.00363,1.00378,1.10,1.62
2014.11.11 20:07:02.392,1.00358,1.00376,4.95,1.65
2014.11.11 20:07:02.811,1.00358,1.00375,2.77,1.65
2014.11.11 20:07:03.990,1.00359,1.00377,3.45,2.10
2014.11.11 20:07:04.552,1.00359,1.00377,3.07,2.10
2014.11.11 20:07:04.653,1.00358,1.00377,2.77,2.10
2014.11.11 20:07:04.805,1.00358,1.00376,2.40,3.52
2014.11.11 20:07:05.110,1.00354,1.00372,3.45,1.15
2014.11.11 20:07:05.537,1.00355,1.00372,1.47,1.35
2014.11.11 20:07:05.993,1.00351,1.00367,2.70,1.10
2014.11.11 20:07:07.128,1.00351,1.00369,2.70,1.20
2014.11.11 20:07:07.468,1.0035,1.00366,4.95,1.10
2014.11.11 20:07:07.772,1.0035,1.00364,1.52,1.10
2014.11.11 20:07:08.412,1.00348,1.00364,2.25,4.20
2014.11.11 20:07:08.463,1.00347,1.00363,1.00,1.52
2014.11.11 20:07:08.514,1.00346,1.00361,1.00,2.70
2014.11.11 20:07:09.020,1.00341,1.00358,2.70,1.27
2014.11.11 20:07:12.182,1.0034,1.00358,2.70,3.71
2014.11.11 20:07:12.233,1.00338,1.00358,3.45,4.09
2014.11.11 20:07:12.790,1.00337,1.00357,3.45,4.46
2014.11.11 20:07:12.841,1.00337,1.00357,1.27,6.64
2014.11.11 20:07:13.095,1.00335,1.00355,4.87,2.47
2014.11.11 20:07:13.248,1.00334,1.00353,1.52,1.62
2014.11.11 20:07:13.803,1.00334,1.00352,1.65,1.62
2014.11.11 20:07:13.905,1.00334,1.00348,1.20,1.07
2014.11.11 20:07:14.065,1.00332,1.00348,1.00,5.62
2014.11.11 20:07:14.217,1.0033,1.00338,1.55,1.00
2014.11.11 20:07:14.319,1.00329,1.00341,2.02,1.00
2014.11.11 20:07:14.472,1.00329,1.00341,1.20,1.10
2014.11.11 20:07:14.676,1.00329,1.00337,1.10,1.00
2014.11.11 20:07:14.879,1.00326,1.00342,2.51,1.07
2014.11.11 20:07:15.031,1.00328,1.00337,1.00,2.32
2014.11.11 20:07:15.133,1.00328,1.00339,1.00,1.25
2014.11.11 20:07:15.184,1.00323,1.00339,1.00,1.25
2014.11.11 20:07:15.539,1.0032,1.00339,1.00,1.25
2014.11.11 20:07:16.050,1.00319,1.00338,1.00,1.25
2014.11.11 20:07:16.506,1.00319,1.00335,1.37,2.25
2014.11.11 20:07:16.760,1.00313,1.00331,1.76,1.00
2014.11.11 20:07:16.912,1.00313,1.00332,1.50,2.25
2014.11.11 20:07:17.064,1.00312,1.00331,1.00,2.47
2014.11.11 20:07:17.216,1.00314,1.00331,1.10,1.50
2014.11.11 20:07:17.419,1.00315,1.00335,1.10,1.00
2014.11.11 20:07:17.470,1.00315,1.00335,1.10,1.57
2014.11.11 20:07:17.622,1.00313,1.00332,1.00,1.57
2014.11.11 20:07:17.723,1.00315,1.00332,1.00,1.07
2014.11.11 20:07:17.875,1.00312,1.00333,2.51,1.57
2014.11.11 20:07:17.977,1.00316,1.00333,3.07,1.10
2014.11.11 20:07:18.078,1.00318,1.00336,1.00,1.10
2014.11.11 20:07:18.230,1.0032,1.00338,1.00,1.07
2014.11.11 20:07:18.282,1.00321,1.00339,1.00,1.50
2014.11.11 20:07:18.384,1.00321,1.00342,1.37,5.40
2014.11.11 20:07:18.485,1.00324,1.00343,1.00,1.65
2014.11.11 20:07:18.789,1.00323,1.00345,1.87,2.47
2014.11.11 20:07:18.941,1.00322,1.00343,1.39,1.00
2014.11.11 20:07:19.448,1.00324,1.00343,1.87,1.00
2014.11.11 20:07:19.752,1.00327,1.00343,1.00,1.10
2014.11.11 20:07:20.057,1.00326,1.00343,1.00,1.47
2014.11.11 20:07:20.743,1.00326,1.00343,1.12,1.12
2014.11.11 20:07:21.386,1.00326,1.00345,1.37,2.62
2014.11.11 20:07:21.542,1.00326,1.00346,1.37,1.12
2014.11.11 20:07:22.651,1.00327,1.00347,1.50,2.04
2014.11.11 20:07:22.803,1.00324,1.00343,1.00,2.70
2014.11.11 20:07:22.955,1.00324,1.00342,1.87,1.15
2014.11.11 20:07:23.006,1.00324,1.00341,1.87,1.10
2014.11.11 20:07:23.057,1.00324,1.00341,1.87,1.00
2014.11.11 20:07:23.159,1.00322,1.00343,1.69,1.00
2014.11.11 20:07:23.362,1.00325,1.00345,1.50,1.17
2014.11.11 20:07:23.463,1.00327,1.00346,1.57,1.00
2014.11.11 20:07:23.787,1.00329,1.00349,1.10,3.94
2014.11.11 20:07:24.265,1.00328,1.00349,1.10,3.00
2014.11.11 20:07:24.786,1.00329,1.00349,1.47,1.87
2014.11.11 20:07:25.293,1.0033,1.00349,1.37,1.87
2014.11.11 20:07:27.173,1.0033,1.0035,1.37,1.87
2014.11.11 20:07:27.528,1.0033,1.00351,1.37,2.14
2014.11.11 20:07:30.185,1.0033,1.00352,1.37,3.52
2014.11.11 20:07:30.769,1.0033,1.00352,1.37,3.34
2014.11.11 20:07:32.468,1.0033,1.0035,1.12,1.55
2014.11.11 20:07:32.570,1.0033,1.00349,1.37,2.02
2014.11.11 20:07:32.925,1.00328,1.00348,3.45,2.70
2014.11.11 20:07:33.026,1.00328,1.00349,3.45,2.02
2014.11.11 20:07:33.077,1.00328,1.00349,3.45,2.02
2014.11.11 20:07:33.583,1.00328,1.00349,3.45,2.77
2014.11.11 20:07:33.684,1.0033,1.00348,1.10,1.47
2014.11.11 20:07:34.190,1.00329,1.00348,1.47,2.77
2014.11.11 20:07:34.726,1.00328,1.00349,1.37,2.21
2014.11.11 20:07:35.222,1.00328,1.00349,1.37,4.39
2014.11.11 20:07:35.539,1.00328,1.00347,1.12,1.55
2014.11.11 20:07:36.083,1.00328,1.00347,1.95,1.55
2014.11.11 20:07:36.134,1.0033,1.00347,1.10,1.47
2014.11.11 20:07:36.337,1.00328,1.00349,1.20,2.14
2014.11.11 20:07:36.388,1.00328,1.00349,1.47,2.14
2014.11.11 20:07:37.796,1.0033,1.0035,1.20,3.15
2014.11.11 20:07:38.116,1.00326,1.00345,1.00,3.56
2014.11.11 20:07:38.422,1.00323,1.00345,1.47,1.47
2014.11.11 20:07:38.524,1.00324,1.00344,1.47,1.37
2014.11.11 20:07:38.727,1.00326,1.00347,1.30,1.69
2014.11.11 20:07:38.879,1.00328,1.00347,1.10,1.50
2014.11.11 20:07:39.408,1.00327,1.00347,1.10,1.00
2014.11.11 20:07:39.712,1.00329,1.00348,1.47,1.37
2014.11.11 20:07:40.285,1.00331,1.00349,1.10,2.02
2014.11.11 20:07:40.794,1.00331,1.00349,1.47,2.02
2014.11.11 20:07:41.408,1.00332,1.00349,1.47,1.27
2014.11.11 20:07:44.135,1.00334,1.00352,1.20,1.52
2014.11.11 20:07:44.440,1.00334,1.00354,1.47,2.96
2014.11.11 20:07:44.969,1.00337,1.00354,1.10,2.14
2014.11.11 20:07:45.339,1.00339,1.00354,1.10,1.37
2014.11.11 20:07:45.441,1.00339,1.00359,2.70,2.32
2014.11.11 20:07:45.744,1.00339,1.00358,2.32,1.92
2014.11.11 20:07:45.846,1.00339,1.00357,1.00,1.46
2014.11.11 20:07:45.897,1.00337,1.00355,1.00,1.07
2014.11.11 20:07:46.264,1.00334,1.00355,2.32,1.57
2014.11.11 20:07:46.518,1.00336,1.00356,1.00,1.25
2014.11.11 20:07:46.822,1.00336,1.00356,1.00,3.34
2014.11.11 20:07:47.329,1.00335,1.00354,1.00,1.55
2014.11.11 20:07:48.258,1.00335,1.00351,1.00,1.65
2014.11.11 20:07:48.411,1.00331,1.00348,1.00,1.55
2014.11.11 20:07:48.768,1.0033,1.00347,1.12,1.12
2014.11.11 20:07:48.819,1.0033,1.00348,1.37,2.02
2014.11.11 20:07:49.125,1.0033,1.0035,1.75,1.25
2014.11.11 20:07:49.227,1.00331,1.00351,1.50,2.02
2014.11.11 20:07:50.342,1.00333,1.00354,1.37,2.85
2014.11.11 20:07:50.443,1.00333,1.00353,1.12,1.52
2014.11.11 20:07:50.646,1.00333,1.00352,1.00,1.65
2014.11.11 20:07:51.153,1.00333,1.00349,1.00,1.27
2014.11.11 20:07:51.255,1.00333,1.00351,1.37,2.02
2014.11.11 20:07:51.828,1.00332,1.00351,1.37,1.00
2014.11.11 20:07:52.334,1.00335,1.00353,1.12,2.85
2014.11.11 20:07:53.996,1.00335,1.00353,1.00,3.52
2014.11.11 20:07:54.302,1.00333,1.00348,1.00,1.47
2014.11.11 20:07:54.454,1.00331,1.00347,1.00,1.37
2014.11.11 20:07:54.809,1.00329,1.00347,1.87,1.37
2014.11.11 20:07:56.163,1.00329,1.00347,1.00,1.37
2014.11.11 20:07:56.879,1.00329,1.00348,1.95,1.95
2014.11.11 20:07:56.981,1.00331,1.00349,1.47,1.10
2014.11.11 20:07:57.083,1.00332,1.00351,1.37,1.95
2014.11.11 20:07:57.632,1.00334,1.00352,1.47,1.87
2014.11.11 20:07:58.144,1.00336,1.00353,1.12,1.50
2014.11.11 20:07:58.195,1.00336,1.00353,1.37,1.00
2014.11.11 20:07:58.297,1.0034,1.00356,1.47,1.50
2014.11.11 20:07:58.399,1.00342,1.00358,1.00,1.27
2014.11.11 20:07:58.653,1.00342,1.00358,1.00,1.95
2014.11.11 20:07:58.907,1.0034,1.00357,1.10,1.52
2014.11.11 20:07:58.958,1.00338,1.00352,1.65,1.00
2014.11.11 20:07:59.009,1.00338,1.00352,1.50,1.17
2014.11.11 20:07:59.110,1.00338,1.00352,1.00,1.15
2014.11.11 20:07:59.161,1.00336,1.00349,1.50,1.10
2014.11.11 20:07:59.688,1.00335,1.00349,1.10,1.10
2014.11.11 20:07:59.942,1.00335,1.00349,1.57,1.10
2014.11.11 20:08:00.144,1.00338,1.00354,2.02,1.82
2014.11.11 20:08:00.508,1.0034,1.00357,1.52,2.14
2014.11.11 20:08:00.710,1.00341,1.00357,1.10,2.21
2014.11.11 20:08:03.071,1.0034,1.00357,1.17,2.85
2014.11.11 20:08:03.173,1.00339,1.00352,1.07,1.55
2014.11.11 20:08:03.225,1.00339,1.00352,1.00,3.52
2014.11.11 20:08:03.428,1.00335,1.00349,1.00,1.27
2014.11.11 20:08:03.846,1.00335,1.00349,1.95,1.17
2014.11.11 20:08:03.998,1.00338,1.00355,1.52,2.02
2014.11.11 20:08:04.527,1.00341,1.00353,1.00,1.00
2014.11.11 20:08:05.443,1.00343,1.00357,1.00,2.02
2014.11.11 20:08:07.339,1.00343,1.00357,1.10,1.10
2014.11.11 20:08:08.800,1.00343,1.00357,1.10,1.47
2014.11.11 20:08:09.317,1.00341,1.00355,1.07,1.07
2014.11.11 20:08:09.980,1.00341,1.00355,1.07,1.45
2014.11.11 20:08:10.391,1.00341,1.00355,1.07,1.45
2014.11.11 20:08:13.397,1.0034,1.00354,1.17,1.47
2014.11.11 20:08:14.936,1.0034,1.00354,1.17,1.47
2014.11.11 20:08:15.246,1.00344,1.00356,1.00,1.74
2014.11.11 20:08:15.574,1.00342,1.00354,1.10,1.47
2014.11.11 20:08:16.101,1.00344,1.00356,1.00,1.55
2014.11.11 20:08:16.603,1.00344,1.00356,1.00,1.55
2014.11.11 20:08:17.133,1.00343,1.00356,1.10,1.87
2014.11.11 20:08:17.607,1.00343,1.00356,1.10,1.87
2014.11.11 20:08:19.611,1.00342,1.00354,1.17,1.00
2014.11.11 20:08:20.527,1.00339,1.00353,1.17,1.00
2014.11.11 20:08:20.628,1.0034,1.00354,1.52,1.50
2014.11.11 20:08:20.933,1.00344,1.00356,2.02,1.00
2014.11.11 20:08:21.260,1.00346,1.00359,1.17,1.12
2014.11.11 20:08:21.311,1.00346,1.0036,1.17,1.47
2014.11.11 20:08:24.389,1.00346,1.0036,1.17,1.20
2014.11.11 20:08:24.952,1.00346,1.0036,1.27,1.47
2014.11.11 20:08:25.562,1.00346,1.0036,1.17,1.20
2014.11.11 20:08:26.068,1.00346,1.0036,1.17,1.47
2014.11.11 20:08:28.890,1.00346,1.0036,1.17,1.20
2014.11.11 20:08:31.065,1.00349,1.00361,1.00,1.45
2014.11.11 20:08:32.679,1.00349,1.00361,1.17,1.00
2014.11.11 20:08:32.730,1.00351,1.00363,1.10,1.20
2014.11.11 20:08:34.684,1.00352,1.00365,1.00,1.55
2014.11.11 20:08:36.180,1.00352,1.00365,1.00,1.65
2014.11.11 20:08:36.281,1.0035,1.00364,1.00,1.52
2014.11.11 20:08:36.332,1.00348,1.00362,1.00,1.55
2014.11.11 20:08:37.026,1.00348,1.00362,1.20,1.07
2014.11.11 20:08:37.077,1.00348,1.00362,1.27,1.00
2014.11.11 20:08:37.178,1.0035,1.00364,1.15,1.12
2014.11.11 20:08:37.688,1.00353,1.00365,1.00,1.37
2014.11.11 20:08:38.998,1.00353,1.00365,1.00,1.00
2014.11.11 20:08:39.535,1.00353,1.00365,1.07,1.00
2014.11.11 20:08:39.636,1.00355,1.00367,1.17,1.12
2014.11.11 20:08:40.178,1.00355,1.00369,1.17,3.52
2014.11.11 20:08:40.380,1.00355,1.00369,1.15,1.00
2014.11.11 20:08:40.634,1.00359,1.00373,1.20,3.97
2014.11.11 20:08:40.735,1.00359,1.00373,1.20,3.97
2014.11.11 20:08:48.659,1.00358,1.0037,1.07,1.47
2014.11.11 20:08:48.760,1.00356,1.0037,1.00,1.55
2014.11.11 20:08:48.913,1.00353,1.00367,1.00,1.55
2014.11.11 20:08:49.217,1.0035,1.00367,1.52,1.52
2014.11.11 20:08:49.422,1.00353,1.00368,1.00,3.52
2014.11.11 20:08:50.965,1.00355,1.00368,1.07,2.32
2014.11.11 20:08:51.016,1.00355,1.00368,1.15,1.50
2014.11.11 20:08:51.118,1.00357,1.0037,1.17,1.12
2014.11.11 20:08:51.219,1.00357,1.00374,1.52,4.57
2014.11.11 20:08:51.748,1.00359,1.00374,1.17,1.57
2014.11.11 20:08:52.255,1.00358,1.00371,1.07,1.20
2014.11.11 20:08:52.892,1.00358,1.00372,1.27,1.50
2014.11.11 20:08:54.069,1.00358,1.00374,1.15,2.70
2014.11.11 20:08:56.269,1.00358,1.00373,1.15,1.37
2014.11.11 20:08:57.215,1.00358,1.00373,1.15,1.37
2014.11.11 20:09:00.296,1.00358,1.00372,1.07,1.37
2014.11.11 20:09:00.347,1.00358,1.0037,1.10,1.37
2014.11.11 20:09:00.399,1.00358,1.0037,1.10,1.00
2014.11.11 20:09:00.938,1.00358,1.00372,1.10,1.47
2014.11.11 20:09:03.988,1.00358,1.00372,3.90,1.47
2014.11.11 20:09:04.039,1.0036,1.00373,1.27,1.00
2014.11.11 20:09:04.141,1.00361,1.00375,3.52,1.00
2014.11.11 20:09:04.242,1.00362,1.00377,3.45,1.00
2014.11.11 20:09:04.445,1.00364,1.00377,1.17,1.47
2014.11.11 20:09:04.546,1.00363,1.00377,1.00,2.02
2014.11.11 20:09:04.648,1.00359,1.00375,1.17,1.65
2014.11.11 20:09:05.230,1.00357,1.00373,1.65,1.00
2014.11.11 20:09:05.742,1.00357,1.00373,1.65,1.37
2014.11.11 20:09:06.553,1.0036,1.00373,2.70,1.00
2014.11.11 20:09:06.808,1.00365,1.00381,4.20,1.20
2014.11.11 20:09:07.113,1.00368,1.00382,1.07,2.51
2014.11.11 20:09:07.164,1.00365,1.00382,1.07,2.59
2014.11.11 20:09:07.215,1.00365,1.00382,1.07,2.21
2014.11.11 20:09:07.266,1.00365,1.00381,1.00,1.00
2014.11.11 20:09:07.369,1.00361,1.00377,1.50,1.50
2014.11.11 20:09:07.673,1.00359,1.00373,1.00,1.00
2014.11.11 20:09:07.926,1.00356,1.00373,1.00,1.00
2014.11.11 20:09:08.685,1.00354,1.00371,1.00,1.00
2014.11.11 20:09:09.111,1.00354,1.00371,1.00,1.37
2014.11.11 20:09:10.234,1.00354,1.00368,1.00,1.00
2014.11.11 20:09:12.275,1.00354,1.00368,1.07,1.00
2014.11.11 20:09:12.529,1.0036,1.00374,1.50,1.00
2014.11.11 20:09:12.732,1.0036,1.00371,1.00,1.00
2014.11.11 20:09:12.987,1.00358,1.0037,1.00,1.00
2014.11.11 20:09:13.528,1.00359,1.00371,1.00,1.00
2014.11.11 20:09:17.830,1.0036,1.00374,1.00,1.50
2014.11.11 20:09:18.366,1.00361,1.00375,1.00,1.37
2014.11.11 20:09:18.570,1.00364,1.00376,1.00,1.87
2014.11.11 20:09:18.672,1.00361,1.00375,1.12,1.00
2014.11.11 20:09:20.088,1.00361,1.00375,1.37,1.00
2014.11.11 20:09:20.442,1.0036,1.00373,1.10,1.00
2014.11.11 20:09:20.544,1.00361,1.00375,1.00,1.12
2014.11.11 20:09:22.430,1.00361,1.00373,1.00,1.00
2014.11.11 20:09:22.532,1.00358,1.00372,1.50,1.37
2014.11.11 20:09:23.057,1.00358,1.0037,1.00,1.12
2014.11.11 20:09:23.209,1.00356,1.00368,1.00,1.00
2014.11.11 20:09:24.960,1.00356,1.00367,1.00,1.00
2014.11.11 20:09:25.163,1.00351,1.00363,1.00,1.00
2014.11.11 20:09:25.417,1.00352,1.00366,1.00,1.00
2014.11.11 20:09:25.722,1.00355,1.00367,1.00,1.00
2014.11.11 20:09:26.035,1.00353,1.00367,1.00,1.00
2014.11.11 20:09:27.198,1.00353,1.00367,1.00,1.37
2014.11.11 20:09:28.008,1.00353,1.00367,1.00,1.37
2014.11.11 20:09:28.277,1.00351,1.00365,1.00,1.12
2014.11.11 20:09:28.792,1.0035,1.00364,1.00,1.00
2014.11.11 20:09:29.147,1.00349,1.00361,1.00,1.00
2014.11.11 20:09:29.653,1.00348,1.0036,1.00,1.00
2014.11.11 20:09:30.753,1.00348,1.0036,1.37,1.00
2014.11.11 20:09:30.803,1.00348,1.00362,1.37,1.00
2014.11.11 20:09:30.905,1.00352,1.00364,1.00,1.12
2014.11.11 20:09:31.209,1.0035,1.00362,1.00,1.00
2014.11.11 20:09:32.170,1.0035,1.00362,1.00,1.37
2014.11.11 20:09:32.221,1.00347,1.00361,1.00,1.12
2014.11.11 20:09:32.272,1.00347,1.00361,1.00,1.37
2014.11.11 20:09:32.323,1.00345,1.00359,1.00,1.12
2014.11.11 20:09:32.475,1.00345,1.00359,1.00,1.37
2014.11.11 20:09:32.526,1.00343,1.00357,1.00,1.12
2014.11.11 20:09:32.577,1.00343,1.00357,1.00,1.37
2014.11.11 20:09:33.378,1.00343,1.00357,1.00,1.12
2014.11.11 20:09:33.581,1.00343,1.00357,1.00,1.37
2014.11.11 20:09:33.885,1.0034,1.00354,1.07,1.12
2014.11.11 20:09:37.628,1.0034,1.00354,1.00,1.12
2014.11.11 20:09:42.486,1.0034,1.00354,1.37,1.00
2014.11.11 20:09:43.033,1.00341,1.00356,1.12,1.37
2014.11.11 20:09:43.819,1.00341,1.00356,1.12,1.00
2014.11.11 20:09:44.506,1.00341,1.00356,1.00,1.37
2014.11.11 20:09:44.607,1.00341,1.00356,1.00,1.12
2014.11.11 20:09:47.263,1.00342,1.00356,1.00,1.00
2014.11.11 20:09:47.814,1.00343,1.00357,1.00,1.12
2014.11.11 20:09:51.673,1.00346,1.00358,1.00,1.00
2014.11.11 20:09:52.331,1.00347,1.00359,1.00,1.00
2014.11.11 20:09:52.686,1.00345,1.00359,1.00,1.12
2014.11.11 20:09:53.294,1.00345,1.00359,1.00,1.37
2014.11.11 20:09:54.063,1.00344,1.00356,1.00,1.00
2014.11.11 20:10:00.667,1.00344,1.00356,1.00,1.37
2014.11.11 20:10:00.719,1.00342,1.00356,1.00,1.37
2014.11.11 20:10:04.676,1.00342,1.00356,1.12,1.12
2014.11.11 20:10:05.189,1.00343,1.00357,1.00,1.00
2014.11.11 20:10:07.701,1.00343,1.00357,1.37,1.00
2014.11.11 20:10:07.752,1.00345,1.00359,1.37,1.00
2014.11.11 20:10:07.904,1.00347,1.00359,1.37,1.00
2014.11.11 20:10:07.955,1.00349,1.00361,1.00,1.00
2014.11.11 20:10:08.057,1.00351,1.00364,1.00,1.10
2014.11.11 20:10:08.209,1.00351,1.00365,1.00,2.25
2014.11.11 20:10:08.411,1.00348,1.00362,1.00,1.12
2014.11.11 20:10:08.883,1.00348,1.00362,1.00,1.37
2014.11.11 20:10:09.886,1.00348,1.00362,1.00,1.37
2014.11.11 20:10:10.191,1.0035,1.00364,1.27,1.00
2014.11.11 20:10:10.293,1.00353,1.00367,1.00,2.85
2014.11.11 20:10:10.843,1.00353,1.00367,1.10,1.47
2014.11.11 20:10:11.528,1.00353,1.00367,1.10,1.20
2014.11.11 20:10:14.041,1.00355,1.00369,1.00,1.52
2014.11.11 20:10:14.346,1.00358,1.0037,1.00,1.55
2014.11.11 20:10:15.322,1.0036,1.00371,1.00,1.57
2014.11.11 20:10:15.974,1.00357,1.00371,1.10,2.02
2014.11.11 20:10:19.127,1.00357,1.00368,1.10,1.12
2014.11.11 20:10:19.281,1.00352,1.00366,1.10,1.55
2014.11.11 20:10:19.585,1.00351,1.00363,1.07,1.00
2014.11.11 20:10:19.637,1.00352,1.00366,1.27,1.50
2014.11.11 20:10:19.789,1.00355,1.00367,1.07,1.00
2014.11.11 20:10:19.840,1.00356,1.0037,1.07,1.45
2014.11.11 20:10:20.093,1.00355,1.00369,1.00,1.52
2014.11.11 20:10:20.447,1.00356,1.00368,1.00,1.47
2014.11.11 20:10:20.499,1.00354,1.00366,1.10,1.37
2014.11.11 20:10:20.752,1.00351,1.00365,1.15,1.37
2014.11.11 20:10:21.258,1.00351,1.00365,1.15,1.00
2014.11.11 20:10:21.360,1.00351,1.00365,1.15,2.70
2014.11.11 20:10:21.614,1.00349,1.00361,1.00,1.12
2014.11.11 20:10:22.069,1.00352,1.00364,1.00,2.85
2014.11.11 20:10:23.942,1.00352,1.00364,1.00,1.27
2014.11.11 20:10:30.136,1.00352,1.00364,1.07,1.12
2014.11.11 20:10:32.197,1.00354,1.00366,1.00,1.20
2014.11.11 20:10:32.248,1.00354,1.00366,1.15,1.00
2014.11.11 20:10:32.299,1.00357,1.00369,1.00,2.62
2014.11.11 20:10:32.451,1.00357,1.00369,1.17,2.25
2014.11.11 20:10:32.959,1.00359,1.00371,1.10,1.47
2014.11.11 20:10:42.387,1.00359,1.00371,1.10,1.20
2014.11.11 20:10:42.741,1.00356,1.0037,1.00,1.27
2014.11.11 20:10:42.792,1.00356,1.0037,1.00,1.65
2014.11.11 20:10:43.096,1.00351,1.00363,1.10,1.20
2014.11.11 20:10:44.380,1.00351,1.00363,1.10,1.47
2014.11.11 20:10:44.482,1.00351,1.00363,1.10,1.20
2014.11.11 20:10:50.605,1.00351,1.00363,1.10,1.47
2014.11.11 20:10:51.124,1.00351,1.00363,1.10,1.20
2014.11.11 20:10:51.225,1.00351,1.00363,1.10,1.47
2014.11.11 20:10:51.737,1.00349,1.00361,1.17,1.37
2014.11.11 20:10:51.787,1.00349,1.00361,1.00,1.47
2014.11.11 20:10:56.455,1.00349,1.00359,1.00,1.00
2014.11.11 20:11:08.793,1.00347,1.0036,1.10,1.37
2014.11.11 20:11:21.339,1.00347,1.0036,1.17,1.50
2014.11.11 20:11:21.542,1.00347,1.0036,3.45,1.00
2014.11.11 20:11:21.643,1.0035,1.00363,1.07,1.20
2014.11.11 20:11:25.355,1.0035,1.00363,1.07,1.47
2014.11.11 20:11:25.557,1.00347,1.00361,1.00,1.47
2014.11.11 20:11:25.659,1.00347,1.00361,1.52,1.00
2014.11.11 20:11:26.331,1.0035,1.00363,1.10,1.45
2014.11.11 20:11:28.693,1.00348,1.00361,1.27,1.00
2014.11.11 20:11:29.197,1.00348,1.0036,1.27,1.00
2014.11.11 20:11:32.400,1.0035,1.0036,1.55,1.00
2014.11.11 20:11:32.452,1.00352,1.00364,1.20,1.00
2014.11.11 20:11:32.554,1.00352,1.00366,1.52,1.10
2014.11.11 20:11:33.060,1.00353,1.00367,1.37,1.10
2014.11.11 20:11:33.415,1.00353,1.00367,1.00,1.20
2014.11.11 20:11:33.517,1.00353,1.00367,1.00,1.27
2014.11.11 20:11:33.923,1.00353,1.00365,1.55,1.00
2014.11.11 20:11:34.024,1.00354,1.00368,1.47,1.10
2014.11.11 20:11:34.573,1.00354,1.00368,1.52,1.00
2014.11.11 20:11:34.674,1.00356,1.0037,1.20,1.10
2014.11.11 20:11:34.781,1.00359,1.00371,1.00,1.17
2014.11.11 20:11:35.239,1.00356,1.0037,1.20,1.20
2014.11.11 20:11:36.310,1.00359,1.0037,1.00,1.57
2014.11.11 20:11:36.564,1.00359,1.00372,1.10,1.50
2014.11.11 20:11:37.084,1.00359,1.00373,1.10,2.51
2014.11.11 20:11:37.788,1.00359,1.00373,1.00,1.65
2014.11.11 20:11:38.093,1.00362,1.00374,1.45,1.00
2014.11.11 20:11:38.196,1.00363,1.00377,1.55,1.00
2014.11.11 20:11:38.247,1.00363,1.00377,1.55,1.00
2014.11.11 20:11:38.349,1.00364,1.00377,1.00,1.17
2014.11.11 20:11:38.501,1.00363,1.00377,1.50,1.52
2014.11.11 20:11:38.603,1.00363,1.00377,1.65,1.37
2014.11.11 20:11:38.755,1.00365,1.00379,1.20,1.20
2014.11.11 20:11:38.856,1.00367,1.00381,1.00,1.15
2014.11.11 20:11:39.009,1.00367,1.00381,1.10,1.10
2014.11.11 20:11:39.552,1.00368,1.00382,1.00,1.65
2014.11.11 20:11:40.788,1.00368,1.00377,1.00,1.00
2014.11.11 20:11:40.890,1.00365,1.00379,1.00,1.52
2014.11.11 20:11:41.092,1.00364,1.0038,1.52,1.57
2014.11.11 20:11:41.143,1.00364,1.0038,1.52,1.00
2014.11.11 20:11:41.808,1.00364,1.00379,1.52,1.00
2014.11.11 20:11:41.910,1.00364,1.00375,1.00,1.00
2014.11.11 20:11:42.062,1.00359,1.00375,1.71,1.00
2014.11.11 20:11:42.879,1.00359,1.00376,1.52,1.20
2014.11.11 20:11:43.187,1.00359,1.00376,1.52,1.47
2014.11.11 20:11:43.693,1.00357,1.00374,3.64,1.17
2014.11.11 20:11:44.914,1.00359,1.00375,3.45,1.00
2014.11.11 20:11:45.427,1.00362,1.00376,1.17,1.12
2014.11.11 20:11:45.758,1.00362,1.00376,1.17,1.87
2014.11.11 20:11:45.809,1.0036,1.00375,1.10,1.20
2014.11.11 20:11:48.695,1.00358,1.00372,1.07,1.45
2014.11.11 20:11:48.745,1.00358,1.00372,1.00,1.52
2014.11.11 20:11:48.897,1.00352,1.00367,1.52,1.12
2014.11.11 20:11:49.470,1.00353,1.00367,1.17,1.37
2014.11.11 20:11:50.874,1.00351,1.00365,1.15,1.00
2014.11.11 20:11:51.409,1.00351,1.00365,1.17,1.10
2014.11.11 20:11:53.804,1.00349,1.00359,2.17,2.25
2014.11.11 20:11:53.855,1.00347,1.00356,2.17,3.37
2014.11.11 20:11:53.906,1.00345,1.0035,1.50,1.00
2014.11.11 20:11:53.957,1.00345,1.0035,1.00,1.00
2014.11.11 20:11:54.008,1.0034,1.00354,1.00,2.59
2014.11.11 20:11:54.059,1.00339,1.00349,1.00,1.10
2014.11.11 20:11:54.211,1.00336,1.00351,1.15,1.10
2014.11.11 20:11:54.566,1.00336,1.00351,1.15,1.17
2014.11.11 20:11:54.936,1.00336,1.00351,1.15,1.00
2014.11.11 20:11:55.038,1.00341,1.00353,1.10,1.50
2014.11.11 20:11:55.292,1.00341,1.00356,1.10,1.65
2014.11.11 20:11:55.496,1.00343,1.00358,1.07,1.57
2014.11.11 20:11:55.548,1.00343,1.00358,1.15,1.00
2014.11.11 20:11:56.055,1.00345,1.00359,1.10,1.10
2014.11.11 20:11:56.779,1.00345,1.00359,1.10,1.47
2014.11.11 20:11:57.135,1.00344,1.00357,1.27,1.00
2014.11.11 20:11:57.642,1.00344,1.00359,1.00,1.65
2014.11.11 20:11:57.950,1.00343,1.00358,1.15,1.00
2014.11.11 20:11:58.178,1.00348,1.00365,1.15,1.57
2014.11.11 20:11:58.229,1.00351,1.00366,1.25,1.50
2014.11.11 20:11:58.381,1.00352,1.00368,1.27,1.95
2014.11.11 20:11:58.693,1.0035,1.00366,1.72,1.37
2014.11.11 20:11:58.744,1.0035,1.00365,1.00,2.70
2014.11.11 20:11:58.846,1.00348,1.00365,3.07,3.82
2014.11.11 20:11:58.897,1.00348,1.00362,1.00,1.65
2014.11.11 20:11:59.353,1.00344,1.0036,1.17,1.55
2014.11.11 20:11:59.968,1.00344,1.0036,1.52,1.00
2014.11.11 20:12:00.069,1.00345,1.0036,2.70,1.00
2014.11.11 20:12:00.120,1.00345,1.00362,3.45,1.12
2014.11.11 20:12:00.374,1.00349,1.00364,1.00,3.07
2014.11.11 20:12:00.628,1.00346,1.00362,1.15,1.57
2014.11.11 20:12:00.679,1.00347,1.00361,1.20,1.10
2014.11.11 20:12:00.883,1.00344,1.00361,1.15,1.07
2014.11.11 20:12:01.386,1.00344,1.00358,1.17,1.00
2014.11.11 20:12:02.575,1.00343,1.00358,1.15,1.37
2014.11.11 20:12:03.012,1.00345,1.0036,1.10,1.27
2014.11.11 20:12:03.547,1.00346,1.0036,1.00,1.27
2014.11.11 20:12:06.890,1.00346,1.00358,1.00,1.37
2014.11.11 20:12:07.194,1.00345,1.00355,1.10,1.00
2014.11.11 20:12:07.498,1.00343,1.00356,1.20,1.00
2014.11.11 20:12:07.701,1.00347,1.00356,1.00,1.00
2014.11.11 20:12:07.903,1.0035,1.0036,1.00,1.12
2014.11.11 20:12:08.258,1.0035,1.00362,1.00,1.87
2014.11.11 20:12:08.360,1.0035,1.00362,1.15,1.12
2014.11.11 20:12:08.953,1.00352,1.00363,1.10,1.87
2014.11.11 20:12:09.324,1.00352,1.00361,1.10,1.00
2014.11.11 20:12:09.577,1.00348,1.0036,1.10,1.00
2014.11.11 20:12:09.680,1.00351,1.00363,1.00,2.77
2014.11.11 20:12:09.781,1.00351,1.00363,1.10,2.62
2014.11.11 20:12:09.934,1.00352,1.00363,1.07,1.12
2014.11.11 20:12:10.238,1.00352,1.00366,1.00,2.77
2014.11.11 20:12:10.542,1.00352,1.00363,1.00,1.00
2014.11.11 20:12:11.725,1.00352,1.00363,1.00,1.37
2014.11.11 20:12:12.560,1.00352,1.00363,1.00,1.00
2014.11.11 20:12:12.865,1.00357,1.00369,1.07,1.00
2014.11.11 20:12:13.168,1.00361,1.00374,1.17,1.87
2014.11.11 20:12:13.574,1.00361,1.00375,1.10,2.85
2014.11.11 20:12:13.776,1.0036,1.00372,1.00,1.47
2014.11.11 20:12:13.878,1.00357,1.00371,1.17,1.37
2014.11.11 20:12:14.422,1.00357,1.00371,1.17,1.87
2014.11.11 20:12:15.300,1.00357,1.00371,1.17,1.87
2014.11.11 20:12:15.503,1.00359,1.00372,1.17,1.50
2014.11.11 20:12:15.808,1.00367,1.00379,1.27,1.00
2014.11.11 20:12:16.112,1.0037,1.00381,1.17,1.12
2014.11.11 20:12:16.416,1.0037,1.00383,1.17,1.12
2014.11.11 20:12:18.206,1.0037,1.00383,1.17,1.87
2014.11.11 20:12:18.257,1.00368,1.00383,1.17,1.95
2014.11.11 20:12:18.359,1.00368,1.00383,3.45,1.50
2014.11.11 20:12:18.461,1.00368,1.00385,4.20,2.62
2014.11.11 20:12:18.562,1.0037,1.00384,1.20,1.20
2014.11.11 20:12:18.665,1.00369,1.00383,1.15,1.12
2014.11.11 20:12:19.070,1.0037,1.00384,1.10,1.10
2014.11.11 20:12:19.171,1.00371,1.00382,1.10,4.50
2014.11.11 20:12:19.222,1.00366,1.00382,1.00,4.50
2014.11.11 20:12:19.477,1.00362,1.00377,1.10,2.32
2014.11.11 20:12:19.933,1.0036,1.00379,1.20,3.26
2014.11.11 20:12:20.035,1.00362,1.00379,1.72,1.40
2014.11.11 20:12:20.683,1.00364,1.00379,1.17,1.17
2014.11.11 20:12:20.997,1.00369,1.00381,1.47,3.07
2014.11.11 20:12:21.049,1.00371,1.00382,1.65,1.00
2014.11.11 20:12:21.100,1.00373,1.00387,1.35,1.10
2014.11.11 20:12:22.787,1.0037,1.00389,2.10,2.70
2014.11.11 20:12:23.884,1.0037,1.00388,1.10,2.70
2014.11.11 20:12:23.985,1.00369,1.00386,1.20,2.70
2014.11.11 20:12:24.189,1.00365,1.00383,1.65,3.45
2014.11.11 20:12:24.981,1.00366,1.0038,3.07,1.50
2014.11.11 20:12:25.134,1.00366,1.0038,2.70,1.00
2014.11.11 20:12:25.185,1.00368,1.00386,1.47,4.57
2014.11.11 20:12:25.489,1.00367,1.00384,2.47,1.15
2014.11.11 20:12:25.743,1.00368,1.00387,2.10,5.81
2014.11.11 20:12:26.138,1.00368,1.00385,1.15,3.90
2014.11.11 20:12:26.392,1.00366,1.00384,1.15,1.52
2014.11.11 20:12:26.965,1.00366,1.00384,1.52,1.52
2014.11.11 20:12:27.826,1.00367,1.00385,1.27,2.02
2014.11.11 20:12:28.130,1.00369,1.00385,2.70,1.20
2014.11.11 20:12:28.820,1.00368,1.00385,1.52,1.20
2014.11.11 20:12:30.055,1.00368,1.00385,1.62,1.47
2014.11.11 20:12:30.156,1.00368,1.00385,1.62,1.10
2014.11.11 20:12:30.207,1.00369,1.00385,2.70,1.00
2014.11.11 20:12:30.309,1.00371,1.0039,1.27,2.85
2014.11.11 20:12:30.749,1.00371,1.0039,2.10,3.45
2014.11.11 20:12:30.851,1.00371,1.00386,2.10,1.00
2014.11.11 20:12:31.359,1.00371,1.00386,1.17,1.20
2014.11.11 20:12:31.511,1.00371,1.00388,1.27,1.37
2014.11.11 20:12:32.342,1.00372,1.00389,1.52,1.27
2014.11.11 20:12:32.393,1.00372,1.0039,3.45,2.02
2014.11.11 20:12:32.697,1.00376,1.00393,1.15,2.02
2014.11.11 20:12:32.849,1.00376,1.00393,1.10,1.52
2014.11.11 20:12:33.555,1.00375,1.00394,1.27,1.77
2014.11.11 20:12:33.758,1.00375,1.00394,1.27,1.90
2014.11.11 20:12:34.169,1.00377,1.00389,1.10,2.32
2014.11.11 20:12:34.220,1.00373,1.00389,1.20,2.32
2014.11.11 20:12:35.259,1.00371,1.00384,1.65,1.00
2014.11.11 20:12:35.777,1.00372,1.00383,1.27,1.00
2014.11.11 20:12:36.144,1.00371,1.00386,1.65,1.20
2014.11.11 20:12:36.639,1.00371,1.00386,4.27,1.00
2014.11.11 20:12:38.425,1.00375,1.00386,2.32,1.00
2014.11.11 20:12:38.728,1.00377,1.00391,4.50,1.00
2014.11.11 20:12:38.881,1.00378,1.00393,1.27,1.00
2014.11.11 20:12:43.604,1.00378,1.00394,1.35,1.12
2014.11.11 20:12:45.243,1.00379,1.00395,1.20,1.57
2014.11.11 20:12:45.344,1.00377,1.00395,1.72,1.52
2014.11.11 20:12:45.446,1.00378,1.00395,1.35,2.02
2014.11.11 20:12:45.548,1.00381,1.00392,1.20,1.00
2014.11.11 20:12:45.599,1.00381,1.00394,1.27,1.12
2014.11.11 20:12:45.700,1.00379,1.00395,1.25,1.76
2014.11.11 20:12:45.803,1.0038,1.00395,1.27,1.64
2014.11.11 20:12:46.006,1.00374,1.00389,1.17,1.45
2014.11.11 20:12:46.157,1.00375,1.00389,1.17,1.45
2014.11.11 20:12:46.310,1.00373,1.00388,1.30,1.52
2014.11.11 20:12:46.411,1.0037,1.00387,1.55,2.70
2014.11.11 20:12:46.715,1.00375,1.0039,1.47,3.07
2014.11.11 20:12:47.019,1.00378,1.0039,1.10,3.07
2014.11.11 20:12:47.525,1.00379,1.0039,1.10,3.07
2014.11.11 20:12:48.303,1.00379,1.00391,1.10,2.70
2014.11.11 20:12:48.354,1.00379,1.00392,1.10,1.52
2014.11.11 20:12:49.714,1.00377,1.00392,1.10,1.52
2014.11.11 20:12:50.222,1.00378,1.00392,1.10,1.52
2014.11.11 20:12:52.143,1.00376,1.0039,1.10,1.55
2014.11.11 20:12:52.194,1.00376,1.00388,1.10,1.37
2014.11.11 20:12:52.447,1.00372,1.00387,2.10,1.95
2014.11.11 20:12:52.498,1.00372,1.00387,1.27,1.95
2014.11.11 20:12:52.549,1.0037,1.00386,2.47,1.55
2014.11.11 20:12:52.600,1.0037,1.00386,1.54,1.17
2014.11.11 20:12:52.651,1.0037,1.00386,1.39,3.07
2014.11.11 20:12:52.804,1.00374,1.0039,1.17,1.57
2014.11.11 20:12:52.855,1.00374,1.0039,1.10,2.40
2014.11.11 20:12:52.957,1.00373,1.0039,1.15,1.20
2014.11.11 20:12:53.160,1.00371,1.00387,1.65,1.15
2014.11.11 20:12:53.362,1.00372,1.00389,1.72,1.15
2014.11.11 20:12:53.464,1.00374,1.00391,1.15,1.65
2014.11.11 20:12:53.769,1.00376,1.00388,1.20,1.00
2014.11.11 20:12:53.921,1.00376,1.00391,1.20,1.17
2014.11.11 20:12:54.022,1.00378,1.00391,1.10,1.17
2014.11.11 20:12:54.892,1.00377,1.00391,1.10,1.17
2014.11.11 20:13:07.312,1.00374,1.00391,2.85,1.27
2014.11.11 20:13:07.617,1.00377,1.00393,1.27,1.12
2014.11.11 20:13:08.124,1.0038,1.00393,1.10,1.37
2014.11.11 20:13:08.644,1.00377,1.00393,1.17,1.55
2014.11.11 20:13:08.897,1.00378,1.00394,1.15,1.37
2014.11.11 20:13:09.151,1.00378,1.00394,1.84,1.00
2014.11.11 20:13:09.455,1.00385,1.004,1.15,1.47
2014.11.11 20:13:09.961,1.00385,1.00398,1.72,1.00
2014.11.11 20:13:10.924,1.00385,1.00401,2.10,1.27
2014.11.11 20:13:12.769,1.00387,1.00402,1.15,1.12
2014.11.11 20:13:13.073,1.00388,1.00405,1.27,3.45
2014.11.11 20:13:13.579,1.00388,1.00406,1.52,2.02
2014.11.11 20:13:18.394,1.0039,1.00405,3.45,1.00
2014.11.11 20:13:19.656,1.00395,1.00405,1.00,1.00
2014.11.11 20:13:26.155,1.00392,1.00405,2.10,1.00
2014.11.11 20:13:26.696,1.00392,1.00404,1.20,1.00
2014.11.11 20:13:27.756,1.00392,1.00407,1.20,1.52
2014.11.11 20:13:28.926,1.00392,1.00407,1.00,1.52
2014.11.11 20:13:29.179,1.00389,1.00406,1.52,1.20
2014.11.11 20:13:29.331,1.00391,1.00407,5.62,1.37
2014.11.11 20:13:30.197,1.00393,1.00408,1.27,1.37
2014.11.11 20:13:33.272,1.00393,1.00408,1.27,1.00
2014.11.11 20:13:33.979,1.00393,1.00408,1.27,1.37
2014.11.11 20:13:34.988,1.00393,1.00408,1.27,1.00
2014.11.11 20:13:35.298,1.00397,1.0041,1.00,1.52
2014.11.11 20:13:42.754,1.00398,1.00411,2.32,1.12
2014.11.11 20:13:43.303,1.004,1.00412,1.27,1.50
2014.11.11 20:13:43.405,1.00406,1.00417,1.00,2.62
2014.11.11 20:13:43.557,1.00407,1.0042,1.17,1.37
2014.11.11 20:13:43.864,1.00404,1.00418,3.07,1.37
2014.11.11 20:13:43.915,1.00404,1.00418,1.15,1.37
2014.11.11 20:13:44.433,1.00403,1.00417,1.15,1.37
2014.11.11 20:13:44.842,1.00403,1.00419,1.00,2.59
2014.11.11 20:13:46.893,1.00403,1.00417,1.00,1.55
2014.11.11 20:13:46.945,1.00403,1.00417,1.15,1.37
2014.11.11 20:13:50.536,1.00402,1.0042,1.65,1.62
2014.11.11 20:13:50.637,1.00402,1.00418,1.57,1.84
2014.11.11 20:13:51.134,1.00401,1.00417,2.32,1.37
2014.11.11 20:13:51.236,1.00399,1.00417,5.25,1.57
2014.11.11 20:13:52.046,1.00401,1.00418,2.32,3.56
2014.11.11 20:13:54.322,1.00403,1.00418,1.15,1.37
2014.11.11 20:13:54.440,1.00408,1.0042,2.32,2.81
2014.11.11 20:13:54.953,1.00411,1.00422,1.10,1.37
2014.11.11 20:13:56.922,1.00411,1.00422,1.10,1.37
2014.11.11 20:13:57.350,1.00411,1.00422,1.15,1.37
2014.11.11 20:13:57.452,1.00414,1.00424,1.00,1.37
2014.11.11 20:13:57.555,1.00414,1.00428,1.15,2.06
2014.11.11 20:13:57.963,1.00416,1.0043,1.15,2.25
2014.11.11 20:13:58.115,1.00416,1.0043,1.15,1.37
2014.11.11 20:13:59.566,1.00417,1.00431,1.15,1.12
2014.11.11 20:14:00.352,1.0042,1.00432,1.00,1.47
2014.11.11 20:14:00.951,1.0042,1.00433,1.17,1.62
2014.11.11 20:14:02.850,1.0042,1.00432,1.10,1.47
2014.11.11 20:14:03.053,1.00418,1.00429,1.17,1.00
2014.11.11 20:14:03.402,1.00415,1.00425,1.00,1.27
2014.11.11 20:14:03.453,1.00412,1.00425,1.00,1.27
2014.11.11 20:14:03.554,1.00412,1.00427,5.25,1.00
2014.11.11 20:14:04.010,1.00413,1.00429,2.32,1.00
2014.11.11 20:14:04.061,1.0041,1.0043,3.07,1.65
2014.11.11 20:14:04.264,1.00413,1.00429,2.32,1.00
2014.11.11 20:14:04.750,1.00412,1.00427,3.07,1.10
2014.11.11 20:14:04.851,1.00412,1.00429,3.07,1.10
2014.11.11 20:14:05.053,1.00412,1.00429,3.07,1.39
2014.11.11 20:14:05.365,1.00412,1.00427,1.15,1.20
2014.11.11 20:14:05.982,1.00409,1.00425,5.62,1.10
2014.11.11 20:14:06.286,1.00409,1.00427,1.27,1.62
2014.11.11 20:14:06.387,1.00409,1.00427,3.45,1.57
2014.11.11 20:14:10.603,1.00409,1.00425,3.45,1.10
2014.11.11 20:14:11.781,1.00409,1.00427,3.45,2.02
2014.11.11 20:14:12.603,1.00409,1.00427,3.45,2.02
2014.11.11 20:14:12.999,1.00409,1.00423,4.20,1.10
2014.11.11 20:14:13.203,1.00415,1.00432,4.87,1.47
2014.11.11 20:14:13.406,1.00419,1.00432,4.50,1.10
2014.11.11 20:14:13.608,1.00421,1.00436,1.27,1.57
2014.11.11 20:14:14.142,1.00419,1.00435,3.45,1.10
2014.11.11 20:14:14.401,1.00419,1.00435,2.32,1.47
2014.11.11 20:14:14.503,1.00417,1.00433,1.50,2.70
2014.11.11 20:14:14.706,1.00414,1.00432,1.10,3.52
2014.11.11 20:14:14.808,1.00412,1.00429,1.20,3.52
2014.11.11 20:14:15.099,1.00411,1.00425,1.00,1.57
2014.11.11 20:14:15.201,1.00408,1.00424,1.10,1.62
2014.11.11 20:14:15.999,1.00407,1.00423,1.00,1.25
2014.11.11 20:14:16.866,1.00405,1.00423,1.17,1.25
2014.11.11 20:14:28.192,1.00405,1.00423,4.20,1.17
2014.11.11 20:14:28.285,1.00407,1.00424,1.27,1.27
2014.11.11 20:14:28.489,1.00407,1.00424,1.65,1.15
2014.11.11 20:14:28.745,1.00413,1.00428,2.02,1.12
2014.11.11 20:14:29.286,1.00413,1.00431,2.02,3.45
2014.11.11 20:14:31.602,1.00412,1.0043,1.17,4.20
2014.11.11 20:14:31.653,1.00412,1.0043,1.20,6.37
2014.11.11 20:14:31.704,1.00411,1.0043,1.27,4.20
2014.11.11 20:14:32.254,1.00411,1.0043,1.27,2.02
2014.11.11 20:14:36.804,1.00411,1.00427,1.07,1.07
2014.11.11 20:14:36.855,1.0041,1.00424,1.27,1.20
2014.11.11 20:14:36.907,1.0041,1.00424,2.70,1.10
2014.11.11 20:14:36.958,1.00411,1.00427,1.52,1.57
2014.11.11 20:14:37.212,1.00412,1.00427,2.70,1.00
2014.11.11 20:14:37.747,1.00414,1.0043,1.27,1.17
2014.11.11 20:14:41.210,1.00414,1.00429,1.10,1.07
2014.11.11 20:14:41.465,1.00411,1.00427,1.55,1.17
2014.11.11 20:14:43.435,1.0041,1.00427,2.85,1.17
2014.11.11 20:14:43.740,1.00411,1.00428,1.55,1.27
2014.11.11 20:14:52.949,1.0041,1.00426,1.45,1.20
2014.11.11 20:14:53.450,1.0041,1.00426,1.00,1.52
2014.11.11 20:14:55.155,1.0041,1.00426,1.37,1.52
2014.11.11 20:15:00.030,1.00412,1.00424,1.00,1.17
2014.11.11 20:15:00.622,1.00411,1.00423,1.00,1.10
2014.11.11 20:15:00.926,1.00411,1.00421,1.00,1.17
2014.11.11 20:15:01.100,1.00409,1.00421,1.00,1.17
2014.11.11 20:15:01.704,1.00408,1.00419,1.87,1.00
2014.11.11 20:15:03.159,1.00408,1.00422,2.62,1.15
2014.11.11 20:15:04.965,1.00409,1.00422,1.07,1.07
2014.11.11 20:15:05.219,1.00411,1.00425,1.57,1.10
2014.11.11 20:15:05.270,1.00411,1.00425,1.95,1.00
2014.11.11 20:15:05.468,1.00414,1.00428,1.15,1.12
2014.11.11 20:15:05.621,1.00414,1.00428,1.20,1.00
2014.11.11 20:15:05.773,1.00414,1.00428,1.10,1.55
2014.11.11 20:15:06.563,1.00411,1.00423,1.07,2.25
2014.11.11 20:15:06.767,1.00403,1.00415,1.50,1.12
2014.11.11 20:15:06.868,1.00402,1.00413,1.85,1.00
2014.11.11 20:15:06.970,1.00401,1.00413,1.00,1.00
2014.11.11 20:15:07.404,1.00398,1.00412,1.76,1.10
2014.11.11 20:15:08.765,1.00401,1.00413,1.00,1.17
2014.11.11 20:15:16.189,1.00401,1.00413,1.07,1.65
2014.11.11 20:15:16.708,1.00401,1.00413,1.10,1.10
2014.11.11 20:15:18.543,1.00401,1.00413,1.00,1.07
2014.11.11 20:15:19.763,1.00401,1.00413,1.10,1.20
2014.11.11 20:15:20.294,1.00403,1.00415,1.00,1.27
2014.11.11 20:15:20.631,1.00401,1.00413,1.10,1.10
2014.11.11 20:15:21.642,1.00403,1.00415,1.00,1.55
2014.11.11 20:15:21.744,1.00403,1.00415,1.00,1.10
2014.11.11 20:15:22.250,1.00403,1.00417,1.00,1.55
2014.11.11 20:15:22.754,1.00403,1.00417,1.00,1.55
2014.11.11 20:15:24.825,1.00403,1.00417,1.00,1.17
2014.11.11 20:15:25.078,1.00403,1.00417,1.45,1.10
2014.11.11 20:15:25.230,1.00406,1.0042,1.12,1.27
2014.11.11 20:15:27.773,1.00406,1.0042,1.27,1.37
2014.11.11 20:15:28.885,1.00406,1.0042,1.55,1.57
2014.11.11 20:15:28.987,1.00406,1.0042,1.55,1.00
2014.11.11 20:15:29.191,1.0041,1.00424,1.20,1.07
2014.11.11 20:15:29.649,1.0041,1.00424,1.07,1.45
2014.11.11 20:15:29.853,1.00403,1.00417,1.00,1.10
2014.11.11 20:15:30.107,1.00405,1.00418,1.00,1.27
2014.11.11 20:15:30.309,1.00407,1.0042,1.10,1.10
2014.11.11 20:15:30.360,1.00407,1.00418,1.10,1.10
2014.11.11 20:15:30.665,1.00409,1.00419,1.00,1.10
2014.11.11 20:15:30.716,1.00409,1.00422,1.00,1.65
2014.11.11 20:15:30.819,1.00409,1.00422,1.17,1.00
2014.11.11 20:15:30.971,1.00412,1.00426,1.20,2.02
2014.11.11 20:15:31.073,1.00415,1.00427,1.00,2.85
2014.11.11 20:15:31.602,1.00416,1.00428,1.10,1.47
2014.11.11 20:15:33.501,1.00416,1.00427,1.10,1.00
2014.11.11 20:15:34.004,1.00416,1.00428,1.10,1.20
2014.11.11 20:15:34.543,1.00417,1.0043,1.00,2.10
2014.11.11 20:15:37.243,1.00414,1.00428,1.15,1.10
2014.11.11 20:15:39.113,1.00418,1.0043,1.00,1.20
2014.11.11 20:15:39.421,1.0042,1.00431,1.10,1.37
2014.11.11 20:15:42.110,1.00417,1.00431,1.15,1.87
2014.11.11 20:15:48.179,1.00417,1.00431,1.17,1.20
2014.11.11 20:15:48.281,1.00417,1.00431,1.00,1.45
2014.11.11 20:15:48.847,1.00415,1.00429,1.20,1.45
2014.11.11 20:16:03.173,1.00415,1.00429,1.07,1.45
2014.11.11 20:16:03.977,1.00415,1.00429,1.07,1.45
2014.11.11 20:16:04.282,1.00415,1.00429,1.15,1.12
2014.11.11 20:16:04.586,1.00423,1.00433,1.00,1.57
2014.11.11 20:16:04.637,1.0042,1.00433,1.00,1.17
2014.11.11 20:16:04.738,1.00417,1.00431,1.07,1.07
2014.11.11 20:16:05.283,1.00419,1.00431,1.00,1.07
2014.11.11 20:16:08.120,1.00419,1.00431,1.00,1.20
2014.11.11 20:16:08.273,1.00416,1.0043,1.12,1.17
2014.11.11 20:16:08.764,1.00416,1.0043,1.27,1.10
2014.11.11 20:16:09.301,1.00419,1.00431,1.00,1.00
2014.11.11 20:16:18.932,1.00421,1.00433,1.00,2.10
2014.11.11 20:16:19.236,1.00424,1.00436,1.00,1.27
2014.11.11 20:16:19.765,1.00424,1.00435,1.00,1.62
2014.11.11 20:16:19.816,1.00422,1.00434,1.00,1.55
2014.11.11 20:16:22.002,1.00419,1.00433,1.10,1.20
2014.11.11 20:16:23.741,1.00418,1.00432,1.27,1.00
2014.11.11 20:16:27.530,1.00418,1.00432,1.52,1.00
2014.11.11 20:16:27.722,1.00422,1.00436,1.00,1.15
2014.11.11 20:16:28.077,1.0042,1.00432,1.15,1.00
2014.11.11 20:16:28.382,1.00425,1.00437,1.00,1.00
2014.11.11 20:16:29.291,1.00423,1.00437,1.27,1.00
2014.11.11 20:16:29.392,1.00423,1.00437,1.20,1.07
2014.11.11 20:16:30.311,1.00423,1.00437,1.07,1.17
2014.11.11 20:16:30.861,1.00423,1.00437,1.45,1.07
2014.11.11 20:16:31.391,1.00423,1.00437,1.52,1.00
2014.11.11 20:16:33.002,1.00423,1.00436,1.07,1.17
2014.11.11 20:16:33.103,1.00421,1.00435,1.00,1.20
2014.11.11 20:16:33.205,1.00421,1.00435,1.00,2.02
2014.11.11 20:16:33.718,1.00418,1.00432,1.46,1.10
2014.11.11 20:16:44.416,1.00418,1.00432,1.55,1.00
2014.11.11 20:16:44.568,1.0042,1.00434,1.27,1.00
2014.11.11 20:16:44.720,1.00422,1.00436,1.95,1.17
2014.11.11 20:16:44.873,1.00425,1.00439,1.95,1.65
2014.11.11 20:16:44.924,1.00425,1.00439,1.20,1.07
2014.11.11 20:16:45.279,1.00423,1.00437,1.00,1.17
2014.11.11 20:16:45.431,1.00423,1.00436,1.00,1.17
2014.11.11 20:16:45.735,1.00419,1.00433,1.00,1.15
2014.11.11 20:16:46.242,1.00417,1.00431,1.07,1.00
2014.11.11 20:16:48.941,1.00417,1.00431,1.15,1.07
2014.11.11 20:16:58.682,1.00416,1.0043,1.17,1.57
2014.11.11 20:16:58.733,1.00416,1.00429,1.00,2.70
2014.11.11 20:16:58.835,1.00415,1.00427,1.00,1.00
2014.11.11 20:16:59.345,1.00416,1.00428,1.00,1.72
2014.11.11 20:16:59.981,1.00416,1.00428,1.00,2.32
2014.11.11 20:17:03.770,1.00416,1.00428,1.00,1.17
2014.11.11 20:17:03.821,1.00413,1.00427,1.10,1.17
2014.11.11 20:17:03.873,1.00413,1.00427,1.00,1.15
2014.11.11 20:17:04.691,1.00411,1.00425,1.07,1.07
2014.11.11 20:17:05.110,1.00414,1.00426,1.00,1.17
2014.11.11 20:17:06.978,1.00411,1.00425,1.07,1.07
2014.11.11 20:17:11.858,1.00411,1.00425,1.00,1.27
2014.11.11 20:17:12.164,1.00409,1.00423,1.00,2.02
2014.11.11 20:17:13.385,1.00409,1.00423,1.10,1.95
2014.11.11 20:17:15.109,1.00409,1.00421,1.10,1.00
2014.11.11 20:17:16.334,1.00409,1.00423,1.10,1.95
2014.11.11 20:17:21.382,1.00408,1.00422,1.20,1.17
2014.11.11 20:17:22.293,1.00408,1.00422,1.10,1.55
2014.11.11 20:17:22.598,1.00406,1.0042,1.10,1.17
2014.11.11 20:17:23.257,1.00403,1.00417,1.27,1.00
2014.11.11 20:17:24.230,1.00403,1.00417,1.15,1.87
2014.11.11 20:17:24.281,1.00401,1.00415,1.12,1.10
2014.11.11 20:17:24.383,1.004,1.00414,1.00,1.27
2014.11.11 20:17:24.951,1.00398,1.00412,1.52,1.12
2014.11.11 20:17:25.256,1.00395,1.00409,1.00,3.45
2014.11.11 20:17:25.677,1.0039,1.00407,3.04,1.10
2014.11.11 20:17:27.633,1.00393,1.00407,1.10,1.20
2014.11.11 20:17:28.020,1.00393,1.00407,1.00,1.52
2014.11.11 20:17:28.122,1.0039,1.00406,1.47,1.27
2014.11.11 20:17:28.477,1.0039,1.00406,1.47,3.45
2014.11.11 20:17:29.277,1.00389,1.00401,1.37,2.25
2014.11.11 20:17:29.328,1.00387,1.00401,1.00,2.70
2014.11.11 20:17:29.429,1.00384,1.004,2.62,1.52
2014.11.11 20:17:49.823,1.0038,1.00398,2.02,2.02
2014.11.11 20:18:00.603,1.0038,1.00398,1.52,2.02
2014.11.11 20:18:00.654,1.0038,1.00397,1.45,2.70
2014.11.11 20:18:07.510,1.00378,1.00396,1.20,1.52
2014.11.11 20:18:07.662,1.00377,1.00394,1.47,1.27
2014.11.11 20:18:08.180,1.00377,1.00392,1.65,1.07
2014.11.11 20:18:08.484,1.00378,1.00396,1.27,1.52
2014.11.11 20:18:09.277,1.00378,1.00393,1.20,1.15
2014.11.11 20:18:12.410,1.00377,1.00393,1.57,1.15
2014.11.11 20:18:13.083,1.00376,1.00393,3.60,1.15
2014.11.11 20:18:20.528,1.00378,1.00395,1.95,2.32
2014.11.11 20:18:20.579,1.00378,1.00396,2.85,1.10
2014.11.11 20:18:22.621,1.0038,1.00397,1.27,2.02
2014.11.11 20:18:23.110,1.0038,1.00396,1.27,1.47
2014.11.11 20:18:23.213,1.00379,1.00395,1.20,1.52
2014.11.11 20:18:23.415,1.00378,1.00395,2.02,1.27
2014.11.11 20:18:23.517,1.00378,1.00395,2.02,1.20
2014.11.11 20:18:24.667,1.0038,1.00396,3.45,1.20
2014.11.11 20:18:29.269,1.00382,1.00396,1.55,1.07
2014.11.11 20:18:29.422,1.0038,1.00394,1.00,1.00
2014.11.11 20:18:29.726,1.00379,1.00394,1.37,1.87
2014.11.11 20:18:29.878,1.00381,1.00396,1.47,1.00
2014.11.11 20:18:30.420,1.00381,1.00396,1.47,1.00
2014.11.11 20:18:30.573,1.0038,1.00396,1.00,1.37
2014.11.11 20:18:30.624,1.00382,1.00394,1.00,1.12
2014.11.11 20:18:30.928,1.00377,1.00391,1.00,1.37
2014.11.11 20:18:31.181,1.00377,1.00391,1.95,1.00
2014.11.11 20:18:33.871,1.00377,1.00391,1.95,1.00
2014.11.11 20:18:34.175,1.00381,1.00393,1.00,1.00
2014.11.11 20:18:35.130,1.00382,1.00394,1.00,1.00
2014.11.11 20:18:38.764,1.00383,1.00397,1.00,1.12
2014.11.11 20:18:44.177,1.00383,1.00397,1.75,1.00
2014.11.11 20:18:44.279,1.00385,1.00399,1.37,1.50
2014.11.11 20:18:44.380,1.00387,1.004,1.95,1.00
2014.11.11 20:18:44.482,1.00389,1.00403,1.55,1.10
2014.11.11 20:18:44.736,1.00393,1.00405,1.20,1.00
2014.11.11 20:18:49.969,1.00396,1.00408,1.00,2.02
2014.11.11 20:18:50.489,1.00393,1.00407,1.20,1.27
2014.11.11 20:18:53.459,1.00394,1.00408,1.00,2.02
2014.11.11 20:18:55.332,1.00394,1.00406,1.00,1.12
2014.11.11 20:18:56.150,1.00394,1.00406,1.00,1.37
2014.11.11 20:19:03.366,1.00394,1.00406,1.00,2.40
2014.11.11 20:19:03.518,1.00391,1.00405,1.00,2.77
2014.11.11 20:19:03.670,1.00391,1.00402,1.00,1.47
2014.11.11 20:19:03.721,1.00389,1.00402,1.10,1.47
2014.11.11 20:19:03.822,1.00387,1.00401,1.00,1.52
2014.11.11 20:19:04.469,1.00387,1.00401,1.00,2.02
2014.11.11 20:19:08.889,1.00386,1.004,1.00,1.55
2014.11.11 20:19:11.097,1.00384,1.00398,1.17,1.12
2014.11.11 20:19:11.630,1.00384,1.00398,1.17,1.37
2014.11.11 20:19:12.898,1.00384,1.00398,1.17,1.87
2014.11.11 20:19:13.000,1.00382,1.00396,1.20,1.57
2014.11.11 20:19:23.158,1.00384,1.00396,1.00,1.20
2014.11.11 20:19:39.096,1.00384,1.00396,1.00,1.20
2014.11.11 20:19:46.817,1.00385,1.00398,1.00,2.70
2014.11.11 20:19:49.307,1.00385,1.00399,1.00,4.20
2014.11.11 20:19:49.358,1.00385,1.00399,1.00,1.27
2014.11.11 20:19:49.928,1.00386,1.004,1.00,2.02
2014.11.11 20:20:06.052,1.00386,1.004,1.10,2.02
2014.11.11 20:20:06.560,1.00386,1.004,1.00,2.02
2014.11.11 20:20:16.783,1.00386,1.004,1.10,1.95
2014.11.11 20:20:49.075,1.00385,1.00396,1.17,1.00
2014.11.11 20:20:49.228,1.00384,1.00398,1.00,2.02
2014.11.11 20:20:49.380,1.00383,1.00395,1.55,1.00
2014.11.11 20:20:49.432,1.00386,1.00398,1.12,1.10
2014.11.11 20:20:49.483,1.00386,1.00398,1.37,1.10
2014.11.11 20:20:49.586,1.00387,1.00401,1.52,1.00
2014.11.11 20:20:52.086,1.00389,1.00403,1.20,1.57
2014.11.11 20:20:54.014,1.00389,1.00403,1.20,1.20
2014.11.11 20:20:54.066,1.00389,1.00403,1.15,1.00
2014.11.11 20:20:54.829,1.00392,1.00406,1.00,3.90
2014.11.11 20:20:57.755,1.00392,1.00406,1.00,1.52
2014.11.11 20:20:58.300,1.00392,1.00406,1.27,1.00
2014.11.11 20:20:58.502,1.00394,1.00408,1.00,3.45
2014.11.11 20:21:01.287,1.00392,1.00405,1.10,1.07
2014.11.11 20:21:04.671,1.00392,1.00405,1.07,1.00
2014.11.11 20:21:04.876,1.00394,1.00407,1.27,1.00
2014.11.11 20:21:05.180,1.00394,1.00408,1.00,1.55
2014.11.11 20:21:05.687,1.00392,1.00406,1.17,1.00
2014.11.11 20:21:11.086,1.00392,1.00406,1.27,1.00
2014.11.11 20:21:11.592,1.00395,1.00407,1.10,1.00
2014.11.11 20:21:12.875,1.00393,1.00407,1.10,1.10
2014.11.11 20:21:22.339,1.00393,1.00407,1.15,1.50
2014.11.11 20:21:22.541,1.00393,1.00406,1.10,1.27
2014.11.11 20:21:24.142,1.00393,1.00407,1.15,1.00
2014.11.11 20:21:30.652,1.00393,1.00407,1.10,1.10
2014.11.11 20:21:32.095,1.00393,1.00407,1.10,1.47
2014.11.11 20:21:33.459,1.0039,1.00404,1.27,1.00
2014.11.11 20:21:34.024,1.00393,1.00405,1.10,1.12
2014.11.11 20:21:35.565,1.0039,1.00404,1.27,1.00
2014.11.11 20:21:43.819,1.0039,1.00404,1.17,1.10
2014.11.11 20:21:45.015,1.00391,1.00404,2.25,1.00
2014.11.11 20:21:45.521,1.0039,1.00404,1.27,1.00
2014.11.11 20:21:46.236,1.0039,1.00404,1.27,1.00
2014.11.11 20:21:47.021,1.0039,1.00404,1.07,1.07
2014.11.11 20:21:47.530,1.00391,1.00403,1.00,1.00
2014.11.11 20:21:48.652,1.00392,1.00406,1.00,1.15
2014.11.11 20:21:49.204,1.00392,1.00406,1.07,1.07
2014.11.11 20:21:50.433,1.00392,1.00406,1.45,1.00
2014.11.11 20:21:50.736,1.00396,1.0041,1.20,1.20
2014.11.11 20:21:53.488,1.00396,1.0041,1.10,1.27
2014.11.11 20:21:54.010,1.00396,1.0041,1.20,1.07
2014.11.11 20:21:54.483,1.00394,1.00408,1.20,1.10
2014.11.11 20:21:54.994,1.00394,1.00408,1.47,1.10
2014.11.11 20:21:55.897,1.00397,1.00409,1.00,1.17
2014.11.11 20:21:56.350,1.00394,1.00408,1.10,1.10
2014.11.11 20:22:00.704,1.00394,1.00408,1.17,1.57
2014.11.11 20:22:02.704,1.00396,1.0041,1.20,1.20
2014.11.11 20:22:03.403,1.00396,1.0041,1.55,1.00
2014.11.11 20:22:03.608,1.00396,1.0041,1.07,1.45
2014.11.11 20:22:03.710,1.00393,1.00405,1.00,1.00
2014.11.11 20:22:03.812,1.0039,1.00404,1.65,1.00
2014.11.11 20:22:05.038,1.0039,1.00404,1.17,1.17
2014.11.11 20:22:10.749,1.00391,1.00405,1.07,1.65
2014.11.11 20:22:11.325,1.00391,1.00405,1.17,1.57
2014.11.11 20:22:12.900,1.00391,1.00405,1.17,1.95
2014.11.11 20:22:13.565,1.00391,1.00405,1.10,2.77
2014.11.11 20:22:13.666,1.00391,1.00405,1.00,2.85
2014.11.11 20:22:13.919,1.00388,1.00402,1.10,1.10
2014.11.11 20:22:14.021,1.00388,1.00402,1.10,1.47
2014.11.11 20:22:14.122,1.00388,1.00402,1.57,1.10
2014.11.11 20:22:14.224,1.00388,1.00401,1.55,1.10
2014.11.11 20:22:14.477,1.00392,1.00404,1.00,2.77
2014.11.11 20:22:14.933,1.00394,1.00407,1.00,1.15
2014.11.11 20:22:15.513,1.00393,1.00406,1.00,1.20
2014.11.11 20:22:18.700,1.00393,1.00406,1.00,1.17
2014.11.11 20:22:18.905,1.0039,1.00403,1.10,1.07
2014.11.11 20:22:19.290,1.00389,1.00403,1.87,1.15
2014.11.11 20:22:23.399,1.00388,1.004,1.10,1.10
2014.11.11 20:22:24.007,1.00386,1.004,2.62,1.17
2014.11.11 20:22:26.175,1.00386,1.004,1.87,1.17
2014.11.11 20:22:26.578,1.00386,1.004,1.50,3.45
2014.11.11 20:22:26.933,1.00386,1.00395,1.00,1.07
2014.11.11 20:22:27.085,1.00383,1.00395,1.87,1.00
2014.11.11 20:22:27.608,1.00382,1.00395,1.20,1.00
2014.11.11 20:22:28.921,1.00382,1.00396,1.95,1.10
2014.11.11 20:22:32.087,1.00382,1.00396,1.50,1.07
2014.11.11 20:22:32.391,1.00377,1.00389,1.00,2.70
2014.11.11 20:22:32.443,1.00374,1.00386,1.00,1.15
2014.11.11 20:22:32.899,1.00372,1.00385,1.10,1.20
2014.11.11 20:22:32.950,1.00375,1.00387,1.00,1.15
2014.11.11 20:22:34.318,1.00375,1.00387,1.37,1.15
2014.11.11 20:22:35.045,1.00375,1.00387,2.02,1.10
2014.11.11 20:22:35.664,1.00377,1.0039,1.10,1.15
2014.11.11 20:22:37.504,1.00376,1.0039,1.00,1.52
2014.11.11 20:22:37.706,1.00374,1.00385,1.10,1.00
2014.11.11 20:22:38.213,1.00373,1.00385,1.57,1.17
2014.11.11 20:22:40.247,1.00373,1.00385,1.10,1.00
2014.11.11 20:22:40.768,1.00373,1.00387,1.20,1.17
2014.11.11 20:22:41.336,1.00374,1.00388,1.00,1.27
2014.11.11 20:22:42.126,1.00373,1.00386,1.00,2.62
2014.11.11 20:22:42.380,1.00367,1.00382,1.17,1.45
2014.11.11 20:22:42.514,1.00369,1.00386,1.15,3.97
2014.11.11 20:22:42.717,1.00369,1.00386,1.65,1.57
2014.11.11 20:22:43.022,1.00374,1.00389,1.00,1.72
2014.11.11 20:22:43.547,1.00373,1.00387,1.00,1.17
2014.11.11 20:22:43.931,1.00373,1.00387,1.37,1.17
2014.11.11 20:22:44.428,1.00374,1.00391,1.52,1.52
2014.11.11 20:22:44.984,1.00376,1.00393,1.45,3.00
2014.11.11 20:22:45.035,1.00376,1.00393,1.52,1.10
2014.11.11 20:22:46.395,1.00376,1.00392,1.52,1.00
2014.11.11 20:22:46.916,1.00378,1.00394,1.00,1.52
2014.11.11 20:22:47.427,1.00377,1.00394,1.10,1.52
2014.11.11 20:22:47.839,1.00377,1.00394,1.20,1.52
2014.11.11 20:22:49.726,1.00379,1.00395,1.45,1.07
2014.11.11 20:22:50.254,1.00379,1.00395,1.20,1.52
2014.11.11 20:22:50.305,1.00379,1.00395,1.10,1.52
2014.11.11 20:22:50.508,1.00379,1.00395,1.10,2.02
2014.11.11 20:22:51.027,1.00379,1.00395,1.00,4.20
2014.11.11 20:22:51.534,1.00378,1.00392,1.00,1.17
2014.11.11 20:22:51.855,1.00376,1.0039,1.12,1.17
2014.11.11 20:22:51.957,1.00376,1.0039,1.10,1.10
2014.11.11 20:22:52.160,1.00376,1.0039,1.00,3.45
2014.11.11 20:22:52.211,1.00374,1.00385,1.00,1.12
2014.11.11 20:22:52.313,1.00374,1.00382,1.00,1.00
2014.11.11 20:22:52.364,1.0037,1.00382,1.10,1.00
2014.11.11 20:22:52.567,1.00368,1.00384,1.52,1.10
2014.11.11 20:22:53.136,1.00368,1.00384,1.55,1.07
2014.11.11 20:22:53.440,1.00367,1.00382,1.10,1.20
2014.11.11 20:22:53.964,1.00365,1.00381,1.55,1.17
2014.11.11 20:23:13.782,1.00365,1.0038,1.27,1.00
2014.11.11 20:23:14.976,1.00365,1.0038,1.15,1.37
2014.11.11 20:23:15.128,1.00365,1.0038,1.20,1.52
2014.11.11 20:23:19.722,1.00365,1.0038,1.27,1.00
2014.11.11 20:23:25.321,1.00368,1.00384,1.00,3.04
2014.11.11 20:23:27.224,1.00366,1.00383,1.17,1.52
2014.11.11 20:23:29.719,1.00366,1.00383,1.27,1.52
2014.11.11 20:23:35.015,1.00364,1.00381,1.52,1.95
2014.11.11 20:23:37.109,1.00364,1.00381,1.20,1.55
2014.11.11 20:23:37.437,1.00362,1.00376,1.27,1.10
2014.11.11 20:23:38.359,1.00362,1.00378,1.27,1.27
2014.11.11 20:23:41.267,1.00365,1.00379,1.00,2.10
2014.11.11 20:23:41.849,1.00365,1.00379,1.00,2.85
2014.11.11 20:23:42.053,1.00361,1.00377,1.55,1.55
2014.11.11 20:23:42.409,1.0036,1.00377,2.70,1.52
2014.11.11 20:23:45.089,1.0036,1.00376,2.70,1.27
2014.11.11 20:23:45.683,1.00364,1.00378,1.10,1.17
2014.11.11 20:23:46.239,1.00364,1.00378,1.17,1.00
2014.11.11 20:23:49.737,1.00364,1.00378,2.02,1.00
2014.11.11 20:23:50.255,1.00364,1.00378,1.65,1.10
2014.11.11 20:23:53.735,1.0037,1.00379,2.25,1.00
2014.11.11 20:23:53.836,1.00369,1.00382,4.87,1.00
2014.11.11 20:23:53.938,1.00374,1.00388,1.10,1.20
2014.11.11 20:23:54.444,1.00374,1.00388,1.65,1.00
2014.11.11 20:23:54.495,1.00377,1.0039,1.00,1.57
2014.11.11 20:23:54.998,1.00377,1.00391,1.00,1.77
2014.11.11 20:23:58.182,1.00377,1.00391,1.00,1.55
2014.11.11 20:23:58.725,1.00377,1.00391,1.00,1.55
2014.11.11 20:23:59.289,1.00377,1.00391,1.00,2.85
2014.11.11 20:24:04.908,1.00377,1.00391,1.00,1.55
2014.11.11 20:24:05.421,1.00376,1.00388,1.00,1.57
2014.11.11 20:24:05.573,1.00373,1.00387,1.15,1.12
2014.11.11 20:24:05.725,1.00372,1.00385,1.15,1.00
2014.11.11 20:24:06.271,1.00374,1.00386,1.20,1.00
2014.11.11 20:24:08.224,1.00374,1.00388,1.20,1.27
2014.11.11 20:24:10.112,1.00374,1.00388,1.20,1.57
2014.11.11 20:24:10.845,1.00374,1.00386,1.20,1.00
2014.11.11 20:24:11.181,1.00375,1.00389,1.17,1.12
2014.11.11 20:24:11.592,1.00375,1.00389,1.27,1.12
2014.11.11 20:24:11.897,1.0038,1.00392,1.17,1.00
2014.11.11 20:24:16.034,1.00381,1.00395,1.20,1.37
2014.11.11 20:24:16.612,1.00381,1.00395,1.00,3.45
2014.11.11 20:24:16.916,1.00377,1.0039,1.65,1.00
2014.11.11 20:24:17.203,1.00377,1.0039,1.12,1.00
2014.11.11 20:24:17.405,1.00377,1.0039,1.00,1.52
2014.11.11 20:24:17.709,1.00374,1.00386,1.00,1.20
2014.11.11 20:24:17.811,1.00372,1.00385,1.27,1.00
2014.11.11 20:24:18.424,1.00372,1.00385,1.12,1.17
2014.11.11 20:24:18.577,1.00372,1.00381,1.00,1.00
2014.11.11 20:24:18.627,1.00369,1.00381,2.02,1.00
2014.11.11 20:24:19.083,1.00368,1.00381,1.12,1.27
2014.11.11 20:24:19.568,1.00366,1.0038,1.87,1.10
2014.11.11 20:24:19.772,1.00372,1.00386,1.27,1.87
2014.11.11 20:24:19.873,1.00374,1.00388,1.10,1.65
2014.11.11 20:24:23.542,1.00374,1.00388,1.55,1.10
2014.11.11 20:24:23.846,1.00377,1.00391,1.10,1.20
2014.11.11 20:24:28.163,1.00377,1.00391,1.47,1.20
2014.11.11 20:24:31.586,1.00377,1.00391,3.45,1.10
2014.11.11 20:24:31.893,1.0038,1.00393,1.20,1.12
2014.11.11 20:24:32.400,1.0038,1.00394,1.00,1.52
2014.11.11 20:24:32.653,1.00378,1.00392,1.27,1.57
2014.11.11 20:24:33.164,1.00378,1.00392,1.00,1.52
2014.11.11 20:24:33.842,1.00377,1.00391,1.00,1.27
2014.11.11 20:24:36.297,1.00377,1.00391,1.00,1.55
2014.11.11 20:24:36.861,1.00376,1.00388,1.10,1.12
2014.11.11 20:24:43.024,1.00376,1.00388,1.85,1.00
2014.11.11 20:24:43.126,1.00382,1.00392,1.10,1.10
2014.11.11 20:24:43.279,1.00382,1.00396,3.45,1.00
2014.11.11 20:24:43.330,1.00384,1.00398,1.15,2.02
2014.11.11 20:24:43.635,1.00386,1.004,1.17,1.00
2014.11.11 20:24:44.069,1.00384,1.00398,1.15,1.00
2014.11.11 20:24:44.120,1.00384,1.00398,1.17,1.00
2014.11.11 20:24:45.938,1.00386,1.004,1.00,1.55
2014.11.11 20:24:46.510,1.00385,1.00399,1.10,1.47
2014.11.11 20:24:48.410,1.00385,1.00399,1.27,1.00
2014.11.11 20:24:48.715,1.00387,1.00399,1.00,1.47
2014.11.11 20:24:48.918,1.00384,1.00398,1.27,1.37
2014.11.11 20:24:49.663,1.00384,1.00398,1.17,1.37
2014.11.11 20:24:51.443,1.00384,1.00398,1.27,1.00
2014.11.11 20:24:52.123,1.00386,1.004,1.00,1.55
2014.11.11 20:24:52.823,1.00386,1.004,1.37,1.17
2014.11.11 20:24:52.925,1.00387,1.00401,1.52,1.00
2014.11.11 20:24:53.026,1.00389,1.00403,1.52,1.50
2014.11.11 20:24:53.229,1.00391,1.00405,1.27,1.00
2014.11.11 20:24:54.462,1.00391,1.00405,1.52,1.00
2014.11.11 20:24:54.563,1.00391,1.00405,5.02,1.00
2014.11.11 20:24:54.766,1.00394,1.00409,1.52,1.00
2014.11.11 20:24:54.868,1.00395,1.00411,3.45,1.50
2014.11.11 20:24:54.970,1.00396,1.00413,1.52,1.00
2014.11.11 20:24:55.223,1.00396,1.00411,1.00,3.15
2014.11.11 20:24:55.531,1.00395,1.00408,1.50,3.07
2014.11.11 20:24:55.582,1.00391,1.00408,1.07,3.07
2014.11.11 20:24:55.785,1.0039,1.00405,1.50,1.72
2014.11.11 20:24:56.331,1.00388,1.00403,1.17,1.27
2014.11.11 20:24:57.757,1.00388,1.00403,1.17,1.57
2014.11.11 20:24:58.329,1.00387,1.00402,1.95,3.07
2014.11.11 20:24:58.684,1.00385,1.004,1.00,1.27
2014.11.11 20:24:58.836,1.00381,1.00398,1.15,1.10
2014.11.11 20:24:59.244,1.00383,1.00398,2.32,1.00
2014.11.11 20:24:59.346,1.00381,1.00398,1.65,1.00
2014.11.11 20:24:59.549,1.00384,1.00398,4.87,1.00
2014.11.11 20:24:59.600,1.00384,1.00401,5.62,1.00
2014.11.11 20:24:59.752,1.00386,1.00403,1.15,1.65
2014.11.11 20:24:59.853,1.00385,1.004,1.00,1.52
2014.11.11 20:25:00.056,1.00382,1.00396,1.65,1.00
2014.11.11 20:25:00.803,1.00382,1.00399,1.27,1.27
2014.11.11 20:25:04.798,1.00382,1.00399,2.02,1.15
2014.11.11 20:25:04.951,1.00384,1.00399,1.52,1.00
2014.11.11 20:25:05.255,1.00391,1.00402,1.00,1.00
2014.11.11 20:25:05.798,1.0039,1.00404,1.20,1.37
2014.11.11 20:25:06.310,1.0039,1.00404,1.20,1.00
2014.11.11 20:25:06.614,1.00392,1.00406,1.00,2.02
2014.11.11 20:25:08.932,1.00389,1.00406,1.27,2.10
2014.11.11 20:25:13.107,1.00389,1.00406,1.52,1.15
2014.11.11 20:25:13.411,1.00397,1.0041,2.32,1.57
2014.11.11 20:25:13.513,1.00399,1.00414,1.17,1.57
2014.11.11 20:25:13.615,1.004,1.00415,1.15,1.10
2014.11.11 20:25:14.070,1.00399,1.00413,1.15,1.10
2014.11.11 20:25:14.273,1.00402,1.00416,1.10,1.20
2014.11.11 20:25:14.805,1.00402,1.00416,1.10,1.57
2014.11.11 20:25:15.009,1.004,1.00414,1.10,1.57
2014.11.11 20:25:15.465,1.00399,1.00416,1.65,1.25
2014.11.11 20:25:15.516,1.00399,1.00416,2.40,1.10
2014.11.11 20:25:15.820,1.00399,1.00412,1.65,1.10
2014.11.11 20:25:16.023,1.00399,1.00417,2.02,1.35
2014.11.11 20:25:16.126,1.00401,1.00419,3.07,2.85
2014.11.11 20:25:16.362,1.00405,1.0042,1.15,1.72
2014.11.11 20:25:16.413,1.00405,1.0042,4.20,1.10
2014.11.11 20:25:16.920,1.00409,1.00423,1.52,1.10
2014.11.11 20:25:17.022,1.00412,1.00423,1.15,1.10
2014.11.11 20:25:17.124,1.0041,1.00425,6.00,1.10
2014.11.11 20:25:17.630,1.00412,1.00426,1.15,1.10
2014.11.11 20:25:19.221,1.00412,1.00428,1.52,1.30
2014.11.11 20:25:20.879,1.00412,1.00429,3.45,1.17
2014.11.11 20:25:21.134,1.00411,1.00426,1.15,1.20
2014.11.11 20:25:21.641,1.00408,1.00427,3.45,1.65
2014.11.11 20:25:21.909,1.00408,1.00425,3.45,1.37
2014.11.11 20:25:22.115,1.00408,1.00425,3.45,1.00
2014.11.11 20:25:22.217,1.00408,1.00425,1.52,1.15
2014.11.11 20:25:22.843,1.00408,1.00426,1.47,1.35
2014.11.11 20:25:23.632,1.00408,1.00427,1.20,4.27
2014.11.11 20:25:24.222,1.00409,1.00426,4.50,1.37
2014.11.11 20:25:24.526,1.00416,1.00427,2.32,1.37
2014.11.11 20:25:25.525,1.00416,1.00429,2.32,1.87
2014.11.11 20:25:25.831,1.00418,1.00431,2.32,1.37
2014.11.11 20:25:25.934,1.00415,1.00431,3.07,1.00
2014.11.11 20:25:26.036,1.0042,1.00431,4.50,1.00
2014.11.11 20:25:26.239,1.00423,1.00437,2.32,1.00
2014.11.11 20:25:26.341,1.00425,1.00438,2.32,1.12
2014.11.11 20:25:26.883,1.00425,1.00439,2.32,1.37
2014.11.11 20:25:26.934,1.00423,1.00439,2.32,1.37
2014.11.11 20:25:28.843,1.00422,1.00439,1.15,2.59
2014.11.11 20:25:28.945,1.00417,1.00437,2.02,3.97
2014.11.11 20:25:29.484,1.00417,1.00435,1.52,1.62
2014.11.11 20:25:29.738,1.00419,1.00435,2.70,1.57
2014.11.11 20:25:31.343,1.00419,1.00435,2.70,1.27
2014.11.11 20:25:31.445,1.00421,1.00437,2.70,1.12
2014.11.11 20:25:31.750,1.00423,1.00438,2.70,1.20
2014.11.11 20:25:35.484,1.00423,1.00436,2.70,1.10
2014.11.11 20:25:35.757,1.00421,1.00436,2.70,1.10
2014.11.11 20:25:38.822,1.00421,1.00437,2.70,1.10
2014.11.11 20:25:41.111,1.00421,1.00438,2.70,1.95
2014.11.11 20:25:41.685,1.00421,1.00438,2.70,1.95
2014.11.11 20:25:42.752,1.00421,1.00436,2.70,1.10
2014.11.11 20:25:44.691,1.00421,1.00437,2.32,1.85
2014.11.11 20:25:44.742,1.00418,1.00432,1.65,1.47
2014.11.11 20:25:47.140,1.00419,1.0043,2.32,1.10
2014.11.11 20:25:47.292,1.00419,1.00434,2.70,1.95
2014.11.11 20:25:47.495,1.0042,1.00435,2.70,1.10
2014.11.11 20:25:47.546,1.00422,1.00435,2.70,1.10
2014.11.11 20:25:48.161,1.00422,1.00437,2.70,1.47
2014.11.11 20:25:49.177,1.0042,1.00438,3.45,1.57
2014.11.11 20:25:52.813,1.0042,1.00439,2.70,2.10
2014.11.11 20:25:52.864,1.00423,1.00439,4.87,1.37
2014.11.11 20:25:53.066,1.00423,1.0044,4.87,1.12
2014.11.11 20:25:53.682,1.00423,1.00441,4.87,2.85
2014.11.11 20:25:55.611,1.00423,1.00442,4.50,2.47
2014.11.11 20:25:55.662,1.00422,1.00441,1.27,2.70
2014.11.11 20:25:55.763,1.00422,1.00438,1.20,2.70
2014.11.11 20:25:58.655,1.00421,1.00436,2.70,1.00
2014.11.11 20:25:58.756,1.00421,1.00439,2.70,1.57
2014.11.11 20:25:59.379,1.00421,1.0044,4.27,2.02
2014.11.11 20:26:00.792,1.00426,1.00442,2.32,1.47
2014.11.11 20:26:01.296,1.00423,1.00442,5.70,1.57
2014.11.11 20:26:01.885,1.00422,1.00442,4.20,2.10
2014.11.11 20:26:03.582,1.00424,1.00442,3.45,1.47
2014.11.11 20:26:04.352,1.00426,1.00442,1.52,1.20
2014.11.11 20:26:17.549,1.00426,1.00444,1.15,2.02
2014.11.11 20:26:19.840,1.00424,1.00443,3.45,1.65
2014.11.11 20:26:21.601,1.00424,1.00443,3.45,1.55
2014.11.11 20:26:25.710,1.00424,1.00443,3.45,1.55
2014.11.11 20:26:31.039,1.00422,1.00443,4.95,2.02
2014.11.11 20:26:31.343,1.00422,1.00443,1.27,4.65
2014.11.11 20:26:31.648,1.00423,1.00442,1.25,1.90
2014.11.11 20:26:32.227,1.00423,1.0044,1.65,1.52
2014.11.11 20:26:32.744,1.00423,1.0044,1.10,2.02
2014.11.11 20:26:39.702,1.00423,1.0044,1.10,4.20
2014.11.11 20:26:40.387,1.00423,1.00439,1.00,2.70
2014.11.11 20:26:45.847,1.00423,1.00439,1.37,2.70
2014.11.11 20:26:49.874,1.00423,1.00439,1.00,2.70
2014.11.11 20:26:52.610,1.00423,1.0044,1.20,1.52
2014.11.11 20:26:52.913,1.00423,1.0044,1.52,1.55
2014.11.11 20:26:54.592,1.00423,1.0044,1.17,2.40
2014.11.11 20:26:55.114,1.00419,1.00438,4.27,1.52
2014.11.11 20:26:56.619,1.00421,1.00439,2.70,2.77
2014.11.11 20:26:56.923,1.00424,1.00438,1.15,1.37
2014.11.11 20:26:57.227,1.00424,1.00441,1.52,2.77
2014.11.11 20:26:57.430,1.00427,1.00442,1.15,1.57
2014.11.11 20:27:04.883,1.00427,1.00442,1.15,1.27
2014.11.11 20:27:11.227,1.00427,1.00442,1.15,1.57
2014.11.11 20:27:11.584,1.00424,1.00441,2.10,1.27
2014.11.11 20:27:15.221,1.00424,1.00441,1.72,1.55
2014.11.11 20:27:15.271,1.00424,1.00437,1.10,1.10
2014.11.11 20:27:15.575,1.00423,1.00437,1.00,1.15
2014.11.11 20:27:16.917,1.00423,1.00437,1.37,1.27
2014.11.11 20:27:22.356,1.00423,1.00437,1.12,1.52
2014.11.11 20:27:23.362,1.00423,1.00437,1.10,1.27
2014.11.11 20:27:24.580,1.00423,1.00437,1.00,1.52
2014.11.11 20:27:28.794,1.00421,1.00435,1.20,1.10
2014.11.11 20:27:31.693,1.00421,1.00435,1.47,1.10
2014.11.11 20:27:34.716,1.00421,1.00435,1.00,1.27
2014.11.11 20:27:35.252,1.0042,1.00434,1.00,1.27
2014.11.11 20:27:37.120,1.0042,1.00434,1.00,1.27
2014.11.11 20:27:37.425,1.00419,1.00431,1.00,1.07
2014.11.11 20:27:37.967,1.00419,1.00431,1.10,1.00
2014.11.11 20:27:45.536,1.0042,1.00434,1.27,1.00
2014.11.11 20:27:45.841,1.00423,1.00434,1.15,1.00
2014.11.11 20:27:45.993,1.00425,1.00439,1.20,1.20
2014.11.11 20:27:46.440,1.00425,1.00439,1.00,1.15
2014.11.11 20:27:46.649,1.00423,1.00437,1.20,1.20
2014.11.11 20:27:47.159,1.00424,1.00438,1.00,1.15
2014.11.11 20:27:48.754,1.00423,1.00437,1.20,1.20
2014.11.11 20:27:48.965,1.00425,1.00437,1.00,1.20
2014.11.11 20:27:50.236,1.00425,1.00437,1.17,1.00
2014.11.11 20:27:50.287,1.00426,1.0044,1.10,1.10
2014.11.11 20:27:50.444,1.00426,1.0044,1.00,1.52
2014.11.11 20:27:50.949,1.00424,1.00438,1.07,1.07
2014.11.11 20:27:51.934,1.00424,1.00438,3.90,1.00
2014.11.11 20:27:52.036,1.00428,1.0044,1.10,1.12
2014.11.11 20:27:52.549,1.00428,1.0044,1.00,1.37
2014.11.11 20:27:57.659,1.00425,1.00439,1.15,1.12
2014.11.11 20:28:00.673,1.00425,1.00439,1.00,1.27
2014.11.11 20:28:02.174,1.00425,1.00439,1.00,1.55
2014.11.11 20:28:02.721,1.00425,1.00439,1.00,1.27
2014.11.11 20:28:03.161,1.00424,1.00436,1.10,1.00
2014.11.11 20:28:03.669,1.00424,1.00436,1.00,1.17
2014.11.11 20:28:05.014,1.00421,1.00435,1.65,1.10
2014.11.11 20:28:14.980,1.00421,1.00435,1.07,1.55
2014.11.11 20:28:15.082,1.00421,1.00435,1.00,1.15
2014.11.11 20:28:15.335,1.00419,1.00433,1.57,1.17
2014.11.11 20:28:15.588,1.00419,1.00433,1.55,1.10
2014.11.11 20:28:27.627,1.00419,1.00433,1.07,1.17
2014.11.11 20:28:27.678,1.00419,1.00433,1.00,1.15
2014.11.11 20:28:28.214,1.00419,1.00433,1.37,1.15
2014.11.11 20:28:28.720,1.00419,1.00433,1.20,1.00
2014.11.11 20:28:32.213,1.00419,1.00433,1.10,1.45
2014.11.11 20:28:32.416,1.00416,1.0043,1.50,1.27
2014.11.11 20:28:32.720,1.00416,1.00427,1.00,1.17
2014.11.11 20:28:32.923,1.00412,1.00425,1.57,1.07
2014.11.11 20:28:33.734,1.00414,1.00426,1.00,1.20
2014.11.11 20:28:33.836,1.00414,1.00426,1.00,1.12
2014.11.11 20:28:34.375,1.00414,1.00428,1.00,1.55
2014.11.11 20:28:34.730,1.00416,1.00428,2.62,1.07
2014.11.11 20:28:34.832,1.00417,1.00431,3.45,1.00
2014.11.11 20:28:34.933,1.0042,1.00434,1.17,1.00
2014.11.11 20:28:35.035,1.00423,1.00435,1.00,1.20
2014.11.11 20:28:35.542,1.00423,1.00435,1.00,1.47
2014.11.11 20:28:36.116,1.00423,1.00435,1.00,1.10
2014.11.11 20:28:36.729,1.00423,1.00435,1.00,1.57
2014.11.11 20:28:36.831,1.0042,1.00432,1.10,1.00
2014.11.11 20:28:40.679,1.00421,1.00433,1.00,1.07
2014.11.11 20:28:40.780,1.00422,1.00436,1.10,1.07
2014.11.11 20:28:40.832,1.00422,1.00436,1.17,1.10
2014.11.11 20:28:44.113,1.00422,1.00436,1.10,1.17
2014.11.11 20:28:44.316,1.00422,1.00436,1.10,1.00
2014.11.11 20:28:58.824,1.00423,1.00437,1.50,1.10
2014.11.11 20:28:59.027,1.00423,1.00437,1.65,1.10
2014.11.11 20:29:00.788,1.00423,1.00437,1.57,1.27
2014.11.11 20:29:01.092,1.00419,1.00431,1.00,2.70
2014.11.11 20:29:01.143,1.00416,1.0043,1.00,1.52
2014.11.11 20:29:01.245,1.00416,1.00428,1.00,3.45
2014.11.11 20:29:01.346,1.00411,1.00423,1.00,1.20
2014.11.11 20:29:01.650,1.00411,1.00423,1.00,3.07
2014.11.11 20:29:01.802,1.00407,1.00421,1.10,3.07
2014.11.11 20:29:01.854,1.00402,1.00418,1.07,2.70
2014.11.11 20:29:02.362,1.00404,1.00418,1.00,1.27
2014.11.11 20:29:02.868,1.00407,1.00416,1.00,1.27
2014.11.11 20:29:03.753,1.00407,1.00416,1.00,1.20
2014.11.11 20:29:06.501,1.00404,1.00418,1.10,1.45
2014.11.11 20:29:06.653,1.00403,1.00415,1.00,1.27
2014.11.11 20:29:06.755,1.004,1.00414,1.00,1.15
2014.11.11 20:29:07.160,1.00397,1.00413,1.20,2.85
2014.11.11 20:29:07.524,1.004,1.00412,1.00,1.15
2014.11.11 20:29:08.804,1.00397,1.00414,1.27,1.52
2014.11.11 20:29:09.706,1.00397,1.00414,1.27,1.55
2014.11.11 20:29:10.352,1.00397,1.00414,1.27,1.55
2014.11.11 20:29:11.274,1.00397,1.00414,1.20,3.45
2014.11.11 20:29:11.809,1.00394,1.00413,5.14,3.45
2014.11.11 20:29:12.313,1.00394,1.00413,2.77,5.62
2014.11.11 20:29:12.861,1.00396,1.00413,1.00,5.62
2014.11.11 20:29:13.578,1.00394,1.00413,2.02,6.45
2014.11.11 20:29:14.080,1.00394,1.00411,1.37,3.45
2014.11.11 20:29:14.333,1.00394,1.00411,1.55,2.10
2014.11.11 20:29:14.678,1.00395,1.00411,1.52,1.17
2014.11.11 20:29:16.001,1.00395,1.00413,1.15,1.72
2014.11.11 20:29:16.203,1.00393,1.00409,1.07,2.10
2014.11.11 20:29:16.507,1.0039,1.00408,1.27,4.27
2014.11.11 20:29:18.693,1.00389,1.00408,2.40,3.82
2014.11.11 20:29:18.794,1.00393,1.0041,2.70,1.95
2014.11.11 20:29:19.098,1.00395,1.00415,4.20,1.62
2014.11.11 20:29:21.761,1.00396,1.00416,3.45,1.55
2014.11.11 20:29:21.812,1.00398,1.00417,2.70,2.29
2014.11.11 20:29:24.850,1.00399,1.00418,3.45,2.62
2014.11.11 20:29:25.003,1.004,1.00419,3.45,3.52
2014.11.11 20:29:25.507,1.004,1.00419,3.07,2.77
2014.11.11 20:29:26.017,1.004,1.00419,1.15,4.95
2014.11.11 20:29:26.417,1.00397,1.00418,2.10,1.52
2014.11.11 20:29:28.478,1.004,1.00419,1.27,4.95
2014.11.11 20:29:29.207,1.00398,1.00417,3.45,1.55
2014.11.11 20:29:30.591,1.00398,1.00417,1.27,3.45
2014.11.11 20:29:36.885,1.00397,1.00413,1.17,3.45
2014.11.11 20:29:36.936,1.00396,1.00412,1.00,2.70
2014.11.11 20:29:36.987,1.00394,1.00411,1.10,2.70
2014.11.11 20:29:37.039,1.00394,1.00409,1.00,2.70
2014.11.11 20:29:37.243,1.0039,1.00408,1.27,4.87
2014.11.11 20:29:40.254,1.00389,1.00408,1.27,6.19
2014.11.11 20:29:41.368,1.00389,1.00406,1.20,2.70
2014.11.11 20:29:41.871,1.00387,1.00404,1.52,1.52
2014.11.11 20:29:43.792,1.00387,1.00404,1.52,1.52
2014.11.11 20:29:46.314,1.00387,1.00404,1.07,1.52
2014.11.11 20:29:46.365,1.00385,1.00402,1.55,1.15
2014.11.11 20:29:46.917,1.00385,1.00402,1.52,1.07
2014.11.11 20:29:46.968,1.00385,1.00402,3.45,1.07
2014.11.11 20:29:57.224,1.00385,1.00402,2.32,1.95
2014.11.11 20:29:58.815,1.00385,1.00401,2.25,1.55
2014.11.11 20:29:58.866,1.00384,1.00402,1.65,4.20
2014.11.11 20:30:10.891,1.00385,1.00404,2.02,2.10
2014.11.11 20:30:21.339,1.00387,1.00404,1.57,1.52
2014.11.11 20:30:22.031,1.00386,1.00404,1.27,1.52
2014.11.11 20:30:26.931,1.00385,1.004,2.10,1.00
2014.11.11 20:30:27.439,1.00386,1.00402,1.55,1.17
2014.11.11 20:30:28.819,1.00388,1.00402,1.00,1.55
2014.11.11 20:30:29.840,1.00386,1.00402,1.55,1.55
2014.11.11 20:30:31.762,1.00386,1.00402,2.02,1.55
2014.11.11 20:30:32.267,1.00386,1.00402,1.20,1.52
2014.11.11 20:30:39.492,1.00386,1.00402,1.00,3.45
2014.11.11 20:30:40.004,1.00385,1.00399,1.12,1.17
2014.11.11 20:30:44.199,1.00385,1.00399,1.37,1.17
2014.11.11 20:30:44.719,1.00385,1.00399,1.37,1.17
2014.11.11 20:30:49.535,1.00385,1.00399,2.85,1.10
2014.11.11 20:30:49.889,1.00389,1.00402,1.10,1.27
2014.11.11 20:30:49.940,1.00389,1.00404,1.10,1.52
2014.11.11 20:30:50.929,1.00391,1.00403,1.00,1.17
2014.11.11 20:30:52.035,1.00391,1.00403,1.00,1.27
2014.11.11 20:30:52.289,1.00385,1.00399,2.25,1.52
2014.11.11 20:30:52.593,1.00382,1.00396,1.07,1.47
2014.11.11 20:30:53.100,1.00382,1.00396,1.00,1.52
2014.11.11 20:30:53.151,1.00382,1.00396,1.00,3.45
2014.11.11 20:30:53.303,1.00379,1.00391,1.12,1.00
2014.11.11 20:30:55.449,1.00379,1.00391,1.37,1.00
2014.11.11 20:30:55.552,1.0038,1.00394,2.02,1.00
2014.11.11 20:30:55.653,1.00381,1.00394,1.62,1.00
2014.11.11 20:30:55.704,1.00385,1.00397,1.00,1.10
2014.11.11 20:30:57.351,1.00382,1.00396,1.27,1.12
2014.11.11 20:31:00.861,1.00384,1.00398,1.00,1.55
2014.11.11 20:31:01.014,1.00384,1.00398,1.37,1.17
2014.11.11 20:31:01.116,1.00387,1.004,1.10,1.00
2014.11.11 20:31:01.217,1.00389,1.00401,1.00,1.12
2014.11.11 20:31:01.522,1.00387,1.00399,2.02,1.00
2014.11.11 20:31:01.776,1.00384,1.00398,1.07,1.07
2014.11.11 20:31:01.979,1.00383,1.00395,1.10,1.00
2014.11.11 20:31:02.283,1.0038,1.00394,1.50,1.07
2014.11.11 20:31:02.789,1.00379,1.00393,1.00,1.00
2014.11.11 20:31:03.736,1.00379,1.00393,1.00,1.37
2014.11.11 20:31:04.387,1.00378,1.0039,1.00,1.00
2014.11.11 20:31:08.928,1.00376,1.0039,1.00,1.37
2014.11.11 20:31:09.030,1.00373,1.00387,1.00,1.37
2014.11.11 20:31:09.546,1.00373,1.00387,1.00,1.37
2014.11.11 20:31:10.440,1.00373,1.00387,1.00,1.00
2014.11.11 20:31:10.542,1.00375,1.00389,1.00,1.00
2014.11.11 20:31:10.846,1.00378,1.00392,1.00,1.00
2014.11.11 20:31:11.185,1.0038,1.00394,1.00,1.12
2014.11.11 20:31:12.764,1.0038,1.00394,1.00,1.37
2014.11.11 20:31:12.969,1.00378,1.00392,1.00,1.47
2014.11.11 20:31:13.172,1.00378,1.00392,1.00,1.10
2014.11.11 20:31:13.374,1.00378,1.00392,1.00,1.47
2014.11.11 20:31:13.425,1.00376,1.0039,1.00,1.12
2014.11.11 20:31:19.217,1.00378,1.00392,1.00,1.37
2014.11.11 20:31:21.396,1.00378,1.00392,1.37,1.00
2014.11.11 20:31:21.753,1.00383,1.00397,1.00,1.00
2014.11.11 20:31:22.108,1.00385,1.00397,1.20,1.00
2014.11.11 20:31:22.412,1.00388,1.004,1.57,1.00
2014.11.11 20:31:23.297,1.00389,1.00401,1.00,1.00
2014.11.11 20:31:27.281,1.0039,1.00401,1.10,1.00
2014.11.11 20:31:27.821,1.00391,1.00401,1.10,1.00
2014.11.11 20:31:28.282,1.00391,1.00404,1.10,1.50
2014.11.11 20:31:28.434,1.00391,1.00404,1.10,1.37
2014.11.11 20:31:28.687,1.00391,1.00402,1.10,1.50
2014.11.11 20:31:29.093,1.00388,1.00402,1.00,1.19
2014.11.11 20:31:29.144,1.00387,1.00398,1.00,1.00
2014.11.11 20:31:29.348,1.00384,1.00396,1.57,1.00
2014.11.11 20:31:30.158,1.00382,1.00394,2.32,1.00
2014.11.11 20:31:32.231,1.00383,1.00397,1.57,1.00
2014.11.11 20:31:32.346,1.00386,1.00398,1.87,1.00
2014.11.11 20:31:32.549,1.00387,1.004,1.20,1.00
2014.11.11 20:31:32.651,1.00389,1.00401,1.20,1.00
2014.11.11 20:31:32.958,1.00392,1.00405,1.10,1.65
2014.11.11 20:31:34.532,1.00391,1.00402,1.27,1.00
2014.11.11 20:31:35.169,1.00391,1.00405,1.72,2.40
2014.11.11 20:31:36.367,1.00392,1.00404,1.10,1.45
2014.11.11 20:31:36.621,1.00388,1.00401,1.65,1.00
2014.11.11 20:31:36.824,1.00391,1.00404,1.10,1.17
2014.11.11 20:31:37.179,1.0039,1.00404,1.65,1.10
2014.11.11 20:31:37.433,1.00395,1.00407,1.00,1.10
2014.11.11 20:31:39.378,1.00397,1.00409,1.00,1.17
2014.11.11 20:31:41.691,1.00397,1.00409,1.00,1.10
2014.11.11 20:31:41.793,1.00394,1.00408,3.15,1.20
2014.11.11 20:31:42.148,1.00397,1.00409,1.00,1.55
2014.11.11 20:31:42.250,1.00394,1.00408,1.00,1.10
2014.11.11 20:31:44.495,1.00394,1.00408,1.00,1.20
2014.11.11 20:31:48.825,1.00392,1.00406,2.02,1.20
2014.11.11 20:31:50.997,1.00392,1.00406,1.57,1.20
2014.11.11 20:31:57.538,1.00393,1.00407,1.10,1.47
2014.11.11 20:31:59.069,1.00393,1.00407,1.20,1.20
2014.11.11 20:32:06.563,1.00393,1.00405,1.10,1.00
2014.11.11 20:32:06.972,1.00393,1.00407,1.10,1.20
2014.11.11 20:32:10.162,1.00393,1.00407,1.65,1.47
2014.11.11 20:32:10.416,1.00391,1.00405,1.10,1.47
2014.11.11 20:32:10.946,1.0039,1.00404,1.00,1.47
2014.11.11 20:32:14.081,1.0039,1.00404,1.00,1.20
2014.11.11 20:32:16.386,1.0039,1.00404,1.00,1.47
2014.11.11 20:32:16.928,1.00389,1.00402,1.10,1.20
2014.11.11 20:32:19.949,1.00388,1.00402,1.10,1.07
2014.11.11 20:32:20.254,1.00385,1.00398,1.50,1.15
2014.11.11 20:32:20.559,1.00385,1.00396,1.25,1.00
2014.11.11 20:32:21.647,1.00384,1.00396,5.40,1.00
2014.11.11 20:32:21.749,1.00386,1.00398,3.45,1.00
2014.11.11 20:32:21.800,1.00388,1.00398,3.45,1.00
2014.11.11 20:32:21.952,1.00389,1.00403,1.52,1.00
2014.11.11 20:32:29.284,1.00389,1.00403,1.10,1.20
2014.11.11 20:32:29.335,1.00387,1.00398,2.02,1.00
2014.11.11 20:32:29.842,1.00387,1.00397,1.35,1.00
2014.11.11 20:32:29.994,1.00387,1.00399,1.35,1.00
2014.11.11 20:32:33.412,1.00385,1.00399,1.65,1.17
2014.11.11 20:32:34.015,1.00385,1.00397,2.40,1.00
2014.11.11 20:32:41.656,1.00385,1.00397,2.77,1.00
2014.11.11 20:32:42.183,1.00385,1.00397,2.77,1.00
2014.11.11 20:32:46.603,1.00385,1.00397,1.00,1.17
2014.11.11 20:32:46.705,1.00384,1.00393,1.50,1.00
2014.11.11 20:32:46.857,1.00381,1.00391,1.10,1.00
2014.11.11 20:32:47.009,1.00381,1.00395,1.00,2.02
2014.11.11 20:32:52.525,1.00384,1.00396,1.57,1.00
2014.11.11 20:32:52.627,1.00385,1.00397,1.46,1.00
2014.11.11 20:32:52.728,1.00386,1.00397,1.95,1.00
2014.11.11 20:32:52.830,1.00387,1.00399,1.55,1.00
2014.11.11 20:32:52.881,1.00388,1.00402,1.20,1.10
2014.11.11 20:32:53.185,1.0039,1.00404,1.00,1.15
2014.11.11 20:32:55.845,1.00389,1.00401,1.00,1.00
2014.11.11 20:33:08.072,1.00389,1.00401,1.37,1.00
2014.11.11 20:33:08.376,1.00395,1.00405,2.02,1.00
2014.11.11 20:33:08.478,1.00397,1.00409,1.10,1.00
2014.11.11 20:33:08.784,1.00394,1.00406,1.57,1.00
2014.11.11 20:33:09.138,1.00392,1.00404,1.17,1.00
2014.11.11 20:33:09.485,1.00391,1.00401,1.35,1.00
2014.11.11 20:33:11.642,1.0039,1.00404,3.45,1.00
2014.11.11 20:33:14.946,1.00395,1.00404,2.02,1.00
2014.11.11 20:33:15.097,1.00395,1.00407,2.02,1.00
2014.11.11 20:33:15.493,1.00396,1.00408,1.20,1.00
2014.11.11 20:33:15.647,1.00395,1.00405,1.57,1.10
2014.11.11 20:33:15.800,1.00393,1.00405,1.10,1.10
2014.11.11 20:33:16.404,1.0039,1.00404,1.27,1.00
2014.11.11 20:33:19.465,1.00393,1.00404,2.25,1.00
2014.11.11 20:33:19.566,1.00393,1.00406,2.32,1.00
2014.11.11 20:33:25.981,1.00397,1.00409,1.20,1.00
2014.11.11 20:33:35.196,1.00397,1.00409,1.00,1.17
2014.11.11 20:33:35.297,1.00395,1.00407,2.25,1.00
2014.11.11 20:33:35.753,1.00396,1.0041,2.70,1.50
2014.11.11 20:33:35.805,1.00396,1.0041,2.77,1.00
2014.11.11 20:33:36.109,1.00398,1.00412,2.02,1.00
2014.11.11 20:33:36.505,1.004,1.00414,1.55,1.00
2014.11.11 20:33:38.371,1.00398,1.00411,1.62,1.00
2014.11.11 20:33:39.884,1.00398,1.00411,1.65,1.10
2014.11.11 20:33:40.036,1.00398,1.00409,1.27,1.00
2014.11.11 20:33:40.339,1.00398,1.00409,1.52,1.00
2014.11.11 20:33:40.390,1.00398,1.00411,1.52,1.00
2014.11.11 20:33:45.851,1.004,1.00414,1.20,1.10
2014.11.11 20:33:59.314,1.004,1.00414,1.47,1.07
2014.11.11 20:33:59.974,1.004,1.00414,1.10,1.17
2014.11.11 20:34:00.490,1.004,1.00414,1.47,1.17
2014.11.11 20:34:01.033,1.004,1.00414,1.20,1.17
2014.11.11 20:34:02.628,1.004,1.00414,1.17,1.10
2014.11.11 20:34:03.134,1.004,1.00414,1.55,1.00
2014.11.11 20:34:03.337,1.004,1.00414,1.65,1.00
2014.11.11 20:34:03.388,1.00403,1.00415,1.00,1.00
2014.11.11 20:34:03.590,1.00401,1.00415,1.10,1.00
2014.11.11 20:34:04.111,1.00402,1.00416,1.12,2.32
2014.11.11 20:34:05.387,1.00402,1.00415,1.12,1.27
2014.11.11 20:34:05.930,1.00402,1.00416,1.12,1.10
2014.11.11 20:34:09.758,1.00404,1.00418,1.12,1.10
2014.11.11 20:34:10.711,1.00402,1.00416,1.27,1.00
2014.11.11 20:34:12.182,1.00402,1.00416,1.12,1.17
2014.11.11 20:34:18.335,1.00401,1.00415,1.20,1.10
2014.11.11 20:34:25.391,1.00401,1.00415,1.27,1.00
2014.11.11 20:34:42.822,1.00401,1.00415,1.10,1.47
2014.11.11 20:34:42.873,1.00404,1.00415,1.10,1.47
2014.11.11 20:34:42.975,1.00399,1.00413,1.37,1.20
2014.11.11 20:34:43.026,1.004,1.00413,2.70,1.00
2014.11.11 20:34:43.077,1.00404,1.00415,1.20,1.00
2014.11.11 20:34:43.128,1.00404,1.00418,2.77,1.00
2014.11.11 20:34:43.634,1.00405,1.00419,1.10,1.10
2014.11.11 20:34:44.442,1.00405,1.00419,1.47,1.10
2014.11.11 20:34:44.888,1.00405,1.00419,1.52,1.00
2014.11.11 20:34:45.091,1.00408,1.00422,1.55,1.00
2014.11.11 20:34:45.304,1.00408,1.00422,1.07,3.00
2014.11.11 20:34:45.407,1.00404,1.00418,3.00,1.52
2014.11.11 20:34:45.611,1.00401,1.00413,1.57,1.00
2014.11.11 20:34:46.067,1.00398,1.00412,1.27,1.00
2014.11.11 20:34:48.157,1.004,1.00414,1.00,1.17
2014.11.11 20:34:49.593,1.00398,1.00412,1.17,1.00
2014.11.11 20:34:49.644,1.00398,1.00408,1.00,2.70
2014.11.11 20:34:49.696,1.00394,1.00405,1.50,1.07
2014.11.11 20:34:49.848,1.00392,1.00405,1.10,1.20
2014.11.11 20:34:50.254,1.00391,1.00404,2.70,1.00
2014.11.11 20:34:50.356,1.00398,1.00409,1.00,1.00
2014.11.11 20:34:52.724,1.00398,1.0041,1.00,1.52
2014.11.11 20:34:52.877,1.00395,1.00409,1.00,1.52
2014.11.11 20:34:52.978,1.00393,1.00405,1.10,1.00
2014.11.11 20:34:53.503,1.00393,1.00405,1.00,1.15
2014.11.11 20:34:53.554,1.0039,1.00404,1.20,1.20
2014.11.11 20:34:56.364,1.0039,1.00403,1.10,1.57
2014.11.11 20:34:56.415,1.00387,1.00401,1.17,1.12
2014.11.11 20:34:56.517,1.00385,1.00399,1.17,1.00
2014.11.11 20:34:59.825,1.00385,1.00399,1.20,1.65
2014.11.11 20:35:00.130,1.00391,1.00399,1.00,1.65
2014.11.11 20:35:00.231,1.00384,1.00398,1.00,1.65
2014.11.11 20:35:00.776,1.00384,1.00398,1.65,1.00
2014.11.11 20:35:02.197,1.00384,1.00398,1.65,1.37
2014.11.11 20:35:02.249,1.00381,1.00395,3.82,1.57
2014.11.11 20:35:02.300,1.00381,1.00395,1.57,1.65
2014.11.11 20:35:02.351,1.00378,1.00395,3.60,2.40
2014.11.11 20:35:02.453,1.00377,1.00393,1.65,1.17
2014.11.11 20:35:02.884,1.00375,1.00389,2.02,1.00
2014.11.11 20:35:03.207,1.00375,1.00387,2.02,1.00
2014.11.11 20:35:04.730,1.00375,1.00387,1.57,1.00
2014.11.11 20:35:06.951,1.00374,1.00387,1.57,3.37
2014.11.11 20:35:07.002,1.00372,1.00386,1.50,2.02
2014.11.11 20:35:07.104,1.00369,1.00384,1.00,1.52
2014.11.11 20:35:07.206,1.00369,1.00384,1.00,3.45
2014.11.11 20:35:07.712,1.00366,1.00381,1.55,1.07
2014.11.11 20:35:18.327,1.00365,1.00382,5.02,1.00
2014.11.11 20:35:18.856,1.00365,1.00381,4.27,1.00
2014.11.11 20:35:20.395,1.00365,1.0038,4.20,1.00
2014.11.11 20:35:26.543,1.00365,1.0038,1.65,1.12
2014.11.11 20:35:27.963,1.00365,1.0038,1.57,1.07
2014.11.11 20:35:28.494,1.00365,1.0038,1.50,1.27
2014.11.11 20:35:29.499,1.00365,1.0038,1.50,1.52
2014.11.11 20:35:34.012,1.00365,1.0038,1.50,1.27
2014.11.11 20:35:34.692,1.00365,1.00378,1.50,1.00
2014.11.11 20:35:35.374,1.00365,1.00377,1.50,1.00
2014.11.11 20:35:36.560,1.00362,1.00377,1.15,1.00
2014.11.11 20:35:36.611,1.00361,1.00377,2.40,1.45
2014.11.11 20:35:36.662,1.00361,1.00375,1.00,1.27
2014.11.11 20:35:36.966,1.00361,1.00373,1.20,1.10
2014.11.11 20:35:37.119,1.00362,1.00377,1.27,1.00
2014.11.11 20:35:37.422,1.00362,1.00375,1.27,1.00
2014.11.11 20:35:42.401,1.00363,1.00375,1.10,1.10
2014.11.11 20:35:42.706,1.00363,1.00372,1.50,1.00
2014.11.11 20:35:42.859,1.00356,1.00372,2.10,1.00
2014.11.11 20:35:43.163,1.00361,1.00372,1.00,1.00
2014.11.11 20:35:43.367,1.00358,1.00375,6.37,1.00
2014.11.11 20:35:43.418,1.0036,1.00375,2.70,1.00
2014.11.11 20:35:43.722,1.00366,1.00375,1.00,1.00
2014.11.11 20:35:43.773,1.00363,1.00375,2.02,1.00
2014.11.11 20:35:43.926,1.00364,1.00378,1.65,1.00
2014.11.11 20:35:44.667,1.00365,1.00378,1.00,1.00
2014.11.11 20:35:45.500,1.00365,1.00378,2.25,1.15
2014.11.11 20:35:47.336,1.00364,1.00381,2.40,2.02
2014.11.11 20:35:49.657,1.00364,1.00377,2.40,1.00
2014.11.11 20:35:58.125,1.00367,1.00377,1.00,1.00
2014.11.11 20:36:00.737,1.00367,1.00376,1.00,1.00
2014.11.11 20:36:04.613,1.00364,1.00376,2.02,1.00
2014.11.11 20:36:06.051,1.00364,1.00377,2.77,1.00
2014.11.11 20:36:10.302,1.00364,1.00377,3.60,1.00
2014.11.11 20:36:16.433,1.00366,1.00377,1.10,1.00
2014.11.11 20:36:18.579,1.00365,1.00379,2.40,1.00
2014.11.11 20:36:18.681,1.00367,1.00377,1.00,1.00
2014.11.11 20:36:18.782,1.00365,1.00377,1.00,1.00
2014.11.11 20:36:21.067,1.00366,1.00377,1.47,1.00
2014.11.11 20:36:22.354,1.00366,1.00378,1.55,1.00
2014.11.11 20:36:22.758,1.00369,1.00378,1.27,1.00
2014.11.11 20:36:22.809,1.00369,1.0038,1.35,1.00
2014.11.11 20:36:24.977,1.0037,1.00384,1.20,1.10
2014.11.11 20:36:26.056,1.0037,1.00384,1.10,1.47
2014.11.11 20:36:26.360,1.00371,1.0038,1.00,1.27
2014.11.11 20:36:26.614,1.00367,1.00377,1.00,1.27
2014.11.11 20:36:26.798,1.00364,1.00377,1.12,1.27
2014.11.11 20:36:27.340,1.00363,1.00377,1.50,1.15
2014.11.11 20:36:27.543,1.00363,1.00377,2.02,1.00
2014.11.11 20:36:28.079,1.00367,1.00379,1.00,1.00
2014.11.11 20:36:28.585,1.00367,1.00379,1.17,1.00
2014.11.11 20:36:31.474,1.0037,1.00382,1.10,1.10
2014.11.11 20:36:31.980,1.0037,1.00382,1.17,1.00
2014.11.11 20:36:32.670,1.00371,1.00385,1.10,1.45
2014.11.11 20:36:32.772,1.00373,1.00387,1.00,1.07
2014.11.11 20:36:33.076,1.00375,1.00387,1.52,1.00
2014.11.11 20:36:33.127,1.00377,1.00389,1.27,1.00
2014.11.11 20:36:33.228,1.00379,1.00393,1.00,1.27
2014.11.11 20:36:33.813,1.00378,1.00392,1.00,1.27
2014.11.11 20:36:34.168,1.00376,1.0039,1.10,1.17
2014.11.11 20:36:37.272,1.00378,1.00389,2.25,1.17
2014.11.11 20:36:37.374,1.00378,1.00392,5.62,1.00
2014.11.11 20:36:37.880,1.00381,1.00393,1.00,1.17
2014.11.11 20:36:37.982,1.00378,1.00393,1.00,1.52
2014.11.11 20:36:38.516,1.00375,1.0039,2.21,1.00
2014.11.11 20:36:39.032,1.00375,1.00389,2.96,1.00
2014.11.11 20:36:46.631,1.00375,1.00389,1.07,1.37
2014.11.11 20:36:46.682,1.00375,1.00389,1.10,1.47
2014.11.11 20:36:46.885,1.00374,1.00386,1.17,1.00
2014.11.11 20:36:49.224,1.00375,1.00386,2.02,1.00
2014.11.11 20:36:49.326,1.00379,1.00391,1.00,1.20
2014.11.11 20:36:51.385,1.00375,1.00389,1.27,1.00
2014.11.11 20:36:51.690,1.00374,1.00388,2.70,1.15
2014.11.11 20:36:51.994,1.00372,1.00384,1.27,1.00
2014.11.11 20:36:52.521,1.00371,1.00384,1.00,1.15
2014.11.11 20:36:52.572,1.00374,1.00382,1.00,1.10
2014.11.11 20:36:52.674,1.00368,1.00382,3.45,1.10
2014.11.11 20:36:52.851,1.00371,1.00382,1.00,1.10
2014.11.11 20:36:53.312,1.00368,1.00382,1.95,1.10
2014.11.11 20:37:00.538,1.00368,1.00382,1.95,1.10
2014.11.11 20:37:00.741,1.00368,1.00382,2.02,1.00
2014.11.11 20:37:06.213,1.00371,1.00385,1.10,2.40
2014.11.11 20:37:06.265,1.00371,1.00385,1.15,1.00
2014.11.11 20:37:06.518,1.00374,1.00386,1.00,1.65
2014.11.11 20:37:06.823,1.00374,1.00384,1.00,2.77
2014.11.11 20:37:07.063,1.00369,1.00381,1.00,1.20
2014.11.11 20:37:07.216,1.00366,1.00378,1.65,1.00
2014.11.11 20:37:18.249,1.00366,1.00378,1.00,1.00
2014.11.11 20:37:18.583,1.00365,1.00376,1.00,2.70
2014.11.11 20:37:18.888,1.00356,1.0037,1.50,1.27
2014.11.11 20:37:19.519,1.00355,1.00365,1.65,1.00
2014.11.11 20:37:21.394,1.00356,1.00368,1.00,1.00
2014.11.11 20:37:21.951,1.00355,1.00367,1.50,1.00
2014.11.11 20:37:22.465,1.00354,1.00367,1.65,1.00
2014.11.11 20:37:28.913,1.00353,1.00366,1.07,1.07
2014.11.11 20:37:29.216,1.00352,1.00366,3.15,1.17
2014.11.11 20:37:29.719,1.00353,1.00366,1.00,1.17
2014.11.11 20:37:31.392,1.00356,1.00366,1.00,1.17
2014.11.11 20:37:31.722,1.00358,1.00366,1.00,1.17
2014.11.11 20:37:32.321,1.00358,1.00366,1.00,1.17
2014.11.11 20:37:32.473,1.00354,1.00366,1.00,2.77
2014.11.11 20:37:32.979,1.00354,1.00362,1.00,1.00
2014.11.11 20:37:33.131,1.00351,1.00362,2.02,1.00
2014.11.11 20:37:36.183,1.00351,1.00362,1.47,1.00
2014.11.11 20:37:37.812,1.00352,1.00365,1.20,1.15
2014.11.11 20:37:41.791,1.00351,1.00365,2.32,1.15
2014.11.11 20:37:52.755,1.00351,1.00365,2.32,2.32
2014.11.11 20:37:53.506,1.00351,1.00365,1.95,2.40
2014.11.11 20:37:53.557,1.00351,1.00362,1.12,1.00
2014.11.11 20:37:55.422,1.00352,1.00365,1.00,1.65
2014.11.11 20:37:57.061,1.00351,1.00364,1.12,1.17
2014.11.11 20:38:17.824,1.00351,1.00364,1.57,1.10
2014.11.11 20:38:22.745,1.00352,1.00364,1.10,1.10
2014.11.11 20:38:23.066,1.00354,1.00366,1.10,1.57
2014.11.11 20:38:26.961,1.00352,1.00366,1.55,2.32
2014.11.11 20:38:27.063,1.00354,1.00368,1.17,1.20
2014.11.11 20:38:27.164,1.00355,1.00368,2.00,1.00
2014.11.11 20:38:27.419,1.00356,1.0037,1.57,1.00
2014.11.11 20:38:27.571,1.00356,1.0037,1.50,1.15
2014.11.11 20:38:27.623,1.00355,1.00368,1.10,1.10
2014.11.11 20:38:27.979,1.00353,1.00366,1.27,1.00
2014.11.11 20:38:29.232,1.00353,1.00366,1.20,1.07
2014.11.11 20:38:32.365,1.00354,1.00366,1.00,1.57
2014.11.11 20:38:32.568,1.00354,1.00368,1.47,1.10
2014.11.11 20:38:35.405,1.00354,1.00368,2.32,1.10
2014.11.11 20:38:36.123,1.00355,1.00369,1.10,1.20
2014.11.11 20:38:36.174,1.00355,1.00369,1.17,1.20
2014.11.11 20:38:36.987,1.00355,1.00368,1.65,1.00
2014.11.11 20:38:46.434,1.00355,1.00369,1.17,1.20
2014.11.11 20:38:46.969,1.00354,1.00368,1.72,1.00
2014.11.11 20:38:58.426,1.00354,1.00368,1.65,1.00
2014.11.11 20:38:58.680,1.00362,1.00374,1.10,1.10
2014.11.11 20:38:58.782,1.00363,1.00376,1.00,1.50
2014.11.11 20:38:59.287,1.00362,1.00375,1.20,1.00
2014.11.11 20:39:04.650,1.00361,1.00375,3.07,1.00
2014.11.11 20:39:08.343,1.00364,1.00378,1.27,1.12
2014.11.11 20:39:13.678,1.00364,1.00378,1.20,1.20
2014.11.11 20:39:13.780,1.00364,1.00376,1.00,1.95
2014.11.11 20:39:13.983,1.0036,1.00372,2.32,1.20
2014.11.11 20:39:14.387,1.00358,1.00372,2.02,1.27
2014.11.11 20:39:15.929,1.00358,1.00372,1.57,1.20
2014.11.11 20:39:16.245,1.00361,1.00374,2.10,1.10
2014.11.11 20:39:16.347,1.00363,1.00376,1.27,2.25
2014.11.11 20:39:16.920,1.00363,1.00377,1.15,1.00
2014.11.11 20:39:17.375,1.00363,1.00376,1.07,1.57
2014.11.11 20:39:17.578,1.00361,1.00375,1.20,2.32
2014.11.11 20:39:22.433,1.00362,1.00373,1.20,1.00
2014.11.11 20:39:24.265,1.00362,1.00373,1.20,1.37
2014.11.11 20:39:24.367,1.00359,1.00373,1.57,1.55
2014.11.11 20:39:24.418,1.00359,1.00371,1.10,1.15
2014.11.11 20:39:24.469,1.00357,1.00371,1.65,1.27
2014.11.11 20:39:33.740,1.00358,1.00372,1.00,1.15
2014.11.11 20:39:33.841,1.00358,1.00372,1.65,1.07
2014.11.11 20:39:33.892,1.00358,1.00372,1.65,1.45
2014.11.11 20:39:34.095,1.00355,1.00369,1.57,1.27
2014.11.11 20:39:34.247,1.00355,1.00369,1.00,3.82
2014.11.11 20:39:34.298,1.00353,1.00367,1.12,1.15
2014.11.11 20:39:34.349,1.00353,1.00367,1.27,1.00
2014.11.11 20:39:34.400,1.00354,1.00365,1.20,1.00
2014.11.11 20:39:34.501,1.00355,1.00369,3.00,1.27
2014.11.11 20:39:34.552,1.00355,1.00369,3.15,1.12
2014.11.11 20:39:34.856,1.00359,1.00371,1.17,1.00
2014.11.11 20:39:35.640,1.0036,1.00374,1.20,1.20
2014.11.11 20:39:35.843,1.00362,1.00375,1.00,1.00
2014.11.11 20:39:36.147,1.00366,1.00378,1.15,1.00
2014.11.11 20:39:36.300,1.00371,1.00384,1.20,1.50
2014.11.11 20:39:37.139,1.00371,1.00385,1.20,1.65
2014.11.11 20:39:37.240,1.0037,1.00382,1.15,1.00
2014.11.11 20:39:37.772,1.00368,1.00382,1.15,1.10
2014.11.11 20:39:40.162,1.00369,1.00383,1.15,1.00
2014.11.11 20:39:40.213,1.00371,1.00385,1.10,1.50
2014.11.11 20:39:44.287,1.00374,1.00386,1.00,1.10
2014.11.11 20:39:45.180,1.00373,1.00385,1.10,1.00
2014.11.11 20:39:46.889,1.00373,1.00385,1.47,1.00
2014.11.11 20:39:46.940,1.00374,1.00387,1.37,1.10
2014.11.11 20:39:46.991,1.00375,1.00388,2.02,1.00
2014.11.11 20:39:47.295,1.00381,1.00389,1.00,1.00
2014.11.11 20:39:47.346,1.00381,1.00395,1.00,2.02
2014.11.11 20:39:47.549,1.00381,1.00395,1.00,3.45
2014.11.11 20:39:47.903,1.00376,1.00392,1.10,1.27
2014.11.11 20:39:49.130,1.00374,1.00389,2.77,1.00
2014.11.11 20:39:50.175,1.00374,1.00389,1.12,1.15
2014.11.11 20:39:50.479,1.00371,1.00384,1.87,1.17
2014.11.11 20:39:51.019,1.00374,1.00384,1.00,1.17
2014.11.11 20:39:51.990,1.00376,1.00386,1.00,1.10
2014.11.11 20:39:52.520,1.00375,1.00388,1.50,1.15
2014.11.11 20:39:53.032,1.00375,1.00388,1.57,1.10
2014.11.11 20:39:53.236,1.00376,1.00392,1.27,1.17
2014.11.11 20:39:55.076,1.00376,1.00392,1.95,1.15
2014.11.11 20:39:55.432,1.00376,1.00392,2.02,1.17
2014.11.11 20:39:55.534,1.00376,1.00392,1.95,1.15
2014.11.11 20:39:56.550,1.00376,1.00389,1.20,1.00
2014.11.11 20:39:59.675,1.00376,1.00389,1.10,1.07
2014.11.11 20:40:00.192,1.00376,1.00389,1.00,1.15
2014.11.11 20:40:00.395,1.00375,1.00389,2.32,1.07
2014.11.11 20:40:00.445,1.00379,1.00389,1.12,1.00
2014.11.11 20:40:00.496,1.00382,1.00394,1.00,1.15
2014.11.11 20:40:00.699,1.00378,1.00394,1.47,1.15
2014.11.11 20:40:00.851,1.00378,1.00392,1.37,1.15
2014.11.11 20:40:01.573,1.00376,1.00392,1.57,1.15
2014.11.11 20:40:05.177,1.00377,1.00392,1.35,1.07
2014.11.11 20:40:12.787,1.00378,1.00394,1.27,1.10
2014.11.11 20:40:14.073,1.00379,1.00394,1.57,1.10
2014.11.11 20:40:14.581,1.00378,1.00394,2.02,1.15
2014.11.11 20:40:15.104,1.00378,1.00394,2.10,1.15
2014.11.11 20:40:20.958,1.00377,1.00392,1.25,1.00
2014.11.11 20:40:21.474,1.00376,1.00392,1.65,1.27
2014.11.11 20:40:22.394,1.00376,1.00391,1.15,1.57
2014.11.11 20:40:22.699,1.00375,1.00389,3.15,1.20
2014.11.11 20:40:23.222,1.00375,1.00388,2.40,1.57
2014.11.11 20:40:25.483,1.00374,1.00386,2.40,1.00
2014.11.11 20:40:25.534,1.00374,1.00386,1.00,1.10
2014.11.11 20:40:25.686,1.00374,1.00385,1.00,2.70
2014.11.11 20:40:25.990,1.00374,1.00386,1.00,1.47
2014.11.11 20:40:26.041,1.00372,1.00384,2.25,1.07
2014.11.11 20:40:26.345,1.00374,1.00387,1.00,3.07
2014.11.11 20:40:26.447,1.00374,1.00388,1.57,1.10
2014.11.11 20:40:26.924,1.00375,1.00388,1.27,1.00
2014.11.11 20:40:27.427,1.00376,1.0039,1.65,1.07
2014.11.11 20:40:27.931,1.00377,1.0039,1.57,1.07
2014.11.11 20:40:28.033,1.00378,1.00392,2.10,1.10
2014.11.11 20:40:28.557,1.0038,1.00394,1.10,1.47
2014.11.11 20:40:29.200,1.00382,1.00394,1.00,1.47
2014.11.11 20:40:30.088,1.00382,1.00394,1.00,1.10
2014.11.11 20:40:31.158,1.00381,1.00394,1.00,1.10
2014.11.11 20:40:32.283,1.00383,1.00394,1.00,1.10
2014.11.11 20:40:32.387,1.00381,1.00394,1.00,1.10
2014.11.11 20:40:32.901,1.00382,1.00395,1.00,1.55
2014.11.11 20:40:34.933,1.00381,1.00393,1.00,1.00
2014.11.11 20:40:35.436,1.00382,1.00393,1.10,1.00
2014.11.11 20:40:36.202,1.00381,1.00393,1.57,1.00
2014.11.11 20:40:38.234,1.00381,1.00393,1.57,1.55
2014.11.11 20:40:42.196,1.00379,1.00392,1.10,1.20
2014.11.11 20:40:42.792,1.00378,1.00392,1.65,1.20
2014.11.11 20:40:57.673,1.00378,1.00392,1.72,1.00
2014.11.11 20:40:57.986,1.0038,1.00392,1.62,1.00
2014.11.11 20:40:58.037,1.00381,1.00394,1.35,1.00
2014.11.11 20:40:58.088,1.00381,1.00394,1.30,1.00
2014.11.11 20:40:58.241,1.00383,1.00394,1.57,1.15
2014.11.11 20:40:58.545,1.0038,1.00394,1.65,1.20
2014.11.11 20:40:59.231,1.00383,1.00395,1.00,1.15
2014.11.11 20:40:59.743,1.00383,1.00395,1.00,1.00
2014.11.11 20:40:59.794,1.00384,1.00398,1.10,1.95
2014.11.11 20:41:00.098,1.00385,1.00399,1.72,1.37
2014.11.11 20:41:00.677,1.00387,1.004,1.27,1.00
2014.11.11 20:41:01.291,1.00386,1.004,2.10,1.00
2014.11.11 20:41:01.342,1.00388,1.00402,1.17,1.00
2014.11.11 20:41:01.646,1.00391,1.00403,1.00,1.12
2014.11.11 20:41:02.200,1.00392,1.00404,1.00,1.37
2014.11.11 20:41:02.352,1.00388,1.00402,1.17,1.10
2014.11.11 20:41:02.555,1.00389,1.004,1.00,1.00
2014.11.11 20:41:02.605,1.00386,1.004,2.40,1.00
2014.11.11 20:41:02.757,1.00386,1.00398,1.15,1.00
2014.11.11 20:41:03.319,1.00386,1.00398,1.10,1.00
2014.11.11 20:41:03.902,1.00386,1.00398,1.00,1.27
2014.11.11 20:41:04.409,1.00385,1.00397,1.95,1.00
2014.11.11 20:41:04.714,1.00388,1.004,1.50,1.10
2014.11.11 20:41:05.119,1.00389,1.00403,1.10,1.47
2014.11.11 20:41:05.221,1.00389,1.00403,1.00,1.52
2014.11.11 20:41:05.689,1.00386,1.00399,1.12,1.27
2014.11.11 20:41:05.740,1.00384,1.00398,2.70,1.20
2014.11.11 20:41:05.942,1.00384,1.00396,1.57,1.00
2014.11.11 20:41:06.247,1.00385,1.00398,1.27,1.00
2014.11.11 20:41:06.903,1.00387,1.004,1.10,1.07
2014.11.11 20:41:07.498,1.00387,1.004,1.17,1.00
2014.11.11 20:41:14.938,1.00388,1.00402,1.10,1.55
2014.11.11 20:41:17.439,1.00387,1.00401,1.00,1.52
2014.11.11 20:41:17.541,1.00384,1.00397,1.37,1.12
2014.11.11 20:41:17.643,1.00383,1.00397,2.25,1.27
2014.11.11 20:41:17.745,1.00381,1.00395,2.32,1.07
2014.11.11 20:41:18.252,1.00381,1.00395,1.27,1.87
2014.11.11 20:41:18.438,1.00381,1.00395,1.27,1.87
2014.11.11 20:41:18.987,1.00385,1.00395,1.00,1.12
2014.11.11 20:41:21.437,1.00382,1.00396,1.15,3.45
2014.11.11 20:41:25.588,1.00382,1.00396,1.00,3.52
2014.11.11 20:41:26.117,1.00382,1.00394,1.00,1.00
2014.11.11 20:41:27.747,1.0038,1.00394,1.10,1.57
2014.11.11 20:41:28.278,1.0038,1.00393,1.10,1.00
2014.11.11 20:41:28.788,1.00379,1.00393,1.17,1.87
2014.11.11 20:41:39.489,1.00378,1.00391,1.25,1.00
2014.11.11 20:41:41.076,1.00377,1.00391,1.87,1.52
2014.11.11 20:41:41.280,1.00372,1.00386,1.57,1.27
2014.11.11 20:41:41.539,1.00376,1.00384,1.00,1.10
2014.11.11 20:41:41.805,1.00374,1.00384,1.00,1.10
2014.11.11 20:41:42.008,1.00374,1.00386,1.65,1.00
2014.11.11 20:41:42.161,1.00376,1.00388,1.00,1.07
2014.11.11 20:41:42.212,1.00376,1.00388,1.00,1.00
2014.11.11 20:41:42.315,1.00377,1.00391,1.20,1.10
2014.11.11 20:41:42.418,1.00376,1.0039,4.20,1.00
2014.11.11 20:41:43.031,1.00379,1.00393,1.17,1.17
2014.11.11 20:41:43.743,1.00379,1.00393,1.72,1.00
2014.11.11 20:41:44.418,1.00381,1.00395,2.02,2.32
2014.11.11 20:41:44.923,1.00382,1.00395,1.27,2.25
2014.11.11 20:41:46.089,1.00383,1.00394,1.20,1.00
2014.11.11 20:41:47.058,1.00383,1.00395,1.65,1.00
2014.11.11 20:41:47.519,1.00385,1.00396,1.07,1.50
2014.11.11 20:41:48.026,1.00385,1.00395,1.00,1.50
2014.11.11 20:41:48.535,1.00383,1.00396,1.17,2.32
2014.11.11 20:41:48.840,1.00378,1.0039,1.10,1.00
2014.11.11 20:41:49.144,1.00378,1.0039,1.00,1.15
2014.11.11 20:41:49.677,1.00377,1.00388,1.00,1.10
2014.11.11 20:41:52.369,1.00376,1.00388,1.57,1.10
2014.11.11 20:41:56.014,1.00377,1.00388,1.00,1.20
2014.11.11 20:41:57.336,1.00377,1.00388,1.07,1.00
2014.11.11 20:41:57.438,1.00378,1.0039,1.10,1.20
2014.11.11 20:41:57.714,1.0038,1.0039,1.00,1.20
2014.11.11 20:41:58.806,1.00379,1.0039,1.00,1.20
2014.11.11 20:41:59.342,1.0038,1.00394,1.12,3.07
2014.11.11 20:41:59.646,1.00382,1.00392,1.00,1.17
2014.11.11 20:42:00.387,1.00382,1.00395,1.50,1.65
2014.11.11 20:42:00.539,1.00382,1.00396,1.65,2.25
2014.11.11 20:42:01.045,1.00385,1.00397,1.00,1.00
2014.11.11 20:42:06.059,1.00385,1.00397,1.00,1.17
2014.11.11 20:42:06.211,1.00382,1.00396,1.10,1.10
2014.11.11 20:42:07.326,1.00382,1.00396,1.10,1.17
2014.11.11 20:42:07.902,1.00382,1.00396,1.00,2.40
2014.11.11 20:42:08.447,1.00381,1.00393,1.00,1.00
2014.11.11 20:42:11.152,1.00381,1.00393,1.20,1.00
2014.11.11 20:42:18.100,1.00383,1.00395,1.00,1.00
2014.11.11 20:42:21.806,1.00383,1.00395,1.17,1.00
2014.11.11 20:42:22.010,1.00385,1.00397,1.10,1.10
2014.11.11 20:42:22.848,1.00383,1.00397,1.07,1.17
2014.11.11 20:42:22.899,1.00383,1.00397,1.00,1.15
2014.11.11 20:42:23.000,1.00383,1.00397,1.00,3.45
2014.11.11 20:42:23.051,1.00381,1.00395,1.57,1.15
2014.11.11 20:42:23.152,1.00379,1.00392,1.12,1.10
2014.11.11 20:42:23.203,1.00378,1.00392,1.47,1.17
2014.11.11 20:42:23.856,1.00378,1.00392,1.10,1.17
2014.11.11 20:42:24.553,1.00378,1.00392,1.10,3.45
2014.11.11 20:42:24.605,1.00376,1.0039,1.00,1.52
2014.11.11 20:42:24.928,1.00374,1.00387,1.00,1.10
2014.11.11 20:42:33.951,1.00374,1.00387,2.70,1.10
2014.11.11 20:42:34.723,1.00376,1.0039,1.00,1.20
2014.11.11 20:42:39.878,1.00376,1.0039,1.07,1.20
2014.11.11 20:42:40.384,1.00376,1.0039,1.00,1.27
2014.11.11 20:42:47.896,1.00376,1.0039,1.00,1.52
2014.11.11 20:42:48.445,1.00376,1.0039,1.00,1.52
2014.11.11 20:42:48.495,1.00376,1.0039,1.00,1.52
2014.11.11 20:42:48.802,1.00376,1.0039,1.00,1.52
2014.11.11 20:42:48.965,1.00376,1.0039,1.00,1.52
2014.11.11 20:42:49.885,1.00376,1.0039,1.00,1.52
2014.11.11 20:42:57.090,1.00376,1.0039,1.00,1.52
2014.11.11 20:43:00.397,1.00376,1.0039,1.00,1.52
2014.11.11 20:43:00.943,1.00376,1.0039,1.07,1.45
2014.11.11 20:43:07.607,1.00378,1.0039,1.00,1.45
2014.11.11 20:43:08.729,1.00378,1.0039,1.07,1.07
2014.11.11 20:43:09.267,1.00378,1.0039,1.15,1.00
2014.11.11 20:43:11.910,1.0038,1.00394,1.10,1.27
2014.11.11 20:43:12.498,1.0038,1.00394,1.07,1.27
2014.11.11 20:43:13.006,1.0038,1.00394,1.17,1.20
2014.11.11 20:43:14.882,1.0038,1.00392,1.17,1.00
2014.11.11 20:43:15.114,1.0038,1.00394,1.17,1.20
2014.11.11 20:43:15.216,1.0038,1.00392,1.17,1.00
2014.11.11 20:43:16.658,1.0038,1.00394,1.17,1.20
2014.11.11 20:43:16.760,1.0038,1.00392,1.17,1.00
2014.11.11 20:43:16.917,1.0038,1.00392,1.00,1.00
2014.11.11 20:43:20.606,1.00377,1.00391,1.27,1.00
2014.11.11 20:43:32.887,1.0038,1.00392,1.00,1.37
2014.11.11 20:43:33.426,1.0038,1.00392,1.00,1.00
2014.11.11 20:43:43.578,1.0038,1.00392,1.00,1.47
2014.11.11 20:43:43.781,1.00377,1.00391,1.00,1.27
2014.11.11 20:43:44.519,1.00377,1.00391,1.10,1.20
2014.11.11 20:44:12.296,1.00377,1.00391,1.10,1.47
2014.11.11 20:44:15.597,1.00377,1.00391,1.20,1.20
2014.11.11 20:44:22.011,1.00377,1.00391,1.17,1.12
2014.11.11 20:44:22.520,1.00379,1.00393,1.00,1.52
2014.11.11 20:44:23.177,1.00376,1.0039,1.17,1.10
2014.11.11 20:44:32.005,1.00379,1.00393,1.00,1.52
2014.11.11 20:44:36.266,1.00377,1.00391,1.20,1.07
2014.11.11 20:44:38.945,1.00379,1.00393,1.00,1.27
2014.11.11 20:44:40.215,1.00378,1.0039,1.10,1.10
2014.11.11 20:44:41.853,1.00378,1.0039,2.10,1.00
2014.11.11 20:44:42.006,1.00379,1.00393,1.12,1.27
2014.11.11 20:44:43.317,1.00378,1.00392,1.10,1.10
2014.11.11 20:44:43.832,1.00379,1.00393,1.00,1.27
2014.11.11 20:44:45.649,1.00378,1.00392,1.20,1.10
2014.11.11 20:44:46.170,1.00377,1.00391,1.27,1.00
2014.11.11 20:44:47.283,1.00377,1.00391,1.00,1.52
2014.11.11 20:44:47.385,1.00376,1.00388,1.00,1.17
2014.11.11 20:44:47.588,1.00378,1.0039,1.00,1.10
2014.11.11 20:44:48.135,1.00381,1.00393,1.00,1.52
2014.11.11 20:44:50.983,1.00381,1.00393,1.57,1.52
2014.11.11 20:44:51.195,1.00378,1.0039,1.00,1.10
2014.11.11 20:44:51.397,1.00378,1.0039,1.17,1.00
2014.11.11 20:44:51.448,1.00378,1.00392,1.17,2.32
2014.11.11 20:44:54.120,1.00381,1.00393,1.00,1.20
2014.11.11 20:44:58.892,1.00381,1.00393,1.17,1.00
2014.11.11 20:44:59.195,1.00383,1.00395,1.07,2.32
2014.11.11 20:44:59.297,1.00386,1.00398,1.10,1.12
2014.11.11 20:44:59.601,1.00382,1.00394,1.17,1.00
2014.11.11 20:45:00.108,1.00382,1.00394,1.07,1.37
2014.11.11 20:45:00.463,1.0038,1.00394,1.20,1.37
2014.11.11 20:45:00.973,1.00381,1.00395,1.00,1.57
2014.11.11 20:45:06.238,1.00381,1.00395,1.00,1.57
2014.11.11 20:45:06.796,1.00381,1.00395,1.00,1.57
2014.11.11 20:45:07.331,1.00381,1.00393,1.00,1.37
2014.11.11 20:45:08.204,1.00381,1.00393,1.00,1.37
2014.11.11 20:45:15.138,1.00381,1.00393,1.00,1.12
2014.11.11 20:45:25.275,1.00381,1.00395,1.10,1.47
2014.11.11 20:45:25.579,1.00384,1.00395,1.10,1.87
2014.11.11 20:45:40.891,1.00384,1.00396,1.10,2.70
2014.11.11 20:45:41.196,1.00379,1.00391,1.17,1.12
2014.11.11 20:45:41.937,1.0038,1.00394,1.07,1.57
2014.11.11 20:45:45.154,1.0038,1.00394,1.07,1.20
2014.11.11 20:45:45.719,1.00382,1.00396,1.20,2.62
2014.11.11 20:45:54.067,1.00382,1.00396,1.20,2.62
2014.11.11 20:46:00.775,1.00382,1.00395,1.20,1.87
2014.11.11 20:46:03.696,1.00382,1.00395,1.20,1.87
2014.11.11 20:46:05.752,1.00379,1.00393,1.15,1.12
2014.11.11 20:46:06.553,1.00379,1.00393,1.15,1.37
2014.11.11 20:46:06.916,1.00381,1.00395,1.10,2.62
2014.11.11 20:46:07.929,1.00381,1.00395,1.10,1.37
2014.11.11 20:46:09.759,1.00381,1.00395,1.27,1.12
2014.11.11 20:46:10.064,1.00384,1.00396,3.45,1.00
2014.11.11 20:46:10.116,1.00387,1.00401,1.17,1.50
2014.11.11 20:46:10.217,1.00388,1.00402,1.07,1.12
2014.11.11 20:46:11.049,1.00388,1.00402,1.15,1.37
2014.11.11 20:46:11.559,1.00388,1.00402,1.20,1.37
2014.11.11 20:46:12.935,1.00388,1.00402,1.15,1.37
2014.11.11 20:46:13.500,1.00388,1.00402,1.15,1.12
2014.11.11 20:46:17.650,1.00388,1.00402,1.15,1.37
2014.11.11 20:46:17.954,1.00386,1.004,1.15,1.47
2014.11.11 20:46:18.271,1.00388,1.00402,1.17,1.47
2014.11.11 20:46:20.461,1.00388,1.00402,1.17,1.47
2014.11.11 20:46:22.246,1.00388,1.00402,1.17,1.20
2014.11.11 20:46:22.646,1.00387,1.00399,1.07,1.37
2014.11.11 20:46:22.697,1.00387,1.00399,1.00,1.37
2014.11.11 20:46:22.748,1.00387,1.00399,1.00,1.47
2014.11.11 20:46:22.901,1.00385,1.00396,1.00,1.87
2014.11.11 20:46:23.003,1.00383,1.00396,1.00,1.87
2014.11.11 20:46:24.600,1.00383,1.00395,1.00,1.87
2014.11.11 20:46:25.152,1.00381,1.00395,1.17,2.62
2014.11.11 20:46:25.698,1.00381,1.00395,1.07,1.47
2014.11.11 20:46:25.799,1.00379,1.00393,1.17,1.12
2014.11.11 20:46:26.305,1.00377,1.00391,2.10,1.00
2014.11.11 20:46:29.383,1.0038,1.00392,1.00,1.10
2014.11.11 20:46:32.379,1.0038,1.00392,1.00,1.47
2014.11.11 20:46:32.683,1.00376,1.0039,1.15,1.37
2014.11.11 20:46:32.996,1.00372,1.00385,5.25,1.87
2014.11.11 20:46:33.098,1.00372,1.00385,1.17,1.87
2014.11.11 20:46:34.714,1.00372,1.00385,1.17,2.25
2014.11.11 20:46:35.232,1.00372,1.00385,1.10,2.70
2014.11.11 20:46:41.025,1.00372,1.00385,1.10,1.95
2014.11.11 20:46:42.725,1.00372,1.00386,1.15,2.62
2014.11.11 20:46:42.933,1.00372,1.00386,1.15,2.62
2014.11.11 20:46:43.440,1.00372,1.00386,1.15,2.62
2014.11.11 20:46:43.986,1.00372,1.00386,1.15,2.62
2014.11.11 20:46:44.914,1.00372,1.00386,1.15,2.62
2014.11.11 20:46:45.487,1.00372,1.00385,1.15,1.50
2014.11.11 20:46:46.505,1.0037,1.00384,1.15,1.00
2014.11.11 20:46:47.527,1.00373,1.00385,1.20,2.62
2014.11.11 20:46:52.678,1.00372,1.00386,1.27,2.62
2014.11.11 20:46:53.181,1.00372,1.00385,1.27,1.50
2014.11.11 20:46:53.894,1.00375,1.00388,1.00,1.52
2014.11.11 20:46:54.046,1.00375,1.00389,1.52,1.50
2014.11.11 20:46:54.148,1.00376,1.00389,2.70,1.00
2014.11.11 20:46:54.350,1.00379,1.00393,1.15,1.87
2014.11.11 20:46:55.051,1.00381,1.00392,1.00,1.35
2014.11.11 20:46:55.102,1.00378,1.00392,1.20,2.10
2014.11.11 20:46:55.203,1.00378,1.0039,1.20,1.00
2014.11.11 20:46:55.355,1.00375,1.00389,1.20,1.17
2014.11.11 20:46:56.135,1.00375,1.00389,1.45,1.20
2014.11.11 20:46:56.642,1.00374,1.00386,1.65,1.00
2014.11.11 20:46:57.760,1.00377,1.00391,1.07,1.17
2014.11.11 20:46:58.300,1.00377,1.00391,1.45,1.10
2014.11.11 20:47:06.886,1.00377,1.0039,1.57,1.47
2014.11.11 20:47:07.191,1.00375,1.00388,1.00,1.52
2014.11.11 20:47:07.343,1.00372,1.00386,1.27,2.25
2014.11.11 20:47:07.504,1.00372,1.00386,1.57,2.25
2014.11.11 20:47:07.758,1.00376,1.0039,1.27,1.00
2014.11.11 20:47:08.265,1.00378,1.00392,1.00,1.17
2014.11.11 20:47:08.316,1.0038,1.00393,1.00,1.15
2014.11.11 20:47:09.754,1.00378,1.00392,1.00,1.17
2014.11.11 20:47:12.484,1.00378,1.00392,1.37,1.17
2014.11.11 20:47:12.687,1.00381,1.00394,1.10,1.57
2014.11.11 20:47:12.940,1.00384,1.00393,1.00,1.10
2014.11.11 20:47:13.144,1.00382,1.00393,1.00,1.10
2014.11.11 20:47:13.651,1.0038,1.00394,1.15,1.12
2014.11.11 20:47:14.244,1.00383,1.00395,1.00,2.62
2014.11.11 20:47:20.671,1.00383,1.00395,1.00,2.62
2014.11.11 20:47:25.652,1.00383,1.00395,1.00,3.52
2014.11.11 20:47:25.704,1.0038,1.00394,1.07,1.47
2014.11.11 20:47:25.755,1.0038,1.00392,1.00,1.47
2014.11.11 20:47:25.805,1.00378,1.00392,1.07,2.02
2014.11.11 20:47:26.109,1.00375,1.00388,1.07,1.00
2014.11.11 20:47:27.402,1.00374,1.00388,2.40,1.37
2014.11.11 20:47:27.504,1.00374,1.00388,1.07,1.47
2014.11.11 20:47:27.555,1.00374,1.00388,1.00,1.55
2014.11.11 20:47:28.083,1.00373,1.00386,1.10,1.87
2014.11.11 20:47:30.915,1.00373,1.00386,1.10,1.87
2014.11.11 20:47:31.543,1.00375,1.00386,1.00,1.87
2014.11.11 20:47:32.630,1.00375,1.00386,1.17,1.50
2014.11.11 20:47:32.681,1.00375,1.00389,1.17,1.12
2014.11.11 20:47:32.935,1.00378,1.0039,1.00,1.47
2014.11.11 20:47:33.465,1.00379,1.00393,1.00,2.47
2014.11.11 20:47:34.033,1.00379,1.00393,1.00,2.47
2014.11.11 20:47:34.185,1.00376,1.0039,1.57,1.55
2014.11.11 20:47:34.540,1.00376,1.0039,1.27,1.87
2014.11.11 20:47:36.944,1.00376,1.0039,1.17,1.37
2014.11.11 20:47:37.450,1.00376,1.0039,1.17,1.37
2014.11.11 20:47:40.597,1.00375,1.00389,1.15,1.12
2014.11.11 20:47:41.098,1.00378,1.0039,1.00,1.37
2014.11.11 20:47:45.382,1.00375,1.00389,1.15,1.12
2014.11.11 20:47:54.395,1.00378,1.0039,1.00,1.37
2014.11.11 20:48:00.292,1.00378,1.0039,1.20,1.12
2014.11.11 20:48:01.818,1.00378,1.0039,1.17,1.12
2014.11.11 20:48:02.351,1.00378,1.0039,1.15,1.12
2014.11.11 20:48:06.483,1.0038,1.00392,1.15,1.00
2014.11.11 20:48:09.154,1.00382,1.00394,1.10,1.37
2014.11.11 20:48:12.046,1.00382,1.00394,1.10,1.12
2014.11.11 20:48:14.446,1.00382,1.00394,1.10,1.37
2014.11.11 20:48:16.967,1.00382,1.00394,1.10,1.12
2014.11.11 20:48:18.397,1.00384,1.00396,1.00,2.70
2014.11.11 20:48:26.560,1.00384,1.00396,1.00,2.70
2014.11.11 20:48:27.090,1.00385,1.00396,1.00,1.87
2014.11.11 20:48:28.814,1.00383,1.00396,1.10,1.87
2014.11.11 20:48:29.598,1.00383,1.00396,1.10,1.87
2014.11.11 20:48:30.101,1.00383,1.00397,1.47,1.10
2014.11.11 20:48:30.254,1.00387,1.00399,1.00,1.50
2014.11.11 20:48:30.761,1.00385,1.00399,1.17,1.12
2014.11.11 20:48:47.149,1.00385,1.00399,1.27,1.00
2014.11.11 20:48:47.696,1.00388,1.004,1.10,1.00
2014.11.11 20:48:48.401,1.00389,1.00403,1.00,1.27
2014.11.11 20:48:48.451,1.00389,1.00403,3.37,1.10
2014.11.11 20:48:48.554,1.00391,1.00405,1.52,2.25
2014.11.11 20:48:48.655,1.00394,1.00408,1.00,1.55
2014.11.11 20:48:50.427,1.00394,1.00408,1.07,1.65
2014.11.11 20:48:51.197,1.00394,1.00407,1.17,1.10
2014.11.11 20:48:52.246,1.00394,1.00405,1.17,1.50
2014.11.11 20:48:53.115,1.00392,1.00406,1.27,2.25
2014.11.11 20:49:07.688,1.00392,1.00406,3.45,1.00
2014.11.11 20:49:07.993,1.00395,1.00409,1.15,1.00
2014.11.11 20:49:08.523,1.00395,1.00409,1.17,1.10
2014.11.11 20:49:10.292,1.00396,1.0041,1.00,2.02
2014.11.11 20:49:10.805,1.00395,1.00409,1.10,1.20
2014.11.11 20:49:11.060,1.00395,1.00409,3.00,1.00
2014.11.11 20:49:12.264,1.00395,1.00409,2.40,1.10
2014.11.11 20:49:12.725,1.00395,1.00409,1.15,1.47
2014.11.11 20:49:16.093,1.00395,1.00409,1.15,1.20
2014.11.11 20:49:29.673,1.00396,1.00408,1.17,1.00
2014.11.11 20:49:30.199,1.00395,1.00409,1.07,1.45
2014.11.11 20:49:30.554,1.00395,1.00409,1.17,1.20
2014.11.11 20:49:30.807,1.00399,1.00411,1.00,1.20
2014.11.11 20:49:33.134,1.00399,1.00411,1.17,1.00
2014.11.11 20:49:33.336,1.00399,1.00413,1.17,1.00
2014.11.11 20:49:33.542,1.00399,1.00413,2.40,1.00
2014.11.11 20:49:34.543,1.00399,1.00413,3.15,1.00
2014.11.11 20:49:34.645,1.00406,1.0042,1.45,1.57
2014.11.11 20:49:34.747,1.00412,1.0042,1.00,1.10
2014.11.11 20:49:35.000,1.00413,1.00425,1.00,1.72
2014.11.11 20:49:35.102,1.0041,1.00422,1.17,1.00
2014.11.11 20:49:35.305,1.0041,1.00424,1.17,1.10
2014.11.11 20:49:36.245,1.0041,1.00424,2.02,1.00
2014.11.11 20:49:36.296,1.00413,1.00426,1.20,2.32
2014.11.11 20:49:38.892,1.00413,1.00427,1.27,1.72
2014.11.11 20:49:38.994,1.00413,1.00427,1.27,1.57
2014.11.11 20:49:39.096,1.00413,1.00427,1.17,1.00
2014.11.11 20:49:39.615,1.00413,1.00427,1.20,1.10
2014.11.11 20:49:40.950,1.00413,1.00427,1.20,1.00
2014.11.11 20:49:41.519,1.00415,1.0043,1.50,2.10
2014.11.11 20:49:42.455,1.00415,1.0043,1.50,2.10
2014.11.11 20:49:42.974,1.00413,1.00426,1.07,1.57
2014.11.11 20:49:43.491,1.00413,1.00426,1.15,2.25
2014.11.11 20:49:44.296,1.00413,1.00427,1.15,1.87
2014.11.11 20:49:59.501,1.00415,1.00426,1.95,1.00
2014.11.11 20:50:01.246,1.00412,1.00428,1.52,1.00
2014.11.11 20:50:01.795,1.00412,1.00427,1.52,1.00
2014.11.11 20:50:10.004,1.00412,1.00429,1.45,4.20
2014.11.11 20:50:16.941,1.00415,1.00429,1.50,4.20
2014.11.11 20:50:21.758,1.00415,1.00429,1.50,1.27
2014.11.11 20:50:23.178,1.00415,1.00429,1.57,1.00
2014.11.11 20:50:23.693,1.00415,1.00429,1.50,1.15
2014.11.11 20:50:25.386,1.00416,1.00429,1.50,1.00
2014.11.11 20:50:25.893,1.00416,1.00431,1.50,1.52
2014.11.11 20:50:35.229,1.00415,1.00431,1.50,1.52
2014.11.11 20:50:35.807,1.00416,1.00431,1.50,1.52
2014.11.11 20:50:37.460,1.00417,1.00431,1.10,1.52
2014.11.11 20:50:38.021,1.00416,1.00431,1.50,1.27
2014.11.11 20:50:38.657,1.00415,1.00431,2.70,1.27
2014.11.11 20:50:42.468,1.00416,1.00431,1.50,1.27
2014.11.11 20:50:42.993,1.00415,1.00429,1.55,1.10
2014.11.11 20:50:44.672,1.00415,1.00429,1.55,1.10
2014.11.11 20:50:45.186,1.00416,1.00428,1.95,1.00
2014.11.11 20:50:45.823,1.00416,1.00428,1.12,1.10
2014.11.11 20:50:46.327,1.00415,1.00427,1.37,1.00
2014.11.11 20:50:47.779,1.00415,1.00427,1.00,1.00
2014.11.11 20:50:54.593,1.00417,1.00429,1.00,1.17
2014.11.11 20:50:55.167,1.00417,1.00429,1.10,1.10
2014.11.11 20:50:55.562,1.00417,1.00429,1.00,1.45
2014.11.11 20:50:55.613,1.00414,1.00427,1.12,1.10
2014.11.11 20:50:56.235,1.00414,1.00427,1.20,1.00
2014.11.11 20:50:56.639,1.00415,1.00429,1.00,3.45
2014.11.11 20:50:56.842,1.00413,1.00425,1.57,1.10
2014.11.11 20:50:57.045,1.00413,1.00425,1.95,1.00
2014.11.11 20:50:57.147,1.00415,1.00429,1.27,1.27
2014.11.11 20:50:59.109,1.00415,1.00429,2.96,1.20
2014.11.11 20:50:59.413,1.0042,1.00431,1.00,1.10
2014.11.11 20:50:59.718,1.0042,1.00433,1.00,1.10
2014.11.11 20:50:59.971,1.00419,1.00433,1.57,1.00
2014.11.11 20:51:01.577,1.00421,1.00433,1.00,1.20
2014.11.11 20:51:08.042,1.00421,1.00432,1.00,1.10
2014.11.11 20:51:10.459,1.00421,1.00433,1.00,1.27
2014.11.11 20:51:17.971,1.00421,1.00432,1.00,1.00
2014.11.11 20:51:18.530,1.00421,1.00433,1.00,1.50
2014.11.11 20:51:24.150,1.00419,1.00433,1.17,1.50
2014.11.11 20:51:27.592,1.00419,1.00433,1.20,1.57
2014.11.11 20:51:28.220,1.00419,1.00432,1.10,1.00
2014.11.11 20:51:28.551,1.00419,1.00433,1.17,1.00
2014.11.11 20:51:33.600,1.00421,1.00433,1.17,1.00
2014.11.11 20:51:34.208,1.00423,1.00436,1.10,1.50
2014.11.11 20:51:34.310,1.00423,1.00437,1.15,1.12
2014.11.11 20:51:35.120,1.00423,1.00437,1.20,1.27
2014.11.11 20:51:40.071,1.00424,1.00438,1.07,1.07
2014.11.11 20:51:40.479,1.00426,1.0044,1.15,2.25
2014.11.11 20:51:40.986,1.00426,1.0044,1.27,1.12
2014.11.11 20:51:41.455,1.00426,1.0044,1.15,1.37
2014.11.11 20:51:41.557,1.00424,1.00438,1.65,1.37
2014.11.11 20:51:41.659,1.00422,1.00436,1.65,2.62
2014.11.11 20:51:42.269,1.00422,1.00435,1.65,1.50
2014.11.11 20:51:42.776,1.00422,1.00436,2.77,1.00
2014.11.11 20:51:43.789,1.00422,1.00435,1.15,1.50
2014.11.11 20:51:47.326,1.00422,1.00436,1.00,2.40
2014.11.11 20:51:47.980,1.00422,1.00436,1.00,4.95
2014.11.11 20:51:48.133,1.00419,1.00431,1.00,1.10
2014.11.11 20:51:48.185,1.00419,1.00431,1.37,1.10
2014.11.11 20:51:48.542,1.00421,1.00435,3.37,1.07
2014.11.11 20:51:48.695,1.00425,1.00437,1.10,1.00
2014.11.11 20:51:49.121,1.00423,1.00435,1.17,1.00
2014.11.11 20:51:49.323,1.00425,1.00437,1.95,1.10
2014.11.11 20:51:50.286,1.00426,1.00438,1.00,1.20
2014.11.11 20:51:50.759,1.00423,1.00437,1.20,1.07
2014.11.11 20:51:51.369,1.00423,1.00437,1.50,1.17
2014.11.11 20:51:51.875,1.00425,1.00438,1.47,1.17
2014.11.11 20:51:53.344,1.00425,1.00439,2.70,1.95
2014.11.11 20:51:53.650,1.00423,1.00433,1.12,1.20
2014.11.11 20:51:53.852,1.00423,1.00435,1.20,1.10
2014.11.11 20:51:53.903,1.00423,1.00436,2.02,1.50
2014.11.11 20:51:54.005,1.00426,1.00438,1.37,1.50
2014.11.11 20:51:54.056,1.00426,1.00435,1.75,1.00
2014.11.11 20:51:54.410,1.00426,1.00438,1.75,1.50
2014.11.11 20:51:54.663,1.00428,1.0044,1.20,1.10
2014.11.11 20:51:55.199,1.0043,1.00441,1.00,1.10
2014.11.11 20:51:58.949,1.0043,1.00442,1.10,1.50
2014.11.11 20:51:59.252,1.00431,1.00439,1.00,1.00
2014.11.11 20:51:59.331,1.00431,1.00443,1.00,1.50
2014.11.11 20:52:08.275,1.00431,1.00443,1.00,1.07
2014.11.11 20:52:08.787,1.0043,1.00442,1.00,1.07
2014.11.11 20:52:10.054,1.00427,1.00441,1.27,1.10
2014.11.11 20:52:12.188,1.00427,1.00441,1.27,1.57
2014.11.11 20:52:33.411,1.00426,1.00438,1.07,1.00
2014.11.11 20:52:33.917,1.00427,1.00441,1.10,1.17
2014.11.11 20:52:35.141,1.00429,1.00441,1.00,1.10
2014.11.11 20:52:35.995,1.00429,1.00441,1.00,1.07
2014.11.11 20:52:36.148,1.00426,1.00438,1.20,1.00
2014.11.11 20:52:37.545,1.00426,1.00438,1.07,1.50
2014.11.11 20:52:37.741,1.00426,1.00438,3.45,1.00
2014.11.11 20:52:37.994,1.00428,1.0044,1.17,1.00
2014.11.11 20:52:38.146,1.00429,1.00442,1.07,1.10
2014.11.11 20:52:39.450,1.00429,1.00441,1.20,1.00
2014.11.11 20:52:39.964,1.00429,1.00443,1.00,1.20
2014.11.11 20:52:40.448,1.00425,1.00436,1.07,1.57
2014.11.11 20:52:40.550,1.00421,1.00435,1.50,1.15
2014.11.11 20:52:40.651,1.0042,1.00432,1.20,1.00
2014.11.11 20:52:41.653,1.0042,1.00432,1.15,1.00
2014.11.11 20:52:42.160,1.0042,1.00433,1.15,1.00
2014.11.11 20:52:42.464,1.00424,1.00433,1.27,1.00
2014.11.11 20:52:42.617,1.00427,1.00439,1.07,1.10
2014.11.11 20:52:43.074,1.00428,1.00442,1.07,1.20
2014.11.11 20:52:46.313,1.00428,1.00442,1.00,1.20
2014.11.11 20:52:47.316,1.00428,1.00442,1.00,3.45
2014.11.11 20:52:47.823,1.00427,1.00439,1.00,1.20
2014.11.11 20:52:47.924,1.00424,1.00438,2.25,1.17
2014.11.11 20:52:48.317,1.00424,1.00438,2.25,1.17
2014.11.11 20:52:48.469,1.00422,1.00436,1.00,1.52
2014.11.11 20:52:48.622,1.00422,1.00435,1.00,2.02
2014.11.11 20:52:48.673,1.0042,1.00434,1.00,1.15
2014.11.11 20:52:49.479,1.00423,1.00435,1.00,3.52
2014.11.11 20:52:49.682,1.00418,1.00432,1.27,1.00
2014.11.11 20:52:50.138,1.00418,1.00432,1.27,1.20
2014.11.11 20:52:50.392,1.00418,1.00432,1.27,1.12
2014.11.11 20:52:53.827,1.00418,1.00432,1.27,1.12
2014.11.11 20:52:54.080,1.00421,1.00434,1.20,1.00
2014.11.11 20:52:54.618,1.00421,1.00435,1.20,2.32
2014.11.11 20:52:55.157,1.00423,1.00435,1.00,1.00
2014.11.11 20:52:55.461,1.00423,1.00433,1.00,1.00
2014.11.11 20:52:55.983,1.00423,1.00434,1.00,1.00
2014.11.11 20:52:56.796,1.00423,1.00435,1.00,1.00
2014.11.11 20:52:57.159,1.00423,1.00436,1.27,1.00
2014.11.11 20:52:57.260,1.00425,1.00439,1.27,1.12
2014.11.11 20:52:57.362,1.00427,1.00441,1.20,1.20
2014.11.11 20:52:58.688,1.0043,1.00442,1.00,1.27
2014.11.11 20:53:04.531,1.00428,1.0044,1.00,1.00
2014.11.11 20:53:05.087,1.00428,1.00439,1.00,1.00
2014.11.11 20:53:07.163,1.00428,1.0044,1.00,1.50
2014.11.11 20:53:16.050,1.00428,1.0044,1.00,1.37
2014.11.11 20:53:16.355,1.00419,1.00431,1.00,2.32
2014.11.11 20:53:16.406,1.00417,1.00429,1.00,1.15
2014.11.11 20:53:16.507,1.00416,1.00423,1.00,1.00
2014.11.11 20:53:16.609,1.00414,1.00424,1.00,1.00
2014.11.11 20:53:16.660,1.0041,1.00424,1.15,1.00
2014.11.11 20:53:16.761,1.00414,1.00425,1.00,1.00
2014.11.11 20:53:17.068,1.00411,1.00424,1.17,1.00
2014.11.11 20:53:17.286,1.00411,1.00422,1.17,1.00
2014.11.11 20:53:17.388,1.00413,1.00426,1.00,1.95
2014.11.11 20:53:17.489,1.00412,1.00424,1.00,1.17
2014.11.11 20:53:17.995,1.0041,1.00422,1.15,1.00
2014.11.11 20:53:18.400,1.00411,1.00425,1.27,1.20
2014.11.11 20:53:19.809,1.0041,1.00426,1.17,2.77
2014.11.11 20:53:20.072,1.00408,1.00424,1.55,1.55
2014.11.11 20:53:21.951,1.00408,1.00424,1.52,1.12
2014.11.11 20:53:22.356,1.0041,1.00425,1.10,2.70
2014.11.11 20:53:22.559,1.00405,1.0042,1.35,1.27
2014.11.11 20:53:22.763,1.00406,1.00422,2.47,1.82
2014.11.11 20:53:23.068,1.00412,1.00423,1.00,1.85
2014.11.11 20:53:23.170,1.00412,1.00423,1.00,1.10
2014.11.11 20:53:23.475,1.00413,1.00426,1.12,1.57
2014.11.11 20:53:23.576,1.00413,1.00426,1.47,1.50
2014.11.11 20:53:23.880,1.00415,1.0043,1.55,1.47
2014.11.11 20:53:24.429,1.00415,1.0043,2.77,1.10
2014.11.11 20:53:24.685,1.00416,1.0043,1.35,1.00
2014.11.11 20:53:25.093,1.00418,1.00433,1.17,1.47
2014.11.11 20:53:26.033,1.00418,1.00433,1.55,1.20
2014.11.11 20:53:26.286,1.0042,1.00433,1.17,1.12
2014.11.11 20:53:30.394,1.0042,1.00434,1.17,1.50
2014.11.11 20:53:30.922,1.00422,1.00434,1.00,2.25
2014.11.11 20:53:43.242,1.00422,1.00434,1.07,1.00
2014.11.11 20:53:43.546,1.00422,1.00432,1.15,1.00
2014.11.11 20:53:43.597,1.00422,1.00434,1.15,1.50
2014.11.11 20:53:44.348,1.00422,1.00433,1.15,1.00
2014.11.11 20:53:46.212,1.00422,1.00433,1.00,1.00
2014.11.11 20:53:46.738,1.00422,1.00432,1.00,1.00
2014.11.11 20:53:47.325,1.00422,1.00434,1.00,1.50
2014.11.11 20:53:47.658,1.0042,1.00432,1.17,1.00
2014.11.11 20:53:48.013,1.00417,1.00431,2.10,1.00
2014.11.11 20:53:48.424,1.00417,1.00429,1.27,1.00
2014.11.11 20:53:49.639,1.00418,1.00429,3.07,1.00
2014.11.11 20:53:50.165,1.00423,1.0043,1.00,1.00
2014.11.11 20:53:50.520,1.00423,1.00432,1.00,1.00
2014.11.11 20:53:55.236,1.00423,1.00433,1.00,1.00
2014.11.11 20:53:57.003,1.0042,1.00433,1.27,1.00
2014.11.11 20:53:57.424,1.00421,1.00433,1.55,1.00
2014.11.11 20:53:57.782,1.0043,1.00438,1.10,1.00
2014.11.11 20:53:58.138,1.0043,1.0044,1.20,1.00
2014.11.11 20:53:58.802,1.0043,1.00439,1.20,1.00
2014.11.11 20:54:00.306,1.00429,1.00439,1.95,1.00
2014.11.11 20:54:00.357,1.00429,1.00441,1.95,1.00
2014.11.11 20:54:00.459,1.00429,1.00441,4.20,1.00
2014.11.11 20:54:00.962,1.00429,1.00442,4.20,1.00
2014.11.11 20:54:03.452,1.00429,1.00443,4.20,1.50
2014.11.11 20:54:09.582,1.00432,1.00442,1.07,1.00
2014.11.11 20:54:10.125,1.00432,1.00443,1.07,1.00
2014.11.11 20:54:10.569,1.00432,1.00441,1.00,1.00
2014.11.11 20:54:10.979,1.0043,1.0044,1.10,1.00
2014.11.11 20:54:11.333,1.0043,1.00442,1.47,1.00
2014.11.11 20:54:11.485,1.0043,1.00444,1.10,1.57
2014.11.11 20:54:12.035,1.0043,1.00443,1.10,1.00
2014.11.11 20:54:13.750,1.0043,1.00444,1.10,1.57
2014.11.11 20:54:14.185,1.0043,1.00441,1.10,1.00
2014.11.11 20:54:16.419,1.0043,1.00443,1.20,1.00
2014.11.11 20:54:16.571,1.0043,1.00443,1.47,1.00
2014.11.11 20:54:16.875,1.0043,1.00444,1.20,1.10
2014.11.11 20:54:17.503,1.0043,1.00442,1.10,1.00
2014.11.11 20:54:20.355,1.0043,1.00443,1.10,1.00
2014.11.11 20:54:20.818,1.0043,1.00441,1.47,1.00
2014.11.11 20:54:21.529,1.0043,1.00441,1.10,1.00
2014.11.11 20:54:22.419,1.00428,1.00441,1.10,1.00
2014.11.11 20:54:23.464,1.00428,1.00439,1.20,1.00
2014.11.11 20:54:23.768,1.00428,1.00441,1.20,1.00
2014.11.11 20:54:30.878,1.00428,1.00441,1.47,1.00
2014.11.11 20:54:31.394,1.00428,1.00442,1.47,1.10
2014.11.11 20:54:41.551,1.00429,1.0044,1.00,1.00
2014.11.11 20:54:42.056,1.00427,1.0044,1.55,1.00
2014.11.11 20:54:47.725,1.00428,1.00442,1.20,1.10
2014.11.11 20:54:47.827,1.00428,1.00442,1.00,2.77
2014.11.11 20:54:48.131,1.00422,1.00434,1.55,1.00
2014.11.11 20:54:48.416,1.00422,1.00433,1.00,1.00
2014.11.11 20:54:48.924,1.00422,1.00434,1.00,1.00
2014.11.11 20:54:53.585,1.00422,1.00431,1.00,1.00
2014.11.11 20:54:55.339,1.00422,1.0043,1.00,1.00
2014.11.11 20:54:55.390,1.00418,1.0043,1.10,1.00
2014.11.11 20:54:55.441,1.00418,1.00432,1.10,1.57
2014.11.11 20:54:55.491,1.00418,1.0043,1.10,1.00
2014.11.11 20:54:58.840,1.00418,1.0043,1.00,1.17
2014.11.11 20:54:59.001,1.00416,1.00428,1.00,1.00
2014.11.11 20:54:59.457,1.00417,1.00431,1.27,1.10
2014.11.11 20:55:00.212,1.00421,1.00433,1.00,2.02
2014.11.11 20:55:00.264,1.00421,1.00433,1.00,1.50
2014.11.11 20:55:00.904,1.00421,1.00432,1.00,1.00
2014.11.11 20:55:02.750,1.00418,1.00432,1.27,1.50
2014.11.11 20:55:07.473,1.00418,1.00432,1.07,1.07
2014.11.11 20:55:07.777,1.00416,1.00429,1.17,1.00
2014.11.11 20:55:08.810,1.00418,1.0043,1.00,1.00
2014.11.11 20:55:13.199,1.00418,1.0043,1.07,1.00
2014.11.11 20:55:13.250,1.00419,1.00433,1.17,1.87
2014.11.11 20:55:13.779,1.00421,1.00433,1.00,1.50
2014.11.11 20:55:13.880,1.00421,1.00433,1.07,1.50
2014.11.11 20:55:14.184,1.00424,1.00436,1.15,1.75
2014.11.11 20:55:14.286,1.00425,1.00436,1.57,1.00
2014.11.11 20:55:15.428,1.00424,1.00436,2.25,1.00
2014.11.11 20:55:19.535,1.00422,1.00436,1.17,1.20
2014.11.11 20:55:19.688,1.00421,1.00433,1.55,1.00
2014.11.11 20:55:19.896,1.00423,1.00435,1.00,1.50
2014.11.11 20:55:19.998,1.00421,1.00434,1.10,1.10
2014.11.11 20:55:20.353,1.00419,1.00432,1.27,1.00
2014.11.11 20:55:20.454,1.0042,1.00434,1.10,1.10
2014.11.11 20:55:20.506,1.0042,1.00434,1.65,1.00
2014.11.11 20:55:21.040,1.00422,1.00436,1.17,2.40
2014.11.11 20:55:28.908,1.0042,1.00434,1.52,1.00
2014.11.11 20:55:29.060,1.0042,1.00434,1.20,1.00
2014.11.11 20:55:29.567,1.0042,1.00434,1.52,1.50
2014.11.11 20:55:30.301,1.0042,1.00434,1.52,1.00
2014.11.11 20:55:31.676,1.00422,1.00436,1.47,1.10
2014.11.11 20:55:32.487,1.00425,1.00436,1.50,1.10
2014.11.11 20:55:41.073,1.00424,1.00436,1.20,1.00
2014.11.11 20:55:41.657,1.00424,1.00436,1.00,1.07
2014.11.11 20:55:42.175,1.00422,1.00435,1.20,1.10
2014.11.11 20:55:42.533,1.00422,1.00435,1.45,1.10
2014.11.11 20:55:42.685,1.00424,1.00438,2.70,1.10
2014.11.11 20:55:46.448,1.00426,1.00438,1.27,1.00
2014.11.11 20:55:47.091,1.00426,1.00438,1.20,1.00
2014.11.11 20:55:47.889,1.00426,1.00438,1.47,1.00
2014.11.11 20:55:48.400,1.00426,1.00438,1.20,1.00
2014.11.11 20:55:54.198,1.00424,1.00438,2.40,1.00
2014.11.11 20:55:58.360,1.00424,1.00437,2.77,1.00
2014.11.11 20:56:00.440,1.00424,1.00437,2.40,1.37
2014.11.11 20:56:00.949,1.00424,1.00437,1.20,1.12
2014.11.11 20:56:01.459,1.00424,1.00438,1.20,1.50
2014.11.11 20:56:02.027,1.00425,1.00438,2.70,1.00
2014.11.11 20:56:02.129,1.00428,1.0044,1.10,1.50
2014.11.11 20:56:02.381,1.00425,1.00439,1.55,1.10
2014.11.11 20:56:03.976,1.00425,1.00439,1.55,1.50
2014.11.11 20:56:04.631,1.00425,1.00438,1.15,1.00
2014.11.11 20:56:11.680,1.00427,1.00437,1.07,1.00
2014.11.11 20:56:12.575,1.00427,1.00436,1.07,1.00
2014.11.11 20:56:15.217,1.00427,1.00436,1.00,1.00
2014.11.11 20:56:15.728,1.00425,1.00437,2.70,1.00
2014.11.11 20:56:17.968,1.00425,1.00436,2.32,1.00
2014.11.11 20:56:19.321,1.00425,1.00436,2.70,1.00
2014.11.11 20:56:19.372,1.00425,1.00438,2.77,1.00
2014.11.11 20:56:19.897,1.00428,1.00437,1.00,1.00
2014.11.11 20:56:20.058,1.00428,1.00439,1.00,1.00
2014.11.11 20:56:20.572,1.00428,1.00438,1.00,1.00
2014.11.11 20:56:21.235,1.00428,1.00437,1.00,1.00
2014.11.11 20:56:21.833,1.00428,1.00438,1.00,1.00
2014.11.11 20:56:22.356,1.00428,1.00437,1.00,1.00
2014.11.11 20:56:27.080,1.00426,1.00437,1.55,1.00
2014.11.11 20:56:32.454,1.00426,1.00438,1.17,1.00
2014.11.11 20:56:34.583,1.00426,1.00436,1.17,1.00
2014.11.11 20:56:35.464,1.00426,1.00436,1.00,1.00
2014.11.11 20:56:35.819,1.00423,1.00435,1.20,1.50
2014.11.11 20:56:35.920,1.00423,1.00437,1.12,1.20
2014.11.11 20:56:36.124,1.00422,1.00435,1.15,1.00
2014.11.11 20:56:36.707,1.00424,1.00434,1.10,1.00
2014.11.11 20:56:37.101,1.00424,1.00436,1.10,1.00
2014.11.11 20:56:43.076,1.00424,1.00436,1.20,1.07
2014.11.11 20:56:43.279,1.0042,1.00434,1.57,2.47
2014.11.11 20:56:43.381,1.00422,1.00431,1.00,1.00
2014.11.11 20:56:43.798,1.00422,1.00434,1.00,1.20
2014.11.11 20:56:43.900,1.00422,1.00432,1.00,2.62
2014.11.11 20:56:44.103,1.00415,1.00429,1.57,1.27
2014.11.11 20:56:44.154,1.00415,1.00425,1.00,1.07
2014.11.11 20:56:44.458,1.00411,1.00423,2.62,1.15
2014.11.11 20:56:44.509,1.00411,1.00421,2.25,1.20
2014.11.11 20:56:44.611,1.00411,1.00419,2.25,1.00
2014.11.11 20:56:44.917,1.00407,1.00415,1.00,1.07
2014.11.11 20:56:45.375,1.00406,1.00417,1.12,1.17
2014.11.11 20:56:45.907,1.00405,1.00417,1.00,1.07
2014.11.11 20:56:46.110,1.00407,1.00416,1.00,1.00
2014.11.11 20:56:46.211,1.00407,1.00419,1.00,1.57
2014.11.11 20:56:46.414,1.00411,1.00419,1.00,1.07
2014.11.11 20:56:46.717,1.00406,1.00422,1.57,3.45
2014.11.11 20:56:48.056,1.00405,1.00415,1.07,1.00
2014.11.11 20:56:48.158,1.00405,1.00418,1.07,1.10
2014.11.11 20:56:49.074,1.00404,1.00417,2.40,1.00
2014.11.11 20:56:50.476,1.00405,1.00421,1.20,1.35
2014.11.11 20:56:51.454,1.00405,1.00422,1.27,2.02
2014.11.11 20:56:56.550,1.00405,1.00422,2.02,2.77
2014.11.11 20:56:56.853,1.00407,1.0042,1.17,1.00
2014.11.11 20:56:57.950,1.00407,1.00419,1.17,1.00
2014.11.11 20:56:58.153,1.00404,1.00419,1.20,1.50
2014.11.11 20:56:58.661,1.00405,1.0042,2.40,1.20
2014.11.11 20:56:59.764,1.00405,1.00418,2.40,1.00
2014.11.11 20:57:00.018,1.00404,1.00419,1.87,1.15
2014.11.11 20:57:00.819,1.00405,1.00419,1.50,1.72
2014.11.11 20:57:02.463,1.00405,1.00415,1.50,1.00
2014.11.11 20:57:02.832,1.00405,1.00418,1.50,2.47
2014.11.11 20:57:04.223,1.00405,1.00416,1.50,1.00
2014.11.11 20:57:05.124,1.00405,1.00417,1.50,1.10
2014.11.11 20:57:05.923,1.00405,1.00416,1.50,1.00
2014.11.11 20:57:06.482,1.00405,1.00415,1.50,1.00
2014.11.11 20:57:06.948,1.00403,1.00415,1.10,1.00
2014.11.11 20:57:06.999,1.00403,1.00417,1.00,3.37
2014.11.11 20:57:09.673,1.00401,1.00416,1.95,1.15
2014.11.11 20:57:13.976,1.004,1.00417,1.55,2.10
2014.11.11 20:57:15.575,1.004,1.00412,1.55,1.00
2014.11.11 20:57:16.214,1.004,1.00415,1.55,1.07
2014.11.11 20:57:16.881,1.004,1.00414,3.45,1.00
2014.11.11 20:57:17.336,1.00403,1.00419,2.02,1.27
2014.11.11 20:57:17.387,1.00403,1.00417,1.57,2.70
2014.11.11 20:57:17.691,1.00398,1.00409,1.50,1.10
2014.11.11 20:57:18.098,1.00398,1.00408,1.00,1.07
2014.11.11 20:57:18.238,1.00394,1.00406,1.87,1.00
2014.11.11 20:57:18.751,1.00394,1.00406,1.87,1.07
2014.11.11 20:57:18.802,1.00392,1.00406,1.00,1.27
2014.11.11 20:57:18.853,1.00392,1.00406,1.00,2.17
2014.11.11 20:57:19.259,1.00389,1.00402,1.57,1.00
2014.11.11 20:57:19.514,1.00389,1.00402,1.12,1.15
2014.11.11 20:57:19.616,1.00389,1.00402,1.12,1.10
2014.11.11 20:57:20.149,1.00389,1.00402,1.20,1.10
2014.11.11 20:57:20.352,1.00389,1.00404,1.52,1.00
2014.11.11 20:57:20.403,1.00389,1.00404,3.45,1.00
2014.11.11 20:57:20.505,1.0039,1.00407,4.20,1.00
2014.11.11 20:57:21.015,1.00394,1.00409,1.57,1.27
2014.11.11 20:57:21.118,1.00393,1.00407,1.17,1.57
2014.11.11 20:57:21.422,1.0039,1.00406,1.20,1.65
2014.11.11 20:57:22.436,1.0039,1.00405,1.57,1.65
2014.11.11 20:57:23.384,1.0039,1.00405,2.02,1.57
2014.11.11 20:57:23.435,1.0039,1.00407,1.52,1.20
2014.11.11 20:57:23.486,1.00393,1.00407,1.65,1.10
2014.11.11 20:57:23.790,1.00395,1.0041,2.70,1.00
2014.11.11 20:57:24.390,1.00395,1.0041,1.55,1.00
2014.11.11 20:57:24.441,1.00395,1.0041,1.55,1.00
2014.11.11 20:57:24.542,1.00395,1.00408,1.00,1.00
2014.11.11 20:57:25.043,1.0039,1.00407,2.77,1.10
2014.11.11 20:57:25.398,1.0039,1.00405,2.77,1.50
2014.11.11 20:57:25.565,1.0039,1.00405,2.02,1.57
2014.11.11 20:57:26.097,1.0039,1.00405,1.27,1.50
2014.11.11 20:57:29.104,1.0039,1.00406,1.27,1.95
2014.11.11 20:57:30.161,1.0039,1.00405,1.27,1.50
2014.11.11 20:57:30.212,1.00392,1.00405,2.70,1.50
2014.11.11 20:57:30.263,1.00392,1.00409,2.70,1.87
2014.11.11 20:57:30.517,1.00395,1.00412,1.55,2.02
2014.11.11 20:57:30.618,1.00395,1.00412,2.02,2.02
2014.11.11 20:57:30.973,1.00396,1.00412,2.32,1.45
2014.11.11 20:57:31.485,1.00397,1.00413,3.45,1.37
2014.11.11 20:57:32.091,1.00397,1.00414,3.45,1.37
2014.11.11 20:57:32.643,1.00397,1.00414,3.45,1.00
2014.11.11 20:57:33.172,1.00397,1.00416,3.45,2.77
2014.11.11 20:57:33.512,1.00397,1.00416,3.45,2.77
2014.11.11 20:57:34.061,1.00397,1.00415,3.45,1.67
2014.11.11 20:57:34.375,1.004,1.00412,1.17,1.12
2014.11.11 20:57:34.629,1.00395,1.00412,4.20,2.17
2014.11.11 20:57:34.730,1.00399,1.00413,1.17,2.02
2014.11.11 20:57:34.984,1.00399,1.00413,1.52,1.50
2014.11.11 20:57:35.086,1.00399,1.00416,3.45,2.25
2014.11.11 20:57:36.179,1.00403,1.00416,1.17,2.25
2014.11.11 20:57:36.636,1.00401,1.00414,4.87,1.00
2014.11.11 20:57:36.737,1.00398,1.00414,3.15,1.10
2014.11.11 20:57:36.789,1.00398,1.00414,2.77,1.10
2014.11.11 20:57:37.553,1.00398,1.00414,2.02,1.10
2014.11.11 20:57:37.605,1.00398,1.00413,1.55,1.07
2014.11.11 20:57:37.656,1.00398,1.00413,1.27,1.52
2014.11.11 20:57:37.706,1.00398,1.00411,1.20,1.07
2014.11.11 20:57:38.011,1.00397,1.00412,1.47,1.15
2014.11.11 20:57:38.602,1.00395,1.0041,4.35,1.07
2014.11.11 20:57:38.805,1.00395,1.00407,3.45,1.00
2014.11.11 20:57:38.856,1.00395,1.00407,3.37,1.07
2014.11.11 20:57:39.363,1.00392,1.00407,1.27,1.07
2014.11.11 20:57:39.567,1.00391,1.00407,1.47,3.07
2014.11.11 20:57:40.097,1.0039,1.00405,3.07,1.17
2014.11.11 20:57:40.249,1.00393,1.00409,1.57,1.27
2014.11.11 20:57:40.791,1.00395,1.00406,1.50,1.00
2014.11.11 20:57:41.329,1.00395,1.00408,1.50,1.27
2014.11.11 20:57:41.582,1.00391,1.00405,1.27,1.00
2014.11.11 20:57:42.366,1.00391,1.00406,2.02,2.25
2014.11.11 20:57:42.870,1.00391,1.00405,2.02,1.50
2014.11.11 20:57:44.182,1.00391,1.00406,2.02,1.00
2014.11.11 20:57:44.685,1.00392,1.00409,1.52,1.27
2014.11.11 20:57:46.393,1.00391,1.00405,2.02,1.00
2014.11.11 20:57:50.174,1.00391,1.00405,2.02,1.00
2014.11.11 20:57:50.276,1.00395,1.00408,1.57,1.00
2014.11.11 20:57:50.848,1.00396,1.00408,1.00,1.00
2014.11.11 20:57:52.390,1.00396,1.00408,1.17,1.00
2014.11.11 20:57:52.967,1.00396,1.00408,1.52,1.00
2014.11.11 20:57:53.018,1.00397,1.00411,1.55,1.00
2014.11.11 20:57:53.221,1.00399,1.00413,1.27,1.00
2014.11.11 20:57:53.737,1.00401,1.00415,1.00,2.77
2014.11.11 20:58:00.388,1.00402,1.00415,1.00,1.17
2014.11.11 20:58:01.039,1.00401,1.00415,1.12,1.17
2014.11.11 20:58:01.566,1.00401,1.00415,1.52,1.00
2014.11.11 20:58:02.568,1.00405,1.00415,1.00,1.50
2014.11.11 20:58:03.114,1.00405,1.00416,1.00,1.50
2014.11.11 20:58:03.790,1.00405,1.00419,1.00,1.55
2014.11.11 20:58:09.356,1.00405,1.00419,1.20,1.07
2014.11.11 20:58:09.621,1.00407,1.00421,1.00,1.52
2014.11.11 20:58:10.142,1.00407,1.00421,1.27,1.12
2014.11.11 20:58:10.395,1.00411,1.00425,1.10,2.62
2014.11.11 20:58:10.648,1.00411,1.00425,1.17,1.87
2014.11.11 20:58:11.152,1.00413,1.00424,1.20,1.00
2014.11.11 20:58:14.380,1.00411,1.00424,1.27,1.00
2014.11.11 20:58:14.885,1.00411,1.00425,1.27,2.40
2014.11.11 20:58:20.270,1.00413,1.00425,1.00,1.27
2014.11.11 20:58:20.811,1.00412,1.00425,1.00,1.20
2014.11.11 20:58:21.582,1.00412,1.00425,1.07,1.10
2014.11.11 20:58:22.087,1.00412,1.00424,1.15,1.00
2014.11.11 20:58:22.601,1.00412,1.00425,1.15,1.00
2014.11.11 20:58:25.073,1.00412,1.00426,1.52,1.50
2014.11.11 20:58:28.081,1.00411,1.00425,1.07,2.62
2014.11.11 20:58:28.387,1.00411,1.00423,1.00,1.55
2014.11.11 20:58:28.438,1.00407,1.00421,1.17,1.00
2014.11.11 20:58:28.753,1.00407,1.00421,1.27,1.00
2014.11.11 20:58:28.854,1.00409,1.00423,1.17,1.12
2014.11.11 20:58:29.845,1.00409,1.00423,1.17,1.37
2014.11.11 20:58:30.374,1.00409,1.00423,1.10,1.57
2014.11.11 20:58:30.898,1.00409,1.00423,1.17,1.00
2014.11.11 20:58:34.298,1.00409,1.00423,1.07,1.39
2014.11.11 20:58:34.350,1.00407,1.00421,1.00,1.27
2014.11.11 20:58:34.552,1.00405,1.00419,5.70,1.00
2014.11.11 20:58:34.603,1.00407,1.00421,1.55,1.10
2014.11.11 20:58:35.142,1.0041,1.00422,1.00,1.07
2014.11.11 20:58:37.741,1.0041,1.00422,1.17,1.00
2014.11.11 20:58:40.007,1.00411,1.00424,1.20,1.00
2014.11.11 20:58:43.054,1.00411,1.00425,1.20,1.57
2014.11.11 20:58:53.431,1.00411,1.00424,1.10,1.00
2014.11.11 20:58:59.409,1.00411,1.00424,1.20,1.10
2014.11.11 20:59:00.010,1.00411,1.00425,1.17,1.50
2014.11.11 20:59:00.223,1.00412,1.00425,2.62,1.00
2014.11.11 20:59:00.527,1.0042,1.00432,1.55,1.00
2014.11.11 20:59:00.628,1.00421,1.00434,1.20,1.00
2014.11.11 20:59:00.679,1.00423,1.00434,1.00,1.00
2014.11.11 20:59:01.195,1.0042,1.00435,2.70,1.50
2014.11.11 20:59:02.231,1.0042,1.00434,2.70,1.00
2014.11.11 20:59:02.332,1.0042,1.00438,3.52,1.10
2014.11.11 20:59:03.748,1.00423,1.00436,0.10,0.10
2014.11.11 20:59:04.360,1.00422,1.00434,0.10,0.10
2014.11.11 20:59:04.667,1.00422,1.00432,0.10,0.37
2014.11.11 20:59:04.718,1.0042,1.00432,0.10,0.45
2014.11.11 20:59:04.819,1.00418,1.00431,0.10,0.37
2014.11.11 20:59:08.121,1.00418,1.0043,0.10,0.37
2014.11.11 20:59:08.915,1.00418,1.00432,0.10,1.20
2014.11.11 20:59:08.966,1.00421,1.00432,0.10,1.12
2014.11.11 20:59:09.319,1.00421,1.00435,0.10,0.45
2014.11.11 20:59:10.449,1.00422,1.00435,0.82,1.57
2014.11.11 20:59:10.550,1.00427,1.00436,0.10,1.95
2014.11.11 20:59:11.180,1.00428,1.00436,0.10,0.37
2014.11.11 20:59:12.484,1.00427,1.00436,0.10,0.37
2014.11.11 20:59:12.956,1.00424,1.00435,0.10,0.37
2014.11.11 20:59:13.108,1.00424,1.00433,0.10,0.75
2014.11.11 20:59:13.563,1.00428,1.00434,0.10,0.75
2014.11.11 20:59:14.290,1.00428,1.00437,0.10,0.37
2014.11.11 20:59:14.799,1.00428,1.00438,0.10,0.37
2014.11.11 20:59:15.304,1.00428,1.00437,0.10,0.75
2014.11.11 20:59:18.256,1.00428,1.00436,0.10,0.75
2014.11.11 20:59:19.691,1.00428,1.00437,0.10,0.75
2014.11.11 20:59:21.020,1.00428,1.00438,0.10,1.12
2014.11.11 20:59:21.172,1.00425,1.00435,0.10,0.37
2014.11.11 20:59:22.340,1.00425,1.00434,0.10,0.75
2014.11.11 20:59:25.313,1.00425,1.00435,0.10,2.62
2014.11.11 20:59:26.171,1.00425,1.00434,0.10,0.75
2014.11.11 20:59:27.510,1.00426,1.00434,0.15,0.75
2014.11.11 20:59:28.104,1.00424,1.00434,0.10,0.75
2014.11.11 20:59:28.205,1.00427,1.00434,0.10,0.75
2014.11.11 20:59:29.421,1.00424,1.00434,0.10,0.75
2014.11.11 20:59:29.624,1.00419,1.0043,0.10,0.37
2014.11.11 20:59:29.826,1.00422,1.0043,0.10,0.37
2014.11.11 20:59:30.690,1.00422,1.00431,0.10,0.75
2014.11.11 20:59:31.200,1.00422,1.00432,0.10,0.75
2014.11.11 20:59:32.232,1.00418,1.00432,0.90,1.20
2014.11.11 20:59:32.333,1.00418,1.0043,0.10,0.37
2014.11.11 20:59:32.695,1.00418,1.00428,0.10,0.75
2014.11.11 20:59:33.142,1.00418,1.00426,0.10,0.75
2014.11.11 20:59:35.548,1.00418,1.00428,0.10,0.75
2014.11.11 20:59:39.532,1.00418,1.00429,0.10,0.75
2014.11.11 20:59:42.076,1.00418,1.00427,0.10,0.75
2014.11.11 20:59:43.575,1.00418,1.00429,0.10,0.75
2014.11.11 20:59:44.113,1.00418,1.00428,0.10,0.75
2014.11.11 20:59:44.368,1.00418,1.00426,0.10,0.75
2014.11.11 20:59:44.892,1.00418,1.00427,0.10,0.75
2014.11.11 20:59:45.835,1.00419,1.00427,0.10,0.75
2014.11.11 20:59:46.139,1.00423,1.00432,0.10,0.75
2014.11.11 20:59:46.645,1.00424,1.00433,0.15,0.75
2014.11.11 20:59:46.696,1.00424,1.00436,0.15,0.75
2014.11.11 20:59:47.200,1.00424,1.00437,0.15,0.75
2014.11.11 20:59:47.301,1.00426,1.00437,0.10,0.75
2014.11.11 20:59:47.862,1.00426,1.00438,0.10,1.12
2014.11.11 20:59:48.297,1.00428,1.00438,0.10,0.75
2014.11.11 20:59:48.572,1.00428,1.0044,0.10,1.50
2014.11.11 20:59:49.269,1.00428,1.00441,0.10,1.12
2014.11.11 20:59:50.484,1.00427,1.00441,0.10,0.45
2014.11.11 20:59:51.243,1.00427,1.00439,0.10,0.37
2014.11.11 20:59:52.143,1.00427,1.00438,0.10,0.37
2014.11.11 20:59:52.296,1.00423,1.00436,0.10,1.87
2014.11.11 20:59:52.498,1.00421,1.00435,0.10,1.20
2014.11.11 20:59:52.600,1.00421,1.00433,0.10,0.75
2014.11.11 20:59:52.904,1.00425,1.00437,0.10,0.82
2014.11.11 20:59:53.217,1.00427,1.00438,0.10,0.75
2014.11.11 20:59:53.727,1.00427,1.00439,0.10,0.82
2014.11.11 20:59:58.603,1.00427,1.00438,0.10,0.37
2014.11.11 20:59:58.805,1.00423,1.00436,0.10,1.50
2014.11.11 20:59:59.322,1.00421,1.00435,0.10,1.57
2014.11.11 20:59:59.625,1.00423,1.00437,0.10,0.10
2014.11.11 20:59:59.929,1.00426,1.00438,0.15,0.37
