2010.05.26 03:00:00.151,0.74135,0.7416,1.60,8.00
2010.05.26 03:00:00.745,0.74135,0.7416,5.60,4.00
2010.05.26 03:00:01.035,0.7413,0.74155,2.40,4.00
2010.05.26 03:00:01.334,0.74125,0.74155,11.20,4.00
2010.05.26 03:00:01.754,0.7413,0.74155,3.20,2.40
2010.05.26 03:00:02.078,0.7413,0.74155,5.60,1.60
2010.05.26 03:00:02.716,0.7413,0.7416,5.60,13.60
2010.05.26 03:00:03.746,0.7413,0.74155,2.40,1.60
2010.05.26 03:00:04.311,0.7413,0.74155,4.00,1.60
2010.05.26 03:00:04.535,0.74135,0.7416,4.00,7.20
2010.05.26 03:00:04.752,0.7413,0.74155,2.40,1.60
2010.05.26 03:00:06.046,0.7413,0.74155,2.40,5.60
2010.05.26 03:00:06.342,0.7413,0.74155,2.40,1.60
2010.05.26 03:00:06.844,0.74125,0.7415,8.00,1.60
2010.05.26 03:00:06.942,0.74125,0.7415,8.00,4.00
2010.05.26 03:00:07.045,0.74125,0.7415,4.00,4.00
2010.05.26 03:00:07.530,0.7412,0.7415,9.60,4.00
2010.05.26 03:00:08.212,0.7412,0.7415,9.60,4.10
2010.05.26 03:00:08.554,0.74125,0.74155,4.00,9.60
2010.05.26 03:00:08.771,0.74125,0.74155,4.00,7.20
2010.05.26 03:00:09.426,0.74125,0.74155,4.00,9.60
2010.05.26 03:00:09.643,0.74135,0.74155,2.40,7.20
2010.05.26 03:00:09.975,0.74135,0.74165,4.00,8.00
2010.05.26 03:00:10.304,0.74135,0.74165,15.20,4.00
2010.05.26 03:00:14.862,0.74135,0.74165,15.30,4.00
2010.05.26 03:00:15.732,0.74135,0.74165,15.20,4.00
2010.05.26 03:00:16.830,0.74135,0.74165,17.60,4.00
2010.05.26 03:00:17.010,0.74135,0.74165,15.20,4.00
2010.05.26 03:00:19.361,0.74135,0.74165,16.00,4.00
2010.05.26 03:00:19.424,0.7414,0.7417,12.80,6.40
2010.05.26 03:00:19.541,0.7414,0.7417,14.40,6.40
2010.05.26 03:00:20.833,0.7414,0.7417,4.00,10.40
2010.05.26 03:00:22.251,0.7414,0.7417,8.00,6.40
2010.05.26 03:00:22.340,0.7414,0.7417,10.40,4.00
2010.05.26 03:00:22.421,0.7414,0.7417,14.40,4.00
2010.05.26 03:00:22.511,0.7414,0.7417,10.40,4.00
2010.05.26 03:00:22.600,0.7414,0.7417,4.00,10.40
2010.05.26 03:00:23.562,0.7414,0.74165,4.00,1.60
2010.05.26 03:00:23.695,0.7414,0.74165,1.60,4.00
2010.05.26 03:00:24.108,0.7414,0.74165,1.60,2.40
2010.05.26 03:00:24.248,0.7414,0.74165,1.60,1.60
2010.05.26 03:00:24.621,0.7414,0.7417,1.60,14.40
2010.05.26 03:00:24.977,0.7414,0.7417,5.60,8.00
2010.05.26 03:00:25.325,0.7414,0.7417,5.60,5.60
2010.05.26 03:00:26.003,0.7414,0.7417,5.60,7.20
2010.05.26 03:00:26.345,0.7414,0.7417,5.60,9.60
2010.05.26 03:00:27.207,0.74145,0.74175,7.20,12.00
2010.05.26 03:00:27.442,0.74145,0.7417,7.20,2.40
2010.05.26 03:00:28.383,0.74145,0.7417,3.20,8.00
2010.05.26 03:00:28.860,0.7414,0.7417,5.60,12.00
2010.05.26 03:00:30.012,0.7414,0.7417,5.70,12.00
2010.05.26 03:00:30.353,0.7414,0.7417,9.60,8.00
2010.05.26 03:00:30.874,0.7414,0.7417,9.60,12.00
2010.05.26 03:00:31.004,0.7414,0.7417,5.60,12.00
2010.05.26 03:00:32.194,0.7414,0.7417,13.60,8.00
2010.05.26 03:00:32.383,0.74145,0.7417,4.00,6.40
2010.05.26 03:00:32.571,0.74145,0.7417,4.00,4.00
2010.05.26 03:00:43.942,0.74145,0.7417,1.60,4.00
2010.05.26 03:00:44.198,0.7414,0.7417,5.60,12.00
2010.05.26 03:00:46.875,0.7414,0.7417,5.60,12.40
2010.05.26 03:00:48.293,0.7414,0.7417,5.60,14.00
2010.05.26 03:00:48.632,0.7414,0.7417,2.40,14.10
2010.05.26 03:00:49.615,0.7414,0.7417,2.40,14.00
2010.05.26 03:00:50.141,0.7414,0.7417,2.40,14.10
2010.05.26 03:00:50.332,0.7414,0.7417,2.40,14.00
2010.05.26 03:00:51.160,0.7414,0.7417,2.40,14.10
2010.05.26 03:00:52.850,0.7414,0.7417,2.40,14.00
2010.05.26 03:01:00.674,0.74135,0.7416,11.20,1.60
2010.05.26 03:01:00.852,0.74135,0.7416,3.20,4.00
2010.05.26 03:01:01.032,0.7413,0.7416,7.20,2.40
2010.05.26 03:01:01.574,0.7413,0.74165,17.60,6.00
2010.05.26 03:01:01.731,0.7413,0.74165,17.70,6.00
2010.05.26 03:01:01.891,0.74135,0.74165,3.20,6.00
2010.05.26 03:01:05.930,0.74135,0.74165,3.20,14.00
2010.05.26 03:01:06.050,0.7413,0.74165,13.70,14.00
2010.05.26 03:01:06.171,0.7413,0.74165,11.30,16.40
2010.05.26 03:01:06.956,0.7413,0.74165,11.20,16.50
2010.05.26 03:01:06.971,0.74135,0.74165,1.60,16.50
2010.05.26 03:01:07.134,0.74135,0.74165,4.00,12.40
2010.05.26 03:01:07.292,0.74135,0.74165,12.00,4.00
2010.05.26 03:01:07.451,0.74135,0.74165,12.00,1.60
2010.05.26 03:01:08.451,0.74135,0.7417,19.20,14.90
2010.05.26 03:01:08.632,0.74135,0.7417,19.20,14.10
2010.05.26 03:01:10.423,0.7414,0.7417,9.60,6.80
2010.05.26 03:01:10.613,0.74145,0.74175,2.00,12.00
2010.05.26 03:01:10.803,0.74155,0.7418,1.60,13.70
2010.05.26 03:01:10.992,0.74155,0.7418,1.60,8.00
2010.05.26 03:01:11.182,0.74155,0.7418,1.60,8.10
2010.05.26 03:01:12.047,0.74145,0.7417,4.00,2.40
2010.05.26 03:01:12.275,0.74145,0.7417,1.60,8.00
2010.05.26 03:01:12.433,0.7414,0.7417,12.00,6.40
2010.05.26 03:01:12.741,0.7414,0.7417,12.00,8.00
2010.05.26 03:01:14.412,0.74145,0.7417,4.00,1.60
2010.05.26 03:01:14.523,0.74145,0.74175,12.00,8.10
2010.05.26 03:01:16.221,0.74145,0.74175,14.40,5.60
2010.05.26 03:01:16.442,0.74145,0.74175,12.00,8.00
2010.05.26 03:01:16.651,0.74145,0.74175,12.00,8.10
2010.05.26 03:01:16.861,0.74145,0.74175,15.20,8.10
2010.05.26 03:01:26.143,0.74145,0.74175,15.20,8.00
2010.05.26 03:01:26.521,0.74145,0.74175,15.20,6.40
2010.05.26 03:01:26.722,0.74145,0.74175,17.60,4.00
2010.05.26 03:01:26.821,0.7415,0.74175,1.60,2.40
2010.05.26 03:01:30.991,0.74145,0.74175,19.20,2.40
2010.05.26 03:01:34.104,0.7415,0.7418,9.60,9.70
2010.05.26 03:01:34.443,0.74155,0.7418,1.60,6.50
2010.05.26 03:01:35.782,0.74155,0.7418,3.20,6.40
2010.05.26 03:01:35.809,0.74155,0.74185,11.20,9.60
2010.05.26 03:01:36.020,0.7416,0.74185,4.00,4.80
2010.05.26 03:01:36.227,0.7417,0.7419,4.00,4.00
2010.05.26 03:01:36.716,0.7417,0.74185,2.40,1.60
2010.05.26 03:01:37.049,0.74155,0.7418,4.00,2.40
2010.05.26 03:01:37.387,0.7416,0.74185,5.60,4.00
2010.05.26 03:01:37.733,0.74165,0.74185,4.00,1.60
2010.05.26 03:01:38.416,0.74165,0.74195,4.00,7.60
2010.05.26 03:01:41.662,0.74165,0.74195,5.60,6.00
2010.05.26 03:01:41.986,0.74165,0.74195,4.00,6.00
2010.05.26 03:01:42.124,0.74165,0.74195,13.60,3.60
2010.05.26 03:01:42.266,0.74165,0.74195,16.90,1.00
2010.05.26 03:01:42.710,0.7417,0.74195,7.20,1.00
2010.05.26 03:01:42.855,0.7417,0.74195,17.60,1.00
2010.05.26 03:01:43.121,0.7417,0.74195,17.70,1.00
2010.05.26 03:01:44.271,0.7417,0.74195,16.10,1.00
2010.05.26 03:01:44.541,0.7417,0.74195,16.00,1.00
2010.05.26 03:01:46.221,0.7417,0.74195,16.10,1.00
2010.05.26 03:01:46.883,0.7417,0.74195,16.00,1.00
2010.05.26 03:01:47.103,0.7417,0.74195,16.10,1.00
2010.05.26 03:01:48.032,0.7417,0.74195,16.00,1.00
2010.05.26 03:01:57.331,0.7417,0.74195,13.60,1.00
2010.05.26 03:01:57.431,0.7417,0.74195,12.00,1.00
2010.05.26 03:01:57.532,0.7417,0.74195,1.60,1.00
2010.05.26 03:01:58.040,0.74165,0.74195,20.10,1.00
2010.05.26 03:01:58.133,0.74165,0.74195,16.80,1.00
2010.05.26 03:02:03.483,0.74165,0.74195,16.90,1.00
2010.05.26 03:02:10.197,0.74165,0.74195,19.20,1.00
2010.05.26 03:02:10.621,0.74165,0.74195,16.80,1.00
2010.05.26 03:02:11.261,0.74165,0.74195,19.20,1.00
2010.05.26 03:02:11.391,0.74165,0.74195,19.30,1.00
2010.05.26 03:02:11.522,0.74165,0.74195,19.20,1.00
2010.05.26 03:02:11.653,0.74165,0.74195,16.80,1.00
2010.05.26 03:02:12.816,0.74165,0.74195,19.20,1.00
2010.05.26 03:02:12.971,0.74165,0.74195,16.90,1.00
2010.05.26 03:02:13.395,0.74165,0.74195,19.20,1.00
2010.05.26 03:02:13.701,0.74165,0.74195,16.80,1.00
2010.05.26 03:02:16.921,0.7418,0.74195,2.80,1.00
2010.05.26 03:02:17.144,0.7419,0.74195,1.00,1.00
2010.05.26 03:02:17.572,0.74185,0.74195,10.80,1.00
2010.05.26 03:02:17.925,0.74185,0.74195,10.80,1.00
2010.05.26 03:02:20.998,0.7418,0.74195,17.60,1.00
2010.05.26 03:02:24.153,0.74185,0.74195,1.60,1.00
2010.05.26 03:02:24.343,0.74185,0.74195,12.00,1.00
2010.05.26 03:02:24.721,0.74185,0.74195,12.40,1.00
2010.05.26 03:02:25.082,0.74185,0.74195,12.50,1.00
2010.05.26 03:02:25.262,0.74185,0.74195,12.40,1.00
2010.05.26 03:02:27.661,0.74185,0.74195,10.80,1.00
2010.05.26 03:02:29.139,0.74185,0.74195,10.00,1.00
2010.05.26 03:02:29.275,0.74185,0.74195,4.00,1.00
2010.05.26 03:02:29.402,0.74175,0.74195,1.60,1.00
2010.05.26 03:02:29.532,0.7417,0.74195,3.20,1.00
2010.05.26 03:02:29.792,0.74175,0.74195,6.40,1.00
2010.05.26 03:02:29.923,0.74175,0.74195,10.40,1.00
2010.05.26 03:02:31.542,0.74175,0.74195,2.40,1.00
2010.05.26 03:02:31.641,0.7417,0.74195,18.40,1.00
2010.05.26 03:02:32.761,0.7417,0.74195,16.80,1.00
2010.05.26 03:02:33.107,0.7417,0.74195,4.80,1.00
2010.05.26 03:02:33.454,0.7417,0.74195,1.60,1.00
2010.05.26 03:02:33.652,0.7417,0.74195,4.00,1.00
2010.05.26 03:02:33.852,0.7417,0.74195,16.00,1.00
2010.05.26 03:02:34.624,0.7418,0.74195,14.40,1.00
2010.05.26 03:02:34.784,0.74185,0.74195,10.40,1.00
2010.05.26 03:02:37.282,0.74185,0.74195,2.40,1.00
2010.05.26 03:02:46.062,0.7418,0.74195,16.00,1.00
2010.05.26 03:02:47.027,0.7418,0.74195,2.40,1.00
2010.05.26 03:02:47.244,0.74175,0.74195,16.00,1.00
2010.05.26 03:02:49.542,0.7418,0.74195,4.00,1.00
2010.05.26 03:02:50.084,0.74175,0.74195,17.60,1.00
2010.05.26 03:02:53.091,0.74175,0.74195,17.70,1.00
2010.05.26 03:02:53.160,0.7418,0.74195,4.00,1.00
2010.05.26 03:02:53.220,0.7418,0.74195,8.00,1.00
2010.05.26 03:02:57.314,0.7418,0.74195,1.60,1.00
2010.05.26 03:02:57.575,0.74185,0.74195,1.60,1.00
2010.05.26 03:02:57.833,0.7418,0.74195,8.00,1.00
2010.05.26 03:02:58.793,0.7418,0.74195,9.60,1.00
2010.05.26 03:02:59.959,0.74185,0.7421,1.60,5.60
2010.05.26 03:03:00.257,0.74185,0.7421,6.40,1.60
2010.05.26 03:03:00.553,0.74185,0.74215,6.40,6.40
2010.05.26 03:03:01.643,0.74185,0.74215,8.00,6.40
2010.05.26 03:03:01.941,0.74185,0.74215,12.00,1.60
2010.05.26 03:03:02.134,0.7419,0.7422,4.00,13.60
2010.05.26 03:03:02.325,0.7419,0.7422,14.40,3.20
2010.05.26 03:03:02.512,0.7419,0.7422,14.40,1.60
2010.05.26 03:03:04.682,0.7419,0.7422,14.50,1.60
2010.05.26 03:03:05.471,0.7419,0.7422,12.90,1.60
2010.05.26 03:03:08.348,0.7419,0.7422,14.50,1.60
2010.05.26 03:03:09.201,0.7419,0.7422,16.10,1.60
2010.05.26 03:03:19.847,0.7419,0.7422,14.50,1.60
2010.05.26 03:03:20.143,0.7419,0.7422,16.10,3.20
2010.05.26 03:03:21.772,0.7419,0.7422,16.00,3.20
2010.05.26 03:03:22.112,0.7419,0.7422,16.10,3.20
2010.05.26 03:03:23.432,0.7419,0.7422,16.10,1.60
2010.05.26 03:03:25.310,0.7419,0.7422,16.00,1.60
2010.05.26 03:03:25.461,0.7419,0.7422,16.00,3.20
2010.05.26 03:03:25.621,0.7419,0.7422,16.10,3.20
2010.05.26 03:03:25.770,0.7419,0.7422,16.00,3.20
2010.05.26 03:03:26.991,0.7419,0.7422,16.10,3.20
2010.05.26 03:03:27.482,0.7419,0.7422,16.00,3.20
2010.05.26 03:03:29.605,0.7419,0.7422,16.10,3.20
2010.05.26 03:03:30.201,0.7419,0.7422,16.00,3.20
2010.05.26 03:03:30.401,0.7419,0.7422,16.10,3.20
2010.05.26 03:03:30.603,0.7419,0.7422,16.10,1.60
2010.05.26 03:03:31.240,0.742,0.74225,2.40,5.60
2010.05.26 03:03:32.897,0.742,0.74225,2.40,4.00
2010.05.26 03:03:33.943,0.74205,0.74225,2.40,1.60
2010.05.26 03:03:34.391,0.74205,0.7423,4.00,7.20
2010.05.26 03:03:34.557,0.74205,0.7423,4.00,5.60
2010.05.26 03:03:40.566,0.742,0.74225,10.40,2.40
2010.05.26 03:03:40.728,0.74205,0.7423,4.00,16.00
2010.05.26 03:03:40.889,0.74205,0.7423,4.00,5.60
2010.05.26 03:03:45.853,0.74195,0.74225,7.20,2.40
2010.05.26 03:03:46.152,0.742,0.74225,2.40,2.40
2010.05.26 03:03:49.922,0.74195,0.74225,4.80,4.00
2010.05.26 03:03:50.191,0.74195,0.74225,2.40,4.00
2010.05.26 03:03:51.093,0.74195,0.7422,2.40,8.80
2010.05.26 03:03:51.349,0.74185,0.74205,4.00,2.40
2010.05.26 03:03:51.596,0.7418,0.74205,1.60,12.00
2010.05.26 03:03:51.953,0.74175,0.74205,4.00,12.00
2010.05.26 03:03:52.294,0.74165,0.74195,11.20,2.40
2010.05.26 03:03:52.632,0.74165,0.742,17.60,11.20
2010.05.26 03:03:53.885,0.7417,0.742,13.60,6.40
2010.05.26 03:03:54.222,0.7417,0.742,9.60,4.00
2010.05.26 03:03:54.542,0.7417,0.742,11.20,4.00
2010.05.26 03:03:54.862,0.7417,0.742,17.60,4.00
2010.05.26 03:03:56.620,0.7417,0.742,19.30,2.40
2010.05.26 03:03:56.761,0.74175,0.74205,6.40,14.40
2010.05.26 03:03:56.811,0.74175,0.74205,15.20,7.20
2010.05.26 03:03:56.853,0.74175,0.74205,15.20,4.80
2010.05.26 03:03:57.001,0.7418,0.7421,2.40,16.00
2010.05.26 03:03:57.041,0.7418,0.7421,4.00,16.00
2010.05.26 03:03:57.083,0.7418,0.7421,4.00,12.00
2010.05.26 03:03:57.132,0.7418,0.7421,9.60,8.00
2010.05.26 03:03:57.486,0.7418,0.7421,9.60,6.40
2010.05.26 03:03:57.535,0.74185,0.7421,4.00,4.00
2010.05.26 03:03:57.583,0.7418,0.7421,15.20,4.00
2010.05.26 03:03:57.922,0.7418,0.7421,12.80,4.00
2010.05.26 03:03:59.118,0.7418,0.7421,12.90,4.00
2010.05.26 03:03:59.241,0.7418,0.7421,12.80,4.00
2010.05.26 03:04:00.033,0.7418,0.7421,8.00,5.60
2010.05.26 03:04:00.509,0.74175,0.74205,4.80,12.80
2010.05.26 03:04:00.756,0.74175,0.74205,17.60,4.00
2010.05.26 03:04:01.013,0.74175,0.74205,17.60,2.40
2010.05.26 03:04:02.172,0.74175,0.74205,18.40,2.40
2010.05.26 03:04:02.610,0.7418,0.7421,7.20,14.40
2010.05.26 03:04:02.766,0.74185,0.74215,12.00,6.40
2010.05.26 03:04:02.922,0.74185,0.74215,12.00,4.00
2010.05.26 03:04:04.792,0.7419,0.7422,8.00,10.40
2010.05.26 03:04:05.014,0.7419,0.7422,8.00,6.40
2010.05.26 03:04:05.355,0.7419,0.7422,8.00,5.60
2010.05.26 03:04:06.448,0.7419,0.7421,8.00,4.00
2010.05.26 03:04:06.744,0.74185,0.74205,1.60,2.40
2010.05.26 03:04:07.043,0.7418,0.74205,6.40,2.40
2010.05.26 03:04:07.293,0.7418,0.74205,4.80,2.40
2010.05.26 03:04:07.543,0.7418,0.74205,4.90,2.40
2010.05.26 03:04:08.921,0.7418,0.74205,4.80,2.40
2010.05.26 03:04:10.175,0.74185,0.7421,15.20,2.40
2010.05.26 03:04:10.501,0.74185,0.74215,15.20,2.40
2010.05.26 03:04:10.849,0.7419,0.74215,1.60,2.40
2010.05.26 03:04:16.931,0.74185,0.7421,11.20,4.00
2010.05.26 03:04:17.012,0.74185,0.7421,3.20,4.00
2010.05.26 03:04:19.231,0.74185,0.7421,1.60,4.00
2010.05.26 03:04:21.374,0.7418,0.7421,8.00,4.00
2010.05.26 03:04:21.474,0.7418,0.7421,7.20,4.00
2010.05.26 03:04:24.032,0.7418,0.74205,4.80,4.00
2010.05.26 03:04:25.093,0.7418,0.7421,7.20,14.40
2010.05.26 03:04:25.614,0.7418,0.7421,7.20,4.00
2010.05.26 03:04:27.430,0.7418,0.74205,7.20,1.60
2010.05.26 03:04:27.462,0.7418,0.74205,4.80,4.00
2010.05.26 03:04:29.253,0.7418,0.7421,11.20,4.00
2010.05.26 03:04:30.373,0.7418,0.74205,3.20,4.00
2010.05.26 03:04:30.591,0.7418,0.74205,4.80,4.00
2010.05.26 03:04:34.004,0.7418,0.7421,11.20,5.60
2010.05.26 03:04:34.080,0.7418,0.7421,12.80,4.00
2010.05.26 03:04:34.162,0.7418,0.74205,10.40,4.00
2010.05.26 03:04:34.503,0.7418,0.74205,4.80,4.00
2010.05.26 03:04:35.181,0.7418,0.74205,4.80,2.40
2010.05.26 03:04:36.981,0.7418,0.74205,3.20,2.40
2010.05.26 03:04:37.270,0.7418,0.74205,1.60,2.40
2010.05.26 03:04:38.524,0.74175,0.74205,19.20,4.00
2010.05.26 03:04:38.784,0.74175,0.74205,12.80,4.00
2010.05.26 03:04:41.187,0.7417,0.742,8.00,6.40
2010.05.26 03:04:41.504,0.7417,0.742,19.20,4.00
2010.05.26 03:04:42.801,0.74175,0.742,1.60,4.00
2010.05.26 03:04:42.944,0.74175,0.74205,14.40,4.00
2010.05.26 03:04:43.080,0.74175,0.74205,16.00,4.00
2010.05.26 03:04:45.992,0.74175,0.74205,14.40,7.20
2010.05.26 03:04:46.183,0.74175,0.742,1.60,2.40
2010.05.26 03:04:46.800,0.7417,0.74195,13.60,1.60
2010.05.26 03:04:46.978,0.7417,0.74195,2.40,2.40
2010.05.26 03:04:47.152,0.74165,0.74195,11.20,4.00
2010.05.26 03:04:47.797,0.74165,0.74195,7.20,4.00
2010.05.26 03:04:48.405,0.74165,0.74195,7.20,4.10
2010.05.26 03:04:49.325,0.74165,0.74195,8.80,4.10
2010.05.26 03:04:49.635,0.74165,0.74195,7.20,4.00
2010.05.26 03:04:51.881,0.74165,0.74195,7.20,4.10
2010.05.26 03:04:53.444,0.74165,0.7417,4.80,2.40
2010.05.26 03:04:53.626,0.7416,0.7417,2.40,2.40
2010.05.26 03:04:53.978,0.7416,0.74175,2.40,8.00
2010.05.26 03:04:54.169,0.74155,0.74185,4.00,1.60
2010.05.26 03:04:54.344,0.7415,0.7418,12.00,2.40
2010.05.26 03:04:54.684,0.7415,0.7418,11.20,2.40
2010.05.26 03:04:55.932,0.74155,0.74185,8.00,8.10
2010.05.26 03:04:56.193,0.74155,0.74185,8.00,5.70
2010.05.26 03:04:58.313,0.74155,0.74185,8.00,5.60
2010.05.26 03:04:59.493,0.74155,0.74185,9.60,5.60
2010.05.26 03:04:59.872,0.7416,0.74185,1.60,4.00
2010.05.26 03:05:00.013,0.74165,0.7419,1.60,4.00
2010.05.26 03:05:00.152,0.74165,0.74195,4.00,10.80
2010.05.26 03:05:00.291,0.74165,0.74195,4.00,8.40
2010.05.26 03:05:02.978,0.74165,0.7418,2.40,1.60
2010.05.26 03:05:03.062,0.7416,0.7418,2.40,4.00
2010.05.26 03:05:03.151,0.7415,0.7418,12.80,4.00
2010.05.26 03:05:03.533,0.7416,0.74185,2.40,5.20
2010.05.26 03:05:03.622,0.7416,0.74185,2.40,4.00
2010.05.26 03:05:03.711,0.7416,0.74185,2.40,1.60
2010.05.26 03:05:03.801,0.74155,0.74185,19.60,4.00
2010.05.26 03:05:03.882,0.74155,0.74185,15.60,4.00
2010.05.26 03:05:04.222,0.74155,0.74185,12.80,4.00
2010.05.26 03:05:05.198,0.7416,0.7419,4.00,10.40
2010.05.26 03:05:05.358,0.7416,0.74175,1.60,1.60
2010.05.26 03:05:05.514,0.7415,0.74175,11.20,1.60
2010.05.26 03:05:06.483,0.7416,0.7419,2.40,4.80
2010.05.26 03:05:06.753,0.74155,0.74185,12.80,4.00
2010.05.26 03:05:07.023,0.74155,0.74185,14.00,4.00
2010.05.26 03:05:07.121,0.74155,0.74185,18.00,2.40
2010.05.26 03:05:07.221,0.7416,0.7419,4.00,4.00
2010.05.26 03:05:07.864,0.7415,0.74175,11.20,1.60
2010.05.26 03:05:08.692,0.7415,0.7418,11.20,5.60
2010.05.26 03:05:11.187,0.74155,0.7418,4.00,2.40
2010.05.26 03:05:11.522,0.74155,0.7418,5.60,2.40
2010.05.26 03:05:11.574,0.74155,0.7418,11.20,2.40
2010.05.26 03:05:11.675,0.74155,0.74185,11.20,5.70
2010.05.26 03:05:12.002,0.74155,0.74185,11.20,8.10
2010.05.26 03:05:12.333,0.74155,0.74185,11.20,5.60
2010.05.26 03:05:12.664,0.7415,0.7418,11.20,5.60
2010.05.26 03:05:12.994,0.74155,0.7418,4.00,4.00
2010.05.26 03:05:13.630,0.74165,0.7419,1.60,8.10
2010.05.26 03:05:13.884,0.7416,0.7418,1.60,4.00
2010.05.26 03:05:14.073,0.7415,0.7418,12.80,6.40
2010.05.26 03:05:14.832,0.74155,0.7418,4.00,4.00
2010.05.26 03:05:15.023,0.74155,0.7418,11.20,2.40
2010.05.26 03:05:15.242,0.74155,0.74185,11.20,6.40
2010.05.26 03:05:16.876,0.7416,0.74185,2.40,2.40
2010.05.26 03:05:17.105,0.7416,0.74185,4.00,1.60
2010.05.26 03:05:17.223,0.7416,0.7418,1.60,1.60
2010.05.26 03:05:17.283,0.7416,0.7418,1.60,4.00
2010.05.26 03:05:17.342,0.74155,0.7418,6.40,4.00
2010.05.26 03:05:17.403,0.74155,0.7418,1.60,4.00
2010.05.26 03:05:17.832,0.74155,0.7418,1.60,6.40
2010.05.26 03:05:17.911,0.74155,0.7418,14.80,4.80
2010.05.26 03:05:17.975,0.7416,0.7419,2.40,8.00
2010.05.26 03:05:18.313,0.7416,0.7419,2.40,4.80
2010.05.26 03:05:18.656,0.74165,0.7419,4.00,2.40
2010.05.26 03:05:18.993,0.74165,0.74195,4.00,10.40
2010.05.26 03:05:19.852,0.74165,0.74185,4.00,1.00
2010.05.26 03:05:20.131,0.7416,0.74185,2.40,4.00
2010.05.26 03:05:20.308,0.7416,0.7419,2.40,6.40
2010.05.26 03:05:24.671,0.7416,0.7419,2.40,4.00
2010.05.26 03:05:39.672,0.7416,0.7419,13.20,4.00
2010.05.26 03:05:39.863,0.74165,0.7419,4.00,1.60
2010.05.26 03:05:44.910,0.74165,0.74195,5.60,5.60
2010.05.26 03:05:45.311,0.74165,0.74195,4.00,5.60
2010.05.26 03:05:46.219,0.74165,0.74195,4.00,8.00
2010.05.26 03:05:46.611,0.74165,0.74195,4.00,8.10
2010.05.26 03:05:47.372,0.74165,0.74195,4.00,8.00
2010.05.26 03:05:47.771,0.74165,0.74195,4.00,5.60
2010.05.26 03:05:47.911,0.74165,0.74195,4.10,3.20
2010.05.26 03:05:48.453,0.74165,0.74195,12.00,3.20
2010.05.26 03:05:48.775,0.74165,0.74195,4.00,7.30
2010.05.26 03:05:49.411,0.74165,0.74195,4.00,9.70
2010.05.26 03:05:49.731,0.74165,0.74195,4.00,7.30
2010.05.26 03:05:50.001,0.74165,0.74195,4.00,9.70
2010.05.26 03:05:50.272,0.74165,0.74195,4.00,7.20
2010.05.26 03:05:50.542,0.74165,0.74195,4.00,9.60
2010.05.26 03:05:50.791,0.74165,0.74195,4.00,9.70
2010.05.26 03:05:53.146,0.74165,0.74195,4.00,9.60
2010.05.26 03:05:53.276,0.74165,0.7419,4.00,1.60
2010.05.26 03:05:53.562,0.74165,0.7419,2.40,3.20
2010.05.26 03:05:53.713,0.7416,0.7419,4.00,5.60
2010.05.26 03:06:01.631,0.7416,0.7419,4.00,4.00
2010.05.26 03:06:02.032,0.7416,0.7419,4.00,5.70
2010.05.26 03:06:02.173,0.7416,0.74185,4.00,5.60
2010.05.26 03:06:02.311,0.74155,0.74185,15.20,5.60
2010.05.26 03:06:03.243,0.7416,0.74185,2.40,1.60
2010.05.26 03:06:03.338,0.7416,0.7419,6.40,4.00
2010.05.26 03:06:07.542,0.7416,0.7419,6.40,6.00
2010.05.26 03:06:07.615,0.74155,0.74185,16.80,4.00
2010.05.26 03:06:11.994,0.7416,0.74185,4.00,2.40
2010.05.26 03:06:12.102,0.7416,0.7419,6.40,4.00
2010.05.26 03:06:14.502,0.7416,0.74185,6.40,1.00
2010.05.26 03:06:15.012,0.74145,0.7417,1.60,4.00
2010.05.26 03:06:15.089,0.7414,0.74165,2.40,6.40
2010.05.26 03:06:15.152,0.74135,0.74165,8.80,6.40
2010.05.26 03:06:15.282,0.74135,0.74165,11.20,6.40
2010.05.26 03:06:15.354,0.74135,0.74165,11.20,8.80
2010.05.26 03:06:15.422,0.74135,0.74165,17.60,2.40
2010.05.26 03:06:15.975,0.74135,0.74165,4.80,10.40
2010.05.26 03:06:16.314,0.74135,0.74165,17.60,4.00
2010.05.26 03:06:16.655,0.74135,0.74165,19.20,4.00
2010.05.26 03:06:17.264,0.7414,0.74165,2.40,1.60
2010.05.26 03:06:17.383,0.7414,0.74165,4.00,1.60
2010.05.26 03:06:17.807,0.74145,0.7417,1.60,8.80
2010.05.26 03:06:18.128,0.74155,0.74185,8.00,1.60
2010.05.26 03:06:18.601,0.7416,0.7419,6.40,8.00
2010.05.26 03:06:18.752,0.7416,0.7419,8.00,5.60
2010.05.26 03:06:19.064,0.7416,0.74175,4.00,8.00
2010.05.26 03:06:19.404,0.7415,0.7417,1.60,2.40
2010.05.26 03:06:20.376,0.7414,0.7417,11.20,8.80
2010.05.26 03:06:20.517,0.7414,0.7417,5.60,8.80
2010.05.26 03:06:20.655,0.7414,0.7417,9.60,6.40
2010.05.26 03:06:20.795,0.74145,0.74175,2.40,14.40
2010.05.26 03:06:21.374,0.7415,0.74175,8.00,4.00
2010.05.26 03:06:21.717,0.74155,0.74185,6.40,3.20
2010.05.26 03:06:22.064,0.74155,0.74185,4.00,4.80
2010.05.26 03:06:22.405,0.7415,0.7418,8.00,4.00
2010.05.26 03:06:23.899,0.7415,0.74175,1.60,1.60
2010.05.26 03:06:24.184,0.74145,0.74175,19.20,1.60
2010.05.26 03:06:24.312,0.74145,0.74175,16.80,1.60
2010.05.26 03:06:24.634,0.74145,0.7417,3.20,4.00
2010.05.26 03:06:24.823,0.7414,0.7417,4.00,10.40
2010.05.26 03:06:25.012,0.7414,0.7417,3.20,8.80
2010.05.26 03:06:25.203,0.7414,0.74175,17.60,12.00
2010.05.26 03:06:25.392,0.74145,0.74175,4.80,10.40
2010.05.26 03:06:26.136,0.74145,0.74175,4.80,8.80
2010.05.26 03:06:28.341,0.74145,0.74175,3.20,8.80
2010.05.26 03:06:29.391,0.74145,0.74175,3.20,11.20
2010.05.26 03:06:29.501,0.7414,0.74175,11.30,16.80
2010.05.26 03:06:30.534,0.74145,0.74175,1.60,16.80
2010.05.26 03:06:30.723,0.74145,0.74175,4.00,12.80
2010.05.26 03:06:30.965,0.7414,0.7417,4.00,9.60
2010.05.26 03:06:31.202,0.7414,0.7417,1.60,12.00
2010.05.26 03:06:31.443,0.7414,0.7417,5.60,5.60
2010.05.26 03:06:31.682,0.7414,0.7417,9.60,1.60
2010.05.26 03:06:32.546,0.7414,0.7417,9.70,1.60
2010.05.26 03:06:34.483,0.74145,0.74175,4.00,13.60
2010.05.26 03:06:34.733,0.74145,0.74175,4.00,4.00
2010.05.26 03:06:35.382,0.74145,0.7417,1.60,2.40
2010.05.26 03:06:35.693,0.74135,0.74165,7.20,12.00
2010.05.26 03:06:35.852,0.74135,0.74165,1.60,14.40
2010.05.26 03:06:36.012,0.74135,0.74165,1.60,14.80
2010.05.26 03:06:36.205,0.74135,0.74165,1.60,15.60
2010.05.26 03:06:36.736,0.7413,0.7416,7.20,4.00
2010.05.26 03:06:36.966,0.7413,0.7416,4.00,4.00
2010.05.26 03:06:37.405,0.7413,0.7416,4.10,4.00
2010.05.26 03:06:38.424,0.7413,0.7416,2.50,16.00
2010.05.26 03:06:38.881,0.7413,0.7416,2.50,13.60
2010.05.26 03:06:39.072,0.7413,0.7416,2.50,5.60
2010.05.26 03:06:39.932,0.7413,0.7416,5.70,4.00
2010.05.26 03:06:41.082,0.7413,0.7416,5.60,1.60
2010.05.26 03:06:41.283,0.74135,0.7416,1.60,2.40
2010.05.26 03:06:41.482,0.74135,0.74165,1.60,16.00
2010.05.26 03:06:41.682,0.74135,0.74165,1.60,16.40
2010.05.26 03:06:42.460,0.74135,0.74165,1.60,12.00
2010.05.26 03:06:43.821,0.74135,0.7416,1.60,1.60
2010.05.26 03:06:44.033,0.74135,0.74165,1.60,12.50
2010.05.26 03:06:44.495,0.74135,0.74165,1.60,16.00
2010.05.26 03:06:44.708,0.74135,0.74165,1.60,10.40
2010.05.26 03:06:47.512,0.74135,0.74165,5.60,8.00
2010.05.26 03:06:47.582,0.74135,0.74165,13.60,4.00
2010.05.26 03:06:47.917,0.74135,0.74165,15.20,2.40
2010.05.26 03:06:47.986,0.74135,0.74165,19.20,2.40
2010.05.26 03:06:50.904,0.7414,0.74165,4.00,2.40
2010.05.26 03:06:51.408,0.7414,0.74165,1.60,2.40
2010.05.26 03:06:54.582,0.74135,0.74165,8.80,2.40
2010.05.26 03:06:56.193,0.74135,0.74165,7.20,2.40
2010.05.26 03:06:58.663,0.74135,0.74165,5.60,4.00
2010.05.26 03:06:58.688,0.74135,0.74165,9.60,4.00
2010.05.26 03:06:58.713,0.74135,0.74165,5.60,4.00
2010.05.26 03:06:58.831,0.74135,0.74165,5.60,6.40
2010.05.26 03:06:58.856,0.74135,0.74165,3.20,6.40
2010.05.26 03:06:58.944,0.74135,0.74165,3.20,8.00
2010.05.26 03:06:58.972,0.74135,0.74165,5.60,8.00
2010.05.26 03:06:59.464,0.7413,0.7416,6.40,13.60
2010.05.26 03:06:59.803,0.7413,0.7416,2.40,17.60
2010.05.26 03:07:00.144,0.74125,0.74155,7.20,8.80
2010.05.26 03:07:00.485,0.74125,0.74155,3.20,14.40
2010.05.26 03:07:00.725,0.74125,0.74155,1.60,14.40
2010.05.26 03:07:02.861,0.74125,0.74155,1.70,14.40
2010.05.26 03:07:03.081,0.7413,0.74155,2.40,12.00
2010.05.26 03:07:03.202,0.7413,0.74155,2.40,5.60
2010.05.26 03:07:03.273,0.7413,0.74155,2.40,1.60
2010.05.26 03:07:04.695,0.7413,0.7416,2.40,18.40
2010.05.26 03:07:08.432,0.74125,0.74155,5.60,4.00
2010.05.26 03:07:08.592,0.74125,0.7415,5.60,1.60
2010.05.26 03:07:16.662,0.74125,0.7415,6.00,1.60
2010.05.26 03:07:16.791,0.74125,0.7415,5.60,1.60
2010.05.26 03:07:17.271,0.74125,0.7415,5.70,1.60
2010.05.26 03:07:18.653,0.74125,0.7415,5.60,1.60
2010.05.26 03:07:19.083,0.74125,0.7415,5.70,1.60
2010.05.26 03:07:22.672,0.74125,0.7415,5.60,1.60
2010.05.26 03:07:23.215,0.74125,0.7414,1.60,2.40
2010.05.26 03:07:23.270,0.74115,0.7414,4.00,4.00
2010.05.26 03:07:23.314,0.74115,0.7414,4.00,2.40
2010.05.26 03:07:23.364,0.74115,0.7414,8.00,2.40
2010.05.26 03:07:23.415,0.74115,0.74145,9.60,6.40
2010.05.26 03:07:24.217,0.74115,0.74145,8.00,4.00
2010.05.26 03:07:24.567,0.74115,0.7414,1.60,4.00
2010.05.26 03:07:27.075,0.74115,0.7414,8.80,2.40
2010.05.26 03:07:27.289,0.74125,0.7415,2.40,8.00
2010.05.26 03:07:27.434,0.74125,0.7415,2.40,3.20
2010.05.26 03:07:27.712,0.74125,0.7415,2.40,1.60
2010.05.26 03:07:33.302,0.74125,0.7415,2.40,3.20
2010.05.26 03:07:33.511,0.7412,0.7415,8.40,7.20
2010.05.26 03:07:34.372,0.7412,0.7415,8.00,7.20
2010.05.26 03:07:35.442,0.7412,0.7415,6.40,7.20
2010.05.26 03:07:35.632,0.7412,0.7415,6.40,8.00
2010.05.26 03:07:40.905,0.7412,0.74145,4.00,4.00
2010.05.26 03:07:41.084,0.7412,0.7414,4.00,1.60
2010.05.26 03:07:41.174,0.74115,0.7414,8.00,4.00
2010.05.26 03:07:41.262,0.74115,0.7414,4.00,4.00
2010.05.26 03:07:41.353,0.74115,0.7414,1.60,4.00
2010.05.26 03:07:43.947,0.7411,0.7414,9.60,4.00
2010.05.26 03:07:44.002,0.7411,0.7414,8.00,5.60
2010.05.26 03:07:47.571,0.7411,0.7414,11.20,4.00
2010.05.26 03:07:47.938,0.7411,0.7414,13.20,4.00
2010.05.26 03:07:48.010,0.74115,0.74145,6.40,4.80
2010.05.26 03:07:48.692,0.74115,0.74145,6.40,4.00
2010.05.26 03:07:48.914,0.74115,0.74145,8.40,4.00
2010.05.26 03:07:49.557,0.74115,0.74145,8.00,4.00
2010.05.26 03:07:55.363,0.74115,0.74145,8.00,6.40
2010.05.26 03:07:55.635,0.74115,0.74145,1.60,14.80
2010.05.26 03:07:56.206,0.7411,0.74135,8.40,2.40
2010.05.26 03:07:56.487,0.7411,0.74135,3.20,2.40
2010.05.26 03:07:58.533,0.74105,0.74135,15.20,2.40
2010.05.26 03:08:03.622,0.74105,0.74135,17.60,2.40
2010.05.26 03:08:03.662,0.7411,0.7414,2.40,14.80
2010.05.26 03:08:03.707,0.7411,0.7414,4.00,14.80
2010.05.26 03:08:03.796,0.7411,0.7414,4.00,14.40
2010.05.26 03:08:03.815,0.7411,0.7414,4.00,10.40
2010.05.26 03:08:03.849,0.7411,0.7414,8.00,6.40
2010.05.26 03:08:06.181,0.7411,0.7414,8.00,6.50
2010.05.26 03:08:06.362,0.7411,0.7414,4.00,8.50
2010.05.26 03:08:06.737,0.7411,0.74135,4.00,1.60
2010.05.26 03:08:06.817,0.741,0.7413,12.80,4.00
2010.05.26 03:08:06.902,0.741,0.7413,10.40,4.10
2010.05.26 03:08:06.982,0.741,0.7413,10.40,6.50
2010.05.26 03:08:07.063,0.741,0.74125,2.40,3.20
2010.05.26 03:08:07.143,0.74095,0.74125,13.60,3.20
2010.05.26 03:08:07.223,0.74095,0.74125,13.60,5.60
2010.05.26 03:08:07.302,0.74095,0.74125,8.00,5.60
2010.05.26 03:08:07.651,0.74095,0.74125,4.00,5.60
2010.05.26 03:08:07.742,0.74095,0.74125,4.00,5.70
2010.05.26 03:08:08.083,0.74095,0.74125,4.00,5.60
2010.05.26 03:08:08.424,0.74095,0.74125,4.00,6.40
2010.05.26 03:08:08.763,0.74095,0.74125,4.00,6.50
2010.05.26 03:08:09.650,0.74095,0.74125,4.00,6.40
2010.05.26 03:08:09.944,0.74095,0.74125,5.60,6.50
2010.05.26 03:08:10.761,0.74095,0.74125,5.60,6.40
2010.05.26 03:08:11.141,0.74095,0.74125,5.60,8.80
2010.05.26 03:08:11.462,0.74095,0.74125,5.60,16.80
2010.05.26 03:08:11.794,0.74095,0.74125,9.70,8.00
2010.05.26 03:08:12.388,0.74095,0.74125,13.70,1.60
2010.05.26 03:08:12.695,0.74095,0.74125,9.60,4.00
2010.05.26 03:08:12.843,0.74095,0.74125,1.60,12.00
2010.05.26 03:08:12.992,0.74095,0.74125,1.60,14.40
2010.05.26 03:08:13.889,0.74095,0.74125,4.00,1.60
2010.05.26 03:08:14.573,0.74095,0.74125,2.40,1.60
2010.05.26 03:08:22.203,0.74095,0.74125,8.80,1.60
2010.05.26 03:08:22.463,0.74095,0.74125,12.80,1.60
2010.05.26 03:08:23.334,0.74095,0.74125,14.40,1.60
2010.05.26 03:08:23.401,0.74095,0.74125,16.00,1.60
2010.05.26 03:08:23.642,0.74095,0.74125,17.60,1.60
2010.05.26 03:08:24.642,0.74105,0.74125,1.60,1.60
2010.05.26 03:08:24.864,0.74105,0.74125,8.00,1.60
2010.05.26 03:08:25.045,0.74105,0.74125,12.80,1.60
2010.05.26 03:08:25.224,0.74095,0.7412,8.00,2.40
2010.05.26 03:08:25.405,0.74095,0.74125,15.20,2.40
2010.05.26 03:08:25.582,0.74095,0.7413,17.60,10.40
2010.05.26 03:08:27.466,0.74095,0.7413,17.60,12.00
2010.05.26 03:08:28.647,0.741,0.7413,9.60,6.40
2010.05.26 03:08:28.722,0.741,0.7413,12.00,6.40
2010.05.26 03:08:28.802,0.741,0.7413,14.40,4.00
2010.05.26 03:08:30.622,0.741,0.7413,14.50,4.00
2010.05.26 03:08:35.596,0.741,0.7413,14.40,4.00
2010.05.26 03:08:35.816,0.741,0.74125,4.00,4.00
2010.05.26 03:08:38.262,0.741,0.74125,5.60,4.00
2010.05.26 03:08:38.336,0.741,0.74125,5.60,2.40
2010.05.26 03:08:38.462,0.741,0.74125,9.60,2.40
2010.05.26 03:08:38.483,0.741,0.7413,13.60,8.00
2010.05.26 03:08:38.532,0.741,0.7413,16.00,5.60
2010.05.26 03:08:38.998,0.741,0.7413,16.00,4.00
2010.05.26 03:08:39.672,0.741,0.7413,16.10,4.00
2010.05.26 03:08:46.402,0.741,0.7413,16.00,4.00
2010.05.26 03:08:46.853,0.74105,0.7413,4.00,1.60
2010.05.26 03:08:47.370,0.74105,0.74135,14.40,5.60
2010.05.26 03:08:47.622,0.74105,0.74135,16.40,4.00
2010.05.26 03:08:49.375,0.74105,0.7413,11.60,2.40
2010.05.26 03:08:49.482,0.74105,0.7413,7.60,2.40
2010.05.26 03:08:49.592,0.74105,0.7413,3.20,2.40
2010.05.26 03:08:50.494,0.74105,0.74135,12.00,8.00
2010.05.26 03:08:50.688,0.74105,0.7413,13.60,2.40
2010.05.26 03:08:50.886,0.74105,0.7413,4.00,8.80
2010.05.26 03:08:51.294,0.741,0.7413,3.20,8.80
2010.05.26 03:08:54.341,0.741,0.7413,4.80,8.80
2010.05.26 03:08:54.462,0.741,0.7413,11.20,2.40
2010.05.26 03:08:54.602,0.741,0.7413,17.60,2.40
2010.05.26 03:08:54.882,0.74105,0.7413,2.40,2.40
2010.05.26 03:08:55.022,0.74105,0.74135,12.80,5.60
2010.05.26 03:08:55.161,0.74105,0.74135,14.40,4.00
2010.05.26 03:08:55.303,0.74105,0.74135,16.40,4.00
2010.05.26 03:08:55.865,0.74105,0.7414,16.40,13.60
2010.05.26 03:08:56.040,0.74115,0.7414,1.00,1.60
2010.05.26 03:08:56.217,0.74115,0.74145,1.00,13.60
2010.05.26 03:08:56.394,0.74115,0.74145,6.80,5.60
2010.05.26 03:08:57.982,0.74115,0.74145,8.40,4.00
2010.05.26 03:08:58.360,0.7412,0.74145,1.00,2.40
2010.05.26 03:08:58.502,0.7412,0.7415,6.80,8.00
2010.05.26 03:09:02.235,0.7412,0.7415,6.40,8.00
2010.05.26 03:09:04.642,0.7412,0.74145,4.00,4.00
2010.05.26 03:09:04.722,0.74115,0.74145,16.00,4.00
2010.05.26 03:09:04.802,0.74115,0.74145,13.60,4.00
2010.05.26 03:09:05.469,0.74115,0.74145,13.70,2.40
2010.05.26 03:09:05.555,0.7412,0.7415,6.40,9.20
2010.05.26 03:09:05.895,0.7412,0.7415,6.40,6.40
2010.05.26 03:09:06.233,0.7412,0.7415,6.40,6.50
2010.05.26 03:09:07.833,0.7412,0.7415,8.00,5.70
2010.05.26 03:09:08.032,0.7412,0.7415,8.40,5.70
2010.05.26 03:09:09.200,0.7412,0.7415,8.40,5.60
2010.05.26 03:09:09.641,0.7412,0.7415,8.40,5.70
2010.05.26 03:09:10.355,0.7412,0.7415,8.40,5.60
2010.05.26 03:09:10.869,0.7412,0.7415,8.40,5.70
2010.05.26 03:09:11.291,0.7412,0.7415,8.40,5.60
2010.05.26 03:09:14.241,0.7412,0.7415,8.40,7.20
2010.05.26 03:09:14.526,0.7412,0.7415,8.00,7.20
2010.05.26 03:09:20.301,0.7412,0.7415,8.00,5.60
2010.05.26 03:09:20.423,0.7412,0.7415,8.40,5.60
2010.05.26 03:09:21.037,0.7412,0.7415,8.40,5.70
2010.05.26 03:09:25.934,0.7412,0.7415,8.40,5.60
2010.05.26 03:09:26.371,0.74125,0.74155,2.40,16.80
2010.05.26 03:09:29.723,0.7412,0.74155,9.60,14.40
2010.05.26 03:09:29.882,0.7412,0.74155,9.20,14.40
2010.05.26 03:09:30.193,0.7412,0.74155,9.60,14.40
2010.05.26 03:09:30.354,0.7413,0.74155,2.80,12.80
2010.05.26 03:09:30.513,0.7413,0.74155,6.80,1.60
2010.05.26 03:09:31.708,0.7413,0.7416,10.80,3.20
2010.05.26 03:09:32.033,0.7413,0.7416,13.20,1.60
2010.05.26 03:09:33.333,0.7413,0.7416,13.30,1.60
2010.05.26 03:09:33.662,0.74135,0.7416,1.00,1.60
2010.05.26 03:09:34.842,0.74135,0.7416,1.00,3.20
2010.05.26 03:09:35.787,0.74135,0.7416,2.80,1.60
2010.05.26 03:09:36.137,0.74135,0.7416,2.40,9.60
2010.05.26 03:09:36.514,0.7413,0.7416,3.60,12.00
2010.05.26 03:09:36.779,0.7413,0.7416,14.80,3.20
2010.05.26 03:09:38.235,0.74135,0.74165,12.00,6.40
2010.05.26 03:09:38.472,0.74135,0.74165,14.80,4.00
2010.05.26 03:09:39.250,0.74135,0.74165,16.40,3.20
2010.05.26 03:09:39.383,0.74135,0.74165,16.50,3.20
2010.05.26 03:09:40.051,0.7414,0.74165,1.00,3.20
2010.05.26 03:09:40.781,0.7414,0.74165,1.00,1.60
2010.05.26 03:09:41.103,0.7414,0.7417,1.00,16.00
2010.05.26 03:09:41.469,0.74145,0.7417,1.00,13.60
2010.05.26 03:09:41.821,0.74145,0.7417,1.00,1.60
2010.05.26 03:09:42.162,0.74145,0.74175,1.00,17.60
2010.05.26 03:09:42.733,0.7414,0.74165,4.40,1.60
2010.05.26 03:09:42.973,0.7414,0.74165,1.00,1.60
2010.05.26 03:09:43.216,0.74135,0.7417,15.60,16.00
2010.05.26 03:09:43.453,0.74135,0.7417,16.40,16.00
2010.05.26 03:09:46.422,0.74135,0.74165,14.00,2.40
2010.05.26 03:09:46.542,0.74135,0.74165,3.60,6.40
2010.05.26 03:09:46.774,0.74135,0.7417,16.40,16.00
2010.05.26 03:09:47.197,0.74135,0.74165,11.60,6.40
2010.05.26 03:09:47.319,0.74135,0.74165,3.60,10.40
2010.05.26 03:09:49.134,0.7414,0.7417,1.00,17.60
2010.05.26 03:09:50.256,0.7414,0.7417,12.40,5.60
2010.05.26 03:09:50.540,0.74145,0.7417,13.60,2.40
2010.05.26 03:09:50.946,0.74145,0.74175,14.00,3.20
2010.05.26 03:09:52.953,0.7415,0.74175,6.40,1.60
2010.05.26 03:09:53.072,0.7415,0.7418,6.40,5.60
2010.05.26 03:09:53.194,0.7415,0.7418,6.80,5.60
2010.05.26 03:09:53.312,0.7415,0.7418,6.80,4.00
2010.05.26 03:09:57.652,0.7415,0.7418,8.40,4.00
2010.05.26 03:09:58.858,0.7415,0.74175,8.40,1.60
2010.05.26 03:09:58.941,0.7415,0.74175,2.00,1.60
2010.05.26 03:10:00.163,0.7415,0.74175,6.00,1.60
2010.05.26 03:10:00.493,0.7415,0.74175,2.00,1.60
2010.05.26 03:10:01.040,0.7415,0.74175,4.40,1.60
2010.05.26 03:10:01.166,0.7415,0.74175,2.00,1.60
2010.05.26 03:10:02.555,0.7415,0.7418,8.40,4.00
2010.05.26 03:10:02.733,0.74155,0.7418,1.00,4.00
2010.05.26 03:10:02.911,0.7415,0.7418,10.00,4.00
2010.05.26 03:10:03.113,0.7415,0.74175,2.00,1.60
2010.05.26 03:10:06.453,0.7415,0.7417,1.00,4.80
2010.05.26 03:10:06.633,0.74145,0.7417,1.60,12.80
2010.05.26 03:10:06.813,0.7414,0.74165,1.60,1.60
2010.05.26 03:10:07.162,0.7414,0.74165,2.00,1.60
2010.05.26 03:10:07.342,0.7414,0.7417,2.00,14.40
2010.05.26 03:10:08.293,0.7414,0.7417,2.00,16.00
2010.05.26 03:10:08.514,0.7414,0.7417,4.40,9.60
2010.05.26 03:10:08.734,0.7414,0.7417,12.40,3.20
2010.05.26 03:10:08.882,0.7414,0.7417,12.00,3.20
2010.05.26 03:10:11.601,0.7414,0.7417,12.00,1.60
2010.05.26 03:10:11.782,0.74145,0.74175,1.00,13.60
2010.05.26 03:10:11.904,0.74145,0.74175,10.80,5.60
2010.05.26 03:10:12.023,0.74145,0.7417,8.00,4.00
2010.05.26 03:10:12.143,0.7414,0.7417,14.80,4.00
2010.05.26 03:10:12.262,0.7414,0.7417,6.00,12.00
2010.05.26 03:10:12.740,0.74135,0.74165,12.00,1.60
2010.05.26 03:10:12.865,0.74135,0.74165,10.00,3.20
2010.05.26 03:10:13.205,0.74135,0.74165,14.80,3.20
2010.05.26 03:10:17.225,0.74135,0.74165,16.40,1.60
2010.05.26 03:10:18.776,0.74135,0.74165,18.00,1.60
2010.05.26 03:10:18.842,0.7414,0.7417,2.40,12.00
2010.05.26 03:10:18.942,0.7414,0.7417,2.80,12.00
2010.05.26 03:10:19.011,0.7414,0.7417,6.80,12.00
2010.05.26 03:10:19.044,0.7414,0.7417,10.80,9.60
2010.05.26 03:10:19.086,0.7414,0.7417,14.80,5.60
2010.05.26 03:10:21.242,0.74145,0.7417,2.40,1.60
2010.05.26 03:10:21.343,0.74145,0.7417,10.40,1.60
2010.05.26 03:10:21.442,0.74145,0.74175,10.40,3.20
2010.05.26 03:10:21.842,0.74145,0.7417,10.40,1.60
2010.05.26 03:10:22.073,0.7414,0.7417,16.40,4.00
2010.05.26 03:10:22.533,0.7414,0.7417,14.80,5.60
2010.05.26 03:10:29.431,0.7414,0.7417,16.40,5.60
2010.05.26 03:10:29.732,0.7414,0.7417,14.80,5.60
2010.05.26 03:10:44.631,0.7414,0.74165,14.80,1.60
2010.05.26 03:10:44.872,0.7414,0.74165,13.20,1.60
2010.05.26 03:10:53.862,0.7414,0.7417,13.20,5.60
2010.05.26 03:11:15.962,0.7414,0.7417,13.20,7.20
2010.05.26 03:11:16.152,0.7414,0.74165,1.00,4.00
2010.05.26 03:11:16.702,0.74135,0.74165,18.10,4.00
2010.05.26 03:11:18.221,0.74135,0.74165,16.50,5.60
2010.05.26 03:11:18.331,0.74135,0.74165,16.40,5.60
2010.05.26 03:11:18.666,0.74135,0.74165,14.00,8.00
2010.05.26 03:11:18.944,0.74135,0.7416,4.00,4.00
2010.05.26 03:11:19.782,0.74135,0.7416,2.40,5.60
2010.05.26 03:11:20.026,0.7413,0.7415,2.40,1.60
2010.05.26 03:11:20.265,0.74125,0.7415,2.40,4.00
2010.05.26 03:11:20.503,0.7412,0.7415,8.40,4.00
2010.05.26 03:11:20.983,0.7412,0.7415,8.00,4.40
2010.05.26 03:11:21.424,0.7412,0.74145,4.00,2.40
2010.05.26 03:11:21.668,0.74115,0.74145,14.00,4.00
2010.05.26 03:11:21.913,0.74115,0.74145,14.00,2.40
2010.05.26 03:11:28.190,0.74115,0.74145,14.00,4.00
2010.05.26 03:11:28.322,0.74115,0.74145,6.00,10.40
2010.05.26 03:11:28.863,0.74115,0.7414,3.60,1.60
2010.05.26 03:11:30.614,0.7411,0.7414,10.00,1.60
2010.05.26 03:11:36.893,0.7411,0.7414,14.00,1.60
2010.05.26 03:11:37.051,0.7411,0.7414,16.40,1.60
2010.05.26 03:11:37.211,0.7411,0.7414,14.00,1.60
2010.05.26 03:11:37.452,0.7411,0.7414,10.00,1.60
2010.05.26 03:11:39.022,0.7411,0.7414,9.60,2.00
2010.05.26 03:11:39.154,0.7411,0.7414,4.00,7.60
2010.05.26 03:11:39.285,0.74105,0.74135,11.60,4.80
2010.05.26 03:11:39.414,0.74105,0.74135,3.60,14.40
2010.05.26 03:11:40.014,0.74105,0.74135,3.60,16.00
2010.05.26 03:11:40.484,0.741,0.7413,11.60,4.80
2010.05.26 03:11:40.823,0.741,0.7413,3.60,8.80
2010.05.26 03:11:41.163,0.741,0.7413,2.00,10.40
2010.05.26 03:11:44.030,0.741,0.7413,2.00,12.00
2010.05.26 03:11:44.272,0.741,0.7413,2.00,10.40
2010.05.26 03:11:45.568,0.74105,0.7413,1.00,2.40
2010.05.26 03:11:45.763,0.74105,0.74135,1.00,16.00
2010.05.26 03:11:46.593,0.74105,0.74135,16.40,1.60
2010.05.26 03:11:46.793,0.74105,0.7414,16.40,18.80
2010.05.26 03:11:46.962,0.74105,0.74135,16.40,1.60
2010.05.26 03:11:47.133,0.74105,0.74135,10.00,8.00
2010.05.26 03:11:47.303,0.74105,0.74135,7.60,10.40
2010.05.26 03:11:47.937,0.741,0.74135,16.40,16.40
2010.05.26 03:11:48.114,0.741,0.7413,7.60,4.80
2010.05.26 03:11:48.293,0.741,0.7413,3.60,8.80
2010.05.26 03:11:48.473,0.74105,0.7413,1.00,8.80
2010.05.26 03:11:48.652,0.741,0.7413,3.60,8.80
2010.05.26 03:11:49.501,0.741,0.7413,5.20,8.80
2010.05.26 03:11:49.662,0.741,0.7413,13.20,4.80
2010.05.26 03:11:49.752,0.741,0.7413,15.60,4.80
2010.05.26 03:11:49.832,0.741,0.7413,18.00,2.40
2010.05.26 03:11:51.542,0.741,0.7413,18.10,2.40
2010.05.26 03:11:52.964,0.74105,0.7413,1.00,2.40
2010.05.26 03:11:56.283,0.7411,0.74135,2.00,4.00
2010.05.26 03:11:56.593,0.7411,0.7414,6.00,16.00
2010.05.26 03:11:57.487,0.7411,0.7414,11.60,4.00
2010.05.26 03:11:57.588,0.74115,0.74145,6.00,10.40
2010.05.26 03:12:00.173,0.74115,0.7414,3.60,2.40
2010.05.26 03:12:00.333,0.74115,0.7414,3.60,4.00
2010.05.26 03:12:00.493,0.74115,0.7414,3.60,2.40
2010.05.26 03:12:01.029,0.74115,0.74145,14.00,4.00
2010.05.26 03:12:01.782,0.74115,0.7414,11.60,2.40
2010.05.26 03:12:01.943,0.74115,0.7414,11.60,4.00
2010.05.26 03:12:02.133,0.74115,0.7414,3.60,4.00
2010.05.26 03:12:05.464,0.7412,0.7414,1.00,4.00
2010.05.26 03:12:05.536,0.74115,0.7414,1.00,4.00
2010.05.26 03:12:07.522,0.7411,0.7414,11.60,4.00
2010.05.26 03:12:12.071,0.74115,0.7414,1.00,4.00
2010.05.26 03:12:12.943,0.74115,0.7414,4.40,1.60
2010.05.26 03:12:13.034,0.7412,0.7414,1.00,1.60
2010.05.26 03:12:14.842,0.7412,0.74145,2.00,2.40
2010.05.26 03:12:15.363,0.7412,0.7415,6.00,13.60
2010.05.26 03:12:15.705,0.74125,0.74155,4.00,18.00
2010.05.26 03:12:16.043,0.74125,0.7415,4.00,1.60
2010.05.26 03:12:24.223,0.7412,0.7415,14.00,4.00
2010.05.26 03:12:24.292,0.7412,0.7415,11.60,6.40
2010.05.26 03:12:24.362,0.7412,0.7415,7.60,12.00
2010.05.26 03:12:24.434,0.7412,0.7414,3.60,1.60
2010.05.26 03:12:24.503,0.7412,0.7414,3.20,1.60
2010.05.26 03:12:24.573,0.7412,0.7414,1.60,1.60
2010.05.26 03:12:24.642,0.74115,0.7414,15.60,1.60
2010.05.26 03:12:25.740,0.7412,0.7414,1.00,1.60
2010.05.26 03:12:27.053,0.74115,0.7414,11.60,4.00
2010.05.26 03:12:27.204,0.7412,0.7414,1.60,2.40
2010.05.26 03:12:27.355,0.7412,0.74145,1.00,2.40
2010.05.26 03:12:27.503,0.7412,0.7415,4.40,13.60
2010.05.26 03:12:27.652,0.7412,0.7415,6.00,13.60
2010.05.26 03:12:27.993,0.7412,0.7415,8.40,8.00
2010.05.26 03:12:28.337,0.7412,0.74145,6.00,2.40
2010.05.26 03:12:28.678,0.7412,0.74145,2.00,2.40
2010.05.26 03:12:30.814,0.7412,0.7414,1.60,4.00
2010.05.26 03:12:31.262,0.74115,0.7414,3.60,4.00
2010.05.26 03:12:31.491,0.74125,0.74145,1.00,4.80
2010.05.26 03:12:31.703,0.7412,0.74145,2.00,2.40
2010.05.26 03:12:31.923,0.7412,0.74145,1.60,2.40
2010.05.26 03:12:32.654,0.7412,0.7415,3.20,8.00
2010.05.26 03:12:32.903,0.7412,0.74145,3.20,2.40
2010.05.26 03:12:33.832,0.7412,0.74145,5.20,2.40
2010.05.26 03:12:34.043,0.7412,0.7415,11.60,4.00
2010.05.26 03:12:41.823,0.7412,0.7415,11.20,4.00
2010.05.26 03:12:42.088,0.7412,0.7415,11.60,4.00
2010.05.26 03:12:42.272,0.7412,0.7415,11.20,4.00
2010.05.26 03:12:42.451,0.7412,0.7415,11.60,4.00
2010.05.26 03:12:48.751,0.7412,0.7415,11.20,4.00
2010.05.26 03:12:50.843,0.74125,0.7415,1.00,4.00
2010.05.26 03:12:51.315,0.7413,0.74155,2.40,3.20
2010.05.26 03:12:51.472,0.74125,0.74155,9.60,5.60
2010.05.26 03:12:51.632,0.74125,0.74155,7.20,5.60
2010.05.26 03:12:52.913,0.74125,0.74155,12.00,3.20
2010.05.26 03:12:53.041,0.74125,0.74155,16.00,3.20
2010.05.26 03:12:53.162,0.74125,0.74155,18.40,3.20
2010.05.26 03:12:53.989,0.74125,0.74155,18.50,3.20
2010.05.26 03:12:54.102,0.74135,0.7416,8.00,3.20
2010.05.26 03:12:54.204,0.74135,0.7416,14.40,3.20
2010.05.26 03:12:54.320,0.74135,0.7416,9.60,1.60
2010.05.26 03:12:54.428,0.74135,0.7416,5.60,1.60
2010.05.26 03:12:54.672,0.74135,0.7416,3.20,1.60
2010.05.26 03:12:55.190,0.7413,0.7416,17.20,3.20
2010.05.26 03:12:55.539,0.7413,0.7416,5.60,5.60
2010.05.26 03:12:56.222,0.7413,0.7416,4.00,5.60
2010.05.26 03:12:59.101,0.7413,0.7416,4.00,7.20
2010.05.26 03:13:01.342,0.7413,0.74155,4.00,1.60
2010.05.26 03:13:01.493,0.7413,0.74155,1.60,6.80
2010.05.26 03:13:01.653,0.74125,0.74155,6.40,6.40
2010.05.26 03:13:01.843,0.74125,0.7415,6.40,1.60
2010.05.26 03:13:02.318,0.7412,0.7415,6.00,1.60
2010.05.26 03:13:02.975,0.7412,0.74145,1.60,2.40
2010.05.26 03:13:03.513,0.74115,0.74145,14.00,2.40
2010.05.26 03:13:05.412,0.7412,0.74145,1.60,2.40
2010.05.26 03:13:05.980,0.7412,0.7415,8.40,7.20
2010.05.26 03:13:06.233,0.7412,0.7415,10.00,7.20
2010.05.26 03:13:06.873,0.7412,0.7415,12.40,7.20
2010.05.26 03:13:07.014,0.74125,0.74155,2.40,10.40
2010.05.26 03:13:07.152,0.74125,0.74155,6.80,6.40
2010.05.26 03:13:08.244,0.74125,0.7415,6.80,1.60
2010.05.26 03:13:10.437,0.74125,0.7415,4.40,1.60
2010.05.26 03:13:10.444,0.74125,0.7415,1.00,1.60
2010.05.26 03:13:10.684,0.7412,0.7415,7.60,1.60
2010.05.26 03:13:11.404,0.7412,0.74145,5.60,2.40
2010.05.26 03:13:11.646,0.7412,0.74145,1.60,2.40
2010.05.26 03:13:11.846,0.7412,0.74145,1.60,4.00
2010.05.26 03:13:12.043,0.74115,0.74145,14.00,2.40
2010.05.26 03:13:12.580,0.74125,0.74145,8.40,1.60
2010.05.26 03:13:12.894,0.74125,0.7415,8.40,4.80
2010.05.26 03:13:13.213,0.74125,0.7415,8.40,3.20
2010.05.26 03:13:13.538,0.7412,0.7415,8.40,7.20
2010.05.26 03:13:13.901,0.74125,0.7415,4.00,7.20
2010.05.26 03:13:14.215,0.7412,0.74145,8.40,1.60
2010.05.26 03:13:16.842,0.7412,0.7415,8.40,7.20
2010.05.26 03:13:17.807,0.74115,0.74145,1.60,14.40
2010.05.26 03:13:17.963,0.7411,0.74145,14.80,16.00
2010.05.26 03:13:18.183,0.7411,0.74145,14.00,16.00
2010.05.26 03:13:20.769,0.74125,0.74145,6.80,1.60
2010.05.26 03:13:21.075,0.74125,0.7415,6.80,1.60
2010.05.26 03:13:22.865,0.74125,0.74155,6.80,6.40
2010.05.26 03:13:22.936,0.74125,0.7415,6.80,1.60
2010.05.26 03:13:25.188,0.74125,0.74155,6.80,6.40
2010.05.26 03:13:25.983,0.74125,0.74155,6.80,5.60
2010.05.26 03:13:28.272,0.74125,0.74155,6.80,5.70
2010.05.26 03:13:28.661,0.74125,0.74155,6.80,5.60
2010.05.26 03:13:34.811,0.74125,0.7415,6.80,1.60
2010.05.26 03:13:35.492,0.74125,0.7415,6.40,1.60
2010.05.26 03:13:35.766,0.7412,0.74145,11.60,1.60
2010.05.26 03:13:36.042,0.7412,0.7415,11.60,5.60
2010.05.26 03:13:39.326,0.74115,0.74145,18.00,4.00
2010.05.26 03:13:44.445,0.74115,0.7414,10.00,4.00
2010.05.26 03:13:44.543,0.74115,0.7414,7.20,6.40
2010.05.26 03:13:44.692,0.74115,0.7414,2.40,6.40
2010.05.26 03:13:44.845,0.7411,0.7414,13.20,4.80
2010.05.26 03:13:44.993,0.7411,0.7414,18.00,2.40
2010.05.26 03:13:46.608,0.74115,0.7414,3.20,2.40
2010.05.26 03:13:50.464,0.74115,0.74145,15.60,8.00
2010.05.26 03:13:50.663,0.7412,0.74145,3.20,2.40
2010.05.26 03:13:51.863,0.7412,0.7415,6.00,13.60
2010.05.26 03:13:52.043,0.7412,0.7415,11.60,7.20
2010.05.26 03:13:58.171,0.7412,0.7415,10.00,7.20
2010.05.26 03:13:58.428,0.7412,0.7415,8.40,7.20
2010.05.26 03:13:59.164,0.7412,0.74145,6.80,3.20
2010.05.26 03:13:59.334,0.74115,0.74145,18.00,5.60
2010.05.26 03:14:02.443,0.7412,0.74145,2.40,3.20
2010.05.26 03:14:02.784,0.7412,0.74145,8.40,1.60
2010.05.26 03:14:04.272,0.7412,0.7415,8.40,7.20
2010.05.26 03:14:08.323,0.7412,0.7415,11.60,7.20
2010.05.26 03:14:12.753,0.7412,0.7415,11.60,5.60
2010.05.26 03:14:19.476,0.7412,0.7415,11.60,5.70
2010.05.26 03:14:23.012,0.7412,0.7415,11.60,5.60
2010.05.26 03:14:23.103,0.74125,0.7415,1.60,4.00
2010.05.26 03:14:23.193,0.74125,0.7415,4.40,1.60
2010.05.26 03:14:23.362,0.74125,0.7415,8.40,1.60
2010.05.26 03:14:23.453,0.74125,0.7415,12.40,1.60
2010.05.26 03:14:23.879,0.74125,0.7415,12.00,1.60
2010.05.26 03:14:24.228,0.7412,0.7415,12.40,5.60
2010.05.26 03:14:32.102,0.7412,0.74145,12.40,1.60
2010.05.26 03:14:32.234,0.7412,0.74145,11.20,3.20
2010.05.26 03:14:32.375,0.7412,0.74145,4.80,5.60
2010.05.26 03:14:32.854,0.7412,0.74145,3.20,4.00
2010.05.26 03:14:40.078,0.7412,0.74145,11.60,1.60
2010.05.26 03:14:40.354,0.7412,0.7415,11.60,5.70
2010.05.26 03:14:42.342,0.7412,0.7415,12.40,5.70
2010.05.26 03:14:42.756,0.74125,0.7415,1.00,5.60
2010.05.26 03:14:42.812,0.74125,0.74145,6.80,1.60
2010.05.26 03:14:42.874,0.74125,0.74145,14.00,3.20
2010.05.26 03:14:43.002,0.74125,0.74145,14.00,1.60
2010.05.26 03:14:43.624,0.74125,0.7415,14.00,1.60
2010.05.26 03:14:51.121,0.74125,0.74155,14.00,4.00
2010.05.26 03:14:54.543,0.74125,0.74145,11.20,2.40
2010.05.26 03:14:54.717,0.74125,0.74145,3.20,4.00
2010.05.26 03:14:54.875,0.7413,0.7415,8.40,2.40
2010.05.26 03:14:55.397,0.7413,0.74155,7.20,2.40
2010.05.26 03:14:55.546,0.7413,0.74155,3.20,2.40
2010.05.26 03:14:58.470,0.74135,0.74155,1.00,2.40
2010.05.26 03:14:58.536,0.74135,0.7416,6.80,1.60
2010.05.26 03:14:58.653,0.74135,0.74165,6.80,4.00
2010.05.26 03:14:58.891,0.74135,0.74165,8.40,4.00
2010.05.26 03:14:59.011,0.74135,0.74165,10.00,4.00
2010.05.26 03:15:10.890,0.74135,0.7416,9.60,1.60
2010.05.26 03:15:11.139,0.7413,0.7416,16.40,4.00
2010.05.26 03:15:11.385,0.7413,0.7416,11.60,4.00
2010.05.26 03:15:13.678,0.7413,0.7416,11.60,5.60
2010.05.26 03:15:17.854,0.7413,0.7416,11.60,4.00
2010.05.26 03:15:18.601,0.7413,0.7416,11.60,5.60
2010.05.26 03:15:23.912,0.7413,0.7416,11.60,4.00
2010.05.26 03:15:33.479,0.7413,0.7416,11.60,5.60
2010.05.26 03:15:38.758,0.7413,0.7416,11.60,4.00
2010.05.26 03:15:39.448,0.74135,0.74165,2.40,16.10
2010.05.26 03:15:39.542,0.74135,0.74165,2.80,16.00
2010.05.26 03:15:39.887,0.74135,0.74165,6.80,5.60
2010.05.26 03:15:43.943,0.74135,0.74165,6.40,5.60
2010.05.26 03:15:45.253,0.74135,0.74165,9.60,5.60
2010.05.26 03:15:58.611,0.74135,0.74165,10.00,5.60
2010.05.26 03:15:58.883,0.74135,0.74165,12.40,1.60
2010.05.26 03:15:58.982,0.74135,0.74165,16.40,1.60
2010.05.26 03:16:01.567,0.74135,0.7417,14.80,4.00
2010.05.26 03:16:02.754,0.74135,0.7417,19.60,4.00
2010.05.26 03:16:02.892,0.7414,0.7417,2.40,1.60
2010.05.26 03:16:03.034,0.7414,0.7417,13.20,1.60
2010.05.26 03:16:05.073,0.7414,0.7417,13.30,1.60
2010.05.26 03:16:12.921,0.7414,0.7417,14.90,1.60
2010.05.26 03:16:15.441,0.7414,0.74175,14.90,10.40
2010.05.26 03:16:26.583,0.7414,0.7417,14.90,1.60
2010.05.26 03:16:26.743,0.7414,0.7417,12.00,4.00
2010.05.26 03:16:26.905,0.7414,0.7417,8.00,5.60
2010.05.26 03:16:27.133,0.7414,0.7417,4.00,5.60
2010.05.26 03:16:27.822,0.7414,0.7417,2.40,5.60
2010.05.26 03:16:28.973,0.7414,0.7417,2.80,4.00
2010.05.26 03:16:29.072,0.7414,0.7417,2.80,1.60
2010.05.26 03:16:29.172,0.7414,0.7417,13.20,1.60
2010.05.26 03:16:34.152,0.7414,0.7417,13.30,1.60
2010.05.26 03:16:35.613,0.7414,0.7417,13.20,1.60
2010.05.26 03:16:35.755,0.7414,0.7417,6.40,4.00
2010.05.26 03:16:36.013,0.74135,0.7417,20.50,4.00
2010.05.26 03:16:36.859,0.74135,0.74165,13.60,4.00
2010.05.26 03:16:37.342,0.74135,0.74165,13.60,2.40
2010.05.26 03:16:37.583,0.7414,0.7417,2.40,4.00
2010.05.26 03:16:40.130,0.74145,0.74175,6.90,10.40
2010.05.26 03:16:40.153,0.74145,0.74175,10.90,8.00
2010.05.26 03:16:40.183,0.74145,0.74175,14.90,4.00
2010.05.26 03:16:40.363,0.74145,0.74175,14.50,4.00
2010.05.26 03:16:40.707,0.7414,0.7417,2.40,4.00
2010.05.26 03:16:41.054,0.74135,0.7417,20.50,5.60
2010.05.26 03:16:41.396,0.74135,0.7417,18.90,5.60
2010.05.26 03:16:42.190,0.7414,0.7417,13.20,3.20
2010.05.26 03:16:42.414,0.7414,0.7417,4.00,5.60
2010.05.26 03:16:42.754,0.74135,0.7417,18.90,5.60
2010.05.26 03:16:43.424,0.7414,0.7417,13.20,1.60
2010.05.26 03:16:43.614,0.7414,0.7417,14.80,1.60
2010.05.26 03:16:44.771,0.7414,0.7416,14.40,1.60
2010.05.26 03:16:44.884,0.7413,0.7416,4.00,12.00
2010.05.26 03:16:44.998,0.7413,0.7416,4.00,5.60
2010.05.26 03:16:45.108,0.7413,0.74155,4.00,2.40
2010.05.26 03:16:45.636,0.74125,0.74155,10.40,2.40
2010.05.26 03:16:45.974,0.74125,0.74155,10.40,4.00
2010.05.26 03:16:51.947,0.74135,0.7416,2.40,2.40
2010.05.26 03:16:52.217,0.74135,0.74165,13.20,1.60
2010.05.26 03:16:55.184,0.74135,0.7417,13.20,6.40
2010.05.26 03:16:56.173,0.74135,0.7417,13.20,5.60
2010.05.26 03:16:56.517,0.7413,0.74165,20.50,4.00
2010.05.26 03:17:02.595,0.74135,0.74165,3.20,4.00
2010.05.26 03:17:03.843,0.7413,0.74165,18.10,5.60
2010.05.26 03:17:13.057,0.7413,0.74165,19.70,5.60
2010.05.26 03:17:18.671,0.7413,0.74165,19.70,4.00
2010.05.26 03:17:18.832,0.74135,0.74165,2.40,1.60
2010.05.26 03:17:18.924,0.74135,0.74165,14.80,1.60
2010.05.26 03:17:19.033,0.74135,0.7417,16.40,6.40
2010.05.26 03:17:20.065,0.74135,0.74165,3.20,4.00
2010.05.26 03:17:23.982,0.74135,0.74165,1.60,5.60
2010.05.26 03:17:24.122,0.7413,0.7416,17.60,4.00
2010.05.26 03:17:24.225,0.7413,0.7416,15.20,5.60
2010.05.26 03:17:24.327,0.7413,0.7416,11.20,5.60
2010.05.26 03:17:25.309,0.74125,0.7415,12.00,1.60
2010.05.26 03:17:25.655,0.74125,0.7415,1.60,4.00
2010.05.26 03:17:25.834,0.7412,0.7415,11.20,5.60
2010.05.26 03:17:27.844,0.7412,0.7415,11.30,5.60
2010.05.26 03:17:28.432,0.7412,0.7415,11.20,5.60
2010.05.26 03:17:29.892,0.7412,0.7415,11.20,4.00
2010.05.26 03:17:32.663,0.7412,0.7415,12.00,4.00
2010.05.26 03:17:32.784,0.74125,0.74155,4.00,16.00
2010.05.26 03:17:32.904,0.74125,0.74155,4.00,9.60
2010.05.26 03:17:33.023,0.74125,0.74155,8.00,5.60
2010.05.26 03:17:33.458,0.7413,0.7416,4.00,5.60
2010.05.26 03:17:33.915,0.7413,0.7416,6.00,5.60
2010.05.26 03:17:34.255,0.7413,0.7416,14.80,3.20
2010.05.26 03:17:34.596,0.7413,0.7416,14.80,1.60
2010.05.26 03:17:35.136,0.7413,0.7416,16.40,1.60
2010.05.26 03:17:35.353,0.7413,0.7416,18.00,1.60
2010.05.26 03:17:35.792,0.74135,0.7416,1.00,1.60
2010.05.26 03:17:36.026,0.74135,0.74165,9.20,3.20
2010.05.26 03:17:36.253,0.74135,0.74165,14.80,3.20
2010.05.26 03:17:46.400,0.74135,0.74165,1.60,5.60
2010.05.26 03:17:46.625,0.7413,0.74165,18.10,5.60
2010.05.26 03:18:03.713,0.7413,0.7416,17.60,1.60
2010.05.26 03:18:04.176,0.7413,0.7416,5.60,5.60
2010.05.26 03:18:07.102,0.7413,0.7416,9.60,3.20
2010.05.26 03:18:07.274,0.7413,0.7416,14.40,3.20
2010.05.26 03:18:07.444,0.7413,0.7416,5.60,5.60
2010.05.26 03:18:09.972,0.7413,0.7416,8.00,3.20
2010.05.26 03:18:10.063,0.7413,0.7416,10.00,1.60
2010.05.26 03:18:10.232,0.7413,0.7416,14.00,1.60
2010.05.26 03:18:10.313,0.7413,0.7416,16.40,1.60
2010.05.26 03:18:12.020,0.7413,0.7416,14.40,3.20
2010.05.26 03:18:12.240,0.7413,0.7416,8.00,7.20
2010.05.26 03:18:12.406,0.7413,0.74155,1.60,2.40
2010.05.26 03:18:12.567,0.74125,0.74155,9.60,4.00
2010.05.26 03:18:16.712,0.74125,0.74155,9.60,4.10
2010.05.26 03:18:16.798,0.74125,0.7415,9.60,1.60
2010.05.26 03:18:16.866,0.74125,0.7415,5.60,1.60
2010.05.26 03:18:16.894,0.74125,0.7415,4.00,1.60
2010.05.26 03:18:16.926,0.7412,0.7415,13.60,4.00
2010.05.26 03:18:16.953,0.7412,0.7415,11.20,4.00
2010.05.26 03:18:17.544,0.74125,0.7415,1.60,2.40
2010.05.26 03:18:17.574,0.74125,0.74155,5.60,16.00
2010.05.26 03:18:17.604,0.74125,0.74155,5.60,13.60
2010.05.26 03:18:17.639,0.74125,0.74155,9.60,9.60
2010.05.26 03:18:17.985,0.74125,0.74155,9.60,4.00
2010.05.26 03:18:21.661,0.74125,0.74155,9.60,5.60
2010.05.26 03:18:22.074,0.74125,0.7415,7.20,4.00
2010.05.26 03:18:22.264,0.74125,0.7415,3.20,4.00
2010.05.26 03:18:23.354,0.7412,0.7415,11.20,4.00
2010.05.26 03:18:49.208,0.7412,0.74145,8.80,2.40
2010.05.26 03:18:49.304,0.7412,0.74145,4.80,4.00
2010.05.26 03:19:03.514,0.7412,0.74145,4.80,2.40
2010.05.26 03:19:03.925,0.7412,0.7415,11.20,6.40
2010.05.26 03:19:04.033,0.7412,0.7415,11.20,4.00
2010.05.26 03:19:06.227,0.7412,0.7415,12.00,4.00
2010.05.26 03:19:06.472,0.74125,0.7415,3.20,4.00
2010.05.26 03:19:17.682,0.74125,0.7415,5.60,1.60
2010.05.26 03:19:17.853,0.74125,0.74155,5.60,13.60
2010.05.26 03:19:18.033,0.74125,0.74155,9.60,5.60
2010.05.26 03:19:19.984,0.74125,0.74155,9.70,5.60
2010.05.26 03:19:20.033,0.74125,0.74155,9.60,5.60
2010.05.26 03:19:20.129,0.74125,0.74155,9.70,5.60
2010.05.26 03:19:20.438,0.74125,0.74155,9.60,5.60
2010.05.26 03:19:20.525,0.74125,0.74155,9.60,9.60
2010.05.26 03:19:20.573,0.74125,0.7415,5.60,1.60
2010.05.26 03:19:20.623,0.74125,0.7415,4.00,1.60
2010.05.26 03:19:21.232,0.7412,0.7415,11.30,4.00
2010.05.26 03:19:21.577,0.74125,0.74155,6.40,5.60
2010.05.26 03:19:22.547,0.74125,0.74155,6.40,5.60
2010.05.26 03:19:22.772,0.74125,0.74155,6.40,5.60
2010.05.26 03:19:24.344,0.74125,0.74155,6.50,5.60
2010.05.26 03:19:24.653,0.74125,0.74155,8.10,5.60
2010.05.26 03:19:24.763,0.74125,0.74155,9.70,5.60
2010.05.26 03:19:31.787,0.74125,0.74155,9.60,5.60
2010.05.26 03:19:53.796,0.74125,0.74155,9.70,5.60
2010.05.26 03:20:00.624,0.74125,0.74155,9.60,5.60
2010.05.26 03:20:01.022,0.74125,0.74155,9.70,5.60
2010.05.26 03:20:02.034,0.74125,0.74155,9.60,5.60
2010.05.26 03:20:04.202,0.74125,0.74155,9.70,5.60
2010.05.26 03:20:06.753,0.74125,0.74155,9.60,5.60
2010.05.26 03:20:21.169,0.74125,0.7415,7.20,2.40
2010.05.26 03:20:21.326,0.74125,0.7415,3.20,5.60
2010.05.26 03:20:23.843,0.74125,0.7415,3.20,4.00
2010.05.26 03:20:27.553,0.74125,0.7415,3.20,5.60
2010.05.26 03:20:43.357,0.7413,0.7415,2.40,1.60
2010.05.26 03:20:43.475,0.7413,0.74155,2.40,5.60
2010.05.26 03:20:43.594,0.7413,0.7416,2.40,8.00
2010.05.26 03:20:49.222,0.7413,0.74155,2.40,1.60
2010.05.26 03:20:49.983,0.74125,0.74155,13.70,5.60
2010.05.26 03:20:50.042,0.74125,0.74155,13.60,5.60
2010.05.26 03:20:51.143,0.74125,0.74155,9.60,5.60
2010.05.26 03:20:57.375,0.74125,0.7415,9.60,1.60
2010.05.26 03:20:57.530,0.74125,0.7415,3.20,5.60
2010.05.26 03:21:08.664,0.74125,0.7415,3.20,4.00
2010.05.26 03:21:13.032,0.74125,0.7415,3.20,5.60
2010.05.26 03:21:13.132,0.74125,0.7415,3.20,4.00
2010.05.26 03:21:14.126,0.7412,0.74145,4.80,4.00
2010.05.26 03:21:15.888,0.7412,0.7413,4.80,1.00
2010.05.26 03:21:18.103,0.7412,0.7413,3.20,1.00
2010.05.26 03:21:18.653,0.7412,0.74145,3.20,4.00
2010.05.26 03:21:26.116,0.74115,0.74145,3.20,12.00
2010.05.26 03:21:26.926,0.7412,0.74145,1.60,5.60
2010.05.26 03:21:28.603,0.7412,0.74145,1.60,4.00
2010.05.26 03:21:28.743,0.7412,0.74145,1.60,8.00
2010.05.26 03:21:28.883,0.7412,0.74145,1.60,4.00
2010.05.26 03:21:34.302,0.74115,0.74145,16.10,4.00
2010.05.26 03:21:34.653,0.7412,0.74145,1.60,4.00
2010.05.26 03:21:34.728,0.7412,0.74145,1.60,5.60
2010.05.26 03:21:36.716,0.74125,0.7415,12.00,3.20
2010.05.26 03:21:37.125,0.7412,0.7415,13.60,5.60
2010.05.26 03:21:37.636,0.7412,0.7415,11.20,5.60
2010.05.26 03:21:38.024,0.7412,0.7415,11.20,4.00
2010.05.26 03:21:41.154,0.7412,0.74145,11.20,1.60
2010.05.26 03:21:41.585,0.7412,0.74145,8.80,2.40
2010.05.26 03:21:41.764,0.7412,0.7415,11.20,5.60
2010.05.26 03:21:43.124,0.7412,0.74145,8.80,4.00
2010.05.26 03:21:43.344,0.7412,0.7415,7.20,16.00
2010.05.26 03:21:43.810,0.74125,0.7415,1.60,9.60
2010.05.26 03:21:43.966,0.74125,0.7415,1.60,8.00
2010.05.26 03:21:44.122,0.74125,0.7415,1.60,4.00
2010.05.26 03:21:53.412,0.74125,0.7415,4.00,4.00
2010.05.26 03:22:00.447,0.74125,0.7415,5.60,4.00
2010.05.26 03:22:00.498,0.74125,0.7415,5.60,2.40
2010.05.26 03:22:00.889,0.74125,0.74155,9.60,2.40
2010.05.26 03:22:04.412,0.74125,0.74155,9.70,2.40
2010.05.26 03:22:04.512,0.74125,0.74155,11.30,2.40
2010.05.26 03:22:05.323,0.74125,0.74155,11.20,2.40
2010.05.26 03:22:05.452,0.74125,0.74155,9.60,2.40
2010.05.26 03:22:05.572,0.74125,0.74155,9.60,4.00
2010.05.26 03:22:10.412,0.74125,0.7415,9.60,1.60
2010.05.26 03:22:10.483,0.74125,0.7415,9.60,4.00
2010.05.26 03:22:10.643,0.74125,0.7415,5.60,4.00
2010.05.26 03:22:12.772,0.74125,0.7415,4.00,4.00
2010.05.26 03:22:15.132,0.7412,0.7415,7.20,4.00
2010.05.26 03:22:15.233,0.7412,0.7415,3.20,13.60
2010.05.26 03:22:15.342,0.7412,0.7415,3.20,16.00
2010.05.26 03:22:15.956,0.7412,0.7415,4.80,12.00
2010.05.26 03:22:16.253,0.74125,0.7415,2.40,5.60
2010.05.26 03:22:20.192,0.74125,0.7415,2.40,4.00
2010.05.26 03:22:22.272,0.7412,0.7415,8.80,5.60
2010.05.26 03:22:22.687,0.7412,0.74145,8.90,1.60
2010.05.26 03:22:22.808,0.7412,0.7415,3.20,12.10
2010.05.26 03:22:22.933,0.7412,0.7415,3.20,16.10
2010.05.26 03:22:23.053,0.7412,0.7415,3.20,16.00
2010.05.26 03:22:25.998,0.7412,0.7415,3.20,16.10
2010.05.26 03:22:26.263,0.7412,0.7415,3.20,16.00
2010.05.26 03:22:28.396,0.7413,0.74155,4.00,1.00
2010.05.26 03:22:28.570,0.74135,0.74155,2.40,2.00
2010.05.26 03:22:28.747,0.74135,0.74155,2.40,1.00
2010.05.26 03:22:37.422,0.74135,0.7416,2.40,1.60
2010.05.26 03:22:37.575,0.74135,0.7416,2.40,4.00
2010.05.26 03:22:48.516,0.74135,0.7416,2.40,5.60
2010.05.26 03:23:10.787,0.74135,0.7416,2.40,5.70
2010.05.26 03:23:11.214,0.74135,0.74155,2.40,1.60
2010.05.26 03:23:11.495,0.7413,0.74155,4.00,5.60
2010.05.26 03:23:16.503,0.7413,0.74155,8.00,4.00
2010.05.26 03:23:16.604,0.74135,0.7416,2.40,10.10
2010.05.26 03:23:16.774,0.74135,0.7416,2.40,9.70
2010.05.26 03:23:16.943,0.74135,0.7416,2.40,7.30
2010.05.26 03:23:18.024,0.74135,0.7416,2.40,7.20
2010.05.26 03:23:23.541,0.74135,0.7416,2.40,4.00
2010.05.26 03:23:30.433,0.74135,0.7416,2.40,5.60
2010.05.26 03:23:35.054,0.74135,0.7416,2.40,7.20
2010.05.26 03:23:41.734,0.74135,0.74155,2.40,1.60
2010.05.26 03:23:41.867,0.7413,0.74155,5.60,5.60
2010.05.26 03:23:46.834,0.7413,0.7415,2.40,1.60
2010.05.26 03:23:47.307,0.7412,0.74145,7.20,4.00
2010.05.26 03:23:47.444,0.7412,0.74145,5.60,5.60
2010.05.26 03:23:50.933,0.7412,0.74145,5.60,2.40
2010.05.26 03:23:50.994,0.74125,0.7415,2.40,12.00
2010.05.26 03:23:51.053,0.74125,0.7415,2.40,8.00
2010.05.26 03:23:51.396,0.74125,0.7415,13.60,4.00
2010.05.26 03:23:51.735,0.74125,0.7415,5.60,4.00
2010.05.26 03:23:52.775,0.7413,0.74155,4.00,9.60
2010.05.26 03:23:52.994,0.7413,0.74155,4.00,7.20
2010.05.26 03:23:55.365,0.74125,0.7415,5.60,4.00
2010.05.26 03:23:59.845,0.74125,0.7415,2.40,5.60
2010.05.26 03:24:01.428,0.74125,0.7415,10.40,5.60
2010.05.26 03:24:01.585,0.7413,0.74155,4.00,7.20
2010.05.26 03:24:12.562,0.74135,0.74155,2.40,1.60
2010.05.26 03:24:12.683,0.74135,0.7416,2.40,7.20
2010.05.26 03:24:13.625,0.74135,0.7416,8.00,1.60
2010.05.26 03:24:13.785,0.74135,0.74165,8.00,11.20
2010.05.26 03:24:14.103,0.74135,0.74165,8.00,7.20
2010.05.26 03:24:21.133,0.74135,0.74165,8.00,7.30
2010.05.26 03:24:23.614,0.74135,0.74165,11.20,7.20
2010.05.26 03:24:23.804,0.7414,0.74165,2.40,5.60
2010.05.26 03:24:39.933,0.7414,0.74165,2.40,4.00
2010.05.26 03:25:01.636,0.7414,0.74165,2.40,2.40
2010.05.26 03:25:05.905,0.7414,0.74165,2.40,4.00
2010.05.26 03:25:09.313,0.74135,0.74165,16.00,4.00
2010.05.26 03:25:09.836,0.74135,0.74165,9.60,5.60
2010.05.26 03:25:10.203,0.74135,0.74165,9.60,5.70
2010.05.26 03:25:10.620,0.74135,0.74165,9.60,5.60
2010.05.26 03:25:11.153,0.74135,0.74165,9.60,5.70
2010.05.26 03:25:11.324,0.74135,0.7416,6.40,1.60
2010.05.26 03:25:11.495,0.74135,0.7416,2.40,5.60
2010.05.26 03:25:11.664,0.74135,0.7416,2.40,5.70
2010.05.26 03:25:11.834,0.74135,0.7416,2.40,5.60
2010.05.26 03:25:20.553,0.74135,0.7416,2.40,5.70
2010.05.26 03:25:22.073,0.74135,0.7416,6.40,5.60
2010.05.26 03:25:22.278,0.74135,0.7416,2.40,4.00
2010.05.26 03:25:22.674,0.74135,0.7416,2.40,5.60
2010.05.26 03:25:23.474,0.74135,0.7416,2.40,5.70
2010.05.26 03:25:26.933,0.74135,0.7416,2.40,5.60
2010.05.26 03:25:27.105,0.7414,0.7416,2.40,1.60
2010.05.26 03:25:27.434,0.7414,0.7416,2.40,3.20
2010.05.26 03:25:27.966,0.74135,0.7416,2.40,4.00
2010.05.26 03:25:28.475,0.74135,0.7416,2.40,5.70
2010.05.26 03:25:33.454,0.7414,0.7416,2.40,1.60
2010.05.26 03:25:33.944,0.7414,0.7416,2.40,3.20
2010.05.26 03:25:34.124,0.74135,0.7416,6.40,5.60
2010.05.26 03:25:34.404,0.74135,0.7416,6.40,4.00
2010.05.26 03:25:34.504,0.74135,0.7416,2.40,4.00
2010.05.26 03:25:34.923,0.74135,0.7416,2.40,5.60
2010.05.26 03:25:35.553,0.74135,0.7416,2.40,5.70
2010.05.26 03:25:38.913,0.74135,0.7416,2.40,5.60
2010.05.26 03:25:39.053,0.7414,0.7416,2.40,3.20
2010.05.26 03:25:39.126,0.7414,0.7416,2.40,1.60
2010.05.26 03:25:40.055,0.74135,0.7416,10.40,4.00
2010.05.26 03:25:40.618,0.74135,0.7416,2.40,4.00
2010.05.26 03:25:40.915,0.74135,0.7416,2.40,5.60
2010.05.26 03:25:44.667,0.7414,0.74165,2.40,16.00
2010.05.26 03:25:45.046,0.74135,0.74165,15.60,6.40
2010.05.26 03:25:45.188,0.7414,0.74165,4.00,2.40
2010.05.26 03:25:46.395,0.7414,0.74165,1.60,4.00
2010.05.26 03:25:46.575,0.74135,0.74165,12.00,4.00
2010.05.26 03:25:46.755,0.7414,0.74165,1.60,4.00
2010.05.26 03:25:47.264,0.7414,0.74165,4.00,1.60
2010.05.26 03:25:47.608,0.7414,0.7417,8.00,7.20
2010.05.26 03:25:49.723,0.7414,0.7417,8.00,7.30
2010.05.26 03:25:49.793,0.7414,0.7417,8.00,7.70
2010.05.26 03:25:49.864,0.7414,0.74165,6.40,4.00
2010.05.26 03:25:50.184,0.7414,0.74165,6.40,5.60
2010.05.26 03:25:50.258,0.7414,0.7416,2.40,1.60
2010.05.26 03:25:53.256,0.7414,0.74165,8.00,1.60
2010.05.26 03:25:53.816,0.7414,0.74165,8.00,1.60
2010.05.26 03:25:54.104,0.7414,0.74165,8.00,1.60
2010.05.26 03:25:55.666,0.7414,0.74165,6.40,7.20
2010.05.26 03:25:55.924,0.7414,0.74165,2.40,7.20
2010.05.26 03:25:56.244,0.7414,0.7416,2.40,1.60
2010.05.26 03:25:57.111,0.74135,0.7416,10.40,4.00
2010.05.26 03:25:57.678,0.74135,0.7416,2.40,4.00
2010.05.26 03:25:58.254,0.74135,0.7416,2.50,4.00
2010.05.26 03:25:59.473,0.74135,0.7416,2.40,4.00
2010.05.26 03:26:00.104,0.74135,0.7416,2.40,5.60
2010.05.26 03:26:01.923,0.74135,0.7416,2.40,7.20
2010.05.26 03:26:02.747,0.7414,0.7416,2.40,3.20
2010.05.26 03:26:03.695,0.74135,0.7416,2.40,5.60
2010.05.26 03:26:04.487,0.74135,0.7416,2.40,7.20
2010.05.26 03:26:07.685,0.7414,0.7416,2.40,4.80
2010.05.26 03:26:07.784,0.7414,0.7416,2.40,3.20
2010.05.26 03:26:10.178,0.7414,0.7416,4.80,3.20
2010.05.26 03:26:10.315,0.74145,0.7416,4.00,3.20
2010.05.26 03:26:10.844,0.7414,0.7416,4.00,5.60
2010.05.26 03:26:11.264,0.74135,0.7416,10.40,5.60
2010.05.26 03:26:11.544,0.74145,0.7416,10.40,7.20
2010.05.26 03:26:11.824,0.7414,0.7416,4.00,5.60
2010.05.26 03:26:12.104,0.74145,0.7416,6.40,5.60
2010.05.26 03:26:13.165,0.74145,0.7416,10.40,5.60
2010.05.26 03:26:13.274,0.74145,0.7416,6.40,5.60
2010.05.26 03:26:13.600,0.74145,0.7416,2.40,5.60
2010.05.26 03:26:13.707,0.74145,0.7416,10.40,5.60
2010.05.26 03:26:17.696,0.74145,0.7416,10.40,3.20
2010.05.26 03:26:17.958,0.7414,0.7416,10.40,5.60
2010.05.26 03:26:18.217,0.74145,0.7416,4.00,7.20
2010.05.26 03:26:18.477,0.74145,0.7416,8.00,7.20
2010.05.26 03:26:18.644,0.74135,0.7416,12.80,5.60
2010.05.26 03:26:18.813,0.74135,0.7416,10.40,5.60
2010.05.26 03:26:21.404,0.74135,0.7416,12.80,5.60
2010.05.26 03:26:21.536,0.7414,0.74165,8.00,6.40
2010.05.26 03:26:21.666,0.74145,0.74165,2.40,1.60
2010.05.26 03:26:21.795,0.74145,0.7417,2.40,8.00
2010.05.26 03:26:22.136,0.7414,0.7417,14.40,8.00
2010.05.26 03:26:23.283,0.7414,0.7417,14.50,8.00
2010.05.26 03:26:24.883,0.7414,0.7417,14.40,8.00
2010.05.26 03:26:25.035,0.7414,0.74165,6.40,2.40
2010.05.26 03:26:25.184,0.7414,0.74165,4.00,2.40
2010.05.26 03:26:25.663,0.7414,0.74165,4.00,4.00
2010.05.26 03:26:25.824,0.7414,0.74165,10.40,4.00
2010.05.26 03:26:26.376,0.7415,0.74165,4.00,4.00
2010.05.26 03:26:29.286,0.74155,0.74165,4.00,2.40
2010.05.26 03:26:29.404,0.74155,0.7417,8.00,8.00
2010.05.26 03:26:29.584,0.74155,0.7417,4.00,8.00
2010.05.26 03:26:29.999,0.7415,0.7417,4.00,8.00
2010.05.26 03:26:30.365,0.74145,0.74165,2.40,2.40
2010.05.26 03:26:30.546,0.7414,0.74165,4.00,2.40
2010.05.26 03:26:31.047,0.74145,0.74165,2.40,4.00
2010.05.26 03:26:31.294,0.7414,0.74165,10.40,4.00
2010.05.26 03:26:31.546,0.7415,0.74165,4.00,4.00
2010.05.26 03:26:34.517,0.74155,0.74165,8.00,4.00
2010.05.26 03:26:34.858,0.7415,0.7417,4.00,8.00
2010.05.26 03:26:35.216,0.74145,0.7417,10.40,8.00
2010.05.26 03:26:38.179,0.74145,0.7416,10.40,1.60
2010.05.26 03:26:38.327,0.74145,0.7416,10.40,4.00
2010.05.26 03:26:38.467,0.74135,0.7416,4.80,4.00
2010.05.26 03:26:38.961,0.74135,0.7416,3.20,4.00
2010.05.26 03:26:42.104,0.74135,0.7416,3.20,5.70
2010.05.26 03:26:42.508,0.74135,0.74155,3.20,2.40
2010.05.26 03:26:42.692,0.7413,0.74155,2.40,5.60
2010.05.26 03:26:42.982,0.74125,0.7415,8.00,2.40
2010.05.26 03:26:43.600,0.7412,0.74145,13.60,4.00
2010.05.26 03:26:43.892,0.74125,0.7415,2.40,10.40
2010.05.26 03:26:44.238,0.74125,0.74155,10.40,8.00
2010.05.26 03:26:44.577,0.74125,0.7415,2.40,2.40
2010.05.26 03:26:48.148,0.7412,0.7415,13.60,4.80
2010.05.26 03:26:48.257,0.7412,0.7415,5.60,8.80
2010.05.26 03:26:48.654,0.7412,0.7415,5.60,10.40
2010.05.26 03:26:49.796,0.7412,0.74145,5.60,4.00
2010.05.26 03:26:50.026,0.74115,0.74145,3.20,8.80
2010.05.26 03:26:54.235,0.74115,0.74145,4.80,8.80
2010.05.26 03:26:54.524,0.74115,0.74145,3.20,8.80
2010.05.26 03:26:55.976,0.74115,0.7414,3.20,2.40
2010.05.26 03:26:56.976,0.74115,0.7414,1.60,2.40
2010.05.26 03:26:57.315,0.74115,0.7414,2.40,2.40
2010.05.26 03:27:06.595,0.74115,0.7413,2.40,10.40
2010.05.26 03:27:06.969,0.7411,0.7412,3.20,2.40
2010.05.26 03:27:07.214,0.74105,0.7413,9.60,4.80
2010.05.26 03:27:07.460,0.7411,0.74135,1.60,8.00
2010.05.26 03:27:07.699,0.7411,0.7413,1.60,1.60
2010.05.26 03:27:08.207,0.7411,0.74135,4.00,1.60
2010.05.26 03:27:08.553,0.7411,0.7414,4.00,5.60
2010.05.26 03:27:09.237,0.74105,0.7412,2.00,2.40
2010.05.26 03:27:09.902,0.74105,0.7413,9.60,2.40
2010.05.26 03:27:10.246,0.74105,0.7413,3.20,4.00
2010.05.26 03:27:10.486,0.74105,0.7413,3.20,2.40
2010.05.26 03:27:10.956,0.74105,0.7412,1.60,2.40
2010.05.26 03:27:11.385,0.74095,0.7412,7.20,2.40
2010.05.26 03:27:14.157,0.74095,0.7412,5.60,2.40
2010.05.26 03:27:15.808,0.7409,0.74115,2.40,2.40
2010.05.26 03:27:17.030,0.7409,0.7412,6.40,9.60
2010.05.26 03:27:17.838,0.7409,0.74115,2.40,2.40
2010.05.26 03:27:18.689,0.74085,0.7411,7.20,3.20
2010.05.26 03:27:19.603,0.7408,0.741,4.00,2.40
2010.05.26 03:27:19.877,0.74075,0.741,7.20,2.40
2010.05.26 03:27:20.644,0.74075,0.741,5.60,4.00
2010.05.26 03:27:21.147,0.74075,0.741,3.20,4.80
2010.05.26 03:27:21.375,0.74075,0.741,3.20,6.40
2010.05.26 03:27:21.899,0.74075,0.741,3.20,4.40
2010.05.26 03:27:22.206,0.74075,0.741,3.20,6.40
2010.05.26 03:27:22.504,0.74075,0.741,1.60,6.40
2010.05.26 03:27:22.805,0.7407,0.741,9.60,6.40
2010.05.26 03:27:23.494,0.7407,0.74095,9.60,1.00
2010.05.26 03:27:25.796,0.74075,0.74095,2.40,1.00
2010.05.26 03:27:26.107,0.74075,0.741,2.40,2.40
2010.05.26 03:27:28.244,0.74075,0.741,2.40,2.00
2010.05.26 03:27:28.695,0.74075,0.7409,2.40,4.00
2010.05.26 03:27:29.059,0.7407,0.7409,3.20,6.40
2010.05.26 03:27:29.337,0.74065,0.7409,1.60,6.40
2010.05.26 03:27:29.617,0.74065,0.7409,1.60,9.60
2010.05.26 03:27:29.847,0.74065,0.7409,4.00,9.60
2010.05.26 03:27:30.078,0.7407,0.74095,2.40,6.40
2010.05.26 03:27:30.308,0.74065,0.74075,2.40,1.00
2010.05.26 03:27:30.538,0.74055,0.74075,2.40,1.00
2010.05.26 03:27:31.131,0.7405,0.74075,3.20,6.00
2010.05.26 03:27:31.396,0.74045,0.74075,17.60,6.00
2010.05.26 03:27:31.665,0.74045,0.74075,16.00,7.60
2010.05.26 03:27:31.935,0.74045,0.74075,14.40,9.20
2010.05.26 03:27:32.207,0.7404,0.74065,7.20,4.40
2010.05.26 03:27:32.786,0.7404,0.74065,15.20,4.40
2010.05.26 03:27:33.066,0.7404,0.74065,7.20,4.40
2010.05.26 03:27:36.541,0.74045,0.7407,2.40,7.60
2010.05.26 03:27:36.984,0.74045,0.7407,2.40,6.00
2010.05.26 03:27:37.457,0.74045,0.7407,2.40,3.20
2010.05.26 03:27:37.795,0.74045,0.7407,4.80,3.20
2010.05.26 03:27:38.134,0.74045,0.7407,5.60,3.20
2010.05.26 03:27:40.451,0.7405,0.74075,5.60,6.00
2010.05.26 03:27:40.914,0.7405,0.74075,5.60,4.40
2010.05.26 03:27:41.689,0.7405,0.74075,6.00,4.00
2010.05.26 03:27:42.336,0.7406,0.7408,7.20,1.60
2010.05.26 03:27:42.678,0.74065,0.74085,2.40,4.00
2010.05.26 03:27:43.246,0.74065,0.74085,2.40,2.40
2010.05.26 03:27:43.436,0.74065,0.74085,9.60,2.40
2010.05.26 03:27:43.626,0.74065,0.7409,10.00,3.20
2010.05.26 03:27:43.817,0.74065,0.74095,16.40,1.60
2010.05.26 03:27:44.442,0.74075,0.741,14.40,1.60
2010.05.26 03:27:44.706,0.74075,0.74105,14.40,3.60
2010.05.26 03:27:47.637,0.74075,0.741,4.80,3.20
2010.05.26 03:27:48.209,0.7407,0.74095,1.60,1.00
2010.05.26 03:27:51.193,0.7407,0.741,1.60,6.00
2010.05.26 03:27:52.479,0.7407,0.74095,1.60,1.60
2010.05.26 03:27:56.543,0.7407,0.741,1.60,6.00
2010.05.26 03:27:57.136,0.74075,0.741,2.40,1.60
2010.05.26 03:27:57.574,0.74075,0.74105,2.40,6.00
2010.05.26 03:27:59.705,0.74075,0.741,2.40,1.60
2010.05.26 03:28:00.625,0.74075,0.741,2.40,2.00
2010.05.26 03:28:00.855,0.7407,0.741,1.60,6.00
2010.05.26 03:28:01.355,0.7407,0.74095,1.60,1.60
2010.05.26 03:28:01.955,0.7407,0.74095,1.60,1.00
2010.05.26 03:28:02.946,0.74075,0.741,2.40,3.60
2010.05.26 03:28:06.545,0.74075,0.741,4.00,2.00
2010.05.26 03:28:06.726,0.7408,0.741,2.40,1.60
2010.05.26 03:28:10.588,0.74075,0.741,14.40,4.00
2010.05.26 03:28:10.721,0.74075,0.741,4.00,7.20
2010.05.26 03:28:12.017,0.7408,0.741,2.40,1.60
2010.05.26 03:28:15.385,0.7408,0.741,2.40,3.20
2010.05.26 03:28:15.555,0.74075,0.741,4.80,3.20
2010.05.26 03:28:15.724,0.74075,0.741,2.40,3.60
2010.05.26 03:28:15.896,0.7407,0.74095,8.80,2.40
2010.05.26 03:28:16.024,0.7407,0.74095,2.40,2.40
2010.05.26 03:28:17.659,0.74075,0.741,2.40,5.20
2010.05.26 03:28:19.264,0.74075,0.741,2.40,4.80
2010.05.26 03:28:19.964,0.74075,0.741,2.40,2.00
2010.05.26 03:28:20.255,0.74075,0.741,2.40,3.60
2010.05.26 03:28:22.140,0.74075,0.741,2.40,3.20
2010.05.26 03:28:22.380,0.74075,0.741,10.40,3.20
2010.05.26 03:28:23.016,0.74075,0.74105,2.40,6.80
2010.05.26 03:28:23.329,0.74075,0.74105,2.40,6.00
2010.05.26 03:28:24.856,0.74075,0.741,2.40,1.00
2010.05.26 03:28:25.076,0.74075,0.741,2.40,3.60
2010.05.26 03:28:25.505,0.74075,0.74095,2.40,1.00
2010.05.26 03:28:26.175,0.74065,0.74095,18.00,1.00
2010.05.26 03:28:28.496,0.74075,0.741,2.40,3.60
2010.05.26 03:28:28.725,0.74075,0.741,2.40,2.00
2010.05.26 03:28:28.954,0.74075,0.741,2.40,1.00
2010.05.26 03:28:29.186,0.74075,0.741,2.40,2.00
2010.05.26 03:28:29.592,0.74075,0.741,2.40,3.60
2010.05.26 03:28:29.940,0.74075,0.741,2.40,2.00
2010.05.26 03:28:30.289,0.74065,0.74095,9.60,4.40
2010.05.26 03:28:31.478,0.74065,0.74095,13.60,2.80
2010.05.26 03:28:31.792,0.74065,0.74095,11.60,2.40
2010.05.26 03:28:32.046,0.7407,0.74095,2.40,2.40
2010.05.26 03:28:33.176,0.7407,0.74095,2.40,2.80
2010.05.26 03:28:33.366,0.74065,0.74095,12.00,6.00
2010.05.26 03:28:33.915,0.74065,0.74095,8.00,6.00
2010.05.26 03:28:35.306,0.7406,0.7409,12.00,4.40
2010.05.26 03:28:35.434,0.7406,0.7409,11.20,6.00
2010.05.26 03:28:39.987,0.74065,0.7409,4.00,4.00
2010.05.26 03:28:40.184,0.74065,0.7409,4.00,4.10
2010.05.26 03:28:40.386,0.74065,0.7409,4.00,4.00
2010.05.26 03:28:40.590,0.74065,0.7409,5.60,4.00
2010.05.26 03:28:41.365,0.74065,0.7409,5.60,5.60
2010.05.26 03:28:41.598,0.74065,0.7409,2.40,5.60
2010.05.26 03:28:41.785,0.7406,0.7409,6.40,6.00
2010.05.26 03:28:41.975,0.7406,0.7409,6.40,8.40
2010.05.26 03:28:42.825,0.7406,0.74085,6.40,1.60
2010.05.26 03:28:43.527,0.7406,0.74085,6.40,6.00
2010.05.26 03:28:43.955,0.7406,0.74085,2.40,6.00
2010.05.26 03:28:44.494,0.7406,0.74085,2.40,6.10
2010.05.26 03:28:45.927,0.7406,0.7408,2.40,1.00
2010.05.26 03:28:46.004,0.7406,0.74085,2.40,6.10
2010.05.26 03:28:49.134,0.7406,0.74085,2.40,6.00
2010.05.26 03:28:49.273,0.7406,0.74085,2.40,4.40
2010.05.26 03:28:49.701,0.7406,0.74085,6.40,1.60
2010.05.26 03:28:51.344,0.7406,0.7409,6.40,8.50
2010.05.26 03:28:53.746,0.7406,0.74085,6.40,5.60
2010.05.26 03:28:54.399,0.7406,0.74085,2.40,6.00
2010.05.26 03:28:54.576,0.7406,0.74085,2.40,12.40
2010.05.26 03:28:55.281,0.7406,0.74085,2.40,12.50
2010.05.26 03:28:56.014,0.7406,0.74085,2.40,10.10
2010.05.26 03:28:56.195,0.74055,0.7408,9.60,2.40
2010.05.26 03:28:56.954,0.7405,0.74075,5.60,2.00
2010.05.26 03:28:57.297,0.7405,0.74075,4.00,6.00
2010.05.26 03:28:58.035,0.7405,0.74075,2.40,6.00
2010.05.26 03:28:58.243,0.7405,0.74075,4.00,6.00
2010.05.26 03:28:58.445,0.7405,0.74075,4.00,4.40
2010.05.26 03:28:59.050,0.7405,0.74075,4.00,4.00
2010.05.26 03:28:59.218,0.7405,0.74075,4.00,4.10
2010.05.26 03:28:59.386,0.7405,0.74075,4.00,4.00
2010.05.26 03:28:59.714,0.7405,0.74075,4.00,4.10
2010.05.26 03:29:00.905,0.7405,0.74075,4.00,4.00
2010.05.26 03:29:02.854,0.7405,0.7408,4.00,18.50
2010.05.26 03:29:03.015,0.7405,0.7408,8.00,10.40
2010.05.26 03:29:03.174,0.7405,0.7408,8.00,8.00
2010.05.26 03:29:07.344,0.7405,0.74075,8.00,2.40
2010.05.26 03:29:07.686,0.7405,0.74075,4.00,4.00
2010.05.26 03:29:07.914,0.7405,0.74075,4.00,5.60
2010.05.26 03:29:08.584,0.7405,0.74075,4.00,5.70
2010.05.26 03:29:12.705,0.74045,0.7407,8.00,2.40
2010.05.26 03:29:12.856,0.7404,0.7407,18.80,2.40
2010.05.26 03:29:13.004,0.74045,0.74075,6.40,12.00
2010.05.26 03:29:13.477,0.74045,0.74075,12.80,5.60
2010.05.26 03:29:24.784,0.74045,0.74075,12.80,5.70
2010.05.26 03:29:25.307,0.7405,0.74075,8.00,1.60
2010.05.26 03:29:28.494,0.74055,0.74075,8.00,1.60
2010.05.26 03:29:28.725,0.74055,0.7408,8.00,8.00
2010.05.26 03:29:29.165,0.74055,0.7408,8.00,6.40
2010.05.26 03:29:29.926,0.74055,0.7408,8.00,5.60
2010.05.26 03:29:48.954,0.74055,0.7408,12.00,5.60
2010.05.26 03:29:49.226,0.74055,0.7408,13.60,4.00
2010.05.26 03:29:50.664,0.74055,0.7408,9.60,4.00
2010.05.26 03:29:54.185,0.74055,0.7408,9.70,4.00
2010.05.26 03:29:56.395,0.74055,0.7408,8.00,4.00
2010.05.26 03:29:58.454,0.74055,0.7408,8.10,4.00
2010.05.26 03:29:59.432,0.74055,0.7408,8.00,4.00
2010.05.26 03:30:01.762,0.74055,0.7408,8.10,4.00
2010.05.26 03:30:01.804,0.74055,0.7408,8.00,4.00
2010.05.26 03:30:02.111,0.74055,0.7408,8.10,4.00
2010.05.26 03:30:07.477,0.74055,0.7408,8.00,4.00
2010.05.26 03:30:08.927,0.74055,0.7408,4.00,4.00
2010.05.26 03:30:10.594,0.7406,0.7408,2.40,1.60
2010.05.26 03:30:11.062,0.7406,0.74085,2.40,7.20
2010.05.26 03:30:11.128,0.7406,0.74085,2.40,5.70
2010.05.26 03:30:11.194,0.7406,0.74085,2.40,4.10
2010.05.26 03:30:11.265,0.7406,0.74085,2.40,3.30
2010.05.26 03:30:11.334,0.7406,0.74085,2.40,4.10
2010.05.26 03:30:11.464,0.7406,0.74085,2.40,1.00
2010.05.26 03:30:11.867,0.7406,0.74085,2.40,1.60
2010.05.26 03:30:12.305,0.7406,0.74085,2.40,4.00
2010.05.26 03:30:12.653,0.7406,0.7409,2.40,17.60
2010.05.26 03:30:12.775,0.7406,0.7409,2.40,15.20
2010.05.26 03:30:12.896,0.7406,0.7409,2.40,17.70
2010.05.26 03:30:13.017,0.7406,0.7409,2.40,17.60
2010.05.26 03:30:13.136,0.7406,0.74085,2.40,1.00
2010.05.26 03:30:13.496,0.7406,0.74085,4.40,1.00
2010.05.26 03:30:14.761,0.7407,0.7409,2.40,4.00
2010.05.26 03:30:15.145,0.7407,0.74095,2.40,1.70
2010.05.26 03:30:15.294,0.7407,0.74095,2.40,1.00
2010.05.26 03:30:15.714,0.7407,0.741,2.40,17.70
2010.05.26 03:30:16.294,0.7407,0.74095,2.40,1.00
2010.05.26 03:30:19.098,0.7407,0.741,2.40,17.70
2010.05.26 03:30:24.408,0.7407,0.74095,2.40,1.00
2010.05.26 03:30:24.534,0.7407,0.74095,2.40,1.70
2010.05.26 03:30:24.665,0.7407,0.74095,2.40,1.60
2010.05.26 03:30:24.734,0.7407,0.74095,2.80,1.60
2010.05.26 03:30:24.914,0.7407,0.74095,2.40,1.60
2010.05.26 03:30:24.974,0.7407,0.74095,2.40,1.70
2010.05.26 03:30:25.355,0.7407,0.74095,2.80,1.60
2010.05.26 03:30:25.614,0.7407,0.74095,2.40,1.60
2010.05.26 03:30:25.875,0.7407,0.74095,2.80,1.60
2010.05.26 03:30:26.135,0.7407,0.74095,2.40,1.60
2010.05.26 03:30:26.885,0.7407,0.74095,2.80,1.60
2010.05.26 03:30:27.096,0.7407,0.74095,2.40,1.60
2010.05.26 03:30:27.625,0.7407,0.74095,2.80,1.60
2010.05.26 03:30:27.955,0.7407,0.74095,2.40,1.00
2010.05.26 03:30:28.124,0.7407,0.74095,2.40,1.60
2010.05.26 03:30:28.445,0.7407,0.741,2.40,17.70
2010.05.26 03:30:28.772,0.7407,0.74095,2.40,1.60
2010.05.26 03:30:29.030,0.7407,0.74095,6.00,6.40
2010.05.26 03:30:29.286,0.7407,0.74095,5.60,6.40
2010.05.26 03:30:29.545,0.7407,0.74095,5.60,8.10
2010.05.26 03:30:29.886,0.7407,0.74095,6.00,8.10
2010.05.26 03:30:30.226,0.7407,0.74095,6.00,8.00
2010.05.26 03:30:30.566,0.7407,0.74095,5.60,8.10
2010.05.26 03:30:31.050,0.7407,0.74095,5.60,8.00
2010.05.26 03:30:31.355,0.7407,0.74095,6.00,8.00
2010.05.26 03:30:31.995,0.7407,0.74095,5.60,8.00
2010.05.26 03:30:32.266,0.7407,0.74095,5.60,6.40
2010.05.26 03:30:32.536,0.7407,0.74095,5.60,8.00
2010.05.26 03:30:32.986,0.7407,0.74095,6.00,8.00
2010.05.26 03:30:33.135,0.7407,0.74095,5.60,8.00
2010.05.26 03:30:34.215,0.7407,0.74095,6.00,8.00
2010.05.26 03:30:34.385,0.7407,0.74095,5.60,8.00
2010.05.26 03:30:34.704,0.7407,0.74095,6.00,8.00
2010.05.26 03:30:35.134,0.7407,0.74095,5.60,8.00
2010.05.26 03:30:35.275,0.7407,0.74095,6.00,8.00
2010.05.26 03:30:35.564,0.7407,0.74095,5.60,8.00
2010.05.26 03:30:36.075,0.7407,0.74095,6.00,8.00
2010.05.26 03:30:36.700,0.7407,0.74095,5.60,8.00
2010.05.26 03:30:36.846,0.7407,0.74095,5.60,6.40
2010.05.26 03:30:36.984,0.7407,0.74095,5.60,8.00
2010.05.26 03:30:37.404,0.7407,0.74095,6.00,8.00
2010.05.26 03:30:37.544,0.7407,0.74095,5.60,8.00
2010.05.26 03:30:37.685,0.7407,0.74095,6.00,8.00
2010.05.26 03:30:38.005,0.7407,0.74095,5.60,8.00
2010.05.26 03:30:38.965,0.7407,0.74095,6.00,8.00
2010.05.26 03:30:39.727,0.7407,0.74095,6.00,6.40
2010.05.26 03:30:39.966,0.7407,0.74095,6.00,8.00
2010.05.26 03:30:40.205,0.7407,0.74095,5.60,8.00
2010.05.26 03:30:40.445,0.7407,0.74095,6.00,8.00
2010.05.26 03:30:40.686,0.7407,0.74095,5.60,8.00
2010.05.26 03:30:41.045,0.7407,0.74095,5.60,8.10
2010.05.26 03:30:41.168,0.7407,0.74095,6.00,8.10
2010.05.26 03:30:41.628,0.7407,0.7409,2.40,1.00
2010.05.26 03:30:42.206,0.7407,0.74095,2.40,2.40
2010.05.26 03:30:42.546,0.7407,0.7409,2.40,1.00
2010.05.26 03:30:44.214,0.7407,0.74095,2.40,1.60
2010.05.26 03:30:44.445,0.7407,0.741,2.40,13.70
2010.05.26 03:30:44.884,0.7407,0.741,2.40,13.60
2010.05.26 03:30:45.120,0.74075,0.74105,4.00,18.00
2010.05.26 03:30:45.307,0.74075,0.74105,4.40,17.60
2010.05.26 03:30:45.496,0.7408,0.74105,2.40,8.00
2010.05.26 03:30:45.688,0.74085,0.7411,1.60,6.40
2010.05.26 03:30:46.228,0.74085,0.74105,4.00,1.60
2010.05.26 03:30:46.571,0.7408,0.74105,2.40,1.60
2010.05.26 03:30:46.917,0.7408,0.74105,2.40,4.00
2010.05.26 03:30:47.256,0.7408,0.74105,2.80,1.60
2010.05.26 03:30:47.893,0.7408,0.74105,2.80,1.70
2010.05.26 03:30:48.237,0.7408,0.74105,2.80,1.60
2010.05.26 03:30:50.239,0.74075,0.74105,10.10,1.60
2010.05.26 03:30:50.562,0.7408,0.74105,2.80,1.70
2010.05.26 03:30:50.657,0.7408,0.74105,2.80,1.60
2010.05.26 03:30:51.370,0.7408,0.74105,2.80,1.70
2010.05.26 03:30:51.715,0.7408,0.74105,2.80,1.60
2010.05.26 03:30:53.275,0.7408,0.74105,2.80,1.70
2010.05.26 03:30:53.395,0.7408,0.74105,2.80,1.60
2010.05.26 03:30:53.515,0.7408,0.74105,4.40,1.60
2010.05.26 03:30:53.754,0.7408,0.7411,4.40,16.00
2010.05.26 03:30:54.546,0.7408,0.74105,4.40,1.00
2010.05.26 03:30:55.595,0.7408,0.74105,8.40,1.00
2010.05.26 03:30:55.865,0.7408,0.74105,4.00,1.70
2010.05.26 03:30:56.054,0.7408,0.74105,1.60,5.70
2010.05.26 03:30:56.460,0.7408,0.74105,1.60,5.60
2010.05.26 03:30:56.661,0.74075,0.741,8.00,4.10
2010.05.26 03:30:56.858,0.74075,0.741,7.20,4.00
2010.05.26 03:30:59.785,0.74075,0.741,7.20,5.70
2010.05.26 03:31:00.026,0.7407,0.741,5.60,12.10
2010.05.26 03:31:00.745,0.7407,0.741,8.00,9.60
2010.05.26 03:31:00.885,0.74075,0.741,4.00,9.60
2010.05.26 03:31:01.024,0.74075,0.741,4.00,4.00
2010.05.26 03:31:01.611,0.7408,0.74105,2.40,13.60
2010.05.26 03:31:01.746,0.74085,0.74105,2.40,11.20
2010.05.26 03:31:02.087,0.74085,0.74105,2.40,5.60
2010.05.26 03:31:02.426,0.74085,0.7411,2.40,7.30
2010.05.26 03:31:04.783,0.74085,0.7411,4.00,7.30
2010.05.26 03:31:05.734,0.74085,0.7411,4.00,5.70
2010.05.26 03:31:06.925,0.74085,0.7411,4.00,5.60
2010.05.26 03:31:07.584,0.74085,0.7411,4.00,5.70
2010.05.26 03:31:07.925,0.74085,0.7411,4.00,5.60
2010.05.26 03:31:12.367,0.74085,0.7411,2.40,5.60
2010.05.26 03:31:16.064,0.74085,0.7411,4.00,5.60
2010.05.26 03:31:17.721,0.7409,0.74115,2.40,12.80
2010.05.26 03:31:18.019,0.7409,0.74115,4.00,5.60
2010.05.26 03:31:19.165,0.7409,0.74115,5.60,5.60
2010.05.26 03:31:19.246,0.74095,0.74115,2.40,3.20
2010.05.26 03:31:19.324,0.74095,0.74115,2.40,1.60
2010.05.26 03:31:19.395,0.74095,0.7412,2.40,7.20
2010.05.26 03:31:20.945,0.74095,0.7412,2.40,5.60
2010.05.26 03:31:33.146,0.74095,0.7412,2.40,5.70
2010.05.26 03:31:34.397,0.741,0.7412,2.40,5.60
2010.05.26 03:31:34.641,0.74105,0.7412,1.60,1.60
2010.05.26 03:31:34.890,0.74105,0.74125,1.60,3.20
2010.05.26 03:31:35.274,0.74105,0.7413,1.60,4.00
2010.05.26 03:31:35.655,0.74105,0.7413,1.60,2.40
2010.05.26 03:31:37.764,0.74105,0.7413,1.60,10.40
2010.05.26 03:31:37.904,0.74105,0.7413,1.60,12.80
2010.05.26 03:31:42.937,0.74105,0.7413,1.60,4.80
2010.05.26 03:31:42.974,0.74105,0.7413,1.60,2.40
2010.05.26 03:31:45.505,0.7411,0.74135,2.40,6.40
2010.05.26 03:31:45.884,0.7411,0.7414,2.40,12.80
2010.05.26 03:31:46.009,0.7411,0.7414,5.60,10.40
2010.05.26 03:31:46.125,0.7411,0.7414,5.60,14.40
2010.05.26 03:31:47.478,0.74115,0.7414,1.60,6.40
2010.05.26 03:31:47.818,0.74115,0.7414,1.60,8.80
2010.05.26 03:31:48.483,0.74115,0.7414,1.60,4.00
2010.05.26 03:31:48.738,0.74115,0.7414,1.60,1.60
2010.05.26 03:31:49.745,0.7411,0.7414,10.00,1.60
2010.05.26 03:31:52.935,0.7411,0.7414,6.00,8.00
2010.05.26 03:31:53.015,0.7411,0.74135,1.60,2.40
2010.05.26 03:31:53.334,0.74105,0.74135,12.00,2.40
2010.05.26 03:31:53.416,0.74105,0.74135,8.00,2.40
2010.05.26 03:31:53.495,0.74105,0.74135,4.00,2.40
2010.05.26 03:31:53.918,0.74105,0.74135,3.20,2.40
2010.05.26 03:31:55.444,0.74105,0.74135,3.20,4.00
2010.05.26 03:31:56.488,0.74105,0.74135,1.60,5.60
2010.05.26 03:31:56.827,0.7411,0.74135,2.40,1.60
2010.05.26 03:32:02.195,0.7411,0.74135,2.40,4.00
2010.05.26 03:32:02.386,0.74105,0.7413,5.60,2.40
2010.05.26 03:32:03.737,0.74105,0.7413,10.00,2.40
2010.05.26 03:32:03.847,0.7411,0.74135,2.40,1.60
2010.05.26 03:32:06.394,0.7411,0.7414,2.40,12.10
2010.05.26 03:32:07.784,0.74105,0.7413,16.40,2.40
2010.05.26 03:32:07.965,0.74105,0.7413,8.00,2.40
2010.05.26 03:32:08.145,0.74105,0.7413,4.00,2.40
2010.05.26 03:32:10.566,0.741,0.74125,18.40,2.40
2010.05.26 03:32:10.759,0.741,0.74125,7.20,2.40
2010.05.26 03:32:11.101,0.74095,0.7412,4.40,2.40
2010.05.26 03:32:11.449,0.74095,0.7412,1.60,14.40
2010.05.26 03:32:12.087,0.7409,0.7412,6.40,5.60
2010.05.26 03:32:12.597,0.7409,0.7411,2.40,2.40
2010.05.26 03:32:39.349,0.7409,0.7411,2.40,2.50
2010.05.26 03:32:39.625,0.7409,0.7411,2.40,2.40
2010.05.26 03:32:40.274,0.7409,0.7411,2.40,2.50
2010.05.26 03:32:40.754,0.7409,0.7411,2.40,2.40
2010.05.26 03:32:47.370,0.7409,0.7411,2.40,2.50
2010.05.26 03:32:47.588,0.7409,0.7411,2.40,2.40
2010.05.26 03:32:53.493,0.7409,0.7412,4.00,12.80
2010.05.26 03:32:53.840,0.7409,0.7412,5.60,8.80
2010.05.26 03:32:54.187,0.7409,0.7412,5.60,10.40
2010.05.26 03:32:54.527,0.7409,0.7412,5.60,10.50
2010.05.26 03:32:55.226,0.7409,0.7412,5.60,10.40
2010.05.26 03:32:59.071,0.7409,0.7412,5.60,10.50
2010.05.26 03:32:59.618,0.7409,0.7411,5.60,2.40
2010.05.26 03:33:00.305,0.7409,0.7411,4.00,2.40
2010.05.26 03:33:06.035,0.74105,0.7413,4.00,8.00
2010.05.26 03:33:06.177,0.74105,0.7413,8.00,4.00
2010.05.26 03:33:06.445,0.74105,0.7413,13.60,4.00
2010.05.26 03:33:06.875,0.74105,0.7413,13.60,2.40
2010.05.26 03:33:09.251,0.74105,0.7413,14.40,2.40
2010.05.26 03:33:09.372,0.7411,0.74135,15.20,4.00
2010.05.26 03:33:10.835,0.7411,0.7414,15.60,8.00
2010.05.26 03:33:10.915,0.7411,0.7414,11.60,8.00
2010.05.26 03:33:11.076,0.7411,0.7414,11.60,5.60
2010.05.26 03:33:13.037,0.7412,0.7414,3.20,3.20
2010.05.26 03:33:13.197,0.74125,0.7414,2.40,1.00
2010.05.26 03:33:13.684,0.74135,0.7415,2.40,8.00
2010.05.26 03:33:13.958,0.7414,0.74165,1.00,3.20
2010.05.26 03:33:14.308,0.74145,0.74175,10.80,3.20
2010.05.26 03:33:20.935,0.74145,0.7417,10.40,1.60
2010.05.26 03:33:21.177,0.74145,0.7417,2.40,1.60
2010.05.26 03:33:21.728,0.74145,0.74175,2.40,12.00
2010.05.26 03:33:21.928,0.74145,0.7417,2.40,1.60
2010.05.26 03:33:22.507,0.74145,0.7417,2.40,3.20
2010.05.26 03:33:22.708,0.7414,0.74165,2.40,4.00
2010.05.26 03:33:23.050,0.7414,0.74165,2.40,5.60
2010.05.26 03:33:23.406,0.74135,0.7416,2.40,1.60
2010.05.26 03:33:25.731,0.74135,0.7416,2.40,3.20
2010.05.26 03:33:25.938,0.7413,0.74155,1.00,2.40
2010.05.26 03:33:26.140,0.74135,0.74155,2.40,2.40
2010.05.26 03:33:27.558,0.7413,0.74155,1.00,2.40
2010.05.26 03:33:27.900,0.74125,0.7415,4.00,4.00
2010.05.26 03:33:28.248,0.7412,0.74145,5.60,5.60
2010.05.26 03:33:28.446,0.7412,0.74145,1.60,12.00
2010.05.26 03:33:28.646,0.7412,0.74145,1.60,10.40
2010.05.26 03:33:28.844,0.7412,0.74145,1.60,8.00
2010.05.26 03:33:29.387,0.74115,0.74145,16.00,4.00
2010.05.26 03:33:31.526,0.74115,0.74145,14.40,4.00
2010.05.26 03:33:32.179,0.74115,0.74145,14.00,4.00
2010.05.26 03:33:35.374,0.7412,0.74145,1.00,4.00
2010.05.26 03:33:35.455,0.74125,0.74145,2.40,1.60
2010.05.26 03:33:35.781,0.7412,0.7414,2.40,1.60
2010.05.26 03:33:36.180,0.7412,0.7414,1.60,2.40
2010.05.26 03:33:36.430,0.74105,0.7413,13.60,6.40
2010.05.26 03:33:36.683,0.74105,0.7413,2.40,10.40
2010.05.26 03:33:36.860,0.74105,0.7412,1.00,2.40
2010.05.26 03:33:37.040,0.74095,0.7412,10.80,2.40
2010.05.26 03:33:37.449,0.74095,0.7412,9.20,2.40
2010.05.26 03:33:37.625,0.74095,0.74115,4.00,1.60
2010.05.26 03:33:37.976,0.7409,0.7411,2.40,2.40
2010.05.26 03:33:39.847,0.7409,0.7411,2.40,2.50
2010.05.26 03:33:40.036,0.7409,0.7411,2.40,2.40
2010.05.26 03:33:40.227,0.7409,0.7411,2.40,2.50
2010.05.26 03:33:40.885,0.7409,0.7411,2.40,2.40
2010.05.26 03:33:41.100,0.7409,0.7412,2.40,5.70
2010.05.26 03:33:41.705,0.7409,0.74115,2.40,1.00
2010.05.26 03:33:41.915,0.7409,0.74115,6.80,1.00
2010.05.26 03:33:42.247,0.7409,0.74125,16.40,4.10
2010.05.26 03:33:42.729,0.741,0.74125,2.40,1.70
2010.05.26 03:33:43.066,0.74105,0.74135,2.40,14.40
2010.05.26 03:33:43.399,0.74105,0.74135,16.40,3.20
2010.05.26 03:33:43.725,0.74105,0.74135,16.40,1.60
2010.05.26 03:33:44.056,0.74105,0.74135,8.40,7.30
2010.05.26 03:33:44.398,0.74105,0.74135,8.00,7.30
2010.05.26 03:33:44.716,0.7411,0.74135,2.40,3.20
2010.05.26 03:33:45.026,0.7411,0.7414,2.40,12.00
2010.05.26 03:33:51.775,0.7411,0.7414,2.40,12.80
2010.05.26 03:33:55.646,0.7411,0.7414,5.60,12.80
2010.05.26 03:33:55.825,0.7412,0.74145,2.40,10.40
2010.05.26 03:33:55.991,0.74135,0.74145,2.40,5.60
2010.05.26 03:33:56.150,0.74135,0.74145,2.40,4.00
2010.05.26 03:33:56.789,0.74135,0.7416,2.40,3.20
2010.05.26 03:33:57.811,0.7414,0.74165,2.40,6.40
2010.05.26 03:33:58.161,0.7414,0.74165,2.80,6.40
2010.05.26 03:33:58.484,0.74145,0.7417,10.00,1.60
2010.05.26 03:33:59.129,0.74145,0.74175,16.40,2.40
2010.05.26 03:33:59.472,0.7415,0.74175,4.00,1.60
2010.05.26 03:33:59.817,0.7415,0.74175,6.40,1.60
2010.05.26 03:34:00.457,0.7415,0.7418,6.40,6.40
2010.05.26 03:34:00.780,0.7415,0.74175,2.40,2.40
2010.05.26 03:34:01.284,0.7415,0.74175,2.40,8.10
2010.05.26 03:34:01.463,0.74145,0.74165,1.60,4.00
2010.05.26 03:34:01.639,0.74135,0.74165,4.00,4.00
2010.05.26 03:34:01.810,0.74135,0.74165,1.60,5.60
2010.05.26 03:34:02.179,0.74135,0.74165,2.40,9.60
2010.05.26 03:34:02.528,0.7413,0.7416,5.60,3.20
2010.05.26 03:34:02.870,0.74125,0.74155,13.60,5.60
2010.05.26 03:34:03.669,0.7414,0.7415,2.40,4.00
2010.05.26 03:34:04.009,0.74135,0.7415,1.60,2.40
2010.05.26 03:34:04.671,0.74125,0.74155,15.20,4.00
2010.05.26 03:34:05.018,0.74125,0.74155,13.60,4.00
2010.05.26 03:34:05.359,0.74125,0.74155,13.60,2.40
2010.05.26 03:34:05.594,0.74125,0.74155,13.60,4.00
2010.05.26 03:34:05.825,0.74125,0.74155,15.20,2.40
2010.05.26 03:34:06.056,0.7413,0.74155,7.20,2.40
2010.05.26 03:34:06.286,0.74135,0.74155,2.40,2.40
2010.05.26 03:34:07.806,0.7414,0.7416,2.40,4.00
2010.05.26 03:34:07.935,0.7414,0.7416,2.40,2.40
2010.05.26 03:34:11.135,0.7414,0.74165,2.40,2.40
2010.05.26 03:34:11.624,0.7414,0.74165,2.80,2.40
2010.05.26 03:34:11.705,0.74145,0.7417,2.40,5.60
2010.05.26 03:34:12.349,0.7414,0.7416,4.40,2.40
2010.05.26 03:34:12.693,0.7414,0.7416,2.40,2.40
2010.05.26 03:34:12.977,0.7414,0.74165,2.40,2.40
2010.05.26 03:34:13.259,0.7414,0.74165,10.40,2.40
2010.05.26 03:34:13.538,0.7414,0.74165,2.40,2.40
2010.05.26 03:34:13.818,0.74145,0.7417,4.00,4.00
2010.05.26 03:34:14.105,0.74145,0.7417,4.00,2.40
2010.05.26 03:34:18.118,0.7414,0.74165,7.20,4.00
2010.05.26 03:34:18.937,0.7414,0.7416,2.40,2.40
2010.05.26 03:34:19.345,0.7414,0.7416,2.40,4.00
2010.05.26 03:34:19.556,0.7414,0.7416,2.40,2.40
2010.05.26 03:34:19.766,0.7414,0.74165,2.40,4.00
2010.05.26 03:34:20.026,0.7414,0.74165,2.40,2.40
2010.05.26 03:34:21.448,0.74145,0.7417,4.00,6.00
2010.05.26 03:34:21.717,0.74145,0.7417,4.00,2.40
2010.05.26 03:34:24.309,0.74145,0.7417,4.00,4.00
2010.05.26 03:34:25.460,0.7415,0.74175,2.40,2.00
2010.05.26 03:34:25.778,0.74155,0.74175,2.40,1.00
2010.05.26 03:34:26.094,0.7417,0.74185,2.40,1.60
2010.05.26 03:34:26.755,0.7417,0.7419,2.40,1.60
2010.05.26 03:34:27.715,0.7417,0.74195,2.40,8.10
2010.05.26 03:34:34.179,0.7417,0.74195,2.40,8.00
2010.05.26 03:34:34.270,0.7417,0.74195,4.00,8.00
2010.05.26 03:34:34.425,0.7417,0.74195,8.00,8.00
2010.05.26 03:34:34.772,0.74175,0.74195,2.40,8.00
2010.05.26 03:34:35.545,0.74175,0.74195,2.40,6.40
2010.05.26 03:34:35.745,0.74175,0.74195,2.40,5.60
2010.05.26 03:34:40.007,0.7418,0.742,2.40,5.60
2010.05.26 03:34:41.188,0.74185,0.742,2.40,3.20
2010.05.26 03:34:41.356,0.74185,0.742,2.40,1.60
2010.05.26 03:34:41.645,0.74185,0.74205,2.40,3.20
2010.05.26 03:34:42.255,0.74185,0.742,2.40,1.60
2010.05.26 03:34:44.984,0.74185,0.742,2.40,3.20
2010.05.26 03:34:45.285,0.74175,0.74195,7.20,1.60
2010.05.26 03:34:45.397,0.74175,0.74195,4.00,1.60
2010.05.26 03:34:46.392,0.7417,0.74195,8.00,3.20
2010.05.26 03:34:47.105,0.7417,0.74195,8.00,1.60
2010.05.26 03:34:47.215,0.7418,0.74195,2.40,1.60
2010.05.26 03:34:49.255,0.7418,0.742,2.40,1.60
2010.05.26 03:34:49.416,0.74185,0.742,2.40,1.60
2010.05.26 03:34:49.980,0.7418,0.742,2.40,1.60
2010.05.26 03:34:50.238,0.74185,0.742,2.40,1.60
2010.05.26 03:34:53.296,0.7418,0.742,6.40,1.60
2010.05.26 03:34:53.595,0.7418,0.742,2.40,1.60
2010.05.26 03:34:56.178,0.7418,0.742,2.40,5.60
2010.05.26 03:34:56.445,0.7418,0.74195,2.40,1.60
2010.05.26 03:34:59.706,0.74185,0.742,2.40,1.60
2010.05.26 03:35:01.936,0.74175,0.74195,4.00,5.60
2010.05.26 03:35:02.199,0.7417,0.74195,2.40,8.00
2010.05.26 03:35:02.717,0.7417,0.7419,2.40,1.60
2010.05.26 03:35:02.978,0.7416,0.7419,8.00,2.40
2010.05.26 03:35:04.144,0.74165,0.74195,12.40,3.20
2010.05.26 03:35:04.285,0.74165,0.74195,12.00,3.20
2010.05.26 03:35:04.434,0.74165,0.74195,13.60,3.20
2010.05.26 03:35:05.756,0.7417,0.74195,2.40,3.20
2010.05.26 03:35:06.047,0.74175,0.74195,4.00,1.60
2010.05.26 03:35:06.978,0.7418,0.74195,4.00,1.60
2010.05.26 03:35:07.076,0.7418,0.742,4.00,3.20
2010.05.26 03:35:07.175,0.7418,0.742,4.00,1.60
2010.05.26 03:35:08.644,0.7418,0.7421,4.00,5.70
2010.05.26 03:35:08.734,0.7418,0.7421,4.00,4.10
2010.05.26 03:35:08.944,0.7418,0.7421,4.00,5.70
2010.05.26 03:35:09.465,0.7418,0.7421,4.00,5.60
2010.05.26 03:35:09.656,0.7418,0.7421,5.60,4.10
2010.05.26 03:35:10.535,0.7418,0.74205,2.40,1.00
2010.05.26 03:35:10.736,0.74175,0.74205,7.20,2.00
2010.05.26 03:35:11.316,0.74175,0.74205,7.20,1.60
2010.05.26 03:35:11.517,0.74175,0.7421,8.40,12.10
2010.05.26 03:35:11.717,0.74185,0.7421,7.20,2.40
2010.05.26 03:35:12.248,0.7419,0.74215,6.40,4.00
2010.05.26 03:35:12.451,0.7419,0.74215,4.00,1.60
2010.05.26 03:35:12.995,0.7419,0.7422,4.00,12.00
2010.05.26 03:35:13.967,0.7419,0.7422,4.80,12.00
2010.05.26 03:35:14.105,0.7419,0.7422,6.40,12.00
2010.05.26 03:35:14.247,0.74195,0.7422,4.00,6.40
2010.05.26 03:35:14.388,0.742,0.7422,2.40,4.00
2010.05.26 03:35:14.525,0.742,0.7422,2.40,1.60
2010.05.26 03:35:15.609,0.7419,0.7422,8.00,12.00
2010.05.26 03:35:15.947,0.7419,0.7422,4.00,12.00
2010.05.26 03:35:17.975,0.7419,0.7422,4.00,12.10
2010.05.26 03:35:19.235,0.7419,0.74215,4.00,1.60
2010.05.26 03:35:20.181,0.74185,0.7421,12.80,2.40
2010.05.26 03:35:20.736,0.74185,0.7421,6.40,2.40
2010.05.26 03:35:20.955,0.74185,0.7421,2.40,2.40
2010.05.26 03:35:21.596,0.74185,0.7421,2.40,4.00
2010.05.26 03:35:21.976,0.74185,0.7421,2.40,6.00
2010.05.26 03:35:23.227,0.7418,0.74205,4.00,4.40
2010.05.26 03:35:27.627,0.7418,0.74205,4.00,4.00
2010.05.26 03:35:27.830,0.74185,0.7421,2.40,6.80
2010.05.26 03:35:29.165,0.74185,0.7421,2.40,6.00
2010.05.26 03:35:29.295,0.74185,0.7421,2.40,5.60
2010.05.26 03:35:30.766,0.74185,0.74205,2.40,2.40
2010.05.26 03:35:41.566,0.7418,0.74205,16.00,2.40
2010.05.26 03:35:41.738,0.7418,0.74205,5.60,2.40
2010.05.26 03:35:42.198,0.7418,0.74205,4.00,4.00
2010.05.26 03:35:42.542,0.7418,0.74205,4.00,2.40
2010.05.26 03:35:43.786,0.74185,0.74205,2.40,2.40
2010.05.26 03:35:48.209,0.7419,0.7421,2.40,4.00
2010.05.26 03:35:50.062,0.74185,0.74205,12.80,2.40
2010.05.26 03:35:50.188,0.74185,0.74205,2.40,2.40
2010.05.26 03:35:53.054,0.7419,0.7421,2.40,4.00
2010.05.26 03:35:55.717,0.74185,0.74205,6.40,2.40
2010.05.26 03:35:55.875,0.74185,0.74205,2.40,2.40
2010.05.26 03:36:17.008,0.7418,0.74205,12.00,2.40
2010.05.26 03:36:17.131,0.74175,0.74205,19.60,2.40
2010.05.26 03:36:17.245,0.74175,0.74205,19.70,2.40
2010.05.26 03:36:20.515,0.7418,0.74205,6.00,2.40
2010.05.26 03:36:20.655,0.74185,0.74205,2.40,2.40
2010.05.26 03:36:22.626,0.7418,0.74205,8.00,2.40
2010.05.26 03:36:22.697,0.7418,0.74205,4.00,2.40
2010.05.26 03:36:22.767,0.74175,0.74205,19.60,2.40
2010.05.26 03:36:24.396,0.74175,0.74205,19.70,2.40
2010.05.26 03:36:24.585,0.74175,0.74205,19.60,2.40
2010.05.26 03:36:29.214,0.74175,0.74205,19.70,2.40
2010.05.26 03:36:29.605,0.74175,0.74205,19.60,2.40
2010.05.26 03:36:30.027,0.74175,0.74205,19.60,2.40
2010.05.26 03:36:30.245,0.74175,0.74205,19.70,2.40
2010.05.26 03:36:34.045,0.7418,0.74205,1.00,2.40
2010.05.26 03:36:36.844,0.7418,0.74205,1.00,2.50
2010.05.26 03:36:37.025,0.7418,0.74205,1.00,4.10
2010.05.26 03:36:37.398,0.74175,0.742,19.60,2.40
2010.05.26 03:36:37.741,0.74175,0.742,11.60,2.40
2010.05.26 03:36:38.426,0.74175,0.742,8.40,2.40
2010.05.26 03:36:38.595,0.74175,0.742,8.00,4.00
2010.05.26 03:36:38.767,0.74175,0.74195,1.60,2.40
2010.05.26 03:36:41.788,0.74175,0.742,4.00,4.00
2010.05.26 03:36:41.935,0.74175,0.742,4.00,2.40
2010.05.26 03:36:42.087,0.74175,0.742,8.00,2.40
2010.05.26 03:36:49.445,0.74175,0.74205,15.20,2.50
2010.05.26 03:36:49.573,0.74175,0.74205,17.60,2.50
2010.05.26 03:36:50.054,0.74175,0.74205,18.00,2.50
2010.05.26 03:36:50.714,0.74175,0.74205,18.00,2.40
2010.05.26 03:36:51.063,0.74185,0.74205,4.40,2.40
2010.05.26 03:36:51.186,0.7419,0.7421,2.40,4.00
2010.05.26 03:36:51.317,0.7419,0.7421,2.40,2.40
2010.05.26 03:36:51.446,0.7419,0.7421,4.00,2.40
2010.05.26 03:36:51.950,0.74195,0.7422,14.80,1.60
2010.05.26 03:36:52.416,0.74195,0.74225,14.80,7.20
2010.05.26 03:36:52.758,0.74195,0.74225,14.80,5.60
2010.05.26 03:36:56.929,0.74195,0.74225,14.40,5.60
2010.05.26 03:36:57.764,0.74195,0.74225,16.00,4.00
2010.05.26 03:36:57.917,0.74195,0.74225,8.00,4.00
2010.05.26 03:36:58.371,0.74195,0.74225,1.60,5.70
2010.05.26 03:36:58.528,0.74195,0.74215,1.60,2.40
2010.05.26 03:36:59.207,0.7419,0.74215,5.60,2.40
2010.05.26 03:37:00.746,0.7419,0.74215,6.00,2.40
2010.05.26 03:37:01.016,0.7419,0.7422,6.00,10.40
2010.05.26 03:37:01.471,0.7419,0.7422,6.00,8.00
2010.05.26 03:37:01.545,0.74195,0.7422,3.20,8.00
2010.05.26 03:37:01.921,0.74195,0.74225,3.20,16.10
2010.05.26 03:37:02.197,0.74195,0.74215,3.20,2.40
2010.05.26 03:37:02.600,0.7419,0.74215,4.00,4.00
2010.05.26 03:37:02.800,0.74185,0.7421,11.20,2.40
2010.05.26 03:37:03.158,0.74185,0.7421,7.20,2.80
2010.05.26 03:37:03.501,0.74185,0.7421,1.60,13.20
2010.05.26 03:37:03.847,0.7418,0.7421,5.60,13.20
2010.05.26 03:37:04.526,0.7418,0.7421,5.60,14.80
2010.05.26 03:37:07.136,0.7418,0.7421,5.60,13.20
2010.05.26 03:37:07.175,0.7418,0.7421,5.60,10.80
2010.05.26 03:37:07.217,0.7418,0.7421,5.60,6.40
2010.05.26 03:37:07.255,0.7418,0.74215,5.60,18.80
2010.05.26 03:37:07.346,0.74185,0.7421,2.40,2.40
2010.05.26 03:37:07.436,0.74185,0.7421,4.00,2.40
2010.05.26 03:37:07.508,0.74185,0.7421,5.60,2.40
2010.05.26 03:37:08.341,0.7419,0.74215,4.00,4.00
2010.05.26 03:37:08.659,0.74195,0.7422,2.40,5.60
2010.05.26 03:37:08.965,0.74195,0.7422,2.40,4.00
2010.05.26 03:37:09.894,0.74195,0.7422,2.40,2.40
2010.05.26 03:37:10.320,0.74195,0.7422,4.00,2.40
2010.05.26 03:37:10.416,0.74195,0.74225,4.00,13.70
2010.05.26 03:37:10.515,0.74195,0.74225,4.00,5.70
2010.05.26 03:37:10.915,0.74195,0.74225,12.00,5.70
2010.05.26 03:37:11.114,0.74195,0.74225,12.00,5.60
2010.05.26 03:37:11.215,0.74195,0.74225,14.40,5.70
2010.05.26 03:37:12.236,0.74195,0.74225,14.40,5.60
2010.05.26 03:37:13.806,0.74195,0.74225,14.40,4.00
2010.05.26 03:37:13.896,0.74195,0.74225,14.90,4.00
2010.05.26 03:37:13.985,0.74205,0.74225,2.40,4.00
2010.05.26 03:37:14.081,0.74205,0.74225,4.00,4.00
2010.05.26 03:37:14.166,0.74205,0.7423,4.00,8.10
2010.05.26 03:37:14.255,0.74205,0.7423,4.00,9.70
2010.05.26 03:37:14.680,0.74205,0.7423,4.00,4.00
2010.05.26 03:37:14.767,0.74205,0.7423,4.00,4.10
2010.05.26 03:37:15.447,0.74205,0.7423,4.00,2.40
2010.05.26 03:37:17.587,0.74205,0.7423,4.00,2.50
2010.05.26 03:37:18.190,0.742,0.7423,8.00,14.50
2010.05.26 03:37:18.517,0.742,0.7423,12.00,8.10
2010.05.26 03:37:18.846,0.742,0.7423,16.00,5.70
2010.05.26 03:37:19.178,0.742,0.7423,10.40,6.40
2010.05.26 03:37:19.516,0.742,0.7423,14.40,6.40
2010.05.26 03:37:22.465,0.742,0.7423,14.40,4.80
2010.05.26 03:37:22.696,0.742,0.7423,14.40,4.00
2010.05.26 03:37:23.814,0.742,0.7423,16.00,4.00
2010.05.26 03:37:24.015,0.742,0.7423,17.60,4.00
2010.05.26 03:37:24.784,0.74205,0.7423,2.40,1.60
2010.05.26 03:37:24.952,0.74205,0.74235,12.00,5.60
2010.05.26 03:37:25.277,0.74205,0.74235,12.00,4.00
2010.05.26 03:37:25.595,0.74205,0.74235,12.00,5.60
2010.05.26 03:37:26.629,0.7421,0.74235,8.80,2.40
2010.05.26 03:37:26.749,0.74215,0.7424,4.00,5.60
2010.05.26 03:37:26.870,0.74215,0.7424,9.20,4.00
2010.05.26 03:37:26.997,0.74215,0.7424,10.00,4.00
2010.05.26 03:37:27.415,0.7422,0.7424,1.60,4.00
2010.05.26 03:37:27.544,0.7422,0.7425,1.60,7.20
2010.05.26 03:37:28.007,0.74215,0.74245,11.20,2.40
2010.05.26 03:37:28.345,0.74215,0.7425,14.80,13.60
2010.05.26 03:37:28.685,0.74215,0.7425,19.60,7.20
2010.05.26 03:37:29.095,0.74215,0.7425,21.20,7.20
2010.05.26 03:37:29.225,0.74215,0.7425,21.20,7.30
2010.05.26 03:37:29.614,0.74215,0.7425,21.30,7.20
2010.05.26 03:37:31.245,0.7422,0.7425,2.40,5.60
2010.05.26 03:37:31.345,0.74225,0.74255,6.00,15.20
2010.05.26 03:37:31.448,0.74225,0.7425,6.00,1.00
2010.05.26 03:37:31.910,0.74235,0.74255,2.40,12.00
2010.05.26 03:37:32.258,0.7423,0.7425,12.00,1.60
2010.05.26 03:37:32.597,0.74225,0.74255,17.20,1.60
2010.05.26 03:37:33.288,0.7423,0.7426,3.20,8.80
2010.05.26 03:37:33.965,0.7423,0.7426,3.20,10.40
2010.05.26 03:37:34.165,0.7423,0.7426,3.20,8.80
2010.05.26 03:37:34.366,0.7423,0.7426,3.20,10.40
2010.05.26 03:37:34.565,0.7423,0.7426,3.20,8.80
2010.05.26 03:37:34.767,0.74235,0.7426,3.20,8.80
2010.05.26 03:37:34.966,0.74235,0.74265,9.60,2.50
2010.05.26 03:37:35.656,0.74235,0.74265,9.60,4.10
2010.05.26 03:37:35.884,0.7425,0.7427,1.00,4.80
2010.05.26 03:37:36.101,0.7426,0.7428,2.80,1.60
2010.05.26 03:37:36.393,0.74255,0.7428,7.60,2.40
2010.05.26 03:37:36.766,0.74255,0.7428,3.60,2.40
2010.05.26 03:37:37.053,0.7425,0.7428,10.00,2.40
2010.05.26 03:37:37.336,0.7425,0.7428,11.60,2.40
2010.05.26 03:37:38.017,0.7425,0.7428,10.00,4.00
2010.05.26 03:37:38.360,0.7425,0.7428,3.20,4.00
2010.05.26 03:37:38.715,0.7425,0.7428,3.20,5.60
2010.05.26 03:37:38.861,0.7425,0.74265,2.40,4.00
2010.05.26 03:37:39.146,0.74245,0.74265,3.20,4.00
2010.05.26 03:37:39.296,0.74245,0.74265,4.80,2.40
2010.05.26 03:37:40.858,0.74245,0.7427,4.80,2.40
2010.05.26 03:37:41.057,0.74245,0.7428,9.20,16.00
2010.05.26 03:37:41.256,0.74245,0.7428,13.20,12.00
2010.05.26 03:37:41.455,0.74245,0.7428,15.60,9.60
2010.05.26 03:37:41.655,0.74245,0.7428,16.40,5.60
2010.05.26 03:37:42.198,0.74245,0.74275,16.40,1.60
2010.05.26 03:37:42.626,0.7425,0.7428,4.40,5.70
2010.05.26 03:37:42.845,0.7425,0.7428,6.80,5.70
2010.05.26 03:37:43.516,0.7425,0.74275,4.40,4.00
2010.05.26 03:37:43.736,0.74245,0.74275,15.60,5.60
2010.05.26 03:37:44.424,0.74245,0.74275,15.60,5.70
2010.05.26 03:37:45.223,0.74245,0.74275,14.00,7.30
2010.05.26 03:37:45.676,0.74245,0.7427,12.00,1.70
2010.05.26 03:37:45.988,0.74235,0.7427,18.00,16.10
2010.05.26 03:37:46.595,0.74235,0.7427,18.00,17.70
2010.05.26 03:37:47.419,0.74235,0.74265,12.00,5.60
2010.05.26 03:37:47.617,0.74235,0.74265,9.60,5.60
2010.05.26 03:37:47.817,0.7424,0.74265,2.40,4.00
2010.05.26 03:37:48.106,0.7424,0.74265,6.40,4.00
2010.05.26 03:37:48.396,0.7424,0.74265,6.40,2.40
2010.05.26 03:37:48.686,0.7424,0.74265,8.00,2.40
2010.05.26 03:37:48.977,0.7424,0.74265,8.40,2.40
2010.05.26 03:37:49.086,0.74245,0.7427,1.60,2.50
2010.05.26 03:37:49.827,0.74245,0.7427,3.20,2.40
2010.05.26 03:37:49.939,0.74245,0.74275,6.00,5.70
2010.05.26 03:37:50.198,0.74245,0.74275,14.00,5.70
2010.05.26 03:37:50.966,0.74245,0.74275,14.00,4.10
2010.05.26 03:37:53.606,0.74245,0.74275,14.00,2.40
2010.05.26 03:37:53.845,0.74245,0.74275,15.60,2.40
2010.05.26 03:37:54.325,0.74245,0.74275,14.00,2.40
2010.05.26 03:37:55.435,0.74255,0.74275,2.40,2.40
2010.05.26 03:37:55.660,0.7426,0.7428,4.00,4.00
2010.05.26 03:37:55.878,0.74265,0.7428,1.00,4.00
2010.05.26 03:37:56.372,0.74275,0.74285,1.00,6.40
2010.05.26 03:37:56.691,0.7427,0.74295,4.40,2.40
2010.05.26 03:37:57.011,0.74265,0.743,18.00,16.80
2010.05.26 03:37:57.328,0.7427,0.743,2.80,18.40
2010.05.26 03:37:57.646,0.7427,0.743,2.40,18.40
2010.05.26 03:37:58.393,0.7427,0.743,13.20,1.60
2010.05.26 03:37:59.085,0.7427,0.743,14.80,1.60
2010.05.26 03:37:59.427,0.74275,0.74305,4.40,10.40
2010.05.26 03:37:59.695,0.7428,0.74305,2.40,4.00
2010.05.26 03:38:00.915,0.7428,0.74305,2.40,3.20
2010.05.26 03:38:01.475,0.7428,0.7431,2.40,7.30
2010.05.26 03:38:01.624,0.7428,0.7431,2.80,7.30
2010.05.26 03:38:02.686,0.74285,0.74305,1.00,3.20
2010.05.26 03:38:02.917,0.7429,0.74305,1.00,8.00
2010.05.26 03:38:03.254,0.7429,0.74305,1.00,12.00
2010.05.26 03:38:03.493,0.74285,0.74305,1.00,1.70
2010.05.26 03:38:03.733,0.74275,0.743,7.60,2.40
2010.05.26 03:38:04.071,0.7428,0.74305,2.80,4.00
2010.05.26 03:38:04.552,0.7428,0.7431,2.80,13.60
2010.05.26 03:38:04.889,0.7428,0.7431,2.80,7.30
2010.05.26 03:38:05.167,0.7428,0.7431,2.80,7.20
2010.05.26 03:38:05.450,0.7429,0.7431,2.40,3.20
2010.05.26 03:38:06.015,0.7429,0.7431,2.40,1.60
2010.05.26 03:38:07.107,0.74285,0.7431,4.00,1.60
2010.05.26 03:38:07.246,0.74285,0.74315,4.00,6.40
2010.05.26 03:38:08.360,0.7429,0.74315,2.80,1.00
2010.05.26 03:38:09.009,0.74295,0.74315,2.40,1.00
2010.05.26 03:38:09.277,0.74305,0.74315,4.00,1.00
2010.05.26 03:38:09.548,0.74295,0.74315,1.60,1.00
2010.05.26 03:38:09.818,0.743,0.74315,8.00,1.00
2010.05.26 03:38:10.418,0.74305,0.74315,4.00,1.00
2010.05.26 03:38:10.763,0.743,0.74315,8.80,1.00
2010.05.26 03:38:11.114,0.743,0.74315,5.60,1.00
2010.05.26 03:38:11.330,0.74295,0.74315,1.60,2.40
2010.05.26 03:38:12.068,0.7429,0.74315,7.20,2.40
2010.05.26 03:38:13.186,0.7429,0.74315,5.60,2.40
2010.05.26 03:38:13.496,0.7429,0.74315,4.00,2.40
2010.05.26 03:38:14.497,0.74295,0.74315,2.40,2.40
2010.05.26 03:38:14.945,0.74295,0.74315,8.40,2.40
2010.05.26 03:38:15.177,0.743,0.74315,2.40,2.40
2010.05.26 03:38:21.825,0.74295,0.74315,6.40,2.40
2010.05.26 03:38:21.935,0.74295,0.74315,4.00,2.40
2010.05.26 03:38:22.500,0.74295,0.74315,2.40,4.00
2010.05.26 03:38:23.003,0.74275,0.743,6.40,4.00
2010.05.26 03:38:23.178,0.74275,0.743,5.60,2.40
2010.05.26 03:38:23.518,0.7427,0.743,16.00,1.60
2010.05.26 03:38:24.206,0.74265,0.74295,13.20,2.40
2010.05.26 03:38:24.371,0.7427,0.74295,1.60,1.60
2010.05.26 03:38:24.534,0.74265,0.74295,9.70,5.60
2010.05.26 03:38:25.019,0.74275,0.74295,6.40,1.60
2010.05.26 03:38:25.185,0.74265,0.743,20.00,8.10
2010.05.26 03:38:25.532,0.74265,0.74295,9.60,6.80
2010.05.26 03:38:26.187,0.7426,0.74295,3.20,18.80
2010.05.26 03:38:26.508,0.7426,0.7429,3.20,1.60
2010.05.26 03:38:28.166,0.7426,0.74285,3.20,2.40
2010.05.26 03:38:28.296,0.74255,0.74285,16.00,4.00
2010.05.26 03:38:28.427,0.74255,0.74285,1.60,16.00
2010.05.26 03:38:28.667,0.7425,0.7428,1.60,14.80
2010.05.26 03:38:29.478,0.74245,0.7428,12.80,14.80
2010.05.26 03:38:30.565,0.74245,0.7428,12.80,14.90
2010.05.26 03:38:31.376,0.74245,0.7428,12.80,14.80
2010.05.26 03:38:31.805,0.74245,0.7428,12.80,14.90
2010.05.26 03:38:32.617,0.7425,0.7428,4.00,6.80
2010.05.26 03:38:33.036,0.7425,0.7428,4.00,4.00
2010.05.26 03:38:33.715,0.7425,0.7428,5.60,4.00
2010.05.26 03:38:34.059,0.7425,0.7428,1.60,13.60
2010.05.26 03:38:34.206,0.74245,0.74275,19.60,1.60
2010.05.26 03:38:34.357,0.7425,0.7428,4.00,10.40
2010.05.26 03:38:34.507,0.7425,0.7428,7.20,4.00
2010.05.26 03:38:34.658,0.7425,0.7428,7.60,5.60
2010.05.26 03:38:34.806,0.74255,0.7428,4.00,5.60
2010.05.26 03:38:35.161,0.74255,0.7428,4.00,9.60
2010.05.26 03:38:35.474,0.74255,0.7429,17.60,12.50
2010.05.26 03:38:35.778,0.74255,0.7429,19.20,12.40
2010.05.26 03:38:36.366,0.7427,0.7429,1.00,10.80
2010.05.26 03:38:36.668,0.7427,0.7428,1.00,1.00
2010.05.26 03:38:36.968,0.7427,0.74275,1.00,2.40
2010.05.26 03:38:37.360,0.7427,0.74275,1.00,4.00
2010.05.26 03:38:37.491,0.74255,0.74275,1.60,4.00
2010.05.26 03:38:39.672,0.74255,0.7427,1.60,10.80
2010.05.26 03:38:39.829,0.7426,0.7427,1.60,10.40
2010.05.26 03:38:39.980,0.7426,0.7427,1.60,2.40
2010.05.26 03:38:40.128,0.74245,0.7427,7.20,2.40
2010.05.26 03:38:40.380,0.74245,0.74275,4.00,6.00
2010.05.26 03:38:40.628,0.7424,0.74265,6.40,4.00
2010.05.26 03:38:41.384,0.7424,0.7427,8.00,1.60
2010.05.26 03:38:41.670,0.7424,0.74275,11.20,18.00
2010.05.26 03:38:42.236,0.7424,0.74275,11.20,16.50
2010.05.26 03:38:42.842,0.7424,0.74275,11.20,18.10
2010.05.26 03:38:44.215,0.7424,0.74275,12.00,18.10
2010.05.26 03:38:44.406,0.7424,0.74275,12.90,18.00
2010.05.26 03:38:44.597,0.74245,0.74275,5.60,16.10
2010.05.26 03:38:44.726,0.74245,0.74275,4.00,7.70
2010.05.26 03:38:44.855,0.74245,0.74275,1.60,15.70
2010.05.26 03:38:44.985,0.74245,0.74275,1.60,18.10
2010.05.26 03:38:45.411,0.74245,0.74275,1.60,16.50
2010.05.26 03:38:45.755,0.74245,0.74275,1.60,18.10
2010.05.26 03:38:46.776,0.74245,0.74275,1.60,16.50
2010.05.26 03:38:47.035,0.74245,0.74275,1.60,18.10
2010.05.26 03:38:47.436,0.74245,0.74275,1.60,14.10
2010.05.26 03:38:48.164,0.74245,0.74275,1.60,12.50
2010.05.26 03:38:49.285,0.74245,0.74275,1.60,12.40
2010.05.26 03:38:49.701,0.74245,0.74275,5.60,8.00
2010.05.26 03:38:49.818,0.74245,0.74275,11.20,1.60
2010.05.26 03:38:52.329,0.74245,0.7428,11.20,16.50
2010.05.26 03:38:52.414,0.74245,0.7428,11.20,16.40
2010.05.26 03:38:52.689,0.74255,0.7428,3.20,8.00
2010.05.26 03:38:53.282,0.74255,0.7428,4.80,8.00
2010.05.26 03:38:53.550,0.74265,0.74295,13.60,1.60
2010.05.26 03:38:53.721,0.7427,0.74295,3.20,1.60
2010.05.26 03:38:54.378,0.7427,0.743,3.20,15.20
2010.05.26 03:38:55.131,0.7427,0.743,3.20,13.60
2010.05.26 03:38:55.413,0.7427,0.74295,3.20,1.60
2010.05.26 03:38:55.693,0.74275,0.743,3.20,4.00
2010.05.26 03:38:55.968,0.74275,0.743,3.20,1.60
2010.05.26 03:38:56.458,0.74275,0.74305,11.20,6.00
2010.05.26 03:38:56.679,0.74275,0.74305,14.00,1.60
2010.05.26 03:38:56.898,0.7428,0.74305,4.00,1.60
2010.05.26 03:38:57.116,0.74275,0.74305,13.60,1.60
2010.05.26 03:38:57.657,0.74275,0.74305,11.20,1.60
2010.05.26 03:38:58.448,0.74275,0.7431,11.20,14.00
2010.05.26 03:38:59.813,0.7428,0.7431,5.60,1.60
2010.05.26 03:39:00.565,0.7428,0.7431,6.00,1.60
2010.05.26 03:39:00.727,0.7428,0.74315,12.40,10.40
2010.05.26 03:39:01.065,0.7428,0.74315,14.80,10.40
2010.05.26 03:39:01.760,0.7429,0.74315,8.00,2.40
2010.05.26 03:39:01.906,0.74295,0.74315,8.00,1.00
2010.05.26 03:39:02.059,0.743,0.7432,8.00,1.60
2010.05.26 03:39:02.206,0.743,0.7432,10.40,1.60
2010.05.26 03:39:02.356,0.74305,0.74325,8.00,1.60
2010.05.26 03:39:03.558,0.74305,0.7433,8.00,3.20
2010.05.26 03:39:06.726,0.743,0.74325,1.60,2.40
2010.05.26 03:39:07.006,0.74305,0.7433,8.00,1.60
2010.05.26 03:39:08.271,0.743,0.7433,5.60,8.00
2010.05.26 03:39:08.989,0.743,0.7433,12.00,1.60
2010.05.26 03:39:12.256,0.743,0.7433,12.00,3.20
2010.05.26 03:39:12.445,0.743,0.7433,8.00,3.60
2010.05.26 03:39:12.515,0.743,0.7433,1.60,6.00
2010.05.26 03:39:13.151,0.74295,0.7433,15.20,6.80
2010.05.26 03:39:13.462,0.74305,0.7433,8.00,3.20
2010.05.26 03:39:13.717,0.74305,0.7433,4.00,4.00
2010.05.26 03:39:14.219,0.743,0.7433,3.20,4.00
2010.05.26 03:39:14.467,0.743,0.7433,15.20,2.40
2010.05.26 03:39:15.307,0.743,0.7433,15.60,2.40
2010.05.26 03:39:15.610,0.743,0.74335,18.00,12.00
2010.05.26 03:39:16.155,0.743,0.74335,18.00,10.40
2010.05.26 03:39:16.346,0.74305,0.74335,7.20,2.40
2010.05.26 03:39:18.005,0.74305,0.74335,10.40,2.40
2010.05.26 03:39:18.411,0.7431,0.74335,2.40,1.60
2010.05.26 03:39:18.530,0.74305,0.7433,11.20,1.60
2010.05.26 03:39:18.648,0.74305,0.74335,11.20,2.40
2010.05.26 03:39:18.769,0.7431,0.7434,2.40,8.10
2010.05.26 03:39:19.376,0.7431,0.7434,2.40,18.50
2010.05.26 03:39:22.555,0.7431,0.74335,2.40,1.60
2010.05.26 03:39:22.774,0.7431,0.7434,2.40,18.50
2010.05.26 03:39:22.986,0.74315,0.7434,2.40,15.20
2010.05.26 03:39:23.125,0.74315,0.7434,2.80,11.20
2010.05.26 03:39:23.265,0.74315,0.7434,6.80,5.60
2010.05.26 03:39:23.683,0.74315,0.7434,8.40,5.60
2010.05.26 03:39:23.824,0.74315,0.7434,15.60,1.60
2010.05.26 03:39:23.978,0.74315,0.74345,15.60,6.00
2010.05.26 03:39:24.135,0.74315,0.74345,15.60,4.40
2010.05.26 03:39:24.296,0.74315,0.74345,17.20,4.40
2010.05.26 03:39:24.457,0.74315,0.7434,11.60,1.60
2010.05.26 03:39:25.355,0.74315,0.7434,15.60,1.60
2010.05.26 03:39:28.270,0.7431,0.7434,3.60,14.40
2010.05.26 03:39:28.570,0.7431,0.7434,3.30,17.60
2010.05.26 03:39:28.869,0.74315,0.7434,8.40,5.60
2010.05.26 03:39:29.546,0.74315,0.7434,8.40,1.60
2010.05.26 03:39:30.227,0.74315,0.7434,8.40,4.10
2010.05.26 03:39:30.568,0.74315,0.7434,8.40,4.00
2010.05.26 03:39:30.828,0.74315,0.7434,8.40,4.10
2010.05.26 03:39:31.406,0.7431,0.74335,2.40,4.00
2010.05.26 03:39:31.674,0.7431,0.7434,8.40,8.80
2010.05.26 03:39:31.899,0.7431,0.7434,8.40,6.50
2010.05.26 03:39:32.122,0.74305,0.7433,13.60,4.10
2010.05.26 03:39:32.447,0.74305,0.7433,12.00,4.10
2010.05.26 03:39:32.673,0.74305,0.7433,1.60,10.50
2010.05.26 03:39:34.039,0.74305,0.7433,1.60,4.10
2010.05.26 03:39:34.167,0.743,0.7433,5.60,10.50
2010.05.26 03:39:34.296,0.743,0.7433,6.00,10.40
2010.05.26 03:39:34.427,0.74305,0.7433,4.00,4.00
2010.05.26 03:39:34.877,0.74305,0.7433,4.00,1.60
2010.05.26 03:39:35.087,0.74305,0.7433,4.00,4.10
2010.05.26 03:39:35.507,0.74305,0.7433,4.00,4.00
2010.05.26 03:39:35.717,0.74305,0.7433,4.00,1.70
2010.05.26 03:39:36.266,0.74305,0.7433,4.00,1.60
2010.05.26 03:39:36.447,0.74305,0.7433,15.60,1.60
2010.05.26 03:39:36.627,0.74305,0.7433,11.20,1.60
2010.05.26 03:39:36.807,0.74305,0.7433,7.20,1.60
2010.05.26 03:39:37.116,0.74305,0.7433,7.20,1.70
2010.05.26 03:39:37.740,0.74305,0.7433,7.20,1.60
2010.05.26 03:39:37.880,0.7431,0.74335,2.40,7.30
2010.05.26 03:39:38.246,0.7431,0.7433,2.40,1.60
2010.05.26 03:39:42.102,0.74315,0.7434,2.40,7.30
2010.05.26 03:39:42.455,0.74305,0.7433,5.60,1.60
2010.05.26 03:39:42.549,0.74305,0.74335,6.00,16.00
2010.05.26 03:39:42.639,0.7431,0.74335,2.40,5.60
2010.05.26 03:39:42.727,0.7431,0.74335,2.40,1.60
2010.05.26 03:39:43.410,0.7431,0.74335,2.40,1.70
2010.05.26 03:39:44.436,0.74305,0.74335,16.40,4.10
2010.05.26 03:39:44.585,0.74305,0.74335,16.40,5.70
2010.05.26 03:39:44.875,0.74305,0.74335,16.00,5.70
2010.05.26 03:39:45.605,0.74305,0.7433,16.00,1.00
2010.05.26 03:39:46.175,0.74305,0.74335,16.00,5.60
2010.05.26 03:39:46.887,0.7431,0.7434,9.60,9.20
2010.05.26 03:39:47.165,0.7431,0.7434,9.60,5.60
2010.05.26 03:39:47.447,0.7431,0.7434,11.20,5.60
2010.05.26 03:39:50.511,0.7431,0.7434,11.60,5.60
2010.05.26 03:39:50.587,0.74315,0.7434,9.60,5.60
2010.05.26 03:39:50.666,0.74315,0.7434,13.60,3.20
2010.05.26 03:39:50.815,0.74315,0.7434,3.20,5.60
2010.05.26 03:39:52.207,0.74315,0.7434,3.20,4.00
2010.05.26 03:39:52.459,0.74315,0.7434,4.80,4.00
2010.05.26 03:39:52.709,0.74315,0.7434,4.80,2.40
2010.05.26 03:39:58.146,0.74315,0.74345,11.20,11.60
2010.05.26 03:39:58.225,0.74315,0.74345,11.20,8.40
2010.05.26 03:39:58.386,0.74315,0.74345,15.20,4.40
2010.05.26 03:39:58.466,0.74315,0.74345,13.60,4.40
2010.05.26 03:39:59.488,0.74315,0.7434,3.20,2.40
2010.05.26 03:40:01.676,0.74315,0.7434,4.80,2.40
2010.05.26 03:40:06.307,0.74315,0.74345,15.20,2.80
2010.05.26 03:40:06.596,0.74315,0.74345,16.80,2.80
2010.05.26 03:40:07.187,0.74315,0.7434,11.20,2.40
2010.05.26 03:40:07.336,0.74315,0.7434,8.80,2.40
2010.05.26 03:40:07.745,0.74315,0.74345,12.80,9.20
2010.05.26 03:40:07.868,0.74315,0.74345,16.80,2.80
2010.05.26 03:40:09.906,0.74315,0.74345,15.20,5.30
2010.05.26 03:40:10.007,0.74315,0.7434,9.60,4.80
2010.05.26 03:40:10.107,0.7431,0.7434,16.80,4.80
2010.05.26 03:40:10.295,0.7431,0.7434,17.60,2.40
2010.05.26 03:40:10.476,0.7431,0.7434,15.20,4.80
2010.05.26 03:40:11.197,0.7431,0.7434,16.00,4.00
2010.05.26 03:40:11.469,0.7431,0.7434,13.60,6.50
2010.05.26 03:40:11.996,0.7431,0.7434,13.60,6.40
2010.05.26 03:40:12.136,0.74315,0.7434,6.80,4.00
2010.05.26 03:40:12.277,0.74315,0.7434,8.40,3.20
2010.05.26 03:40:12.705,0.74315,0.7434,8.40,1.60
2010.05.26 03:40:12.836,0.74315,0.7434,5.60,5.60
2010.05.26 03:40:13.117,0.7431,0.7434,14.00,6.40
2010.05.26 03:40:13.676,0.7431,0.7434,14.00,8.10
2010.05.26 03:40:14.242,0.7431,0.7434,16.40,5.70
2010.05.26 03:40:14.360,0.7431,0.74335,16.40,1.00
2010.05.26 03:40:14.476,0.7431,0.7434,16.40,5.70
2010.05.26 03:40:14.596,0.7431,0.74335,14.00,2.40
2010.05.26 03:40:14.826,0.7431,0.7434,16.40,4.00
2010.05.26 03:40:14.946,0.7431,0.7434,16.40,5.60
2010.05.26 03:40:15.207,0.7431,0.74335,16.40,1.00
2010.05.26 03:40:15.466,0.7431,0.74335,14.00,2.50
2010.05.26 03:40:15.726,0.7431,0.74335,16.40,1.00
2010.05.26 03:40:15.987,0.7431,0.74335,5.60,2.40
2010.05.26 03:40:16.620,0.7431,0.74335,3.20,4.80
2010.05.26 03:40:17.217,0.7431,0.74335,3.20,4.90
2010.05.26 03:40:21.278,0.7431,0.74335,5.60,2.40
2010.05.26 03:40:21.407,0.7431,0.74335,3.20,4.80
2010.05.26 03:40:21.538,0.74315,0.74335,1.60,2.40
2010.05.26 03:40:21.697,0.74315,0.7434,1.60,12.00
2010.05.26 03:40:21.856,0.74315,0.7434,1.60,4.00
2010.05.26 03:40:22.176,0.74315,0.7434,1.60,6.40
2010.05.26 03:40:22.806,0.7431,0.7434,10.00,6.40
2010.05.26 03:40:23.631,0.7431,0.74335,1.60,4.90
2010.05.26 03:40:23.995,0.7431,0.74335,1.60,2.50
2010.05.26 03:40:24.116,0.7431,0.74335,1.60,4.90
2010.05.26 03:40:24.868,0.7431,0.7433,1.60,2.40
2010.05.26 03:40:24.999,0.743,0.7433,3.20,2.40
2010.05.26 03:40:26.016,0.743,0.7433,3.30,2.40
2010.05.26 03:40:26.156,0.74305,0.7433,1.60,2.40
2010.05.26 03:40:26.298,0.74305,0.7433,4.80,2.40
2010.05.26 03:40:27.339,0.74305,0.7433,5.60,2.40
2010.05.26 03:40:27.852,0.74305,0.7433,5.60,4.00
2010.05.26 03:40:27.969,0.74305,0.7433,1.60,4.00
2010.05.26 03:40:30.245,0.74305,0.7433,1.60,4.10
2010.05.26 03:40:30.865,0.74305,0.7433,1.60,4.00
2010.05.26 03:40:30.966,0.74305,0.74325,1.60,2.40
2010.05.26 03:40:31.077,0.743,0.74325,3.20,2.40
2010.05.26 03:40:31.548,0.743,0.7433,7.20,4.00
2010.05.26 03:40:32.585,0.743,0.7433,7.20,4.10
2010.05.26 03:40:32.655,0.743,0.7433,5.60,4.10
2010.05.26 03:40:33.536,0.743,0.7433,5.60,4.00
2010.05.26 03:40:33.604,0.743,0.7433,7.20,4.00
2010.05.26 03:40:34.745,0.743,0.74325,5.60,2.40
2010.05.26 03:40:34.986,0.743,0.74325,4.00,2.40
2010.05.26 03:40:37.997,0.743,0.74325,3.60,2.40
2010.05.26 03:40:39.517,0.743,0.7432,3.20,1.60
2010.05.26 03:40:39.738,0.74295,0.7432,3.20,4.00
2010.05.26 03:40:41.426,0.74295,0.7432,1.60,4.00
2010.05.26 03:40:41.656,0.7429,0.7432,11.60,4.00
2010.05.26 03:40:43.403,0.7429,0.7432,11.60,5.60
2010.05.26 03:40:43.756,0.7429,0.7432,11.60,4.00
2010.05.26 03:40:43.825,0.7429,0.74325,14.00,16.00
2010.05.26 03:40:43.886,0.74295,0.74325,2.00,9.60
2010.05.26 03:40:43.955,0.74295,0.74325,2.00,5.60
2010.05.26 03:40:44.016,0.74295,0.7432,2.00,1.60
2010.05.26 03:40:44.086,0.74295,0.7432,1.60,1.60
2010.05.26 03:40:44.155,0.74295,0.7432,1.60,4.00
2010.05.26 03:40:44.406,0.7429,0.7432,11.60,4.00
2010.05.26 03:40:45.771,0.74305,0.74325,1.60,10.40
2010.05.26 03:40:45.880,0.74305,0.7433,1.60,5.60
2010.05.26 03:40:45.981,0.74305,0.7433,5.20,4.00
2010.05.26 03:40:46.370,0.7431,0.74335,4.00,6.40
2010.05.26 03:40:46.474,0.7432,0.7434,1.60,4.00
2010.05.26 03:40:46.827,0.74315,0.7434,7.60,8.00
2010.05.26 03:40:47.173,0.74315,0.74345,7.60,7.60
2010.05.26 03:40:48.166,0.74315,0.7434,5.60,7.20
2010.05.26 03:40:48.509,0.7431,0.74335,3.60,2.40
2010.05.26 03:40:48.726,0.7431,0.74335,2.00,2.40
2010.05.26 03:40:49.986,0.74315,0.74335,2.00,2.40
2010.05.26 03:40:50.498,0.74315,0.7434,2.00,4.00
2010.05.26 03:40:50.696,0.74315,0.7434,1.60,5.60
2010.05.26 03:40:52.865,0.74315,0.7434,1.60,4.00
2010.05.26 03:40:53.176,0.74315,0.7434,1.60,4.10
2010.05.26 03:40:53.537,0.7431,0.7434,8.40,7.30
2010.05.26 03:40:53.646,0.7431,0.7433,1.00,2.40
2010.05.26 03:40:53.817,0.74305,0.7433,19.60,4.00
2010.05.26 03:40:53.991,0.74305,0.7433,9.20,4.00
2010.05.26 03:40:55.827,0.7431,0.74335,1.00,4.10
2010.05.26 03:40:56.168,0.7431,0.7434,1.00,18.50
2010.05.26 03:40:57.500,0.74305,0.7434,17.20,18.50
2010.05.26 03:40:57.706,0.74305,0.74335,17.20,1.60
2010.05.26 03:40:57.920,0.74305,0.74335,11.20,5.60
2010.05.26 03:40:58.258,0.743,0.74335,18.00,14.40
2010.05.26 03:40:58.619,0.743,0.7433,18.00,1.60
2010.05.26 03:41:00.277,0.743,0.74335,18.00,16.10
2010.05.26 03:41:00.626,0.74305,0.74335,2.00,16.00
2010.05.26 03:41:01.061,0.743,0.74325,5.60,4.00
2010.05.26 03:41:01.149,0.74295,0.74325,4.80,12.00
2010.05.26 03:41:01.490,0.74295,0.74325,10.80,6.40
2010.05.26 03:41:01.837,0.743,0.74325,1.00,1.60
2010.05.26 03:41:02.178,0.743,0.7433,1.00,16.00
2010.05.26 03:41:02.712,0.743,0.74325,1.00,4.00
2010.05.26 03:41:03.229,0.743,0.7433,4.40,13.60
2010.05.26 03:41:03.486,0.743,0.7433,4.40,12.00
2010.05.26 03:41:03.746,0.743,0.7433,6.00,12.00
2010.05.26 03:41:04.645,0.743,0.7433,6.00,12.10
2010.05.26 03:41:05.014,0.743,0.74325,6.00,1.60
2010.05.26 03:41:05.163,0.743,0.7432,1.60,1.60
2010.05.26 03:41:05.309,0.743,0.7433,4.00,17.70
2010.05.26 03:41:05.449,0.743,0.7433,4.40,13.70
2010.05.26 03:41:05.787,0.743,0.7433,6.00,13.70
2010.05.26 03:41:06.632,0.743,0.7433,6.00,13.60
2010.05.26 03:41:07.138,0.74305,0.7433,4.40,5.60
2010.05.26 03:41:07.250,0.74305,0.7433,4.40,4.00
2010.05.26 03:41:08.307,0.743,0.7433,17.20,4.00
2010.05.26 03:41:08.598,0.743,0.74325,2.40,2.40
2010.05.26 03:41:08.938,0.743,0.74325,2.40,1.60
2010.05.26 03:41:09.119,0.743,0.74325,2.00,1.60
2010.05.26 03:41:10.305,0.743,0.7433,2.00,7.30
2010.05.26 03:41:10.626,0.743,0.7433,4.00,7.30
2010.05.26 03:41:11.580,0.743,0.7433,5.20,5.60
2010.05.26 03:41:12.495,0.743,0.7433,5.20,5.70
2010.05.26 03:41:12.946,0.74305,0.7433,1.60,5.60
2010.05.26 03:41:13.047,0.74305,0.7433,4.00,5.60
2010.05.26 03:41:13.146,0.74305,0.7433,6.40,5.60
2010.05.26 03:41:13.615,0.74305,0.7433,6.40,5.70
2010.05.26 03:41:13.706,0.74305,0.7433,6.40,5.60
2010.05.26 03:41:13.805,0.74305,0.7433,6.40,4.00
2010.05.26 03:41:14.096,0.74305,0.7433,6.40,4.10
2010.05.26 03:41:15.367,0.74305,0.7433,6.40,4.00
2010.05.26 03:41:15.797,0.74305,0.7433,4.40,4.10
2010.05.26 03:41:16.018,0.74305,0.7433,2.80,4.00
2010.05.26 03:41:16.238,0.743,0.7433,11.60,5.70
2010.05.26 03:41:16.852,0.743,0.7433,5.20,5.70
2010.05.26 03:41:16.869,0.743,0.7433,7.60,3.30
2010.05.26 03:41:17.173,0.74305,0.74335,3.60,10.50
2010.05.26 03:41:17.468,0.74305,0.74335,5.60,10.50
2010.05.26 03:41:20.297,0.74305,0.74335,7.30,10.40
2010.05.26 03:41:20.690,0.74315,0.74335,5.60,2.40
2010.05.26 03:41:20.799,0.7432,0.74345,1.00,4.40
2010.05.26 03:41:20.906,0.7432,0.74345,1.00,2.00
2010.05.26 03:41:21.236,0.7432,0.74345,2.40,1.00
2010.05.26 03:41:21.457,0.74325,0.74345,1.00,1.00
2010.05.26 03:41:21.567,0.74325,0.74345,6.40,1.00
2010.05.26 03:41:22.469,0.74325,0.74345,4.00,3.60
2010.05.26 03:41:22.814,0.74315,0.74335,1.00,2.40
2010.05.26 03:41:23.050,0.74315,0.7434,3.20,10.40
2010.05.26 03:41:23.288,0.74315,0.74345,17.60,7.60
2010.05.26 03:41:23.822,0.74315,0.74345,19.20,6.00
2010.05.26 03:41:24.062,0.74315,0.74345,17.20,7.60
2010.05.26 03:41:28.135,0.74315,0.74345,14.80,7.60
2010.05.26 03:41:28.236,0.74315,0.74345,13.20,7.60
2010.05.26 03:41:28.305,0.74315,0.74345,12.80,7.60
2010.05.26 03:41:28.327,0.74315,0.74345,9.60,7.60
2010.05.26 03:41:28.345,0.74315,0.74345,9.60,10.00
2010.05.26 03:41:28.366,0.74315,0.74345,5.60,14.00
2010.05.26 03:41:28.386,0.74315,0.74345,4.00,14.00
2010.05.26 03:41:28.430,0.7431,0.74345,20.10,18.00
2010.05.26 03:41:33.247,0.7431,0.7434,20.10,1.60
2010.05.26 03:41:33.696,0.74315,0.74345,4.40,18.00
2010.05.26 03:41:34.037,0.7432,0.74345,10.40,4.40
2010.05.26 03:41:34.377,0.7432,0.74345,12.00,1.00
2010.05.26 03:41:38.229,0.74325,0.74345,1.60,1.00
2010.05.26 03:41:38.514,0.7433,0.74345,4.80,1.00
2010.05.26 03:41:38.789,0.7433,0.74345,6.40,1.00
2010.05.26 03:41:39.298,0.7433,0.7436,6.40,7.20
2010.05.26 03:41:39.527,0.7433,0.7436,8.00,5.60
2010.05.26 03:41:40.068,0.7433,0.7436,8.00,4.00
2010.05.26 03:41:40.308,0.7433,0.7436,7.60,4.00
2010.05.26 03:41:41.006,0.7433,0.7436,8.00,4.00
2010.05.26 03:41:41.586,0.7433,0.7436,7.60,4.00
2010.05.26 03:41:46.726,0.74335,0.7436,3.20,1.60
2010.05.26 03:41:47.063,0.74335,0.74365,3.20,18.40
2010.05.26 03:41:47.180,0.74335,0.7436,1.60,4.00
2010.05.26 03:41:47.406,0.7433,0.7436,9.20,4.00
2010.05.26 03:41:48.547,0.7433,0.7436,13.20,4.00
2010.05.26 03:41:50.536,0.74335,0.7436,4.00,2.40
2010.05.26 03:41:50.780,0.74335,0.7436,4.80,2.40
2010.05.26 03:41:50.917,0.74335,0.7436,4.80,4.00
2010.05.26 03:41:51.059,0.74335,0.7436,4.00,4.00
2010.05.26 03:41:51.480,0.7433,0.7436,18.80,4.00
2010.05.26 03:41:51.621,0.7433,0.7436,17.20,4.00
2010.05.26 03:41:51.969,0.7433,0.7436,13.60,4.00
2010.05.26 03:42:03.776,0.7433,0.74355,12.00,1.60
2010.05.26 03:42:05.808,0.74335,0.74355,8.80,1.60
2010.05.26 03:42:06.027,0.74335,0.74365,10.40,5.60
2010.05.26 03:42:06.841,0.74335,0.74365,8.80,5.60
2010.05.26 03:42:12.717,0.74335,0.7436,1.60,4.00
2010.05.26 03:42:13.116,0.7433,0.7436,13.60,4.00
2010.05.26 03:42:13.197,0.7433,0.7436,9.60,4.00
2010.05.26 03:42:14.625,0.7433,0.7436,9.20,4.00
2010.05.26 03:42:15.558,0.74335,0.7436,8.00,4.00
2010.05.26 03:42:15.708,0.7434,0.74365,4.40,4.80
2010.05.26 03:42:15.856,0.7434,0.74365,4.40,3.20
2010.05.26 03:42:16.156,0.7434,0.74365,6.00,3.20
2010.05.26 03:42:16.649,0.7434,0.74365,6.00,1.60
2010.05.26 03:42:20.077,0.7434,0.74365,6.00,3.20
2010.05.26 03:42:20.206,0.7434,0.74365,4.40,3.20
2010.05.26 03:42:20.466,0.7434,0.74365,4.00,3.20
2010.05.26 03:42:20.596,0.7434,0.74365,4.00,4.80
2010.05.26 03:42:21.426,0.7434,0.74365,4.40,3.20
2010.05.26 03:42:23.766,0.7434,0.74365,4.40,1.60
2010.05.26 03:42:26.076,0.7434,0.74365,4.50,1.60
2010.05.26 03:42:26.409,0.7435,0.74375,1.60,7.20
2010.05.26 03:42:27.067,0.74345,0.74375,10.40,7.30
2010.05.26 03:42:27.227,0.7434,0.74375,19.70,15.20
2010.05.26 03:42:27.385,0.7434,0.74375,18.10,17.60
2010.05.26 03:42:28.185,0.7434,0.74375,18.10,18.40
2010.05.26 03:42:28.366,0.7434,0.7437,16.50,1.60
2010.05.26 03:42:31.148,0.7434,0.7437,16.40,1.60
2010.05.26 03:42:31.266,0.7434,0.7437,16.40,3.20
2010.05.26 03:42:31.635,0.7434,0.7437,16.50,3.20
2010.05.26 03:42:33.494,0.7434,0.7437,16.50,1.60
2010.05.26 03:42:36.032,0.74345,0.74375,10.80,8.80
2010.05.26 03:42:36.272,0.7435,0.74375,1.60,4.80
2010.05.26 03:42:36.510,0.7435,0.74375,8.40,3.20
2010.05.26 03:42:36.737,0.7435,0.74375,8.40,2.40
2010.05.26 03:42:40.036,0.74355,0.74375,1.00,2.40
2010.05.26 03:42:40.208,0.74355,0.74375,4.50,1.60
2010.05.26 03:42:40.378,0.7436,0.7438,2.40,1.60
2010.05.26 03:42:41.807,0.7436,0.74385,2.80,3.20
2010.05.26 03:42:46.095,0.7436,0.74385,2.80,3.20
2010.05.26 03:42:46.215,0.7436,0.74385,2.90,3.20
2010.05.26 03:42:46.576,0.7436,0.74385,2.90,2.40
2010.05.26 03:42:46.696,0.7436,0.74385,2.80,1.00
2010.05.26 03:42:46.817,0.74355,0.74385,19.70,2.40
2010.05.26 03:42:46.936,0.74355,0.74385,15.70,2.40
2010.05.26 03:42:47.056,0.74355,0.74385,13.30,2.40
2010.05.26 03:42:47.707,0.74355,0.74385,13.20,2.40
2010.05.26 03:42:48.136,0.74355,0.74385,13.30,2.40
2010.05.26 03:42:48.455,0.74355,0.74385,13.20,2.40
2010.05.26 03:42:49.580,0.74355,0.74385,13.30,2.40
2010.05.26 03:42:50.749,0.7435,0.74375,1.60,4.00
2010.05.26 03:42:51.527,0.74345,0.74375,14.10,4.00
2010.05.26 03:42:53.237,0.7435,0.74375,1.60,4.00
2010.05.26 03:42:53.997,0.7435,0.74375,3.20,4.00
2010.05.26 03:42:54.127,0.7435,0.7438,11.20,12.00
2010.05.26 03:42:54.256,0.7435,0.7438,11.20,9.60
2010.05.26 03:42:54.796,0.7435,0.7438,11.20,5.60
2010.05.26 03:42:54.925,0.7435,0.7438,9.60,5.60
2010.05.26 03:42:55.055,0.7435,0.7438,9.60,4.00
2010.05.26 03:42:55.597,0.7435,0.7438,9.60,5.60
2010.05.26 03:42:56.163,0.7435,0.7438,11.20,2.40
2010.05.26 03:42:56.557,0.7435,0.7438,11.20,4.00
2010.05.26 03:42:56.697,0.7435,0.7438,9.70,5.60
2010.05.26 03:42:57.095,0.7435,0.7438,9.60,5.60
2010.05.26 03:42:57.226,0.7435,0.7438,9.70,7.20
2010.05.26 03:42:57.715,0.7435,0.7438,10.10,7.20
2010.05.26 03:42:57.935,0.7435,0.7438,10.10,5.60
2010.05.26 03:42:58.045,0.7435,0.7438,9.70,5.60
2010.05.26 03:42:58.156,0.7435,0.7438,9.60,5.60
2010.05.26 03:42:58.267,0.7435,0.74375,7.20,4.00
2010.05.26 03:42:58.488,0.7435,0.74375,3.20,4.00
2010.05.26 03:42:59.957,0.74355,0.74375,1.60,2.40
2010.05.26 03:43:00.319,0.7435,0.74375,4.80,4.00
2010.05.26 03:43:00.498,0.7435,0.7438,4.80,16.10
2010.05.26 03:43:01.153,0.7435,0.74375,3.20,4.00
2010.05.26 03:43:01.758,0.74345,0.7437,10.00,1.60
2010.05.26 03:43:02.059,0.7434,0.7437,19.70,1.60
2010.05.26 03:43:02.358,0.7434,0.74365,15.70,4.00
2010.05.26 03:43:02.659,0.7434,0.7437,7.70,12.00
2010.05.26 03:43:02.847,0.7434,0.7437,18.10,1.60
2010.05.26 03:43:04.506,0.74345,0.7437,1.00,1.60
2010.05.26 03:43:04.688,0.74345,0.7437,10.00,1.60
2010.05.26 03:43:05.222,0.7434,0.7437,17.70,1.60
2010.05.26 03:43:05.531,0.74345,0.74375,8.00,4.00
2010.05.26 03:43:05.807,0.74345,0.74375,8.00,1.60
2010.05.26 03:43:06.637,0.74345,0.74375,10.50,1.60
2010.05.26 03:43:10.397,0.7435,0.74375,2.40,1.60
2010.05.26 03:43:10.588,0.7435,0.74375,8.00,1.60
2010.05.26 03:43:12.199,0.7436,0.7438,4.40,1.60
2010.05.26 03:43:12.379,0.7436,0.7438,2.40,3.20
2010.05.26 03:43:12.783,0.7435,0.7438,12.00,5.60
2010.05.26 03:43:13.015,0.7435,0.74375,8.40,1.60
2010.05.26 03:43:13.246,0.7435,0.74355,2.40,1.60
2010.05.26 03:43:13.476,0.74335,0.7435,1.60,2.40
2010.05.26 03:43:14.278,0.74325,0.7435,5.60,2.80
2010.05.26 03:43:16.017,0.74325,0.7435,7.20,2.80
2010.05.26 03:43:16.219,0.74325,0.74355,15.20,4.40
2010.05.26 03:43:16.416,0.74325,0.74355,19.20,4.40
2010.05.26 03:43:17.506,0.74325,0.74355,19.30,4.40
2010.05.26 03:43:17.746,0.7433,0.74355,3.20,4.00
2010.05.26 03:43:18.187,0.7433,0.74355,3.30,4.00
2010.05.26 03:43:18.808,0.7433,0.74355,4.90,4.00
2010.05.26 03:43:19.011,0.7434,0.7436,4.00,2.40
2010.05.26 03:43:19.229,0.74345,0.7437,8.80,3.60
2010.05.26 03:43:19.696,0.74345,0.7437,4.80,3.60
2010.05.26 03:43:19.920,0.7434,0.74375,15.60,13.20
2010.05.26 03:43:20.136,0.7434,0.74375,15.60,12.40
2010.05.26 03:43:21.407,0.7434,0.7437,13.70,4.40
2010.05.26 03:43:21.536,0.7434,0.7437,14.10,4.00
2010.05.26 03:43:21.666,0.7434,0.7437,15.70,2.40
2010.05.26 03:43:21.796,0.7434,0.74375,15.70,12.40
2010.05.26 03:43:23.589,0.7434,0.7437,14.10,1.60
2010.05.26 03:43:23.710,0.7434,0.7436,5.70,2.00
2010.05.26 03:43:23.827,0.7434,0.7436,5.60,2.00
2010.05.26 03:43:23.947,0.74335,0.7436,7.20,2.00
2010.05.26 03:43:24.636,0.74345,0.7436,4.00,2.00
2010.05.26 03:43:24.796,0.74335,0.7436,3.20,2.00
2010.05.26 03:43:26.537,0.74335,0.7436,4.80,2.00
2010.05.26 03:43:26.651,0.74335,0.7436,5.20,2.00
2010.05.26 03:43:26.757,0.74335,0.74365,15.60,4.40
2010.05.26 03:43:26.867,0.74335,0.74365,18.80,1.00
2010.05.26 03:43:26.976,0.7434,0.74365,1.60,1.00
2010.05.26 03:43:27.086,0.7434,0.7437,1.60,8.40
2010.05.26 03:43:27.476,0.7434,0.7437,1.60,10.00
2010.05.26 03:43:29.377,0.7434,0.74365,1.60,2.40
2010.05.26 03:43:34.448,0.7434,0.74355,1.60,1.60
2010.05.26 03:43:34.527,0.74335,0.74355,8.00,1.60
2010.05.26 03:43:34.915,0.74335,0.74355,3.20,1.60
2010.05.26 03:43:39.116,0.74335,0.7436,3.20,10.80
2010.05.26 03:43:39.359,0.74335,0.7436,3.20,2.00
2010.05.26 03:43:42.451,0.7433,0.74355,3.20,1.00
2010.05.26 03:43:43.598,0.7433,0.74355,3.20,4.40
2010.05.26 03:43:43.748,0.7433,0.74355,3.20,2.80
2010.05.26 03:43:43.897,0.7433,0.74355,3.20,1.00
2010.05.26 03:43:46.798,0.7433,0.7435,1.60,2.40
2010.05.26 03:43:46.929,0.7433,0.74355,1.60,16.40
2010.05.26 03:43:47.058,0.7433,0.74355,1.60,14.80
2010.05.26 03:43:47.186,0.7433,0.74355,1.60,10.80
2010.05.26 03:43:47.707,0.7433,0.74355,1.60,12.40
2010.05.26 03:43:47.869,0.74325,0.7435,1.60,4.40
2010.05.26 03:43:48.808,0.74325,0.74345,1.60,1.60
2010.05.26 03:43:49.518,0.74325,0.7435,1.60,2.80
2010.05.26 03:43:49.727,0.74325,0.7435,1.60,1.00
2010.05.26 03:43:51.786,0.74325,0.7435,1.60,2.00
2010.05.26 03:43:52.936,0.74325,0.7435,1.60,1.00
2010.05.26 03:43:53.427,0.74325,0.7435,1.60,2.00
2010.05.26 03:43:54.966,0.74325,0.7435,2.40,1.00
2010.05.26 03:43:55.107,0.74325,0.7435,12.00,2.00
2010.05.26 03:43:55.248,0.7433,0.74355,2.40,6.80
2010.05.26 03:43:55.386,0.7433,0.74355,2.40,3.60
2010.05.26 03:43:55.525,0.7433,0.74355,4.00,3.60
2010.05.26 03:43:55.827,0.74325,0.74355,18.50,6.00
2010.05.26 03:43:56.136,0.74325,0.74355,18.50,4.40
2010.05.26 03:43:56.780,0.7432,0.74345,17.60,1.00
2010.05.26 03:43:56.911,0.7432,0.7435,5.60,10.00
2010.05.26 03:43:57.167,0.7432,0.7435,5.60,6.00
2010.05.26 03:43:57.296,0.7432,0.74345,5.60,1.00
2010.05.26 03:43:57.686,0.7432,0.74345,5.70,1.00
2010.05.26 03:43:58.965,0.7432,0.74345,5.60,1.00
2010.05.26 03:43:59.136,0.7432,0.7435,5.60,6.00
2010.05.26 03:44:01.275,0.7432,0.7435,7.20,4.40
2010.05.26 03:44:02.687,0.74325,0.7435,4.00,4.40
2010.05.26 03:44:02.745,0.74325,0.7435,8.00,4.40
2010.05.26 03:44:02.897,0.74325,0.7435,10.40,4.40
2010.05.26 03:44:03.067,0.74325,0.7435,10.40,2.80
2010.05.26 03:44:03.472,0.7433,0.7435,4.00,1.00
2010.05.26 03:44:03.532,0.7433,0.74355,5.60,7.20
2010.05.26 03:44:03.586,0.7433,0.74355,8.00,3.20
2010.05.26 03:44:03.647,0.7433,0.74355,8.00,1.60
2010.05.26 03:44:03.757,0.7433,0.74355,12.00,1.60
2010.05.26 03:44:03.816,0.7433,0.7436,14.40,6.80
2010.05.26 03:44:03.905,0.7433,0.7436,14.40,5.20
2010.05.26 03:44:04.248,0.7433,0.7436,14.40,3.60
2010.05.26 03:44:05.335,0.7433,0.7436,4.00,3.60
2010.05.26 03:44:05.537,0.74335,0.7436,1.00,3.60
2010.05.26 03:44:06.557,0.7433,0.7436,4.10,3.60
2010.05.26 03:44:07.917,0.7433,0.7436,4.50,3.60
2010.05.26 03:44:09.382,0.74345,0.7436,8.00,1.60
2010.05.26 03:44:09.632,0.74345,0.7437,8.00,5.20
2010.05.26 03:44:09.879,0.74345,0.7437,8.00,3.20
2010.05.26 03:44:10.349,0.74345,0.7437,8.00,1.00
2010.05.26 03:44:10.818,0.74345,0.7437,9.60,1.00
2010.05.26 03:44:11.058,0.7435,0.74375,2.40,2.00
2010.05.26 03:44:12.049,0.7435,0.7438,2.40,18.00
2010.05.26 03:44:12.376,0.7435,0.7438,4.00,18.00
2010.05.26 03:44:14.479,0.7435,0.7438,6.50,11.60
2010.05.26 03:44:14.628,0.7435,0.7438,8.10,2.00
2010.05.26 03:44:14.777,0.7436,0.7438,4.00,1.60
2010.05.26 03:44:14.931,0.74365,0.7438,10.00,1.60
2010.05.26 03:44:15.091,0.74365,0.74385,10.80,1.60
2010.05.26 03:44:15.432,0.74365,0.74385,6.80,1.60
2010.05.26 03:44:15.783,0.74355,0.7438,11.20,2.00
2010.05.26 03:44:16.726,0.74355,0.7438,9.60,2.00
2010.05.26 03:44:17.237,0.74355,0.7438,6.40,2.00
2010.05.26 03:44:17.746,0.74355,0.7438,4.00,2.00
2010.05.26 03:44:18.218,0.74355,0.7438,6.40,2.00
2010.05.26 03:44:18.817,0.74355,0.7438,4.10,2.00
2010.05.26 03:44:19.096,0.74355,0.7438,6.50,2.00
2010.05.26 03:44:19.377,0.74355,0.7438,4.10,2.00
2010.05.26 03:44:19.657,0.74355,0.7438,6.40,2.00
2010.05.26 03:44:20.204,0.74355,0.7438,4.00,2.00
2010.05.26 03:44:20.463,0.74355,0.7438,6.40,2.00
2010.05.26 03:44:20.720,0.74365,0.74385,2.40,3.20
2010.05.26 03:44:20.928,0.7436,0.74385,4.80,1.00
2010.05.26 03:44:21.136,0.7436,0.74385,2.40,1.00
2010.05.26 03:44:21.556,0.7436,0.74385,4.80,1.00
2010.05.26 03:44:22.108,0.7436,0.7439,4.80,11.60
2010.05.26 03:44:22.657,0.7436,0.7439,4.90,11.60
2010.05.26 03:44:22.937,0.7436,0.7439,2.50,14.00
2010.05.26 03:44:23.050,0.7436,0.7439,2.40,14.00
2010.05.26 03:44:24.416,0.7436,0.7439,2.50,14.00
2010.05.26 03:44:24.747,0.7436,0.7439,4.90,11.60
2010.05.26 03:44:25.397,0.7436,0.7439,6.50,10.00
2010.05.26 03:44:25.548,0.74365,0.7439,1.60,4.00
2010.05.26 03:44:25.698,0.74365,0.74395,12.00,7.60
2010.05.26 03:44:25.849,0.74365,0.74395,13.60,7.60
2010.05.26 03:44:26.507,0.74365,0.74395,13.60,7.20
2010.05.26 03:44:27.416,0.74365,0.74395,13.70,7.20
2010.05.26 03:44:27.677,0.74365,0.74395,13.70,5.60
2010.05.26 03:44:30.818,0.7437,0.744,8.00,10.00
2010.05.26 03:44:31.370,0.74375,0.74395,1.60,1.60
2010.05.26 03:44:31.613,0.74375,0.744,1.60,5.60
2010.05.26 03:44:31.860,0.74375,0.744,8.00,4.80
2010.05.26 03:44:32.339,0.7437,0.74395,10.80,1.60
2010.05.26 03:44:32.904,0.74375,0.74405,8.00,10.80
2010.05.26 03:44:33.161,0.74375,0.74405,8.00,7.20
2010.05.26 03:44:34.017,0.74375,0.74405,8.40,7.60
2010.05.26 03:44:34.369,0.74375,0.74405,11.60,7.20
2010.05.26 03:44:37.069,0.7437,0.74405,10.10,18.00
2010.05.26 03:44:37.358,0.7437,0.744,10.00,1.60
2010.05.26 03:44:37.399,0.7437,0.744,9.60,2.00
2010.05.26 03:44:37.477,0.7437,0.744,9.60,3.60
2010.05.26 03:44:37.541,0.7437,0.744,8.00,5.20
2010.05.26 03:44:37.886,0.7437,0.74395,1.60,2.40
2010.05.26 03:44:38.160,0.7437,0.74395,1.60,4.00
2010.05.26 03:44:38.429,0.74365,0.74395,18.10,4.00
2010.05.26 03:44:38.957,0.74365,0.74395,16.50,5.60
2010.05.26 03:44:39.717,0.74365,0.74395,16.10,5.60
2010.05.26 03:44:40.208,0.74365,0.74395,12.00,8.00
2010.05.26 03:44:40.702,0.74365,0.74395,1.60,12.40
2010.05.26 03:44:41.456,0.74365,0.74395,1.60,12.00
2010.05.26 03:44:43.180,0.74365,0.74395,1.70,12.00
2010.05.26 03:44:43.251,0.74365,0.74395,2.10,12.00
2010.05.26 03:44:43.286,0.74365,0.74395,4.50,12.00
2010.05.26 03:44:43.351,0.74365,0.74395,4.50,12.80
2010.05.26 03:44:43.377,0.74365,0.74395,10.10,12.80
2010.05.26 03:44:43.406,0.74365,0.74395,8.50,12.80
2010.05.26 03:44:43.436,0.74365,0.74395,12.50,8.80
2010.05.26 03:44:43.864,0.74365,0.74395,14.90,6.40
2010.05.26 03:44:45.467,0.74365,0.74395,18.10,4.00
2010.05.26 03:44:46.646,0.74365,0.74395,18.10,2.40
2010.05.26 03:44:47.825,0.74365,0.74395,19.70,2.40
2010.05.26 03:44:49.018,0.74365,0.74395,20.40,2.40
2010.05.26 03:44:49.360,0.7437,0.744,8.00,2.40
2010.05.26 03:44:49.878,0.7437,0.744,9.20,2.40
2010.05.26 03:44:50.058,0.74375,0.74405,15.20,8.00
2010.05.26 03:44:50.236,0.74375,0.74405,15.20,5.60
2010.05.26 03:44:52.118,0.74375,0.74405,15.70,4.00
2010.05.26 03:44:52.268,0.7438,0.7441,5.60,3.20
2010.05.26 03:44:53.716,0.7438,0.74405,1.60,11.20
2010.05.26 03:44:54.061,0.74375,0.744,3.20,2.40
2010.05.26 03:44:54.607,0.74375,0.744,3.20,6.40
2010.05.26 03:44:54.879,0.7437,0.74395,3.20,2.40
2010.05.26 03:44:55.951,0.7437,0.744,9.60,4.80
2010.05.26 03:44:56.168,0.74375,0.744,3.20,2.40
2010.05.26 03:44:56.337,0.74375,0.744,3.20,2.80
2010.05.26 03:44:56.510,0.7437,0.74395,8.00,2.40
2010.05.26 03:44:56.677,0.7437,0.74395,3.20,2.40
2010.05.26 03:44:57.026,0.74375,0.74395,1.60,2.40
2010.05.26 03:44:57.206,0.74375,0.74395,4.00,2.40
2010.05.26 03:44:57.540,0.7437,0.74395,3.20,2.40
2010.05.26 03:45:01.487,0.7437,0.74395,7.20,2.40
2010.05.26 03:45:01.776,0.7437,0.744,9.60,4.00
2010.05.26 03:45:02.266,0.7437,0.74395,7.20,2.40
2010.05.26 03:45:02.386,0.7437,0.74395,3.20,2.40
2010.05.26 03:45:05.046,0.7437,0.744,5.60,10.40
2010.05.26 03:45:05.246,0.7437,0.74405,9.60,18.10
2010.05.26 03:45:08.516,0.7437,0.744,9.60,1.00
2010.05.26 03:45:08.596,0.7437,0.74395,7.20,2.40
2010.05.26 03:45:08.846,0.7437,0.74395,3.20,2.40
2010.05.26 03:45:10.042,0.7437,0.7439,1.60,1.60
2010.05.26 03:45:10.390,0.74365,0.7439,8.00,1.60
2010.05.26 03:45:10.750,0.7437,0.74395,2.40,5.60
2010.05.26 03:45:10.928,0.74365,0.7439,8.00,1.60
2010.05.26 03:45:11.287,0.74365,0.7439,5.60,1.60
2010.05.26 03:45:12.073,0.74365,0.7439,8.00,1.60
2010.05.26 03:45:12.536,0.74365,0.7439,8.10,1.60
2010.05.26 03:45:12.886,0.74365,0.7439,4.10,4.00
2010.05.26 03:45:13.057,0.7436,0.7439,12.00,8.40
2010.05.26 03:45:13.227,0.7436,0.7439,2.40,13.60
2010.05.26 03:45:13.567,0.7436,0.7439,2.40,14.40
2010.05.26 03:45:20.298,0.7436,0.7439,2.40,12.80
2010.05.26 03:45:20.366,0.7436,0.7439,2.50,12.80
2010.05.26 03:45:20.507,0.7436,0.7439,4.00,12.80
2010.05.26 03:45:20.576,0.7436,0.7439,10.40,6.40
2010.05.26 03:45:20.648,0.7436,0.7439,8.00,12.00
2010.05.26 03:45:20.716,0.7436,0.7439,4.00,13.60
2010.05.26 03:45:21.105,0.7436,0.7439,4.10,13.60
2010.05.26 03:45:21.176,0.7436,0.7439,4.00,13.60
2010.05.26 03:45:21.315,0.7436,0.7439,4.00,12.00
2010.05.26 03:45:21.736,0.7436,0.7439,4.10,12.00
2010.05.26 03:45:22.428,0.7436,0.7439,6.50,9.60
2010.05.26 03:45:22.769,0.7436,0.7439,6.50,10.00
2010.05.26 03:45:22.875,0.7436,0.7439,6.50,9.60
2010.05.26 03:45:24.566,0.7436,0.7439,6.50,10.00
2010.05.26 03:45:24.727,0.7436,0.7439,4.00,14.00
2010.05.26 03:45:24.887,0.7436,0.7439,2.40,14.00
2010.05.26 03:45:25.047,0.7436,0.74385,2.40,1.60
2010.05.26 03:45:25.476,0.7436,0.74385,2.40,3.20
2010.05.26 03:45:26.259,0.7436,0.74385,2.40,3.60
2010.05.26 03:45:29.065,0.7436,0.74385,2.40,4.40
2010.05.26 03:45:29.156,0.74355,0.7438,16.00,1.60
2010.05.26 03:45:29.247,0.74355,0.74375,10.40,1.00
2010.05.26 03:45:29.336,0.74355,0.74375,6.40,1.00
2010.05.26 03:45:29.426,0.74355,0.74375,4.00,1.00
2010.05.26 03:45:29.630,0.74355,0.7437,4.00,1.00
2010.05.26 03:45:30.124,0.7435,0.7437,2.40,7.60
2010.05.26 03:45:30.325,0.7433,0.74355,6.40,4.80
2010.05.26 03:45:30.521,0.74325,0.7435,2.40,2.80
2010.05.26 03:45:30.856,0.7432,0.74355,4.80,18.00
2010.05.26 03:45:31.210,0.7432,0.74355,4.80,16.40
2010.05.26 03:45:31.554,0.7432,0.7435,6.00,4.00
2010.05.26 03:45:31.902,0.7433,0.74355,4.00,4.00
2010.05.26 03:45:32.248,0.7433,0.74355,4.00,2.40
2010.05.26 03:45:32.928,0.7433,0.74355,8.00,1.00
2010.05.26 03:45:33.542,0.7433,0.74355,16.00,1.00
2010.05.26 03:45:33.714,0.7434,0.74355,8.00,1.00
2010.05.26 03:45:33.879,0.74335,0.74355,7.60,1.00
2010.05.26 03:45:34.219,0.74335,0.74355,1.60,1.00
2010.05.26 03:45:34.558,0.7433,0.74355,3.20,1.00
2010.05.26 03:45:34.899,0.7434,0.74355,2.40,1.00
2010.05.26 03:45:35.138,0.74345,0.74355,8.00,1.00
2010.05.26 03:45:35.722,0.74335,0.74355,9.60,1.00
2010.05.26 03:45:35.973,0.74335,0.74355,5.60,1.00
2010.05.26 03:45:37.198,0.7434,0.74355,10.80,1.00
2010.05.26 03:45:37.372,0.7434,0.74355,14.40,1.00
2010.05.26 03:45:37.537,0.7434,0.74355,13.60,1.00
2010.05.26 03:45:39.485,0.7434,0.74355,13.70,1.00
2010.05.26 03:45:40.806,0.7434,0.74355,15.30,1.00
2010.05.26 03:45:40.907,0.74345,0.74355,4.00,1.00
2010.05.26 03:45:41.017,0.74345,0.74355,5.60,1.00
2010.05.26 03:45:41.127,0.74345,0.74355,9.70,1.00
2010.05.26 03:45:41.237,0.7435,0.74355,2.40,1.00
2010.05.26 03:45:41.588,0.7435,0.74355,2.40,1.00
2010.05.26 03:45:42.268,0.7435,0.74365,2.40,1.00
2010.05.26 03:45:42.706,0.7435,0.74365,4.00,1.00
2010.05.26 03:45:43.166,0.7435,0.74365,2.40,1.00
2010.05.26 03:45:45.577,0.7435,0.74365,4.00,1.00
2010.05.26 03:45:45.947,0.7435,0.74365,6.40,1.00
2010.05.26 03:45:46.066,0.7435,0.74365,8.00,1.00
2010.05.26 03:45:46.176,0.7435,0.74365,5.60,1.00
2010.05.26 03:45:46.295,0.7435,0.74365,4.00,1.00
2010.05.26 03:45:46.876,0.7435,0.74365,8.00,1.00
2010.05.26 03:45:47.139,0.74355,0.74365,6.40,1.00
2010.05.26 03:45:47.398,0.7436,0.74365,2.40,1.00
2010.05.26 03:45:47.657,0.7436,0.7439,2.40,13.60
2010.05.26 03:45:49.847,0.7436,0.7439,2.40,12.00
2010.05.26 03:45:51.176,0.7436,0.7439,2.50,12.00
2010.05.26 03:45:51.604,0.7436,0.7439,4.80,7.20
2010.05.26 03:45:51.615,0.7436,0.7439,6.40,5.60
2010.05.26 03:45:51.669,0.7436,0.7439,5.70,10.40
2010.05.26 03:45:54.136,0.7436,0.7439,5.60,10.40
2010.05.26 03:45:54.276,0.7436,0.7439,5.60,12.00
2010.05.26 03:45:55.157,0.7436,0.7439,5.70,12.00
2010.05.26 03:45:58.840,0.7436,0.7439,5.60,12.00
2010.05.26 03:45:59.255,0.7436,0.7439,2.40,13.60
2010.05.26 03:46:04.182,0.7436,0.7438,2.40,1.60
2010.05.26 03:46:04.507,0.74355,0.7438,7.20,1.60
2010.05.26 03:46:04.987,0.74355,0.7438,2.40,1.60
2010.05.26 03:46:05.150,0.7435,0.7438,3.20,4.00
2010.05.26 03:46:06.916,0.7435,0.74375,3.20,1.60
2010.05.26 03:46:06.998,0.7435,0.74375,1.60,4.00
2010.05.26 03:46:07.076,0.74345,0.74375,15.20,4.00
2010.05.26 03:46:07.157,0.74345,0.74355,11.20,1.00
2010.05.26 03:46:07.538,0.74345,0.74355,4.80,1.00
2010.05.26 03:46:07.621,0.74345,0.74355,1.60,1.00
2010.05.26 03:46:07.698,0.74345,0.74355,4.00,1.00
2010.05.26 03:46:08.099,0.74345,0.74355,9.60,1.00
2010.05.26 03:46:08.349,0.74345,0.74355,11.20,1.00
2010.05.26 03:46:09.748,0.7435,0.74375,2.40,1.60
2010.05.26 03:46:09.947,0.7435,0.74375,4.00,1.60
2010.05.26 03:46:11.101,0.74355,0.7438,4.00,5.20
2010.05.26 03:46:11.249,0.74355,0.7438,1.60,5.20
2010.05.26 03:46:11.398,0.7435,0.7438,7.20,5.20
2010.05.26 03:46:11.549,0.7435,0.74375,4.00,1.00
2010.05.26 03:46:11.698,0.74345,0.74375,13.60,1.00
2010.05.26 03:46:11.847,0.74345,0.74375,15.20,1.00
2010.05.26 03:46:13.931,0.7435,0.7438,1.60,12.40
2010.05.26 03:46:14.017,0.7435,0.7438,5.60,4.40
2010.05.26 03:46:18.066,0.7435,0.7438,5.70,4.40
2010.05.26 03:46:18.136,0.7435,0.7438,8.10,2.40
2010.05.26 03:46:18.207,0.74355,0.7438,4.00,1.60
2010.05.26 03:46:22.796,0.74355,0.7438,4.00,3.20
2010.05.26 03:46:22.877,0.74355,0.7438,4.00,5.20
2010.05.26 03:46:22.966,0.74355,0.7438,1.60,7.60
2010.05.26 03:46:23.409,0.74355,0.7438,1.60,4.00
2010.05.26 03:46:23.529,0.74355,0.7438,4.00,3.20
2010.05.26 03:46:24.367,0.74355,0.7438,4.00,1.60
2010.05.26 03:46:26.196,0.7435,0.7438,6.40,5.60
2010.05.26 03:46:26.336,0.7435,0.7438,4.10,4.00
2010.05.26 03:46:26.477,0.7435,0.74385,4.10,17.60
2010.05.26 03:46:26.939,0.7435,0.74385,16.10,6.40
2010.05.26 03:46:27.507,0.7435,0.7438,16.00,1.60
2010.05.26 03:46:27.696,0.7435,0.7438,16.00,4.00
2010.05.26 03:46:27.887,0.7435,0.7438,9.60,4.00
2010.05.26 03:46:28.076,0.7435,0.7438,5.60,4.00
2010.05.26 03:46:28.297,0.7435,0.74385,8.00,15.30
2010.05.26 03:46:28.528,0.7435,0.7438,14.40,4.00
2010.05.26 03:46:28.964,0.7435,0.7438,10.40,5.60
2010.05.26 03:46:29.270,0.7435,0.7438,5.60,4.00
2010.05.26 03:46:29.866,0.7435,0.7438,5.70,4.00
2010.05.26 03:46:30.340,0.7435,0.7438,6.10,4.00
2010.05.26 03:46:30.508,0.74355,0.7438,2.40,1.60
2010.05.26 03:46:31.017,0.74355,0.74385,2.40,4.80
2010.05.26 03:46:31.428,0.7436,0.74385,2.40,1.60
2010.05.26 03:46:32.999,0.7436,0.7439,10.40,8.00
2010.05.26 03:46:33.136,0.7436,0.7439,12.80,3.20
2010.05.26 03:46:33.444,0.7436,0.7439,12.90,3.20
2010.05.26 03:46:33.830,0.74365,0.7439,2.50,1.60
2010.05.26 03:46:34.018,0.74365,0.7439,14.50,1.60
2010.05.26 03:46:34.397,0.74365,0.74395,14.50,5.60
2010.05.26 03:46:34.939,0.74365,0.74395,16.10,5.60
2010.05.26 03:46:39.237,0.7437,0.74395,1.00,5.60
2010.05.26 03:46:39.451,0.74365,0.7439,4.00,4.00
2010.05.26 03:46:39.650,0.74365,0.7439,4.10,4.00
2010.05.26 03:46:41.246,0.74365,0.7439,4.00,4.00
2010.05.26 03:46:42.828,0.74365,0.7439,4.00,2.40
2010.05.26 03:46:42.941,0.74365,0.74395,9.60,12.00
2010.05.26 03:46:43.048,0.74365,0.74395,16.00,5.60
2010.05.26 03:46:44.588,0.74365,0.74395,16.10,5.60
2010.05.26 03:46:50.050,0.7437,0.74395,1.00,5.60
2010.05.26 03:46:51.757,0.7437,0.74395,2.50,1.60
2010.05.26 03:46:51.886,0.7437,0.74395,6.50,1.60
2010.05.26 03:46:52.158,0.7437,0.74395,6.40,1.60
2010.05.26 03:46:52.297,0.7437,0.74395,2.40,1.60
2010.05.26 03:46:52.437,0.74365,0.74395,7.30,4.00
2010.05.26 03:46:52.575,0.74365,0.74395,7.30,5.60
2010.05.26 03:46:53.686,0.7437,0.74395,1.00,4.00
2010.05.26 03:46:53.837,0.7437,0.74395,2.50,1.60
2010.05.26 03:46:55.847,0.74375,0.74395,1.60,1.60
2010.05.26 03:46:56.026,0.74375,0.74395,4.00,1.60
2010.05.26 03:46:56.206,0.74375,0.744,4.00,4.00
2010.05.26 03:46:56.396,0.74375,0.744,4.00,3.20
2010.05.26 03:46:56.887,0.74375,0.744,2.40,4.80
2010.05.26 03:46:57.501,0.74365,0.74395,17.70,2.40
2010.05.26 03:46:57.787,0.74365,0.74395,17.70,5.60
2010.05.26 03:46:59.498,0.7437,0.74395,2.50,3.20
2010.05.26 03:46:59.689,0.7437,0.74395,2.50,1.60
2010.05.26 03:47:00.908,0.7437,0.74395,2.40,1.60
2010.05.26 03:47:01.946,0.7437,0.74395,2.80,1.60
2010.05.26 03:47:02.181,0.74375,0.74395,2.40,3.20
2010.05.26 03:47:02.301,0.7437,0.74395,6.50,3.20
2010.05.26 03:47:02.797,0.7437,0.74395,2.50,3.20
2010.05.26 03:47:03.003,0.74375,0.74395,1.60,1.60
2010.05.26 03:47:03.202,0.74375,0.744,8.00,3.20
2010.05.26 03:47:04.678,0.74375,0.74405,8.50,4.80
2010.05.26 03:47:04.808,0.74375,0.74405,12.50,3.20
2010.05.26 03:47:04.937,0.74375,0.74405,12.00,4.80
2010.05.26 03:47:05.380,0.74375,0.74405,9.60,7.20
2010.05.26 03:47:15.282,0.74375,0.744,3.20,4.00
2010.05.26 03:47:15.846,0.74375,0.744,1.60,4.00
2010.05.26 03:47:16.328,0.7438,0.74405,2.40,13.60
2010.05.26 03:47:16.497,0.74375,0.74405,15.20,8.00
2010.05.26 03:47:16.975,0.74375,0.74405,13.60,5.60
2010.05.26 03:47:17.187,0.74375,0.74405,11.20,4.00
2010.05.26 03:47:17.397,0.74375,0.74405,11.20,7.20
2010.05.26 03:47:18.758,0.74385,0.74405,1.60,4.00
2010.05.26 03:47:19.160,0.74385,0.74405,11.20,2.40
2010.05.26 03:47:19.174,0.7439,0.7441,2.40,4.80
2010.05.26 03:47:19.510,0.7439,0.74415,4.00,1.60
2010.05.26 03:47:20.167,0.7439,0.7442,4.00,13.60
2010.05.26 03:47:21.816,0.7439,0.7442,4.00,13.70
2010.05.26 03:47:22.313,0.7439,0.7442,1.60,8.00
2010.05.26 03:47:22.629,0.7439,0.7442,1.60,5.60
2010.05.26 03:47:23.087,0.7439,0.7442,4.00,4.00
2010.05.26 03:47:23.550,0.7439,0.74425,14.40,13.60
2010.05.26 03:47:23.890,0.7439,0.7442,4.00,2.40
2010.05.26 03:47:25.951,0.7439,0.74425,8.00,16.00
2010.05.26 03:47:26.193,0.7439,0.7442,6.40,2.40
2010.05.26 03:47:26.430,0.74395,0.74425,9.60,2.40
2010.05.26 03:47:26.975,0.74395,0.74425,16.00,3.20
2010.05.26 03:47:27.323,0.74395,0.74425,3.20,12.00
2010.05.26 03:47:27.668,0.74395,0.74425,3.20,10.40
2010.05.26 03:47:28.327,0.74395,0.74425,1.60,12.00
2010.05.26 03:47:29.360,0.7439,0.7442,7.20,1.60
2010.05.26 03:47:29.589,0.7439,0.74415,1.60,1.60
2010.05.26 03:47:30.048,0.7439,0.7442,1.60,16.40
2010.05.26 03:47:30.278,0.7439,0.7442,1.60,16.00
2010.05.26 03:47:30.588,0.7439,0.7442,1.60,4.00
2010.05.26 03:47:30.901,0.744,0.7442,9.60,2.40
2010.05.26 03:47:31.373,0.74405,0.74425,1.60,1.60
2010.05.26 03:47:32.807,0.74405,0.74425,1.60,5.60
2010.05.26 03:47:33.149,0.7439,0.7442,4.00,2.40
2010.05.26 03:47:33.488,0.7439,0.7442,3.20,2.40
2010.05.26 03:47:34.242,0.7439,0.7442,3.20,4.00
2010.05.26 03:47:34.594,0.74395,0.7443,15.20,4.00
2010.05.26 03:47:34.878,0.74395,0.7443,13.60,8.00
2010.05.26 03:47:35.158,0.744,0.7443,9.60,4.00
2010.05.26 03:47:35.442,0.744,0.74435,13.60,16.40
2010.05.26 03:47:35.812,0.744,0.7443,11.20,2.40
2010.05.26 03:47:36.102,0.744,0.7443,3.20,6.40
2010.05.26 03:47:38.515,0.744,0.7442,3.20,4.00
2010.05.26 03:47:38.545,0.74395,0.7442,4.80,5.60
2010.05.26 03:47:38.588,0.74395,0.7442,4.80,1.60
2010.05.26 03:47:38.639,0.74395,0.7442,2.40,4.00
2010.05.26 03:47:38.666,0.74395,0.7442,2.40,5.60
2010.05.26 03:47:38.856,0.74395,0.7442,2.40,3.20
2010.05.26 03:47:39.328,0.74395,0.7442,2.40,2.00
2010.05.26 03:47:39.992,0.74385,0.74415,11.20,1.60
2010.05.26 03:47:40.136,0.7439,0.74415,2.40,1.60
2010.05.26 03:47:41.899,0.74395,0.7442,2.40,5.60
2010.05.26 03:47:42.110,0.74395,0.7442,2.40,1.60
2010.05.26 03:47:43.029,0.74395,0.7442,4.00,1.60
2010.05.26 03:47:46.106,0.74395,0.7442,5.60,1.60
2010.05.26 03:47:48.006,0.74395,0.7442,4.00,1.60
2010.05.26 03:47:48.397,0.74395,0.74425,4.00,15.20
2010.05.26 03:47:49.718,0.74395,0.74425,4.00,13.60
2010.05.26 03:47:50.508,0.744,0.74425,4.90,10.40
2010.05.26 03:47:50.649,0.74405,0.74425,3.60,6.40
2010.05.26 03:47:50.869,0.7441,0.74435,4.00,1.60
2010.05.26 03:47:51.089,0.7441,0.7444,16.00,1.60
2010.05.26 03:47:51.688,0.7441,0.74445,16.00,5.70
2010.05.26 03:47:52.187,0.7441,0.74445,16.10,5.60
2010.05.26 03:47:54.496,0.7441,0.74445,16.00,5.70
2010.05.26 03:47:54.627,0.7441,0.7444,8.00,5.60
2010.05.26 03:47:54.756,0.7441,0.7444,5.60,5.60
2010.05.26 03:47:56.509,0.7442,0.74445,2.40,4.00
2010.05.26 03:47:56.679,0.7442,0.7445,6.40,7.30
2010.05.26 03:47:56.847,0.7442,0.74445,2.40,1.60
2010.05.26 03:47:57.017,0.7442,0.74445,4.00,1.60
2010.05.26 03:48:01.682,0.74425,0.7445,6.40,7.20
2010.05.26 03:48:01.864,0.7442,0.7445,4.00,9.60
2010.05.26 03:48:02.037,0.7442,0.7445,9.60,1.60
2010.05.26 03:48:03.346,0.7442,0.7445,9.60,1.70
2010.05.26 03:48:03.607,0.7442,0.7445,5.70,12.00
2010.05.26 03:48:04.608,0.7442,0.7445,5.60,12.10
2010.05.26 03:48:04.978,0.7442,0.7445,5.60,12.00
2010.05.26 03:48:05.530,0.7442,0.7445,5.70,12.00
2010.05.26 03:48:06.896,0.7442,0.7445,5.60,12.00
2010.05.26 03:48:07.471,0.7442,0.74445,5.60,4.00
2010.05.26 03:48:07.589,0.7442,0.74445,3.20,10.40
2010.05.26 03:48:07.709,0.74425,0.74445,1.60,6.40
2010.05.26 03:48:07.828,0.74425,0.74445,4.00,2.40
2010.05.26 03:48:07.948,0.74425,0.74455,5.60,15.60
2010.05.26 03:48:08.308,0.74425,0.7445,1.60,9.60
2010.05.26 03:48:08.487,0.74425,0.7445,1.60,12.00
2010.05.26 03:48:08.667,0.74425,0.7445,1.60,10.40
2010.05.26 03:48:09.161,0.74425,0.74445,1.60,4.00
2010.05.26 03:48:09.394,0.74415,0.74445,7.20,10.40
2010.05.26 03:48:11.367,0.74415,0.74445,7.20,14.40
2010.05.26 03:48:11.537,0.74415,0.74445,7.20,12.00
2010.05.26 03:48:11.709,0.74415,0.74445,9.20,10.40
2010.05.26 03:48:11.878,0.7442,0.7445,5.60,12.00
2010.05.26 03:48:12.487,0.7442,0.7445,6.40,10.40
2010.05.26 03:48:12.953,0.7442,0.7445,6.40,12.00
2010.05.26 03:48:13.406,0.7442,0.7445,8.80,9.60
2010.05.26 03:48:13.499,0.7442,0.7445,12.80,9.60
2010.05.26 03:48:13.588,0.7442,0.7445,13.60,8.00
2010.05.26 03:48:13.677,0.7442,0.7445,9.60,8.00
2010.05.26 03:48:13.768,0.7442,0.7445,5.60,12.00
2010.05.26 03:48:14.161,0.7442,0.7445,5.60,12.40
2010.05.26 03:48:14.438,0.74415,0.74445,8.00,12.00
2010.05.26 03:48:15.041,0.74415,0.74445,7.20,12.00
2010.05.26 03:48:16.267,0.74415,0.7444,7.20,1.60
2010.05.26 03:48:16.493,0.7442,0.74445,1.60,4.80
2010.05.26 03:48:16.688,0.7442,0.74445,4.00,2.40
2010.05.26 03:48:16.878,0.7442,0.7444,1.60,1.60
2010.05.26 03:48:17.730,0.7442,0.74445,5.60,10.40
2010.05.26 03:48:17.904,0.7442,0.7445,6.40,12.10
2010.05.26 03:48:18.230,0.7442,0.7445,6.80,12.00
2010.05.26 03:48:18.403,0.74425,0.7445,5.60,8.00
2010.05.26 03:48:18.751,0.74425,0.7445,3.20,1.60
2010.05.26 03:48:19.432,0.7443,0.74455,5.60,1.00
2010.05.26 03:48:19.668,0.7443,0.74455,1.60,2.00
2010.05.26 03:48:20.906,0.74425,0.7445,6.40,2.40
2010.05.26 03:48:21.253,0.74425,0.7445,3.20,12.00
2010.05.26 03:48:21.597,0.7442,0.7445,5.60,12.00
2010.05.26 03:48:22.748,0.74425,0.74455,7.20,13.60
2010.05.26 03:48:22.937,0.74425,0.74455,15.20,5.60
2010.05.26 03:48:23.449,0.74425,0.74455,15.20,5.80
2010.05.26 03:48:24.307,0.74425,0.74455,11.20,5.80
2010.05.26 03:48:24.647,0.74425,0.74455,15.20,5.80
2010.05.26 03:48:25.057,0.74425,0.74455,11.20,5.80
2010.05.26 03:48:25.166,0.74425,0.7445,1.60,1.60
2010.05.26 03:48:26.617,0.74425,0.74435,1.60,1.00
2010.05.26 03:48:29.857,0.74425,0.74435,12.00,1.00
2010.05.26 03:48:29.988,0.74425,0.74435,12.40,1.00
2010.05.26 03:48:30.344,0.7443,0.74435,2.40,1.00
2010.05.26 03:48:30.486,0.74435,0.74455,6.40,1.60
2010.05.26 03:48:30.623,0.7443,0.74455,4.40,1.60
2010.05.26 03:48:30.971,0.74435,0.74455,1.60,1.00
2010.05.26 03:48:31.648,0.7443,0.74455,10.00,1.00
2010.05.26 03:48:32.078,0.7443,0.74455,8.00,1.60
2010.05.26 03:48:32.297,0.7443,0.74455,1.60,1.60
2010.05.26 03:48:32.826,0.74435,0.74455,2.40,1.60
2010.05.26 03:48:33.209,0.74435,0.74455,8.00,1.00
2010.05.26 03:48:33.310,0.74435,0.74455,16.00,1.00
2010.05.26 03:48:33.606,0.74435,0.74455,17.60,1.00
2010.05.26 03:48:35.308,0.74435,0.74455,16.00,1.60
2010.05.26 03:48:35.705,0.74435,0.74455,5.60,1.60
2010.05.26 03:48:35.796,0.74425,0.74455,15.20,5.60
2010.05.26 03:48:35.887,0.74425,0.74455,13.60,5.60
2010.05.26 03:48:36.008,0.74425,0.74455,13.60,7.20
2010.05.26 03:48:36.349,0.7443,0.74455,2.40,3.20
2010.05.26 03:48:36.689,0.7444,0.7446,2.40,3.20
2010.05.26 03:48:37.027,0.74435,0.7446,14.40,3.20
2010.05.26 03:48:37.197,0.74435,0.7446,6.40,3.20
2010.05.26 03:48:38.018,0.74435,0.7445,6.40,2.00
2010.05.26 03:48:38.561,0.74415,0.7445,19.20,16.40
2010.05.26 03:48:38.688,0.74415,0.7445,19.20,17.20
2010.05.26 03:48:38.818,0.74415,0.74445,17.60,1.60
2010.05.26 03:48:39.360,0.74425,0.74445,2.40,1.60
2010.05.26 03:48:39.620,0.7442,0.74445,14.40,1.60
2010.05.26 03:48:39.883,0.7442,0.7445,14.40,1.60
2010.05.26 03:48:40.464,0.7443,0.74455,2.40,12.60
2010.05.26 03:48:40.817,0.74425,0.7444,4.00,2.40
2010.05.26 03:48:41.160,0.74415,0.7444,5.60,2.40
2010.05.26 03:48:41.666,0.74415,0.7444,5.60,4.00
2010.05.26 03:48:41.927,0.74415,0.7444,5.60,2.40
2010.05.26 03:48:42.708,0.74415,0.7444,1.60,10.80
2010.05.26 03:48:43.668,0.74415,0.7444,13.60,2.40
2010.05.26 03:48:43.826,0.74415,0.74445,16.00,1.60
2010.05.26 03:48:44.000,0.74415,0.74445,16.80,1.60
2010.05.26 03:48:44.306,0.7442,0.74445,3.20,1.60
2010.05.26 03:48:45.046,0.7442,0.7445,3.20,18.10
2010.05.26 03:48:45.969,0.7442,0.7445,9.60,9.60
2010.05.26 03:48:46.167,0.7442,0.7445,11.20,7.30
2010.05.26 03:48:46.368,0.7442,0.7445,11.20,7.20
2010.05.26 03:48:47.239,0.7442,0.7444,8.80,2.40
2010.05.26 03:48:47.407,0.7442,0.7444,7.20,2.40
2010.05.26 03:48:47.578,0.74415,0.7444,4.80,2.40
2010.05.26 03:48:48.388,0.74415,0.7444,4.80,4.00
2010.05.26 03:48:48.543,0.74415,0.7444,3.20,12.40
2010.05.26 03:48:49.298,0.74415,0.7444,3.20,1.60
2010.05.26 03:48:50.026,0.74415,0.74445,3.20,14.00
2010.05.26 03:48:51.026,0.74415,0.74445,13.70,9.60
2010.05.26 03:48:51.199,0.74415,0.7444,3.20,12.40
2010.05.26 03:48:52.306,0.7441,0.7444,3.20,12.40
2010.05.26 03:48:52.948,0.7441,0.7443,3.20,1.60
2010.05.26 03:48:53.471,0.7442,0.7443,2.40,1.60
2010.05.26 03:48:53.557,0.7442,0.74435,2.40,12.00
2010.05.26 03:48:53.637,0.7442,0.74435,4.00,5.60
2010.05.26 03:48:53.676,0.7442,0.7444,8.00,7.60
2010.05.26 03:48:53.817,0.7442,0.7444,4.00,6.00
2010.05.26 03:48:54.157,0.7441,0.7444,5.60,6.00
2010.05.26 03:48:57.096,0.7441,0.7444,5.60,6.80
2010.05.26 03:48:57.236,0.7441,0.7444,5.60,7.60
2010.05.26 03:48:57.517,0.7441,0.74435,3.20,4.00
2010.05.26 03:48:58.279,0.7441,0.7443,3.20,1.60
2010.05.26 03:48:58.420,0.74405,0.7443,7.20,1.60
2010.05.26 03:48:59.597,0.74405,0.74435,7.20,7.30
2010.05.26 03:48:59.817,0.74405,0.74435,7.20,7.20
2010.05.26 03:49:00.037,0.74405,0.7443,3.20,4.00
2010.05.26 03:49:00.258,0.744,0.7443,16.00,4.00
2010.05.26 03:49:01.026,0.744,0.7443,14.40,6.00
2010.05.26 03:49:01.254,0.744,0.7442,1.60,4.00
2010.05.26 03:49:01.479,0.74395,0.7442,3.20,4.00
2010.05.26 03:49:03.938,0.744,0.7442,1.60,2.40
2010.05.26 03:49:04.039,0.744,0.74425,1.60,4.00
2010.05.26 03:49:04.226,0.744,0.74425,1.60,4.10
2010.05.26 03:49:04.418,0.744,0.74425,1.60,9.70
2010.05.26 03:49:04.607,0.744,0.7442,1.60,1.60
2010.05.26 03:49:05.050,0.74395,0.7442,3.20,1.60
2010.05.26 03:49:05.393,0.744,0.7443,11.20,8.00
2010.05.26 03:49:05.740,0.744,0.7443,13.60,5.60
2010.05.26 03:49:06.318,0.74405,0.7443,1.60,4.00
2010.05.26 03:49:06.520,0.74405,0.7443,12.00,1.60
2010.05.26 03:49:07.005,0.74405,0.74435,12.00,6.40
2010.05.26 03:49:07.283,0.7441,0.7444,10.40,9.20
2010.05.26 03:49:07.558,0.7441,0.74435,8.00,4.00
2010.05.26 03:49:07.837,0.74405,0.74435,11.20,4.00
2010.05.26 03:49:10.106,0.74405,0.74435,11.20,4.10
2010.05.26 03:49:10.278,0.74405,0.74435,11.20,4.50
2010.05.26 03:49:10.452,0.744,0.7443,17.60,5.60
2010.05.26 03:49:11.548,0.744,0.7443,17.70,4.00
2010.05.26 03:49:12.039,0.744,0.7443,17.60,4.00
2010.05.26 03:49:13.847,0.744,0.7442,17.60,1.00
2010.05.26 03:49:14.388,0.744,0.7442,11.20,1.00
2010.05.26 03:49:15.770,0.744,0.7442,12.90,1.00
2010.05.26 03:49:15.898,0.744,0.7442,19.30,1.00
2010.05.26 03:49:16.028,0.74405,0.7442,4.00,1.00
2010.05.26 03:49:16.159,0.74405,0.7442,8.80,1.00
2010.05.26 03:49:16.288,0.74405,0.7442,15.20,1.00
2010.05.26 03:49:16.536,0.74405,0.7442,17.60,1.00
2010.05.26 03:49:17.388,0.74405,0.7442,19.30,1.00
2010.05.26 03:49:17.727,0.74405,0.7442,17.70,1.00
2010.05.26 03:49:18.070,0.74415,0.7442,4.00,1.00
2010.05.26 03:49:18.222,0.74415,0.7442,2.40,1.00
2010.05.26 03:49:18.370,0.74405,0.7442,6.40,1.00
2010.05.26 03:49:18.837,0.74405,0.7442,2.40,1.00
2010.05.26 03:49:19.171,0.744,0.7442,7.20,1.00
2010.05.26 03:49:19.501,0.744,0.7442,4.00,1.60
2010.05.26 03:49:19.828,0.74395,0.7442,15.30,1.60
2010.05.26 03:49:20.987,0.74395,0.7442,17.70,1.60
2010.05.26 03:49:21.181,0.74405,0.7442,10.40,1.00
2010.05.26 03:49:21.328,0.7441,0.7442,4.00,1.00
2010.05.26 03:49:21.669,0.7441,0.7442,8.00,1.00
2010.05.26 03:49:21.822,0.7439,0.7441,4.00,2.80
2010.05.26 03:49:21.980,0.74385,0.74415,4.00,15.20
2010.05.26 03:49:22.131,0.74395,0.74415,4.00,4.00
2010.05.26 03:49:22.618,0.74395,0.74415,4.00,3.20
2010.05.26 03:49:23.877,0.74395,0.74415,4.00,1.60
2010.05.26 03:49:24.087,0.7439,0.74415,2.40,1.60
2010.05.26 03:49:24.176,0.74385,0.74415,14.50,1.60
2010.05.26 03:49:24.590,0.7439,0.74415,4.00,1.60
2010.05.26 03:49:24.897,0.7439,0.74415,4.00,3.20
2010.05.26 03:49:25.056,0.7439,0.74415,4.00,1.60
2010.05.26 03:49:26.251,0.74385,0.7441,1.60,4.00
2010.05.26 03:49:26.587,0.74385,0.7441,1.60,4.40
2010.05.26 03:49:27.129,0.74385,0.74405,1.60,1.60
2010.05.26 03:49:28.074,0.74385,0.74405,3.30,1.60
2010.05.26 03:49:28.241,0.7439,0.74415,6.80,1.60
2010.05.26 03:49:28.400,0.74395,0.7442,12.00,1.60
2010.05.26 03:49:28.861,0.74395,0.7442,12.00,3.20
2010.05.26 03:49:29.202,0.7439,0.7442,17.60,1.60
2010.05.26 03:49:29.888,0.7439,0.7442,18.00,1.60
2010.05.26 03:49:30.537,0.74405,0.7442,2.40,1.60
2010.05.26 03:49:30.867,0.74405,0.7442,7.20,1.00
2010.05.26 03:49:31.183,0.7441,0.7442,2.40,1.00
2010.05.26 03:49:32.330,0.74405,0.7442,5.60,1.00
2010.05.26 03:49:32.860,0.744,0.7442,9.60,1.00
2010.05.26 03:49:33.075,0.74395,0.7442,15.60,1.60
2010.05.26 03:49:35.591,0.74395,0.7442,11.60,1.60
2010.05.26 03:49:35.843,0.744,0.7442,1.60,1.00
2010.05.26 03:49:36.090,0.744,0.7442,5.60,1.00
2010.05.26 03:49:36.328,0.744,0.7442,1.60,1.00
2010.05.26 03:49:38.107,0.74395,0.7442,15.20,1.00
2010.05.26 03:49:38.706,0.74395,0.7442,13.60,1.00
2010.05.26 03:49:41.728,0.7439,0.7442,18.40,1.00
2010.05.26 03:49:42.337,0.7439,0.7442,16.80,1.00
2010.05.26 03:49:45.670,0.7439,0.7442,18.40,1.00
2010.05.26 03:49:45.797,0.7439,0.7442,18.80,2.40
2010.05.26 03:49:45.928,0.7439,0.7442,12.00,4.00
2010.05.26 03:49:48.930,0.7439,0.7442,12.10,4.00
2010.05.26 03:49:49.169,0.7439,0.7442,12.00,4.00
2010.05.26 03:49:49.407,0.7439,0.7442,12.00,5.60
2010.05.26 03:49:50.848,0.74395,0.7442,10.40,1.00
2010.05.26 03:49:51.190,0.7439,0.7442,16.80,1.00
2010.05.26 03:49:53.328,0.7439,0.7442,18.40,1.00
2010.05.26 03:49:53.818,0.74395,0.7442,10.40,1.00
2010.05.26 03:50:03.766,0.74395,0.7442,10.40,1.60
2010.05.26 03:50:03.857,0.74395,0.7442,8.00,4.00
2010.05.26 03:50:03.957,0.74395,0.7442,4.00,4.00
2010.05.26 03:50:04.057,0.7439,0.7442,17.70,4.00
2010.05.26 03:50:05.066,0.7439,0.7442,17.70,2.40
2010.05.26 03:50:05.507,0.7439,0.7442,17.60,2.40
2010.05.26 03:50:05.728,0.7439,0.7442,15.20,4.00
2010.05.26 03:50:05.847,0.7439,0.7442,9.60,4.40
2010.05.26 03:50:05.966,0.7439,0.7442,7.20,4.40
2010.05.26 03:50:06.399,0.7439,0.7442,8.80,2.80
2010.05.26 03:50:06.517,0.7439,0.7442,7.20,2.80
2010.05.26 03:50:06.637,0.7439,0.7442,8.80,2.80
2010.05.26 03:50:06.899,0.74395,0.7442,8.00,1.00
2010.05.26 03:50:07.485,0.74405,0.7442,2.40,3.60
2010.05.26 03:50:07.910,0.74385,0.74415,14.40,4.00
2010.05.26 03:50:08.131,0.74395,0.7442,8.00,1.00
2010.05.26 03:50:08.347,0.74395,0.7442,9.60,1.00
2010.05.26 03:50:09.302,0.74395,0.7442,10.40,1.00
2010.05.26 03:50:10.007,0.74395,0.7442,12.00,1.00
2010.05.26 03:50:10.517,0.74395,0.7442,19.60,1.00
2010.05.26 03:50:10.689,0.744,0.7442,4.00,1.00
2010.05.26 03:50:13.220,0.74395,0.7442,19.70,1.00
2010.05.26 03:50:18.651,0.74395,0.7442,20.00,2.40
2010.05.26 03:50:18.812,0.74395,0.7442,7.20,2.40
2010.05.26 03:50:18.968,0.74395,0.7442,5.60,2.40
2010.05.26 03:50:19.127,0.74395,0.7442,5.70,2.40
2010.05.26 03:50:19.737,0.74395,0.7442,5.60,2.40
2010.05.26 03:50:20.018,0.74395,0.7442,4.00,2.40
2010.05.26 03:50:20.137,0.7439,0.7442,19.60,2.40
2010.05.26 03:50:20.261,0.7439,0.7442,3.20,2.40
2010.05.26 03:50:20.377,0.74385,0.7442,21.70,4.00
2010.05.26 03:50:20.500,0.74385,0.7442,19.70,8.80
2010.05.26 03:50:20.620,0.74385,0.7442,17.30,11.20
2010.05.26 03:50:21.098,0.7439,0.7442,1.60,4.80
2010.05.26 03:50:24.927,0.7439,0.74405,1.60,1.60
2010.05.26 03:50:25.101,0.74385,0.74405,4.00,3.20
2010.05.26 03:50:25.567,0.7438,0.74405,1.60,3.20
2010.05.26 03:50:25.743,0.74375,0.74405,4.00,4.00
2010.05.26 03:50:26.093,0.74385,0.7441,8.00,5.20
2010.05.26 03:50:26.441,0.74395,0.7442,2.40,4.00
2010.05.26 03:50:26.781,0.744,0.7442,3.20,1.00
2010.05.26 03:50:28.177,0.744,0.7442,3.60,1.00
2010.05.26 03:50:29.188,0.744,0.7442,1.60,1.00
2010.05.26 03:50:29.368,0.74395,0.7442,5.60,1.60
2010.05.26 03:50:29.547,0.7439,0.7442,16.50,1.60
2010.05.26 03:50:29.878,0.7439,0.7442,10.90,1.60
2010.05.26 03:50:30.059,0.7439,0.7442,10.10,1.60
2010.05.26 03:50:31.646,0.7439,0.7442,8.50,1.60
2010.05.26 03:50:31.736,0.7439,0.7442,8.00,1.60
2010.05.26 03:50:31.827,0.7439,0.7442,1.60,13.60
2010.05.26 03:50:31.917,0.7439,0.7442,1.60,16.00
2010.05.26 03:50:32.788,0.7439,0.7442,4.40,14.40
2010.05.26 03:50:33.197,0.7439,0.7442,6.00,12.80
2010.05.26 03:50:33.545,0.74395,0.7442,3.60,1.00
2010.05.26 03:50:34.268,0.74395,0.7442,6.00,1.00
2010.05.26 03:50:34.337,0.744,0.7442,2.00,1.00
2010.05.26 03:50:35.869,0.744,0.7442,3.60,1.00
2010.05.26 03:50:36.079,0.74395,0.7442,15.70,1.60
2010.05.26 03:50:36.288,0.74395,0.7442,7.60,1.00
2010.05.26 03:50:36.899,0.7439,0.7442,11.60,4.00
2010.05.26 03:50:37.057,0.7439,0.74415,4.80,4.00
2010.05.26 03:50:40.919,0.7439,0.74415,1.60,4.00
2010.05.26 03:50:43.576,0.74385,0.74415,11.60,4.00
2010.05.26 03:50:43.777,0.74385,0.74415,11.60,5.60
2010.05.26 03:50:43.978,0.74385,0.7441,1.60,2.40
2010.05.26 03:50:44.179,0.7438,0.74405,8.80,4.00
2010.05.26 03:50:44.378,0.7438,0.74405,7.20,4.00
2010.05.26 03:50:44.587,0.7438,0.74405,8.80,4.00
2010.05.26 03:50:45.647,0.7438,0.74405,7.20,4.00
2010.05.26 03:50:46.527,0.7438,0.74405,9.20,4.00
2010.05.26 03:50:46.678,0.7438,0.7441,13.20,4.80
2010.05.26 03:50:46.977,0.7438,0.7441,12.80,2.40
2010.05.26 03:50:47.128,0.7438,0.7441,7.20,2.40
2010.05.26 03:50:47.277,0.7438,0.7441,3.20,10.40
2010.05.26 03:50:47.429,0.7438,0.7441,4.90,12.80
2010.05.26 03:50:48.698,0.7438,0.74405,4.80,1.00
2010.05.26 03:50:49.328,0.7438,0.74405,3.20,2.40
2010.05.26 03:50:49.786,0.7438,0.74405,3.20,4.80
2010.05.26 03:50:50.717,0.7439,0.74405,4.00,1.00
2010.05.26 03:50:51.320,0.74395,0.74405,4.00,1.00
2010.05.26 03:50:51.664,0.74395,0.74405,3.20,1.00
2010.05.26 03:50:52.689,0.74395,0.74405,14.00,1.00
2010.05.26 03:50:53.653,0.74395,0.74405,1.60,1.00
2010.05.26 03:50:53.759,0.7439,0.74405,19.20,1.00
2010.05.26 03:50:53.867,0.7439,0.74405,16.80,1.00
2010.05.26 03:50:53.979,0.7439,0.74405,4.80,1.00
2010.05.26 03:50:54.086,0.7439,0.74405,7.20,1.00
2010.05.26 03:50:54.198,0.7439,0.74405,17.60,1.00
2010.05.26 03:50:54.307,0.7439,0.74405,15.20,1.00
2010.05.26 03:50:54.417,0.7439,0.74405,7.20,1.00
2010.05.26 03:50:54.627,0.7439,0.74405,4.80,1.00
2010.05.26 03:50:57.867,0.7439,0.74405,3.20,1.00
2010.05.26 03:50:58.188,0.74385,0.74405,7.20,1.00
2010.05.26 03:50:58.662,0.74385,0.74405,5.60,1.00
2010.05.26 03:50:58.839,0.74385,0.74405,3.20,1.00
2010.05.26 03:50:59.178,0.74385,0.74405,11.60,1.00
2010.05.26 03:50:59.350,0.74385,0.74405,18.00,1.00
2010.05.26 03:50:59.937,0.74385,0.74405,19.60,1.00
2010.05.26 03:51:00.557,0.74385,0.74405,19.70,1.00
2010.05.26 03:51:00.708,0.74385,0.74405,18.10,1.90
2010.05.26 03:51:00.998,0.74385,0.74405,19.70,1.00
2010.05.26 03:51:01.597,0.74385,0.74405,5.60,1.00
2010.05.26 03:51:01.750,0.74385,0.74405,3.20,1.00
2010.05.26 03:51:03.287,0.74385,0.74405,4.80,1.00
2010.05.26 03:51:05.577,0.74385,0.74405,12.80,1.00
2010.05.26 03:51:05.730,0.74385,0.74405,12.80,1.00
2010.05.26 03:51:05.880,0.74385,0.74405,13.20,1.00
2010.05.26 03:51:06.028,0.7439,0.74405,4.00,1.00
2010.05.26 03:51:06.318,0.74385,0.74405,12.80,1.00
2010.05.26 03:51:07.457,0.74385,0.74405,4.80,1.00
2010.05.26 03:51:12.076,0.74385,0.74405,5.20,1.00
2010.05.26 03:51:19.107,0.74385,0.74405,3.60,1.00
2010.05.26 03:51:21.198,0.74385,0.74405,7.60,1.00
2010.05.26 03:51:21.448,0.74385,0.74405,18.00,1.00
2010.05.26 03:51:22.347,0.7439,0.74405,1.00,1.00
2010.05.26 03:51:22.617,0.7439,0.74405,1.00,1.00
2010.05.26 03:51:25.056,0.74385,0.74405,13.20,1.00
2010.05.26 03:51:25.156,0.74385,0.74405,5.20,1.00
2010.05.26 03:51:25.916,0.74385,0.74405,3.60,1.00
2010.05.26 03:51:29.696,0.74385,0.74405,5.20,1.00
2010.05.26 03:51:30.427,0.7439,0.74405,1.60,1.00
2010.05.26 03:51:30.487,0.7439,0.74405,2.00,1.00
2010.05.26 03:51:30.810,0.7439,0.74415,2.00,4.00
2010.05.26 03:51:37.070,0.74385,0.7441,7.60,2.40
2010.05.26 03:51:37.543,0.7439,0.74415,1.00,6.40
2010.05.26 03:51:37.686,0.7439,0.74415,1.00,4.00
2010.05.26 03:51:41.057,0.7439,0.74415,2.00,2.40
2010.05.26 03:51:41.128,0.7439,0.7442,10.00,7.20
2010.05.26 03:51:41.966,0.7439,0.7442,10.00,5.60
2010.05.26 03:51:42.858,0.7439,0.74415,10.00,1.60
2010.05.26 03:51:42.947,0.7439,0.74415,3.60,4.00
2010.05.26 03:51:43.306,0.7439,0.74415,2.00,4.00
2010.05.26 03:51:44.118,0.7439,0.74415,2.00,1.60
2010.05.26 03:51:44.308,0.7439,0.7442,9.20,1.70
2010.05.26 03:51:44.496,0.74395,0.7442,1.00,1.70
2010.05.26 03:51:44.947,0.74395,0.7442,1.00,1.60
2010.05.26 03:51:45.112,0.74395,0.7442,2.00,1.60
2010.05.26 03:51:45.473,0.74395,0.7442,3.60,1.60
2010.05.26 03:51:45.621,0.74395,0.7442,10.00,1.60
2010.05.26 03:51:50.256,0.74395,0.7442,10.70,1.60
2010.05.26 03:51:55.568,0.74395,0.74415,1.00,4.00
2010.05.26 03:51:55.728,0.74395,0.74415,1.00,5.60
2010.05.26 03:51:57.008,0.74395,0.74415,1.00,1.60
2010.05.26 03:51:57.188,0.74395,0.7442,1.10,1.60
2010.05.26 03:52:00.060,0.74395,0.7442,1.00,1.60
2010.05.26 03:52:01.021,0.74395,0.7442,8.00,2.00
2010.05.26 03:52:01.087,0.74395,0.74415,8.00,1.70
2010.05.26 03:52:01.414,0.74385,0.74405,1.00,4.00
2010.05.26 03:52:01.733,0.7438,0.74405,4.40,1.60
2010.05.26 03:52:02.047,0.7438,0.74405,6.00,1.60
2010.05.26 03:52:02.667,0.74385,0.7441,1.00,2.40
2010.05.26 03:52:02.931,0.74385,0.7441,1.00,1.60
2010.05.26 03:52:03.190,0.7439,0.7441,1.00,1.60
2010.05.26 03:52:03.450,0.74385,0.7441,8.00,4.80
2010.05.26 03:52:03.659,0.7438,0.7441,13.20,4.80
2010.05.26 03:52:03.868,0.74385,0.7441,1.00,4.00
2010.05.26 03:52:04.078,0.74385,0.7441,1.00,1.60
2010.05.26 03:52:05.033,0.7439,0.74415,1.00,5.60
2010.05.26 03:52:05.640,0.7439,0.74415,4.40,2.40
2010.05.26 03:52:05.838,0.7439,0.74415,1.60,2.40
2010.05.26 03:52:06.921,0.7439,0.7442,8.40,14.40
2010.05.26 03:52:07.110,0.74395,0.7442,1.00,6.40
2010.05.26 03:52:07.300,0.74395,0.7442,1.00,1.60
2010.05.26 03:52:07.488,0.74395,0.7442,8.40,1.60
2010.05.26 03:52:09.052,0.74395,0.7442,4.00,4.00
2010.05.26 03:52:09.134,0.74395,0.7442,4.80,1.60
2010.05.26 03:52:09.208,0.74395,0.7442,8.80,1.60
2010.05.26 03:52:09.926,0.74395,0.74425,8.80,4.00
2010.05.26 03:52:10.608,0.7439,0.7442,7.60,1.60
2010.05.26 03:52:11.038,0.7439,0.7441,6.00,2.40
2010.05.26 03:52:11.180,0.7439,0.74415,1.60,9.60
2010.05.26 03:52:11.317,0.7439,0.74415,1.60,4.00
2010.05.26 03:52:12.097,0.7439,0.74415,1.60,10.40
2010.05.26 03:52:13.360,0.7439,0.7442,2.00,17.60
2010.05.26 03:52:14.598,0.74395,0.7442,1.00,17.60
2010.05.26 03:52:15.159,0.7439,0.7442,6.00,15.20
2010.05.26 03:52:15.505,0.7439,0.7442,10.10,5.60
2010.05.26 03:52:17.429,0.7439,0.74415,8.40,1.60
2010.05.26 03:52:17.508,0.74385,0.7441,7.60,2.40
2010.05.26 03:52:17.727,0.74385,0.7441,6.10,2.40
2010.05.26 03:52:17.807,0.74385,0.7441,7.70,2.40
2010.05.26 03:52:18.154,0.7439,0.74415,1.00,8.00
2010.05.26 03:52:18.229,0.7439,0.74415,1.00,1.60
2010.05.26 03:52:18.376,0.74395,0.74415,1.00,1.60
2010.05.26 03:52:18.700,0.74395,0.7442,1.00,4.80
2010.05.26 03:52:19.936,0.7439,0.7442,14.90,4.80
2010.05.26 03:52:22.698,0.7439,0.7442,14.80,4.80
2010.05.26 03:52:23.237,0.7439,0.7442,14.90,4.80
2010.05.26 03:52:26.880,0.7439,0.7442,14.80,4.90
2010.05.26 03:52:29.135,0.7439,0.7442,14.90,4.80
2010.05.26 03:52:29.217,0.7439,0.7442,14.80,4.90
2010.05.26 03:52:29.566,0.7439,0.7442,14.90,4.80
2010.05.26 03:52:29.806,0.7439,0.7442,14.80,4.90
2010.05.26 03:52:30.272,0.7439,0.74415,2.00,8.00
2010.05.26 03:52:30.622,0.74385,0.74415,3.60,13.60
2010.05.26 03:52:32.330,0.74385,0.7441,3.60,4.10
2010.05.26 03:52:32.439,0.74385,0.7441,3.20,4.10
2010.05.26 03:52:32.549,0.7438,0.74405,7.70,1.60
2010.05.26 03:52:35.137,0.7438,0.74405,7.60,1.60
2010.05.26 03:52:35.300,0.74375,0.74405,11.60,4.00
2010.05.26 03:52:35.381,0.74375,0.74405,10.80,4.00
2010.05.26 03:52:35.459,0.74375,0.744,9.20,1.00
2010.05.26 03:52:35.539,0.74375,0.74395,4.00,1.60
2010.05.26 03:52:35.700,0.74375,0.744,1.60,12.00
2010.05.26 03:52:36.039,0.74375,0.744,7.60,4.00
2010.05.26 03:52:36.380,0.74375,0.74405,6.00,5.60
2010.05.26 03:52:49.756,0.74375,0.74405,7.60,5.60
2010.05.26 03:52:50.488,0.74375,0.74405,10.80,4.00
2010.05.26 03:52:56.743,0.74375,0.74395,1.60,5.60
2010.05.26 03:52:56.995,0.7437,0.74395,4.40,1.60
2010.05.26 03:52:57.191,0.74365,0.74395,16.00,7.60
2010.05.26 03:52:57.379,0.74365,0.74395,7.20,12.40
2010.05.26 03:52:57.569,0.7436,0.74395,18.00,18.00
2010.05.26 03:52:58.090,0.7436,0.74395,18.10,18.80
2010.05.26 03:52:58.427,0.7436,0.74395,18.00,18.90
2010.05.26 03:52:58.767,0.7436,0.74395,17.60,18.90
2010.05.26 03:52:59.110,0.7436,0.7439,10.40,7.60
2010.05.26 03:52:59.301,0.7436,0.7439,1.60,18.00
2010.05.26 03:52:59.683,0.74355,0.74385,4.80,8.80
2010.05.26 03:53:00.231,0.74355,0.74385,3.20,10.40
2010.05.26 03:53:00.637,0.74355,0.74385,5.60,10.40
2010.05.26 03:53:00.847,0.74355,0.74385,13.60,2.40
2010.05.26 03:53:01.057,0.74355,0.74385,17.60,2.40
2010.05.26 03:53:01.267,0.74355,0.74385,17.70,2.40
2010.05.26 03:53:01.718,0.74355,0.74385,19.30,2.40
2010.05.26 03:53:02.443,0.7436,0.7439,8.00,7.60
2010.05.26 03:53:02.667,0.7436,0.74385,4.00,2.40
2010.05.26 03:53:02.899,0.74355,0.74385,19.30,2.40
2010.05.26 03:53:03.128,0.74355,0.74385,19.70,2.40
2010.05.26 03:53:03.357,0.7436,0.7439,8.00,7.20
2010.05.26 03:53:04.130,0.7436,0.7438,4.00,4.00
2010.05.26 03:53:04.733,0.74355,0.74385,16.80,4.80
2010.05.26 03:53:04.860,0.74355,0.74385,19.20,2.40
2010.05.26 03:53:04.977,0.74355,0.74385,17.60,4.00
2010.05.26 03:53:05.217,0.74355,0.74385,17.60,2.40
2010.05.26 03:53:05.458,0.74355,0.7438,10.40,4.00
2010.05.26 03:53:05.578,0.74355,0.7438,4.80,2.40
2010.05.26 03:53:05.699,0.74355,0.7438,2.40,2.40
2010.05.26 03:53:05.817,0.74355,0.74385,2.40,8.00
2010.05.26 03:53:06.459,0.74355,0.74385,19.20,2.40
2010.05.26 03:53:07.918,0.7436,0.74385,1.60,2.40
2010.05.26 03:53:09.849,0.7436,0.7438,1.60,1.60
2010.05.26 03:53:10.323,0.74355,0.7438,19.30,1.60
2010.05.26 03:53:10.581,0.74355,0.74385,17.70,2.40
2010.05.26 03:53:11.408,0.74355,0.74385,19.30,2.40
2010.05.26 03:53:11.741,0.7436,0.7439,6.40,8.80
2010.05.26 03:53:12.067,0.7436,0.7439,12.80,6.40
2010.05.26 03:53:12.487,0.7436,0.7439,12.80,8.00
2010.05.26 03:53:12.710,0.74355,0.7438,1.60,4.00
2010.05.26 03:53:12.911,0.7435,0.7438,5.60,4.00
2010.05.26 03:53:13.110,0.7435,0.7438,5.60,5.60
2010.05.26 03:53:13.805,0.7435,0.7438,12.10,1.60
2010.05.26 03:53:14.152,0.7435,0.7438,16.10,1.60
2010.05.26 03:53:15.439,0.7435,0.7438,16.00,1.60
2010.05.26 03:53:15.709,0.7435,0.7438,6.40,5.60
2010.05.26 03:53:15.977,0.7435,0.7438,4.00,5.60
2010.05.26 03:53:21.102,0.74365,0.7438,1.60,4.00
2010.05.26 03:53:21.310,0.74365,0.74385,6.40,9.60
2010.05.26 03:53:21.519,0.74365,0.74395,13.60,6.40
2010.05.26 03:53:22.250,0.74365,0.74395,13.60,5.60
2010.05.26 03:53:22.531,0.74365,0.7439,9.60,2.40
2010.05.26 03:53:22.813,0.74365,0.74395,13.60,5.60
2010.05.26 03:53:23.420,0.74365,0.74395,13.60,7.20
2010.05.26 03:53:23.759,0.74365,0.74395,13.60,5.60
2010.05.26 03:53:24.738,0.74365,0.74395,13.70,5.60
2010.05.26 03:53:27.291,0.74365,0.74395,13.60,5.60
2010.05.26 03:53:27.380,0.74365,0.74395,13.60,7.20
2010.05.26 03:53:27.786,0.74365,0.74395,13.70,7.20
2010.05.26 03:53:28.107,0.74365,0.74395,15.30,5.60
2010.05.26 03:53:29.007,0.74365,0.74395,15.20,5.60
2010.05.26 03:53:29.657,0.74365,0.74395,15.30,5.60
2010.05.26 03:53:30.259,0.7437,0.74395,5.60,1.60
2010.05.26 03:53:30.499,0.74365,0.74395,17.60,5.60
2010.05.26 03:53:30.739,0.74365,0.74395,15.20,5.60
2010.05.26 03:53:32.708,0.74365,0.74395,16.80,5.60
2010.05.26 03:53:32.857,0.74365,0.74395,16.80,4.00
2010.05.26 03:53:35.812,0.7437,0.74395,3.20,4.00
2010.05.26 03:53:50.260,0.7437,0.74395,11.20,1.60
2010.05.26 03:53:51.989,0.74375,0.74395,2.40,1.60
2010.05.26 03:53:52.209,0.74375,0.74405,8.00,5.60
2010.05.26 03:53:52.849,0.7437,0.744,15.20,4.00
2010.05.26 03:53:53.215,0.7437,0.744,12.80,4.00
2010.05.26 03:53:53.698,0.7437,0.74395,4.80,4.00
2010.05.26 03:53:54.507,0.7437,0.74395,7.20,1.60
2010.05.26 03:53:54.711,0.7437,0.74395,12.80,1.60
2010.05.26 03:53:55.428,0.7437,0.74395,12.80,1.60
2010.05.26 03:53:55.672,0.7437,0.74395,12.90,1.60
2010.05.26 03:53:57.872,0.7437,0.74395,7.20,1.60
2010.05.26 03:53:58.041,0.7437,0.74395,4.80,2.40
2010.05.26 03:53:58.210,0.7437,0.744,11.20,4.80
2010.05.26 03:53:58.378,0.7437,0.744,11.20,2.40
2010.05.26 03:53:59.349,0.7437,0.744,11.60,2.40
2010.05.26 03:53:59.989,0.7437,0.744,11.20,2.40
2010.05.26 03:54:00.437,0.7437,0.74395,11.20,1.60
2010.05.26 03:54:00.739,0.7437,0.74395,4.80,4.00
2010.05.26 03:54:02.510,0.7437,0.744,11.20,2.40
2010.05.26 03:54:04.658,0.74375,0.744,4.00,2.40
2010.05.26 03:54:04.925,0.7437,0.74395,7.20,4.00
2010.05.26 03:54:05.148,0.7437,0.74395,4.80,4.00
2010.05.26 03:54:07.380,0.7438,0.74395,4.00,4.00
2010.05.26 03:54:07.981,0.7437,0.74395,4.00,4.00
2010.05.26 03:54:08.690,0.7438,0.744,2.40,4.80
2010.05.26 03:54:08.959,0.7438,0.744,10.40,4.00
2010.05.26 03:54:09.229,0.74385,0.744,8.00,4.00
2010.05.26 03:54:09.569,0.74385,0.744,10.40,4.00
2010.05.26 03:54:18.950,0.74385,0.74395,6.40,1.60
2010.05.26 03:54:19.077,0.7437,0.74395,1.60,1.60
2010.05.26 03:54:19.198,0.74375,0.744,4.00,6.40
2010.05.26 03:54:19.326,0.74375,0.744,4.00,4.00
2010.05.26 03:54:19.447,0.7438,0.744,2.40,4.00
2010.05.26 03:54:19.578,0.7438,0.74395,2.40,4.00
2010.05.26 03:54:19.708,0.7437,0.74395,1.60,10.40
2010.05.26 03:54:20.249,0.7438,0.744,10.40,4.00
2010.05.26 03:54:25.826,0.7438,0.74395,10.40,1.60
2010.05.26 03:54:26.290,0.7437,0.74395,1.70,1.60
2010.05.26 03:54:26.537,0.7437,0.74395,1.60,1.60
2010.05.26 03:54:27.711,0.74365,0.74395,3.20,12.00
2010.05.26 03:54:27.879,0.74365,0.74395,5.20,14.40
2010.05.26 03:54:28.049,0.74365,0.74395,14.80,1.60
2010.05.26 03:54:28.221,0.74365,0.7439,1.60,2.40
2010.05.26 03:54:28.609,0.7436,0.7439,10.00,2.40
2010.05.26 03:54:28.885,0.7436,0.74395,10.00,16.00
2010.05.26 03:54:30.629,0.7436,0.74395,10.10,16.00
2010.05.26 03:54:31.877,0.7436,0.74395,8.50,17.60
2010.05.26 03:54:32.109,0.74365,0.7439,8.00,1.60
2010.05.26 03:54:32.338,0.74365,0.7439,4.00,4.40
2010.05.26 03:54:35.830,0.74365,0.7439,4.00,1.60
2010.05.26 03:54:36.171,0.7436,0.7439,4.80,6.40
2010.05.26 03:54:36.852,0.7437,0.744,4.00,2.40
2010.05.26 03:54:39.754,0.7438,0.7441,14.00,4.00
2010.05.26 03:54:40.177,0.7438,0.7441,12.40,4.00
2010.05.26 03:54:40.736,0.7438,0.7441,14.80,1.60
2010.05.26 03:54:40.877,0.7438,0.7441,12.40,4.00
2010.05.26 03:54:43.247,0.7438,0.7441,12.40,2.40
2010.05.26 03:54:44.418,0.7438,0.7441,14.00,2.40
2010.05.26 03:54:46.676,0.7438,0.74415,16.40,15.20
2010.05.26 03:54:47.507,0.74385,0.74415,1.60,15.20
2010.05.26 03:54:47.643,0.7439,0.7441,1.00,2.40
2010.05.26 03:54:47.780,0.7439,0.74415,4.40,1.60
2010.05.26 03:54:47.908,0.7439,0.7442,4.00,4.80
2010.05.26 03:54:48.038,0.74385,0.7442,12.40,12.80
2010.05.26 03:54:49.997,0.74385,0.74415,10.00,2.40
2010.05.26 03:54:50.188,0.74385,0.7442,10.80,14.40
2010.05.26 03:54:50.567,0.74385,0.7442,12.40,12.80
2010.05.26 03:54:50.758,0.74385,0.74415,10.00,2.40
2010.05.26 03:54:50.957,0.74385,0.7442,10.80,14.40
2010.05.26 03:54:51.157,0.74385,0.74415,8.40,4.00
2010.05.26 03:54:51.359,0.7438,0.74415,18.00,14.40
2010.05.26 03:54:51.730,0.7438,0.7441,15.60,2.40
2010.05.26 03:54:52.347,0.7438,0.74415,18.00,14.40
2010.05.26 03:54:52.557,0.7438,0.7441,15.60,2.40
2010.05.26 03:54:53.208,0.7438,0.7441,15.20,2.40
2010.05.26 03:54:53.928,0.7438,0.7441,15.60,2.40
2010.05.26 03:54:54.635,0.7438,0.74415,18.00,14.40
2010.05.26 03:54:54.837,0.7438,0.74415,16.40,16.00
2010.05.26 03:54:55.039,0.7438,0.7441,14.00,2.40
2010.05.26 03:54:55.460,0.7438,0.7441,15.60,2.40
2010.05.26 03:54:56.847,0.7438,0.7441,15.20,2.40
2010.05.26 03:54:57.356,0.7438,0.7441,15.60,2.40
2010.05.26 03:54:57.617,0.7438,0.7441,15.20,2.40
2010.05.26 03:54:58.228,0.7438,0.7441,12.80,2.40
2010.05.26 03:54:58.350,0.7438,0.74405,8.00,2.40
2010.05.26 03:54:58.913,0.7438,0.7441,5.60,8.00
2010.05.26 03:54:59.127,0.7439,0.7442,14.80,3.20
2010.05.26 03:54:59.336,0.74395,0.7442,1.00,3.20
2010.05.26 03:54:59.543,0.744,0.7442,1.00,1.60
2010.05.26 03:55:00.002,0.744,0.74425,3.60,4.00
2010.05.26 03:55:00.342,0.7441,0.7444,12.00,4.00
2010.05.26 03:55:00.691,0.74415,0.74445,14.40,3.20
2010.05.26 03:55:01.029,0.74415,0.74445,17.60,1.60
2010.05.26 03:55:02.064,0.7441,0.7444,4.00,5.60
2010.05.26 03:55:02.738,0.7441,0.7444,4.10,5.60
2010.05.26 03:55:03.097,0.7441,0.7444,2.50,5.60
2010.05.26 03:55:03.334,0.7441,0.74435,1.60,10.80
2010.05.26 03:55:03.560,0.74405,0.7443,2.40,8.40
2010.05.26 03:55:03.791,0.744,0.7443,4.80,6.40
2010.05.26 03:55:04.325,0.744,0.74435,8.80,14.80
2010.05.26 03:55:05.572,0.744,0.7443,8.80,4.00
2010.05.26 03:55:05.997,0.744,0.7443,7.20,9.60
2010.05.26 03:55:06.339,0.744,0.7443,3.20,16.40
2010.05.26 03:55:06.680,0.744,0.7443,7.20,13.60
2010.05.26 03:55:06.958,0.744,0.7443,11.20,5.60
2010.05.26 03:55:07.245,0.74405,0.74435,8.00,6.40
2010.05.26 03:55:07.856,0.74405,0.74435,9.60,2.40
2010.05.26 03:55:08.144,0.74405,0.74435,15.20,2.40
2010.05.26 03:55:08.432,0.74405,0.74435,11.20,2.40
2010.05.26 03:55:12.002,0.744,0.74425,3.20,2.40
2010.05.26 03:55:12.383,0.744,0.74425,3.20,14.40
2010.05.26 03:55:12.719,0.744,0.74425,3.20,4.00
2010.05.26 03:55:13.299,0.74395,0.74425,15.20,4.00
2010.05.26 03:55:17.192,0.74395,0.74425,16.00,4.00
2010.05.26 03:55:17.450,0.74395,0.74425,16.00,2.40
2010.05.26 03:55:17.931,0.74395,0.74425,16.00,4.00
2010.05.26 03:55:18.278,0.74395,0.7442,16.00,1.00
2010.05.26 03:55:18.525,0.7439,0.7442,9.60,6.80
2010.05.26 03:55:18.763,0.7439,0.7442,4.00,8.40
2010.05.26 03:55:19.933,0.7439,0.7442,16.00,1.60
2010.05.26 03:55:20.279,0.74395,0.74425,1.60,14.80
2010.05.26 03:55:21.277,0.74395,0.74425,13.60,4.00
2010.05.26 03:55:21.581,0.74395,0.7443,15.20,16.40
2010.05.26 03:55:23.050,0.74395,0.74425,15.20,1.00
2010.05.26 03:55:23.446,0.74395,0.74425,4.80,13.20
2010.05.26 03:55:28.347,0.74395,0.74425,3.20,13.20
2010.05.26 03:55:28.467,0.74395,0.7442,3.20,12.40
2010.05.26 03:55:28.587,0.74395,0.7442,3.20,14.80
2010.05.26 03:55:32.118,0.74395,0.7442,3.20,13.20
2010.05.26 03:55:32.207,0.74395,0.7442,5.60,8.00
2010.05.26 03:55:32.388,0.74395,0.74425,9.60,4.00
2010.05.26 03:55:32.478,0.74395,0.7443,13.60,18.10
2010.05.26 03:55:37.846,0.74395,0.7443,16.00,15.60
2010.05.26 03:55:38.070,0.744,0.7443,8.00,3.20
2010.05.26 03:55:38.137,0.744,0.7443,15.20,1.60
2010.05.26 03:55:38.509,0.74405,0.74435,4.00,8.40
2010.05.26 03:55:38.584,0.74405,0.74435,9.60,1.60
2010.05.26 03:55:38.907,0.74405,0.7444,9.60,18.10
2010.05.26 03:55:41.050,0.74405,0.74435,9.60,1.60
2010.05.26 03:55:43.586,0.74405,0.74435,9.60,5.60
2010.05.26 03:55:43.657,0.74405,0.74435,5.60,12.00
2010.05.26 03:55:43.727,0.74405,0.74435,3.20,14.40
2010.05.26 03:55:43.778,0.74405,0.74435,3.20,14.80
2010.05.26 03:55:43.877,0.744,0.74435,9.70,16.40
2010.05.26 03:55:44.003,0.744,0.74435,9.60,16.40
2010.05.26 03:55:44.199,0.74405,0.74435,4.00,12.00
2010.05.26 03:55:44.248,0.74405,0.74435,10.40,5.60
2010.05.26 03:55:44.297,0.74405,0.74435,13.60,4.00
2010.05.26 03:55:44.348,0.74405,0.74435,16.00,1.60
2010.05.26 03:55:44.677,0.74405,0.74435,13.60,4.40
2010.05.26 03:55:44.778,0.74405,0.74435,7.20,10.80
2010.05.26 03:55:45.119,0.744,0.74435,9.60,16.40
2010.05.26 03:55:45.461,0.74405,0.74435,2.00,14.40
2010.05.26 03:55:45.806,0.74415,0.74435,2.40,4.00
2010.05.26 03:55:45.888,0.74415,0.7444,2.40,1.60
2010.05.26 03:55:45.968,0.74415,0.7444,8.00,1.60
2010.05.26 03:55:46.049,0.7442,0.74445,2.40,6.50
2010.05.26 03:55:46.128,0.74415,0.74445,9.60,8.90
2010.05.26 03:55:46.208,0.74415,0.74445,5.60,12.80
2010.05.26 03:55:46.610,0.7441,0.74445,16.00,12.80
2010.05.26 03:55:46.695,0.74405,0.74435,9.60,2.40
2010.05.26 03:55:46.780,0.74405,0.74435,5.60,10.80
2010.05.26 03:55:47.198,0.74405,0.74435,3.20,13.20
2010.05.26 03:55:47.537,0.74405,0.74435,3.20,14.80
2010.05.26 03:55:47.878,0.74405,0.74435,3.20,16.40
2010.05.26 03:55:49.166,0.74405,0.74435,3.20,14.00
2010.05.26 03:55:49.279,0.74405,0.74435,9.60,1.60
2010.05.26 03:55:50.277,0.74405,0.7444,9.60,18.10
2010.05.26 03:55:51.187,0.74405,0.7443,9.60,1.00
2010.05.26 03:55:52.221,0.74405,0.74435,5.60,10.10
2010.05.26 03:55:52.417,0.74405,0.7443,1.60,1.60
2010.05.26 03:55:53.139,0.74405,0.74435,8.00,1.70
2010.05.26 03:55:53.379,0.74405,0.74435,8.00,1.60
2010.05.26 03:55:53.870,0.74405,0.7444,9.60,18.90
2010.05.26 03:55:55.937,0.74405,0.7444,11.20,18.80
2010.05.26 03:55:56.047,0.74405,0.7444,11.20,12.80
2010.05.26 03:55:56.158,0.7441,0.7444,1.60,5.60
2010.05.26 03:55:56.266,0.7441,0.7444,1.60,3.20
2010.05.26 03:55:56.946,0.7441,0.7444,1.60,1.60
2010.05.26 03:55:57.158,0.7441,0.7443,1.60,1.60
2010.05.26 03:55:57.793,0.74405,0.7444,17.60,3.20
2010.05.26 03:55:57.917,0.74405,0.7444,18.40,3.20
2010.05.26 03:55:58.046,0.7441,0.7444,1.60,3.20
2010.05.26 03:56:00.362,0.74415,0.74445,1.60,5.70
2010.05.26 03:56:00.700,0.7441,0.7444,1.60,3.60
2010.05.26 03:56:01.032,0.74405,0.7444,16.80,5.20
2010.05.26 03:56:01.275,0.74405,0.7444,11.20,18.00
2010.05.26 03:56:01.519,0.74405,0.74435,9.60,1.60
2010.05.26 03:56:02.540,0.74405,0.7444,9.60,18.80
2010.05.26 03:56:02.886,0.744,0.7443,2.40,16.40
2010.05.26 03:56:03.141,0.744,0.7443,2.40,18.00
2010.05.26 03:56:03.638,0.744,0.7443,2.40,16.40
2010.05.26 03:56:04.329,0.744,0.7443,8.00,6.80
2010.05.26 03:56:04.697,0.74405,0.7443,2.40,6.40
2010.05.26 03:56:04.929,0.7441,0.74435,2.40,8.00
2010.05.26 03:56:05.214,0.7441,0.7444,14.40,4.00
2010.05.26 03:56:05.501,0.7441,0.7444,6.40,4.00
2010.05.26 03:56:05.784,0.7441,0.7444,5.60,4.00
2010.05.26 03:56:08.657,0.7441,0.7444,13.60,4.00
2010.05.26 03:56:08.917,0.7441,0.7444,16.00,4.00
2010.05.26 03:56:09.166,0.7441,0.7444,8.00,4.00
2010.05.26 03:56:09.287,0.7441,0.7444,5.60,4.00
2010.05.26 03:56:11.106,0.7441,0.7444,6.40,4.00
2010.05.26 03:56:11.150,0.74425,0.74445,4.00,2.40
2010.05.26 03:56:11.184,0.74425,0.74455,4.00,16.40
2010.05.26 03:56:11.210,0.74425,0.74455,4.00,15.60
2010.05.26 03:56:11.704,0.74425,0.74455,9.60,5.90
2010.05.26 03:56:12.051,0.74425,0.74455,9.60,8.80
2010.05.26 03:56:12.390,0.74425,0.74455,9.60,4.80
2010.05.26 03:56:12.730,0.74425,0.74455,11.20,10.60
2010.05.26 03:56:13.000,0.74425,0.74455,7.20,10.20
2010.05.26 03:56:13.271,0.74425,0.74455,10.40,6.00
2010.05.26 03:56:13.609,0.74425,0.74455,10.40,7.60
2010.05.26 03:56:13.882,0.74425,0.74455,15.60,5.80
2010.05.26 03:56:14.028,0.7443,0.74455,2.40,3.40
2010.05.26 03:56:14.178,0.7443,0.74455,8.00,1.80
2010.05.26 03:56:14.780,0.7443,0.74455,5.60,7.00
2010.05.26 03:56:14.932,0.7443,0.74455,8.00,4.20
2010.05.26 03:56:15.425,0.7443,0.74455,6.40,1.80
2010.05.26 03:56:15.775,0.74435,0.74455,4.00,8.20
2010.05.26 03:56:16.125,0.74435,0.74455,8.00,1.00
2010.05.26 03:56:16.307,0.74435,0.74465,8.00,8.00
2010.05.26 03:56:19.846,0.74435,0.74465,8.00,5.60
2010.05.26 03:56:22.241,0.74435,0.74465,11.20,5.60
2010.05.26 03:56:23.838,0.74435,0.74465,15.20,5.60
2010.05.26 03:56:24.047,0.74435,0.74465,17.60,5.60
2010.05.26 03:56:24.970,0.74435,0.74465,13.60,5.60
2010.05.26 03:56:25.307,0.74435,0.74465,11.20,5.60
2010.05.26 03:56:25.647,0.74435,0.74465,11.20,7.20
2010.05.26 03:56:26.418,0.74435,0.74465,11.20,5.60
2010.05.26 03:56:27.172,0.74435,0.74465,11.20,7.20
2010.05.26 03:56:27.388,0.74435,0.74465,11.20,6.10
2010.05.26 03:56:27.974,0.74435,0.74465,15.20,4.00
2010.05.26 03:56:28.278,0.74435,0.74465,17.60,4.00
2010.05.26 03:56:29.552,0.74435,0.74465,13.60,4.00
2010.05.26 03:56:29.878,0.74435,0.74465,11.20,4.00
2010.05.26 03:56:30.488,0.74435,0.7447,12.00,16.50
2010.05.26 03:56:30.770,0.7444,0.7447,1.60,16.10
2010.05.26 03:56:31.051,0.7444,0.74465,1.60,4.10
2010.05.26 03:56:31.222,0.74435,0.74465,11.20,4.00
2010.05.26 03:56:31.929,0.74435,0.74465,11.20,4.10
2010.05.26 03:56:32.641,0.74435,0.74465,11.20,4.00
2010.05.26 03:56:33.090,0.74435,0.74465,11.20,4.10
2010.05.26 03:56:33.621,0.74435,0.74465,11.20,4.00
2010.05.26 03:56:33.714,0.74435,0.74465,12.00,4.00
2010.05.26 03:56:33.877,0.7444,0.74465,1.60,4.00
2010.05.26 03:56:34.744,0.74435,0.74455,3.20,1.60
2010.05.26 03:56:34.977,0.74435,0.7446,3.20,4.00
2010.05.26 03:56:35.217,0.74435,0.7446,4.80,4.00
2010.05.26 03:56:36.199,0.7444,0.74465,1.60,16.00
2010.05.26 03:56:36.548,0.7444,0.74465,1.60,16.10
2010.05.26 03:56:37.202,0.7444,0.74465,3.20,16.00
2010.05.26 03:56:37.380,0.7444,0.7447,3.20,16.10
2010.05.26 03:56:38.399,0.7444,0.74465,3.20,5.60
2010.05.26 03:56:38.738,0.7444,0.74465,3.20,4.00
2010.05.26 03:56:39.473,0.7444,0.74465,1.60,4.00
2010.05.26 03:56:39.579,0.74435,0.74465,14.40,7.70
2010.05.26 03:56:39.678,0.74435,0.74465,9.60,7.70
2010.05.26 03:56:39.781,0.7443,0.74465,13.60,7.70
2010.05.26 03:56:40.121,0.7443,0.7446,13.60,1.60
2010.05.26 03:56:40.800,0.7443,0.74465,13.60,7.70
2010.05.26 03:56:41.958,0.7443,0.74465,13.60,7.60
2010.05.26 03:56:42.139,0.74435,0.74465,1.60,7.60
2010.05.26 03:56:42.545,0.74435,0.74465,1.60,5.20
2010.05.26 03:56:42.725,0.7443,0.74455,13.60,1.60
2010.05.26 03:56:42.900,0.7443,0.74455,2.40,1.60
2010.05.26 03:56:43.238,0.74425,0.74455,19.20,1.60
2010.05.26 03:56:43.578,0.74425,0.74455,17.60,1.60
2010.05.26 03:56:45.414,0.74425,0.74455,17.60,1.70
2010.05.26 03:56:45.954,0.74435,0.7446,1.60,5.60
2010.05.26 03:56:46.457,0.74435,0.7446,9.60,1.60
2010.05.26 03:56:46.807,0.74435,0.7446,12.00,1.00
2010.05.26 03:56:47.152,0.74435,0.7446,12.00,2.00
2010.05.26 03:56:47.490,0.7443,0.74455,4.00,1.60
2010.05.26 03:56:47.955,0.7443,0.7446,5.60,4.40
2010.05.26 03:56:48.305,0.7443,0.7446,10.40,1.60
2010.05.26 03:56:48.653,0.74425,0.7445,5.60,1.60
2010.05.26 03:56:48.890,0.7442,0.7445,7.20,5.60
2010.05.26 03:56:49.133,0.7442,0.7445,5.60,5.60
2010.05.26 03:56:49.692,0.74415,0.7445,19.30,2.40
2010.05.26 03:56:50.040,0.7442,0.74455,16.00,12.00
2010.05.26 03:56:50.379,0.7442,0.74455,16.00,10.40
2010.05.26 03:56:50.719,0.7442,0.74455,16.10,12.00
2010.05.26 03:56:50.878,0.7442,0.74455,16.00,12.00
2010.05.26 03:56:51.038,0.7442,0.7445,12.00,1.60
2010.05.26 03:56:51.198,0.7442,0.7445,5.60,4.00
2010.05.26 03:56:51.357,0.7442,0.7445,1.60,4.00
2010.05.26 03:56:52.208,0.7442,0.7445,1.60,5.60
2010.05.26 03:56:52.378,0.74415,0.7445,18.40,5.70
2010.05.26 03:56:52.777,0.74415,0.74445,17.60,1.60
2010.05.26 03:56:52.941,0.7442,0.7445,1.60,9.60
2010.05.26 03:56:53.087,0.7442,0.7445,1.60,12.00
2010.05.26 03:56:53.239,0.7442,0.7445,3.30,10.40
2010.05.26 03:56:55.569,0.74425,0.7445,1.60,2.40
2010.05.26 03:56:56.006,0.7443,0.74455,1.60,6.40
2010.05.26 03:56:56.142,0.7443,0.7446,4.00,9.60
2010.05.26 03:56:56.271,0.7443,0.7446,12.00,1.60
2010.05.26 03:56:56.399,0.7443,0.7446,12.10,1.60
2010.05.26 03:56:56.678,0.7443,0.7446,5.70,1.60
2010.05.26 03:56:57.498,0.7443,0.7446,5.60,1.60
2010.05.26 03:56:57.739,0.7443,0.74455,5.60,1.60
2010.05.26 03:56:58.275,0.7443,0.74455,1.60,1.60
2010.05.26 03:57:00.077,0.7443,0.74455,1.60,1.60
2010.05.26 03:57:00.207,0.7443,0.74455,1.70,1.60
2010.05.26 03:57:00.337,0.7443,0.74455,1.60,1.60
2010.05.26 03:57:02.945,0.7443,0.74445,1.60,2.40
2010.05.26 03:57:03.114,0.7441,0.7444,11.20,2.80
2010.05.26 03:57:03.280,0.74415,0.7444,1.60,8.80
2010.05.26 03:57:03.439,0.74415,0.74445,1.60,11.60
2010.05.26 03:57:03.598,0.7441,0.74445,13.60,13.20
2010.05.26 03:57:05.499,0.7441,0.74445,13.70,13.20
2010.05.26 03:57:06.158,0.74415,0.74445,4.00,10.00
2010.05.26 03:57:06.554,0.7443,0.74445,2.00,6.40
2010.05.26 03:57:06.677,0.74435,0.74455,6.40,1.60
2010.05.26 03:57:06.900,0.7443,0.74455,10.40,1.60
2010.05.26 03:57:07.008,0.7443,0.74455,8.00,1.60
2010.05.26 03:57:07.120,0.74435,0.74455,2.40,1.60
2010.05.26 03:57:07.230,0.74435,0.74455,6.40,1.60
2010.05.26 03:57:07.448,0.74435,0.74465,8.00,5.60
2010.05.26 03:57:10.189,0.74425,0.7445,4.80,2.40
2010.05.26 03:57:10.358,0.74435,0.74455,2.40,10.40
2010.05.26 03:57:10.529,0.74435,0.74465,6.40,6.40
2010.05.26 03:57:10.698,0.74435,0.74465,8.00,5.60
2010.05.26 03:57:11.184,0.74435,0.74455,2.40,1.60
2010.05.26 03:57:11.402,0.7443,0.74455,6.40,3.60
2010.05.26 03:57:11.621,0.74425,0.7445,10.40,2.40
2010.05.26 03:57:11.840,0.74425,0.7445,6.40,2.40
2010.05.26 03:57:12.058,0.74425,0.7445,3.20,2.40
2010.05.26 03:57:16.797,0.74425,0.7445,4.80,2.40
2010.05.26 03:57:16.908,0.74425,0.7445,12.00,2.40
2010.05.26 03:57:17.018,0.74425,0.74455,18.40,5.60
2010.05.26 03:57:17.127,0.74425,0.74455,18.40,4.00
2010.05.26 03:57:17.237,0.74425,0.74455,20.00,4.00
2010.05.26 03:57:17.458,0.7443,0.74455,11.20,1.60
2010.05.26 03:57:18.139,0.7443,0.7445,8.80,2.40
2010.05.26 03:57:18.480,0.74425,0.7445,6.40,4.00
2010.05.26 03:57:18.817,0.74425,0.7445,4.00,4.00
2010.05.26 03:57:19.721,0.74425,0.74455,18.40,4.00
2010.05.26 03:57:20.367,0.74425,0.74455,18.40,5.60
2010.05.26 03:57:20.618,0.74425,0.74455,14.40,5.60
2010.05.26 03:57:20.809,0.74425,0.7445,3.20,4.00
2010.05.26 03:57:21.827,0.7442,0.7445,19.30,4.00
2010.05.26 03:57:22.808,0.7442,0.7445,17.60,5.60
2010.05.26 03:57:23.313,0.74415,0.74445,19.30,2.40
2010.05.26 03:57:23.747,0.74415,0.74445,17.70,4.00
2010.05.26 03:57:23.837,0.74415,0.74445,19.30,2.40
2010.05.26 03:57:31.078,0.74415,0.74445,16.10,4.00
2010.05.26 03:57:31.907,0.74415,0.74445,14.50,4.00
2010.05.26 03:57:33.360,0.74415,0.74445,16.10,4.00
2010.05.26 03:57:34.293,0.74415,0.74445,16.00,4.00
2010.05.26 03:57:34.490,0.74415,0.74445,14.40,4.00
2010.05.26 03:57:37.469,0.7442,0.74445,5.60,4.00
2010.05.26 03:57:37.556,0.7442,0.74445,8.00,1.60
2010.05.26 03:57:41.228,0.7442,0.7444,5.60,2.40
2010.05.26 03:57:41.350,0.74415,0.7444,1.60,4.40
2010.05.26 03:57:41.469,0.7441,0.7444,2.40,6.80
2010.05.26 03:57:41.590,0.74405,0.74435,4.80,2.00
2010.05.26 03:57:42.266,0.74405,0.74435,3.20,4.00
2010.05.26 03:57:44.009,0.74405,0.74435,4.80,1.60
2010.05.26 03:57:44.078,0.7441,0.74435,2.40,1.60
2010.05.26 03:57:44.208,0.7441,0.74435,6.40,1.60
2010.05.26 03:57:44.278,0.7441,0.7444,6.40,4.10
2010.05.26 03:57:44.651,0.7441,0.7444,6.40,4.00
2010.05.26 03:57:44.721,0.7441,0.7444,6.40,1.70
2010.05.26 03:57:45.082,0.7441,0.7444,6.40,1.60
2010.05.26 03:57:45.758,0.7441,0.7444,6.40,1.70
2010.05.26 03:57:46.098,0.7441,0.7444,6.40,1.60
2010.05.26 03:57:46.862,0.7441,0.7444,6.40,1.70
2010.05.26 03:57:47.489,0.7441,0.7444,6.40,9.60
2010.05.26 03:57:47.829,0.7441,0.7444,2.40,13.70
2010.05.26 03:57:48.168,0.7441,0.7444,2.40,13.60
2010.05.26 03:57:48.681,0.7441,0.7444,6.40,9.60
2010.05.26 03:57:48.896,0.7442,0.74445,6.40,1.60
2010.05.26 03:57:49.544,0.74425,0.74445,2.40,1.60
2010.05.26 03:57:49.791,0.74425,0.7445,2.40,1.60
2010.05.26 03:57:50.909,0.74425,0.7445,4.80,1.60
2010.05.26 03:57:51.258,0.74425,0.7445,9.20,1.60
2010.05.26 03:57:51.464,0.74425,0.7445,2.40,2.40
2010.05.26 03:57:51.547,0.7442,0.7445,4.00,2.40
2010.05.26 03:57:51.867,0.7442,0.7445,5.60,2.40
2010.05.26 03:57:51.948,0.7442,0.7445,6.00,2.40
2010.05.26 03:57:52.028,0.74425,0.7445,2.40,2.40
2010.05.26 03:57:52.503,0.74425,0.7445,2.40,1.60
2010.05.26 03:57:52.850,0.74425,0.7445,2.40,8.00
2010.05.26 03:57:53.198,0.74425,0.7445,4.00,6.40
2010.05.26 03:57:53.533,0.7443,0.74455,4.00,1.60
2010.05.26 03:57:53.778,0.7443,0.7446,4.00,17.60
2010.05.26 03:57:54.018,0.7443,0.7446,4.00,16.00
2010.05.26 03:57:55.269,0.7443,0.7446,4.00,17.60
2010.05.26 03:57:55.950,0.74435,0.7446,1.60,16.00
2010.05.26 03:57:56.617,0.7443,0.74455,4.00,1.60
2010.05.26 03:58:00.187,0.74435,0.7446,1.60,16.00
2010.05.26 03:58:01.270,0.74445,0.7446,2.40,12.00
2010.05.26 03:58:01.673,0.74445,0.7446,2.40,6.40
2010.05.26 03:58:01.775,0.74445,0.7447,2.40,3.20
2010.05.26 03:58:02.020,0.74445,0.7447,2.40,1.60
2010.05.26 03:58:02.107,0.74445,0.74475,2.40,17.70
2010.05.26 03:58:02.277,0.74445,0.74475,2.40,16.10
2010.05.26 03:58:02.959,0.74445,0.74475,5.60,16.10
2010.05.26 03:58:03.299,0.74445,0.74475,5.60,10.50
2010.05.26 03:58:03.716,0.74445,0.74475,8.00,8.10
2010.05.26 03:58:03.836,0.7445,0.7448,3.20,16.10
2010.05.26 03:58:03.951,0.74455,0.7448,2.40,6.40
2010.05.26 03:58:04.060,0.74455,0.7448,2.40,4.00
2010.05.26 03:58:06.448,0.74455,0.7448,2.40,4.10
2010.05.26 03:58:06.539,0.7445,0.74475,4.00,4.80
2010.05.26 03:58:06.708,0.74445,0.74475,5.60,8.80
2010.05.26 03:58:06.879,0.74445,0.74475,7.20,8.80
2010.05.26 03:58:07.337,0.7445,0.74475,1.70,6.40
2010.05.26 03:58:07.421,0.74455,0.74475,2.40,2.40
2010.05.26 03:58:07.761,0.74455,0.74485,6.40,6.40
2010.05.26 03:58:08.100,0.74455,0.7448,2.40,4.00
2010.05.26 03:58:10.331,0.74465,0.74485,1.60,12.80
2010.05.26 03:58:10.671,0.74455,0.7448,4.80,4.00
2010.05.26 03:58:11.009,0.74455,0.7448,2.40,4.00
2010.05.26 03:58:13.970,0.7446,0.74485,4.00,8.00
2010.05.26 03:58:14.279,0.7446,0.7449,9.60,5.60
2010.05.26 03:58:15.747,0.7446,0.74485,7.20,2.40
2010.05.26 03:58:15.963,0.7446,0.74485,1.60,2.40
2010.05.26 03:58:18.368,0.74465,0.74485,1.00,2.40
2010.05.26 03:58:18.883,0.74485,0.7449,4.40,2.40
2010.05.26 03:58:19.047,0.7449,0.74515,2.40,1.60
2010.05.26 03:58:19.200,0.7449,0.74515,4.80,1.60
2010.05.26 03:58:19.348,0.7449,0.74515,2.40,1.60
2010.05.26 03:58:19.500,0.7449,0.74515,2.40,2.40
2010.05.26 03:58:20.478,0.7449,0.74515,6.40,1.60
2010.05.26 03:58:20.842,0.74485,0.74515,17.60,4.00
2010.05.26 03:58:21.020,0.74485,0.74515,15.20,4.00
2010.05.26 03:58:21.198,0.74485,0.74515,13.60,4.00
2010.05.26 03:58:21.550,0.7449,0.74515,2.40,1.60
2010.05.26 03:58:22.130,0.7449,0.74515,6.80,1.60
2010.05.26 03:58:22.433,0.7449,0.74515,4.40,4.00
2010.05.26 03:58:22.735,0.7449,0.74515,6.80,5.60
2010.05.26 03:58:23.410,0.74505,0.7453,2.40,5.60
2010.05.26 03:58:23.756,0.7451,0.74535,2.40,9.60
2010.05.26 03:58:23.993,0.74515,0.74535,2.40,4.00
2010.05.26 03:58:24.231,0.74515,0.74535,2.40,1.60
2010.05.26 03:58:25.341,0.7451,0.74535,4.00,8.00
2010.05.26 03:58:25.679,0.7451,0.74535,4.00,12.00
2010.05.26 03:58:26.359,0.7451,0.74535,2.40,12.00
2010.05.26 03:58:26.602,0.7451,0.74525,2.40,8.00
2010.05.26 03:58:27.074,0.7451,0.7453,2.40,1.60
2010.05.26 03:58:27.245,0.74505,0.7453,4.90,2.40
2010.05.26 03:58:27.409,0.74505,0.7453,3.30,2.40
2010.05.26 03:58:27.579,0.74505,0.7453,1.70,2.40
2010.05.26 03:58:28.062,0.74505,0.7453,3.20,2.40
2010.05.26 03:58:28.411,0.7451,0.74535,1.60,4.00
2010.05.26 03:58:29.091,0.74505,0.74535,8.90,4.00
2010.05.26 03:58:29.606,0.7451,0.74535,1.00,4.00
2010.05.26 03:58:29.956,0.74505,0.74535,1.60,1.60
2010.05.26 03:58:30.302,0.74505,0.74535,1.60,17.20
2010.05.26 03:58:30.640,0.745,0.74535,4.90,17.20
2010.05.26 03:58:31.458,0.745,0.74535,4.80,17.20
2010.05.26 03:58:31.854,0.745,0.74535,4.90,17.20
2010.05.26 03:58:32.002,0.745,0.7453,1.70,1.60
2010.05.26 03:58:32.769,0.74505,0.7453,1.60,1.60
2010.05.26 03:58:33.110,0.74505,0.7453,1.00,14.80
2010.05.26 03:58:33.450,0.74505,0.74535,2.40,6.40
2010.05.26 03:58:33.878,0.74505,0.74535,2.40,4.00
2010.05.26 03:58:34.092,0.74505,0.74535,2.40,6.40
2010.05.26 03:58:34.302,0.74505,0.74535,2.40,17.20
2010.05.26 03:58:34.510,0.74505,0.74535,4.00,4.00
2010.05.26 03:58:35.598,0.74505,0.74535,6.50,4.00
2010.05.26 03:58:35.984,0.74505,0.74535,10.90,4.00
2010.05.26 03:58:36.230,0.74505,0.74535,18.90,1.60
2010.05.26 03:58:37.300,0.7451,0.74535,1.00,1.60
2010.05.26 03:58:38.718,0.7451,0.7454,1.70,10.40
2010.05.26 03:58:38.858,0.7451,0.7454,1.60,10.80
2010.05.26 03:58:38.998,0.7451,0.74535,1.60,1.60
2010.05.26 03:58:40.610,0.74505,0.7453,1.60,2.40
2010.05.26 03:58:40.881,0.74505,0.74535,4.00,4.00
2010.05.26 03:58:41.151,0.74505,0.7454,14.00,12.00
2010.05.26 03:58:41.309,0.74505,0.7454,16.40,12.00
2010.05.26 03:58:41.468,0.74505,0.7454,16.50,12.00
2010.05.26 03:58:41.629,0.74505,0.7454,16.50,8.80
2010.05.26 03:58:42.083,0.7451,0.7454,10.00,6.40
2010.05.26 03:58:42.244,0.7451,0.74545,18.00,14.40
2010.05.26 03:58:42.594,0.74515,0.74545,11.20,8.80
2010.05.26 03:58:42.943,0.74515,0.74545,17.70,5.60
2010.05.26 03:58:43.291,0.74515,0.74545,13.60,5.60
2010.05.26 03:58:43.511,0.7451,0.74545,12.00,14.00
2010.05.26 03:58:43.842,0.7451,0.74545,10.40,14.00
2010.05.26 03:58:44.068,0.7451,0.74535,1.60,8.00
2010.05.26 03:58:44.730,0.7451,0.74535,7.20,4.00
2010.05.26 03:58:44.968,0.7451,0.7454,7.20,10.40
2010.05.26 03:58:47.028,0.7451,0.7454,7.30,10.40
2010.05.26 03:58:47.563,0.7451,0.7454,8.90,10.40
2010.05.26 03:58:48.178,0.7451,0.74535,5.60,1.60
2010.05.26 03:58:48.349,0.7451,0.74535,3.20,12.00
2010.05.26 03:58:49.078,0.7451,0.74535,3.30,12.00
2010.05.26 03:58:49.307,0.7451,0.74535,3.20,12.00
2010.05.26 03:58:50.029,0.7451,0.74535,3.30,12.00
2010.05.26 03:58:50.458,0.7451,0.7453,3.20,4.00
2010.05.26 03:58:50.677,0.7451,0.7453,3.30,4.00
2010.05.26 03:58:51.372,0.7451,0.7453,3.20,4.00
2010.05.26 03:58:51.598,0.7451,0.7453,4.80,4.00
2010.05.26 03:58:51.837,0.7451,0.74535,4.80,8.00
2010.05.26 03:58:51.897,0.7451,0.74535,3.20,8.00
2010.05.26 03:58:52.019,0.7451,0.74535,3.20,9.60
2010.05.26 03:58:52.440,0.7451,0.74535,3.20,12.00
2010.05.26 03:58:52.782,0.74515,0.7453,1.60,4.00
2010.05.26 03:58:53.121,0.74515,0.74535,1.60,1.60
2010.05.26 03:58:55.359,0.7451,0.74535,3.30,1.60
2010.05.26 03:58:57.141,0.7451,0.74535,1.70,1.60
2010.05.26 03:58:57.308,0.7451,0.74535,1.60,1.60
2010.05.26 03:58:57.398,0.7451,0.74535,3.20,1.60
2010.05.26 03:58:57.841,0.7451,0.74535,1.60,1.60
2010.05.26 03:58:58.182,0.7451,0.7454,3.30,9.20
2010.05.26 03:58:58.522,0.7451,0.7454,4.90,2.40
2010.05.26 03:58:59.412,0.74515,0.7454,1.00,2.40
2010.05.26 03:59:00.250,0.74515,0.74535,1.00,1.00
2010.05.26 03:59:00.479,0.74505,0.7453,8.00,2.40
2010.05.26 03:59:00.709,0.74505,0.7453,7.60,2.40
2010.05.26 03:59:01.144,0.7451,0.74535,8.80,4.00
2010.05.26 03:59:01.396,0.7451,0.74545,7.20,16.40
2010.05.26 03:59:01.644,0.74515,0.74545,1.60,16.00
2010.05.26 03:59:01.889,0.74515,0.74545,7.20,5.60
2010.05.26 03:59:02.129,0.74515,0.74545,8.80,3.20
2010.05.26 03:59:02.661,0.74515,0.74545,8.80,1.60
2010.05.26 03:59:03.001,0.7453,0.74545,4.00,4.00
2010.05.26 03:59:03.347,0.7453,0.74545,2.40,1.60
2010.05.26 03:59:03.620,0.7452,0.74545,7.20,1.60
2010.05.26 03:59:04.217,0.74525,0.74545,2.40,1.60
2010.05.26 03:59:04.478,0.74525,0.7455,4.00,6.40
2010.05.26 03:59:04.729,0.7453,0.7455,2.40,4.00
2010.05.26 03:59:04.979,0.7453,0.74555,2.40,9.60
2010.05.26 03:59:05.232,0.74535,0.74555,5.60,8.00
2010.05.26 03:59:05.552,0.7454,0.74555,2.40,1.60
2010.05.26 03:59:05.882,0.74525,0.74555,7.20,10.40
2010.05.26 03:59:06.202,0.7453,0.74565,12.80,13.60
2010.05.26 03:59:06.555,0.74535,0.74565,2.40,16.00
2010.05.26 03:59:07.013,0.74535,0.74565,2.40,14.40
2010.05.26 03:59:07.514,0.7454,0.74565,1.60,2.40
2010.05.26 03:59:07.865,0.74545,0.7457,2.40,3.20
2010.05.26 03:59:08.256,0.74545,0.7457,2.40,5.60
2010.05.26 03:59:08.601,0.7454,0.7457,9.70,5.60
2010.05.26 03:59:09.645,0.7454,0.7457,7.20,5.60
2010.05.26 03:59:09.889,0.7454,0.7457,1.60,16.40
2010.05.26 03:59:10.138,0.7454,0.7457,1.60,14.80
2010.05.26 03:59:10.391,0.74545,0.7457,1.60,4.00
2010.05.26 03:59:10.928,0.74545,0.74565,2.40,1.60
2010.05.26 03:59:11.222,0.7454,0.74565,5.60,4.00
2010.05.26 03:59:11.510,0.7454,0.7457,7.20,6.40
2010.05.26 03:59:11.799,0.7454,0.7457,1.60,14.80
2010.05.26 03:59:12.090,0.7454,0.7457,9.60,2.40
2010.05.26 03:59:12.379,0.7454,0.7457,3.20,16.40
2010.05.26 03:59:12.670,0.74535,0.7457,15.30,17.20
2010.05.26 03:59:13.359,0.74535,0.7457,13.70,17.20
2010.05.26 03:59:13.778,0.7454,0.7457,4.00,13.20
2010.05.26 03:59:13.989,0.7454,0.7457,8.00,2.40
2010.05.26 03:59:14.198,0.7454,0.7457,8.00,1.60
2010.05.26 03:59:14.620,0.7454,0.7456,4.00,1.60
2010.05.26 03:59:15.141,0.7454,0.7456,6.40,1.60
2010.05.26 03:59:15.353,0.7454,0.7457,4.00,6.80
2010.05.26 03:59:15.659,0.74535,0.7457,15.20,17.20
2010.05.26 03:59:16.560,0.7454,0.7457,3.20,12.40
2010.05.26 03:59:16.639,0.7454,0.7457,12.80,5.60
2010.05.26 03:59:16.723,0.7454,0.7457,12.80,4.00
2010.05.26 03:59:16.799,0.7455,0.74575,2.40,12.00
2010.05.26 03:59:16.878,0.7455,0.74575,2.40,8.00
2010.05.26 03:59:16.958,0.7455,0.74575,6.40,1.60
2010.05.26 03:59:17.110,0.7455,0.74575,6.40,3.20
2010.05.26 03:59:17.474,0.74545,0.74575,8.80,3.20
2010.05.26 03:59:17.811,0.74545,0.74575,8.00,1.60
2010.05.26 03:59:18.481,0.74545,0.7457,6.40,1.60
2010.05.26 03:59:18.690,0.74545,0.7457,2.40,1.60
2010.05.26 03:59:19.499,0.74545,0.7457,2.40,2.00
2010.05.26 03:59:19.729,0.7454,0.7457,4.00,16.40
2010.05.26 03:59:19.959,0.7454,0.7457,2.40,16.40
2010.05.26 03:59:20.898,0.7454,0.7457,2.40,18.00
2010.05.26 03:59:21.380,0.7454,0.7457,2.40,16.40
2010.05.26 03:59:21.968,0.7454,0.7457,2.40,16.50
2010.05.26 03:59:22.298,0.7454,0.74565,2.40,10.40
2010.05.26 03:59:22.626,0.7454,0.74555,2.40,1.60
2010.05.26 03:59:22.932,0.7454,0.7456,1.60,2.40
2010.05.26 03:59:23.415,0.74545,0.7456,2.40,2.40
2010.05.26 03:59:23.723,0.74545,0.7457,2.40,3.20
2010.05.26 03:59:24.931,0.74545,0.7457,2.40,6.90
2010.05.26 03:59:25.171,0.7454,0.74565,4.00,1.60
2010.05.26 03:59:25.409,0.7454,0.74565,2.40,1.60
2010.05.26 03:59:26.033,0.7453,0.74565,19.30,12.40
2010.05.26 03:59:26.241,0.74535,0.7456,2.40,1.60
2010.05.26 03:59:26.640,0.74535,0.74565,2.40,12.00
2010.05.26 03:59:27.592,0.7454,0.74565,8.00,2.40
2010.05.26 03:59:27.860,0.7454,0.7457,8.00,3.20
2010.05.26 03:59:28.505,0.74545,0.7457,12.00,4.00
2010.05.26 03:59:28.780,0.74545,0.7457,12.00,1.60
2010.05.26 03:59:29.049,0.74545,0.7457,15.20,1.60
2010.05.26 03:59:29.498,0.74545,0.7457,16.80,1.60
2010.05.26 03:59:29.678,0.7455,0.7457,2.40,1.60
2010.05.26 03:59:29.859,0.7455,0.7457,4.00,1.60
2010.05.26 03:59:30.040,0.7455,0.7458,5.60,16.80
2010.05.26 03:59:30.219,0.74545,0.7457,15.20,1.60
2010.05.26 03:59:30.692,0.7455,0.7458,4.00,16.80
2010.05.26 03:59:30.971,0.7455,0.7458,9.60,5.60
2010.05.26 03:59:33.048,0.74555,0.7458,2.40,3.20
2010.05.26 03:59:33.398,0.74555,0.7458,2.40,1.60
2010.05.26 03:59:35.098,0.74555,0.7458,5.60,1.60
2010.05.26 03:59:35.369,0.74555,0.7458,7.20,1.60
2010.05.26 03:59:35.904,0.74555,0.7458,5.60,1.60
2010.05.26 03:59:36.828,0.74555,0.7457,5.60,4.00
2010.05.26 03:59:37.071,0.74545,0.74565,4.80,1.60
2010.05.26 03:59:37.415,0.74555,0.7457,2.40,2.40
2010.05.26 03:59:37.768,0.7455,0.7458,5.60,16.40
2010.05.26 03:59:38.109,0.7455,0.7458,2.40,16.40
2010.05.26 03:59:38.451,0.74545,0.7457,13.60,1.60
2010.05.26 03:59:38.668,0.74545,0.7457,5.60,1.60
2010.05.26 03:59:39.311,0.7455,0.74575,2.40,4.80
2010.05.26 03:59:39.409,0.7455,0.74575,2.40,2.40
2010.05.26 03:59:40.744,0.74545,0.7457,2.40,1.60
2010.05.26 03:59:44.306,0.74545,0.74575,5.60,10.50
2010.05.26 03:59:44.412,0.74545,0.74575,5.60,10.40
2010.05.26 03:59:44.528,0.74545,0.74575,11.20,2.40
2010.05.26 03:59:44.665,0.74545,0.7458,11.20,18.90
2010.05.26 03:59:44.840,0.74545,0.7457,11.20,1.60
2010.05.26 03:59:44.900,0.74545,0.7457,9.60,1.60
2010.05.26 03:59:45.271,0.74545,0.7457,7.20,1.60
2010.05.26 03:59:45.339,0.74545,0.7457,3.20,1.60
2010.05.26 03:59:46.019,0.74545,0.74575,7.20,2.40
2010.05.26 03:59:46.358,0.74545,0.7458,7.20,18.80
2010.05.26 03:59:46.460,0.7455,0.7458,8.00,8.90
2010.05.26 03:59:46.560,0.74555,0.7458,2.40,12.10
2010.05.26 03:59:46.662,0.74545,0.7457,4.00,8.00
2010.05.26 03:59:47.086,0.74545,0.7457,1.00,8.40
2010.05.26 03:59:47.195,0.74535,0.74565,7.20,8.00
2010.05.26 03:59:47.299,0.74535,0.74565,7.20,8.40
2010.05.26 03:59:47.638,0.74535,0.74565,4.80,13.20
2010.05.26 03:59:47.979,0.74535,0.74565,3.20,14.80
2010.05.26 03:59:48.777,0.7453,0.74565,17.60,14.80
2010.05.26 03:59:49.206,0.7454,0.74565,2.40,12.40
2010.05.26 03:59:49.270,0.74535,0.74565,3.20,14.80
2010.05.26 03:59:49.338,0.74535,0.74565,1.60,14.80
2010.05.26 03:59:49.408,0.7453,0.74565,17.60,14.80
2010.05.26 03:59:50.690,0.7453,0.7456,15.20,4.00
2010.05.26 03:59:51.066,0.7453,0.7456,8.80,10.40
2010.05.26 03:59:51.271,0.7453,0.74555,5.60,8.00
2010.05.26 03:59:51.475,0.7453,0.74555,5.60,4.00
2010.05.26 03:59:52.159,0.7453,0.74555,8.00,2.40
2010.05.26 03:59:52.787,0.7453,0.7456,17.60,2.40
2010.05.26 03:59:53.691,0.7453,0.7455,13.60,4.00
2010.05.26 03:59:53.739,0.7453,0.7455,11.20,6.40
2010.05.26 03:59:53.788,0.7453,0.7455,4.00,6.40
2010.05.26 03:59:53.839,0.74525,0.7455,3.20,10.40
2010.05.26 03:59:53.889,0.74525,0.7455,4.80,10.40
2010.05.26 03:59:53.938,0.74525,0.7455,4.80,8.00
2010.05.26 03:59:54.038,0.74525,0.7455,3.20,4.00
2010.05.26 03:59:54.190,0.74525,0.7455,3.20,8.00
2010.05.26 03:59:54.589,0.74525,0.7455,3.20,10.40
2010.05.26 03:59:55.894,0.7453,0.74555,2.40,4.00
2010.05.26 03:59:56.219,0.7453,0.74555,2.40,2.40
2010.05.26 03:59:59.917,0.7453,0.74555,2.80,2.40
2010.05.26 03:59:59.950,0.7453,0.74555,4.40,2.40
2010.05.26 03:59:59.971,0.74535,0.7456,2.40,12.00
2010.05.26 03:59:59.990,0.74535,0.7456,2.40,10.40
