2015.11.06 12:00:00.307,0.87193,0.87204,1.12,1.00
2015.11.06 12:00:01.308,0.87193,0.87204,1.00,1.12
2015.11.06 12:00:01.839,0.87192,0.87204,1.12,1.50
2015.11.06 12:00:02.193,0.8719,0.87201,1.87,1.00
2015.11.06 12:00:02.244,0.8719,0.87203,1.12,1.12
2015.11.06 12:00:03.581,0.87192,0.87203,3.00,1.12
2015.11.06 12:00:03.632,0.87196,0.87204,1.00,1.00
2015.11.06 12:00:04.154,0.87196,0.87206,1.50,1.00
2015.11.06 12:00:04.508,0.87198,0.87207,1.00,1.00
2015.11.06 12:00:05.778,0.87198,0.87207,1.87,1.00
2015.11.06 12:00:06.083,0.87201,0.8721,1.12,1.00
2015.11.06 12:00:06.134,0.87201,0.87212,1.12,1.12
2015.11.06 12:00:06.540,0.87201,0.87214,1.87,1.12
2015.11.06 12:00:07.081,0.87205,0.87215,1.37,1.00
2015.11.06 12:00:07.675,0.87205,0.87215,1.87,1.00
2015.11.06 12:00:07.776,0.87206,0.8722,1.75,1.00
2015.11.06 12:00:08.183,0.87208,0.87221,1.12,1.50
2015.11.06 12:00:08.284,0.87208,0.8722,1.00,2.25
2015.11.06 12:00:08.539,0.87201,0.87215,1.50,1.12
2015.11.06 12:00:08.590,0.87201,0.87214,1.50,1.50
2015.11.06 12:00:09.093,0.87199,0.87211,1.12,1.75
2015.11.06 12:00:09.296,0.872,0.87214,1.50,1.12
2015.11.06 12:00:09.448,0.872,0.87215,1.87,1.50
2015.11.06 12:00:09.499,0.87203,0.87215,1.37,1.87
2015.11.06 12:00:09.904,0.87202,0.87218,1.87,1.12
2015.11.06 12:00:10.390,0.87207,0.87218,1.00,1.00
2015.11.06 12:00:11.421,0.87205,0.8722,1.75,1.87
2015.11.06 12:00:13.662,0.87204,0.87219,1.87,1.50
2015.11.06 12:00:15.451,0.87203,0.87218,1.87,1.12
2015.11.06 12:00:15.552,0.87203,0.87216,1.75,1.12
2015.11.06 12:00:15.923,0.87203,0.87216,1.12,1.50
2015.11.06 12:00:16.627,0.87202,0.87215,1.50,1.75
2015.11.06 12:00:16.831,0.87202,0.87211,1.00,1.00
2015.11.06 12:00:17.362,0.87199,0.87212,1.75,1.50
2015.11.06 12:00:18.656,0.87199,0.87215,1.87,2.25
2015.11.06 12:00:18.707,0.87203,0.87213,1.00,1.00
2015.11.06 12:00:19.011,0.87199,0.8721,1.12,1.00
2015.11.06 12:00:19.555,0.872,0.8721,1.12,1.50
2015.11.06 12:00:20.096,0.872,0.8721,1.87,1.00
2015.11.06 12:00:20.609,0.87201,0.8721,1.37,1.00
2015.11.06 12:00:21.130,0.87201,0.87211,1.00,1.37
2015.11.06 12:00:21.435,0.87203,0.87214,1.37,2.25
2015.11.06 12:00:21.740,0.87202,0.87214,1.37,2.25
2015.11.06 12:00:22.452,0.87201,0.87211,1.37,1.75
2015.11.06 12:00:23.999,0.872,0.87212,1.37,2.25
2015.11.06 12:00:24.578,0.87201,0.87211,1.12,1.00
2015.11.06 12:00:24.680,0.87203,0.87213,1.00,1.00
2015.11.06 12:00:25.181,0.87203,0.87213,1.87,1.00
2015.11.06 12:00:26.421,0.87204,0.87213,1.37,1.00
2015.11.06 12:00:26.950,0.87203,0.87213,1.00,1.00
2015.11.06 12:00:27.255,0.872,0.87212,1.00,1.87
2015.11.06 12:00:27.611,0.87198,0.87208,1.87,1.00
2015.11.06 12:00:27.865,0.87195,0.87209,1.50,1.12
2015.11.06 12:00:27.967,0.87194,0.87209,1.75,2.62
2015.11.06 12:00:28.245,0.87193,0.87205,1.00,1.75
2015.11.06 12:00:28.753,0.87191,0.87206,1.87,1.87
2015.11.06 12:00:29.165,0.87191,0.87205,2.25,1.12
2015.11.06 12:00:29.267,0.87191,0.87205,1.12,1.87
2015.11.06 12:00:29.369,0.87191,0.87206,1.37,3.37
2015.11.06 12:00:29.651,0.87192,0.87206,1.37,2.25
2015.11.06 12:00:30.164,0.87193,0.87204,1.12,1.50
2015.11.06 12:00:31.723,0.87193,0.87205,1.00,1.75
2015.11.06 12:00:33.169,0.87195,0.87209,1.12,2.25
2015.11.06 12:00:33.220,0.87195,0.87209,1.50,1.75
2015.11.06 12:00:33.321,0.87196,0.87207,1.00,1.00
2015.11.06 12:00:33.676,0.87197,0.87207,1.37,1.00
2015.11.06 12:00:34.219,0.87197,0.87209,1.37,2.25
2015.11.06 12:00:34.523,0.87197,0.87211,2.62,1.75
2015.11.06 12:00:34.725,0.872,0.8721,1.12,1.00
2015.11.06 12:00:34.827,0.872,0.87212,1.37,1.50
2015.11.06 12:00:35.360,0.87202,0.87211,1.37,1.00
2015.11.06 12:00:35.983,0.87201,0.87211,1.87,1.00
2015.11.06 12:00:36.528,0.87201,0.87213,1.37,1.75
2015.11.06 12:00:36.578,0.87199,0.8721,1.50,1.00
2015.11.06 12:00:36.731,0.87199,0.87211,1.00,2.25
2015.11.06 12:00:45.517,0.87199,0.87211,1.12,1.87
2015.11.06 12:00:49.240,0.872,0.87214,1.00,1.87
2015.11.06 12:00:49.747,0.87198,0.87214,1.87,2.62
2015.11.06 12:00:51.275,0.87198,0.87213,1.50,1.75
2015.11.06 12:00:51.583,0.87198,0.87213,2.62,2.62
2015.11.06 12:00:53.193,0.87198,0.87212,1.00,1.75
2015.11.06 12:01:01.178,0.87198,0.87209,1.50,1.00
2015.11.06 12:01:02.412,0.87199,0.87213,1.50,1.87
2015.11.06 12:01:02.945,0.87199,0.87213,1.00,1.75
2015.11.06 12:01:03.451,0.87199,0.87213,1.50,2.62
2015.11.06 12:01:03.975,0.87199,0.87213,1.00,1.75
2015.11.06 12:01:04.653,0.87199,0.87213,1.50,1.87
2015.11.06 12:01:05.202,0.87199,0.87212,1.00,1.75
2015.11.06 12:01:05.808,0.87199,0.87212,1.50,2.25
2015.11.06 12:01:06.314,0.87199,0.87212,1.00,1.75
2015.11.06 12:01:11.058,0.87197,0.87212,1.12,1.37
2015.11.06 12:01:11.159,0.87199,0.87212,1.00,1.50
2015.11.06 12:01:11.268,0.87198,0.87212,1.12,1.50
2015.11.06 12:01:15.580,0.87198,0.87212,1.37,2.25
2015.11.06 12:01:15.861,0.87197,0.87212,1.12,2.25
2015.11.06 12:01:15.962,0.87197,0.87212,1.37,2.25
2015.11.06 12:01:16.077,0.87198,0.87212,1.12,2.25
2015.11.06 12:01:18.738,0.87197,0.87212,1.37,1.75
2015.11.06 12:01:18.992,0.87197,0.87212,1.87,1.75
2015.11.06 12:01:22.297,0.87196,0.8721,1.50,1.75
2015.11.06 12:01:22.398,0.87195,0.87208,1.50,1.75
2015.11.06 12:01:22.924,0.87194,0.87209,1.87,1.87
2015.11.06 12:01:24.765,0.87193,0.87206,1.87,1.00
2015.11.06 12:01:25.302,0.87197,0.87207,1.00,1.00
2015.11.06 12:01:25.758,0.87193,0.87209,1.12,4.12
2015.11.06 12:01:25.859,0.87194,0.87209,1.00,2.62
2015.11.06 12:01:26.063,0.87191,0.87205,3.37,3.00
2015.11.06 12:01:26.443,0.87192,0.87207,2.25,1.37
2015.11.06 12:01:28.806,0.87192,0.87206,3.37,1.50
2015.11.06 12:01:29.007,0.87195,0.87208,1.75,1.50
2015.11.06 12:01:29.411,0.87195,0.87206,1.12,1.00
2015.11.06 12:01:29.614,0.87194,0.87207,1.87,1.50
2015.11.06 12:01:30.120,0.87197,0.87207,1.12,1.00
2015.11.06 12:01:30.484,0.87196,0.87209,1.87,1.12
2015.11.06 12:01:30.788,0.87203,0.87212,1.00,1.37
2015.11.06 12:01:31.093,0.87207,0.87213,1.37,1.00
2015.11.06 12:01:31.194,0.87204,0.87213,1.50,1.12
2015.11.06 12:01:31.397,0.872,0.87213,2.25,1.75
2015.11.06 12:01:31.905,0.87198,0.8721,1.12,1.12
2015.11.06 12:01:37.040,0.87197,0.8721,1.75,1.37
2015.11.06 12:01:37.553,0.87198,0.87209,1.00,1.12
2015.11.06 12:01:40.136,0.87196,0.87211,1.87,1.87
2015.11.06 12:01:40.187,0.87196,0.87208,1.00,1.75
2015.11.06 12:01:40.695,0.87195,0.87206,1.00,1.00
2015.11.06 12:01:41.202,0.87196,0.87208,1.12,1.75
2015.11.06 12:01:43.115,0.87197,0.87207,1.37,1.00
2015.11.06 12:01:44.318,0.87196,0.87208,1.50,1.37
2015.11.06 12:01:44.420,0.87197,0.87208,1.00,1.75
2015.11.06 12:01:45.365,0.87197,0.8721,1.00,1.87
2015.11.06 12:01:45.868,0.87197,0.8721,1.00,1.87
2015.11.06 12:01:47.075,0.87197,0.87209,1.12,1.37
2015.11.06 12:01:47.682,0.87196,0.87211,3.37,3.00
2015.11.06 12:01:48.228,0.872,0.8721,1.00,1.00
2015.11.06 12:01:50.787,0.872,0.8721,1.00,2.25
2015.11.06 12:01:50.940,0.87197,0.87209,1.37,1.87
2015.11.06 12:01:51.489,0.87198,0.87209,1.37,1.00
2015.11.06 12:01:52.430,0.87198,0.87209,1.00,1.00
2015.11.06 12:01:53.397,0.87197,0.87211,1.37,1.87
2015.11.06 12:01:54.453,0.87197,0.87211,1.37,1.87
2015.11.06 12:01:54.504,0.87197,0.87211,1.00,3.75
2015.11.06 12:01:54.606,0.87199,0.87213,1.12,1.87
2015.11.06 12:01:54.808,0.87203,0.87213,1.37,1.12
2015.11.06 12:01:55.343,0.87201,0.87211,1.50,1.50
2015.11.06 12:01:55.798,0.87199,0.8721,1.37,1.37
2015.11.06 12:01:55.950,0.87198,0.87208,1.12,1.00
2015.11.06 12:01:56.204,0.87197,0.87209,1.00,1.75
2015.11.06 12:01:56.608,0.87196,0.8721,1.87,1.75
2015.11.06 12:01:58.013,0.87197,0.87208,1.37,1.75
2015.11.06 12:01:58.529,0.87197,0.87208,1.00,2.25
2015.11.06 12:01:58.631,0.87197,0.87208,1.00,1.50
2015.11.06 12:01:58.682,0.87196,0.87208,1.50,1.50
2015.11.06 12:01:59.184,0.87195,0.87208,1.50,1.75
2015.11.06 12:01:59.697,0.87196,0.87208,1.37,1.75
2015.11.06 12:02:00.204,0.87196,0.87208,1.37,1.50
2015.11.06 12:02:02.047,0.87196,0.87209,1.12,1.50
2015.11.06 12:02:02.580,0.87197,0.8721,1.12,2.25
2015.11.06 12:02:03.240,0.87198,0.8721,1.00,1.50
2015.11.06 12:02:03.769,0.87195,0.87209,1.12,1.87
2015.11.06 12:02:06.375,0.87195,0.87205,1.00,1.50
2015.11.06 12:02:06.477,0.87189,0.87205,1.75,3.00
2015.11.06 12:02:06.784,0.87187,0.872,1.12,1.75
2015.11.06 12:02:06.836,0.87185,0.872,2.62,1.75
2015.11.06 12:02:07.463,0.87185,0.87198,1.50,1.75
2015.11.06 12:02:08.769,0.87183,0.87198,1.50,2.25
2015.11.06 12:02:09.073,0.87183,0.87195,1.00,1.75
2015.11.06 12:02:09.579,0.87183,0.87195,1.00,1.75
2015.11.06 12:02:09.783,0.87186,0.87196,1.00,1.00
2015.11.06 12:02:10.317,0.87185,0.872,1.87,2.62
2015.11.06 12:02:10.875,0.87186,0.87199,1.12,1.37
2015.11.06 12:02:12.162,0.87186,0.872,1.12,1.50
2015.11.06 12:02:12.670,0.87185,0.872,1.12,1.00
2015.11.06 12:02:12.975,0.87189,0.87202,1.12,2.25
2015.11.06 12:02:13.305,0.87196,0.87205,1.00,1.87
2015.11.06 12:02:13.812,0.87192,0.87206,1.12,1.50
2015.11.06 12:02:14.115,0.87191,0.87206,1.75,1.75
2015.11.06 12:02:14.432,0.87196,0.87205,1.00,1.12
2015.11.06 12:02:14.964,0.87191,0.87206,1.75,2.25
2015.11.06 12:02:15.963,0.87193,0.87203,1.57,1.00
2015.11.06 12:02:16.272,0.8719,0.872,1.87,1.00
2015.11.06 12:02:17.082,0.87191,0.87199,1.00,1.00
2015.11.06 12:02:17.268,0.87191,0.87203,1.12,2.25
2015.11.06 12:02:17.473,0.8719,0.87202,2.62,1.00
2015.11.06 12:02:17.575,0.87195,0.87205,1.00,1.00
2015.11.06 12:02:17.676,0.87194,0.87208,1.75,2.25
2015.11.06 12:02:17.981,0.87192,0.87203,1.37,1.37
2015.11.06 12:02:19.183,0.87193,0.87204,1.00,1.50
2015.11.06 12:02:19.588,0.87193,0.87203,1.12,1.00
2015.11.06 12:02:19.905,0.87192,0.87203,1.12,1.50
2015.11.06 12:02:20.513,0.87191,0.87203,1.75,1.12
2015.11.06 12:02:20.969,0.87195,0.87204,1.00,1.12
2015.11.06 12:02:21.097,0.87192,0.87203,1.12,1.75
2015.11.06 12:02:21.199,0.8719,0.87202,1.75,1.12
2015.11.06 12:02:24.270,0.87191,0.87202,1.50,1.37
2015.11.06 12:02:24.804,0.87192,0.87203,1.00,1.75
2015.11.06 12:02:25.007,0.87193,0.87203,1.50,1.50
2015.11.06 12:02:26.469,0.87193,0.87202,1.12,1.50
2015.11.06 12:02:26.621,0.87193,0.87202,1.00,1.87
2015.11.06 12:02:26.754,0.87191,0.87201,1.00,2.25
2015.11.06 12:02:27.264,0.8719,0.87199,1.00,1.00
2015.11.06 12:02:27.901,0.8719,0.87199,1.00,1.50
2015.11.06 12:02:28.466,0.8719,0.87199,1.00,1.00
2015.11.06 12:02:32.683,0.87191,0.87202,1.00,2.25
2015.11.06 12:02:32.986,0.87191,0.87202,1.12,1.50
2015.11.06 12:02:33.550,0.87192,0.87202,1.00,1.75
2015.11.06 12:02:34.120,0.87192,0.87202,1.00,1.50
2015.11.06 12:02:34.707,0.87192,0.87203,1.00,2.25
2015.11.06 12:02:35.213,0.87192,0.87202,1.00,2.25
2015.11.06 12:02:35.890,0.87193,0.87201,1.00,1.50
2015.11.06 12:02:36.614,0.87192,0.87202,1.00,1.75
2015.11.06 12:02:37.440,0.87192,0.87201,1.00,1.50
2015.11.06 12:02:38.893,0.87192,0.87201,1.00,1.50
2015.11.06 12:02:39.146,0.87189,0.87201,1.37,1.50
2015.11.06 12:02:39.552,0.87193,0.87201,1.00,1.50
2015.11.06 12:02:41.103,0.87193,0.87203,1.12,1.12
2015.11.06 12:02:41.408,0.87194,0.87205,1.12,1.00
2015.11.06 12:02:41.711,0.87197,0.87207,1.00,1.12
2015.11.06 12:02:41.915,0.87194,0.87207,3.15,1.12
2015.11.06 12:02:42.117,0.87192,0.87206,1.00,2.25
2015.11.06 12:02:42.320,0.87192,0.87203,1.00,1.75
2015.11.06 12:02:42.868,0.87192,0.87204,1.00,1.75
2015.11.06 12:02:43.172,0.87195,0.87204,1.00,1.50
2015.11.06 12:02:43.929,0.87195,0.87204,1.00,1.37
2015.11.06 12:02:44.233,0.87191,0.87204,1.37,1.75
2015.11.06 12:02:46.246,0.87195,0.87203,1.00,1.37
2015.11.06 12:02:47.139,0.87191,0.87203,1.75,1.37
2015.11.06 12:02:47.241,0.87191,0.87203,1.12,1.75
2015.11.06 12:02:48.261,0.87195,0.87204,1.00,1.12
2015.11.06 12:02:48.770,0.87196,0.87204,1.00,1.75
2015.11.06 12:02:49.837,0.87196,0.87204,1.00,1.50
2015.11.06 12:02:50.367,0.87195,0.87204,1.12,1.37
2015.11.06 12:02:52.227,0.87195,0.87205,1.12,1.00
2015.11.06 12:02:52.380,0.87198,0.87207,1.00,1.75
2015.11.06 12:02:52.920,0.87193,0.87206,1.75,1.12
2015.11.06 12:03:00.281,0.87193,0.87208,1.87,1.37
2015.11.06 12:03:04.873,0.87196,0.87207,1.00,1.12
2015.11.06 12:03:05.379,0.87194,0.8721,2.25,1.12
2015.11.06 12:03:05.972,0.87196,0.87209,1.87,1.50
2015.11.06 12:03:06.074,0.87197,0.87209,1.00,1.50
2015.11.06 12:03:06.125,0.87199,0.87208,1.00,1.00
2015.11.06 12:03:06.429,0.87199,0.87209,1.00,1.75
2015.11.06 12:03:08.122,0.87198,0.87207,1.00,1.50
2015.11.06 12:03:08.500,0.87196,0.87211,1.12,2.62
2015.11.06 12:03:09.899,0.87203,0.8721,1.00,1.75
2015.11.06 12:03:10.405,0.87202,0.87211,1.00,1.75
2015.11.06 12:03:10.798,0.87196,0.87211,1.87,2.25
2015.11.06 12:03:11.303,0.87196,0.87209,1.87,1.50
2015.11.06 12:03:14.379,0.87195,0.87209,2.25,1.12
2015.11.06 12:03:16.632,0.87194,0.87209,1.87,2.62
2015.11.06 12:03:18.322,0.87193,0.87207,2.25,1.37
2015.11.06 12:03:25.083,0.87195,0.87207,1.00,1.87
2015.11.06 12:03:25.185,0.87193,0.87206,1.87,1.12
2015.11.06 12:03:25.236,0.87193,0.87206,1.50,1.12
2015.11.06 12:03:25.706,0.87196,0.87204,1.00,1.00
2015.11.06 12:03:25.808,0.87196,0.87208,1.12,1.12
2015.11.06 12:03:26.314,0.87196,0.87208,1.12,1.37
2015.11.06 12:03:29.892,0.87196,0.87209,1.50,1.87
2015.11.06 12:03:33.602,0.87198,0.8721,1.12,1.12
2015.11.06 12:03:41.318,0.87197,0.8721,1.00,1.12
2015.11.06 12:03:41.840,0.87195,0.87207,3.60,1.50
2015.11.06 12:03:42.346,0.87195,0.87208,2.40,1.37
2015.11.06 12:03:49.840,0.87197,0.8721,1.50,1.12
2015.11.06 12:03:50.392,0.87198,0.87208,1.00,1.00
2015.11.06 12:03:51.135,0.87195,0.87208,1.12,2.25
2015.11.06 12:03:51.680,0.87195,0.87207,1.87,1.37
2015.11.06 12:03:55.291,0.87196,0.87209,1.50,1.87
2015.11.06 12:03:58.970,0.87194,0.87206,2.25,1.00
2015.11.06 12:04:00.316,0.87194,0.87209,1.75,2.62
2015.11.06 12:04:04.436,0.87196,0.87209,1.50,1.87
2015.11.06 12:04:04.961,0.87197,0.87206,1.00,1.50
2015.11.06 12:04:06.070,0.87196,0.87206,1.50,2.62
2015.11.06 12:04:06.173,0.87197,0.87203,1.00,1.37
2015.11.06 12:04:06.274,0.87193,0.87203,1.50,1.12
2015.11.06 12:04:06.782,0.87193,0.87203,1.50,1.87
2015.11.06 12:04:07.308,0.87191,0.87204,1.50,1.12
2015.11.06 12:04:07.870,0.87192,0.87205,1.50,1.87
2015.11.06 12:04:08.904,0.87191,0.87203,2.25,1.50
2015.11.06 12:04:09.744,0.87191,0.87206,1.87,1.87
2015.11.06 12:04:10.149,0.87191,0.87205,1.87,1.75
2015.11.06 12:04:10.678,0.87194,0.87204,1.00,1.00
2015.11.06 12:04:14.744,0.87192,0.87205,1.87,1.50
2015.11.06 12:04:15.250,0.87195,0.87205,1.00,1.00
2015.11.06 12:04:20.078,0.87195,0.87207,1.00,1.75
2015.11.06 12:04:20.180,0.87192,0.87207,1.37,2.62
2015.11.06 12:04:20.332,0.87191,0.87205,1.12,1.87
2015.11.06 12:04:21.345,0.87192,0.87204,1.00,1.75
2015.11.06 12:04:21.497,0.87192,0.87205,1.37,1.12
2015.11.06 12:04:23.178,0.87194,0.87205,1.50,1.12
2015.11.06 12:04:26.288,0.87194,0.87206,1.50,1.87
2015.11.06 12:04:26.389,0.87193,0.87205,1.50,1.87
2015.11.06 12:04:26.895,0.87193,0.87202,1.00,1.00
2015.11.06 12:04:28.145,0.87192,0.87202,1.00,1.00
2015.11.06 12:04:28.956,0.87193,0.87202,1.00,1.00
2015.11.06 12:04:29.007,0.87193,0.87206,1.50,1.87
2015.11.06 12:04:29.138,0.87195,0.87205,1.50,1.00
2015.11.06 12:04:29.648,0.87196,0.87209,1.12,1.87
2015.11.06 12:04:33.467,0.87196,0.87207,1.87,1.50
2015.11.06 12:04:34.025,0.87197,0.8721,1.12,2.25
2015.11.06 12:04:47.162,0.87196,0.8721,1.12,2.25
2015.11.06 12:04:47.839,0.87196,0.87206,2.62,1.00
2015.11.06 12:04:48.408,0.87196,0.87206,1.87,1.00
2015.11.06 12:04:48.940,0.87197,0.87206,1.00,1.00
2015.11.06 12:04:49.441,0.87196,0.87206,1.87,1.00
2015.11.06 12:04:49.986,0.87196,0.8721,1.87,2.25
2015.11.06 12:04:56.979,0.87197,0.87208,1.12,1.50
2015.11.06 12:05:00.344,0.87196,0.87208,1.50,1.75
2015.11.06 12:05:05.282,0.87192,0.87203,1.75,1.00
2015.11.06 12:05:05.333,0.8719,0.87201,1.75,1.00
2015.11.06 12:05:05.434,0.8719,0.872,1.50,1.00
2015.11.06 12:05:05.889,0.87192,0.872,1.00,1.00
2015.11.06 12:05:06.194,0.87196,0.87206,1.12,1.12
2015.11.06 12:05:09.804,0.87196,0.87205,1.00,1.00
2015.11.06 12:05:11.686,0.87197,0.87205,1.00,1.00
2015.11.06 12:05:11.787,0.87197,0.87207,1.12,1.00
2015.11.06 12:05:13.433,0.87197,0.8721,2.25,1.12
2015.11.06 12:05:18.123,0.87198,0.87211,1.37,1.75
2015.11.06 12:05:18.174,0.872,0.8721,1.00,1.00
2015.11.06 12:05:19.335,0.87202,0.87212,2.25,1.37
2015.11.06 12:05:19.437,0.87208,0.87217,1.00,1.50
2015.11.06 12:05:19.488,0.87208,0.87217,1.00,1.50
2015.11.06 12:05:20.469,0.87208,0.87217,1.00,1.75
2015.11.06 12:05:20.557,0.87204,0.87217,1.50,2.25
2015.11.06 12:05:21.064,0.87203,0.87215,1.37,1.12
2015.11.06 12:05:21.165,0.87202,0.87215,1.75,1.00
2015.11.06 12:05:21.571,0.87202,0.87217,3.37,1.50
2015.11.06 12:05:22.382,0.87203,0.87217,1.12,1.12
2015.11.06 12:05:22.887,0.87202,0.87218,4.12,1.50
2015.11.06 12:05:24.470,0.87202,0.87217,4.12,1.00
2015.11.06 12:05:25.000,0.87203,0.87218,2.25,1.00
2015.11.06 12:05:25.318,0.87211,0.87219,1.00,1.00
2015.11.06 12:05:25.825,0.87211,0.87221,1.00,1.87
2015.11.06 12:05:27.228,0.87211,0.87221,1.00,1.00
2015.11.06 12:05:29.102,0.87209,0.87221,1.50,1.87
2015.11.06 12:05:29.152,0.87209,0.87221,1.12,1.75
2015.11.06 12:05:33.413,0.87209,0.87221,1.12,1.75
2015.11.06 12:05:38.902,0.87209,0.8722,1.00,1.12
2015.11.06 12:05:39.004,0.87207,0.87221,1.12,2.62
2015.11.06 12:05:39.105,0.87206,0.87219,1.50,1.75
2015.11.06 12:05:39.207,0.87204,0.87218,2.25,2.62
2015.11.06 12:05:39.749,0.87204,0.87218,1.12,3.37
2015.11.06 12:05:40.302,0.87204,0.87217,1.50,1.75
2015.11.06 12:05:40.855,0.87204,0.87217,2.25,1.87
2015.11.06 12:05:42.463,0.87204,0.87217,1.12,1.75
2015.11.06 12:05:45.015,0.87202,0.87215,1.12,1.75
2015.11.06 12:05:45.116,0.87201,0.87215,1.12,2.25
2015.11.06 12:05:45.522,0.87202,0.87212,1.00,1.50
2015.11.06 12:05:46.028,0.87201,0.8721,1.00,1.00
2015.11.06 12:05:46.573,0.87199,0.87209,1.00,1.00
2015.11.06 12:05:46.624,0.87198,0.87212,1.50,1.75
2015.11.06 12:05:47.416,0.87198,0.87211,1.00,1.75
2015.11.06 12:05:47.741,0.87199,0.87206,1.00,3.00
2015.11.06 12:05:47.994,0.87194,0.87203,1.37,1.00
2015.11.06 12:05:48.096,0.87193,0.87203,1.12,1.00
2015.11.06 12:05:49.043,0.87193,0.87206,1.87,3.00
2015.11.06 12:05:49.359,0.87199,0.87209,1.00,1.87
2015.11.06 12:05:49.884,0.87199,0.87209,1.00,1.87
2015.11.06 12:05:51.048,0.87199,0.87209,1.00,2.62
2015.11.06 12:05:51.099,0.87194,0.87208,1.50,4.87
2015.11.06 12:05:51.605,0.87194,0.87208,1.37,7.12
2015.11.06 12:05:51.944,0.87193,0.87208,1.50,4.50
2015.11.06 12:05:52.046,0.87194,0.87208,1.12,5.25
2015.11.06 12:05:52.097,0.87195,0.87208,1.37,4.50
2015.11.06 12:05:52.402,0.87194,0.87204,1.37,1.75
2015.11.06 12:05:52.901,0.87192,0.87204,1.37,1.75
2015.11.06 12:05:53.560,0.87192,0.87202,1.87,1.00
2015.11.06 12:05:53.869,0.87192,0.87205,1.87,1.75
2015.11.06 12:05:54.420,0.87191,0.87199,1.37,3.75
2015.11.06 12:05:54.878,0.87192,0.87204,1.00,2.25
2015.11.06 12:05:54.929,0.87192,0.87204,1.50,2.25
2015.11.06 12:05:55.449,0.87192,0.87204,1.00,1.50
2015.11.06 12:05:55.869,0.87192,0.87204,1.00,2.25
2015.11.06 12:05:56.275,0.8719,0.87202,1.00,1.75
2015.11.06 12:05:56.782,0.8719,0.87201,1.87,3.00
2015.11.06 12:05:57.328,0.8719,0.87201,1.12,3.00
2015.11.06 12:05:57.532,0.8719,0.87201,1.87,3.00
2015.11.06 12:05:58.171,0.8719,0.87201,1.37,3.00
2015.11.06 12:05:58.525,0.87189,0.87201,1.00,3.00
2015.11.06 12:05:59.031,0.87188,0.872,1.50,1.75
2015.11.06 12:05:59.635,0.87189,0.872,1.37,1.75
2015.11.06 12:06:00.231,0.87188,0.872,1.50,1.75
2015.11.06 12:06:01.013,0.87189,0.872,1.87,1.75
2015.11.06 12:06:01.269,0.8719,0.87201,1.37,3.37
2015.11.06 12:06:01.524,0.87189,0.87201,1.87,2.62
2015.11.06 12:06:01.828,0.87196,0.87201,1.50,2.25
2015.11.06 12:06:01.879,0.87196,0.87205,2.25,2.25
2015.11.06 12:06:01.981,0.87198,0.87205,1.37,2.25
2015.11.06 12:06:02.552,0.87198,0.87211,1.37,1.75
2015.11.06 12:06:03.091,0.87199,0.87212,1.50,1.87
2015.11.06 12:06:03.698,0.87198,0.87212,2.25,1.75
2015.11.06 12:06:06.092,0.87199,0.87208,1.00,1.00
2015.11.06 12:06:06.194,0.87196,0.87209,2.62,1.12
2015.11.06 12:06:06.295,0.87199,0.87209,1.00,1.00
2015.11.06 12:06:08.359,0.87203,0.87211,1.00,1.87
2015.11.06 12:06:11.821,0.87203,0.8721,1.00,1.37
2015.11.06 12:06:12.269,0.87205,0.87211,1.00,1.37
2015.11.06 12:06:12.320,0.87205,0.87212,1.00,1.00
2015.11.06 12:06:12.651,0.87203,0.87213,1.00,1.87
2015.11.06 12:06:13.157,0.87201,0.87213,1.50,1.50
2015.11.06 12:06:13.663,0.87202,0.87212,1.50,1.50
2015.11.06 12:06:14.812,0.87202,0.87212,1.50,1.50
2015.11.06 12:06:17.151,0.87201,0.87213,2.25,1.37
2015.11.06 12:06:17.701,0.87202,0.87213,1.37,1.87
2015.11.06 12:06:18.259,0.87202,0.87213,2.25,1.00
2015.11.06 12:06:18.765,0.87202,0.87214,2.25,1.50
2015.11.06 12:06:19.135,0.87205,0.87215,1.00,1.87
2015.11.06 12:06:19.658,0.87206,0.87215,1.00,1.87
2015.11.06 12:06:21.535,0.87206,0.87215,1.00,1.87
2015.11.06 12:06:22.174,0.87206,0.87215,1.00,1.12
2015.11.06 12:06:22.739,0.87206,0.87215,1.00,1.87
2015.11.06 12:06:23.346,0.87206,0.87215,1.00,1.12
2015.11.06 12:06:24.078,0.87205,0.87215,1.00,1.87
2015.11.06 12:06:24.385,0.87207,0.87215,1.00,2.62
2015.11.06 12:06:24.890,0.87207,0.87215,1.00,1.12
2015.11.06 12:06:27.350,0.87207,0.87215,1.00,1.87
2015.11.06 12:06:27.706,0.87205,0.87216,1.87,1.37
2015.11.06 12:06:27.808,0.87205,0.87216,2.25,1.00
2015.11.06 12:06:28.338,0.87205,0.87215,1.00,1.00
2015.11.06 12:06:28.862,0.87205,0.87216,1.00,2.62
2015.11.06 12:06:29.601,0.87206,0.87216,1.00,1.12
2015.11.06 12:06:30.107,0.87206,0.87213,1.00,1.00
2015.11.06 12:06:31.122,0.87205,0.87215,1.00,1.37
2015.11.06 12:06:33.473,0.87205,0.87216,1.12,1.12
2015.11.06 12:06:34.542,0.87207,0.87217,1.00,1.37
2015.11.06 12:06:34.593,0.87207,0.87218,1.00,1.87
2015.11.06 12:06:35.096,0.87207,0.87217,1.50,1.00
2015.11.06 12:06:35.602,0.87206,0.87217,1.87,1.00
2015.11.06 12:06:36.506,0.87206,0.87212,1.37,1.00
2015.11.06 12:06:36.558,0.87204,0.87212,1.50,1.00
2015.11.06 12:06:36.609,0.87203,0.87211,1.12,1.50
2015.11.06 12:06:36.660,0.87199,0.87211,1.75,2.25
2015.11.06 12:06:36.763,0.87197,0.8721,1.75,1.50
2015.11.06 12:06:36.815,0.87198,0.8721,1.00,1.50
2015.11.06 12:06:37.221,0.87197,0.87209,1.87,1.37
2015.11.06 12:06:37.886,0.87197,0.87207,1.50,1.00
2015.11.06 12:06:38.571,0.87198,0.87207,1.50,1.00
2015.11.06 12:06:38.672,0.87203,0.87208,1.37,2.62
2015.11.06 12:06:38.774,0.87202,0.87207,1.00,1.00
2015.11.06 12:06:38.977,0.87204,0.87208,1.00,2.25
2015.11.06 12:06:39.423,0.87204,0.87214,1.00,1.75
2015.11.06 12:06:39.474,0.87202,0.87214,1.12,1.75
2015.11.06 12:06:39.727,0.87203,0.87212,1.00,1.12
2015.11.06 12:06:39.880,0.87198,0.87211,2.62,1.50
2015.11.06 12:06:41.860,0.87199,0.87212,1.12,1.87
2015.11.06 12:06:41.911,0.87201,0.87211,1.00,1.00
2015.11.06 12:06:53.390,0.872,0.87212,1.50,3.00
2015.11.06 12:06:54.900,0.87199,0.8721,1.87,1.00
2015.11.06 12:06:57.994,0.872,0.87211,2.62,2.62
2015.11.06 12:06:59.982,0.872,0.87211,1.12,2.62
2015.11.06 12:07:00.084,0.87199,0.87208,1.12,1.00
2015.11.06 12:07:00.387,0.87198,0.87208,1.75,1.00
2015.11.06 12:07:00.892,0.87199,0.87208,1.75,1.00
2015.11.06 12:07:01.715,0.872,0.87211,1.12,1.50
2015.11.06 12:07:01.816,0.87205,0.87211,1.00,1.00
2015.11.06 12:07:02.128,0.87208,0.87214,2.25,2.25
2015.11.06 12:07:02.181,0.87207,0.8722,2.25,1.00
2015.11.06 12:07:02.824,0.87207,0.8722,2.25,1.50
2015.11.06 12:07:03.373,0.87207,0.8722,2.25,1.00
2015.11.06 12:07:05.472,0.87208,0.87221,1.75,1.00
2015.11.06 12:07:08.319,0.87208,0.87223,1.50,1.87
2015.11.06 12:07:08.370,0.87208,0.87221,1.50,1.75
2015.11.06 12:07:08.421,0.87207,0.87217,1.87,1.00
2015.11.06 12:07:08.675,0.87203,0.87217,1.00,1.87
2015.11.06 12:07:08.776,0.87207,0.87213,1.00,1.00
2015.11.06 12:07:08.878,0.87203,0.87215,1.12,2.25
2015.11.06 12:07:09.387,0.87201,0.87215,1.87,2.25
2015.11.06 12:07:09.771,0.87203,0.87217,3.37,1.37
2015.11.06 12:07:09.822,0.87207,0.87217,1.12,1.00
2015.11.06 12:07:09.873,0.87207,0.87219,3.00,1.00
2015.11.06 12:07:13.563,0.87208,0.87221,1.37,1.37
2015.11.06 12:07:17.782,0.8721,0.87222,1.00,2.62
2015.11.06 12:07:18.086,0.87205,0.87217,1.75,2.25
2015.11.06 12:07:18.592,0.87207,0.8722,1.50,1.12
2015.11.06 12:07:18.939,0.87208,0.87219,1.00,1.12
2015.11.06 12:07:19.192,0.87204,0.87218,1.12,1.12
2015.11.06 12:07:19.707,0.87208,0.87218,1.00,1.12
2015.11.06 12:07:20.817,0.87207,0.87216,1.00,1.00
2015.11.06 12:07:21.130,0.87203,0.87213,1.75,2.25
2015.11.06 12:07:21.181,0.87202,0.87213,1.75,2.62
2015.11.06 12:07:21.308,0.87204,0.87211,1.00,1.00
2015.11.06 12:07:21.411,0.872,0.87213,1.00,3.37
2015.11.06 12:07:22.231,0.872,0.87213,1.75,3.00
2015.11.06 12:07:22.282,0.87199,0.87213,1.12,3.75
2015.11.06 12:07:23.601,0.87199,0.8721,1.00,1.12
2015.11.06 12:07:24.129,0.87197,0.8721,1.37,1.12
2015.11.06 12:07:25.015,0.87197,0.8721,1.12,1.00
2015.11.06 12:07:30.145,0.872,0.87213,1.00,1.87
2015.11.06 12:07:30.677,0.87199,0.87213,1.12,1.75
2015.11.06 12:07:32.957,0.872,0.87213,1.87,1.37
2015.11.06 12:07:33.160,0.87204,0.87215,1.00,1.50
2015.11.06 12:07:33.349,0.87203,0.87215,1.87,1.37
2015.11.06 12:07:33.755,0.87207,0.87218,1.50,1.12
2015.11.06 12:07:41.341,0.87208,0.87218,1.00,1.12
2015.11.06 12:07:41.393,0.87208,0.87219,1.00,1.12
2015.11.06 12:07:41.899,0.87208,0.87217,1.00,1.50
2015.11.06 12:07:41.951,0.87204,0.87217,1.75,1.50
2015.11.06 12:07:44.532,0.87207,0.87218,1.00,1.12
2015.11.06 12:07:44.584,0.87209,0.87219,1.87,1.50
2015.11.06 12:07:44.837,0.87214,0.87228,2.62,2.25
2015.11.06 12:07:45.040,0.87219,0.87228,1.50,1.50
2015.11.06 12:07:45.374,0.87221,0.87228,1.37,1.50
2015.11.06 12:07:45.880,0.87222,0.87228,1.37,1.50
2015.11.06 12:07:46.235,0.87217,0.87228,1.87,1.50
2015.11.06 12:07:46.387,0.87219,0.87228,1.00,1.75
2015.11.06 12:07:46.692,0.87215,0.87228,1.50,1.75
2015.11.06 12:07:47.196,0.87215,0.87227,1.00,1.75
2015.11.06 12:07:47.550,0.87216,0.87227,1.50,1.37
2015.11.06 12:07:47.702,0.87219,0.87228,1.00,1.00
2015.11.06 12:07:48.220,0.87219,0.87229,1.50,1.00
2015.11.06 12:07:50.196,0.8722,0.87229,1.00,1.12
2015.11.06 12:07:50.803,0.87219,0.87229,1.50,1.00
2015.11.06 12:07:51.663,0.87219,0.8723,1.12,1.12
2015.11.06 12:07:52.953,0.87219,0.8723,1.00,2.62
2015.11.06 12:07:53.459,0.87219,0.87226,1.00,1.00
2015.11.06 12:07:54.352,0.8722,0.87226,1.00,1.12
2015.11.06 12:07:54.504,0.8722,0.87232,1.37,1.12
2015.11.06 12:07:54.656,0.87221,0.87237,2.25,2.62
2015.11.06 12:07:55.011,0.87228,0.8724,1.37,1.50
2015.11.06 12:07:55.062,0.87226,0.87239,1.12,1.00
2015.11.06 12:07:55.214,0.87227,0.87238,1.00,1.37
2015.11.06 12:07:56.136,0.87228,0.8724,1.75,2.62
2015.11.06 12:07:56.237,0.87228,0.8724,1.37,2.25
2015.11.06 12:07:56.339,0.87226,0.8724,1.75,2.25
2015.11.06 12:07:56.390,0.87226,0.8724,1.50,2.62
2015.11.06 12:07:56.816,0.87225,0.87238,2.62,1.75
2015.11.06 12:07:57.120,0.87225,0.87237,1.12,1.12
2015.11.06 12:07:57.171,0.87223,0.87236,1.00,1.12
2015.11.06 12:07:57.525,0.87223,0.87236,1.00,2.25
2015.11.06 12:07:57.728,0.8722,0.87231,1.00,1.00
2015.11.06 12:07:57.830,0.87217,0.87232,1.87,1.12
2015.11.06 12:07:58.142,0.87216,0.87231,1.12,1.75
2015.11.06 12:08:08.369,0.87214,0.87227,2.62,1.12
2015.11.06 12:08:08.723,0.87215,0.87227,1.50,1.50
2015.11.06 12:08:08.876,0.87215,0.87227,1.12,1.37
2015.11.06 12:08:09.298,0.87215,0.87227,1.37,1.50
2015.11.06 12:08:09.993,0.87215,0.87227,1.37,1.50
2015.11.06 12:08:13.208,0.87214,0.87227,1.50,1.75
2015.11.06 12:08:20.173,0.87214,0.87226,1.37,1.12
2015.11.06 12:08:20.765,0.87214,0.87227,1.00,1.87
2015.11.06 12:08:21.315,0.87215,0.87227,1.00,1.87
2015.11.06 12:08:21.517,0.87214,0.87225,1.00,1.75
2015.11.06 12:08:22.015,0.87211,0.8722,1.12,1.75
2015.11.06 12:08:22.218,0.87201,0.87216,1.37,1.12
2015.11.06 12:08:22.726,0.87201,0.87214,1.75,1.87
2015.11.06 12:08:22.929,0.87202,0.87214,1.75,1.00
2015.11.06 12:08:23.507,0.87204,0.87214,1.00,1.00
2015.11.06 12:08:24.327,0.87202,0.87214,1.50,1.37
2015.11.06 12:08:26.649,0.87208,0.87215,1.00,1.12
2015.11.06 12:08:27.155,0.87208,0.87217,1.00,1.87
2015.11.06 12:08:27.413,0.87204,0.87216,1.00,1.75
2015.11.06 12:08:28.017,0.87203,0.87216,1.00,2.25
2015.11.06 12:08:28.524,0.87203,0.87215,1.00,1.75
2015.11.06 12:08:28.676,0.87205,0.87215,1.00,1.12
2015.11.06 12:08:28.828,0.87209,0.87222,2.62,1.75
2015.11.06 12:08:28.929,0.87214,0.87224,1.00,1.75
2015.11.06 12:08:29.031,0.87213,0.87224,1.87,1.12
2015.11.06 12:08:29.082,0.87215,0.87227,1.50,1.75
2015.11.06 12:08:29.399,0.87209,0.87224,1.37,3.75
2015.11.06 12:08:29.450,0.87209,0.87224,1.37,4.50
2015.11.06 12:08:35.106,0.87211,0.87224,1.12,1.12
2015.11.06 12:08:35.157,0.87211,0.87224,1.50,1.12
2015.11.06 12:08:35.309,0.87209,0.87224,2.62,1.12
2015.11.06 12:08:35.360,0.8721,0.8722,1.00,1.00
2015.11.06 12:08:35.843,0.87206,0.8722,1.00,1.75
2015.11.06 12:08:36.171,0.87208,0.87219,1.00,2.25
2015.11.06 12:08:39.047,0.87208,0.87219,1.00,1.75
2015.11.06 12:08:40.522,0.87208,0.87219,1.00,1.75
2015.11.06 12:08:40.624,0.87208,0.87219,1.00,1.75
2015.11.06 12:08:44.240,0.87208,0.87218,1.87,1.00
2015.11.06 12:08:44.805,0.8721,0.87218,1.00,1.00
2015.11.06 12:08:45.637,0.8721,0.8722,1.12,1.00
2015.11.06 12:08:45.941,0.87208,0.8722,1.87,1.50
2015.11.06 12:08:46.144,0.87208,0.87221,1.12,2.25
2015.11.06 12:08:46.713,0.87208,0.87221,1.50,1.75
2015.11.06 12:08:48.277,0.87208,0.8722,1.00,1.75
2015.11.06 12:08:49.686,0.87208,0.8722,1.50,1.75
2015.11.06 12:08:50.244,0.87208,0.8722,1.00,1.75
2015.11.06 12:08:50.839,0.87208,0.8722,1.50,1.75
2015.11.06 12:08:51.358,0.87208,0.87222,1.00,3.00
2015.11.06 12:08:51.864,0.87208,0.87222,1.50,3.00
2015.11.06 12:08:52.405,0.87208,0.87222,1.00,3.00
2015.11.06 12:08:53.286,0.87208,0.87222,1.50,3.00
2015.11.06 12:08:53.791,0.87208,0.87222,1.00,3.00
2015.11.06 12:08:54.549,0.87209,0.87222,1.87,1.87
2015.11.06 12:08:55.084,0.8721,0.87223,1.00,2.25
2015.11.06 12:08:55.672,0.8721,0.87223,1.50,2.25
2015.11.06 12:08:56.232,0.8721,0.87223,1.00,2.25
2015.11.06 12:08:56.738,0.8721,0.87223,1.50,2.25
2015.11.06 12:08:57.553,0.8721,0.87223,1.00,2.25
2015.11.06 12:08:58.904,0.8721,0.87223,1.50,2.25
2015.11.06 12:08:59.406,0.8721,0.87223,1.00,2.25
2015.11.06 12:08:59.915,0.8721,0.87223,1.50,1.75
2015.11.06 12:09:00.442,0.8721,0.87224,1.00,3.00
2015.11.06 12:09:01.078,0.8721,0.87223,1.50,1.75
2015.11.06 12:09:01.483,0.87205,0.87214,1.75,1.00
2015.11.06 12:09:01.696,0.87198,0.87213,2.62,1.75
2015.11.06 12:09:04.268,0.87199,0.87211,1.37,2.25
2015.11.06 12:09:04.861,0.87198,0.87211,1.37,2.25
2015.11.06 12:09:05.366,0.87199,0.87211,1.37,2.25
2015.11.06 12:09:05.964,0.87198,0.87211,1.37,2.25
2015.11.06 12:09:06.505,0.87199,0.87211,1.37,2.25
2015.11.06 12:09:07.066,0.87198,0.87211,1.37,2.25
2015.11.06 12:09:08.286,0.87199,0.87211,1.37,2.25
2015.11.06 12:09:08.799,0.87198,0.87211,1.37,2.25
2015.11.06 12:09:10.277,0.87199,0.87211,1.37,2.25
2015.11.06 12:09:10.856,0.87198,0.87211,1.37,2.25
2015.11.06 12:09:11.376,0.87199,0.87211,1.37,2.25
2015.11.06 12:09:11.912,0.87198,0.87211,1.37,2.25
2015.11.06 12:09:12.887,0.87199,0.87211,1.37,2.25
2015.11.06 12:09:13.392,0.87198,0.87211,1.50,1.75
2015.11.06 12:09:13.901,0.87199,0.87211,1.37,1.75
2015.11.06 12:09:14.569,0.87198,0.87211,1.50,1.75
2015.11.06 12:09:16.026,0.87199,0.87211,1.37,1.75
2015.11.06 12:09:16.576,0.87198,0.87211,1.50,1.75
2015.11.06 12:09:17.186,0.87199,0.87212,1.37,1.87
2015.11.06 12:09:17.732,0.87198,0.8721,1.50,1.75
2015.11.06 12:09:18.283,0.87199,0.8721,1.37,1.75
2015.11.06 12:09:19.590,0.87198,0.8721,1.50,1.75
2015.11.06 12:09:19.942,0.87199,0.87212,1.87,1.75
2015.11.06 12:09:20.044,0.87202,0.87213,1.00,1.50
2015.11.06 12:09:20.267,0.87202,0.87215,1.37,1.50
2015.11.06 12:09:22.397,0.87203,0.87217,1.50,3.00
2015.11.06 12:09:22.448,0.87203,0.87217,1.50,3.00
2015.11.06 12:09:22.955,0.87203,0.87215,1.37,1.75
2015.11.06 12:09:23.549,0.87203,0.87215,1.37,2.25
2015.11.06 12:09:24.055,0.87202,0.87215,1.37,2.25
2015.11.06 12:09:25.901,0.87203,0.87215,1.37,2.25
2015.11.06 12:09:26.895,0.87202,0.87215,1.37,2.25
2015.11.06 12:09:29.256,0.87203,0.87215,1.00,2.25
2015.11.06 12:09:29.360,0.87202,0.87215,1.50,2.25
2015.11.06 12:09:29.863,0.87203,0.87215,1.00,2.25
2015.11.06 12:09:30.401,0.87203,0.87212,1.37,1.00
2015.11.06 12:09:30.908,0.87202,0.87212,1.37,1.00
2015.11.06 12:09:31.414,0.87203,0.87212,1.37,1.00
2015.11.06 12:09:32.010,0.87202,0.87212,1.37,1.00
2015.11.06 12:09:32.540,0.87203,0.87212,1.37,1.00
2015.11.06 12:09:33.077,0.87202,0.87212,1.37,1.00
2015.11.06 12:09:34.449,0.87203,0.87212,1.37,1.00
2015.11.06 12:09:35.215,0.87202,0.87212,1.37,1.00
2015.11.06 12:09:36.630,0.87203,0.87212,1.37,1.00
2015.11.06 12:09:37.156,0.87202,0.87212,1.37,1.00
2015.11.06 12:09:38.941,0.87203,0.87212,1.37,1.00
2015.11.06 12:09:39.479,0.87202,0.87212,1.37,1.00
2015.11.06 12:09:40.454,0.87203,0.87212,1.37,1.00
2015.11.06 12:09:40.983,0.87202,0.87212,1.37,1.00
2015.11.06 12:09:42.026,0.87203,0.87212,1.37,1.00
2015.11.06 12:09:42.673,0.87202,0.87212,1.37,1.00
2015.11.06 12:09:43.477,0.87203,0.87215,1.37,1.75
2015.11.06 12:09:43.978,0.87202,0.87215,1.50,1.75
2015.11.06 12:09:44.232,0.87202,0.87213,1.75,1.00
2015.11.06 12:09:44.415,0.87206,0.87219,1.00,1.87
2015.11.06 12:09:44.466,0.87207,0.87219,1.37,2.25
2015.11.06 12:09:44.821,0.87207,0.87218,1.37,2.25
2015.11.06 12:09:45.654,0.87206,0.87214,1.37,1.00
2015.11.06 12:09:46.663,0.87205,0.87214,1.37,1.00
2015.11.06 12:09:47.364,0.87206,0.87214,1.37,1.00
2015.11.06 12:09:47.904,0.87205,0.87215,1.37,1.00
2015.11.06 12:09:49.245,0.87205,0.87214,1.37,1.00
2015.11.06 12:09:49.802,0.87205,0.87217,1.37,1.75
2015.11.06 12:09:51.951,0.87206,0.87217,1.37,1.75
2015.11.06 12:09:52.096,0.87203,0.87217,1.50,1.75
2015.11.06 12:09:52.796,0.87204,0.87217,1.37,1.75
2015.11.06 12:09:52.847,0.87203,0.87217,1.87,1.75
2015.11.06 12:09:53.190,0.87204,0.87215,1.12,1.00
2015.11.06 12:09:53.291,0.87205,0.87216,1.00,1.75
2015.11.06 12:09:53.385,0.87204,0.87215,1.00,1.00
2015.11.06 12:09:53.487,0.87204,0.87217,1.12,1.75
2015.11.06 12:09:53.588,0.87204,0.87217,1.12,1.50
2015.11.06 12:09:53.893,0.87204,0.87216,1.00,1.50
2015.11.06 12:09:54.380,0.87204,0.87217,1.37,1.75
2015.11.06 12:09:54.870,0.87207,0.87218,1.37,1.75
2015.11.06 12:09:55.458,0.87206,0.87217,1.50,1.75
2015.11.06 12:09:56.015,0.87204,0.87214,1.37,1.12
2015.11.06 12:09:57.660,0.87205,0.87218,1.12,2.25
2015.11.06 12:09:58.167,0.87205,0.87215,1.75,1.00
2015.11.06 12:09:58.421,0.87202,0.87211,1.00,1.50
2015.11.06 12:09:58.775,0.872,0.87211,1.87,1.50
2015.11.06 12:09:59.365,0.872,0.87209,1.87,1.00
2015.11.06 12:10:00.267,0.872,0.87209,1.12,1.00
2015.11.06 12:10:01.520,0.872,0.87211,2.25,1.75
2015.11.06 12:10:02.385,0.872,0.87211,3.00,1.75
2015.11.06 12:10:04.776,0.872,0.87211,2.25,1.75
2015.11.06 12:10:05.584,0.872,0.87211,2.25,1.75
2015.11.06 12:10:06.213,0.872,0.87211,1.12,1.75
2015.11.06 12:10:08.438,0.87198,0.87208,1.00,1.00
2015.11.06 12:10:09.045,0.87197,0.87207,2.25,1.00
2015.11.06 12:10:09.935,0.87197,0.8721,1.12,1.75
2015.11.06 12:10:12.117,0.87197,0.8721,1.00,1.75
2015.11.06 12:10:12.434,0.87198,0.87204,1.00,1.00
2015.11.06 12:10:12.485,0.87194,0.87204,1.87,1.00
2015.11.06 12:10:13.006,0.87194,0.87204,1.00,1.00
2015.11.06 12:10:16.313,0.87192,0.87204,1.87,1.50
2015.11.06 12:10:18.174,0.87192,0.87202,1.12,1.00
2015.11.06 12:10:18.479,0.8719,0.87202,1.37,1.75
2015.11.06 12:10:18.985,0.8719,0.87202,1.37,1.50
2015.11.06 12:10:20.098,0.8719,0.87202,1.12,1.37
2015.11.06 12:10:20.150,0.87192,0.87202,1.00,1.00
2015.11.06 12:10:20.201,0.8719,0.87202,1.50,1.37
2015.11.06 12:10:20.405,0.87187,0.87196,1.00,1.00
2015.11.06 12:10:20.709,0.87187,0.87197,1.37,2.25
2015.11.06 12:10:20.811,0.87184,0.87197,2.25,1.75
2015.11.06 12:10:21.295,0.87183,0.87195,1.87,1.00
2015.11.06 12:10:21.805,0.87184,0.87194,1.37,1.00
2015.11.06 12:10:22.336,0.87183,0.87194,1.37,1.00
2015.11.06 12:10:22.659,0.87186,0.87194,1.37,1.00
2015.11.06 12:10:23.165,0.87185,0.87195,1.87,1.00
2015.11.06 12:10:23.468,0.87185,0.87197,1.37,1.75
2015.11.06 12:10:23.987,0.87184,0.87196,1.37,1.75
2015.11.06 12:10:24.038,0.87182,0.87196,2.25,1.75
2015.11.06 12:10:24.567,0.87183,0.87194,1.37,3.00
2015.11.06 12:10:25.081,0.87182,0.87194,1.37,3.00
2015.11.06 12:10:25.598,0.87182,0.87194,1.37,3.00
2015.11.06 12:10:26.160,0.87181,0.87194,2.25,3.00
2015.11.06 12:10:26.666,0.87182,0.87194,1.87,3.00
2015.11.06 12:10:26.818,0.87182,0.87194,2.25,3.00
2015.11.06 12:10:27.325,0.87182,0.87193,1.87,1.00
2015.11.06 12:10:28.329,0.87182,0.87193,1.12,1.00
2015.11.06 12:10:29.242,0.87182,0.87193,1.87,1.00
2015.11.06 12:10:29.783,0.87181,0.87194,2.25,1.75
2015.11.06 12:10:31.337,0.87181,0.87194,3.00,1.75
2015.11.06 12:10:31.640,0.87185,0.87197,1.37,2.25
2015.11.06 12:10:32.336,0.87184,0.87197,1.37,2.25
2015.11.06 12:10:33.451,0.87185,0.87197,1.37,2.25
2015.11.06 12:10:34.655,0.87184,0.87197,1.37,2.25
2015.11.06 12:10:35.254,0.87185,0.87197,1.37,2.25
2015.11.06 12:10:35.843,0.87184,0.87197,1.37,2.25
2015.11.06 12:10:36.461,0.87185,0.87197,1.37,2.25
2015.11.06 12:10:37.948,0.87183,0.87197,1.50,2.25
2015.11.06 12:10:38.353,0.87182,0.87194,1.12,2.25
2015.11.06 12:10:38.686,0.87184,0.87194,1.00,1.75
2015.11.06 12:10:41.429,0.87182,0.87194,1.50,1.75
2015.11.06 12:10:41.531,0.87182,0.8719,1.50,1.00
2015.11.06 12:10:41.766,0.87187,0.87195,1.37,1.50
2015.11.06 12:10:41.919,0.87187,0.87198,1.37,2.25
2015.11.06 12:10:42.173,0.87184,0.87197,2.25,1.75
2015.11.06 12:10:42.528,0.87186,0.87196,1.00,1.00
2015.11.06 12:10:43.065,0.87186,0.87197,1.00,2.25
2015.11.06 12:10:43.116,0.87184,0.87197,1.87,2.25
2015.11.06 12:10:43.217,0.87185,0.87195,1.00,1.00
2015.11.06 12:10:43.788,0.87184,0.87197,1.75,1.50
2015.11.06 12:10:46.477,0.87187,0.87199,1.00,1.87
2015.11.06 12:10:46.578,0.87187,0.87199,1.00,1.75
2015.11.06 12:10:47.084,0.87188,0.87202,1.50,1.87
2015.11.06 12:10:48.133,0.87188,0.87202,1.37,2.62
2015.11.06 12:10:48.336,0.87188,0.87197,1.00,1.00
2015.11.06 12:10:49.354,0.87188,0.87201,1.00,1.12
2015.11.06 12:10:50.214,0.87188,0.87201,1.50,1.12
2015.11.06 12:10:52.625,0.87189,0.87202,1.50,1.75
2015.11.06 12:10:54.635,0.8719,0.87204,1.87,7.12
2015.11.06 12:10:55.188,0.8719,0.87204,1.12,6.00
2015.11.06 12:10:55.733,0.8719,0.87204,1.50,6.00
2015.11.06 12:11:00.524,0.87191,0.87203,1.12,1.75
2015.11.06 12:11:04.549,0.87191,0.87203,1.50,1.50
2015.11.06 12:11:04.652,0.87191,0.87205,1.50,2.25
2015.11.06 12:11:06.380,0.8719,0.87206,3.00,1.87
2015.11.06 12:11:07.017,0.8719,0.87206,3.00,1.87
2015.11.06 12:11:08.549,0.87191,0.87204,1.12,1.00
2015.11.06 12:11:08.700,0.87194,0.87208,1.12,1.12
2015.11.06 12:11:08.852,0.87196,0.87208,1.12,1.37
2015.11.06 12:11:09.156,0.87193,0.87207,2.25,1.75
2015.11.06 12:11:09.487,0.87192,0.87206,1.00,1.75
2015.11.06 12:11:10.424,0.87192,0.87203,1.50,1.12
2015.11.06 12:11:10.934,0.87192,0.87203,1.00,1.12
2015.11.06 12:11:11.466,0.87192,0.87203,1.50,1.12
2015.11.06 12:11:11.988,0.87192,0.87203,1.00,1.12
2015.11.06 12:11:12.534,0.87192,0.87203,1.50,1.12
2015.11.06 12:11:13.229,0.87192,0.87206,1.00,4.87
2015.11.06 12:11:13.791,0.87192,0.87205,1.50,1.12
2015.11.06 12:11:14.750,0.87192,0.87204,1.00,1.50
2015.11.06 12:11:15.256,0.87191,0.87204,2.25,1.75
2015.11.06 12:11:15.759,0.87191,0.87204,1.50,1.75
2015.11.06 12:11:17.736,0.87191,0.87204,2.25,1.75
2015.11.06 12:11:18.238,0.87191,0.87204,1.50,1.75
2015.11.06 12:11:18.739,0.87191,0.87204,2.25,1.75
2015.11.06 12:11:19.265,0.87191,0.87204,1.50,1.75
2015.11.06 12:11:20.265,0.87191,0.87204,2.25,1.75
2015.11.06 12:11:20.793,0.87191,0.87204,1.50,1.75
2015.11.06 12:11:21.575,0.87191,0.87204,2.25,1.75
2015.11.06 12:11:22.214,0.87191,0.87204,1.50,1.75
2015.11.06 12:11:23.200,0.87191,0.87204,1.00,1.75
2015.11.06 12:11:25.394,0.87191,0.87204,2.25,1.75
2015.11.06 12:11:25.976,0.87191,0.87204,1.87,1.75
2015.11.06 12:11:28.306,0.87191,0.87204,1.50,1.75
2015.11.06 12:11:28.909,0.87191,0.87204,1.00,1.75
2015.11.06 12:11:31.423,0.87191,0.87201,1.87,1.00
2015.11.06 12:11:31.931,0.87191,0.87201,1.12,1.00
2015.11.06 12:11:32.436,0.87191,0.87201,1.87,1.00
2015.11.06 12:11:32.942,0.87191,0.87201,1.12,1.00
2015.11.06 12:11:34.188,0.87191,0.87205,1.12,1.75
2015.11.06 12:11:35.218,0.87191,0.87205,1.12,1.50
2015.11.06 12:11:42.039,0.87194,0.87207,1.37,2.25
2015.11.06 12:11:42.242,0.87193,0.87204,1.75,1.37
2015.11.06 12:11:42.592,0.87193,0.87204,1.50,1.75
2015.11.06 12:11:43.493,0.87194,0.87204,1.37,1.75
2015.11.06 12:11:43.942,0.87191,0.87201,1.87,1.00
2015.11.06 12:11:44.445,0.87191,0.87201,1.87,1.00
2015.11.06 12:11:45.244,0.87191,0.87203,1.50,1.75
2015.11.06 12:11:45.453,0.8719,0.87203,1.00,1.75
2015.11.06 12:11:47.607,0.8719,0.87203,2.25,1.75
2015.11.06 12:11:48.616,0.8719,0.87203,1.50,1.75
2015.11.06 12:11:48.869,0.8719,0.872,1.87,1.75
2015.11.06 12:11:48.920,0.87189,0.87198,1.00,1.37
2015.11.06 12:11:48.971,0.87185,0.87198,1.00,1.87
2015.11.06 12:11:49.275,0.87182,0.87194,1.12,2.25
2015.11.06 12:11:49.376,0.87181,0.87194,1.37,2.25
2015.11.06 12:11:50.333,0.87182,0.87194,1.37,2.25
2015.11.06 12:11:51.626,0.87181,0.87194,1.50,2.25
2015.11.06 12:11:52.153,0.87182,0.87194,1.37,2.25
2015.11.06 12:11:52.678,0.87181,0.87194,1.50,2.25
2015.11.06 12:11:53.311,0.87182,0.87194,1.37,2.25
2015.11.06 12:11:54.747,0.87181,0.87194,1.50,2.25
2015.11.06 12:11:55.283,0.87182,0.87194,1.37,2.25
2015.11.06 12:11:55.804,0.87181,0.87194,1.50,1.75
2015.11.06 12:11:56.380,0.87182,0.87195,1.37,2.62
2015.11.06 12:11:57.017,0.87181,0.87195,1.50,2.25
2015.11.06 12:11:57.953,0.87182,0.87193,1.37,1.75
2015.11.06 12:11:58.536,0.87181,0.87193,1.50,1.75
2015.11.06 12:11:59.112,0.87182,0.87193,1.37,1.75
2015.11.06 12:11:59.365,0.87179,0.87193,1.87,1.75
2015.11.06 12:12:00.213,0.8718,0.87193,1.00,1.75
2015.11.06 12:12:07.113,0.87179,0.87192,1.12,1.12
2015.11.06 12:12:07.164,0.8718,0.87192,1.12,1.12
2015.11.06 12:12:07.505,0.87185,0.87194,1.50,1.87
2015.11.06 12:12:07.607,0.87185,0.87198,1.37,1.50
2015.11.06 12:12:07.659,0.8719,0.87196,1.00,1.00
2015.11.06 12:12:07.811,0.8719,0.87199,1.00,2.25
2015.11.06 12:12:08.344,0.87189,0.87199,1.12,1.50
2015.11.06 12:12:08.395,0.87189,0.87199,1.12,1.50
2015.11.06 12:12:08.547,0.8718,0.87193,2.25,1.00
2015.11.06 12:12:09.094,0.87183,0.87193,1.00,1.37
2015.11.06 12:12:09.900,0.87183,0.87194,1.12,2.62
2015.11.06 12:12:10.546,0.87183,0.87194,1.12,2.62
2015.11.06 12:12:11.178,0.87183,0.87193,1.00,1.12
2015.11.06 12:12:11.404,0.87183,0.87193,1.12,1.00
2015.11.06 12:12:15.286,0.87183,0.87193,1.12,1.37
2015.11.06 12:12:15.805,0.87182,0.87196,3.00,1.87
2015.11.06 12:12:16.917,0.87183,0.87195,1.00,1.75
2015.11.06 12:12:23.923,0.87181,0.87192,1.00,1.75
2015.11.06 12:12:24.453,0.87178,0.87189,1.12,1.00
2015.11.06 12:12:26.320,0.87178,0.87191,1.12,1.37
2015.11.06 12:12:26.654,0.87181,0.87193,1.37,1.50
2015.11.06 12:12:26.907,0.87184,0.87192,1.00,1.50
2015.11.06 12:12:27.515,0.87183,0.87194,1.00,1.75
2015.11.06 12:12:28.878,0.87183,0.87194,1.50,1.75
2015.11.06 12:12:29.419,0.87183,0.87194,1.00,1.75
2015.11.06 12:12:29.931,0.87181,0.87194,1.37,1.87
2015.11.06 12:12:29.981,0.87181,0.87194,1.00,1.87
2015.11.06 12:12:31.093,0.87182,0.87193,1.00,1.75
2015.11.06 12:12:31.144,0.87182,0.87193,1.00,1.75
2015.11.06 12:12:36.576,0.87182,0.87193,1.00,1.87
2015.11.06 12:12:37.077,0.87182,0.87193,1.00,1.87
2015.11.06 12:12:37.897,0.87181,0.87192,1.00,1.75
2015.11.06 12:12:38.484,0.87181,0.87192,1.00,1.75
2015.11.06 12:12:45.001,0.8718,0.87193,1.00,1.12
2015.11.06 12:12:45.507,0.87181,0.87193,1.00,1.87
2015.11.06 12:12:45.915,0.87181,0.87193,1.12,1.50
2015.11.06 12:12:46.193,0.87182,0.87193,1.37,1.50
2015.11.06 12:12:46.700,0.87183,0.87194,1.37,1.75
2015.11.06 12:12:47.244,0.87182,0.87194,1.37,1.75
2015.11.06 12:12:47.830,0.87183,0.87196,1.37,1.75
2015.11.06 12:12:48.387,0.87182,0.87196,1.87,1.75
2015.11.06 12:12:50.413,0.87183,0.87196,1.37,1.75
2015.11.06 12:12:50.515,0.87182,0.87196,1.00,1.75
2015.11.06 12:12:50.566,0.87182,0.87195,1.00,1.75
2015.11.06 12:12:53.375,0.87182,0.87194,1.00,1.75
2015.11.06 12:12:57.460,0.87181,0.87191,1.00,1.50
2015.11.06 12:12:57.765,0.87178,0.87191,1.50,1.87
2015.11.06 12:12:57.866,0.87178,0.87191,1.50,1.87
2015.11.06 12:12:58.466,0.87184,0.87191,1.00,1.75
2015.11.06 12:12:59.597,0.87177,0.87191,2.25,1.75
2015.11.06 12:13:00.556,0.87179,0.87191,1.50,1.75
2015.11.06 12:13:00.984,0.87185,0.87191,1.00,1.75
2015.11.06 12:13:02.786,0.87179,0.87192,1.00,1.75
2015.11.06 12:13:03.139,0.87181,0.87193,1.50,1.75
2015.11.06 12:13:03.735,0.87181,0.87193,1.37,1.75
2015.11.06 12:13:04.283,0.8718,0.87193,2.25,1.75
2015.11.06 12:13:07.591,0.87181,0.87193,1.37,1.75
2015.11.06 12:13:08.094,0.8718,0.87192,2.25,1.50
2015.11.06 12:13:08.247,0.8718,0.87192,1.50,1.75
2015.11.06 12:13:08.753,0.8718,0.87192,1.12,2.25
2015.11.06 12:13:09.304,0.8718,0.87194,1.37,1.75
2015.11.06 12:13:09.810,0.87179,0.87195,3.22,2.62
2015.11.06 12:13:09.970,0.8718,0.87195,1.00,2.62
2015.11.06 12:13:10.173,0.87181,0.87195,1.37,2.25
2015.11.06 12:13:10.476,0.87182,0.87195,1.37,1.75
2015.11.06 12:13:11.001,0.87187,0.87195,1.00,1.75
2015.11.06 12:13:12.315,0.87186,0.87195,1.00,1.75
2015.11.06 12:13:13.161,0.87186,0.87196,1.00,1.75
2015.11.06 12:13:13.351,0.87183,0.87196,1.50,1.75
2015.11.06 12:13:14.274,0.87186,0.87196,1.00,1.50
2015.11.06 12:13:14.896,0.87189,0.87196,1.00,1.50
2015.11.06 12:13:14.998,0.87186,0.87196,1.00,1.50
2015.11.06 12:13:15.526,0.87184,0.87196,1.50,1.50
2015.11.06 12:13:16.540,0.87184,0.87197,1.00,2.25
2015.11.06 12:13:19.254,0.87183,0.87194,1.00,1.75
2015.11.06 12:13:21.228,0.87185,0.87195,1.00,1.75
2015.11.06 12:13:21.834,0.87185,0.87195,1.00,1.75
2015.11.06 12:13:21.998,0.87183,0.87195,1.00,1.75
2015.11.06 12:13:23.730,0.87186,0.87195,1.00,1.75
2015.11.06 12:13:24.187,0.87186,0.87197,1.50,1.00
2015.11.06 12:13:24.692,0.87185,0.87199,2.25,2.25
2015.11.06 12:13:24.998,0.87186,0.87199,1.00,1.87
2015.11.06 12:13:25.302,0.87185,0.87194,1.87,1.00
2015.11.06 12:13:25.606,0.87184,0.87194,1.00,2.25
2015.11.06 12:13:26.517,0.87184,0.87194,1.00,2.25
2015.11.06 12:13:27.189,0.87184,0.87192,1.00,1.00
2015.11.06 12:13:27.494,0.87183,0.87197,1.87,1.75
2015.11.06 12:13:27.595,0.87184,0.87197,2.25,1.50
2015.11.06 12:13:28.099,0.87185,0.87199,1.37,2.62
2015.11.06 12:13:28.605,0.87186,0.87196,1.12,1.00
2015.11.06 12:13:30.595,0.87186,0.87196,2.25,1.00
2015.11.06 12:13:31.101,0.87186,0.87196,1.12,1.00
2015.11.06 12:13:33.380,0.87185,0.87198,1.00,1.75
2015.11.06 12:13:33.600,0.87185,0.87196,1.00,1.50
2015.11.06 12:13:33.702,0.87183,0.87192,1.12,1.00
2015.11.06 12:13:33.803,0.87181,0.87192,2.77,1.00
2015.11.06 12:13:33.904,0.87181,0.87194,1.42,1.75
2015.11.06 12:13:34.208,0.87184,0.87192,1.00,1.75
2015.11.06 12:13:50.593,0.87183,0.8719,1.00,1.00
2015.11.06 12:13:50.896,0.87183,0.87191,1.00,1.87
2015.11.06 12:13:50.998,0.87179,0.87191,1.37,1.87
2015.11.06 12:13:51.555,0.87179,0.87191,1.87,1.50
2015.11.06 12:13:51.969,0.87181,0.87195,1.37,2.62
2015.11.06 12:13:52.071,0.87184,0.87195,1.50,2.62
2015.11.06 12:14:07.579,0.87184,0.87195,1.50,1.00
2015.11.06 12:14:08.206,0.87183,0.87195,1.75,1.50
2015.11.06 12:14:08.409,0.87181,0.87194,3.37,1.50
2015.11.06 12:14:08.713,0.87182,0.87194,1.12,1.75
2015.11.06 12:14:10.606,0.87181,0.87194,2.02,1.75
2015.11.06 12:14:10.911,0.87181,0.8719,1.10,1.12
2015.11.06 12:14:10.962,0.87177,0.8719,1.00,1.12
2015.11.06 12:14:11.465,0.87176,0.8719,1.50,1.12
2015.11.06 12:14:16.056,0.87176,0.87186,1.37,1.00
2015.11.06 12:14:16.889,0.8718,0.87192,1.00,1.12
2015.11.06 12:14:17.041,0.8718,0.87192,2.55,1.12
2015.11.06 12:14:23.543,0.8718,0.87192,1.80,1.87
2015.11.06 12:14:25.473,0.8718,0.87191,1.80,1.12
2015.11.06 12:14:27.458,0.8718,0.87192,1.80,1.87
2015.11.06 12:14:30.320,0.87181,0.87193,1.00,1.87
2015.11.06 12:14:30.573,0.87181,0.87193,2.40,1.12
2015.11.06 12:14:30.876,0.87183,0.87192,1.00,1.00
2015.11.06 12:14:33.367,0.87183,0.87193,1.00,1.12
2015.11.06 12:14:33.984,0.87182,0.87193,1.00,1.12
2015.11.06 12:14:35.250,0.8718,0.87193,2.25,1.12
2015.11.06 12:14:35.887,0.87183,0.87192,1.00,1.50
2015.11.06 12:14:36.192,0.87182,0.87193,1.00,3.37
2015.11.06 12:14:36.389,0.8718,0.87191,1.00,1.12
2015.11.06 12:14:36.896,0.87177,0.8719,1.37,1.75
2015.11.06 12:14:37.409,0.87177,0.8719,1.37,1.75
2015.11.06 12:14:39.529,0.87178,0.87192,2.25,2.25
2015.11.06 12:14:39.633,0.87181,0.8719,1.00,1.00
2015.11.06 12:14:39.937,0.87184,0.87196,1.37,1.75
2015.11.06 12:14:40.240,0.87184,0.87195,1.00,1.75
2015.11.06 12:14:41.382,0.8718,0.87193,2.62,1.75
2015.11.06 12:14:41.585,0.87179,0.87191,1.00,1.12
2015.11.06 12:14:41.788,0.87176,0.8719,1.50,1.75
2015.11.06 12:14:43.076,0.87177,0.8719,1.37,2.25
2015.11.06 12:14:43.854,0.87176,0.8719,1.50,1.75
2015.11.06 12:14:44.752,0.87177,0.8719,1.37,1.75
2015.11.06 12:14:44.956,0.87174,0.87188,2.25,1.75
2015.11.06 12:14:45.160,0.8717,0.87184,1.12,2.25
2015.11.06 12:14:45.211,0.87171,0.87184,1.12,2.62
2015.11.06 12:14:45.262,0.87171,0.87184,1.37,1.87
2015.11.06 12:14:45.776,0.87172,0.87183,1.12,1.75
2015.11.06 12:14:46.332,0.87172,0.87181,1.00,1.12
2015.11.06 12:14:46.434,0.87172,0.87182,1.00,1.00
2015.11.06 12:14:46.636,0.87173,0.87184,1.00,1.12
2015.11.06 12:14:46.690,0.87174,0.87186,1.37,1.75
2015.11.06 12:14:46.849,0.87177,0.87187,1.00,1.00
2015.11.06 12:14:49.635,0.87176,0.87189,1.12,1.37
2015.11.06 12:14:52.237,0.87177,0.8719,1.00,2.25
2015.11.06 12:14:52.966,0.87176,0.8719,2.62,1.12
2015.11.06 12:14:53.272,0.87178,0.87191,1.12,1.50
2015.11.06 12:14:53.806,0.87182,0.87193,1.00,1.50
2015.11.06 12:14:54.111,0.87182,0.87194,1.75,1.00
2015.11.06 12:14:54.567,0.87184,0.87195,1.00,2.25
2015.11.06 12:14:54.719,0.87179,0.87194,1.12,3.37
2015.11.06 12:14:54.770,0.87178,0.87192,1.12,1.75
2015.11.06 12:14:54.872,0.87178,0.87191,1.00,1.12
2015.11.06 12:14:55.958,0.87179,0.87187,1.00,1.00
2015.11.06 12:14:56.161,0.87176,0.87186,1.87,1.00
2015.11.06 12:14:56.704,0.87175,0.87189,1.12,2.25
2015.11.06 12:15:00.209,0.87176,0.87188,1.37,1.75
2015.11.06 12:15:00.431,0.87175,0.87186,1.12,1.00
2015.11.06 12:15:01.009,0.87175,0.87188,1.00,2.25
2015.11.06 12:15:01.560,0.87175,0.87188,1.00,2.25
2015.11.06 12:15:02.207,0.87175,0.87188,1.37,1.50
2015.11.06 12:15:04.714,0.87176,0.87188,1.12,1.50
2015.11.06 12:15:05.018,0.87183,0.87193,1.00,1.00
2015.11.06 12:15:06.112,0.87185,0.87193,1.00,1.00
2015.11.06 12:15:06.618,0.87186,0.87193,1.00,1.00
2015.11.06 12:15:06.875,0.87186,0.87197,1.00,2.62
2015.11.06 12:15:07.400,0.87186,0.87197,1.37,1.37
2015.11.06 12:15:07.827,0.87181,0.87195,1.12,1.50
2015.11.06 12:15:07.928,0.8718,0.87194,1.50,1.75
2015.11.06 12:15:08.251,0.87181,0.87191,1.00,2.62
2015.11.06 12:15:08.303,0.87179,0.87189,1.00,1.00
2015.11.06 12:15:11.530,0.87179,0.87188,1.00,1.00
2015.11.06 12:15:13.698,0.87179,0.87186,1.00,1.00
2015.11.06 12:15:13.901,0.87169,0.8718,1.12,1.50
2015.11.06 12:15:14.103,0.87169,0.87178,1.37,1.50
2015.11.06 12:15:14.255,0.87163,0.87177,2.62,1.00
2015.11.06 12:15:14.357,0.87163,0.87177,1.87,1.37
2015.11.06 12:15:14.662,0.87163,0.87176,1.50,1.12
2015.11.06 12:15:22.971,0.87163,0.87177,1.37,1.87
2015.11.06 12:15:23.134,0.87163,0.87177,2.62,1.00
2015.11.06 12:15:23.665,0.87165,0.87179,1.75,1.37
2015.11.06 12:15:24.171,0.8717,0.87182,1.00,1.75
2015.11.06 12:15:24.273,0.87172,0.87182,1.50,1.12
2015.11.06 12:15:24.374,0.87174,0.87186,1.00,1.12
2015.11.06 12:15:24.887,0.87175,0.87185,1.00,1.00
2015.11.06 12:15:26.582,0.87172,0.87187,1.75,1.87
2015.11.06 12:15:26.757,0.8717,0.87185,2.62,1.87
2015.11.06 12:15:26.910,0.87171,0.87184,1.50,1.87
2015.11.06 12:15:27.164,0.87171,0.87182,1.00,2.25
2015.11.06 12:15:27.367,0.87168,0.8718,1.00,1.37
2015.11.06 12:15:28.896,0.8717,0.87178,1.00,1.00
2015.11.06 12:15:32.689,0.8717,0.8718,1.00,1.37
2015.11.06 12:15:34.411,0.87171,0.87182,1.00,1.87
2015.11.06 12:15:34.749,0.87164,0.87179,3.00,1.12
2015.11.06 12:15:35.676,0.8717,0.87181,1.00,1.12
2015.11.06 12:15:35.979,0.87171,0.8718,1.00,1.00
2015.11.06 12:15:41.682,0.87171,0.87181,1.00,1.12
2015.11.06 12:15:42.196,0.87169,0.87181,1.37,1.12
2015.11.06 12:15:44.459,0.87171,0.87183,1.12,1.37
2015.11.06 12:15:44.562,0.87171,0.87186,2.62,1.87
2015.11.06 12:15:44.665,0.87173,0.87181,1.00,1.00
2015.11.06 12:15:44.919,0.87168,0.87178,1.00,1.50
2015.11.06 12:15:45.072,0.87168,0.8718,2.25,1.37
2015.11.06 12:15:49.967,0.87164,0.87178,1.87,1.50
2015.11.06 12:15:51.614,0.87167,0.8718,1.50,1.75
2015.11.06 12:15:51.665,0.87167,0.8718,1.87,1.37
2015.11.06 12:15:51.819,0.8717,0.8718,1.00,1.00
2015.11.06 12:15:51.925,0.87168,0.87181,1.12,2.62
2015.11.06 12:15:52.027,0.87167,0.8718,2.25,1.12
2015.11.06 12:15:52.724,0.87169,0.87176,1.00,1.00
2015.11.06 12:15:53.223,0.87166,0.87176,1.00,1.00
2015.11.06 12:15:57.321,0.87162,0.87176,2.62,1.50
2015.11.06 12:15:57.473,0.87163,0.87176,1.00,1.75
2015.11.06 12:15:58.004,0.87164,0.87174,1.00,1.00
2015.11.06 12:15:59.393,0.87162,0.87172,1.00,1.00
2015.11.06 12:15:59.900,0.87163,0.87173,1.00,1.00
2015.11.06 12:16:02.350,0.87162,0.87176,1.12,1.87
2015.11.06 12:16:02.756,0.87166,0.87177,1.00,1.75
2015.11.06 12:16:02.957,0.87164,0.87178,1.12,1.87
2015.11.06 12:16:03.927,0.87163,0.87175,1.12,1.87
2015.11.06 12:16:03.978,0.87167,0.87175,1.00,1.87
2015.11.06 12:16:04.079,0.87163,0.87175,1.12,1.75
2015.11.06 12:16:04.610,0.8716,0.87175,1.87,1.75
2015.11.06 12:16:11.753,0.8716,0.87174,1.00,1.75
2015.11.06 12:16:13.862,0.87159,0.87173,2.25,1.12
2015.11.06 12:16:16.241,0.87158,0.87173,1.50,2.62
2015.11.06 12:16:16.544,0.87159,0.87171,1.12,1.75
2015.11.06 12:16:16.886,0.87157,0.87169,1.00,1.75
2015.11.06 12:16:23.655,0.87155,0.8717,1.12,2.25
2015.11.06 12:16:28.766,0.87156,0.8717,2.62,1.75
2015.11.06 12:16:29.275,0.87158,0.87171,1.37,1.50
2015.11.06 12:16:29.895,0.87157,0.87171,1.87,1.12
2015.11.06 12:16:37.754,0.87157,0.87171,1.87,2.25
2015.11.06 12:16:37.856,0.87158,0.87171,1.00,1.75
2015.11.06 12:16:38.359,0.87159,0.87171,1.00,1.75
2015.11.06 12:16:39.213,0.87157,0.87171,1.37,1.75
2015.11.06 12:16:39.650,0.87158,0.87171,1.12,1.50
2015.11.06 12:16:40.164,0.87158,0.87172,1.12,1.37
2015.11.06 12:16:45.780,0.87158,0.87168,1.00,1.00
2015.11.06 12:16:46.086,0.87154,0.87168,1.12,1.75
2015.11.06 12:16:47.427,0.87153,0.87167,1.75,1.75
2015.11.06 12:16:47.933,0.87154,0.87169,1.50,1.87
2015.11.06 12:16:48.480,0.87156,0.87169,1.12,1.75
2015.11.06 12:16:49.581,0.87156,0.87169,1.50,1.50
2015.11.06 12:16:49.632,0.87156,0.87169,1.75,1.50
2015.11.06 12:16:55.547,0.87156,0.8717,1.12,1.75
2015.11.06 12:16:56.211,0.87161,0.87172,1.75,1.37
2015.11.06 12:16:56.261,0.87163,0.87172,1.00,1.00
2015.11.06 12:16:56.383,0.87162,0.87176,1.87,1.37
2015.11.06 12:16:56.536,0.87165,0.87177,1.12,1.00
2015.11.06 12:16:56.739,0.87169,0.87179,1.00,1.00
2015.11.06 12:16:59.971,0.87168,0.87182,1.75,1.12
2015.11.06 12:17:00.072,0.87168,0.87183,1.75,1.87
2015.11.06 12:17:02.743,0.87166,0.87181,1.12,1.50
2015.11.06 12:17:04.638,0.87166,0.87181,1.87,1.50
2015.11.06 12:17:05.448,0.87176,0.87184,1.37,2.25
2015.11.06 12:17:05.550,0.87175,0.87184,1.37,1.00
2015.11.06 12:17:05.753,0.87176,0.87189,1.50,1.75
2015.11.06 12:17:05.956,0.87176,0.87187,1.00,1.50
2015.11.06 12:17:06.057,0.87174,0.87183,1.37,1.37
2015.11.06 12:17:06.108,0.87171,0.87183,1.00,1.75
2015.11.06 12:17:06.610,0.87169,0.8718,1.12,1.00
2015.11.06 12:17:08.799,0.87169,0.87182,1.12,2.25
2015.11.06 12:17:09.139,0.87169,0.87181,1.12,1.50
2015.11.06 12:17:09.444,0.87169,0.87181,1.37,1.00
2015.11.06 12:17:09.647,0.87168,0.87182,1.87,1.87
2015.11.06 12:17:09.748,0.87172,0.87182,1.00,1.00
2015.11.06 12:17:10.256,0.87169,0.87184,1.50,2.62
2015.11.06 12:17:10.568,0.87167,0.8718,1.00,2.62
2015.11.06 12:17:11.077,0.87166,0.87179,1.00,1.75
2015.11.06 12:17:11.381,0.8717,0.87182,1.37,2.25
2015.11.06 12:17:11.533,0.87169,0.87182,2.25,1.75
2015.11.06 12:17:12.041,0.87169,0.87181,1.50,1.75
2015.11.06 12:17:12.450,0.87171,0.87181,1.00,1.75
2015.11.06 12:17:13.956,0.87171,0.87179,1.00,1.00
2015.11.06 12:17:15.244,0.87171,0.87183,1.00,2.62
2015.11.06 12:17:15.447,0.87168,0.87178,1.00,1.00
2015.11.06 12:17:16.205,0.87168,0.87183,1.37,4.12
2015.11.06 12:17:16.256,0.87168,0.87183,1.75,4.12
2015.11.06 12:17:16.358,0.87172,0.87183,1.00,1.50
2015.11.06 12:17:16.927,0.87172,0.87182,1.00,1.00
2015.11.06 12:17:18.439,0.87171,0.87185,1.75,1.37
2015.11.06 12:17:18.490,0.87174,0.87186,1.00,3.37
2015.11.06 12:17:18.743,0.87172,0.87185,1.12,3.00
2015.11.06 12:17:19.047,0.87171,0.87183,1.12,2.62
2015.11.06 12:17:19.258,0.87171,0.87182,1.12,1.37
2015.11.06 12:17:19.310,0.8717,0.87183,1.37,1.87
2015.11.06 12:17:20.018,0.87169,0.87182,1.12,1.75
2015.11.06 12:17:26.290,0.87167,0.87181,1.87,1.50
2015.11.06 12:17:27.099,0.87167,0.87183,2.62,1.87
2015.11.06 12:17:29.755,0.87168,0.87183,1.75,1.87
2015.11.06 12:17:29.806,0.87168,0.87183,1.75,1.87
2015.11.06 12:17:31.025,0.8717,0.87182,1.00,1.75
2015.11.06 12:17:32.176,0.8717,0.87182,1.50,1.75
2015.11.06 12:17:32.708,0.87171,0.87183,1.00,1.75
2015.11.06 12:17:33.579,0.8717,0.87183,1.12,1.75
2015.11.06 12:17:34.147,0.8717,0.87183,1.12,1.75
2015.11.06 12:17:40.069,0.87173,0.87182,1.00,1.00
2015.11.06 12:17:40.171,0.87168,0.87182,2.62,1.50
2015.11.06 12:17:40.576,0.87168,0.87182,1.12,1.87
2015.11.06 12:17:40.905,0.87169,0.87183,1.12,1.00
2015.11.06 12:17:41.158,0.87174,0.87185,1.00,2.25
2015.11.06 12:17:41.672,0.87172,0.87185,1.75,1.50
2015.11.06 12:17:41.723,0.87172,0.87185,2.25,1.00
2015.11.06 12:17:43.230,0.87173,0.87184,1.50,1.12
2015.11.06 12:17:43.281,0.87173,0.87184,1.50,1.50
2015.11.06 12:17:43.848,0.87174,0.87184,1.37,1.50
2015.11.06 12:17:50.643,0.87174,0.87185,1.00,1.00
2015.11.06 12:17:51.305,0.87174,0.87185,1.12,1.50
2015.11.06 12:17:51.562,0.87167,0.87179,1.50,1.37
2015.11.06 12:17:59.079,0.87167,0.87181,1.75,1.37
2015.11.06 12:18:03.793,0.87171,0.87182,1.00,2.25
2015.11.06 12:18:04.298,0.87171,0.87182,1.00,1.12
2015.11.06 12:18:06.559,0.8717,0.87181,1.87,1.00
2015.11.06 12:18:06.863,0.87172,0.87185,1.37,2.62
2015.11.06 12:18:07.980,0.87173,0.87185,1.37,2.62
2015.11.06 12:18:08.497,0.87173,0.87185,1.50,1.50
2015.11.06 12:18:12.088,0.87174,0.87185,1.37,1.37
2015.11.06 12:18:16.359,0.87174,0.87184,1.50,1.87
2015.11.06 12:18:16.410,0.87171,0.87182,1.00,1.12
2015.11.06 12:18:16.512,0.87168,0.87182,2.25,1.12
2015.11.06 12:18:16.816,0.87178,0.87185,1.00,1.00
2015.11.06 12:18:17.613,0.87177,0.87187,1.50,1.87
2015.11.06 12:18:18.709,0.87177,0.87186,1.50,1.37
2015.11.06 12:18:19.956,0.87177,0.87187,1.50,1.37
2015.11.06 12:18:21.000,0.87175,0.87186,1.87,1.37
2015.11.06 12:18:21.507,0.87175,0.87186,1.12,1.00
2015.11.06 12:18:21.710,0.87175,0.87186,1.50,1.12
2015.11.06 12:18:23.884,0.87174,0.87186,1.87,1.50
2015.11.06 12:18:28.637,0.87175,0.87188,1.12,1.50
2015.11.06 12:18:29.715,0.87177,0.87189,1.50,1.75
2015.11.06 12:18:30.090,0.87178,0.87191,1.50,1.87
2015.11.06 12:18:30.141,0.87182,0.87191,1.00,1.50
2015.11.06 12:18:30.673,0.8718,0.87192,1.37,1.87
2015.11.06 12:18:30.825,0.8718,0.87192,1.12,1.87
2015.11.06 12:18:31.141,0.87178,0.87191,1.00,1.12
2015.11.06 12:18:31.647,0.8718,0.87192,1.00,2.25
2015.11.06 12:18:32.193,0.8718,0.87192,1.00,1.12
2015.11.06 12:18:33.157,0.87177,0.87187,1.87,1.00
2015.11.06 12:18:33.745,0.87178,0.87188,1.12,1.00
2015.11.06 12:18:36.633,0.87181,0.87188,1.00,1.00
2015.11.06 12:18:39.580,0.87181,0.87189,1.00,1.00
2015.11.06 12:18:39.782,0.87177,0.87192,1.37,1.12
2015.11.06 12:18:40.396,0.87177,0.87192,1.37,1.12
2015.11.06 12:18:40.701,0.87183,0.87192,1.00,1.37
2015.11.06 12:18:41.646,0.87184,0.87193,1.00,1.87
2015.11.06 12:18:41.798,0.87183,0.87193,1.12,1.50
2015.11.06 12:18:42.308,0.87184,0.87193,1.00,1.00
2015.11.06 12:18:42.900,0.87184,0.87193,1.00,1.50
2015.11.06 12:18:43.425,0.87184,0.87193,1.00,1.00
2015.11.06 12:18:44.043,0.87184,0.87193,1.12,1.37
2015.11.06 12:18:44.246,0.87183,0.87194,1.50,1.12
2015.11.06 12:18:44.692,0.87183,0.87194,1.50,1.00
2015.11.06 12:18:44.844,0.87183,0.87196,1.75,1.00
2015.11.06 12:18:45.381,0.87183,0.87196,1.87,1.50
2015.11.06 12:18:45.533,0.87183,0.87197,1.75,1.12
2015.11.06 12:18:45.837,0.87187,0.87199,2.25,1.00
2015.11.06 12:18:48.323,0.87191,0.87202,1.00,1.50
2015.11.06 12:18:48.374,0.87191,0.87202,1.00,1.12
2015.11.06 12:18:48.425,0.8719,0.87202,1.37,1.37
2015.11.06 12:18:48.526,0.8719,0.87203,1.12,1.00
2015.11.06 12:18:49.093,0.87194,0.87203,1.00,1.12
2015.11.06 12:18:49.595,0.87191,0.87203,1.12,1.50
2015.11.06 12:18:50.609,0.87192,0.87203,1.00,1.37
2015.11.06 12:18:50.929,0.87188,0.87201,1.12,2.25
2015.11.06 12:18:51.437,0.87191,0.87201,1.00,1.87
2015.11.06 12:18:52.142,0.87191,0.87201,1.00,2.62
2015.11.06 12:18:52.700,0.87191,0.87201,1.00,1.87
2015.11.06 12:18:53.416,0.87191,0.87199,1.00,1.00
2015.11.06 12:18:53.568,0.87188,0.87199,1.00,1.00
2015.11.06 12:18:54.167,0.87185,0.87199,1.75,1.37
2015.11.06 12:18:54.708,0.87184,0.87198,1.87,1.50
2015.11.06 12:18:57.273,0.87186,0.87198,1.00,1.50
2015.11.06 12:18:57.477,0.87184,0.87195,1.12,1.00
2015.11.06 12:18:58.092,0.87187,0.87197,1.00,1.12
2015.11.06 12:18:58.628,0.87184,0.87199,1.75,1.87
2015.11.06 12:19:00.053,0.87189,0.872,1.37,1.75
2015.11.06 12:19:00.383,0.87194,0.87201,1.00,2.25
2015.11.06 12:19:00.918,0.87189,0.872,1.12,1.00
2015.11.06 12:19:00.969,0.87189,0.872,1.12,1.37
2015.11.06 12:19:01.425,0.87185,0.87197,1.37,2.25
2015.11.06 12:19:01.527,0.87183,0.87197,1.37,1.75
2015.11.06 12:19:01.628,0.87182,0.87197,2.25,1.75
2015.11.06 12:19:03.195,0.87184,0.87197,1.50,1.87
2015.11.06 12:19:03.715,0.87184,0.87197,1.00,1.75
2015.11.06 12:19:04.158,0.87184,0.87197,1.50,1.75
2015.11.06 12:19:04.361,0.87184,0.87197,1.12,1.50
2015.11.06 12:19:06.286,0.87184,0.87199,2.62,1.87
2015.11.06 12:19:08.865,0.87185,0.87199,1.87,2.25
2015.11.06 12:19:09.370,0.8719,0.87198,1.00,1.00
2015.11.06 12:19:09.905,0.87188,0.872,1.75,1.50
2015.11.06 12:19:09.956,0.87188,0.872,1.75,1.12
2015.11.06 12:19:10.109,0.87195,0.87205,1.50,1.12
2015.11.06 12:19:10.210,0.872,0.87205,1.00,1.00
2015.11.06 12:19:10.261,0.872,0.87209,1.00,1.12
2015.11.06 12:19:10.772,0.87201,0.8721,1.00,1.50
2015.11.06 12:19:11.181,0.872,0.87208,1.00,1.37
2015.11.06 12:19:11.386,0.87194,0.87207,1.75,1.00
2015.11.06 12:19:12.941,0.87194,0.87207,2.62,1.12
2015.11.06 12:19:17.349,0.87194,0.87208,1.75,1.00
2015.11.06 12:19:17.653,0.87196,0.87205,1.00,1.00
2015.11.06 12:19:17.998,0.87193,0.87202,1.00,2.25
2015.11.06 12:19:18.504,0.87194,0.87204,1.00,3.75
2015.11.06 12:19:18.555,0.87187,0.87204,1.87,3.75
2015.11.06 12:19:19.115,0.87196,0.87202,1.00,1.00
2015.11.06 12:19:20.155,0.87192,0.87202,1.00,1.00
2015.11.06 12:19:21.365,0.87196,0.87204,1.00,1.75
2015.11.06 12:19:21.871,0.87196,0.87203,1.00,1.00
2015.11.06 12:19:21.972,0.87193,0.87203,1.00,1.00
2015.11.06 12:19:22.681,0.87197,0.87203,1.00,1.00
2015.11.06 12:19:22.833,0.87194,0.87203,1.00,1.00
2015.11.06 12:19:23.853,0.87193,0.87203,1.87,1.00
2015.11.06 12:19:24.056,0.87195,0.87203,1.00,1.00
2015.11.06 12:19:24.459,0.87193,0.87203,1.12,1.00
2015.11.06 12:19:25.145,0.87193,0.87203,1.87,1.00
2015.11.06 12:19:25.461,0.87196,0.87203,1.00,1.00
2015.11.06 12:19:25.968,0.87195,0.87203,1.00,1.00
2015.11.06 12:19:27.119,0.87195,0.87205,1.00,2.25
2015.11.06 12:19:27.860,0.87196,0.87205,1.00,3.37
2015.11.06 12:19:29.165,0.87192,0.87205,1.00,3.37
2015.11.06 12:19:29.699,0.87193,0.87205,1.00,3.00
2015.11.06 12:19:30.284,0.87193,0.87202,1.00,1.00
2015.11.06 12:19:31.993,0.87194,0.87202,1.00,1.00
2015.11.06 12:19:32.094,0.87195,0.87204,1.00,1.00
2015.11.06 12:19:32.196,0.87195,0.87207,1.87,2.25
2015.11.06 12:19:34.309,0.87196,0.87207,1.00,1.50
2015.11.06 12:19:34.656,0.87193,0.87203,1.00,1.00
2015.11.06 12:19:35.163,0.87194,0.87204,1.00,1.00
2015.11.06 12:19:40.126,0.87195,0.87205,1.00,1.50
2015.11.06 12:19:43.836,0.87191,0.87206,1.87,1.12
2015.11.06 12:19:44.346,0.87191,0.87206,1.87,1.12
2015.11.06 12:19:46.935,0.87191,0.87206,3.37,1.50
2015.11.06 12:19:47.278,0.87187,0.87198,1.75,1.00
2015.11.06 12:19:47.379,0.87188,0.87198,1.00,1.37
2015.11.06 12:19:47.481,0.87184,0.87198,2.25,1.75
2015.11.06 12:19:47.987,0.87183,0.87196,1.37,1.75
2015.11.06 12:19:49.309,0.87183,0.87197,1.12,1.87
2015.11.06 12:19:49.411,0.87187,0.87199,1.00,3.00
2015.11.06 12:19:49.462,0.8719,0.87199,1.37,3.00
2015.11.06 12:19:49.614,0.8719,0.87202,1.75,2.25
2015.11.06 12:19:49.766,0.87193,0.87203,1.00,1.00
2015.11.06 12:19:50.203,0.87192,0.87206,1.12,2.25
2015.11.06 12:19:53.411,0.87196,0.87206,1.00,1.50
2015.11.06 12:19:54.019,0.87193,0.87206,1.12,1.12
2015.11.06 12:19:57.646,0.87193,0.87206,1.12,1.87
2015.11.06 12:19:57.697,0.87194,0.87204,1.00,1.00
2015.11.06 12:19:57.881,0.87194,0.87202,1.12,1.00
2015.11.06 12:19:58.036,0.87191,0.87203,1.50,2.25
2015.11.06 12:19:58.443,0.87195,0.87202,1.00,1.50
2015.11.06 12:19:58.748,0.87194,0.872,1.00,1.00
2015.11.06 12:19:59.038,0.87188,0.87201,1.37,2.25
2015.11.06 12:19:59.431,0.87188,0.872,1.37,1.00
2015.11.06 12:20:00.144,0.87188,0.87201,1.12,1.12
2015.11.06 12:20:01.399,0.8719,0.87203,1.50,1.37
2015.11.06 12:20:02.445,0.87194,0.87204,1.00,1.00
2015.11.06 12:20:02.651,0.87194,0.87202,1.00,1.00
2015.11.06 12:20:02.752,0.87194,0.87204,1.00,3.00
2015.11.06 12:20:03.283,0.87188,0.87204,1.12,3.00
2015.11.06 12:20:03.435,0.87189,0.87204,1.12,3.37
2015.11.06 12:20:03.941,0.87189,0.87201,1.12,1.00
2015.11.06 12:20:04.453,0.87189,0.87202,1.12,1.12
2015.11.06 12:20:05.608,0.8719,0.87203,1.87,1.50
2015.11.06 12:20:06.150,0.87194,0.87204,1.12,1.75
2015.11.06 12:20:07.627,0.8719,0.87202,1.37,1.00
2015.11.06 12:20:07.678,0.8719,0.87203,1.12,2.25
2015.11.06 12:20:08.311,0.87189,0.87202,1.00,1.12
2015.11.06 12:20:09.408,0.87188,0.87202,1.87,1.12
2015.11.06 12:20:09.813,0.87188,0.87201,1.12,1.00
2015.11.06 12:20:10.682,0.87188,0.87202,1.12,1.87
2015.11.06 12:20:11.692,0.87189,0.87201,1.37,1.00
2015.11.06 12:20:12.197,0.87189,0.87202,1.75,1.00
2015.11.06 12:20:12.919,0.87189,0.87203,2.62,1.50
2015.11.06 12:20:13.465,0.87192,0.87203,1.12,1.00
2015.11.06 12:20:14.309,0.87191,0.87203,1.87,1.00
2015.11.06 12:20:14.714,0.87191,0.87202,2.25,1.00
2015.11.06 12:20:15.018,0.87192,0.87202,1.00,1.75
2015.11.06 12:20:15.454,0.87187,0.87199,1.50,3.00
2015.11.06 12:20:15.505,0.87183,0.87198,1.87,1.12
2015.11.06 12:20:15.708,0.87183,0.87196,1.37,1.12
2015.11.06 12:20:19.395,0.87182,0.87195,1.37,1.75
2015.11.06 12:20:20.851,0.87184,0.87194,1.00,1.00
2015.11.06 12:20:21.954,0.87184,0.87195,1.00,2.25
2015.11.06 12:20:22.458,0.87182,0.87195,1.75,2.25
2015.11.06 12:20:24.464,0.87186,0.87196,1.00,1.87
2015.11.06 12:20:26.866,0.87186,0.87195,1.00,1.00
2015.11.06 12:20:27.496,0.87186,0.87196,1.00,1.87
2015.11.06 12:20:29.930,0.87184,0.87196,1.75,1.00
2015.11.06 12:20:30.829,0.87182,0.87193,1.12,1.00
2015.11.06 12:20:30.981,0.87182,0.87195,1.12,1.00
2015.11.06 12:20:31.032,0.87185,0.87195,1.00,1.00
2015.11.06 12:20:32.356,0.87185,0.87193,1.00,1.00
2015.11.06 12:20:32.863,0.87182,0.87193,1.00,1.12
2015.11.06 12:20:33.316,0.87182,0.87195,1.12,2.25
2015.11.06 12:20:33.823,0.87181,0.87195,1.12,2.25
2015.11.06 12:20:34.331,0.87181,0.87193,1.12,1.00
2015.11.06 12:20:34.666,0.87182,0.87191,1.00,1.00
2015.11.06 12:20:35.177,0.87182,0.87192,1.00,1.00
2015.11.06 12:20:43.052,0.87182,0.87191,1.12,1.00
2015.11.06 12:20:43.596,0.87182,0.87192,1.00,1.00
2015.11.06 12:20:46.312,0.87187,0.87194,1.00,1.37
2015.11.06 12:20:47.704,0.87181,0.87194,1.12,1.37
2015.11.06 12:20:50.198,0.87183,0.87195,1.50,1.75
2015.11.06 12:20:50.400,0.87188,0.87195,1.00,1.50
2015.11.06 12:20:50.636,0.87183,0.87193,1.37,1.00
2015.11.06 12:20:51.193,0.87183,0.87193,1.12,1.12
2015.11.06 12:20:51.699,0.87183,0.87192,1.12,1.00
2015.11.06 12:20:52.399,0.87182,0.87192,1.12,1.12
2015.11.06 12:20:56.727,0.87182,0.87193,1.50,1.12
2015.11.06 12:20:58.477,0.87182,0.87193,1.12,1.50
2015.11.06 12:21:02.997,0.87181,0.87191,1.87,1.00
2015.11.06 12:21:04.582,0.87182,0.87192,1.00,1.00
2015.11.06 12:21:06.952,0.87182,0.87191,1.00,1.00
2015.11.06 12:21:07.054,0.87182,0.87191,1.12,1.37
2015.11.06 12:21:08.115,0.87176,0.87188,1.37,1.00
2015.11.06 12:21:08.166,0.87175,0.87189,1.12,1.75
2015.11.06 12:21:08.775,0.87174,0.87188,1.12,2.25
2015.11.06 12:21:09.322,0.87175,0.87185,1.12,1.00
2015.11.06 12:21:09.834,0.87175,0.87188,1.12,2.25
2015.11.06 12:21:10.137,0.87171,0.87183,1.12,1.12
2015.11.06 12:21:10.671,0.87171,0.87183,3.00,2.62
2015.11.06 12:21:10.823,0.87173,0.87183,1.50,2.62
2015.11.06 12:21:11.640,0.87174,0.87183,2.39,2.62
2015.11.06 12:21:11.960,0.87171,0.87183,1.87,3.00
2015.11.06 12:21:12.466,0.87172,0.87183,1.00,3.75
2015.11.06 12:21:14.526,0.87172,0.87181,1.00,1.00
2015.11.06 12:21:14.857,0.87173,0.87181,1.37,1.00
2015.11.06 12:21:15.430,0.87173,0.87183,1.37,3.00
2015.11.06 12:21:15.932,0.87173,0.87183,1.50,2.62
2015.11.06 12:21:16.488,0.87173,0.87183,1.00,3.37
2015.11.06 12:21:17.244,0.87173,0.87183,1.50,3.37
2015.11.06 12:21:17.956,0.87173,0.87183,1.00,3.00
2015.11.06 12:21:18.761,0.87173,0.87183,1.50,2.25
2015.11.06 12:21:19.263,0.87172,0.87186,1.37,1.75
2015.11.06 12:21:20.022,0.87172,0.87184,1.12,2.25
2015.11.06 12:21:20.856,0.87172,0.87182,1.12,2.62
2015.11.06 12:21:25.356,0.87172,0.87182,1.50,2.25
2015.11.06 12:21:25.971,0.87173,0.87182,1.37,2.25
2015.11.06 12:21:26.123,0.87174,0.87185,1.12,1.50
2015.11.06 12:21:26.225,0.87179,0.87188,1.00,2.25
2015.11.06 12:21:26.427,0.87177,0.87187,1.00,1.12
2015.11.06 12:21:29.017,0.87176,0.87186,1.00,3.75
2015.11.06 12:21:29.527,0.87176,0.87186,1.00,4.12
2015.11.06 12:21:30.611,0.87176,0.87186,1.00,3.75
2015.11.06 12:21:31.200,0.87175,0.87186,1.00,4.12
2015.11.06 12:21:32.102,0.87175,0.87186,1.00,4.12
2015.11.06 12:21:33.619,0.87181,0.87185,1.00,3.00
2015.11.06 12:21:33.947,0.87177,0.87191,2.62,1.87
2015.11.06 12:21:34.150,0.87177,0.87191,1.87,2.25
2015.11.06 12:21:34.355,0.87179,0.87189,1.12,1.00
2015.11.06 12:21:34.457,0.87179,0.8719,1.50,1.50
2015.11.06 12:21:34.880,0.87179,0.87189,1.50,1.00
2015.11.06 12:21:36.334,0.87179,0.87191,1.50,1.50
2015.11.06 12:21:36.436,0.87179,0.87191,1.50,1.12
2015.11.06 12:21:37.835,0.87179,0.8719,1.50,1.00
2015.11.06 12:21:38.389,0.87179,0.87191,1.50,1.50
2015.11.06 12:21:38.624,0.87178,0.87191,1.50,1.87
2015.11.06 12:21:38.937,0.87178,0.87191,1.50,1.87
2015.11.06 12:21:40.035,0.87181,0.87191,1.00,1.50
2015.11.06 12:21:40.806,0.87181,0.87191,1.12,2.62
2015.11.06 12:21:41.335,0.87181,0.87191,1.12,1.87
2015.11.06 12:21:41.745,0.87181,0.87191,1.87,1.50
2015.11.06 12:21:41.947,0.87181,0.87194,2.25,1.37
2015.11.06 12:21:41.998,0.87181,0.87191,2.25,1.00
2015.11.06 12:21:42.151,0.87176,0.87187,1.50,1.75
2015.11.06 12:21:42.686,0.87173,0.87187,1.87,1.75
2015.11.06 12:21:42.839,0.87176,0.87188,1.37,1.75
2015.11.06 12:21:42.940,0.87178,0.87188,1.00,1.12
2015.11.06 12:21:43.447,0.87179,0.87188,1.00,1.12
2015.11.06 12:21:43.548,0.87179,0.87188,1.00,1.75
2015.11.06 12:21:45.152,0.87178,0.87189,1.12,1.75
2015.11.06 12:21:46.472,0.87177,0.87188,1.50,1.00
2015.11.06 12:21:47.014,0.87178,0.87188,1.00,1.00
2015.11.06 12:21:47.557,0.87177,0.87187,1.00,1.00
2015.11.06 12:21:49.460,0.87177,0.87188,1.00,1.50
2015.11.06 12:21:49.917,0.87181,0.8719,1.00,1.87
2015.11.06 12:21:50.423,0.87176,0.87189,2.25,1.50
2015.11.06 12:21:51.997,0.87178,0.8719,1.50,1.50
2015.11.06 12:21:52.149,0.8718,0.87192,1.37,1.75
2015.11.06 12:21:52.758,0.87181,0.87192,1.00,1.75
2015.11.06 12:21:52.912,0.87177,0.8719,1.50,1.75
2015.11.06 12:21:53.422,0.87178,0.87187,1.37,1.00
2015.11.06 12:21:53.625,0.87176,0.87187,1.37,1.00
2015.11.06 12:21:54.175,0.87177,0.87188,1.00,1.87
2015.11.06 12:21:54.630,0.87179,0.87188,1.00,1.12
2015.11.06 12:21:55.137,0.87179,0.87191,1.50,1.12
2015.11.06 12:21:55.440,0.87178,0.87189,1.00,1.50
2015.11.06 12:22:03.073,0.87176,0.87189,1.50,2.25
2015.11.06 12:22:04.963,0.87176,0.87187,1.12,2.25
2015.11.06 12:22:05.268,0.87176,0.87186,1.37,1.75
2015.11.06 12:22:05.320,0.87176,0.87186,1.37,1.75
2015.11.06 12:22:05.372,0.87175,0.87184,1.37,1.00
2015.11.06 12:22:05.475,0.87179,0.87187,1.00,1.75
2015.11.06 12:22:06.012,0.87178,0.87187,1.00,1.75
2015.11.06 12:22:06.215,0.87178,0.87186,1.00,1.00
2015.11.06 12:22:06.570,0.87179,0.8719,1.00,1.75
2015.11.06 12:22:07.106,0.87178,0.8719,1.00,1.75
2015.11.06 12:22:08.662,0.87177,0.87189,1.00,1.75
2015.11.06 12:22:09.810,0.87176,0.87188,1.37,1.00
2015.11.06 12:22:10.262,0.87179,0.8719,1.87,1.00
2015.11.06 12:22:10.571,0.87179,0.87188,1.37,1.00
2015.11.06 12:22:11.402,0.87178,0.8719,1.87,1.50
2015.11.06 12:22:11.706,0.87179,0.87189,1.00,1.75
2015.11.06 12:22:12.225,0.87179,0.87189,1.50,1.75
2015.11.06 12:22:13.166,0.87179,0.87189,1.00,1.75
2015.11.06 12:22:13.570,0.87179,0.87192,1.37,1.87
2015.11.06 12:22:14.132,0.8718,0.87191,1.00,1.00
2015.11.06 12:22:17.124,0.8718,0.8719,1.12,1.00
2015.11.06 12:22:18.374,0.8718,0.87191,1.12,1.00
2015.11.06 12:22:26.541,0.87179,0.87192,1.12,1.12
2015.11.06 12:22:26.762,0.87181,0.87192,1.12,1.12
2015.11.06 12:22:28.938,0.87185,0.87194,1.00,1.00
2015.11.06 12:22:32.649,0.87185,0.87194,1.00,1.37
2015.11.06 12:22:34.447,0.87187,0.87198,1.37,1.87
2015.11.06 12:22:34.552,0.87187,0.87199,1.12,1.50
2015.11.06 12:22:35.059,0.87189,0.87201,2.25,1.50
2015.11.06 12:22:35.161,0.87191,0.87201,1.00,1.00
2015.11.06 12:22:37.782,0.87191,0.87202,1.00,1.50
2015.11.06 12:22:39.466,0.87191,0.87202,1.00,1.87
2015.11.06 12:22:39.969,0.8719,0.87202,1.87,1.87
2015.11.06 12:22:40.580,0.8719,0.87202,1.37,1.75
2015.11.06 12:22:40.782,0.87188,0.87201,1.37,2.62
2015.11.06 12:22:41.284,0.87187,0.87201,1.37,1.75
2015.11.06 12:22:50.818,0.87187,0.87199,1.12,1.50
2015.11.06 12:22:50.920,0.87187,0.87198,1.50,1.37
2015.11.06 12:22:51.072,0.87185,0.87198,2.25,1.75
2015.11.06 12:22:51.599,0.87185,0.87198,1.50,1.75
2015.11.06 12:22:53.278,0.87185,0.87196,1.50,1.00
2015.11.06 12:22:53.818,0.87185,0.87196,1.87,1.00
2015.11.06 12:23:04.304,0.87186,0.872,1.00,1.75
2015.11.06 12:23:06.669,0.87186,0.872,1.50,1.87
2015.11.06 12:23:08.768,0.87186,0.872,1.00,1.75
2015.11.06 12:23:09.882,0.87185,0.87199,3.00,1.75
2015.11.06 12:23:11.364,0.87187,0.87199,1.37,1.50
2015.11.06 12:23:13.420,0.87187,0.872,1.12,1.12
2015.11.06 12:23:13.814,0.87186,0.87199,1.12,1.87
2015.11.06 12:23:14.017,0.87186,0.87196,1.50,1.00
2015.11.06 12:23:14.220,0.87186,0.87199,1.50,1.87
2015.11.06 12:23:14.322,0.87186,0.87199,1.12,1.87
2015.11.06 12:23:20.496,0.87188,0.87198,1.12,1.00
2015.11.06 12:23:20.810,0.87188,0.872,1.12,1.75
2015.11.06 12:23:23.124,0.87187,0.87199,2.62,1.50
2015.11.06 12:23:23.655,0.87187,0.87199,1.50,1.75
2015.11.06 12:23:24.161,0.87187,0.87198,1.00,1.50
2015.11.06 12:23:30.507,0.87186,0.87197,1.87,1.12
2015.11.06 12:23:31.043,0.87186,0.87197,1.12,1.50
2015.11.06 12:23:33.108,0.87185,0.87196,1.87,1.12
2015.11.06 12:23:33.259,0.87182,0.87192,1.00,1.37
2015.11.06 12:23:33.361,0.87178,0.87192,1.37,1.75
2015.11.06 12:23:33.513,0.87176,0.8719,1.87,1.37
2015.11.06 12:23:33.850,0.87176,0.8719,1.87,1.87
2015.11.06 12:23:34.640,0.87177,0.87189,1.37,1.37
2015.11.06 12:23:37.700,0.87179,0.8719,1.00,1.00
2015.11.06 12:23:38.206,0.87179,0.8719,2.62,1.00
2015.11.06 12:23:38.727,0.87179,0.8719,1.87,1.00
2015.11.06 12:23:39.258,0.87179,0.8719,2.62,1.00
2015.11.06 12:23:39.919,0.87179,0.87191,1.87,1.50
2015.11.06 12:23:40.513,0.87181,0.87191,1.00,1.50
2015.11.06 12:23:41.066,0.87182,0.87191,1.37,1.50
2015.11.06 12:23:41.921,0.87181,0.87191,1.50,1.12
2015.11.06 12:23:42.427,0.87182,0.87191,1.00,1.37
2015.11.06 12:23:43.075,0.8718,0.87191,1.50,1.75
2015.11.06 12:23:43.626,0.87181,0.87189,1.37,1.37
2015.11.06 12:23:44.130,0.87181,0.87189,1.12,1.37
2015.11.06 12:23:44.658,0.8718,0.87193,1.12,1.87
2015.11.06 12:23:48.906,0.87179,0.87192,1.50,1.75
2015.11.06 12:23:49.210,0.87175,0.87188,1.50,1.75
2015.11.06 12:23:49.312,0.87175,0.87188,1.37,1.75
2015.11.06 12:23:49.817,0.87174,0.87189,1.50,3.37
2015.11.06 12:23:50.336,0.87175,0.87187,1.00,1.75
2015.11.06 12:23:51.215,0.87174,0.87187,1.50,1.75
2015.11.06 12:23:51.267,0.87173,0.87187,1.12,1.75
2015.11.06 12:23:54.343,0.87171,0.87185,1.12,1.50
2015.11.06 12:23:54.445,0.87173,0.87186,1.12,1.50
2015.11.06 12:23:57.245,0.87173,0.87184,1.12,1.00
2015.11.06 12:23:57.751,0.87173,0.87184,1.37,1.37
2015.11.06 12:23:59.655,0.87174,0.87186,1.37,1.37
2015.11.06 12:24:01.582,0.87174,0.87184,1.37,1.00
2015.11.06 12:24:02.132,0.87173,0.87185,1.12,1.12
2015.11.06 12:24:04.219,0.87175,0.87185,1.00,1.50
2015.11.06 12:24:08.361,0.87179,0.87185,1.00,1.50
2015.11.06 12:24:09.045,0.87173,0.87185,1.37,1.50
2015.11.06 12:24:09.146,0.87172,0.87185,2.62,1.50
2015.11.06 12:24:09.248,0.87173,0.87184,1.00,1.00
2015.11.06 12:24:09.298,0.87175,0.87184,1.00,1.00
2015.11.06 12:24:09.870,0.87175,0.87185,1.00,1.50
2015.11.06 12:24:11.574,0.87176,0.87186,1.00,1.75
2015.11.06 12:24:12.089,0.87176,0.87184,1.00,1.00
2015.11.06 12:24:12.594,0.87175,0.87184,1.00,1.00
2015.11.06 12:24:12.898,0.87175,0.87183,1.00,1.50
2015.11.06 12:24:13.382,0.8717,0.87183,1.87,2.25
2015.11.06 12:24:13.534,0.8717,0.87182,1.50,1.50
2015.11.06 12:24:14.151,0.8717,0.87178,1.00,1.00
2015.11.06 12:24:14.454,0.87164,0.87178,2.25,2.25
2015.11.06 12:24:14.556,0.87164,0.87178,1.50,3.00
2015.11.06 12:24:15.089,0.87164,0.87175,1.50,1.12
2015.11.06 12:24:15.393,0.8717,0.87178,1.37,1.50
2015.11.06 12:24:15.444,0.8717,0.87178,1.37,1.50
2015.11.06 12:24:15.597,0.87168,0.87179,1.75,1.12
2015.11.06 12:24:16.175,0.87168,0.8718,2.25,1.75
2015.11.06 12:24:16.428,0.87167,0.87179,1.00,1.75
2015.11.06 12:24:17.095,0.87167,0.87178,1.50,1.50
2015.11.06 12:24:17.607,0.87167,0.8718,1.00,1.75
2015.11.06 12:24:18.218,0.87167,0.8718,1.50,1.75
2015.11.06 12:24:18.652,0.87166,0.87176,1.87,1.00
2015.11.06 12:24:19.209,0.87166,0.87179,4.97,2.62
2015.11.06 12:24:19.435,0.8717,0.87179,1.00,3.37
2015.11.06 12:24:23.323,0.87171,0.87177,1.00,1.50
2015.11.06 12:24:23.530,0.87165,0.87177,1.50,1.50
2015.11.06 12:24:23.631,0.87166,0.87175,1.00,1.37
2015.11.06 12:24:23.835,0.87164,0.87174,1.00,1.50
2015.11.06 12:24:24.365,0.87163,0.87174,2.25,1.75
2015.11.06 12:24:25.205,0.87163,0.87172,1.87,1.00
2015.11.06 12:24:25.543,0.87165,0.87172,2.25,1.00
2015.11.06 12:24:26.058,0.87164,0.87172,2.25,1.00
2015.11.06 12:24:27.042,0.87164,0.87177,2.62,1.75
2015.11.06 12:24:29.114,0.87164,0.87178,3.00,1.87
2015.11.06 12:24:29.644,0.87164,0.87178,3.00,1.87
2015.11.06 12:24:29.875,0.87164,0.87178,2.62,1.87
2015.11.06 12:24:31.447,0.87165,0.87179,1.50,1.87
2015.11.06 12:24:31.739,0.87166,0.87179,1.00,1.75
2015.11.06 12:24:31.942,0.87168,0.87181,1.87,2.25
2015.11.06 12:24:32.146,0.87168,0.87181,2.62,1.50
2015.11.06 12:24:35.244,0.87174,0.87182,1.37,1.37
2015.11.06 12:24:35.396,0.87177,0.87188,1.00,1.87
2015.11.06 12:24:35.497,0.87177,0.87188,1.87,1.87
2015.11.06 12:24:36.256,0.87178,0.87188,1.12,1.00
2015.11.06 12:24:40.138,0.87178,0.8719,1.87,1.75
2015.11.06 12:24:43.123,0.87177,0.8719,2.25,1.12
2015.11.06 12:24:47.446,0.87178,0.8719,1.00,1.12
2015.11.06 12:24:50.790,0.87178,0.87187,3.00,1.00
2015.11.06 12:24:54.879,0.87179,0.87187,1.00,1.00
2015.11.06 12:24:55.182,0.8718,0.8719,1.00,1.12
2015.11.06 12:24:55.233,0.87179,0.8719,1.75,1.00
2015.11.06 12:24:55.769,0.87179,0.87191,2.25,1.50
2015.11.06 12:24:56.384,0.87179,0.8719,1.75,1.50
2015.11.06 12:24:56.935,0.87179,0.87193,1.75,1.87
2015.11.06 12:24:57.993,0.8718,0.8719,1.00,1.00
2015.11.06 12:24:58.044,0.8718,0.87188,1.00,1.00
2015.11.06 12:24:58.454,0.8718,0.8719,1.00,2.62
2015.11.06 12:24:59.163,0.87175,0.87189,1.87,1.12
2015.11.06 12:24:59.696,0.87175,0.8719,2.25,1.87
2015.11.06 12:25:03.021,0.87177,0.87192,1.37,2.62
2015.11.06 12:25:03.072,0.87177,0.87192,1.12,2.62
2015.11.06 12:25:03.173,0.87178,0.87192,1.75,1.50
2015.11.06 12:25:07.330,0.8718,0.87193,1.12,1.37
2015.11.06 12:25:07.816,0.8718,0.87191,1.12,1.00
2015.11.06 12:25:08.938,0.87179,0.87193,1.50,3.00
2015.11.06 12:25:13.401,0.87179,0.87192,1.50,1.75
2015.11.06 12:25:13.942,0.87179,0.87189,1.87,1.00
2015.11.06 12:25:15.223,0.8718,0.87189,1.00,1.00
2015.11.06 12:25:15.729,0.8718,0.8719,1.50,1.00
2015.11.06 12:25:18.707,0.8718,0.87191,1.50,1.00
2015.11.06 12:25:20.664,0.8718,0.87193,1.12,1.12
2015.11.06 12:25:20.917,0.8718,0.87193,1.12,1.12
2015.11.06 12:25:23.951,0.8718,0.87193,2.25,1.12
2015.11.06 12:25:24.654,0.8718,0.87194,1.50,1.12
2015.11.06 12:25:25.758,0.8718,0.87193,2.25,1.12
2015.11.06 12:25:26.266,0.8718,0.87194,1.50,1.12
2015.11.06 12:25:27.081,0.8718,0.87194,1.50,1.12
2015.11.06 12:25:29.624,0.8718,0.87194,1.50,1.12
2015.11.06 12:25:33.224,0.87181,0.87192,1.00,1.00
2015.11.06 12:25:34.380,0.87181,0.87194,1.00,1.12
2015.11.06 12:25:43.370,0.8718,0.87194,1.50,1.87
2015.11.06 12:25:43.573,0.87179,0.87193,1.50,2.25
2015.11.06 12:25:43.867,0.87179,0.87189,1.37,1.00
2015.11.06 12:25:49.085,0.8718,0.8719,1.00,1.12
2015.11.06 12:25:49.287,0.8718,0.87187,1.00,1.37
2015.11.06 12:25:49.338,0.87176,0.87187,2.62,1.12
2015.11.06 12:25:49.642,0.87176,0.87187,2.25,1.12
2015.11.06 12:25:49.853,0.87176,0.87188,2.25,1.12
2015.11.06 12:25:50.386,0.87176,0.87188,2.25,1.12
2015.11.06 12:25:52.261,0.87177,0.87187,1.00,1.37
2015.11.06 12:25:52.633,0.87177,0.87187,1.00,1.12
2015.11.06 12:25:55.265,0.87175,0.87184,1.00,1.00
2015.11.06 12:25:58.239,0.87175,0.87183,1.00,1.00
2015.11.06 12:26:00.476,0.87172,0.8718,1.00,1.00
2015.11.06 12:26:00.780,0.87171,0.87175,2.25,1.00
2015.11.06 12:26:00.882,0.87165,0.87175,1.50,1.00
2015.11.06 12:26:00.933,0.87165,0.87176,1.00,1.75
2015.11.06 12:26:02.384,0.87163,0.87177,1.75,1.12
2015.11.06 12:26:13.072,0.87164,0.87177,1.50,1.87
2015.11.06 12:26:14.675,0.87164,0.87175,1.37,1.00
2015.11.06 12:26:16.224,0.87164,0.87176,1.12,2.25
2015.11.06 12:26:16.639,0.87164,0.87176,1.12,2.62
2015.11.06 12:26:16.942,0.87164,0.87176,1.00,2.25
2015.11.06 12:26:17.618,0.87165,0.87176,1.00,2.62
2015.11.06 12:26:18.705,0.87165,0.87175,1.00,1.75
2015.11.06 12:26:19.234,0.87166,0.87175,1.00,1.50
2015.11.06 12:26:19.285,0.87166,0.87175,1.00,1.50
2015.11.06 12:26:19.695,0.87166,0.87176,1.00,1.75
2015.11.06 12:26:19.799,0.87165,0.87175,1.00,1.00
2015.11.06 12:26:20.730,0.87165,0.87176,1.00,1.75
2015.11.06 12:26:21.237,0.87161,0.87175,1.12,2.25
2015.11.06 12:26:23.205,0.87162,0.87176,1.12,3.37
2015.11.06 12:26:25.746,0.87165,0.87175,1.00,1.00
2015.11.06 12:26:26.985,0.87166,0.87175,1.00,1.00
2015.11.06 12:26:27.137,0.8717,0.8718,1.37,2.25
2015.11.06 12:26:27.239,0.87171,0.87181,1.87,1.12
2015.11.06 12:26:27.784,0.87171,0.87181,1.12,1.37
2015.11.06 12:26:28.055,0.87165,0.8718,1.75,1.75
2015.11.06 12:26:28.106,0.87164,0.87176,1.50,1.00
2015.11.06 12:26:30.984,0.87166,0.87176,1.00,1.87
2015.11.06 12:26:31.711,0.87166,0.87176,1.00,1.75
2015.11.06 12:26:32.370,0.87162,0.87176,1.87,1.12
2015.11.06 12:26:33.949,0.87164,0.87174,1.00,1.00
2015.11.06 12:26:34.203,0.87166,0.87174,1.00,1.00
2015.11.06 12:26:34.254,0.87166,0.87178,2.25,1.00
2015.11.06 12:26:36.379,0.87168,0.87179,1.00,1.00
2015.11.06 12:26:38.263,0.87168,0.87179,1.00,1.50
2015.11.06 12:26:49.912,0.87167,0.87178,1.75,1.00
2015.11.06 12:26:53.486,0.87167,0.87179,3.00,1.37
2015.11.06 12:26:55.124,0.87167,0.87178,1.12,1.00
2015.11.06 12:26:58.019,0.87166,0.87179,2.62,1.75
2015.11.06 12:27:08.651,0.87166,0.87179,1.50,2.25
2015.11.06 12:27:09.057,0.87164,0.87175,1.37,1.50
2015.11.06 12:27:10.258,0.87163,0.87173,1.12,1.00
2015.11.06 12:27:11.161,0.87162,0.87174,1.12,1.50
2015.11.06 12:27:11.687,0.87161,0.87176,2.62,1.75
2015.11.06 12:27:12.947,0.87162,0.87176,1.75,1.37
2015.11.06 12:27:13.200,0.87168,0.87178,1.00,1.00
2015.11.06 12:27:17.628,0.87167,0.87179,1.37,1.50
2015.11.06 12:27:19.140,0.87166,0.87178,1.12,1.00
2015.11.06 12:27:19.191,0.87165,0.87178,2.62,1.37
2015.11.06 12:27:19.697,0.87165,0.87177,1.50,1.50
2015.11.06 12:27:27.159,0.87168,0.87179,1.00,2.62
2015.11.06 12:27:27.462,0.87168,0.87181,1.12,1.00
2015.11.06 12:27:37.012,0.87169,0.87182,1.37,1.75
2015.11.06 12:27:37.063,0.87168,0.87182,1.50,2.25
2015.11.06 12:27:37.565,0.87168,0.87181,1.37,1.75
2015.11.06 12:27:37.616,0.87168,0.87181,1.50,1.75
2015.11.06 12:27:38.557,0.87171,0.87182,1.00,2.62
2015.11.06 12:27:39.066,0.8717,0.8718,1.50,1.75
2015.11.06 12:27:43.251,0.8717,0.87181,1.00,1.75
2015.11.06 12:27:43.789,0.87172,0.87183,1.12,1.37
2015.11.06 12:27:44.294,0.87171,0.87185,2.62,1.75
2015.11.06 12:27:44.906,0.8717,0.87182,1.75,1.00
2015.11.06 12:27:46.842,0.87169,0.87182,1.87,1.50
2015.11.06 12:27:53.629,0.87167,0.8718,1.75,1.12
2015.11.06 12:27:53.730,0.87167,0.87178,1.00,1.12
2015.11.06 12:27:54.237,0.87166,0.87179,2.62,1.37
2015.11.06 12:27:56.558,0.87168,0.87179,1.37,1.12
2015.11.06 12:28:01.133,0.87169,0.87179,1.37,1.87
2015.11.06 12:28:01.456,0.87168,0.87179,1.50,1.75
2015.11.06 12:28:01.970,0.87168,0.87179,1.00,1.75
2015.11.06 12:28:03.173,0.87169,0.87178,1.00,1.00
2015.11.06 12:28:04.969,0.87167,0.87178,1.37,1.37
2015.11.06 12:28:05.021,0.87167,0.87178,1.00,1.75
2015.11.06 12:28:05.528,0.87167,0.87178,1.12,1.50
2015.11.06 12:28:09.897,0.87166,0.87178,1.00,1.50
2015.11.06 12:28:11.028,0.87165,0.87178,1.50,1.75
2015.11.06 12:28:11.359,0.87163,0.87174,1.00,1.00
2015.11.06 12:28:11.410,0.87162,0.87174,1.37,1.50
2015.11.06 12:28:11.951,0.87162,0.87172,1.12,1.00
2015.11.06 12:28:16.447,0.87162,0.87172,1.87,1.00
2015.11.06 12:28:16.647,0.87163,0.87178,1.87,2.25
2015.11.06 12:28:16.698,0.87163,0.87178,1.87,1.75
2015.11.06 12:28:16.901,0.87164,0.87177,1.87,1.00
2015.11.06 12:28:17.426,0.87166,0.8718,1.87,1.87
2015.11.06 12:28:17.880,0.87166,0.8718,1.87,1.37
2015.11.06 12:28:30.085,0.87166,0.87179,1.87,2.25
2015.11.06 12:28:30.586,0.87166,0.87179,1.87,1.50
2015.11.06 12:28:31.187,0.87166,0.87179,1.87,2.25
2015.11.06 12:28:31.518,0.87164,0.87177,1.12,1.50
2015.11.06 12:28:31.821,0.87163,0.87176,3.00,1.87
2015.11.06 12:28:32.125,0.87165,0.87177,1.12,1.87
2015.11.06 12:28:32.640,0.87165,0.87177,1.12,1.87
2015.11.06 12:28:33.543,0.87165,0.87175,1.50,1.00
2015.11.06 12:28:34.049,0.87164,0.87176,1.12,1.12
2015.11.06 12:28:34.315,0.87162,0.87173,1.50,1.00
2015.11.06 12:28:34.366,0.87162,0.87174,1.12,2.62
2015.11.06 12:28:34.467,0.8716,0.87173,1.00,1.12
2015.11.06 12:28:42.509,0.87159,0.87174,2.25,1.87
2015.11.06 12:28:43.015,0.87159,0.87172,1.87,1.12
2015.11.06 12:28:45.514,0.87159,0.87172,1.37,1.12
2015.11.06 12:28:49.885,0.8716,0.8717,1.00,1.00
2015.11.06 12:28:52.447,0.8716,0.87173,1.50,1.12
2015.11.06 12:28:53.365,0.87161,0.87174,1.00,1.87
2015.11.06 12:28:53.673,0.8716,0.87174,2.62,1.00
2015.11.06 12:29:00.190,0.87162,0.87172,1.00,1.00
2015.11.06 12:29:00.719,0.87161,0.87172,1.00,1.12
2015.11.06 12:29:01.222,0.87161,0.87172,1.00,1.87
2015.11.06 12:29:02.051,0.87161,0.87172,1.00,1.12
2015.11.06 12:29:02.356,0.8716,0.87167,1.00,1.00
2015.11.06 12:29:02.508,0.87154,0.87166,1.00,1.75
2015.11.06 12:29:02.610,0.87157,0.87164,1.00,1.87
2015.11.06 12:29:02.711,0.87153,0.87164,1.37,1.87
2015.11.06 12:29:02.812,0.87152,0.87162,1.00,1.00
2015.11.06 12:29:05.410,0.87153,0.87165,1.50,2.62
2015.11.06 12:29:05.714,0.87158,0.87168,1.50,1.12
2015.11.06 12:29:06.017,0.87156,0.87169,1.87,1.87
2015.11.06 12:29:07.149,0.87156,0.87166,1.00,1.12
2015.11.06 12:29:07.453,0.87156,0.87166,1.00,1.00
2015.11.06 12:29:08.509,0.87156,0.87166,1.50,1.37
2015.11.06 12:29:11.751,0.87158,0.87166,1.00,1.12
2015.11.06 12:29:11.952,0.87156,0.87167,1.00,1.50
2015.11.06 12:29:12.464,0.87157,0.87167,1.12,1.00
2015.11.06 12:29:12.616,0.87157,0.87169,2.25,1.37
2015.11.06 12:29:12.667,0.87157,0.8717,3.00,1.00
2015.11.06 12:29:12.869,0.8716,0.87173,1.75,1.37
2015.11.06 12:29:12.920,0.8716,0.87173,2.25,1.37
2015.11.06 12:29:13.449,0.87162,0.87172,1.75,1.37
2015.11.06 12:29:13.661,0.87166,0.87175,1.00,2.62
2015.11.06 12:29:13.966,0.87162,0.87176,1.75,1.87
2015.11.06 12:29:14.473,0.87162,0.87177,1.75,2.25
2015.11.06 12:29:15.008,0.87163,0.87177,1.12,1.12
2015.11.06 12:29:15.700,0.87164,0.87179,1.87,1.87
2015.11.06 12:29:15.753,0.87164,0.87177,1.87,1.00
2015.11.06 12:29:15.990,0.87169,0.8718,1.00,1.37
2015.11.06 12:29:16.041,0.87168,0.8718,1.75,1.00
2015.11.06 12:29:16.143,0.87173,0.8718,1.00,1.00
2015.11.06 12:29:16.194,0.87171,0.87184,1.37,4.87
2015.11.06 12:29:16.599,0.87171,0.87181,1.00,1.00
2015.11.06 12:29:16.650,0.87168,0.87182,1.75,1.12
2015.11.06 12:29:16.701,0.87169,0.87179,1.00,1.00
2015.11.06 12:29:17.354,0.87169,0.8718,1.00,1.12
2015.11.06 12:29:18.569,0.87168,0.87181,2.62,1.12
2015.11.06 12:29:18.620,0.87169,0.87182,1.37,1.37
2015.11.06 12:29:18.974,0.87171,0.87184,1.37,1.75
2015.11.06 12:29:19.076,0.87174,0.87184,1.00,1.50
2015.11.06 12:29:19.480,0.87172,0.87185,1.12,1.00
2015.11.06 12:29:29.841,0.87174,0.87187,1.12,1.50
2015.11.06 12:29:30.225,0.87172,0.87184,1.37,1.37
2015.11.06 12:29:30.529,0.87171,0.87184,1.37,1.75
2015.11.06 12:29:32.517,0.87171,0.87183,1.00,1.75
2015.11.06 12:29:33.398,0.87171,0.87183,1.50,1.75
2015.11.06 12:29:34.599,0.87171,0.87183,1.00,1.75
2015.11.06 12:29:35.105,0.87172,0.87182,1.87,1.00
2015.11.06 12:29:35.313,0.87174,0.87184,1.00,1.00
2015.11.06 12:29:35.823,0.87173,0.87188,1.75,2.62
2015.11.06 12:29:40.642,0.87176,0.87188,1.00,1.87
2015.11.06 12:29:41.227,0.87177,0.87188,1.00,1.12
2015.11.06 12:29:44.929,0.87178,0.87188,1.50,1.12
2015.11.06 12:29:45.030,0.8718,0.87186,1.00,1.00
2015.11.06 12:29:45.183,0.8718,0.87189,1.50,1.37
2015.11.06 12:29:45.346,0.87182,0.87191,1.00,1.12
2015.11.06 12:29:47.947,0.87182,0.87193,1.00,1.87
2015.11.06 12:29:48.456,0.87182,0.87193,1.00,1.87
2015.11.06 12:29:50.234,0.8718,0.87193,1.87,1.87
2015.11.06 12:29:51.045,0.8718,0.87192,1.00,1.50
2015.11.06 12:29:51.480,0.87181,0.87193,1.00,1.12
2015.11.06 12:29:54.605,0.87181,0.87192,3.00,1.00
2015.11.06 12:29:55.736,0.87184,0.87193,1.00,1.37
2015.11.06 12:29:56.275,0.87183,0.87195,1.00,1.12
2015.11.06 12:29:59.950,0.87182,0.87195,1.12,1.12
2015.11.06 12:30:00.457,0.87181,0.87195,3.00,1.12
2015.11.06 12:30:01.126,0.87182,0.87195,2.25,1.12
2015.11.06 12:30:01.278,0.87185,0.87196,1.12,1.37
2015.11.06 12:30:01.703,0.87182,0.87193,1.75,1.37
2015.11.06 12:30:01.754,0.87182,0.87189,1.00,1.00
2015.11.06 12:30:01.939,0.87181,0.87193,1.75,2.25
2015.11.06 12:30:02.245,0.87181,0.87195,1.75,1.75
2015.11.06 12:30:02.448,0.8718,0.87193,1.37,1.75
2015.11.06 12:30:02.753,0.87181,0.87193,1.50,1.50
2015.11.06 12:30:02.955,0.87179,0.87193,2.25,1.75
2015.11.06 12:30:03.091,0.87179,0.87193,2.62,1.50
2015.11.06 12:30:03.552,0.87179,0.87195,3.00,1.12
2015.11.06 12:30:07.680,0.87182,0.87195,2.25,1.87
2015.11.06 12:30:07.783,0.87182,0.87197,2.25,1.87
2015.11.06 12:30:07.885,0.87184,0.87196,2.25,1.00
2015.11.06 12:30:08.462,0.87186,0.87197,1.00,1.50
2015.11.06 12:30:09.884,0.87185,0.87197,1.75,1.87
2015.11.06 12:30:11.378,0.87185,0.87198,1.75,1.87
2015.11.06 12:30:11.913,0.87185,0.87196,1.50,1.00
2015.11.06 12:30:12.624,0.87186,0.87196,1.00,1.00
2015.11.06 12:30:12.776,0.87186,0.87198,1.37,1.87
2015.11.06 12:30:12.928,0.87188,0.87198,1.00,1.12
2015.11.06 12:30:13.512,0.87188,0.87197,1.00,1.00
2015.11.06 12:30:14.340,0.87188,0.87198,1.00,1.00
2015.11.06 12:30:14.847,0.87187,0.87199,1.87,1.37
2015.11.06 12:30:15.453,0.87187,0.872,1.87,1.50
2015.11.06 12:30:15.706,0.8719,0.87202,1.37,1.37
2015.11.06 12:30:15.757,0.87192,0.87202,1.00,1.12
2015.11.06 12:30:16.010,0.87191,0.87202,1.75,1.00
2015.11.06 12:30:16.163,0.87194,0.87204,1.00,1.00
2015.11.06 12:30:16.214,0.87196,0.87204,1.00,1.00
2015.11.06 12:30:16.759,0.87196,0.87205,1.00,1.75
2015.11.06 12:30:17.376,0.87196,0.87205,1.00,1.50
2015.11.06 12:30:17.812,0.87192,0.87205,1.75,1.50
2015.11.06 12:30:18.356,0.87189,0.87204,1.87,1.87
2015.11.06 12:30:18.508,0.87189,0.87204,1.37,1.87
2015.11.06 12:30:22.230,0.8719,0.87204,1.00,1.87
2015.11.06 12:30:23.491,0.87188,0.87201,1.87,1.12
2015.11.06 12:30:28.674,0.87192,0.87204,1.00,1.87
2015.11.06 12:30:28.725,0.87192,0.87204,1.00,1.75
2015.11.06 12:30:29.030,0.87191,0.87206,1.75,2.25
2015.11.06 12:30:29.333,0.87191,0.87205,1.12,1.12
2015.11.06 12:30:30.035,0.87192,0.87202,1.00,1.00
2015.11.06 12:30:38.404,0.87189,0.87204,1.50,1.75
2015.11.06 12:30:38.455,0.87188,0.87203,3.37,1.75
2015.11.06 12:30:39.094,0.87191,0.87204,1.00,1.75
2015.11.06 12:30:42.735,0.87191,0.87204,1.12,1.75
2015.11.06 12:30:42.838,0.87191,0.87205,1.12,3.00
2015.11.06 12:30:44.399,0.8719,0.872,1.50,1.00
2015.11.06 12:30:45.730,0.87191,0.87202,1.00,1.00
2015.11.06 12:30:49.786,0.8719,0.87202,2.25,1.50
2015.11.06 12:30:50.304,0.8719,0.872,2.25,1.00
2015.11.06 12:30:51.187,0.87191,0.872,1.00,1.00
2015.11.06 12:30:52.444,0.8719,0.872,2.62,1.00
2015.11.06 12:30:52.928,0.87193,0.87203,1.12,1.00
2015.11.06 12:30:53.456,0.87192,0.87205,2.62,1.50
2015.11.06 12:30:53.507,0.87195,0.87205,1.12,1.50
2015.11.06 12:30:53.610,0.87197,0.87207,1.00,1.50
2015.11.06 12:30:55.906,0.87197,0.87207,1.87,1.12
2015.11.06 12:30:56.433,0.87197,0.87211,1.37,1.75
2015.11.06 12:30:56.938,0.87198,0.87211,1.37,1.12
2015.11.06 12:30:57.950,0.87197,0.8721,1.87,1.75
2015.11.06 12:30:59.449,0.87198,0.8721,1.37,1.75
2015.11.06 12:31:00.021,0.87198,0.8721,1.00,1.75
2015.11.06 12:31:01.932,0.87197,0.87208,1.87,1.00
2015.11.06 12:31:02.034,0.87197,0.8721,1.87,1.50
2015.11.06 12:31:02.668,0.872,0.87213,1.12,2.25
2015.11.06 12:31:02.770,0.872,0.87213,1.00,2.25
2015.11.06 12:31:03.306,0.87199,0.87209,1.12,1.00
2015.11.06 12:31:03.731,0.87199,0.87209,1.87,1.00
2015.11.06 12:31:06.335,0.87199,0.87211,1.87,1.00
2015.11.06 12:31:08.373,0.87199,0.87213,1.12,1.75
2015.11.06 12:31:08.814,0.87199,0.87213,1.00,1.75
2015.11.06 12:31:10.054,0.87199,0.8721,1.87,1.00
2015.11.06 12:31:10.886,0.87199,0.8721,1.12,1.00
2015.11.06 12:31:12.000,0.87199,0.8721,1.87,1.00
2015.11.06 12:31:12.437,0.87199,0.87211,1.37,1.75
2015.11.06 12:31:13.359,0.87199,0.87209,1.37,1.00
2015.11.06 12:31:14.057,0.87198,0.87213,1.87,1.75
2015.11.06 12:31:15.080,0.87199,0.87213,1.87,2.25
2015.11.06 12:31:15.882,0.87199,0.87211,1.00,1.50
2015.11.06 12:31:16.585,0.87198,0.87211,1.37,1.75
2015.11.06 12:31:20.699,0.87198,0.87208,1.12,1.00
2015.11.06 12:31:21.258,0.87198,0.87208,1.87,1.00
2015.11.06 12:31:22.280,0.87198,0.87208,1.12,1.00
2015.11.06 12:31:22.796,0.87198,0.87208,1.87,1.00
2015.11.06 12:31:23.790,0.87198,0.87208,1.12,1.00
2015.11.06 12:31:25.927,0.87196,0.87209,1.50,2.25
2015.11.06 12:31:26.130,0.87195,0.87205,1.00,1.00
2015.11.06 12:31:26.333,0.87195,0.87206,1.00,1.50
2015.11.06 12:31:27.960,0.87194,0.87207,1.00,1.75
2015.11.06 12:31:29.860,0.87193,0.87205,1.50,1.75
2015.11.06 12:31:30.366,0.87193,0.87205,1.00,1.75
2015.11.06 12:31:31.301,0.87193,0.87205,1.50,1.75
2015.11.06 12:31:31.822,0.87193,0.87205,1.00,1.75
2015.11.06 12:31:32.345,0.87193,0.87205,1.50,1.75
2015.11.06 12:31:33.496,0.87193,0.87205,1.00,1.75
2015.11.06 12:31:34.049,0.87193,0.87205,1.50,1.75
2015.11.06 12:31:34.555,0.87193,0.87206,1.00,1.75
2015.11.06 12:31:35.900,0.87193,0.87206,1.50,1.75
2015.11.06 12:31:36.444,0.87193,0.87205,1.00,1.75
2015.11.06 12:31:36.748,0.87192,0.87204,1.37,1.75
2015.11.06 12:31:37.695,0.87193,0.87204,1.00,1.50
2015.11.06 12:31:38.202,0.8719,0.87203,1.75,1.75
2015.11.06 12:31:40.460,0.87189,0.872,1.87,1.00
2015.11.06 12:31:40.961,0.87189,0.87203,1.00,1.87
2015.11.06 12:31:41.468,0.87189,0.87203,1.37,3.75
2015.11.06 12:31:41.926,0.87188,0.87203,1.00,4.12
2015.11.06 12:31:42.433,0.87188,0.87203,1.50,4.50
2015.11.06 12:31:42.965,0.87188,0.87203,1.00,4.12
2015.11.06 12:31:44.417,0.87188,0.872,1.50,1.75
2015.11.06 12:31:45.019,0.87188,0.872,1.00,1.75
2015.11.06 12:31:46.120,0.87188,0.872,1.50,1.75
2015.11.06 12:31:47.223,0.87188,0.872,1.00,1.75
2015.11.06 12:31:47.740,0.87188,0.87199,1.50,1.50
2015.11.06 12:31:48.346,0.87188,0.87199,1.00,1.50
2015.11.06 12:31:48.874,0.87188,0.87199,1.50,1.50
2015.11.06 12:31:49.828,0.87188,0.87199,1.00,1.50
2015.11.06 12:31:50.362,0.87188,0.87199,1.50,1.50
2015.11.06 12:31:50.881,0.87188,0.87199,1.00,1.50
2015.11.06 12:31:51.420,0.87188,0.872,1.00,2.25
2015.11.06 12:31:51.775,0.87186,0.87196,1.50,1.00
2015.11.06 12:31:51.927,0.87186,0.87198,1.87,2.25
2015.11.06 12:31:52.456,0.87182,0.87193,1.75,1.00
2015.11.06 12:31:52.959,0.87182,0.87196,1.12,2.25
2015.11.06 12:31:53.525,0.87181,0.87195,2.62,1.75
2015.11.06 12:31:53.845,0.87181,0.87195,1.87,1.75
2015.11.06 12:31:54.419,0.87181,0.87195,1.50,1.75
2015.11.06 12:31:55.903,0.87181,0.87196,1.12,3.00
2015.11.06 12:31:56.426,0.8718,0.87194,2.25,1.75
2015.11.06 12:31:57.341,0.8718,0.87193,1.50,2.25
2015.11.06 12:31:58.013,0.8718,0.87188,1.12,1.00
2015.11.06 12:31:58.266,0.87177,0.87192,2.25,2.25
2015.11.06 12:31:58.772,0.87178,0.87187,1.50,1.00
2015.11.06 12:31:59.276,0.87178,0.87187,1.00,1.00
2015.11.06 12:31:59.938,0.87179,0.87187,1.00,1.00
2015.11.06 12:32:00.697,0.87179,0.87191,1.00,1.12
2015.11.06 12:32:02.586,0.87178,0.87192,1.00,2.25
2015.11.06 12:32:03.179,0.87178,0.87192,1.50,2.25
2015.11.06 12:32:07.323,0.87179,0.87193,1.12,1.87
2015.11.06 12:32:07.526,0.8718,0.87193,1.12,1.87
2015.11.06 12:32:07.829,0.87182,0.87193,1.00,1.87
2015.11.06 12:32:08.219,0.87183,0.87195,1.00,1.12
2015.11.06 12:32:08.624,0.87181,0.87196,1.00,1.75
2015.11.06 12:32:10.386,0.8718,0.87196,1.50,1.75
2015.11.06 12:32:11.265,0.87182,0.87196,1.00,1.87
2015.11.06 12:32:12.016,0.87181,0.87196,1.00,1.75
2015.11.06 12:32:12.674,0.87181,0.87191,1.00,1.00
2015.11.06 12:32:13.217,0.87181,0.87194,1.12,2.25
2015.11.06 12:32:14.396,0.8718,0.87191,2.25,1.00
2015.11.06 12:32:14.700,0.87182,0.87191,1.37,1.00
2015.11.06 12:32:14.852,0.87182,0.87193,1.12,1.00
2015.11.06 12:32:15.914,0.87182,0.87193,1.87,1.00
2015.11.06 12:32:16.370,0.87182,0.87196,2.62,2.25
2015.11.06 12:32:16.471,0.87184,0.87198,1.50,2.25
2015.11.06 12:32:16.674,0.87186,0.87198,1.87,1.50
2015.11.06 12:32:22.856,0.87189,0.87199,1.00,1.00
2015.11.06 12:32:23.160,0.87187,0.87199,1.00,1.75
2015.11.06 12:32:25.918,0.87187,0.87201,1.37,1.75
2015.11.06 12:32:26.200,0.87189,0.87199,1.00,1.00
2015.11.06 12:32:32.051,0.87189,0.87202,1.50,1.75
2015.11.06 12:32:32.594,0.87189,0.87203,1.87,1.75
2015.11.06 12:32:33.137,0.87192,0.87202,1.00,1.00
2015.11.06 12:32:39.895,0.87189,0.87205,1.87,3.00
2015.11.06 12:32:40.421,0.87192,0.87202,1.00,1.00
2015.11.06 12:32:40.573,0.8719,0.87202,1.12,1.75
2015.11.06 12:32:41.115,0.8719,0.87202,1.12,2.25
2015.11.06 12:32:41.419,0.87188,0.87197,1.00,1.00
2015.11.06 12:32:42.580,0.87187,0.87197,2.25,1.00
2015.11.06 12:32:43.137,0.87186,0.87196,1.00,1.00
2015.11.06 12:32:43.716,0.87185,0.87199,1.12,1.75
2015.11.06 12:32:45.374,0.87187,0.87199,1.50,1.12
2015.11.06 12:32:55.355,0.87186,0.87199,1.12,1.37
2015.11.06 12:32:57.255,0.87189,0.87199,1.12,1.00
2015.11.06 12:32:57.363,0.87189,0.87199,1.50,1.00
2015.11.06 12:32:57.994,0.87192,0.87204,1.00,1.87
2015.11.06 12:32:58.497,0.8719,0.87203,1.50,1.12
2015.11.06 12:32:59.852,0.8719,0.87204,1.00,2.62
2015.11.06 12:33:03.264,0.87189,0.87203,1.50,1.12
2015.11.06 12:33:03.601,0.8719,0.87204,1.37,1.75
2015.11.06 12:33:04.208,0.87191,0.87204,1.37,1.75
2015.11.06 12:33:04.715,0.87191,0.87205,1.00,2.25
2015.11.06 12:33:05.281,0.87191,0.87205,1.50,1.12
2015.11.06 12:33:05.787,0.87192,0.87205,1.50,1.12
2015.11.06 12:33:08.340,0.87194,0.87206,1.00,1.75
2015.11.06 12:33:08.391,0.87194,0.87206,1.00,1.50
2015.11.06 12:33:08.442,0.87193,0.87206,1.87,1.50
2015.11.06 12:33:08.989,0.87196,0.87208,1.37,1.50
2015.11.06 12:33:10.351,0.87196,0.87208,1.37,1.00
2015.11.06 12:33:12.025,0.87196,0.8721,1.50,1.75
2015.11.06 12:33:12.282,0.87196,0.8721,1.50,2.25
2015.11.06 12:33:14.818,0.87197,0.87209,1.00,1.75
2015.11.06 12:33:14.920,0.87196,0.87206,1.37,1.50
2015.11.06 12:33:15.021,0.87193,0.87206,1.50,1.75
2015.11.06 12:33:15.804,0.87193,0.87205,1.87,1.37
2015.11.06 12:33:19.313,0.87193,0.87205,1.50,1.37
2015.11.06 12:33:22.068,0.87192,0.87206,1.87,1.37
2015.11.06 12:33:22.599,0.87193,0.87205,1.37,1.37
2015.11.06 12:33:24.585,0.87193,0.87206,1.75,1.87
2015.11.06 12:33:25.358,0.87193,0.87207,1.75,2.62
2015.11.06 12:33:25.561,0.87194,0.87208,1.75,1.50
2015.11.06 12:33:25.886,0.872,0.8721,1.00,1.87
2015.11.06 12:33:26.140,0.87197,0.87209,1.37,1.50
2015.11.06 12:33:26.191,0.87194,0.87209,2.25,3.37
2015.11.06 12:33:26.293,0.87194,0.87208,2.62,1.50
2015.11.06 12:33:26.394,0.87194,0.87209,1.87,2.25
2015.11.06 12:33:26.445,0.87194,0.87209,1.87,1.87
2015.11.06 12:33:26.951,0.87198,0.87209,1.50,1.00
2015.11.06 12:33:27.273,0.87198,0.87209,1.12,1.50
2015.11.06 12:33:27.779,0.87198,0.87208,1.00,1.37
2015.11.06 12:33:28.286,0.87198,0.87208,1.37,1.37
2015.11.06 12:33:28.798,0.87198,0.87209,1.12,1.37
2015.11.06 12:33:29.621,0.87198,0.87211,1.37,1.12
2015.11.06 12:33:29.722,0.87199,0.87211,1.37,1.12
2015.11.06 12:33:30.236,0.87199,0.87211,1.12,1.37
2015.11.06 12:33:30.338,0.87199,0.87211,1.75,1.50
2015.11.06 12:33:30.864,0.87199,0.87211,1.75,1.00
2015.11.06 12:33:31.414,0.87199,0.87211,1.75,1.50
2015.11.06 12:33:31.814,0.87199,0.87211,1.00,1.12
2015.11.06 12:33:32.320,0.87199,0.8721,1.00,1.75
2015.11.06 12:33:33.010,0.87199,0.8721,1.00,1.87
2015.11.06 12:33:33.512,0.87199,0.8721,1.12,1.50
2015.11.06 12:33:40.347,0.87199,0.87208,1.00,1.00
2015.11.06 12:33:40.854,0.87199,0.87212,1.50,1.75
2015.11.06 12:33:43.613,0.87199,0.87211,1.37,1.75
2015.11.06 12:33:43.664,0.87197,0.87209,2.25,1.37
2015.11.06 12:33:44.180,0.87197,0.87209,1.00,1.37
2015.11.06 12:33:45.058,0.87197,0.87208,1.00,1.75
2015.11.06 12:33:46.941,0.87197,0.87209,1.50,2.25
2015.11.06 12:33:48.876,0.87197,0.87209,1.00,2.62
2015.11.06 12:33:49.583,0.87196,0.87209,1.50,1.75
2015.11.06 12:33:51.251,0.87196,0.87207,1.50,1.75
2015.11.06 12:33:51.802,0.87197,0.87209,1.00,1.87
2015.11.06 12:33:53.460,0.87197,0.87209,1.50,2.25
2015.11.06 12:33:57.986,0.87197,0.87207,1.50,1.00
2015.11.06 12:33:58.527,0.87197,0.87206,1.00,1.00
2015.11.06 12:33:59.374,0.87196,0.87206,1.50,1.00
2015.11.06 12:33:59.883,0.87197,0.87207,1.00,1.50
2015.11.06 12:34:04.324,0.87198,0.87207,1.00,1.00
2015.11.06 12:34:04.876,0.87198,0.87211,1.12,1.87
2015.11.06 12:34:05.301,0.87197,0.87211,1.87,1.87
2015.11.06 12:34:07.385,0.87198,0.87208,1.50,1.00
2015.11.06 12:34:07.894,0.87199,0.87209,1.00,1.00
2015.11.06 12:34:09.298,0.87199,0.87209,1.00,2.62
2015.11.06 12:34:09.602,0.87197,0.87206,1.00,1.37
2015.11.06 12:34:10.041,0.87197,0.87206,1.00,1.12
2015.11.06 12:34:10.516,0.87195,0.87205,1.50,1.12
2015.11.06 12:34:10.877,0.87195,0.87206,1.50,1.12
2015.11.06 12:34:11.419,0.87195,0.87206,1.12,1.37
2015.11.06 12:34:13.085,0.87194,0.87206,1.12,1.37
2015.11.06 12:34:15.096,0.87194,0.87205,1.00,1.87
2015.11.06 12:34:15.349,0.87194,0.87205,1.12,3.75
2015.11.06 12:34:18.401,0.87194,0.87205,1.50,1.75
2015.11.06 12:34:18.959,0.87194,0.87205,1.00,1.75
2015.11.06 12:34:19.465,0.87194,0.87208,1.50,2.62
2015.11.06 12:34:20.007,0.87194,0.87208,1.00,1.75
2015.11.06 12:34:21.219,0.87194,0.87203,1.12,1.00
2015.11.06 12:34:21.739,0.87194,0.87203,1.87,1.00
2015.11.06 12:34:22.428,0.87194,0.87203,1.12,1.00
2015.11.06 12:34:22.933,0.87194,0.87203,1.87,1.00
2015.11.06 12:34:23.436,0.87194,0.87203,1.12,1.00
2015.11.06 12:34:25.394,0.87194,0.87206,1.00,1.75
2015.11.06 12:34:25.905,0.87194,0.87208,1.50,1.75
2015.11.06 12:34:27.569,0.87196,0.87209,2.25,3.37
2015.11.06 12:34:27.873,0.87196,0.87202,2.25,1.00
2015.11.06 12:34:28.075,0.8719,0.87203,1.50,1.12
2015.11.06 12:34:28.209,0.87188,0.87202,3.37,3.75
2015.11.06 12:34:28.614,0.87188,0.87194,2.25,1.00
2015.11.06 12:34:29.981,0.87184,0.87197,2.62,2.25
2015.11.06 12:34:30.181,0.87183,0.87197,1.37,2.25
2015.11.06 12:34:31.153,0.87182,0.87196,2.25,2.25
2015.11.06 12:34:31.457,0.87182,0.87196,1.50,1.12
2015.11.06 12:34:34.891,0.87183,0.87195,2.25,1.12
2015.11.06 12:34:41.854,0.87183,0.87193,1.12,1.12
2015.11.06 12:34:42.362,0.87184,0.87192,1.00,1.00
2015.11.06 12:34:46.871,0.87184,0.87196,1.00,1.87
2015.11.06 12:34:57.004,0.87185,0.87195,1.00,1.75
2015.11.06 12:34:57.105,0.87181,0.87191,1.00,1.00
2015.11.06 12:34:57.207,0.8718,0.87194,1.00,1.12
2015.11.06 12:34:59.189,0.87183,0.87193,1.00,1.75
2015.11.06 12:35:03.018,0.87179,0.87193,1.37,1.75
2015.11.06 12:35:03.547,0.87178,0.87193,1.50,1.75
2015.11.06 12:35:03.951,0.87183,0.87193,1.00,1.75
2015.11.06 12:35:04.731,0.87181,0.87192,1.00,4.50
2015.11.06 12:35:04.832,0.87177,0.87192,1.00,4.50
2015.11.06 12:35:04.934,0.87181,0.87192,1.00,3.00
2015.11.06 12:35:06.707,0.87181,0.87192,1.00,1.75
2015.11.06 12:35:06.809,0.87181,0.8719,1.00,1.00
2015.11.06 12:35:07.011,0.87185,0.87193,1.37,1.37
2015.11.06 12:35:07.062,0.87185,0.87197,1.37,1.75
2015.11.06 12:35:07.164,0.87186,0.87196,1.00,1.00
2015.11.06 12:35:07.783,0.87185,0.872,1.12,1.75
2015.11.06 12:35:07.834,0.87186,0.87198,1.00,1.50
2015.11.06 12:35:07.936,0.87184,0.87198,1.27,1.87
2015.11.06 12:35:08.441,0.87182,0.87194,1.00,1.50
2015.11.06 12:35:08.947,0.8718,0.87194,1.37,1.12
2015.11.06 12:35:09.459,0.87182,0.87194,1.95,1.12
2015.11.06 12:35:13.631,0.87182,0.87195,1.10,1.12
2015.11.06 12:35:14.182,0.87181,0.87194,1.42,1.12
2015.11.06 12:35:15.376,0.87181,0.8719,1.10,1.87
2015.11.06 12:35:15.479,0.87174,0.87187,2.25,1.75
2015.11.06 12:35:15.531,0.87175,0.87187,1.75,1.37
2015.11.06 12:35:15.841,0.87179,0.87187,1.37,1.75
2015.11.06 12:35:15.943,0.87172,0.87186,1.50,1.75
2015.11.06 12:35:16.271,0.87172,0.87184,1.50,1.00
2015.11.06 12:35:16.550,0.87176,0.87185,1.37,1.50
2015.11.06 12:35:17.108,0.87175,0.87185,1.37,1.50
2015.11.06 12:35:18.366,0.87176,0.87188,1.37,4.50
2015.11.06 12:35:21.046,0.87175,0.87186,1.37,1.75
2015.11.06 12:35:21.547,0.87174,0.87186,1.50,1.75
2015.11.06 12:35:22.351,0.87169,0.87179,1.12,1.87
2015.11.06 12:35:22.402,0.87169,0.87173,1.00,1.00
2015.11.06 12:35:22.453,0.87164,0.87173,1.87,1.87
2015.11.06 12:35:22.554,0.87161,0.87172,1.75,1.00
2015.11.06 12:35:22.656,0.8716,0.8717,1.50,1.12
2015.11.06 12:35:22.971,0.8716,0.87168,1.00,1.75
2015.11.06 12:35:23.226,0.8716,0.87168,1.00,1.00
2015.11.06 12:35:24.229,0.8716,0.8717,1.50,1.00
2015.11.06 12:35:24.763,0.87162,0.8717,1.37,1.00
2015.11.06 12:35:25.295,0.87161,0.8717,1.87,1.00
2015.11.06 12:35:25.953,0.8716,0.87166,1.00,1.00
2015.11.06 12:35:26.055,0.87155,0.87163,1.00,1.12
2015.11.06 12:35:26.207,0.87149,0.87161,1.75,1.12
2015.11.06 12:35:26.309,0.87148,0.87161,1.50,1.50
2015.11.06 12:35:27.116,0.87148,0.87158,1.00,1.00
2015.11.06 12:35:27.217,0.87149,0.8716,1.50,1.00
2015.11.06 12:35:27.410,0.87149,0.87161,1.12,1.87
2015.11.06 12:35:27.815,0.87149,0.87161,1.12,1.75
2015.11.06 12:35:28.303,0.87152,0.87161,1.37,1.00
2015.11.06 12:35:28.405,0.87153,0.87164,1.37,1.37
2015.11.06 12:35:28.941,0.87154,0.87164,1.12,1.00
2015.11.06 12:35:29.450,0.87153,0.87164,1.12,1.75
2015.11.06 12:35:30.428,0.87153,0.87164,1.37,1.37
2015.11.06 12:35:30.479,0.87154,0.87165,1.00,1.00
2015.11.06 12:35:30.530,0.87152,0.87165,2.62,1.00
2015.11.06 12:35:34.546,0.87156,0.8717,2.62,3.75
2015.11.06 12:35:34.853,0.87158,0.87167,1.37,1.00
2015.11.06 12:35:35.495,0.87157,0.87167,1.37,1.00
2015.11.06 12:35:36.045,0.87156,0.87167,1.87,1.00
2015.11.06 12:35:36.704,0.87157,0.87167,1.00,1.50
2015.11.06 12:35:37.008,0.87155,0.87167,1.87,2.25
2015.11.06 12:35:37.542,0.87155,0.87167,1.50,1.75
2015.11.06 12:35:38.406,0.87158,0.87167,1.00,1.75
2015.11.06 12:35:45.321,0.87155,0.87167,1.00,1.75
2015.11.06 12:35:45.423,0.87158,0.87164,1.00,1.00
2015.11.06 12:35:48.896,0.87158,0.87167,1.00,1.12
2015.11.06 12:35:49.629,0.87156,0.87168,1.00,2.62
2015.11.06 12:35:49.681,0.87155,0.87168,1.87,2.62
2015.11.06 12:35:50.207,0.87153,0.87166,1.87,1.50
2015.11.06 12:35:50.513,0.87158,0.87166,1.00,1.50
2015.11.06 12:35:51.058,0.87158,0.87166,1.00,1.37
2015.11.06 12:35:58.630,0.87158,0.87167,1.00,1.00
2015.11.06 12:35:59.970,0.87158,0.87166,1.00,1.00
2015.11.06 12:36:04.661,0.87156,0.87166,1.00,1.12
2015.11.06 12:36:04.712,0.87151,0.87166,2.62,1.75
2015.11.06 12:36:05.217,0.87149,0.87163,2.70,1.00
2015.11.06 12:36:05.571,0.87149,0.87161,1.12,1.00
2015.11.06 12:36:06.077,0.87151,0.87162,1.00,1.00
2015.11.06 12:36:06.402,0.87149,0.87163,1.75,1.50
2015.11.06 12:36:07.208,0.87149,0.87163,1.75,2.62
2015.11.06 12:36:07.714,0.87149,0.87162,2.25,1.12
2015.11.06 12:36:08.489,0.87149,0.87164,2.25,3.00
2015.11.06 12:36:09.512,0.8715,0.87165,2.25,1.50
2015.11.06 12:36:09.664,0.87157,0.87165,1.00,1.00
2015.11.06 12:36:10.196,0.87156,0.87165,1.00,1.00
2015.11.06 12:36:10.706,0.87156,0.87167,1.00,2.62
2015.11.06 12:36:11.392,0.87151,0.87166,1.87,1.75
2015.11.06 12:36:11.444,0.87151,0.87162,1.75,1.37
2015.11.06 12:36:11.961,0.87155,0.87162,1.00,1.37
2015.11.06 12:36:12.163,0.8715,0.87161,1.87,1.87
2015.11.06 12:36:12.265,0.8715,0.87159,1.50,1.00
2015.11.06 12:36:12.315,0.8715,0.87158,1.50,1.37
2015.11.06 12:36:12.821,0.87149,0.87158,1.50,1.12
2015.11.06 12:36:13.457,0.87149,0.87158,1.50,1.87
2015.11.06 12:36:14.062,0.8715,0.87158,1.12,1.12
2015.11.06 12:36:14.612,0.87151,0.87158,1.00,1.37
2015.11.06 12:36:15.030,0.87151,0.87159,1.00,1.12
2015.11.06 12:36:15.284,0.87152,0.87162,2.25,1.50
2015.11.06 12:36:15.386,0.87152,0.87163,2.25,1.50
2015.11.06 12:36:15.640,0.87155,0.87165,1.12,1.50
2015.11.06 12:36:16.184,0.87155,0.87165,1.50,1.37
2015.11.06 12:36:16.538,0.87155,0.87167,1.50,1.50
2015.11.06 12:36:17.226,0.87155,0.87166,1.50,1.37
2015.11.06 12:36:17.601,0.87154,0.87165,1.37,1.50
2015.11.06 12:36:17.755,0.87152,0.87162,1.12,1.00
2015.11.06 12:36:17.806,0.8715,0.87162,1.00,1.12
2015.11.06 12:36:18.476,0.8715,0.87159,1.00,1.50
2015.11.06 12:36:18.831,0.87152,0.87161,1.00,1.00
2015.11.06 12:36:22.732,0.87151,0.87161,1.50,1.00
2015.11.06 12:36:22.884,0.87155,0.87161,1.00,1.87
2015.11.06 12:36:23.036,0.87155,0.87163,1.00,1.50
2015.11.06 12:36:23.239,0.87155,0.8716,1.00,1.37
2015.11.06 12:36:24.102,0.87152,0.8716,1.00,1.37
2015.11.06 12:36:24.677,0.87153,0.87159,1.00,1.00
2015.11.06 12:36:25.021,0.8715,0.87159,1.50,1.00
2015.11.06 12:36:25.478,0.87149,0.8716,1.12,1.00
2015.11.06 12:36:26.583,0.87147,0.87159,1.75,1.37
2015.11.06 12:36:28.346,0.87147,0.87158,1.75,1.37
2015.11.06 12:36:28.865,0.87147,0.87159,1.75,1.37
2015.11.06 12:36:29.788,0.87147,0.87158,1.75,1.37
2015.11.06 12:36:30.326,0.87149,0.87159,1.00,1.37
2015.11.06 12:36:30.850,0.87149,0.87158,1.00,1.37
2015.11.06 12:36:31.434,0.87149,0.87159,1.00,1.37
2015.11.06 12:36:31.938,0.87147,0.87158,1.75,1.37
2015.11.06 12:36:32.544,0.87143,0.8715,2.25,1.00
2015.11.06 12:36:32.645,0.87137,0.87146,1.75,2.25
2015.11.06 12:36:32.696,0.87134,0.8714,5.25,1.37
2015.11.06 12:36:32.747,0.87134,0.87139,2.25,1.37
2015.11.06 12:36:32.798,0.87128,0.87136,2.25,1.37
2015.11.06 12:36:32.955,0.87129,0.87138,1.00,1.00
2015.11.06 12:36:33.465,0.8713,0.87139,1.00,1.50
2015.11.06 12:36:37.166,0.8713,0.87141,1.50,1.87
2015.11.06 12:36:37.571,0.87129,0.8714,1.50,1.12
2015.11.06 12:36:38.272,0.87129,0.8714,2.25,1.12
2015.11.06 12:36:38.374,0.87131,0.87141,1.87,1.50
2015.11.06 12:36:38.678,0.87132,0.87145,1.75,2.25
2015.11.06 12:36:42.124,0.87132,0.87142,1.87,1.12
2015.11.06 12:36:42.176,0.87132,0.87142,1.00,1.50
2015.11.06 12:36:42.683,0.87131,0.8714,1.00,1.00
2015.11.06 12:36:43.037,0.87132,0.87142,1.50,1.00
2015.11.06 12:36:43.320,0.87132,0.87144,1.50,1.87
2015.11.06 12:36:44.126,0.87132,0.87142,1.00,1.50
2015.11.06 12:36:44.278,0.8713,0.87141,1.87,1.37
2015.11.06 12:36:44.784,0.87129,0.87139,1.12,1.00
2015.11.06 12:36:45.949,0.87129,0.8714,1.12,1.12
2015.11.06 12:36:46.468,0.8713,0.8714,1.00,1.12
2015.11.06 12:36:47.349,0.87129,0.8714,1.12,1.12
2015.11.06 12:36:47.881,0.8713,0.8714,1.00,1.12
2015.11.06 12:36:49.184,0.8713,0.8714,1.87,1.12
2015.11.06 12:36:49.691,0.8713,0.87143,1.12,2.25
2015.11.06 12:36:50.405,0.8713,0.87143,1.87,2.25
2015.11.06 12:36:51.913,0.87131,0.8714,1.12,1.00
2015.11.06 12:36:52.427,0.87132,0.8714,1.00,1.00
2015.11.06 12:36:52.967,0.87131,0.8714,1.00,1.00
2015.11.06 12:36:56.529,0.87131,0.87141,1.00,1.00
2015.11.06 12:36:57.705,0.87131,0.8714,1.12,1.00
2015.11.06 12:36:58.685,0.8713,0.8714,1.87,1.87
2015.11.06 12:36:58.787,0.87126,0.87139,1.87,1.87
2015.11.06 12:36:58.838,0.87126,0.87135,1.75,1.00
2015.11.06 12:36:58.939,0.87124,0.87135,1.50,1.37
2015.11.06 12:36:58.990,0.87124,0.87134,1.50,1.00
2015.11.06 12:37:00.821,0.87128,0.87134,1.00,1.00
2015.11.06 12:37:00.872,0.87128,0.87137,1.00,1.37
2015.11.06 12:37:03.366,0.87128,0.87137,1.00,1.00
2015.11.06 12:37:03.751,0.87129,0.87141,1.37,1.75
2015.11.06 12:37:03.990,0.87133,0.87141,1.00,1.00
2015.11.06 12:37:04.507,0.87133,0.87142,1.00,1.00
2015.11.06 12:37:05.789,0.87134,0.87142,1.00,1.00
2015.11.06 12:37:06.581,0.87134,0.87144,1.37,1.12
2015.11.06 12:37:07.111,0.87134,0.87144,1.12,1.12
2015.11.06 12:37:09.377,0.87134,0.87145,1.37,1.37
2015.11.06 12:37:09.728,0.87134,0.87145,1.50,1.00
2015.11.06 12:37:13.475,0.87134,0.87146,1.75,2.25
2015.11.06 12:37:13.980,0.87133,0.87145,1.75,1.37
2015.11.06 12:37:14.938,0.87134,0.87146,1.75,2.25
2015.11.06 12:37:15.753,0.87132,0.87145,3.15,1.37
2015.11.06 12:37:16.359,0.87132,0.87146,3.15,2.25
2015.11.06 12:37:16.885,0.87132,0.87145,3.15,1.37
2015.11.06 12:37:18.145,0.87133,0.87146,1.75,2.25
2015.11.06 12:37:19.147,0.87133,0.87145,1.75,1.37
2015.11.06 12:37:19.652,0.87133,0.87146,1.75,1.50
2015.11.06 12:37:20.250,0.87134,0.87145,1.75,1.37
2015.11.06 12:37:20.792,0.87134,0.87146,1.75,1.37
2015.11.06 12:37:22.270,0.87135,0.87145,2.25,1.37
2015.11.06 12:37:22.321,0.87141,0.87145,1.00,1.12
2015.11.06 12:37:22.372,0.87141,0.87148,1.00,1.00
2015.11.06 12:37:22.473,0.87141,0.87154,3.15,1.12
2015.11.06 12:37:22.524,0.87141,0.87154,1.87,1.37
2015.11.06 12:37:22.575,0.87141,0.87156,1.75,3.37
2015.11.06 12:37:22.980,0.87144,0.87157,1.12,1.50
2015.11.06 12:37:23.658,0.87144,0.87156,1.12,1.37
2015.11.06 12:37:24.181,0.87146,0.87156,1.00,1.00
2015.11.06 12:37:24.966,0.87144,0.87156,1.12,1.50
2015.11.06 12:37:25.168,0.87148,0.87156,1.00,1.00
2015.11.06 12:37:25.673,0.87148,0.87156,1.00,1.50
2015.11.06 12:37:26.188,0.87148,0.87156,1.00,1.00
2015.11.06 12:37:26.765,0.87148,0.87156,1.00,1.50
2015.11.06 12:37:27.698,0.87148,0.87156,1.00,1.00
2015.11.06 12:37:28.767,0.87148,0.87156,1.12,1.37
2015.11.06 12:37:29.329,0.87148,0.87157,1.12,1.37
2015.11.06 12:37:29.904,0.87148,0.87156,1.12,1.37
2015.11.06 12:37:30.410,0.87148,0.87157,1.12,1.37
2015.11.06 12:37:30.722,0.87148,0.87158,1.75,1.00
2015.11.06 12:37:30.825,0.8715,0.87165,1.75,1.75
2015.11.06 12:37:30.876,0.87154,0.87166,1.12,2.25
2015.11.06 12:37:31.188,0.87153,0.87162,1.87,1.00
2015.11.06 12:37:33.169,0.87154,0.87166,1.75,1.87
2015.11.06 12:37:33.677,0.87153,0.87167,2.25,1.37
2015.11.06 12:37:34.414,0.87153,0.87166,3.00,1.37
2015.11.06 12:37:35.324,0.87153,0.87167,3.00,1.37
2015.11.06 12:37:36.030,0.87153,0.87166,3.00,1.37
2015.11.06 12:37:37.382,0.87153,0.87167,3.00,1.37
2015.11.06 12:37:38.000,0.87153,0.87166,3.00,1.37
2015.11.06 12:37:38.366,0.87155,0.87167,1.75,1.50
2015.11.06 12:37:38.672,0.87161,0.87167,1.00,1.37
2015.11.06 12:37:38.723,0.87161,0.87169,1.00,1.00
2015.11.06 12:37:39.229,0.8716,0.8717,1.12,2.62
2015.11.06 12:37:39.583,0.87158,0.87171,1.12,1.12
2015.11.06 12:37:40.497,0.87155,0.87171,2.62,1.87
2015.11.06 12:37:40.598,0.87161,0.87171,1.12,2.25
2015.11.06 12:37:40.912,0.87159,0.87168,1.12,1.12
2015.11.06 12:37:41.216,0.87161,0.87168,1.00,1.12
2015.11.06 12:37:41.722,0.8716,0.87168,1.00,1.00
2015.11.06 12:37:41.874,0.87161,0.87171,1.00,1.50
2015.11.06 12:37:41.975,0.87161,0.87172,1.12,3.00
2015.11.06 12:37:42.482,0.8716,0.87172,1.12,3.00
2015.11.06 12:37:43.157,0.8716,0.87172,1.00,2.25
2015.11.06 12:37:43.360,0.8716,0.87168,1.00,1.00
2015.11.06 12:37:43.461,0.87157,0.87167,1.00,1.50
2015.11.06 12:37:43.925,0.87157,0.87164,1.00,1.00
2015.11.06 12:37:44.078,0.87152,0.87163,1.50,1.00
2015.11.06 12:37:44.601,0.87152,0.87162,1.12,1.00
2015.11.06 12:37:46.032,0.87153,0.87163,1.37,1.50
2015.11.06 12:37:46.539,0.87152,0.87166,1.87,1.12
2015.11.06 12:37:49.934,0.87154,0.87166,1.00,1.75
2015.11.06 12:37:52.412,0.87152,0.87166,1.50,3.00
2015.11.06 12:37:52.514,0.87152,0.87163,1.50,1.00
2015.11.06 12:37:53.877,0.87152,0.87162,1.50,1.00
2015.11.06 12:37:54.079,0.87151,0.87161,1.00,2.62
2015.11.06 12:37:54.130,0.87148,0.87159,1.75,1.00
2015.11.06 12:37:54.282,0.87148,0.87159,1.37,1.00
2015.11.06 12:37:54.384,0.87147,0.87157,1.00,1.00
2015.11.06 12:37:54.925,0.87148,0.87157,1.00,1.00
2015.11.06 12:37:55.432,0.87147,0.87157,1.00,1.00
2015.11.06 12:37:56.329,0.87148,0.87157,1.00,1.12
2015.11.06 12:37:57.100,0.87148,0.87153,1.00,1.00
2015.11.06 12:37:57.151,0.87143,0.87153,1.75,1.00
2015.11.06 12:37:59.217,0.87143,0.87154,1.87,1.00
2015.11.06 12:37:59.750,0.87144,0.87155,1.75,1.12
2015.11.06 12:37:59.902,0.87145,0.87157,2.25,1.12
2015.11.06 12:38:00.003,0.87146,0.87159,1.75,1.00
2015.11.06 12:38:00.155,0.87148,0.8716,1.75,2.62
2015.11.06 12:38:01.075,0.87148,0.87158,1.50,1.00
2015.11.06 12:38:01.263,0.87145,0.87158,1.75,1.00
2015.11.06 12:38:01.779,0.87147,0.87159,1.75,1.50
2015.11.06 12:38:02.896,0.87147,0.87159,1.75,1.37
2015.11.06 12:38:04.208,0.87148,0.8716,1.37,1.50
2015.11.06 12:38:05.168,0.87148,0.8716,1.12,1.00
2015.11.06 12:38:05.371,0.87152,0.87164,1.00,2.62
2015.11.06 12:38:07.451,0.87151,0.87166,1.37,3.75
2015.11.06 12:38:25.051,0.87152,0.87164,1.12,1.12
2015.11.06 12:38:29.827,0.87151,0.87165,2.25,1.75
2015.11.06 12:38:37.174,0.87151,0.87166,2.25,1.87
2015.11.06 12:38:40.618,0.87151,0.87166,3.75,2.62
2015.11.06 12:38:42.037,0.87151,0.87163,3.00,1.50
2015.11.06 12:38:42.594,0.87151,0.87163,3.75,1.00
2015.11.06 12:38:43.099,0.87151,0.87163,3.75,1.50
2015.11.06 12:38:43.605,0.87151,0.87163,3.75,1.00
2015.11.06 12:38:45.309,0.87151,0.87163,1.75,1.50
2015.11.06 12:38:45.562,0.8715,0.87163,2.25,1.37
2015.11.06 12:38:45.928,0.8715,0.8716,2.25,1.37
2015.11.06 12:38:46.337,0.87151,0.87158,1.00,1.50
2015.11.06 12:38:46.439,0.87148,0.87158,1.12,1.50
2015.11.06 12:38:46.957,0.87147,0.87157,1.50,1.00
2015.11.06 12:38:47.261,0.87146,0.87157,1.50,1.12
2015.11.06 12:38:49.800,0.87146,0.87156,1.87,1.37
2015.11.06 12:38:53.754,0.87146,0.87157,1.87,1.37
2015.11.06 12:38:53.804,0.87146,0.87157,1.87,1.00
2015.11.06 12:38:55.358,0.87146,0.87157,1.87,1.50
2015.11.06 12:38:55.910,0.87146,0.87157,2.62,1.00
2015.11.06 12:38:56.715,0.87146,0.87157,1.12,1.37
2015.11.06 12:38:57.221,0.87146,0.87156,1.00,1.37
2015.11.06 12:38:57.755,0.87144,0.87157,2.25,1.12
2015.11.06 12:38:57.967,0.87145,0.87157,2.62,1.12
2015.11.06 12:39:00.876,0.87146,0.87156,1.37,1.12
2015.11.06 12:39:01.383,0.87146,0.87157,1.12,1.37
2015.11.06 12:39:01.717,0.87146,0.87157,1.75,1.00
2015.11.06 12:39:03.491,0.87151,0.87158,1.00,1.37
2015.11.06 12:39:03.694,0.87151,0.87162,1.12,1.00
2015.11.06 12:39:04.687,0.8715,0.87162,1.87,1.37
2015.11.06 12:39:05.192,0.8715,0.87161,1.87,1.37
2015.11.06 12:39:05.293,0.87152,0.87162,1.00,1.12
2015.11.06 12:39:05.446,0.8715,0.87162,1.87,1.12
2015.11.06 12:39:05.598,0.87152,0.87161,1.00,1.37
2015.11.06 12:39:08.806,0.87152,0.87162,1.00,1.12
2015.11.06 12:39:10.314,0.8715,0.87162,1.87,1.12
2015.11.06 12:39:11.852,0.87152,0.87161,1.00,1.12
2015.11.06 12:39:12.409,0.8715,0.87161,1.12,1.12
2015.11.06 12:39:12.915,0.8715,0.87158,1.00,1.37
2015.11.06 12:39:13.580,0.8715,0.87161,1.00,1.12
2015.11.06 12:39:13.631,0.87152,0.87161,1.00,1.12
2015.11.06 12:39:16.470,0.87152,0.8716,1.00,1.00
2015.11.06 12:39:19.918,0.87152,0.87159,1.12,1.00
2015.11.06 12:39:21.119,0.87152,0.87163,1.12,1.75
2015.11.06 12:39:24.925,0.87151,0.8716,1.00,1.75
2015.11.06 12:39:28.463,0.8715,0.87162,1.00,3.00
2015.11.06 12:39:28.566,0.87149,0.87159,1.12,1.12
2015.11.06 12:39:28.618,0.87151,0.87159,1.00,1.50
2015.11.06 12:39:28.720,0.87148,0.87157,1.00,1.00
2015.11.06 12:39:28.822,0.87149,0.87157,1.37,1.00
2015.11.06 12:39:29.352,0.87148,0.87158,1.87,1.00
2015.11.06 12:39:29.858,0.87148,0.87161,2.62,2.25
2015.11.06 12:39:34.944,0.87151,0.87162,1.00,1.87
2015.11.06 12:39:34.995,0.87151,0.87161,1.50,1.00
2015.11.06 12:39:35.198,0.87154,0.87164,1.12,2.25
2015.11.06 12:39:35.545,0.87157,0.87163,1.00,1.37
2015.11.06 12:39:35.596,0.87157,0.87164,1.00,1.12
2015.11.06 12:39:37.031,0.87157,0.87165,1.00,1.12
2015.11.06 12:39:37.731,0.87157,0.87165,1.00,1.87
2015.11.06 12:39:38.232,0.87157,0.87165,1.00,1.12
2015.11.06 12:39:38.815,0.87157,0.87166,1.00,1.50
2015.11.06 12:39:41.212,0.87159,0.87172,1.12,1.75
2015.11.06 12:39:41.459,0.87161,0.87173,2.62,1.75
2015.11.06 12:39:41.510,0.87165,0.87175,1.00,1.12
2015.11.06 12:39:42.016,0.87165,0.87175,1.00,1.87
2015.11.06 12:39:42.571,0.87163,0.87176,1.87,1.50
2015.11.06 12:39:43.753,0.87163,0.87175,1.87,1.37
2015.11.06 12:39:44.305,0.87163,0.87176,1.87,1.50
2015.11.06 12:39:44.843,0.87164,0.87176,1.75,1.00
2015.11.06 12:39:44.894,0.87169,0.87176,1.00,1.00
2015.11.06 12:39:45.408,0.87169,0.87176,1.00,1.50
2015.11.06 12:39:45.906,0.87163,0.87174,1.00,1.75
2015.11.06 12:39:46.210,0.87161,0.87172,1.00,1.75
2015.11.06 12:39:46.634,0.87161,0.8717,1.00,1.12
2015.11.06 12:39:47.040,0.87157,0.87169,1.50,2.62
2015.11.06 12:39:48.120,0.87157,0.87166,1.50,1.00
2015.11.06 12:39:48.222,0.87157,0.87166,1.00,1.37
2015.11.06 12:39:49.933,0.87157,0.87165,1.00,1.50
2015.11.06 12:39:50.442,0.87157,0.87165,1.00,1.00
2015.11.06 12:39:50.992,0.87157,0.87165,1.00,1.50
2015.11.06 12:39:51.543,0.87157,0.87165,1.00,1.00
2015.11.06 12:39:52.328,0.87157,0.87165,1.00,1.50
2015.11.06 12:39:52.876,0.87157,0.87165,1.00,1.00
2015.11.06 12:39:53.248,0.87159,0.87166,1.00,1.12
2015.11.06 12:39:54.612,0.8716,0.87167,1.00,1.37
2015.11.06 12:39:55.157,0.87159,0.87165,1.00,1.00
2015.11.06 12:40:00.194,0.87159,0.87167,1.00,1.37
2015.11.06 12:40:03.075,0.8716,0.87167,1.00,1.87
2015.11.06 12:40:03.553,0.87155,0.87166,1.37,1.12
2015.11.06 12:40:04.154,0.87155,0.87166,1.00,1.50
2015.11.06 12:40:05.210,0.87156,0.87166,1.00,2.25
2015.11.06 12:40:05.260,0.8716,0.87166,1.00,2.62
2015.11.06 12:40:05.755,0.87155,0.87166,1.12,1.00
2015.11.06 12:40:05.807,0.87155,0.87166,1.00,1.37
2015.11.06 12:40:14.933,0.87155,0.87166,1.37,1.87
2015.11.06 12:40:15.158,0.8716,0.87166,1.00,1.00
2015.11.06 12:40:16.513,0.8716,0.87167,1.00,1.37
2015.11.06 12:40:17.467,0.87159,0.87167,1.00,1.87
2015.11.06 12:40:17.720,0.8716,0.87167,1.00,1.00
2015.11.06 12:40:17.973,0.87154,0.87167,1.87,1.50
2015.11.06 12:40:18.024,0.87155,0.87165,1.00,1.00
2015.11.06 12:40:18.764,0.87159,0.87165,1.00,1.00
2015.11.06 12:40:21.826,0.87158,0.87165,1.00,1.75
2015.11.06 12:40:21.877,0.87153,0.87165,1.12,1.75
2015.11.06 12:40:22.228,0.87148,0.87163,3.37,1.12
2015.11.06 12:40:22.329,0.87147,0.8716,1.37,1.12
2015.11.06 12:40:22.532,0.87146,0.87159,1.12,1.12
2015.11.06 12:40:22.735,0.87145,0.87157,1.12,1.12
2015.11.06 12:40:23.241,0.87144,0.87154,1.00,1.12
2015.11.06 12:40:23.931,0.87144,0.87154,1.00,1.87
2015.11.06 12:40:24.479,0.87144,0.87154,1.00,1.12
2015.11.06 12:40:25.941,0.87144,0.87153,1.00,1.00
2015.11.06 12:40:28.464,0.87142,0.87153,1.37,1.37
2015.11.06 12:40:29.490,0.87142,0.87153,1.00,1.50
2015.11.06 12:40:29.591,0.87142,0.87153,1.37,1.50
2015.11.06 12:40:29.923,0.8714,0.8715,1.37,1.00
2015.11.06 12:40:29.975,0.8714,0.8715,1.12,1.00
2015.11.06 12:40:30.026,0.8714,0.87147,1.12,1.37
2015.11.06 12:40:30.179,0.87137,0.87147,1.87,1.37
2015.11.06 12:40:30.280,0.87137,0.87146,1.87,1.12
2015.11.06 12:40:32.225,0.87138,0.87147,1.35,1.87
2015.11.06 12:40:32.731,0.87138,0.87145,1.35,1.75
2015.11.06 12:40:33.266,0.87137,0.87145,1.95,1.75
2015.11.06 12:40:33.419,0.87137,0.8715,2.02,1.75
2015.11.06 12:40:33.470,0.87137,0.87151,2.40,1.37
2015.11.06 12:40:33.521,0.87138,0.87151,2.77,1.37
2015.11.06 12:40:34.027,0.8714,0.87153,1.50,1.75
2015.11.06 12:40:34.458,0.87146,0.87154,1.00,1.75
2015.11.06 12:40:34.964,0.87146,0.87154,1.00,1.50
2015.11.06 12:40:36.040,0.8714,0.87156,3.75,1.12
2015.11.06 12:40:36.243,0.87146,0.87156,1.00,1.12
2015.11.06 12:40:36.344,0.87146,0.87156,1.00,1.12
2015.11.06 12:40:36.854,0.87146,0.87156,1.00,1.12
2015.11.06 12:40:37.423,0.87146,0.87156,1.00,1.87
2015.11.06 12:40:38.015,0.87146,0.87154,1.00,1.00
2015.11.06 12:40:39.734,0.87146,0.87156,1.00,1.75
2015.11.06 12:40:40.240,0.87147,0.87156,1.00,1.75
2015.11.06 12:40:41.451,0.87146,0.87156,1.00,1.75
2015.11.06 12:40:41.552,0.87146,0.87157,1.00,3.37
2015.11.06 12:40:42.073,0.87147,0.87158,1.00,1.75
2015.11.06 12:40:47.365,0.87147,0.87158,1.37,1.00
2015.11.06 12:40:48.281,0.87147,0.87159,2.62,1.00
2015.11.06 12:40:48.890,0.87148,0.87162,1.12,1.75
2015.11.06 12:40:50.889,0.87147,0.8716,1.75,1.87
2015.11.06 12:40:57.814,0.87148,0.87161,1.00,2.62
2015.11.06 12:40:58.767,0.87147,0.87157,1.00,1.00
2015.11.06 12:40:59.071,0.87147,0.87158,1.00,3.75
2015.11.06 12:41:00.859,0.87147,0.87157,1.00,1.75
2015.11.06 12:41:00.910,0.87143,0.87157,1.37,1.75
2015.11.06 12:41:07.492,0.87145,0.87153,1.50,1.00
2015.11.06 12:41:07.998,0.87141,0.87153,1.87,1.37
2015.11.06 12:41:08.621,0.87144,0.87153,1.00,1.37
2015.11.06 12:41:09.129,0.87143,0.87154,2.62,2.62
2015.11.06 12:41:10.110,0.87143,0.87154,1.12,1.50
2015.11.06 12:41:17.334,0.87144,0.87153,1.00,1.12
2015.11.06 12:41:18.915,0.87143,0.87153,1.12,1.12
2015.11.06 12:41:22.321,0.87144,0.87155,1.00,2.25
2015.11.06 12:41:24.027,0.87143,0.87156,1.12,1.12
2015.11.06 12:41:24.332,0.8714,0.87153,2.25,1.12
2015.11.06 12:41:28.237,0.87141,0.87153,1.12,1.12
2015.11.06 12:41:28.339,0.87139,0.87149,1.50,1.00
2015.11.06 12:41:28.714,0.87141,0.87152,1.00,2.62
2015.11.06 12:41:30.389,0.87141,0.87152,1.00,1.75
2015.11.06 12:41:30.501,0.87141,0.87152,1.00,1.87
2015.11.06 12:41:30.552,0.87141,0.87151,1.00,1.37
2015.11.06 12:41:31.271,0.87141,0.87152,1.00,1.12
2015.11.06 12:41:31.473,0.87142,0.87152,1.50,1.12
2015.11.06 12:41:32.016,0.87138,0.87152,1.75,1.00
2015.11.06 12:41:32.404,0.8714,0.87153,1.75,1.37
2015.11.06 12:41:32.708,0.87147,0.87157,1.00,1.37
2015.11.06 12:41:32.760,0.87147,0.87158,1.00,1.12
2015.11.06 12:41:33.012,0.87146,0.87159,1.37,1.12
2015.11.06 12:41:33.518,0.87145,0.87157,1.87,1.50
2015.11.06 12:41:33.674,0.87148,0.8716,1.37,1.00
2015.11.06 12:41:33.776,0.87148,0.8716,1.00,1.12
2015.11.06 12:41:34.535,0.87148,0.87159,1.50,1.50
2015.11.06 12:41:34.819,0.8715,0.87162,1.50,3.75
2015.11.06 12:41:35.224,0.87147,0.87159,1.12,1.50
2015.11.06 12:41:35.377,0.87146,0.87159,2.25,2.25
2015.11.06 12:41:35.959,0.87145,0.87158,2.25,2.25
2015.11.06 12:41:36.264,0.87144,0.87155,1.00,1.00
2015.11.06 12:41:37.291,0.87143,0.87156,1.12,1.00
2015.11.06 12:41:37.800,0.87143,0.87158,1.12,2.25
2015.11.06 12:41:38.947,0.87143,0.87157,1.12,1.00
2015.11.06 12:41:39.460,0.87144,0.87157,1.37,1.87
2015.11.06 12:41:39.562,0.87143,0.87157,1.12,1.87
2015.11.06 12:41:39.665,0.87144,0.87157,1.87,2.25
2015.11.06 12:41:40.057,0.87143,0.87153,1.00,1.00
2015.11.06 12:41:40.566,0.87141,0.87154,1.37,1.75
2015.11.06 12:41:40.972,0.8714,0.87155,1.87,3.00
2015.11.06 12:41:41.125,0.87142,0.87155,1.87,3.00
2015.11.06 12:41:41.226,0.87146,0.87155,1.00,2.25
2015.11.06 12:41:41.429,0.87142,0.87155,1.50,2.25
2015.11.06 12:41:41.942,0.87143,0.87152,1.00,1.00
2015.11.06 12:41:42.481,0.87143,0.87152,1.37,1.00
2015.11.06 12:41:44.250,0.87142,0.87154,1.12,2.25
2015.11.06 12:41:44.771,0.8714,0.87155,1.87,1.75
2015.11.06 12:41:46.225,0.8714,0.87153,1.87,1.37
2015.11.06 12:41:46.328,0.87139,0.87149,1.87,1.00
2015.11.06 12:41:46.430,0.87139,0.87151,1.12,1.12
2015.11.06 12:41:47.952,0.87143,0.87151,1.00,1.87
2015.11.06 12:41:48.476,0.87142,0.87151,1.00,1.50
2015.11.06 12:41:49.012,0.87143,0.87151,1.00,1.75
2015.11.06 12:41:49.367,0.87143,0.87152,1.00,1.00
2015.11.06 12:41:49.872,0.87143,0.87154,1.12,2.25
2015.11.06 12:41:50.138,0.87144,0.87154,2.25,1.12
2015.11.06 12:41:50.441,0.87146,0.87154,1.00,1.12
2015.11.06 12:41:50.948,0.87144,0.87154,3.00,1.12
2015.11.06 12:41:51.460,0.87144,0.87154,2.25,1.12
2015.11.06 12:41:52.358,0.87144,0.87154,3.00,1.00
2015.11.06 12:41:52.882,0.87144,0.87154,2.25,1.00
2015.11.06 12:41:53.399,0.87145,0.87154,1.12,1.37
2015.11.06 12:41:53.803,0.87143,0.87154,1.12,1.12
2015.11.06 12:41:54.305,0.87143,0.87154,1.12,1.37
2015.11.06 12:41:54.609,0.87144,0.87154,1.87,1.37
2015.11.06 12:41:55.154,0.87144,0.87154,1.12,1.37
2015.11.06 12:41:55.623,0.87144,0.87155,2.62,1.00
2015.11.06 12:41:56.633,0.87145,0.87156,1.00,1.87
2015.11.06 12:41:57.167,0.87144,0.87155,1.00,1.75
2015.11.06 12:41:57.471,0.87142,0.87152,1.50,1.37
2015.11.06 12:42:00.168,0.87139,0.87147,1.12,1.00
2015.11.06 12:42:00.624,0.87137,0.87146,1.00,1.00
2015.11.06 12:42:00.675,0.87142,0.8715,1.00,1.12
2015.11.06 12:42:00.777,0.87143,0.8715,1.00,1.37
2015.11.06 12:42:00.870,0.87138,0.87149,1.50,1.12
2015.11.06 12:42:02.837,0.87137,0.87149,1.75,1.50
2015.11.06 12:42:04.668,0.87142,0.87149,1.00,1.37
2015.11.06 12:42:04.769,0.8714,0.87149,1.00,1.12
2015.11.06 12:42:05.023,0.87137,0.87149,1.50,1.50
2015.11.06 12:42:05.175,0.87137,0.87149,1.50,1.50
2015.11.06 12:42:05.423,0.87137,0.87149,1.50,1.87
2015.11.06 12:42:05.576,0.8714,0.87149,1.00,1.87
2015.11.06 12:42:06.084,0.87139,0.87148,1.12,1.75
2015.11.06 12:42:06.348,0.87137,0.87147,1.12,1.37
2015.11.06 12:42:08.633,0.87135,0.87147,1.00,1.37
2015.11.06 12:42:08.785,0.87133,0.87147,1.12,2.25
2015.11.06 12:42:09.459,0.87132,0.87144,1.87,1.00
2015.11.06 12:42:10.566,0.87133,0.87145,1.37,1.00
2015.11.06 12:42:10.992,0.87135,0.87149,1.37,1.87
2015.11.06 12:42:11.043,0.87138,0.87148,2.25,1.00
2015.11.06 12:42:11.348,0.87142,0.87152,1.12,1.75
2015.11.06 12:42:11.874,0.87142,0.87154,1.87,1.87
2015.11.06 12:42:12.626,0.87143,0.87154,1.00,1.12
2015.11.06 12:42:13.334,0.87142,0.87154,1.87,1.75
2015.11.06 12:42:13.878,0.87142,0.87154,1.87,1.75
2015.11.06 12:42:14.421,0.87143,0.87154,1.00,1.12
2015.11.06 12:42:17.171,0.87142,0.87156,1.87,1.12
2015.11.06 12:42:17.476,0.8715,0.8716,1.00,1.37
2015.11.06 12:42:17.729,0.87151,0.87162,1.87,1.12
2015.11.06 12:42:17.832,0.87152,0.87163,1.00,1.50
2015.11.06 12:42:18.430,0.87151,0.87164,1.87,1.37
2015.11.06 12:42:19.136,0.87154,0.87164,1.00,1.37
2015.11.06 12:42:19.644,0.87155,0.87164,1.00,1.12
2015.11.06 12:42:20.985,0.87154,0.87165,1.00,1.87
2015.11.06 12:42:21.665,0.87153,0.87164,1.50,1.75
2015.11.06 12:42:22.399,0.87151,0.87164,1.37,2.62
2015.11.06 12:42:24.430,0.87152,0.87162,1.00,1.37
2015.11.06 12:42:24.633,0.8715,0.87161,1.12,1.87
2015.11.06 12:42:26.908,0.87151,0.8716,1.00,1.37
2015.11.06 12:42:27.426,0.8715,0.87159,1.00,1.12
2015.11.06 12:42:28.280,0.87151,0.87159,1.00,1.00
2015.11.06 12:42:28.796,0.8715,0.8716,1.12,1.50
2015.11.06 12:42:30.726,0.87151,0.87161,1.00,2.62
2015.11.06 12:42:31.232,0.8715,0.87159,1.00,1.37
2015.11.06 12:42:31.334,0.87151,0.87157,1.00,1.37
2015.11.06 12:42:31.385,0.87146,0.87157,1.12,1.37
2015.11.06 12:42:31.638,0.87147,0.87157,1.12,1.00
2015.11.06 12:42:31.814,0.87149,0.87158,1.00,2.25
2015.11.06 12:42:31.916,0.87146,0.87158,1.37,1.87
2015.11.06 12:42:32.222,0.87145,0.87156,1.12,1.12
2015.11.06 12:42:32.730,0.87145,0.87155,1.50,1.50
2015.11.06 12:42:33.696,0.87142,0.87155,1.75,2.62
2015.11.06 12:42:33.849,0.87138,0.87151,1.12,1.50
2015.11.06 12:42:33.900,0.87139,0.87151,1.12,1.87
2015.11.06 12:42:34.442,0.87136,0.87149,1.75,1.50
2015.11.06 12:42:37.518,0.87137,0.87149,1.12,1.00
2015.11.06 12:42:38.048,0.87136,0.87148,2.25,1.12
2015.11.06 12:42:38.555,0.87136,0.87148,1.37,1.50
2015.11.06 12:42:39.060,0.87136,0.8715,1.87,1.75
2015.11.06 12:42:40.244,0.87135,0.87149,1.87,1.50
2015.11.06 12:42:40.748,0.87135,0.87149,1.12,1.75
2015.11.06 12:42:41.585,0.87135,0.87147,1.75,1.12
2015.11.06 12:42:42.123,0.87138,0.87148,1.00,1.12
2015.11.06 12:42:42.674,0.87135,0.87148,1.12,2.25
2015.11.06 12:42:44.281,0.87137,0.87147,1.00,1.00
2015.11.06 12:42:44.816,0.87136,0.87146,1.00,1.00
2015.11.06 12:42:47.573,0.87134,0.8715,2.62,1.87
2015.11.06 12:42:47.784,0.87137,0.8715,1.75,1.50
2015.11.06 12:42:54.201,0.8714,0.8715,1.37,1.00
2015.11.06 12:42:57.997,0.8714,0.87152,1.12,3.00
2015.11.06 12:42:58.504,0.8714,0.87151,1.50,1.37
2015.11.06 12:42:59.010,0.8714,0.87151,1.00,1.37
2015.11.06 12:43:01.391,0.8714,0.87151,1.50,1.37
2015.11.06 12:43:01.907,0.87141,0.87152,1.00,1.87
2015.11.06 12:43:02.974,0.8714,0.87152,1.37,1.37
2015.11.06 12:43:03.328,0.87143,0.87152,1.37,1.50
2015.11.06 12:43:03.532,0.87144,0.87154,1.00,1.50
2015.11.06 12:43:03.633,0.87146,0.87155,1.37,1.87
2015.11.06 12:43:04.046,0.87145,0.87157,1.50,3.37
2015.11.06 12:43:04.605,0.87146,0.87157,1.37,3.37
2015.11.06 12:43:05.278,0.87145,0.87157,1.50,3.37
2015.11.06 12:43:05.911,0.87148,0.87157,1.37,2.62
2015.11.06 12:43:06.502,0.87148,0.87156,1.37,1.00
2015.11.06 12:43:06.909,0.87146,0.87157,1.37,2.62
2015.11.06 12:43:08.050,0.87147,0.87155,1.37,1.00
2015.11.06 12:43:08.556,0.87146,0.87156,1.37,2.25
2015.11.06 12:43:09.062,0.87147,0.87156,1.37,2.25
2015.11.06 12:43:09.625,0.87146,0.87155,1.37,1.12
2015.11.06 12:43:09.801,0.87146,0.87155,1.37,1.50
2015.11.06 12:43:09.903,0.87146,0.87157,1.37,1.87
2015.11.06 12:43:10.410,0.87147,0.87157,1.37,1.12
2015.11.06 12:43:10.938,0.87146,0.87155,1.37,1.00
2015.11.06 12:43:11.189,0.87147,0.87157,1.37,1.87
2015.11.06 12:43:11.240,0.87144,0.87157,1.37,1.87
2015.11.06 12:43:12.121,0.87145,0.87156,1.37,1.75
2015.11.06 12:43:12.545,0.87144,0.87154,1.37,1.00
2015.11.06 12:43:12.647,0.87144,0.87154,1.37,1.12
2015.11.06 12:43:13.330,0.87145,0.87154,1.37,1.12
2015.11.06 12:43:13.862,0.87145,0.87154,1.37,1.37
2015.11.06 12:43:14.363,0.87144,0.87154,1.37,1.37
2015.11.06 12:43:14.877,0.87144,0.87154,1.50,1.37
2015.11.06 12:43:15.404,0.87145,0.87154,1.37,1.37
2015.11.06 12:43:15.556,0.87142,0.87154,1.87,1.87
2015.11.06 12:43:16.063,0.87142,0.87152,1.37,1.00
2015.11.06 12:43:16.620,0.87143,0.87152,1.37,1.00
2015.11.06 12:43:17.318,0.87142,0.87152,1.37,1.00
2015.11.06 12:43:17.822,0.87141,0.87152,1.87,1.87
2015.11.06 12:43:18.767,0.87142,0.87152,1.37,1.87
2015.11.06 12:43:19.668,0.87142,0.87151,1.37,1.00
2015.11.06 12:43:20.293,0.87141,0.87152,1.87,1.12
2015.11.06 12:43:20.857,0.87142,0.87152,1.37,1.12
2015.11.06 12:43:22.056,0.87141,0.87152,1.87,1.12
2015.11.06 12:43:24.737,0.87141,0.87152,1.87,1.50
2015.11.06 12:43:25.341,0.87142,0.87151,1.37,1.00
2015.11.06 12:43:25.891,0.87141,0.87151,1.87,1.00
2015.11.06 12:43:26.404,0.87142,0.87151,1.37,1.00
2015.11.06 12:43:26.911,0.87141,0.87153,1.50,1.37
2015.11.06 12:43:27.851,0.87142,0.87152,1.50,1.00
2015.11.06 12:43:29.367,0.87142,0.87152,1.00,1.00
2015.11.06 12:43:30.342,0.87142,0.87152,1.50,1.00
2015.11.06 12:43:31.362,0.87142,0.87152,1.00,1.00
2015.11.06 12:43:32.389,0.87142,0.87152,1.50,1.00
2015.11.06 12:43:33.078,0.87142,0.87152,1.00,1.00
2015.11.06 12:43:35.880,0.87142,0.87152,1.50,1.00
2015.11.06 12:43:36.682,0.87142,0.87154,1.00,1.75
2015.11.06 12:43:37.367,0.87142,0.87154,1.50,1.75
2015.11.06 12:43:38.401,0.87142,0.87154,1.00,1.75
2015.11.06 12:43:39.790,0.87142,0.87154,1.50,1.75
2015.11.06 12:43:40.363,0.87142,0.87154,1.00,1.75
2015.11.06 12:43:40.904,0.87142,0.87154,1.50,1.75
2015.11.06 12:43:41.415,0.87142,0.87154,1.00,1.75
2015.11.06 12:43:42.665,0.87142,0.87154,1.50,1.75
2015.11.06 12:43:43.174,0.87142,0.87154,1.00,1.75
2015.11.06 12:43:43.613,0.87144,0.87154,1.00,1.50
2015.11.06 12:43:43.918,0.87142,0.87155,1.37,2.25
2015.11.06 12:43:43.969,0.87141,0.87154,1.50,1.75
2015.11.06 12:43:44.423,0.87139,0.87152,1.50,1.75
2015.11.06 12:43:45.283,0.87138,0.87149,1.00,1.50
2015.11.06 12:43:45.865,0.87138,0.87149,2.25,1.50
2015.11.06 12:43:46.383,0.87138,0.87151,1.00,2.25
2015.11.06 12:43:46.890,0.87138,0.87151,1.50,2.25
2015.11.06 12:43:47.399,0.87138,0.87149,1.00,1.50
2015.11.06 12:43:48.476,0.87138,0.87149,1.50,1.50
2015.11.06 12:43:49.388,0.87138,0.87151,1.00,2.25
2015.11.06 12:43:49.894,0.87138,0.87151,1.37,2.25
2015.11.06 12:43:54.691,0.87139,0.87151,1.37,2.25
2015.11.06 12:43:55.482,0.87139,0.8715,1.12,1.00
2015.11.06 12:44:02.619,0.87138,0.87152,1.87,3.00
2015.11.06 12:44:08.088,0.87141,0.87151,1.00,1.00
2015.11.06 12:44:08.623,0.8714,0.8715,1.87,1.00
2015.11.06 12:44:09.433,0.87141,0.8715,1.37,1.00
2015.11.06 12:44:09.974,0.8714,0.87151,1.37,1.75
2015.11.06 12:44:10.757,0.87139,0.87151,1.00,1.75
2015.11.06 12:44:11.553,0.87139,0.87151,1.50,2.25
2015.11.06 12:44:12.177,0.87139,0.87151,1.00,2.25
2015.11.06 12:44:13.635,0.87139,0.87151,1.50,2.25
2015.11.06 12:44:14.285,0.87139,0.87151,1.00,2.25
2015.11.06 12:44:15.136,0.87139,0.87151,1.50,1.75
2015.11.06 12:44:15.727,0.87139,0.8715,1.00,1.50
2015.11.06 12:44:17.097,0.87139,0.8715,1.37,1.12
2015.11.06 12:44:22.166,0.87141,0.87152,1.37,1.75
2015.11.06 12:44:22.268,0.87141,0.87152,1.50,1.12
2015.11.06 12:44:22.771,0.87143,0.87153,1.00,1.50
2015.11.06 12:44:23.143,0.87143,0.87153,1.12,1.50
2015.11.06 12:44:24.278,0.87141,0.8715,2.62,1.00
2015.11.06 12:44:24.682,0.87144,0.8715,1.37,1.00
2015.11.06 12:44:24.784,0.87144,0.87159,3.00,1.75
2015.11.06 12:44:24.835,0.87147,0.87159,1.00,2.25
2015.11.06 12:44:24.987,0.87147,0.87161,2.25,3.00
2015.11.06 12:44:25.038,0.87147,0.87161,3.75,1.75
2015.11.06 12:44:25.475,0.87151,0.87162,1.00,1.12
2015.11.06 12:44:27.723,0.87151,0.87163,1.00,2.25
2015.11.06 12:44:29.858,0.87151,0.8716,1.00,1.00
2015.11.06 12:44:50.224,0.87152,0.87162,2.25,1.75
2015.11.06 12:45:00.314,0.8715,0.87162,1.12,2.25
2015.11.06 12:45:01.022,0.8715,0.87161,1.00,1.87
2015.11.06 12:45:03.023,0.8715,0.87162,1.37,1.87
2015.11.06 12:45:05.093,0.8715,0.87159,1.00,1.37
2015.11.06 12:45:05.245,0.87149,0.87159,1.50,1.50
2015.11.06 12:45:05.296,0.87149,0.87159,1.12,1.50
2015.11.06 12:45:09.209,0.87148,0.8716,1.50,2.62
2015.11.06 12:45:09.512,0.87155,0.87164,1.00,1.00
2015.11.06 12:45:09.715,0.87155,0.87168,2.25,1.75
2015.11.06 12:45:10.126,0.87161,0.87169,1.00,3.00
2015.11.06 12:45:10.228,0.8716,0.8717,1.00,4.50
2015.11.06 12:45:11.116,0.87161,0.8717,1.00,4.12
2015.11.06 12:45:11.394,0.8716,0.87169,1.00,1.50
2015.11.06 12:45:11.548,0.87156,0.8717,1.50,3.00
2015.11.06 12:45:12.955,0.8716,0.87169,1.00,1.75
2015.11.06 12:45:14.327,0.87156,0.87169,1.87,1.75
2015.11.06 12:45:14.508,0.87158,0.87167,1.00,1.00
2015.11.06 12:45:15.015,0.87158,0.8717,1.00,3.00
2015.11.06 12:45:15.268,0.87159,0.87169,1.00,2.25
2015.11.06 12:45:17.287,0.87159,0.87167,1.00,1.75
2015.11.06 12:45:20.653,0.8716,0.87167,1.00,1.12
2015.11.06 12:45:20.855,0.87156,0.87167,1.12,1.12
2015.11.06 12:45:23.333,0.87156,0.87167,1.87,1.37
2015.11.06 12:45:28.600,0.87156,0.87169,3.00,2.62
2015.11.06 12:45:29.844,0.87156,0.87167,1.50,1.50
2015.11.06 12:45:30.640,0.87156,0.87164,1.00,1.00
2015.11.06 12:45:30.943,0.87154,0.87162,1.00,1.00
2015.11.06 12:45:31.247,0.87149,0.87162,1.00,1.12
2015.11.06 12:45:31.400,0.87148,0.87159,1.00,1.12
2015.11.06 12:45:31.964,0.87147,0.87158,1.00,1.12
2015.11.06 12:45:34.181,0.87145,0.87158,2.62,1.12
2015.11.06 12:45:36.424,0.87148,0.87159,1.00,2.62
2015.11.06 12:45:39.818,0.8715,0.87158,1.00,1.12
2015.11.06 12:45:40.386,0.87147,0.87158,1.00,1.12
2015.11.06 12:45:41.043,0.87146,0.87159,1.12,2.62
2015.11.06 12:45:42.739,0.87146,0.87159,2.25,1.75
2015.11.06 12:45:43.272,0.87147,0.8716,1.37,3.75
2015.11.06 12:45:43.696,0.8715,0.8716,1.00,3.75
2015.11.06 12:45:43.800,0.8715,0.8716,1.12,1.75
2015.11.06 12:45:43.901,0.87149,0.87161,1.87,2.25
2015.11.06 12:45:44.004,0.87151,0.87159,1.37,1.00
2015.11.06 12:45:44.532,0.87148,0.87156,1.00,1.00
2015.11.06 12:45:44.583,0.87148,0.87156,1.00,1.37
2015.11.06 12:45:44.685,0.87145,0.87155,1.37,3.75
2015.11.06 12:45:44.787,0.87145,0.87154,1.37,1.00
2015.11.06 12:45:44.889,0.87145,0.87158,1.37,1.75
2015.11.06 12:45:44.991,0.87147,0.87159,1.00,1.75
2015.11.06 12:45:45.042,0.87151,0.87159,1.00,1.75
2015.11.06 12:45:45.648,0.8715,0.87161,1.00,1.75
2015.11.06 12:45:46.630,0.87147,0.8716,1.00,1.75
2015.11.06 12:45:47.135,0.87147,0.87159,1.12,1.87
2015.11.06 12:45:47.779,0.87147,0.87161,1.12,1.87
2015.11.06 12:45:47.830,0.8715,0.87161,1.00,1.12
2015.11.06 12:45:48.336,0.87149,0.87162,1.50,1.12
2015.11.06 12:45:49.942,0.87149,0.87161,1.50,1.50
2015.11.06 12:45:50.492,0.8715,0.87163,1.12,1.12
2015.11.06 12:45:52.767,0.8715,0.87163,1.75,1.37
2015.11.06 12:45:53.637,0.8715,0.87163,2.25,1.37
2015.11.06 12:45:54.194,0.87151,0.87163,1.00,1.75
2015.11.06 12:45:54.728,0.87151,0.87165,1.50,1.12
2015.11.06 12:45:55.643,0.87153,0.87166,2.25,1.87
2015.11.06 12:45:58.619,0.87151,0.87166,1.50,3.00
2015.11.06 12:45:58.924,0.87151,0.87166,2.62,1.75
2015.11.06 12:45:59.077,0.87153,0.87167,1.37,1.75
2015.11.06 12:45:59.663,0.87154,0.87166,1.37,1.75
2015.11.06 12:46:00.210,0.87153,0.87166,1.37,1.75
2015.11.06 12:46:00.766,0.87156,0.87167,1.37,1.75
2015.11.06 12:46:00.919,0.87156,0.87168,1.50,3.00
2015.11.06 12:46:01.660,0.87157,0.87168,1.37,3.00
2015.11.06 12:46:02.163,0.87156,0.87167,1.50,1.12
2015.11.06 12:46:02.763,0.87157,0.87168,1.50,1.50
2015.11.06 12:46:02.865,0.87157,0.87167,1.75,1.00
2015.11.06 12:46:03.383,0.87157,0.8717,1.12,2.25
2015.11.06 12:46:03.637,0.87158,0.8717,1.00,1.50
2015.11.06 12:46:04.146,0.87159,0.87172,1.87,3.00
2015.11.06 12:46:04.248,0.87159,0.87171,1.87,1.12
2015.11.06 12:46:06.675,0.87159,0.8717,1.12,1.00
2015.11.06 12:46:07.198,0.87159,0.87172,1.12,2.25
2015.11.06 12:46:07.826,0.8716,0.8717,1.37,1.00
2015.11.06 12:46:09.016,0.8716,0.87172,1.37,1.50
2015.11.06 12:46:11.550,0.8716,0.87173,1.00,2.25
2015.11.06 12:46:12.056,0.87159,0.87169,1.12,1.00
2015.11.06 12:46:12.410,0.8716,0.87169,1.37,1.00
2015.11.06 12:46:12.934,0.87159,0.87169,2.62,1.00
2015.11.06 12:46:13.448,0.87159,0.87169,1.00,1.50
2015.11.06 12:46:21.242,0.87157,0.8717,1.00,1.75
2015.11.06 12:46:21.445,0.87157,0.8717,1.37,2.25
2015.11.06 12:46:21.813,0.87157,0.8717,1.12,2.25
2015.11.06 12:46:23.449,0.87157,0.8717,1.12,1.75
2015.11.06 12:46:25.817,0.87157,0.87169,1.00,1.75
2015.11.06 12:46:29.112,0.87156,0.87171,3.37,1.75
2015.11.06 12:46:29.214,0.87156,0.8717,3.00,1.75
2015.11.06 12:46:29.517,0.87156,0.87169,3.00,1.75
2015.11.06 12:46:30.060,0.87156,0.87169,3.37,1.75
2015.11.06 12:46:30.575,0.87156,0.87167,2.25,1.75
2015.11.06 12:46:30.727,0.87156,0.87169,1.87,1.50
2015.11.06 12:46:33.329,0.87156,0.87171,2.62,1.87
2015.11.06 12:46:33.839,0.87159,0.8717,1.37,1.87
2015.11.06 12:46:34.176,0.87158,0.8717,1.00,1.75
2015.11.06 12:46:34.682,0.87158,0.87171,1.37,1.75
2015.11.06 12:46:35.228,0.87157,0.8717,2.25,2.25
2015.11.06 12:46:35.744,0.87157,0.87167,1.87,1.00
2015.11.06 12:46:36.289,0.87157,0.87169,1.87,1.75
2015.11.06 12:46:36.830,0.87157,0.87169,1.12,1.50
2015.11.06 12:46:42.241,0.87158,0.87168,1.50,1.00
2015.11.06 12:46:42.472,0.87159,0.87168,1.37,1.00
2015.11.06 12:46:43.020,0.8716,0.87172,1.12,1.75
2015.11.06 12:46:43.697,0.8716,0.87173,2.25,1.75
2015.11.06 12:46:44.224,0.8716,0.87173,3.00,1.75
2015.11.06 12:46:44.865,0.8716,0.87173,2.25,1.75
2015.11.06 12:46:45.169,0.87162,0.87173,1.37,1.75
2015.11.06 12:46:45.683,0.87161,0.87174,1.37,1.75
2015.11.06 12:46:45.987,0.87164,0.87175,1.37,1.75
2015.11.06 12:46:46.374,0.87164,0.87176,1.37,1.75
2015.11.06 12:46:47.046,0.87165,0.87176,1.37,1.75
2015.11.06 12:46:48.032,0.87165,0.87176,1.37,2.25
2015.11.06 12:46:48.539,0.87164,0.87176,1.37,2.25
2015.11.06 12:46:49.504,0.87164,0.87177,1.37,2.25
2015.11.06 12:46:49.707,0.87164,0.87175,1.37,1.75
2015.11.06 12:46:50.010,0.87164,0.87175,1.37,1.75
2015.11.06 12:46:51.937,0.87165,0.87177,2.25,1.75
2015.11.06 12:46:52.448,0.87165,0.87179,1.50,1.75
2015.11.06 12:46:53.203,0.87166,0.87173,1.12,1.00
2015.11.06 12:46:53.435,0.87165,0.8718,1.50,1.75
2015.11.06 12:46:53.486,0.87167,0.8718,1.37,2.25
2015.11.06 12:46:54.678,0.87166,0.87179,1.50,1.75
2015.11.06 12:46:55.208,0.87166,0.87177,1.50,1.50
2015.11.06 12:46:55.799,0.87166,0.87179,1.00,1.75
2015.11.06 12:46:56.305,0.87165,0.8718,1.00,3.37
2015.11.06 12:47:01.179,0.87163,0.87177,1.87,2.25
2015.11.06 12:47:01.483,0.87158,0.87173,2.62,1.75
2015.11.06 12:47:02.385,0.87158,0.87171,1.87,1.75
2015.11.06 12:47:02.928,0.87158,0.87168,2.62,1.00
2015.11.06 12:47:04.368,0.87158,0.87172,2.25,2.25
2015.11.06 12:47:05.485,0.87159,0.87172,1.37,2.25
2015.11.06 12:47:05.991,0.87158,0.87173,1.50,1.75
2015.11.06 12:47:06.283,0.87159,0.87174,1.37,4.50
2015.11.06 12:47:06.785,0.87159,0.87174,1.37,1.75
2015.11.06 12:47:06.836,0.87161,0.87171,1.00,1.00
2015.11.06 12:47:07.190,0.87162,0.87171,1.37,1.00
2015.11.06 12:47:07.775,0.87161,0.87174,1.37,1.75
2015.11.06 12:47:08.302,0.87162,0.87174,1.37,1.87
2015.11.06 12:47:08.889,0.87161,0.87174,1.37,2.25
2015.11.06 12:47:09.603,0.87162,0.87174,1.37,2.62
2015.11.06 12:47:09.907,0.87162,0.87174,1.37,2.62
2015.11.06 12:47:10.460,0.87161,0.87174,1.37,2.25
2015.11.06 12:47:10.964,0.87162,0.87174,1.37,1.87
2015.11.06 12:47:11.494,0.87161,0.87174,1.37,1.75
2015.11.06 12:47:12.196,0.87162,0.87174,1.37,2.25
2015.11.06 12:47:12.744,0.87161,0.87174,1.37,2.25
2015.11.06 12:47:13.268,0.87161,0.87172,1.37,1.75
2015.11.06 12:47:13.774,0.8716,0.87171,1.37,1.75
2015.11.06 12:47:14.321,0.87159,0.87171,1.87,1.75
2015.11.06 12:47:16.107,0.87158,0.87169,2.25,1.12
2015.11.06 12:47:16.633,0.87158,0.87169,1.50,1.12
2015.11.06 12:47:17.236,0.87158,0.87169,2.25,1.12
2015.11.06 12:47:17.782,0.87158,0.87168,1.50,1.00
2015.11.06 12:47:18.707,0.87158,0.87169,1.50,1.12
2015.11.06 12:47:19.506,0.87158,0.87169,1.50,1.12
2015.11.06 12:47:20.337,0.87158,0.87169,1.00,1.12
2015.11.06 12:47:20.998,0.87158,0.87169,1.12,1.12
2015.11.06 12:47:22.281,0.87158,0.87169,1.50,1.37
2015.11.06 12:47:22.383,0.87156,0.87166,1.87,1.00
2015.11.06 12:47:22.636,0.87155,0.87165,1.00,1.12
2015.11.06 12:47:23.240,0.87155,0.87166,1.50,1.50
2015.11.06 12:47:23.760,0.87155,0.87166,1.00,1.50
2015.11.06 12:47:24.317,0.87155,0.87166,1.50,1.50
2015.11.06 12:47:24.872,0.87155,0.87166,1.00,1.50
2015.11.06 12:47:25.415,0.87155,0.87166,1.50,1.50
2015.11.06 12:47:25.948,0.87155,0.87166,1.00,1.50
2015.11.06 12:47:26.487,0.87155,0.87166,1.50,1.50
2015.11.06 12:47:26.991,0.87155,0.87166,1.00,1.50
2015.11.06 12:47:28.151,0.87155,0.87166,1.50,1.50
2015.11.06 12:47:28.625,0.87155,0.87167,1.12,1.12
2015.11.06 12:47:28.828,0.87158,0.8717,2.25,1.75
2015.11.06 12:47:29.162,0.87158,0.87166,1.00,1.00
2015.11.06 12:47:29.866,0.87156,0.87166,1.37,1.00
2015.11.06 12:47:30.310,0.87157,0.87168,1.50,1.37
2015.11.06 12:47:30.929,0.87157,0.87167,1.37,1.12
2015.11.06 12:47:31.234,0.87157,0.87167,1.00,1.50
2015.11.06 12:47:31.777,0.87155,0.87166,2.62,1.37
2015.11.06 12:47:32.082,0.87155,0.87168,2.25,1.75
2015.11.06 12:47:32.441,0.87157,0.87169,1.37,1.50
2015.11.06 12:47:32.875,0.87157,0.87169,1.87,1.12
2015.11.06 12:47:33.538,0.8716,0.87168,1.00,1.00
2015.11.06 12:47:33.863,0.87156,0.87168,1.37,1.37
2015.11.06 12:47:37.253,0.87157,0.87168,1.75,1.00
2015.11.06 12:47:39.218,0.87157,0.87168,1.75,1.00
2015.11.06 12:47:41.371,0.8716,0.87169,1.00,1.00
2015.11.06 12:47:43.371,0.8716,0.87168,1.00,1.00
2015.11.06 12:47:45.111,0.8716,0.87169,1.00,1.00
2015.11.06 12:47:45.162,0.87159,0.87169,1.75,1.00
2015.11.06 12:47:45.612,0.87161,0.87173,1.37,2.25
2015.11.06 12:47:45.714,0.87161,0.87173,1.37,1.87
2015.11.06 12:47:46.264,0.87161,0.87172,1.87,1.12
2015.11.06 12:47:46.769,0.8716,0.87173,1.87,1.50
2015.11.06 12:47:47.290,0.87161,0.87171,1.00,1.12
2015.11.06 12:47:55.739,0.8716,0.87172,1.00,1.50
2015.11.06 12:47:56.240,0.8716,0.87172,1.50,1.50
2015.11.06 12:47:56.754,0.8716,0.87172,1.00,1.50
2015.11.06 12:47:57.373,0.87159,0.87171,1.87,1.37
2015.11.06 12:47:57.882,0.87161,0.87171,1.00,1.00
2015.11.06 12:47:58.388,0.8716,0.87172,1.00,2.25
2015.11.06 12:47:59.124,0.87158,0.87171,1.75,2.25
2015.11.06 12:47:59.226,0.87156,0.87169,1.00,1.75
2015.11.06 12:47:59.378,0.87154,0.87167,1.00,1.87
2015.11.06 12:47:59.580,0.87152,0.87165,2.25,1.87
2015.11.06 12:47:59.848,0.8715,0.87163,1.87,1.75
2015.11.06 12:48:00.364,0.87151,0.87161,1.00,1.75
2015.11.06 12:48:00.666,0.87149,0.87161,1.50,1.75
2015.11.06 12:48:01.470,0.87149,0.87163,1.00,1.87
2015.11.06 12:48:02.334,0.87149,0.87158,1.37,1.00
2015.11.06 12:48:02.537,0.87148,0.87158,2.62,1.00
2015.11.06 12:48:03.079,0.87148,0.87161,1.12,1.75
2015.11.06 12:48:03.525,0.87148,0.87161,1.87,1.75
2015.11.06 12:48:03.780,0.87149,0.87161,1.00,1.75
2015.11.06 12:48:04.084,0.87148,0.87162,1.87,2.25
2015.11.06 12:48:04.589,0.87148,0.87158,2.62,1.00
2015.11.06 12:48:05.132,0.87148,0.87158,1.87,1.00
2015.11.06 12:48:05.744,0.87148,0.87158,2.62,1.00
2015.11.06 12:48:06.543,0.87148,0.87158,1.87,1.00
2015.11.06 12:48:06.934,0.8715,0.87158,1.00,1.00
2015.11.06 12:48:09.257,0.8715,0.8716,1.12,1.00
2015.11.06 12:48:09.358,0.87154,0.87163,1.12,1.00
2015.11.06 12:48:09.674,0.87157,0.87168,1.87,1.12
2015.11.06 12:48:09.878,0.87158,0.87168,1.00,1.00
2015.11.06 12:48:10.409,0.87158,0.87168,1.37,1.00
2015.11.06 12:48:12.360,0.87159,0.8717,1.50,1.50
2015.11.06 12:48:12.461,0.87159,0.87172,1.87,2.25
2015.11.06 12:48:12.967,0.87159,0.87169,1.50,1.00
2015.11.06 12:48:13.517,0.87159,0.87169,1.12,1.12
2015.11.06 12:48:14.676,0.87158,0.87168,1.37,1.00
2015.11.06 12:48:15.207,0.87158,0.87169,1.37,1.12
2015.11.06 12:48:15.720,0.87158,0.87169,1.00,1.50
2015.11.06 12:48:16.262,0.87157,0.87169,1.87,1.75
2015.11.06 12:48:21.317,0.87156,0.87168,1.37,1.75
2015.11.06 12:48:21.621,0.87155,0.87167,2.25,1.75
2015.11.06 12:48:22.138,0.87156,0.87166,1.00,1.00
2015.11.06 12:48:22.245,0.87158,0.87167,1.12,1.50
2015.11.06 12:48:22.347,0.87158,0.87169,1.12,1.12
2015.11.06 12:48:22.449,0.87156,0.87169,1.50,1.75
2015.11.06 12:48:22.753,0.87154,0.87165,1.00,1.37
2015.11.06 12:48:22.855,0.87153,0.87162,1.00,1.00
2015.11.06 12:48:22.957,0.87148,0.8716,2.25,1.00
2015.11.06 12:48:23.009,0.87148,0.8716,1.87,1.12
2015.11.06 12:48:23.654,0.87147,0.87156,1.00,1.00
2015.11.06 12:48:23.958,0.87149,0.87156,1.00,1.00
2015.11.06 12:48:24.496,0.87149,0.87158,1.50,1.12
2015.11.06 12:48:25.356,0.87149,0.87159,1.00,1.75
2015.11.06 12:48:25.559,0.8715,0.8716,1.00,1.75
2015.11.06 12:48:25.661,0.87152,0.87161,1.00,1.37
2015.11.06 12:48:25.870,0.8715,0.87161,1.87,1.37
2015.11.06 12:48:28.132,0.8715,0.87162,1.50,2.62
2015.11.06 12:48:29.817,0.87151,0.87161,1.37,1.00
2015.11.06 12:48:30.341,0.87151,0.87161,1.50,1.50
2015.11.06 12:48:30.905,0.87151,0.87161,1.50,1.50
2015.11.06 12:48:31.141,0.87144,0.87155,1.50,1.00
2015.11.06 12:48:31.395,0.87145,0.87157,1.37,1.37
2015.11.06 12:48:31.446,0.87145,0.87157,1.50,1.00
2015.11.06 12:48:31.598,0.87148,0.87157,1.00,1.50
2015.11.06 12:48:31.700,0.87146,0.87158,1.12,1.87
2015.11.06 12:48:32.004,0.87149,0.87157,1.00,1.00
2015.11.06 12:48:32.334,0.87145,0.87157,1.50,1.50
2015.11.06 12:48:33.466,0.87145,0.87157,2.25,1.12
2015.11.06 12:48:37.520,0.87145,0.87156,2.25,1.00
2015.11.06 12:48:44.240,0.87145,0.87157,1.50,1.12
2015.11.06 12:48:52.090,0.87148,0.87157,1.00,1.50
2015.11.06 12:48:53.952,0.87146,0.87157,2.25,1.50
2015.11.06 12:48:54.455,0.87147,0.87157,1.12,1.00
2015.11.06 12:48:54.658,0.87147,0.8716,1.50,1.37
2015.11.06 12:48:54.963,0.87149,0.8716,1.50,2.25
2015.11.06 12:48:55.064,0.8715,0.87161,1.75,1.12
2015.11.06 12:48:55.318,0.87151,0.87165,2.25,2.62
2015.11.06 12:48:55.825,0.87152,0.87165,1.75,1.50
2015.11.06 12:48:56.402,0.87154,0.87164,1.00,1.00
2015.11.06 12:48:56.930,0.87152,0.87165,1.75,2.25
2015.11.06 12:48:57.436,0.87152,0.87165,1.75,3.00
2015.11.06 12:48:57.967,0.87151,0.87163,2.25,1.00
2015.11.06 12:48:58.681,0.87152,0.87164,1.75,1.12
2015.11.06 12:49:00.799,0.87154,0.87165,1.75,1.00
2015.11.06 12:49:01.304,0.87155,0.87166,1.50,1.00
2015.11.06 12:49:01.896,0.87154,0.87167,2.25,2.62
2015.11.06 12:49:02.302,0.87153,0.87167,1.12,2.62
2015.11.06 12:49:02.632,0.87154,0.87167,3.37,1.75
2015.11.06 12:49:02.784,0.87156,0.8717,1.37,2.62
2015.11.06 12:49:02.886,0.87155,0.8717,1.87,1.50
2015.11.06 12:49:03.385,0.87161,0.87172,1.00,1.00
2015.11.06 12:49:03.740,0.87158,0.87171,3.00,1.50
2015.11.06 12:49:03.892,0.87159,0.87169,1.00,1.00
2015.11.06 12:49:04.279,0.87155,0.87168,1.75,1.37
2015.11.06 12:49:04.785,0.87156,0.87169,1.75,2.25
2015.11.06 12:49:06.830,0.87158,0.87169,1.00,1.87
2015.11.06 12:49:07.331,0.87156,0.87169,1.87,1.37
2015.11.06 12:49:07.433,0.87156,0.8717,2.62,2.62
2015.11.06 12:49:07.939,0.87156,0.87169,1.75,1.37
2015.11.06 12:49:08.835,0.87156,0.87169,1.75,1.00
2015.11.06 12:49:16.491,0.87157,0.8717,1.87,1.00
2015.11.06 12:49:16.592,0.87159,0.87171,1.75,1.87
2015.11.06 12:49:16.897,0.87156,0.8717,1.12,1.12
2015.11.06 12:49:16.998,0.87157,0.87169,1.12,1.37
2015.11.06 12:49:17.607,0.87157,0.8717,1.75,1.12
2015.11.06 12:49:18.003,0.87157,0.87171,1.87,2.25
2015.11.06 12:49:18.308,0.87159,0.87172,1.75,1.00
2015.11.06 12:49:18.814,0.87161,0.87174,1.87,1.37
2015.11.06 12:49:19.292,0.87161,0.87174,1.87,1.12
2015.11.06 12:49:19.810,0.87161,0.87175,1.87,1.12
2015.11.06 12:49:24.070,0.87161,0.87175,1.50,1.87
2015.11.06 12:49:24.571,0.87161,0.87171,1.50,1.00
2015.11.06 12:49:25.087,0.87161,0.87174,1.50,1.12
2015.11.06 12:49:25.390,0.87159,0.87169,1.87,1.00
2015.11.06 12:49:26.022,0.87159,0.87169,1.12,1.00
2015.11.06 12:49:26.540,0.87158,0.87172,1.87,1.12
2015.11.06 12:49:30.630,0.87159,0.87171,1.00,1.12
2015.11.06 12:49:31.172,0.87158,0.87172,1.12,3.00
2015.11.06 12:49:31.678,0.87158,0.87171,1.00,3.37
2015.11.06 12:49:32.633,0.87157,0.87171,1.00,3.37
2015.11.06 12:49:34.648,0.87157,0.87171,1.12,1.75
2015.11.06 12:49:35.495,0.87158,0.87171,1.00,1.12
2015.11.06 12:49:38.857,0.87157,0.87169,1.50,1.12
2015.11.06 12:49:42.808,0.87157,0.87168,1.87,1.12
2015.11.06 12:49:43.555,0.87157,0.87168,1.50,1.12
2015.11.06 12:49:43.970,0.87159,0.87169,1.00,1.12
2015.11.06 12:49:44.071,0.87157,0.87169,1.00,2.62
2015.11.06 12:49:44.173,0.87155,0.87167,1.00,1.12
2015.11.06 12:49:44.877,0.87155,0.87166,1.00,1.12
2015.11.06 12:49:45.383,0.87155,0.87167,1.00,1.12
2015.11.06 12:49:46.028,0.87155,0.87167,1.00,1.12
2015.11.06 12:49:46.080,0.87152,0.87166,2.25,1.75
2015.11.06 12:49:46.589,0.87155,0.87163,1.00,1.12
2015.11.06 12:49:46.691,0.87152,0.87163,1.12,1.37
2015.11.06 12:49:46.742,0.87154,0.87163,1.00,1.12
2015.11.06 12:49:46.844,0.87152,0.87161,1.00,1.00
2015.11.06 12:49:47.371,0.87152,0.87162,1.50,1.00
2015.11.06 12:49:49.139,0.87153,0.87162,1.00,1.00
2015.11.06 12:49:50.241,0.87153,0.87164,1.50,1.12
2015.11.06 12:49:51.106,0.87154,0.87163,1.00,1.37
2015.11.06 12:49:51.157,0.87154,0.87164,1.50,1.00
2015.11.06 12:49:51.563,0.87156,0.87164,1.00,1.00
2015.11.06 12:49:52.759,0.87155,0.87164,1.00,1.00
2015.11.06 12:49:53.063,0.87155,0.87164,1.00,1.12
2015.11.06 12:49:53.215,0.87152,0.87164,1.50,1.87
2015.11.06 12:49:54.657,0.87153,0.87164,1.00,1.12
2015.11.06 12:49:55.489,0.87153,0.87164,1.12,1.12
2015.11.06 12:49:57.458,0.87153,0.87164,1.12,1.37
2015.11.06 12:49:59.798,0.87154,0.87164,1.00,1.87
2015.11.06 12:50:00.906,0.87154,0.87164,1.00,1.12
2015.11.06 12:50:02.792,0.87157,0.87164,1.00,1.12
2015.11.06 12:50:03.567,0.87155,0.87164,1.00,1.12
2015.11.06 12:50:04.471,0.87155,0.87163,1.00,1.00
2015.11.06 12:50:07.378,0.87156,0.87163,1.00,1.00
2015.11.06 12:50:07.903,0.87157,0.87163,1.00,1.00
2015.11.06 12:50:08.435,0.87156,0.87163,1.00,1.00
2015.11.06 12:50:09.088,0.87153,0.87166,1.00,3.00
2015.11.06 12:50:09.189,0.87151,0.87162,1.00,1.75
2015.11.06 12:50:09.739,0.87149,0.87157,1.37,1.00
2015.11.06 12:50:10.335,0.8715,0.87161,1.00,1.75
2015.11.06 12:50:10.386,0.8715,0.87162,1.12,2.25
2015.11.06 12:50:11.495,0.87149,0.8716,1.12,1.75
2015.11.06 12:50:11.842,0.87147,0.87152,1.00,1.00
2015.11.06 12:50:12.047,0.87147,0.87154,1.00,1.00
2015.11.06 12:50:12.554,0.87144,0.87154,2.25,1.00
2015.11.06 12:50:13.191,0.87144,0.87155,2.25,1.12
2015.11.06 12:50:14.156,0.87143,0.87156,1.00,2.62
2015.11.06 12:50:15.743,0.87143,0.87153,1.12,1.00
2015.11.06 12:50:16.468,0.87143,0.87156,1.87,1.37
2015.11.06 12:50:16.570,0.87143,0.87156,2.25,1.00
2015.11.06 12:50:17.740,0.87143,0.87156,2.62,1.50
2015.11.06 12:50:18.324,0.87143,0.87156,1.75,1.00
2015.11.06 12:50:18.937,0.87146,0.87156,1.00,1.00
2015.11.06 12:50:26.854,0.87145,0.87158,1.12,1.12
2015.11.06 12:50:28.320,0.87147,0.87157,1.00,1.00
2015.11.06 12:50:28.624,0.87145,0.87158,1.37,1.12
2015.11.06 12:50:32.369,0.87144,0.87157,1.50,1.12
2015.11.06 12:50:32.874,0.87145,0.87157,1.00,1.75
2015.11.06 12:50:33.429,0.87145,0.87158,1.87,1.87
2015.11.06 12:50:33.978,0.87145,0.87158,1.12,1.75
2015.11.06 12:50:34.625,0.87145,0.87158,1.87,1.87
2015.11.06 12:50:35.126,0.87145,0.87158,1.12,1.75
2015.11.06 12:50:35.728,0.87145,0.87158,1.87,1.87
2015.11.06 12:50:36.329,0.87145,0.87158,1.12,1.75
2015.11.06 12:50:36.956,0.87145,0.87155,1.50,1.00
2015.11.06 12:50:37.481,0.87145,0.8716,1.50,3.37
2015.11.06 12:50:37.992,0.87145,0.8716,1.00,3.75
2015.11.06 12:50:39.433,0.87145,0.8716,1.50,4.12
2015.11.06 12:50:39.955,0.87145,0.8716,1.00,3.75
2015.11.06 12:50:40.486,0.87145,0.8716,1.50,4.12
2015.11.06 12:50:40.987,0.87145,0.8716,1.00,2.25
2015.11.06 12:50:42.240,0.87145,0.87158,1.50,1.75
2015.11.06 12:50:42.746,0.87145,0.8716,1.00,3.00
2015.11.06 12:50:43.443,0.87144,0.87158,1.87,1.75
2015.11.06 12:50:44.048,0.87145,0.87158,1.37,1.75
2015.11.06 12:50:44.554,0.87144,0.87158,1.37,1.75
2015.11.06 12:50:45.460,0.87143,0.87157,2.25,1.75
2015.11.06 12:50:46.270,0.87144,0.87157,1.37,1.87
2015.11.06 12:50:46.473,0.87143,0.87157,1.12,1.75
2015.11.06 12:50:47.000,0.87142,0.87155,1.12,1.75
2015.11.06 12:50:47.550,0.87142,0.87154,1.00,1.75
2015.11.06 12:50:47.753,0.87139,0.87151,1.12,1.87
2015.11.06 12:50:47.804,0.87137,0.8715,2.25,2.62
2015.11.06 12:50:47.855,0.87137,0.87148,1.12,1.87
2015.11.06 12:50:48.201,0.87136,0.87147,1.37,1.87
2015.11.06 12:50:48.353,0.87133,0.87147,1.12,2.25
2015.11.06 12:50:49.612,0.87134,0.87148,1.00,1.75
2015.11.06 12:50:49.663,0.87137,0.87148,1.37,1.75
2015.11.06 12:50:49.866,0.87135,0.87149,2.25,1.75
2015.11.06 12:50:50.372,0.87137,0.87146,1.00,1.00
2015.11.06 12:50:52.562,0.87137,0.8715,1.12,3.37
2015.11.06 12:50:52.750,0.87137,0.87148,1.00,1.75
2015.11.06 12:50:53.106,0.87135,0.87149,1.12,1.87
2015.11.06 12:50:53.665,0.87135,0.87147,1.12,1.75
2015.11.06 12:50:56.469,0.87134,0.87147,1.50,1.75
2015.11.06 12:50:57.669,0.87134,0.87147,1.50,1.75
2015.11.06 12:50:58.173,0.87134,0.87147,1.00,1.75
2015.11.06 12:50:58.275,0.87134,0.87144,1.00,1.00
2015.11.06 12:50:59.175,0.87134,0.87148,1.00,2.25
2015.11.06 12:50:59.993,0.87134,0.87148,1.50,2.25
2015.11.06 12:51:00.500,0.87134,0.87148,1.00,2.25
2015.11.06 12:51:01.076,0.87134,0.87144,1.50,1.00
2015.11.06 12:51:01.608,0.87134,0.87144,1.12,1.00
2015.11.06 12:51:03.028,0.87134,0.87144,1.87,1.00
2015.11.06 12:51:03.534,0.87134,0.87144,1.87,1.00
2015.11.06 12:51:03.585,0.87137,0.87144,1.00,1.00
2015.11.06 12:51:03.737,0.87137,0.87149,1.00,1.75
2015.11.06 12:51:03.838,0.87135,0.87149,1.87,1.75
2015.11.06 12:51:05.452,0.87139,0.87151,1.00,1.75
2015.11.06 12:51:05.554,0.87139,0.87152,1.37,1.75
2015.11.06 12:51:05.605,0.8714,0.87151,1.12,1.00
2015.11.06 12:51:06.564,0.87141,0.87151,1.00,1.00
2015.11.06 12:51:06.968,0.87141,0.87156,1.50,2.62
2015.11.06 12:51:07.071,0.87142,0.87156,1.75,2.62
2015.11.06 12:51:07.960,0.87144,0.87155,1.12,1.37
2015.11.06 12:51:09.994,0.87142,0.87155,1.75,1.00
2015.11.06 12:51:11.797,0.87141,0.87158,2.25,4.12
2015.11.06 12:51:12.101,0.87143,0.87157,1.87,1.00
2015.11.06 12:51:16.621,0.87143,0.87158,1.87,3.00
2015.11.06 12:51:17.139,0.87143,0.87158,1.87,2.62
2015.11.06 12:51:18.594,0.87143,0.87158,1.12,2.25
2015.11.06 12:51:18.696,0.87145,0.87156,1.00,1.00
2015.11.06 12:51:20.875,0.87146,0.87157,1.00,1.37
2015.11.06 12:51:20.926,0.87144,0.87157,1.12,1.37
2015.11.06 12:51:21.028,0.87144,0.87156,1.12,1.12
2015.11.06 12:51:21.433,0.87144,0.87156,1.00,1.75
2015.11.06 12:51:21.737,0.87146,0.8716,1.75,1.75
2015.11.06 12:51:22.277,0.87145,0.87161,1.12,1.12
2015.11.06 12:51:22.581,0.87143,0.87155,1.12,1.12
2015.11.06 12:51:22.835,0.87145,0.87155,1.00,1.00
2015.11.06 12:51:23.088,0.87142,0.87156,1.12,2.62
2015.11.06 12:51:23.391,0.87142,0.87154,1.12,1.75
2015.11.06 12:51:23.632,0.8714,0.87152,1.75,1.00
2015.11.06 12:51:23.733,0.87138,0.87153,1.12,2.62
2015.11.06 12:51:24.139,0.8714,0.8715,1.00,1.12
2015.11.06 12:51:24.443,0.87136,0.87148,1.50,1.50
2015.11.06 12:51:25.128,0.87137,0.8715,1.50,1.37
2015.11.06 12:51:25.230,0.87137,0.87149,2.32,1.12
2015.11.06 12:51:25.332,0.87138,0.87149,1.00,1.12
2015.11.06 12:51:25.535,0.87137,0.8715,3.07,1.37
2015.11.06 12:51:25.738,0.87137,0.87148,1.37,1.12
2015.11.06 12:51:26.332,0.87136,0.87149,2.25,1.00
2015.11.06 12:51:26.840,0.87136,0.8715,1.75,1.00
2015.11.06 12:51:27.145,0.87138,0.87148,1.00,1.00
2015.11.06 12:51:27.436,0.8714,0.87153,1.75,1.12
2015.11.06 12:51:27.638,0.87148,0.87153,1.00,1.00
2015.11.06 12:51:27.942,0.87143,0.87153,1.00,1.00
2015.11.06 12:51:28.443,0.87141,0.87155,2.62,1.12
2015.11.06 12:51:28.646,0.87145,0.87155,1.00,1.75
2015.11.06 12:51:28.849,0.87143,0.87155,1.00,1.87
2015.11.06 12:51:30.459,0.87138,0.87152,1.12,1.50
2015.11.06 12:51:30.662,0.87136,0.8715,1.12,1.50
2015.11.06 12:51:31.885,0.87137,0.87149,1.37,1.50
2015.11.06 12:51:34.168,0.87139,0.87149,1.00,1.00
2015.11.06 12:51:36.181,0.87138,0.87149,1.00,2.25
2015.11.06 12:51:40.550,0.87135,0.87147,1.37,1.37
2015.11.06 12:51:40.752,0.87135,0.87147,1.00,1.75
2015.11.06 12:51:41.556,0.87135,0.87147,1.50,1.75
2015.11.06 12:51:42.083,0.87134,0.87147,1.37,1.75
2015.11.06 12:51:43.240,0.87132,0.87145,1.12,1.50
2015.11.06 12:51:47.775,0.87132,0.87146,1.12,1.87
2015.11.06 12:51:50.615,0.87135,0.87147,1.50,2.25
2015.11.06 12:51:51.200,0.87135,0.87146,1.00,1.12
2015.11.06 12:51:51.708,0.87135,0.87146,1.50,1.12
2015.11.06 12:51:52.213,0.87135,0.87146,1.00,1.87
2015.11.06 12:51:53.589,0.87135,0.87146,1.50,1.87
2015.11.06 12:51:54.126,0.87135,0.87146,1.00,1.87
2015.11.06 12:51:54.651,0.87133,0.87145,1.12,1.00
2015.11.06 12:51:55.183,0.87134,0.87146,1.37,1.12
2015.11.06 12:51:55.889,0.87131,0.87146,2.25,2.25
2015.11.06 12:51:56.761,0.87134,0.87144,1.00,1.00
2015.11.06 12:51:57.368,0.87136,0.87146,1.00,2.62
2015.11.06 12:51:57.916,0.87136,0.87145,1.00,1.37
2015.11.06 12:51:58.490,0.87136,0.87146,1.00,1.87
2015.11.06 12:51:59.496,0.87135,0.87146,1.75,1.50
2015.11.06 12:51:59.598,0.87138,0.87148,1.00,1.87
2015.11.06 12:52:00.061,0.87136,0.87148,1.87,1.50
2015.11.06 12:52:01.108,0.87136,0.87148,1.12,1.50
2015.11.06 12:52:01.723,0.87136,0.87148,1.12,1.00
2015.11.06 12:52:02.268,0.87136,0.87148,1.12,1.50
2015.11.06 12:52:02.724,0.87136,0.8715,2.25,1.50
2015.11.06 12:52:03.285,0.87136,0.8715,2.25,1.37
2015.11.06 12:52:04.181,0.87138,0.8715,1.00,1.87
2015.11.06 12:52:04.696,0.87135,0.87147,1.75,1.12
2015.11.06 12:52:05.983,0.87135,0.87148,1.50,2.25
2015.11.06 12:52:06.033,0.87135,0.87145,1.50,1.00
2015.11.06 12:52:06.135,0.87136,0.87147,1.00,1.12
2015.11.06 12:52:06.709,0.87136,0.87146,1.00,1.50
2015.11.06 12:52:07.065,0.87139,0.87147,1.00,1.00
2015.11.06 12:52:07.268,0.87138,0.87149,1.50,1.00
2015.11.06 12:52:07.775,0.87138,0.87149,1.00,1.50
2015.11.06 12:52:08.026,0.87134,0.87147,1.75,1.37
2015.11.06 12:52:08.640,0.87134,0.87148,1.75,1.50
2015.11.06 12:52:09.145,0.87135,0.87149,2.25,1.75
2015.11.06 12:52:09.711,0.87136,0.87146,1.00,1.00
2015.11.06 12:52:10.217,0.87137,0.87146,1.00,1.00
2015.11.06 12:52:10.713,0.87137,0.8715,1.75,2.25
2015.11.06 12:52:11.221,0.87137,0.87149,1.37,1.50
2015.11.06 12:52:13.423,0.87138,0.87147,1.00,1.00
2015.11.06 12:52:13.995,0.87138,0.87149,1.00,1.12
2015.11.06 12:52:14.504,0.87137,0.87149,1.00,1.75
2015.11.06 12:52:16.989,0.87138,0.87147,1.00,1.87
2015.11.06 12:52:17.264,0.87135,0.87144,1.00,1.00
2015.11.06 12:52:17.420,0.87132,0.87144,2.62,1.00
2015.11.06 12:52:17.940,0.87133,0.87145,1.12,1.12
2015.11.06 12:52:18.559,0.87132,0.87144,3.37,1.00
2015.11.06 12:52:19.068,0.87133,0.87144,1.75,1.00
2015.11.06 12:52:19.725,0.87134,0.87145,2.25,1.00
2015.11.06 12:52:20.258,0.87133,0.87145,3.37,1.00
2015.11.06 12:52:20.591,0.87133,0.87148,3.00,1.12
2015.11.06 12:52:22.459,0.87135,0.87148,1.75,1.12
2015.11.06 12:52:22.561,0.87137,0.87149,1.00,2.62
2015.11.06 12:52:23.091,0.87134,0.87148,1.75,2.25
2015.11.06 12:52:24.819,0.87133,0.87148,1.87,1.87
2015.11.06 12:52:25.348,0.87136,0.87147,1.00,1.37
2015.11.06 12:52:26.171,0.87133,0.87147,2.62,1.75
2015.11.06 12:52:26.718,0.87133,0.87146,1.12,1.50
2015.11.06 12:52:27.251,0.87133,0.87146,1.75,1.00
2015.11.06 12:52:29.665,0.87137,0.87148,1.50,2.62
2015.11.06 12:52:29.969,0.87137,0.8715,1.75,1.00
2015.11.06 12:52:31.258,0.87137,0.87149,1.75,1.37
2015.11.06 12:52:31.749,0.87137,0.87148,1.12,1.00
2015.11.06 12:52:33.043,0.87137,0.87148,1.12,1.87
2015.11.06 12:52:33.579,0.87135,0.87145,1.50,1.00
2015.11.06 12:52:34.185,0.87135,0.87144,1.00,1.37
2015.11.06 12:52:34.691,0.87131,0.87144,2.25,1.50
2015.11.06 12:52:35.212,0.87131,0.87144,2.25,1.37
2015.11.06 12:52:35.719,0.87134,0.87144,1.00,1.50
2015.11.06 12:52:36.306,0.87134,0.87143,1.00,1.37
2015.11.06 12:52:36.837,0.87134,0.87144,1.00,1.87
2015.11.06 12:52:37.680,0.87131,0.87144,3.00,1.37
2015.11.06 12:52:38.480,0.87131,0.87143,2.25,1.37
2015.11.06 12:52:39.008,0.87131,0.87144,2.25,1.37
2015.11.06 12:52:39.514,0.87131,0.87144,2.25,1.50
2015.11.06 12:52:40.043,0.87129,0.87144,2.25,1.50
2015.11.06 12:52:40.802,0.87129,0.87143,2.62,1.37
2015.11.06 12:52:41.332,0.8713,0.87144,1.75,1.50
2015.11.06 12:52:43.356,0.87129,0.87143,1.75,1.12
2015.11.06 12:52:43.862,0.87126,0.87141,1.75,1.12
2015.11.06 12:52:44.400,0.87127,0.87141,1.75,1.87
2015.11.06 12:52:44.451,0.87126,0.8714,1.87,1.37
2015.11.06 12:52:44.908,0.87131,0.87144,1.00,1.12
2015.11.06 12:52:44.959,0.87131,0.87144,1.50,1.37
2015.11.06 12:52:46.186,0.8713,0.87144,1.12,1.87
2015.11.06 12:52:46.491,0.87132,0.87144,1.50,1.37
2015.11.06 12:52:46.853,0.87131,0.87145,1.12,1.12
2015.11.06 12:52:47.360,0.8713,0.87141,1.87,1.00
2015.11.06 12:52:48.857,0.8713,0.87145,1.75,2.62
2015.11.06 12:52:49.905,0.87131,0.87143,1.75,1.75
2015.11.06 12:52:53.121,0.8713,0.87144,1.75,3.00
2015.11.06 12:52:53.629,0.8713,0.87145,1.87,1.50
2015.11.06 12:52:54.174,0.87131,0.87145,2.25,1.50
2015.11.06 12:52:54.676,0.8713,0.87144,1.12,1.50
2015.11.06 12:52:54.727,0.87132,0.87143,1.00,1.00
2015.11.06 12:52:55.814,0.87131,0.87141,1.00,1.00
2015.11.06 12:52:57.076,0.87129,0.87143,1.75,1.75
2015.11.06 12:52:57.229,0.87129,0.8714,2.25,1.00
2015.11.06 12:52:57.743,0.87129,0.87139,1.37,1.50
2015.11.06 12:52:57.795,0.87125,0.87135,1.75,1.00
2015.11.06 12:52:57.973,0.87126,0.87134,1.00,1.37
2015.11.06 12:52:58.075,0.87123,0.87135,1.12,1.87
2015.11.06 12:52:58.228,0.87121,0.87132,1.00,1.00
2015.11.06 12:53:00.393,0.8712,0.87131,1.50,1.00
2015.11.06 12:53:01.658,0.87117,0.87131,1.75,1.50
2015.11.06 12:53:02.004,0.87114,0.87126,1.87,1.50
2015.11.06 12:53:07.488,0.87116,0.87128,1.50,2.25
2015.11.06 12:53:08.058,0.87116,0.87128,1.00,2.25
2015.11.06 12:53:09.945,0.87115,0.87128,1.50,2.25
2015.11.06 12:53:10.546,0.87116,0.87128,1.37,2.25
2015.11.06 12:53:11.299,0.87115,0.87128,1.50,1.75
2015.11.06 12:53:12.263,0.87116,0.87128,1.37,1.75
2015.11.06 12:53:12.871,0.87115,0.87128,1.50,2.25
2015.11.06 12:53:13.457,0.87116,0.87128,1.37,2.25
2015.11.06 12:53:14.010,0.87115,0.87128,1.50,2.25
2015.11.06 12:53:14.552,0.87116,0.87128,1.37,1.75
2015.11.06 12:53:15.054,0.87115,0.87128,1.50,2.25
2015.11.06 12:53:15.560,0.87116,0.87128,1.37,1.75
2015.11.06 12:53:16.066,0.87115,0.87128,1.50,2.25
2015.11.06 12:53:18.116,0.87116,0.87128,1.37,1.75
2015.11.06 12:53:18.629,0.87115,0.87128,1.50,1.75
2015.11.06 12:53:20.940,0.87116,0.87128,1.37,1.75
2015.11.06 12:53:21.628,0.87115,0.87128,1.50,3.00
2015.11.06 12:53:22.148,0.87114,0.87128,1.50,1.75
2015.11.06 12:53:29.110,0.87116,0.8713,1.37,4.50
2015.11.06 12:53:29.646,0.87118,0.87132,1.50,1.12
2015.11.06 12:53:29.950,0.87119,0.87132,1.87,1.37
2015.11.06 12:53:30.051,0.8712,0.87132,1.00,1.37
2015.11.06 12:53:31.158,0.87118,0.87132,1.37,1.12
2015.11.06 12:53:33.232,0.87118,0.87132,1.12,2.62
2015.11.06 12:53:34.227,0.87118,0.87128,1.87,1.00
2015.11.06 12:53:34.797,0.87118,0.87128,1.12,1.00
2015.11.06 12:53:35.318,0.87117,0.87132,1.87,3.37
2015.11.06 12:53:35.622,0.87117,0.87132,1.87,2.62
2015.11.06 12:53:35.774,0.87117,0.87132,1.50,2.62
2015.11.06 12:53:36.362,0.87118,0.87131,1.00,1.12
2015.11.06 12:53:38.205,0.87117,0.87127,2.62,1.00
2015.11.06 12:53:38.738,0.87117,0.87127,1.12,1.00
2015.11.06 12:53:39.244,0.87117,0.87127,1.87,1.00
2015.11.06 12:53:39.799,0.87117,0.87127,1.12,1.00
2015.11.06 12:53:40.528,0.87115,0.87129,1.50,1.75
2015.11.06 12:53:40.629,0.87115,0.87129,1.50,3.37
2015.11.06 12:53:40.731,0.87114,0.87124,1.12,1.00
2015.11.06 12:53:40.901,0.87114,0.87129,1.37,1.87
2015.11.06 12:53:41.329,0.87114,0.87129,1.37,1.12
2015.11.06 12:53:41.879,0.87114,0.87124,1.12,1.00
2015.11.06 12:53:42.431,0.87114,0.87124,1.87,1.00
2015.11.06 12:53:42.932,0.87113,0.87128,1.50,3.00
2015.11.06 12:53:43.438,0.87113,0.87128,1.00,2.25
2015.11.06 12:53:43.991,0.87114,0.87128,1.37,2.25
2015.11.06 12:53:44.690,0.87115,0.87128,1.37,1.87
2015.11.06 12:53:45.208,0.87115,0.87128,1.50,1.87
2015.11.06 12:53:45.745,0.87115,0.87129,1.00,2.62
2015.11.06 12:53:45.998,0.87114,0.87129,2.25,1.87
2015.11.06 12:53:46.108,0.87115,0.87129,1.37,1.87
2015.11.06 12:53:46.798,0.87115,0.87129,1.00,1.87
2015.11.06 12:53:47.350,0.87114,0.87129,1.87,1.87
2015.11.06 12:53:48.980,0.87116,0.87126,1.12,1.00
2015.11.06 12:53:49.082,0.87116,0.8713,1.37,1.75
2015.11.06 12:53:49.607,0.87117,0.87131,1.87,2.62
2015.11.06 12:53:50.113,0.87118,0.87131,1.12,1.75
2015.11.06 12:53:50.316,0.87118,0.87128,1.12,1.00
2015.11.06 12:53:52.260,0.87118,0.87128,1.87,1.00
2015.11.06 12:53:52.765,0.87118,0.87128,1.12,1.00
2015.11.06 12:53:53.563,0.87118,0.87128,1.87,1.00
2015.11.06 12:53:54.077,0.87118,0.87132,1.37,2.25
2015.11.06 12:53:54.810,0.87118,0.87131,1.37,1.75
2015.11.06 12:53:55.326,0.87118,0.87131,1.12,1.87
2015.11.06 12:53:57.035,0.87118,0.87131,1.37,1.87
2015.11.06 12:53:58.459,0.87118,0.87131,1.37,1.37
2015.11.06 12:54:00.852,0.87117,0.87132,3.75,3.00
2015.11.06 12:54:01.883,0.87117,0.87132,2.25,2.25
2015.11.06 12:54:02.188,0.87125,0.87136,1.50,1.12
2015.11.06 12:54:02.493,0.87129,0.87136,1.00,1.37
2015.11.06 12:54:02.595,0.87129,0.87137,1.00,1.00
2015.11.06 12:54:02.647,0.87127,0.87137,1.12,1.00
2015.11.06 12:54:02.749,0.87126,0.87137,2.25,1.37
2015.11.06 12:54:03.558,0.87127,0.87136,1.00,1.12
2015.11.06 12:54:05.548,0.87127,0.87133,1.00,1.50
2015.11.06 12:54:06.065,0.87126,0.87133,1.00,1.00
2015.11.06 12:54:06.167,0.87123,0.87133,1.00,1.12
2015.11.06 12:54:06.219,0.8712,0.87133,1.75,1.87
2015.11.06 12:54:06.726,0.87124,0.87132,1.00,1.75
2015.11.06 12:54:06.929,0.87124,0.87134,1.00,1.00
2015.11.06 12:54:07.704,0.87124,0.87134,1.50,1.00
2015.11.06 12:54:08.217,0.87124,0.87135,1.37,2.62
2015.11.06 12:54:09.121,0.87124,0.87136,1.75,1.12
2015.11.06 12:54:09.319,0.87125,0.87136,1.12,1.00
2015.11.06 12:54:09.572,0.87127,0.8714,1.75,2.25
2015.11.06 12:54:11.774,0.87128,0.87141,1.87,1.37
2015.11.06 12:54:12.286,0.8713,0.87142,1.37,1.37
2015.11.06 12:54:15.677,0.8713,0.87144,2.25,1.50
2015.11.06 12:54:15.981,0.87133,0.87145,1.37,1.50
2015.11.06 12:54:16.577,0.87135,0.87144,1.00,1.00
2015.11.06 12:54:16.982,0.87133,0.87147,1.12,3.37
2015.11.06 12:54:17.184,0.8713,0.87145,1.37,1.87
2015.11.06 12:54:18.838,0.87131,0.87144,1.50,2.25
2015.11.06 12:54:19.062,0.87133,0.87145,1.12,1.12
2015.11.06 12:54:19.216,0.87132,0.87145,1.37,1.50
2015.11.06 12:54:19.318,0.87133,0.87145,1.12,1.12
2015.11.06 12:54:20.176,0.87132,0.87146,1.12,1.00
2015.11.06 12:54:20.687,0.87132,0.87146,1.87,1.00
2015.11.06 12:54:20.990,0.87141,0.87147,1.00,1.00
2015.11.06 12:54:21.497,0.87141,0.8715,1.00,1.50
2015.11.06 12:54:21.669,0.87137,0.87149,1.12,1.75
2015.11.06 12:54:22.679,0.87137,0.87147,1.87,1.12
2015.11.06 12:54:23.093,0.87138,0.87147,1.00,1.00
2015.11.06 12:54:23.209,0.8714,0.87147,1.00,1.00
2015.11.06 12:54:23.746,0.8714,0.87147,1.87,1.00
2015.11.06 12:54:24.252,0.87139,0.8715,1.87,1.75
2015.11.06 12:54:24.404,0.8714,0.87151,1.00,1.50
2015.11.06 12:54:24.455,0.87141,0.87151,1.37,1.50
2015.11.06 12:54:25.351,0.87142,0.87151,1.37,1.50
2015.11.06 12:54:25.859,0.87141,0.87152,1.37,1.12
2015.11.06 12:54:26.564,0.87142,0.87152,1.37,1.12
2015.11.06 12:54:27.500,0.87141,0.87152,1.37,1.87
2015.11.06 12:54:28.010,0.87141,0.87152,1.87,1.50
2015.11.06 12:54:28.317,0.87145,0.87153,1.37,1.75
2015.11.06 12:54:28.699,0.87147,0.87156,1.37,2.25
2015.11.06 12:54:28.750,0.87147,0.87156,1.37,2.25
2015.11.06 12:54:29.005,0.87147,0.87153,1.37,1.00
2015.11.06 12:54:30.169,0.87147,0.87153,1.37,1.50
2015.11.06 12:54:30.271,0.87145,0.87152,1.37,1.00
2015.11.06 12:54:30.990,0.87146,0.87152,1.37,1.00
2015.11.06 12:54:31.540,0.87145,0.87152,1.37,1.00
2015.11.06 12:54:32.093,0.87146,0.87152,1.37,1.00
2015.11.06 12:54:32.795,0.87145,0.87152,1.37,1.50
2015.11.06 12:54:33.366,0.87144,0.87152,1.37,1.50
2015.11.06 12:54:35.908,0.87145,0.87152,1.37,1.00
2015.11.06 12:54:36.409,0.87144,0.87152,1.37,1.00
2015.11.06 12:54:37.112,0.87143,0.87152,1.37,1.00
2015.11.06 12:54:37.663,0.87144,0.87152,1.37,1.00
2015.11.06 12:54:38.175,0.87143,0.87152,1.37,1.00
2015.11.06 12:54:38.812,0.87141,0.87152,1.37,1.50
2015.11.06 12:54:38.913,0.87141,0.87152,1.50,1.75
2015.11.06 12:54:39.206,0.87139,0.87151,1.87,1.75
2015.11.06 12:54:39.778,0.8714,0.87151,1.37,1.75
2015.11.06 12:54:40.325,0.87139,0.87151,1.37,1.75
2015.11.06 12:54:40.557,0.87139,0.87151,1.50,1.50
2015.11.06 12:54:40.931,0.87139,0.87151,1.50,1.75
2015.11.06 12:54:41.481,0.8714,0.87151,1.37,1.75
2015.11.06 12:54:41.983,0.87139,0.87151,1.50,1.75
2015.11.06 12:54:42.484,0.8714,0.87151,1.37,1.75
2015.11.06 12:54:42.906,0.8714,0.87151,1.37,1.12
2015.11.06 12:54:43.108,0.8714,0.8715,1.37,1.37
2015.11.06 12:54:44.539,0.87139,0.8715,1.50,1.50
2015.11.06 12:54:45.045,0.8714,0.8715,1.00,1.12
2015.11.06 12:54:45.349,0.8714,0.87148,1.00,1.00
2015.11.06 12:54:45.838,0.87139,0.87146,1.37,1.00
2015.11.06 12:54:45.889,0.87138,0.87146,1.00,1.00
2015.11.06 12:54:45.990,0.87136,0.87146,1.12,1.00
2015.11.06 12:54:46.496,0.87135,0.87145,1.12,1.50
2015.11.06 12:54:47.105,0.87135,0.87145,1.87,1.50
2015.11.06 12:54:47.611,0.87135,0.87146,1.00,1.50
2015.11.06 12:54:48.493,0.87135,0.87145,1.87,1.00
2015.11.06 12:54:49.507,0.87136,0.87146,1.00,1.00
2015.11.06 12:54:50.045,0.87135,0.87145,1.37,1.00
2015.11.06 12:54:50.756,0.87135,0.87148,1.12,1.50
2015.11.06 12:54:51.279,0.87135,0.87144,1.00,1.12
2015.11.06 12:54:51.788,0.87133,0.87144,1.37,1.12
2015.11.06 12:54:52.669,0.87133,0.87143,1.37,1.00
2015.11.06 12:54:54.641,0.87134,0.87145,1.00,1.50
2015.11.06 12:54:55.147,0.87133,0.87144,1.12,1.50
2015.11.06 12:54:57.056,0.87132,0.87143,1.87,1.37
2015.11.06 12:54:57.157,0.87132,0.87143,1.00,1.75
2015.11.06 12:54:58.266,0.87129,0.87143,1.12,2.25
2015.11.06 12:55:01.197,0.87129,0.87138,1.12,1.00
2015.11.06 12:55:01.298,0.8713,0.87144,1.75,1.12
2015.11.06 12:55:01.602,0.87135,0.87145,1.00,1.75
2015.11.06 12:55:01.949,0.87137,0.87143,1.00,1.00
2015.11.06 12:55:02.205,0.87138,0.87146,1.00,1.00
2015.11.06 12:55:02.460,0.87139,0.8715,2.25,1.75
2015.11.06 12:55:02.664,0.87139,0.87154,2.25,3.37
2015.11.06 12:55:03.167,0.8714,0.87154,1.50,2.25
2015.11.06 12:55:04.274,0.87145,0.87153,1.00,1.87
2015.11.06 12:55:04.700,0.87139,0.87153,1.87,1.87
2015.11.06 12:55:06.999,0.87146,0.87153,1.00,1.00
2015.11.06 12:55:07.202,0.87144,0.87153,1.00,1.00
2015.11.06 12:55:07.710,0.87144,0.87153,1.00,1.50
2015.11.06 12:55:08.003,0.87139,0.87147,1.37,1.00
2015.11.06 12:55:08.155,0.87131,0.87144,1.50,4.50
2015.11.06 12:55:08.699,0.87131,0.87144,1.12,2.25
2015.11.06 12:55:09.520,0.87133,0.87143,1.00,1.00
2015.11.06 12:55:09.905,0.87134,0.87147,1.50,2.62
2015.11.06 12:55:10.410,0.87136,0.87146,1.00,1.00
2015.11.06 12:55:12.118,0.87136,0.87148,1.50,2.62
2015.11.06 12:55:12.624,0.87134,0.87149,1.75,2.62
2015.11.06 12:55:13.524,0.87137,0.87149,1.75,1.50
2015.11.06 12:55:13.828,0.87137,0.8715,2.56,1.00
2015.11.06 12:55:14.113,0.87137,0.8715,2.56,1.87
2015.11.06 12:55:16.832,0.87137,0.87151,3.73,1.37
2015.11.06 12:55:17.313,0.87137,0.87151,3.73,1.12
2015.11.06 12:55:19.155,0.87139,0.87153,1.50,1.12
2015.11.06 12:55:19.205,0.87142,0.87152,1.87,1.37
2015.11.06 12:55:20.237,0.87141,0.87152,1.20,1.37
2015.11.06 12:55:21.220,0.87142,0.87153,2.10,1.12
2015.11.06 12:55:21.740,0.87141,0.87153,2.25,1.87
2015.11.06 12:55:22.505,0.87141,0.87153,3.30,1.12
2015.11.06 12:55:23.026,0.87141,0.87154,2.55,3.37
2015.11.06 12:55:23.532,0.87141,0.87153,3.30,1.12
2015.11.06 12:55:24.035,0.87141,0.87153,2.17,1.87
2015.11.06 12:55:24.530,0.87141,0.87154,1.80,4.12
2015.11.06 12:55:25.035,0.87142,0.87154,2.17,4.12
2015.11.06 12:55:25.506,0.87141,0.87146,1.72,1.00
2015.11.06 12:55:28.615,0.87139,0.8715,2.25,1.12
2015.11.06 12:55:29.533,0.87139,0.87149,2.25,1.75
2015.11.06 12:55:30.039,0.87139,0.87146,2.25,1.00
2015.11.06 12:55:31.633,0.87136,0.87146,2.25,1.00
2015.11.06 12:55:34.071,0.87136,0.8715,1.00,1.87
2015.11.06 12:55:34.895,0.87135,0.8715,1.50,1.75
2015.11.06 12:55:35.435,0.87135,0.8715,2.25,1.87
2015.11.06 12:55:36.318,0.87135,0.87148,2.25,1.75
2015.11.06 12:55:36.918,0.87135,0.87149,2.62,1.75
2015.11.06 12:55:37.265,0.8714,0.87149,1.00,1.75
2015.11.06 12:55:38.073,0.8714,0.87147,1.00,1.00
2015.11.06 12:55:39.377,0.8714,0.87151,1.00,2.62
2015.11.06 12:55:39.680,0.87143,0.87153,1.00,1.75
2015.11.06 12:55:40.194,0.87143,0.87152,1.00,1.00
2015.11.06 12:55:40.727,0.87142,0.87154,2.25,2.25
2015.11.06 12:55:41.983,0.87142,0.87153,2.25,1.75
2015.11.06 12:55:42.708,0.87141,0.87152,1.00,1.75
2015.11.06 12:55:43.696,0.87143,0.87152,1.00,1.75
2015.11.06 12:55:44.239,0.87143,0.87152,1.00,1.75
2015.11.06 12:55:47.517,0.87143,0.8715,1.00,1.00
2015.11.06 12:55:47.619,0.87141,0.87153,1.00,1.75
2015.11.06 12:55:48.102,0.87144,0.87151,1.00,1.50
2015.11.06 12:55:49.915,0.87144,0.87151,1.00,1.75
2015.11.06 12:55:50.118,0.87141,0.87154,1.00,2.25
2015.11.06 12:55:50.220,0.87141,0.87151,1.00,1.75
2015.11.06 12:55:50.630,0.87141,0.87152,1.00,1.75
2015.11.06 12:55:50.969,0.87138,0.8715,2.25,1.75
2015.11.06 12:55:51.223,0.87138,0.87149,1.00,1.75
2015.11.06 12:55:51.527,0.87137,0.87147,2.25,4.50
2015.11.06 12:55:51.831,0.87135,0.87147,2.25,5.25
2015.11.06 12:55:52.075,0.87134,0.87147,2.17,5.25
2015.11.06 12:55:53.036,0.87134,0.87146,2.02,2.25
2015.11.06 12:55:53.243,0.87133,0.87147,2.10,2.25
2015.11.06 12:55:53.446,0.87137,0.87147,1.30,2.25
2015.11.06 12:55:53.650,0.87135,0.87147,1.50,1.75
2015.11.06 12:55:54.157,0.87136,0.87143,2.25,1.00
2015.11.06 12:55:54.653,0.87138,0.87147,1.05,1.75
2015.11.06 12:55:55.312,0.87138,0.87147,1.35,1.75
2015.11.06 12:55:55.631,0.8714,0.87152,1.50,2.25
2015.11.06 12:55:55.834,0.87141,0.87153,1.37,1.50
2015.11.06 12:55:58.317,0.87143,0.87154,1.00,1.75
2015.11.06 12:55:58.933,0.87143,0.87151,1.00,1.00
2015.11.06 12:55:59.034,0.87143,0.87153,1.50,1.00
2015.11.06 12:55:59.337,0.87147,0.87153,1.00,1.00
2015.11.06 12:55:59.591,0.87146,0.87155,1.00,1.00
2015.11.06 12:56:00.091,0.87144,0.87156,1.00,1.50
2015.11.06 12:56:00.597,0.87143,0.87153,1.00,1.00
2015.11.06 12:56:01.167,0.87142,0.87153,1.12,1.00
2015.11.06 12:56:01.572,0.87142,0.87155,1.87,1.87
2015.11.06 12:56:01.885,0.87142,0.87155,1.50,1.12
2015.11.06 12:56:02.038,0.87148,0.87155,1.00,1.12
2015.11.06 12:56:03.680,0.87145,0.87155,1.12,2.62
2015.11.06 12:56:03.782,0.87145,0.87155,3.75,1.50
2015.11.06 12:56:03.985,0.87149,0.87156,1.00,1.37
2015.11.06 12:56:04.036,0.87149,0.87157,1.00,1.00
2015.11.06 12:56:04.087,0.87146,0.87158,1.37,1.00
2015.11.06 12:56:04.391,0.87152,0.87159,1.00,1.87
2015.11.06 12:56:04.930,0.87152,0.87159,1.00,1.50
2015.11.06 12:56:06.183,0.87153,0.8716,1.00,1.50
2015.11.06 12:56:06.991,0.87152,0.8716,1.00,1.50
2015.11.06 12:56:07.296,0.87142,0.87154,1.87,1.37
2015.11.06 12:56:07.399,0.87143,0.87154,1.75,1.37
2015.11.06 12:56:07.762,0.87142,0.87154,1.12,1.87
2015.11.06 12:56:07.863,0.87143,0.87153,1.00,1.00
2015.11.06 12:56:07.914,0.87142,0.87153,1.37,1.87
2015.11.06 12:56:08.016,0.8714,0.87152,1.12,1.12
2015.11.06 12:56:08.269,0.8714,0.87149,1.00,1.12
2015.11.06 12:56:08.813,0.87139,0.8715,1.00,1.37
2015.11.06 12:56:08.864,0.87139,0.87149,1.12,1.12
2015.11.06 12:56:09.374,0.87139,0.87151,1.50,1.87
2015.11.06 12:56:09.877,0.87137,0.87151,2.25,1.87
2015.11.06 12:56:10.404,0.8714,0.8715,1.00,1.00
2015.11.06 12:56:12.917,0.87139,0.87151,1.75,1.37
2015.11.06 12:56:12.968,0.87139,0.87152,1.75,1.00
2015.11.06 12:56:13.557,0.87143,0.87153,1.50,1.12
2015.11.06 12:56:15.726,0.87144,0.87157,1.87,1.75
2015.11.06 12:56:16.409,0.87144,0.87158,1.50,2.62
2015.11.06 12:56:16.612,0.87144,0.87158,1.50,1.12
2015.11.06 12:56:17.126,0.87146,0.87156,1.00,1.00
2015.11.06 12:56:21.350,0.87146,0.87156,1.00,2.62
2015.11.06 12:56:21.886,0.87146,0.87156,1.00,1.87
2015.11.06 12:56:22.718,0.87146,0.87156,1.00,2.62
2015.11.06 12:56:23.333,0.87144,0.87156,1.75,1.50
2015.11.06 12:56:23.844,0.87144,0.87156,1.75,1.50
2015.11.06 12:56:24.425,0.87144,0.87156,1.75,1.00
2015.11.06 12:56:25.203,0.87145,0.87156,1.00,1.50
2015.11.06 12:56:25.559,0.87142,0.87152,1.00,1.87
2015.11.06 12:56:26.086,0.87141,0.87152,1.12,1.12
2015.11.06 12:56:27.615,0.87142,0.87152,1.00,1.12
2015.11.06 12:56:28.436,0.87142,0.87152,1.00,1.87
2015.11.06 12:56:28.640,0.87143,0.87155,2.25,1.50
2015.11.06 12:56:28.741,0.87143,0.87155,2.25,1.87
2015.11.06 12:56:29.045,0.87143,0.87155,2.62,1.37
2015.11.06 12:56:29.356,0.87147,0.87155,1.00,1.37
2015.11.06 12:56:29.884,0.87147,0.87155,1.00,1.00
2015.11.06 12:56:30.495,0.87146,0.87155,1.00,1.00
2015.11.06 12:56:30.871,0.87143,0.87152,1.00,1.12
2015.11.06 12:56:31.126,0.8714,0.8715,1.00,1.00
2015.11.06 12:56:31.229,0.87139,0.8715,2.25,1.50
2015.11.06 12:56:31.534,0.87137,0.87147,1.37,1.37
2015.11.06 12:56:31.687,0.87135,0.87147,1.50,1.50
2015.11.06 12:56:32.269,0.87134,0.87146,1.75,1.37
2015.11.06 12:56:32.776,0.87134,0.87146,1.75,1.00
2015.11.06 12:56:33.454,0.87133,0.87146,2.62,1.50
2015.11.06 12:56:34.091,0.87133,0.87146,2.25,1.00
2015.11.06 12:56:34.594,0.87133,0.87146,2.62,1.50
2015.11.06 12:56:35.124,0.87134,0.87145,1.50,1.00
2015.11.06 12:56:35.327,0.87138,0.87149,1.00,2.62
2015.11.06 12:56:35.664,0.87142,0.87149,1.00,1.12
2015.11.06 12:56:35.868,0.8714,0.87149,1.00,1.12
2015.11.06 12:56:36.121,0.87135,0.87145,1.75,1.00
2015.11.06 12:56:36.628,0.87135,0.87147,1.75,1.37
2015.11.06 12:56:37.786,0.87136,0.87147,1.12,2.25
2015.11.06 12:56:38.794,0.87136,0.87149,2.25,1.75
2015.11.06 12:56:39.048,0.87142,0.87149,1.00,1.75
2015.11.06 12:56:39.606,0.87143,0.87147,1.00,1.00
2015.11.06 12:56:39.859,0.87141,0.8715,1.00,1.12
2015.11.06 12:56:40.163,0.87142,0.87151,1.00,1.87
2015.11.06 12:56:44.354,0.87142,0.87149,1.00,1.12
2015.11.06 12:56:46.922,0.87142,0.87151,1.00,1.12
2015.11.06 12:56:47.126,0.87144,0.87149,1.00,1.00
2015.11.06 12:56:47.329,0.87144,0.87153,1.50,1.37
2015.11.06 12:56:48.494,0.87144,0.87149,1.12,1.00
2015.11.06 12:56:49.014,0.87143,0.87149,1.00,1.00
2015.11.06 12:56:49.318,0.87143,0.87151,1.00,1.75
2015.11.06 12:56:49.651,0.8714,0.87151,1.00,1.75
2015.11.06 12:56:49.855,0.8714,0.87151,1.00,1.75
2015.11.06 12:56:50.058,0.87135,0.8715,2.25,1.12
2015.11.06 12:56:50.566,0.87136,0.87146,1.00,1.00
2015.11.06 12:56:57.855,0.87139,0.87146,1.00,1.00
2015.11.06 12:56:58.843,0.87138,0.87146,1.00,1.00
2015.11.06 12:56:59.588,0.87138,0.8715,1.00,1.12
2015.11.06 12:57:00.397,0.87139,0.8715,1.00,1.12
2015.11.06 12:57:01.492,0.87138,0.8715,1.00,1.87
2015.11.06 12:57:01.644,0.87134,0.87146,1.00,2.25
2015.11.06 12:57:01.695,0.87134,0.87138,1.00,1.00
2015.11.06 12:57:01.746,0.8713,0.87138,1.00,1.00
2015.11.06 12:57:01.797,0.8713,0.87137,1.00,1.12
2015.11.06 12:57:01.949,0.87127,0.87138,1.00,1.12
2015.11.06 12:57:02.475,0.87128,0.87138,1.00,1.12
2015.11.06 12:57:04.274,0.87127,0.8714,1.00,1.87
2015.11.06 12:57:04.781,0.87128,0.8714,1.00,1.87
2015.11.06 12:57:05.288,0.87127,0.8714,1.00,1.12
2015.11.06 12:57:05.674,0.87131,0.87135,1.00,1.00
2015.11.06 12:57:05.827,0.87131,0.87139,1.12,1.50
2015.11.06 12:57:05.878,0.87131,0.87139,1.12,1.12
2015.11.06 12:57:07.010,0.87131,0.87141,1.12,1.00
2015.11.06 12:57:07.213,0.87131,0.87146,2.62,1.75
2015.11.06 12:57:07.264,0.87135,0.87145,1.00,1.50
2015.11.06 12:57:07.366,0.87132,0.87145,2.62,1.50
2015.11.06 12:57:08.341,0.87134,0.87147,1.37,1.12
2015.11.06 12:57:08.874,0.87133,0.87148,1.50,1.87
2015.11.06 12:57:10.400,0.87133,0.87148,1.75,1.12
2015.11.06 12:57:11.110,0.87133,0.87148,1.87,1.12
2015.11.06 12:57:11.431,0.87134,0.87147,1.00,1.12
2015.11.06 12:57:16.044,0.87136,0.87144,1.00,1.00
2015.11.06 12:57:16.615,0.87135,0.87144,1.00,1.00
2015.11.06 12:57:16.919,0.87137,0.87144,1.00,1.00
2015.11.06 12:57:17.572,0.8714,0.87147,1.00,1.00
2015.11.06 12:57:17.826,0.87138,0.87147,1.00,1.00
2015.11.06 12:57:18.426,0.87139,0.87149,1.00,1.75
2015.11.06 12:57:18.908,0.87144,0.87148,1.00,1.00
2015.11.06 12:57:19.412,0.87145,0.87151,1.00,1.12
2015.11.06 12:57:19.716,0.87144,0.8715,1.00,1.37
2015.11.06 12:57:20.121,0.87146,0.8715,1.00,1.00
2015.11.06 12:57:20.425,0.87145,0.87154,1.50,1.37
2015.11.06 12:57:20.963,0.87146,0.87155,1.50,1.50
2015.11.06 12:57:22.665,0.87147,0.87156,1.00,1.87
2015.11.06 12:57:23.019,0.87147,0.87154,1.00,1.75
2015.11.06 12:57:23.122,0.87144,0.87151,1.00,1.00
2015.11.06 12:57:23.224,0.87144,0.87152,1.00,1.75
2015.11.06 12:57:23.325,0.87139,0.87151,1.50,1.50
2015.11.06 12:57:23.427,0.87139,0.87151,1.87,1.75
2015.11.06 12:57:23.909,0.87136,0.87148,3.37,1.12
2015.11.06 12:57:24.010,0.87136,0.87149,2.62,1.50
2015.11.06 12:57:24.532,0.87136,0.87149,2.62,1.50
2015.11.06 12:57:25.507,0.87138,0.8715,2.25,1.00
2015.11.06 12:57:25.609,0.87141,0.87152,1.37,1.12
2015.11.06 12:57:25.711,0.87141,0.87153,1.87,1.87
2015.11.06 12:57:25.914,0.87142,0.87153,1.12,1.37
2015.11.06 12:57:26.436,0.87141,0.87153,2.62,1.37
2015.11.06 12:57:26.638,0.87141,0.87153,4.12,1.00
2015.11.06 12:57:28.181,0.87144,0.87155,1.50,1.12
2015.11.06 12:57:28.623,0.87144,0.87154,1.12,1.37
2015.11.06 12:57:29.791,0.87143,0.87154,1.50,1.50
2015.11.06 12:57:30.385,0.87145,0.87154,1.00,1.50
2015.11.06 12:57:30.689,0.87147,0.87154,1.00,1.50
2015.11.06 12:57:30.893,0.87143,0.87156,1.50,1.12
2015.11.06 12:57:32.380,0.87142,0.87152,1.75,1.00
2015.11.06 12:57:33.337,0.87143,0.87152,1.00,1.00
2015.11.06 12:57:33.843,0.87143,0.87152,1.00,1.87
2015.11.06 12:57:33.895,0.87141,0.87151,1.00,1.12
2015.11.06 12:57:34.149,0.87142,0.87153,1.37,1.87
2015.11.06 12:57:34.200,0.87144,0.87153,1.00,1.50
2015.11.06 12:57:34.746,0.87144,0.87154,1.50,1.00
2015.11.06 12:57:35.151,0.87145,0.87156,1.12,1.00
2015.11.06 12:57:35.500,0.87145,0.87155,2.62,1.00
2015.11.06 12:57:35.804,0.87153,0.87157,1.00,1.12
2015.11.06 12:57:36.057,0.87147,0.87156,1.00,1.87
2015.11.06 12:57:36.564,0.87144,0.87156,1.50,2.62
2015.11.06 12:57:36.764,0.87144,0.87156,1.50,1.50
2015.11.06 12:57:38.389,0.87145,0.87156,1.12,1.50
2015.11.06 12:57:39.097,0.87145,0.87156,1.12,1.00
2015.11.06 12:57:39.759,0.87145,0.87156,1.12,1.50
2015.11.06 12:57:40.312,0.87145,0.87156,1.12,1.00
2015.11.06 12:57:40.822,0.87145,0.87156,1.12,1.50
2015.11.06 12:57:41.344,0.87144,0.87156,1.50,1.00
2015.11.06 12:57:42.673,0.87144,0.87156,1.50,1.50
2015.11.06 12:57:43.200,0.87144,0.87156,1.50,1.00
2015.11.06 12:57:43.774,0.87144,0.87156,1.50,1.50
2015.11.06 12:57:44.306,0.87143,0.87156,1.75,1.00
2015.11.06 12:57:44.826,0.87143,0.87156,1.75,1.00
2015.11.06 12:57:45.647,0.87143,0.87156,1.75,1.00
2015.11.06 12:57:49.510,0.87145,0.87158,1.12,1.87
2015.11.06 12:57:50.015,0.87144,0.87153,1.00,1.00
2015.11.06 12:57:50.552,0.87144,0.87154,1.50,1.00
2015.11.06 12:57:51.068,0.87144,0.87158,1.12,1.87
2015.11.06 12:57:54.382,0.87143,0.87156,2.25,1.12
2015.11.06 12:57:54.759,0.87145,0.87155,1.00,1.00
2015.11.06 12:57:56.678,0.87144,0.87155,1.00,1.00
2015.11.06 12:57:57.707,0.87141,0.87156,2.62,1.12
2015.11.06 12:57:58.225,0.87143,0.87156,1.00,1.12
2015.11.06 12:57:58.733,0.87143,0.87153,1.50,1.00
2015.11.06 12:58:03.966,0.87144,0.87153,1.37,1.00
2015.11.06 12:58:04.133,0.87145,0.87157,1.50,1.75
2015.11.06 12:58:04.184,0.87145,0.87156,1.50,1.00
2015.11.06 12:58:08.087,0.87146,0.8716,1.75,1.87
2015.11.06 12:58:08.638,0.87146,0.87159,1.75,1.87
2015.11.06 12:58:09.908,0.87144,0.87159,1.87,1.75
2015.11.06 12:58:13.416,0.87144,0.87159,2.62,1.75
2015.11.06 12:58:15.938,0.87145,0.87155,1.00,1.00
2015.11.06 12:58:20.820,0.87148,0.87155,1.00,1.00
2015.11.06 12:58:21.262,0.87143,0.87156,1.00,1.75
2015.11.06 12:58:21.313,0.87143,0.87153,1.00,1.50
2015.11.06 12:58:21.414,0.87139,0.87152,1.00,3.00
2015.11.06 12:58:21.516,0.87139,0.87144,1.00,1.00
2015.11.06 12:58:22.024,0.87139,0.87148,1.00,3.37
2015.11.06 12:58:22.479,0.87133,0.87148,1.37,3.00
2015.11.06 12:58:23.933,0.87133,0.87145,2.25,1.37
2015.11.06 12:58:25.492,0.87136,0.87145,1.00,1.37
2015.11.06 12:58:25.694,0.87134,0.87146,1.00,1.12
2015.11.06 12:58:28.160,0.87133,0.87148,1.12,1.12
2015.11.06 12:58:29.809,0.87133,0.87147,1.75,1.75
2015.11.06 12:58:32.041,0.87133,0.87147,1.37,1.75
2015.11.06 12:58:32.850,0.87133,0.87147,1.87,1.87
2015.11.06 12:58:35.522,0.87132,0.87146,1.87,1.75
2015.11.06 12:58:35.579,0.87132,0.87146,1.50,2.25
2015.11.06 12:58:35.681,0.87133,0.87146,1.37,3.00
2015.11.06 12:58:36.188,0.87133,0.87146,1.12,1.75
2015.11.06 12:58:36.741,0.87133,0.87147,1.50,1.12
2015.11.06 12:58:39.902,0.87133,0.87147,1.75,1.12
2015.11.06 12:58:45.182,0.87134,0.87148,1.75,1.37
2015.11.06 12:58:46.762,0.87136,0.87148,1.87,1.00
2015.11.06 12:58:49.446,0.87137,0.87152,1.50,1.87
2015.11.06 12:58:50.286,0.87136,0.87145,1.12,1.00
2015.11.06 12:58:50.489,0.87134,0.87144,1.00,1.00
2015.11.06 12:58:50.793,0.87132,0.87145,2.25,1.12
2015.11.06 12:58:51.336,0.87132,0.87146,1.50,1.87
2015.11.06 12:58:51.854,0.87132,0.87145,1.50,1.12
2015.11.06 12:58:52.405,0.87132,0.87146,1.00,2.62
2015.11.06 12:58:52.916,0.87133,0.87146,1.00,2.62
2015.11.06 12:58:53.806,0.87133,0.87146,1.00,2.62
2015.11.06 12:59:01.108,0.87133,0.87143,1.00,1.12
2015.11.06 12:59:01.210,0.87128,0.87142,1.50,1.75
2015.11.06 12:59:01.694,0.87126,0.87139,2.25,1.12
2015.11.06 12:59:01.796,0.87124,0.87139,2.62,1.75
2015.11.06 12:59:03.221,0.87124,0.87138,2.25,1.12
2015.11.06 12:59:03.661,0.87127,0.87137,1.00,1.12
2015.11.06 12:59:09.887,0.87127,0.87138,1.00,1.12
2015.11.06 12:59:10.890,0.87127,0.87134,1.00,1.00
2015.11.06 12:59:13.164,0.87127,0.87139,1.00,1.12
2015.11.06 12:59:16.920,0.87127,0.87139,1.12,1.12
2015.11.06 12:59:17.068,0.87127,0.87139,1.12,1.12
2015.11.06 12:59:20.181,0.87127,0.87138,1.00,1.12
2015.11.06 12:59:20.986,0.87128,0.87138,1.00,1.75
2015.11.06 12:59:21.491,0.87124,0.87136,1.87,1.75
2015.11.06 12:59:21.628,0.87124,0.87136,2.62,1.75
2015.11.06 12:59:22.135,0.87125,0.87135,1.00,1.75
2015.11.06 12:59:23.941,0.87125,0.87133,1.50,1.00
2015.11.06 12:59:24.285,0.87129,0.87136,1.00,1.50
2015.11.06 12:59:25.052,0.87129,0.87138,1.00,2.25
2015.11.06 12:59:25.255,0.87129,0.87139,1.00,1.87
2015.11.06 12:59:25.799,0.87129,0.87138,1.00,1.12
2015.11.06 12:59:26.538,0.87129,0.87138,1.12,1.37
2015.11.06 12:59:27.514,0.87131,0.8714,1.00,1.87
2015.11.06 12:59:27.666,0.87131,0.87139,1.00,1.50
2015.11.06 12:59:29.922,0.87131,0.8714,1.00,1.12
2015.11.06 12:59:30.722,0.87126,0.87139,1.37,1.12
2015.11.06 12:59:33.119,0.87129,0.87139,1.00,1.12
2015.11.06 12:59:33.625,0.87129,0.87138,1.00,1.75
2015.11.06 12:59:37.323,0.87128,0.87139,1.00,1.75
2015.11.06 12:59:38.129,0.87128,0.87139,1.00,1.75
2015.11.06 12:59:40.912,0.87128,0.87137,1.00,1.37
2015.11.06 12:59:41.014,0.87124,0.87136,1.37,1.37
2015.11.06 12:59:41.116,0.87125,0.87136,1.00,1.87
2015.11.06 12:59:41.230,0.87126,0.87136,1.00,1.87
2015.11.06 12:59:41.640,0.87129,0.87134,1.00,1.12
2015.11.06 12:59:41.741,0.87125,0.87135,1.00,1.00
2015.11.06 12:59:42.045,0.87129,0.87135,1.00,1.00
2015.11.06 12:59:44.544,0.87125,0.87135,1.00,1.00
2015.11.06 12:59:46.657,0.87126,0.87135,1.00,1.00
2015.11.06 12:59:47.664,0.87126,0.87137,1.12,1.87
2015.11.06 12:59:48.645,0.87126,0.87137,1.50,1.12
2015.11.06 12:59:49.428,0.87126,0.8714,2.62,1.87
2015.11.06 12:59:50.109,0.87128,0.87139,1.00,1.00
2015.11.06 12:59:52.193,0.87128,0.87138,1.12,1.00
2015.11.06 12:59:52.699,0.87127,0.87138,1.87,1.12
2015.11.06 12:59:53.545,0.87128,0.87138,1.00,1.50
2015.11.06 12:59:54.265,0.87127,0.87137,1.12,1.00
2015.11.06 12:59:54.480,0.87127,0.87134,1.12,1.00
2015.11.06 12:59:55.010,0.87127,0.87135,1.00,1.00
2015.11.06 12:59:55.517,0.87128,0.87135,1.00,1.00
2015.11.06 12:59:56.054,0.87128,0.87139,1.00,1.75
2015.11.06 12:59:57.317,0.87129,0.87139,1.00,1.75
2015.11.06 12:59:59.870,0.87131,0.87137,1.00,1.12
