2015.11.09 16:00:00.207,0.86947,0.86957,1.50,1.12
2015.11.09 16:00:00.511,0.86945,0.86955,3.00,1.37
2015.11.09 16:00:00.689,0.86945,0.86953,1.00,1.37
2015.11.09 16:00:00.744,0.86939,0.86953,2.62,1.87
2015.11.09 16:00:00.795,0.8694,0.86953,1.75,2.62
2015.11.09 16:00:00.898,0.8694,0.8695,1.50,1.12
2015.11.09 16:00:01.101,0.86939,0.8695,1.75,1.12
2015.11.09 16:00:01.203,0.86941,0.86951,1.00,1.50
2015.11.09 16:00:01.305,0.86941,0.86953,1.50,1.87
2015.11.09 16:00:01.508,0.8694,0.86953,1.50,9.00
2015.11.09 16:00:02.045,0.86939,0.86949,1.37,1.00
2015.11.09 16:00:02.560,0.86938,0.86951,1.50,1.87
2015.11.09 16:00:03.101,0.86938,0.86951,1.50,1.87
2015.11.09 16:00:03.607,0.86938,0.86946,1.12,1.37
2015.11.09 16:00:03.709,0.8694,0.86948,1.12,1.37
2015.11.09 16:00:03.811,0.86942,0.86947,1.00,1.00
2015.11.09 16:00:04.302,0.86932,0.8694,1.00,1.50
2015.11.09 16:00:04.355,0.8693,0.8694,1.87,1.50
2015.11.09 16:00:04.861,0.8693,0.8694,1.50,2.25
2015.11.09 16:00:05.114,0.86929,0.86937,1.12,1.37
2015.11.09 16:00:05.216,0.86927,0.86936,1.50,1.37
2015.11.09 16:00:05.617,0.86929,0.86935,1.00,1.37
2015.11.09 16:00:05.921,0.86924,0.86931,1.75,1.00
2015.11.09 16:00:06.124,0.8692,0.86931,1.12,1.00
2015.11.09 16:00:06.430,0.8692,0.8693,1.00,1.00
2015.11.09 16:00:06.921,0.86919,0.86932,1.12,1.87
2015.11.09 16:00:07.124,0.8692,0.8693,1.12,1.12
2015.11.09 16:00:07.298,0.8692,0.8693,1.37,1.12
2015.11.09 16:00:08.034,0.8692,0.8693,1.00,1.00
2015.11.09 16:00:08.540,0.86919,0.86933,1.87,1.87
2015.11.09 16:00:08.844,0.86923,0.86934,1.12,1.00
2015.11.09 16:00:09.258,0.8692,0.86933,1.87,3.75
2015.11.09 16:00:10.853,0.86917,0.86927,1.12,1.37
2015.11.09 16:00:10.955,0.86915,0.86924,2.25,1.37
2015.11.09 16:00:11.057,0.86915,0.86924,1.75,1.37
2015.11.09 16:00:11.158,0.86915,0.86924,1.00,1.37
2015.11.09 16:00:11.665,0.86914,0.86923,2.25,1.37
2015.11.09 16:00:11.904,0.86915,0.86925,1.00,1.12
2015.11.09 16:00:11.955,0.86915,0.86926,1.87,1.50
2015.11.09 16:00:12.259,0.86916,0.86928,1.75,1.50
2015.11.09 16:00:12.665,0.86918,0.8693,1.37,1.50
2015.11.09 16:00:13.213,0.86919,0.86929,1.00,1.37
2015.11.09 16:00:13.719,0.86916,0.86929,1.12,1.12
2015.11.09 16:00:14.023,0.86918,0.86928,1.00,1.87
2015.11.09 16:00:14.428,0.86914,0.86924,1.00,1.87
2015.11.09 16:00:14.479,0.86914,0.86922,1.00,1.00
2015.11.09 16:00:14.530,0.86911,0.86922,1.87,1.50
2015.11.09 16:00:14.733,0.86911,0.86922,1.37,1.87
2015.11.09 16:00:15.733,0.8691,0.86922,1.12,1.75
2015.11.09 16:00:15.835,0.8691,0.86922,1.50,2.62
2015.11.09 16:00:16.341,0.8691,0.86923,1.00,1.12
2015.11.09 16:00:16.662,0.86916,0.86921,2.25,1.87
2015.11.09 16:00:16.763,0.86917,0.86923,2.25,1.37
2015.11.09 16:00:16.915,0.8691,0.86923,2.25,1.37
2015.11.09 16:00:16.967,0.86912,0.86922,1.00,1.37
2015.11.09 16:00:17.068,0.86912,0.86919,1.00,1.00
2015.11.09 16:00:17.474,0.86913,0.86922,1.00,1.37
2015.11.09 16:00:18.018,0.86914,0.86923,1.12,1.37
2015.11.09 16:00:18.855,0.86915,0.86924,1.00,1.00
2015.11.09 16:00:19.361,0.86915,0.86924,1.00,1.50
2015.11.09 16:00:19.716,0.86913,0.86924,2.25,1.00
2015.11.09 16:00:19.869,0.86912,0.86921,1.87,1.50
2015.11.09 16:00:20.411,0.86912,0.86921,1.00,1.37
2015.11.09 16:00:20.920,0.86911,0.8692,1.50,1.37
2015.11.09 16:00:21.395,0.86913,0.86921,2.25,1.37
2015.11.09 16:00:21.699,0.86913,0.86919,2.25,1.37
2015.11.09 16:00:22.258,0.86913,0.86918,3.00,1.37
2015.11.09 16:00:22.688,0.86913,0.8692,3.75,1.12
2015.11.09 16:00:23.112,0.86915,0.86922,1.00,1.50
2015.11.09 16:00:23.416,0.86911,0.86921,3.75,1.12
2015.11.09 16:00:24.087,0.86913,0.86922,1.00,1.87
2015.11.09 16:00:24.492,0.86915,0.86922,1.00,1.50
2015.11.09 16:00:24.948,0.86916,0.86925,1.00,1.87
2015.11.09 16:00:25.260,0.86919,0.86927,1.00,1.75
2015.11.09 16:00:25.312,0.86919,0.86929,1.00,1.37
2015.11.09 16:00:25.769,0.86918,0.8693,1.87,1.50
2015.11.09 16:00:26.506,0.86918,0.86927,1.12,1.00
2015.11.09 16:00:26.811,0.86916,0.86921,2.25,1.37
2015.11.09 16:00:26.912,0.86914,0.86922,1.00,1.50
2015.11.09 16:00:27.318,0.86916,0.86922,1.00,1.37
2015.11.09 16:00:27.617,0.86916,0.86925,1.00,1.87
2015.11.09 16:00:28.181,0.86916,0.86927,1.50,1.87
2015.11.09 16:00:28.832,0.86916,0.86927,2.62,1.87
2015.11.09 16:00:29.388,0.86916,0.86927,2.62,1.00
2015.11.09 16:00:29.489,0.86919,0.86929,1.12,1.12
2015.11.09 16:00:29.793,0.86922,0.86932,1.00,1.12
2015.11.09 16:00:30.312,0.86922,0.86934,1.87,1.87
2015.11.09 16:00:30.819,0.86923,0.86934,1.00,1.50
2015.11.09 16:00:31.323,0.86922,0.86934,1.12,1.00
2015.11.09 16:00:31.854,0.86923,0.86934,1.37,1.50
2015.11.09 16:00:32.386,0.86923,0.86934,1.12,1.50
2015.11.09 16:00:32.708,0.86923,0.86934,1.12,1.37
2015.11.09 16:00:33.238,0.86922,0.86934,1.87,1.00
2015.11.09 16:00:33.479,0.86922,0.86934,1.87,1.37
2015.11.09 16:00:33.784,0.86923,0.86934,1.12,1.37
2015.11.09 16:00:34.316,0.86923,0.86934,1.87,1.37
2015.11.09 16:00:34.809,0.86922,0.86933,1.00,1.00
2015.11.09 16:00:34.911,0.86921,0.86931,1.00,1.37
2015.11.09 16:00:35.215,0.86924,0.8693,1.00,1.00
2015.11.09 16:00:35.317,0.86922,0.86932,1.12,1.87
2015.11.09 16:00:35.368,0.86925,0.86932,1.00,1.87
2015.11.09 16:00:35.921,0.86928,0.86932,1.00,1.12
2015.11.09 16:00:35.972,0.86928,0.86935,1.00,1.87
2015.11.09 16:00:36.125,0.8693,0.86936,1.50,1.37
2015.11.09 16:00:36.227,0.86928,0.86937,1.12,1.37
2015.11.09 16:00:37.375,0.86927,0.86936,1.37,1.50
2015.11.09 16:00:37.932,0.86925,0.86936,1.87,1.37
2015.11.09 16:00:37.983,0.86925,0.86934,1.87,1.37
2015.11.09 16:00:38.265,0.86921,0.8693,1.87,1.00
2015.11.09 16:00:38.519,0.86923,0.86931,1.00,1.00
2015.11.09 16:00:38.823,0.86923,0.86934,1.87,1.50
2015.11.09 16:00:39.128,0.86923,0.86934,1.50,1.75
2015.11.09 16:00:39.230,0.86923,0.86932,1.00,1.12
2015.11.09 16:00:39.437,0.86924,0.86934,1.00,1.87
2015.11.09 16:00:39.489,0.86925,0.86932,1.00,1.37
2015.11.09 16:00:39.540,0.86923,0.86932,1.50,3.37
2015.11.09 16:00:39.642,0.86924,0.86932,1.75,3.37
2015.11.09 16:00:39.747,0.86923,0.86932,1.00,3.37
2015.11.09 16:00:39.848,0.86921,0.86931,1.00,1.00
2015.11.09 16:00:40.051,0.86921,0.86932,1.12,4.50
2015.11.09 16:00:40.734,0.86924,0.86934,1.12,1.75
2015.11.09 16:00:41.044,0.86926,0.86935,1.00,3.00
2015.11.09 16:00:41.095,0.86926,0.86935,1.00,1.00
2015.11.09 16:00:41.707,0.86925,0.86935,1.87,1.00
2015.11.09 16:00:42.221,0.86925,0.86935,2.62,1.00
2015.11.09 16:00:43.257,0.86925,0.86938,3.37,1.12
2015.11.09 16:00:43.778,0.86926,0.86936,1.12,1.50
2015.11.09 16:00:44.460,0.86926,0.86936,1.12,1.00
2015.11.09 16:00:44.998,0.86926,0.86936,1.12,1.50
2015.11.09 16:00:45.150,0.86929,0.86936,1.50,1.37
2015.11.09 16:00:45.252,0.86925,0.86937,1.75,1.37
2015.11.09 16:00:45.353,0.86925,0.86937,1.75,1.37
2015.11.09 16:00:45.455,0.86924,0.86935,1.75,1.00
2015.11.09 16:00:45.817,0.86923,0.86933,1.12,1.37
2015.11.09 16:00:46.324,0.86921,0.86933,1.12,1.00
2015.11.09 16:00:47.347,0.86921,0.86934,1.12,1.50
2015.11.09 16:00:47.875,0.86922,0.86933,1.12,1.37
2015.11.09 16:00:48.153,0.86922,0.86933,1.12,1.37
2015.11.09 16:00:48.659,0.86923,0.86934,1.50,1.50
2015.11.09 16:00:49.246,0.86924,0.86934,2.25,1.12
2015.11.09 16:00:49.298,0.86925,0.86938,2.25,1.50
2015.11.09 16:00:49.804,0.86927,0.86937,2.25,1.37
2015.11.09 16:00:50.304,0.86928,0.86939,1.75,1.37
2015.11.09 16:00:50.798,0.86928,0.86939,1.12,1.37
2015.11.09 16:00:50.849,0.86928,0.86937,1.12,1.50
2015.11.09 16:00:51.456,0.86927,0.86936,1.37,4.87
2015.11.09 16:00:51.992,0.86928,0.86936,1.12,4.12
2015.11.09 16:00:52.296,0.8693,0.86936,1.00,4.12
2015.11.09 16:00:52.751,0.8693,0.8694,1.37,3.75
2015.11.09 16:00:52.999,0.86929,0.86939,1.75,1.37
2015.11.09 16:00:53.504,0.86929,0.86939,1.75,1.37
2015.11.09 16:00:54.006,0.86931,0.8694,1.50,4.87
2015.11.09 16:00:54.746,0.86931,0.86939,1.50,1.37
2015.11.09 16:00:55.291,0.86931,0.8694,1.12,4.87
2015.11.09 16:00:55.837,0.86931,0.8694,1.12,4.12
2015.11.09 16:00:57.177,0.8693,0.8694,1.12,4.12
2015.11.09 16:00:57.561,0.8693,0.8694,2.25,4.87
2015.11.09 16:00:58.067,0.8693,0.8694,2.62,3.75
2015.11.09 16:00:58.573,0.86934,0.8694,1.00,3.75
2015.11.09 16:00:59.965,0.86934,0.86941,1.87,2.25
2015.11.09 16:01:00.501,0.86932,0.8694,1.37,1.12
2015.11.09 16:01:00.602,0.86929,0.86937,1.00,1.00
2015.11.09 16:01:00.805,0.86928,0.86938,1.75,1.00
2015.11.09 16:01:00.908,0.86928,0.86936,1.00,1.00
2015.11.09 16:01:01.162,0.86926,0.86936,1.87,1.00
2015.11.09 16:01:01.543,0.86928,0.86938,1.00,1.87
2015.11.09 16:01:02.050,0.86927,0.86939,3.00,1.50
2015.11.09 16:01:02.253,0.86929,0.8694,1.12,4.50
2015.11.09 16:01:02.608,0.86931,0.8694,1.00,4.12
2015.11.09 16:01:03.145,0.86931,0.86939,1.00,1.00
2015.11.09 16:01:03.451,0.86929,0.86937,1.12,1.00
2015.11.09 16:01:04.051,0.86929,0.86937,1.50,1.00
2015.11.09 16:01:04.357,0.8693,0.86935,1.00,3.75
2015.11.09 16:01:04.408,0.86927,0.86935,1.12,4.12
2015.11.09 16:01:04.459,0.86926,0.86933,3.00,1.37
2015.11.09 16:01:04.979,0.86927,0.86934,1.00,1.37
2015.11.09 16:01:05.315,0.86926,0.86932,1.50,1.37
2015.11.09 16:01:05.468,0.86925,0.86934,3.00,1.37
2015.11.09 16:01:06.006,0.86926,0.86933,1.00,1.37
2015.11.09 16:01:06.568,0.86926,0.86934,1.00,1.37
2015.11.09 16:01:07.086,0.86925,0.86934,2.62,1.37
2015.11.09 16:01:07.239,0.86924,0.86935,1.00,2.62
2015.11.09 16:01:07.543,0.86923,0.86929,1.50,1.87
2015.11.09 16:01:08.062,0.86924,0.86929,1.00,1.00
2015.11.09 16:01:08.580,0.86923,0.86935,1.00,3.00
2015.11.09 16:01:08.631,0.86921,0.86935,2.62,3.00
2015.11.09 16:01:09.343,0.8692,0.86929,4.87,1.50
2015.11.09 16:01:09.869,0.86921,0.86934,1.12,4.87
2015.11.09 16:01:10.246,0.86919,0.86925,1.75,2.62
2015.11.09 16:01:10.301,0.86914,0.86919,2.62,1.37
2015.11.09 16:01:10.453,0.86914,0.8692,1.12,1.37
2015.11.09 16:01:10.605,0.86912,0.86919,1.00,1.37
2015.11.09 16:01:10.758,0.8691,0.86916,1.12,2.87
2015.11.09 16:01:10.809,0.86909,0.86915,1.87,1.37
2015.11.09 16:01:10.962,0.86908,0.86914,1.87,1.37
2015.11.09 16:01:11.063,0.86908,0.86917,1.00,1.50
2015.11.09 16:01:11.114,0.86908,0.86914,1.00,2.25
2015.11.09 16:01:11.393,0.86899,0.86909,1.75,1.37
2015.11.09 16:01:11.751,0.86899,0.86909,1.00,1.87
2015.11.09 16:01:12.258,0.86898,0.86908,1.12,1.00
2015.11.09 16:01:12.683,0.86898,0.86908,1.50,1.00
2015.11.09 16:01:13.721,0.86898,0.8691,1.50,1.87
2015.11.09 16:01:14.253,0.86899,0.86907,1.50,2.25
2015.11.09 16:01:14.954,0.86897,0.86907,1.87,3.00
2015.11.09 16:01:15.289,0.86897,0.86904,1.50,2.25
2015.11.09 16:01:15.542,0.86895,0.86904,1.12,4.12
2015.11.09 16:01:15.593,0.86895,0.86902,1.12,1.37
2015.11.09 16:01:16.101,0.86898,0.86903,1.00,1.37
2015.11.09 16:01:16.440,0.86901,0.86905,1.00,1.12
2015.11.09 16:01:17.319,0.869,0.86905,1.00,1.12
2015.11.09 16:01:17.656,0.86897,0.86907,1.50,1.37
2015.11.09 16:01:18.323,0.86899,0.86907,1.00,1.37
2015.11.09 16:01:18.839,0.86898,0.86907,1.00,1.87
2015.11.09 16:01:19.197,0.86894,0.86906,1.50,1.00
2015.11.09 16:01:19.552,0.86897,0.86906,1.00,1.00
2015.11.09 16:01:19.971,0.86905,0.86915,1.50,1.12
2015.11.09 16:01:20.174,0.86907,0.86914,1.12,1.37
2015.11.09 16:01:20.478,0.86904,0.86911,1.00,1.37
2015.11.09 16:01:20.783,0.86897,0.86908,2.25,1.37
2015.11.09 16:01:20.885,0.86896,0.86906,1.75,1.37
2015.11.09 16:01:21.077,0.86896,0.8691,1.50,1.87
2015.11.09 16:01:21.128,0.86902,0.86911,1.12,1.75
2015.11.09 16:01:21.179,0.86902,0.86908,1.12,1.12
2015.11.09 16:01:21.280,0.86902,0.86913,1.12,1.75
2015.11.09 16:01:21.333,0.86906,0.86914,1.00,1.50
2015.11.09 16:01:21.385,0.86906,0.86914,1.00,1.50
2015.11.09 16:01:21.891,0.86906,0.86913,1.00,1.37
2015.11.09 16:01:21.942,0.86904,0.86913,1.50,1.37
2015.11.09 16:01:22.299,0.86905,0.86911,1.00,1.37
2015.11.09 16:01:22.756,0.86902,0.86911,1.87,1.37
2015.11.09 16:01:23.263,0.86902,0.8691,1.87,1.37
2015.11.09 16:01:23.836,0.86902,0.86911,1.87,1.50
2015.11.09 16:01:24.898,0.86902,0.86911,1.37,1.00
2015.11.09 16:01:25.404,0.86904,0.86913,1.00,2.25
2015.11.09 16:01:25.708,0.86902,0.86912,1.12,1.37
2015.11.09 16:01:26.095,0.869,0.8691,2.62,1.87
2015.11.09 16:01:26.607,0.86901,0.86911,1.00,1.87
2015.11.09 16:01:27.213,0.86901,0.86911,1.12,1.75
2015.11.09 16:01:28.124,0.86902,0.86909,1.00,1.00
2015.11.09 16:01:28.618,0.869,0.8691,1.87,1.00
2015.11.09 16:01:29.128,0.869,0.8691,1.00,1.37
2015.11.09 16:01:29.432,0.869,0.86911,1.87,1.00
2015.11.09 16:01:29.483,0.86901,0.86913,1.37,1.50
2015.11.09 16:01:29.533,0.86902,0.86913,1.50,1.50
2015.11.09 16:01:30.223,0.86902,0.86913,1.12,1.87
2015.11.09 16:01:30.909,0.86903,0.86912,1.50,1.00
2015.11.09 16:01:31.061,0.86905,0.86912,1.00,1.00
2015.11.09 16:01:31.567,0.86905,0.86913,1.00,1.37
2015.11.09 16:01:31.618,0.86905,0.86913,1.00,1.12
2015.11.09 16:01:32.832,0.86904,0.86913,1.00,1.12
2015.11.09 16:01:33.643,0.86904,0.8691,1.00,1.37
2015.11.09 16:01:34.253,0.86904,0.86911,1.00,1.37
2015.11.09 16:01:34.354,0.86901,0.86911,2.25,1.37
2015.11.09 16:01:34.889,0.86901,0.86911,1.00,1.50
2015.11.09 16:01:35.043,0.869,0.86909,1.50,1.50
2015.11.09 16:01:35.347,0.86899,0.86908,1.00,1.87
2015.11.09 16:01:35.449,0.86899,0.86908,1.00,1.00
2015.11.09 16:01:35.550,0.86901,0.86908,1.00,1.00
2015.11.09 16:01:35.602,0.86898,0.86908,1.00,1.00
2015.11.09 16:01:35.703,0.86898,0.86908,1.00,1.87
2015.11.09 16:01:36.035,0.86893,0.86904,1.75,1.50
2015.11.09 16:01:36.340,0.86898,0.86909,1.00,3.75
2015.11.09 16:01:36.644,0.869,0.8691,1.00,1.12
2015.11.09 16:01:37.105,0.86897,0.86907,1.00,1.12
2015.11.09 16:01:37.257,0.86895,0.86905,1.12,1.37
2015.11.09 16:01:37.767,0.86892,0.86904,2.25,1.87
2015.11.09 16:01:37.819,0.86892,0.86902,1.87,1.87
2015.11.09 16:01:38.417,0.86893,0.86902,1.00,1.87
2015.11.09 16:01:38.956,0.86893,0.86902,1.87,1.00
2015.11.09 16:01:39.007,0.86898,0.86902,1.00,1.00
2015.11.09 16:01:39.058,0.86898,0.86904,1.00,1.00
2015.11.09 16:01:39.563,0.86898,0.86905,1.00,1.00
2015.11.09 16:01:40.412,0.86897,0.86905,1.00,1.00
2015.11.09 16:01:40.918,0.86896,0.86906,2.25,1.12
2015.11.09 16:01:40.969,0.86896,0.86906,1.12,1.37
2015.11.09 16:01:41.213,0.86894,0.86904,2.25,1.00
2015.11.09 16:01:41.756,0.86894,0.86903,1.00,1.37
2015.11.09 16:01:42.491,0.86893,0.86902,1.50,1.37
2015.11.09 16:01:42.796,0.86892,0.86904,1.12,1.75
2015.11.09 16:01:42.847,0.86892,0.86904,2.25,1.50
2015.11.09 16:01:43.374,0.86892,0.86903,1.50,1.37
2015.11.09 16:01:44.242,0.86892,0.86903,1.50,1.00
2015.11.09 16:01:44.395,0.86892,0.86902,1.50,1.37
2015.11.09 16:01:45.028,0.86892,0.86901,1.12,1.37
2015.11.09 16:01:45.432,0.86892,0.86902,1.12,1.00
2015.11.09 16:01:45.686,0.86892,0.86903,1.75,1.37
2015.11.09 16:01:46.701,0.86895,0.86902,1.00,1.00
2015.11.09 16:01:47.055,0.86895,0.86904,1.00,1.00
2015.11.09 16:01:47.157,0.86897,0.86904,1.00,1.00
2015.11.09 16:01:47.360,0.86895,0.86904,1.00,1.00
2015.11.09 16:01:47.562,0.86897,0.86904,1.12,1.00
2015.11.09 16:01:47.899,0.86903,0.86909,1.37,1.50
2015.11.09 16:01:48.203,0.86911,0.86916,1.37,1.00
2015.11.09 16:01:48.305,0.86911,0.86919,1.37,1.87
2015.11.09 16:01:48.356,0.86909,0.86919,1.50,1.87
2015.11.09 16:01:49.005,0.8691,0.8692,1.50,1.50
2015.11.09 16:01:49.637,0.86913,0.86922,1.37,1.75
2015.11.09 16:01:49.789,0.86912,0.86924,1.37,1.12
2015.11.09 16:01:50.042,0.86915,0.86925,1.37,1.75
2015.11.09 16:01:50.194,0.86916,0.86926,1.37,1.37
2015.11.09 16:01:50.523,0.86919,0.86929,1.00,1.37
2015.11.09 16:01:50.574,0.86919,0.86929,1.12,1.37
2015.11.09 16:01:51.084,0.8692,0.86929,1.00,1.37
2015.11.09 16:01:51.622,0.86919,0.86929,1.12,1.37
2015.11.09 16:01:52.085,0.86918,0.86926,1.37,1.37
2015.11.09 16:01:52.237,0.86916,0.86926,1.50,1.00
2015.11.09 16:01:53.088,0.86915,0.86926,2.62,1.50
2015.11.09 16:01:53.596,0.86913,0.86926,1.87,1.37
2015.11.09 16:01:54.451,0.86915,0.86925,1.12,2.62
2015.11.09 16:01:54.704,0.86913,0.86923,1.37,1.37
2015.11.09 16:01:54.907,0.86912,0.86923,1.12,1.12
2015.11.09 16:01:55.517,0.86911,0.86924,1.87,1.12
2015.11.09 16:01:57.049,0.86911,0.86921,1.50,1.50
2015.11.09 16:01:57.550,0.86911,0.86921,1.12,1.00
2015.11.09 16:01:57.955,0.86912,0.86924,1.37,1.75
2015.11.09 16:01:58.259,0.86917,0.86926,1.37,1.87
2015.11.09 16:01:58.580,0.8692,0.8693,1.37,1.87
2015.11.09 16:01:58.885,0.86926,0.86933,1.37,1.00
2015.11.09 16:01:58.986,0.86929,0.86934,1.37,1.00
2015.11.09 16:01:59.037,0.86929,0.86936,1.37,1.37
2015.11.09 16:01:59.088,0.86931,0.86936,1.37,1.00
2015.11.09 16:01:59.190,0.86928,0.86937,1.37,1.12
2015.11.09 16:01:59.716,0.8693,0.86939,1.00,1.00
2015.11.09 16:01:59.919,0.86926,0.8694,2.25,1.12
2015.11.09 16:02:00.504,0.86927,0.8694,1.37,1.87
2015.11.09 16:02:01.039,0.86929,0.86937,1.00,1.00
2015.11.09 16:02:01.346,0.86931,0.86938,1.00,1.37
2015.11.09 16:02:01.600,0.8693,0.8694,1.00,1.37
2015.11.09 16:02:01.702,0.86926,0.86937,1.00,1.37
2015.11.09 16:02:02.199,0.86924,0.86937,1.12,1.87
2015.11.09 16:02:02.353,0.86924,0.86934,1.12,1.00
2015.11.09 16:02:02.658,0.8692,0.86928,1.00,1.37
2015.11.09 16:02:02.862,0.86916,0.86928,1.50,1.50
2015.11.09 16:02:02.914,0.86915,0.86928,1.87,1.12
2015.11.09 16:02:03.015,0.86914,0.86926,1.75,1.12
2015.11.09 16:02:03.117,0.86914,0.86926,1.00,1.87
2015.11.09 16:02:03.496,0.86912,0.86923,1.00,1.12
2015.11.09 16:02:03.700,0.86915,0.86924,1.00,1.50
2015.11.09 16:02:03.954,0.86913,0.86924,1.87,2.62
2015.11.09 16:02:04.461,0.86914,0.86922,1.00,1.37
2015.11.09 16:02:05.322,0.86915,0.86925,1.50,1.12
2015.11.09 16:02:05.626,0.86912,0.8692,1.37,1.00
2015.11.09 16:02:05.677,0.86912,0.86925,1.37,1.87
2015.11.09 16:02:05.728,0.86912,0.86925,1.50,1.50
2015.11.09 16:02:06.041,0.86913,0.86929,1.87,1.37
2015.11.09 16:02:06.193,0.86916,0.8693,1.00,2.25
2015.11.09 16:02:06.295,0.86913,0.8693,2.62,3.00
2015.11.09 16:02:06.346,0.86915,0.8693,1.00,3.00
2015.11.09 16:02:06.651,0.86919,0.8693,1.37,1.00
2015.11.09 16:02:07.294,0.86917,0.86929,1.37,1.12
2015.11.09 16:02:07.629,0.86914,0.86929,2.25,1.12
2015.11.09 16:02:07.680,0.86916,0.86929,1.00,1.12
2015.11.09 16:02:07.984,0.86915,0.8693,2.25,1.12
2015.11.09 16:02:08.389,0.86915,0.86923,1.75,1.00
2015.11.09 16:02:08.634,0.86912,0.86922,1.12,1.75
2015.11.09 16:02:08.736,0.8691,0.86921,1.12,1.37
2015.11.09 16:02:08.838,0.8691,0.86921,1.12,1.12
2015.11.09 16:02:08.939,0.86911,0.8692,1.00,1.37
2015.11.09 16:02:09.450,0.8691,0.8692,1.87,1.50
2015.11.09 16:02:09.783,0.86913,0.86923,1.12,1.00
2015.11.09 16:02:10.290,0.86913,0.86923,1.87,1.87
2015.11.09 16:02:10.797,0.86913,0.86923,1.12,1.50
2015.11.09 16:02:11.874,0.86913,0.86922,1.00,1.00
2015.11.09 16:02:11.926,0.86909,0.86918,1.37,1.00
2015.11.09 16:02:11.977,0.86909,0.86918,1.12,1.00
2015.11.09 16:02:12.028,0.86905,0.86915,2.25,1.00
2015.11.09 16:02:12.079,0.86905,0.86915,1.37,1.12
2015.11.09 16:02:12.582,0.86906,0.86916,1.00,1.00
2015.11.09 16:02:13.089,0.86906,0.86916,1.87,1.00
2015.11.09 16:02:13.444,0.86906,0.86918,1.00,3.00
2015.11.09 16:02:13.993,0.86904,0.86916,1.50,1.12
2015.11.09 16:02:14.447,0.86903,0.86915,1.37,1.75
2015.11.09 16:02:14.955,0.86904,0.86915,1.37,1.87
2015.11.09 16:02:15.462,0.86905,0.86914,1.37,1.00
2015.11.09 16:02:15.664,0.86901,0.86914,1.37,1.12
2015.11.09 16:02:15.715,0.86902,0.86911,1.00,1.37
2015.11.09 16:02:15.867,0.86899,0.86911,1.50,1.12
2015.11.09 16:02:16.419,0.86899,0.86909,1.12,1.37
2015.11.09 16:02:16.572,0.86897,0.86909,1.12,1.37
2015.11.09 16:02:17.114,0.86896,0.8691,4.87,1.37
2015.11.09 16:02:17.666,0.86899,0.86909,1.75,1.37
2015.11.09 16:02:17.920,0.86899,0.86911,1.87,1.50
2015.11.09 16:02:18.173,0.869,0.8691,1.00,1.12
2015.11.09 16:02:18.477,0.86902,0.86908,1.00,1.37
2015.11.09 16:02:18.528,0.86899,0.86908,1.00,1.37
2015.11.09 16:02:18.844,0.86897,0.86908,1.12,1.12
2015.11.09 16:02:19.149,0.869,0.86908,1.12,1.00
2015.11.09 16:02:19.251,0.869,0.86911,1.12,2.25
2015.11.09 16:02:19.352,0.869,0.86911,1.12,1.87
2015.11.09 16:02:19.985,0.86903,0.8691,1.00,1.37
2015.11.09 16:02:20.137,0.86904,0.86914,1.50,2.25
2015.11.09 16:02:20.188,0.86905,0.86917,1.37,2.25
2015.11.09 16:02:20.391,0.86905,0.86918,1.50,3.00
2015.11.09 16:02:20.442,0.86908,0.86917,1.00,1.50
2015.11.09 16:02:20.899,0.86908,0.86915,1.00,1.12
2015.11.09 16:02:22.057,0.86907,0.86915,1.00,1.00
2015.11.09 16:02:22.260,0.86902,0.86912,2.62,1.00
2015.11.09 16:02:22.453,0.86902,0.86908,1.00,1.37
2015.11.09 16:02:22.556,0.86899,0.8691,1.75,1.37
2015.11.09 16:02:22.658,0.86899,0.8691,1.00,1.87
2015.11.09 16:02:24.790,0.86897,0.86908,3.37,1.00
2015.11.09 16:02:24.841,0.86897,0.86907,4.12,1.37
2015.11.09 16:02:25.197,0.86897,0.86908,1.87,1.50
2015.11.09 16:02:25.351,0.86897,0.86906,1.87,1.37
2015.11.09 16:02:25.634,0.86898,0.86909,1.87,1.37
2015.11.09 16:02:25.736,0.86899,0.86911,1.87,1.12
2015.11.09 16:02:25.839,0.86899,0.8691,2.25,5.25
2015.11.09 16:02:25.940,0.86898,0.86908,1.50,1.37
2015.11.09 16:02:26.264,0.86895,0.86908,1.50,1.87
2015.11.09 16:02:26.366,0.86897,0.86908,1.37,1.12
2015.11.09 16:02:26.896,0.86896,0.86906,1.37,1.12
2015.11.09 16:02:26.948,0.86895,0.86907,1.00,1.12
2015.11.09 16:02:27.469,0.86896,0.86907,1.00,3.75
2015.11.09 16:02:27.571,0.86899,0.8691,1.00,2.25
2015.11.09 16:02:28.090,0.86893,0.86905,1.75,1.12
2015.11.09 16:02:28.192,0.86891,0.86902,1.12,1.00
2015.11.09 16:02:28.703,0.86892,0.86902,1.00,1.37
2015.11.09 16:02:29.007,0.86891,0.86902,1.00,1.12
2015.11.09 16:02:29.109,0.86891,0.86902,1.12,1.37
2015.11.09 16:02:30.412,0.86892,0.86903,1.00,1.87
2015.11.09 16:02:30.616,0.86889,0.86902,1.37,2.25
2015.11.09 16:02:32.013,0.86888,0.86903,1.12,4.50
2015.11.09 16:02:34.695,0.86887,0.86902,1.87,2.25
2015.11.09 16:02:34.898,0.86888,0.86901,1.12,1.12
2015.11.09 16:02:36.887,0.86887,0.869,1.75,1.50
2015.11.09 16:02:37.397,0.86888,0.86901,1.75,2.25
2015.11.09 16:02:37.830,0.86886,0.86895,1.00,1.00
2015.11.09 16:02:38.339,0.86884,0.86896,1.75,1.50
2015.11.09 16:02:39.311,0.86882,0.86896,1.87,1.87
2015.11.09 16:02:40.227,0.86883,0.86896,1.75,2.62
2015.11.09 16:02:40.753,0.86882,0.86895,1.12,1.37
2015.11.09 16:02:41.292,0.86884,0.86894,1.00,1.12
2015.11.09 16:02:42.038,0.86883,0.86894,1.12,1.87
2015.11.09 16:02:42.797,0.86879,0.86891,1.12,1.00
2015.11.09 16:02:43.131,0.86878,0.86888,1.00,1.87
2015.11.09 16:02:43.435,0.86874,0.86887,2.62,1.75
2015.11.09 16:02:43.739,0.86876,0.86887,1.50,1.37
2015.11.09 16:02:44.043,0.86879,0.86891,1.37,1.50
2015.11.09 16:02:44.095,0.86882,0.86891,1.37,1.50
2015.11.09 16:02:44.373,0.86885,0.86896,1.87,1.50
2015.11.09 16:02:44.424,0.86884,0.86896,1.87,1.50
2015.11.09 16:02:44.526,0.86885,0.86896,1.12,1.00
2015.11.09 16:02:45.033,0.86885,0.86898,1.12,1.87
2015.11.09 16:02:45.795,0.86885,0.86895,1.12,1.00
2015.11.09 16:02:45.947,0.8688,0.86891,1.50,1.00
2015.11.09 16:02:45.998,0.86879,0.86889,1.75,1.00
2015.11.09 16:02:46.302,0.86882,0.86896,1.37,3.00
2015.11.09 16:02:46.353,0.86882,0.86897,1.75,1.75
2015.11.09 16:02:46.404,0.86884,0.86896,1.75,1.00
2015.11.09 16:02:46.506,0.86882,0.86894,1.75,1.12
2015.11.09 16:02:46.824,0.86879,0.8689,1.12,1.50
2015.11.09 16:02:47.533,0.86878,0.86891,1.87,1.00
2015.11.09 16:02:47.735,0.86882,0.86894,1.12,1.12
2015.11.09 16:02:48.207,0.86886,0.86897,1.50,1.12
2015.11.09 16:02:48.713,0.86886,0.86899,1.87,2.25
2015.11.09 16:02:49.067,0.86886,0.86892,1.87,2.25
2015.11.09 16:02:49.119,0.86883,0.86892,2.25,3.00
2015.11.09 16:02:49.406,0.8688,0.86889,1.37,1.00
2015.11.09 16:02:49.763,0.86882,0.86892,1.37,2.25
2015.11.09 16:02:49.968,0.86882,0.86897,1.37,2.62
2015.11.09 16:02:50.019,0.86882,0.86895,1.50,1.00
2015.11.09 16:02:50.121,0.86885,0.86897,1.12,1.37
2015.11.09 16:02:51.340,0.86886,0.86896,1.00,1.00
2015.11.09 16:02:51.391,0.86887,0.86896,1.37,1.00
2015.11.09 16:02:51.896,0.86885,0.86898,1.87,1.50
2015.11.09 16:02:52.463,0.86886,0.86899,1.75,1.37
2015.11.09 16:02:53.020,0.86887,0.86899,1.50,1.37
2015.11.09 16:02:53.375,0.8689,0.86901,1.00,1.00
2015.11.09 16:02:53.527,0.86889,0.86901,1.12,1.12
2015.11.09 16:02:54.154,0.86888,0.86902,1.12,3.00
2015.11.09 16:02:54.559,0.86889,0.86901,1.37,1.50
2015.11.09 16:02:55.064,0.86888,0.869,1.87,1.00
2015.11.09 16:02:55.566,0.86887,0.86901,1.12,2.62
2015.11.09 16:02:55.668,0.86886,0.86901,3.00,2.25
2015.11.09 16:02:55.922,0.86884,0.86897,3.00,1.50
2015.11.09 16:02:55.973,0.86884,0.86897,1.87,2.25
2015.11.09 16:02:56.075,0.86883,0.86892,2.62,1.00
2015.11.09 16:02:56.329,0.86879,0.86891,1.75,1.50
2015.11.09 16:02:56.380,0.86879,0.86888,1.50,1.00
2015.11.09 16:02:56.889,0.86882,0.86888,1.00,1.00
2015.11.09 16:02:56.940,0.86882,0.86891,1.00,1.00
2015.11.09 16:02:57.448,0.86879,0.86891,1.12,1.12
2015.11.09 16:02:58.034,0.86878,0.8689,1.00,1.37
2015.11.09 16:02:58.552,0.86876,0.86889,1.87,1.12
2015.11.09 16:02:59.097,0.86877,0.86889,1.37,1.50
2015.11.09 16:03:00.349,0.86877,0.86887,1.12,1.00
2015.11.09 16:03:00.450,0.8688,0.86887,1.00,1.00
2015.11.09 16:03:00.784,0.86887,0.869,1.37,1.75
2015.11.09 16:03:01.290,0.86888,0.869,1.12,1.87
2015.11.09 16:03:01.593,0.86885,0.869,2.62,1.75
2015.11.09 16:03:02.119,0.86886,0.86901,1.75,2.25
2015.11.09 16:03:05.896,0.86888,0.869,1.12,1.12
2015.11.09 16:03:06.301,0.86889,0.869,1.50,1.12
2015.11.09 16:03:06.606,0.86889,0.86901,1.75,1.00
2015.11.09 16:03:07.154,0.86889,0.869,1.75,1.00
2015.11.09 16:03:08.381,0.86889,0.869,1.12,1.12
2015.11.09 16:03:08.584,0.86889,0.869,1.12,1.75
2015.11.09 16:03:08.810,0.86889,0.869,1.37,1.37
2015.11.09 16:03:09.478,0.86889,0.869,2.25,1.00
2015.11.09 16:03:10.050,0.86889,0.86901,2.25,1.37
2015.11.09 16:03:11.623,0.86888,0.86902,3.75,3.37
2015.11.09 16:03:12.189,0.8689,0.869,1.00,1.87
2015.11.09 16:03:12.783,0.8689,0.86901,1.50,1.50
2015.11.09 16:03:13.142,0.86893,0.869,1.37,1.00
2015.11.09 16:03:13.193,0.86893,0.86906,1.50,1.75
2015.11.09 16:03:13.245,0.86895,0.86906,1.37,1.75
2015.11.09 16:03:13.651,0.86893,0.86906,1.37,1.75
2015.11.09 16:03:14.182,0.86892,0.86907,1.87,3.00
2015.11.09 16:03:14.697,0.8689,0.86905,3.75,1.75
2015.11.09 16:03:15.001,0.86891,0.86906,1.00,2.62
2015.11.09 16:03:15.550,0.8689,0.869,1.87,1.00
2015.11.09 16:03:16.292,0.8689,0.869,1.00,1.00
2015.11.09 16:03:17.580,0.8689,0.86904,1.00,3.00
2015.11.09 16:03:18.294,0.8689,0.86903,1.12,1.75
2015.11.09 16:03:18.598,0.86893,0.86903,1.00,1.75
2015.11.09 16:03:18.700,0.86895,0.86905,3.75,1.00
2015.11.09 16:03:19.207,0.86894,0.86904,1.00,1.00
2015.11.09 16:03:20.028,0.86892,0.86905,1.50,2.25
2015.11.09 16:03:20.281,0.86891,0.86905,1.87,1.12
2015.11.09 16:03:21.633,0.8689,0.86903,1.50,1.75
2015.11.09 16:03:22.223,0.8689,0.86905,1.87,2.62
2015.11.09 16:03:23.979,0.86891,0.86904,1.00,1.75
2015.11.09 16:03:24.487,0.86889,0.86905,1.50,4.12
2015.11.09 16:03:25.192,0.86889,0.86899,1.00,1.00
2015.11.09 16:03:25.598,0.86892,0.86902,1.00,1.37
2015.11.09 16:03:25.649,0.86892,0.86902,1.50,1.37
2015.11.09 16:03:26.055,0.86894,0.86904,1.87,1.12
2015.11.09 16:03:26.257,0.86897,0.86907,1.75,1.00
2015.11.09 16:03:26.645,0.86897,0.86906,1.12,2.62
2015.11.09 16:03:27.628,0.86896,0.86905,1.50,1.00
2015.11.09 16:03:28.161,0.86895,0.86905,1.00,1.00
2015.11.09 16:03:31.724,0.86892,0.86905,1.75,6.37
2015.11.09 16:03:32.050,0.86887,0.86899,1.87,1.12
2015.11.09 16:03:32.556,0.86887,0.86898,1.87,1.37
2015.11.09 16:03:32.929,0.86888,0.86899,1.37,4.50
2015.11.09 16:03:32.980,0.8689,0.86899,1.00,4.12
2015.11.09 16:03:33.215,0.86892,0.86899,1.37,3.75
2015.11.09 16:03:33.369,0.8689,0.86899,2.25,3.75
2015.11.09 16:03:34.330,0.86891,0.86901,1.12,4.50
2015.11.09 16:03:34.578,0.86887,0.86899,1.37,1.50
2015.11.09 16:03:35.084,0.86889,0.86899,1.00,1.50
2015.11.09 16:03:35.592,0.86889,0.869,1.87,1.12
2015.11.09 16:03:36.355,0.8689,0.869,1.12,1.12
2015.11.09 16:03:36.457,0.8689,0.869,1.75,1.00
2015.11.09 16:03:36.760,0.86888,0.86899,1.12,3.75
2015.11.09 16:03:37.013,0.86888,0.86895,1.12,1.00
2015.11.09 16:03:37.491,0.86889,0.86899,1.00,4.50
2015.11.09 16:03:37.947,0.86889,0.86897,1.50,3.75
2015.11.09 16:03:38.934,0.8689,0.86897,1.00,3.75
2015.11.09 16:03:40.305,0.86887,0.86897,1.75,4.12
2015.11.09 16:03:40.356,0.86882,0.86894,1.50,4.12
2015.11.09 16:03:40.407,0.86881,0.86893,1.12,1.12
2015.11.09 16:03:40.509,0.86879,0.86893,1.87,2.25
2015.11.09 16:03:40.560,0.86879,0.86892,1.50,1.50
2015.11.09 16:03:40.611,0.86878,0.86892,1.87,1.75
2015.11.09 16:03:40.815,0.86877,0.86886,1.87,3.75
2015.11.09 16:03:41.069,0.86876,0.86886,1.00,4.50
2015.11.09 16:03:41.373,0.86873,0.86886,1.37,4.87
2015.11.09 16:03:41.640,0.86874,0.86886,2.25,4.12
2015.11.09 16:03:42.146,0.86878,0.86886,1.00,3.75
2015.11.09 16:03:42.905,0.86876,0.86884,1.87,2.25
2015.11.09 16:03:43.774,0.86875,0.86884,1.37,2.25
2015.11.09 16:03:45.417,0.86873,0.86884,1.87,3.00
2015.11.09 16:03:46.022,0.86874,0.86883,1.12,1.00
2015.11.09 16:03:46.124,0.86873,0.86884,1.87,2.62
2015.11.09 16:03:46.380,0.86873,0.86883,1.87,1.12
2015.11.09 16:03:46.634,0.86873,0.86881,1.37,1.00
2015.11.09 16:03:46.961,0.8688,0.86887,1.37,3.00
2015.11.09 16:03:47.113,0.8688,0.8689,1.50,1.37
2015.11.09 16:03:47.265,0.86884,0.86891,1.37,2.62
2015.11.09 16:03:47.519,0.86885,0.86894,1.00,1.37
2015.11.09 16:03:48.079,0.86884,0.86894,1.00,1.12
2015.11.09 16:03:48.185,0.8688,0.86894,2.62,1.50
2015.11.09 16:03:48.236,0.8688,0.86894,2.62,1.75
2015.11.09 16:03:48.745,0.8688,0.8689,1.00,1.00
2015.11.09 16:03:49.490,0.86881,0.8689,1.00,1.00
2015.11.09 16:03:50.001,0.86881,0.86892,1.00,1.00
2015.11.09 16:03:50.204,0.86882,0.86894,1.50,1.50
2015.11.09 16:03:50.676,0.86881,0.86892,1.12,1.50
2015.11.09 16:03:51.280,0.86881,0.86891,1.00,1.37
2015.11.09 16:03:51.584,0.86878,0.86889,1.87,1.50
2015.11.09 16:03:51.635,0.86878,0.86889,1.00,1.50
2015.11.09 16:03:52.054,0.86877,0.8689,2.25,1.12
2015.11.09 16:03:52.359,0.86875,0.86886,1.87,1.75
2015.11.09 16:03:52.562,0.86874,0.86886,1.00,1.75
2015.11.09 16:03:54.054,0.86873,0.86883,1.37,1.00
2015.11.09 16:03:54.630,0.86872,0.86884,2.25,1.12
2015.11.09 16:03:55.174,0.86873,0.86884,1.37,1.12
2015.11.09 16:03:55.880,0.86872,0.86884,2.25,1.12
2015.11.09 16:03:56.431,0.86873,0.86884,1.37,1.12
2015.11.09 16:03:56.937,0.86873,0.86886,1.87,2.25
2015.11.09 16:03:57.658,0.86872,0.86882,1.87,1.75
2015.11.09 16:03:57.709,0.86871,0.8688,1.00,1.75
2015.11.09 16:03:57.862,0.86869,0.86882,1.12,2.62
2015.11.09 16:03:57.964,0.86871,0.8688,1.12,1.37
2015.11.09 16:03:58.473,0.86872,0.86882,1.00,1.75
2015.11.09 16:03:59.658,0.86872,0.8688,1.37,1.00
2015.11.09 16:03:59.964,0.8687,0.8688,2.62,1.00
2015.11.09 16:04:00.515,0.86871,0.86882,1.37,3.00
2015.11.09 16:04:01.027,0.86871,0.86882,1.00,2.25
2015.11.09 16:04:01.791,0.86871,0.86882,1.00,1.12
2015.11.09 16:04:02.305,0.86871,0.86882,1.50,1.12
2015.11.09 16:04:02.356,0.86871,0.86882,1.00,1.37
2015.11.09 16:04:03.148,0.86871,0.8688,1.12,1.00
2015.11.09 16:04:04.061,0.86869,0.8688,1.00,1.50
2015.11.09 16:04:04.163,0.86866,0.86877,1.12,1.37
2015.11.09 16:04:04.264,0.86865,0.86877,1.50,1.75
2015.11.09 16:04:04.540,0.86864,0.86877,1.00,1.75
2015.11.09 16:04:04.894,0.86866,0.8688,1.12,3.37
2015.11.09 16:04:04.995,0.86866,0.8688,1.50,3.37
2015.11.09 16:04:05.349,0.86868,0.8688,1.00,1.75
2015.11.09 16:04:05.501,0.86869,0.8688,1.00,1.50
2015.11.09 16:04:06.019,0.8687,0.86878,1.00,1.00
2015.11.09 16:04:06.323,0.86866,0.86879,4.50,1.75
2015.11.09 16:04:06.829,0.86866,0.86879,1.12,1.12
2015.11.09 16:04:07.143,0.86864,0.86877,3.00,1.75
2015.11.09 16:04:07.194,0.86864,0.86877,3.00,1.50
2015.11.09 16:04:07.599,0.86864,0.86877,2.25,1.87
2015.11.09 16:04:07.700,0.86864,0.86876,1.50,1.12
2015.11.09 16:04:08.308,0.86862,0.86873,1.87,1.00
2015.11.09 16:04:08.586,0.8686,0.86874,3.00,1.12
2015.11.09 16:04:08.991,0.86862,0.86876,1.75,1.12
2015.11.09 16:04:09.194,0.86864,0.86877,1.12,3.37
2015.11.09 16:04:09.498,0.86864,0.86876,1.50,1.37
2015.11.09 16:04:10.485,0.86866,0.86878,1.50,1.12
2015.11.09 16:04:10.990,0.86866,0.86878,1.37,1.37
2015.11.09 16:04:11.658,0.86868,0.86878,1.00,1.00
2015.11.09 16:04:11.962,0.8687,0.86879,1.00,1.00
2015.11.09 16:04:12.013,0.86868,0.86878,1.87,1.00
2015.11.09 16:04:12.114,0.8687,0.86884,1.00,1.87
2015.11.09 16:04:12.215,0.8687,0.8688,1.12,1.00
2015.11.09 16:04:12.721,0.86872,0.86884,1.00,2.62
2015.11.09 16:04:13.131,0.86874,0.86885,1.37,1.75
2015.11.09 16:04:13.187,0.86876,0.86884,1.00,2.25
2015.11.09 16:04:13.288,0.86872,0.86883,1.87,1.37
2015.11.09 16:04:13.340,0.86872,0.86883,2.25,1.50
2015.11.09 16:04:13.391,0.86872,0.86883,2.25,1.00
2015.11.09 16:04:13.493,0.86873,0.86886,1.50,1.87
2015.11.09 16:04:13.544,0.86873,0.86886,1.75,1.50
2015.11.09 16:04:14.051,0.86876,0.86886,1.37,1.00
2015.11.09 16:04:14.591,0.86876,0.86888,1.75,1.67
2015.11.09 16:04:15.147,0.8688,0.86888,1.00,1.37
2015.11.09 16:04:15.653,0.8688,0.86887,1.00,1.12
2015.11.09 16:04:15.881,0.86875,0.86884,1.00,1.00
2015.11.09 16:04:16.136,0.86875,0.86887,1.50,1.50
2015.11.09 16:04:16.238,0.86877,0.86887,1.00,1.50
2015.11.09 16:04:16.565,0.86877,0.86887,1.50,1.12
2015.11.09 16:04:20.130,0.86878,0.86887,1.50,1.00
2015.11.09 16:04:20.658,0.86876,0.86889,1.75,1.87
2015.11.09 16:04:21.430,0.8688,0.86891,1.75,1.00
2015.11.09 16:04:21.835,0.86878,0.86888,2.25,1.37
2015.11.09 16:04:22.114,0.86878,0.86888,1.00,1.37
2015.11.09 16:04:22.619,0.86879,0.86888,1.00,1.00
2015.11.09 16:04:23.512,0.86879,0.86888,1.50,1.00
2015.11.09 16:04:24.018,0.86879,0.86889,1.50,1.75
2015.11.09 16:04:24.170,0.86879,0.86889,1.50,1.87
2015.11.09 16:04:24.424,0.86878,0.86889,12.00,2.25
2015.11.09 16:04:24.757,0.86876,0.86884,1.00,1.12
2015.11.09 16:04:24.809,0.86876,0.86884,1.00,1.37
2015.11.09 16:04:25.316,0.86875,0.86884,10.50,1.12
2015.11.09 16:04:25.569,0.86876,0.86884,1.00,1.00
2015.11.09 16:04:25.961,0.86878,0.86887,1.37,1.37
2015.11.09 16:04:26.013,0.8688,0.86887,1.00,1.00
2015.11.09 16:04:26.066,0.8688,0.8689,1.00,1.50
2015.11.09 16:04:26.270,0.86878,0.86888,1.50,1.00
2015.11.09 16:04:26.725,0.86875,0.86887,1.75,1.87
2015.11.09 16:04:26.827,0.86874,0.86886,1.75,1.37
2015.11.09 16:04:27.330,0.86874,0.86887,1.12,2.25
2015.11.09 16:04:27.837,0.86874,0.86885,1.12,1.50
2015.11.09 16:04:30.423,0.86872,0.86885,1.37,2.25
2015.11.09 16:04:30.940,0.86872,0.86885,1.12,1.87
2015.11.09 16:04:31.446,0.86872,0.86882,1.50,1.00
2015.11.09 16:04:31.952,0.86873,0.86882,10.50,1.00
2015.11.09 16:04:32.280,0.86873,0.86883,10.50,1.87
2015.11.09 16:04:32.585,0.86873,0.86883,11.25,1.50
2015.11.09 16:04:32.788,0.86875,0.86885,1.00,2.25
2015.11.09 16:04:33.303,0.86876,0.86887,1.00,1.75
2015.11.09 16:04:33.831,0.86877,0.86887,1.00,1.75
2015.11.09 16:04:34.341,0.86876,0.86887,1.00,1.75
2015.11.09 16:04:34.594,0.86873,0.86883,11.25,1.00
2015.11.09 16:04:34.645,0.86873,0.86886,11.25,1.87
2015.11.09 16:04:34.696,0.86873,0.86886,12.00,2.62
2015.11.09 16:04:34.747,0.86873,0.86886,12.75,3.37
2015.11.09 16:04:35.077,0.86874,0.86883,7.50,1.12
2015.11.09 16:04:35.128,0.86874,0.86882,8.25,1.00
2015.11.09 16:04:35.229,0.86874,0.86884,8.62,1.50
2015.11.09 16:04:35.533,0.86876,0.86885,1.37,1.00
2015.11.09 16:04:36.230,0.86876,0.86885,1.37,1.00
2015.11.09 16:04:36.748,0.86876,0.86885,1.75,1.00
2015.11.09 16:04:37.153,0.86875,0.86888,11.25,1.12
2015.11.09 16:04:37.557,0.86875,0.86888,11.25,2.25
2015.11.09 16:04:42.043,0.86878,0.86889,1.50,1.75
2015.11.09 16:04:42.994,0.86878,0.86889,1.00,1.75
2015.11.09 16:04:43.651,0.86878,0.86887,1.50,1.37
2015.11.09 16:04:44.184,0.86878,0.86889,1.00,2.25
2015.11.09 16:04:44.699,0.86878,0.86889,1.50,2.25
2015.11.09 16:04:45.054,0.86877,0.86888,1.50,1.00
2015.11.09 16:04:45.308,0.86877,0.86884,1.87,1.00
2015.11.09 16:04:45.410,0.86873,0.8688,11.25,1.12
2015.11.09 16:04:45.631,0.8687,0.86876,10.50,1.75
2015.11.09 16:04:45.682,0.86866,0.86877,3.75,1.87
2015.11.09 16:04:46.292,0.86866,0.86878,4.12,2.25
2015.11.09 16:04:46.748,0.86866,0.86878,3.75,2.62
2015.11.09 16:04:47.255,0.86864,0.86876,4.50,1.37
2015.11.09 16:04:47.761,0.86864,0.86877,4.12,1.87
2015.11.09 16:04:48.308,0.86864,0.86875,4.50,1.00
2015.11.09 16:04:50.173,0.86864,0.86876,1.00,1.12
2015.11.09 16:04:51.184,0.86862,0.86877,1.87,2.25
2015.11.09 16:04:51.488,0.86862,0.86876,1.87,1.50
2015.11.09 16:04:54.362,0.86864,0.86877,1.12,2.25
2015.11.09 16:04:54.666,0.86861,0.86871,2.62,1.12
2015.11.09 16:04:54.768,0.86861,0.86873,3.00,1.75
2015.11.09 16:04:55.605,0.86863,0.86874,1.00,1.75
2015.11.09 16:04:56.122,0.86862,0.86873,1.00,1.00
2015.11.09 16:04:57.057,0.86864,0.86873,3.75,2.25
2015.11.09 16:04:57.674,0.86864,0.86872,3.75,1.00
2015.11.09 16:04:58.312,0.86863,0.86873,1.00,1.87
2015.11.09 16:04:58.621,0.86863,0.86874,4.50,1.50
2015.11.09 16:04:58.874,0.86866,0.86876,1.00,1.00
2015.11.09 16:05:02.098,0.86864,0.86876,3.37,1.50
2015.11.09 16:05:02.623,0.86864,0.86876,3.37,2.25
2015.11.09 16:05:02.876,0.86862,0.86875,1.12,1.37
2015.11.09 16:05:03.584,0.86863,0.86873,1.00,1.12
2015.11.09 16:05:04.097,0.86861,0.86871,3.37,1.12
2015.11.09 16:05:04.199,0.8686,0.86871,1.00,1.37
2015.11.09 16:05:04.706,0.86859,0.86871,1.37,2.25
2015.11.09 16:05:04.808,0.86856,0.8687,1.12,1.37
2015.11.09 16:05:04.858,0.86856,0.86867,1.37,1.12
2015.11.09 16:05:05.196,0.86855,0.86869,1.12,3.75
2015.11.09 16:05:05.298,0.86855,0.86868,1.12,1.37
2015.11.09 16:05:05.400,0.86855,0.86867,1.12,1.50
2015.11.09 16:05:05.704,0.86854,0.86867,1.87,1.50
2015.11.09 16:05:06.358,0.86853,0.86865,4.87,1.12
2015.11.09 16:05:06.416,0.86853,0.86865,3.37,2.25
2015.11.09 16:05:06.770,0.86853,0.86861,1.75,1.00
2015.11.09 16:05:06.923,0.8685,0.86861,2.25,1.00
2015.11.09 16:05:07.025,0.8685,0.86862,1.12,2.25
2015.11.09 16:05:07.576,0.8685,0.86859,1.12,1.00
2015.11.09 16:05:08.084,0.86847,0.8686,1.75,1.75
2015.11.09 16:05:08.287,0.86846,0.86859,5.62,2.25
2015.11.09 16:05:08.628,0.86846,0.86858,4.12,2.62
2015.11.09 16:05:08.832,0.86839,0.86853,3.75,1.87
2015.11.09 16:05:09.188,0.86839,0.86853,1.75,1.37
2015.11.09 16:05:09.240,0.86841,0.86851,1.00,1.00
2015.11.09 16:05:09.773,0.8684,0.86852,1.50,1.00
2015.11.09 16:05:09.824,0.8684,0.86853,1.50,1.75
2015.11.09 16:05:11.405,0.86842,0.86853,3.75,1.75
2015.11.09 16:05:11.507,0.86842,0.86851,3.75,1.00
2015.11.09 16:05:11.558,0.86842,0.86856,5.25,2.62
2015.11.09 16:05:11.609,0.86845,0.86855,1.00,1.00
2015.11.09 16:05:11.711,0.86843,0.86858,1.12,3.37
2015.11.09 16:05:12.247,0.86847,0.86857,4.50,1.00
2015.11.09 16:05:13.007,0.86847,0.86854,3.75,1.00
2015.11.09 16:05:13.346,0.86842,0.86848,3.75,1.00
2015.11.09 16:05:13.753,0.86842,0.86849,3.75,1.75
2015.11.09 16:05:13.805,0.86838,0.86849,3.75,1.75
2015.11.09 16:05:14.736,0.86838,0.86849,3.75,2.25
2015.11.09 16:05:15.648,0.86838,0.86849,3.75,1.75
2015.11.09 16:05:15.879,0.86838,0.86851,4.12,1.75
2015.11.09 16:05:15.930,0.86838,0.86851,4.87,2.62
2015.11.09 16:05:16.657,0.86838,0.8685,4.50,1.75
2015.11.09 16:05:17.136,0.86838,0.8685,4.87,1.75
2015.11.09 16:05:17.439,0.86841,0.86852,1.00,1.50
2015.11.09 16:05:17.957,0.86841,0.86852,1.87,1.00
2015.11.09 16:05:18.287,0.86844,0.86855,1.37,1.50
2015.11.09 16:05:18.594,0.86847,0.8686,4.12,3.07
2015.11.09 16:05:18.645,0.86847,0.8686,4.87,2.32
2015.11.09 16:05:18.848,0.86847,0.86859,4.87,1.57
2015.11.09 16:05:19.375,0.86849,0.86857,1.00,1.00
2015.11.09 16:05:19.427,0.86847,0.86855,4.50,1.00
2015.11.09 16:05:19.630,0.8684,0.8685,1.00,1.00
2015.11.09 16:05:19.731,0.86839,0.86848,2.25,1.00
2015.11.09 16:05:20.036,0.86839,0.86846,2.25,1.00
2015.11.09 16:05:20.929,0.86839,0.86851,2.62,1.75
2015.11.09 16:05:21.233,0.8684,0.86853,1.87,1.75
2015.11.09 16:05:21.757,0.86842,0.86854,3.75,1.75
2015.11.09 16:05:22.061,0.86842,0.86852,3.75,1.75
2015.11.09 16:05:22.418,0.86842,0.8685,3.75,1.75
2015.11.09 16:05:22.711,0.86837,0.86849,4.87,1.37
2015.11.09 16:05:22.762,0.86837,0.86849,5.62,1.12
2015.11.09 16:05:23.382,0.86838,0.8685,1.12,1.87
2015.11.09 16:05:23.585,0.86838,0.8685,1.00,1.00
2015.11.09 16:05:24.893,0.86839,0.8685,1.00,1.50
2015.11.09 16:05:25.413,0.86838,0.8685,1.50,1.00
2015.11.09 16:05:25.565,0.86839,0.86853,1.00,1.12
2015.11.09 16:05:26.098,0.86839,0.86852,1.00,1.00
2015.11.09 16:05:27.355,0.86839,0.86852,1.87,1.50
2015.11.09 16:05:27.956,0.86839,0.86853,3.75,1.37
2015.11.09 16:05:28.159,0.86844,0.86856,1.75,1.12
2015.11.09 16:05:28.665,0.86845,0.86856,1.00,1.00
2015.11.09 16:05:29.030,0.86842,0.86854,1.50,3.00
2015.11.09 16:05:29.132,0.8684,0.86851,1.12,1.75
2015.11.09 16:05:29.386,0.8684,0.86846,1.12,1.00
2015.11.09 16:05:29.488,0.86836,0.86846,1.12,1.12
2015.11.09 16:05:30.173,0.86834,0.86847,1.50,1.50
2015.11.09 16:05:30.680,0.86834,0.86848,1.75,1.12
2015.11.09 16:05:30.782,0.86834,0.86849,1.75,1.50
2015.11.09 16:05:30.884,0.86838,0.86851,1.87,1.87
2015.11.09 16:05:31.976,0.86838,0.86851,1.00,1.87
2015.11.09 16:05:32.958,0.86837,0.86852,1.87,1.12
2015.11.09 16:05:33.009,0.86839,0.8685,1.00,1.00
2015.11.09 16:05:33.111,0.86838,0.86852,1.12,1.37
2015.11.09 16:05:35.398,0.86837,0.86847,1.00,1.12
2015.11.09 16:05:35.500,0.86834,0.86847,1.50,1.75
2015.11.09 16:05:36.017,0.86834,0.86846,1.12,2.25
2015.11.09 16:05:42.093,0.86833,0.86844,3.00,1.50
2015.11.09 16:05:42.722,0.8683,0.8684,1.50,1.00
2015.11.09 16:05:42.826,0.8683,0.86843,1.37,1.75
2015.11.09 16:05:43.029,0.8683,0.86843,1.75,1.37
2015.11.09 16:05:43.535,0.8683,0.86844,2.25,1.50
2015.11.09 16:05:43.919,0.86831,0.86843,1.50,1.50
2015.11.09 16:05:44.325,0.86829,0.86841,5.62,1.50
2015.11.09 16:05:44.631,0.86831,0.86845,1.50,3.37
2015.11.09 16:05:45.223,0.86833,0.86843,1.00,1.00
2015.11.09 16:05:45.528,0.8683,0.86845,3.00,2.62
2015.11.09 16:05:45.988,0.86829,0.86837,1.75,1.37
2015.11.09 16:05:46.039,0.86829,0.86837,1.75,1.37
2015.11.09 16:05:46.272,0.86825,0.86835,1.37,1.12
2015.11.09 16:05:46.424,0.86825,0.86835,1.00,1.37
2015.11.09 16:05:47.083,0.86826,0.86836,1.00,2.25
2015.11.09 16:05:47.134,0.86826,0.86836,1.50,1.12
2015.11.09 16:05:47.184,0.86826,0.86838,1.37,1.37
2015.11.09 16:05:47.235,0.86826,0.86838,1.12,1.12
2015.11.09 16:05:47.481,0.86826,0.86836,1.00,1.50
2015.11.09 16:05:48.193,0.86827,0.86839,1.87,1.75
2015.11.09 16:05:48.346,0.86832,0.86841,7.50,1.00
2015.11.09 16:05:48.632,0.86832,0.86841,7.50,1.75
2015.11.09 16:05:49.140,0.8683,0.86842,2.25,1.12
2015.11.09 16:05:49.394,0.86832,0.86846,1.37,2.62
2015.11.09 16:05:49.546,0.86837,0.86848,3.75,1.87
2015.11.09 16:05:51.061,0.8683,0.86834,5.25,1.12
2015.11.09 16:05:51.113,0.86824,0.86832,1.12,1.00
2015.11.09 16:05:51.215,0.86815,0.8683,2.25,1.12
2015.11.09 16:05:51.316,0.86815,0.86829,1.87,1.12
2015.11.09 16:05:51.418,0.86817,0.86827,1.00,1.50
2015.11.09 16:05:51.520,0.86814,0.86824,1.50,1.00
2015.11.09 16:05:51.928,0.86814,0.86828,1.75,1.87
2015.11.09 16:05:52.528,0.86814,0.86827,1.87,1.12
2015.11.09 16:05:52.832,0.8681,0.86818,1.12,1.00
2015.11.09 16:05:52.934,0.86807,0.86818,1.37,1.12
2015.11.09 16:05:53.035,0.86805,0.86815,1.12,1.00
2015.11.09 16:05:53.541,0.86803,0.86814,1.37,1.37
2015.11.09 16:05:53.794,0.86805,0.86815,1.00,1.12
2015.11.09 16:05:53.896,0.86805,0.86816,1.12,1.00
2015.11.09 16:05:54.099,0.86808,0.86818,1.00,1.00
2015.11.09 16:05:54.605,0.86806,0.86819,1.37,3.00
2015.11.09 16:05:54.656,0.86806,0.86817,1.37,1.50
2015.11.09 16:05:56.284,0.86806,0.86817,1.37,1.75
2015.11.09 16:05:56.750,0.86807,0.86817,1.12,1.50
2015.11.09 16:05:58.313,0.86807,0.86816,1.00,1.00
2015.11.09 16:05:59.048,0.86809,0.86816,1.00,1.00
2015.11.09 16:05:59.150,0.86809,0.86819,1.00,2.25
2015.11.09 16:05:59.448,0.86809,0.8682,1.75,1.00
2015.11.09 16:05:59.503,0.86812,0.86822,1.00,1.50
2015.11.09 16:06:00.014,0.86812,0.86821,1.00,1.00
2015.11.09 16:06:00.623,0.8681,0.86822,1.12,1.12
2015.11.09 16:06:00.675,0.8681,0.86822,1.12,1.00
2015.11.09 16:06:01.410,0.8681,0.86823,1.12,1.12
2015.11.09 16:06:01.562,0.86809,0.86819,1.12,1.00
2015.11.09 16:06:01.664,0.86808,0.86822,1.12,1.75
2015.11.09 16:06:01.967,0.86809,0.86821,1.12,1.00
2015.11.09 16:06:02.315,0.86812,0.86824,1.37,1.50
2015.11.09 16:06:02.366,0.86814,0.86824,1.00,1.50
2015.11.09 16:06:03.024,0.86812,0.86824,1.12,1.50
2015.11.09 16:06:03.530,0.86813,0.86823,1.00,1.00
2015.11.09 16:06:03.809,0.86818,0.86825,1.37,1.00
2015.11.09 16:06:03.962,0.86818,0.86827,1.12,1.00
2015.11.09 16:06:04.064,0.86818,0.86827,1.12,1.00
2015.11.09 16:06:04.166,0.86819,0.86832,1.37,2.25
2015.11.09 16:06:04.268,0.8682,0.86832,1.75,1.75
2015.11.09 16:06:04.673,0.86821,0.86834,1.12,1.50
2015.11.09 16:06:05.156,0.86822,0.86835,1.12,1.37
2015.11.09 16:06:06.128,0.86828,0.86838,1.00,1.00
2015.11.09 16:06:06.634,0.86826,0.86837,1.87,1.12
2015.11.09 16:06:06.736,0.86826,0.86836,1.00,1.00
2015.11.09 16:06:07.040,0.86825,0.86837,1.00,2.25
2015.11.09 16:06:07.676,0.86824,0.86837,1.00,3.00
2015.11.09 16:06:08.030,0.86825,0.86836,3.00,1.37
2015.11.09 16:06:08.182,0.86828,0.86842,1.00,1.87
2015.11.09 16:06:08.285,0.86828,0.86842,1.37,1.12
2015.11.09 16:06:08.386,0.86828,0.86841,1.12,1.50
2015.11.09 16:06:09.247,0.86829,0.86839,1.00,1.00
2015.11.09 16:06:09.834,0.86827,0.86841,1.37,1.75
2015.11.09 16:06:10.291,0.86828,0.86835,1.00,1.00
2015.11.09 16:06:10.394,0.86826,0.86835,1.00,1.00
2015.11.09 16:06:10.901,0.86823,0.86836,1.12,2.62
2015.11.09 16:06:11.514,0.86822,0.86833,2.25,1.00
2015.11.09 16:06:11.772,0.86822,0.86833,1.50,1.37
2015.11.09 16:06:11.874,0.86822,0.8683,1.50,1.00
2015.11.09 16:06:12.570,0.8682,0.8683,1.37,1.12
2015.11.09 16:06:14.390,0.86824,0.86832,1.00,2.25
2015.11.09 16:06:14.491,0.86825,0.86832,2.25,1.50
2015.11.09 16:06:15.099,0.86825,0.86834,2.62,1.37
2015.11.09 16:06:15.150,0.86825,0.86836,3.37,1.87
2015.11.09 16:06:15.683,0.86825,0.86838,3.75,2.25
2015.11.09 16:06:16.459,0.86825,0.86838,4.50,1.12
2015.11.09 16:06:16.562,0.86826,0.86838,1.12,1.00
2015.11.09 16:06:16.664,0.86829,0.8684,1.37,1.00
2015.11.09 16:06:17.205,0.86829,0.86841,1.37,1.50
2015.11.09 16:06:17.660,0.86828,0.8684,1.37,1.75
2015.11.09 16:06:18.268,0.86828,0.86838,1.12,1.50
2015.11.09 16:06:20.872,0.86828,0.86838,1.00,2.25
2015.11.09 16:06:21.185,0.86822,0.86836,2.25,1.87
2015.11.09 16:06:21.389,0.86821,0.86835,1.87,1.37
2015.11.09 16:06:21.897,0.86823,0.86833,1.00,1.00
2015.11.09 16:06:22.201,0.86819,0.86834,1.87,2.62
2015.11.09 16:06:22.579,0.8682,0.86831,1.00,1.50
2015.11.09 16:06:22.682,0.8682,0.8683,1.00,1.00
2015.11.09 16:06:23.188,0.8682,0.86831,1.50,2.25
2015.11.09 16:06:23.775,0.8682,0.86831,1.00,1.50
2015.11.09 16:06:23.979,0.86824,0.86832,1.75,1.12
2015.11.09 16:06:24.081,0.86825,0.86839,1.12,3.00
2015.11.09 16:06:24.386,0.86825,0.86837,1.00,1.75
2015.11.09 16:06:24.690,0.86826,0.86836,1.87,1.00
2015.11.09 16:06:26.125,0.86827,0.86839,1.37,1.75
2015.11.09 16:06:26.506,0.86826,0.86837,1.12,1.00
2015.11.09 16:06:27.026,0.86826,0.86837,1.87,1.00
2015.11.09 16:06:27.552,0.86826,0.86837,1.12,1.00
2015.11.09 16:06:27.603,0.86826,0.86838,1.37,3.00
2015.11.09 16:06:27.996,0.86825,0.86834,1.75,1.00
2015.11.09 16:06:28.207,0.86825,0.86836,1.75,1.50
2015.11.09 16:06:28.511,0.86824,0.86836,1.75,1.87
2015.11.09 16:06:29.124,0.86824,0.86835,1.37,1.12
2015.11.09 16:06:29.534,0.86824,0.86837,1.87,2.25
2015.11.09 16:06:29.686,0.86826,0.86837,1.37,1.12
2015.11.09 16:06:30.702,0.86825,0.86837,1.12,1.37
2015.11.09 16:06:30.904,0.86824,0.86836,1.00,2.25
2015.11.09 16:06:31.107,0.86824,0.86834,1.37,1.50
2015.11.09 16:06:31.813,0.86823,0.86834,1.50,1.50
2015.11.09 16:06:32.322,0.86821,0.86833,1.12,1.12
2015.11.09 16:06:32.627,0.8682,0.8683,1.50,1.00
2015.11.09 16:06:33.214,0.8682,0.8683,2.25,1.00
2015.11.09 16:06:33.736,0.8682,0.86833,1.00,2.25
2015.11.09 16:06:34.714,0.8682,0.86832,1.37,1.75
2015.11.09 16:06:35.423,0.86819,0.8683,1.50,1.12
2015.11.09 16:06:35.898,0.86824,0.86833,1.37,2.25
2015.11.09 16:06:35.949,0.86822,0.86833,1.00,1.75
2015.11.09 16:06:36.304,0.86824,0.86834,1.00,1.50
2015.11.09 16:06:36.608,0.86824,0.86836,2.62,1.00
2015.11.09 16:06:36.861,0.8683,0.86839,1.00,1.00
2015.11.09 16:06:37.088,0.86828,0.86842,6.00,1.37
2015.11.09 16:06:37.250,0.86831,0.86841,1.00,1.12
2015.11.09 16:06:37.403,0.86833,0.86841,1.37,1.00
2015.11.09 16:06:37.555,0.86833,0.86844,1.50,2.25
2015.11.09 16:06:37.911,0.86833,0.86843,1.37,1.75
2015.11.09 16:06:38.505,0.86833,0.86842,1.37,1.00
2015.11.09 16:06:38.934,0.86832,0.86844,1.50,2.25
2015.11.09 16:06:39.441,0.86831,0.86842,1.00,1.75
2015.11.09 16:06:40.358,0.8683,0.86842,1.37,2.25
2015.11.09 16:06:40.712,0.8683,0.86838,1.37,1.00
2015.11.09 16:06:41.042,0.8683,0.8684,1.37,1.12
2015.11.09 16:06:41.719,0.86832,0.86842,1.50,1.50
2015.11.09 16:06:42.226,0.86831,0.8684,1.37,1.00
2015.11.09 16:06:42.774,0.86832,0.8684,1.37,1.00
2015.11.09 16:06:43.045,0.86832,0.86842,1.37,1.00
2015.11.09 16:06:43.644,0.86832,0.86841,1.12,1.00
2015.11.09 16:06:45.925,0.86835,0.8684,1.37,1.00
2015.11.09 16:06:46.128,0.86835,0.86843,1.50,1.00
2015.11.09 16:06:46.560,0.86838,0.86851,1.87,1.75
2015.11.09 16:06:46.662,0.86839,0.86852,1.37,1.75
2015.11.09 16:06:46.764,0.86841,0.86852,1.50,2.25
2015.11.09 16:06:47.271,0.86842,0.86852,1.37,3.00
2015.11.09 16:06:47.821,0.86841,0.8685,1.37,1.12
2015.11.09 16:06:49.024,0.86842,0.8685,1.37,1.12
2015.11.09 16:06:49.670,0.86841,0.8685,1.37,1.12
2015.11.09 16:06:49.826,0.86837,0.8685,1.75,1.12
2015.11.09 16:06:50.131,0.86842,0.86853,1.37,1.75
2015.11.09 16:06:50.680,0.86842,0.86852,1.50,1.12
2015.11.09 16:06:51.339,0.8684,0.86852,1.12,1.12
2015.11.09 16:06:51.785,0.86835,0.86846,1.12,2.25
2015.11.09 16:06:52.090,0.86834,0.86842,1.37,1.00
2015.11.09 16:06:52.599,0.86835,0.86843,1.37,1.00
2015.11.09 16:06:52.751,0.86837,0.86848,1.00,2.25
2015.11.09 16:06:53.377,0.86841,0.86851,1.00,1.12
2015.11.09 16:06:54.237,0.86841,0.86854,1.50,1.75
2015.11.09 16:06:54.288,0.86842,0.86855,1.37,4.50
2015.11.09 16:06:54.521,0.86841,0.86854,1.87,1.50
2015.11.09 16:06:55.029,0.86841,0.86855,1.12,1.75
2015.11.09 16:06:56.259,0.86843,0.86856,1.50,1.75
2015.11.09 16:06:56.360,0.86844,0.86857,1.37,2.25
2015.11.09 16:06:56.462,0.86844,0.86857,1.12,1.12
2015.11.09 16:06:57.018,0.86844,0.86856,1.12,1.00
2015.11.09 16:06:57.069,0.86844,0.86856,1.12,1.00
2015.11.09 16:06:57.345,0.86847,0.86859,1.37,1.50
2015.11.09 16:06:57.396,0.86847,0.86859,1.12,1.37
2015.11.09 16:06:57.599,0.86847,0.8686,1.12,1.12
2015.11.09 16:06:58.108,0.8685,0.86858,1.50,1.00
2015.11.09 16:06:58.668,0.8685,0.86858,1.00,1.00
2015.11.09 16:06:59.180,0.86848,0.86857,1.12,1.00
2015.11.09 16:06:59.696,0.86847,0.86857,1.12,1.00
2015.11.09 16:07:01.877,0.86848,0.86857,1.75,1.00
2015.11.09 16:07:02.405,0.86848,0.86856,1.87,1.00
2015.11.09 16:07:03.215,0.86848,0.86856,1.12,1.00
2015.11.09 16:07:03.721,0.86847,0.86857,1.87,1.00
2015.11.09 16:07:05.033,0.86847,0.86855,1.87,1.00
2015.11.09 16:07:05.363,0.86847,0.86857,2.62,1.00
2015.11.09 16:07:06.127,0.86847,0.86855,2.62,1.00
2015.11.09 16:07:06.380,0.86848,0.86858,1.12,1.00
2015.11.09 16:07:06.887,0.86848,0.86858,1.75,1.00
2015.11.09 16:07:07.216,0.86848,0.86862,1.75,1.50
2015.11.09 16:07:07.477,0.86851,0.86863,1.37,3.00
2015.11.09 16:07:09.539,0.8685,0.8686,1.12,1.00
2015.11.09 16:07:10.045,0.86848,0.86859,1.87,1.00
2015.11.09 16:07:10.634,0.86848,0.8686,1.87,1.00
2015.11.09 16:07:11.875,0.86853,0.86861,1.00,1.00
2015.11.09 16:07:12.280,0.86853,0.86863,1.00,2.25
2015.11.09 16:07:15.036,0.86851,0.86862,1.50,1.50
2015.11.09 16:07:15.341,0.86851,0.86861,1.37,2.25
2015.11.09 16:07:15.891,0.8685,0.8686,1.37,2.25
2015.11.09 16:07:16.094,0.86848,0.86858,1.12,1.00
2015.11.09 16:07:16.601,0.86848,0.8686,1.37,3.00
2015.11.09 16:07:17.789,0.86848,0.86857,1.37,1.00
2015.11.09 16:07:18.453,0.86849,0.86858,1.00,1.00
2015.11.09 16:07:18.967,0.86848,0.86857,1.37,1.00
2015.11.09 16:07:19.473,0.86848,0.86858,1.37,1.12
2015.11.09 16:07:20.107,0.86847,0.86857,1.12,1.00
2015.11.09 16:07:20.628,0.86847,0.86858,1.12,1.12
2015.11.09 16:07:21.102,0.86848,0.86856,1.00,1.00
2015.11.09 16:07:21.609,0.86847,0.86857,1.37,1.00
2015.11.09 16:07:21.942,0.86848,0.86857,1.12,1.00
2015.11.09 16:07:22.832,0.86847,0.86857,1.12,1.00
2015.11.09 16:07:23.137,0.86847,0.86859,1.12,1.00
2015.11.09 16:07:23.643,0.86848,0.8686,1.12,1.50
2015.11.09 16:07:24.173,0.86847,0.86859,1.12,1.00
2015.11.09 16:07:25.411,0.86848,0.86858,1.12,1.00
2015.11.09 16:07:26.809,0.86848,0.86856,1.37,1.00
2015.11.09 16:07:28.235,0.86848,0.86857,1.37,1.00
2015.11.09 16:07:29.358,0.86846,0.86854,1.87,1.00
2015.11.09 16:07:31.580,0.86848,0.86855,1.12,1.00
2015.11.09 16:07:31.682,0.86847,0.86856,3.37,1.00
2015.11.09 16:07:32.353,0.86852,0.86857,1.00,1.00
2015.11.09 16:07:32.860,0.86852,0.86858,1.00,1.00
2015.11.09 16:07:33.960,0.86849,0.86858,1.12,1.00
2015.11.09 16:07:34.569,0.86851,0.86862,2.25,1.50
2015.11.09 16:07:34.621,0.86854,0.86862,1.12,1.00
2015.11.09 16:07:34.723,0.86856,0.86865,1.75,1.00
2015.11.09 16:07:34.875,0.86857,0.86866,1.00,1.37
2015.11.09 16:07:35.209,0.86853,0.86863,1.00,1.87
2015.11.09 16:07:35.462,0.86852,0.86861,1.00,1.00
2015.11.09 16:07:35.665,0.86852,0.86863,1.37,1.37
2015.11.09 16:07:35.969,0.86853,0.86865,1.87,2.62
2015.11.09 16:07:36.071,0.86854,0.86864,1.00,1.37
2015.11.09 16:07:36.606,0.86857,0.86865,1.12,1.12
2015.11.09 16:07:36.918,0.86857,0.86866,1.12,1.37
2015.11.09 16:07:37.375,0.86858,0.86867,1.12,1.00
2015.11.09 16:07:37.628,0.86858,0.86869,1.37,1.87
2015.11.09 16:07:37.679,0.86854,0.86869,1.87,1.87
2015.11.09 16:07:37.974,0.86856,0.86866,1.00,1.50
2015.11.09 16:07:38.076,0.86853,0.86866,1.87,1.50
2015.11.09 16:07:38.177,0.86853,0.86866,1.87,1.87
2015.11.09 16:07:39.089,0.86854,0.86863,1.00,1.50
2015.11.09 16:07:39.719,0.86853,0.86864,1.12,1.87
2015.11.09 16:07:39.872,0.86854,0.86868,2.62,1.50
2015.11.09 16:07:40.177,0.86858,0.86869,2.25,1.00
2015.11.09 16:07:40.694,0.86859,0.86872,1.37,1.75
2015.11.09 16:07:40.802,0.86859,0.86872,1.87,1.50
2015.11.09 16:07:41.310,0.86859,0.86872,1.87,1.87
2015.11.09 16:07:42.816,0.8686,0.86872,1.12,1.00
2015.11.09 16:07:42.917,0.86859,0.86874,4.12,1.12
2015.11.09 16:07:43.423,0.86863,0.86874,1.12,1.00
2015.11.09 16:07:44.520,0.86861,0.86874,1.12,2.62
2015.11.09 16:07:44.571,0.86863,0.86872,1.00,1.00
2015.11.09 16:07:44.673,0.86863,0.86869,1.00,1.00
2015.11.09 16:07:44.774,0.86861,0.86869,1.00,1.00
2015.11.09 16:07:45.090,0.8686,0.86871,1.12,1.00
2015.11.09 16:07:45.410,0.8686,0.86872,2.62,1.00
2015.11.09 16:07:48.888,0.86861,0.86874,1.75,1.00
2015.11.09 16:07:49.422,0.86861,0.86873,2.25,1.00
2015.11.09 16:07:50.005,0.8686,0.86873,1.87,1.12
2015.11.09 16:07:50.267,0.8686,0.8687,1.87,1.00
2015.11.09 16:07:51.141,0.86859,0.8687,1.87,1.00
2015.11.09 16:07:53.404,0.86858,0.8687,2.25,2.62
2015.11.09 16:07:53.709,0.86851,0.86863,1.87,1.00
2015.11.09 16:07:53.913,0.86851,0.86862,1.50,1.50
2015.11.09 16:07:54.420,0.8685,0.86861,1.12,1.12
2015.11.09 16:07:54.728,0.86849,0.86861,1.12,1.12
2015.11.09 16:07:55.184,0.86848,0.86859,1.75,1.37
2015.11.09 16:07:55.488,0.86845,0.86852,1.37,1.37
2015.11.09 16:07:55.642,0.86845,0.86851,1.00,1.37
2015.11.09 16:07:55.693,0.86843,0.86848,2.62,1.37
2015.11.09 16:07:55.845,0.8684,0.86848,1.12,1.00
2015.11.09 16:07:56.253,0.86838,0.86846,1.00,1.00
2015.11.09 16:07:56.558,0.86836,0.86846,1.50,2.62
2015.11.09 16:07:56.812,0.86833,0.8684,1.37,1.00
2015.11.09 16:07:56.864,0.86829,0.8684,1.75,1.00
2015.11.09 16:07:56.916,0.86829,0.86838,1.75,1.37
2015.11.09 16:07:57.018,0.86829,0.86837,1.00,1.37
2015.11.09 16:07:57.069,0.86829,0.86835,1.00,1.37
2015.11.09 16:07:57.443,0.86825,0.86835,1.75,1.37
2015.11.09 16:07:57.900,0.86824,0.86836,1.75,1.12
2015.11.09 16:07:58.493,0.86824,0.86836,1.75,1.87
2015.11.09 16:07:59.022,0.86824,0.86836,2.25,1.12
2015.11.09 16:08:00.219,0.86827,0.86837,1.50,1.37
2015.11.09 16:08:00.557,0.86829,0.8684,1.75,1.37
2015.11.09 16:08:00.609,0.86829,0.86841,1.75,1.00
2015.11.09 16:08:00.762,0.8683,0.86841,1.75,1.12
2015.11.09 16:08:01.268,0.86829,0.86842,2.25,1.00
2015.11.09 16:08:01.978,0.86829,0.86842,2.25,1.50
2015.11.09 16:08:02.484,0.86831,0.86841,1.50,1.00
2015.11.09 16:08:03.146,0.86831,0.86843,1.75,1.37
2015.11.09 16:08:03.920,0.86832,0.86844,1.50,1.50
2015.11.09 16:08:05.111,0.86832,0.86843,1.50,1.50
2015.11.09 16:08:05.629,0.86832,0.86842,1.00,1.12
2015.11.09 16:08:06.426,0.86829,0.86841,1.87,1.37
2015.11.09 16:08:06.730,0.86827,0.86836,1.37,1.37
2015.11.09 16:08:06.933,0.86827,0.86837,1.37,1.12
2015.11.09 16:08:07.600,0.86827,0.86838,1.75,1.37
2015.11.09 16:08:08.133,0.86827,0.86839,1.75,2.25
2015.11.09 16:08:08.635,0.86827,0.86838,1.75,1.37
2015.11.09 16:08:08.737,0.86828,0.86839,1.50,1.00
2015.11.09 16:08:08.889,0.86824,0.86839,2.62,1.87
2015.11.09 16:08:09.177,0.86827,0.86839,1.75,1.12
2015.11.09 16:08:09.795,0.86827,0.86839,1.75,1.87
2015.11.09 16:08:10.441,0.86826,0.86839,1.75,1.12
2015.11.09 16:08:10.945,0.86826,0.86839,1.75,1.87
2015.11.09 16:08:11.598,0.86826,0.86839,1.75,1.12
2015.11.09 16:08:12.481,0.86828,0.86841,1.75,1.50
2015.11.09 16:08:13.038,0.8683,0.86842,1.12,1.12
2015.11.09 16:08:13.343,0.86831,0.86841,1.00,2.62
2015.11.09 16:08:13.496,0.86826,0.8684,2.62,1.50
2015.11.09 16:08:14.028,0.86826,0.8684,1.87,1.50
2015.11.09 16:08:14.811,0.86827,0.86839,1.87,1.00
2015.11.09 16:08:15.588,0.86827,0.86841,2.25,2.62
2015.11.09 16:08:17.521,0.86826,0.86842,3.37,1.87
2015.11.09 16:08:18.027,0.86829,0.86841,1.12,1.00
2015.11.09 16:08:18.559,0.86832,0.86842,1.00,2.62
2015.11.09 16:08:19.070,0.86832,0.86842,1.00,1.00
2015.11.09 16:08:19.374,0.86829,0.86843,1.50,1.12
2015.11.09 16:08:19.693,0.86828,0.86843,1.87,1.75
2015.11.09 16:08:20.451,0.86828,0.86841,1.87,1.50
2015.11.09 16:08:21.145,0.86828,0.86841,1.75,1.00
2015.11.09 16:08:22.543,0.8683,0.86844,1.12,1.75
2015.11.09 16:08:23.049,0.86831,0.86844,1.12,1.50
2015.11.09 16:08:23.883,0.86831,0.86841,1.12,1.37
2015.11.09 16:08:23.934,0.86828,0.86839,1.87,1.00
2015.11.09 16:08:24.036,0.86829,0.86839,1.12,1.12
2015.11.09 16:08:24.188,0.86827,0.86839,1.75,1.37
2015.11.09 16:08:24.239,0.86827,0.86839,1.50,1.75
2015.11.09 16:08:24.544,0.86825,0.86838,1.12,1.75
2015.11.09 16:08:24.697,0.86828,0.86838,1.00,1.50
2015.11.09 16:08:24.800,0.86827,0.86838,1.12,1.50
2015.11.09 16:08:25.055,0.86827,0.86838,1.50,1.00
2015.11.09 16:08:25.864,0.86829,0.86838,1.00,1.37
2015.11.09 16:08:26.388,0.86829,0.86839,1.00,2.62
2015.11.09 16:08:26.694,0.86821,0.86833,1.75,1.12
2015.11.09 16:08:26.846,0.8682,0.86833,1.87,1.87
2015.11.09 16:08:27.365,0.86817,0.86832,2.25,1.00
2015.11.09 16:08:27.893,0.8682,0.86833,1.75,1.87
2015.11.09 16:08:28.419,0.86819,0.86833,2.25,3.00
2015.11.09 16:08:28.926,0.86819,0.86833,2.25,2.25
2015.11.09 16:08:29.794,0.86819,0.86832,2.25,1.00
2015.11.09 16:08:29.895,0.8682,0.86833,1.75,1.50
2015.11.09 16:08:29.947,0.86821,0.86835,1.75,1.00
2015.11.09 16:08:30.410,0.86825,0.86836,1.75,1.37
2015.11.09 16:08:30.461,0.86828,0.86838,1.00,2.62
2015.11.09 16:08:31.181,0.86828,0.86837,1.00,1.37
2015.11.09 16:08:31.387,0.86828,0.86838,1.00,1.87
2015.11.09 16:08:31.741,0.86826,0.86839,1.75,1.12
2015.11.09 16:08:35.208,0.8683,0.86841,1.00,1.50
2015.11.09 16:08:35.764,0.86826,0.86841,3.00,2.25
2015.11.09 16:08:36.068,0.86825,0.86835,1.50,1.37
2015.11.09 16:08:36.169,0.86824,0.86835,1.00,1.12
2015.11.09 16:08:36.379,0.86822,0.86833,1.37,1.00
2015.11.09 16:08:36.481,0.86821,0.86835,1.12,1.12
2015.11.09 16:08:36.684,0.86819,0.86835,1.87,1.87
2015.11.09 16:08:36.938,0.86821,0.86832,1.50,1.00
2015.11.09 16:08:37.040,0.86821,0.86832,1.00,1.12
2015.11.09 16:08:37.346,0.86818,0.8683,1.50,1.37
2015.11.09 16:08:37.885,0.86818,0.86829,1.50,1.12
2015.11.09 16:08:38.189,0.86819,0.86827,1.00,1.37
2015.11.09 16:08:38.240,0.86816,0.86827,1.12,1.37
2015.11.09 16:08:38.494,0.86815,0.86825,1.87,1.37
2015.11.09 16:08:38.847,0.86814,0.86823,1.87,1.75
2015.11.09 16:08:38.901,0.86811,0.8682,1.00,1.00
2015.11.09 16:08:39.458,0.86809,0.8682,1.12,1.50
2015.11.09 16:08:39.560,0.86808,0.86822,1.87,1.50
2015.11.09 16:08:39.661,0.86808,0.8682,1.12,1.00
2015.11.09 16:08:39.864,0.86808,0.86822,1.12,1.00
2015.11.09 16:08:40.133,0.8681,0.86823,1.12,1.87
2015.11.09 16:08:41.753,0.86808,0.86822,2.62,1.75
2015.11.09 16:08:41.956,0.86808,0.86823,2.62,1.87
2015.11.09 16:08:49.627,0.8681,0.86821,1.50,1.50
2015.11.09 16:08:50.147,0.8681,0.86821,1.50,1.00
2015.11.09 16:08:52.073,0.8681,0.8682,1.50,1.00
2015.11.09 16:08:52.579,0.8681,0.86823,1.37,2.25
2015.11.09 16:08:53.364,0.86809,0.86823,1.12,1.50
2015.11.09 16:08:54.794,0.86822,0.86827,1.00,1.50
2015.11.09 16:08:54.947,0.86822,0.86833,1.50,1.37
2015.11.09 16:08:56.287,0.86822,0.86835,1.87,1.75
2015.11.09 16:08:56.839,0.86823,0.86833,1.37,1.50
2015.11.09 16:08:57.343,0.86822,0.86833,1.50,1.50
2015.11.09 16:08:57.868,0.86823,0.86833,1.37,1.50
2015.11.09 16:08:57.919,0.86822,0.86833,1.00,1.50
2015.11.09 16:08:58.245,0.86821,0.86834,1.87,1.50
2015.11.09 16:09:00.522,0.86821,0.86834,1.12,1.50
2015.11.09 16:09:01.030,0.86824,0.86836,1.87,1.12
2015.11.09 16:09:01.132,0.8683,0.86838,1.37,1.12
2015.11.09 16:09:01.436,0.86831,0.8684,1.50,1.37
2015.11.09 16:09:01.987,0.86831,0.86839,1.00,1.12
2015.11.09 16:09:02.756,0.86829,0.86839,1.50,1.00
2015.11.09 16:09:03.308,0.86829,0.86839,1.00,1.00
2015.11.09 16:09:05.103,0.86826,0.86839,1.37,2.25
2015.11.09 16:09:05.408,0.86826,0.86834,1.00,1.12
2015.11.09 16:09:06.080,0.86827,0.86839,2.25,2.25
2015.11.09 16:09:06.182,0.86827,0.86838,1.00,1.00
2015.11.09 16:09:06.232,0.86828,0.86839,1.75,1.37
2015.11.09 16:09:06.284,0.86829,0.86841,1.37,1.50
2015.11.09 16:09:06.335,0.86829,0.86841,1.87,1.12
2015.11.09 16:09:06.681,0.86831,0.86843,1.87,1.50
2015.11.09 16:09:06.985,0.86831,0.86842,1.87,1.37
2015.11.09 16:09:07.542,0.86831,0.86842,1.12,1.87
2015.11.09 16:09:09.156,0.86831,0.86841,1.12,1.37
2015.11.09 16:09:09.343,0.86831,0.86841,1.00,1.12
2015.11.09 16:09:09.394,0.86826,0.86838,2.25,1.12
2015.11.09 16:09:09.445,0.86827,0.86838,1.00,1.37
2015.11.09 16:09:09.952,0.86827,0.86836,1.00,1.12
2015.11.09 16:09:10.358,0.86826,0.86836,1.00,1.37
2015.11.09 16:09:10.605,0.86823,0.86834,1.00,1.12
2015.11.09 16:09:10.658,0.86823,0.86834,1.00,1.37
2015.11.09 16:09:12.002,0.86823,0.86837,3.00,1.37
2015.11.09 16:09:12.205,0.86828,0.86839,1.00,1.00
2015.11.09 16:09:13.078,0.86828,0.86838,1.00,1.00
2015.11.09 16:09:13.369,0.86824,0.86837,1.50,1.75
2015.11.09 16:09:13.672,0.86825,0.86837,1.37,1.50
2015.11.09 16:09:13.779,0.86826,0.86837,1.37,1.12
2015.11.09 16:09:13.830,0.86825,0.86837,1.12,1.12
2015.11.09 16:09:14.339,0.86829,0.86839,1.00,1.37
2015.11.09 16:09:17.657,0.86827,0.86841,1.12,2.25
2015.11.09 16:09:20.686,0.86829,0.86841,2.25,2.62
2015.11.09 16:09:21.225,0.86828,0.8684,1.12,1.00
2015.11.09 16:09:22.188,0.86827,0.86841,1.87,2.62
2015.11.09 16:09:23.077,0.86829,0.86841,1.00,2.25
2015.11.09 16:09:23.584,0.86829,0.86842,1.50,1.12
2015.11.09 16:09:23.895,0.86829,0.86838,1.00,1.50
2015.11.09 16:09:24.098,0.86828,0.86839,1.87,1.00
2015.11.09 16:09:24.401,0.86829,0.86839,1.75,1.00
2015.11.09 16:09:24.915,0.86828,0.8684,2.25,1.12
2015.11.09 16:09:25.569,0.86828,0.8684,2.25,1.37
2015.11.09 16:09:25.772,0.86828,0.86841,1.75,1.00
2015.11.09 16:09:26.279,0.86829,0.86841,1.50,1.37
2015.11.09 16:09:28.210,0.86829,0.86841,1.12,1.87
2015.11.09 16:09:28.724,0.86829,0.8684,1.50,1.00
2015.11.09 16:09:29.189,0.86832,0.86841,1.00,1.00
2015.11.09 16:09:29.711,0.86831,0.86842,1.37,1.00
2015.11.09 16:09:32.638,0.86829,0.86843,1.12,2.62
2015.11.09 16:09:33.150,0.86832,0.86842,1.00,1.12
2015.11.09 16:09:35.306,0.86831,0.86845,1.75,1.87
2015.11.09 16:09:37.509,0.86834,0.86845,1.00,1.12
2015.11.09 16:09:38.706,0.86833,0.86846,1.00,1.12
2015.11.09 16:09:39.212,0.86829,0.86843,1.87,2.25
2015.11.09 16:09:39.761,0.86829,0.86841,1.12,1.00
2015.11.09 16:09:40.514,0.86829,0.86843,1.12,1.87
2015.11.09 16:09:40.919,0.86832,0.86844,1.12,1.87
2015.11.09 16:09:41.347,0.86832,0.86844,1.00,2.25
2015.11.09 16:09:41.398,0.86831,0.86839,1.37,1.00
2015.11.09 16:09:41.652,0.86827,0.8684,1.00,4.12
2015.11.09 16:09:42.158,0.86828,0.86839,1.00,1.87
2015.11.09 16:09:42.681,0.86828,0.86835,1.00,1.00
2015.11.09 16:09:43.348,0.86829,0.86839,1.00,1.12
2015.11.09 16:09:43.450,0.86829,0.8684,1.00,1.12
2015.11.09 16:09:43.978,0.86828,0.86839,2.25,1.37
2015.11.09 16:09:44.131,0.86828,0.8684,1.50,1.12
2015.11.09 16:09:45.431,0.86829,0.8684,1.00,1.12
2015.11.09 16:09:45.945,0.86829,0.8684,1.00,1.87
2015.11.09 16:09:46.833,0.86829,0.8684,1.00,1.87
2015.11.09 16:09:47.447,0.86828,0.86839,1.50,1.12
2015.11.09 16:09:48.749,0.86828,0.86838,1.87,1.00
2015.11.09 16:09:49.672,0.86828,0.86841,2.25,1.87
2015.11.09 16:09:50.013,0.86839,0.86848,1.00,1.50
2015.11.09 16:09:50.317,0.8684,0.86849,1.37,1.12
2015.11.09 16:09:50.831,0.86841,0.86853,1.37,2.25
2015.11.09 16:09:51.603,0.8684,0.86853,1.37,1.75
2015.11.09 16:09:52.506,0.86839,0.86853,2.25,2.25
2015.11.09 16:09:53.053,0.86839,0.86853,1.50,2.25
2015.11.09 16:09:53.590,0.86839,0.86852,2.25,1.12
2015.11.09 16:09:54.311,0.86839,0.86852,1.50,1.75
2015.11.09 16:09:55.150,0.8684,0.8685,1.50,1.00
2015.11.09 16:09:56.728,0.8684,0.86849,1.12,1.00
2015.11.09 16:09:57.034,0.86831,0.86839,1.37,1.00
2015.11.09 16:09:57.085,0.8683,0.86837,1.75,1.00
2015.11.09 16:09:57.188,0.86829,0.86835,1.00,1.12
2015.11.09 16:09:57.290,0.86827,0.86834,1.12,1.37
2015.11.09 16:09:58.171,0.86828,0.86833,1.00,1.00
2015.11.09 16:09:58.272,0.86824,0.86835,1.00,1.12
2015.11.09 16:09:58.817,0.86824,0.86836,1.50,1.50
2015.11.09 16:09:59.038,0.86831,0.86836,1.37,1.12
2015.11.09 16:09:59.242,0.86831,0.86843,1.87,1.12
2015.11.09 16:09:59.748,0.86832,0.86843,1.50,1.37
2015.11.09 16:10:00.387,0.8683,0.86843,1.12,1.87
2015.11.09 16:10:01.366,0.8683,0.86839,1.87,1.00
2015.11.09 16:10:01.662,0.86829,0.86839,1.00,1.37
2015.11.09 16:10:02.171,0.86829,0.86843,1.37,1.75
2015.11.09 16:10:02.222,0.86829,0.86843,1.37,1.75
2015.11.09 16:10:02.862,0.86829,0.86843,1.00,1.75
2015.11.09 16:10:03.684,0.86829,0.86842,1.50,1.12
2015.11.09 16:10:04.204,0.86829,0.86843,1.00,1.87
2015.11.09 16:10:04.756,0.86829,0.86842,1.50,1.12
2015.11.09 16:10:05.111,0.86829,0.86838,1.50,1.00
2015.11.09 16:10:05.395,0.86829,0.86844,1.87,2.62
2015.11.09 16:10:05.496,0.8683,0.86842,1.37,1.75
2015.11.09 16:10:05.699,0.86826,0.86837,1.50,1.12
2015.11.09 16:10:05.801,0.86824,0.86837,2.62,1.75
2015.11.09 16:10:05.902,0.86824,0.86837,1.12,1.75
2015.11.09 16:10:06.206,0.86826,0.86837,1.37,1.50
2015.11.09 16:10:06.516,0.86829,0.86837,1.00,1.00
2015.11.09 16:10:06.871,0.86826,0.86835,1.75,2.25
2015.11.09 16:10:07.075,0.8683,0.86841,1.00,1.12
2015.11.09 16:10:07.229,0.8683,0.86841,1.50,1.00
2015.11.09 16:10:07.748,0.86833,0.86846,1.00,1.75
2015.11.09 16:10:08.261,0.86828,0.86842,1.87,1.12
2015.11.09 16:10:08.619,0.86834,0.86845,1.00,1.50
2015.11.09 16:10:09.126,0.86835,0.86848,1.00,2.25
2015.11.09 16:10:09.633,0.86834,0.86848,1.00,1.75
2015.11.09 16:10:10.038,0.86833,0.86845,2.25,1.75
2015.11.09 16:10:10.569,0.86832,0.86845,1.37,1.75
2015.11.09 16:10:10.873,0.86839,0.86854,1.75,2.25
2015.11.09 16:10:10.924,0.86842,0.86852,1.00,1.00
2015.11.09 16:10:11.128,0.86841,0.86853,1.00,1.12
2015.11.09 16:10:11.229,0.86842,0.86852,1.00,1.00
2015.11.09 16:10:11.331,0.86839,0.86855,1.87,2.62
2015.11.09 16:10:11.847,0.86841,0.86855,1.87,1.87
2015.11.09 16:10:12.050,0.86843,0.86856,1.75,1.00
2015.11.09 16:10:12.709,0.86845,0.86857,1.75,1.12
2015.11.09 16:10:13.014,0.86843,0.86857,1.87,1.75
2015.11.09 16:10:13.419,0.86844,0.86857,3.37,1.75
2015.11.09 16:10:13.571,0.86845,0.86854,1.00,1.00
2015.11.09 16:10:13.927,0.86846,0.86856,1.12,1.00
2015.11.09 16:10:14.925,0.86845,0.86857,1.12,1.37
2015.11.09 16:10:15.330,0.86847,0.86857,2.25,1.87
2015.11.09 16:10:15.713,0.86847,0.86858,2.62,1.00
2015.11.09 16:10:15.865,0.86849,0.86862,1.00,2.25
2015.11.09 16:10:16.372,0.86849,0.86862,1.37,1.50
2015.11.09 16:10:20.038,0.86849,0.86863,1.37,1.75
2015.11.09 16:10:20.587,0.86849,0.86861,1.37,2.25
2015.11.09 16:10:21.107,0.86851,0.8686,1.00,1.00
2015.11.09 16:10:21.408,0.86851,0.86858,1.00,1.00
2015.11.09 16:10:21.968,0.8685,0.86858,1.75,1.00
2015.11.09 16:10:22.070,0.8685,0.8686,1.75,1.00
2015.11.09 16:10:22.727,0.8685,0.86859,1.75,1.00
2015.11.09 16:10:22.980,0.86851,0.86862,1.50,1.12
2015.11.09 16:10:23.385,0.8685,0.8686,1.75,1.00
2015.11.09 16:10:24.077,0.86849,0.86859,3.75,1.00
2015.11.09 16:10:24.588,0.86849,0.86861,3.75,1.37
2015.11.09 16:10:25.098,0.86852,0.86861,1.37,1.00
2015.11.09 16:10:29.230,0.86851,0.86863,1.50,1.37
2015.11.09 16:10:29.747,0.86851,0.86861,1.50,1.00
2015.11.09 16:10:30.172,0.86855,0.86866,1.12,1.12
2015.11.09 16:10:31.940,0.86855,0.86869,1.00,2.25
2015.11.09 16:10:35.708,0.86855,0.86868,1.00,1.75
2015.11.09 16:10:35.962,0.86856,0.86864,1.37,1.00
2015.11.09 16:10:36.164,0.86858,0.86872,1.12,2.25
2015.11.09 16:10:36.215,0.8686,0.86872,1.00,1.75
2015.11.09 16:10:36.367,0.86861,0.8687,1.00,1.00
2015.11.09 16:10:37.312,0.86861,0.86866,1.00,1.37
2015.11.09 16:10:37.414,0.86857,0.86866,1.00,2.62
2015.11.09 16:10:37.465,0.86854,0.86865,1.75,1.00
2015.11.09 16:10:37.516,0.86854,0.86862,1.37,1.37
2015.11.09 16:10:37.567,0.8685,0.8686,1.87,1.00
2015.11.09 16:10:37.618,0.86854,0.8686,1.00,1.00
2015.11.09 16:10:37.854,0.86854,0.86867,1.12,1.87
2015.11.09 16:10:37.956,0.86853,0.86865,1.75,1.37
2015.11.09 16:10:38.058,0.86851,0.86863,1.12,2.25
2015.11.09 16:10:38.565,0.86851,0.86859,1.00,1.00
2015.11.09 16:10:39.926,0.86852,0.86861,1.00,1.75
2015.11.09 16:10:40.129,0.86845,0.86858,2.62,1.00
2015.11.09 16:10:40.180,0.86845,0.86859,1.87,2.25
2015.11.09 16:10:40.858,0.86846,0.86858,1.12,1.87
2015.11.09 16:10:41.371,0.86846,0.86857,1.37,1.12
2015.11.09 16:10:41.979,0.86842,0.8685,1.00,1.12
2015.11.09 16:10:42.183,0.86837,0.86848,1.00,1.12
2015.11.09 16:10:42.781,0.86837,0.86848,1.12,1.00
2015.11.09 16:10:43.197,0.86838,0.86848,1.37,1.50
2015.11.09 16:10:43.249,0.86843,0.86854,2.25,1.87
2015.11.09 16:10:43.351,0.86843,0.86855,2.62,1.87
2015.11.09 16:10:43.402,0.86843,0.86855,2.62,1.87
2015.11.09 16:10:43.910,0.8684,0.86852,1.37,1.37
2015.11.09 16:10:43.961,0.8684,0.86854,1.12,2.62
2015.11.09 16:10:44.388,0.86842,0.86855,1.12,1.00
2015.11.09 16:10:44.897,0.86842,0.86856,1.12,2.25
2015.11.09 16:10:45.302,0.86846,0.86858,1.00,2.62
2015.11.09 16:10:45.404,0.86842,0.86856,1.75,1.00
2015.11.09 16:10:45.505,0.86846,0.86856,1.00,1.00
2015.11.09 16:10:46.006,0.86842,0.86858,1.75,1.87
2015.11.09 16:10:46.361,0.86841,0.86857,1.87,3.00
2015.11.09 16:10:46.883,0.86841,0.86854,1.12,1.00
2015.11.09 16:10:49.122,0.86841,0.86855,1.12,1.12
2015.11.09 16:10:49.954,0.86842,0.86857,1.87,1.50
2015.11.09 16:10:50.161,0.86843,0.86857,1.75,1.12
2015.11.09 16:10:51.329,0.86842,0.86857,1.12,1.87
2015.11.09 16:10:51.872,0.86847,0.86857,1.00,1.87
2015.11.09 16:10:52.387,0.86842,0.86857,1.12,1.87
2015.11.09 16:10:52.992,0.86841,0.86857,4.12,1.12
2015.11.09 16:10:53.981,0.86844,0.86857,1.50,1.50
2015.11.09 16:10:54.183,0.86841,0.86857,3.37,2.25
2015.11.09 16:10:54.488,0.86841,0.86857,4.12,1.50
2015.11.09 16:10:55.168,0.86842,0.86856,1.12,1.50
2015.11.09 16:10:56.273,0.86846,0.86858,1.50,1.75
2015.11.09 16:10:56.324,0.86846,0.8686,1.50,2.25
2015.11.09 16:10:56.570,0.86849,0.86861,1.00,2.62
2015.11.09 16:10:56.722,0.86849,0.86861,1.87,1.50
2015.11.09 16:11:00.900,0.8685,0.86861,1.37,1.37
2015.11.09 16:11:01.510,0.86848,0.86861,3.37,1.75
2015.11.09 16:11:01.713,0.86849,0.86861,1.50,1.50
2015.11.09 16:11:03.701,0.8685,0.86861,1.12,1.00
2015.11.09 16:11:04.527,0.8685,0.86861,1.00,1.50
2015.11.09 16:11:04.730,0.8685,0.86861,2.25,1.37
2015.11.09 16:11:05.037,0.8685,0.86861,1.87,1.37
2015.11.09 16:11:05.392,0.8685,0.8686,1.12,1.12
2015.11.09 16:11:05.940,0.86849,0.86861,1.75,1.00
2015.11.09 16:11:06.295,0.86847,0.86856,3.00,1.00
2015.11.09 16:11:06.396,0.86847,0.86856,2.25,1.75
2015.11.09 16:11:06.837,0.86847,0.86859,2.62,3.00
2015.11.09 16:11:06.889,0.86848,0.86859,1.00,3.00
2015.11.09 16:11:07.295,0.86849,0.8686,1.50,1.50
2015.11.09 16:11:07.397,0.8685,0.86862,1.00,1.50
2015.11.09 16:11:07.903,0.86853,0.86863,1.00,1.75
2015.11.09 16:11:08.211,0.86856,0.86867,1.37,1.75
2015.11.09 16:11:08.363,0.86857,0.8687,1.50,1.75
2015.11.09 16:11:08.566,0.8686,0.86872,1.00,2.25
2015.11.09 16:11:08.668,0.8686,0.8687,1.00,1.00
2015.11.09 16:11:09.288,0.86855,0.86865,1.00,1.75
2015.11.09 16:11:09.346,0.8685,0.86861,1.37,1.50
2015.11.09 16:11:09.853,0.86849,0.86861,2.62,3.00
2015.11.09 16:11:10.852,0.86849,0.86862,2.62,3.37
2015.11.09 16:11:10.903,0.86849,0.86862,3.00,3.00
2015.11.09 16:11:15.117,0.86849,0.86861,1.00,1.37
2015.11.09 16:11:15.811,0.86851,0.86861,1.00,2.62
2015.11.09 16:11:16.118,0.86855,0.86863,1.00,1.12
2015.11.09 16:11:16.325,0.86851,0.86861,1.00,1.12
2015.11.09 16:11:16.730,0.86848,0.86862,2.25,1.87
2015.11.09 16:11:17.278,0.86848,0.86861,1.12,1.75
2015.11.09 16:11:17.784,0.86849,0.86859,1.00,1.12
2015.11.09 16:11:18.533,0.86849,0.86859,1.00,1.87
2015.11.09 16:11:19.522,0.86849,0.86859,1.00,1.12
2015.11.09 16:11:19.952,0.86851,0.86859,1.00,1.12
2015.11.09 16:11:20.115,0.86854,0.86865,1.75,1.00
2015.11.09 16:11:20.268,0.86854,0.86865,1.75,1.00
2015.11.09 16:11:20.875,0.86854,0.86864,1.75,1.00
2015.11.09 16:11:20.926,0.86854,0.86864,1.50,1.00
2015.11.09 16:11:21.358,0.86854,0.86865,3.00,1.00
2015.11.09 16:11:22.638,0.86855,0.86867,3.37,1.00
2015.11.09 16:11:23.158,0.86859,0.8687,1.00,2.25
2015.11.09 16:11:23.361,0.8686,0.8687,1.37,1.37
2015.11.09 16:11:23.667,0.86868,0.8688,1.37,2.25
2015.11.09 16:11:24.372,0.86868,0.86878,1.37,1.00
2015.11.09 16:11:24.423,0.86865,0.86877,3.37,1.50
2015.11.09 16:11:24.474,0.86866,0.86877,1.00,2.62
2015.11.09 16:11:24.525,0.86865,0.86877,2.62,2.62
2015.11.09 16:11:24.828,0.86865,0.86874,2.25,1.87
2015.11.09 16:11:24.879,0.8686,0.86874,1.00,1.87
2015.11.09 16:11:25.384,0.86859,0.86869,1.87,1.00
2015.11.09 16:11:25.958,0.86866,0.8687,1.00,1.00
2015.11.09 16:11:26.060,0.86866,0.86875,1.00,1.75
2015.11.09 16:11:26.161,0.86866,0.86877,1.50,1.50
2015.11.09 16:11:26.364,0.86866,0.86879,1.75,1.50
2015.11.09 16:11:27.133,0.86866,0.86878,1.50,1.50
2015.11.09 16:11:27.184,0.86866,0.86877,1.50,1.00
2015.11.09 16:11:27.690,0.86867,0.86878,1.00,2.25
2015.11.09 16:11:28.195,0.86868,0.8688,1.00,2.62
2015.11.09 16:11:29.606,0.86865,0.86878,1.87,1.00
2015.11.09 16:11:29.759,0.86865,0.86878,2.25,1.50
2015.11.09 16:11:30.043,0.86859,0.86869,1.00,1.00
2015.11.09 16:11:30.561,0.86858,0.86869,2.25,1.00
2015.11.09 16:11:30.713,0.86861,0.86869,1.00,1.00
2015.11.09 16:11:31.140,0.86865,0.86873,1.00,1.37
2015.11.09 16:11:31.191,0.86865,0.86873,1.00,1.00
2015.11.09 16:11:31.706,0.86865,0.86873,1.00,1.50
2015.11.09 16:11:32.214,0.86865,0.86874,1.50,1.37
2015.11.09 16:11:32.708,0.86862,0.86872,1.50,1.00
2015.11.09 16:11:32.759,0.86862,0.86873,1.00,1.12
2015.11.09 16:11:32.810,0.8686,0.86873,1.00,1.87
2015.11.09 16:11:33.064,0.8686,0.8687,1.12,1.37
2015.11.09 16:11:33.267,0.8686,0.86869,1.87,1.00
2015.11.09 16:11:33.582,0.8686,0.86868,1.00,1.37
2015.11.09 16:11:33.987,0.86854,0.86866,1.75,1.75
2015.11.09 16:11:35.797,0.86858,0.86867,1.00,2.25
2015.11.09 16:11:36.065,0.86858,0.8687,1.12,2.25
2015.11.09 16:11:39.081,0.86858,0.8687,2.62,1.12
2015.11.09 16:11:39.556,0.8686,0.8687,1.00,1.12
2015.11.09 16:11:39.891,0.8686,0.8687,1.12,1.00
2015.11.09 16:11:40.198,0.86862,0.86874,1.12,1.75
2015.11.09 16:11:40.400,0.86862,0.86876,1.87,1.75
2015.11.09 16:11:40.603,0.86862,0.86874,1.00,1.12
2015.11.09 16:11:41.131,0.86861,0.86872,2.25,2.25
2015.11.09 16:11:41.674,0.86858,0.86872,2.62,2.25
2015.11.09 16:11:42.219,0.86859,0.86872,1.50,1.50
2015.11.09 16:11:42.607,0.86859,0.86873,1.37,1.75
2015.11.09 16:11:44.319,0.86858,0.86871,1.37,1.12
2015.11.09 16:11:44.837,0.86858,0.86868,1.00,1.12
2015.11.09 16:11:45.315,0.86856,0.86866,1.00,1.00
2015.11.09 16:11:45.693,0.86855,0.86868,2.25,1.37
2015.11.09 16:11:46.220,0.86859,0.86868,1.50,1.37
2015.11.09 16:11:46.726,0.86859,0.86868,1.12,1.00
2015.11.09 16:11:48.025,0.86859,0.86873,1.75,1.12
2015.11.09 16:11:48.416,0.86864,0.86876,1.75,1.00
2015.11.09 16:11:48.467,0.86866,0.86879,1.12,1.50
2015.11.09 16:11:48.923,0.86867,0.86878,1.75,1.00
2015.11.09 16:11:49.567,0.86867,0.86876,1.75,1.00
2015.11.09 16:11:49.846,0.86865,0.86877,2.62,1.12
2015.11.09 16:11:50.727,0.86864,0.86879,1.87,3.00
2015.11.09 16:11:51.404,0.86867,0.86879,3.37,1.12
2015.11.09 16:11:58.357,0.86865,0.86878,1.87,1.00
2015.11.09 16:11:58.877,0.86866,0.86877,1.12,1.00
2015.11.09 16:11:59.029,0.86866,0.86879,1.12,1.50
2015.11.09 16:11:59.591,0.86865,0.86877,1.87,1.00
2015.11.09 16:12:00.141,0.86865,0.86877,1.87,1.00
2015.11.09 16:12:00.652,0.86865,0.86878,3.37,1.12
2015.11.09 16:12:01.162,0.86865,0.86878,2.62,1.75
2015.11.09 16:12:01.365,0.86866,0.86876,1.00,1.50
2015.11.09 16:12:03.160,0.86865,0.86876,1.00,1.50
2015.11.09 16:12:03.407,0.86863,0.86872,4.12,1.00
2015.11.09 16:12:03.914,0.86863,0.86873,3.37,1.00
2015.11.09 16:12:04.446,0.86863,0.86873,4.12,1.00
2015.11.09 16:12:04.990,0.86863,0.86873,1.00,1.00
2015.11.09 16:12:06.379,0.86863,0.86873,1.50,1.00
2015.11.09 16:12:06.725,0.86863,0.86871,1.50,1.00
2015.11.09 16:12:07.176,0.86863,0.86875,1.50,1.37
2015.11.09 16:12:07.743,0.86863,0.86876,1.50,1.87
2015.11.09 16:12:07.928,0.86863,0.86875,1.50,1.50
2015.11.09 16:12:08.602,0.86862,0.86874,1.75,1.00
2015.11.09 16:12:09.109,0.86862,0.86873,1.75,1.12
2015.11.09 16:12:09.541,0.86863,0.86873,1.00,1.12
2015.11.09 16:12:10.167,0.86864,0.86873,1.00,1.00
2015.11.09 16:12:13.246,0.86864,0.86876,1.12,1.37
2015.11.09 16:12:13.549,0.86865,0.86876,1.00,1.12
2015.11.09 16:12:13.753,0.86864,0.86876,1.37,1.37
2015.11.09 16:12:15.095,0.86863,0.86877,1.87,1.12
2015.11.09 16:12:16.378,0.86864,0.86877,1.37,1.87
2015.11.09 16:12:16.487,0.86863,0.86877,1.12,1.75
2015.11.09 16:12:17.782,0.86863,0.86877,2.62,1.87
2015.11.09 16:12:18.189,0.86863,0.86874,1.00,1.37
2015.11.09 16:12:18.392,0.86862,0.8687,1.00,1.00
2015.11.09 16:12:18.697,0.86855,0.86867,4.50,1.87
2015.11.09 16:12:18.798,0.86855,0.86867,4.50,3.00
2015.11.09 16:12:19.180,0.86857,0.86868,1.37,1.00
2015.11.09 16:12:19.384,0.86855,0.8687,1.87,1.87
2015.11.09 16:12:20.095,0.86857,0.8687,1.00,2.62
2015.11.09 16:12:24.745,0.86857,0.8687,1.00,1.87
2015.11.09 16:12:24.796,0.86857,0.8687,1.00,1.87
2015.11.09 16:12:25.322,0.86856,0.86867,1.12,1.12
2015.11.09 16:12:26.089,0.86856,0.86867,1.50,1.12
2015.11.09 16:12:27.996,0.86855,0.86868,1.75,1.12
2015.11.09 16:12:28.097,0.86856,0.86868,1.00,1.37
2015.11.09 16:12:28.604,0.86857,0.86869,1.12,1.12
2015.11.09 16:12:30.395,0.86857,0.86869,1.87,1.87
2015.11.09 16:12:30.903,0.86857,0.86869,1.12,1.12
2015.11.09 16:12:32.066,0.86861,0.86869,1.00,1.12
2015.11.09 16:12:32.572,0.86861,0.86868,1.00,1.00
2015.11.09 16:12:34.167,0.86859,0.86868,2.25,1.00
2015.11.09 16:12:36.462,0.86859,0.8687,2.25,1.12
2015.11.09 16:12:36.614,0.86857,0.86871,1.87,1.87
2015.11.09 16:12:37.554,0.86857,0.86868,1.12,1.87
2015.11.09 16:12:41.453,0.86855,0.86868,1.12,1.87
2015.11.09 16:12:42.266,0.86852,0.86865,2.25,1.12
2015.11.09 16:12:42.570,0.86852,0.86865,1.00,1.12
2015.11.09 16:12:43.151,0.86854,0.86865,1.00,1.12
2015.11.09 16:12:43.203,0.86854,0.86864,2.25,1.00
2015.11.09 16:12:44.305,0.86854,0.86861,1.50,1.00
2015.11.09 16:12:44.407,0.86849,0.86861,1.75,1.00
2015.11.09 16:12:44.459,0.86851,0.86861,1.37,3.00
2015.11.09 16:12:44.510,0.86851,0.86859,1.00,1.00
2015.11.09 16:12:44.561,0.86851,0.8686,1.00,1.87
2015.11.09 16:12:45.067,0.8685,0.86857,1.00,1.37
2015.11.09 16:12:45.556,0.86845,0.86856,2.25,1.00
2015.11.09 16:12:45.810,0.86843,0.86857,3.37,1.12
2015.11.09 16:12:45.912,0.86843,0.86855,1.00,1.12
2015.11.09 16:12:46.228,0.86839,0.8685,1.75,1.00
2015.11.09 16:12:46.279,0.86838,0.86849,2.25,1.00
2015.11.09 16:12:46.381,0.86836,0.86849,3.75,1.12
2015.11.09 16:12:46.534,0.86837,0.86847,1.12,1.00
2015.11.09 16:12:47.059,0.86836,0.86849,1.37,1.50
2015.11.09 16:12:47.822,0.86836,0.86848,1.87,1.37
2015.11.09 16:12:48.296,0.86835,0.86849,1.75,4.12
2015.11.09 16:12:50.089,0.86833,0.86847,1.87,1.50
2015.11.09 16:12:50.706,0.86835,0.86846,1.50,1.00
2015.11.09 16:12:51.434,0.8683,0.8684,1.00,1.00
2015.11.09 16:12:51.738,0.86826,0.86838,1.00,1.75
2015.11.09 16:12:52.143,0.86826,0.86832,1.00,1.37
2015.11.09 16:12:53.579,0.86826,0.86831,1.00,1.37
2015.11.09 16:12:53.681,0.86822,0.86831,1.50,1.37
2015.11.09 16:12:54.255,0.86822,0.86832,1.50,1.37
2015.11.09 16:12:54.667,0.86828,0.86832,1.00,1.00
2015.11.09 16:12:54.932,0.86823,0.86832,1.50,1.37
2015.11.09 16:12:55.542,0.86823,0.86833,1.50,1.37
2015.11.09 16:12:56.993,0.86827,0.86833,1.00,1.37
2015.11.09 16:12:57.510,0.86827,0.86832,1.00,1.37
2015.11.09 16:12:58.042,0.86827,0.86833,1.00,1.50
2015.11.09 16:12:58.543,0.86827,0.86835,1.00,1.87
2015.11.09 16:13:00.198,0.86823,0.86833,1.75,1.00
2015.11.09 16:13:00.913,0.86827,0.86833,1.00,1.00
2015.11.09 16:13:01.328,0.86825,0.86835,1.12,1.87
2015.11.09 16:13:01.784,0.86827,0.86835,1.00,1.87
2015.11.09 16:13:02.353,0.86826,0.86834,1.50,1.37
2015.11.09 16:13:02.657,0.86826,0.86838,1.50,1.50
2015.11.09 16:13:03.265,0.86826,0.86838,1.50,1.00
2015.11.09 16:13:03.317,0.86824,0.86838,2.25,1.37
2015.11.09 16:13:03.598,0.86822,0.86833,1.50,1.00
2015.11.09 16:13:04.106,0.86822,0.86834,1.75,1.12
2015.11.09 16:13:04.410,0.86824,0.86835,1.50,1.00
2015.11.09 16:13:04.512,0.86824,0.86835,1.37,1.00
2015.11.09 16:13:04.614,0.86823,0.86835,1.50,1.87
2015.11.09 16:13:04.937,0.86822,0.86834,1.50,1.87
2015.11.09 16:13:04.988,0.86822,0.86834,1.50,1.87
2015.11.09 16:13:05.140,0.86823,0.86834,1.12,1.37
2015.11.09 16:13:05.394,0.86827,0.86839,1.75,1.00
2015.11.09 16:13:05.555,0.86827,0.86839,1.75,1.12
2015.11.09 16:13:05.858,0.86828,0.8684,1.75,3.00
2015.11.09 16:13:06.087,0.86829,0.86842,1.75,1.12
2015.11.09 16:13:06.239,0.86829,0.86843,3.00,1.37
2015.11.09 16:13:06.290,0.86834,0.86843,1.00,1.00
2015.11.09 16:13:06.799,0.86834,0.86844,1.00,1.12
2015.11.09 16:13:07.428,0.86833,0.86844,1.00,1.12
2015.11.09 16:13:07.530,0.8683,0.86844,1.50,2.25
2015.11.09 16:13:07.631,0.86831,0.86843,1.00,2.25
2015.11.09 16:13:07.733,0.8683,0.86842,1.87,1.37
2015.11.09 16:13:08.239,0.86831,0.8684,1.00,1.00
2015.11.09 16:13:08.442,0.8683,0.86842,1.12,1.75
2015.11.09 16:13:08.975,0.86829,0.86841,1.00,1.75
2015.11.09 16:13:13.861,0.86831,0.86841,1.00,1.87
2015.11.09 16:13:14.217,0.86831,0.8684,1.00,1.00
2015.11.09 16:13:14.678,0.86833,0.86843,1.00,1.87
2015.11.09 16:13:14.729,0.86833,0.86844,1.00,1.87
2015.11.09 16:13:15.135,0.86831,0.86843,1.12,1.12
2015.11.09 16:13:16.288,0.86833,0.86843,1.00,1.12
2015.11.09 16:13:16.969,0.8683,0.86841,1.12,1.00
2015.11.09 16:13:17.251,0.86829,0.86841,1.12,1.37
2015.11.09 16:13:18.061,0.86828,0.86841,1.37,1.87
2015.11.09 16:13:18.611,0.86828,0.86841,1.50,1.87
2015.11.09 16:13:19.601,0.86831,0.86841,1.00,1.87
2015.11.09 16:13:19.854,0.8683,0.86842,1.75,1.12
2015.11.09 16:13:22.266,0.86832,0.86842,1.00,1.12
2015.11.09 16:13:22.767,0.8683,0.86842,1.37,1.12
2015.11.09 16:13:23.705,0.86832,0.86842,1.00,1.12
2015.11.09 16:13:23.857,0.86832,0.86842,1.50,1.00
2015.11.09 16:13:23.908,0.86834,0.86842,1.00,1.00
2015.11.09 16:13:24.060,0.86833,0.86844,1.50,1.00
2015.11.09 16:13:24.212,0.86836,0.86845,1.00,1.00
2015.11.09 16:13:24.865,0.86835,0.86845,1.12,1.00
2015.11.09 16:13:25.756,0.86835,0.86846,1.37,1.37
2015.11.09 16:13:27.442,0.86835,0.86843,1.00,1.50
2015.11.09 16:13:27.958,0.8683,0.86842,1.75,1.50
2015.11.09 16:13:28.266,0.8683,0.86842,1.50,1.50
2015.11.09 16:13:29.213,0.86831,0.86838,1.12,1.37
2015.11.09 16:13:29.416,0.86824,0.86834,1.37,1.00
2015.11.09 16:13:29.467,0.86824,0.86834,1.00,1.12
2015.11.09 16:13:29.569,0.86822,0.86832,1.12,1.87
2015.11.09 16:13:30.179,0.86822,0.86831,1.00,1.37
2015.11.09 16:13:30.545,0.86823,0.86833,1.00,1.37
2015.11.09 16:13:30.646,0.86822,0.86834,1.75,1.37
2015.11.09 16:13:31.585,0.86823,0.86836,2.25,1.50
2015.11.09 16:13:31.687,0.86825,0.86837,2.25,1.37
2015.11.09 16:13:31.738,0.86826,0.8684,2.62,1.37
2015.11.09 16:13:31.890,0.86827,0.86841,1.12,1.50
2015.11.09 16:13:32.467,0.86827,0.86842,2.25,2.25
2015.11.09 16:13:32.800,0.86827,0.86838,1.87,1.00
2015.11.09 16:13:33.256,0.86827,0.86838,3.00,1.00
2015.11.09 16:13:33.623,0.86827,0.86841,1.75,1.12
2015.11.09 16:13:34.422,0.86827,0.86841,1.75,1.87
2015.11.09 16:13:34.878,0.86827,0.86839,1.75,1.00
2015.11.09 16:13:34.979,0.86825,0.86839,4.12,1.00
2015.11.09 16:13:35.182,0.86825,0.86839,4.12,1.12
2015.11.09 16:13:37.516,0.86831,0.86843,1.00,2.25
2015.11.09 16:13:37.871,0.8683,0.86844,2.25,2.25
2015.11.09 16:13:38.379,0.8683,0.86844,2.25,2.25
2015.11.09 16:13:39.406,0.8683,0.86843,1.75,1.50
2015.11.09 16:13:39.934,0.86827,0.86842,2.25,1.87
2015.11.09 16:13:40.373,0.86832,0.86842,1.00,2.25
2015.11.09 16:13:40.627,0.86828,0.86842,2.25,2.25
2015.11.09 16:13:40.831,0.86827,0.86842,3.00,1.50
2015.11.09 16:13:40.882,0.86827,0.8684,3.00,1.00
2015.11.09 16:13:41.404,0.86827,0.86839,2.25,1.00
2015.11.09 16:13:41.946,0.86827,0.8684,2.62,1.37
2015.11.09 16:13:42.301,0.86829,0.8684,1.00,1.50
2015.11.09 16:13:46.235,0.86827,0.8684,1.12,1.00
2015.11.09 16:13:46.751,0.86828,0.8684,1.37,1.00
2015.11.09 16:13:47.262,0.8683,0.8684,1.00,1.12
2015.11.09 16:13:47.769,0.86827,0.8684,1.12,1.87
2015.11.09 16:13:48.318,0.86826,0.86841,1.12,3.75
2015.11.09 16:13:48.824,0.86827,0.8684,1.87,1.00
2015.11.09 16:13:50.921,0.8683,0.86842,1.50,2.25
2015.11.09 16:13:50.972,0.86832,0.86843,1.37,1.50
2015.11.09 16:13:51.312,0.86839,0.86849,1.12,1.12
2015.11.09 16:13:52.174,0.86838,0.86848,1.50,1.00
2015.11.09 16:13:54.694,0.86838,0.8685,1.37,1.37
2015.11.09 16:13:54.846,0.86837,0.86851,1.12,1.50
2015.11.09 16:13:55.402,0.86842,0.86853,1.00,1.75
2015.11.09 16:13:56.008,0.86839,0.86851,1.50,1.37
2015.11.09 16:13:56.059,0.86839,0.86851,1.12,1.12
2015.11.09 16:13:56.919,0.86837,0.86851,1.37,1.12
2015.11.09 16:13:58.170,0.86838,0.86852,1.50,2.62
2015.11.09 16:13:58.221,0.86839,0.86852,1.12,1.87
2015.11.09 16:13:58.628,0.86843,0.86853,1.00,1.50
2015.11.09 16:13:59.173,0.86842,0.86853,1.00,1.50
2015.11.09 16:13:59.724,0.86841,0.86852,1.00,1.37
2015.11.09 16:14:00.532,0.8684,0.86852,1.50,1.12
2015.11.09 16:14:01.048,0.8684,0.86852,1.00,1.12
2015.11.09 16:14:02.027,0.86842,0.86855,1.12,1.75
2015.11.09 16:14:02.331,0.86846,0.86856,1.87,1.00
2015.11.09 16:14:04.370,0.86845,0.86856,1.00,1.75
2015.11.09 16:14:04.889,0.86844,0.86856,1.00,1.87
2015.11.09 16:14:06.673,0.86842,0.86856,1.12,1.87
2015.11.09 16:14:08.454,0.86842,0.86853,1.37,1.87
2015.11.09 16:14:08.555,0.86842,0.86853,1.50,1.37
2015.11.09 16:14:09.031,0.8684,0.86852,1.50,1.75
2015.11.09 16:14:09.184,0.8684,0.86852,1.37,1.12
2015.11.09 16:14:09.950,0.86841,0.86853,1.00,2.25
2015.11.09 16:14:10.474,0.8684,0.86851,1.87,1.12
2015.11.09 16:14:10.677,0.8684,0.86851,1.50,1.12
2015.11.09 16:14:11.487,0.8684,0.86852,1.37,1.12
2015.11.09 16:14:11.589,0.8684,0.86854,1.75,1.12
2015.11.09 16:14:14.580,0.86842,0.86855,1.00,2.25
2015.11.09 16:14:14.682,0.86838,0.86847,2.62,1.00
2015.11.09 16:14:14.784,0.86839,0.86847,1.00,1.00
2015.11.09 16:14:15.453,0.86839,0.86849,1.00,1.00
2015.11.09 16:14:15.706,0.86841,0.86851,1.37,1.00
2015.11.09 16:14:16.364,0.86841,0.86852,1.50,1.00
2015.11.09 16:14:18.581,0.86839,0.86854,3.37,1.50
2015.11.09 16:14:19.180,0.8684,0.86854,1.12,2.25
2015.11.09 16:14:19.688,0.8684,0.86854,1.75,1.00
2015.11.09 16:14:20.013,0.86842,0.86854,1.00,1.50
2015.11.09 16:14:22.073,0.8684,0.86853,1.87,1.87
2015.11.09 16:14:24.610,0.86843,0.86854,1.00,1.87
2015.11.09 16:14:26.289,0.86843,0.86854,1.00,1.37
2015.11.09 16:14:26.416,0.86841,0.86853,1.00,1.50
2015.11.09 16:14:26.721,0.8684,0.86852,1.37,1.37
2015.11.09 16:14:26.924,0.8684,0.86851,1.37,1.00
2015.11.09 16:14:27.757,0.8684,0.86852,1.00,1.12
2015.11.09 16:14:29.488,0.8684,0.86852,1.00,1.12
2015.11.09 16:14:30.821,0.86839,0.8685,2.62,1.00
2015.11.09 16:14:31.435,0.86841,0.86855,1.87,1.12
2015.11.09 16:14:31.486,0.86843,0.86853,1.37,1.00
2015.11.09 16:14:31.587,0.86845,0.86857,1.12,1.75
2015.11.09 16:14:33.305,0.86844,0.86858,2.62,3.00
2015.11.09 16:14:33.507,0.86845,0.86854,1.00,1.00
2015.11.09 16:14:33.609,0.86843,0.86856,1.00,1.87
2015.11.09 16:14:34.018,0.86841,0.86854,1.12,1.75
2015.11.09 16:14:34.526,0.86841,0.86852,1.12,1.50
2015.11.09 16:14:34.806,0.86841,0.86852,1.00,1.75
2015.11.09 16:14:34.857,0.86837,0.86848,1.87,1.37
2015.11.09 16:14:34.908,0.86836,0.86848,1.50,1.50
2015.11.09 16:14:35.439,0.86836,0.86849,1.87,1.87
2015.11.09 16:14:36.313,0.86836,0.86849,1.37,1.87
2015.11.09 16:14:36.863,0.86837,0.86848,1.00,1.00
2015.11.09 16:14:37.919,0.86839,0.86848,1.37,1.12
2015.11.09 16:14:38.940,0.86838,0.8685,2.25,1.87
2015.11.09 16:14:40.017,0.8684,0.86851,1.12,1.37
2015.11.09 16:14:40.576,0.86841,0.86851,1.00,1.37
2015.11.09 16:14:41.034,0.86843,0.86852,1.00,1.87
2015.11.09 16:14:41.323,0.86837,0.86849,1.75,1.12
2015.11.09 16:14:41.930,0.86838,0.86848,1.00,1.12
2015.11.09 16:14:42.437,0.86841,0.86847,1.00,1.00
2015.11.09 16:14:42.845,0.86839,0.86852,1.37,1.12
2015.11.09 16:14:43.355,0.86839,0.86852,1.00,1.12
2015.11.09 16:14:43.907,0.86839,0.86851,1.12,1.12
2015.11.09 16:14:44.420,0.86839,0.86851,1.37,1.12
2015.11.09 16:14:46.964,0.86839,0.8685,1.12,1.00
2015.11.09 16:14:47.116,0.86839,0.86849,1.12,1.37
2015.11.09 16:14:48.249,0.86839,0.86849,1.12,1.12
2015.11.09 16:14:50.204,0.8684,0.86849,1.00,1.00
2015.11.09 16:14:50.742,0.86839,0.86848,1.37,1.00
2015.11.09 16:14:51.083,0.86837,0.86849,1.37,1.37
2015.11.09 16:14:51.629,0.86838,0.86849,1.37,1.37
2015.11.09 16:14:51.782,0.86842,0.86851,1.00,1.12
2015.11.09 16:14:52.310,0.86837,0.86851,1.87,1.87
2015.11.09 16:14:52.462,0.86839,0.86851,1.00,1.87
2015.11.09 16:14:53.174,0.86837,0.8685,1.12,1.12
2015.11.09 16:14:53.678,0.86839,0.86851,2.62,1.00
2015.11.09 16:14:53.836,0.86839,0.8685,1.37,2.62
2015.11.09 16:14:53.887,0.86839,0.86849,1.12,1.00
2015.11.09 16:14:53.989,0.86838,0.86849,1.12,1.75
2015.11.09 16:14:54.141,0.86838,0.86849,1.12,1.37
2015.11.09 16:14:54.649,0.86839,0.86848,1.00,1.00
2015.11.09 16:14:55.188,0.8684,0.86849,1.00,1.37
2015.11.09 16:14:56.289,0.8684,0.86851,1.00,2.62
2015.11.09 16:14:56.793,0.86839,0.86849,1.12,2.25
2015.11.09 16:14:57.725,0.8684,0.86849,1.00,2.25
2015.11.09 16:14:58.267,0.86839,0.86849,1.00,2.62
2015.11.09 16:14:58.887,0.86838,0.86849,1.00,3.00
2015.11.09 16:14:59.399,0.86835,0.86846,1.87,1.12
2015.11.09 16:14:59.905,0.86835,0.86846,1.50,1.50
2015.11.09 16:15:00.411,0.86837,0.86848,1.00,2.62
2015.11.09 16:15:01.026,0.86835,0.86847,1.12,2.25
2015.11.09 16:15:01.561,0.86834,0.86846,1.12,1.37
2015.11.09 16:15:02.482,0.86833,0.86845,1.50,4.50
2015.11.09 16:15:02.684,0.86833,0.86845,1.37,4.50
2015.11.09 16:15:02.735,0.86833,0.86845,1.50,1.87
2015.11.09 16:15:04.677,0.86834,0.86845,1.37,1.12
2015.11.09 16:15:05.355,0.86836,0.86846,1.00,1.00
2015.11.09 16:15:06.328,0.86835,0.86846,1.00,1.00
2015.11.09 16:15:08.625,0.86836,0.86849,1.75,1.50
2015.11.09 16:15:08.929,0.86848,0.86858,1.00,1.75
2015.11.09 16:15:09.030,0.86844,0.86858,1.50,3.37
2015.11.09 16:15:09.513,0.86844,0.86856,1.00,2.25
2015.11.09 16:15:10.078,0.86843,0.86855,1.12,1.87
2015.11.09 16:15:13.165,0.86842,0.86855,1.12,1.12
2015.11.09 16:15:14.714,0.86841,0.86854,1.50,1.50
2015.11.09 16:15:14.815,0.86841,0.86852,1.37,1.00
2015.11.09 16:15:14.916,0.8684,0.86854,1.12,1.12
2015.11.09 16:15:15.018,0.8684,0.86854,1.12,1.12
2015.11.09 16:15:15.069,0.86842,0.86854,1.00,1.12
2015.11.09 16:15:15.502,0.86839,0.86853,3.75,3.37
2015.11.09 16:15:16.328,0.86839,0.86853,2.25,2.62
2015.11.09 16:15:17.527,0.8684,0.86853,1.37,1.87
2015.11.09 16:15:17.780,0.86845,0.86856,1.00,1.75
2015.11.09 16:15:17.831,0.86844,0.86856,1.75,1.50
2015.11.09 16:15:17.932,0.86844,0.86857,2.62,1.50
2015.11.09 16:15:18.159,0.86849,0.86857,1.00,1.00
2015.11.09 16:15:18.669,0.86844,0.86857,2.62,1.00
2015.11.09 16:15:18.973,0.86841,0.86853,1.37,1.12
2015.11.09 16:15:19.451,0.8684,0.8685,1.00,1.00
2015.11.09 16:15:19.757,0.86838,0.8685,1.00,1.12
2015.11.09 16:15:20.062,0.8684,0.8685,1.00,1.00
2015.11.09 16:15:21.050,0.86838,0.8685,1.87,1.50
2015.11.09 16:15:21.100,0.86838,0.8685,1.12,1.75
2015.11.09 16:15:21.557,0.86837,0.8685,1.12,1.50
2015.11.09 16:15:22.765,0.86839,0.86851,1.87,1.12
2015.11.09 16:15:24.149,0.8684,0.86853,1.00,3.37
2015.11.09 16:15:24.656,0.86839,0.86852,1.12,1.12
2015.11.09 16:15:25.951,0.86839,0.86853,1.12,3.37
2015.11.09 16:15:26.356,0.86839,0.86849,1.50,1.00
2015.11.09 16:15:29.644,0.86839,0.86853,1.00,4.12
2015.11.09 16:15:30.175,0.86839,0.86853,1.12,3.37
2015.11.09 16:15:32.809,0.86839,0.86853,4.12,1.87
2015.11.09 16:15:33.117,0.8684,0.86848,1.50,1.50
2015.11.09 16:15:33.373,0.86837,0.86848,1.00,1.87
2015.11.09 16:15:33.474,0.86836,0.86848,1.75,1.50
2015.11.09 16:15:33.627,0.8684,0.8685,1.00,1.12
2015.11.09 16:15:33.779,0.86837,0.8685,2.62,1.00
2015.11.09 16:15:34.444,0.86836,0.8685,2.25,1.37
2015.11.09 16:15:35.295,0.86837,0.8685,1.75,1.12
2015.11.09 16:15:35.932,0.86836,0.86849,1.75,1.50
2015.11.09 16:15:36.388,0.86836,0.8685,2.62,1.00
2015.11.09 16:15:38.766,0.86839,0.86852,1.00,1.75
2015.11.09 16:15:40.375,0.86839,0.86849,1.00,1.50
2015.11.09 16:15:40.681,0.86834,0.86846,1.75,1.00
2015.11.09 16:15:40.732,0.86834,0.86846,1.75,1.00
2015.11.09 16:15:40.783,0.86834,0.86845,1.50,2.25
2015.11.09 16:15:40.834,0.86834,0.86844,1.12,1.37
2015.11.09 16:15:41.239,0.8683,0.86844,1.75,3.00
2015.11.09 16:15:41.461,0.8683,0.86842,1.50,2.25
2015.11.09 16:15:41.514,0.8683,0.8684,1.00,1.00
2015.11.09 16:15:42.019,0.86829,0.8684,1.87,1.00
2015.11.09 16:15:43.484,0.86827,0.86841,1.75,3.00
2015.11.09 16:15:43.636,0.86826,0.86839,2.62,1.12
2015.11.09 16:15:44.193,0.86827,0.86839,1.00,2.62
2015.11.09 16:15:44.396,0.86826,0.86839,2.25,1.37
2015.11.09 16:15:44.447,0.86826,0.86839,2.62,1.00
2015.11.09 16:15:44.954,0.86827,0.8684,1.75,1.37
2015.11.09 16:15:45.286,0.8683,0.86841,1.12,1.00
2015.11.09 16:15:45.388,0.86829,0.86841,1.12,1.75
2015.11.09 16:15:46.099,0.86828,0.8684,1.87,1.00
2015.11.09 16:15:47.958,0.86827,0.8684,1.75,1.50
2015.11.09 16:15:48.464,0.86825,0.8684,1.87,2.25
2015.11.09 16:15:48.825,0.86825,0.86835,1.87,1.00
2015.11.09 16:15:49.453,0.86824,0.86835,1.87,1.00
2015.11.09 16:15:50.110,0.86824,0.86838,1.50,1.75
2015.11.09 16:15:50.525,0.86824,0.86839,2.62,1.87
2015.11.09 16:15:53.691,0.86826,0.86839,1.37,1.50
2015.11.09 16:15:53.961,0.86826,0.8684,1.87,1.37
2015.11.09 16:15:54.417,0.8683,0.86844,1.37,2.62
2015.11.09 16:15:54.469,0.8683,0.86844,1.75,2.62
2015.11.09 16:15:54.723,0.86832,0.86844,1.37,1.12
2015.11.09 16:15:55.038,0.86828,0.8684,1.37,1.37
2015.11.09 16:15:55.190,0.86827,0.86838,1.37,1.37
2015.11.09 16:15:55.697,0.86824,0.86839,3.37,1.50
2015.11.09 16:15:56.192,0.8683,0.86839,1.37,1.37
2015.11.09 16:15:56.698,0.8683,0.8684,1.12,3.00
2015.11.09 16:15:56.901,0.8683,0.8684,1.12,1.00
2015.11.09 16:15:58.557,0.8683,0.86839,1.50,1.00
2015.11.09 16:15:59.109,0.8683,0.8684,2.62,1.00
2015.11.09 16:15:59.615,0.8683,0.8684,1.37,1.50
2015.11.09 16:16:02.297,0.86829,0.8684,1.00,1.50
2015.11.09 16:16:02.550,0.86828,0.86837,1.87,1.00
2015.11.09 16:16:02.866,0.86824,0.86836,1.37,3.75
2015.11.09 16:16:02.917,0.86822,0.86835,1.50,1.12
2015.11.09 16:16:03.423,0.8682,0.86834,2.25,2.25
2015.11.09 16:16:03.729,0.8682,0.86831,1.37,1.50
2015.11.09 16:16:03.928,0.86817,0.86827,1.87,1.37
2015.11.09 16:16:03.980,0.86815,0.86827,1.00,1.75
2015.11.09 16:16:04.132,0.86814,0.86825,2.25,1.00
2015.11.09 16:16:04.335,0.86815,0.86825,1.00,1.50
2015.11.09 16:16:05.432,0.86815,0.86824,1.12,1.37
2015.11.09 16:16:05.584,0.86817,0.86824,1.00,1.37
2015.11.09 16:16:06.091,0.86816,0.86824,1.00,1.37
2015.11.09 16:16:06.628,0.86815,0.86827,1.37,1.75
2015.11.09 16:16:07.365,0.86817,0.86827,1.00,1.75
2015.11.09 16:16:07.525,0.86817,0.86826,1.00,1.00
2015.11.09 16:16:08.474,0.86817,0.86827,1.00,1.75
2015.11.09 16:16:08.929,0.86818,0.86827,1.12,1.37
2015.11.09 16:16:09.472,0.86817,0.86827,1.50,1.00
2015.11.09 16:16:10.185,0.86818,0.86826,1.00,1.00
2015.11.09 16:16:10.287,0.86818,0.86828,1.00,1.00
2015.11.09 16:16:10.439,0.86818,0.86828,1.37,1.00
2015.11.09 16:16:10.810,0.86813,0.86826,1.37,4.12
2015.11.09 16:16:10.912,0.86811,0.86821,1.12,1.00
2015.11.09 16:16:11.064,0.86811,0.86821,1.00,1.12
2015.11.09 16:16:11.577,0.86809,0.86822,1.37,1.50
2015.11.09 16:16:13.022,0.8681,0.86822,1.50,1.50
2015.11.09 16:16:14.118,0.86811,0.86822,1.37,1.87
2015.11.09 16:16:14.955,0.86811,0.86823,1.50,1.50
2015.11.09 16:16:15.460,0.86811,0.86824,1.12,2.25
2015.11.09 16:16:15.967,0.86813,0.86824,1.00,1.75
2015.11.09 16:16:17.673,0.86813,0.86822,1.00,1.75
2015.11.09 16:16:17.825,0.86811,0.86822,1.00,1.75
2015.11.09 16:16:18.780,0.86811,0.86824,1.00,2.25
2015.11.09 16:16:19.313,0.86811,0.86819,1.00,1.00
2015.11.09 16:16:19.663,0.86808,0.8682,1.00,3.00
2015.11.09 16:16:19.714,0.86804,0.86818,1.50,1.75
2015.11.09 16:16:19.765,0.86804,0.86817,1.00,1.12
2015.11.09 16:16:19.816,0.86808,0.86817,1.00,1.87
2015.11.09 16:16:19.918,0.86803,0.86816,2.62,1.12
2015.11.09 16:16:20.677,0.86807,0.86817,1.00,3.00
2015.11.09 16:16:20.924,0.86807,0.86817,1.00,1.00
2015.11.09 16:16:20.976,0.86808,0.86817,1.37,1.00
2015.11.09 16:16:21.482,0.86808,0.8682,1.00,1.75
2015.11.09 16:16:21.989,0.86808,0.86818,2.62,1.00
2015.11.09 16:16:22.504,0.86808,0.86822,2.62,1.87
2015.11.09 16:16:22.606,0.8681,0.8682,1.87,1.00
2015.11.09 16:16:23.244,0.8681,0.8682,1.00,1.00
2015.11.09 16:16:23.295,0.86808,0.86822,2.25,3.37
2015.11.09 16:16:23.810,0.86809,0.8682,1.00,1.50
2015.11.09 16:16:24.160,0.86806,0.86816,1.12,1.50
2015.11.09 16:16:24.561,0.86806,0.86816,1.37,1.12
2015.11.09 16:16:24.612,0.86808,0.86818,1.00,1.00
2015.11.09 16:16:24.815,0.86807,0.86821,1.12,2.25
2015.11.09 16:16:24.967,0.86811,0.86821,1.37,2.25
2015.11.09 16:16:25.782,0.86811,0.86822,2.25,1.37
2015.11.09 16:16:25.987,0.86814,0.86824,1.00,1.12
2015.11.09 16:16:26.089,0.86813,0.86825,1.50,1.75
2015.11.09 16:16:26.706,0.86812,0.86823,1.12,1.12
2015.11.09 16:16:26.810,0.86811,0.86823,2.25,1.50
2015.11.09 16:16:27.273,0.86812,0.86825,1.37,1.37
2015.11.09 16:16:27.324,0.86815,0.86825,1.00,1.12
2015.11.09 16:16:27.425,0.86812,0.86825,1.37,1.12
2015.11.09 16:16:27.958,0.86813,0.86825,1.00,1.37
2015.11.09 16:16:28.010,0.86812,0.86824,1.12,1.00
2015.11.09 16:16:28.111,0.86811,0.86824,1.12,1.12
2015.11.09 16:16:28.213,0.86811,0.86824,1.37,2.62
2015.11.09 16:16:28.314,0.8681,0.86824,2.62,1.87
2015.11.09 16:16:28.416,0.86814,0.86824,1.00,1.37
2015.11.09 16:16:28.821,0.86814,0.86826,1.87,1.37
2015.11.09 16:16:29.704,0.86814,0.86823,1.12,1.00
2015.11.09 16:16:30.009,0.86811,0.86821,1.12,1.00
2015.11.09 16:16:30.702,0.8681,0.86822,1.37,1.12
2015.11.09 16:16:31.208,0.86812,0.86824,1.37,2.25
2015.11.09 16:16:31.904,0.86813,0.86824,1.50,2.25
2015.11.09 16:16:32.209,0.86813,0.86827,1.87,2.25
2015.11.09 16:16:32.743,0.86813,0.86827,1.87,1.12
2015.11.09 16:16:33.348,0.86814,0.86827,1.12,1.37
2015.11.09 16:16:35.153,0.86814,0.86826,1.75,1.00
2015.11.09 16:16:35.809,0.86814,0.86827,1.75,2.62
2015.11.09 16:16:36.217,0.86817,0.86829,1.00,3.00
2015.11.09 16:16:36.522,0.86815,0.86829,1.12,3.00
2015.11.09 16:16:36.877,0.86816,0.86827,1.37,1.75
2015.11.09 16:16:37.387,0.86815,0.86828,2.25,3.75
2015.11.09 16:16:38.394,0.86814,0.86826,2.25,1.50
2015.11.09 16:16:39.116,0.86814,0.86825,1.00,1.00
2015.11.09 16:16:39.444,0.86812,0.86821,1.37,1.00
2015.11.09 16:16:39.952,0.86811,0.8682,1.37,1.00
2015.11.09 16:16:40.654,0.86812,0.8682,1.37,1.00
2015.11.09 16:16:41.614,0.86811,0.8682,1.37,1.00
2015.11.09 16:16:42.143,0.86812,0.86823,1.12,1.00
2015.11.09 16:16:42.679,0.86812,0.86825,1.50,3.37
2015.11.09 16:16:42.932,0.86813,0.86825,1.37,1.37
2015.11.09 16:16:43.034,0.86812,0.86827,1.87,3.00
2015.11.09 16:16:43.380,0.86814,0.86826,1.37,2.62
2015.11.09 16:16:45.369,0.86812,0.86823,1.37,1.75
2015.11.09 16:16:45.425,0.8681,0.86823,1.00,1.75
2015.11.09 16:16:45.930,0.8681,0.86823,1.00,1.75
2015.11.09 16:16:47.043,0.8681,0.86823,1.00,1.12
2015.11.09 16:16:47.878,0.86809,0.86823,1.12,1.12
2015.11.09 16:16:49.141,0.86807,0.86821,1.50,1.12
2015.11.09 16:16:49.654,0.86806,0.86821,1.75,1.12
2015.11.09 16:16:51.657,0.86808,0.86818,1.00,1.00
2015.11.09 16:16:52.190,0.86808,0.86822,1.50,1.75
2015.11.09 16:16:52.291,0.86808,0.86824,2.62,2.62
2015.11.09 16:16:52.393,0.8681,0.86824,1.87,2.62
2015.11.09 16:16:52.494,0.86814,0.86824,1.00,1.50
2015.11.09 16:16:53.199,0.86812,0.86823,1.75,1.37
2015.11.09 16:16:53.403,0.86812,0.86825,1.12,1.50
2015.11.09 16:16:53.914,0.86815,0.86825,1.00,1.87
2015.11.09 16:16:54.420,0.86815,0.86824,1.00,1.00
2015.11.09 16:16:54.663,0.86813,0.86824,1.75,1.00
2015.11.09 16:16:55.175,0.86814,0.86826,1.12,1.37
2015.11.09 16:16:56.304,0.86814,0.86827,1.12,1.50
2015.11.09 16:16:56.905,0.86814,0.86826,1.87,1.00
2015.11.09 16:16:57.430,0.86814,0.86826,1.37,1.37
2015.11.09 16:16:58.284,0.86816,0.86826,1.00,1.50
2015.11.09 16:16:58.893,0.86816,0.86826,1.50,1.00
2015.11.09 16:16:59.650,0.86817,0.86826,1.00,1.00
2015.11.09 16:17:00.198,0.86816,0.86829,2.25,1.12
2015.11.09 16:17:00.480,0.86819,0.86829,1.00,1.00
2015.11.09 16:17:01.114,0.86817,0.8683,1.37,1.12
2015.11.09 16:17:02.313,0.86816,0.8683,1.12,1.37
2015.11.09 16:17:03.646,0.86814,0.86825,2.62,1.00
2015.11.09 16:17:03.748,0.86813,0.86828,5.25,3.00
2015.11.09 16:17:03.799,0.86813,0.86828,2.25,3.37
2015.11.09 16:17:03.901,0.86816,0.86827,1.37,1.50
2015.11.09 16:17:04.206,0.86816,0.86827,1.75,1.12
2015.11.09 16:17:04.510,0.86818,0.86828,1.75,1.12
2015.11.09 16:17:04.816,0.86818,0.8683,1.75,1.00
2015.11.09 16:17:05.323,0.86823,0.86831,1.00,1.12
2015.11.09 16:17:05.873,0.86821,0.86834,1.12,2.62
2015.11.09 16:17:06.915,0.8682,0.86833,1.12,1.12
2015.11.09 16:17:07.421,0.86821,0.86833,1.12,1.00
2015.11.09 16:17:07.957,0.86823,0.86832,1.37,1.00
2015.11.09 16:17:08.272,0.86824,0.86834,1.00,1.12
2015.11.09 16:17:08.374,0.86823,0.86834,1.12,1.00
2015.11.09 16:17:08.730,0.86821,0.86834,1.12,1.12
2015.11.09 16:17:08.782,0.8682,0.86834,2.62,3.00
2015.11.09 16:17:08.833,0.8682,0.86829,1.50,1.12
2015.11.09 16:17:09.308,0.8682,0.86831,1.37,1.50
2015.11.09 16:17:10.168,0.86822,0.86833,1.00,1.87
2015.11.09 16:17:10.765,0.86822,0.86832,1.12,1.00
2015.11.09 16:17:11.072,0.86824,0.86834,1.00,1.37
2015.11.09 16:17:11.601,0.86822,0.86834,1.50,1.37
2015.11.09 16:17:12.167,0.86819,0.86833,1.75,1.87
2015.11.09 16:17:12.472,0.86819,0.8683,1.37,1.00
2015.11.09 16:17:12.523,0.86819,0.86832,1.00,1.75
2015.11.09 16:17:12.827,0.86819,0.86831,1.75,1.12
2015.11.09 16:17:13.131,0.86823,0.86831,1.00,1.00
2015.11.09 16:17:13.464,0.86823,0.86833,1.00,1.50
2015.11.09 16:17:13.977,0.86823,0.86834,1.50,1.50
2015.11.09 16:17:14.332,0.86821,0.86832,1.12,1.00
2015.11.09 16:17:15.212,0.8682,0.86833,1.75,1.50
2015.11.09 16:17:15.263,0.86823,0.86833,1.37,1.37
2015.11.09 16:17:16.336,0.86822,0.86832,1.75,1.00
2015.11.09 16:17:16.627,0.86822,0.86832,1.50,1.00
2015.11.09 16:17:16.881,0.8682,0.86833,1.37,1.75
2015.11.09 16:17:16.933,0.8682,0.8683,1.12,1.00
2015.11.09 16:17:17.137,0.86819,0.86832,1.87,1.37
2015.11.09 16:17:17.645,0.8682,0.86832,1.12,1.00
2015.11.09 16:17:18.241,0.86821,0.86832,1.50,1.50
2015.11.09 16:17:18.293,0.86821,0.8683,1.50,1.00
2015.11.09 16:17:18.445,0.86819,0.86831,1.00,1.75
2015.11.09 16:17:18.900,0.86819,0.86832,1.87,1.50
2015.11.09 16:17:18.951,0.86822,0.86832,1.00,1.50
2015.11.09 16:17:19.334,0.8682,0.86834,2.62,1.12
2015.11.09 16:17:19.955,0.86822,0.86835,1.87,1.50
2015.11.09 16:17:20.209,0.86823,0.86833,1.00,1.00
2015.11.09 16:17:20.438,0.86823,0.86833,1.00,1.50
2015.11.09 16:17:20.591,0.8682,0.86829,1.12,1.12
2015.11.09 16:17:20.995,0.86817,0.86832,1.75,4.50
2015.11.09 16:17:21.272,0.86818,0.8683,1.00,1.37
2015.11.09 16:17:21.763,0.86815,0.86829,1.75,2.62
2015.11.09 16:17:22.017,0.86818,0.86828,1.00,1.00
2015.11.09 16:17:22.271,0.86819,0.8683,2.25,1.00
2015.11.09 16:17:22.625,0.86817,0.86829,1.75,1.00
2015.11.09 16:17:22.676,0.86817,0.8683,1.50,3.00
2015.11.09 16:17:23.027,0.86814,0.86827,1.87,1.50
2015.11.09 16:17:23.078,0.86814,0.86827,1.12,1.50
2015.11.09 16:17:25.297,0.86813,0.86823,1.50,1.87
2015.11.09 16:17:25.652,0.86812,0.8682,1.00,1.00
2015.11.09 16:17:26.118,0.86811,0.86823,1.87,1.00
2015.11.09 16:17:26.626,0.86814,0.86827,1.12,2.62
2015.11.09 16:17:28.367,0.86812,0.86825,2.25,1.00
2015.11.09 16:17:30.115,0.86812,0.86824,1.12,1.37
2015.11.09 16:17:30.633,0.86812,0.86825,1.75,1.50
2015.11.09 16:17:31.184,0.86812,0.86826,1.75,1.37
2015.11.09 16:17:32.997,0.86814,0.86823,1.00,1.37
2015.11.09 16:17:33.502,0.86811,0.86823,2.25,1.37
2015.11.09 16:17:34.553,0.86812,0.86825,1.12,1.00
2015.11.09 16:17:34.929,0.86818,0.86826,1.00,1.00
2015.11.09 16:17:35.132,0.86818,0.86832,1.75,2.62
2015.11.09 16:17:35.334,0.86821,0.86833,1.37,1.50
2015.11.09 16:17:35.913,0.86824,0.86835,1.00,1.87
2015.11.09 16:17:36.306,0.86822,0.86835,1.12,1.87
2015.11.09 16:17:36.707,0.86822,0.86835,1.50,1.75
2015.11.09 16:17:36.809,0.86822,0.86833,1.37,1.00
2015.11.09 16:17:37.577,0.86824,0.86834,1.00,1.00
2015.11.09 16:17:37.831,0.86824,0.86834,1.75,1.00
2015.11.09 16:17:37.883,0.86824,0.86836,1.75,1.12
2015.11.09 16:17:38.288,0.86823,0.86834,1.12,1.00
2015.11.09 16:17:38.643,0.86822,0.86833,1.12,1.00
2015.11.09 16:17:39.028,0.8682,0.8683,1.37,1.37
2015.11.09 16:17:39.131,0.8682,0.86832,1.75,2.25
2015.11.09 16:17:39.283,0.86818,0.8683,2.25,1.00
2015.11.09 16:17:39.587,0.86824,0.86831,1.00,1.00
2015.11.09 16:17:40.227,0.86824,0.86832,1.00,1.00
2015.11.09 16:17:40.530,0.86824,0.86834,1.00,1.00
2015.11.09 16:17:41.037,0.8682,0.86835,1.87,2.62
2015.11.09 16:17:41.239,0.86819,0.86831,1.12,1.00
2015.11.09 16:17:41.582,0.86817,0.86831,1.75,1.75
2015.11.09 16:17:41.835,0.86819,0.86833,1.12,1.12
2015.11.09 16:17:43.169,0.86823,0.86834,1.12,1.12
2015.11.09 16:17:43.829,0.86822,0.86833,3.37,1.00
2015.11.09 16:17:44.337,0.86823,0.86834,1.12,1.00
2015.11.09 16:17:44.620,0.86823,0.86833,1.00,1.00
2015.11.09 16:17:44.673,0.86821,0.86834,1.12,1.12
2015.11.09 16:17:44.775,0.86821,0.86834,1.12,1.50
2015.11.09 16:17:46.250,0.86821,0.86831,1.12,1.00
2015.11.09 16:17:46.755,0.86821,0.86833,1.12,1.12
2015.11.09 16:17:47.292,0.86824,0.86835,1.00,1.50
2015.11.09 16:17:47.444,0.86821,0.86834,2.62,1.00
2015.11.09 16:17:47.546,0.86827,0.86836,1.00,1.50
2015.11.09 16:17:47.961,0.86824,0.86836,1.37,1.50
2015.11.09 16:17:48.647,0.86823,0.86836,1.37,4.50
2015.11.09 16:17:51.853,0.86822,0.86835,1.12,2.25
2015.11.09 16:17:53.523,0.86818,0.86832,1.87,2.62
2015.11.09 16:17:55.398,0.86819,0.86828,1.12,1.00
2015.11.09 16:17:55.499,0.86817,0.86828,1.12,1.00
2015.11.09 16:17:55.803,0.86816,0.86827,1.37,1.12
2015.11.09 16:17:56.867,0.86818,0.86828,1.00,2.25
2015.11.09 16:17:57.462,0.86816,0.86828,1.87,1.87
2015.11.09 16:17:57.666,0.86819,0.86829,1.50,2.62
2015.11.09 16:17:57.886,0.86823,0.86831,1.50,3.75
2015.11.09 16:17:57.937,0.86823,0.86835,1.50,3.00
2015.11.09 16:17:57.988,0.86823,0.86835,1.75,2.25
2015.11.09 16:17:58.495,0.86824,0.86837,1.75,1.50
2015.11.09 16:17:58.698,0.86825,0.86837,1.75,1.00
2015.11.09 16:17:58.800,0.86825,0.86839,1.87,1.00
2015.11.09 16:17:59.282,0.86826,0.86841,2.25,1.75
2015.11.09 16:17:59.789,0.86825,0.86838,1.12,1.12
2015.11.09 16:17:59.892,0.86824,0.86837,1.87,1.75
2015.11.09 16:18:00.810,0.86824,0.86837,1.87,1.87
2015.11.09 16:18:01.467,0.86823,0.86837,1.37,2.62
2015.11.09 16:18:01.980,0.86823,0.86833,1.00,1.12
2015.11.09 16:18:02.183,0.86823,0.86833,2.25,1.00
2015.11.09 16:18:02.286,0.86823,0.86834,2.25,1.37
2015.11.09 16:18:02.798,0.86823,0.86834,1.87,1.50
2015.11.09 16:18:03.327,0.86823,0.86834,1.00,1.87
2015.11.09 16:18:03.935,0.86823,0.86831,1.00,1.00
2015.11.09 16:18:04.244,0.86818,0.86828,1.12,1.00
2015.11.09 16:18:04.396,0.86815,0.86828,1.37,1.12
2015.11.09 16:18:07.724,0.86815,0.86828,1.50,1.12
2015.11.09 16:18:08.230,0.86817,0.86827,1.00,1.00
2015.11.09 16:18:08.622,0.86818,0.86831,1.37,1.12
2015.11.09 16:18:08.725,0.86819,0.86832,1.37,1.12
2015.11.09 16:18:09.231,0.86819,0.86832,1.12,1.75
2015.11.09 16:18:12.292,0.86817,0.86831,2.62,1.87
2015.11.09 16:18:12.343,0.86817,0.86827,1.87,1.00
2015.11.09 16:18:12.655,0.86818,0.86833,1.50,2.62
2015.11.09 16:18:12.757,0.86818,0.86833,2.25,2.62
2015.11.09 16:18:13.124,0.8682,0.86833,1.87,1.87
2015.11.09 16:18:17.936,0.8682,0.86833,2.25,1.75
2015.11.09 16:18:18.441,0.8682,0.86831,1.50,1.12
2015.11.09 16:18:18.947,0.8682,0.86832,1.50,1.50
2015.11.09 16:18:19.496,0.8682,0.86832,1.00,1.50
2015.11.09 16:18:20.081,0.8682,0.8683,1.00,1.00
2015.11.09 16:18:20.667,0.86819,0.8683,2.25,1.50
2015.11.09 16:18:21.355,0.86817,0.8683,2.62,1.50
2015.11.09 16:18:21.962,0.86818,0.86828,1.12,1.00
2015.11.09 16:18:22.506,0.86818,0.86832,2.25,1.75
2015.11.09 16:18:22.862,0.86818,0.86832,2.62,2.62
2015.11.09 16:18:23.165,0.86818,0.86832,2.25,2.25
2015.11.09 16:18:24.226,0.8682,0.86831,1.00,1.50
2015.11.09 16:18:24.580,0.86817,0.8683,1.50,1.75
2015.11.09 16:18:25.141,0.86818,0.86828,1.00,2.25
2015.11.09 16:18:25.748,0.86819,0.86827,1.37,1.12
2015.11.09 16:18:26.253,0.86819,0.86829,1.37,1.50
2015.11.09 16:18:26.924,0.86815,0.86826,3.00,1.37
2015.11.09 16:18:27.464,0.86819,0.86826,1.00,1.37
2015.11.09 16:18:28.268,0.86817,0.86826,1.50,1.37
2015.11.09 16:18:28.724,0.86815,0.86823,1.75,1.37
2015.11.09 16:18:28.776,0.86817,0.86823,1.00,1.37
2015.11.09 16:18:28.878,0.86813,0.86823,1.50,1.37
2015.11.09 16:18:29.335,0.86812,0.8682,1.37,1.37
2015.11.09 16:18:29.386,0.86809,0.8682,2.25,1.37
2015.11.09 16:18:29.896,0.86808,0.86821,1.87,1.37
2015.11.09 16:18:30.251,0.86808,0.86819,1.37,1.00
2015.11.09 16:18:31.160,0.8681,0.86819,1.37,1.00
2015.11.09 16:18:31.263,0.86814,0.86824,1.00,1.12
2015.11.09 16:18:31.365,0.86812,0.86826,5.25,1.00
2015.11.09 16:18:31.892,0.86812,0.86827,3.75,1.87
2015.11.09 16:18:34.306,0.86811,0.86825,1.75,1.37
2015.11.09 16:18:34.357,0.86812,0.86822,1.00,1.00
2015.11.09 16:18:34.662,0.8681,0.8682,1.12,1.00
2015.11.09 16:18:35.067,0.8681,0.86822,1.12,1.00
2015.11.09 16:18:35.269,0.8681,0.86822,1.37,1.50
2015.11.09 16:18:36.036,0.86807,0.86819,2.62,1.37
2015.11.09 16:18:36.572,0.86807,0.86818,1.12,1.00
2015.11.09 16:18:40.571,0.86807,0.86821,2.25,1.37
2015.11.09 16:18:40.774,0.86809,0.86823,1.75,1.50
2015.11.09 16:18:41.151,0.8681,0.86821,1.50,1.50
2015.11.09 16:18:41.455,0.8681,0.86823,3.00,1.87
2015.11.09 16:18:41.910,0.86809,0.86822,1.75,1.50
2015.11.09 16:18:42.178,0.86809,0.86822,1.75,1.87
2015.11.09 16:18:42.241,0.86808,0.8682,1.75,1.00
2015.11.09 16:18:42.545,0.86802,0.86814,1.50,1.37
2015.11.09 16:18:42.597,0.86803,0.86814,1.12,1.50
2015.11.09 16:18:42.951,0.86802,0.86814,1.75,1.50
2015.11.09 16:18:43.154,0.86802,0.86816,1.75,1.37
2015.11.09 16:18:43.428,0.86803,0.86818,2.25,2.62
2015.11.09 16:18:43.985,0.86804,0.86818,1.75,1.50
2015.11.09 16:18:45.487,0.86806,0.86819,2.25,1.50
2015.11.09 16:18:46.011,0.8681,0.8682,1.50,1.87
2015.11.09 16:18:46.563,0.8681,0.86819,1.50,1.00
2015.11.09 16:18:47.100,0.8681,0.86819,1.00,1.00
2015.11.09 16:18:47.606,0.86809,0.86819,1.12,1.50
2015.11.09 16:18:49.657,0.86807,0.86819,1.75,1.00
2015.11.09 16:18:50.448,0.86806,0.86819,3.75,1.50
2015.11.09 16:18:50.955,0.86806,0.86818,3.75,1.00
2015.11.09 16:18:52.358,0.86807,0.86819,1.75,1.37
2015.11.09 16:18:52.864,0.86809,0.86819,1.00,1.12
2015.11.09 16:18:56.262,0.86806,0.86819,3.75,1.00
2015.11.09 16:18:56.812,0.86806,0.86819,3.75,1.50
2015.11.09 16:18:57.956,0.86806,0.86819,3.75,1.00
2015.11.09 16:18:59.685,0.86809,0.8682,1.75,1.00
2015.11.09 16:19:00.051,0.86811,0.86821,1.75,1.37
2015.11.09 16:19:00.380,0.86811,0.86822,1.50,1.12
2015.11.09 16:19:00.915,0.86809,0.86822,1.75,1.50
2015.11.09 16:19:01.925,0.86809,0.86822,1.75,1.50
2015.11.09 16:19:02.670,0.86809,0.86821,1.75,1.00
2015.11.09 16:19:04.136,0.86811,0.86821,1.00,1.00
2015.11.09 16:19:04.237,0.86807,0.86821,1.75,1.12
2015.11.09 16:19:05.042,0.86807,0.86821,1.87,1.12
2015.11.09 16:19:06.384,0.86809,0.86822,1.75,1.00
2015.11.09 16:19:06.919,0.86809,0.86821,1.75,1.00
2015.11.09 16:19:07.476,0.86808,0.86822,1.75,1.87
2015.11.09 16:19:10.564,0.8681,0.86823,1.50,1.37
2015.11.09 16:19:10.868,0.8681,0.86822,1.50,1.37
2015.11.09 16:19:11.256,0.8681,0.86823,1.75,1.37
2015.11.09 16:19:11.762,0.86813,0.86824,1.50,1.50
2015.11.09 16:19:11.914,0.86814,0.86825,1.50,1.00
2015.11.09 16:19:12.422,0.86816,0.86827,1.00,2.25
2015.11.09 16:19:12.473,0.86819,0.86827,2.25,1.37
2015.11.09 16:19:12.716,0.86825,0.86833,1.00,1.00
2015.11.09 16:19:12.868,0.86822,0.86836,1.75,1.87
2015.11.09 16:19:16.170,0.86824,0.86837,1.12,1.12
2015.11.09 16:19:18.390,0.86824,0.86837,1.12,1.50
2015.11.09 16:19:20.095,0.86824,0.86838,1.12,1.50
2015.11.09 16:19:22.384,0.86826,0.86836,1.00,1.00
2015.11.09 16:19:22.435,0.86824,0.86837,1.37,3.00
2015.11.09 16:19:22.487,0.8682,0.86836,3.37,1.75
2015.11.09 16:19:22.999,0.86823,0.86835,1.50,2.25
2015.11.09 16:19:24.885,0.86822,0.86834,1.50,1.37
2015.11.09 16:19:24.987,0.8682,0.86834,2.25,1.12
2015.11.09 16:19:25.508,0.8682,0.86832,2.25,1.50
2015.11.09 16:19:26.153,0.86818,0.86832,1.75,1.00
2015.11.09 16:19:26.204,0.86817,0.86829,2.25,1.00
2015.11.09 16:19:26.306,0.86816,0.86829,1.12,1.00
2015.11.09 16:19:26.357,0.86815,0.86829,2.25,1.37
2015.11.09 16:19:26.408,0.86817,0.86827,1.00,1.00
2015.11.09 16:19:27.087,0.86814,0.86829,1.87,1.87
2015.11.09 16:19:30.425,0.86815,0.86829,1.75,1.37
2015.11.09 16:19:30.527,0.86821,0.86831,1.00,3.00
2015.11.09 16:19:30.578,0.86821,0.86831,1.00,1.50
2015.11.09 16:19:30.630,0.86821,0.86834,1.12,1.37
2015.11.09 16:19:30.731,0.86826,0.86836,1.00,1.12
2015.11.09 16:19:30.833,0.86819,0.86833,2.25,1.37
2015.11.09 16:19:30.935,0.86818,0.86832,1.75,1.87
2015.11.09 16:19:31.137,0.86817,0.86832,2.25,2.62
2015.11.09 16:19:31.645,0.8682,0.8683,1.00,1.50
2015.11.09 16:19:31.955,0.86818,0.86831,1.75,1.37
2015.11.09 16:19:32.647,0.86818,0.86831,1.75,1.00
2015.11.09 16:19:33.153,0.86817,0.86832,2.25,1.87
2015.11.09 16:19:33.660,0.86818,0.86832,1.75,1.37
2015.11.09 16:19:34.854,0.8682,0.86832,2.25,1.00
2015.11.09 16:19:35.241,0.86823,0.86836,1.75,1.87
2015.11.09 16:19:35.544,0.86826,0.86839,1.75,1.50
2015.11.09 16:19:36.482,0.86825,0.86839,2.25,1.50
2015.11.09 16:19:36.534,0.86825,0.86839,1.75,2.25
2015.11.09 16:19:37.042,0.86824,0.86839,3.00,1.00
2015.11.09 16:19:37.550,0.86824,0.86838,3.75,1.00
2015.11.09 16:19:37.882,0.86829,0.8684,1.00,1.87
2015.11.09 16:19:37.933,0.86828,0.8684,1.75,1.37
2015.11.09 16:19:38.035,0.86829,0.86841,1.00,1.37
2015.11.09 16:19:38.136,0.86828,0.86841,1.50,1.37
2015.11.09 16:19:39.017,0.86825,0.86839,2.62,1.37
2015.11.09 16:19:39.675,0.86825,0.86839,2.25,1.87
2015.11.09 16:19:45.895,0.86824,0.86839,1.75,1.12
2015.11.09 16:19:48.990,0.86822,0.86836,3.37,1.50
2015.11.09 16:19:51.207,0.86826,0.86836,1.00,1.00
2015.11.09 16:19:51.460,0.86825,0.86839,1.50,2.25
2015.11.09 16:19:51.663,0.86826,0.86839,1.00,2.25
2015.11.09 16:19:52.004,0.86828,0.86838,1.00,1.00
2015.11.09 16:19:52.809,0.86826,0.86836,1.00,1.00
2015.11.09 16:19:53.337,0.86824,0.86838,1.12,1.12
2015.11.09 16:19:54.296,0.86824,0.86838,1.12,1.37
2015.11.09 16:19:56.895,0.86823,0.86838,1.87,1.12
2015.11.09 16:19:58.171,0.86823,0.86838,1.87,1.12
2015.11.09 16:20:00.390,0.86822,0.86838,2.62,3.75
2015.11.09 16:20:00.592,0.86822,0.86835,2.62,1.37
2015.11.09 16:20:00.898,0.86822,0.86835,1.87,1.37
2015.11.09 16:20:01.921,0.86822,0.86835,1.37,2.62
2015.11.09 16:20:02.123,0.86821,0.86835,3.00,2.62
2015.11.09 16:20:03.176,0.86821,0.86831,1.00,1.00
2015.11.09 16:20:03.791,0.86821,0.86831,1.00,1.87
2015.11.09 16:20:04.045,0.86817,0.8683,1.75,1.50
2015.11.09 16:20:04.549,0.8682,0.8683,1.00,1.12
2015.11.09 16:20:05.057,0.86821,0.86831,1.00,1.87
2015.11.09 16:20:05.587,0.86821,0.86831,1.00,1.12
2015.11.09 16:20:05.897,0.86819,0.8683,1.50,1.00
2015.11.09 16:20:05.999,0.86819,0.86829,1.50,1.37
2015.11.09 16:20:06.506,0.86819,0.86828,1.12,1.37
2015.11.09 16:20:07.011,0.86819,0.86829,1.00,1.12
2015.11.09 16:20:07.642,0.86816,0.86829,1.50,1.12
2015.11.09 16:20:08.015,0.86816,0.86825,1.00,1.50
2015.11.09 16:20:08.319,0.86816,0.86824,1.00,1.12
2015.11.09 16:20:08.691,0.86817,0.86827,1.00,1.12
2015.11.09 16:20:08.743,0.86816,0.86827,1.75,1.00
2015.11.09 16:20:09.405,0.86816,0.86828,1.75,1.00
2015.11.09 16:20:09.507,0.86816,0.8683,2.25,2.25
2015.11.09 16:20:10.043,0.8682,0.86831,1.12,1.12
2015.11.09 16:20:10.709,0.8682,0.86834,2.62,1.12
2015.11.09 16:20:11.214,0.86823,0.86834,1.37,1.37
2015.11.09 16:20:13.534,0.86825,0.86836,1.00,1.12
2015.11.09 16:20:14.314,0.86824,0.86837,1.12,1.87
2015.11.09 16:20:14.921,0.86823,0.86835,1.50,1.75
2015.11.09 16:20:14.972,0.86823,0.86833,1.00,1.00
2015.11.09 16:20:15.023,0.86821,0.86831,1.37,1.00
2015.11.09 16:20:15.074,0.86821,0.86831,1.00,1.00
2015.11.09 16:20:15.327,0.86821,0.86831,1.12,1.37
2015.11.09 16:20:16.125,0.86821,0.86832,1.12,1.37
2015.11.09 16:20:16.631,0.86821,0.86832,1.87,1.00
2015.11.09 16:20:17.430,0.86823,0.86833,1.75,1.50
2015.11.09 16:20:18.655,0.86824,0.86836,1.00,2.62
2015.11.09 16:20:18.756,0.86826,0.86836,1.00,1.87
2015.11.09 16:20:19.060,0.86824,0.86836,1.87,1.00
2015.11.09 16:20:20.327,0.86823,0.86836,3.37,1.00
2015.11.09 16:20:20.833,0.86823,0.86836,1.87,1.00
2015.11.09 16:20:21.340,0.86825,0.86835,1.00,1.12
2015.11.09 16:20:21.808,0.86822,0.86835,1.50,1.37
2015.11.09 16:20:22.264,0.86821,0.86835,1.87,1.50
2015.11.09 16:20:22.567,0.86821,0.86834,1.87,1.12
2015.11.09 16:20:24.944,0.86821,0.86834,2.25,1.37
2015.11.09 16:20:28.233,0.86822,0.86836,1.75,1.37
2015.11.09 16:20:28.285,0.86822,0.86836,1.50,1.12
2015.11.09 16:20:31.953,0.86823,0.86836,2.62,1.37
2015.11.09 16:20:32.055,0.86823,0.86835,2.25,1.12
2015.11.09 16:20:32.359,0.8682,0.86834,3.75,1.50
2015.11.09 16:20:32.665,0.86822,0.86834,1.37,1.12
2015.11.09 16:20:33.598,0.86822,0.86834,1.50,1.00
2015.11.09 16:20:34.454,0.86822,0.86835,1.50,2.62
2015.11.09 16:20:34.606,0.86821,0.86835,1.75,2.62
2015.11.09 16:20:34.973,0.86819,0.86834,1.87,4.50
2015.11.09 16:20:35.125,0.86818,0.86829,1.12,1.00
2015.11.09 16:20:35.226,0.86817,0.86832,2.62,1.37
2015.11.09 16:20:35.784,0.8682,0.86832,1.00,1.12
2015.11.09 16:20:36.331,0.86817,0.86829,1.75,1.00
2015.11.09 16:20:37.879,0.86817,0.86829,1.75,1.00
2015.11.09 16:20:38.082,0.86814,0.86827,4.12,1.00
2015.11.09 16:20:41.113,0.86818,0.86828,1.00,1.87
2015.11.09 16:20:41.471,0.8682,0.86828,1.12,1.00
2015.11.09 16:20:42.207,0.86818,0.86828,1.50,1.12
2015.11.09 16:20:42.587,0.86818,0.8683,1.50,1.87
2015.11.09 16:20:43.403,0.86816,0.86829,1.75,1.37
2015.11.09 16:20:44.096,0.86816,0.86828,1.75,1.50
2015.11.09 16:20:44.609,0.86816,0.86827,1.50,1.37
2015.11.09 16:20:45.876,0.86816,0.86828,1.50,1.50
2015.11.09 16:20:46.381,0.86815,0.86827,1.75,1.37
2015.11.09 16:20:46.890,0.86815,0.86828,1.75,1.50
2015.11.09 16:20:47.215,0.86816,0.86827,1.75,1.50
2015.11.09 16:20:47.779,0.86814,0.86828,3.00,1.37
2015.11.09 16:20:48.286,0.86814,0.86829,2.25,1.87
2015.11.09 16:20:48.669,0.86814,0.86828,3.00,1.37
2015.11.09 16:20:48.933,0.86814,0.86828,2.25,1.00
2015.11.09 16:20:49.490,0.86813,0.86828,3.37,1.50
2015.11.09 16:20:50.162,0.86815,0.86829,1.75,4.87
2015.11.09 16:20:50.672,0.8682,0.86828,1.00,1.37
2015.11.09 16:20:51.191,0.86819,0.86829,1.12,1.00
2015.11.09 16:20:51.701,0.86817,0.8683,2.25,1.87
2015.11.09 16:20:54.087,0.86818,0.86828,1.12,1.50
2015.11.09 16:20:54.617,0.86818,0.86827,1.12,1.37
2015.11.09 16:20:55.021,0.86817,0.86829,1.50,1.87
2015.11.09 16:20:55.224,0.86817,0.86827,1.00,1.75
2015.11.09 16:20:55.451,0.8681,0.86825,1.12,2.62
2015.11.09 16:20:55.654,0.86813,0.86825,1.37,1.00
2015.11.09 16:20:56.213,0.86812,0.86828,1.87,3.37
2015.11.09 16:20:56.744,0.86812,0.86828,2.62,3.00
2015.11.09 16:20:58.727,0.86815,0.86828,1.37,4.12
2015.11.09 16:20:58.930,0.86811,0.86822,1.50,1.00
2015.11.09 16:20:59.031,0.86811,0.86825,1.12,2.25
2015.11.09 16:20:59.971,0.8681,0.86825,2.25,2.25
2015.11.09 16:21:00.327,0.8681,0.86823,2.25,1.75
2015.11.09 16:21:00.429,0.86809,0.86821,1.12,1.87
2015.11.09 16:21:00.722,0.86806,0.86821,4.12,1.87
2015.11.09 16:21:01.239,0.86806,0.8682,3.00,1.87
2015.11.09 16:21:01.443,0.86807,0.8682,2.25,1.75
2015.11.09 16:21:01.747,0.86804,0.86819,1.87,1.75
2015.11.09 16:21:02.279,0.86803,0.86817,1.50,1.87
2015.11.09 16:21:03.900,0.86804,0.86816,1.00,1.75
2015.11.09 16:21:05.206,0.86805,0.86816,1.00,1.75
2015.11.09 16:21:05.669,0.86803,0.86817,3.00,1.75
2015.11.09 16:21:06.205,0.86803,0.86815,1.37,1.37
2015.11.09 16:21:07.554,0.86805,0.86816,1.00,1.50
2015.11.09 16:21:07.656,0.86803,0.86815,2.25,1.00
2015.11.09 16:21:09.091,0.86804,0.86816,3.75,1.37
2015.11.09 16:21:09.404,0.86804,0.86816,3.00,1.12
2015.11.09 16:21:09.911,0.86806,0.86814,1.12,1.00
2015.11.09 16:21:10.480,0.86806,0.86814,1.87,1.00
2015.11.09 16:21:10.998,0.86806,0.86818,1.12,1.75
2015.11.09 16:21:11.728,0.86804,0.86818,1.12,1.12
2015.11.09 16:21:11.932,0.86807,0.86818,1.00,1.12
2015.11.09 16:21:12.084,0.86807,0.86818,1.00,1.12
2015.11.09 16:21:12.592,0.86807,0.8682,1.00,1.12
2015.11.09 16:21:13.229,0.86807,0.86819,1.00,1.12
2015.11.09 16:21:13.281,0.86804,0.86819,1.50,2.25
2015.11.09 16:21:13.787,0.86803,0.86813,1.12,1.00
2015.11.09 16:21:16.031,0.86804,0.86813,1.00,1.00
2015.11.09 16:21:16.540,0.86802,0.86816,1.12,1.12
2015.11.09 16:21:16.693,0.868,0.86813,3.37,1.37
2015.11.09 16:21:16.996,0.86797,0.86812,2.25,2.25
2015.11.09 16:21:17.340,0.86803,0.86815,1.37,1.75
2015.11.09 16:21:17.391,0.86803,0.86815,1.50,1.87
2015.11.09 16:21:17.695,0.86805,0.86818,1.37,1.87
2015.11.09 16:21:18.201,0.86807,0.8682,1.00,1.12
2015.11.09 16:21:18.536,0.86807,0.8682,1.12,1.12
2015.11.09 16:21:20.688,0.86807,0.86816,1.87,1.00
2015.11.09 16:21:21.190,0.86807,0.86816,1.12,1.00
2015.11.09 16:21:21.975,0.86806,0.86816,1.00,1.00
2015.11.09 16:21:22.280,0.86803,0.86817,2.62,1.75
2015.11.09 16:21:22.432,0.86804,0.86817,1.00,1.75
2015.11.09 16:21:22.947,0.86803,0.86817,2.62,1.75
2015.11.09 16:21:23.801,0.86804,0.86818,1.37,1.12
2015.11.09 16:21:23.998,0.86807,0.86819,3.75,1.87
2015.11.09 16:21:24.150,0.86806,0.86817,1.50,1.00
2015.11.09 16:21:24.201,0.86806,0.8682,1.12,3.00
2015.11.09 16:21:24.404,0.86804,0.86814,1.12,1.00
2015.11.09 16:21:24.607,0.86802,0.86816,1.50,3.00
2015.11.09 16:21:24.911,0.86803,0.86816,1.00,2.25
2015.11.09 16:21:25.448,0.86801,0.86815,1.50,1.87
2015.11.09 16:21:25.954,0.86801,0.86813,1.37,1.75
2015.11.09 16:21:26.469,0.86798,0.86813,4.12,2.25
2015.11.09 16:21:26.520,0.86798,0.86808,4.12,1.00
2015.11.09 16:21:26.825,0.868,0.86814,1.87,1.12
2015.11.09 16:21:26.981,0.86802,0.86815,1.00,1.12
2015.11.09 16:21:27.234,0.86802,0.86813,1.50,1.00
2015.11.09 16:21:27.773,0.86802,0.86814,1.50,1.50
2015.11.09 16:21:28.280,0.86802,0.86814,1.75,1.12
2015.11.09 16:21:29.066,0.86805,0.86816,1.00,1.00
2015.11.09 16:21:29.116,0.86805,0.86818,1.50,1.75
2015.11.09 16:21:29.218,0.86804,0.86818,1.12,1.50
2015.11.09 16:21:29.622,0.86804,0.86818,1.37,3.00
2015.11.09 16:21:29.673,0.86803,0.86818,3.00,3.75
2015.11.09 16:21:29.927,0.868,0.86812,1.87,1.75
2015.11.09 16:21:30.106,0.868,0.86812,1.87,1.75
2015.11.09 16:21:30.413,0.86798,0.86809,1.37,1.87
2015.11.09 16:21:30.464,0.86798,0.86808,1.12,1.00
2015.11.09 16:21:30.619,0.86799,0.86811,1.37,1.12
2015.11.09 16:21:30.671,0.868,0.8681,1.00,1.00
2015.11.09 16:21:30.824,0.86802,0.86812,1.00,1.00
2015.11.09 16:21:31.371,0.86801,0.86815,1.12,1.75
2015.11.09 16:21:33.910,0.86802,0.86815,1.00,1.75
2015.11.09 16:21:34.516,0.86801,0.86814,1.87,1.75
2015.11.09 16:21:34.871,0.86799,0.86812,1.50,1.12
2015.11.09 16:21:35.074,0.86801,0.86813,1.00,1.12
2015.11.09 16:21:35.389,0.86798,0.86813,3.37,2.62
2015.11.09 16:21:35.896,0.86798,0.86808,1.87,1.00
2015.11.09 16:21:36.199,0.86798,0.86808,2.25,1.00
2015.11.09 16:21:36.351,0.86799,0.86813,2.62,1.75
2015.11.09 16:21:36.402,0.86799,0.86813,2.62,1.75
2015.11.09 16:21:36.635,0.86802,0.86812,2.62,1.00
2015.11.09 16:21:37.041,0.86805,0.86812,1.00,1.00
2015.11.09 16:21:37.843,0.86805,0.86817,1.12,2.62
2015.11.09 16:21:38.046,0.86805,0.86817,1.12,1.37
2015.11.09 16:21:38.553,0.86805,0.86816,1.00,1.50
2015.11.09 16:21:40.410,0.86805,0.86818,2.25,1.75
2015.11.09 16:21:40.967,0.86804,0.86813,1.00,1.00
2015.11.09 16:21:41.289,0.86804,0.86819,2.25,1.75
2015.11.09 16:21:41.704,0.86805,0.8682,1.75,2.62
2015.11.09 16:21:41.755,0.86808,0.86818,1.50,1.00
2015.11.09 16:21:41.806,0.8681,0.86822,1.50,1.87
2015.11.09 16:21:41.858,0.86811,0.86822,1.00,1.37
2015.11.09 16:21:42.134,0.86814,0.86824,1.00,1.75
2015.11.09 16:21:42.489,0.86814,0.86825,1.37,1.37
2015.11.09 16:21:43.712,0.8681,0.86821,1.37,1.75
2015.11.09 16:21:43.814,0.8681,0.8682,1.00,1.12
2015.11.09 16:21:43.865,0.86807,0.8682,1.50,1.87
2015.11.09 16:21:43.966,0.86805,0.86819,1.50,1.87
2015.11.09 16:21:45.865,0.86803,0.86815,1.75,1.00
2015.11.09 16:21:47.114,0.86804,0.86817,1.75,2.25
2015.11.09 16:21:47.643,0.86807,0.86817,1.00,1.00
2015.11.09 16:21:47.796,0.86806,0.86817,1.37,1.50
2015.11.09 16:21:48.280,0.86802,0.86815,1.75,1.50
2015.11.09 16:21:48.567,0.86808,0.86818,1.00,1.75
2015.11.09 16:21:48.618,0.86808,0.86822,1.50,1.75
2015.11.09 16:21:48.670,0.8681,0.86822,1.37,1.75
2015.11.09 16:21:48.721,0.8681,0.86822,1.50,1.75
2015.11.09 16:21:48.923,0.86809,0.86822,1.00,2.25
2015.11.09 16:21:49.391,0.86811,0.86823,1.00,1.12
2015.11.09 16:21:49.493,0.86813,0.86823,1.12,1.00
2015.11.09 16:21:49.544,0.86816,0.86825,1.00,1.87
2015.11.09 16:21:49.850,0.86819,0.86827,1.75,2.62
2015.11.09 16:21:50.135,0.86819,0.8683,1.12,1.00
2015.11.09 16:21:50.338,0.86816,0.8683,2.25,1.75
2015.11.09 16:21:50.440,0.86812,0.86825,2.25,1.50
2015.11.09 16:21:50.491,0.86812,0.86825,2.25,1.87
2015.11.09 16:21:51.097,0.86812,0.86823,1.12,1.12
2015.11.09 16:21:51.605,0.86812,0.86825,2.25,1.75
2015.11.09 16:21:52.633,0.86813,0.86826,1.50,1.12
2015.11.09 16:21:54.228,0.86814,0.86828,1.12,4.12
2015.11.09 16:21:54.666,0.86813,0.86825,1.50,1.50
2015.11.09 16:21:55.173,0.86812,0.86825,1.12,2.62
2015.11.09 16:21:55.711,0.86813,0.86825,1.75,1.75
2015.11.09 16:21:55.914,0.86812,0.86825,2.62,1.12
2015.11.09 16:21:55.965,0.86813,0.86825,1.37,1.50
2015.11.09 16:21:56.421,0.86812,0.86823,2.25,1.50
2015.11.09 16:21:56.574,0.86811,0.86821,1.87,1.50
2015.11.09 16:21:56.625,0.86806,0.8682,1.50,1.75
2015.11.09 16:21:56.726,0.86808,0.86818,1.00,1.00
2015.11.09 16:21:56.911,0.86805,0.86819,1.87,1.75
2015.11.09 16:21:56.963,0.86805,0.86819,1.50,1.87
2015.11.09 16:21:58.047,0.86804,0.86818,1.50,2.25
2015.11.09 16:21:58.428,0.86806,0.86818,1.75,1.50
2015.11.09 16:21:58.479,0.86806,0.86815,1.37,1.37
2015.11.09 16:21:58.531,0.86804,0.86815,1.12,1.75
2015.11.09 16:21:58.633,0.868,0.86814,1.12,1.12
2015.11.09 16:21:58.735,0.86799,0.86814,1.75,1.87
2015.11.09 16:21:58.837,0.86799,0.86813,1.50,1.12
2015.11.09 16:21:59.039,0.868,0.86813,2.62,1.75
2015.11.09 16:21:59.213,0.868,0.86813,2.62,1.50
2015.11.09 16:21:59.264,0.86804,0.86814,1.00,1.00
2015.11.09 16:21:59.771,0.86805,0.86815,1.12,1.00
2015.11.09 16:22:00.297,0.86806,0.86815,1.00,1.00
2015.11.09 16:22:00.830,0.86805,0.86817,1.37,1.37
2015.11.09 16:22:01.034,0.86805,0.86815,1.00,1.12
2015.11.09 16:22:02.943,0.86805,0.86817,1.87,1.50
2015.11.09 16:22:03.044,0.86805,0.86817,1.12,1.75
2015.11.09 16:22:03.458,0.86804,0.86817,1.50,1.75
2015.11.09 16:22:03.661,0.86804,0.86817,1.50,1.75
2015.11.09 16:22:04.186,0.86804,0.86815,1.37,1.75
2015.11.09 16:22:04.713,0.86806,0.86819,1.00,3.00
2015.11.09 16:22:04.764,0.86806,0.86819,1.00,3.00
2015.11.09 16:22:04.966,0.86806,0.86818,1.00,1.75
2015.11.09 16:22:05.471,0.86803,0.86817,1.50,2.25
2015.11.09 16:22:05.977,0.86803,0.86817,1.50,2.25
2015.11.09 16:22:08.599,0.86805,0.86816,1.87,1.75
2015.11.09 16:22:08.701,0.86807,0.86817,1.50,1.00
2015.11.09 16:22:09.005,0.86807,0.86821,1.50,1.87
2015.11.09 16:22:09.396,0.8681,0.86822,1.00,1.87
2015.11.09 16:22:10.110,0.86811,0.86824,1.00,1.12
2015.11.09 16:22:10.693,0.86809,0.86824,1.87,1.87
2015.11.09 16:22:10.997,0.86808,0.86822,1.50,2.25
2015.11.09 16:22:11.099,0.86808,0.86822,1.00,2.25
2015.11.09 16:22:11.990,0.86807,0.8682,1.87,1.00
2015.11.09 16:22:12.395,0.86807,0.8682,1.87,1.87
2015.11.09 16:22:12.891,0.86807,0.86817,1.12,1.50
2015.11.09 16:22:12.992,0.86806,0.86817,1.12,1.75
2015.11.09 16:22:13.299,0.86799,0.86811,2.62,1.00
2015.11.09 16:22:13.401,0.86799,0.86813,1.87,2.25
2015.11.09 16:22:14.010,0.868,0.86812,1.00,1.75
2015.11.09 16:22:14.714,0.868,0.86812,1.50,1.87
2015.11.09 16:22:16.190,0.86799,0.86812,1.00,1.12
2015.11.09 16:22:16.646,0.86798,0.86808,1.12,1.00
2015.11.09 16:22:17.299,0.86797,0.86808,1.00,1.00
2015.11.09 16:22:17.807,0.86796,0.86809,1.12,1.50
2015.11.09 16:22:18.337,0.86797,0.86807,1.12,1.00
2015.11.09 16:22:19.137,0.86796,0.86809,1.00,1.75
2015.11.09 16:22:19.839,0.86796,0.86806,1.00,1.37
2015.11.09 16:22:20.345,0.86793,0.86806,1.87,1.12
2015.11.09 16:22:20.447,0.86794,0.86806,1.00,1.12
2015.11.09 16:22:20.979,0.86797,0.86807,1.00,3.00
2015.11.09 16:22:21.031,0.86795,0.86805,1.00,1.50
2015.11.09 16:22:21.537,0.86792,0.86804,1.37,1.37
2015.11.09 16:22:22.325,0.86793,0.86804,1.37,1.00
2015.11.09 16:22:22.833,0.86792,0.86808,2.62,1.75
2015.11.09 16:22:22.935,0.86795,0.86808,1.12,1.50
2015.11.09 16:22:23.458,0.86795,0.86808,1.12,1.12
2015.11.09 16:22:25.062,0.86797,0.86808,1.00,1.00
2015.11.09 16:22:25.569,0.86795,0.86808,1.12,1.50
2015.11.09 16:22:26.460,0.86795,0.86808,1.12,1.50
2015.11.09 16:22:26.775,0.86795,0.8681,1.12,1.50
2015.11.09 16:22:26.978,0.86799,0.8681,1.00,1.00
2015.11.09 16:22:28.168,0.86798,0.8681,1.12,1.50
2015.11.09 16:22:29.040,0.86802,0.86812,1.00,2.25
2015.11.09 16:22:29.142,0.86798,0.86811,1.12,1.50
2015.11.09 16:22:29.450,0.86797,0.8681,1.37,2.25
2015.11.09 16:22:30.134,0.86797,0.8681,1.12,1.75
2015.11.09 16:22:30.489,0.86797,0.8681,2.25,1.75
2015.11.09 16:22:30.996,0.86797,0.86809,1.87,1.50
2015.11.09 16:22:31.354,0.86797,0.86807,1.00,1.50
2015.11.09 16:22:32.701,0.86794,0.86808,1.87,1.37
2015.11.09 16:22:33.207,0.86797,0.86809,2.62,1.50
2015.11.09 16:22:34.141,0.86798,0.86809,2.25,1.50
2015.11.09 16:22:34.446,0.86806,0.86811,1.37,2.25
2015.11.09 16:22:34.598,0.8681,0.86817,1.37,1.12
2015.11.09 16:22:34.649,0.86809,0.86819,1.87,1.75
2015.11.09 16:22:34.801,0.86809,0.86822,3.00,1.75
2015.11.09 16:22:34.853,0.86812,0.86822,1.12,1.50
2015.11.09 16:22:35.381,0.86813,0.86823,1.12,2.62
2015.11.09 16:22:36.046,0.86812,0.86825,1.87,1.12
2015.11.09 16:22:38.117,0.86812,0.86824,1.00,1.37
2015.11.09 16:22:38.373,0.8681,0.86824,1.50,1.12
2015.11.09 16:22:38.677,0.8681,0.86821,1.87,1.00
2015.11.09 16:22:39.308,0.8681,0.86824,1.12,1.75
2015.11.09 16:22:39.410,0.86815,0.86824,1.00,1.12
2015.11.09 16:22:39.562,0.86818,0.86831,1.50,1.75
2015.11.09 16:22:39.613,0.86818,0.86832,1.50,2.25
2015.11.09 16:22:39.664,0.86818,0.86832,1.87,3.00
2015.11.09 16:22:39.867,0.86818,0.86831,2.62,1.00
2015.11.09 16:22:41.772,0.86819,0.86833,1.87,3.37
2015.11.09 16:22:42.322,0.86818,0.86833,1.37,3.00
2015.11.09 16:22:43.824,0.86818,0.86829,1.87,1.00
2015.11.09 16:22:44.128,0.86816,0.86825,1.12,1.50
2015.11.09 16:22:44.641,0.86816,0.86825,1.12,1.50
2015.11.09 16:22:44.947,0.86813,0.86822,1.75,1.00
2015.11.09 16:22:45.632,0.86814,0.86824,1.50,1.00
2015.11.09 16:22:46.145,0.86813,0.86826,2.25,1.50
2015.11.09 16:22:46.196,0.86815,0.86827,1.37,1.00
2015.11.09 16:22:46.824,0.86816,0.86827,1.00,1.50
2015.11.09 16:22:47.128,0.86814,0.86826,1.50,1.75
2015.11.09 16:22:47.632,0.86813,0.86826,1.50,1.75
2015.11.09 16:22:49.811,0.86812,0.86826,2.62,2.62
2015.11.09 16:22:50.340,0.86813,0.86823,1.12,1.00
2015.11.09 16:22:50.998,0.86812,0.86823,1.37,1.50
2015.11.09 16:22:51.537,0.86811,0.86823,1.37,1.50
2015.11.09 16:22:51.841,0.86809,0.86823,2.25,2.25
2015.11.09 16:22:52.828,0.86811,0.86823,2.25,2.25
2015.11.09 16:22:53.338,0.86813,0.86822,1.00,1.00
2015.11.09 16:22:53.642,0.86813,0.86826,1.37,1.37
2015.11.09 16:22:53.693,0.86816,0.86826,1.50,1.00
2015.11.09 16:22:53.942,0.86816,0.86826,1.12,1.37
2015.11.09 16:22:54.095,0.86814,0.86826,1.87,1.75
2015.11.09 16:22:54.604,0.86813,0.86824,1.87,1.37
2015.11.09 16:22:54.807,0.86814,0.86825,1.37,1.00
2015.11.09 16:22:55.189,0.86814,0.86824,1.00,1.75
2015.11.09 16:22:55.341,0.8681,0.86823,1.87,1.87
2015.11.09 16:22:55.544,0.8681,0.86821,2.25,1.00
2015.11.09 16:22:56.058,0.8681,0.86821,1.12,1.12
2015.11.09 16:22:56.160,0.86806,0.86821,1.87,1.12
2015.11.09 16:22:56.404,0.86809,0.86819,1.50,1.00
2015.11.09 16:22:56.932,0.86808,0.86821,1.50,1.75
2015.11.09 16:22:57.237,0.86808,0.86821,1.12,1.75
2015.11.09 16:22:58.142,0.86808,0.86821,1.12,1.75
2015.11.09 16:22:58.243,0.86805,0.86821,2.62,2.25
2015.11.09 16:22:58.345,0.86805,0.86819,1.87,1.87
2015.11.09 16:22:58.853,0.86805,0.86815,1.12,1.50
2015.11.09 16:22:59.394,0.86802,0.86815,1.75,2.25
2015.11.09 16:22:59.954,0.86803,0.86816,1.75,1.75
2015.11.09 16:23:00.336,0.86804,0.86816,1.87,1.00
2015.11.09 16:23:00.864,0.86806,0.86819,1.50,1.12
2015.11.09 16:23:01.756,0.8681,0.8682,1.00,3.37
2015.11.09 16:23:02.060,0.86805,0.86819,2.25,1.12
2015.11.09 16:23:02.629,0.86809,0.8682,1.75,1.00
2015.11.09 16:23:03.147,0.86811,0.86824,2.25,1.87
2015.11.09 16:23:04.042,0.8681,0.86822,3.75,1.12
2015.11.09 16:23:04.346,0.86813,0.86824,1.50,1.12
2015.11.09 16:23:05.181,0.86811,0.86825,1.75,1.37
2015.11.09 16:23:06.925,0.86813,0.86821,1.87,1.00
2015.11.09 16:23:07.027,0.86811,0.86818,1.50,1.00
2015.11.09 16:23:07.179,0.86812,0.86826,2.62,2.25
2015.11.09 16:23:07.280,0.86812,0.86826,2.62,3.00
2015.11.09 16:23:07.801,0.86813,0.86827,1.00,2.62
2015.11.09 16:23:08.283,0.86809,0.86819,2.62,1.00
2015.11.09 16:23:08.385,0.86809,0.86818,1.00,1.00
2015.11.09 16:23:08.487,0.86805,0.86818,3.00,1.12
2015.11.09 16:23:08.691,0.86805,0.86818,1.00,1.12
2015.11.09 16:23:09.328,0.86804,0.86818,2.62,1.12
2015.11.09 16:23:09.683,0.86804,0.86817,1.87,1.75
2015.11.09 16:23:10.581,0.86805,0.86817,1.50,1.50
2015.11.09 16:23:11.186,0.86804,0.86815,1.87,1.00
2015.11.09 16:23:11.716,0.86804,0.86816,1.87,1.12
2015.11.09 16:23:14.028,0.86805,0.86815,2.25,1.00
2015.11.09 16:23:14.180,0.86805,0.86816,1.12,1.75
2015.11.09 16:23:14.686,0.86804,0.86816,1.75,1.75
2015.11.09 16:23:15.032,0.86803,0.86814,1.12,1.75
2015.11.09 16:23:15.691,0.86804,0.86815,1.00,1.75
2015.11.09 16:23:15.894,0.86803,0.86816,2.25,1.87
2015.11.09 16:23:16.197,0.86802,0.86815,1.50,1.87
2015.11.09 16:23:16.299,0.86802,0.86812,1.50,1.50
2015.11.09 16:23:16.805,0.86803,0.86813,1.50,1.50
2015.11.09 16:23:17.294,0.86803,0.86811,1.37,1.00
2015.11.09 16:23:17.599,0.86799,0.86811,1.37,1.87
2015.11.09 16:23:17.700,0.86799,0.86811,1.12,2.25
2015.11.09 16:23:17.903,0.86797,0.8681,1.75,1.87
2015.11.09 16:23:18.432,0.868,0.8681,1.00,1.12
2015.11.09 16:23:18.938,0.86801,0.86811,1.00,1.00
2015.11.09 16:23:19.445,0.86801,0.86809,1.00,1.00
2015.11.09 16:23:19.987,0.86801,0.86811,1.00,1.00
2015.11.09 16:23:20.752,0.86801,0.86808,1.00,1.50
2015.11.09 16:23:21.054,0.86798,0.86806,1.87,1.00
2015.11.09 16:23:21.310,0.86797,0.86806,1.12,1.12
2015.11.09 16:23:21.513,0.86794,0.86806,1.50,1.75
2015.11.09 16:23:22.170,0.86794,0.86806,1.37,1.75
2015.11.09 16:23:24.278,0.86791,0.86803,1.12,1.37
2015.11.09 16:23:24.734,0.8679,0.86801,1.00,1.00
2015.11.09 16:23:24.984,0.86786,0.86801,2.62,1.75
2015.11.09 16:23:25.035,0.86786,0.868,1.00,1.87
2015.11.09 16:23:26.198,0.86784,0.868,1.87,1.87
2015.11.09 16:23:26.426,0.86784,0.86798,1.37,2.25
2015.11.09 16:23:26.686,0.86783,0.86797,1.12,1.12
2015.11.09 16:23:26.989,0.86787,0.86799,1.75,1.50
2015.11.09 16:23:27.041,0.86789,0.86799,1.00,1.12
2015.11.09 16:23:27.294,0.86788,0.86802,1.37,1.75
2015.11.09 16:23:27.776,0.86786,0.86796,1.37,1.00
2015.11.09 16:23:27.877,0.86785,0.86796,1.00,1.50
2015.11.09 16:23:28.383,0.86785,0.86795,1.00,1.37
2015.11.09 16:23:28.921,0.86786,0.86796,1.00,1.75
2015.11.09 16:23:29.437,0.86784,0.86794,1.37,1.87
2015.11.09 16:23:29.488,0.86784,0.86793,1.37,1.37
2015.11.09 16:23:29.690,0.86782,0.86792,1.50,1.12
2015.11.09 16:23:29.842,0.86784,0.86792,1.37,1.12
2015.11.09 16:23:29.994,0.86784,0.86794,1.50,1.50
2015.11.09 16:23:30.269,0.86787,0.86796,1.37,1.50
2015.11.09 16:23:31.677,0.86786,0.86795,1.00,1.37
2015.11.09 16:23:32.097,0.86785,0.86795,1.75,1.00
2015.11.09 16:23:32.401,0.86789,0.86796,1.50,1.00
2015.11.09 16:23:32.655,0.8679,0.86801,1.00,1.37
2015.11.09 16:23:33.164,0.86789,0.86801,1.12,1.00
2015.11.09 16:23:33.603,0.86789,0.86798,1.37,1.00
2015.11.09 16:23:34.212,0.86789,0.86799,1.87,1.50
2015.11.09 16:23:35.130,0.86789,0.86798,1.87,1.00
2015.11.09 16:23:35.680,0.86789,0.86799,1.87,2.25
2015.11.09 16:23:36.210,0.86789,0.86799,1.12,2.25
2015.11.09 16:23:42.016,0.86788,0.868,1.12,1.37
2015.11.09 16:23:42.067,0.86792,0.86802,1.00,1.87
2015.11.09 16:23:42.219,0.86792,0.86805,1.00,1.75
2015.11.09 16:23:42.726,0.86791,0.86801,1.87,1.00
2015.11.09 16:23:43.228,0.86791,0.86805,1.12,1.75
2015.11.09 16:23:43.736,0.86793,0.86805,1.37,1.50
2015.11.09 16:23:44.254,0.86793,0.86806,1.12,1.00
2015.11.09 16:23:44.542,0.86794,0.86804,1.00,1.00
2015.11.09 16:23:45.050,0.8679,0.86803,1.12,1.12
2015.11.09 16:23:47.384,0.8679,0.86805,1.12,3.75
2015.11.09 16:23:47.435,0.86792,0.86805,1.00,3.75
2015.11.09 16:23:48.166,0.8679,0.86804,1.37,2.62
2015.11.09 16:23:50.725,0.86789,0.86803,1.12,1.87
2015.11.09 16:23:51.191,0.86792,0.868,1.37,1.00
2015.11.09 16:23:51.734,0.86793,0.86806,1.00,1.12
2015.11.09 16:23:52.361,0.86792,0.86801,1.37,1.00
2015.11.09 16:23:52.666,0.86781,0.86792,1.75,1.12
2015.11.09 16:23:52.768,0.86777,0.8679,2.25,1.12
2015.11.09 16:23:53.106,0.86776,0.86784,1.12,1.37
2015.11.09 16:23:53.309,0.86776,0.86787,1.50,1.00
2015.11.09 16:23:53.411,0.86776,0.86785,1.50,1.37
2015.11.09 16:23:53.767,0.86773,0.86784,1.50,1.87
2015.11.09 16:23:54.318,0.86772,0.86784,1.75,1.12
2015.11.09 16:23:54.623,0.86771,0.86782,1.50,1.00
2015.11.09 16:23:54.675,0.86771,0.86781,1.50,1.00
2015.11.09 16:23:55.285,0.86771,0.8678,1.00,1.00
2015.11.09 16:23:56.392,0.86766,0.8678,1.87,1.87
2015.11.09 16:23:56.595,0.86765,0.86778,1.12,1.00
2015.11.09 16:23:57.491,0.86765,0.86778,1.87,1.00
2015.11.09 16:23:59.559,0.86768,0.8678,1.12,1.12
2015.11.09 16:24:00.511,0.86767,0.86777,1.12,1.00
2015.11.09 16:24:00.891,0.86767,0.86779,1.87,1.00
2015.11.09 16:24:01.433,0.86769,0.8678,1.75,1.12
2015.11.09 16:24:01.635,0.86767,0.86778,2.62,1.00
2015.11.09 16:24:01.736,0.86771,0.8678,1.50,1.00
2015.11.09 16:24:02.306,0.86769,0.86783,2.25,1.37
2015.11.09 16:24:03.137,0.86771,0.86779,1.50,1.00
2015.11.09 16:24:03.492,0.86767,0.8678,3.00,1.12
2015.11.09 16:24:04.318,0.86767,0.86779,2.25,1.00
2015.11.09 16:24:04.470,0.86767,0.86778,2.62,1.12
2015.11.09 16:24:04.622,0.86768,0.86776,1.12,1.00
2015.11.09 16:24:04.876,0.8677,0.86782,2.62,1.12
2015.11.09 16:24:04.927,0.8677,0.8678,2.25,1.00
2015.11.09 16:24:05.464,0.86772,0.86779,1.00,1.00
2015.11.09 16:24:05.616,0.8677,0.86779,1.50,1.00
2015.11.09 16:24:06.121,0.8677,0.8678,1.12,1.12
2015.11.09 16:24:06.827,0.86769,0.86779,1.75,1.00
2015.11.09 16:24:06.878,0.86769,0.86779,1.75,1.00
2015.11.09 16:24:06.929,0.86769,0.86781,1.75,1.12
2015.11.09 16:24:07.335,0.86768,0.86779,1.87,1.00
2015.11.09 16:24:07.589,0.86771,0.86779,1.00,1.00
2015.11.09 16:24:08.125,0.86769,0.8678,1.12,1.00
2015.11.09 16:24:08.446,0.8677,0.86778,1.50,1.00
2015.11.09 16:24:08.750,0.8677,0.8678,1.50,1.00
2015.11.09 16:24:09.451,0.8677,0.86779,1.50,1.00
2015.11.09 16:24:09.957,0.8677,0.8678,1.50,1.00
2015.11.09 16:24:10.462,0.86769,0.86779,2.25,1.00
2015.11.09 16:24:10.995,0.86769,0.8678,1.75,1.12
2015.11.09 16:24:11.097,0.86775,0.8678,1.00,1.12
2015.11.09 16:24:11.148,0.86775,0.86784,1.00,2.62
2015.11.09 16:24:11.351,0.86775,0.86786,1.12,1.37
2015.11.09 16:24:11.503,0.86774,0.86786,1.75,1.00
2015.11.09 16:24:11.807,0.86773,0.86782,1.00,1.50
2015.11.09 16:24:12.224,0.86773,0.86785,2.25,1.87
2015.11.09 16:24:12.325,0.86776,0.86786,1.00,1.12
2015.11.09 16:24:12.427,0.86779,0.86788,1.00,1.00
2015.11.09 16:24:12.731,0.86777,0.86788,2.62,1.00
2015.11.09 16:24:13.088,0.86779,0.8679,1.87,1.12
2015.11.09 16:24:13.333,0.86779,0.86787,1.37,1.00
2015.11.09 16:24:13.839,0.8678,0.86786,1.00,1.00
2015.11.09 16:24:13.890,0.8678,0.86788,1.00,1.00
2015.11.09 16:24:13.941,0.86777,0.86788,1.87,1.12
2015.11.09 16:24:14.042,0.86777,0.8679,1.87,1.12
2015.11.09 16:24:14.245,0.86778,0.86788,1.00,1.00
2015.11.09 16:24:14.705,0.86777,0.86788,3.00,1.12
2015.11.09 16:24:14.908,0.86777,0.86786,3.37,1.00
2015.11.09 16:24:15.449,0.86777,0.86785,1.75,1.00
2015.11.09 16:24:15.782,0.86777,0.86788,1.75,1.50
2015.11.09 16:24:16.288,0.86777,0.86786,2.25,1.00
2015.11.09 16:24:16.433,0.86778,0.86786,1.00,1.50
2015.11.09 16:24:16.947,0.86778,0.86788,1.50,1.50
2015.11.09 16:24:17.454,0.86778,0.86789,2.25,1.00
2015.11.09 16:24:17.809,0.86778,0.86786,1.50,1.00
2015.11.09 16:24:18.950,0.86777,0.86786,1.75,1.00
2015.11.09 16:24:19.102,0.86777,0.8679,1.75,1.87
2015.11.09 16:24:19.254,0.86779,0.8679,1.75,1.12
2015.11.09 16:24:19.355,0.86779,0.8679,1.50,1.12
2015.11.09 16:24:19.901,0.8678,0.86789,1.00,1.00
2015.11.09 16:24:20.407,0.86776,0.86788,3.37,1.12
2015.11.09 16:24:20.938,0.86778,0.86787,1.75,1.00
2015.11.09 16:24:21.444,0.86777,0.86786,1.00,1.00
2015.11.09 16:24:21.495,0.86777,0.86784,1.00,1.00
2015.11.09 16:24:21.799,0.86776,0.86786,1.00,1.12
2015.11.09 16:24:21.850,0.86776,0.86786,1.75,1.00
2015.11.09 16:24:22.396,0.86777,0.86788,1.87,1.37
2015.11.09 16:24:22.498,0.86777,0.8679,3.37,1.87
2015.11.09 16:24:22.750,0.86777,0.8679,3.00,1.37
2015.11.09 16:24:24.480,0.86779,0.86791,1.75,1.87
2015.11.09 16:24:25.116,0.86779,0.86789,1.75,1.00
2015.11.09 16:24:25.167,0.86779,0.86789,1.12,1.50
2015.11.09 16:24:25.268,0.86779,0.86789,1.50,1.00
2015.11.09 16:24:25.370,0.86779,0.86789,1.12,1.00
2015.11.09 16:24:25.876,0.86779,0.86789,1.00,1.37
2015.11.09 16:24:26.519,0.8678,0.86789,1.00,1.37
2015.11.09 16:24:26.569,0.8678,0.86791,1.75,1.87
2015.11.09 16:24:26.671,0.8678,0.86792,1.75,1.12
2015.11.09 16:24:26.722,0.86779,0.86789,1.75,1.00
2015.11.09 16:24:26.773,0.8678,0.86789,1.00,1.00
2015.11.09 16:24:26.874,0.86779,0.8679,1.75,1.12
2015.11.09 16:24:27.863,0.86779,0.8679,1.50,1.12
2015.11.09 16:24:28.414,0.86781,0.8679,1.00,1.12
2015.11.09 16:24:29.102,0.86779,0.8679,2.25,1.12
2015.11.09 16:24:29.604,0.86779,0.8679,3.37,1.00
2015.11.09 16:24:29.655,0.86783,0.8679,1.00,1.00
2015.11.09 16:24:29.959,0.86786,0.86794,3.00,1.00
2015.11.09 16:24:30.061,0.86789,0.86798,1.00,1.00
2015.11.09 16:24:30.279,0.86791,0.86798,1.00,1.00
2015.11.09 16:24:30.331,0.86791,0.86804,1.00,1.75
2015.11.09 16:24:30.382,0.86791,0.86805,1.87,1.87
2015.11.09 16:24:30.686,0.86792,0.86801,1.50,1.00
2015.11.09 16:24:31.192,0.86793,0.86802,1.12,1.00
2015.11.09 16:24:32.436,0.86791,0.868,1.75,1.00
2015.11.09 16:24:32.638,0.86785,0.86796,1.37,2.25
2015.11.09 16:24:33.223,0.86784,0.86794,3.00,1.12
2015.11.09 16:24:33.376,0.86782,0.86793,1.37,1.12
2015.11.09 16:24:33.427,0.86781,0.8679,1.87,1.00
2015.11.09 16:24:33.837,0.86778,0.86793,1.87,1.50
2015.11.09 16:24:34.090,0.86779,0.86793,2.62,1.37
2015.11.09 16:24:34.393,0.86782,0.86794,2.25,1.00
2015.11.09 16:24:34.733,0.86783,0.86794,1.12,1.00
2015.11.09 16:24:34.785,0.86782,0.86794,3.37,1.12
2015.11.09 16:24:35.089,0.86781,0.86792,1.00,1.00
2015.11.09 16:24:35.191,0.86778,0.86793,2.62,2.62
2015.11.09 16:24:35.797,0.86777,0.8679,1.87,1.50
2015.11.09 16:24:36.300,0.86777,0.8679,1.75,1.00
2015.11.09 16:24:36.806,0.86777,0.8679,1.75,1.50
2015.11.09 16:24:37.398,0.8678,0.86789,1.37,1.50
2015.11.09 16:24:37.705,0.86775,0.86787,1.75,1.12
2015.11.09 16:24:37.809,0.86774,0.86787,2.62,1.87
2015.11.09 16:24:37.911,0.86779,0.86787,1.00,1.50
2015.11.09 16:24:38.113,0.86777,0.86791,1.12,3.00
2015.11.09 16:24:38.215,0.86776,0.86786,1.12,1.50
2015.11.09 16:24:38.549,0.86776,0.86785,1.00,1.87
2015.11.09 16:24:38.804,0.86774,0.86786,1.75,1.00
2015.11.09 16:24:38.906,0.86774,0.86784,1.75,1.00
2015.11.09 16:24:39.008,0.86774,0.86784,1.12,1.00
2015.11.09 16:24:39.109,0.86776,0.86784,1.00,1.00
2015.11.09 16:24:39.211,0.86772,0.86784,3.00,1.00
2015.11.09 16:24:39.965,0.86775,0.86784,1.00,1.12
2015.11.09 16:24:40.117,0.86775,0.86781,1.00,1.00
2015.11.09 16:24:40.218,0.86775,0.86784,1.00,1.12
2015.11.09 16:24:40.720,0.86773,0.86784,1.50,1.12
2015.11.09 16:24:41.009,0.86771,0.86782,1.12,1.87
2015.11.09 16:24:41.111,0.86771,0.86782,1.50,2.25
2015.11.09 16:24:43.810,0.86772,0.86782,1.00,1.12
2015.11.09 16:24:44.114,0.8677,0.86781,1.37,2.25
2015.11.09 16:24:44.317,0.86765,0.86774,1.00,1.87
2015.11.09 16:24:44.672,0.86767,0.8678,1.00,2.62
2015.11.09 16:24:44.824,0.86767,0.86776,1.50,1.00
2015.11.09 16:24:44.926,0.86768,0.86774,1.12,1.00
2015.11.09 16:24:45.108,0.86765,0.86779,1.50,1.50
2015.11.09 16:24:45.209,0.86768,0.86775,1.00,1.00
2015.11.09 16:24:45.412,0.86768,0.86779,1.00,1.00
2015.11.09 16:24:45.717,0.86768,0.86776,1.50,1.00
2015.11.09 16:24:46.022,0.86766,0.86777,1.50,1.12
2015.11.09 16:24:46.813,0.86768,0.86779,1.00,1.75
2015.11.09 16:24:46.915,0.86771,0.86781,1.00,1.00
2015.11.09 16:24:47.017,0.86769,0.86781,1.75,1.12
2015.11.09 16:24:47.751,0.86771,0.86784,1.12,1.50
2015.11.09 16:24:49.123,0.86771,0.86782,1.75,1.00
2015.11.09 16:24:49.634,0.86772,0.86783,1.75,1.12
2015.11.09 16:24:50.276,0.86775,0.86783,1.00,1.12
2015.11.09 16:24:50.736,0.86773,0.86781,1.00,1.00
2015.11.09 16:24:51.324,0.86771,0.8678,1.37,1.00
2015.11.09 16:24:51.740,0.86771,0.86784,1.12,1.75
2015.11.09 16:24:51.800,0.86771,0.86786,2.62,1.75
2015.11.09 16:24:51.852,0.86774,0.86785,1.75,1.00
2015.11.09 16:24:52.358,0.86774,0.86786,1.12,1.50
2015.11.09 16:24:52.945,0.86774,0.86785,1.87,1.50
2015.11.09 16:24:53.550,0.86773,0.86789,2.62,1.87
2015.11.09 16:24:53.854,0.86774,0.86785,1.12,1.00
2015.11.09 16:24:54.162,0.86775,0.86785,1.00,1.00
2015.11.09 16:24:54.421,0.86772,0.86783,1.12,1.00
2015.11.09 16:24:54.675,0.86775,0.86785,1.75,1.00
2015.11.09 16:24:54.978,0.86775,0.86786,2.25,3.00
2015.11.09 16:24:55.181,0.86775,0.86784,1.00,1.00
2015.11.09 16:24:55.667,0.86776,0.86784,1.50,1.00
2015.11.09 16:24:55.971,0.86777,0.86787,1.00,1.50
2015.11.09 16:24:56.275,0.86777,0.86786,1.87,1.00
2015.11.09 16:24:57.679,0.86776,0.86787,1.87,1.00
2015.11.09 16:24:58.206,0.86776,0.86787,1.37,1.50
2015.11.09 16:24:59.082,0.86774,0.86787,1.50,1.75
2015.11.09 16:25:00.418,0.86774,0.86787,1.75,2.25
2015.11.09 16:25:00.469,0.86774,0.86788,1.75,2.62
2015.11.09 16:25:00.672,0.86774,0.86787,1.87,1.87
2015.11.09 16:25:00.774,0.86772,0.86787,2.25,1.75
2015.11.09 16:25:01.296,0.86772,0.86785,1.50,1.50
2015.11.09 16:25:01.811,0.86773,0.86785,1.50,1.00
2015.11.09 16:25:02.426,0.86773,0.86787,3.75,1.87
2015.11.09 16:25:02.767,0.86773,0.86787,3.00,2.25
2015.11.09 16:25:02.969,0.8677,0.86783,1.12,1.50
2015.11.09 16:25:03.121,0.86768,0.86779,1.00,1.00
2015.11.09 16:25:04.250,0.86769,0.86779,1.37,1.00
2015.11.09 16:25:04.554,0.86771,0.86783,1.50,1.50
2015.11.09 16:25:05.870,0.86771,0.86783,1.00,2.62
2015.11.09 16:25:05.971,0.86767,0.86782,1.75,1.12
2015.11.09 16:25:06.073,0.86767,0.86782,1.50,1.12
2015.11.09 16:25:06.175,0.86767,0.86782,1.12,1.12
2015.11.09 16:25:06.711,0.86766,0.86782,3.00,2.62
2015.11.09 16:25:07.119,0.86766,0.86782,1.50,5.62
2015.11.09 16:25:07.372,0.8677,0.86783,1.37,1.75
2015.11.09 16:25:07.905,0.8677,0.86782,1.37,1.00
2015.11.09 16:25:08.408,0.86772,0.86783,1.00,1.50
2015.11.09 16:25:09.277,0.8677,0.86785,1.87,1.87
2015.11.09 16:25:09.581,0.86775,0.86785,1.00,1.00
2015.11.09 16:25:10.095,0.86773,0.86788,2.25,1.87
2015.11.09 16:25:10.298,0.86773,0.86785,1.37,1.50
2015.11.09 16:25:10.583,0.86775,0.86784,1.00,1.37
2015.11.09 16:25:10.637,0.86771,0.86784,2.62,1.75
2015.11.09 16:25:11.398,0.86771,0.86784,1.00,1.75
2015.11.09 16:25:12.002,0.86771,0.86784,2.25,1.75
2015.11.09 16:25:12.569,0.86771,0.86784,1.12,1.75
2015.11.09 16:25:13.305,0.8677,0.86783,3.00,1.50
2015.11.09 16:25:13.812,0.86772,0.86782,1.00,1.50
2015.11.09 16:25:15.315,0.86772,0.86783,1.00,1.75
2015.11.09 16:25:15.549,0.8677,0.86783,1.12,2.25
2015.11.09 16:25:16.106,0.8677,0.86781,1.00,1.87
2015.11.09 16:25:16.207,0.86768,0.86779,2.62,1.00
2015.11.09 16:25:16.726,0.86767,0.86782,1.87,1.12
2015.11.09 16:25:17.024,0.86766,0.86777,1.75,1.37
2015.11.09 16:25:17.278,0.86759,0.86772,1.75,1.00
2015.11.09 16:25:17.531,0.86763,0.86774,1.37,1.50
2015.11.09 16:25:17.990,0.86763,0.86775,1.00,1.75
2015.11.09 16:25:18.142,0.86763,0.86775,1.50,1.87
2015.11.09 16:25:19.031,0.86763,0.86775,1.00,2.25
2015.11.09 16:25:19.554,0.86762,0.86776,1.87,2.62
2015.11.09 16:25:19.858,0.86763,0.86773,1.50,1.00
2015.11.09 16:25:20.232,0.86766,0.86776,1.87,1.00
2015.11.09 16:25:20.284,0.86766,0.86779,2.25,1.50
2015.11.09 16:25:20.385,0.8677,0.86782,1.50,2.25
2015.11.09 16:25:20.639,0.86769,0.86781,1.00,1.37
2015.11.09 16:25:20.943,0.86769,0.86777,1.00,1.00
2015.11.09 16:25:20.994,0.86767,0.86777,1.00,1.12
2015.11.09 16:25:21.282,0.86767,0.86779,1.00,2.62
2015.11.09 16:25:21.383,0.86767,0.86779,1.00,1.87
2015.11.09 16:25:21.434,0.86768,0.86779,1.00,1.75
2015.11.09 16:25:21.536,0.86766,0.86779,1.37,1.50
2015.11.09 16:25:21.587,0.86766,0.86779,1.75,2.62
2015.11.09 16:25:21.638,0.86766,0.86779,1.75,2.62
2015.11.09 16:25:21.790,0.86765,0.86776,1.50,1.00
2015.11.09 16:25:21.841,0.86765,0.86776,1.50,1.37
2015.11.09 16:25:21.994,0.86764,0.86776,1.87,1.12
2015.11.09 16:25:22.942,0.86765,0.86776,2.25,1.00
2015.11.09 16:25:23.655,0.86767,0.86776,2.25,1.00
2015.11.09 16:25:23.706,0.86767,0.86778,2.25,1.00
2015.11.09 16:25:23.909,0.86771,0.86784,1.87,1.12
2015.11.09 16:25:23.960,0.86772,0.86782,1.37,1.00
2015.11.09 16:25:24.264,0.86774,0.86785,1.75,1.50
2015.11.09 16:25:24.517,0.86775,0.86788,1.75,1.00
2015.11.09 16:25:25.046,0.86776,0.86788,1.75,1.00
2015.11.09 16:25:28.094,0.86777,0.86787,2.25,1.00
2015.11.09 16:25:28.602,0.86777,0.86787,1.00,1.00
2015.11.09 16:25:30.746,0.86774,0.86788,4.87,1.75
2015.11.09 16:25:31.251,0.86775,0.86787,2.25,1.12
2015.11.09 16:25:31.630,0.86774,0.86786,1.87,1.50
2015.11.09 16:25:31.681,0.86774,0.86784,1.12,1.00
2015.11.09 16:25:32.885,0.86775,0.86784,1.00,1.00
2015.11.09 16:25:32.936,0.86775,0.86785,1.50,1.12
2015.11.09 16:25:33.240,0.86775,0.86788,1.75,1.50
2015.11.09 16:25:33.645,0.86778,0.86787,1.50,1.00
2015.11.09 16:25:34.149,0.86778,0.86788,2.62,1.00
2015.11.09 16:25:34.353,0.86774,0.86785,1.50,1.00
2015.11.09 16:25:34.658,0.86774,0.86782,1.87,1.00
2015.11.09 16:25:34.963,0.86774,0.86782,1.75,1.00
2015.11.09 16:25:35.509,0.86774,0.86783,1.75,1.00
2015.11.09 16:25:36.139,0.86774,0.86788,1.75,1.87
2015.11.09 16:25:36.342,0.86774,0.86782,1.75,1.00
2015.11.09 16:25:36.795,0.86775,0.86783,1.50,1.00
2015.11.09 16:25:37.308,0.86775,0.86782,1.00,1.00
2015.11.09 16:25:38.663,0.86775,0.86783,1.00,1.00
2015.11.09 16:25:39.169,0.86774,0.86784,1.00,1.00
2015.11.09 16:25:39.580,0.86774,0.86786,1.75,1.37
2015.11.09 16:25:39.682,0.86774,0.86786,1.00,1.87
2015.11.09 16:25:39.834,0.86773,0.86785,1.00,2.25
2015.11.09 16:25:40.782,0.86773,0.86784,1.00,1.50
2015.11.09 16:25:41.330,0.86773,0.86784,1.00,1.75
2015.11.09 16:25:42.078,0.86771,0.86784,1.50,1.75
2015.11.09 16:25:42.584,0.8677,0.86782,1.00,2.25
2015.11.09 16:25:42.787,0.86768,0.86779,1.12,2.25
2015.11.09 16:25:42.889,0.86768,0.86778,1.00,1.75
2015.11.09 16:25:42.991,0.86764,0.86778,1.75,1.50
2015.11.09 16:25:43.520,0.86763,0.86776,3.00,1.37
2015.11.09 16:25:43.875,0.86764,0.86775,1.00,1.75
2015.11.09 16:25:43.978,0.86761,0.8677,1.50,1.00
2015.11.09 16:25:44.492,0.8676,0.8677,1.75,1.00
2015.11.09 16:25:46.896,0.86761,0.86774,1.50,1.75
2015.11.09 16:25:47.542,0.86761,0.86774,1.50,1.37
2015.11.09 16:25:48.051,0.86763,0.86773,1.12,1.00
2015.11.09 16:25:48.153,0.86764,0.86775,1.37,1.50
2015.11.09 16:25:48.204,0.86765,0.86775,1.00,2.25
2015.11.09 16:25:48.255,0.86762,0.86775,1.37,2.25
2015.11.09 16:25:48.306,0.86761,0.86772,1.37,1.37
2015.11.09 16:25:48.407,0.8676,0.8677,1.12,1.00
2015.11.09 16:25:48.936,0.86761,0.86774,1.12,1.12
2015.11.09 16:25:49.190,0.86761,0.86775,2.25,1.87
2015.11.09 16:25:49.940,0.86763,0.86775,1.50,1.00
2015.11.09 16:25:50.295,0.86763,0.86777,1.75,1.87
2015.11.09 16:25:51.201,0.86767,0.86778,1.00,1.50
2015.11.09 16:25:52.098,0.86764,0.86778,2.25,2.25
2015.11.09 16:25:52.625,0.86764,0.86775,1.87,1.37
2015.11.09 16:25:53.135,0.86764,0.86776,1.37,1.75
2015.11.09 16:25:56.541,0.86761,0.86772,3.00,1.00
2015.11.09 16:25:57.027,0.86761,0.86772,2.25,1.37
2015.11.09 16:25:58.625,0.86761,0.86773,1.75,1.00
2015.11.09 16:25:59.146,0.86761,0.86772,1.75,1.00
2015.11.09 16:26:00.384,0.86761,0.86773,2.25,1.00
2015.11.09 16:26:01.110,0.86761,0.86773,1.75,1.12
2015.11.09 16:26:01.161,0.86761,0.86771,1.75,1.00
2015.11.09 16:26:01.687,0.86765,0.86776,1.00,1.12
2015.11.09 16:26:01.738,0.86765,0.86775,1.00,1.00
2015.11.09 16:26:02.096,0.86762,0.86773,2.62,1.00
2015.11.09 16:26:02.248,0.86764,0.86773,1.00,1.00
2015.11.09 16:26:02.581,0.86763,0.86771,2.62,1.00
2015.11.09 16:26:02.835,0.86762,0.86772,1.00,1.00
2015.11.09 16:26:03.243,0.86762,0.86777,1.50,1.75
2015.11.09 16:26:03.345,0.86763,0.86777,1.12,2.25
2015.11.09 16:26:03.573,0.86763,0.86778,1.87,3.00
2015.11.09 16:26:04.074,0.86763,0.86777,2.25,1.75
2015.11.09 16:26:04.561,0.86772,0.86777,1.00,1.00
2015.11.09 16:26:04.876,0.86777,0.86784,1.00,6.00
2015.11.09 16:26:04.927,0.86779,0.86791,1.87,1.50
2015.11.09 16:26:05.029,0.86779,0.86791,2.25,1.87
2015.11.09 16:26:05.131,0.86779,0.8679,2.25,1.37
2015.11.09 16:26:05.434,0.86777,0.86791,2.62,2.25
2015.11.09 16:26:05.637,0.86777,0.86789,1.00,1.75
2015.11.09 16:26:05.688,0.86775,0.86789,1.50,1.75
2015.11.09 16:26:06.045,0.86775,0.86789,1.00,1.75
2015.11.09 16:26:06.554,0.86772,0.86786,2.25,1.75
2015.11.09 16:26:06.605,0.86772,0.86786,1.87,2.25
2015.11.09 16:26:06.859,0.86771,0.86781,1.00,1.00
2015.11.09 16:26:06.910,0.86769,0.86784,2.25,2.25
2015.11.09 16:26:06.961,0.86769,0.86779,2.25,1.00
2015.11.09 16:26:09.047,0.86768,0.86784,1.87,3.37
2015.11.09 16:26:09.250,0.86766,0.86781,2.62,1.87
2015.11.09 16:26:09.757,0.86764,0.86779,3.00,1.75
2015.11.09 16:26:10.063,0.86765,0.86779,1.75,1.75
2015.11.09 16:26:10.167,0.8677,0.86781,1.00,1.50
2015.11.09 16:26:10.625,0.86769,0.86779,2.25,1.00
2015.11.09 16:26:10.929,0.86771,0.86782,1.12,1.50
2015.11.09 16:26:11.459,0.86772,0.86782,1.00,1.00
2015.11.09 16:26:11.964,0.86773,0.86782,1.00,1.00
2015.11.09 16:26:12.167,0.86769,0.86781,1.12,2.62
2015.11.09 16:26:12.269,0.86764,0.86778,1.75,1.50
2015.11.09 16:26:12.592,0.86763,0.86776,2.25,1.75
2015.11.09 16:26:12.896,0.86762,0.86775,2.25,1.12
2015.11.09 16:26:13.048,0.86761,0.86774,3.00,1.75
2015.11.09 16:26:14.457,0.86763,0.8677,1.00,1.00
2015.11.09 16:26:14.559,0.8676,0.86774,1.50,2.25
2015.11.09 16:26:14.762,0.86759,0.86771,1.00,1.75
2015.11.09 16:26:15.336,0.86757,0.86765,1.50,1.00
2015.11.09 16:26:15.438,0.86755,0.86768,1.50,1.00
2015.11.09 16:26:15.489,0.86755,0.86769,1.50,1.87
2015.11.09 16:26:15.944,0.86756,0.86772,3.00,2.25
2015.11.09 16:26:16.282,0.86761,0.86775,1.12,2.25
2015.11.09 16:26:16.384,0.86761,0.86775,1.50,2.25
2015.11.09 16:26:16.588,0.86762,0.86775,1.50,2.25
2015.11.09 16:26:16.640,0.8676,0.8677,1.50,1.00
2015.11.09 16:26:16.692,0.8676,0.8677,1.50,1.00
2015.11.09 16:26:16.793,0.86757,0.86772,1.75,2.25
2015.11.09 16:26:17.149,0.86754,0.86768,1.75,2.25
2015.11.09 16:26:17.251,0.86754,0.86768,1.12,1.75
2015.11.09 16:26:17.481,0.86753,0.86763,1.00,1.00
2015.11.09 16:26:17.785,0.8675,0.86764,1.12,1.12
2015.11.09 16:26:18.303,0.86751,0.86764,1.00,1.12
2015.11.09 16:26:18.609,0.86755,0.8676,1.00,1.00
2015.11.09 16:26:18.660,0.86755,0.86762,1.00,1.00
2015.11.09 16:26:18.878,0.86755,0.86767,1.50,1.75
2015.11.09 16:26:19.410,0.86756,0.86769,1.37,1.75
2015.11.09 16:26:19.563,0.86757,0.86769,1.50,1.00
2015.11.09 16:26:19.767,0.86759,0.86773,1.75,2.62
2015.11.09 16:26:20.461,0.86758,0.8677,2.25,1.12
2015.11.09 16:26:20.967,0.8676,0.86769,1.00,1.00
2015.11.09 16:26:21.561,0.8676,0.8677,1.12,1.12
2015.11.09 16:26:22.573,0.8676,0.86771,1.50,1.87
2015.11.09 16:26:23.084,0.8676,0.86771,1.87,1.50
2015.11.09 16:26:23.287,0.86757,0.86771,1.87,3.00
2015.11.09 16:26:24.173,0.86756,0.86771,2.25,1.87
2015.11.09 16:26:25.882,0.86757,0.86771,1.75,1.75
2015.11.09 16:26:26.741,0.8676,0.86773,1.00,1.75
2015.11.09 16:26:27.117,0.86761,0.86772,1.12,1.50
2015.11.09 16:26:27.696,0.86761,0.86772,1.50,1.00
2015.11.09 16:26:29.187,0.86761,0.86773,1.75,1.50
2015.11.09 16:26:29.390,0.86761,0.86772,1.00,1.50
2015.11.09 16:26:29.491,0.8676,0.8677,1.50,1.00
2015.11.09 16:26:30.025,0.86758,0.86772,2.25,1.75
2015.11.09 16:26:30.329,0.86757,0.8677,1.00,1.12
2015.11.09 16:26:30.582,0.86757,0.86771,1.87,1.12
2015.11.09 16:26:30.684,0.86759,0.86773,1.50,1.87
2015.11.09 16:26:31.227,0.86759,0.86775,1.75,3.00
2015.11.09 16:26:31.582,0.86763,0.86775,1.00,1.75
2015.11.09 16:26:31.988,0.86761,0.86771,1.50,1.00
2015.11.09 16:26:32.232,0.86764,0.86771,1.00,1.00
2015.11.09 16:26:32.284,0.86764,0.86776,1.87,1.37
2015.11.09 16:26:32.793,0.86764,0.86774,1.50,1.00
2015.11.09 16:26:33.588,0.86762,0.86775,1.50,1.37
2015.11.09 16:26:33.690,0.86762,0.86775,1.75,1.12
2015.11.09 16:26:34.199,0.86762,0.86772,1.50,1.00
2015.11.09 16:26:34.733,0.86761,0.86773,1.12,1.12
2015.11.09 16:26:35.197,0.8676,0.86772,1.00,1.75
2015.11.09 16:26:35.554,0.86758,0.86769,1.87,1.00
2015.11.09 16:26:35.909,0.86759,0.86772,1.75,1.50
2015.11.09 16:26:36.453,0.86764,0.86774,1.00,1.75
2015.11.09 16:26:36.606,0.86764,0.86774,1.00,1.12
2015.11.09 16:26:37.311,0.86766,0.86777,1.12,1.50
2015.11.09 16:26:37.718,0.86765,0.86776,1.00,1.12
2015.11.09 16:26:38.224,0.86764,0.86778,1.50,1.12
2015.11.09 16:26:39.246,0.86764,0.86772,1.00,1.00
2015.11.09 16:26:39.813,0.86763,0.86772,1.00,1.00
2015.11.09 16:26:40.399,0.86762,0.86772,2.25,1.00
2015.11.09 16:26:41.839,0.86763,0.86774,1.00,1.75
2015.11.09 16:26:43.124,0.86763,0.86774,2.25,1.00
2015.11.09 16:26:43.428,0.86764,0.86775,2.25,1.00
2015.11.09 16:26:43.530,0.86765,0.86778,1.75,1.12
2015.11.09 16:26:44.049,0.86767,0.86778,1.75,1.12
2015.11.09 16:26:44.566,0.86769,0.86778,1.50,1.00
2015.11.09 16:26:47.865,0.86768,0.86778,1.00,1.50
2015.11.09 16:26:48.017,0.86767,0.86776,1.00,1.00
2015.11.09 16:26:48.620,0.86765,0.86776,1.75,2.62
2015.11.09 16:26:48.674,0.86766,0.86776,1.00,3.75
2015.11.09 16:26:48.928,0.86763,0.86773,1.50,1.50
2015.11.09 16:26:49.447,0.86763,0.86773,1.00,1.50
2015.11.09 16:26:49.863,0.86763,0.86776,1.50,1.50
2015.11.09 16:26:49.964,0.86766,0.86777,1.75,1.50
2015.11.09 16:26:50.470,0.86768,0.86777,1.37,1.12
2015.11.09 16:26:50.976,0.86765,0.86778,1.75,1.87
2015.11.09 16:26:51.656,0.86765,0.86777,1.75,1.00
2015.11.09 16:26:52.038,0.86767,0.86776,1.75,1.00
2015.11.09 16:26:52.412,0.86771,0.86779,1.00,1.00
2015.11.09 16:26:52.564,0.86771,0.86781,2.25,1.00
2015.11.09 16:26:52.666,0.86777,0.86786,1.00,1.50
2015.11.09 16:26:53.071,0.86776,0.86788,1.75,1.87
2015.11.09 16:26:53.611,0.86776,0.86788,1.87,2.25
2015.11.09 16:26:54.255,0.86777,0.86787,1.50,1.00
2015.11.09 16:26:54.559,0.86777,0.86781,1.00,1.00
2015.11.09 16:26:54.610,0.86774,0.86781,1.12,1.00
2015.11.09 16:26:55.159,0.86772,0.86787,1.75,2.25
2015.11.09 16:26:55.983,0.86773,0.86787,1.12,1.75
2015.11.09 16:26:56.415,0.86773,0.86787,1.75,1.75
2015.11.09 16:26:56.922,0.86774,0.86788,1.12,3.00
2015.11.09 16:26:57.175,0.86776,0.86787,1.00,1.00
2015.11.09 16:26:57.277,0.86774,0.86789,1.75,1.75
2015.11.09 16:26:57.379,0.86775,0.8679,2.25,1.75
2015.11.09 16:26:57.918,0.86777,0.86789,1.75,1.87
2015.11.09 16:26:57.969,0.86777,0.86789,1.12,2.25
2015.11.09 16:26:58.274,0.86775,0.86785,1.00,1.00
2015.11.09 16:26:58.817,0.86774,0.86784,1.50,1.00
2015.11.09 16:26:59.071,0.86774,0.86787,1.50,1.87
2015.11.09 16:26:59.273,0.86773,0.86787,1.50,2.25
2015.11.09 16:27:00.075,0.86774,0.86787,1.50,2.25
2015.11.09 16:27:00.588,0.86774,0.86789,1.75,1.75
2015.11.09 16:27:01.383,0.86774,0.86788,1.75,1.12
2015.11.09 16:27:01.586,0.86777,0.86789,1.75,1.12
2015.11.09 16:27:01.890,0.86775,0.86789,2.25,1.75
2015.11.09 16:27:02.093,0.86775,0.86789,1.50,1.75
2015.11.09 16:27:02.195,0.86774,0.86786,1.50,1.50
2015.11.09 16:27:02.499,0.86771,0.86784,1.50,2.25
2015.11.09 16:27:03.733,0.86774,0.86783,1.00,1.50
2015.11.09 16:27:03.785,0.86774,0.86784,2.25,1.00
2015.11.09 16:27:03.887,0.86775,0.86786,2.25,1.00
2015.11.09 16:27:04.191,0.86776,0.86787,1.75,1.50
2015.11.09 16:27:04.494,0.86781,0.86791,1.00,2.25
2015.11.09 16:27:05.012,0.86781,0.8679,1.00,1.00
2015.11.09 16:27:05.796,0.86779,0.86789,1.50,1.12
2015.11.09 16:27:06.931,0.8678,0.8679,1.00,1.50
2015.11.09 16:27:07.184,0.86777,0.8679,1.75,1.00
2015.11.09 16:27:07.622,0.86777,0.8679,2.25,1.50
2015.11.09 16:27:08.029,0.86781,0.8679,1.00,1.00
2015.11.09 16:27:08.714,0.86779,0.86789,1.00,1.00
2015.11.09 16:27:08.920,0.86779,0.86787,1.00,1.00
2015.11.09 16:27:09.478,0.86776,0.86787,2.62,1.00
2015.11.09 16:27:09.529,0.86776,0.86791,2.62,1.75
2015.11.09 16:27:09.631,0.86777,0.86787,1.12,1.00
2015.11.09 16:27:10.015,0.86778,0.8679,2.62,1.50
2015.11.09 16:27:10.558,0.86778,0.8679,1.87,1.00
2015.11.09 16:27:11.208,0.86782,0.8679,1.00,1.00
2015.11.09 16:27:11.929,0.86778,0.86791,3.00,1.12
2015.11.09 16:27:12.031,0.86782,0.86793,1.75,1.12
2015.11.09 16:27:12.730,0.86782,0.86795,1.75,1.50
2015.11.09 16:27:13.237,0.86782,0.86795,1.37,3.00
2015.11.09 16:27:13.338,0.86777,0.86791,2.62,2.25
2015.11.09 16:27:13.812,0.86778,0.86789,1.87,1.00
2015.11.09 16:27:13.863,0.86781,0.86795,1.75,1.87
2015.11.09 16:27:13.965,0.86782,0.86791,1.50,1.00
2015.11.09 16:27:14.319,0.8678,0.86788,1.50,1.00
2015.11.09 16:27:14.623,0.86779,0.86791,1.37,1.37
2015.11.09 16:27:15.337,0.86779,0.86789,2.62,1.50
2015.11.09 16:27:15.539,0.86779,0.8679,1.37,1.37
2015.11.09 16:27:15.641,0.86776,0.86786,1.00,1.12
2015.11.09 16:27:15.895,0.86777,0.86788,1.50,1.00
2015.11.09 16:27:16.259,0.86774,0.86788,1.37,2.25
2015.11.09 16:27:16.792,0.86773,0.86786,1.37,1.75
2015.11.09 16:27:17.312,0.86773,0.86787,1.87,1.12
2015.11.09 16:27:18.643,0.86775,0.86787,1.87,1.12
2015.11.09 16:27:18.884,0.86777,0.86788,1.50,1.12
2015.11.09 16:27:18.935,0.86777,0.86788,1.75,1.37
2015.11.09 16:27:19.652,0.86776,0.86788,1.75,1.37
2015.11.09 16:27:19.855,0.86773,0.86787,2.25,1.75
2015.11.09 16:27:20.365,0.86771,0.86785,2.25,1.75
2015.11.09 16:27:21.365,0.86771,0.86784,1.12,1.12
2015.11.09 16:27:21.756,0.86768,0.86779,1.50,1.00
2015.11.09 16:27:23.369,0.86768,0.86781,1.87,1.37
2015.11.09 16:27:23.674,0.86766,0.86779,1.75,1.87
2015.11.09 16:27:23.979,0.86766,0.86778,1.00,1.75
2015.11.09 16:27:24.461,0.86761,0.86775,1.75,1.75
2015.11.09 16:27:25.068,0.86759,0.86772,2.25,1.00
2015.11.09 16:27:25.270,0.86758,0.8677,2.25,1.00
2015.11.09 16:27:25.523,0.8676,0.86772,1.87,1.00
2015.11.09 16:27:26.037,0.8676,0.86773,1.87,1.12
2015.11.09 16:27:26.563,0.86761,0.86775,1.50,3.37
2015.11.09 16:27:26.816,0.86765,0.86775,1.00,1.00
2015.11.09 16:27:27.346,0.86764,0.86774,1.00,1.00
2015.11.09 16:27:27.454,0.86762,0.86774,1.75,1.00
2015.11.09 16:27:28.280,0.86762,0.86776,2.25,1.00
2015.11.09 16:27:28.483,0.86766,0.86778,1.37,1.12
2015.11.09 16:27:28.585,0.86766,0.86778,2.25,1.00
2015.11.09 16:27:28.991,0.86768,0.86779,1.00,1.75
2015.11.09 16:27:30.655,0.86767,0.86779,1.12,1.37
2015.11.09 16:27:31.166,0.86767,0.86777,1.50,1.00
2015.11.09 16:27:31.571,0.86767,0.86781,1.12,1.87
2015.11.09 16:27:32.006,0.86768,0.86781,1.75,1.87
2015.11.09 16:27:32.517,0.86767,0.86781,1.37,1.12
2015.11.09 16:27:33.024,0.86766,0.8678,1.75,1.75
2015.11.09 16:27:33.366,0.86769,0.86779,1.00,1.00
2015.11.09 16:27:33.720,0.86767,0.8678,1.75,1.37
2015.11.09 16:27:33.822,0.86766,0.86776,1.00,1.00
2015.11.09 16:27:33.924,0.86765,0.86777,1.50,1.75
2015.11.09 16:27:34.229,0.86762,0.86773,1.37,1.00
2015.11.09 16:27:34.624,0.86762,0.86772,1.00,1.00
2015.11.09 16:27:35.660,0.86759,0.86773,1.87,1.37
2015.11.09 16:27:37.493,0.8676,0.86773,2.25,1.37
2015.11.09 16:27:37.546,0.86759,0.86773,2.25,1.87
2015.11.09 16:27:38.074,0.86759,0.86773,1.00,1.12
2015.11.09 16:27:38.428,0.86759,0.86773,1.50,1.75
2015.11.09 16:27:38.530,0.86761,0.86773,1.37,1.50
2015.11.09 16:27:38.849,0.86759,0.86775,2.25,2.25
2015.11.09 16:27:38.901,0.8676,0.86772,1.50,1.00
2015.11.09 16:27:39.003,0.8676,0.86773,1.75,1.50
2015.11.09 16:27:39.319,0.86761,0.86771,1.87,1.00
2015.11.09 16:27:39.471,0.86761,0.86775,1.87,1.75
2015.11.09 16:27:39.523,0.86763,0.86775,1.75,1.75
2015.11.09 16:27:39.625,0.86765,0.86776,1.00,1.00
2015.11.09 16:27:39.726,0.86764,0.8678,1.87,3.00
2015.11.09 16:27:40.025,0.86765,0.86779,1.12,1.50
2015.11.09 16:27:40.496,0.86767,0.86779,1.75,1.12
2015.11.09 16:27:40.953,0.86767,0.8678,1.12,1.75
2015.11.09 16:27:41.004,0.86765,0.86779,3.00,1.75
2015.11.09 16:27:41.266,0.86764,0.86777,1.12,1.75
2015.11.09 16:27:41.829,0.86764,0.86775,1.00,1.00
2015.11.09 16:27:41.931,0.86766,0.8678,1.12,2.25
2015.11.09 16:27:42.328,0.86771,0.86784,1.87,1.50
2015.11.09 16:27:42.644,0.86773,0.86789,3.00,2.25
2015.11.09 16:27:42.746,0.86775,0.86785,2.25,1.00
2015.11.09 16:27:43.454,0.86775,0.86789,1.00,1.75
2015.11.09 16:27:43.771,0.86773,0.86785,1.12,1.12
2015.11.09 16:27:44.428,0.86773,0.86782,1.50,1.00
2015.11.09 16:27:44.967,0.86772,0.86782,1.00,1.00
2015.11.09 16:27:45.069,0.86772,0.86784,1.00,1.75
2015.11.09 16:27:45.171,0.86774,0.86784,1.00,1.00
2015.11.09 16:27:45.272,0.86771,0.86786,2.62,1.75
2015.11.09 16:27:45.860,0.86777,0.86788,1.37,1.50
2015.11.09 16:27:45.967,0.86777,0.86792,2.25,2.25
2015.11.09 16:27:46.069,0.86778,0.86792,2.25,2.25
2015.11.09 16:27:46.171,0.8678,0.86792,1.50,3.00
2015.11.09 16:27:46.703,0.86783,0.86792,1.00,2.62
2015.11.09 16:27:47.211,0.86783,0.86796,1.12,1.75
2015.11.09 16:27:47.262,0.86783,0.86793,1.00,1.00
2015.11.09 16:27:47.694,0.86785,0.86794,1.37,1.50
2015.11.09 16:27:48.002,0.86788,0.86796,1.37,1.50
2015.11.09 16:27:48.053,0.86788,0.86796,1.37,1.50
2015.11.09 16:27:48.258,0.86788,0.86797,1.37,1.00
2015.11.09 16:27:48.695,0.8679,0.86798,1.37,1.00
2015.11.09 16:27:49.406,0.86791,0.86799,1.37,2.25
2015.11.09 16:27:49.755,0.8679,0.86796,1.37,1.00
2015.11.09 16:27:49.807,0.8679,0.86798,1.37,1.00
2015.11.09 16:27:50.011,0.86789,0.86796,1.37,1.00
2015.11.09 16:27:50.520,0.8679,0.86797,1.37,1.00
2015.11.09 16:27:50.851,0.86788,0.86798,1.37,1.12
2015.11.09 16:27:50.909,0.86789,0.86797,1.50,1.00
2015.11.09 16:27:50.960,0.86793,0.86802,1.00,1.75
2015.11.09 16:27:51.062,0.86793,0.86804,1.50,1.75
2015.11.09 16:27:51.669,0.86793,0.86804,1.00,1.00
2015.11.09 16:27:51.926,0.86795,0.86803,1.00,1.00
2015.11.09 16:27:52.232,0.86794,0.86803,1.87,1.50
2015.11.09 16:27:52.283,0.86794,0.86803,1.87,1.50
2015.11.09 16:27:52.802,0.86794,0.86803,1.87,1.00
2015.11.09 16:27:53.168,0.86796,0.86805,1.12,1.00
2015.11.09 16:27:53.270,0.86795,0.86806,1.50,1.75
2015.11.09 16:27:53.777,0.86794,0.86805,1.37,1.75
2015.11.09 16:27:54.326,0.86795,0.86805,1.37,1.50
2015.11.09 16:27:54.631,0.86795,0.86805,1.12,1.75
2015.11.09 16:27:54.682,0.86795,0.86805,1.12,1.75
2015.11.09 16:27:55.023,0.86796,0.86805,1.00,2.25
2015.11.09 16:27:55.125,0.86794,0.86803,1.00,1.87
2015.11.09 16:27:55.227,0.86792,0.868,1.00,1.00
2015.11.09 16:27:55.328,0.86791,0.86802,1.00,2.25
2015.11.09 16:27:55.379,0.86788,0.868,1.87,1.75
2015.11.09 16:27:55.916,0.8679,0.86801,1.00,3.00
2015.11.09 16:27:56.423,0.86791,0.86799,1.00,1.00
2015.11.09 16:27:56.806,0.86788,0.86801,2.62,1.75
2015.11.09 16:27:57.516,0.86788,0.86797,1.37,1.50
2015.11.09 16:27:57.862,0.86787,0.86794,1.50,1.00
2015.11.09 16:27:58.167,0.86789,0.86796,1.00,1.00
2015.11.09 16:27:58.674,0.86791,0.868,1.00,2.25
2015.11.09 16:27:58.855,0.86789,0.868,1.00,3.00
2015.11.09 16:27:59.363,0.86789,0.86796,1.00,1.00
2015.11.09 16:28:00.405,0.86789,0.86797,1.00,1.75
2015.11.09 16:28:00.659,0.86787,0.86796,1.12,1.37
2015.11.09 16:28:01.282,0.86788,0.86799,1.00,3.00
2015.11.09 16:28:01.333,0.86788,0.86798,1.00,2.25
2015.11.09 16:28:01.435,0.86786,0.86798,2.62,1.75
2015.11.09 16:28:01.486,0.86788,0.86798,1.00,1.75
2015.11.09 16:28:01.790,0.86782,0.86795,1.12,1.87
2015.11.09 16:28:01.841,0.86781,0.86795,2.62,1.75
2015.11.09 16:28:02.391,0.86782,0.86793,1.87,1.37
2015.11.09 16:28:02.695,0.86785,0.86793,1.37,1.50
2015.11.09 16:28:03.212,0.86784,0.86793,1.37,1.50
2015.11.09 16:28:04.112,0.86784,0.86796,1.50,2.25
2015.11.09 16:28:05.336,0.86783,0.86796,1.37,1.75
2015.11.09 16:28:05.387,0.86782,0.86794,1.87,1.50
2015.11.09 16:28:06.268,0.86781,0.86788,1.00,1.12
2015.11.09 16:28:06.573,0.86783,0.86788,1.12,1.00
2015.11.09 16:28:06.725,0.86781,0.86794,1.00,2.25
2015.11.09 16:28:08.064,0.8678,0.86791,1.87,1.00
2015.11.09 16:28:08.267,0.86782,0.86791,1.00,1.00
2015.11.09 16:28:08.784,0.86778,0.86792,1.50,2.25
2015.11.09 16:28:08.835,0.86778,0.86788,1.50,1.00
2015.11.09 16:28:08.937,0.86778,0.86789,1.00,1.75
2015.11.09 16:28:09.242,0.86775,0.86786,1.37,1.75
2015.11.09 16:28:09.570,0.86778,0.86791,1.50,1.75
2015.11.09 16:28:09.672,0.86778,0.86792,2.62,1.50
2015.11.09 16:28:09.774,0.86782,0.86792,1.00,1.00
2015.11.09 16:28:09.927,0.86779,0.86793,1.87,2.25
2015.11.09 16:28:10.437,0.86779,0.86792,1.87,1.75
2015.11.09 16:28:10.946,0.86779,0.8679,1.50,1.37
2015.11.09 16:28:11.654,0.86779,0.86789,2.25,1.00
2015.11.09 16:28:12.155,0.86779,0.86789,1.87,1.00
2015.11.09 16:28:12.975,0.86778,0.86788,1.00,1.00
2015.11.09 16:28:13.605,0.86774,0.86789,1.50,1.75
2015.11.09 16:28:14.087,0.86779,0.86789,1.00,1.00
2015.11.09 16:28:14.391,0.86781,0.86793,1.00,1.75
2015.11.09 16:28:14.743,0.86783,0.86796,1.12,2.62
2015.11.09 16:28:14.947,0.86788,0.86798,1.12,1.12
2015.11.09 16:28:14.999,0.8679,0.86799,1.12,1.37
2015.11.09 16:28:15.155,0.86789,0.86803,1.12,1.87
2015.11.09 16:28:15.985,0.8679,0.86805,1.50,1.12
2015.11.09 16:28:16.695,0.8679,0.86804,1.37,1.75
2015.11.09 16:28:16.746,0.86788,0.86802,1.12,1.12
2015.11.09 16:28:17.268,0.86785,0.868,1.87,1.75
2015.11.09 16:28:17.370,0.86785,0.868,1.87,1.75
2015.11.09 16:28:17.876,0.86786,0.86801,2.25,1.75
2015.11.09 16:28:18.416,0.86789,0.86803,1.75,1.12
2015.11.09 16:28:18.467,0.86791,0.86801,1.00,1.00
2015.11.09 16:28:18.667,0.86791,0.86804,1.87,1.50
2015.11.09 16:28:20.864,0.86792,0.86807,2.25,1.87
2015.11.09 16:28:21.519,0.86793,0.86806,1.37,1.75
2015.11.09 16:28:21.859,0.86791,0.86803,1.12,1.75
2015.11.09 16:28:22.280,0.86791,0.86803,1.50,1.50
2015.11.09 16:28:22.432,0.86793,0.86806,1.12,1.12
2015.11.09 16:28:22.938,0.86796,0.86807,1.00,1.50
2015.11.09 16:28:23.167,0.86797,0.86808,1.00,2.25
2015.11.09 16:28:23.386,0.86793,0.86806,1.75,1.50
2015.11.09 16:28:23.538,0.86791,0.86803,1.37,1.37
2015.11.09 16:28:23.589,0.86791,0.86801,1.00,1.75
2015.11.09 16:28:23.791,0.86789,0.868,1.00,1.75
2015.11.09 16:28:24.410,0.86788,0.86801,1.00,2.25
2015.11.09 16:28:24.664,0.86789,0.868,1.00,2.25
2015.11.09 16:28:24.716,0.86787,0.86797,1.00,1.75
2015.11.09 16:28:24.768,0.86785,0.86794,1.00,1.00
2015.11.09 16:28:24.975,0.8679,0.86798,1.00,1.12
2015.11.09 16:28:25.077,0.86786,0.86795,1.00,1.00
2015.11.09 16:28:25.229,0.86788,0.86796,1.00,1.00
2015.11.09 16:28:25.991,0.86788,0.868,1.00,2.25
2015.11.09 16:28:26.396,0.86791,0.86802,1.00,1.12
2015.11.09 16:28:26.498,0.86792,0.86803,1.00,1.87
2015.11.09 16:28:26.776,0.86788,0.86802,1.00,1.75
2015.11.09 16:28:27.282,0.86788,0.86802,1.00,4.12
2015.11.09 16:28:28.860,0.86787,0.86798,1.00,1.75
2015.11.09 16:28:29.221,0.86783,0.86796,3.00,1.75
2015.11.09 16:28:29.527,0.86786,0.86794,1.00,1.75
2015.11.09 16:28:29.628,0.86785,0.86798,1.75,1.87
2015.11.09 16:28:30.135,0.86788,0.86798,1.00,1.12
2015.11.09 16:28:30.939,0.86786,0.86799,1.12,1.87
2015.11.09 16:28:31.588,0.86788,0.86798,1.00,1.75
2015.11.09 16:28:31.918,0.86786,0.86794,1.12,1.00
2015.11.09 16:28:32.781,0.86785,0.86798,1.00,1.75
2015.11.09 16:28:33.288,0.86784,0.86796,1.50,1.12
2015.11.09 16:28:35.415,0.86789,0.86799,1.00,2.25
2015.11.09 16:28:35.467,0.86789,0.86797,1.00,1.00
2015.11.09 16:28:35.975,0.8679,0.86802,1.00,1.75
2015.11.09 16:28:36.179,0.86787,0.86798,1.87,1.37
2015.11.09 16:28:36.400,0.86783,0.86798,1.50,2.62
2015.11.09 16:28:36.915,0.86783,0.86798,1.12,2.62
2015.11.09 16:28:37.440,0.86784,0.86798,1.00,1.87
2015.11.09 16:28:37.927,0.86783,0.86796,1.50,1.75
2015.11.09 16:28:38.232,0.86787,0.868,1.00,2.62
2015.11.09 16:28:38.333,0.86787,0.86801,1.00,1.75
2015.11.09 16:28:38.384,0.8679,0.86801,1.00,1.87
2015.11.09 16:28:38.537,0.8679,0.86798,1.00,1.00
2015.11.09 16:28:38.745,0.86788,0.86801,1.00,1.75
2015.11.09 16:28:40.186,0.86787,0.86801,1.12,2.25
2015.11.09 16:28:40.579,0.86787,0.868,1.37,1.75
2015.11.09 16:28:42.711,0.86787,0.868,1.12,2.25
2015.11.09 16:28:42.812,0.86787,0.86797,1.12,1.00
2015.11.09 16:28:43.318,0.86787,0.868,1.00,2.25
2015.11.09 16:28:43.831,0.86786,0.86798,1.12,1.75
2015.11.09 16:28:44.343,0.86786,0.86799,1.12,1.12
2015.11.09 16:28:44.931,0.86786,0.86799,1.00,1.87
2015.11.09 16:28:45.761,0.86787,0.86798,1.00,1.75
2015.11.09 16:28:45.812,0.86787,0.86796,1.00,1.00
2015.11.09 16:28:46.351,0.86793,0.86802,1.12,1.75
2015.11.09 16:28:46.403,0.86793,0.86807,1.50,3.00
2015.11.09 16:28:46.455,0.86794,0.86806,1.50,1.50
2015.11.09 16:28:46.506,0.86794,0.86806,1.37,1.75
2015.11.09 16:28:46.761,0.86792,0.86804,1.37,1.12
2015.11.09 16:28:46.915,0.86791,0.86801,1.50,1.00
2015.11.09 16:28:47.120,0.86793,0.86803,1.00,1.37
2015.11.09 16:28:47.465,0.86796,0.86806,1.00,1.75
2015.11.09 16:28:47.516,0.86796,0.86809,1.00,1.87
2015.11.09 16:28:48.224,0.86796,0.86808,1.00,2.25
2015.11.09 16:28:49.075,0.86795,0.86806,1.00,1.75
2015.11.09 16:28:49.584,0.86795,0.86806,1.00,1.75
2015.11.09 16:28:50.117,0.86793,0.86806,1.37,2.25
2015.11.09 16:28:50.426,0.8679,0.86804,1.12,1.12
2015.11.09 16:28:50.528,0.86793,0.86804,1.00,1.12
2015.11.09 16:28:50.832,0.86791,0.86804,1.00,1.75
2015.11.09 16:28:51.442,0.86791,0.86805,1.50,1.12
2015.11.09 16:28:51.545,0.86792,0.86805,1.50,1.12
2015.11.09 16:28:52.225,0.86794,0.86807,1.12,1.87
2015.11.09 16:28:52.953,0.86794,0.86807,1.50,1.12
2015.11.09 16:28:53.865,0.86797,0.86806,1.00,1.00
2015.11.09 16:28:54.221,0.86793,0.86806,1.75,2.62
2015.11.09 16:28:54.272,0.86794,0.86804,1.00,1.00
2015.11.09 16:28:55.229,0.86798,0.86809,1.00,1.75
2015.11.09 16:28:56.320,0.86797,0.86808,1.12,1.50
2015.11.09 16:28:56.863,0.86797,0.86807,1.00,1.50
2015.11.09 16:28:57.395,0.86797,0.86807,1.50,1.50
2015.11.09 16:28:57.822,0.86795,0.86805,1.12,1.12
2015.11.09 16:28:58.677,0.86795,0.86806,1.12,1.12
2015.11.09 16:28:58.983,0.86797,0.86806,1.00,1.87
2015.11.09 16:28:59.761,0.86797,0.86806,1.12,1.00
2015.11.09 16:29:00.267,0.86796,0.86807,1.12,1.50
2015.11.09 16:29:00.592,0.86794,0.86805,1.00,1.75
2015.11.09 16:29:00.999,0.86791,0.86805,1.87,3.00
2015.11.09 16:29:02.944,0.86793,0.86805,1.00,1.12
2015.11.09 16:29:03.463,0.86791,0.868,1.12,1.00
2015.11.09 16:29:06.320,0.8679,0.86801,1.87,1.00
2015.11.09 16:29:06.372,0.86791,0.86801,1.37,1.00
2015.11.09 16:29:06.575,0.86791,0.86803,1.00,2.25
2015.11.09 16:29:06.879,0.86789,0.86802,1.50,1.50
2015.11.09 16:29:07.355,0.86794,0.86805,1.37,2.25
2015.11.09 16:29:07.508,0.86796,0.86805,1.00,1.00
2015.11.09 16:29:09.578,0.86795,0.86807,1.50,1.75
2015.11.09 16:29:10.186,0.86793,0.86807,1.37,2.25
2015.11.09 16:29:10.491,0.8679,0.86802,1.87,1.87
2015.11.09 16:29:11.221,0.86789,0.86802,1.50,2.25
2015.11.09 16:29:11.473,0.86788,0.86796,1.00,1.50
2015.11.09 16:29:11.777,0.86783,0.86794,1.00,3.75
2015.11.09 16:29:11.929,0.86779,0.86787,1.12,1.00
2015.11.09 16:29:13.212,0.86779,0.86788,1.50,1.00
2015.11.09 16:29:13.365,0.86782,0.86791,1.00,1.12
2015.11.09 16:29:13.466,0.86782,0.86793,1.50,1.50
2015.11.09 16:29:13.517,0.86782,0.86793,1.50,1.50
2015.11.09 16:29:13.619,0.86783,0.86795,1.50,1.00
2015.11.09 16:29:16.304,0.86785,0.86799,1.37,3.00
2015.11.09 16:29:16.809,0.86785,0.86799,1.50,2.62
2015.11.09 16:29:17.340,0.86785,0.86798,1.50,1.75
2015.11.09 16:29:17.607,0.86785,0.86798,1.50,1.75
2015.11.09 16:29:18.715,0.86784,0.86798,1.50,2.25
2015.11.09 16:29:20.652,0.86782,0.86793,1.12,1.37
2015.11.09 16:29:20.957,0.86777,0.86792,1.37,2.25
2015.11.09 16:29:21.261,0.86777,0.86792,1.50,3.00
2015.11.09 16:29:21.464,0.86777,0.8679,1.12,1.12
2015.11.09 16:29:21.515,0.86777,0.8679,1.00,1.87
2015.11.09 16:29:21.839,0.86774,0.86789,1.87,1.75
2015.11.09 16:29:22.478,0.86774,0.86786,1.87,1.12
2015.11.09 16:29:23.095,0.86775,0.86786,1.12,1.12
2015.11.09 16:29:24.760,0.86773,0.86786,3.37,1.12
2015.11.09 16:29:24.862,0.86771,0.86785,1.50,1.12
2015.11.09 16:29:24.964,0.8677,0.86783,1.87,1.12
2015.11.09 16:29:25.470,0.86771,0.86782,1.00,1.75
2015.11.09 16:29:25.723,0.8677,0.86781,1.37,1.00
2015.11.09 16:29:26.268,0.8677,0.86782,1.75,1.00
2015.11.09 16:29:26.810,0.86771,0.86782,1.00,1.00
2015.11.09 16:29:27.834,0.86771,0.86786,1.50,3.37
2015.11.09 16:29:30.368,0.86773,0.86782,1.00,1.37
2015.11.09 16:29:30.419,0.86769,0.86781,1.12,1.75
2015.11.09 16:29:30.824,0.86769,0.86779,1.50,1.00
2015.11.09 16:29:32.429,0.8677,0.86779,1.00,1.00
2015.11.09 16:29:33.156,0.8677,0.8678,1.50,1.00
2015.11.09 16:29:33.562,0.86768,0.86779,1.50,1.37
2015.11.09 16:29:33.613,0.86768,0.86779,1.12,1.75
2015.11.09 16:29:33.664,0.86768,0.86778,1.37,1.00
2015.11.09 16:29:33.766,0.86767,0.8678,1.75,1.87
2015.11.09 16:29:33.868,0.86769,0.8678,1.00,1.50
2015.11.09 16:29:34.472,0.86769,0.8678,1.12,1.87
2015.11.09 16:29:34.624,0.86769,0.8678,1.12,1.50
2015.11.09 16:29:35.143,0.86768,0.8678,1.87,1.00
2015.11.09 16:29:35.666,0.86769,0.86779,1.00,1.00
2015.11.09 16:29:40.182,0.86768,0.86781,1.75,1.75
2015.11.09 16:29:40.536,0.86769,0.86782,1.75,1.87
2015.11.09 16:29:41.036,0.86769,0.86784,1.75,1.87
2015.11.09 16:29:41.188,0.8677,0.86784,2.25,2.25
2015.11.09 16:29:41.694,0.8677,0.86784,1.87,1.87
2015.11.09 16:29:42.361,0.86771,0.86783,1.87,1.12
2015.11.09 16:29:42.463,0.86771,0.86782,1.37,1.37
2015.11.09 16:29:42.665,0.86771,0.86782,1.12,1.37
2015.11.09 16:29:43.020,0.86773,0.86785,1.00,2.25
2015.11.09 16:29:43.224,0.86771,0.86782,1.87,2.62
2015.11.09 16:29:43.275,0.86771,0.86782,1.50,2.62
2015.11.09 16:29:43.609,0.86768,0.86779,1.87,1.00
2015.11.09 16:29:44.117,0.8677,0.8678,1.00,1.00
2015.11.09 16:29:44.636,0.86767,0.86782,2.25,1.12
2015.11.09 16:29:46.631,0.8677,0.86782,1.87,1.37
2015.11.09 16:29:46.682,0.8677,0.86782,2.25,1.37
2015.11.09 16:29:46.733,0.86773,0.86783,1.00,1.75
2015.11.09 16:29:46.835,0.86774,0.86784,1.00,1.37
2015.11.09 16:29:47.039,0.86769,0.86782,1.75,1.37
2015.11.09 16:29:47.472,0.86761,0.86773,1.37,1.37
2015.11.09 16:29:47.523,0.8676,0.86773,1.87,1.75
2015.11.09 16:29:47.777,0.86764,0.86773,1.00,1.00
2015.11.09 16:29:48.246,0.86766,0.86774,1.00,1.37
2015.11.09 16:29:48.348,0.86762,0.86775,1.87,2.62
2015.11.09 16:29:49.255,0.86762,0.86773,1.87,1.00
2015.11.09 16:29:49.509,0.86764,0.86774,1.37,1.37
2015.11.09 16:29:50.040,0.86762,0.86772,1.87,1.00
2015.11.09 16:29:50.562,0.86761,0.86773,1.12,1.50
2015.11.09 16:29:51.281,0.86761,0.86773,1.12,1.00
2015.11.09 16:29:51.829,0.86761,0.86774,1.12,1.12
2015.11.09 16:29:52.332,0.86764,0.86776,1.50,1.87
2015.11.09 16:29:52.836,0.86763,0.86776,1.75,1.87
2015.11.09 16:29:53.141,0.86762,0.86774,1.12,1.87
2015.11.09 16:29:54.613,0.86762,0.86774,1.75,1.75
2015.11.09 16:29:54.916,0.86761,0.86774,3.37,1.75
2015.11.09 16:29:55.231,0.86764,0.86774,1.12,1.12
2015.11.09 16:29:55.625,0.86764,0.86774,1.12,1.12
2015.11.09 16:29:56.143,0.86764,0.86775,1.37,1.87
2015.11.09 16:29:56.862,0.86766,0.86776,1.00,3.00
2015.11.09 16:29:56.913,0.86766,0.86776,1.00,1.00
2015.11.09 16:29:57.234,0.86763,0.86776,1.87,1.75
2015.11.09 16:29:57.538,0.86765,0.86775,1.00,1.12
2015.11.09 16:29:57.640,0.86762,0.86775,1.12,1.00
2015.11.09 16:29:57.844,0.86764,0.86775,1.50,1.50
2015.11.09 16:29:58.058,0.86762,0.86774,1.87,1.00
2015.11.09 16:29:58.109,0.86764,0.86774,1.00,1.00
2015.11.09 16:29:58.160,0.86763,0.86775,1.87,1.00
2015.11.09 16:29:58.464,0.86765,0.86776,1.12,1.00
2015.11.09 16:29:59.446,0.86769,0.86777,1.00,1.00
2015.11.09 16:30:00.239,0.86766,0.86777,1.75,1.00
2015.11.09 16:30:00.738,0.86765,0.86776,1.12,1.00
2015.11.09 16:30:01.042,0.86765,0.86778,1.75,3.00
2015.11.09 16:30:01.858,0.86765,0.86779,1.12,3.37
2015.11.09 16:30:02.368,0.86765,0.86777,1.75,1.00
2015.11.09 16:30:02.875,0.86766,0.8678,1.75,1.87
2015.11.09 16:30:03.423,0.86767,0.86777,1.50,1.00
2015.11.09 16:30:03.727,0.86767,0.8678,1.50,1.87
2015.11.09 16:30:05.808,0.86767,0.86782,1.75,2.25
2015.11.09 16:30:07.013,0.86769,0.86783,1.87,2.25
2015.11.09 16:30:07.064,0.8677,0.86783,1.50,1.75
2015.11.09 16:30:07.267,0.8677,0.86784,1.75,1.12
2015.11.09 16:30:07.743,0.86769,0.86783,1.87,1.12
2015.11.09 16:30:08.550,0.86769,0.86782,1.50,1.75
2015.11.09 16:30:09.056,0.86769,0.86784,1.50,2.62
2015.11.09 16:30:09.107,0.86769,0.86784,2.25,1.87
2015.11.09 16:30:09.462,0.8677,0.86784,1.37,2.62
2015.11.09 16:30:10.054,0.86769,0.86782,1.50,1.75
2015.11.09 16:30:10.673,0.8677,0.86781,1.50,1.00
2015.11.09 16:30:10.980,0.86772,0.86783,1.12,1.75
2015.11.09 16:30:11.274,0.86766,0.8678,1.37,1.75
2015.11.09 16:30:11.375,0.86766,0.86779,1.00,1.75
2015.11.09 16:30:11.679,0.86765,0.86779,1.87,1.75
2015.11.09 16:30:11.782,0.86765,0.86779,1.87,1.50
2015.11.09 16:30:12.304,0.86765,0.86779,1.87,1.87
2015.11.09 16:30:12.800,0.86768,0.86779,1.37,1.50
2015.11.09 16:30:13.905,0.86764,0.86778,3.75,1.87
2015.11.09 16:30:14.795,0.86766,0.86778,1.00,1.87
2015.11.09 16:30:15.285,0.86764,0.86777,1.87,1.75
2015.11.09 16:30:15.589,0.86767,0.86775,1.00,1.00
2015.11.09 16:30:16.095,0.86766,0.86779,1.37,1.75
2015.11.09 16:30:16.841,0.86768,0.86781,1.00,1.87
2015.11.09 16:30:17.145,0.86774,0.86782,1.00,1.12
2015.11.09 16:30:17.499,0.86774,0.86784,1.00,1.00
2015.11.09 16:30:18.010,0.86771,0.86786,2.25,1.75
2015.11.09 16:30:18.112,0.86772,0.86782,1.50,1.37
2015.11.09 16:30:18.417,0.86769,0.86784,2.25,1.87
2015.11.09 16:30:18.621,0.86774,0.86783,1.00,1.12
2015.11.09 16:30:18.901,0.86773,0.86787,1.75,1.75
2015.11.09 16:30:18.952,0.86779,0.86788,1.00,1.75
2015.11.09 16:30:19.055,0.86779,0.8679,1.00,1.87
2015.11.09 16:30:19.511,0.86782,0.86793,1.00,2.25
2015.11.09 16:30:19.562,0.86782,0.86793,1.00,1.75
2015.11.09 16:30:20.111,0.8678,0.86793,1.50,3.00
2015.11.09 16:30:20.618,0.86777,0.86791,1.87,3.00
2015.11.09 16:30:21.256,0.86777,0.86789,1.87,1.75
2015.11.09 16:30:21.515,0.86775,0.86787,1.37,1.75
2015.11.09 16:30:21.770,0.86778,0.86789,1.00,1.87
2015.11.09 16:30:22.074,0.86779,0.8679,1.12,1.50
2015.11.09 16:30:22.699,0.86781,0.86792,1.00,1.75
2015.11.09 16:30:23.003,0.86783,0.86792,1.00,1.75
2015.11.09 16:30:23.513,0.86783,0.86791,1.00,1.00
2015.11.09 16:30:24.433,0.86781,0.86793,1.00,1.12
2015.11.09 16:30:25.076,0.86782,0.86792,1.00,1.00
2015.11.09 16:30:25.970,0.86781,0.86792,1.12,1.00
2015.11.09 16:30:26.021,0.86781,0.86793,1.00,1.87
2015.11.09 16:30:26.345,0.86778,0.86785,1.00,1.00
2015.11.09 16:30:26.952,0.86778,0.86789,2.62,1.37
2015.11.09 16:30:27.053,0.86779,0.86791,1.75,1.00
2015.11.09 16:30:27.408,0.86783,0.86794,1.00,1.75
2015.11.09 16:30:27.924,0.86784,0.86795,1.00,1.87
2015.11.09 16:30:28.449,0.86783,0.86791,1.00,1.00
2015.11.09 16:30:28.832,0.86781,0.86794,1.12,1.12
2015.11.09 16:30:29.491,0.86783,0.86794,1.00,1.87
2015.11.09 16:30:30.009,0.86783,0.86794,1.00,1.12
2015.11.09 16:30:30.060,0.8678,0.86794,1.12,1.12
2015.11.09 16:30:30.567,0.86781,0.86791,1.00,1.00
2015.11.09 16:30:30.771,0.8678,0.86793,1.00,1.75
2015.11.09 16:30:31.311,0.86779,0.86792,1.12,1.12
2015.11.09 16:30:31.830,0.8678,0.86792,1.00,1.12
2015.11.09 16:30:32.631,0.86779,0.86792,1.12,1.12
2015.11.09 16:30:34.354,0.86779,0.86791,1.50,1.00
2015.11.09 16:30:34.760,0.86778,0.86789,1.87,1.00
2015.11.09 16:30:35.292,0.86778,0.86792,1.12,2.25
2015.11.09 16:30:35.655,0.86775,0.86789,1.50,1.87
2015.11.09 16:30:35.757,0.86776,0.86789,1.00,1.87
2015.11.09 16:30:35.962,0.86776,0.86789,1.37,1.12
2015.11.09 16:30:37.057,0.86776,0.86789,1.37,1.12
2015.11.09 16:30:37.588,0.86776,0.86789,1.50,1.12
2015.11.09 16:30:37.690,0.86774,0.86785,1.75,1.00
2015.11.09 16:30:37.791,0.86775,0.86784,1.00,1.50
2015.11.09 16:30:37.893,0.86771,0.86781,1.00,1.37
2015.11.09 16:30:38.418,0.86768,0.8678,1.75,1.00
2015.11.09 16:30:38.573,0.86766,0.8678,1.50,1.87
2015.11.09 16:30:38.675,0.86764,0.8678,3.37,1.87
2015.11.09 16:30:39.191,0.86764,0.86779,1.50,1.12
2015.11.09 16:30:40.362,0.86766,0.86778,1.00,1.75
2015.11.09 16:30:42.275,0.86766,0.86779,1.00,1.12
2015.11.09 16:30:42.326,0.86764,0.86779,1.12,1.12
2015.11.09 16:30:42.811,0.86765,0.86778,1.50,1.12
2015.11.09 16:30:43.885,0.86768,0.8678,1.00,1.87
2015.11.09 16:30:45.943,0.86767,0.8678,1.00,1.87
2015.11.09 16:30:46.452,0.86767,0.86777,1.50,1.00
2015.11.09 16:30:47.403,0.86767,0.86778,2.25,1.00
2015.11.09 16:30:47.897,0.86768,0.86781,2.62,1.12
2015.11.09 16:30:47.998,0.86771,0.86781,1.00,1.37
2015.11.09 16:30:48.100,0.86772,0.86782,1.00,1.00
2015.11.09 16:30:51.130,0.86771,0.86783,1.75,1.00
2015.11.09 16:30:52.216,0.86772,0.86784,1.12,1.37
2015.11.09 16:30:52.369,0.86772,0.86781,1.50,1.00
2015.11.09 16:30:52.653,0.86768,0.86778,1.00,1.00
2015.11.09 16:30:52.756,0.86766,0.86779,1.12,1.87
2015.11.09 16:30:53.060,0.86766,0.86779,1.12,1.87
2015.11.09 16:30:53.576,0.86765,0.86776,1.00,1.12
2015.11.09 16:30:53.913,0.86769,0.86779,1.00,1.00
2015.11.09 16:30:54.015,0.86771,0.86781,1.00,1.50
2015.11.09 16:30:54.321,0.86765,0.86776,1.00,1.12
2015.11.09 16:30:54.625,0.86759,0.86772,2.62,1.87
2015.11.09 16:30:55.060,0.86766,0.86774,2.25,1.00
2015.11.09 16:30:55.162,0.86771,0.86781,1.75,1.12
2015.11.09 16:30:55.264,0.86772,0.86784,1.00,1.12
2015.11.09 16:30:55.366,0.86771,0.86785,3.75,1.37
2015.11.09 16:30:55.569,0.86773,0.86786,1.87,1.37
2015.11.09 16:30:55.671,0.86771,0.86785,2.25,1.75
2015.11.09 16:30:55.774,0.86771,0.86782,1.37,1.37
2015.11.09 16:30:56.353,0.86771,0.86781,1.50,1.00
2015.11.09 16:30:56.686,0.86781,0.86785,1.00,1.00
2015.11.09 16:30:56.737,0.86784,0.86791,1.00,1.75
2015.11.09 16:30:56.838,0.86785,0.86793,1.00,1.12
2015.11.09 16:30:57.413,0.86784,0.86794,1.12,1.37
2015.11.09 16:30:59.184,0.86783,0.86794,1.50,1.37
2015.11.09 16:30:59.236,0.86782,0.86792,1.00,1.50
2015.11.09 16:30:59.641,0.86781,0.86789,1.50,1.37
2015.11.09 16:31:00.163,0.86781,0.8679,1.12,1.37
2015.11.09 16:31:00.416,0.86781,0.86792,1.12,1.50
2015.11.09 16:31:01.111,0.8678,0.86791,1.87,1.37
2015.11.09 16:31:01.645,0.8678,0.86791,1.87,1.00
2015.11.09 16:31:02.161,0.8678,0.86791,1.50,1.50
2015.11.09 16:31:02.820,0.86778,0.86791,2.25,1.00
2015.11.09 16:31:03.412,0.86778,0.86791,2.25,1.50
2015.11.09 16:31:03.999,0.86777,0.86791,2.25,1.12
2015.11.09 16:31:05.384,0.86778,0.86791,1.50,1.12
2015.11.09 16:31:05.435,0.86777,0.8679,2.25,1.75
2015.11.09 16:31:05.655,0.86777,0.86787,1.00,1.50
2015.11.09 16:31:06.266,0.86777,0.86787,1.37,1.37
2015.11.09 16:31:06.570,0.86781,0.8679,1.12,1.37
2015.11.09 16:31:06.953,0.86781,0.86791,1.12,1.00
2015.11.09 16:31:07.270,0.86783,0.86792,1.00,1.37
2015.11.09 16:31:07.574,0.86787,0.86795,1.00,1.37
2015.11.09 16:31:07.928,0.86787,0.86796,1.00,1.00
2015.11.09 16:31:08.460,0.86787,0.86797,1.50,1.12
2015.11.09 16:31:08.713,0.86787,0.86797,1.50,1.37
2015.11.09 16:31:10.396,0.86787,0.86797,1.12,1.12
2015.11.09 16:31:10.498,0.86789,0.868,1.12,1.75
2015.11.09 16:31:11.012,0.86789,0.86799,1.87,1.50
2015.11.09 16:31:11.518,0.86789,0.86798,1.12,1.37
2015.11.09 16:31:12.030,0.86787,0.86798,1.37,1.87
2015.11.09 16:31:12.334,0.8679,0.86801,1.00,1.12
2015.11.09 16:31:12.385,0.8679,0.86801,1.37,1.37
2015.11.09 16:31:12.689,0.8679,0.86803,1.75,1.37
2015.11.09 16:31:13.208,0.86793,0.86804,1.12,1.87
2015.11.09 16:31:13.716,0.86791,0.86803,1.87,1.75
2015.11.09 16:31:14.020,0.8679,0.86802,1.00,1.37
2015.11.09 16:31:14.172,0.86791,0.86802,1.50,1.00
2015.11.09 16:31:14.223,0.86791,0.86803,1.50,1.37
2015.11.09 16:31:14.701,0.86793,0.86799,1.00,1.00
2015.11.09 16:31:14.853,0.86788,0.86802,1.75,1.12
2015.11.09 16:31:15.360,0.86791,0.86801,1.12,1.00
2015.11.09 16:31:15.512,0.86793,0.86802,1.50,1.00
2015.11.09 16:31:15.821,0.86795,0.86806,1.12,1.12
2015.11.09 16:31:15.872,0.86794,0.86805,1.37,1.00
2015.11.09 16:31:15.923,0.86794,0.86806,1.12,1.12
2015.11.09 16:31:16.681,0.86797,0.86803,1.00,1.00
2015.11.09 16:31:17.424,0.86797,0.86806,1.00,1.12
2015.11.09 16:31:17.627,0.86796,0.86804,1.00,1.00
2015.11.09 16:31:18.140,0.86795,0.86804,1.00,1.87
2015.11.09 16:31:18.715,0.86797,0.86802,1.00,1.00
2015.11.09 16:31:19.414,0.86794,0.86803,1.00,1.37
2015.11.09 16:31:20.220,0.86794,0.86803,1.00,1.12
2015.11.09 16:31:21.101,0.86794,0.86804,1.12,1.87
2015.11.09 16:31:22.636,0.86795,0.86804,1.00,1.00
2015.11.09 16:31:23.156,0.86795,0.86805,1.50,1.12
2015.11.09 16:31:23.661,0.86796,0.86805,1.00,1.00
2015.11.09 16:31:24.195,0.86795,0.86805,1.00,1.87
2015.11.09 16:31:24.713,0.86796,0.86806,1.00,1.87
2015.11.09 16:31:25.910,0.86796,0.86806,1.50,1.37
2015.11.09 16:31:26.414,0.86796,0.86807,1.50,1.00
2015.11.09 16:31:26.954,0.86798,0.86808,1.00,1.37
2015.11.09 16:31:27.005,0.86798,0.86812,1.50,1.75
2015.11.09 16:31:27.107,0.86798,0.86812,1.75,1.75
2015.11.09 16:31:27.361,0.86799,0.86814,1.50,1.87
2015.11.09 16:31:29.309,0.86797,0.86808,1.37,1.75
2015.11.09 16:31:29.361,0.86797,0.86806,1.00,1.00
2015.11.09 16:31:29.726,0.868,0.86808,1.00,1.37
2015.11.09 16:31:29.828,0.86797,0.86808,1.50,1.00
2015.11.09 16:31:30.530,0.86799,0.86811,1.50,1.37
2015.11.09 16:31:30.836,0.86802,0.8681,1.00,1.00
2015.11.09 16:31:31.344,0.86801,0.86813,1.50,1.87
2015.11.09 16:31:31.891,0.868,0.86815,2.62,1.75
2015.11.09 16:31:32.887,0.868,0.86813,1.50,1.87
2015.11.09 16:31:33.394,0.868,0.86813,2.25,1.12
2015.11.09 16:31:33.901,0.868,0.86813,1.87,1.12
2015.11.09 16:31:34.432,0.86801,0.86813,1.00,1.12
2015.11.09 16:31:34.888,0.86799,0.86812,1.37,1.12
2015.11.09 16:31:38.661,0.868,0.86813,1.12,1.12
2015.11.09 16:31:39.620,0.86802,0.86813,1.00,1.12
2015.11.09 16:31:39.935,0.86811,0.86822,1.50,1.37
2015.11.09 16:31:41.221,0.8681,0.86819,1.50,1.37
2015.11.09 16:31:41.728,0.86808,0.86819,2.62,1.50
2015.11.09 16:31:43.405,0.86808,0.86818,1.50,1.00
2015.11.09 16:31:43.709,0.86806,0.86816,1.50,1.00
2015.11.09 16:31:44.248,0.86804,0.86816,1.50,1.37
2015.11.09 16:31:44.553,0.86803,0.86816,1.12,1.12
2015.11.09 16:31:45.060,0.86804,0.86816,1.00,1.12
2015.11.09 16:31:45.448,0.86804,0.86816,1.00,1.12
2015.11.09 16:31:45.896,0.86804,0.86815,1.50,1.00
2015.11.09 16:31:46.199,0.86803,0.86816,3.00,1.00
2015.11.09 16:31:46.771,0.86806,0.86816,1.50,1.50
2015.11.09 16:31:46.873,0.86805,0.86816,1.87,1.37
2015.11.09 16:31:47.380,0.86803,0.86815,1.50,1.37
2015.11.09 16:31:47.753,0.86807,0.86815,1.00,1.00
2015.11.09 16:31:47.854,0.86807,0.86819,1.37,1.12
2015.11.09 16:31:48.103,0.86809,0.86821,1.75,1.87
2015.11.09 16:31:48.154,0.86809,0.86821,1.87,1.87
2015.11.09 16:31:48.408,0.86812,0.86822,1.00,1.00
2015.11.09 16:31:48.914,0.86809,0.86822,1.12,1.50
2015.11.09 16:31:49.309,0.86809,0.86821,1.12,1.75
2015.11.09 16:31:49.665,0.86807,0.86821,2.62,2.25
2015.11.09 16:31:50.221,0.86807,0.86821,1.12,3.00
2015.11.09 16:31:50.711,0.86807,0.86819,1.12,1.00
2015.11.09 16:31:50.914,0.86809,0.86821,1.75,1.00
2015.11.09 16:31:51.431,0.86809,0.86821,1.75,1.50
2015.11.09 16:31:51.532,0.86807,0.8682,2.62,1.12
2015.11.09 16:31:52.105,0.86807,0.86821,1.12,1.87
2015.11.09 16:31:52.621,0.86807,0.86819,1.12,1.87
2015.11.09 16:31:52.823,0.86807,0.86819,1.00,2.25
2015.11.09 16:31:53.395,0.86804,0.86819,1.87,2.25
2015.11.09 16:31:54.535,0.86804,0.86819,3.37,2.25
2015.11.09 16:31:55.036,0.86804,0.86819,3.37,2.25
2015.11.09 16:31:55.580,0.86808,0.86818,1.00,1.00
2015.11.09 16:31:55.682,0.86809,0.86815,1.00,1.00
2015.11.09 16:31:55.784,0.86805,0.86816,1.12,1.87
2015.11.09 16:31:56.370,0.86805,0.86815,1.87,1.00
2015.11.09 16:31:56.425,0.86806,0.86815,1.50,1.00
2015.11.09 16:31:56.830,0.86807,0.86818,1.50,1.12
2015.11.09 16:31:56.931,0.86807,0.86818,1.50,1.12
2015.11.09 16:31:56.982,0.86807,0.8682,1.87,1.37
2015.11.09 16:31:57.033,0.86807,0.8682,1.87,1.12
2015.11.09 16:31:57.544,0.86809,0.8682,2.25,1.00
2015.11.09 16:31:58.052,0.86809,0.86821,1.87,1.37
2015.11.09 16:31:58.205,0.86809,0.86822,1.87,1.00
2015.11.09 16:31:58.768,0.8681,0.86824,1.75,1.12
2015.11.09 16:31:59.404,0.8681,0.86823,1.75,1.00
2015.11.09 16:31:59.910,0.86812,0.86823,1.75,1.00
2015.11.09 16:32:00.459,0.86814,0.86824,1.00,1.12
2015.11.09 16:32:00.510,0.86811,0.86824,2.25,1.37
2015.11.09 16:32:00.612,0.86811,0.86821,1.50,1.00
2015.11.09 16:32:01.119,0.86809,0.86823,1.50,1.75
2015.11.09 16:32:01.760,0.86809,0.86824,2.25,1.12
2015.11.09 16:32:02.270,0.86809,0.86823,2.25,1.12
2015.11.09 16:32:02.814,0.8681,0.86823,1.50,1.12
2015.11.09 16:32:03.326,0.86809,0.86824,1.50,1.12
2015.11.09 16:32:03.869,0.86809,0.86824,1.75,1.12
2015.11.09 16:32:04.757,0.8681,0.86824,1.87,1.75
2015.11.09 16:32:05.853,0.86811,0.86824,1.37,1.75
2015.11.09 16:32:09.985,0.86809,0.86821,1.50,1.50
2015.11.09 16:32:10.549,0.86809,0.86821,1.50,1.00
2015.11.09 16:32:11.171,0.86809,0.86821,1.50,1.50
2015.11.09 16:32:11.755,0.86808,0.86821,1.75,1.00
2015.11.09 16:32:12.284,0.86809,0.8682,1.50,1.00
2015.11.09 16:32:12.386,0.86809,0.86819,1.50,1.37
2015.11.09 16:32:12.894,0.86809,0.86818,1.00,1.37
2015.11.09 16:32:13.528,0.86808,0.86818,1.12,2.25
2015.11.09 16:32:13.832,0.86806,0.86816,1.50,1.37
2015.11.09 16:32:13.883,0.86807,0.86818,1.12,1.37
2015.11.09 16:32:14.390,0.86808,0.86818,1.00,1.37
2015.11.09 16:32:14.745,0.86806,0.86817,1.00,1.00
2015.11.09 16:32:14.797,0.86807,0.86818,1.50,1.12
2015.11.09 16:32:15.317,0.86807,0.86819,1.50,1.87
2015.11.09 16:32:16.355,0.86807,0.86818,1.50,1.00
2015.11.09 16:32:16.868,0.86807,0.86818,1.50,1.50
2015.11.09 16:32:17.579,0.86807,0.86818,1.50,1.00
2015.11.09 16:32:18.100,0.86806,0.86818,1.75,1.50
2015.11.09 16:32:18.709,0.86807,0.86819,1.50,1.12
2015.11.09 16:32:19.257,0.86807,0.8682,1.50,1.37
2015.11.09 16:32:21.568,0.86806,0.86819,2.25,1.12
2015.11.09 16:32:21.771,0.86804,0.86819,1.87,1.87
2015.11.09 16:32:21.873,0.86803,0.86816,1.87,1.75
2015.11.09 16:32:25.199,0.86805,0.86815,1.00,1.50
2015.11.09 16:32:28.145,0.86804,0.86817,1.12,1.12
2015.11.09 16:32:29.239,0.86803,0.86815,1.12,1.50
2015.11.09 16:32:30.360,0.86805,0.86816,1.00,1.75
2015.11.09 16:32:30.512,0.86803,0.86817,1.87,1.87
2015.11.09 16:32:31.020,0.86804,0.86815,1.00,1.50
2015.11.09 16:32:31.525,0.86804,0.86816,1.50,1.87
2015.11.09 16:32:32.115,0.86803,0.86816,1.37,1.87
2015.11.09 16:32:34.541,0.86803,0.86816,2.25,2.25
2015.11.09 16:32:34.972,0.86806,0.86818,1.00,1.75
2015.11.09 16:32:35.479,0.86806,0.86815,1.12,1.00
2015.11.09 16:32:35.804,0.86806,0.86818,1.12,1.75
2015.11.09 16:32:36.317,0.86806,0.86818,1.50,1.75
2015.11.09 16:32:40.058,0.86807,0.86816,1.87,1.75
2015.11.09 16:32:40.312,0.8681,0.86821,1.00,1.50
2015.11.09 16:32:40.363,0.86809,0.86823,4.50,2.62
2015.11.09 16:32:40.514,0.86811,0.86821,1.50,1.00
2015.11.09 16:32:40.717,0.86811,0.86821,1.00,1.75
2015.11.09 16:32:41.022,0.86805,0.86816,2.25,1.12
2015.11.09 16:32:41.073,0.86803,0.86815,1.12,1.50
2015.11.09 16:32:41.427,0.86804,0.86815,1.87,1.37
2015.11.09 16:32:42.436,0.86808,0.86816,1.00,1.00
2015.11.09 16:32:42.958,0.86809,0.86817,1.00,1.00
2015.11.09 16:32:43.262,0.8681,0.86821,1.00,1.12
2015.11.09 16:32:43.464,0.86811,0.86823,1.00,2.62
2015.11.09 16:32:44.032,0.86811,0.86817,1.00,1.00
2015.11.09 16:32:45.637,0.86809,0.86817,1.12,1.00
2015.11.09 16:32:46.193,0.86807,0.86817,4.12,1.00
2015.11.09 16:32:46.502,0.8681,0.86817,2.25,1.00
2015.11.09 16:32:46.560,0.86811,0.86824,1.12,1.12
2015.11.09 16:32:46.966,0.86812,0.86822,1.00,1.00
2015.11.09 16:32:49.371,0.86813,0.86822,1.00,1.00
2015.11.09 16:32:49.674,0.86814,0.86826,2.62,1.87
2015.11.09 16:32:49.927,0.86819,0.86825,1.00,1.00
2015.11.09 16:32:50.079,0.86819,0.86832,1.12,1.12
2015.11.09 16:32:50.607,0.86819,0.86832,1.50,1.87
2015.11.09 16:32:51.381,0.86817,0.8683,1.75,1.12
2015.11.09 16:32:51.483,0.86816,0.8683,2.25,1.37
2015.11.09 16:32:51.687,0.86815,0.86829,1.12,1.12
2015.11.09 16:32:52.004,0.86813,0.86828,1.50,2.62
2015.11.09 16:32:52.563,0.86815,0.86825,1.00,1.00
2015.11.09 16:32:52.969,0.86812,0.86827,2.25,1.87
2015.11.09 16:32:53.560,0.86812,0.86827,1.00,2.62
2015.11.09 16:32:54.179,0.86811,0.86826,1.50,3.00
2015.11.09 16:32:55.755,0.8681,0.86824,2.62,1.12
2015.11.09 16:32:56.277,0.8681,0.86824,1.50,1.12
2015.11.09 16:32:56.802,0.8681,0.86824,1.00,1.75
2015.11.09 16:32:57.308,0.86809,0.86819,1.00,1.00
2015.11.09 16:32:57.613,0.86811,0.86824,1.00,1.87
2015.11.09 16:32:58.157,0.86811,0.86823,1.00,1.75
2015.11.09 16:32:58.685,0.8681,0.86823,1.12,1.75
2015.11.09 16:32:59.191,0.86811,0.86824,1.00,1.12
2015.11.09 16:32:59.293,0.86811,0.86824,1.12,1.12
2015.11.09 16:33:00.294,0.86811,0.86824,1.50,1.12
2015.11.09 16:33:00.800,0.86813,0.86826,1.00,1.75
2015.11.09 16:33:01.305,0.86812,0.86821,1.12,1.00
2015.11.09 16:33:01.407,0.86812,0.86826,1.37,1.75
2015.11.09 16:33:02.174,0.86811,0.86824,1.37,1.12
2015.11.09 16:33:02.694,0.86809,0.86822,1.87,1.50
2015.11.09 16:33:03.304,0.86809,0.8682,1.37,1.37
2015.11.09 16:33:07.074,0.86809,0.8682,2.62,1.12
2015.11.09 16:33:07.616,0.86812,0.8682,1.37,1.12
2015.11.09 16:33:08.122,0.86811,0.8682,1.50,1.12
2015.11.09 16:33:09.374,0.86812,0.8682,1.37,1.12
2015.11.09 16:33:10.001,0.86811,0.86822,1.50,1.37
2015.11.09 16:33:10.573,0.86811,0.86822,1.50,1.37
2015.11.09 16:33:11.418,0.86812,0.86822,1.37,1.37
2015.11.09 16:33:12.469,0.86811,0.86822,1.00,1.37
2015.11.09 16:33:14.039,0.86809,0.86821,1.37,1.87
2015.11.09 16:33:15.395,0.86807,0.8682,1.87,1.00
2015.11.09 16:33:15.902,0.86806,0.86821,1.12,2.62
2015.11.09 16:33:16.003,0.86806,0.86819,1.37,1.50
2015.11.09 16:33:16.206,0.86806,0.86816,1.00,1.00
2015.11.09 16:33:16.748,0.86805,0.86815,1.00,1.50
2015.11.09 16:33:18.007,0.86802,0.86816,1.87,1.50
2015.11.09 16:33:18.557,0.86803,0.86816,1.12,1.00
2015.11.09 16:33:19.114,0.86804,0.86817,1.75,1.37
2015.11.09 16:33:19.660,0.86804,0.86816,1.87,1.00
2015.11.09 16:33:20.421,0.86806,0.86818,1.75,2.25
2015.11.09 16:33:20.916,0.86806,0.86819,1.75,1.12
2015.11.09 16:33:21.997,0.86807,0.8682,1.87,1.12
2015.11.09 16:33:22.799,0.86807,0.86818,1.12,1.00
2015.11.09 16:33:23.103,0.86803,0.86814,1.37,1.87
2015.11.09 16:33:23.800,0.86802,0.86811,1.87,1.00
2015.11.09 16:33:24.327,0.86803,0.86814,1.37,1.87
2015.11.09 16:33:25.504,0.86804,0.86816,2.25,1.12
2015.11.09 16:33:25.555,0.86805,0.86815,1.00,1.00
2015.11.09 16:33:25.707,0.86807,0.86816,1.50,1.50
2015.11.09 16:33:25.961,0.86803,0.86816,2.25,1.37
2015.11.09 16:33:26.063,0.86805,0.86814,1.00,1.37
2015.11.09 16:33:26.430,0.86807,0.86816,1.75,1.37
2015.11.09 16:33:26.837,0.86805,0.86815,1.50,1.87
2015.11.09 16:33:27.388,0.86802,0.86815,1.75,1.37
2015.11.09 16:33:27.903,0.86802,0.86816,1.75,1.87
2015.11.09 16:33:28.421,0.86804,0.86815,1.50,1.00
2015.11.09 16:33:29.034,0.86803,0.86815,1.37,1.50
2015.11.09 16:33:29.848,0.86803,0.86816,2.25,1.37
2015.11.09 16:33:30.749,0.86804,0.86815,1.50,1.00
2015.11.09 16:33:31.257,0.86803,0.86815,2.62,1.37
2015.11.09 16:33:31.877,0.86805,0.86816,1.12,1.37
2015.11.09 16:33:32.561,0.86804,0.86816,1.87,1.37
2015.11.09 16:33:36.374,0.86805,0.86815,1.12,1.00
2015.11.09 16:33:37.833,0.86806,0.86817,1.87,1.87
2015.11.09 16:33:37.884,0.86806,0.86817,2.25,1.12
2015.11.09 16:33:37.986,0.86806,0.86819,1.75,1.87
2015.11.09 16:33:38.087,0.86805,0.86819,1.50,1.12
2015.11.09 16:33:39.906,0.86805,0.86819,1.12,1.75
2015.11.09 16:33:40.983,0.86804,0.8682,1.75,2.62
2015.11.09 16:33:41.237,0.86804,0.8682,1.75,3.37
2015.11.09 16:33:41.592,0.86805,0.86819,2.25,2.25
2015.11.09 16:33:42.290,0.86806,0.86819,1.75,1.12
2015.11.09 16:33:43.790,0.86806,0.8682,1.37,1.12
2015.11.09 16:33:43.948,0.86806,0.86817,1.50,1.00
2015.11.09 16:33:44.488,0.86808,0.86817,1.00,1.00
2015.11.09 16:33:45.132,0.86808,0.8682,1.37,1.12
2015.11.09 16:33:45.387,0.86809,0.86819,1.12,1.00
2015.11.09 16:33:45.591,0.8681,0.86821,1.87,1.12
2015.11.09 16:33:46.098,0.86811,0.86822,1.50,1.00
2015.11.09 16:33:46.720,0.86811,0.86822,1.00,1.00
2015.11.09 16:33:47.024,0.8681,0.86823,1.50,1.87
2015.11.09 16:33:48.318,0.86811,0.86824,1.50,1.12
2015.11.09 16:33:48.827,0.86811,0.86824,1.12,1.12
2015.11.09 16:33:49.678,0.86811,0.86822,1.37,1.00
2015.11.09 16:33:50.983,0.86811,0.86823,1.50,1.00
2015.11.09 16:33:51.581,0.86812,0.86824,1.00,1.12
2015.11.09 16:33:51.886,0.86811,0.86824,1.00,1.87
2015.11.09 16:33:53.094,0.86809,0.86823,1.50,1.87
2015.11.09 16:33:53.638,0.86813,0.86823,1.00,1.12
2015.11.09 16:33:53.891,0.86809,0.86819,1.50,1.00
2015.11.09 16:33:54.530,0.86809,0.86821,3.00,1.12
2015.11.09 16:33:55.046,0.8681,0.86823,2.25,1.87
2015.11.09 16:33:55.597,0.8681,0.86823,2.25,1.37
2015.11.09 16:33:55.903,0.8681,0.86824,2.25,1.75
2015.11.09 16:33:57.140,0.86812,0.86824,1.50,2.62
2015.11.09 16:33:57.646,0.86812,0.86825,2.25,1.37
2015.11.09 16:33:57.697,0.86813,0.86825,1.12,1.12
2015.11.09 16:33:57.905,0.86813,0.86825,1.50,1.87
2015.11.09 16:33:58.108,0.86813,0.86825,1.75,1.00
2015.11.09 16:33:58.655,0.86814,0.86825,1.50,1.50
2015.11.09 16:33:59.161,0.86816,0.86825,1.00,1.00
2015.11.09 16:33:59.707,0.86815,0.86825,1.12,1.00
2015.11.09 16:34:00.286,0.86815,0.86825,1.12,1.50
2015.11.09 16:34:00.798,0.86815,0.86827,1.12,2.25
2015.11.09 16:34:02.614,0.86814,0.86827,1.75,1.87
2015.11.09 16:34:03.758,0.86815,0.86827,1.00,1.37
2015.11.09 16:34:06.005,0.86812,0.86824,1.50,1.87
2015.11.09 16:34:06.361,0.86813,0.86824,1.75,1.12
2015.11.09 16:34:06.867,0.86816,0.86826,1.00,1.00
2015.11.09 16:34:07.957,0.86815,0.86828,1.50,1.87
2015.11.09 16:34:08.488,0.86815,0.86828,1.00,1.75
2015.11.09 16:34:08.990,0.86816,0.86827,1.00,1.75
2015.11.09 16:34:10.892,0.86813,0.86827,3.75,1.87
2015.11.09 16:34:12.871,0.86813,0.86825,1.50,1.87
2015.11.09 16:34:12.973,0.86812,0.86825,2.62,1.75
2015.11.09 16:34:13.074,0.86812,0.86825,1.50,1.75
2015.11.09 16:34:13.662,0.86813,0.86825,1.50,1.50
2015.11.09 16:34:14.168,0.86813,0.86825,2.25,1.75
2015.11.09 16:34:14.679,0.86813,0.86825,1.50,1.37
2015.11.09 16:34:15.284,0.86814,0.86825,1.37,1.00
2015.11.09 16:34:15.806,0.86814,0.86827,1.12,1.87
2015.11.09 16:34:16.109,0.86815,0.86827,1.50,1.37
2015.11.09 16:34:16.652,0.86816,0.86827,1.00,1.12
2015.11.09 16:34:16.956,0.86818,0.86828,1.00,1.87
2015.11.09 16:34:17.260,0.86818,0.86825,1.00,1.00
2015.11.09 16:34:18.310,0.86814,0.86825,1.12,1.00
2015.11.09 16:34:18.822,0.86817,0.86826,1.00,1.12
2015.11.09 16:34:19.357,0.86817,0.86825,1.00,1.00
2015.11.09 16:34:19.884,0.86813,0.86825,2.25,1.00
2015.11.09 16:34:20.418,0.86813,0.86826,2.25,1.87
2015.11.09 16:34:20.721,0.86813,0.86825,2.25,1.87
2015.11.09 16:34:21.277,0.86813,0.86825,2.25,1.12
2015.11.09 16:34:21.783,0.86813,0.86825,1.75,1.37
2015.11.09 16:34:22.391,0.86814,0.86825,1.50,2.62
2015.11.09 16:34:22.922,0.86815,0.86825,1.00,2.62
2015.11.09 16:34:23.874,0.86813,0.86825,2.25,1.87
2015.11.09 16:34:24.194,0.86813,0.86825,1.75,1.50
2015.11.09 16:34:24.652,0.86814,0.86824,1.12,1.00
2015.11.09 16:34:25.704,0.86815,0.86824,1.00,1.00
2015.11.09 16:34:26.990,0.86815,0.86825,1.00,1.12
2015.11.09 16:34:27.525,0.86815,0.86825,1.50,1.00
2015.11.09 16:34:28.241,0.86814,0.86825,1.50,1.12
2015.11.09 16:34:30.488,0.86814,0.86824,1.50,1.00
2015.11.09 16:34:31.423,0.86814,0.86824,1.50,1.12
2015.11.09 16:34:32.367,0.86812,0.86824,1.37,1.50
2015.11.09 16:34:32.671,0.86817,0.86829,1.50,2.62
2015.11.09 16:34:32.723,0.86817,0.86829,1.50,2.62
2015.11.09 16:34:32.925,0.86814,0.86828,2.62,1.12
2015.11.09 16:34:33.236,0.86814,0.86828,1.12,2.25
2015.11.09 16:34:34.750,0.86813,0.86826,1.12,1.75
2015.11.09 16:34:36.539,0.86814,0.86824,1.00,1.00
2015.11.09 16:34:36.640,0.86814,0.86826,2.25,1.50
2015.11.09 16:34:41.676,0.86812,0.86825,2.62,1.00
2015.11.09 16:34:41.778,0.86814,0.86825,1.12,1.37
2015.11.09 16:34:41.880,0.86815,0.86825,1.00,1.12
2015.11.09 16:34:44.049,0.86813,0.86827,1.87,1.12
2015.11.09 16:34:44.599,0.86813,0.86828,1.87,3.37
2015.11.09 16:34:44.935,0.86814,0.86827,1.12,1.37
2015.11.09 16:34:45.186,0.86814,0.86827,1.87,1.00
2015.11.09 16:34:45.702,0.86814,0.86828,1.12,2.62
2015.11.09 16:34:46.197,0.86819,0.86828,1.00,2.25
2015.11.09 16:34:46.299,0.86821,0.8683,1.00,1.00
2015.11.09 16:34:46.603,0.86823,0.86833,1.00,1.00
2015.11.09 16:34:46.755,0.86825,0.86834,1.00,1.00
2015.11.09 16:34:47.261,0.86825,0.86835,1.00,1.00
2015.11.09 16:34:50.385,0.86827,0.86839,2.25,1.50
2015.11.09 16:34:50.690,0.86835,0.86842,2.25,1.00
2015.11.09 16:34:50.741,0.86835,0.86846,3.00,1.12
2015.11.09 16:34:50.994,0.86834,0.86847,1.00,3.00
2015.11.09 16:34:51.096,0.86832,0.86842,1.00,1.00
2015.11.09 16:34:51.248,0.86834,0.86842,1.00,1.00
2015.11.09 16:34:51.677,0.86832,0.86842,1.50,1.00
2015.11.09 16:34:51.780,0.86832,0.8684,1.00,1.00
2015.11.09 16:34:51.831,0.86829,0.8684,1.00,1.00
2015.11.09 16:34:51.883,0.86828,0.86842,1.50,2.25
2015.11.09 16:34:52.187,0.86828,0.86841,1.00,3.00
2015.11.09 16:34:52.238,0.86826,0.86841,1.50,3.00
2015.11.09 16:34:52.771,0.86822,0.86838,2.25,3.75
2015.11.09 16:34:53.279,0.86825,0.86835,1.00,1.00
2015.11.09 16:34:53.380,0.86823,0.86836,1.12,1.87
2015.11.09 16:34:53.482,0.86828,0.86836,1.00,1.50
2015.11.09 16:34:53.787,0.8683,0.86836,1.00,1.00
2015.11.09 16:34:54.066,0.8683,0.8684,1.00,1.00
2015.11.09 16:34:54.219,0.86831,0.8684,1.50,1.00
2015.11.09 16:34:54.472,0.86831,0.86844,1.12,1.50
2015.11.09 16:34:54.523,0.86834,0.86845,1.00,2.25
2015.11.09 16:34:55.028,0.86834,0.86843,1.00,1.00
2015.11.09 16:34:56.175,0.86834,0.86842,1.00,1.00
2015.11.09 16:34:56.479,0.86832,0.86843,1.75,1.00
2015.11.09 16:34:56.580,0.86834,0.86847,1.12,1.12
2015.11.09 16:34:57.102,0.86837,0.86848,1.75,1.50
2015.11.09 16:34:57.407,0.86836,0.86847,1.50,1.00
2015.11.09 16:34:57.952,0.86836,0.86846,1.50,1.12
2015.11.09 16:34:58.187,0.86833,0.86846,2.62,1.12
2015.11.09 16:34:58.390,0.86833,0.86846,2.62,1.50
2015.11.09 16:34:58.918,0.86834,0.86844,1.12,1.00
2015.11.09 16:34:59.323,0.86832,0.86845,1.00,2.62
2015.11.09 16:34:59.837,0.8683,0.86844,2.25,1.12
2015.11.09 16:35:00.343,0.86831,0.86842,1.00,1.12
2015.11.09 16:35:00.873,0.8683,0.86841,1.12,1.37
2015.11.09 16:35:01.179,0.86828,0.86842,1.87,1.87
2015.11.09 16:35:02.123,0.86828,0.8684,1.50,1.37
2015.11.09 16:35:02.738,0.86827,0.86838,1.50,1.50
2015.11.09 16:35:03.043,0.86825,0.86836,1.00,1.12
2015.11.09 16:35:03.426,0.86821,0.86832,1.75,1.00
2015.11.09 16:35:03.528,0.8682,0.86832,2.25,2.25
2015.11.09 16:35:03.579,0.86823,0.86832,1.00,1.50
2015.11.09 16:35:03.731,0.86823,0.86836,1.00,1.12
2015.11.09 16:35:03.934,0.86822,0.86836,1.12,2.62
2015.11.09 16:35:04.240,0.86823,0.86835,1.50,1.75
2015.11.09 16:35:04.611,0.86823,0.86836,2.25,1.75
2015.11.09 16:35:04.915,0.86823,0.86836,1.50,1.75
2015.11.09 16:35:05.674,0.86825,0.86836,1.00,1.12
2015.11.09 16:35:06.061,0.86827,0.86838,1.00,1.75
2015.11.09 16:35:06.163,0.86827,0.86838,1.87,1.00
2015.11.09 16:35:06.214,0.8683,0.86839,1.37,1.87
2015.11.09 16:35:06.722,0.86831,0.86838,1.00,1.00
2015.11.09 16:35:09.610,0.86829,0.8684,3.00,1.00
2015.11.09 16:35:09.711,0.86829,0.86838,3.37,1.00
2015.11.09 16:35:10.262,0.86832,0.86839,1.00,1.00
2015.11.09 16:35:12.538,0.86832,0.8684,1.00,1.00
2015.11.09 16:35:12.849,0.86832,0.86838,1.50,1.00
2015.11.09 16:35:13.208,0.86831,0.86844,1.12,2.25
2015.11.09 16:35:13.614,0.86828,0.86836,1.87,1.00
2015.11.09 16:35:13.766,0.86827,0.86836,2.62,1.00
2015.11.09 16:35:13.918,0.86827,0.86839,2.62,1.12
2015.11.09 16:35:15.860,0.86829,0.86841,2.25,1.37
2015.11.09 16:35:16.066,0.86829,0.86841,1.00,1.12
2015.11.09 16:35:16.471,0.86828,0.8684,1.00,1.75
2015.11.09 16:35:18.655,0.86828,0.8684,1.00,2.62
2015.11.09 16:35:20.418,0.86826,0.8684,1.37,2.62
2015.11.09 16:35:20.964,0.86826,0.86839,1.75,1.75
2015.11.09 16:35:22.695,0.86826,0.86836,1.00,1.00
2015.11.09 16:35:22.999,0.86823,0.86837,2.25,1.87
2015.11.09 16:35:23.645,0.86823,0.86833,2.25,1.00
2015.11.09 16:35:24.176,0.86822,0.86834,1.12,1.87
2015.11.09 16:35:25.877,0.86821,0.86834,1.87,1.87
2015.11.09 16:35:26.815,0.86823,0.86833,1.00,1.75
2015.11.09 16:35:27.017,0.86821,0.86833,1.87,1.12
2015.11.09 16:35:27.669,0.86821,0.86833,2.25,1.37
2015.11.09 16:35:30.077,0.86821,0.86831,1.50,1.00
2015.11.09 16:35:30.583,0.8682,0.86832,1.00,1.75
2015.11.09 16:35:30.736,0.86818,0.86832,1.50,1.12
2015.11.09 16:35:31.530,0.86818,0.86827,1.50,1.00
2015.11.09 16:35:32.040,0.86818,0.86826,1.00,1.00
2015.11.09 16:35:32.192,0.86816,0.86826,2.25,1.00
2015.11.09 16:35:32.698,0.86816,0.86828,1.87,1.12
2015.11.09 16:35:32.973,0.86816,0.86826,1.50,1.00
2015.11.09 16:35:34.926,0.86816,0.86828,1.12,1.12
2015.11.09 16:35:39.083,0.86816,0.86828,1.00,1.12
2015.11.09 16:35:39.594,0.86815,0.86827,1.50,1.12
2015.11.09 16:35:39.696,0.86815,0.86827,1.50,1.12
2015.11.09 16:35:40.603,0.86813,0.86827,1.50,1.87
2015.11.09 16:35:40.807,0.86813,0.86826,1.12,1.12
2015.11.09 16:35:41.314,0.8681,0.8682,1.50,1.00
2015.11.09 16:35:41.887,0.86811,0.8682,1.00,1.00
2015.11.09 16:35:42.305,0.86807,0.86822,2.25,1.87
2015.11.09 16:35:42.697,0.86806,0.86821,3.75,2.62
2015.11.09 16:35:43.390,0.86811,0.86818,1.50,1.12
2015.11.09 16:35:43.441,0.86811,0.8682,1.50,1.37
2015.11.09 16:35:43.644,0.86811,0.86823,1.50,1.87
2015.11.09 16:35:43.746,0.86811,0.86819,1.00,1.00
2015.11.09 16:35:44.254,0.86811,0.86824,1.00,1.12
2015.11.09 16:35:44.787,0.8681,0.86824,1.50,1.12
2015.11.09 16:35:45.144,0.86815,0.86826,1.00,1.87
2015.11.09 16:35:45.245,0.86815,0.86827,1.37,1.12
2015.11.09 16:35:45.651,0.86814,0.86827,1.12,1.12
2015.11.09 16:35:45.992,0.86814,0.86827,1.00,1.12
2015.11.09 16:35:46.043,0.86812,0.86826,3.00,1.12
2015.11.09 16:35:47.359,0.86812,0.86824,1.00,1.37
2015.11.09 16:35:47.874,0.86811,0.86822,1.12,1.37
2015.11.09 16:35:50.938,0.86811,0.86822,1.50,1.00
2015.11.09 16:35:53.687,0.86812,0.86822,1.00,1.00
2015.11.09 16:35:53.990,0.86818,0.86831,1.75,1.87
2015.11.09 16:35:54.041,0.86818,0.86831,1.50,1.87
2015.11.09 16:35:54.550,0.86819,0.86831,1.87,1.12
2015.11.09 16:35:55.101,0.86819,0.8683,1.12,1.37
2015.11.09 16:35:55.304,0.86821,0.86831,1.00,1.12
2015.11.09 16:35:55.507,0.86819,0.86831,1.87,1.12
2015.11.09 16:35:55.608,0.86821,0.86831,1.00,1.12
2015.11.09 16:35:55.864,0.86821,0.86833,1.12,1.12
2015.11.09 16:35:56.369,0.86822,0.86833,1.50,1.12
2015.11.09 16:35:57.470,0.86822,0.86833,1.00,1.12
2015.11.09 16:35:58.957,0.8682,0.86833,1.50,1.12
2015.11.09 16:35:59.261,0.8682,0.8683,1.87,1.37
2015.11.09 16:35:59.363,0.8682,0.8683,2.25,1.12
2015.11.09 16:36:00.245,0.8682,0.86831,1.50,1.12
2015.11.09 16:36:00.753,0.8682,0.8683,3.00,1.12
2015.11.09 16:36:01.588,0.86825,0.86831,1.37,1.50
2015.11.09 16:36:01.690,0.86828,0.86837,1.00,1.00
2015.11.09 16:36:01.893,0.86829,0.86841,1.37,2.62
2015.11.09 16:36:02.198,0.86829,0.8684,1.00,1.37
2015.11.09 16:36:02.525,0.86825,0.86834,1.00,1.12
2015.11.09 16:36:02.880,0.86825,0.86835,1.00,1.87
2015.11.09 16:36:03.574,0.86826,0.86837,1.00,3.37
2015.11.09 16:36:04.089,0.86826,0.86836,1.00,1.75
2015.11.09 16:36:04.392,0.86823,0.86833,1.00,1.37
2015.11.09 16:36:05.073,0.86823,0.86833,1.37,1.00
2015.11.09 16:36:05.584,0.86823,0.86833,1.00,1.00
2015.11.09 16:36:05.686,0.86822,0.86834,1.37,1.75
2015.11.09 16:36:05.990,0.86821,0.86832,1.00,1.87
2015.11.09 16:36:07.047,0.8682,0.86831,1.00,1.12
2015.11.09 16:36:07.352,0.86818,0.8683,1.12,1.50
2015.11.09 16:36:07.505,0.86817,0.8683,1.12,2.25
2015.11.09 16:36:09.508,0.86817,0.86828,1.00,1.75
2015.11.09 16:36:09.609,0.86815,0.86826,1.00,2.25
2015.11.09 16:36:09.912,0.86811,0.86824,3.00,2.25
2015.11.09 16:36:10.065,0.86811,0.86823,2.25,2.25
2015.11.09 16:36:10.116,0.86811,0.86823,2.62,2.25
2015.11.09 16:36:10.646,0.86811,0.86824,2.62,1.12
2015.11.09 16:36:12.168,0.86811,0.86824,3.37,1.12
2015.11.09 16:36:13.025,0.86811,0.86825,3.37,2.62
2015.11.09 16:36:14.844,0.86816,0.86825,1.00,1.87
2015.11.09 16:36:14.895,0.86816,0.86825,1.00,1.50
2015.11.09 16:36:15.419,0.86816,0.86825,1.50,1.50
2015.11.09 16:36:15.937,0.86816,0.86825,1.50,1.00
2015.11.09 16:36:17.298,0.86813,0.86827,2.25,1.87
2015.11.09 16:36:17.501,0.86815,0.86827,1.75,1.50
2015.11.09 16:36:18.102,0.86815,0.86828,1.75,1.87
2015.11.09 16:36:19.885,0.86818,0.86829,1.00,1.87
2015.11.09 16:36:20.139,0.86817,0.86831,1.75,1.12
2015.11.09 16:36:20.444,0.86818,0.86831,1.75,1.50
2015.11.09 16:36:20.932,0.86821,0.86833,1.50,1.50
2015.11.09 16:36:21.034,0.86822,0.86833,1.75,1.50
2015.11.09 16:36:21.542,0.86823,0.86836,1.50,1.12
2015.11.09 16:36:22.208,0.86825,0.86836,1.00,1.12
2015.11.09 16:36:22.715,0.86825,0.86836,1.00,1.12
2015.11.09 16:36:24.648,0.86825,0.86836,1.87,1.00
2015.11.09 16:36:24.800,0.86827,0.86836,1.00,1.00
2015.11.09 16:36:25.324,0.86825,0.86837,1.37,1.37
2015.11.09 16:36:25.830,0.86827,0.86837,1.00,1.37
2015.11.09 16:36:28.591,0.86825,0.86837,1.37,1.37
2015.11.09 16:36:28.917,0.86825,0.86836,1.00,1.12
2015.11.09 16:36:29.018,0.86826,0.86837,1.00,1.12
2015.11.09 16:36:29.759,0.86826,0.86837,1.00,1.12
2015.11.09 16:36:30.266,0.86825,0.86837,1.50,1.12
2015.11.09 16:36:31.158,0.86825,0.86836,1.00,1.12
2015.11.09 16:36:32.236,0.86825,0.86836,1.12,1.00
2015.11.09 16:36:37.067,0.86825,0.86836,1.12,1.37
2015.11.09 16:36:38.112,0.86826,0.86837,1.00,1.12
2015.11.09 16:36:38.672,0.86824,0.86837,1.50,1.12
2015.11.09 16:36:38.976,0.86824,0.86837,2.25,1.37
2015.11.09 16:36:41.064,0.86826,0.86838,1.75,1.75
2015.11.09 16:36:41.165,0.86827,0.86839,1.75,1.12
2015.11.09 16:36:41.683,0.86828,0.86842,2.25,1.12
2015.11.09 16:36:44.064,0.86832,0.86842,1.00,1.12
2015.11.09 16:36:44.996,0.86832,0.86843,1.12,1.00
2015.11.09 16:36:45.300,0.86834,0.86843,1.00,1.00
2015.11.09 16:36:45.452,0.86832,0.86844,1.87,1.37
2015.11.09 16:36:46.173,0.86832,0.86844,1.12,1.12
2015.11.09 16:36:46.679,0.86831,0.86844,1.50,1.12
2015.11.09 16:36:46.882,0.86832,0.86844,1.12,1.12
2015.11.09 16:36:47.389,0.86831,0.86844,2.62,1.12
2015.11.09 16:36:47.642,0.86833,0.86844,1.00,1.12
2015.11.09 16:36:48.157,0.86833,0.86844,1.12,1.12
2015.11.09 16:36:48.708,0.86831,0.8684,1.50,1.00
2015.11.09 16:36:48.809,0.86828,0.86837,1.50,1.00
2015.11.09 16:36:48.911,0.86828,0.86837,1.00,1.12
2015.11.09 16:36:49.012,0.86828,0.86843,1.00,4.12
2015.11.09 16:36:49.063,0.86828,0.86843,1.87,4.12
2015.11.09 16:36:49.114,0.86831,0.86841,1.50,1.00
2015.11.09 16:36:49.650,0.86829,0.86843,1.37,1.12
2015.11.09 16:36:49.701,0.86829,0.86843,1.12,1.12
2015.11.09 16:36:49.752,0.86831,0.86843,1.00,1.12
2015.11.09 16:36:50.006,0.86831,0.86844,1.50,1.12
2015.11.09 16:36:50.515,0.86832,0.86844,1.12,1.12
2015.11.09 16:36:50.981,0.86831,0.86844,1.50,1.12
2015.11.09 16:36:54.367,0.86832,0.86842,1.50,1.50
2015.11.09 16:36:54.896,0.86834,0.86843,1.00,1.37
2015.11.09 16:36:56.374,0.86831,0.86842,1.87,1.37
2015.11.09 16:36:57.078,0.86835,0.86843,1.00,1.37
2015.11.09 16:36:58.374,0.86835,0.86842,1.00,1.37
2015.11.09 16:36:59.535,0.8683,0.86842,1.75,1.50
2015.11.09 16:36:59.586,0.86832,0.86838,1.00,1.37
2015.11.09 16:36:59.738,0.86826,0.86838,1.75,1.00
2015.11.09 16:37:00.244,0.86826,0.86839,1.75,1.50
2015.11.09 16:37:00.346,0.86827,0.86838,1.87,1.87
2015.11.09 16:37:00.645,0.86829,0.86841,1.75,1.12
2015.11.09 16:37:00.696,0.86829,0.86841,1.37,1.50
2015.11.09 16:37:00.747,0.86826,0.86841,1.12,3.37
2015.11.09 16:37:01.254,0.86826,0.86837,1.50,1.00
2015.11.09 16:37:01.508,0.86829,0.86842,1.37,1.75
2015.11.09 16:37:01.610,0.86833,0.86843,1.00,1.12
2015.11.09 16:37:02.181,0.86833,0.86843,1.50,1.87
2015.11.09 16:37:02.598,0.86834,0.86846,1.37,2.62
2015.11.09 16:37:02.648,0.86836,0.86846,1.00,2.62
2015.11.09 16:37:03.239,0.86832,0.86846,1.75,1.87
2015.11.09 16:37:03.442,0.86835,0.86845,1.00,1.00
2015.11.09 16:37:03.645,0.86835,0.86847,1.50,1.87
2015.11.09 16:37:04.150,0.86833,0.86847,1.75,1.50
2015.11.09 16:37:04.252,0.86832,0.86845,3.75,1.00
2015.11.09 16:37:04.690,0.8683,0.86843,1.75,1.37
2015.11.09 16:37:04.995,0.86818,0.86832,1.87,1.37
2015.11.09 16:37:05.046,0.86818,0.86832,1.12,1.37
2015.11.09 16:37:05.098,0.86817,0.8683,2.25,1.37
2015.11.09 16:37:05.402,0.86817,0.86831,5.62,1.37
2015.11.09 16:37:05.652,0.86819,0.86832,1.75,1.50
2015.11.09 16:37:06.161,0.8682,0.8683,1.50,1.00
2015.11.09 16:37:06.414,0.8682,0.86833,1.50,1.87
2015.11.09 16:37:06.465,0.86823,0.86833,1.00,1.87
2015.11.09 16:37:06.667,0.86827,0.86839,1.00,1.12
2015.11.09 16:37:06.950,0.86829,0.86839,1.00,1.87
2015.11.09 16:37:07.467,0.86829,0.86839,1.00,1.12
2015.11.09 16:37:07.973,0.86825,0.86838,1.87,1.00
2015.11.09 16:37:08.358,0.86824,0.86839,1.50,4.12
2015.11.09 16:37:08.410,0.86825,0.86835,1.37,1.50
2015.11.09 16:37:08.917,0.86825,0.86835,1.37,1.00
2015.11.09 16:37:09.411,0.86825,0.86831,1.37,1.37
2015.11.09 16:37:09.463,0.8682,0.86831,1.50,1.87
2015.11.09 16:37:09.514,0.8682,0.8683,1.37,1.75
2015.11.09 16:37:09.666,0.86818,0.86829,1.37,1.37
2015.11.09 16:37:10.148,0.86815,0.86827,1.50,1.00
2015.11.09 16:37:11.607,0.86815,0.86829,1.37,1.87
2015.11.09 16:37:11.911,0.86814,0.86827,1.37,1.75
2015.11.09 16:37:11.962,0.86813,0.86825,1.00,1.75
2015.11.09 16:37:12.231,0.86814,0.86825,1.37,1.37
2015.11.09 16:37:12.282,0.86814,0.86827,1.75,1.37
2015.11.09 16:37:12.586,0.86816,0.86828,1.75,1.00
2015.11.09 16:37:12.991,0.86816,0.86827,1.00,1.00
2015.11.09 16:37:13.659,0.86816,0.86828,1.75,1.37
2015.11.09 16:37:13.762,0.86817,0.8683,2.25,1.37
2015.11.09 16:37:14.068,0.86818,0.86831,2.25,1.50
2015.11.09 16:37:14.677,0.86821,0.86831,1.00,1.12
2015.11.09 16:37:17.641,0.86821,0.86831,1.00,1.87
2015.11.09 16:37:18.248,0.86821,0.86831,1.00,1.12
2015.11.09 16:37:18.776,0.86822,0.86832,1.00,1.87
2015.11.09 16:37:19.293,0.86819,0.86831,1.75,1.00
2015.11.09 16:37:19.395,0.86818,0.86831,1.50,1.37
2015.11.09 16:37:19.649,0.86817,0.86829,1.75,1.37
2015.11.09 16:37:19.959,0.86817,0.86829,1.00,1.12
2015.11.09 16:37:20.466,0.86817,0.86826,1.00,1.12
2015.11.09 16:37:20.770,0.86817,0.86825,1.00,1.12
2015.11.09 16:37:21.235,0.86817,0.86824,1.00,1.00
2015.11.09 16:37:21.286,0.86815,0.86824,1.00,1.00
2015.11.09 16:37:22.451,0.86816,0.86829,1.00,1.12
2015.11.09 16:37:22.707,0.86816,0.86829,2.25,1.37
2015.11.09 16:37:22.758,0.86817,0.86829,2.25,1.00
2015.11.09 16:37:23.265,0.86817,0.86831,3.00,1.12
2015.11.09 16:37:23.468,0.86817,0.86825,1.37,1.37
2015.11.09 16:37:24.001,0.86817,0.86828,1.37,1.87
2015.11.09 16:37:24.828,0.86819,0.8683,1.00,1.12
2015.11.09 16:37:25.361,0.8682,0.8683,1.00,1.37
2015.11.09 16:37:25.615,0.86819,0.86832,1.37,1.87
2015.11.09 16:37:25.918,0.8682,0.86831,1.12,1.12
2015.11.09 16:37:26.020,0.8682,0.8683,1.12,1.00
2015.11.09 16:37:26.122,0.8682,0.86831,1.87,1.00
2015.11.09 16:37:26.454,0.86822,0.86833,1.00,1.87
2015.11.09 16:37:26.708,0.86821,0.86833,1.00,1.50
2015.11.09 16:37:27.565,0.86822,0.86832,2.25,1.37
2015.11.09 16:37:28.123,0.86823,0.86832,1.00,1.00
2015.11.09 16:37:28.681,0.86822,0.86831,2.62,1.37
2015.11.09 16:37:28.985,0.86822,0.86828,2.25,1.37
2015.11.09 16:37:29.497,0.86822,0.86829,2.25,1.37
2015.11.09 16:37:29.992,0.86819,0.8683,1.12,1.00
2015.11.09 16:37:30.145,0.86819,0.8683,1.12,1.12
2015.11.09 16:37:30.862,0.86825,0.86831,1.00,1.12
2015.11.09 16:37:31.065,0.86825,0.86837,1.50,1.37
2015.11.09 16:37:31.716,0.86825,0.86836,1.12,1.50
2015.11.09 16:37:31.767,0.86825,0.86834,1.12,1.37
2015.11.09 16:37:32.272,0.86825,0.86834,1.00,1.00
2015.11.09 16:37:32.814,0.86822,0.86834,1.87,1.00
2015.11.09 16:37:33.362,0.86822,0.86834,1.87,1.50
2015.11.09 16:37:33.768,0.86822,0.86832,1.12,1.00
2015.11.09 16:37:34.274,0.86822,0.86833,1.37,1.00
2015.11.09 16:37:35.175,0.86824,0.86835,1.00,1.87
2015.11.09 16:37:35.855,0.86822,0.86835,1.12,1.50
2015.11.09 16:37:36.244,0.86823,0.86833,2.25,1.00
2015.11.09 16:37:36.345,0.86822,0.86836,4.50,1.00
2015.11.09 16:37:36.548,0.86822,0.86836,1.12,1.87
2015.11.09 16:37:37.074,0.86822,0.86834,2.25,1.37
2015.11.09 16:37:37.226,0.86823,0.86836,1.75,1.50
2015.11.09 16:37:37.732,0.86827,0.86838,1.00,2.62
2015.11.09 16:37:37.783,0.86827,0.86838,1.12,2.62
2015.11.09 16:37:37.986,0.86829,0.86838,1.37,1.75
2015.11.09 16:37:38.087,0.86829,0.8684,1.37,2.25
2015.11.09 16:37:38.423,0.86832,0.8684,1.37,1.75
2015.11.09 16:37:38.676,0.86832,0.8684,1.50,1.00
2015.11.09 16:37:38.878,0.86832,0.86844,1.37,1.50
2015.11.09 16:37:39.082,0.86831,0.86844,1.37,1.75
2015.11.09 16:37:39.830,0.86832,0.86844,1.50,2.25
2015.11.09 16:37:39.931,0.86831,0.86843,1.00,1.75
2015.11.09 16:37:40.436,0.8683,0.86841,1.37,1.75
2015.11.09 16:37:40.487,0.86829,0.86841,1.00,1.75
2015.11.09 16:37:41.083,0.86829,0.86841,1.00,1.75
2015.11.09 16:37:41.590,0.86828,0.86843,1.50,3.75
2015.11.09 16:37:42.212,0.86829,0.86841,1.37,1.75
2015.11.09 16:37:42.721,0.86828,0.86842,3.00,1.87
2015.11.09 16:37:43.227,0.86828,0.86842,2.62,3.00
2015.11.09 16:37:43.463,0.86829,0.86841,1.37,1.75
2015.11.09 16:37:44.492,0.86827,0.86841,1.87,2.25
2015.11.09 16:37:45.018,0.86827,0.8684,1.00,2.25
2015.11.09 16:37:46.481,0.86826,0.8684,2.25,2.25
2015.11.09 16:37:47.437,0.86827,0.86839,1.37,1.75
2015.11.09 16:37:47.979,0.86826,0.86839,1.50,1.75
2015.11.09 16:37:48.283,0.86824,0.86838,1.87,1.75
2015.11.09 16:37:48.486,0.86824,0.86835,1.50,1.75
2015.11.09 16:37:48.587,0.86821,0.86834,1.50,2.25
2015.11.09 16:37:48.789,0.86821,0.86835,1.50,2.25
2015.11.09 16:37:49.166,0.8682,0.86835,2.62,1.75
2015.11.09 16:37:49.217,0.86822,0.86835,1.50,1.50
2015.11.09 16:37:49.520,0.86823,0.86835,1.12,2.62
2015.11.09 16:37:49.622,0.86822,0.86835,1.00,2.25
2015.11.09 16:37:49.976,0.86824,0.8683,1.00,1.00
2015.11.09 16:37:50.519,0.86824,0.86832,1.00,1.12
2015.11.09 16:37:51.969,0.86817,0.86829,1.87,1.12
2015.11.09 16:37:52.020,0.86817,0.86829,1.50,1.75
2015.11.09 16:37:52.525,0.86816,0.8683,1.50,2.25
2015.11.09 16:37:52.627,0.86816,0.86826,1.87,1.00
2015.11.09 16:37:53.645,0.86817,0.86826,1.37,1.00
2015.11.09 16:37:53.747,0.86816,0.86826,1.00,1.00
2015.11.09 16:37:59.717,0.86814,0.8683,1.87,3.37
2015.11.09 16:38:00.124,0.86814,0.86827,1.12,1.12
2015.11.09 16:38:02.901,0.86812,0.86819,1.37,1.00
2015.11.09 16:38:02.952,0.86809,0.86819,1.00,1.00
2015.11.09 16:38:03.104,0.86806,0.8682,2.25,1.87
2015.11.09 16:38:03.206,0.86806,0.86819,1.87,1.87
2015.11.09 16:38:03.611,0.86807,0.86819,1.87,1.50
2015.11.09 16:38:03.934,0.8681,0.86824,3.37,1.50
2015.11.09 16:38:04.441,0.86815,0.86825,1.00,1.00
2015.11.09 16:38:04.948,0.86814,0.86824,1.00,1.00
2015.11.09 16:38:05.278,0.86808,0.86822,2.62,1.75
2015.11.09 16:38:05.582,0.86808,0.86822,1.50,1.75
2015.11.09 16:38:06.240,0.86809,0.86819,1.50,1.00
2015.11.09 16:38:06.728,0.8681,0.86823,1.50,2.25
2015.11.09 16:38:07.285,0.86812,0.86823,1.00,2.25
2015.11.09 16:38:07.336,0.86812,0.86823,1.12,1.87
2015.11.09 16:38:08.122,0.86808,0.86823,1.87,1.12
2015.11.09 16:38:08.672,0.86808,0.86823,1.37,1.87
2015.11.09 16:38:09.928,0.86809,0.86823,1.50,1.87
2015.11.09 16:38:16.153,0.86808,0.86823,4.12,1.12
2015.11.09 16:38:16.356,0.86808,0.86822,4.50,1.00
2015.11.09 16:38:16.659,0.86809,0.86823,1.75,1.12
2015.11.09 16:38:17.689,0.86808,0.86823,4.12,1.87
2015.11.09 16:38:18.218,0.86812,0.86823,1.00,1.00
2015.11.09 16:38:25.208,0.86812,0.86824,2.25,1.12
2015.11.09 16:38:27.868,0.86812,0.86824,2.25,1.12
2015.11.09 16:38:28.374,0.86813,0.86826,1.50,1.75
2015.11.09 16:38:28.920,0.86813,0.86826,1.75,1.75
2015.11.09 16:38:29.123,0.86811,0.86821,1.50,1.37
2015.11.09 16:38:29.376,0.86811,0.86819,1.00,1.50
2015.11.09 16:38:29.427,0.86806,0.86819,3.00,1.87
2015.11.09 16:38:29.883,0.86807,0.86818,1.00,1.37
2015.11.09 16:38:30.288,0.86805,0.86817,1.12,1.87
2015.11.09 16:38:30.830,0.86804,0.86815,1.50,1.87
2015.11.09 16:38:31.337,0.86803,0.86815,1.37,2.25
2015.11.09 16:38:31.387,0.86802,0.86815,3.00,2.25
2015.11.09 16:38:31.489,0.86802,0.86815,1.87,2.25
2015.11.09 16:38:31.821,0.86807,0.86819,1.37,1.75
2015.11.09 16:38:31.872,0.86808,0.86818,1.00,1.00
2015.11.09 16:38:32.075,0.86809,0.8682,1.50,1.37
2015.11.09 16:38:32.387,0.86809,0.86821,1.87,1.12
2015.11.09 16:38:32.540,0.86809,0.86823,2.62,1.75
2015.11.09 16:38:32.794,0.86812,0.86824,1.50,1.37
2015.11.09 16:38:33.169,0.86812,0.86825,1.75,1.37
2015.11.09 16:38:35.289,0.8681,0.86823,2.62,1.37
2015.11.09 16:38:37.597,0.86812,0.86822,1.00,1.00
2015.11.09 16:38:38.704,0.86812,0.86817,1.00,1.00
2015.11.09 16:38:38.972,0.86806,0.86817,1.87,1.37
2015.11.09 16:38:39.124,0.86806,0.86819,1.75,1.37
2015.11.09 16:38:39.226,0.86808,0.86822,1.50,3.37
2015.11.09 16:38:39.276,0.86808,0.86821,2.25,1.00
2015.11.09 16:38:39.793,0.86809,0.86823,1.75,3.00
2015.11.09 16:38:40.813,0.8681,0.86823,1.87,1.75
2015.11.09 16:38:41.349,0.8681,0.86821,1.12,1.37
2015.11.09 16:38:41.552,0.86808,0.86819,1.12,1.00
2015.11.09 16:38:42.077,0.86808,0.86821,1.50,2.25
2015.11.09 16:38:42.628,0.86811,0.86821,1.00,1.87
2015.11.09 16:38:42.680,0.86811,0.86821,1.00,1.12
2015.11.09 16:38:42.781,0.86811,0.86821,1.50,1.00
2015.11.09 16:38:43.415,0.8681,0.86823,1.12,1.12
2015.11.09 16:38:45.492,0.86809,0.8682,1.00,1.00
2015.11.09 16:38:45.543,0.86807,0.86821,1.87,1.87
2015.11.09 16:38:46.044,0.86807,0.86821,1.75,1.37
2015.11.09 16:38:46.502,0.86807,0.86821,2.25,1.12
2015.11.09 16:38:47.348,0.86811,0.86821,1.00,1.87
2015.11.09 16:38:47.854,0.86807,0.8682,3.37,1.00
2015.11.09 16:38:50.994,0.86809,0.8682,1.00,1.12
2015.11.09 16:38:51.412,0.86809,0.86823,2.62,1.12
2015.11.09 16:38:51.740,0.86813,0.86823,1.00,1.00
2015.11.09 16:38:52.247,0.86814,0.86828,1.87,2.77
2015.11.09 16:38:52.500,0.86815,0.86828,1.75,1.00
2015.11.09 16:38:53.029,0.86815,0.86829,1.75,2.02
2015.11.09 16:38:53.333,0.86816,0.86829,1.75,1.50
2015.11.09 16:38:53.638,0.86816,0.8683,2.25,1.87
2015.11.09 16:38:53.740,0.86816,0.86829,1.75,1.37
2015.11.09 16:38:54.324,0.86815,0.86825,2.25,1.37
2015.11.09 16:38:54.375,0.86815,0.86823,1.12,1.00
2015.11.09 16:38:54.579,0.86813,0.86822,1.00,1.00
2015.11.09 16:38:54.731,0.86811,0.86822,1.00,1.50
2015.11.09 16:38:55.177,0.86812,0.86823,2.62,1.37
2015.11.09 16:38:55.228,0.86817,0.86824,1.00,1.00
2015.11.09 16:38:55.330,0.86813,0.86824,1.50,1.50
2015.11.09 16:38:55.381,0.86812,0.86824,1.37,1.75
2015.11.09 16:38:55.840,0.86814,0.86823,1.00,1.00
2015.11.09 16:38:56.382,0.86814,0.86824,1.00,1.37
2015.11.09 16:38:56.892,0.86813,0.86824,2.25,1.12
2015.11.09 16:38:57.145,0.86812,0.86824,3.00,1.75
2015.11.09 16:38:57.652,0.86813,0.86823,1.37,1.00
2015.11.09 16:38:58.375,0.86813,0.86824,1.37,1.12
2015.11.09 16:38:58.841,0.86812,0.86824,1.12,1.00
2015.11.09 16:38:59.043,0.86813,0.86826,1.75,1.12
2015.11.09 16:38:59.716,0.86813,0.86827,1.75,2.62
2015.11.09 16:38:59.817,0.86813,0.86826,1.12,1.37
2015.11.09 16:38:59.919,0.86812,0.86826,1.87,1.75
2015.11.09 16:39:00.229,0.86812,0.86825,2.25,2.25
2015.11.09 16:39:00.482,0.86809,0.86821,1.50,1.87
2015.11.09 16:39:00.634,0.86809,0.86818,1.00,1.00
2015.11.09 16:39:00.736,0.86807,0.86817,1.87,1.00
2015.11.09 16:39:01.242,0.86807,0.86819,1.37,1.87
2015.11.09 16:39:02.015,0.86808,0.8682,1.75,1.12
2015.11.09 16:39:02.117,0.8681,0.86821,1.75,1.00
2015.11.09 16:39:02.219,0.8681,0.86823,2.25,1.12
2015.11.09 16:39:02.320,0.86811,0.86823,1.75,1.12
2015.11.09 16:39:02.702,0.86813,0.86823,1.00,1.50
2015.11.09 16:39:02.753,0.86812,0.86823,1.75,1.50
2015.11.09 16:39:03.259,0.86813,0.86824,1.75,1.00
2015.11.09 16:39:03.804,0.86813,0.86825,1.75,1.12
2015.11.09 16:39:04.321,0.86818,0.86825,1.00,1.00
2015.11.09 16:39:04.372,0.86818,0.86828,1.00,3.37
2015.11.09 16:39:04.525,0.86816,0.86827,1.50,1.12
2015.11.09 16:39:04.627,0.86814,0.86827,1.50,1.12
2015.11.09 16:39:05.059,0.86814,0.86828,2.62,1.87
2015.11.09 16:39:05.409,0.86809,0.8682,1.12,1.00
2015.11.09 16:39:05.915,0.86807,0.86819,1.75,1.12
2015.11.09 16:39:06.731,0.86807,0.8682,1.75,1.00
2015.11.09 16:39:06.832,0.86807,0.86817,1.50,1.00
2015.11.09 16:39:07.339,0.86808,0.86818,1.00,1.00
2015.11.09 16:39:07.784,0.86807,0.86821,3.00,1.37
2015.11.09 16:39:08.332,0.86806,0.86821,4.12,1.37
2015.11.09 16:39:13.059,0.8681,0.8682,1.00,1.00
2015.11.09 16:39:13.531,0.8681,0.86819,1.00,1.37
2015.11.09 16:39:14.119,0.8681,0.8682,1.00,1.87
2015.11.09 16:39:14.423,0.86802,0.86808,1.00,1.37
2015.11.09 16:39:14.626,0.86799,0.86809,1.00,2.62
2015.11.09 16:39:14.778,0.86802,0.86811,1.00,1.50
2015.11.09 16:39:14.880,0.86802,0.86816,1.75,1.00
2015.11.09 16:39:14.931,0.86803,0.86815,1.75,1.37
2015.11.09 16:39:15.319,0.86803,0.86817,4.12,1.50
2015.11.09 16:39:15.683,0.86805,0.86816,2.25,1.37
2015.11.09 16:39:15.785,0.86804,0.86815,1.75,1.00
2015.11.09 16:39:16.514,0.86807,0.86817,1.12,1.00
2015.11.09 16:39:17.023,0.86807,0.8682,1.50,1.12
2015.11.09 16:39:17.202,0.8681,0.86821,1.00,1.87
2015.11.09 16:39:17.708,0.8681,0.86821,1.37,2.62
2015.11.09 16:39:17.951,0.86809,0.8682,2.25,1.37
2015.11.09 16:39:18.053,0.86811,0.8682,1.00,1.00
2015.11.09 16:39:18.256,0.86809,0.86821,1.12,1.75
2015.11.09 16:39:18.357,0.86809,0.86821,1.00,1.75
2015.11.09 16:39:18.873,0.86808,0.8682,2.25,1.75
2015.11.09 16:39:19.798,0.86806,0.8682,1.12,2.62
2015.11.09 16:39:20.337,0.86807,0.8682,1.12,2.62
2015.11.09 16:39:21.190,0.86807,0.86819,1.12,1.12
2015.11.09 16:39:22.253,0.86806,0.86817,1.37,1.00
2015.11.09 16:39:23.586,0.86806,0.86818,1.12,1.87
2015.11.09 16:39:25.000,0.86807,0.86818,1.00,1.75
2015.11.09 16:39:25.524,0.86809,0.8682,1.00,3.00
2015.11.09 16:39:25.626,0.86807,0.8682,1.00,3.00
2015.11.09 16:39:26.252,0.86807,0.86819,1.87,1.12
2015.11.09 16:39:26.760,0.86807,0.86819,2.25,1.12
2015.11.09 16:39:27.267,0.86809,0.8682,1.00,1.87
2015.11.09 16:39:27.905,0.8681,0.8682,1.00,2.62
2015.11.09 16:39:28.060,0.86808,0.8682,1.87,3.37
2015.11.09 16:39:28.263,0.86807,0.86816,1.00,1.37
2015.11.09 16:39:28.771,0.86807,0.86817,1.00,1.75
2015.11.09 16:39:29.344,0.86808,0.86818,1.00,1.12
2015.11.09 16:39:29.674,0.86809,0.86819,1.37,1.12
2015.11.09 16:39:29.775,0.8681,0.86822,2.25,1.50
2015.11.09 16:39:30.232,0.86808,0.86819,1.12,1.00
2015.11.09 16:39:30.584,0.86811,0.8682,1.12,1.37
2015.11.09 16:39:30.685,0.86811,0.86821,1.12,1.00
2015.11.09 16:39:30.990,0.86812,0.86823,1.37,1.50
2015.11.09 16:39:31.294,0.86811,0.86821,1.50,1.50
2015.11.09 16:39:31.832,0.8681,0.86821,1.87,1.50
2015.11.09 16:39:32.782,0.86812,0.86821,1.37,1.00
2015.11.09 16:39:33.327,0.86813,0.86824,1.50,2.25
2015.11.09 16:39:33.941,0.86813,0.86824,1.00,2.25
2015.11.09 16:39:34.819,0.86811,0.86821,1.00,1.87
2015.11.09 16:39:34.870,0.86807,0.86815,1.37,1.00
2015.11.09 16:39:34.922,0.86806,0.86816,1.50,1.75
2015.11.09 16:39:35.444,0.86804,0.86815,1.87,1.12
2015.11.09 16:39:37.303,0.86806,0.86815,1.00,1.12
2015.11.09 16:39:37.806,0.86807,0.86816,1.00,1.50
2015.11.09 16:39:38.162,0.8681,0.86818,1.12,1.37
2015.11.09 16:39:38.517,0.86808,0.86818,1.00,1.12
2015.11.09 16:39:38.719,0.86808,0.86818,1.00,1.87
2015.11.09 16:39:39.279,0.86808,0.86815,1.00,2.25
2015.11.09 16:39:39.380,0.86806,0.86814,1.00,1.12
2015.11.09 16:39:39.634,0.86804,0.86814,1.50,1.87
2015.11.09 16:39:39.685,0.86804,0.86811,1.50,1.00
2015.11.09 16:39:40.199,0.86802,0.86811,2.62,1.00
2015.11.09 16:39:40.831,0.86802,0.86811,1.12,1.00
2015.11.09 16:39:41.399,0.86803,0.86811,1.00,1.00
2015.11.09 16:39:41.901,0.86803,0.86814,1.50,1.12
2015.11.09 16:39:42.002,0.86805,0.86815,1.37,1.87
2015.11.09 16:39:42.632,0.86806,0.86814,1.00,1.50
2015.11.09 16:39:42.936,0.86804,0.86814,1.12,1.75
2015.11.09 16:39:43.771,0.86805,0.86815,1.00,2.25
2015.11.09 16:39:44.074,0.86805,0.86815,1.00,2.25
2015.11.09 16:39:44.990,0.86804,0.86816,1.12,2.62
2015.11.09 16:39:45.142,0.86804,0.86816,1.12,2.62
2015.11.09 16:39:46.012,0.86804,0.86815,1.00,1.50
2015.11.09 16:39:46.518,0.86805,0.86814,1.00,1.12
2015.11.09 16:39:47.524,0.86804,0.86814,1.12,1.75
2015.11.09 16:39:47.625,0.86804,0.86813,1.12,1.00
2015.11.09 16:39:48.414,0.86805,0.86813,1.00,1.00
2015.11.09 16:39:48.617,0.86808,0.86815,1.00,1.12
2015.11.09 16:39:48.893,0.86808,0.86815,1.00,1.12
2015.11.09 16:39:49.249,0.86807,0.8682,1.12,1.12
2015.11.09 16:39:49.604,0.8681,0.8682,1.00,1.75
2015.11.09 16:39:49.756,0.8681,0.86819,1.00,1.00
2015.11.09 16:39:49.959,0.86811,0.86823,1.50,1.37
2015.11.09 16:39:50.247,0.86814,0.86825,1.00,1.75
2015.11.09 16:39:50.349,0.86815,0.86826,1.50,1.12
2015.11.09 16:39:50.450,0.86815,0.86826,1.75,1.12
2015.11.09 16:39:50.855,0.86817,0.86826,1.12,1.00
2015.11.09 16:39:51.058,0.86816,0.86827,1.12,1.87
2015.11.09 16:39:51.312,0.86815,0.86828,1.87,1.12
2015.11.09 16:39:54.432,0.86816,0.86829,1.12,3.00
2015.11.09 16:39:54.939,0.86816,0.86829,1.12,3.00
2015.11.09 16:39:55.937,0.86815,0.86828,1.87,1.00
2015.11.09 16:39:56.491,0.86815,0.86828,1.87,1.12
2015.11.09 16:39:56.846,0.86819,0.86831,1.12,1.37
2015.11.09 16:39:57.247,0.8682,0.86831,1.87,2.25
2015.11.09 16:39:57.704,0.86821,0.86828,1.75,1.00
2015.11.09 16:39:58.061,0.86817,0.86828,2.25,1.12
2015.11.09 16:39:58.112,0.86814,0.86826,4.87,1.00
2015.11.09 16:39:58.164,0.86814,0.86826,2.62,1.00
2015.11.09 16:39:58.265,0.86814,0.86824,2.25,1.00
2015.11.09 16:39:58.820,0.86814,0.86824,1.50,2.62
2015.11.09 16:40:00.099,0.86814,0.86824,1.50,1.87
2015.11.09 16:40:00.735,0.86812,0.86824,1.50,1.87
2015.11.09 16:40:01.243,0.86811,0.86824,1.75,1.87
2015.11.09 16:40:01.547,0.86811,0.8682,1.12,1.12
2015.11.09 16:40:01.928,0.86811,0.86821,1.50,1.50
2015.11.09 16:40:02.081,0.86809,0.8682,1.87,1.37
2015.11.09 16:40:02.285,0.86812,0.86822,1.00,1.87
2015.11.09 16:40:02.437,0.86811,0.86823,1.37,1.87
2015.11.09 16:40:02.640,0.86809,0.86823,3.00,1.87
2015.11.09 16:40:03.197,0.86806,0.86819,2.25,1.00
2015.11.09 16:40:03.443,0.86805,0.86817,1.75,1.50
2015.11.09 16:40:03.545,0.86805,0.86817,1.50,1.12
2015.11.09 16:40:05.088,0.86804,0.86818,2.25,2.25
2015.11.09 16:40:05.189,0.86804,0.86817,2.25,1.37
2015.11.09 16:40:05.847,0.86805,0.86816,1.00,1.37
2015.11.09 16:40:06.582,0.86804,0.86817,2.25,1.12
2015.11.09 16:40:09.385,0.86803,0.86816,1.12,1.12
2015.11.09 16:40:09.537,0.86802,0.86815,1.75,1.50
2015.11.09 16:40:09.890,0.86798,0.86809,1.75,1.37
2015.11.09 16:40:09.942,0.86797,0.86808,1.12,1.12
2015.11.09 16:40:10.094,0.868,0.86811,1.50,1.75
2015.11.09 16:40:10.297,0.86801,0.86813,2.25,1.87
2015.11.09 16:40:10.806,0.86801,0.86814,3.00,1.12
2015.11.09 16:40:13.898,0.86803,0.86814,1.00,1.00
2015.11.09 16:40:14.303,0.86802,0.86815,1.75,1.50
2015.11.09 16:40:16.165,0.86804,0.86815,1.12,1.00
2015.11.09 16:40:16.859,0.86804,0.86815,1.12,1.50
2015.11.09 16:40:17.369,0.868,0.86813,3.00,1.37
2015.11.09 16:40:17.672,0.86801,0.86814,1.75,2.62
2015.11.09 16:40:19.074,0.86802,0.86812,1.00,1.12
2015.11.09 16:40:19.626,0.86803,0.86813,1.00,1.12
2015.11.09 16:40:20.687,0.86804,0.86814,1.00,2.62
2015.11.09 16:40:20.789,0.86805,0.86814,1.50,1.87
2015.11.09 16:40:20.840,0.86805,0.86816,1.50,1.50
2015.11.09 16:40:22.433,0.86805,0.86816,1.50,1.12
2015.11.09 16:40:23.059,0.86805,0.86816,1.50,1.87
2015.11.09 16:40:23.742,0.86805,0.86816,1.50,1.12
2015.11.09 16:40:23.894,0.86805,0.86816,1.37,2.62
2015.11.09 16:40:24.525,0.868,0.86814,2.25,1.50
2015.11.09 16:40:25.046,0.86802,0.86814,1.75,1.00
2015.11.09 16:40:25.886,0.86802,0.86815,1.75,2.25
2015.11.09 16:40:26.400,0.86801,0.86813,1.75,1.00
2015.11.09 16:40:27.590,0.868,0.86814,2.25,1.37
2015.11.09 16:40:27.912,0.868,0.86811,1.37,1.87
2015.11.09 16:40:28.017,0.86801,0.86811,1.12,1.00
2015.11.09 16:40:28.120,0.86801,0.86811,1.50,1.00
2015.11.09 16:40:28.492,0.86804,0.86814,1.37,1.00
2015.11.09 16:40:28.998,0.86804,0.86815,1.12,1.50
2015.11.09 16:40:29.586,0.86804,0.86815,1.12,1.00
2015.11.09 16:40:29.637,0.86804,0.86815,1.00,1.12
2015.11.09 16:40:30.148,0.86802,0.86815,1.87,2.62
2015.11.09 16:40:30.351,0.86805,0.86815,1.00,1.87
2015.11.09 16:40:30.453,0.86805,0.86817,1.50,1.87
2015.11.09 16:40:30.604,0.86806,0.86816,2.25,1.00
2015.11.09 16:40:31.111,0.86805,0.86817,1.50,1.50
2015.11.09 16:40:36.750,0.86805,0.86818,1.75,1.50
2015.11.09 16:40:36.852,0.86805,0.86818,2.25,1.12
2015.11.09 16:40:36.954,0.86806,0.86818,1.37,1.00
2015.11.09 16:40:37.056,0.86805,0.86818,4.12,1.37
2015.11.09 16:40:37.208,0.86805,0.86815,1.50,1.00
2015.11.09 16:40:37.758,0.86806,0.86819,1.12,1.75
2015.11.09 16:40:38.267,0.86806,0.8682,1.50,1.12
2015.11.09 16:40:38.318,0.86806,0.8682,1.50,1.12
2015.11.09 16:40:38.843,0.86805,0.86816,1.50,1.00
2015.11.09 16:40:39.096,0.86808,0.86816,1.00,1.00
2015.11.09 16:40:39.147,0.86808,0.8682,1.00,1.12
2015.11.09 16:40:39.809,0.86807,0.86817,1.50,1.00
2015.11.09 16:40:39.962,0.86804,0.86813,1.75,1.12
2015.11.09 16:40:40.198,0.868,0.86809,1.00,1.12
2015.11.09 16:40:40.553,0.86799,0.8681,1.75,1.37
2015.11.09 16:40:40.655,0.86802,0.86813,1.75,1.00
2015.11.09 16:40:41.182,0.86806,0.86816,1.00,1.75
2015.11.09 16:40:41.639,0.86806,0.86817,1.00,1.00
2015.11.09 16:40:41.740,0.86804,0.86818,3.37,1.12
2015.11.09 16:40:41.842,0.86806,0.86817,1.00,1.00
2015.11.09 16:40:42.834,0.86806,0.8682,3.37,1.75
2015.11.09 16:40:43.088,0.86809,0.8682,1.50,1.12
2015.11.09 16:40:43.240,0.86809,0.86821,1.87,1.75
2015.11.09 16:40:44.130,0.86809,0.86819,1.87,1.12
2015.11.09 16:40:44.662,0.86809,0.86822,1.37,1.75
2015.11.09 16:40:46.082,0.8681,0.86822,1.12,1.37
2015.11.09 16:40:47.144,0.8681,0.86821,1.12,1.37
2015.11.09 16:40:47.651,0.86809,0.8682,1.50,1.37
2015.11.09 16:40:48.598,0.86809,0.8682,1.00,1.37
2015.11.09 16:40:49.289,0.86809,0.86821,1.37,1.75
2015.11.09 16:40:49.816,0.86809,0.8682,1.87,1.00
2015.11.09 16:40:50.745,0.8681,0.86821,1.37,1.00
2015.11.09 16:40:51.049,0.86812,0.86823,1.37,1.87
2015.11.09 16:40:51.151,0.86811,0.86821,1.12,1.12
2015.11.09 16:40:51.354,0.86811,0.86821,1.00,1.87
2015.11.09 16:40:52.092,0.8681,0.86821,1.00,1.87
2015.11.09 16:40:52.143,0.8681,0.86819,1.00,1.00
2015.11.09 16:40:53.892,0.86808,0.86819,1.12,1.00
2015.11.09 16:40:54.449,0.8681,0.86821,1.50,1.37
2015.11.09 16:40:54.858,0.8681,0.86822,1.75,1.12
2015.11.09 16:40:55.627,0.86808,0.8682,1.87,1.00
2015.11.09 16:40:56.308,0.86809,0.8682,1.87,1.50
2015.11.09 16:40:57.189,0.86808,0.8682,1.87,1.12
2015.11.09 16:40:59.833,0.86809,0.86819,1.75,1.00
2015.11.09 16:40:59.986,0.86808,0.8682,1.12,2.25
2015.11.09 16:41:00.202,0.86808,0.8682,2.62,2.25
2015.11.09 16:41:01.040,0.86806,0.86818,1.12,1.00
2015.11.09 16:41:01.091,0.86807,0.86818,1.00,1.50
2015.11.09 16:41:01.142,0.86807,0.86816,1.00,1.00
2015.11.09 16:41:01.294,0.86804,0.86816,1.50,1.12
2015.11.09 16:41:01.516,0.86803,0.86817,1.50,3.00
2015.11.09 16:41:01.819,0.86806,0.86816,1.00,1.00
2015.11.09 16:41:02.475,0.86806,0.86814,1.00,1.00
2015.11.09 16:41:02.746,0.868,0.86809,1.12,1.00
2015.11.09 16:41:03.254,0.86797,0.86811,2.62,1.75
2015.11.09 16:41:03.305,0.868,0.8681,1.00,1.00
2015.11.09 16:41:03.406,0.868,0.86812,1.12,1.12
2015.11.09 16:41:03.761,0.86803,0.86813,1.87,1.00
2015.11.09 16:41:04.098,0.86802,0.86812,1.00,1.00
2015.11.09 16:41:04.908,0.86801,0.86807,1.00,1.00
2015.11.09 16:41:05.363,0.86798,0.86807,2.25,1.00
2015.11.09 16:41:05.899,0.86799,0.86807,1.37,1.00
2015.11.09 16:41:06.471,0.86798,0.86807,1.50,1.00
2015.11.09 16:41:06.926,0.86797,0.86807,1.50,1.12
2015.11.09 16:41:07.540,0.86796,0.86807,2.25,1.50
2015.11.09 16:41:08.167,0.86797,0.86807,1.50,1.50
2015.11.09 16:41:08.715,0.86798,0.86807,1.00,1.00
2015.11.09 16:41:10.424,0.86802,0.8681,1.50,1.37
2015.11.09 16:41:10.787,0.86805,0.8681,1.87,1.00
2015.11.09 16:41:10.890,0.86806,0.86817,1.00,1.87
2015.11.09 16:41:11.426,0.86806,0.86817,1.00,1.87
2015.11.09 16:41:11.477,0.86806,0.86815,1.00,1.00
2015.11.09 16:41:11.630,0.86803,0.86815,1.12,1.75
2015.11.09 16:41:11.731,0.86803,0.86815,2.25,1.50
2015.11.09 16:41:13.867,0.86802,0.86815,1.37,1.75
2015.11.09 16:41:14.431,0.86802,0.86814,1.87,1.50
2015.11.09 16:41:15.141,0.86801,0.86813,1.37,1.50
2015.11.09 16:41:15.344,0.868,0.86808,1.00,1.00
2015.11.09 16:41:15.692,0.86796,0.86809,1.50,1.87
2015.11.09 16:41:15.946,0.86795,0.86808,1.50,1.75
2015.11.09 16:41:16.351,0.86797,0.86808,1.50,1.50
2015.11.09 16:41:16.453,0.868,0.86808,1.00,1.00
2015.11.09 16:41:16.605,0.868,0.86814,1.37,2.62
2015.11.09 16:41:16.657,0.868,0.86813,1.87,1.50
2015.11.09 16:41:16.708,0.86799,0.86811,1.75,1.37
2015.11.09 16:41:16.759,0.86798,0.86811,1.12,1.75
2015.11.09 16:41:17.267,0.86796,0.86807,1.87,1.12
2015.11.09 16:41:18.326,0.86796,0.86806,2.25,1.00
2015.11.09 16:41:18.630,0.86796,0.86807,1.50,1.75
2015.11.09 16:41:19.265,0.86794,0.86807,1.12,2.25
2015.11.09 16:41:19.831,0.86795,0.86807,1.37,2.25
2015.11.09 16:41:20.548,0.86794,0.86807,1.12,2.25
2015.11.09 16:41:21.094,0.86795,0.86807,1.37,1.75
2015.11.09 16:41:21.946,0.86794,0.86807,1.12,1.75
2015.11.09 16:41:22.755,0.86796,0.86807,1.37,1.75
2015.11.09 16:41:22.857,0.86796,0.86809,1.12,1.12
2015.11.09 16:41:23.368,0.86797,0.86809,1.12,1.12
2015.11.09 16:41:23.976,0.86797,0.86808,1.50,1.00
2015.11.09 16:41:24.672,0.86797,0.86809,2.25,1.37
2015.11.09 16:41:26.088,0.86797,0.86811,1.12,1.75
2015.11.09 16:41:26.599,0.86797,0.86807,1.50,1.00
2015.11.09 16:41:29.552,0.86797,0.86808,1.00,1.00
2015.11.09 16:41:30.096,0.86796,0.8681,2.62,1.12
2015.11.09 16:41:30.646,0.86796,0.8681,1.87,1.12
2015.11.09 16:41:33.560,0.86796,0.8681,1.50,1.87
2015.11.09 16:41:35.286,0.86797,0.86811,1.12,3.37
2015.11.09 16:41:35.965,0.86797,0.86811,1.75,2.62
2015.11.09 16:41:36.337,0.86801,0.86813,1.00,1.87
2015.11.09 16:41:36.490,0.86799,0.86812,1.50,1.12
2015.11.09 16:41:36.591,0.86798,0.86813,1.12,1.87
2015.11.09 16:41:36.693,0.86798,0.86808,1.87,1.00
2015.11.09 16:41:36.997,0.86798,0.86813,1.12,1.12
2015.11.09 16:41:37.781,0.86798,0.86812,1.37,1.75
2015.11.09 16:41:39.869,0.86798,0.86813,1.87,2.62
2015.11.09 16:41:39.970,0.86798,0.86813,1.37,1.12
2015.11.09 16:41:40.072,0.86797,0.86812,3.00,1.12
2015.11.09 16:41:40.579,0.86797,0.86812,3.00,1.12
2015.11.09 16:41:40.965,0.868,0.86811,1.00,1.00
2015.11.09 16:41:41.066,0.86798,0.86808,1.50,1.00
2015.11.09 16:41:41.603,0.86799,0.8681,1.00,1.00
2015.11.09 16:41:41.957,0.86799,0.86813,1.75,1.87
2015.11.09 16:41:44.244,0.868,0.86811,2.25,1.50
2015.11.09 16:41:44.756,0.86799,0.86813,1.50,2.25
2015.11.09 16:41:45.258,0.86799,0.86813,1.00,3.37
2015.11.09 16:41:45.747,0.86805,0.86818,1.87,1.12
2015.11.09 16:41:45.952,0.86803,0.86817,1.50,1.87
2015.11.09 16:41:46.414,0.86803,0.86816,1.00,1.12
2015.11.09 16:41:46.567,0.86803,0.86813,1.00,1.00
2015.11.09 16:41:47.064,0.86803,0.86816,3.00,1.37
2015.11.09 16:41:47.470,0.86805,0.86818,1.12,2.62
2015.11.09 16:41:47.976,0.86804,0.86818,1.37,1.87
2015.11.09 16:41:48.078,0.86806,0.86816,1.00,1.00
2015.11.09 16:41:48.600,0.86805,0.86819,2.25,2.25
2015.11.09 16:41:49.175,0.86805,0.86816,2.25,1.00
2015.11.09 16:41:51.591,0.86807,0.86819,1.00,1.75
2015.11.09 16:41:51.996,0.86808,0.86819,1.12,1.50
2015.11.09 16:41:53.294,0.86808,0.86819,1.37,1.00
2015.11.09 16:41:54.501,0.86808,0.86821,1.12,1.12
2015.11.09 16:41:55.595,0.86807,0.86822,3.00,1.75
2015.11.09 16:41:56.901,0.86809,0.86821,1.87,1.00
2015.11.09 16:41:57.419,0.86812,0.86821,1.00,1.00
2015.11.09 16:41:57.521,0.8681,0.86821,1.00,1.87
2015.11.09 16:41:57.724,0.86811,0.86822,1.50,1.50
2015.11.09 16:41:58.028,0.86809,0.8682,1.75,1.37
2015.11.09 16:41:58.332,0.86805,0.86815,1.12,1.00
2015.11.09 16:41:58.579,0.86806,0.86815,1.37,1.00
2015.11.09 16:41:58.832,0.8681,0.8682,1.00,1.87
2015.11.09 16:41:59.035,0.86812,0.86821,1.00,1.12
2015.11.09 16:41:59.591,0.86812,0.86822,1.50,1.37
2015.11.09 16:42:00.557,0.86812,0.86823,1.50,1.50
2015.11.09 16:42:01.198,0.86812,0.86823,1.12,1.50
2015.11.09 16:42:01.564,0.86811,0.86821,1.50,1.37
2015.11.09 16:42:03.131,0.8681,0.8682,1.12,1.00
2015.11.09 16:42:03.714,0.86808,0.8682,1.50,1.37
2015.11.09 16:42:03.999,0.8681,0.86821,2.25,1.87
2015.11.09 16:42:04.100,0.8681,0.8682,1.87,1.00
2015.11.09 16:42:04.618,0.86808,0.86821,1.75,1.50
2015.11.09 16:42:05.174,0.86808,0.8682,1.75,1.37
2015.11.09 16:42:05.692,0.86808,0.86821,1.75,1.87
2015.11.09 16:42:06.202,0.86808,0.8682,1.75,1.00
2015.11.09 16:42:06.607,0.86808,0.8682,1.50,1.37
2015.11.09 16:42:08.052,0.86807,0.8682,1.50,1.37
2015.11.09 16:42:16.052,0.86807,0.86817,1.00,1.12
2015.11.09 16:42:16.357,0.86805,0.86817,1.87,1.12
2015.11.09 16:42:16.458,0.86805,0.86817,1.00,1.37
2015.11.09 16:42:16.510,0.86804,0.86819,2.62,2.25
2015.11.09 16:42:16.561,0.86806,0.86819,2.25,2.25
2015.11.09 16:42:16.764,0.86807,0.86818,1.12,1.00
2015.11.09 16:42:17.302,0.86808,0.86822,2.25,1.87
2015.11.09 16:42:18.060,0.86809,0.86822,1.75,1.87
2015.11.09 16:42:21.219,0.86811,0.86823,1.12,1.87
2015.11.09 16:42:24.924,0.86809,0.8682,1.00,1.00
2015.11.09 16:42:25.077,0.86808,0.8682,1.12,1.87
2015.11.09 16:42:25.448,0.86809,0.86821,1.50,1.87
2015.11.09 16:42:25.955,0.86809,0.86821,1.50,1.87
2015.11.09 16:42:26.994,0.86814,0.86823,1.00,2.62
2015.11.09 16:42:28.878,0.86814,0.86823,1.00,1.50
2015.11.09 16:42:29.414,0.86813,0.86823,1.50,1.50
2015.11.09 16:42:30.244,0.86813,0.86823,1.12,1.50
2015.11.09 16:42:33.891,0.86812,0.86822,2.25,1.50
2015.11.09 16:42:33.993,0.86812,0.8682,2.25,1.50
2015.11.09 16:42:34.146,0.86814,0.86825,1.00,1.75
2015.11.09 16:42:34.197,0.86817,0.86825,1.00,1.00
2015.11.09 16:42:34.726,0.86817,0.86826,1.00,1.50
2015.11.09 16:42:35.231,0.86816,0.86826,1.00,1.50
2015.11.09 16:42:35.848,0.86816,0.86825,1.00,1.50
2015.11.09 16:42:36.871,0.86816,0.86824,1.00,1.00
2015.11.09 16:42:37.388,0.86814,0.86824,2.25,1.00
2015.11.09 16:42:37.742,0.86814,0.86822,1.00,1.00
2015.11.09 16:42:37.895,0.86811,0.86821,1.50,1.12
2015.11.09 16:42:37.996,0.86811,0.86819,1.50,1.00
2015.11.09 16:42:39.201,0.86811,0.8682,1.50,1.00
2015.11.09 16:42:40.009,0.86813,0.8682,1.00,1.00
2015.11.09 16:42:41.282,0.86813,0.86819,1.00,1.00
2015.11.09 16:42:46.025,0.86808,0.86819,2.62,1.50
2015.11.09 16:42:46.529,0.86807,0.86818,1.87,1.00
2015.11.09 16:42:47.041,0.86811,0.86818,1.00,1.00
2015.11.09 16:42:49.026,0.86809,0.86818,1.00,1.00
2015.11.09 16:42:50.075,0.86809,0.86817,1.00,1.00
2015.11.09 16:42:50.228,0.86804,0.86816,1.87,1.75
2015.11.09 16:42:50.329,0.86804,0.86816,2.25,1.12
2015.11.09 16:42:52.379,0.86807,0.86815,1.12,1.00
2015.11.09 16:42:52.776,0.86805,0.86815,1.00,2.62
2015.11.09 16:42:52.830,0.86805,0.8681,1.00,1.00
2015.11.09 16:42:53.298,0.86805,0.86812,1.00,1.00
2015.11.09 16:42:53.963,0.86805,0.86813,1.00,1.00
2015.11.09 16:42:54.014,0.86805,0.86816,1.00,1.50
2015.11.09 16:42:54.386,0.86809,0.86816,1.50,1.00
2015.11.09 16:42:54.691,0.86804,0.86812,1.87,1.50
2015.11.09 16:42:54.742,0.86804,0.86812,1.87,1.50
2015.11.09 16:42:54.844,0.86804,0.86812,1.12,1.50
2015.11.09 16:42:54.945,0.86806,0.86812,1.12,1.00
2015.11.09 16:42:55.584,0.86805,0.86815,1.50,1.50
2015.11.09 16:42:56.831,0.86806,0.86816,1.50,1.00
2015.11.09 16:43:00.426,0.86806,0.86815,1.50,1.00
2015.11.09 16:43:02.721,0.86805,0.86815,1.00,1.50
2015.11.09 16:43:04.550,0.86807,0.86815,1.00,1.50
2015.11.09 16:43:04.651,0.86807,0.86819,2.25,1.87
2015.11.09 16:43:05.388,0.86809,0.86819,1.00,1.50
2015.11.09 16:43:05.541,0.86809,0.8682,1.87,1.37
2015.11.09 16:43:05.693,0.86809,0.86822,1.87,1.00
2015.11.09 16:43:06.736,0.86812,0.86822,1.75,1.00
2015.11.09 16:43:07.242,0.86813,0.86823,1.37,1.00
2015.11.09 16:43:07.801,0.8681,0.86819,1.87,1.00
2015.11.09 16:43:07.852,0.8681,0.86819,1.87,1.00
2015.11.09 16:43:08.217,0.86811,0.86823,1.00,2.25
2015.11.09 16:43:08.370,0.8681,0.86822,1.87,1.50
2015.11.09 16:43:08.878,0.86811,0.86823,1.87,1.12
2015.11.09 16:43:09.555,0.86811,0.86823,1.75,1.00
2015.11.09 16:43:09.978,0.86811,0.8682,1.75,1.00
2015.11.09 16:43:10.291,0.8681,0.86817,1.50,1.00
2015.11.09 16:43:10.343,0.86806,0.86817,2.25,1.00
2015.11.09 16:43:10.445,0.86806,0.86815,1.50,1.12
2015.11.09 16:43:11.866,0.86806,0.86814,2.25,1.00
2015.11.09 16:43:13.533,0.86806,0.86815,1.50,1.00
2015.11.09 16:43:13.837,0.86811,0.86815,1.00,1.00
2015.11.09 16:43:13.990,0.86811,0.8682,1.00,2.25
2015.11.09 16:43:14.041,0.86811,0.8682,1.00,1.12
2015.11.09 16:43:15.182,0.86809,0.86819,1.50,1.00
2015.11.09 16:43:15.696,0.8681,0.8682,1.12,1.12
2015.11.09 16:43:16.380,0.8681,0.8682,1.50,1.50
2015.11.09 16:43:16.965,0.86809,0.8682,2.25,1.12
2015.11.09 16:43:20.341,0.86809,0.86819,2.25,1.00
2015.11.09 16:43:23.958,0.8681,0.8682,2.25,1.00
2015.11.09 16:43:25.201,0.86811,0.8682,1.00,1.12
2015.11.09 16:43:28.429,0.8681,0.8682,1.12,1.12
2015.11.09 16:43:28.581,0.8681,0.8682,1.12,1.50
2015.11.09 16:43:30.331,0.8681,0.8682,1.12,1.12
2015.11.09 16:43:31.224,0.86808,0.86819,1.37,1.50
2015.11.09 16:43:31.528,0.86805,0.86817,2.62,1.12
2015.11.09 16:43:31.860,0.86806,0.86814,1.37,1.00
2015.11.09 16:43:32.687,0.86805,0.86813,1.12,1.00
2015.11.09 16:43:32.890,0.86804,0.86813,3.00,1.00
2015.11.09 16:43:38.359,0.86803,0.86812,1.50,1.00
2015.11.09 16:43:39.408,0.86805,0.86812,1.00,1.00
2015.11.09 16:43:42.332,0.86801,0.86812,1.75,1.00
2015.11.09 16:43:46.091,0.86805,0.86812,1.00,1.00
2015.11.09 16:43:46.602,0.86805,0.86813,1.00,1.00
2015.11.09 16:43:47.748,0.86802,0.86813,1.75,1.00
2015.11.09 16:43:48.264,0.86802,0.86811,1.50,1.00
2015.11.09 16:43:48.416,0.868,0.86811,1.50,1.12
2015.11.09 16:43:48.518,0.86799,0.86809,1.50,1.00
2015.11.09 16:43:48.670,0.86799,0.86809,1.00,1.12
2015.11.09 16:43:49.260,0.86798,0.86807,1.50,1.00
2015.11.09 16:43:49.768,0.86796,0.86808,2.25,1.75
2015.11.09 16:43:50.302,0.86796,0.86806,2.25,1.00
2015.11.09 16:43:50.657,0.86796,0.86806,1.50,1.50
2015.11.09 16:43:51.079,0.86798,0.86807,1.00,1.50
2015.11.09 16:43:51.181,0.86803,0.86807,1.00,1.12
2015.11.09 16:43:51.233,0.86803,0.86813,1.37,1.12
2015.11.09 16:43:51.537,0.86803,0.86812,1.12,1.50
2015.11.09 16:43:51.732,0.86799,0.86812,1.00,1.87
2015.11.09 16:43:51.986,0.86801,0.86808,1.00,1.00
2015.11.09 16:43:52.087,0.86799,0.86811,1.00,2.25
2015.11.09 16:43:52.593,0.86799,0.86811,1.00,2.25
2015.11.09 16:43:53.186,0.868,0.86811,1.00,2.25
2015.11.09 16:43:53.706,0.86799,0.86811,1.00,2.25
2015.11.09 16:43:54.387,0.868,0.8681,1.00,1.50
2015.11.09 16:43:54.539,0.868,0.86805,1.00,1.00
2015.11.09 16:43:54.690,0.86797,0.86805,1.50,1.00
2015.11.09 16:43:54.929,0.86796,0.86805,1.00,1.00
2015.11.09 16:43:55.489,0.86796,0.86805,1.37,1.00
2015.11.09 16:43:56.007,0.86796,0.86804,1.00,1.00
2015.11.09 16:43:56.509,0.86796,0.86804,1.37,1.00
2015.11.09 16:43:56.844,0.86797,0.86806,1.12,1.00
2015.11.09 16:43:57.328,0.86799,0.86807,1.00,1.00
2015.11.09 16:43:57.632,0.86803,0.86813,1.00,1.00
2015.11.09 16:43:57.683,0.86799,0.8681,2.62,1.00
2015.11.09 16:43:57.966,0.86797,0.86807,1.00,1.12
2015.11.09 16:44:03.561,0.86796,0.86803,1.37,1.00
2015.11.09 16:44:03.866,0.86792,0.86798,1.12,1.00
2015.11.09 16:44:04.018,0.86791,0.86798,1.00,1.00
2015.11.09 16:44:04.069,0.8679,0.868,1.87,1.87
2015.11.09 16:44:04.120,0.8679,0.86798,1.87,1.00
2015.11.09 16:44:04.171,0.8679,0.86798,2.25,1.00
2015.11.09 16:44:04.444,0.8679,0.868,1.12,1.50
2015.11.09 16:44:04.873,0.86791,0.86797,1.00,1.00
2015.11.09 16:44:05.025,0.86789,0.86797,1.50,1.00
2015.11.09 16:44:05.126,0.86788,0.86799,1.75,1.87
2015.11.09 16:44:05.329,0.86787,0.86797,1.12,1.00
2015.11.09 16:44:06.044,0.86787,0.86799,2.62,1.00
2015.11.09 16:44:06.551,0.86788,0.86798,1.12,1.00
2015.11.09 16:44:07.058,0.86787,0.86798,1.87,1.50
2015.11.09 16:44:07.109,0.86787,0.86798,1.87,1.00
2015.11.09 16:44:07.644,0.86787,0.86797,1.37,1.00
2015.11.09 16:44:08.300,0.86787,0.86798,1.37,1.00
2015.11.09 16:44:08.801,0.86787,0.86799,1.87,1.12
2015.11.09 16:44:10.375,0.86787,0.86797,1.75,1.00
2015.11.09 16:44:11.347,0.86785,0.86798,2.25,1.00
2015.11.09 16:44:12.306,0.86785,0.86798,1.75,1.87
2015.11.09 16:44:12.459,0.86785,0.86797,1.75,1.50
2015.11.09 16:44:12.965,0.86785,0.86798,1.37,3.00
2015.11.09 16:44:13.910,0.86785,0.86797,1.00,1.75
2015.11.09 16:44:14.910,0.86783,0.86797,1.87,1.75
2015.11.09 16:44:15.447,0.86785,0.86794,1.00,1.00
2015.11.09 16:44:15.549,0.86782,0.86794,1.37,1.50
2015.11.09 16:44:15.600,0.86782,0.86794,1.12,1.12
2015.11.09 16:44:15.702,0.86784,0.86794,1.00,2.25
2015.11.09 16:44:16.216,0.86784,0.86793,1.00,1.00
2015.11.09 16:44:16.318,0.86782,0.86793,1.12,1.00
2015.11.09 16:44:16.703,0.86782,0.86797,2.62,2.62
2015.11.09 16:44:17.319,0.86782,0.86794,1.75,1.50
2015.11.09 16:44:17.370,0.86782,0.86792,1.75,1.00
2015.11.09 16:44:17.421,0.86783,0.86792,1.00,1.00
2015.11.09 16:44:18.071,0.86781,0.86791,1.12,2.25
2015.11.09 16:44:18.324,0.86779,0.8679,2.62,1.00
2015.11.09 16:44:18.495,0.86779,0.86791,3.37,1.87
2015.11.09 16:44:19.001,0.86782,0.86792,1.00,1.00
2015.11.09 16:44:19.204,0.86779,0.86792,1.50,1.87
2015.11.09 16:44:20.030,0.86779,0.86792,1.75,3.37
2015.11.09 16:44:20.233,0.86779,0.86791,1.37,2.62
2015.11.09 16:44:20.840,0.86779,0.8679,1.75,1.00
2015.11.09 16:44:21.347,0.86781,0.86793,1.50,2.25
2015.11.09 16:44:21.500,0.86779,0.86792,1.75,1.50
2015.11.09 16:44:21.704,0.86779,0.8679,1.12,2.25
2015.11.09 16:44:21.806,0.86778,0.8679,1.12,1.87
2015.11.09 16:44:21.908,0.86778,0.86787,1.37,1.00
2015.11.09 16:44:22.217,0.86777,0.86787,1.00,1.00
2015.11.09 16:44:22.521,0.86777,0.8679,1.50,2.25
2015.11.09 16:44:22.623,0.8678,0.8679,1.00,1.50
2015.11.09 16:44:22.826,0.86778,0.86789,1.00,1.00
2015.11.09 16:44:23.091,0.86776,0.86787,1.37,1.00
2015.11.09 16:44:23.487,0.86776,0.86787,1.12,1.00
2015.11.09 16:44:24.014,0.86776,0.86787,2.62,1.00
2015.11.09 16:44:24.116,0.86783,0.8679,1.00,1.00
2015.11.09 16:44:24.268,0.86779,0.86792,2.62,1.50
2015.11.09 16:44:24.834,0.86783,0.86792,1.00,1.50
2015.11.09 16:44:25.955,0.8678,0.86792,2.25,1.50
2015.11.09 16:44:26.006,0.8678,0.86792,2.25,1.00
2015.11.09 16:44:26.856,0.86781,0.86792,2.25,1.00
2015.11.09 16:44:27.109,0.86786,0.86795,1.00,3.37
2015.11.09 16:44:27.614,0.86786,0.86795,1.00,1.50
2015.11.09 16:44:29.415,0.86786,0.86794,1.00,1.00
2015.11.09 16:44:30.719,0.86782,0.86794,1.87,1.00
2015.11.09 16:44:32.827,0.86781,0.86794,2.62,1.50
2015.11.09 16:44:33.130,0.86778,0.8679,1.75,1.00
2015.11.09 16:44:33.816,0.8678,0.86791,1.75,1.37
2015.11.09 16:44:34.119,0.8678,0.86792,1.75,1.12
2015.11.09 16:44:34.334,0.86782,0.86793,1.00,3.00
2015.11.09 16:44:34.435,0.86781,0.86794,1.75,2.62
2015.11.09 16:44:34.537,0.86782,0.86792,1.75,1.00
2015.11.09 16:44:34.639,0.8678,0.86792,1.12,1.00
2015.11.09 16:44:34.880,0.8678,0.86792,1.37,1.37
2015.11.09 16:44:34.933,0.8678,0.8679,1.12,1.00
2015.11.09 16:44:35.034,0.8678,0.86788,1.00,1.00
2015.11.09 16:44:35.238,0.8678,0.8679,1.00,1.50
2015.11.09 16:44:35.593,0.86778,0.86788,1.37,1.00
2015.11.09 16:44:36.179,0.86778,0.86788,1.12,1.00
2015.11.09 16:44:36.685,0.86778,0.86788,1.12,1.00
2015.11.09 16:44:37.939,0.86778,0.86789,1.12,1.00
2015.11.09 16:44:38.618,0.86778,0.86792,1.12,2.25
2015.11.09 16:44:38.669,0.86778,0.86792,1.12,2.25
2015.11.09 16:44:38.770,0.86781,0.86791,1.00,1.87
2015.11.09 16:44:39.280,0.86778,0.86791,1.12,1.00
2015.11.09 16:44:40.059,0.86778,0.86791,1.12,1.50
2015.11.09 16:44:40.560,0.86777,0.86791,1.75,1.00
2015.11.09 16:44:41.249,0.86779,0.86789,1.00,1.50
2015.11.09 16:44:41.554,0.86775,0.86784,1.37,1.00
2015.11.09 16:44:41.860,0.86775,0.86787,1.87,1.50
2015.11.09 16:44:43.570,0.86779,0.86786,1.00,1.00
2015.11.09 16:44:45.220,0.86779,0.86787,1.00,1.50
2015.11.09 16:44:45.676,0.86773,0.86784,1.75,1.50
2015.11.09 16:44:46.297,0.86772,0.86782,2.62,1.00
2015.11.09 16:44:46.887,0.86772,0.86783,1.87,1.50
2015.11.09 16:44:47.292,0.86772,0.86781,1.87,1.00
2015.11.09 16:44:49.046,0.86772,0.86783,1.12,1.50
2015.11.09 16:44:51.577,0.86772,0.86783,1.87,1.00
2015.11.09 16:44:51.881,0.86775,0.86785,1.12,1.00
2015.11.09 16:44:52.395,0.86775,0.86786,1.12,1.87
2015.11.09 16:44:53.454,0.86775,0.86786,1.00,1.87
2015.11.09 16:44:53.801,0.86775,0.86786,1.12,1.50
2015.11.09 16:44:54.515,0.86776,0.86787,1.37,1.87
2015.11.09 16:44:55.567,0.86776,0.86787,1.12,1.50
2015.11.09 16:44:56.300,0.86776,0.86787,1.12,2.25
2015.11.09 16:44:56.659,0.86776,0.86786,1.12,1.50
2015.11.09 16:44:56.968,0.86774,0.86786,1.87,1.50
2015.11.09 16:44:57.069,0.86773,0.86787,1.12,1.50
2015.11.09 16:44:57.424,0.86773,0.86787,1.87,2.62
2015.11.09 16:44:57.660,0.86775,0.86785,1.00,1.87
2015.11.09 16:44:57.762,0.86773,0.86785,1.75,1.87
2015.11.09 16:44:57.967,0.86773,0.86784,1.75,1.00
2015.11.09 16:44:58.119,0.86775,0.86782,1.00,1.00
2015.11.09 16:44:58.632,0.86775,0.86781,1.00,1.00
2015.11.09 16:44:59.173,0.86775,0.86782,1.00,1.00
2015.11.09 16:45:00.113,0.86775,0.8678,1.00,1.00
2015.11.09 16:45:00.803,0.86771,0.8678,1.37,1.00
2015.11.09 16:45:01.211,0.8677,0.86778,1.50,1.00
2015.11.09 16:45:01.620,0.86769,0.8678,1.12,1.00
2015.11.09 16:45:01.772,0.86769,0.86782,1.12,1.12
2015.11.09 16:45:07.181,0.86769,0.86782,1.12,1.50
2015.11.09 16:45:08.503,0.8677,0.86781,1.00,1.37
2015.11.09 16:45:08.707,0.86765,0.86777,1.75,1.00
2015.11.09 16:45:09.012,0.86765,0.86775,1.87,1.00
2015.11.09 16:45:11.320,0.86764,0.86776,1.87,1.00
2015.11.09 16:45:11.527,0.86765,0.86775,1.00,1.50
2015.11.09 16:45:13.776,0.86765,0.86774,1.00,1.00
2015.11.09 16:45:15.837,0.86765,0.86775,1.00,1.50
2015.11.09 16:45:16.720,0.86764,0.86775,1.12,1.50
2015.11.09 16:45:20.906,0.86765,0.86774,1.37,1.00
2015.11.09 16:45:27.101,0.86764,0.86776,1.87,1.37
2015.11.09 16:45:27.641,0.86764,0.86776,2.62,1.00
2015.11.09 16:45:29.807,0.86764,0.86775,1.12,1.37
2015.11.09 16:45:29.858,0.86764,0.86774,1.00,1.37
2015.11.09 16:45:29.910,0.86761,0.86771,1.87,1.00
2015.11.09 16:45:29.961,0.86762,0.86771,1.00,1.00
2015.11.09 16:45:30.479,0.86762,0.86772,1.00,1.00
2015.11.09 16:45:31.168,0.86761,0.86773,1.50,1.50
2015.11.09 16:45:32.463,0.86761,0.86773,1.87,1.50
2015.11.09 16:45:33.233,0.86761,0.86772,1.87,1.12
2015.11.09 16:45:33.738,0.86761,0.86772,1.87,1.00
2015.11.09 16:45:39.948,0.86761,0.86772,1.87,1.00
2015.11.09 16:45:44.239,0.86765,0.86774,1.00,1.12
2015.11.09 16:45:47.270,0.86763,0.86774,2.25,1.00
2015.11.09 16:45:47.474,0.86766,0.86778,1.37,2.62
2015.11.09 16:45:47.575,0.86766,0.86778,1.12,1.75
2015.11.09 16:45:47.980,0.86763,0.86776,1.12,1.50
2015.11.09 16:45:48.497,0.86764,0.86776,1.12,1.12
2015.11.09 16:45:49.197,0.86763,0.86775,1.75,1.00
2015.11.09 16:45:50.034,0.86761,0.86774,2.62,1.00
2015.11.09 16:45:50.392,0.86765,0.86772,1.00,1.00
2015.11.09 16:45:50.908,0.86764,0.86771,1.00,1.00
2015.11.09 16:45:51.260,0.8676,0.86773,1.12,1.12
2015.11.09 16:45:51.311,0.8676,0.86773,1.12,1.50
2015.11.09 16:45:51.413,0.8676,0.86773,1.12,1.50
2015.11.09 16:45:52.078,0.8676,0.86772,1.37,1.50
2015.11.09 16:45:52.930,0.86761,0.8677,1.00,1.00
2015.11.09 16:45:53.082,0.86756,0.86769,1.37,1.37
2015.11.09 16:45:53.184,0.86759,0.86769,1.00,1.12
2015.11.09 16:45:54.291,0.86757,0.8677,2.25,1.00
2015.11.09 16:45:54.798,0.86759,0.86771,1.12,1.50
2015.11.09 16:45:55.291,0.86758,0.8677,1.12,1.00
2015.11.09 16:45:55.677,0.86757,0.86768,1.75,1.00
2015.11.09 16:45:57.202,0.86757,0.86769,1.75,1.12
2015.11.09 16:46:03.212,0.86759,0.86771,1.00,1.75
2015.11.09 16:46:03.683,0.86759,0.86772,1.12,1.12
2015.11.09 16:46:06.018,0.86761,0.86773,1.75,2.62
2015.11.09 16:46:06.550,0.86764,0.86773,1.00,1.50
2015.11.09 16:46:06.702,0.86761,0.86771,1.00,1.00
2015.11.09 16:46:07.221,0.86757,0.8677,1.87,1.12
2015.11.09 16:46:08.398,0.86754,0.86768,3.00,1.12
2015.11.09 16:46:08.500,0.86753,0.86766,2.62,1.00
2015.11.09 16:46:08.603,0.86753,0.86766,1.12,1.87
2015.11.09 16:46:08.725,0.86753,0.86766,1.12,1.87
2015.11.09 16:46:10.420,0.86754,0.86766,1.12,1.00
2015.11.09 16:46:11.005,0.86753,0.86767,2.62,1.00
2015.11.09 16:46:11.511,0.86753,0.86768,2.62,2.25
2015.11.09 16:46:12.013,0.86754,0.86768,1.12,3.00
2015.11.09 16:46:12.341,0.86755,0.86769,3.00,2.25
2015.11.09 16:46:12.442,0.86761,0.86771,1.00,1.00
2015.11.09 16:46:12.960,0.86758,0.86773,1.87,1.50
2015.11.09 16:46:13.921,0.86758,0.8677,1.12,1.12
2015.11.09 16:46:15.227,0.86758,0.8677,1.12,1.37
2015.11.09 16:46:15.542,0.86758,0.8677,1.37,2.25
2015.11.09 16:46:16.330,0.86758,0.8677,1.12,1.50
2015.11.09 16:46:18.094,0.86758,0.86771,1.87,1.50
2015.11.09 16:46:18.145,0.86762,0.86771,1.00,1.00
2015.11.09 16:46:18.247,0.8676,0.86771,1.00,1.00
2015.11.09 16:46:18.349,0.86762,0.86772,1.00,1.12
2015.11.09 16:46:18.737,0.86758,0.86768,1.12,1.12
2015.11.09 16:46:18.789,0.86759,0.86768,1.00,1.12
2015.11.09 16:46:18.840,0.86757,0.86768,1.00,2.25
2015.11.09 16:46:19.144,0.86757,0.86769,1.12,1.50
2015.11.09 16:46:19.246,0.86755,0.86767,1.87,1.50
2015.11.09 16:46:19.833,0.86754,0.86767,1.87,1.75
2015.11.09 16:46:19.935,0.86754,0.86767,1.12,1.75
2015.11.09 16:46:21.035,0.86753,0.86764,1.00,1.37
2015.11.09 16:46:21.548,0.86752,0.86763,1.87,1.00
2015.11.09 16:46:22.160,0.86751,0.86761,1.00,1.00
2015.11.09 16:46:22.703,0.8675,0.86762,1.00,1.75
2015.11.09 16:46:23.435,0.8675,0.86762,1.12,1.12
2015.11.09 16:46:23.537,0.86751,0.86761,1.00,1.00
2015.11.09 16:46:25.124,0.86747,0.86761,3.37,1.87
2015.11.09 16:46:25.276,0.8675,0.86757,1.00,1.00
2015.11.09 16:46:25.327,0.86745,0.86757,1.87,1.00
2015.11.09 16:46:26.277,0.86745,0.86757,1.75,1.12
2015.11.09 16:46:26.785,0.86745,0.86756,1.75,1.00
2015.11.09 16:46:29.417,0.86744,0.86757,1.12,1.87
2015.11.09 16:46:29.569,0.86745,0.86756,1.50,1.37
2015.11.09 16:46:29.874,0.86748,0.86756,1.87,1.00
2015.11.09 16:46:30.060,0.86748,0.86759,1.87,1.37
2015.11.09 16:46:30.111,0.86748,0.8676,1.87,1.00
2015.11.09 16:46:30.364,0.86748,0.86759,1.00,1.50
2015.11.09 16:46:30.874,0.86747,0.86759,1.75,1.00
2015.11.09 16:46:31.392,0.86748,0.86759,1.50,1.75
2015.11.09 16:46:31.899,0.86748,0.86759,1.12,1.75
2015.11.09 16:46:32.052,0.86744,0.86758,1.87,1.12
2015.11.09 16:46:32.572,0.86743,0.86756,1.37,1.75
2015.11.09 16:46:33.079,0.86745,0.86755,1.00,1.00
2015.11.09 16:46:34.040,0.86745,0.86758,1.00,1.87
2015.11.09 16:46:34.346,0.8674,0.86752,1.00,1.75
2015.11.09 16:46:34.853,0.86739,0.86752,1.12,1.87
2015.11.09 16:46:35.870,0.86739,0.86749,1.00,1.00
2015.11.09 16:46:36.419,0.86738,0.86752,1.50,1.12
2015.11.09 16:46:36.572,0.86738,0.86753,2.25,1.87
2015.11.09 16:46:36.778,0.86744,0.86754,1.50,1.12
2015.11.09 16:46:36.880,0.86743,0.86757,1.12,2.62
2015.11.09 16:46:36.981,0.86744,0.86757,1.87,2.25
2015.11.09 16:46:37.285,0.86744,0.86757,1.87,1.12
2015.11.09 16:46:37.589,0.86744,0.86758,2.62,1.75
2015.11.09 16:46:38.082,0.86746,0.86758,1.37,1.50
2015.11.09 16:46:38.387,0.86753,0.86763,1.00,1.00
2015.11.09 16:46:38.799,0.8675,0.8676,1.00,1.00
2015.11.09 16:46:39.131,0.86745,0.86755,1.12,1.00
2015.11.09 16:46:39.639,0.86745,0.86757,1.37,1.50
2015.11.09 16:46:40.145,0.86745,0.86757,2.62,1.37
2015.11.09 16:46:40.530,0.86751,0.86763,1.00,1.50
2015.11.09 16:46:40.581,0.86749,0.86763,1.75,1.12
2015.11.09 16:46:41.096,0.8675,0.86765,2.62,2.25
2015.11.09 16:46:41.198,0.86754,0.86768,1.37,1.87
2015.11.09 16:46:41.299,0.86754,0.86768,1.12,1.87
2015.11.09 16:46:42.029,0.86756,0.86768,1.75,1.00
2015.11.09 16:46:42.383,0.86756,0.86767,1.50,1.00
2015.11.09 16:46:42.586,0.86754,0.86767,1.37,1.50
2015.11.09 16:46:43.091,0.86753,0.86765,1.37,1.50
2015.11.09 16:46:43.708,0.86753,0.86765,1.37,1.75
2015.11.09 16:46:44.238,0.86752,0.86765,1.12,1.75
2015.11.09 16:46:44.884,0.86754,0.86765,1.00,1.50
2015.11.09 16:46:45.388,0.86755,0.86766,1.50,1.37
2015.11.09 16:46:45.896,0.86754,0.86766,1.87,1.00
2015.11.09 16:46:45.997,0.86755,0.86766,1.00,1.12
2015.11.09 16:46:46.200,0.86754,0.86766,1.87,1.50
2015.11.09 16:46:46.751,0.86753,0.86766,1.12,1.50
2015.11.09 16:46:47.387,0.86753,0.86764,1.87,1.37
2015.11.09 16:46:49.606,0.86753,0.86766,1.12,1.37
2015.11.09 16:46:50.998,0.86757,0.86767,1.00,1.50
2015.11.09 16:46:51.552,0.86757,0.86766,1.00,1.00
2015.11.09 16:46:51.805,0.86756,0.86769,1.12,2.62
2015.11.09 16:46:51.907,0.86753,0.86767,1.12,2.25
2015.11.09 16:46:52.111,0.86751,0.86765,1.37,1.75
2015.11.09 16:46:52.315,0.8675,0.86762,1.12,1.75
2015.11.09 16:46:52.743,0.8675,0.86764,1.00,1.87
2015.11.09 16:46:52.794,0.86749,0.86762,3.37,1.00
2015.11.09 16:46:53.401,0.86751,0.86765,1.75,1.50
2015.11.09 16:46:53.807,0.8675,0.86765,1.00,4.87
2015.11.09 16:46:56.017,0.8675,0.86761,1.00,1.00
2015.11.09 16:46:57.240,0.86749,0.86763,1.12,1.75
2015.11.09 16:46:57.746,0.86749,0.86763,1.37,2.25
2015.11.09 16:46:58.398,0.86749,0.86762,1.00,1.87
2015.11.09 16:46:58.925,0.86748,0.86761,1.00,2.62
2015.11.09 16:46:59.440,0.86748,0.86758,1.12,1.00
2015.11.09 16:47:01.305,0.86748,0.86759,1.00,1.87
2015.11.09 16:47:01.457,0.86746,0.86759,1.00,1.87
2015.11.09 16:47:02.125,0.86744,0.86759,1.50,2.25
2015.11.09 16:47:02.531,0.86743,0.86758,1.87,1.75
2015.11.09 16:47:03.318,0.86747,0.86757,1.00,1.00
2015.11.09 16:47:03.824,0.86744,0.86759,1.87,1.37
2015.11.09 16:47:04.229,0.86746,0.86756,1.00,1.00
2015.11.09 16:47:04.769,0.86746,0.86759,2.62,1.12
2015.11.09 16:47:05.224,0.86752,0.86762,1.00,1.00
2015.11.09 16:47:06.232,0.8675,0.86765,1.75,1.87
2015.11.09 16:47:06.334,0.86753,0.86765,1.75,1.12
2015.11.09 16:47:06.436,0.86753,0.86767,2.25,1.87
2015.11.09 16:47:07.652,0.86756,0.86766,1.12,1.00
2015.11.09 16:47:08.174,0.86756,0.86767,1.37,1.12
2015.11.09 16:47:08.730,0.86758,0.8677,1.37,1.75
2015.11.09 16:47:09.549,0.8676,0.86769,1.00,1.00
2015.11.09 16:47:09.954,0.86757,0.8677,1.75,1.00
2015.11.09 16:47:10.006,0.86759,0.86772,1.75,3.00
2015.11.09 16:47:10.057,0.86759,0.86769,1.50,1.87
2015.11.09 16:47:10.446,0.86758,0.86767,1.00,1.87
2015.11.09 16:47:10.750,0.86761,0.86772,1.75,1.37
2015.11.09 16:47:11.106,0.86761,0.86769,1.50,1.00
2015.11.09 16:47:11.643,0.86761,0.8677,1.00,1.50
2015.11.09 16:47:11.744,0.86756,0.86769,1.12,1.00
2015.11.09 16:47:12.048,0.86756,0.86771,1.87,2.62
2015.11.09 16:47:12.517,0.86756,0.86767,1.12,2.62
2015.11.09 16:47:12.568,0.86756,0.86767,1.12,2.62
2015.11.09 16:47:12.830,0.86755,0.86765,1.00,2.62
2015.11.09 16:47:13.414,0.86755,0.86764,1.00,1.37
2015.11.09 16:47:13.959,0.86751,0.86763,2.25,1.50
2015.11.09 16:47:14.509,0.8675,0.86762,1.75,1.00
2015.11.09 16:47:14.560,0.86747,0.8676,1.75,1.00
2015.11.09 16:47:14.662,0.86747,0.86758,1.12,1.37
2015.11.09 16:47:15.168,0.86747,0.86759,1.50,1.50
2015.11.09 16:47:15.745,0.86747,0.86759,1.50,1.00
2015.11.09 16:47:16.542,0.86747,0.86759,1.75,1.00
2015.11.09 16:47:17.068,0.86748,0.8676,1.75,1.50
2015.11.09 16:47:17.472,0.86751,0.86761,1.00,1.12
2015.11.09 16:47:17.675,0.86753,0.86763,1.00,1.12
2015.11.09 16:47:18.491,0.86751,0.86764,2.25,1.50
2015.11.09 16:47:19.028,0.86753,0.86765,1.75,1.50
2015.11.09 16:47:19.530,0.86753,0.86767,1.75,2.62
2015.11.09 16:47:19.681,0.86755,0.86765,1.00,1.12
2015.11.09 16:47:20.907,0.86752,0.86766,1.75,1.87
2015.11.09 16:47:21.008,0.86752,0.86766,1.75,2.25
2015.11.09 16:47:21.587,0.86752,0.86766,1.75,1.87
2015.11.09 16:47:21.739,0.8675,0.86763,2.62,1.00
2015.11.09 16:47:22.062,0.8675,0.86765,1.87,3.00
2015.11.09 16:47:22.568,0.8675,0.86765,1.87,2.25
2015.11.09 16:47:23.206,0.86752,0.86766,1.50,2.62
2015.11.09 16:47:23.673,0.86754,0.86768,1.50,1.12
2015.11.09 16:47:23.775,0.86754,0.86768,1.75,1.12
2015.11.09 16:47:24.296,0.86752,0.86766,1.87,1.50
2015.11.09 16:47:24.877,0.86752,0.86767,1.87,2.25
2015.11.09 16:47:25.385,0.86752,0.86765,1.75,1.37
2015.11.09 16:47:26.002,0.86751,0.86762,1.12,1.00
2015.11.09 16:47:26.300,0.8675,0.86762,1.37,1.50
2015.11.09 16:47:26.607,0.86748,0.8676,3.37,1.75
2015.11.09 16:47:26.810,0.86749,0.8676,1.75,1.00
2015.11.09 16:47:26.962,0.86746,0.86757,1.75,1.12
2015.11.09 16:47:27.013,0.86746,0.86757,1.75,1.50
2015.11.09 16:47:27.114,0.86746,0.86756,1.00,1.00
2015.11.09 16:47:28.210,0.86745,0.86755,1.00,1.00
2015.11.09 16:47:29.012,0.86744,0.86758,1.75,1.37
2015.11.09 16:47:29.114,0.86746,0.86758,1.75,1.00
2015.11.09 16:47:29.688,0.86746,0.86758,1.75,1.50
2015.11.09 16:47:30.231,0.86748,0.86758,1.00,1.00
2015.11.09 16:47:30.770,0.86748,0.86759,1.00,1.00
2015.11.09 16:47:32.779,0.86746,0.8676,2.62,1.50
2015.11.09 16:47:32.830,0.86746,0.86761,2.62,2.62
2015.11.09 16:47:33.033,0.86751,0.86761,1.00,1.12
2015.11.09 16:47:33.580,0.86752,0.86762,1.00,1.87
2015.11.09 16:47:34.180,0.8675,0.86764,1.75,1.87
2015.11.09 16:47:34.741,0.8675,0.86764,1.75,1.37
2015.11.09 16:47:35.476,0.8675,0.86763,1.75,1.00
2015.11.09 16:47:35.729,0.86753,0.86766,1.12,1.87
2015.11.09 16:47:36.242,0.86753,0.86765,1.12,1.37
2015.11.09 16:47:36.677,0.86753,0.86766,1.12,1.12
2015.11.09 16:47:37.855,0.86753,0.86766,1.12,1.37
2015.11.09 16:47:38.463,0.86753,0.86768,1.12,1.50
2015.11.09 16:47:42.950,0.86752,0.86766,1.12,1.50
2015.11.09 16:47:44.738,0.86752,0.86766,1.87,1.75
2015.11.09 16:47:44.941,0.86752,0.86763,1.00,2.62
2015.11.09 16:47:45.473,0.86752,0.86762,1.00,1.12
2015.11.09 16:47:45.880,0.86752,0.86765,1.75,1.50
2015.11.09 16:47:46.780,0.86752,0.86764,1.87,1.37
2015.11.09 16:47:47.286,0.86752,0.86765,1.87,1.50
2015.11.09 16:47:48.678,0.86753,0.86765,1.50,2.62
2015.11.09 16:47:48.780,0.86753,0.86765,1.75,1.50
2015.11.09 16:47:49.317,0.86754,0.86766,1.75,1.00
2015.11.09 16:47:50.234,0.86752,0.86766,1.87,1.50
2015.11.09 16:47:50.510,0.86752,0.86763,1.37,1.50
2015.11.09 16:47:50.561,0.86751,0.8676,1.37,1.00
2015.11.09 16:47:51.067,0.86749,0.8676,1.12,1.12
2015.11.09 16:47:51.472,0.86747,0.8676,2.62,1.12
2015.11.09 16:47:52.121,0.86747,0.86759,1.75,1.00
2015.11.09 16:47:52.274,0.86747,0.86759,3.00,1.00
2015.11.09 16:47:53.406,0.86747,0.86759,3.00,1.00
2015.11.09 16:47:53.934,0.86747,0.8676,3.00,1.12
2015.11.09 16:47:54.477,0.86747,0.86759,3.00,1.00
2015.11.09 16:47:55.077,0.86747,0.86761,2.25,1.50
2015.11.09 16:47:55.330,0.86749,0.86762,1.37,1.50
2015.11.09 16:47:55.432,0.86749,0.86762,1.37,1.50
2015.11.09 16:47:55.685,0.86749,0.86762,1.12,1.50
2015.11.09 16:47:56.288,0.8675,0.8676,1.00,1.00
2015.11.09 16:47:57.413,0.86749,0.86763,1.12,2.25
2015.11.09 16:47:58.220,0.86749,0.8676,1.50,1.00
2015.11.09 16:47:58.810,0.86749,0.8676,1.00,1.00
2015.11.09 16:47:59.418,0.86748,0.86763,2.25,2.25
2015.11.09 16:47:59.923,0.86748,0.86763,3.00,1.37
2015.11.09 16:48:00.025,0.86748,0.86763,3.00,1.00
2015.11.09 16:48:00.533,0.8675,0.86763,3.37,1.00
2015.11.09 16:48:00.584,0.8675,0.86766,2.62,1.87
2015.11.09 16:48:00.736,0.86754,0.86768,2.62,1.37
2015.11.09 16:48:00.838,0.86757,0.86771,1.50,1.87
2015.11.09 16:48:00.939,0.86759,0.86771,1.00,1.87
2015.11.09 16:48:01.243,0.86758,0.86771,1.75,1.00
2015.11.09 16:48:01.540,0.86765,0.86776,1.00,1.50
2015.11.09 16:48:02.046,0.86763,0.86777,2.25,1.12
2015.11.09 16:48:02.849,0.86761,0.86775,2.62,1.12
2015.11.09 16:48:03.052,0.86765,0.86777,1.75,1.00
2015.11.09 16:48:03.154,0.86765,0.86777,1.75,1.00
2015.11.09 16:48:03.407,0.86763,0.86773,1.50,1.00
2015.11.09 16:48:03.851,0.8676,0.86774,1.87,1.37
2015.11.09 16:48:04.055,0.8676,0.86774,1.75,1.50
2015.11.09 16:48:04.257,0.8676,0.86772,1.12,1.12
2015.11.09 16:48:04.763,0.86762,0.86774,1.75,1.00
2015.11.09 16:48:04.865,0.86762,0.86775,1.87,1.00
2015.11.09 16:48:05.404,0.86766,0.86776,1.00,1.00
2015.11.09 16:48:05.455,0.86767,0.86778,1.00,1.12
2015.11.09 16:48:06.740,0.86764,0.8678,2.62,2.25
2015.11.09 16:48:06.943,0.86765,0.86779,1.12,1.50
2015.11.09 16:48:07.451,0.8677,0.86781,1.12,1.50
2015.11.09 16:48:08.027,0.8677,0.8678,1.12,1.37
2015.11.09 16:48:08.529,0.8677,0.86781,1.37,1.87
2015.11.09 16:48:09.031,0.86768,0.86779,1.75,1.50
2015.11.09 16:48:09.503,0.86769,0.86778,1.00,1.50
2015.11.09 16:48:10.686,0.86769,0.86778,1.37,1.00
2015.11.09 16:48:11.221,0.86769,0.86778,1.37,1.50
2015.11.09 16:48:11.848,0.86768,0.86778,1.50,1.00
2015.11.09 16:48:12.770,0.86768,0.86778,1.12,1.00
2015.11.09 16:48:13.389,0.86768,0.86777,1.00,1.00
2015.11.09 16:48:15.502,0.86767,0.86777,1.50,1.00
2015.11.09 16:48:16.004,0.86768,0.86778,1.00,1.00
2015.11.09 16:48:17.885,0.86768,0.86778,1.00,1.12
2015.11.09 16:48:18.088,0.86767,0.86777,1.50,1.12
2015.11.09 16:48:18.616,0.86767,0.86777,1.50,1.87
2015.11.09 16:48:19.634,0.86764,0.86777,1.37,1.50
2015.11.09 16:48:20.298,0.86765,0.86777,4.12,1.50
2015.11.09 16:48:20.969,0.86765,0.86775,4.12,1.00
2015.11.09 16:48:22.779,0.86767,0.86775,1.00,1.00
2015.11.09 16:48:24.337,0.86767,0.86773,1.00,1.00
2015.11.09 16:48:25.276,0.86767,0.86773,1.37,1.00
2015.11.09 16:48:25.428,0.86767,0.86776,1.50,1.00
2015.11.09 16:48:25.785,0.86767,0.86773,1.00,1.00
2015.11.09 16:48:26.090,0.86766,0.8677,3.75,1.00
2015.11.09 16:48:26.141,0.86763,0.8677,1.12,1.00
2015.11.09 16:48:26.651,0.86763,0.8677,1.87,1.00
2015.11.09 16:48:26.881,0.86762,0.86772,1.00,1.50
2015.11.09 16:48:27.336,0.86762,0.8677,1.00,1.00
2015.11.09 16:48:27.850,0.8676,0.86769,1.37,1.00
2015.11.09 16:48:28.401,0.8676,0.86769,1.00,1.00
2015.11.09 16:48:30.676,0.86759,0.86769,1.37,1.37
2015.11.09 16:48:31.191,0.86758,0.86768,1.37,1.50
2015.11.09 16:48:31.715,0.86757,0.86769,1.50,1.75
2015.11.09 16:48:32.019,0.86758,0.86769,1.00,1.50
2015.11.09 16:48:32.424,0.86758,0.86771,1.12,2.25
2015.11.09 16:48:32.526,0.8676,0.8677,1.50,1.00
2015.11.09 16:48:32.629,0.86757,0.86771,1.87,1.75
2015.11.09 16:48:33.082,0.86758,0.86769,1.87,1.37
2015.11.09 16:48:33.588,0.86756,0.86767,1.37,1.12
2015.11.09 16:48:33.927,0.86755,0.86767,1.50,1.75
2015.11.09 16:48:34.327,0.86758,0.86769,1.00,1.75
2015.11.09 16:48:34.631,0.86759,0.86769,1.37,1.75
2015.11.09 16:48:35.039,0.86758,0.86769,1.00,1.75
2015.11.09 16:48:35.191,0.86757,0.86769,1.75,1.75
2015.11.09 16:48:35.714,0.86758,0.86769,1.37,1.37
2015.11.09 16:48:35.969,0.86757,0.86768,1.12,1.00
2015.11.09 16:48:36.020,0.86757,0.86766,1.00,1.00
2015.11.09 16:48:36.324,0.86762,0.86772,1.50,1.75
2015.11.09 16:48:36.426,0.86762,0.86772,1.50,1.00
2015.11.09 16:48:36.961,0.86762,0.86773,1.00,1.12
2015.11.09 16:48:37.903,0.86762,0.86773,1.50,1.12
2015.11.09 16:48:39.441,0.86764,0.86774,1.00,2.25
2015.11.09 16:48:39.644,0.86762,0.86772,1.37,1.00
2015.11.09 16:48:39.982,0.86758,0.86765,1.00,1.00
2015.11.09 16:48:40.034,0.86752,0.86765,1.87,1.75
2015.11.09 16:48:40.237,0.86752,0.86761,1.12,1.00
2015.11.09 16:48:40.749,0.86751,0.86763,1.12,1.75
2015.11.09 16:48:41.183,0.8675,0.8676,1.87,1.00
2015.11.09 16:48:41.751,0.8675,0.8676,2.62,1.00
2015.11.09 16:48:42.254,0.86751,0.86763,1.00,1.87
2015.11.09 16:48:42.795,0.8675,0.86763,2.25,1.12
2015.11.09 16:48:43.344,0.8675,0.86765,1.50,1.87
2015.11.09 16:48:43.857,0.8675,0.86764,2.25,1.12
2015.11.09 16:48:44.161,0.86748,0.86758,1.75,1.00
2015.11.09 16:48:44.473,0.86748,0.86756,1.50,1.00
2015.11.09 16:48:44.726,0.86746,0.86755,1.00,1.00
2015.11.09 16:48:44.777,0.86746,0.86757,1.00,1.87
2015.11.09 16:48:44.879,0.86746,0.86754,1.00,1.00
2015.11.09 16:48:45.183,0.86741,0.86752,3.37,1.12
2015.11.09 16:48:45.709,0.8674,0.86753,2.62,1.75
2015.11.09 16:48:45.811,0.8674,0.86751,2.62,1.37
2015.11.09 16:48:46.064,0.86737,0.8675,1.12,1.12
2015.11.09 16:48:46.572,0.86737,0.86752,1.12,1.75
2015.11.09 16:48:47.327,0.86738,0.8675,1.00,1.50
2015.11.09 16:48:48.970,0.86737,0.86748,1.00,1.12
2015.11.09 16:48:50.138,0.86737,0.86749,1.00,1.75
2015.11.09 16:48:50.341,0.86737,0.86747,1.37,1.12
2015.11.09 16:48:51.328,0.86737,0.86748,1.37,1.00
2015.11.09 16:48:51.835,0.86737,0.86752,1.37,2.25
2015.11.09 16:48:53.752,0.86735,0.86746,1.75,1.37
2015.11.09 16:48:53.955,0.86734,0.86745,1.50,1.00
2015.11.09 16:48:54.501,0.86734,0.86744,1.00,1.00
2015.11.09 16:48:56.363,0.86731,0.86746,2.25,1.12
2015.11.09 16:48:57.079,0.86731,0.86744,1.75,1.50
2015.11.09 16:48:57.463,0.8673,0.86744,2.25,1.00
2015.11.09 16:48:57.965,0.8673,0.86744,1.87,1.50
2015.11.09 16:48:58.470,0.86734,0.86743,1.00,1.00
2015.11.09 16:48:59.070,0.8673,0.86744,1.75,1.00
2015.11.09 16:48:59.596,0.86731,0.86745,1.12,1.87
2015.11.09 16:48:59.900,0.86733,0.86745,1.12,1.87
2015.11.09 16:48:59.950,0.86737,0.86744,1.37,1.00
2015.11.09 16:49:00.103,0.86739,0.86752,1.37,1.12
2015.11.09 16:49:00.255,0.86739,0.86753,1.87,1.87
2015.11.09 16:49:00.785,0.86741,0.8675,1.00,1.00
2015.11.09 16:49:01.190,0.86742,0.86752,1.00,1.12
2015.11.09 16:49:01.746,0.86741,0.86754,1.75,1.75
2015.11.09 16:49:02.094,0.86743,0.86753,1.00,1.87
2015.11.09 16:49:02.348,0.86738,0.86753,1.12,2.62
2015.11.09 16:49:02.399,0.86738,0.86751,1.37,1.75
2015.11.09 16:49:02.757,0.86738,0.8675,1.37,1.37
2015.11.09 16:49:02.960,0.86735,0.86749,2.62,1.50
2015.11.09 16:49:03.163,0.86737,0.86749,1.00,1.50
2015.11.09 16:49:03.493,0.86739,0.86753,1.12,1.37
2015.11.09 16:49:03.695,0.86744,0.86755,1.00,1.50
2015.11.09 16:49:04.358,0.86743,0.86757,1.87,1.87
2015.11.09 16:49:04.612,0.86746,0.86759,1.87,1.75
2015.11.09 16:49:05.052,0.86746,0.8676,1.50,1.75
2015.11.09 16:49:05.559,0.86747,0.8676,1.75,1.37
2015.11.09 16:49:05.762,0.86749,0.8676,1.00,1.12
2015.11.09 16:49:05.864,0.86746,0.86759,2.25,1.12
2015.11.09 16:49:05.966,0.86746,0.86758,2.25,1.12
2015.11.09 16:49:06.505,0.8675,0.86759,1.00,1.00
2015.11.09 16:49:06.607,0.86749,0.86761,1.75,1.12
2015.11.09 16:49:06.658,0.86749,0.86763,1.75,1.87
2015.11.09 16:49:06.760,0.86749,0.86763,1.75,1.12
2015.11.09 16:49:06.812,0.86749,0.86761,2.25,1.00
2015.11.09 16:49:07.015,0.86751,0.86765,1.12,1.00
2015.11.09 16:49:07.867,0.86752,0.86764,1.75,1.00
2015.11.09 16:49:08.656,0.86752,0.86764,3.75,1.00
2015.11.09 16:49:09.159,0.86752,0.86765,3.75,1.00
2015.11.09 16:49:09.380,0.86756,0.86765,1.00,2.25
2015.11.09 16:49:09.432,0.86752,0.86762,3.00,1.00
2015.11.09 16:49:09.483,0.86752,0.86761,2.62,1.00
2015.11.09 16:49:09.534,0.86752,0.8676,2.25,1.00
2015.11.09 16:49:10.059,0.86752,0.86761,2.25,1.00
2015.11.09 16:49:10.709,0.86752,0.86761,2.25,1.50
2015.11.09 16:49:11.227,0.86752,0.86763,3.00,3.37
2015.11.09 16:49:11.870,0.86752,0.86762,1.12,1.00
2015.11.09 16:49:13.203,0.86752,0.86763,1.12,1.12
2015.11.09 16:49:13.717,0.86753,0.86762,1.00,1.00
2015.11.09 16:49:13.869,0.86753,0.86764,2.62,1.50
2015.11.09 16:49:14.377,0.86753,0.86764,3.00,1.00
2015.11.09 16:49:14.480,0.86754,0.86764,1.87,1.00
2015.11.09 16:49:14.683,0.86755,0.86764,1.12,1.00
2015.11.09 16:49:15.209,0.86756,0.86765,1.00,1.00
2015.11.09 16:49:15.260,0.86756,0.86767,1.00,1.87
2015.11.09 16:49:15.716,0.86756,0.86769,1.12,1.50
2015.11.09 16:49:16.070,0.86756,0.86769,1.12,1.50
2015.11.09 16:49:16.370,0.86757,0.86769,1.75,1.12
2015.11.09 16:49:17.995,0.86757,0.86768,1.12,1.00
2015.11.09 16:49:18.148,0.86756,0.86768,1.75,1.00
2015.11.09 16:49:19.008,0.86757,0.86767,1.12,1.00
2015.11.09 16:49:20.313,0.86756,0.86768,1.12,1.12
2015.11.09 16:49:21.053,0.8676,0.8677,1.00,1.00
2015.11.09 16:49:21.109,0.86757,0.8677,2.62,1.00
2015.11.09 16:49:21.618,0.86764,0.86771,1.00,1.12
2015.11.09 16:49:22.125,0.86759,0.86772,2.25,1.00
2015.11.09 16:49:22.413,0.86762,0.86772,1.00,1.50
2015.11.09 16:49:24.044,0.86762,0.86771,1.00,1.00
2015.11.09 16:49:24.297,0.8676,0.8677,1.00,1.12
2015.11.09 16:49:24.398,0.86757,0.86768,1.75,1.00
2015.11.09 16:49:24.905,0.86758,0.86768,1.00,1.00
2015.11.09 16:49:26.737,0.86756,0.86769,1.37,1.75
2015.11.09 16:49:30.945,0.86752,0.86765,1.87,1.37
2015.11.09 16:49:31.244,0.86752,0.86763,1.37,1.12
2015.11.09 16:49:32.502,0.86749,0.86763,2.62,1.37
2015.11.09 16:49:33.062,0.8675,0.8676,1.12,1.00
2015.11.09 16:49:33.652,0.8675,0.86763,1.75,1.75
2015.11.09 16:49:33.753,0.86749,0.86761,2.62,1.50
2015.11.09 16:49:36.323,0.86749,0.86761,1.87,1.00
2015.11.09 16:49:37.441,0.86749,0.86761,1.50,1.37
2015.11.09 16:49:37.644,0.86748,0.86758,1.00,1.50
2015.11.09 16:49:41.334,0.86748,0.86758,1.37,1.12
2015.11.09 16:49:41.897,0.86748,0.86758,1.12,1.00
2015.11.09 16:49:42.099,0.86748,0.8676,1.12,1.12
2015.11.09 16:49:42.601,0.86748,0.8676,1.37,1.37
2015.11.09 16:49:43.260,0.86748,0.8676,1.12,1.12
2015.11.09 16:49:43.795,0.86748,0.86759,1.12,1.00
2015.11.09 16:49:44.666,0.86749,0.86759,1.00,1.00
2015.11.09 16:49:44.768,0.86747,0.86759,1.50,1.75
2015.11.09 16:49:44.971,0.86746,0.86759,1.00,1.75
2015.11.09 16:49:46.078,0.86746,0.86759,1.50,2.25
2015.11.09 16:49:46.541,0.86744,0.86759,1.50,2.25
2015.11.09 16:49:46.794,0.86743,0.86756,1.00,1.75
2015.11.09 16:49:47.301,0.86741,0.86755,1.87,1.75
2015.11.09 16:49:48.263,0.86743,0.86756,1.00,1.75
2015.11.09 16:49:48.365,0.86745,0.86756,1.00,1.75
2015.11.09 16:49:48.870,0.86745,0.86758,1.50,1.87
2015.11.09 16:49:50.166,0.86745,0.86758,1.75,1.75
2015.11.09 16:49:52.380,0.86748,0.8676,1.00,1.87
2015.11.09 16:49:52.884,0.86748,0.8676,1.37,1.50
2015.11.09 16:49:53.087,0.86748,0.86762,2.62,1.50
2015.11.09 16:49:53.390,0.86753,0.86763,1.00,1.00
2015.11.09 16:49:55.377,0.86751,0.86764,2.62,1.50
2015.11.09 16:49:55.913,0.86751,0.86763,1.87,1.50
2015.11.09 16:49:56.368,0.86751,0.86764,1.37,1.00
2015.11.09 16:49:56.672,0.86754,0.86765,1.12,1.00
2015.11.09 16:49:56.774,0.86754,0.86764,1.12,1.00
2015.11.09 16:50:00.288,0.86754,0.86766,1.75,1.75
2015.11.09 16:50:00.592,0.86754,0.86767,1.75,1.37
2015.11.09 16:50:01.290,0.86753,0.86766,1.87,2.25
2015.11.09 16:50:01.391,0.86752,0.86766,2.62,1.87
2015.11.09 16:50:01.544,0.86752,0.86762,2.25,1.00
2015.11.09 16:50:01.899,0.86752,0.86762,1.87,1.12
2015.11.09 16:50:03.003,0.86753,0.86767,2.62,1.75
2015.11.09 16:50:03.104,0.86754,0.86767,1.75,1.37
2015.11.09 16:50:03.998,0.86755,0.86765,1.00,1.00
2015.11.09 16:50:04.194,0.86753,0.86764,1.50,1.75
2015.11.09 16:50:04.699,0.86753,0.86763,1.12,1.50
2015.11.09 16:50:05.500,0.86752,0.86763,1.12,1.50
2015.11.09 16:50:05.904,0.8675,0.86762,1.37,1.50
2015.11.09 16:50:07.268,0.8675,0.86764,1.87,1.75
2015.11.09 16:50:07.778,0.86752,0.86763,1.87,1.12
2015.11.09 16:50:08.083,0.86752,0.86765,3.37,1.87
2015.11.09 16:50:08.235,0.86752,0.86765,2.62,1.00
2015.11.09 16:50:08.499,0.86753,0.86763,1.50,1.00
2015.11.09 16:50:09.014,0.86755,0.86763,1.00,1.00
2015.11.09 16:50:09.520,0.86753,0.86764,1.50,1.12
2015.11.09 16:50:11.465,0.86754,0.86765,1.50,1.12
2015.11.09 16:50:12.120,0.86754,0.86767,2.25,1.37
2015.11.09 16:50:12.633,0.86754,0.86767,2.25,1.00
2015.11.09 16:50:13.151,0.86754,0.86767,2.25,1.37
2015.11.09 16:50:13.659,0.86754,0.86768,1.12,1.87
2015.11.09 16:50:15.781,0.86756,0.86768,2.25,1.12
2015.11.09 16:50:16.121,0.86759,0.8677,1.87,1.00
2015.11.09 16:50:16.223,0.86759,0.86772,1.87,1.12
2015.11.09 16:50:16.325,0.86759,0.86772,1.87,1.75
2015.11.09 16:50:17.002,0.86759,0.86771,1.87,1.50
2015.11.09 16:50:17.053,0.86759,0.8677,1.00,1.12
2015.11.09 16:50:17.104,0.86758,0.8677,1.37,1.37
2015.11.09 16:50:17.586,0.86757,0.86768,1.00,1.37
2015.11.09 16:50:19.697,0.86756,0.8677,3.37,1.87
2015.11.09 16:50:19.798,0.86757,0.8677,1.87,1.87
2015.11.09 16:50:20.304,0.86758,0.86771,1.87,1.12
2015.11.09 16:50:20.806,0.86758,0.86771,1.87,1.50
2015.11.09 16:50:20.908,0.86758,0.86771,1.87,1.50
2015.11.09 16:50:21.602,0.86761,0.86771,1.00,1.50
2015.11.09 16:50:21.704,0.86759,0.86771,1.00,1.50
2015.11.09 16:50:22.604,0.86758,0.8677,1.37,1.37
2015.11.09 16:50:22.706,0.86758,0.8677,1.37,1.50
2015.11.09 16:50:22.807,0.86757,0.86769,1.00,1.50
2015.11.09 16:50:23.110,0.86755,0.86765,1.75,1.00
2015.11.09 16:50:23.660,0.86755,0.86766,1.12,1.00
2015.11.09 16:50:24.166,0.86757,0.86768,1.00,1.50
2015.11.09 16:50:26.136,0.86756,0.86768,1.50,1.50
2015.11.09 16:50:26.288,0.86753,0.86763,1.50,1.00
2015.11.09 16:50:26.440,0.86751,0.86763,1.12,1.37
2015.11.09 16:50:26.991,0.86751,0.86762,1.00,1.12
2015.11.09 16:50:27.613,0.8675,0.86761,1.37,1.00
2015.11.09 16:50:28.142,0.8675,0.86761,1.00,1.50
2015.11.09 16:50:28.646,0.8675,0.86761,1.50,1.50
2015.11.09 16:50:29.150,0.86749,0.86762,1.00,2.25
2015.11.09 16:50:29.932,0.86748,0.86762,1.37,1.75
2015.11.09 16:50:30.454,0.86748,0.86762,1.37,1.75
2015.11.09 16:50:32.836,0.86748,0.86761,1.37,1.37
2015.11.09 16:50:33.366,0.86751,0.86761,1.00,1.12
2015.11.09 16:50:35.753,0.86748,0.86762,2.62,1.00
2015.11.09 16:50:36.105,0.86751,0.86763,1.37,1.75
2015.11.09 16:50:36.897,0.8675,0.86763,1.50,2.25
2015.11.09 16:50:37.873,0.86751,0.86763,1.37,2.25
2015.11.09 16:50:38.239,0.86751,0.86763,1.50,2.25
2015.11.09 16:50:39.038,0.86751,0.86763,1.00,2.25
2015.11.09 16:50:39.551,0.8675,0.86763,1.87,2.25
2015.11.09 16:50:41.336,0.8675,0.86761,2.62,1.00
2015.11.09 16:50:41.539,0.86753,0.86763,1.12,1.00
2015.11.09 16:50:42.053,0.86752,0.86765,2.25,1.50
2015.11.09 16:50:42.591,0.86753,0.86765,1.50,1.37
2015.11.09 16:50:43.139,0.86752,0.86765,1.50,1.75
2015.11.09 16:50:43.650,0.86751,0.86765,2.25,2.25
2015.11.09 16:50:43.954,0.8675,0.86762,1.75,1.50
2015.11.09 16:50:44.258,0.8675,0.8676,1.00,1.00
2015.11.09 16:50:44.786,0.8675,0.86761,1.00,1.50
2015.11.09 16:50:46.864,0.86748,0.86761,2.62,1.00
2015.11.09 16:50:47.066,0.86748,0.86762,2.62,1.37
2015.11.09 16:50:47.320,0.86748,0.86758,1.75,1.00
2015.11.09 16:50:47.472,0.86747,0.86758,1.37,1.37
2015.11.09 16:50:48.005,0.86746,0.86758,2.62,1.75
2015.11.09 16:50:48.515,0.86746,0.86759,2.25,1.75
2015.11.09 16:50:48.921,0.86745,0.86759,1.50,1.75
2015.11.09 16:50:49.768,0.86745,0.86759,1.37,1.75
2015.11.09 16:50:50.274,0.86745,0.86759,1.87,1.75
2015.11.09 16:50:50.578,0.86746,0.86759,1.75,1.37
2015.11.09 16:50:51.083,0.86744,0.86759,4.12,1.50
2015.11.09 16:50:54.356,0.86746,0.86758,1.75,1.00
2015.11.09 16:50:54.609,0.86747,0.8676,1.75,1.12
2015.11.09 16:50:55.121,0.86747,0.86759,2.62,1.00
2015.11.09 16:50:55.626,0.86747,0.86759,1.87,1.00
2015.11.09 16:50:55.967,0.86749,0.86759,1.00,1.00
2015.11.09 16:50:57.223,0.86749,0.8676,1.00,1.50
2015.11.09 16:50:58.283,0.86747,0.8676,2.62,1.12
2015.11.09 16:50:59.105,0.86749,0.86762,4.87,1.00
2015.11.09 16:50:59.560,0.8675,0.86764,3.00,1.50
2015.11.09 16:50:59.662,0.86753,0.86765,1.87,1.12
2015.11.09 16:50:59.764,0.86757,0.86765,1.00,1.00
2015.11.09 16:51:01.963,0.86754,0.86766,1.75,1.00
2015.11.09 16:51:02.492,0.86754,0.86767,1.75,1.37
2015.11.09 16:51:02.858,0.86752,0.86764,1.75,1.00
2015.11.09 16:51:02.910,0.86751,0.86764,1.12,1.00
2015.11.09 16:51:03.405,0.86753,0.86765,1.75,1.12
2015.11.09 16:51:03.708,0.86754,0.86767,1.12,2.62
2015.11.09 16:51:04.245,0.86753,0.86767,4.87,1.50
2015.11.09 16:51:04.776,0.86753,0.86766,1.12,1.00
2015.11.09 16:51:05.284,0.86753,0.86765,1.75,1.50
2015.11.09 16:51:05.723,0.86751,0.86761,1.87,1.00
2015.11.09 16:51:06.260,0.86751,0.86761,1.87,1.00
2015.11.09 16:51:08.089,0.8675,0.86762,1.75,3.00
2015.11.09 16:51:08.596,0.86748,0.86761,1.87,1.12
2015.11.09 16:51:08.930,0.86747,0.86758,3.00,1.00
2015.11.09 16:51:08.982,0.86747,0.86758,1.75,1.00
2015.11.09 16:51:09.493,0.86747,0.86758,1.75,1.00
2015.11.09 16:51:11.490,0.86747,0.86759,1.75,1.00
2015.11.09 16:51:12.407,0.86745,0.86758,1.75,1.50
2015.11.09 16:51:12.510,0.86744,0.86758,1.12,1.87
2015.11.09 16:51:13.192,0.86745,0.86757,1.12,1.50
2015.11.09 16:51:14.003,0.86746,0.86755,1.00,1.00
2015.11.09 16:51:14.688,0.86742,0.86754,1.87,1.37
2015.11.09 16:51:14.840,0.86741,0.86751,1.00,1.00
2015.11.09 16:51:15.043,0.86739,0.86751,1.12,2.25
2015.11.09 16:51:15.347,0.86737,0.8675,2.62,1.75
2015.11.09 16:51:16.034,0.86734,0.86747,1.87,1.37
2015.11.09 16:51:16.085,0.86734,0.86746,1.37,1.00
2015.11.09 16:51:16.593,0.86734,0.86747,1.12,1.50
2015.11.09 16:51:16.947,0.86734,0.86747,1.12,1.00
2015.11.09 16:51:17.678,0.86734,0.86746,1.12,1.00
2015.11.09 16:51:18.206,0.86734,0.86747,1.12,1.50
2015.11.09 16:51:19.311,0.86734,0.86746,1.12,1.37
2015.11.09 16:51:19.362,0.86734,0.86746,1.12,1.37
2015.11.09 16:51:20.522,0.86732,0.86745,1.12,1.12
2015.11.09 16:51:20.624,0.86732,0.86745,1.37,1.12
2015.11.09 16:51:22.674,0.86736,0.86745,1.50,1.75
2015.11.09 16:51:22.979,0.86748,0.86754,1.37,1.00
2015.11.09 16:51:23.250,0.86752,0.86765,1.50,1.75
2015.11.09 16:51:23.302,0.86758,0.86765,1.37,1.75
2015.11.09 16:51:23.353,0.86758,0.86764,1.37,1.00
2015.11.09 16:51:23.405,0.86755,0.86766,1.37,1.37
2015.11.09 16:51:23.507,0.86757,0.86767,1.37,1.12
2015.11.09 16:51:24.014,0.86758,0.86768,1.50,1.00
2015.11.09 16:51:24.541,0.86757,0.86769,1.00,1.12
2015.11.09 16:51:26.555,0.86757,0.86768,1.50,1.00
2015.11.09 16:51:26.606,0.86757,0.86766,1.50,1.00
2015.11.09 16:51:27.217,0.86756,0.86768,1.75,1.50
2015.11.09 16:51:27.674,0.86756,0.86766,1.37,1.37
2015.11.09 16:51:27.978,0.86749,0.86757,1.12,1.12
2015.11.09 16:51:28.505,0.86749,0.86758,1.00,2.25
2015.11.09 16:51:29.483,0.8675,0.8676,1.00,1.12
2015.11.09 16:51:29.585,0.8675,0.86759,1.00,1.00
2015.11.09 16:51:30.114,0.86751,0.8676,1.00,1.12
2015.11.09 16:51:30.165,0.86751,0.8676,1.00,1.37
2015.11.09 16:51:30.375,0.86751,0.86761,1.00,1.37
2015.11.09 16:51:30.884,0.86751,0.86762,1.37,1.87
2015.11.09 16:51:31.288,0.86751,0.86762,1.87,1.00
2015.11.09 16:51:34.498,0.86751,0.86764,2.25,1.12
2015.11.09 16:51:34.549,0.86754,0.86761,1.00,1.00
2015.11.09 16:51:37.206,0.86755,0.86764,1.00,1.12
2015.11.09 16:51:37.409,0.86756,0.86764,1.12,1.00
2015.11.09 16:51:37.612,0.86756,0.86766,1.00,1.12
2015.11.09 16:51:38.372,0.86756,0.86767,1.00,1.87
2015.11.09 16:51:39.434,0.86756,0.86766,1.87,1.00
2015.11.09 16:51:39.974,0.86757,0.86768,1.00,1.12
2015.11.09 16:51:40.379,0.86756,0.86768,1.50,1.87
2015.11.09 16:51:41.028,0.86756,0.86765,1.00,1.12
2015.11.09 16:51:41.079,0.86754,0.86765,1.87,1.12
2015.11.09 16:51:42.116,0.86754,0.86764,1.50,1.00
2015.11.09 16:51:42.839,0.86755,0.86765,1.00,1.37
2015.11.09 16:51:43.295,0.86754,0.86766,1.00,2.62
2015.11.09 16:51:43.447,0.86752,0.86763,1.50,1.12
2015.11.09 16:51:43.498,0.86752,0.86763,1.50,1.12
2015.11.09 16:51:44.287,0.8675,0.86759,1.50,1.00
2015.11.09 16:51:45.484,0.86752,0.86759,1.00,1.00
2015.11.09 16:51:45.536,0.8675,0.8676,1.12,1.12
2015.11.09 16:51:46.046,0.86749,0.86758,1.12,1.37
2015.11.09 16:51:46.678,0.86749,0.8676,1.00,1.12
2015.11.09 16:51:46.781,0.86749,0.8676,1.50,1.00
2015.11.09 16:51:48.637,0.86749,0.86761,1.50,1.37
2015.11.09 16:51:49.144,0.86749,0.86759,1.12,1.00
2015.11.09 16:51:49.655,0.86748,0.86759,1.12,1.37
2015.11.09 16:51:49.891,0.86745,0.86754,1.37,1.37
2015.11.09 16:51:49.953,0.86744,0.86752,1.50,1.00
2015.11.09 16:51:50.254,0.86742,0.86754,1.12,1.12
2015.11.09 16:51:50.457,0.86741,0.86754,1.12,1.12
2015.11.09 16:51:50.770,0.86745,0.86754,1.00,1.12
2015.11.09 16:51:51.459,0.86745,0.86754,1.00,1.75
2015.11.09 16:51:51.510,0.86743,0.86754,1.00,1.75
2015.11.09 16:51:51.611,0.86741,0.86752,1.50,1.12
2015.11.09 16:51:52.496,0.86742,0.86752,1.00,1.12
2015.11.09 16:51:53.002,0.86743,0.86752,1.00,1.12
2015.11.09 16:51:53.617,0.86742,0.86752,1.50,1.12
2015.11.09 16:51:54.118,0.86743,0.86754,1.00,1.12
2015.11.09 16:51:54.721,0.86742,0.86754,1.12,1.12
2015.11.09 16:51:55.409,0.86743,0.86754,1.00,1.12
2015.11.09 16:51:56.231,0.86742,0.86754,1.12,1.12
2015.11.09 16:51:57.030,0.86742,0.86754,1.00,1.12
2015.11.09 16:51:57.536,0.86741,0.86751,1.00,1.87
2015.11.09 16:51:58.217,0.8674,0.8675,1.00,1.75
2015.11.09 16:51:58.739,0.86739,0.86751,1.50,1.87
2015.11.09 16:51:59.245,0.86738,0.86749,1.00,1.12
2015.11.09 16:51:59.791,0.86737,0.86749,1.00,1.12
2015.11.09 16:52:00.143,0.86739,0.8675,1.00,1.87
2015.11.09 16:52:00.447,0.86743,0.86754,1.37,4.50
2015.11.09 16:52:00.498,0.86744,0.86757,1.12,1.75
2015.11.09 16:52:00.549,0.86744,0.86755,1.37,1.00
2015.11.09 16:52:01.075,0.86746,0.86756,1.50,1.12
2015.11.09 16:52:01.480,0.86745,0.86758,1.50,2.62
2015.11.09 16:52:01.949,0.86743,0.86756,1.87,1.37
2015.11.09 16:52:02.000,0.86743,0.86756,1.12,1.75
2015.11.09 16:52:02.657,0.86743,0.86755,1.37,1.00
2015.11.09 16:52:05.465,0.86744,0.86757,1.37,1.87
2015.11.09 16:52:05.770,0.86744,0.86756,1.00,1.87
2015.11.09 16:52:06.143,0.86748,0.8676,1.00,1.87
2015.11.09 16:52:06.194,0.86749,0.8676,1.50,1.12
2015.11.09 16:52:06.498,0.86748,0.86758,1.50,1.00
2015.11.09 16:52:06.751,0.86751,0.86758,1.00,1.00
2015.11.09 16:52:06.852,0.86748,0.86758,1.50,1.00
2015.11.09 16:52:07.362,0.86748,0.86757,1.00,1.00
2015.11.09 16:52:07.997,0.86747,0.86757,1.00,1.00
2015.11.09 16:52:08.098,0.86747,0.86758,1.12,1.75
2015.11.09 16:52:08.403,0.86744,0.86754,1.00,1.00
2015.11.09 16:52:08.505,0.86744,0.86753,1.12,1.37
2015.11.09 16:52:08.847,0.86739,0.8675,1.50,1.37
2015.11.09 16:52:09.303,0.8674,0.86751,1.37,1.87
2015.11.09 16:52:09.681,0.86739,0.86752,1.12,1.12
2015.11.09 16:52:10.196,0.86738,0.86752,1.12,1.87
2015.11.09 16:52:11.084,0.86738,0.86752,1.37,2.62
2015.11.09 16:52:11.136,0.86738,0.86752,1.75,2.62
2015.11.09 16:52:12.609,0.8674,0.86753,1.75,1.00
2015.11.09 16:52:12.956,0.86741,0.86752,1.75,1.00
2015.11.09 16:52:16.285,0.86743,0.86755,1.00,1.12
2015.11.09 16:52:18.516,0.86741,0.86754,2.25,1.12
2015.11.09 16:52:20.763,0.86745,0.86756,1.00,1.37
2015.11.09 16:52:20.814,0.86745,0.86757,1.12,1.12
2015.11.09 16:52:21.270,0.86747,0.86758,1.00,1.75
2015.11.09 16:52:21.422,0.86748,0.86761,1.87,1.12
2015.11.09 16:52:21.625,0.8675,0.86762,1.00,1.12
2015.11.09 16:52:22.118,0.8675,0.86763,1.50,1.12
2015.11.09 16:52:22.733,0.8675,0.86763,1.87,1.37
2015.11.09 16:52:23.037,0.86749,0.86763,4.12,1.12
2015.11.09 16:52:23.342,0.8675,0.86763,1.00,1.87
2015.11.09 16:52:23.444,0.8675,0.86763,1.00,1.87
2015.11.09 16:52:23.952,0.86748,0.86762,1.37,1.12
2015.11.09 16:52:28.011,0.86749,0.86762,1.37,1.12
2015.11.09 16:52:28.415,0.8675,0.86762,1.50,1.00
2015.11.09 16:52:29.252,0.8675,0.86765,4.12,1.75
2015.11.09 16:52:29.555,0.8675,0.86764,1.00,2.25
2015.11.09 16:52:29.656,0.86747,0.8676,3.00,1.12
2015.11.09 16:52:29.809,0.86751,0.8676,1.00,1.12
2015.11.09 16:52:30.492,0.86751,0.86761,1.00,1.87
2015.11.09 16:52:30.645,0.86749,0.86759,1.00,1.87
2015.11.09 16:52:31.229,0.8675,0.86759,1.00,1.87
2015.11.09 16:52:32.453,0.86749,0.86759,1.00,1.12
2015.11.09 16:52:32.966,0.86748,0.86756,1.00,1.37
2015.11.09 16:52:33.635,0.86749,0.86756,1.00,1.37
2015.11.09 16:52:34.161,0.86749,0.86757,1.00,1.50
2015.11.09 16:52:34.665,0.86749,0.86756,1.00,1.37
2015.11.09 16:52:35.218,0.86749,0.86757,1.00,1.50
2015.11.09 16:52:35.847,0.86748,0.86757,1.00,1.50
2015.11.09 16:52:36.177,0.86746,0.86756,1.00,1.37
2015.11.09 16:52:36.330,0.86743,0.86756,1.50,1.87
2015.11.09 16:52:36.906,0.86745,0.86756,1.12,1.12
2015.11.09 16:52:37.980,0.86743,0.86757,1.75,3.00
2015.11.09 16:52:38.538,0.86747,0.86758,1.37,1.12
2015.11.09 16:52:39.046,0.86748,0.86756,1.12,1.37
2015.11.09 16:52:39.148,0.86745,0.86756,1.12,1.50
2015.11.09 16:52:39.359,0.86745,0.86756,1.75,1.50
2015.11.09 16:52:41.066,0.86744,0.86757,2.25,1.87
2015.11.09 16:52:41.355,0.86745,0.86758,3.00,1.00
2015.11.09 16:52:41.861,0.86748,0.8676,2.25,2.25
2015.11.09 16:52:41.963,0.86748,0.86759,1.00,1.12
2015.11.09 16:52:42.569,0.86747,0.86759,3.00,1.12
2015.11.09 16:52:43.490,0.86748,0.86759,1.50,1.00
2015.11.09 16:52:43.591,0.86748,0.86759,1.75,1.00
2015.11.09 16:52:44.121,0.8675,0.8676,1.75,1.00
2015.11.09 16:52:44.651,0.8675,0.86761,1.50,1.00
2015.11.09 16:52:44.955,0.8675,0.86757,1.00,1.37
2015.11.09 16:52:45.056,0.86747,0.86757,2.25,1.37
2015.11.09 16:52:45.588,0.86748,0.86758,1.12,1.37
2015.11.09 16:52:46.856,0.86748,0.86757,1.12,1.37
2015.11.09 16:52:47.262,0.86749,0.86759,1.12,1.12
2015.11.09 16:52:47.666,0.86749,0.86759,1.00,1.12
2015.11.09 16:52:48.007,0.86751,0.86757,1.00,1.37
2015.11.09 16:52:48.159,0.86749,0.86758,1.37,1.00
2015.11.09 16:52:48.666,0.86749,0.86757,1.87,1.00
2015.11.09 16:52:49.273,0.86749,0.86758,3.00,1.37
2015.11.09 16:52:50.467,0.86749,0.86757,1.00,1.00
2015.11.09 16:52:51.020,0.86748,0.86757,1.50,1.00
2015.11.09 16:52:53.305,0.86749,0.86758,1.00,1.87
2015.11.09 16:52:53.820,0.86748,0.86758,2.25,1.12
2015.11.09 16:52:54.329,0.86749,0.86757,1.00,1.00
2015.11.09 16:52:55.064,0.86749,0.86759,1.12,1.50
2015.11.09 16:52:55.638,0.86748,0.86758,1.87,1.00
2015.11.09 16:52:56.301,0.86747,0.86761,2.25,1.12
2015.11.09 16:52:56.613,0.86757,0.86763,1.00,1.50
2015.11.09 16:52:56.896,0.86755,0.86763,1.00,1.50
2015.11.09 16:52:59.226,0.86756,0.86762,1.00,1.00
2015.11.09 16:52:59.979,0.86756,0.86764,1.00,1.50
2015.11.09 16:53:00.080,0.86757,0.86764,3.75,2.25
2015.11.09 16:53:00.681,0.86757,0.86764,3.75,1.12
2015.11.09 16:53:01.210,0.86757,0.86767,4.12,1.87
2015.11.09 16:53:02.241,0.86757,0.86766,1.12,1.37
2015.11.09 16:53:04.846,0.86757,0.86767,1.50,1.87
2015.11.09 16:53:04.948,0.86759,0.86769,1.12,1.00
2015.11.09 16:53:06.500,0.86758,0.86767,1.87,1.37
2015.11.09 16:53:07.013,0.86758,0.86768,1.37,1.37
2015.11.09 16:53:07.215,0.86756,0.86766,3.00,1.12
2015.11.09 16:53:08.108,0.86756,0.86766,1.00,1.37
2015.11.09 16:53:08.159,0.86756,0.86766,1.00,1.12
2015.11.09 16:53:08.422,0.86756,0.86766,1.00,1.00
2015.11.09 16:53:10.412,0.86756,0.86767,1.00,1.12
2015.11.09 16:53:10.463,0.86756,0.86767,1.00,1.12
2015.11.09 16:53:11.459,0.86756,0.86767,1.00,1.87
2015.11.09 16:53:13.633,0.86756,0.86768,1.50,1.87
2015.11.09 16:53:14.077,0.86757,0.8677,2.62,1.00
2015.11.09 16:53:14.432,0.86759,0.86771,1.75,2.25
2015.11.09 16:53:14.635,0.86759,0.86773,2.25,1.50
2015.11.09 16:53:15.755,0.86759,0.86773,2.25,2.62
2015.11.09 16:53:19.249,0.86759,0.86771,2.25,1.00
2015.11.09 16:53:19.452,0.8676,0.86769,1.00,1.00
2015.11.09 16:53:19.756,0.8676,0.86772,1.87,1.00
2015.11.09 16:53:19.959,0.86761,0.86773,1.75,1.12
2015.11.09 16:53:20.345,0.86761,0.86773,1.75,1.75
2015.11.09 16:53:20.956,0.8676,0.86771,2.25,1.00
2015.11.09 16:53:21.057,0.8676,0.86771,3.00,1.00
2015.11.09 16:53:21.753,0.8676,0.86771,2.25,1.37
2015.11.09 16:53:22.265,0.86759,0.86771,1.50,1.87
2015.11.09 16:53:23.046,0.86758,0.8677,1.50,1.75
2015.11.09 16:53:23.147,0.86758,0.86767,1.50,1.50
2015.11.09 16:53:23.683,0.86758,0.86767,1.50,1.50
2015.11.09 16:53:24.237,0.86758,0.86767,1.50,2.25
2015.11.09 16:53:24.542,0.86759,0.86768,1.50,1.00
2015.11.09 16:53:25.071,0.86758,0.86767,1.12,1.12
2015.11.09 16:53:25.577,0.86757,0.86768,1.50,1.50
2015.11.09 16:53:26.369,0.86757,0.86767,1.75,1.12
2015.11.09 16:53:26.471,0.86754,0.86765,3.00,1.00
2015.11.09 16:53:26.624,0.86754,0.86767,3.75,1.12
2015.11.09 16:53:26.776,0.86756,0.86767,1.75,1.00
2015.11.09 16:53:27.282,0.86755,0.86768,1.75,1.50
2015.11.09 16:53:27.905,0.86757,0.86768,1.12,1.87
2015.11.09 16:53:28.672,0.86757,0.86769,1.50,2.62
2015.11.09 16:53:28.773,0.86757,0.86769,1.50,1.50
2015.11.09 16:53:29.209,0.86763,0.8677,1.00,1.00
2015.11.09 16:53:29.361,0.86765,0.86773,1.12,1.00
2015.11.09 16:53:29.412,0.86768,0.86773,1.00,1.00
2015.11.09 16:53:29.463,0.86768,0.86778,1.00,2.62
2015.11.09 16:53:29.615,0.86768,0.86778,1.12,2.25
2015.11.09 16:53:29.919,0.86768,0.86778,1.00,2.25
2015.11.09 16:53:30.072,0.86768,0.86778,1.12,1.87
2015.11.09 16:53:30.123,0.86768,0.86779,1.12,1.37
2015.11.09 16:53:30.367,0.86768,0.86778,1.50,1.00
2015.11.09 16:53:30.877,0.86768,0.86777,1.00,1.00
2015.11.09 16:53:31.443,0.86768,0.86779,1.12,1.50
2015.11.09 16:53:31.683,0.86766,0.86778,1.00,1.37
2015.11.09 16:53:32.189,0.86764,0.86776,1.50,1.37
2015.11.09 16:53:32.787,0.86763,0.86776,2.62,1.37
2015.11.09 16:53:33.294,0.86764,0.86777,1.75,1.37
2015.11.09 16:53:33.447,0.86765,0.86778,1.87,1.00
2015.11.09 16:53:33.902,0.86766,0.86779,1.50,2.25
2015.11.09 16:53:34.477,0.86766,0.86777,1.75,1.00
2015.11.09 16:53:34.730,0.86767,0.86779,1.75,1.00
2015.11.09 16:53:35.236,0.86766,0.86779,3.00,1.12
2015.11.09 16:53:35.743,0.86769,0.8678,1.50,1.00
2015.11.09 16:53:37.289,0.86771,0.8678,1.00,1.00
2015.11.09 16:53:37.542,0.8677,0.86783,1.37,1.75
2015.11.09 16:53:37.644,0.8677,0.86783,3.00,1.00
2015.11.09 16:53:38.201,0.86772,0.86784,1.50,1.00
2015.11.09 16:53:42.104,0.86772,0.86785,1.75,1.12
2015.11.09 16:53:43.825,0.86772,0.86785,2.25,1.37
2015.11.09 16:53:44.358,0.86775,0.86785,1.00,1.12
2015.11.09 16:53:44.884,0.86772,0.86786,2.25,2.25
2015.11.09 16:53:48.540,0.86772,0.86786,1.75,2.25
2015.11.09 16:53:50.153,0.86774,0.86784,1.00,1.00
2015.11.09 16:53:52.814,0.86772,0.86786,1.75,2.62
2015.11.09 16:53:52.917,0.86776,0.86787,1.00,3.37
2015.11.09 16:53:53.070,0.86776,0.86786,1.00,1.75
2015.11.09 16:53:54.467,0.86774,0.86786,1.00,1.87
2015.11.09 16:53:55.340,0.86774,0.86786,1.50,1.37
2015.11.09 16:53:55.441,0.86774,0.86786,1.75,1.00
2015.11.09 16:53:55.969,0.86774,0.86787,1.75,1.50
2015.11.09 16:53:56.492,0.86774,0.86786,1.75,1.00
2015.11.09 16:53:57.633,0.86772,0.86784,1.75,1.37
2015.11.09 16:53:58.153,0.86772,0.86782,1.75,1.00
2015.11.09 16:53:58.787,0.86772,0.86784,1.75,1.37
2015.11.09 16:54:00.518,0.86771,0.86784,1.87,2.25
2015.11.09 16:54:01.062,0.86771,0.86783,1.12,1.87
2015.11.09 16:54:02.273,0.86772,0.86782,1.00,1.12
2015.11.09 16:54:02.880,0.86771,0.86782,1.00,2.25
2015.11.09 16:54:02.931,0.86771,0.86776,1.00,1.00
2015.11.09 16:54:03.033,0.86765,0.86776,2.25,1.00
2015.11.09 16:54:03.185,0.86767,0.86776,1.00,1.00
2015.11.09 16:54:03.463,0.86764,0.86776,1.12,1.37
2015.11.09 16:54:03.767,0.86762,0.86773,1.00,1.87
2015.11.09 16:54:04.071,0.86759,0.8677,1.12,1.50
2015.11.09 16:54:04.173,0.86759,0.8677,1.37,1.87
2015.11.09 16:54:05.160,0.86759,0.8677,1.00,1.50
2015.11.09 16:54:05.262,0.86757,0.86769,1.50,2.25
2015.11.09 16:54:05.363,0.86756,0.86768,1.37,1.50
2015.11.09 16:54:05.465,0.86757,0.86768,1.00,3.37
2015.11.09 16:54:08.969,0.86754,0.86767,1.75,1.12
2015.11.09 16:54:09.275,0.86756,0.86769,2.25,1.87
2015.11.09 16:54:09.600,0.86757,0.86771,1.87,1.50
2015.11.09 16:54:09.956,0.8676,0.86771,1.00,1.50
2015.11.09 16:54:11.574,0.86758,0.86771,1.87,1.75
2015.11.09 16:54:11.676,0.86759,0.86773,1.75,1.37
2015.11.09 16:54:12.182,0.8676,0.86774,1.75,1.50
2015.11.09 16:54:13.078,0.86763,0.86773,1.00,1.00
2015.11.09 16:54:13.382,0.8676,0.86775,2.25,2.25
2015.11.09 16:54:13.686,0.86762,0.86772,1.12,1.00
2015.11.09 16:54:13.737,0.86761,0.86769,1.50,1.00
2015.11.09 16:54:13.789,0.86761,0.86765,1.00,1.00
2015.11.09 16:54:13.840,0.86752,0.86756,6.00,1.00
2015.11.09 16:54:14.073,0.8674,0.86745,1.50,1.37
2015.11.09 16:54:14.175,0.86736,0.86743,1.50,1.37
2015.11.09 16:54:14.277,0.86729,0.86743,2.25,2.25
2015.11.09 16:54:14.378,0.86729,0.86742,1.50,1.12
2015.11.09 16:54:14.886,0.86731,0.86741,1.00,1.00
2015.11.09 16:54:15.578,0.86732,0.86742,1.00,1.12
2015.11.09 16:54:15.782,0.86728,0.86741,1.12,1.12
2015.11.09 16:54:15.986,0.86728,0.86741,1.37,1.12
2015.11.09 16:54:16.290,0.86725,0.86739,1.87,1.12
2015.11.09 16:54:16.511,0.86725,0.86739,1.50,1.12
2015.11.09 16:54:18.749,0.86726,0.86739,1.00,1.12
2015.11.09 16:54:19.820,0.86726,0.86739,1.50,1.12
2015.11.09 16:54:20.388,0.86725,0.86739,1.87,1.12
2015.11.09 16:54:21.065,0.86727,0.8674,1.00,1.12
2015.11.09 16:54:21.574,0.86725,0.86738,1.87,1.12
2015.11.09 16:54:21.929,0.86725,0.86738,1.37,3.37
2015.11.09 16:54:21.980,0.86722,0.86734,1.50,1.37
2015.11.09 16:54:22.518,0.86721,0.86734,2.25,1.00
2015.11.09 16:54:23.029,0.8672,0.86733,2.62,1.00
2015.11.09 16:54:23.621,0.8672,0.86732,1.75,1.00
2015.11.09 16:54:24.155,0.86718,0.86733,1.75,1.12
2015.11.09 16:54:24.510,0.86718,0.86733,1.75,1.75
2015.11.09 16:54:24.914,0.86717,0.86733,1.12,1.75
2015.11.09 16:54:25.402,0.8672,0.86734,1.12,1.87
2015.11.09 16:54:25.706,0.8672,0.86734,1.12,1.37
2015.11.09 16:54:26.011,0.86721,0.86733,1.00,1.12
2015.11.09 16:54:26.214,0.8672,0.86734,1.87,1.87
2015.11.09 16:54:28.183,0.86719,0.86734,1.12,1.12
2015.11.09 16:54:28.506,0.86718,0.86733,1.50,1.75
2015.11.09 16:54:31.849,0.86719,0.86733,1.50,1.12
2015.11.09 16:54:33.322,0.86719,0.8673,1.87,1.00
2015.11.09 16:54:33.829,0.86721,0.86731,1.00,1.00
2015.11.09 16:54:34.421,0.86719,0.86734,1.75,1.12
2015.11.09 16:54:34.524,0.86721,0.86735,1.12,1.75
2015.11.09 16:54:35.814,0.86719,0.86733,1.87,1.50
2015.11.09 16:54:36.831,0.86719,0.86735,1.87,1.75
2015.11.09 16:54:37.522,0.86721,0.86732,1.00,1.00
2015.11.09 16:54:38.332,0.86719,0.86735,1.87,2.25
2015.11.09 16:54:39.743,0.86719,0.86735,1.87,2.25
2015.11.09 16:54:40.446,0.8672,0.86732,1.37,1.50
2015.11.09 16:54:40.548,0.86718,0.86732,1.87,2.25
2015.11.09 16:54:41.146,0.86719,0.86732,1.12,2.25
2015.11.09 16:54:43.135,0.86718,0.86732,1.12,3.00
2015.11.09 16:54:43.440,0.86717,0.8673,1.12,1.50
2015.11.09 16:54:43.947,0.86716,0.86728,1.37,1.50
2015.11.09 16:54:44.327,0.86712,0.86726,1.87,1.50
2015.11.09 16:54:44.380,0.86712,0.86724,1.50,1.75
2015.11.09 16:54:44.533,0.86712,0.86724,1.12,1.12
2015.11.09 16:54:44.634,0.86712,0.86727,2.25,1.00
2015.11.09 16:54:44.736,0.86714,0.86728,1.75,1.12
2015.11.09 16:54:45.261,0.86713,0.86728,3.00,2.25
2015.11.09 16:54:45.637,0.86713,0.86727,1.87,1.00
2015.11.09 16:54:45.941,0.86714,0.86727,1.12,1.37
2015.11.09 16:54:46.144,0.86713,0.86727,2.62,1.37
2015.11.09 16:54:46.195,0.86713,0.86724,1.12,1.37
2015.11.09 16:54:46.347,0.86713,0.86724,1.12,1.12
2015.11.09 16:54:46.398,0.86713,0.86721,1.12,1.37
2015.11.09 16:54:46.905,0.8671,0.86722,1.75,1.50
2015.11.09 16:54:47.240,0.86706,0.8672,1.87,1.12
2015.11.09 16:54:47.873,0.86703,0.86718,3.37,1.00
2015.11.09 16:54:50.784,0.86704,0.86718,3.75,1.00
2015.11.09 16:54:50.835,0.86708,0.8672,1.37,1.37
2015.11.09 16:54:51.039,0.86713,0.86723,1.00,1.00
2015.11.09 16:54:51.399,0.86713,0.86722,1.00,1.37
2015.11.09 16:54:51.450,0.8671,0.8672,1.00,1.00
2015.11.09 16:54:51.956,0.86704,0.86721,2.62,1.12
2015.11.09 16:54:52.750,0.86704,0.86721,2.62,1.12
2015.11.09 16:54:52.952,0.86705,0.8672,1.12,1.00
2015.11.09 16:54:54.335,0.86704,0.86719,2.25,1.37
2015.11.09 16:54:54.487,0.86704,0.86718,1.12,1.37
2015.11.09 16:54:54.538,0.86704,0.86715,1.12,1.37
2015.11.09 16:54:55.784,0.86706,0.86715,1.00,1.37
2015.11.09 16:54:56.453,0.86706,0.86714,1.00,1.37
2015.11.09 16:54:57.117,0.86706,0.86715,1.00,1.37
2015.11.09 16:55:00.167,0.86706,0.86716,1.00,1.12
2015.11.09 16:55:00.711,0.86705,0.86715,1.00,1.00
2015.11.09 16:55:03.050,0.86706,0.86717,2.25,1.75
2015.11.09 16:55:03.366,0.86708,0.86718,1.50,2.25
2015.11.09 16:55:05.164,0.86704,0.86717,1.75,2.25
2015.11.09 16:55:05.266,0.86704,0.86713,1.37,1.37
2015.11.09 16:55:05.317,0.86704,0.86713,1.12,1.50
2015.11.09 16:55:05.470,0.86698,0.8671,1.12,1.37
2015.11.09 16:55:05.520,0.86698,0.8671,1.37,1.87
2015.11.09 16:55:05.725,0.86701,0.86708,1.00,1.12
2015.11.09 16:55:05.928,0.86701,0.86709,1.00,1.87
2015.11.09 16:55:06.207,0.86702,0.86711,1.75,1.37
2015.11.09 16:55:06.513,0.86705,0.86714,1.75,2.62
2015.11.09 16:55:06.935,0.86705,0.86718,1.75,1.37
2015.11.09 16:55:07.620,0.86706,0.86718,1.12,1.00
2015.11.09 16:55:07.876,0.86702,0.8671,1.87,1.00
2015.11.09 16:55:07.927,0.86702,0.8671,1.87,1.00
2015.11.09 16:55:07.978,0.86702,0.86707,1.87,1.37
2015.11.09 16:55:08.131,0.86699,0.86708,1.00,1.87
2015.11.09 16:55:08.232,0.86697,0.86707,2.25,1.00
2015.11.09 16:55:08.385,0.86699,0.86712,1.12,1.75
2015.11.09 16:55:08.436,0.86699,0.86712,1.50,1.37
2015.11.09 16:55:08.588,0.86703,0.86712,1.00,1.00
2015.11.09 16:55:09.633,0.86703,0.8671,1.00,1.00
2015.11.09 16:55:10.414,0.867,0.86712,1.12,1.37
2015.11.09 16:55:12.632,0.867,0.86713,1.87,1.00
2015.11.09 16:55:13.147,0.86702,0.86714,1.12,1.00
2015.11.09 16:55:13.787,0.86701,0.86715,1.12,1.00
2015.11.09 16:55:14.331,0.86704,0.86717,2.25,1.00
2015.11.09 16:55:14.635,0.86713,0.86721,1.00,1.12
2015.11.09 16:55:15.237,0.86713,0.86722,1.00,1.12
2015.11.09 16:55:16.305,0.86708,0.86722,1.75,1.12
2015.11.09 16:55:16.600,0.86708,0.86717,1.00,1.00
2015.11.09 16:55:16.652,0.86703,0.86714,1.12,1.00
2015.11.09 16:55:16.805,0.86702,0.86713,1.75,1.00
2015.11.09 16:55:17.310,0.86702,0.86712,1.12,1.00
2015.11.09 16:55:17.841,0.86699,0.86712,1.75,1.00
2015.11.09 16:55:18.347,0.86698,0.86712,1.75,1.87
2015.11.09 16:55:18.915,0.86698,0.86712,3.00,1.00
2015.11.09 16:55:19.251,0.867,0.86713,1.75,1.37
2015.11.09 16:55:19.302,0.867,0.8671,1.75,1.00
2015.11.09 16:55:19.504,0.86697,0.86712,2.25,1.50
2015.11.09 16:55:19.555,0.86697,0.86712,2.25,1.87
2015.11.09 16:55:20.012,0.86696,0.86709,2.62,1.00
2015.11.09 16:55:21.514,0.86696,0.86709,1.87,1.12
2015.11.09 16:55:22.148,0.86696,0.86708,1.87,1.00
2015.11.09 16:55:23.362,0.86695,0.86709,1.12,1.50
2015.11.09 16:55:23.464,0.86695,0.86709,1.12,1.12
2015.11.09 16:55:24.000,0.86694,0.86709,1.75,3.37
2015.11.09 16:55:24.051,0.86694,0.86707,1.50,1.75
2015.11.09 16:55:24.355,0.86693,0.86704,1.12,1.12
2015.11.09 16:55:25.107,0.86694,0.86704,1.00,1.50
2015.11.09 16:55:26.129,0.86696,0.86706,1.37,1.50
2015.11.09 16:55:26.180,0.86697,0.86706,1.37,1.00
2015.11.09 16:55:26.231,0.86697,0.86709,1.37,1.12
2015.11.09 16:55:26.333,0.86697,0.8671,1.12,1.12
2015.11.09 16:55:26.602,0.867,0.8671,1.00,1.50
2015.11.09 16:55:26.653,0.86699,0.86707,1.00,1.00
2015.11.09 16:55:26.755,0.86691,0.86707,1.12,1.50
2015.11.09 16:55:26.806,0.86691,0.86705,1.12,1.37
2015.11.09 16:55:26.858,0.86691,0.86704,1.12,1.37
2015.11.09 16:55:30.271,0.86692,0.86702,1.12,1.12
2015.11.09 16:55:30.372,0.86694,0.86704,1.75,1.00
2015.11.09 16:55:30.525,0.86693,0.86707,1.75,1.50
2015.11.09 16:55:31.107,0.86692,0.86707,2.62,1.12
2015.11.09 16:55:31.613,0.86691,0.86707,3.75,1.37
2015.11.09 16:55:32.829,0.86697,0.86708,1.00,1.87
2015.11.09 16:55:33.335,0.86692,0.86705,1.87,1.37
2015.11.09 16:55:34.433,0.86692,0.86705,1.87,1.87
2015.11.09 16:55:36.357,0.86692,0.86705,1.87,1.50
2015.11.09 16:55:36.862,0.86692,0.86705,1.75,1.00
2015.11.09 16:55:38.158,0.86692,0.86706,1.75,1.50
2015.11.09 16:55:38.209,0.86694,0.86709,2.25,1.37
2015.11.09 16:55:38.716,0.86698,0.86709,1.50,1.00
2015.11.09 16:55:40.202,0.86698,0.86709,1.50,1.50
2015.11.09 16:55:40.737,0.86698,0.86709,1.50,1.00
2015.11.09 16:55:41.957,0.86698,0.86709,1.50,1.50
2015.11.09 16:55:42.746,0.86698,0.86709,1.50,1.00
2015.11.09 16:55:43.908,0.86698,0.86709,1.50,1.50
2015.11.09 16:55:44.279,0.86697,0.86707,1.00,1.00
2015.11.09 16:55:45.082,0.86696,0.86709,1.87,1.12
2015.11.09 16:55:45.487,0.86699,0.8671,1.37,1.37
2015.11.09 16:55:45.588,0.86697,0.86708,1.12,1.37
2015.11.09 16:55:46.045,0.86694,0.86709,1.87,1.12
2015.11.09 16:55:46.096,0.86694,0.86709,1.87,1.12
2015.11.09 16:55:46.597,0.86694,0.86709,1.12,1.87
2015.11.09 16:55:49.272,0.86695,0.86708,1.12,1.12
2015.11.09 16:55:51.198,0.86695,0.86708,1.00,2.62
2015.11.09 16:55:51.401,0.86692,0.86706,1.12,1.75
2015.11.09 16:55:51.503,0.86691,0.86706,1.50,2.62
2015.11.09 16:55:52.083,0.86689,0.86704,2.62,1.87
2015.11.09 16:55:52.184,0.86689,0.86704,1.87,1.12
2015.11.09 16:55:52.599,0.86689,0.86704,2.62,1.87
2015.11.09 16:55:52.904,0.86696,0.86707,1.37,1.00
2015.11.09 16:55:53.286,0.86701,0.8671,1.00,1.00
2015.11.09 16:55:53.502,0.86697,0.86711,1.50,1.12
2015.11.09 16:55:53.705,0.86695,0.86709,1.50,1.12
2015.11.09 16:55:53.807,0.86695,0.86708,1.37,1.12
2015.11.09 16:55:54.010,0.86694,0.86708,1.37,3.00
2015.11.09 16:55:54.212,0.86693,0.86707,2.25,1.75
2015.11.09 16:55:54.587,0.86697,0.86707,1.00,1.50
2015.11.09 16:55:54.909,0.86694,0.86708,2.62,1.37
2015.11.09 16:55:55.410,0.86696,0.8671,2.25,1.12
2015.11.09 16:55:55.716,0.86694,0.86707,1.37,2.62
2015.11.09 16:55:55.818,0.86694,0.86705,1.00,1.00
2015.11.09 16:55:56.018,0.86693,0.86703,1.00,1.00
2015.11.09 16:55:56.534,0.86692,0.86702,1.00,1.00
2015.11.09 16:55:57.891,0.86693,0.86703,1.00,1.00
2015.11.09 16:55:58.398,0.86692,0.86702,1.00,1.00
2015.11.09 16:55:59.597,0.86692,0.86705,2.25,1.75
2015.11.09 16:55:59.900,0.86693,0.86708,1.75,1.50
2015.11.09 16:56:01.423,0.86692,0.86706,2.62,1.00
2015.11.09 16:56:01.524,0.86692,0.86707,2.62,1.75
2015.11.09 16:56:02.227,0.86692,0.86707,2.62,2.25
2015.11.09 16:56:02.655,0.86692,0.86702,1.50,1.00
2015.11.09 16:56:02.706,0.86692,0.86702,1.12,1.12
2015.11.09 16:56:03.212,0.8669,0.86705,1.50,1.75
2015.11.09 16:56:05.391,0.86692,0.86703,1.00,1.50
2015.11.09 16:56:05.543,0.86692,0.86705,1.50,1.75
2015.11.09 16:56:06.645,0.86693,0.86707,1.50,1.12
2015.11.09 16:56:07.391,0.86694,0.86708,1.37,1.12
2015.11.09 16:56:07.847,0.86697,0.86709,1.37,1.75
2015.11.09 16:56:07.949,0.867,0.8671,1.00,1.87
2015.11.09 16:56:08.051,0.867,0.8671,1.87,1.12
2015.11.09 16:56:08.153,0.86702,0.86712,1.00,1.50
2015.11.09 16:56:08.356,0.86699,0.86714,1.12,1.12
2015.11.09 16:56:09.754,0.86702,0.86716,2.25,2.25
2015.11.09 16:56:10.169,0.86703,0.86715,1.87,1.37
2015.11.09 16:56:10.371,0.86703,0.86716,1.87,1.50
2015.11.09 16:56:10.968,0.86703,0.86716,1.37,2.25
2015.11.09 16:56:11.070,0.86703,0.86716,1.12,2.25
2015.11.09 16:56:11.576,0.86703,0.86713,1.37,1.37
2015.11.09 16:56:12.444,0.86703,0.86713,1.37,1.00
2015.11.09 16:56:13.759,0.86702,0.86713,1.50,1.12
2015.11.09 16:56:15.433,0.867,0.86713,1.12,1.37
2015.11.09 16:56:15.585,0.86701,0.86711,1.00,1.00
2015.11.09 16:56:16.155,0.867,0.86711,1.12,1.12
2015.11.09 16:56:16.260,0.867,0.86711,1.75,1.00
2015.11.09 16:56:16.788,0.867,0.86711,1.50,1.12
2015.11.09 16:56:23.465,0.867,0.86712,1.87,1.12
2015.11.09 16:56:23.970,0.867,0.86711,1.75,1.00
2015.11.09 16:56:24.072,0.867,0.86714,1.75,2.25
2015.11.09 16:56:24.698,0.867,0.8671,1.37,1.12
2015.11.09 16:56:25.053,0.867,0.86711,1.00,2.25
2015.11.09 16:56:25.206,0.86696,0.86709,1.37,1.37
2015.11.09 16:56:25.723,0.86695,0.86709,2.62,1.50
2015.11.09 16:56:28.055,0.86695,0.86705,1.12,1.00
2015.11.09 16:56:28.257,0.86694,0.86705,1.87,1.00
2015.11.09 16:56:29.040,0.86695,0.86706,1.00,1.12
2015.11.09 16:56:29.192,0.86695,0.86706,1.50,1.37
2015.11.09 16:56:30.427,0.86693,0.86704,1.87,1.00
2015.11.09 16:56:30.478,0.86695,0.86704,1.00,1.50
2015.11.09 16:56:31.087,0.86693,0.86704,1.87,1.12
2015.11.09 16:56:31.349,0.86696,0.86704,1.00,1.12
2015.11.09 16:56:31.652,0.86699,0.86712,1.75,1.87
2015.11.09 16:56:31.703,0.867,0.86712,1.12,1.12
2015.11.09 16:56:32.210,0.867,0.86712,1.12,1.50
2015.11.09 16:56:32.486,0.867,0.86711,1.12,2.25
2015.11.09 16:56:32.995,0.86704,0.86711,1.00,2.25
2015.11.09 16:56:33.685,0.86698,0.86711,1.12,3.75
2015.11.09 16:56:33.786,0.86701,0.86711,1.00,4.50
2015.11.09 16:56:34.093,0.867,0.86709,1.00,1.00
2015.11.09 16:56:37.728,0.86698,0.86706,1.50,3.00
2015.11.09 16:56:37.880,0.86693,0.86704,1.50,1.50
2015.11.09 16:56:37.981,0.86693,0.86704,1.12,1.87
2015.11.09 16:56:38.706,0.86693,0.86699,1.12,1.00
2015.11.09 16:56:39.029,0.86688,0.86698,1.75,1.00
2015.11.09 16:56:40.126,0.86688,0.86697,1.75,1.00
2015.11.09 16:56:40.888,0.86689,0.86698,1.75,1.00
2015.11.09 16:56:41.915,0.86689,0.86699,1.75,1.00
2015.11.09 16:56:42.878,0.86689,0.86698,1.75,1.00
2015.11.09 16:56:43.444,0.86689,0.86699,1.75,1.00
2015.11.09 16:56:44.483,0.86688,0.86697,1.75,1.00
2015.11.09 16:56:44.815,0.86686,0.86695,1.37,1.00
2015.11.09 16:56:45.336,0.86686,0.86695,1.00,1.00
2015.11.09 16:56:45.387,0.86686,0.86697,1.00,1.00
2015.11.09 16:56:45.641,0.86688,0.86699,1.00,1.37
2015.11.09 16:56:46.084,0.86688,0.86702,1.75,3.37
2015.11.09 16:56:46.236,0.86687,0.86702,1.37,3.37
2015.11.09 16:56:46.742,0.86687,0.867,1.37,1.75
2015.11.09 16:56:48.413,0.86687,0.86701,1.50,2.25
2015.11.09 16:56:48.464,0.86687,0.86701,1.75,2.25
2015.11.09 16:56:48.984,0.8669,0.867,1.00,1.00
2015.11.09 16:56:49.505,0.86689,0.86699,1.00,1.00
2015.11.09 16:56:49.809,0.86691,0.86699,1.00,1.00
2015.11.09 16:56:50.113,0.8669,0.86701,1.75,1.12
2015.11.09 16:56:50.316,0.8669,0.86701,1.12,1.50
2015.11.09 16:56:51.966,0.86691,0.86704,1.00,2.62
2015.11.09 16:56:52.525,0.86691,0.86704,1.00,1.75
2015.11.09 16:56:52.627,0.86691,0.86705,1.87,2.25
2015.11.09 16:56:52.729,0.86691,0.86705,3.37,1.12
2015.11.09 16:56:52.982,0.86694,0.86706,1.75,1.50
2015.11.09 16:56:53.493,0.86696,0.86706,1.00,1.50
2015.11.09 16:56:58.092,0.86695,0.86707,1.75,1.37
2015.11.09 16:56:58.143,0.86697,0.86708,1.50,1.50
2015.11.09 16:56:58.684,0.86694,0.86708,1.75,1.50
2015.11.09 16:56:59.190,0.86698,0.86709,1.00,1.87
2015.11.09 16:56:59.240,0.86698,0.86709,1.37,1.12
2015.11.09 16:56:59.342,0.86697,0.86711,1.87,1.12
2015.11.09 16:56:59.646,0.86699,0.86711,2.62,1.12
2015.11.09 16:57:00.579,0.86701,0.86712,1.00,1.00
2015.11.09 16:57:01.100,0.86701,0.86711,1.00,1.00
2015.11.09 16:57:01.624,0.86701,0.8671,1.00,1.00
2015.11.09 16:57:02.155,0.867,0.86709,1.00,1.12
2015.11.09 16:57:03.077,0.86698,0.86709,1.75,1.00
2015.11.09 16:57:03.666,0.86701,0.8671,1.00,1.12
2015.11.09 16:57:04.267,0.86702,0.86711,1.00,1.87
2015.11.09 16:57:04.773,0.86702,0.8671,1.00,1.00
2015.11.09 16:57:05.612,0.86705,0.86712,1.00,1.00
2015.11.09 16:57:06.119,0.86702,0.86714,1.12,1.00
2015.11.09 16:57:06.221,0.86705,0.86716,1.37,1.12
2015.11.09 16:57:06.425,0.86707,0.86718,1.00,1.50
2015.11.09 16:57:06.475,0.86706,0.86718,1.75,1.12
2015.11.09 16:57:06.577,0.86706,0.8672,1.75,2.62
2015.11.09 16:57:06.752,0.86708,0.86719,1.00,1.00
2015.11.09 16:57:07.288,0.86709,0.86719,1.00,1.00
2015.11.09 16:57:08.634,0.86708,0.86719,1.50,1.00
2015.11.09 16:57:09.191,0.86707,0.86718,1.37,1.00
2015.11.09 16:57:09.495,0.86706,0.86717,1.00,1.12
2015.11.09 16:57:10.801,0.86705,0.86716,1.37,1.00
2015.11.09 16:57:11.345,0.86704,0.86717,1.87,1.12
2015.11.09 16:57:12.001,0.86705,0.86716,1.50,1.00
2015.11.09 16:57:13.567,0.86705,0.86716,1.37,1.37
2015.11.09 16:57:13.620,0.86705,0.86715,1.12,1.50
2015.11.09 16:57:14.226,0.86704,0.86718,1.75,1.87
2015.11.09 16:57:14.378,0.86705,0.86718,1.12,1.12
2015.11.09 16:57:14.886,0.86705,0.86717,1.12,1.12
2015.11.09 16:57:15.822,0.86704,0.86717,1.12,1.50
2015.11.09 16:57:16.126,0.86706,0.86717,1.12,1.50
2015.11.09 16:57:16.661,0.86706,0.86717,1.37,1.12
2015.11.09 16:57:17.168,0.86706,0.86717,1.12,1.00
2015.11.09 16:57:17.755,0.86706,0.86718,1.12,1.12
2015.11.09 16:57:18.600,0.86707,0.86717,1.00,1.00
2015.11.09 16:57:19.622,0.86706,0.86719,1.75,1.50
2015.11.09 16:57:19.824,0.86708,0.8672,1.50,3.00
2015.11.09 16:57:19.926,0.8671,0.8672,1.00,3.00
2015.11.09 16:57:20.028,0.86707,0.86719,1.75,1.50
2015.11.09 16:57:20.722,0.86707,0.86717,1.00,1.50
2015.11.09 16:57:21.080,0.86707,0.86715,1.00,1.00
2015.11.09 16:57:21.624,0.86703,0.86714,1.75,1.00
2015.11.09 16:57:22.166,0.86702,0.86714,2.25,1.00
2015.11.09 16:57:23.540,0.86703,0.86713,1.87,1.00
2015.11.09 16:57:24.192,0.86703,0.86712,1.87,1.00
2015.11.09 16:57:24.548,0.86703,0.86712,1.12,1.00
2015.11.09 16:57:24.853,0.86703,0.86716,1.87,1.87
2015.11.09 16:57:25.666,0.86703,0.86715,1.12,1.00
2015.11.09 16:57:25.819,0.86702,0.86715,1.12,1.37
2015.11.09 16:57:26.021,0.86702,0.86714,1.12,1.50
2015.11.09 16:57:26.376,0.86702,0.86712,1.12,1.00
2015.11.09 16:57:26.943,0.86702,0.86714,1.12,1.37
2015.11.09 16:57:27.479,0.867,0.86712,1.12,1.00
2015.11.09 16:57:27.996,0.867,0.86711,1.12,1.00
2015.11.09 16:57:28.339,0.86698,0.86708,1.12,1.00
2015.11.09 16:57:28.542,0.867,0.86707,1.00,1.00
2015.11.09 16:57:29.555,0.86695,0.86707,1.12,1.00
2015.11.09 16:57:30.089,0.86697,0.86708,1.75,1.00
2015.11.09 16:57:30.241,0.86697,0.86708,1.37,1.50
2015.11.09 16:57:30.652,0.86698,0.86708,1.00,1.50
2015.11.09 16:57:31.132,0.86701,0.8671,1.00,1.87
2015.11.09 16:57:32.815,0.86701,0.86707,1.00,1.00
2015.11.09 16:57:32.866,0.86696,0.86706,1.75,1.00
2015.11.09 16:57:32.968,0.86695,0.86708,3.37,1.00
2015.11.09 16:57:33.273,0.86698,0.8671,1.12,1.00
2015.11.09 16:57:33.325,0.86698,0.8671,1.12,1.00
2015.11.09 16:57:33.863,0.86703,0.86711,1.00,1.50
2015.11.09 16:57:33.965,0.86703,0.86713,1.00,1.00
2015.11.09 16:57:34.472,0.86698,0.8671,1.87,1.12
2015.11.09 16:57:35.166,0.86697,0.86709,1.87,1.00
2015.11.09 16:57:35.462,0.86697,0.86709,1.87,1.00
2015.11.09 16:57:35.564,0.86697,0.86706,1.12,1.00
2015.11.09 16:57:35.665,0.86696,0.86706,1.12,1.00
2015.11.09 16:57:36.178,0.86695,0.86707,1.12,2.25
2015.11.09 16:57:36.844,0.86698,0.86707,1.50,1.50
2015.11.09 16:57:36.946,0.86698,0.86709,1.75,1.00
2015.11.09 16:57:37.475,0.86696,0.86709,1.87,1.00
2015.11.09 16:57:39.380,0.86698,0.86709,1.87,1.00
2015.11.09 16:57:39.912,0.86699,0.8671,1.75,1.00
2015.11.09 16:57:43.253,0.86701,0.8671,1.00,1.12
2015.11.09 16:57:43.786,0.86699,0.8671,1.50,1.12
2015.11.09 16:57:44.467,0.86699,0.86711,1.75,1.12
2015.11.09 16:57:45.010,0.86701,0.86711,1.50,1.00
2015.11.09 16:57:49.101,0.86701,0.8671,1.00,1.00
2015.11.09 16:57:49.407,0.86698,0.86707,1.12,1.00
2015.11.09 16:57:49.525,0.86702,0.86709,1.00,1.50
2015.11.09 16:57:50.383,0.86703,0.86709,1.00,1.50
2015.11.09 16:57:50.935,0.86698,0.8671,2.62,1.00
2015.11.09 16:57:51.506,0.86699,0.86711,1.12,1.50
2015.11.09 16:57:53.643,0.86698,0.8671,2.62,1.00
2015.11.09 16:57:54.514,0.86698,0.86709,1.87,1.00
2015.11.09 16:57:54.615,0.86698,0.86711,1.87,1.50
2015.11.09 16:57:55.151,0.86699,0.8671,1.12,1.00
2015.11.09 16:57:56.407,0.86699,0.8671,1.12,1.00
2015.11.09 16:57:57.777,0.86699,0.8671,1.12,1.00
2015.11.09 16:57:57.878,0.86699,0.8671,1.12,1.00
2015.11.09 16:57:58.485,0.867,0.8671,1.75,1.00
2015.11.09 16:57:59.369,0.867,0.8671,1.75,1.00
2015.11.09 16:57:59.676,0.86703,0.86712,1.37,1.00
2015.11.09 16:58:00.218,0.86703,0.86715,1.75,1.00
2015.11.09 16:58:00.574,0.86704,0.86715,1.87,1.00
2015.11.09 16:58:00.676,0.86705,0.86717,1.75,1.50
2015.11.09 16:58:01.189,0.86706,0.86715,1.50,1.00
2015.11.09 16:58:02.333,0.86705,0.86714,1.75,1.00
2015.11.09 16:58:03.320,0.86706,0.86715,1.50,1.00
2015.11.09 16:58:03.625,0.86709,0.86717,1.12,1.00
2015.11.09 16:58:03.677,0.86705,0.86717,1.12,1.00
2015.11.09 16:58:03.728,0.86709,0.86715,1.00,1.00
2015.11.09 16:58:03.830,0.86705,0.86718,1.87,1.37
2015.11.09 16:58:04.935,0.86705,0.86716,2.62,1.00
2015.11.09 16:58:05.442,0.86705,0.86716,1.87,1.00
2015.11.09 16:58:05.695,0.86705,0.86714,1.87,1.00
2015.11.09 16:58:07.246,0.86709,0.86713,1.00,1.00
2015.11.09 16:58:07.798,0.86704,0.86713,2.62,1.00
2015.11.09 16:58:08.299,0.86708,0.86712,1.00,1.00
2015.11.09 16:58:10.348,0.86704,0.86713,1.12,1.00
2015.11.09 16:58:10.859,0.86704,0.86714,1.75,1.00
2015.11.09 16:58:11.365,0.86704,0.86715,1.75,1.00
2015.11.09 16:58:11.861,0.86703,0.86713,2.62,1.00
2015.11.09 16:58:12.316,0.86703,0.86714,1.12,1.00
2015.11.09 16:58:14.172,0.86704,0.86713,1.50,1.00
2015.11.09 16:58:14.223,0.86704,0.86713,1.75,1.00
2015.11.09 16:58:14.876,0.86707,0.86717,1.00,1.50
2015.11.09 16:58:15.028,0.86704,0.86717,2.62,1.87
2015.11.09 16:58:15.350,0.86706,0.86715,1.12,1.00
2015.11.09 16:58:15.553,0.86706,0.86715,1.37,1.00
2015.11.09 16:58:18.613,0.86706,0.86716,1.37,1.00
2015.11.09 16:58:20.146,0.86705,0.86715,1.12,1.00
2015.11.09 16:58:20.558,0.86707,0.86717,1.00,2.25
2015.11.09 16:58:20.660,0.86705,0.86717,1.12,1.75
2015.11.09 16:58:20.964,0.86703,0.86709,1.37,1.00
2015.11.09 16:58:21.167,0.86697,0.86707,1.75,1.00
2015.11.09 16:58:21.654,0.86699,0.8671,1.00,1.50
2015.11.09 16:58:21.957,0.86698,0.86709,1.12,1.12
2015.11.09 16:58:22.362,0.86697,0.86709,1.12,1.50
2015.11.09 16:58:23.357,0.86697,0.86709,1.87,1.87
2015.11.09 16:58:25.062,0.86697,0.86707,1.87,1.00
2015.11.09 16:58:25.419,0.86698,0.86709,1.75,1.00
2015.11.09 16:58:25.925,0.86697,0.86711,1.12,1.50
2015.11.09 16:58:27.853,0.86697,0.86713,2.25,3.75
2015.11.09 16:58:28.373,0.86703,0.86713,1.00,1.50
2015.11.09 16:58:33.038,0.86703,0.86715,1.00,2.62
2015.11.09 16:58:37.146,0.867,0.86713,1.37,1.50
2015.11.09 16:58:40.113,0.86699,0.86712,1.75,1.00
2015.11.09 16:58:42.161,0.86699,0.86714,2.25,1.50
2015.11.09 16:58:46.289,0.86699,0.86712,2.25,1.00
2015.11.09 16:58:48.213,0.86699,0.86715,2.25,2.62
2015.11.09 16:58:50.995,0.86699,0.86715,2.25,2.62
2015.11.09 16:58:56.411,0.86701,0.86711,1.00,1.00
2015.11.09 16:58:56.714,0.86699,0.86713,2.25,1.50
2015.11.09 16:58:58.920,0.86703,0.86714,1.00,1.00
2015.11.09 16:58:59.021,0.86703,0.86716,1.12,1.50
2015.11.09 16:58:59.528,0.86703,0.86718,1.12,1.87
2015.11.09 16:58:59.831,0.86709,0.86719,1.50,1.00
2015.11.09 16:58:59.883,0.86711,0.86719,2.25,1.00
2015.11.09 16:59:00.142,0.86712,0.86725,1.75,1.50
2015.11.09 16:59:00.295,0.86712,0.86725,1.87,1.50
2015.11.09 16:59:00.921,0.86712,0.86726,1.87,1.87
2015.11.09 16:59:01.513,0.86712,0.86724,1.37,1.50
2015.11.09 16:59:02.289,0.86709,0.86721,1.12,1.75
2015.11.09 16:59:02.340,0.86708,0.8672,3.37,1.12
2015.11.09 16:59:02.391,0.86708,0.86718,3.00,1.75
2015.11.09 16:59:02.543,0.86703,0.86713,1.00,1.00
2015.11.09 16:59:03.015,0.86701,0.86712,1.50,1.37
2015.11.09 16:59:03.523,0.86699,0.86712,1.37,1.75
2015.11.09 16:59:03.726,0.86699,0.8671,1.12,1.12
2015.11.09 16:59:04.232,0.86697,0.86709,1.00,1.75
2015.11.09 16:59:04.781,0.86697,0.86709,1.00,1.75
2015.11.09 16:59:05.288,0.86696,0.86709,1.00,2.25
2015.11.09 16:59:05.935,0.86695,0.86709,1.00,2.25
2015.11.09 16:59:06.695,0.86695,0.86709,1.50,1.75
2015.11.09 16:59:07.058,0.86694,0.86708,1.12,2.25
2015.11.09 16:59:08.590,0.86694,0.86708,3.37,1.87
2015.11.09 16:59:08.996,0.86694,0.86709,2.62,2.62
2015.11.09 16:59:09.300,0.86694,0.86705,1.87,1.00
2015.11.09 16:59:09.705,0.86694,0.86708,3.37,1.75
2015.11.09 16:59:11.938,0.86695,0.86708,1.12,1.37
2015.11.09 16:59:12.449,0.86697,0.86707,1.00,1.00
2015.11.09 16:59:12.983,0.86694,0.86709,1.12,1.75
2015.11.09 16:59:13.372,0.86693,0.86708,1.75,1.87
2015.11.09 16:59:13.886,0.86692,0.86707,2.62,1.75
2015.11.09 16:59:15.608,0.86693,0.86706,1.12,1.12
2015.11.09 16:59:17.514,0.86694,0.86707,1.75,1.87
2015.11.09 16:59:19.055,0.86696,0.86707,1.00,1.37
2015.11.09 16:59:19.359,0.86685,0.86701,2.62,2.62
2015.11.09 16:59:19.607,0.86687,0.86698,1.00,1.00
2015.11.09 16:59:19.658,0.86685,0.867,1.50,1.75
2015.11.09 16:59:19.709,0.86685,0.86697,1.12,1.12
2015.11.09 16:59:19.963,0.86685,0.86697,1.12,1.75
2015.11.09 16:59:20.863,0.86684,0.86694,1.12,1.12
2015.11.09 16:59:21.405,0.86683,0.86695,1.87,1.50
2015.11.09 16:59:21.761,0.86683,0.86695,1.87,1.50
2015.11.09 16:59:22.267,0.86683,0.86695,2.25,1.12
2015.11.09 16:59:23.465,0.86683,0.86695,1.75,1.12
2015.11.09 16:59:24.831,0.86683,0.86695,1.50,1.50
2015.11.09 16:59:24.933,0.86685,0.86695,1.00,1.50
2015.11.09 16:59:31.627,0.86685,0.86693,1.00,1.00
2015.11.09 16:59:31.881,0.8668,0.86694,1.87,3.00
2015.11.09 16:59:32.885,0.8668,0.8669,2.62,1.00
2015.11.09 16:59:33.852,0.86681,0.86693,1.12,1.00
2015.11.09 16:59:34.390,0.86681,0.86694,1.75,1.12
2015.11.09 16:59:36.892,0.86683,0.86697,1.75,1.75
2015.11.09 16:59:36.994,0.86683,0.86697,1.75,1.12
2015.11.09 16:59:37.525,0.86685,0.86696,1.37,1.00
2015.11.09 16:59:39.004,0.86686,0.86697,1.00,1.12
2015.11.09 16:59:40.890,0.86685,0.86696,1.37,1.00
2015.11.09 16:59:43.922,0.86683,0.86695,1.12,1.00
2015.11.09 16:59:45.058,0.86684,0.86696,1.12,1.50
2015.11.09 16:59:46.688,0.86683,0.86695,1.12,1.00
2015.11.09 16:59:49.018,0.86683,0.86695,1.87,1.00
2015.11.09 16:59:51.390,0.86685,0.86695,1.00,1.12
2015.11.09 16:59:55.386,0.86684,0.86697,1.12,2.25
2015.11.09 16:59:56.530,0.86684,0.86695,1.37,1.50
2015.11.09 16:59:57.903,0.86684,0.86696,1.12,2.25
2015.11.09 16:59:59.829,0.86683,0.86696,1.87,1.50
