2017.06.22 19:00:00.143,0.83981,0.8399,1.00,1.00
2017.06.22 19:00:00.557,0.8398,0.83988,1.12,1.00
2017.06.22 19:00:00.762,0.83981,0.8399,1.00,1.00
2017.06.22 19:00:00.865,0.83981,0.8399,2.62,1.00
2017.06.22 19:00:01.225,0.8398,0.83986,3.75,1.00
2017.06.22 19:00:01.329,0.83977,0.83985,1.12,1.50
2017.06.22 19:00:01.381,0.83975,0.83984,2.62,1.00
2017.06.22 19:00:01.908,0.83976,0.83983,1.00,1.00
2017.06.22 19:00:01.960,0.83974,0.83982,2.44,1.00
2017.06.22 19:00:02.849,0.83974,0.83983,2.44,1.00
2017.06.22 19:00:03.406,0.83975,0.83983,1.50,1.00
2017.06.22 19:00:03.940,0.83974,0.83983,3.19,1.00
2017.06.22 19:00:04.452,0.83975,0.83984,1.00,1.00
2017.06.22 19:00:05.755,0.83974,0.83984,3.19,1.00
2017.06.22 19:00:06.399,0.83976,0.83984,1.00,1.00
2017.06.22 19:00:06.924,0.83977,0.83983,1.00,1.00
2017.06.22 19:00:08.378,0.83975,0.83983,1.00,1.00
2017.06.22 19:00:08.976,0.83976,0.83983,1.00,1.00
2017.06.22 19:00:10.079,0.83978,0.83983,1.00,1.00
2017.06.22 19:00:10.181,0.83976,0.83984,1.00,1.00
2017.06.22 19:00:12.208,0.83975,0.83984,1.00,1.50
2017.06.22 19:00:12.362,0.83975,0.83982,1.00,1.00
2017.06.22 19:00:12.777,0.83977,0.83984,1.00,1.00
2017.06.22 19:00:13.338,0.83978,0.83985,2.25,1.00
2017.06.22 19:00:13.842,0.83978,0.83984,1.00,1.00
2017.06.22 19:00:14.389,0.83977,0.83984,2.25,1.00
2017.06.22 19:00:15.548,0.83978,0.83982,1.50,1.00
2017.06.22 19:00:17.549,0.83975,0.83982,1.19,1.00
2017.06.22 19:00:18.073,0.83975,0.83982,1.25,1.00
2017.06.22 19:00:18.124,0.83975,0.83984,1.25,1.00
2017.06.22 19:00:19.774,0.83976,0.83984,1.00,1.00
2017.06.22 19:00:19.878,0.83978,0.83985,1.00,1.00
2017.06.22 19:00:21.058,0.83979,0.83985,1.00,1.00
2017.06.22 19:00:21.652,0.83978,0.83985,1.00,1.00
2017.06.22 19:00:23.376,0.83979,0.83985,1.00,1.00
2017.06.22 19:00:24.353,0.83978,0.83985,1.00,1.00
2017.06.22 19:00:26.191,0.83978,0.83987,1.00,1.00
2017.06.22 19:00:26.945,0.83979,0.83987,1.00,1.00
2017.06.22 19:00:33.432,0.83979,0.83985,1.00,1.00
2017.06.22 19:00:33.788,0.83978,0.83987,2.25,1.00
2017.06.22 19:00:34.416,0.83979,0.83986,1.00,1.00
2017.06.22 19:00:34.953,0.83978,0.83986,1.12,1.00
2017.06.22 19:00:35.779,0.83978,0.83987,1.12,1.00
2017.06.22 19:00:36.403,0.83979,0.83987,1.00,1.00
2017.06.22 19:00:39.743,0.83979,0.83986,1.00,1.00
2017.06.22 19:00:57.273,0.83978,0.83986,1.00,1.00
2017.06.22 19:00:58.488,0.83979,0.83986,1.00,1.00
2017.06.22 19:01:00.134,0.83978,0.83984,2.25,1.00
2017.06.22 19:01:00.643,0.83979,0.83985,1.00,1.00
2017.06.22 19:01:01.148,0.83979,0.83986,1.00,1.00
2017.06.22 19:01:01.601,0.83978,0.83984,1.50,1.00
2017.06.22 19:01:02.135,0.83979,0.83985,1.00,1.00
2017.06.22 19:01:03.120,0.83979,0.83984,1.00,1.00
2017.06.22 19:01:04.973,0.83978,0.83984,1.50,1.00
2017.06.22 19:01:05.024,0.83976,0.83983,1.00,1.00
2017.06.22 19:01:05.822,0.83975,0.83983,1.00,1.00
2017.06.22 19:01:08.469,0.83975,0.83982,1.00,1.00
2017.06.22 19:01:09.195,0.83974,0.83982,2.25,1.00
2017.06.22 19:01:09.298,0.83972,0.8398,1.50,1.00
2017.06.22 19:01:09.835,0.83972,0.83979,1.50,1.00
2017.06.22 19:01:10.346,0.83973,0.83979,1.00,1.00
2017.06.22 19:01:11.635,0.83972,0.83979,2.25,1.00
2017.06.22 19:01:14.505,0.83971,0.83979,1.50,1.00
2017.06.22 19:01:16.524,0.83972,0.83978,1.50,1.00
2017.06.22 19:01:16.831,0.83971,0.83976,1.50,1.00
2017.06.22 19:01:16.933,0.83971,0.83978,1.50,1.00
2017.06.22 19:01:17.036,0.83967,0.83974,3.37,1.00
2017.06.22 19:01:17.241,0.83967,0.83976,1.00,1.00
2017.06.22 19:01:18.135,0.83967,0.83974,2.25,1.00
2017.06.22 19:01:18.705,0.83966,0.83973,1.00,1.00
2017.06.22 19:01:18.808,0.83963,0.83972,3.75,1.00
2017.06.22 19:01:18.961,0.83963,0.8397,2.25,1.00
2017.06.22 19:01:20.743,0.83964,0.8397,1.50,1.00
2017.06.22 19:01:20.845,0.83964,0.83972,2.25,1.00
2017.06.22 19:01:21.799,0.83963,0.83972,2.25,1.00
2017.06.22 19:01:22.974,0.83963,0.83971,1.00,1.00
2017.06.22 19:01:23.594,0.83962,0.8397,1.00,1.00
2017.06.22 19:01:24.323,0.83961,0.8397,1.00,1.00
2017.06.22 19:01:26.439,0.83963,0.8397,1.00,1.00
2017.06.22 19:01:26.962,0.83962,0.83971,1.00,1.12
2017.06.22 19:01:27.736,0.83962,0.83969,1.00,1.00
2017.06.22 19:01:28.467,0.83962,0.8397,1.00,1.00
2017.06.22 19:01:28.996,0.8396,0.83968,1.50,1.50
2017.06.22 19:01:29.304,0.83959,0.83966,1.00,1.00
2017.06.22 19:01:29.851,0.83958,0.83966,1.00,1.00
2017.06.22 19:01:30.543,0.83958,0.83965,1.00,1.00
2017.06.22 19:01:31.056,0.83959,0.83965,1.00,1.00
2017.06.22 19:01:31.671,0.83959,0.83966,1.00,1.00
2017.06.22 19:01:31.978,0.83961,0.83967,1.00,1.00
2017.06.22 19:01:32.184,0.83959,0.83967,1.00,1.00
2017.06.22 19:01:33.399,0.83958,0.83967,1.00,1.00
2017.06.22 19:01:34.172,0.83959,0.83967,1.00,1.00
2017.06.22 19:01:34.682,0.83961,0.83967,1.00,1.00
2017.06.22 19:01:35.253,0.83961,0.83968,1.00,1.00
2017.06.22 19:01:35.789,0.83961,0.83967,1.00,1.00
2017.06.22 19:01:39.135,0.83959,0.83966,1.00,1.00
2017.06.22 19:01:43.478,0.83957,0.83966,1.87,1.00
2017.06.22 19:01:44.567,0.83957,0.83965,1.00,1.00
2017.06.22 19:01:45.188,0.83957,0.83966,1.00,1.00
2017.06.22 19:01:46.063,0.83958,0.83966,1.00,1.00
2017.06.22 19:01:47.065,0.83959,0.83966,1.00,1.00
2017.06.22 19:01:48.344,0.83959,0.83968,1.00,1.00
2017.06.22 19:01:52.088,0.83957,0.83966,2.25,1.00
2017.06.22 19:01:52.608,0.83956,0.83966,1.00,1.00
2017.06.22 19:01:53.266,0.83957,0.83966,1.00,1.00
2017.06.22 19:01:54.101,0.83958,0.83967,1.00,1.12
2017.06.22 19:01:54.782,0.83958,0.83968,1.00,1.00
2017.06.22 19:01:55.548,0.83959,0.83968,1.00,1.00
2017.06.22 19:01:55.632,0.83957,0.83968,1.00,1.50
2017.06.22 19:01:55.684,0.83957,0.83966,1.00,1.00
2017.06.22 19:01:56.261,0.83957,0.83967,1.50,1.00
2017.06.22 19:01:56.364,0.8396,0.8397,1.00,1.50
2017.06.22 19:01:56.589,0.83961,0.83973,2.62,1.50
2017.06.22 19:01:57.371,0.83962,0.83973,1.00,1.50
2017.06.22 19:01:58.504,0.83963,0.83973,1.00,1.00
2017.06.22 19:01:59.180,0.83963,0.83972,1.00,1.00
2017.06.22 19:02:00.316,0.83962,0.83972,1.87,1.00
2017.06.22 19:02:01.893,0.83963,0.83972,1.00,1.00
2017.06.22 19:02:04.159,0.83964,0.83974,1.00,1.50
2017.06.22 19:02:04.683,0.83964,0.83974,1.00,1.37
2017.06.22 19:02:05.228,0.83965,0.83975,1.00,1.50
2017.06.22 19:02:05.279,0.83965,0.83975,1.00,1.50
2017.06.22 19:02:07.890,0.83964,0.83973,1.00,1.00
2017.06.22 19:02:10.129,0.83965,0.83974,1.00,1.00
2017.06.22 19:02:10.826,0.83965,0.83975,1.00,1.50
2017.06.22 19:02:12.839,0.83965,0.83974,1.00,1.00
2017.06.22 19:02:19.178,0.83965,0.83975,1.00,1.00
2017.06.22 19:02:20.800,0.83965,0.83974,1.00,1.00
2017.06.22 19:02:22.770,0.83964,0.83974,2.25,1.00
2017.06.22 19:02:23.382,0.83966,0.83974,1.00,1.00
2017.06.22 19:02:23.915,0.83966,0.83975,1.00,1.00
2017.06.22 19:02:27.236,0.83966,0.83974,1.12,1.00
2017.06.22 19:02:27.793,0.83964,0.83974,3.00,1.00
2017.06.22 19:02:28.308,0.83964,0.83973,1.50,1.00
2017.06.22 19:02:28.854,0.83965,0.83974,1.12,1.50
2017.06.22 19:02:29.543,0.83965,0.83973,1.12,1.00
2017.06.22 19:02:30.099,0.83966,0.83973,1.00,1.00
2017.06.22 19:02:30.150,0.83966,0.83975,1.00,1.87
2017.06.22 19:02:30.695,0.83965,0.83974,1.12,1.00
2017.06.22 19:02:32.469,0.83965,0.83975,1.00,1.00
2017.06.22 19:02:32.985,0.83965,0.83976,1.12,1.50
2017.06.22 19:02:33.503,0.83965,0.83976,1.37,1.50
2017.06.22 19:02:35.247,0.83966,0.83975,1.12,1.00
2017.06.22 19:02:36.393,0.83966,0.83975,1.37,1.00
2017.06.22 19:02:36.940,0.83967,0.83976,1.37,1.00
2017.06.22 19:02:37.561,0.83967,0.83975,1.37,1.00
2017.06.22 19:02:38.169,0.83967,0.83975,1.00,1.00
2017.06.22 19:02:41.941,0.83967,0.83976,1.00,1.00
2017.06.22 19:02:44.105,0.83968,0.83978,1.12,1.50
2017.06.22 19:02:45.074,0.83967,0.83978,1.87,1.50
2017.06.22 19:02:45.204,0.83966,0.83976,3.00,1.00
2017.06.22 19:02:52.616,0.83969,0.83979,1.00,1.75
2017.06.22 19:02:52.857,0.83969,0.83979,1.87,1.12
2017.06.22 19:02:53.220,0.8397,0.8398,1.37,1.50
2017.06.22 19:02:53.322,0.83972,0.83982,1.00,1.50
2017.06.22 19:02:53.629,0.83974,0.83982,1.00,1.00
2017.06.22 19:02:54.252,0.83974,0.83983,1.00,1.50
2017.06.22 19:03:01.721,0.83973,0.83982,1.00,1.50
2017.06.22 19:03:05.979,0.83976,0.83984,1.00,3.19
2017.06.22 19:03:10.533,0.83976,0.83982,1.00,1.00
2017.06.22 19:03:11.066,0.83976,0.83982,1.00,1.50
2017.06.22 19:03:11.574,0.83976,0.83982,1.00,1.00
2017.06.22 19:03:12.539,0.83975,0.83982,1.00,1.69
2017.06.22 19:03:13.227,0.83975,0.83982,1.00,1.69
2017.06.22 19:03:19.782,0.83974,0.83982,1.00,1.69
2017.06.22 19:03:30.157,0.83973,0.83981,1.00,1.69
2017.06.22 19:03:30.807,0.83973,0.83981,1.00,4.31
2017.06.22 19:03:33.714,0.83972,0.83981,1.00,1.69
2017.06.22 19:03:40.161,0.83973,0.83981,1.00,1.69
2017.06.22 19:03:41.422,0.83972,0.83981,1.50,1.69
2017.06.22 19:03:44.046,0.83971,0.83979,1.00,1.12
2017.06.22 19:03:46.929,0.8397,0.83975,1.00,1.00
2017.06.22 19:03:47.088,0.83969,0.83977,1.00,1.12
2017.06.22 19:03:48.015,0.83969,0.83976,1.00,1.00
2017.06.22 19:03:48.519,0.83968,0.83976,1.00,1.00
2017.06.22 19:03:49.302,0.83968,0.83976,1.00,3.37
2017.06.22 19:03:49.818,0.83967,0.83976,1.00,3.37
2017.06.22 19:03:50.338,0.83968,0.83976,1.00,3.37
2017.06.22 19:03:50.845,0.83967,0.83975,1.00,1.50
2017.06.22 19:03:51.355,0.83966,0.83974,1.00,1.00
2017.06.22 19:03:52.277,0.83967,0.83974,1.00,1.00
2017.06.22 19:03:54.580,0.83968,0.83974,1.00,1.00
2017.06.22 19:03:55.090,0.83968,0.83973,1.00,1.00
2017.06.22 19:03:55.747,0.83968,0.83974,1.00,1.12
2017.06.22 19:03:57.014,0.83968,0.83973,1.00,1.00
2017.06.22 19:03:57.066,0.83966,0.83973,1.00,1.00
2017.06.22 19:03:57.593,0.83966,0.83974,1.00,4.12
2017.06.22 19:03:58.122,0.83966,0.83974,1.00,1.50
2017.06.22 19:03:58.224,0.83966,0.83973,1.00,3.00
2017.06.22 19:03:59.227,0.83965,0.83973,1.00,3.37
2017.06.22 19:03:59.886,0.83965,0.83972,1.00,1.00
2017.06.22 19:04:00.003,0.83965,0.83974,1.00,1.12
2017.06.22 19:04:00.525,0.83966,0.83973,1.00,1.00
2017.06.22 19:04:00.577,0.83964,0.83973,1.00,1.00
2017.06.22 19:04:01.262,0.83963,0.83972,1.00,1.00
2017.06.22 19:04:01.854,0.83963,0.83971,1.00,1.00
2017.06.22 19:04:02.366,0.83963,0.83973,1.00,1.87
2017.06.22 19:04:02.417,0.83965,0.83973,1.00,1.87
2017.06.22 19:04:03.460,0.83964,0.83973,1.00,1.69
2017.06.22 19:04:03.767,0.83964,0.83972,1.00,2.44
2017.06.22 19:04:05.667,0.83964,0.83973,1.50,1.50
2017.06.22 19:04:06.315,0.83964,0.83973,1.50,1.12
2017.06.22 19:04:07.619,0.83964,0.83971,1.00,1.00
2017.06.22 19:04:07.977,0.83966,0.83974,1.00,1.69
2017.06.22 19:04:09.488,0.83966,0.83975,1.00,1.94
2017.06.22 19:04:10.028,0.83967,0.83976,1.00,1.69
2017.06.22 19:04:10.327,0.83965,0.83973,1.00,1.00
2017.06.22 19:04:10.378,0.83965,0.83972,1.00,1.37
2017.06.22 19:04:12.249,0.83966,0.83974,1.00,5.06
2017.06.22 19:04:12.402,0.83966,0.83973,1.00,1.25
2017.06.22 19:04:12.896,0.83966,0.83973,1.00,3.56
2017.06.22 19:04:14.453,0.83965,0.83973,1.00,3.56
2017.06.22 19:04:17.301,0.83965,0.83973,1.00,1.25
2017.06.22 19:04:18.519,0.83965,0.83975,1.00,2.44
2017.06.22 19:04:19.229,0.83965,0.83975,1.00,4.31
2017.06.22 19:04:20.405,0.83965,0.83974,1.00,1.12
2017.06.22 19:04:24.134,0.83965,0.83973,1.00,1.00
2017.06.22 19:04:25.531,0.83965,0.83974,1.00,1.50
2017.06.22 19:04:25.998,0.83965,0.83972,1.00,1.00
2017.06.22 19:04:26.379,0.83964,0.83974,1.50,1.00
2017.06.22 19:04:27.769,0.83964,0.83975,1.87,1.12
2017.06.22 19:04:27.821,0.83966,0.83975,1.00,1.12
2017.06.22 19:04:28.126,0.83964,0.83974,1.87,1.19
2017.06.22 19:04:28.608,0.83966,0.83974,1.00,1.19
2017.06.22 19:04:29.165,0.83964,0.83974,1.12,1.19
2017.06.22 19:04:29.217,0.83966,0.83974,1.00,1.19
2017.06.22 19:04:34.423,0.83966,0.83976,1.00,3.19
2017.06.22 19:04:35.304,0.83966,0.83976,1.12,1.69
2017.06.22 19:04:36.144,0.83968,0.83976,1.00,1.19
2017.06.22 19:04:36.659,0.83968,0.83977,1.00,3.94
2017.06.22 19:04:47.481,0.83967,0.83975,1.00,1.19
2017.06.22 19:04:51.383,0.83967,0.83975,1.00,1.19
2017.06.22 19:04:51.892,0.83966,0.83975,1.00,1.31
2017.06.22 19:04:54.234,0.83965,0.83972,1.00,1.19
2017.06.22 19:04:58.050,0.83965,0.83972,1.00,1.00
2017.06.22 19:04:58.560,0.83965,0.83974,1.00,1.19
2017.06.22 19:05:00.248,0.83964,0.83973,1.00,1.25
2017.06.22 19:05:02.076,0.83965,0.83973,1.00,1.25
2017.06.22 19:05:02.283,0.83966,0.83975,1.00,1.00
2017.06.22 19:05:02.540,0.83966,0.83972,1.00,1.00
2017.06.22 19:05:02.963,0.83966,0.83975,1.00,1.50
2017.06.22 19:05:03.516,0.83966,0.83975,1.00,1.12
2017.06.22 19:05:04.173,0.83966,0.83974,1.00,1.12
2017.06.22 19:05:04.815,0.83965,0.83974,1.00,1.12
2017.06.22 19:05:06.580,0.83965,0.83972,1.00,1.00
2017.06.22 19:05:07.117,0.83966,0.83973,1.00,1.19
2017.06.22 19:05:07.637,0.83965,0.83973,1.00,1.19
2017.06.22 19:05:08.490,0.83962,0.83972,1.00,1.25
2017.06.22 19:05:08.841,0.83962,0.8397,1.00,1.25
2017.06.22 19:05:09.383,0.83961,0.83969,1.00,1.00
2017.06.22 19:05:10.164,0.83959,0.83968,1.00,1.00
2017.06.22 19:05:10.216,0.83957,0.83966,1.12,1.25
2017.06.22 19:05:10.524,0.83956,0.83965,1.00,1.37
2017.06.22 19:05:11.104,0.83956,0.83965,1.12,1.00
2017.06.22 19:05:11.612,0.83955,0.83965,1.12,1.19
2017.06.22 19:05:11.920,0.83957,0.83967,1.12,2.06
2017.06.22 19:05:12.426,0.83958,0.83967,1.00,1.31
2017.06.22 19:05:13.191,0.83957,0.83967,1.00,2.06
2017.06.22 19:05:13.701,0.83957,0.83965,1.00,1.12
2017.06.22 19:05:15.929,0.83956,0.83965,1.00,1.00
2017.06.22 19:05:16.235,0.83955,0.83963,1.12,1.00
2017.06.22 19:05:17.224,0.83955,0.83965,1.00,1.25
2017.06.22 19:05:17.327,0.83956,0.83962,1.00,1.00
2017.06.22 19:05:17.833,0.83955,0.83962,1.00,1.00
2017.06.22 19:05:18.427,0.83955,0.83964,1.00,1.25
2017.06.22 19:05:19.414,0.83955,0.83963,1.00,1.00
2017.06.22 19:05:19.992,0.83955,0.83964,1.00,1.31
2017.06.22 19:05:20.805,0.83956,0.83965,1.00,2.06
2017.06.22 19:05:21.346,0.83955,0.83964,1.00,1.50
2017.06.22 19:05:21.887,0.83954,0.83963,1.00,1.00
2017.06.22 19:05:22.451,0.83955,0.83963,1.00,1.00
2017.06.22 19:05:23.676,0.83955,0.83964,1.00,1.12
2017.06.22 19:05:24.280,0.83955,0.83963,1.00,1.00
2017.06.22 19:05:24.817,0.83954,0.83963,1.00,1.00
2017.06.22 19:05:25.435,0.83954,0.83964,1.00,1.12
2017.06.22 19:05:26.396,0.83954,0.83963,1.12,1.00
2017.06.22 19:05:28.152,0.83954,0.83962,1.87,1.00
2017.06.22 19:05:29.440,0.83954,0.83963,1.37,1.25
2017.06.22 19:05:30.463,0.83954,0.83963,1.12,1.25
2017.06.22 19:05:31.038,0.83954,0.83962,1.12,1.00
2017.06.22 19:05:34.859,0.83953,0.83964,1.87,1.31
2017.06.22 19:05:35.412,0.83953,0.83964,2.25,1.12
2017.06.22 19:05:35.781,0.83955,0.83965,1.37,1.50
2017.06.22 19:05:36.317,0.83955,0.83965,1.00,1.00
2017.06.22 19:05:37.063,0.83955,0.83965,1.37,1.00
2017.06.22 19:05:37.707,0.83955,0.83965,1.00,1.25
2017.06.22 19:05:37.810,0.83955,0.83963,1.50,1.00
2017.06.22 19:05:38.811,0.83955,0.83965,1.00,1.25
2017.06.22 19:05:39.010,0.83955,0.83963,1.50,1.00
2017.06.22 19:05:40.707,0.83955,0.83964,1.12,1.00
2017.06.22 19:05:42.869,0.83954,0.83965,1.87,1.25
2017.06.22 19:05:43.267,0.83953,0.83963,1.50,1.00
2017.06.22 19:05:46.681,0.83954,0.83964,1.00,1.31
2017.06.22 19:05:48.259,0.83954,0.83962,1.50,1.00
2017.06.22 19:05:51.727,0.83954,0.83964,1.00,1.31
2017.06.22 19:05:52.367,0.83956,0.83966,1.00,3.94
2017.06.22 19:05:52.520,0.83957,0.83966,1.00,1.69
2017.06.22 19:05:53.708,0.83958,0.83966,1.00,1.12
2017.06.22 19:05:58.749,0.83958,0.83965,1.00,1.00
2017.06.22 19:06:00.652,0.83957,0.83965,1.00,1.00
2017.06.22 19:06:02.496,0.83957,0.83966,1.00,1.25
2017.06.22 19:06:03.021,0.83958,0.83966,1.00,1.25
2017.06.22 19:06:10.340,0.83957,0.83967,1.00,1.31
2017.06.22 19:06:10.896,0.83957,0.83965,1.00,1.00
2017.06.22 19:06:11.504,0.83957,0.83966,1.00,1.25
2017.06.22 19:06:12.379,0.83957,0.83965,1.00,1.00
2017.06.22 19:06:12.431,0.8396,0.83967,1.50,1.12
2017.06.22 19:06:12.636,0.83962,0.83971,1.00,1.19
2017.06.22 19:06:13.540,0.83962,0.8397,1.87,1.25
2017.06.22 19:06:13.642,0.83961,0.83971,1.00,1.19
2017.06.22 19:06:14.222,0.83962,0.83971,1.00,1.19
2017.06.22 19:06:14.727,0.83963,0.8397,1.00,1.25
2017.06.22 19:06:16.991,0.83963,0.83971,1.00,1.00
2017.06.22 19:06:17.044,0.83965,0.83973,1.00,1.19
2017.06.22 19:06:18.423,0.83966,0.83973,1.00,1.19
2017.06.22 19:06:22.624,0.83965,0.83973,1.00,1.19
2017.06.22 19:06:23.553,0.83966,0.83973,1.00,1.19
2017.06.22 19:06:24.689,0.83964,0.83973,1.00,1.19
2017.06.22 19:06:27.135,0.83963,0.83973,1.00,1.19
2017.06.22 19:06:27.643,0.83964,0.83973,1.00,1.19
2017.06.22 19:06:28.832,0.83962,0.83973,1.50,1.19
2017.06.22 19:06:34.221,0.83962,0.83971,1.00,1.00
2017.06.22 19:06:35.347,0.83961,0.83971,1.50,1.50
2017.06.22 19:06:35.398,0.83961,0.8397,1.00,2.06
2017.06.22 19:06:35.995,0.8396,0.83969,1.12,1.19
2017.06.22 19:06:36.459,0.83962,0.8397,1.00,1.69
2017.06.22 19:06:37.233,0.83959,0.8397,2.62,1.69
2017.06.22 19:06:38.129,0.8396,0.83971,1.37,2.44
2017.06.22 19:06:38.745,0.8396,0.83971,1.12,2.44
2017.06.22 19:06:39.295,0.8396,0.83971,1.37,2.44
2017.06.22 19:06:39.867,0.8396,0.83971,1.12,2.44
2017.06.22 19:06:40.795,0.83961,0.83969,1.00,1.19
2017.06.22 19:06:41.345,0.83959,0.83969,2.25,1.19
2017.06.22 19:06:41.924,0.83959,0.83969,2.25,1.69
2017.06.22 19:06:42.145,0.83959,0.83969,2.25,1.69
2017.06.22 19:06:42.435,0.83959,0.83969,2.25,1.69
2017.06.22 19:06:42.982,0.83959,0.83969,2.25,1.69
2017.06.22 19:06:43.585,0.83959,0.83969,1.50,1.69
2017.06.22 19:06:44.017,0.83957,0.83964,1.12,1.00
2017.06.22 19:06:44.120,0.83956,0.83965,1.12,1.50
2017.06.22 19:06:45.125,0.83957,0.83965,1.00,1.00
2017.06.22 19:06:45.882,0.83957,0.83965,1.37,1.00
2017.06.22 19:06:46.742,0.83957,0.83965,1.00,1.00
2017.06.22 19:06:47.500,0.83957,0.83965,1.37,1.00
2017.06.22 19:06:48.003,0.83957,0.83965,1.12,1.00
2017.06.22 19:06:48.535,0.83957,0.83965,1.37,1.00
2017.06.22 19:06:49.047,0.83957,0.83965,1.00,1.00
2017.06.22 19:06:50.116,0.83957,0.83968,1.12,2.06
2017.06.22 19:06:50.659,0.83957,0.83968,1.37,2.06
2017.06.22 19:06:51.078,0.8396,0.83969,1.00,1.69
2017.06.22 19:06:51.442,0.83961,0.83969,1.12,1.00
2017.06.22 19:06:52.084,0.8396,0.83969,1.00,1.50
2017.06.22 19:06:52.660,0.83958,0.83968,3.00,1.00
2017.06.22 19:06:53.255,0.83957,0.83968,1.50,1.50
2017.06.22 19:06:55.558,0.83957,0.83967,1.12,1.00
2017.06.22 19:06:55.661,0.8396,0.83967,1.00,1.00
2017.06.22 19:06:55.974,0.83959,0.83965,1.00,1.00
2017.06.22 19:06:56.787,0.83957,0.83965,1.00,1.00
2017.06.22 19:07:00.045,0.83958,0.83966,1.00,1.69
2017.06.22 19:07:00.560,0.83958,0.83965,1.00,1.00
2017.06.22 19:07:01.098,0.83957,0.83966,1.00,1.69
2017.06.22 19:07:01.601,0.83958,0.83966,1.12,1.25
2017.06.22 19:07:02.149,0.83957,0.83965,1.00,1.00
2017.06.22 19:07:02.687,0.83957,0.83966,1.00,1.69
2017.06.22 19:07:03.294,0.83957,0.83965,1.00,1.00
2017.06.22 19:07:06.412,0.83955,0.83965,2.25,1.50
2017.06.22 19:07:07.996,0.83956,0.83965,1.00,1.50
2017.06.22 19:07:09.453,0.83955,0.83965,1.87,1.50
2017.06.22 19:07:13.479,0.83957,0.83967,1.00,1.00
2017.06.22 19:07:13.787,0.83959,0.83969,1.00,1.69
2017.06.22 19:07:14.377,0.83959,0.8397,2.25,1.19
2017.06.22 19:07:15.560,0.83959,0.8397,2.25,1.25
2017.06.22 19:07:16.165,0.83961,0.83971,1.12,1.50
2017.06.22 19:07:32.444,0.8396,0.83971,2.25,1.00
2017.06.22 19:07:35.615,0.8396,0.83969,1.87,1.00
2017.06.22 19:07:54.712,0.83961,0.83969,1.00,1.00
2017.06.22 19:07:54.763,0.83961,0.83972,1.50,1.50
2017.06.22 19:07:55.277,0.83962,0.83973,2.25,1.00
2017.06.22 19:07:55.861,0.83963,0.83974,1.12,1.50
2017.06.22 19:07:56.770,0.83961,0.83972,2.62,1.00
2017.06.22 19:07:57.271,0.83962,0.83972,1.12,1.50
2017.06.22 19:07:57.874,0.83963,0.83972,1.00,1.00
2017.06.22 19:07:58.977,0.83963,0.83972,1.37,1.00
2017.06.22 19:08:00.245,0.83961,0.83972,2.62,1.50
2017.06.22 19:08:00.780,0.83961,0.83972,2.25,1.50
2017.06.22 19:08:00.831,0.83961,0.8397,1.50,1.00
2017.06.22 19:08:01.526,0.83961,0.83971,1.50,1.00
2017.06.22 19:08:02.306,0.83961,0.83972,1.50,1.50
2017.06.22 19:08:03.057,0.83961,0.83972,1.50,1.50
2017.06.22 19:08:04.242,0.83961,0.83971,3.00,1.00
2017.06.22 19:08:04.799,0.83962,0.83972,1.00,1.00
2017.06.22 19:08:05.382,0.83961,0.83972,3.37,1.00
2017.06.22 19:08:08.070,0.83962,0.83973,1.50,1.50
2017.06.22 19:08:09.899,0.83962,0.83973,1.50,1.50
2017.06.22 19:08:10.441,0.83961,0.83972,4.12,1.00
2017.06.22 19:08:13.536,0.83964,0.83973,1.12,1.50
2017.06.22 19:08:13.905,0.83964,0.83973,2.62,1.00
2017.06.22 19:08:14.439,0.83965,0.83974,1.50,1.50
2017.06.22 19:08:24.445,0.83964,0.83975,1.87,1.50
2017.06.22 19:08:24.755,0.83964,0.83973,2.62,1.00
2017.06.22 19:08:26.344,0.83965,0.83973,1.00,1.00
2017.06.22 19:08:27.508,0.83965,0.83974,1.00,1.00
2017.06.22 19:08:30.117,0.83963,0.83973,3.00,1.00
2017.06.22 19:08:30.653,0.83964,0.83972,1.50,1.00
2017.06.22 19:08:31.442,0.83965,0.83975,1.00,1.50
2017.06.22 19:08:32.294,0.83965,0.83974,1.00,1.00
2017.06.22 19:08:34.446,0.83965,0.83974,1.37,1.00
2017.06.22 19:08:36.405,0.83965,0.83974,1.12,1.00
2017.06.22 19:08:47.733,0.83965,0.83975,1.37,1.00
2017.06.22 19:08:48.240,0.83965,0.83973,1.00,1.00
2017.06.22 19:08:48.395,0.83963,0.83973,1.00,1.25
2017.06.22 19:08:49.030,0.83962,0.83973,2.25,1.00
2017.06.22 19:08:49.541,0.83963,0.83973,1.00,1.00
2017.06.22 19:08:51.957,0.83963,0.83973,1.00,1.19
2017.06.22 19:08:53.155,0.83963,0.83971,1.00,1.00
2017.06.22 19:08:53.714,0.83963,0.83972,1.00,1.00
2017.06.22 19:09:01.727,0.83963,0.83971,1.00,1.00
2017.06.22 19:09:01.929,0.8396,0.83971,2.25,1.00
2017.06.22 19:09:02.033,0.8396,0.83969,1.00,1.00
2017.06.22 19:09:02.355,0.83962,0.83971,1.00,1.19
2017.06.22 19:09:04.049,0.83961,0.83969,1.00,1.00
2017.06.22 19:09:04.583,0.83961,0.8397,2.25,1.25
2017.06.22 19:09:05.188,0.8396,0.8397,1.87,1.25
2017.06.22 19:09:05.865,0.83961,0.83971,1.00,1.19
2017.06.22 19:09:10.691,0.83961,0.83972,1.87,1.19
2017.06.22 19:09:11.411,0.83965,0.83974,1.87,1.00
2017.06.22 19:09:11.718,0.83967,0.83977,1.37,1.25
2017.06.22 19:09:14.461,0.83968,0.83977,1.50,1.25
2017.06.22 19:09:15.232,0.83968,0.83977,1.50,1.25
2017.06.22 19:09:15.751,0.83968,0.83977,1.50,1.25
2017.06.22 19:09:17.926,0.83967,0.83978,3.75,1.69
2017.06.22 19:09:27.744,0.83968,0.83977,1.50,1.25
2017.06.22 19:09:28.051,0.83966,0.83975,1.00,1.50
2017.06.22 19:09:28.944,0.83965,0.83975,1.75,1.25
2017.06.22 19:09:29.674,0.83966,0.83976,1.00,1.31
2017.06.22 19:09:30.222,0.83965,0.83976,2.25,1.31
2017.06.22 19:09:30.834,0.83966,0.83975,1.00,1.25
2017.06.22 19:09:30.994,0.83964,0.83974,1.87,2.06
2017.06.22 19:09:31.763,0.83963,0.83974,2.62,2.06
2017.06.22 19:09:32.717,0.83964,0.83973,1.50,1.25
2017.06.22 19:09:33.254,0.83964,0.83973,2.62,1.25
2017.06.22 19:09:33.791,0.83964,0.83973,1.50,1.25
2017.06.22 19:09:38.712,0.83963,0.83971,1.50,1.00
2017.06.22 19:09:39.337,0.83962,0.83971,1.37,1.19
2017.06.22 19:09:39.886,0.83961,0.8397,1.87,1.25
2017.06.22 19:09:46.565,0.83959,0.83968,1.00,1.00
2017.06.22 19:09:47.125,0.8396,0.83969,1.12,1.12
2017.06.22 19:09:52.234,0.83959,0.8397,1.12,1.62
2017.06.22 19:09:52.438,0.83959,0.83969,1.00,2.06
2017.06.22 19:09:54.950,0.83958,0.83969,1.12,2.06
2017.06.22 19:09:55.886,0.83958,0.83965,1.00,1.00
2017.06.22 19:09:57.952,0.83958,0.83966,1.00,1.00
2017.06.22 19:09:59.153,0.83958,0.83965,1.00,1.00
2017.06.22 19:10:07.850,0.83958,0.83966,1.00,1.00
2017.06.22 19:10:09.261,0.83958,0.83964,1.00,1.00
2017.06.22 19:10:16.158,0.83958,0.83963,1.00,1.00
2017.06.22 19:10:17.211,0.83957,0.83963,1.50,1.00
2017.06.22 19:10:17.661,0.83959,0.83963,1.00,1.00
2017.06.22 19:10:19.195,0.83958,0.83963,1.00,1.00
2017.06.22 19:10:20.085,0.83961,0.83968,1.00,1.00
2017.06.22 19:10:20.678,0.83961,0.83969,1.12,1.00
2017.06.22 19:10:21.238,0.8396,0.83969,1.12,1.00
2017.06.22 19:10:21.769,0.83961,0.83968,1.50,1.00
2017.06.22 19:10:22.930,0.83961,0.83968,1.50,1.00
2017.06.22 19:10:24.006,0.83961,0.83968,1.12,1.00
2017.06.22 19:10:24.837,0.83962,0.83968,1.00,1.00
2017.06.22 19:10:28.382,0.83962,0.83969,1.00,1.00
2017.06.22 19:10:28.484,0.8396,0.83969,1.00,1.00
2017.06.22 19:10:29.095,0.83962,0.83969,1.00,1.00
2017.06.22 19:10:30.122,0.83961,0.83969,1.12,1.00
2017.06.22 19:10:31.248,0.83959,0.83967,1.87,1.00
2017.06.22 19:10:33.248,0.83959,0.83967,2.62,1.00
2017.06.22 19:10:34.049,0.8396,0.83968,1.50,1.00
2017.06.22 19:10:43.051,0.83959,0.83968,2.25,1.00
2017.06.22 19:10:44.544,0.83959,0.83968,3.00,1.50
2017.06.22 19:10:44.858,0.83959,0.83966,1.00,1.00
2017.06.22 19:10:45.465,0.83958,0.83966,2.25,1.00
2017.06.22 19:10:45.972,0.83957,0.83966,2.25,1.00
2017.06.22 19:10:47.430,0.83957,0.83965,1.12,1.00
2017.06.22 19:10:48.628,0.83956,0.83964,1.00,1.00
2017.06.22 19:10:48.970,0.83955,0.83962,1.37,1.00
2017.06.22 19:10:49.540,0.83955,0.83962,1.00,1.00
2017.06.22 19:10:50.314,0.83955,0.83962,1.37,1.00
2017.06.22 19:10:50.924,0.83955,0.83962,1.12,1.00
2017.06.22 19:10:52.678,0.83957,0.83962,1.00,1.00
2017.06.22 19:10:53.188,0.83956,0.83963,1.00,1.00
2017.06.22 19:10:53.900,0.83954,0.83962,2.62,1.00
2017.06.22 19:10:54.664,0.83959,0.83966,1.00,1.12
2017.06.22 19:10:54.923,0.83957,0.83965,1.00,1.00
2017.06.22 19:10:54.975,0.83956,0.83962,1.00,1.00
2017.06.22 19:10:55.483,0.83955,0.83961,1.00,1.00
2017.06.22 19:10:56.088,0.83954,0.83961,2.25,1.00
2017.06.22 19:10:57.090,0.83955,0.83961,1.00,1.00
2017.06.22 19:10:58.092,0.83954,0.83961,1.50,1.00
2017.06.22 19:10:59.392,0.83954,0.8396,1.50,1.00
2017.06.22 19:10:59.443,0.83952,0.8396,1.12,1.00
2017.06.22 19:11:00.086,0.83953,0.8396,1.00,1.00
2017.06.22 19:11:00.137,0.83955,0.83963,1.00,1.50
2017.06.22 19:11:00.189,0.83957,0.83963,1.00,1.50
2017.06.22 19:11:00.740,0.83958,0.83964,1.00,1.00
2017.06.22 19:11:01.586,0.83959,0.83964,1.00,1.00
2017.06.22 19:11:02.131,0.83958,0.83965,1.00,1.00
2017.06.22 19:11:04.343,0.83957,0.83965,1.00,1.00
2017.06.22 19:11:04.893,0.83958,0.83965,1.00,1.00
2017.06.22 19:11:06.797,0.83961,0.83968,1.50,1.00
2017.06.22 19:11:06.849,0.83961,0.8397,1.50,1.00
2017.06.22 19:11:07.403,0.83962,0.83969,1.00,1.00
2017.06.22 19:11:07.455,0.83962,0.83971,1.00,1.00
2017.06.22 19:11:07.982,0.83962,0.8397,1.50,1.00
2017.06.22 19:11:08.660,0.83961,0.83968,1.37,1.00
2017.06.22 19:11:08.763,0.83958,0.83965,1.00,1.00
2017.06.22 19:11:09.458,0.83958,0.83966,1.00,1.00
2017.06.22 19:11:09.998,0.83957,0.83965,1.00,1.00
2017.06.22 19:11:11.331,0.83958,0.83965,1.00,1.00
2017.06.22 19:11:13.132,0.83959,0.83965,1.00,1.00
2017.06.22 19:11:13.285,0.83959,0.83967,1.00,1.00
2017.06.22 19:11:13.453,0.83957,0.83965,1.00,1.00
2017.06.22 19:11:14.526,0.83957,0.83964,1.00,1.00
2017.06.22 19:11:22.987,0.83957,0.83965,1.00,1.00
2017.06.22 19:11:26.143,0.83956,0.83965,1.00,1.00
2017.06.22 19:11:26.653,0.83956,0.83964,1.00,1.00
2017.06.22 19:11:27.170,0.83955,0.83964,1.12,1.00
2017.06.22 19:11:29.829,0.83956,0.83964,1.00,1.00
2017.06.22 19:11:30.284,0.83957,0.83966,1.00,1.00
2017.06.22 19:11:30.336,0.83959,0.83966,1.00,1.00
2017.06.22 19:11:33.302,0.83957,0.83965,1.00,1.00
2017.06.22 19:11:33.911,0.83957,0.83964,1.00,1.00
2017.06.22 19:11:35.336,0.83958,0.83966,1.00,1.00
2017.06.22 19:11:35.590,0.8396,0.83965,1.00,1.00
2017.06.22 19:11:36.140,0.83958,0.83966,1.00,1.00
2017.06.22 19:11:36.874,0.83958,0.83965,1.00,1.00
2017.06.22 19:11:37.390,0.83957,0.83965,1.00,1.00
2017.06.22 19:11:39.432,0.83959,0.83965,1.00,1.00
2017.06.22 19:11:42.852,0.83958,0.83965,1.00,1.00
2017.06.22 19:11:42.955,0.83956,0.83966,1.50,1.00
2017.06.22 19:11:43.006,0.83956,0.83964,1.50,1.00
2017.06.22 19:11:44.859,0.83956,0.83965,1.12,1.00
2017.06.22 19:11:45.970,0.83956,0.83964,1.00,1.00
2017.06.22 19:11:46.479,0.83954,0.83964,3.00,1.00
2017.06.22 19:11:47.135,0.83956,0.83964,1.00,1.00
2017.06.22 19:11:50.487,0.83955,0.83964,1.50,1.50
2017.06.22 19:11:54.581,0.83954,0.83963,1.12,1.00
2017.06.22 19:11:55.087,0.83954,0.83962,1.12,1.00
2017.06.22 19:11:56.190,0.83954,0.83963,1.50,1.00
2017.06.22 19:11:57.173,0.83953,0.83962,1.75,1.00
2017.06.22 19:11:57.683,0.83955,0.83963,1.00,1.00
2017.06.22 19:11:58.213,0.83953,0.83963,1.87,1.00
2017.06.22 19:11:59.142,0.83954,0.83963,1.12,1.00
2017.06.22 19:12:02.142,0.83954,0.83962,1.00,1.00
2017.06.22 19:12:02.648,0.83954,0.83961,1.00,1.00
2017.06.22 19:12:03.184,0.83953,0.83961,1.00,1.00
2017.06.22 19:12:04.174,0.83952,0.83962,1.12,1.00
2017.06.22 19:12:04.677,0.83953,0.83962,1.00,1.00
2017.06.22 19:12:08.242,0.83953,0.83962,1.37,1.00
2017.06.22 19:12:08.918,0.83953,0.83963,1.37,1.00
2017.06.22 19:12:15.239,0.83954,0.83964,1.12,1.69
2017.06.22 19:12:15.756,0.83955,0.83964,1.50,1.00
2017.06.22 19:12:16.447,0.83957,0.83964,1.00,1.00
2017.06.22 19:12:17.019,0.83957,0.83963,1.00,1.00
2017.06.22 19:12:17.603,0.83957,0.83965,1.00,1.69
2017.06.22 19:12:18.474,0.83957,0.83963,1.00,1.00
2017.06.22 19:12:18.780,0.83957,0.83965,1.00,1.00
2017.06.22 19:12:20.773,0.83956,0.83965,1.00,1.00
2017.06.22 19:12:22.412,0.83957,0.83965,1.37,1.00
2017.06.22 19:12:24.205,0.83957,0.83965,1.12,1.00
2017.06.22 19:12:24.724,0.83957,0.83966,1.12,1.25
2017.06.22 19:12:25.840,0.83958,0.83966,1.00,1.69
2017.06.22 19:12:26.383,0.83956,0.83966,1.37,1.69
2017.06.22 19:12:28.187,0.83955,0.83965,2.62,1.25
2017.06.22 19:12:37.188,0.83955,0.83965,2.62,1.69
2017.06.22 19:12:37.758,0.83955,0.83965,2.62,1.50
2017.06.22 19:12:39.547,0.83955,0.83963,2.25,1.00
2017.06.22 19:12:40.069,0.83953,0.83963,1.62,1.00
2017.06.22 19:12:40.594,0.83954,0.83962,1.12,1.00
2017.06.22 19:12:43.597,0.83953,0.83962,1.31,1.00
2017.06.22 19:12:44.164,0.83952,0.83961,1.37,1.00
2017.06.22 19:12:44.675,0.83953,0.83962,1.00,1.50
2017.06.22 19:12:45.388,0.83953,0.83961,1.00,1.00
2017.06.22 19:12:46.234,0.83954,0.83962,1.00,1.50
2017.06.22 19:12:47.282,0.83954,0.83963,1.69,1.00
2017.06.22 19:12:48.263,0.83953,0.83963,1.31,1.00
2017.06.22 19:12:48.979,0.83954,0.83963,1.00,1.00
2017.06.22 19:12:49.692,0.83955,0.83963,1.00,1.50
2017.06.22 19:12:50.297,0.83955,0.83961,1.00,1.00
2017.06.22 19:12:50.885,0.83954,0.83962,1.25,1.00
2017.06.22 19:12:52.816,0.83956,0.83964,1.25,1.00
2017.06.22 19:12:53.605,0.83956,0.83965,1.19,1.00
2017.06.22 19:12:54.573,0.83958,0.83965,1.00,1.00
2017.06.22 19:12:55.421,0.83958,0.83967,1.00,1.50
2017.06.22 19:12:55.781,0.83959,0.83969,1.25,1.12
2017.06.22 19:12:56.575,0.83958,0.83968,1.31,1.00
2017.06.22 19:12:57.088,0.83958,0.83967,1.00,1.00
2017.06.22 19:12:59.531,0.83958,0.83965,1.00,1.00
2017.06.22 19:13:03.745,0.83958,0.83967,1.25,1.00
2017.06.22 19:13:04.724,0.83959,0.83967,1.00,1.50
2017.06.22 19:13:05.739,0.83958,0.83967,1.25,1.00
2017.06.22 19:13:08.273,0.83958,0.83968,1.25,1.00
2017.06.22 19:13:08.324,0.8396,0.83968,1.00,1.00
2017.06.22 19:13:09.308,0.83958,0.83968,1.25,1.50
2017.06.22 19:13:09.572,0.8396,0.83968,1.00,1.50
2017.06.22 19:13:10.343,0.83959,0.83967,1.00,1.00
2017.06.22 19:13:10.868,0.83958,0.83967,1.25,1.00
2017.06.22 19:13:11.294,0.8396,0.83967,1.00,1.00
2017.06.22 19:13:13.386,0.83961,0.8397,1.00,1.00
2017.06.22 19:13:14.023,0.83961,0.8397,1.19,1.00
2017.06.22 19:13:14.661,0.83963,0.8397,1.00,1.00
2017.06.22 19:13:15.387,0.83961,0.83969,1.00,1.00
2017.06.22 19:13:15.929,0.83959,0.8397,1.12,1.00
2017.06.22 19:13:16.031,0.83962,0.83971,1.00,2.62
2017.06.22 19:13:16.342,0.83957,0.83965,1.25,1.00
2017.06.22 19:13:16.445,0.83954,0.83964,1.00,1.37
2017.06.22 19:13:17.013,0.83954,0.83964,2.62,1.00
2017.06.22 19:13:17.715,0.83955,0.83965,1.50,1.12
2017.06.22 19:13:17.767,0.83957,0.83966,1.00,2.25
2017.06.22 19:13:18.425,0.83957,0.83966,1.00,1.50
2017.06.22 19:13:19.805,0.83957,0.83967,1.00,1.12
2017.06.22 19:13:20.320,0.83957,0.83966,1.00,1.00
2017.06.22 19:13:20.873,0.83956,0.83967,1.12,1.87
2017.06.22 19:13:21.223,0.83959,0.83967,1.00,1.00
2017.06.22 19:13:22.220,0.83956,0.83966,1.00,2.25
2017.06.22 19:13:23.421,0.83951,0.83961,2.81,1.00
2017.06.22 19:13:23.705,0.83953,0.83963,1.25,2.25
2017.06.22 19:13:24.313,0.83953,0.83961,1.25,1.00
2017.06.22 19:13:25.154,0.83954,0.83963,1.00,4.12
2017.06.22 19:13:25.444,0.83952,0.83962,2.44,2.25
2017.06.22 19:13:26.008,0.83951,0.83961,2.06,1.00
2017.06.22 19:13:26.775,0.83951,0.83959,1.19,1.00
2017.06.22 19:13:26.878,0.83949,0.8396,1.19,3.37
2017.06.22 19:13:27.388,0.83949,0.8396,1.19,3.00
2017.06.22 19:13:27.887,0.8395,0.83958,1.25,1.00
2017.06.22 19:13:28.197,0.83947,0.83956,1.19,1.00
2017.06.22 19:13:29.088,0.83947,0.83957,1.69,1.87
2017.06.22 19:13:29.925,0.83947,0.83956,1.19,1.00
2017.06.22 19:13:30.419,0.83946,0.83954,1.69,1.00
2017.06.22 19:13:31.081,0.83946,0.83956,1.69,1.50
2017.06.22 19:13:32.084,0.83946,0.83954,1.69,1.00
2017.06.22 19:13:34.264,0.83946,0.83954,1.25,1.00
2017.06.22 19:13:35.314,0.83946,0.83955,1.25,1.00
2017.06.22 19:13:35.912,0.83946,0.83955,1.19,1.00
2017.06.22 19:13:41.629,0.83946,0.83956,1.19,2.62
2017.06.22 19:13:44.542,0.83946,0.83955,1.19,1.00
2017.06.22 19:13:45.226,0.83945,0.83954,1.19,1.00
2017.06.22 19:13:46.585,0.83946,0.83955,1.25,1.50
2017.06.22 19:13:47.317,0.83946,0.83954,1.00,1.00
2017.06.22 19:13:47.864,0.83945,0.83954,1.25,1.00
2017.06.22 19:13:51.305,0.83944,0.83954,1.31,1.00
2017.06.22 19:13:51.808,0.83944,0.83955,1.31,1.00
2017.06.22 19:13:52.268,0.83945,0.83953,1.00,1.00
2017.06.22 19:13:52.839,0.83945,0.83949,1.00,1.00
2017.06.22 19:13:52.946,0.83942,0.83948,2.25,1.00
2017.06.22 19:13:52.998,0.83938,0.83948,1.00,1.87
2017.06.22 19:13:53.154,0.8394,0.83948,1.00,2.25
2017.06.22 19:13:53.698,0.83941,0.83948,1.00,1.00
2017.06.22 19:13:54.159,0.83939,0.83949,1.50,1.50
2017.06.22 19:13:54.210,0.83942,0.83948,1.00,1.50
2017.06.22 19:13:54.364,0.8394,0.83948,1.87,1.50
2017.06.22 19:13:54.870,0.83941,0.83949,1.12,1.50
2017.06.22 19:13:55.297,0.83941,0.83952,1.12,1.00
2017.06.22 19:13:56.179,0.83941,0.83951,1.12,1.00
2017.06.22 19:13:57.146,0.83941,0.83952,1.12,1.00
2017.06.22 19:13:57.819,0.83941,0.8395,1.87,1.00
2017.06.22 19:13:58.820,0.83941,0.83951,1.87,1.00
2017.06.22 19:14:05.035,0.83941,0.83951,1.87,2.62
2017.06.22 19:14:07.829,0.83943,0.83951,1.00,1.37
2017.06.22 19:14:12.560,0.83942,0.8395,1.50,1.12
2017.06.22 19:14:12.891,0.83939,0.83949,1.00,1.37
2017.06.22 19:14:13.502,0.8394,0.83949,1.00,1.37
2017.06.22 19:14:14.006,0.83939,0.83948,1.00,1.12
2017.06.22 19:14:16.209,0.83939,0.83947,1.00,1.00
2017.06.22 19:14:16.750,0.83938,0.83947,1.87,1.00
2017.06.22 19:14:20.337,0.8394,0.83948,1.00,1.19
2017.06.22 19:14:20.857,0.83941,0.83948,1.00,1.00
2017.06.22 19:14:21.386,0.83941,0.83949,1.50,1.25
2017.06.22 19:14:22.886,0.8394,0.83951,2.25,1.25
2017.06.22 19:14:22.938,0.83946,0.83954,1.00,4.87
2017.06.22 19:14:23.040,0.83948,0.83957,1.50,2.06
2017.06.22 19:14:23.091,0.8395,0.83957,1.00,2.25
2017.06.22 19:14:23.297,0.83951,0.83959,1.00,1.00
2017.06.22 19:14:25.172,0.83951,0.8396,1.00,1.25
2017.06.22 19:14:26.186,0.83951,0.8396,1.00,1.69
2017.06.22 19:14:26.915,0.8395,0.8396,1.50,1.69
2017.06.22 19:14:27.489,0.83951,0.8396,1.00,1.69
2017.06.22 19:14:29.090,0.83953,0.83962,1.50,2.25
2017.06.22 19:14:29.141,0.83954,0.83962,1.00,1.00
2017.06.22 19:14:29.244,0.83955,0.83964,1.00,1.25
2017.06.22 19:14:29.347,0.83958,0.83965,1.00,1.19
2017.06.22 19:14:29.400,0.83956,0.83965,1.00,1.69
2017.06.22 19:14:31.550,0.83956,0.83964,1.87,1.00
2017.06.22 19:14:32.094,0.83957,0.83966,1.00,1.00
2017.06.22 19:14:32.717,0.83958,0.83966,1.00,1.00
2017.06.22 19:14:33.250,0.83958,0.83967,1.00,1.31
2017.06.22 19:14:38.666,0.83958,0.83966,1.00,1.00
2017.06.22 19:14:39.181,0.83959,0.83966,1.00,1.25
2017.06.22 19:14:41.011,0.83957,0.83966,1.50,1.25
2017.06.22 19:14:50.146,0.83958,0.83966,1.00,1.00
2017.06.22 19:14:52.149,0.83958,0.83967,1.00,1.00
2017.06.22 19:14:58.236,0.83958,0.83966,1.00,1.00
2017.06.22 19:14:59.957,0.83959,0.83967,1.00,1.00
2017.06.22 19:15:00.774,0.83959,0.83965,1.00,1.00
2017.06.22 19:15:00.928,0.83959,0.83967,1.00,1.50
2017.06.22 19:15:02.350,0.83959,0.83966,1.00,1.00
2017.06.22 19:15:04.364,0.83959,0.83968,1.00,1.87
2017.06.22 19:15:08.620,0.83959,0.83966,1.00,1.00
2017.06.22 19:15:09.229,0.83958,0.83966,1.50,1.50
2017.06.22 19:15:09.653,0.8396,0.83966,1.00,1.00
2017.06.22 19:15:10.188,0.8396,0.83967,1.00,1.00
2017.06.22 19:15:11.641,0.8396,0.83968,1.00,1.87
2017.06.22 19:15:12.199,0.8396,0.83967,1.00,1.00
2017.06.22 19:15:13.449,0.8396,0.83968,1.00,1.87
2017.06.22 19:15:14.271,0.83958,0.83966,1.12,1.00
2017.06.22 19:15:16.306,0.83957,0.83966,1.12,1.50
2017.06.22 19:15:16.769,0.83957,0.83964,1.12,1.00
2017.06.22 19:15:17.321,0.83956,0.83965,1.00,1.50
2017.06.22 19:15:24.687,0.83956,0.83964,1.00,1.00
2017.06.22 19:15:25.511,0.83956,0.83965,1.00,1.50
2017.06.22 19:15:32.501,0.83958,0.83966,1.00,1.00
2017.06.22 19:15:33.118,0.83958,0.83967,1.00,1.50
2017.06.22 19:15:36.640,0.83959,0.83968,1.00,2.25
2017.06.22 19:15:41.856,0.83959,0.83966,1.00,1.00
2017.06.22 19:15:42.185,0.83957,0.83963,1.00,1.50
2017.06.22 19:15:42.645,0.83955,0.83962,1.00,1.00
2017.06.22 19:15:43.165,0.83953,0.83961,1.50,1.00
2017.06.22 19:15:43.681,0.83953,0.83962,1.00,1.00
2017.06.22 19:15:44.340,0.83953,0.83961,1.00,1.00
2017.06.22 19:15:44.938,0.83953,0.83962,1.00,1.50
2017.06.22 19:15:45.603,0.83953,0.8396,1.00,1.00
2017.06.22 19:15:46.204,0.83954,0.8396,1.00,1.00
2017.06.22 19:15:47.891,0.83954,0.83962,1.00,1.50
2017.06.22 19:15:49.748,0.83954,0.8396,1.00,1.00
2017.06.22 19:15:50.976,0.83954,0.83961,1.00,1.00
2017.06.22 19:15:51.441,0.83952,0.83961,1.00,1.50
2017.06.22 19:15:52.454,0.83954,0.83961,1.00,1.50
2017.06.22 19:15:53.057,0.83954,0.8396,1.00,1.00
2017.06.22 19:15:54.846,0.83954,0.83961,1.00,1.00
2017.06.22 19:15:56.900,0.83954,0.8396,1.00,1.00
2017.06.22 19:16:02.332,0.83952,0.8396,1.50,1.00
2017.06.22 19:16:02.435,0.83951,0.83958,1.00,1.00
2017.06.22 19:16:02.538,0.83951,0.8396,1.00,1.50
2017.06.22 19:16:03.554,0.83952,0.8396,1.00,1.00
2017.06.22 19:16:06.192,0.83953,0.83961,1.00,1.00
2017.06.22 19:16:07.150,0.83954,0.83961,1.00,1.50
2017.06.22 19:16:07.667,0.83954,0.83962,1.00,1.00
2017.06.22 19:16:08.358,0.83954,0.83963,1.00,1.12
2017.06.22 19:16:09.064,0.83954,0.83964,1.00,1.87
2017.06.22 19:16:09.692,0.83955,0.83964,1.00,1.50
2017.06.22 19:16:10.803,0.83957,0.83964,1.00,1.00
2017.06.22 19:16:11.312,0.83958,0.83965,1.00,1.00
2017.06.22 19:16:11.364,0.83958,0.83967,1.00,1.50
2017.06.22 19:16:12.323,0.83958,0.83966,1.00,1.00
2017.06.22 19:16:15.647,0.83956,0.83964,1.00,1.00
2017.06.22 19:16:17.556,0.83956,0.83963,1.00,1.00
2017.06.22 19:16:18.111,0.83955,0.83964,1.00,1.12
2017.06.22 19:16:24.065,0.83955,0.83963,1.00,1.00
2017.06.22 19:16:25.057,0.83955,0.83964,1.00,1.12
2017.06.22 19:16:25.834,0.83954,0.83962,1.50,1.00
2017.06.22 19:16:26.061,0.83954,0.83964,1.50,1.12
2017.06.22 19:16:26.655,0.83957,0.83966,1.00,2.44
2017.06.22 19:16:26.707,0.83958,0.83966,1.00,1.00
2017.06.22 19:16:27.967,0.83956,0.83965,1.00,1.00
2017.06.22 19:16:28.585,0.83956,0.83964,1.00,1.50
2017.06.22 19:16:32.226,0.83956,0.83963,1.00,1.00
2017.06.22 19:16:33.229,0.83956,0.83964,1.00,1.50
2017.06.22 19:16:33.790,0.83956,0.83963,1.00,1.00
2017.06.22 19:16:34.666,0.83954,0.83963,1.00,1.00
2017.06.22 19:16:35.875,0.83955,0.83964,1.00,1.00
2017.06.22 19:16:36.396,0.83954,0.83964,1.50,1.50
2017.06.22 19:16:36.791,0.83954,0.83962,1.50,1.00
2017.06.22 19:16:37.792,0.83954,0.83964,1.00,1.50
2017.06.22 19:16:40.727,0.83954,0.83963,1.00,1.00
2017.06.22 19:16:43.565,0.83954,0.83964,1.50,3.00
2017.06.22 19:16:44.147,0.83954,0.83962,1.50,1.00
2017.06.22 19:16:45.014,0.83954,0.83964,1.50,2.25
2017.06.22 19:16:45.549,0.83956,0.83967,1.00,4.50
2017.06.22 19:16:45.653,0.83956,0.83967,1.00,2.25
2017.06.22 19:16:46.638,0.83958,0.83966,1.00,1.00
2017.06.22 19:16:46.794,0.83955,0.83965,1.87,1.00
2017.06.22 19:16:46.846,0.83957,0.83965,1.00,1.00
2017.06.22 19:16:47.408,0.83956,0.83965,1.00,1.00
2017.06.22 19:16:47.958,0.83956,0.83966,1.50,1.00
2017.06.22 19:16:48.568,0.83956,0.83964,1.50,1.00
2017.06.22 19:16:49.005,0.83956,0.83966,1.00,1.00
2017.06.22 19:16:50.542,0.83956,0.83967,1.50,1.87
2017.06.22 19:16:50.594,0.8396,0.83967,1.00,1.00
2017.06.22 19:16:50.697,0.83961,0.83969,1.50,1.12
2017.06.22 19:16:51.002,0.83961,0.83971,1.50,1.00
2017.06.22 19:16:51.518,0.83961,0.83972,1.50,1.12
2017.06.22 19:16:52.336,0.83961,0.83971,1.50,1.00
2017.06.22 19:16:54.215,0.8396,0.83971,2.25,1.00
2017.06.22 19:16:54.895,0.8396,0.83971,2.25,1.37
2017.06.22 19:16:55.555,0.83961,0.83971,1.00,1.37
2017.06.22 19:16:58.335,0.8396,0.83969,1.00,1.00
2017.06.22 19:16:58.438,0.83959,0.83967,1.12,1.00
2017.06.22 19:16:58.901,0.83961,0.83968,1.00,1.00
2017.06.22 19:17:00.371,0.8396,0.83968,1.00,1.00
2017.06.22 19:17:01.272,0.8396,0.8397,1.00,1.00
2017.06.22 19:17:01.375,0.8396,0.83968,1.00,1.00
2017.06.22 19:17:01.879,0.83959,0.83967,1.12,1.00
2017.06.22 19:17:02.455,0.83959,0.83968,1.87,1.50
2017.06.22 19:17:02.608,0.83954,0.83964,1.50,1.50
2017.06.22 19:17:03.114,0.83953,0.83963,1.00,1.00
2017.06.22 19:17:12.712,0.83952,0.83963,1.00,1.50
2017.06.22 19:17:13.955,0.83952,0.83962,1.50,1.50
2017.06.22 19:17:14.058,0.83951,0.8396,1.87,1.00
2017.06.22 19:17:17.102,0.83953,0.8396,1.00,1.00
2017.06.22 19:17:17.311,0.83951,0.83962,1.12,1.50
2017.06.22 19:17:17.363,0.83951,0.8396,1.50,1.00
2017.06.22 19:17:18.209,0.8395,0.83958,1.00,1.00
2017.06.22 19:17:19.216,0.8395,0.83959,1.00,1.12
2017.06.22 19:17:23.818,0.83951,0.83959,1.00,1.12
2017.06.22 19:17:29.798,0.8395,0.83959,1.00,1.12
2017.06.22 19:17:34.317,0.83948,0.83958,1.69,1.00
2017.06.22 19:17:34.370,0.83948,0.83956,1.00,1.00
2017.06.22 19:17:34.880,0.83948,0.83955,1.00,1.50
2017.06.22 19:17:35.438,0.83948,0.83954,1.00,1.00
2017.06.22 19:17:40.708,0.83948,0.83955,1.00,1.12
2017.06.22 19:17:41.265,0.83946,0.83955,1.00,1.12
2017.06.22 19:17:41.578,0.83947,0.83953,1.00,1.00
2017.06.22 19:17:42.140,0.83944,0.83954,1.12,1.00
2017.06.22 19:17:42.192,0.83944,0.8395,1.00,1.00
2017.06.22 19:17:42.501,0.83946,0.83952,1.00,1.00
2017.06.22 19:17:43.197,0.83947,0.83952,1.00,1.00
2017.06.22 19:17:43.856,0.83947,0.83953,1.00,1.00
2017.06.22 19:17:45.406,0.83944,0.83952,1.00,1.00
2017.06.22 19:17:45.559,0.83944,0.83952,1.00,2.25
2017.06.22 19:17:45.662,0.83944,0.83952,1.00,1.50
2017.06.22 19:17:45.764,0.83944,0.8395,1.00,1.00
2017.06.22 19:17:46.086,0.83944,0.83952,1.00,1.87
2017.06.22 19:17:49.330,0.83946,0.83953,1.50,1.12
2017.06.22 19:17:49.382,0.83947,0.83956,1.00,2.25
2017.06.22 19:17:49.433,0.83949,0.83956,1.00,1.87
2017.06.22 19:17:50.035,0.83949,0.83956,1.00,1.12
2017.06.22 19:17:50.643,0.83949,0.83957,1.00,1.12
2017.06.22 19:17:51.160,0.8395,0.83958,1.00,1.12
2017.06.22 19:17:51.703,0.83951,0.83958,1.00,1.12
2017.06.22 19:17:54.564,0.83951,0.83957,1.00,1.00
2017.06.22 19:17:54.615,0.83949,0.83957,1.00,1.50
2017.06.22 19:17:54.936,0.83948,0.83954,1.00,1.00
2017.06.22 19:17:54.991,0.83949,0.83956,1.00,1.00
2017.06.22 19:17:55.579,0.8395,0.83956,1.00,1.00
2017.06.22 19:17:56.157,0.83949,0.83956,1.00,1.00
2017.06.22 19:17:57.908,0.83949,0.83957,1.00,1.50
2017.06.22 19:17:58.011,0.83951,0.83957,1.00,1.50
2017.06.22 19:17:58.871,0.8395,0.83957,1.00,1.00
2017.06.22 19:17:59.373,0.8395,0.83958,1.00,1.50
2017.06.22 19:18:00.846,0.83952,0.83958,1.00,1.00
2017.06.22 19:18:01.101,0.83953,0.83961,1.00,1.50
2017.06.22 19:18:01.153,0.83953,0.83959,1.00,1.00
2017.06.22 19:18:01.408,0.83953,0.83961,1.00,1.12
2017.06.22 19:18:04.051,0.83953,0.83959,1.00,1.00
2017.06.22 19:18:04.455,0.83951,0.83959,1.50,1.00
2017.06.22 19:18:05.702,0.83951,0.83958,1.00,1.00
2017.06.22 19:18:05.906,0.83949,0.83958,1.00,1.87
2017.06.22 19:18:06.419,0.83949,0.83957,1.00,1.00
2017.06.22 19:18:07.685,0.8395,0.83958,1.00,1.00
2017.06.22 19:18:08.960,0.8395,0.83959,1.00,1.87
2017.06.22 19:18:09.289,0.8395,0.83957,1.00,1.00
2017.06.22 19:18:09.442,0.83948,0.83957,3.00,1.00
2017.06.22 19:18:10.221,0.83947,0.83957,3.75,1.00
2017.06.22 19:18:10.325,0.83947,0.83954,2.25,1.00
2017.06.22 19:18:10.942,0.83946,0.83955,1.25,1.00
2017.06.22 19:18:14.580,0.83944,0.83954,2.06,1.00
2017.06.22 19:18:14.734,0.83944,0.83952,1.00,1.00
2017.06.22 19:18:15.241,0.83943,0.83953,1.69,1.37
2017.06.22 19:18:15.293,0.83944,0.83954,1.00,1.87
2017.06.22 19:18:21.187,0.83943,0.83953,2.25,1.00
2017.06.22 19:18:21.341,0.83946,0.83952,1.00,1.00
2017.06.22 19:18:21.519,0.83944,0.83953,1.87,1.00
2017.06.22 19:18:21.571,0.83946,0.83953,1.00,1.00
2017.06.22 19:18:21.674,0.83944,0.83952,1.00,1.00
2017.06.22 19:18:21.879,0.83946,0.83953,1.00,2.25
2017.06.22 19:18:22.391,0.83945,0.83951,1.00,2.62
2017.06.22 19:18:24.309,0.83945,0.83952,1.00,1.12
2017.06.22 19:18:25.001,0.83948,0.83952,1.00,1.12
2017.06.22 19:18:25.205,0.8395,0.83956,1.00,1.00
2017.06.22 19:18:25.257,0.83947,0.83953,1.50,1.00
2017.06.22 19:18:25.480,0.83945,0.83953,1.00,1.37
2017.06.22 19:18:26.013,0.83945,0.83951,1.00,1.00
2017.06.22 19:18:26.574,0.83945,0.83952,1.00,1.12
2017.06.22 19:18:27.176,0.83945,0.83953,1.00,1.00
2017.06.22 19:18:27.847,0.83947,0.83953,1.00,1.00
2017.06.22 19:18:28.290,0.83946,0.83951,1.00,1.12
2017.06.22 19:18:28.341,0.83942,0.83949,1.00,1.00
2017.06.22 19:18:28.804,0.83941,0.83948,1.00,1.87
2017.06.22 19:18:29.314,0.83941,0.83948,1.00,1.00
2017.06.22 19:18:29.512,0.83942,0.83951,1.00,1.50
2017.06.22 19:18:30.033,0.83943,0.83951,1.00,1.50
2017.06.22 19:18:30.551,0.83942,0.8395,1.25,1.12
2017.06.22 19:18:31.123,0.83942,0.83951,1.50,1.87
2017.06.22 19:18:31.766,0.83942,0.83951,1.00,1.37
2017.06.22 19:18:32.445,0.83943,0.83951,1.00,2.25
2017.06.22 19:18:32.841,0.83941,0.83951,1.00,1.50
2017.06.22 19:18:34.076,0.83942,0.83951,1.00,3.00
2017.06.22 19:18:34.919,0.83942,0.83951,1.50,2.62
2017.06.22 19:18:36.058,0.83942,0.83951,1.50,1.50
2017.06.22 19:18:38.978,0.83944,0.83951,1.00,1.50
2017.06.22 19:18:39.581,0.83945,0.83953,1.00,2.62
2017.06.22 19:18:39.632,0.83945,0.83954,1.00,1.87
2017.06.22 19:18:39.754,0.83945,0.83954,1.00,2.25
2017.06.22 19:18:41.737,0.83945,0.83953,1.00,1.12
2017.06.22 19:18:45.370,0.83945,0.83952,1.00,1.00
2017.06.22 19:18:45.677,0.83943,0.83949,1.00,1.50
2017.06.22 19:18:45.830,0.83941,0.83949,1.50,1.50
2017.06.22 19:18:51.556,0.83941,0.83948,1.00,1.00
2017.06.22 19:18:55.424,0.83941,0.83949,1.00,1.12
2017.06.22 19:18:55.786,0.83944,0.83951,1.00,2.25
2017.06.22 19:18:59.492,0.83945,0.83953,1.00,5.25
2017.06.22 19:19:00.020,0.83945,0.83952,1.00,1.12
2017.06.22 19:19:00.919,0.83945,0.83953,1.00,1.87
2017.06.22 19:19:05.248,0.83944,0.83952,1.00,1.00
2017.06.22 19:19:05.866,0.83943,0.83952,1.50,1.87
2017.06.22 19:19:06.403,0.83943,0.83951,1.50,1.00
2017.06.22 19:19:10.517,0.83944,0.83953,1.00,1.12
2017.06.22 19:19:11.023,0.83945,0.83953,1.00,1.00
2017.06.22 19:19:13.041,0.83945,0.83952,1.00,1.00
2017.06.22 19:19:13.543,0.83944,0.83951,1.00,1.00
2017.06.22 19:19:13.697,0.83944,0.83954,1.12,1.50
2017.06.22 19:19:13.749,0.83946,0.83954,1.00,1.50
2017.06.22 19:19:15.565,0.83945,0.8395,1.00,1.00
2017.06.22 19:19:15.617,0.83942,0.83949,1.00,1.00
2017.06.22 19:19:15.770,0.83939,0.83949,1.50,1.00
2017.06.22 19:19:16.319,0.83939,0.83949,1.00,1.50
2017.06.22 19:19:16.843,0.83939,0.83947,1.50,1.00
2017.06.22 19:19:17.359,0.83939,0.83948,1.00,1.50
2017.06.22 19:19:17.675,0.83942,0.83946,1.50,1.00
2017.06.22 19:19:17.777,0.83944,0.83952,1.00,1.12
2017.06.22 19:19:18.324,0.83943,0.83953,1.00,1.00
2017.06.22 19:19:18.478,0.83942,0.8395,1.50,1.00
2017.06.22 19:19:18.582,0.83942,0.83952,1.87,1.00
2017.06.22 19:19:18.633,0.83942,0.8395,1.50,1.00
2017.06.22 19:19:19.143,0.83942,0.83951,1.00,1.00
2017.06.22 19:19:19.796,0.83942,0.83952,1.50,1.00
2017.06.22 19:19:20.809,0.83942,0.83951,1.50,1.00
2017.06.22 19:19:21.615,0.83942,0.8395,1.00,1.00
2017.06.22 19:19:22.152,0.83941,0.83951,1.00,1.50
2017.06.22 19:19:22.665,0.83941,0.8395,1.00,1.00
2017.06.22 19:19:23.200,0.83938,0.83948,3.56,1.50
2017.06.22 19:19:23.739,0.8394,0.83947,1.00,1.00
2017.06.22 19:19:24.283,0.8394,0.83948,1.00,1.50
2017.06.22 19:19:24.998,0.8394,0.83946,1.00,1.00
2017.06.22 19:19:25.050,0.83938,0.83946,1.00,1.00
2017.06.22 19:19:25.561,0.83939,0.83946,1.00,1.00
2017.06.22 19:19:27.638,0.8394,0.83949,1.00,1.87
2017.06.22 19:19:32.280,0.83941,0.83949,1.00,1.00
2017.06.22 19:19:33.617,0.83944,0.83949,1.00,1.00
2017.06.22 19:19:33.831,0.83944,0.83952,1.00,1.00
2017.06.22 19:19:34.384,0.83944,0.83953,1.00,1.50
2017.06.22 19:19:34.939,0.83943,0.83953,1.25,2.25
2017.06.22 19:19:35.626,0.83944,0.83953,1.25,1.50
2017.06.22 19:19:38.168,0.83943,0.83952,1.25,1.00
2017.06.22 19:19:38.824,0.83943,0.83953,1.25,1.00
2017.06.22 19:19:40.972,0.83945,0.83953,1.00,1.50
2017.06.22 19:19:42.350,0.83944,0.83953,1.00,2.25
2017.06.22 19:19:44.174,0.83944,0.83952,1.00,1.00
2017.06.22 19:19:44.724,0.83944,0.83953,1.00,2.25
2017.06.22 19:19:46.044,0.83944,0.83952,1.00,1.00
2017.06.22 19:19:46.590,0.83944,0.83953,1.00,1.50
2017.06.22 19:19:49.819,0.83944,0.83952,1.00,1.00
2017.06.22 19:19:50.700,0.83941,0.83951,1.87,1.00
2017.06.22 19:19:50.803,0.83939,0.83949,1.50,1.00
2017.06.22 19:19:51.124,0.83939,0.83947,1.00,1.00
2017.06.22 19:19:57.673,0.83941,0.83948,1.00,1.00
2017.06.22 19:19:58.208,0.83941,0.83949,1.00,1.00
2017.06.22 19:19:58.757,0.83942,0.83949,1.00,1.00
2017.06.22 19:19:59.095,0.8394,0.83949,1.00,1.00
2017.06.22 19:19:59.661,0.8394,0.83948,1.00,1.00
2017.06.22 19:20:00.199,0.83941,0.83948,1.00,1.00
2017.06.22 19:20:01.597,0.83943,0.8395,1.00,1.12
2017.06.22 19:20:02.348,0.83943,0.83951,1.00,1.00
2017.06.22 19:20:02.655,0.83945,0.83952,1.00,1.00
2017.06.22 19:20:03.126,0.83943,0.83952,1.00,1.00
2017.06.22 19:20:05.103,0.83944,0.83952,1.00,1.00
2017.06.22 19:20:06.105,0.83943,0.83952,1.00,1.00
2017.06.22 19:20:08.304,0.83943,0.83952,1.19,1.00
2017.06.22 19:20:10.314,0.83945,0.83952,1.00,1.00
2017.06.22 19:20:11.301,0.83944,0.83952,1.25,1.00
2017.06.22 19:20:13.670,0.83946,0.83952,1.00,1.00
2017.06.22 19:20:13.925,0.83947,0.83954,1.00,1.00
2017.06.22 19:20:14.446,0.83945,0.83953,1.00,1.00
2017.06.22 19:20:15.005,0.83945,0.83952,1.00,1.00
2017.06.22 19:20:15.546,0.83946,0.83953,1.00,1.00
2017.06.22 19:20:15.838,0.83944,0.83953,1.25,1.00
2017.06.22 19:20:17.519,0.83945,0.83952,1.00,1.00
2017.06.22 19:20:18.755,0.83945,0.83953,1.25,1.00
2017.06.22 19:20:19.780,0.83945,0.83954,1.25,1.00
2017.06.22 19:20:30.285,0.83945,0.83953,1.25,1.00
2017.06.22 19:20:34.780,0.83947,0.83955,1.00,1.12
2017.06.22 19:20:40.792,0.83947,0.83953,1.00,1.00
2017.06.22 19:20:44.176,0.83947,0.83952,1.00,1.00
2017.06.22 19:20:46.145,0.83946,0.83952,1.00,1.00
2017.06.22 19:20:46.652,0.83946,0.83953,1.00,1.00
2017.06.22 19:20:47.195,0.83946,0.83954,1.00,1.00
2017.06.22 19:20:47.612,0.83948,0.83956,1.00,1.87
2017.06.22 19:20:48.885,0.83947,0.83956,1.50,1.00
2017.06.22 19:20:51.566,0.83947,0.83955,1.50,1.00
2017.06.22 19:20:54.544,0.83947,0.83956,1.50,1.50
2017.06.22 19:20:55.102,0.83947,0.83955,1.50,1.00
2017.06.22 19:20:55.639,0.83948,0.83956,1.00,1.00
2017.06.22 19:20:57.007,0.83948,0.83954,1.00,1.00
2017.06.22 19:20:57.548,0.83947,0.83955,1.50,1.00
2017.06.22 19:20:59.497,0.83947,0.83954,1.50,1.00
2017.06.22 19:21:01.044,0.83947,0.83953,1.00,1.00
2017.06.22 19:21:01.572,0.83947,0.83954,1.00,1.50
2017.06.22 19:21:02.109,0.83946,0.83954,1.87,1.00
2017.06.22 19:21:02.632,0.83949,0.83955,1.00,1.00
2017.06.22 19:21:02.938,0.8395,0.83958,1.37,2.25
2017.06.22 19:21:03.813,0.83949,0.83957,1.69,1.00
2017.06.22 19:21:04.349,0.83949,0.83958,1.69,1.50
2017.06.22 19:21:06.292,0.83949,0.83958,1.69,1.50
2017.06.22 19:21:06.842,0.83949,0.83958,2.06,1.50
2017.06.22 19:21:07.360,0.83949,0.83958,2.06,1.50
2017.06.22 19:21:08.858,0.8395,0.83958,1.00,1.00
2017.06.22 19:21:09.636,0.83951,0.83958,1.12,1.00
2017.06.22 19:21:10.095,0.83949,0.83954,1.69,1.00
2017.06.22 19:21:10.147,0.83949,0.83953,1.69,1.00
2017.06.22 19:21:10.300,0.83949,0.83957,1.25,1.00
2017.06.22 19:21:13.948,0.83949,0.83957,1.19,1.00
2017.06.22 19:21:17.719,0.8395,0.83958,1.00,1.50
2017.06.22 19:21:17.771,0.83952,0.83958,1.00,1.50
2017.06.22 19:21:18.121,0.83951,0.8396,1.25,1.00
2017.06.22 19:21:20.108,0.83951,0.83961,1.25,1.50
2017.06.22 19:21:20.274,0.83953,0.83961,1.00,1.50
2017.06.22 19:21:20.631,0.8395,0.8396,1.25,1.50
2017.06.22 19:21:23.667,0.83953,0.8396,1.00,1.50
2017.06.22 19:21:24.036,0.83954,0.83962,1.00,1.00
2017.06.22 19:21:24.737,0.83954,0.83961,1.00,1.00
2017.06.22 19:21:24.915,0.83951,0.83961,4.69,1.00
2017.06.22 19:21:26.237,0.83953,0.83961,1.00,1.00
2017.06.22 19:21:26.868,0.83952,0.83961,1.69,1.50
2017.06.22 19:21:29.066,0.83952,0.8396,1.00,1.00
2017.06.22 19:21:35.558,0.83952,0.83961,1.00,1.50
2017.06.22 19:21:35.712,0.83952,0.83959,1.00,1.00
2017.06.22 19:21:35.968,0.83949,0.83957,1.25,1.00
2017.06.22 19:21:36.071,0.83948,0.83954,1.00,1.00
2017.06.22 19:21:36.615,0.83947,0.83955,1.25,1.00
2017.06.22 19:21:36.927,0.83949,0.83957,1.00,1.00
2017.06.22 19:21:37.446,0.83947,0.83955,2.44,1.00
2017.06.22 19:21:38.030,0.83947,0.83955,2.06,1.00
2017.06.22 19:21:39.404,0.83947,0.83956,1.31,1.00
2017.06.22 19:21:40.525,0.83948,0.83956,1.00,1.00
2017.06.22 19:21:41.088,0.83948,0.83957,1.12,1.50
2017.06.22 19:21:42.505,0.83948,0.83956,1.12,1.00
2017.06.22 19:21:43.034,0.83949,0.83955,1.00,1.00
2017.06.22 19:21:43.558,0.83948,0.83956,1.00,1.00
2017.06.22 19:21:43.610,0.83948,0.83958,1.00,1.00
2017.06.22 19:21:44.144,0.8395,0.83958,1.00,1.00
2017.06.22 19:21:44.655,0.8395,0.83957,1.00,1.00
2017.06.22 19:21:45.379,0.8395,0.83958,1.00,1.00
2017.06.22 19:21:47.611,0.8395,0.83956,1.00,1.00
2017.06.22 19:21:47.714,0.8395,0.83958,1.00,1.00
2017.06.22 19:21:48.289,0.8395,0.83959,1.00,2.25
2017.06.22 19:21:48.341,0.83948,0.83957,1.12,1.00
2017.06.22 19:21:49.413,0.83949,0.83957,1.00,1.00
2017.06.22 19:21:50.001,0.8395,0.83958,1.00,1.00
2017.06.22 19:21:56.265,0.83951,0.83958,1.00,1.50
2017.06.22 19:21:56.999,0.83949,0.83958,1.50,1.50
2017.06.22 19:21:57.619,0.83949,0.83957,1.00,1.00
2017.06.22 19:21:58.286,0.8395,0.83957,1.00,1.00
2017.06.22 19:21:59.174,0.83949,0.83957,1.00,1.00
2017.06.22 19:22:02.335,0.83947,0.83954,1.87,1.00
2017.06.22 19:22:13.121,0.83947,0.83956,1.50,1.87
2017.06.22 19:22:13.673,0.83948,0.83956,1.00,1.00
2017.06.22 19:22:14.917,0.8395,0.83958,1.00,1.00
2017.06.22 19:22:15.516,0.83949,0.83958,1.00,1.00
2017.06.22 19:22:16.244,0.83951,0.83958,1.00,1.00
2017.06.22 19:22:19.053,0.83949,0.83958,1.00,1.00
2017.06.22 19:22:21.590,0.83949,0.83957,1.00,1.00
2017.06.22 19:22:22.132,0.83948,0.83957,2.44,1.50
2017.06.22 19:22:25.216,0.83947,0.83956,2.81,1.00
2017.06.22 19:22:26.558,0.83947,0.83955,1.69,1.00
2017.06.22 19:22:27.989,0.83947,0.83955,1.00,1.00
2017.06.22 19:22:28.740,0.83947,0.83956,1.00,1.00
2017.06.22 19:22:31.166,0.83947,0.83953,1.00,1.00
2017.06.22 19:22:31.892,0.83947,0.83952,1.00,1.00
2017.06.22 19:22:32.422,0.83947,0.83953,1.00,1.00
2017.06.22 19:22:33.341,0.83947,0.83954,1.00,2.62
2017.06.22 19:22:34.530,0.83947,0.83953,1.00,1.00
2017.06.22 19:22:34.943,0.83946,0.83951,1.00,1.00
2017.06.22 19:22:35.468,0.83946,0.83952,1.00,1.00
2017.06.22 19:22:36.488,0.83946,0.83954,1.00,1.87
2017.06.22 19:22:41.204,0.83946,0.83952,1.00,1.00
2017.06.22 19:22:41.470,0.83946,0.83954,1.00,2.62
2017.06.22 19:22:43.925,0.83946,0.83953,1.00,1.00
2017.06.22 19:22:47.604,0.83946,0.83954,1.00,1.87
2017.06.22 19:22:47.706,0.83947,0.83954,1.19,1.12
2017.06.22 19:22:47.809,0.83948,0.83956,1.25,1.00
2017.06.22 19:22:48.065,0.83948,0.83958,2.06,1.00
2017.06.22 19:22:48.676,0.83949,0.83958,1.12,1.00
2017.06.22 19:22:49.508,0.83949,0.83959,2.06,1.00
2017.06.22 19:22:50.039,0.83949,0.83959,2.06,1.00
2017.06.22 19:22:51.307,0.8395,0.83958,1.12,1.00
2017.06.22 19:22:51.508,0.83951,0.83959,2.44,1.00
2017.06.22 19:22:51.560,0.83952,0.83961,1.25,1.00
2017.06.22 19:22:51.662,0.83953,0.83959,1.00,1.00
2017.06.22 19:22:51.764,0.83952,0.83961,1.69,1.50
2017.06.22 19:22:57.329,0.83951,0.83959,3.19,1.00
2017.06.22 19:22:57.381,0.83948,0.83958,4.69,1.00
2017.06.22 19:22:57.433,0.83948,0.83956,3.94,1.00
2017.06.22 19:22:57.974,0.83949,0.83955,1.19,1.00
2017.06.22 19:22:59.346,0.83948,0.83957,2.44,1.50
2017.06.22 19:22:59.450,0.83948,0.83955,2.44,1.00
2017.06.22 19:23:02.302,0.83948,0.83956,1.69,1.00
2017.06.22 19:23:08.001,0.83949,0.83955,1.19,1.00
2017.06.22 19:23:08.052,0.83949,0.83957,1.19,1.50
2017.06.22 19:23:11.869,0.83951,0.8396,1.00,1.00
2017.06.22 19:23:12.219,0.83949,0.83959,1.25,1.12
2017.06.22 19:23:13.209,0.83949,0.83958,1.69,1.00
2017.06.22 19:23:14.296,0.83948,0.83957,2.44,1.50
2017.06.22 19:23:17.275,0.83948,0.83956,1.69,1.00
2017.06.22 19:23:17.572,0.83948,0.83954,1.00,1.00
2017.06.22 19:23:18.562,0.83948,0.83955,1.00,1.50
2017.06.22 19:23:19.887,0.83948,0.83956,1.00,1.00
2017.06.22 19:23:20.471,0.83948,0.83957,1.50,1.00
2017.06.22 19:23:21.183,0.83949,0.83958,1.00,1.00
2017.06.22 19:23:25.345,0.8395,0.83958,1.00,1.00
2017.06.22 19:23:25.669,0.83948,0.83955,1.69,1.00
2017.06.22 19:23:25.771,0.83948,0.83958,1.69,1.50
2017.06.22 19:23:25.822,0.83951,0.83958,1.00,1.50
2017.06.22 19:23:26.328,0.83951,0.83957,1.00,1.12
2017.06.22 19:23:29.445,0.83949,0.83957,1.19,1.00
2017.06.22 19:23:33.977,0.8395,0.83958,1.00,1.00
2017.06.22 19:23:34.959,0.83951,0.83958,1.00,1.00
2017.06.22 19:23:37.228,0.8395,0.83958,1.87,1.50
2017.06.22 19:23:37.737,0.83948,0.83957,2.44,1.00
2017.06.22 19:23:39.130,0.83949,0.83958,1.25,2.25
2017.06.22 19:23:39.949,0.83949,0.83957,1.69,1.00
2017.06.22 19:23:40.827,0.83949,0.83959,1.69,1.50
2017.06.22 19:23:41.031,0.83951,0.83959,1.00,1.00
2017.06.22 19:23:41.286,0.83949,0.83958,1.69,1.00
2017.06.22 19:23:41.798,0.83949,0.83957,1.69,1.00
2017.06.22 19:23:42.343,0.83949,0.83958,1.69,2.25
2017.06.22 19:23:43.120,0.83949,0.83957,1.69,1.00
2017.06.22 19:23:43.829,0.83949,0.83958,1.69,1.50
2017.06.22 19:23:56.440,0.8395,0.83959,1.37,1.00
2017.06.22 19:23:56.999,0.8395,0.8396,1.37,1.87
2017.06.22 19:23:58.041,0.83949,0.8396,3.00,2.62
2017.06.22 19:23:58.544,0.83949,0.83959,3.00,1.00
2017.06.22 19:23:59.493,0.83949,0.83958,1.50,1.00
2017.06.22 19:24:01.401,0.8395,0.83959,1.00,1.00
2017.06.22 19:24:01.958,0.83949,0.83958,1.00,1.00
2017.06.22 19:24:02.268,0.83948,0.83956,1.69,1.00
2017.06.22 19:24:02.939,0.83948,0.83957,1.25,1.00
2017.06.22 19:24:10.480,0.83948,0.83956,1.25,1.00
2017.06.22 19:24:12.085,0.83948,0.83957,1.25,1.00
2017.06.22 19:24:12.855,0.83948,0.83955,1.25,1.00
2017.06.22 19:24:16.387,0.83948,0.83957,1.25,1.00
2017.06.22 19:24:17.405,0.83948,0.83956,1.25,1.00
2017.06.22 19:24:18.372,0.83948,0.83955,1.25,1.00
2017.06.22 19:24:18.686,0.83948,0.83957,1.25,1.00
2017.06.22 19:24:19.261,0.83948,0.83956,1.25,1.00
2017.06.22 19:24:19.784,0.83948,0.83955,1.25,1.00
2017.06.22 19:24:20.447,0.83948,0.83956,1.25,1.00
2017.06.22 19:24:21.215,0.83948,0.83955,1.25,1.00
2017.06.22 19:24:21.877,0.83948,0.83956,1.25,1.00
2017.06.22 19:24:23.672,0.83948,0.83955,1.25,1.00
2017.06.22 19:24:26.073,0.83948,0.83956,1.69,1.00
2017.06.22 19:24:31.692,0.83948,0.83956,1.25,1.00
2017.06.22 19:24:37.274,0.83947,0.83957,2.44,1.50
2017.06.22 19:24:40.082,0.83948,0.83958,1.69,1.50
2017.06.22 19:24:40.693,0.83948,0.83958,2.44,1.50
2017.06.22 19:24:52.506,0.83949,0.83957,1.25,1.00
2017.06.22 19:24:53.826,0.83949,0.83959,1.25,1.00
2017.06.22 19:24:53.979,0.83951,0.83959,1.00,1.00
2017.06.22 19:24:54.524,0.83951,0.8396,1.25,1.00
2017.06.22 19:24:54.843,0.83951,0.83961,1.69,1.00
2017.06.22 19:24:56.292,0.83952,0.8396,1.19,1.00
2017.06.22 19:24:59.435,0.83952,0.83962,1.69,1.50
2017.06.22 19:25:00.675,0.83952,0.83961,1.19,1.00
2017.06.22 19:25:01.190,0.83952,0.83962,1.19,2.25
2017.06.22 19:25:01.849,0.83952,0.83961,1.19,1.00
2017.06.22 19:25:02.669,0.83952,0.83962,1.19,2.25
2017.06.22 19:25:04.503,0.83952,0.8396,1.19,1.00
2017.06.22 19:25:04.724,0.83952,0.83962,1.19,2.25
2017.06.22 19:25:06.333,0.83952,0.8396,1.25,1.00
2017.06.22 19:25:06.948,0.83952,0.83961,1.25,1.00
2017.06.22 19:25:09.887,0.8395,0.83959,3.56,1.00
2017.06.22 19:25:10.092,0.83949,0.83958,1.50,1.00
2017.06.22 19:25:10.247,0.83948,0.83955,1.00,1.00
2017.06.22 19:25:10.350,0.83948,0.83957,1.00,1.00
2017.06.22 19:25:10.945,0.83949,0.83959,1.25,1.00
2017.06.22 19:25:11.150,0.83948,0.83957,2.06,1.00
2017.06.22 19:25:11.717,0.83948,0.83956,1.00,1.50
2017.06.22 19:25:12.282,0.83948,0.83957,1.00,1.00
2017.06.22 19:25:12.944,0.83948,0.83958,1.00,1.50
2017.06.22 19:25:15.121,0.83949,0.83958,1.00,1.00
2017.06.22 19:25:18.192,0.83948,0.83958,1.00,1.05
2017.06.22 19:25:25.202,0.83948,0.83958,1.00,1.37
2017.06.22 19:25:36.386,0.83948,0.83958,1.00,1.12
2017.06.22 19:25:55.800,0.83948,0.83957,1.50,1.00
2017.06.22 19:25:58.526,0.83948,0.83956,1.00,1.00
2017.06.22 19:25:58.872,0.83947,0.83954,1.50,1.00
2017.06.22 19:25:58.975,0.83947,0.83956,1.69,1.50
2017.06.22 19:25:59.640,0.83947,0.83957,2.44,1.00
2017.06.22 19:26:00.310,0.83947,0.83958,2.44,1.87
2017.06.22 19:26:00.839,0.83947,0.83957,1.69,1.00
2017.06.22 19:26:01.701,0.83947,0.83955,1.00,1.00
2017.06.22 19:26:02.240,0.83946,0.83955,1.25,1.50
2017.06.22 19:26:02.723,0.83946,0.83953,1.25,1.00
2017.06.22 19:26:03.776,0.83946,0.83954,1.25,1.00
2017.06.22 19:26:04.285,0.83946,0.83952,1.25,1.00
2017.06.22 19:26:04.803,0.83947,0.83952,1.00,1.00
2017.06.22 19:26:07.502,0.83947,0.83953,1.00,2.62
2017.06.22 19:26:07.798,0.83945,0.83953,1.00,3.00
2017.06.22 19:26:08.452,0.83945,0.83952,1.00,1.00
2017.06.22 19:26:10.540,0.83948,0.83952,1.00,1.12
2017.06.22 19:26:10.987,0.83947,0.83954,1.00,1.12
2017.06.22 19:26:11.825,0.83947,0.83952,1.00,1.00
2017.06.22 19:26:12.748,0.83946,0.83954,1.00,1.87
2017.06.22 19:26:13.273,0.83946,0.83953,1.00,1.12
2017.06.22 19:26:15.972,0.83946,0.83955,1.00,1.12
2017.06.22 19:26:16.728,0.83946,0.83955,1.50,1.50
2017.06.22 19:26:17.815,0.83946,0.83953,1.50,1.00
2017.06.22 19:26:18.323,0.83946,0.83954,1.50,1.00
2017.06.22 19:26:21.952,0.83946,0.83953,1.50,1.00
2017.06.22 19:26:24.132,0.83946,0.83954,1.00,1.00
2017.06.22 19:26:46.237,0.83946,0.83953,1.50,1.00
2017.06.22 19:26:46.749,0.83947,0.83953,1.00,1.00
2017.06.22 19:26:47.321,0.83946,0.83953,1.00,1.00
2017.06.22 19:26:47.777,0.83946,0.83955,1.00,1.87
2017.06.22 19:26:49.231,0.83946,0.83954,1.00,1.00
2017.06.22 19:26:52.984,0.83946,0.83955,1.00,1.00
2017.06.22 19:26:54.729,0.83947,0.83955,1.00,1.50
2017.06.22 19:26:55.242,0.83947,0.83954,1.00,1.00
2017.06.22 19:26:55.953,0.83946,0.83953,1.69,1.00
2017.06.22 19:27:01.412,0.83946,0.83952,1.69,1.00
2017.06.22 19:27:02.887,0.83946,0.83954,1.69,1.50
2017.06.22 19:27:03.741,0.83946,0.83953,1.69,1.00
2017.06.22 19:27:04.274,0.83946,0.83954,1.69,1.00
2017.06.22 19:27:05.657,0.83947,0.83954,1.00,1.00
2017.06.22 19:27:09.622,0.83949,0.83954,1.00,1.00
2017.06.22 19:27:10.146,0.83949,0.83955,1.00,1.00
2017.06.22 19:27:10.790,0.83949,0.83956,1.00,1.50
2017.06.22 19:27:11.348,0.83949,0.83955,1.00,1.00
2017.06.22 19:27:11.850,0.83949,0.83954,1.00,1.00
2017.06.22 19:27:12.823,0.83947,0.83954,1.00,1.00
2017.06.22 19:27:12.925,0.83947,0.83956,1.00,1.00
2017.06.22 19:27:20.628,0.83949,0.83956,1.00,1.00
2017.06.22 19:27:30.133,0.83949,0.83957,1.00,1.87
2017.06.22 19:27:31.011,0.83949,0.83956,1.00,1.00
2017.06.22 19:27:31.757,0.83947,0.83956,1.87,1.50
2017.06.22 19:27:38.795,0.83948,0.83956,1.00,1.50
2017.06.22 19:27:40.166,0.83947,0.83956,1.12,1.50
2017.06.22 19:27:40.548,0.83947,0.83954,1.00,1.00
2017.06.22 19:27:41.096,0.83947,0.83956,1.00,1.50
2017.06.22 19:27:46.813,0.83947,0.83955,1.00,1.00
2017.06.22 19:27:48.170,0.83946,0.83954,1.00,1.00
2017.06.22 19:27:48.725,0.83946,0.83953,1.00,1.00
2017.06.22 19:27:49.260,0.83946,0.83952,1.00,1.50
2017.06.22 19:27:57.640,0.83946,0.83951,1.00,1.00
2017.06.22 19:27:58.163,0.83946,0.8395,1.00,1.00
2017.06.22 19:27:58.214,0.83944,0.8395,1.50,1.00
2017.06.22 19:27:58.265,0.83944,0.83952,1.50,2.25
2017.06.22 19:28:02.395,0.83945,0.83952,1.00,1.00
2017.06.22 19:28:04.331,0.83944,0.83952,2.25,1.00
2017.06.22 19:28:04.939,0.83944,0.83951,2.25,1.00
2017.06.22 19:28:09.183,0.83944,0.8395,1.50,1.00
2017.06.22 19:28:09.336,0.83945,0.83952,1.00,1.50
2017.06.22 19:28:09.591,0.83947,0.83953,1.00,1.00
2017.06.22 19:28:09.809,0.83945,0.83953,1.00,1.00
2017.06.22 19:28:10.025,0.83948,0.83953,1.00,1.00
2017.06.22 19:28:10.178,0.83948,0.83955,1.00,1.50
2017.06.22 19:28:11.451,0.83948,0.83954,1.00,1.00
2017.06.22 19:28:11.970,0.83948,0.83955,1.00,1.12
2017.06.22 19:28:12.480,0.83949,0.83956,1.00,2.06
2017.06.22 19:28:12.583,0.83949,0.83957,1.00,1.12
2017.06.22 19:28:12.787,0.83949,0.83959,1.00,1.69
2017.06.22 19:28:13.374,0.83949,0.83957,1.00,1.00
2017.06.22 19:28:13.880,0.83949,0.83958,1.00,1.50
2017.06.22 19:28:14.561,0.83947,0.83958,1.00,1.50
2017.06.22 19:28:14.756,0.83947,0.83956,1.50,1.00
2017.06.22 19:28:15.500,0.83947,0.83955,1.00,1.00
2017.06.22 19:28:16.046,0.83946,0.83955,1.50,1.00
2017.06.22 19:28:16.675,0.83946,0.83954,1.50,1.00
2017.06.22 19:28:21.577,0.83946,0.83952,1.00,1.00
2017.06.22 19:28:21.731,0.83945,0.83954,1.50,2.06
2017.06.22 19:28:22.393,0.83945,0.83953,1.50,1.00
2017.06.22 19:28:22.903,0.83945,0.83954,1.50,1.87
2017.06.22 19:28:25.497,0.83945,0.83953,1.50,1.00
2017.06.22 19:28:28.425,0.83945,0.83954,1.50,1.00
2017.06.22 19:28:37.390,0.83947,0.83956,1.50,1.25
2017.06.22 19:28:37.704,0.83947,0.83954,1.50,1.00
2017.06.22 19:28:38.619,0.83947,0.83955,1.50,1.00
2017.06.22 19:28:43.913,0.83948,0.83955,1.00,1.00
2017.06.22 19:28:49.631,0.83948,0.83954,1.00,1.00
2017.06.22 19:28:50.139,0.83948,0.83955,1.00,1.00
2017.06.22 19:28:51.015,0.83948,0.83956,1.00,1.00
2017.06.22 19:29:00.024,0.83948,0.83955,1.87,1.00
2017.06.22 19:29:00.562,0.83949,0.83955,1.00,1.00
2017.06.22 19:29:03.452,0.83949,0.83954,1.12,1.00
2017.06.22 19:29:05.422,0.83949,0.83955,1.12,1.00
2017.06.22 19:29:06.156,0.83949,0.83956,1.12,1.00
2017.06.22 19:29:12.090,0.8395,0.83956,1.00,1.00
2017.06.22 19:29:14.119,0.8395,0.83958,1.12,1.00
2017.06.22 19:29:17.816,0.8395,0.83956,1.12,1.00
2017.06.22 19:29:20.088,0.8395,0.83955,1.12,1.00
2017.06.22 19:29:20.671,0.83949,0.83954,1.00,1.00
2017.06.22 19:29:25.363,0.83949,0.83956,1.00,1.00
2017.06.22 19:29:25.870,0.83948,0.83956,1.87,1.00
2017.06.22 19:29:28.482,0.83948,0.83955,1.87,1.00
2017.06.22 19:29:29.345,0.83949,0.83956,1.00,1.00
2017.06.22 19:29:35.677,0.83949,0.83954,1.00,1.00
2017.06.22 19:29:36.271,0.83948,0.83954,1.87,1.00
2017.06.22 19:29:37.252,0.83949,0.83954,1.00,1.00
2017.06.22 19:29:39.419,0.83949,0.83956,1.00,1.00
2017.06.22 19:29:39.994,0.8395,0.83956,1.00,1.00
2017.06.22 19:29:40.599,0.83949,0.83956,1.00,1.00
2017.06.22 19:29:40.702,0.83948,0.83954,1.50,1.00
2017.06.22 19:29:40.804,0.83946,0.83954,2.81,1.00
2017.06.22 19:29:40.856,0.83946,0.83951,1.50,1.00
2017.06.22 19:29:41.197,0.83945,0.83953,1.00,1.00
2017.06.22 19:29:41.381,0.83945,0.8395,1.00,1.00
2017.06.22 19:29:41.902,0.83945,0.83952,1.00,1.00
2017.06.22 19:29:42.413,0.83945,0.83951,1.00,1.00
2017.06.22 19:29:42.964,0.83945,0.83952,1.00,1.00
2017.06.22 19:29:43.863,0.83945,0.83951,1.00,1.00
2017.06.22 19:29:44.440,0.83945,0.83952,1.00,1.00
2017.06.22 19:29:44.922,0.83946,0.83954,1.00,1.00
2017.06.22 19:29:47.019,0.83947,0.83954,1.00,1.00
2017.06.22 19:29:52.610,0.83946,0.83954,1.87,1.00
2017.06.22 19:29:56.767,0.83947,0.83955,1.00,1.00
2017.06.22 19:29:57.315,0.83948,0.83955,1.00,1.00
2017.06.22 19:29:57.819,0.83948,0.83954,1.00,1.00
2017.06.22 19:29:58.278,0.83946,0.83954,1.00,1.00
2017.06.22 19:29:58.331,0.83946,0.83952,1.00,1.00
2017.06.22 19:29:58.574,0.83946,0.83954,1.00,1.00
2017.06.22 19:29:58.778,0.83945,0.83952,1.00,1.00
2017.06.22 19:29:59.292,0.83945,0.83951,1.00,1.50
2017.06.22 19:29:59.598,0.83945,0.83949,1.00,1.00
2017.06.22 19:30:00.260,0.83945,0.8395,1.00,1.00
2017.06.22 19:30:01.603,0.83945,0.83951,1.00,1.00
2017.06.22 19:30:02.557,0.83941,0.83949,1.87,1.00
2017.06.22 19:30:02.609,0.8394,0.83947,1.00,1.00
2017.06.22 19:30:02.660,0.8394,0.83949,1.00,1.00
2017.06.22 19:30:02.814,0.83939,0.83946,1.00,1.00
2017.06.22 19:30:03.370,0.83938,0.83946,1.00,1.00
2017.06.22 19:30:07.377,0.83938,0.83948,1.00,1.50
2017.06.22 19:30:09.979,0.83938,0.83947,1.12,1.00
2017.06.22 19:30:16.638,0.83939,0.83947,1.00,1.00
2017.06.22 19:30:17.540,0.83939,0.83948,1.00,1.00
2017.06.22 19:30:21.870,0.83938,0.83948,1.12,1.50
2017.06.22 19:30:22.825,0.83938,0.83947,1.12,1.00
2017.06.22 19:30:22.876,0.8394,0.83947,1.00,1.00
2017.06.22 19:30:22.978,0.8394,0.83949,1.00,2.25
2017.06.22 19:30:24.951,0.83942,0.8395,1.00,1.00
2017.06.22 19:30:25.319,0.83939,0.8395,3.00,2.25
2017.06.22 19:30:25.869,0.83939,0.83949,1.12,1.00
2017.06.22 19:30:27.927,0.83939,0.8395,1.12,1.00
2017.06.22 19:30:28.600,0.8394,0.8395,1.00,1.00
2017.06.22 19:30:30.144,0.8394,0.83949,1.50,1.00
2017.06.22 19:30:32.052,0.8394,0.83951,1.00,2.62
2017.06.22 19:30:33.646,0.83941,0.83951,1.00,1.12
2017.06.22 19:30:35.432,0.83943,0.83951,1.00,1.00
2017.06.22 19:30:35.941,0.83942,0.8395,1.00,1.50
2017.06.22 19:30:42.284,0.83942,0.83951,1.00,1.50
2017.06.22 19:30:44.402,0.83941,0.8395,1.00,1.00
2017.06.22 19:30:44.913,0.83942,0.83951,1.00,1.00
2017.06.22 19:30:50.118,0.83942,0.83953,1.00,1.87
2017.06.22 19:30:50.900,0.83942,0.83953,1.00,1.87
2017.06.22 19:30:51.435,0.83943,0.83952,1.00,1.50
2017.06.22 19:30:52.034,0.83942,0.83952,1.00,1.50
2017.06.22 19:30:54.004,0.83941,0.83952,1.00,2.25
2017.06.22 19:30:56.047,0.83941,0.83951,1.00,1.00
2017.06.22 19:30:58.668,0.83941,0.83952,1.00,1.87
2017.06.22 19:30:59.596,0.83942,0.83952,1.00,1.50
2017.06.22 19:31:00.607,0.83941,0.83952,1.50,1.50
2017.06.22 19:31:22.811,0.83942,0.83952,1.00,1.00
2017.06.22 19:31:25.932,0.83943,0.83953,1.00,1.00
2017.06.22 19:31:26.341,0.83945,0.83955,1.00,2.25
2017.06.22 19:31:26.598,0.83946,0.83957,1.50,2.25
2017.06.22 19:31:26.927,0.83948,0.83957,1.37,1.00
2017.06.22 19:31:27.198,0.83948,0.83959,1.50,1.00
2017.06.22 19:31:27.746,0.83948,0.83958,1.50,1.00
2017.06.22 19:31:28.300,0.83948,0.83957,2.25,1.00
2017.06.22 19:31:31.352,0.83948,0.83958,1.50,1.00
2017.06.22 19:31:34.344,0.83948,0.83958,1.12,1.00
2017.06.22 19:31:38.363,0.83952,0.83961,1.12,2.25
2017.06.22 19:31:38.676,0.83948,0.83958,1.87,1.00
2017.06.22 19:31:38.874,0.83947,0.83958,1.00,1.00
2017.06.22 19:31:39.842,0.83947,0.83956,1.00,1.00
2017.06.22 19:31:41.777,0.83946,0.83956,1.00,1.37
2017.06.22 19:31:41.828,0.83949,0.83959,1.12,1.00
2017.06.22 19:31:41.880,0.83951,0.8396,1.00,1.00
2017.06.22 19:31:42.239,0.83952,0.83962,1.50,1.00
2017.06.22 19:31:42.786,0.83953,0.83962,1.00,1.00
2017.06.22 19:31:43.317,0.83954,0.83962,1.00,1.00
2017.06.22 19:31:43.851,0.83955,0.83962,1.00,1.00
2017.06.22 19:31:47.150,0.83955,0.83963,1.00,1.25
2017.06.22 19:31:47.291,0.83957,0.83963,1.00,1.00
2017.06.22 19:31:47.891,0.83956,0.83963,1.00,1.00
2017.06.22 19:31:48.143,0.83956,0.83965,1.00,1.50
2017.06.22 19:31:48.655,0.83957,0.83965,1.00,1.50
2017.06.22 19:31:49.261,0.83955,0.83965,1.00,1.50
2017.06.22 19:31:54.146,0.83956,0.83965,1.00,1.50
2017.06.22 19:31:54.300,0.83959,0.83967,1.00,1.12
2017.06.22 19:31:54.809,0.83958,0.83967,1.00,1.00
2017.06.22 19:31:55.323,0.83958,0.83968,1.00,1.12
2017.06.22 19:31:56.456,0.8396,0.83969,1.00,1.37
2017.06.22 19:31:56.580,0.8396,0.8397,1.00,1.50
2017.06.22 19:31:56.631,0.83962,0.8397,1.00,1.50
2017.06.22 19:31:57.031,0.83964,0.83971,1.00,1.50
2017.06.22 19:31:57.541,0.83963,0.83972,1.00,1.00
2017.06.22 19:31:58.058,0.83962,0.83972,1.50,1.00
2017.06.22 19:31:58.493,0.83964,0.83973,1.00,1.00
2017.06.22 19:31:58.597,0.83962,0.83973,1.00,1.50
2017.06.22 19:31:58.823,0.8396,0.83967,1.37,1.00
2017.06.22 19:31:58.874,0.83957,0.83967,2.25,1.00
2017.06.22 19:31:59.293,0.8396,0.83969,1.00,1.12
2017.06.22 19:31:59.397,0.83958,0.83968,1.00,1.50
2017.06.22 19:31:59.501,0.83958,0.83967,1.00,1.87
2017.06.22 19:31:59.909,0.83956,0.83964,1.00,1.00
2017.06.22 19:32:00.904,0.83956,0.83965,1.00,1.00
2017.06.22 19:32:01.326,0.83955,0.83965,1.50,1.87
2017.06.22 19:32:01.945,0.83954,0.83964,1.00,1.87
2017.06.22 19:32:03.166,0.83955,0.83964,1.00,1.12
2017.06.22 19:32:03.271,0.83957,0.83967,1.00,1.00
2017.06.22 19:32:03.808,0.83956,0.83966,1.00,1.12
2017.06.22 19:32:04.824,0.83957,0.83966,1.00,1.00
2017.06.22 19:32:06.173,0.83955,0.83964,1.12,1.00
2017.06.22 19:32:06.503,0.83953,0.83962,1.00,1.50
2017.06.22 19:32:06.826,0.83955,0.83964,1.50,1.50
2017.06.22 19:32:07.286,0.83956,0.83966,1.00,1.50
2017.06.22 19:32:09.146,0.83958,0.83967,1.00,1.37
2017.06.22 19:32:09.350,0.83958,0.83969,1.50,1.25
2017.06.22 19:32:09.401,0.8396,0.83969,1.00,1.25
2017.06.22 19:32:09.934,0.8396,0.8397,1.00,1.50
2017.06.22 19:32:10.364,0.83962,0.8397,1.00,1.87
2017.06.22 19:32:10.416,0.83959,0.83968,1.00,1.12
2017.06.22 19:32:10.518,0.83957,0.83967,1.00,1.12
2017.06.22 19:32:12.154,0.83958,0.83967,1.00,1.12
2017.06.22 19:32:13.019,0.83957,0.83967,1.00,1.87
2017.06.22 19:32:17.621,0.83957,0.83965,1.00,1.00
2017.06.22 19:32:18.195,0.83957,0.83966,1.00,1.00
2017.06.22 19:32:20.577,0.83957,0.83965,1.00,1.00
2017.06.22 19:32:24.466,0.83957,0.83966,1.00,1.00
2017.06.22 19:32:24.518,0.83955,0.83966,1.00,1.12
2017.06.22 19:32:25.121,0.83955,0.83965,1.00,1.12
2017.06.22 19:32:25.722,0.83955,0.83964,1.00,1.00
2017.06.22 19:32:26.543,0.83955,0.83965,1.00,1.12
2017.06.22 19:32:29.011,0.83954,0.83965,1.50,1.12
2017.06.22 19:32:29.064,0.83956,0.83965,1.00,1.12
2017.06.22 19:32:29.584,0.83955,0.83964,1.00,1.00
2017.06.22 19:32:30.466,0.83957,0.83966,1.00,3.00
2017.06.22 19:32:33.761,0.83957,0.83967,1.00,1.12
2017.06.22 19:32:34.292,0.83958,0.83967,1.00,1.00
2017.06.22 19:32:34.829,0.83959,0.83967,1.00,1.00
2017.06.22 19:32:36.257,0.83959,0.83968,1.00,1.50
2017.06.22 19:32:36.514,0.83955,0.83965,1.00,1.00
2017.06.22 19:32:36.719,0.83955,0.83963,1.00,1.00
2017.06.22 19:32:37.502,0.83955,0.83965,1.50,1.50
2017.06.22 19:32:38.504,0.83956,0.83964,1.00,1.00
2017.06.22 19:32:39.115,0.83956,0.83965,1.00,1.12
2017.06.22 19:32:40.635,0.83956,0.83964,1.00,1.00
2017.06.22 19:32:41.191,0.83957,0.83964,1.00,1.00
2017.06.22 19:32:41.306,0.83955,0.83964,1.50,1.00
2017.06.22 19:32:41.850,0.83955,0.83965,1.00,1.12
2017.06.22 19:32:42.374,0.83955,0.83966,1.00,1.87
2017.06.22 19:32:42.704,0.83957,0.83966,1.00,1.87
2017.06.22 19:32:44.838,0.83956,0.83966,1.00,1.50
2017.06.22 19:32:45.372,0.83956,0.83966,1.00,1.12
2017.06.22 19:32:46.342,0.83956,0.83965,1.00,1.00
2017.06.22 19:32:46.877,0.83956,0.83966,1.00,1.00
2017.06.22 19:32:47.470,0.83958,0.83966,1.00,1.00
2017.06.22 19:32:48.424,0.83959,0.83968,1.00,1.31
2017.06.22 19:32:48.941,0.83959,0.83967,1.00,1.00
2017.06.22 19:32:49.445,0.83958,0.83967,1.50,1.00
2017.06.22 19:32:49.961,0.83959,0.83969,1.00,2.25
2017.06.22 19:32:50.218,0.83958,0.83966,1.00,1.00
2017.06.22 19:32:50.423,0.83956,0.83965,1.00,1.00
2017.06.22 19:32:50.947,0.83955,0.83965,1.00,1.00
2017.06.22 19:32:53.194,0.83956,0.83965,1.00,1.00
2017.06.22 19:32:57.472,0.83956,0.83964,1.00,1.00
2017.06.22 19:33:06.941,0.83957,0.83964,1.00,1.00
2017.06.22 19:33:07.207,0.83956,0.83966,1.00,1.50
2017.06.22 19:33:09.661,0.83958,0.83967,1.00,3.37
2017.06.22 19:33:10.176,0.83959,0.83969,1.00,2.62
2017.06.22 19:33:10.374,0.83961,0.83969,1.00,1.50
2017.06.22 19:33:12.126,0.83961,0.8397,1.00,1.87
2017.06.22 19:33:12.511,0.83961,0.83968,1.00,1.00
2017.06.22 19:33:14.619,0.83961,0.8397,1.00,1.12
2017.06.22 19:33:16.237,0.83962,0.8397,1.00,1.12
2017.06.22 19:33:24.012,0.83962,0.83972,1.00,1.12
2017.06.22 19:33:24.409,0.83964,0.83972,1.00,1.12
2017.06.22 19:33:26.344,0.83964,0.83973,1.00,1.00
2017.06.22 19:33:26.884,0.83962,0.8397,1.12,1.00
2017.06.22 19:33:27.038,0.8396,0.8397,1.00,1.00
2017.06.22 19:33:27.547,0.8396,0.83969,1.00,1.00
2017.06.22 19:33:28.338,0.83959,0.83969,1.50,1.00
2017.06.22 19:33:30.796,0.83964,0.8397,1.50,1.00
2017.06.22 19:33:30.848,0.83964,0.83972,1.00,1.00
2017.06.22 19:33:30.950,0.83962,0.8397,1.00,1.00
2017.06.22 19:33:31.492,0.83961,0.8397,1.50,1.00
2017.06.22 19:33:32.021,0.83962,0.8397,1.00,1.00
2017.06.22 19:33:32.563,0.83961,0.8397,1.00,1.00
2017.06.22 19:33:33.450,0.83961,0.83971,1.00,1.12
2017.06.22 19:33:33.758,0.83961,0.83969,1.00,1.00
2017.06.22 19:33:35.460,0.8396,0.83969,1.50,1.00
2017.06.22 19:33:35.969,0.83961,0.8397,1.00,1.00
2017.06.22 19:33:36.586,0.8396,0.8397,1.50,1.00
2017.06.22 19:33:40.133,0.83961,0.8397,1.00,1.00
2017.06.22 19:33:41.832,0.8396,0.8397,1.00,1.50
2017.06.22 19:33:45.982,0.83957,0.83966,1.12,1.00
2017.06.22 19:33:46.494,0.83956,0.83965,1.00,1.12
2017.06.22 19:33:47.086,0.83956,0.83965,1.00,1.50
2017.06.22 19:33:49.823,0.83953,0.83962,1.00,1.00
2017.06.22 19:33:50.367,0.83952,0.83962,1.00,1.87
2017.06.22 19:33:51.247,0.83952,0.83962,1.00,1.00
2017.06.22 19:33:51.349,0.83955,0.83963,1.00,1.00
2017.06.22 19:33:51.892,0.83956,0.83965,1.00,1.50
2017.06.22 19:33:52.436,0.83956,0.83964,1.00,1.00
2017.06.22 19:33:52.957,0.83955,0.83964,1.00,1.00
2017.06.22 19:33:54.099,0.83955,0.83963,1.00,1.00
2017.06.22 19:33:54.151,0.83953,0.83964,1.50,1.25
2017.06.22 19:33:54.202,0.83955,0.83964,1.00,1.00
2017.06.22 19:33:54.839,0.83955,0.83965,1.00,1.12
2017.06.22 19:33:55.393,0.83955,0.83964,1.00,1.25
2017.06.22 19:33:55.947,0.83954,0.83964,1.00,1.25
2017.06.22 19:33:56.253,0.83956,0.83964,1.00,1.25
2017.06.22 19:33:57.177,0.83954,0.83965,1.50,1.31
2017.06.22 19:33:57.687,0.83954,0.83964,1.00,1.00
2017.06.22 19:33:58.314,0.83954,0.83965,1.50,1.12
2017.06.22 19:33:59.209,0.83954,0.83966,1.69,1.00
2017.06.22 19:33:59.887,0.83954,0.83965,1.69,1.00
2017.06.22 19:34:02.522,0.83956,0.83966,1.00,1.00
2017.06.22 19:34:03.042,0.83957,0.83967,1.00,1.87
2017.06.22 19:34:03.348,0.83956,0.83965,1.50,1.00
2017.06.22 19:34:03.859,0.83956,0.83966,1.00,1.12
2017.06.22 19:34:04.383,0.83955,0.83966,1.50,1.12
2017.06.22 19:34:04.740,0.83955,0.83964,1.50,1.00
2017.06.22 19:34:05.780,0.83955,0.83966,1.00,1.12
2017.06.22 19:34:06.804,0.83955,0.83964,1.50,1.00
2017.06.22 19:34:06.977,0.83955,0.83966,1.50,1.87
2017.06.22 19:34:07.493,0.83955,0.83965,1.00,1.00
2017.06.22 19:34:12.424,0.83955,0.83966,1.00,1.87
2017.06.22 19:34:12.957,0.83956,0.83966,1.12,1.00
2017.06.22 19:34:13.495,0.83955,0.83967,1.50,1.12
2017.06.22 19:34:15.618,0.83956,0.83965,1.00,1.00
2017.06.22 19:34:16.956,0.8396,0.83968,1.00,2.25
2017.06.22 19:34:17.161,0.83963,0.83972,1.00,1.00
2017.06.22 19:34:17.672,0.83961,0.83969,1.00,1.00
2017.06.22 19:34:17.878,0.83958,0.83967,1.50,1.00
2017.06.22 19:34:18.661,0.83957,0.83967,1.50,1.00
2017.06.22 19:34:18.713,0.83959,0.83967,1.00,1.00
2017.06.22 19:34:18.871,0.83957,0.83967,1.50,1.00
2017.06.22 19:34:19.387,0.83956,0.83966,1.50,1.87
2017.06.22 19:34:20.170,0.83957,0.83967,1.00,1.37
2017.06.22 19:34:21.069,0.83958,0.83968,1.00,3.75
2017.06.22 19:34:21.324,0.83958,0.83968,1.00,1.87
2017.06.22 19:34:21.837,0.83959,0.83968,1.00,1.50
2017.06.22 19:34:26.349,0.83959,0.83969,1.00,1.00
2017.06.22 19:34:27.115,0.8396,0.83969,1.00,1.00
2017.06.22 19:34:27.651,0.83959,0.83968,1.00,1.00
2017.06.22 19:34:28.020,0.83959,0.83966,1.00,1.00
2017.06.22 19:34:28.073,0.83957,0.83965,1.12,1.00
2017.06.22 19:34:28.584,0.83956,0.83966,1.00,1.00
2017.06.22 19:34:30.090,0.83957,0.83966,1.00,1.00
2017.06.22 19:34:30.193,0.83957,0.83968,1.50,1.50
2017.06.22 19:34:30.245,0.83959,0.83968,1.00,1.12
2017.06.22 19:34:30.840,0.83958,0.83968,1.00,1.00
2017.06.22 19:34:31.375,0.8396,0.83969,1.00,1.00
2017.06.22 19:34:31.426,0.83957,0.83968,1.87,1.00
2017.06.22 19:34:34.205,0.83957,0.83966,1.00,1.00
2017.06.22 19:34:34.686,0.83956,0.83964,1.12,1.00
2017.06.22 19:34:34.843,0.83957,0.83966,1.00,1.00
2017.06.22 19:34:35.981,0.83958,0.83966,1.00,1.00
2017.06.22 19:34:36.403,0.83958,0.83968,1.12,1.00
2017.06.22 19:34:37.048,0.83958,0.83966,1.12,1.00
2017.06.22 19:34:37.276,0.83958,0.83968,1.00,1.00
2017.06.22 19:34:37.480,0.83958,0.83968,2.62,1.00
2017.06.22 19:34:37.835,0.83962,0.83971,1.00,1.00
2017.06.22 19:34:38.715,0.83963,0.83971,1.00,1.00
2017.06.22 19:34:41.505,0.83965,0.83972,1.00,1.00
2017.06.22 19:34:42.037,0.83965,0.83973,1.12,1.00
2017.06.22 19:34:42.569,0.83965,0.83974,1.00,1.25
2017.06.22 19:34:43.157,0.83968,0.83975,1.00,1.50
2017.06.22 19:34:43.412,0.83966,0.83975,1.00,1.00
2017.06.22 19:34:43.769,0.83965,0.83973,1.00,1.50
2017.06.22 19:34:44.077,0.83962,0.8397,1.12,1.00
2017.06.22 19:34:45.524,0.83962,0.83971,1.00,1.00
2017.06.22 19:34:46.202,0.83962,0.8397,1.00,1.00
2017.06.22 19:34:47.620,0.83962,0.83971,1.00,1.00
2017.06.22 19:34:48.162,0.83962,0.8397,1.00,1.00
2017.06.22 19:34:48.626,0.83964,0.8397,1.00,1.00
2017.06.22 19:34:49.110,0.83962,0.83971,1.00,1.00
2017.06.22 19:34:49.613,0.83963,0.8397,1.00,1.00
2017.06.22 19:34:50.182,0.83964,0.8397,1.00,1.00
2017.06.22 19:34:50.700,0.83964,0.83971,1.00,1.00
2017.06.22 19:34:51.227,0.83963,0.83971,1.00,1.00
2017.06.22 19:34:53.485,0.83963,0.83972,1.00,1.00
2017.06.22 19:34:53.994,0.83962,0.83971,1.00,1.00
2017.06.22 19:34:56.718,0.83963,0.83971,1.00,1.00
2017.06.22 19:35:11.185,0.83963,0.8397,1.00,1.00
2017.06.22 19:35:20.187,0.83962,0.8397,1.00,1.00
2017.06.22 19:35:21.963,0.83962,0.83969,1.00,1.00
2017.06.22 19:35:22.015,0.8396,0.83967,1.00,1.00
2017.06.22 19:35:22.326,0.83958,0.83967,1.12,1.00
2017.06.22 19:35:32.282,0.83955,0.83965,1.87,1.00
2017.06.22 19:35:32.539,0.83954,0.83963,1.31,1.00
2017.06.22 19:35:33.050,0.83954,0.83964,2.06,1.00
2017.06.22 19:35:33.559,0.83954,0.83964,2.44,1.00
2017.06.22 19:35:34.108,0.83955,0.83964,1.12,1.00
2017.06.22 19:35:49.792,0.83955,0.83964,1.37,1.00
2017.06.22 19:35:50.113,0.83957,0.83966,1.37,1.00
2017.06.22 19:35:50.603,0.83959,0.83968,1.00,1.00
2017.06.22 19:35:51.238,0.83959,0.83969,1.00,1.00
2017.06.22 19:35:52.630,0.8396,0.8397,1.00,1.00
2017.06.22 19:35:53.456,0.8396,0.83969,1.12,1.00
2017.06.22 19:35:58.505,0.83961,0.83969,1.00,1.00
2017.06.22 19:36:00.646,0.83961,0.83969,1.37,1.00
2017.06.22 19:36:01.147,0.83961,0.83969,1.12,1.00
2017.06.22 19:36:01.754,0.83961,0.83969,1.37,1.00
2017.06.22 19:36:02.272,0.83962,0.83969,1.37,1.00
2017.06.22 19:36:02.781,0.83962,0.8397,1.37,1.00
2017.06.22 19:36:03.378,0.83962,0.8397,1.12,1.00
2017.06.22 19:36:03.929,0.83962,0.83971,1.00,1.00
2017.06.22 19:36:07.807,0.83967,0.83974,1.12,1.00
2017.06.22 19:36:08.113,0.83969,0.83976,1.00,1.12
2017.06.22 19:36:08.686,0.83968,0.83976,1.12,1.37
2017.06.22 19:36:09.450,0.83968,0.83976,1.37,1.00
2017.06.22 19:36:10.011,0.83969,0.83977,1.00,1.00
2017.06.22 19:36:10.608,0.8397,0.83977,1.00,1.00
2017.06.22 19:36:19.730,0.8397,0.83979,1.50,1.00
2017.06.22 19:36:29.311,0.83972,0.83979,1.00,1.00
2017.06.22 19:36:29.464,0.83972,0.83981,2.25,1.00
2017.06.22 19:36:30.062,0.83972,0.8398,1.12,1.00
2017.06.22 19:36:30.563,0.83973,0.8398,1.00,1.00
2017.06.22 19:36:31.552,0.83972,0.8398,1.00,1.00
2017.06.22 19:36:32.911,0.8397,0.8398,1.00,1.00
2017.06.22 19:36:33.013,0.8397,0.83978,1.00,1.00
2017.06.22 19:36:41.485,0.83971,0.83978,1.00,1.00
2017.06.22 19:36:42.988,0.83972,0.83978,1.00,1.00
2017.06.22 19:36:44.390,0.8397,0.83978,1.12,1.00
2017.06.22 19:36:45.103,0.8397,0.83979,2.62,1.00
2017.06.22 19:36:46.096,0.83971,0.83979,1.00,1.00
2017.06.22 19:37:01.948,0.8397,0.83979,1.00,1.00
2017.06.22 19:37:04.546,0.8397,0.83981,1.00,1.50
2017.06.22 19:37:05.128,0.83971,0.83981,1.00,1.00
2017.06.22 19:37:05.763,0.8397,0.83981,1.12,1.50
2017.06.22 19:37:08.369,0.83972,0.83981,1.00,1.50
2017.06.22 19:37:10.382,0.8397,0.83981,1.00,1.00
2017.06.22 19:37:10.895,0.83971,0.83981,1.12,1.00
2017.06.22 19:37:13.670,0.83972,0.83981,1.00,1.00
2017.06.22 19:37:13.722,0.83972,0.83979,1.00,1.00
2017.06.22 19:37:14.421,0.83972,0.8398,1.00,1.00
2017.06.22 19:37:15.078,0.83971,0.8398,1.12,1.00
2017.06.22 19:37:15.891,0.8397,0.83978,1.12,1.00
2017.06.22 19:37:16.681,0.8397,0.83979,1.00,1.00
2017.06.22 19:37:17.506,0.8397,0.83978,1.00,1.00
2017.06.22 19:37:19.273,0.83969,0.83976,1.00,1.00
2017.06.22 19:37:21.372,0.83968,0.83977,1.50,1.00
2017.06.22 19:37:21.914,0.83967,0.83976,1.00,1.00
2017.06.22 19:37:22.446,0.83966,0.83976,1.87,1.00
2017.06.22 19:37:25.835,0.83967,0.83977,1.00,1.50
2017.06.22 19:37:25.887,0.83969,0.83978,1.00,1.50
2017.06.22 19:37:26.041,0.83969,0.8398,1.50,2.25
2017.06.22 19:37:26.549,0.83969,0.8398,1.12,1.50
2017.06.22 19:37:26.826,0.83971,0.8398,1.00,1.50
2017.06.22 19:37:30.514,0.83971,0.83981,1.50,1.50
2017.06.22 19:37:31.023,0.83971,0.83982,2.25,2.44
2017.06.22 19:37:33.808,0.83972,0.83982,1.00,2.06
2017.06.22 19:37:34.115,0.83974,0.83982,1.50,1.00
2017.06.22 19:37:35.070,0.83974,0.8398,1.00,1.00
2017.06.22 19:37:36.201,0.83974,0.83981,1.00,1.00
2017.06.22 19:37:36.843,0.83974,0.83982,1.00,1.50
2017.06.22 19:37:37.152,0.83974,0.8398,1.00,1.00
2017.06.22 19:37:39.833,0.83974,0.83981,1.00,1.50
2017.06.22 19:37:40.162,0.83974,0.83979,1.00,1.00
2017.06.22 19:37:45.174,0.83974,0.83978,1.00,1.00
2017.06.22 19:37:53.114,0.83974,0.8398,1.00,1.50
2017.06.22 19:37:53.659,0.83974,0.83981,1.00,1.50
2017.06.22 19:37:58.036,0.83974,0.8398,1.00,1.00
2017.06.22 19:37:58.585,0.83974,0.83981,1.00,1.69
2017.06.22 19:37:59.041,0.83974,0.83978,1.00,1.00
2017.06.22 19:37:59.143,0.83974,0.8398,1.00,1.69
2017.06.22 19:37:59.647,0.83974,0.83979,1.00,1.50
2017.06.22 19:38:00.260,0.83974,0.83978,1.00,1.00
2017.06.22 19:38:02.689,0.83974,0.83979,1.00,1.00
2017.06.22 19:38:03.346,0.83974,0.8398,1.00,1.50
2017.06.22 19:38:03.889,0.83974,0.8398,1.00,1.87
2017.06.22 19:38:04.431,0.83974,0.8398,1.00,1.00
2017.06.22 19:38:07.236,0.83974,0.83982,1.00,2.06
2017.06.22 19:38:08.905,0.83975,0.83982,1.00,1.00
2017.06.22 19:38:09.456,0.83975,0.83983,1.00,1.00
2017.06.22 19:38:12.619,0.83975,0.83983,1.00,2.44
2017.06.22 19:38:12.925,0.83973,0.83977,1.00,1.00
2017.06.22 19:38:13.028,0.83973,0.83979,1.00,1.50
2017.06.22 19:38:19.013,0.83973,0.8398,1.00,1.12
2017.06.22 19:38:21.044,0.83973,0.83979,1.00,1.00
2017.06.22 19:38:21.564,0.83973,0.83978,1.00,1.00
2017.06.22 19:38:21.796,0.83973,0.8398,1.00,1.87
2017.06.22 19:38:22.422,0.83973,0.83979,1.00,1.00
2017.06.22 19:38:22.946,0.83973,0.8398,1.00,1.87
2017.06.22 19:38:23.201,0.83973,0.83978,1.00,1.00
2017.06.22 19:38:24.355,0.83972,0.83976,1.00,1.00
2017.06.22 19:38:24.457,0.83973,0.83978,1.00,1.00
2017.06.22 19:38:24.982,0.83973,0.83979,1.00,1.12
2017.06.22 19:38:25.270,0.83971,0.83979,1.00,1.12
2017.06.22 19:38:25.856,0.83971,0.83978,1.00,1.00
2017.06.22 19:38:29.258,0.83971,0.83976,1.00,1.12
2017.06.22 19:38:29.438,0.83967,0.83976,1.87,1.12
2017.06.22 19:38:29.540,0.83967,0.83975,1.00,1.37
2017.06.22 19:38:29.847,0.83967,0.83972,1.00,1.12
2017.06.22 19:38:30.264,0.83965,0.8397,1.00,1.00
2017.06.22 19:38:30.316,0.83963,0.8397,1.00,1.00
2017.06.22 19:38:30.561,0.83962,0.8397,1.50,2.25
2017.06.22 19:38:30.767,0.83965,0.83971,1.00,1.00
2017.06.22 19:38:31.429,0.83965,0.83973,1.00,1.50
2017.06.22 19:38:32.383,0.83966,0.83974,1.00,1.50
2017.06.22 19:38:32.935,0.83967,0.83974,1.00,1.50
2017.06.22 19:38:34.857,0.83966,0.83975,1.50,2.44
2017.06.22 19:38:36.552,0.83966,0.83975,1.00,1.69
2017.06.22 19:38:37.100,0.83966,0.83973,1.00,1.00
2017.06.22 19:38:37.723,0.83966,0.83975,1.00,2.44
2017.06.22 19:38:39.953,0.83966,0.83973,1.00,1.00
2017.06.22 19:38:40.462,0.83966,0.83974,1.00,1.25
2017.06.22 19:38:53.869,0.83966,0.83975,1.00,1.00
2017.06.22 19:38:54.437,0.83966,0.83976,2.62,1.00
2017.06.22 19:38:54.490,0.83968,0.83976,1.00,1.00
2017.06.22 19:38:55.980,0.83968,0.83977,1.00,1.12
2017.06.22 19:38:56.790,0.83968,0.83978,1.00,1.87
2017.06.22 19:38:57.636,0.83969,0.83978,1.00,1.00
2017.06.22 19:38:58.160,0.83969,0.83979,1.00,1.87
2017.06.22 19:38:58.701,0.8397,0.83979,1.00,1.50
2017.06.22 19:38:59.208,0.83971,0.83979,1.00,1.00
2017.06.22 19:39:00.033,0.8397,0.8398,1.50,1.50
2017.06.22 19:39:00.620,0.83971,0.8398,1.12,1.00
2017.06.22 19:39:02.112,0.8397,0.8398,1.87,1.50
2017.06.22 19:39:02.627,0.8397,0.83979,1.12,1.00
2017.06.22 19:39:03.867,0.8397,0.8398,1.12,1.00
2017.06.22 19:39:05.227,0.8397,0.83979,1.12,1.00
2017.06.22 19:39:05.887,0.8397,0.8398,1.12,1.00
2017.06.22 19:39:08.737,0.83969,0.8398,1.00,2.25
2017.06.22 19:39:09.043,0.8397,0.83977,1.00,1.00
2017.06.22 19:39:09.552,0.8397,0.83978,1.00,1.00
2017.06.22 19:39:10.090,0.8397,0.83977,1.00,1.00
2017.06.22 19:39:10.608,0.8397,0.83978,1.00,1.00
2017.06.22 19:39:11.111,0.83969,0.83978,1.12,1.00
2017.06.22 19:39:11.739,0.83969,0.8398,1.12,1.50
2017.06.22 19:39:12.620,0.83972,0.8398,1.00,1.00
2017.06.22 19:39:13.144,0.83972,0.83981,1.00,2.25
2017.06.22 19:39:13.447,0.83972,0.83979,1.00,1.00
2017.06.22 19:39:13.500,0.83969,0.83979,2.62,1.00
2017.06.22 19:39:14.887,0.83968,0.83979,1.00,2.25
2017.06.22 19:39:17.153,0.83968,0.83978,1.00,1.00
2017.06.22 19:39:17.666,0.83968,0.83977,1.00,1.50
2017.06.22 19:39:18.519,0.83968,0.83976,1.00,1.00
2017.06.22 19:39:18.673,0.83966,0.83976,4.12,1.00
2017.06.22 19:39:19.216,0.83964,0.83972,1.12,1.50
2017.06.22 19:39:19.269,0.83962,0.83972,1.50,1.00
2017.06.22 19:39:19.321,0.83961,0.83969,1.50,1.00
2017.06.22 19:39:19.820,0.8396,0.83969,1.12,1.00
2017.06.22 19:39:19.871,0.8396,0.83967,1.00,1.00
2017.06.22 19:39:20.213,0.83951,0.83959,1.50,1.50
2017.06.22 19:39:20.316,0.8395,0.83959,1.00,1.50
2017.06.22 19:39:21.288,0.83948,0.83957,3.00,1.00
2017.06.22 19:39:21.339,0.83949,0.83959,1.00,1.87
2017.06.22 19:39:21.443,0.8395,0.83957,1.00,1.00
2017.06.22 19:39:21.597,0.83951,0.8396,1.50,1.00
2017.06.22 19:39:22.059,0.83949,0.83957,1.00,1.00
2017.06.22 19:39:22.567,0.83949,0.83959,1.00,1.00
2017.06.22 19:39:23.226,0.83949,0.83958,1.00,1.00
2017.06.22 19:39:23.776,0.8395,0.83958,1.00,1.00
2017.06.22 19:39:24.324,0.83951,0.83959,1.00,1.00
2017.06.22 19:39:24.838,0.83952,0.83959,1.00,1.00
2017.06.22 19:39:25.397,0.83951,0.83959,1.00,1.00
2017.06.22 19:39:26.585,0.83952,0.83959,1.00,1.00
2017.06.22 19:39:27.252,0.83952,0.83958,1.00,1.00
2017.06.22 19:39:29.565,0.83951,0.83958,1.00,1.00
2017.06.22 19:39:29.938,0.83947,0.83957,1.50,1.00
2017.06.22 19:39:29.990,0.83947,0.83955,1.00,1.00
2017.06.22 19:39:30.297,0.83947,0.83954,1.00,1.50
2017.06.22 19:39:30.348,0.83945,0.83954,1.50,1.50
2017.06.22 19:39:30.949,0.83944,0.83954,1.00,1.50
2017.06.22 19:39:31.675,0.83945,0.83955,1.00,3.00
2017.06.22 19:39:31.778,0.83945,0.83955,1.00,1.50
2017.06.22 19:39:32.495,0.83946,0.83955,1.00,1.87
2017.06.22 19:39:36.176,0.83944,0.83955,1.12,1.12
2017.06.22 19:39:39.746,0.83946,0.83955,1.00,1.12
2017.06.22 19:39:40.126,0.8395,0.83959,1.12,1.00
2017.06.22 19:39:42.543,0.83949,0.83958,1.00,1.00
2017.06.22 19:39:48.153,0.83948,0.83958,1.00,1.00
2017.06.22 19:39:48.736,0.83946,0.83958,1.37,1.00
2017.06.22 19:39:49.600,0.83947,0.83958,1.69,1.00
2017.06.22 19:39:55.713,0.83948,0.83959,1.25,1.12
2017.06.22 19:39:56.655,0.83948,0.83958,1.25,1.00
2017.06.22 19:39:57.179,0.83948,0.83959,1.12,1.87
2017.06.22 19:39:57.730,0.83948,0.83958,1.00,1.00
2017.06.22 19:39:58.441,0.83949,0.83958,1.00,1.00
2017.06.22 19:39:58.964,0.83949,0.83957,1.00,1.00
2017.06.22 19:40:00.287,0.83949,0.83959,1.00,1.87
2017.06.22 19:40:00.946,0.83949,0.83958,1.00,1.00
2017.06.22 19:40:01.622,0.83948,0.83958,1.50,1.00
2017.06.22 19:40:01.768,0.83947,0.83953,1.00,1.00
2017.06.22 19:40:02.301,0.83948,0.83956,1.00,1.00
2017.06.22 19:40:02.808,0.83947,0.83956,1.00,1.12
2017.06.22 19:40:04.295,0.83948,0.83957,1.00,1.87
2017.06.22 19:40:05.955,0.83947,0.83955,1.00,1.00
2017.06.22 19:40:06.615,0.83947,0.83957,1.00,1.87
2017.06.22 19:40:07.277,0.83948,0.83958,1.00,2.25
2017.06.22 19:40:07.380,0.83949,0.83958,1.00,1.50
2017.06.22 19:40:07.740,0.83951,0.83959,1.00,1.00
2017.06.22 19:40:07.894,0.83952,0.83961,1.00,1.00
2017.06.22 19:40:08.344,0.83952,0.83959,1.00,1.00
2017.06.22 19:40:08.855,0.83951,0.83959,1.00,1.00
2017.06.22 19:40:10.926,0.83951,0.83957,1.00,1.00
2017.06.22 19:40:11.588,0.83951,0.8396,1.00,1.69
2017.06.22 19:40:12.750,0.83951,0.8396,1.00,1.50
2017.06.22 19:40:13.409,0.83951,0.83959,1.00,1.00
2017.06.22 19:40:13.918,0.83951,0.8396,1.00,1.50
2017.06.22 19:40:17.642,0.83953,0.83962,1.00,2.06
2017.06.22 19:40:18.155,0.83952,0.83962,1.00,1.00
2017.06.22 19:40:18.461,0.83951,0.8396,1.00,1.00
2017.06.22 19:40:19.727,0.8395,0.8396,1.00,1.00
2017.06.22 19:40:20.062,0.8395,0.83958,1.00,1.00
2017.06.22 19:40:23.303,0.83949,0.83958,1.50,1.00
2017.06.22 19:40:23.845,0.8395,0.83958,1.00,1.00
2017.06.22 19:40:25.601,0.83948,0.83958,1.00,1.00
2017.06.22 19:40:31.639,0.83948,0.83957,1.00,1.00
2017.06.22 19:40:31.691,0.83946,0.83954,1.50,1.00
2017.06.22 19:40:31.793,0.83945,0.83953,1.00,1.00
2017.06.22 19:40:32.322,0.83944,0.83953,1.50,1.00
2017.06.22 19:40:38.088,0.83946,0.83955,1.00,1.00
2017.06.22 19:40:38.631,0.83946,0.83954,1.00,1.00
2017.06.22 19:40:41.681,0.83944,0.83954,1.12,1.00
2017.06.22 19:40:43.634,0.83944,0.83953,1.12,1.00
2017.06.22 19:40:44.636,0.83945,0.83954,1.00,1.00
2017.06.22 19:40:44.840,0.83946,0.83956,1.00,2.25
2017.06.22 19:40:45.821,0.83946,0.83954,1.50,1.00
2017.06.22 19:40:46.334,0.83946,0.83956,1.12,1.00
2017.06.22 19:40:46.386,0.83948,0.83956,1.00,1.00
2017.06.22 19:40:47.299,0.83949,0.83958,1.00,1.00
2017.06.22 19:40:48.348,0.83949,0.8396,1.50,1.31
2017.06.22 19:40:48.502,0.83952,0.83961,1.00,1.00
2017.06.22 19:40:51.129,0.83952,0.8396,1.50,1.00
2017.06.22 19:40:52.093,0.83952,0.83961,1.50,1.12
2017.06.22 19:40:56.152,0.83952,0.8396,1.50,1.00
2017.06.22 19:41:00.326,0.83952,0.83959,1.00,1.00
2017.06.22 19:41:03.993,0.8395,0.83959,1.50,1.00
2017.06.22 19:41:06.912,0.83949,0.83959,1.00,1.00
2017.06.22 19:41:09.200,0.8395,0.83959,1.00,1.00
2017.06.22 19:41:12.041,0.8395,0.8396,1.00,1.00
2017.06.22 19:41:12.602,0.8395,0.83959,1.00,1.00
2017.06.22 19:41:18.680,0.83949,0.83959,1.12,1.00
2017.06.22 19:41:18.782,0.83951,0.83959,1.00,1.00
2017.06.22 19:41:25.942,0.83951,0.8396,1.00,1.00
2017.06.22 19:41:26.501,0.83951,0.83959,1.00,1.00
2017.06.22 19:41:27.443,0.83952,0.8396,1.00,1.00
2017.06.22 19:41:28.153,0.83951,0.83961,1.00,1.00
2017.06.22 19:41:30.341,0.83952,0.83962,2.25,1.00
2017.06.22 19:41:30.858,0.83952,0.83963,1.37,1.00
2017.06.22 19:41:31.391,0.83953,0.83962,1.87,1.00
2017.06.22 19:41:32.328,0.83953,0.83961,1.12,1.00
2017.06.22 19:41:33.084,0.83951,0.83959,1.00,1.00
2017.06.22 19:41:33.618,0.8395,0.83959,1.87,1.00
2017.06.22 19:41:34.168,0.83951,0.8396,1.00,1.00
2017.06.22 19:41:35.053,0.83949,0.8396,3.75,1.00
2017.06.22 19:41:36.055,0.83951,0.8396,1.00,1.00
2017.06.22 19:41:36.648,0.83949,0.8396,3.75,1.00
2017.06.22 19:41:36.750,0.83949,0.83958,3.75,1.00
2017.06.22 19:41:38.903,0.8395,0.83958,1.00,1.00
2017.06.22 19:41:42.244,0.83948,0.83957,1.12,1.00
2017.06.22 19:41:42.774,0.83947,0.83957,1.00,1.00
2017.06.22 19:41:43.558,0.83946,0.83955,1.50,1.00
2017.06.22 19:41:44.084,0.83947,0.83956,1.00,1.00
2017.06.22 19:41:44.840,0.83947,0.83955,1.00,1.00
2017.06.22 19:41:44.891,0.83945,0.83955,1.00,1.00
2017.06.22 19:41:45.198,0.83944,0.83952,1.50,1.00
2017.06.22 19:41:45.454,0.83935,0.83944,1.00,1.00
2017.06.22 19:41:45.675,0.83935,0.83942,1.00,1.00
2017.06.22 19:41:45.982,0.83932,0.83939,1.12,1.00
2017.06.22 19:41:46.085,0.8393,0.83939,1.50,1.00
2017.06.22 19:41:46.393,0.83933,0.83941,1.00,1.50
2017.06.22 19:41:46.897,0.83932,0.8394,1.00,1.00
2017.06.22 19:41:47.414,0.83933,0.83941,1.00,1.00
2017.06.22 19:41:48.008,0.83932,0.83941,1.50,1.00
2017.06.22 19:41:48.540,0.83932,0.8394,1.00,1.00
2017.06.22 19:41:49.117,0.83931,0.8394,1.87,1.00
2017.06.22 19:41:50.101,0.8393,0.8394,1.87,1.00
2017.06.22 19:41:50.417,0.83928,0.83939,2.25,1.50
2017.06.22 19:41:50.927,0.83927,0.83938,2.62,1.00
2017.06.22 19:41:51.473,0.83927,0.83937,1.37,1.00
2017.06.22 19:41:52.428,0.83925,0.83934,6.00,1.00
2017.06.22 19:41:52.581,0.83925,0.83934,1.50,1.00
2017.06.22 19:41:52.786,0.83925,0.83937,1.87,1.87
2017.06.22 19:41:53.514,0.83925,0.83936,1.87,1.00
2017.06.22 19:41:54.032,0.83924,0.83934,2.81,1.00
2017.06.22 19:41:54.390,0.83925,0.83936,1.00,1.12
2017.06.22 19:41:54.694,0.83923,0.83933,2.25,1.00
2017.06.22 19:41:54.848,0.83924,0.83935,1.87,1.87
2017.06.22 19:41:55.376,0.83924,0.83935,3.37,1.00
2017.06.22 19:41:55.887,0.83925,0.83936,1.12,1.00
2017.06.22 19:41:56.416,0.83926,0.83937,1.00,1.00
2017.06.22 19:41:56.926,0.83926,0.83936,1.50,1.00
2017.06.22 19:41:57.466,0.83928,0.83939,1.00,2.25
2017.06.22 19:41:57.652,0.83931,0.8394,1.00,1.37
2017.06.22 19:41:57.755,0.83933,0.83942,1.00,1.00
2017.06.22 19:41:57.806,0.83936,0.83944,1.00,1.50
2017.06.22 19:41:57.858,0.83935,0.83944,1.00,1.00
2017.06.22 19:41:58.528,0.83934,0.83942,1.87,1.00
2017.06.22 19:41:58.580,0.8393,0.83942,1.50,2.25
2017.06.22 19:41:59.695,0.83932,0.83943,1.50,1.87
2017.06.22 19:42:00.208,0.83933,0.83943,1.00,1.12
2017.06.22 19:42:00.809,0.83934,0.83943,1.00,1.12
2017.06.22 19:42:01.321,0.83935,0.83943,1.00,1.12
2017.06.22 19:42:01.672,0.83933,0.83942,1.00,1.00
2017.06.22 19:42:02.284,0.83932,0.83942,1.00,1.00
2017.06.22 19:42:03.513,0.83931,0.83941,1.12,1.12
2017.06.22 19:42:03.564,0.83931,0.83939,1.12,1.00
2017.06.22 19:42:04.088,0.8393,0.83939,1.50,1.00
2017.06.22 19:42:09.183,0.8393,0.83941,1.00,1.87
2017.06.22 19:42:10.712,0.83931,0.83941,1.00,1.12
2017.06.22 19:42:13.179,0.83931,0.8394,1.00,1.00
2017.06.22 19:42:14.337,0.83931,0.83941,1.00,1.50
2017.06.22 19:42:17.252,0.83931,0.8394,1.00,1.00
2017.06.22 19:42:17.763,0.83931,0.83938,1.00,1.00
2017.06.22 19:42:18.451,0.83931,0.83939,1.00,1.50
2017.06.22 19:42:18.972,0.8393,0.83939,1.00,1.50
2017.06.22 19:42:21.647,0.83929,0.83938,1.00,1.00
2017.06.22 19:42:22.186,0.8393,0.83938,1.00,1.00
2017.06.22 19:42:22.727,0.8393,0.83939,1.00,1.87
2017.06.22 19:42:23.589,0.8393,0.83937,1.00,1.00
2017.06.22 19:42:23.971,0.8393,0.83939,1.00,1.12
2017.06.22 19:42:24.485,0.83931,0.8394,1.00,1.50
2017.06.22 19:42:24.828,0.83933,0.8394,1.00,1.50
2017.06.22 19:42:25.492,0.83933,0.83941,1.00,1.87
2017.06.22 19:42:31.329,0.83935,0.83942,1.00,1.50
2017.06.22 19:42:31.869,0.83935,0.83942,1.00,1.00
2017.06.22 19:42:32.885,0.83935,0.83943,1.00,1.50
2017.06.22 19:42:33.493,0.83935,0.83942,1.00,1.00
2017.06.22 19:42:34.067,0.83934,0.83942,1.12,1.50
2017.06.22 19:42:34.815,0.83935,0.83942,1.00,1.00
2017.06.22 19:42:35.419,0.83935,0.83943,1.00,1.00
2017.06.22 19:42:35.967,0.83936,0.83943,1.00,1.00
2017.06.22 19:42:37.705,0.83936,0.83945,1.00,1.50
2017.06.22 19:42:38.052,0.83938,0.83945,1.00,1.00
2017.06.22 19:42:38.834,0.83938,0.83944,1.00,1.00
2017.06.22 19:42:38.885,0.83936,0.83945,2.44,1.87
2017.06.22 19:42:38.989,0.83934,0.83942,1.12,1.00
2017.06.22 19:42:39.257,0.83934,0.83944,1.19,1.12
2017.06.22 19:42:39.913,0.83936,0.83944,1.00,1.00
2017.06.22 19:42:40.600,0.83936,0.83943,1.00,1.00
2017.06.22 19:42:42.133,0.83936,0.83944,1.00,1.00
2017.06.22 19:42:43.549,0.83936,0.83943,1.00,1.00
2017.06.22 19:42:43.715,0.83936,0.83945,1.00,1.12
2017.06.22 19:42:44.018,0.83935,0.83943,1.00,1.00
2017.06.22 19:42:44.599,0.83935,0.83945,1.00,1.12
2017.06.22 19:42:44.716,0.83935,0.83943,1.00,1.00
2017.06.22 19:42:47.528,0.83935,0.83945,1.00,1.87
2017.06.22 19:42:48.076,0.83935,0.83944,1.00,1.00
2017.06.22 19:42:48.753,0.83935,0.83945,1.00,1.12
2017.06.22 19:42:49.300,0.83935,0.83944,1.00,1.00
2017.06.22 19:42:50.640,0.8394,0.83945,1.00,1.12
2017.06.22 19:42:50.742,0.8394,0.83948,1.00,1.87
2017.06.22 19:42:53.633,0.8394,0.83947,1.00,1.00
2017.06.22 19:42:54.148,0.83941,0.83948,1.00,1.00
2017.06.22 19:42:54.250,0.83943,0.8395,1.00,1.00
2017.06.22 19:42:54.772,0.83942,0.8395,1.00,1.00
2017.06.22 19:42:55.268,0.8394,0.8395,1.12,1.00
2017.06.22 19:42:55.528,0.83937,0.83944,2.62,1.00
2017.06.22 19:42:55.630,0.83935,0.83943,1.00,1.00
2017.06.22 19:42:56.919,0.83933,0.83942,4.69,1.00
2017.06.22 19:42:57.126,0.83932,0.83941,1.00,1.00
2017.06.22 19:42:57.677,0.83932,0.83942,2.06,1.00
2017.06.22 19:42:57.839,0.83933,0.83944,1.69,1.87
2017.06.22 19:42:58.390,0.83935,0.83943,1.00,1.00
2017.06.22 19:42:59.810,0.83933,0.83943,2.06,1.50
2017.06.22 19:43:00.378,0.83933,0.83942,2.81,1.00
2017.06.22 19:43:00.808,0.83933,0.83944,2.81,2.62
2017.06.22 19:43:01.318,0.83933,0.83943,2.81,1.00
2017.06.22 19:43:01.938,0.83933,0.83942,2.81,1.00
2017.06.22 19:43:02.478,0.83934,0.83943,1.12,2.25
2017.06.22 19:43:03.226,0.83934,0.83942,1.12,1.00
2017.06.22 19:43:03.329,0.83931,0.8394,1.12,1.00
2017.06.22 19:43:03.585,0.83933,0.83943,1.50,2.25
2017.06.22 19:43:03.849,0.83929,0.83939,1.69,1.00
2017.06.22 19:43:04.897,0.83928,0.83937,1.00,1.00
2017.06.22 19:43:05.787,0.83928,0.83938,1.25,1.00
2017.06.22 19:43:06.956,0.83928,0.83936,1.25,1.00
2017.06.22 19:43:07.466,0.83926,0.83936,1.19,1.00
2017.06.22 19:43:08.061,0.83926,0.83937,1.19,1.00
2017.06.22 19:43:08.614,0.83928,0.83937,1.00,1.50
2017.06.22 19:43:09.203,0.83928,0.83937,1.19,1.50
2017.06.22 19:43:09.710,0.83928,0.83937,1.00,1.50
2017.06.22 19:43:10.807,0.83926,0.83936,1.19,1.00
2017.06.22 19:43:11.532,0.83926,0.83934,1.25,1.00
2017.06.22 19:43:12.047,0.83926,0.83935,1.25,1.00
2017.06.22 19:43:12.695,0.83926,0.83936,1.19,1.00
2017.06.22 19:43:14.544,0.83928,0.83937,1.00,1.50
2017.06.22 19:43:16.167,0.83929,0.83939,1.00,1.12
2017.06.22 19:43:16.219,0.8393,0.83939,2.06,1.12
2017.06.22 19:43:16.425,0.83931,0.83942,2.06,3.00
2017.06.22 19:43:16.727,0.83931,0.8394,2.06,1.00
2017.06.22 19:43:17.303,0.8393,0.83941,1.62,1.00
2017.06.22 19:43:18.111,0.83929,0.8394,2.81,1.00
2017.06.22 19:43:21.223,0.8393,0.83941,1.62,1.50
2017.06.22 19:43:21.737,0.83931,0.83942,1.12,1.50
2017.06.22 19:43:22.260,0.8393,0.83941,2.81,1.00
2017.06.22 19:43:23.540,0.8393,0.8394,1.62,1.00
2017.06.22 19:43:24.050,0.83929,0.8394,2.06,1.87
2017.06.22 19:43:25.886,0.83929,0.83939,1.62,1.12
2017.06.22 19:43:26.236,0.83927,0.83937,2.44,1.00
2017.06.22 19:43:27.496,0.83927,0.83937,1.31,1.37
2017.06.22 19:43:27.752,0.83926,0.83936,2.06,1.00
2017.06.22 19:43:28.535,0.83926,0.83934,1.37,1.00
2017.06.22 19:43:28.931,0.83927,0.83936,1.31,1.00
2017.06.22 19:43:30.133,0.83928,0.83936,1.00,1.12
2017.06.22 19:43:31.694,0.83926,0.83936,1.69,1.00
2017.06.22 19:43:31.866,0.83926,0.83934,1.31,1.00
2017.06.22 19:43:37.080,0.83925,0.83933,2.81,1.00
2017.06.22 19:43:37.628,0.83925,0.83934,1.62,1.50
2017.06.22 19:43:39.261,0.83925,0.83934,1.62,1.50
2017.06.22 19:43:39.570,0.83925,0.83932,1.62,1.00
2017.06.22 19:43:39.839,0.83925,0.83934,1.62,1.50
2017.06.22 19:43:40.919,0.83925,0.83934,1.25,1.50
2017.06.22 19:43:42.619,0.83924,0.83933,2.06,1.00
2017.06.22 19:43:44.872,0.83923,0.83932,1.19,1.00
2017.06.22 19:43:46.004,0.83923,0.83934,2.06,1.00
2017.06.22 19:43:50.395,0.83923,0.83933,1.25,1.00
2017.06.22 19:43:53.376,0.83925,0.83933,1.00,1.00
2017.06.22 19:43:55.791,0.83925,0.83931,1.00,1.00
2017.06.22 19:43:55.894,0.83923,0.83932,1.25,1.00
2017.06.22 19:43:56.407,0.83924,0.83931,1.00,1.12
2017.06.22 19:43:56.864,0.83924,0.83929,1.00,1.00
2017.06.22 19:43:57.388,0.83923,0.83929,1.00,1.00
2017.06.22 19:43:57.506,0.83923,0.83931,1.00,1.12
2017.06.22 19:43:58.132,0.83924,0.83932,1.87,1.00
2017.06.22 19:43:59.075,0.83925,0.83932,1.00,1.00
2017.06.22 19:44:00.258,0.83925,0.83934,1.00,1.00
2017.06.22 19:44:00.806,0.83926,0.83934,1.25,1.00
2017.06.22 19:44:03.544,0.83926,0.83935,1.25,1.12
2017.06.22 19:44:03.850,0.83927,0.83938,2.81,1.00
2017.06.22 19:44:08.857,0.83927,0.83938,1.69,1.00
2017.06.22 19:44:11.140,0.83927,0.83937,1.19,1.00
2017.06.22 19:44:15.801,0.83926,0.83936,4.69,1.00
2017.06.22 19:44:15.904,0.83926,0.83936,1.31,1.00
2017.06.22 19:44:16.411,0.83926,0.83936,1.62,1.50
2017.06.22 19:44:17.645,0.83925,0.83935,2.81,1.00
2017.06.22 19:44:17.922,0.83925,0.83935,2.44,1.50
2017.06.22 19:44:21.442,0.83924,0.83934,2.81,1.00
2017.06.22 19:44:24.436,0.83924,0.83933,2.06,1.00
2017.06.22 19:44:24.645,0.83923,0.83931,1.31,1.00
2017.06.22 19:44:24.696,0.83922,0.83931,1.12,1.00
2017.06.22 19:44:28.142,0.83923,0.83932,1.00,1.50
2017.06.22 19:44:28.678,0.83924,0.83933,1.12,1.00
2017.06.22 19:44:29.183,0.83925,0.83934,1.00,1.50
2017.06.22 19:44:29.769,0.83924,0.83934,1.12,1.50
2017.06.22 19:44:33.197,0.83927,0.83937,1.00,4.12
2017.06.22 19:44:33.300,0.83928,0.83937,1.00,1.00
2017.06.22 19:44:43.947,0.83929,0.83937,1.00,1.00
2017.06.22 19:44:45.349,0.83928,0.83939,1.00,1.87
2017.06.22 19:44:48.038,0.83929,0.83939,1.00,1.00
2017.06.22 19:44:56.674,0.8393,0.83939,1.50,1.00
2017.06.22 19:44:57.800,0.83928,0.83939,1.50,1.00
2017.06.22 19:45:00.900,0.83931,0.83939,1.00,1.50
2017.06.22 19:45:04.436,0.83931,0.83938,1.00,1.00
2017.06.22 19:45:04.995,0.8393,0.83938,1.00,1.00
2017.06.22 19:45:08.722,0.83929,0.83939,1.12,1.00
2017.06.22 19:45:09.724,0.83929,0.8394,1.12,1.12
2017.06.22 19:45:11.152,0.8393,0.8394,1.00,1.12
2017.06.22 19:45:14.224,0.83931,0.8394,1.00,1.12
2017.06.22 19:45:17.014,0.83932,0.83941,1.00,1.12
2017.06.22 19:45:17.223,0.83933,0.83943,1.00,1.12
2017.06.22 19:45:17.478,0.83932,0.83941,1.00,1.00
2017.06.22 19:45:19.604,0.83932,0.83943,1.00,2.62
2017.06.22 19:45:19.655,0.83934,0.83943,1.00,1.87
2017.06.22 19:45:20.281,0.83935,0.83943,1.00,1.00
2017.06.22 19:45:20.869,0.83935,0.83944,1.00,1.12
2017.06.22 19:45:22.887,0.83935,0.83943,1.00,1.00
2017.06.22 19:45:33.951,0.83935,0.83945,1.00,1.87
2017.06.22 19:45:34.320,0.83939,0.83947,1.00,1.87
2017.06.22 19:45:34.373,0.83939,0.83948,1.00,1.87
2017.06.22 19:45:34.884,0.83939,0.83948,1.00,1.50
2017.06.22 19:45:35.544,0.8394,0.83948,1.00,1.50
2017.06.22 19:45:43.645,0.83938,0.83946,1.00,1.00
2017.06.22 19:45:44.176,0.83938,0.83948,1.37,1.50
2017.06.22 19:45:46.294,0.83938,0.83949,1.00,1.87
2017.06.22 19:46:02.085,0.83937,0.83947,1.12,1.12
2017.06.22 19:46:03.072,0.83937,0.83948,1.00,1.12
2017.06.22 19:46:03.402,0.83937,0.83945,1.00,1.00
2017.06.22 19:46:03.555,0.83935,0.83945,1.00,1.00
2017.06.22 19:46:05.031,0.83936,0.83945,1.00,1.00
2017.06.22 19:46:10.080,0.83935,0.83945,1.00,1.00
2017.06.22 19:46:10.810,0.83934,0.83943,1.50,1.00
2017.06.22 19:46:11.424,0.83933,0.83943,1.00,1.00
2017.06.22 19:46:12.094,0.83933,0.83942,1.50,1.00
2017.06.22 19:46:12.737,0.83932,0.83942,1.00,1.00
2017.06.22 19:46:13.072,0.83932,0.8394,1.00,1.00
2017.06.22 19:46:13.278,0.8393,0.8394,1.50,1.00
2017.06.22 19:46:14.477,0.8393,0.83939,1.00,1.00
2017.06.22 19:46:17.053,0.8393,0.8394,1.00,1.12
2017.06.22 19:46:17.681,0.83929,0.8394,1.00,1.12
2017.06.22 19:46:19.754,0.8393,0.8394,1.50,1.12
2017.06.22 19:46:24.571,0.83931,0.83942,1.50,1.62
2017.06.22 19:46:24.710,0.83933,0.83943,1.00,1.87
2017.06.22 19:46:25.415,0.83933,0.83943,1.00,1.87
2017.06.22 19:46:37.909,0.83931,0.8394,1.12,1.00
2017.06.22 19:46:38.414,0.8393,0.8394,1.12,1.00
2017.06.22 19:46:39.846,0.8393,0.83939,1.00,1.00
2017.06.22 19:46:40.547,0.8393,0.8394,1.00,1.00
2017.06.22 19:46:44.415,0.83931,0.83941,1.00,1.50
2017.06.22 19:46:44.991,0.83931,0.83939,1.00,1.00
2017.06.22 19:46:50.002,0.83931,0.83941,1.00,2.44
2017.06.22 19:46:50.054,0.83936,0.83943,1.00,1.87
2017.06.22 19:46:50.158,0.83937,0.83948,1.00,2.25
2017.06.22 19:46:50.715,0.83938,0.83949,1.00,1.50
2017.06.22 19:46:55.471,0.83937,0.83949,1.50,2.25
2017.06.22 19:46:58.196,0.83938,0.83947,1.00,1.00
2017.06.22 19:46:59.234,0.83937,0.83948,1.00,1.00
2017.06.22 19:46:59.567,0.83939,0.83949,1.12,1.00
2017.06.22 19:47:00.173,0.8394,0.83949,1.50,1.00
2017.06.22 19:47:00.856,0.83938,0.8395,3.00,1.31
2017.06.22 19:47:01.181,0.83938,0.83948,1.37,1.00
2017.06.22 19:47:03.133,0.83938,0.83949,1.50,1.00
2017.06.22 19:47:04.187,0.83938,0.83949,1.12,1.00
2017.06.22 19:47:05.419,0.83938,0.8395,1.12,2.06
2017.06.22 19:47:09.899,0.83938,0.83949,1.12,1.00
2017.06.22 19:47:12.143,0.83939,0.83949,1.00,1.00
2017.06.22 19:47:12.733,0.8394,0.83949,1.00,1.00
2017.06.22 19:47:13.388,0.83939,0.8395,1.00,1.12
2017.06.22 19:47:14.083,0.83938,0.83948,1.50,1.25
2017.06.22 19:47:14.947,0.83937,0.83947,1.00,1.25
2017.06.22 19:47:19.216,0.83937,0.83947,1.00,1.69
2017.06.22 19:47:25.903,0.83937,0.83945,1.00,1.00
2017.06.22 19:47:26.479,0.83936,0.83945,1.00,1.50
2017.06.22 19:47:27.435,0.83935,0.83945,1.00,1.69
2017.06.22 19:47:29.430,0.83929,0.83937,6.75,1.00
2017.06.22 19:47:29.630,0.83925,0.83934,1.00,1.00
2017.06.22 19:47:30.178,0.83924,0.83933,1.00,1.12
2017.06.22 19:47:36.451,0.83922,0.83932,1.50,1.00
2017.06.22 19:47:37.142,0.83924,0.83932,1.50,1.12
2017.06.22 19:47:37.833,0.83922,0.83932,1.00,1.12
2017.06.22 19:47:37.986,0.83921,0.8393,1.00,1.00
2017.06.22 19:47:40.785,0.83921,0.83931,1.00,1.00
2017.06.22 19:47:41.329,0.83922,0.83932,1.00,1.87
2017.06.22 19:47:41.906,0.83923,0.83932,1.25,1.50
2017.06.22 19:47:48.345,0.83924,0.83932,1.00,1.50
2017.06.22 19:47:49.721,0.83923,0.83933,1.25,1.75
2017.06.22 19:47:49.823,0.83921,0.83932,1.50,2.25
2017.06.22 19:47:50.333,0.8392,0.8393,1.50,1.00
2017.06.22 19:47:51.410,0.8392,0.83931,1.50,2.62
2017.06.22 19:47:53.176,0.83922,0.83931,1.00,2.62
2017.06.22 19:47:53.518,0.83924,0.83931,1.00,2.62
2017.06.22 19:47:54.216,0.83924,0.83932,1.00,1.00
2017.06.22 19:47:54.819,0.83924,0.83934,1.00,3.00
2017.06.22 19:47:56.618,0.83925,0.83934,1.00,1.00
2017.06.22 19:47:57.837,0.83925,0.83933,1.00,1.00
2017.06.22 19:47:58.982,0.83925,0.83932,1.00,1.50
2017.06.22 19:48:04.462,0.83926,0.83932,1.00,1.50
2017.06.22 19:48:05.026,0.83926,0.83933,1.00,2.25
2017.06.22 19:48:06.440,0.83924,0.83932,1.50,1.00
2017.06.22 19:48:07.336,0.83924,0.83931,2.25,1.00
2017.06.22 19:48:07.490,0.83924,0.83929,2.25,1.00
2017.06.22 19:48:08.100,0.83924,0.83928,2.25,1.00
2017.06.22 19:48:08.410,0.83922,0.83928,1.00,1.00
2017.06.22 19:48:10.522,0.8392,0.83928,1.00,1.50
2017.06.22 19:48:11.032,0.83921,0.83928,1.00,1.50
2017.06.22 19:48:12.456,0.8392,0.83927,1.00,1.00
2017.06.22 19:48:12.762,0.83922,0.83928,1.00,2.25
2017.06.22 19:48:13.186,0.8392,0.83927,1.00,1.00
2017.06.22 19:48:13.391,0.83918,0.83927,1.00,1.00
2017.06.22 19:48:13.443,0.83922,0.83927,1.00,1.12
2017.06.22 19:48:13.648,0.83924,0.83931,1.00,1.00
2017.06.22 19:48:14.494,0.83924,0.8393,1.00,1.00
2017.06.22 19:48:15.216,0.83924,0.83931,1.00,1.50
2017.06.22 19:48:16.795,0.83922,0.83927,1.00,1.00
2017.06.22 19:48:16.847,0.8392,0.83928,1.00,1.12
2017.06.22 19:48:16.949,0.83918,0.83927,1.12,1.00
2017.06.22 19:48:17.051,0.83921,0.83928,1.00,1.50
2017.06.22 19:48:17.256,0.83921,0.83929,1.00,1.50
2017.06.22 19:48:17.822,0.83922,0.83929,1.00,1.00
2017.06.22 19:48:18.343,0.83922,0.8393,1.00,1.50
2017.06.22 19:48:22.038,0.83922,0.83931,1.00,1.00
2017.06.22 19:48:26.977,0.83924,0.83931,1.00,1.50
2017.06.22 19:48:33.725,0.83924,0.83929,1.00,1.00
2017.06.22 19:48:36.159,0.83922,0.83928,1.00,1.00
2017.06.22 19:48:36.211,0.8392,0.83927,1.00,1.00
2017.06.22 19:48:36.415,0.83918,0.83927,1.12,1.00
2017.06.22 19:48:36.607,0.83919,0.83925,1.00,1.00
2017.06.22 19:48:36.863,0.8392,0.83927,1.00,1.50
2017.06.22 19:48:41.618,0.83918,0.83927,1.50,1.50
2017.06.22 19:48:45.488,0.83918,0.83926,1.50,1.00
2017.06.22 19:48:46.663,0.83918,0.83924,1.00,1.00
2017.06.22 19:48:46.714,0.83915,0.83923,1.50,1.00
2017.06.22 19:48:47.226,0.83915,0.83923,1.87,1.00
2017.06.22 19:48:48.773,0.83915,0.83922,1.12,1.00
2017.06.22 19:48:49.803,0.83915,0.83923,1.00,1.50
2017.06.22 19:48:50.534,0.83915,0.83921,1.00,1.00
2017.06.22 19:48:50.867,0.83915,0.83923,1.00,1.50
2017.06.22 19:48:51.385,0.83915,0.83922,1.00,1.50
2017.06.22 19:48:51.967,0.83914,0.83921,1.00,1.50
2017.06.22 19:48:52.446,0.83912,0.8392,1.87,1.00
2017.06.22 19:48:53.060,0.83912,0.83921,1.50,1.00
2017.06.22 19:48:53.264,0.83914,0.83922,1.00,1.50
2017.06.22 19:48:53.795,0.83913,0.83923,1.00,3.00
2017.06.22 19:48:59.460,0.83913,0.83922,1.00,1.00
2017.06.22 19:49:00.396,0.83914,0.83922,1.00,1.50
2017.06.22 19:49:01.017,0.83915,0.83922,1.00,1.00
2017.06.22 19:49:01.324,0.83915,0.8392,1.00,1.00
2017.06.22 19:49:04.016,0.83915,0.83921,1.00,1.00
2017.06.22 19:49:04.143,0.83914,0.83923,1.00,1.00
2017.06.22 19:49:04.297,0.83916,0.83923,1.00,1.00
2017.06.22 19:49:09.044,0.83916,0.83921,1.00,1.00
2017.06.22 19:49:09.555,0.83914,0.83921,1.37,1.00
2017.06.22 19:49:14.008,0.83914,0.83923,1.37,1.87
2017.06.22 19:49:16.394,0.83916,0.83923,1.00,1.12
2017.06.22 19:49:18.191,0.83917,0.83925,1.00,1.87
2017.06.22 19:49:24.858,0.83917,0.83924,1.00,1.00
2017.06.22 19:49:31.343,0.83917,0.83925,1.00,1.50
2017.06.22 19:49:33.355,0.83918,0.83927,1.50,2.25
2017.06.22 19:49:33.452,0.83921,0.83926,1.00,1.00
2017.06.22 19:49:33.607,0.83917,0.83925,4.50,1.00
2017.06.22 19:49:33.710,0.83917,0.83925,1.50,1.00
2017.06.22 19:49:34.120,0.83915,0.83925,1.12,1.00
2017.06.22 19:49:34.324,0.83917,0.83925,1.00,1.00
2017.06.22 19:49:34.823,0.83915,0.83924,1.50,1.00
2017.06.22 19:49:35.367,0.83917,0.83924,1.00,1.00
2017.06.22 19:49:35.418,0.83917,0.83926,1.00,1.50
2017.06.22 19:49:36.395,0.83917,0.83925,1.00,1.00
2017.06.22 19:49:36.945,0.83917,0.83926,1.00,1.00
2017.06.22 19:49:37.867,0.83918,0.83926,1.00,1.00
2017.06.22 19:49:38.509,0.83918,0.83925,1.00,1.00
2017.06.22 19:49:38.611,0.83916,0.83925,1.00,1.50
2017.06.22 19:49:39.172,0.83916,0.83924,1.00,1.00
2017.06.22 19:49:39.834,0.83917,0.83924,1.00,1.00
2017.06.22 19:49:41.737,0.83916,0.83924,1.00,1.00
2017.06.22 19:49:42.343,0.83915,0.83923,1.00,1.00
2017.06.22 19:49:42.931,0.83916,0.83923,1.00,1.00
2017.06.22 19:49:43.464,0.83915,0.83922,1.00,1.00
2017.06.22 19:49:44.589,0.83915,0.83923,1.00,1.00
2017.06.22 19:49:47.517,0.83914,0.83922,1.00,1.00
2017.06.22 19:49:49.216,0.83914,0.83923,1.00,1.00
2017.06.22 19:49:49.751,0.83915,0.83923,1.00,1.00
2017.06.22 19:49:50.415,0.83915,0.83922,1.00,1.00
2017.06.22 19:49:50.929,0.83913,0.83921,1.12,1.00
2017.06.22 19:49:54.558,0.83913,0.8392,1.12,1.00
2017.06.22 19:49:55.214,0.83912,0.83919,1.37,1.50
2017.06.22 19:49:55.723,0.83912,0.8392,1.37,2.25
2017.06.22 19:49:57.537,0.83911,0.83919,1.50,1.00
2017.06.22 19:49:57.639,0.8391,0.83919,1.50,1.00
2017.06.22 19:49:58.544,0.8391,0.83917,1.12,1.00
2017.06.22 19:49:59.361,0.8391,0.83918,1.12,1.00
2017.06.22 19:49:59.701,0.83907,0.83914,1.00,1.00
2017.06.22 19:50:00.035,0.83905,0.83914,1.12,1.00
2017.06.22 19:50:00.188,0.83904,0.83911,1.00,1.00
2017.06.22 19:50:00.342,0.83902,0.83911,1.00,1.00
2017.06.22 19:50:00.843,0.83903,0.8391,1.00,1.00
2017.06.22 19:50:00.946,0.83901,0.83908,1.12,1.00
2017.06.22 19:50:01.712,0.83901,0.8391,1.00,1.00
2017.06.22 19:50:01.866,0.83903,0.83911,1.00,1.00
2017.06.22 19:50:02.860,0.83903,0.83912,1.00,1.00
2017.06.22 19:50:03.167,0.83909,0.83916,1.00,1.50
2017.06.22 19:50:04.867,0.8391,0.83916,1.00,1.00
2017.06.22 19:50:05.788,0.83908,0.83916,1.50,2.25
2017.06.22 19:50:06.331,0.83909,0.83916,1.00,1.00
2017.06.22 19:50:07.449,0.83909,0.83915,1.00,1.00
2017.06.22 19:50:09.584,0.83909,0.83916,1.00,1.00
2017.06.22 19:50:13.453,0.83906,0.83914,1.00,1.00
2017.06.22 19:50:13.556,0.83904,0.83913,1.12,1.00
2017.06.22 19:50:13.807,0.83902,0.83912,1.87,1.50
2017.06.22 19:50:14.317,0.83904,0.83912,1.00,1.50
2017.06.22 19:50:14.825,0.83905,0.83913,1.00,1.12
2017.06.22 19:50:15.155,0.83907,0.83913,1.00,1.00
2017.06.22 19:50:16.123,0.83908,0.83913,1.00,1.00
2017.06.22 19:50:16.225,0.83908,0.83915,1.00,1.31
2017.06.22 19:50:17.513,0.83908,0.83914,1.00,1.00
2017.06.22 19:50:18.656,0.83906,0.83913,1.00,1.00
2017.06.22 19:50:19.182,0.83905,0.83913,1.00,1.12
2017.06.22 19:50:21.209,0.83906,0.83914,1.00,1.12
2017.06.22 19:50:21.413,0.83909,0.83915,1.00,1.50
2017.06.22 19:50:21.465,0.8391,0.83919,1.00,1.87
2017.06.22 19:50:21.516,0.83911,0.83919,1.00,1.00
2017.06.22 19:50:21.796,0.83909,0.83916,1.00,1.50
2017.06.22 19:50:22.412,0.83908,0.83916,1.00,1.50
2017.06.22 19:50:23.710,0.83908,0.83915,1.25,1.50
2017.06.22 19:50:24.266,0.83908,0.83916,1.50,1.50
2017.06.22 19:50:24.777,0.83906,0.83914,1.00,1.00
2017.06.22 19:50:25.139,0.83904,0.83913,1.00,1.12
2017.06.22 19:50:25.657,0.83905,0.83913,1.00,1.12
2017.06.22 19:50:26.183,0.83905,0.83912,1.00,1.00
2017.06.22 19:50:26.285,0.83903,0.83912,1.12,1.00
2017.06.22 19:50:27.683,0.83902,0.8391,1.00,1.00
2017.06.22 19:50:27.891,0.83898,0.83908,1.50,3.00
2017.06.22 19:50:28.035,0.839,0.83906,1.00,1.00
2017.06.22 19:50:28.138,0.83898,0.83906,1.00,1.00
2017.06.22 19:50:29.419,0.83898,0.83908,1.12,1.00
2017.06.22 19:50:29.471,0.839,0.83909,1.00,1.50
2017.06.22 19:50:29.778,0.83902,0.83911,1.12,2.81
2017.06.22 19:50:30.136,0.83903,0.83912,1.50,2.62
2017.06.22 19:50:30.442,0.83905,0.83911,1.00,1.00
2017.06.22 19:50:31.046,0.83905,0.83912,1.00,1.00
2017.06.22 19:50:31.530,0.83905,0.83915,1.00,2.44
2017.06.22 19:50:32.044,0.83905,0.83915,1.00,1.50
2017.06.22 19:50:32.671,0.83905,0.83914,1.00,1.00
2017.06.22 19:50:33.778,0.83905,0.83915,1.00,2.25
2017.06.22 19:50:34.783,0.83905,0.83914,1.00,1.00
2017.06.22 19:50:35.441,0.83906,0.83914,1.00,1.00
2017.06.22 19:50:36.402,0.83907,0.83914,1.00,1.00
2017.06.22 19:50:39.590,0.83908,0.83916,1.00,3.75
2017.06.22 19:50:40.252,0.83907,0.83916,1.12,3.75
2017.06.22 19:50:42.011,0.83909,0.83916,1.00,3.75
2017.06.22 19:50:42.276,0.83907,0.83916,1.12,3.00
2017.06.22 19:50:42.887,0.83907,0.83916,1.12,3.75
2017.06.22 19:50:46.464,0.83906,0.83915,1.50,1.12
2017.06.22 19:50:46.569,0.83905,0.83913,1.00,1.00
2017.06.22 19:50:47.072,0.83904,0.83913,1.00,3.00
2017.06.22 19:50:47.452,0.83902,0.83911,1.00,3.00
2017.06.22 19:50:47.505,0.839,0.83909,1.00,1.00
2017.06.22 19:50:49.738,0.839,0.83908,1.00,1.50
2017.06.22 19:50:50.430,0.83901,0.83908,1.00,1.50
2017.06.22 19:50:51.271,0.83902,0.83908,1.00,1.50
2017.06.22 19:50:51.819,0.83902,0.83909,1.00,1.00
2017.06.22 19:50:55.578,0.83902,0.8391,1.00,1.50
2017.06.22 19:50:58.423,0.839,0.8391,1.12,1.50
2017.06.22 19:50:59.633,0.83902,0.8391,1.00,1.00
2017.06.22 19:50:59.787,0.83902,0.83912,1.12,1.50
2017.06.22 19:51:00.009,0.83904,0.83913,1.00,2.25
2017.06.22 19:51:00.392,0.83905,0.83915,1.12,1.50
2017.06.22 19:51:00.698,0.83908,0.83915,1.00,1.12
2017.06.22 19:51:01.057,0.83906,0.83914,1.00,1.00
2017.06.22 19:51:01.574,0.83906,0.83913,1.00,1.00
2017.06.22 19:51:02.116,0.83905,0.83913,1.00,1.00
2017.06.22 19:51:02.632,0.83904,0.83912,1.12,1.00
2017.06.22 19:51:03.438,0.83904,0.83914,1.00,2.44
2017.06.22 19:51:03.490,0.83904,0.83912,1.00,1.00
2017.06.22 19:51:04.108,0.83904,0.83913,1.00,1.69
2017.06.22 19:51:04.728,0.83904,0.83912,1.00,1.50
2017.06.22 19:51:05.265,0.83904,0.83911,1.00,1.00
2017.06.22 19:51:05.767,0.83903,0.83911,1.00,1.00
2017.06.22 19:51:06.478,0.83903,0.83912,1.00,2.25
2017.06.22 19:51:07.062,0.83903,0.83911,1.00,1.00
2017.06.22 19:51:08.161,0.83903,0.83912,1.12,1.12
2017.06.22 19:51:08.788,0.83904,0.83912,1.00,1.00
2017.06.22 19:51:09.451,0.83904,0.83913,1.00,1.69
2017.06.22 19:51:10.377,0.83904,0.83912,1.00,1.00
2017.06.22 19:51:11.120,0.83903,0.83911,1.12,1.00
2017.06.22 19:51:11.952,0.83903,0.83912,1.50,1.50
2017.06.22 19:51:12.481,0.83903,0.83913,1.50,1.50
2017.06.22 19:51:13.300,0.83903,0.83913,1.50,1.50
2017.06.22 19:51:13.803,0.83905,0.83912,1.12,1.50
2017.06.22 19:51:14.350,0.83904,0.83912,1.00,1.50
2017.06.22 19:51:15.219,0.83905,0.83912,1.00,1.00
2017.06.22 19:51:15.749,0.83903,0.83912,1.50,1.00
2017.06.22 19:51:16.258,0.83903,0.83912,1.00,2.25
2017.06.22 19:51:16.675,0.83905,0.83912,1.00,2.25
2017.06.22 19:51:17.360,0.83903,0.83911,1.00,1.00
2017.06.22 19:51:17.925,0.83903,0.83912,1.12,1.00
2017.06.22 19:51:20.723,0.83903,0.83911,1.00,1.00
2017.06.22 19:51:21.250,0.83903,0.83912,1.00,1.00
2017.06.22 19:51:21.836,0.83903,0.83913,1.00,3.00
2017.06.22 19:51:22.379,0.83903,0.83912,1.50,1.00
2017.06.22 19:51:26.345,0.83903,0.83912,1.37,1.50
2017.06.22 19:51:26.984,0.83905,0.83912,1.00,1.50
2017.06.22 19:51:31.767,0.83905,0.83913,1.00,1.50
2017.06.22 19:51:32.279,0.83905,0.83912,1.00,1.00
2017.06.22 19:51:34.819,0.83905,0.83911,1.00,1.00
2017.06.22 19:51:35.485,0.83904,0.83912,1.00,2.25
2017.06.22 19:51:39.084,0.83904,0.83913,1.00,3.00
2017.06.22 19:51:40.044,0.83904,0.83912,1.00,1.00
2017.06.22 19:51:40.917,0.83905,0.83912,1.00,1.00
2017.06.22 19:51:41.121,0.83903,0.83912,1.50,1.50
2017.06.22 19:51:42.567,0.83903,0.83911,1.12,1.00
2017.06.22 19:51:43.146,0.83903,0.83912,1.12,2.25
2017.06.22 19:51:44.268,0.83905,0.83912,1.00,1.00
2017.06.22 19:51:46.010,0.83906,0.83912,1.00,1.00
2017.06.22 19:51:46.367,0.83908,0.83912,1.00,1.00
2017.06.22 19:51:46.528,0.83908,0.83915,1.00,1.00
2017.06.22 19:51:46.682,0.83911,0.83915,1.00,1.00
2017.06.22 19:51:46.835,0.83909,0.83916,1.12,1.00
2017.06.22 19:51:48.579,0.83911,0.83916,1.00,1.00
2017.06.22 19:51:49.323,0.83909,0.83916,1.00,1.00
2017.06.22 19:51:51.115,0.8391,0.83916,1.00,1.00
2017.06.22 19:51:51.693,0.83909,0.83916,1.00,1.00
2017.06.22 19:51:51.999,0.83907,0.83915,1.12,1.00
2017.06.22 19:51:54.117,0.83907,0.83914,1.00,1.00
2017.06.22 19:51:59.179,0.83908,0.83914,1.00,1.00
2017.06.22 19:52:01.171,0.83908,0.83912,1.00,1.00
2017.06.22 19:52:01.223,0.83905,0.83912,1.00,1.00
2017.06.22 19:52:01.538,0.83903,0.83912,1.50,1.00
2017.06.22 19:52:02.077,0.83904,0.83912,1.00,2.25
2017.06.22 19:52:04.132,0.83903,0.83912,1.50,1.50
2017.06.22 19:52:04.818,0.83904,0.83912,1.00,2.25
2017.06.22 19:52:05.331,0.83903,0.83912,2.25,2.25
2017.06.22 19:52:07.957,0.83902,0.83912,1.87,3.00
2017.06.22 19:52:08.477,0.83902,0.83911,1.00,1.00
2017.06.22 19:52:09.169,0.83902,0.8391,1.00,1.00
2017.06.22 19:52:12.617,0.83901,0.8391,1.12,1.00
2017.06.22 19:52:26.198,0.83901,0.8391,2.62,1.00
2017.06.22 19:52:26.700,0.83901,0.8391,3.00,1.00
2017.06.22 19:52:28.061,0.83901,0.8391,3.00,1.00
2017.06.22 19:52:28.599,0.83901,0.8391,1.50,1.00
2017.06.22 19:52:34.128,0.83902,0.8391,1.00,1.00
2017.06.22 19:52:34.443,0.83902,0.83908,1.00,1.00
2017.06.22 19:52:34.984,0.83901,0.83908,1.12,1.00
2017.06.22 19:52:35.366,0.83899,0.83908,2.62,1.00
2017.06.22 19:52:35.520,0.83901,0.83908,1.00,1.00
2017.06.22 19:52:36.055,0.839,0.83908,1.12,1.00
2017.06.22 19:52:39.035,0.839,0.83907,1.00,1.00
2017.06.22 19:52:39.584,0.83898,0.83908,2.62,1.00
2017.06.22 19:52:41.973,0.83898,0.83908,2.62,1.00
2017.06.22 19:52:43.116,0.83898,0.83908,1.87,1.00
2017.06.22 19:52:43.445,0.839,0.83908,1.87,1.00
2017.06.22 19:52:43.762,0.83899,0.83908,1.00,1.00
2017.06.22 19:52:44.274,0.83898,0.83908,1.87,1.50
2017.06.22 19:52:44.787,0.83898,0.83908,2.25,1.50
2017.06.22 19:52:46.176,0.83898,0.83907,3.00,1.00
2017.06.22 19:52:46.874,0.83898,0.83907,1.87,1.00
2017.06.22 19:52:49.752,0.839,0.83907,1.00,1.00
2017.06.22 19:52:49.804,0.83898,0.83907,1.87,1.50
2017.06.22 19:52:50.939,0.83899,0.83907,1.00,1.50
2017.06.22 19:52:51.555,0.83899,0.83906,1.00,1.00
2017.06.22 19:52:54.343,0.83899,0.83907,1.00,1.00
2017.06.22 19:52:54.850,0.839,0.83907,1.00,1.00
2017.06.22 19:52:58.145,0.83901,0.83907,1.00,1.00
2017.06.22 19:52:58.665,0.839,0.83907,1.00,1.50
2017.06.22 19:52:59.430,0.83898,0.83907,1.50,1.50
2017.06.22 19:53:00.549,0.83897,0.83907,1.50,2.25
2017.06.22 19:53:03.602,0.83896,0.83906,1.12,1.00
2017.06.22 19:53:03.705,0.83895,0.83904,1.87,1.00
2017.06.22 19:53:04.354,0.83895,0.83904,1.12,1.00
2017.06.22 19:53:06.432,0.83896,0.83904,1.00,1.50
2017.06.22 19:53:09.085,0.83895,0.83904,1.50,1.00
2017.06.22 19:53:09.420,0.83895,0.83902,1.50,1.00
2017.06.22 19:53:09.630,0.83892,0.83901,1.00,1.50
2017.06.22 19:53:10.398,0.83892,0.83902,1.00,1.50
2017.06.22 19:53:10.910,0.83891,0.83902,3.00,1.50
2017.06.22 19:53:12.776,0.83894,0.83902,1.50,1.00
2017.06.22 19:53:14.563,0.83893,0.83902,1.50,1.00
2017.06.22 19:53:14.615,0.83893,0.83902,1.87,1.00
2017.06.22 19:53:15.283,0.83893,0.83902,1.87,1.00
2017.06.22 19:53:17.831,0.83897,0.83902,1.00,1.00
2017.06.22 19:53:22.804,0.83898,0.83903,1.00,1.00
2017.06.22 19:53:22.907,0.83899,0.83905,1.12,1.00
2017.06.22 19:53:23.286,0.839,0.83906,1.50,1.00
2017.06.22 19:53:25.904,0.83901,0.83906,1.50,1.00
2017.06.22 19:53:26.231,0.83904,0.83908,1.00,1.00
2017.06.22 19:53:26.283,0.83904,0.83908,1.00,1.00
2017.06.22 19:53:26.386,0.83902,0.83908,1.12,1.00
2017.06.22 19:53:36.860,0.839,0.83908,1.37,1.00
2017.06.22 19:53:36.963,0.83898,0.83907,1.50,1.00
2017.06.22 19:53:40.008,0.83897,0.83907,1.12,1.50
2017.06.22 19:53:45.122,0.83897,0.83906,1.12,1.00
2017.06.22 19:53:46.268,0.83897,0.83906,1.50,1.00
2017.06.22 19:53:47.060,0.83897,0.83906,1.12,1.00
2017.06.22 19:53:47.112,0.83896,0.83903,1.00,1.00
2017.06.22 19:53:47.638,0.83897,0.83904,1.00,1.00
2017.06.22 19:53:53.670,0.83895,0.83904,1.87,1.00
2017.06.22 19:53:54.621,0.83895,0.83903,1.87,1.00
2017.06.22 19:53:55.172,0.83894,0.83902,1.12,1.00
2017.06.22 19:53:59.048,0.83895,0.83902,1.00,1.00
2017.06.22 19:54:00.592,0.83897,0.83902,1.00,1.00
2017.06.22 19:54:01.066,0.83897,0.83904,1.00,1.00
2017.06.22 19:54:04.088,0.83896,0.83904,1.12,2.25
2017.06.22 19:54:04.937,0.83898,0.83904,1.00,1.50
2017.06.22 19:54:09.298,0.83899,0.83904,1.00,1.00
2017.06.22 19:54:09.817,0.83899,0.83905,1.12,1.00
2017.06.22 19:54:13.540,0.83898,0.83905,1.12,1.00
2017.06.22 19:54:14.147,0.83897,0.83905,1.12,1.00
2017.06.22 19:54:19.846,0.83898,0.83905,1.00,1.00
2017.06.22 19:54:20.853,0.83897,0.83905,1.12,1.00
2017.06.22 19:54:21.357,0.83898,0.83905,1.00,1.00
2017.06.22 19:54:26.073,0.83897,0.83904,1.12,1.00
2017.06.22 19:54:28.289,0.83896,0.83904,1.00,1.00
2017.06.22 19:54:37.049,0.83896,0.83905,1.00,1.50
2017.06.22 19:54:39.083,0.83897,0.83905,1.00,1.00
2017.06.22 19:54:42.813,0.83896,0.83905,1.12,1.00
2017.06.22 19:54:45.147,0.83896,0.83904,1.12,1.00
2017.06.22 19:54:45.839,0.83896,0.83903,1.12,1.00
2017.06.22 19:54:49.138,0.83898,0.83903,1.12,1.00
2017.06.22 19:54:50.266,0.83897,0.83903,1.12,1.00
2017.06.22 19:54:50.578,0.83899,0.83903,1.00,1.00
2017.06.22 19:54:51.529,0.83899,0.83904,1.12,1.00
2017.06.22 19:54:54.482,0.83897,0.83904,3.37,1.00
2017.06.22 19:54:55.003,0.83895,0.83904,2.62,1.00
2017.06.22 19:55:00.385,0.83895,0.83904,1.87,1.50
2017.06.22 19:55:01.323,0.83895,0.83902,1.12,1.00
2017.06.22 19:55:01.838,0.83891,0.83901,2.25,1.00
2017.06.22 19:55:02.056,0.83891,0.83901,1.87,1.00
2017.06.22 19:55:02.107,0.83891,0.83901,2.25,1.00
2017.06.22 19:55:02.619,0.83891,0.83901,1.37,1.50
2017.06.22 19:55:03.503,0.8389,0.83899,1.12,1.00
2017.06.22 19:55:03.813,0.8389,0.83897,1.00,1.00
2017.06.22 19:55:04.353,0.83891,0.83897,1.12,1.00
2017.06.22 19:55:05.210,0.83891,0.83898,1.12,1.00
2017.06.22 19:55:08.544,0.8389,0.83898,1.00,1.00
2017.06.22 19:55:10.525,0.8389,0.83899,1.50,1.00
2017.06.22 19:55:11.205,0.83891,0.83899,1.00,1.00
2017.06.22 19:55:12.643,0.83889,0.83897,1.50,1.00
2017.06.22 19:55:13.185,0.83889,0.83897,1.12,1.00
2017.06.22 19:55:13.724,0.83889,0.83898,1.12,1.00
2017.06.22 19:55:16.371,0.83891,0.83898,1.00,1.00
2017.06.22 19:55:16.686,0.83889,0.83897,1.12,1.00
2017.06.22 19:55:17.294,0.83888,0.83897,1.12,1.00
2017.06.22 19:55:17.791,0.83889,0.83895,1.00,1.00
2017.06.22 19:55:18.641,0.83889,0.83896,1.00,1.00
2017.06.22 19:55:20.028,0.83889,0.83895,1.00,1.00
2017.06.22 19:55:21.755,0.83887,0.83894,1.00,1.00
2017.06.22 19:55:21.858,0.83885,0.83893,1.12,1.00
2017.06.22 19:55:22.270,0.83887,0.83894,1.00,1.00
2017.06.22 19:55:23.269,0.83887,0.83895,1.00,1.00
2017.06.22 19:55:24.360,0.83892,0.83897,1.00,1.00
2017.06.22 19:55:24.463,0.83889,0.83898,1.50,1.00
2017.06.22 19:55:24.514,0.83891,0.839,1.50,1.87
2017.06.22 19:55:24.914,0.83895,0.83902,1.00,1.37
2017.06.22 19:55:25.017,0.83895,0.83903,1.00,1.00
2017.06.22 19:55:25.557,0.83895,0.83902,1.00,1.00
2017.06.22 19:55:26.945,0.83895,0.83903,1.00,1.00
2017.06.22 19:55:29.209,0.83895,0.83904,1.00,1.87
2017.06.22 19:55:31.648,0.83895,0.83902,1.00,1.00
2017.06.22 19:55:42.801,0.83895,0.83903,1.00,1.69
2017.06.22 19:55:45.313,0.83895,0.83901,1.00,1.00
2017.06.22 19:55:47.295,0.83895,0.839,1.00,1.00
2017.06.22 19:55:47.346,0.83892,0.83899,1.00,1.00
2017.06.22 19:55:47.853,0.83892,0.839,1.00,1.12
2017.06.22 19:55:48.372,0.83892,0.83902,1.00,1.31
2017.06.22 19:55:49.408,0.83892,0.83901,1.00,1.00
2017.06.22 19:55:50.988,0.83894,0.83901,1.00,1.12
2017.06.22 19:55:51.039,0.83892,0.839,1.00,1.00
2017.06.22 19:55:52.424,0.83892,0.83902,1.00,2.62
2017.06.22 19:55:53.062,0.83892,0.83902,1.00,2.25
2017.06.22 19:55:53.590,0.83892,0.83901,1.00,1.00
2017.06.22 19:56:00.160,0.83893,0.83901,1.00,1.12
2017.06.22 19:56:01.901,0.83893,0.839,1.00,1.00
2017.06.22 19:56:02.222,0.83895,0.83901,1.00,1.00
2017.06.22 19:56:02.429,0.83894,0.83903,1.00,1.50
2017.06.22 19:56:02.753,0.83897,0.83905,1.00,3.19
2017.06.22 19:56:03.073,0.83899,0.83907,1.00,1.00
2017.06.22 19:56:03.773,0.83899,0.83908,1.00,2.62
2017.06.22 19:56:04.387,0.83902,0.8391,1.87,1.50
2017.06.22 19:56:04.439,0.83904,0.8391,1.00,1.00
2017.06.22 19:56:04.541,0.83906,0.83913,1.00,1.87
2017.06.22 19:56:04.808,0.83906,0.83911,1.00,1.50
2017.06.22 19:56:05.013,0.83903,0.83911,1.00,1.50
2017.06.22 19:56:05.921,0.83904,0.83912,1.00,1.00
2017.06.22 19:56:06.743,0.83904,0.83913,1.00,1.12
2017.06.22 19:56:08.742,0.83906,0.83913,1.00,1.75
2017.06.22 19:56:08.794,0.83904,0.83912,1.00,1.50
2017.06.22 19:56:09.049,0.83904,0.83912,1.00,2.25
2017.06.22 19:56:09.101,0.83902,0.83912,1.50,3.00
2017.06.22 19:56:09.152,0.839,0.83909,2.25,2.25
2017.06.22 19:56:09.255,0.83897,0.83905,1.50,1.00
2017.06.22 19:56:09.779,0.83898,0.83906,1.00,1.50
2017.06.22 19:56:10.139,0.83896,0.83906,1.50,1.50
2017.06.22 19:56:10.640,0.83897,0.83906,1.50,1.00
2017.06.22 19:56:14.217,0.83897,0.83908,1.50,2.62
2017.06.22 19:56:14.752,0.83898,0.83908,1.00,1.87
2017.06.22 19:56:17.769,0.83899,0.83908,1.00,1.50
2017.06.22 19:56:18.279,0.83901,0.83909,1.50,1.50
2017.06.22 19:56:18.794,0.83902,0.83909,1.00,1.00
2017.06.22 19:56:19.770,0.83902,0.8391,1.00,1.00
2017.06.22 19:56:20.162,0.83902,0.8391,2.62,1.00
2017.06.22 19:56:20.368,0.83902,0.8391,1.50,1.00
2017.06.22 19:56:21.092,0.83901,0.8391,1.00,1.00
2017.06.22 19:56:21.603,0.83902,0.8391,1.00,1.00
2017.06.22 19:56:22.345,0.83903,0.8391,1.00,1.00
2017.06.22 19:56:22.862,0.83902,0.8391,1.00,1.00
2017.06.22 19:56:23.388,0.83901,0.8391,1.00,1.00
2017.06.22 19:56:23.927,0.83902,0.8391,1.00,1.00
2017.06.22 19:56:25.021,0.83901,0.8391,1.00,1.00
2017.06.22 19:56:25.073,0.83903,0.8391,1.00,1.00
2017.06.22 19:56:25.424,0.83901,0.8391,1.00,1.00
2017.06.22 19:56:25.972,0.83902,0.8391,1.00,1.00
2017.06.22 19:56:26.790,0.83901,0.8391,1.00,1.50
2017.06.22 19:56:27.537,0.83901,0.83908,1.00,1.00
2017.06.22 19:56:27.977,0.83899,0.83908,1.12,1.50
2017.06.22 19:56:28.499,0.83899,0.83907,1.12,1.00
2017.06.22 19:56:29.033,0.839,0.83907,1.00,1.00
2017.06.22 19:56:30.766,0.839,0.83908,1.00,1.50
2017.06.22 19:56:31.861,0.839,0.83907,1.00,1.00
2017.06.22 19:56:33.049,0.83899,0.83907,1.50,1.00
2017.06.22 19:56:36.378,0.83898,0.83908,2.62,1.00
2017.06.22 19:56:36.907,0.83898,0.83907,1.00,1.00
2017.06.22 19:56:37.738,0.83898,0.83906,1.00,1.00
2017.06.22 19:56:38.339,0.83896,0.83906,1.50,1.50
2017.06.22 19:56:45.328,0.83894,0.83903,3.94,1.00
2017.06.22 19:56:46.119,0.83894,0.83902,3.37,1.00
2017.06.22 19:56:46.221,0.83893,0.83902,1.00,1.00
2017.06.22 19:56:46.273,0.83893,0.83902,1.00,1.75
2017.06.22 19:56:46.375,0.83893,0.83902,1.00,1.00
2017.06.22 19:56:50.019,0.83893,0.83902,1.50,1.00
2017.06.22 19:56:50.596,0.83893,0.83903,1.37,1.00
2017.06.22 19:56:50.647,0.83892,0.83903,1.12,1.00
2017.06.22 19:56:50.699,0.83892,0.83901,1.12,1.00
2017.06.22 19:56:51.748,0.83891,0.839,1.50,1.00
2017.06.22 19:56:52.067,0.83889,0.83898,1.00,1.00
2017.06.22 19:56:57.784,0.83888,0.83898,1.00,1.00
2017.06.22 19:56:58.290,0.83889,0.83898,1.00,1.00
2017.06.22 19:56:58.815,0.8389,0.83899,1.00,1.00
2017.06.22 19:56:59.791,0.83891,0.83899,1.00,1.00
2017.06.22 19:57:00.259,0.83893,0.83902,1.00,2.25
2017.06.22 19:57:00.762,0.83894,0.83905,1.50,4.87
2017.06.22 19:57:01.299,0.83894,0.83902,1.00,1.00
2017.06.22 19:57:02.315,0.83895,0.83903,1.00,1.37
2017.06.22 19:57:02.367,0.83893,0.83903,1.00,1.37
2017.06.22 19:57:05.775,0.83894,0.83903,1.00,2.62
2017.06.22 19:57:05.930,0.83896,0.83903,1.00,1.87
2017.06.22 19:57:06.032,0.83895,0.83905,1.00,2.62
2017.06.22 19:57:06.515,0.83897,0.83905,1.00,2.25
2017.06.22 19:57:09.154,0.83899,0.83906,1.00,1.87
2017.06.22 19:57:09.667,0.83898,0.83905,1.00,1.00
2017.06.22 19:57:10.240,0.83899,0.83906,1.00,1.12
2017.06.22 19:57:11.322,0.83898,0.83907,1.00,1.87
2017.06.22 19:57:12.463,0.83899,0.83907,1.00,1.87
2017.06.22 19:57:13.055,0.83898,0.83907,1.00,1.87
2017.06.22 19:57:16.984,0.83897,0.83907,1.00,1.37
2017.06.22 19:57:21.510,0.83899,0.83906,1.00,1.12
2017.06.22 19:57:21.665,0.839,0.83908,1.00,1.50
2017.06.22 19:57:21.818,0.83898,0.83908,1.00,1.87
2017.06.22 19:57:21.870,0.83897,0.83905,1.00,1.00
2017.06.22 19:57:22.407,0.83896,0.83905,1.00,1.87
2017.06.22 19:57:23.621,0.83895,0.83902,1.00,1.00
2017.06.22 19:57:23.881,0.83893,0.83902,1.00,1.00
2017.06.22 19:57:24.574,0.83893,0.83901,1.00,1.00
2017.06.22 19:57:24.712,0.83895,0.83901,1.00,1.00
2017.06.22 19:57:25.215,0.83894,0.83901,1.00,1.00
2017.06.22 19:57:26.628,0.83894,0.83902,1.00,1.87
2017.06.22 19:57:27.210,0.83893,0.83902,1.00,1.50
2017.06.22 19:57:27.772,0.83894,0.83902,1.00,1.50
2017.06.22 19:57:30.133,0.83894,0.83901,1.00,1.00
2017.06.22 19:57:30.652,0.83895,0.83902,1.00,1.12
2017.06.22 19:57:31.350,0.83894,0.83903,1.00,3.00
2017.06.22 19:57:33.445,0.83894,0.83901,1.00,1.00
2017.06.22 19:57:36.681,0.83895,0.83901,1.00,1.00
2017.06.22 19:57:37.007,0.83893,0.83901,1.00,1.00
2017.06.22 19:57:38.237,0.83893,0.83902,1.00,1.12
2017.06.22 19:57:38.543,0.83896,0.83903,1.00,1.00
2017.06.22 19:57:39.046,0.83896,0.83903,1.00,1.19
2017.06.22 19:57:40.859,0.83894,0.83902,1.00,1.25
2017.06.22 19:57:41.880,0.83893,0.83901,1.00,1.25
2017.06.22 19:57:42.548,0.83893,0.83902,1.00,2.44
2017.06.22 19:57:45.175,0.83892,0.83902,1.00,1.31
2017.06.22 19:57:49.295,0.83892,0.839,1.00,1.00
2017.06.22 19:57:56.435,0.83892,0.83901,1.00,1.00
2017.06.22 19:57:57.706,0.83892,0.83899,1.00,1.00
2017.06.22 19:57:58.226,0.83891,0.83899,1.00,1.00
2017.06.22 19:57:58.947,0.83891,0.83901,1.00,1.00
2017.06.22 19:57:59.435,0.8389,0.83899,1.87,1.00
2017.06.22 19:58:00.030,0.8389,0.839,1.50,1.00
2017.06.22 19:58:00.409,0.83892,0.83901,1.00,1.50
2017.06.22 19:58:00.740,0.83896,0.83906,1.00,1.50
2017.06.22 19:58:01.258,0.83897,0.83906,1.00,1.00
2017.06.22 19:58:02.285,0.83897,0.83907,1.00,1.00
2017.06.22 19:58:02.876,0.83898,0.83905,1.00,1.00
2017.06.22 19:58:07.209,0.83899,0.83905,1.00,1.00
2017.06.22 19:58:07.805,0.839,0.83905,1.00,1.00
2017.06.22 19:58:08.570,0.83898,0.83906,1.00,1.00
2017.06.22 19:58:09.829,0.83896,0.83904,1.00,1.00
2017.06.22 19:58:10.249,0.83894,0.83901,2.25,1.00
2017.06.22 19:58:10.402,0.83892,0.839,1.50,1.00
2017.06.22 19:58:10.505,0.83895,0.83902,1.00,1.00
2017.06.22 19:58:11.154,0.83895,0.83901,1.00,1.00
2017.06.22 19:58:11.527,0.83893,0.83899,1.00,1.00
2017.06.22 19:58:13.318,0.83893,0.83901,1.00,1.00
2017.06.22 19:58:13.420,0.83894,0.83901,1.50,1.00
2017.06.22 19:58:14.908,0.83893,0.839,1.75,1.00
2017.06.22 19:58:15.010,0.83893,0.83901,1.00,1.00
2017.06.22 19:58:15.918,0.83893,0.83902,1.00,1.00
2017.06.22 19:58:17.277,0.83894,0.83902,1.00,1.00
2017.06.22 19:58:20.019,0.83896,0.83903,1.00,1.00
2017.06.22 19:58:20.626,0.83897,0.83903,1.00,1.00
2017.06.22 19:58:22.091,0.83896,0.83903,1.00,1.00
2017.06.22 19:58:23.964,0.83897,0.83903,1.00,1.00
2017.06.22 19:58:24.016,0.83898,0.83905,1.00,1.00
2017.06.22 19:58:26.286,0.83897,0.83904,1.00,1.00
2017.06.22 19:58:26.830,0.83897,0.83905,1.00,1.00
2017.06.22 19:58:27.464,0.83898,0.83904,1.00,1.00
2017.06.22 19:58:27.965,0.83897,0.83904,1.00,1.00
2017.06.22 19:58:28.591,0.83897,0.83903,1.00,1.00
2017.06.22 19:58:29.018,0.83897,0.83905,1.00,1.00
2017.06.22 19:58:29.581,0.83898,0.83904,1.00,1.00
2017.06.22 19:58:31.076,0.83897,0.83904,1.00,1.00
2017.06.22 19:58:34.270,0.83896,0.83904,1.00,1.00
2017.06.22 19:58:34.790,0.83897,0.83903,1.00,1.00
2017.06.22 19:58:35.907,0.83897,0.83904,1.00,1.00
2017.06.22 19:58:36.415,0.83897,0.83903,1.00,1.00
2017.06.22 19:58:37.434,0.83895,0.83903,1.12,1.00
2017.06.22 19:58:37.963,0.83895,0.83902,1.00,1.00
2017.06.22 19:58:38.497,0.83894,0.83902,1.00,1.00
2017.06.22 19:58:39.029,0.83894,0.839,1.12,1.00
2017.06.22 19:58:40.761,0.83892,0.839,1.12,1.00
2017.06.22 19:58:45.280,0.83893,0.839,1.00,1.00
2017.06.22 19:58:45.485,0.83893,0.839,1.50,1.00
2017.06.22 19:58:46.055,0.83893,0.83901,1.50,1.00
2017.06.22 19:58:52.020,0.83893,0.83902,1.50,1.00
2017.06.22 19:58:53.074,0.83893,0.83901,2.25,1.00
2017.06.22 19:58:54.131,0.83893,0.83902,1.50,1.00
2017.06.22 19:58:54.183,0.83893,0.83901,1.00,1.00
2017.06.22 19:58:54.759,0.83893,0.83902,1.12,1.00
2017.06.22 19:58:56.170,0.83895,0.83902,1.00,1.00
2017.06.22 19:58:56.756,0.83894,0.83902,1.00,1.00
2017.06.22 19:58:58.583,0.83894,0.83901,1.00,1.00
2017.06.22 19:58:59.161,0.83891,0.83899,4.87,1.00
2017.06.22 19:58:59.696,0.83892,0.83899,1.00,1.00
2017.06.22 19:59:00.206,0.83892,0.83897,1.00,1.00
2017.06.22 19:59:00.377,0.8389,0.83897,1.50,1.00
2017.06.22 19:59:00.428,0.8389,0.83899,1.50,1.00
2017.06.22 19:59:00.480,0.8389,0.83897,1.00,1.00
2017.06.22 19:59:00.787,0.83888,0.83895,1.50,1.00
2017.06.22 19:59:02.197,0.83887,0.83895,1.87,1.00
2017.06.22 19:59:03.672,0.83887,0.83894,1.00,1.00
2017.06.22 19:59:04.221,0.83886,0.83893,1.00,1.00
2017.06.22 19:59:06.109,0.83883,0.83891,1.31,1.00
2017.06.22 19:59:06.212,0.83882,0.83889,1.50,1.00
2017.06.22 19:59:06.404,0.83881,0.83886,1.00,1.00
2017.06.22 19:59:06.935,0.8388,0.83886,1.00,1.00
2017.06.22 19:59:06.987,0.8388,0.83888,1.00,1.00
2017.06.22 19:59:07.470,0.8388,0.83886,1.50,1.00
2017.06.22 19:59:08.258,0.8388,0.83887,1.50,1.00
2017.06.22 19:59:08.418,0.83879,0.83887,1.12,1.00
2017.06.22 19:59:08.955,0.83879,0.83888,1.12,1.00
2017.06.22 19:59:11.908,0.8388,0.83889,1.00,1.00
2017.06.22 19:59:12.417,0.8388,0.83888,1.00,1.00
2017.06.22 19:59:13.432,0.83883,0.8389,1.00,1.00
2017.06.22 19:59:13.636,0.83881,0.83889,1.12,1.00
2017.06.22 19:59:14.869,0.83883,0.83889,1.00,1.00
2017.06.22 19:59:15.920,0.83883,0.83889,1.37,1.00
2017.06.22 19:59:16.023,0.83883,0.83889,1.00,1.00
2017.06.22 19:59:16.299,0.83882,0.83891,1.37,1.00
2017.06.22 19:59:18.217,0.83884,0.83892,1.00,1.00
2017.06.22 19:59:18.898,0.83883,0.83892,1.12,1.50
2017.06.22 19:59:18.952,0.83883,0.83889,1.12,1.00
2017.06.22 19:59:20.012,0.83883,0.83891,1.12,1.00
2017.06.22 19:59:20.597,0.83883,0.83892,1.12,1.00
2017.06.22 19:59:21.148,0.83884,0.83893,1.50,1.00
2017.06.22 19:59:22.187,0.83885,0.83893,1.00,1.00
2017.06.22 19:59:22.903,0.83885,0.83892,1.00,1.00
2017.06.22 19:59:24.937,0.83885,0.83892,1.37,1.00
2017.06.22 19:59:25.409,0.83886,0.83894,1.12,1.00
2017.06.22 19:59:27.434,0.83887,0.83894,1.00,1.00
2017.06.22 19:59:28.241,0.83886,0.83894,1.00,1.00
2017.06.22 19:59:28.775,0.83885,0.83894,1.12,1.00
2017.06.22 19:59:29.307,0.83886,0.83894,1.00,1.00
2017.06.22 19:59:30.208,0.83885,0.83892,1.00,1.00
2017.06.22 19:59:30.464,0.83886,0.83894,1.00,1.00
2017.06.22 19:59:30.986,0.83885,0.83894,1.00,1.00
2017.06.22 19:59:31.248,0.83887,0.83894,1.00,1.00
2017.06.22 19:59:31.756,0.83886,0.83894,1.00,1.00
2017.06.22 19:59:37.745,0.83885,0.83894,1.12,1.00
2017.06.22 19:59:38.051,0.83883,0.83891,1.00,1.00
2017.06.22 19:59:38.471,0.83885,0.83891,1.00,1.00
2017.06.22 19:59:39.189,0.83883,0.83891,1.00,1.00
2017.06.22 19:59:40.863,0.83883,0.8389,1.00,1.00
2017.06.22 19:59:41.376,0.83882,0.8389,1.50,1.00
2017.06.22 19:59:44.917,0.83883,0.8389,1.00,1.00
2017.06.22 19:59:45.492,0.83882,0.83891,1.12,1.00
2017.06.22 19:59:45.742,0.8388,0.83888,2.25,1.00
2017.06.22 19:59:45.794,0.83878,0.83888,1.50,1.00
2017.06.22 19:59:46.497,0.8388,0.83888,1.00,1.00
2017.06.22 19:59:47.831,0.83881,0.83888,1.00,1.00
2017.06.22 19:59:48.838,0.83882,0.83889,1.00,1.00
2017.06.22 19:59:50.662,0.83882,0.83891,1.00,1.00
2017.06.22 19:59:51.182,0.83881,0.8389,1.12,1.00
2017.06.22 19:59:51.692,0.83881,0.83889,1.12,1.00
2017.06.22 19:59:52.215,0.83881,0.83889,1.50,1.00
2017.06.22 19:59:52.901,0.83883,0.83889,1.00,1.00
2017.06.22 19:59:52.953,0.83883,0.83891,1.00,1.00
2017.06.22 19:59:53.865,0.83882,0.83891,1.12,1.00
2017.06.22 19:59:54.446,0.83882,0.8389,1.00,1.00
2017.06.22 19:59:54.975,0.83882,0.8389,1.37,1.00
2017.06.22 19:59:55.121,0.83881,0.83889,1.12,1.00
2017.06.22 19:59:55.633,0.83882,0.8389,1.12,1.00
2017.06.22 19:59:56.155,0.83883,0.8389,1.00,1.00
2017.06.22 19:59:56.624,0.83883,0.83892,1.12,1.00
2017.06.22 19:59:56.930,0.83883,0.8389,1.12,1.00
2017.06.22 19:59:57.474,0.83883,0.83891,1.00,1.00
2017.06.22 19:59:59.128,0.83885,0.83892,1.00,1.00
2017.06.22 19:59:59.179,0.83883,0.83892,1.00,1.00
2017.06.22 19:59:59.588,0.83883,0.8389,1.00,1.00
