2017.12.29 21:00:00.014,0.87911,0.87931,1.12,0.37
2017.12.29 21:00:00.226,0.87914,0.87931,0.37,0.75
2017.12.29 21:00:00.571,0.87917,0.87934,0.37,1.50
2017.12.29 21:00:00.910,0.87915,0.8793,0.37,0.75
2017.12.29 21:00:01.227,0.87916,0.87928,0.75,0.75
2017.12.29 21:00:01.280,0.87913,0.87928,0.75,0.75
2017.12.29 21:00:01.806,0.87912,0.87928,1.12,0.75
2017.12.29 21:00:01.908,0.87912,0.8793,1.12,0.75
2017.12.29 21:00:02.414,0.87912,0.87931,1.87,1.12
2017.12.29 21:00:02.991,0.87914,0.87931,0.75,0.75
2017.12.29 21:00:03.100,0.87914,0.87933,1.87,1.12
2017.12.29 21:00:03.511,0.87914,0.87931,1.12,0.75
2017.12.29 21:00:03.870,0.87915,0.87933,0.75,1.12
2017.12.29 21:00:04.024,0.87912,0.8793,0.75,0.37
2017.12.29 21:00:04.076,0.87912,0.87932,0.75,1.12
2017.12.29 21:00:04.230,0.87911,0.87929,0.75,0.37
2017.12.29 21:00:04.589,0.87909,0.87928,1.12,0.37
2017.12.29 21:00:05.139,0.8791,0.8793,0.75,0.37
2017.12.29 21:00:05.638,0.87912,0.8793,0.37,0.37
2017.12.29 21:00:06.087,0.8791,0.87931,0.75,0.75
2017.12.29 21:00:07.225,0.87909,0.8793,0.37,1.12
2017.12.29 21:00:07.792,0.87909,0.87929,0.37,0.37
2017.12.29 21:00:08.597,0.8791,0.87931,0.75,1.50
2017.12.29 21:00:08.802,0.8791,0.87929,0.75,0.37
2017.12.29 21:00:09.355,0.87909,0.87929,1.12,1.12
2017.12.29 21:00:09.459,0.8791,0.87931,0.75,1.50
2017.12.29 21:00:10.043,0.87909,0.87931,1.87,1.12
2017.12.29 21:00:10.094,0.87911,0.8793,0.75,0.37
2017.12.29 21:00:10.403,0.87913,0.87931,0.75,1.50
2017.12.29 21:00:10.675,0.87911,0.8793,0.75,0.37
2017.12.29 21:00:10.983,0.87913,0.87931,0.75,2.25
2017.12.29 21:00:11.490,0.87914,0.8793,0.75,0.37
2017.12.29 21:00:12.031,0.87913,0.8793,0.75,0.37
2017.12.29 21:00:12.391,0.87913,0.87932,0.75,0.75
2017.12.29 21:00:12.933,0.87912,0.87933,0.37,1.50
2017.12.29 21:00:13.448,0.87913,0.87933,0.75,1.50
2017.12.29 21:00:13.993,0.87913,0.87934,0.75,1.12
2017.12.29 21:00:15.492,0.87912,0.87934,1.87,1.87
2017.12.29 21:00:16.013,0.87912,0.87933,1.12,0.75
2017.12.29 21:00:17.404,0.87912,0.87932,1.12,0.75
2017.12.29 21:00:18.132,0.87911,0.87929,1.50,0.75
2017.12.29 21:00:18.930,0.87911,0.8793,0.75,0.75
2017.12.29 21:00:19.502,0.87911,0.87929,0.75,0.75
2017.12.29 21:00:20.187,0.87911,0.8793,0.75,0.75
2017.12.29 21:00:20.750,0.87911,0.87931,0.75,0.75
2017.12.29 21:00:21.103,0.87909,0.87926,1.87,0.75
2017.12.29 21:00:22.670,0.87908,0.87926,1.87,0.75
2017.12.29 21:00:25.090,0.87908,0.87925,0.37,0.75
2017.12.29 21:00:26.439,0.87905,0.87922,1.12,0.75
2017.12.29 21:00:26.990,0.87905,0.87923,1.50,1.50
2017.12.29 21:00:28.711,0.87904,0.87922,1.50,0.75
2017.12.29 21:00:30.687,0.87905,0.87923,0.75,0.75
2017.12.29 21:00:31.239,0.87905,0.87924,0.75,2.25
2017.12.29 21:00:33.866,0.87904,0.87923,1.50,1.50
2017.12.29 21:00:34.388,0.87905,0.87924,0.75,2.25
2017.12.29 21:00:39.829,0.87904,0.87923,1.50,0.75
2017.12.29 21:00:40.344,0.87904,0.87922,0.75,0.75
2017.12.29 21:00:40.856,0.87904,0.87923,2.25,0.75
2017.12.29 21:00:41.369,0.87905,0.87924,0.75,1.50
2017.12.29 21:00:41.877,0.87905,0.87923,0.75,1.12
2017.12.29 21:00:42.925,0.87904,0.87922,1.50,0.75
2017.12.29 21:00:50.187,0.87903,0.87923,0.75,1.12
2017.12.29 21:00:50.342,0.87901,0.87922,1.50,0.75
2017.12.29 21:00:50.849,0.87901,0.87921,0.75,0.75
2017.12.29 21:00:51.545,0.879,0.87921,2.62,0.75
2017.12.29 21:00:52.694,0.87903,0.87921,0.75,0.75
2017.12.29 21:00:53.936,0.87901,0.87921,0.75,0.75
2017.12.29 21:00:54.149,0.87904,0.87921,0.75,0.75
2017.12.29 21:00:55.490,0.87902,0.87921,0.75,0.75
2017.12.29 21:00:57.334,0.87901,0.87919,0.75,0.75
2017.12.29 21:00:57.900,0.879,0.87919,0.75,0.75
2017.12.29 21:00:58.400,0.879,0.87921,1.50,1.87
2017.12.29 21:00:58.737,0.87902,0.87921,0.75,1.87
2017.12.29 21:00:59.201,0.87902,0.87923,0.75,2.62
2017.12.29 21:00:59.547,0.87902,0.87921,0.75,0.75
2017.12.29 21:01:00.264,0.87902,0.8792,0.75,0.75
2017.12.29 21:01:02.854,0.87901,0.8792,0.37,0.75
2017.12.29 21:01:04.838,0.87901,0.87919,0.37,0.75
2017.12.29 21:01:05.296,0.879,0.87916,0.75,0.75
2017.12.29 21:01:05.800,0.879,0.87914,0.37,0.75
2017.12.29 21:01:05.852,0.87898,0.87914,0.37,0.75
2017.12.29 21:01:06.006,0.87896,0.87913,1.12,0.75
2017.12.29 21:01:06.517,0.87896,0.87912,1.12,0.75
2017.12.29 21:01:07.273,0.87896,0.87913,1.12,0.75
2017.12.29 21:01:07.873,0.87896,0.87912,1.12,0.75
2017.12.29 21:01:09.492,0.87895,0.87911,0.75,0.75
2017.12.29 21:01:11.564,0.87895,0.8791,0.75,0.75
2017.12.29 21:01:12.072,0.87895,0.87911,0.75,0.75
2017.12.29 21:01:12.601,0.87894,0.8791,0.75,0.75
2017.12.29 21:01:12.705,0.8789,0.87906,1.50,0.75
2017.12.29 21:01:13.251,0.87891,0.87906,0.75,0.75
2017.12.29 21:01:13.757,0.8789,0.87906,0.75,0.75
2017.12.29 21:01:14.302,0.8789,0.87907,0.75,0.75
2017.12.29 21:01:16.270,0.8789,0.87906,1.12,0.75
2017.12.29 21:01:17.439,0.8789,0.87905,1.12,0.75
2017.12.29 21:01:18.033,0.8789,0.87906,1.12,0.75
2017.12.29 21:01:19.790,0.8789,0.87907,1.12,0.75
2017.12.29 21:01:21.355,0.8789,0.87906,1.12,0.75
2017.12.29 21:01:21.888,0.8789,0.87905,1.12,0.75
2017.12.29 21:01:25.145,0.8789,0.87906,1.12,0.75
2017.12.29 21:01:29.178,0.87889,0.87905,1.12,0.75
2017.12.29 21:01:29.726,0.8789,0.87905,1.12,0.75
2017.12.29 21:01:32.228,0.87889,0.87904,0.75,0.75
2017.12.29 21:01:33.496,0.8789,0.87903,0.75,0.75
2017.12.29 21:01:33.547,0.87888,0.87902,0.75,1.50
2017.12.29 21:01:35.484,0.87889,0.87903,0.75,1.50
2017.12.29 21:01:38.858,0.8789,0.87903,0.75,0.75
2017.12.29 21:01:39.582,0.87891,0.87903,0.75,0.75
2017.12.29 21:01:40.931,0.87891,0.87905,0.75,1.50
2017.12.29 21:01:44.247,0.87891,0.87904,0.75,0.75
2017.12.29 21:01:45.076,0.87891,0.87905,0.75,2.25
2017.12.29 21:01:50.580,0.87891,0.87904,0.75,0.75
2017.12.29 21:01:51.226,0.87891,0.87905,0.75,0.75
2017.12.29 21:01:52.182,0.87891,0.87903,0.75,0.75
2017.12.29 21:01:52.336,0.87891,0.87905,0.75,0.75
2017.12.29 21:02:02.977,0.87893,0.87906,0.75,0.75
2017.12.29 21:02:07.363,0.87893,0.87907,0.75,1.50
2017.12.29 21:02:10.700,0.87891,0.87905,0.75,1.50
2017.12.29 21:02:16.337,0.87891,0.87904,0.75,1.50
2017.12.29 21:02:16.389,0.87889,0.87903,1.50,0.75
2017.12.29 21:02:16.971,0.8789,0.87903,0.75,0.75
2017.12.29 21:02:17.023,0.87891,0.87905,0.75,0.75
2017.12.29 21:02:17.459,0.8789,0.879,0.75,0.75
2017.12.29 21:02:17.511,0.87887,0.879,0.75,0.75
2017.12.29 21:02:17.795,0.87885,0.87898,0.75,0.75
2017.12.29 21:02:20.687,0.87885,0.87899,0.75,0.75
2017.12.29 21:02:23.536,0.87885,0.87898,0.75,0.75
2017.12.29 21:02:24.283,0.87885,0.87897,0.75,0.75
2017.12.29 21:02:26.062,0.87883,0.87897,0.75,1.50
2017.12.29 21:02:36.482,0.87883,0.87896,0.75,0.75
2017.12.29 21:02:39.298,0.87883,0.87897,0.75,2.25
2017.12.29 21:02:41.520,0.87883,0.87896,0.75,0.75
2017.12.29 21:02:43.909,0.87883,0.87897,1.50,0.75
2017.12.29 21:02:55.007,0.87883,0.87896,0.75,0.75
2017.12.29 21:03:07.061,0.87883,0.87897,0.75,0.75
2017.12.29 21:03:10.405,0.87882,0.87895,0.75,0.75
2017.12.29 21:03:11.073,0.87882,0.87896,0.75,1.50
2017.12.29 21:03:12.797,0.87882,0.87895,0.75,0.75
2017.12.29 21:03:13.797,0.87882,0.87896,0.75,1.50
2017.12.29 21:03:32.684,0.87882,0.87893,0.75,0.75
2017.12.29 21:03:32.736,0.87879,0.87893,0.75,1.50
2017.12.29 21:03:38.379,0.87881,0.87895,0.75,0.75
2017.12.29 21:03:41.627,0.87881,0.87894,0.75,0.75
2017.12.29 21:03:41.847,0.87879,0.87893,0.75,1.50
2017.12.29 21:03:44.215,0.87877,0.87891,0.75,0.75
2017.12.29 21:03:53.971,0.87879,0.87893,0.75,0.75
2017.12.29 21:04:21.618,0.87877,0.87891,1.00,1.00
2017.12.29 21:04:27.238,0.87882,0.87893,1.00,1.00
2017.12.29 21:04:27.291,0.87883,0.87896,1.00,1.00
2017.12.29 21:04:27.496,0.87884,0.87898,1.00,1.00
2017.12.29 21:04:29.474,0.87886,0.879,1.00,1.00
2017.12.29 21:04:50.187,0.87886,0.879,1.37,1.00
2017.12.29 21:04:50.239,0.87888,0.87902,1.37,1.00
2017.12.29 21:04:52.232,0.87889,0.87903,1.87,1.00
2017.12.29 21:04:54.301,0.87892,0.87906,1.00,1.50
2017.12.29 21:04:55.184,0.87892,0.87905,1.00,1.00
2017.12.29 21:04:59.062,0.87892,0.87906,1.00,1.00
2017.12.29 21:05:00.006,0.87893,0.87907,1.00,1.00
2017.12.29 21:05:03.000,0.87897,0.87911,1.00,1.00
2017.12.29 21:05:03.308,0.87899,0.87913,1.00,1.00
2017.12.29 21:05:17.812,0.87899,0.8791,1.00,1.00
2017.12.29 21:05:17.864,0.87897,0.87909,1.00,1.00
2017.12.29 21:05:17.916,0.87896,0.87907,1.00,1.00
2017.12.29 21:05:20.356,0.87894,0.87906,1.00,1.00
2017.12.29 21:05:21.512,0.87894,0.87907,1.00,1.00
2017.12.29 21:05:36.909,0.87894,0.87906,1.00,1.00
2017.12.29 21:05:40.379,0.87894,0.87907,1.00,1.00
2017.12.29 21:05:40.938,0.87898,0.8791,1.00,1.00
2017.12.29 21:05:41.042,0.87898,0.87912,1.87,1.00
2017.12.29 21:05:41.217,0.879,0.87914,1.00,1.00
2017.12.29 21:06:12.538,0.879,0.87911,1.00,1.00
2017.12.29 21:06:12.692,0.87898,0.8791,1.00,1.00
2017.12.29 21:06:15.562,0.87898,0.87911,1.00,1.00
2017.12.29 21:06:19.944,0.87898,0.87912,1.00,1.00
2017.12.29 21:06:27.856,0.87898,0.8791,1.00,1.00
2017.12.29 21:06:29.041,0.87897,0.87906,1.00,1.00
2017.12.29 21:06:29.095,0.87895,0.87906,1.00,1.00
2017.12.29 21:06:30.346,0.87895,0.87907,1.00,1.00
2017.12.29 21:06:30.591,0.87893,0.87903,1.00,1.00
2017.12.29 21:06:30.849,0.8789,0.87903,1.00,1.00
2017.12.29 21:06:31.493,0.8789,0.87904,1.00,2.25
2017.12.29 21:06:31.727,0.8789,0.87902,1.00,1.00
2017.12.29 21:06:32.086,0.87888,0.87902,1.00,1.50
2017.12.29 21:06:33.391,0.87889,0.87903,1.00,1.50
2017.12.29 21:06:37.976,0.87889,0.879,1.00,1.00
2017.12.29 21:06:38.028,0.87886,0.87898,1.00,1.00
2017.12.29 21:06:41.317,0.87886,0.87897,1.00,1.00
2017.12.29 21:06:41.842,0.87886,0.87898,1.00,1.00
2017.12.29 21:06:42.242,0.87884,0.87895,1.00,1.00
2017.12.29 21:06:42.346,0.87884,0.87897,1.00,1.00
2017.12.29 21:06:42.891,0.87884,0.87896,1.00,1.00
2017.12.29 21:06:44.384,0.87884,0.87897,1.00,1.50
2017.12.29 21:06:45.419,0.87884,0.87896,1.00,1.00
2017.12.29 21:06:45.629,0.87882,0.87895,1.00,1.50
2017.12.29 21:06:46.989,0.87882,0.87894,1.00,1.00
2017.12.29 21:06:47.280,0.8788,0.87894,1.00,1.50
2017.12.29 21:06:48.121,0.8788,0.87893,1.00,1.00
2017.12.29 21:06:48.173,0.87877,0.87888,1.12,1.00
2017.12.29 21:06:48.351,0.87877,0.87891,1.12,1.00
2017.12.29 21:06:49.083,0.87877,0.87891,1.87,1.00
2017.12.29 21:06:55.069,0.87879,0.87893,1.12,1.00
2017.12.29 21:06:56.595,0.87879,0.87892,1.00,1.00
2017.12.29 21:07:01.627,0.87879,0.87893,1.00,1.50
2017.12.29 21:07:25.300,0.87879,0.87892,1.00,1.00
2017.12.29 21:07:30.006,0.87879,0.87891,1.00,1.00
2017.12.29 21:07:30.824,0.87879,0.87892,1.00,1.00
2017.12.29 21:07:31.447,0.87879,0.87893,1.00,1.50
2017.12.29 21:07:38.812,0.87878,0.87891,1.00,1.00
2017.12.29 21:07:39.937,0.87878,0.8789,1.00,1.00
2017.12.29 21:07:43.912,0.87878,0.87891,1.00,1.00
2017.12.29 21:07:44.436,0.87878,0.87892,1.00,2.25
2017.12.29 21:07:49.216,0.87881,0.87894,1.00,1.00
2017.12.29 21:07:49.739,0.87881,0.87895,1.00,1.00
2017.12.29 21:07:50.078,0.87878,0.87892,1.00,1.50
2017.12.29 21:07:50.470,0.8788,0.87892,1.00,1.00
2017.12.29 21:07:55.140,0.87878,0.87892,1.00,1.50
2017.12.29 21:08:05.490,0.87878,0.87891,1.00,1.00
2017.12.29 21:08:06.065,0.87878,0.87892,1.00,1.50
2017.12.29 21:08:18.282,0.87878,0.87891,1.00,1.00
2017.12.29 21:08:19.035,0.87878,0.87892,1.00,1.50
2017.12.29 21:08:20.677,0.87878,0.87891,1.00,1.00
2017.12.29 21:08:24.780,0.87876,0.8789,1.50,1.00
2017.12.29 21:08:31.512,0.87877,0.8789,1.00,1.00
2017.12.29 21:08:34.426,0.87876,0.8789,1.50,1.00
2017.12.29 21:08:34.480,0.87881,0.87892,1.00,1.00
2017.12.29 21:08:34.533,0.87881,0.87894,1.00,1.00
2017.12.29 21:08:37.270,0.87882,0.87894,1.00,1.00
2017.12.29 21:08:41.850,0.87882,0.87896,1.50,1.00
2017.12.29 21:09:11.738,0.87886,0.87897,1.00,1.00
2017.12.29 21:09:13.554,0.87886,0.87899,1.00,1.00
2017.12.29 21:09:26.022,0.87887,0.87899,1.00,1.00
2017.12.29 21:09:29.973,0.87888,0.87901,1.00,1.00
2017.12.29 21:09:37.086,0.8789,0.87901,1.00,1.00
2017.12.29 21:09:37.138,0.8789,0.87903,1.00,1.00
2017.12.29 21:09:38.534,0.87889,0.87903,1.00,1.50
2017.12.29 21:09:39.593,0.87889,0.87902,1.00,1.00
2017.12.29 21:09:39.764,0.87887,0.87901,1.50,1.00
2017.12.29 21:09:44.315,0.87889,0.87901,1.00,1.00
2017.12.29 21:09:50.018,0.87888,0.87901,1.00,1.00
2017.12.29 21:10:01.600,0.87889,0.87902,1.00,1.00
2017.12.29 21:10:01.806,0.87887,0.87901,1.50,1.50
2017.12.29 21:10:53.265,0.87889,0.87903,1.50,1.00
2017.12.29 21:10:53.594,0.87891,0.87903,1.00,1.00
2017.12.29 21:10:54.268,0.87891,0.87905,1.50,1.00
2017.12.29 21:10:55.216,0.87892,0.87905,1.00,1.00
2017.12.29 21:10:55.967,0.87891,0.87905,1.00,1.50
2017.12.29 21:10:56.468,0.87892,0.87905,1.00,1.00
2017.12.29 21:10:59.504,0.87891,0.87905,1.50,1.00
2017.12.29 21:11:00.805,0.87892,0.87905,1.00,1.00
2017.12.29 21:11:01.553,0.87891,0.87905,1.50,1.00
2017.12.29 21:11:02.092,0.87892,0.87905,1.00,1.00
2017.12.29 21:11:04.822,0.87891,0.87905,1.50,1.00
2017.12.29 21:11:05.344,0.87892,0.87905,1.00,1.00
2017.12.29 21:11:07.953,0.87891,0.87905,1.50,1.00
2017.12.29 21:11:10.317,0.87892,0.87905,1.00,1.00
2017.12.29 21:11:12.457,0.87895,0.87907,1.00,1.00
2017.12.29 21:11:12.508,0.87895,0.87909,1.50,1.00
2017.12.29 21:11:13.153,0.87896,0.87909,1.00,1.00
2017.12.29 21:11:15.631,0.87895,0.87909,1.50,1.00
2017.12.29 21:11:16.139,0.87896,0.87909,1.00,1.00
2017.12.29 21:11:16.908,0.87895,0.87909,1.50,1.00
2017.12.29 21:11:22.764,0.87893,0.87907,1.50,1.00
2017.12.29 21:11:31.638,0.87895,0.87909,2.25,1.00
2017.12.29 21:11:55.651,0.87894,0.87908,1.00,1.00
2017.12.29 21:11:56.918,0.87892,0.87906,1.00,1.00
2017.12.29 21:12:29.617,0.87893,0.87907,1.00,1.00
2017.12.29 21:12:55.609,0.87892,0.87906,1.00,1.00
2017.12.29 21:12:58.318,0.8789,0.87904,1.00,1.00
2017.12.29 21:13:09.644,0.87892,0.87906,1.00,1.00
2017.12.29 21:13:09.953,0.87894,0.87908,1.00,1.00
2017.12.29 21:13:24.193,0.87895,0.87909,1.00,1.00
2017.12.29 21:14:08.153,0.87897,0.87911,1.00,1.00
2017.12.29 21:14:08.496,0.87895,0.87909,1.00,1.00
2017.12.29 21:14:17.911,0.87894,0.8791,1.00,1.50
2017.12.29 21:14:50.703,0.87892,0.87908,1.00,1.00
2017.12.29 21:14:57.407,0.8789,0.87906,1.00,1.00
2017.12.29 21:14:57.958,0.87888,0.87904,1.00,1.00
2017.12.29 21:15:03.540,0.87886,0.87902,1.00,1.00
2017.12.29 21:15:06.049,0.87885,0.87901,1.00,1.00
2017.12.29 21:15:10.400,0.87886,0.87902,1.00,1.00
2017.12.29 21:15:10.744,0.87888,0.87904,1.00,1.00
2017.12.29 21:15:14.246,0.8789,0.87904,1.00,1.00
2017.12.29 21:15:14.623,0.8789,0.87906,1.50,1.50
2017.12.29 21:15:50.579,0.87897,0.87909,1.00,1.00
2017.12.29 21:15:50.631,0.87893,0.87909,1.00,1.00
2017.12.29 21:15:56.145,0.87892,0.87908,1.00,1.00
2017.12.29 21:16:51.933,0.87893,0.87909,1.00,1.00
2017.12.29 21:17:31.011,0.8789,0.87904,1.00,1.00
2017.12.29 21:17:31.064,0.87888,0.87904,1.00,1.50
2017.12.29 21:17:37.542,0.8789,0.87906,1.00,1.00
2017.12.29 21:18:09.763,0.87888,0.87904,1.00,1.00
2017.12.29 21:18:21.752,0.87886,0.87902,1.00,1.00
2017.12.29 21:18:22.069,0.87882,0.87898,1.00,1.00
2017.12.29 21:19:21.793,0.87882,0.87903,1.00,1.50
2017.12.29 21:19:36.358,0.87892,0.87903,1.00,1.50
2017.12.29 21:19:36.463,0.87886,0.87901,1.00,1.00
2017.12.29 21:19:37.007,0.87885,0.87901,1.00,1.00
2017.12.29 21:19:38.337,0.87882,0.87898,1.00,1.00
2017.12.29 21:20:08.520,0.87884,0.879,1.00,1.00
2017.12.29 21:20:25.946,0.87881,0.87893,1.00,1.00
2017.12.29 21:20:26.051,0.87879,0.87893,1.00,1.00
2017.12.29 21:20:39.612,0.87879,0.87895,1.00,1.00
2017.12.29 21:20:58.126,0.87879,0.87893,1.00,1.00
2017.12.29 21:21:07.191,0.87879,0.87895,1.00,1.00
2017.12.29 21:21:07.852,0.87877,0.87893,1.00,1.00
2017.12.29 21:21:10.187,0.87877,0.87892,1.00,1.00
2017.12.29 21:21:14.686,0.87877,0.8789,1.00,1.00
2017.12.29 21:21:14.845,0.87875,0.87889,1.00,1.00
2017.12.29 21:21:15.244,0.87873,0.87889,1.00,1.50
2017.12.29 21:21:19.193,0.87871,0.87886,1.00,1.00
2017.12.29 21:21:23.193,0.87871,0.87887,1.00,1.00
2017.12.29 21:21:23.696,0.87871,0.87886,1.00,1.00
2017.12.29 21:21:23.983,0.87869,0.87885,1.00,1.00
2017.12.29 21:21:46.810,0.87868,0.87884,1.00,1.50
2017.12.29 21:22:07.839,0.87869,0.87885,1.00,1.00
2017.12.29 21:22:10.699,0.87871,0.87887,1.00,1.00
2017.12.29 21:22:12.588,0.87871,0.87885,1.00,1.00
2017.12.29 21:22:12.641,0.87869,0.87885,1.00,1.50
2017.12.29 21:22:13.168,0.87868,0.87884,1.00,1.00
2017.12.29 21:22:28.408,0.87866,0.87882,1.00,1.00
2017.12.29 21:22:32.814,0.87868,0.87884,1.00,1.00
2017.12.29 21:22:37.990,0.87866,0.87882,1.00,1.00
2017.12.29 21:22:38.299,0.87868,0.87884,1.00,2.25
2017.12.29 21:22:39.143,0.87868,0.87883,1.00,1.00
2017.12.29 21:22:39.195,0.87866,0.87882,1.00,1.00
2017.12.29 21:22:39.475,0.87864,0.8788,1.00,1.00
2017.12.29 21:22:39.933,0.87866,0.87882,1.00,1.00
2017.12.29 21:22:40.434,0.87866,0.87881,1.00,1.00
2017.12.29 21:22:40.743,0.87866,0.87879,1.00,1.00
2017.12.29 21:22:40.949,0.87861,0.87877,1.00,1.00
2017.12.29 21:22:41.104,0.87863,0.87879,1.00,1.50
2017.12.29 21:22:41.439,0.87861,0.87877,1.00,1.00
2017.12.29 21:22:42.496,0.87863,0.87879,1.00,1.00
2017.12.29 21:22:43.011,0.87862,0.87878,1.00,1.00
2017.12.29 21:22:43.429,0.87864,0.8788,1.00,1.00
2017.12.29 21:22:50.288,0.87865,0.87881,1.00,1.00
2017.12.29 21:22:55.836,0.87869,0.87884,1.00,1.00
2017.12.29 21:22:56.715,0.87869,0.87885,1.00,1.00
2017.12.29 21:23:06.027,0.8787,0.87886,1.00,1.00
2017.12.29 21:23:45.297,0.87872,0.87888,1.00,1.00
2017.12.29 21:23:48.359,0.87874,0.8789,1.50,1.00
2017.12.29 21:24:01.585,0.87872,0.87888,1.00,1.00
2017.12.29 21:24:13.366,0.87871,0.87887,1.00,1.00
2017.12.29 21:24:13.680,0.87869,0.87884,1.00,1.00
2017.12.29 21:24:14.787,0.87869,0.87885,1.00,1.00
2017.12.29 21:24:15.312,0.87872,0.87888,1.00,1.00
2017.12.29 21:24:36.099,0.87874,0.8789,1.00,1.00
2017.12.29 21:24:41.017,0.87876,0.8789,1.00,1.00
2017.12.29 21:24:58.074,0.87876,0.87892,1.00,1.00
2017.12.29 21:24:58.178,0.87878,0.87894,1.00,1.00
2017.12.29 21:25:01.039,0.87879,0.87895,1.00,1.00
2017.12.29 21:25:15.231,0.87881,0.87896,1.00,1.00
2017.12.29 21:25:25.293,0.8788,0.87896,1.00,1.87
2017.12.29 21:25:32.871,0.8788,0.87896,1.00,1.50
2017.12.29 21:25:42.941,0.8788,0.87896,1.00,1.87
2017.12.29 21:25:47.724,0.8788,0.87896,1.00,1.50
2017.12.29 21:26:15.946,0.87882,0.87898,1.00,1.00
2017.12.29 21:26:28.456,0.8788,0.87896,1.00,1.00
2017.12.29 21:26:31.039,0.87882,0.87898,1.00,1.00
2017.12.29 21:26:47.520,0.87884,0.879,1.50,1.00
2017.12.29 21:26:47.848,0.87886,0.87902,1.00,1.00
2017.12.29 21:26:48.353,0.87887,0.87902,1.00,1.00
2017.12.29 21:26:48.889,0.87886,0.87902,1.00,1.00
2017.12.29 21:26:54.474,0.87887,0.87903,1.00,1.00
2017.12.29 21:26:57.699,0.87886,0.87902,1.00,1.00
2017.12.29 21:26:58.399,0.87888,0.87904,1.00,1.00
2017.12.29 21:26:58.715,0.87886,0.87902,1.00,1.00
2017.12.29 21:26:59.187,0.87888,0.87904,1.00,1.00
2017.12.29 21:27:07.395,0.87886,0.87902,1.00,1.00
2017.12.29 21:27:13.844,0.87889,0.87905,1.00,1.00
2017.12.29 21:27:14.562,0.87887,0.87903,1.00,1.00
2017.12.29 21:27:15.883,0.87889,0.87905,1.00,1.00
2017.12.29 21:27:19.223,0.87891,0.87907,1.00,1.00
2017.12.29 21:27:25.737,0.87889,0.87905,1.00,1.00
2017.12.29 21:27:36.805,0.87887,0.87907,1.00,1.50
2017.12.29 21:27:39.544,0.87886,0.87906,1.50,1.00
2017.12.29 21:27:43.711,0.87887,0.87906,1.00,1.00
2017.12.29 21:27:44.333,0.87886,0.87906,1.50,1.00
2017.12.29 21:27:44.855,0.87887,0.87907,1.00,1.00
2017.12.29 21:27:48.197,0.87886,0.87906,1.50,1.00
2017.12.29 21:27:51.045,0.87887,0.87907,1.00,1.00
2017.12.29 21:27:54.349,0.87887,0.87906,1.50,1.00
2017.12.29 21:27:56.446,0.87889,0.87906,1.00,1.50
2017.12.29 21:27:56.549,0.87887,0.87907,1.50,1.50
2017.12.29 21:27:58.951,0.87887,0.87905,1.00,1.00
2017.12.29 21:27:59.499,0.87887,0.87907,1.50,1.50
2017.12.29 21:28:00.980,0.87888,0.87906,1.00,1.00
2017.12.29 21:28:01.488,0.87888,0.87907,1.00,1.00
2017.12.29 21:28:16.491,0.87887,0.87907,1.00,1.50
2017.12.29 21:28:26.044,0.87887,0.87905,1.00,1.00
2017.12.29 21:28:26.332,0.87887,0.87907,1.00,1.50
2017.12.29 21:28:26.495,0.87887,0.87905,1.00,1.00
2017.12.29 21:28:26.751,0.87887,0.87907,1.00,1.50
2017.12.29 21:28:26.910,0.87887,0.87905,1.00,1.00
2017.12.29 21:28:27.154,0.87887,0.87907,1.00,1.50
2017.12.29 21:28:29.417,0.87891,0.87907,1.00,1.00
2017.12.29 21:28:29.469,0.87891,0.8791,1.50,1.50
2017.12.29 21:28:29.882,0.87893,0.87913,1.00,1.50
2017.12.29 21:28:36.240,0.87892,0.87912,1.00,1.00
2017.12.29 21:29:15.877,0.87892,0.87911,1.00,1.00
2017.12.29 21:29:16.395,0.87892,0.87912,1.00,1.50
2017.12.29 21:29:18.740,0.87892,0.87911,1.00,1.00
2017.12.29 21:29:19.279,0.87892,0.87912,1.00,1.50
2017.12.29 21:29:20.195,0.8789,0.8791,1.00,1.00
2017.12.29 21:29:28.254,0.87891,0.8791,1.00,1.00
2017.12.29 21:29:28.772,0.8789,0.8791,1.00,1.00
2017.12.29 21:29:31.466,0.87892,0.87912,1.00,1.00
2017.12.29 21:29:36.603,0.8789,0.8791,1.00,1.00
2017.12.29 21:29:37.832,0.87891,0.8791,1.00,1.00
2017.12.29 21:29:38.580,0.8789,0.8791,1.00,1.00
2017.12.29 21:29:39.944,0.87892,0.87912,1.00,1.00
2017.12.29 21:29:40.892,0.8789,0.8791,1.00,1.00
2017.12.29 21:29:45.277,0.87891,0.8791,1.00,1.00
2017.12.29 21:29:45.910,0.8789,0.8791,1.00,1.00
2017.12.29 21:29:50.629,0.87901,0.87914,1.00,1.00
2017.12.29 21:29:50.734,0.87901,0.87916,1.00,1.00
2017.12.29 21:29:51.165,0.87902,0.87918,1.00,1.00
2017.12.29 21:29:52.159,0.87907,0.87919,1.00,1.00
2017.12.29 21:29:52.212,0.87905,0.87919,1.00,1.00
2017.12.29 21:29:52.263,0.87905,0.87921,1.00,1.00
2017.12.29 21:29:52.315,0.87903,0.87921,1.00,1.00
2017.12.29 21:29:52.787,0.87905,0.87921,1.00,1.00
2017.12.29 21:29:54.793,0.87903,0.87921,1.00,1.00
2017.12.29 21:29:55.304,0.87902,0.87921,1.00,1.00
2017.12.29 21:29:57.339,0.87903,0.87923,1.00,1.00
2017.12.29 21:30:00.207,0.87901,0.87921,1.00,1.00
2017.12.29 21:30:00.519,0.87903,0.87923,1.00,1.50
2017.12.29 21:30:00.686,0.87901,0.87923,1.00,1.00
2017.12.29 21:30:00.791,0.87902,0.87925,1.50,1.12
2017.12.29 21:30:01.054,0.879,0.87925,1.00,1.12
2017.12.29 21:30:01.373,0.879,0.8792,1.00,1.00
2017.12.29 21:30:01.479,0.87897,0.8792,1.50,1.00
2017.12.29 21:30:01.686,0.87899,0.87923,2.25,1.12
2017.12.29 21:30:02.536,0.879,0.87924,1.00,1.50
2017.12.29 21:30:03.693,0.87899,0.87923,2.25,1.00
2017.12.29 21:30:04.656,0.87899,0.87922,1.50,1.00
2017.12.29 21:30:05.207,0.87899,0.87923,2.25,1.00
2017.12.29 21:30:05.734,0.87899,0.87922,1.00,1.00
2017.12.29 21:30:09.209,0.87899,0.87923,2.25,1.00
2017.12.29 21:30:15.243,0.879,0.87924,1.00,1.00
2017.12.29 21:30:15.295,0.87901,0.87926,1.00,3.00
2017.12.29 21:30:15.501,0.87903,0.87926,1.00,1.00
2017.12.29 21:30:16.347,0.87903,0.87927,1.00,1.12
2017.12.29 21:30:17.484,0.87903,0.87928,1.00,1.00
2017.12.29 21:30:17.994,0.87903,0.87927,1.00,1.00
2017.12.29 21:30:20.134,0.87903,0.87926,1.00,1.00
2017.12.29 21:30:20.391,0.87901,0.87925,1.00,1.00
2017.12.29 21:30:20.940,0.87903,0.87925,1.00,1.00
2017.12.29 21:30:30.250,0.87903,0.87924,1.00,1.00
2017.12.29 21:30:31.105,0.87904,0.87924,1.00,1.00
2017.12.29 21:30:31.577,0.87902,0.87924,1.00,1.00
2017.12.29 21:30:33.136,0.87903,0.87924,1.00,1.00
2017.12.29 21:30:33.738,0.87903,0.87923,1.00,1.00
2017.12.29 21:30:34.561,0.87902,0.87926,1.50,1.00
2017.12.29 21:30:34.716,0.87904,0.87926,1.00,1.00
2017.12.29 21:30:37.060,0.87904,0.87925,1.50,1.00
2017.12.29 21:30:37.267,0.87896,0.87919,1.50,1.00
2017.12.29 21:30:37.576,0.87894,0.87918,1.00,1.00
2017.12.29 21:30:40.276,0.87894,0.87917,1.00,1.00
2017.12.29 21:30:41.340,0.87894,0.87916,1.00,1.00
2017.12.29 21:30:53.686,0.87894,0.87917,1.00,1.00
2017.12.29 21:30:53.916,0.87894,0.87919,1.00,1.00
2017.12.29 21:30:53.969,0.87896,0.87918,1.00,1.00
2017.12.29 21:30:54.228,0.87894,0.87918,1.00,1.00
2017.12.29 21:31:00.118,0.87892,0.87916,1.00,1.00
2017.12.29 21:31:00.427,0.87895,0.87918,1.00,1.00
2017.12.29 21:31:02.210,0.87895,0.87919,1.00,1.00
2017.12.29 21:31:07.029,0.87895,0.8792,1.00,1.00
2017.12.29 21:31:07.390,0.87897,0.8792,1.00,1.00
2017.12.29 21:31:07.906,0.87896,0.8792,1.00,1.00
2017.12.29 21:31:16.942,0.87896,0.87919,1.00,1.00
2017.12.29 21:31:21.087,0.87895,0.87919,1.00,1.00
2017.12.29 21:31:24.853,0.87897,0.87922,1.00,1.00
2017.12.29 21:31:25.387,0.87896,0.87922,1.00,1.50
2017.12.29 21:31:27.753,0.87896,0.87921,1.50,1.00
2017.12.29 21:31:31.907,0.87895,0.8792,1.00,1.00
2017.12.29 21:31:32.413,0.87895,0.87921,1.50,1.00
2017.12.29 21:31:32.960,0.87895,0.8792,1.00,1.00
2017.12.29 21:31:36.413,0.87897,0.8792,1.00,1.00
2017.12.29 21:31:38.296,0.87895,0.8792,1.00,1.00
2017.12.29 21:31:39.889,0.87895,0.87919,1.00,1.00
2017.12.29 21:31:45.282,0.87897,0.87921,1.00,1.00
2017.12.29 21:31:45.488,0.87897,0.87923,2.25,1.12
2017.12.29 21:31:47.384,0.87899,0.87923,1.00,1.00
2017.12.29 21:31:47.910,0.87899,0.87922,1.00,1.00
2017.12.29 21:31:52.533,0.87899,0.87919,1.00,1.00
2017.12.29 21:31:52.884,0.87897,0.87919,1.00,1.00
2017.12.29 21:32:06.086,0.87898,0.87919,1.00,1.00
2017.12.29 21:32:10.449,0.87898,0.87918,1.00,1.00
2017.12.29 21:32:16.131,0.87897,0.87918,1.00,1.00
2017.12.29 21:32:20.887,0.87897,0.87919,1.00,1.00
2017.12.29 21:32:32.137,0.87897,0.8792,1.00,1.00
2017.12.29 21:32:42.382,0.87897,0.87919,1.00,1.00
2017.12.29 21:32:46.133,0.87898,0.87919,1.00,1.00
2017.12.29 21:32:50.336,0.87898,0.87918,1.00,1.00
2017.12.29 21:32:52.386,0.87897,0.87918,1.00,1.00
2017.12.29 21:33:00.113,0.87897,0.87917,1.00,1.00
2017.12.29 21:33:03.379,0.87897,0.87918,1.00,1.00
2017.12.29 21:33:03.697,0.87895,0.87918,1.00,1.00
2017.12.29 21:33:04.833,0.87896,0.87918,1.00,1.00
2017.12.29 21:33:06.687,0.87895,0.87918,1.00,1.00
2017.12.29 21:33:07.733,0.87896,0.87918,1.00,1.00
2017.12.29 21:33:08.287,0.87895,0.87918,1.00,1.00
2017.12.29 21:33:09.306,0.87896,0.87918,1.00,1.00
2017.12.29 21:33:10.409,0.87896,0.87919,1.00,1.00
2017.12.29 21:33:11.565,0.87896,0.87918,1.00,1.00
2017.12.29 21:33:12.086,0.87896,0.87919,1.00,1.00
2017.12.29 21:33:14.598,0.87894,0.87918,1.50,1.00
2017.12.29 21:33:15.193,0.87893,0.87918,1.50,1.00
2017.12.29 21:33:15.697,0.87894,0.87918,1.00,1.00
2017.12.29 21:33:16.200,0.87893,0.87918,1.50,1.00
2017.12.29 21:33:16.847,0.87894,0.87918,1.00,1.00
2017.12.29 21:33:18.891,0.87894,0.87917,1.00,1.00
2017.12.29 21:33:19.434,0.87894,0.87916,1.00,1.00
2017.12.29 21:33:19.946,0.87893,0.87917,1.00,1.00
2017.12.29 21:33:20.613,0.87894,0.87917,1.00,1.00
2017.12.29 21:33:27.195,0.87893,0.87917,1.00,1.00
2017.12.29 21:33:28.737,0.87893,0.87916,1.00,1.00
2017.12.29 21:33:31.133,0.87893,0.87917,1.00,1.00
2017.12.29 21:33:31.639,0.87894,0.87917,1.00,1.00
2017.12.29 21:33:36.033,0.87894,0.87918,1.00,1.00
2017.12.29 21:33:41.149,0.87894,0.87917,1.00,1.00
2017.12.29 21:33:43.988,0.87893,0.87917,1.50,1.00
2017.12.29 21:33:47.824,0.87893,0.87916,1.50,1.00
2017.12.29 21:33:55.062,0.87893,0.87915,1.50,1.00
2017.12.29 21:33:55.751,0.87893,0.87916,1.50,1.00
2017.12.29 21:33:58.229,0.87904,0.8792,1.00,1.00
2017.12.29 21:33:58.284,0.87904,0.87923,1.00,3.00
2017.12.29 21:33:58.560,0.87902,0.87924,1.50,1.50
2017.12.29 21:33:58.766,0.87905,0.87924,1.00,1.00
2017.12.29 21:33:59.076,0.87903,0.87924,1.00,1.00
2017.12.29 21:33:59.283,0.879,0.87923,1.87,1.00
2017.12.29 21:33:59.335,0.879,0.8792,1.50,1.00
2017.12.29 21:33:59.554,0.879,0.87922,1.50,1.00
2017.12.29 21:34:00.133,0.879,0.87921,1.00,1.00
2017.12.29 21:34:00.798,0.879,0.87922,1.00,1.00
2017.12.29 21:34:01.438,0.879,0.87921,1.00,1.00
2017.12.29 21:34:01.951,0.879,0.87922,1.00,1.00
2017.12.29 21:34:03.984,0.879,0.87917,1.00,1.00
2017.12.29 21:34:04.304,0.879,0.87919,1.50,1.00
2017.12.29 21:34:06.696,0.879,0.87917,1.00,1.00
2017.12.29 21:34:09.797,0.879,0.87919,1.50,1.00
2017.12.29 21:34:25.828,0.87898,0.87917,1.00,1.00
2017.12.29 21:34:32.065,0.87895,0.87914,1.00,1.00
2017.12.29 21:34:32.117,0.87893,0.87915,1.50,1.00
2017.12.29 21:34:32.221,0.87892,0.8791,1.00,1.00
2017.12.29 21:34:33.637,0.8789,0.8791,1.50,1.00
2017.12.29 21:34:33.689,0.8789,0.87908,1.50,1.00
2017.12.29 21:34:34.141,0.87892,0.87908,1.00,1.00
2017.12.29 21:34:34.550,0.8789,0.87908,1.00,1.00
2017.12.29 21:34:34.602,0.87888,0.87908,2.81,1.00
2017.12.29 21:34:34.999,0.87887,0.8791,1.50,2.25
2017.12.29 21:34:35.532,0.87888,0.8791,1.00,1.00
2017.12.29 21:34:36.080,0.87889,0.8791,1.00,1.00
2017.12.29 21:34:36.562,0.87886,0.87908,1.50,1.00
2017.12.29 21:34:37.229,0.87886,0.87907,1.00,1.00
2017.12.29 21:34:38.292,0.87887,0.87907,1.00,1.00
2017.12.29 21:34:57.883,0.87887,0.87908,1.00,1.00
2017.12.29 21:35:00.788,0.87887,0.8791,1.00,1.00
2017.12.29 21:35:01.767,0.87887,0.87909,1.00,1.00
2017.12.29 21:35:02.299,0.87886,0.87909,1.00,1.00
2017.12.29 21:35:02.825,0.87886,0.87908,1.00,1.00
2017.12.29 21:35:03.322,0.87894,0.87908,1.00,1.00
2017.12.29 21:35:03.374,0.87887,0.87908,1.50,1.00
2017.12.29 21:35:05.304,0.87887,0.87907,1.00,1.00
2017.12.29 21:35:07.738,0.87887,0.8791,1.00,1.00
2017.12.29 21:35:08.288,0.87887,0.87911,1.00,1.50
2017.12.29 21:35:08.895,0.87887,0.8791,1.00,1.00
2017.12.29 21:35:11.188,0.87887,0.87911,1.00,1.50
2017.12.29 21:35:11.689,0.87887,0.8791,1.00,1.00
2017.12.29 21:35:12.817,0.87887,0.87911,1.00,1.00
2017.12.29 21:35:13.423,0.87887,0.8791,1.00,1.00
2017.12.29 21:35:13.989,0.87887,0.87911,1.00,1.00
2017.12.29 21:35:14.498,0.87886,0.8791,1.00,1.00
2017.12.29 21:35:15.288,0.87887,0.8791,1.00,1.00
2017.12.29 21:35:15.857,0.87887,0.87911,1.00,1.50
2017.12.29 21:35:16.938,0.87885,0.87909,1.00,1.00
2017.12.29 21:35:27.154,0.87884,0.87908,2.25,1.00
2017.12.29 21:35:27.687,0.87885,0.87909,1.00,1.00
2017.12.29 21:35:34.148,0.87891,0.8791,1.00,1.00
2017.12.29 21:35:34.340,0.87896,0.87916,1.00,1.87
2017.12.29 21:35:34.392,0.87894,0.87913,1.50,1.00
2017.12.29 21:35:34.444,0.87895,0.87916,1.00,1.12
2017.12.29 21:35:34.548,0.87894,0.87913,1.00,1.00
2017.12.29 21:35:38.941,0.87891,0.87914,1.00,1.00
2017.12.29 21:35:39.490,0.8789,0.87914,1.00,1.00
2017.12.29 21:35:39.542,0.87895,0.87914,1.00,1.00
2017.12.29 21:35:39.645,0.87892,0.87915,1.00,1.00
2017.12.29 21:35:40.185,0.87892,0.87914,1.00,1.00
2017.12.29 21:35:52.097,0.87892,0.87915,1.50,1.00
2017.12.29 21:35:52.634,0.87892,0.87914,1.00,1.00
2017.12.29 21:35:54.748,0.87892,0.87915,1.00,1.00
2017.12.29 21:36:01.326,0.87896,0.87915,1.00,1.00
2017.12.29 21:36:05.647,0.87895,0.87914,1.00,1.00
2017.12.29 21:36:05.886,0.87896,0.87917,1.00,1.00
2017.12.29 21:36:05.939,0.87898,0.87919,1.00,1.00
2017.12.29 21:36:06.250,0.87901,0.87921,1.00,1.00
2017.12.29 21:36:07.280,0.87902,0.87921,1.00,1.00
2017.12.29 21:36:07.790,0.879,0.87921,1.00,1.00
2017.12.29 21:36:08.295,0.87899,0.87921,1.00,1.00
2017.12.29 21:36:09.427,0.87898,0.87921,1.00,1.00
2017.12.29 21:36:12.883,0.87898,0.87922,1.00,1.00
2017.12.29 21:36:13.422,0.87899,0.87922,1.00,1.00
2017.12.29 21:36:13.933,0.87899,0.87923,1.00,1.00
2017.12.29 21:36:15.824,0.87898,0.87923,1.50,1.00
2017.12.29 21:36:21.093,0.87899,0.87923,1.00,1.00
2017.12.29 21:36:22.911,0.87899,0.87922,1.00,1.00
2017.12.29 21:36:23.459,0.87898,0.87922,1.00,1.00
2017.12.29 21:36:24.755,0.87898,0.87923,2.25,1.00
2017.12.29 21:36:24.962,0.87899,0.87925,1.00,1.00
2017.12.29 21:36:25.014,0.87901,0.87925,1.50,1.00
2017.12.29 21:36:25.331,0.87899,0.87922,1.00,1.00
2017.12.29 21:36:25.835,0.879,0.87925,1.00,1.00
2017.12.29 21:36:25.990,0.87901,0.87922,1.00,1.00
2017.12.29 21:36:26.093,0.87899,0.87922,1.50,1.00
2017.12.29 21:36:26.248,0.87901,0.87924,1.00,1.00
2017.12.29 21:36:26.558,0.87901,0.87922,1.50,1.00
2017.12.29 21:36:26.610,0.87899,0.87924,1.00,1.00
2017.12.29 21:36:26.816,0.87901,0.87924,1.00,1.00
2017.12.29 21:36:27.335,0.87901,0.87922,1.50,1.00
2017.12.29 21:36:27.541,0.87899,0.87922,1.50,1.00
2017.12.29 21:36:28.093,0.87901,0.87925,1.00,1.00
2017.12.29 21:36:28.197,0.87901,0.87923,1.50,1.00
2017.12.29 21:36:28.404,0.879,0.87925,1.00,1.00
2017.12.29 21:36:28.560,0.879,0.87923,1.50,1.00
2017.12.29 21:36:28.921,0.879,0.87925,1.50,1.00
2017.12.29 21:36:28.974,0.87902,0.87923,1.00,1.00
2017.12.29 21:36:29.262,0.879,0.87925,1.00,1.00
2017.12.29 21:36:29.783,0.879,0.87923,1.00,1.00
2017.12.29 21:36:30.093,0.87898,0.87921,1.00,1.00
2017.12.29 21:36:31.243,0.87901,0.87925,1.00,1.00
2017.12.29 21:36:31.346,0.87901,0.87923,1.00,1.00
2017.12.29 21:36:31.500,0.87898,0.87923,1.50,1.00
2017.12.29 21:36:32.144,0.87898,0.87922,1.50,1.00
2017.12.29 21:36:32.651,0.87899,0.87922,1.00,1.00
2017.12.29 21:36:33.312,0.87899,0.87923,1.00,1.00
2017.12.29 21:36:33.948,0.87901,0.87925,1.00,1.00
2017.12.29 21:36:34.463,0.87902,0.87926,1.00,1.00
2017.12.29 21:36:35.410,0.87903,0.87927,1.50,1.00
2017.12.29 21:36:36.239,0.87902,0.87926,1.50,1.00
2017.12.29 21:36:37.396,0.87905,0.87926,1.00,1.00
2017.12.29 21:36:37.500,0.87909,0.87934,1.00,1.00
2017.12.29 21:36:38.411,0.8791,0.87934,1.00,1.00
2017.12.29 21:36:43.076,0.8791,0.87933,1.00,1.00
2017.12.29 21:36:44.395,0.8791,0.87934,1.00,1.00
2017.12.29 21:36:44.902,0.8791,0.87935,1.00,1.00
2017.12.29 21:36:48.075,0.87912,0.87934,1.00,1.00
2017.12.29 21:36:48.595,0.87912,0.87935,1.00,1.00
2017.12.29 21:36:49.416,0.87914,0.87935,1.00,1.00
2017.12.29 21:36:54.831,0.87914,0.87936,1.00,1.00
2017.12.29 21:36:57.058,0.87914,0.87938,1.00,1.00
2017.12.29 21:36:57.599,0.87914,0.87937,1.00,1.00
2017.12.29 21:36:57.753,0.87912,0.87937,1.00,1.00
2017.12.29 21:36:58.254,0.87911,0.87936,1.50,1.00
2017.12.29 21:36:59.052,0.87912,0.87936,1.00,1.00
2017.12.29 21:36:59.533,0.8791,0.87936,1.00,1.00
2017.12.29 21:37:01.011,0.87909,0.87935,1.00,1.00
2017.12.29 21:37:01.533,0.8791,0.87936,1.00,1.00
2017.12.29 21:37:01.649,0.87908,0.87934,1.87,1.00
2017.12.29 21:37:01.984,0.87906,0.87932,1.50,1.00
2017.12.29 21:37:03.939,0.87907,0.87933,1.00,1.00
2017.12.29 21:37:15.226,0.87908,0.87934,1.00,1.00
2017.12.29 21:37:15.782,0.87907,0.87933,1.00,1.00
2017.12.29 21:37:16.448,0.87908,0.87934,1.00,1.00
2017.12.29 21:37:16.998,0.87907,0.87933,1.00,1.00
2017.12.29 21:37:18.943,0.87904,0.8793,1.50,1.00
2017.12.29 21:37:22.641,0.87904,0.87929,1.00,1.00
2017.12.29 21:37:24.086,0.87904,0.8793,1.00,1.50
2017.12.29 21:37:25.857,0.87905,0.8793,1.00,1.00
2017.12.29 21:37:26.380,0.87905,0.87931,1.00,1.50
2017.12.29 21:37:28.937,0.87904,0.8793,1.50,1.00
2017.12.29 21:37:33.530,0.87907,0.87932,1.00,1.00
2017.12.29 21:37:34.051,0.87906,0.87932,1.00,1.50
2017.12.29 21:37:39.883,0.87905,0.87931,1.00,1.00
2017.12.29 21:37:40.431,0.87905,0.8793,1.00,1.00
2017.12.29 21:37:40.740,0.87906,0.87932,1.00,1.50
2017.12.29 21:37:41.251,0.87905,0.87931,1.00,1.00
2017.12.29 21:37:42.053,0.87906,0.87932,1.00,1.50
2017.12.29 21:37:43.792,0.87905,0.87931,1.00,1.00
2017.12.29 21:37:44.788,0.87907,0.87928,1.00,1.00
2017.12.29 21:37:44.943,0.87906,0.87932,1.00,1.87
2017.12.29 21:37:45.599,0.87905,0.87931,1.00,1.00
2017.12.29 21:37:45.651,0.87907,0.87928,1.00,1.00
2017.12.29 21:37:45.857,0.87905,0.87931,1.00,1.00
2017.12.29 21:37:47.512,0.87906,0.87932,1.00,1.00
2017.12.29 21:37:47.718,0.87908,0.87929,1.00,1.00
2017.12.29 21:37:47.985,0.87905,0.87931,1.00,1.00
2017.12.29 21:37:48.500,0.87907,0.87928,1.00,1.00
2017.12.29 21:37:48.707,0.87906,0.87931,1.00,1.00
2017.12.29 21:37:49.083,0.87908,0.87929,1.00,1.00
2017.12.29 21:37:53.400,0.87906,0.87931,1.00,1.50
2017.12.29 21:37:54.452,0.87905,0.87931,1.00,2.25
2017.12.29 21:37:55.193,0.87906,0.87931,1.00,1.00
2017.12.29 21:37:55.738,0.87905,0.8793,1.00,1.00
2017.12.29 21:37:56.195,0.87909,0.87931,1.00,1.00
2017.12.29 21:37:56.504,0.87909,0.87933,1.00,1.50
2017.12.29 21:37:57.972,0.87908,0.87932,1.00,1.00
2017.12.29 21:37:58.309,0.8791,0.87933,1.00,1.00
2017.12.29 21:37:58.413,0.87908,0.87932,1.00,1.00
2017.12.29 21:37:58.619,0.8791,0.87933,1.00,1.00
2017.12.29 21:37:59.151,0.87911,0.87933,1.00,1.00
2017.12.29 21:37:59.734,0.8791,0.87933,1.00,1.00
2017.12.29 21:38:01.184,0.87909,0.87933,1.00,1.50
2017.12.29 21:38:04.019,0.87909,0.87931,1.00,1.00
2017.12.29 21:38:04.793,0.8791,0.87931,1.00,1.00
2017.12.29 21:38:06.745,0.87911,0.87931,1.00,1.00
2017.12.29 21:38:06.902,0.87912,0.87933,1.00,1.00
2017.12.29 21:38:07.985,0.87912,0.87934,1.00,1.00
2017.12.29 21:38:09.112,0.87913,0.87934,1.00,1.00
2017.12.29 21:38:09.639,0.87914,0.87935,1.00,1.00
2017.12.29 21:38:15.706,0.87913,0.87935,1.00,1.00
2017.12.29 21:38:25.695,0.87914,0.87937,1.00,1.00
2017.12.29 21:38:27.191,0.87915,0.87937,1.00,1.00
2017.12.29 21:38:28.938,0.87915,0.87938,1.00,1.00
2017.12.29 21:38:32.655,0.87914,0.87938,1.00,1.50
2017.12.29 21:38:33.178,0.87915,0.87938,1.00,1.00
2017.12.29 21:38:33.853,0.87914,0.87938,1.00,1.50
2017.12.29 21:38:34.553,0.87915,0.87938,1.00,1.00
2017.12.29 21:38:36.846,0.87914,0.87938,1.00,1.50
2017.12.29 21:38:37.983,0.87915,0.87938,1.00,1.00
2017.12.29 21:38:39.775,0.87916,0.87938,1.00,1.00
2017.12.29 21:38:43.947,0.87917,0.87938,1.00,1.00
2017.12.29 21:38:46.181,0.87917,0.87939,1.00,1.00
2017.12.29 21:38:50.461,0.87916,0.87939,1.00,1.00
2017.12.29 21:38:54.551,0.87917,0.87939,1.00,1.00
2017.12.29 21:38:56.264,0.87918,0.87939,1.00,1.00
2017.12.29 21:39:00.566,0.87916,0.87939,1.00,1.00
2017.12.29 21:39:04.437,0.87917,0.87939,1.00,1.00
2017.12.29 21:39:09.626,0.87916,0.87939,1.00,1.00
2017.12.29 21:39:14.584,0.87915,0.87939,1.00,1.50
2017.12.29 21:39:19.783,0.87917,0.87939,1.00,1.00
2017.12.29 21:39:21.981,0.87917,0.8794,1.00,1.00
2017.12.29 21:39:29.065,0.87913,0.87939,1.50,1.00
2017.12.29 21:39:29.118,0.87916,0.8794,1.00,1.50
2017.12.29 21:39:30.106,0.87917,0.8794,1.00,1.00
2017.12.29 21:39:30.631,0.87917,0.87941,1.00,1.50
2017.12.29 21:39:35.964,0.87918,0.87941,1.00,1.00
2017.12.29 21:39:36.476,0.87918,0.87942,1.00,1.50
2017.12.29 21:39:37.690,0.87917,0.87941,1.00,1.00
2017.12.29 21:39:40.210,0.87916,0.8794,1.00,1.00
2017.12.29 21:39:42.298,0.87918,0.87942,1.00,1.50
2017.12.29 21:39:42.812,0.87919,0.87942,1.00,1.00
2017.12.29 21:39:44.781,0.87919,0.87943,1.00,1.50
2017.12.29 21:39:45.736,0.8792,0.87943,1.00,1.00
2017.12.29 21:39:46.250,0.8792,0.87944,1.00,1.50
2017.12.29 21:39:49.694,0.87919,0.87943,1.00,1.00
2017.12.29 21:39:50.346,0.87917,0.87941,1.00,1.00
2017.12.29 21:39:50.870,0.87918,0.87942,1.00,1.50
2017.12.29 21:39:54.138,0.87917,0.87941,1.00,1.00
2017.12.29 21:39:54.644,0.87918,0.87942,1.00,1.50
2017.12.29 21:39:59.788,0.87917,0.87941,1.00,1.00
2017.12.29 21:40:00.344,0.87918,0.87942,1.00,1.00
2017.12.29 21:40:01.088,0.87918,0.87941,1.00,1.00
2017.12.29 21:40:01.599,0.87917,0.87941,1.00,1.50
2017.12.29 21:40:05.561,0.87916,0.8794,1.50,1.00
2017.12.29 21:40:06.092,0.87917,0.87941,1.00,1.50
2017.12.29 21:40:06.849,0.87916,0.8794,1.00,1.00
2017.12.29 21:40:07.649,0.87915,0.87939,1.50,1.00
2017.12.29 21:40:12.880,0.87918,0.87941,1.00,1.00
2017.12.29 21:40:13.022,0.87916,0.8794,1.00,1.00
2017.12.29 21:40:21.294,0.87916,0.87938,1.00,1.00
2017.12.29 21:40:21.635,0.87916,0.87934,1.00,1.00
2017.12.29 21:40:26.133,0.87915,0.87934,1.00,1.00
2017.12.29 21:40:57.989,0.87913,0.87934,1.00,1.00
2017.12.29 21:40:58.587,0.87913,0.87933,1.00,1.00
2017.12.29 21:40:59.109,0.87913,0.87934,1.00,1.00
2017.12.29 21:40:59.638,0.87913,0.87933,1.00,1.00
2017.12.29 21:41:00.736,0.87913,0.87934,1.00,1.00
2017.12.29 21:41:01.251,0.87913,0.87933,1.00,1.00
2017.12.29 21:41:04.794,0.87913,0.87929,1.00,1.00
2017.12.29 21:41:05.309,0.87912,0.87929,1.00,1.00
2017.12.29 21:41:05.995,0.8791,0.87929,1.50,1.00
2017.12.29 21:41:19.745,0.8791,0.87928,1.50,1.00
2017.12.29 21:41:26.797,0.8791,0.87929,1.50,1.00
2017.12.29 21:41:27.093,0.8791,0.87927,1.50,1.00
2017.12.29 21:41:27.619,0.8791,0.87928,1.50,1.00
2017.12.29 21:41:28.145,0.8791,0.87927,1.50,1.00
2017.12.29 21:41:28.657,0.8791,0.87928,1.50,1.00
2017.12.29 21:41:29.158,0.8791,0.87927,1.50,1.00
2017.12.29 21:41:29.665,0.8791,0.87926,1.50,1.00
2017.12.29 21:41:30.191,0.8791,0.87927,1.50,1.00
2017.12.29 21:41:30.888,0.8791,0.87926,1.50,1.00
2017.12.29 21:41:31.391,0.8791,0.87927,1.50,1.00
2017.12.29 21:41:31.949,0.8791,0.87926,1.50,1.00
2017.12.29 21:41:33.494,0.8791,0.87927,1.50,1.00
2017.12.29 21:41:34.051,0.8791,0.87926,2.25,1.00
2017.12.29 21:41:36.440,0.8791,0.87927,1.50,1.00
2017.12.29 21:41:36.981,0.8791,0.87926,1.50,1.00
2017.12.29 21:41:37.396,0.87908,0.87926,1.50,1.00
2017.12.29 21:41:37.500,0.87905,0.8792,1.00,1.00
2017.12.29 21:41:37.637,0.87901,0.87921,1.00,1.00
2017.12.29 21:41:38.151,0.879,0.8792,1.00,1.00
2017.12.29 21:41:38.795,0.879,0.87921,1.00,1.00
2017.12.29 21:41:39.298,0.879,0.8792,1.00,1.00
2017.12.29 21:41:39.919,0.879,0.87921,1.00,1.00
2017.12.29 21:41:40.074,0.879,0.87925,1.00,1.00
2017.12.29 21:41:40.229,0.87902,0.87925,1.00,1.00
2017.12.29 21:41:41.332,0.87902,0.87926,1.00,1.00
2017.12.29 21:41:43.788,0.87902,0.87927,1.00,1.00
2017.12.29 21:41:44.441,0.87902,0.87926,1.00,1.00
2017.12.29 21:41:45.088,0.87902,0.87927,1.00,1.00
2017.12.29 21:41:45.638,0.87902,0.87926,1.00,1.00
2017.12.29 21:41:46.314,0.87902,0.87927,1.00,1.00
2017.12.29 21:41:47.974,0.87903,0.87927,1.00,1.00
2017.12.29 21:41:57.296,0.87904,0.87927,1.00,1.00
2017.12.29 21:41:57.638,0.87906,0.87927,1.00,1.00
2017.12.29 21:42:00.233,0.87906,0.87928,1.00,1.00
2017.12.29 21:42:03.640,0.87907,0.87932,1.00,1.00
2017.12.29 21:42:03.971,0.8791,0.87932,1.00,1.00
2017.12.29 21:42:09.927,0.87908,0.87929,1.00,1.00
2017.12.29 21:42:10.236,0.87906,0.87926,1.00,1.00
2017.12.29 21:42:16.296,0.87906,0.87927,1.00,1.00
2017.12.29 21:42:18.593,0.87906,0.87926,1.00,1.00
2017.12.29 21:42:19.986,0.87904,0.87924,1.00,1.00
2017.12.29 21:42:20.501,0.87903,0.87924,1.00,1.00
2017.12.29 21:42:21.084,0.87904,0.87924,1.00,1.00
2017.12.29 21:42:21.137,0.87902,0.87925,1.00,1.00
2017.12.29 21:42:21.394,0.879,0.87925,1.50,1.00
2017.12.29 21:42:22.103,0.87901,0.87925,1.00,1.00
2017.12.29 21:42:23.253,0.87901,0.87924,1.00,1.00
2017.12.29 21:42:23.306,0.87901,0.87922,1.00,1.00
2017.12.29 21:42:30.805,0.87901,0.8792,1.00,1.00
2017.12.29 21:43:06.239,0.87901,0.87919,1.00,1.00
2017.12.29 21:43:06.746,0.87901,0.8792,1.00,1.00
2017.12.29 21:43:07.300,0.87901,0.87919,1.00,1.00
2017.12.29 21:43:07.910,0.87901,0.8792,1.00,1.00
2017.12.29 21:43:08.531,0.87901,0.87919,1.00,1.00
2017.12.29 21:43:09.090,0.87901,0.8792,1.00,1.00
2017.12.29 21:43:14.144,0.87901,0.87919,1.00,1.00
2017.12.29 21:43:14.831,0.87901,0.8792,1.00,1.00
2017.12.29 21:43:16.096,0.87902,0.8792,1.00,1.00
2017.12.29 21:43:19.085,0.87902,0.87918,1.00,1.00
2017.12.29 21:43:29.715,0.87902,0.87917,1.00,1.00
2017.12.29 21:43:30.758,0.87904,0.87917,1.00,1.00
2017.12.29 21:43:36.199,0.87904,0.87916,1.00,1.00
2017.12.29 21:43:43.192,0.87904,0.87914,1.00,1.00
2017.12.29 21:43:44.369,0.87904,0.87915,1.00,1.00
2017.12.29 21:43:52.014,0.87905,0.87915,1.00,1.00
2017.12.29 21:43:53.146,0.87905,0.87914,1.00,1.00
2017.12.29 21:43:55.596,0.87903,0.87914,1.00,1.00
2017.12.29 21:44:00.169,0.87903,0.87916,1.00,1.00
2017.12.29 21:44:03.257,0.87905,0.87923,1.00,1.00
2017.12.29 21:44:03.996,0.87907,0.87923,1.00,1.00
2017.12.29 21:44:04.600,0.87907,0.87924,1.00,1.00
2017.12.29 21:44:15.083,0.87908,0.87923,1.00,1.00
2017.12.29 21:44:15.805,0.87908,0.87924,1.00,1.00
2017.12.29 21:44:15.857,0.87908,0.87926,1.00,1.00
2017.12.29 21:44:16.497,0.87907,0.87925,1.00,1.00
2017.12.29 21:44:24.155,0.87907,0.87924,1.00,1.00
2017.12.29 21:44:25.283,0.87907,0.87925,1.00,1.00
2017.12.29 21:44:29.167,0.87907,0.87924,1.00,1.00
2017.12.29 21:44:31.097,0.87906,0.87924,1.00,1.00
2017.12.29 21:44:31.598,0.87906,0.87925,1.00,1.00
2017.12.29 21:44:43.353,0.87906,0.87924,1.00,1.00
2017.12.29 21:44:43.581,0.87903,0.87924,1.00,1.00
2017.12.29 21:44:44.149,0.87903,0.87923,1.00,1.00
2017.12.29 21:44:47.924,0.87903,0.87922,1.00,1.00
2017.12.29 21:44:50.707,0.87902,0.87919,1.00,1.00
2017.12.29 21:44:51.264,0.87902,0.87917,1.00,1.00
2017.12.29 21:44:51.319,0.87899,0.87917,1.00,1.00
2017.12.29 21:45:00.132,0.87899,0.87918,1.00,1.00
2017.12.29 21:45:00.338,0.87899,0.87923,1.00,1.00
2017.12.29 21:45:00.390,0.87899,0.87929,1.00,1.00
2017.12.29 21:45:00.441,0.87897,0.87929,1.00,1.00
2017.12.29 21:45:00.943,0.879,0.87932,1.00,1.50
2017.12.29 21:45:01.268,0.87905,0.87935,1.00,1.00
2017.12.29 21:45:01.575,0.87903,0.87933,1.00,1.00
2017.12.29 21:45:02.101,0.87903,0.87934,1.00,1.00
2017.12.29 21:45:02.506,0.87905,0.87934,1.00,1.00
2017.12.29 21:45:02.949,0.87903,0.87935,1.00,1.50
2017.12.29 21:45:03.524,0.87905,0.87935,1.00,1.50
2017.12.29 21:45:05.245,0.87903,0.87935,1.00,1.50
2017.12.29 21:45:24.035,0.87904,0.87935,1.00,1.00
2017.12.29 21:45:28.295,0.87904,0.87934,1.00,1.00
2017.12.29 21:45:31.678,0.87904,0.87935,1.00,1.00
2017.12.29 21:46:06.098,0.87903,0.87935,1.00,1.00
2017.12.29 21:46:39.864,0.87905,0.87935,1.00,1.00
2017.12.29 21:47:01.098,0.87904,0.87935,1.00,1.00
2017.12.29 21:47:04.711,0.87903,0.87936,1.00,1.00
2017.12.29 21:47:05.020,0.87899,0.87932,1.00,1.00
2017.12.29 21:47:07.927,0.87898,0.87931,1.00,1.00
2017.12.29 21:47:10.944,0.87901,0.87934,1.00,1.50
2017.12.29 21:47:11.286,0.87902,0.87936,1.50,1.00
2017.12.29 21:47:16.246,0.87901,0.87934,1.00,1.00
2017.12.29 21:47:19.172,0.879,0.87933,1.00,1.00
2017.12.29 21:47:19.353,0.87895,0.87929,1.00,1.00
2017.12.29 21:47:22.012,0.87897,0.8793,1.00,1.00
2017.12.29 21:47:25.526,0.87899,0.87932,1.00,1.00
2017.12.29 21:47:46.103,0.87898,0.87932,1.00,1.00
2017.12.29 21:47:51.987,0.879,0.87934,1.00,1.00
2017.12.29 21:47:52.451,0.87902,0.87936,1.00,1.00
2017.12.29 21:47:53.062,0.87905,0.87935,1.00,1.00
2017.12.29 21:47:53.115,0.87905,0.87937,1.00,1.00
2017.12.29 21:47:53.895,0.87906,0.87937,1.00,1.00
2017.12.29 21:47:54.036,0.87904,0.87937,1.00,1.50
2017.12.29 21:47:54.211,0.87904,0.87935,1.00,1.00
2017.12.29 21:47:55.744,0.87904,0.87937,1.00,1.50
2017.12.29 21:47:55.847,0.87905,0.87939,1.00,1.50
2017.12.29 21:47:56.642,0.87909,0.87941,1.00,1.50
2017.12.29 21:47:58.685,0.87907,0.8794,1.00,1.00
2017.12.29 21:47:59.255,0.87907,0.87941,1.50,2.25
2017.12.29 21:48:04.408,0.87909,0.87942,1.00,1.00
2017.12.29 21:48:05.633,0.87909,0.87943,1.00,2.25
2017.12.29 21:48:06.197,0.87909,0.87942,1.00,1.00
2017.12.29 21:48:06.486,0.87907,0.87941,1.50,1.00
2017.12.29 21:48:11.379,0.87907,0.87939,1.50,1.00
2017.12.29 21:48:13.754,0.87907,0.87941,1.50,1.00
2017.12.29 21:48:30.338,0.87907,0.87939,1.00,1.00
2017.12.29 21:48:30.442,0.87898,0.87932,1.00,1.00
2017.12.29 21:48:31.911,0.879,0.87934,1.50,1.00
2017.12.29 21:48:32.220,0.87904,0.87938,1.50,1.50
2017.12.29 21:48:32.674,0.87906,0.8794,1.50,1.50
2017.12.29 21:48:33.288,0.87909,0.8794,1.00,1.00
2017.12.29 21:48:37.200,0.87909,0.87942,1.00,1.00
2017.12.29 21:48:37.724,0.87909,0.87941,1.00,1.00
2017.12.29 21:48:43.512,0.87909,0.87942,1.00,1.00
2017.12.29 21:48:46.141,0.8791,0.87942,1.00,1.00
2017.12.29 21:48:52.759,0.8791,0.87943,1.00,1.00
2017.12.29 21:48:59.499,0.8791,0.87944,1.00,1.00
2017.12.29 21:48:59.666,0.87912,0.87945,1.00,1.00
2017.12.29 21:49:00.606,0.87912,0.87946,1.00,1.00
2017.12.29 21:49:01.298,0.87912,0.87945,1.00,1.00
2017.12.29 21:49:01.351,0.8791,0.87944,1.00,1.00
2017.12.29 21:49:02.316,0.87911,0.87945,1.00,1.00
2017.12.29 21:49:17.495,0.87909,0.87943,1.00,1.00
2017.12.29 21:49:17.783,0.87904,0.87947,1.00,1.00
2017.12.29 21:49:21.954,0.87904,0.87941,1.00,1.00
2017.12.29 21:49:22.556,0.87904,0.8794,1.00,1.00
2017.12.29 21:49:22.608,0.87902,0.8794,1.50,1.00
2017.12.29 21:49:22.762,0.87902,0.87944,1.00,1.00
2017.12.29 21:49:23.478,0.87901,0.87944,1.00,1.50
2017.12.29 21:49:26.470,0.87901,0.87942,1.00,1.00
2017.12.29 21:49:26.949,0.87902,0.87939,1.00,1.00
2017.12.29 21:49:27.576,0.87901,0.87939,1.00,1.00
2017.12.29 21:49:28.430,0.87901,0.8794,1.00,1.00
2017.12.29 21:49:34.451,0.879,0.8794,1.00,1.00
2017.12.29 21:49:35.203,0.87902,0.8794,1.00,1.00
2017.12.29 21:49:35.726,0.87902,0.87941,1.00,1.00
2017.12.29 21:49:36.554,0.87902,0.87946,1.00,1.00
2017.12.29 21:49:37.395,0.87902,0.8794,1.00,1.00
2017.12.29 21:49:37.446,0.87902,0.87946,1.00,1.00
2017.12.29 21:49:41.764,0.87902,0.87938,1.00,1.00
2017.12.29 21:49:42.303,0.87902,0.87937,1.00,1.00
2017.12.29 21:49:42.904,0.87902,0.87934,1.00,1.00
2017.12.29 21:49:43.412,0.87902,0.87935,1.00,1.00
2017.12.29 21:49:44.696,0.87902,0.87938,1.00,1.00
2017.12.29 21:49:46.105,0.87901,0.87938,1.00,1.00
2017.12.29 21:49:50.587,0.879,0.87938,1.00,1.00
2017.12.29 21:50:00.619,0.87898,0.87937,1.00,1.00
2017.12.29 21:50:00.671,0.87895,0.87933,1.00,1.00
2017.12.29 21:50:00.729,0.87886,0.87932,1.00,1.50
2017.12.29 21:50:00.783,0.87886,0.87923,1.00,1.00
2017.12.29 21:50:00.888,0.87886,0.87929,1.00,1.00
2017.12.29 21:50:00.940,0.87886,0.87927,1.00,1.00
2017.12.29 21:50:01.047,0.87886,0.87931,1.00,1.00
2017.12.29 21:50:01.177,0.87886,0.87928,1.00,1.00
2017.12.29 21:50:01.687,0.87886,0.87914,1.00,1.19
2017.12.29 21:50:02.441,0.87886,0.87914,1.00,1.00
2017.12.29 21:50:02.746,0.87886,0.87919,1.00,1.00
2017.12.29 21:50:03.644,0.87886,0.87921,1.00,1.00
2017.12.29 21:50:04.065,0.87886,0.87924,1.00,1.00
2017.12.29 21:50:04.536,0.87886,0.87926,1.00,1.00
2017.12.29 21:50:06.070,0.87886,0.87927,1.00,1.00
2017.12.29 21:50:06.886,0.87886,0.87928,1.00,1.00
2017.12.29 21:50:06.989,0.87887,0.87933,1.00,1.00
2017.12.29 21:50:07.832,0.87888,0.87934,1.00,1.00
2017.12.29 21:50:08.726,0.87888,0.87935,1.50,1.00
2017.12.29 21:50:09.667,0.87889,0.87934,1.00,1.00
2017.12.29 21:50:10.186,0.8789,0.87939,1.00,1.00
2017.12.29 21:50:10.289,0.8789,0.87941,1.00,1.00
2017.12.29 21:50:10.443,0.87892,0.87939,1.00,1.00
2017.12.29 21:50:10.811,0.87887,0.87929,1.00,1.00
2017.12.29 21:50:10.916,0.87886,0.87936,1.00,1.00
2017.12.29 21:50:11.071,0.87886,0.87929,1.00,1.00
2017.12.29 21:50:11.123,0.87886,0.87933,1.00,1.00
2017.12.29 21:50:11.380,0.87892,0.87937,1.00,1.00
2017.12.29 21:50:11.720,0.87903,0.87944,1.00,1.00
2017.12.29 21:50:12.237,0.87909,0.87944,1.00,1.00
2017.12.29 21:50:12.503,0.87908,0.87948,1.00,1.00
2017.12.29 21:50:12.555,0.87909,0.8795,1.00,1.00
2017.12.29 21:50:12.607,0.87914,0.8795,1.00,1.00
2017.12.29 21:50:13.267,0.8792,0.87949,1.00,1.00
2017.12.29 21:50:13.319,0.87917,0.87949,1.00,1.00
2017.12.29 21:50:13.941,0.87916,0.87949,1.00,1.00
2017.12.29 21:50:13.993,0.87914,0.8795,1.00,1.00
2017.12.29 21:50:14.096,0.87919,0.8795,1.00,1.00
2017.12.29 21:50:14.757,0.87919,0.87951,1.00,1.00
2017.12.29 21:50:15.750,0.87919,0.8795,1.00,1.00
2017.12.29 21:50:16.112,0.87926,0.87951,1.00,1.00
2017.12.29 21:50:16.164,0.87921,0.87954,1.00,1.00
2017.12.29 21:50:16.215,0.87925,0.87954,1.00,1.00
2017.12.29 21:50:16.860,0.87925,0.87953,1.00,1.00
2017.12.29 21:50:16.911,0.87918,0.87952,1.00,1.00
2017.12.29 21:50:17.696,0.87919,0.87952,1.00,1.00
2017.12.29 21:50:19.604,0.87919,0.8795,1.00,1.00
2017.12.29 21:50:19.924,0.87925,0.87951,1.00,1.00
2017.12.29 21:50:20.497,0.87925,0.87952,1.00,1.00
2017.12.29 21:50:23.172,0.87925,0.87954,1.00,1.00
2017.12.29 21:50:23.582,0.87922,0.87958,1.00,1.00
2017.12.29 21:50:23.685,0.87915,0.87954,1.27,1.00
2017.12.29 21:50:23.736,0.87915,0.87956,1.00,1.00
2017.12.29 21:50:23.838,0.87916,0.87958,1.00,1.00
2017.12.29 21:50:23.891,0.8792,0.87956,1.00,1.00
2017.12.29 21:50:24.200,0.87924,0.87957,1.00,1.00
2017.12.29 21:50:27.280,0.87925,0.87957,1.00,1.00
2017.12.29 21:50:28.077,0.87924,0.87957,1.00,1.00
2017.12.29 21:50:32.525,0.87924,0.87955,1.00,1.00
2017.12.29 21:50:33.403,0.87924,0.87956,1.00,1.00
2017.12.29 21:50:33.948,0.87925,0.87957,1.00,1.00
2017.12.29 21:50:34.287,0.87925,0.87959,1.00,1.00
2017.12.29 21:50:35.033,0.87925,0.87958,1.00,1.00
2017.12.29 21:50:35.808,0.87925,0.87957,1.00,1.00
2017.12.29 21:50:36.182,0.87919,0.87957,1.00,1.00
2017.12.29 21:50:36.234,0.87921,0.87957,1.00,1.50
2017.12.29 21:50:36.767,0.8792,0.87957,1.00,1.50
2017.12.29 21:50:37.551,0.8792,0.87954,1.00,1.00
2017.12.29 21:50:37.603,0.87918,0.87956,1.00,1.00
2017.12.29 21:50:38.201,0.87918,0.87957,1.00,1.00
2017.12.29 21:50:38.407,0.87913,0.87956,1.00,1.00
2017.12.29 21:50:38.664,0.8791,0.87952,1.00,1.50
2017.12.29 21:50:38.768,0.87899,0.87952,1.19,1.19
2017.12.29 21:50:38.945,0.87905,0.87948,1.00,1.00
2017.12.29 21:50:39.160,0.87902,0.87946,1.00,1.25
2017.12.29 21:50:39.211,0.87898,0.87948,1.00,1.25
2017.12.29 21:50:39.890,0.87897,0.87949,1.00,1.19
2017.12.29 21:50:40.586,0.87897,0.87949,1.00,1.00
2017.12.29 21:50:40.689,0.87902,0.87952,1.00,1.00
2017.12.29 21:50:41.657,0.87902,0.87954,1.00,1.50
2017.12.29 21:50:44.700,0.87901,0.87946,1.00,1.00
2017.12.29 21:50:45.450,0.879,0.87945,1.00,1.00
2017.12.29 21:50:57.833,0.879,0.87947,1.00,1.00
2017.12.29 21:50:58.164,0.879,0.87944,1.00,1.00
2017.12.29 21:50:58.215,0.87899,0.87946,1.00,1.00
2017.12.29 21:50:59.137,0.879,0.87945,1.00,1.00
2017.12.29 21:51:01.841,0.87914,0.87951,1.00,1.00
2017.12.29 21:51:01.893,0.87913,0.87955,1.00,1.00
2017.12.29 21:51:04.741,0.87914,0.87955,1.00,1.00
2017.12.29 21:51:04.845,0.879,0.87955,1.00,1.00
2017.12.29 21:51:04.947,0.87909,0.87951,1.00,1.00
2017.12.29 21:51:06.211,0.87902,0.87948,1.00,1.00
2017.12.29 21:51:06.262,0.879,0.8795,1.00,1.00
2017.12.29 21:51:06.314,0.87904,0.87946,1.00,1.00
2017.12.29 21:51:08.680,0.87903,0.87947,1.00,1.00
2017.12.29 21:51:09.574,0.87903,0.87948,1.00,1.00
2017.12.29 21:51:10.810,0.87902,0.87949,1.00,1.00
2017.12.29 21:51:27.399,0.87903,0.87948,1.00,1.00
2017.12.29 21:51:28.902,0.87904,0.87948,1.00,1.00
2017.12.29 21:51:31.282,0.87907,0.87948,1.00,1.00
2017.12.29 21:51:34.027,0.87905,0.87948,1.00,1.00
2017.12.29 21:51:34.634,0.87904,0.87947,1.00,1.00
2017.12.29 21:51:34.686,0.87899,0.87949,1.00,1.00
2017.12.29 21:51:34.738,0.87904,0.87947,1.00,1.00
2017.12.29 21:51:36.230,0.87904,0.87941,1.00,1.00
2017.12.29 21:51:36.385,0.87902,0.87941,1.00,1.00
2017.12.29 21:51:37.300,0.87906,0.87942,1.00,1.00
2017.12.29 21:51:37.352,0.87907,0.87946,1.00,1.00
2017.12.29 21:51:38.328,0.87905,0.87948,1.00,1.00
2017.12.29 21:51:46.344,0.87906,0.87947,1.00,1.00
2017.12.29 21:51:55.403,0.87906,0.87948,1.00,1.00
2017.12.29 21:52:09.013,0.87907,0.87946,1.00,1.00
2017.12.29 21:52:09.065,0.87904,0.87947,1.00,1.00
2017.12.29 21:52:09.739,0.87904,0.87948,1.00,1.00
2017.12.29 21:52:13.992,0.87903,0.87948,1.00,1.00
2017.12.29 21:52:17.591,0.87904,0.87949,1.00,1.00
2017.12.29 21:52:17.643,0.87904,0.87946,1.00,1.00
2017.12.29 21:52:17.745,0.87903,0.87948,1.00,1.00
2017.12.29 21:52:18.582,0.87901,0.87948,1.00,1.00
2017.12.29 21:52:19.289,0.87903,0.87949,1.00,1.00
2017.12.29 21:52:27.524,0.87905,0.87948,1.00,1.00
2017.12.29 21:52:29.037,0.87906,0.87948,1.00,1.00
2017.12.29 21:52:29.567,0.87906,0.87952,1.19,1.50
2017.12.29 21:52:29.620,0.87918,0.87954,1.00,1.00
2017.12.29 21:52:30.270,0.87919,0.87955,1.00,1.00
2017.12.29 21:52:32.189,0.87917,0.87963,1.19,1.50
2017.12.29 21:52:32.242,0.87925,0.87961,1.00,1.00
2017.12.29 21:52:33.018,0.87923,0.87962,1.00,1.00
2017.12.29 21:52:33.070,0.87918,0.87963,1.00,1.00
2017.12.29 21:52:33.724,0.87917,0.87964,1.25,1.00
2017.12.29 21:52:33.826,0.87924,0.87962,1.00,1.00
2017.12.29 21:52:34.338,0.87925,0.87962,1.00,1.00
2017.12.29 21:52:38.921,0.87916,0.87962,1.56,1.00
2017.12.29 21:52:39.845,0.87916,0.87962,1.19,1.00
2017.12.29 21:52:47.452,0.87916,0.87958,1.19,1.00
2017.12.29 21:52:47.505,0.87916,0.87964,1.00,1.00
2017.12.29 21:52:47.558,0.87911,0.87961,1.00,1.00
2017.12.29 21:52:47.661,0.87911,0.87965,1.00,1.00
2017.12.29 21:52:47.715,0.8792,0.87962,1.00,1.00
2017.12.29 21:52:47.783,0.87917,0.87962,1.00,1.00
2017.12.29 21:52:48.303,0.87916,0.87962,1.00,1.00
2017.12.29 21:52:50.255,0.87918,0.87962,1.00,1.00
2017.12.29 21:52:50.686,0.87916,0.87962,1.00,1.00
2017.12.29 21:52:53.031,0.87916,0.87961,1.00,1.00
2017.12.29 21:52:57.567,0.87916,0.8796,1.00,1.00
2017.12.29 21:52:57.620,0.87912,0.8796,1.00,1.00
2017.12.29 21:53:07.787,0.87912,0.87961,1.00,1.00
2017.12.29 21:53:09.597,0.87914,0.87961,1.00,1.00
2017.12.29 21:53:11.866,0.87914,0.87962,1.00,1.00
2017.12.29 21:53:17.854,0.87916,0.87962,1.00,1.00
2017.12.29 21:53:31.116,0.87916,0.87961,1.00,1.00
2017.12.29 21:53:33.798,0.87918,0.87961,1.00,1.00
2017.12.29 21:53:40.398,0.87915,0.87962,1.00,1.00
2017.12.29 21:53:41.103,0.87917,0.87962,1.00,1.00
2017.12.29 21:53:42.721,0.87915,0.87962,1.00,1.00
2017.12.29 21:53:43.292,0.87915,0.87963,1.00,1.00
2017.12.29 21:53:47.894,0.87915,0.87961,1.00,1.00
2017.12.29 21:53:48.359,0.87917,0.87961,1.00,1.00
2017.12.29 21:53:56.229,0.87917,0.87959,1.00,1.00
2017.12.29 21:53:57.801,0.87917,0.87958,1.00,1.00
2017.12.29 21:53:59.105,0.87918,0.87958,1.00,1.00
2017.12.29 21:54:00.996,0.87918,0.87957,1.00,1.00
2017.12.29 21:54:01.224,0.87916,0.87962,1.00,1.50
2017.12.29 21:54:01.377,0.87916,0.8796,1.00,1.00
2017.12.29 21:54:01.594,0.87913,0.8796,1.00,1.50
2017.12.29 21:54:01.880,0.87909,0.87959,1.00,1.00
2017.12.29 21:54:01.938,0.87909,0.87957,1.00,1.00
2017.12.29 21:54:02.343,0.87909,0.87955,1.00,1.00
2017.12.29 21:54:02.742,0.8791,0.87953,1.00,1.00
2017.12.29 21:54:03.496,0.8791,0.87954,1.00,1.00
2017.12.29 21:54:04.567,0.8791,0.87955,1.00,1.00
2017.12.29 21:54:07.717,0.8791,0.87956,1.00,1.00
2017.12.29 21:54:09.639,0.87909,0.87956,1.00,1.00
2017.12.29 21:54:14.532,0.87911,0.87956,1.00,1.00
2017.12.29 21:54:15.289,0.87911,0.87957,1.00,1.00
2017.12.29 21:54:16.157,0.87911,0.87956,1.00,1.00
2017.12.29 21:54:20.384,0.87911,0.87957,1.00,1.00
2017.12.29 21:54:20.486,0.87911,0.8796,1.00,1.00
2017.12.29 21:54:22.575,0.87911,0.87961,1.00,1.00
2017.12.29 21:54:22.626,0.87914,0.87961,1.00,1.00
2017.12.29 21:54:26.016,0.87914,0.87962,1.00,1.00
2017.12.29 21:54:27.709,0.87916,0.87962,1.00,1.00
2017.12.29 21:54:28.248,0.87916,0.87961,1.00,1.00
2017.12.29 21:54:29.015,0.87916,0.87957,1.00,1.00
2017.12.29 21:54:31.265,0.87909,0.87959,1.00,1.56
2017.12.29 21:54:31.317,0.87909,0.87961,1.00,2.06
2017.12.29 21:54:31.368,0.87902,0.87956,1.00,1.00
2017.12.29 21:54:32.441,0.87902,0.87954,1.00,1.00
2017.12.29 21:54:33.062,0.87902,0.8795,1.00,1.12
2017.12.29 21:54:33.924,0.87905,0.87951,1.00,1.37
2017.12.29 21:54:33.976,0.87905,0.87953,1.00,1.37
2017.12.29 21:54:34.715,0.87905,0.87953,1.00,1.12
2017.12.29 21:54:36.111,0.87907,0.87953,1.00,1.50
2017.12.29 21:54:39.987,0.87907,0.87955,1.00,1.37
2017.12.29 21:54:40.091,0.87909,0.87958,1.00,1.50
2017.12.29 21:54:40.681,0.8791,0.87958,1.00,1.00
2017.12.29 21:54:41.402,0.8791,0.87958,1.00,1.37
2017.12.29 21:54:45.830,0.87907,0.87955,1.00,1.00
2017.12.29 21:54:46.615,0.8791,0.87955,1.00,1.00
2017.12.29 21:54:53.185,0.87907,0.87955,1.00,1.00
2017.12.29 21:54:56.293,0.87907,0.87954,1.00,1.00
2017.12.29 21:54:59.524,0.87911,0.87956,1.00,1.37
2017.12.29 21:55:00.027,0.87911,0.87956,1.00,1.12
2017.12.29 21:55:00.216,0.87908,0.87956,1.00,1.12
2017.12.29 21:55:00.472,0.87911,0.87955,1.00,1.00
2017.12.29 21:55:02.435,0.87913,0.87958,1.00,1.00
2017.12.29 21:55:02.541,0.87913,0.8796,1.00,1.00
2017.12.29 21:55:02.593,0.87919,0.87959,1.00,1.00
2017.12.29 21:55:03.118,0.87917,0.87958,1.00,1.00
2017.12.29 21:55:03.941,0.87917,0.8796,1.00,1.00
2017.12.29 21:55:04.754,0.87917,0.8796,1.00,1.37
2017.12.29 21:55:07.768,0.87917,0.87961,1.00,1.37
2017.12.29 21:55:08.588,0.87917,0.87957,1.00,1.00
2017.12.29 21:55:12.150,0.87916,0.87957,1.00,1.00
2017.12.29 21:55:12.767,0.87916,0.87955,1.00,1.00
2017.12.29 21:55:16.625,0.87915,0.87955,1.00,1.00
2017.12.29 21:55:25.064,0.87917,0.87957,1.00,1.37
2017.12.29 21:55:25.167,0.87917,0.87958,1.00,1.00
2017.12.29 21:55:25.270,0.87914,0.87959,1.00,1.12
2017.12.29 21:55:26.123,0.87917,0.87959,1.00,1.00
2017.12.29 21:55:29.504,0.87917,0.87958,1.00,1.00
2017.12.29 21:55:30.352,0.87918,0.87958,1.00,1.00
2017.12.29 21:55:34.127,0.87917,0.87958,1.00,1.00
2017.12.29 21:55:34.728,0.87917,0.87959,1.00,1.00
2017.12.29 21:55:36.055,0.87917,0.8796,1.00,1.50
2017.12.29 21:55:39.025,0.87917,0.87961,1.00,1.50
2017.12.29 21:55:39.625,0.87919,0.87961,1.00,1.00
2017.12.29 21:55:41.092,0.87919,0.87962,1.00,1.00
2017.12.29 21:55:42.040,0.87919,0.87963,1.00,1.00
2017.12.29 21:55:46.788,0.87919,0.87964,1.00,1.00
2017.12.29 21:55:47.291,0.87919,0.87965,1.00,1.00
2017.12.29 21:55:48.505,0.87916,0.87965,1.00,1.00
2017.12.29 21:55:49.187,0.87919,0.87965,1.00,1.00
2017.12.29 21:55:51.166,0.87919,0.87966,1.00,1.50
2017.12.29 21:55:53.774,0.87916,0.87966,1.00,1.00
2017.12.29 21:55:53.826,0.87916,0.87972,1.00,1.00
2017.12.29 21:55:54.002,0.87916,0.87974,1.00,2.62
2017.12.29 21:55:54.174,0.87914,0.87971,1.00,1.00
2017.12.29 21:55:55.231,0.87914,0.8797,1.00,1.00
2017.12.29 21:56:05.305,0.87914,0.87969,1.00,1.00
2017.12.29 21:56:05.966,0.87911,0.87967,1.50,1.00
2017.12.29 21:56:06.699,0.87911,0.87962,1.00,1.00
2017.12.29 21:56:06.817,0.87909,0.87962,1.00,1.00
2017.12.29 21:56:08.274,0.87908,0.87962,1.00,1.00
2017.12.29 21:56:14.288,0.8791,0.87962,1.00,1.00
2017.12.29 21:56:14.918,0.8791,0.87963,1.00,1.50
2017.12.29 21:56:21.634,0.8791,0.87962,1.00,1.00
2017.12.29 21:56:23.396,0.87907,0.87961,1.00,1.00
2017.12.29 21:56:24.302,0.87909,0.87961,1.00,1.00
2017.12.29 21:56:26.117,0.87909,0.87957,1.00,1.00
2017.12.29 21:56:29.354,0.87909,0.87961,1.00,1.00
2017.12.29 21:56:29.638,0.87909,0.87959,1.00,1.00
2017.12.29 21:56:30.346,0.8791,0.87959,1.00,1.00
2017.12.29 21:56:36.638,0.87911,0.87959,1.00,1.00
2017.12.29 21:56:37.438,0.87909,0.87959,1.00,1.00
2017.12.29 21:56:39.125,0.87909,0.87963,1.00,1.00
2017.12.29 21:56:39.983,0.87908,0.87963,1.00,1.00
2017.12.29 21:56:47.644,0.87909,0.87963,1.00,1.00
2017.12.29 21:56:49.180,0.87908,0.87963,1.00,1.00
2017.12.29 21:56:57.207,0.87908,0.87969,1.00,1.00
2017.12.29 21:56:57.309,0.87907,0.8798,1.00,1.00
2017.12.29 21:56:57.515,0.87905,0.8799,1.00,1.00
2017.12.29 21:56:58.372,0.87901,0.87987,1.00,1.00
2017.12.29 21:57:06.189,0.87904,0.87992,1.00,1.00
2017.12.29 21:57:06.416,0.87905,0.87999,1.00,1.00
2017.12.29 21:57:07.381,0.8791,0.87992,1.00,1.00
2017.12.29 21:57:07.984,0.87908,0.87996,1.00,1.00
2017.12.29 21:57:09.175,0.8791,0.88,1.00,0.75
2017.12.29 21:57:15.162,0.87908,0.87998,1.00,0.75
2017.12.29 21:57:18.678,0.87909,0.87998,1.00,0.75
2017.12.29 21:57:18.729,0.87915,0.88005,1.00,0.75
2017.12.29 21:57:19.376,0.87903,0.88005,1.00,0.75
2017.12.29 21:57:20.635,0.87891,0.87997,1.00,1.00
2017.12.29 21:57:21.047,0.87901,0.88007,0.75,1.00
2017.12.29 21:57:21.251,0.87863,0.88056,1.75,0.75
2017.12.29 21:57:21.302,0.87863,0.8808,3.00,1.00
2017.12.29 21:57:21.449,0.87866,0.88076,1.75,1.00
2017.12.29 21:57:21.753,0.87866,0.88085,1.75,1.00
2017.12.29 21:57:21.859,0.87866,0.88085,1.75,1.75
2017.12.29 21:57:22.133,0.87863,0.8808,1.75,1.00
2017.12.29 21:57:22.184,0.87864,0.88085,1.75,1.00
2017.12.29 21:57:22.286,0.87866,0.88106,1.75,1.75
2017.12.29 21:57:24.604,0.87879,0.88108,1.75,1.75
2017.12.29 21:57:25.574,0.87879,0.88063,1.75,0.75
2017.12.29 21:57:25.977,0.87879,0.88061,1.75,0.75
2017.12.29 21:57:26.182,0.87896,0.88108,1.00,1.12
2017.12.29 21:57:26.233,0.87896,0.88108,0.75,1.75
2017.12.29 21:57:26.284,0.8787,0.88108,1.75,1.75
2017.12.29 21:57:29.462,0.8787,0.88108,1.75,1.75
2017.12.29 21:57:29.614,0.87879,0.88108,1.75,1.75
2017.12.29 21:57:30.346,0.87879,0.88108,1.75,1.75
2017.12.29 21:57:30.505,0.87894,0.88106,1.75,1.75
2017.12.29 21:57:30.955,0.87872,0.88064,1.75,0.75
2017.12.29 21:57:31.611,0.87872,0.88061,1.75,0.75
2017.12.29 21:57:33.348,0.87872,0.88054,1.75,0.75
2017.12.29 21:57:33.775,0.87897,0.88054,0.37,0.75
2017.12.29 21:57:33.826,0.87889,0.88068,1.12,0.75
2017.12.29 21:57:33.928,0.87874,0.88068,1.75,0.75
2017.12.29 21:57:35.331,0.87874,0.88066,1.75,0.75
2017.12.29 21:57:36.440,0.87874,0.88067,1.75,0.75
2017.12.29 21:57:44.477,0.87874,0.88067,0.75,0.75
2017.12.29 21:57:44.528,0.8785,0.88067,1.37,0.75
2017.12.29 21:57:57.464,0.8785,0.88071,1.37,0.75
2017.12.29 21:57:57.565,0.8785,0.88073,1.37,0.75
2017.12.29 21:57:58.870,0.8785,0.88074,1.37,0.75
2017.12.29 21:58:01.217,0.8785,0.88107,1.37,1.00
2017.12.29 21:58:17.087,0.8785,0.88123,1.37,1.00
2017.12.29 21:58:54.376,0.8785,0.88135,1.37,1.37
2017.12.29 21:59:00.110,0.87847,0.88136,1.50,1.00
2017.12.29 21:59:00.162,0.87847,0.8815,1.50,1.00
2017.12.29 21:59:00.213,0.87847,0.88161,0.75,1.00
