2008.11.25 21:00:00.087,0.62185,0.6224,5.20,3.60
2008.11.25 21:00:00.257,0.6219,0.6222,1.60,1.40
2008.11.25 21:00:00.497,0.6219,0.6222,1.60,3.20
2008.11.25 21:00:00.907,0.6217,0.6222,1.60,5.40
2008.11.25 21:00:01.667,0.6217,0.6222,2.60,1.80
2008.11.25 21:00:01.836,0.6217,0.6223,2.60,3.80
2008.11.25 21:00:02.596,0.6217,0.62225,2.60,1.80
2008.11.25 21:00:06.666,0.6216,0.62225,5.60,5.40
2008.11.25 21:00:07.005,0.62165,0.62225,1.00,3.20
2008.11.25 21:00:07.335,0.62165,0.6222,1.00,1.80
2008.11.25 21:00:12.184,0.62175,0.62225,1.00,1.80
2008.11.25 21:00:12.364,0.62175,0.6223,1.00,1.80
2008.11.25 21:00:12.544,0.6217,0.6223,1.00,1.80
2008.11.25 21:00:15.353,0.6217,0.6223,5.60,1.80
2008.11.25 21:00:16.553,0.62175,0.6223,1.00,1.80
2008.11.25 21:00:16.663,0.62175,0.6223,3.60,1.80
2008.11.25 21:00:16.833,0.62175,0.6224,8.00,3.80
2008.11.25 21:00:20.302,0.62175,0.62235,3.60,1.80
2008.11.25 21:00:20.692,0.62175,0.62235,2.40,1.80
2008.11.25 21:00:21.132,0.6217,0.6223,3.60,1.80
2008.11.25 21:00:21.422,0.6217,0.6223,8.00,1.80
2008.11.25 21:00:21.722,0.6217,0.6223,3.60,1.80
2008.11.25 21:00:23.802,0.6217,0.6223,8.00,1.80
2008.11.25 21:00:24.101,0.6217,0.62235,5.60,3.80
2008.11.25 21:00:24.331,0.6217,0.6223,4.40,3.80
2008.11.25 21:00:25.191,0.62165,0.62215,2.40,1.80
2008.11.25 21:00:25.401,0.6216,0.6221,3.60,1.80
2008.11.25 21:00:25.621,0.62165,0.62215,5.60,1.60
2008.11.25 21:00:25.911,0.62165,0.6223,5.60,3.80
2008.11.25 21:00:28.001,0.6217,0.6223,4.40,3.80
2008.11.25 21:00:29.090,0.62165,0.6223,5.60,3.80
2008.11.25 21:00:30.140,0.62165,0.62225,1.00,1.80
2008.11.25 21:00:30.999,0.6216,0.6222,5.60,2.00
2008.11.25 21:00:31.561,0.6216,0.6222,1.00,3.80
2008.11.25 21:00:31.730,0.62155,0.6221,1.00,1.80
2008.11.25 21:00:32.010,0.62155,0.6222,5.60,3.80
2008.11.25 21:00:32.409,0.62155,0.62215,4.40,2.00
2008.11.25 21:00:32.799,0.6216,0.6222,1.00,3.80
2008.11.25 21:00:33.029,0.62145,0.62205,1.00,1.80
2008.11.25 21:00:33.259,0.62155,0.62205,1.00,1.80
2008.11.25 21:00:34.009,0.6215,0.62205,1.00,1.80
2008.11.25 21:00:34.239,0.62155,0.62215,1.00,3.80
2008.11.25 21:00:34.589,0.62155,0.62215,1.00,1.80
2008.11.25 21:00:34.999,0.62155,0.6221,1.00,1.80
2008.11.25 21:00:35.619,0.6215,0.6221,5.60,1.80
2008.11.25 21:00:37.808,0.6215,0.6221,1.00,3.80
2008.11.25 21:00:39.857,0.62145,0.62205,1.00,1.80
2008.11.25 21:00:42.087,0.62145,0.62195,1.00,1.80
2008.11.25 21:00:42.747,0.62145,0.62205,1.00,1.80
2008.11.25 21:00:42.977,0.6215,0.6221,1.00,1.80
2008.11.25 21:00:43.617,0.62145,0.62205,6.00,3.40
2008.11.25 21:00:44.196,0.62145,0.62195,2.60,1.80
2008.11.25 21:00:44.606,0.62145,0.62195,1.60,1.80
2008.11.25 21:00:45.606,0.62145,0.6219,1.60,1.80
2008.11.25 21:00:45.956,0.6214,0.6219,2.60,1.80
2008.11.25 21:00:46.606,0.6214,0.6219,1.00,1.80
2008.11.25 21:00:46.786,0.6214,0.62195,1.00,1.80
2008.11.25 21:00:47.296,0.6214,0.6219,1.00,1.80
2008.11.25 21:00:47.525,0.62135,0.6219,2.60,1.80
2008.11.25 21:00:47.865,0.62135,0.622,2.60,5.20
2008.11.25 21:00:48.385,0.62135,0.62195,2.60,2.00
2008.11.25 21:00:48.675,0.62135,0.622,2.60,3.60
2008.11.25 21:00:49.605,0.6214,0.62195,1.60,3.40
2008.11.25 21:00:50.515,0.6214,0.62185,1.60,1.60
2008.11.25 21:00:51.015,0.6214,0.62195,1.60,1.40
2008.11.25 21:00:51.475,0.6214,0.62195,2.60,1.40
2008.11.25 21:00:52.045,0.6214,0.6219,2.60,1.40
2008.11.25 21:00:52.634,0.6214,0.6219,3.80,2.60
2008.11.25 21:00:53.014,0.62135,0.6219,3.80,2.60
2008.11.25 21:00:53.304,0.62135,0.62185,1.00,1.40
2008.11.25 21:00:53.644,0.62135,0.6219,1.00,2.60
2008.11.25 21:00:53.994,0.62135,0.6219,3.80,2.60
2008.11.25 21:00:54.344,0.62135,0.62195,3.80,1.40
2008.11.25 21:00:55.754,0.62145,0.62205,1.00,1.40
2008.11.25 21:00:56.263,0.62155,0.6221,1.00,3.00
2008.11.25 21:00:56.644,0.62155,0.6221,1.00,1.60
2008.11.25 21:00:58.573,0.62155,0.6221,3.80,1.60
2008.11.25 21:00:58.853,0.6216,0.6221,3.80,1.60
2008.11.25 21:01:10.080,0.62165,0.6221,1.00,1.60
2008.11.25 21:01:10.660,0.62165,0.6221,3.80,1.60
2008.11.25 21:01:11.850,0.6217,0.6221,3.80,1.60
2008.11.25 21:01:13.889,0.6217,0.6221,2.60,1.60
2008.11.25 21:01:14.179,0.6216,0.6221,2.60,2.80
2008.11.25 21:01:15.359,0.6216,0.6221,1.60,2.80
2008.11.25 21:01:15.639,0.6216,0.6221,1.60,4.60
2008.11.25 21:01:15.809,0.6216,0.6221,2.60,4.60
2008.11.25 21:01:16.678,0.6216,0.6221,3.80,3.20
2008.11.25 21:01:16.789,0.6216,0.6221,3.80,1.60
2008.11.25 21:01:18.378,0.6216,0.6221,3.80,4.60
2008.11.25 21:01:18.838,0.62155,0.6221,5.40,4.60
2008.11.25 21:01:19.238,0.62155,0.62205,4.20,1.40
2008.11.25 21:01:19.578,0.62155,0.62205,4.20,2.20
2008.11.25 21:01:19.748,0.62155,0.62205,4.20,4.60
2008.11.25 21:01:24.326,0.62145,0.62205,5.40,4.60
2008.11.25 21:01:24.797,0.62145,0.62205,4.20,6.60
2008.11.25 21:01:24.976,0.6214,0.62205,2.60,6.60
2008.11.25 21:01:25.367,0.62145,0.62205,1.60,6.60
2008.11.25 21:01:25.597,0.62145,0.62205,1.60,5.20
2008.11.25 21:01:26.056,0.6215,0.6221,2.60,1.60
2008.11.25 21:01:26.346,0.62145,0.6221,1.00,5.20
2008.11.25 21:01:26.866,0.6215,0.6221,1.00,5.20
2008.11.25 21:01:27.046,0.6215,0.6221,1.00,3.20
2008.11.25 21:01:27.636,0.6215,0.6221,1.00,1.60
2008.11.25 21:01:28.036,0.62145,0.622,1.00,1.40
2008.11.25 21:01:28.146,0.62145,0.622,2.60,1.40
2008.11.25 21:01:28.705,0.6215,0.622,1.00,1.40
2008.11.25 21:01:30.135,0.62145,0.622,2.60,1.40
2008.11.25 21:01:30.535,0.6215,0.622,1.60,1.40
2008.11.25 21:01:30.765,0.6215,0.62205,2.60,4.60
2008.11.25 21:01:31.045,0.6215,0.622,1.60,1.40
2008.11.25 21:01:31.335,0.62155,0.62205,1.00,4.60
2008.11.25 21:01:31.755,0.6216,0.62205,1.60,4.60
2008.11.25 21:01:32.045,0.6216,0.62205,1.60,3.20
2008.11.25 21:01:32.165,0.6215,0.6221,1.00,3.60
2008.11.25 21:01:32.445,0.6215,0.6221,2.60,1.60
2008.11.25 21:01:36.854,0.62155,0.6221,1.00,1.60
2008.11.25 21:01:36.964,0.62155,0.6221,2.60,1.60
2008.11.25 21:01:44.952,0.6216,0.6221,1.00,1.60
2008.11.25 21:01:45.461,0.6216,0.6221,3.80,1.60
2008.11.25 21:01:46.541,0.62155,0.6219,1.60,1.00
2008.11.25 21:01:46.982,0.62155,0.6219,1.60,1.60
2008.11.25 21:01:50.680,0.6214,0.6219,1.60,1.60
2008.11.25 21:01:54.729,0.62145,0.62205,1.00,3.20
2008.11.25 21:01:54.839,0.6215,0.622,1.60,1.20
2008.11.25 21:01:55.629,0.6215,0.622,2.60,1.20
2008.11.25 21:01:59.228,0.6215,0.62205,2.60,2.80
2008.11.25 21:02:06.087,0.6216,0.62205,1.00,2.80
2008.11.25 21:02:06.206,0.62155,0.622,3.60,1.20
2008.11.25 21:02:06.426,0.6215,0.6221,1.00,3.60
2008.11.25 21:02:06.946,0.62145,0.6221,1.00,3.60
2008.11.25 21:02:07.346,0.6214,0.62205,3.60,2.00
2008.11.25 21:02:07.636,0.6214,0.6216,3.60,1.60
2008.11.25 21:02:07.796,0.6214,0.6216,2.40,1.60
2008.11.25 21:02:08.316,0.6212,0.6216,2.60,1.60
2008.11.25 21:02:08.596,0.62105,0.6216,3.80,1.60
2008.11.25 21:02:08.876,0.62105,0.6216,1.00,1.60
2008.11.25 21:02:09.406,0.62105,0.6215,1.00,1.20
2008.11.25 21:02:11.915,0.6211,0.6215,1.00,1.20
2008.11.25 21:02:14.615,0.6211,0.6215,2.60,1.20
2008.11.25 21:02:20.263,0.6211,0.6216,3.80,1.60
2008.11.25 21:02:20.503,0.62105,0.6216,1.00,1.60
2008.11.25 21:02:20.733,0.6211,0.6216,1.60,1.60
2008.11.25 21:02:28.321,0.62105,0.6216,1.00,1.60
2008.11.25 21:02:29.871,0.62105,0.6216,2.60,1.60
2008.11.25 21:02:30.211,0.6211,0.6216,1.60,1.60
2008.11.25 21:02:32.490,0.621,0.6216,2.60,1.60
2008.11.25 21:02:33.230,0.62105,0.6216,1.60,1.60
2008.11.25 21:02:33.810,0.62105,0.6216,2.60,1.60
2008.11.25 21:02:34.200,0.62105,0.6216,1.00,1.60
2008.11.25 21:02:34.550,0.6212,0.6216,1.60,1.60
2008.11.25 21:02:35.939,0.6211,0.6216,3.80,1.60
2008.11.25 21:02:36.110,0.62115,0.62175,1.00,1.60
2008.11.25 21:02:36.559,0.6212,0.62175,1.60,1.60
2008.11.25 21:02:37.669,0.6212,0.6218,1.60,2.00
2008.11.25 21:02:41.608,0.62125,0.6218,1.60,2.00
2008.11.25 21:02:44.877,0.62125,0.62185,1.60,3.20
2008.11.25 21:02:44.987,0.62135,0.62185,1.60,3.20
2008.11.25 21:02:48.276,0.62135,0.6218,1.60,2.00
2008.11.25 21:02:50.246,0.6214,0.6218,1.60,2.00
2008.11.25 21:02:50.606,0.62145,0.6218,1.60,2.00
2008.11.25 21:02:58.044,0.62145,0.6217,1.60,1.40
2008.11.25 21:02:58.104,0.62145,0.6217,1.60,2.60
2008.11.25 21:02:58.284,0.6211,0.6217,2.60,2.60
2008.11.25 21:02:58.684,0.6213,0.6217,1.60,2.60
2008.11.25 21:03:00.763,0.6213,0.62165,1.60,3.20
2008.11.25 21:03:00.943,0.62115,0.62165,1.60,5.00
2008.11.25 21:03:02.713,0.62115,0.6216,1.60,1.20
2008.11.25 21:03:02.883,0.62125,0.6216,1.60,1.20
2008.11.25 21:03:20.928,0.62115,0.6216,1.60,1.20
2008.11.25 21:03:25.637,0.6212,0.6216,1.60,1.20
2008.11.25 21:03:30.726,0.62125,0.6216,1.60,1.20
2008.11.25 21:03:31.106,0.62125,0.6217,1.60,1.80
2008.11.25 21:03:31.446,0.62125,0.62175,1.60,3.80
2008.11.25 21:03:32.646,0.62125,0.62175,1.60,1.80
2008.11.25 21:03:32.926,0.62125,0.6218,1.60,3.20
2008.11.25 21:03:32.976,0.62125,0.6218,1.60,5.40
2008.11.25 21:03:36.455,0.62125,0.62175,1.60,1.80
2008.11.25 21:03:37.755,0.62125,0.6217,1.60,1.80
2008.11.25 21:03:44.173,0.621,0.6214,1.60,1.20
2008.11.25 21:03:44.523,0.6211,0.6215,1.60,1.20
2008.11.25 21:03:50.041,0.62115,0.6215,4.40,1.20
2008.11.25 21:03:50.161,0.62115,0.6216,4.40,1.20
2008.11.25 21:03:50.332,0.6213,0.6216,1.60,1.20
2008.11.25 21:03:50.561,0.6213,0.62175,1.60,5.00
2008.11.25 21:03:55.770,0.6213,0.6215,1.60,1.20
2008.11.25 21:03:56.070,0.62105,0.6215,1.00,1.20
2008.11.25 21:03:56.240,0.6211,0.6215,1.60,1.20
2008.11.25 21:03:57.090,0.62115,0.6215,1.60,1.20
2008.11.25 21:03:59.449,0.62115,0.6215,2.60,1.20
2008.11.25 21:03:59.859,0.62115,0.6216,2.60,1.20
2008.11.25 21:04:00.039,0.6213,0.6216,1.60,1.20
2008.11.25 21:04:09.257,0.6213,0.6215,1.60,1.20
2008.11.25 21:04:10.667,0.6213,0.6216,1.60,1.20
2008.11.25 21:04:12.736,0.62115,0.6216,2.60,1.20
2008.11.25 21:04:17.935,0.6212,0.6216,1.00,1.20
2008.11.25 21:04:18.055,0.6212,0.6216,3.60,1.20
2008.11.25 21:04:18.115,0.6212,0.6216,8.00,1.20
2008.11.25 21:04:18.725,0.6213,0.6216,1.60,1.20
2008.11.25 21:04:21.384,0.62135,0.6216,1.60,1.20
2008.11.25 21:04:23.193,0.62135,0.6215,1.60,1.20
2008.11.25 21:04:23.703,0.62135,0.6216,1.60,1.20
2008.11.25 21:04:33.461,0.62135,0.6215,1.60,1.20
2008.11.25 21:04:35.921,0.62115,0.6215,2.60,1.20
2008.11.25 21:04:43.408,0.62115,0.6215,1.60,1.20
2008.11.25 21:04:48.498,0.62145,0.6217,1.00,1.80
2008.11.25 21:04:48.667,0.62155,0.6217,1.00,1.80
2008.11.25 21:04:48.967,0.6214,0.62175,4.80,2.80
2008.11.25 21:04:49.137,0.6214,0.62175,2.40,1.60
2008.11.25 21:04:49.307,0.6213,0.62175,8.00,1.60
2008.11.25 21:04:49.597,0.6213,0.62175,4.40,1.60
2008.11.25 21:04:49.897,0.6212,0.62175,1.00,4.60
2008.11.25 21:04:51.297,0.6212,0.6217,1.00,1.80
2008.11.25 21:05:01.544,0.62125,0.62175,1.00,3.40
2008.11.25 21:05:13.811,0.62125,0.62175,1.00,1.60
2008.11.25 21:05:38.136,0.62145,0.6218,1.00,2.40
2008.11.25 21:05:38.545,0.6214,0.6218,7.00,2.40
2008.11.25 21:05:38.895,0.62125,0.6217,1.00,1.20
2008.11.25 21:05:39.235,0.62125,0.62175,1.00,3.00
2008.11.25 21:05:41.615,0.6212,0.62175,3.80,3.00
2008.11.25 21:05:41.895,0.6213,0.62175,1.00,3.00
2008.11.25 21:05:42.125,0.6213,0.6217,1.00,1.20
2008.11.25 21:05:42.235,0.62145,0.6218,8.00,1.20
2008.11.25 21:05:42.694,0.6215,0.6218,1.00,1.20
2008.11.25 21:05:43.154,0.62155,0.6218,1.00,1.20
2008.11.25 21:05:47.503,0.6215,0.6218,5.60,1.20
2008.11.25 21:05:47.733,0.6215,0.6218,1.00,1.20
2008.11.25 21:06:05.039,0.62155,0.6218,1.00,1.20
2008.11.25 21:06:06.209,0.6215,0.6218,1.00,1.20
2008.11.25 21:06:11.177,0.62155,0.6218,1.00,1.20
2008.11.25 21:06:11.407,0.62145,0.6218,5.60,1.20
2008.11.25 21:06:13.417,0.62145,0.6218,1.00,1.20
2008.11.25 21:06:16.226,0.62145,0.6218,5.60,1.20
2008.11.25 21:06:16.646,0.62145,0.6218,1.00,1.20
2008.11.25 21:06:17.106,0.62145,0.6218,5.60,1.20
2008.11.25 21:06:17.166,0.6215,0.6218,1.00,1.20
2008.11.25 21:06:22.335,0.62145,0.6218,1.00,1.20
2008.11.25 21:06:22.635,0.6215,0.6218,1.00,1.20
2008.11.25 21:06:24.204,0.6213,0.6218,4.40,1.20
2008.11.25 21:06:24.605,0.6212,0.6218,4.40,3.20
2008.11.25 21:06:25.174,0.6212,0.6218,5.60,1.20
2008.11.25 21:06:25.664,0.6212,0.6218,4.40,3.20
2008.11.25 21:06:25.844,0.62115,0.6218,5.60,5.00
2008.11.25 21:06:27.004,0.6212,0.6218,1.00,3.00
2008.11.25 21:06:27.303,0.6212,0.6218,1.00,4.40
2008.11.25 21:06:27.594,0.62115,0.6217,1.00,1.80
2008.11.25 21:06:27.773,0.62115,0.62165,1.00,1.80
2008.11.25 21:06:27.893,0.6211,0.62165,1.00,1.80
2008.11.25 21:06:29.493,0.6211,0.6217,1.00,3.80
2008.11.25 21:06:29.833,0.6211,0.62175,5.60,3.80
2008.11.25 21:06:34.752,0.6211,0.62165,1.00,1.80
2008.11.25 21:06:35.382,0.6211,0.6217,1.00,1.80
2008.11.25 21:06:35.602,0.6211,0.6217,5.60,1.80
2008.11.25 21:06:36.272,0.6211,0.62175,5.60,5.00
2008.11.25 21:06:37.901,0.6211,0.6217,5.60,1.80
2008.11.25 21:06:40.340,0.6211,0.62175,5.60,5.00
2008.11.25 21:06:40.621,0.62115,0.62175,1.00,3.00
2008.11.25 21:06:40.960,0.6211,0.62175,5.60,3.80
2008.11.25 21:06:44.449,0.62115,0.62175,1.00,1.80
2008.11.25 21:06:44.619,0.6212,0.62175,1.00,1.80
2008.11.25 21:06:44.959,0.6212,0.6218,5.60,2.60
2008.11.25 21:06:46.009,0.62115,0.62175,1.00,1.80
2008.11.25 21:06:48.529,0.6211,0.62175,5.60,3.80
2008.11.25 21:06:51.568,0.6211,0.6217,1.00,1.80
2008.11.25 21:06:51.918,0.6211,0.6217,5.60,1.80
2008.11.25 21:06:52.257,0.6211,0.62175,5.60,5.00
2008.11.25 21:06:52.947,0.6211,0.6217,4.40,2.00
2008.11.25 21:06:53.227,0.6211,0.62175,5.60,5.00
2008.11.25 21:06:53.387,0.62105,0.6217,5.60,3.80
2008.11.25 21:06:53.977,0.6211,0.6217,4.40,3.80
2008.11.25 21:06:54.307,0.621,0.6216,1.00,3.20
2008.11.25 21:06:54.477,0.621,0.6216,1.00,1.80
2008.11.25 21:06:54.717,0.62105,0.6216,1.00,1.80
2008.11.25 21:06:54.997,0.62105,0.6217,5.60,5.40
2008.11.25 21:06:55.407,0.6211,0.6217,5.60,1.80
2008.11.25 21:06:55.826,0.6211,0.6217,1.00,1.80
2008.11.25 21:06:57.656,0.62115,0.6217,1.00,1.80
2008.11.25 21:06:59.556,0.62115,0.62175,1.00,3.00
2008.11.25 21:07:02.995,0.62115,0.6217,1.00,1.80
2008.11.25 21:07:09.723,0.62115,0.62165,1.00,1.80
2008.11.25 21:07:10.413,0.62115,0.6217,1.00,1.80
2008.11.25 21:07:10.933,0.62115,0.62165,1.00,1.80
2008.11.25 21:07:11.043,0.62115,0.6217,1.00,1.80
2008.11.25 21:07:12.532,0.62115,0.62175,1.00,3.00
2008.11.25 21:07:13.052,0.62115,0.6217,1.00,1.80
2008.11.25 21:07:13.222,0.6211,0.62165,4.40,3.40
2008.11.25 21:07:13.332,0.621,0.6216,1.00,1.80
2008.11.25 21:07:14.502,0.6211,0.6217,1.00,1.80
2008.11.25 21:07:14.842,0.62115,0.62175,5.60,3.00
2008.11.25 21:07:16.212,0.62115,0.6217,5.60,1.20
2008.11.25 21:07:16.382,0.62115,0.62175,4.40,3.20
2008.11.25 21:07:16.711,0.6211,0.62175,5.60,5.00
2008.11.25 21:07:19.231,0.6211,0.6217,5.60,1.80
2008.11.25 21:07:19.731,0.6211,0.6217,1.00,1.80
2008.11.25 21:07:19.911,0.6211,0.6217,5.60,1.80
2008.11.25 21:07:20.601,0.6211,0.6217,1.00,1.80
2008.11.25 21:07:20.831,0.62115,0.62175,1.00,5.00
2008.11.25 21:07:22.000,0.6211,0.62165,1.00,1.80
2008.11.25 21:07:23.210,0.62105,0.6216,4.40,2.00
2008.11.25 21:07:23.330,0.62105,0.62155,1.00,1.80
2008.11.25 21:07:23.620,0.62115,0.62155,1.00,1.80
2008.11.25 21:07:23.860,0.62115,0.6217,1.00,1.80
2008.11.25 21:07:25.739,0.621,0.6216,4.40,3.40
2008.11.25 21:07:25.899,0.6211,0.62165,1.00,3.00
2008.11.25 21:07:26.179,0.6211,0.62165,3.60,1.80
2008.11.25 21:07:26.649,0.62115,0.62175,4.40,2.00
2008.11.25 21:07:27.049,0.62125,0.62165,1.00,1.80
2008.11.25 21:07:27.279,0.62115,0.6218,5.60,5.00
2008.11.25 21:07:27.569,0.6212,0.6218,1.00,3.00
2008.11.25 21:07:30.158,0.62115,0.6217,4.40,3.40
2008.11.25 21:07:30.388,0.62115,0.6218,5.60,5.00
2008.11.25 21:07:30.568,0.62115,0.6217,1.00,1.80
2008.11.25 21:07:30.748,0.6212,0.6217,1.00,1.80
2008.11.25 21:07:31.148,0.62125,0.6218,1.00,3.00
2008.11.25 21:07:31.318,0.6213,0.6218,1.00,3.00
2008.11.25 21:07:31.948,0.6213,0.6218,1.00,1.20
2008.11.25 21:07:32.248,0.62125,0.6218,5.60,1.20
2008.11.25 21:07:34.197,0.62125,0.6218,1.00,3.00
2008.11.25 21:07:34.717,0.62125,0.6218,5.60,1.20
2008.11.25 21:07:34.887,0.6213,0.6218,4.40,1.20
2008.11.25 21:07:35.217,0.6214,0.6218,1.00,1.20
2008.11.25 21:07:35.387,0.6213,0.6218,8.00,1.20
2008.11.25 21:07:35.617,0.6214,0.6218,1.00,1.20
2008.11.25 21:07:35.797,0.62135,0.6218,5.60,1.20
2008.11.25 21:07:39.496,0.62135,0.6218,4.40,1.20
2008.11.25 21:07:39.956,0.6213,0.6218,5.60,1.20
2008.11.25 21:07:41.116,0.6213,0.6218,8.00,1.20
2008.11.25 21:07:41.706,0.6212,0.6218,2.60,3.00
2008.11.25 21:07:41.765,0.6212,0.6218,1.00,3.00
2008.11.25 21:07:41.995,0.62115,0.6218,8.00,3.00
2008.11.25 21:07:42.055,0.62115,0.6218,8.00,5.00
2008.11.25 21:07:43.735,0.62115,0.6218,5.60,5.00
2008.11.25 21:07:44.145,0.6212,0.6218,1.00,5.00
2008.11.25 21:07:44.725,0.6212,0.6218,1.00,3.00
2008.11.25 21:07:45.365,0.6212,0.6218,5.60,1.20
2008.11.25 21:07:47.534,0.6212,0.6218,4.40,3.20
2008.11.25 21:07:47.654,0.62115,0.6218,5.60,5.00
2008.11.25 21:07:48.034,0.6212,0.6218,5.60,1.20
2008.11.25 21:07:49.833,0.6212,0.6218,5.60,3.20
2008.11.25 21:07:54.362,0.6212,0.6218,1.00,5.00
2008.11.25 21:07:55.942,0.6212,0.6218,1.00,3.00
2008.11.25 21:07:56.742,0.6211,0.62165,1.00,1.80
2008.11.25 21:07:57.492,0.6212,0.6217,1.00,1.20
2008.11.25 21:07:57.602,0.6212,0.6218,1.00,5.00
2008.11.25 21:07:57.772,0.62125,0.6218,1.00,3.00
2008.11.25 21:07:57.882,0.62125,0.6218,1.00,1.20
2008.11.25 21:07:58.572,0.6213,0.6218,1.00,1.20
2008.11.25 21:07:59.311,0.62125,0.6218,1.00,3.00
2008.11.25 21:07:59.871,0.6212,0.62175,1.00,1.80
2008.11.25 21:08:00.111,0.6212,0.62175,1.00,3.00
2008.11.25 21:08:01.542,0.62115,0.62175,1.00,3.00
2008.11.25 21:08:02.161,0.62115,0.6217,5.60,1.20
2008.11.25 21:08:02.220,0.6212,0.6218,1.00,3.00
2008.11.25 21:08:04.520,0.62115,0.6218,8.00,5.00
2008.11.25 21:08:04.790,0.62115,0.62175,1.00,1.80
2008.11.25 21:08:05.370,0.6211,0.62175,9.60,5.00
2008.11.25 21:08:05.710,0.6211,0.62175,11.20,5.00
2008.11.25 21:08:05.990,0.62115,0.6217,5.60,1.20
2008.11.25 21:08:06.490,0.6212,0.62165,1.00,3.00
2008.11.25 21:08:06.780,0.6212,0.6216,1.00,1.20
2008.11.25 21:08:07.069,0.6212,0.6217,1.00,1.20
2008.11.25 21:08:07.690,0.6212,0.6217,1.00,1.80
2008.11.25 21:08:07.810,0.6211,0.6217,5.60,1.80
2008.11.25 21:08:07.919,0.6211,0.6217,5.60,3.80
2008.11.25 21:08:08.039,0.6211,0.62165,1.00,1.80
2008.11.25 21:08:11.118,0.62115,0.62165,1.00,1.80
2008.11.25 21:08:11.178,0.6211,0.62165,3.60,1.80
2008.11.25 21:08:11.229,0.6211,0.62165,5.20,1.80
2008.11.25 21:08:11.339,0.62115,0.62175,4.40,3.20
2008.11.25 21:08:11.838,0.62115,0.62175,5.60,3.20
2008.11.25 21:08:12.588,0.6212,0.6217,1.00,1.20
2008.11.25 21:08:15.147,0.62115,0.62175,1.00,5.00
2008.11.25 21:08:20.686,0.6211,0.62175,8.60,5.00
2008.11.25 21:08:20.976,0.6211,0.6216,1.60,1.80
2008.11.25 21:08:21.036,0.621,0.6216,1.00,1.80
2008.11.25 21:08:29.034,0.6211,0.6217,1.00,3.20
2008.11.25 21:08:29.204,0.6211,0.6217,1.00,1.80
2008.11.25 21:08:29.964,0.62105,0.6217,8.00,3.80
2008.11.25 21:08:30.314,0.6211,0.6217,1.00,1.80
2008.11.25 21:08:34.653,0.62115,0.6216,1.00,1.80
2008.11.25 21:08:35.003,0.6211,0.6217,1.00,5.40
2008.11.25 21:08:35.233,0.6211,0.6216,1.00,1.80
2008.11.25 21:08:37.322,0.62115,0.6216,1.00,1.20
2008.11.25 21:08:37.442,0.62115,0.6217,1.00,1.80
2008.11.25 21:08:38.572,0.62105,0.6216,1.00,1.80
2008.11.25 21:08:40.741,0.6211,0.6216,1.00,1.80
2008.11.25 21:08:40.861,0.6211,0.62165,1.00,1.80
2008.11.25 21:08:41.041,0.62115,0.62165,1.00,1.80
2008.11.25 21:08:41.271,0.62115,0.6217,1.00,1.80
2008.11.25 21:08:42.061,0.6211,0.6217,1.00,1.80
2008.11.25 21:08:42.401,0.6211,0.62165,1.00,1.80
2008.11.25 21:08:43.001,0.6212,0.62175,1.00,1.80
2008.11.25 21:08:43.231,0.62115,0.62175,5.60,1.80
2008.11.25 21:08:43.861,0.6211,0.6217,5.60,1.80
2008.11.25 21:08:44.620,0.62115,0.6217,1.00,1.80
2008.11.25 21:08:47.470,0.6211,0.6217,5.60,1.80
2008.11.25 21:08:47.640,0.62115,0.62175,4.40,2.00
2008.11.25 21:08:48.959,0.62115,0.6218,5.60,5.00
2008.11.25 21:08:50.929,0.62125,0.6218,1.00,3.00
2008.11.25 21:08:56.008,0.6212,0.6218,1.00,3.00
2008.11.25 21:08:56.667,0.6212,0.6218,5.60,3.00
2008.11.25 21:08:58.297,0.6212,0.6218,4.40,3.00
2008.11.25 21:08:58.417,0.6212,0.62175,4.40,2.00
2008.11.25 21:08:58.707,0.62115,0.62175,3.80,3.80
2008.11.25 21:09:00.057,0.6212,0.62175,2.60,3.80
2008.11.25 21:09:00.626,0.6212,0.62175,2.60,5.40
2008.11.25 21:09:00.846,0.6212,0.62165,2.60,1.80
2008.11.25 21:09:01.127,0.6212,0.62165,2.60,3.40
2008.11.25 21:09:06.125,0.6212,0.62155,2.60,1.80
2008.11.25 21:09:06.235,0.6211,0.62155,1.60,3.00
2008.11.25 21:09:06.285,0.621,0.62155,1.60,3.00
2008.11.25 21:09:06.455,0.62095,0.62155,3.80,3.00
2008.11.25 21:09:06.515,0.62095,0.6215,3.80,1.80
2008.11.25 21:09:06.745,0.62095,0.6215,1.00,1.80
2008.11.25 21:09:17.822,0.621,0.6215,1.00,1.80
2008.11.25 21:09:23.661,0.621,0.6215,1.00,3.20
2008.11.25 21:09:23.891,0.621,0.6214,1.00,1.80
2008.11.25 21:09:23.951,0.6209,0.6214,1.00,1.80
2008.11.25 21:09:25.790,0.62085,0.6214,1.00,1.80
2008.11.25 21:09:30.249,0.62075,0.6212,4.40,1.20
2008.11.25 21:09:30.649,0.6209,0.62125,1.00,1.80
2008.11.25 21:09:30.939,0.6209,0.6214,1.00,1.80
2008.11.25 21:09:31.289,0.62095,0.6214,2.40,1.80
2008.11.25 21:09:31.519,0.6209,0.6214,5.20,1.80
2008.11.25 21:09:32.839,0.6209,0.6214,4.00,1.80
2008.11.25 21:09:33.249,0.6209,0.62135,1.00,1.80
2008.11.25 21:09:33.589,0.6209,0.6214,1.00,1.80
2008.11.25 21:09:34.558,0.62085,0.6214,1.00,1.80
2008.11.25 21:09:35.298,0.62085,0.6213,1.00,1.20
2008.11.25 21:09:38.377,0.62075,0.62125,1.00,3.00
2008.11.25 21:09:44.866,0.62075,0.6212,1.00,1.20
2008.11.25 21:09:45.516,0.6206,0.6212,3.60,1.80
2008.11.25 21:09:45.976,0.62065,0.6212,1.00,1.80
2008.11.25 21:09:46.436,0.62065,0.62125,1.00,3.00
2008.11.25 21:09:46.785,0.62065,0.6212,1.00,1.80
2008.11.25 21:09:47.855,0.6207,0.6212,1.00,1.20
2008.11.25 21:09:48.205,0.62065,0.62125,4.40,3.20
2008.11.25 21:09:48.475,0.6206,0.6212,1.00,1.80
2008.11.25 21:09:49.545,0.62065,0.6212,1.00,1.80
2008.11.25 21:09:50.564,0.62075,0.6212,1.00,1.80
2008.11.25 21:09:50.734,0.62075,0.6212,1.00,1.20
2008.11.25 21:09:52.354,0.6207,0.6212,1.00,1.20
2008.11.25 21:09:52.834,0.62085,0.6212,1.60,1.20
2008.11.25 21:10:00.642,0.62065,0.62125,2.60,5.00
2008.11.25 21:10:01.302,0.62065,0.62125,1.60,5.00
2008.11.25 21:10:01.482,0.6206,0.6212,7.20,2.00
2008.11.25 21:10:01.652,0.6206,0.6211,2.60,1.80
2008.11.25 21:10:06.271,0.62065,0.6211,1.00,1.80
2008.11.25 21:10:06.850,0.62065,0.62115,1.00,1.80
2008.11.25 21:10:10.610,0.62065,0.6211,1.00,1.80
2008.11.25 21:10:10.950,0.6206,0.62115,4.20,3.00
2008.11.25 21:10:12.269,0.62065,0.62115,1.00,3.00
2008.11.25 21:10:12.649,0.62065,0.62115,1.00,1.80
2008.11.25 21:10:12.769,0.62065,0.62125,1.00,3.00
2008.11.25 21:10:12.829,0.6207,0.62125,1.00,3.00
2008.11.25 21:10:14.998,0.62065,0.62125,1.00,3.00
2008.11.25 21:10:15.178,0.62065,0.6212,1.00,1.80
2008.11.25 21:10:18.148,0.62075,0.6212,1.00,1.80
2008.11.25 21:10:18.388,0.62075,0.62125,1.00,1.80
2008.11.25 21:10:18.718,0.6207,0.62125,3.60,1.80
2008.11.25 21:10:19.167,0.62075,0.62125,1.00,1.80
2008.11.25 21:10:19.748,0.6208,0.62125,1.00,1.80
2008.11.25 21:10:20.187,0.6207,0.62125,1.00,1.80
2008.11.25 21:10:20.667,0.6207,0.62125,1.00,3.20
2008.11.25 21:10:20.967,0.62075,0.62125,1.00,1.80
2008.11.25 21:10:21.317,0.62065,0.6212,3.60,1.80
2008.11.25 21:10:21.607,0.62065,0.62115,3.60,1.80
2008.11.25 21:10:21.827,0.6206,0.6209,1.60,1.80
2008.11.25 21:10:24.806,0.6206,0.62095,1.60,1.80
2008.11.25 21:10:40.752,0.6206,0.6209,1.60,1.80
2008.11.25 21:10:41.042,0.62075,0.6209,1.60,1.80
2008.11.25 21:10:41.102,0.62075,0.62125,1.60,1.80
2008.11.25 21:10:41.682,0.62075,0.62125,1.60,3.80
2008.11.25 21:10:42.252,0.62075,0.62125,1.60,1.80
2008.11.25 21:10:42.842,0.62075,0.62125,1.60,3.20
2008.11.25 21:10:43.063,0.62075,0.62125,1.60,4.80
2008.11.25 21:10:43.232,0.62075,0.6212,1.60,1.80
2008.11.25 21:10:43.333,0.62075,0.6211,1.60,1.20
2008.11.25 21:10:47.551,0.62075,0.6212,1.60,1.80
2008.11.25 21:10:47.850,0.62085,0.62125,1.60,4.60
2008.11.25 21:10:48.640,0.62085,0.6211,1.60,1.20
2008.11.25 21:10:52.649,0.62085,0.6212,1.60,1.80
2008.11.25 21:10:52.770,0.62085,0.62125,1.60,3.00
2008.11.25 21:10:53.010,0.62085,0.62135,1.60,3.80
2008.11.25 21:10:53.469,0.62085,0.62135,1.60,1.80
2008.11.25 21:10:58.028,0.6206,0.62115,9.20,2.00
2008.11.25 21:10:58.079,0.6206,0.62115,4.80,2.00
2008.11.25 21:10:58.248,0.6206,0.6211,4.80,1.80
2008.11.25 21:10:58.368,0.6206,0.6211,3.20,1.80
2008.11.25 21:11:11.725,0.6206,0.62115,3.20,1.80
2008.11.25 21:11:12.395,0.6206,0.62115,4.20,1.80
2008.11.25 21:11:13.085,0.6206,0.6212,8.80,1.80
2008.11.25 21:11:13.534,0.62065,0.6212,1.00,1.80
2008.11.25 21:11:13.884,0.62065,0.62125,1.00,3.80
2008.11.25 21:11:14.284,0.62065,0.6211,1.00,1.80
2008.11.25 21:11:15.324,0.62065,0.62115,1.00,1.80
2008.11.25 21:11:15.544,0.62065,0.62125,5.60,3.80
2008.11.25 21:11:15.664,0.6207,0.62125,1.00,1.80
2008.11.25 21:11:15.884,0.6207,0.6213,1.00,3.80
2008.11.25 21:11:16.114,0.6207,0.62125,1.00,1.80
2008.11.25 21:11:16.644,0.62065,0.62125,5.60,3.40
2008.11.25 21:11:17.103,0.6206,0.6211,3.20,1.80
2008.11.25 21:11:17.813,0.6206,0.6211,4.20,1.80
2008.11.25 21:11:19.853,0.6206,0.6212,4.20,3.80
2008.11.25 21:11:20.323,0.6206,0.6212,4.20,1.80
2008.11.25 21:11:20.673,0.6206,0.62115,4.20,1.80
2008.11.25 21:11:27.071,0.6206,0.6211,4.20,1.80
2008.11.25 21:11:30.740,0.6206,0.62115,4.20,1.80
2008.11.25 21:11:31.160,0.6206,0.6211,4.20,1.80
2008.11.25 21:11:31.450,0.6206,0.62115,4.20,1.80
2008.11.25 21:11:34.509,0.6206,0.62115,3.20,1.80
2008.11.25 21:11:34.799,0.6206,0.6211,3.20,1.80
2008.11.25 21:11:37.568,0.6206,0.62105,3.20,1.80
2008.11.25 21:11:39.208,0.6206,0.62105,3.20,3.20
2008.11.25 21:11:39.428,0.6206,0.62105,3.20,4.40
2008.11.25 21:11:39.948,0.6206,0.62095,3.20,1.80
2008.11.25 21:11:45.497,0.6206,0.6209,3.20,1.80
2008.11.25 21:11:48.506,0.6206,0.62095,3.20,1.80
2008.11.25 21:11:53.745,0.6206,0.6209,3.20,1.80
2008.11.25 21:12:00.203,0.6206,0.62095,3.20,1.80
2008.11.25 21:12:01.523,0.6206,0.6209,3.20,1.80
2008.11.25 21:12:02.673,0.6206,0.62095,3.20,1.80
2008.11.25 21:12:04.273,0.6206,0.6209,3.20,1.80
2008.11.25 21:12:07.482,0.6206,0.62085,3.20,1.80
2008.11.25 21:12:07.841,0.6206,0.62085,3.20,3.80
2008.11.25 21:12:09.151,0.6203,0.6206,1.60,1.40
2008.11.25 21:12:09.551,0.62005,0.6205,1.60,1.80
2008.11.25 21:12:10.021,0.62005,0.62045,1.60,1.80
2008.11.25 21:12:10.650,0.6201,0.62045,1.60,1.80
2008.11.25 21:12:10.880,0.6201,0.62065,2.60,1.80
2008.11.25 21:12:11.260,0.6201,0.62065,1.00,1.80
2008.11.25 21:12:11.490,0.6201,0.6207,1.00,3.80
2008.11.25 21:12:14.659,0.6201,0.62065,1.00,1.80
2008.11.25 21:12:15.979,0.6201,0.6207,1.00,3.80
2008.11.25 21:12:16.499,0.6201,0.6207,1.00,1.80
2008.11.25 21:12:18.399,0.62005,0.6207,7.20,3.80
2008.11.25 21:12:18.509,0.62005,0.6207,5.60,3.80
2008.11.25 21:12:19.368,0.62005,0.6206,4.40,2.00
2008.11.25 21:12:19.548,0.61995,0.62055,1.00,1.80
2008.11.25 21:12:20.128,0.61995,0.62055,4.40,2.00
2008.11.25 21:12:20.408,0.6199,0.62045,1.00,1.80
2008.11.25 21:12:20.868,0.61985,0.62045,1.00,1.80
2008.11.25 21:12:31.386,0.61985,0.6204,1.00,1.80
2008.11.25 21:12:32.255,0.61985,0.6203,1.00,1.80
2008.11.25 21:12:33.745,0.61985,0.6204,1.00,1.80
2008.11.25 21:12:36.314,0.61985,0.62045,1.00,3.80
2008.11.25 21:12:44.692,0.6198,0.6203,1.60,3.80
2008.11.25 21:12:56.290,0.6198,0.62025,1.60,2.00
2008.11.25 21:12:56.579,0.6198,0.62025,1.60,3.80
2008.11.25 21:12:56.809,0.6198,0.6202,1.60,1.80
2008.11.25 21:12:57.030,0.6198,0.62015,1.60,1.80
2008.11.25 21:12:58.559,0.6198,0.6202,1.60,1.80
2008.11.25 21:13:00.099,0.6198,0.62025,1.60,3.80
2008.11.25 21:13:00.438,0.6198,0.62025,1.60,1.80
2008.11.25 21:13:01.068,0.6198,0.6203,1.60,1.80
2008.11.25 21:13:01.229,0.6198,0.62025,1.60,2.00
2008.11.25 21:13:01.628,0.6198,0.62015,1.60,1.80
2008.11.25 21:13:05.977,0.6198,0.6202,1.60,3.80
2008.11.25 21:13:06.207,0.6198,0.62025,1.60,1.80
2008.11.25 21:13:07.597,0.6198,0.6203,1.60,3.80
2008.11.25 21:13:07.867,0.62015,0.6203,2.40,1.80
2008.11.25 21:13:07.978,0.62015,0.62075,7.00,2.00
2008.11.25 21:13:08.217,0.6202,0.62075,3.60,2.00
2008.11.25 21:13:08.336,0.6202,0.6208,3.60,3.80
2008.11.25 21:13:08.737,0.6202,0.6208,8.00,2.00
2008.11.25 21:13:12.076,0.6202,0.6208,8.00,3.80
2008.11.25 21:13:12.376,0.6202,0.6208,9.60,3.80
2008.11.25 21:13:18.434,0.6202,0.6208,9.60,1.80
2008.11.25 21:13:18.674,0.62025,0.6208,4.00,1.80
2008.11.25 21:13:18.854,0.62025,0.62085,4.00,3.80
2008.11.25 21:13:19.084,0.62025,0.62085,6.80,3.80
2008.11.25 21:13:21.394,0.62025,0.62085,11.40,2.00
2008.11.25 21:13:21.903,0.62025,0.6207,4.40,2.00
2008.11.25 21:13:22.253,0.6201,0.62065,3.80,1.80
2008.11.25 21:13:22.493,0.62005,0.62065,3.80,3.80
2008.11.25 21:13:22.673,0.61995,0.6205,4.40,3.40
2008.11.25 21:13:22.783,0.61995,0.62045,4.40,2.00
2008.11.25 21:13:22.963,0.6198,0.6204,3.60,1.80
2008.11.25 21:13:23.313,0.6198,0.6204,1.00,1.80
2008.11.25 21:13:23.483,0.6197,0.6202,2.60,1.80
2008.11.25 21:13:23.653,0.6197,0.6202,1.00,1.80
2008.11.25 21:13:23.943,0.6197,0.62025,1.00,1.80
2008.11.25 21:13:24.543,0.61975,0.62035,4.40,2.00
2008.11.25 21:13:26.572,0.6197,0.62035,5.60,3.80
2008.11.25 21:13:32.671,0.6197,0.6203,1.00,1.80
2008.11.25 21:13:32.891,0.6197,0.62035,5.60,3.80
2008.11.25 21:13:38.749,0.61975,0.62035,4.40,2.00
2008.11.25 21:13:39.209,0.61975,0.6204,5.60,3.80
2008.11.25 21:13:41.549,0.61975,0.62035,1.00,1.80
2008.11.25 21:13:50.677,0.61975,0.6203,1.00,1.80
2008.11.25 21:14:01.064,0.6197,0.6203,1.00,1.80
2008.11.25 21:14:01.344,0.61965,0.62025,5.60,2.00
2008.11.25 21:14:01.574,0.61965,0.62025,1.00,3.80
2008.11.25 21:14:01.814,0.61965,0.6202,1.00,1.80
2008.11.25 21:14:02.204,0.61965,0.62025,5.60,3.80
2008.11.25 21:14:03.134,0.61965,0.62025,5.60,2.00
2008.11.25 21:14:03.553,0.61965,0.62025,1.00,3.80
2008.11.25 21:14:04.833,0.61965,0.62025,5.60,3.80
2008.11.25 21:14:09.143,0.61965,0.6203,5.60,3.80
2008.11.25 21:14:13.951,0.6197,0.6203,4.40,2.00
2008.11.25 21:14:14.411,0.61965,0.6203,5.60,3.80
2008.11.25 21:14:23.069,0.6197,0.6203,1.00,1.80
2008.11.25 21:14:23.189,0.6197,0.62035,5.60,3.80
2008.11.25 21:14:31.517,0.61975,0.62035,4.40,2.00
2008.11.25 21:14:31.966,0.6197,0.6203,1.00,1.80
2008.11.25 21:14:32.418,0.6197,0.62035,5.60,3.80
2008.11.25 21:14:34.756,0.61975,0.62035,1.00,1.80
2008.11.25 21:14:46.993,0.61975,0.62035,5.60,1.80
2008.11.25 21:14:47.163,0.61975,0.62035,1.00,1.80
2008.11.25 21:14:47.503,0.61975,0.62035,5.60,1.80
2008.11.25 21:14:47.963,0.61965,0.62015,1.00,1.80
2008.11.25 21:14:52.151,0.6196,0.62015,1.00,1.80
2008.11.25 21:14:52.482,0.6196,0.62025,5.60,3.80
2008.11.25 21:14:53.071,0.6196,0.62015,1.00,1.80
2008.11.25 21:14:54.361,0.61965,0.62015,1.00,1.80
2008.11.25 21:14:59.960,0.61955,0.62015,4.40,1.80
2008.11.25 21:15:00.070,0.6194,0.61995,2.60,3.20
2008.11.25 21:15:00.360,0.6194,0.61995,1.00,3.20
2008.11.25 21:15:00.530,0.61955,0.62015,1.00,1.80
2008.11.25 21:15:01.240,0.6196,0.62015,1.00,1.80
2008.11.25 21:15:14.446,0.6196,0.6202,1.00,1.80
2008.11.25 21:15:52.397,0.61955,0.6201,4.40,1.40
2008.11.25 21:15:52.687,0.61955,0.6201,4.40,3.40
2008.11.25 21:15:52.857,0.61945,0.62005,1.00,1.80
2008.11.25 21:15:53.717,0.61955,0.62005,1.00,1.80
2008.11.25 21:15:53.997,0.6196,0.6202,1.00,1.80
2008.11.25 21:15:59.835,0.61955,0.6202,5.60,1.80
2008.11.25 21:16:00.217,0.61955,0.62015,1.00,1.80
2008.11.25 21:16:03.424,0.6195,0.62015,5.60,3.80
2008.11.25 21:16:16.252,0.61955,0.62015,1.00,1.80
2008.11.25 21:16:17.971,0.61955,0.6202,5.60,3.80
2008.11.25 21:16:18.501,0.61955,0.62015,1.00,1.80
2008.11.25 21:16:31.198,0.6196,0.62015,1.00,1.80
2008.11.25 21:16:33.737,0.6196,0.6202,1.00,3.80
2008.11.25 21:16:34.027,0.61965,0.6202,4.40,2.00
2008.11.25 21:16:34.817,0.6196,0.62015,1.00,1.80
2008.11.25 21:16:39.266,0.6196,0.6202,1.00,1.80
2008.11.25 21:16:54.812,0.6196,0.6202,1.00,3.80
2008.11.25 21:16:55.502,0.6196,0.62015,1.00,1.80
2008.11.25 21:16:58.661,0.6196,0.6202,1.00,1.80
2008.11.25 21:17:08.639,0.61955,0.6202,5.60,1.80
2008.11.25 21:17:08.759,0.61955,0.6202,5.60,3.80
2008.11.25 21:17:09.039,0.61955,0.62015,1.00,1.80
2008.11.25 21:17:10.538,0.61955,0.6202,5.60,3.80
2008.11.25 21:17:10.818,0.61955,0.62015,1.00,1.80
2008.11.25 21:17:17.486,0.6196,0.62015,1.00,1.80
2008.11.25 21:17:17.656,0.6196,0.6202,5.60,1.80
2008.11.25 21:17:24.915,0.6196,0.6202,1.00,1.80
2008.11.25 21:17:26.344,0.61955,0.6202,5.60,3.80
2008.11.25 21:17:26.635,0.61955,0.62015,1.00,1.80
2008.11.25 21:17:29.374,0.61975,0.6202,4.40,2.00
2008.11.25 21:17:29.594,0.61985,0.6202,2.40,2.00
2008.11.25 21:17:29.654,0.61985,0.6203,2.40,1.20
2008.11.25 21:17:30.694,0.6199,0.62035,1.60,3.20
2008.11.25 21:17:31.493,0.6199,0.62035,1.60,2.00
2008.11.25 21:17:31.613,0.61975,0.6204,10.80,5.00
2008.11.25 21:17:31.783,0.61975,0.6203,4.40,1.40
2008.11.25 21:17:31.953,0.61975,0.62015,1.60,1.80
2008.11.25 21:17:32.373,0.61965,0.62015,1.00,1.80
2008.11.25 21:17:32.553,0.61985,0.62015,2.40,1.80
2008.11.25 21:17:32.843,0.61985,0.6204,7.00,2.40
2008.11.25 21:17:33.293,0.6199,0.6204,1.60,2.40
2008.11.25 21:17:33.402,0.61985,0.62035,7.20,2.00
2008.11.25 21:17:33.583,0.6199,0.62035,2.60,2.00
2008.11.25 21:17:33.762,0.61975,0.62035,9.80,2.00
2008.11.25 21:17:33.883,0.61975,0.6203,7.20,3.40
2008.11.25 21:17:34.123,0.6198,0.62015,2.60,1.80
2008.11.25 21:17:34.302,0.6196,0.62015,1.00,1.80
2008.11.25 21:17:37.801,0.6196,0.6202,1.00,1.80
2008.11.25 21:17:38.601,0.61955,0.6202,5.60,1.80
2008.11.25 21:17:38.721,0.61955,0.6202,5.60,3.80
2008.11.25 21:17:38.951,0.61955,0.62015,1.00,1.80
2008.11.25 21:17:44.900,0.6196,0.62015,1.00,1.80
2008.11.25 21:17:45.120,0.61975,0.62015,1.00,1.80
2008.11.25 21:17:45.300,0.61975,0.6202,1.00,1.80
2008.11.25 21:17:45.860,0.6198,0.6204,4.40,3.20
2008.11.25 21:17:56.048,0.62,0.6204,5.60,1.20
2008.11.25 21:17:56.567,0.61995,0.6204,5.60,1.20
2008.11.25 21:17:56.797,0.61995,0.6204,4.40,1.20
2008.11.25 21:18:03.905,0.6199,0.6204,5.60,1.20
2008.11.25 21:18:04.355,0.61995,0.6204,4.40,1.20
2008.11.25 21:18:04.765,0.61995,0.6204,5.60,1.20
2008.11.25 21:18:05.115,0.62,0.6204,4.40,1.20
2008.11.25 21:18:06.395,0.62,0.6204,5.60,1.20
2008.11.25 21:18:06.515,0.62005,0.6204,2.40,1.20
2008.11.25 21:18:06.575,0.6201,0.6204,4.40,1.20
2008.11.25 21:18:07.224,0.62005,0.6204,8.00,1.20
2008.11.25 21:18:07.784,0.62005,0.6204,3.60,1.20
2008.11.25 21:18:08.144,0.62005,0.6204,5.60,1.20
2008.11.25 21:18:08.564,0.62005,0.6204,1.00,1.20
2008.11.25 21:18:13.723,0.62005,0.6204,3.60,1.20
2008.11.25 21:18:13.833,0.62005,0.6204,9.60,1.20
2008.11.25 21:18:13.943,0.62005,0.6204,7.00,1.20
2008.11.25 21:18:14.213,0.62005,0.6204,2.40,1.20
2008.11.25 21:18:14.273,0.62005,0.6204,8.00,1.20
2008.11.25 21:18:14.383,0.62005,0.6204,9.60,1.20
2008.11.25 21:18:14.673,0.62005,0.6204,8.60,1.20
2008.11.25 21:18:15.073,0.62,0.6204,1.00,1.20
2008.11.25 21:18:18.592,0.62005,0.6204,1.00,1.20
2008.11.25 21:18:18.764,0.62015,0.6204,4.40,1.20
2008.11.25 21:18:18.982,0.62005,0.6204,1.00,1.20
2008.11.25 21:18:19.152,0.6201,0.6204,1.00,1.20
2008.11.25 21:18:19.432,0.62005,0.6204,5.60,1.20
2008.11.25 21:18:24.260,0.62005,0.6204,1.00,1.20
2008.11.25 21:18:26.410,0.62,0.6204,1.00,1.20
2008.11.25 21:18:27.270,0.62005,0.6204,1.00,1.20
2008.11.25 21:18:32.189,0.6201,0.6204,2.40,1.20
2008.11.25 21:18:32.769,0.62005,0.6204,1.00,1.20
2008.11.25 21:18:37.557,0.62,0.6204,1.00,1.20
2008.11.25 21:18:43.006,0.61995,0.6204,9.60,1.20
2008.11.25 21:18:43.856,0.61995,0.6204,5.20,1.20
2008.11.25 21:18:46.045,0.61995,0.6204,9.60,1.20
2008.11.25 21:19:01.961,0.61995,0.6204,2.60,1.20
2008.11.25 21:19:05.291,0.61995,0.6204,1.60,1.20
2008.11.25 21:19:05.630,0.61995,0.6203,1.60,1.80
2008.11.25 21:19:06.150,0.6199,0.62015,2.60,1.80
2008.11.25 21:19:06.500,0.6197,0.62015,5.80,1.80
2008.11.25 21:19:06.740,0.61975,0.62015,1.60,1.80
2008.11.25 21:19:13.838,0.6197,0.62035,10.20,1.80
2008.11.25 21:19:14.118,0.6197,0.6198,4.40,1.40
2008.11.25 21:19:14.238,0.61925,0.61975,1.00,1.80
2008.11.25 21:19:14.798,0.61925,0.61975,2.60,1.80
2008.11.25 21:19:19.647,0.61925,0.6198,2.60,3.20
2008.11.25 21:19:23.556,0.61925,0.61975,2.60,1.40
2008.11.25 21:19:23.676,0.61925,0.61975,2.60,3.20
2008.11.25 21:19:24.965,0.61925,0.61975,5.20,1.80
2008.11.25 21:19:25.206,0.61925,0.61985,5.20,6.60
2008.11.25 21:19:25.436,0.6194,0.61985,1.60,6.60
2008.11.25 21:19:26.475,0.6194,0.61985,1.60,4.40
2008.11.25 21:19:49.120,0.6194,0.61985,1.60,6.00
2008.11.25 21:19:50.910,0.6194,0.61975,1.60,1.80
2008.11.25 21:19:51.469,0.6194,0.61985,1.60,6.00
2008.11.25 21:19:56.138,0.61925,0.6197,6.80,1.80
2008.11.25 21:19:56.999,0.61925,0.6197,6.80,1.20
2008.11.25 21:19:57.398,0.6194,0.61985,2.60,6.60
2008.11.25 21:19:57.748,0.61935,0.61985,4.20,8.20
2008.11.25 21:19:59.258,0.61935,0.6197,1.60,1.20
2008.11.25 21:19:59.727,0.61935,0.61975,1.60,1.80
2008.11.25 21:19:59.997,0.61935,0.6198,1.60,1.80
2008.11.25 21:20:00.107,0.61935,0.61985,1.60,6.00
2008.11.25 21:20:08.226,0.61935,0.6198,1.60,2.60
2008.11.25 21:20:08.395,0.61935,0.6198,1.60,3.20
2008.11.25 21:20:08.915,0.61935,0.6197,1.60,1.20
2008.11.25 21:20:21.652,0.61915,0.6197,8.00,2.60
2008.11.25 21:20:21.882,0.61915,0.6197,2.40,3.20
2008.11.25 21:20:24.131,0.61915,0.6197,2.40,2.60
2008.11.25 21:20:24.251,0.61915,0.6197,3.60,2.60
2008.11.25 21:20:24.311,0.61915,0.61975,3.60,3.20
2008.11.25 21:20:25.971,0.61915,0.6197,2.40,3.20
2008.11.25 21:20:28.490,0.61915,0.6197,3.60,3.20
2008.11.25 21:20:32.660,0.61915,0.61945,2.40,1.80
2008.11.25 21:20:32.779,0.6191,0.6194,3.20,2.60
2008.11.25 21:20:38.778,0.6191,0.6194,3.20,1.40
2008.11.25 21:20:38.838,0.6191,0.61945,3.20,3.40
2008.11.25 21:20:38.888,0.6191,0.61945,3.20,1.60
2008.11.25 21:20:39.118,0.6191,0.61965,3.20,2.00
2008.11.25 21:20:39.168,0.6191,0.6196,3.20,1.40
2008.11.25 21:20:39.338,0.6191,0.6196,3.20,3.40
2008.11.25 21:20:41.177,0.6191,0.6196,3.20,1.40
2008.11.25 21:20:46.466,0.6191,0.6196,3.20,3.20
2008.11.25 21:20:46.696,0.6191,0.6196,3.20,1.40
2008.11.25 21:20:47.996,0.6191,0.61955,3.20,2.00
2008.11.25 21:20:48.395,0.6191,0.61955,3.20,3.40
2008.11.25 21:20:48.456,0.6191,0.61955,3.20,5.40
2008.11.25 21:20:48.895,0.6191,0.61955,3.20,3.80
2008.11.25 21:20:48.955,0.6191,0.61955,3.20,2.00
2008.11.25 21:20:49.125,0.6191,0.6196,3.20,3.40
2008.11.25 21:20:49.465,0.6191,0.61955,3.20,1.80
2008.11.25 21:20:49.806,0.6191,0.6196,3.20,5.40
2008.11.25 21:20:51.345,0.6191,0.61955,3.20,1.80
2008.11.25 21:20:51.885,0.6191,0.6196,3.20,5.40
2008.11.25 21:20:52.915,0.6191,0.61955,3.20,1.80
2008.11.25 21:20:54.994,0.6191,0.6195,3.20,1.80
2008.11.25 21:20:55.344,0.6191,0.61955,3.20,1.80
2008.11.25 21:20:55.404,0.6191,0.6196,3.20,3.80
2008.11.25 21:20:56.404,0.61915,0.6196,1.60,3.80
2008.11.25 21:20:56.974,0.61915,0.6195,1.60,1.40
2008.11.25 21:20:57.253,0.61915,0.6195,1.60,3.20
2008.11.25 21:21:01.212,0.61915,0.6195,1.60,1.40
2008.11.25 21:21:01.382,0.61915,0.61955,1.60,1.80
2008.11.25 21:21:01.962,0.61915,0.6196,1.60,3.80
2008.11.25 21:21:06.171,0.6191,0.6196,1.60,3.80
2008.11.25 21:21:08.081,0.6191,0.61955,1.60,2.00
2008.11.25 21:21:08.251,0.6191,0.6195,1.60,1.80
2008.11.25 21:21:10.550,0.6191,0.6196,1.60,3.80
2008.11.25 21:21:10.730,0.6191,0.6196,1.60,1.80
2008.11.25 21:21:11.420,0.6191,0.61955,1.60,1.80
2008.11.25 21:21:12.050,0.6191,0.6196,1.60,1.80
2008.11.25 21:21:15.039,0.6191,0.61955,1.60,2.00
2008.11.25 21:21:17.819,0.6191,0.6196,1.60,3.80
2008.11.25 21:21:18.458,0.61915,0.6196,1.60,3.80
2008.11.25 21:21:20.048,0.61915,0.61955,1.60,2.00
2008.11.25 21:21:20.498,0.61915,0.6195,1.60,2.00
2008.11.25 21:21:21.827,0.61915,0.6194,1.60,1.80
2008.11.25 21:21:22.277,0.61915,0.6194,1.60,3.40
2008.11.25 21:21:22.397,0.6191,0.6194,1.60,3.40
2008.11.25 21:21:24.457,0.6191,0.6194,1.60,1.40
2008.11.25 21:21:24.697,0.6191,0.6194,1.60,3.40
2008.11.25 21:21:27.396,0.6191,0.6194,1.60,1.40
2008.11.25 21:21:29.836,0.6191,0.61945,1.60,1.40
2008.11.25 21:21:30.286,0.6191,0.6195,1.60,3.40
2008.11.25 21:21:31.115,0.6191,0.6195,1.60,5.40
2008.11.25 21:21:31.455,0.6191,0.6195,1.60,2.00
2008.11.25 21:21:31.975,0.6191,0.61935,1.60,1.80
2008.11.25 21:21:32.385,0.6191,0.6195,1.60,3.80
2008.11.25 21:21:32.555,0.6191,0.61945,1.60,2.00
2008.11.25 21:21:33.355,0.6191,0.6194,1.60,3.40
2008.11.25 21:21:36.114,0.6191,0.6194,1.60,2.00
2008.11.25 21:21:36.694,0.6191,0.61935,1.60,1.80
2008.11.25 21:21:36.984,0.6191,0.6194,1.60,2.00
2008.11.25 21:21:42.313,0.6191,0.6195,1.60,3.40
2008.11.25 21:21:42.553,0.6191,0.6195,1.60,2.00
2008.11.25 21:21:43.082,0.6191,0.6195,1.60,3.80
2008.11.25 21:21:43.442,0.6191,0.6195,1.60,2.00
2008.11.25 21:21:45.062,0.6191,0.61945,1.60,2.00
2008.11.25 21:21:45.282,0.6191,0.6194,1.60,1.40
2008.11.25 21:21:45.502,0.6191,0.6194,1.60,3.40
2008.11.25 21:21:46.922,0.6191,0.61935,1.60,2.00
2008.11.25 21:21:57.009,0.6191,0.6194,1.60,3.40
2008.11.25 21:21:57.119,0.6191,0.6194,1.60,2.00
2008.11.25 21:21:57.979,0.6191,0.61945,1.60,2.00
2008.11.25 21:21:58.479,0.6191,0.6195,1.60,3.80
2008.11.25 21:21:58.928,0.6191,0.6195,1.60,2.00
2008.11.25 21:22:01.618,0.6191,0.6195,1.60,3.80
2008.11.25 21:22:02.938,0.6191,0.6194,1.60,2.00
2008.11.25 21:22:03.518,0.6191,0.6193,1.60,5.40
2008.11.25 21:22:05.437,0.619,0.61925,3.20,3.40
2008.11.25 21:22:05.497,0.6187,0.61925,6.00,3.40
2008.11.25 21:22:05.667,0.6187,0.61925,1.60,3.40
2008.11.25 21:22:07.516,0.6187,0.61925,1.60,2.00
2008.11.25 21:22:07.626,0.6187,0.6192,1.60,1.40
2008.11.25 21:22:08.206,0.6187,0.6192,1.60,2.60
2008.11.25 21:22:14.145,0.6187,0.6192,1.60,3.40
2008.11.25 21:22:14.695,0.6187,0.6192,1.60,2.60
2008.11.25 21:22:15.544,0.6187,0.61905,1.60,1.40
2008.11.25 21:22:16.014,0.6187,0.6192,1.60,3.00
2008.11.25 21:22:16.234,0.6187,0.61925,1.60,3.40
2008.11.25 21:22:18.474,0.6187,0.6191,1.60,1.40
2008.11.25 21:22:19.034,0.6187,0.61905,1.60,1.80
2008.11.25 21:22:19.324,0.61855,0.61905,3.80,1.80
2008.11.25 21:22:19.684,0.6186,0.61905,2.60,3.20
2008.11.25 21:22:20.034,0.6186,0.61905,2.60,4.40
2008.11.25 21:22:21.493,0.6185,0.619,1.60,1.80
2008.11.25 21:22:21.793,0.6185,0.61885,1.60,1.80
2008.11.25 21:22:22.023,0.6185,0.6189,1.60,1.80
2008.11.25 21:22:23.683,0.6185,0.61895,1.60,1.80
2008.11.25 21:22:24.032,0.6185,0.6189,1.60,1.80
2008.11.25 21:22:24.672,0.6185,0.6188,2.60,4.80
2008.11.25 21:22:24.912,0.6185,0.6186,2.60,1.40
2008.11.25 21:22:24.973,0.618,0.6183,1.00,1.80
2008.11.25 21:22:25.372,0.6179,0.6183,1.00,1.80
2008.11.25 21:22:25.792,0.61785,0.6182,1.00,1.80
2008.11.25 21:22:26.182,0.6178,0.61805,1.00,1.80
2008.11.25 21:22:26.482,0.61775,0.6181,1.00,1.80
2008.11.25 21:22:27.062,0.61775,0.61815,1.00,1.80
2008.11.25 21:22:27.712,0.6177,0.61815,1.00,1.80
2008.11.25 21:22:28.172,0.6177,0.6181,1.00,1.80
2008.11.25 21:22:32.490,0.6177,0.61805,1.00,1.80
2008.11.25 21:22:32.721,0.6177,0.6182,1.00,1.80
2008.11.25 21:22:33.220,0.6177,0.61825,1.00,1.80
2008.11.25 21:22:35.270,0.6177,0.6182,1.00,1.80
2008.11.25 21:22:35.670,0.6177,0.61825,1.00,1.80
2008.11.25 21:22:52.186,0.61775,0.61825,1.00,1.80
2008.11.25 21:22:52.356,0.61775,0.6183,1.00,1.80
2008.11.25 21:22:53.275,0.61775,0.61835,1.00,1.80
2008.11.25 21:22:53.905,0.61775,0.6183,1.00,1.80
2008.11.25 21:22:54.125,0.61775,0.61835,1.00,1.80
2008.11.25 21:22:59.914,0.61785,0.6184,1.00,1.80
2008.11.25 21:23:00.554,0.61785,0.61835,1.00,1.80
2008.11.25 21:23:02.073,0.6178,0.61835,1.00,1.80
2008.11.25 21:23:02.363,0.6178,0.61825,1.00,1.80
2008.11.25 21:23:02.753,0.6178,0.6183,1.00,1.80
2008.11.25 21:23:04.583,0.61775,0.6183,1.00,1.80
2008.11.25 21:23:05.023,0.61775,0.61825,1.00,1.80
2008.11.25 21:23:05.613,0.61775,0.6183,1.00,1.80
2008.11.25 21:23:05.893,0.6177,0.6183,1.00,1.80
2008.11.25 21:23:06.302,0.6177,0.61825,1.00,1.80
2008.11.25 21:23:06.772,0.6177,0.6183,1.00,1.80
2008.11.25 21:23:08.482,0.61775,0.6183,1.00,1.80
2008.11.25 21:23:08.952,0.6178,0.6183,1.00,1.80
2008.11.25 21:23:09.232,0.6178,0.61835,1.00,1.80
2008.11.25 21:23:10.371,0.6178,0.61825,1.00,1.80
2008.11.25 21:23:10.541,0.6178,0.6184,1.00,3.80
2008.11.25 21:23:10.841,0.6178,0.6183,1.00,1.80
2008.11.25 21:23:11.541,0.61775,0.6183,1.00,1.80
2008.11.25 21:23:13.800,0.6177,0.61825,1.00,1.80
2008.11.25 21:23:14.840,0.6177,0.6183,1.00,1.80
2008.11.25 21:23:15.260,0.61775,0.6183,1.00,1.80
2008.11.25 21:23:15.910,0.6177,0.6183,1.00,1.80
2008.11.25 21:23:16.180,0.6177,0.61825,1.00,1.80
2008.11.25 21:23:16.880,0.6177,0.6183,1.00,1.80
2008.11.25 21:23:17.740,0.6177,0.61825,1.00,1.80
2008.11.25 21:23:33.396,0.6178,0.61825,1.00,1.80
2008.11.25 21:23:33.576,0.6179,0.61845,2.40,2.00
2008.11.25 21:23:37.095,0.6179,0.61835,2.40,2.00
2008.11.25 21:23:37.215,0.6177,0.61825,1.00,1.80
2008.11.25 21:23:39.524,0.61765,0.61825,1.00,3.80
2008.11.25 21:23:51.941,0.61765,0.61825,5.60,2.00
2008.11.25 21:23:54.510,0.61765,0.6183,5.60,3.80
2008.11.25 21:23:55.710,0.61765,0.61825,1.00,1.80
2008.11.25 21:24:04.539,0.61765,0.6182,1.00,1.80
2008.11.25 21:24:04.938,0.61765,0.61825,1.00,3.80
2008.11.25 21:24:16.445,0.6177,0.6183,4.40,2.00
2008.11.25 21:24:16.675,0.61765,0.61825,1.00,1.80
2008.11.25 21:24:17.415,0.61765,0.6183,5.60,3.80
2008.11.25 21:24:17.885,0.61775,0.6183,1.00,1.80
2008.11.25 21:24:18.065,0.6178,0.6184,4.40,2.00
2008.11.25 21:24:21.664,0.6178,0.61835,4.40,2.00
2008.11.25 21:24:21.894,0.61775,0.61835,7.00,2.00
2008.11.25 21:24:30.222,0.6178,0.6184,4.40,3.80
2008.11.25 21:24:30.672,0.6178,0.6184,4.40,2.00
2008.11.25 21:24:41.499,0.6178,0.61835,4.40,2.00
2008.11.25 21:25:00.115,0.6178,0.61825,4.40,2.00
2008.11.25 21:25:00.235,0.6177,0.61825,4.40,2.00
2008.11.25 21:25:11.962,0.6177,0.61825,5.60,2.00
2008.11.25 21:25:12.192,0.6178,0.61825,4.40,2.00
2008.11.25 21:25:12.312,0.6178,0.61835,4.40,2.00
2008.11.25 21:25:17.001,0.6177,0.61835,11.20,3.80
2008.11.25 21:25:17.401,0.6178,0.61835,4.40,2.00
2008.11.25 21:25:18.021,0.61785,0.61835,2.40,2.00
2008.11.25 21:25:18.250,0.61785,0.6184,2.40,3.80
2008.11.25 21:25:18.480,0.61785,0.6184,7.00,2.00
2008.11.25 21:25:19.880,0.61785,0.6184,2.40,3.80
2008.11.25 21:25:20.050,0.6178,0.61835,4.40,2.00
2008.11.25 21:25:25.319,0.6178,0.61835,6.00,2.00
2008.11.25 21:25:25.379,0.6179,0.61845,4.40,2.00
2008.11.25 21:25:25.499,0.6179,0.61845,7.00,2.00
2008.11.25 21:25:26.058,0.6179,0.6185,7.00,2.00
2008.11.25 21:25:26.878,0.6179,0.6184,7.00,2.00
2008.11.25 21:25:27.268,0.6178,0.6184,4.40,3.80
2008.11.25 21:25:27.658,0.6178,0.61835,4.40,2.00
2008.11.25 21:25:29.058,0.61775,0.61835,2.40,3.80
2008.11.25 21:25:29.228,0.6178,0.61835,4.40,2.00
2008.11.25 21:25:42.985,0.6178,0.61835,4.40,2.00
2008.11.25 21:25:50.772,0.61775,0.6183,7.00,2.00
2008.11.25 21:25:51.042,0.61775,0.6183,2.40,3.80
2008.11.25 21:25:51.962,0.61775,0.6183,7.00,2.00
2008.11.25 21:25:52.832,0.61775,0.6183,4.40,2.00
2008.11.25 21:25:53.102,0.6177,0.6183,7.00,2.00
2008.11.25 21:25:55.481,0.6177,0.6183,8.00,2.00
2008.11.25 21:25:55.811,0.61775,0.6183,2.40,2.00
2008.11.25 21:25:56.041,0.61775,0.6183,7.00,2.00
2008.11.25 21:25:56.491,0.6177,0.6183,7.00,2.00
2008.11.25 21:25:56.911,0.6177,0.6183,7.00,3.80
2008.11.25 21:25:58.381,0.61765,0.6183,8.00,3.80
2008.11.25 21:25:58.661,0.61765,0.61825,8.00,2.00
2008.11.25 21:26:00.090,0.61765,0.61825,3.60,3.80
2008.11.25 21:26:00.670,0.61765,0.61825,8.00,2.00
2008.11.25 21:26:00.840,0.6177,0.61825,2.40,2.00
2008.11.25 21:26:01.250,0.6177,0.6183,7.00,3.80
2008.11.25 21:26:01.640,0.6177,0.6183,7.00,2.00
2008.11.25 21:26:01.990,0.6177,0.6183,8.00,2.00
2008.11.25 21:26:02.720,0.6177,0.6183,8.00,3.80
2008.11.25 21:26:02.780,0.6177,0.6183,7.00,3.80
2008.11.25 21:26:03.979,0.6177,0.61835,8.00,3.80
2008.11.25 21:26:05.679,0.6177,0.6183,7.00,3.80
2008.11.25 21:26:12.327,0.6177,0.6183,2.40,3.80
2008.11.25 21:26:16.416,0.6177,0.6183,7.00,3.80
2008.11.25 21:26:18.356,0.61765,0.6182,3.60,1.80
2008.11.25 21:26:18.776,0.61765,0.6182,2.40,1.80
2008.11.25 21:26:18.836,0.61765,0.61825,7.00,2.00
2008.11.25 21:26:20.495,0.61765,0.6182,7.00,2.00
2008.11.25 21:26:20.675,0.61765,0.6182,2.40,2.00
2008.11.25 21:26:24.025,0.61765,0.6182,2.40,3.80
2008.11.25 21:26:24.264,0.6176,0.61815,7.00,2.00
2008.11.25 21:26:26.484,0.6176,0.61815,8.00,2.00
2008.11.25 21:26:26.774,0.6177,0.6182,2.40,1.80
2008.11.25 21:26:27.004,0.6177,0.6181,4.40,2.00
2008.11.25 21:26:27.524,0.61755,0.6181,1.60,3.80
2008.11.25 21:26:27.814,0.61755,0.6181,6.00,2.00
2008.11.25 21:26:28.034,0.61755,0.6181,1.60,2.00
2008.11.25 21:26:28.443,0.61755,0.618,1.60,2.00
2008.11.25 21:26:28.733,0.6174,0.618,8.60,2.00
2008.11.25 21:26:32.702,0.61745,0.618,2.40,2.00
2008.11.25 21:26:32.913,0.61745,0.618,7.00,2.00
2008.11.25 21:26:34.162,0.61745,0.618,4.40,2.00
2008.11.25 21:26:34.382,0.6174,0.61795,8.60,2.00
2008.11.25 21:26:34.712,0.6174,0.61805,9.60,3.80
2008.11.25 21:26:34.772,0.61745,0.61805,2.40,3.80
2008.11.25 21:26:35.222,0.61745,0.61805,7.00,3.80
2008.11.25 21:26:35.851,0.6174,0.618,8.60,3.80
2008.11.25 21:26:36.082,0.6174,0.618,8.60,2.00
2008.11.25 21:26:37.281,0.6174,0.618,9.60,2.00
2008.11.25 21:26:37.561,0.61745,0.61805,2.40,3.80
2008.11.25 21:26:37.671,0.61745,0.61805,7.00,2.00
2008.11.25 21:26:42.440,0.6175,0.61805,4.40,2.00
2008.11.25 21:26:43.360,0.61745,0.6181,8.00,3.80
2008.11.25 21:26:43.879,0.6175,0.6181,4.40,2.00
2008.11.25 21:26:44.520,0.6175,0.61805,4.40,2.00
2008.11.25 21:26:44.870,0.61745,0.61805,2.40,3.80
2008.11.25 21:26:45.269,0.61745,0.61805,7.00,2.00
2008.11.25 21:26:47.059,0.6175,0.61805,2.40,2.00
2008.11.25 21:26:47.399,0.6175,0.6181,7.00,3.80
2008.11.25 21:26:47.559,0.6175,0.618,7.00,2.00
2008.11.25 21:26:47.909,0.6175,0.618,4.40,2.00
2008.11.25 21:26:48.079,0.6174,0.618,8.60,2.00
2008.11.25 21:26:49.498,0.6174,0.618,9.60,2.00
2008.11.25 21:26:50.018,0.6174,0.618,7.00,2.00
2008.11.25 21:26:52.228,0.6174,0.6179,2.40,1.80
2008.11.25 21:26:52.518,0.6173,0.6179,8.60,1.80
2008.11.25 21:26:52.688,0.6173,0.61785,7.40,1.80
2008.11.25 21:26:59.936,0.6173,0.61785,7.40,3.80
2008.11.25 21:27:02.585,0.6173,0.6178,7.40,1.80
2008.11.25 21:27:07.144,0.6173,0.61775,7.40,2.00
2008.11.25 21:27:07.374,0.6173,0.61765,7.40,1.80
2008.11.25 21:27:08.234,0.6173,0.6177,7.40,3.80
2008.11.25 21:27:17.032,0.6173,0.6176,7.40,1.80
2008.11.25 21:27:17.422,0.6173,0.61765,7.40,3.80
2008.11.25 21:27:19.851,0.6173,0.6176,7.40,2.00
2008.11.25 21:27:19.961,0.6173,0.6176,7.40,3.80
2008.11.25 21:27:20.431,0.6173,0.6176,7.40,2.00
2008.11.25 21:27:21.071,0.6173,0.6176,7.40,3.60
2008.11.25 21:27:21.371,0.6173,0.6176,7.40,5.40
2008.11.25 21:27:22.290,0.6173,0.6176,7.40,3.80
2008.11.25 21:27:22.820,0.6173,0.6175,7.40,1.80
2008.11.25 21:27:23.090,0.6173,0.6175,7.40,3.80
2008.11.25 21:27:23.430,0.6173,0.61755,7.40,2.00
2008.11.25 21:27:30.418,0.6173,0.6175,7.40,2.00
2008.11.25 21:27:30.648,0.61685,0.61745,5.40,1.80
2008.11.25 21:27:31.099,0.61685,0.61745,2.60,1.80
2008.11.25 21:27:32.088,0.61685,0.6175,7.20,3.80
2008.11.25 21:27:34.178,0.6169,0.6175,1.00,3.80
2008.11.25 21:27:34.518,0.617,0.61755,4.40,3.40
2008.11.25 21:27:34.577,0.617,0.61755,4.40,2.00
2008.11.25 21:27:43.865,0.617,0.6176,5.60,2.00
2008.11.25 21:27:44.035,0.61705,0.6176,2.40,2.00
2008.11.25 21:27:44.265,0.617,0.6176,3.80,3.80
2008.11.25 21:27:44.565,0.617,0.6176,5.60,2.00
2008.11.25 21:27:44.805,0.617,0.6176,4.40,2.00
2008.11.25 21:28:12.519,0.6171,0.61765,1.00,5.40
2008.11.25 21:28:12.698,0.6171,0.61765,1.00,1.80
2008.11.25 21:28:13.048,0.6171,0.6177,1.00,1.80
2008.11.25 21:28:13.108,0.6171,0.61775,8.00,3.80
2008.11.25 21:28:17.237,0.61715,0.61775,1.00,1.80
2008.11.25 21:28:17.627,0.6171,0.61775,8.00,3.80
2008.11.25 21:28:29.084,0.61715,0.61775,2.40,3.80
2008.11.25 21:28:30.315,0.6171,0.61775,8.00,3.80
2008.11.25 21:28:40.402,0.61715,0.61775,3.60,1.80
2008.11.25 21:28:54.618,0.61715,0.61775,1.00,1.80
2008.11.25 21:28:55.338,0.6171,0.6176,4.40,2.00
2008.11.25 21:28:55.398,0.6171,0.61725,2.60,1.80
2008.11.25 21:28:55.518,0.6169,0.61725,1.00,1.80
2008.11.25 21:28:55.988,0.6169,0.61735,1.00,1.80
2008.11.25 21:28:56.688,0.6169,0.61725,1.00,1.80
2008.11.25 21:28:56.978,0.6169,0.61735,1.00,1.80
2008.11.25 21:28:57.207,0.61685,0.61735,1.00,1.80
2008.11.25 21:29:02.276,0.6169,0.61735,1.00,1.80
2008.11.25 21:29:02.666,0.61695,0.61755,4.40,2.00
2008.11.25 21:29:04.676,0.61695,0.6175,4.40,2.00
2008.11.25 21:29:06.405,0.6169,0.6175,4.40,2.00
2008.11.25 21:29:17.595,0.6169,0.6174,4.40,2.00
2008.11.25 21:29:17.902,0.61685,0.6174,4.40,2.00
2008.11.25 21:29:24.561,0.6168,0.6174,6.00,3.80
2008.11.25 21:29:24.741,0.6168,0.6174,6.00,2.00
2008.11.25 21:29:25.141,0.61685,0.6174,4.40,2.00
2008.11.25 21:29:27.330,0.6168,0.6174,1.60,3.80
2008.11.25 21:29:27.780,0.6168,0.61735,1.60,2.00
2008.11.25 21:29:35.098,0.6168,0.6174,6.00,6.80
2008.11.25 21:29:35.278,0.6168,0.61725,6.00,2.00
2008.11.25 21:29:35.398,0.6168,0.61725,1.60,3.80
2008.11.25 21:29:37.968,0.6168,0.61725,1.60,1.80
2008.11.25 21:29:38.848,0.6168,0.61725,2.60,1.80
2008.11.25 21:29:39.197,0.61685,0.61745,4.40,3.80
2008.11.25 21:29:45.456,0.6168,0.61725,2.60,1.80
2008.11.25 21:29:48.275,0.6168,0.6172,1.60,1.80
2008.11.25 21:29:48.395,0.6168,0.61725,1.60,1.80
2008.11.25 21:29:50.805,0.6168,0.6172,1.60,1.80
2008.11.25 21:29:51.824,0.6168,0.61725,1.60,1.80
2008.11.25 21:29:54.184,0.6168,0.61715,1.60,1.80
2008.11.25 21:29:54.524,0.6168,0.6171,1.60,2.00
2008.11.25 21:29:54.634,0.6168,0.6171,1.60,1.80
2008.11.25 21:29:54.974,0.6168,0.61715,1.60,1.80
2008.11.25 21:29:59.452,0.6168,0.61715,1.60,3.80
2008.11.25 21:30:02.022,0.6168,0.61715,1.60,2.00
2008.11.25 21:30:02.302,0.6168,0.61715,1.60,3.80
2008.11.25 21:30:02.602,0.6168,0.6171,1.60,2.00
2008.11.25 21:30:05.171,0.6168,0.61715,1.60,2.00
2008.11.25 21:30:05.511,0.6168,0.61715,1.60,3.80
2008.11.25 21:30:07.670,0.6168,0.6171,1.60,2.00
2008.11.25 21:30:08.021,0.6168,0.61705,1.60,1.80
2008.11.25 21:30:09.800,0.6168,0.6171,1.60,3.80
2008.11.25 21:30:09.920,0.6168,0.6171,1.60,2.00
2008.11.25 21:30:11.919,0.6168,0.6171,1.60,3.80
2008.11.25 21:30:17.448,0.6168,0.6171,1.60,2.00
2008.11.25 21:30:17.628,0.6168,0.61715,1.60,3.80
2008.11.25 21:30:18.508,0.6168,0.6171,1.60,2.00
2008.11.25 21:30:22.467,0.6168,0.61705,1.60,1.80
2008.11.25 21:30:22.917,0.6168,0.6171,1.60,3.80
2008.11.25 21:30:30.645,0.6168,0.6171,1.60,1.80
2008.11.25 21:30:31.165,0.6168,0.61715,1.60,2.00
2008.11.25 21:30:32.964,0.6168,0.617,1.60,1.80
2008.11.25 21:30:34.244,0.6168,0.61705,1.60,3.80
2008.11.25 21:30:34.724,0.6168,0.6171,1.60,3.80
2008.11.25 21:30:36.034,0.6168,0.61685,1.60,1.80
2008.11.25 21:30:36.444,0.6168,0.61685,1.60,3.80
2008.11.25 21:30:37.293,0.6168,0.61685,1.60,2.80
2008.11.25 21:30:40.253,0.6168,0.617,1.60,4.80
2008.11.25 21:30:40.363,0.6168,0.6169,1.60,1.80
2008.11.25 21:30:40.992,0.6168,0.6169,1.60,3.80
2008.11.25 21:30:41.282,0.6168,0.61685,1.60,1.80
2008.11.25 21:30:41.922,0.6168,0.6169,1.60,3.80
2008.11.25 21:30:43.242,0.6168,0.61685,1.60,1.80
2008.11.25 21:30:47.121,0.6165,0.61685,1.60,1.80
2008.11.25 21:30:48.091,0.6168,0.61685,1.60,1.80
2008.11.25 21:30:48.271,0.6165,0.61675,2.40,1.80
2008.11.25 21:30:48.790,0.6168,0.61685,1.60,3.80
2008.11.25 21:30:50.550,0.6165,0.6168,2.40,2.00
2008.11.25 21:30:51.010,0.6168,0.6171,1.60,6.20
2008.11.25 21:30:53.230,0.6168,0.61705,1.60,4.90
2008.11.25 21:30:56.099,0.6161,0.6167,1.00,1.80
2008.11.25 21:30:56.369,0.6161,0.61665,1.00,1.80
2008.11.25 21:30:56.709,0.6161,0.6167,1.00,1.80
2008.11.25 21:30:57.229,0.616,0.6166,1.00,1.80
2008.11.25 21:30:57.459,0.61595,0.61655,1.00,1.80
2008.11.25 21:30:58.448,0.6159,0.61655,5.60,3.80
2008.11.25 21:30:58.838,0.6159,0.6165,1.00,1.80
2008.11.25 21:30:59.138,0.6159,0.6165,4.40,2.00
2008.11.25 21:31:00.128,0.61595,0.61655,1.00,1.80
2008.11.25 21:31:00.248,0.616,0.61655,1.00,1.80
2008.11.25 21:31:00.358,0.616,0.6166,1.00,1.80
2008.11.25 21:31:00.538,0.61605,0.61665,4.40,2.00
2008.11.25 21:31:01.488,0.6161,0.61665,4.40,2.00
2008.11.25 21:31:01.938,0.6161,0.61675,5.60,3.80
2008.11.25 21:31:02.287,0.6161,0.6167,1.00,1.80
2008.11.25 21:31:03.197,0.6161,0.61665,1.00,1.80
2008.11.25 21:31:03.737,0.6161,0.6167,5.60,1.80
2008.11.25 21:31:04.487,0.6161,0.61665,1.00,1.80
2008.11.25 21:31:05.007,0.61605,0.61665,1.00,1.80
2008.11.25 21:31:06.606,0.616,0.61665,5.60,1.80
2008.11.25 21:31:06.836,0.616,0.61665,5.60,3.80
2008.11.25 21:31:10.265,0.61605,0.61665,1.00,3.80
2008.11.25 21:31:11.835,0.616,0.61665,5.60,3.80
2008.11.25 21:31:12.125,0.616,0.61655,4.40,2.00
2008.11.25 21:31:12.405,0.61605,0.61655,1.00,1.80
2008.11.25 21:31:12.635,0.6161,0.6167,4.40,3.80
2008.11.25 21:31:16.274,0.61605,0.61665,4.40,2.00
2008.11.25 21:31:30.550,0.6161,0.6167,1.00,1.80
2008.11.25 21:31:32.870,0.6162,0.6167,1.00,1.80
2008.11.25 21:31:33.050,0.61625,0.61685,4.40,2.00
2008.11.25 21:31:38.269,0.6164,0.617,1.00,1.80
2008.11.25 21:31:38.649,0.61645,0.61705,4.40,2.00
2008.11.25 21:31:39.168,0.61645,0.617,4.40,2.00
2008.11.25 21:31:39.398,0.6164,0.617,4.40,2.00
2008.11.25 21:31:39.738,0.6164,0.617,5.60,2.00
2008.11.25 21:31:39.958,0.61645,0.61705,4.40,2.00
2008.11.25 21:31:41.738,0.6164,0.61695,4.40,2.00
2008.11.25 21:31:42.258,0.61635,0.61695,4.40,2.00
2008.11.25 21:31:47.236,0.6163,0.6169,4.40,3.80
2008.11.25 21:31:48.526,0.6164,0.6169,1.00,1.80
2008.11.25 21:31:48.766,0.61645,0.61705,4.40,2.00
2008.11.25 21:31:50.176,0.61645,0.61705,5.60,2.00
2008.11.25 21:31:50.976,0.61645,0.61705,4.40,2.00
2008.11.25 21:32:04.212,0.6164,0.6166,1.00,1.80
2008.11.25 21:32:04.322,0.6164,0.6165,1.00,1.20
2008.11.25 21:32:04.372,0.61635,0.6165,2.40,1.20
2008.11.25 21:32:04.482,0.616,0.6165,3.20,2.60
2008.11.25 21:32:04.662,0.616,0.6164,3.20,1.80
2008.11.25 21:32:04.962,0.616,0.61635,3.20,3.40
2008.11.25 21:32:05.082,0.616,0.61625,3.20,1.80
2008.11.25 21:32:06.412,0.6161,0.6166,4.40,2.00
2008.11.25 21:32:08.502,0.6161,0.61665,4.40,2.00
2008.11.25 21:32:08.781,0.6162,0.61665,4.40,2.00
2008.11.25 21:32:09.061,0.6162,0.6167,4.40,2.00
2008.11.25 21:32:09.691,0.6162,0.61675,4.40,2.00
2008.11.25 21:32:12.300,0.616,0.61635,3.20,1.80
2008.11.25 21:32:13.690,0.616,0.6163,3.20,1.80
2008.11.25 21:32:13.980,0.616,0.61625,3.20,1.80
2008.11.25 21:32:16.350,0.616,0.6162,3.20,1.80
2008.11.25 21:32:16.700,0.616,0.61615,3.20,1.80
2008.11.25 21:32:17.099,0.616,0.6161,3.20,1.80
2008.11.25 21:32:17.849,0.616,0.61605,3.20,1.80
2008.11.25 21:32:18.309,0.61555,0.6159,1.60,1.80
2008.11.25 21:32:18.601,0.6155,0.6158,4.00,2.00
2008.11.25 21:32:18.779,0.61525,0.61585,4.40,3.80
2008.11.25 21:32:19.589,0.6152,0.6156,1.60,1.80
2008.11.25 21:32:22.418,0.6152,0.61565,1.60,1.80
2008.11.25 21:32:22.898,0.61525,0.6159,5.60,3.80
2008.11.25 21:32:23.008,0.61535,0.6159,1.60,3.80
2008.11.25 21:32:23.288,0.61535,0.61585,1.60,1.80
2008.11.25 21:32:23.528,0.61525,0.61585,2.60,1.80
2008.11.25 21:32:23.758,0.61525,0.61575,2.60,1.80
2008.11.25 21:32:24.098,0.61525,0.61575,1.60,3.80
2008.11.25 21:32:24.337,0.6152,0.61565,1.60,1.80
2008.11.25 21:32:25.707,0.6152,0.6156,1.60,1.80
2008.11.25 21:32:26.617,0.61525,0.6157,1.60,2.00
2008.11.25 21:32:26.907,0.61525,0.61575,1.60,2.00
2008.11.25 21:32:27.717,0.61525,0.6158,1.60,3.80
2008.11.25 21:32:28.296,0.61525,0.6157,1.60,1.80
2008.11.25 21:32:28.876,0.6152,0.61565,1.60,2.00
2008.11.25 21:32:29.046,0.6152,0.61565,1.60,3.80
2008.11.25 21:32:29.447,0.6152,0.6156,1.60,1.80
2008.11.25 21:32:29.726,0.6152,0.61555,1.60,3.40
2008.11.25 21:32:29.896,0.6152,0.61545,1.60,1.80
2008.11.25 21:32:31.146,0.6152,0.61545,1.60,3.80
2008.11.25 21:32:31.546,0.6152,0.6154,1.60,1.80
2008.11.25 21:32:31.666,0.6152,0.61545,1.60,1.80
2008.11.25 21:32:32.196,0.6152,0.6155,1.60,1.80
2008.11.25 21:32:34.665,0.6152,0.61535,1.60,1.80
2008.11.25 21:32:35.005,0.6152,0.6153,1.60,1.80
2008.11.25 21:32:35.305,0.6152,0.6154,1.60,1.80
2008.11.25 21:32:36.694,0.6152,0.61545,1.60,1.80
2008.11.25 21:32:37.265,0.6152,0.61545,2.60,1.80
2008.11.25 21:32:37.775,0.6154,0.6159,1.00,1.80
2008.11.25 21:32:38.584,0.6154,0.61585,1.00,1.80
2008.11.25 21:32:39.144,0.6154,0.6159,1.00,1.80
2008.11.25 21:32:39.354,0.61535,0.61595,1.00,3.20
2008.11.25 21:32:39.694,0.61535,0.6159,1.00,1.80
2008.11.25 21:32:39.874,0.61535,0.61595,1.00,3.20
2008.11.25 21:32:40.393,0.61535,0.6159,1.00,1.80
2008.11.25 21:32:40.564,0.6153,0.6159,5.60,1.80
2008.11.25 21:32:40.904,0.61525,0.61585,5.60,1.40
2008.11.25 21:32:41.083,0.61525,0.6158,1.00,1.80
2008.11.25 21:32:41.363,0.6152,0.61575,2.60,1.80
2008.11.25 21:32:41.483,0.6152,0.6157,2.60,1.80
2008.11.25 21:32:42.193,0.6152,0.6157,1.60,1.80
2008.11.25 21:32:43.803,0.61535,0.6157,1.00,1.80
2008.11.25 21:32:44.023,0.61535,0.61595,1.00,1.80
2008.11.25 21:32:44.743,0.6155,0.616,1.00,3.80
2008.11.25 21:32:50.911,0.6155,0.61595,1.00,1.80
2008.11.25 21:32:51.141,0.6155,0.616,1.00,3.80
2008.11.25 21:32:51.481,0.6155,0.616,1.00,2.00
2008.11.25 21:32:54.960,0.6155,0.616,1.00,3.40
2008.11.25 21:32:55.090,0.61545,0.616,1.00,5.20
2008.11.25 21:32:55.490,0.6154,0.616,5.60,5.20
2008.11.25 21:32:56.180,0.6154,0.61595,1.00,1.80
2008.11.25 21:32:57.390,0.61525,0.6159,8.00,3.80
2008.11.25 21:32:57.690,0.61535,0.61585,1.00,1.80
2008.11.25 21:32:58.039,0.61535,0.6159,1.00,1.80
2008.11.25 21:32:58.499,0.61535,0.616,5.60,7.40
2008.11.25 21:32:58.679,0.61555,0.616,1.00,3.80
2008.11.25 21:32:58.959,0.61555,0.616,1.00,2.00
2008.11.25 21:32:59.469,0.61555,0.616,1.00,3.80
2008.11.25 21:32:59.929,0.61555,0.616,1.00,2.00
2008.11.25 21:33:00.749,0.6154,0.61595,1.00,1.80
2008.11.25 21:33:01.039,0.6155,0.61595,1.00,1.80
2008.11.25 21:33:01.149,0.6155,0.616,1.00,3.80
2008.11.25 21:33:03.708,0.6156,0.616,1.00,3.80
2008.11.25 21:33:03.828,0.61575,0.616,1.00,3.80
2008.11.25 21:33:04.128,0.6158,0.616,1.00,2.00
2008.11.25 21:33:04.408,0.6159,0.6161,1.60,1.20
2008.11.25 21:33:04.638,0.6159,0.61635,1.60,3.00
2008.11.25 21:33:05.228,0.6159,0.6164,1.60,1.60
2008.11.25 21:33:05.287,0.6159,0.61645,1.60,3.80
2008.11.25 21:33:05.448,0.6159,0.61645,2.60,1.80
2008.11.25 21:33:07.097,0.61615,0.61655,1.00,2.60
2008.11.25 21:33:07.277,0.61605,0.6166,1.00,1.80
2008.11.25 21:33:07.507,0.61615,0.6166,1.00,1.80
2008.11.25 21:33:07.687,0.616,0.6166,3.80,1.80
2008.11.25 21:33:08.307,0.6161,0.6166,1.00,1.80
2008.11.25 21:33:09.157,0.6161,0.61665,1.00,1.80
2008.11.25 21:33:09.497,0.6161,0.6166,1.00,1.40
2008.11.25 21:33:09.797,0.6161,0.6166,1.00,3.20
2008.11.25 21:33:10.766,0.6161,0.6166,1.00,1.80
2008.11.25 21:33:11.336,0.616,0.6166,5.60,1.80
2008.11.25 21:33:11.456,0.61595,0.61655,1.00,1.80
2008.11.25 21:33:11.626,0.6159,0.61655,9.60,3.80
2008.11.25 21:33:11.976,0.6159,0.6164,5.60,1.40
2008.11.25 21:33:12.266,0.61585,0.6161,1.00,1.80
2008.11.25 21:33:14.865,0.61585,0.61615,1.00,1.80
2008.11.25 21:33:15.745,0.61585,0.61645,5.60,2.00
2008.11.25 21:33:16.095,0.6159,0.61645,1.00,2.00
2008.11.25 21:33:16.325,0.6159,0.6165,1.00,1.80
2008.11.25 21:33:17.604,0.6159,0.61645,1.00,1.80
2008.11.25 21:33:22.783,0.6159,0.6164,1.00,1.80
2008.11.25 21:33:26.683,0.6159,0.61645,1.00,1.80
2008.11.25 21:33:33.161,0.61595,0.61645,1.00,1.80
2008.11.25 21:33:33.401,0.61595,0.6165,1.00,1.80
2008.11.25 21:33:39.170,0.61595,0.61645,1.00,1.80
2008.11.25 21:33:39.619,0.616,0.6165,1.00,1.80
2008.11.25 21:33:44.938,0.61605,0.6165,1.00,1.80
2008.11.25 21:33:45.268,0.61605,0.6166,1.00,1.80
2008.11.25 21:33:45.718,0.61615,0.6166,1.00,1.80
2008.11.25 21:33:46.238,0.6162,0.6167,1.00,1.80
2008.11.25 21:33:49.917,0.61625,0.6167,1.00,1.80
2008.11.25 21:33:49.977,0.61625,0.61675,1.00,1.80
2008.11.25 21:33:59.155,0.6163,0.61675,1.00,1.80
2008.11.25 21:33:59.265,0.6163,0.6168,1.00,1.80
2008.11.25 21:34:07.832,0.61625,0.6168,1.00,3.20
2008.11.25 21:34:08.292,0.6162,0.6167,1.00,1.80
2008.11.25 21:34:08.912,0.61625,0.61675,1.00,1.80
2008.11.25 21:34:11.821,0.61635,0.61675,1.00,1.80
2008.11.25 21:34:12.172,0.61635,0.61685,1.00,3.40
2008.11.25 21:34:20.029,0.61655,0.61685,1.00,1.80
2008.11.25 21:34:20.149,0.6167,0.61725,4.40,2.00
2008.11.25 21:34:25.838,0.61695,0.61725,5.60,2.00
2008.11.25 21:34:25.958,0.61695,0.6174,5.60,4.80
2008.11.25 21:34:26.119,0.61695,0.61755,5.60,2.00
2008.11.25 21:34:27.848,0.61705,0.6176,1.00,1.80
2008.11.25 21:34:31.137,0.61705,0.61765,1.00,1.80
2008.11.25 21:34:31.437,0.61705,0.6176,1.00,1.80
2008.11.25 21:34:32.017,0.61705,0.61765,1.00,1.80
2008.11.25 21:34:32.407,0.6171,0.61765,1.00,1.80
2008.11.25 21:34:35.756,0.61715,0.61775,4.40,2.00
2008.11.25 21:34:35.816,0.61715,0.61775,5.60,2.00
2008.11.25 21:34:36.096,0.6172,0.61775,1.00,2.00
2008.11.25 21:34:36.466,0.6172,0.61785,5.60,3.80
2008.11.25 21:34:36.806,0.61735,0.6179,1.00,3.40
2008.11.25 21:34:39.175,0.61735,0.61775,1.00,1.80
2008.11.25 21:34:41.644,0.6172,0.61775,1.60,1.80
2008.11.25 21:34:41.705,0.6172,0.6177,1.60,1.40
2008.11.25 21:34:41.935,0.61715,0.6175,1.00,1.80
2008.11.25 21:34:44.294,0.61715,0.61765,1.00,1.80
2008.11.25 21:34:44.994,0.6171,0.61765,1.00,1.80
2008.11.25 21:34:45.103,0.6171,0.61765,1.00,3.20
2008.11.25 21:34:48.773,0.6175,0.61765,1.00,1.80
2008.11.25 21:34:48.953,0.6175,0.6179,5.60,3.20
2008.11.25 21:34:49.062,0.61755,0.6181,1.00,1.80
2008.11.25 21:34:49.742,0.6176,0.61815,1.00,3.20
2008.11.25 21:34:50.152,0.6176,0.61815,3.80,3.20
2008.11.25 21:34:51.302,0.6176,0.61815,3.80,1.40
2008.11.25 21:34:51.472,0.6176,0.61815,3.80,3.20
2008.11.25 21:34:52.572,0.6176,0.6181,3.80,1.80
2008.11.25 21:34:53.082,0.6176,0.61815,3.80,1.40
2008.11.25 21:34:53.551,0.6176,0.6181,3.80,1.80
2008.11.25 21:34:57.990,0.6177,0.6182,3.80,1.80
2008.11.25 21:35:00.590,0.61765,0.6182,3.80,1.80
2008.11.25 21:35:00.870,0.61765,0.61815,3.80,1.80
2008.11.25 21:35:01.040,0.61765,0.61815,1.00,1.80
2008.11.25 21:35:01.280,0.6176,0.6181,3.80,1.80
2008.11.25 21:35:04.099,0.6177,0.61815,2.60,1.80
2008.11.25 21:35:04.679,0.6177,0.61815,2.60,3.20
2008.11.25 21:35:05.079,0.61755,0.61805,3.80,1.80
2008.11.25 21:35:11.757,0.61765,0.6181,1.00,1.60
2008.11.25 21:35:12.157,0.61765,0.61825,5.60,1.80
2008.11.25 21:35:12.437,0.6177,0.6183,3.80,1.80
2008.11.25 21:35:12.827,0.6178,0.61835,2.60,3.80
2008.11.25 21:35:14.376,0.6178,0.61835,4.40,2.00
2008.11.25 21:35:15.236,0.6178,0.6183,4.40,2.00
2008.11.25 21:35:15.466,0.6177,0.61825,4.40,4.80
2008.11.25 21:35:15.576,0.6177,0.61825,5.60,3.40
2008.11.25 21:35:15.816,0.61785,0.6184,1.00,1.80
2008.11.25 21:35:16.146,0.6179,0.6185,4.40,3.80
2008.11.25 21:35:18.965,0.61785,0.61845,4.40,3.80
2008.11.25 21:35:19.315,0.6178,0.6184,3.80,1.80
2008.11.25 21:35:25.424,0.61765,0.6182,5.40,3.20
2008.11.25 21:35:25.714,0.61775,0.6183,1.00,1.80
2008.11.25 21:35:25.934,0.61775,0.61825,1.00,1.80
2008.11.25 21:35:26.104,0.6178,0.61825,3.80,1.80
2008.11.25 21:35:26.384,0.6178,0.61835,3.80,1.80
2008.11.25 21:35:26.733,0.6178,0.6184,3.80,1.80
2008.11.25 21:35:28.333,0.61775,0.6182,3.80,1.80
2008.11.25 21:35:28.803,0.6177,0.61825,3.80,1.80
2008.11.25 21:35:29.383,0.6178,0.61825,2.60,1.80
2008.11.25 21:35:35.362,0.61775,0.61835,3.80,1.80
2008.11.25 21:35:41.200,0.6178,0.61835,3.80,1.80
2008.11.25 21:35:41.310,0.6178,0.6184,3.80,1.80
2008.11.25 21:35:41.540,0.6179,0.6184,2.60,1.80
2008.11.25 21:35:47.109,0.6178,0.6184,3.80,1.80
2008.11.25 21:35:47.288,0.6178,0.61835,3.80,1.80
2008.11.25 21:35:53.837,0.61785,0.61835,1.00,1.80
2008.11.25 21:35:53.947,0.61785,0.61845,3.80,3.80
2008.11.25 21:35:58.636,0.61785,0.61845,6.40,3.80
2008.11.25 21:36:00.005,0.61785,0.61845,10.80,2.00
2008.11.25 21:36:07.904,0.61785,0.61845,6.40,3.80
2008.11.25 21:36:08.193,0.6179,0.6184,2.60,1.80
2008.11.25 21:36:08.763,0.6178,0.6184,3.60,1.80
2008.11.25 21:36:09.043,0.61785,0.6184,1.00,1.80
2008.11.25 21:36:12.163,0.6179,0.6184,1.00,1.80
2008.11.25 21:36:29.488,0.6178,0.61815,2.40,1.80
2008.11.25 21:36:29.668,0.61775,0.61815,1.00,1.80
2008.11.25 21:36:32.108,0.6178,0.61815,3.60,1.80
2008.11.25 21:36:32.218,0.6178,0.6184,3.60,1.80
2008.11.25 21:36:32.558,0.6179,0.6184,1.00,1.80
2008.11.25 21:36:32.737,0.6179,0.61845,1.00,3.00
2008.11.25 21:36:38.076,0.6179,0.61845,1.00,1.80
2008.11.25 21:36:47.974,0.6179,0.6185,1.00,1.80
2008.11.25 21:36:48.494,0.618,0.6185,1.00,1.80
2008.11.25 21:36:49.044,0.61795,0.6185,1.00,1.80
2008.11.25 21:37:06.659,0.618,0.6185,1.00,1.80
2008.11.25 21:37:06.770,0.618,0.61855,1.00,1.80
2008.11.25 21:37:07.009,0.618,0.6186,1.00,1.80
2008.11.25 21:37:07.129,0.61805,0.6186,1.00,1.80
2008.11.25 21:37:09.159,0.61805,0.61855,1.00,1.80
2008.11.25 21:37:10.138,0.61805,0.6186,1.00,3.40
2008.11.25 21:37:24.235,0.61805,0.61855,1.00,1.80
2008.11.25 21:37:24.815,0.61805,0.6186,1.00,1.80
2008.11.25 21:37:30.244,0.61815,0.6186,1.00,1.80
2008.11.25 21:37:30.404,0.61825,0.61885,4.40,5.20
2008.11.25 21:37:30.573,0.61825,0.61885,4.40,3.60
2008.11.25 21:37:30.744,0.61825,0.6188,5.60,1.60
2008.11.25 21:37:31.073,0.61825,0.6188,1.00,1.60
2008.11.25 21:37:32.053,0.6183,0.6188,1.00,1.60
2008.11.25 21:37:32.214,0.6183,0.6188,5.60,1.60
2008.11.25 21:37:33.193,0.6183,0.6188,1.00,1.60
2008.11.25 21:37:38.072,0.61835,0.6188,1.00,1.60
2008.11.25 21:37:38.742,0.61835,0.6189,1.00,1.80
2008.11.25 21:37:41.461,0.61835,0.61885,1.00,1.80
2008.11.25 21:37:41.691,0.6183,0.61885,1.00,1.80
2008.11.25 21:37:42.501,0.6183,0.6189,1.00,1.80
2008.11.25 21:37:43.290,0.61825,0.61885,1.00,1.80
2008.11.25 21:37:43.631,0.61825,0.61885,1.00,3.20
2008.11.25 21:37:43.860,0.61825,0.6188,1.00,1.80
2008.11.25 21:37:44.380,0.6183,0.61885,1.00,4.40
2008.11.25 21:37:44.550,0.6183,0.61885,1.00,1.80
2008.11.25 21:37:44.730,0.6183,0.6189,1.00,1.80
2008.11.25 21:37:44.900,0.6183,0.61885,1.00,1.80
2008.11.25 21:37:49.829,0.61835,0.61885,1.00,1.80
2008.11.25 21:37:50.109,0.61835,0.6189,1.00,1.80
2008.11.25 21:37:50.849,0.61835,0.61895,1.00,3.40
2008.11.25 21:37:52.459,0.61835,0.6189,1.00,1.80
2008.11.25 21:38:08.565,0.61835,0.61885,1.00,3.40
2008.11.25 21:38:09.754,0.61815,0.61875,2.60,4.40
2008.11.25 21:38:10.034,0.61815,0.61875,2.60,6.00
2008.11.25 21:38:10.504,0.61815,0.6187,2.60,1.80
2008.11.25 21:38:10.964,0.61815,0.61875,2.60,6.00
2008.11.25 21:38:11.354,0.61815,0.61865,4.00,1.80
2008.11.25 21:38:11.534,0.61825,0.6187,1.00,1.20
2008.11.25 21:38:11.874,0.6183,0.6189,4.40,2.00
2008.11.25 21:38:12.174,0.6184,0.61895,4.40,2.00
2008.11.25 21:38:12.513,0.61835,0.61895,4.40,2.00
2008.11.25 21:38:12.983,0.6183,0.6188,3.80,1.80
2008.11.25 21:38:13.493,0.6184,0.619,5.60,1.60
2008.11.25 21:38:13.843,0.61835,0.619,5.60,5.40
2008.11.25 21:38:14.073,0.61835,0.61885,1.00,1.80
2008.11.25 21:38:15.263,0.61845,0.6188,1.00,1.80
2008.11.25 21:38:15.723,0.6185,0.619,3.80,1.60
2008.11.25 21:38:17.742,0.61845,0.619,3.80,1.60
2008.11.25 21:38:17.862,0.61845,0.619,3.80,3.00
2008.11.25 21:38:18.092,0.61845,0.61895,1.00,1.80
2008.11.25 21:38:18.322,0.61845,0.619,1.00,3.00
2008.11.25 21:38:18.892,0.61835,0.61885,1.00,1.80
2008.11.25 21:38:19.062,0.6183,0.61885,3.80,1.80
2008.11.25 21:38:20.851,0.61835,0.61885,1.00,1.80
2008.11.25 21:38:21.151,0.6184,0.61895,5.60,1.40
2008.11.25 21:38:21.321,0.6183,0.6188,1.00,1.80
2008.11.25 21:38:21.841,0.61835,0.61885,1.00,1.80
2008.11.25 21:38:29.439,0.61845,0.619,6.40,1.60
2008.11.25 21:38:29.549,0.61845,0.61895,3.80,3.20
2008.11.25 21:38:32.708,0.6185,0.61895,3.80,1.40
2008.11.25 21:38:33.398,0.6185,0.619,3.80,3.40
2008.11.25 21:38:34.098,0.6185,0.61895,3.80,1.40
2008.11.25 21:38:35.518,0.6185,0.619,3.80,3.40
2008.11.25 21:38:38.677,0.6185,0.619,1.00,3.40
2008.11.25 21:38:42.456,0.61845,0.619,2.60,3.40
2008.11.25 21:38:43.816,0.61845,0.6189,2.60,1.80
2008.11.25 21:38:44.216,0.61845,0.61895,2.60,3.40
2008.11.25 21:38:54.823,0.61845,0.6189,2.60,1.80
2008.11.25 21:38:54.993,0.61845,0.61885,2.60,1.80
2008.11.25 21:38:55.103,0.61845,0.6189,2.60,1.80
2008.11.25 21:38:55.853,0.61845,0.6189,1.60,1.80
2008.11.25 21:38:57.423,0.6185,0.6189,1.60,1.80
2008.11.25 21:39:00.242,0.6185,0.61885,1.60,1.60
2008.11.25 21:39:01.232,0.6184,0.61885,1.60,1.60
2008.11.25 21:39:01.472,0.6184,0.61885,1.60,3.40
2008.11.25 21:39:01.822,0.61835,0.61885,1.00,3.40
2008.11.25 21:39:02.042,0.6183,0.61885,1.00,3.40
2008.11.25 21:39:03.441,0.6183,0.6188,1.00,1.80
2008.11.25 21:39:07.330,0.61835,0.6188,1.00,1.80
2008.11.25 21:39:07.500,0.61845,0.6188,1.60,1.80
2008.11.25 21:39:07.790,0.61845,0.61885,1.60,3.40
2008.11.25 21:39:08.030,0.61845,0.6188,1.60,1.80
2008.11.25 21:39:08.320,0.61845,0.61885,6.80,1.60
2008.11.25 21:39:08.560,0.61845,0.6189,6.80,1.80
2008.11.25 21:39:08.790,0.6185,0.619,3.80,5.00
2008.11.25 21:39:09.500,0.61845,0.619,1.60,5.00
2008.11.25 21:39:09.910,0.61845,0.6189,1.60,1.20
2008.11.25 21:39:10.140,0.6184,0.61895,1.00,3.00
2008.11.25 21:39:10.359,0.6184,0.61895,1.00,1.80
2008.11.25 21:39:12.349,0.6184,0.6189,1.00,1.80
2008.11.25 21:39:16.428,0.61835,0.6189,1.00,1.80
2008.11.25 21:39:32.634,0.61835,0.61885,1.00,1.80
2008.11.25 21:39:32.984,0.6183,0.61885,1.00,1.80
2008.11.25 21:39:33.494,0.6183,0.6189,1.00,1.80
2008.11.25 21:39:48.600,0.61835,0.6189,1.00,1.80
2008.11.25 21:39:48.940,0.61845,0.6189,1.00,1.80
2008.11.25 21:39:49.181,0.6185,0.6189,2.40,1.80
2008.11.25 21:39:49.290,0.61845,0.61895,7.20,1.60
2008.11.25 21:39:49.520,0.6185,0.6189,2.60,1.80
2008.11.25 21:39:49.630,0.6184,0.61895,2.60,1.60
2008.11.25 21:39:49.980,0.6184,0.61895,1.00,3.40
2008.11.25 21:39:50.680,0.6184,0.61895,1.00,1.60
2008.11.25 21:39:51.310,0.6184,0.61895,1.00,3.40
2008.11.25 21:39:52.439,0.6184,0.61895,1.00,1.60
2008.11.25 21:39:54.029,0.61845,0.61895,1.00,1.60
2008.11.25 21:40:08.875,0.6184,0.61895,1.00,1.60
2008.11.25 21:40:09.165,0.6184,0.61895,1.00,3.40
2008.11.25 21:40:09.345,0.6184,0.61895,1.00,1.80
2008.11.25 21:40:09.515,0.6184,0.6189,1.00,1.60
2008.11.25 21:40:09.975,0.61835,0.6189,1.00,1.60
2008.11.25 21:40:10.085,0.61835,0.61885,1.00,1.80
2008.11.25 21:40:10.475,0.6184,0.61885,1.00,1.80
2008.11.25 21:40:10.775,0.6184,0.6189,1.00,1.60
2008.11.25 21:40:11.285,0.6184,0.6189,1.00,3.40
2008.11.25 21:40:11.795,0.6184,0.61885,1.00,1.80
2008.11.25 21:40:13.324,0.61835,0.61885,1.00,1.80
2008.11.25 21:40:14.384,0.6184,0.61885,1.00,1.80
2008.11.25 21:40:14.674,0.6184,0.6189,1.00,1.80
2008.11.25 21:40:58.433,0.6184,0.61895,1.00,3.40
2008.11.25 21:41:00.453,0.61835,0.6189,5.60,1.40
2008.11.25 21:41:00.693,0.61835,0.6189,1.00,3.20
2008.11.25 21:41:00.923,0.61835,0.6189,1.00,1.80
2008.11.25 21:41:02.302,0.61835,0.61885,1.00,1.80
2008.11.25 21:41:08.381,0.61825,0.6188,5.60,1.40
2008.11.25 21:41:08.771,0.61835,0.61885,1.00,1.80
2008.11.25 21:41:13.860,0.6183,0.61885,1.00,1.80
2008.11.25 21:41:14.270,0.6183,0.6188,1.00,1.80
2008.11.25 21:41:21.718,0.61835,0.6188,1.00,1.80
2008.11.25 21:41:21.828,0.6183,0.61885,1.00,1.80
2008.11.25 21:41:22.168,0.6183,0.6188,1.00,1.80
2008.11.25 21:41:29.526,0.61835,0.6188,1.00,1.80
2008.11.25 21:41:30.026,0.61835,0.61885,1.00,3.00
2008.11.25 21:41:30.196,0.61835,0.61885,1.00,1.80
2008.11.25 21:41:37.474,0.6184,0.61885,1.00,1.80
2008.11.25 21:41:37.934,0.6184,0.6189,1.00,1.60
2008.11.25 21:41:42.433,0.61835,0.6189,1.00,1.60
2008.11.25 21:41:42.553,0.61835,0.6189,1.00,3.40
2008.11.25 21:41:55.410,0.6184,0.6189,1.80,3.40
2008.11.25 21:41:55.460,0.6184,0.6189,1.80,1.60
2008.11.25 21:41:55.870,0.6184,0.6189,3.80,1.60
2008.11.25 21:42:00.688,0.6184,0.61895,3.80,1.80
2008.11.25 21:42:01.498,0.6185,0.61895,3.80,1.80
2008.11.25 21:42:01.618,0.6185,0.619,3.80,1.60
2008.11.25 21:42:04.978,0.61845,0.619,3.80,1.60
2008.11.25 21:42:05.088,0.61845,0.61895,3.80,1.80
2008.11.25 21:42:05.667,0.61845,0.61895,1.00,1.80
2008.11.25 21:42:10.096,0.6185,0.61895,3.80,1.80
2008.11.25 21:42:10.556,0.6185,0.619,3.80,1.60
2008.11.25 21:42:14.825,0.61845,0.619,6.40,1.60
2008.11.25 21:42:15.215,0.61845,0.61895,3.80,1.80
2008.11.25 21:42:15.615,0.61845,0.61895,1.00,1.80
2008.11.25 21:42:27.592,0.61845,0.619,1.00,3.40
2008.11.25 21:42:30.231,0.61845,0.619,3.60,3.40
2008.11.25 21:42:30.341,0.61855,0.619,1.00,3.40
2008.11.25 21:42:30.451,0.61855,0.619,1.00,1.60
2008.11.25 21:42:34.370,0.61845,0.619,10.80,1.60
2008.11.25 21:42:34.660,0.61845,0.619,3.80,3.40
2008.11.25 21:42:35.250,0.61845,0.619,1.00,5.00
2008.11.25 21:42:39.139,0.6185,0.619,3.80,3.20
2008.11.25 21:42:39.419,0.6185,0.619,3.80,1.60
2008.11.25 21:43:04.043,0.6186,0.619,1.00,1.60
2008.11.25 21:43:08.522,0.6185,0.619,3.80,3.40
2008.11.25 21:43:08.742,0.6185,0.619,1.00,3.40
2008.11.25 21:43:09.192,0.61855,0.619,1.00,1.60
2008.11.25 21:43:11.491,0.6185,0.619,3.60,1.60
2008.11.25 21:43:11.551,0.6185,0.619,3.80,3.40
2008.11.25 21:43:11.901,0.6185,0.619,3.80,5.00
2008.11.25 21:43:12.071,0.6185,0.619,1.00,5.00
2008.11.25 21:43:12.241,0.61845,0.619,2.60,5.00
2008.11.25 21:43:14.540,0.6185,0.619,1.00,5.00
2008.11.25 21:43:14.951,0.6185,0.619,1.00,3.40
2008.11.25 21:43:32.256,0.6185,0.619,3.60,3.40
2008.11.25 21:43:32.376,0.61855,0.619,1.00,1.60
2008.11.25 21:43:33.756,0.61855,0.619,3.60,1.60
2008.11.25 21:43:36.215,0.61855,0.619,2.40,1.60
2008.11.25 21:43:36.505,0.6185,0.61895,1.60,1.80
2008.11.25 21:43:36.625,0.6185,0.6189,1.60,1.60
2008.11.25 21:43:38.145,0.6185,0.619,5.20,1.60
2008.11.25 21:43:44.004,0.61855,0.619,1.00,1.60
2008.11.25 21:43:55.820,0.6187,0.619,2.40,1.60
2008.11.25 21:43:56.220,0.61865,0.619,7.20,1.60
2008.11.25 21:43:56.330,0.6187,0.619,2.60,1.60
2008.11.25 21:43:56.501,0.6185,0.619,3.80,1.60
2008.11.25 21:43:56.680,0.6185,0.619,3.80,3.40
2008.11.25 21:43:57.141,0.6185,0.619,1.00,3.40
2008.11.25 21:43:57.720,0.61855,0.619,1.00,3.40
2008.11.25 21:43:57.950,0.61855,0.619,1.00,1.60
2008.11.25 21:43:58.600,0.61865,0.619,1.60,1.60
2008.11.25 21:44:02.429,0.6185,0.619,8.00,1.60
2008.11.25 21:44:02.779,0.6185,0.619,3.60,1.60
2008.11.25 21:44:03.979,0.61855,0.619,1.00,1.60
2008.11.25 21:44:06.958,0.61855,0.619,2.60,1.60
2008.11.25 21:44:42.719,0.6186,0.619,1.00,1.60
2008.11.25 21:44:43.069,0.6186,0.619,2.60,1.60
2008.11.25 21:44:45.259,0.61865,0.619,1.00,1.60
2008.11.25 21:44:46.169,0.6186,0.619,2.60,1.60
2008.11.25 21:44:46.439,0.6186,0.619,1.00,1.60
2008.11.25 21:45:01.705,0.61855,0.619,5.60,1.60
2008.11.25 21:45:02.044,0.61855,0.619,1.00,1.60
2008.11.25 21:45:03.704,0.6186,0.619,1.00,1.60
2008.11.25 21:45:05.084,0.61855,0.619,5.60,1.60
2008.11.25 21:45:05.644,0.61855,0.619,1.00,1.60
2008.11.25 21:45:06.394,0.6185,0.619,1.00,1.60
2008.11.25 21:45:06.923,0.6185,0.619,5.60,1.60
2008.11.25 21:45:07.563,0.61855,0.619,1.00,1.60
2008.11.25 21:45:08.033,0.6185,0.619,2.60,5.00
2008.11.25 21:45:08.383,0.61855,0.619,1.00,3.20
2008.11.25 21:45:09.963,0.6186,0.619,4.40,3.20
2008.11.25 21:45:10.203,0.6185,0.619,6.00,3.20
2008.11.25 21:45:10.373,0.6185,0.619,1.60,7.00
2008.11.25 21:45:10.602,0.6184,0.61885,1.60,1.60
2008.11.25 21:45:10.892,0.61845,0.619,1.00,5.00
2008.11.25 21:45:11.113,0.61845,0.619,1.00,3.20
2008.11.25 21:45:13.362,0.6185,0.619,3.60,3.20
2008.11.25 21:45:13.762,0.61855,0.619,4.40,1.60
2008.11.25 21:45:14.791,0.61855,0.619,5.60,1.60
2008.11.25 21:45:15.721,0.6187,0.619,4.40,1.60
2008.11.25 21:45:16.002,0.61875,0.619,4.40,1.60
2008.11.25 21:45:17.381,0.6188,0.619,4.40,1.60
2008.11.25 21:45:18.591,0.61875,0.619,4.40,1.60
2008.11.25 21:45:20.780,0.61865,0.619,6.00,1.60
2008.11.25 21:45:20.960,0.61865,0.619,7.20,1.60
2008.11.25 21:45:21.340,0.6187,0.619,2.40,1.60
2008.11.25 21:45:21.630,0.6187,0.619,3.60,1.60
2008.11.25 21:45:24.409,0.6187,0.619,1.00,1.60
2008.11.25 21:45:28.308,0.61875,0.619,10.00,1.60
2008.11.25 21:45:29.348,0.61875,0.619,5.40,1.60
2008.11.25 21:45:29.638,0.61875,0.619,2.60,1.60
2008.11.25 21:45:33.547,0.61885,0.619,1.00,1.60
2008.11.25 21:45:33.777,0.61895,0.6194,1.60,1.60
2008.11.25 21:45:39.406,0.61895,0.6194,2.60,1.60
2008.11.25 21:45:39.566,0.61905,0.6194,1.00,1.60
2008.11.25 21:45:39.856,0.6191,0.6194,1.60,1.60
2008.11.25 21:45:40.035,0.619,0.6194,3.80,1.60
2008.11.25 21:45:41.165,0.61895,0.6194,7.20,1.60
2008.11.25 21:45:41.275,0.61895,0.6194,1.00,1.60
2008.11.25 21:45:41.565,0.6189,0.6194,3.80,1.60
2008.11.25 21:45:46.114,0.6189,0.6194,2.60,1.60
2008.11.25 21:45:46.294,0.6189,0.6194,2.60,3.40
2008.11.25 21:45:51.123,0.61885,0.6194,3.80,3.40
2008.11.25 21:45:51.293,0.6189,0.6194,4.00,1.60
2008.11.25 21:45:51.513,0.6189,0.6194,2.40,1.60
2008.11.25 21:45:51.862,0.619,0.6194,2.60,1.60
2008.11.25 21:45:52.992,0.61895,0.6194,1.60,1.60
2008.11.25 21:46:00.101,0.61895,0.6193,1.60,1.60
2008.11.25 21:46:02.890,0.61895,0.6193,4.20,1.60
2008.11.25 21:46:03.060,0.61905,0.6193,2.40,1.60
2008.11.25 21:46:03.470,0.61895,0.6193,4.20,1.60
2008.11.25 21:46:03.930,0.61895,0.6193,1.60,1.60
2008.11.25 21:46:26.954,0.61895,0.61945,1.60,3.40
2008.11.25 21:46:31.543,0.61895,0.61945,1.60,1.60
2008.11.25 21:46:34.682,0.61895,0.6194,1.60,1.60
2008.11.25 21:46:41.351,0.61895,0.6194,1.60,3.60
2008.11.25 21:46:41.641,0.6188,0.61935,5.60,2.60
2008.11.25 21:46:41.810,0.61875,0.61935,1.00,6.60
2008.11.25 21:46:47.429,0.6187,0.61925,7.60,2.00
2008.11.25 21:46:47.600,0.6187,0.6192,6.00,2.60
2008.11.25 21:46:47.769,0.6187,0.61905,1.60,1.80
2008.11.25 21:46:48.669,0.6187,0.6191,1.60,3.20
2008.11.25 21:46:48.949,0.6187,0.6191,1.60,1.80
2008.11.25 21:46:49.309,0.6187,0.6192,1.60,5.40
2008.11.25 21:46:49.469,0.6187,0.6192,1.60,3.80
2008.11.25 21:46:59.556,0.6187,0.6192,1.60,3.80
2008.11.25 21:46:59.846,0.6187,0.61895,1.60,1.80
2008.11.25 21:47:00.087,0.6187,0.619,1.60,1.80
2008.11.25 21:47:00.486,0.6187,0.6192,1.60,1.80
2008.11.25 21:47:02.626,0.6187,0.6193,1.60,3.80
2008.11.25 21:47:02.685,0.6187,0.6192,1.60,1.80
2008.11.25 21:47:03.085,0.6187,0.61915,1.60,1.80
2008.11.25 21:47:07.874,0.6187,0.61925,1.60,3.80
2008.11.25 21:47:08.224,0.6187,0.61915,1.60,1.80
2008.11.25 21:47:09.794,0.6187,0.61925,1.60,3.80
2008.11.25 21:47:12.153,0.6187,0.61925,1.60,1.80
2008.11.25 21:48:12.419,0.6187,0.6193,1.60,3.40
2008.11.25 21:48:20.897,0.6187,0.6193,1.60,5.00
2008.11.25 21:48:35.203,0.6187,0.61925,1.60,1.80
2008.11.25 21:48:38.172,0.6187,0.61925,2.60,1.80
2008.11.25 21:48:38.292,0.6187,0.6193,2.60,5.40
2008.11.25 21:48:38.723,0.6187,0.61925,2.60,1.80
2008.11.25 21:48:42.722,0.6187,0.61915,1.60,1.80
2008.11.25 21:48:42.891,0.6187,0.61915,1.60,3.20
2008.11.25 21:48:43.241,0.6187,0.61915,1.60,4.40
2008.11.25 21:48:45.731,0.6187,0.61915,1.60,1.80
2008.11.25 21:48:45.971,0.6187,0.61925,1.60,1.80
2008.11.25 21:48:55.228,0.6187,0.61925,2.60,1.80
2008.11.25 21:48:55.408,0.6187,0.6193,2.60,1.80
2008.11.25 21:48:55.638,0.6187,0.6192,2.60,1.80
2008.11.25 21:48:57.188,0.6187,0.61925,2.60,1.80
2008.11.25 21:49:01.247,0.6187,0.61915,2.60,1.80
2008.11.25 21:49:01.767,0.6187,0.61925,1.60,1.80
2008.11.25 21:49:03.517,0.6187,0.6192,1.60,1.80
2008.11.25 21:49:04.686,0.6187,0.61925,1.60,1.80
2008.11.25 21:49:06.945,0.6187,0.6192,1.60,1.80
2008.11.25 21:49:18.963,0.6187,0.61925,1.60,1.80
2008.11.25 21:49:26.571,0.6187,0.61925,1.60,3.20
2008.11.25 21:49:26.911,0.6187,0.6192,1.60,1.80
2008.11.25 21:49:38.168,0.6187,0.61925,1.60,5.40
2008.11.25 21:49:55.204,0.6187,0.61925,1.60,3.20
2008.11.25 21:49:56.644,0.6187,0.61925,1.60,1.80
2008.11.25 21:50:06.972,0.6187,0.61925,2.60,1.80
2008.11.25 21:50:07.091,0.6187,0.6193,2.60,3.40
2008.11.25 21:50:19.668,0.6187,0.61925,1.60,3.40
2008.11.25 21:50:19.898,0.6187,0.61925,1.60,1.60
2008.11.25 21:50:57.299,0.6187,0.6192,1.60,3.40
2008.11.25 21:51:06.027,0.6187,0.6191,1.60,1.40
2008.11.25 21:51:21.583,0.6187,0.61905,1.60,1.40
2008.11.25 21:51:42.188,0.6187,0.6191,2.60,1.40
2008.11.25 21:52:11.521,0.6187,0.61915,2.60,1.40
2008.11.25 21:52:13.971,0.6187,0.61915,1.60,1.40
2008.11.25 21:52:14.141,0.6187,0.6191,1.60,1.40
2008.11.25 21:52:23.778,0.6187,0.61925,1.60,1.80
2008.11.25 21:52:26.038,0.6187,0.6193,1.60,5.40
2008.11.25 21:52:26.158,0.6187,0.6193,3.20,5.40
2008.11.25 21:52:27.877,0.6187,0.6193,4.20,3.40
2008.11.25 21:53:03.249,0.6188,0.6193,1.00,3.40
2008.11.25 21:53:03.309,0.6188,0.6193,3.80,1.60
2008.11.25 21:53:03.420,0.6188,0.6193,3.80,1.40
2008.11.25 21:53:09.257,0.6188,0.6193,5.60,1.40
2008.11.25 21:53:14.146,0.6188,0.6193,4.40,1.40
2008.11.25 21:53:14.486,0.61875,0.6193,8.40,1.40
2008.11.25 21:53:15.966,0.61875,0.6192,8.40,1.40
2008.11.25 21:53:16.076,0.61875,0.6192,3.80,1.40
2008.11.25 21:53:28.163,0.61885,0.6192,1.00,1.40
2008.11.25 21:53:28.223,0.61885,0.6193,3.80,1.40
2008.11.25 21:53:28.753,0.6189,0.6193,3.80,1.40
2008.11.25 21:53:34.561,0.61895,0.61935,1.00,1.40
2008.11.25 21:53:37.700,0.61895,0.6193,1.00,1.40
2008.11.25 21:53:41.740,0.61895,0.61935,1.00,1.40
2008.11.25 21:53:48.218,0.61895,0.6195,1.00,3.40
2008.11.25 21:53:54.007,0.61895,0.6195,5.60,1.60
2008.11.25 21:53:54.357,0.61895,0.6195,1.00,1.60
2008.11.25 21:53:54.647,0.61905,0.6195,2.40,1.60
2008.11.25 21:53:56.356,0.619,0.61945,1.00,1.40
2008.11.25 21:54:01.185,0.61905,0.6195,3.80,1.60
2008.11.25 21:54:01.415,0.6191,0.6196,3.80,4.80
2008.11.25 21:54:01.645,0.6191,0.6196,3.80,1.40
2008.11.25 21:54:21.370,0.6191,0.6196,3.80,3.00
2008.11.25 21:54:21.650,0.61905,0.6196,8.40,3.00
2008.11.25 21:54:22.510,0.61905,0.61955,8.40,1.40
2008.11.25 21:54:22.630,0.61905,0.61955,7.20,1.40
2008.11.25 21:54:22.990,0.6191,0.6195,2.60,1.40
2008.11.25 21:54:23.230,0.61895,0.6195,1.00,1.40
2008.11.25 21:54:23.390,0.61895,0.61945,1.00,1.80
2008.11.25 21:54:25.989,0.6189,0.61945,1.00,1.80
2008.11.25 21:54:26.209,0.6189,0.6194,1.00,1.80
2008.11.25 21:54:26.610,0.61885,0.6194,1.00,3.20
2008.11.25 21:54:28.389,0.61885,0.6194,1.00,1.80
2008.11.25 21:54:28.738,0.6189,0.61955,5.60,5.40
2008.11.25 21:54:29.148,0.61895,0.61955,1.00,3.40
2008.11.25 21:54:29.418,0.6189,0.61955,5.60,5.40
2008.11.25 21:54:38.456,0.6189,0.61955,4.40,5.40
2008.11.25 21:54:38.626,0.6189,0.6195,4.40,2.00
2008.11.25 21:54:38.856,0.6189,0.6195,4.40,3.80
2008.11.25 21:54:41.035,0.6189,0.61955,5.60,5.40
2008.11.25 21:54:42.185,0.61895,0.61955,4.40,3.60
2008.11.25 21:54:45.044,0.6189,0.61955,5.60,5.40
2008.11.25 21:54:45.684,0.6189,0.61955,5.60,3.80
2008.11.25 21:54:50.523,0.6189,0.6194,5.60,1.40
2008.11.25 21:54:58.371,0.6189,0.61955,5.60,3.80
2008.11.25 21:55:00.421,0.61885,0.61945,3.80,1.80
2008.11.25 21:55:13.898,0.6189,0.6194,2.60,2.00
2008.11.25 21:55:14.067,0.6188,0.6194,4.40,2.00
2008.11.25 21:55:14.227,0.61875,0.61935,5.60,1.80
2008.11.25 21:55:15.617,0.6187,0.61935,5.60,3.80
2008.11.25 21:55:15.887,0.6187,0.61925,1.00,1.80
2008.11.25 21:55:18.526,0.6187,0.61935,5.60,3.80
2008.11.25 21:55:18.816,0.61875,0.61935,1.00,1.80
2008.11.25 21:55:21.836,0.61875,0.61935,5.60,1.80
2008.11.25 21:55:22.175,0.61875,0.61935,1.00,1.80
2008.11.25 21:55:24.235,0.61885,0.6194,4.40,2.00
2008.11.25 21:55:26.484,0.6188,0.61935,4.40,1.80
2008.11.25 21:55:28.314,0.6188,0.61935,4.40,3.80
2008.11.25 21:55:28.424,0.6188,0.61935,4.40,2.00
2008.11.25 21:55:28.604,0.6188,0.61925,4.40,2.00
2008.11.25 21:55:28.784,0.6186,0.6192,4.40,3.80
2008.11.25 21:55:29.124,0.61855,0.61915,3.80,1.80
2008.11.25 21:55:30.963,0.6186,0.61905,2.60,2.00
2008.11.25 21:55:31.143,0.6185,0.61905,4.40,2.00
2008.11.25 21:55:31.263,0.61845,0.6187,1.00,1.80
2008.11.25 21:55:31.723,0.6184,0.6185,1.00,1.80
2008.11.25 21:55:33.583,0.61835,0.6185,1.00,1.80
2008.11.25 21:55:48.199,0.61835,0.61845,1.00,1.80
2008.11.25 21:56:05.585,0.6184,0.6186,1.00,1.80
2008.11.25 21:56:09.944,0.6183,0.6186,1.00,1.80
2008.11.25 21:56:10.294,0.6183,0.61845,1.00,1.80
2008.11.25 21:56:15.243,0.6183,0.6185,1.00,1.80
2008.11.25 21:56:24.051,0.6182,0.61885,2.60,2.00
2008.11.25 21:56:37.357,0.6182,0.6184,2.60,1.80
2008.11.25 21:56:37.538,0.6182,0.61835,2.60,1.80
2008.11.25 21:56:37.987,0.6182,0.61845,2.60,1.80
2008.11.25 21:56:38.737,0.6182,0.6187,2.60,1.80
2008.11.25 21:56:41.426,0.6182,0.61875,2.60,1.80
2008.11.25 21:56:42.236,0.6182,0.6188,2.60,1.80
2008.11.25 21:56:42.696,0.6182,0.6188,1.60,3.80
2008.11.25 21:56:43.106,0.6182,0.61875,1.60,1.80
2008.11.25 21:57:04.661,0.6182,0.6187,1.60,1.80
2008.11.25 21:57:12.329,0.6182,0.61865,1.60,1.80
2008.11.25 21:57:19.658,0.6182,0.61875,1.60,3.80
2008.11.25 21:57:19.837,0.6182,0.6187,1.60,1.80
2008.11.25 21:57:35.054,0.6182,0.61875,1.60,2.00
2008.11.25 21:57:37.993,0.61825,0.6189,5.60,3.80
2008.11.25 21:57:45.691,0.6185,0.6191,7.00,2.00
2008.11.25 21:57:48.450,0.6185,0.6191,7.00,6.80
2008.11.25 21:57:48.750,0.6185,0.6189,4.40,2.00
2008.11.25 21:57:48.871,0.6183,0.6189,1.00,3.80
2008.11.25 21:57:56.758,0.6183,0.6188,1.00,1.80
2008.11.25 21:57:56.978,0.6183,0.61885,1.00,1.80
2008.11.25 21:58:01.037,0.61825,0.61885,4.40,1.80
2008.11.25 21:58:35.309,0.61835,0.61895,2.40,1.80
2008.11.25 21:58:35.599,0.6184,0.61905,4.40,1.80
2008.11.25 21:58:39.178,0.6183,0.61895,4.40,1.80
2008.11.25 21:58:44.217,0.6183,0.6189,4.40,1.40
2008.11.25 21:58:44.457,0.6181,0.61875,7.00,1.80
2008.11.25 21:58:47.196,0.6181,0.61875,4.40,3.20
2008.11.25 21:58:47.306,0.61805,0.61865,2.40,1.80
2008.11.25 21:58:59.923,0.6181,0.61875,8.60,1.80
2008.11.25 21:59:00.334,0.61855,0.61895,2.40,2.80
2008.11.25 21:59:00.553,0.61855,0.6191,9.80,1.60
2008.11.25 21:59:02.313,0.61855,0.6191,7.00,1.60
2008.11.25 21:59:04.132,0.6185,0.6191,7.00,1.60
2008.11.25 21:59:04.472,0.6185,0.6191,4.40,1.60
2008.11.25 21:59:04.702,0.61845,0.61905,2.40,1.80
2008.11.25 21:59:06.282,0.6184,0.61885,4.40,1.40
2008.11.25 21:59:06.582,0.6181,0.61875,7.00,1.80
2008.11.25 21:59:08.591,0.6181,0.61875,4.40,3.20
2008.11.25 21:59:08.651,0.61805,0.61865,2.40,1.80
2008.11.25 21:59:11.920,0.6181,0.61865,2.40,1.80
2008.11.25 21:59:12.160,0.6181,0.61875,7.00,1.80
2008.11.25 21:59:13.100,0.61815,0.61875,2.40,1.80
2008.11.25 21:59:13.330,0.61815,0.61875,7.00,1.80
2008.11.25 21:59:15.030,0.61815,0.61875,4.40,1.80
2008.11.25 21:59:15.269,0.6181,0.61875,7.00,1.80
2008.11.25 21:59:15.839,0.618,0.6186,4.00,1.80
2008.11.25 21:59:33.235,0.61795,0.6186,7.00,1.80
2008.11.25 21:59:39.884,0.61795,0.6186,4.40,1.80
2008.11.25 21:59:43.833,0.6179,0.61855,4.40,1.80
2008.11.25 21:59:45.882,0.61785,0.61845,4.40,1.80
2008.11.25 21:59:57.379,0.6179,0.61855,4.40,1.80
2008.11.25 21:59:58.639,0.6179,0.61855,4.40,3.20
2008.11.25 21:59:58.819,0.61785,0.61845,2.40,1.80
