2016.04.12 04:00:00.277,0.82498,0.82511,1.00,2.36
2016.04.12 04:00:01.132,0.82498,0.8251,1.00,1.90
2016.04.12 04:00:01.488,0.825,0.82509,1.00,2.25
2016.04.12 04:00:02.157,0.82499,0.82509,1.00,2.25
2016.04.12 04:00:03.100,0.82499,0.82507,1.00,1.00
2016.04.12 04:00:03.152,0.82497,0.82507,1.25,1.00
2016.04.12 04:00:03.405,0.82497,0.82506,1.00,1.50
2016.04.12 04:00:03.485,0.8249,0.82504,1.56,1.12
2016.04.12 04:00:03.944,0.8249,0.82501,1.25,1.00
2016.04.12 04:00:04.250,0.82487,0.82498,1.19,1.12
2016.04.12 04:00:04.301,0.82486,0.82498,1.00,1.12
2016.04.12 04:00:04.810,0.82483,0.82497,1.69,1.00
2016.04.12 04:00:06.732,0.82487,0.82497,1.00,1.00
2016.04.12 04:00:06.834,0.82489,0.82504,1.69,1.75
2016.04.12 04:00:06.886,0.82489,0.82504,2.06,1.37
2016.04.12 04:00:07.038,0.82489,0.82505,2.44,1.37
2016.04.12 04:00:07.545,0.82491,0.82505,1.50,1.00
2016.04.12 04:00:08.055,0.8249,0.82505,1.50,1.12
2016.04.12 04:00:08.565,0.82489,0.82504,1.75,1.00
2016.04.12 04:00:09.910,0.82491,0.82504,1.31,1.00
2016.04.12 04:00:10.438,0.82492,0.82506,2.44,1.00
2016.04.12 04:00:10.779,0.82494,0.82506,1.19,1.75
2016.04.12 04:00:10.932,0.82494,0.82507,1.31,1.00
2016.04.12 04:00:11.439,0.82494,0.82508,1.31,1.00
2016.04.12 04:00:11.946,0.82494,0.82509,2.06,1.87
2016.04.12 04:00:14.519,0.82496,0.82509,1.19,1.87
2016.04.12 04:00:15.027,0.82497,0.8251,1.62,1.00
2016.04.12 04:00:17.787,0.82502,0.82512,1.00,1.50
2016.04.12 04:00:17.940,0.82503,0.82514,2.06,1.00
2016.04.12 04:00:18.092,0.82503,0.82518,2.44,1.00
2016.04.12 04:00:18.277,0.82507,0.82518,1.19,1.00
2016.04.12 04:00:19.359,0.82509,0.82518,1.19,1.00
2016.04.12 04:00:19.715,0.82507,0.82518,1.19,1.00
2016.04.12 04:00:22.906,0.8251,0.82519,1.25,1.87
2016.04.12 04:00:23.009,0.82507,0.82519,1.19,1.87
2016.04.12 04:00:23.519,0.82508,0.82518,1.19,1.37
2016.04.12 04:00:26.135,0.82508,0.82519,1.19,1.12
2016.04.12 04:00:27.386,0.82511,0.8252,1.19,2.62
2016.04.12 04:00:27.540,0.82511,0.82523,1.19,1.00
2016.04.12 04:00:27.744,0.82508,0.82522,1.31,1.12
2016.04.12 04:00:28.275,0.82507,0.82522,2.44,1.87
2016.04.12 04:00:28.965,0.82508,0.82522,2.06,1.12
2016.04.12 04:00:29.017,0.82512,0.82522,1.00,1.12
2016.04.12 04:00:29.271,0.82517,0.8253,1.25,1.50
2016.04.12 04:00:29.373,0.82516,0.82532,2.44,1.87
2016.04.12 04:00:29.907,0.82517,0.8253,1.19,1.50
2016.04.12 04:00:31.867,0.82517,0.8253,1.19,1.87
2016.04.12 04:00:33.045,0.82517,0.8253,1.19,1.50
2016.04.12 04:00:34.927,0.82517,0.8253,1.19,1.37
2016.04.12 04:00:34.979,0.82514,0.82528,1.12,2.62
2016.04.12 04:00:35.030,0.82513,0.82528,1.62,4.87
2016.04.12 04:00:35.337,0.8251,0.82519,1.19,1.50
2016.04.12 04:00:35.541,0.82508,0.82521,1.19,1.50
2016.04.12 04:00:36.051,0.82507,0.8252,1.19,1.12
2016.04.12 04:00:38.105,0.82507,0.82521,1.19,1.75
2016.04.12 04:00:38.634,0.82507,0.82522,1.56,1.50
2016.04.12 04:00:39.142,0.82507,0.82522,1.76,2.25
2016.04.12 04:00:39.662,0.82507,0.82521,1.46,1.50
2016.04.12 04:00:50.276,0.8251,0.82523,1.19,2.25
2016.04.12 04:00:50.328,0.8251,0.82524,1.69,1.75
2016.04.12 04:00:50.380,0.82512,0.82525,1.19,1.50
2016.04.12 04:00:50.483,0.82513,0.82527,1.25,1.00
2016.04.12 04:00:50.636,0.82515,0.82528,1.19,1.87
2016.04.12 04:00:50.688,0.82515,0.82529,1.19,1.50
2016.04.12 04:00:51.183,0.82517,0.8253,1.19,3.00
2016.04.12 04:00:51.491,0.82515,0.82527,1.19,1.50
2016.04.12 04:00:53.532,0.82515,0.82529,1.31,2.62
2016.04.12 04:00:53.634,0.82514,0.82528,1.25,1.50
2016.04.12 04:00:54.205,0.82513,0.82525,1.19,1.50
2016.04.12 04:00:56.187,0.82513,0.82527,1.31,1.50
2016.04.12 04:00:57.640,0.82516,0.82528,1.19,1.87
2016.04.12 04:00:58.149,0.82516,0.82528,1.19,1.12
2016.04.12 04:00:58.525,0.82519,0.82528,1.19,1.00
2016.04.12 04:01:01.496,0.82524,0.82532,1.19,2.25
2016.04.12 04:01:01.547,0.82524,0.82534,1.19,1.75
2016.04.12 04:01:01.751,0.82524,0.82536,1.19,1.50
2016.04.12 04:01:02.012,0.82524,0.82535,1.19,1.75
2016.04.12 04:01:05.159,0.82519,0.82533,2.40,1.31
2016.04.12 04:01:07.456,0.82518,0.82533,1.87,1.69
2016.04.12 04:01:07.963,0.82518,0.82531,2.32,1.00
2016.04.12 04:01:11.019,0.82518,0.82531,2.02,1.00
2016.04.12 04:01:11.071,0.82522,0.82533,1.69,2.25
2016.04.12 04:01:11.173,0.82526,0.82536,1.00,1.50
2016.04.12 04:01:11.224,0.82532,0.82536,1.00,1.00
2016.04.12 04:01:11.275,0.82532,0.82537,1.00,1.12
2016.04.12 04:01:11.349,0.82526,0.8254,1.10,1.75
2016.04.12 04:01:11.401,0.82526,0.8254,3.75,1.00
2016.04.12 04:01:11.504,0.82526,0.8254,1.50,1.12
2016.04.12 04:01:13.935,0.82526,0.82538,2.62,1.25
2016.04.12 04:01:14.241,0.82525,0.82534,1.00,1.19
2016.04.12 04:01:14.293,0.82523,0.82534,1.00,1.19
2016.04.12 04:01:14.816,0.82522,0.82534,3.00,1.00
2016.04.12 04:01:14.868,0.82522,0.82534,4.95,1.00
2016.04.12 04:01:14.919,0.82526,0.82537,1.00,1.12
2016.04.12 04:01:15.022,0.82525,0.82539,1.75,1.25
2016.04.12 04:01:18.056,0.82526,0.82541,1.50,2.81
2016.04.12 04:01:21.315,0.82528,0.82543,2.62,1.69
2016.04.12 04:01:21.367,0.82529,0.82543,1.37,1.31
2016.04.12 04:01:21.469,0.82529,0.82543,1.00,1.31
2016.04.12 04:01:21.875,0.82531,0.82545,1.87,1.69
2016.04.12 04:01:22.180,0.8254,0.82551,1.00,1.19
2016.04.12 04:01:23.319,0.8254,0.82551,1.37,1.19
2016.04.12 04:01:23.823,0.8254,0.82551,1.12,1.19
2016.04.12 04:01:23.988,0.8254,0.82554,2.06,1.69
2016.04.12 04:01:24.444,0.82542,0.82554,1.00,1.69
2016.04.12 04:01:24.876,0.82545,0.82554,1.37,1.19
2016.04.12 04:01:24.927,0.82546,0.82558,1.62,1.37
2016.04.12 04:01:24.979,0.82546,0.82558,3.19,1.00
2016.04.12 04:01:25.339,0.8255,0.82561,1.87,1.19
2016.04.12 04:01:25.492,0.82554,0.82568,2.44,1.19
2016.04.12 04:01:25.594,0.82555,0.82569,2.44,1.19
2016.04.12 04:01:26.128,0.82558,0.82569,1.00,1.19
2016.04.12 04:01:26.640,0.82557,0.82569,1.12,1.19
2016.04.12 04:01:27.382,0.82557,0.8257,1.31,1.19
2016.04.12 04:01:27.911,0.82557,0.8257,1.31,1.19
2016.04.12 04:01:28.671,0.82558,0.82572,1.00,1.56
2016.04.12 04:01:31.195,0.82557,0.82569,2.14,1.19
2016.04.12 04:01:38.345,0.82558,0.82568,1.00,1.19
2016.04.12 04:01:38.599,0.8255,0.82565,2.25,1.69
2016.04.12 04:01:38.803,0.82548,0.82565,1.76,3.19
2016.04.12 04:01:39.986,0.82549,0.82565,1.69,2.44
2016.04.12 04:01:40.493,0.82549,0.82565,2.00,2.44
2016.04.12 04:01:41.530,0.82549,0.82564,1.31,1.69
2016.04.12 04:01:44.054,0.82549,0.82565,2.81,1.69
2016.04.12 04:01:44.425,0.82552,0.82567,1.19,2.51
2016.04.12 04:01:44.932,0.82551,0.82568,5.81,1.76
2016.04.12 04:01:45.185,0.82555,0.82568,1.19,1.57
2016.04.12 04:01:53.549,0.82555,0.8257,2.44,2.44
2016.04.12 04:01:53.853,0.82558,0.82569,1.19,1.37
2016.04.12 04:01:54.729,0.82561,0.82574,1.31,2.25
2016.04.12 04:01:54.831,0.82561,0.82576,2.89,2.25
2016.04.12 04:01:54.933,0.82562,0.82577,1.62,2.00
2016.04.12 04:01:55.458,0.82561,0.82578,4.69,1.94
2016.04.12 04:01:55.764,0.82567,0.8258,1.25,3.37
2016.04.12 04:01:55.816,0.82567,0.82581,1.25,1.50
2016.04.12 04:01:56.931,0.82566,0.82577,1.19,1.37
2016.04.12 04:01:58.061,0.82566,0.82578,1.19,1.95
2016.04.12 04:02:09.798,0.82562,0.82578,1.69,1.69
2016.04.12 04:02:09.899,0.82561,0.82576,2.81,1.75
2016.04.12 04:02:15.225,0.8256,0.82575,2.06,1.69
2016.04.12 04:02:17.368,0.82567,0.82575,1.00,1.19
2016.04.12 04:02:17.467,0.82567,0.82579,1.00,1.19
2016.04.12 04:02:18.077,0.82564,0.82579,1.31,1.69
2016.04.12 04:02:18.179,0.82562,0.82576,2.62,1.69
2016.04.12 04:02:27.493,0.82561,0.82575,1.31,1.56
2016.04.12 04:02:27.594,0.82559,0.82574,1.19,2.00
2016.04.12 04:02:27.646,0.82557,0.82574,3.19,2.44
2016.04.12 04:02:28.103,0.82558,0.82575,1.94,4.01
2016.04.12 04:02:28.409,0.8256,0.82572,1.57,1.19
2016.04.12 04:02:28.571,0.82556,0.82569,1.31,1.69
2016.04.12 04:02:28.725,0.82553,0.82569,2.14,2.44
2016.04.12 04:02:29.728,0.82553,0.82567,1.62,1.69
2016.04.12 04:02:31.202,0.82551,0.82565,4.69,1.50
2016.04.12 04:02:31.354,0.82551,0.82565,1.69,1.75
2016.04.12 04:02:31.405,0.82549,0.82565,2.89,1.94
2016.04.12 04:02:31.709,0.82552,0.82566,1.31,1.69
2016.04.12 04:02:40.392,0.82555,0.82565,1.19,1.00
2016.04.12 04:02:40.546,0.82555,0.8257,2.44,1.31
2016.04.12 04:02:42.046,0.82558,0.8257,1.00,1.31
2016.04.12 04:02:42.148,0.82558,0.82573,1.31,1.69
2016.04.12 04:02:42.352,0.8256,0.82573,1.00,1.69
2016.04.12 04:02:42.707,0.8256,0.82573,2.06,1.56
2016.04.12 04:02:43.785,0.82561,0.82575,1.19,3.19
2016.04.12 04:02:52.293,0.82559,0.82573,2.06,1.56
2016.04.12 04:02:52.396,0.82559,0.8257,1.00,1.31
2016.04.12 04:02:52.498,0.82555,0.82569,1.69,1.19
2016.04.12 04:02:52.651,0.82555,0.82567,1.19,1.37
2016.04.12 04:02:57.753,0.82551,0.82566,1.00,3.94
2016.04.12 04:02:57.855,0.8255,0.82563,1.25,2.51
2016.04.12 04:02:58.401,0.82548,0.82563,1.19,4.39
2016.04.12 04:02:59.466,0.82548,0.82563,2.06,3.26
2016.04.12 04:02:59.974,0.82549,0.82563,1.19,1.25
2016.04.12 04:03:09.698,0.82548,0.82561,3.26,1.00
2016.04.12 04:03:09.902,0.82544,0.82559,2.51,1.62
2016.04.12 04:03:10.055,0.82544,0.82559,1.19,3.94
2016.04.12 04:03:10.208,0.82542,0.82557,1.31,1.94
2016.04.12 04:03:10.768,0.82542,0.82556,1.56,1.25
2016.04.12 04:03:12.494,0.82542,0.82556,1.69,2.06
2016.04.12 04:03:12.642,0.8254,0.82554,1.94,1.19
2016.04.12 04:03:12.847,0.82541,0.82555,2.06,1.12
2016.04.12 04:03:13.355,0.82541,0.82555,1.56,1.37
2016.04.12 04:03:17.066,0.82541,0.82556,2.06,1.69
2016.04.12 04:03:17.117,0.82543,0.82558,1.31,2.00
2016.04.12 04:03:17.320,0.82545,0.8256,1.69,1.69
2016.04.12 04:03:17.372,0.82548,0.82561,1.56,1.95
2016.04.12 04:03:17.423,0.82548,0.82564,3.56,1.94
2016.04.12 04:03:20.508,0.82551,0.82564,1.50,1.31
2016.04.12 04:03:20.661,0.82556,0.82569,2.06,1.25
2016.04.12 04:03:20.713,0.82557,0.82571,2.25,1.76
2016.04.12 04:03:21.014,0.82562,0.82572,1.00,1.19
2016.04.12 04:03:21.523,0.82562,0.82572,1.50,1.19
2016.04.12 04:03:25.692,0.82559,0.82572,3.64,1.19
2016.04.12 04:03:26.210,0.82558,0.82572,1.84,1.31
2016.04.12 04:03:27.299,0.82557,0.82572,4.69,1.69
2016.04.12 04:03:27.604,0.82557,0.82569,1.29,1.50
2016.04.12 04:03:30.019,0.82557,0.82569,1.19,3.00
2016.04.12 04:03:30.122,0.82554,0.82568,1.76,1.75
2016.04.12 04:03:30.631,0.82554,0.82566,1.19,1.50
2016.04.12 04:03:30.885,0.82554,0.82566,1.19,1.00
2016.04.12 04:03:32.231,0.82558,0.82566,1.25,1.50
2016.04.12 04:03:38.107,0.82558,0.8257,1.25,1.75
2016.04.12 04:03:38.260,0.82556,0.8257,1.31,1.87
2016.04.12 04:03:39.226,0.82557,0.82569,1.25,1.37
2016.04.12 04:03:39.764,0.82555,0.82569,1.56,3.00
2016.04.12 04:03:40.449,0.82555,0.82569,1.19,3.00
2016.04.12 04:03:43.450,0.82555,0.82567,1.19,1.87
2016.04.12 04:03:44.137,0.82555,0.8257,1.19,3.19
2016.04.12 04:03:44.528,0.82558,0.82571,1.19,1.75
2016.04.12 04:03:48.732,0.82556,0.8257,1.50,3.19
2016.04.12 04:03:48.834,0.82554,0.82566,1.19,1.37
2016.04.12 04:03:50.862,0.82554,0.82564,1.19,1.37
2016.04.12 04:03:59.706,0.82551,0.82563,1.25,3.00
2016.04.12 04:04:00.214,0.82551,0.82561,1.25,2.25
2016.04.12 04:04:00.771,0.82551,0.82562,1.25,2.70
2016.04.12 04:04:01.284,0.82551,0.82561,1.25,1.00
2016.04.12 04:04:02.477,0.82551,0.82563,1.31,2.62
2016.04.12 04:04:02.536,0.82551,0.82563,1.62,1.10
2016.04.12 04:04:02.879,0.82556,0.82566,1.19,1.00
2016.04.12 04:04:03.084,0.82559,0.82571,2.06,1.12
2016.04.12 04:04:03.136,0.82563,0.82574,2.06,1.20
2016.04.12 04:04:03.239,0.82568,0.82581,1.56,1.37
2016.04.12 04:04:03.595,0.82567,0.82578,1.19,1.00
2016.04.12 04:04:03.993,0.82567,0.82576,1.19,1.00
2016.04.12 04:04:04.249,0.82565,0.82575,1.19,1.00
2016.04.12 04:04:05.023,0.82566,0.82575,1.19,1.00
2016.04.12 04:04:05.483,0.82566,0.82577,1.19,1.00
2016.04.12 04:04:06.172,0.82566,0.82579,1.29,1.50
2016.04.12 04:04:06.324,0.82568,0.82582,1.31,3.45
2016.04.12 04:04:06.376,0.82568,0.82582,1.56,2.62
2016.04.12 04:04:06.427,0.82571,0.82582,1.19,1.50
2016.04.12 04:04:06.857,0.82573,0.82584,1.19,1.12
2016.04.12 04:04:07.012,0.8257,0.82586,3.19,1.95
2016.04.12 04:04:07.523,0.82571,0.82586,3.19,1.10
2016.04.12 04:04:08.277,0.82573,0.82587,1.00,1.00
2016.04.12 04:04:08.328,0.82573,0.82587,1.69,1.00
2016.04.12 04:04:08.853,0.82573,0.82587,1.87,1.25
2016.04.12 04:04:10.836,0.82575,0.82587,1.00,1.25
2016.04.12 04:04:11.141,0.82581,0.82594,1.01,1.62
2016.04.12 04:04:11.651,0.82579,0.82594,1.69,2.06
2016.04.12 04:04:13.464,0.82579,0.82592,1.39,1.37
2016.04.12 04:04:13.566,0.82576,0.82591,1.20,3.56
2016.04.12 04:04:13.973,0.82574,0.8259,1.69,3.56
2016.04.12 04:04:16.676,0.82574,0.82588,1.19,2.25
2016.04.12 04:04:17.182,0.82574,0.82587,1.19,1.75
2016.04.12 04:04:18.472,0.82574,0.82589,1.56,2.81
2016.04.12 04:04:18.728,0.82582,0.82597,2.44,2.06
2016.04.12 04:04:19.135,0.82592,0.82597,1.00,1.00
2016.04.12 04:04:19.283,0.82594,0.82602,1.37,1.31
2016.04.12 04:04:19.334,0.82597,0.82603,1.85,1.00
2016.04.12 04:04:19.493,0.82608,0.82613,1.00,1.37
2016.04.12 04:04:19.582,0.82608,0.82617,1.00,1.69
2016.04.12 04:04:19.786,0.82606,0.82617,1.12,1.19
2016.04.12 04:04:19.938,0.82604,0.82618,1.27,2.81
2016.04.12 04:04:20.091,0.82604,0.82616,1.50,1.19
2016.04.12 04:04:20.613,0.82603,0.82616,1.69,1.69
2016.04.12 04:04:22.266,0.82605,0.82616,1.50,1.19
2016.04.12 04:04:22.318,0.82605,0.82617,2.44,1.00
2016.04.12 04:04:22.471,0.82611,0.8262,1.00,1.19
2016.04.12 04:04:22.523,0.82611,0.82624,1.50,2.06
2016.04.12 04:04:22.625,0.82613,0.82627,1.25,1.31
2016.04.12 04:04:23.082,0.82619,0.82628,2.47,1.19
2016.04.12 04:04:23.185,0.82624,0.8263,7.78,1.00
2016.04.12 04:04:23.238,0.82623,0.82632,1.01,1.50
2016.04.12 04:04:23.341,0.8262,0.82632,1.39,1.00
2016.04.12 04:04:23.393,0.82619,0.8263,1.07,1.19
2016.04.12 04:04:23.597,0.82614,0.82628,1.25,1.19
2016.04.12 04:04:23.855,0.82615,0.8263,1.91,1.39
2016.04.12 04:04:23.957,0.8262,0.82634,1.19,1.12
2016.04.12 04:04:24.093,0.82622,0.82635,1.01,1.25
2016.04.12 04:04:24.298,0.82622,0.82638,1.31,1.00
2016.04.12 04:04:24.401,0.82622,0.82641,3.11,1.31
2016.04.12 04:04:24.504,0.82626,0.82642,1.12,1.19
2016.04.12 04:04:24.809,0.82652,0.82657,2.10,1.56
2016.04.12 04:04:24.860,0.82673,0.82686,9.19,5.44
2016.04.12 04:04:24.912,0.82673,0.82682,1.25,1.00
2016.04.12 04:04:25.174,0.82667,0.8268,1.25,1.00
2016.04.12 04:04:25.227,0.82671,0.82685,1.00,2.81
2016.04.12 04:04:25.432,0.82674,0.82687,1.00,1.69
2016.04.12 04:04:25.484,0.82676,0.82687,1.12,1.19
2016.04.12 04:04:25.892,0.82672,0.82687,1.31,1.19
2016.04.12 04:04:25.944,0.8267,0.82687,2.06,1.29
2016.04.12 04:04:26.149,0.82667,0.82684,1.50,1.69
2016.04.12 04:04:26.506,0.82665,0.8268,2.06,1.19
2016.04.12 04:04:27.831,0.8266,0.8267,1.37,1.19
2016.04.12 04:04:27.882,0.8266,0.8267,1.00,1.19
2016.04.12 04:04:27.965,0.82656,0.82673,1.76,1.19
2016.04.12 04:04:28.017,0.82654,0.8267,1.19,1.19
2016.04.12 04:04:28.323,0.8265,0.82664,1.50,1.01
2016.04.12 04:04:28.630,0.8265,0.82662,1.50,2.06
2016.04.12 04:04:28.782,0.8265,0.82663,1.50,1.31
2016.04.12 04:04:28.935,0.82648,0.82665,1.00,1.76
2016.04.12 04:04:29.392,0.82646,0.82665,1.69,3.26
2016.04.12 04:04:29.596,0.82646,0.82662,1.19,1.39
2016.04.12 04:04:29.901,0.8264,0.82655,1.19,1.01
2016.04.12 04:04:30.002,0.82639,0.82655,1.00,2.14
2016.04.12 04:04:30.054,0.82637,0.82652,1.19,2.06
2016.04.12 04:04:30.556,0.82634,0.8265,1.19,1.20
2016.04.12 04:04:31.028,0.82632,0.82648,1.25,1.01
2016.04.12 04:04:31.130,0.82632,0.82645,1.25,1.31
2016.04.12 04:04:31.638,0.82633,0.82647,1.00,1.19
2016.04.12 04:04:31.730,0.82634,0.82651,1.20,1.19
2016.04.12 04:04:31.782,0.82634,0.82652,2.51,1.69
2016.04.12 04:04:32.443,0.82635,0.82652,1.94,1.19
2016.04.12 04:04:33.001,0.82638,0.82654,1.19,1.95
2016.04.12 04:04:33.305,0.82643,0.82661,1.69,1.80
2016.04.12 04:04:33.510,0.82646,0.82661,1.31,1.19
2016.04.12 04:04:35.204,0.82645,0.82664,1.69,1.76
2016.04.12 04:04:35.721,0.82645,0.82664,1.31,1.76
2016.04.12 04:04:35.823,0.82642,0.82657,2.25,1.19
2016.04.12 04:04:35.926,0.8264,0.82653,1.56,1.00
2016.04.12 04:04:36.061,0.8264,0.82657,2.44,1.19
2016.04.12 04:04:36.316,0.82646,0.82661,1.12,4.01
2016.04.12 04:04:36.519,0.82648,0.82662,1.37,1.37
2016.04.12 04:04:36.672,0.82649,0.82663,1.50,1.25
2016.04.12 04:04:36.922,0.82659,0.82664,1.25,1.37
2016.04.12 04:04:37.024,0.82659,0.82671,1.66,1.87
2016.04.12 04:04:37.076,0.82662,0.82671,1.29,1.87
2016.04.12 04:04:37.127,0.82662,0.82675,2.89,1.87
2016.04.12 04:04:37.269,0.82663,0.82677,1.09,1.31
2016.04.12 04:04:37.371,0.82662,0.82675,2.70,1.19
2016.04.12 04:04:37.422,0.82662,0.82674,1.12,1.62
2016.04.12 04:04:37.626,0.82659,0.82673,1.31,2.25
2016.04.12 04:04:38.033,0.82659,0.82672,1.19,1.87
2016.04.12 04:04:38.811,0.82663,0.82673,1.19,2.25
2016.04.12 04:04:39.117,0.82663,0.82678,1.69,2.32
2016.04.12 04:04:39.219,0.82664,0.82679,1.62,3.00
2016.04.12 04:04:39.270,0.82672,0.82679,1.25,3.00
2016.04.12 04:04:39.322,0.82672,0.82679,1.25,1.12
2016.04.12 04:04:39.475,0.82674,0.82682,1.25,3.07
2016.04.12 04:04:39.526,0.82674,0.82683,1.25,1.75
2016.04.12 04:04:39.628,0.82674,0.82682,1.25,1.00
2016.04.12 04:04:39.904,0.82675,0.82685,1.19,2.25
2016.04.12 04:04:40.211,0.82675,0.82683,1.19,3.00
2016.04.12 04:04:40.262,0.82673,0.82683,1.19,3.00
2016.04.12 04:04:41.962,0.82673,0.82682,1.69,1.00
2016.04.12 04:04:42.014,0.82678,0.82687,1.00,1.95
2016.04.12 04:04:42.116,0.8268,0.82692,1.19,1.50
2016.04.12 04:04:42.697,0.82678,0.82693,2.81,2.44
2016.04.12 04:04:42.852,0.82677,0.82692,1.69,2.44
2016.04.12 04:04:42.906,0.82676,0.82689,1.37,2.06
2016.04.12 04:04:42.957,0.82672,0.82685,2.06,1.37
2016.04.12 04:04:43.008,0.82672,0.82685,1.00,1.76
2016.04.12 04:04:43.060,0.82669,0.82684,1.31,1.62
2016.04.12 04:04:43.314,0.8266,0.82676,1.94,3.26
2016.04.12 04:04:43.854,0.8266,0.82674,3.19,1.10
2016.04.12 04:04:44.006,0.82664,0.82676,1.00,1.00
2016.04.12 04:04:44.057,0.82662,0.82676,1.76,1.37
2016.04.12 04:04:44.312,0.82666,0.82681,1.37,2.44
2016.04.12 04:04:44.363,0.82667,0.82682,1.80,1.69
2016.04.12 04:04:44.668,0.82673,0.82683,1.75,1.19
2016.04.12 04:04:44.824,0.82674,0.82687,1.07,1.19
2016.04.12 04:04:45.078,0.82675,0.82689,1.01,1.69
2016.04.12 04:04:45.130,0.8268,0.82689,1.00,1.69
2016.04.12 04:04:45.283,0.82678,0.82693,2.81,1.50
2016.04.12 04:04:45.334,0.82678,0.82693,2.44,1.00
2016.04.12 04:04:45.865,0.82679,0.82694,1.50,1.31
2016.04.12 04:04:46.378,0.82679,0.82693,1.50,1.00
2016.04.12 04:04:47.107,0.82678,0.82695,3.19,2.44
2016.04.12 04:04:47.158,0.82681,0.82695,1.37,1.69
2016.04.12 04:04:47.463,0.82685,0.82698,1.50,1.25
2016.04.12 04:04:47.809,0.8269,0.827,1.00,1.00
2016.04.12 04:04:47.963,0.82685,0.827,3.00,1.19
2016.04.12 04:04:48.067,0.82688,0.82698,1.00,1.76
2016.04.12 04:04:48.169,0.82682,0.82697,1.50,1.69
2016.04.12 04:04:48.556,0.8268,0.82695,1.12,2.00
2016.04.12 04:04:49.091,0.82681,0.82695,1.00,2.00
2016.04.12 04:04:49.774,0.8268,0.82695,1.12,2.00
2016.04.12 04:04:50.405,0.82681,0.82695,1.00,2.00
2016.04.12 04:04:50.456,0.82683,0.82698,1.19,4.01
2016.04.12 04:04:50.661,0.82686,0.827,1.50,1.69
2016.04.12 04:04:51.067,0.82689,0.82702,1.12,2.44
2016.04.12 04:04:51.579,0.82692,0.82704,1.19,1.75
2016.04.12 04:04:51.681,0.82695,0.82707,1.69,1.12
2016.04.12 04:04:51.783,0.82697,0.82709,2.06,1.12
2016.04.12 04:04:51.936,0.82698,0.82712,1.57,2.44
2016.04.12 04:04:52.352,0.82697,0.82712,1.46,3.19
2016.04.12 04:04:52.853,0.82697,0.82712,1.76,3.19
2016.04.12 04:04:53.362,0.82696,0.82711,1.31,1.56
2016.04.12 04:04:53.910,0.82699,0.82712,1.87,1.19
2016.04.12 04:04:54.012,0.827,0.82715,2.44,2.00
2016.04.12 04:04:54.368,0.827,0.82714,2.51,1.50
2016.04.12 04:04:54.470,0.827,0.82714,1.39,2.25
2016.04.12 04:04:54.725,0.82697,0.82711,1.69,1.19
2016.04.12 04:04:55.652,0.82694,0.82711,1.12,2.51
2016.04.12 04:04:55.755,0.82694,0.82711,3.00,1.39
2016.04.12 04:04:55.907,0.82701,0.82716,1.19,1.09
2016.04.12 04:04:55.959,0.827,0.82712,1.00,1.54
2016.04.12 04:04:56.010,0.82696,0.82712,1.87,3.04
2016.04.12 04:04:56.061,0.82696,0.82711,1.00,1.69
2016.04.12 04:04:56.112,0.82693,0.8271,1.56,2.14
2016.04.12 04:04:56.367,0.82692,0.82706,1.69,1.37
2016.04.12 04:04:56.714,0.82687,0.82702,1.69,1.19
2016.04.12 04:04:57.443,0.82689,0.82702,1.16,1.19
2016.04.12 04:04:57.494,0.82692,0.82705,1.91,1.25
2016.04.12 04:04:57.546,0.82697,0.82707,1.12,1.19
2016.04.12 04:04:57.648,0.82698,0.82711,1.12,1.19
2016.04.12 04:04:58.414,0.827,0.82712,2.32,1.19
2016.04.12 04:04:58.668,0.82698,0.82712,1.12,1.19
2016.04.12 04:04:58.719,0.82698,0.82713,1.00,1.25
2016.04.12 04:04:59.075,0.827,0.82714,1.50,1.19
2016.04.12 04:04:59.581,0.82701,0.82716,1.00,1.19
2016.04.12 04:04:59.885,0.82705,0.82716,1.00,1.19
2016.04.12 04:05:00.241,0.82705,0.82719,1.50,1.19
2016.04.12 04:05:00.394,0.82708,0.82719,1.00,1.19
2016.04.12 04:05:01.079,0.8271,0.82719,1.00,1.19
2016.04.12 04:05:02.147,0.8271,0.82724,1.00,1.39
2016.04.12 04:05:02.199,0.82712,0.82724,1.00,1.39
2016.04.12 04:05:02.505,0.82709,0.82724,1.50,1.29
2016.04.12 04:05:02.912,0.8271,0.82726,1.31,2.44
2016.04.12 04:05:03.115,0.82709,0.82725,1.00,1.39
2016.04.12 04:05:03.421,0.82707,0.82723,1.25,1.25
2016.04.12 04:05:03.472,0.82709,0.82723,1.00,1.25
2016.04.12 04:05:03.981,0.82707,0.82723,1.19,1.00
2016.04.12 04:05:04.337,0.82705,0.82722,1.69,1.00
2016.04.12 04:05:04.684,0.82702,0.8272,2.06,1.00
2016.04.12 04:05:05.195,0.82701,0.8272,1.31,1.87
2016.04.12 04:05:05.449,0.827,0.82718,2.06,1.12
2016.04.12 04:05:05.501,0.827,0.82718,2.81,2.25
2016.04.12 04:05:05.842,0.82697,0.82712,3.63,1.25
2016.04.12 04:05:06.147,0.82697,0.82711,2.64,1.69
2016.04.12 04:05:06.300,0.82697,0.82709,2.01,1.25
2016.04.12 04:05:06.605,0.82693,0.82711,1.95,1.69
2016.04.12 04:05:07.012,0.82692,0.82709,2.40,1.25
2016.04.12 04:05:07.066,0.82692,0.82705,2.40,1.19
2016.04.12 04:05:07.222,0.82692,0.82705,1.00,1.19
2016.04.12 04:05:07.730,0.8269,0.82705,1.37,1.19
2016.04.12 04:05:08.277,0.8269,0.82705,1.00,1.19
2016.04.12 04:05:08.808,0.82691,0.82705,1.00,1.19
2016.04.12 04:05:08.910,0.82688,0.82703,3.00,1.19
2016.04.12 04:05:09.164,0.82688,0.82702,1.00,1.19
2016.04.12 04:05:09.679,0.8269,0.82702,1.00,1.19
2016.04.12 04:05:10.189,0.82689,0.82701,1.00,1.19
2016.04.12 04:05:13.246,0.82689,0.82701,1.00,1.69
2016.04.12 04:05:13.297,0.82687,0.82701,1.00,1.69
2016.04.12 04:05:13.804,0.82687,0.827,1.00,1.25
2016.04.12 04:05:13.905,0.82686,0.82699,1.00,1.19
2016.04.12 04:05:14.204,0.82683,0.82699,1.00,3.56
2016.04.12 04:05:14.561,0.82683,0.82697,1.00,2.06
2016.04.12 04:05:14.866,0.82676,0.82689,1.00,1.19
2016.04.12 04:05:15.070,0.82674,0.82689,1.00,2.44
2016.04.12 04:05:15.223,0.82674,0.82684,1.00,1.19
2016.04.12 04:05:15.528,0.82673,0.82683,1.00,1.19
2016.04.12 04:05:15.580,0.82671,0.82683,1.00,1.19
2016.04.12 04:05:16.240,0.82671,0.82681,1.00,1.19
2016.04.12 04:05:16.785,0.8267,0.82681,1.00,1.19
2016.04.12 04:05:17.313,0.82669,0.82681,1.00,1.19
2016.04.12 04:05:17.466,0.82667,0.8268,1.50,1.19
2016.04.12 04:05:17.670,0.82664,0.82674,1.00,1.19
2016.04.12 04:05:18.026,0.8266,0.82673,1.12,1.25
2016.04.12 04:05:18.330,0.82658,0.8267,1.75,1.25
2016.04.12 04:05:18.432,0.82658,0.8267,1.00,1.25
2016.04.12 04:05:18.483,0.82656,0.8267,1.50,1.25
2016.04.12 04:05:18.741,0.82656,0.82673,2.44,1.25
2016.04.12 04:05:19.631,0.82658,0.82675,1.69,1.69
2016.04.12 04:05:20.449,0.82658,0.82673,1.19,1.00
2016.04.12 04:05:20.951,0.82658,0.82675,1.19,1.19
2016.04.12 04:05:21.407,0.82662,0.82675,1.00,1.19
2016.04.12 04:05:21.908,0.82663,0.82675,1.00,1.19
2016.04.12 04:05:26.920,0.82666,0.82676,1.00,1.31
2016.04.12 04:05:27.022,0.82666,0.82677,1.00,1.69
2016.04.12 04:05:27.555,0.82667,0.82677,1.00,1.69
2016.04.12 04:05:28.071,0.82666,0.82677,1.00,1.69
2016.04.12 04:05:28.225,0.82669,0.8268,1.19,1.87
2016.04.12 04:05:28.547,0.82675,0.82685,1.00,1.19
2016.04.12 04:05:28.700,0.82672,0.82685,1.00,1.19
2016.04.12 04:05:28.752,0.82672,0.82683,1.00,1.19
2016.04.12 04:05:28.854,0.82672,0.82684,1.00,1.19
2016.04.12 04:05:28.905,0.82676,0.82684,1.00,1.19
2016.04.12 04:05:29.108,0.82676,0.82687,1.00,1.69
2016.04.12 04:05:29.798,0.82674,0.82686,1.00,1.69
2016.04.12 04:05:29.951,0.8267,0.82686,1.19,2.06
2016.04.12 04:05:30.205,0.8267,0.82685,1.25,1.19
2016.04.12 04:05:30.510,0.82671,0.82681,1.00,1.12
2016.04.12 04:05:30.701,0.82668,0.8268,1.00,1.31
2016.04.12 04:05:31.125,0.82666,0.8268,1.00,1.19
2016.04.12 04:05:31.633,0.82667,0.8268,1.00,1.31
2016.04.12 04:05:32.416,0.82668,0.8268,1.00,1.19
2016.04.12 04:05:34.471,0.82668,0.82681,1.00,1.19
2016.04.12 04:05:34.877,0.82671,0.82683,1.00,1.19
2016.04.12 04:05:35.285,0.82669,0.82682,1.00,1.19
2016.04.12 04:05:35.789,0.82668,0.82682,1.00,1.19
2016.04.12 04:05:37.264,0.82669,0.82682,1.00,1.69
2016.04.12 04:05:39.386,0.82668,0.82681,1.00,1.69
2016.04.12 04:05:39.888,0.82669,0.82679,1.00,1.00
2016.04.12 04:05:39.990,0.82669,0.82683,1.50,1.25
2016.04.12 04:05:40.041,0.82678,0.82686,1.00,1.94
2016.04.12 04:05:40.194,0.82682,0.82694,1.00,1.31
2016.04.12 04:05:40.703,0.82681,0.82695,1.00,1.19
2016.04.12 04:05:41.213,0.82682,0.82695,1.00,3.56
2016.04.12 04:05:41.799,0.82683,0.82695,1.00,3.56
2016.04.12 04:05:42.060,0.82682,0.82688,1.00,1.00
2016.04.12 04:05:42.111,0.82676,0.82688,1.25,1.00
2016.04.12 04:05:42.163,0.82676,0.82689,1.00,3.04
2016.04.12 04:05:42.214,0.82673,0.82686,1.00,1.19
2016.04.12 04:05:42.524,0.82674,0.82688,1.25,1.19
2016.04.12 04:05:42.729,0.82674,0.82688,1.00,1.19
2016.04.12 04:05:43.408,0.82674,0.82688,1.00,1.19
2016.04.12 04:05:43.992,0.82674,0.82686,1.00,1.00
2016.04.12 04:05:44.500,0.82674,0.82686,1.00,2.25
2016.04.12 04:05:44.551,0.82676,0.82686,1.00,2.25
2016.04.12 04:05:44.653,0.82673,0.82684,1.00,1.00
2016.04.12 04:05:46.395,0.82675,0.82684,1.00,1.00
2016.04.12 04:05:46.894,0.82676,0.82688,1.25,1.00
2016.04.12 04:05:46.996,0.82677,0.82691,1.00,1.31
2016.04.12 04:05:47.351,0.82677,0.82688,1.00,1.19
2016.04.12 04:05:47.504,0.82674,0.82688,1.50,2.66
2016.04.12 04:05:47.555,0.82674,0.82684,1.12,1.25
2016.04.12 04:05:47.913,0.82672,0.82681,1.00,1.25
2016.04.12 04:05:49.073,0.82671,0.82682,1.00,1.19
2016.04.12 04:05:49.979,0.82673,0.82682,1.00,1.19
2016.04.12 04:05:50.081,0.82671,0.82682,1.00,2.06
2016.04.12 04:05:50.598,0.82671,0.82682,1.00,2.44
2016.04.12 04:05:55.833,0.82671,0.8268,1.00,2.25
2016.04.12 04:05:56.899,0.82669,0.8268,1.19,2.25
2016.04.12 04:06:00.790,0.82669,0.82677,1.19,1.37
2016.04.12 04:06:01.097,0.82667,0.82673,1.19,1.00
2016.04.12 04:06:01.200,0.82662,0.8267,1.19,1.00
2016.04.12 04:06:01.302,0.82657,0.82667,1.25,1.00
2016.04.12 04:06:01.353,0.82656,0.82665,1.19,1.00
2016.04.12 04:06:01.659,0.82656,0.82664,1.19,1.50
2016.04.12 04:06:03.237,0.82653,0.82663,1.19,1.37
2016.04.12 04:06:03.390,0.82654,0.82667,1.19,1.00
2016.04.12 04:06:03.441,0.82654,0.82669,1.69,2.62
2016.04.12 04:06:03.747,0.82654,0.82669,1.12,2.44
2016.04.12 04:06:04.052,0.82653,0.82665,1.00,1.00
2016.04.12 04:06:04.565,0.82653,0.82666,1.00,2.25
2016.04.12 04:06:05.073,0.82656,0.82665,1.00,1.50
2016.04.12 04:06:05.175,0.82654,0.82667,1.50,1.75
2016.04.12 04:06:05.329,0.82654,0.82668,2.62,1.00
2016.04.12 04:06:05.431,0.82654,0.82666,1.50,1.00
2016.04.12 04:06:05.647,0.82656,0.8267,1.50,2.25
2016.04.12 04:06:06.168,0.82655,0.8267,2.25,1.00
2016.04.12 04:06:06.676,0.82654,0.82669,2.25,1.50
2016.04.12 04:06:07.840,0.82654,0.8267,3.00,1.00
2016.04.12 04:06:08.230,0.82653,0.82669,1.50,1.75
2016.04.12 04:06:08.760,0.82652,0.82666,3.00,1.00
2016.04.12 04:06:09.014,0.8265,0.82662,1.12,1.12
2016.04.12 04:06:09.568,0.8265,0.82662,1.87,1.12
2016.04.12 04:06:11.422,0.8265,0.82662,1.12,1.00
2016.04.12 04:06:12.600,0.8265,0.82665,1.12,1.50
2016.04.12 04:06:13.069,0.82652,0.82665,1.00,1.50
2016.04.12 04:06:13.222,0.8265,0.82665,1.12,1.50
2016.04.12 04:06:13.633,0.82652,0.82665,1.00,2.25
2016.04.12 04:06:14.154,0.82653,0.82665,1.00,1.50
2016.04.12 04:06:14.704,0.8265,0.82665,2.62,2.25
2016.04.12 04:06:15.211,0.82651,0.82665,1.00,3.19
2016.04.12 04:06:15.719,0.82651,0.82663,1.00,1.00
2016.04.12 04:06:16.044,0.82653,0.82665,1.00,1.69
2016.04.12 04:06:18.996,0.82655,0.82665,1.00,1.31
2016.04.12 04:06:19.117,0.82656,0.82666,1.00,1.25
2016.04.12 04:06:20.031,0.82657,0.82666,1.00,1.25
2016.04.12 04:06:20.539,0.82656,0.82668,1.12,1.19
2016.04.12 04:06:24.478,0.82654,0.82668,1.87,1.56
2016.04.12 04:06:24.580,0.82653,0.82665,1.50,1.62
2016.04.12 04:06:25.393,0.82654,0.82665,1.00,1.62
2016.04.12 04:06:25.568,0.82652,0.82665,1.00,2.44
2016.04.12 04:06:25.671,0.82651,0.82665,1.12,3.19
2016.04.12 04:06:26.078,0.82653,0.82662,1.19,1.00
2016.04.12 04:06:26.962,0.82651,0.82662,1.19,1.00
2016.04.12 04:06:27.471,0.82651,0.82664,1.19,1.50
2016.04.12 04:06:30.176,0.8265,0.82663,2.44,1.50
2016.04.12 04:06:30.278,0.8265,0.82663,1.19,4.12
2016.04.12 04:06:30.383,0.82646,0.82658,1.25,1.00
2016.04.12 04:06:30.844,0.82644,0.8266,1.25,3.19
2016.04.12 04:06:31.305,0.82643,0.82655,1.69,1.00
2016.04.12 04:06:31.458,0.82642,0.82655,1.25,1.25
2016.04.12 04:06:31.509,0.82642,0.82657,1.25,6.56
2016.04.12 04:06:32.024,0.82641,0.82654,1.12,2.25
2016.04.12 04:06:32.452,0.82642,0.82655,1.19,1.75
2016.04.12 04:06:32.504,0.82642,0.82657,1.31,2.25
2016.04.12 04:06:32.555,0.82648,0.82657,1.00,1.50
2016.04.12 04:06:32.708,0.8265,0.82664,1.87,1.69
2016.04.12 04:06:32.759,0.82651,0.82665,1.19,2.00
2016.04.12 04:06:32.811,0.82651,0.82665,1.94,1.31
2016.04.12 04:06:32.913,0.8265,0.82665,1.94,1.31
2016.04.12 04:06:33.431,0.82651,0.82666,2.44,2.44
2016.04.12 04:06:36.608,0.82651,0.82664,2.44,1.00
2016.04.12 04:06:36.758,0.82653,0.82664,1.19,1.00
2016.04.12 04:06:36.962,0.8265,0.82665,1.62,3.00
2016.04.12 04:06:37.697,0.8265,0.82666,1.31,2.44
2016.04.12 04:06:37.748,0.82651,0.82665,1.69,1.94
2016.04.12 04:06:37.901,0.82651,0.82665,1.00,2.06
2016.04.12 04:06:40.776,0.82648,0.82662,2.44,1.00
2016.04.12 04:06:41.029,0.82648,0.82662,1.50,2.25
2016.04.12 04:06:41.536,0.82649,0.82662,1.00,1.00
2016.04.12 04:06:42.186,0.82649,0.82663,1.00,2.44
2016.04.12 04:06:42.699,0.8265,0.82663,1.31,1.25
2016.04.12 04:06:43.682,0.82651,0.82663,1.00,1.25
2016.04.12 04:06:44.189,0.82652,0.82665,1.25,1.69
2016.04.12 04:06:44.733,0.82653,0.82666,1.00,1.69
2016.04.12 04:06:45.244,0.82652,0.82666,1.69,2.44
2016.04.12 04:06:45.771,0.82651,0.82664,1.69,1.25
2016.04.12 04:06:47.003,0.82651,0.82662,1.31,1.00
2016.04.12 04:06:47.311,0.82647,0.82661,1.69,2.06
2016.04.12 04:06:47.819,0.82646,0.8266,3.00,1.19
2016.04.12 04:06:48.488,0.82648,0.8266,1.25,1.00
2016.04.12 04:06:49.023,0.82647,0.82661,1.69,1.31
2016.04.12 04:06:49.734,0.82648,0.82662,1.37,1.19
2016.04.12 04:06:49.835,0.82648,0.82662,1.69,1.25
2016.04.12 04:06:49.977,0.82652,0.82663,1.00,1.19
2016.04.12 04:06:50.333,0.82652,0.82665,2.44,1.69
2016.04.12 04:06:50.892,0.82654,0.82665,1.00,1.19
2016.04.12 04:06:52.800,0.82651,0.82665,2.44,1.31
2016.04.12 04:06:54.710,0.82651,0.82665,1.69,2.81
2016.04.12 04:06:56.044,0.82651,0.82664,1.19,1.69
2016.04.12 04:06:56.763,0.82653,0.82662,1.00,1.00
2016.04.12 04:06:58.314,0.82651,0.82662,1.19,1.00
2016.04.12 04:06:59.635,0.82657,0.82664,1.19,1.87
2016.04.12 04:06:59.686,0.82657,0.82666,1.19,1.00
2016.04.12 04:06:59.940,0.82657,0.82666,1.19,1.37
2016.04.12 04:07:00.297,0.82653,0.82665,1.19,2.25
2016.04.12 04:07:00.398,0.82653,0.82662,1.19,1.00
2016.04.12 04:07:00.907,0.82653,0.82662,1.00,1.12
2016.04.12 04:07:03.374,0.82652,0.82662,1.00,1.12
2016.04.12 04:07:03.476,0.82649,0.82661,1.19,1.00
2016.04.12 04:07:03.977,0.82649,0.82661,1.19,1.37
2016.04.12 04:07:06.272,0.82649,0.82663,1.19,2.44
2016.04.12 04:07:06.729,0.8265,0.82664,2.44,1.69
2016.04.12 04:07:07.186,0.82654,0.82666,1.00,2.81
2016.04.12 04:07:07.294,0.82655,0.82666,1.00,1.87
2016.04.12 04:07:07.826,0.82653,0.82666,1.31,1.37
2016.04.12 04:07:08.864,0.82654,0.82666,1.56,1.00
2016.04.12 04:07:09.835,0.82656,0.82666,1.00,1.00
2016.04.12 04:07:11.587,0.82655,0.82666,1.31,1.00
2016.04.12 04:07:12.020,0.82654,0.82666,1.12,2.81
2016.04.12 04:07:12.959,0.82653,0.82665,1.25,1.31
2016.04.12 04:07:13.568,0.82652,0.82666,1.19,2.25
2016.04.12 04:07:14.070,0.82654,0.82664,1.25,1.12
2016.04.12 04:07:14.476,0.82652,0.82664,1.19,2.25
2016.04.12 04:07:14.780,0.8265,0.8266,1.00,2.44
2016.04.12 04:07:14.933,0.8265,0.8266,1.00,1.31
2016.04.12 04:07:14.984,0.8265,0.8266,1.00,2.06
2016.04.12 04:07:15.548,0.82647,0.82659,1.25,2.25
2016.04.12 04:07:15.904,0.82651,0.82659,1.00,2.25
2016.04.12 04:07:16.209,0.82649,0.82656,1.00,1.00
2016.04.12 04:07:16.464,0.82646,0.82657,1.00,2.25
2016.04.12 04:07:17.006,0.82645,0.82656,1.25,1.50
2016.04.12 04:07:17.557,0.82645,0.82657,1.19,2.44
2016.04.12 04:07:18.117,0.82647,0.82656,1.00,1.69
2016.04.12 04:07:18.660,0.82645,0.82656,1.19,1.69
2016.04.12 04:07:20.667,0.82646,0.82658,1.25,1.31
2016.04.12 04:07:21.174,0.82647,0.82658,1.00,1.31
2016.04.12 04:07:21.702,0.82645,0.82658,1.19,1.31
2016.04.12 04:07:22.210,0.82647,0.82657,1.00,1.62
2016.04.12 04:07:22.718,0.82646,0.82659,1.25,2.06
2016.04.12 04:07:23.585,0.82648,0.82659,1.00,2.06
2016.04.12 04:07:29.861,0.82645,0.82656,1.00,1.31
2016.04.12 04:07:30.066,0.82643,0.82656,1.00,2.44
2016.04.12 04:07:30.117,0.82643,0.82652,1.00,1.00
2016.04.12 04:07:30.438,0.82642,0.82652,1.00,3.19
2016.04.12 04:07:30.542,0.8264,0.8265,1.00,1.31
2016.04.12 04:07:31.052,0.82639,0.82652,1.00,3.94
2016.04.12 04:07:31.408,0.82637,0.82651,1.25,1.69
2016.04.12 04:07:33.916,0.8264,0.82651,1.00,1.69
2016.04.12 04:07:34.069,0.82637,0.82652,1.25,3.94
2016.04.12 04:07:34.724,0.8264,0.82651,1.00,1.69
2016.04.12 04:07:34.790,0.82637,0.82651,1.25,1.69
2016.04.12 04:07:35.350,0.82639,0.82651,1.00,1.69
2016.04.12 04:07:36.116,0.82637,0.82652,1.25,3.94
2016.04.12 04:07:36.480,0.82639,0.82652,1.00,3.94
2016.04.12 04:07:37.251,0.82638,0.82652,1.00,3.19
2016.04.12 04:07:37.755,0.82639,0.82652,1.00,3.19
2016.04.12 04:07:38.212,0.82638,0.82651,1.00,1.69
2016.04.12 04:07:38.568,0.8264,0.82651,1.00,1.94
2016.04.12 04:07:39.157,0.82637,0.82651,1.25,1.94
2016.04.12 04:07:39.312,0.82639,0.8265,1.00,2.00
2016.04.12 04:07:41.970,0.82635,0.82651,1.69,1.94
2016.04.12 04:07:42.477,0.82636,0.82649,1.12,1.69
2016.04.12 04:07:42.630,0.82638,0.82649,1.00,1.69
2016.04.12 04:07:43.194,0.82639,0.82649,1.00,1.69
2016.04.12 04:07:43.398,0.8264,0.82653,2.06,1.69
2016.04.12 04:07:44.006,0.8264,0.82653,2.44,1.56
2016.04.12 04:07:44.547,0.8264,0.82653,1.31,1.69
2016.04.12 04:07:45.613,0.8264,0.82654,1.31,1.94
2016.04.12 04:07:46.030,0.82642,0.82654,1.00,2.44
2016.04.12 04:07:46.336,0.82648,0.82661,1.69,1.19
2016.04.12 04:07:46.999,0.82648,0.82661,3.19,1.19
2016.04.12 04:07:47.184,0.82647,0.82661,1.94,1.19
2016.04.12 04:07:47.700,0.82648,0.82661,1.25,1.19
2016.04.12 04:07:48.107,0.82646,0.8266,1.87,2.44
2016.04.12 04:07:48.390,0.82643,0.82658,1.62,3.56
2016.04.12 04:07:48.441,0.82643,0.82655,1.00,1.69
2016.04.12 04:07:48.493,0.82641,0.82655,3.00,1.69
2016.04.12 04:07:49.000,0.82643,0.82654,1.00,1.19
2016.04.12 04:07:49.204,0.82643,0.82658,1.56,1.94
2016.04.12 04:07:49.354,0.82646,0.82659,1.00,3.19
2016.04.12 04:07:50.429,0.82642,0.82656,2.44,1.00
2016.04.12 04:07:50.530,0.82641,0.82655,1.69,1.31
2016.04.12 04:07:50.634,0.8264,0.82654,1.31,1.56
2016.04.12 04:07:51.040,0.82639,0.82653,1.31,1.75
2016.04.12 04:07:51.447,0.82641,0.82654,1.31,1.31
2016.04.12 04:07:51.701,0.82641,0.82656,1.62,3.94
2016.04.12 04:07:52.005,0.82649,0.82658,1.00,1.69
2016.04.12 04:07:52.514,0.82647,0.82658,1.50,1.19
2016.04.12 04:07:53.335,0.82648,0.82658,1.75,1.19
2016.04.12 04:07:53.638,0.82648,0.82658,2.25,1.19
2016.04.12 04:07:54.145,0.82647,0.82658,1.00,1.19
2016.04.12 04:07:54.350,0.82645,0.82658,1.31,2.81
2016.04.12 04:07:54.858,0.82645,0.82655,1.25,1.00
2016.04.12 04:07:55.408,0.82644,0.82656,1.31,1.25
2016.04.12 04:07:58.012,0.82644,0.82657,1.19,1.69
2016.04.12 04:07:58.264,0.82645,0.82658,3.19,1.19
2016.04.12 04:07:58.367,0.82649,0.82662,1.00,2.06
2016.04.12 04:07:59.030,0.82652,0.82664,1.00,1.69
2016.04.12 04:07:59.542,0.82653,0.82664,1.00,1.31
2016.04.12 04:08:03.109,0.82653,0.82666,1.00,1.19
2016.04.12 04:08:06.730,0.82654,0.82667,1.31,1.00
2016.04.12 04:08:06.984,0.82659,0.82673,1.31,1.69
2016.04.12 04:08:07.527,0.82658,0.82675,2.06,3.19
2016.04.12 04:08:13.143,0.82658,0.82673,2.06,2.44
2016.04.12 04:08:14.083,0.8266,0.82672,1.19,1.37
2016.04.12 04:08:14.185,0.82661,0.82674,1.31,1.00
2016.04.12 04:08:14.288,0.82665,0.82674,1.19,1.00
2016.04.12 04:08:14.595,0.82665,0.82676,1.19,1.00
2016.04.12 04:08:15.355,0.82665,0.82677,1.31,1.50
2016.04.12 04:08:15.508,0.82665,0.8268,1.31,3.19
2016.04.12 04:08:16.015,0.82667,0.8268,1.69,1.25
2016.04.12 04:08:16.066,0.82667,0.8268,1.69,1.69
2016.04.12 04:08:17.567,0.82667,0.8268,1.25,2.81
2016.04.12 04:08:19.148,0.82668,0.82681,1.19,1.50
2016.04.12 04:08:20.192,0.82668,0.82679,1.19,1.00
2016.04.12 04:08:20.701,0.82668,0.82678,1.19,1.00
2016.04.12 04:08:22.051,0.82668,0.82676,1.19,1.50
2016.04.12 04:08:22.395,0.82668,0.82674,1.25,1.50
2016.04.12 04:08:22.498,0.82668,0.82674,1.19,1.00
2016.04.12 04:08:22.600,0.82667,0.82677,1.19,1.12
2016.04.12 04:08:22.703,0.82667,0.82681,1.31,1.75
2016.04.12 04:08:23.207,0.82667,0.8268,1.19,1.75
2016.04.12 04:08:24.258,0.82667,0.82679,1.19,3.97
2016.04.12 04:08:24.310,0.82664,0.82678,1.31,2.47
2016.04.12 04:08:24.565,0.82664,0.82675,1.19,1.37
2016.04.12 04:08:25.211,0.82662,0.82674,1.19,1.00
2016.04.12 04:08:26.828,0.82664,0.82674,1.25,1.00
2016.04.12 04:08:27.286,0.82664,0.82677,1.25,1.37
2016.04.12 04:08:27.768,0.82667,0.82679,1.19,2.25
2016.04.12 04:08:29.793,0.82667,0.82679,1.19,1.75
2016.04.12 04:08:30.830,0.82667,0.82678,1.19,1.12
2016.04.12 04:08:32.898,0.82667,0.82678,1.19,1.37
2016.04.12 04:08:40.802,0.82666,0.82679,1.31,1.50
2016.04.12 04:08:41.157,0.82668,0.8268,1.19,1.75
2016.04.12 04:08:42.101,0.82668,0.82681,2.81,1.87
2016.04.12 04:08:42.153,0.82669,0.82682,1.69,1.12
2016.04.12 04:08:42.356,0.82679,0.82684,1.19,1.50
2016.04.12 04:08:42.458,0.82679,0.82685,1.19,1.12
2016.04.12 04:08:42.713,0.82679,0.82685,1.19,3.00
2016.04.12 04:08:42.968,0.82679,0.82686,1.25,1.75
2016.04.12 04:08:43.219,0.82676,0.82683,1.25,2.25
2016.04.12 04:08:43.474,0.82675,0.82682,1.19,1.50
2016.04.12 04:08:45.671,0.82674,0.82681,1.19,1.37
2016.04.12 04:08:46.510,0.82674,0.82682,1.19,1.50
2016.04.12 04:08:46.758,0.82674,0.82686,1.19,1.12
2016.04.12 04:08:47.267,0.82674,0.82685,1.19,1.00
2016.04.12 04:08:47.775,0.82672,0.82684,1.19,1.12
2016.04.12 04:08:48.607,0.82672,0.82685,1.31,1.87
2016.04.12 04:08:49.324,0.82672,0.82684,1.19,2.25
2016.04.12 04:08:49.877,0.82672,0.82681,1.19,1.12
2016.04.12 04:08:50.931,0.82672,0.82681,1.19,1.50
2016.04.12 04:08:51.438,0.82671,0.82681,1.19,1.12
2016.04.12 04:08:51.939,0.82674,0.82682,1.25,2.62
2016.04.12 04:08:53.756,0.82674,0.8268,1.25,1.37
2016.04.12 04:08:54.265,0.82674,0.8268,1.25,2.25
2016.04.12 04:08:54.470,0.8267,0.82679,1.19,1.00
2016.04.12 04:08:54.929,0.8267,0.82678,1.19,1.50
2016.04.12 04:08:55.234,0.82666,0.82678,1.19,3.37
2016.04.12 04:08:55.741,0.82666,0.82678,1.31,1.37
2016.04.12 04:08:58.063,0.82666,0.82678,1.56,1.12
2016.04.12 04:08:58.278,0.82666,0.82681,1.69,1.56
2016.04.12 04:08:58.330,0.82669,0.82682,1.31,1.50
2016.04.12 04:08:58.432,0.82669,0.82683,1.31,2.25
2016.04.12 04:08:59.453,0.82672,0.82684,1.19,1.69
2016.04.12 04:09:00.766,0.82672,0.82686,1.19,5.10
2016.04.12 04:09:01.273,0.82671,0.82684,1.19,3.00
2016.04.12 04:09:04.378,0.82672,0.82682,1.19,1.12
2016.04.12 04:09:07.995,0.82675,0.82685,1.19,3.75
2016.04.12 04:09:08.046,0.82675,0.82685,1.19,1.12
2016.04.12 04:09:11.281,0.82675,0.82687,1.69,1.12
2016.04.12 04:09:11.783,0.82678,0.82689,1.25,1.50
2016.04.12 04:09:11.834,0.82681,0.82689,1.00,1.00
2016.04.12 04:09:14.274,0.82678,0.82688,1.25,1.00
2016.04.12 04:09:14.778,0.82677,0.82687,1.19,1.00
2016.04.12 04:09:18.146,0.82677,0.82685,1.19,1.00
2016.04.12 04:09:18.197,0.82674,0.82685,1.69,1.87
2016.04.12 04:09:18.452,0.82674,0.82683,1.19,2.25
2016.04.12 04:09:19.162,0.82674,0.82683,1.19,1.37
2016.04.12 04:09:19.213,0.82674,0.82684,1.19,2.62
2016.04.12 04:09:19.724,0.82675,0.82685,1.19,2.25
2016.04.12 04:09:20.591,0.82674,0.82682,1.19,1.00
2016.04.12 04:09:20.796,0.82669,0.82682,1.19,3.00
2016.04.12 04:09:21.788,0.82664,0.82678,1.31,2.62
2016.04.12 04:09:21.840,0.82664,0.82674,1.31,1.00
2016.04.12 04:09:22.146,0.82664,0.82672,1.19,1.37
2016.04.12 04:09:22.197,0.82664,0.82672,1.19,1.12
2016.04.12 04:09:22.706,0.82664,0.8267,1.25,1.37
2016.04.12 04:09:23.062,0.82664,0.82671,1.25,1.50
2016.04.12 04:09:24.283,0.82664,0.82673,1.25,1.50
2016.04.12 04:09:24.385,0.82666,0.82673,1.25,1.50
2016.04.12 04:09:25.618,0.82663,0.82673,1.25,1.50
2016.04.12 04:09:26.125,0.82663,0.82671,1.25,1.00
2016.04.12 04:09:26.227,0.82663,0.82669,1.25,1.00
2016.04.12 04:09:26.279,0.82656,0.82669,1.12,1.50
2016.04.12 04:09:26.330,0.82656,0.82667,1.12,1.50
2016.04.12 04:09:26.656,0.82653,0.82662,1.19,1.37
2016.04.12 04:09:27.165,0.82653,0.82662,1.19,2.25
2016.04.12 04:09:27.673,0.82653,0.82661,1.19,1.50
2016.04.12 04:09:29.269,0.82653,0.82667,1.69,3.94
2016.04.12 04:09:29.371,0.82657,0.82667,1.00,1.69
2016.04.12 04:09:29.850,0.82655,0.82666,1.00,1.50
2016.04.12 04:09:30.028,0.82655,0.82662,1.00,1.50
2016.04.12 04:09:30.333,0.82648,0.82656,1.37,1.50
2016.04.12 04:09:30.638,0.82642,0.82646,1.00,3.00
2016.04.12 04:09:30.690,0.82639,0.82646,1.00,3.00
2016.04.12 04:09:30.742,0.82639,0.82644,1.00,1.00
2016.04.12 04:09:30.793,0.82633,0.82643,1.12,1.25
2016.04.12 04:09:30.947,0.82631,0.82642,1.12,2.06
2016.04.12 04:09:30.999,0.82626,0.82639,1.37,1.56
2016.04.12 04:09:31.101,0.82625,0.82637,1.12,1.25
2016.04.12 04:09:31.355,0.82626,0.82635,1.00,1.19
2016.04.12 04:09:31.863,0.82625,0.82634,1.00,1.19
2016.04.12 04:09:32.393,0.82624,0.82633,1.00,1.25
2016.04.12 04:09:32.698,0.82626,0.82633,1.00,1.25
2016.04.12 04:09:33.870,0.82628,0.82633,1.00,1.25
2016.04.12 04:09:34.175,0.82626,0.82633,1.00,1.25
2016.04.12 04:09:34.713,0.82627,0.82633,1.00,1.25
2016.04.12 04:09:36.160,0.8263,0.82637,1.00,1.25
2016.04.12 04:09:36.263,0.82635,0.82642,1.00,1.94
2016.04.12 04:09:36.569,0.82638,0.82642,1.00,1.25
2016.04.12 04:09:36.621,0.8263,0.82642,1.50,1.19
2016.04.12 04:09:36.723,0.8263,0.82642,1.12,1.19
2016.04.12 04:09:36.825,0.82628,0.82642,1.87,2.06
2016.04.12 04:09:37.333,0.82628,0.8264,1.00,1.12
2016.04.12 04:09:37.855,0.82627,0.82641,1.00,1.69
2016.04.12 04:09:38.160,0.82631,0.82639,1.00,1.12
2016.04.12 04:09:38.262,0.82629,0.82639,1.00,1.50
2016.04.12 04:09:38.823,0.82628,0.82638,1.00,1.12
2016.04.12 04:09:40.110,0.82627,0.82639,1.00,2.44
2016.04.12 04:09:42.433,0.8263,0.82638,1.00,1.00
2016.04.12 04:09:42.739,0.82632,0.8264,1.00,1.19
2016.04.12 04:09:45.737,0.8263,0.8264,1.50,1.19
2016.04.12 04:09:45.941,0.82629,0.8264,1.00,1.19
2016.04.12 04:09:47.010,0.82629,0.82639,1.00,1.69
2016.04.12 04:09:47.517,0.82627,0.82638,1.00,1.12
2016.04.12 04:09:48.025,0.82626,0.82638,1.00,1.12
2016.04.12 04:09:48.553,0.82627,0.82639,1.00,2.44
2016.04.12 04:09:50.203,0.82627,0.82636,1.00,1.00
2016.04.12 04:09:50.541,0.82627,0.82634,1.00,1.25
2016.04.12 04:09:50.795,0.82625,0.82634,1.00,1.25
2016.04.12 04:09:51.251,0.82627,0.82634,1.00,1.25
2016.04.12 04:09:51.807,0.82625,0.82634,1.00,1.69
2016.04.12 04:09:52.310,0.82626,0.82634,1.00,1.25
2016.04.12 04:09:52.819,0.82627,0.82634,1.00,1.25
2016.04.12 04:09:53.326,0.82628,0.82635,1.00,2.06
2016.04.12 04:09:55.867,0.82629,0.82635,1.00,1.19
2016.04.12 04:09:56.216,0.82627,0.82635,1.00,1.19
2016.04.12 04:09:56.419,0.82627,0.82637,1.00,1.19
2016.04.12 04:09:56.688,0.8263,0.82637,1.00,1.19
2016.04.12 04:09:56.996,0.82636,0.8264,1.00,1.69
2016.04.12 04:09:57.099,0.82634,0.82639,1.12,1.25
2016.04.12 04:09:58.621,0.82633,0.8264,1.00,1.19
2016.04.12 04:09:58.824,0.82633,0.82645,1.00,1.56
2016.04.12 04:09:59.525,0.82634,0.82645,1.00,1.19
2016.04.12 04:10:00.184,0.82633,0.82645,1.50,1.19
2016.04.12 04:10:02.925,0.82634,0.82645,1.00,1.69
2016.04.12 04:10:08.537,0.82633,0.82645,1.50,1.69
2016.04.12 04:10:09.295,0.82634,0.82645,1.00,1.69
2016.04.12 04:10:10.956,0.82634,0.82645,1.50,1.69
2016.04.12 04:10:11.401,0.82637,0.82646,1.00,1.19
2016.04.12 04:10:11.503,0.82639,0.82649,1.00,1.69
2016.04.12 04:10:11.606,0.82644,0.82652,1.12,1.00
2016.04.12 04:10:11.914,0.82645,0.82655,1.50,1.19
2016.04.12 04:10:16.399,0.82642,0.82655,3.00,1.19
2016.04.12 04:10:18.274,0.82642,0.82655,1.87,1.56
2016.04.12 04:10:18.872,0.82641,0.82654,1.50,2.66
2016.04.12 04:10:18.974,0.8264,0.82652,1.25,2.85
2016.04.12 04:10:19.499,0.82639,0.82651,1.19,1.35
2016.04.12 04:10:19.956,0.82639,0.8265,1.00,1.54
2016.04.12 04:10:20.611,0.82637,0.82647,1.00,1.19
2016.04.12 04:10:20.866,0.82633,0.82647,1.50,2.81
2016.04.12 04:10:20.969,0.82633,0.82647,1.69,1.25
2016.04.12 04:10:21.780,0.82634,0.82649,1.69,1.56
2016.04.12 04:10:23.936,0.82639,0.82649,1.00,1.56
2016.04.12 04:10:24.241,0.82641,0.82649,1.00,1.19
2016.04.12 04:10:24.782,0.82642,0.82649,1.00,1.19
2016.04.12 04:10:25.339,0.82639,0.82649,1.00,1.19
2016.04.12 04:10:27.162,0.82641,0.82649,1.00,1.19
2016.04.12 04:10:27.316,0.82639,0.82649,1.00,1.19
2016.04.12 04:10:27.771,0.82641,0.82649,1.00,1.19
2016.04.12 04:10:29.400,0.82639,0.82649,1.00,1.19
2016.04.12 04:10:29.553,0.82637,0.82649,1.00,2.44
2016.04.12 04:10:29.655,0.82639,0.82649,1.00,2.44
2016.04.12 04:10:30.265,0.82639,0.82645,1.00,1.00
2016.04.12 04:10:30.418,0.82636,0.82645,1.00,1.00
2016.04.12 04:10:30.927,0.82636,0.82646,1.00,1.00
2016.04.12 04:10:31.496,0.82635,0.82646,1.12,1.00
2016.04.12 04:10:33.283,0.82634,0.82646,1.31,1.12
2016.04.12 04:10:33.488,0.82634,0.82644,1.25,1.00
2016.04.12 04:10:33.996,0.82634,0.82644,1.25,1.50
2016.04.12 04:10:34.508,0.82635,0.82646,1.00,3.00
2016.04.12 04:10:35.013,0.82636,0.82646,1.19,3.00
2016.04.12 04:10:36.028,0.82634,0.82646,1.00,2.29
2016.04.12 04:10:36.553,0.82633,0.82645,1.00,2.06
2016.04.12 04:10:37.054,0.82631,0.82644,1.50,1.05
2016.04.12 04:10:37.563,0.82634,0.82645,1.00,1.31
2016.04.12 04:10:38.105,0.82635,0.82645,1.00,1.56
2016.04.12 04:10:38.362,0.82633,0.82645,1.00,1.31
2016.04.12 04:10:39.097,0.82634,0.82645,1.00,1.31
2016.04.12 04:10:42.430,0.82635,0.82645,1.00,2.06
2016.04.12 04:10:42.938,0.82634,0.82645,1.00,1.31
2016.04.12 04:10:43.475,0.82635,0.82645,1.00,1.31
2016.04.12 04:10:48.699,0.82636,0.82645,1.00,1.31
2016.04.12 04:10:49.447,0.82635,0.82645,1.00,2.06
2016.04.12 04:10:51.201,0.82633,0.82645,1.12,1.31
2016.04.12 04:10:51.708,0.82634,0.82645,1.00,1.31
2016.04.12 04:10:52.253,0.82633,0.82645,1.12,2.06
2016.04.12 04:10:53.533,0.82634,0.82645,1.00,1.31
2016.04.12 04:10:53.737,0.82636,0.82645,1.00,1.31
2016.04.12 04:10:54.826,0.82634,0.82645,1.00,1.31
2016.04.12 04:10:55.374,0.82635,0.82645,1.00,1.31
2016.04.12 04:10:59.668,0.82633,0.82645,1.12,1.31
2016.04.12 04:10:59.780,0.82631,0.8264,1.37,1.25
2016.04.12 04:10:59.831,0.8263,0.8264,1.50,1.25
2016.04.12 04:10:59.984,0.8263,0.82635,1.00,1.19
2016.04.12 04:11:00.036,0.82626,0.82635,1.12,1.19
2016.04.12 04:11:00.341,0.82628,0.82635,1.00,1.19
2016.04.12 04:11:00.850,0.82629,0.82635,1.00,1.19
2016.04.12 04:11:01.817,0.82627,0.82635,1.00,1.19
2016.04.12 04:11:02.808,0.82624,0.82635,1.12,1.19
2016.04.12 04:11:04.233,0.82625,0.82635,1.00,1.19
2016.04.12 04:11:04.753,0.82624,0.82635,1.00,1.31
2016.04.12 04:11:07.841,0.82625,0.82635,1.00,1.31
2016.04.12 04:11:07.943,0.82625,0.82636,1.00,1.00
2016.04.12 04:11:07.994,0.82628,0.82636,1.00,1.00
2016.04.12 04:11:08.367,0.82629,0.82638,1.00,1.69
2016.04.12 04:11:08.877,0.82628,0.82638,1.00,1.69
2016.04.12 04:11:15.672,0.82626,0.82638,1.00,1.69
2016.04.12 04:11:25.803,0.82627,0.82638,1.00,1.69
2016.04.12 04:11:30.859,0.82627,0.82638,1.00,1.62
2016.04.12 04:11:36.937,0.82628,0.82638,1.00,1.62
2016.04.12 04:11:38.090,0.82628,0.82638,1.00,1.25
2016.04.12 04:11:49.537,0.82626,0.82638,1.50,1.25
2016.04.12 04:11:49.588,0.82626,0.82634,1.50,1.25
2016.04.12 04:11:50.892,0.82626,0.82634,1.50,1.25
2016.04.12 04:11:52.594,0.82626,0.8263,1.00,1.25
2016.04.12 04:11:52.747,0.82623,0.8263,1.00,1.25
2016.04.12 04:11:54.294,0.82624,0.8263,1.00,1.25
2016.04.12 04:11:54.446,0.82624,0.82634,1.00,1.56
2016.04.12 04:11:54.548,0.82625,0.82631,1.00,1.25
2016.04.12 04:11:54.650,0.82626,0.82635,1.00,1.62
2016.04.12 04:11:54.752,0.82623,0.82633,1.00,1.19
2016.04.12 04:11:58.590,0.82621,0.82633,1.12,1.31
2016.04.12 04:11:58.845,0.82623,0.82633,1.00,1.31
2016.04.12 04:12:00.593,0.82621,0.82633,1.12,1.31
2016.04.12 04:12:00.695,0.82623,0.82633,1.00,1.31
2016.04.12 04:12:01.123,0.82621,0.82633,1.00,1.56
2016.04.12 04:12:01.174,0.82621,0.82629,1.00,1.19
2016.04.12 04:12:01.378,0.82623,0.82632,1.00,1.31
2016.04.12 04:12:03.349,0.82622,0.82632,1.00,1.31
2016.04.12 04:12:03.552,0.82624,0.82632,1.00,1.31
2016.04.12 04:12:04.423,0.82621,0.82632,1.12,1.19
2016.04.12 04:12:04.517,0.82623,0.82632,1.00,1.19
2016.04.12 04:12:05.404,0.82622,0.82632,1.00,1.19
2016.04.12 04:12:05.757,0.82624,0.82632,1.00,1.19
2016.04.12 04:12:07.401,0.82623,0.82632,1.00,1.19
2016.04.12 04:12:07.707,0.82625,0.82632,1.00,1.19
2016.04.12 04:12:07.962,0.82626,0.82635,1.00,1.69
2016.04.12 04:12:08.369,0.82629,0.82635,1.00,1.31
2016.04.12 04:12:08.420,0.82629,0.82639,1.00,3.19
2016.04.12 04:12:08.524,0.82631,0.82639,1.00,1.19
2016.04.12 04:12:08.627,0.82631,0.82641,1.00,1.31
2016.04.12 04:12:08.830,0.82633,0.82641,1.00,1.31
2016.04.12 04:12:09.389,0.82631,0.82641,1.00,1.31
2016.04.12 04:12:10.211,0.82631,0.82639,1.00,1.00
2016.04.12 04:12:10.570,0.82631,0.82641,1.00,1.31
2016.04.12 04:12:10.724,0.8263,0.82641,1.00,2.00
2016.04.12 04:12:11.354,0.82633,0.8264,1.00,1.19
2016.04.12 04:12:11.561,0.82631,0.8264,1.00,1.19
2016.04.12 04:12:12.171,0.82632,0.8264,1.00,1.19
2016.04.12 04:12:12.826,0.82632,0.82642,1.00,1.50
2016.04.12 04:12:13.578,0.8263,0.82642,1.25,1.50
2016.04.12 04:12:17.739,0.82631,0.82644,1.25,2.44
2016.04.12 04:12:18.289,0.82631,0.82642,1.25,1.00
2016.04.12 04:12:19.304,0.82632,0.82642,1.00,1.00
2016.04.12 04:12:19.812,0.82634,0.82642,1.00,1.00
2016.04.12 04:12:20.118,0.82636,0.82647,1.19,1.87
2016.04.12 04:12:20.169,0.82636,0.82649,1.19,1.12
2016.04.12 04:12:21.386,0.8264,0.82651,1.19,3.00
2016.04.12 04:12:22.278,0.82644,0.82652,1.19,1.50
2016.04.12 04:12:22.482,0.82644,0.82654,1.19,1.87
2016.04.12 04:12:23.401,0.82644,0.82655,1.19,3.00
2016.04.12 04:12:24.009,0.82648,0.82656,1.25,1.75
2016.04.12 04:12:24.315,0.82652,0.82661,1.19,2.25
2016.04.12 04:12:24.500,0.82652,0.82665,1.69,2.62
2016.04.12 04:12:25.011,0.82649,0.82663,1.56,3.00
2016.04.12 04:12:25.316,0.82648,0.82661,1.69,1.50
2016.04.12 04:12:26.421,0.82649,0.82661,1.69,1.00
2016.04.12 04:12:26.929,0.8265,0.82663,1.37,1.37
2016.04.12 04:12:34.719,0.82648,0.82663,2.81,1.50
2016.04.12 04:12:34.821,0.82649,0.82662,1.69,1.12
2016.04.12 04:12:35.398,0.82651,0.82663,1.31,1.62
2016.04.12 04:12:35.602,0.82656,0.82668,1.19,1.69
2016.04.12 04:12:35.653,0.82659,0.82668,1.00,1.69
2016.04.12 04:12:35.908,0.8266,0.82673,1.31,1.00
2016.04.12 04:12:36.163,0.82661,0.82675,1.31,1.87
2016.04.12 04:12:37.250,0.8266,0.82674,2.25,1.19
2016.04.12 04:12:37.557,0.8266,0.82674,4.50,1.19
2016.04.12 04:12:38.109,0.8266,0.82674,2.25,1.19
2016.04.12 04:12:40.055,0.82664,0.82674,1.00,1.19
2016.04.12 04:12:40.311,0.82665,0.82676,1.69,1.25
2016.04.12 04:12:40.515,0.82665,0.82676,2.00,1.69
2016.04.12 04:12:40.972,0.82665,0.82672,1.75,1.00
2016.04.12 04:12:41.024,0.82665,0.82672,1.12,1.00
2016.04.12 04:12:41.115,0.82662,0.82673,1.50,1.00
2016.04.12 04:12:41.319,0.82659,0.82671,2.44,1.00
2016.04.12 04:12:41.726,0.82659,0.82668,1.94,1.00
2016.04.12 04:12:41.879,0.82659,0.8267,1.62,1.25
2016.04.12 04:12:45.416,0.82659,0.8267,1.56,1.00
2016.04.12 04:12:45.620,0.82662,0.82672,1.25,1.00
2016.04.12 04:12:47.012,0.82662,0.82674,1.25,1.00
2016.04.12 04:12:47.166,0.82663,0.82672,1.19,1.00
2016.04.12 04:12:47.269,0.82658,0.8267,2.44,1.50
2016.04.12 04:12:47.320,0.82658,0.82668,1.69,1.00
2016.04.12 04:12:49.472,0.82658,0.82672,1.19,6.19
2016.04.12 04:12:49.777,0.8266,0.8267,1.19,1.87
2016.04.12 04:12:49.880,0.82659,0.8267,1.31,1.87
2016.04.12 04:12:50.570,0.82657,0.8267,1.94,2.06
2016.04.12 04:12:50.774,0.82654,0.82669,2.06,1.31
2016.04.12 04:12:51.281,0.82654,0.82668,1.19,1.25
2016.04.12 04:12:51.821,0.82654,0.82667,1.69,1.00
2016.04.12 04:12:54.179,0.82657,0.82667,1.19,1.00
2016.04.12 04:12:54.687,0.82657,0.82666,1.19,1.00
2016.04.12 04:12:55.232,0.82657,0.82666,1.19,2.25
2016.04.12 04:12:55.443,0.82655,0.82666,1.19,2.25
2016.04.12 04:12:55.748,0.82656,0.82668,2.06,1.00
2016.04.12 04:12:58.646,0.82656,0.8267,1.69,1.69
2016.04.12 04:12:58.748,0.82656,0.8267,2.81,1.25
2016.04.12 04:12:59.444,0.82655,0.8267,2.44,1.12
2016.04.12 04:12:59.851,0.82656,0.82669,1.25,1.12
2016.04.12 04:12:59.953,0.82655,0.82668,1.31,1.37
2016.04.12 04:13:03.614,0.82654,0.82665,1.19,1.00
2016.04.12 04:13:03.666,0.82651,0.82665,2.81,1.37
2016.04.12 04:13:04.174,0.82651,0.82664,1.19,2.25
2016.04.12 04:13:05.858,0.8265,0.82658,1.12,1.19
2016.04.12 04:13:07.166,0.82649,0.82659,1.50,1.19
2016.04.12 04:13:08.661,0.82649,0.82659,1.12,1.19
2016.04.12 04:13:09.287,0.8265,0.82659,1.00,1.19
2016.04.12 04:13:09.921,0.82648,0.82659,1.50,1.19
2016.04.12 04:13:10.456,0.82647,0.82659,1.50,1.19
2016.04.12 04:13:10.711,0.82646,0.82659,1.12,1.31
2016.04.12 04:13:11.217,0.82647,0.82659,1.00,1.19
2016.04.12 04:13:12.872,0.82646,0.82656,1.00,1.25
2016.04.12 04:13:13.128,0.82644,0.82655,1.12,1.25
2016.04.12 04:13:13.491,0.82641,0.82655,1.12,2.06
2016.04.12 04:13:15.776,0.8264,0.82655,2.62,1.69
2016.04.12 04:13:15.979,0.82644,0.82657,1.12,1.00
2016.04.12 04:13:16.488,0.82643,0.82656,1.87,1.00
2016.04.12 04:13:21.682,0.82644,0.82651,1.00,1.25
2016.04.12 04:13:21.784,0.82642,0.82651,1.00,1.25
2016.04.12 04:13:21.960,0.82638,0.82644,1.37,1.25
2016.04.12 04:13:22.164,0.82634,0.82645,1.87,1.25
2016.04.12 04:13:22.216,0.82634,0.82643,1.87,1.19
2016.04.12 04:13:25.003,0.82635,0.82645,1.37,1.25
2016.04.12 04:13:25.637,0.82636,0.82645,1.50,1.19
2016.04.12 04:13:27.155,0.82635,0.82649,1.87,1.87
2016.04.12 04:13:30.529,0.82638,0.82649,1.00,1.00
2016.04.12 04:13:30.682,0.82637,0.82649,1.37,1.31
2016.04.12 04:13:30.785,0.82633,0.82643,1.00,1.50
2016.04.12 04:13:30.937,0.82629,0.82643,1.50,2.06
2016.04.12 04:13:30.988,0.82628,0.82641,2.25,1.12
2016.04.12 04:13:31.293,0.82628,0.82638,1.50,1.19
2016.04.12 04:13:37.820,0.82627,0.82638,1.00,1.54
2016.04.12 04:13:37.922,0.82625,0.82636,1.12,1.12
2016.04.12 04:13:37.973,0.82622,0.82632,2.25,1.00
2016.04.12 04:13:38.024,0.82619,0.82632,1.87,1.00
2016.04.12 04:13:38.527,0.82619,0.82631,1.75,1.00
2016.04.12 04:13:40.398,0.8262,0.82631,1.00,1.50
2016.04.12 04:13:40.500,0.82615,0.82627,1.50,1.00
2016.04.12 04:13:40.602,0.82612,0.82626,1.00,1.00
2016.04.12 04:13:40.704,0.8261,0.82624,1.56,1.00
2016.04.12 04:13:40.907,0.82608,0.82624,3.37,1.50
2016.04.12 04:13:41.349,0.82609,0.82622,1.87,1.00
2016.04.12 04:13:41.630,0.82606,0.82622,1.69,1.00
2016.04.12 04:13:42.137,0.82606,0.82621,2.81,1.00
2016.04.12 04:13:42.239,0.82613,0.82621,1.19,1.00
2016.04.12 04:13:42.772,0.82613,0.82622,1.19,1.00
2016.04.12 04:13:44.225,0.82613,0.82623,1.19,1.50
2016.04.12 04:13:44.765,0.82613,0.82622,1.19,1.00
2016.04.12 04:13:47.198,0.82612,0.82622,1.19,1.00
2016.04.12 04:13:48.142,0.82612,0.82623,1.19,1.50
2016.04.12 04:13:48.397,0.82617,0.82629,1.19,1.00
2016.04.12 04:13:48.600,0.82617,0.82632,1.19,1.19
2016.04.12 04:13:49.148,0.82617,0.8263,1.69,1.00
2016.04.12 04:13:49.606,0.82622,0.82631,1.19,1.00
2016.04.12 04:13:50.114,0.82622,0.82632,1.19,1.00
2016.04.12 04:13:50.710,0.82622,0.82631,1.19,1.00
2016.04.12 04:13:51.015,0.82622,0.82633,1.19,1.00
2016.04.12 04:13:51.517,0.82623,0.82635,1.19,1.00
2016.04.12 04:13:51.569,0.82623,0.82637,1.19,2.44
2016.04.12 04:13:51.620,0.82627,0.82637,1.19,1.00
2016.04.12 04:13:51.926,0.82635,0.8264,1.19,1.00
2016.04.12 04:13:52.231,0.82635,0.82643,1.19,1.00
2016.04.12 04:13:52.383,0.82628,0.82642,1.50,1.00
2016.04.12 04:13:52.543,0.82628,0.82642,1.00,1.00
2016.04.12 04:13:52.636,0.82627,0.82642,2.62,1.69
2016.04.12 04:13:53.259,0.82626,0.82642,1.00,2.06
2016.04.12 04:13:53.564,0.82617,0.82632,2.25,1.25
2016.04.12 04:13:53.868,0.82617,0.8263,1.75,1.00
2016.04.12 04:13:54.406,0.82617,0.82631,1.75,1.00
2016.04.12 04:13:56.568,0.82618,0.82631,1.00,1.00
2016.04.12 04:13:57.105,0.82617,0.8263,1.00,1.25
2016.04.12 04:13:59.393,0.82616,0.8263,2.25,1.25
2016.04.12 04:13:59.910,0.82617,0.8263,1.12,1.25
2016.04.12 04:14:00.959,0.82616,0.8263,1.00,1.25
2016.04.12 04:14:01.370,0.82616,0.82628,1.00,1.00
2016.04.12 04:14:02.359,0.82615,0.82628,3.37,1.00
2016.04.12 04:14:02.885,0.82613,0.82628,2.25,1.69
2016.04.12 04:14:03.193,0.82612,0.82625,2.62,1.19
2016.04.12 04:14:07.205,0.82612,0.82623,1.00,1.19
2016.04.12 04:14:07.271,0.8261,0.82623,2.25,1.19
2016.04.12 04:14:07.426,0.82608,0.82622,1.00,1.25
2016.04.12 04:14:07.528,0.82606,0.82622,1.00,1.25
2016.04.12 04:14:07.681,0.82604,0.8262,1.87,1.00
2016.04.12 04:14:08.027,0.82603,0.82617,1.87,1.19
2016.04.12 04:14:09.661,0.82604,0.82616,1.50,1.25
2016.04.12 04:14:09.763,0.82604,0.82619,1.50,2.62
2016.04.12 04:14:10.686,0.82607,0.8262,1.00,3.94
2016.04.12 04:14:10.991,0.82609,0.82622,1.50,1.50
2016.04.12 04:14:11.093,0.82607,0.82622,1.87,1.87
2016.04.12 04:14:11.224,0.82609,0.82624,1.50,1.12
2016.04.12 04:14:11.529,0.82608,0.82622,1.50,2.25
2016.04.12 04:14:11.835,0.82611,0.82625,1.50,2.06
2016.04.12 04:14:12.342,0.82611,0.82624,1.00,1.00
2016.04.12 04:14:13.890,0.82611,0.82624,1.37,1.00
2016.04.12 04:14:14.700,0.82613,0.82624,1.37,1.00
2016.04.12 04:14:14.754,0.82615,0.82628,1.37,3.37
2016.04.12 04:14:16.175,0.82614,0.82628,1.50,1.87
2016.04.12 04:14:16.832,0.82613,0.82628,1.50,2.25
2016.04.12 04:14:18.248,0.82613,0.82627,1.00,1.12
2016.04.12 04:14:21.154,0.82614,0.82628,1.50,1.37
2016.04.12 04:14:23.370,0.82614,0.82629,1.50,2.06
2016.04.12 04:14:23.877,0.82616,0.82628,1.00,1.00
2016.04.12 04:14:25.063,0.82616,0.82628,1.00,1.31
2016.04.12 04:14:33.910,0.82613,0.82628,1.75,1.19
2016.04.12 04:14:33.962,0.82613,0.82625,1.37,1.00
2016.04.12 04:14:34.013,0.82613,0.82625,1.12,1.00
2016.04.12 04:14:34.447,0.82612,0.82625,1.75,1.69
2016.04.12 04:14:34.654,0.82613,0.82627,1.75,1.25
2016.04.12 04:14:35.162,0.82614,0.82629,1.75,1.69
2016.04.12 04:14:35.822,0.82615,0.82629,1.69,1.00
2016.04.12 04:14:38.166,0.82615,0.82629,2.00,1.00
2016.04.12 04:14:41.561,0.82615,0.8263,2.06,1.31
2016.04.12 04:14:46.685,0.82618,0.82631,1.37,1.56
2016.04.12 04:14:47.193,0.82619,0.82635,3.94,1.25
2016.04.12 04:14:47.295,0.82624,0.82636,2.44,1.12
2016.04.12 04:14:47.604,0.82627,0.82641,1.75,2.81
2016.04.12 04:14:47.808,0.82627,0.82641,2.44,2.62
2016.04.12 04:14:48.266,0.82627,0.82639,2.44,1.00
2016.04.12 04:14:48.591,0.82628,0.82637,1.94,1.00
2016.04.12 04:14:50.803,0.82627,0.82637,2.44,1.00
2016.04.12 04:14:52.771,0.82628,0.82639,1.19,1.00
2016.04.12 04:14:53.286,0.82628,0.82638,1.19,1.00
2016.04.12 04:14:56.857,0.82628,0.82638,1.00,1.00
2016.04.12 04:15:00.376,0.82628,0.82639,1.00,1.25
2016.04.12 04:15:01.121,0.82628,0.82639,1.56,1.00
2016.04.12 04:15:01.223,0.82628,0.82641,1.56,1.12
2016.04.12 04:15:01.325,0.82628,0.82639,1.56,1.00
2016.04.12 04:15:01.684,0.82628,0.82641,1.56,1.12
2016.04.12 04:15:03.436,0.82628,0.8264,1.56,1.00
2016.04.12 04:15:04.096,0.82628,0.82642,2.06,1.37
2016.04.12 04:15:04.343,0.82632,0.82643,1.19,3.37
2016.04.12 04:15:05.158,0.82632,0.82643,1.19,1.00
2016.04.12 04:15:05.565,0.82633,0.82644,1.31,1.00
2016.04.12 04:15:12.809,0.82631,0.82643,1.31,1.00
2016.04.12 04:15:12.911,0.82631,0.82643,1.19,3.97
2016.04.12 04:15:13.216,0.82631,0.82637,1.19,1.00
2016.04.12 04:15:14.104,0.82626,0.82637,1.19,1.00
2016.04.12 04:15:17.573,0.82626,0.82638,1.19,1.12
2016.04.12 04:15:18.119,0.82626,0.82636,1.19,1.50
2016.04.12 04:15:25.851,0.82626,0.82635,1.19,1.00
2016.04.12 04:15:26.386,0.82627,0.82635,1.19,1.00
2016.04.12 04:15:27.198,0.82627,0.82635,1.19,1.87
2016.04.12 04:15:30.298,0.82629,0.82635,1.19,1.00
2016.04.12 04:15:30.451,0.82629,0.82639,1.19,1.75
2016.04.12 04:15:33.274,0.82629,0.82638,1.19,2.25
2016.04.12 04:15:33.376,0.82626,0.82638,1.19,2.25
2016.04.12 04:15:33.630,0.82626,0.82634,1.19,1.00
2016.04.12 04:15:33.681,0.82625,0.82634,1.25,1.37
2016.04.12 04:15:34.032,0.82622,0.82634,1.19,2.25
2016.04.12 04:15:34.185,0.82622,0.82633,1.19,2.25
2016.04.12 04:15:36.240,0.82622,0.82629,1.19,1.50
2016.04.12 04:15:36.341,0.82619,0.82628,1.19,1.00
2016.04.12 04:15:36.791,0.82619,0.82627,1.19,1.37
2016.04.12 04:15:36.894,0.82613,0.82623,1.19,2.25
2016.04.12 04:15:36.945,0.82613,0.82619,1.19,1.00
2016.04.12 04:15:36.996,0.82609,0.82619,1.69,1.37
2016.04.12 04:15:37.808,0.82606,0.8262,2.06,1.50
2016.04.12 04:15:38.316,0.82606,0.8262,1.19,1.50
2016.04.12 04:15:41.726,0.82608,0.82619,1.19,1.12
2016.04.12 04:15:42.777,0.82608,0.82623,1.19,2.25
2016.04.12 04:15:43.726,0.82606,0.82622,2.06,1.69
2016.04.12 04:15:51.972,0.82608,0.82622,1.56,1.37
2016.04.12 04:15:52.278,0.82616,0.82629,1.69,1.56
2016.04.12 04:15:52.583,0.82616,0.82629,3.56,1.19
2016.04.12 04:15:53.150,0.82615,0.82629,1.94,1.69
2016.04.12 04:15:59.632,0.82616,0.82629,1.25,1.69
2016.04.12 04:15:59.937,0.82615,0.82627,1.00,1.19
2016.04.12 04:16:00.445,0.82611,0.82627,2.81,1.69
2016.04.12 04:16:17.906,0.82612,0.82626,1.62,1.56
2016.04.12 04:16:18.413,0.82611,0.82626,1.69,1.69
2016.04.12 04:16:21.467,0.82612,0.82626,1.62,1.56
2016.04.12 04:16:23.363,0.82613,0.82626,1.37,1.31
2016.04.12 04:16:24.975,0.82615,0.82629,1.19,2.44
2016.04.12 04:16:25.077,0.82616,0.82631,2.81,2.25
2016.04.12 04:16:25.281,0.8262,0.82633,1.12,1.31
2016.04.12 04:16:25.821,0.82617,0.82632,1.69,1.91
2016.04.12 04:16:25.873,0.82617,0.8263,1.69,1.50
2016.04.12 04:16:27.985,0.82616,0.82628,1.31,1.00
2016.04.12 04:16:28.507,0.82616,0.82629,1.19,1.75
2016.04.12 04:16:28.711,0.82614,0.82629,2.44,1.94
2016.04.12 04:16:28.813,0.82612,0.82627,2.06,2.62
2016.04.12 04:16:28.864,0.82612,0.82626,1.69,1.50
2016.04.12 04:16:29.016,0.82613,0.82626,1.19,1.50
2016.04.12 04:16:29.787,0.82613,0.82625,1.19,1.50
2016.04.12 04:16:33.157,0.82613,0.82625,1.19,1.00
2016.04.12 04:16:33.447,0.82611,0.82626,1.87,1.69
2016.04.12 04:16:35.900,0.82612,0.82625,1.00,1.69
2016.04.12 04:16:36.560,0.82612,0.82625,1.12,1.19
2016.04.12 04:16:37.805,0.82611,0.82626,1.00,2.44
2016.04.12 04:16:38.315,0.82611,0.82626,1.37,1.69
2016.04.12 04:16:38.823,0.82611,0.82626,1.69,1.50
2016.04.12 04:16:39.078,0.82609,0.82624,1.69,1.87
2016.04.12 04:16:39.281,0.82608,0.82623,2.06,2.25
2016.04.12 04:16:39.790,0.82607,0.82622,2.06,1.50
2016.04.12 04:16:40.349,0.82606,0.82623,3.19,3.56
2016.04.12 04:16:40.806,0.82608,0.82622,3.94,1.25
2016.04.12 04:16:40.908,0.82608,0.82622,3.19,1.25
2016.04.12 04:16:43.217,0.8261,0.82622,1.19,1.00
2016.04.12 04:16:43.601,0.82613,0.82625,1.00,1.75
2016.04.12 04:16:43.653,0.82613,0.82624,1.69,1.00
2016.04.12 04:16:43.755,0.82613,0.82627,2.81,1.00
2016.04.12 04:16:44.269,0.82613,0.82627,3.19,1.00
2016.04.12 04:16:45.374,0.82614,0.82629,1.69,2.44
2016.04.12 04:16:45.628,0.82618,0.8263,1.19,1.75
2016.04.12 04:16:46.154,0.82618,0.82629,1.19,1.00
2016.04.12 04:16:56.907,0.82619,0.82632,1.25,1.00
2016.04.12 04:16:56.959,0.82623,0.82634,1.19,1.37
2016.04.12 04:16:57.011,0.82623,0.82635,1.19,1.87
2016.04.12 04:16:57.559,0.82623,0.82636,2.06,1.12
2016.04.12 04:16:58.281,0.82626,0.82638,1.19,1.50
2016.04.12 04:16:58.333,0.82626,0.82638,1.19,1.00
2016.04.12 04:16:58.631,0.82626,0.8264,1.69,2.62
2016.04.12 04:16:59.156,0.82626,0.8264,1.69,2.06
2016.04.12 04:17:01.291,0.82626,0.82639,1.69,1.37
2016.04.12 04:17:01.850,0.82626,0.82635,1.19,1.00
2016.04.12 04:17:03.374,0.82622,0.82635,1.69,1.00
2016.04.12 04:17:13.339,0.82624,0.82636,1.31,1.37
2016.04.12 04:17:13.491,0.82627,0.82636,1.19,1.37
2016.04.12 04:17:13.593,0.82622,0.82635,3.19,1.00
2016.04.12 04:17:13.696,0.82622,0.82635,2.81,1.87
2016.04.12 04:17:13.747,0.82622,0.82635,1.19,3.75
2016.04.12 04:17:14.263,0.82622,0.82633,1.19,1.75
2016.04.12 04:17:14.774,0.82619,0.82632,1.19,1.87
2016.04.12 04:17:18.117,0.82619,0.82632,1.19,1.87
2016.04.12 04:17:22.924,0.82619,0.82631,1.19,1.00
2016.04.12 04:17:23.026,0.82619,0.82631,1.19,2.62
2016.04.12 04:17:27.189,0.82619,0.82627,1.19,1.00
2016.04.12 04:17:27.241,0.82614,0.82627,1.31,1.50
2016.04.12 04:17:27.750,0.82614,0.82628,2.06,2.25
2016.04.12 04:17:29.423,0.82613,0.82626,1.56,1.87
2016.04.12 04:17:29.727,0.82613,0.82627,1.69,1.00
2016.04.12 04:17:30.233,0.82613,0.82628,1.69,2.47
2016.04.12 04:17:34.563,0.82613,0.82628,1.69,3.04
2016.04.12 04:17:38.174,0.82613,0.82627,1.69,1.00
2016.04.12 04:17:38.530,0.82616,0.82631,1.31,2.25
2016.04.12 04:17:44.883,0.82616,0.8263,1.31,1.37
2016.04.12 04:17:50.912,0.82616,0.82631,1.31,2.25
2016.04.12 04:17:53.446,0.82619,0.82631,1.37,1.50
2016.04.12 04:17:53.497,0.8262,0.82632,1.31,1.00
2016.04.12 04:17:53.599,0.82622,0.82637,1.87,2.06
2016.04.12 04:17:53.906,0.82625,0.82639,1.50,2.06
2016.04.12 04:17:54.110,0.82624,0.82638,1.12,1.94
2016.04.12 04:17:54.365,0.82622,0.82634,1.19,1.12
2016.04.12 04:17:54.669,0.82622,0.82634,1.19,1.50
2016.04.12 04:17:58.115,0.82622,0.82634,1.19,2.25
2016.04.12 04:18:02.520,0.82622,0.82634,1.19,1.75
2016.04.12 04:18:14.808,0.82622,0.82631,1.19,1.50
2016.04.12 04:18:14.960,0.82616,0.8263,1.31,1.87
2016.04.12 04:18:15.011,0.82616,0.8263,1.31,1.75
2016.04.12 04:18:15.415,0.82614,0.82628,1.19,1.25
2016.04.12 04:18:18.016,0.82614,0.82626,1.19,1.00
2016.04.12 04:18:18.352,0.8261,0.82622,1.19,3.75
2016.04.12 04:18:18.607,0.82606,0.82621,1.19,2.00
2016.04.12 04:18:19.786,0.82606,0.82617,1.19,1.00
2016.04.12 04:18:21.053,0.82605,0.82621,2.81,2.00
2016.04.12 04:18:22.118,0.82605,0.82622,3.94,1.94
2016.04.12 04:18:22.634,0.82609,0.82624,1.19,2.44
2016.04.12 04:18:22.938,0.82616,0.8263,2.25,1.31
2016.04.12 04:18:23.092,0.8262,0.82631,1.00,1.19
2016.04.12 04:18:23.143,0.82619,0.82631,4.12,1.19
2016.04.12 04:18:23.196,0.8262,0.82636,1.94,3.94
2016.04.12 04:18:23.247,0.8262,0.82636,1.69,3.94
2016.04.12 04:18:23.776,0.8262,0.82634,1.12,2.06
2016.04.12 04:18:29.117,0.8262,0.82634,1.37,1.31
2016.04.12 04:18:29.235,0.82624,0.82636,1.00,2.06
2016.04.12 04:18:29.439,0.82625,0.82637,1.50,1.19
2016.04.12 04:18:29.796,0.82627,0.82641,2.25,1.19
2016.04.12 04:18:29.847,0.82627,0.82641,2.25,1.19
2016.04.12 04:18:35.345,0.82627,0.82641,2.25,1.31
2016.04.12 04:18:35.549,0.82627,0.82641,1.50,2.06
2016.04.12 04:18:35.651,0.82624,0.8264,2.00,1.69
2016.04.12 04:18:50.788,0.82623,0.82635,1.19,1.50
2016.04.12 04:18:51.299,0.82622,0.82633,1.19,1.00
2016.04.12 04:18:53.010,0.82622,0.82636,1.31,1.50
2016.04.12 04:18:53.527,0.82623,0.82636,1.19,1.00
2016.04.12 04:18:57.080,0.82622,0.82635,1.69,1.50
2016.04.12 04:18:59.561,0.82622,0.82636,1.31,2.25
2016.04.12 04:19:01.300,0.82622,0.82635,1.19,1.75
2016.04.12 04:19:01.740,0.82618,0.82635,2.44,3.19
2016.04.12 04:19:07.213,0.82621,0.82635,1.37,1.69
2016.04.12 04:19:08.982,0.82622,0.82637,2.44,1.69
2016.04.12 04:19:09.304,0.82623,0.82635,2.06,1.19
2016.04.12 04:19:09.811,0.82624,0.82635,1.00,1.19
2016.04.12 04:19:10.117,0.82626,0.82635,1.12,1.19
2016.04.12 04:19:10.168,0.82626,0.82639,1.12,1.56
2016.04.12 04:19:10.270,0.82627,0.8264,2.25,1.31
2016.04.12 04:19:10.525,0.8263,0.82644,1.50,1.94
2016.04.12 04:19:10.634,0.82633,0.82644,1.69,1.25
2016.04.12 04:19:11.142,0.82633,0.82646,1.62,1.31
2016.04.12 04:19:12.577,0.82633,0.82646,2.81,1.19
2016.04.12 04:19:18.887,0.82632,0.82646,3.19,1.31
2016.04.12 04:19:18.961,0.82633,0.82645,1.25,1.19
2016.04.12 04:19:19.012,0.82634,0.82644,1.19,1.00
2016.04.12 04:19:19.318,0.82644,0.82655,1.19,2.25
2016.04.12 04:19:19.522,0.82645,0.82657,1.19,1.00
2016.04.12 04:19:20.028,0.82645,0.82656,1.19,3.22
2016.04.12 04:19:20.080,0.82639,0.82653,1.94,1.19
2016.04.12 04:19:20.386,0.82641,0.82653,1.19,3.37
2016.04.12 04:19:21.390,0.82639,0.82651,1.19,1.50
2016.04.12 04:19:30.823,0.82639,0.82651,1.19,1.50
2016.04.12 04:19:35.138,0.82639,0.82653,2.06,1.50
2016.04.12 04:19:35.239,0.82641,0.82657,1.94,3.04
2016.04.12 04:19:35.545,0.82645,0.82655,1.56,1.35
2016.04.12 04:19:35.685,0.8264,0.82654,1.19,1.37
2016.04.12 04:19:35.787,0.8264,0.82651,1.69,1.00
2016.04.12 04:19:35.940,0.82637,0.82652,1.31,3.22
2016.04.12 04:19:36.449,0.8264,0.82653,1.31,1.50
2016.04.12 04:19:37.325,0.82639,0.82653,1.69,1.30
2016.04.12 04:19:37.925,0.82639,0.82654,2.44,2.25
2016.04.12 04:19:38.332,0.82639,0.82652,1.19,1.00
2016.04.12 04:19:39.328,0.82645,0.82655,1.19,1.75
2016.04.12 04:19:39.430,0.82645,0.82655,1.19,1.12
2016.04.12 04:19:39.532,0.82645,0.82657,1.19,1.12
2016.04.12 04:19:40.940,0.82645,0.82659,1.31,1.50
2016.04.12 04:19:41.444,0.82645,0.8266,1.31,2.44
2016.04.12 04:19:43.910,0.82647,0.8266,1.12,1.69
2016.04.12 04:19:44.417,0.82646,0.8266,2.06,1.00
2016.04.12 04:19:45.041,0.82645,0.8266,1.69,1.00
2016.04.12 04:19:45.550,0.82644,0.82659,1.69,1.00
2016.04.12 04:19:46.362,0.82647,0.82658,1.00,1.19
2016.04.12 04:19:50.365,0.82649,0.82658,1.00,1.19
2016.04.12 04:19:50.417,0.82649,0.8266,1.00,1.19
2016.04.12 04:19:51.331,0.8265,0.82664,1.00,1.94
2016.04.12 04:19:51.382,0.8265,0.82664,1.75,1.69
2016.04.12 04:19:54.252,0.8265,0.82664,3.00,2.44
2016.04.12 04:19:55.530,0.82647,0.82664,3.94,1.94
2016.04.12 04:19:55.838,0.82653,0.82664,1.50,1.31
2016.04.12 04:19:56.144,0.8266,0.82672,2.06,1.25
2016.04.12 04:19:57.112,0.82659,0.82671,3.19,1.00
2016.04.12 04:19:57.468,0.82659,0.82671,1.69,1.00
2016.04.12 04:19:57.673,0.82659,0.82671,1.50,1.69
2016.04.12 04:19:58.192,0.82659,0.82667,1.50,1.00
2016.04.12 04:19:58.701,0.82659,0.82668,1.50,1.00
2016.04.12 04:19:59.220,0.82657,0.82667,1.69,1.00
2016.04.12 04:19:59.374,0.82658,0.82669,1.69,1.25
2016.04.12 04:20:00.250,0.82657,0.8267,2.00,1.25
2016.04.12 04:20:00.571,0.8266,0.8267,1.37,1.25
2016.04.12 04:20:00.961,0.82661,0.82671,1.50,1.00
2016.04.12 04:20:01.164,0.82663,0.82675,1.12,1.19
2016.04.12 04:20:02.070,0.82661,0.82674,1.00,1.56
2016.04.12 04:20:02.428,0.8266,0.82673,1.37,1.31
2016.04.12 04:20:02.885,0.8266,0.82675,2.00,2.29
2016.04.12 04:20:03.579,0.82659,0.82675,1.69,3.04
2016.04.12 04:20:03.631,0.82659,0.82672,1.69,1.19
2016.04.12 04:20:04.091,0.82662,0.82668,1.00,1.60
2016.04.12 04:20:04.295,0.82649,0.82662,1.00,1.54
2016.04.12 04:20:04.448,0.82646,0.82661,2.44,1.16
2016.04.12 04:20:04.499,0.82646,0.8266,2.25,2.29
2016.04.12 04:20:05.022,0.82643,0.82658,3.19,1.31
2016.04.12 04:20:05.479,0.82644,0.82658,1.00,1.69
2016.04.12 04:20:06.583,0.82643,0.82658,2.44,1.19
2016.04.12 04:20:07.306,0.82646,0.82658,1.75,1.19
2016.04.12 04:20:07.358,0.82647,0.82661,1.50,2.66
2016.04.12 04:20:10.470,0.82646,0.82659,1.69,1.42
2016.04.12 04:20:10.777,0.82641,0.82652,1.87,1.12
2016.04.12 04:20:10.929,0.82639,0.82652,2.44,1.12
2016.04.12 04:20:11.592,0.82639,0.82655,3.56,3.19
2016.04.12 04:20:11.900,0.82648,0.82661,1.94,1.12
2016.04.12 04:20:12.207,0.82653,0.82666,1.69,1.91
2016.04.12 04:20:12.515,0.82652,0.82666,1.94,2.66
2016.04.12 04:20:12.617,0.82652,0.82664,1.69,1.05
2016.04.12 04:20:12.976,0.8265,0.82665,1.69,1.91
2016.04.12 04:20:13.384,0.82651,0.82661,1.31,1.00
2016.04.12 04:20:13.738,0.82647,0.82659,1.62,1.19
2016.04.12 04:20:13.840,0.82649,0.82661,1.19,1.50
2016.04.12 04:20:13.891,0.8265,0.82662,1.62,1.37
2016.04.12 04:20:13.993,0.82649,0.82662,1.50,1.56
2016.04.12 04:20:14.503,0.82647,0.82661,2.00,1.19
2016.04.12 04:20:14.656,0.82647,0.82659,1.75,1.19
2016.04.12 04:20:16.409,0.82647,0.82662,2.00,1.31
2016.04.12 04:20:17.823,0.82645,0.8266,2.00,1.19
2016.04.12 04:20:17.977,0.82645,0.8266,1.25,2.81
2016.04.12 04:20:19.189,0.82644,0.82659,1.69,1.31
2016.04.12 04:20:23.097,0.82646,0.8266,1.87,1.19
2016.04.12 04:20:23.199,0.82648,0.8266,1.69,1.31
2016.04.12 04:20:23.727,0.82648,0.82663,2.44,2.29
2016.04.12 04:20:26.703,0.82651,0.82663,1.12,1.19
2016.04.12 04:20:26.804,0.8265,0.82663,3.19,1.25
2016.04.12 04:20:29.094,0.8265,0.82665,2.06,3.41
2016.04.12 04:20:29.145,0.82648,0.82664,1.31,2.44
2016.04.12 04:20:29.703,0.82649,0.82664,1.62,3.56
2016.04.12 04:20:30.222,0.82647,0.82664,2.44,3.79
2016.04.12 04:20:35.007,0.82646,0.82661,1.94,2.29
2016.04.12 04:20:35.110,0.82644,0.8266,3.19,1.91
2016.04.12 04:20:35.457,0.82643,0.82658,1.69,2.66
2016.04.12 04:20:36.321,0.82643,0.82657,1.31,1.56
2016.04.12 04:20:36.423,0.82643,0.82655,1.25,1.37
2016.04.12 04:20:36.528,0.8264,0.82653,1.12,1.31
2016.04.12 04:20:37.037,0.82639,0.82653,1.25,2.44
2016.04.12 04:20:37.139,0.82641,0.82654,1.12,1.69
2016.04.12 04:20:37.444,0.82641,0.82654,1.50,1.31
2016.04.12 04:20:40.418,0.82639,0.82653,1.62,1.69
2016.04.12 04:20:40.520,0.82639,0.82651,1.25,1.00
2016.04.12 04:20:44.827,0.82638,0.82651,1.19,1.37
2016.04.12 04:20:45.132,0.82632,0.82646,1.19,1.69
2016.04.12 04:20:45.680,0.8263,0.82646,2.44,3.19
2016.04.12 04:20:46.530,0.82633,0.82646,1.19,1.75
2016.04.12 04:20:48.930,0.82635,0.82645,1.19,1.75
2016.04.12 04:20:50.941,0.82635,0.82645,1.19,1.37
2016.04.12 04:20:51.451,0.82635,0.82648,1.19,1.87
2016.04.12 04:20:51.553,0.82635,0.82649,1.31,2.25
2016.04.12 04:20:51.655,0.82635,0.82651,2.44,1.87
2016.04.12 04:20:51.960,0.82635,0.82651,2.44,2.62
2016.04.12 04:20:52.062,0.82636,0.82651,1.69,1.87
2016.04.12 04:20:52.595,0.82635,0.82651,2.44,2.62
2016.04.12 04:20:52.970,0.82635,0.82653,6.19,3.19
2016.04.12 04:20:53.297,0.8264,0.82653,1.19,1.50
2016.04.12 04:20:54.270,0.8264,0.82654,1.69,1.00
2016.04.12 04:20:58.046,0.8264,0.82655,2.44,1.75
2016.04.12 04:21:02.417,0.82644,0.82653,1.19,1.00
2016.04.12 04:21:04.463,0.82644,0.82657,1.19,2.47
2016.04.12 04:21:05.483,0.82644,0.82657,1.19,1.00
2016.04.12 04:21:07.234,0.82648,0.82659,1.69,1.50
2016.04.12 04:21:07.348,0.82651,0.82664,1.00,3.00
2016.04.12 04:21:07.400,0.82651,0.82664,1.12,1.00
2016.04.12 04:21:07.451,0.82653,0.82665,1.19,1.12
2016.04.12 04:21:07.979,0.82653,0.82667,1.19,1.50
2016.04.12 04:21:08.892,0.82653,0.82666,2.44,2.10
2016.04.12 04:21:09.147,0.82649,0.82665,2.00,2.29
2016.04.12 04:21:11.790,0.82651,0.82666,1.37,4.91
2016.04.12 04:21:12.804,0.82651,0.82666,2.44,1.72
2016.04.12 04:21:13.211,0.82652,0.82666,1.69,1.00
2016.04.12 04:21:13.262,0.82654,0.82667,1.19,2.62
2016.04.12 04:21:15.215,0.82655,0.82669,1.50,1.54
2016.04.12 04:21:15.266,0.82657,0.8267,1.19,4.12
2016.04.12 04:21:15.469,0.82659,0.82672,1.19,1.72
2016.04.12 04:21:15.780,0.82661,0.82673,1.31,1.00
2016.04.12 04:21:15.983,0.82661,0.82675,1.69,2.47
2016.04.12 04:21:16.238,0.82663,0.82677,1.31,1.30
2016.04.12 04:21:21.178,0.82662,0.82678,1.69,2.06
2016.04.12 04:21:21.682,0.82662,0.82678,2.44,1.50
2016.04.12 04:21:23.312,0.82663,0.82677,1.25,3.41
2016.04.12 04:21:23.414,0.82662,0.82677,1.56,5.66
2016.04.12 04:21:23.617,0.8266,0.82674,1.69,1.00
2016.04.12 04:21:24.125,0.82661,0.82674,1.31,1.00
2016.04.12 04:21:26.703,0.82661,0.82673,1.31,1.00
2016.04.12 04:21:30.651,0.82659,0.82673,1.94,1.19
2016.04.12 04:21:33.945,0.82659,0.82673,1.87,1.94
2016.04.12 04:21:34.253,0.82656,0.8267,2.06,1.31
2016.04.12 04:21:34.763,0.82655,0.8267,2.44,2.06
2016.04.12 04:21:35.069,0.82658,0.82671,1.31,1.19
2016.04.12 04:21:35.262,0.82658,0.82671,1.19,1.00
2016.04.12 04:21:35.751,0.82658,0.82674,1.56,1.69
2016.04.12 04:21:37.539,0.82658,0.82673,1.31,1.91
2016.04.12 04:21:37.591,0.82657,0.82669,1.50,1.19
2016.04.12 04:21:37.692,0.82657,0.82672,1.69,1.31
2016.04.12 04:21:39.716,0.82656,0.82672,1.69,1.69
2016.04.12 04:21:39.767,0.82655,0.8267,3.19,1.31
2016.04.12 04:21:40.022,0.82652,0.82668,1.94,1.56
2016.04.12 04:21:40.228,0.82652,0.82667,1.50,1.31
2016.04.12 04:21:41.010,0.82651,0.82665,2.44,1.19
2016.04.12 04:21:48.160,0.82655,0.82665,1.87,1.19
2016.04.12 04:21:48.263,0.82658,0.82668,1.56,1.00
2016.04.12 04:21:48.380,0.82663,0.8267,1.62,1.00
2016.04.12 04:21:48.483,0.82666,0.82679,1.00,2.06
2016.04.12 04:21:49.006,0.82666,0.82679,1.50,1.19
2016.04.12 04:21:49.513,0.82668,0.82679,1.00,1.19
2016.04.12 04:21:50.584,0.82668,0.82679,1.00,1.19
2016.04.12 04:21:51.116,0.82668,0.82679,1.00,1.19
2016.04.12 04:21:53.078,0.82668,0.82681,1.25,1.31
2016.04.12 04:21:53.400,0.82665,0.82675,1.94,1.00
2016.04.12 04:21:53.451,0.82663,0.82675,2.44,1.00
2016.04.12 04:21:54.468,0.82667,0.82679,1.00,1.31
2016.04.12 04:21:54.519,0.82667,0.82681,1.69,1.37
2016.04.12 04:21:54.660,0.82667,0.82684,4.31,4.69
2016.04.12 04:21:54.814,0.82673,0.82684,1.00,1.50
2016.04.12 04:21:54.866,0.82673,0.82686,1.31,1.31
2016.04.12 04:21:54.968,0.82673,0.82685,1.19,1.50
2016.04.12 04:21:55.071,0.82675,0.82688,1.31,1.12
2016.04.12 04:21:55.277,0.82675,0.82688,1.31,1.75
2016.04.12 04:21:55.379,0.82673,0.82686,1.56,1.37
2016.04.12 04:21:55.483,0.8267,0.82685,1.69,2.44
2016.04.12 04:21:57.510,0.82672,0.82684,1.19,2.25
2016.04.12 04:21:57.764,0.82672,0.82684,1.19,1.87
2016.04.12 04:21:58.335,0.82672,0.82683,1.19,1.00
2016.04.12 04:21:58.837,0.82672,0.82684,1.19,1.12
2016.04.12 04:22:00.151,0.82674,0.82685,1.19,1.50
2016.04.12 04:22:00.481,0.82673,0.82687,1.19,3.75
2016.04.12 04:22:00.786,0.82673,0.82687,1.19,1.50
2016.04.12 04:22:04.038,0.82673,0.82686,1.19,1.50
2016.04.12 04:22:04.556,0.82673,0.82685,1.19,2.25
2016.04.12 04:22:13.447,0.82671,0.82685,1.19,3.56
2016.04.12 04:22:16.106,0.82674,0.82688,1.69,1.94
2016.04.12 04:22:16.410,0.82676,0.82689,2.44,1.19
2016.04.12 04:22:16.735,0.82676,0.82687,2.25,1.19
2016.04.12 04:22:16.938,0.82673,0.82685,1.00,1.25
2016.04.12 04:22:17.445,0.82671,0.82686,1.31,3.19
2016.04.12 04:22:18.135,0.82671,0.82687,1.69,3.56
2016.04.12 04:22:21.841,0.82671,0.82686,3.94,1.62
2016.04.12 04:22:22.602,0.82672,0.82687,1.56,1.69
2016.04.12 04:22:24.699,0.82672,0.82684,1.56,1.00
2016.04.12 04:22:25.100,0.82672,0.82684,1.19,2.62
2016.04.12 04:22:25.870,0.8267,0.82682,1.00,1.00
2016.04.12 04:22:36.704,0.8267,0.82682,1.00,1.50
2016.04.12 04:22:37.212,0.82667,0.8268,1.19,1.50
2016.04.12 04:22:37.689,0.82667,0.82679,1.19,2.25
2016.04.12 04:22:37.792,0.82663,0.82675,1.25,1.12
2016.04.12 04:22:38.304,0.82661,0.82675,1.69,1.69
2016.04.12 04:22:41.648,0.82663,0.82678,1.19,3.19
2016.04.12 04:22:41.750,0.82663,0.82678,1.69,2.25
2016.04.12 04:22:42.261,0.82662,0.82677,2.44,1.94
2016.04.12 04:22:42.526,0.8266,0.82674,1.19,1.69
2016.04.12 04:22:45.622,0.82659,0.82674,2.81,1.69
2016.04.12 04:22:45.673,0.82659,0.82674,1.56,2.00
2016.04.12 04:22:48.126,0.82659,0.82672,1.56,1.75
2016.04.12 04:22:48.697,0.82659,0.82671,1.19,1.75
2016.04.12 04:22:48.952,0.82648,0.82661,1.69,1.25
2016.04.12 04:22:49.105,0.82648,0.82662,1.19,1.94
2016.04.12 04:22:49.641,0.82648,0.82659,1.19,1.50
2016.04.12 04:22:50.541,0.82646,0.82656,1.19,1.37
2016.04.12 04:22:50.846,0.82642,0.82654,1.19,1.50
2016.04.12 04:22:52.394,0.82639,0.82652,1.69,1.00
2016.04.12 04:22:53.563,0.82639,0.8265,1.69,1.00
2016.04.12 04:22:53.615,0.82638,0.8265,2.44,1.00
2016.04.12 04:22:53.666,0.82638,0.8265,1.31,1.37
2016.04.12 04:22:53.971,0.82635,0.82647,1.00,1.69
2016.04.12 04:22:54.148,0.82632,0.82647,2.81,2.44
2016.04.12 04:22:59.214,0.82632,0.82646,1.31,1.31
2016.04.12 04:23:04.400,0.82631,0.82642,1.19,1.50
2016.04.12 04:23:05.008,0.82632,0.82646,1.31,2.44
2016.04.12 04:23:07.918,0.8263,0.82647,2.44,2.44
2016.04.12 04:23:08.393,0.82634,0.82647,1.00,1.69
2016.04.12 04:23:10.899,0.82636,0.82649,1.00,1.94
2016.04.12 04:23:11.204,0.82636,0.82649,1.25,1.25
2016.04.12 04:23:11.459,0.82638,0.82651,1.12,1.69
2016.04.12 04:23:11.763,0.82641,0.82652,1.00,1.69
2016.04.12 04:23:12.304,0.8264,0.82652,1.00,2.44
2016.04.12 04:23:13.066,0.82639,0.82649,1.31,1.87
2016.04.12 04:23:13.424,0.82636,0.82649,1.31,1.37
2016.04.12 04:23:13.721,0.82638,0.8265,1.19,1.25
2016.04.12 04:23:18.130,0.82638,0.8265,1.19,1.62
2016.04.12 04:23:20.130,0.82638,0.8265,1.25,2.06
2016.04.12 04:23:35.675,0.82642,0.8265,1.00,1.69
2016.04.12 04:23:35.777,0.82648,0.82655,1.00,1.12
2016.04.12 04:23:35.892,0.82648,0.82657,1.50,1.00
2016.04.12 04:23:35.944,0.82649,0.82664,1.12,4.69
2016.04.12 04:23:36.451,0.82649,0.82661,1.25,1.62
2016.04.12 04:23:37.049,0.82651,0.8266,1.00,1.00
2016.04.12 04:23:42.913,0.82649,0.8266,1.00,1.31
2016.04.12 04:23:43.451,0.82649,0.82661,1.00,1.69
2016.04.12 04:23:47.709,0.82652,0.82662,1.00,2.44
2016.04.12 04:23:47.963,0.82655,0.82667,1.00,1.94
2016.04.12 04:23:48.466,0.82655,0.82668,1.00,1.69
2016.04.12 04:23:48.973,0.82655,0.82667,1.00,1.31
2016.04.12 04:23:51.161,0.82657,0.82667,1.00,1.31
2016.04.12 04:23:56.110,0.82656,0.82667,1.00,1.19
2016.04.12 04:23:56.417,0.82653,0.82661,1.00,1.19
2016.04.12 04:23:57.434,0.82651,0.82661,1.00,1.19
2016.04.12 04:24:02.833,0.82651,0.82663,1.00,1.69
2016.04.12 04:24:03.974,0.82655,0.82664,1.00,1.94
2016.04.12 04:24:04.076,0.82657,0.82668,1.00,1.25
2016.04.12 04:24:04.128,0.8266,0.82669,1.00,1.00
2016.04.12 04:24:04.478,0.82661,0.8267,1.00,1.19
2016.04.12 04:24:04.580,0.82661,0.82672,1.00,1.19
2016.04.12 04:24:05.190,0.8266,0.82672,1.12,1.19
2016.04.12 04:24:05.545,0.8266,0.82671,1.00,1.69
2016.04.12 04:24:05.647,0.82657,0.82671,1.12,2.44
2016.04.12 04:24:05.925,0.82655,0.82667,1.12,1.31
2016.04.12 04:24:06.384,0.82655,0.82667,1.00,2.00
2016.04.12 04:24:07.241,0.82653,0.82667,1.19,2.00
2016.04.12 04:24:15.665,0.82653,0.82662,1.12,1.25
2016.04.12 04:24:15.806,0.82651,0.82662,1.31,1.25
2016.04.12 04:24:16.111,0.82649,0.82662,1.50,1.19
2016.04.12 04:24:16.569,0.82649,0.8266,1.00,1.19
2016.04.12 04:24:16.671,0.82647,0.8266,1.12,1.31
2016.04.12 04:24:18.102,0.82647,0.8266,2.25,1.31
2016.04.12 04:24:23.924,0.82648,0.82664,1.31,3.19
2016.04.12 04:24:30.848,0.82648,0.82663,1.31,3.19
2016.04.12 04:24:32.252,0.82648,0.82661,1.31,1.25
2016.04.12 04:24:38.146,0.82648,0.82662,1.19,1.94
2016.04.12 04:24:41.844,0.82647,0.8266,2.06,1.00
2016.04.12 04:24:44.966,0.82647,0.8266,1.25,1.25
2016.04.12 04:24:50.865,0.82646,0.8266,1.94,1.31
2016.04.12 04:24:55.397,0.82648,0.82661,1.25,1.25
2016.04.12 04:24:55.499,0.82649,0.82663,1.50,1.31
2016.04.12 04:24:56.006,0.82651,0.82664,1.25,2.44
2016.04.12 04:25:03.290,0.82649,0.8266,1.56,1.00
2016.04.12 04:25:03.545,0.82642,0.82656,1.25,2.44
2016.04.12 04:25:04.104,0.8264,0.82654,1.69,1.00
2016.04.12 04:25:07.543,0.8264,0.82655,2.44,1.25
2016.04.12 04:25:13.904,0.8264,0.82654,2.44,1.00
2016.04.12 04:25:14.410,0.8264,0.82654,2.44,1.12
2016.04.12 04:25:15.522,0.82638,0.82654,2.44,2.81
2016.04.12 04:25:15.573,0.82637,0.82654,3.94,2.81
2016.04.12 04:25:16.081,0.82638,0.82652,1.19,1.69
2016.04.12 04:25:19.263,0.82638,0.82651,1.19,1.00
2016.04.12 04:25:19.416,0.82637,0.82651,1.56,2.62
2016.04.12 04:25:19.602,0.82634,0.82648,2.06,1.37
2016.04.12 04:25:19.806,0.82634,0.82646,1.00,1.56
2016.04.12 04:25:19.908,0.82629,0.82645,6.19,2.81
2016.04.12 04:25:20.420,0.82629,0.82644,2.06,2.25
2016.04.12 04:25:28.608,0.82631,0.82642,1.19,1.37
2016.04.12 04:25:30.842,0.82629,0.82641,1.19,1.00
2016.04.12 04:25:37.182,0.82628,0.82643,1.19,4.31
2016.04.12 04:25:48.205,0.82628,0.8264,1.00,1.19
2016.04.12 04:25:52.769,0.82624,0.8264,2.25,1.69
2016.04.12 04:25:52.972,0.82623,0.82638,3.19,1.87
2016.04.12 04:25:54.043,0.82623,0.82638,1.50,1.62
2016.04.12 04:25:56.348,0.82625,0.82638,1.12,1.31
2016.04.12 04:25:56.653,0.82624,0.82637,2.25,1.19
2016.04.12 04:25:57.003,0.82623,0.82632,1.12,1.19
2016.04.12 04:25:58.126,0.82623,0.82632,1.37,1.19
2016.04.12 04:25:59.293,0.82623,0.82636,1.37,1.31
2016.04.12 04:25:59.979,0.82621,0.82636,2.25,2.44
2016.04.12 04:26:00.134,0.8262,0.82634,1.37,1.50
2016.04.12 04:26:00.185,0.82619,0.82634,1.31,1.75
2016.04.12 04:26:00.695,0.8262,0.82634,1.00,1.50
2016.04.12 04:26:00.746,0.82619,0.82635,3.19,1.62
2016.04.12 04:26:01.249,0.82621,0.82636,2.25,2.06
2016.04.12 04:26:01.759,0.82621,0.82636,1.12,2.44
2016.04.12 04:26:02.858,0.82621,0.82636,3.37,1.69
2016.04.12 04:26:03.366,0.82623,0.82636,2.25,1.19
2016.04.12 04:26:03.994,0.82623,0.82636,2.25,1.19
2016.04.12 04:26:04.646,0.82621,0.82636,1.37,1.69
2016.04.12 04:26:05.155,0.82622,0.82636,1.50,1.31
2016.04.12 04:26:05.664,0.82626,0.82638,1.19,2.62
2016.04.12 04:26:05.955,0.82626,0.82639,1.19,2.25
2016.04.12 04:26:07.635,0.82626,0.82638,1.19,1.00
2016.04.12 04:26:10.456,0.82626,0.82639,1.19,3.00
2016.04.12 04:26:10.915,0.82626,0.82639,1.19,3.00
2016.04.12 04:26:11.119,0.82628,0.82643,1.19,5.25
2016.04.12 04:26:11.323,0.82629,0.82643,1.62,1.37
2016.04.12 04:26:11.987,0.82628,0.82643,2.81,1.50
2016.04.12 04:26:12.511,0.82628,0.82641,1.25,1.00
2016.04.12 04:26:14.618,0.82627,0.82642,1.31,4.50
2016.04.12 04:26:15.471,0.82627,0.82642,2.44,1.50
2016.04.12 04:26:15.523,0.82629,0.82642,1.00,1.50
2016.04.12 04:26:15.574,0.82633,0.82641,1.19,1.00
2016.04.12 04:26:15.829,0.82633,0.82644,1.19,4.50
2016.04.12 04:26:16.496,0.82633,0.82642,1.19,1.00
2016.04.12 04:26:16.598,0.82633,0.82642,1.19,1.87
2016.04.12 04:26:18.234,0.82633,0.82643,1.19,2.25
2016.04.12 04:26:18.747,0.82633,0.82643,1.19,1.50
2016.04.12 04:26:19.254,0.82633,0.82641,1.19,1.00
2016.04.12 04:26:19.559,0.82629,0.8264,1.19,2.25
2016.04.12 04:26:22.521,0.82631,0.8264,1.19,1.75
2016.04.12 04:26:22.622,0.82631,0.82641,1.19,1.50
2016.04.12 04:26:24.341,0.82631,0.82642,1.19,1.12
2016.04.12 04:26:25.294,0.82631,0.8264,1.19,1.00
2016.04.12 04:26:25.599,0.82631,0.82639,1.19,2.25
2016.04.12 04:26:26.121,0.82631,0.82637,1.19,1.12
2016.04.12 04:26:26.274,0.82628,0.82637,1.19,1.12
2016.04.12 04:26:28.932,0.82626,0.82637,1.19,2.25
2016.04.12 04:26:29.035,0.82626,0.82636,1.19,1.50
2016.04.12 04:26:29.342,0.82626,0.82633,1.19,1.00
2016.04.12 04:26:29.799,0.82622,0.82633,1.19,1.00
2016.04.12 04:26:30.527,0.82622,0.82633,1.19,1.37
2016.04.12 04:26:31.859,0.82623,0.82633,1.19,1.50
2016.04.12 04:26:32.368,0.82623,0.82633,1.19,1.12
2016.04.12 04:26:43.773,0.82621,0.82635,1.31,1.75
2016.04.12 04:26:48.381,0.82623,0.82635,1.19,2.25
2016.04.12 04:26:49.737,0.82623,0.82635,1.19,4.12
2016.04.12 04:26:50.245,0.82623,0.82633,1.19,1.75
2016.04.12 04:26:52.450,0.82623,0.82633,1.19,1.50
2016.04.12 04:26:52.653,0.82625,0.82634,1.19,1.00
2016.04.12 04:26:53.194,0.82625,0.82635,1.19,1.00
2016.04.12 04:26:56.681,0.82625,0.82635,1.19,2.25
2016.04.12 04:26:56.732,0.82623,0.82635,1.19,3.00
2016.04.12 04:26:56.886,0.82622,0.82633,1.19,3.00
2016.04.12 04:26:57.141,0.82624,0.82635,1.19,2.25
2016.04.12 04:26:57.192,0.82627,0.82635,1.19,1.12
2016.04.12 04:26:58.105,0.82627,0.82635,1.19,1.87
2016.04.12 04:27:03.552,0.82625,0.82634,1.19,1.00
2016.04.12 04:27:05.000,0.82625,0.82635,1.19,3.00
2016.04.12 04:27:05.532,0.82626,0.82635,1.19,2.25
2016.04.12 04:27:15.958,0.82626,0.82637,1.19,1.00
2016.04.12 04:27:16.264,0.8263,0.82642,1.00,1.94
2016.04.12 04:27:16.366,0.8263,0.82642,2.81,1.00
2016.04.12 04:27:16.620,0.8263,0.82644,2.81,1.12
2016.04.12 04:27:16.925,0.8263,0.82642,1.69,1.00
2016.04.12 04:27:17.246,0.8263,0.8264,1.19,1.12
2016.04.12 04:27:17.812,0.8263,0.82641,1.19,1.50
2016.04.12 04:27:18.320,0.8263,0.8264,1.19,1.00
2016.04.12 04:27:19.099,0.8263,0.82638,1.19,1.00
2016.04.12 04:27:21.651,0.8263,0.82637,1.19,1.00
2016.04.12 04:27:22.336,0.82625,0.82637,1.19,1.00
2016.04.12 04:27:22.388,0.82625,0.82637,1.19,1.50
2016.04.12 04:27:23.718,0.82625,0.82634,1.19,1.00
2016.04.12 04:27:23.770,0.82622,0.82632,1.19,1.00
2016.04.12 04:27:23.873,0.82619,0.82627,1.19,1.00
2016.04.12 04:27:24.127,0.82616,0.82626,1.19,1.12
2016.04.12 04:27:24.684,0.82616,0.82625,1.19,1.00
2016.04.12 04:27:25.193,0.82616,0.82626,1.19,1.12
2016.04.12 04:27:27.376,0.82616,0.82628,1.19,1.50
2016.04.12 04:27:27.478,0.82616,0.82629,1.19,1.50
2016.04.12 04:27:27.631,0.82618,0.82629,1.19,1.87
2016.04.12 04:27:28.287,0.82618,0.82629,1.19,1.37
2016.04.12 04:27:28.389,0.82616,0.82627,1.19,1.00
2016.04.12 04:27:28.896,0.82616,0.82626,1.19,1.00
2016.04.12 04:27:28.947,0.82618,0.82626,1.19,1.00
2016.04.12 04:27:29.204,0.82618,0.82629,1.19,1.50
2016.04.12 04:27:29.740,0.82618,0.82629,1.19,1.50
2016.04.12 04:27:33.424,0.82618,0.82628,1.19,1.00
2016.04.12 04:27:33.958,0.82618,0.82627,1.19,1.00
2016.04.12 04:27:36.514,0.82618,0.82629,1.19,1.50
2016.04.12 04:27:37.015,0.82618,0.82628,1.19,1.00
2016.04.12 04:27:44.385,0.82618,0.82627,1.19,1.00
2016.04.12 04:27:44.588,0.82616,0.82626,1.19,2.25
2016.04.12 04:27:45.096,0.82616,0.82626,1.19,1.00
2016.04.12 04:27:45.614,0.82616,0.82627,1.19,1.75
2016.04.12 04:27:46.231,0.82616,0.82627,1.19,2.10
2016.04.12 04:27:46.929,0.82616,0.82627,1.19,1.50
2016.04.12 04:27:47.304,0.82618,0.82627,1.19,1.75
2016.04.12 04:27:47.509,0.82618,0.82627,1.19,1.50
2016.04.12 04:27:47.560,0.82616,0.82627,1.19,1.50
2016.04.12 04:27:47.865,0.82614,0.82628,1.69,1.00
2016.04.12 04:27:51.445,0.82614,0.82629,1.69,1.62
2016.04.12 04:27:51.648,0.82614,0.82629,3.19,1.31
2016.04.12 04:27:52.167,0.82615,0.82629,1.94,1.62
2016.04.12 04:27:52.684,0.82616,0.82629,1.31,1.31
2016.04.12 04:27:52.735,0.82616,0.82629,1.19,1.00
2016.04.12 04:27:53.590,0.82618,0.8263,1.31,1.00
2016.04.12 04:27:53.794,0.8262,0.82632,1.19,2.25
2016.04.12 04:27:54.302,0.82619,0.82632,1.31,1.87
2016.04.12 04:27:54.815,0.82619,0.82632,1.31,1.37
2016.04.12 04:27:54.866,0.82619,0.82632,1.31,1.12
2016.04.12 04:27:55.414,0.82621,0.82632,1.19,1.00
2016.04.12 04:27:56.023,0.82619,0.82632,1.31,1.00
2016.04.12 04:27:56.074,0.82619,0.82633,1.31,3.79
2016.04.12 04:27:57.189,0.82619,0.82631,1.31,1.87
2016.04.12 04:27:57.975,0.82619,0.82629,1.19,1.00
2016.04.12 04:27:58.482,0.82619,0.82631,1.19,1.50
2016.04.12 04:28:01.485,0.82619,0.8263,1.19,1.37
2016.04.12 04:28:02.012,0.82619,0.8263,1.19,1.00
2016.04.12 04:28:03.995,0.82619,0.8263,1.19,1.37
2016.04.12 04:28:06.269,0.82619,0.82628,1.19,1.00
2016.04.12 04:28:08.508,0.82619,0.8263,1.19,1.12
2016.04.12 04:28:10.633,0.82619,0.82631,1.19,2.25
2016.04.12 04:28:10.735,0.82616,0.82631,1.31,2.25
2016.04.12 04:28:11.192,0.82617,0.82631,1.69,1.12
2016.04.12 04:28:17.260,0.82619,0.82634,1.31,3.94
2016.04.12 04:28:20.998,0.8262,0.82633,1.12,1.56
2016.04.12 04:28:21.205,0.82622,0.82635,1.25,1.31
2016.04.12 04:28:21.357,0.82622,0.82636,1.25,4.69
2016.04.12 04:28:22.195,0.82621,0.82636,2.44,3.56
2016.04.12 04:28:22.297,0.82624,0.82638,1.31,3.37
2016.04.12 04:28:22.359,0.82624,0.82638,1.31,3.00
2016.04.12 04:28:22.513,0.82628,0.8264,1.00,1.25
2016.04.12 04:28:23.020,0.82627,0.82642,2.44,1.69
2016.04.12 04:28:23.705,0.82629,0.82642,1.50,1.31
2016.04.12 04:28:24.073,0.8263,0.82645,1.19,3.56
2016.04.12 04:28:24.833,0.82629,0.82644,2.06,1.69
2016.04.12 04:28:29.553,0.82629,0.82641,1.50,1.19
2016.04.12 04:28:30.011,0.82625,0.8264,1.31,2.44
2016.04.12 04:28:32.621,0.82625,0.82637,1.19,1.50
2016.04.12 04:28:32.724,0.82625,0.82636,1.19,1.37
2016.04.12 04:28:32.775,0.82621,0.82635,1.69,1.37
2016.04.12 04:28:35.196,0.82622,0.82636,1.19,1.37
2016.04.12 04:28:35.400,0.82625,0.82639,2.06,1.87
2016.04.12 04:28:35.608,0.82628,0.82641,1.25,1.25
2016.04.12 04:28:35.710,0.82628,0.82642,2.00,1.19
2016.04.12 04:28:36.302,0.8263,0.82642,2.06,1.00
2016.04.12 04:28:36.404,0.8263,0.82644,2.81,1.69
2016.04.12 04:28:36.861,0.82633,0.82647,1.31,2.06
2016.04.12 04:28:37.014,0.82633,0.82647,1.69,1.19
2016.04.12 04:28:37.516,0.82632,0.82646,2.81,1.25
2016.04.12 04:28:37.821,0.8263,0.82645,3.94,1.19
2016.04.12 04:28:38.025,0.8263,0.82645,1.31,2.81
2016.04.12 04:28:38.230,0.82629,0.82643,1.31,1.50
2016.04.12 04:28:38.706,0.82632,0.82644,1.00,1.25
2016.04.12 04:28:38.808,0.82634,0.82644,1.00,1.25
2016.04.12 04:28:39.315,0.82635,0.82645,1.00,1.19
2016.04.12 04:28:42.923,0.82635,0.82646,1.00,2.81
2016.04.12 04:28:43.424,0.82636,0.82645,1.00,1.19
2016.04.12 04:28:45.940,0.82637,0.82648,1.00,2.06
2016.04.12 04:28:46.144,0.82639,0.82651,1.00,3.19
2016.04.12 04:28:47.314,0.82638,0.82649,1.00,1.19
2016.04.12 04:28:52.468,0.82638,0.8265,1.19,1.37
2016.04.12 04:28:52.520,0.82642,0.8265,1.00,1.37
2016.04.12 04:28:52.673,0.82644,0.82654,1.00,1.19
2016.04.12 04:28:53.254,0.82643,0.82654,1.00,1.19
2016.04.12 04:28:53.762,0.82644,0.82656,1.12,2.81
2016.04.12 04:28:54.117,0.82645,0.82658,1.00,1.94
2016.04.12 04:28:54.622,0.82646,0.82658,1.00,1.69
2016.04.12 04:28:55.535,0.82647,0.82658,1.19,1.50
2016.04.12 04:28:56.058,0.82647,0.82658,1.19,1.00
2016.04.12 04:28:56.514,0.8265,0.82658,1.00,1.00
2016.04.12 04:28:58.150,0.8265,0.82659,1.00,1.50
2016.04.12 04:29:01.921,0.82649,0.8266,1.50,1.50
2016.04.12 04:29:02.390,0.82649,0.82659,1.50,1.50
2016.04.12 04:29:02.696,0.82648,0.82657,1.00,1.75
2016.04.12 04:29:03.237,0.82645,0.82657,1.69,1.75
2016.04.12 04:29:08.397,0.82645,0.82656,1.00,2.25
2016.04.12 04:29:08.902,0.82644,0.82656,1.00,2.25
2016.04.12 04:29:09.157,0.82644,0.82655,1.00,1.75
2016.04.12 04:29:09.666,0.82643,0.82653,1.25,1.75
2016.04.12 04:29:18.474,0.82643,0.8265,1.25,1.00
2016.04.12 04:29:18.618,0.8264,0.82649,1.19,1.00
2016.04.12 04:29:18.720,0.8264,0.82646,1.19,1.00
2016.04.12 04:29:19.077,0.8264,0.8265,1.19,3.00
2016.04.12 04:29:20.698,0.8264,0.82651,1.19,1.87
2016.04.12 04:29:21.789,0.8264,0.82651,1.19,2.36
2016.04.12 04:29:21.942,0.8264,0.82649,1.19,1.50
2016.04.12 04:29:22.501,0.8264,0.8265,1.19,1.50
2016.04.12 04:29:23.006,0.8264,0.82648,1.19,1.00
2016.04.12 04:29:23.388,0.8264,0.82651,1.69,1.00
2016.04.12 04:29:23.896,0.82642,0.82654,2.06,1.12
2016.04.12 04:29:24.739,0.82642,0.82652,2.06,1.00
2016.04.12 04:29:28.513,0.82642,0.82652,1.19,1.37
2016.04.12 04:29:28.819,0.82642,0.82649,1.19,1.12
2016.04.12 04:29:29.124,0.82642,0.82651,1.19,1.12
2016.04.12 04:29:29.399,0.82638,0.82649,1.19,1.00
2016.04.12 04:29:38.134,0.82638,0.8265,1.19,4.50
2016.04.12 04:29:38.337,0.82637,0.8265,1.00,4.69
2016.04.12 04:29:41.597,0.82635,0.82647,1.31,1.87
2016.04.12 04:29:41.800,0.82633,0.82645,1.25,1.50
2016.04.12 04:29:43.157,0.82633,0.82645,1.19,1.00
2016.04.12 04:29:43.925,0.82633,0.82644,1.19,1.00
2016.04.12 04:29:44.097,0.82633,0.82646,1.19,1.12
2016.04.12 04:29:44.150,0.82636,0.82647,1.19,3.75
2016.04.12 04:29:44.456,0.82641,0.8265,1.19,1.00
2016.04.12 04:29:44.661,0.82646,0.82658,1.19,1.37
2016.04.12 04:29:48.669,0.82644,0.82659,1.50,2.44
2016.04.12 04:29:49.652,0.82646,0.82659,1.00,2.44
2016.04.12 04:29:50.628,0.82644,0.82658,1.00,2.06
2016.04.12 04:29:50.883,0.82644,0.82655,1.00,1.19
2016.04.12 04:29:51.503,0.82644,0.82657,1.00,1.69
2016.04.12 04:29:54.958,0.82642,0.82657,1.69,2.06
2016.04.12 04:29:55.153,0.8264,0.82655,2.25,1.69
2016.04.12 04:29:55.357,0.82639,0.82655,3.19,2.81
2016.04.12 04:29:58.148,0.8264,0.82655,1.69,2.81
2016.04.12 04:30:00.095,0.8264,0.82655,2.81,1.69
2016.04.12 04:30:00.604,0.82644,0.82655,1.12,1.19
2016.04.12 04:30:00.655,0.82644,0.82657,1.12,2.44
2016.04.12 04:30:01.773,0.82643,0.82655,1.00,1.25
2016.04.12 04:30:02.282,0.82642,0.82655,1.69,1.25
2016.04.12 04:30:03.668,0.82642,0.82656,1.25,2.44
2016.04.12 04:30:03.770,0.82642,0.82657,1.69,4.69
2016.04.12 04:30:12.489,0.8264,0.82654,1.19,1.00
2016.04.12 04:30:12.541,0.8264,0.82654,1.00,2.44
2016.04.12 04:30:13.653,0.82641,0.82653,1.50,1.19
2016.04.12 04:30:16.155,0.82641,0.82656,2.44,2.44
2016.04.12 04:30:29.160,0.82641,0.82652,3.00,1.19
2016.04.12 04:30:31.215,0.8264,0.82652,1.12,1.19
2016.04.12 04:30:34.505,0.82638,0.82649,1.50,1.00
2016.04.12 04:30:34.557,0.82635,0.82647,3.75,1.19
2016.04.12 04:30:34.609,0.82635,0.82645,1.00,1.00
2016.04.12 04:30:34.660,0.82635,0.82641,1.00,1.19
2016.04.12 04:30:34.711,0.82629,0.82641,1.87,1.19
2016.04.12 04:30:35.219,0.8263,0.82641,1.75,1.19
2016.04.12 04:30:36.011,0.8263,0.82641,1.00,1.19
2016.04.12 04:30:36.216,0.82628,0.82639,1.75,1.19
2016.04.12 04:30:37.070,0.82629,0.82643,1.50,1.69
2016.04.12 04:30:37.616,0.82628,0.82642,1.75,1.31
2016.04.12 04:30:38.123,0.82629,0.82642,1.12,1.19
2016.04.12 04:30:43.673,0.82626,0.82641,3.19,1.69
2016.04.12 04:30:46.182,0.82626,0.8264,1.62,3.00
2016.04.12 04:30:46.233,0.82626,0.82637,1.00,1.19
2016.04.12 04:30:47.441,0.82626,0.82638,1.25,1.69
2016.04.12 04:30:48.971,0.82625,0.82639,1.00,1.69
2016.04.12 04:30:49.498,0.82626,0.82637,1.00,1.19
2016.04.12 04:30:50.013,0.82624,0.82637,1.50,1.31
2016.04.12 04:30:55.078,0.82624,0.82636,1.69,1.62
2016.04.12 04:30:55.180,0.82623,0.82635,1.00,2.06
2016.04.12 04:30:55.705,0.82623,0.82635,1.37,1.19
2016.04.12 04:30:55.808,0.82622,0.82637,1.50,2.06
2016.04.12 04:30:56.316,0.82623,0.82637,1.12,1.31
2016.04.12 04:31:00.274,0.8262,0.82637,2.81,2.44
2016.04.12 04:31:00.637,0.8262,0.82632,1.62,1.19
2016.04.12 04:31:01.146,0.82618,0.82633,1.69,2.06
2016.04.12 04:31:01.349,0.82621,0.82635,1.31,3.00
2016.04.12 04:31:01.509,0.82622,0.82637,1.87,1.94
2016.04.12 04:31:02.031,0.82623,0.82637,1.50,2.81
2016.04.12 04:31:02.920,0.82623,0.82636,1.31,1.25
2016.04.12 04:31:03.386,0.82629,0.82636,1.25,1.00
2016.04.12 04:31:10.461,0.82629,0.82638,1.25,1.50
2016.04.12 04:31:10.765,0.82632,0.82638,1.19,1.00
2016.04.12 04:31:13.398,0.82628,0.82638,1.19,1.00
2016.04.12 04:31:22.840,0.82624,0.82636,1.69,1.00
2016.04.12 04:31:23.391,0.82624,0.82636,1.19,1.00
2016.04.12 04:31:25.170,0.82625,0.82636,1.19,1.00
2016.04.12 04:31:25.757,0.82625,0.82636,1.19,1.00
2016.04.12 04:31:26.547,0.82625,0.82638,1.19,2.62
2016.04.12 04:31:27.475,0.82626,0.82635,1.19,1.00
2016.04.12 04:31:27.628,0.82626,0.82638,1.19,2.06
2016.04.12 04:31:27.681,0.82627,0.82638,1.19,1.87
2016.04.12 04:31:28.139,0.82629,0.82638,1.19,1.00
2016.04.12 04:31:29.130,0.82627,0.82638,1.19,1.00
2016.04.12 04:31:31.558,0.82627,0.82635,1.19,1.00
2016.04.12 04:31:31.661,0.82625,0.82635,1.31,1.00
2016.04.12 04:31:31.864,0.82623,0.82632,1.31,1.00
2016.04.12 04:31:34.426,0.82621,0.82632,1.19,1.00
2016.04.12 04:31:34.935,0.82621,0.82633,1.19,1.12
2016.04.12 04:31:36.943,0.82619,0.82633,1.31,2.62
2016.04.12 04:31:37.804,0.82623,0.82633,1.19,1.12
2016.04.12 04:31:39.471,0.82622,0.82633,1.19,1.12
2016.04.12 04:31:40.126,0.8262,0.82633,1.19,1.12
2016.04.12 04:31:43.900,0.8262,0.8263,1.19,1.00
2016.04.12 04:31:44.409,0.82619,0.8263,1.19,1.12
2016.04.12 04:31:44.927,0.8262,0.8263,1.19,1.00
2016.04.12 04:31:46.747,0.8262,0.8263,1.19,1.37
2016.04.12 04:31:47.583,0.82619,0.82629,1.19,1.12
2016.04.12 04:31:47.736,0.82617,0.82628,1.19,1.00
2016.04.12 04:31:48.839,0.82617,0.82627,1.19,1.00
2016.04.12 04:31:48.941,0.82615,0.82627,1.19,1.00
2016.04.12 04:31:50.437,0.82617,0.8263,1.31,2.44
2016.04.12 04:31:50.742,0.82624,0.82636,1.19,1.75
2016.04.12 04:31:50.895,0.82625,0.82636,1.19,1.12
2016.04.12 04:31:51.605,0.82625,0.82633,1.19,1.00
2016.04.12 04:31:55.316,0.82621,0.82633,1.69,1.00
2016.04.12 04:31:57.144,0.82621,0.82631,1.69,1.00
2016.04.12 04:31:57.348,0.82616,0.82626,1.19,1.00
2016.04.12 04:31:57.451,0.82616,0.82624,1.19,1.12
2016.04.12 04:31:58.159,0.82611,0.82625,1.56,1.37
2016.04.12 04:31:58.566,0.82611,0.82624,1.19,1.75
2016.04.12 04:31:58.871,0.82613,0.82625,1.19,1.50
2016.04.12 04:31:59.396,0.82613,0.82624,1.19,1.75
2016.04.12 04:31:59.803,0.8261,0.82622,1.19,1.00
2016.04.12 04:31:59.957,0.8261,0.8262,1.19,1.00
2016.04.12 04:32:00.211,0.8261,0.82623,1.56,1.62
2016.04.12 04:32:00.263,0.82613,0.82623,1.19,1.37
2016.04.12 04:32:01.668,0.82616,0.82625,1.19,1.87
2016.04.12 04:32:02.024,0.82618,0.82626,1.19,1.00
2016.04.12 04:32:02.206,0.82618,0.82628,1.19,1.12
2016.04.12 04:32:04.370,0.82618,0.82628,1.19,1.37
2016.04.12 04:32:07.613,0.8262,0.82628,1.19,1.37
2016.04.12 04:32:08.145,0.82621,0.8263,1.19,2.25
2016.04.12 04:32:08.502,0.8262,0.82631,1.19,1.12
2016.04.12 04:32:10.392,0.82625,0.82633,1.19,1.37
2016.04.12 04:32:10.495,0.82625,0.82636,1.19,1.50
2016.04.12 04:32:10.597,0.82626,0.82636,1.19,1.00
2016.04.12 04:32:10.648,0.82626,0.82634,1.19,1.00
2016.04.12 04:32:10.758,0.82622,0.82634,1.19,2.25
2016.04.12 04:32:12.930,0.82622,0.82634,1.19,3.00
2016.04.12 04:32:13.659,0.82619,0.82634,2.06,3.19
2016.04.12 04:32:15.917,0.82621,0.82634,1.00,2.06
2016.04.12 04:32:16.325,0.82622,0.82636,1.56,2.06
2016.04.12 04:32:20.276,0.82625,0.82639,1.19,2.44
2016.04.12 04:32:20.795,0.82625,0.82639,1.31,2.00
2016.04.12 04:32:21.320,0.82625,0.82638,1.19,1.75
2016.04.12 04:32:22.430,0.82625,0.82637,1.19,1.00
2016.04.12 04:32:23.218,0.82624,0.82637,1.00,1.19
2016.04.12 04:32:23.703,0.82621,0.82633,1.69,1.19
2016.04.12 04:32:24.230,0.8262,0.82633,1.94,1.31
2016.04.12 04:32:30.824,0.82619,0.82631,1.75,1.19
2016.04.12 04:32:32.130,0.82619,0.82631,1.37,1.69
2016.04.12 04:32:32.231,0.82617,0.82631,2.06,2.44
2016.04.12 04:32:32.283,0.82618,0.82631,1.31,1.69
2016.04.12 04:32:32.587,0.82617,0.82631,2.44,2.44
2016.04.12 04:32:33.252,0.82619,0.82631,1.00,1.69
2016.04.12 04:32:33.557,0.82619,0.82632,1.50,1.19
2016.04.12 04:32:36.929,0.82618,0.82632,2.06,1.56
2016.04.12 04:32:42.469,0.82617,0.82631,2.06,1.31
2016.04.12 04:32:42.826,0.82616,0.82628,1.69,1.00
2016.04.12 04:32:43.173,0.82615,0.82626,1.19,1.31
2016.04.12 04:32:44.923,0.82615,0.82628,2.44,1.50
2016.04.12 04:32:45.025,0.82614,0.82628,2.81,2.81
2016.04.12 04:32:45.127,0.82614,0.82628,2.06,1.87
2016.04.12 04:32:46.679,0.82614,0.82628,1.31,1.31
2016.04.12 04:32:46.781,0.82612,0.82624,1.50,1.25
2016.04.12 04:32:47.289,0.82612,0.82625,1.12,1.19
2016.04.12 04:32:47.594,0.82613,0.82626,1.69,1.00
2016.04.12 04:32:48.152,0.82613,0.82624,1.69,1.00
2016.04.12 04:32:48.254,0.82613,0.82626,1.19,1.00
2016.04.12 04:32:51.785,0.82612,0.82626,1.69,1.37
2016.04.12 04:32:52.293,0.82612,0.82625,1.31,1.37
2016.04.12 04:32:52.807,0.82611,0.82624,1.69,1.25
2016.04.12 04:32:54.061,0.82611,0.82622,1.00,1.25
2016.04.12 04:33:07.119,0.82612,0.82622,1.00,1.25
2016.04.12 04:33:07.640,0.82611,0.82624,1.87,1.31
2016.04.12 04:33:09.087,0.82611,0.82627,2.06,2.06
2016.04.12 04:33:12.799,0.82612,0.82627,1.69,1.31
2016.04.12 04:33:16.158,0.82612,0.82627,1.94,1.31
2016.04.12 04:33:16.687,0.82612,0.82627,2.44,2.06
2016.04.12 04:33:17.194,0.82613,0.82627,3.19,1.19
2016.04.12 04:33:17.703,0.82613,0.82627,2.81,1.19
2016.04.12 04:33:18.248,0.82613,0.82627,2.44,1.31
2016.04.12 04:33:19.626,0.82613,0.82627,1.31,1.69
2016.04.12 04:33:22.611,0.82613,0.82627,2.06,2.44
2016.04.12 04:33:23.119,0.82614,0.82627,1.50,1.69
2016.04.12 04:33:23.643,0.82613,0.82627,2.06,2.44
2016.04.12 04:33:28.714,0.82611,0.82625,1.50,1.31
2016.04.12 04:33:28.816,0.82613,0.82627,1.69,1.69
2016.04.12 04:33:32.110,0.82616,0.82627,1.00,1.69
2016.04.12 04:33:34.186,0.82618,0.82627,1.00,1.69
2016.04.12 04:33:35.199,0.82617,0.82627,1.00,2.44
2016.04.12 04:33:35.708,0.82618,0.8263,1.00,3.94
2016.04.12 04:33:36.013,0.82623,0.82631,1.00,1.69
2016.04.12 04:33:37.847,0.82621,0.82631,1.00,1.69
2016.04.12 04:33:38.708,0.82622,0.82632,1.00,2.44
2016.04.12 04:33:43.866,0.82622,0.8263,1.19,1.00
2016.04.12 04:33:43.917,0.82625,0.8263,1.00,1.00
2016.04.12 04:33:43.969,0.82625,0.82632,1.00,1.00
2016.04.12 04:33:44.020,0.82624,0.82636,1.00,2.44
2016.04.12 04:33:44.173,0.82625,0.82637,1.00,1.69
2016.04.12 04:33:44.686,0.82626,0.82637,1.25,1.69
2016.04.12 04:33:48.231,0.82625,0.82636,1.19,1.50
2016.04.12 04:33:52.239,0.82626,0.82634,1.25,1.00
2016.04.12 04:33:53.166,0.82624,0.82632,1.69,1.00
2016.04.12 04:33:53.217,0.82624,0.82632,1.00,1.00
2016.04.12 04:33:53.764,0.82623,0.82631,1.19,1.00
2016.04.12 04:33:57.155,0.82622,0.82631,1.69,3.00
2016.04.12 04:33:57.206,0.82621,0.82631,1.25,3.75
2016.04.12 04:33:57.740,0.82621,0.82629,1.00,2.25
2016.04.12 04:33:58.432,0.8262,0.82629,1.25,1.75
2016.04.12 04:33:58.990,0.82621,0.82629,1.00,1.75
2016.04.12 04:33:59.539,0.8262,0.82629,1.25,1.75
2016.04.12 04:33:59.641,0.82624,0.82628,1.00,1.00
2016.04.12 04:33:59.895,0.82625,0.8263,1.00,1.00
2016.04.12 04:34:00.099,0.82626,0.82633,1.00,2.25
2016.04.12 04:34:00.648,0.82625,0.82633,1.25,2.25
2016.04.12 04:34:01.868,0.82626,0.82633,1.00,1.50
2016.04.12 04:34:02.333,0.82624,0.82633,1.25,1.50
2016.04.12 04:34:05.461,0.82621,0.82632,1.69,1.87
2016.04.12 04:34:05.766,0.8262,0.82631,1.19,1.37
2016.04.12 04:34:08.163,0.82623,0.82631,1.00,1.37
2016.04.12 04:34:08.316,0.82623,0.82631,1.19,1.37
2016.04.12 04:34:10.595,0.82623,0.82632,1.25,1.50
2016.04.12 04:34:13.557,0.82624,0.82632,1.00,1.50
2016.04.12 04:34:14.093,0.82622,0.82632,1.19,1.50
2016.04.12 04:34:15.452,0.82622,0.82632,1.19,1.50
2016.04.12 04:34:24.626,0.82625,0.82631,1.25,1.00
2016.04.12 04:34:24.830,0.82626,0.82638,1.69,3.00
2016.04.12 04:34:25.236,0.82624,0.82634,1.19,1.50
2016.04.12 04:34:25.550,0.82625,0.82637,1.19,2.62
2016.04.12 04:34:27.805,0.82624,0.82637,1.19,2.25
2016.04.12 04:34:28.414,0.82627,0.82637,1.19,1.50
2016.04.12 04:34:28.555,0.82628,0.82637,1.19,1.50
2016.04.12 04:34:34.364,0.82624,0.82636,1.69,1.12
2016.04.12 04:34:34.893,0.82624,0.82636,1.19,2.25
2016.04.12 04:34:49.290,0.82624,0.82631,1.19,1.00
2016.04.12 04:34:49.342,0.8262,0.8263,1.19,1.50
2016.04.12 04:34:49.444,0.82618,0.82629,1.19,1.50
2016.04.12 04:34:52.337,0.82618,0.82626,1.19,1.00
2016.04.12 04:34:52.388,0.82615,0.82626,1.19,1.00
2016.04.12 04:34:52.750,0.82615,0.82625,1.19,1.75
2016.04.12 04:34:54.942,0.82615,0.82627,1.19,1.87
2016.04.12 04:34:54.994,0.82616,0.82628,1.19,3.37
2016.04.12 04:34:55.096,0.82619,0.8263,1.00,1.50
2016.04.12 04:34:55.148,0.8262,0.8263,1.19,1.00
2016.04.12 04:34:55.250,0.82621,0.82633,1.31,1.50
2016.04.12 04:34:55.792,0.82621,0.82635,1.31,2.44
2016.04.12 04:34:56.249,0.8262,0.82632,1.69,1.37
2016.04.12 04:35:03.258,0.82621,0.82633,1.19,1.00
2016.04.12 04:35:12.499,0.8262,0.82632,1.69,1.00
2016.04.12 04:35:12.602,0.8262,0.82632,1.69,1.37
2016.04.12 04:35:13.211,0.82622,0.82633,1.25,1.50
2016.04.12 04:35:13.602,0.82624,0.82633,1.00,1.00
2016.04.12 04:35:14.113,0.82625,0.82633,1.00,1.00
2016.04.12 04:35:14.655,0.82626,0.82634,1.00,1.00
2016.04.12 04:35:15.161,0.82627,0.82634,1.00,1.00
2016.04.12 04:35:15.487,0.82625,0.82634,1.25,1.00
2016.04.12 04:35:17.571,0.82626,0.82634,1.00,1.00
2016.04.12 04:35:18.112,0.82626,0.82636,1.00,1.50
2016.04.12 04:35:20.855,0.82627,0.82637,1.00,1.75
2016.04.12 04:35:21.365,0.82627,0.82637,1.00,1.50
2016.04.12 04:35:24.577,0.82626,0.82637,1.00,1.50
2016.04.12 04:35:25.972,0.82624,0.82637,1.19,1.50
2016.04.12 04:35:27.110,0.82626,0.82638,1.00,1.69
2016.04.12 04:35:29.739,0.82624,0.82638,1.31,1.69
2016.04.12 04:35:30.957,0.82626,0.82638,1.00,1.69
2016.04.12 04:35:31.464,0.82625,0.82638,1.25,1.69
2016.04.12 04:35:31.972,0.82626,0.82637,1.00,1.37
2016.04.12 04:35:32.024,0.82628,0.82637,1.00,1.37
2016.04.12 04:35:32.540,0.82629,0.82637,1.00,1.37
2016.04.12 04:35:32.816,0.82625,0.82638,1.25,2.44
2016.04.12 04:35:32.919,0.82625,0.82637,1.25,3.75
2016.04.12 04:35:33.021,0.82623,0.82636,1.00,2.44
2016.04.12 04:35:33.429,0.82623,0.82634,1.00,1.69
2016.04.12 04:35:33.945,0.82624,0.82634,1.00,2.44
2016.04.12 04:35:34.408,0.82622,0.82633,1.00,1.69
2016.04.12 04:35:35.248,0.82623,0.82633,1.19,1.00
2016.04.12 04:35:35.756,0.82625,0.82634,1.00,1.50
2016.04.12 04:35:36.287,0.82621,0.82634,1.25,1.69
2016.04.12 04:35:36.490,0.82622,0.82632,1.19,1.00
2016.04.12 04:35:36.695,0.82624,0.82636,1.25,1.94
2016.04.12 04:35:36.898,0.82626,0.82635,1.00,1.69
2016.04.12 04:35:37.410,0.82626,0.82635,1.00,2.00
2016.04.12 04:35:37.983,0.82623,0.82635,1.19,2.00
2016.04.12 04:35:38.035,0.82623,0.82634,1.00,3.19
2016.04.12 04:35:38.560,0.82624,0.82634,1.00,3.94
2016.04.12 04:35:39.187,0.82622,0.82634,1.00,3.94
2016.04.12 04:35:40.606,0.82623,0.82634,1.00,3.94
2016.04.12 04:35:41.279,0.82626,0.82634,1.00,3.19
2016.04.12 04:35:41.381,0.82626,0.82637,1.00,3.19
2016.04.12 04:35:41.484,0.82628,0.82637,1.00,2.00
2016.04.12 04:35:42.157,0.82626,0.82637,1.25,2.00
2016.04.12 04:35:42.260,0.82625,0.82637,1.19,3.19
2016.04.12 04:35:42.766,0.82625,0.82635,1.00,1.50
2016.04.12 04:35:43.476,0.82625,0.82635,1.00,1.50
2016.04.12 04:35:43.578,0.82623,0.82635,1.25,1.50
2016.04.12 04:35:44.112,0.82624,0.82635,1.00,1.94
2016.04.12 04:35:44.952,0.82624,0.82634,1.00,4.16
2016.04.12 04:35:45.156,0.82617,0.82627,1.69,1.12
2016.04.12 04:35:45.258,0.82619,0.82631,1.00,4.69
2016.04.12 04:35:45.361,0.82617,0.8263,1.25,1.25
2016.04.12 04:35:45.464,0.82618,0.82632,1.50,1.19
2016.04.12 04:35:45.943,0.82619,0.82632,1.31,1.25
2016.04.12 04:35:47.870,0.82624,0.82634,1.00,1.69
2016.04.12 04:35:48.407,0.82624,0.82634,1.00,1.50
2016.04.12 04:35:48.758,0.82622,0.82634,1.25,1.50
2016.04.12 04:35:49.063,0.82621,0.82634,1.19,3.56
2016.04.12 04:35:54.289,0.8262,0.82632,1.19,1.50
2016.04.12 04:35:56.477,0.8262,0.82632,1.19,2.25
2016.04.12 04:35:56.630,0.82616,0.8263,1.69,1.50
2016.04.12 04:35:57.133,0.82617,0.82632,1.31,1.94
2016.04.12 04:35:57.983,0.82618,0.82631,1.62,1.31
2016.04.12 04:36:04.788,0.82618,0.82632,3.56,1.19
2016.04.12 04:36:06.521,0.82621,0.82634,1.37,1.31
2016.04.12 04:36:10.030,0.8262,0.82635,2.81,1.69
2016.04.12 04:36:13.234,0.82624,0.82637,2.06,1.31
2016.04.12 04:36:13.539,0.82626,0.82641,1.75,1.56
2016.04.12 04:36:18.031,0.82627,0.82641,1.37,1.31
2016.04.12 04:36:21.754,0.82624,0.82641,3.94,2.44
2016.04.12 04:36:22.262,0.82624,0.82641,3.94,2.81
2016.04.12 04:36:22.798,0.82624,0.8264,3.19,2.06
2016.04.12 04:36:23.825,0.82626,0.82641,1.37,2.44
2016.04.12 04:36:24.350,0.82626,0.82641,2.44,1.56
2016.04.12 04:36:26.766,0.82626,0.8264,1.31,1.69
2016.04.12 04:36:26.990,0.82624,0.8264,2.44,1.94
2016.04.12 04:36:32.942,0.82625,0.82639,1.31,1.56
2016.04.12 04:36:36.450,0.82624,0.82639,2.06,4.69
2016.04.12 04:36:37.059,0.82621,0.82636,1.19,1.12
2016.04.12 04:36:37.211,0.82619,0.82635,2.44,2.81
2016.04.12 04:36:37.263,0.82619,0.82635,1.56,4.31
2016.04.12 04:36:37.772,0.82619,0.82632,1.19,1.69
2016.04.12 04:36:38.871,0.82619,0.82633,1.25,3.56
2016.04.12 04:36:42.571,0.8262,0.82632,1.31,1.50
2016.04.12 04:36:42.674,0.8262,0.82634,1.69,1.00
2016.04.12 04:36:50.577,0.8262,0.82634,2.06,1.50
2016.04.12 04:36:50.781,0.8262,0.82632,1.19,1.62
2016.04.12 04:36:50.933,0.82617,0.82632,2.06,1.69
2016.04.12 04:36:52.878,0.82617,0.82632,3.19,2.44
2016.04.12 04:36:53.186,0.8262,0.82633,1.31,1.00
2016.04.12 04:36:57.995,0.8262,0.82634,2.81,1.12
2016.04.12 04:37:03.318,0.82621,0.82635,1.31,2.44
2016.04.12 04:37:03.826,0.82621,0.82634,1.19,1.12
2016.04.12 04:37:04.131,0.82621,0.82634,1.00,1.31
2016.04.12 04:37:04.689,0.82621,0.82632,1.12,1.19
2016.04.12 04:37:05.021,0.82623,0.82632,1.12,1.19
2016.04.12 04:37:05.477,0.82622,0.82635,1.50,2.66
2016.04.12 04:37:05.579,0.82621,0.82634,1.12,2.06
2016.04.12 04:37:05.782,0.82621,0.82632,1.12,1.19
2016.04.12 04:37:05.833,0.82619,0.82632,1.12,1.19
2016.04.12 04:37:05.935,0.82619,0.82633,1.31,1.31
2016.04.12 04:37:06.138,0.82621,0.82634,1.19,3.37
2016.04.12 04:37:11.537,0.82623,0.82634,1.00,1.12
2016.04.12 04:37:12.086,0.82623,0.82635,1.00,1.25
2016.04.12 04:37:15.194,0.82621,0.82635,2.44,1.25
2016.04.12 04:37:15.529,0.82625,0.82636,1.19,1.00
2016.04.12 04:37:17.112,0.82629,0.8264,1.19,1.75
2016.04.12 04:37:17.265,0.82629,0.8264,2.06,1.00
2016.04.12 04:37:17.368,0.82632,0.82644,2.06,2.25
2016.04.12 04:37:17.419,0.82632,0.82645,2.06,1.37
2016.04.12 04:37:17.826,0.82632,0.82646,2.06,1.00
2016.04.12 04:37:18.030,0.82634,0.82647,1.31,1.87
2016.04.12 04:37:18.557,0.82635,0.82648,1.31,2.10
2016.04.12 04:37:18.761,0.82635,0.82648,1.19,1.00
2016.04.12 04:37:19.018,0.82638,0.82649,1.69,1.00
2016.04.12 04:37:19.210,0.8264,0.82652,1.00,1.50
2016.04.12 04:37:19.566,0.8264,0.82655,3.30,2.25
2016.04.12 04:37:19.872,0.82647,0.82661,2.81,1.12
2016.04.12 04:37:20.026,0.8265,0.82663,1.50,1.69
2016.04.12 04:37:20.358,0.82654,0.82667,1.00,1.00
2016.04.12 04:37:20.460,0.82653,0.8267,2.00,2.44
2016.04.12 04:37:20.767,0.82656,0.82671,1.50,3.79
2016.04.12 04:37:20.971,0.82655,0.82667,1.12,1.16
2016.04.12 04:37:21.074,0.82652,0.82666,1.50,2.66
2016.04.12 04:37:21.379,0.82649,0.82662,1.50,1.35
2016.04.12 04:37:21.480,0.82648,0.82662,1.37,2.29
2016.04.12 04:37:21.992,0.82648,0.82662,1.37,1.56
2016.04.12 04:37:22.500,0.82646,0.82662,2.00,3.94
2016.04.12 04:37:22.957,0.82646,0.82658,1.75,1.19
2016.04.12 04:37:24.080,0.82647,0.82661,1.69,1.69
2016.04.12 04:37:24.257,0.82649,0.82662,1.19,1.00
2016.04.12 04:37:24.514,0.82652,0.82668,2.44,2.44
2016.04.12 04:37:24.566,0.82656,0.82668,1.00,1.25
2016.04.12 04:37:25.074,0.82656,0.82668,1.00,1.19
2016.04.12 04:37:25.176,0.82655,0.8267,2.00,1.19
2016.04.12 04:37:25.379,0.82658,0.82671,1.75,1.19
2016.04.12 04:37:25.475,0.82659,0.82672,1.69,1.19
2016.04.12 04:37:25.731,0.82655,0.82671,3.19,1.69
2016.04.12 04:37:25.884,0.82655,0.82668,1.25,1.00
2016.04.12 04:37:26.240,0.82658,0.82672,1.25,1.94
2016.04.12 04:37:26.747,0.82657,0.82672,3.94,1.31
2016.04.12 04:37:27.483,0.82657,0.82671,1.50,1.69
2016.04.12 04:37:27.788,0.82656,0.82668,1.19,1.75
2016.04.12 04:37:28.383,0.82656,0.82669,1.19,1.75
2016.04.12 04:37:28.688,0.82658,0.82669,1.19,1.12
2016.04.12 04:37:28.791,0.82658,0.82673,1.31,2.25
2016.04.12 04:37:28.996,0.82661,0.82674,1.19,2.25
2016.04.12 04:37:29.098,0.8266,0.82676,3.94,1.91
2016.04.12 04:37:29.200,0.8266,0.82674,2.06,1.37
2016.04.12 04:37:29.505,0.82659,0.82672,1.69,1.00
2016.04.12 04:37:30.090,0.82659,0.82671,1.25,1.00
2016.04.12 04:37:30.193,0.82658,0.82671,1.19,1.35
2016.04.12 04:37:30.244,0.82655,0.8267,2.06,1.50
2016.04.12 04:37:30.651,0.82654,0.8267,1.69,3.79
2016.04.12 04:37:30.702,0.82653,0.82667,2.44,1.35
2016.04.12 04:37:31.037,0.82654,0.82666,1.00,2.44
2016.04.12 04:37:31.542,0.8265,0.82665,2.06,1.75
2016.04.12 04:37:31.695,0.82651,0.82664,1.31,1.00
2016.04.12 04:37:31.746,0.82656,0.82665,1.19,1.12
2016.04.12 04:37:32.691,0.82656,0.82665,1.69,1.00
2016.04.12 04:37:32.742,0.82656,0.82669,1.69,1.12
2016.04.12 04:37:32.794,0.82655,0.82668,1.19,3.37
2016.04.12 04:37:32.846,0.82652,0.82667,1.56,1.50
2016.04.12 04:37:32.999,0.82653,0.82667,2.44,1.00
2016.04.12 04:37:33.202,0.82654,0.82669,1.69,1.12
2016.04.12 04:37:33.507,0.82656,0.8267,1.31,1.50
2016.04.12 04:37:34.109,0.82657,0.8267,1.19,1.00
2016.04.12 04:37:34.414,0.82656,0.82673,3.19,3.19
2016.04.12 04:37:34.922,0.8266,0.82673,1.00,3.19
2016.04.12 04:37:35.223,0.8266,0.82676,2.44,2.44
2016.04.12 04:37:35.682,0.82661,0.82674,1.12,1.54
2016.04.12 04:37:35.836,0.82656,0.82671,1.75,1.31
2016.04.12 04:37:36.191,0.82658,0.82672,1.50,1.25
2016.04.12 04:37:36.699,0.82658,0.82672,1.00,2.22
2016.04.12 04:37:37.005,0.82656,0.82668,1.19,1.00
2016.04.12 04:37:37.514,0.82656,0.82671,1.56,2.85
2016.04.12 04:37:37.818,0.82657,0.82671,1.69,1.00
2016.04.12 04:37:38.329,0.82658,0.82672,1.12,3.37
2016.04.12 04:37:38.888,0.82658,0.82672,1.50,1.50
2016.04.12 04:37:39.041,0.82659,0.82674,1.31,2.62
2016.04.12 04:37:39.142,0.82657,0.82674,3.19,1.69
2016.04.12 04:37:39.593,0.8266,0.82674,1.31,2.62
2016.04.12 04:37:40.100,0.82658,0.82675,2.44,4.16
2016.04.12 04:37:40.986,0.82659,0.82673,1.25,2.25
2016.04.12 04:37:41.494,0.82657,0.82673,1.56,2.25
2016.04.12 04:37:41.902,0.82657,0.8267,1.00,1.16
2016.04.12 04:37:42.207,0.82657,0.82671,1.69,2.25
2016.04.12 04:37:42.309,0.82656,0.82671,3.19,1.00
2016.04.12 04:37:42.666,0.82661,0.82674,1.69,2.25
2016.04.12 04:37:43.175,0.82661,0.82674,2.44,1.00
2016.04.12 04:37:43.329,0.82661,0.82676,1.56,1.50
2016.04.12 04:37:43.423,0.82663,0.82676,1.31,1.00
2016.04.12 04:37:45.391,0.82663,0.82676,1.31,2.62
2016.04.12 04:37:45.494,0.82659,0.82674,2.06,1.91
2016.04.12 04:37:45.597,0.8266,0.82672,1.19,1.00
2016.04.12 04:37:45.902,0.8266,0.82673,1.19,2.25
2016.04.12 04:37:47.335,0.8266,0.82672,1.19,2.10
2016.04.12 04:37:47.386,0.82657,0.8267,1.62,1.37
2016.04.12 04:37:47.894,0.82656,0.82671,2.06,1.87
2016.04.12 04:37:48.098,0.82656,0.8267,1.19,1.37
2016.04.12 04:37:48.624,0.82655,0.82668,1.19,1.12
2016.04.12 04:37:49.438,0.82655,0.82668,1.31,1.50
2016.04.12 04:37:49.540,0.82655,0.82669,1.69,1.00
2016.04.12 04:37:50.081,0.82655,0.8267,1.19,3.60
2016.04.12 04:37:50.743,0.82655,0.82667,1.19,1.00
2016.04.12 04:37:50.794,0.82653,0.82667,2.44,1.25
2016.04.12 04:37:51.336,0.82653,0.82666,1.19,1.12
2016.04.12 04:37:51.540,0.82655,0.82667,1.19,3.00
2016.04.12 04:37:52.455,0.82654,0.82667,1.19,2.25
2016.04.12 04:37:52.786,0.82654,0.82665,1.19,2.25
2016.04.12 04:37:52.889,0.8265,0.82664,1.31,1.12
2016.04.12 04:37:52.940,0.8265,0.82664,1.19,1.75
2016.04.12 04:37:53.742,0.8265,0.82662,1.19,1.72
2016.04.12 04:37:54.056,0.82647,0.82657,1.19,1.00
2016.04.12 04:37:54.210,0.82647,0.82659,2.44,1.00
2016.04.12 04:37:54.414,0.82648,0.82662,1.69,1.12
2016.04.12 04:37:54.567,0.82649,0.82662,1.12,1.50
2016.04.12 04:37:54.719,0.82648,0.82662,1.69,1.12
2016.04.12 04:37:54.821,0.82648,0.82662,1.62,1.50
2016.04.12 04:37:55.127,0.82648,0.82662,2.00,1.12
2016.04.12 04:37:56.017,0.8265,0.82664,1.50,1.25
2016.04.12 04:37:57.913,0.8265,0.82665,2.44,1.12
2016.04.12 04:37:58.370,0.82653,0.82666,1.19,1.12
2016.04.12 04:37:58.684,0.82655,0.82669,2.00,1.37
2016.04.12 04:37:58.736,0.82657,0.82669,1.25,1.00
2016.04.12 04:37:59.041,0.82657,0.82668,1.69,1.00
2016.04.12 04:37:59.447,0.82658,0.82671,1.56,2.25
2016.04.12 04:37:59.962,0.82658,0.82672,1.31,1.87
2016.04.12 04:38:00.267,0.82657,0.82671,1.69,1.00
2016.04.12 04:38:00.419,0.82657,0.82669,1.69,1.00
2016.04.12 04:38:00.725,0.82654,0.82668,2.06,1.37
2016.04.12 04:38:02.332,0.82654,0.8267,2.44,2.25
2016.04.12 04:38:06.038,0.82654,0.82671,3.19,2.25
2016.04.12 04:38:06.140,0.82655,0.82672,1.94,1.75
2016.04.12 04:38:06.332,0.82657,0.82672,1.50,1.12
2016.04.12 04:38:06.923,0.82658,0.82673,2.44,1.12
2016.04.12 04:38:07.943,0.82659,0.82673,1.31,1.12
2016.04.12 04:38:08.299,0.82662,0.82675,1.19,1.50
2016.04.12 04:38:10.965,0.82662,0.82673,1.31,1.00
2016.04.12 04:38:11.017,0.82658,0.82672,2.25,1.00
2016.04.12 04:38:11.112,0.82657,0.8267,1.75,1.00
2016.04.12 04:38:11.265,0.82656,0.8267,2.06,1.12
2016.04.12 04:38:11.784,0.82656,0.82672,1.31,1.75
2016.04.12 04:38:12.506,0.82658,0.82672,1.00,1.37
2016.04.12 04:38:12.590,0.82658,0.82672,1.50,1.12
2016.04.12 04:38:12.642,0.82662,0.82673,1.00,1.00
2016.04.12 04:38:12.950,0.82671,0.82684,1.00,2.25
2016.04.12 04:38:13.052,0.82671,0.82684,1.12,1.12
2016.04.12 04:38:13.560,0.82672,0.82684,1.00,1.00
2016.04.12 04:38:14.104,0.82672,0.82683,1.00,1.00
2016.04.12 04:38:15.412,0.82668,0.82681,5.44,1.00
2016.04.12 04:38:15.463,0.82668,0.82681,3.19,1.00
2016.04.12 04:38:15.612,0.82669,0.82678,1.37,1.69
2016.04.12 04:38:15.663,0.82666,0.82678,2.25,1.69
2016.04.12 04:38:18.499,0.82667,0.82681,1.69,1.69
2016.04.12 04:38:20.255,0.82666,0.82679,2.44,1.00
2016.04.12 04:38:21.151,0.82668,0.82679,1.50,1.00
2016.04.12 04:38:21.609,0.82669,0.82681,1.69,1.00
2016.04.12 04:38:21.863,0.82672,0.82682,1.69,1.00
2016.04.12 04:38:21.914,0.82673,0.82684,1.12,1.00
2016.04.12 04:38:22.629,0.82671,0.82684,2.44,1.00
2016.04.12 04:38:23.137,0.82671,0.82684,1.31,1.37
2016.04.12 04:38:23.773,0.82671,0.82683,1.12,1.25
2016.04.12 04:38:25.126,0.82671,0.82682,1.12,1.00
2016.04.12 04:38:34.998,0.82671,0.82681,1.00,1.00
2016.04.12 04:38:35.477,0.82671,0.82683,1.00,1.31
2016.04.12 04:38:36.974,0.82669,0.82683,2.06,1.31
2016.04.12 04:38:37.546,0.82669,0.82682,1.31,1.00
2016.04.12 04:38:37.749,0.82669,0.8268,1.31,1.00
2016.04.12 04:38:38.003,0.82669,0.82682,1.31,1.00
2016.04.12 04:38:38.523,0.82669,0.82681,2.44,1.00
2016.04.12 04:38:39.086,0.82669,0.82685,1.69,3.19
2016.04.12 04:38:45.473,0.82671,0.82683,1.00,1.69
2016.04.12 04:38:45.651,0.82669,0.82683,1.25,4.69
2016.04.12 04:38:45.906,0.82669,0.82682,1.00,2.44
2016.04.12 04:38:46.414,0.82669,0.8268,1.00,1.19
2016.04.12 04:38:48.553,0.82669,0.8268,1.25,1.25
2016.04.12 04:38:49.055,0.82669,0.82682,1.00,1.69
2016.04.12 04:38:49.988,0.82669,0.82682,1.00,2.44
2016.04.12 04:38:51.601,0.82669,0.82681,1.00,2.44
2016.04.12 04:38:51.705,0.82666,0.8268,1.19,1.69
2016.04.12 04:38:53.327,0.82666,0.82678,1.19,1.00
2016.04.12 04:38:53.861,0.82664,0.82677,1.69,1.25
2016.04.12 04:38:53.912,0.82664,0.82676,1.25,1.37
2016.04.12 04:38:54.218,0.82663,0.82675,1.00,2.06
2016.04.12 04:38:54.725,0.82663,0.82675,1.19,2.06
2016.04.12 04:38:58.102,0.82661,0.82675,2.06,2.81
2016.04.12 04:38:58.636,0.82661,0.82673,1.19,2.44
2016.04.12 04:38:58.941,0.8266,0.82673,1.19,1.94
2016.04.12 04:38:59.449,0.82659,0.82672,1.69,1.37
2016.04.12 04:38:59.755,0.8266,0.82674,1.31,1.50
2016.04.12 04:39:00.415,0.82664,0.82673,1.19,1.12
2016.04.12 04:39:00.568,0.82662,0.82676,1.19,2.06
2016.04.12 04:39:00.671,0.82663,0.82676,1.19,1.75
2016.04.12 04:39:02.620,0.82662,0.82676,1.19,1.75
2016.04.12 04:39:10.573,0.8266,0.82675,1.69,1.69
2016.04.12 04:39:10.777,0.82664,0.82674,1.19,1.50
2016.04.12 04:39:11.662,0.82665,0.82674,1.19,1.37
2016.04.12 04:39:20.658,0.82665,0.82676,1.19,1.00
2016.04.12 04:39:29.937,0.82666,0.82676,1.19,1.00
2016.04.12 04:39:30.568,0.82669,0.82676,1.19,1.00
2016.04.12 04:39:30.774,0.82669,0.8268,1.19,1.87
2016.04.12 04:39:31.185,0.82669,0.82676,1.19,1.00
2016.04.12 04:39:31.338,0.82669,0.82676,1.25,1.12
2016.04.12 04:39:31.491,0.82668,0.82676,1.25,2.62
2016.04.12 04:39:32.020,0.82667,0.82675,1.19,3.00
2016.04.12 04:39:33.970,0.82667,0.82674,1.19,1.00
2016.04.12 04:39:34.318,0.82667,0.82674,1.19,1.50
2016.04.12 04:39:34.776,0.82665,0.82672,1.19,1.12
2016.04.12 04:39:34.980,0.82667,0.82673,1.25,1.12
2016.04.12 04:39:35.082,0.82668,0.82675,1.25,1.12
2016.04.12 04:39:35.636,0.8267,0.82677,1.19,3.37
2016.04.12 04:39:36.196,0.8267,0.82677,1.19,3.75
2016.04.12 04:39:36.501,0.82667,0.82673,1.19,1.87
2016.04.12 04:39:36.704,0.82666,0.82672,1.25,1.50
2016.04.12 04:39:37.217,0.82666,0.82673,1.19,1.00
2016.04.12 04:39:37.724,0.82667,0.82675,1.19,1.87
2016.04.12 04:39:39.925,0.82664,0.82674,1.19,1.12
2016.04.12 04:39:40.282,0.82664,0.82673,1.19,3.75
2016.04.12 04:39:41.368,0.82661,0.82671,1.19,1.50
2016.04.12 04:39:41.887,0.82661,0.82671,1.19,2.25
2016.04.12 04:39:42.394,0.82661,0.82671,1.19,1.50
2016.04.12 04:39:50.910,0.82661,0.82673,1.19,1.50
2016.04.12 04:39:55.336,0.82662,0.82673,1.19,3.00
2016.04.12 04:39:55.438,0.8266,0.82673,1.19,2.25
2016.04.12 04:39:55.540,0.8266,0.82673,1.19,1.50
2016.04.12 04:40:00.613,0.8266,0.8267,1.69,1.12
2016.04.12 04:40:00.715,0.82656,0.8267,2.44,1.50
2016.04.12 04:40:00.766,0.82656,0.82669,1.94,2.25
2016.04.12 04:40:01.071,0.82656,0.82664,1.19,3.37
2016.04.12 04:40:01.426,0.82656,0.82663,1.19,1.87
2016.04.12 04:40:02.032,0.82656,0.82663,1.19,1.87
2016.04.12 04:40:02.388,0.82653,0.82664,1.19,1.00
2016.04.12 04:40:02.732,0.82653,0.82666,1.69,2.25
2016.04.12 04:40:02.784,0.82657,0.82668,1.19,2.62
2016.04.12 04:40:02.836,0.82657,0.82671,2.06,3.56
2016.04.12 04:40:03.344,0.82658,0.82671,1.19,2.06
2016.04.12 04:40:03.974,0.82659,0.82672,1.00,1.19
2016.04.12 04:40:04.482,0.82659,0.8267,1.50,1.69
2016.04.12 04:40:04.736,0.82655,0.8267,1.94,1.19
2016.04.12 04:40:06.316,0.82658,0.82671,2.44,2.44
2016.04.12 04:40:06.469,0.82659,0.82673,1.94,3.04
2016.04.12 04:40:06.520,0.82659,0.82671,1.56,1.50
2016.04.12 04:40:06.825,0.82657,0.82671,2.44,1.31
2016.04.12 04:40:07.337,0.82659,0.82671,1.50,1.19
2016.04.12 04:40:07.439,0.82659,0.82672,1.50,1.31
2016.04.12 04:40:07.541,0.8266,0.82673,1.31,1.87
2016.04.12 04:40:09.402,0.82662,0.82673,1.19,1.00
2016.04.12 04:40:09.454,0.82663,0.82675,1.31,2.25
2016.04.12 04:40:09.554,0.82665,0.82676,2.44,1.00
2016.04.12 04:40:09.660,0.82669,0.8268,1.00,1.31
2016.04.12 04:40:09.762,0.82674,0.82683,1.12,1.00
2016.04.12 04:40:09.813,0.82674,0.82687,1.12,2.06
2016.04.12 04:40:09.864,0.82675,0.82688,1.31,1.50
2016.04.12 04:40:10.375,0.82675,0.82689,1.31,2.06
2016.04.12 04:40:10.917,0.82674,0.82689,2.81,2.44
2016.04.12 04:40:16.346,0.82673,0.8269,3.19,4.69
2016.04.12 04:40:16.847,0.82674,0.8269,1.69,3.94
2016.04.12 04:40:17.157,0.82678,0.82691,1.69,1.69
2016.04.12 04:40:21.195,0.8268,0.82694,2.44,1.25
2016.04.12 04:40:23.473,0.82683,0.82696,1.19,1.50
2016.04.12 04:40:24.567,0.82684,0.82697,1.19,2.62
2016.04.12 04:40:24.872,0.82688,0.82704,3.94,1.56
2016.04.12 04:40:25.442,0.82688,0.82702,2.44,1.25
2016.04.12 04:40:27.397,0.82688,0.82701,1.19,1.00
2016.04.12 04:40:27.449,0.82684,0.827,5.06,1.31
2016.04.12 04:40:27.602,0.82684,0.827,1.94,1.31
2016.04.12 04:40:28.109,0.82686,0.82698,1.25,1.00
2016.04.12 04:40:28.261,0.82687,0.82701,1.50,1.31
2016.04.12 04:40:28.313,0.82687,0.82702,2.44,1.50
2016.04.12 04:40:28.446,0.8269,0.82703,1.19,1.37
2016.04.12 04:40:28.498,0.8269,0.82705,1.19,3.94
2016.04.12 04:40:28.600,0.82693,0.82706,1.00,1.94
2016.04.12 04:40:28.804,0.82696,0.82709,1.50,1.19
2016.04.12 04:40:29.781,0.82693,0.82708,1.75,1.31
2016.04.12 04:40:31.940,0.82695,0.82704,1.37,1.54
2016.04.12 04:40:31.991,0.82693,0.82704,1.12,2.03
2016.04.12 04:40:32.093,0.82687,0.82702,1.69,3.30
2016.04.12 04:40:33.201,0.82689,0.82703,1.69,1.69
2016.04.12 04:40:33.405,0.8269,0.82704,1.50,3.56
2016.04.12 04:40:34.268,0.82688,0.82703,1.31,2.44
2016.04.12 04:40:38.011,0.82687,0.82702,2.44,2.06
2016.04.12 04:40:38.518,0.82687,0.82701,1.25,1.69
2016.04.12 04:40:38.828,0.82689,0.82702,2.44,1.19
2016.04.12 04:40:39.337,0.82691,0.82704,1.00,2.44
2016.04.12 04:40:39.817,0.82689,0.82699,1.56,1.00
2016.04.12 04:40:40.217,0.82685,0.82698,1.19,1.00
2016.04.12 04:40:40.725,0.82689,0.827,1.00,1.31
2016.04.12 04:40:41.032,0.82691,0.82705,1.19,4.69
2016.04.12 04:40:43.723,0.82689,0.82703,1.56,2.06
2016.04.12 04:40:43.926,0.82691,0.82703,1.19,1.37
2016.04.12 04:40:44.988,0.82691,0.82704,1.31,2.81
2016.04.12 04:40:45.293,0.82691,0.82704,2.06,2.06
2016.04.12 04:40:45.598,0.82689,0.82698,1.19,1.50
2016.04.12 04:40:45.822,0.82688,0.82702,1.69,3.19
2016.04.12 04:40:45.874,0.82689,0.82703,1.19,1.94
2016.04.12 04:40:45.925,0.8269,0.82704,1.31,2.06
2016.04.12 04:40:50.096,0.82692,0.82704,1.00,1.31
2016.04.12 04:40:50.198,0.82689,0.827,2.06,1.00
2016.04.12 04:40:50.347,0.82687,0.827,1.12,1.69
2016.04.12 04:40:54.336,0.82685,0.82699,1.69,1.19
2016.04.12 04:40:54.641,0.82683,0.82696,1.31,1.19
2016.04.12 04:40:55.220,0.82682,0.82692,1.19,1.00
2016.04.12 04:40:55.272,0.82676,0.8269,4.69,1.19
2016.04.12 04:40:55.374,0.82676,0.82684,1.87,1.00
2016.04.12 04:40:55.425,0.82672,0.82684,1.69,1.00
2016.04.12 04:40:55.476,0.82672,0.82682,1.31,1.12
2016.04.12 04:40:55.781,0.82672,0.82682,1.19,1.75
2016.04.12 04:40:57.016,0.82675,0.82685,1.19,3.75
2016.04.12 04:40:57.067,0.82675,0.82684,1.19,1.00
2016.04.12 04:40:57.170,0.82679,0.82685,1.19,1.00
2016.04.12 04:40:57.372,0.82672,0.82683,1.19,1.00
2016.04.12 04:40:57.425,0.82672,0.82683,1.19,1.37
2016.04.12 04:40:57.936,0.82671,0.82681,1.19,1.00
2016.04.12 04:41:00.426,0.82667,0.82682,1.31,2.44
2016.04.12 04:41:02.443,0.82668,0.8268,1.25,2.06
2016.04.12 04:41:02.545,0.82666,0.82679,1.00,3.19
2016.04.12 04:41:03.099,0.82665,0.82679,1.25,4.69
2016.04.12 04:41:03.202,0.82666,0.82679,1.19,3.19
2016.04.12 04:41:04.136,0.82666,0.8268,1.31,1.94
2016.04.12 04:41:06.291,0.82665,0.82681,2.44,2.44
2016.04.12 04:41:07.132,0.82665,0.8268,3.19,2.44
2016.04.12 04:41:07.640,0.82665,0.82681,3.19,2.44
2016.04.12 04:41:10.848,0.82665,0.8268,1.69,2.00
2016.04.12 04:41:11.051,0.82665,0.82678,1.19,2.25
2016.04.12 04:41:11.103,0.82662,0.82677,2.44,1.69
2016.04.12 04:41:11.205,0.82662,0.82672,1.94,1.00
2016.04.12 04:41:11.706,0.82662,0.82672,1.19,1.50
2016.04.12 04:41:13.324,0.82662,0.8267,1.19,1.00
2016.04.12 04:41:13.578,0.8266,0.82671,1.19,1.12
2016.04.12 04:41:14.454,0.8266,0.82674,1.19,1.75
2016.04.12 04:41:14.685,0.82663,0.82677,1.12,2.44
2016.04.12 04:41:14.838,0.82661,0.82675,1.00,1.25
2016.04.12 04:41:15.092,0.8266,0.82673,1.31,1.19
2016.04.12 04:41:15.194,0.82656,0.8267,1.69,1.25
2016.04.12 04:41:21.512,0.82656,0.82673,3.19,3.00
2016.04.12 04:41:21.818,0.82659,0.82672,1.19,2.44
2016.04.12 04:41:25.096,0.82656,0.8267,1.50,1.31
2016.04.12 04:41:25.350,0.82657,0.8267,1.12,1.31
2016.04.12 04:41:26.727,0.82657,0.8267,1.37,1.31
2016.04.12 04:41:30.316,0.82659,0.8267,1.00,1.31
2016.04.12 04:41:30.469,0.82659,0.82672,1.37,1.69
2016.04.12 04:41:30.986,0.8266,0.82674,1.50,1.25
2016.04.12 04:41:32.256,0.8266,0.82674,2.25,1.25
2016.04.12 04:41:32.774,0.82661,0.82674,1.00,1.25
2016.04.12 04:41:35.154,0.82662,0.82674,1.50,1.25
2016.04.12 04:41:35.205,0.82663,0.82678,1.12,1.50
2016.04.12 04:41:35.257,0.82664,0.82678,1.75,1.50
2016.04.12 04:41:35.410,0.82668,0.82681,1.00,1.69
2016.04.12 04:41:35.562,0.82668,0.82682,2.62,1.31
2016.04.12 04:41:36.699,0.82669,0.82682,1.37,1.31
2016.04.12 04:41:37.206,0.82668,0.82682,1.50,1.31
2016.04.12 04:41:37.751,0.82669,0.82682,2.62,1.19
2016.04.12 04:41:38.310,0.82667,0.82682,3.00,1.31
2016.04.12 04:41:38.816,0.82667,0.82682,1.37,1.31
2016.04.12 04:41:39.424,0.82668,0.82682,1.50,1.31
2016.04.12 04:41:40.033,0.82668,0.82682,1.00,1.69
2016.04.12 04:41:42.430,0.82668,0.82682,1.87,1.31
2016.04.12 04:41:42.888,0.8267,0.82683,1.12,1.25
2016.04.12 04:41:45.931,0.82669,0.82683,1.50,1.69
2016.04.12 04:41:46.056,0.82667,0.8268,1.49,1.31
2016.04.12 04:41:46.612,0.82666,0.8268,1.12,1.69
2016.04.12 04:41:46.765,0.82666,0.8268,1.15,1.69
2016.04.12 04:41:46.917,0.82665,0.8268,1.12,2.44
2016.04.12 04:41:49.637,0.82663,0.82679,3.12,1.00
2016.04.12 04:41:50.415,0.82665,0.8268,1.50,2.06
2016.04.12 04:41:57.413,0.82665,0.82675,1.50,1.25
2016.04.12 04:41:57.566,0.8266,0.82672,1.00,1.31
2016.04.12 04:41:57.668,0.82658,0.82672,1.12,1.94
2016.04.12 04:41:58.195,0.82656,0.82672,2.25,1.69
2016.04.12 04:41:58.500,0.82655,0.8267,1.50,2.06
2016.04.12 04:41:58.806,0.82653,0.82666,1.75,1.00
2016.04.12 04:41:58.857,0.82651,0.82666,2.25,1.31
2016.04.12 04:41:58.959,0.82651,0.82662,1.50,1.25
2016.04.12 04:41:59.478,0.8265,0.82662,1.00,1.25
2016.04.12 04:41:59.986,0.8265,0.82664,1.00,1.69
2016.04.12 04:42:02.758,0.82651,0.82664,1.12,1.31
2016.04.12 04:42:03.066,0.82655,0.82666,1.00,1.25
2016.04.12 04:42:03.320,0.82653,0.82666,3.37,1.25
2016.04.12 04:42:03.861,0.82654,0.82666,1.00,1.25
2016.04.12 04:42:04.163,0.82652,0.82663,1.00,1.19
2016.04.12 04:42:04.713,0.8265,0.82663,1.50,1.19
2016.04.12 04:42:08.245,0.82648,0.82663,3.00,1.69
2016.04.12 04:42:08.550,0.82648,0.8266,1.00,1.31
2016.04.12 04:42:08.703,0.82646,0.8266,1.12,1.31
2016.04.12 04:42:08.843,0.82644,0.82658,1.37,1.37
2016.04.12 04:42:09.148,0.82642,0.82655,1.37,1.31
2016.04.12 04:42:09.352,0.82637,0.82651,1.50,1.69
2016.04.12 04:42:09.454,0.82639,0.82652,1.50,1.69
2016.04.12 04:42:09.761,0.82642,0.82652,1.37,1.19
2016.04.12 04:42:11.625,0.82642,0.82656,1.37,2.81
2016.04.12 04:42:15.680,0.82643,0.82657,2.06,1.31
2016.04.12 04:42:20.857,0.82641,0.82654,2.25,1.19
2016.04.12 04:42:20.909,0.82639,0.82654,3.19,1.19
2016.04.12 04:42:21.011,0.8264,0.82654,1.31,1.31
2016.04.12 04:42:22.958,0.8264,0.8265,1.12,1.25
2016.04.12 04:42:26.691,0.82639,0.8265,1.12,1.25
2016.04.12 04:42:27.037,0.82635,0.82645,1.50,1.19
2016.04.12 04:42:27.141,0.82634,0.82646,1.75,1.25
2016.04.12 04:42:27.397,0.82636,0.82646,1.75,1.25
2016.04.12 04:42:28.173,0.82636,0.82646,3.75,1.25
2016.04.12 04:42:28.676,0.82637,0.82648,1.75,1.19
2016.04.12 04:42:28.879,0.82639,0.82649,1.37,1.25
2016.04.12 04:42:28.981,0.82641,0.82653,1.12,1.31
2016.04.12 04:42:29.083,0.82642,0.82653,1.87,1.19
2016.04.12 04:42:29.236,0.82643,0.82657,1.87,1.31
2016.04.12 04:42:29.287,0.82643,0.82657,2.62,1.31
2016.04.12 04:42:29.543,0.82641,0.82654,2.62,1.19
2016.04.12 04:42:29.645,0.82641,0.82651,2.25,1.19
2016.04.12 04:42:29.752,0.82643,0.82654,1.00,1.19
2016.04.12 04:42:30.007,0.82642,0.82651,1.00,1.19
2016.04.12 04:42:30.314,0.82639,0.82651,1.00,1.19
2016.04.12 04:42:30.467,0.82637,0.82651,1.12,2.81
2016.04.12 04:42:30.518,0.82637,0.82645,1.12,1.25
2016.04.12 04:42:31.028,0.82635,0.82645,1.50,1.25
2016.04.12 04:42:31.791,0.82635,0.82645,1.12,1.25
2016.04.12 04:42:32.470,0.82634,0.82645,1.12,1.25
2016.04.12 04:42:32.828,0.82632,0.82643,2.62,1.25
2016.04.12 04:42:33.135,0.8263,0.82641,1.00,1.25
2016.04.12 04:42:33.493,0.82628,0.82639,1.50,1.19
2016.04.12 04:42:33.798,0.8263,0.82639,1.00,1.19
2016.04.12 04:42:34.850,0.82629,0.82639,1.00,1.19
2016.04.12 04:42:35.375,0.82628,0.82635,1.12,1.19
2016.04.12 04:42:35.427,0.82625,0.82635,2.36,1.19
2016.04.12 04:42:35.478,0.82625,0.82638,2.25,1.19
2016.04.12 04:42:35.987,0.82624,0.82639,3.00,1.31
2016.04.12 04:42:36.039,0.82624,0.82637,3.00,1.19
2016.04.12 04:42:38.115,0.82624,0.82637,3.75,1.19
2016.04.12 04:42:41.831,0.82627,0.82637,1.37,1.19
2016.04.12 04:42:42.321,0.82627,0.82637,1.12,1.19
2016.04.12 04:42:42.870,0.82626,0.82637,1.87,1.19
2016.04.12 04:42:44.039,0.82626,0.82637,1.87,1.19
2016.04.12 04:42:44.344,0.8263,0.82637,1.50,1.19
2016.04.12 04:42:44.442,0.8263,0.82642,1.50,1.69
2016.04.12 04:42:44.983,0.82631,0.82643,1.87,1.19
2016.04.12 04:42:45.492,0.82632,0.82643,1.00,1.19
2016.04.12 04:42:45.887,0.82634,0.82643,1.00,1.19
2016.04.12 04:42:46.192,0.82631,0.82643,3.75,1.19
2016.04.12 04:42:46.725,0.82631,0.82642,3.75,1.19
2016.04.12 04:42:49.549,0.82631,0.82642,1.50,1.19
2016.04.12 04:42:49.651,0.82632,0.82642,1.37,1.19
2016.04.12 04:42:51.708,0.82634,0.82642,1.00,1.19
2016.04.12 04:42:52.021,0.82637,0.82642,1.00,1.19
2016.04.12 04:42:52.122,0.82635,0.82642,1.12,1.19
2016.04.12 04:42:52.660,0.82632,0.82642,2.25,1.19
2016.04.12 04:42:53.190,0.82632,0.82642,1.87,1.19
2016.04.12 04:42:57.857,0.82631,0.82642,3.37,1.19
2016.04.12 04:43:01.674,0.82632,0.82641,3.00,1.19
2016.04.12 04:43:11.812,0.82633,0.82642,1.50,1.19
2016.04.12 04:43:15.877,0.82634,0.82644,1.00,1.19
2016.04.12 04:43:15.978,0.82633,0.82642,1.75,1.25
2016.04.12 04:43:16.181,0.82634,0.82645,2.25,1.19
2016.04.12 04:43:16.995,0.82636,0.82645,1.50,1.19
2016.04.12 04:43:17.744,0.82633,0.82643,2.62,1.19
2016.04.12 04:43:17.798,0.82633,0.82643,2.62,1.19
2016.04.12 04:43:18.682,0.82633,0.82643,1.12,1.19
2016.04.12 04:43:19.229,0.82633,0.82643,1.37,1.19
2016.04.12 04:43:19.780,0.82633,0.82643,1.12,1.19
2016.04.12 04:43:20.485,0.82632,0.82642,1.50,1.19
2016.04.12 04:43:20.738,0.82631,0.82642,1.50,1.19
2016.04.12 04:43:23.060,0.8263,0.82642,1.87,1.19
2016.04.12 04:43:23.568,0.82629,0.82641,3.75,1.19
2016.04.12 04:43:23.671,0.82629,0.82639,3.00,1.19
2016.04.12 04:43:23.975,0.82631,0.82639,1.37,1.19
2016.04.12 04:43:24.482,0.8263,0.82639,1.37,1.19
2016.04.12 04:43:27.506,0.8263,0.8264,2.25,1.19
2016.04.12 04:43:28.027,0.82631,0.82639,1.12,1.19
2016.04.12 04:43:28.823,0.82632,0.82639,1.50,1.19
2016.04.12 04:43:29.128,0.82629,0.82639,3.00,1.19
2016.04.12 04:43:31.673,0.82631,0.82639,1.00,1.19
2016.04.12 04:43:32.219,0.82631,0.82639,1.37,1.19
2016.04.12 04:43:33.070,0.82634,0.82639,1.12,1.19
2016.04.12 04:43:33.122,0.82634,0.82645,1.50,1.25
2016.04.12 04:43:33.173,0.82637,0.82645,1.00,1.25
2016.04.12 04:43:33.716,0.82636,0.82644,1.37,1.25
2016.04.12 04:43:45.239,0.82636,0.82644,3.11,1.25
2016.04.12 04:43:45.341,0.82638,0.82649,2.36,1.19
2016.04.12 04:43:45.544,0.82641,0.82654,1.12,1.31
2016.04.12 04:43:45.646,0.82643,0.82654,1.37,1.19
2016.04.12 04:43:45.952,0.82646,0.82654,1.00,1.25
2016.04.12 04:43:46.284,0.82641,0.82653,2.36,1.19
2016.04.12 04:43:46.591,0.82641,0.8265,1.50,1.25
2016.04.12 04:43:46.743,0.8264,0.8265,1.37,1.69
2016.04.12 04:43:46.795,0.82639,0.8265,1.12,1.62
2016.04.12 04:43:47.302,0.82639,0.8265,1.00,1.31
2016.04.12 04:43:47.855,0.82638,0.8265,1.00,1.31
2016.04.12 04:43:48.406,0.82639,0.8265,1.00,1.31
2016.04.12 04:43:49.413,0.82642,0.82655,2.25,1.19
2016.04.12 04:43:49.616,0.8264,0.82655,1.61,1.56
2016.04.12 04:43:49.864,0.8264,0.82651,1.61,1.25
2016.04.12 04:43:49.966,0.82639,0.82651,1.12,1.25
2016.04.12 04:43:50.474,0.82638,0.82651,1.12,1.31
2016.04.12 04:43:50.981,0.82639,0.82651,1.00,1.31
2016.04.12 04:43:51.521,0.82638,0.82651,1.12,1.31
2016.04.12 04:43:52.062,0.82639,0.82651,1.00,1.31
2016.04.12 04:43:53.518,0.82638,0.82651,1.50,1.31
2016.04.12 04:43:55.077,0.82639,0.82652,1.00,1.50
2016.04.12 04:43:55.179,0.82641,0.82653,1.00,1.75
2016.04.12 04:43:55.688,0.82639,0.82654,1.50,1.75
2016.04.12 04:43:56.808,0.82638,0.82654,1.50,1.75
2016.04.12 04:43:58.162,0.82638,0.82653,1.00,1.75
2016.04.12 04:43:58.952,0.82637,0.82651,1.53,1.50
2016.04.12 04:43:59.155,0.82637,0.82652,1.87,1.25
2016.04.12 04:43:59.206,0.82637,0.8265,1.87,1.19
2016.04.12 04:43:59.461,0.82635,0.8265,1.12,3.19
2016.04.12 04:43:59.994,0.82636,0.82649,1.00,1.31
2016.04.12 04:44:00.693,0.82635,0.8265,1.12,3.19
2016.04.12 04:44:01.654,0.82635,0.82649,1.12,1.69
2016.04.12 04:44:03.255,0.82632,0.82647,1.50,1.31
2016.04.12 04:44:03.509,0.82632,0.82645,2.25,1.19
2016.04.12 04:44:04.017,0.82632,0.82647,2.25,1.31
2016.04.12 04:44:04.372,0.82632,0.82644,2.25,1.19
2016.04.12 04:44:06.669,0.82631,0.82644,1.61,1.19
2016.04.12 04:44:13.929,0.82633,0.82644,1.00,1.69
2016.04.12 04:44:14.842,0.82632,0.82644,1.12,1.69
2016.04.12 04:44:17.066,0.82633,0.82644,1.00,1.69
2016.04.12 04:44:17.751,0.82632,0.82644,3.00,1.19
2016.04.12 04:44:17.853,0.82632,0.82644,2.25,1.19
2016.04.12 04:44:17.904,0.82632,0.82643,2.25,1.19
2016.04.12 04:44:21.050,0.82633,0.82643,1.00,1.19
2016.04.12 04:44:21.557,0.82632,0.82643,1.50,1.19
2016.04.12 04:44:21.995,0.82632,0.82646,3.00,1.69
2016.04.12 04:44:22.099,0.82633,0.82646,2.25,1.19
2016.04.12 04:44:25.874,0.82633,0.82646,1.00,1.69
2016.04.12 04:44:25.925,0.82633,0.82642,1.00,1.19
2016.04.12 04:44:26.230,0.82636,0.82644,1.12,1.19
2016.04.12 04:44:26.484,0.82638,0.82648,1.12,1.19
2016.04.12 04:44:27.030,0.82638,0.82648,1.87,1.19
2016.04.12 04:44:27.538,0.82638,0.82648,1.00,1.19
2016.04.12 04:44:28.122,0.82639,0.82648,1.00,1.19
2016.04.12 04:44:28.666,0.82638,0.82648,1.00,1.19
2016.04.12 04:44:29.116,0.82639,0.82646,1.00,1.19
2016.04.12 04:44:29.685,0.82638,0.82646,1.00,1.19
2016.04.12 04:44:31.584,0.82639,0.82646,1.00,1.19
2016.04.12 04:44:32.519,0.82639,0.82648,1.00,1.19
2016.04.12 04:44:32.621,0.8264,0.82652,1.87,1.19
2016.04.12 04:44:34.486,0.8264,0.82653,1.00,3.19
2016.04.12 04:44:35.104,0.82639,0.82653,1.12,1.31
2016.04.12 04:44:35.206,0.82639,0.82652,1.00,1.69
2016.04.12 04:44:35.750,0.82637,0.82652,1.37,1.69
2016.04.12 04:44:37.085,0.8264,0.8265,1.00,1.31
2016.04.12 04:44:37.390,0.82641,0.8265,1.37,1.25
2016.04.12 04:44:37.492,0.82641,0.82652,1.37,1.69
2016.04.12 04:44:38.034,0.82641,0.82652,1.75,1.25
2016.04.12 04:44:38.544,0.82641,0.82652,1.37,1.25
2016.04.12 04:44:42.091,0.82643,0.82653,1.00,1.19
2016.04.12 04:44:42.448,0.82643,0.82655,2.25,1.25
2016.04.12 04:44:42.500,0.82645,0.82655,1.00,1.25
2016.04.12 04:44:43.013,0.82644,0.82655,1.00,1.19
2016.04.12 04:44:46.499,0.82644,0.82652,1.00,1.25
2016.04.12 04:44:47.009,0.82644,0.82654,1.12,1.19
2016.04.12 04:44:49.774,0.82644,0.82654,1.50,1.19
2016.04.12 04:44:49.826,0.82644,0.82658,1.75,1.31
2016.04.12 04:44:50.181,0.82649,0.82659,1.00,1.19
2016.04.12 04:44:50.913,0.82648,0.82659,1.50,1.19
2016.04.12 04:44:51.583,0.8265,0.82659,1.00,1.00
2016.04.12 04:44:52.090,0.82649,0.82661,1.75,1.19
2016.04.12 04:44:53.444,0.82649,0.82661,1.12,1.56
2016.04.12 04:44:53.697,0.82651,0.82661,1.00,1.56
2016.04.12 04:44:54.019,0.82652,0.82663,1.75,1.25
2016.04.12 04:44:54.325,0.82651,0.82662,1.12,1.19
2016.04.12 04:44:55.757,0.82651,0.82663,1.12,2.06
2016.04.12 04:44:56.925,0.8265,0.82663,1.00,2.44
2016.04.12 04:44:56.976,0.8265,0.82662,1.00,1.19
2016.04.12 04:44:58.223,0.8265,0.82662,1.37,1.19
2016.04.12 04:44:58.478,0.82651,0.82665,1.37,2.06
2016.04.12 04:44:59.037,0.82651,0.82663,1.00,1.25
2016.04.12 04:45:00.669,0.82651,0.8266,1.12,1.25
2016.04.12 04:45:01.076,0.82652,0.8266,1.50,1.25
2016.04.12 04:45:01.437,0.82651,0.82663,2.25,1.19
2016.04.12 04:45:01.590,0.82652,0.82664,1.50,1.25
2016.04.12 04:45:02.149,0.82651,0.82664,1.50,1.25
2016.04.12 04:45:02.652,0.82651,0.82663,1.50,1.25
2016.04.12 04:45:05.839,0.82651,0.82663,1.50,1.19
2016.04.12 04:45:09.159,0.8265,0.8266,1.50,1.25
2016.04.12 04:45:09.435,0.82647,0.8266,2.36,1.25
2016.04.12 04:45:10.764,0.82649,0.82661,1.50,1.19
2016.04.12 04:45:11.297,0.82648,0.82661,1.75,1.19
2016.04.12 04:45:12.008,0.82648,0.82663,1.75,1.31
2016.04.12 04:45:15.663,0.82649,0.82663,1.61,1.19
2016.04.12 04:45:15.807,0.82652,0.82664,1.00,1.25
2016.04.12 04:45:16.416,0.82652,0.82663,1.12,1.19
2016.04.12 04:45:16.975,0.8265,0.82663,1.00,1.19
2016.04.12 04:45:17.861,0.82649,0.82664,2.25,1.31
2016.04.12 04:45:18.419,0.8265,0.82658,1.00,1.19
2016.04.12 04:45:18.522,0.82647,0.82658,2.25,1.19
2016.04.12 04:45:23.792,0.82646,0.82656,1.12,1.19
2016.04.12 04:45:23.996,0.82646,0.82658,1.00,1.31
2016.04.12 04:45:24.047,0.82644,0.82658,1.87,1.31
2016.04.12 04:45:24.098,0.82645,0.82656,1.50,1.19
2016.04.12 04:45:24.251,0.82646,0.82658,1.12,1.19
2016.04.12 04:45:25.019,0.82646,0.82658,1.37,1.19
2016.04.12 04:45:28.003,0.82647,0.82662,1.31,2.55
2016.04.12 04:45:28.056,0.82649,0.82662,2.62,1.69
2016.04.12 04:45:28.365,0.82656,0.8267,2.44,1.19
2016.04.12 04:45:28.416,0.82656,0.82671,1.00,1.75
2016.04.12 04:45:29.127,0.82656,0.82668,1.00,1.00
2016.04.12 04:45:29.283,0.82656,0.82667,1.00,1.69
2016.04.12 04:45:29.334,0.82654,0.82667,1.25,1.69
2016.04.12 04:45:29.692,0.82652,0.82663,1.19,2.25
2016.04.12 04:45:30.887,0.82652,0.82662,1.19,1.50
2016.04.12 04:45:31.513,0.82653,0.82663,1.19,1.24
2016.04.12 04:45:31.716,0.82656,0.82666,1.19,1.75
2016.04.12 04:45:31.818,0.82656,0.82666,1.19,1.37
2016.04.12 04:45:35.687,0.82656,0.82665,1.19,1.87
2016.04.12 04:45:35.791,0.82652,0.82666,1.19,2.62
2016.04.12 04:45:38.125,0.82652,0.82665,1.19,1.87
2016.04.12 04:45:38.840,0.82653,0.82665,1.19,2.81
2016.04.12 04:45:39.354,0.82654,0.82665,1.19,2.06
2016.04.12 04:45:43.287,0.82654,0.82665,1.00,2.44
2016.04.12 04:45:56.840,0.82652,0.82664,1.00,1.37
2016.04.12 04:45:56.942,0.8265,0.82663,1.50,1.75
2016.04.12 04:45:57.146,0.82646,0.82659,1.00,2.06
2016.04.12 04:45:57.249,0.82646,0.82658,1.00,1.50
2016.04.12 04:45:57.753,0.8265,0.82659,1.00,1.25
2016.04.12 04:45:57.855,0.8265,0.82662,1.19,1.25
2016.04.12 04:45:58.211,0.82652,0.82664,1.19,1.62
2016.04.12 04:45:58.729,0.82652,0.82664,1.12,1.56
2016.04.12 04:45:59.426,0.82652,0.82663,1.00,1.31
2016.04.12 04:46:00.090,0.82649,0.82662,1.12,1.25
2016.04.12 04:46:00.437,0.82649,0.82663,1.12,1.94
2016.04.12 04:46:00.743,0.82651,0.82663,1.00,1.56
2016.04.12 04:46:02.064,0.82651,0.82665,1.31,1.69
2016.04.12 04:46:02.571,0.82651,0.82664,1.12,1.56
2016.04.12 04:46:08.262,0.82651,0.82664,1.00,1.94
2016.04.12 04:46:08.569,0.82651,0.82661,1.00,1.19
2016.04.12 04:46:09.106,0.82651,0.82663,1.00,1.69
2016.04.12 04:46:16.464,0.82651,0.82663,1.50,1.31
2016.04.12 04:46:16.515,0.82651,0.82665,1.50,2.44
2016.04.12 04:46:16.567,0.82655,0.82665,1.12,1.56
2016.04.12 04:46:16.720,0.8266,0.8267,1.00,1.69
2016.04.12 04:46:16.771,0.82662,0.8267,1.00,1.31
2016.04.12 04:46:20.464,0.82662,0.82674,1.00,1.31
2016.04.12 04:46:21.025,0.82662,0.82671,1.00,1.19
2016.04.12 04:46:22.523,0.82662,0.8267,1.00,1.19
2016.04.12 04:46:22.773,0.8266,0.8267,1.00,1.19
2016.04.12 04:46:22.979,0.82659,0.82667,1.00,1.19
2016.04.12 04:46:23.826,0.8266,0.82667,1.00,1.19
2016.04.12 04:46:27.976,0.82657,0.82667,1.50,1.19
2016.04.12 04:46:28.484,0.82657,0.82665,1.50,1.19
2016.04.12 04:46:29.376,0.82654,0.82665,1.50,1.19
2016.04.12 04:46:38.141,0.82654,0.82665,1.00,1.19
2016.04.12 04:46:40.917,0.8265,0.82664,2.25,1.19
2016.04.12 04:46:40.969,0.8265,0.82664,2.25,1.19
2016.04.12 04:46:56.720,0.82651,0.82664,1.87,1.31
2016.04.12 04:46:57.254,0.8265,0.82663,1.00,1.56
2016.04.12 04:46:57.306,0.8265,0.82659,1.00,1.19
2016.04.12 04:46:57.357,0.82645,0.82659,1.31,1.69
2016.04.12 04:47:10.886,0.82645,0.82657,1.25,1.12
2016.04.12 04:47:13.397,0.82648,0.8266,1.00,1.69
2016.04.12 04:47:13.499,0.82648,0.82661,1.25,1.87
2016.04.12 04:47:17.423,0.82647,0.8266,1.12,1.19
2016.04.12 04:47:18.261,0.82647,0.82659,1.00,2.06
2016.04.12 04:47:18.312,0.82645,0.82656,1.12,1.31
2016.04.12 04:47:19.023,0.82643,0.82656,1.50,1.31
2016.04.12 04:47:28.593,0.82643,0.82655,1.00,1.25
2016.04.12 04:47:28.645,0.82642,0.82653,1.00,1.00
2016.04.12 04:47:28.950,0.82638,0.8265,1.00,1.19
2016.04.12 04:47:29.337,0.82635,0.82648,1.50,1.25
2016.04.12 04:47:29.847,0.82635,0.82647,1.00,1.19
2016.04.12 04:47:30.359,0.82634,0.82647,1.00,1.19
2016.04.12 04:47:30.894,0.82633,0.82646,1.87,1.19
2016.04.12 04:47:32.489,0.82633,0.82647,2.25,1.56
2016.04.12 04:47:32.845,0.82636,0.82647,1.00,1.19
2016.04.12 04:47:33.352,0.82635,0.82647,1.12,1.19
2016.04.12 04:47:35.340,0.82633,0.82648,1.75,1.19
2016.04.12 04:47:36.498,0.82634,0.82648,1.50,1.31
2016.04.12 04:47:36.802,0.82634,0.8265,2.44,1.31
2016.04.12 04:47:37.353,0.82636,0.82651,1.69,1.62
2016.04.12 04:47:38.115,0.82635,0.82648,1.94,1.00
2016.04.12 04:47:38.319,0.82634,0.82647,1.00,1.19
2016.04.12 04:47:38.523,0.82636,0.82648,1.12,1.56
2016.04.12 04:47:38.574,0.82636,0.8265,1.50,1.69
2016.04.12 04:47:39.093,0.82637,0.82651,1.00,1.69
2016.04.12 04:47:46.269,0.82637,0.82651,1.00,1.69
2016.04.12 04:47:56.930,0.82637,0.8265,1.50,1.19
2016.04.12 04:47:57.439,0.82637,0.82649,1.00,1.19
2016.04.12 04:48:08.184,0.82634,0.82649,1.50,3.19
2016.04.12 04:48:08.287,0.82632,0.82646,3.94,1.00
2016.04.12 04:48:08.654,0.82634,0.82649,1.87,1.56
2016.04.12 04:48:08.985,0.82633,0.82648,1.69,1.69
2016.04.12 04:48:09.662,0.82633,0.82649,1.00,3.94
2016.04.12 04:48:10.136,0.82631,0.82644,1.75,1.19
2016.04.12 04:48:10.340,0.8263,0.82644,1.87,1.19
2016.04.12 04:48:10.848,0.82632,0.82644,1.37,1.19
2016.04.12 04:48:11.152,0.82634,0.82646,1.12,1.19
2016.04.12 04:48:25.278,0.82635,0.82643,1.50,1.19
2016.04.12 04:48:25.522,0.82632,0.82644,1.12,1.31
2016.04.12 04:48:26.068,0.82631,0.82644,1.87,1.31
2016.04.12 04:48:30.775,0.8263,0.82644,1.75,1.56
2016.04.12 04:48:35.915,0.82631,0.82644,1.00,1.69
2016.04.12 04:48:36.072,0.82627,0.82642,3.37,1.31
2016.04.12 04:48:36.124,0.82627,0.8264,1.75,1.31
2016.04.12 04:48:36.634,0.82626,0.82639,1.87,1.00
2016.04.12 04:48:36.787,0.82627,0.82639,1.12,1.37
2016.04.12 04:48:36.889,0.82623,0.82638,1.62,2.06
2016.04.12 04:48:36.991,0.82622,0.82636,2.25,1.31
2016.04.12 04:48:37.506,0.82621,0.82636,1.87,2.81
2016.04.12 04:48:38.134,0.82621,0.82636,1.37,1.56
2016.04.12 04:48:42.841,0.8262,0.82636,1.87,1.94
2016.04.12 04:48:43.348,0.8262,0.82634,2.25,1.00
2016.04.12 04:48:43.855,0.82621,0.82634,1.00,1.00
2016.04.12 04:48:45.249,0.8262,0.82634,1.00,1.50
2016.04.12 04:48:45.758,0.82619,0.82633,1.00,1.69
2016.04.12 04:48:46.262,0.82619,0.82631,1.00,1.31
2016.04.12 04:48:53.921,0.82618,0.82631,1.12,1.19
2016.04.12 04:48:54.227,0.82615,0.82627,1.50,1.19
2016.04.12 04:48:54.329,0.82619,0.8263,1.00,1.25
2016.04.12 04:48:54.466,0.8262,0.82632,1.50,1.00
2016.04.12 04:48:54.772,0.82624,0.82631,1.50,1.00
2016.04.12 04:48:54.823,0.82623,0.82637,4.12,1.69
2016.04.12 04:48:54.976,0.82627,0.82638,1.00,1.19
2016.04.12 04:48:56.874,0.82627,0.82642,1.31,2.44
2016.04.12 04:48:59.527,0.82627,0.82643,2.44,2.00
2016.04.12 04:48:59.782,0.82629,0.82644,2.81,1.31
2016.04.12 04:49:00.425,0.8263,0.82644,1.31,1.12
2016.04.12 04:49:00.935,0.82632,0.82647,3.94,2.44
2016.04.12 04:49:00.987,0.82632,0.82647,4.31,1.31
2016.04.12 04:49:01.039,0.82633,0.82649,2.81,2.00
2016.04.12 04:49:03.081,0.82633,0.82649,4.69,2.00
2016.04.12 04:49:03.487,0.82634,0.82648,2.06,1.00
2016.04.12 04:49:03.589,0.82634,0.82651,4.31,1.69
2016.04.12 04:49:07.183,0.82636,0.82651,3.19,1.69
2016.04.12 04:49:10.890,0.82636,0.82652,3.19,1.69
2016.04.12 04:49:13.178,0.82636,0.82652,2.44,3.56
2016.04.12 04:49:13.483,0.82636,0.82646,1.19,1.00
2016.04.12 04:49:13.790,0.82632,0.82646,1.69,1.00
2016.04.12 04:49:15.505,0.82632,0.82645,1.19,1.12
2016.04.12 04:49:15.760,0.82632,0.82643,1.19,1.12
2016.04.12 04:49:15.811,0.82629,0.82643,1.69,1.50
2016.04.12 04:49:16.958,0.82633,0.82646,1.00,3.19
2016.04.12 04:49:17.111,0.82633,0.82648,2.06,1.69
2016.04.12 04:49:17.318,0.82635,0.82651,1.62,3.19
2016.04.12 04:49:18.105,0.82634,0.82648,2.25,1.69
2016.04.12 04:49:18.208,0.82633,0.82648,1.25,3.94
2016.04.12 04:49:18.744,0.82631,0.82646,2.44,2.06
2016.04.12 04:49:19.200,0.82631,0.82643,1.00,1.19
2016.04.12 04:49:30.535,0.82631,0.82645,1.69,1.19
2016.04.12 04:49:30.586,0.82634,0.82645,1.00,1.19
2016.04.12 04:49:30.688,0.82635,0.82647,1.19,1.00
2016.04.12 04:49:30.774,0.82635,0.82649,2.81,1.25
2016.04.12 04:49:30.826,0.82642,0.82652,1.00,1.69
2016.04.12 04:49:31.385,0.82641,0.82652,1.50,1.19
2016.04.12 04:49:32.153,0.82641,0.82653,1.50,1.69
2016.04.12 04:49:32.813,0.82641,0.82653,2.25,1.69
2016.04.12 04:49:35.591,0.82642,0.82655,1.87,1.19
2016.04.12 04:49:35.642,0.82642,0.82655,1.87,1.19
2016.04.12 04:49:38.059,0.82643,0.82655,1.00,1.19
2016.04.12 04:49:38.575,0.82644,0.82655,1.00,1.19
2016.04.12 04:49:39.084,0.82643,0.82655,1.50,1.19
2016.04.12 04:49:43.508,0.82643,0.82656,1.19,1.19
2016.04.12 04:49:44.020,0.82642,0.82653,1.56,1.00
2016.04.12 04:49:44.071,0.82641,0.82653,1.69,1.00
2016.04.12 04:49:44.390,0.8264,0.82653,1.00,1.19
2016.04.12 04:49:45.072,0.82639,0.82652,2.06,1.25
2016.04.12 04:49:50.844,0.82641,0.82653,1.37,1.19
2016.04.12 04:49:51.936,0.82639,0.82653,2.44,1.19
2016.04.12 04:49:52.291,0.82639,0.82652,1.69,1.25
2016.04.12 04:49:52.395,0.82638,0.82652,1.31,1.69
2016.04.12 04:49:52.921,0.82636,0.8265,1.56,1.00
2016.04.12 04:49:52.972,0.82635,0.82648,1.56,1.19
2016.04.12 04:49:53.176,0.82633,0.82649,2.81,2.44
2016.04.12 04:50:01.655,0.82634,0.82648,1.31,1.31
2016.04.12 04:50:02.780,0.82631,0.82645,1.87,1.69
2016.04.12 04:50:03.319,0.8263,0.82644,2.00,1.31
2016.04.12 04:50:04.633,0.8263,0.82644,1.75,1.31
2016.04.12 04:50:05.938,0.82631,0.82642,1.50,1.00
2016.04.12 04:50:06.242,0.82635,0.82645,1.50,1.37
2016.04.12 04:50:06.498,0.8265,0.82664,1.19,2.44
2016.04.12 04:50:06.766,0.8265,0.82664,3.19,1.19
2016.04.12 04:50:06.817,0.82654,0.82665,1.12,1.19
2016.04.12 04:50:07.280,0.82654,0.82669,1.69,2.06
2016.04.12 04:50:10.878,0.82654,0.82669,1.69,1.69
2016.04.12 04:50:14.714,0.82655,0.82669,1.50,1.19
2016.04.12 04:50:16.853,0.82657,0.82669,1.00,1.19
2016.04.12 04:50:17.507,0.82658,0.82672,1.69,1.31
2016.04.12 04:50:17.611,0.8266,0.82674,1.37,1.31
2016.04.12 04:50:19.522,0.82661,0.82674,1.87,1.19
2016.04.12 04:50:19.674,0.82662,0.82676,1.50,1.19
2016.04.12 04:50:19.726,0.82663,0.82676,1.75,1.19
2016.04.12 04:50:20.450,0.8267,0.8268,1.19,2.62
2016.04.12 04:50:20.655,0.82678,0.8269,1.00,3.19
2016.04.12 04:50:20.706,0.82678,0.8269,1.37,1.56
2016.04.12 04:50:20.758,0.82678,0.8269,1.50,1.19
2016.04.12 04:50:20.860,0.82679,0.82694,1.37,1.56
2016.04.12 04:50:20.912,0.82679,0.82693,1.56,1.31
2016.04.12 04:50:21.918,0.82679,0.82693,2.44,2.06
2016.04.12 04:50:25.502,0.82677,0.82692,2.44,1.00
2016.04.12 04:50:27.143,0.82677,0.82693,2.44,1.50
2016.04.12 04:50:27.741,0.82678,0.82692,1.19,1.00
2016.04.12 04:50:28.263,0.82682,0.82693,1.19,1.00
2016.04.12 04:50:28.622,0.82687,0.82694,1.25,1.00
2016.04.12 04:50:29.135,0.82687,0.82695,1.25,1.00
2016.04.12 04:50:29.288,0.82683,0.82693,1.19,2.47
2016.04.12 04:50:29.340,0.82683,0.82688,1.19,1.00
2016.04.12 04:50:29.391,0.82677,0.82688,1.25,1.00
2016.04.12 04:50:29.442,0.82677,0.8269,1.25,1.50
2016.04.12 04:50:29.494,0.82681,0.8269,1.25,1.00
2016.04.12 04:50:29.546,0.82681,0.82692,1.25,1.00
2016.04.12 04:50:30.054,0.82681,0.82693,1.25,1.00
2016.04.12 04:50:30.363,0.82682,0.82693,1.19,1.00
2016.04.12 04:50:30.770,0.82682,0.82697,1.19,1.50
2016.04.12 04:50:30.872,0.82682,0.82699,1.31,1.12
2016.04.12 04:50:30.924,0.82687,0.82699,1.25,1.37
2016.04.12 04:50:36.439,0.82687,0.82698,1.25,4.12
2016.04.12 04:50:37.507,0.82683,0.82697,1.31,1.87
2016.04.12 04:50:37.558,0.82683,0.82693,1.19,1.00
2016.04.12 04:50:37.610,0.82678,0.82693,2.44,1.31
2016.04.12 04:50:38.118,0.82678,0.82693,1.31,1.69
2016.04.12 04:50:40.705,0.8268,0.82693,1.19,1.50
2016.04.12 04:50:41.009,0.82678,0.82691,1.19,1.69
2016.04.12 04:50:41.263,0.82676,0.82691,1.69,1.94
2016.04.12 04:50:41.619,0.82675,0.82688,1.19,1.75
2016.04.12 04:50:41.779,0.82674,0.82689,2.81,1.87
2016.04.12 04:50:41.881,0.82675,0.82691,1.69,1.69
2016.04.12 04:50:42.388,0.82676,0.82692,1.94,2.06
2016.04.12 04:50:42.699,0.82676,0.82692,3.19,1.31
2016.04.12 04:50:47.613,0.82676,0.82693,4.69,2.44
2016.04.12 04:50:47.665,0.82681,0.82693,1.00,1.19
2016.04.12 04:50:47.970,0.82683,0.82696,1.62,1.31
2016.04.12 04:50:48.477,0.8268,0.82698,3.94,3.30
2016.04.12 04:50:48.809,0.82683,0.82694,1.31,1.00
2016.04.12 04:50:50.498,0.8268,0.82695,4.31,1.00
2016.04.12 04:50:51.157,0.8268,0.82696,2.06,1.25
2016.04.12 04:50:53.112,0.82682,0.82696,1.25,1.19
2016.04.12 04:50:54.843,0.82682,0.82697,1.25,3.94
2016.04.12 04:50:55.311,0.82677,0.82692,2.44,1.19
2016.04.12 04:50:55.565,0.8268,0.82693,1.00,1.19
2016.04.12 04:50:56.481,0.8268,0.82694,1.50,1.19
2016.04.12 04:50:56.532,0.8268,0.82696,1.69,3.19
2016.04.12 04:50:57.275,0.82681,0.82696,1.25,2.06
2016.04.12 04:50:57.783,0.8268,0.82696,1.69,2.44
2016.04.12 04:50:58.294,0.82679,0.82696,2.44,3.94
2016.04.12 04:50:59.617,0.82679,0.82694,1.94,1.31
2016.04.12 04:51:00.566,0.82679,0.82694,1.56,1.56
2016.04.12 04:51:01.682,0.82677,0.82692,2.06,2.06
2016.04.12 04:51:01.947,0.82674,0.82689,2.44,1.31
2016.04.12 04:51:02.557,0.82674,0.82687,1.31,1.00
2016.04.12 04:51:03.065,0.82674,0.82686,1.31,1.00
2016.04.12 04:51:03.528,0.82674,0.82688,1.31,2.06
2016.04.12 04:51:04.036,0.82674,0.82687,1.19,1.12
2016.04.12 04:51:04.696,0.82674,0.82687,1.00,1.19
2016.04.12 04:51:16.203,0.82672,0.82687,2.44,1.31
2016.04.12 04:51:18.079,0.82672,0.82688,1.69,3.19
2016.04.12 04:51:19.272,0.82673,0.82687,1.50,1.31
2016.04.12 04:51:19.587,0.82673,0.82687,1.12,1.19
2016.04.12 04:51:20.500,0.82675,0.82687,1.00,1.19
2016.04.12 04:51:20.858,0.82672,0.82682,1.50,1.19
2016.04.12 04:51:21.417,0.8267,0.82687,4.31,1.69
2016.04.12 04:51:21.722,0.82671,0.82688,2.44,2.06
2016.04.12 04:51:21.823,0.82672,0.82688,1.69,2.81
2016.04.12 04:51:22.849,0.82672,0.82685,1.25,1.25
2016.04.12 04:51:23.357,0.82671,0.82687,1.94,1.69
2016.04.12 04:51:23.866,0.8267,0.82687,2.44,2.44
2016.04.12 04:51:24.374,0.8267,0.82687,3.94,2.44
2016.04.12 04:51:25.157,0.8267,0.82687,3.19,5.81
2016.04.12 04:51:26.033,0.8267,0.82685,1.31,2.00
2016.04.12 04:51:28.020,0.82667,0.82682,2.81,1.56
2016.04.12 04:51:39.557,0.82665,0.8268,2.44,2.06
2016.04.12 04:51:40.090,0.82663,0.82679,1.69,2.06
2016.04.12 04:51:41.559,0.82664,0.82678,1.69,1.31
2016.04.12 04:51:42.068,0.82666,0.8268,1.00,2.44
2016.04.12 04:51:42.600,0.82665,0.8268,1.69,1.69
2016.04.12 04:51:43.501,0.82666,0.82679,1.00,2.06
2016.04.12 04:51:44.009,0.82664,0.82679,3.56,2.44
2016.04.12 04:51:44.653,0.82665,0.8268,1.62,2.06
2016.04.12 04:51:46.052,0.82665,0.8268,1.25,2.44
2016.04.12 04:51:46.559,0.82665,0.82679,1.62,1.69
2016.04.12 04:51:50.371,0.82664,0.82679,1.56,1.69
2016.04.12 04:51:50.623,0.82663,0.82677,1.00,2.06
2016.04.12 04:51:50.928,0.82661,0.82673,1.61,1.19
2016.04.12 04:51:51.234,0.82662,0.82674,3.11,1.19
2016.04.12 04:51:51.437,0.82663,0.82678,1.05,1.69
2016.04.12 04:51:57.040,0.82665,0.82677,1.19,1.37
2016.04.12 04:51:58.467,0.82667,0.82678,1.19,2.25
2016.04.12 04:51:59.017,0.82667,0.8268,1.19,1.75
2016.04.12 04:52:05.290,0.82667,0.82681,1.19,1.50
2016.04.12 04:52:05.392,0.82669,0.82681,1.19,1.50
2016.04.12 04:52:10.125,0.82667,0.82681,1.19,2.25
2016.04.12 04:52:12.081,0.82669,0.82681,1.19,1.87
2016.04.12 04:52:13.685,0.82669,0.82682,1.19,2.25
2016.04.12 04:52:25.097,0.82669,0.82682,1.19,1.50
2016.04.12 04:52:25.422,0.82674,0.82686,1.19,1.50
2016.04.12 04:52:41.606,0.82672,0.82684,1.19,1.00
2016.04.12 04:52:56.453,0.82671,0.82683,1.31,1.37
2016.04.12 04:52:56.758,0.82671,0.82681,1.19,1.37
2016.04.12 04:52:57.717,0.82671,0.82682,1.19,1.50
2016.04.12 04:52:59.534,0.82671,0.82684,1.19,2.25
2016.04.12 04:53:00.345,0.82671,0.82682,1.19,1.12
2016.04.12 04:53:00.851,0.82671,0.82681,1.19,1.00
2016.04.12 04:53:01.106,0.82671,0.82684,1.19,1.87
2016.04.12 04:53:01.619,0.82672,0.82684,1.19,1.37
2016.04.12 04:53:08.544,0.82672,0.82684,1.19,3.00
2016.04.12 04:53:08.698,0.82672,0.82683,1.19,1.87
2016.04.12 04:53:17.066,0.82672,0.82684,1.19,3.37
2016.04.12 04:53:25.189,0.82672,0.82684,1.19,1.50
2016.04.12 04:53:25.493,0.82672,0.82683,1.19,1.12
2016.04.12 04:53:26.005,0.8267,0.82683,1.19,2.62
2016.04.12 04:53:27.409,0.8267,0.8268,1.19,1.12
2016.04.12 04:53:27.507,0.82665,0.82677,1.31,1.25
2016.04.12 04:53:27.559,0.82665,0.82676,1.19,2.25
2016.04.12 04:53:27.610,0.82662,0.82674,1.25,1.12
2016.04.12 04:53:27.662,0.82661,0.82674,1.19,1.37
2016.04.12 04:53:29.500,0.82661,0.82674,1.19,3.00
2016.04.12 04:53:37.353,0.82661,0.82666,1.19,1.00
2016.04.12 04:53:37.506,0.82655,0.82666,1.56,1.00
2016.04.12 04:53:37.557,0.82655,0.82662,1.19,1.00
2016.04.12 04:53:37.608,0.82651,0.82662,1.56,1.37
2016.04.12 04:53:38.119,0.82652,0.82662,1.19,1.75
2016.04.12 04:53:38.674,0.82648,0.8266,1.19,1.12
2016.04.12 04:53:39.182,0.82648,0.82659,1.19,1.12
2016.04.12 04:53:44.688,0.82648,0.8266,1.19,4.50
2016.04.12 04:53:44.845,0.82648,0.82658,1.19,1.12
2016.04.12 04:53:45.353,0.82648,0.82658,1.19,1.50
2016.04.12 04:53:45.405,0.82645,0.82658,1.19,1.75
2016.04.12 04:53:45.609,0.82645,0.82654,1.19,1.37
2016.04.12 04:53:45.711,0.82643,0.82654,1.19,1.00
2016.04.12 04:53:45.763,0.82643,0.82652,1.19,1.00
2016.04.12 04:53:45.865,0.82638,0.82653,1.31,1.50
2016.04.12 04:53:46.222,0.82638,0.82651,1.31,1.37
2016.04.12 04:53:46.933,0.82638,0.82651,1.19,3.00
2016.04.12 04:53:47.452,0.82634,0.82647,1.31,1.87
2016.04.12 04:53:47.503,0.8263,0.82645,3.19,1.12
2016.04.12 04:53:47.606,0.8263,0.82644,1.56,2.62
2016.04.12 04:53:47.861,0.8263,0.82644,1.69,2.25
2016.04.12 04:53:51.307,0.8263,0.82644,1.69,1.37
2016.04.12 04:53:51.613,0.82633,0.82645,1.19,1.12
2016.04.12 04:53:51.664,0.8263,0.82645,1.69,1.12
2016.04.12 04:53:52.202,0.82632,0.82646,1.25,1.00
2016.04.12 04:53:53.737,0.8263,0.82646,1.69,1.50
2016.04.12 04:53:56.192,0.82629,0.82644,3.19,1.12
2016.04.12 04:53:56.243,0.82629,0.82642,1.69,1.87
2016.04.12 04:53:56.548,0.82628,0.8264,1.00,1.50
2016.04.12 04:53:56.599,0.82625,0.82641,2.81,3.19
2016.04.12 04:53:57.273,0.82627,0.8264,1.00,1.50
2016.04.12 04:53:57.780,0.82624,0.82639,1.94,1.12
2016.04.12 04:53:58.287,0.82625,0.82639,1.00,1.50
2016.04.12 04:54:00.049,0.82625,0.82638,1.12,1.12
2016.04.12 04:54:00.556,0.82624,0.82637,1.25,1.00
2016.04.12 04:54:01.093,0.82625,0.82638,1.00,2.25
2016.04.12 04:54:01.145,0.82625,0.82638,1.69,2.25
2016.04.12 04:54:01.453,0.82627,0.82639,1.19,1.75
2016.04.12 04:54:01.960,0.82627,0.82639,1.19,1.75
2016.04.12 04:54:02.503,0.82627,0.82638,1.19,1.37
2016.04.12 04:54:05.111,0.82624,0.82639,2.06,2.25
2016.04.12 04:54:05.467,0.82625,0.82638,1.19,1.37
2016.04.12 04:54:05.760,0.82625,0.82637,1.19,1.12
2016.04.12 04:54:06.225,0.82627,0.8264,1.00,2.62
2016.04.12 04:54:06.541,0.82625,0.8264,2.44,2.62
2016.04.12 04:54:10.869,0.82624,0.82639,1.69,1.00
2016.04.12 04:54:11.575,0.82624,0.82639,2.06,1.37
2016.04.12 04:54:15.271,0.82625,0.8264,1.56,1.50
2016.04.12 04:54:15.626,0.82627,0.8264,1.37,1.50
2016.04.12 04:54:16.177,0.82626,0.82641,1.69,1.37
2016.04.12 04:54:18.744,0.82628,0.8264,1.31,1.12
2016.04.12 04:54:21.182,0.82628,0.8264,2.66,1.12
2016.04.12 04:54:21.387,0.82637,0.8265,1.69,1.00
2016.04.12 04:54:21.438,0.82639,0.8265,1.37,1.00
2016.04.12 04:54:21.592,0.8264,0.82655,1.62,2.44
2016.04.12 04:54:22.100,0.82639,0.82655,3.19,1.69
2016.04.12 04:54:22.608,0.82641,0.82656,1.56,1.94
2016.04.12 04:54:24.458,0.82642,0.82657,1.56,1.75
2016.04.12 04:54:24.965,0.82642,0.82657,2.44,1.37
2016.04.12 04:54:25.067,0.82644,0.82658,1.12,1.00
2016.04.12 04:54:25.166,0.82644,0.82658,1.50,1.19
2016.04.12 04:54:25.471,0.82642,0.82657,2.44,1.31
2016.04.12 04:54:26.585,0.82643,0.82658,1.31,2.06
2016.04.12 04:54:30.156,0.82642,0.82657,1.69,1.56
2016.04.12 04:54:30.664,0.82641,0.82655,1.31,1.50
2016.04.12 04:54:30.765,0.8264,0.82654,1.31,1.37
2016.04.12 04:54:31.893,0.82641,0.82656,1.19,2.44
2016.04.12 04:54:32.401,0.82641,0.82654,1.19,1.37
2016.04.12 04:54:32.941,0.82639,0.82655,3.19,1.69
2016.04.12 04:54:33.449,0.8264,0.82655,1.37,1.69
2016.04.12 04:54:34.460,0.82639,0.82656,2.81,3.94
2016.04.12 04:54:34.967,0.82639,0.82654,3.19,1.69
2016.04.12 04:54:36.616,0.82641,0.82654,1.62,1.25
2016.04.12 04:54:37.124,0.8264,0.82655,1.69,1.94
2016.04.12 04:54:39.007,0.82638,0.82652,2.06,1.50
2016.04.12 04:54:39.058,0.82637,0.82652,2.81,1.69
2016.04.12 04:54:39.211,0.82637,0.82649,1.12,1.31
2016.04.12 04:54:39.516,0.82636,0.82648,1.00,1.69
2016.04.12 04:54:39.850,0.82633,0.82645,2.25,1.19
2016.04.12 04:54:41.650,0.82634,0.82645,1.37,1.19
2016.04.12 04:54:42.476,0.82634,0.82645,1.87,1.19
2016.04.12 04:54:43.275,0.82634,0.82645,1.87,1.19
2016.04.12 04:54:44.921,0.82633,0.82645,1.50,1.19
2016.04.12 04:54:45.225,0.82634,0.82644,1.00,1.19
2016.04.12 04:54:45.327,0.82632,0.82642,1.12,1.19
2016.04.12 04:54:45.835,0.82631,0.82644,1.87,1.19
2016.04.12 04:54:46.038,0.82631,0.82644,1.12,1.31
2016.04.12 04:54:46.556,0.82631,0.82644,1.37,2.44
2016.04.12 04:54:48.367,0.82629,0.82644,2.25,2.44
2016.04.12 04:54:48.875,0.82628,0.82643,2.25,1.94
2016.04.12 04:54:49.808,0.82628,0.82642,2.62,1.69
2016.04.12 04:54:49.912,0.82626,0.8264,2.25,1.56
2016.04.12 04:54:50.014,0.82627,0.82637,1.00,1.00
2016.04.12 04:54:53.998,0.82626,0.82637,1.00,1.50
2016.04.12 04:54:56.942,0.82626,0.82639,1.87,1.19
2016.04.12 04:54:57.243,0.82629,0.82641,1.00,1.19
2016.04.12 04:54:57.753,0.82628,0.82641,1.00,1.31
2016.04.12 04:54:58.058,0.82626,0.82639,1.60,1.69
2016.04.12 04:54:58.596,0.82629,0.82639,1.00,1.19
2016.04.12 04:54:58.750,0.8263,0.82645,1.37,1.69
2016.04.12 04:54:59.258,0.82629,0.82644,3.00,1.31
2016.04.12 04:55:00.447,0.82631,0.82644,2.25,1.19
2016.04.12 04:55:00.550,0.82633,0.82646,1.50,1.19
2016.04.12 04:55:02.646,0.82632,0.82644,1.50,1.19
2016.04.12 04:55:03.365,0.82631,0.82644,3.00,1.19
2016.04.12 04:55:03.822,0.82631,0.82644,1.12,1.19
2016.04.12 04:55:04.330,0.82629,0.82642,1.12,1.56
2016.04.12 04:55:04.640,0.82629,0.82642,1.00,1.94
2016.04.12 04:55:05.147,0.82628,0.8264,1.00,2.44
2016.04.12 04:55:05.909,0.82629,0.82643,1.12,3.19
2016.04.12 04:55:05.960,0.8263,0.82643,1.00,1.69
2016.04.12 04:55:06.342,0.8263,0.82641,1.00,2.06
2016.04.12 04:55:06.853,0.82628,0.8264,1.00,2.00
2016.04.12 04:55:09.276,0.82628,0.82636,1.00,1.31
2016.04.12 04:55:09.328,0.82625,0.82636,1.60,1.69
2016.04.12 04:55:09.379,0.82623,0.82636,1.00,1.69
2016.04.12 04:55:09.430,0.82621,0.82636,2.06,1.69
2016.04.12 04:55:09.938,0.82622,0.82634,1.00,1.25
2016.04.12 04:55:10.244,0.82626,0.82636,1.00,1.19
2016.04.12 04:55:10.548,0.82631,0.8264,1.50,1.19
2016.04.12 04:55:10.678,0.82633,0.82643,1.00,1.19
2016.04.12 04:55:10.781,0.82634,0.82646,1.00,1.19
2016.04.12 04:55:13.377,0.82632,0.82645,1.00,1.19
2016.04.12 04:55:19.509,0.82632,0.82645,2.25,1.19
2016.04.12 04:55:19.560,0.82634,0.82648,1.19,1.25
2016.04.12 04:55:20.067,0.82635,0.82649,2.06,1.56
2016.04.12 04:55:21.689,0.82633,0.82649,1.56,3.19
2016.04.12 04:55:22.264,0.82634,0.82649,2.44,1.19
2016.04.12 04:55:22.968,0.82634,0.82649,1.69,2.06
2016.04.12 04:55:30.489,0.82635,0.82647,1.25,1.12
2016.04.12 04:55:31.008,0.82635,0.82646,1.25,1.00
2016.04.12 04:55:31.059,0.82631,0.82644,1.56,1.37
2016.04.12 04:55:31.110,0.82629,0.82644,2.06,2.25
2016.04.12 04:55:31.162,0.82629,0.82641,1.19,1.37
2016.04.12 04:55:31.213,0.82629,0.82641,1.00,2.44
2016.04.12 04:55:31.333,0.82628,0.8264,1.00,1.75
2016.04.12 04:55:31.538,0.82624,0.82639,1.87,1.69
2016.04.12 04:55:32.084,0.82625,0.8264,2.25,1.94
2016.04.12 04:55:32.596,0.82627,0.8264,1.00,1.94
2016.04.12 04:55:35.385,0.82629,0.8264,1.00,1.94
2016.04.12 04:55:38.107,0.82629,0.82639,1.00,1.50
2016.04.12 04:55:38.709,0.82628,0.8264,1.87,1.00
2016.04.12 04:55:39.013,0.82631,0.82642,1.25,1.37
2016.04.12 04:55:39.369,0.82628,0.82639,1.69,1.00
2016.04.12 04:55:39.718,0.82628,0.8264,1.19,2.25
2016.04.12 04:55:41.224,0.82623,0.82639,2.44,1.75
2016.04.12 04:55:42.466,0.82623,0.82639,2.06,1.75
2016.04.12 04:55:47.240,0.82625,0.82638,1.00,1.50
2016.04.12 04:55:47.807,0.82623,0.82638,2.81,1.50
2016.04.12 04:55:49.449,0.82625,0.82638,1.00,1.50
2016.04.12 04:55:50.892,0.82624,0.82639,1.25,1.75
2016.04.12 04:55:57.008,0.82623,0.82639,1.31,1.75
2016.04.12 04:55:57.263,0.82622,0.82637,1.31,3.56
2016.04.12 04:55:57.315,0.82621,0.82636,1.50,1.94
2016.04.12 04:55:57.417,0.8262,0.82633,1.19,1.69
2016.04.12 04:55:58.027,0.82618,0.82632,2.44,1.50
2016.04.12 04:56:00.590,0.82618,0.82634,1.75,2.81
2016.04.12 04:56:00.692,0.82617,0.82632,1.69,2.44
2016.04.12 04:56:01.723,0.82619,0.82634,1.37,3.94
2016.04.12 04:56:01.927,0.82619,0.82633,1.00,1.56
2016.04.12 04:56:02.739,0.82616,0.82632,1.94,1.69
2016.04.12 04:56:02.790,0.82616,0.82632,1.69,2.00
2016.04.12 04:56:03.007,0.82618,0.82634,1.50,2.44
2016.04.12 04:56:04.948,0.82619,0.82634,1.37,1.69
2016.04.12 04:56:08.661,0.82627,0.82636,1.00,1.00
2016.04.12 04:56:08.764,0.82628,0.82641,1.00,4.69
2016.04.12 04:56:08.865,0.82629,0.82641,1.00,1.69
2016.04.12 04:56:08.968,0.82629,0.82644,1.87,3.19
2016.04.12 04:56:10.928,0.8263,0.82643,1.50,1.19
2016.04.12 04:56:12.849,0.82628,0.82641,1.25,1.62
2016.04.12 04:56:13.002,0.82626,0.8264,1.12,1.19
2016.04.12 04:56:13.053,0.82625,0.8264,1.69,3.19
2016.04.12 04:56:14.256,0.82622,0.82638,1.50,2.81
2016.04.12 04:56:14.410,0.8262,0.82634,1.25,1.50
2016.04.12 04:56:15.519,0.82621,0.82634,1.00,1.50
2016.04.12 04:56:16.027,0.82621,0.82634,1.25,1.69
2016.04.12 04:56:23.885,0.8262,0.82635,1.31,3.19
2016.04.12 04:56:24.037,0.82618,0.82633,1.50,1.69
2016.04.12 04:56:24.140,0.82618,0.82633,2.44,1.69
2016.04.12 04:56:24.900,0.82618,0.82633,1.37,1.69
2016.04.12 04:56:25.263,0.82618,0.82633,1.56,1.69
2016.04.12 04:56:26.354,0.82621,0.82633,1.19,1.50
2016.04.12 04:56:29.559,0.82624,0.82634,1.19,1.75
2016.04.12 04:56:29.661,0.82624,0.82635,1.19,1.50
2016.04.12 04:56:34.823,0.82626,0.82634,1.19,1.00
2016.04.12 04:56:34.874,0.82626,0.82637,1.19,1.00
2016.04.12 04:56:38.871,0.82626,0.82637,1.19,2.25
2016.04.12 04:56:44.207,0.82626,0.82638,1.19,3.37
2016.04.12 04:56:47.026,0.8263,0.82639,1.19,1.87
2016.04.12 04:56:47.078,0.8263,0.82642,1.19,3.00
2016.04.12 04:56:47.129,0.82634,0.82642,1.19,1.37
2016.04.12 04:56:47.181,0.82634,0.82645,1.19,3.75
2016.04.12 04:56:47.385,0.82634,0.82645,1.19,1.00
2016.04.12 04:56:47.899,0.82634,0.82646,1.19,1.50
2016.04.12 04:56:55.416,0.82635,0.82647,1.19,1.75
2016.04.12 04:56:55.518,0.82635,0.8265,2.06,3.75
2016.04.12 04:56:56.046,0.82635,0.8265,2.06,2.62
2016.04.12 04:56:56.249,0.82641,0.8265,1.19,2.62
2016.04.12 04:56:59.613,0.82641,0.82648,1.19,1.37
2016.04.12 04:56:59.665,0.82639,0.82648,1.19,1.37
2016.04.12 04:57:02.778,0.82637,0.82648,1.19,1.87
2016.04.12 04:57:03.033,0.82637,0.82647,1.19,3.75
2016.04.12 04:57:06.332,0.82637,0.82644,1.19,1.50
2016.04.12 04:57:06.840,0.82636,0.82644,1.19,1.50
2016.04.12 04:57:08.273,0.82634,0.82644,1.19,1.50
2016.04.12 04:57:08.477,0.82633,0.82641,1.25,1.00
2016.04.12 04:57:08.995,0.82633,0.82644,1.19,1.50
2016.04.12 04:57:09.148,0.82636,0.82646,1.19,1.75
2016.04.12 04:57:10.919,0.82636,0.82644,1.19,1.50
2016.04.12 04:57:11.223,0.82638,0.82649,1.19,1.87
2016.04.12 04:57:21.982,0.82638,0.82646,1.19,3.37
2016.04.12 04:57:25.066,0.82636,0.82645,1.19,1.00
2016.04.12 04:57:27.306,0.82637,0.82648,1.19,4.50
2016.04.12 04:57:27.358,0.82637,0.82648,1.19,2.25
2016.04.12 04:57:29.062,0.82636,0.82647,1.19,1.12
2016.04.12 04:57:34.763,0.82641,0.82648,1.19,1.12
2016.04.12 04:57:34.865,0.82641,0.82651,1.19,1.00
2016.04.12 04:57:35.070,0.82641,0.82655,2.44,1.69
2016.04.12 04:57:36.562,0.82641,0.82655,1.69,1.69
2016.04.12 04:57:36.868,0.82638,0.82647,1.19,2.62
2016.04.12 04:57:37.173,0.82637,0.82646,1.19,1.50
2016.04.12 04:57:37.684,0.82637,0.82645,1.19,1.87
2016.04.12 04:57:38.458,0.82637,0.82646,1.19,4.12
2016.04.12 04:57:40.533,0.82637,0.82646,1.19,1.50
2016.04.12 04:57:40.584,0.82633,0.82645,1.19,1.37
2016.04.12 04:57:41.276,0.82632,0.82645,1.19,1.87
2016.04.12 04:57:41.799,0.82632,0.82643,1.19,1.37
2016.04.12 04:57:42.106,0.82626,0.82636,1.19,2.62
2016.04.12 04:57:42.877,0.82626,0.82635,1.19,1.00
2016.04.12 04:57:49.780,0.82626,0.82635,1.19,2.62
2016.04.12 04:57:49.831,0.82623,0.82635,1.25,2.62
2016.04.12 04:57:50.085,0.82625,0.82635,1.19,2.25
2016.04.12 04:57:52.196,0.82625,0.82632,1.19,1.00
2016.04.12 04:57:52.501,0.82624,0.82632,1.25,1.00
2016.04.12 04:57:56.537,0.82624,0.82632,1.19,1.00
2016.04.12 04:57:58.110,0.82624,0.82636,1.19,2.25
2016.04.12 04:57:58.212,0.82624,0.82636,1.19,1.50
2016.04.12 04:58:01.009,0.82624,0.82636,1.19,2.25
2016.04.12 04:58:01.060,0.82622,0.82636,2.06,2.25
2016.04.12 04:58:01.772,0.82622,0.82635,1.25,1.50
2016.04.12 04:58:02.452,0.82622,0.82636,1.25,1.00
2016.04.12 04:58:03.183,0.82622,0.82635,1.25,1.37
2016.04.12 04:58:03.489,0.82622,0.82633,1.19,1.50
2016.04.12 04:58:04.192,0.82622,0.82632,1.19,1.87
2016.04.12 04:58:04.700,0.82622,0.82632,1.19,1.12
2016.04.12 04:58:05.995,0.82622,0.82631,1.19,1.00
2016.04.12 04:58:07.062,0.82622,0.8263,1.19,1.00
2016.04.12 04:58:07.215,0.82618,0.82629,1.69,1.30
2016.04.12 04:58:07.266,0.82618,0.82628,1.31,1.37
2016.04.12 04:58:07.388,0.82616,0.82626,1.19,1.50
2016.04.12 04:58:07.444,0.82616,0.82626,1.19,4.50
2016.04.12 04:58:08.426,0.82618,0.82627,1.19,1.00
2016.04.12 04:58:08.528,0.82618,0.82629,1.19,1.50
2016.04.12 04:58:09.043,0.82618,0.8263,1.19,1.00
2016.04.12 04:58:10.900,0.82618,0.82631,1.31,1.00
2016.04.12 04:58:15.916,0.82618,0.82631,1.31,1.50
2016.04.12 04:58:16.524,0.82618,0.8263,1.19,1.87
2016.04.12 04:58:16.728,0.82618,0.82632,2.06,3.37
2016.04.12 04:58:19.004,0.82618,0.82631,1.31,2.25
2016.04.12 04:58:19.614,0.82618,0.82631,1.31,1.50
2016.04.12 04:58:23.933,0.82618,0.82631,1.31,3.75
2016.04.12 04:58:24.454,0.82618,0.82631,1.31,3.37
2016.04.12 04:58:25.136,0.82618,0.8263,1.31,1.00
2016.04.12 04:58:25.646,0.82618,0.8263,1.31,1.37
2016.04.12 04:58:26.154,0.82618,0.82631,1.31,2.25
2016.04.12 04:58:26.257,0.82618,0.82631,1.69,1.87
2016.04.12 04:58:30.865,0.82618,0.82631,1.69,1.50
2016.04.12 04:58:32.307,0.82622,0.82633,1.19,1.50
2016.04.12 04:58:32.410,0.82621,0.82634,1.25,3.94
2016.04.12 04:58:32.461,0.82621,0.82634,1.31,2.06
2016.04.12 04:58:32.868,0.82629,0.82636,1.25,1.12
2016.04.12 04:58:37.009,0.82629,0.82635,1.25,1.00
2016.04.12 04:58:37.517,0.82628,0.82634,1.25,1.00
2016.04.12 04:58:39.082,0.82629,0.82637,1.25,2.25
2016.04.12 04:58:39.437,0.82626,0.82636,1.19,1.50
2016.04.12 04:58:39.766,0.8263,0.82636,1.19,1.50
2016.04.12 04:58:39.869,0.82631,0.82639,1.19,2.62
2016.04.12 04:58:40.073,0.82631,0.82642,1.19,1.12
2016.04.12 04:58:40.124,0.82634,0.82643,1.25,3.00
2016.04.12 04:58:40.431,0.82628,0.82641,1.62,1.50
2016.04.12 04:58:40.533,0.82627,0.82638,1.19,1.00
2016.04.12 04:58:40.686,0.82623,0.82636,1.19,3.00
2016.04.12 04:58:41.234,0.82623,0.82635,1.19,2.25
2016.04.12 04:58:48.806,0.82623,0.82635,1.19,1.50
2016.04.12 04:58:50.004,0.82624,0.82635,1.19,1.50
2016.04.12 04:58:50.056,0.82624,0.82634,1.19,1.50
2016.04.12 04:58:50.107,0.82623,0.82634,1.25,1.69
2016.04.12 04:58:50.209,0.8262,0.82634,1.19,3.94
2016.04.12 04:58:50.710,0.82621,0.82633,1.25,1.31
2016.04.12 04:58:51.218,0.82621,0.82633,1.19,1.12
2016.04.12 04:58:53.478,0.82621,0.82632,1.19,1.00
2016.04.12 04:58:53.632,0.82617,0.82632,1.31,1.24
2016.04.12 04:58:53.684,0.82617,0.8263,1.19,1.75
2016.04.12 04:58:56.595,0.82617,0.82631,1.56,2.62
2016.04.12 04:58:56.697,0.8262,0.82633,1.19,1.87
2016.04.12 04:58:57.002,0.82623,0.82635,1.19,1.50
2016.04.12 04:58:57.512,0.82623,0.82634,1.69,1.50
2016.04.12 04:59:00.788,0.82623,0.82634,1.19,4.12
2016.04.12 04:59:01.388,0.82623,0.82632,1.19,1.50
2016.04.12 04:59:01.439,0.82619,0.82632,1.19,3.37
2016.04.12 04:59:01.490,0.82619,0.8263,1.19,1.37
2016.04.12 04:59:01.795,0.82619,0.82627,1.19,1.50
2016.04.12 04:59:02.590,0.82619,0.82628,1.19,1.50
2016.04.12 04:59:02.692,0.8262,0.82629,1.19,1.00
2016.04.12 04:59:02.846,0.8262,0.82631,1.19,1.87
2016.04.12 04:59:02.897,0.82623,0.82631,1.19,1.12
2016.04.12 04:59:05.082,0.82623,0.82632,1.19,1.50
2016.04.12 04:59:05.457,0.82623,0.82632,1.19,1.75
2016.04.12 04:59:08.706,0.8262,0.82633,1.19,2.25
2016.04.12 04:59:09.391,0.8262,0.82632,1.31,1.00
2016.04.12 04:59:09.493,0.82623,0.82633,1.19,1.37
2016.04.12 04:59:09.696,0.82626,0.82638,1.19,3.75
2016.04.12 04:59:09.862,0.82629,0.82641,1.69,2.62
2016.04.12 04:59:09.914,0.82629,0.82643,1.19,4.50
2016.04.12 04:59:10.117,0.82628,0.82641,1.69,3.00
2016.04.12 04:59:12.924,0.82629,0.8264,1.19,2.25
2016.04.12 04:59:13.839,0.82629,0.82639,1.19,1.00
2016.04.12 04:59:14.699,0.82629,0.82641,1.19,1.12
2016.04.12 04:59:17.825,0.8263,0.82644,1.19,1.75
2016.04.12 04:59:18.363,0.8263,0.82645,1.19,3.00
2016.04.12 04:59:24.359,0.82633,0.82647,1.69,3.75
2016.04.12 04:59:24.461,0.82633,0.82647,1.69,1.50
2016.04.12 04:59:28.816,0.82633,0.82643,1.19,1.12
2016.04.12 04:59:28.867,0.82627,0.82639,1.69,1.00
2016.04.12 04:59:29.071,0.82629,0.82638,1.19,2.25
2016.04.12 04:59:29.629,0.82626,0.82639,1.19,3.00
2016.04.12 04:59:32.976,0.82626,0.82639,1.19,3.37
2016.04.12 04:59:33.232,0.82632,0.82638,1.19,1.12
2016.04.12 04:59:33.284,0.82632,0.82643,1.19,1.87
2016.04.12 04:59:33.335,0.82635,0.82644,1.19,1.87
2016.04.12 04:59:33.488,0.82635,0.82646,1.19,1.50
2016.04.12 04:59:34.606,0.82635,0.82646,1.19,2.62
2016.04.12 04:59:35.099,0.82635,0.82646,1.19,1.00
2016.04.12 04:59:41.492,0.82638,0.82646,1.19,1.50
2016.04.12 04:59:41.695,0.82633,0.82646,1.19,1.00
2016.04.12 04:59:43.606,0.82638,0.82646,1.19,1.00
2016.04.12 04:59:46.173,0.82638,0.82647,1.19,1.00
2016.04.12 04:59:46.480,0.82646,0.82656,1.19,3.00
2016.04.12 04:59:47.662,0.82644,0.82655,1.19,1.50
2016.04.12 04:59:48.423,0.82647,0.82656,1.19,3.75
2016.04.12 04:59:48.967,0.82647,0.82656,1.19,1.50
2016.04.12 04:59:52.675,0.82647,0.82656,1.19,1.12
2016.04.12 04:59:52.981,0.82654,0.82661,1.25,1.00
2016.04.12 04:59:53.296,0.82656,0.82663,1.19,1.00
2016.04.12 04:59:53.819,0.82653,0.82661,1.19,1.00
2016.04.12 04:59:55.443,0.82651,0.82661,1.19,2.25
2016.04.12 04:59:55.713,0.82651,0.82659,1.19,1.00
2016.04.12 04:59:56.574,0.82651,0.82659,1.19,1.00
2016.04.12 04:59:57.708,0.82651,0.82661,1.19,2.25
2016.04.12 04:59:57.913,0.82653,0.8266,1.19,1.00
2016.04.12 04:59:58.015,0.82653,0.82662,1.19,1.00
2016.04.12 04:59:58.541,0.82653,0.82663,1.19,1.00
2016.04.12 04:59:59.045,0.82653,0.82662,1.19,1.00
2016.04.12 04:59:59.781,0.82654,0.82662,1.25,1.00
