2017.11.22 03:00:00.686,0.84991,0.84996,1.00,1.87
2017.11.22 03:00:01.205,0.8499,0.84996,2.06,1.50
2017.11.22 03:00:02.264,0.84992,0.84996,1.00,1.12
2017.11.22 03:00:05.319,0.84993,0.84997,1.00,1.12
2017.11.22 03:00:07.584,0.84991,0.84997,1.00,1.69
2017.11.22 03:00:10.478,0.84991,0.84997,1.00,2.44
2017.11.22 03:00:10.529,0.84988,0.84993,1.00,1.62
2017.11.22 03:00:10.581,0.84986,0.8499,2.25,1.00
2017.11.22 03:00:10.897,0.84986,0.84992,1.37,1.12
2017.11.22 03:00:14.718,0.84986,0.84992,1.00,1.12
2017.11.22 03:00:15.484,0.84991,0.84994,1.00,1.50
2017.11.22 03:00:15.536,0.84992,0.84996,1.00,1.31
2017.11.22 03:00:15.690,0.84989,0.84994,1.00,1.19
2017.11.22 03:00:15.742,0.84988,0.84993,1.00,1.31
2017.11.22 03:00:17.361,0.84986,0.84992,1.37,1.25
2017.11.22 03:00:18.072,0.84986,0.84993,1.87,1.69
2017.11.22 03:00:18.225,0.84988,0.84994,1.50,1.25
2017.11.22 03:00:18.474,0.84989,0.84996,2.62,1.00
2017.11.22 03:00:18.959,0.84993,0.84998,1.00,1.31
2017.11.22 03:00:22.689,0.84992,0.84997,1.00,1.31
2017.11.22 03:00:23.034,0.84989,0.84995,1.00,1.19
2017.11.22 03:00:24.974,0.8499,0.84996,1.00,1.31
2017.11.22 03:00:25.937,0.8499,0.84996,1.00,1.19
2017.11.22 03:00:26.273,0.84988,0.84995,1.37,1.19
2017.11.22 03:00:26.680,0.84989,0.84995,1.50,1.19
2017.11.22 03:00:27.226,0.84992,0.84996,1.00,2.06
2017.11.22 03:00:27.739,0.84991,0.84996,1.00,2.44
2017.11.22 03:00:28.248,0.84989,0.84995,1.00,1.31
2017.11.22 03:00:30.487,0.8499,0.84996,1.00,1.19
2017.11.22 03:00:30.861,0.84991,0.84996,1.00,1.19
2017.11.22 03:00:31.518,0.84992,0.84996,1.00,1.25
2017.11.22 03:00:32.027,0.84993,0.84997,1.00,1.25
2017.11.22 03:00:32.308,0.84991,0.84997,1.00,1.69
2017.11.22 03:00:32.842,0.8499,0.84995,1.00,1.25
2017.11.22 03:00:35.200,0.84988,0.84994,1.00,1.31
2017.11.22 03:00:35.711,0.84987,0.84993,1.00,1.31
2017.11.22 03:00:36.221,0.84987,0.84992,1.00,1.25
2017.11.22 03:00:36.774,0.84985,0.84992,1.00,3.94
2017.11.22 03:00:36.879,0.84984,0.84989,1.00,1.25
2017.11.22 03:00:37.424,0.84983,0.84989,1.00,1.25
2017.11.22 03:00:38.122,0.84982,0.84989,1.12,1.69
2017.11.22 03:00:38.429,0.84984,0.8499,1.00,2.44
2017.11.22 03:00:38.759,0.84982,0.84989,1.00,3.00
2017.11.22 03:00:40.046,0.84982,0.84988,1.00,1.87
2017.11.22 03:00:41.703,0.8498,0.84987,1.69,1.12
2017.11.22 03:00:42.392,0.84981,0.84986,1.00,1.50
2017.11.22 03:00:42.708,0.84979,0.84985,1.00,1.31
2017.11.22 03:00:44.021,0.84978,0.84984,1.00,1.31
2017.11.22 03:00:44.412,0.84976,0.84983,1.50,2.25
2017.11.22 03:00:44.958,0.84977,0.84984,1.00,2.81
2017.11.22 03:00:45.466,0.84977,0.84984,1.19,2.62
2017.11.22 03:00:46.009,0.84977,0.84984,1.00,2.44
2017.11.22 03:00:46.347,0.84979,0.84984,1.00,3.19
2017.11.22 03:00:46.742,0.84977,0.84984,1.00,4.69
2017.11.22 03:00:46.997,0.84971,0.84977,1.00,1.25
2017.11.22 03:00:47.048,0.84969,0.84976,1.25,2.62
2017.11.22 03:00:47.355,0.84969,0.84973,1.00,1.50
2017.11.22 03:00:47.684,0.84963,0.84969,2.44,1.00
2017.11.22 03:00:47.736,0.84962,0.84967,1.56,1.00
2017.11.22 03:00:51.463,0.84959,0.84965,1.56,1.12
2017.11.22 03:00:51.871,0.84961,0.84968,1.00,2.44
2017.11.22 03:00:51.922,0.84963,0.84969,1.00,2.44
2017.11.22 03:00:52.024,0.84964,0.84969,1.00,1.12
2017.11.22 03:00:52.126,0.84966,0.8497,1.00,1.31
2017.11.22 03:00:52.428,0.84967,0.84971,1.00,1.00
2017.11.22 03:00:53.590,0.84966,0.8497,1.00,1.00
2017.11.22 03:00:54.206,0.84967,0.84971,1.00,1.00
2017.11.22 03:00:55.053,0.84966,0.8497,1.00,1.00
2017.11.22 03:00:55.105,0.84961,0.84968,1.31,1.87
2017.11.22 03:00:55.157,0.84961,0.84965,1.25,1.00
2017.11.22 03:00:55.466,0.84965,0.84969,1.00,1.31
2017.11.22 03:00:55.619,0.84958,0.84965,4.69,1.00
2017.11.22 03:00:55.672,0.84959,0.84961,1.00,1.00
2017.11.22 03:00:55.800,0.84959,0.84962,1.00,1.00
2017.11.22 03:00:55.955,0.84955,0.84959,3.19,1.00
2017.11.22 03:00:56.006,0.84958,0.84962,1.25,1.00
2017.11.22 03:00:56.109,0.84957,0.84961,3.19,1.00
2017.11.22 03:00:56.577,0.84955,0.8496,1.69,1.00
2017.11.22 03:00:56.781,0.84955,0.8496,1.19,1.00
2017.11.22 03:00:57.347,0.84955,0.84961,1.19,1.50
2017.11.22 03:00:58.711,0.84955,0.84961,1.31,1.00
2017.11.22 03:00:59.914,0.84954,0.8496,1.50,1.00
2017.11.22 03:01:00.447,0.84952,0.84958,1.12,1.00
2017.11.22 03:01:00.754,0.84951,0.84956,1.00,1.00
2017.11.22 03:01:00.856,0.84949,0.84955,1.12,1.00
2017.11.22 03:01:01.427,0.84948,0.84955,1.31,1.00
2017.11.22 03:01:01.479,0.84953,0.84957,1.31,2.25
2017.11.22 03:01:01.582,0.84957,0.84961,1.00,1.00
2017.11.22 03:01:01.735,0.84953,0.84958,1.00,1.25
2017.11.22 03:01:01.888,0.84951,0.84957,1.00,1.00
2017.11.22 03:01:02.042,0.84949,0.84956,1.25,1.00
2017.11.22 03:01:02.923,0.84953,0.84957,1.00,1.50
2017.11.22 03:01:08.839,0.84952,0.84956,1.50,1.00
2017.11.22 03:01:09.649,0.84953,0.84957,1.00,1.12
2017.11.22 03:01:11.955,0.84952,0.84956,1.50,1.00
2017.11.22 03:01:12.593,0.84953,0.84957,1.00,2.59
2017.11.22 03:01:13.097,0.84952,0.84956,1.00,1.84
2017.11.22 03:01:13.690,0.84952,0.84956,1.50,2.81
2017.11.22 03:01:15.640,0.84953,0.84956,1.00,2.44
2017.11.22 03:01:16.188,0.84951,0.84954,1.00,2.06
2017.11.22 03:01:17.561,0.84951,0.84955,1.00,1.12
2017.11.22 03:01:22.246,0.84948,0.84954,1.12,1.12
2017.11.22 03:01:22.559,0.84949,0.84954,1.00,1.50
2017.11.22 03:01:23.325,0.84952,0.84956,1.19,1.12
2017.11.22 03:01:23.429,0.84956,0.84957,1.00,1.00
2017.11.22 03:01:23.481,0.84953,0.8496,1.31,1.50
2017.11.22 03:01:23.584,0.84952,0.84957,1.00,1.00
2017.11.22 03:01:25.305,0.84952,0.84958,1.75,2.06
2017.11.22 03:01:25.894,0.84952,0.84956,1.37,1.00
2017.11.22 03:01:28.414,0.84951,0.84955,1.12,1.00
2017.11.22 03:01:28.720,0.84952,0.84957,1.50,1.19
2017.11.22 03:01:29.814,0.84952,0.84957,1.00,1.19
2017.11.22 03:01:29.865,0.84954,0.84959,1.00,2.06
2017.11.22 03:01:29.917,0.84958,0.84962,1.00,2.81
2017.11.22 03:01:30.225,0.8496,0.84965,1.00,1.31
2017.11.22 03:01:31.063,0.8496,0.84965,1.00,1.19
2017.11.22 03:01:31.369,0.84962,0.84967,1.00,1.19
2017.11.22 03:01:32.634,0.84965,0.8497,1.00,1.87
2017.11.22 03:01:32.685,0.84964,0.84969,1.00,1.19
2017.11.22 03:01:33.194,0.84964,0.84968,1.00,1.25
2017.11.22 03:01:33.999,0.84964,0.84968,1.00,1.25
2017.11.22 03:01:34.763,0.84964,0.84968,1.00,1.25
2017.11.22 03:01:35.353,0.84962,0.84967,2.25,1.19
2017.11.22 03:01:35.404,0.84967,0.84971,1.00,1.12
2017.11.22 03:01:35.930,0.84967,0.84971,1.00,1.31
2017.11.22 03:01:36.933,0.84966,0.84971,1.50,1.19
2017.11.22 03:01:36.985,0.8497,0.84974,1.00,1.50
2017.11.22 03:01:37.037,0.84966,0.84971,2.62,1.19
2017.11.22 03:01:37.088,0.84966,0.84971,1.50,1.19
2017.11.22 03:01:38.068,0.84967,0.84972,1.00,1.19
2017.11.22 03:01:38.793,0.84966,0.84971,1.50,1.19
2017.11.22 03:01:39.677,0.84966,0.84971,1.87,1.19
2017.11.22 03:01:39.729,0.8497,0.84974,1.00,1.50
2017.11.22 03:01:39.832,0.84969,0.84974,2.25,1.25
2017.11.22 03:01:39.884,0.84974,0.84978,1.00,1.50
2017.11.22 03:01:39.935,0.84972,0.84977,1.00,1.19
2017.11.22 03:01:39.986,0.84975,0.84979,1.00,1.25
2017.11.22 03:01:40.535,0.84977,0.84982,1.00,1.69
2017.11.22 03:01:41.168,0.84975,0.84979,1.00,1.31
2017.11.22 03:01:41.219,0.84973,0.84979,1.00,1.40
2017.11.22 03:01:41.770,0.84972,0.84977,1.00,1.19
2017.11.22 03:01:44.009,0.84973,0.84978,1.00,2.81
2017.11.22 03:01:44.785,0.84972,0.84978,1.00,2.81
2017.11.22 03:01:46.924,0.84971,0.84976,1.00,1.19
2017.11.22 03:01:50.046,0.84974,0.84979,1.00,1.50
2017.11.22 03:01:50.253,0.84971,0.84976,1.00,1.19
2017.11.22 03:01:50.801,0.84972,0.84976,1.00,1.31
2017.11.22 03:01:51.474,0.84971,0.84975,1.00,1.00
2017.11.22 03:01:51.902,0.84972,0.84976,1.00,1.00
2017.11.22 03:01:52.004,0.84974,0.84978,1.00,1.31
2017.11.22 03:01:52.549,0.84975,0.84979,1.00,1.25
2017.11.22 03:01:53.058,0.84974,0.84978,1.12,1.00
2017.11.22 03:01:53.619,0.84975,0.8498,1.00,2.44
2017.11.22 03:01:54.296,0.84975,0.8498,1.00,1.69
2017.11.22 03:01:54.844,0.84976,0.8498,1.00,1.25
2017.11.22 03:01:55.036,0.84973,0.84978,1.87,1.31
2017.11.22 03:01:55.138,0.84973,0.84978,1.00,3.56
2017.11.22 03:01:55.190,0.8497,0.84974,1.00,1.00
2017.11.22 03:01:55.396,0.84969,0.84973,1.00,1.25
2017.11.22 03:01:55.838,0.84967,0.84971,1.00,1.00
2017.11.22 03:01:56.246,0.84967,0.84973,1.69,1.07
2017.11.22 03:01:56.298,0.84968,0.84974,1.25,1.57
2017.11.22 03:01:56.758,0.8497,0.84974,1.00,1.31
2017.11.22 03:01:57.013,0.84968,0.84972,1.00,1.00
2017.11.22 03:01:58.429,0.84969,0.84973,1.00,1.00
2017.11.22 03:01:58.480,0.8497,0.84974,1.00,1.31
2017.11.22 03:01:58.991,0.84971,0.84975,1.00,2.15
2017.11.22 03:01:59.094,0.84976,0.8498,1.00,2.89
2017.11.22 03:01:59.198,0.84976,0.8498,1.00,1.00
2017.11.22 03:01:59.917,0.84976,0.8498,1.00,1.69
2017.11.22 03:02:00.433,0.84975,0.8498,1.00,1.69
2017.11.22 03:02:00.974,0.84977,0.84981,1.00,2.06
2017.11.22 03:02:06.983,0.84975,0.84979,1.00,1.00
2017.11.22 03:02:07.034,0.84973,0.84978,1.00,2.97
2017.11.22 03:02:07.085,0.84972,0.84976,1.00,1.00
2017.11.22 03:02:07.137,0.84973,0.84978,1.00,3.72
2017.11.22 03:02:07.188,0.84973,0.84977,1.00,1.69
2017.11.22 03:02:07.841,0.8497,0.84974,1.00,1.00
2017.11.22 03:02:08.127,0.8497,0.84974,1.00,1.50
2017.11.22 03:02:08.894,0.84968,0.84972,1.00,1.31
2017.11.22 03:02:09.404,0.84967,0.84971,1.00,1.00
2017.11.22 03:02:09.608,0.84968,0.84972,1.00,1.25
2017.11.22 03:02:09.659,0.84969,0.84973,1.00,2.44
2017.11.22 03:02:10.247,0.84968,0.84973,1.00,3.19
2017.11.22 03:02:13.621,0.84966,0.84973,1.00,2.44
2017.11.22 03:02:14.150,0.84967,0.84973,1.00,2.44
2017.11.22 03:02:15.851,0.84967,0.84973,1.00,2.62
2017.11.22 03:02:16.392,0.84967,0.84974,1.00,1.87
2017.11.22 03:02:16.908,0.84968,0.84973,1.00,1.00
2017.11.22 03:02:17.443,0.84967,0.84973,1.00,1.50
2017.11.22 03:02:21.012,0.84968,0.84973,1.00,1.12
2017.11.22 03:02:21.335,0.8497,0.84974,1.00,1.12
2017.11.22 03:02:21.878,0.84968,0.84974,1.69,1.00
2017.11.22 03:02:22.224,0.84973,0.84977,1.00,1.00
2017.11.22 03:02:22.378,0.84978,0.84982,1.00,1.50
2017.11.22 03:02:22.429,0.84977,0.84981,1.00,1.00
2017.11.22 03:02:24.286,0.84976,0.8498,1.00,1.00
2017.11.22 03:02:24.896,0.84975,0.84979,1.00,1.00
2017.11.22 03:02:26.379,0.84976,0.8498,1.00,1.12
2017.11.22 03:02:26.727,0.84972,0.84976,1.00,1.00
2017.11.22 03:02:27.033,0.84969,0.84973,1.00,1.00
2017.11.22 03:02:27.534,0.8497,0.84974,1.00,1.00
2017.11.22 03:02:28.652,0.8497,0.84975,1.00,2.81
2017.11.22 03:02:29.193,0.84969,0.84973,1.00,1.00
2017.11.22 03:02:30.860,0.84965,0.8497,2.06,1.00
2017.11.22 03:02:32.734,0.84967,0.84971,1.00,1.00
2017.11.22 03:02:33.245,0.84967,0.84971,1.31,1.00
2017.11.22 03:02:34.256,0.84966,0.8497,2.06,1.00
2017.11.22 03:02:34.797,0.84965,0.84969,2.06,1.00
2017.11.22 03:02:35.818,0.84965,0.84969,1.00,1.00
2017.11.22 03:02:35.920,0.84962,0.84966,1.50,1.00
2017.11.22 03:02:35.973,0.84961,0.84966,1.25,1.00
2017.11.22 03:02:36.025,0.84957,0.84962,2.81,1.00
2017.11.22 03:02:36.334,0.84954,0.84959,2.06,1.00
2017.11.22 03:02:37.399,0.84955,0.84959,1.00,1.00
2017.11.22 03:02:38.235,0.84954,0.84958,2.06,1.00
2017.11.22 03:02:38.810,0.84953,0.84958,2.62,1.00
2017.11.22 03:02:39.935,0.84952,0.84956,1.69,1.00
2017.11.22 03:02:40.321,0.84952,0.84959,2.44,1.50
2017.11.22 03:02:42.232,0.84952,0.84957,1.69,1.00
2017.11.22 03:02:42.765,0.84952,0.84956,1.69,1.00
2017.11.22 03:02:42.818,0.8495,0.84954,1.25,1.00
2017.11.22 03:02:42.871,0.84948,0.84954,2.06,1.12
2017.11.22 03:02:42.924,0.84949,0.84955,1.19,1.50
2017.11.22 03:02:43.025,0.84949,0.84956,1.31,1.75
2017.11.22 03:02:43.182,0.84951,0.84958,2.44,1.00
2017.11.22 03:02:43.235,0.84952,0.84959,1.87,1.25
2017.11.22 03:02:43.541,0.84948,0.84954,1.31,1.87
2017.11.22 03:02:43.747,0.84949,0.84955,2.06,1.00
2017.11.22 03:02:43.798,0.8495,0.84957,1.50,2.44
2017.11.22 03:02:43.920,0.84951,0.84958,1.19,1.50
2017.11.22 03:02:44.432,0.84953,0.84959,1.00,1.25
2017.11.22 03:02:44.972,0.84953,0.84959,1.19,1.00
2017.11.22 03:02:45.125,0.84949,0.84956,1.25,1.50
2017.11.22 03:02:45.549,0.84953,0.84957,1.00,1.25
2017.11.22 03:02:45.702,0.8495,0.84957,1.19,1.50
2017.11.22 03:02:46.110,0.8495,0.84955,1.19,1.00
2017.11.22 03:02:46.212,0.8495,0.84957,1.69,1.00
2017.11.22 03:02:46.771,0.8495,0.84956,1.19,1.00
2017.11.22 03:02:47.393,0.84948,0.84955,2.81,1.00
2017.11.22 03:02:48.044,0.8495,0.84956,1.31,1.00
2017.11.22 03:02:50.285,0.8495,0.84957,2.81,1.50
2017.11.22 03:02:50.988,0.8495,0.84954,1.25,1.00
2017.11.22 03:02:51.040,0.84947,0.84954,2.44,1.00
2017.11.22 03:02:51.092,0.84946,0.84952,2.81,1.00
2017.11.22 03:02:51.348,0.84944,0.8495,2.81,1.00
2017.11.22 03:02:51.617,0.8495,0.84954,1.00,1.25
2017.11.22 03:02:52.590,0.84948,0.84952,1.00,1.00
2017.11.22 03:02:53.959,0.84949,0.84953,1.00,1.12
2017.11.22 03:02:55.310,0.84949,0.84953,1.00,1.12
2017.11.22 03:02:56.934,0.84948,0.84952,1.00,1.00
2017.11.22 03:02:57.549,0.84947,0.84952,1.00,1.50
2017.11.22 03:02:57.600,0.84946,0.8495,1.25,1.00
2017.11.22 03:02:59.050,0.84945,0.84949,1.00,1.00
2017.11.22 03:02:59.328,0.84944,0.84949,1.25,1.00
2017.11.22 03:03:00.092,0.84945,0.84949,1.00,1.00
2017.11.22 03:03:04.795,0.84946,0.8495,1.00,1.50
2017.11.22 03:03:10.768,0.84946,0.84951,1.00,2.25
2017.11.22 03:03:19.302,0.84948,0.84952,1.00,2.25
2017.11.22 03:03:20.369,0.84948,0.84952,1.00,1.87
2017.11.22 03:03:20.573,0.84946,0.84952,1.00,1.69
2017.11.22 03:03:20.625,0.84946,0.8495,1.00,2.06
2017.11.22 03:03:20.828,0.84944,0.84951,1.00,2.81
2017.11.22 03:03:21.587,0.84945,0.84949,1.00,1.37
2017.11.22 03:03:22.325,0.84945,0.8495,1.00,3.00
2017.11.22 03:03:25.074,0.84944,0.84949,1.25,1.15
2017.11.22 03:03:28.986,0.84945,0.8495,1.00,1.37
2017.11.22 03:03:32.513,0.84945,0.8495,1.00,1.50
2017.11.22 03:03:33.088,0.84946,0.84951,1.31,2.25
2017.11.22 03:03:33.910,0.84948,0.84952,1.00,2.25
2017.11.22 03:03:37.185,0.8495,0.84954,1.00,2.25
2017.11.22 03:03:37.489,0.84951,0.84957,1.25,2.25
2017.11.22 03:03:42.021,0.8495,0.84957,1.69,3.00
2017.11.22 03:03:42.622,0.84951,0.84956,1.25,1.50
2017.11.22 03:03:43.140,0.84952,0.84957,1.00,2.25
2017.11.22 03:03:43.497,0.8495,0.84955,1.19,1.00
2017.11.22 03:03:46.467,0.84949,0.84954,2.06,1.00
2017.11.22 03:03:47.418,0.84949,0.84954,1.69,1.00
2017.11.22 03:03:50.457,0.84949,0.84954,1.19,1.00
2017.11.22 03:03:50.695,0.84949,0.84955,1.19,1.12
2017.11.22 03:03:52.542,0.84949,0.84953,1.25,1.00
2017.11.22 03:03:54.067,0.8495,0.84954,2.81,1.00
2017.11.22 03:03:54.412,0.84952,0.84956,1.69,1.00
2017.11.22 03:03:54.514,0.84952,0.84959,2.81,1.00
2017.11.22 03:03:55.068,0.84953,0.8496,1.25,1.12
2017.11.22 03:03:58.507,0.84951,0.84958,1.69,1.12
2017.11.22 03:03:58.849,0.8495,0.84957,1.87,1.31
2017.11.22 03:03:59.002,0.84952,0.84959,1.00,1.00
2017.11.22 03:03:59.749,0.84953,0.8496,1.00,1.31
2017.11.22 03:04:00.090,0.84951,0.84959,1.31,1.50
2017.11.22 03:04:00.633,0.84952,0.84959,1.00,1.12
2017.11.22 03:04:01.529,0.84952,0.84959,1.37,1.00
2017.11.22 03:04:02.407,0.84952,0.8496,1.87,1.31
2017.11.22 03:04:09.247,0.84954,0.84961,1.00,1.69
2017.11.22 03:04:11.181,0.84954,0.84961,1.50,2.06
2017.11.22 03:04:11.738,0.84955,0.84962,1.00,2.44
2017.11.22 03:04:12.044,0.84957,0.84962,1.00,1.31
2017.11.22 03:04:12.575,0.84956,0.84962,1.00,2.06
2017.11.22 03:04:15.963,0.84957,0.84961,1.00,1.25
2017.11.22 03:04:17.583,0.84956,0.84961,1.00,1.31
2017.11.22 03:04:22.888,0.84957,0.84963,1.00,3.19
2017.11.22 03:04:28.324,0.84956,0.84962,1.00,1.31
2017.11.22 03:04:30.018,0.84955,0.84961,1.00,2.00
2017.11.22 03:04:30.544,0.84955,0.84961,1.00,2.00
2017.11.22 03:04:31.092,0.84956,0.84961,1.00,1.69
2017.11.22 03:04:31.608,0.84957,0.84963,1.00,2.81
2017.11.22 03:04:31.812,0.84957,0.84963,1.12,1.31
2017.11.22 03:04:32.871,0.84957,0.84962,1.50,1.25
2017.11.22 03:04:33.463,0.84959,0.84963,1.00,1.62
2017.11.22 03:04:34.600,0.84958,0.84963,1.12,1.37
2017.11.22 03:04:36.076,0.84959,0.84963,1.00,1.00
2017.11.22 03:04:37.032,0.84958,0.84963,1.12,1.50
2017.11.22 03:04:39.089,0.84959,0.84963,1.00,1.00
2017.11.22 03:04:40.266,0.84959,0.84964,1.00,2.06
2017.11.22 03:04:40.802,0.84957,0.84964,1.37,2.81
2017.11.22 03:04:41.647,0.84956,0.84963,1.00,2.62
2017.11.22 03:04:42.153,0.84956,0.84963,1.00,3.94
2017.11.22 03:04:42.204,0.84955,0.84962,1.00,2.06
2017.11.22 03:04:42.565,0.84955,0.84962,1.00,1.94
2017.11.22 03:04:46.190,0.84956,0.84962,1.00,1.94
2017.11.22 03:04:47.480,0.84957,0.84963,1.00,3.94
2017.11.22 03:04:51.967,0.84958,0.84962,1.00,1.25
2017.11.22 03:04:57.240,0.84959,0.84963,1.00,2.06
2017.11.22 03:04:57.343,0.84959,0.84964,1.00,3.56
2017.11.22 03:04:59.146,0.8496,0.84965,1.00,2.81
2017.11.22 03:04:59.767,0.84961,0.84965,1.00,1.69
2017.11.22 03:05:00.693,0.8496,0.84965,1.00,2.06
2017.11.22 03:05:00.847,0.84959,0.84963,1.00,1.00
2017.11.22 03:05:00.950,0.84956,0.84961,1.00,1.62
2017.11.22 03:05:01.495,0.84955,0.8496,1.00,1.00
2017.11.22 03:05:02.093,0.84955,0.8496,1.00,1.37
2017.11.22 03:05:02.492,0.84952,0.84956,1.00,1.87
2017.11.22 03:05:02.831,0.84948,0.84952,1.00,1.00
2017.11.22 03:05:03.315,0.84947,0.84952,1.00,1.37
2017.11.22 03:05:03.917,0.84946,0.84952,1.00,1.12
2017.11.22 03:05:04.741,0.84943,0.84949,1.69,1.00
2017.11.22 03:05:05.247,0.84943,0.8495,1.69,1.12
2017.11.22 03:05:05.603,0.84943,0.8495,1.00,2.06
2017.11.22 03:05:05.654,0.84943,0.8495,1.00,1.31
2017.11.22 03:05:09.979,0.84942,0.84949,2.25,1.12
2017.11.22 03:05:10.031,0.84945,0.84952,1.00,2.81
2017.11.22 03:05:10.348,0.84948,0.84952,1.00,1.25
2017.11.22 03:05:11.367,0.84947,0.84953,1.00,2.06
2017.11.22 03:05:13.377,0.84948,0.84952,1.00,1.25
2017.11.22 03:05:14.006,0.84949,0.84953,1.00,2.06
2017.11.22 03:05:15.721,0.84949,0.84954,1.00,2.32
2017.11.22 03:05:16.277,0.84948,0.84954,1.00,2.32
2017.11.22 03:05:17.109,0.84952,0.84956,1.00,1.50
2017.11.22 03:05:17.750,0.84952,0.84956,1.00,1.31
2017.11.22 03:05:18.261,0.84952,0.84957,1.00,1.69
2017.11.22 03:05:18.958,0.8495,0.84956,1.00,2.06
2017.11.22 03:05:19.482,0.8495,0.84955,1.00,1.37
2017.11.22 03:05:20.736,0.84951,0.84955,1.00,1.00
2017.11.22 03:05:21.310,0.8495,0.84955,1.00,1.12
2017.11.22 03:05:22.609,0.8495,0.84955,1.00,1.50
2017.11.22 03:05:23.213,0.84949,0.84955,1.00,1.75
2017.11.22 03:05:23.417,0.8495,0.84955,1.00,1.12
2017.11.22 03:05:26.256,0.84952,0.84956,1.12,1.25
2017.11.22 03:05:26.563,0.84955,0.84959,1.00,2.81
2017.11.22 03:05:27.167,0.84955,0.84961,1.00,2.44
2017.11.22 03:05:27.218,0.84953,0.84958,1.00,1.87
2017.11.22 03:05:27.343,0.84953,0.84957,1.00,1.50
2017.11.22 03:05:27.395,0.84954,0.84959,1.00,1.31
2017.11.22 03:05:27.910,0.84955,0.84959,1.00,1.25
2017.11.22 03:05:28.351,0.84953,0.84959,1.00,2.00
2017.11.22 03:05:28.952,0.84954,0.84958,1.00,1.00
2017.11.22 03:05:29.461,0.84953,0.8496,1.00,4.69
2017.11.22 03:05:30.257,0.84953,0.8496,1.00,5.44
2017.11.22 03:05:30.763,0.84954,0.84959,1.00,2.06
2017.11.22 03:05:31.272,0.84953,0.8496,1.00,4.31
2017.11.22 03:05:31.628,0.84955,0.8496,1.00,1.69
2017.11.22 03:05:31.884,0.84951,0.84958,1.12,1.75
2017.11.22 03:05:32.317,0.84949,0.84954,1.00,1.37
2017.11.22 03:05:32.471,0.84949,0.84954,1.00,1.69
2017.11.22 03:05:32.523,0.8495,0.84954,1.00,1.31
2017.11.22 03:05:33.032,0.84949,0.84954,1.00,1.69
2017.11.22 03:05:33.648,0.84948,0.84953,1.00,1.37
2017.11.22 03:05:34.186,0.84948,0.84952,1.00,1.00
2017.11.22 03:05:34.340,0.84946,0.84952,1.00,1.12
2017.11.22 03:05:34.918,0.84947,0.84952,1.00,1.37
2017.11.22 03:05:35.440,0.84946,0.84952,1.00,1.37
2017.11.22 03:05:35.767,0.84945,0.84952,1.00,2.06
2017.11.22 03:05:35.947,0.84946,0.84952,1.00,2.06
2017.11.22 03:05:36.721,0.84945,0.84952,1.00,1.94
2017.11.22 03:05:37.701,0.84945,0.84951,1.00,1.62
2017.11.22 03:05:38.290,0.84945,0.84951,1.00,1.25
2017.11.22 03:05:38.596,0.84944,0.84951,1.00,2.44
2017.11.22 03:05:39.114,0.84946,0.8495,1.00,1.50
2017.11.22 03:05:39.503,0.84945,0.84951,1.00,7.69
2017.11.22 03:05:39.556,0.84942,0.84947,1.12,2.25
2017.11.22 03:05:40.050,0.84943,0.84948,1.00,6.19
2017.11.22 03:05:40.152,0.84942,0.84947,1.00,1.69
2017.11.22 03:05:40.255,0.84942,0.84947,1.00,1.19
2017.11.22 03:05:40.306,0.84942,0.84947,1.00,2.44
2017.11.22 03:05:40.562,0.84939,0.84947,1.87,2.81
2017.11.22 03:05:41.167,0.84941,0.84947,1.00,1.31
2017.11.22 03:05:41.677,0.84943,0.84948,1.00,3.19
2017.11.22 03:05:42.092,0.8494,0.84945,1.00,1.50
2017.11.22 03:05:42.884,0.84938,0.84942,3.19,1.00
2017.11.22 03:05:43.037,0.84936,0.84941,2.06,1.00
2017.11.22 03:05:43.190,0.84934,0.84939,3.56,1.37
2017.11.22 03:05:43.597,0.84933,0.84938,1.12,1.00
2017.11.22 03:05:44.217,0.84933,0.84937,2.44,1.00
2017.11.22 03:05:44.319,0.84934,0.8494,1.00,1.12
2017.11.22 03:05:44.574,0.84936,0.8494,1.00,1.50
2017.11.22 03:05:45.082,0.84935,0.8494,1.00,1.37
2017.11.22 03:05:45.336,0.84934,0.84939,1.19,9.37
2017.11.22 03:05:46.036,0.84931,0.84936,1.19,1.00
2017.11.22 03:05:46.089,0.84928,0.84932,2.44,1.00
2017.11.22 03:05:46.410,0.84924,0.84928,1.00,1.00
2017.11.22 03:05:46.616,0.84923,0.84928,1.25,1.50
2017.11.22 03:05:46.667,0.8492,0.84924,1.25,1.00
2017.11.22 03:05:46.719,0.84918,0.84923,1.25,1.37
2017.11.22 03:05:46.975,0.84915,0.8492,1.69,1.50
2017.11.22 03:05:47.483,0.84915,0.8492,1.00,1.50
2017.11.22 03:05:48.064,0.84914,0.84919,1.00,2.25
2017.11.22 03:05:48.495,0.84913,0.84918,1.00,1.37
2017.11.22 03:05:49.021,0.84913,0.84917,1.00,1.00
2017.11.22 03:05:49.530,0.84914,0.84918,1.00,1.00
2017.11.22 03:05:50.693,0.84915,0.8492,1.00,1.84
2017.11.22 03:05:51.271,0.84914,0.84919,1.00,1.65
2017.11.22 03:05:52.228,0.84915,0.84919,1.00,1.12
2017.11.22 03:05:52.762,0.84914,0.84919,1.00,1.87
2017.11.22 03:05:53.597,0.84911,0.84918,1.19,1.37
2017.11.22 03:05:54.840,0.8491,0.84917,1.19,1.37
2017.11.22 03:05:54.891,0.84914,0.84918,1.00,1.12
2017.11.22 03:05:54.943,0.84913,0.84918,1.00,2.62
2017.11.22 03:05:55.453,0.84913,0.84917,1.00,1.00
2017.11.22 03:05:56.928,0.84916,0.84921,1.50,2.06
2017.11.22 03:05:56.981,0.8492,0.84924,1.00,1.12
2017.11.22 03:05:57.084,0.84921,0.84925,1.00,1.37
2017.11.22 03:05:57.635,0.84921,0.84925,1.00,1.50
2017.11.22 03:05:59.797,0.84921,0.84925,1.00,1.50
2017.11.22 03:06:00.288,0.84919,0.84924,1.00,1.62
2017.11.22 03:06:02.851,0.84919,0.84924,1.00,1.57
2017.11.22 03:06:03.653,0.84919,0.84924,1.00,2.70
2017.11.22 03:06:08.392,0.84916,0.8492,1.31,1.00
2017.11.22 03:06:08.495,0.84917,0.84922,1.25,1.00
2017.11.22 03:06:09.681,0.84917,0.84923,1.25,1.12
2017.11.22 03:06:11.014,0.84917,0.84922,1.25,1.12
2017.11.22 03:06:12.088,0.84916,0.84923,1.25,1.87
2017.11.22 03:06:12.258,0.84915,0.8492,2.06,1.00
2017.11.22 03:06:13.940,0.84915,0.84921,2.44,1.00
2017.11.22 03:06:17.077,0.84916,0.84922,2.44,1.00
2017.11.22 03:06:17.854,0.84918,0.84922,1.25,1.00
2017.11.22 03:06:22.754,0.84918,0.84923,1.25,1.00
2017.11.22 03:06:23.456,0.84918,0.84923,1.25,1.50
2017.11.22 03:06:23.756,0.84916,0.84922,1.31,1.12
2017.11.22 03:06:23.807,0.84915,0.84922,3.19,2.25
2017.11.22 03:06:28.630,0.84915,0.84921,1.12,2.25
2017.11.22 03:06:29.920,0.84917,0.84921,1.00,2.62
2017.11.22 03:06:30.022,0.84917,0.84921,1.00,2.25
2017.11.22 03:06:30.565,0.84918,0.84923,1.00,1.37
2017.11.22 03:06:31.122,0.84919,0.84924,1.00,1.87
2017.11.22 03:06:31.647,0.8492,0.84924,1.00,1.12
2017.11.22 03:06:33.070,0.84919,0.84923,1.00,3.00
2017.11.22 03:06:33.172,0.84917,0.84921,1.00,1.12
2017.11.22 03:06:33.224,0.84915,0.84919,1.00,1.12
2017.11.22 03:06:33.553,0.84915,0.84919,1.00,1.50
2017.11.22 03:06:34.573,0.84914,0.84918,1.00,1.00
2017.11.22 03:06:34.676,0.84913,0.84917,1.00,1.12
2017.11.22 03:06:34.727,0.84912,0.84916,1.00,2.25
2017.11.22 03:06:35.220,0.84911,0.84916,1.25,2.34
2017.11.22 03:06:35.400,0.84911,0.84916,1.25,1.90
2017.11.22 03:06:37.207,0.84912,0.84918,1.25,2.25
2017.11.22 03:06:38.478,0.84912,0.84917,1.25,1.21
2017.11.22 03:06:39.486,0.84911,0.84917,2.06,1.87
2017.11.22 03:06:40.132,0.84912,0.84917,1.19,1.87
2017.11.22 03:06:40.791,0.84912,0.84917,1.19,1.00
2017.11.22 03:06:40.995,0.8491,0.84914,1.69,1.00
2017.11.22 03:06:41.200,0.84908,0.84914,1.25,1.37
2017.11.22 03:06:41.302,0.84907,0.84912,1.19,1.00
2017.11.22 03:06:41.519,0.84908,0.84912,1.25,1.00
2017.11.22 03:06:42.831,0.84913,0.84918,1.19,1.50
2017.11.22 03:06:42.882,0.84913,0.84917,1.31,1.50
2017.11.22 03:06:43.035,0.84915,0.84919,1.31,1.00
2017.11.22 03:06:43.662,0.84916,0.8492,1.25,1.50
2017.11.22 03:06:44.281,0.84915,0.84919,1.25,1.00
2017.11.22 03:06:45.244,0.84916,0.8492,1.25,1.00
2017.11.22 03:06:45.765,0.84916,0.84921,1.25,1.87
2017.11.22 03:06:48.375,0.84916,0.84922,2.81,2.25
2017.11.22 03:06:48.690,0.84916,0.8492,3.19,1.00
2017.11.22 03:06:51.212,0.84916,0.84921,2.81,1.00
2017.11.22 03:06:51.791,0.84916,0.8492,2.81,1.00
2017.11.22 03:06:52.130,0.84914,0.84918,2.44,1.00
2017.11.22 03:06:52.683,0.84914,0.84918,1.69,1.00
2017.11.22 03:06:53.222,0.84914,0.84919,2.06,1.50
2017.11.22 03:06:53.698,0.84916,0.8492,1.31,1.00
2017.11.22 03:06:54.224,0.84916,0.84921,2.44,1.00
2017.11.22 03:06:55.288,0.84916,0.8492,2.06,1.00
2017.11.22 03:06:57.169,0.84915,0.84919,2.44,1.00
2017.11.22 03:06:58.200,0.84916,0.84921,2.81,1.00
2017.11.22 03:06:59.063,0.84916,0.8492,2.81,1.00
2017.11.22 03:06:59.583,0.84918,0.84922,1.25,1.00
2017.11.22 03:07:00.762,0.84916,0.8492,2.06,1.00
2017.11.22 03:07:03.685,0.84916,0.84922,2.06,1.00
2017.11.22 03:07:03.736,0.84916,0.8492,2.06,1.00
2017.11.22 03:07:09.068,0.84915,0.8492,2.44,1.00
2017.11.22 03:07:11.697,0.84916,0.84921,2.44,1.00
2017.11.22 03:07:12.082,0.84918,0.84923,2.44,1.00
2017.11.22 03:07:13.032,0.84918,0.84922,2.06,1.00
2017.11.22 03:07:14.947,0.84917,0.84921,2.44,1.00
2017.11.22 03:07:15.844,0.84917,0.84921,2.06,1.00
2017.11.22 03:07:16.415,0.84916,0.8492,2.44,1.00
2017.11.22 03:07:17.283,0.84917,0.84921,1.31,1.00
2017.11.22 03:07:17.824,0.84916,0.8492,2.44,1.00
2017.11.22 03:07:18.563,0.84917,0.84921,1.31,1.00
2017.11.22 03:07:18.851,0.84919,0.84923,1.25,1.00
2017.11.22 03:07:20.796,0.84918,0.84922,1.25,1.00
2017.11.22 03:07:22.039,0.84917,0.84921,2.06,1.00
2017.11.22 03:07:24.484,0.84919,0.84924,1.19,1.00
2017.11.22 03:07:25.012,0.84921,0.84925,1.25,1.00
2017.11.22 03:07:29.457,0.84921,0.84927,1.69,1.87
2017.11.22 03:07:33.395,0.84921,0.84927,1.25,1.50
2017.11.22 03:07:34.808,0.8492,0.84926,2.06,1.00
2017.11.22 03:07:39.563,0.84923,0.84927,1.25,1.00
2017.11.22 03:07:39.718,0.84925,0.8493,2.06,1.00
2017.11.22 03:07:39.821,0.84927,0.84933,1.00,2.44
2017.11.22 03:07:40.325,0.84926,0.84932,1.00,2.25
2017.11.22 03:07:40.831,0.84925,0.84931,1.69,1.75
2017.11.22 03:07:41.104,0.84925,0.84931,1.69,1.12
2017.11.22 03:07:42.036,0.84925,0.8493,1.25,1.00
2017.11.22 03:07:43.127,0.84927,0.84933,1.00,1.50
2017.11.22 03:07:43.337,0.84929,0.84935,1.00,1.12
2017.11.22 03:07:45.414,0.84929,0.84936,1.00,2.44
2017.11.22 03:07:47.620,0.84929,0.84936,1.00,2.44
2017.11.22 03:07:47.723,0.8493,0.84937,1.00,1.31
2017.11.22 03:07:47.876,0.84932,0.84936,1.00,1.00
2017.11.22 03:07:48.399,0.84931,0.84936,1.00,1.00
2017.11.22 03:07:48.949,0.84932,0.84938,1.25,1.37
2017.11.22 03:07:49.558,0.84932,0.84939,1.25,2.62
2017.11.22 03:07:50.074,0.84932,0.84939,1.69,2.62
2017.11.22 03:07:50.504,0.84931,0.84936,1.00,1.87
2017.11.22 03:07:51.199,0.84931,0.84936,1.00,1.50
2017.11.22 03:07:51.766,0.84929,0.84934,1.69,1.00
2017.11.22 03:07:52.309,0.84928,0.84933,1.00,1.50
2017.11.22 03:07:53.651,0.84928,0.84933,1.00,1.37
2017.11.22 03:07:54.367,0.84926,0.84933,2.81,1.87
2017.11.22 03:07:54.910,0.84926,0.84933,2.81,1.87
2017.11.22 03:07:55.199,0.84928,0.84933,1.00,1.00
2017.11.22 03:07:57.096,0.84928,0.84934,1.00,2.25
2017.11.22 03:07:58.664,0.84927,0.84934,1.00,1.87
2017.11.22 03:07:59.539,0.84927,0.84931,1.25,1.12
2017.11.22 03:07:59.592,0.84925,0.8493,1.25,2.25
2017.11.22 03:07:59.897,0.84924,0.84929,1.25,1.50
2017.11.22 03:08:01.677,0.84925,0.84931,1.69,1.12
2017.11.22 03:08:01.728,0.8493,0.84934,1.00,3.37
2017.11.22 03:08:01.780,0.8493,0.84935,1.00,1.50
2017.11.22 03:08:01.988,0.84928,0.84933,1.00,1.50
2017.11.22 03:08:02.246,0.84931,0.84937,1.00,4.87
2017.11.22 03:08:02.450,0.8493,0.84937,1.00,4.87
2017.11.22 03:08:03.232,0.84929,0.84936,1.69,1.87
2017.11.22 03:08:03.750,0.84931,0.84935,1.00,1.00
2017.11.22 03:08:04.549,0.84931,0.84936,1.00,1.50
2017.11.22 03:08:14.905,0.84932,0.84938,1.00,1.75
2017.11.22 03:08:15.461,0.84933,0.84937,1.00,1.00
2017.11.22 03:08:20.599,0.84933,0.84937,1.00,1.00
2017.11.22 03:08:25.357,0.84932,0.84937,1.00,1.50
2017.11.22 03:08:36.625,0.8493,0.84934,1.31,1.00
2017.11.22 03:08:37.192,0.84932,0.84936,1.25,1.00
2017.11.22 03:08:40.258,0.84932,0.84937,1.25,1.12
2017.11.22 03:08:40.767,0.84933,0.84938,1.25,1.12
2017.11.22 03:08:41.400,0.84933,0.84939,1.31,1.50
2017.11.22 03:08:42.776,0.84933,0.84938,1.31,1.00
2017.11.22 03:08:43.284,0.84934,0.8494,1.25,1.37
2017.11.22 03:08:44.421,0.84934,0.8494,1.25,1.12
2017.11.22 03:08:44.922,0.84933,0.8494,2.06,2.62
2017.11.22 03:08:45.411,0.84933,0.84937,1.25,1.00
2017.11.22 03:08:45.616,0.84931,0.84937,2.06,1.00
2017.11.22 03:08:46.129,0.84931,0.84936,1.25,1.00
2017.11.22 03:08:46.638,0.84931,0.84936,1.69,1.00
2017.11.22 03:08:48.214,0.84931,0.84936,1.25,1.00
2017.11.22 03:08:49.041,0.84931,0.84937,1.25,1.12
2017.11.22 03:08:49.569,0.8493,0.84937,2.81,1.12
2017.11.22 03:08:50.362,0.8493,0.84936,2.06,1.00
2017.11.22 03:08:51.918,0.84931,0.84936,1.25,1.00
2017.11.22 03:08:52.441,0.84931,0.84937,1.31,1.00
2017.11.22 03:08:59.089,0.84931,0.84935,1.31,1.00
2017.11.22 03:09:03.464,0.84932,0.84936,1.25,1.00
2017.11.22 03:09:03.985,0.84931,0.84935,1.25,1.00
2017.11.22 03:09:04.505,0.8493,0.84934,2.06,1.00
2017.11.22 03:09:06.591,0.8493,0.84936,2.06,1.50
2017.11.22 03:09:08.659,0.84931,0.84936,1.25,1.00
2017.11.22 03:09:09.178,0.84931,0.84937,1.31,1.12
2017.11.22 03:09:10.111,0.84932,0.84937,1.25,1.12
2017.11.22 03:09:10.214,0.84932,0.84936,1.25,1.00
2017.11.22 03:09:11.973,0.84933,0.84937,1.25,1.87
2017.11.22 03:09:14.068,0.84932,0.84936,1.25,1.00
2017.11.22 03:09:19.987,0.84932,0.84936,1.25,1.12
2017.11.22 03:09:21.117,0.84932,0.84936,1.25,1.12
2017.11.22 03:09:22.598,0.84933,0.84937,1.00,1.50
2017.11.22 03:09:24.772,0.84933,0.84937,1.00,1.12
2017.11.22 03:09:25.285,0.84934,0.84938,1.00,1.50
2017.11.22 03:09:28.879,0.84933,0.84938,1.00,1.50
2017.11.22 03:09:29.780,0.84932,0.84937,1.25,1.50
2017.11.22 03:09:30.914,0.84933,0.84938,1.00,1.50
2017.11.22 03:09:31.017,0.84935,0.84939,1.00,1.50
2017.11.22 03:09:34.366,0.84933,0.84937,1.00,1.00
2017.11.22 03:09:34.905,0.84934,0.84938,1.00,1.12
2017.11.22 03:09:35.468,0.84934,0.84938,1.00,1.12
2017.11.22 03:09:36.165,0.84935,0.84939,1.00,1.87
2017.11.22 03:09:37.937,0.84935,0.84939,1.00,1.87
2017.11.22 03:09:39.496,0.84936,0.8494,1.00,1.50
2017.11.22 03:09:40.006,0.84937,0.84941,1.00,1.12
2017.11.22 03:09:40.533,0.84937,0.84942,1.00,1.87
2017.11.22 03:09:43.952,0.84936,0.84941,1.00,3.37
2017.11.22 03:09:44.496,0.84935,0.84939,1.00,1.50
2017.11.22 03:09:46.226,0.84934,0.84938,1.00,1.00
2017.11.22 03:09:48.620,0.84935,0.84939,1.00,1.87
2017.11.22 03:09:51.261,0.84936,0.84941,1.25,1.00
2017.11.22 03:09:51.312,0.84941,0.84945,1.00,1.25
2017.11.22 03:09:51.364,0.84943,0.84947,1.00,1.00
2017.11.22 03:09:51.416,0.84945,0.84949,1.00,1.00
2017.11.22 03:09:51.518,0.84942,0.84949,1.31,1.50
2017.11.22 03:09:53.283,0.84943,0.8495,1.87,1.00
2017.11.22 03:09:53.871,0.84944,0.84951,1.12,2.06
2017.11.22 03:09:54.823,0.84947,0.84952,1.00,1.31
2017.11.22 03:10:00.190,0.84947,0.84952,1.00,1.87
2017.11.22 03:10:00.717,0.84946,0.8495,1.00,1.00
2017.11.22 03:10:01.249,0.84947,0.84951,1.00,1.00
2017.11.22 03:10:01.772,0.84947,0.84952,1.00,1.50
2017.11.22 03:10:02.609,0.84947,0.84951,1.00,1.00
2017.11.22 03:10:03.362,0.84948,0.84952,1.00,1.12
2017.11.22 03:10:04.008,0.84948,0.84953,1.00,1.87
2017.11.22 03:10:05.009,0.84948,0.84952,1.00,1.00
2017.11.22 03:10:05.614,0.84949,0.84953,1.00,1.12
2017.11.22 03:10:07.586,0.84948,0.84952,1.00,1.00
2017.11.22 03:10:08.122,0.84948,0.84953,1.00,1.00
2017.11.22 03:10:08.713,0.84948,0.84952,1.00,1.00
2017.11.22 03:10:10.323,0.84947,0.84952,1.25,1.12
2017.11.22 03:10:13.800,0.84948,0.84952,1.00,1.12
2017.11.22 03:10:14.746,0.84949,0.84953,1.00,1.69
2017.11.22 03:10:15.287,0.84948,0.84953,1.00,1.69
2017.11.22 03:10:16.536,0.84948,0.84954,1.00,1.69
2017.11.22 03:10:17.404,0.84945,0.84952,2.25,1.00
2017.11.22 03:10:17.913,0.84944,0.84951,2.81,1.00
2017.11.22 03:10:20.194,0.84945,0.84952,1.50,1.00
2017.11.22 03:10:30.358,0.84946,0.84953,1.25,1.12
2017.11.22 03:10:30.888,0.84946,0.84953,2.81,1.12
2017.11.22 03:10:31.403,0.84947,0.84954,3.56,1.12
2017.11.22 03:10:31.952,0.84946,0.84953,2.06,1.00
2017.11.22 03:10:32.532,0.84946,0.84952,2.06,1.00
2017.11.22 03:10:34.753,0.84946,0.84951,2.06,1.00
2017.11.22 03:10:35.858,0.84948,0.84953,1.25,1.00
2017.11.22 03:10:36.114,0.84949,0.84954,2.06,1.00
2017.11.22 03:10:36.623,0.84949,0.84955,2.06,1.00
2017.11.22 03:10:37.295,0.84949,0.84956,2.81,1.00
2017.11.22 03:10:37.959,0.8495,0.84955,1.25,1.00
2017.11.22 03:10:38.482,0.84947,0.84951,1.25,1.00
2017.11.22 03:10:38.994,0.84948,0.84954,1.00,1.75
2017.11.22 03:10:39.855,0.84948,0.84954,1.00,1.50
2017.11.22 03:10:40.419,0.8495,0.84956,1.12,2.06
2017.11.22 03:10:40.727,0.84953,0.84959,1.00,3.19
2017.11.22 03:10:41.308,0.84952,0.84959,1.00,3.94
2017.11.22 03:10:41.637,0.84949,0.84955,1.31,1.00
2017.11.22 03:10:45.758,0.84953,0.84958,1.00,1.12
2017.11.22 03:10:46.090,0.84952,0.84958,1.00,1.87
2017.11.22 03:10:47.357,0.84951,0.84957,1.00,1.75
2017.11.22 03:10:47.539,0.84953,0.84957,1.00,1.12
2017.11.22 03:10:51.578,0.84953,0.84958,1.00,2.44
2017.11.22 03:10:53.321,0.84952,0.84957,1.00,1.50
2017.11.22 03:10:53.861,0.84953,0.84957,1.00,1.50
2017.11.22 03:10:54.367,0.84952,0.84957,1.00,1.50
2017.11.22 03:10:54.912,0.84952,0.84957,1.00,1.50
2017.11.22 03:10:55.447,0.84953,0.84957,1.00,1.50
2017.11.22 03:10:59.498,0.84952,0.84957,1.00,1.50
2017.11.22 03:10:59.907,0.84948,0.84953,1.00,2.25
2017.11.22 03:11:00.062,0.84946,0.8495,1.50,1.12
2017.11.22 03:11:02.041,0.8495,0.84954,1.00,1.25
2017.11.22 03:11:02.143,0.84952,0.84957,1.00,2.62
2017.11.22 03:11:02.195,0.84951,0.84957,1.12,2.25
2017.11.22 03:11:02.348,0.8495,0.84954,1.00,1.25
2017.11.22 03:11:02.919,0.84949,0.84955,1.12,2.59
2017.11.22 03:11:03.425,0.8495,0.84954,1.00,1.00
2017.11.22 03:11:10.787,0.8495,0.84955,1.00,1.69
2017.11.22 03:11:11.299,0.84951,0.84955,1.00,1.69
2017.11.22 03:11:18.632,0.84951,0.84955,1.00,1.50
2017.11.22 03:11:18.887,0.84955,0.8496,2.25,1.00
2017.11.22 03:11:18.939,0.84957,0.84961,1.31,1.12
2017.11.22 03:11:18.990,0.84956,0.84963,2.44,1.00
2017.11.22 03:11:19.042,0.84961,0.84965,1.00,3.37
2017.11.22 03:11:19.420,0.84956,0.84963,1.12,2.25
2017.11.22 03:11:19.472,0.84956,0.84963,1.69,1.00
2017.11.22 03:11:19.524,0.84961,0.84965,1.00,2.62
2017.11.22 03:11:20.530,0.84961,0.84965,1.00,1.12
2017.11.22 03:11:21.641,0.84959,0.84965,1.00,1.75
2017.11.22 03:11:21.860,0.84959,0.84964,1.00,1.05
2017.11.22 03:11:22.012,0.84962,0.84966,1.00,1.69
2017.11.22 03:11:22.321,0.84956,0.8496,3.94,1.00
2017.11.22 03:11:22.629,0.84955,0.84959,1.87,1.00
2017.11.22 03:11:22.859,0.84952,0.84956,1.50,1.00
2017.11.22 03:11:23.115,0.84949,0.84953,1.50,1.00
2017.11.22 03:11:27.390,0.8495,0.84954,1.12,1.00
2017.11.22 03:11:27.871,0.8495,0.84957,1.87,2.81
2017.11.22 03:11:31.350,0.84948,0.84954,3.00,1.19
2017.11.22 03:11:31.461,0.84947,0.84953,1.00,1.69
2017.11.22 03:11:32.927,0.84947,0.84953,1.00,1.69
2017.11.22 03:11:33.029,0.84946,0.8495,1.12,1.00
2017.11.22 03:11:33.330,0.84947,0.84953,2.44,1.00
2017.11.22 03:11:35.681,0.84947,0.84951,1.69,1.00
2017.11.22 03:11:35.992,0.84947,0.84951,1.00,1.00
2017.11.22 03:11:36.727,0.84946,0.8495,1.50,1.00
2017.11.22 03:11:44.059,0.84947,0.84953,2.06,1.00
2017.11.22 03:11:44.163,0.84948,0.84952,1.87,1.00
2017.11.22 03:11:44.215,0.84951,0.84955,1.00,1.00
2017.11.22 03:11:44.837,0.84949,0.84953,1.69,1.00
2017.11.22 03:11:50.719,0.84949,0.84954,1.69,1.00
2017.11.22 03:11:51.181,0.84948,0.84952,1.31,1.00
2017.11.22 03:11:53.936,0.84948,0.84952,1.00,1.00
2017.11.22 03:11:55.275,0.8495,0.84956,1.00,3.19
2017.11.22 03:11:55.692,0.84951,0.84958,1.00,2.06
2017.11.22 03:11:55.794,0.84949,0.84955,2.81,1.12
2017.11.22 03:11:56.208,0.8495,0.84957,1.69,1.12
2017.11.22 03:11:56.752,0.84951,0.84958,1.50,1.69
2017.11.22 03:11:57.300,0.84952,0.84959,1.00,2.81
2017.11.22 03:11:59.535,0.84954,0.8496,1.00,2.44
2017.11.22 03:11:59.891,0.84955,0.84961,1.00,1.30
2017.11.22 03:12:00.449,0.84956,0.84962,1.00,1.28
2017.11.22 03:12:01.093,0.84956,0.8496,1.00,1.00
2017.11.22 03:12:01.297,0.84954,0.84958,1.00,1.00
2017.11.22 03:12:01.450,0.84955,0.8496,1.00,1.03
2017.11.22 03:12:01.706,0.84954,0.8496,1.00,1.19
2017.11.22 03:12:02.215,0.84953,0.84958,1.00,1.25
2017.11.22 03:12:02.814,0.84954,0.84958,1.00,1.25
2017.11.22 03:12:03.335,0.84954,0.84959,1.37,1.25
2017.11.22 03:12:03.437,0.84952,0.84957,1.12,1.00
2017.11.22 03:12:03.987,0.84952,0.84956,1.00,1.00
2017.11.22 03:12:04.554,0.84952,0.84957,1.00,1.12
2017.11.22 03:12:04.961,0.84951,0.84957,1.50,1.31
2017.11.22 03:12:05.166,0.8495,0.84954,1.00,1.00
2017.11.22 03:12:05.727,0.8495,0.84955,1.00,1.69
2017.11.22 03:12:06.444,0.84949,0.84955,1.50,1.69
2017.11.22 03:12:08.132,0.84949,0.84955,1.00,1.87
2017.11.22 03:12:08.938,0.84949,0.84955,1.00,1.87
2017.11.22 03:12:10.030,0.84949,0.84954,1.00,1.00
2017.11.22 03:12:21.385,0.84948,0.84953,1.00,1.31
2017.11.22 03:12:28.387,0.84947,0.84952,1.00,1.75
2017.11.22 03:12:28.542,0.84941,0.84945,1.25,1.12
2017.11.22 03:12:28.644,0.8494,0.84944,1.00,2.81
2017.11.22 03:12:28.747,0.84937,0.84942,1.00,1.12
2017.11.22 03:12:28.849,0.84937,0.84943,1.69,1.87
2017.11.22 03:12:29.457,0.84937,0.84941,1.25,1.12
2017.11.22 03:12:31.076,0.84935,0.84939,1.69,1.00
2017.11.22 03:12:31.230,0.84935,0.84939,1.25,1.00
2017.11.22 03:12:31.787,0.84935,0.8494,1.19,1.50
2017.11.22 03:12:32.445,0.84935,0.84937,1.00,1.00
2017.11.22 03:12:33.099,0.84935,0.84939,1.69,1.00
2017.11.22 03:12:33.354,0.84937,0.84943,1.19,1.87
2017.11.22 03:12:37.666,0.84937,0.84943,1.19,1.00
2017.11.22 03:12:46.924,0.84937,0.84943,1.19,1.00
2017.11.22 03:12:49.795,0.84937,0.84943,1.19,1.12
2017.11.22 03:12:54.816,0.84935,0.8494,1.31,1.00
2017.11.22 03:12:55.317,0.84935,0.84942,2.06,1.00
2017.11.22 03:12:55.857,0.84935,0.84943,2.06,1.12
2017.11.22 03:12:56.566,0.84937,0.84943,1.00,1.12
2017.11.22 03:13:03.712,0.84937,0.84944,1.69,1.87
2017.11.22 03:13:04.299,0.8494,0.84944,1.00,1.12
2017.11.22 03:13:04.481,0.8494,0.84946,1.12,1.37
2017.11.22 03:13:04.534,0.84943,0.84948,1.00,2.62
2017.11.22 03:13:04.585,0.84941,0.84948,1.25,1.87
2017.11.22 03:13:06.010,0.8494,0.84948,3.19,2.62
2017.11.22 03:13:08.780,0.8494,0.84948,3.19,1.75
2017.11.22 03:13:10.032,0.8494,0.84948,2.44,2.25
2017.11.22 03:13:10.292,0.84942,0.84946,1.00,1.37
2017.11.22 03:13:10.598,0.8494,0.84944,1.00,1.00
2017.11.22 03:13:10.650,0.8494,0.84944,1.00,1.12
2017.11.22 03:13:11.195,0.84939,0.84948,2.06,3.19
2017.11.22 03:13:11.496,0.84941,0.84948,1.00,2.44
2017.11.22 03:13:12.152,0.8494,0.84948,1.00,2.44
2017.11.22 03:13:12.204,0.84943,0.84948,1.00,2.44
2017.11.22 03:13:15.916,0.8494,0.84948,1.50,2.06
2017.11.22 03:13:16.068,0.84943,0.84948,1.00,2.06
2017.11.22 03:13:18.527,0.84939,0.84944,1.25,1.50
2017.11.22 03:13:18.832,0.84941,0.84946,1.00,1.87
2017.11.22 03:13:18.935,0.84942,0.84948,1.00,4.31
2017.11.22 03:13:19.450,0.84943,0.84948,1.00,2.44
2017.11.22 03:13:22.449,0.84942,0.84946,1.00,1.00
2017.11.22 03:13:22.963,0.84942,0.84946,1.00,1.50
2017.11.22 03:13:26.917,0.84942,0.84946,1.00,1.00
2017.11.22 03:13:29.268,0.84942,0.84946,1.00,1.12
2017.11.22 03:13:30.128,0.8494,0.84945,1.00,1.37
2017.11.22 03:13:31.320,0.84939,0.84945,1.25,1.50
2017.11.22 03:13:31.863,0.84938,0.84943,1.19,1.00
2017.11.22 03:13:36.388,0.84938,0.84943,1.00,1.00
2017.11.22 03:13:37.500,0.84938,0.84942,1.00,1.00
2017.11.22 03:13:39.287,0.84937,0.84942,1.00,1.37
2017.11.22 03:13:39.810,0.84938,0.84943,1.00,1.50
2017.11.22 03:13:40.830,0.84938,0.84943,1.25,1.12
2017.11.22 03:13:51.202,0.84938,0.84942,1.25,1.00
2017.11.22 03:13:51.415,0.84937,0.84939,1.00,1.00
2017.11.22 03:13:51.517,0.84936,0.8494,1.00,1.50
2017.11.22 03:13:54.601,0.84935,0.84939,1.31,1.12
2017.11.22 03:13:56.511,0.84934,0.84938,2.06,1.00
2017.11.22 03:13:57.260,0.84935,0.84939,1.25,1.12
2017.11.22 03:14:00.284,0.84934,0.84939,2.06,1.37
2017.11.22 03:14:01.362,0.84935,0.84939,1.25,1.12
2017.11.22 03:14:12.520,0.84933,0.8494,2.44,1.12
2017.11.22 03:14:12.691,0.84931,0.84937,2.06,1.12
2017.11.22 03:14:16.104,0.84932,0.84937,1.00,1.37
2017.11.22 03:14:17.560,0.84931,0.84937,2.06,1.37
2017.11.22 03:14:18.306,0.84932,0.84937,1.00,1.37
2017.11.22 03:14:19.176,0.84932,0.84938,1.00,1.37
2017.11.22 03:14:19.227,0.84934,0.8494,1.31,1.12
2017.11.22 03:14:20.485,0.84933,0.8494,1.69,1.87
2017.11.22 03:14:22.606,0.84933,0.8494,1.31,2.25
2017.11.22 03:14:23.151,0.84934,0.8494,1.69,1.12
2017.11.22 03:14:23.406,0.84936,0.84941,1.19,1.00
2017.11.22 03:14:23.974,0.84936,0.84942,1.25,1.12
2017.11.22 03:14:25.830,0.84935,0.8494,1.69,1.50
2017.11.22 03:14:25.932,0.84934,0.84939,1.25,1.00
2017.11.22 03:14:26.187,0.84936,0.84942,1.00,1.87
2017.11.22 03:14:27.430,0.84935,0.84942,1.12,3.56
2017.11.22 03:14:27.779,0.84933,0.84939,1.50,1.87
2017.11.22 03:14:28.085,0.84929,0.84933,1.00,1.00
2017.11.22 03:14:28.416,0.84931,0.84934,1.00,1.12
2017.11.22 03:14:28.468,0.84927,0.84933,1.00,1.75
2017.11.22 03:14:28.625,0.84928,0.84933,1.00,1.00
2017.11.22 03:14:28.676,0.8493,0.84934,1.00,2.25
2017.11.22 03:14:29.184,0.8493,0.84935,1.00,2.62
2017.11.22 03:14:29.490,0.84935,0.84939,1.00,1.00
2017.11.22 03:14:29.819,0.84931,0.84935,1.00,1.00
2017.11.22 03:14:30.575,0.84934,0.84938,1.00,1.50
2017.11.22 03:14:30.678,0.84936,0.84941,1.00,3.00
2017.11.22 03:14:30.831,0.84934,0.84941,1.25,3.00
2017.11.22 03:14:31.463,0.84936,0.84941,1.00,2.25
2017.11.22 03:14:32.280,0.84937,0.84941,1.00,1.12
2017.11.22 03:14:32.802,0.84937,0.84941,1.00,1.00
2017.11.22 03:14:33.314,0.84936,0.84941,1.00,1.37
2017.11.22 03:14:35.420,0.84936,0.84941,1.00,1.12
2017.11.22 03:14:35.978,0.84936,0.8494,1.00,1.00
2017.11.22 03:14:36.801,0.84935,0.84941,1.00,1.87
2017.11.22 03:14:39.413,0.84936,0.8494,1.00,1.00
2017.11.22 03:14:39.464,0.84937,0.84943,1.00,3.19
2017.11.22 03:14:39.567,0.84939,0.84943,1.00,1.31
2017.11.22 03:14:40.109,0.84939,0.84944,1.00,1.00
2017.11.22 03:14:40.941,0.84939,0.84945,1.00,2.62
2017.11.22 03:14:43.195,0.8494,0.84944,1.00,1.12
2017.11.22 03:14:43.725,0.8494,0.84945,1.00,1.50
2017.11.22 03:14:45.399,0.84941,0.84947,1.00,1.94
2017.11.22 03:14:45.450,0.84941,0.84945,1.00,1.00
2017.11.22 03:14:45.553,0.84941,0.84945,1.00,1.50
2017.11.22 03:14:47.511,0.84938,0.84945,2.06,1.50
2017.11.22 03:14:58.622,0.84939,0.84946,2.81,1.12
2017.11.22 03:15:05.954,0.84939,0.84945,1.69,1.12
2017.11.22 03:15:06.457,0.84939,0.84946,3.56,1.12
2017.11.22 03:15:07.794,0.84939,0.84945,2.06,1.00
2017.11.22 03:15:07.845,0.84939,0.84945,1.31,1.00
2017.11.22 03:15:08.363,0.84937,0.84944,2.44,1.50
2017.11.22 03:15:11.044,0.84937,0.84944,2.06,1.00
2017.11.22 03:15:11.851,0.84938,0.84945,1.12,2.06
2017.11.22 03:15:13.719,0.84937,0.84943,1.50,1.31
2017.11.22 03:15:14.261,0.84936,0.84943,1.87,2.44
2017.11.22 03:15:16.030,0.84936,0.84942,1.50,2.06
2017.11.22 03:15:16.982,0.84935,0.84942,1.50,3.56
2017.11.22 03:15:18.945,0.84935,0.84942,1.87,1.31
2017.11.22 03:15:20.102,0.84934,0.84939,2.44,1.00
2017.11.22 03:15:20.510,0.84934,0.84941,1.00,2.44
2017.11.22 03:15:21.020,0.84935,0.84941,1.00,1.25
2017.11.22 03:15:21.541,0.84935,0.84942,1.50,1.19
2017.11.22 03:15:22.638,0.84936,0.84943,1.50,1.31
2017.11.22 03:15:23.966,0.84936,0.84943,1.50,1.31
2017.11.22 03:15:25.366,0.84936,0.84943,1.50,1.19
2017.11.22 03:15:25.881,0.84937,0.84944,1.87,1.19
2017.11.22 03:15:26.830,0.84938,0.84944,1.00,1.19
2017.11.22 03:15:27.968,0.84937,0.84944,2.44,1.00
2017.11.22 03:15:28.223,0.84941,0.84946,1.00,2.06
2017.11.22 03:15:28.887,0.84942,0.84946,1.00,2.06
2017.11.22 03:15:30.108,0.84941,0.84945,1.00,1.12
2017.11.22 03:15:30.758,0.84941,0.84946,1.00,2.06
2017.11.22 03:15:31.066,0.8494,0.84945,1.00,1.69
2017.11.22 03:15:31.574,0.84939,0.84945,1.00,2.81
2017.11.22 03:15:32.119,0.84939,0.84945,1.00,3.19
2017.11.22 03:15:37.898,0.84937,0.84943,1.00,2.06
2017.11.22 03:15:38.437,0.84938,0.84943,1.00,2.81
2017.11.22 03:15:40.062,0.84935,0.84939,1.12,1.00
2017.11.22 03:15:40.114,0.84935,0.8494,1.00,1.69
2017.11.22 03:15:40.216,0.84937,0.84942,1.00,3.19
2017.11.22 03:15:40.472,0.84939,0.84944,1.31,1.87
2017.11.22 03:15:40.626,0.84947,0.84951,1.00,1.00
2017.11.22 03:15:40.880,0.84949,0.84953,1.00,1.25
2017.11.22 03:15:41.082,0.84947,0.84953,1.00,1.19
2017.11.22 03:15:41.186,0.84949,0.84953,1.00,1.25
2017.11.22 03:15:41.339,0.84947,0.84953,1.00,1.69
2017.11.22 03:15:42.019,0.84948,0.84953,1.00,1.25
2017.11.22 03:15:43.299,0.8495,0.84954,1.00,1.31
2017.11.22 03:15:43.822,0.84949,0.84955,1.00,2.06
2017.11.22 03:15:44.882,0.84948,0.84954,1.00,1.31
2017.11.22 03:15:45.137,0.84951,0.84956,1.00,2.81
2017.11.22 03:15:45.704,0.8495,0.84957,1.00,3.19
2017.11.22 03:15:46.495,0.84952,0.84957,1.00,2.44
2017.11.22 03:15:48.199,0.8495,0.84957,1.00,3.56
2017.11.22 03:15:48.708,0.84949,0.84956,1.00,2.06
2017.11.22 03:15:50.185,0.84947,0.84954,2.62,1.19
2017.11.22 03:15:51.266,0.84948,0.84955,1.12,1.19
2017.11.22 03:15:55.103,0.84946,0.84953,1.50,3.19
2017.11.22 03:15:55.513,0.84946,0.84952,1.00,1.12
2017.11.22 03:16:02.152,0.84945,0.84952,4.31,2.25
2017.11.22 03:16:02.256,0.84945,0.84952,2.06,2.25
2017.11.22 03:16:04.835,0.84945,0.84951,1.69,1.50
2017.11.22 03:16:07.241,0.84945,0.84952,2.06,1.50
2017.11.22 03:16:07.811,0.84946,0.84952,1.31,1.50
2017.11.22 03:16:09.148,0.84946,0.84953,1.69,1.50
2017.11.22 03:16:18.717,0.84946,0.84952,1.69,1.12
2017.11.22 03:16:25.908,0.84946,0.84952,1.56,1.12
2017.11.22 03:16:26.978,0.84948,0.84954,1.00,1.85
2017.11.22 03:16:32.789,0.84947,0.84955,1.25,2.32
2017.11.22 03:16:32.842,0.84942,0.84949,1.69,2.62
2017.11.22 03:16:33.352,0.84942,0.84946,1.00,1.00
2017.11.22 03:16:33.979,0.84942,0.84947,1.00,1.50
2017.11.22 03:16:35.083,0.84943,0.84947,1.00,1.50
2017.11.22 03:16:36.072,0.84944,0.84948,1.00,1.00
2017.11.22 03:16:36.588,0.84943,0.84949,2.06,1.26
2017.11.22 03:16:37.099,0.84944,0.84949,1.25,1.56
2017.11.22 03:16:37.611,0.84944,0.84949,1.25,1.56
2017.11.22 03:16:37.918,0.84945,0.84949,1.69,1.18
2017.11.22 03:16:40.491,0.84945,0.84949,1.69,1.18
2017.11.22 03:16:40.811,0.84949,0.84955,1.00,4.31
2017.11.22 03:16:41.712,0.84945,0.84953,1.69,2.62
2017.11.22 03:16:43.859,0.84946,0.84953,1.25,1.12
2017.11.22 03:16:44.499,0.84947,0.84953,1.00,1.12
2017.11.22 03:16:45.512,0.84945,0.84952,1.69,1.12
2017.11.22 03:16:46.146,0.84947,0.84951,1.00,1.00
2017.11.22 03:16:50.289,0.84946,0.8495,1.00,1.00
2017.11.22 03:16:50.794,0.84945,0.84951,1.25,1.75
2017.11.22 03:16:56.018,0.84946,0.8495,1.00,1.12
2017.11.22 03:16:59.606,0.84943,0.84951,1.69,1.75
2017.11.22 03:17:00.115,0.84944,0.8495,1.19,1.12
2017.11.22 03:17:00.670,0.84945,0.84949,1.25,1.00
2017.11.22 03:17:09.037,0.84945,0.8495,1.25,1.37
2017.11.22 03:17:09.646,0.84946,0.8495,1.00,1.00
2017.11.22 03:17:09.952,0.84946,0.84952,1.00,1.50
2017.11.22 03:17:10.004,0.84946,0.84952,1.69,1.50
2017.11.22 03:17:12.067,0.8495,0.84956,1.25,1.75
2017.11.22 03:17:12.171,0.84954,0.8496,1.00,2.44
2017.11.22 03:17:12.315,0.84955,0.84962,1.00,2.44
2017.11.22 03:17:12.658,0.84957,0.84961,1.00,1.37
2017.11.22 03:17:13.250,0.84957,0.84961,1.00,1.58
2017.11.22 03:17:13.895,0.84957,0.84961,1.00,1.00
2017.11.22 03:17:15.282,0.84958,0.84963,1.00,1.50
2017.11.22 03:17:15.553,0.84954,0.84963,2.81,2.25
2017.11.22 03:17:18.035,0.84959,0.84963,1.00,1.12
2017.11.22 03:17:20.052,0.84955,0.84963,1.31,2.25
2017.11.22 03:17:20.395,0.84959,0.84963,1.00,1.87
2017.11.22 03:17:20.915,0.84957,0.84963,1.00,2.25
2017.11.22 03:17:23.485,0.84955,0.84962,1.25,1.87
2017.11.22 03:17:23.912,0.84954,0.84962,1.69,1.87
2017.11.22 03:17:24.680,0.84953,0.84958,1.31,1.37
2017.11.22 03:17:24.987,0.84951,0.84957,1.00,1.75
2017.11.22 03:17:25.534,0.8495,0.84956,1.25,1.75
2017.11.22 03:17:26.057,0.84949,0.84956,1.69,1.75
2017.11.22 03:17:26.603,0.8495,0.84956,1.25,1.75
2017.11.22 03:17:28.162,0.84949,0.84955,1.19,1.87
2017.11.22 03:17:28.716,0.8495,0.84955,1.25,2.25
2017.11.22 03:17:30.367,0.84948,0.84955,1.25,1.87
2017.11.22 03:17:30.965,0.84949,0.84954,1.00,1.50
2017.11.22 03:17:40.108,0.84948,0.84954,1.25,1.75
2017.11.22 03:17:43.286,0.8495,0.84956,1.00,1.87
2017.11.22 03:17:43.820,0.8495,0.84957,1.25,1.87
2017.11.22 03:17:49.090,0.84951,0.84957,1.00,1.87
2017.11.22 03:18:00.051,0.8495,0.84957,1.25,1.75
2017.11.22 03:18:00.916,0.8495,0.84956,1.25,1.87
2017.11.22 03:18:05.421,0.8495,0.84956,1.00,2.06
2017.11.22 03:18:12.849,0.84951,0.84955,1.00,1.00
2017.11.22 03:18:13.343,0.84952,0.84956,1.31,1.00
2017.11.22 03:18:13.974,0.84954,0.84958,1.00,1.00
2017.11.22 03:18:14.313,0.84954,0.8496,1.00,2.62
2017.11.22 03:18:14.365,0.84953,0.8496,1.00,2.62
2017.11.22 03:18:16.506,0.84954,0.84958,1.00,1.00
2017.11.22 03:18:24.370,0.84956,0.8496,1.00,1.12
2017.11.22 03:18:25.062,0.84955,0.84961,1.00,2.81
2017.11.22 03:18:27.301,0.84956,0.84962,1.00,1.31
2017.11.22 03:18:27.353,0.8496,0.84964,1.00,1.12
2017.11.22 03:18:27.660,0.84962,0.84966,1.00,1.50
2017.11.22 03:18:28.084,0.84962,0.84966,1.00,1.00
2017.11.22 03:18:28.692,0.84963,0.84967,1.00,1.12
2017.11.22 03:18:29.811,0.84963,0.84968,1.00,1.69
2017.11.22 03:18:32.463,0.84961,0.84966,1.00,1.50
2017.11.22 03:18:32.998,0.84961,0.84965,1.00,1.00
2017.11.22 03:18:38.289,0.84959,0.84965,1.25,1.95
2017.11.22 03:18:39.368,0.84958,0.84962,1.00,1.50
2017.11.22 03:18:44.051,0.84958,0.84962,1.00,1.00
2017.11.22 03:18:44.357,0.84959,0.84963,1.00,1.00
2017.11.22 03:18:44.883,0.8496,0.84964,1.00,1.50
2017.11.22 03:18:45.486,0.84959,0.84963,1.00,1.00
2017.11.22 03:18:50.291,0.8496,0.84965,1.00,1.87
2017.11.22 03:18:50.821,0.84959,0.84964,1.00,1.37
2017.11.22 03:18:53.053,0.8496,0.84964,1.00,1.00
2017.11.22 03:18:53.574,0.84961,0.84965,1.00,1.00
2017.11.22 03:18:57.804,0.84957,0.84963,1.25,1.00
2017.11.22 03:19:04.153,0.84956,0.84962,1.69,1.00
2017.11.22 03:19:13.535,0.84956,0.84962,2.06,1.00
2017.11.22 03:19:14.261,0.84956,0.84963,2.06,1.50
2017.11.22 03:19:15.367,0.84956,0.84963,1.31,1.87
2017.11.22 03:19:16.950,0.84956,0.84963,1.25,1.87
2017.11.22 03:19:24.295,0.84955,0.8496,2.06,1.00
2017.11.22 03:19:25.932,0.84955,0.84961,1.31,1.00
2017.11.22 03:19:26.542,0.84953,0.84957,3.94,1.00
2017.11.22 03:19:26.594,0.84954,0.84958,1.25,1.87
2017.11.22 03:19:27.089,0.84952,0.84956,1.69,1.00
2017.11.22 03:19:35.522,0.84951,0.84955,2.06,1.00
2017.11.22 03:19:35.804,0.8495,0.84954,1.25,1.12
2017.11.22 03:19:36.313,0.84949,0.84953,1.25,1.12
2017.11.22 03:19:37.488,0.84948,0.84952,1.25,1.00
2017.11.22 03:19:41.636,0.84947,0.84952,1.31,1.00
2017.11.22 03:19:41.876,0.84949,0.84954,1.69,1.12
2017.11.22 03:19:42.432,0.84948,0.84954,2.06,1.00
2017.11.22 03:19:44.319,0.84947,0.84951,1.69,1.00
2017.11.22 03:19:45.670,0.84947,0.84952,1.31,1.00
2017.11.22 03:19:48.674,0.84947,0.84951,1.69,1.00
2017.11.22 03:19:48.828,0.84947,0.84953,3.56,1.00
2017.11.22 03:19:48.880,0.84947,0.84952,2.81,1.00
2017.11.22 03:19:49.421,0.84947,0.84952,1.19,1.00
2017.11.22 03:19:49.959,0.84947,0.84951,1.00,1.00
2017.11.22 03:19:53.106,0.84945,0.84949,2.06,1.00
2017.11.22 03:20:00.984,0.84945,0.8495,2.06,1.00
2017.11.22 03:20:01.596,0.84945,0.84949,2.06,1.00
2017.11.22 03:20:05.646,0.84944,0.84948,2.06,1.00
2017.11.22 03:20:06.159,0.84944,0.84949,2.06,1.12
2017.11.22 03:20:06.910,0.84945,0.84952,1.31,1.75
2017.11.22 03:20:08.812,0.84946,0.84953,1.00,2.47
2017.11.22 03:20:11.346,0.84948,0.84954,1.12,1.50
2017.11.22 03:20:11.398,0.84952,0.84957,1.00,4.12
2017.11.22 03:20:11.500,0.84952,0.84958,1.00,1.69
2017.11.22 03:20:11.552,0.84954,0.84959,1.00,2.44
2017.11.22 03:20:12.280,0.84953,0.84958,1.00,1.50
2017.11.22 03:20:12.649,0.84954,0.84959,1.00,1.87
2017.11.22 03:20:19.740,0.84955,0.8496,1.00,1.69
2017.11.22 03:20:19.843,0.84957,0.84961,1.00,1.00
2017.11.22 03:20:19.998,0.84958,0.84963,1.00,1.00
2017.11.22 03:20:20.540,0.84959,0.84963,1.00,1.00
2017.11.22 03:20:22.162,0.84958,0.84963,1.00,1.12
2017.11.22 03:20:22.709,0.84958,0.84962,1.00,1.00
2017.11.22 03:20:25.007,0.84957,0.84962,1.50,1.50
2017.11.22 03:20:26.786,0.84957,0.84962,1.00,1.57
2017.11.22 03:20:27.292,0.84957,0.84961,1.31,1.00
2017.11.22 03:20:27.344,0.84959,0.84963,1.00,1.12
2017.11.22 03:20:27.882,0.84959,0.84964,1.00,1.50
2017.11.22 03:20:28.435,0.84958,0.84963,1.00,1.12
2017.11.22 03:20:29.206,0.84958,0.84962,1.00,1.00
2017.11.22 03:20:29.985,0.84957,0.84961,1.00,1.00
2017.11.22 03:20:30.292,0.8495,0.84954,3.19,1.12
2017.11.22 03:20:30.627,0.84952,0.84958,1.00,3.00
2017.11.22 03:20:30.679,0.84954,0.84958,1.00,1.87
2017.11.22 03:20:31.259,0.84954,0.84958,1.00,1.12
2017.11.22 03:20:31.433,0.84952,0.84957,1.00,1.50
2017.11.22 03:20:31.999,0.84952,0.84957,1.00,1.69
2017.11.22 03:20:32.457,0.84955,0.84959,1.00,1.25
2017.11.22 03:20:32.560,0.84955,0.8496,1.50,1.12
2017.11.22 03:20:33.163,0.84955,0.8496,1.00,1.31
2017.11.22 03:20:33.975,0.84955,0.8496,1.00,1.12
2017.11.22 03:20:37.591,0.84955,0.8496,1.00,1.50
2017.11.22 03:20:38.110,0.84954,0.84959,1.00,2.06
2017.11.22 03:20:39.055,0.84954,0.84958,1.00,1.00
2017.11.22 03:20:39.363,0.84952,0.84958,1.00,1.87
2017.11.22 03:20:39.414,0.84954,0.84958,1.00,1.12
2017.11.22 03:20:40.099,0.84955,0.84959,1.00,1.87
2017.11.22 03:20:42.666,0.84955,0.8496,1.00,1.50
2017.11.22 03:20:46.696,0.84954,0.84959,1.00,1.87
2017.11.22 03:20:47.242,0.84954,0.84959,1.00,1.50
2017.11.22 03:20:47.841,0.84953,0.84958,1.00,1.50
2017.11.22 03:20:48.384,0.84954,0.84959,1.00,1.50
2017.11.22 03:20:49.252,0.84955,0.84959,1.00,1.50
2017.11.22 03:20:50.000,0.84954,0.84958,1.00,1.12
2017.11.22 03:20:50.532,0.84953,0.84958,1.00,1.87
2017.11.22 03:20:51.320,0.84952,0.84958,1.00,1.75
2017.11.22 03:20:53.733,0.84953,0.84957,1.00,1.50
2017.11.22 03:20:54.261,0.84953,0.84958,1.25,1.50
2017.11.22 03:20:54.896,0.84953,0.84958,1.19,1.50
2017.11.22 03:20:55.254,0.84951,0.84955,2.44,1.12
2017.11.22 03:20:55.305,0.84953,0.84957,1.00,1.12
2017.11.22 03:20:55.939,0.84954,0.84958,1.00,1.10
2017.11.22 03:20:58.998,0.84955,0.8496,1.00,1.37
2017.11.22 03:20:59.202,0.84957,0.84964,1.00,3.94
2017.11.22 03:20:59.305,0.84959,0.84965,1.00,3.56
2017.11.22 03:20:59.458,0.8496,0.84965,1.00,2.25
2017.11.22 03:21:00.256,0.84958,0.84961,1.69,1.00
2017.11.22 03:21:00.359,0.84958,0.84963,1.00,1.12
2017.11.22 03:21:00.410,0.8496,0.84964,1.00,1.87
2017.11.22 03:21:00.462,0.84961,0.84967,1.00,4.69
2017.11.22 03:21:00.615,0.84963,0.84967,1.00,1.31
2017.11.22 03:21:03.256,0.84962,0.84967,1.00,2.25
2017.11.22 03:21:08.054,0.84962,0.84968,1.00,2.62
2017.11.22 03:21:09.243,0.84962,0.84968,1.00,1.37
2017.11.22 03:21:09.989,0.84963,0.84968,1.00,1.37
2017.11.22 03:21:20.042,0.84962,0.84966,1.25,1.00
2017.11.22 03:21:20.097,0.84957,0.84963,1.69,1.50
2017.11.22 03:21:20.251,0.84958,0.84963,1.69,1.50
2017.11.22 03:21:20.754,0.84959,0.84964,1.19,3.37
2017.11.22 03:21:21.378,0.84959,0.84964,1.00,3.37
2017.11.22 03:21:22.252,0.84961,0.84966,1.00,1.00
2017.11.22 03:21:22.303,0.84964,0.84968,1.00,1.00
2017.11.22 03:21:22.354,0.84965,0.8497,1.00,1.37
2017.11.22 03:21:23.110,0.84964,0.84968,1.00,1.00
2017.11.22 03:21:26.547,0.84963,0.84967,1.00,1.00
2017.11.22 03:21:26.701,0.84963,0.84967,1.00,1.00
2017.11.22 03:21:27.216,0.84962,0.84966,1.00,1.00
2017.11.22 03:21:27.320,0.84964,0.8497,1.00,3.94
2017.11.22 03:21:31.288,0.84964,0.8497,1.50,1.69
2017.11.22 03:21:31.809,0.84965,0.8497,1.50,1.69
2017.11.22 03:21:32.268,0.84966,0.84972,1.50,2.06
2017.11.22 03:21:32.773,0.84967,0.84971,1.00,1.00
2017.11.22 03:21:33.302,0.84967,0.84973,1.00,3.19
2017.11.22 03:21:40.623,0.84968,0.84972,1.00,1.25
2017.11.22 03:21:41.452,0.84967,0.84971,1.00,1.69
2017.11.22 03:21:46.032,0.84966,0.8497,1.00,1.00
2017.11.22 03:21:47.667,0.84967,0.84971,1.00,1.69
2017.11.22 03:21:48.328,0.84966,0.8497,1.00,1.00
2017.11.22 03:21:48.895,0.84967,0.84971,1.00,2.06
2017.11.22 03:22:00.354,0.84968,0.84972,1.00,1.87
2017.11.22 03:22:00.894,0.84967,0.84971,1.00,1.50
2017.11.22 03:22:01.061,0.84964,0.84969,1.00,1.50
2017.11.22 03:22:01.573,0.84964,0.84968,1.00,1.00
2017.11.22 03:22:03.393,0.84964,0.8497,1.69,2.62
2017.11.22 03:22:03.921,0.84965,0.8497,1.00,1.50
2017.11.22 03:22:04.556,0.84965,0.84972,2.44,3.37
2017.11.22 03:22:05.147,0.84966,0.84971,1.25,2.25
2017.11.22 03:22:05.683,0.84965,0.8497,1.25,2.25
2017.11.22 03:22:07.361,0.84965,0.84971,1.62,2.25
2017.11.22 03:22:07.896,0.84967,0.84972,1.12,1.50
2017.11.22 03:22:08.446,0.84968,0.84973,1.12,1.50
2017.11.22 03:22:08.779,0.84971,0.84975,1.25,1.00
2017.11.22 03:22:09.300,0.84971,0.84975,1.31,1.12
2017.11.22 03:22:09.595,0.84971,0.84976,2.06,1.00
2017.11.22 03:22:09.647,0.84972,0.84977,1.19,1.12
2017.11.22 03:22:10.335,0.84972,0.84976,1.25,1.00
2017.11.22 03:22:10.965,0.84971,0.84976,1.19,1.00
2017.11.22 03:22:13.247,0.84971,0.84976,1.12,1.00
2017.11.22 03:22:13.775,0.8497,0.84976,2.81,1.00
2017.11.22 03:22:14.306,0.84973,0.84977,1.25,1.00
2017.11.22 03:22:16.894,0.84973,0.84977,1.25,1.00
2017.11.22 03:22:18.515,0.84972,0.84976,1.69,1.00
2017.11.22 03:22:19.194,0.84973,0.84977,1.00,1.00
2017.11.22 03:22:19.944,0.84972,0.84976,1.69,1.00
2017.11.22 03:22:24.082,0.84973,0.84978,1.00,1.12
2017.11.22 03:22:26.418,0.84974,0.84979,1.00,1.50
2017.11.22 03:22:26.996,0.84973,0.84979,1.50,1.50
2017.11.22 03:22:27.735,0.84974,0.84979,1.00,1.50
2017.11.22 03:22:31.391,0.84973,0.84979,1.50,1.50
2017.11.22 03:22:31.993,0.84974,0.84979,1.00,1.50
2017.11.22 03:22:38.692,0.84973,0.84979,1.00,1.50
2017.11.22 03:22:39.490,0.84974,0.8498,1.00,1.87
2017.11.22 03:22:40.215,0.84973,0.8498,1.00,1.87
2017.11.22 03:22:40.945,0.84974,0.8498,1.00,1.87
2017.11.22 03:22:41.692,0.84973,0.84979,1.00,1.50
2017.11.22 03:22:45.276,0.84974,0.84981,1.00,3.45
2017.11.22 03:22:45.786,0.84975,0.84982,1.69,3.07
2017.11.22 03:22:46.391,0.84976,0.8498,1.00,1.00
2017.11.22 03:22:51.149,0.84977,0.84982,1.00,2.32
2017.11.22 03:22:51.698,0.84976,0.8498,1.69,1.00
2017.11.22 03:22:52.333,0.84975,0.84981,1.69,1.85
2017.11.22 03:22:55.314,0.84974,0.84979,1.00,2.25
2017.11.22 03:22:55.836,0.84974,0.84979,1.00,1.50
2017.11.22 03:22:56.595,0.84975,0.84979,1.00,1.50
2017.11.22 03:22:57.278,0.84974,0.84979,1.00,2.25
2017.11.22 03:23:01.602,0.84973,0.84977,1.25,1.00
2017.11.22 03:23:03.394,0.84973,0.84978,1.25,1.12
2017.11.22 03:23:05.503,0.84974,0.84979,1.00,1.50
2017.11.22 03:23:05.554,0.84976,0.84979,1.00,1.12
2017.11.22 03:23:07.221,0.84974,0.8498,1.00,2.06
2017.11.22 03:23:10.795,0.84975,0.8498,1.00,1.50
2017.11.22 03:23:11.345,0.84976,0.8498,1.00,1.00
2017.11.22 03:23:11.770,0.84978,0.84983,1.00,1.87
2017.11.22 03:23:12.336,0.84977,0.84984,1.69,4.12
2017.11.22 03:23:15.044,0.84976,0.84982,1.50,1.50
2017.11.22 03:23:16.494,0.84976,0.84982,1.50,1.50
2017.11.22 03:23:17.475,0.84975,0.84981,1.69,1.75
2017.11.22 03:23:18.075,0.84975,0.84981,1.69,1.75
2017.11.22 03:23:31.897,0.84973,0.84979,1.19,1.12
2017.11.22 03:23:32.049,0.84973,0.84979,1.25,1.75
2017.11.22 03:23:33.542,0.84972,0.84978,2.44,1.37
2017.11.22 03:23:34.069,0.84972,0.84979,2.44,2.25
2017.11.22 03:23:36.745,0.84972,0.84978,1.25,1.75
2017.11.22 03:23:37.861,0.84972,0.84978,1.25,1.50
2017.11.22 03:23:38.407,0.84973,0.84979,1.25,2.25
2017.11.22 03:23:54.287,0.84972,0.84979,2.44,2.62
2017.11.22 03:23:55.778,0.84972,0.84979,2.44,1.87
2017.11.22 03:24:14.867,0.84976,0.8498,1.25,1.10
2017.11.22 03:24:15.021,0.84978,0.84983,3.19,1.00
2017.11.22 03:24:15.422,0.84979,0.84986,1.12,1.50
2017.11.22 03:24:17.107,0.84977,0.84982,1.12,1.50
2017.11.22 03:24:17.158,0.84975,0.84981,1.69,1.75
2017.11.22 03:24:19.592,0.84976,0.84981,1.62,1.50
2017.11.22 03:24:19.697,0.84977,0.84983,1.50,1.50
2017.11.22 03:24:19.838,0.84978,0.84985,2.81,1.50
2017.11.22 03:24:20.266,0.84977,0.84982,1.50,1.50
2017.11.22 03:24:20.769,0.84977,0.84982,1.00,1.50
2017.11.22 03:24:21.425,0.84976,0.84982,1.69,1.50
2017.11.22 03:24:28.025,0.84976,0.84982,1.25,1.50
2017.11.22 03:24:30.707,0.84979,0.84984,1.25,1.50
2017.11.22 03:24:31.332,0.84979,0.84984,1.25,1.00
2017.11.22 03:24:39.308,0.84978,0.84983,1.19,1.00
2017.11.22 03:24:40.842,0.84978,0.84983,1.69,1.50
2017.11.22 03:24:40.996,0.84974,0.84979,1.50,1.00
2017.11.22 03:24:42.061,0.84973,0.84979,3.56,1.00
2017.11.22 03:24:49.851,0.84973,0.84979,3.19,1.50
2017.11.22 03:24:50.483,0.84973,0.84979,3.19,1.75
2017.11.22 03:25:00.690,0.84973,0.84978,2.06,1.00
2017.11.22 03:25:00.742,0.84974,0.84979,1.50,1.00
2017.11.22 03:25:00.793,0.84976,0.8498,1.31,1.00
2017.11.22 03:25:01.326,0.84978,0.84982,1.25,1.00
2017.11.22 03:25:01.727,0.84976,0.84982,1.31,1.00
2017.11.22 03:25:02.364,0.84977,0.84982,1.25,1.00
2017.11.22 03:25:03.736,0.84978,0.84982,1.25,1.00
2017.11.22 03:25:06.268,0.84976,0.84982,2.06,1.50
2017.11.22 03:25:06.461,0.84975,0.84979,1.25,1.00
2017.11.22 03:25:06.513,0.84973,0.84978,1.69,1.12
2017.11.22 03:25:07.024,0.84973,0.84977,1.25,1.12
2017.11.22 03:25:08.234,0.84972,0.84977,1.69,1.12
2017.11.22 03:25:08.765,0.84972,0.84976,1.69,1.00
2017.11.22 03:25:09.327,0.84972,0.84977,1.69,1.12
2017.11.22 03:25:10.005,0.84972,0.84976,1.69,1.00
2017.11.22 03:25:10.663,0.84973,0.84977,1.25,1.50
2017.11.22 03:25:13.401,0.84973,0.84977,1.25,1.50
2017.11.22 03:25:17.398,0.84972,0.84977,1.69,1.50
2017.11.22 03:25:17.925,0.84973,0.84977,1.25,1.12
2017.11.22 03:25:18.585,0.84972,0.84976,1.69,1.00
2017.11.22 03:25:20.339,0.84973,0.84977,1.25,1.12
2017.11.22 03:25:21.138,0.84973,0.84979,1.25,1.50
2017.11.22 03:25:23.288,0.84973,0.84979,1.25,2.25
2017.11.22 03:25:23.964,0.84973,0.84979,1.25,1.12
2017.11.22 03:25:24.514,0.84972,0.84979,2.81,1.87
2017.11.22 03:25:26.206,0.84972,0.84979,2.44,2.25
2017.11.22 03:25:27.347,0.84974,0.84979,1.00,1.31
2017.11.22 03:25:27.653,0.84975,0.8498,1.69,1.37
2017.11.22 03:25:28.256,0.84976,0.8498,1.00,1.00
2017.11.22 03:25:28.855,0.84975,0.84981,1.69,1.37
2017.11.22 03:25:29.166,0.84977,0.84983,1.69,2.25
2017.11.22 03:25:31.754,0.84977,0.84982,1.25,1.12
2017.11.22 03:25:32.490,0.84978,0.84983,1.69,1.50
2017.11.22 03:25:33.769,0.84975,0.8498,1.50,1.50
2017.11.22 03:25:33.946,0.84973,0.84977,2.81,1.00
2017.11.22 03:25:34.372,0.84976,0.8498,1.00,1.00
2017.11.22 03:25:34.424,0.84978,0.84982,1.00,1.00
2017.11.22 03:25:34.830,0.8498,0.84984,1.00,1.00
2017.11.22 03:25:35.336,0.8498,0.84984,2.06,1.00
2017.11.22 03:25:35.846,0.84979,0.84983,2.81,1.00
2017.11.22 03:25:36.349,0.84979,0.84983,1.00,1.00
2017.11.22 03:25:36.913,0.84978,0.84983,1.31,1.00
2017.11.22 03:25:36.966,0.8498,0.84986,1.25,1.12
2017.11.22 03:25:37.296,0.84983,0.84989,1.00,1.00
2017.11.22 03:25:37.348,0.84984,0.84991,1.00,1.50
2017.11.22 03:25:37.887,0.84983,0.8499,1.69,1.37
2017.11.22 03:25:38.605,0.84984,0.8499,1.00,1.12
2017.11.22 03:25:39.114,0.84982,0.84989,1.69,1.12
2017.11.22 03:25:40.224,0.84982,0.84989,1.69,1.50
2017.11.22 03:25:40.708,0.84981,0.84988,1.69,2.62
2017.11.22 03:25:40.759,0.84981,0.84988,1.69,2.25
2017.11.22 03:25:41.268,0.84981,0.84987,1.00,1.50
2017.11.22 03:25:41.809,0.84981,0.84987,1.00,1.87
2017.11.22 03:25:42.419,0.84981,0.84987,1.00,1.87
2017.11.22 03:25:42.737,0.84979,0.84986,1.00,3.37
2017.11.22 03:25:43.087,0.84978,0.84984,1.50,1.87
2017.11.22 03:25:47.461,0.84978,0.84985,2.44,1.87
2017.11.22 03:25:48.149,0.84978,0.84985,2.44,3.37
2017.11.22 03:25:53.717,0.84979,0.84985,1.00,1.87
2017.11.22 03:25:55.126,0.8498,0.84986,1.00,1.12
2017.11.22 03:26:02.172,0.84983,0.84988,1.00,2.06
2017.11.22 03:26:03.678,0.84983,0.84989,1.00,2.00
2017.11.22 03:26:06.019,0.8498,0.84984,1.00,1.00
2017.11.22 03:26:06.359,0.84975,0.8498,1.50,1.50
2017.11.22 03:26:09.247,0.84988,0.84993,2.81,1.00
2017.11.22 03:26:09.299,0.84991,0.84997,1.00,2.81
2017.11.22 03:26:09.352,0.84993,0.84998,1.00,3.00
2017.11.22 03:26:09.558,0.84991,0.84997,1.00,1.00
2017.11.22 03:26:10.017,0.84993,0.84999,1.00,1.12
2017.11.22 03:26:10.529,0.84992,0.84998,1.69,1.00
2017.11.22 03:26:12.366,0.84996,0.85,1.00,1.00
2017.11.22 03:26:12.519,0.84996,0.85002,1.00,2.62
2017.11.22 03:26:13.169,0.84996,0.85002,1.00,1.50
2017.11.22 03:26:13.802,0.84996,0.85002,1.00,1.87
2017.11.22 03:26:14.312,0.84995,0.85002,1.00,2.25
2017.11.22 03:26:15.085,0.84996,0.85001,1.00,1.50
2017.11.22 03:26:15.138,0.85,0.85005,1.00,2.62
2017.11.22 03:26:15.446,0.84997,0.85002,1.69,1.50
2017.11.22 03:26:15.961,0.84997,0.85002,1.69,1.12
2017.11.22 03:26:16.557,0.84998,0.85002,1.00,1.12
2017.11.22 03:26:17.107,0.84997,0.85002,1.00,1.50
2017.11.22 03:26:20.090,0.84997,0.85002,1.00,1.12
2017.11.22 03:26:20.881,0.84998,0.85002,1.00,1.00
2017.11.22 03:26:21.614,0.84998,0.85003,1.00,1.12
2017.11.22 03:26:23.541,0.84997,0.85003,1.00,1.75
2017.11.22 03:26:25.271,0.84997,0.85003,1.00,1.87
2017.11.22 03:26:26.644,0.84996,0.85003,1.00,1.75
2017.11.22 03:26:27.687,0.84997,0.85003,1.00,1.12
2017.11.22 03:26:28.228,0.84996,0.85002,1.00,1.50
2017.11.22 03:26:29.938,0.84995,0.85002,1.69,1.50
2017.11.22 03:26:30.243,0.84995,0.85002,1.69,2.62
2017.11.22 03:26:34.233,0.84994,0.84998,1.31,1.00
2017.11.22 03:26:39.790,0.84996,0.85,1.00,1.00
2017.11.22 03:26:40.408,0.84995,0.85002,1.69,1.87
2017.11.22 03:26:42.341,0.84996,0.85003,1.00,3.00
2017.11.22 03:26:44.664,0.84996,0.85001,1.00,1.37
2017.11.22 03:26:45.002,0.84993,0.85,1.69,1.75
2017.11.22 03:26:50.731,0.84994,0.85,1.00,1.75
2017.11.22 03:26:52.147,0.84993,0.85,1.00,1.75
2017.11.22 03:26:52.506,0.84991,0.84998,1.00,1.75
2017.11.22 03:26:58.267,0.84992,0.84996,1.00,1.12
2017.11.22 03:26:59.226,0.84991,0.84996,1.00,1.37
2017.11.22 03:27:00.909,0.84991,0.84996,1.00,1.37
2017.11.22 03:27:03.077,0.84991,0.84997,1.00,1.87
2017.11.22 03:27:03.835,0.84992,0.84997,1.25,1.37
2017.11.22 03:27:08.185,0.84992,0.84998,1.69,1.87
2017.11.22 03:27:11.568,0.84993,0.84999,1.00,4.50
2017.11.22 03:27:14.751,0.84993,0.84998,1.00,1.50
2017.11.22 03:27:15.481,0.84993,0.84998,1.00,1.50
2017.11.22 03:27:16.034,0.84993,0.84998,1.00,1.50
2017.11.22 03:27:16.801,0.84993,0.84998,1.00,1.50
2017.11.22 03:27:19.184,0.84993,0.84998,1.00,2.25
2017.11.22 03:27:19.494,0.84992,0.84997,1.25,1.87
2017.11.22 03:27:21.108,0.84991,0.84996,1.25,1.50
2017.11.22 03:27:21.160,0.8499,0.84996,1.25,1.50
2017.11.22 03:27:25.223,0.8499,0.84996,1.25,2.25
2017.11.22 03:27:25.769,0.8499,0.84996,1.25,2.25
2017.11.22 03:27:42.961,0.84991,0.84997,1.00,1.75
2017.11.22 03:27:43.497,0.84991,0.84997,1.00,1.50
2017.11.22 03:27:44.202,0.8499,0.84996,2.44,1.12
2017.11.22 03:27:48.683,0.84992,0.84998,1.31,1.00
2017.11.22 03:27:49.223,0.84993,0.84998,2.06,1.00
2017.11.22 03:27:49.326,0.84996,0.85001,1.25,1.00
2017.11.22 03:27:49.429,0.84999,0.85003,1.25,1.00
2017.11.22 03:27:49.873,0.84999,0.85003,1.31,1.00
2017.11.22 03:27:51.111,0.84996,0.85001,2.44,1.00
2017.11.22 03:27:51.519,0.84998,0.85003,1.31,1.00
2017.11.22 03:27:51.654,0.84997,0.85001,1.31,1.00
2017.11.22 03:27:51.909,0.84998,0.85002,1.25,1.00
2017.11.22 03:27:52.113,0.84998,0.85003,2.06,1.00
2017.11.22 03:27:52.215,0.85,0.85005,1.19,1.87
2017.11.22 03:27:52.572,0.85,0.85005,1.19,1.12
2017.11.22 03:27:52.725,0.85,0.85003,1.00,1.00
2017.11.22 03:27:53.685,0.85,0.85001,1.00,1.00
2017.11.22 03:27:54.281,0.85,0.85005,1.19,1.50
2017.11.22 03:27:54.665,0.85,0.85004,1.25,1.00
2017.11.22 03:27:55.731,0.85,0.85005,1.19,1.50
2017.11.22 03:27:56.241,0.85,0.85003,1.00,1.00
2017.11.22 03:27:57.076,0.85,0.85005,1.19,1.87
2017.11.22 03:27:57.180,0.84998,0.85002,1.69,1.00
2017.11.22 03:27:57.892,0.84998,0.85004,2.06,1.00
2017.11.22 03:27:57.943,0.85001,0.85005,1.00,1.12
2017.11.22 03:27:58.607,0.85,0.85005,1.25,1.12
2017.11.22 03:27:59.158,0.85001,0.85005,1.00,1.00
2017.11.22 03:27:59.667,0.85002,0.85006,1.00,1.00
2017.11.22 03:28:00.943,0.84999,0.85005,3.19,1.00
2017.11.22 03:28:01.500,0.84999,0.85005,3.19,1.50
2017.11.22 03:28:02.502,0.84999,0.85005,2.81,1.00
2017.11.22 03:28:09.238,0.84999,0.85003,1.25,1.12
2017.11.22 03:28:09.649,0.84999,0.85005,1.69,1.00
2017.11.22 03:28:09.848,0.84997,0.85003,2.44,1.00
2017.11.22 03:28:10.154,0.84997,0.85001,1.25,1.00
2017.11.22 03:28:12.712,0.84997,0.85003,1.25,1.50
2017.11.22 03:28:17.254,0.84999,0.85004,1.19,1.50
2017.11.22 03:28:17.306,0.85,0.85006,1.31,1.12
2017.11.22 03:28:17.357,0.85002,0.85006,1.25,1.12
2017.11.22 03:28:18.145,0.85001,0.85007,1.87,1.12
2017.11.22 03:28:18.469,0.85004,0.85009,1.19,1.87
2017.11.22 03:28:18.880,0.85003,0.85007,1.00,1.75
2017.11.22 03:28:19.395,0.85003,0.85007,1.00,1.50
2017.11.22 03:28:19.946,0.85003,0.85008,1.25,1.87
2017.11.22 03:28:21.733,0.85003,0.85008,1.19,1.50
2017.11.22 03:28:23.246,0.85003,0.85009,1.69,1.50
2017.11.22 03:28:23.584,0.85004,0.85008,1.25,1.00
2017.11.22 03:28:23.687,0.85005,0.8501,1.00,1.50
2017.11.22 03:28:28.148,0.85005,0.85011,1.00,1.37
2017.11.22 03:28:28.251,0.85007,0.85013,1.69,1.12
2017.11.22 03:28:28.762,0.85007,0.85011,1.00,1.00
2017.11.22 03:28:29.157,0.85005,0.85009,1.31,1.00
2017.11.22 03:28:29.260,0.85004,0.85008,1.00,1.00
2017.11.22 03:28:29.568,0.84999,0.85004,3.75,1.00
2017.11.22 03:28:29.925,0.85,0.85004,1.00,1.00
2017.11.22 03:28:31.028,0.84999,0.85003,1.00,1.00
2017.11.22 03:28:31.777,0.84996,0.85001,1.31,1.00
2017.11.22 03:28:32.085,0.84994,0.84998,1.00,1.25
2017.11.22 03:28:35.148,0.84993,0.84997,1.00,1.00
2017.11.22 03:28:35.807,0.84994,0.84999,1.00,2.06
2017.11.22 03:28:36.420,0.84994,0.84999,1.00,1.12
2017.11.22 03:28:38.203,0.84994,0.85,1.50,1.12
2017.11.22 03:28:38.510,0.84995,0.85002,1.00,1.12
2017.11.22 03:28:40.467,0.84995,0.85001,1.12,1.00
2017.11.22 03:28:40.967,0.84994,0.84999,1.62,1.00
2017.11.22 03:28:41.701,0.84994,0.84998,1.69,1.00
2017.11.22 03:28:45.597,0.84994,0.84998,1.00,1.00
2017.11.22 03:28:46.098,0.84994,0.84998,1.00,2.06
2017.11.22 03:28:49.856,0.84994,0.84998,1.00,1.03
2017.11.22 03:28:52.891,0.84992,0.84998,1.87,1.78
2017.11.22 03:28:52.993,0.84991,0.84995,1.00,1.12
2017.11.22 03:28:53.585,0.84991,0.84995,1.00,2.06
2017.11.22 03:28:54.757,0.8499,0.84994,1.00,1.25
2017.11.22 03:28:59.417,0.8499,0.84996,2.62,1.00
2017.11.22 03:29:04.745,0.8499,0.84996,4.12,1.00
2017.11.22 03:29:06.513,0.8499,0.84996,1.12,1.00
2017.11.22 03:29:07.123,0.8499,0.84996,2.62,1.00
2017.11.22 03:29:10.703,0.8499,0.84996,3.75,1.00
2017.11.22 03:29:11.392,0.8499,0.84996,4.12,1.00
2017.11.22 03:29:11.959,0.8499,0.84995,1.00,1.25
2017.11.22 03:29:13.547,0.8499,0.84995,1.00,1.62
2017.11.22 03:29:14.048,0.84989,0.84994,1.00,1.31
2017.11.22 03:29:15.329,0.84992,0.84994,1.00,1.12
2017.11.22 03:29:17.619,0.84987,0.84993,1.50,2.44
2017.11.22 03:29:18.772,0.84987,0.84993,1.50,1.69
2017.11.22 03:29:21.360,0.84988,0.84992,1.00,1.31
2017.11.22 03:29:21.565,0.84986,0.84991,1.00,2.44
2017.11.22 03:29:23.423,0.84985,0.84991,1.50,1.69
2017.11.22 03:29:25.827,0.84987,0.84992,1.00,1.69
2017.11.22 03:29:25.929,0.84989,0.84994,1.00,2.06
2017.11.22 03:29:51.674,0.8499,0.84995,1.00,2.06
2017.11.22 03:29:53.054,0.8499,0.84995,1.00,1.69
2017.11.22 03:29:55.335,0.84989,0.84995,1.00,2.06
2017.11.22 03:29:58.163,0.8499,0.84995,1.00,1.56
2017.11.22 03:30:00.121,0.84991,0.84995,1.00,1.25
2017.11.22 03:30:00.274,0.84992,0.84997,1.00,1.62
2017.11.22 03:30:00.459,0.84994,0.84999,1.00,1.62
2017.11.22 03:30:00.766,0.84995,0.85002,1.00,2.06
2017.11.22 03:30:01.782,0.84996,0.85002,1.00,1.19
2017.11.22 03:30:02.168,0.84996,0.85003,1.50,1.69
2017.11.22 03:30:07.014,0.84998,0.85002,1.00,1.25
2017.11.22 03:30:07.536,0.84997,0.85003,1.00,2.06
2017.11.22 03:30:08.040,0.84996,0.85002,1.00,3.19
2017.11.22 03:30:08.556,0.84996,0.85002,1.00,1.94
2017.11.22 03:30:13.381,0.84997,0.85002,1.00,1.69
2017.11.22 03:30:13.584,0.84999,0.85004,1.00,1.69
2017.11.22 03:30:15.951,0.85,0.85005,1.00,1.31
2017.11.22 03:30:16.464,0.85,0.85005,1.00,1.31
2017.11.22 03:30:17.744,0.85001,0.85006,1.00,2.06
2017.11.22 03:30:18.350,0.85002,0.85008,1.00,1.31
2017.11.22 03:30:18.663,0.85,0.85006,1.00,2.06
2017.11.22 03:30:19.023,0.84999,0.85004,1.00,1.19
2017.11.22 03:30:22.926,0.84999,0.85005,1.00,1.56
2017.11.22 03:30:23.131,0.85002,0.85007,1.00,2.53
2017.11.22 03:30:23.235,0.85003,0.85008,1.00,1.78
2017.11.22 03:30:24.721,0.85004,0.85009,1.00,2.06
2017.11.22 03:30:25.239,0.85005,0.8501,1.00,1.69
2017.11.22 03:30:25.760,0.85005,0.8501,1.00,1.31
2017.11.22 03:30:26.268,0.85006,0.8501,1.00,1.25
2017.11.22 03:30:28.019,0.85004,0.8501,1.00,1.56
2017.11.22 03:30:28.632,0.85006,0.85012,1.00,4.31
2017.11.22 03:30:35.766,0.85004,0.8501,1.00,1.56
2017.11.22 03:30:36.994,0.85005,0.8501,1.00,1.56
2017.11.22 03:30:37.947,0.85005,0.85011,1.00,1.56
2017.11.22 03:30:40.790,0.85006,0.85012,1.00,1.78
2017.11.22 03:30:42.861,0.85006,0.85012,1.00,1.56
2017.11.22 03:30:49.779,0.85007,0.85011,1.00,1.31
2017.11.22 03:30:53.223,0.85007,0.85012,1.00,2.44
2017.11.22 03:30:53.771,0.85006,0.85012,1.50,2.44
2017.11.22 03:30:54.340,0.85007,0.85012,1.00,2.44
2017.11.22 03:30:54.918,0.85006,0.8501,1.00,1.00
2017.11.22 03:30:55.252,0.85004,0.85009,1.00,1.37
2017.11.22 03:30:55.955,0.85005,0.85009,1.00,1.12
2017.11.22 03:30:56.506,0.85002,0.85006,1.50,1.00
2017.11.22 03:30:56.558,0.85001,0.85006,2.44,1.87
2017.11.22 03:30:56.894,0.85,0.85007,1.00,3.19
2017.11.22 03:31:00.597,0.84999,0.85006,1.50,2.06
2017.11.22 03:31:01.135,0.85,0.85006,1.00,2.44
2017.11.22 03:31:01.654,0.84999,0.85004,1.00,1.00
2017.11.22 03:31:02.229,0.84999,0.85003,1.00,1.00
2017.11.22 03:31:02.757,0.84998,0.85002,1.87,1.00
2017.11.22 03:31:02.961,0.84999,0.85004,1.87,1.00
2017.11.22 03:31:03.529,0.85,0.85004,1.12,1.00
2017.11.22 03:31:03.581,0.85002,0.85006,1.00,1.00
2017.11.22 03:31:04.093,0.85,0.85004,2.44,1.00
2017.11.22 03:31:04.610,0.85001,0.85005,1.12,1.00
2017.11.22 03:31:07.131,0.85001,0.85006,1.12,1.00
2017.11.22 03:31:07.506,0.85002,0.85007,1.69,1.00
2017.11.22 03:31:08.309,0.85002,0.85007,1.25,1.00
2017.11.22 03:31:09.129,0.85004,0.85008,1.00,1.00
2017.11.22 03:31:09.639,0.85004,0.85008,1.25,1.00
2017.11.22 03:31:10.273,0.85005,0.85009,1.00,1.00
2017.11.22 03:31:14.039,0.85005,0.85009,1.12,1.00
2017.11.22 03:31:14.158,0.85005,0.85011,1.12,1.12
2017.11.22 03:31:14.930,0.85005,0.85009,1.50,1.00
2017.11.22 03:31:15.034,0.85006,0.85011,1.12,1.00
2017.11.22 03:31:15.137,0.85007,0.85012,1.50,1.00
2017.11.22 03:31:15.472,0.85009,0.85014,1.31,1.00
2017.11.22 03:31:15.931,0.85008,0.85013,2.06,1.00
2017.11.22 03:31:17.300,0.85008,0.85014,3.56,1.00
2017.11.22 03:31:17.661,0.85011,0.85015,1.69,1.00
2017.11.22 03:31:19.314,0.85012,0.85018,1.94,1.00
2017.11.22 03:31:19.850,0.85012,0.85016,1.03,1.00
2017.11.22 03:31:20.401,0.85012,0.85017,1.31,1.00
2017.11.22 03:31:20.920,0.85011,0.85015,1.03,1.00
2017.11.22 03:31:22.605,0.85009,0.85014,1.78,1.00
2017.11.22 03:31:23.156,0.85009,0.85014,1.62,1.00
2017.11.22 03:31:23.660,0.85009,0.85013,1.00,1.00
2017.11.22 03:31:24.223,0.85008,0.85012,1.25,1.00
2017.11.22 03:31:36.315,0.8501,0.85014,1.12,1.00
2017.11.22 03:31:36.573,0.8501,0.85014,1.25,1.00
2017.11.22 03:31:36.829,0.85009,0.85013,1.50,1.00
2017.11.22 03:31:37.959,0.85009,0.85014,2.06,1.00
2017.11.22 03:31:39.053,0.85011,0.85015,1.25,1.00
2017.11.22 03:31:39.797,0.85012,0.85016,1.25,1.00
2017.11.22 03:31:39.950,0.8501,0.85014,1.25,1.00
2017.11.22 03:31:40.473,0.85009,0.85014,1.31,1.00
2017.11.22 03:31:43.523,0.85011,0.85015,1.00,1.00
2017.11.22 03:31:43.722,0.85009,0.85014,2.06,1.00
2017.11.22 03:31:46.795,0.85009,0.85014,2.44,1.00
2017.11.22 03:31:47.296,0.85011,0.85015,1.00,1.00
2017.11.22 03:31:47.896,0.85008,0.85012,1.50,1.00
2017.11.22 03:31:47.989,0.85008,0.85012,1.00,1.00
2017.11.22 03:31:48.040,0.85005,0.85009,3.19,1.00
2017.11.22 03:31:48.587,0.85006,0.8501,1.00,1.12
2017.11.22 03:31:49.150,0.85005,0.85009,1.00,1.00
2017.11.22 03:31:49.717,0.85004,0.85008,1.00,1.00
2017.11.22 03:31:51.840,0.85004,0.85008,1.00,1.25
2017.11.22 03:31:52.410,0.85003,0.85007,1.00,1.00
2017.11.22 03:31:52.944,0.85001,0.85005,1.12,1.00
2017.11.22 03:31:53.456,0.85002,0.85006,1.00,1.00
2017.11.22 03:32:05.312,0.85003,0.85007,1.00,1.00
2017.11.22 03:32:05.821,0.85002,0.85006,2.06,1.00
2017.11.22 03:32:08.413,0.85002,0.85006,2.81,1.00
2017.11.22 03:32:08.719,0.85004,0.85008,1.25,1.00
2017.11.22 03:32:09.295,0.85003,0.85007,1.69,1.00
2017.11.22 03:32:12.177,0.85004,0.85009,1.19,1.00
2017.11.22 03:32:15.569,0.85004,0.85008,1.69,1.00
2017.11.22 03:32:16.091,0.85005,0.85009,1.31,1.00
2017.11.22 03:32:16.805,0.85006,0.8501,1.12,1.00
2017.11.22 03:32:16.908,0.85006,0.85011,1.12,1.00
2017.11.22 03:32:17.439,0.85007,0.85011,1.00,1.00
2017.11.22 03:32:18.205,0.85006,0.8501,1.31,1.00
2017.11.22 03:32:21.058,0.85005,0.85009,1.25,1.00
2017.11.22 03:32:22.133,0.85006,0.85013,1.69,1.50
2017.11.22 03:32:22.185,0.85008,0.85015,1.00,4.31
2017.11.22 03:32:23.581,0.85007,0.85014,1.00,2.00
2017.11.22 03:32:24.259,0.85006,0.85013,1.25,1.50
2017.11.22 03:32:31.173,0.85008,0.85015,1.00,4.09
2017.11.22 03:32:32.034,0.85009,0.85013,1.00,1.00
2017.11.22 03:32:32.473,0.85009,0.85016,1.00,2.44
2017.11.22 03:32:32.780,0.85007,0.85013,3.19,1.00
2017.11.22 03:32:36.425,0.85008,0.85014,1.69,1.00
2017.11.22 03:32:37.994,0.85009,0.85015,1.19,1.00
2017.11.22 03:32:39.471,0.8501,0.85015,1.19,1.00
2017.11.22 03:32:40.445,0.8501,0.85014,1.25,1.00
2017.11.22 03:32:42.571,0.8501,0.85016,3.56,1.00
2017.11.22 03:32:42.730,0.85013,0.85018,1.19,1.00
2017.11.22 03:32:43.017,0.8501,0.85014,1.50,1.00
2017.11.22 03:32:43.170,0.85009,0.85013,1.00,1.00
2017.11.22 03:32:43.223,0.85009,0.85016,1.87,1.69
2017.11.22 03:32:43.380,0.8501,0.85017,2.44,1.12
2017.11.22 03:32:43.483,0.8501,0.85016,1.25,1.87
2017.11.22 03:32:43.985,0.8501,0.85015,2.81,1.00
2017.11.22 03:32:46.362,0.85013,0.85017,1.00,1.00
2017.11.22 03:32:46.669,0.85015,0.8502,2.25,1.00
2017.11.22 03:32:46.935,0.85016,0.85022,2.06,1.00
2017.11.22 03:32:47.532,0.85016,0.85021,1.00,1.00
2017.11.22 03:32:47.583,0.85015,0.85019,1.12,1.00
2017.11.22 03:32:50.032,0.85014,0.85018,1.25,1.00
2017.11.22 03:32:51.006,0.85015,0.85019,1.00,1.00
2017.11.22 03:32:51.514,0.85014,0.85018,1.31,1.00
2017.11.22 03:32:52.025,0.85015,0.85019,1.00,1.00
2017.11.22 03:32:52.527,0.85014,0.85019,1.69,1.00
2017.11.22 03:32:53.068,0.85014,0.85018,1.00,1.00
2017.11.22 03:32:53.508,0.85013,0.85017,1.69,1.00
2017.11.22 03:32:54.013,0.85013,0.85017,1.25,1.00
2017.11.22 03:32:54.588,0.85012,0.85016,1.03,1.00
2017.11.22 03:32:55.149,0.85013,0.85017,1.25,1.00
2017.11.22 03:32:55.484,0.85013,0.85019,1.56,1.12
2017.11.22 03:32:55.930,0.85012,0.85016,1.25,1.00
2017.11.22 03:32:56.445,0.85012,0.85016,1.25,1.00
2017.11.22 03:32:57.239,0.85012,0.85017,1.19,1.00
2017.11.22 03:32:57.741,0.85011,0.85015,1.25,1.00
2017.11.22 03:32:58.811,0.85012,0.85017,1.25,1.00
2017.11.22 03:32:59.546,0.85012,0.85017,1.62,1.00
2017.11.22 03:33:00.127,0.85012,0.85017,1.25,1.00
2017.11.22 03:33:00.918,0.85013,0.85018,1.00,1.00
2017.11.22 03:33:01.433,0.85012,0.85018,1.25,1.50
2017.11.22 03:33:01.946,0.85012,0.85019,2.06,1.12
2017.11.22 03:33:02.486,0.85012,0.85019,1.69,1.50
2017.11.22 03:33:04.144,0.85011,0.85017,2.06,1.00
2017.11.22 03:33:07.230,0.85011,0.85017,1.87,1.12
2017.11.22 03:33:10.668,0.85011,0.85015,1.12,1.00
2017.11.22 03:33:10.973,0.85013,0.85017,1.00,1.00
2017.11.22 03:33:11.511,0.85014,0.85018,1.00,1.00
2017.11.22 03:33:15.563,0.85012,0.85019,3.19,1.00
2017.11.22 03:33:18.308,0.85012,0.85018,1.50,1.00
2017.11.22 03:33:18.810,0.85011,0.85017,2.00,1.00
2017.11.22 03:33:19.467,0.85011,0.85018,2.44,1.00
2017.11.22 03:33:20.136,0.85013,0.85017,1.00,1.00
2017.11.22 03:33:20.396,0.85014,0.8502,1.87,1.12
2017.11.22 03:33:20.448,0.85016,0.85022,1.00,2.44
2017.11.22 03:33:20.587,0.85016,0.85022,1.00,1.12
2017.11.22 03:33:21.045,0.85016,0.85022,2.62,1.00
2017.11.22 03:33:21.609,0.85017,0.85023,1.50,1.25
2017.11.22 03:33:23.773,0.85017,0.85023,1.00,2.06
2017.11.22 03:33:23.927,0.85018,0.85024,1.00,1.56
2017.11.22 03:33:24.030,0.8502,0.85024,1.00,1.69
2017.11.22 03:33:24.335,0.85016,0.8502,1.00,1.00
2017.11.22 03:33:26.352,0.85014,0.8502,1.31,1.00
2017.11.22 03:33:26.766,0.85014,0.85018,1.50,1.25
2017.11.22 03:33:27.074,0.85011,0.85015,1.69,1.00
2017.11.22 03:33:29.913,0.85012,0.85016,1.00,1.00
2017.11.22 03:33:35.894,0.85013,0.85018,1.37,1.00
2017.11.22 03:33:36.404,0.85014,0.85019,1.00,1.00
2017.11.22 03:33:39.395,0.85016,0.85021,1.12,1.00
2017.11.22 03:33:40.114,0.85014,0.8502,2.44,1.00
2017.11.22 03:33:40.670,0.85014,0.8502,1.69,1.00
2017.11.22 03:33:41.180,0.85014,0.8502,1.69,1.00
2017.11.22 03:33:41.522,0.85013,0.85018,1.19,1.00
2017.11.22 03:33:42.339,0.85012,0.85017,1.69,1.00
2017.11.22 03:33:43.132,0.85012,0.85016,1.69,1.00
2017.11.22 03:33:43.637,0.85012,0.85016,1.31,1.00
2017.11.22 03:33:44.240,0.85011,0.85015,1.31,1.00
2017.11.22 03:33:44.545,0.85011,0.85015,1.00,1.00
2017.11.22 03:33:45.379,0.85012,0.85016,1.12,1.00
2017.11.22 03:33:45.831,0.85012,0.85018,2.06,1.00
2017.11.22 03:33:49.124,0.85013,0.85019,2.06,1.00
2017.11.22 03:33:50.103,0.85013,0.8502,2.81,1.12
2017.11.22 03:33:53.951,0.85013,0.8502,3.94,1.12
2017.11.22 03:33:57.584,0.85013,0.85018,1.12,1.00
2017.11.22 03:33:57.921,0.85012,0.85017,1.50,1.21
2017.11.22 03:33:58.538,0.85012,0.85016,1.12,1.09
2017.11.22 03:33:59.104,0.85011,0.85017,1.50,1.72
2017.11.22 03:34:00.420,0.85012,0.85017,1.12,1.47
2017.11.22 03:34:03.374,0.85011,0.85017,1.50,1.94
2017.11.22 03:34:03.999,0.85011,0.85016,1.00,1.69
2017.11.22 03:34:07.893,0.8501,0.85015,1.00,1.50
2017.11.22 03:34:08.199,0.85009,0.85013,1.00,1.00
2017.11.22 03:34:08.739,0.85009,0.85014,1.12,1.25
2017.11.22 03:34:09.252,0.85009,0.85014,1.50,1.25
2017.11.22 03:34:12.459,0.85009,0.85015,1.69,1.12
2017.11.22 03:34:14.805,0.85009,0.85016,3.19,1.87
2017.11.22 03:34:16.331,0.85009,0.85015,1.69,1.12
2017.11.22 03:34:20.234,0.85009,0.85014,1.69,1.00
2017.11.22 03:34:23.726,0.85009,0.85013,1.12,1.00
2017.11.22 03:34:23.880,0.85007,0.85011,1.12,1.25
2017.11.22 03:34:23.982,0.85007,0.85012,1.75,1.00
2017.11.22 03:34:24.033,0.85007,0.85013,2.25,1.00
2017.11.22 03:34:29.079,0.85008,0.85014,1.87,1.25
2017.11.22 03:34:35.389,0.85008,0.85014,1.87,1.00
2017.11.22 03:34:39.379,0.85009,0.85014,1.12,1.25
2017.11.22 03:34:39.535,0.85008,0.85013,1.12,1.69
2017.11.22 03:34:40.039,0.85008,0.85012,1.00,1.25
2017.11.22 03:34:40.858,0.85007,0.85012,1.12,1.69
2017.11.22 03:34:52.830,0.85008,0.85012,1.75,1.50
2017.11.22 03:34:53.598,0.85008,0.85012,1.12,1.69
2017.11.22 03:34:54.180,0.85008,0.85014,1.75,1.12
2017.11.22 03:34:54.763,0.85009,0.85013,1.00,1.00
2017.11.22 03:34:55.284,0.85007,0.85011,1.50,1.00
2017.11.22 03:35:01.210,0.85007,0.85011,1.12,1.00
2017.11.22 03:35:08.128,0.85007,0.85011,1.00,1.00
2017.11.22 03:35:10.163,0.85007,0.85011,1.50,1.25
2017.11.22 03:35:13.484,0.85007,0.85013,1.75,1.69
2017.11.22 03:35:14.153,0.85007,0.85012,1.50,1.25
2017.11.22 03:35:14.698,0.85007,0.85011,1.50,1.00
2017.11.22 03:35:15.249,0.85006,0.85011,1.50,1.25
2017.11.22 03:35:16.056,0.85006,0.8501,1.50,1.00
2017.11.22 03:35:17.262,0.85006,0.85011,1.50,1.25
2017.11.22 03:35:18.300,0.85006,0.8501,1.87,1.00
2017.11.22 03:35:18.656,0.85006,0.85013,3.00,1.25
2017.11.22 03:35:19.216,0.85008,0.85012,1.12,1.00
2017.11.22 03:35:19.858,0.85006,0.8501,1.87,1.00
2017.11.22 03:35:21.841,0.85006,0.8501,1.87,1.00
2017.11.22 03:35:23.891,0.85006,0.85012,1.87,1.00
2017.11.22 03:35:24.750,0.85007,0.85011,1.00,1.00
2017.11.22 03:35:30.411,0.85006,0.8501,1.12,1.25
2017.11.22 03:35:30.718,0.85004,0.85008,1.50,1.25
2017.11.22 03:35:31.353,0.85003,0.85008,1.50,1.69
2017.11.22 03:35:31.894,0.85003,0.85008,1.50,1.69
2017.11.22 03:35:32.196,0.85002,0.85006,1.12,1.00
2017.11.22 03:35:32.722,0.85002,0.85007,1.50,1.25
2017.11.22 03:35:35.641,0.85002,0.85006,1.50,1.00
2017.11.22 03:35:35.845,0.84999,0.85003,1.37,1.00
2017.11.22 03:35:36.347,0.84998,0.85001,1.00,1.00
2017.11.22 03:35:42.997,0.84998,0.85002,2.25,1.00
2017.11.22 03:35:43.197,0.85001,0.85005,1.00,1.00
2017.11.22 03:35:47.671,0.85001,0.85005,1.00,1.31
2017.11.22 03:35:51.696,0.85,0.85004,1.50,1.00
2017.11.22 03:35:53.248,0.85001,0.85005,1.12,1.25
2017.11.22 03:35:57.235,0.84997,0.85001,2.06,1.00
2017.11.22 03:35:57.287,0.84999,0.85004,1.12,1.19
2017.11.22 03:35:59.413,0.84998,0.85002,1.25,1.00
2017.11.22 03:35:59.601,0.84994,0.84998,2.81,1.00
2017.11.22 03:36:00.009,0.84994,0.84997,1.12,1.37
2017.11.22 03:36:00.113,0.84994,0.84999,1.69,1.50
2017.11.22 03:36:00.269,0.84993,0.84997,1.31,1.00
2017.11.22 03:36:00.781,0.84992,0.84996,1.31,1.00
2017.11.22 03:36:01.428,0.84992,0.84997,1.69,1.00
2017.11.22 03:36:01.973,0.8499,0.84996,1.94,1.00
2017.11.22 03:36:02.639,0.8499,0.84996,1.94,1.00
2017.11.22 03:36:02.744,0.84989,0.84994,1.69,1.00
2017.11.22 03:36:07.193,0.84988,0.84993,1.69,1.00
2017.11.22 03:36:08.635,0.84988,0.84994,2.00,1.00
2017.11.22 03:36:09.169,0.84987,0.84993,3.56,1.00
2017.11.22 03:36:12.569,0.84988,0.84994,2.00,1.00
2017.11.22 03:36:14.548,0.84988,0.84993,1.69,1.00
2017.11.22 03:36:26.119,0.84988,0.84994,2.81,1.00
2017.11.22 03:36:50.930,0.84988,0.84993,2.44,1.00
2017.11.22 03:36:51.469,0.84988,0.84994,2.44,1.00
2017.11.22 03:36:52.591,0.84988,0.84994,2.44,1.00
2017.11.22 03:37:02.505,0.84989,0.84995,3.56,1.00
2017.11.22 03:37:02.557,0.84989,0.84995,2.44,1.00
2017.11.22 03:37:02.608,0.84989,0.84994,3.19,1.00
2017.11.22 03:37:02.660,0.84989,0.84994,1.69,1.00
2017.11.22 03:37:12.591,0.84987,0.84993,5.44,1.00
2017.11.22 03:37:17.209,0.84987,0.84993,3.56,1.00
2017.11.22 03:37:28.338,0.84988,0.84992,1.69,1.00
2017.11.22 03:37:29.168,0.84989,0.84994,2.81,1.00
2017.11.22 03:37:38.244,0.84989,0.84994,2.81,1.00
2017.11.22 03:37:38.577,0.84992,0.84996,1.69,1.00
2017.11.22 03:37:38.730,0.84994,0.85001,1.19,1.87
2017.11.22 03:37:38.833,0.84994,0.84998,1.00,1.00
2017.11.22 03:37:38.884,0.84991,0.84996,1.50,1.00
2017.11.22 03:37:39.414,0.84991,0.84995,1.50,1.00
2017.11.22 03:37:44.005,0.84992,0.84997,2.81,1.00
2017.11.22 03:37:44.537,0.84992,0.85,2.44,1.69
2017.11.22 03:37:44.588,0.84992,0.84997,2.44,1.00
2017.11.22 03:37:45.531,0.84992,0.84996,1.31,1.00
2017.11.22 03:37:46.010,0.84992,0.84998,2.44,1.00
2017.11.22 03:37:46.683,0.84992,0.84998,2.00,1.00
2017.11.22 03:37:48.927,0.84992,0.84996,1.31,1.00
2017.11.22 03:37:49.676,0.84992,0.84996,1.31,1.00
2017.11.22 03:37:59.203,0.84991,0.84997,1.25,2.25
2017.11.22 03:37:59.736,0.84989,0.84996,1.62,1.12
2017.11.22 03:37:59.847,0.84988,0.84993,2.06,1.00
2017.11.22 03:38:04.076,0.84988,0.84992,1.50,1.00
2017.11.22 03:38:04.316,0.84994,0.84999,1.00,2.62
2017.11.22 03:38:04.368,0.84995,0.85,1.50,1.00
2017.11.22 03:38:08.818,0.84994,0.84999,1.69,1.00
2017.11.22 03:38:09.330,0.84994,0.84999,1.69,1.00
2017.11.22 03:38:11.611,0.84995,0.85,1.50,1.00
2017.11.22 03:38:20.770,0.84994,0.85,2.00,1.00
2017.11.22 03:38:30.406,0.84995,0.84999,2.06,1.00
2017.11.22 03:38:31.369,0.84994,0.84999,2.81,1.00
2017.11.22 03:38:31.890,0.84994,0.84999,1.69,1.00
2017.11.22 03:38:33.652,0.84992,0.84998,2.00,1.00
2017.11.22 03:38:34.196,0.84993,0.84997,2.44,1.00
2017.11.22 03:38:36.753,0.84994,0.84999,1.69,1.00
2017.11.22 03:38:40.367,0.84992,0.84996,1.00,1.12
2017.11.22 03:38:40.891,0.8499,0.84995,1.69,1.00
2017.11.22 03:38:41.708,0.8499,0.84997,2.44,2.25
2017.11.22 03:38:41.759,0.84991,0.84995,1.25,1.00
2017.11.22 03:38:41.811,0.84991,0.84998,1.37,2.44
2017.11.22 03:38:42.015,0.84992,0.84999,1.31,2.25
2017.11.22 03:38:43.126,0.84992,0.84997,1.62,1.00
2017.11.22 03:38:46.330,0.84993,0.84999,1.00,1.50
2017.11.22 03:38:47.820,0.84991,0.84999,1.62,2.81
2017.11.22 03:38:48.148,0.84991,0.84995,1.25,1.00
2017.11.22 03:38:48.795,0.84992,0.84996,1.25,1.00
2017.11.22 03:38:50.354,0.84993,0.84996,1.00,1.00
2017.11.22 03:38:50.939,0.84991,0.84996,2.81,1.00
2017.11.22 03:38:55.485,0.84993,0.85,1.62,1.00
2017.11.22 03:38:57.821,0.84992,0.84997,2.06,1.00
2017.11.22 03:38:58.176,0.84989,0.84994,3.00,1.00
2017.11.22 03:39:00.998,0.84992,0.84997,1.19,1.00
2017.11.22 03:39:01.050,0.84992,0.84999,1.19,1.00
2017.11.22 03:39:02.219,0.84992,0.84999,1.19,2.25
2017.11.22 03:39:02.669,0.8499,0.84995,1.31,1.00
2017.11.22 03:39:03.610,0.8499,0.84995,1.31,1.00
2017.11.22 03:39:05.560,0.8499,0.84999,2.06,2.81
2017.11.22 03:39:05.611,0.8499,0.84995,2.06,1.00
2017.11.22 03:39:07.134,0.8499,0.84995,1.31,1.00
2017.11.22 03:39:07.794,0.8499,0.84995,1.31,1.00
2017.11.22 03:39:10.307,0.84991,0.84996,1.19,1.00
2017.11.22 03:39:10.630,0.84991,0.84996,1.19,1.00
2017.11.22 03:39:11.170,0.84991,0.84995,2.81,1.00
2017.11.22 03:39:14.207,0.84993,0.84997,1.69,1.00
2017.11.22 03:39:14.912,0.84993,0.84998,1.19,1.00
2017.11.22 03:39:15.371,0.84992,0.84998,3.19,1.00
2017.11.22 03:39:15.921,0.84994,0.84999,1.31,1.00
2017.11.22 03:39:16.348,0.84994,0.84999,1.19,1.00
2017.11.22 03:39:21.381,0.84994,0.84999,1.19,1.00
2017.11.22 03:39:23.558,0.84996,0.85,1.25,1.00
2017.11.22 03:39:23.866,0.84997,0.85002,1.19,1.00
2017.11.22 03:39:24.396,0.84998,0.85003,1.19,1.00
2017.11.22 03:39:24.874,0.84998,0.85002,1.31,1.00
2017.11.22 03:39:25.575,0.84997,0.85002,2.06,1.00
2017.11.22 03:39:26.350,0.84997,0.85001,2.06,1.00
2017.11.22 03:39:27.618,0.84997,0.85003,2.06,1.00
2017.11.22 03:39:28.352,0.84997,0.85002,2.06,1.00
2017.11.22 03:39:28.762,0.84996,0.85,1.25,1.00
2017.11.22 03:39:29.119,0.84996,0.85,1.25,1.00
2017.11.22 03:39:29.887,0.84994,0.84998,2.06,1.00
2017.11.22 03:39:30.944,0.84995,0.84999,1.31,1.00
2017.11.22 03:39:31.487,0.84996,0.85,1.31,1.00
2017.11.22 03:39:31.795,0.84997,0.85002,1.19,1.00
2017.11.22 03:39:32.303,0.84996,0.85001,2.06,1.00
2017.11.22 03:39:32.864,0.84996,0.85001,1.69,1.00
2017.11.22 03:39:35.086,0.84999,0.85003,1.31,1.00
2017.11.22 03:39:35.188,0.85001,0.85005,1.50,1.00
2017.11.22 03:39:35.770,0.85002,0.85007,1.31,1.00
2017.11.22 03:39:36.287,0.85002,0.85006,1.31,1.00
2017.11.22 03:39:36.813,0.85002,0.85007,1.69,1.00
2017.11.22 03:39:37.978,0.85002,0.85006,1.69,1.00
2017.11.22 03:39:42.656,0.85,0.85005,2.44,1.00
2017.11.22 03:39:45.541,0.85,0.85004,1.69,1.00
2017.11.22 03:39:49.837,0.84999,0.85003,1.69,1.00
2017.11.22 03:39:50.628,0.85,0.85005,1.69,1.00
2017.11.22 03:39:51.288,0.85001,0.85005,1.00,1.00
2017.11.22 03:39:53.000,0.85001,0.85005,1.12,1.00
2017.11.22 03:39:53.514,0.85002,0.85007,2.44,1.00
2017.11.22 03:39:55.001,0.85002,0.85007,1.31,1.00
2017.11.22 03:40:02.259,0.85002,0.85007,1.19,1.00
2017.11.22 03:40:02.955,0.85002,0.85006,1.25,1.00
2017.11.22 03:40:04.428,0.85,0.85005,1.69,1.00
2017.11.22 03:40:04.581,0.84997,0.85001,1.69,1.12
2017.11.22 03:40:04.633,0.84997,0.84999,1.00,1.00
2017.11.22 03:40:04.684,0.84994,0.84998,2.81,1.00
2017.11.22 03:40:04.837,0.84995,0.85,1.00,1.00
2017.11.22 03:40:04.889,0.84998,0.85003,1.50,1.31
2017.11.22 03:40:05.299,0.84998,0.85003,1.69,1.00
2017.11.22 03:40:05.847,0.84998,0.85002,1.69,1.00
2017.11.22 03:40:06.444,0.84998,0.85002,1.31,1.00
2017.11.22 03:40:07.496,0.84997,0.85001,2.44,1.00
2017.11.22 03:40:09.040,0.84997,0.85002,1.69,1.00
2017.11.22 03:40:09.603,0.84997,0.85001,2.44,1.00
2017.11.22 03:40:10.643,0.84997,0.85002,1.69,1.00
2017.11.22 03:40:10.695,0.84997,0.85002,1.31,1.00
2017.11.22 03:40:10.746,0.84994,0.84998,2.81,1.00
2017.11.22 03:40:11.084,0.84997,0.85001,1.00,1.00
2017.11.22 03:40:13.708,0.84997,0.85001,1.31,1.00
2017.11.22 03:40:14.018,0.84995,0.85,3.19,1.00
2017.11.22 03:40:14.552,0.84995,0.85001,3.56,1.00
2017.11.22 03:40:15.062,0.84995,0.85,2.44,1.00
2017.11.22 03:40:15.726,0.84995,0.85,1.31,1.00
2017.11.22 03:40:19.071,0.84997,0.85002,1.31,1.00
2017.11.22 03:40:19.602,0.84998,0.85003,1.56,1.00
2017.11.22 03:40:24.307,0.84998,0.85004,2.06,1.00
2017.11.22 03:40:24.792,0.84998,0.85002,1.31,1.00
2017.11.22 03:40:29.616,0.84995,0.85001,4.69,1.00
2017.11.22 03:40:31.762,0.84996,0.85001,1.69,1.00
2017.11.22 03:40:34.950,0.84996,0.85001,1.37,1.00
2017.11.22 03:40:49.546,0.84997,0.85002,1.69,1.12
2017.11.22 03:40:50.052,0.84997,0.85002,1.31,1.00
2017.11.22 03:41:00.368,0.84999,0.85004,1.31,2.62
2017.11.22 03:41:06.943,0.85,0.85004,1.19,1.00
2017.11.22 03:41:07.826,0.85001,0.85005,1.31,1.50
2017.11.22 03:41:08.132,0.84993,0.84997,1.69,1.12
2017.11.22 03:41:08.185,0.84993,0.84997,1.00,1.00
2017.11.22 03:41:08.558,0.84993,0.84999,2.44,1.00
2017.11.22 03:41:08.711,0.84992,0.84997,2.44,1.00
2017.11.22 03:41:10.812,0.84993,0.84998,1.12,1.00
2017.11.22 03:41:12.826,0.84993,0.84998,1.50,1.00
2017.11.22 03:41:21.195,0.84993,0.84997,1.00,1.00
2017.11.22 03:41:31.701,0.84996,0.85,1.00,1.00
2017.11.22 03:41:32.236,0.84996,0.85001,1.69,1.00
2017.11.22 03:41:32.935,0.84997,0.85001,1.12,1.00
2017.11.22 03:41:33.477,0.84996,0.85001,1.50,1.00
2017.11.22 03:41:34.078,0.84996,0.85,1.50,1.00
2017.11.22 03:41:37.562,0.84996,0.85002,1.69,1.00
2017.11.22 03:41:38.092,0.84997,0.85001,1.50,1.00
2017.11.22 03:41:41.853,0.84997,0.85002,1.50,1.00
2017.11.22 03:41:42.192,0.85,0.85005,1.69,1.00
2017.11.22 03:41:44.008,0.85,0.85005,1.69,1.00
2017.11.22 03:41:45.850,0.85,0.85005,1.19,1.00
2017.11.22 03:41:46.059,0.84998,0.85003,3.19,1.00
2017.11.22 03:41:46.163,0.84997,0.85002,2.06,1.00
2017.11.22 03:41:46.699,0.84997,0.85001,1.00,1.00
2017.11.22 03:41:47.688,0.84996,0.85,1.12,1.00
2017.11.22 03:41:48.249,0.84995,0.84999,2.06,1.00
2017.11.22 03:41:49.244,0.84995,0.84999,1.69,1.00
2017.11.22 03:41:49.796,0.84993,0.84997,1.25,1.00
2017.11.22 03:41:50.379,0.84993,0.84997,1.25,1.00
2017.11.22 03:41:53.524,0.84993,0.84998,1.31,1.00
2017.11.22 03:41:53.678,0.84995,0.85,1.31,1.00
2017.11.22 03:41:54.187,0.84996,0.85001,1.19,1.00
2017.11.22 03:41:54.344,0.84992,0.84997,3.19,1.00
2017.11.22 03:41:54.538,0.8499,0.84994,2.81,1.00
2017.11.22 03:41:55.048,0.8499,0.84994,1.12,1.00
2017.11.22 03:41:56.626,0.84991,0.84997,1.31,1.00
2017.11.22 03:41:57.146,0.84991,0.84996,1.69,1.00
2017.11.22 03:41:58.103,0.84991,0.84996,1.69,1.00
2017.11.22 03:42:00.304,0.8499,0.84995,1.19,1.00
2017.11.22 03:42:01.193,0.8499,0.84995,1.19,1.00
2017.11.22 03:42:01.246,0.84988,0.84992,2.59,1.00
2017.11.22 03:42:03.197,0.84988,0.84992,1.00,1.00
2017.11.22 03:42:03.802,0.84986,0.8499,1.31,1.00
2017.11.22 03:42:08.307,0.84987,0.84992,2.81,1.00
2017.11.22 03:42:09.023,0.84987,0.84995,2.44,2.62
2017.11.22 03:42:09.132,0.84987,0.84992,2.44,1.00
2017.11.22 03:42:10.671,0.84987,0.84991,2.44,1.00
2017.11.22 03:42:11.199,0.84988,0.84992,1.31,1.00
2017.11.22 03:42:15.550,0.84988,0.84993,1.31,1.00
2017.11.22 03:42:16.058,0.84988,0.84992,1.31,1.00
2017.11.22 03:42:16.578,0.84988,0.84993,1.31,1.00
2017.11.22 03:42:16.935,0.84987,0.84991,2.06,1.00
2017.11.22 03:42:17.463,0.84986,0.8499,2.44,1.00
2017.11.22 03:42:18.385,0.84987,0.84992,2.44,1.00
2017.11.22 03:42:23.233,0.84987,0.84991,2.81,1.00
2017.11.22 03:42:26.100,0.84987,0.84992,2.44,1.00
2017.11.22 03:42:26.645,0.84988,0.84993,1.31,1.00
2017.11.22 03:42:27.430,0.84988,0.84992,1.31,1.00
2017.11.22 03:42:29.519,0.84988,0.84993,1.31,1.00
2017.11.22 03:42:33.727,0.84988,0.84992,1.31,1.00
2017.11.22 03:43:05.434,0.84987,0.84991,1.31,1.00
2017.11.22 03:43:07.154,0.84986,0.8499,1.69,1.00
2017.11.22 03:43:07.710,0.84985,0.84989,2.06,1.00
2017.11.22 03:43:08.582,0.84986,0.84991,1.69,1.12
2017.11.22 03:43:09.095,0.84986,0.84992,1.69,1.87
2017.11.22 03:43:14.459,0.84986,0.8499,1.69,1.00
2017.11.22 03:43:16.245,0.84986,0.84991,1.69,1.12
2017.11.22 03:43:20.310,0.84986,0.84991,1.87,1.12
2017.11.22 03:43:23.830,0.84986,0.8499,1.00,1.00
2017.11.22 03:43:26.318,0.84985,0.84989,1.50,1.00
2017.11.22 03:43:30.737,0.84986,0.8499,1.00,1.25
2017.11.22 03:43:30.841,0.84985,0.84989,1.00,1.31
2017.11.22 03:43:30.893,0.84983,0.84987,1.12,1.19
2017.11.22 03:43:30.944,0.84981,0.84985,1.00,1.00
2017.11.22 03:43:31.302,0.84979,0.84983,1.00,1.00
2017.11.22 03:43:31.409,0.84978,0.84982,1.12,1.00
2017.11.22 03:43:31.683,0.84977,0.84981,1.00,1.00
2017.11.22 03:43:32.199,0.84976,0.8498,1.00,1.00
2017.11.22 03:43:33.230,0.84976,0.84981,1.00,1.00
2017.11.22 03:43:33.905,0.84975,0.84979,1.50,1.00
2017.11.22 03:43:34.672,0.84976,0.8498,1.12,1.00
2017.11.22 03:43:36.198,0.84976,0.84982,2.25,1.00
2017.11.22 03:43:38.125,0.84979,0.84985,1.00,1.19
2017.11.22 03:43:39.129,0.84978,0.84984,1.00,1.25
2017.11.22 03:43:39.971,0.84977,0.84984,1.12,1.25
2017.11.22 03:43:40.533,0.84978,0.84985,1.12,1.31
2017.11.22 03:43:54.616,0.84978,0.84984,2.06,1.00
2017.11.22 03:44:01.384,0.84978,0.84985,2.06,1.12
2017.11.22 03:44:07.715,0.84978,0.84985,2.44,1.00
2017.11.22 03:44:08.628,0.84979,0.84986,1.12,1.31
2017.11.22 03:44:19.472,0.84979,0.84986,1.00,1.69
2017.11.22 03:44:19.844,0.84982,0.84986,1.00,1.25
2017.11.22 03:44:20.588,0.84982,0.84987,1.00,1.69
2017.11.22 03:44:24.303,0.84983,0.84987,1.00,1.69
2017.11.22 03:44:25.196,0.84983,0.84988,1.00,2.06
2017.11.22 03:44:38.750,0.84985,0.84989,1.00,1.87
2017.11.22 03:44:39.281,0.84983,0.84987,1.31,1.00
2017.11.22 03:44:39.803,0.84982,0.84987,2.06,1.00
2017.11.22 03:44:40.946,0.84983,0.84988,1.69,1.00
2017.11.22 03:44:46.962,0.84983,0.84989,2.06,1.12
2017.11.22 03:44:49.659,0.84984,0.84988,1.25,1.00
2017.11.22 03:44:58.574,0.84984,0.84989,1.62,1.00
2017.11.22 03:45:04.306,0.84984,0.84989,1.25,1.00
2017.11.22 03:45:05.683,0.84983,0.84987,1.25,1.00
2017.11.22 03:45:06.439,0.84982,0.84986,1.00,1.00
2017.11.22 03:45:07.111,0.84982,0.84986,1.00,1.00
2017.11.22 03:45:09.716,0.84983,0.84989,1.00,1.31
2017.11.22 03:45:10.348,0.84985,0.84992,1.50,3.19
2017.11.22 03:45:10.400,0.84986,0.84992,1.87,1.25
2017.11.22 03:45:10.503,0.84988,0.84994,2.25,1.00
2017.11.22 03:45:10.657,0.84989,0.84996,2.06,1.12
2017.11.22 03:45:10.810,0.84991,0.84997,1.00,2.44
2017.11.22 03:45:11.606,0.84988,0.84993,1.69,1.50
2017.11.22 03:45:11.657,0.84987,0.84993,1.31,1.37
2017.11.22 03:45:11.812,0.84988,0.84994,1.00,1.12
2017.11.22 03:45:12.349,0.84989,0.84995,1.00,1.62
2017.11.22 03:45:13.302,0.84988,0.84994,1.00,1.12
2017.11.22 03:45:14.038,0.84989,0.84995,1.00,1.25
2017.11.22 03:45:14.913,0.8499,0.84996,1.00,1.56
2017.11.22 03:45:17.816,0.8499,0.84997,1.00,1.31
2017.11.22 03:45:17.919,0.84992,0.84998,1.25,1.50
2017.11.22 03:45:18.662,0.84992,0.84998,1.25,1.12
2017.11.22 03:45:19.363,0.84991,0.84997,1.25,1.12
2017.11.22 03:45:19.807,0.8499,0.84996,1.00,1.12
2017.11.22 03:45:19.910,0.8499,0.84996,1.00,2.62
2017.11.22 03:45:20.322,0.8499,0.84997,1.00,4.31
2017.11.22 03:45:20.373,0.84992,0.84997,1.00,2.62
2017.11.22 03:45:21.198,0.84992,0.84997,1.25,1.00
2017.11.22 03:45:21.702,0.84991,0.84996,1.31,1.00
2017.11.22 03:45:22.224,0.84991,0.84997,1.69,1.00
2017.11.22 03:45:22.581,0.84991,0.84996,2.06,1.00
2017.11.22 03:45:23.595,0.8499,0.84994,1.31,1.00
2017.11.22 03:45:28.685,0.84989,0.84994,3.56,1.00
2017.11.22 03:45:32.071,0.84991,0.84995,1.25,1.00
2017.11.22 03:45:32.664,0.8499,0.84995,1.00,1.00
2017.11.22 03:45:32.982,0.84987,0.84992,2.06,1.00
2017.11.22 03:45:33.188,0.84986,0.8499,1.00,1.00
2017.11.22 03:45:33.998,0.84985,0.8499,1.69,1.00
2017.11.22 03:45:39.005,0.84983,0.84987,1.50,1.00
2017.11.22 03:45:39.312,0.84981,0.84986,2.62,1.00
2017.11.22 03:45:39.828,0.84981,0.84986,1.50,1.00
2017.11.22 03:45:40.488,0.84981,0.84987,1.50,1.00
2017.11.22 03:45:40.904,0.84982,0.84989,1.12,1.12
2017.11.22 03:45:42.321,0.84982,0.84988,1.00,1.00
2017.11.22 03:45:47.694,0.84982,0.84988,1.00,1.50
2017.11.22 03:45:49.505,0.84982,0.84989,1.12,1.12
2017.11.22 03:45:51.124,0.84982,0.84989,1.00,1.75
2017.11.22 03:45:51.811,0.84981,0.84988,1.25,1.12
2017.11.22 03:45:52.370,0.84982,0.84989,1.12,1.12
2017.11.22 03:45:52.998,0.84984,0.8499,1.00,1.00
2017.11.22 03:45:53.520,0.84984,0.84991,1.69,1.12
2017.11.22 03:45:53.882,0.84982,0.84989,2.44,1.12
2017.11.22 03:45:59.595,0.84981,0.84988,1.62,1.00
2017.11.22 03:46:01.026,0.84981,0.84988,1.31,1.00
2017.11.22 03:46:01.783,0.84983,0.8499,1.00,3.56
2017.11.22 03:46:03.137,0.84981,0.84988,1.12,1.00
2017.11.22 03:46:04.770,0.84981,0.84988,2.44,1.00
2017.11.22 03:46:09.826,0.84981,0.84988,1.69,1.00
2017.11.22 03:46:10.540,0.84981,0.84988,1.31,1.50
2017.11.22 03:46:22.162,0.8498,0.84987,1.00,1.31
2017.11.22 03:46:22.213,0.84979,0.84984,1.12,1.00
2017.11.22 03:46:23.766,0.84977,0.84982,1.12,1.00
2017.11.22 03:46:24.340,0.84975,0.84981,1.50,1.00
2017.11.22 03:46:27.372,0.84974,0.84981,4.31,1.00
2017.11.22 03:46:31.065,0.84974,0.8498,3.56,1.00
2017.11.22 03:46:33.119,0.84972,0.84976,1.87,1.00
2017.11.22 03:46:33.273,0.84969,0.84973,1.00,1.00
2017.11.22 03:46:33.426,0.84967,0.84972,1.25,1.00
2017.11.22 03:46:33.994,0.84966,0.84971,1.31,1.00
2017.11.22 03:46:37.309,0.84965,0.8497,2.06,1.00
2017.11.22 03:46:37.437,0.84965,0.84973,2.06,1.00
2017.11.22 03:46:40.265,0.84966,0.84971,1.19,1.00
2017.11.22 03:46:49.046,0.84967,0.84973,1.19,1.00
2017.11.22 03:46:49.356,0.84965,0.8497,2.06,1.00
2017.11.22 03:46:50.695,0.84964,0.84969,2.62,1.00
2017.11.22 03:46:51.252,0.84963,0.84968,3.19,1.00
2017.11.22 03:46:52.529,0.84963,0.84969,2.97,1.00
2017.11.22 03:46:53.164,0.84963,0.84968,2.97,1.00
2017.11.22 03:46:55.610,0.84963,0.84969,1.69,1.00
2017.11.22 03:46:59.919,0.84963,0.8497,1.69,1.00
2017.11.22 03:47:01.396,0.84966,0.84972,1.00,1.62
2017.11.22 03:47:02.081,0.84965,0.84972,1.00,2.06
2017.11.22 03:47:07.057,0.84964,0.84971,1.25,1.50
2017.11.22 03:47:07.707,0.84964,0.84971,1.19,2.25
2017.11.22 03:47:14.731,0.84963,0.8497,1.19,1.50
2017.11.22 03:47:14.884,0.84962,0.8497,1.69,2.81
2017.11.22 03:47:15.674,0.84961,0.84969,2.06,1.50
2017.11.22 03:47:18.722,0.84963,0.8497,1.00,3.56
2017.11.22 03:47:20.238,0.84963,0.84969,1.00,2.00
2017.11.22 03:47:20.867,0.84962,0.84968,1.00,1.50
2017.11.22 03:47:22.185,0.84961,0.84969,1.69,3.56
2017.11.22 03:47:23.365,0.84962,0.84969,1.00,3.19
2017.11.22 03:47:39.850,0.84962,0.84968,1.00,1.75
2017.11.22 03:47:43.062,0.84961,0.84968,1.00,2.44
2017.11.22 03:47:43.481,0.84959,0.84963,1.25,1.00
2017.11.22 03:47:49.762,0.84958,0.84964,2.81,1.00
2017.11.22 03:47:54.247,0.84958,0.84964,1.25,1.00
2017.11.22 03:47:54.761,0.84957,0.84964,4.69,1.00
2017.11.22 03:47:56.681,0.84957,0.84962,1.25,1.00
2017.11.22 03:47:59.330,0.84956,0.84962,1.00,1.00
2017.11.22 03:48:00.329,0.84955,0.84961,1.75,1.00
2017.11.22 03:48:00.381,0.84956,0.84962,1.25,1.00
2017.11.22 03:48:00.483,0.84956,0.84962,2.06,1.00
2017.11.22 03:48:00.636,0.84959,0.84964,1.25,1.00
2017.11.22 03:48:00.739,0.84959,0.84965,1.31,1.00
2017.11.22 03:48:09.947,0.84963,0.84967,1.12,1.00
2017.11.22 03:48:10.508,0.84963,0.84967,2.06,1.00
2017.11.22 03:48:11.082,0.84963,0.84968,1.69,1.00
2017.11.22 03:48:11.448,0.84963,0.84968,1.19,1.00
2017.11.22 03:48:11.603,0.84963,0.84967,2.44,1.00
2017.11.22 03:48:12.584,0.84964,0.84969,1.19,1.00
2017.11.22 03:48:13.048,0.84966,0.84971,1.56,1.00
2017.11.22 03:48:13.511,0.84968,0.84973,1.19,1.00
2017.11.22 03:48:14.052,0.84967,0.84972,1.31,1.00
2017.11.22 03:48:14.557,0.84967,0.84972,1.31,1.00
2017.11.22 03:48:15.001,0.84968,0.84975,1.56,1.12
2017.11.22 03:48:15.549,0.8497,0.84975,1.19,1.00
2017.11.22 03:48:17.410,0.8497,0.84974,1.25,1.00
2017.11.22 03:48:17.948,0.8497,0.84975,1.19,1.00
2017.11.22 03:48:18.475,0.8497,0.84975,1.19,1.00
2017.11.22 03:48:22.558,0.84971,0.84976,1.19,1.12
2017.11.22 03:48:23.167,0.8497,0.84974,1.25,1.00
2017.11.22 03:48:23.755,0.8497,0.84976,1.19,1.12
2017.11.22 03:48:25.370,0.8497,0.84975,1.19,1.00
2017.11.22 03:48:25.473,0.84968,0.84973,1.69,1.00
2017.11.22 03:48:26.088,0.84969,0.84974,1.19,1.00
2017.11.22 03:48:28.775,0.84967,0.84971,1.69,1.00
2017.11.22 03:48:28.928,0.84965,0.8497,2.44,1.00
2017.11.22 03:48:28.980,0.84966,0.84971,1.31,1.00
2017.11.22 03:48:34.888,0.84967,0.84971,1.25,1.00
2017.11.22 03:48:40.344,0.84966,0.84971,1.19,1.00
2017.11.22 03:48:46.840,0.84966,0.8497,1.25,1.00
2017.11.22 03:48:47.550,0.84965,0.8497,1.31,1.00
2017.11.22 03:48:48.602,0.84965,0.84971,1.31,1.00
2017.11.22 03:48:49.209,0.84965,0.84972,2.06,1.12
2017.11.22 03:48:52.771,0.84968,0.84975,1.25,2.62
2017.11.22 03:48:53.501,0.84968,0.84975,1.69,1.50
2017.11.22 03:48:55.396,0.84969,0.84976,1.25,2.25
2017.11.22 03:48:55.937,0.8497,0.84976,1.00,1.50
2017.11.22 03:48:59.024,0.84971,0.84976,1.00,1.50
2017.11.22 03:49:10.057,0.84971,0.84976,1.00,1.00
2017.11.22 03:49:20.297,0.84972,0.84977,1.00,2.06
2017.11.22 03:49:24.492,0.84968,0.84973,2.44,1.00
2017.11.22 03:49:39.691,0.84969,0.84974,1.31,1.00
2017.11.22 03:49:45.870,0.84968,0.84973,2.25,1.00
2017.11.22 03:49:49.292,0.84968,0.84974,2.62,1.00
2017.11.22 03:49:50.659,0.84969,0.84973,1.12,1.00
2017.11.22 03:49:51.173,0.84969,0.84974,1.12,1.00
2017.11.22 03:49:51.773,0.84969,0.84974,1.50,1.00
2017.11.22 03:49:52.420,0.84969,0.84974,1.12,1.00
2017.11.22 03:49:53.204,0.84969,0.84974,1.50,1.00
2017.11.22 03:50:03.888,0.84969,0.84974,2.62,1.00
2017.11.22 03:50:06.222,0.84969,0.84973,1.12,1.00
2017.11.22 03:50:06.959,0.84969,0.84974,1.12,1.00
2017.11.22 03:50:14.197,0.84968,0.84974,2.06,1.50
2017.11.22 03:50:14.709,0.84967,0.84972,1.50,1.00
2017.11.22 03:50:15.436,0.84967,0.84971,1.50,1.00
2017.11.22 03:50:16.020,0.84964,0.84969,1.69,1.50
2017.11.22 03:50:16.173,0.84963,0.84967,1.12,1.00
2017.11.22 03:50:28.885,0.84964,0.84968,1.00,1.00
2017.11.22 03:50:29.406,0.84964,0.84968,1.00,1.00
2017.11.22 03:50:30.066,0.84964,0.84969,1.12,1.00
2017.11.22 03:50:34.714,0.84964,0.8497,1.75,1.25
2017.11.22 03:50:35.217,0.84965,0.84971,2.25,1.00
2017.11.22 03:50:35.269,0.84966,0.84971,1.87,1.00
2017.11.22 03:50:35.321,0.84968,0.84974,2.81,1.00
2017.11.22 03:50:35.829,0.84967,0.84973,4.69,1.00
2017.11.22 03:50:36.376,0.84968,0.84973,1.25,1.00
2017.11.22 03:50:40.544,0.84967,0.84972,2.53,1.00
2017.11.22 03:50:40.850,0.84964,0.84968,1.59,1.00
2017.11.22 03:50:41.259,0.84963,0.84967,1.12,1.00
2017.11.22 03:50:41.703,0.84959,0.84964,3.00,1.00
2017.11.22 03:50:42.519,0.84957,0.84962,2.81,1.00
2017.11.22 03:50:43.035,0.84956,0.84961,1.69,1.00
2017.11.22 03:50:43.575,0.84956,0.8496,1.69,1.00
2017.11.22 03:50:43.889,0.84958,0.84963,1.12,1.00
2017.11.22 03:50:44.393,0.84958,0.84963,2.44,1.00
2017.11.22 03:50:46.250,0.84958,0.84964,2.44,1.00
2017.11.22 03:50:52.268,0.84958,0.84963,1.50,1.00
2017.11.22 03:51:00.663,0.84958,0.84965,2.25,1.19
2017.11.22 03:51:05.883,0.84958,0.84964,1.12,1.25
2017.11.22 03:51:07.474,0.84958,0.84964,1.37,1.25
2017.11.22 03:51:08.775,0.84958,0.84964,1.75,1.69
2017.11.22 03:51:08.826,0.84958,0.84964,1.12,1.69
2017.11.22 03:51:09.834,0.8496,0.84965,1.50,1.19
2017.11.22 03:51:09.989,0.84961,0.84968,1.50,2.44
2017.11.22 03:51:10.144,0.8496,0.84965,1.12,1.19
2017.11.22 03:51:10.348,0.84958,0.84965,2.25,2.06
2017.11.22 03:51:20.663,0.84957,0.84964,1.50,1.25
2017.11.22 03:51:30.353,0.84957,0.84964,1.50,1.31
2017.11.22 03:51:41.207,0.84956,0.84963,1.50,1.69
2017.11.22 03:51:51.406,0.84958,0.84963,1.50,1.25
2017.11.22 03:51:51.610,0.84958,0.84965,2.25,3.19
2017.11.22 03:51:51.916,0.84958,0.84964,1.12,1.69
2017.11.22 03:51:52.525,0.84957,0.84964,2.62,1.94
2017.11.22 03:51:53.414,0.84957,0.84963,1.12,1.69
2017.11.22 03:51:54.434,0.84959,0.84963,1.00,1.25
2017.11.22 03:51:57.697,0.8496,0.84964,1.00,1.31
2017.11.22 03:52:11.371,0.84957,0.84964,1.50,1.31
2017.11.22 03:52:16.312,0.84955,0.84962,3.75,1.19
2017.11.22 03:52:16.363,0.84955,0.84959,2.25,1.00
2017.11.22 03:52:16.873,0.84952,0.84959,5.62,1.25
2017.11.22 03:52:19.081,0.84952,0.84959,4.12,1.25
2017.11.22 03:52:20.014,0.84952,0.84958,3.37,1.25
2017.11.22 03:52:23.185,0.84954,0.84959,1.50,1.25
2017.11.22 03:52:25.791,0.84955,0.8496,1.50,1.25
2017.11.22 03:52:26.351,0.84953,0.84959,3.37,1.25
2017.11.22 03:52:28.536,0.84953,0.84958,1.50,1.00
2017.11.22 03:52:28.843,0.84952,0.84956,1.00,1.25
2017.11.22 03:52:45.690,0.8495,0.84955,4.12,1.00
2017.11.22 03:52:46.399,0.8495,0.84956,3.37,1.25
2017.11.22 03:52:50.533,0.84952,0.84957,1.50,1.69
2017.11.22 03:52:57.216,0.8495,0.84954,1.50,1.00
2017.11.22 03:52:57.951,0.8495,0.84954,1.12,1.00
2017.11.22 03:53:00.614,0.84951,0.84956,1.00,1.69
2017.11.22 03:53:02.438,0.8495,0.84956,1.00,2.06
2017.11.22 03:53:06.192,0.84951,0.84957,1.12,1.69
2017.11.22 03:53:06.536,0.84954,0.84959,1.00,1.31
2017.11.22 03:53:07.086,0.84953,0.84959,1.12,1.69
2017.11.22 03:53:09.134,0.84954,0.84959,1.00,1.31
2017.11.22 03:53:10.329,0.84954,0.84959,1.00,1.31
2017.11.22 03:53:11.819,0.84953,0.84959,1.12,1.69
2017.11.22 03:53:12.746,0.84953,0.84958,1.12,1.31
2017.11.22 03:53:14.827,0.84954,0.84959,1.00,1.69
2017.11.22 03:53:15.523,0.84953,0.84959,1.12,1.69
2017.11.22 03:53:26.862,0.84952,0.84958,2.25,1.31
2017.11.22 03:53:28.302,0.84955,0.84959,1.00,1.69
2017.11.22 03:53:34.444,0.84953,0.84957,1.00,1.31
2017.11.22 03:53:34.546,0.84955,0.84959,1.00,1.25
2017.11.22 03:53:35.136,0.84956,0.8496,1.00,1.31
2017.11.22 03:53:35.800,0.84954,0.84958,1.12,1.25
2017.11.22 03:53:36.562,0.84956,0.8496,1.00,1.31
2017.11.22 03:53:38.436,0.84957,0.84961,1.00,1.69
2017.11.22 03:53:40.802,0.84955,0.84959,1.00,1.25
2017.11.22 03:53:41.324,0.84955,0.84959,1.00,1.25
2017.11.22 03:53:43.456,0.84956,0.8496,1.00,1.31
2017.11.22 03:53:44.746,0.84952,0.84957,3.00,1.00
2017.11.22 03:53:45.256,0.84953,0.84957,1.00,1.00
2017.11.22 03:53:45.985,0.84952,0.84957,2.25,1.00
2017.11.22 03:53:46.598,0.84952,0.84957,1.87,1.00
2017.11.22 03:53:47.111,0.84952,0.84956,1.87,1.00
2017.11.22 03:53:48.381,0.84952,0.84957,1.87,1.00
2017.11.22 03:53:49.066,0.84952,0.84956,1.87,1.00
2017.11.22 03:53:50.230,0.84952,0.84957,1.87,1.00
2017.11.22 03:53:50.585,0.8495,0.84955,1.50,1.69
2017.11.22 03:53:51.126,0.84948,0.84953,3.19,1.19
2017.11.22 03:53:51.636,0.84948,0.84952,1.12,1.25
2017.11.22 03:53:52.295,0.84947,0.84952,1.31,1.69
2017.11.22 03:53:52.821,0.8495,0.84951,1.00,1.00
2017.11.22 03:53:54.028,0.84947,0.84951,1.31,1.25
2017.11.22 03:53:57.736,0.84948,0.84952,1.50,1.25
2017.11.22 03:53:58.828,0.84949,0.84953,1.00,1.25
2017.11.22 03:53:59.406,0.84948,0.84953,1.00,1.69
2017.11.22 03:53:59.509,0.84944,0.84949,1.50,1.00
2017.11.22 03:53:59.611,0.84943,0.84949,1.75,1.31
2017.11.22 03:53:59.815,0.84943,0.8495,2.25,1.56
2017.11.22 03:54:00.047,0.84943,0.84947,1.50,1.00
2017.11.22 03:54:00.430,0.84943,0.84949,6.56,1.00
2017.11.22 03:54:00.982,0.84947,0.84949,1.00,1.00
2017.11.22 03:54:01.569,0.84948,0.84949,1.00,1.00
2017.11.22 03:54:02.309,0.84945,0.8495,1.50,1.31
2017.11.22 03:54:04.497,0.8495,0.84954,1.00,3.56
2017.11.22 03:54:05.003,0.84949,0.84953,1.00,1.19
2017.11.22 03:54:09.881,0.84951,0.84953,1.00,1.00
2017.11.22 03:54:10.546,0.8495,0.84954,1.12,1.19
2017.11.22 03:54:11.498,0.84952,0.84956,1.00,1.25
2017.11.22 03:54:11.601,0.84952,0.84957,1.00,1.69
2017.11.22 03:54:11.653,0.8495,0.84954,1.50,1.00
2017.11.22 03:54:12.588,0.8495,0.84955,1.50,1.00
2017.11.22 03:54:13.131,0.8495,0.84954,1.28,1.00
2017.11.22 03:54:13.438,0.8495,0.84956,2.40,1.00
2017.11.22 03:54:14.596,0.8495,0.84957,2.40,1.25
2017.11.22 03:54:15.181,0.8495,0.84956,1.28,1.00
2017.11.22 03:54:15.692,0.8495,0.84956,2.59,1.00
2017.11.22 03:54:19.625,0.84952,0.84957,1.00,1.00
2017.11.22 03:54:21.667,0.84951,0.84956,1.65,1.00
2017.11.22 03:54:22.179,0.84951,0.84958,2.40,1.69
2017.11.22 03:54:25.811,0.84952,0.84958,1.37,1.69
2017.11.22 03:54:26.726,0.84952,0.84957,1.00,1.69
2017.11.22 03:54:26.829,0.8495,0.84957,2.25,2.06
2017.11.22 03:54:26.931,0.8495,0.84955,1.12,1.69
2017.11.22 03:54:27.459,0.84949,0.84954,1.87,1.19
2017.11.22 03:54:29.004,0.8495,0.84955,1.12,1.69
2017.11.22 03:54:29.710,0.84951,0.84956,1.00,1.69
2017.11.22 03:54:30.331,0.8495,0.84954,2.25,1.00
2017.11.22 03:54:32.359,0.8495,0.84954,1.50,1.00
2017.11.22 03:54:32.902,0.8495,0.84954,1.12,1.00
2017.11.22 03:54:37.606,0.84947,0.84951,1.69,1.25
2017.11.22 03:55:03.951,0.84946,0.84949,1.87,1.00
2017.11.22 03:55:04.259,0.84946,0.8495,1.31,1.00
2017.11.22 03:55:04.412,0.84946,0.84948,1.12,1.50
2017.11.22 03:55:04.617,0.84944,0.84948,1.12,1.69
2017.11.22 03:55:05.265,0.84942,0.84946,1.00,1.00
2017.11.22 03:55:07.771,0.84941,0.84947,1.87,1.25
2017.11.22 03:55:08.482,0.84943,0.84948,1.12,1.19
2017.11.22 03:55:10.754,0.84943,0.84948,1.12,1.25
2017.11.22 03:55:11.295,0.84943,0.8495,1.12,2.06
2017.11.22 03:55:11.534,0.84942,0.84946,1.12,1.00
2017.11.22 03:55:13.595,0.84941,0.84946,1.50,1.00
2017.11.22 03:55:20.212,0.84943,0.84947,1.25,1.00
2017.11.22 03:55:20.744,0.84941,0.84947,2.81,1.00
2017.11.22 03:55:21.498,0.84941,0.84947,2.44,1.00
2017.11.22 03:55:23.270,0.84944,0.84948,1.00,1.00
2017.11.22 03:55:23.792,0.84944,0.84949,1.31,1.00
2017.11.22 03:55:26.487,0.84944,0.8495,1.31,1.00
2017.11.22 03:55:34.116,0.84944,0.84949,1.31,1.00
2017.11.22 03:55:41.599,0.84946,0.84952,1.69,1.00
2017.11.22 03:55:42.146,0.84945,0.84951,2.44,1.00
2017.11.22 03:55:44.402,0.84946,0.84953,2.44,1.00
2017.11.22 03:55:45.002,0.84945,0.84952,2.44,1.00
2017.11.22 03:55:46.056,0.84949,0.84955,1.00,2.81
2017.11.22 03:55:48.629,0.8495,0.84954,1.00,1.00
2017.11.22 03:55:49.004,0.84952,0.84956,1.00,1.12
2017.11.22 03:55:53.179,0.84952,0.84957,1.00,1.31
2017.11.22 03:55:54.779,0.84953,0.84957,1.00,1.00
2017.11.22 03:55:56.592,0.84952,0.84957,1.00,1.62
2017.11.22 03:55:57.186,0.84952,0.84959,1.00,6.19
2017.11.22 03:55:57.726,0.84951,0.84957,1.00,2.81
2017.11.22 03:55:59.303,0.84952,0.84957,1.00,1.69
2017.11.22 03:56:00.103,0.84953,0.84957,1.00,1.25
2017.11.22 03:56:01.263,0.84954,0.84958,1.00,1.25
2017.11.22 03:56:05.223,0.84953,0.8496,1.00,2.81
2017.11.22 03:56:05.852,0.84954,0.8496,1.00,2.06
2017.11.22 03:56:06.126,0.84952,0.84959,1.00,1.69
2017.11.22 03:56:07.945,0.84954,0.8496,1.00,2.81
2017.11.22 03:56:08.459,0.84953,0.84959,1.00,1.69
2017.11.22 03:56:22.161,0.84953,0.84959,1.00,2.81
2017.11.22 03:56:47.013,0.84956,0.8496,1.00,2.25
2017.11.22 03:56:47.065,0.84955,0.84962,1.00,4.31
2017.11.22 03:56:47.187,0.84958,0.84964,1.00,3.19
2017.11.22 03:56:47.493,0.8496,0.84965,1.00,1.56
2017.11.22 03:56:48.001,0.8496,0.84965,1.00,1.37
2017.11.22 03:56:48.306,0.84962,0.84967,1.00,1.37
2017.11.22 03:56:48.856,0.84963,0.84969,1.00,1.31
2017.11.22 03:56:50.069,0.84963,0.8497,1.00,2.97
2017.11.22 03:56:51.907,0.84964,0.8497,1.00,1.69
2017.11.22 03:56:54.082,0.84962,0.8497,1.00,2.97
2017.11.22 03:56:55.483,0.84963,0.84967,1.00,1.00
2017.11.22 03:57:04.162,0.84959,0.84964,1.00,1.50
2017.11.22 03:57:04.265,0.84961,0.84967,1.00,2.06
2017.11.22 03:57:06.167,0.84961,0.84966,1.00,1.00
2017.11.22 03:57:07.369,0.8496,0.84966,1.25,1.00
2017.11.22 03:57:09.953,0.84961,0.84966,1.00,1.00
2017.11.22 03:57:11.211,0.84961,0.84967,1.12,1.00
2017.11.22 03:57:13.120,0.84962,0.84967,1.00,1.00
2017.11.22 03:57:16.062,0.84961,0.84967,1.00,1.00
2017.11.22 03:57:19.942,0.84962,0.84967,1.00,1.00
2017.11.22 03:57:20.471,0.84961,0.84967,1.31,1.00
2017.11.22 03:57:21.392,0.84959,0.84966,2.44,1.00
2017.11.22 03:57:22.171,0.84959,0.84966,1.69,1.00
2017.11.22 03:57:22.382,0.84959,0.84964,1.69,1.00
2017.11.22 03:57:34.770,0.84959,0.84963,1.25,1.00
2017.11.22 03:57:43.141,0.84959,0.84966,1.69,1.50
2017.11.22 03:57:43.778,0.84959,0.84966,1.69,1.12
2017.11.22 03:57:46.072,0.84959,0.84966,1.31,1.50
2017.11.22 03:57:52.213,0.8496,0.84966,1.00,1.00
2017.11.22 03:58:11.191,0.8496,0.84967,1.25,1.75
2017.11.22 03:58:23.784,0.8496,0.84966,1.00,1.37
2017.11.22 03:58:23.835,0.84958,0.84964,1.00,2.44
2017.11.22 03:58:23.937,0.84955,0.84962,1.31,1.87
2017.11.22 03:58:24.571,0.84955,0.84962,1.31,1.50
2017.11.22 03:58:26.075,0.84957,0.84962,1.00,1.00
2017.11.22 03:58:26.377,0.84956,0.84961,1.00,1.37
2017.11.22 03:58:26.530,0.84954,0.8496,1.25,1.50
2017.11.22 03:58:31.020,0.84954,0.84959,1.00,1.37
2017.11.22 03:58:31.557,0.84953,0.84959,1.00,1.37
2017.11.22 03:58:32.188,0.84953,0.84959,1.00,1.12
2017.11.22 03:58:34.351,0.84952,0.84957,1.25,1.37
2017.11.22 03:58:48.190,0.84952,0.84958,1.00,1.56
2017.11.22 03:58:48.695,0.84953,0.84959,1.00,1.09
2017.11.22 03:58:49.377,0.84953,0.8496,1.00,2.97
2017.11.22 03:58:55.777,0.84954,0.84959,1.00,1.56
2017.11.22 03:58:57.050,0.84953,0.84959,1.00,1.62
2017.11.22 03:59:10.235,0.84953,0.84957,1.00,1.00
2017.11.22 03:59:12.639,0.84954,0.84958,1.00,1.12
2017.11.22 03:59:19.441,0.84955,0.84959,1.00,1.12
2017.11.22 03:59:20.088,0.84954,0.84959,1.00,1.37
2017.11.22 03:59:20.799,0.84955,0.84959,1.00,1.00
2017.11.22 03:59:22.623,0.84955,0.84959,1.00,1.00
2017.11.22 03:59:24.888,0.84954,0.84959,1.00,1.37
2017.11.22 03:59:25.700,0.84954,0.84959,1.00,1.37
2017.11.22 03:59:30.703,0.84954,0.84959,1.00,1.00
2017.11.22 03:59:31.931,0.84955,0.84959,1.00,1.00
2017.11.22 03:59:34.931,0.84954,0.84959,1.00,1.37
2017.11.22 03:59:36.762,0.84954,0.84959,1.00,1.37
2017.11.22 03:59:37.284,0.84955,0.84959,1.00,1.50
2017.11.22 03:59:41.367,0.84956,0.8496,1.00,1.12
2017.11.22 03:59:44.624,0.84955,0.84959,1.00,1.00
2017.11.22 03:59:45.150,0.84954,0.84958,1.00,1.00
2017.11.22 03:59:45.841,0.84953,0.84959,1.00,1.75
2017.11.22 03:59:59.828,0.84955,0.8496,1.19,1.50
2017.11.22 03:59:59.919,0.84955,0.84961,2.44,1.12
