2017.11.13 15:00:00.274,0.86672,0.86677,3.19,1.12
2017.11.13 15:00:00.580,0.86675,0.86679,2.06,1.00
2017.11.13 15:00:01.629,0.86675,0.8668,3.19,1.00
2017.11.13 15:00:02.162,0.86677,0.86682,1.50,1.00
2017.11.13 15:00:02.528,0.86678,0.86683,1.87,1.00
2017.11.13 15:00:03.121,0.86679,0.86684,1.50,1.25
2017.11.13 15:00:03.679,0.86679,0.86683,1.50,1.00
2017.11.13 15:00:04.194,0.86679,0.86685,2.25,2.81
2017.11.13 15:00:05.250,0.8668,0.86685,1.00,1.12
2017.11.13 15:00:05.780,0.8668,0.86686,3.00,1.31
2017.11.13 15:00:06.329,0.86681,0.86687,2.62,1.12
2017.11.13 15:00:06.601,0.86681,0.86688,2.81,1.87
2017.11.13 15:00:07.178,0.86683,0.86688,1.50,1.12
2017.11.13 15:00:07.692,0.86683,0.86689,1.75,1.00
2017.11.13 15:00:07.795,0.86684,0.8669,1.12,1.25
2017.11.13 15:00:09.656,0.86688,0.86693,1.00,1.12
2017.11.13 15:00:09.987,0.8669,0.86694,1.00,1.12
2017.11.13 15:00:10.497,0.8669,0.86695,1.12,1.12
2017.11.13 15:00:11.746,0.86691,0.86697,1.50,2.62
2017.11.13 15:00:11.798,0.86694,0.86698,1.12,1.00
2017.11.13 15:00:11.953,0.86696,0.867,1.00,1.12
2017.11.13 15:00:12.004,0.86696,0.867,1.00,1.12
2017.11.13 15:00:12.159,0.86694,0.86698,4.69,1.00
2017.11.13 15:00:12.262,0.867,0.86704,1.00,1.50
2017.11.13 15:00:12.539,0.86709,0.86713,1.00,2.25
2017.11.13 15:00:12.642,0.86707,0.86712,1.00,1.00
2017.11.13 15:00:12.847,0.86708,0.86712,1.00,1.69
2017.11.13 15:00:12.900,0.86704,0.8671,1.00,1.87
2017.11.13 15:00:12.952,0.86702,0.86706,2.06,1.00
2017.11.13 15:00:13.311,0.86701,0.86706,1.00,1.00
2017.11.13 15:00:13.553,0.86699,0.86703,2.62,1.00
2017.11.13 15:00:13.837,0.86696,0.867,1.00,1.00
2017.11.13 15:00:13.991,0.86698,0.86702,1.00,1.00
2017.11.13 15:00:14.279,0.86694,0.86698,1.00,1.00
2017.11.13 15:00:14.383,0.86692,0.86697,2.62,1.25
2017.11.13 15:00:14.486,0.86694,0.86698,1.00,1.25
2017.11.13 15:00:14.538,0.86694,0.867,1.00,2.06
2017.11.13 15:00:14.846,0.86692,0.86697,1.87,1.00
2017.11.13 15:00:15.164,0.86691,0.86695,1.12,1.00
2017.11.13 15:00:15.675,0.8669,0.86694,1.50,1.00
2017.11.13 15:00:16.205,0.86689,0.86694,1.50,1.00
2017.11.13 15:00:16.728,0.86691,0.86695,1.00,1.25
2017.11.13 15:00:17.000,0.86689,0.86695,3.00,1.69
2017.11.13 15:00:17.513,0.8669,0.86695,1.12,1.25
2017.11.13 15:00:17.997,0.86692,0.86697,1.00,1.19
2017.11.13 15:00:18.201,0.86696,0.867,1.00,1.69
2017.11.13 15:00:18.747,0.86696,0.867,1.00,1.25
2017.11.13 15:00:19.276,0.86695,0.867,1.12,1.19
2017.11.13 15:00:19.632,0.86694,0.86698,1.37,1.19
2017.11.13 15:00:20.470,0.86696,0.86701,1.12,1.19
2017.11.13 15:00:20.982,0.86696,0.86701,1.50,1.19
2017.11.13 15:00:21.543,0.86697,0.86702,1.87,1.19
2017.11.13 15:00:22.033,0.86695,0.867,3.37,1.19
2017.11.13 15:00:22.237,0.86695,0.86699,1.87,1.25
2017.11.13 15:00:22.765,0.86693,0.86698,2.25,1.69
2017.11.13 15:00:23.195,0.86694,0.86699,2.44,1.00
2017.11.13 15:00:23.247,0.86695,0.86701,1.12,1.50
2017.11.13 15:00:23.298,0.86695,0.86699,1.00,1.00
2017.11.13 15:00:23.462,0.86694,0.86699,1.00,1.50
2017.11.13 15:00:23.996,0.86694,0.86698,1.00,1.00
2017.11.13 15:00:24.976,0.86693,0.86697,1.50,1.00
2017.11.13 15:00:25.602,0.86693,0.86697,1.12,1.00
2017.11.13 15:00:25.961,0.86691,0.86695,2.25,1.00
2017.11.13 15:00:26.575,0.8669,0.86694,3.37,1.00
2017.11.13 15:00:27.090,0.86691,0.86696,2.25,1.00
2017.11.13 15:00:27.773,0.86692,0.86697,3.00,1.00
2017.11.13 15:00:28.144,0.86695,0.86699,1.00,1.31
2017.11.13 15:00:28.196,0.86693,0.86699,1.12,2.06
2017.11.13 15:00:28.870,0.86693,0.86698,1.50,1.00
2017.11.13 15:00:29.913,0.86692,0.86696,1.50,1.00
2017.11.13 15:00:30.089,0.86691,0.86696,1.00,1.00
2017.11.13 15:00:30.667,0.86691,0.86695,1.00,1.00
2017.11.13 15:00:30.769,0.86688,0.86694,4.50,1.50
2017.11.13 15:00:31.299,0.86688,0.86693,1.50,1.00
2017.11.13 15:00:31.972,0.86689,0.86694,1.00,1.25
2017.11.13 15:00:32.024,0.86691,0.86695,1.00,2.44
2017.11.13 15:00:32.536,0.8669,0.86695,1.00,2.44
2017.11.13 15:00:33.953,0.8669,0.86694,1.00,1.25
2017.11.13 15:00:35.037,0.8669,0.86694,1.00,1.25
2017.11.13 15:00:35.726,0.8669,0.86695,1.00,2.06
2017.11.13 15:00:37.075,0.86696,0.86699,1.00,1.00
2017.11.13 15:00:37.177,0.86693,0.86698,1.50,1.25
2017.11.13 15:00:37.696,0.86693,0.86698,1.12,1.19
2017.11.13 15:00:38.136,0.86693,0.86698,1.00,1.69
2017.11.13 15:00:38.739,0.86693,0.86698,1.00,1.69
2017.11.13 15:00:39.272,0.86693,0.86698,1.12,1.69
2017.11.13 15:00:39.496,0.86691,0.86697,3.37,2.44
2017.11.13 15:00:40.040,0.8669,0.86694,1.31,1.00
2017.11.13 15:00:40.171,0.86689,0.86694,1.50,1.00
2017.11.13 15:00:40.743,0.86688,0.86694,1.12,2.06
2017.11.13 15:00:41.267,0.86688,0.86693,1.50,1.00
2017.11.13 15:00:43.033,0.86687,0.86692,1.50,1.25
2017.11.13 15:00:43.184,0.86686,0.86691,1.50,1.69
2017.11.13 15:00:43.795,0.86686,0.8669,1.00,1.31
2017.11.13 15:00:44.697,0.86685,0.8669,1.00,1.31
2017.11.13 15:00:45.111,0.86686,0.8669,4.12,1.00
2017.11.13 15:00:45.178,0.86682,0.86688,1.00,2.62
2017.11.13 15:00:45.229,0.86684,0.86688,1.00,1.87
2017.11.13 15:00:45.836,0.86684,0.86688,1.00,1.12
2017.11.13 15:00:47.207,0.86685,0.86689,1.00,1.12
2017.11.13 15:00:47.722,0.86684,0.86688,1.00,1.00
2017.11.13 15:00:48.313,0.86685,0.8669,1.00,3.19
2017.11.13 15:00:49.216,0.86686,0.8669,1.00,1.12
2017.11.13 15:00:49.888,0.86685,0.86689,1.00,1.00
2017.11.13 15:00:50.562,0.86684,0.86688,1.00,1.00
2017.11.13 15:00:51.803,0.86685,0.86689,1.00,1.31
2017.11.13 15:00:52.338,0.86687,0.86691,1.00,2.44
2017.11.13 15:00:52.917,0.86686,0.8669,1.00,1.00
2017.11.13 15:00:53.914,0.86685,0.86689,1.00,1.31
2017.11.13 15:00:54.225,0.86682,0.86686,1.00,1.00
2017.11.13 15:00:54.544,0.86681,0.86685,1.00,1.00
2017.11.13 15:00:55.008,0.86679,0.86683,1.00,1.00
2017.11.13 15:00:56.238,0.86685,0.86687,1.00,1.00
2017.11.13 15:00:56.291,0.86681,0.86686,3.00,1.50
2017.11.13 15:00:56.342,0.8668,0.86684,1.50,1.12
2017.11.13 15:00:56.394,0.86677,0.86682,1.25,1.50
2017.11.13 15:00:56.937,0.86677,0.86682,1.00,1.19
2017.11.13 15:00:57.952,0.86677,0.86682,1.00,1.19
2017.11.13 15:00:58.055,0.8668,0.86684,1.00,2.44
2017.11.13 15:00:58.629,0.86679,0.86684,1.00,2.06
2017.11.13 15:00:59.144,0.86679,0.86684,1.00,2.06
2017.11.13 15:01:00.546,0.86678,0.86684,1.87,2.06
2017.11.13 15:01:01.280,0.86679,0.86685,3.75,1.69
2017.11.13 15:01:01.333,0.8668,0.86686,1.87,1.69
2017.11.13 15:01:01.721,0.86683,0.86688,1.00,1.25
2017.11.13 15:01:02.030,0.86685,0.86689,1.00,2.06
2017.11.13 15:01:02.667,0.86684,0.86689,1.00,1.69
2017.11.13 15:01:09.506,0.86683,0.86687,1.00,1.00
2017.11.13 15:01:09.608,0.86681,0.86687,2.25,1.50
2017.11.13 15:01:11.130,0.86682,0.86687,1.00,1.00
2017.11.13 15:01:11.709,0.86682,0.86688,1.00,1.25
2017.11.13 15:01:13.504,0.86685,0.86689,1.00,3.19
2017.11.13 15:01:15.437,0.86686,0.86689,1.00,1.25
2017.11.13 15:01:15.975,0.86687,0.86691,1.00,3.94
2017.11.13 15:01:16.180,0.86683,0.86688,1.00,1.69
2017.11.13 15:01:16.704,0.86684,0.86688,1.00,2.81
2017.11.13 15:01:16.756,0.8668,0.86684,1.00,1.25
2017.11.13 15:01:16.807,0.86681,0.86685,1.00,2.06
2017.11.13 15:01:16.910,0.8668,0.86685,1.12,1.19
2017.11.13 15:01:17.115,0.86683,0.86688,1.00,1.19
2017.11.13 15:01:17.218,0.86683,0.86687,1.00,1.25
2017.11.13 15:01:17.320,0.86685,0.86687,1.00,1.00
2017.11.13 15:01:18.057,0.86683,0.86688,1.12,1.19
2017.11.13 15:01:18.608,0.86682,0.86687,1.12,1.19
2017.11.13 15:01:19.610,0.86681,0.86685,1.12,1.19
2017.11.13 15:01:19.805,0.86682,0.86686,1.00,1.31
2017.11.13 15:01:19.857,0.8668,0.86685,1.37,1.00
2017.11.13 15:01:20.113,0.86677,0.86681,1.50,1.00
2017.11.13 15:01:20.166,0.86679,0.86683,1.00,2.25
2017.11.13 15:01:20.423,0.86682,0.86686,1.00,3.19
2017.11.13 15:01:20.800,0.86683,0.86687,1.00,3.19
2017.11.13 15:01:21.342,0.86683,0.86688,1.00,2.06
2017.11.13 15:01:21.856,0.86684,0.86689,1.00,2.06
2017.11.13 15:01:22.754,0.86685,0.86689,1.00,1.31
2017.11.13 15:01:23.628,0.86685,0.86689,1.00,1.25
2017.11.13 15:01:24.268,0.86684,0.86688,1.00,3.19
2017.11.13 15:01:25.036,0.86683,0.86687,1.00,1.31
2017.11.13 15:01:26.125,0.86684,0.86688,1.00,1.87
2017.11.13 15:01:26.704,0.86684,0.86688,1.00,2.81
2017.11.13 15:01:27.905,0.86684,0.86688,1.00,1.00
2017.11.13 15:01:28.446,0.86685,0.86689,1.00,2.06
2017.11.13 15:01:29.243,0.86685,0.86689,1.00,1.25
2017.11.13 15:01:30.916,0.86686,0.8669,1.00,3.56
2017.11.13 15:01:31.943,0.86685,0.8669,1.00,2.81
2017.11.13 15:01:32.716,0.86685,0.8669,1.00,2.06
2017.11.13 15:01:33.107,0.86687,0.86691,1.12,1.00
2017.11.13 15:01:33.158,0.86689,0.86693,1.00,1.69
2017.11.13 15:01:34.612,0.8669,0.86694,1.00,2.81
2017.11.13 15:01:39.147,0.86688,0.86692,1.00,1.25
2017.11.13 15:01:40.111,0.86687,0.86692,1.00,1.69
2017.11.13 15:01:40.786,0.86687,0.86692,1.00,1.69
2017.11.13 15:01:40.939,0.86685,0.8669,1.50,1.69
2017.11.13 15:01:41.479,0.86684,0.86689,1.12,1.19
2017.11.13 15:01:42.793,0.86686,0.8669,1.00,1.69
2017.11.13 15:01:43.459,0.86686,0.8669,1.12,1.00
2017.11.13 15:01:44.547,0.86686,0.8669,1.12,1.00
2017.11.13 15:01:45.349,0.86687,0.86691,1.00,2.06
2017.11.13 15:01:45.823,0.86686,0.8669,1.00,1.00
2017.11.13 15:01:46.913,0.86686,0.8669,1.00,1.50
2017.11.13 15:01:47.431,0.86689,0.86692,1.00,1.00
2017.11.13 15:01:47.483,0.86689,0.86693,1.00,2.25
2017.11.13 15:01:48.540,0.86688,0.86692,1.00,1.00
2017.11.13 15:01:49.204,0.86689,0.86693,1.00,2.25
2017.11.13 15:01:50.673,0.86688,0.86693,1.12,1.00
2017.11.13 15:01:51.928,0.86689,0.86693,1.00,1.00
2017.11.13 15:01:52.582,0.86688,0.86693,1.12,1.00
2017.11.13 15:01:53.443,0.86687,0.86692,1.00,1.00
2017.11.13 15:01:53.990,0.86687,0.86691,1.12,1.00
2017.11.13 15:01:54.653,0.86687,0.86693,1.12,2.44
2017.11.13 15:01:55.106,0.86686,0.8669,1.50,1.00
2017.11.13 15:01:56.377,0.86684,0.86688,2.44,1.00
2017.11.13 15:01:56.428,0.86682,0.86687,1.31,1.00
2017.11.13 15:01:57.120,0.86682,0.86686,1.31,1.00
2017.11.13 15:01:57.998,0.86682,0.86687,1.31,1.00
2017.11.13 15:01:58.530,0.86681,0.86686,2.44,1.00
2017.11.13 15:01:58.755,0.86679,0.86684,3.56,1.00
2017.11.13 15:01:58.909,0.86677,0.86681,1.31,1.00
2017.11.13 15:01:59.269,0.86675,0.86679,1.69,1.00
2017.11.13 15:01:59.485,0.86676,0.86681,1.50,1.50
2017.11.13 15:01:59.998,0.86677,0.86681,1.69,1.00
2017.11.13 15:02:00.518,0.86678,0.86682,1.69,1.00
2017.11.13 15:02:00.672,0.86678,0.86685,2.44,3.00
2017.11.13 15:02:01.174,0.86679,0.86684,1.00,1.00
2017.11.13 15:02:01.228,0.86681,0.86685,1.00,2.44
2017.11.13 15:02:01.854,0.86682,0.86686,1.00,1.69
2017.11.13 15:02:02.898,0.86681,0.86685,1.00,1.00
2017.11.13 15:02:03.434,0.86683,0.86687,1.00,2.44
2017.11.13 15:02:03.965,0.86684,0.86688,1.00,2.44
2017.11.13 15:02:07.210,0.86683,0.86687,1.00,1.25
2017.11.13 15:02:07.758,0.86682,0.86687,1.00,2.44
2017.11.13 15:02:08.303,0.8668,0.86686,2.25,1.25
2017.11.13 15:02:08.894,0.8668,0.86685,2.62,1.00
2017.11.13 15:02:09.520,0.8668,0.86685,1.87,1.00
2017.11.13 15:02:09.921,0.86681,0.86686,1.87,1.00
2017.11.13 15:02:10.467,0.86681,0.86686,1.50,1.00
2017.11.13 15:02:10.822,0.86683,0.86688,1.00,1.69
2017.11.13 15:02:11.333,0.86682,0.86687,1.00,1.69
2017.11.13 15:02:16.188,0.86683,0.86687,1.00,1.12
2017.11.13 15:02:16.404,0.86684,0.86689,1.12,1.25
2017.11.13 15:02:16.507,0.86682,0.86688,1.12,1.31
2017.11.13 15:02:18.585,0.86681,0.86688,2.25,2.44
2017.11.13 15:02:18.790,0.8668,0.86686,3.75,1.25
2017.11.13 15:02:19.292,0.8668,0.86686,1.00,2.44
2017.11.13 15:02:19.812,0.86681,0.86686,1.00,1.69
2017.11.13 15:02:22.820,0.8668,0.86685,1.00,2.44
2017.11.13 15:02:23.321,0.86681,0.86686,1.00,1.19
2017.11.13 15:02:23.744,0.86682,0.86687,1.12,2.44
2017.11.13 15:02:24.321,0.86681,0.86687,2.25,1.69
2017.11.13 15:02:25.119,0.86682,0.86687,1.50,1.25
2017.11.13 15:02:30.063,0.86682,0.86686,1.00,1.25
2017.11.13 15:02:30.650,0.8668,0.86686,2.25,1.25
2017.11.13 15:02:36.887,0.86679,0.86686,3.94,1.00
2017.11.13 15:02:37.417,0.86679,0.86685,1.37,1.25
2017.11.13 15:02:37.674,0.86678,0.86683,1.00,1.00
2017.11.13 15:02:38.426,0.86677,0.86684,3.00,3.19
2017.11.13 15:02:38.930,0.86678,0.86684,1.87,2.44
2017.11.13 15:02:42.345,0.86679,0.86685,1.50,1.25
2017.11.13 15:02:42.857,0.86679,0.86685,1.50,1.69
2017.11.13 15:02:44.073,0.86678,0.86685,2.25,1.69
2017.11.13 15:02:44.385,0.86676,0.86682,1.69,1.00
2017.11.13 15:02:44.933,0.86675,0.86682,3.19,1.00
2017.11.13 15:02:45.453,0.86675,0.86681,2.44,1.00
2017.11.13 15:02:46.115,0.86675,0.86682,3.19,1.50
2017.11.13 15:02:48.872,0.86676,0.86681,1.12,1.00
2017.11.13 15:02:53.517,0.86676,0.86683,2.62,2.81
2017.11.13 15:02:54.592,0.86675,0.86681,2.25,1.00
2017.11.13 15:02:55.828,0.86676,0.86682,3.00,1.69
2017.11.13 15:02:56.227,0.86676,0.86683,3.94,1.50
2017.11.13 15:02:58.236,0.86677,0.86681,1.00,1.00
2017.11.13 15:02:59.547,0.86677,0.86684,2.25,3.94
2017.11.13 15:03:00.228,0.86677,0.86683,2.25,1.00
2017.11.13 15:03:00.760,0.86677,0.86684,1.50,3.94
2017.11.13 15:03:00.863,0.86676,0.86682,2.62,1.25
2017.11.13 15:03:00.915,0.86676,0.86682,2.25,1.25
2017.11.13 15:03:02.105,0.86676,0.86682,3.00,1.25
2017.11.13 15:03:02.655,0.86677,0.86684,3.37,3.56
2017.11.13 15:03:03.388,0.86679,0.86684,1.00,1.00
2017.11.13 15:03:03.617,0.86678,0.86683,1.87,1.19
2017.11.13 15:03:03.924,0.86677,0.86683,1.50,1.25
2017.11.13 15:03:07.270,0.86677,0.86684,1.50,2.44
2017.11.13 15:03:07.322,0.8668,0.86684,1.00,1.00
2017.11.13 15:03:07.425,0.8668,0.86686,1.12,1.25
2017.11.13 15:03:07.752,0.86684,0.86688,1.00,2.81
2017.11.13 15:03:07.804,0.86685,0.86692,1.87,2.44
2017.11.13 15:03:08.346,0.86687,0.86692,1.12,1.25
2017.11.13 15:03:10.138,0.86686,0.86691,1.50,1.00
2017.11.13 15:03:10.888,0.86688,0.86692,1.00,1.69
2017.11.13 15:03:11.398,0.86687,0.86692,1.12,1.25
2017.11.13 15:03:11.755,0.86683,0.86687,1.00,1.12
2017.11.13 15:03:12.297,0.86682,0.86688,2.25,1.69
2017.11.13 15:03:12.977,0.8668,0.86685,2.44,1.00
2017.11.13 15:03:13.382,0.86683,0.86688,1.00,2.44
2017.11.13 15:03:14.609,0.86682,0.86689,2.25,4.69
2017.11.13 15:03:15.249,0.86682,0.86689,2.25,4.69
2017.11.13 15:03:16.586,0.86683,0.86688,1.12,1.62
2017.11.13 15:03:19.348,0.86682,0.86687,2.25,1.37
2017.11.13 15:03:19.823,0.8668,0.86686,2.25,2.06
2017.11.13 15:03:20.782,0.8668,0.86685,1.50,1.62
2017.11.13 15:03:24.465,0.86677,0.86682,3.00,1.62
2017.11.13 15:03:24.772,0.86676,0.8668,1.50,1.12
2017.11.13 15:03:25.138,0.86676,0.86682,1.50,3.56
2017.11.13 15:03:25.783,0.86676,0.86681,1.50,1.62
2017.11.13 15:03:26.087,0.86674,0.86678,1.87,1.00
2017.11.13 15:03:26.611,0.86674,0.86678,1.12,1.00
2017.11.13 15:03:28.141,0.86673,0.86678,1.87,1.25
2017.11.13 15:03:28.295,0.86669,0.86675,2.25,1.12
2017.11.13 15:03:28.805,0.86671,0.86676,1.00,3.56
2017.11.13 15:03:29.127,0.86673,0.86678,1.00,2.06
2017.11.13 15:03:30.480,0.86674,0.86678,1.00,1.31
2017.11.13 15:03:30.965,0.86672,0.86677,1.87,1.37
2017.11.13 15:03:31.995,0.86673,0.86677,1.50,1.12
2017.11.13 15:03:32.304,0.86674,0.86679,1.00,2.06
2017.11.13 15:03:35.697,0.86674,0.86679,1.87,2.06
2017.11.13 15:03:37.672,0.86674,0.86679,1.00,2.06
2017.11.13 15:03:37.774,0.86673,0.86678,1.00,2.06
2017.11.13 15:03:38.299,0.86672,0.86677,1.12,1.62
2017.11.13 15:03:42.119,0.86672,0.86676,1.00,1.31
2017.11.13 15:03:44.800,0.86671,0.86676,1.00,1.31
2017.11.13 15:03:45.300,0.86671,0.86675,2.25,1.00
2017.11.13 15:03:45.765,0.86671,0.86677,1.87,1.12
2017.11.13 15:03:46.305,0.86672,0.86678,1.87,1.25
2017.11.13 15:03:47.592,0.86672,0.86678,1.75,1.25
2017.11.13 15:03:49.168,0.86672,0.86678,1.87,1.25
2017.11.13 15:03:49.674,0.86669,0.86674,2.06,1.00
2017.11.13 15:03:49.982,0.86671,0.86676,1.50,1.25
2017.11.13 15:03:51.043,0.86669,0.86676,2.00,1.87
2017.11.13 15:03:51.196,0.8667,0.86674,1.12,1.00
2017.11.13 15:03:51.726,0.86669,0.86673,1.12,1.00
2017.11.13 15:03:53.671,0.8667,0.86675,1.50,1.00
2017.11.13 15:03:54.542,0.8667,0.86674,1.12,1.00
2017.11.13 15:03:56.361,0.86671,0.86675,1.00,1.00
2017.11.13 15:03:56.628,0.86671,0.86676,1.00,1.00
2017.11.13 15:03:57.340,0.86671,0.86676,1.37,1.00
2017.11.13 15:03:58.769,0.86673,0.86677,1.12,1.00
2017.11.13 15:03:59.327,0.86673,0.86678,1.69,1.00
2017.11.13 15:04:00.663,0.86675,0.8668,1.00,1.12
2017.11.13 15:04:00.908,0.86677,0.86681,1.00,3.19
2017.11.13 15:04:03.024,0.86675,0.8668,1.00,2.06
2017.11.13 15:04:03.230,0.86675,0.8668,1.00,2.81
2017.11.13 15:04:03.734,0.86673,0.86679,1.50,1.25
2017.11.13 15:04:12.878,0.86673,0.86679,1.50,1.19
2017.11.13 15:04:16.602,0.86673,0.86677,1.00,1.00
2017.11.13 15:04:17.119,0.86671,0.86677,2.25,1.25
2017.11.13 15:04:17.543,0.86669,0.86675,2.25,2.06
2017.11.13 15:04:18.159,0.86669,0.86675,1.50,3.56
2017.11.13 15:04:18.731,0.86671,0.86675,1.00,3.56
2017.11.13 15:04:19.307,0.86669,0.86674,1.50,2.06
2017.11.13 15:04:20.728,0.86668,0.86674,1.50,2.81
2017.11.13 15:04:21.512,0.86669,0.86675,1.12,5.06
2017.11.13 15:04:22.523,0.86669,0.86674,1.12,1.31
2017.11.13 15:04:23.398,0.86669,0.86675,1.12,4.69
2017.11.13 15:04:25.233,0.86669,0.86675,1.12,2.44
2017.11.13 15:04:25.286,0.86671,0.86675,1.12,2.06
2017.11.13 15:04:25.840,0.8667,0.86676,1.87,1.00
2017.11.13 15:04:26.149,0.86671,0.86677,1.50,2.81
2017.11.13 15:04:26.798,0.86669,0.86676,2.44,1.00
2017.11.13 15:04:27.341,0.86669,0.86676,2.25,1.69
2017.11.13 15:04:28.185,0.86669,0.86676,2.25,3.19
2017.11.13 15:04:28.782,0.86668,0.86674,3.00,1.25
2017.11.13 15:04:29.312,0.86668,0.86674,2.25,1.69
2017.11.13 15:04:30.241,0.86667,0.86673,1.87,1.00
2017.11.13 15:04:30.903,0.86668,0.86674,1.50,1.31
2017.11.13 15:04:31.510,0.86667,0.86673,1.87,1.00
2017.11.13 15:04:32.076,0.86669,0.86675,1.12,4.69
2017.11.13 15:04:37.000,0.86664,0.86671,4.87,1.25
2017.11.13 15:04:37.256,0.86664,0.86669,2.25,1.00
2017.11.13 15:04:37.800,0.86663,0.8667,1.50,2.81
2017.11.13 15:04:38.390,0.86664,0.8667,1.12,2.81
2017.11.13 15:04:38.441,0.86667,0.86671,1.00,2.81
2017.11.13 15:04:38.991,0.86666,0.86672,2.25,1.69
2017.11.13 15:04:39.210,0.86666,0.86671,1.87,1.31
2017.11.13 15:04:39.466,0.86667,0.86673,1.50,2.06
2017.11.13 15:04:40.042,0.86667,0.86672,1.00,2.06
2017.11.13 15:04:40.965,0.86669,0.86672,1.00,1.00
2017.11.13 15:04:42.227,0.86669,0.86674,1.00,1.25
2017.11.13 15:04:42.930,0.8667,0.86674,1.00,1.25
2017.11.13 15:04:42.982,0.86668,0.86674,1.12,1.69
2017.11.13 15:04:43.034,0.86666,0.86673,4.12,2.81
2017.11.13 15:04:43.582,0.86665,0.86671,1.75,1.00
2017.11.13 15:04:46.414,0.86667,0.86673,1.12,2.81
2017.11.13 15:04:46.721,0.86668,0.86673,1.50,1.12
2017.11.13 15:04:47.136,0.86672,0.86676,1.00,2.06
2017.11.13 15:04:47.650,0.86671,0.86676,1.12,1.69
2017.11.13 15:04:48.177,0.86671,0.86676,1.00,3.56
2017.11.13 15:04:48.858,0.86668,0.86672,1.00,1.00
2017.11.13 15:04:49.233,0.86666,0.86671,1.00,1.37
2017.11.13 15:04:49.387,0.86665,0.86669,1.00,1.50
2017.11.13 15:04:50.042,0.86669,0.86673,1.00,4.31
2017.11.13 15:04:50.093,0.86669,0.86673,1.00,3.56
2017.11.13 15:04:50.563,0.86669,0.86673,1.00,1.69
2017.11.13 15:04:50.718,0.86672,0.86676,1.00,4.31
2017.11.13 15:04:52.007,0.86671,0.86676,1.00,1.69
2017.11.13 15:04:52.590,0.86672,0.86677,1.00,1.31
2017.11.13 15:04:52.848,0.8667,0.86674,1.00,1.69
2017.11.13 15:04:54.044,0.86669,0.86674,1.00,2.44
2017.11.13 15:04:54.554,0.86669,0.86674,1.00,1.69
2017.11.13 15:04:55.953,0.8667,0.86675,1.00,1.19
2017.11.13 15:04:56.266,0.86671,0.86676,1.12,1.19
2017.11.13 15:04:56.369,0.86673,0.86677,1.00,1.25
2017.11.13 15:04:56.892,0.86673,0.86677,1.00,1.25
2017.11.13 15:05:01.054,0.86671,0.86676,1.12,1.19
2017.11.13 15:05:01.622,0.86671,0.86676,1.00,1.69
2017.11.13 15:05:02.791,0.86671,0.86676,1.00,1.19
2017.11.13 15:05:03.023,0.86672,0.86676,1.00,1.25
2017.11.13 15:05:03.622,0.86671,0.86676,1.00,1.19
2017.11.13 15:05:04.918,0.86672,0.86676,1.00,1.25
2017.11.13 15:05:05.435,0.86672,0.86677,1.12,1.19
2017.11.13 15:05:05.765,0.86674,0.86677,1.00,1.00
2017.11.13 15:05:06.120,0.86674,0.86679,1.00,1.00
2017.11.13 15:05:06.719,0.86674,0.8668,1.00,1.69
2017.11.13 15:05:07.170,0.86673,0.86677,1.00,1.00
2017.11.13 15:05:08.700,0.86672,0.86676,1.12,1.00
2017.11.13 15:05:09.328,0.8667,0.86675,3.56,1.00
2017.11.13 15:05:09.830,0.86671,0.86675,1.50,1.00
2017.11.13 15:05:11.854,0.86672,0.86676,1.12,1.00
2017.11.13 15:05:12.164,0.86674,0.86678,1.00,1.00
2017.11.13 15:05:13.363,0.86673,0.86677,1.00,1.00
2017.11.13 15:05:13.981,0.86674,0.86678,1.00,1.31
2017.11.13 15:05:19.919,0.86675,0.86679,1.00,2.44
2017.11.13 15:05:20.123,0.86673,0.86678,1.00,1.25
2017.11.13 15:05:21.868,0.86673,0.86677,1.00,1.00
2017.11.13 15:05:22.021,0.86671,0.86675,1.00,1.00
2017.11.13 15:05:23.090,0.8667,0.86674,1.12,1.19
2017.11.13 15:05:23.421,0.86669,0.86673,1.00,1.69
2017.11.13 15:05:23.944,0.86669,0.86673,1.00,1.69
2017.11.13 15:05:24.273,0.86664,0.86668,1.00,1.00
2017.11.13 15:05:24.427,0.86664,0.86668,1.00,1.00
2017.11.13 15:05:24.684,0.86665,0.8667,1.00,1.87
2017.11.13 15:05:24.993,0.86668,0.86672,1.00,1.50
2017.11.13 15:05:25.514,0.86669,0.86673,1.00,2.62
2017.11.13 15:05:26.227,0.86669,0.86673,1.00,1.87
2017.11.13 15:05:27.845,0.86669,0.86674,1.00,1.50
2017.11.13 15:05:28.564,0.86669,0.86673,1.00,1.00
2017.11.13 15:05:30.006,0.86669,0.86674,1.00,1.00
2017.11.13 15:05:30.472,0.86671,0.86675,1.00,1.00
2017.11.13 15:05:30.860,0.86671,0.86676,1.00,2.25
2017.11.13 15:05:31.092,0.86669,0.86673,1.12,1.12
2017.11.13 15:05:31.372,0.86672,0.86676,1.00,3.75
2017.11.13 15:05:32.165,0.86672,0.86676,1.00,2.62
2017.11.13 15:05:32.837,0.8667,0.86676,1.69,1.00
2017.11.13 15:05:33.369,0.86669,0.86675,1.31,1.50
2017.11.13 15:05:35.537,0.86669,0.86675,1.31,1.00
2017.11.13 15:05:36.087,0.86669,0.86676,3.94,1.12
2017.11.13 15:05:36.841,0.8667,0.86677,2.44,2.25
2017.11.13 15:05:37.276,0.86672,0.86678,1.19,1.50
2017.11.13 15:05:37.608,0.86676,0.8668,1.00,2.25
2017.11.13 15:05:38.155,0.86676,0.8668,1.00,1.87
2017.11.13 15:05:38.660,0.86677,0.86681,1.00,1.12
2017.11.13 15:05:39.195,0.86676,0.8668,1.00,1.00
2017.11.13 15:05:40.971,0.86676,0.8668,1.00,1.00
2017.11.13 15:05:41.474,0.86677,0.86682,1.00,3.37
2017.11.13 15:05:41.998,0.86678,0.86682,1.00,2.06
2017.11.13 15:05:44.727,0.86679,0.86684,1.00,2.06
2017.11.13 15:05:45.058,0.86675,0.86681,2.62,1.00
2017.11.13 15:05:45.593,0.86676,0.86681,1.00,1.00
2017.11.13 15:05:46.186,0.86677,0.86681,1.00,1.00
2017.11.13 15:05:46.732,0.86676,0.86682,2.06,1.00
2017.11.13 15:05:47.509,0.86675,0.86681,2.44,1.00
2017.11.13 15:05:48.046,0.86675,0.86681,1.12,1.50
2017.11.13 15:05:48.491,0.86674,0.86678,1.00,1.00
2017.11.13 15:05:48.542,0.86673,0.86678,1.12,1.00
2017.11.13 15:05:49.061,0.86673,0.86679,2.25,1.00
2017.11.13 15:05:50.540,0.86673,0.86678,1.50,1.00
2017.11.13 15:05:50.698,0.86673,0.8668,3.19,1.00
2017.11.13 15:05:51.384,0.86673,0.8668,4.31,1.00
2017.11.13 15:05:51.486,0.86674,0.86678,1.00,1.00
2017.11.13 15:05:52.309,0.86673,0.86678,1.87,1.00
2017.11.13 15:05:52.909,0.86674,0.86679,1.50,1.00
2017.11.13 15:05:53.493,0.86675,0.86679,1.00,1.00
2017.11.13 15:05:54.324,0.86674,0.86678,1.12,1.00
2017.11.13 15:05:54.933,0.86674,0.86679,1.12,1.25
2017.11.13 15:05:55.242,0.8668,0.86687,3.00,2.81
2017.11.13 15:05:55.806,0.8668,0.86687,3.37,2.44
2017.11.13 15:05:55.959,0.8668,0.86687,4.12,1.69
2017.11.13 15:05:56.482,0.8668,0.86687,3.00,2.06
2017.11.13 15:05:57.842,0.8668,0.86687,1.87,2.06
2017.11.13 15:06:00.262,0.86681,0.86686,1.00,1.69
2017.11.13 15:06:00.847,0.8668,0.86685,1.12,1.00
2017.11.13 15:06:02.279,0.86681,0.86686,1.00,1.19
2017.11.13 15:06:02.606,0.86681,0.86688,1.50,1.69
2017.11.13 15:06:02.891,0.86684,0.86689,1.00,1.19
2017.11.13 15:06:03.615,0.86685,0.86689,1.12,1.00
2017.11.13 15:06:04.143,0.86686,0.8669,1.00,1.00
2017.11.13 15:06:05.398,0.86687,0.86691,1.00,1.69
2017.11.13 15:06:05.549,0.86684,0.8669,2.62,1.00
2017.11.13 15:06:08.308,0.86684,0.86689,2.25,1.00
2017.11.13 15:06:08.411,0.86682,0.86687,2.25,1.00
2017.11.13 15:06:08.665,0.86681,0.86687,2.25,1.50
2017.11.13 15:06:09.171,0.86681,0.86686,3.00,1.00
2017.11.13 15:06:10.407,0.86681,0.86687,2.25,1.69
2017.11.13 15:06:12.251,0.86684,0.86688,1.00,1.25
2017.11.13 15:06:13.163,0.86681,0.86685,1.50,1.25
2017.11.13 15:06:13.219,0.86681,0.86685,1.00,1.31
2017.11.13 15:06:14.846,0.8668,0.86684,1.00,1.00
2017.11.13 15:06:16.232,0.8668,0.86684,1.00,1.00
2017.11.13 15:06:16.833,0.86681,0.86685,1.00,1.00
2017.11.13 15:06:17.883,0.86682,0.86686,1.00,2.44
2017.11.13 15:06:22.050,0.86683,0.86689,2.25,1.56
2017.11.13 15:06:22.177,0.86686,0.8669,1.50,3.00
2017.11.13 15:06:22.229,0.86687,0.86692,1.87,1.19
2017.11.13 15:06:22.281,0.86687,0.86692,1.87,1.19
2017.11.13 15:06:22.792,0.8669,0.86693,1.00,1.00
2017.11.13 15:06:22.913,0.86689,0.86693,1.00,1.00
2017.11.13 15:06:23.339,0.8669,0.86695,1.00,1.12
2017.11.13 15:06:24.421,0.8669,0.86694,1.00,1.00
2017.11.13 15:06:25.436,0.8669,0.86695,1.00,1.12
2017.11.13 15:06:26.241,0.86691,0.86695,1.00,1.12
2017.11.13 15:06:26.946,0.8669,0.86694,1.00,1.00
2017.11.13 15:06:28.061,0.8669,0.86694,1.00,1.00
2017.11.13 15:06:28.333,0.86692,0.86696,1.00,2.06
2017.11.13 15:06:28.862,0.86691,0.86696,1.00,2.44
2017.11.13 15:06:30.078,0.86688,0.86694,3.19,1.00
2017.11.13 15:06:32.024,0.86689,0.86696,5.06,1.50
2017.11.13 15:06:32.331,0.86689,0.86694,1.69,1.00
2017.11.13 15:06:32.943,0.86689,0.86693,1.31,1.00
2017.11.13 15:06:34.209,0.8669,0.86694,1.00,1.00
2017.11.13 15:06:36.646,0.8669,0.86695,1.12,1.25
2017.11.13 15:06:39.465,0.8669,0.86695,1.00,1.19
2017.11.13 15:06:39.980,0.86689,0.86695,1.12,1.19
2017.11.13 15:06:41.015,0.86689,0.86695,1.00,1.31
2017.11.13 15:06:43.400,0.86688,0.86695,1.87,2.06
2017.11.13 15:06:44.137,0.86688,0.86695,1.87,2.06
2017.11.13 15:06:46.105,0.86688,0.86693,1.00,1.00
2017.11.13 15:06:46.648,0.86688,0.86692,1.00,1.00
2017.11.13 15:06:47.957,0.86687,0.86692,1.12,1.00
2017.11.13 15:06:49.792,0.86686,0.86691,1.69,1.00
2017.11.13 15:06:50.317,0.86686,0.86692,2.81,1.87
2017.11.13 15:06:50.420,0.86686,0.86691,2.06,1.00
2017.11.13 15:06:50.523,0.86684,0.86689,3.56,1.00
2017.11.13 15:06:51.034,0.86684,0.86689,2.44,1.00
2017.11.13 15:06:51.541,0.86685,0.8669,1.00,1.50
2017.11.13 15:06:51.923,0.86684,0.86688,1.31,1.00
2017.11.13 15:06:53.335,0.86684,0.86689,1.69,1.00
2017.11.13 15:06:58.283,0.86684,0.8669,2.81,1.00
2017.11.13 15:06:58.335,0.86684,0.8669,2.81,1.00
2017.11.13 15:07:00.399,0.86684,0.86691,4.31,1.50
2017.11.13 15:07:02.663,0.86688,0.86693,1.50,1.12
2017.11.13 15:07:02.868,0.86689,0.86696,1.50,3.19
2017.11.13 15:07:03.391,0.86689,0.86696,3.37,1.31
2017.11.13 15:07:04.129,0.86691,0.86697,1.00,1.69
2017.11.13 15:07:04.341,0.86692,0.86696,1.00,1.00
2017.11.13 15:07:04.444,0.8669,0.86694,2.25,1.00
2017.11.13 15:07:04.650,0.86689,0.86694,1.37,1.00
2017.11.13 15:07:05.258,0.86687,0.86693,3.19,1.00
2017.11.13 15:07:05.877,0.86687,0.86692,2.06,1.00
2017.11.13 15:07:06.231,0.86687,0.86692,2.81,1.00
2017.11.13 15:07:07.136,0.86688,0.86693,1.69,1.00
2017.11.13 15:07:07.802,0.86687,0.86693,2.81,1.00
2017.11.13 15:07:08.174,0.86689,0.86693,1.00,1.00
2017.11.13 15:07:08.690,0.86688,0.86692,1.12,1.00
2017.11.13 15:07:10.113,0.86688,0.86692,1.00,1.00
2017.11.13 15:07:10.544,0.86688,0.86692,1.00,1.50
2017.11.13 15:07:12.063,0.86687,0.86691,1.00,1.00
2017.11.13 15:07:12.433,0.86686,0.8669,1.00,1.12
2017.11.13 15:07:12.981,0.86685,0.8669,1.12,1.12
2017.11.13 15:07:13.313,0.86684,0.86691,1.69,1.75
2017.11.13 15:07:13.415,0.86682,0.86688,1.00,1.75
2017.11.13 15:07:13.569,0.86684,0.86688,1.00,1.12
2017.11.13 15:07:13.870,0.86685,0.86689,1.00,1.31
2017.11.13 15:07:15.181,0.86684,0.86688,1.00,1.00
2017.11.13 15:07:15.379,0.86683,0.86688,1.00,2.44
2017.11.13 15:07:16.593,0.86681,0.86685,1.00,1.12
2017.11.13 15:07:17.503,0.8668,0.86684,1.00,1.00
2017.11.13 15:07:18.265,0.8668,0.86684,1.00,1.00
2017.11.13 15:07:19.046,0.86683,0.86687,1.00,1.69
2017.11.13 15:07:19.098,0.86683,0.86686,1.00,1.00
2017.11.13 15:07:19.150,0.86684,0.86688,1.00,1.25
2017.11.13 15:07:19.666,0.86685,0.86689,1.00,1.00
2017.11.13 15:07:19.769,0.86688,0.86692,1.00,1.25
2017.11.13 15:07:20.280,0.86688,0.86695,2.62,2.44
2017.11.13 15:07:21.175,0.86689,0.86695,1.50,1.69
2017.11.13 15:07:21.413,0.86689,0.86695,1.50,1.25
2017.11.13 15:07:21.870,0.8669,0.86697,2.06,2.25
2017.11.13 15:07:22.126,0.86691,0.86697,2.81,1.12
2017.11.13 15:07:22.178,0.8669,0.86696,1.62,1.00
2017.11.13 15:07:22.632,0.86688,0.86694,2.25,1.00
2017.11.13 15:07:22.736,0.86689,0.86695,1.37,1.25
2017.11.13 15:07:23.245,0.8669,0.86697,1.50,3.19
2017.11.13 15:07:23.794,0.86689,0.86696,1.50,1.69
2017.11.13 15:07:24.756,0.8669,0.86697,2.25,3.19
2017.11.13 15:07:25.064,0.86689,0.86695,1.25,1.50
2017.11.13 15:07:25.598,0.86688,0.86695,3.94,1.00
2017.11.13 15:07:26.167,0.86688,0.86694,1.69,1.50
2017.11.13 15:07:26.740,0.86686,0.86693,3.56,1.50
2017.11.13 15:07:27.387,0.86689,0.86695,2.06,1.50
2017.11.13 15:07:27.438,0.86689,0.86696,4.31,1.00
2017.11.13 15:07:27.901,0.86691,0.86698,1.19,3.00
2017.11.13 15:07:28.461,0.86691,0.86697,1.69,1.00
2017.11.13 15:07:28.984,0.86692,0.86698,1.69,1.00
2017.11.13 15:07:29.634,0.86691,0.86698,3.56,1.00
2017.11.13 15:07:30.163,0.86691,0.86698,2.44,1.50
2017.11.13 15:07:30.267,0.8669,0.86696,1.19,1.50
2017.11.13 15:07:30.524,0.86691,0.86698,1.69,3.00
2017.11.13 15:07:31.097,0.8669,0.86696,2.81,1.00
2017.11.13 15:07:31.629,0.8669,0.86697,3.19,1.00
2017.11.13 15:07:32.174,0.8669,0.86697,2.44,2.25
2017.11.13 15:07:32.956,0.8669,0.86696,2.44,1.00
2017.11.13 15:07:33.391,0.86688,0.86695,2.44,1.50
2017.11.13 15:07:34.519,0.86688,0.86693,1.00,1.00
2017.11.13 15:07:35.078,0.86688,0.86694,2.44,1.00
2017.11.13 15:07:36.518,0.86688,0.86693,1.25,1.00
2017.11.13 15:07:37.214,0.86686,0.86693,2.81,1.50
2017.11.13 15:07:37.742,0.86689,0.86693,2.25,1.00
2017.11.13 15:07:37.896,0.86689,0.86696,2.25,2.44
2017.11.13 15:07:38.485,0.86689,0.86696,2.25,2.81
2017.11.13 15:07:39.001,0.8669,0.86696,1.00,2.06
2017.11.13 15:07:39.542,0.8669,0.86697,1.00,3.94
2017.11.13 15:07:41.053,0.8669,0.86697,1.25,3.75
2017.11.13 15:07:41.565,0.86691,0.86697,1.00,2.62
2017.11.13 15:07:44.765,0.86692,0.86697,1.00,1.31
2017.11.13 15:07:44.920,0.86693,0.86699,1.00,2.06
2017.11.13 15:07:45.075,0.86695,0.86699,1.00,2.06
2017.11.13 15:07:45.555,0.86695,0.867,1.00,1.87
2017.11.13 15:07:46.067,0.86695,0.86699,1.00,1.00
2017.11.13 15:07:46.740,0.86695,0.86699,1.00,1.00
2017.11.13 15:07:47.281,0.86695,0.867,1.12,1.25
2017.11.13 15:07:48.639,0.86695,0.86699,1.00,1.00
2017.11.13 15:07:49.143,0.86694,0.867,1.12,2.25
2017.11.13 15:07:49.451,0.86697,0.86701,1.00,2.06
2017.11.13 15:07:50.158,0.86698,0.86702,1.00,1.50
2017.11.13 15:07:50.722,0.86696,0.86701,2.25,1.00
2017.11.13 15:07:51.249,0.86696,0.867,2.25,1.00
2017.11.13 15:07:51.782,0.86696,0.86701,2.25,1.00
2017.11.13 15:07:52.324,0.86696,0.86701,1.25,1.00
2017.11.13 15:07:53.151,0.86696,0.86701,2.44,1.12
2017.11.13 15:07:53.621,0.86697,0.86703,1.50,1.12
2017.11.13 15:07:54.136,0.86697,0.86702,1.50,1.00
2017.11.13 15:07:54.847,0.86697,0.86702,2.62,1.00
2017.11.13 15:07:55.103,0.86698,0.86704,1.12,2.06
2017.11.13 15:07:55.633,0.86699,0.86704,1.12,1.25
2017.11.13 15:07:56.152,0.86698,0.86704,1.12,2.81
2017.11.13 15:07:57.168,0.86698,0.86702,1.12,1.00
2017.11.13 15:07:58.379,0.86696,0.86702,2.62,1.69
2017.11.13 15:07:58.431,0.86694,0.867,1.87,1.25
2017.11.13 15:07:59.010,0.86694,0.86699,1.00,1.00
2017.11.13 15:07:59.659,0.86693,0.86699,2.25,1.25
2017.11.13 15:08:00.282,0.86693,0.86698,2.25,1.00
2017.11.13 15:08:00.593,0.86695,0.867,1.00,1.31
2017.11.13 15:08:03.706,0.86698,0.86702,1.00,1.25
2017.11.13 15:08:04.216,0.86698,0.86702,1.00,1.25
2017.11.13 15:08:04.818,0.86698,0.86702,1.00,1.25
2017.11.13 15:08:05.050,0.867,0.86704,1.00,1.69
2017.11.13 15:08:05.101,0.867,0.86704,1.00,2.44
2017.11.13 15:08:05.745,0.86699,0.86703,1.00,1.12
2017.11.13 15:08:06.262,0.86699,0.86703,1.00,1.00
2017.11.13 15:08:06.803,0.867,0.86704,1.00,2.06
2017.11.13 15:08:07.453,0.86701,0.86705,1.00,2.81
2017.11.13 15:08:08.144,0.867,0.86705,1.00,2.06
2017.11.13 15:08:08.690,0.86702,0.86706,1.00,2.44
2017.11.13 15:08:09.309,0.86701,0.86705,1.00,2.06
2017.11.13 15:08:09.831,0.867,0.86704,1.00,1.00
2017.11.13 15:08:10.382,0.86701,0.86705,1.00,2.06
2017.11.13 15:08:10.908,0.86699,0.86705,1.00,2.44
2017.11.13 15:08:13.036,0.867,0.86705,1.00,2.06
2017.11.13 15:08:14.498,0.867,0.86704,1.00,1.00
2017.11.13 15:08:15.450,0.86699,0.86706,2.25,3.56
2017.11.13 15:08:16.195,0.86698,0.86704,1.50,1.19
2017.11.13 15:08:16.568,0.86697,0.86703,1.87,1.25
2017.11.13 15:08:17.113,0.86698,0.86703,1.00,1.31
2017.11.13 15:08:17.574,0.86698,0.86705,1.12,3.19
2017.11.13 15:08:18.096,0.86698,0.86705,2.25,3.19
2017.11.13 15:08:19.435,0.86697,0.86702,2.62,1.25
2017.11.13 15:08:19.943,0.86698,0.86702,1.00,2.06
2017.11.13 15:08:20.509,0.86698,0.86703,1.00,2.06
2017.11.13 15:08:21.129,0.86699,0.86704,1.00,3.19
2017.11.13 15:08:21.715,0.86699,0.86705,1.00,3.94
2017.11.13 15:08:23.284,0.86699,0.86705,1.00,3.19
2017.11.13 15:08:23.396,0.86702,0.86706,1.00,1.87
2017.11.13 15:08:26.409,0.86702,0.86707,1.00,3.56
2017.11.13 15:08:28.238,0.86703,0.86707,1.00,1.31
2017.11.13 15:08:28.761,0.86703,0.86707,1.00,1.31
2017.11.13 15:08:29.943,0.86704,0.86708,1.00,2.81
2017.11.13 15:08:30.045,0.86701,0.86706,1.00,1.50
2017.11.13 15:08:30.574,0.86702,0.86707,1.00,2.44
2017.11.13 15:08:30.823,0.867,0.86704,1.00,1.31
2017.11.13 15:08:31.437,0.86699,0.86704,1.00,1.31
2017.11.13 15:08:31.985,0.86702,0.86705,1.00,1.50
2017.11.13 15:08:32.037,0.86704,0.86708,1.00,1.69
2017.11.13 15:08:32.193,0.86706,0.86709,1.00,1.50
2017.11.13 15:08:32.245,0.86707,0.86711,1.00,2.44
2017.11.13 15:08:32.424,0.86707,0.86711,1.00,1.25
2017.11.13 15:08:33.106,0.86708,0.86712,1.00,1.50
2017.11.13 15:08:33.748,0.86708,0.86712,1.00,1.00
2017.11.13 15:08:34.452,0.86708,0.86712,1.00,1.87
2017.11.13 15:08:34.765,0.86705,0.86711,1.50,2.06
2017.11.13 15:08:35.125,0.86705,0.86712,1.87,3.19
2017.11.13 15:08:35.228,0.86706,0.86712,1.12,2.81
2017.11.13 15:08:35.832,0.86708,0.86712,1.00,2.25
2017.11.13 15:08:36.578,0.86708,0.86712,1.00,2.44
2017.11.13 15:08:36.794,0.86706,0.8671,1.00,1.31
2017.11.13 15:08:37.302,0.86707,0.86711,1.00,2.81
2017.11.13 15:08:38.429,0.86705,0.8671,1.00,1.19
2017.11.13 15:08:39.497,0.86705,0.8671,1.00,1.87
2017.11.13 15:08:39.761,0.86705,0.8671,1.00,1.87
2017.11.13 15:08:40.342,0.86706,0.8671,1.00,1.50
2017.11.13 15:08:41.959,0.86706,0.8671,1.00,1.50
2017.11.13 15:08:44.198,0.86707,0.86711,1.00,2.06
2017.11.13 15:08:45.915,0.86706,0.86711,1.00,1.62
2017.11.13 15:08:47.944,0.86707,0.86711,1.00,1.00
2017.11.13 15:08:48.476,0.86706,0.86713,1.12,3.56
2017.11.13 15:08:48.528,0.86709,0.86713,1.00,2.81
2017.11.13 15:08:50.050,0.86707,0.86713,1.37,2.44
2017.11.13 15:08:50.670,0.86708,0.86715,1.37,4.31
2017.11.13 15:08:51.223,0.86708,0.86715,1.50,3.56
2017.11.13 15:08:52.496,0.86708,0.86715,1.50,3.56
2017.11.13 15:08:54.854,0.86709,0.86715,1.00,3.19
2017.11.13 15:08:55.486,0.86709,0.86716,1.69,1.50
2017.11.13 15:08:56.054,0.8671,0.86717,1.50,3.56
2017.11.13 15:08:57.259,0.86711,0.86717,1.00,2.25
2017.11.13 15:08:58.411,0.86709,0.86716,2.81,2.62
2017.11.13 15:08:58.759,0.8671,0.86716,1.00,2.81
2017.11.13 15:08:59.297,0.86711,0.86715,1.00,1.00
2017.11.13 15:09:00.065,0.8671,0.86715,1.00,1.50
2017.11.13 15:09:00.424,0.86708,0.86715,2.44,2.62
2017.11.13 15:09:00.612,0.86708,0.86715,1.69,3.00
2017.11.13 15:09:01.022,0.86706,0.8671,2.25,1.00
2017.11.13 15:09:01.353,0.86704,0.86708,1.25,1.00
2017.11.13 15:09:01.661,0.86704,0.86708,1.00,1.25
2017.11.13 15:09:01.823,0.86699,0.86704,1.12,2.06
2017.11.13 15:09:01.875,0.86696,0.86701,1.00,1.12
2017.11.13 15:09:01.926,0.86696,0.86701,1.62,1.12
2017.11.13 15:09:02.029,0.86698,0.86704,1.87,2.44
2017.11.13 15:09:02.131,0.86699,0.86706,1.00,4.69
2017.11.13 15:09:02.655,0.86701,0.86706,1.00,1.69
2017.11.13 15:09:03.012,0.86701,0.86707,1.00,1.62
2017.11.13 15:09:04.290,0.86702,0.86707,1.00,1.69
2017.11.13 15:09:04.837,0.86703,0.86707,1.00,1.31
2017.11.13 15:09:05.802,0.86704,0.86709,1.00,1.69
2017.11.13 15:09:06.352,0.86703,0.86709,1.12,2.44
2017.11.13 15:09:06.765,0.867,0.86706,1.87,2.81
2017.11.13 15:09:07.267,0.86701,0.86708,1.87,1.69
2017.11.13 15:09:07.789,0.86702,0.86708,2.62,1.19
2017.11.13 15:09:08.315,0.86702,0.86708,3.00,1.37
2017.11.13 15:09:09.846,0.86703,0.86709,1.12,1.62
2017.11.13 15:09:10.351,0.86703,0.86709,1.12,1.25
2017.11.13 15:09:12.519,0.86704,0.8671,1.00,1.69
2017.11.13 15:09:13.270,0.86704,0.86711,1.31,1.00
2017.11.13 15:09:13.487,0.86704,0.86711,1.31,1.87
2017.11.13 15:09:14.074,0.86703,0.86708,1.69,1.00
2017.11.13 15:09:14.397,0.86699,0.86703,2.25,1.00
2017.11.13 15:09:14.451,0.86699,0.86703,1.25,1.00
2017.11.13 15:09:14.808,0.86701,0.86704,1.00,1.00
2017.11.13 15:09:14.911,0.86702,0.86706,1.00,1.00
2017.11.13 15:09:15.472,0.86703,0.86707,1.12,1.00
2017.11.13 15:09:16.053,0.86703,0.86708,1.37,1.00
2017.11.13 15:09:16.772,0.86704,0.86708,1.00,1.00
2017.11.13 15:09:17.260,0.86705,0.8671,2.62,1.00
2017.11.13 15:09:17.567,0.86704,0.86708,2.81,1.00
2017.11.13 15:09:18.284,0.86705,0.86709,1.12,1.00
2017.11.13 15:09:19.975,0.86706,0.86711,2.06,1.00
2017.11.13 15:09:20.032,0.86708,0.86712,1.00,1.00
2017.11.13 15:09:20.373,0.86708,0.86714,2.25,1.00
2017.11.13 15:09:21.414,0.86708,0.86712,1.12,1.00
2017.11.13 15:09:21.516,0.86708,0.86714,2.25,1.25
2017.11.13 15:09:21.836,0.86713,0.86717,1.00,2.44
2017.11.13 15:09:22.353,0.86712,0.86717,1.00,1.69
2017.11.13 15:09:23.312,0.86712,0.86717,1.00,1.69
2017.11.13 15:09:23.935,0.86715,0.86719,1.00,3.56
2017.11.13 15:09:23.989,0.86714,0.86719,1.00,1.69
2017.11.13 15:09:24.450,0.86712,0.86716,1.00,1.00
2017.11.13 15:09:24.502,0.86711,0.86715,1.00,1.12
2017.11.13 15:09:24.656,0.86714,0.86718,1.00,3.94
2017.11.13 15:09:25.171,0.86715,0.8672,1.00,3.94
2017.11.13 15:09:25.799,0.86713,0.8672,1.00,3.94
2017.11.13 15:09:26.382,0.86716,0.8672,1.00,2.06
2017.11.13 15:09:26.693,0.86715,0.86719,1.00,2.25
2017.11.13 15:09:26.744,0.86712,0.86718,1.50,1.19
2017.11.13 15:09:27.996,0.86713,0.86718,1.00,1.25
2017.11.13 15:09:28.506,0.86713,0.86719,2.25,1.69
2017.11.13 15:09:32.942,0.86713,0.86717,2.62,1.00
2017.11.13 15:09:34.446,0.86713,0.86718,2.25,1.00
2017.11.13 15:09:34.666,0.86716,0.8672,1.00,2.06
2017.11.13 15:09:34.973,0.86715,0.86721,1.00,2.25
2017.11.13 15:09:35.025,0.86717,0.86721,1.00,1.12
2017.11.13 15:09:36.192,0.86717,0.86721,1.00,2.06
2017.11.13 15:09:36.737,0.86715,0.86719,1.00,1.00
2017.11.13 15:09:36.942,0.86715,0.86719,1.00,1.25
2017.11.13 15:09:37.447,0.86712,0.86716,1.50,1.12
2017.11.13 15:09:37.719,0.86712,0.86716,1.00,1.69
2017.11.13 15:09:38.716,0.86711,0.86716,1.12,1.19
2017.11.13 15:09:39.254,0.8671,0.86716,1.87,1.19
2017.11.13 15:09:39.542,0.86713,0.86718,1.12,1.19
2017.11.13 15:09:39.699,0.86713,0.86718,1.12,1.31
2017.11.13 15:09:40.221,0.86714,0.86718,1.00,1.69
2017.11.13 15:09:42.733,0.86712,0.86718,1.50,1.25
2017.11.13 15:09:44.002,0.86712,0.86717,1.50,1.00
2017.11.13 15:09:44.389,0.86712,0.86715,1.12,1.00
2017.11.13 15:09:44.860,0.86711,0.86715,1.00,1.00
2017.11.13 15:09:48.108,0.8671,0.86715,1.62,1.00
2017.11.13 15:09:48.635,0.8671,0.86714,1.00,1.00
2017.11.13 15:09:50.086,0.86709,0.86714,2.81,1.00
2017.11.13 15:09:51.974,0.8671,0.86715,1.12,1.00
2017.11.13 15:09:52.468,0.86711,0.86717,1.50,2.44
2017.11.13 15:09:53.087,0.86711,0.86717,1.50,1.31
2017.11.13 15:09:54.798,0.86711,0.86717,1.87,1.12
2017.11.13 15:09:55.527,0.86714,0.86718,1.00,1.00
2017.11.13 15:09:55.579,0.86716,0.86722,1.00,3.94
2017.11.13 15:09:55.989,0.86718,0.86723,1.00,1.00
2017.11.13 15:09:56.316,0.8672,0.86726,1.50,1.50
2017.11.13 15:09:56.827,0.86721,0.86727,1.00,3.94
2017.11.13 15:09:57.612,0.86721,0.86727,1.00,3.19
2017.11.13 15:09:59.290,0.86724,0.86728,1.00,1.00
2017.11.13 15:09:59.393,0.86724,0.8673,2.44,2.25
2017.11.13 15:09:59.647,0.86727,0.86731,1.00,1.00
2017.11.13 15:09:59.964,0.86728,0.86732,1.00,1.50
2017.11.13 15:10:00.016,0.86729,0.86733,1.00,2.62
2017.11.13 15:10:00.173,0.86724,0.86729,1.00,1.37
2017.11.13 15:10:00.815,0.86725,0.86729,1.00,1.12
2017.11.13 15:10:01.451,0.86726,0.8673,1.00,2.44
2017.11.13 15:10:01.555,0.86727,0.86731,1.00,2.44
2017.11.13 15:10:02.615,0.86727,0.86731,1.00,1.31
2017.11.13 15:10:02.926,0.86728,0.86732,1.00,1.87
2017.11.13 15:10:03.478,0.86727,0.86731,1.00,1.12
2017.11.13 15:10:03.580,0.86726,0.86732,1.50,2.06
2017.11.13 15:10:03.767,0.86724,0.86728,1.00,1.00
2017.11.13 15:10:03.972,0.86724,0.8673,1.87,1.12
2017.11.13 15:10:04.227,0.86722,0.86729,3.37,2.06
2017.11.13 15:10:04.546,0.86722,0.86728,2.25,1.87
2017.11.13 15:10:04.649,0.86722,0.86728,2.25,1.50
2017.11.13 15:10:04.751,0.86721,0.86726,1.87,1.00
2017.11.13 15:10:05.108,0.86724,0.86729,1.00,2.44
2017.11.13 15:10:05.443,0.86724,0.86729,1.00,1.69
2017.11.13 15:10:05.904,0.86726,0.8673,1.00,1.31
2017.11.13 15:10:06.223,0.86728,0.86732,1.00,1.31
2017.11.13 15:10:06.275,0.86728,0.86733,1.00,1.19
2017.11.13 15:10:07.269,0.86729,0.86735,1.00,3.19
2017.11.13 15:10:07.473,0.86731,0.86737,1.00,2.06
2017.11.13 15:10:07.881,0.86729,0.86735,1.00,1.56
2017.11.13 15:10:07.933,0.86728,0.86733,1.00,1.25
2017.11.13 15:10:08.458,0.86729,0.86734,1.00,1.31
2017.11.13 15:10:08.560,0.86726,0.86732,3.37,1.00
2017.11.13 15:10:09.300,0.86727,0.86732,1.00,1.00
2017.11.13 15:10:09.711,0.86731,0.86736,1.00,4.31
2017.11.13 15:10:10.285,0.86732,0.86736,1.00,1.31
2017.11.13 15:10:10.591,0.86733,0.86738,1.00,5.81
2017.11.13 15:10:11.099,0.86733,0.86737,1.00,1.12
2017.11.13 15:10:11.614,0.86732,0.86736,1.00,1.12
2017.11.13 15:10:12.731,0.86733,0.86738,1.00,5.06
2017.11.13 15:10:13.276,0.86735,0.86739,1.00,3.19
2017.11.13 15:10:14.321,0.86734,0.86738,1.12,1.00
2017.11.13 15:10:14.673,0.86739,0.86743,1.00,3.56
2017.11.13 15:10:15.181,0.86738,0.86743,1.00,2.06
2017.11.13 15:10:15.339,0.86741,0.86745,1.00,3.19
2017.11.13 15:10:15.909,0.86741,0.86745,1.00,1.00
2017.11.13 15:10:15.961,0.86744,0.8675,1.00,3.19
2017.11.13 15:10:16.168,0.86748,0.86754,1.00,3.19
2017.11.13 15:10:16.220,0.8675,0.86754,1.00,1.69
2017.11.13 15:10:16.543,0.86747,0.86752,1.12,1.25
2017.11.13 15:10:16.646,0.86746,0.8675,2.25,1.00
2017.11.13 15:10:17.439,0.86747,0.86752,1.50,1.25
2017.11.13 15:10:17.542,0.86742,0.86749,3.19,1.12
2017.11.13 15:10:17.902,0.86745,0.86751,2.25,1.00
2017.11.13 15:10:17.955,0.86745,0.86751,1.00,1.50
2017.11.13 15:10:18.133,0.8675,0.86754,1.00,2.81
2017.11.13 15:10:18.495,0.86747,0.86751,1.00,1.00
2017.11.13 15:10:19.006,0.86746,0.86751,1.00,1.31
2017.11.13 15:10:19.440,0.8675,0.86753,1.00,1.69
2017.11.13 15:10:19.905,0.86751,0.86755,1.00,3.75
2017.11.13 15:10:19.957,0.8675,0.86754,1.00,1.00
2017.11.13 15:10:20.469,0.86749,0.86754,1.00,1.62
2017.11.13 15:10:20.989,0.86751,0.86755,1.00,1.25
2017.11.13 15:10:21.349,0.86752,0.86756,1.00,2.25
2017.11.13 15:10:21.868,0.86755,0.86758,1.00,1.31
2017.11.13 15:10:22.596,0.86754,0.86758,1.00,1.69
2017.11.13 15:10:23.182,0.86755,0.8676,1.00,3.75
2017.11.13 15:10:23.579,0.8675,0.86754,1.00,1.00
2017.11.13 15:10:24.131,0.86752,0.86756,1.00,1.12
2017.11.13 15:10:24.234,0.86752,0.86756,1.00,1.69
2017.11.13 15:10:24.286,0.86749,0.86755,1.00,1.62
2017.11.13 15:10:24.705,0.86751,0.86756,1.00,1.69
2017.11.13 15:10:25.013,0.86748,0.86753,1.00,1.69
2017.11.13 15:10:25.218,0.86752,0.86756,1.00,5.06
2017.11.13 15:10:25.768,0.86751,0.86757,1.12,1.69
2017.11.13 15:10:25.820,0.86751,0.86757,1.37,1.69
2017.11.13 15:10:27.129,0.86752,0.86758,1.12,2.44
2017.11.13 15:10:27.181,0.8675,0.86756,1.69,1.00
2017.11.13 15:10:27.780,0.86752,0.86757,1.50,1.00
2017.11.13 15:10:28.235,0.86752,0.86758,2.25,1.00
2017.11.13 15:10:28.771,0.86752,0.86757,1.50,1.25
2017.11.13 15:10:29.384,0.86749,0.86755,1.37,1.69
2017.11.13 15:10:30.438,0.86751,0.86756,1.00,1.25
2017.11.13 15:10:30.866,0.86752,0.86758,1.25,1.50
2017.11.13 15:10:31.123,0.86752,0.86757,1.00,1.31
2017.11.13 15:10:31.678,0.86751,0.86756,1.87,1.19
2017.11.13 15:10:32.226,0.86754,0.86759,1.00,1.69
2017.11.13 15:10:32.737,0.86755,0.8676,1.87,1.19
2017.11.13 15:10:33.265,0.86756,0.8676,1.00,1.25
2017.11.13 15:10:33.746,0.86753,0.86759,1.00,1.31
2017.11.13 15:10:33.900,0.86751,0.86757,1.50,2.06
2017.11.13 15:10:34.002,0.86751,0.86756,1.50,1.19
2017.11.13 15:10:34.547,0.86751,0.86756,1.87,1.19
2017.11.13 15:10:35.173,0.86753,0.86757,1.00,1.25
2017.11.13 15:10:35.480,0.86749,0.86754,1.87,1.19
2017.11.13 15:10:35.685,0.86751,0.86755,1.50,1.25
2017.11.13 15:10:35.790,0.86754,0.86759,1.00,1.69
2017.11.13 15:10:36.313,0.86755,0.8676,1.00,4.69
2017.11.13 15:10:36.961,0.86756,0.8676,1.00,1.69
2017.11.13 15:10:37.642,0.86754,0.86758,1.00,1.00
2017.11.13 15:10:37.694,0.86753,0.86758,1.25,1.00
2017.11.13 15:10:38.233,0.86754,0.86758,1.00,1.31
2017.11.13 15:10:38.996,0.86752,0.86756,1.00,1.00
2017.11.13 15:10:39.518,0.86752,0.86756,1.00,1.12
2017.11.13 15:10:40.270,0.8675,0.86755,1.25,1.50
2017.11.13 15:10:40.322,0.86749,0.86753,1.00,1.12
2017.11.13 15:10:40.854,0.86748,0.86752,1.00,1.12
2017.11.13 15:10:41.614,0.86749,0.86753,1.00,2.44
2017.11.13 15:10:42.019,0.86749,0.86753,1.00,1.00
2017.11.13 15:10:42.244,0.86749,0.86753,1.00,3.56
2017.11.13 15:10:43.093,0.86746,0.8675,1.00,1.12
2017.11.13 15:10:43.676,0.86747,0.86751,1.00,2.62
2017.11.13 15:10:44.273,0.86746,0.8675,1.00,1.00
2017.11.13 15:10:44.817,0.86746,0.8675,1.00,1.00
2017.11.13 15:10:46.324,0.86746,0.8675,1.00,2.44
2017.11.13 15:10:46.742,0.86746,0.8675,1.00,1.00
2017.11.13 15:10:46.845,0.86748,0.86752,1.00,1.00
2017.11.13 15:10:46.949,0.8675,0.86754,1.00,1.00
2017.11.13 15:10:47.754,0.86752,0.86756,1.00,2.25
2017.11.13 15:10:47.909,0.86752,0.86756,1.00,2.25
2017.11.13 15:10:48.012,0.86748,0.86752,1.31,1.00
2017.11.13 15:10:49.010,0.86752,0.86756,1.00,2.44
2017.11.13 15:10:49.732,0.86751,0.86755,1.00,1.69
2017.11.13 15:10:50.490,0.86751,0.86756,1.00,3.19
2017.11.13 15:10:50.594,0.86749,0.86754,1.00,3.56
2017.11.13 15:10:50.925,0.86751,0.86755,1.00,1.12
2017.11.13 15:10:51.027,0.86749,0.86754,1.50,1.00
2017.11.13 15:10:51.719,0.8675,0.86754,1.00,1.00
2017.11.13 15:10:51.913,0.8675,0.86754,1.00,1.00
2017.11.13 15:10:52.336,0.86749,0.86755,1.00,3.56
2017.11.13 15:10:52.847,0.86749,0.86755,1.00,1.50
2017.11.13 15:10:53.351,0.8675,0.86756,1.00,1.87
2017.11.13 15:10:53.867,0.86749,0.86756,1.69,2.25
2017.11.13 15:10:54.720,0.86748,0.86752,1.12,1.00
2017.11.13 15:10:55.231,0.86746,0.8675,2.44,1.00
2017.11.13 15:10:57.274,0.86745,0.8675,2.44,1.00
2017.11.13 15:10:58.171,0.86743,0.86749,3.56,1.00
2017.11.13 15:10:58.719,0.86743,0.86748,1.31,1.00
2017.11.13 15:10:58.771,0.86742,0.86746,1.69,1.00
2017.11.13 15:10:58.926,0.8674,0.86747,2.06,3.37
2017.11.13 15:10:59.214,0.8674,0.86746,1.00,2.81
2017.11.13 15:10:59.521,0.86739,0.86744,1.00,1.50
2017.11.13 15:11:00.097,0.86737,0.86743,1.69,1.12
2017.11.13 15:11:00.403,0.86735,0.86739,1.69,1.00
2017.11.13 15:11:00.762,0.86739,0.86743,1.00,2.44
2017.11.13 15:11:01.381,0.86738,0.86742,1.00,1.25
2017.11.13 15:11:01.939,0.86737,0.86743,1.00,3.56
2017.11.13 15:11:02.354,0.86735,0.8674,1.00,2.06
2017.11.13 15:11:02.668,0.86732,0.86737,1.00,2.06
2017.11.13 15:11:03.253,0.8673,0.86734,1.12,1.00
2017.11.13 15:11:03.867,0.8673,0.86734,1.00,1.00
2017.11.13 15:11:04.451,0.86732,0.86736,1.50,1.00
2017.11.13 15:11:04.762,0.86734,0.86738,1.00,1.00
2017.11.13 15:11:05.301,0.86735,0.86739,1.00,1.00
2017.11.13 15:11:05.808,0.86734,0.86738,1.12,1.00
2017.11.13 15:11:06.329,0.86734,0.86738,1.50,1.00
2017.11.13 15:11:06.966,0.86736,0.86741,2.44,1.00
2017.11.13 15:11:07.017,0.86738,0.86742,1.12,1.00
2017.11.13 15:11:07.644,0.86739,0.86743,1.12,1.00
2017.11.13 15:11:07.797,0.86737,0.86741,1.12,1.00
2017.11.13 15:11:08.324,0.86736,0.86742,1.69,1.00
2017.11.13 15:11:08.564,0.86735,0.8674,2.25,1.00
2017.11.13 15:11:11.055,0.86735,0.86742,3.37,1.25
2017.11.13 15:11:11.355,0.86735,0.8674,1.50,1.00
2017.11.13 15:11:11.660,0.86735,0.8674,1.50,1.00
2017.11.13 15:11:13.244,0.86738,0.86743,1.50,1.25
2017.11.13 15:11:13.301,0.86739,0.86743,1.50,1.00
2017.11.13 15:11:13.455,0.8674,0.86744,1.00,1.00
2017.11.13 15:11:13.615,0.86742,0.86746,1.00,1.69
2017.11.13 15:11:13.693,0.86742,0.86748,1.12,1.87
2017.11.13 15:11:14.206,0.86742,0.86748,1.50,1.50
2017.11.13 15:11:15.901,0.86743,0.86748,2.25,1.00
2017.11.13 15:11:15.953,0.86744,0.8675,1.50,1.25
2017.11.13 15:11:16.820,0.86744,0.8675,3.00,1.00
2017.11.13 15:11:17.368,0.86745,0.86751,2.25,1.00
2017.11.13 15:11:18.032,0.86745,0.86751,3.37,1.25
2017.11.13 15:11:18.680,0.86745,0.86751,2.25,1.25
2017.11.13 15:11:19.486,0.86745,0.8675,2.25,1.00
2017.11.13 15:11:19.538,0.86748,0.86752,1.00,3.19
2017.11.13 15:11:20.148,0.86746,0.86751,1.00,1.19
2017.11.13 15:11:20.681,0.86747,0.86751,1.00,1.69
2017.11.13 15:11:22.532,0.86747,0.86752,1.00,3.19
2017.11.13 15:11:23.089,0.86746,0.86752,1.00,3.19
2017.11.13 15:11:23.611,0.86746,0.86751,1.00,1.19
2017.11.13 15:11:24.240,0.86745,0.86751,1.12,1.19
2017.11.13 15:11:24.967,0.86744,0.86749,1.37,1.00
2017.11.13 15:11:25.482,0.86744,0.86748,1.12,1.00
2017.11.13 15:11:26.319,0.86745,0.86749,1.12,1.00
2017.11.13 15:11:26.849,0.86744,0.86748,1.87,1.00
2017.11.13 15:11:28.545,0.86744,0.86749,1.87,1.00
2017.11.13 15:11:28.675,0.86746,0.86751,1.87,1.00
2017.11.13 15:11:28.882,0.86748,0.86752,1.50,1.00
2017.11.13 15:11:29.190,0.86749,0.86754,1.00,1.12
2017.11.13 15:11:29.847,0.86749,0.86754,1.50,1.00
2017.11.13 15:11:30.157,0.86752,0.86757,2.25,1.69
2017.11.13 15:11:30.327,0.86753,0.86759,1.69,1.87
2017.11.13 15:11:30.904,0.86753,0.86758,1.00,1.50
2017.11.13 15:11:31.213,0.86751,0.86755,1.00,1.00
2017.11.13 15:11:31.647,0.86755,0.86759,1.00,2.25
2017.11.13 15:11:31.954,0.86757,0.86761,1.31,1.00
2017.11.13 15:11:32.465,0.86757,0.86761,2.44,1.00
2017.11.13 15:11:32.620,0.86758,0.86763,1.87,1.00
2017.11.13 15:11:33.272,0.86758,0.86764,2.25,1.69
2017.11.13 15:11:33.840,0.86757,0.86762,1.12,1.25
2017.11.13 15:11:34.377,0.86754,0.8676,3.19,1.00
2017.11.13 15:11:34.684,0.86754,0.86759,1.87,1.00
2017.11.13 15:11:35.294,0.86754,0.86758,1.87,1.00
2017.11.13 15:11:36.170,0.86758,0.86764,1.19,1.50
2017.11.13 15:11:36.276,0.86755,0.86761,1.69,1.00
2017.11.13 15:11:36.328,0.86757,0.86761,1.00,1.12
2017.11.13 15:11:36.468,0.86754,0.86759,1.00,1.00
2017.11.13 15:11:36.519,0.86755,0.86761,1.00,2.06
2017.11.13 15:11:36.877,0.86753,0.86757,2.44,1.00
2017.11.13 15:11:37.031,0.86754,0.86759,1.25,1.00
2017.11.13 15:11:37.565,0.86753,0.86759,1.69,1.00
2017.11.13 15:11:38.326,0.86753,0.86758,1.69,1.00
2017.11.13 15:11:38.377,0.86753,0.8676,2.44,1.00
2017.11.13 15:11:38.881,0.86753,0.86759,2.44,1.00
2017.11.13 15:11:39.239,0.86757,0.86761,1.00,2.44
2017.11.13 15:11:39.773,0.86757,0.86762,1.00,3.94
2017.11.13 15:11:40.252,0.86759,0.86763,1.00,2.06
2017.11.13 15:11:40.560,0.86761,0.86765,1.00,2.44
2017.11.13 15:11:40.713,0.86758,0.86764,1.00,1.50
2017.11.13 15:11:40.973,0.86756,0.86763,1.25,1.50
2017.11.13 15:11:41.076,0.86755,0.86761,2.81,1.00
2017.11.13 15:11:41.383,0.86756,0.86762,2.81,1.00
2017.11.13 15:11:41.901,0.86757,0.86763,2.44,1.00
2017.11.13 15:11:42.356,0.86757,0.86761,1.69,1.00
2017.11.13 15:11:42.737,0.86758,0.86763,1.19,1.00
2017.11.13 15:11:43.269,0.86758,0.86765,2.06,2.25
2017.11.13 15:11:43.895,0.86759,0.86765,1.25,1.12
2017.11.13 15:11:44.836,0.8676,0.86765,1.00,1.00
2017.11.13 15:11:45.463,0.86757,0.86764,2.81,1.00
2017.11.13 15:11:46.814,0.86757,0.86763,2.06,1.00
2017.11.13 15:11:47.366,0.86757,0.86762,1.69,1.00
2017.11.13 15:11:47.682,0.86755,0.8676,1.25,1.00
2017.11.13 15:11:48.208,0.86754,0.86761,2.06,2.62
2017.11.13 15:11:49.380,0.86756,0.86761,1.00,2.44
2017.11.13 15:11:49.901,0.86756,0.86761,1.00,2.81
2017.11.13 15:11:50.415,0.86754,0.8676,1.00,1.50
2017.11.13 15:11:50.868,0.86757,0.86761,1.00,2.81
2017.11.13 15:11:51.392,0.86756,0.86761,1.00,1.69
2017.11.13 15:11:53.040,0.86753,0.86757,1.69,1.00
2017.11.13 15:11:53.546,0.86753,0.86757,1.50,1.00
2017.11.13 15:11:53.868,0.86753,0.86757,1.12,1.00
2017.11.13 15:11:54.123,0.8675,0.86754,1.31,1.00
2017.11.13 15:11:54.552,0.86749,0.86753,1.50,1.00
2017.11.13 15:11:55.068,0.86748,0.86752,1.00,1.00
2017.11.13 15:11:56.920,0.86749,0.86753,1.00,1.00
2017.11.13 15:11:58.008,0.86748,0.86752,1.00,1.00
2017.11.13 15:11:58.750,0.86749,0.86752,1.31,1.00
2017.11.13 15:12:00.330,0.86749,0.86753,1.12,1.00
2017.11.13 15:12:00.840,0.86746,0.8675,1.12,1.00
2017.11.13 15:12:01.250,0.8675,0.86754,1.12,1.25
2017.11.13 15:12:01.353,0.8675,0.86754,2.25,1.00
2017.11.13 15:12:01.723,0.86752,0.86758,1.00,3.94
2017.11.13 15:12:02.254,0.86753,0.86758,1.00,2.81
2017.11.13 15:12:02.757,0.86753,0.86758,1.12,1.25
2017.11.13 15:12:02.962,0.86756,0.8676,1.00,3.56
2017.11.13 15:12:05.009,0.86756,0.86761,1.00,3.56
2017.11.13 15:12:05.316,0.86758,0.86762,1.00,2.06
2017.11.13 15:12:06.275,0.86757,0.86761,1.00,1.00
2017.11.13 15:12:06.831,0.86759,0.86763,1.00,2.81
2017.11.13 15:12:08.078,0.8676,0.86765,1.00,1.19
2017.11.13 15:12:08.131,0.86763,0.86767,1.00,2.06
2017.11.13 15:12:08.183,0.86761,0.86767,1.00,1.31
2017.11.13 15:12:10.029,0.86762,0.86768,1.00,1.31
2017.11.13 15:12:10.536,0.86763,0.86768,1.00,1.31
2017.11.13 15:12:12.302,0.86764,0.86769,1.00,1.31
2017.11.13 15:12:12.775,0.86767,0.8677,1.00,1.00
2017.11.13 15:12:12.827,0.86767,0.86771,1.12,1.00
2017.11.13 15:12:12.929,0.86771,0.86775,1.00,1.69
2017.11.13 15:12:13.449,0.8677,0.86776,1.00,2.44
2017.11.13 15:12:13.955,0.86769,0.86775,1.00,2.06
2017.11.13 15:12:14.176,0.86766,0.86771,1.25,1.00
2017.11.13 15:12:14.484,0.86759,0.86765,1.50,1.00
2017.11.13 15:12:14.535,0.8676,0.86765,1.37,1.00
2017.11.13 15:12:14.854,0.86763,0.86769,1.50,1.62
2017.11.13 15:12:14.956,0.86764,0.8677,1.00,1.25
2017.11.13 15:12:15.477,0.86765,0.86771,1.00,2.06
2017.11.13 15:12:16.147,0.86764,0.8677,2.44,1.00
2017.11.13 15:12:16.302,0.86766,0.86772,1.00,2.25
2017.11.13 15:12:16.766,0.86765,0.8677,1.87,1.00
2017.11.13 15:12:16.919,0.86766,0.86772,1.00,2.44
2017.11.13 15:12:17.663,0.86765,0.86771,2.81,1.00
2017.11.13 15:12:18.191,0.86766,0.86772,1.00,1.12
2017.11.13 15:12:18.610,0.86765,0.8677,1.00,1.00
2017.11.13 15:12:19.121,0.86764,0.8677,1.12,1.25
2017.11.13 15:12:19.437,0.86764,0.86768,1.12,1.00
2017.11.13 15:12:20.010,0.86764,0.86768,1.50,1.00
2017.11.13 15:12:20.369,0.86763,0.86767,1.12,1.00
2017.11.13 15:12:20.904,0.86762,0.86766,4.31,1.00
2017.11.13 15:12:21.460,0.86761,0.86765,4.31,1.00
2017.11.13 15:12:21.969,0.8676,0.86764,3.19,1.00
2017.11.13 15:12:22.495,0.8676,0.86765,1.69,1.00
2017.11.13 15:12:22.822,0.86763,0.86768,1.00,2.44
2017.11.13 15:12:23.079,0.8676,0.86766,1.00,2.81
2017.11.13 15:12:23.608,0.8676,0.86766,1.00,2.81
2017.11.13 15:12:24.109,0.8676,0.86765,1.00,1.69
2017.11.13 15:12:24.653,0.86758,0.86764,1.00,1.12
2017.11.13 15:12:25.189,0.86759,0.86765,1.87,1.00
2017.11.13 15:12:25.370,0.86763,0.86768,1.00,1.00
2017.11.13 15:12:25.912,0.86763,0.86768,1.69,1.00
2017.11.13 15:12:26.463,0.86763,0.86769,2.44,1.00
2017.11.13 15:12:26.991,0.86764,0.86769,1.19,1.00
2017.11.13 15:12:27.501,0.86764,0.8677,3.19,1.00
2017.11.13 15:12:28.475,0.86766,0.86772,1.00,2.25
2017.11.13 15:12:28.784,0.86769,0.86773,1.00,2.81
2017.11.13 15:12:30.076,0.86769,0.86773,1.00,2.44
2017.11.13 15:12:30.618,0.86766,0.86772,1.12,1.00
2017.11.13 15:12:31.222,0.86765,0.86771,3.19,1.00
2017.11.13 15:12:31.811,0.86766,0.86771,1.50,1.00
2017.11.13 15:12:32.328,0.86765,0.86769,1.87,1.00
2017.11.13 15:12:32.596,0.86764,0.86769,2.25,1.00
2017.11.13 15:12:32.647,0.86766,0.8677,1.12,1.00
2017.11.13 15:12:32.987,0.86768,0.86772,1.12,1.00
2017.11.13 15:12:34.003,0.86768,0.86772,1.00,1.00
2017.11.13 15:12:34.520,0.86766,0.8677,3.75,1.00
2017.11.13 15:12:34.847,0.86764,0.86768,3.94,1.00
2017.11.13 15:12:35.003,0.86771,0.86775,1.50,1.00
2017.11.13 15:12:35.055,0.8677,0.86775,1.50,1.00
2017.11.13 15:12:35.159,0.8677,0.86774,2.81,1.00
2017.11.13 15:12:35.263,0.86771,0.86776,3.56,1.00
2017.11.13 15:12:36.084,0.86772,0.86777,2.06,1.00
2017.11.13 15:12:36.433,0.86775,0.86779,1.00,1.00
2017.11.13 15:12:37.044,0.86776,0.8678,1.00,1.87
2017.11.13 15:12:37.568,0.86777,0.86782,1.00,5.06
2017.11.13 15:12:37.770,0.86775,0.8678,1.00,1.00
2017.11.13 15:12:38.280,0.86774,0.8678,1.87,1.00
2017.11.13 15:12:38.503,0.86776,0.8678,1.25,1.00
2017.11.13 15:12:38.812,0.86774,0.86779,1.69,1.00
2017.11.13 15:12:38.864,0.86772,0.86776,1.25,1.00
2017.11.13 15:12:39.449,0.86773,0.86777,1.00,1.00
2017.11.13 15:12:39.503,0.86772,0.86776,3.19,1.00
2017.11.13 15:12:39.656,0.86773,0.86777,1.00,1.00
2017.11.13 15:12:39.708,0.86773,0.86777,1.25,1.00
2017.11.13 15:12:39.862,0.86774,0.86778,1.19,1.12
2017.11.13 15:12:39.913,0.86772,0.86776,1.69,1.00
2017.11.13 15:12:40.016,0.8677,0.86774,2.81,1.00
2017.11.13 15:12:40.068,0.86771,0.86775,1.25,1.00
2017.11.13 15:12:40.591,0.8677,0.86774,1.00,1.00
2017.11.13 15:12:41.101,0.86769,0.86773,1.69,1.00
2017.11.13 15:12:41.361,0.8677,0.86775,1.19,1.00
2017.11.13 15:12:41.886,0.8677,0.86774,2.81,1.00
2017.11.13 15:12:42.396,0.86771,0.86775,1.00,1.00
2017.11.13 15:12:42.909,0.8677,0.86774,1.31,1.00
2017.11.13 15:12:43.440,0.86769,0.86773,3.56,1.00
2017.11.13 15:12:44.139,0.86771,0.86775,1.00,1.00
2017.11.13 15:12:45.543,0.8677,0.86774,2.06,1.00
2017.11.13 15:12:46.073,0.86769,0.86773,3.19,1.00
2017.11.13 15:12:47.458,0.86767,0.86771,1.00,1.00
2017.11.13 15:12:47.870,0.86762,0.86766,1.50,1.00
2017.11.13 15:12:48.126,0.8676,0.86764,3.00,1.00
2017.11.13 15:12:48.433,0.8676,0.86764,1.00,1.12
2017.11.13 15:12:48.946,0.86759,0.86763,1.50,1.00
2017.11.13 15:12:49.447,0.86759,0.86763,1.00,1.00
2017.11.13 15:12:50.214,0.86758,0.86762,1.50,1.00
2017.11.13 15:12:50.647,0.86759,0.86763,1.00,1.12
2017.11.13 15:12:51.284,0.86759,0.86764,1.50,2.06
2017.11.13 15:12:51.590,0.8676,0.86765,1.00,3.19
2017.11.13 15:12:51.795,0.86761,0.86767,1.00,1.69
2017.11.13 15:12:52.296,0.86762,0.86768,1.00,2.06
2017.11.13 15:12:52.807,0.86763,0.86768,1.50,1.31
2017.11.13 15:12:53.221,0.86761,0.86766,2.25,1.00
2017.11.13 15:12:53.734,0.86762,0.86767,1.00,1.00
2017.11.13 15:12:54.526,0.86761,0.86767,3.37,1.00
2017.11.13 15:12:54.833,0.86763,0.86767,2.06,1.00
2017.11.13 15:12:55.356,0.86765,0.86769,1.00,1.00
2017.11.13 15:12:55.888,0.86764,0.86768,1.87,1.00
2017.11.13 15:12:56.515,0.86763,0.86767,2.06,1.00
2017.11.13 15:12:57.817,0.86762,0.86766,2.06,1.00
2017.11.13 15:12:57.869,0.86762,0.86766,2.06,1.00
2017.11.13 15:12:58.854,0.86761,0.86765,3.56,1.00
2017.11.13 15:12:59.564,0.86762,0.86766,1.00,1.00
2017.11.13 15:12:59.616,0.8676,0.86764,1.50,1.00
2017.11.13 15:12:59.816,0.8676,0.86764,1.00,1.00
2017.11.13 15:13:00.036,0.86757,0.86761,2.06,1.00
2017.11.13 15:13:00.628,0.86758,0.86764,2.25,1.37
2017.11.13 15:13:01.233,0.86757,0.86763,2.06,1.12
2017.11.13 15:13:01.790,0.86757,0.86762,1.31,1.00
2017.11.13 15:13:02.310,0.86756,0.86761,1.25,1.00
2017.11.13 15:13:02.830,0.86756,0.8676,1.25,1.00
2017.11.13 15:13:03.982,0.86756,0.86761,1.25,1.00
2017.11.13 15:13:04.505,0.86756,0.8676,1.25,1.00
2017.11.13 15:13:05.104,0.86756,0.86761,1.69,1.00
2017.11.13 15:13:07.064,0.86757,0.86762,1.69,1.00
2017.11.13 15:13:07.869,0.86758,0.86762,1.00,1.00
2017.11.13 15:13:08.023,0.8676,0.86764,1.00,1.00
2017.11.13 15:13:08.441,0.86758,0.86763,1.69,1.00
2017.11.13 15:13:09.174,0.86758,0.86762,1.31,1.00
2017.11.13 15:13:09.712,0.86757,0.86762,3.19,1.00
2017.11.13 15:13:10.832,0.86758,0.86762,1.69,1.00
2017.11.13 15:13:11.351,0.86758,0.86763,1.69,1.00
2017.11.13 15:13:17.160,0.86759,0.86764,1.12,1.00
2017.11.13 15:13:17.364,0.86761,0.86766,1.00,3.94
2017.11.13 15:13:18.592,0.86759,0.86763,2.06,1.00
2017.11.13 15:13:19.140,0.86759,0.86764,2.25,1.00
2017.11.13 15:13:19.314,0.8676,0.86766,1.12,1.87
2017.11.13 15:13:20.257,0.86761,0.86766,1.00,1.12
2017.11.13 15:13:20.932,0.86762,0.86768,1.00,2.81
2017.11.13 15:13:21.490,0.86761,0.86766,1.12,1.25
2017.11.13 15:13:21.543,0.86763,0.86767,1.00,2.44
2017.11.13 15:13:21.853,0.86759,0.86765,2.25,1.00
2017.11.13 15:13:23.731,0.86761,0.86767,1.12,3.56
2017.11.13 15:13:24.974,0.86763,0.86767,1.00,1.12
2017.11.13 15:13:25.132,0.86763,0.86768,1.00,1.31
2017.11.13 15:13:27.645,0.86761,0.86767,2.44,1.00
2017.11.13 15:13:28.081,0.86761,0.86767,1.12,1.25
2017.11.13 15:13:28.541,0.86763,0.86768,1.00,1.50
2017.11.13 15:13:29.058,0.86764,0.86768,1.00,1.12
2017.11.13 15:13:29.578,0.86764,0.86769,1.00,1.12
2017.11.13 15:13:30.244,0.86765,0.86769,1.00,1.12
2017.11.13 15:13:31.223,0.86764,0.86769,1.00,1.12
2017.11.13 15:13:33.249,0.86765,0.86769,1.00,1.00
2017.11.13 15:13:33.840,0.86765,0.86771,1.00,2.44
2017.11.13 15:13:34.371,0.86766,0.86771,1.00,2.81
2017.11.13 15:13:35.947,0.86765,0.86771,1.00,2.44
2017.11.13 15:13:38.497,0.86764,0.8677,1.87,1.12
2017.11.13 15:13:39.420,0.86763,0.86769,1.69,1.00
2017.11.13 15:13:39.853,0.86762,0.86768,1.00,3.56
2017.11.13 15:13:40.404,0.86761,0.86767,1.12,2.06
2017.11.13 15:13:42.654,0.86761,0.86766,1.12,1.00
2017.11.13 15:13:44.085,0.86763,0.86767,1.00,2.81
2017.11.13 15:13:46.153,0.86761,0.86766,1.00,1.12
2017.11.13 15:13:49.724,0.8676,0.86766,1.12,2.06
2017.11.13 15:13:50.465,0.86762,0.86766,1.00,2.06
2017.11.13 15:13:51.340,0.86761,0.86766,1.00,2.44
2017.11.13 15:13:52.406,0.86762,0.86766,1.00,1.12
2017.11.13 15:13:53.101,0.86763,0.86767,1.00,1.31
2017.11.13 15:13:54.320,0.86761,0.86767,1.12,2.06
2017.11.13 15:13:55.170,0.86763,0.86768,1.12,1.50
2017.11.13 15:13:55.480,0.86764,0.8677,1.12,1.12
2017.11.13 15:13:56.002,0.86764,0.8677,3.19,1.00
2017.11.13 15:13:57.296,0.86765,0.86771,1.87,1.87
2017.11.13 15:13:57.449,0.86763,0.86769,4.69,1.00
2017.11.13 15:13:57.959,0.86763,0.86768,3.19,1.00
2017.11.13 15:13:58.507,0.86763,0.86768,2.06,1.00
2017.11.13 15:13:59.081,0.86763,0.86767,1.31,1.00
2017.11.13 15:13:59.590,0.86765,0.86769,1.00,1.00
2017.11.13 15:14:00.100,0.86765,0.8677,2.25,1.00
2017.11.13 15:14:00.639,0.86765,0.86771,1.50,1.00
2017.11.13 15:14:01.148,0.86767,0.86772,1.00,1.31
2017.11.13 15:14:01.649,0.86766,0.86772,1.12,2.06
2017.11.13 15:14:02.812,0.86765,0.8677,1.50,1.00
2017.11.13 15:14:02.864,0.86764,0.86769,2.44,1.00
2017.11.13 15:14:03.436,0.86764,0.86769,2.06,1.00
2017.11.13 15:14:03.946,0.86765,0.8677,1.69,1.00
2017.11.13 15:14:04.490,0.86766,0.86771,2.06,1.00
2017.11.13 15:14:05.024,0.86767,0.86772,2.44,1.00
2017.11.13 15:14:05.963,0.86767,0.86771,2.44,1.00
2017.11.13 15:14:06.716,0.86767,0.86772,2.44,1.00
2017.11.13 15:14:07.283,0.86767,0.86771,2.44,1.00
2017.11.13 15:14:07.792,0.86768,0.86773,1.50,1.00
2017.11.13 15:14:08.391,0.86768,0.86774,2.44,1.50
2017.11.13 15:14:08.443,0.8677,0.86774,1.87,1.00
2017.11.13 15:14:08.622,0.86772,0.86776,1.31,1.00
2017.11.13 15:14:09.127,0.86772,0.86776,1.50,1.00
2017.11.13 15:14:09.230,0.86774,0.8678,1.00,3.94
2017.11.13 15:14:09.764,0.86773,0.86778,1.00,1.00
2017.11.13 15:14:09.969,0.86771,0.86777,1.12,2.06
2017.11.13 15:14:10.839,0.86772,0.86777,1.00,1.69
2017.11.13 15:14:11.613,0.86772,0.86776,1.00,1.50
2017.11.13 15:14:12.048,0.86769,0.86774,1.00,2.06
2017.11.13 15:14:12.293,0.86769,0.86773,1.00,1.12
2017.11.13 15:14:12.841,0.86769,0.86773,1.00,2.81
2017.11.13 15:14:13.473,0.86768,0.86772,1.00,1.31
2017.11.13 15:14:14.033,0.86767,0.86773,1.12,2.06
2017.11.13 15:14:14.612,0.86767,0.86773,1.12,1.12
2017.11.13 15:14:15.152,0.8677,0.86774,1.00,1.00
2017.11.13 15:14:15.255,0.8677,0.86776,1.12,1.00
2017.11.13 15:14:15.481,0.86772,0.86776,1.00,1.00
2017.11.13 15:14:15.816,0.86774,0.86778,1.00,1.00
2017.11.13 15:14:16.909,0.86776,0.8678,1.00,3.19
2017.11.13 15:14:17.444,0.86775,0.8678,1.00,3.19
2017.11.13 15:14:17.803,0.86773,0.86777,1.00,1.25
2017.11.13 15:14:18.093,0.86771,0.86775,1.00,1.00
2017.11.13 15:14:18.145,0.86771,0.86775,1.00,1.00
2017.11.13 15:14:18.692,0.8677,0.86774,1.12,1.00
2017.11.13 15:14:19.552,0.86769,0.86774,1.50,1.00
2017.11.13 15:14:19.775,0.86769,0.86774,1.69,1.00
2017.11.13 15:14:20.288,0.86769,0.86774,1.31,1.00
2017.11.13 15:14:20.957,0.86768,0.86774,1.31,1.00
2017.11.13 15:14:21.496,0.86769,0.86774,1.00,1.25
2017.11.13 15:14:22.784,0.8677,0.86774,1.00,1.12
2017.11.13 15:14:23.423,0.86769,0.86775,1.00,2.81
2017.11.13 15:14:23.924,0.8677,0.86776,1.00,3.56
2017.11.13 15:14:24.542,0.86771,0.86776,1.00,1.50
2017.11.13 15:14:24.958,0.86772,0.86778,1.00,1.50
2017.11.13 15:14:25.060,0.86773,0.8678,1.12,4.31
2017.11.13 15:14:25.213,0.86775,0.8678,1.00,2.06
2017.11.13 15:14:25.751,0.86773,0.86779,1.50,1.00
2017.11.13 15:14:26.301,0.86773,0.86778,1.50,1.00
2017.11.13 15:14:27.053,0.86772,0.86779,3.19,1.00
2017.11.13 15:14:27.654,0.86772,0.86778,1.50,1.00
2017.11.13 15:14:28.159,0.86774,0.86779,1.00,1.12
2017.11.13 15:14:29.121,0.86773,0.86778,1.00,1.12
2017.11.13 15:14:29.479,0.86776,0.8678,1.00,1.00
2017.11.13 15:14:29.796,0.8678,0.86785,1.37,1.00
2017.11.13 15:14:30.448,0.86778,0.86782,2.25,2.06
2017.11.13 15:14:30.508,0.86776,0.8678,1.12,1.00
2017.11.13 15:14:30.610,0.86776,0.86781,2.25,1.00
2017.11.13 15:14:31.149,0.86776,0.8678,1.12,1.00
2017.11.13 15:14:31.752,0.86775,0.86779,1.12,1.00
2017.11.13 15:14:32.154,0.86773,0.86777,1.87,1.00
2017.11.13 15:14:32.655,0.86772,0.86776,4.87,1.00
2017.11.13 15:14:33.039,0.86773,0.86779,2.62,1.25
2017.11.13 15:14:33.559,0.86773,0.86778,3.75,1.00
2017.11.13 15:14:34.410,0.86773,0.86777,1.87,1.00
2017.11.13 15:14:34.943,0.86774,0.86778,1.12,1.00
2017.11.13 15:14:35.200,0.86772,0.86776,1.87,1.00
2017.11.13 15:14:35.252,0.86771,0.86775,3.37,1.00
2017.11.13 15:14:35.864,0.86771,0.86776,3.00,1.00
2017.11.13 15:14:36.393,0.86771,0.86777,3.37,1.25
2017.11.13 15:14:36.621,0.86774,0.86779,3.19,1.00
2017.11.13 15:14:36.968,0.86776,0.86781,2.25,1.00
2017.11.13 15:14:37.484,0.86776,0.8678,1.50,1.00
2017.11.13 15:14:38.051,0.86776,0.86781,1.12,1.00
2017.11.13 15:14:38.570,0.86776,0.8678,1.12,1.00
2017.11.13 15:14:39.426,0.86775,0.86779,1.12,1.00
2017.11.13 15:14:39.941,0.86773,0.86779,4.12,1.00
2017.11.13 15:14:40.274,0.86775,0.86781,2.62,1.00
2017.11.13 15:14:41.012,0.86775,0.8678,1.87,1.00
2017.11.13 15:14:41.064,0.86776,0.86782,1.12,1.69
2017.11.13 15:14:41.574,0.86776,0.86781,1.00,1.25
2017.11.13 15:14:41.879,0.86773,0.86778,1.12,1.25
2017.11.13 15:14:42.396,0.86774,0.86779,1.00,1.69
2017.11.13 15:14:42.780,0.86773,0.86777,1.00,1.00
2017.11.13 15:14:43.549,0.86773,0.86778,1.12,1.00
2017.11.13 15:14:43.652,0.86774,0.8678,1.12,1.69
2017.11.13 15:14:43.870,0.86777,0.86782,1.00,1.25
2017.11.13 15:14:44.417,0.86777,0.86783,1.00,2.81
2017.11.13 15:14:45.019,0.86777,0.86782,1.12,1.25
2017.11.13 15:14:45.532,0.86777,0.86783,1.87,1.00
2017.11.13 15:14:45.891,0.86777,0.86782,1.12,1.19
2017.11.13 15:14:46.485,0.86777,0.86783,1.12,1.69
2017.11.13 15:14:48.099,0.86776,0.86782,1.87,1.19
2017.11.13 15:14:48.616,0.86776,0.86782,1.12,2.44
2017.11.13 15:14:48.924,0.86775,0.8678,1.12,1.69
2017.11.13 15:14:49.458,0.86775,0.86781,1.87,2.44
2017.11.13 15:14:49.764,0.86776,0.86782,1.50,1.69
2017.11.13 15:14:50.087,0.86776,0.86782,3.75,1.25
2017.11.13 15:14:51.432,0.86778,0.86784,2.62,1.69
2017.11.13 15:14:52.040,0.86778,0.86781,1.50,1.00
2017.11.13 15:14:52.359,0.86778,0.86783,3.00,1.00
2017.11.13 15:14:52.935,0.86779,0.86784,2.25,1.00
2017.11.13 15:14:53.473,0.8678,0.86785,1.87,1.25
2017.11.13 15:14:54.979,0.86777,0.86782,2.62,1.69
2017.11.13 15:14:55.285,0.86779,0.86782,1.50,1.00
2017.11.13 15:14:56.778,0.86779,0.86784,1.50,1.25
2017.11.13 15:14:57.327,0.86779,0.86783,1.50,1.00
2017.11.13 15:14:57.578,0.86781,0.86785,1.12,1.00
2017.11.13 15:14:58.081,0.86782,0.86786,1.12,1.25
2017.11.13 15:15:00.131,0.8678,0.86785,1.12,1.69
2017.11.13 15:15:00.437,0.86782,0.86787,1.00,1.50
2017.11.13 15:15:00.489,0.86782,0.86786,1.12,1.12
2017.11.13 15:15:00.541,0.8678,0.86785,1.50,1.31
2017.11.13 15:15:01.076,0.86778,0.86784,2.25,1.25
2017.11.13 15:15:01.510,0.86777,0.86783,2.62,1.25
2017.11.13 15:15:01.561,0.86778,0.86782,1.12,1.69
2017.11.13 15:15:01.667,0.86778,0.86783,1.12,1.00
2017.11.13 15:15:02.302,0.86779,0.86784,1.12,1.69
2017.11.13 15:15:03.363,0.86775,0.86781,3.37,1.00
2017.11.13 15:15:03.416,0.86775,0.86779,1.87,1.00
2017.11.13 15:15:04.132,0.86774,0.86779,1.12,1.00
2017.11.13 15:15:04.452,0.86771,0.86777,4.12,1.25
2017.11.13 15:15:04.862,0.86772,0.86776,1.12,1.00
2017.11.13 15:15:05.066,0.8677,0.86775,2.25,1.00
2017.11.13 15:15:05.454,0.8677,0.86774,1.12,1.00
2017.11.13 15:15:06.333,0.86771,0.86776,1.50,1.25
2017.11.13 15:15:06.895,0.86772,0.86776,1.00,1.25
2017.11.13 15:15:07.259,0.86773,0.86776,1.12,1.00
2017.11.13 15:15:08.135,0.86773,0.86777,1.12,1.00
2017.11.13 15:15:08.614,0.8677,0.86775,3.37,1.00
2017.11.13 15:15:09.191,0.86771,0.86777,1.87,2.44
2017.11.13 15:15:09.298,0.86773,0.86777,1.12,2.44
2017.11.13 15:15:10.067,0.8677,0.86776,2.62,1.00
2017.11.13 15:15:10.736,0.86771,0.86776,1.37,1.50
2017.11.13 15:15:11.248,0.86773,0.86777,1.12,1.69
2017.11.13 15:15:11.784,0.86774,0.86778,1.00,2.44
2017.11.13 15:15:12.491,0.86773,0.86778,1.00,1.69
2017.11.13 15:15:12.618,0.86772,0.86776,1.12,1.25
2017.11.13 15:15:13.304,0.8677,0.86775,3.75,1.19
2017.11.13 15:15:14.494,0.86771,0.86774,1.37,1.25
2017.11.13 15:15:14.648,0.8677,0.86775,1.87,1.69
2017.11.13 15:15:16.196,0.86771,0.86777,1.75,1.25
2017.11.13 15:15:16.749,0.86773,0.86778,1.50,1.69
2017.11.13 15:15:17.263,0.86774,0.86778,1.12,1.69
2017.11.13 15:15:17.884,0.86773,0.86779,1.75,1.25
2017.11.13 15:15:19.183,0.86769,0.86774,4.12,1.00
2017.11.13 15:15:19.387,0.86768,0.86774,3.19,1.00
2017.11.13 15:15:19.916,0.86768,0.86772,1.25,1.00
2017.11.13 15:15:20.932,0.86767,0.86772,2.44,1.00
2017.11.13 15:15:21.277,0.8677,0.86775,1.00,1.50
2017.11.13 15:15:21.470,0.86773,0.86778,1.00,1.50
2017.11.13 15:15:21.777,0.86778,0.86782,1.00,1.12
2017.11.13 15:15:21.829,0.86778,0.86783,1.00,1.87
2017.11.13 15:15:22.112,0.86777,0.86781,1.00,1.00
2017.11.13 15:15:22.420,0.86773,0.8678,3.56,1.00
2017.11.13 15:15:22.890,0.86773,0.86779,2.44,1.00
2017.11.13 15:15:23.124,0.86772,0.86778,1.94,1.00
2017.11.13 15:15:23.675,0.86773,0.86778,2.44,1.00
2017.11.13 15:15:24.222,0.86773,0.86777,1.69,1.00
2017.11.13 15:15:24.731,0.86773,0.86778,2.44,1.00
2017.11.13 15:15:25.276,0.86774,0.86779,1.69,1.50
2017.11.13 15:15:25.819,0.86774,0.86781,2.81,1.50
2017.11.13 15:15:26.265,0.86774,0.86779,1.69,1.00
2017.11.13 15:15:26.369,0.86773,0.86779,2.06,1.00
2017.11.13 15:15:26.913,0.86772,0.86777,2.44,1.00
2017.11.13 15:15:27.499,0.86771,0.86775,1.69,1.00
2017.11.13 15:15:27.553,0.86769,0.86775,2.44,1.00
2017.11.13 15:15:27.889,0.86772,0.86776,1.19,1.00
2017.11.13 15:15:28.039,0.86772,0.86777,1.31,1.00
2017.11.13 15:15:28.686,0.86774,0.86778,1.00,1.00
2017.11.13 15:15:28.981,0.86772,0.86777,1.00,1.50
2017.11.13 15:15:29.473,0.8677,0.86775,1.50,1.00
2017.11.13 15:15:30.002,0.86769,0.86775,3.37,1.00
2017.11.13 15:15:30.519,0.86769,0.86774,2.25,1.00
2017.11.13 15:15:31.032,0.8677,0.86776,1.87,2.06
2017.11.13 15:15:31.586,0.86771,0.86776,1.00,1.00
2017.11.13 15:15:32.248,0.86771,0.86776,2.62,1.00
2017.11.13 15:15:32.621,0.86774,0.86778,1.00,1.31
2017.11.13 15:15:33.160,0.86773,0.86778,1.00,2.44
2017.11.13 15:15:33.707,0.86774,0.86778,1.00,1.31
2017.11.13 15:15:34.365,0.86772,0.86778,1.87,1.69
2017.11.13 15:15:34.468,0.86771,0.86776,1.12,1.50
2017.11.13 15:15:35.092,0.8677,0.86775,1.00,1.25
2017.11.13 15:15:35.657,0.86769,0.86774,1.12,1.25
2017.11.13 15:15:36.474,0.86771,0.86775,1.00,1.69
2017.11.13 15:15:37.698,0.86769,0.86774,1.12,1.00
2017.11.13 15:15:38.200,0.86769,0.86775,1.12,1.25
2017.11.13 15:15:38.357,0.86767,0.86772,1.12,2.06
2017.11.13 15:15:38.678,0.86767,0.86772,1.00,1.69
2017.11.13 15:15:39.090,0.86767,0.86772,1.12,1.19
2017.11.13 15:15:39.636,0.86768,0.86772,1.00,1.25
2017.11.13 15:15:40.158,0.86769,0.86773,1.00,1.69
2017.11.13 15:15:40.957,0.8677,0.86774,1.00,1.25
2017.11.13 15:15:41.501,0.8677,0.86775,1.00,2.44
2017.11.13 15:15:42.418,0.86771,0.86775,1.00,1.12
2017.11.13 15:15:42.929,0.86769,0.86774,1.00,1.19
2017.11.13 15:15:43.438,0.8677,0.86775,1.00,1.69
2017.11.13 15:15:43.960,0.86771,0.86776,1.00,1.69
2017.11.13 15:15:44.643,0.86771,0.86775,1.00,1.31
2017.11.13 15:15:44.798,0.86769,0.86775,1.12,2.06
2017.11.13 15:15:45.158,0.86771,0.86775,1.00,1.87
2017.11.13 15:15:45.690,0.86771,0.86775,1.00,2.44
2017.11.13 15:15:46.557,0.86771,0.86775,1.00,1.25
2017.11.13 15:15:46.979,0.86774,0.86778,2.62,1.25
2017.11.13 15:15:47.083,0.86776,0.86781,1.12,1.19
2017.11.13 15:15:47.135,0.86777,0.86782,1.00,1.19
2017.11.13 15:15:47.676,0.86776,0.86782,1.00,2.81
2017.11.13 15:15:47.779,0.86777,0.86782,1.00,2.81
2017.11.13 15:15:47.932,0.86778,0.86782,1.00,1.25
2017.11.13 15:15:49.010,0.86778,0.86784,1.00,2.81
2017.11.13 15:15:49.435,0.86778,0.86784,1.00,3.19
2017.11.13 15:15:49.945,0.86779,0.86783,1.00,1.31
2017.11.13 15:15:50.336,0.86777,0.86782,1.00,1.25
2017.11.13 15:15:51.326,0.86778,0.86783,1.12,1.19
2017.11.13 15:15:51.378,0.86778,0.86783,1.50,1.19
2017.11.13 15:15:52.035,0.86778,0.86783,1.12,1.00
2017.11.13 15:15:52.546,0.86777,0.86782,2.44,1.00
2017.11.13 15:15:53.169,0.86777,0.86782,2.44,1.00
2017.11.13 15:15:53.699,0.86777,0.86782,1.69,1.00
2017.11.13 15:15:53.853,0.86781,0.86785,1.00,1.87
2017.11.13 15:15:54.180,0.86777,0.86783,1.69,1.00
2017.11.13 15:15:54.987,0.86777,0.86781,1.12,1.00
2017.11.13 15:15:57.167,0.86776,0.86781,2.06,1.00
2017.11.13 15:15:58.472,0.86776,0.8678,1.50,1.00
2017.11.13 15:15:59.356,0.86778,0.86782,1.00,1.00
2017.11.13 15:15:59.941,0.86778,0.86782,1.50,1.00
2017.11.13 15:16:00.469,0.86779,0.86783,1.12,1.00
2017.11.13 15:16:00.571,0.86779,0.86784,1.87,1.00
2017.11.13 15:16:01.384,0.8678,0.86786,1.87,1.69
2017.11.13 15:16:01.914,0.86779,0.86785,1.12,1.69
2017.11.13 15:16:02.117,0.86778,0.86782,1.50,1.00
2017.11.13 15:16:02.324,0.86778,0.86785,1.50,1.69
2017.11.13 15:16:02.648,0.86778,0.86783,1.50,1.69
2017.11.13 15:16:03.361,0.86778,0.86783,1.00,2.44
2017.11.13 15:16:04.354,0.86776,0.86782,1.87,1.00
2017.11.13 15:16:05.093,0.86776,0.86783,3.00,2.44
2017.11.13 15:16:05.613,0.86777,0.86783,1.75,2.44
2017.11.13 15:16:06.032,0.86777,0.86781,1.00,1.00
2017.11.13 15:16:07.026,0.86776,0.86781,1.50,1.00
2017.11.13 15:16:07.640,0.86776,0.86782,1.87,1.00
2017.11.13 15:16:09.643,0.86776,0.86781,1.87,1.00
2017.11.13 15:16:10.443,0.86777,0.86782,1.12,1.00
2017.11.13 15:16:11.848,0.86776,0.86781,1.37,1.00
2017.11.13 15:16:12.429,0.86777,0.86783,1.12,3.56
2017.11.13 15:16:12.691,0.86778,0.86782,1.00,1.00
2017.11.13 15:16:12.742,0.86776,0.86782,1.50,1.50
2017.11.13 15:16:12.897,0.86775,0.86781,2.06,1.50
2017.11.13 15:16:13.408,0.86776,0.86781,1.50,1.00
2017.11.13 15:16:14.240,0.86776,0.86782,2.25,1.25
2017.11.13 15:16:16.323,0.86776,0.86781,1.50,1.00
2017.11.13 15:16:17.498,0.86776,0.86782,2.25,1.25
2017.11.13 15:16:19.192,0.86777,0.86783,2.25,2.44
2017.11.13 15:16:20.167,0.86776,0.86783,2.25,3.19
2017.11.13 15:16:20.811,0.86776,0.86783,1.75,2.81
2017.11.13 15:16:22.696,0.86775,0.86781,4.69,1.00
2017.11.13 15:16:22.949,0.86774,0.8678,2.81,1.00
2017.11.13 15:16:23.308,0.86772,0.86777,1.31,1.00
2017.11.13 15:16:23.359,0.86771,0.86776,1.00,1.50
2017.11.13 15:16:23.679,0.86773,0.86777,1.12,1.00
2017.11.13 15:16:24.584,0.86773,0.86778,1.12,1.31
2017.11.13 15:16:25.029,0.86774,0.86779,1.87,1.50
2017.11.13 15:16:25.556,0.86776,0.86781,1.00,3.19
2017.11.13 15:16:25.857,0.86777,0.86782,1.12,1.69
2017.11.13 15:16:26.113,0.86779,0.86783,1.00,1.25
2017.11.13 15:16:27.987,0.86776,0.86781,1.50,1.00
2017.11.13 15:16:28.524,0.86776,0.86781,1.12,3.56
2017.11.13 15:16:29.063,0.86774,0.8678,1.50,1.31
2017.11.13 15:16:29.650,0.86773,0.86779,2.25,1.69
2017.11.13 15:16:31.238,0.86773,0.86778,2.25,1.00
2017.11.13 15:16:31.849,0.86774,0.86779,1.12,1.25
2017.11.13 15:16:32.559,0.86773,0.86778,1.50,1.00
2017.11.13 15:16:33.167,0.86773,0.86779,2.25,1.69
2017.11.13 15:16:33.717,0.86775,0.8678,1.50,1.69
2017.11.13 15:16:33.820,0.86776,0.86781,1.87,2.44
2017.11.13 15:16:34.489,0.86777,0.86782,1.12,1.69
2017.11.13 15:16:35.072,0.86776,0.86781,1.87,1.25
2017.11.13 15:16:36.435,0.86775,0.86779,1.87,1.00
2017.11.13 15:16:37.207,0.86776,0.8678,1.50,1.00
2017.11.13 15:16:37.333,0.86774,0.8678,1.50,3.00
2017.11.13 15:16:37.387,0.86772,0.86777,2.06,1.00
2017.11.13 15:16:37.694,0.86771,0.86776,2.44,1.00
2017.11.13 15:16:37.746,0.86771,0.86776,1.50,1.00
2017.11.13 15:16:40.038,0.8677,0.86776,2.00,1.00
2017.11.13 15:16:40.561,0.86769,0.86775,1.94,1.00
2017.11.13 15:16:41.097,0.8677,0.86774,1.25,1.00
2017.11.13 15:16:41.634,0.86768,0.86775,3.56,1.00
2017.11.13 15:16:42.196,0.86769,0.86776,1.94,1.87
2017.11.13 15:16:42.744,0.86768,0.86775,2.81,1.50
2017.11.13 15:16:43.756,0.86769,0.86775,1.75,1.00
2017.11.13 15:16:45.707,0.86768,0.86774,2.06,1.50
2017.11.13 15:16:46.377,0.86768,0.86775,3.19,1.50
2017.11.13 15:16:46.485,0.86768,0.86773,1.50,1.69
2017.11.13 15:16:46.537,0.86766,0.86772,2.25,1.00
2017.11.13 15:16:47.072,0.86767,0.86771,1.00,1.31
2017.11.13 15:16:47.839,0.86766,0.86771,1.50,1.25
2017.11.13 15:16:48.964,0.86765,0.86771,1.50,2.44
2017.11.13 15:16:49.559,0.86766,0.86772,1.12,2.44
2017.11.13 15:16:51.491,0.86767,0.86772,1.00,1.25
2017.11.13 15:16:51.542,0.86771,0.86774,1.00,1.69
2017.11.13 15:16:51.766,0.86773,0.86777,1.00,1.25
2017.11.13 15:16:52.179,0.86771,0.86776,1.00,1.12
2017.11.13 15:16:52.230,0.86773,0.86777,1.00,1.25
2017.11.13 15:16:52.731,0.86774,0.86778,1.00,1.69
2017.11.13 15:16:53.980,0.86772,0.86776,1.12,1.00
2017.11.13 15:16:54.542,0.86772,0.86778,2.44,1.00
2017.11.13 15:16:54.861,0.86774,0.86778,2.81,1.00
2017.11.13 15:16:55.097,0.86775,0.86781,1.75,1.00
2017.11.13 15:16:55.150,0.86774,0.86778,1.00,1.00
2017.11.13 15:16:55.204,0.86773,0.86777,2.25,1.00
2017.11.13 15:16:55.732,0.86772,0.86777,2.62,1.00
2017.11.13 15:16:56.043,0.86776,0.86778,1.12,1.00
2017.11.13 15:16:56.095,0.86773,0.86777,2.25,1.00
2017.11.13 15:16:56.403,0.86773,0.86777,1.12,1.00
2017.11.13 15:16:57.448,0.86772,0.86776,1.87,1.00
2017.11.13 15:17:00.424,0.86773,0.86777,1.12,1.00
2017.11.13 15:17:00.679,0.86771,0.86775,1.87,1.00
2017.11.13 15:17:01.198,0.86771,0.86775,1.12,1.00
2017.11.13 15:17:02.983,0.86771,0.86775,1.12,1.00
2017.11.13 15:17:04.114,0.8677,0.86774,1.12,1.00
2017.11.13 15:17:05.300,0.86769,0.86774,1.69,1.00
2017.11.13 15:17:07.599,0.86768,0.86772,1.69,1.00
2017.11.13 15:17:08.438,0.86767,0.86772,1.19,1.00
2017.11.13 15:17:09.161,0.86766,0.86771,1.19,1.00
2017.11.13 15:17:09.263,0.86765,0.86769,1.69,1.00
2017.11.13 15:17:09.794,0.86764,0.86768,1.25,1.00
2017.11.13 15:17:10.824,0.86765,0.8677,1.69,1.00
2017.11.13 15:17:11.342,0.86764,0.8677,1.50,1.12
2017.11.13 15:17:11.957,0.86765,0.8677,1.00,1.00
2017.11.13 15:17:17.260,0.86766,0.8677,1.00,1.31
2017.11.13 15:17:17.940,0.86764,0.86769,1.12,1.00
2017.11.13 15:17:19.076,0.86767,0.86771,1.00,3.94
2017.11.13 15:17:19.505,0.86765,0.86769,1.00,2.44
2017.11.13 15:17:20.023,0.86762,0.86767,1.00,3.19
2017.11.13 15:17:20.475,0.86761,0.86766,1.00,1.69
2017.11.13 15:17:21.811,0.86761,0.86765,1.00,1.12
2017.11.13 15:17:22.341,0.8676,0.86764,1.00,1.00
2017.11.13 15:17:22.875,0.86761,0.86765,1.00,3.56
2017.11.13 15:17:23.245,0.86759,0.86764,1.00,2.62
2017.11.13 15:17:23.859,0.86759,0.86763,1.00,1.00
2017.11.13 15:17:24.980,0.8676,0.86764,1.00,3.56
2017.11.13 15:17:25.565,0.86759,0.86763,1.00,1.12
2017.11.13 15:17:26.034,0.86759,0.86763,1.00,1.00
2017.11.13 15:17:26.546,0.8676,0.86765,1.00,1.50
2017.11.13 15:17:27.061,0.86761,0.86765,1.00,1.50
2017.11.13 15:17:27.624,0.86761,0.86765,1.00,1.12
2017.11.13 15:17:28.156,0.86762,0.86766,1.00,1.12
2017.11.13 15:17:28.688,0.86761,0.86765,1.00,1.50
2017.11.13 15:17:29.859,0.8676,0.86765,1.00,1.87
2017.11.13 15:17:30.424,0.8676,0.86765,1.00,3.37
2017.11.13 15:17:30.599,0.86758,0.86764,2.06,1.12
2017.11.13 15:17:31.070,0.86757,0.86762,2.81,1.00
2017.11.13 15:17:32.379,0.86756,0.86761,1.69,1.00
2017.11.13 15:17:32.922,0.86754,0.86761,2.44,1.00
2017.11.13 15:17:33.432,0.86754,0.8676,2.81,1.00
2017.11.13 15:17:33.952,0.86754,0.86758,1.50,1.00
2017.11.13 15:17:34.482,0.86754,0.8676,1.75,1.00
2017.11.13 15:17:34.993,0.86756,0.8676,1.12,1.25
2017.11.13 15:17:35.514,0.86757,0.86761,1.12,1.25
2017.11.13 15:17:36.487,0.86758,0.86762,1.00,1.69
2017.11.13 15:17:37.045,0.86757,0.86762,1.12,1.69
2017.11.13 15:17:37.759,0.86756,0.86762,1.50,2.44
2017.11.13 15:17:38.336,0.86756,0.86762,1.50,2.44
2017.11.13 15:17:38.859,0.86755,0.86761,1.75,1.00
2017.11.13 15:17:39.078,0.86754,0.8676,1.50,1.50
2017.11.13 15:17:39.283,0.86756,0.86762,1.50,1.25
2017.11.13 15:17:39.592,0.86756,0.86761,1.12,2.81
2017.11.13 15:17:40.135,0.86755,0.86761,1.00,3.94
2017.11.13 15:17:40.888,0.86753,0.86757,1.50,1.00
2017.11.13 15:17:41.399,0.86752,0.86757,2.44,1.00
2017.11.13 15:17:42.155,0.86752,0.86756,2.44,1.00
2017.11.13 15:17:43.168,0.86752,0.86757,2.25,1.00
2017.11.13 15:17:44.814,0.8675,0.86755,2.44,1.00
2017.11.13 15:17:45.658,0.8675,0.86754,1.12,1.00
2017.11.13 15:17:46.410,0.8675,0.86755,2.25,1.00
2017.11.13 15:17:46.884,0.86748,0.86753,1.50,1.00
2017.11.13 15:17:47.089,0.86745,0.8675,4.69,1.00
2017.11.13 15:17:47.368,0.86744,0.86748,1.00,1.00
2017.11.13 15:17:47.419,0.86742,0.86747,1.12,1.00
2017.11.13 15:17:47.471,0.86744,0.86749,1.00,2.06
2017.11.13 15:17:48.530,0.86741,0.86746,1.00,1.12
2017.11.13 15:17:49.047,0.86742,0.86746,1.00,2.44
2017.11.13 15:17:49.151,0.8674,0.86744,1.00,2.44
2017.11.13 15:17:49.711,0.86739,0.86744,1.00,1.19
2017.11.13 15:17:50.267,0.8674,0.86744,1.00,1.25
2017.11.13 15:17:50.370,0.8674,0.86744,1.00,1.25
2017.11.13 15:17:50.885,0.86741,0.86745,1.00,1.25
2017.11.13 15:17:51.218,0.86743,0.86747,1.00,1.25
2017.11.13 15:17:51.733,0.86744,0.86749,1.00,1.31
2017.11.13 15:17:52.040,0.86745,0.8675,1.00,1.19
2017.11.13 15:17:52.549,0.86746,0.86751,1.00,1.69
2017.11.13 15:17:52.956,0.86746,0.86751,1.00,1.69
2017.11.13 15:17:53.502,0.86745,0.86751,1.00,2.44
2017.11.13 15:17:59.198,0.86745,0.86751,1.00,1.31
2017.11.13 15:17:59.876,0.86745,0.86751,1.00,3.56
2017.11.13 15:18:01.201,0.86746,0.8675,1.00,1.25
2017.11.13 15:18:02.040,0.86745,0.8675,1.00,1.62
2017.11.13 15:18:02.547,0.86745,0.8675,1.00,1.62
2017.11.13 15:18:05.069,0.86745,0.86751,1.00,2.81
2017.11.13 15:18:06.767,0.86744,0.8675,1.12,2.06
2017.11.13 15:18:07.276,0.86743,0.86749,1.00,3.94
2017.11.13 15:18:07.847,0.86744,0.86749,1.00,1.69
2017.11.13 15:18:09.123,0.86742,0.86748,1.87,1.12
2017.11.13 15:18:09.228,0.86744,0.86749,1.00,1.62
2017.11.13 15:18:10.219,0.86745,0.86749,1.00,1.69
2017.11.13 15:18:10.426,0.86743,0.86748,1.00,2.25
2017.11.13 15:18:10.941,0.86744,0.86749,1.00,1.69
2017.11.13 15:18:13.118,0.86744,0.86749,1.00,1.31
2017.11.13 15:18:13.630,0.86745,0.8675,1.00,2.44
2017.11.13 15:18:14.180,0.86746,0.86751,1.00,2.06
2017.11.13 15:18:14.445,0.86744,0.8675,1.00,1.50
2017.11.13 15:18:14.497,0.86746,0.86751,1.00,1.50
2017.11.13 15:18:14.804,0.86748,0.86752,1.00,2.44
2017.11.13 15:18:15.314,0.86748,0.86753,1.00,1.69
2017.11.13 15:18:15.644,0.86746,0.86752,1.00,1.56
2017.11.13 15:18:16.306,0.86747,0.86753,1.00,2.81
2017.11.13 15:18:16.837,0.86749,0.86753,1.00,1.25
2017.11.13 15:18:17.094,0.8675,0.86754,1.00,1.31
2017.11.13 15:18:17.609,0.86751,0.86755,1.00,2.06
2017.11.13 15:18:18.147,0.86751,0.86757,1.12,2.81
2017.11.13 15:18:18.740,0.86751,0.86757,1.50,1.69
2017.11.13 15:18:19.274,0.86751,0.86757,1.87,1.25
2017.11.13 15:18:19.531,0.86751,0.86755,1.50,1.25
2017.11.13 15:18:20.034,0.86751,0.86756,1.50,1.31
2017.11.13 15:18:20.190,0.86749,0.86754,1.00,1.25
2017.11.13 15:18:20.719,0.86749,0.86753,1.00,1.00
2017.11.13 15:18:20.771,0.86747,0.86753,1.87,1.69
2017.11.13 15:18:21.220,0.8675,0.86754,1.00,1.25
2017.11.13 15:18:21.691,0.86748,0.86753,1.12,1.19
2017.11.13 15:18:22.050,0.86745,0.86749,1.12,1.00
2017.11.13 15:18:22.572,0.86746,0.8675,1.00,1.00
2017.11.13 15:18:23.303,0.86747,0.86751,1.00,2.81
2017.11.13 15:18:23.812,0.86746,0.8675,1.00,1.00
2017.11.13 15:18:25.265,0.86748,0.86752,1.00,1.12
2017.11.13 15:18:25.858,0.86749,0.86753,1.00,2.06
2017.11.13 15:18:27.422,0.8675,0.86754,1.00,2.44
2017.11.13 15:18:31.084,0.86748,0.86753,1.12,1.19
2017.11.13 15:18:31.592,0.86747,0.86752,1.50,1.69
2017.11.13 15:18:32.192,0.86747,0.86752,1.12,1.69
2017.11.13 15:18:32.737,0.86748,0.86753,1.12,2.44
2017.11.13 15:18:33.251,0.86749,0.86752,1.00,1.00
2017.11.13 15:18:34.134,0.86749,0.86753,1.00,2.81
2017.11.13 15:18:34.237,0.86746,0.86751,1.00,2.06
2017.11.13 15:18:35.019,0.86746,0.8675,1.00,1.69
2017.11.13 15:18:35.167,0.86744,0.86749,1.12,1.31
2017.11.13 15:18:35.716,0.86743,0.86747,1.12,1.00
2017.11.13 15:18:36.237,0.86743,0.86747,1.12,1.00
2017.11.13 15:18:37.215,0.86743,0.86747,1.12,1.00
2017.11.13 15:18:37.732,0.86744,0.86748,1.00,1.25
2017.11.13 15:18:38.260,0.86746,0.8675,1.00,2.06
2017.11.13 15:18:38.771,0.86744,0.86748,1.12,1.00
2017.11.13 15:18:39.390,0.86746,0.8675,1.00,3.19
2017.11.13 15:18:40.869,0.86745,0.86749,1.00,1.87
2017.11.13 15:18:41.581,0.86745,0.8675,1.00,1.31
2017.11.13 15:18:42.280,0.86743,0.86749,1.25,2.25
2017.11.13 15:18:43.613,0.86743,0.86749,1.12,1.12
2017.11.13 15:18:43.921,0.86742,0.86747,2.44,1.00
2017.11.13 15:18:44.507,0.86742,0.86746,3.19,1.00
2017.11.13 15:18:48.232,0.86743,0.86748,1.31,1.00
2017.11.13 15:18:48.776,0.86743,0.86748,1.69,1.00
2017.11.13 15:18:50.569,0.86742,0.86748,3.94,1.00
2017.11.13 15:18:50.775,0.86743,0.86747,1.12,1.00
2017.11.13 15:18:51.190,0.86743,0.86748,1.00,3.00
2017.11.13 15:18:51.709,0.86742,0.86746,1.00,1.00
2017.11.13 15:18:52.258,0.86744,0.86748,1.00,2.81
2017.11.13 15:18:53.445,0.86744,0.86748,1.00,2.44
2017.11.13 15:18:54.125,0.86744,0.86749,1.00,4.69
2017.11.13 15:18:54.648,0.86745,0.86749,1.00,2.62
2017.11.13 15:18:55.150,0.86745,0.86749,1.00,1.87
2017.11.13 15:18:55.834,0.86745,0.86749,1.00,1.00
2017.11.13 15:18:56.358,0.86747,0.86751,1.00,3.19
2017.11.13 15:18:57.330,0.86748,0.86752,1.00,2.10
2017.11.13 15:18:58.173,0.86746,0.8675,1.12,1.00
2017.11.13 15:18:58.881,0.86748,0.86752,1.00,4.54
2017.11.13 15:18:59.530,0.86747,0.86751,1.00,1.50
2017.11.13 15:19:00.159,0.86749,0.86753,1.00,3.94
2017.11.13 15:19:00.416,0.86745,0.8675,1.00,1.69
2017.11.13 15:19:00.468,0.86747,0.86751,1.00,3.37
2017.11.13 15:19:00.980,0.86745,0.86749,1.00,1.50
2017.11.13 15:19:03.429,0.86746,0.8675,1.00,2.81
2017.11.13 15:19:04.327,0.86746,0.8675,1.00,2.06
2017.11.13 15:19:04.858,0.86746,0.8675,1.00,2.81
2017.11.13 15:19:05.343,0.86743,0.86747,1.12,1.00
2017.11.13 15:19:05.394,0.86742,0.86746,1.50,1.00
2017.11.13 15:19:05.825,0.86744,0.86749,1.00,2.81
2017.11.13 15:19:06.428,0.86741,0.86747,1.87,1.31
2017.11.13 15:19:07.150,0.86742,0.86747,1.50,1.12
2017.11.13 15:19:07.666,0.86742,0.86748,1.87,1.31
2017.11.13 15:19:07.775,0.86745,0.86749,1.12,1.25
2017.11.13 15:19:08.085,0.86747,0.86751,1.12,1.00
2017.11.13 15:19:08.615,0.86748,0.86752,1.00,2.06
2017.11.13 15:19:08.666,0.86747,0.86752,1.12,2.81
2017.11.13 15:19:08.792,0.86746,0.8675,1.50,1.00
2017.11.13 15:19:09.302,0.86748,0.86752,1.00,2.81
2017.11.13 15:19:09.733,0.86746,0.8675,1.00,1.56
2017.11.13 15:19:10.841,0.86746,0.8675,1.00,1.12
2017.11.13 15:19:11.381,0.86745,0.86749,1.12,1.00
2017.11.13 15:19:12.033,0.86747,0.86752,1.00,3.56
2017.11.13 15:19:13.597,0.86745,0.86749,1.12,1.00
2017.11.13 15:19:14.476,0.86747,0.86751,1.00,1.69
2017.11.13 15:19:16.138,0.86747,0.86751,1.00,1.00
2017.11.13 15:19:16.521,0.86747,0.86751,1.00,1.00
2017.11.13 15:19:17.125,0.86746,0.8675,1.12,1.00
2017.11.13 15:19:17.669,0.86747,0.86751,1.00,1.50
2017.11.13 15:19:18.484,0.86746,0.8675,1.12,1.00
2017.11.13 15:19:18.822,0.86746,0.8675,1.12,1.25
2017.11.13 15:19:19.366,0.86743,0.86748,3.00,1.00
2017.11.13 15:19:19.898,0.86743,0.86746,1.37,1.00
2017.11.13 15:19:20.924,0.86743,0.86745,1.37,1.00
2017.11.13 15:19:21.600,0.86743,0.86748,1.50,2.25
2017.11.13 15:19:22.126,0.86745,0.86749,1.12,1.50
2017.11.13 15:19:22.638,0.86745,0.86749,1.12,1.00
2017.11.13 15:19:23.644,0.86746,0.8675,1.00,1.69
2017.11.13 15:19:23.863,0.86746,0.8675,1.12,1.00
2017.11.13 15:19:25.194,0.86747,0.86751,1.00,1.50
2017.11.13 15:19:25.993,0.86747,0.86751,1.00,1.50
2017.11.13 15:19:27.452,0.86746,0.8675,1.50,1.00
2017.11.13 15:19:29.229,0.86746,0.86751,1.50,1.50
2017.11.13 15:19:31.465,0.86748,0.86752,1.00,1.69
2017.11.13 15:19:32.335,0.86748,0.86752,1.00,1.69
2017.11.13 15:19:32.437,0.86749,0.86753,1.00,2.81
2017.11.13 15:19:32.943,0.86747,0.86751,1.12,1.00
2017.11.13 15:19:34.781,0.86748,0.86752,1.00,1.50
2017.11.13 15:19:35.713,0.86749,0.86753,1.00,1.50
2017.11.13 15:19:35.816,0.86752,0.86756,1.87,1.50
2017.11.13 15:19:35.970,0.86754,0.86759,1.00,4.69
2017.11.13 15:19:36.648,0.86754,0.86758,1.00,2.44
2017.11.13 15:19:36.904,0.86751,0.86755,1.00,1.50
2017.11.13 15:19:37.415,0.8675,0.86754,1.00,1.50
2017.11.13 15:19:38.123,0.86748,0.86752,2.25,1.00
2017.11.13 15:19:40.359,0.86749,0.86752,1.12,1.00
2017.11.13 15:19:40.411,0.86749,0.86753,1.00,1.69
2017.11.13 15:19:40.982,0.86748,0.86752,1.12,1.50
2017.11.13 15:19:42.567,0.86749,0.86753,1.00,2.44
2017.11.13 15:19:42.912,0.86749,0.86753,1.12,1.25
2017.11.13 15:19:43.445,0.86748,0.86752,1.50,1.19
2017.11.13 15:19:43.857,0.86749,0.86753,1.12,1.25
2017.11.13 15:19:44.486,0.8675,0.86754,1.00,1.31
2017.11.13 15:19:44.822,0.86748,0.86752,1.12,1.00
2017.11.13 15:19:45.694,0.86748,0.86753,1.87,2.44
2017.11.13 15:19:46.333,0.86748,0.86753,1.87,1.69
2017.11.13 15:19:46.876,0.86748,0.86753,3.00,1.69
2017.11.13 15:19:47.421,0.86748,0.86753,3.37,1.69
2017.11.13 15:19:48.304,0.86751,0.86755,1.00,1.25
2017.11.13 15:19:48.814,0.86751,0.86756,1.50,1.19
2017.11.13 15:19:49.010,0.86753,0.86757,1.00,1.25
2017.11.13 15:19:49.637,0.86753,0.86757,1.00,1.25
2017.11.13 15:19:51.027,0.86752,0.86756,2.62,1.25
2017.11.13 15:19:51.559,0.86751,0.86755,2.62,1.00
2017.11.13 15:19:51.950,0.8675,0.86755,2.25,1.69
2017.11.13 15:19:52.279,0.86749,0.86753,1.12,1.50
2017.11.13 15:19:52.816,0.86748,0.86752,2.62,1.50
2017.11.13 15:19:53.227,0.86747,0.86751,1.87,1.00
2017.11.13 15:19:53.636,0.86745,0.86749,3.00,1.00
2017.11.13 15:19:54.260,0.86747,0.86751,1.00,1.50
2017.11.13 15:19:55.121,0.86746,0.8675,2.25,1.00
2017.11.13 15:19:55.703,0.86746,0.86749,1.00,1.00
2017.11.13 15:19:56.236,0.86746,0.8675,1.12,1.69
2017.11.13 15:19:57.383,0.86747,0.86751,1.00,1.19
2017.11.13 15:19:57.896,0.86746,0.8675,1.12,2.44
2017.11.13 15:19:58.567,0.86747,0.86751,1.00,1.31
2017.11.13 15:19:59.081,0.86745,0.86749,1.87,1.00
2017.11.13 15:19:59.623,0.86744,0.86748,2.25,1.50
2017.11.13 15:20:00.082,0.86743,0.86745,1.12,1.25
2017.11.13 15:20:00.544,0.86741,0.86744,1.12,1.00
2017.11.13 15:20:01.074,0.86741,0.86745,1.50,1.50
2017.11.13 15:20:01.602,0.86741,0.86745,1.50,1.69
2017.11.13 15:20:01.966,0.86741,0.86747,3.37,1.00
2017.11.13 15:20:02.477,0.86742,0.86746,1.12,1.00
2017.11.13 15:20:03.063,0.86743,0.86747,1.12,1.00
2017.11.13 15:20:03.686,0.86743,0.86747,1.50,1.25
2017.11.13 15:20:04.297,0.86743,0.86746,1.12,1.00
2017.11.13 15:20:06.486,0.8674,0.86744,1.87,1.00
2017.11.13 15:20:06.589,0.86742,0.86747,2.06,1.00
2017.11.13 15:20:07.137,0.86742,0.86746,2.06,1.00
2017.11.13 15:20:08.563,0.8674,0.86744,3.37,1.00
2017.11.13 15:20:09.075,0.8674,0.86743,2.06,1.00
2017.11.13 15:20:09.952,0.86741,0.86745,1.50,1.00
2017.11.13 15:20:10.055,0.8674,0.86744,1.31,1.00
2017.11.13 15:20:10.837,0.8674,0.86744,3.19,1.00
2017.11.13 15:20:11.195,0.8674,0.86743,1.00,1.00
2017.11.13 15:20:11.561,0.86737,0.8674,1.00,1.00
2017.11.13 15:20:12.014,0.86738,0.86742,1.50,1.00
2017.11.13 15:20:12.221,0.8674,0.86745,1.00,1.50
2017.11.13 15:20:12.327,0.86742,0.86746,1.00,1.00
2017.11.13 15:20:13.196,0.86741,0.86745,1.00,1.00
2017.11.13 15:20:13.716,0.86743,0.86748,1.00,2.44
2017.11.13 15:20:14.604,0.86744,0.86748,1.00,1.69
2017.11.13 15:20:15.126,0.86743,0.86747,1.00,1.00
2017.11.13 15:20:15.459,0.86741,0.86745,1.69,1.00
2017.11.13 15:20:16.330,0.86744,0.86747,1.00,1.00
2017.11.13 15:20:16.850,0.86743,0.86747,1.00,1.50
2017.11.13 15:20:17.584,0.86742,0.86746,1.00,1.00
2017.11.13 15:20:17.892,0.86741,0.86745,1.00,2.06
2017.11.13 15:20:18.547,0.8674,0.86744,1.50,1.50
2017.11.13 15:20:19.162,0.86743,0.86746,1.00,1.56
2017.11.13 15:20:19.666,0.86741,0.86745,1.50,1.12
2017.11.13 15:20:19.923,0.86741,0.86745,1.50,1.00
2017.11.13 15:20:20.083,0.86745,0.86748,1.00,1.00
2017.11.13 15:20:20.187,0.86747,0.86751,1.00,1.69
2017.11.13 15:20:20.390,0.86747,0.86751,1.00,1.00
2017.11.13 15:20:21.117,0.86748,0.86752,1.00,1.69
2017.11.13 15:20:21.238,0.86747,0.8675,1.00,1.00
2017.11.13 15:20:21.954,0.86747,0.86751,1.50,1.25
2017.11.13 15:20:22.057,0.86747,0.86751,1.00,1.69
2017.11.13 15:20:22.696,0.86747,0.86751,1.00,1.69
2017.11.13 15:20:24.244,0.86746,0.8675,1.00,1.50
2017.11.13 15:20:24.458,0.86746,0.8675,1.00,1.00
2017.11.13 15:20:24.561,0.86744,0.86748,2.06,1.00
2017.11.13 15:20:25.863,0.86746,0.8675,1.50,1.00
2017.11.13 15:20:30.130,0.86746,0.8675,1.00,1.25
2017.11.13 15:20:30.767,0.86746,0.86751,2.62,1.00
2017.11.13 15:20:32.609,0.86746,0.86751,2.62,1.00
2017.11.13 15:20:33.131,0.86743,0.86747,3.19,1.00
2017.11.13 15:20:33.675,0.86743,0.86747,3.37,1.00
2017.11.13 15:20:33.727,0.86743,0.8675,3.19,1.00
2017.11.13 15:20:33.830,0.86743,0.86747,2.81,1.00
2017.11.13 15:20:34.332,0.86744,0.86748,1.00,1.00
2017.11.13 15:20:35.252,0.86744,0.8675,2.25,1.00
2017.11.13 15:20:36.643,0.86743,0.86748,3.19,1.00
2017.11.13 15:20:37.462,0.86743,0.86748,2.44,1.00
2017.11.13 15:20:37.615,0.86746,0.8675,1.25,1.00
2017.11.13 15:20:38.002,0.86747,0.86752,1.31,2.25
2017.11.13 15:20:40.971,0.86744,0.8675,2.06,1.12
2017.11.13 15:20:41.022,0.86744,0.86748,1.31,1.00
2017.11.13 15:20:41.330,0.8674,0.86745,1.69,1.00
2017.11.13 15:20:42.518,0.8674,0.86745,1.69,1.00
2017.11.13 15:20:43.269,0.8674,0.86745,1.69,1.00
2017.11.13 15:20:43.783,0.8674,0.86745,1.69,1.00
2017.11.13 15:20:44.342,0.86742,0.86746,1.12,1.50
2017.11.13 15:20:45.651,0.86741,0.86746,1.50,1.50
2017.11.13 15:20:46.302,0.8674,0.86744,1.25,1.00
2017.11.13 15:20:47.215,0.8674,0.86744,1.12,1.00
2017.11.13 15:20:47.327,0.86739,0.86744,2.81,1.00
2017.11.13 15:20:47.843,0.8674,0.86743,1.37,1.00
2017.11.13 15:20:49.260,0.86741,0.86745,1.31,1.00
2017.11.13 15:20:49.783,0.8674,0.86746,2.25,1.00
2017.11.13 15:20:50.292,0.8674,0.86745,1.75,1.00
2017.11.13 15:20:50.835,0.8674,0.86743,1.87,1.00
2017.11.13 15:20:51.365,0.8674,0.86743,1.37,1.00
2017.11.13 15:20:51.728,0.86742,0.86746,1.12,3.00
2017.11.13 15:20:51.932,0.86742,0.86748,2.62,1.25
2017.11.13 15:20:52.477,0.86742,0.86748,2.62,1.25
2017.11.13 15:20:58.014,0.86743,0.86748,3.19,1.00
2017.11.13 15:20:59.323,0.86742,0.86746,1.00,1.87
2017.11.13 15:20:59.634,0.86742,0.86745,1.50,1.00
2017.11.13 15:20:59.854,0.86741,0.86745,1.00,1.50
2017.11.13 15:21:00.384,0.86739,0.86744,1.69,1.00
2017.11.13 15:21:00.864,0.86741,0.86745,1.31,1.00
2017.11.13 15:21:01.401,0.8674,0.86746,3.56,1.00
2017.11.13 15:21:01.768,0.86742,0.86746,2.44,1.00
2017.11.13 15:21:02.294,0.86742,0.86746,2.44,1.00
2017.11.13 15:21:02.809,0.86743,0.86747,1.31,1.00
2017.11.13 15:21:06.067,0.86742,0.86745,1.69,1.00
2017.11.13 15:21:06.171,0.86739,0.86744,3.56,1.00
2017.11.13 15:21:06.707,0.86739,0.86743,1.12,1.00
2017.11.13 15:21:07.208,0.86739,0.86744,2.44,1.00
2017.11.13 15:21:07.718,0.86739,0.86744,2.44,1.00
2017.11.13 15:21:08.219,0.86741,0.86746,2.44,1.00
2017.11.13 15:21:08.321,0.86741,0.86745,2.81,1.00
2017.11.13 15:21:09.469,0.86742,0.86747,1.62,1.00
2017.11.13 15:21:10.009,0.86741,0.86746,2.81,1.00
2017.11.13 15:21:10.563,0.86741,0.86745,1.69,1.00
2017.11.13 15:21:11.123,0.86741,0.86745,1.31,1.00
2017.11.13 15:21:11.627,0.86741,0.86745,2.44,1.00
2017.11.13 15:21:12.143,0.86742,0.86746,1.12,1.00
2017.11.13 15:21:12.790,0.86741,0.86746,2.81,1.00
2017.11.13 15:21:13.967,0.86741,0.86745,1.12,1.00
2017.11.13 15:21:14.509,0.8674,0.86744,1.00,1.00
2017.11.13 15:21:15.332,0.8674,0.86745,2.62,1.00
2017.11.13 15:21:15.559,0.86741,0.86745,2.06,1.00
2017.11.13 15:21:16.092,0.86742,0.86746,2.06,1.00
2017.11.13 15:21:16.836,0.86743,0.86748,1.69,1.50
2017.11.13 15:21:17.385,0.86743,0.86747,1.69,1.00
2017.11.13 15:21:17.590,0.86741,0.86745,1.00,1.00
2017.11.13 15:21:18.111,0.86742,0.86746,1.12,1.50
2017.11.13 15:21:19.420,0.86742,0.86746,1.12,1.00
2017.11.13 15:21:20.517,0.8674,0.86744,3.56,1.00
2017.11.13 15:21:21.107,0.86741,0.86746,2.81,1.00
2017.11.13 15:21:21.419,0.8674,0.86744,1.00,1.00
2017.11.13 15:21:21.949,0.86739,0.86743,1.00,1.00
2017.11.13 15:21:22.451,0.86739,0.86743,1.00,1.00
2017.11.13 15:21:24.058,0.8674,0.86744,1.12,1.00
2017.11.13 15:21:24.316,0.86739,0.86743,1.00,1.00
2017.11.13 15:21:24.730,0.86736,0.8674,2.25,1.00
2017.11.13 15:21:25.255,0.86737,0.86741,1.50,1.00
2017.11.13 15:21:25.726,0.86738,0.86743,1.00,1.00
2017.11.13 15:21:25.882,0.8674,0.86745,1.50,1.25
2017.11.13 15:21:26.403,0.86741,0.86746,2.25,1.00
2017.11.13 15:21:26.767,0.86743,0.86747,1.00,1.69
2017.11.13 15:21:27.598,0.86741,0.86747,3.37,1.25
2017.11.13 15:21:27.752,0.8674,0.86744,3.56,1.00
2017.11.13 15:21:28.498,0.86742,0.86746,1.00,1.00
2017.11.13 15:21:28.777,0.86746,0.8675,1.00,3.19
2017.11.13 15:21:29.187,0.86745,0.8675,1.50,1.69
2017.11.13 15:21:29.240,0.86747,0.86751,1.00,1.12
2017.11.13 15:21:29.772,0.86747,0.86752,1.00,1.25
2017.11.13 15:21:30.286,0.86748,0.86752,1.00,1.25
2017.11.13 15:21:31.162,0.86747,0.86752,1.00,1.25
2017.11.13 15:21:31.579,0.86745,0.86749,2.62,1.00
2017.11.13 15:21:31.888,0.86744,0.86748,2.62,1.00
2017.11.13 15:21:31.941,0.86743,0.86747,1.69,1.00
2017.11.13 15:21:32.464,0.86744,0.86749,1.50,1.50
2017.11.13 15:21:32.566,0.86744,0.86749,1.50,1.50
2017.11.13 15:21:32.991,0.86747,0.86751,1.00,1.00
2017.11.13 15:21:33.520,0.86746,0.8675,1.00,1.25
2017.11.13 15:21:34.069,0.86745,0.86749,1.00,1.25
2017.11.13 15:21:34.436,0.86745,0.8675,1.00,2.44
2017.11.13 15:21:35.283,0.86745,0.86749,1.00,1.00
2017.11.13 15:21:35.385,0.86747,0.86751,1.00,1.87
2017.11.13 15:21:35.693,0.86748,0.86752,1.00,1.00
2017.11.13 15:21:36.205,0.86749,0.86754,1.00,2.25
2017.11.13 15:21:36.807,0.8675,0.86754,1.00,1.87
2017.11.13 15:21:37.471,0.8675,0.86754,1.00,1.87
2017.11.13 15:21:41.816,0.86749,0.86753,1.00,1.00
2017.11.13 15:21:43.103,0.86748,0.86752,1.87,1.00
2017.11.13 15:21:43.155,0.86747,0.86751,1.87,1.25
2017.11.13 15:21:43.844,0.86747,0.86751,1.87,1.25
2017.11.13 15:21:44.485,0.86747,0.86752,1.00,2.62
2017.11.13 15:21:45.228,0.86748,0.86752,1.00,1.00
2017.11.13 15:21:45.739,0.86749,0.86753,1.00,1.00
2017.11.13 15:21:46.245,0.8675,0.86754,1.00,2.06
2017.11.13 15:21:48.077,0.8675,0.86754,1.00,1.87
2017.11.13 15:21:50.528,0.86749,0.86753,1.00,1.00
2017.11.13 15:21:51.070,0.86748,0.86752,1.00,1.00
2017.11.13 15:21:51.838,0.86746,0.8675,1.12,1.00
2017.11.13 15:21:52.364,0.86746,0.8675,1.00,1.00
2017.11.13 15:21:52.897,0.86746,0.8675,1.00,1.00
2017.11.13 15:21:53.557,0.86746,0.8675,1.00,1.00
2017.11.13 15:21:54.465,0.86748,0.86753,1.00,1.69
2017.11.13 15:21:55.838,0.86747,0.86751,1.00,1.00
2017.11.13 15:21:56.523,0.86749,0.86752,1.00,1.31
2017.11.13 15:21:58.681,0.86746,0.8675,1.87,1.00
2017.11.13 15:21:59.190,0.86747,0.86751,1.00,1.25
2017.11.13 15:22:00.595,0.86748,0.86752,1.00,1.31
2017.11.13 15:22:00.697,0.86747,0.86751,1.00,1.00
2017.11.13 15:22:01.188,0.8675,0.86754,1.00,2.44
2017.11.13 15:22:01.701,0.86751,0.86755,1.00,1.69
2017.11.13 15:22:02.020,0.86752,0.86756,1.00,1.31
2017.11.13 15:22:02.527,0.86753,0.86757,1.00,1.69
2017.11.13 15:22:03.342,0.86752,0.86756,1.00,1.25
2017.11.13 15:22:06.570,0.86747,0.86751,2.44,1.12
2017.11.13 15:22:07.804,0.86746,0.86751,1.00,1.87
2017.11.13 15:22:08.406,0.86745,0.86751,2.81,1.87
2017.11.13 15:22:09.805,0.86747,0.86751,1.00,1.12
2017.11.13 15:22:10.060,0.86745,0.86751,2.06,1.87
2017.11.13 15:22:10.162,0.86746,0.8675,1.25,1.00
2017.11.13 15:22:10.681,0.86748,0.86752,1.00,1.12
2017.11.13 15:22:11.198,0.86748,0.86752,1.00,1.12
2017.11.13 15:22:11.823,0.86749,0.86753,1.00,1.12
2017.11.13 15:22:14.061,0.86749,0.86753,1.00,1.00
2017.11.13 15:22:14.886,0.86748,0.86752,1.12,1.00
2017.11.13 15:22:15.584,0.86747,0.86751,1.12,1.69
2017.11.13 15:22:16.095,0.86747,0.86751,1.00,1.12
2017.11.13 15:22:16.867,0.86746,0.8675,1.00,1.00
2017.11.13 15:22:17.519,0.86747,0.86751,1.00,1.12
2017.11.13 15:22:18.030,0.86745,0.86749,2.06,1.00
2017.11.13 15:22:18.450,0.86744,0.86748,2.62,1.00
2017.11.13 15:22:19.180,0.86746,0.8675,1.00,1.12
2017.11.13 15:22:19.572,0.86744,0.86748,2.62,1.00
2017.11.13 15:22:19.624,0.86744,0.86748,1.00,2.25
2017.11.13 15:22:19.993,0.86742,0.86746,3.00,1.00
2017.11.13 15:22:20.515,0.86744,0.86748,1.00,1.25
2017.11.13 15:22:22.042,0.86745,0.86749,1.00,1.91
2017.11.13 15:22:24.234,0.86744,0.86748,1.00,1.12
2017.11.13 15:22:25.725,0.86743,0.86747,1.50,1.00
2017.11.13 15:22:26.332,0.86744,0.86748,1.00,1.00
2017.11.13 15:22:26.873,0.86744,0.86748,1.00,1.00
2017.11.13 15:22:27.811,0.86744,0.86748,1.00,1.00
2017.11.13 15:22:29.007,0.86745,0.86749,1.00,1.00
2017.11.13 15:22:31.997,0.86745,0.86749,1.00,1.00
2017.11.13 15:22:33.099,0.86742,0.86746,3.19,1.00
2017.11.13 15:22:33.603,0.86743,0.86747,1.31,1.00
2017.11.13 15:22:35.469,0.86743,0.86747,1.00,1.50
2017.11.13 15:22:37.523,0.86741,0.86743,1.00,1.00
2017.11.13 15:22:37.575,0.86741,0.86745,1.50,1.00
2017.11.13 15:22:37.705,0.86741,0.86745,1.87,1.31
2017.11.13 15:22:37.860,0.86743,0.86747,1.12,1.00
2017.11.13 15:22:39.022,0.86743,0.86748,1.50,1.00
2017.11.13 15:22:39.868,0.86743,0.86749,1.69,1.50
2017.11.13 15:22:43.110,0.86743,0.86748,2.44,1.00
2017.11.13 15:22:47.013,0.86744,0.86749,1.31,1.50
2017.11.13 15:22:47.658,0.86743,0.86748,2.44,1.00
2017.11.13 15:22:48.058,0.86745,0.86749,1.25,1.00
2017.11.13 15:22:49.361,0.86746,0.8675,1.00,1.12
2017.11.13 15:22:52.086,0.86745,0.86749,1.00,1.00
2017.11.13 15:22:53.558,0.86746,0.8675,1.00,1.31
2017.11.13 15:22:54.433,0.86745,0.86749,1.00,1.00
2017.11.13 15:22:54.969,0.86746,0.8675,1.00,1.31
2017.11.13 15:22:55.478,0.86747,0.86752,1.00,2.44
2017.11.13 15:22:55.988,0.86747,0.86752,1.00,2.44
2017.11.13 15:22:56.621,0.86744,0.86749,1.69,1.00
2017.11.13 15:22:57.780,0.86743,0.86749,3.00,1.00
2017.11.13 15:22:57.833,0.86743,0.86747,1.87,1.00
2017.11.13 15:22:58.319,0.86741,0.86743,1.12,1.00
2017.11.13 15:22:58.881,0.86739,0.86744,3.00,1.00
2017.11.13 15:23:00.335,0.86739,0.86743,1.50,1.00
2017.11.13 15:23:01.546,0.86739,0.86743,1.87,1.00
2017.11.13 15:23:02.267,0.86739,0.86744,2.62,1.25
2017.11.13 15:23:03.267,0.86741,0.86745,1.00,2.81
2017.11.13 15:23:03.746,0.8674,0.86746,1.00,2.81
2017.11.13 15:23:04.052,0.86743,0.86747,1.00,2.44
2017.11.13 15:23:04.920,0.86742,0.86746,1.00,1.31
2017.11.13 15:23:07.725,0.86742,0.86746,1.00,1.31
2017.11.13 15:23:07.828,0.86745,0.8675,1.00,2.06
2017.11.13 15:23:09.439,0.86746,0.8675,1.00,1.87
2017.11.13 15:23:09.990,0.86745,0.8675,1.00,1.31
2017.11.13 15:23:10.580,0.86745,0.8675,1.12,1.19
2017.11.13 15:23:11.106,0.86745,0.86751,1.12,1.69
2017.11.13 15:23:11.763,0.86749,0.86753,1.00,3.56
2017.11.13 15:23:12.323,0.86748,0.86752,1.00,1.25
2017.11.13 15:23:15.128,0.86747,0.86751,1.00,1.00
2017.11.13 15:23:15.691,0.86748,0.86752,1.00,1.00
2017.11.13 15:23:18.506,0.86749,0.86753,1.00,1.87
2017.11.13 15:23:19.012,0.86748,0.86752,1.00,1.00
2017.11.13 15:23:19.064,0.86748,0.86752,1.00,1.00
2017.11.13 15:23:19.662,0.86746,0.8675,1.12,1.25
2017.11.13 15:23:20.255,0.86745,0.86749,1.50,1.25
2017.11.13 15:23:21.411,0.86746,0.8675,1.00,1.69
2017.11.13 15:23:22.036,0.86746,0.8675,1.00,1.31
2017.11.13 15:23:22.681,0.86746,0.8675,1.00,1.31
2017.11.13 15:23:23.214,0.86747,0.86751,1.00,1.12
2017.11.13 15:23:23.726,0.86747,0.86751,1.00,1.12
2017.11.13 15:23:24.033,0.86748,0.86753,1.00,2.25
2017.11.13 15:23:24.840,0.86749,0.86753,1.00,1.69
2017.11.13 15:23:28.438,0.8675,0.86754,1.00,1.31
2017.11.13 15:23:28.949,0.8675,0.86755,1.00,2.81
2017.11.13 15:23:29.537,0.86751,0.86755,1.00,2.81
2017.11.13 15:23:30.254,0.8675,0.86755,1.00,2.81
2017.11.13 15:23:31.285,0.86751,0.86756,1.00,1.69
2017.11.13 15:23:31.645,0.86753,0.86757,1.00,1.12
2017.11.13 15:23:32.739,0.86755,0.86759,1.00,2.81
2017.11.13 15:23:32.791,0.86751,0.86755,1.50,1.00
2017.11.13 15:23:33.110,0.86751,0.86757,2.25,1.00
2017.11.13 15:23:33.909,0.86751,0.86756,2.25,1.00
2017.11.13 15:23:34.252,0.86751,0.86756,1.50,1.00
2017.11.13 15:23:34.790,0.86751,0.86757,1.75,1.00
2017.11.13 15:23:35.182,0.8675,0.86754,1.87,1.00
2017.11.13 15:23:35.340,0.86748,0.86751,1.00,1.00
2017.11.13 15:23:37.160,0.86747,0.86752,2.25,1.00
2017.11.13 15:23:37.705,0.86747,0.86751,1.12,1.00
2017.11.13 15:23:38.315,0.86747,0.86751,1.00,1.00
2017.11.13 15:23:48.790,0.86746,0.8675,1.12,1.00
2017.11.13 15:23:50.607,0.86745,0.86749,1.12,1.50
2017.11.13 15:23:50.964,0.86745,0.8675,1.87,1.00
2017.11.13 15:23:52.132,0.86745,0.86749,1.12,1.00
2017.11.13 15:23:52.578,0.86746,0.86751,1.31,1.50
2017.11.13 15:23:54.116,0.86745,0.8675,1.87,1.00
2017.11.13 15:23:54.711,0.86746,0.8675,1.00,1.50
2017.11.13 15:23:56.186,0.86745,0.86749,1.12,1.00
2017.11.13 15:23:56.769,0.86746,0.8675,1.00,2.06
2017.11.13 15:23:57.633,0.86745,0.86749,1.00,1.00
2017.11.13 15:23:58.220,0.86746,0.8675,1.00,1.12
2017.11.13 15:23:59.362,0.86744,0.86749,3.00,1.00
2017.11.13 15:24:00.098,0.86744,0.86749,2.62,1.69
2017.11.13 15:24:01.044,0.86744,0.86748,1.12,1.00
2017.11.13 15:24:03.558,0.86744,0.86749,3.00,1.00
2017.11.13 15:24:04.161,0.86744,0.8675,3.19,1.00
2017.11.13 15:24:04.747,0.86745,0.86751,1.12,1.87
2017.11.13 15:24:05.293,0.86746,0.86751,1.00,1.12
2017.11.13 15:24:07.181,0.86746,0.8675,1.00,1.00
2017.11.13 15:24:10.818,0.86746,0.86751,1.00,1.87
2017.11.13 15:24:13.407,0.86747,0.86751,1.00,1.12
2017.11.13 15:24:13.940,0.86746,0.86751,1.00,1.87
2017.11.13 15:24:14.398,0.86745,0.86749,1.00,1.00
2017.11.13 15:24:14.942,0.86744,0.86749,1.87,1.25
2017.11.13 15:24:15.530,0.86744,0.86748,1.50,1.00
2017.11.13 15:24:17.260,0.86744,0.86749,1.00,2.44
2017.11.13 15:24:19.918,0.86746,0.8675,1.00,1.31
2017.11.13 15:24:20.732,0.86744,0.86748,1.87,1.00
2017.11.13 15:24:21.204,0.86745,0.86751,1.12,2.06
2017.11.13 15:24:21.872,0.86746,0.86751,1.00,1.31
2017.11.13 15:24:22.375,0.86746,0.86752,1.00,2.44
2017.11.13 15:24:22.666,0.86748,0.86753,1.00,1.31
2017.11.13 15:24:24.024,0.86746,0.86752,3.75,1.00
2017.11.13 15:24:24.578,0.86747,0.86753,1.12,1.31
2017.11.13 15:24:25.349,0.86746,0.86752,3.75,1.00
2017.11.13 15:24:25.958,0.86746,0.86752,3.75,1.00
2017.11.13 15:24:27.139,0.86747,0.86751,1.00,1.00
2017.11.13 15:24:27.991,0.86746,0.86751,1.87,1.25
2017.11.13 15:24:30.148,0.86746,0.8675,1.00,1.00
2017.11.13 15:24:30.682,0.86745,0.8675,1.87,1.00
2017.11.13 15:24:32.148,0.86748,0.86752,1.00,2.06
2017.11.13 15:24:32.981,0.86747,0.86752,1.00,2.06
2017.11.13 15:24:33.741,0.86747,0.86752,1.00,2.06
2017.11.13 15:24:35.509,0.86749,0.86754,1.00,4.69
2017.11.13 15:24:37.003,0.86747,0.86751,1.00,1.25
2017.11.13 15:24:40.544,0.86748,0.86752,1.00,1.31
2017.11.13 15:24:45.125,0.86747,0.86752,1.00,1.31
2017.11.13 15:24:46.518,0.86749,0.86753,1.00,1.69
2017.11.13 15:24:47.852,0.86751,0.86755,1.00,1.87
2017.11.13 15:24:48.370,0.86753,0.86757,1.00,2.44
2017.11.13 15:24:48.780,0.86755,0.8676,1.00,1.69
2017.11.13 15:24:49.287,0.86756,0.8676,1.00,1.69
2017.11.13 15:24:49.390,0.86757,0.86762,1.00,2.44
2017.11.13 15:24:49.441,0.86755,0.8676,1.12,1.19
2017.11.13 15:24:49.493,0.86755,0.8676,1.00,1.31
2017.11.13 15:24:50.001,0.86754,0.86759,1.12,1.00
2017.11.13 15:24:50.259,0.86755,0.86761,1.12,2.06
2017.11.13 15:24:50.870,0.86753,0.86759,5.06,1.00
2017.11.13 15:24:51.413,0.86754,0.86758,1.00,1.00
2017.11.13 15:24:51.948,0.86753,0.86757,1.50,1.00
2017.11.13 15:24:52.579,0.86753,0.86758,1.50,1.00
2017.11.13 15:24:53.504,0.86753,0.86758,1.12,1.00
2017.11.13 15:24:54.417,0.86753,0.86759,2.62,1.00
2017.11.13 15:24:54.823,0.86757,0.86761,1.00,1.31
2017.11.13 15:24:55.359,0.86759,0.86764,1.00,3.94
2017.11.13 15:24:56.283,0.8676,0.86764,1.00,1.00
2017.11.13 15:24:56.809,0.86759,0.86763,1.00,1.00
2017.11.13 15:24:57.327,0.86761,0.86765,1.00,2.25
2017.11.13 15:24:58.095,0.86761,0.86765,1.00,1.00
2017.11.13 15:24:58.534,0.8676,0.86763,1.00,1.12
2017.11.13 15:24:59.059,0.8676,0.86764,1.00,1.31
2017.11.13 15:24:59.410,0.86758,0.86762,1.50,1.25
2017.11.13 15:25:00.028,0.86757,0.86761,1.87,1.00
2017.11.13 15:25:00.539,0.86758,0.86762,1.00,1.25
2017.11.13 15:25:01.050,0.86757,0.86761,1.00,1.25
2017.11.13 15:25:01.719,0.86758,0.86762,1.00,1.50
2017.11.13 15:25:02.254,0.86756,0.8676,1.50,1.00
2017.11.13 15:25:04.558,0.86755,0.86759,1.50,1.00
2017.11.13 15:25:05.429,0.86757,0.8676,1.00,1.31
2017.11.13 15:25:06.356,0.86756,0.8676,1.00,2.06
2017.11.13 15:25:09.182,0.86755,0.86757,1.00,1.00
2017.11.13 15:25:09.233,0.86754,0.86758,1.00,1.00
2017.11.13 15:25:10.088,0.86752,0.86756,1.50,1.50
2017.11.13 15:25:11.512,0.86753,0.86758,1.00,2.81
2017.11.13 15:25:12.779,0.86751,0.86755,1.00,1.00
2017.11.13 15:25:13.636,0.86751,0.86755,1.00,1.00
2017.11.13 15:25:14.316,0.86752,0.86756,1.00,1.31
2017.11.13 15:25:15.393,0.86751,0.86755,1.00,1.25
2017.11.13 15:25:15.445,0.8675,0.86754,1.00,1.00
2017.11.13 15:25:15.970,0.8675,0.86754,1.00,1.50
2017.11.13 15:25:16.022,0.86747,0.86751,1.12,1.00
2017.11.13 15:25:16.535,0.86747,0.86751,1.00,1.00
2017.11.13 15:25:17.062,0.86747,0.86751,1.25,1.00
2017.11.13 15:25:17.217,0.86751,0.86755,2.25,1.31
2017.11.13 15:25:17.319,0.8675,0.86752,1.00,1.00
2017.11.13 15:25:17.869,0.86748,0.86751,1.12,1.00
2017.11.13 15:25:18.125,0.86748,0.86752,1.87,1.00
2017.11.13 15:25:19.298,0.86748,0.86752,1.00,2.25
2017.11.13 15:25:19.350,0.86746,0.8675,1.87,1.00
2017.11.13 15:25:20.555,0.86746,0.8675,1.50,1.00
2017.11.13 15:25:30.160,0.86746,0.8675,1.50,1.25
2017.11.13 15:25:30.313,0.86744,0.86748,1.50,2.06
2017.11.13 15:25:30.862,0.86743,0.86747,1.00,2.06
2017.11.13 15:25:31.068,0.86743,0.86747,1.87,1.00
2017.11.13 15:25:31.123,0.86745,0.86749,1.12,1.00
2017.11.13 15:25:31.636,0.86744,0.86748,3.19,1.00
2017.11.13 15:25:32.793,0.86747,0.86751,1.00,1.12
2017.11.13 15:25:35.532,0.86747,0.86751,1.50,1.00
2017.11.13 15:25:36.231,0.86748,0.86752,1.00,1.31
2017.11.13 15:25:36.668,0.86751,0.86755,1.00,1.50
2017.11.13 15:25:36.719,0.86751,0.86755,1.00,1.12
2017.11.13 15:25:37.254,0.86751,0.86755,1.12,1.00
2017.11.13 15:25:38.082,0.86752,0.86756,1.00,1.25
2017.11.13 15:25:38.595,0.86751,0.86755,1.00,1.31
2017.11.13 15:25:39.012,0.86751,0.86755,1.00,1.31
2017.11.13 15:25:39.369,0.86749,0.86753,1.00,1.00
2017.11.13 15:25:39.880,0.8675,0.86754,1.00,1.69
2017.11.13 15:25:40.837,0.86749,0.86753,1.00,1.00
2017.11.13 15:25:41.352,0.86751,0.86755,1.00,2.44
2017.11.13 15:25:42.443,0.86751,0.86755,1.00,1.12
2017.11.13 15:25:42.750,0.86749,0.86754,1.00,1.31
2017.11.13 15:25:43.884,0.86749,0.86754,1.00,1.31
2017.11.13 15:25:44.413,0.86748,0.86753,2.62,1.19
2017.11.13 15:25:44.959,0.86749,0.86754,1.00,1.31
2017.11.13 15:25:45.483,0.8675,0.86755,1.00,1.50
2017.11.13 15:25:45.988,0.86749,0.86754,1.87,1.19
2017.11.13 15:25:46.727,0.86748,0.86753,2.62,1.69
2017.11.13 15:25:46.778,0.86751,0.86755,1.00,1.12
2017.11.13 15:25:47.035,0.86749,0.86754,1.00,1.19
2017.11.13 15:25:47.553,0.86751,0.86755,1.00,1.12
2017.11.13 15:25:48.854,0.86749,0.86753,1.12,1.25
2017.11.13 15:25:50.642,0.86751,0.86754,1.00,2.62
2017.11.13 15:25:51.099,0.8675,0.86754,1.50,2.06
2017.11.13 15:25:52.093,0.86751,0.86754,1.00,1.00
2017.11.13 15:25:52.692,0.8675,0.86754,1.00,1.25
2017.11.13 15:25:52.794,0.86751,0.86756,1.87,1.19
2017.11.13 15:25:52.947,0.86754,0.86759,1.00,2.06
2017.11.13 15:25:54.183,0.86756,0.86759,1.00,1.00
2017.11.13 15:25:54.795,0.86755,0.86759,1.12,1.25
2017.11.13 15:25:56.292,0.86754,0.86759,1.12,1.19
2017.11.13 15:25:56.883,0.86753,0.86758,2.25,1.19
2017.11.13 15:25:57.384,0.86754,0.86759,1.12,1.19
2017.11.13 15:25:57.986,0.86755,0.8676,1.00,1.31
2017.11.13 15:25:59.038,0.86756,0.8676,1.12,1.25
2017.11.13 15:25:59.665,0.86756,0.8676,1.12,1.25
2017.11.13 15:25:59.768,0.86756,0.86762,1.12,1.87
2017.11.13 15:26:00.282,0.86756,0.86761,1.50,1.00
2017.11.13 15:26:01.995,0.86757,0.86761,1.12,1.00
2017.11.13 15:26:02.667,0.86755,0.86759,1.87,1.25
2017.11.13 15:26:02.748,0.86753,0.86757,1.00,1.00
2017.11.13 15:26:02.901,0.86755,0.86759,1.00,1.69
2017.11.13 15:26:03.208,0.86753,0.86757,1.12,1.00
2017.11.13 15:26:03.760,0.86753,0.86757,1.12,1.00
2017.11.13 15:26:04.288,0.86755,0.86759,1.00,2.44
2017.11.13 15:26:04.801,0.86754,0.86758,1.00,1.31
2017.11.13 15:26:05.424,0.86755,0.86759,1.00,2.06
2017.11.13 15:26:06.359,0.86754,0.86759,1.00,2.81
2017.11.13 15:26:08.401,0.86752,0.86758,2.25,1.87
2017.11.13 15:26:09.217,0.86752,0.86758,1.00,3.56
2017.11.13 15:26:09.764,0.86751,0.86757,1.12,2.06
2017.11.13 15:26:10.427,0.8675,0.86756,2.25,1.69
2017.11.13 15:26:11.048,0.86749,0.86755,3.75,1.00
2017.11.13 15:26:12.222,0.8675,0.86755,1.12,1.25
2017.11.13 15:26:12.743,0.86749,0.86754,1.12,1.25
2017.11.13 15:26:13.112,0.86748,0.86752,1.00,1.00
2017.11.13 15:26:13.798,0.86747,0.86752,1.00,1.12
2017.11.13 15:26:14.552,0.86747,0.86752,1.00,2.06
2017.11.13 15:26:15.097,0.86748,0.86753,1.00,1.50
2017.11.13 15:26:15.615,0.86747,0.86752,1.00,1.31
2017.11.13 15:26:16.129,0.86747,0.86751,1.00,1.00
2017.11.13 15:26:16.864,0.86746,0.86752,1.87,2.06
2017.11.13 15:26:17.437,0.86748,0.86753,1.00,1.50
2017.11.13 15:26:18.183,0.86748,0.86753,1.50,1.31
2017.11.13 15:26:20.020,0.86747,0.86752,1.12,1.00
2017.11.13 15:26:21.117,0.86747,0.86751,1.00,1.00
2017.11.13 15:26:22.514,0.86746,0.86751,1.87,1.25
2017.11.13 15:26:23.403,0.86746,0.86752,1.87,1.87
2017.11.13 15:26:24.222,0.86747,0.86752,1.00,1.87
2017.11.13 15:26:24.860,0.86747,0.86752,1.00,1.31
2017.11.13 15:26:25.368,0.86747,0.86753,1.00,2.44
2017.11.13 15:26:25.470,0.86748,0.86754,2.25,1.12
2017.11.13 15:26:25.781,0.86748,0.86752,2.62,1.00
2017.11.13 15:26:25.884,0.86749,0.86755,3.00,1.50
2017.11.13 15:26:26.553,0.86748,0.86753,1.87,1.50
2017.11.13 15:26:27.074,0.86747,0.86753,2.62,1.87
2017.11.13 15:26:27.607,0.86746,0.86752,1.87,2.06
2017.11.13 15:26:28.248,0.86745,0.86749,3.37,1.00
2017.11.13 15:26:31.425,0.86745,0.86749,1.87,1.00
2017.11.13 15:26:32.507,0.86744,0.86748,1.87,1.00
2017.11.13 15:26:33.054,0.86746,0.86751,1.00,1.69
2017.11.13 15:26:33.156,0.86744,0.86748,1.12,1.00
2017.11.13 15:26:34.154,0.86745,0.8675,1.00,1.12
2017.11.13 15:26:34.410,0.86746,0.86752,1.87,3.19
2017.11.13 15:26:34.924,0.86745,0.86751,1.50,1.00
2017.11.13 15:26:35.242,0.86747,0.86753,1.87,1.12
2017.11.13 15:26:35.447,0.86749,0.86754,1.00,1.12
2017.11.13 15:26:35.959,0.8675,0.86755,1.00,2.44
2017.11.13 15:26:37.552,0.86749,0.86754,1.00,1.12
2017.11.13 15:26:38.161,0.86749,0.86753,1.00,1.00
2017.11.13 15:26:40.091,0.86748,0.86753,1.00,1.50
2017.11.13 15:26:40.593,0.86747,0.86751,1.00,1.12
2017.11.13 15:26:42.077,0.86746,0.86751,1.00,1.12
2017.11.13 15:26:44.328,0.86745,0.86751,1.87,2.25
2017.11.13 15:26:44.631,0.86747,0.86753,2.25,1.12
2017.11.13 15:26:44.955,0.86747,0.86751,1.00,1.00
2017.11.13 15:26:45.873,0.86748,0.86752,2.25,1.00
2017.11.13 15:26:46.273,0.8675,0.86755,1.00,1.50
2017.11.13 15:26:46.955,0.86751,0.86755,1.00,1.00
2017.11.13 15:26:49.724,0.86752,0.86756,1.00,1.12
2017.11.13 15:26:50.340,0.86751,0.86755,1.00,1.00
2017.11.13 15:26:57.552,0.86752,0.86756,1.00,1.50
2017.11.13 15:27:00.169,0.86751,0.86755,1.00,1.12
2017.11.13 15:27:00.475,0.86751,0.86755,1.00,2.81
2017.11.13 15:27:02.168,0.8675,0.86754,1.00,1.12
2017.11.13 15:27:02.532,0.86748,0.86752,1.00,2.44
2017.11.13 15:27:03.048,0.86746,0.8675,1.00,1.12
2017.11.13 15:27:06.820,0.86747,0.86751,1.00,1.12
2017.11.13 15:27:07.445,0.86748,0.86752,1.00,1.87
2017.11.13 15:27:08.248,0.86746,0.8675,1.00,1.12
2017.11.13 15:27:08.792,0.86747,0.86751,1.00,1.50
2017.11.13 15:27:11.562,0.86745,0.8675,1.00,1.50
2017.11.13 15:27:16.223,0.86746,0.86751,1.00,2.25
2017.11.13 15:27:17.154,0.86746,0.86751,1.00,2.25
2017.11.13 15:27:19.776,0.86746,0.86751,1.00,2.25
2017.11.13 15:27:20.582,0.86746,0.86751,1.87,1.50
2017.11.13 15:27:20.739,0.86748,0.86753,1.00,1.87
2017.11.13 15:27:21.738,0.86747,0.86751,1.00,1.12
2017.11.13 15:27:26.494,0.86747,0.86753,1.00,1.87
2017.11.13 15:27:27.035,0.86748,0.86753,1.00,1.87
2017.11.13 15:27:27.349,0.86747,0.86752,1.00,1.50
2017.11.13 15:27:31.229,0.86747,0.86752,1.00,1.37
2017.11.13 15:27:31.986,0.86748,0.86754,1.00,2.25
2017.11.13 15:27:32.542,0.86749,0.86753,1.00,1.00
2017.11.13 15:27:33.053,0.86748,0.86752,1.00,1.00
2017.11.13 15:27:33.896,0.86747,0.86751,1.00,1.12
2017.11.13 15:27:34.101,0.86745,0.86749,1.00,1.12
2017.11.13 15:27:34.615,0.86743,0.86747,1.00,1.00
2017.11.13 15:27:34.821,0.86741,0.86746,1.50,1.50
2017.11.13 15:27:38.834,0.8674,0.86744,1.00,1.00
2017.11.13 15:27:40.703,0.86741,0.86745,1.00,1.12
2017.11.13 15:27:45.510,0.86739,0.86745,1.87,1.87
2017.11.13 15:27:46.565,0.8674,0.86746,1.00,2.25
2017.11.13 15:27:46.864,0.86743,0.86748,1.12,1.00
2017.11.13 15:27:47.309,0.86745,0.86749,1.00,1.12
2017.11.13 15:27:47.361,0.86745,0.86749,1.00,1.12
2017.11.13 15:27:50.178,0.86743,0.86747,1.50,1.00
2017.11.13 15:27:50.231,0.86742,0.86746,1.87,1.00
2017.11.13 15:27:50.334,0.86742,0.86746,1.00,1.50
2017.11.13 15:27:50.386,0.86739,0.86743,1.87,1.00
2017.11.13 15:27:50.910,0.86739,0.86743,1.50,1.12
2017.11.13 15:27:59.334,0.86737,0.86742,1.50,1.50
2017.11.13 15:28:00.218,0.86738,0.86742,1.00,3.00
2017.11.13 15:28:02.864,0.86739,0.86743,1.00,1.12
2017.11.13 15:28:03.375,0.86739,0.86743,1.00,1.12
2017.11.13 15:28:04.235,0.86738,0.86742,1.00,1.00
2017.11.13 15:28:08.679,0.8674,0.86744,1.00,2.06
2017.11.13 15:28:08.833,0.8674,0.86745,1.00,2.25
2017.11.13 15:28:09.454,0.86741,0.86745,1.00,1.12
2017.11.13 15:28:09.965,0.86742,0.86746,1.00,1.87
2017.11.13 15:28:11.660,0.86743,0.86748,1.00,1.87
2017.11.13 15:28:12.168,0.86746,0.8675,1.00,1.87
2017.11.13 15:28:12.827,0.86747,0.86751,1.00,1.69
2017.11.13 15:28:13.133,0.86748,0.86752,1.00,1.31
2017.11.13 15:28:19.406,0.86745,0.8675,1.50,1.00
2017.11.13 15:28:19.744,0.86745,0.8675,1.12,1.00
2017.11.13 15:28:21.495,0.86744,0.86748,1.00,1.50
2017.11.13 15:28:21.707,0.86741,0.86747,2.62,2.25
2017.11.13 15:28:22.218,0.86741,0.86746,1.87,1.87
2017.11.13 15:28:23.640,0.86741,0.86745,1.87,1.50
2017.11.13 15:28:24.151,0.86741,0.86746,1.50,2.25
2017.11.13 15:28:24.694,0.8674,0.86745,1.87,1.87
2017.11.13 15:28:25.947,0.86742,0.86746,1.00,2.06
2017.11.13 15:28:27.296,0.86741,0.86745,1.00,1.50
2017.11.13 15:28:30.108,0.86742,0.86746,1.00,2.81
2017.11.13 15:28:30.484,0.8674,0.86744,1.00,2.81
2017.11.13 15:28:32.397,0.86739,0.86743,1.00,1.00
2017.11.13 15:28:33.000,0.86739,0.86743,1.00,1.00
2017.11.13 15:28:35.680,0.8674,0.86745,1.00,2.81
2017.11.13 15:28:36.485,0.86741,0.86745,1.00,2.06
2017.11.13 15:28:36.641,0.8674,0.86745,1.00,2.44
2017.11.13 15:28:37.562,0.86739,0.86743,1.00,1.00
2017.11.13 15:28:37.664,0.86741,0.86745,1.00,2.25
2017.11.13 15:28:38.792,0.8674,0.86745,1.00,1.50
2017.11.13 15:28:39.566,0.8674,0.86744,1.00,1.00
2017.11.13 15:28:39.836,0.86742,0.86746,1.00,1.50
2017.11.13 15:28:40.704,0.86741,0.86746,1.00,1.87
2017.11.13 15:28:41.229,0.86742,0.86747,1.00,2.06
2017.11.13 15:28:43.400,0.86743,0.86749,1.00,1.75
2017.11.13 15:28:43.605,0.86746,0.86751,1.00,2.81
2017.11.13 15:28:43.657,0.86745,0.8675,1.87,1.12
2017.11.13 15:28:43.708,0.86743,0.86748,1.69,1.00
2017.11.13 15:28:45.050,0.86742,0.86748,1.87,1.87
2017.11.13 15:28:45.101,0.86742,0.86746,1.12,1.00
2017.11.13 15:28:47.245,0.86741,0.86746,1.25,1.12
2017.11.13 15:28:48.863,0.8674,0.86745,1.69,1.12
2017.11.13 15:28:49.471,0.8674,0.86744,1.25,1.00
2017.11.13 15:28:50.878,0.86739,0.86744,2.06,1.12
2017.11.13 15:28:52.758,0.8674,0.86744,1.25,1.00
2017.11.13 15:28:54.630,0.86738,0.86742,1.50,1.00
2017.11.13 15:28:54.732,0.86737,0.86741,3.00,1.00
2017.11.13 15:28:54.783,0.86738,0.86744,2.06,1.00
2017.11.13 15:28:56.283,0.86738,0.86744,2.25,1.00
2017.11.13 15:28:56.936,0.86738,0.86743,1.12,1.00
2017.11.13 15:28:58.654,0.86737,0.86742,2.06,1.50
2017.11.13 15:28:58.705,0.86737,0.86741,1.50,1.00
2017.11.13 15:29:00.542,0.86738,0.86743,1.00,1.87
2017.11.13 15:29:03.417,0.86737,0.86742,1.00,1.50
2017.11.13 15:29:10.333,0.86737,0.86741,1.00,1.12
2017.11.13 15:29:10.636,0.86735,0.86739,1.12,1.00
2017.11.13 15:29:11.147,0.86734,0.86738,1.12,1.00
2017.11.13 15:29:11.532,0.86733,0.86737,1.00,1.87
2017.11.13 15:29:12.084,0.86732,0.86736,1.00,1.00
2017.11.13 15:29:12.632,0.86731,0.86736,1.00,1.87
2017.11.13 15:29:13.179,0.86731,0.86736,2.06,1.12
2017.11.13 15:29:13.383,0.86735,0.8674,1.12,3.37
2017.11.13 15:29:13.643,0.86735,0.86739,2.25,1.00
2017.11.13 15:29:13.900,0.86734,0.86739,3.19,1.00
2017.11.13 15:29:14.491,0.86734,0.8674,2.44,1.50
2017.11.13 15:29:16.894,0.86736,0.86741,1.69,1.00
2017.11.13 15:29:17.063,0.86741,0.86746,2.25,1.50
2017.11.13 15:29:17.115,0.86744,0.86748,1.00,1.69
2017.11.13 15:29:17.625,0.86744,0.8675,1.50,1.50
2017.11.13 15:29:18.172,0.86745,0.86751,1.50,2.25
2017.11.13 15:29:21.197,0.86746,0.86751,2.06,1.00
2017.11.13 15:29:21.248,0.86748,0.86752,1.00,1.00
2017.11.13 15:29:21.718,0.86749,0.86755,1.69,1.50
2017.11.13 15:29:22.443,0.86749,0.86754,1.31,1.00
2017.11.13 15:29:23.834,0.86746,0.86751,1.87,1.00
2017.11.13 15:29:24.387,0.86746,0.8675,1.12,1.00
2017.11.13 15:29:24.954,0.86746,0.86751,1.87,1.00
2017.11.13 15:29:25.348,0.86747,0.86752,2.44,1.00
2017.11.13 15:29:26.193,0.86748,0.86753,1.12,1.50
2017.11.13 15:29:26.509,0.8675,0.86754,1.00,1.00
2017.11.13 15:29:26.613,0.86751,0.86756,1.00,1.50
2017.11.13 15:29:27.144,0.86752,0.86756,1.00,1.00
2017.11.13 15:29:27.634,0.86754,0.86758,1.00,1.00
2017.11.13 15:29:27.687,0.86755,0.86759,1.00,1.50
2017.11.13 15:29:29.188,0.86756,0.86761,1.00,2.25
2017.11.13 15:29:30.027,0.86758,0.86763,1.00,2.25
2017.11.13 15:29:30.534,0.86756,0.86762,1.25,1.50
2017.11.13 15:29:30.908,0.86759,0.86764,1.19,4.12
2017.11.13 15:29:31.323,0.86755,0.86759,1.12,1.00
2017.11.13 15:29:31.477,0.86757,0.86762,1.19,2.25
2017.11.13 15:29:32.231,0.86754,0.8676,4.91,1.00
2017.11.13 15:29:32.846,0.86754,0.8676,4.16,1.00
2017.11.13 15:29:33.356,0.86754,0.86759,3.04,1.00
2017.11.13 15:29:33.459,0.86752,0.86757,3.19,1.00
2017.11.13 15:29:34.021,0.86752,0.86756,2.06,1.00
2017.11.13 15:29:34.073,0.86752,0.86758,2.81,1.00
2017.11.13 15:29:34.398,0.86754,0.8676,1.69,1.50
2017.11.13 15:29:34.501,0.86756,0.86761,2.06,1.50
2017.11.13 15:29:34.942,0.86756,0.86761,1.31,1.00
2017.11.13 15:29:35.636,0.86758,0.86762,1.00,1.00
2017.11.13 15:29:35.740,0.86758,0.86762,3.94,1.00
2017.11.13 15:29:36.480,0.86758,0.86763,1.62,1.00
2017.11.13 15:29:37.003,0.86758,0.86763,2.06,1.00
2017.11.13 15:29:37.799,0.86757,0.86762,1.31,1.00
2017.11.13 15:29:40.627,0.86757,0.86763,1.31,1.12
2017.11.13 15:29:41.154,0.86757,0.86763,1.62,1.12
2017.11.13 15:29:42.378,0.86759,0.86763,1.00,1.12
2017.11.13 15:29:44.748,0.86759,0.86764,1.00,2.25
2017.11.13 15:29:45.300,0.86759,0.86764,1.69,2.25
2017.11.13 15:29:46.409,0.86759,0.86764,1.69,2.25
2017.11.13 15:29:46.467,0.86757,0.86761,1.69,1.00
2017.11.13 15:29:47.000,0.86756,0.86761,1.69,3.37
2017.11.13 15:29:47.051,0.86755,0.86759,1.25,1.12
2017.11.13 15:29:47.612,0.86756,0.86761,1.19,3.37
2017.11.13 15:29:50.084,0.86756,0.86762,1.69,3.75
2017.11.13 15:29:50.631,0.86757,0.86761,1.25,1.50
2017.11.13 15:29:51.136,0.86757,0.86762,1.19,2.62
2017.11.13 15:29:51.667,0.86758,0.86763,1.19,3.75
2017.11.13 15:29:52.180,0.86759,0.86763,1.69,1.00
2017.11.13 15:29:52.232,0.86761,0.86765,1.25,1.12
2017.11.13 15:29:52.817,0.86762,0.86766,1.19,1.87
2017.11.13 15:29:53.614,0.86761,0.86766,1.19,4.12
2017.11.13 15:29:54.168,0.86762,0.86766,1.19,2.25
2017.11.13 15:29:54.740,0.86762,0.86766,1.25,1.12
2017.11.13 15:29:55.439,0.8676,0.86765,1.19,2.62
2017.11.13 15:29:55.966,0.86759,0.86764,1.69,1.87
2017.11.13 15:29:56.605,0.86758,0.86763,1.69,1.50
2017.11.13 15:29:57.341,0.86759,0.86763,1.25,1.00
2017.11.13 15:29:58.251,0.8676,0.86764,1.00,1.12
2017.11.13 15:29:58.914,0.8676,0.86764,1.00,1.00
2017.11.13 15:29:59.421,0.86761,0.86765,1.00,1.87
2017.11.13 15:30:00.147,0.8676,0.86764,1.00,1.12
2017.11.13 15:30:00.249,0.86759,0.86764,1.25,1.12
2017.11.13 15:30:01.752,0.86758,0.86763,2.06,1.00
2017.11.13 15:30:02.310,0.8676,0.86764,1.00,1.12
2017.11.13 15:30:02.909,0.86758,0.86763,2.44,1.00
2017.11.13 15:30:02.966,0.8676,0.86766,2.44,1.87
2017.11.13 15:30:03.606,0.86761,0.86766,1.69,1.12
2017.11.13 15:30:04.122,0.86761,0.86766,1.69,1.00
2017.11.13 15:30:04.640,0.86761,0.86767,2.06,1.87
2017.11.13 15:30:05.151,0.86762,0.86767,1.00,1.12
2017.11.13 15:30:06.275,0.86762,0.86768,2.06,3.37
2017.11.13 15:30:06.831,0.86763,0.86768,1.31,1.12
2017.11.13 15:30:07.341,0.86764,0.86769,1.25,1.12
2017.11.13 15:30:07.850,0.86763,0.86768,2.44,1.50
2017.11.13 15:30:08.330,0.86762,0.86766,1.00,1.00
2017.11.13 15:30:08.723,0.8676,0.86765,3.00,1.00
2017.11.13 15:30:08.826,0.86759,0.86764,2.44,1.87
2017.11.13 15:30:09.027,0.86756,0.8676,1.87,1.31
2017.11.13 15:30:09.078,0.86752,0.86755,1.50,1.00
2017.11.13 15:30:09.131,0.86753,0.86759,2.44,1.00
2017.11.13 15:30:09.684,0.86754,0.86758,1.87,1.00
2017.11.13 15:30:10.226,0.86755,0.86759,2.06,1.00
2017.11.13 15:30:10.783,0.86756,0.8676,1.50,1.00
2017.11.13 15:30:11.329,0.86756,0.86761,2.81,1.00
2017.11.13 15:30:12.839,0.86756,0.8676,2.06,1.00
2017.11.13 15:30:14.291,0.86756,0.86762,3.19,1.00
2017.11.13 15:30:14.343,0.86758,0.86763,2.06,1.00
2017.11.13 15:30:14.845,0.86759,0.86764,1.31,1.00
2017.11.13 15:30:15.266,0.86762,0.86766,1.00,1.00
2017.11.13 15:30:15.779,0.86762,0.86766,1.00,1.00
2017.11.13 15:30:17.026,0.86762,0.86766,1.00,1.00
2017.11.13 15:30:17.348,0.86765,0.86769,1.00,1.87
2017.11.13 15:30:17.866,0.86764,0.86768,1.00,1.00
2017.11.13 15:30:18.212,0.86765,0.86769,1.00,1.00
2017.11.13 15:30:18.758,0.86767,0.86771,1.00,1.87
2017.11.13 15:30:19.338,0.86766,0.86771,1.00,1.00
2017.11.13 15:30:19.752,0.86767,0.86772,1.69,1.50
2017.11.13 15:30:20.391,0.86765,0.8677,3.19,1.00
2017.11.13 15:30:20.889,0.86764,0.86768,3.19,1.00
2017.11.13 15:30:21.499,0.86765,0.86769,1.31,1.00
2017.11.13 15:30:23.491,0.86764,0.86768,1.31,1.00
2017.11.13 15:30:25.154,0.86764,0.86768,2.06,1.00
2017.11.13 15:30:26.181,0.86765,0.86771,2.44,1.00
2017.11.13 15:30:26.401,0.86765,0.86769,1.31,1.00
2017.11.13 15:30:27.055,0.86764,0.86769,2.44,1.50
2017.11.13 15:30:27.606,0.86763,0.86767,2.44,1.00
2017.11.13 15:30:28.193,0.86762,0.86767,2.44,1.00
2017.11.13 15:30:30.729,0.86762,0.86768,2.44,1.00
2017.11.13 15:30:32.525,0.86762,0.86768,3.94,1.00
2017.11.13 15:30:33.132,0.86763,0.86769,2.44,1.87
2017.11.13 15:30:33.982,0.86765,0.86769,1.25,1.12
2017.11.13 15:30:34.034,0.86766,0.86771,1.00,1.87
2017.11.13 15:30:34.189,0.8677,0.86774,1.00,2.25
2017.11.13 15:30:34.345,0.8677,0.86775,1.69,1.00
2017.11.13 15:30:34.878,0.86771,0.86777,1.94,1.00
2017.11.13 15:30:35.390,0.86772,0.86778,4.31,1.00
2017.11.13 15:30:36.552,0.86773,0.86777,1.50,1.00
2017.11.13 15:30:37.090,0.86773,0.86778,2.62,1.00
2017.11.13 15:30:39.643,0.86773,0.86779,4.87,1.00
2017.11.13 15:30:40.191,0.86773,0.86777,1.00,1.00
2017.11.13 15:30:40.523,0.86772,0.86776,1.31,1.00
2017.11.13 15:30:42.527,0.86771,0.86775,2.06,1.00
2017.11.13 15:30:44.874,0.86771,0.86776,1.25,1.00
2017.11.13 15:30:45.496,0.8677,0.86775,1.31,1.00
2017.11.13 15:30:46.587,0.8677,0.86774,1.31,1.00
2017.11.13 15:30:46.801,0.86769,0.86774,1.31,1.00
2017.11.13 15:30:47.075,0.86768,0.86772,1.25,1.00
2017.11.13 15:30:51.442,0.86768,0.86773,1.69,1.00
2017.11.13 15:30:54.598,0.86769,0.86774,2.06,1.00
2017.11.13 15:30:55.120,0.86769,0.86774,2.44,1.00
2017.11.13 15:30:55.741,0.86769,0.86773,1.69,1.00
2017.11.13 15:30:56.645,0.86768,0.86773,1.69,1.00
2017.11.13 15:30:58.122,0.86768,0.86772,1.69,1.00
2017.11.13 15:30:58.681,0.86767,0.86773,2.44,1.00
2017.11.13 15:30:59.287,0.86766,0.86772,2.44,1.00
2017.11.13 15:30:59.728,0.86767,0.86773,1.50,1.87
2017.11.13 15:31:01.144,0.86766,0.86772,3.19,1.00
2017.11.13 15:31:01.529,0.86769,0.86775,1.12,1.87
2017.11.13 15:31:01.724,0.8677,0.86776,2.44,1.12
2017.11.13 15:31:02.411,0.86771,0.86778,2.44,3.00
2017.11.13 15:31:02.463,0.86771,0.86776,2.44,1.00
2017.11.13 15:31:03.007,0.86772,0.86777,1.50,1.00
2017.11.13 15:31:03.535,0.86773,0.86778,1.50,1.12
2017.11.13 15:31:04.769,0.86774,0.86779,1.50,1.00
2017.11.13 15:31:06.264,0.86773,0.86778,3.37,1.00
2017.11.13 15:31:06.887,0.86774,0.8678,1.12,1.50
2017.11.13 15:31:07.261,0.86776,0.8678,1.00,1.50
2017.11.13 15:31:08.264,0.86776,0.86782,1.12,3.56
2017.11.13 15:31:08.795,0.86776,0.86782,1.50,2.25
2017.11.13 15:31:09.330,0.86777,0.86782,1.00,2.62
2017.11.13 15:31:09.846,0.86776,0.86782,1.50,3.00
2017.11.13 15:31:10.650,0.86776,0.86782,1.37,2.62
2017.11.13 15:31:12.673,0.86778,0.86782,1.00,1.50
2017.11.13 15:31:13.011,0.86775,0.86781,3.56,1.12
2017.11.13 15:31:13.241,0.86776,0.86782,1.37,2.25
2017.11.13 15:31:14.362,0.86776,0.86782,1.12,3.19
2017.11.13 15:31:15.574,0.86775,0.86781,4.50,1.12
2017.11.13 15:31:16.247,0.86775,0.8678,2.25,1.00
2017.11.13 15:31:17.213,0.86775,0.86781,3.00,1.31
2017.11.13 15:31:18.920,0.86775,0.86779,2.25,1.00
2017.11.13 15:31:20.691,0.86775,0.86779,1.12,1.00
2017.11.13 15:31:23.762,0.86775,0.86781,1.37,2.44
2017.11.13 15:31:23.864,0.86775,0.86781,3.60,1.12
2017.11.13 15:31:25.058,0.86776,0.86782,1.50,2.81
2017.11.13 15:31:28.816,0.86774,0.8678,3.60,1.12
2017.11.13 15:31:29.935,0.86776,0.86781,1.00,2.06
2017.11.13 15:31:31.595,0.86776,0.86781,1.12,2.06
2017.11.13 15:31:32.134,0.86777,0.86782,1.12,2.44
2017.11.13 15:31:32.761,0.86778,0.86782,1.00,2.44
2017.11.13 15:31:33.207,0.86776,0.86781,1.00,1.69
2017.11.13 15:31:33.580,0.86776,0.86781,1.00,2.81
2017.11.13 15:31:34.933,0.86775,0.8678,1.12,1.31
2017.11.13 15:31:36.596,0.86777,0.86781,1.00,1.12
2017.11.13 15:31:39.269,0.86776,0.86782,1.12,4.31
2017.11.13 15:31:39.818,0.86777,0.86782,1.00,2.81
2017.11.13 15:31:40.426,0.86776,0.86782,1.37,2.81
2017.11.13 15:31:41.393,0.86778,0.86781,1.00,1.12
2017.11.13 15:31:41.728,0.86772,0.86776,1.00,1.31
2017.11.13 15:31:42.038,0.86769,0.86773,1.00,1.31
2017.11.13 15:31:42.358,0.86765,0.8677,1.00,1.69
2017.11.13 15:31:42.870,0.86764,0.8677,1.37,2.06
2017.11.13 15:31:43.163,0.86766,0.86771,1.12,1.69
2017.11.13 15:31:43.473,0.8677,0.86772,1.00,1.31
2017.11.13 15:31:44.277,0.86768,0.86773,1.12,2.06
2017.11.13 15:31:45.585,0.86766,0.86771,1.50,1.69
2017.11.13 15:31:46.094,0.86766,0.8677,1.00,1.69
2017.11.13 15:31:47.143,0.86765,0.86769,1.00,1.31
2017.11.13 15:31:47.789,0.86763,0.86769,2.62,1.31
2017.11.13 15:31:47.892,0.86765,0.8677,1.87,1.25
2017.11.13 15:31:48.398,0.86766,0.86771,2.62,1.00
2017.11.13 15:31:48.912,0.86765,0.8677,1.87,1.00
2017.11.13 15:31:49.388,0.86764,0.86768,1.00,1.00
2017.11.13 15:31:49.695,0.86762,0.86766,2.44,1.00
2017.11.13 15:31:49.797,0.86762,0.86768,3.19,1.00
2017.11.13 15:31:50.302,0.86762,0.86767,1.31,1.00
2017.11.13 15:31:52.217,0.86762,0.86767,1.31,1.00
2017.11.13 15:31:56.912,0.86759,0.86765,2.81,1.00
2017.11.13 15:31:57.332,0.86757,0.86762,3.56,1.00
2017.11.13 15:31:57.882,0.86757,0.86763,1.50,1.12
2017.11.13 15:31:59.454,0.86758,0.86762,1.00,1.00
2017.11.13 15:31:59.995,0.86757,0.86761,1.69,1.00
2017.11.13 15:32:00.538,0.86757,0.86763,1.69,1.00
2017.11.13 15:32:01.070,0.86757,0.86762,1.31,1.00
2017.11.13 15:32:01.173,0.86757,0.86762,1.69,1.00
2017.11.13 15:32:01.929,0.86757,0.86763,1.69,1.00
2017.11.13 15:32:02.067,0.86757,0.86761,1.69,1.00
2017.11.13 15:32:02.503,0.8676,0.86765,1.31,1.87
2017.11.13 15:32:02.554,0.8676,0.86764,2.44,1.00
2017.11.13 15:32:03.076,0.8676,0.86764,1.12,1.00
2017.11.13 15:32:04.502,0.8676,0.86763,1.00,1.00
2017.11.13 15:32:05.011,0.86759,0.86764,1.56,1.12
2017.11.13 15:32:05.642,0.86756,0.8676,1.31,1.50
2017.11.13 15:32:05.849,0.86754,0.86758,4.31,1.00
2017.11.13 15:32:06.106,0.86755,0.86761,2.44,1.12
2017.11.13 15:32:06.632,0.86754,0.8676,5.44,1.00
2017.11.13 15:32:07.197,0.86756,0.8676,1.00,1.00
2017.11.13 15:32:07.249,0.86757,0.86762,3.04,1.00
2017.11.13 15:32:07.351,0.86758,0.86763,1.50,1.00
2017.11.13 15:32:07.871,0.86759,0.86764,2.06,1.00
2017.11.13 15:32:08.474,0.8676,0.86764,1.25,1.00
2017.11.13 15:32:09.537,0.8676,0.86765,2.06,1.00
2017.11.13 15:32:10.116,0.86759,0.86763,3.19,1.00
2017.11.13 15:32:10.629,0.86757,0.86761,1.12,1.00
2017.11.13 15:32:10.732,0.86755,0.86759,2.10,1.00
2017.11.13 15:32:11.040,0.86756,0.86761,1.00,1.31
2017.11.13 15:32:11.565,0.86756,0.8676,1.87,1.00
2017.11.13 15:32:12.103,0.86755,0.86759,3.56,1.00
2017.11.13 15:32:12.259,0.86753,0.86757,1.00,1.00
2017.11.13 15:32:12.311,0.8675,0.86756,4.31,1.12
2017.11.13 15:32:12.627,0.8675,0.86754,2.44,1.00
2017.11.13 15:32:14.092,0.86751,0.86755,1.31,1.00
2017.11.13 15:32:14.699,0.86754,0.86758,1.00,1.00
2017.11.13 15:32:14.907,0.86752,0.86757,1.25,1.00
2017.11.13 15:32:15.432,0.86752,0.86757,2.81,1.00
2017.11.13 15:32:16.047,0.86752,0.86756,2.81,1.00
2017.11.13 15:32:16.568,0.86754,0.86759,1.19,1.00
2017.11.13 15:32:16.824,0.86752,0.86757,3.19,1.00
2017.11.13 15:32:16.927,0.86753,0.86757,1.25,1.00
2017.11.13 15:32:17.083,0.86753,0.86757,1.31,1.00
2017.11.13 15:32:17.255,0.86755,0.8676,1.37,2.25
2017.11.13 15:32:17.408,0.86754,0.86758,1.25,1.00
2017.11.13 15:32:17.919,0.86753,0.86757,2.06,1.00
2017.11.13 15:32:18.464,0.86754,0.86758,1.00,1.00
2017.11.13 15:32:18.975,0.86753,0.86757,2.06,1.00
2017.11.13 15:32:19.027,0.86756,0.86761,1.00,2.06
2017.11.13 15:32:19.334,0.86757,0.86762,1.00,1.00
2017.11.13 15:32:19.878,0.86757,0.86763,1.00,1.25
2017.11.13 15:32:20.331,0.86759,0.86764,1.00,2.06
2017.11.13 15:32:21.807,0.86758,0.86764,1.00,2.81
2017.11.13 15:32:22.383,0.86758,0.86764,1.00,2.44
2017.11.13 15:32:22.695,0.86757,0.86762,1.00,1.00
2017.11.13 15:32:23.226,0.86757,0.86762,1.69,1.12
2017.11.13 15:32:23.593,0.86757,0.86762,1.19,1.87
2017.11.13 15:32:24.101,0.86756,0.86761,1.19,1.50
2017.11.13 15:32:24.526,0.86754,0.86759,1.19,1.00
2017.11.13 15:32:25.024,0.86751,0.86756,1.69,1.50
2017.11.13 15:32:25.342,0.86749,0.86753,2.81,1.00
2017.11.13 15:32:25.885,0.8675,0.86754,1.31,1.00
2017.11.13 15:32:25.988,0.8675,0.86754,2.06,1.00
2017.11.13 15:32:26.457,0.86752,0.86757,1.19,1.00
2017.11.13 15:32:26.697,0.86749,0.86754,1.00,1.00
2017.11.13 15:32:27.164,0.86747,0.86753,3.19,1.00
2017.11.13 15:32:27.266,0.86748,0.86754,1.69,2.25
2017.11.13 15:32:28.952,0.86748,0.86753,1.31,1.00
2017.11.13 15:32:29.463,0.86751,0.86755,1.00,1.87
2017.11.13 15:32:30.177,0.86751,0.86755,1.00,1.87
2017.11.13 15:32:31.104,0.86753,0.86756,1.00,1.50
2017.11.13 15:32:31.616,0.86753,0.86756,1.00,1.50
2017.11.13 15:32:32.069,0.86751,0.86755,1.25,1.00
2017.11.13 15:32:32.171,0.86754,0.86756,1.00,1.50
2017.11.13 15:32:32.426,0.86751,0.86755,1.00,1.50
2017.11.13 15:32:32.530,0.86751,0.86755,1.00,1.00
2017.11.13 15:32:32.582,0.8675,0.86754,1.12,1.00
2017.11.13 15:32:32.809,0.86752,0.86757,2.06,1.00
2017.11.13 15:32:33.333,0.86752,0.86757,1.31,1.00
2017.11.13 15:32:33.863,0.86752,0.86757,1.31,1.00
2017.11.13 15:32:34.391,0.86751,0.86756,2.44,1.00
2017.11.13 15:32:34.546,0.86749,0.86753,1.12,1.00
2017.11.13 15:32:34.868,0.86751,0.86755,1.12,1.00
2017.11.13 15:32:35.383,0.86751,0.86756,1.50,1.00
2017.11.13 15:32:36.303,0.86751,0.86756,1.50,1.50
2017.11.13 15:32:36.573,0.86747,0.86751,1.12,1.00
2017.11.13 15:32:37.755,0.86746,0.8675,1.12,1.00
2017.11.13 15:32:37.963,0.86747,0.86752,2.44,1.00
2017.11.13 15:32:38.473,0.86747,0.86751,1.50,1.00
2017.11.13 15:32:40.120,0.86749,0.86753,1.12,1.00
2017.11.13 15:32:40.427,0.86751,0.86756,1.50,1.00
2017.11.13 15:32:40.529,0.86749,0.86753,2.06,1.00
2017.11.13 15:32:41.031,0.86749,0.86753,1.00,1.00
2017.11.13 15:32:42.350,0.86749,0.86753,1.00,1.00
2017.11.13 15:32:43.277,0.86747,0.86751,1.31,1.00
2017.11.13 15:32:43.782,0.86747,0.86751,1.12,1.00
2017.11.13 15:32:45.900,0.86746,0.8675,1.12,1.00
2017.11.13 15:32:46.207,0.86745,0.86748,2.06,1.00
2017.11.13 15:32:46.710,0.86745,0.86749,2.44,1.00
2017.11.13 15:32:47.592,0.86745,0.86749,1.31,1.00
2017.11.13 15:32:48.110,0.86746,0.8675,1.31,1.00
2017.11.13 15:32:48.213,0.86748,0.86752,1.00,1.12
2017.11.13 15:32:48.540,0.86746,0.86751,1.69,1.00
2017.11.13 15:32:48.948,0.86749,0.86753,1.00,1.00
2017.11.13 15:32:49.255,0.86751,0.86755,2.25,1.00
2017.11.13 15:32:49.800,0.86751,0.86755,1.87,1.50
2017.11.13 15:32:51.846,0.86751,0.86756,1.50,1.00
2017.11.13 15:32:52.382,0.86751,0.86756,1.50,1.00
2017.11.13 15:32:53.025,0.86751,0.86755,1.12,1.00
2017.11.13 15:32:53.431,0.86751,0.86756,2.25,1.00
2017.11.13 15:32:54.258,0.86751,0.86755,1.87,1.00
2017.11.13 15:32:54.790,0.86749,0.86755,2.00,1.00
2017.11.13 15:32:54.945,0.86749,0.86753,1.12,1.00
2017.11.13 15:32:55.514,0.86747,0.86753,2.62,1.00
2017.11.13 15:32:57.186,0.86749,0.86753,1.12,1.00
2017.11.13 15:32:57.724,0.86749,0.86754,1.50,1.00
2017.11.13 15:32:57.776,0.86747,0.86752,1.19,1.50
2017.11.13 15:32:57.828,0.86745,0.86749,1.12,1.00
2017.11.13 15:32:57.879,0.86745,0.86749,1.00,1.00
2017.11.13 15:32:58.085,0.86743,0.86747,2.06,1.00
2017.11.13 15:32:58.628,0.86742,0.86746,2.06,1.00
2017.11.13 15:32:59.825,0.86741,0.86745,1.25,1.00
2017.11.13 15:33:00.416,0.8674,0.86744,1.00,1.00
2017.11.13 15:33:00.721,0.8674,0.86744,1.00,1.00
2017.11.13 15:33:00.875,0.8674,0.86745,1.00,4.50
2017.11.13 15:33:01.701,0.8674,0.86746,1.69,2.25
2017.11.13 15:33:01.804,0.8674,0.86746,3.19,1.12
2017.11.13 15:33:02.113,0.86742,0.86748,1.00,2.06
2017.11.13 15:33:02.618,0.86742,0.86746,1.50,1.00
2017.11.13 15:33:02.978,0.86744,0.86748,1.25,1.00
2017.11.13 15:33:03.486,0.86743,0.86748,1.69,1.00
2017.11.13 15:33:03.994,0.86743,0.86748,1.19,1.00
2017.11.13 15:33:05.325,0.86742,0.86747,1.31,1.00
2017.11.13 15:33:05.428,0.8674,0.86745,2.44,1.00
2017.11.13 15:33:05.957,0.8674,0.86744,1.31,1.00
2017.11.13 15:33:07.414,0.8674,0.86744,1.00,1.00
2017.11.13 15:33:07.570,0.86738,0.86742,2.06,1.00
2017.11.13 15:33:07.621,0.86738,0.86742,1.00,1.00
2017.11.13 15:33:07.672,0.86736,0.8674,1.31,1.00
2017.11.13 15:33:07.777,0.86734,0.86738,1.25,1.00
2017.11.13 15:33:07.983,0.86734,0.86738,1.25,1.00
2017.11.13 15:33:08.087,0.86733,0.86737,1.31,1.00
2017.11.13 15:33:08.615,0.86734,0.86738,1.00,1.00
2017.11.13 15:33:08.981,0.86732,0.86737,1.31,1.00
2017.11.13 15:33:09.493,0.86732,0.86738,3.19,1.00
2017.11.13 15:33:09.662,0.86734,0.86738,1.12,1.00
2017.11.13 15:33:10.200,0.86734,0.86739,1.87,1.00
2017.11.13 15:33:10.933,0.86732,0.86737,1.69,1.00
2017.11.13 15:33:11.253,0.86733,0.86737,1.00,1.00
2017.11.13 15:33:11.950,0.86734,0.86738,1.00,1.12
2017.11.13 15:33:12.467,0.86733,0.86737,1.00,1.00
2017.11.13 15:33:13.127,0.86734,0.86739,1.00,2.06
2017.11.13 15:33:13.535,0.86736,0.86742,1.00,3.94
2017.11.13 15:33:14.068,0.86736,0.86742,2.81,1.00
2017.11.13 15:33:14.378,0.86736,0.86741,1.87,1.00
2017.11.13 15:33:14.585,0.86735,0.86739,2.06,1.00
2017.11.13 15:33:15.118,0.86735,0.86739,1.69,1.00
2017.11.13 15:33:15.747,0.86735,0.86739,1.00,1.00
2017.11.13 15:33:16.172,0.86735,0.86739,1.00,1.00
2017.11.13 15:33:16.740,0.86735,0.8674,2.44,1.00
2017.11.13 15:33:18.178,0.86734,0.86738,3.56,1.00
2017.11.13 15:33:18.434,0.86733,0.86737,1.87,1.00
2017.11.13 15:33:18.957,0.86732,0.86736,1.87,1.00
2017.11.13 15:33:19.120,0.86733,0.86737,1.00,1.00
2017.11.13 15:33:19.657,0.86732,0.86736,1.00,1.00
2017.11.13 15:33:20.952,0.86732,0.86736,1.00,1.00
2017.11.13 15:33:21.219,0.86732,0.86738,1.50,2.44
2017.11.13 15:33:21.588,0.86734,0.86738,1.00,1.69
2017.11.13 15:33:22.196,0.86734,0.86738,1.00,1.25
2017.11.13 15:33:23.043,0.86734,0.86738,1.00,1.69
2017.11.13 15:33:25.407,0.86734,0.86738,1.00,1.31
2017.11.13 15:33:26.619,0.86734,0.86738,1.00,2.06
2017.11.13 15:33:27.129,0.86735,0.86739,1.00,2.06
2017.11.13 15:33:27.522,0.86736,0.8674,1.00,2.06
2017.11.13 15:33:28.372,0.86735,0.86739,1.00,1.00
2017.11.13 15:33:28.924,0.86737,0.86741,1.00,2.25
2017.11.13 15:33:29.455,0.86738,0.86742,1.00,3.00
2017.11.13 15:33:30.038,0.86738,0.86742,1.00,2.25
2017.11.13 15:33:30.413,0.86736,0.86741,1.00,5.25
2017.11.13 15:33:31.080,0.86737,0.86741,1.00,5.25
2017.11.13 15:33:31.361,0.86734,0.8674,3.19,1.00
2017.11.13 15:33:33.057,0.86736,0.86741,1.00,3.75
2017.11.13 15:33:36.272,0.86735,0.8674,1.12,1.50
2017.11.13 15:33:36.453,0.86733,0.86738,1.69,1.00
2017.11.13 15:33:36.607,0.86732,0.86738,1.31,1.87
2017.11.13 15:33:37.132,0.86731,0.86737,1.31,1.87
2017.11.13 15:33:37.286,0.8673,0.86734,1.12,3.75
2017.11.13 15:33:37.483,0.8673,0.86734,1.00,3.75
2017.11.13 15:33:37.688,0.86732,0.86735,1.00,4.12
2017.11.13 15:33:38.198,0.86733,0.86735,1.00,3.75
2017.11.13 15:33:38.461,0.86734,0.86738,1.00,3.56
2017.11.13 15:33:38.936,0.86734,0.86739,1.00,2.44
2017.11.13 15:33:39.674,0.86733,0.86739,1.00,3.19
2017.11.13 15:33:40.182,0.86732,0.86738,1.12,1.50
2017.11.13 15:33:40.692,0.86733,0.86737,1.00,1.12
2017.11.13 15:33:41.227,0.86734,0.86739,1.50,2.25
2017.11.13 15:33:41.534,0.86737,0.86741,1.00,1.50
2017.11.13 15:33:42.091,0.86737,0.86741,1.00,2.25
2017.11.13 15:33:42.552,0.86735,0.86741,2.06,1.50
2017.11.13 15:33:42.655,0.86735,0.86739,1.31,1.00
2017.11.13 15:33:43.032,0.86733,0.86737,1.31,1.00
2017.11.13 15:33:43.553,0.86732,0.86736,2.81,1.00
2017.11.13 15:33:44.231,0.86732,0.86737,1.31,1.00
2017.11.13 15:33:44.748,0.86732,0.86736,1.25,1.00
2017.11.13 15:33:45.309,0.8673,0.86736,3.19,1.00
2017.11.13 15:33:45.813,0.8673,0.86735,3.19,1.00
2017.11.13 15:33:46.393,0.86729,0.86733,3.19,1.00
2017.11.13 15:33:46.952,0.86729,0.86734,3.19,1.00
2017.11.13 15:33:47.462,0.86729,0.86733,1.87,1.00
2017.11.13 15:33:48.521,0.86729,0.86733,1.12,1.00
2017.11.13 15:33:49.060,0.8673,0.86735,1.69,1.00
2017.11.13 15:33:49.316,0.86729,0.86733,1.12,1.00
2017.11.13 15:33:53.383,0.86727,0.86732,2.81,1.00
2017.11.13 15:33:53.900,0.86728,0.86733,1.87,1.00
2017.11.13 15:33:55.554,0.86729,0.86734,1.00,1.69
2017.11.13 15:33:56.062,0.86728,0.86734,1.50,1.69
2017.11.13 15:33:56.497,0.86728,0.86734,2.25,1.25
2017.11.13 15:33:57.065,0.8673,0.86736,1.12,1.31
2017.11.13 15:33:57.714,0.86731,0.86736,1.12,1.25
2017.11.13 15:33:58.661,0.86732,0.86737,1.12,1.69
2017.11.13 15:33:58.969,0.86733,0.86737,1.00,1.25
2017.11.13 15:33:59.502,0.86733,0.86737,1.00,1.25
2017.11.13 15:34:00.550,0.86732,0.86737,1.12,1.50
2017.11.13 15:34:01.548,0.86732,0.86738,2.44,1.00
2017.11.13 15:34:01.958,0.86734,0.8674,1.12,1.31
2017.11.13 15:34:02.242,0.86736,0.86741,1.00,3.56
2017.11.13 15:34:04.822,0.86735,0.86741,1.12,2.81
2017.11.13 15:34:05.953,0.86734,0.8674,1.12,1.12
2017.11.13 15:34:06.490,0.86733,0.86739,2.44,1.00
2017.11.13 15:34:08.360,0.86735,0.8674,1.50,3.00
2017.11.13 15:34:08.710,0.86737,0.86741,1.69,1.50
2017.11.13 15:34:09.281,0.86737,0.86742,2.44,1.00
2017.11.13 15:34:09.446,0.86739,0.86744,2.44,1.00
2017.11.13 15:34:10.649,0.86741,0.86745,1.00,1.00
2017.11.13 15:34:11.335,0.8674,0.86745,1.12,1.00
2017.11.13 15:34:11.958,0.8674,0.86745,1.50,1.50
2017.11.13 15:34:13.429,0.86738,0.86745,3.56,1.50
2017.11.13 15:34:13.919,0.86737,0.86743,3.19,1.00
2017.11.13 15:34:14.021,0.86737,0.86741,2.06,1.00
2017.11.13 15:34:14.539,0.86735,0.86741,2.00,1.00
2017.11.13 15:34:15.072,0.86735,0.8674,1.69,1.00
2017.11.13 15:34:15.782,0.86734,0.8674,2.44,1.00
2017.11.13 15:34:16.322,0.86735,0.8674,1.50,1.00
2017.11.13 15:34:16.636,0.86738,0.86742,1.12,1.00
2017.11.13 15:34:17.177,0.86739,0.86743,1.12,1.00
2017.11.13 15:34:17.983,0.86738,0.86742,1.50,1.00
2017.11.13 15:34:18.356,0.86739,0.86745,1.75,1.69
2017.11.13 15:34:18.979,0.86739,0.86745,1.75,1.69
2017.11.13 15:34:20.362,0.86738,0.86743,2.25,1.00
2017.11.13 15:34:20.892,0.86738,0.86743,2.25,1.00
2017.11.13 15:34:23.239,0.86737,0.86742,2.25,1.00
2017.11.13 15:34:23.886,0.86737,0.86741,1.12,1.00
2017.11.13 15:34:24.410,0.86733,0.86739,2.25,1.25
2017.11.13 15:34:24.914,0.86732,0.86739,1.50,2.81
2017.11.13 15:34:24.976,0.8673,0.86734,1.12,1.00
2017.11.13 15:34:25.031,0.86732,0.86737,1.00,1.31
2017.11.13 15:34:25.082,0.86734,0.86738,1.00,5.06
2017.11.13 15:34:25.440,0.86732,0.86737,1.12,1.12
2017.11.13 15:34:25.666,0.86734,0.86738,1.00,4.87
2017.11.13 15:34:25.921,0.86734,0.8674,1.50,3.19
2017.11.13 15:34:25.973,0.86736,0.8674,1.00,1.69
2017.11.13 15:34:26.077,0.86734,0.8674,1.50,2.44
2017.11.13 15:34:26.644,0.86735,0.8674,1.00,2.44
2017.11.13 15:34:26.967,0.86737,0.86741,1.00,1.25
2017.11.13 15:34:29.482,0.86736,0.86741,1.50,1.69
2017.11.13 15:34:29.584,0.86734,0.86739,1.00,1.00
2017.11.13 15:34:29.687,0.86732,0.86738,1.12,1.00
2017.11.13 15:34:30.197,0.86732,0.86738,2.06,1.87
2017.11.13 15:34:30.839,0.86731,0.86737,1.00,1.50
2017.11.13 15:34:31.372,0.8673,0.86736,1.50,1.87
2017.11.13 15:34:31.801,0.86729,0.86733,1.00,1.00
2017.11.13 15:34:32.346,0.86728,0.86733,1.50,1.00
2017.11.13 15:34:32.890,0.86728,0.86734,2.25,1.00
2017.11.13 15:34:33.256,0.8673,0.86736,1.00,1.12
2017.11.13 15:34:34.007,0.86729,0.86735,1.31,1.00
2017.11.13 15:34:34.337,0.86728,0.86733,2.81,1.00
2017.11.13 15:34:34.860,0.8673,0.86734,1.25,1.00
2017.11.13 15:34:35.610,0.86728,0.86734,3.19,1.00
2017.11.13 15:34:36.156,0.86728,0.86733,2.06,1.00
2017.11.13 15:34:37.429,0.86728,0.86734,3.56,1.00
2017.11.13 15:34:37.768,0.86731,0.86736,1.00,3.56
2017.11.13 15:34:40.116,0.8673,0.86735,1.00,1.69
2017.11.13 15:34:40.622,0.86731,0.86737,1.00,4.69
2017.11.13 15:34:41.140,0.86732,0.86737,1.00,3.94
2017.11.13 15:34:41.678,0.86732,0.86737,1.00,2.81
2017.11.13 15:34:42.423,0.86731,0.86737,1.00,4.31
2017.11.13 15:34:43.075,0.86731,0.86737,1.00,3.94
2017.11.13 15:34:43.600,0.8673,0.86735,1.00,1.87
2017.11.13 15:34:44.991,0.86731,0.86736,1.00,1.12
2017.11.13 15:34:45.492,0.86732,0.86737,1.00,2.44
2017.11.13 15:34:46.100,0.86733,0.86737,1.00,1.87
2017.11.13 15:34:47.435,0.86733,0.86738,1.00,1.50
2017.11.13 15:34:48.393,0.86731,0.86737,2.44,1.00
2017.11.13 15:34:49.001,0.86732,0.86737,1.50,1.00
2017.11.13 15:34:50.113,0.8673,0.86736,3.19,1.00
2017.11.13 15:34:50.341,0.86728,0.86733,1.69,1.00
2017.11.13 15:34:50.942,0.86727,0.86733,3.19,1.00
2017.11.13 15:34:54.337,0.86727,0.86733,1.31,1.12
2017.11.13 15:34:54.930,0.86728,0.86734,1.12,1.87
2017.11.13 15:34:55.471,0.86729,0.86735,2.06,1.87
2017.11.13 15:34:55.773,0.8673,0.86735,2.81,1.00
2017.11.13 15:34:56.334,0.86731,0.86736,1.25,1.87
2017.11.13 15:34:56.908,0.86731,0.86737,2.81,1.12
2017.11.13 15:34:57.455,0.86732,0.86738,3.19,1.00
2017.11.13 15:34:57.981,0.86733,0.86739,1.31,1.12
2017.11.13 15:34:58.484,0.86732,0.86738,3.19,1.00
2017.11.13 15:35:01.111,0.86732,0.86738,3.19,1.00
2017.11.13 15:35:01.618,0.86733,0.86739,1.31,1.12
2017.11.13 15:35:03.064,0.86732,0.86738,3.19,1.00
2017.11.13 15:35:03.596,0.86733,0.86739,1.31,1.87
2017.11.13 15:35:04.132,0.86732,0.86738,1.50,1.00
2017.11.13 15:35:05.008,0.86731,0.86737,2.81,1.00
2017.11.13 15:35:05.520,0.86732,0.86738,2.44,1.87
2017.11.13 15:35:06.078,0.86733,0.86739,1.69,1.12
2017.11.13 15:35:06.500,0.86736,0.8674,1.50,1.00
2017.11.13 15:35:06.551,0.86737,0.86742,1.50,1.87
2017.11.13 15:35:06.707,0.86739,0.86743,1.00,1.00
2017.11.13 15:35:06.927,0.86739,0.86744,1.00,1.50
2017.11.13 15:35:08.339,0.86738,0.86743,2.44,1.00
2017.11.13 15:35:08.870,0.86739,0.86744,2.44,1.50
2017.11.13 15:35:09.533,0.86739,0.86743,2.06,1.00
2017.11.13 15:35:09.937,0.86735,0.8674,1.31,2.62
2017.11.13 15:35:10.040,0.86732,0.86737,2.06,1.00
2017.11.13 15:35:10.091,0.86732,0.86737,2.06,1.00
2017.11.13 15:35:10.852,0.86732,0.86737,1.31,1.00
2017.11.13 15:35:11.366,0.86732,0.86736,1.31,1.00
2017.11.13 15:35:11.674,0.86731,0.86736,1.69,1.00
2017.11.13 15:35:12.283,0.86731,0.86735,1.69,1.00
2017.11.13 15:35:12.334,0.86731,0.86737,2.44,1.50
2017.11.13 15:35:12.579,0.86733,0.86737,1.00,1.00
2017.11.13 15:35:13.127,0.86733,0.86737,1.00,1.00
2017.11.13 15:35:16.859,0.86732,0.86737,1.00,2.62
2017.11.13 15:35:17.363,0.86732,0.86736,1.00,1.50
2017.11.13 15:35:17.902,0.86731,0.86736,1.00,1.87
2017.11.13 15:35:18.436,0.86731,0.86736,1.00,1.87
2017.11.13 15:35:18.903,0.8673,0.86736,1.00,2.62
2017.11.13 15:35:19.443,0.86729,0.86735,1.31,1.12
2017.11.13 15:35:19.946,0.86728,0.86734,2.81,1.12
2017.11.13 15:35:20.155,0.86731,0.86735,1.00,2.62
2017.11.13 15:35:21.962,0.86731,0.86735,1.00,2.25
2017.11.13 15:35:22.546,0.8673,0.86734,1.00,1.00
2017.11.13 15:35:23.032,0.86729,0.86734,1.00,1.69
2017.11.13 15:35:23.632,0.8673,0.86734,1.00,1.00
2017.11.13 15:35:24.149,0.86729,0.86734,1.00,1.50
2017.11.13 15:35:24.303,0.86728,0.86734,1.12,2.25
2017.11.13 15:35:24.817,0.86727,0.86732,1.00,2.25
2017.11.13 15:35:25.331,0.86726,0.86732,1.12,4.50
2017.11.13 15:35:25.828,0.86728,0.86733,1.00,2.44
2017.11.13 15:35:26.370,0.8673,0.86734,1.00,3.75
2017.11.13 15:35:28.076,0.8673,0.86734,1.00,1.00
2017.11.13 15:35:28.624,0.86731,0.86735,1.00,4.12
2017.11.13 15:35:32.515,0.8673,0.86735,1.00,4.87
2017.11.13 15:35:32.671,0.86728,0.86733,1.12,1.12
2017.11.13 15:35:33.212,0.86728,0.86732,1.00,1.50
2017.11.13 15:35:36.764,0.86727,0.86732,1.12,2.81
2017.11.13 15:35:37.134,0.86726,0.8673,1.12,1.31
2017.11.13 15:35:37.755,0.86724,0.86728,1.50,1.00
2017.11.13 15:35:37.911,0.86726,0.86731,1.12,1.00
2017.11.13 15:35:38.505,0.86727,0.86731,1.00,1.00
2017.11.13 15:35:39.231,0.86728,0.86733,1.00,2.81
2017.11.13 15:35:39.486,0.86726,0.8673,1.12,1.00
2017.11.13 15:35:39.962,0.86724,0.86728,1.12,1.00
2017.11.13 15:35:40.486,0.86723,0.86727,1.12,1.00
2017.11.13 15:35:41.616,0.86725,0.86729,1.00,1.00
2017.11.13 15:35:41.923,0.86725,0.8673,1.12,1.12
2017.11.13 15:35:42.524,0.86725,0.86731,2.06,1.12
2017.11.13 15:35:43.057,0.86726,0.86732,2.06,2.25
2017.11.13 15:35:43.843,0.86727,0.86732,1.12,1.87
2017.11.13 15:35:45.211,0.86726,0.86732,2.81,1.00
2017.11.13 15:35:46.897,0.86726,0.86732,2.06,1.00
2017.11.13 15:35:48.972,0.86726,0.86732,2.81,1.00
2017.11.13 15:35:49.691,0.86726,0.86731,1.69,1.00
2017.11.13 15:35:50.178,0.86727,0.86731,1.69,1.00
2017.11.13 15:35:50.229,0.86726,0.86732,2.44,1.00
2017.11.13 15:35:50.778,0.86725,0.86731,3.56,1.00
2017.11.13 15:35:51.325,0.86725,0.86731,1.87,1.12
2017.11.13 15:35:52.218,0.86725,0.8673,1.37,1.00
2017.11.13 15:35:57.078,0.86724,0.8673,2.44,1.00
2017.11.13 15:35:57.602,0.86724,0.86729,1.69,1.00
2017.11.13 15:35:59.251,0.86721,0.86727,2.06,1.00
2017.11.13 15:36:00.066,0.86722,0.86728,1.69,1.00
2017.11.13 15:36:00.599,0.86722,0.86727,1.69,1.00
2017.11.13 15:36:01.125,0.86721,0.86728,2.44,1.00
2017.11.13 15:36:01.772,0.86721,0.86727,4.69,1.00
2017.11.13 15:36:02.074,0.8672,0.86727,3.56,1.00
2017.11.13 15:36:03.126,0.86721,0.86728,2.25,1.69
2017.11.13 15:36:03.177,0.86722,0.86728,1.75,1.25
2017.11.13 15:36:03.542,0.86721,0.86725,1.12,1.00
2017.11.13 15:36:04.205,0.8672,0.86725,1.69,1.00
2017.11.13 15:36:06.655,0.86719,0.86725,2.25,1.00
2017.11.13 15:36:07.193,0.86719,0.86724,1.87,1.00
2017.11.13 15:36:08.316,0.86718,0.86722,3.56,1.00
2017.11.13 15:36:09.698,0.86718,0.86723,2.81,1.00
2017.11.13 15:36:10.160,0.86717,0.86721,1.00,1.00
2017.11.13 15:36:11.041,0.86717,0.86722,1.50,1.00
2017.11.13 15:36:11.572,0.86718,0.86722,2.06,1.00
2017.11.13 15:36:11.785,0.8672,0.86724,1.31,1.00
2017.11.13 15:36:12.092,0.86721,0.86726,2.06,1.00
2017.11.13 15:36:12.628,0.86721,0.86725,2.06,1.00
2017.11.13 15:36:13.210,0.86722,0.86726,1.12,1.00
2017.11.13 15:36:14.874,0.86721,0.86725,1.12,1.00
2017.11.13 15:36:15.233,0.86723,0.86727,1.12,1.00
2017.11.13 15:36:15.821,0.86723,0.86728,1.69,1.00
2017.11.13 15:36:16.618,0.86723,0.86729,2.44,1.00
2017.11.13 15:36:16.928,0.86721,0.86726,1.69,1.00
2017.11.13 15:36:17.243,0.86723,0.86728,2.06,1.00
2017.11.13 15:36:18.618,0.8672,0.86728,2.44,1.50
2017.11.13 15:36:18.669,0.8672,0.86726,2.44,1.00
2017.11.13 15:36:19.913,0.8672,0.86726,2.44,1.00
2017.11.13 15:36:20.015,0.86721,0.86726,1.69,1.00
2017.11.13 15:36:21.410,0.86721,0.86727,1.75,1.00
2017.11.13 15:36:21.969,0.8672,0.86726,3.19,1.00
2017.11.13 15:36:24.532,0.86721,0.86725,1.00,1.00
2017.11.13 15:36:30.188,0.86721,0.86727,1.75,1.00
2017.11.13 15:36:32.045,0.8672,0.86726,2.44,1.00
2017.11.13 15:36:35.328,0.86719,0.86725,3.19,1.00
2017.11.13 15:36:35.430,0.86719,0.86723,1.31,1.00
2017.11.13 15:36:35.889,0.86719,0.86723,1.12,1.00
2017.11.13 15:36:36.435,0.86719,0.86723,1.31,1.00
2017.11.13 15:36:37.317,0.86714,0.86719,1.50,1.00
2017.11.13 15:36:37.369,0.86713,0.86717,1.00,1.00
2017.11.13 15:36:37.624,0.86712,0.86717,1.69,1.50
2017.11.13 15:36:37.676,0.8671,0.86714,2.06,1.00
2017.11.13 15:36:38.221,0.86709,0.86713,2.44,1.00
2017.11.13 15:36:45.772,0.86708,0.86713,2.44,1.00
2017.11.13 15:36:46.986,0.86708,0.86714,2.81,1.12
2017.11.13 15:36:47.544,0.86706,0.86712,2.81,1.50
2017.11.13 15:36:48.092,0.86706,0.86712,2.81,1.50
2017.11.13 15:36:49.106,0.86706,0.8671,1.25,1.00
2017.11.13 15:36:49.771,0.86705,0.86711,2.06,1.12
2017.11.13 15:36:50.277,0.86705,0.86711,2.06,1.12
2017.11.13 15:36:50.798,0.86706,0.86711,1.25,1.12
2017.11.13 15:36:51.104,0.86708,0.86712,1.00,1.00
2017.11.13 15:36:51.697,0.86708,0.86714,1.00,3.19
2017.11.13 15:36:53.723,0.86708,0.86714,1.00,3.19
2017.11.13 15:36:54.322,0.86708,0.86714,1.69,1.87
2017.11.13 15:36:54.996,0.86709,0.86714,1.00,1.87
2017.11.13 15:36:57.410,0.86708,0.86714,2.44,1.00
2017.11.13 15:36:57.618,0.86708,0.86714,2.06,1.12
2017.11.13 15:36:58.163,0.86709,0.86715,1.00,1.50
2017.11.13 15:37:02.006,0.86708,0.86713,1.31,1.00
2017.11.13 15:37:02.550,0.86709,0.86713,1.00,1.00
2017.11.13 15:37:03.881,0.86711,0.86715,1.31,1.00
2017.11.13 15:37:04.187,0.86712,0.86716,1.69,1.00
2017.11.13 15:37:04.637,0.86713,0.86719,2.00,1.00
2017.11.13 15:37:06.843,0.86712,0.86716,2.44,1.00
2017.11.13 15:37:07.828,0.86712,0.86717,2.44,1.00
2017.11.13 15:37:08.839,0.86711,0.86716,1.62,1.00
2017.11.13 15:37:09.364,0.86709,0.86715,2.81,1.00
2017.11.13 15:37:10.116,0.86709,0.86715,2.81,1.00
2017.11.13 15:37:10.643,0.86709,0.86713,2.81,1.00
2017.11.13 15:37:16.978,0.8671,0.86715,1.31,1.00
2017.11.13 15:37:17.758,0.8671,0.86714,1.69,1.00
2017.11.13 15:37:18.194,0.86711,0.86716,2.06,1.00
2017.11.13 15:37:18.935,0.86709,0.86715,2.81,1.00
2017.11.13 15:37:19.580,0.86709,0.86714,2.81,1.00
2017.11.13 15:37:20.166,0.8671,0.86716,1.31,1.87
2017.11.13 15:37:20.668,0.86709,0.86715,1.69,1.00
2017.11.13 15:37:25.795,0.86709,0.86715,1.87,1.31
2017.11.13 15:37:26.805,0.8671,0.86716,1.00,3.19
2017.11.13 15:37:28.292,0.86711,0.86716,1.00,3.19
2017.11.13 15:37:28.962,0.8671,0.86716,1.00,3.94
2017.11.13 15:37:32.060,0.86708,0.86713,1.87,1.00
2017.11.13 15:37:32.370,0.86706,0.86712,1.75,1.25
2017.11.13 15:37:32.422,0.86705,0.8671,2.25,1.00
2017.11.13 15:37:37.472,0.86703,0.8671,2.62,1.69
2017.11.13 15:37:38.014,0.86703,0.86709,1.75,1.25
2017.11.13 15:37:39.195,0.86704,0.86708,1.12,1.00
2017.11.13 15:37:40.271,0.86703,0.86708,1.50,1.25
2017.11.13 15:37:40.860,0.86703,0.86709,1.69,1.00
2017.11.13 15:37:42.241,0.86703,0.86709,2.81,1.00
2017.11.13 15:37:47.156,0.86704,0.8671,1.69,1.00
2017.11.13 15:37:47.762,0.86703,0.86709,3.19,1.00
2017.11.13 15:37:49.303,0.86704,0.8671,1.50,1.31
2017.11.13 15:37:49.861,0.86706,0.86711,1.00,2.06
2017.11.13 15:37:50.378,0.86705,0.86709,1.00,1.00
2017.11.13 15:37:51.246,0.86706,0.8671,1.00,1.31
2017.11.13 15:37:52.657,0.86705,0.86709,1.00,2.25
2017.11.13 15:37:52.918,0.86704,0.86708,1.00,1.69
2017.11.13 15:37:53.474,0.86705,0.86709,1.00,2.44
2017.11.13 15:37:53.982,0.86705,0.86709,1.00,1.31
2017.11.13 15:37:54.591,0.86704,0.86709,1.00,1.31
2017.11.13 15:37:56.285,0.86703,0.86709,1.12,2.06
2017.11.13 15:37:56.778,0.86701,0.86705,1.00,1.00
2017.11.13 15:37:57.770,0.867,0.86705,2.81,1.00
2017.11.13 15:37:58.299,0.867,0.86706,3.56,1.00
2017.11.13 15:37:59.256,0.867,0.86705,2.06,1.00
2017.11.13 15:37:59.908,0.86699,0.86705,3.19,1.00
2017.11.13 15:38:00.721,0.86699,0.86703,1.69,1.00
2017.11.13 15:38:02.761,0.86699,0.86703,1.31,1.00
2017.11.13 15:38:03.837,0.86701,0.86705,1.25,1.00
2017.11.13 15:38:04.109,0.867,0.86706,2.44,1.12
2017.11.13 15:38:04.847,0.86701,0.86707,2.81,1.12
2017.11.13 15:38:05.393,0.86701,0.86707,2.81,1.12
2017.11.13 15:38:05.894,0.86703,0.86708,1.69,1.00
2017.11.13 15:38:05.947,0.86704,0.8671,2.06,1.12
2017.11.13 15:38:06.807,0.86705,0.86709,1.25,1.00
2017.11.13 15:38:07.267,0.86706,0.86711,1.31,1.00
2017.11.13 15:38:08.374,0.86707,0.86711,2.44,1.00
2017.11.13 15:38:08.700,0.86708,0.86713,1.31,1.12
2017.11.13 15:38:09.208,0.86709,0.86714,1.19,2.62
2017.11.13 15:38:09.711,0.86709,0.86713,1.25,1.00
2017.11.13 15:38:10.166,0.8671,0.86715,1.19,3.75
2017.11.13 15:38:10.807,0.8671,0.86714,1.00,1.12
2017.11.13 15:38:11.325,0.86709,0.86713,1.25,1.00
2017.11.13 15:38:11.893,0.8671,0.86714,1.25,1.87
2017.11.13 15:38:12.404,0.8671,0.86715,1.19,4.87
2017.11.13 15:38:12.889,0.86709,0.86713,1.25,1.87
2017.11.13 15:38:14.538,0.86708,0.86712,1.25,1.00
2017.11.13 15:38:16.870,0.86708,0.86713,1.19,1.12
2017.11.13 15:38:20.127,0.86707,0.86711,2.06,1.00
2017.11.13 15:38:23.015,0.86704,0.86709,3.94,1.00
2017.11.13 15:38:23.244,0.86702,0.86708,3.19,1.00
2017.11.13 15:38:23.765,0.86704,0.86708,1.12,1.00
2017.11.13 15:38:25.099,0.86703,0.86709,3.00,1.00
2017.11.13 15:38:25.287,0.86707,0.86711,1.00,3.19
2017.11.13 15:38:25.848,0.86707,0.86712,1.00,3.94
2017.11.13 15:38:29.560,0.86705,0.86709,1.00,1.00
2017.11.13 15:38:29.839,0.86704,0.86708,1.12,1.00
2017.11.13 15:38:30.868,0.86703,0.86708,1.00,1.12
2017.11.13 15:38:31.398,0.86702,0.86706,1.12,1.00
2017.11.13 15:38:33.569,0.86702,0.86708,1.00,3.56
2017.11.13 15:38:34.201,0.86703,0.86708,1.00,1.87
2017.11.13 15:38:34.790,0.86703,0.86708,1.12,1.50
2017.11.13 15:38:35.520,0.86704,0.86708,1.00,1.00
2017.11.13 15:38:36.062,0.86705,0.8671,1.00,1.69
2017.11.13 15:38:36.647,0.86703,0.86709,2.25,1.25
2017.11.13 15:38:39.980,0.86703,0.86708,1.87,1.00
2017.11.13 15:38:40.487,0.86701,0.86707,2.25,2.81
2017.11.13 15:38:41.295,0.86701,0.86707,1.87,3.19
2017.11.13 15:38:44.495,0.867,0.86706,2.25,1.50
2017.11.13 15:38:45.836,0.86702,0.86708,1.87,1.12
2017.11.13 15:38:46.368,0.86702,0.86708,3.00,1.00
2017.11.13 15:38:47.499,0.86702,0.86708,3.00,1.12
2017.11.13 15:38:47.808,0.86701,0.86706,2.25,1.00
2017.11.13 15:38:52.294,0.867,0.86705,2.25,1.00
2017.11.13 15:38:52.797,0.867,0.86706,3.00,1.25
2017.11.13 15:38:53.456,0.867,0.86704,2.25,1.00
2017.11.13 15:38:54.164,0.867,0.86705,2.25,1.00
2017.11.13 15:38:55.029,0.86699,0.86704,1.50,1.00
2017.11.13 15:38:55.551,0.86699,0.86703,1.50,1.00
2017.11.13 15:38:56.119,0.867,0.86705,2.25,1.00
2017.11.13 15:39:00.111,0.867,0.86704,1.12,1.00
2017.11.13 15:39:05.237,0.86697,0.86703,3.56,1.00
2017.11.13 15:39:06.774,0.86697,0.86701,2.25,1.00
2017.11.13 15:39:07.775,0.86698,0.86703,1.50,1.19
2017.11.13 15:39:08.473,0.86698,0.86702,2.25,1.00
2017.11.13 15:39:10.698,0.86698,0.86703,1.50,1.69
2017.11.13 15:39:11.253,0.86698,0.86702,1.12,1.25
2017.11.13 15:39:12.846,0.86695,0.86699,3.75,1.00
2017.11.13 15:39:13.391,0.86695,0.86699,1.31,1.00
2017.11.13 15:39:14.786,0.86694,0.867,2.44,1.12
2017.11.13 15:39:15.675,0.86696,0.86701,1.00,2.25
2017.11.13 15:39:16.269,0.86696,0.86701,1.00,2.62
2017.11.13 15:39:16.813,0.86697,0.86701,1.00,2.62
2017.11.13 15:39:17.373,0.86696,0.867,1.00,1.00
2017.11.13 15:39:17.912,0.86697,0.86701,1.00,1.87
2017.11.13 15:39:19.664,0.86695,0.86699,1.00,1.12
2017.11.13 15:39:25.049,0.86694,0.86699,1.25,1.12
2017.11.13 15:39:28.027,0.86694,0.867,2.44,1.00
2017.11.13 15:39:28.807,0.86693,0.86699,3.94,1.50
2017.11.13 15:39:29.323,0.86694,0.867,1.50,1.50
2017.11.13 15:39:30.314,0.86693,0.86699,3.19,1.50
2017.11.13 15:39:30.888,0.86694,0.86699,1.00,1.50
2017.11.13 15:39:33.873,0.86693,0.86698,1.69,1.00
2017.11.13 15:39:34.268,0.86695,0.867,1.69,1.00
2017.11.13 15:39:34.885,0.86696,0.86701,2.81,1.00
2017.11.13 15:39:35.388,0.86696,0.86701,2.81,1.00
2017.11.13 15:39:36.755,0.86697,0.86702,1.37,1.50
2017.11.13 15:39:38.680,0.86694,0.86698,1.00,1.25
2017.11.13 15:39:38.732,0.86692,0.86698,2.81,1.87
2017.11.13 15:39:38.977,0.8669,0.86696,1.87,1.31
2017.11.13 15:39:39.535,0.86689,0.86695,1.50,2.44
2017.11.13 15:39:41.800,0.86691,0.86697,1.87,2.06
2017.11.13 15:39:42.215,0.86693,0.86697,1.00,1.12
2017.11.13 15:39:42.844,0.86694,0.86698,1.00,2.44
2017.11.13 15:39:43.372,0.86693,0.86697,1.00,2.06
2017.11.13 15:39:44.383,0.86694,0.86698,1.00,3.94
2017.11.13 15:39:45.049,0.86692,0.86697,1.00,2.06
2017.11.13 15:39:46.140,0.86693,0.86697,1.00,1.31
2017.11.13 15:39:46.503,0.86692,0.86696,1.12,1.00
2017.11.13 15:39:52.144,0.86689,0.86695,2.62,1.00
2017.11.13 15:39:52.195,0.86688,0.86692,5.44,1.00
2017.11.13 15:39:52.910,0.86687,0.86691,3.56,1.00
2017.11.13 15:39:53.673,0.86688,0.86692,1.69,1.00
2017.11.13 15:39:55.668,0.86687,0.86691,2.81,1.00
2017.11.13 15:39:56.209,0.86686,0.8669,2.81,1.00
2017.11.13 15:39:58.068,0.86687,0.86691,2.81,1.00
2017.11.13 15:39:58.273,0.86689,0.86694,1.31,1.00
2017.11.13 15:39:58.611,0.86691,0.86695,1.12,1.00
2017.11.13 15:39:59.145,0.86692,0.86696,1.00,1.00
2017.11.13 15:39:59.854,0.86691,0.86695,1.50,1.00
2017.11.13 15:40:00.469,0.8669,0.86694,1.87,1.00
2017.11.13 15:40:00.722,0.86689,0.86694,1.87,1.00
2017.11.13 15:40:01.332,0.86689,0.86693,2.81,1.00
2017.11.13 15:40:01.638,0.86691,0.86695,1.12,1.00
2017.11.13 15:40:02.330,0.86691,0.86696,1.87,1.00
2017.11.13 15:40:03.052,0.86691,0.86695,1.87,1.00
2017.11.13 15:40:03.361,0.8669,0.86692,1.69,1.00
2017.11.13 15:40:04.028,0.86691,0.86694,2.06,1.00
2017.11.13 15:40:04.582,0.8669,0.86696,2.81,1.00
2017.11.13 15:40:05.278,0.8669,0.86695,1.62,1.00
2017.11.13 15:40:09.120,0.8669,0.86694,1.69,1.00
2017.11.13 15:40:10.155,0.86691,0.86696,1.69,1.00
2017.11.13 15:40:11.225,0.8669,0.86695,1.69,1.00
2017.11.13 15:40:11.379,0.86692,0.86697,1.69,1.00
2017.11.13 15:40:11.584,0.86693,0.86697,2.44,1.00
2017.11.13 15:40:11.778,0.86695,0.86699,1.31,1.00
2017.11.13 15:40:11.829,0.86696,0.86701,1.69,1.00
2017.11.13 15:40:12.135,0.86699,0.86703,1.12,1.12
2017.11.13 15:40:12.290,0.86702,0.86706,1.00,1.69
2017.11.13 15:40:12.342,0.86704,0.86707,1.00,1.00
2017.11.13 15:40:12.586,0.86701,0.86706,1.87,1.00
2017.11.13 15:40:13.097,0.86701,0.86707,1.12,2.44
2017.11.13 15:40:13.879,0.867,0.86704,2.62,1.00
2017.11.13 15:40:15.963,0.867,0.86705,2.62,1.00
2017.11.13 15:40:16.845,0.867,0.86706,2.81,1.00
2017.11.13 15:40:17.717,0.86699,0.86703,1.37,1.00
2017.11.13 15:40:18.998,0.86698,0.86701,1.12,1.00
2017.11.13 15:40:19.510,0.86697,0.86703,2.25,1.69
2017.11.13 15:40:20.086,0.86697,0.867,1.87,1.00
2017.11.13 15:40:20.344,0.86693,0.86697,1.50,1.00
2017.11.13 15:40:21.547,0.86693,0.86696,1.12,1.00
2017.11.13 15:40:22.207,0.86693,0.86697,1.12,1.00
2017.11.13 15:40:24.190,0.86692,0.86697,1.50,1.69
2017.11.13 15:40:25.134,0.86693,0.86697,1.00,1.00
2017.11.13 15:40:25.237,0.86693,0.86699,2.62,1.00
2017.11.13 15:40:25.637,0.86695,0.86699,1.50,1.00
2017.11.13 15:40:25.851,0.86696,0.867,1.50,1.00
2017.11.13 15:40:26.401,0.86697,0.86702,1.50,1.25
2017.11.13 15:40:26.915,0.86697,0.86701,1.12,1.00
2017.11.13 15:40:27.526,0.86697,0.86702,1.50,1.69
2017.11.13 15:40:29.891,0.86695,0.86701,3.00,1.00
2017.11.13 15:40:30.098,0.86695,0.86699,1.87,1.00
2017.11.13 15:40:30.834,0.86695,0.86701,2.44,1.50
2017.11.13 15:40:31.471,0.86695,0.86701,2.44,1.50
2017.11.13 15:40:32.044,0.86694,0.86699,1.69,1.00
2017.11.13 15:40:32.576,0.86693,0.86698,1.87,1.00
2017.11.13 15:40:33.061,0.86695,0.86701,2.25,1.00
2017.11.13 15:40:33.868,0.86696,0.867,1.50,1.00
2017.11.13 15:40:34.407,0.86697,0.86702,1.50,1.00
2017.11.13 15:40:35.309,0.86697,0.86701,1.00,1.00
2017.11.13 15:40:35.621,0.86693,0.86697,2.06,1.00
2017.11.13 15:40:35.931,0.86691,0.86696,1.50,1.25
2017.11.13 15:40:36.313,0.86692,0.86697,1.37,1.25
2017.11.13 15:40:36.469,0.86692,0.86698,1.50,1.69
2017.11.13 15:40:36.572,0.86692,0.86699,3.75,2.06
2017.11.13 15:40:36.849,0.86694,0.86699,1.50,1.25
2017.11.13 15:40:37.553,0.86694,0.867,2.25,1.25
2017.11.13 15:40:38.083,0.86694,0.86701,3.00,1.69
2017.11.13 15:40:38.930,0.86693,0.86698,2.62,1.00
2017.11.13 15:40:39.871,0.86694,0.86699,1.00,1.19
2017.11.13 15:40:40.458,0.86694,0.86698,1.00,1.25
2017.11.13 15:40:40.764,0.86695,0.86699,1.00,1.12
2017.11.13 15:40:41.652,0.86696,0.867,1.00,2.62
2017.11.13 15:40:41.873,0.86693,0.86697,1.00,1.00
2017.11.13 15:40:42.080,0.86698,0.86702,1.00,3.19
2017.11.13 15:40:42.182,0.86697,0.86702,1.00,1.69
2017.11.13 15:40:42.437,0.86699,0.86703,1.00,1.25
2017.11.13 15:40:42.860,0.86701,0.86706,1.00,2.44
2017.11.13 15:40:43.365,0.867,0.86704,1.00,1.00
2017.11.13 15:40:43.876,0.86699,0.86703,1.00,1.25
2017.11.13 15:40:45.593,0.86698,0.86704,1.00,3.94
2017.11.13 15:40:46.094,0.86699,0.86703,1.00,1.00
2017.11.13 15:40:47.702,0.86699,0.86703,1.00,1.12
2017.11.13 15:40:48.340,0.867,0.86704,1.00,2.44
2017.11.13 15:40:51.061,0.867,0.86704,1.00,1.00
2017.11.13 15:40:51.799,0.86701,0.86705,1.00,2.44
2017.11.13 15:40:53.975,0.867,0.86704,1.00,1.31
2017.11.13 15:40:54.508,0.86701,0.86705,1.00,2.81
2017.11.13 15:40:55.243,0.86699,0.86703,1.00,1.12
2017.11.13 15:40:55.296,0.86697,0.86702,1.00,2.81
2017.11.13 15:40:56.383,0.86699,0.86703,1.00,1.31
2017.11.13 15:40:59.385,0.86699,0.86703,1.00,1.25
2017.11.13 15:41:00.109,0.86697,0.86702,1.00,2.44
2017.11.13 15:41:00.417,0.86698,0.86702,1.00,1.00
2017.11.13 15:41:01.044,0.86699,0.86704,1.00,2.06
2017.11.13 15:41:01.603,0.86701,0.86705,1.00,3.19
2017.11.13 15:41:05.234,0.86699,0.86704,1.00,2.06
2017.11.13 15:41:05.785,0.86701,0.86705,1.00,3.56
2017.11.13 15:41:06.734,0.86698,0.86703,1.00,1.19
2017.11.13 15:41:07.094,0.86697,0.86702,1.00,1.19
2017.11.13 15:41:08.033,0.86697,0.86702,1.00,2.81
2017.11.13 15:41:08.595,0.86698,0.86702,1.00,1.25
2017.11.13 15:41:10.107,0.86698,0.86702,1.00,1.25
2017.11.13 15:41:12.520,0.86697,0.86702,1.00,2.44
2017.11.13 15:41:13.030,0.86698,0.86702,1.00,1.25
2017.11.13 15:41:13.684,0.86698,0.86704,1.12,3.94
2017.11.13 15:41:15.961,0.86699,0.86703,1.00,1.25
2017.11.13 15:41:16.234,0.86696,0.867,1.00,1.69
2017.11.13 15:41:16.780,0.86697,0.86701,1.00,3.56
2017.11.13 15:41:18.590,0.86699,0.86703,1.00,3.94
2017.11.13 15:41:19.118,0.86697,0.86702,1.00,3.00
2017.11.13 15:41:19.621,0.86697,0.86702,1.00,3.00
2017.11.13 15:41:20.149,0.86696,0.867,1.00,1.12
2017.11.13 15:41:20.886,0.86697,0.86701,1.00,2.62
2017.11.13 15:41:21.410,0.86696,0.867,1.00,1.00
2017.11.13 15:41:22.139,0.86697,0.86701,1.00,1.12
2017.11.13 15:41:23.355,0.86696,0.867,1.00,1.12
2017.11.13 15:41:23.657,0.86692,0.86697,1.00,1.37
2017.11.13 15:41:23.760,0.86692,0.86697,1.00,1.50
2017.11.13 15:41:23.916,0.86693,0.86698,1.69,1.87
2017.11.13 15:41:24.560,0.86695,0.86699,1.00,2.25
2017.11.13 15:41:24.971,0.86693,0.86697,1.00,1.50
2017.11.13 15:41:25.429,0.86694,0.86698,1.00,2.44
2017.11.13 15:41:25.972,0.86695,0.86699,1.00,3.56
2017.11.13 15:41:28.490,0.86694,0.86698,1.00,1.00
2017.11.13 15:41:28.542,0.86697,0.86701,1.00,2.06
2017.11.13 15:41:29.052,0.86697,0.86701,1.00,1.12
2017.11.13 15:41:29.713,0.86696,0.867,1.00,2.25
2017.11.13 15:41:30.259,0.86695,0.86699,1.00,1.50
2017.11.13 15:41:32.628,0.86694,0.86699,1.00,2.25
2017.11.13 15:41:33.147,0.86694,0.86698,1.00,1.00
2017.11.13 15:41:33.755,0.86693,0.86697,1.00,1.12
2017.11.13 15:41:33.960,0.86695,0.86699,1.00,2.06
2017.11.13 15:41:34.472,0.86695,0.86699,1.00,2.06
2017.11.13 15:41:35.723,0.86695,0.86699,1.00,2.06
2017.11.13 15:41:35.826,0.86693,0.86697,1.00,1.12
2017.11.13 15:41:36.346,0.86692,0.86696,1.00,1.00
2017.11.13 15:41:36.863,0.86693,0.86698,1.00,2.06
2017.11.13 15:41:37.171,0.86694,0.86698,1.00,1.00
2017.11.13 15:41:37.223,0.86696,0.867,1.00,1.00
2017.11.13 15:41:37.328,0.86699,0.86703,1.00,1.50
2017.11.13 15:41:37.430,0.867,0.86704,1.00,2.06
2017.11.13 15:41:39.502,0.86701,0.86705,1.00,2.06
2017.11.13 15:41:41.809,0.86701,0.86705,1.00,2.06
2017.11.13 15:41:42.355,0.86701,0.86705,1.00,1.25
2017.11.13 15:41:42.764,0.86702,0.86707,1.00,1.69
2017.11.13 15:41:43.409,0.86703,0.86707,1.00,1.69
2017.11.13 15:41:44.281,0.86702,0.86707,1.00,1.69
2017.11.13 15:41:44.385,0.867,0.86704,1.00,1.00
2017.11.13 15:41:44.835,0.86698,0.86703,2.81,1.00
2017.11.13 15:41:45.383,0.86697,0.86704,1.75,1.25
2017.11.13 15:41:45.639,0.86697,0.86702,2.25,1.00
2017.11.13 15:41:46.475,0.86694,0.86698,2.06,1.00
2017.11.13 15:41:46.985,0.86693,0.86698,1.69,1.00
2017.11.13 15:41:47.694,0.86694,0.86699,1.69,1.00
2017.11.13 15:41:47.745,0.86695,0.86699,1.12,1.00
2017.11.13 15:41:48.051,0.86696,0.86701,1.50,1.00
2017.11.13 15:41:48.567,0.86694,0.86699,4.69,1.00
2017.11.13 15:41:48.620,0.86695,0.86699,1.25,1.00
2017.11.13 15:41:49.123,0.86695,0.867,1.69,1.00
2017.11.13 15:41:50.105,0.86694,0.86699,3.19,1.00
2017.11.13 15:41:50.843,0.86694,0.86698,3.19,1.00
2017.11.13 15:41:51.098,0.86694,0.86699,3.19,1.00
2017.11.13 15:41:51.517,0.86692,0.86697,2.44,1.00
2017.11.13 15:41:51.825,0.86691,0.86696,3.94,1.00
2017.11.13 15:41:52.032,0.86689,0.86694,3.19,1.00
2017.11.13 15:41:52.639,0.86689,0.86694,1.19,1.00
2017.11.13 15:41:54.348,0.8669,0.86695,1.19,1.12
2017.11.13 15:41:54.516,0.86688,0.86693,1.31,1.00
2017.11.13 15:41:56.977,0.86689,0.86694,1.69,1.00
2017.11.13 15:41:57.512,0.8669,0.86695,2.06,1.00
2017.11.13 15:41:57.581,0.86692,0.86697,2.06,1.50
2017.11.13 15:41:58.109,0.86693,0.86698,1.50,1.00
2017.11.13 15:42:00.388,0.86693,0.86698,2.44,1.00
2017.11.13 15:42:00.949,0.86694,0.86698,1.87,1.00
2017.11.13 15:42:01.481,0.86693,0.86698,2.25,1.00
2017.11.13 15:42:02.419,0.86692,0.86696,1.12,1.00
2017.11.13 15:42:02.957,0.8669,0.86695,3.00,1.00
2017.11.13 15:42:03.471,0.86692,0.86696,1.31,1.00
2017.11.13 15:42:03.693,0.86693,0.86697,2.44,1.00
2017.11.13 15:42:03.744,0.86693,0.86698,1.69,1.00
2017.11.13 15:42:04.073,0.86691,0.86696,3.19,1.00
2017.11.13 15:42:04.533,0.8669,0.86694,1.31,1.00
2017.11.13 15:42:05.985,0.8669,0.86695,1.19,1.00
2017.11.13 15:42:06.098,0.86689,0.86693,1.31,1.00
2017.11.13 15:42:06.150,0.86688,0.86693,2.44,1.00
2017.11.13 15:42:06.926,0.86687,0.86692,2.25,1.00
2017.11.13 15:42:07.474,0.86687,0.86692,2.25,1.00
2017.11.13 15:42:08.999,0.86686,0.8669,1.31,1.00
2017.11.13 15:42:09.793,0.86685,0.8669,3.19,1.00
2017.11.13 15:42:10.439,0.86686,0.8669,1.12,1.00
2017.11.13 15:42:11.632,0.86685,0.8669,1.50,1.00
2017.11.13 15:42:12.176,0.86685,0.86689,1.31,1.00
2017.11.13 15:42:12.711,0.86684,0.86688,3.19,1.00
2017.11.13 15:42:13.266,0.86685,0.86689,1.12,1.00
2017.11.13 15:42:13.964,0.86684,0.86688,3.00,1.00
2017.11.13 15:42:14.475,0.86683,0.86688,2.81,1.00
2017.11.13 15:42:15.052,0.86683,0.86688,2.06,1.00
2017.11.13 15:42:15.561,0.86683,0.86687,2.06,1.00
2017.11.13 15:42:16.553,0.86683,0.86687,1.87,1.00
2017.11.13 15:42:16.909,0.86684,0.86689,1.50,1.00
2017.11.13 15:42:18.656,0.86684,0.86688,2.25,1.00
2017.11.13 15:42:19.161,0.86685,0.86689,1.87,1.00
2017.11.13 15:42:20.106,0.86687,0.86691,1.87,1.00
2017.11.13 15:42:20.360,0.86688,0.86692,1.31,1.00
2017.11.13 15:42:20.411,0.86689,0.86694,1.69,1.00
2017.11.13 15:42:21.993,0.86689,0.86694,1.69,1.00
2017.11.13 15:42:22.542,0.86689,0.86693,1.69,1.00
2017.11.13 15:42:23.087,0.86688,0.86694,2.44,1.00
2017.11.13 15:42:27.614,0.86688,0.86692,1.69,1.00
2017.11.13 15:42:32.515,0.86688,0.86693,1.69,1.00
2017.11.13 15:42:33.696,0.86686,0.86691,2.44,1.00
2017.11.13 15:42:34.393,0.86685,0.8669,1.69,1.00
2017.11.13 15:42:37.491,0.86685,0.8669,1.50,1.00
2017.11.13 15:42:38.431,0.86685,0.86689,1.69,1.00
2017.11.13 15:42:40.482,0.86686,0.86691,2.44,1.00
2017.11.13 15:42:41.047,0.86687,0.86692,1.69,1.00
2017.11.13 15:42:41.571,0.86688,0.86693,2.44,1.00
2017.11.13 15:42:43.604,0.86688,0.86692,1.31,1.00
2017.11.13 15:42:45.135,0.86686,0.8669,3.56,1.00
2017.11.13 15:42:46.027,0.86686,0.86691,1.50,1.00
2017.11.13 15:42:46.667,0.86686,0.8669,1.50,1.00
2017.11.13 15:42:46.840,0.8669,0.86694,1.25,2.25
2017.11.13 15:42:47.242,0.86692,0.86697,1.50,1.12
2017.11.13 15:42:47.552,0.86694,0.867,1.87,1.00
2017.11.13 15:42:48.335,0.86694,0.86699,1.37,1.00
2017.11.13 15:42:48.989,0.86693,0.86699,1.12,1.69
2017.11.13 15:42:49.735,0.86692,0.86698,1.87,1.50
2017.11.13 15:42:50.368,0.86691,0.86697,2.25,1.00
2017.11.13 15:42:50.904,0.86691,0.86697,1.87,1.50
2017.11.13 15:42:51.383,0.86693,0.86697,1.00,1.00
2017.11.13 15:42:51.691,0.86691,0.86696,1.87,1.31
2017.11.13 15:42:52.195,0.86692,0.86696,1.00,1.31
2017.11.13 15:42:52.871,0.86692,0.86697,1.00,2.44
2017.11.13 15:42:53.618,0.86691,0.86696,1.12,1.37
2017.11.13 15:42:53.976,0.8669,0.86696,1.12,2.06
2017.11.13 15:42:54.319,0.86689,0.86693,1.00,1.25
2017.11.13 15:42:54.574,0.8669,0.86696,1.50,2.44
2017.11.13 15:42:54.677,0.8669,0.86694,1.00,1.00
2017.11.13 15:42:55.213,0.8669,0.86695,1.37,1.00
2017.11.13 15:42:55.737,0.8669,0.86696,2.81,1.87
2017.11.13 15:42:56.258,0.8669,0.86696,3.19,1.00
2017.11.13 15:42:58.738,0.8669,0.86696,1.31,1.00
2017.11.13 15:42:59.538,0.86691,0.86696,1.00,1.00
2017.11.13 15:43:00.273,0.8669,0.86696,1.31,1.00
2017.11.13 15:43:00.609,0.86687,0.86691,2.44,1.00
2017.11.13 15:43:01.140,0.86689,0.86693,2.06,1.00
2017.11.13 15:43:02.294,0.86688,0.86693,1.69,1.00
2017.11.13 15:43:02.804,0.86688,0.86692,1.69,1.00
2017.11.13 15:43:03.344,0.86688,0.86693,1.69,1.00
2017.11.13 15:43:04.128,0.86689,0.86693,2.44,1.00
2017.11.13 15:43:04.747,0.8669,0.86694,2.06,1.00
2017.11.13 15:43:08.098,0.86692,0.86696,2.06,1.00
2017.11.13 15:43:08.356,0.86692,0.86698,1.31,1.50
2017.11.13 15:43:08.512,0.86691,0.86695,1.31,1.00
2017.11.13 15:43:08.820,0.86693,0.86697,1.12,1.00
2017.11.13 15:43:09.358,0.86693,0.86696,1.12,1.00
2017.11.13 15:43:09.900,0.86693,0.86697,1.31,1.00
2017.11.13 15:43:11.165,0.86694,0.86698,2.06,1.00
2017.11.13 15:43:12.037,0.86693,0.86697,2.44,1.00
2017.11.13 15:43:12.559,0.86694,0.86699,1.31,1.12
2017.11.13 15:43:14.045,0.86692,0.86697,1.31,1.00
2017.11.13 15:43:14.199,0.8669,0.86695,2.81,1.00
2017.11.13 15:43:14.302,0.86692,0.86697,1.31,1.00
2017.11.13 15:43:15.071,0.86691,0.86696,1.69,1.12
2017.11.13 15:43:15.615,0.86689,0.86695,2.44,1.00
2017.11.13 15:43:16.168,0.8669,0.86695,1.31,1.00
2017.11.13 15:43:16.324,0.86687,0.86692,2.06,1.00
2017.11.13 15:43:17.110,0.86688,0.86692,1.31,1.00
2017.11.13 15:43:17.265,0.86688,0.86694,2.00,1.12
2017.11.13 15:43:18.427,0.86689,0.86693,1.25,1.00
2017.11.13 15:43:19.181,0.8669,0.86695,1.31,1.00
2017.11.13 15:43:19.725,0.8669,0.86694,1.31,1.00
2017.11.13 15:43:21.124,0.86689,0.86693,3.56,1.00
2017.11.13 15:43:21.278,0.86688,0.86693,1.69,1.00
2017.11.13 15:43:21.482,0.86687,0.86693,2.06,1.00
2017.11.13 15:43:21.533,0.86687,0.86691,2.06,1.00
2017.11.13 15:43:22.079,0.86686,0.86691,1.31,1.00
2017.11.13 15:43:22.994,0.86689,0.86693,1.00,1.87
2017.11.13 15:43:23.200,0.86688,0.86692,1.50,1.00
2017.11.13 15:43:23.818,0.86687,0.86691,3.00,1.00
2017.11.13 15:43:24.040,0.86688,0.86693,2.25,1.00
2017.11.13 15:43:24.651,0.86688,0.86693,2.62,1.00
2017.11.13 15:43:25.541,0.86688,0.86692,2.62,1.00
2017.11.13 15:43:25.807,0.86686,0.8669,3.56,1.00
2017.11.13 15:43:26.313,0.86686,0.8669,1.31,1.00
2017.11.13 15:43:26.997,0.86688,0.86692,1.12,1.00
2017.11.13 15:43:29.655,0.86688,0.86693,1.50,1.00
2017.11.13 15:43:29.757,0.86688,0.86693,1.69,1.00
2017.11.13 15:43:30.262,0.86688,0.86692,1.00,1.00
2017.11.13 15:43:30.902,0.86685,0.86689,1.12,1.00
2017.11.13 15:43:31.208,0.86687,0.86691,1.12,1.00
2017.11.13 15:43:31.311,0.86682,0.86686,2.25,1.00
2017.11.13 15:43:31.678,0.86683,0.86689,1.00,3.19
2017.11.13 15:43:32.088,0.86684,0.8669,1.50,2.06
2017.11.13 15:43:32.637,0.86687,0.86691,1.12,1.00
2017.11.13 15:43:32.842,0.86689,0.86694,1.00,1.69
2017.11.13 15:43:33.046,0.86687,0.86693,1.69,1.00
2017.11.13 15:43:33.259,0.86685,0.8669,1.00,1.00
2017.11.13 15:43:33.610,0.86683,0.86688,1.69,1.00
2017.11.13 15:43:33.866,0.86682,0.86687,1.25,1.00
2017.11.13 15:43:34.473,0.86683,0.86687,1.00,1.00
2017.11.13 15:43:34.524,0.86684,0.86689,1.31,1.50
2017.11.13 15:43:35.067,0.86685,0.8669,1.00,1.00
2017.11.13 15:43:35.684,0.86683,0.86688,4.31,1.00
2017.11.13 15:43:36.193,0.86683,0.86689,2.81,1.50
2017.11.13 15:43:36.566,0.86682,0.86688,1.25,1.87
2017.11.13 15:43:37.115,0.86681,0.86687,2.44,1.00
2017.11.13 15:43:37.617,0.86683,0.86688,1.25,1.00
2017.11.13 15:43:38.120,0.86685,0.8669,1.25,1.00
2017.11.13 15:43:38.788,0.86685,0.86691,1.69,1.12
2017.11.13 15:43:39.145,0.86687,0.86692,1.19,2.62
2017.11.13 15:43:39.349,0.86686,0.86691,1.25,1.00
2017.11.13 15:43:39.895,0.86687,0.86692,1.00,3.00
2017.11.13 15:43:40.267,0.86685,0.8669,1.19,1.00
2017.11.13 15:43:40.930,0.86684,0.8669,1.69,1.87
2017.11.13 15:43:41.469,0.86685,0.86691,1.69,1.87
2017.11.13 15:43:42.196,0.86685,0.86691,1.69,1.87
2017.11.13 15:43:42.700,0.86684,0.8669,2.06,1.50
2017.11.13 15:43:43.111,0.86683,0.86689,1.69,1.50
2017.11.13 15:43:43.484,0.86684,0.8669,2.44,1.50
2017.11.13 15:43:44.053,0.86685,0.8669,1.69,1.00
2017.11.13 15:43:45.248,0.86685,0.86691,2.06,1.50
2017.11.13 15:43:45.797,0.86686,0.86692,1.25,2.25
2017.11.13 15:43:48.412,0.86687,0.86692,1.00,1.12
2017.11.13 15:43:48.925,0.86688,0.86693,1.25,1.12
2017.11.13 15:43:49.995,0.86687,0.86691,1.31,1.00
2017.11.13 15:43:51.539,0.86687,0.86692,2.06,1.00
2017.11.13 15:43:51.867,0.8669,0.86694,1.00,2.62
2017.11.13 15:43:52.578,0.8669,0.86694,1.00,1.12
2017.11.13 15:43:53.661,0.86691,0.86696,1.00,2.62
2017.11.13 15:43:53.968,0.86689,0.86694,1.00,2.25
2017.11.13 15:43:55.294,0.8669,0.86694,1.00,3.00
2017.11.13 15:44:00.460,0.86688,0.86692,1.25,1.00
2017.11.13 15:44:00.933,0.86684,0.86688,5.44,1.00
2017.11.13 15:44:01.496,0.86684,0.8669,5.06,1.87
2017.11.13 15:44:02.811,0.86685,0.8669,1.31,1.37
2017.11.13 15:44:03.120,0.86685,0.86691,2.06,3.75
2017.11.13 15:44:03.737,0.86685,0.86691,2.81,3.00
2017.11.13 15:44:04.243,0.86685,0.86691,2.06,3.75
2017.11.13 15:44:10.331,0.86687,0.86691,1.00,3.00
2017.11.13 15:44:11.168,0.86687,0.86692,1.00,1.50
2017.11.13 15:44:11.699,0.86688,0.86692,1.00,1.00
2017.11.13 15:44:12.222,0.86688,0.86692,1.25,1.50
2017.11.13 15:44:12.748,0.86689,0.86693,1.00,7.12
2017.11.13 15:44:13.062,0.86692,0.86694,1.00,1.00
2017.11.13 15:44:14.615,0.86692,0.86695,1.00,3.00
2017.11.13 15:44:15.151,0.8669,0.86695,1.19,4.50
2017.11.13 15:44:15.253,0.86688,0.86693,1.25,1.00
2017.11.13 15:44:15.798,0.86688,0.86693,1.25,2.62
2017.11.13 15:44:16.319,0.86686,0.86691,1.19,3.37
2017.11.13 15:44:17.262,0.86685,0.86691,2.06,4.12
2017.11.13 15:44:17.668,0.86684,0.8669,2.06,3.00
2017.11.13 15:44:17.770,0.86684,0.86688,1.69,1.00
2017.11.13 15:44:18.108,0.86682,0.86687,1.31,4.12
2017.11.13 15:44:19.299,0.86683,0.86687,1.00,4.12
2017.11.13 15:44:20.966,0.86681,0.86686,1.25,1.87
2017.11.13 15:44:21.623,0.86681,0.86686,1.25,5.62
2017.11.13 15:44:22.437,0.8668,0.86686,2.44,5.62
2017.11.13 15:44:23.651,0.86679,0.86684,1.25,1.87
2017.11.13 15:44:25.622,0.86681,0.86685,1.00,4.87
2017.11.13 15:44:27.814,0.8668,0.86685,1.25,1.50
2017.11.13 15:44:29.452,0.86679,0.86685,3.56,1.50
2017.11.13 15:44:30.001,0.8668,0.86685,1.25,1.50
2017.11.13 15:44:32.331,0.86681,0.86685,1.25,1.50
2017.11.13 15:44:34.415,0.86684,0.86687,1.00,1.37
2017.11.13 15:44:34.468,0.86683,0.86687,1.00,1.12
2017.11.13 15:44:35.406,0.86685,0.86688,1.00,4.87
2017.11.13 15:44:36.494,0.86686,0.86689,1.00,1.12
2017.11.13 15:44:37.087,0.86685,0.86689,1.25,1.12
2017.11.13 15:44:37.307,0.86688,0.86692,1.00,6.37
2017.11.13 15:44:37.844,0.86689,0.86693,1.00,5.62
2017.11.13 15:44:38.733,0.86689,0.86693,1.00,1.87
2017.11.13 15:44:38.836,0.86687,0.86692,2.06,1.37
2017.11.13 15:44:38.991,0.86684,0.8669,2.81,1.12
2017.11.13 15:44:39.093,0.86683,0.86689,1.00,2.25
2017.11.13 15:44:39.475,0.86682,0.86686,1.31,1.00
2017.11.13 15:44:39.839,0.86684,0.86687,1.69,3.00
2017.11.13 15:44:40.278,0.86681,0.86683,1.00,1.00
2017.11.13 15:44:40.330,0.86679,0.86683,1.31,1.00
2017.11.13 15:44:40.486,0.8668,0.86685,1.25,1.00
2017.11.13 15:44:41.001,0.86681,0.86686,1.00,1.50
2017.11.13 15:44:41.644,0.8668,0.86686,1.12,2.25
2017.11.13 15:44:42.099,0.86679,0.86683,1.50,1.00
2017.11.13 15:44:42.406,0.86679,0.86684,1.50,1.00
2017.11.13 15:44:42.935,0.86679,0.86683,1.00,1.87
2017.11.13 15:44:43.512,0.86677,0.86681,1.69,1.00
2017.11.13 15:44:43.988,0.86677,0.86681,1.12,1.50
2017.11.13 15:44:44.980,0.86674,0.86678,3.00,1.00
2017.11.13 15:44:45.508,0.86673,0.86677,1.69,1.00
2017.11.13 15:44:45.680,0.86672,0.86677,1.69,1.00
2017.11.13 15:44:47.509,0.86671,0.86676,3.94,1.00
2017.11.13 15:44:48.160,0.86671,0.86676,1.19,1.00
2017.11.13 15:44:48.315,0.8667,0.86674,1.25,1.00
2017.11.13 15:44:48.832,0.86669,0.86675,3.94,1.00
2017.11.13 15:44:50.764,0.86669,0.86675,3.19,1.12
2017.11.13 15:44:51.519,0.86669,0.86674,2.25,1.00
2017.11.13 15:44:52.810,0.86668,0.86673,2.25,1.00
2017.11.13 15:44:53.772,0.86667,0.86672,2.62,1.00
2017.11.13 15:44:54.301,0.86667,0.86673,1.00,1.12
2017.11.13 15:44:54.806,0.86666,0.86672,2.81,1.00
2017.11.13 15:44:55.319,0.86667,0.86673,1.00,1.87
2017.11.13 15:44:56.301,0.86667,0.86673,1.00,1.50
2017.11.13 15:44:56.682,0.86665,0.86671,4.69,1.00
2017.11.13 15:44:57.273,0.86665,0.86669,1.00,1.00
2017.11.13 15:44:57.823,0.86664,0.86669,1.25,1.12
2017.11.13 15:44:58.441,0.86664,0.8667,1.25,1.50
2017.11.13 15:44:58.942,0.86664,0.8667,1.25,1.87
2017.11.13 15:44:59.598,0.86665,0.8667,1.00,1.87
2017.11.13 15:45:00.507,0.86664,0.8667,1.00,1.87
2017.11.13 15:45:01.015,0.86665,0.8667,1.00,1.87
2017.11.13 15:45:01.605,0.86664,0.8667,1.25,1.12
2017.11.13 15:45:01.921,0.86668,0.86672,1.00,3.37
2017.11.13 15:45:02.503,0.86667,0.86671,1.00,3.37
2017.11.13 15:45:03.402,0.86667,0.86671,1.00,2.81
2017.11.13 15:45:05.424,0.86666,0.86671,1.00,3.19
2017.11.13 15:45:06.212,0.86665,0.86669,1.00,1.00
2017.11.13 15:45:06.947,0.86667,0.8667,1.00,1.31
2017.11.13 15:45:10.804,0.86668,0.86671,1.00,3.56
2017.11.13 15:45:11.060,0.8667,0.86674,1.00,2.25
2017.11.13 15:45:11.828,0.86667,0.86673,1.50,1.69
2017.11.13 15:45:14.742,0.86666,0.86672,3.00,1.00
2017.11.13 15:45:16.938,0.86667,0.86672,1.12,1.00
2017.11.13 15:45:16.989,0.86666,0.8667,2.62,1.00
2017.11.13 15:45:17.887,0.86667,0.86671,1.31,1.00
2017.11.13 15:45:18.388,0.86667,0.86672,2.06,1.00
2017.11.13 15:45:19.363,0.86667,0.86673,2.06,1.87
2017.11.13 15:45:20.858,0.86669,0.86673,1.00,1.87
2017.11.13 15:45:26.139,0.86668,0.86673,1.00,1.87
2017.11.13 15:45:26.445,0.86666,0.8667,1.00,1.12
2017.11.13 15:45:26.599,0.86664,0.8667,1.00,2.25
2017.11.13 15:45:27.169,0.86664,0.86669,1.00,3.00
2017.11.13 15:45:27.221,0.86662,0.86668,1.31,1.12
2017.11.13 15:45:27.732,0.86661,0.86667,2.06,1.12
2017.11.13 15:45:28.293,0.86663,0.86668,1.00,2.25
2017.11.13 15:45:28.821,0.86665,0.86669,1.00,2.25
2017.11.13 15:45:29.354,0.86664,0.86669,1.00,3.00
2017.11.13 15:45:30.266,0.86665,0.86669,1.00,1.12
2017.11.13 15:45:31.189,0.86663,0.86669,2.06,1.87
2017.11.13 15:45:31.710,0.86664,0.86669,2.06,1.50
2017.11.13 15:45:34.383,0.86665,0.86669,1.00,1.50
2017.11.13 15:45:35.006,0.86664,0.8667,2.44,1.00
2017.11.13 15:45:35.848,0.86665,0.86671,2.44,1.50
2017.11.13 15:45:36.360,0.86666,0.86671,1.50,1.50
2017.11.13 15:45:37.848,0.86667,0.86673,1.12,2.06
2017.11.13 15:45:38.265,0.86666,0.86671,1.50,1.00
2017.11.13 15:45:38.316,0.86665,0.86671,2.44,1.12
2017.11.13 15:45:39.932,0.86668,0.86673,1.00,3.19
2017.11.13 15:45:41.505,0.86669,0.86673,1.00,2.44
2017.11.13 15:45:42.055,0.86668,0.86674,1.12,1.31
2017.11.13 15:45:42.751,0.86667,0.86673,2.62,1.00
2017.11.13 15:45:43.261,0.86668,0.86674,1.12,1.12
2017.11.13 15:45:44.035,0.86666,0.86672,3.19,1.00
2017.11.13 15:45:44.553,0.86666,0.86671,2.25,1.00
2017.11.13 15:45:46.101,0.86666,0.8667,1.50,1.00
2017.11.13 15:45:47.611,0.86666,0.86672,2.62,1.00
2017.11.13 15:45:48.266,0.86667,0.86673,1.87,1.25
2017.11.13 15:45:48.799,0.86668,0.86674,1.87,1.12
2017.11.13 15:45:50.306,0.86668,0.86673,1.00,1.00
2017.11.13 15:45:52.042,0.86669,0.86674,1.00,1.31
2017.11.13 15:45:52.549,0.86668,0.86674,1.12,1.31
2017.11.13 15:45:53.079,0.86667,0.86673,1.50,1.69
2017.11.13 15:45:55.083,0.86668,0.86673,1.00,1.31
2017.11.13 15:46:01.485,0.86669,0.86673,1.00,2.06
2017.11.13 15:46:05.893,0.86668,0.86672,1.00,1.25
2017.11.13 15:46:06.491,0.86667,0.86671,1.00,1.25
2017.11.13 15:46:07.081,0.86668,0.86672,1.00,1.31
2017.11.13 15:46:07.402,0.86666,0.86672,1.12,1.31
2017.11.13 15:46:07.928,0.86666,0.86672,1.12,2.06
2017.11.13 15:46:10.896,0.86667,0.86672,1.00,1.31
2017.11.13 15:46:11.501,0.86668,0.86672,1.00,1.31
2017.11.13 15:46:13.657,0.86665,0.86669,1.50,1.00
2017.11.13 15:46:14.492,0.86666,0.8667,1.12,1.00
2017.11.13 15:46:18.450,0.86665,0.86671,2.62,1.25
2017.11.13 15:46:19.132,0.86664,0.86669,2.62,1.00
2017.11.13 15:46:19.183,0.86663,0.86668,2.62,1.00
2017.11.13 15:46:19.701,0.86663,0.86667,1.12,1.00
2017.11.13 15:46:20.203,0.86663,0.86668,1.12,1.00
2017.11.13 15:46:20.749,0.86661,0.86667,4.50,1.25
2017.11.13 15:46:21.305,0.86661,0.86667,4.50,1.25
2017.11.13 15:46:22.140,0.86663,0.86668,1.00,1.31
2017.11.13 15:46:23.843,0.86664,0.86668,1.00,1.31
2017.11.13 15:46:25.004,0.86661,0.86667,1.12,2.06
2017.11.13 15:46:25.263,0.86659,0.86665,1.87,1.31
2017.11.13 15:46:25.536,0.86658,0.86663,1.12,1.25
2017.11.13 15:46:26.045,0.86657,0.86663,1.12,1.31
2017.11.13 15:46:27.789,0.86654,0.86658,1.00,1.50
2017.11.13 15:46:28.064,0.86653,0.86657,1.50,1.00
2017.11.13 15:46:28.133,0.86656,0.86663,1.50,4.69
2017.11.13 15:46:28.185,0.86657,0.86663,1.00,3.94
2017.11.13 15:46:28.739,0.86659,0.86663,1.00,2.44
2017.11.13 15:46:29.246,0.86658,0.86663,1.00,1.69
2017.11.13 15:46:29.462,0.86661,0.86666,1.12,1.69
2017.11.13 15:46:30.137,0.86661,0.86666,1.87,1.00
2017.11.13 15:46:30.945,0.86662,0.86666,1.00,1.00
2017.11.13 15:46:32.976,0.86663,0.86668,1.12,1.25
2017.11.13 15:46:33.199,0.86664,0.8667,2.25,4.31
2017.11.13 15:46:33.251,0.86665,0.8667,1.12,1.69
2017.11.13 15:46:33.303,0.86666,0.86671,1.50,1.31
2017.11.13 15:46:34.236,0.86665,0.86671,1.87,1.25
2017.11.13 15:46:34.747,0.86665,0.8667,1.50,1.25
2017.11.13 15:46:35.217,0.86663,0.86667,1.37,1.00
2017.11.13 15:46:35.338,0.86662,0.86668,2.25,1.69
2017.11.13 15:46:35.900,0.86662,0.86667,1.50,1.00
2017.11.13 15:46:36.777,0.86661,0.86667,2.62,1.25
2017.11.13 15:46:37.341,0.86661,0.86667,2.62,1.00
2017.11.13 15:46:37.917,0.86662,0.86667,1.50,1.00
2017.11.13 15:46:38.071,0.8666,0.86665,1.69,1.50
2017.11.13 15:46:38.226,0.86657,0.86662,1.31,1.00
2017.11.13 15:46:38.745,0.86657,0.86663,2.06,1.50
2017.11.13 15:46:40.276,0.86657,0.86662,2.81,1.00
2017.11.13 15:46:41.141,0.86656,0.8666,1.87,1.00
2017.11.13 15:46:41.682,0.86656,0.8666,1.00,1.00
2017.11.13 15:46:42.192,0.86656,0.86661,1.19,1.00
2017.11.13 15:46:42.345,0.86655,0.86658,1.00,1.00
2017.11.13 15:46:42.801,0.86655,0.86659,1.50,1.00
2017.11.13 15:46:43.613,0.86654,0.86658,1.31,1.00
2017.11.13 15:46:46.779,0.86653,0.86657,2.44,1.00
2017.11.13 15:46:47.401,0.86652,0.86656,2.06,1.00
2017.11.13 15:46:47.978,0.86651,0.86655,2.81,1.00
2017.11.13 15:46:48.479,0.86651,0.86655,2.62,1.00
2017.11.13 15:46:48.735,0.86649,0.86653,4.31,1.00
2017.11.13 15:46:50.833,0.8665,0.86654,2.06,1.00
2017.11.13 15:46:51.190,0.86649,0.86653,1.12,1.87
2017.11.13 15:46:51.751,0.86647,0.8665,1.12,1.00
2017.11.13 15:46:52.276,0.86648,0.86653,3.19,1.00
2017.11.13 15:46:52.783,0.8665,0.86654,1.00,1.00
2017.11.13 15:46:53.336,0.8665,0.86654,1.00,1.00
2017.11.13 15:46:54.105,0.86648,0.86652,3.19,1.00
2017.11.13 15:46:58.615,0.86649,0.86654,1.31,1.00
2017.11.13 15:47:00.118,0.86648,0.86653,2.44,1.00
2017.11.13 15:47:00.898,0.86648,0.86652,2.44,1.00
2017.11.13 15:47:03.522,0.86647,0.86653,2.44,1.87
2017.11.13 15:47:04.955,0.86648,0.86652,1.00,1.12
2017.11.13 15:47:05.476,0.86647,0.86651,2.25,1.00
2017.11.13 15:47:07.116,0.86649,0.86653,1.00,1.87
2017.11.13 15:47:07.638,0.86647,0.86652,1.50,1.87
2017.11.13 15:47:08.760,0.86648,0.86653,1.12,1.87
2017.11.13 15:47:09.352,0.86648,0.86653,1.50,1.50
2017.11.13 15:47:11.202,0.86648,0.86653,1.00,1.50
2017.11.13 15:47:11.866,0.86649,0.86653,1.00,1.50
2017.11.13 15:47:13.761,0.8665,0.86655,1.50,1.69
2017.11.13 15:47:13.924,0.86651,0.86656,1.31,1.50
2017.11.13 15:47:16.304,0.86651,0.86657,1.69,3.00
2017.11.13 15:47:17.072,0.86651,0.86657,3.56,1.50
2017.11.13 15:47:18.030,0.86652,0.86657,1.69,1.00
2017.11.13 15:47:18.133,0.86653,0.86659,1.31,3.00
2017.11.13 15:47:18.762,0.86654,0.86659,1.69,1.00
2017.11.13 15:47:21.587,0.86654,0.86659,3.19,1.00
2017.11.13 15:47:22.096,0.86653,0.86659,2.44,2.25
2017.11.13 15:47:23.862,0.86653,0.86658,1.19,1.12
2017.11.13 15:47:24.390,0.86653,0.86657,1.25,1.00
2017.11.13 15:47:25.310,0.86653,0.86658,1.19,1.12
2017.11.13 15:47:25.824,0.86652,0.86657,2.44,1.00
2017.11.13 15:47:26.791,0.86652,0.86656,1.69,1.00
2017.11.13 15:47:27.961,0.86653,0.86658,1.25,1.12
2017.11.13 15:47:28.543,0.86652,0.86657,1.31,1.00
2017.11.13 15:47:30.937,0.86653,0.86658,2.44,1.00
2017.11.13 15:47:33.314,0.86653,0.86658,2.06,1.00
2017.11.13 15:47:33.548,0.8665,0.86655,1.31,2.62
2017.11.13 15:47:33.655,0.86652,0.86656,1.00,1.00
2017.11.13 15:47:34.294,0.86652,0.86657,1.50,1.50
2017.11.13 15:47:34.346,0.86651,0.86656,1.50,1.00
2017.11.13 15:47:34.568,0.86648,0.86652,2.06,1.00
2017.11.13 15:47:34.883,0.86647,0.86651,1.87,1.00
2017.11.13 15:47:35.037,0.86647,0.86653,1.75,3.94
2017.11.13 15:47:35.571,0.86647,0.8665,1.12,1.00
2017.11.13 15:47:36.207,0.86647,0.86651,2.44,1.00
2017.11.13 15:47:36.813,0.86647,0.86652,3.19,1.00
2017.11.13 15:47:37.992,0.86647,0.86652,3.94,1.00
2017.11.13 15:47:38.222,0.86648,0.86654,3.19,1.12
2017.11.13 15:47:38.382,0.8665,0.86655,2.06,1.12
2017.11.13 15:47:38.689,0.86651,0.86657,1.69,1.87
2017.11.13 15:47:39.271,0.86652,0.86658,1.87,2.25
2017.11.13 15:47:39.330,0.86652,0.86658,3.19,2.25
2017.11.13 15:47:39.859,0.86654,0.86659,2.44,1.00
2017.11.13 15:47:40.232,0.86654,0.86659,1.69,1.50
2017.11.13 15:47:40.859,0.86654,0.8666,2.00,1.00
2017.11.13 15:47:43.119,0.86653,0.8666,3.19,2.25
2017.11.13 15:47:55.917,0.86657,0.86663,1.94,1.00
2017.11.13 15:47:56.596,0.86657,0.86662,2.44,1.00
2017.11.13 15:47:56.904,0.86655,0.8666,2.44,1.00
2017.11.13 15:47:57.431,0.86654,0.86659,1.69,1.00
2017.11.13 15:47:58.678,0.86654,0.86659,1.69,1.00
2017.11.13 15:48:00.080,0.86655,0.86659,1.31,1.00
2017.11.13 15:48:00.585,0.86654,0.86658,2.44,1.00
2017.11.13 15:48:01.431,0.86655,0.86659,1.31,1.00
2017.11.13 15:48:01.738,0.86656,0.86662,2.81,1.50
2017.11.13 15:48:02.214,0.8666,0.86662,1.12,1.00
2017.11.13 15:48:02.266,0.86661,0.86666,1.69,3.00
2017.11.13 15:48:02.317,0.86664,0.86668,1.50,1.00
2017.11.13 15:48:02.422,0.86666,0.86673,3.19,1.87
2017.11.13 15:48:02.579,0.86667,0.86674,5.06,1.00
2017.11.13 15:48:02.734,0.86668,0.86673,1.50,1.00
2017.11.13 15:48:03.152,0.86667,0.86672,1.19,2.25
2017.11.13 15:48:03.203,0.86665,0.8667,1.69,1.00
2017.11.13 15:48:03.307,0.86667,0.8667,1.37,1.00
2017.11.13 15:48:03.970,0.86667,0.86674,3.19,1.50
2017.11.13 15:48:04.310,0.86669,0.86676,3.56,1.00
2017.11.13 15:48:04.846,0.8667,0.86676,1.75,1.00
2017.11.13 15:48:05.608,0.8667,0.86675,1.50,1.00
2017.11.13 15:48:06.176,0.86669,0.86674,3.19,1.00
2017.11.13 15:48:06.653,0.8667,0.86674,1.12,1.00
2017.11.13 15:48:06.704,0.86671,0.86675,2.81,1.00
2017.11.13 15:48:07.125,0.86673,0.86678,2.44,1.00
2017.11.13 15:48:07.227,0.86673,0.86677,2.44,1.00
2017.11.13 15:48:07.279,0.86673,0.86678,2.44,1.00
2017.11.13 15:48:07.845,0.86673,0.86678,3.19,1.00
2017.11.13 15:48:08.659,0.86673,0.86678,2.06,1.00
2017.11.13 15:48:09.249,0.86673,0.86678,1.19,1.00
2017.11.13 15:48:09.508,0.86672,0.86676,1.00,1.00
2017.11.13 15:48:10.140,0.8667,0.86675,1.19,1.00
2017.11.13 15:48:10.191,0.8667,0.86675,1.19,1.00
2017.11.13 15:48:10.243,0.86667,0.86672,3.94,1.00
2017.11.13 15:48:12.806,0.86668,0.86672,1.31,1.00
2017.11.13 15:48:13.560,0.86669,0.86673,1.25,1.00
2017.11.13 15:48:15.014,0.8667,0.86675,1.19,1.50
2017.11.13 15:48:15.167,0.8667,0.86674,2.44,1.00
2017.11.13 15:48:15.516,0.86672,0.86677,1.19,1.00
2017.11.13 15:48:16.009,0.8667,0.86675,2.81,1.00
2017.11.13 15:48:16.213,0.8667,0.86676,1.69,1.00
2017.11.13 15:48:16.266,0.8667,0.86674,1.25,1.00
2017.11.13 15:48:16.646,0.8667,0.86674,1.69,1.00
2017.11.13 15:48:16.852,0.86673,0.86677,1.00,1.12
2017.11.13 15:48:16.903,0.86674,0.86676,1.12,1.00
2017.11.13 15:48:17.006,0.86675,0.86679,1.12,1.00
2017.11.13 15:48:17.536,0.86675,0.8668,2.06,1.00
2017.11.13 15:48:17.587,0.86675,0.8668,1.31,1.00
2017.11.13 15:48:17.833,0.86675,0.8668,1.69,1.00
2017.11.13 15:48:18.154,0.86673,0.86677,1.12,1.00
2017.11.13 15:48:18.626,0.8667,0.86674,2.06,1.00
2017.11.13 15:48:19.133,0.86668,0.86672,4.31,1.00
2017.11.13 15:48:19.635,0.86667,0.86672,3.94,1.00
2017.11.13 15:48:21.024,0.86668,0.86673,2.44,1.00
2017.11.13 15:48:21.561,0.86668,0.86672,2.44,1.00
2017.11.13 15:48:23.224,0.86669,0.86674,2.81,1.00
2017.11.13 15:48:24.023,0.86671,0.86675,1.12,1.00
2017.11.13 15:48:24.416,0.8667,0.86675,1.19,1.00
2017.11.13 15:48:24.938,0.8667,0.86674,1.50,1.00
2017.11.13 15:48:25.487,0.86669,0.86673,1.00,1.00
2017.11.13 15:48:26.069,0.86669,0.86674,1.69,1.00
2017.11.13 15:48:26.171,0.86668,0.86672,1.69,1.00
2017.11.13 15:48:27.096,0.86668,0.86672,1.69,1.00
2017.11.13 15:48:28.125,0.86666,0.86672,4.69,1.00
2017.11.13 15:48:28.664,0.86666,0.86671,3.94,1.00
2017.11.13 15:48:29.471,0.86668,0.86672,1.31,1.00
2017.11.13 15:48:29.522,0.86671,0.86675,1.00,1.87
2017.11.13 15:48:30.063,0.86671,0.86676,1.00,1.50
2017.11.13 15:48:34.057,0.8667,0.86674,1.00,1.00
2017.11.13 15:48:34.590,0.86669,0.86673,1.00,1.12
2017.11.13 15:48:35.288,0.8667,0.86675,1.00,2.06
2017.11.13 15:48:35.789,0.86671,0.86675,1.00,1.00
2017.11.13 15:48:38.821,0.86672,0.86676,1.00,1.87
2017.11.13 15:48:39.329,0.86673,0.86677,1.00,3.94
2017.11.13 15:48:40.397,0.86672,0.86676,1.00,1.69
2017.11.13 15:48:41.072,0.86671,0.86676,1.00,1.69
2017.11.13 15:48:41.535,0.86668,0.86674,3.00,1.00
2017.11.13 15:48:44.745,0.8667,0.86676,1.00,2.81
2017.11.13 15:48:45.868,0.86671,0.86676,1.00,1.69
2017.11.13 15:48:47.108,0.86672,0.86676,1.00,1.69
2017.11.13 15:48:49.571,0.86671,0.86675,1.00,1.31
2017.11.13 15:48:51.154,0.86673,0.86677,1.00,1.25
2017.11.13 15:48:51.465,0.86676,0.8668,1.00,1.31
2017.11.13 15:48:51.569,0.86675,0.8668,1.00,1.31
2017.11.13 15:48:52.074,0.86674,0.8668,1.12,1.31
2017.11.13 15:48:53.549,0.86674,0.86679,1.12,1.00
2017.11.13 15:48:55.240,0.86675,0.86679,1.00,1.00
2017.11.13 15:48:55.753,0.86676,0.8668,1.00,1.31
2017.11.13 15:48:56.772,0.86676,0.8668,1.00,1.31
2017.11.13 15:48:57.079,0.86676,0.8668,1.00,1.25
2017.11.13 15:48:58.554,0.86675,0.86679,1.00,1.00
2017.11.13 15:48:59.117,0.86676,0.8668,1.00,1.31
2017.11.13 15:48:59.665,0.86676,0.8668,1.00,1.31
2017.11.13 15:49:00.819,0.86677,0.86681,1.00,1.25
2017.11.13 15:49:01.610,0.86675,0.8668,1.00,1.31
2017.11.13 15:49:03.630,0.86676,0.86681,1.00,1.69
2017.11.13 15:49:03.834,0.86676,0.86681,1.00,1.69
2017.11.13 15:49:04.141,0.86674,0.8668,2.25,2.06
2017.11.13 15:49:04.849,0.86675,0.86681,1.00,2.44
2017.11.13 15:49:05.905,0.86674,0.8668,2.25,1.31
2017.11.13 15:49:06.437,0.86675,0.8668,1.00,1.69
2017.11.13 15:49:06.955,0.86674,0.8668,1.50,2.44
2017.11.13 15:49:07.392,0.86672,0.86676,1.50,1.12
2017.11.13 15:49:07.994,0.86672,0.86677,1.00,1.69
2017.11.13 15:49:08.980,0.86673,0.86677,1.00,1.69
2017.11.13 15:49:09.278,0.86673,0.86678,1.00,1.12
2017.11.13 15:49:09.832,0.86674,0.86678,1.00,1.12
2017.11.13 15:49:14.855,0.86672,0.86678,3.00,1.12
2017.11.13 15:49:19.958,0.86673,0.86679,1.12,2.06
2017.11.13 15:49:20.434,0.86675,0.8668,1.25,1.12
2017.11.13 15:49:20.588,0.86675,0.86682,1.69,2.62
2017.11.13 15:49:22.450,0.86679,0.86683,1.00,2.44
2017.11.13 15:49:25.316,0.86681,0.86685,1.00,1.69
2017.11.13 15:49:25.368,0.86681,0.86685,1.00,1.31
2017.11.13 15:49:25.663,0.86683,0.86687,1.00,1.12
2017.11.13 15:49:26.210,0.86684,0.86688,1.00,1.87
2017.11.13 15:49:26.758,0.86683,0.86687,1.00,1.31
2017.11.13 15:49:27.509,0.86682,0.86686,1.00,1.00
2017.11.13 15:49:29.226,0.86682,0.86687,1.00,2.44
2017.11.13 15:49:29.802,0.86682,0.86686,1.00,1.00
2017.11.13 15:49:30.221,0.8668,0.86686,1.12,1.87
2017.11.13 15:49:30.976,0.86679,0.86685,1.50,1.00
2017.11.13 15:49:31.379,0.86682,0.86686,1.00,1.31
2017.11.13 15:49:31.986,0.86681,0.86685,1.00,1.25
2017.11.13 15:49:32.581,0.86681,0.86685,1.00,1.25
2017.11.13 15:49:33.414,0.86682,0.86686,1.00,1.31
2017.11.13 15:49:37.471,0.8668,0.86685,1.12,1.25
2017.11.13 15:49:41.055,0.86679,0.86684,1.00,1.69
2017.11.13 15:49:41.349,0.86677,0.86684,1.87,2.44
2017.11.13 15:49:41.669,0.8668,0.86684,1.00,1.69
2017.11.13 15:49:41.774,0.86681,0.86685,1.00,1.25
2017.11.13 15:49:42.081,0.86679,0.86685,1.31,1.12
2017.11.13 15:49:43.090,0.8668,0.86686,1.00,1.69
2017.11.13 15:49:43.618,0.86679,0.86685,1.12,1.12
2017.11.13 15:49:44.606,0.86679,0.86685,1.50,1.00
2017.11.13 15:49:44.927,0.86682,0.86686,1.50,1.00
2017.11.13 15:49:45.081,0.86683,0.86688,1.12,1.25
2017.11.13 15:49:45.598,0.86683,0.86688,1.87,1.25
2017.11.13 15:49:46.160,0.86683,0.86687,1.00,1.00
2017.11.13 15:49:46.672,0.86684,0.86688,1.00,1.00
2017.11.13 15:49:47.370,0.86684,0.86689,1.87,1.00
2017.11.13 15:49:47.575,0.86682,0.86687,1.00,1.12
2017.11.13 15:49:48.285,0.86681,0.86687,2.62,1.31
2017.11.13 15:49:48.946,0.86681,0.86686,1.87,1.00
2017.11.13 15:49:49.838,0.86681,0.86687,3.00,1.00
2017.11.13 15:49:50.669,0.86682,0.86689,1.12,2.44
2017.11.13 15:49:55.537,0.86681,0.86688,3.75,2.06
2017.11.13 15:49:56.042,0.86681,0.86686,1.12,1.25
2017.11.13 15:49:56.550,0.86681,0.86685,1.12,1.00
2017.11.13 15:49:57.779,0.8668,0.86685,1.12,1.00
2017.11.13 15:49:58.536,0.86679,0.86684,1.12,1.25
2017.11.13 15:49:59.908,0.86677,0.86683,1.87,1.31
2017.11.13 15:50:00.527,0.86677,0.86683,1.87,2.81
2017.11.13 15:50:07.405,0.86678,0.86683,1.00,1.31
2017.11.13 15:50:07.559,0.86679,0.86684,1.12,1.25
2017.11.13 15:50:11.212,0.86678,0.86685,2.25,2.06
2017.11.13 15:50:14.913,0.86679,0.86685,1.31,1.87
2017.11.13 15:50:16.160,0.86681,0.86685,1.00,1.00
2017.11.13 15:50:16.212,0.86685,0.86689,1.00,1.12
2017.11.13 15:50:16.419,0.86686,0.8669,1.25,1.00
2017.11.13 15:50:17.140,0.86686,0.86691,1.00,1.50
2017.11.13 15:50:17.446,0.86688,0.86692,1.00,2.25
2017.11.13 15:50:18.135,0.86687,0.86692,1.00,1.12
2017.11.13 15:50:18.675,0.86688,0.86693,1.00,1.12
2017.11.13 15:50:19.083,0.8669,0.86696,1.12,2.62
2017.11.13 15:50:19.430,0.86692,0.86696,1.00,1.00
2017.11.13 15:50:19.962,0.86692,0.86697,1.00,1.50
2017.11.13 15:50:22.609,0.86691,0.86697,1.12,1.50
2017.11.13 15:50:27.726,0.86691,0.86697,1.69,1.50
2017.11.13 15:50:29.669,0.8669,0.86696,2.44,1.00
2017.11.13 15:50:29.884,0.86687,0.86693,3.19,2.25
2017.11.13 15:50:30.582,0.86688,0.86693,2.06,1.00
2017.11.13 15:50:30.634,0.8669,0.86694,1.00,1.00
2017.11.13 15:50:31.170,0.8669,0.86695,1.69,1.00
2017.11.13 15:50:31.904,0.8669,0.86697,2.44,4.50
2017.11.13 15:50:33.312,0.8669,0.86696,1.69,1.87
2017.11.13 15:50:33.856,0.86691,0.86696,1.25,1.00
2017.11.13 15:50:34.816,0.86693,0.86697,1.00,1.87
2017.11.13 15:50:35.320,0.86692,0.86698,1.25,1.87
2017.11.13 15:50:35.630,0.86694,0.86699,1.25,1.50
2017.11.13 15:50:36.152,0.86694,0.86699,1.25,1.12
2017.11.13 15:50:38.303,0.86696,0.867,1.00,2.62
2017.11.13 15:50:38.814,0.86697,0.86701,1.00,1.87
2017.11.13 15:50:38.916,0.86699,0.86704,1.00,2.62
2017.11.13 15:50:38.968,0.86702,0.86706,1.00,2.62
2017.11.13 15:50:39.297,0.86704,0.86708,1.00,1.50
2017.11.13 15:50:39.348,0.86704,0.86709,1.00,2.25
2017.11.13 15:50:39.654,0.86703,0.86707,1.00,1.00
2017.11.13 15:50:43.945,0.86702,0.86707,1.69,1.00
2017.11.13 15:50:45.084,0.86703,0.86708,1.00,1.00
2017.11.13 15:50:45.136,0.867,0.86704,1.00,1.12
2017.11.13 15:50:45.187,0.86699,0.86703,1.25,1.50
2017.11.13 15:50:45.290,0.86697,0.86702,2.06,1.00
2017.11.13 15:50:46.567,0.86696,0.86701,1.12,1.00
2017.11.13 15:50:47.423,0.86697,0.86703,1.25,3.00
2017.11.13 15:50:47.679,0.86695,0.86701,1.31,2.62
2017.11.13 15:50:48.728,0.86694,0.86699,2.44,1.00
2017.11.13 15:50:49.488,0.86694,0.867,1.19,1.87
2017.11.13 15:50:50.395,0.86694,0.86699,1.19,1.00
2017.11.13 15:50:52.594,0.86693,0.86698,1.19,1.00
2017.11.13 15:50:53.222,0.86692,0.86698,3.19,1.87
2017.11.13 15:50:53.529,0.8669,0.86695,1.69,1.87
2017.11.13 15:50:54.147,0.8669,0.86695,1.25,2.25
2017.11.13 15:50:54.707,0.8669,0.86693,1.00,1.00
2017.11.13 15:50:55.262,0.86687,0.86689,1.00,1.00
2017.11.13 15:50:55.802,0.86687,0.86692,1.00,4.87
2017.11.13 15:50:57.171,0.86688,0.86691,1.19,1.12
2017.11.13 15:50:57.703,0.86686,0.86691,1.25,1.50
2017.11.13 15:50:59.386,0.86687,0.86691,1.25,1.12
2017.11.13 15:50:59.711,0.86685,0.86689,2.44,1.00
2017.11.13 15:51:00.259,0.86686,0.8669,1.25,1.00
2017.11.13 15:51:00.892,0.86688,0.86693,1.19,3.00
2017.11.13 15:51:01.621,0.86686,0.8669,1.31,1.00
2017.11.13 15:51:02.254,0.86686,0.86691,1.31,1.00
2017.11.13 15:51:03.013,0.86686,0.86691,2.81,1.00
2017.11.13 15:51:04.510,0.86687,0.86692,2.06,1.00
2017.11.13 15:51:05.924,0.86687,0.86693,2.81,1.00
2017.11.13 15:51:05.976,0.86689,0.86695,1.25,2.62
2017.11.13 15:51:06.653,0.86689,0.86695,3.94,1.00
2017.11.13 15:51:08.824,0.8669,0.86696,1.31,2.62
2017.11.13 15:51:09.355,0.86692,0.86698,1.00,3.75
2017.11.13 15:51:13.120,0.86691,0.86696,1.00,1.12
2017.11.13 15:51:13.673,0.86689,0.86696,3.94,1.87
2017.11.13 15:51:14.385,0.86689,0.86695,3.94,1.00
2017.11.13 15:51:17.768,0.86689,0.86695,1.31,1.87
2017.11.13 15:51:24.065,0.86689,0.86695,2.06,1.00
2017.11.13 15:51:24.590,0.8669,0.86696,2.81,1.12
2017.11.13 15:51:25.968,0.8669,0.86696,3.19,1.00
2017.11.13 15:51:28.156,0.86689,0.86695,5.44,1.00
2017.11.13 15:51:30.747,0.86689,0.86694,3.56,1.00
2017.11.13 15:51:36.445,0.86689,0.86693,3.56,1.00
2017.11.13 15:51:37.796,0.86689,0.86694,3.56,1.00
2017.11.13 15:51:39.924,0.86689,0.86693,3.56,1.00
2017.11.13 15:51:42.012,0.86688,0.86692,1.25,1.00
2017.11.13 15:51:42.554,0.86687,0.86692,2.25,1.00
2017.11.13 15:51:43.135,0.86689,0.86693,1.25,1.50
2017.11.13 15:51:43.745,0.86689,0.86693,1.25,1.50
2017.11.13 15:51:45.110,0.86688,0.86692,1.31,1.00
2017.11.13 15:51:46.099,0.86689,0.86693,1.25,1.00
2017.11.13 15:51:52.068,0.8669,0.86694,1.31,1.00
2017.11.13 15:51:53.389,0.86691,0.86696,2.06,1.00
2017.11.13 15:51:53.916,0.86691,0.86696,2.44,1.00
2017.11.13 15:51:56.704,0.86692,0.86697,4.31,1.00
2017.11.13 15:51:56.933,0.86694,0.86701,2.81,1.50
2017.11.13 15:51:57.892,0.86696,0.86702,1.69,1.50
2017.11.13 15:51:57.994,0.86697,0.86703,1.31,1.87
2017.11.13 15:51:58.369,0.86698,0.86705,2.44,3.37
2017.11.13 15:51:58.881,0.867,0.86705,1.25,1.87
2017.11.13 15:51:59.141,0.86701,0.86707,1.31,2.62
2017.11.13 15:51:59.961,0.867,0.86705,1.69,1.00
2017.11.13 15:52:03.592,0.86699,0.86705,3.19,1.00
2017.11.13 15:52:04.254,0.86698,0.86704,3.19,1.00
2017.11.13 15:52:06.804,0.86698,0.86703,1.19,1.12
2017.11.13 15:52:07.360,0.86698,0.86702,1.25,1.00
2017.11.13 15:52:08.004,0.867,0.86704,1.00,1.50
2017.11.13 15:52:08.838,0.86698,0.86702,1.25,1.12
2017.11.13 15:52:08.890,0.86697,0.86701,1.25,1.12
2017.11.13 15:52:11.566,0.86696,0.86701,1.19,1.87
2017.11.13 15:52:12.101,0.86695,0.867,1.19,1.12
2017.11.13 15:52:13.025,0.86695,0.86697,1.00,1.00
2017.11.13 15:52:16.699,0.86695,0.86699,1.25,1.12
2017.11.13 15:52:19.218,0.86695,0.867,1.19,1.50
2017.11.13 15:52:19.814,0.86695,0.86699,1.25,1.12
2017.11.13 15:52:20.575,0.86694,0.86698,1.25,1.00
2017.11.13 15:52:21.434,0.86695,0.867,1.19,1.50
2017.11.13 15:52:22.096,0.86695,0.86699,1.25,1.12
2017.11.13 15:52:22.580,0.86697,0.86702,1.19,3.75
2017.11.13 15:52:23.009,0.86698,0.86702,1.25,2.62
2017.11.13 15:52:23.572,0.86698,0.86703,1.25,1.12
2017.11.13 15:52:24.756,0.86699,0.86704,1.19,2.25
2017.11.13 15:52:25.287,0.86698,0.86703,1.19,1.12
2017.11.13 15:52:25.676,0.86697,0.86701,1.31,1.00
2017.11.13 15:52:26.037,0.86695,0.86699,1.25,1.00
2017.11.13 15:52:26.557,0.86694,0.86697,1.00,1.00
2017.11.13 15:52:27.093,0.86693,0.86697,1.25,1.00
2017.11.13 15:52:27.600,0.86693,0.86698,1.31,1.00
2017.11.13 15:52:28.854,0.86693,0.86697,1.31,1.00
2017.11.13 15:52:29.393,0.86693,0.86698,1.31,1.00
2017.11.13 15:52:29.986,0.86695,0.86699,1.00,1.87
2017.11.13 15:52:30.546,0.86694,0.86699,1.25,1.87
2017.11.13 15:52:31.051,0.86695,0.86699,1.69,1.12
2017.11.13 15:52:31.579,0.86696,0.86701,1.00,2.25
2017.11.13 15:52:32.752,0.86696,0.86701,1.00,1.87
2017.11.13 15:52:33.321,0.86697,0.86701,1.00,1.87
2017.11.13 15:52:33.771,0.86698,0.86703,1.69,1.50
2017.11.13 15:52:34.311,0.86698,0.86704,1.69,2.25
2017.11.13 15:52:37.482,0.86698,0.86702,1.25,1.00
2017.11.13 15:52:38.024,0.86698,0.86703,1.19,1.12
2017.11.13 15:52:39.157,0.86698,0.86702,1.25,1.00
2017.11.13 15:52:40.788,0.86695,0.86701,2.06,1.87
2017.11.13 15:52:41.335,0.86695,0.867,1.25,1.12
2017.11.13 15:52:43.030,0.86695,0.86701,2.44,1.87
2017.11.13 15:52:43.582,0.86695,0.867,1.25,1.12
2017.11.13 15:52:43.634,0.86694,0.86698,1.69,1.00
2017.11.13 15:52:44.300,0.86695,0.86699,1.25,1.00
2017.11.13 15:52:46.280,0.86694,0.86698,1.69,1.00
2017.11.13 15:52:51.603,0.86695,0.86699,1.25,1.00
2017.11.13 15:52:52.924,0.86695,0.86699,1.25,1.00
2017.11.13 15:52:53.446,0.86695,0.867,1.69,1.12
2017.11.13 15:52:54.692,0.86695,0.86701,1.69,1.50
2017.11.13 15:52:56.583,0.86696,0.86701,1.25,1.12
2017.11.13 15:52:57.476,0.86697,0.86702,1.25,2.25
2017.11.13 15:52:58.717,0.86695,0.867,1.69,1.00
2017.11.13 15:52:59.233,0.86697,0.86701,1.25,1.12
2017.11.13 15:52:59.867,0.86697,0.86701,1.25,1.12
2017.11.13 15:53:04.401,0.86697,0.86703,1.31,1.12
2017.11.13 15:53:05.283,0.86697,0.86701,1.25,1.00
2017.11.13 15:53:07.232,0.86695,0.867,2.06,1.00
2017.11.13 15:53:07.820,0.86695,0.86701,2.06,1.87
2017.11.13 15:53:09.899,0.86696,0.86701,1.19,1.87
2017.11.13 15:53:12.051,0.86695,0.867,1.25,1.12
2017.11.13 15:53:12.580,0.86694,0.86699,2.06,1.00
2017.11.13 15:53:12.632,0.86693,0.86698,2.81,1.00
2017.11.13 15:53:13.162,0.86692,0.86697,1.31,1.87
2017.11.13 15:53:13.558,0.86691,0.86697,1.69,2.25
2017.11.13 15:53:14.096,0.8669,0.86695,2.06,1.12
2017.11.13 15:53:23.252,0.8669,0.86696,2.44,2.25
2017.11.13 15:53:24.459,0.8669,0.86696,2.44,2.25
2017.11.13 15:53:25.001,0.8669,0.86697,3.19,2.25
2017.11.13 15:53:29.381,0.86691,0.86697,1.31,1.12
2017.11.13 15:53:29.990,0.8669,0.86694,3.94,1.00
2017.11.13 15:53:30.100,0.8669,0.86696,3.94,1.00
2017.11.13 15:53:32.242,0.86692,0.86696,1.25,1.00
2017.11.13 15:53:32.346,0.86693,0.86698,1.31,1.12
2017.11.13 15:53:32.857,0.86695,0.86699,1.31,1.00
2017.11.13 15:53:33.979,0.86694,0.86698,1.69,1.00
2017.11.13 15:53:36.775,0.86694,0.86699,1.19,1.87
2017.11.13 15:53:38.792,0.86694,0.86699,1.19,1.87
2017.11.13 15:53:39.325,0.86693,0.86698,1.69,1.12
2017.11.13 15:53:41.022,0.86692,0.86696,1.25,1.00
2017.11.13 15:53:41.532,0.86691,0.86696,2.44,1.00
2017.11.13 15:53:43.960,0.86691,0.86696,1.19,1.12
2017.11.13 15:53:47.143,0.86691,0.86696,1.19,1.12
2017.11.13 15:53:51.108,0.86691,0.86695,1.25,1.00
2017.11.13 15:53:52.604,0.86691,0.86696,1.69,1.00
2017.11.13 15:53:53.558,0.8669,0.86695,3.56,1.00
2017.11.13 15:53:54.433,0.86691,0.86696,1.31,1.00
2017.11.13 15:53:54.768,0.86691,0.86696,1.31,1.00
2017.11.13 15:53:55.469,0.86692,0.86697,1.25,1.12
2017.11.13 15:54:01.303,0.86692,0.86698,1.69,1.12
2017.11.13 15:54:01.355,0.86693,0.86698,1.31,1.00
2017.11.13 15:54:02.050,0.86692,0.86696,2.81,1.00
2017.11.13 15:54:02.611,0.86692,0.86696,1.25,1.00
2017.11.13 15:54:03.839,0.86691,0.86695,1.31,1.00
2017.11.13 15:54:05.528,0.86692,0.86697,1.00,1.50
2017.11.13 15:54:07.286,0.86692,0.86697,1.25,1.50
2017.11.13 15:54:07.924,0.86696,0.867,1.00,1.00
2017.11.13 15:54:08.444,0.86696,0.86701,1.00,2.25
2017.11.13 15:54:08.964,0.86697,0.86701,1.00,1.87
2017.11.13 15:54:12.071,0.86699,0.86703,1.00,2.25
2017.11.13 15:54:12.584,0.86697,0.86702,1.00,1.87
2017.11.13 15:54:13.120,0.86695,0.86702,2.81,2.62
2017.11.13 15:54:14.619,0.86696,0.86702,1.31,1.12
2017.11.13 15:54:14.671,0.86698,0.86703,1.19,1.12
2017.11.13 15:54:15.260,0.86699,0.86703,1.25,1.00
2017.11.13 15:54:18.400,0.86698,0.86703,1.00,1.00
2017.11.13 15:54:18.945,0.86698,0.86704,2.81,1.00
2017.11.13 15:54:19.447,0.86698,0.86704,2.81,1.00
2017.11.13 15:54:19.991,0.86697,0.86703,4.69,1.50
2017.11.13 15:54:22.166,0.86698,0.86702,1.31,1.00
2017.11.13 15:54:24.429,0.86698,0.86703,1.31,1.00
2017.11.13 15:54:24.970,0.86699,0.86704,1.31,1.00
2017.11.13 15:54:27.216,0.86699,0.86704,1.19,1.87
2017.11.13 15:54:27.911,0.86698,0.86703,1.31,1.00
2017.11.13 15:54:28.504,0.86698,0.86702,1.31,1.00
2017.11.13 15:54:29.180,0.86698,0.86703,1.31,1.00
2017.11.13 15:54:29.839,0.86698,0.86702,1.31,1.00
2017.11.13 15:54:33.914,0.86698,0.86703,1.19,1.12
2017.11.13 15:54:36.692,0.86698,0.86702,1.69,1.00
2017.11.13 15:54:37.197,0.86698,0.86705,2.44,3.00
2017.11.13 15:54:39.458,0.86698,0.86702,1.69,1.00
2017.11.13 15:54:40.870,0.86698,0.86701,1.50,1.00
2017.11.13 15:54:41.383,0.86698,0.86702,1.12,1.00
2017.11.13 15:54:42.922,0.86697,0.86701,3.56,1.00
2017.11.13 15:54:43.612,0.86697,0.86702,2.81,1.00
2017.11.13 15:54:44.244,0.86696,0.867,5.44,1.00
2017.11.13 15:54:46.192,0.86698,0.86702,1.12,1.00
2017.11.13 15:54:48.231,0.86698,0.86703,1.50,1.00
2017.11.13 15:54:48.765,0.86698,0.86702,1.12,1.00
2017.11.13 15:54:49.548,0.86698,0.86703,1.50,1.00
2017.11.13 15:54:50.226,0.86698,0.86703,2.44,1.00
2017.11.13 15:54:56.032,0.86698,0.86702,2.06,1.00
2017.11.13 15:54:56.547,0.86699,0.86703,4.31,1.00
2017.11.13 15:54:57.103,0.86699,0.86704,3.19,1.00
2017.11.13 15:54:57.445,0.86701,0.86705,1.00,1.00
2017.11.13 15:55:00.964,0.867,0.86704,1.12,1.00
2017.11.13 15:55:01.590,0.867,0.86705,2.25,1.00
2017.11.13 15:55:02.105,0.867,0.86704,2.06,1.00
2017.11.13 15:55:02.616,0.86701,0.86705,1.31,1.00
2017.11.13 15:55:02.937,0.867,0.86705,1.69,1.12
2017.11.13 15:55:03.484,0.867,0.86705,1.19,3.00
2017.11.13 15:55:03.537,0.86699,0.86703,2.06,1.00
2017.11.13 15:55:04.228,0.86697,0.86701,2.44,1.00
2017.11.13 15:55:04.867,0.86697,0.86702,2.44,1.00
2017.11.13 15:55:04.918,0.86698,0.86703,2.06,1.00
2017.11.13 15:55:05.059,0.86698,0.86702,2.06,1.00
2017.11.13 15:55:05.798,0.86698,0.86703,1.31,1.00
2017.11.13 15:55:06.330,0.86697,0.86701,1.69,1.00
2017.11.13 15:55:06.994,0.86696,0.867,3.19,1.00
2017.11.13 15:55:08.264,0.86697,0.86702,1.69,1.12
2017.11.13 15:55:08.925,0.86697,0.86701,1.69,1.00
2017.11.13 15:55:09.429,0.86697,0.86702,1.69,1.12
2017.11.13 15:55:10.122,0.86698,0.86702,2.06,1.00
2017.11.13 15:55:10.640,0.86699,0.86703,1.31,1.00
2017.11.13 15:55:12.271,0.867,0.86705,1.19,1.87
2017.11.13 15:55:12.883,0.86701,0.86706,1.31,1.00
2017.11.13 15:55:13.543,0.86701,0.86705,1.31,1.00
2017.11.13 15:55:14.421,0.86701,0.86707,2.44,1.12
2017.11.13 15:55:14.934,0.86702,0.86707,1.31,1.00
2017.11.13 15:55:16.236,0.86701,0.86706,1.69,1.00
2017.11.13 15:55:17.873,0.867,0.86705,2.44,1.00
2017.11.13 15:55:18.244,0.86702,0.86707,1.19,1.00
2017.11.13 15:55:18.296,0.86702,0.86706,1.31,1.00
2017.11.13 15:55:18.510,0.86703,0.86708,1.19,1.00
2017.11.13 15:55:19.111,0.86701,0.86706,2.44,1.00
2017.11.13 15:55:19.313,0.86702,0.86708,1.31,1.00
2017.11.13 15:55:19.849,0.86703,0.86707,1.31,1.00
2017.11.13 15:55:21.554,0.86702,0.86708,2.44,1.00
2017.11.13 15:55:22.024,0.867,0.86703,1.00,1.12
2017.11.13 15:55:22.126,0.86695,0.86699,1.25,2.25
2017.11.13 15:55:22.179,0.86695,0.86699,1.00,2.25
2017.11.13 15:55:22.617,0.86692,0.86697,1.50,1.00
2017.11.13 15:55:24.015,0.86692,0.86697,1.12,1.50
2017.11.13 15:55:24.118,0.86693,0.86699,2.44,1.50
2017.11.13 15:55:24.429,0.86695,0.86701,1.69,1.00
2017.11.13 15:55:24.940,0.86694,0.867,2.00,1.50
2017.11.13 15:55:25.504,0.86695,0.867,1.12,1.50
2017.11.13 15:55:25.828,0.86692,0.86696,1.69,1.00
2017.11.13 15:55:26.438,0.86693,0.86698,1.12,1.87
2017.11.13 15:55:27.108,0.86693,0.86699,1.31,2.62
2017.11.13 15:55:27.262,0.86694,0.867,1.69,1.50
2017.11.13 15:55:27.826,0.86696,0.86701,1.00,2.62
2017.11.13 15:55:28.352,0.86695,0.867,1.12,1.00
2017.11.13 15:55:29.011,0.86695,0.86701,1.31,2.25
2017.11.13 15:55:29.611,0.86696,0.86701,3.00,1.00
2017.11.13 15:55:29.665,0.86697,0.86703,1.69,1.87
2017.11.13 15:55:31.178,0.86697,0.86702,1.25,1.00
2017.11.13 15:55:32.187,0.86697,0.86702,1.00,3.00
2017.11.13 15:55:32.726,0.86696,0.86701,1.00,1.12
2017.11.13 15:55:33.356,0.86695,0.867,1.00,1.87
2017.11.13 15:55:33.700,0.86699,0.86703,1.00,1.87
2017.11.13 15:55:34.254,0.86699,0.86704,1.00,2.25
2017.11.13 15:55:34.766,0.86699,0.86703,1.25,1.00
2017.11.13 15:55:35.306,0.86697,0.86701,1.25,1.50
2017.11.13 15:55:36.146,0.86697,0.86702,3.19,1.00
2017.11.13 15:55:36.302,0.86698,0.86704,2.44,1.00
2017.11.13 15:55:36.853,0.86699,0.86704,2.06,1.00
2017.11.13 15:55:37.561,0.86699,0.86703,1.31,1.00
2017.11.13 15:55:40.646,0.86699,0.86705,2.44,1.00
2017.11.13 15:55:41.174,0.86699,0.86703,1.69,1.00
2017.11.13 15:55:41.685,0.86698,0.86704,3.19,1.00
2017.11.13 15:55:41.736,0.86702,0.86705,1.50,1.12
2017.11.13 15:55:41.897,0.86702,0.86706,1.00,1.00
2017.11.13 15:55:42.000,0.867,0.86704,2.44,1.00
2017.11.13 15:55:42.307,0.86699,0.86704,2.44,1.87
2017.11.13 15:55:42.897,0.86698,0.86703,1.69,1.00
2017.11.13 15:55:43.508,0.86697,0.86701,2.81,1.00
2017.11.13 15:55:43.662,0.86699,0.86703,1.12,1.00
2017.11.13 15:55:44.195,0.86698,0.86702,1.31,1.00
2017.11.13 15:55:45.421,0.86697,0.86701,3.19,1.00
2017.11.13 15:55:48.816,0.86699,0.86703,1.12,1.00
2017.11.13 15:55:49.306,0.867,0.86704,1.87,1.00
2017.11.13 15:55:49.871,0.86701,0.86705,1.00,1.00
2017.11.13 15:55:51.149,0.86701,0.86705,1.12,1.00
2017.11.13 15:55:53.788,0.867,0.86704,3.56,1.00
2017.11.13 15:55:54.324,0.86701,0.86706,1.31,1.00
2017.11.13 15:55:56.764,0.86701,0.86702,1.00,1.00
2017.11.13 15:55:56.816,0.86698,0.86702,1.31,1.50
2017.11.13 15:55:56.918,0.86699,0.86703,1.12,1.50
2017.11.13 15:55:56.969,0.86699,0.86702,1.12,1.00
2017.11.13 15:55:57.476,0.86701,0.86705,1.25,1.50
2017.11.13 15:55:58.848,0.867,0.86704,1.31,1.00
2017.11.13 15:55:59.416,0.867,0.86704,1.31,1.00
2017.11.13 15:55:59.991,0.86701,0.86705,1.12,1.00
2017.11.13 15:56:01.170,0.867,0.86705,1.50,1.00
2017.11.13 15:56:01.779,0.86699,0.86704,2.62,1.00
2017.11.13 15:56:02.424,0.867,0.86705,1.50,1.00
2017.11.13 15:56:02.632,0.86703,0.86707,1.12,1.50
2017.11.13 15:56:02.938,0.86704,0.86709,1.50,1.00
2017.11.13 15:56:03.195,0.86705,0.8671,2.25,1.00
2017.11.13 15:56:03.455,0.86705,0.86712,2.62,1.50
2017.11.13 15:56:03.669,0.86706,0.86712,1.75,1.00
2017.11.13 15:56:03.720,0.86706,0.86712,1.75,1.00
2017.11.13 15:56:04.244,0.86707,0.86713,1.75,1.50
2017.11.13 15:56:04.295,0.86707,0.86714,2.44,2.25
2017.11.13 15:56:04.449,0.86707,0.86712,2.25,1.00
2017.11.13 15:56:04.704,0.86705,0.86711,2.25,1.50
2017.11.13 15:56:05.569,0.86704,0.8671,2.25,1.50
2017.11.13 15:56:06.087,0.86704,0.8671,2.44,1.50
2017.11.13 15:56:06.617,0.86705,0.86711,1.75,1.50
2017.11.13 15:56:08.777,0.86705,0.8671,1.50,1.50
2017.11.13 15:56:09.099,0.86703,0.86708,3.00,1.00
2017.11.13 15:56:09.354,0.86702,0.86706,1.12,1.00
2017.11.13 15:56:09.875,0.86701,0.86706,2.62,1.00
2017.11.13 15:56:09.927,0.867,0.86704,3.00,1.00
2017.11.13 15:56:10.233,0.86703,0.86707,1.12,1.00
2017.11.13 15:56:10.338,0.86703,0.86708,1.12,1.00
2017.11.13 15:56:11.069,0.86704,0.86708,1.00,1.00
2017.11.13 15:56:12.552,0.86704,0.86709,1.37,1.00
2017.11.13 15:56:13.057,0.86704,0.86709,1.50,1.00
2017.11.13 15:56:13.816,0.86704,0.86708,1.50,1.00
2017.11.13 15:56:20.579,0.86704,0.86709,1.50,1.00
2017.11.13 15:56:20.630,0.86702,0.86707,1.12,1.00
2017.11.13 15:56:20.937,0.867,0.86705,1.69,1.00
2017.11.13 15:56:21.271,0.86697,0.86702,1.19,1.00
2017.11.13 15:56:21.690,0.86696,0.867,2.06,1.00
2017.11.13 15:56:22.651,0.86696,0.86699,1.00,1.00
2017.11.13 15:56:22.851,0.86695,0.867,2.81,1.00
2017.11.13 15:56:23.356,0.86695,0.867,2.81,1.00
2017.11.13 15:56:23.603,0.86699,0.86703,1.00,1.00
2017.11.13 15:56:23.654,0.867,0.86705,1.50,1.31
2017.11.13 15:56:23.809,0.86701,0.86707,1.00,1.31
2017.11.13 15:56:24.319,0.867,0.86706,1.12,1.00
2017.11.13 15:56:27.605,0.867,0.86705,1.50,1.00
2017.11.13 15:56:28.127,0.86699,0.86706,2.44,1.12
2017.11.13 15:56:28.663,0.86698,0.86705,3.94,1.50
2017.11.13 15:56:29.300,0.867,0.86706,1.69,1.00
2017.11.13 15:56:30.395,0.86703,0.86707,1.00,1.87
2017.11.13 15:56:30.940,0.86704,0.86708,1.00,2.25
2017.11.13 15:56:31.253,0.86704,0.86708,1.00,1.00
2017.11.13 15:56:32.131,0.86703,0.86708,1.50,1.00
2017.11.13 15:56:32.945,0.86703,0.86709,1.50,1.87
2017.11.13 15:56:33.639,0.86704,0.8671,1.31,1.87
2017.11.13 15:56:33.853,0.86706,0.86711,1.50,1.00
2017.11.13 15:56:34.474,0.86707,0.86711,1.12,1.12
2017.11.13 15:56:34.576,0.86706,0.86711,1.50,1.00
2017.11.13 15:56:36.149,0.86706,0.86711,1.12,1.50
2017.11.13 15:56:36.709,0.86704,0.8671,3.19,1.00
2017.11.13 15:56:37.666,0.86704,0.86708,1.50,1.00
2017.11.13 15:56:38.308,0.86706,0.8671,1.50,1.00
2017.11.13 15:56:38.683,0.86708,0.86713,1.69,1.87
2017.11.13 15:56:40.021,0.86706,0.86711,3.19,1.00
2017.11.13 15:56:40.281,0.86705,0.86711,2.44,1.00
2017.11.13 15:56:40.826,0.86705,0.86709,1.69,1.00
2017.11.13 15:56:41.363,0.86705,0.8671,1.69,1.00
2017.11.13 15:56:41.919,0.86704,0.86709,2.44,1.00
2017.11.13 15:56:43.017,0.86704,0.86709,1.69,1.00
2017.11.13 15:56:47.161,0.86704,0.86709,1.69,1.12
2017.11.13 15:56:47.659,0.86706,0.86711,1.87,2.62
2017.11.13 15:56:47.761,0.86705,0.86709,2.44,1.00
2017.11.13 15:56:48.361,0.86704,0.86709,1.31,1.50
2017.11.13 15:56:49.933,0.86703,0.86708,2.44,1.00
2017.11.13 15:56:50.938,0.86703,0.86709,2.44,1.00
2017.11.13 15:56:53.367,0.86704,0.86711,1.69,2.25
2017.11.13 15:56:53.683,0.86706,0.86711,1.50,1.50
2017.11.13 15:56:53.785,0.86705,0.86709,1.31,1.00
2017.11.13 15:56:54.803,0.86704,0.86708,2.44,1.00
2017.11.13 15:56:55.315,0.86704,0.86708,1.31,1.00
2017.11.13 15:56:55.645,0.86704,0.8671,1.62,2.25
2017.11.13 15:56:55.697,0.86707,0.86711,1.31,1.50
2017.11.13 15:56:56.224,0.86706,0.8671,1.31,1.00
2017.11.13 15:56:56.758,0.86705,0.86709,1.50,1.00
2017.11.13 15:56:57.311,0.86705,0.86709,1.31,1.00
2017.11.13 15:56:58.220,0.86704,0.86708,1.31,1.00
2017.11.13 15:56:58.760,0.86703,0.86709,2.06,1.50
2017.11.13 15:56:59.244,0.86703,0.86707,1.12,1.00
2017.11.13 15:56:59.750,0.86701,0.86706,2.44,1.00
2017.11.13 15:57:00.108,0.86699,0.86704,2.81,1.00
2017.11.13 15:57:00.267,0.86698,0.86703,1.12,1.00
2017.11.13 15:57:00.522,0.86697,0.86701,4.31,1.00
2017.11.13 15:57:02.343,0.86697,0.86702,1.50,1.50
2017.11.13 15:57:02.446,0.86696,0.867,1.69,1.00
2017.11.13 15:57:02.986,0.86696,0.86701,1.69,1.00
2017.11.13 15:57:04.582,0.86696,0.86702,2.06,1.50
2017.11.13 15:57:05.179,0.86696,0.86701,2.06,1.00
2017.11.13 15:57:06.514,0.86698,0.86703,1.50,1.00
2017.11.13 15:57:10.194,0.86698,0.86702,1.25,1.00
2017.11.13 15:57:10.928,0.86697,0.86701,2.06,1.00
2017.11.13 15:57:11.836,0.86697,0.86702,2.06,1.00
2017.11.13 15:57:12.366,0.86697,0.86701,2.06,1.00
2017.11.13 15:57:15.182,0.86696,0.86702,2.44,1.00
2017.11.13 15:57:15.929,0.86696,0.86702,2.44,1.00
2017.11.13 15:57:22.793,0.86696,0.86701,2.44,1.00
2017.11.13 15:57:26.563,0.86696,0.86701,2.44,1.00
2017.11.13 15:57:30.367,0.86695,0.86699,3.56,1.00
2017.11.13 15:57:31.377,0.86695,0.86701,3.19,1.00
2017.11.13 15:57:31.428,0.86695,0.86699,2.44,1.00
2017.11.13 15:57:31.954,0.86696,0.86701,1.31,1.00
2017.11.13 15:57:32.970,0.86693,0.86698,1.19,1.12
2017.11.13 15:57:33.022,0.86692,0.86696,3.56,1.12
2017.11.13 15:57:33.271,0.8669,0.86696,1.56,1.37
2017.11.13 15:57:33.373,0.86689,0.86692,1.12,1.00
2017.11.13 15:57:33.915,0.86689,0.86694,1.31,1.12
2017.11.13 15:57:34.425,0.86689,0.86693,1.25,1.00
2017.11.13 15:57:35.050,0.86691,0.86695,1.25,1.00
2017.11.13 15:57:37.878,0.8669,0.86695,2.44,1.00
2017.11.13 15:57:38.516,0.8669,0.86696,2.44,1.00
2017.11.13 15:57:39.264,0.86691,0.86694,1.00,1.00
2017.11.13 15:57:39.367,0.86689,0.86694,1.19,1.50
2017.11.13 15:57:39.596,0.8669,0.86696,2.06,3.00
2017.11.13 15:57:41.519,0.8669,0.86695,1.31,1.00
2017.11.13 15:57:42.045,0.8669,0.86696,2.06,3.00
2017.11.13 15:57:42.096,0.8669,0.86695,2.06,1.37
2017.11.13 15:57:42.420,0.86691,0.86696,1.31,2.62
2017.11.13 15:57:43.081,0.86689,0.8669,1.00,1.00
2017.11.13 15:57:43.683,0.86688,0.86693,1.31,1.87
2017.11.13 15:57:45.084,0.86687,0.86691,1.31,1.12
2017.11.13 15:57:47.074,0.86687,0.86692,1.31,1.12
2017.11.13 15:57:47.227,0.86687,0.86692,1.31,1.12
2017.11.13 15:57:47.738,0.86687,0.86691,1.31,1.00
2017.11.13 15:57:48.005,0.86688,0.86693,1.31,1.00
2017.11.13 15:57:48.057,0.86689,0.86693,1.00,1.00
2017.11.13 15:57:48.109,0.86689,0.86694,1.12,1.00
2017.11.13 15:57:48.364,0.8669,0.86696,2.06,1.87
2017.11.13 15:57:48.731,0.86689,0.86694,2.06,1.50
2017.11.13 15:57:49.037,0.86683,0.86687,1.31,1.00
2017.11.13 15:57:51.097,0.86685,0.86688,1.19,1.12
2017.11.13 15:57:51.629,0.86685,0.86688,1.19,1.12
2017.11.13 15:57:52.138,0.86682,0.86686,1.69,1.00
2017.11.13 15:57:52.676,0.86683,0.86686,1.00,1.12
2017.11.13 15:57:53.218,0.86682,0.86687,1.19,3.00
2017.11.13 15:57:54.582,0.86681,0.86686,1.25,1.12
2017.11.13 15:57:55.177,0.86681,0.86685,1.25,1.12
2017.11.13 15:57:55.228,0.86679,0.86683,1.69,1.00
2017.11.13 15:57:55.535,0.86678,0.86679,1.00,1.00
2017.11.13 15:57:55.586,0.86676,0.86681,1.19,1.12
2017.11.13 15:57:55.740,0.86679,0.86683,1.25,2.25
2017.11.13 15:57:56.281,0.86678,0.86681,1.00,1.12
2017.11.13 15:57:56.603,0.86681,0.86683,1.19,1.87
2017.11.13 15:57:56.656,0.86681,0.86684,1.00,1.00
2017.11.13 15:57:57.162,0.86682,0.86686,1.19,1.00
2017.11.13 15:57:57.305,0.86683,0.86687,1.19,1.87
2017.11.13 15:57:57.638,0.86683,0.86684,1.00,1.00
2017.11.13 15:57:58.155,0.8668,0.86685,1.69,2.25
2017.11.13 15:57:58.982,0.86679,0.86683,1.25,1.00
2017.11.13 15:57:59.034,0.86677,0.86681,1.25,1.00
2017.11.13 15:57:59.546,0.86675,0.8668,1.69,1.00
2017.11.13 15:58:00.152,0.86675,0.86679,1.69,1.00
2017.11.13 15:58:00.476,0.86674,0.86678,1.31,1.00
2017.11.13 15:58:01.923,0.86675,0.86679,1.12,1.00
2017.11.13 15:58:02.831,0.86677,0.86683,1.00,1.69
2017.11.13 15:58:02.882,0.86678,0.86682,1.69,1.00
2017.11.13 15:58:02.934,0.86679,0.86684,1.69,1.00
2017.11.13 15:58:03.036,0.8668,0.86685,1.69,1.00
2017.11.13 15:58:05.016,0.86679,0.86684,2.44,1.00
2017.11.13 15:58:06.450,0.86679,0.86685,3.19,1.00
2017.11.13 15:58:06.793,0.86674,0.8668,1.69,1.12
2017.11.13 15:58:07.303,0.86673,0.86679,2.44,1.00
2017.11.13 15:58:08.269,0.86674,0.8668,1.25,1.87
2017.11.13 15:58:08.808,0.86673,0.86679,1.31,1.50
2017.11.13 15:58:12.931,0.86673,0.86679,1.19,3.00
2017.11.13 15:58:13.512,0.86673,0.86678,1.00,1.00
2017.11.13 15:58:15.048,0.86675,0.86679,1.00,3.19
2017.11.13 15:58:15.703,0.86675,0.86679,1.00,1.69
2017.11.13 15:58:16.078,0.86677,0.86681,1.00,3.56
2017.11.13 15:58:16.580,0.86676,0.86681,1.00,2.81
2017.11.13 15:58:17.083,0.86678,0.86682,1.00,3.19
2017.11.13 15:58:17.539,0.86675,0.8668,1.12,1.00
2017.11.13 15:58:18.200,0.86677,0.86681,1.00,1.12
2017.11.13 15:58:18.704,0.86676,0.86681,1.00,1.12
2017.11.13 15:58:19.300,0.86675,0.86681,1.12,2.62
2017.11.13 15:58:19.910,0.86675,0.8668,1.00,1.00
2017.11.13 15:58:20.445,0.86674,0.8668,2.06,1.12
2017.11.13 15:58:21.024,0.86674,0.8668,2.81,1.00
2017.11.13 15:58:21.813,0.86675,0.86681,1.12,3.37
2017.11.13 15:58:23.233,0.86674,0.8668,2.44,1.00
2017.11.13 15:58:28.501,0.86674,0.86679,1.87,1.00
2017.11.13 15:58:29.017,0.86674,0.8668,1.87,1.31
2017.11.13 15:58:29.607,0.86674,0.8668,1.50,1.69
2017.11.13 15:58:30.130,0.86673,0.86679,2.62,1.00
2017.11.13 15:58:30.641,0.86673,0.86678,1.50,1.00
2017.11.13 15:58:33.902,0.86672,0.86678,2.25,1.00
2017.11.13 15:58:36.286,0.86671,0.86677,2.44,1.00
2017.11.13 15:58:37.417,0.86675,0.86679,1.00,4.69
2017.11.13 15:58:40.919,0.86671,0.86678,1.69,1.12
2017.11.13 15:58:42.933,0.86672,0.86676,1.12,1.00
2017.11.13 15:58:45.140,0.86672,0.86677,1.50,1.12
2017.11.13 15:58:45.750,0.86672,0.86676,1.12,1.00
2017.11.13 15:58:49.134,0.8667,0.86675,2.44,1.00
2017.11.13 15:58:49.538,0.86667,0.86674,3.56,1.50
2017.11.13 15:58:50.042,0.86667,0.86674,3.56,1.50
2017.11.13 15:58:50.556,0.86667,0.86674,3.56,1.50
2017.11.13 15:58:50.681,0.86669,0.86673,1.00,1.00
2017.11.13 15:58:52.176,0.86671,0.86675,1.00,1.87
2017.11.13 15:58:53.447,0.8667,0.86674,1.12,1.00
2017.11.13 15:58:56.571,0.86671,0.86675,1.00,1.87
2017.11.13 15:58:56.673,0.86672,0.86676,1.00,2.06
2017.11.13 15:58:56.979,0.86674,0.86678,1.00,2.81
2017.11.13 15:58:57.390,0.86672,0.86677,1.12,1.12
2017.11.13 15:59:00.706,0.86673,0.86678,1.50,1.69
2017.11.13 15:59:00.757,0.86675,0.8668,3.00,1.69
2017.11.13 15:59:01.166,0.86682,0.86685,1.00,3.00
2017.11.13 15:59:01.424,0.86684,0.86689,1.87,3.37
2017.11.13 15:59:01.631,0.86685,0.8669,1.12,2.25
2017.11.13 15:59:01.785,0.86688,0.86692,1.12,1.87
2017.11.13 15:59:01.950,0.8669,0.86693,1.00,3.56
2017.11.13 15:59:02.361,0.86686,0.8669,2.25,1.62
2017.11.13 15:59:02.763,0.8669,0.86693,1.00,2.44
2017.11.13 15:59:03.883,0.86687,0.86691,1.50,1.12
2017.11.13 15:59:04.463,0.86687,0.86692,1.12,2.81
2017.11.13 15:59:05.432,0.86686,0.86691,1.50,2.62
2017.11.13 15:59:06.812,0.86687,0.86691,1.00,1.12
2017.11.13 15:59:07.836,0.86687,0.86691,1.00,1.12
2017.11.13 15:59:08.143,0.86693,0.86695,1.12,2.25
2017.11.13 15:59:08.448,0.86693,0.86696,1.00,1.69
2017.11.13 15:59:09.060,0.86692,0.86696,1.00,1.31
2017.11.13 15:59:09.594,0.86691,0.86696,1.12,2.06
2017.11.13 15:59:10.127,0.86691,0.86696,1.12,2.06
2017.11.13 15:59:10.861,0.86691,0.86696,1.12,2.06
2017.11.13 15:59:11.386,0.86689,0.86694,1.37,1.12
2017.11.13 15:59:11.841,0.86689,0.86694,1.37,1.12
2017.11.13 15:59:12.403,0.86689,0.86693,1.00,1.00
2017.11.13 15:59:15.655,0.86689,0.86693,1.00,1.00
2017.11.13 15:59:18.171,0.86688,0.86693,1.87,1.00
2017.11.13 15:59:19.027,0.86688,0.86692,1.12,1.00
2017.11.13 15:59:20.731,0.86687,0.86691,1.87,1.00
2017.11.13 15:59:23.119,0.86689,0.86693,1.00,1.25
2017.11.13 15:59:23.241,0.86689,0.86695,2.44,1.87
2017.11.13 15:59:23.790,0.8669,0.86696,2.06,1.12
2017.11.13 15:59:24.391,0.8669,0.86696,2.06,1.12
2017.11.13 15:59:24.798,0.86694,0.86699,1.31,1.12
2017.11.13 15:59:25.160,0.86692,0.86697,1.69,1.87
2017.11.13 15:59:25.342,0.86689,0.86693,4.31,1.00
2017.11.13 15:59:25.804,0.86691,0.86696,1.87,1.00
2017.11.13 15:59:26.386,0.86691,0.86695,1.87,1.00
2017.11.13 15:59:26.889,0.86693,0.86698,1.00,2.44
2017.11.13 15:59:28.695,0.86693,0.86697,1.00,1.00
2017.11.13 15:59:28.746,0.86691,0.86695,1.00,2.44
2017.11.13 15:59:28.797,0.8669,0.86695,1.00,3.19
2017.11.13 15:59:29.577,0.86689,0.86694,1.12,1.00
2017.11.13 15:59:30.111,0.86689,0.86695,1.12,3.19
2017.11.13 15:59:30.617,0.86688,0.86694,2.25,1.00
2017.11.13 15:59:31.123,0.86688,0.86694,1.50,1.87
2017.11.13 15:59:31.226,0.86688,0.86692,1.00,1.00
2017.11.13 15:59:32.154,0.86688,0.86693,1.12,1.00
2017.11.13 15:59:32.784,0.86687,0.86692,3.19,1.00
2017.11.13 15:59:33.299,0.86687,0.86692,1.50,1.12
2017.11.13 15:59:33.802,0.86687,0.86691,1.00,1.12
2017.11.13 15:59:34.303,0.86686,0.86691,1.87,1.12
2017.11.13 15:59:35.710,0.86685,0.86691,2.44,1.50
2017.11.13 15:59:36.648,0.86686,0.86691,1.00,1.50
2017.11.13 15:59:39.213,0.86688,0.86693,2.06,1.50
2017.11.13 15:59:40.601,0.86689,0.86693,1.00,3.00
2017.11.13 15:59:41.193,0.86689,0.86693,1.00,3.37
2017.11.13 15:59:41.732,0.86689,0.86693,1.00,2.25
2017.11.13 15:59:42.747,0.86687,0.86693,1.87,5.62
2017.11.13 15:59:43.469,0.86688,0.86692,1.00,1.12
2017.11.13 15:59:44.908,0.86689,0.86692,1.00,1.00
2017.11.13 15:59:45.507,0.86686,0.8669,1.69,1.37
2017.11.13 15:59:46.153,0.86688,0.8669,1.00,1.00
2017.11.13 15:59:47.347,0.86686,0.86691,1.69,2.25
2017.11.13 15:59:48.107,0.86685,0.8669,2.06,1.87
2017.11.13 15:59:49.585,0.86686,0.86691,1.69,1.87
2017.11.13 15:59:50.110,0.86687,0.86691,1.50,1.12
2017.11.13 15:59:50.213,0.86687,0.86691,1.00,1.12
2017.11.13 15:59:50.813,0.86686,0.8669,1.31,1.00
2017.11.13 15:59:51.339,0.86686,0.8669,1.12,1.00
2017.11.13 15:59:51.935,0.86686,0.8669,1.12,1.00
2017.11.13 15:59:52.504,0.86685,0.86689,1.00,1.00
2017.11.13 15:59:53.097,0.86686,0.86691,1.50,1.12
2017.11.13 15:59:54.242,0.86686,0.86691,1.50,1.12
2017.11.13 15:59:54.825,0.86686,0.86688,1.12,1.00
2017.11.13 15:59:55.057,0.86687,0.86691,1.69,1.37
2017.11.13 15:59:55.675,0.86687,0.86689,1.31,1.00
2017.11.13 15:59:56.341,0.86685,0.86691,2.44,1.87
2017.11.13 15:59:57.036,0.86686,0.86688,1.12,1.00
2017.11.13 15:59:57.591,0.86686,0.86688,1.31,1.00
2017.11.13 15:59:58.109,0.86686,0.86689,1.31,1.00
2017.11.13 15:59:58.647,0.86686,0.86688,1.62,1.00
2017.11.13 15:59:58.933,0.86686,0.8669,1.31,1.12
2017.11.13 15:59:59.954,0.86685,0.8669,2.06,1.12
