2017.03.23 01:00:00.197,0.85341,0.85348,1.37,1.00
2017.03.23 01:00:00.248,0.85343,0.85351,1.00,1.12
2017.03.23 01:00:00.763,0.85344,0.85352,1.00,1.87
2017.03.23 01:00:01.068,0.85344,0.85353,1.00,2.06
2017.03.23 01:00:01.322,0.85344,0.85351,1.00,3.56
2017.03.23 01:00:01.745,0.85342,0.8535,1.00,1.25
2017.03.23 01:00:02.512,0.85342,0.85349,1.00,1.19
2017.03.23 01:00:02.787,0.85342,0.8535,1.12,1.31
2017.03.23 01:00:03.377,0.85343,0.85351,1.00,1.25
2017.03.23 01:00:03.655,0.85345,0.85353,1.00,1.31
2017.03.23 01:00:03.807,0.85347,0.85355,1.00,1.00
2017.03.23 01:00:03.858,0.85349,0.85355,1.00,1.00
2017.03.23 01:00:03.960,0.8535,0.85358,1.00,4.01
2017.03.23 01:00:04.466,0.8535,0.85359,1.12,1.69
2017.03.23 01:00:04.894,0.85353,0.85359,1.37,1.00
2017.03.23 01:00:04.945,0.85354,0.85363,1.50,1.31
2017.03.23 01:00:04.997,0.85354,0.85363,1.87,1.19
2017.03.23 01:00:05.503,0.85353,0.85363,2.62,1.00
2017.03.23 01:00:05.909,0.85352,0.85362,3.37,2.44
2017.03.23 01:00:06.328,0.85351,0.85361,1.50,2.06
2017.03.23 01:00:06.886,0.85352,0.8536,1.00,1.69
2017.03.23 01:00:07.342,0.8535,0.85357,1.00,1.00
2017.03.23 01:00:07.647,0.85343,0.85352,1.00,1.69
2017.03.23 01:00:07.808,0.85345,0.85352,1.00,1.31
2017.03.23 01:00:08.480,0.85345,0.85352,1.00,1.19
2017.03.23 01:00:08.531,0.85345,0.85352,1.00,1.31
2017.03.23 01:00:09.037,0.85344,0.85352,1.00,1.31
2017.03.23 01:00:09.586,0.85343,0.85352,1.00,2.06
2017.03.23 01:00:09.718,0.85341,0.85349,1.00,1.25
2017.03.23 01:00:10.022,0.85344,0.85352,1.00,2.44
2017.03.23 01:00:10.326,0.85346,0.85352,1.00,1.31
2017.03.23 01:00:10.377,0.85345,0.85353,1.00,1.87
2017.03.23 01:00:10.480,0.85347,0.85353,1.00,1.00
2017.03.23 01:00:10.834,0.85346,0.85354,1.00,2.44
2017.03.23 01:00:11.359,0.85346,0.85354,1.00,2.44
2017.03.23 01:00:11.410,0.85344,0.85353,1.00,1.31
2017.03.23 01:00:11.915,0.85345,0.85353,1.00,2.44
2017.03.23 01:00:12.422,0.85346,0.85353,1.00,3.19
2017.03.23 01:00:12.472,0.85346,0.85351,1.00,1.37
2017.03.23 01:00:13.015,0.85345,0.85351,1.00,1.37
2017.03.23 01:00:13.420,0.85343,0.85351,1.00,1.62
2017.03.23 01:00:13.923,0.85342,0.8535,1.00,1.62
2017.03.23 01:00:14.295,0.85344,0.8535,1.00,1.62
2017.03.23 01:00:14.753,0.85343,0.85352,1.00,2.81
2017.03.23 01:00:15.858,0.85343,0.8535,1.00,1.00
2017.03.23 01:00:16.530,0.85343,0.85351,1.00,2.81
2017.03.23 01:00:17.950,0.85343,0.8535,1.00,2.00
2017.03.23 01:00:18.001,0.85341,0.8535,1.00,2.00
2017.03.23 01:00:19.682,0.8534,0.85349,1.00,2.62
2017.03.23 01:00:21.775,0.8534,0.85349,1.37,3.37
2017.03.23 01:00:22.314,0.85339,0.85348,1.12,1.12
2017.03.23 01:00:24.566,0.85339,0.85349,1.00,2.62
2017.03.23 01:00:25.165,0.85339,0.85347,1.00,1.00
2017.03.23 01:00:25.714,0.85338,0.85347,1.12,1.50
2017.03.23 01:00:26.019,0.85337,0.85345,1.00,1.25
2017.03.23 01:00:26.475,0.85337,0.85347,1.00,2.44
2017.03.23 01:00:26.682,0.85336,0.85346,1.00,1.31
2017.03.23 01:00:26.986,0.85337,0.85347,1.37,2.25
2017.03.23 01:00:27.290,0.85336,0.85346,1.12,1.12
2017.03.23 01:00:27.341,0.85337,0.85344,1.00,1.00
2017.03.23 01:00:27.890,0.85337,0.85345,1.00,1.25
2017.03.23 01:00:28.125,0.85334,0.85343,1.00,1.00
2017.03.23 01:00:28.448,0.85335,0.85343,1.50,1.00
2017.03.23 01:00:28.976,0.85335,0.85342,1.50,1.00
2017.03.23 01:00:30.162,0.85335,0.85343,1.00,1.00
2017.03.23 01:00:30.668,0.85335,0.85342,1.00,1.00
2017.03.23 01:00:32.295,0.85338,0.85344,1.12,1.00
2017.03.23 01:00:32.397,0.8534,0.85348,1.12,1.12
2017.03.23 01:00:32.498,0.8534,0.8535,1.37,1.12
2017.03.23 01:00:32.600,0.85339,0.85349,3.37,1.00
2017.03.23 01:00:32.651,0.85339,0.85347,1.87,1.00
2017.03.23 01:00:32.803,0.85338,0.85346,3.75,1.00
2017.03.23 01:00:33.006,0.8534,0.85348,1.12,1.00
2017.03.23 01:00:33.107,0.8534,0.8535,2.25,1.00
2017.03.23 01:00:33.158,0.85342,0.8535,1.12,1.00
2017.03.23 01:00:33.624,0.85345,0.85352,1.00,1.00
2017.03.23 01:00:33.777,0.85343,0.85352,1.12,1.00
2017.03.23 01:00:34.081,0.85343,0.8535,1.00,1.00
2017.03.23 01:00:34.132,0.85341,0.85349,1.00,1.12
2017.03.23 01:00:34.713,0.85339,0.85348,1.00,1.69
2017.03.23 01:00:34.916,0.85339,0.85347,1.00,1.62
2017.03.23 01:00:35.224,0.85337,0.85347,1.00,2.06
2017.03.23 01:00:35.799,0.85339,0.85346,1.00,1.12
2017.03.23 01:00:36.348,0.85338,0.85346,1.00,1.12
2017.03.23 01:00:36.866,0.85337,0.85346,1.00,1.12
2017.03.23 01:00:37.264,0.85335,0.85345,1.87,1.00
2017.03.23 01:00:37.856,0.85336,0.85345,1.00,1.00
2017.03.23 01:00:37.958,0.85336,0.85343,1.00,1.00
2017.03.23 01:00:38.502,0.85335,0.85343,1.50,1.00
2017.03.23 01:00:39.067,0.85333,0.85343,1.50,1.31
2017.03.23 01:00:39.169,0.85333,0.85341,1.50,1.00
2017.03.23 01:00:39.523,0.85333,0.85342,1.87,1.00
2017.03.23 01:00:40.029,0.85334,0.85344,1.37,2.06
2017.03.23 01:00:40.534,0.85334,0.85344,1.50,1.25
2017.03.23 01:00:41.124,0.85335,0.85344,1.00,1.00
2017.03.23 01:00:42.143,0.85335,0.85345,1.50,2.62
2017.03.23 01:00:43.523,0.85336,0.85345,1.00,1.00
2017.03.23 01:00:43.883,0.85334,0.85344,1.87,1.00
2017.03.23 01:00:44.036,0.85334,0.85341,1.00,1.00
2017.03.23 01:00:44.087,0.85333,0.85343,1.87,1.12
2017.03.23 01:00:44.593,0.85333,0.85342,1.00,1.00
2017.03.23 01:00:45.082,0.85335,0.85342,1.00,1.00
2017.03.23 01:00:45.235,0.85333,0.85341,1.12,1.00
2017.03.23 01:00:45.974,0.85332,0.85341,1.12,1.00
2017.03.23 01:00:46.585,0.85331,0.85341,1.12,1.12
2017.03.23 01:00:46.717,0.8533,0.85338,1.00,1.00
2017.03.23 01:00:47.224,0.85329,0.85338,1.00,1.00
2017.03.23 01:00:47.777,0.85328,0.85338,1.00,1.00
2017.03.23 01:00:48.352,0.85329,0.85337,1.00,1.00
2017.03.23 01:00:48.655,0.85331,0.85338,1.00,1.00
2017.03.23 01:00:49.455,0.85329,0.85339,1.87,1.00
2017.03.23 01:00:49.506,0.85333,0.85341,1.00,2.06
2017.03.23 01:00:49.810,0.85328,0.85336,1.00,1.25
2017.03.23 01:00:50.114,0.85328,0.85333,1.00,1.19
2017.03.23 01:00:50.724,0.85325,0.85334,1.00,3.19
2017.03.23 01:00:50.775,0.85325,0.85334,1.00,5.44
2017.03.23 01:00:50.978,0.85325,0.85334,1.12,2.06
2017.03.23 01:00:51.479,0.85327,0.85334,1.00,2.06
2017.03.23 01:00:51.782,0.85327,0.85335,1.00,2.06
2017.03.23 01:00:51.833,0.85329,0.85335,1.00,1.69
2017.03.23 01:00:52.346,0.85327,0.85334,1.00,2.06
2017.03.23 01:00:52.397,0.85329,0.85334,1.00,1.25
2017.03.23 01:00:53.144,0.85328,0.85334,1.00,1.00
2017.03.23 01:00:53.296,0.85325,0.85333,1.00,1.00
2017.03.23 01:00:53.347,0.85327,0.85333,1.00,1.12
2017.03.23 01:00:53.894,0.85328,0.85333,1.00,1.00
2017.03.23 01:00:56.094,0.85325,0.85333,1.00,1.50
2017.03.23 01:00:56.195,0.85327,0.85333,1.00,1.87
2017.03.23 01:00:56.701,0.85328,0.85334,1.00,1.37
2017.03.23 01:00:57.566,0.85328,0.85334,1.00,1.00
2017.03.23 01:00:58.709,0.85328,0.85334,1.00,1.69
2017.03.23 01:00:59.250,0.85328,0.85334,1.00,1.00
2017.03.23 01:00:59.587,0.85326,0.85334,1.06,1.62
2017.03.23 01:01:00.094,0.85327,0.85333,1.00,1.50
2017.03.23 01:01:00.707,0.85327,0.85332,1.00,1.12
2017.03.23 01:01:00.962,0.85333,0.85338,1.37,4.87
2017.03.23 01:01:01.014,0.85332,0.85337,1.12,1.37
2017.03.23 01:01:01.066,0.85336,0.8534,1.00,1.12
2017.03.23 01:01:01.117,0.85337,0.85341,1.00,1.00
2017.03.23 01:01:01.220,0.85339,0.85343,1.00,1.00
2017.03.23 01:01:01.322,0.85339,0.85345,1.00,1.31
2017.03.23 01:01:01.946,0.85338,0.85345,1.00,1.69
2017.03.23 01:01:01.997,0.85338,0.85345,1.00,3.56
2017.03.23 01:01:02.048,0.85338,0.85345,1.00,1.25
2017.03.23 01:01:02.099,0.85338,0.85345,1.00,2.00
2017.03.23 01:01:02.202,0.85338,0.85346,1.00,2.81
2017.03.23 01:01:02.355,0.8534,0.85346,1.00,1.12
2017.03.23 01:01:02.610,0.85338,0.85345,1.00,1.25
2017.03.23 01:01:02.711,0.85339,0.85345,1.00,1.69
2017.03.23 01:01:02.762,0.85336,0.85345,1.00,2.06
2017.03.23 01:01:02.813,0.85336,0.85345,1.00,2.44
2017.03.23 01:01:02.915,0.85336,0.85345,1.00,3.56
2017.03.23 01:01:03.169,0.85337,0.85345,1.00,3.19
2017.03.23 01:01:03.701,0.85338,0.85344,1.00,1.00
2017.03.23 01:01:04.235,0.85338,0.85345,1.00,1.31
2017.03.23 01:01:04.336,0.85336,0.85343,1.00,1.62
2017.03.23 01:01:04.691,0.85335,0.85342,1.00,1.69
2017.03.23 01:01:05.131,0.85333,0.8534,1.00,1.25
2017.03.23 01:01:05.353,0.85336,0.85342,1.00,4.31
2017.03.23 01:01:05.454,0.85335,0.85342,1.00,2.44
2017.03.23 01:01:05.962,0.85334,0.85341,1.00,1.31
2017.03.23 01:01:06.472,0.85334,0.85341,1.00,3.19
2017.03.23 01:01:07.138,0.85334,0.8534,1.00,2.81
2017.03.23 01:01:07.492,0.85332,0.8534,1.00,2.81
2017.03.23 01:01:07.998,0.85334,0.8534,1.00,1.31
2017.03.23 01:01:08.302,0.85332,0.8534,1.00,2.06
2017.03.23 01:01:08.455,0.85334,0.8534,1.00,2.81
2017.03.23 01:01:08.967,0.85334,0.8534,1.00,1.19
2017.03.23 01:01:09.501,0.85335,0.8534,1.00,1.19
2017.03.23 01:01:09.654,0.85336,0.85342,1.12,1.69
2017.03.23 01:01:09.705,0.85338,0.85342,1.00,1.12
2017.03.23 01:01:09.756,0.85338,0.85345,1.00,1.12
2017.03.23 01:01:09.859,0.85341,0.85348,1.00,2.25
2017.03.23 01:01:09.910,0.85338,0.85347,1.12,1.12
2017.03.23 01:01:10.612,0.85337,0.85347,1.00,1.12
2017.03.23 01:01:11.189,0.8534,0.85347,1.00,1.12
2017.03.23 01:01:11.727,0.85339,0.85349,1.00,2.44
2017.03.23 01:01:12.252,0.85339,0.85347,1.00,1.00
2017.03.23 01:01:12.835,0.8534,0.85347,1.00,1.00
2017.03.23 01:01:13.419,0.85339,0.85349,1.12,1.31
2017.03.23 01:01:13.621,0.85339,0.85349,1.37,1.25
2017.03.23 01:01:14.628,0.85339,0.85349,1.50,1.25
2017.03.23 01:01:15.267,0.85339,0.85349,1.12,1.25
2017.03.23 01:01:18.710,0.8534,0.85349,1.12,1.25
2017.03.23 01:01:19.045,0.85342,0.85351,1.00,2.81
2017.03.23 01:01:19.571,0.85342,0.85351,1.00,2.40
2017.03.23 01:01:20.883,0.85343,0.85351,1.00,1.00
2017.03.23 01:01:21.153,0.85347,0.85356,1.12,1.00
2017.03.23 01:01:21.255,0.85349,0.85356,1.00,1.00
2017.03.23 01:01:21.762,0.8535,0.85358,1.00,1.25
2017.03.23 01:01:23.794,0.85351,0.8536,1.00,3.19
2017.03.23 01:01:23.895,0.85349,0.85357,1.12,1.00
2017.03.23 01:01:24.404,0.85348,0.85358,2.19,1.00
2017.03.23 01:01:25.021,0.8535,0.85357,1.00,1.00
2017.03.23 01:01:25.687,0.85348,0.85355,1.44,1.00
2017.03.23 01:01:27.170,0.85349,0.85356,1.12,1.00
2017.03.23 01:01:27.474,0.85352,0.85358,1.37,1.00
2017.03.23 01:01:27.983,0.85352,0.85358,1.00,1.00
2017.03.23 01:01:28.520,0.85351,0.85358,1.12,1.00
2017.03.23 01:01:28.862,0.8535,0.85356,1.12,1.00
2017.03.23 01:01:29.166,0.85353,0.85359,1.00,1.00
2017.03.23 01:01:29.217,0.85353,0.85361,1.37,1.12
2017.03.23 01:01:29.319,0.85353,0.85357,1.00,1.00
2017.03.23 01:01:29.370,0.85353,0.85359,1.12,1.00
2017.03.23 01:01:29.422,0.85353,0.8536,1.50,1.00
2017.03.23 01:01:29.632,0.85353,0.85361,1.50,1.00
2017.03.23 01:01:29.735,0.85352,0.85358,1.37,1.00
2017.03.23 01:01:29.836,0.85349,0.85356,1.37,1.00
2017.03.23 01:01:30.006,0.85349,0.85353,1.00,1.00
2017.03.23 01:01:30.057,0.85347,0.85353,2.25,1.00
2017.03.23 01:01:30.563,0.85345,0.85353,3.00,1.00
2017.03.23 01:01:31.075,0.85348,0.85353,1.00,1.00
2017.03.23 01:01:31.126,0.85348,0.85355,1.12,1.00
2017.03.23 01:01:31.872,0.85348,0.85356,1.12,1.00
2017.03.23 01:01:32.377,0.85348,0.85355,1.00,1.00
2017.03.23 01:01:32.941,0.85349,0.85355,1.00,1.00
2017.03.23 01:01:33.843,0.85347,0.85355,1.87,1.12
2017.03.23 01:01:36.429,0.85346,0.85353,1.75,1.00
2017.03.23 01:01:36.974,0.85347,0.85353,1.00,1.00
2017.03.23 01:01:37.486,0.85347,0.85354,1.87,1.00
2017.03.23 01:01:38.473,0.85347,0.85354,1.06,1.00
2017.03.23 01:01:39.621,0.85346,0.85353,1.44,1.00
2017.03.23 01:01:44.655,0.85346,0.85353,1.44,1.00
2017.03.23 01:01:45.184,0.85346,0.85353,1.44,1.00
2017.03.23 01:01:46.496,0.85349,0.85354,1.00,1.00
2017.03.23 01:01:46.799,0.85352,0.85357,1.06,1.00
2017.03.23 01:01:47.888,0.85351,0.85357,1.31,1.00
2017.03.23 01:01:49.480,0.85351,0.85357,1.31,1.00
2017.03.23 01:01:51.360,0.85351,0.85357,1.44,1.00
2017.03.23 01:01:51.563,0.85353,0.85361,1.31,1.00
2017.03.23 01:01:51.866,0.85353,0.85359,1.44,1.00
2017.03.23 01:01:52.633,0.85353,0.8536,1.44,1.00
2017.03.23 01:01:53.769,0.85352,0.8536,2.56,1.00
2017.03.23 01:01:54.074,0.85352,0.8536,1.44,1.00
2017.03.23 01:01:54.847,0.85354,0.85361,1.31,1.00
2017.03.23 01:01:55.354,0.85354,0.8536,1.31,1.00
2017.03.23 01:01:55.860,0.85352,0.8536,2.94,1.00
2017.03.23 01:01:58.738,0.85354,0.85361,1.44,1.00
2017.03.23 01:02:00.274,0.85351,0.85359,4.44,1.00
2017.03.23 01:02:00.376,0.85351,0.85359,1.44,1.00
2017.03.23 01:02:00.528,0.85351,0.85357,1.31,1.00
2017.03.23 01:02:00.858,0.85353,0.85359,1.00,1.00
2017.03.23 01:02:01.363,0.85353,0.8536,1.31,1.00
2017.03.23 01:02:02.025,0.85353,0.8536,1.00,1.00
2017.03.23 01:02:02.533,0.85354,0.85361,1.06,1.00
2017.03.23 01:02:03.044,0.85354,0.85362,1.81,1.00
2017.03.23 01:02:05.168,0.85356,0.85365,1.00,1.50
2017.03.23 01:02:05.219,0.85359,0.85365,1.00,1.50
2017.03.23 01:02:05.429,0.85356,0.85363,1.00,1.00
2017.03.23 01:02:06.000,0.85357,0.85364,1.00,1.12
2017.03.23 01:02:06.331,0.85357,0.85366,1.00,2.62
2017.03.23 01:02:08.343,0.85359,0.85366,1.00,1.00
2017.03.23 01:02:08.879,0.85359,0.85367,1.37,1.50
2017.03.23 01:02:09.004,0.85357,0.85366,2.25,1.50
2017.03.23 01:02:09.539,0.85357,0.85365,1.00,1.50
2017.03.23 01:02:10.089,0.85357,0.85365,1.00,1.50
2017.03.23 01:02:10.460,0.85356,0.85363,2.62,1.00
2017.03.23 01:02:10.766,0.85358,0.85364,1.00,1.00
2017.03.23 01:02:11.301,0.85358,0.85365,1.00,1.12
2017.03.23 01:02:11.807,0.85359,0.85365,1.00,1.00
2017.03.23 01:02:12.320,0.85359,0.85365,1.37,1.12
2017.03.23 01:02:12.858,0.85359,0.85365,1.00,1.12
2017.03.23 01:02:13.370,0.8536,0.85367,1.00,1.00
2017.03.23 01:02:13.877,0.85361,0.85367,1.00,1.00
2017.03.23 01:02:15.351,0.85359,0.85367,1.37,1.00
2017.03.23 01:02:15.453,0.85357,0.85364,1.37,1.00
2017.03.23 01:02:15.555,0.85358,0.85366,1.12,1.00
2017.03.23 01:02:15.808,0.85358,0.85364,1.00,1.00
2017.03.23 01:02:15.859,0.85356,0.85364,3.00,1.00
2017.03.23 01:02:16.061,0.85356,0.85365,2.62,1.00
2017.03.23 01:02:16.601,0.85359,0.85368,1.00,1.87
2017.03.23 01:02:17.135,0.85358,0.85367,1.00,1.50
2017.03.23 01:02:17.489,0.8536,0.85366,1.00,1.00
2017.03.23 01:02:17.794,0.85357,0.85362,1.37,1.00
2017.03.23 01:02:18.160,0.85356,0.85364,1.75,1.00
2017.03.23 01:02:18.464,0.85359,0.85368,1.00,1.27
2017.03.23 01:02:18.825,0.85358,0.85366,1.00,1.12
2017.03.23 01:02:19.129,0.85361,0.85368,1.00,1.12
2017.03.23 01:02:19.965,0.85363,0.85368,1.00,1.12
2017.03.23 01:02:20.016,0.85359,0.85367,1.00,1.12
2017.03.23 01:02:20.067,0.85361,0.85366,1.00,1.00
2017.03.23 01:02:20.118,0.85358,0.85366,1.00,1.00
2017.03.23 01:02:20.271,0.8536,0.85367,1.00,1.00
2017.03.23 01:02:20.574,0.85362,0.85369,1.00,1.69
2017.03.23 01:02:21.121,0.85362,0.8537,1.00,2.81
2017.03.23 01:02:21.273,0.8536,0.8537,1.00,2.44
2017.03.23 01:02:21.628,0.85362,0.8537,1.00,1.37
2017.03.23 01:02:21.831,0.85365,0.85373,1.00,2.89
2017.03.23 01:02:23.983,0.85366,0.85373,1.00,1.87
2017.03.23 01:02:24.034,0.85366,0.85374,1.00,1.12
2017.03.23 01:02:25.252,0.85367,0.85375,1.00,2.06
2017.03.23 01:02:25.873,0.85368,0.85376,1.00,2.62
2017.03.23 01:02:26.126,0.8537,0.85378,1.00,3.00
2017.03.23 01:02:26.429,0.85372,0.85378,1.00,1.00
2017.03.23 01:02:26.531,0.85373,0.8538,1.00,1.12
2017.03.23 01:02:29.096,0.85374,0.8538,1.00,1.00
2017.03.23 01:02:29.621,0.85377,0.85381,1.00,1.00
2017.03.23 01:02:29.722,0.85377,0.85383,1.00,1.00
2017.03.23 01:02:30.076,0.85375,0.85384,1.00,1.12
2017.03.23 01:02:30.582,0.85375,0.85383,1.00,1.00
2017.03.23 01:02:32.112,0.85375,0.85384,1.00,2.25
2017.03.23 01:02:32.847,0.85375,0.85383,1.00,1.00
2017.03.23 01:02:33.387,0.85374,0.85382,1.00,1.00
2017.03.23 01:02:33.489,0.85372,0.8538,1.00,1.00
2017.03.23 01:02:34.027,0.85372,0.85382,2.25,1.12
2017.03.23 01:02:34.154,0.85372,0.8538,2.25,1.00
2017.03.23 01:02:34.408,0.85375,0.85384,1.00,1.00
2017.03.23 01:02:34.661,0.85373,0.85381,1.50,1.00
2017.03.23 01:02:34.915,0.85371,0.85381,1.00,1.00
2017.03.23 01:02:36.602,0.8537,0.85379,1.00,1.00
2017.03.23 01:02:37.108,0.85369,0.85378,1.25,1.00
2017.03.23 01:02:37.511,0.85372,0.85379,1.50,1.00
2017.03.23 01:02:37.562,0.85372,0.85382,1.50,1.87
2017.03.23 01:02:38.874,0.85372,0.8538,1.69,1.00
2017.03.23 01:02:39.379,0.85372,0.85381,1.69,1.00
2017.03.23 01:02:39.904,0.85373,0.85381,1.00,1.00
2017.03.23 01:02:40.465,0.85373,0.8538,1.00,1.00
2017.03.23 01:02:41.399,0.85374,0.8538,1.00,1.00
2017.03.23 01:02:41.709,0.85372,0.8538,3.19,1.00
2017.03.23 01:02:42.238,0.85372,0.85381,3.19,1.00
2017.03.23 01:02:42.790,0.85374,0.85381,1.00,1.00
2017.03.23 01:02:43.094,0.85376,0.85383,1.25,1.00
2017.03.23 01:02:43.498,0.85379,0.85387,1.00,2.25
2017.03.23 01:02:43.831,0.85377,0.85386,1.00,1.00
2017.03.23 01:02:44.382,0.85378,0.85387,1.12,1.12
2017.03.23 01:02:44.912,0.85375,0.85384,1.12,1.50
2017.03.23 01:02:45.267,0.85373,0.85383,1.87,2.25
2017.03.23 01:02:46.174,0.85373,0.85381,1.12,1.00
2017.03.23 01:02:46.225,0.85372,0.85381,1.50,1.00
2017.03.23 01:02:46.850,0.85373,0.85379,1.00,1.00
2017.03.23 01:02:47.205,0.85371,0.85378,1.25,1.12
2017.03.23 01:02:47.672,0.85369,0.85378,2.06,1.12
2017.03.23 01:02:49.137,0.85369,0.85377,1.31,1.00
2017.03.23 01:02:49.238,0.85373,0.85377,1.00,1.00
2017.03.23 01:02:49.289,0.85373,0.85382,1.69,2.25
2017.03.23 01:02:49.340,0.85375,0.85382,1.25,1.00
2017.03.23 01:02:49.594,0.85374,0.85384,2.81,1.00
2017.03.23 01:02:49.898,0.85373,0.85382,2.81,1.00
2017.03.23 01:02:51.544,0.85373,0.85382,1.31,1.00
2017.03.23 01:02:53.402,0.85373,0.85382,2.81,1.00
2017.03.23 01:02:54.362,0.85373,0.8538,1.12,1.00
2017.03.23 01:02:54.767,0.8537,0.85374,1.87,1.00
2017.03.23 01:02:54.818,0.85368,0.85374,3.75,1.50
2017.03.23 01:02:54.870,0.85365,0.85373,1.69,1.00
2017.03.23 01:02:54.921,0.85363,0.8537,2.25,1.00
2017.03.23 01:02:54.974,0.85363,0.85369,1.12,1.00
2017.03.23 01:02:55.025,0.85361,0.85368,1.69,1.00
2017.03.23 01:02:55.478,0.85359,0.85367,1.69,1.50
2017.03.23 01:02:56.076,0.85359,0.85366,1.69,1.00
2017.03.23 01:02:56.178,0.85359,0.85368,1.69,1.50
2017.03.23 01:02:56.704,0.85358,0.85367,1.00,1.00
2017.03.23 01:02:56.965,0.85357,0.85364,2.81,1.00
2017.03.23 01:02:57.284,0.85359,0.85367,1.00,1.00
2017.03.23 01:02:57.385,0.8536,0.85369,1.25,1.00
2017.03.23 01:02:57.893,0.85359,0.85367,3.19,1.00
2017.03.23 01:02:58.407,0.85359,0.85367,1.50,1.00
2017.03.23 01:02:58.934,0.85362,0.85368,1.00,1.00
2017.03.23 01:02:59.187,0.85359,0.85368,1.50,1.00
2017.03.23 01:02:59.239,0.85357,0.85367,1.00,1.69
2017.03.23 01:02:59.290,0.85358,0.85364,1.00,1.00
2017.03.23 01:02:59.342,0.85355,0.85364,1.00,2.25
2017.03.23 01:02:59.849,0.85352,0.85362,1.87,1.00
2017.03.23 01:02:59.900,0.85351,0.8536,1.50,1.00
2017.03.23 01:03:00.103,0.85349,0.85358,1.00,1.50
2017.03.23 01:03:00.615,0.8535,0.85359,1.00,1.50
2017.03.23 01:03:01.128,0.85349,0.85358,1.00,1.00
2017.03.23 01:03:02.346,0.8535,0.85358,1.00,1.50
2017.03.23 01:03:03.182,0.85352,0.85358,1.00,1.00
2017.03.23 01:03:03.283,0.85353,0.8536,1.50,1.00
2017.03.23 01:03:03.385,0.85355,0.85361,1.00,1.00
2017.03.23 01:03:03.907,0.85355,0.85362,1.00,1.00
2017.03.23 01:03:04.527,0.85355,0.85361,1.00,1.00
2017.03.23 01:03:05.182,0.85351,0.85361,2.25,1.50
2017.03.23 01:03:05.284,0.85351,0.85359,1.00,1.00
2017.03.23 01:03:05.792,0.8535,0.85358,1.50,1.50
2017.03.23 01:03:07.105,0.85351,0.85358,1.87,1.00
2017.03.23 01:03:07.208,0.85351,0.8536,1.87,1.00
2017.03.23 01:03:07.259,0.85351,0.8536,1.87,1.00
2017.03.23 01:03:07.781,0.85352,0.85361,1.12,1.50
2017.03.23 01:03:08.294,0.85352,0.8536,1.00,1.00
2017.03.23 01:03:08.463,0.85354,0.85361,1.00,1.00
2017.03.23 01:03:08.978,0.85354,0.8536,1.00,1.00
2017.03.23 01:03:10.201,0.85354,0.85361,1.00,1.00
2017.03.23 01:03:10.752,0.85355,0.85361,1.00,1.00
2017.03.23 01:03:10.854,0.85352,0.85359,1.00,1.00
2017.03.23 01:03:11.359,0.85351,0.85358,1.00,1.00
2017.03.23 01:03:11.720,0.85348,0.85358,1.00,1.00
2017.03.23 01:03:11.771,0.85351,0.85358,1.00,1.00
2017.03.23 01:03:12.354,0.85351,0.85357,1.00,1.00
2017.03.23 01:03:14.936,0.85352,0.85357,1.00,1.00
2017.03.23 01:03:15.123,0.85352,0.85359,1.00,1.00
2017.03.23 01:03:15.646,0.85353,0.85359,1.00,1.00
2017.03.23 01:03:16.833,0.85354,0.85359,1.00,1.00
2017.03.23 01:03:16.935,0.85354,0.85361,1.00,1.00
2017.03.23 01:03:17.829,0.85355,0.85361,1.00,1.00
2017.03.23 01:03:18.359,0.85356,0.85361,1.00,1.00
2017.03.23 01:03:18.885,0.85357,0.85361,1.00,1.00
2017.03.23 01:03:18.987,0.85359,0.85363,1.00,1.00
2017.03.23 01:03:19.038,0.85359,0.85364,1.00,1.00
2017.03.23 01:03:19.760,0.85359,0.85365,1.00,1.50
2017.03.23 01:03:20.904,0.85361,0.85365,1.00,1.00
2017.03.23 01:03:21.124,0.85362,0.8537,1.00,1.50
2017.03.23 01:03:21.196,0.85361,0.85367,1.00,1.00
2017.03.23 01:03:21.247,0.85359,0.85366,1.00,1.00
2017.03.23 01:03:22.112,0.8536,0.85366,1.00,1.50
2017.03.23 01:03:22.897,0.85359,0.85365,1.00,1.00
2017.03.23 01:03:23.301,0.85359,0.85363,1.00,1.00
2017.03.23 01:03:23.403,0.85357,0.85365,1.00,1.00
2017.03.23 01:03:23.984,0.85357,0.85364,1.00,1.00
2017.03.23 01:03:24.518,0.85357,0.85365,1.00,1.00
2017.03.23 01:03:25.048,0.85356,0.85365,1.00,1.50
2017.03.23 01:03:25.301,0.85356,0.85363,1.00,1.00
2017.03.23 01:03:26.336,0.85354,0.85363,1.12,1.00
2017.03.23 01:03:26.438,0.85355,0.85361,1.00,1.00
2017.03.23 01:03:26.540,0.85355,0.85364,1.00,1.50
2017.03.23 01:03:27.096,0.85355,0.85363,1.00,1.00
2017.03.23 01:03:27.147,0.85352,0.85362,1.50,1.50
2017.03.23 01:03:27.198,0.85352,0.8536,1.50,1.00
2017.03.23 01:03:27.300,0.85351,0.85359,1.12,1.00
2017.03.23 01:03:27.386,0.85349,0.85359,1.12,2.25
2017.03.23 01:03:27.639,0.85349,0.85357,1.00,1.00
2017.03.23 01:03:28.214,0.8535,0.85357,1.00,1.00
2017.03.23 01:03:28.316,0.85351,0.85359,1.00,1.87
2017.03.23 01:03:28.878,0.85351,0.85358,1.00,1.00
2017.03.23 01:03:29.116,0.85352,0.8536,1.00,1.00
2017.03.23 01:03:29.319,0.85355,0.85361,1.00,1.00
2017.03.23 01:03:29.862,0.85356,0.85362,1.00,1.50
2017.03.23 01:03:30.446,0.85355,0.85362,1.00,1.50
2017.03.23 01:03:30.850,0.85353,0.85361,1.00,1.00
2017.03.23 01:03:31.027,0.85355,0.85364,1.00,2.25
2017.03.23 01:03:31.534,0.85354,0.85363,1.00,1.50
2017.03.23 01:03:32.080,0.85354,0.85362,1.00,1.00
2017.03.23 01:03:32.857,0.85352,0.85362,1.00,1.50
2017.03.23 01:03:33.110,0.85353,0.8536,1.00,1.00
2017.03.23 01:03:33.336,0.85352,0.85362,1.87,1.50
2017.03.23 01:03:33.652,0.85354,0.85361,1.00,1.00
2017.03.23 01:03:33.955,0.85353,0.85363,1.50,2.25
2017.03.23 01:03:34.488,0.85353,0.85362,1.12,1.00
2017.03.23 01:03:35.410,0.85357,0.85362,1.50,1.00
2017.03.23 01:03:35.511,0.85357,0.85364,1.00,1.00
2017.03.23 01:03:35.613,0.85357,0.85366,1.00,1.50
2017.03.23 01:03:35.991,0.85358,0.85368,1.00,2.25
2017.03.23 01:03:36.092,0.85357,0.85366,1.87,1.00
2017.03.23 01:03:36.396,0.85356,0.85365,1.50,1.00
2017.03.23 01:03:36.947,0.85357,0.85367,1.50,1.75
2017.03.23 01:03:37.200,0.85357,0.85366,1.00,1.00
2017.03.23 01:03:38.085,0.85357,0.85367,1.50,1.00
2017.03.23 01:03:38.136,0.85359,0.85366,1.00,1.00
2017.03.23 01:03:38.944,0.85359,0.85368,1.12,1.00
2017.03.23 01:03:39.455,0.8536,0.85368,1.00,1.00
2017.03.23 01:03:43.576,0.85361,0.85368,1.50,1.00
2017.03.23 01:03:44.132,0.85361,0.85369,1.00,1.00
2017.03.23 01:03:44.441,0.85361,0.85371,2.25,1.50
2017.03.23 01:03:45.038,0.85362,0.85371,1.50,1.00
2017.03.23 01:03:45.555,0.85367,0.85374,1.00,1.12
2017.03.23 01:03:45.892,0.85371,0.85378,1.50,2.25
2017.03.23 01:03:45.976,0.85371,0.85379,1.50,1.00
2017.03.23 01:03:46.634,0.8537,0.85379,1.12,1.87
2017.03.23 01:03:47.875,0.85373,0.85382,1.50,1.87
2017.03.23 01:03:48.129,0.85374,0.85384,2.25,1.50
2017.03.23 01:03:48.180,0.85376,0.85384,1.50,1.50
2017.03.23 01:03:48.333,0.85377,0.85386,1.00,1.12
2017.03.23 01:03:48.687,0.85376,0.85384,1.00,1.00
2017.03.23 01:03:49.202,0.85375,0.85383,1.00,1.00
2017.03.23 01:03:49.713,0.85374,0.85383,1.00,1.50
2017.03.23 01:03:50.261,0.85374,0.85382,1.00,1.00
2017.03.23 01:03:51.054,0.85375,0.85382,1.00,1.00
2017.03.23 01:03:51.532,0.85373,0.85382,2.25,1.50
2017.03.23 01:03:51.964,0.85373,0.85382,1.87,1.00
2017.03.23 01:03:52.515,0.85374,0.85382,1.00,1.00
2017.03.23 01:03:53.071,0.85375,0.85382,1.00,1.00
2017.03.23 01:03:53.856,0.85374,0.85382,1.50,1.00
2017.03.23 01:03:54.059,0.85376,0.85385,1.50,1.12
2017.03.23 01:03:54.110,0.85379,0.85386,1.00,2.25
2017.03.23 01:03:54.262,0.85379,0.85387,1.00,1.87
2017.03.23 01:03:54.364,0.85379,0.85387,1.12,1.75
2017.03.23 01:03:54.571,0.85379,0.85386,1.50,1.00
2017.03.23 01:03:55.552,0.85378,0.85386,1.12,1.00
2017.03.23 01:03:56.057,0.85379,0.85387,1.87,1.00
2017.03.23 01:03:56.568,0.85379,0.85388,2.62,1.00
2017.03.23 01:03:58.552,0.85379,0.85388,1.50,2.25
2017.03.23 01:03:58.603,0.85377,0.85385,1.37,1.00
2017.03.23 01:03:58.856,0.85373,0.85382,1.50,1.00
2017.03.23 01:04:01.768,0.85374,0.85382,1.00,1.00
2017.03.23 01:04:03.636,0.85374,0.85381,1.00,1.00
2017.03.23 01:04:04.592,0.85377,0.85383,1.12,1.50
2017.03.23 01:04:04.796,0.85379,0.85386,1.25,1.50
2017.03.23 01:04:05.301,0.85378,0.85385,1.12,1.00
2017.03.23 01:04:07.719,0.85378,0.85382,1.00,1.00
2017.03.23 01:04:07.770,0.85373,0.8538,4.50,1.00
2017.03.23 01:04:07.822,0.85373,0.85378,1.37,1.00
2017.03.23 01:04:07.923,0.85371,0.85378,1.12,1.00
2017.03.23 01:04:08.731,0.8537,0.85378,2.25,1.00
2017.03.23 01:04:09.872,0.8537,0.85378,1.00,1.00
2017.03.23 01:04:10.412,0.85371,0.85378,1.00,1.00
2017.03.23 01:04:11.046,0.85371,0.85378,1.87,1.00
2017.03.23 01:04:12.130,0.85371,0.85378,2.25,1.00
2017.03.23 01:04:13.190,0.85377,0.85382,1.00,1.50
2017.03.23 01:04:13.343,0.85367,0.85373,1.00,1.12
2017.03.23 01:04:13.445,0.85365,0.85373,1.00,1.87
2017.03.23 01:04:13.496,0.85365,0.85371,1.00,1.00
2017.03.23 01:04:13.820,0.85367,0.85372,1.00,1.00
2017.03.23 01:04:14.355,0.85366,0.85373,1.00,1.50
2017.03.23 01:04:14.875,0.85366,0.85372,1.00,1.00
2017.03.23 01:04:16.658,0.85366,0.85371,1.00,1.00
2017.03.23 01:04:17.191,0.85367,0.85373,1.00,1.00
2017.03.23 01:04:17.774,0.85367,0.85371,1.00,1.00
2017.03.23 01:04:17.977,0.85368,0.85374,1.00,1.00
2017.03.23 01:04:18.179,0.85366,0.85372,1.00,1.00
2017.03.23 01:04:18.483,0.85366,0.8537,1.00,1.00
2017.03.23 01:04:19.319,0.85364,0.8537,1.00,1.00
2017.03.23 01:04:19.370,0.85366,0.8537,1.00,1.00
2017.03.23 01:04:19.471,0.85366,0.85372,1.00,1.00
2017.03.23 01:04:19.725,0.85368,0.85373,1.00,1.00
2017.03.23 01:04:20.282,0.85368,0.85374,1.00,1.31
2017.03.23 01:04:21.557,0.85369,0.85373,1.00,1.06
2017.03.23 01:04:22.839,0.85367,0.85375,1.00,1.81
2017.03.23 01:04:23.662,0.85367,0.85374,1.00,1.31
2017.03.23 01:04:24.575,0.85365,0.85371,1.00,1.00
2017.03.23 01:04:25.218,0.85362,0.85368,1.50,1.00
2017.03.23 01:04:25.633,0.85362,0.85366,1.50,1.00
2017.03.23 01:04:25.887,0.85361,0.85366,1.12,1.00
2017.03.23 01:04:25.939,0.8536,0.85365,3.00,1.00
2017.03.23 01:04:26.142,0.85359,0.85363,1.12,1.00
2017.03.23 01:04:27.416,0.85358,0.85363,1.00,1.00
2017.03.23 01:04:27.758,0.85355,0.85361,1.87,1.00
2017.03.23 01:04:27.860,0.85355,0.85359,1.50,1.00
2017.03.23 01:04:28.072,0.85355,0.85361,1.12,1.00
2017.03.23 01:04:28.577,0.85355,0.8536,1.12,1.00
2017.03.23 01:04:28.729,0.85353,0.85359,1.75,1.50
2017.03.23 01:04:28.982,0.85343,0.85351,1.69,1.00
2017.03.23 01:04:29.063,0.85343,0.85351,1.25,1.00
2017.03.23 01:04:29.165,0.85343,0.85348,1.37,1.00
2017.03.23 01:04:29.709,0.85345,0.85349,1.00,1.00
2017.03.23 01:04:30.682,0.85343,0.85348,1.87,1.00
2017.03.23 01:04:33.780,0.85345,0.85349,1.00,1.00
2017.03.23 01:04:33.831,0.85344,0.85351,1.00,1.00
2017.03.23 01:04:34.015,0.85344,0.85348,1.00,1.00
2017.03.23 01:04:34.620,0.85346,0.8535,1.00,1.00
2017.03.23 01:04:34.672,0.85346,0.85351,1.00,1.00
2017.03.23 01:04:34.723,0.85345,0.85349,1.00,1.00
2017.03.23 01:04:34.775,0.85344,0.85349,1.12,1.00
2017.03.23 01:04:34.876,0.85346,0.85352,1.00,1.50
2017.03.23 01:04:34.928,0.85344,0.85348,1.12,1.00
2017.03.23 01:04:34.979,0.85343,0.85348,1.37,1.00
2017.03.23 01:04:35.030,0.85343,0.8535,1.50,1.00
2017.03.23 01:04:35.182,0.85343,0.85348,1.50,1.00
2017.03.23 01:04:35.797,0.85343,0.85347,1.50,1.00
2017.03.23 01:04:36.559,0.85343,0.85348,1.50,1.00
2017.03.23 01:04:38.989,0.85343,0.85347,1.12,1.00
2017.03.23 01:04:39.243,0.85344,0.8535,1.00,1.00
2017.03.23 01:04:39.794,0.85344,0.85349,1.12,1.00
2017.03.23 01:04:43.258,0.85344,0.85348,1.00,1.00
2017.03.23 01:04:43.777,0.85344,0.85349,1.00,1.00
2017.03.23 01:04:44.982,0.85343,0.85347,2.06,1.00
2017.03.23 01:04:46.237,0.85342,0.85347,1.50,1.00
2017.03.23 01:04:46.288,0.85346,0.8535,1.00,1.00
2017.03.23 01:04:46.679,0.85343,0.85351,1.69,1.00
2017.03.23 01:04:47.186,0.85345,0.85351,2.06,1.00
2017.03.23 01:04:47.692,0.85343,0.8535,3.19,1.00
2017.03.23 01:04:49.688,0.85344,0.85348,1.69,1.00
2017.03.23 01:04:51.808,0.85346,0.85352,1.00,1.00
2017.03.23 01:04:51.859,0.85348,0.85352,1.00,1.00
2017.03.23 01:04:51.911,0.85348,0.85355,1.19,1.00
2017.03.23 01:04:52.013,0.85348,0.85352,1.12,1.00
2017.03.23 01:04:52.333,0.85347,0.85351,1.12,1.00
2017.03.23 01:04:52.384,0.85347,0.85352,1.12,1.00
2017.03.23 01:04:52.905,0.85348,0.85352,1.00,1.00
2017.03.23 01:04:53.056,0.85346,0.85351,1.50,1.00
2017.03.23 01:04:54.147,0.85346,0.8535,1.00,1.00
2017.03.23 01:04:54.300,0.85344,0.8535,1.12,1.00
2017.03.23 01:04:55.849,0.85345,0.8535,1.00,1.00
2017.03.23 01:04:58.098,0.85345,0.85351,1.12,1.00
2017.03.23 01:04:58.149,0.85347,0.85351,1.00,1.00
2017.03.23 01:04:58.707,0.85347,0.85352,1.00,1.00
2017.03.23 01:04:59.253,0.85347,0.85351,1.00,1.00
2017.03.23 01:05:00.129,0.85345,0.85351,1.00,1.00
2017.03.23 01:05:00.668,0.85343,0.8535,1.87,1.00
2017.03.23 01:05:01.205,0.85343,0.85349,1.50,1.00
2017.03.23 01:05:01.732,0.85344,0.85349,1.00,1.00
2017.03.23 01:05:02.270,0.85343,0.85348,1.50,1.00
2017.03.23 01:05:02.795,0.85344,0.85348,1.00,1.00
2017.03.23 01:05:03.306,0.85344,0.8535,1.00,1.12
2017.03.23 01:05:03.358,0.85344,0.85348,1.00,1.00
2017.03.23 01:05:03.459,0.85344,0.85349,1.00,1.00
2017.03.23 01:05:06.073,0.85343,0.85349,1.87,1.00
2017.03.23 01:05:06.175,0.85343,0.85349,1.87,1.00
2017.03.23 01:05:06.303,0.85343,0.85348,1.12,1.00
2017.03.23 01:05:06.557,0.85343,0.85351,1.12,1.50
2017.03.23 01:05:06.659,0.85345,0.85351,1.75,1.00
2017.03.23 01:05:07.207,0.85346,0.8535,1.50,1.00
2017.03.23 01:05:08.461,0.85346,0.85351,1.50,1.00
2017.03.23 01:05:11.297,0.85347,0.85352,1.12,1.00
2017.03.23 01:05:11.398,0.85345,0.85352,2.25,1.00
2017.03.23 01:05:11.550,0.85345,0.8535,1.31,1.00
2017.03.23 01:05:13.001,0.8535,0.85357,1.12,1.12
2017.03.23 01:05:13.052,0.8535,0.85357,1.44,1.00
2017.03.23 01:05:13.558,0.85352,0.85356,1.44,1.00
2017.03.23 01:05:13.710,0.85352,0.85358,2.19,1.00
2017.03.23 01:05:14.197,0.85352,0.85359,2.19,1.00
2017.03.23 01:05:14.741,0.85353,0.85358,2.19,1.00
2017.03.23 01:05:15.040,0.85355,0.8536,1.00,1.00
2017.03.23 01:05:15.091,0.85355,0.85362,1.44,1.00
2017.03.23 01:05:15.228,0.85356,0.8536,1.06,1.00
2017.03.23 01:05:16.622,0.85357,0.85361,1.00,1.00
2017.03.23 01:05:17.620,0.85356,0.8536,1.06,1.00
2017.03.23 01:05:18.167,0.85357,0.85361,1.00,1.00
2017.03.23 01:05:19.094,0.8536,0.85364,1.00,1.00
2017.03.23 01:05:19.145,0.85361,0.85369,1.69,1.00
2017.03.23 01:05:19.297,0.85363,0.85367,1.50,1.00
2017.03.23 01:05:19.399,0.85361,0.85367,3.56,1.00
2017.03.23 01:05:19.500,0.85361,0.85369,3.94,1.00
2017.03.23 01:05:19.962,0.85362,0.85367,1.69,1.00
2017.03.23 01:05:20.544,0.85363,0.85368,1.87,1.00
2017.03.23 01:05:21.142,0.85365,0.85369,1.00,1.00
2017.03.23 01:05:21.193,0.85364,0.85371,2.06,1.00
2017.03.23 01:05:21.446,0.85364,0.85368,1.12,1.00
2017.03.23 01:05:21.548,0.85364,0.8537,1.31,1.00
2017.03.23 01:05:22.147,0.85365,0.8537,1.00,1.00
2017.03.23 01:05:22.758,0.85365,0.85369,1.00,1.00
2017.03.23 01:05:23.297,0.85364,0.85369,1.31,1.00
2017.03.23 01:05:23.449,0.85368,0.85372,1.00,1.00
2017.03.23 01:05:23.500,0.85368,0.85375,1.69,1.00
2017.03.23 01:05:24.074,0.85369,0.85375,1.62,1.00
2017.03.23 01:05:24.524,0.85369,0.85373,1.31,1.00
2017.03.23 01:05:24.575,0.85369,0.85375,1.62,1.00
2017.03.23 01:05:24.864,0.85369,0.85373,1.31,1.00
2017.03.23 01:05:25.438,0.85368,0.85373,2.81,1.00
2017.03.23 01:05:26.312,0.85368,0.85373,2.81,1.00
2017.03.23 01:05:26.468,0.85369,0.85374,1.31,1.00
2017.03.23 01:05:28.606,0.85369,0.85375,1.31,1.00
2017.03.23 01:05:31.269,0.85371,0.85377,1.00,1.00
2017.03.23 01:05:31.523,0.85372,0.85377,1.19,1.00
2017.03.23 01:05:31.573,0.85371,0.85377,1.31,1.00
2017.03.23 01:05:31.826,0.85372,0.85377,1.19,1.00
2017.03.23 01:05:32.561,0.85372,0.85376,1.25,1.00
2017.03.23 01:05:35.166,0.85369,0.85375,2.06,1.00
2017.03.23 01:05:35.217,0.85369,0.85373,1.69,1.00
2017.03.23 01:05:36.206,0.8537,0.85374,1.00,1.00
2017.03.23 01:05:37.179,0.85369,0.85373,1.25,1.00
2017.03.23 01:05:39.086,0.85372,0.8538,1.25,1.00
2017.03.23 01:05:39.139,0.85374,0.8538,1.00,1.00
2017.03.23 01:05:39.445,0.85377,0.85382,2.00,1.00
2017.03.23 01:05:40.210,0.85377,0.85381,2.00,1.00
2017.03.23 01:05:40.730,0.85375,0.8538,2.37,1.00
2017.03.23 01:05:41.381,0.85376,0.8538,1.25,1.00
2017.03.23 01:05:41.685,0.85372,0.85377,1.50,1.00
2017.03.23 01:05:42.100,0.8537,0.85375,1.06,1.00
2017.03.23 01:05:42.796,0.85369,0.85375,2.37,1.00
2017.03.23 01:05:43.498,0.8537,0.85375,1.25,1.00
2017.03.23 01:05:46.605,0.8537,0.85376,2.44,1.00
2017.03.23 01:05:46.706,0.8537,0.85377,2.81,1.00
2017.03.23 01:05:48.620,0.8537,0.85375,1.50,1.00
2017.03.23 01:05:48.722,0.85366,0.85371,4.31,1.00
2017.03.23 01:05:48.823,0.85365,0.85369,1.25,1.00
2017.03.23 01:05:49.228,0.85365,0.85371,1.69,1.00
2017.03.23 01:05:49.561,0.85367,0.85372,1.19,1.00
2017.03.23 01:05:50.075,0.85368,0.85373,1.31,1.00
2017.03.23 01:05:53.041,0.8537,0.85376,1.25,1.00
2017.03.23 01:05:53.143,0.8537,0.85376,3.56,1.00
2017.03.23 01:05:53.851,0.8537,0.85376,3.19,1.00
2017.03.23 01:05:55.051,0.8537,0.85376,1.69,1.00
2017.03.23 01:05:55.601,0.85369,0.85376,1.31,1.00
2017.03.23 01:05:56.296,0.85369,0.85374,1.25,1.00
2017.03.23 01:05:56.631,0.85368,0.85373,2.44,1.00
2017.03.23 01:05:57.917,0.85367,0.85372,4.31,1.00
2017.03.23 01:05:58.220,0.85369,0.85375,2.44,1.00
2017.03.23 01:05:58.372,0.85368,0.85372,2.06,1.00
2017.03.23 01:05:58.676,0.85372,0.85377,1.25,1.00
2017.03.23 01:05:59.654,0.85372,0.85378,1.25,1.00
2017.03.23 01:05:59.756,0.85373,0.85378,1.37,1.00
2017.03.23 01:06:00.367,0.85373,0.85377,1.00,1.00
2017.03.23 01:06:03.441,0.85372,0.85377,1.25,1.00
2017.03.23 01:06:03.948,0.85372,0.85378,1.25,1.00
2017.03.23 01:06:04.841,0.85371,0.85377,1.31,1.00
2017.03.23 01:06:04.892,0.85371,0.85376,1.31,1.00
2017.03.23 01:06:04.943,0.85371,0.85376,1.19,1.00
2017.03.23 01:06:05.464,0.85371,0.85377,3.56,1.00
2017.03.23 01:06:05.933,0.85374,0.85379,1.00,1.00
2017.03.23 01:06:06.236,0.85373,0.85377,1.00,1.00
2017.03.23 01:06:06.490,0.85372,0.85376,1.69,1.00
2017.03.23 01:06:07.006,0.85372,0.85377,1.69,1.00
2017.03.23 01:06:07.694,0.85372,0.85377,2.44,1.00
2017.03.23 01:06:09.459,0.85372,0.85377,1.06,1.00
2017.03.23 01:06:10.039,0.85372,0.85377,1.31,1.00
2017.03.23 01:06:10.707,0.85371,0.85376,1.62,1.00
2017.03.23 01:06:11.742,0.8537,0.85376,1.37,1.00
2017.03.23 01:06:12.385,0.8537,0.85376,1.00,1.00
2017.03.23 01:06:12.958,0.85369,0.85376,1.25,1.00
2017.03.23 01:06:13.110,0.85369,0.85373,1.00,1.00
2017.03.23 01:06:13.414,0.85369,0.85375,1.00,1.00
2017.03.23 01:06:13.940,0.85369,0.85376,1.00,1.00
2017.03.23 01:06:14.483,0.85369,0.85376,1.37,1.00
2017.03.23 01:06:14.771,0.85368,0.85375,1.12,1.00
2017.03.23 01:06:14.822,0.85368,0.85372,1.12,1.00
2017.03.23 01:06:14.996,0.85365,0.85371,1.50,1.00
2017.03.23 01:06:15.098,0.85367,0.85373,1.25,1.00
2017.03.23 01:06:15.149,0.8537,0.85374,1.33,1.00
2017.03.23 01:06:15.200,0.8537,0.85375,1.33,1.00
2017.03.23 01:06:15.404,0.8537,0.85374,1.33,1.00
2017.03.23 01:06:15.931,0.85368,0.85372,1.69,1.00
2017.03.23 01:06:16.084,0.85371,0.85375,1.00,1.00
2017.03.23 01:06:16.236,0.85371,0.85377,2.06,1.00
2017.03.23 01:06:16.489,0.85373,0.85379,1.33,1.00
2017.03.23 01:06:16.541,0.85372,0.85377,1.18,1.00
2017.03.23 01:06:16.744,0.85369,0.85374,2.68,1.00
2017.03.23 01:06:17.277,0.85369,0.85373,1.18,1.00
2017.03.23 01:06:18.510,0.85368,0.85372,1.33,1.00
2017.03.23 01:06:18.663,0.85365,0.8537,2.31,1.00
2017.03.23 01:06:18.764,0.85367,0.85372,1.00,1.00
2017.03.23 01:06:18.966,0.8537,0.85378,1.25,1.87
2017.03.23 01:06:19.017,0.8537,0.85374,1.25,1.00
2017.03.23 01:06:19.523,0.8537,0.85375,1.93,1.00
2017.03.23 01:06:20.622,0.8537,0.85378,2.37,1.00
2017.03.23 01:06:21.219,0.8537,0.85377,1.19,1.00
2017.03.23 01:06:21.320,0.8537,0.85374,1.25,1.00
2017.03.23 01:06:23.138,0.85369,0.85374,1.25,1.00
2017.03.23 01:06:23.716,0.85369,0.85373,1.25,1.00
2017.03.23 01:06:24.272,0.85369,0.85374,1.25,1.00
2017.03.23 01:06:24.482,0.85367,0.85372,1.31,1.00
2017.03.23 01:06:26.179,0.85367,0.85371,1.25,1.00
2017.03.23 01:06:26.331,0.85364,0.85369,1.19,1.00
2017.03.23 01:06:26.382,0.85364,0.85368,1.25,1.00
2017.03.23 01:06:26.920,0.85362,0.85367,2.06,1.00
2017.03.23 01:06:27.433,0.85362,0.85366,1.31,1.00
2017.03.23 01:06:28.120,0.85362,0.85367,1.31,1.00
2017.03.23 01:06:29.635,0.85362,0.85367,1.31,1.00
2017.03.23 01:06:30.152,0.85362,0.85366,1.25,1.00
2017.03.23 01:06:30.701,0.85362,0.85366,1.25,1.00
2017.03.23 01:06:32.234,0.85362,0.85367,1.19,1.00
2017.03.23 01:06:33.257,0.85365,0.85371,1.31,1.00
2017.03.23 01:06:33.358,0.85364,0.8537,2.31,1.00
2017.03.23 01:06:33.495,0.85366,0.85371,1.00,1.00
2017.03.23 01:06:36.164,0.85366,0.85371,1.50,1.00
2017.03.23 01:06:36.753,0.85366,0.85371,1.18,1.00
2017.03.23 01:06:38.918,0.85365,0.85372,1.19,1.00
2017.03.23 01:06:39.401,0.85365,0.8537,1.31,1.00
2017.03.23 01:06:39.950,0.85365,0.85372,1.69,1.00
2017.03.23 01:06:40.511,0.85366,0.85373,1.25,1.00
2017.03.23 01:06:40.918,0.85367,0.85373,2.06,1.00
2017.03.23 01:06:40.969,0.85369,0.85377,1.62,1.12
2017.03.23 01:06:41.020,0.85368,0.85372,2.06,1.00
2017.03.23 01:06:41.173,0.85371,0.85375,1.00,1.00
2017.03.23 01:06:41.527,0.85369,0.85375,2.81,1.00
2017.03.23 01:06:41.628,0.85369,0.85373,2.06,1.00
2017.03.23 01:06:42.211,0.85368,0.85372,1.31,1.00
2017.03.23 01:06:42.515,0.85369,0.85374,1.69,1.00
2017.03.23 01:06:43.016,0.8537,0.85374,1.25,1.00
2017.03.23 01:06:45.708,0.85369,0.85373,1.25,1.00
2017.03.23 01:06:46.258,0.85367,0.85371,1.31,1.00
2017.03.23 01:06:46.893,0.85368,0.85372,1.31,1.00
2017.03.23 01:06:47.472,0.85366,0.85372,2.06,1.00
2017.03.23 01:06:49.341,0.85366,0.8537,1.12,1.00
2017.03.23 01:06:49.847,0.85368,0.85372,1.00,1.00
2017.03.23 01:06:51.233,0.85368,0.85372,1.00,1.00
2017.03.23 01:06:51.284,0.85364,0.85369,1.12,1.00
2017.03.23 01:06:51.832,0.85363,0.85368,1.50,1.00
2017.03.23 01:06:52.486,0.85362,0.85369,1.75,1.00
2017.03.23 01:06:55.155,0.85364,0.85368,1.00,1.00
2017.03.23 01:06:55.973,0.85362,0.85366,1.00,1.00
2017.03.23 01:06:56.024,0.8536,0.85366,1.87,1.00
2017.03.23 01:06:56.277,0.85359,0.85364,2.25,1.00
2017.03.23 01:06:56.328,0.85359,0.85363,1.50,1.00
2017.03.23 01:06:56.480,0.85357,0.85361,2.25,1.00
2017.03.23 01:06:56.683,0.85356,0.85362,2.25,1.00
2017.03.23 01:06:57.292,0.85357,0.85362,1.00,1.00
2017.03.23 01:06:57.801,0.85356,0.85362,1.87,1.00
2017.03.23 01:07:01.093,0.85356,0.85361,1.50,1.00
2017.03.23 01:07:01.397,0.85353,0.85358,1.69,1.00
2017.03.23 01:07:01.991,0.85352,0.85358,1.87,1.00
2017.03.23 01:07:03.808,0.85354,0.85358,1.00,1.00
2017.03.23 01:07:06.029,0.85354,0.85359,1.50,1.00
2017.03.23 01:07:06.504,0.85356,0.8536,1.00,1.00
2017.03.23 01:07:07.039,0.85356,0.8536,1.12,1.00
2017.03.23 01:07:07.659,0.85355,0.85359,1.87,1.00
2017.03.23 01:07:10.654,0.85355,0.8536,1.87,1.00
2017.03.23 01:07:11.995,0.85356,0.8536,1.00,1.00
2017.03.23 01:07:12.507,0.85358,0.85362,1.50,1.00
2017.03.23 01:07:15.590,0.85358,0.85363,1.50,1.00
2017.03.23 01:07:15.835,0.85356,0.85361,1.50,1.00
2017.03.23 01:07:15.936,0.85355,0.8536,1.50,1.00
2017.03.23 01:07:16.369,0.85351,0.85356,3.94,1.00
2017.03.23 01:07:16.678,0.85349,0.85354,1.31,1.00
2017.03.23 01:07:17.735,0.85349,0.85356,2.44,1.00
2017.03.23 01:07:19.648,0.85349,0.85354,2.44,1.00
2017.03.23 01:07:20.197,0.85352,0.85356,1.00,1.00
2017.03.23 01:07:21.897,0.85352,0.85356,1.00,1.00
2017.03.23 01:07:22.439,0.85348,0.85353,1.12,1.00
2017.03.23 01:07:22.490,0.85348,0.85353,1.37,1.00
2017.03.23 01:07:22.895,0.85347,0.85352,2.25,1.00
2017.03.23 01:07:23.047,0.85351,0.85355,1.00,1.00
2017.03.23 01:07:23.149,0.85355,0.8536,1.00,1.12
2017.03.23 01:07:23.352,0.85356,0.85363,1.00,1.00
2017.03.23 01:07:23.872,0.85356,0.85363,2.25,1.00
2017.03.23 01:07:24.706,0.85357,0.85363,1.50,1.00
2017.03.23 01:07:27.086,0.85357,0.85361,1.87,1.00
2017.03.23 01:07:27.632,0.85356,0.8536,1.12,1.00
2017.03.23 01:07:28.155,0.85356,0.85361,1.12,1.00
2017.03.23 01:07:28.692,0.85354,0.8536,2.62,1.00
2017.03.23 01:07:28.996,0.85353,0.85358,1.87,1.00
2017.03.23 01:07:29.568,0.85353,0.85357,1.50,1.00
2017.03.23 01:07:37.135,0.85353,0.8536,1.50,1.00
2017.03.23 01:07:37.338,0.85356,0.8536,1.00,1.00
2017.03.23 01:07:38.324,0.85356,0.85362,2.25,1.00
2017.03.23 01:07:38.479,0.85356,0.85363,1.87,1.00
2017.03.23 01:07:38.702,0.85358,0.85364,2.00,1.00
2017.03.23 01:07:39.006,0.85356,0.85362,3.00,1.00
2017.03.23 01:07:39.158,0.85359,0.85363,1.00,1.00
2017.03.23 01:07:40.896,0.85356,0.85364,3.00,1.00
2017.03.23 01:07:41.979,0.85356,0.85364,3.75,1.00
2017.03.23 01:07:43.789,0.85359,0.85363,1.00,1.00
2017.03.23 01:07:43.840,0.85356,0.85363,2.25,1.00
2017.03.23 01:07:44.145,0.85356,0.8536,1.00,1.00
2017.03.23 01:07:44.678,0.85355,0.85359,1.87,1.00
2017.03.23 01:07:45.515,0.85355,0.85362,1.87,1.00
2017.03.23 01:07:45.566,0.85355,0.8536,1.37,1.00
2017.03.23 01:07:46.079,0.85354,0.85361,1.87,1.00
2017.03.23 01:07:47.079,0.85354,0.8536,1.87,1.00
2017.03.23 01:07:48.722,0.85354,0.8536,1.12,1.00
2017.03.23 01:07:49.402,0.85353,0.8536,2.25,1.00
2017.03.23 01:07:49.504,0.85356,0.8536,1.12,1.00
2017.03.23 01:07:49.555,0.85357,0.85362,1.00,1.00
2017.03.23 01:07:49.707,0.85358,0.85364,1.50,1.00
2017.03.23 01:07:50.102,0.8536,0.85364,1.00,1.00
2017.03.23 01:07:50.412,0.85357,0.85362,1.50,1.00
2017.03.23 01:07:50.463,0.85356,0.8536,2.25,1.00
2017.03.23 01:07:50.993,0.85356,0.8536,1.50,1.00
2017.03.23 01:07:51.356,0.85358,0.85362,1.00,1.00
2017.03.23 01:07:51.857,0.85357,0.85361,1.00,1.00
2017.03.23 01:07:52.013,0.85359,0.85363,1.00,1.00
2017.03.23 01:07:52.064,0.85359,0.85365,1.00,1.00
2017.03.23 01:07:52.115,0.85358,0.85363,1.50,1.00
2017.03.23 01:07:52.166,0.8536,0.85365,1.00,1.00
2017.03.23 01:07:53.134,0.85359,0.85365,1.50,1.00
2017.03.23 01:07:54.754,0.8536,0.85365,1.00,1.00
2017.03.23 01:07:56.206,0.85361,0.85365,1.00,1.00
2017.03.23 01:07:59.030,0.8536,0.85364,1.87,1.00
2017.03.23 01:07:59.277,0.8536,0.85364,1.00,1.00
2017.03.23 01:08:00.663,0.85362,0.85366,1.00,1.00
2017.03.23 01:08:00.714,0.85363,0.85367,1.00,1.00
2017.03.23 01:08:01.637,0.85362,0.85366,1.50,1.00
2017.03.23 01:08:02.916,0.85362,0.85366,1.00,1.00
2017.03.23 01:08:03.307,0.85361,0.85365,1.12,1.00
2017.03.23 01:08:03.409,0.85357,0.85363,1.75,1.00
2017.03.23 01:08:03.510,0.85356,0.8536,1.50,1.00
2017.03.23 01:08:03.825,0.85355,0.8536,1.50,1.00
2017.03.23 01:08:04.047,0.85357,0.85361,1.00,1.00
2017.03.23 01:08:05.567,0.85357,0.85361,1.00,1.00
2017.03.23 01:08:10.482,0.85358,0.85362,1.00,1.00
2017.03.23 01:08:11.534,0.85355,0.85359,1.87,1.00
2017.03.23 01:08:11.635,0.85354,0.85358,1.00,1.00
2017.03.23 01:08:11.686,0.85354,0.85358,1.00,1.00
2017.03.23 01:08:12.196,0.85353,0.85358,1.00,1.00
2017.03.23 01:08:12.936,0.85353,0.85358,1.37,1.00
2017.03.23 01:08:14.220,0.85353,0.85358,1.12,1.00
2017.03.23 01:08:15.451,0.85353,0.85358,1.37,1.00
2017.03.23 01:08:16.692,0.85353,0.85358,1.12,1.00
2017.03.23 01:08:18.330,0.85354,0.85358,1.00,1.00
2017.03.23 01:08:22.080,0.85355,0.85359,1.00,1.00
2017.03.23 01:08:22.633,0.85355,0.8536,1.00,1.00
2017.03.23 01:08:24.784,0.85356,0.8536,1.00,1.00
2017.03.23 01:08:24.936,0.85354,0.85358,1.50,1.00
2017.03.23 01:08:26.126,0.85354,0.85358,1.00,1.00
2017.03.23 01:08:26.638,0.85353,0.85357,1.00,1.00
2017.03.23 01:08:27.178,0.85352,0.85356,1.12,1.00
2017.03.23 01:08:27.504,0.85349,0.85353,1.12,1.00
2017.03.23 01:08:27.657,0.85346,0.85351,2.06,1.00
2017.03.23 01:08:27.859,0.85346,0.8535,1.50,1.00
2017.03.23 01:08:27.911,0.85346,0.8535,1.50,1.00
2017.03.23 01:08:29.215,0.85346,0.85351,2.06,1.00
2017.03.23 01:08:29.641,0.85347,0.85353,1.00,1.00
2017.03.23 01:08:30.148,0.85347,0.85354,2.25,1.50
2017.03.23 01:08:30.668,0.85347,0.85353,1.87,1.00
2017.03.23 01:08:34.440,0.85348,0.85353,1.69,1.00
2017.03.23 01:08:35.330,0.85348,0.85355,2.44,1.00
2017.03.23 01:08:37.108,0.8535,0.85355,1.00,1.00
2017.03.23 01:08:37.782,0.85351,0.85356,1.25,1.00
2017.03.23 01:08:38.138,0.85349,0.85354,1.69,1.00
2017.03.23 01:08:38.340,0.85349,0.85356,1.69,1.50
2017.03.23 01:08:38.493,0.85351,0.85356,1.00,1.00
2017.03.23 01:08:38.797,0.85354,0.8536,1.19,1.00
2017.03.23 01:08:39.323,0.85354,0.8536,1.00,1.00
2017.03.23 01:08:40.122,0.85354,0.85361,1.12,1.00
2017.03.23 01:08:41.964,0.85356,0.85361,1.00,1.00
2017.03.23 01:08:42.708,0.85357,0.85361,1.25,1.00
2017.03.23 01:08:42.759,0.85357,0.85363,1.25,1.00
2017.03.23 01:08:43.164,0.85359,0.85363,1.00,1.00
2017.03.23 01:08:43.266,0.85359,0.85366,1.00,1.00
2017.03.23 01:08:45.652,0.85358,0.85366,1.00,1.00
2017.03.23 01:08:46.171,0.85357,0.85366,3.19,1.00
2017.03.23 01:08:47.081,0.85358,0.85366,1.00,1.00
2017.03.23 01:08:48.285,0.85357,0.85366,3.19,1.00
2017.03.23 01:08:49.545,0.85358,0.85366,1.00,1.00
2017.03.23 01:08:50.168,0.85357,0.85366,3.56,1.00
2017.03.23 01:08:52.793,0.85358,0.85366,1.00,1.12
2017.03.23 01:08:53.581,0.85357,0.85365,1.50,1.00
2017.03.23 01:08:53.683,0.85355,0.85362,3.19,1.00
2017.03.23 01:08:54.189,0.85356,0.85363,1.00,1.12
2017.03.23 01:08:55.172,0.85355,0.85363,1.50,1.12
2017.03.23 01:08:57.602,0.85356,0.85363,1.00,1.12
2017.03.23 01:09:00.212,0.85356,0.85364,1.00,1.00
2017.03.23 01:09:00.801,0.85356,0.85363,1.00,1.00
2017.03.23 01:09:04.045,0.85357,0.85363,1.00,1.00
2017.03.23 01:09:04.096,0.85357,0.85365,1.00,1.00
2017.03.23 01:09:08.248,0.85356,0.85365,1.69,1.00
2017.03.23 01:09:08.657,0.8536,0.85366,1.00,1.00
2017.03.23 01:09:09.241,0.8536,0.85367,1.00,1.87
2017.03.23 01:09:09.895,0.8536,0.85366,1.00,1.00
2017.03.23 01:09:11.389,0.8536,0.85367,1.00,1.87
2017.03.23 01:09:11.440,0.85358,0.85367,1.00,1.12
2017.03.23 01:09:14.753,0.8536,0.85367,1.00,1.87
2017.03.23 01:09:16.811,0.85361,0.85368,1.00,3.00
2017.03.23 01:09:16.912,0.85361,0.85369,1.00,1.50
2017.03.23 01:09:17.065,0.85363,0.85371,1.00,1.00
2017.03.23 01:09:17.674,0.85363,0.8537,1.00,1.00
2017.03.23 01:09:21.435,0.85362,0.85369,1.00,1.00
2017.03.23 01:09:22.881,0.85361,0.85368,1.00,1.00
2017.03.23 01:09:23.033,0.85359,0.85368,1.00,2.62
2017.03.23 01:09:23.084,0.85359,0.85366,1.00,1.00
2017.03.23 01:09:27.497,0.85358,0.85362,1.00,1.00
2017.03.23 01:09:27.599,0.85356,0.85362,1.12,1.00
2017.03.23 01:09:28.176,0.85356,0.85361,1.00,1.00
2017.03.23 01:09:28.328,0.85354,0.85361,1.00,1.00
2017.03.23 01:09:28.717,0.85355,0.85364,1.00,3.00
2017.03.23 01:09:29.157,0.85353,0.85362,1.00,1.50
2017.03.23 01:09:29.677,0.85353,0.85361,1.00,1.00
2017.03.23 01:09:31.390,0.85355,0.85361,1.00,1.00
2017.03.23 01:09:32.556,0.85354,0.85361,1.00,1.00
2017.03.23 01:09:33.061,0.85354,0.8536,1.00,1.25
2017.03.23 01:09:33.595,0.85353,0.8536,1.00,1.31
2017.03.23 01:09:33.915,0.85356,0.85362,1.00,1.25
2017.03.23 01:09:34.444,0.85356,0.85364,1.00,1.37
2017.03.23 01:09:34.955,0.85357,0.85364,1.00,1.37
2017.03.23 01:09:35.576,0.85358,0.85364,1.00,1.37
2017.03.23 01:09:35.677,0.85359,0.85365,1.00,1.12
2017.03.23 01:09:36.589,0.85358,0.85365,1.00,1.87
2017.03.23 01:09:37.110,0.85357,0.85364,1.00,1.50
2017.03.23 01:09:37.718,0.85357,0.85363,1.00,1.00
2017.03.23 01:09:38.243,0.85356,0.85364,1.00,4.50
2017.03.23 01:09:38.788,0.85356,0.85364,1.00,3.37
2017.03.23 01:09:39.476,0.85356,0.85363,1.00,1.00
2017.03.23 01:09:39.756,0.85354,0.85359,1.00,1.00
2017.03.23 01:09:42.361,0.85354,0.85359,1.00,1.18
2017.03.23 01:09:42.894,0.85353,0.85359,1.00,1.18
2017.03.23 01:09:43.434,0.85353,0.85359,1.00,1.24
2017.03.23 01:09:44.363,0.85354,0.85359,1.00,1.00
2017.03.23 01:09:44.919,0.85352,0.85356,1.00,1.00
2017.03.23 01:09:44.970,0.85348,0.85354,1.12,1.00
2017.03.23 01:09:45.071,0.85349,0.85356,1.00,1.50
2017.03.23 01:09:45.173,0.85351,0.85358,1.00,2.25
2017.03.23 01:09:45.375,0.85353,0.85358,1.00,1.12
2017.03.23 01:09:45.593,0.8535,0.85358,1.00,1.50
2017.03.23 01:09:46.145,0.85349,0.85358,1.00,2.25
2017.03.23 01:09:47.530,0.85349,0.85357,1.00,1.00
2017.03.23 01:09:47.789,0.85352,0.85357,1.00,1.00
2017.03.23 01:09:48.328,0.85352,0.85358,1.00,1.12
2017.03.23 01:09:50.749,0.85352,0.85359,1.00,1.87
2017.03.23 01:09:51.585,0.85351,0.85358,1.00,1.50
2017.03.23 01:09:52.402,0.8535,0.85358,1.00,1.00
2017.03.23 01:09:52.705,0.8535,0.85356,1.00,1.00
2017.03.23 01:09:53.376,0.8535,0.85359,1.00,1.50
2017.03.23 01:09:53.427,0.85354,0.8536,1.00,4.50
2017.03.23 01:09:53.933,0.85354,0.85361,1.00,2.25
2017.03.23 01:09:54.540,0.85354,0.85359,1.00,1.00
2017.03.23 01:09:54.591,0.85351,0.85359,1.00,1.00
2017.03.23 01:09:55.071,0.8535,0.85357,1.00,1.00
2017.03.23 01:09:55.375,0.85352,0.85359,1.00,1.00
2017.03.23 01:09:56.411,0.8535,0.85359,1.50,1.50
2017.03.23 01:09:57.048,0.85353,0.85359,1.00,1.12
2017.03.23 01:09:57.603,0.85353,0.8536,1.00,1.00
2017.03.23 01:10:01.605,0.85352,0.85359,1.00,1.00
2017.03.23 01:10:02.359,0.85349,0.85358,1.00,1.50
2017.03.23 01:10:02.460,0.85347,0.85356,2.25,1.00
2017.03.23 01:10:03.029,0.85349,0.85358,1.00,1.00
2017.03.23 01:10:03.080,0.85351,0.85358,1.00,1.00
2017.03.23 01:10:03.589,0.85351,0.85359,1.00,1.00
2017.03.23 01:10:03.894,0.85354,0.8536,1.00,1.00
2017.03.23 01:10:04.046,0.85355,0.85362,1.00,1.12
2017.03.23 01:10:04.589,0.85354,0.85361,1.00,1.12
2017.03.23 01:10:05.528,0.85353,0.85361,1.00,1.12
2017.03.23 01:10:06.062,0.85352,0.85361,1.00,2.62
2017.03.23 01:10:06.461,0.85351,0.85359,1.12,1.00
2017.03.23 01:10:06.774,0.85349,0.85356,1.00,1.00
2017.03.23 01:10:07.245,0.85346,0.85355,1.00,1.00
2017.03.23 01:10:07.296,0.85349,0.85354,1.00,1.00
2017.03.23 01:10:07.347,0.85345,0.85354,1.00,1.50
2017.03.23 01:10:07.499,0.85347,0.85356,1.00,3.37
2017.03.23 01:10:07.803,0.85342,0.8535,1.12,1.00
2017.03.23 01:10:08.107,0.85344,0.85351,1.00,1.50
2017.03.23 01:10:08.463,0.85342,0.85351,1.50,1.00
2017.03.23 01:10:08.514,0.85342,0.85349,1.00,1.50
2017.03.23 01:10:08.718,0.85337,0.85346,1.00,1.00
2017.03.23 01:10:09.955,0.85339,0.85347,1.50,1.37
2017.03.23 01:10:10.056,0.85339,0.85349,2.25,2.62
2017.03.23 01:10:10.563,0.85339,0.85349,2.25,1.00
2017.03.23 01:10:12.621,0.8534,0.85349,1.00,1.00
2017.03.23 01:10:13.686,0.8534,0.8535,1.50,1.12
2017.03.23 01:10:14.234,0.85341,0.8535,1.00,1.37
2017.03.23 01:10:17.658,0.85341,0.8535,1.31,1.37
2017.03.23 01:10:18.805,0.85341,0.8535,1.00,1.87
2017.03.23 01:10:19.692,0.8534,0.85349,1.00,1.87
2017.03.23 01:10:20.211,0.85341,0.85349,1.00,1.50
2017.03.23 01:10:23.518,0.85342,0.85349,1.00,1.00
2017.03.23 01:10:24.127,0.85342,0.85351,1.00,2.62
2017.03.23 01:10:26.186,0.85344,0.85351,1.00,2.62
2017.03.23 01:10:28.466,0.85344,0.85351,1.00,1.00
2017.03.23 01:10:29.108,0.85344,0.85352,1.00,1.12
2017.03.23 01:10:31.512,0.85341,0.8535,1.50,2.25
2017.03.23 01:10:32.616,0.85341,0.85346,1.00,1.00
2017.03.23 01:10:32.718,0.85338,0.85346,1.12,1.50
2017.03.23 01:10:36.851,0.85338,0.85347,1.12,1.50
2017.03.23 01:10:36.953,0.85341,0.85348,1.00,1.87
2017.03.23 01:10:37.207,0.85344,0.85353,1.00,3.37
2017.03.23 01:10:37.467,0.85345,0.85354,1.00,1.00
2017.03.23 01:10:37.823,0.85347,0.85354,1.00,2.25
2017.03.23 01:10:39.427,0.85346,0.85352,1.00,1.00
2017.03.23 01:10:39.782,0.85343,0.85351,1.69,1.00
2017.03.23 01:10:40.815,0.85343,0.85353,1.69,2.62
2017.03.23 01:10:41.697,0.85343,0.85352,1.00,1.12
2017.03.23 01:10:42.213,0.85344,0.85351,1.00,1.12
2017.03.23 01:10:48.173,0.85343,0.85351,1.00,1.00
2017.03.23 01:10:54.896,0.85345,0.85351,1.00,1.12
2017.03.23 01:10:55.402,0.85346,0.85352,1.00,1.12
2017.03.23 01:10:56.872,0.85344,0.85352,1.00,1.87
2017.03.23 01:10:57.515,0.85343,0.85352,1.00,1.50
2017.03.23 01:10:59.145,0.85342,0.85349,1.12,1.00
2017.03.23 01:10:59.398,0.85339,0.85348,2.25,1.87
2017.03.23 01:10:59.940,0.85341,0.85348,1.00,1.37
2017.03.23 01:11:00.345,0.85338,0.85346,1.00,1.37
2017.03.23 01:11:00.853,0.85338,0.85347,1.00,2.25
2017.03.23 01:11:01.749,0.85338,0.85346,1.00,1.12
2017.03.23 01:11:02.590,0.85338,0.85346,1.00,1.50
2017.03.23 01:11:03.094,0.85337,0.85346,1.00,1.75
2017.03.23 01:11:04.111,0.85337,0.85346,1.00,1.50
2017.03.23 01:11:04.510,0.85341,0.85346,1.00,1.50
2017.03.23 01:11:04.612,0.85338,0.85346,1.00,1.00
2017.03.23 01:11:04.663,0.8534,0.85348,1.00,2.25
2017.03.23 01:11:04.966,0.85342,0.85348,1.00,1.00
2017.03.23 01:11:05.431,0.85345,0.85351,1.00,1.87
2017.03.23 01:11:05.533,0.85346,0.85352,1.00,1.37
2017.03.23 01:11:05.636,0.85347,0.85355,1.00,1.37
2017.03.23 01:11:05.737,0.85348,0.85356,1.00,1.50
2017.03.23 01:11:07.636,0.85348,0.85357,1.00,1.00
2017.03.23 01:11:07.738,0.85352,0.85359,1.00,1.00
2017.03.23 01:11:08.078,0.85354,0.8536,1.00,1.00
2017.03.23 01:11:08.584,0.85354,0.85361,1.00,1.50
2017.03.23 01:11:09.116,0.85355,0.85362,1.00,1.12
2017.03.23 01:11:09.420,0.85353,0.85361,1.00,1.00
2017.03.23 01:11:09.925,0.85353,0.8536,1.00,1.00
2017.03.23 01:11:10.326,0.85351,0.8536,1.00,1.00
2017.03.23 01:11:10.904,0.85353,0.8536,1.00,1.00
2017.03.23 01:11:12.811,0.85352,0.85359,1.00,1.00
2017.03.23 01:11:12.862,0.85352,0.85361,1.00,3.00
2017.03.23 01:11:12.914,0.85354,0.85362,1.50,1.00
2017.03.23 01:11:13.265,0.85356,0.85363,1.00,1.50
2017.03.23 01:11:15.838,0.85357,0.85365,1.00,1.87
2017.03.23 01:11:20.126,0.85359,0.85367,1.00,1.12
2017.03.23 01:11:20.640,0.8536,0.85367,1.00,1.00
2017.03.23 01:11:21.678,0.85361,0.85367,1.00,1.00
2017.03.23 01:11:21.997,0.85365,0.85369,1.00,1.50
2017.03.23 01:11:22.099,0.85368,0.85373,1.00,1.00
2017.03.23 01:11:22.626,0.85368,0.85374,1.00,1.00
2017.03.23 01:11:23.131,0.85369,0.85375,1.00,1.87
2017.03.23 01:11:24.777,0.85371,0.85376,1.00,1.62
2017.03.23 01:11:24.980,0.85369,0.85377,1.00,1.00
2017.03.23 01:11:25.483,0.85369,0.85376,1.00,1.12
2017.03.23 01:11:26.092,0.85368,0.85376,1.00,1.12
2017.03.23 01:11:26.388,0.8537,0.85376,1.00,1.12
2017.03.23 01:11:26.902,0.8537,0.85378,1.00,1.37
2017.03.23 01:11:27.408,0.85371,0.85377,1.00,1.12
2017.03.23 01:11:27.734,0.85373,0.85378,1.00,1.00
2017.03.23 01:11:28.595,0.85375,0.8538,1.00,1.12
2017.03.23 01:11:28.747,0.85376,0.85382,1.00,1.00
2017.03.23 01:11:29.274,0.85377,0.85382,1.00,1.00
2017.03.23 01:11:30.088,0.85374,0.8538,1.00,1.00
2017.03.23 01:11:31.573,0.85374,0.85378,1.00,1.00
2017.03.23 01:11:31.624,0.85372,0.85379,1.00,1.00
2017.03.23 01:11:32.167,0.85372,0.8538,1.00,1.12
2017.03.23 01:11:32.714,0.85373,0.8538,1.00,2.25
2017.03.23 01:11:36.192,0.85373,0.85379,1.00,1.00
2017.03.23 01:11:36.243,0.85369,0.85374,1.00,1.50
2017.03.23 01:11:36.346,0.85366,0.85372,1.00,1.00
2017.03.23 01:11:36.877,0.85365,0.85372,1.00,1.00
2017.03.23 01:11:38.414,0.85362,0.85371,1.00,1.00
2017.03.23 01:11:38.955,0.85361,0.8537,1.00,1.00
2017.03.23 01:11:39.259,0.85361,0.85368,1.00,1.00
2017.03.23 01:11:39.310,0.85359,0.85368,1.12,1.50
2017.03.23 01:11:39.411,0.85357,0.85365,1.87,1.00
2017.03.23 01:11:39.984,0.85357,0.85365,1.50,1.00
2017.03.23 01:11:40.137,0.85358,0.85367,1.00,1.12
2017.03.23 01:11:41.472,0.85358,0.85368,1.00,1.50
2017.03.23 01:11:42.593,0.8536,0.85369,1.00,2.62
2017.03.23 01:11:42.897,0.85358,0.85367,1.50,1.00
2017.03.23 01:11:43.049,0.85356,0.85366,1.50,1.00
2017.03.23 01:11:43.454,0.85356,0.85363,1.50,1.00
2017.03.23 01:11:43.973,0.85356,0.85364,1.00,1.00
2017.03.23 01:11:44.276,0.85356,0.85366,1.69,1.87
2017.03.23 01:11:44.378,0.85355,0.85364,1.87,1.00
2017.03.23 01:11:44.530,0.85354,0.85363,1.00,1.50
2017.03.23 01:11:44.581,0.85354,0.85361,1.50,1.00
2017.03.23 01:11:45.099,0.85353,0.85362,1.00,1.50
2017.03.23 01:11:45.738,0.85354,0.85361,1.00,1.00
2017.03.23 01:11:46.581,0.85353,0.85361,1.50,1.00
2017.03.23 01:11:52.558,0.85353,0.85362,1.50,1.50
2017.03.23 01:11:55.293,0.85352,0.85361,1.12,1.00
2017.03.23 01:11:55.983,0.85351,0.8536,1.69,1.50
2017.03.23 01:11:56.316,0.85352,0.85361,2.81,1.00
2017.03.23 01:11:57.033,0.85352,0.8536,2.06,1.00
2017.03.23 01:11:59.380,0.85351,0.8536,2.44,1.00
2017.03.23 01:12:01.122,0.85353,0.8536,1.00,1.00
2017.03.23 01:12:01.469,0.85355,0.85362,1.00,1.00
2017.03.23 01:12:02.018,0.85356,0.85363,1.00,1.10
2017.03.23 01:12:02.355,0.85358,0.85364,1.00,1.20
2017.03.23 01:12:02.862,0.85357,0.85363,1.00,1.00
2017.03.23 01:12:03.420,0.85357,0.85362,1.00,1.00
2017.03.23 01:12:05.272,0.85359,0.85363,1.00,1.00
2017.03.23 01:12:05.374,0.85359,0.85365,1.00,1.87
2017.03.23 01:12:05.880,0.85358,0.85365,1.06,1.50
2017.03.23 01:12:06.524,0.85357,0.85364,1.31,1.00
2017.03.23 01:12:07.462,0.85359,0.85366,1.00,3.75
2017.03.23 01:12:07.564,0.85362,0.85368,1.00,1.87
2017.03.23 01:12:08.070,0.85361,0.85369,1.06,1.12
2017.03.23 01:12:08.577,0.85362,0.8537,1.00,1.50
2017.03.23 01:12:08.937,0.85361,0.85367,1.00,1.00
2017.03.23 01:12:12.522,0.85361,0.85365,1.00,1.00
2017.03.23 01:12:12.708,0.85359,0.85365,1.00,1.00
2017.03.23 01:12:12.910,0.85361,0.85366,1.00,1.00
2017.03.23 01:12:13.163,0.85359,0.85365,1.00,1.00
2017.03.23 01:12:13.790,0.85358,0.85365,1.00,1.00
2017.03.23 01:12:13.942,0.85358,0.85362,1.00,1.00
2017.03.23 01:12:14.347,0.85356,0.85361,1.00,1.00
2017.03.23 01:12:14.874,0.85355,0.85361,1.00,1.00
2017.03.23 01:12:15.384,0.85354,0.85361,1.00,1.00
2017.03.23 01:12:15.689,0.85352,0.85359,1.00,1.00
2017.03.23 01:12:16.193,0.85351,0.85359,1.00,1.00
2017.03.23 01:12:16.497,0.8535,0.85357,1.00,1.00
2017.03.23 01:12:20.088,0.85349,0.85356,1.00,1.50
2017.03.23 01:12:20.241,0.85346,0.85354,1.00,1.00
2017.03.23 01:12:20.761,0.85346,0.85355,1.00,1.00
2017.03.23 01:12:22.274,0.85349,0.85356,1.00,1.12
2017.03.23 01:12:25.281,0.85346,0.85354,1.00,1.50
2017.03.23 01:12:25.382,0.85345,0.85352,1.00,1.00
2017.03.23 01:12:25.684,0.85343,0.85351,1.00,1.00
2017.03.23 01:12:26.183,0.85342,0.85348,1.00,1.00
2017.03.23 01:12:26.590,0.85343,0.85351,1.00,1.37
2017.03.23 01:12:27.105,0.85343,0.85351,1.00,1.00
2017.03.23 01:12:27.686,0.85343,0.85352,1.00,1.12
2017.03.23 01:12:27.904,0.85343,0.85351,1.00,1.50
2017.03.23 01:12:28.435,0.85342,0.8535,1.00,1.12
2017.03.23 01:12:29.007,0.85341,0.8535,1.00,1.50
2017.03.23 01:12:29.516,0.85342,0.85349,1.00,1.50
2017.03.23 01:12:29.820,0.85344,0.8535,1.00,1.50
2017.03.23 01:12:30.329,0.85344,0.8535,1.00,1.00
2017.03.23 01:12:31.040,0.85344,0.85351,1.00,1.12
2017.03.23 01:12:31.637,0.85343,0.85351,1.00,2.25
2017.03.23 01:12:32.198,0.85344,0.85351,1.00,1.50
2017.03.23 01:12:32.452,0.85345,0.85352,1.00,1.50
2017.03.23 01:12:32.654,0.85344,0.8535,1.00,1.00
2017.03.23 01:12:32.756,0.85342,0.8535,1.00,1.00
2017.03.23 01:12:32.808,0.85342,0.85348,1.00,1.00
2017.03.23 01:12:33.012,0.8534,0.85347,1.00,1.00
2017.03.23 01:12:33.064,0.85338,0.85345,1.00,1.50
2017.03.23 01:12:33.369,0.85342,0.85346,1.00,1.00
2017.03.23 01:12:33.521,0.85343,0.85348,1.00,1.00
2017.03.23 01:12:33.673,0.85343,0.85351,1.00,1.00
2017.03.23 01:12:35.768,0.85343,0.85349,1.00,1.00
2017.03.23 01:12:37.157,0.85344,0.85349,1.00,1.00
2017.03.23 01:12:37.208,0.85346,0.85352,1.00,1.50
2017.03.23 01:12:37.438,0.85347,0.85354,1.50,1.87
2017.03.23 01:12:37.979,0.85346,0.85355,1.00,1.87
2017.03.23 01:12:38.528,0.85346,0.85354,1.00,1.00
2017.03.23 01:12:39.138,0.85346,0.85353,1.00,1.00
2017.03.23 01:12:41.727,0.85347,0.85354,1.00,1.00
2017.03.23 01:12:42.283,0.85347,0.85355,1.00,1.12
2017.03.23 01:12:42.586,0.85345,0.85354,1.00,1.00
2017.03.23 01:12:43.310,0.85344,0.85354,1.87,1.00
2017.03.23 01:12:43.866,0.85344,0.85353,1.12,1.00
2017.03.23 01:12:43.918,0.85344,0.85355,1.37,1.12
2017.03.23 01:12:44.447,0.85346,0.85354,1.12,1.00
2017.03.23 01:12:44.776,0.85347,0.85356,1.50,1.00
2017.03.23 01:12:44.979,0.85348,0.85358,1.00,1.87
2017.03.23 01:12:45.282,0.85347,0.85356,1.00,1.00
2017.03.23 01:12:45.841,0.85348,0.85356,1.50,1.12
2017.03.23 01:12:47.500,0.85348,0.85356,1.87,1.12
2017.03.23 01:12:47.753,0.8535,0.85358,1.00,1.00
2017.03.23 01:12:49.452,0.85351,0.85358,1.00,1.00
2017.03.23 01:12:49.837,0.85349,0.85359,1.00,2.25
2017.03.23 01:12:51.211,0.8535,0.85357,1.00,1.50
2017.03.23 01:12:51.262,0.85348,0.85357,1.00,1.00
2017.03.23 01:12:51.767,0.85349,0.85357,1.50,1.12
2017.03.23 01:12:52.121,0.85347,0.85355,1.12,1.00
2017.03.23 01:12:52.275,0.85346,0.85357,1.69,1.87
2017.03.23 01:12:52.517,0.85346,0.85353,1.00,1.00
2017.03.23 01:12:52.972,0.85344,0.85354,1.50,1.87
2017.03.23 01:12:53.478,0.85343,0.85353,1.69,1.00
2017.03.23 01:12:54.075,0.85344,0.85354,1.00,1.87
2017.03.23 01:12:55.546,0.85343,0.85352,1.86,1.00
2017.03.23 01:12:58.008,0.85342,0.85352,1.86,2.25
2017.03.23 01:12:58.312,0.85343,0.8535,1.00,1.00
2017.03.23 01:13:01.106,0.85343,0.85352,1.00,1.00
2017.03.23 01:13:01.623,0.85344,0.85354,1.00,1.50
2017.03.23 01:13:01.724,0.85346,0.85353,1.00,1.00
2017.03.23 01:13:02.167,0.85343,0.85352,1.31,1.00
2017.03.23 01:13:02.695,0.85342,0.85352,1.00,1.50
2017.03.23 01:13:02.797,0.8534,0.8535,4.30,1.50
2017.03.23 01:13:03.000,0.85339,0.85349,1.31,1.00
2017.03.23 01:13:03.203,0.85338,0.85347,1.69,1.00
2017.03.23 01:13:03.457,0.85337,0.85346,1.00,1.00
2017.03.23 01:13:03.765,0.85335,0.85344,1.00,1.50
2017.03.23 01:13:04.070,0.85334,0.85342,1.06,1.00
2017.03.23 01:13:04.230,0.85335,0.85344,1.00,1.12
2017.03.23 01:13:04.745,0.85336,0.85344,1.06,1.87
2017.03.23 01:13:05.409,0.85337,0.85345,1.00,1.50
2017.03.23 01:13:06.094,0.85337,0.85345,1.31,1.50
2017.03.23 01:13:06.195,0.85336,0.85345,1.06,1.50
2017.03.23 01:13:06.995,0.85336,0.85344,1.00,1.00
2017.03.23 01:13:07.533,0.85335,0.85343,1.00,1.00
2017.03.23 01:13:07.897,0.85333,0.85341,1.37,1.00
2017.03.23 01:13:07.998,0.85332,0.8534,1.50,1.00
2017.03.23 01:13:08.466,0.85332,0.85338,1.50,1.00
2017.03.23 01:13:09.352,0.85333,0.85338,1.00,1.00
2017.03.23 01:13:09.403,0.85332,0.8534,1.00,1.00
2017.03.23 01:13:10.420,0.85328,0.85336,3.19,1.00
2017.03.23 01:13:10.724,0.85327,0.85334,1.50,1.00
2017.03.23 01:13:11.694,0.85329,0.85334,1.00,1.00
2017.03.23 01:13:11.745,0.85329,0.85336,1.00,1.00
2017.03.23 01:13:12.673,0.85329,0.85335,1.00,1.00
2017.03.23 01:13:12.876,0.85327,0.85335,1.31,1.00
2017.03.23 01:13:13.860,0.85327,0.85334,1.00,1.00
2017.03.23 01:13:13.962,0.85325,0.85333,2.29,1.00
2017.03.23 01:13:14.064,0.85323,0.8533,4.54,1.00
2017.03.23 01:13:14.115,0.85323,0.85329,1.00,1.00
2017.03.23 01:13:14.240,0.85321,0.85329,2.48,1.00
2017.03.23 01:13:14.444,0.85324,0.85334,1.50,1.12
2017.03.23 01:13:15.003,0.85324,0.85333,1.62,1.00
2017.03.23 01:13:15.476,0.85324,0.85331,1.37,1.00
2017.03.23 01:13:15.578,0.85323,0.85331,1.87,1.00
2017.03.23 01:13:16.945,0.85324,0.85331,1.00,1.00
2017.03.23 01:13:17.490,0.85325,0.85331,1.00,1.00
2017.03.23 01:13:18.014,0.85325,0.8533,1.00,1.00
2017.03.23 01:13:18.293,0.85323,0.8533,1.50,1.00
2017.03.23 01:13:20.092,0.85325,0.85333,1.00,1.50
2017.03.23 01:13:20.601,0.85326,0.85335,1.00,1.87
2017.03.23 01:13:21.145,0.85326,0.85336,1.50,1.87
2017.03.23 01:13:21.912,0.85328,0.85335,1.00,1.12
2017.03.23 01:13:22.668,0.85328,0.85337,1.50,1.50
2017.03.23 01:13:23.180,0.85329,0.85337,1.00,1.00
2017.03.23 01:13:23.699,0.85327,0.85337,1.50,1.00
2017.03.23 01:13:25.355,0.85327,0.85336,1.00,1.00
2017.03.23 01:13:25.677,0.85325,0.85334,1.50,1.00
2017.03.23 01:13:25.982,0.85325,0.85332,1.00,1.00
2017.03.23 01:13:26.491,0.85325,0.85333,1.00,1.00
2017.03.23 01:13:27.060,0.85324,0.85333,1.00,1.50
2017.03.23 01:13:27.594,0.85325,0.85333,1.00,1.00
2017.03.23 01:13:27.695,0.85323,0.85333,2.25,1.00
2017.03.23 01:13:28.403,0.85324,0.85334,1.00,1.00
2017.03.23 01:13:28.959,0.85324,0.85333,1.00,1.00
2017.03.23 01:13:29.111,0.85326,0.85333,1.00,1.00
2017.03.23 01:13:29.704,0.85326,0.85334,1.50,1.00
2017.03.23 01:13:31.091,0.85327,0.85334,1.00,1.00
2017.03.23 01:13:31.448,0.85327,0.85336,1.00,1.50
2017.03.23 01:13:32.322,0.85328,0.85336,1.00,1.50
2017.03.23 01:13:32.949,0.85326,0.85336,1.50,1.50
2017.03.23 01:13:33.001,0.85325,0.85333,2.25,1.00
2017.03.23 01:13:33.504,0.85325,0.85332,1.00,1.00
2017.03.23 01:13:34.004,0.85323,0.85332,1.50,1.00
2017.03.23 01:13:35.858,0.85324,0.85332,1.00,1.00
2017.03.23 01:13:36.365,0.85323,0.85332,1.00,1.00
2017.03.23 01:13:36.908,0.85323,0.85333,2.25,1.00
2017.03.23 01:13:37.262,0.85324,0.85331,1.00,1.00
2017.03.23 01:13:37.415,0.85322,0.85331,1.00,1.00
2017.03.23 01:13:37.820,0.85324,0.85332,1.00,1.00
2017.03.23 01:13:38.183,0.85324,0.8533,1.00,1.00
2017.03.23 01:13:39.307,0.85323,0.8533,1.50,1.00
2017.03.23 01:13:40.284,0.85323,0.85331,1.00,1.00
2017.03.23 01:13:40.588,0.85322,0.85329,1.50,1.00
2017.03.23 01:13:40.970,0.85324,0.85329,1.00,1.00
2017.03.23 01:13:41.346,0.85322,0.85329,1.50,1.00
2017.03.23 01:13:41.722,0.85322,0.85331,1.50,1.00
2017.03.23 01:13:42.160,0.85325,0.85332,1.00,1.00
2017.03.23 01:13:43.244,0.85328,0.85334,1.00,2.25
2017.03.23 01:13:43.548,0.85326,0.85331,1.00,1.00
2017.03.23 01:13:43.717,0.85324,0.85331,1.12,1.00
2017.03.23 01:13:43.921,0.85322,0.8533,3.00,1.00
2017.03.23 01:13:45.443,0.85321,0.8533,2.62,1.00
2017.03.23 01:13:45.989,0.85321,0.85329,1.50,1.00
2017.03.23 01:13:47.531,0.85319,0.85328,3.75,1.00
2017.03.23 01:13:47.633,0.85319,0.85329,1.00,1.50
2017.03.23 01:13:47.736,0.85322,0.8533,1.87,1.00
2017.03.23 01:13:48.045,0.85326,0.85334,1.06,1.00
2017.03.23 01:13:48.146,0.85326,0.85336,1.44,1.50
2017.03.23 01:13:48.628,0.85327,0.85334,1.00,1.00
2017.03.23 01:13:48.679,0.85327,0.85337,1.00,1.00
2017.03.23 01:13:48.730,0.85328,0.85335,1.00,1.00
2017.03.23 01:13:48.832,0.85328,0.85337,1.00,1.50
2017.03.23 01:13:48.883,0.85328,0.85335,1.00,1.00
2017.03.23 01:13:49.206,0.85326,0.85335,1.12,1.00
2017.03.23 01:13:49.710,0.85326,0.85336,1.12,1.12
2017.03.23 01:13:50.286,0.85326,0.85334,1.12,1.00
2017.03.23 01:13:50.490,0.85323,0.85333,1.12,1.50
2017.03.23 01:13:50.845,0.85323,0.8533,1.00,1.00
2017.03.23 01:13:51.130,0.85323,0.85332,1.00,3.00
2017.03.23 01:13:51.536,0.85326,0.85334,1.00,3.45
2017.03.23 01:13:51.841,0.85331,0.85339,1.00,2.62
2017.03.23 01:13:51.942,0.85333,0.8534,1.00,1.87
2017.03.23 01:13:52.145,0.85333,0.85341,1.00,1.12
2017.03.23 01:13:52.246,0.85336,0.85343,1.00,1.87
2017.03.23 01:13:52.348,0.85336,0.85344,1.00,1.00
2017.03.23 01:13:52.603,0.85338,0.85345,1.00,1.12
2017.03.23 01:13:52.906,0.85336,0.85344,1.00,1.50
2017.03.23 01:13:53.250,0.85334,0.85344,1.00,2.25
2017.03.23 01:13:53.402,0.85336,0.85344,1.00,1.00
2017.03.23 01:13:53.908,0.85336,0.85345,1.00,1.00
2017.03.23 01:13:55.452,0.85336,0.85344,1.00,1.00
2017.03.23 01:13:56.020,0.85335,0.85343,1.00,1.00
2017.03.23 01:13:56.555,0.85334,0.85343,1.00,1.00
2017.03.23 01:13:56.858,0.85333,0.85341,1.00,1.00
2017.03.23 01:13:57.384,0.85333,0.8534,1.00,1.00
2017.03.23 01:13:58.930,0.85332,0.85342,1.00,2.62
2017.03.23 01:13:59.454,0.85333,0.85342,1.00,1.00
2017.03.23 01:14:00.053,0.85333,0.85341,1.00,1.00
2017.03.23 01:14:00.407,0.85334,0.85343,2.06,1.12
2017.03.23 01:14:00.458,0.85336,0.85343,1.06,1.12
2017.03.23 01:14:00.660,0.85335,0.85345,1.44,1.00
2017.03.23 01:14:01.021,0.85338,0.85346,1.31,1.87
2017.03.23 01:14:01.442,0.85339,0.85348,1.31,1.12
2017.03.23 01:14:01.955,0.85339,0.85349,1.31,2.25
2017.03.23 01:14:02.107,0.85341,0.8535,1.81,1.12
2017.03.23 01:14:03.464,0.85341,0.85346,1.06,1.00
2017.03.23 01:14:04.323,0.8534,0.85348,1.31,1.00
2017.03.23 01:14:04.427,0.85342,0.85351,1.44,1.00
2017.03.23 01:14:04.529,0.85343,0.85352,3.75,1.50
2017.03.23 01:14:04.786,0.85338,0.85346,4.69,1.00
2017.03.23 01:14:05.340,0.85339,0.85345,3.75,1.00
2017.03.23 01:14:05.966,0.85338,0.85345,1.25,1.00
2017.03.23 01:14:06.118,0.85337,0.85343,1.19,1.00
2017.03.23 01:14:06.169,0.85335,0.85343,3.56,1.00
2017.03.23 01:14:06.473,0.85334,0.85342,4.87,1.00
2017.03.23 01:14:07.030,0.85334,0.85342,5.81,1.00
2017.03.23 01:14:07.620,0.85334,0.8534,3.00,1.00
2017.03.23 01:14:07.822,0.85332,0.85342,2.06,1.00
2017.03.23 01:14:07.974,0.85335,0.85342,1.25,1.00
2017.03.23 01:14:08.126,0.85334,0.85344,4.69,1.00
2017.03.23 01:14:08.431,0.85333,0.85341,1.50,1.50
2017.03.23 01:14:08.685,0.85327,0.85335,1.69,1.00
2017.03.23 01:14:08.979,0.85325,0.85335,1.00,1.50
2017.03.23 01:14:09.725,0.85325,0.85332,1.00,1.00
2017.03.23 01:14:09.878,0.85325,0.85334,1.00,1.12
2017.03.23 01:14:10.282,0.85327,0.85336,1.00,1.50
2017.03.23 01:14:10.835,0.85326,0.85335,1.00,1.00
2017.03.23 01:14:11.553,0.85326,0.85334,1.00,1.00
2017.03.23 01:14:12.226,0.85326,0.85333,1.00,1.00
2017.03.23 01:14:12.683,0.85327,0.85335,1.00,1.00
2017.03.23 01:14:13.296,0.85328,0.85335,1.00,1.05
2017.03.23 01:14:15.264,0.85327,0.85334,1.00,1.00
2017.03.23 01:14:15.315,0.85325,0.85334,1.50,1.00
2017.03.23 01:14:15.417,0.85325,0.85332,1.00,1.00
2017.03.23 01:14:15.569,0.85325,0.85335,1.00,3.37
2017.03.23 01:14:16.186,0.85324,0.85333,1.00,1.00
2017.03.23 01:14:16.561,0.85326,0.85334,1.00,1.00
2017.03.23 01:14:16.713,0.85327,0.85336,1.00,1.12
2017.03.23 01:14:16.865,0.85326,0.85334,1.00,1.00
2017.03.23 01:14:17.520,0.85326,0.85333,1.00,1.00
2017.03.23 01:14:18.523,0.85325,0.85333,1.25,1.00
2017.03.23 01:14:20.215,0.85325,0.85334,1.25,1.00
2017.03.23 01:14:20.367,0.85326,0.85336,1.00,2.25
2017.03.23 01:14:20.418,0.85328,0.85335,1.00,1.00
2017.03.23 01:14:20.924,0.85328,0.85336,1.00,1.00
2017.03.23 01:14:21.465,0.85327,0.85335,1.00,1.00
2017.03.23 01:14:21.516,0.85325,0.85334,1.00,1.12
2017.03.23 01:14:21.617,0.85325,0.85332,1.00,1.00
2017.03.23 01:14:21.907,0.85325,0.85335,1.50,1.00
2017.03.23 01:14:22.805,0.85325,0.85334,1.50,1.00
2017.03.23 01:14:24.349,0.85327,0.85334,1.00,1.50
2017.03.23 01:14:24.502,0.85325,0.85334,1.00,1.00
2017.03.23 01:14:24.993,0.85327,0.85335,1.00,1.12
2017.03.23 01:14:26.711,0.85329,0.85337,1.00,1.12
2017.03.23 01:14:29.441,0.85329,0.85336,1.00,1.00
2017.03.23 01:14:31.685,0.85327,0.85333,1.25,1.00
2017.03.23 01:14:32.742,0.85324,0.85332,4.31,1.00
2017.03.23 01:14:32.793,0.85324,0.8533,1.50,1.00
2017.03.23 01:14:32.945,0.8532,0.8533,4.31,1.00
2017.03.23 01:14:32.996,0.8532,0.85327,1.94,1.00
2017.03.23 01:14:33.752,0.8532,0.85327,1.31,1.00
2017.03.23 01:14:34.959,0.85322,0.8533,1.37,1.00
2017.03.23 01:14:35.111,0.85324,0.85332,1.00,1.00
2017.03.23 01:14:35.652,0.85325,0.85333,1.00,1.00
2017.03.23 01:14:37.789,0.85325,0.85335,1.00,1.50
2017.03.23 01:14:39.911,0.85327,0.85335,1.00,1.50
2017.03.23 01:14:42.159,0.85325,0.85335,1.00,2.25
2017.03.23 01:14:42.210,0.85325,0.85333,1.00,1.00
2017.03.23 01:14:42.312,0.85323,0.85333,1.00,1.50
2017.03.23 01:14:42.842,0.85324,0.85332,1.00,1.00
2017.03.23 01:14:42.895,0.85322,0.85332,1.25,1.00
2017.03.23 01:14:43.401,0.85322,0.85331,1.00,1.00
2017.03.23 01:14:44.524,0.8532,0.85325,1.00,1.00
2017.03.23 01:14:44.576,0.85319,0.85327,1.87,1.50
2017.03.23 01:14:44.627,0.85317,0.85327,3.00,1.87
2017.03.23 01:14:44.678,0.85315,0.85325,1.69,2.25
2017.03.23 01:14:44.730,0.85316,0.85325,1.00,1.50
2017.03.23 01:14:44.832,0.85315,0.85323,1.00,1.00
2017.03.23 01:14:44.996,0.85315,0.85325,1.00,1.50
2017.03.23 01:14:45.100,0.85319,0.85327,1.00,1.87
2017.03.23 01:14:45.741,0.85321,0.85327,1.00,1.00
2017.03.23 01:14:45.913,0.85319,0.85327,1.00,1.00
2017.03.23 01:14:46.442,0.8532,0.85327,1.00,1.00
2017.03.23 01:14:47.096,0.8532,0.85328,1.37,1.00
2017.03.23 01:14:47.147,0.85322,0.8533,1.00,1.12
2017.03.23 01:14:47.249,0.85323,0.85332,1.00,1.00
2017.03.23 01:14:47.766,0.85322,0.85331,1.12,1.00
2017.03.23 01:14:48.703,0.85321,0.85328,1.00,1.00
2017.03.23 01:14:48.907,0.85319,0.85329,1.00,2.62
2017.03.23 01:14:49.009,0.85319,0.85327,1.00,1.00
2017.03.23 01:14:49.329,0.85322,0.8533,1.87,1.87
2017.03.23 01:14:49.381,0.85325,0.85333,1.37,1.12
2017.03.23 01:14:49.482,0.85327,0.85335,1.00,1.00
2017.03.23 01:14:49.890,0.85325,0.85335,1.12,1.00
2017.03.23 01:14:50.956,0.85324,0.85334,1.00,2.25
2017.03.23 01:14:51.057,0.85323,0.85331,1.00,1.00
2017.03.23 01:14:51.286,0.8532,0.8533,1.00,1.50
2017.03.23 01:14:52.618,0.8532,0.85328,1.00,1.00
2017.03.23 01:14:52.976,0.85324,0.85329,1.00,1.00
2017.03.23 01:14:53.078,0.85324,0.85331,1.00,1.00
2017.03.23 01:14:53.331,0.85325,0.85333,1.00,1.00
2017.03.23 01:14:53.433,0.85327,0.85335,1.00,1.00
2017.03.23 01:14:53.484,0.85327,0.85337,1.00,1.87
2017.03.23 01:14:53.889,0.85326,0.85334,1.00,1.00
2017.03.23 01:14:54.092,0.85324,0.85333,1.50,1.00
2017.03.23 01:14:54.599,0.85325,0.85333,1.00,1.00
2017.03.23 01:14:54.700,0.85326,0.85335,1.00,1.50
2017.03.23 01:14:55.615,0.85324,0.85332,1.50,1.00
2017.03.23 01:14:56.104,0.85322,0.85331,2.25,1.00
2017.03.23 01:14:56.155,0.85322,0.85328,1.00,1.00
2017.03.23 01:14:56.308,0.85321,0.8533,1.87,1.00
2017.03.23 01:14:56.662,0.85322,0.8533,2.81,1.00
2017.03.23 01:14:56.713,0.85323,0.85333,2.06,1.00
2017.03.23 01:14:57.228,0.85325,0.85333,1.00,1.00
2017.03.23 01:14:59.586,0.85325,0.85335,1.87,1.00
2017.03.23 01:15:00.136,0.85326,0.85336,1.00,1.00
2017.03.23 01:15:00.649,0.85327,0.85335,1.00,1.00
2017.03.23 01:15:02.924,0.85325,0.85335,1.00,1.50
2017.03.23 01:15:03.435,0.85327,0.85337,1.00,1.50
2017.03.23 01:15:03.740,0.85324,0.85332,1.00,1.00
2017.03.23 01:15:04.241,0.85325,0.85332,1.00,1.00
2017.03.23 01:15:04.292,0.85325,0.85334,1.00,1.50
2017.03.23 01:15:04.710,0.85323,0.85332,1.87,1.00
2017.03.23 01:15:05.221,0.85322,0.85332,1.12,1.50
2017.03.23 01:15:05.526,0.85324,0.85333,1.00,1.00
2017.03.23 01:15:06.117,0.85324,0.85334,1.00,1.50
2017.03.23 01:15:06.630,0.85325,0.85334,1.00,1.00
2017.03.23 01:15:07.410,0.85326,0.85334,1.00,1.00
2017.03.23 01:15:07.933,0.85325,0.85334,1.00,1.00
2017.03.23 01:15:08.441,0.85325,0.85333,1.00,1.00
2017.03.23 01:15:08.989,0.85327,0.85334,1.00,1.00
2017.03.23 01:15:10.357,0.85328,0.85334,1.00,1.00
2017.03.23 01:15:10.408,0.85329,0.85336,1.00,1.00
2017.03.23 01:15:10.958,0.8533,0.85337,1.00,1.00
2017.03.23 01:15:11.444,0.8533,0.85335,1.00,1.00
2017.03.23 01:15:11.545,0.85327,0.85334,1.00,1.00
2017.03.23 01:15:11.596,0.85329,0.85334,1.00,1.00
2017.03.23 01:15:11.647,0.85327,0.85333,1.00,1.00
2017.03.23 01:15:12.635,0.85327,0.85334,1.00,1.00
2017.03.23 01:15:13.174,0.85327,0.85333,1.00,1.00
2017.03.23 01:15:13.676,0.85327,0.85332,1.00,1.00
2017.03.23 01:15:14.321,0.85327,0.85333,1.00,1.00
2017.03.23 01:15:14.734,0.85323,0.85333,1.87,1.50
2017.03.23 01:15:15.386,0.85323,0.85332,1.87,1.00
2017.03.23 01:15:15.437,0.85325,0.85335,1.50,1.12
2017.03.23 01:15:15.488,0.85327,0.85335,1.00,1.12
2017.03.23 01:15:15.539,0.85327,0.85337,1.12,1.00
2017.03.23 01:15:16.042,0.85327,0.85336,1.00,1.00
2017.03.23 01:15:16.585,0.85326,0.85334,1.37,1.00
2017.03.23 01:15:16.889,0.85325,0.85332,1.12,1.00
2017.03.23 01:15:17.408,0.85325,0.85333,1.50,1.00
2017.03.23 01:15:17.848,0.85327,0.85335,1.00,1.00
2017.03.23 01:15:18.854,0.8533,0.85339,1.00,1.00
2017.03.23 01:15:18.905,0.85331,0.85341,1.50,1.12
2017.03.23 01:15:18.956,0.85333,0.85343,1.50,1.50
2017.03.23 01:15:19.588,0.85334,0.85344,1.50,1.00
2017.03.23 01:15:20.093,0.85335,0.85345,2.25,1.00
2017.03.23 01:15:20.446,0.85338,0.85348,1.50,1.00
2017.03.23 01:15:20.749,0.85336,0.85346,2.62,1.00
2017.03.23 01:15:21.393,0.85336,0.85346,2.25,1.00
2017.03.23 01:15:21.647,0.85337,0.85348,1.12,1.00
2017.03.23 01:15:21.698,0.8534,0.85348,1.00,1.00
2017.03.23 01:15:21.749,0.8534,0.8535,1.00,1.00
2017.03.23 01:15:21.851,0.85342,0.85352,1.00,1.87
2017.03.23 01:15:22.356,0.85343,0.85353,1.00,1.00
2017.03.23 01:15:23.214,0.85342,0.85352,1.00,1.00
2017.03.23 01:15:23.541,0.85335,0.85345,1.87,1.50
2017.03.23 01:15:23.643,0.85334,0.85344,1.00,1.00
2017.03.23 01:15:23.795,0.85334,0.85342,1.00,1.00
2017.03.23 01:15:24.149,0.85332,0.85342,1.12,1.50
2017.03.23 01:15:24.672,0.85331,0.85341,1.00,1.00
2017.03.23 01:15:25.162,0.85333,0.85341,1.00,1.00
2017.03.23 01:15:25.314,0.85334,0.85344,1.00,1.12
2017.03.23 01:15:25.466,0.85332,0.85342,2.25,1.00
2017.03.23 01:15:25.771,0.85335,0.85343,1.50,1.69
2017.03.23 01:15:25.822,0.85334,0.85343,1.12,2.06
2017.03.23 01:15:25.974,0.85332,0.85342,1.00,1.12
2017.03.23 01:15:26.076,0.85332,0.8534,1.00,1.00
2017.03.23 01:15:26.457,0.85333,0.85343,1.00,1.12
2017.03.23 01:15:26.559,0.85335,0.85345,1.00,2.25
2017.03.23 01:15:26.660,0.85335,0.85345,1.00,1.12
2017.03.23 01:15:28.356,0.85334,0.85342,1.00,1.00
2017.03.23 01:15:28.407,0.85332,0.85342,2.25,1.00
2017.03.23 01:15:29.604,0.85331,0.85341,1.00,1.50
2017.03.23 01:15:29.796,0.85331,0.85339,1.00,1.00
2017.03.23 01:15:29.999,0.85329,0.85339,1.00,1.00
2017.03.23 01:15:31.428,0.85329,0.85339,1.50,1.00
2017.03.23 01:15:32.137,0.8533,0.85339,2.25,1.00
2017.03.23 01:15:32.646,0.8533,0.85339,1.50,1.00
2017.03.23 01:15:33.051,0.85328,0.85338,1.31,1.50
2017.03.23 01:15:33.153,0.85334,0.85341,1.12,1.00
2017.03.23 01:15:33.305,0.85334,0.85343,1.50,1.00
2017.03.23 01:15:33.406,0.85334,0.85345,2.62,1.00
2017.03.23 01:15:33.926,0.85334,0.85344,2.62,1.00
2017.03.23 01:15:34.564,0.85335,0.8534,1.00,1.00
2017.03.23 01:15:34.616,0.85333,0.85343,2.62,1.25
2017.03.23 01:15:34.667,0.85333,0.85341,1.12,1.00
2017.03.23 01:15:34.819,0.85328,0.85337,2.25,1.00
2017.03.23 01:15:35.364,0.85327,0.85337,2.62,1.00
2017.03.23 01:15:36.243,0.85327,0.85336,1.50,1.00
2017.03.23 01:15:37.731,0.85328,0.85338,1.12,1.00
2017.03.23 01:15:38.343,0.85327,0.85337,1.50,1.00
2017.03.23 01:15:40.316,0.85328,0.85338,2.44,1.00
2017.03.23 01:15:40.367,0.85331,0.85339,1.00,1.12
2017.03.23 01:15:40.693,0.85334,0.85342,1.00,1.00
2017.03.23 01:15:41.250,0.85332,0.85342,2.62,1.00
2017.03.23 01:15:41.771,0.85333,0.85343,1.12,1.00
2017.03.23 01:15:42.313,0.85334,0.85342,1.00,1.00
2017.03.23 01:15:43.989,0.85332,0.85342,1.37,1.00
2017.03.23 01:15:44.142,0.85331,0.85341,1.50,1.00
2017.03.23 01:15:45.056,0.85332,0.85341,1.00,2.25
2017.03.23 01:15:45.567,0.85331,0.85341,1.50,1.50
2017.03.23 01:15:46.156,0.85332,0.85341,1.00,1.50
2017.03.23 01:15:46.677,0.85331,0.85341,1.50,1.00
2017.03.23 01:15:47.277,0.85332,0.85341,1.00,1.00
2017.03.23 01:15:47.791,0.85333,0.85343,1.00,1.12
2017.03.23 01:15:48.925,0.85334,0.85344,1.00,1.87
2017.03.23 01:15:48.976,0.85337,0.85345,1.00,1.87
2017.03.23 01:15:49.179,0.85335,0.85345,1.50,1.50
2017.03.23 01:15:49.331,0.85337,0.85346,1.00,1.00
2017.03.23 01:15:49.635,0.85339,0.85347,1.00,1.00
2017.03.23 01:15:49.823,0.85336,0.85346,1.87,1.50
2017.03.23 01:15:49.875,0.85336,0.85344,1.12,1.00
2017.03.23 01:15:50.077,0.85336,0.85346,1.00,1.00
2017.03.23 01:15:50.532,0.85339,0.85347,1.00,1.00
2017.03.23 01:15:50.836,0.85337,0.85345,1.00,1.00
2017.03.23 01:15:52.023,0.85337,0.85347,1.00,1.00
2017.03.23 01:15:52.840,0.85337,0.85348,1.00,1.00
2017.03.23 01:15:52.942,0.85339,0.85349,1.00,1.20
2017.03.23 01:15:53.499,0.85338,0.85348,3.37,1.00
2017.03.23 01:15:54.046,0.85338,0.85348,2.62,1.00
2017.03.23 01:15:54.853,0.85339,0.85348,1.12,1.00
2017.03.23 01:15:55.637,0.85342,0.8535,1.00,1.57
2017.03.23 01:15:55.890,0.8534,0.85348,1.87,1.00
2017.03.23 01:15:56.609,0.85341,0.85348,1.00,1.00
2017.03.23 01:15:56.660,0.85341,0.8535,1.00,1.12
2017.03.23 01:15:57.216,0.8534,0.8535,2.25,1.50
2017.03.23 01:15:57.783,0.85342,0.8535,1.00,1.00
2017.03.23 01:15:58.196,0.85342,0.85348,1.12,1.00
2017.03.23 01:15:58.247,0.85339,0.85348,2.62,1.00
2017.03.23 01:15:58.349,0.85339,0.85346,1.12,1.00
2017.03.23 01:15:58.759,0.85336,0.85346,4.87,1.00
2017.03.23 01:15:59.342,0.85338,0.85346,1.00,1.00
2017.03.23 01:15:59.870,0.85337,0.85348,4.12,1.00
2017.03.23 01:15:59.921,0.85337,0.85346,2.62,1.00
2017.03.23 01:16:00.427,0.85337,0.85347,2.06,1.00
2017.03.23 01:16:00.963,0.85338,0.85348,2.62,1.00
2017.03.23 01:16:01.480,0.85339,0.85347,1.00,1.00
2017.03.23 01:16:01.935,0.85337,0.85344,1.50,1.00
2017.03.23 01:16:01.986,0.85336,0.85344,1.87,1.00
2017.03.23 01:16:03.345,0.85336,0.85346,1.50,1.00
2017.03.23 01:16:03.601,0.85339,0.85347,1.00,1.00
2017.03.23 01:16:03.796,0.8534,0.8535,1.00,1.00
2017.03.23 01:16:04.996,0.85339,0.8535,3.75,1.50
2017.03.23 01:16:05.048,0.8534,0.85348,1.00,1.00
2017.03.23 01:16:06.006,0.85339,0.85346,1.12,1.00
2017.03.23 01:16:06.330,0.85337,0.85343,1.37,1.00
2017.03.23 01:16:06.662,0.85336,0.85342,1.00,1.00
2017.03.23 01:16:07.290,0.85335,0.85342,1.00,1.00
2017.03.23 01:16:07.815,0.85334,0.85342,1.50,1.00
2017.03.23 01:16:08.285,0.85337,0.85342,1.00,1.00
2017.03.23 01:16:08.813,0.85336,0.85342,1.00,1.00
2017.03.23 01:16:09.015,0.85334,0.85342,1.50,1.00
2017.03.23 01:16:09.652,0.85335,0.85342,1.00,1.00
2017.03.23 01:16:09.905,0.85336,0.85344,1.87,1.00
2017.03.23 01:16:13.210,0.85337,0.85344,1.00,1.00
2017.03.23 01:16:13.618,0.85339,0.85345,1.00,1.00
2017.03.23 01:16:14.130,0.85339,0.85347,1.00,1.00
2017.03.23 01:16:14.332,0.8534,0.85345,1.00,1.00
2017.03.23 01:16:14.433,0.8534,0.85347,1.00,1.00
2017.03.23 01:16:14.967,0.8534,0.85346,1.00,1.00
2017.03.23 01:16:15.992,0.85339,0.85346,1.00,1.50
2017.03.23 01:16:16.498,0.85339,0.85347,1.00,1.00
2017.03.23 01:16:17.026,0.8534,0.85347,1.00,1.00
2017.03.23 01:16:17.234,0.8534,0.85345,1.00,1.00
2017.03.23 01:16:18.644,0.8534,0.85348,1.00,1.00
2017.03.23 01:16:18.695,0.85343,0.8535,1.00,2.25
2017.03.23 01:16:19.242,0.85343,0.8535,1.00,1.50
2017.03.23 01:16:19.608,0.85343,0.85348,1.00,1.00
2017.03.23 01:16:19.710,0.8534,0.85347,1.00,1.12
2017.03.23 01:16:19.862,0.8534,0.85349,1.00,1.87
2017.03.23 01:16:20.217,0.85343,0.8535,1.00,1.50
2017.03.23 01:16:20.736,0.85343,0.8535,1.00,1.00
2017.03.23 01:16:21.530,0.85343,0.85351,1.00,1.12
2017.03.23 01:16:22.064,0.85342,0.8535,1.00,1.00
2017.03.23 01:16:22.597,0.85343,0.8535,1.00,1.00
2017.03.23 01:16:23.557,0.85343,0.85351,1.00,1.87
2017.03.23 01:16:24.079,0.85343,0.85351,1.37,1.50
2017.03.23 01:16:26.430,0.85343,0.85351,1.00,1.50
2017.03.23 01:16:26.953,0.85342,0.8535,1.12,1.00
2017.03.23 01:16:28.320,0.85342,0.8535,1.37,1.00
2017.03.23 01:16:29.946,0.8534,0.85349,1.50,1.00
2017.03.23 01:16:30.452,0.85341,0.85351,1.87,1.87
2017.03.23 01:16:30.554,0.85341,0.85351,2.25,1.50
2017.03.23 01:16:32.528,0.85344,0.85351,1.00,1.00
2017.03.23 01:16:32.856,0.85341,0.85348,1.12,1.00
2017.03.23 01:16:33.159,0.85339,0.85346,1.12,1.00
2017.03.23 01:16:34.194,0.85339,0.85348,1.12,1.00
2017.03.23 01:16:34.366,0.85338,0.85344,1.12,1.00
2017.03.23 01:16:34.468,0.85336,0.85344,1.00,1.00
2017.03.23 01:16:34.569,0.85334,0.85343,1.50,1.00
2017.03.23 01:16:35.260,0.85334,0.85342,1.00,1.00
2017.03.23 01:16:38.659,0.85332,0.85341,2.25,1.00
2017.03.23 01:16:39.223,0.85331,0.8534,1.50,1.00
2017.03.23 01:16:40.093,0.85332,0.8534,1.00,1.00
2017.03.23 01:16:40.603,0.85331,0.8534,2.25,1.00
2017.03.23 01:16:41.251,0.85331,0.85339,1.50,1.00
2017.03.23 01:16:42.869,0.85331,0.85338,1.00,1.00
2017.03.23 01:16:43.379,0.8533,0.85338,3.00,1.00
2017.03.23 01:16:43.890,0.85328,0.85337,1.50,1.00
2017.03.23 01:16:43.994,0.85328,0.85335,1.00,1.00
2017.03.23 01:16:44.095,0.85326,0.85335,3.00,1.00
2017.03.23 01:16:44.197,0.85326,0.85333,2.25,1.00
2017.03.23 01:16:44.967,0.85325,0.85333,3.75,1.00
2017.03.23 01:16:45.647,0.85325,0.85333,4.12,1.00
2017.03.23 01:16:46.149,0.85325,0.85333,3.37,1.00
2017.03.23 01:16:46.502,0.85324,0.85331,1.50,1.00
2017.03.23 01:16:46.806,0.85322,0.8533,3.74,1.00
2017.03.23 01:16:47.211,0.8532,0.85329,3.00,1.00
2017.03.23 01:16:47.413,0.85318,0.85327,2.25,1.00
2017.03.23 01:16:49.809,0.85318,0.85328,1.87,1.00
2017.03.23 01:16:51.587,0.85319,0.85329,1.50,1.87
2017.03.23 01:16:52.126,0.8532,0.85328,1.00,1.00
2017.03.23 01:16:52.691,0.85321,0.85328,1.00,1.00
2017.03.23 01:16:53.194,0.85322,0.85328,1.00,1.00
2017.03.23 01:16:53.787,0.85322,0.8533,1.00,1.00
2017.03.23 01:16:54.191,0.85325,0.85331,1.00,1.00
2017.03.23 01:16:54.242,0.85325,0.85333,1.00,1.12
2017.03.23 01:16:54.797,0.85325,0.85334,1.00,1.00
2017.03.23 01:16:54.848,0.85325,0.85331,1.00,1.00
2017.03.23 01:16:54.899,0.85322,0.8533,5.87,1.00
2017.03.23 01:16:55.001,0.85322,0.85326,2.12,1.00
2017.03.23 01:16:55.203,0.85313,0.85319,1.69,1.00
2017.03.23 01:16:55.406,0.85311,0.85316,1.87,1.00
2017.03.23 01:16:55.963,0.85311,0.85315,1.00,1.00
2017.03.23 01:16:56.307,0.85308,0.85314,1.00,1.00
2017.03.23 01:16:56.435,0.8531,0.85315,1.00,1.00
2017.03.23 01:16:57.333,0.85309,0.85315,1.00,1.00
2017.03.23 01:16:57.592,0.85311,0.85318,1.00,1.00
2017.03.23 01:16:58.333,0.85312,0.85318,1.00,1.00
2017.03.23 01:16:58.586,0.85312,0.8532,1.00,1.00
2017.03.23 01:16:59.212,0.85313,0.8532,2.25,1.00
2017.03.23 01:16:59.713,0.85314,0.8532,1.00,1.00
2017.03.23 01:17:01.160,0.85314,0.85319,1.50,1.00
2017.03.23 01:17:01.666,0.85314,0.8532,1.00,1.00
2017.03.23 01:17:01.982,0.85314,0.85322,1.50,1.00
2017.03.23 01:17:02.186,0.85315,0.85324,2.25,1.12
2017.03.23 01:17:02.768,0.85315,0.85322,1.87,1.00
2017.03.23 01:17:03.376,0.85317,0.85323,1.00,1.00
2017.03.23 01:17:03.902,0.85316,0.85324,1.12,1.00
2017.03.23 01:17:04.341,0.85316,0.85322,1.12,1.00
2017.03.23 01:17:04.854,0.85315,0.85323,1.50,1.00
2017.03.23 01:17:05.171,0.85313,0.85319,1.00,1.00
2017.03.23 01:17:05.672,0.85312,0.85318,1.12,1.00
2017.03.23 01:17:06.186,0.85311,0.85317,1.00,1.00
2017.03.23 01:17:08.516,0.85311,0.85318,1.00,1.00
2017.03.23 01:17:09.065,0.85312,0.85318,1.00,1.00
2017.03.23 01:17:09.684,0.85312,0.85319,1.00,1.00
2017.03.23 01:17:09.943,0.8531,0.85319,1.87,1.00
2017.03.23 01:17:10.514,0.8531,0.85318,1.12,1.00
2017.03.23 01:17:11.172,0.85311,0.85318,1.00,1.00
2017.03.23 01:17:11.682,0.85309,0.85319,2.62,1.00
2017.03.23 01:17:11.986,0.85312,0.8532,1.00,1.00
2017.03.23 01:17:12.037,0.85312,0.85322,1.50,1.00
2017.03.23 01:17:12.088,0.85314,0.85323,1.00,1.00
2017.03.23 01:17:12.635,0.85315,0.85323,1.12,1.00
2017.03.23 01:17:15.675,0.85317,0.85325,1.00,1.87
2017.03.23 01:17:16.661,0.85318,0.85325,1.00,1.37
2017.03.23 01:17:16.965,0.85325,0.85332,1.00,1.00
2017.03.23 01:17:17.705,0.85325,0.85333,1.00,2.25
2017.03.23 01:17:18.222,0.85326,0.85332,1.00,1.00
2017.03.23 01:17:18.960,0.85328,0.85336,1.00,3.00
2017.03.23 01:17:19.062,0.85328,0.85337,1.00,1.00
2017.03.23 01:17:19.590,0.85328,0.85338,1.00,1.87
2017.03.23 01:17:20.101,0.85329,0.85338,1.00,1.12
2017.03.23 01:17:20.564,0.85333,0.8534,2.87,2.62
2017.03.23 01:17:20.615,0.85335,0.85341,1.00,1.00
2017.03.23 01:17:20.666,0.85333,0.85343,3.62,1.75
2017.03.23 01:17:20.718,0.85335,0.85343,1.00,1.12
2017.03.23 01:17:21.152,0.85337,0.85345,1.00,1.37
2017.03.23 01:17:23.802,0.85335,0.85345,1.00,2.62
2017.03.23 01:17:24.332,0.85335,0.85345,1.50,1.50
2017.03.23 01:17:24.878,0.85336,0.85344,1.00,1.50
2017.03.23 01:17:25.305,0.85335,0.85342,1.12,1.00
2017.03.23 01:17:25.736,0.85333,0.85338,1.00,1.00
2017.03.23 01:17:26.296,0.85332,0.85339,2.25,1.00
2017.03.23 01:17:27.464,0.85331,0.85337,2.25,1.00
2017.03.23 01:17:27.558,0.8533,0.85334,1.12,1.00
2017.03.23 01:17:27.660,0.85327,0.85332,1.37,1.00
2017.03.23 01:17:28.680,0.85326,0.85331,1.50,1.00
2017.03.23 01:17:28.858,0.85324,0.85328,2.12,1.00
2017.03.23 01:17:30.037,0.85323,0.85328,1.00,1.00
2017.03.23 01:17:30.721,0.85322,0.85328,2.87,1.00
2017.03.23 01:17:31.418,0.85322,0.85327,1.37,1.00
2017.03.23 01:17:36.991,0.85324,0.85328,1.00,1.00
2017.03.23 01:17:37.042,0.85325,0.8533,1.00,1.00
2017.03.23 01:17:37.547,0.85326,0.85331,2.12,1.00
2017.03.23 01:17:38.277,0.85326,0.85331,1.62,1.00
2017.03.23 01:17:38.383,0.85326,0.85333,1.62,1.00
2017.03.23 01:17:38.592,0.85328,0.85335,1.37,1.00
2017.03.23 01:17:39.181,0.85328,0.85334,1.37,1.00
2017.03.23 01:17:39.585,0.85331,0.85335,1.33,1.00
2017.03.23 01:17:39.912,0.85328,0.85334,2.50,1.00
2017.03.23 01:17:40.286,0.85328,0.85332,1.00,1.00
2017.03.23 01:17:40.438,0.85322,0.85328,1.50,1.00
2017.03.23 01:17:40.489,0.85321,0.85326,1.00,1.00
2017.03.23 01:17:41.017,0.8532,0.85326,1.00,1.00
2017.03.23 01:17:42.372,0.85319,0.85325,3.19,1.00
2017.03.23 01:17:42.878,0.85319,0.85326,1.25,1.00
2017.03.23 01:17:43.499,0.8532,0.85326,1.00,1.00
2017.03.23 01:17:43.651,0.85319,0.85323,1.00,1.00
2017.03.23 01:17:44.677,0.85319,0.85325,1.00,1.00
2017.03.23 01:17:45.314,0.8532,0.85326,1.00,1.00
2017.03.23 01:17:45.816,0.8532,0.85325,1.00,1.00
2017.03.23 01:17:46.573,0.8532,0.85324,1.00,1.00
2017.03.23 01:17:46.809,0.8532,0.85326,1.00,1.00
2017.03.23 01:17:47.321,0.85319,0.85325,1.12,1.00
2017.03.23 01:17:48.460,0.85319,0.85326,1.87,1.00
2017.03.23 01:17:49.010,0.85319,0.85325,1.87,1.00
2017.03.23 01:17:49.437,0.85317,0.85323,3.00,1.00
2017.03.23 01:17:49.488,0.85317,0.85324,1.12,1.00
2017.03.23 01:17:49.539,0.85317,0.85322,1.12,1.00
2017.03.23 01:17:50.044,0.85316,0.85322,1.12,1.00
2017.03.23 01:17:51.127,0.85317,0.85322,1.00,1.00
2017.03.23 01:17:51.817,0.85317,0.85324,1.12,1.00
2017.03.23 01:17:53.070,0.85315,0.8532,6.87,1.00
2017.03.23 01:17:53.222,0.85314,0.85318,1.00,1.00
2017.03.23 01:17:53.273,0.85312,0.85318,2.62,1.00
2017.03.23 01:17:53.325,0.85312,0.85316,1.12,1.00
2017.03.23 01:17:53.598,0.8531,0.85314,1.12,1.00
2017.03.23 01:17:54.641,0.8531,0.85314,1.00,1.00
2017.03.23 01:17:55.439,0.8531,0.85316,1.75,1.00
2017.03.23 01:17:55.490,0.8531,0.85316,1.75,1.00
2017.03.23 01:17:56.012,0.85311,0.85317,1.87,1.00
2017.03.23 01:17:56.228,0.85314,0.85319,1.00,1.00
2017.03.23 01:17:57.733,0.85315,0.85319,1.00,1.00
2017.03.23 01:17:58.553,0.85314,0.85319,2.25,1.00
2017.03.23 01:18:00.101,0.85313,0.85318,1.87,1.00
2017.03.23 01:18:00.506,0.85312,0.85317,1.00,1.00
2017.03.23 01:18:00.759,0.85311,0.85316,1.87,1.00
2017.03.23 01:18:01.266,0.85311,0.85316,2.25,1.00
2017.03.23 01:18:01.431,0.85309,0.85314,1.50,1.00
2017.03.23 01:18:01.584,0.85309,0.85315,1.12,1.00
2017.03.23 01:18:01.635,0.85309,0.85314,1.12,1.00
2017.03.23 01:18:02.163,0.85309,0.85315,1.12,1.00
2017.03.23 01:18:02.214,0.85311,0.85316,1.00,1.00
2017.03.23 01:18:02.741,0.8531,0.85317,1.50,1.00
2017.03.23 01:18:03.718,0.8531,0.85316,1.00,1.00
2017.03.23 01:18:04.285,0.85309,0.85316,2.62,1.00
2017.03.23 01:18:04.776,0.85309,0.85314,1.50,1.00
2017.03.23 01:18:05.081,0.85307,0.85312,1.00,1.00
2017.03.23 01:18:06.399,0.85306,0.8531,1.12,1.00
2017.03.23 01:18:06.450,0.85305,0.85309,1.00,1.00
2017.03.23 01:18:06.501,0.85303,0.85309,1.50,1.00
2017.03.23 01:18:07.021,0.85303,0.85308,1.00,1.00
2017.03.23 01:18:10.394,0.85302,0.85307,1.00,1.00
2017.03.23 01:18:10.899,0.85301,0.85306,1.87,1.00
2017.03.23 01:18:11.405,0.85303,0.85309,1.00,1.00
2017.03.23 01:18:11.456,0.853,0.85307,4.87,1.00
2017.03.23 01:18:12.316,0.85304,0.85309,1.00,1.00
2017.03.23 01:18:14.348,0.85303,0.85309,1.50,1.00
2017.03.23 01:18:15.288,0.85302,0.85307,2.25,1.00
2017.03.23 01:18:15.339,0.85302,0.85309,1.87,1.00
2017.03.23 01:18:15.441,0.85302,0.85307,1.12,1.00
2017.03.23 01:18:15.968,0.85301,0.85307,1.00,1.00
2017.03.23 01:18:16.722,0.853,0.85307,1.87,1.00
2017.03.23 01:18:17.246,0.853,0.85308,2.62,1.00
2017.03.23 01:18:17.538,0.853,0.8531,2.62,1.00
2017.03.23 01:18:18.181,0.85305,0.85312,1.00,1.00
2017.03.23 01:18:19.518,0.85305,0.85313,1.00,1.81
2017.03.23 01:18:19.891,0.85307,0.85315,1.00,1.50
2017.03.23 01:18:21.293,0.85306,0.85313,1.00,1.50
2017.03.23 01:18:21.344,0.85304,0.85312,1.50,1.06
2017.03.23 01:18:21.597,0.85305,0.85314,1.00,1.31
2017.03.23 01:18:21.648,0.85307,0.85314,1.00,1.00
2017.03.23 01:18:21.750,0.85307,0.85316,1.50,1.12
2017.03.23 01:18:21.801,0.85309,0.85316,1.00,1.12
2017.03.23 01:18:22.676,0.85309,0.85317,1.00,1.00
2017.03.23 01:18:24.092,0.85307,0.85314,1.00,1.00
2017.03.23 01:18:24.526,0.85309,0.85316,1.00,1.37
2017.03.23 01:18:24.577,0.85309,0.85318,1.00,2.62
2017.03.23 01:18:25.275,0.85309,0.85317,1.00,1.12
2017.03.23 01:18:25.780,0.8531,0.85318,1.00,1.00
2017.03.23 01:18:26.476,0.85312,0.85318,1.00,1.00
2017.03.23 01:18:28.551,0.85312,0.85319,1.00,1.87
2017.03.23 01:18:29.089,0.85315,0.85321,1.00,1.87
2017.03.23 01:18:29.141,0.85316,0.85323,1.00,1.87
2017.03.23 01:18:29.293,0.85316,0.85323,1.00,1.12
2017.03.23 01:18:29.803,0.85317,0.85324,1.00,1.62
2017.03.23 01:18:30.334,0.85318,0.85324,1.00,2.44
2017.03.23 01:18:34.373,0.85315,0.85325,1.00,2.25
2017.03.23 01:18:35.641,0.85315,0.85325,1.00,2.25
2017.03.23 01:18:39.237,0.85317,0.85325,1.00,1.75
2017.03.23 01:18:39.389,0.85318,0.85326,1.50,1.75
2017.03.23 01:18:40.546,0.85318,0.85328,1.00,2.19
2017.03.23 01:18:41.056,0.85319,0.85328,1.00,1.81
2017.03.23 01:18:41.293,0.85316,0.85325,4.12,1.00
2017.03.23 01:18:41.625,0.85315,0.85323,1.00,1.50
2017.03.23 01:18:42.174,0.85316,0.85323,1.00,1.50
2017.03.23 01:18:42.436,0.85317,0.85326,1.00,1.37
2017.03.23 01:18:42.961,0.85317,0.85326,1.12,1.00
2017.03.23 01:18:43.524,0.85317,0.85325,1.12,1.00
2017.03.23 01:18:44.590,0.85319,0.85326,1.50,1.00
2017.03.23 01:18:44.894,0.85321,0.85331,2.62,1.50
2017.03.23 01:18:45.486,0.85321,0.85327,1.00,1.00
2017.03.23 01:18:45.638,0.85318,0.85327,1.37,1.00
2017.03.23 01:18:46.157,0.85317,0.85327,3.37,1.00
2017.03.23 01:18:46.756,0.85318,0.85325,1.12,1.00
2017.03.23 01:18:48.475,0.85319,0.85329,1.50,1.50
2017.03.23 01:18:48.577,0.85321,0.8533,1.50,1.12
2017.03.23 01:18:48.729,0.85323,0.85333,1.00,1.87
2017.03.23 01:18:49.026,0.85325,0.85335,1.50,1.00
2017.03.23 01:18:49.566,0.85325,0.85334,1.50,1.00
2017.03.23 01:18:49.920,0.85327,0.85334,1.00,1.00
2017.03.23 01:18:50.765,0.85327,0.85333,1.00,1.00
2017.03.23 01:18:52.940,0.85325,0.85333,1.12,1.00
2017.03.23 01:18:53.294,0.85324,0.85331,1.00,1.00
2017.03.23 01:18:53.875,0.85323,0.85331,1.50,1.00
2017.03.23 01:18:54.399,0.85322,0.8533,2.25,1.00
2017.03.23 01:18:56.239,0.85323,0.8533,1.00,1.00
2017.03.23 01:18:59.486,0.85322,0.8533,1.50,1.00
2017.03.23 01:19:00.406,0.85324,0.8533,1.00,1.00
2017.03.23 01:19:00.973,0.85323,0.8533,1.00,1.00
2017.03.23 01:19:03.488,0.85324,0.8533,1.00,1.00
2017.03.23 01:19:04.690,0.85323,0.8533,1.00,1.00
2017.03.23 01:19:06.210,0.85321,0.8533,1.87,1.00
2017.03.23 01:19:06.515,0.8532,0.85328,1.00,1.00
2017.03.23 01:19:07.217,0.85321,0.85328,1.00,1.00
2017.03.23 01:19:07.729,0.8532,0.85328,1.00,1.00
2017.03.23 01:19:08.269,0.85321,0.85328,1.00,1.00
2017.03.23 01:19:09.339,0.85321,0.85331,1.50,1.00
2017.03.23 01:19:09.837,0.85324,0.85333,1.00,2.06
2017.03.23 01:19:12.427,0.85325,0.85333,1.00,1.69
2017.03.23 01:19:16.745,0.85326,0.85334,1.00,1.94
2017.03.23 01:19:16.948,0.85329,0.85337,1.00,2.06
2017.03.23 01:19:19.318,0.85329,0.85335,1.00,1.00
2017.03.23 01:19:19.853,0.85329,0.85336,1.00,1.00
2017.03.23 01:19:20.055,0.8533,0.85339,1.00,1.69
2017.03.23 01:19:20.624,0.8533,0.85339,1.00,1.00
2017.03.23 01:19:20.826,0.85329,0.85336,1.00,1.00
2017.03.23 01:19:21.131,0.8533,0.85338,1.50,1.00
2017.03.23 01:19:21.232,0.85333,0.8534,1.00,1.50
2017.03.23 01:19:21.334,0.85333,0.85341,1.00,1.87
2017.03.23 01:19:21.739,0.85333,0.85339,1.00,1.00
2017.03.23 01:19:21.790,0.85331,0.85339,1.00,1.00
2017.03.23 01:19:22.345,0.85331,0.85339,1.00,1.87
2017.03.23 01:19:22.826,0.85333,0.85339,1.00,1.37
2017.03.23 01:19:22.928,0.85333,0.85341,1.00,1.37
2017.03.23 01:19:23.501,0.85333,0.85342,1.00,1.87
2017.03.23 01:19:25.067,0.85331,0.85341,1.50,1.12
2017.03.23 01:19:25.764,0.85331,0.8534,1.00,1.00
2017.03.23 01:19:26.270,0.85332,0.8534,1.50,1.50
2017.03.23 01:19:26.855,0.85332,0.85341,1.00,1.00
2017.03.23 01:19:27.398,0.85332,0.8534,1.00,1.00
2017.03.23 01:19:35.154,0.8533,0.85338,1.50,1.00
2017.03.23 01:19:35.759,0.85329,0.85337,1.00,1.00
2017.03.23 01:19:36.232,0.85326,0.85335,1.12,1.00
2017.03.23 01:19:40.173,0.85326,0.85334,1.00,1.00
2017.03.23 01:19:40.505,0.85323,0.85333,3.75,1.50
2017.03.23 01:19:40.607,0.85322,0.85332,1.50,1.69
2017.03.23 01:19:40.709,0.85322,0.8533,1.00,1.00
2017.03.23 01:19:41.123,0.85324,0.85332,1.00,1.69
2017.03.23 01:19:42.056,0.85325,0.85332,1.00,1.25
2017.03.23 01:19:50.532,0.85326,0.85335,1.00,2.81
2017.03.23 01:19:50.717,0.85327,0.85337,1.50,2.06
2017.03.23 01:19:50.820,0.85329,0.85336,1.00,1.25
2017.03.23 01:19:51.973,0.85328,0.85336,1.00,1.25
2017.03.23 01:19:52.456,0.85326,0.85334,1.87,1.25
2017.03.23 01:19:53.070,0.85327,0.85334,1.00,1.25
2017.03.23 01:19:54.163,0.85328,0.85334,1.00,1.25
2017.03.23 01:19:54.316,0.85331,0.85339,1.00,1.19
2017.03.23 01:19:59.397,0.85331,0.85339,1.00,1.69
2017.03.23 01:20:00.061,0.8533,0.85339,1.00,1.69
2017.03.23 01:20:01.253,0.8533,0.85339,1.00,1.69
2017.03.23 01:20:01.816,0.85329,0.85338,1.00,1.25
2017.03.23 01:20:03.302,0.85329,0.85337,1.00,1.25
2017.03.23 01:20:03.837,0.85328,0.85338,1.00,2.81
2017.03.23 01:20:03.938,0.85327,0.85336,1.00,1.69
2017.03.23 01:20:04.731,0.85326,0.85334,1.00,1.00
2017.03.23 01:20:05.507,0.85324,0.85334,1.12,1.00
2017.03.23 01:20:08.460,0.85323,0.85333,1.50,1.00
2017.03.23 01:20:09.446,0.85324,0.85331,1.00,1.00
2017.03.23 01:20:10.421,0.85323,0.85331,1.00,1.00
2017.03.23 01:20:10.990,0.85321,0.85329,1.12,1.00
2017.03.23 01:20:11.243,0.85318,0.85328,1.50,1.81
2017.03.23 01:20:11.774,0.85318,0.85327,1.00,1.69
2017.03.23 01:20:11.826,0.85315,0.85325,1.50,1.00
2017.03.23 01:20:11.979,0.85314,0.85323,1.12,1.50
2017.03.23 01:20:12.283,0.8531,0.85319,1.00,1.00
2017.03.23 01:20:12.333,0.85308,0.85318,2.62,1.00
2017.03.23 01:20:12.485,0.85311,0.85319,1.00,1.00
2017.03.23 01:20:13.027,0.8531,0.85319,1.00,1.00
2017.03.23 01:20:14.135,0.85311,0.8532,1.00,1.12
2017.03.23 01:20:14.643,0.85309,0.85317,1.87,1.00
2017.03.23 01:20:14.898,0.85303,0.85312,1.87,1.00
2017.03.23 01:20:15.050,0.85305,0.85312,1.50,1.00
2017.03.23 01:20:17.386,0.85305,0.85314,1.00,1.00
2017.03.23 01:20:17.995,0.85309,0.85315,1.00,1.00
2017.03.23 01:20:18.681,0.85306,0.85314,1.00,1.00
2017.03.23 01:20:19.869,0.85308,0.85316,1.00,1.69
2017.03.23 01:20:20.464,0.85308,0.85314,1.00,1.00
2017.03.23 01:20:21.084,0.85308,0.85316,1.00,1.50
2017.03.23 01:20:21.288,0.85308,0.85314,1.00,1.00
2017.03.23 01:20:21.441,0.85308,0.85316,1.00,1.50
2017.03.23 01:20:21.644,0.85306,0.85315,1.00,1.19
2017.03.23 01:20:22.659,0.85304,0.85311,2.25,1.25
2017.03.23 01:20:24.223,0.85302,0.85308,1.50,1.25
2017.03.23 01:20:24.435,0.85298,0.85305,1.00,1.00
2017.03.23 01:20:24.487,0.85296,0.85305,1.87,1.12
2017.03.23 01:20:24.992,0.85295,0.85302,1.00,1.25
2017.03.23 01:20:26.170,0.85295,0.85303,1.00,1.00
2017.03.23 01:20:27.666,0.85296,0.85306,1.00,1.87
2017.03.23 01:20:28.164,0.85299,0.85307,1.00,2.62
2017.03.23 01:20:28.746,0.85298,0.85306,1.00,1.12
2017.03.23 01:20:29.271,0.85298,0.85305,1.00,1.50
2017.03.23 01:20:29.869,0.85296,0.85305,1.00,1.50
2017.03.23 01:20:29.920,0.85296,0.85303,1.00,1.00
2017.03.23 01:20:30.173,0.85294,0.85303,1.00,1.00
2017.03.23 01:20:31.351,0.85296,0.85303,1.00,1.00
2017.03.23 01:20:32.003,0.85294,0.853,1.00,1.00
2017.03.23 01:20:32.574,0.85293,0.853,1.00,1.00
2017.03.23 01:20:33.089,0.85294,0.85301,1.00,1.00
2017.03.23 01:20:34.080,0.85294,0.85302,1.00,1.87
2017.03.23 01:20:36.057,0.85295,0.85302,1.00,1.87
2017.03.23 01:20:38.650,0.85297,0.85302,1.00,1.12
2017.03.23 01:20:39.400,0.85294,0.853,1.12,1.00
2017.03.23 01:20:39.653,0.85296,0.85303,1.00,2.81
2017.03.23 01:20:39.755,0.85297,0.85304,1.00,2.25
2017.03.23 01:20:40.262,0.85296,0.85301,1.00,1.00
2017.03.23 01:20:40.315,0.85294,0.85301,1.00,1.00
2017.03.23 01:20:40.634,0.85296,0.85303,1.00,2.44
2017.03.23 01:20:40.969,0.85294,0.85301,1.00,1.00
2017.03.23 01:20:43.082,0.85294,0.85301,1.00,1.69
2017.03.23 01:20:44.353,0.85294,0.853,1.00,2.06
2017.03.23 01:20:44.404,0.85287,0.85297,1.50,2.81
2017.03.23 01:20:44.657,0.85285,0.85296,1.00,2.06
2017.03.23 01:20:44.708,0.85284,0.85294,2.62,1.19
2017.03.23 01:20:45.569,0.85283,0.85292,1.12,1.25
2017.03.23 01:20:46.078,0.85284,0.85292,1.00,1.25
2017.03.23 01:20:50.151,0.85281,0.8529,1.87,1.69
2017.03.23 01:20:50.253,0.85279,0.85289,2.62,1.25
2017.03.23 01:20:50.304,0.85281,0.85289,1.00,1.25
2017.03.23 01:20:50.821,0.85281,0.85289,1.00,1.19
2017.03.23 01:20:51.371,0.85282,0.8529,1.00,1.69
2017.03.23 01:20:51.725,0.8528,0.85288,1.12,1.19
2017.03.23 01:20:51.885,0.85278,0.85287,1.37,1.69
2017.03.23 01:20:51.936,0.85276,0.85286,2.25,1.19
2017.03.23 01:20:52.202,0.85279,0.85286,1.00,1.25
2017.03.23 01:20:52.505,0.85284,0.85293,1.00,1.19
2017.03.23 01:20:53.052,0.85284,0.85293,1.50,1.19
2017.03.23 01:20:53.470,0.85286,0.85294,1.00,1.19
2017.03.23 01:20:54.047,0.85283,0.85293,2.25,1.19
2017.03.23 01:20:54.627,0.85283,0.85292,1.12,1.25
2017.03.23 01:20:55.157,0.85283,0.85291,1.12,1.00
2017.03.23 01:20:55.795,0.85281,0.85288,1.87,1.00
2017.03.23 01:20:55.847,0.8528,0.8529,1.12,1.12
2017.03.23 01:20:56.429,0.85279,0.8529,1.00,2.81
2017.03.23 01:20:56.655,0.85282,0.85292,1.00,1.69
2017.03.23 01:20:57.160,0.85284,0.85293,1.00,1.00
2017.03.23 01:20:58.531,0.85283,0.85293,1.12,1.00
2017.03.23 01:20:58.935,0.85281,0.85291,3.75,1.19
2017.03.23 01:20:58.986,0.85281,0.85293,1.50,1.69
2017.03.23 01:20:59.138,0.85281,0.85292,2.25,1.19
2017.03.23 01:20:59.676,0.85281,0.85292,2.25,1.19
2017.03.23 01:21:00.021,0.85284,0.85295,1.00,4.69
2017.03.23 01:21:00.325,0.85282,0.85292,2.25,1.00
2017.03.23 01:21:00.629,0.85281,0.85287,1.12,1.00
2017.03.23 01:21:01.175,0.85281,0.85288,3.00,1.00
2017.03.23 01:21:01.713,0.8528,0.85288,2.25,1.00
2017.03.23 01:21:01.915,0.85281,0.8529,1.12,1.00
2017.03.23 01:21:02.738,0.85281,0.8529,2.25,1.00
2017.03.23 01:21:03.278,0.85281,0.8529,1.87,1.00
2017.03.23 01:21:03.809,0.85282,0.8529,1.00,1.00
2017.03.23 01:21:04.192,0.85282,0.85288,1.12,1.00
2017.03.23 01:21:04.703,0.85282,0.85289,1.00,1.00
2017.03.23 01:21:05.361,0.85281,0.85289,1.00,1.00
2017.03.23 01:21:06.559,0.85281,0.85288,1.00,1.00
2017.03.23 01:21:07.062,0.85281,0.85289,1.12,1.00
2017.03.23 01:21:08.067,0.85282,0.85289,1.00,1.00
2017.03.23 01:21:09.914,0.85282,0.85289,1.81,1.00
2017.03.23 01:21:10.219,0.85286,0.85291,1.00,1.00
2017.03.23 01:21:10.325,0.85288,0.85295,1.37,1.00
2017.03.23 01:21:10.544,0.85289,0.85296,1.12,1.00
2017.03.23 01:21:11.431,0.85287,0.85296,1.87,1.00
2017.03.23 01:21:11.584,0.85288,0.85292,1.00,1.00
2017.03.23 01:21:11.737,0.85286,0.85292,1.00,1.00
2017.03.23 01:21:12.343,0.85284,0.85292,1.12,1.00
2017.03.23 01:21:13.087,0.85284,0.85291,1.12,1.00
2017.03.23 01:21:13.151,0.85286,0.85291,1.00,1.00
2017.03.23 01:21:13.409,0.85284,0.85291,1.12,1.00
2017.03.23 01:21:13.511,0.85282,0.8529,1.00,1.00
2017.03.23 01:21:13.562,0.85282,0.85288,1.00,1.00
2017.03.23 01:21:13.815,0.85282,0.8529,1.00,1.00
2017.03.23 01:21:13.917,0.85281,0.85289,2.25,1.00
2017.03.23 01:21:14.018,0.85281,0.85289,2.25,1.00
2017.03.23 01:21:14.536,0.8528,0.85288,1.12,1.00
2017.03.23 01:21:15.617,0.85281,0.85289,1.00,1.00
2017.03.23 01:21:16.726,0.85281,0.8529,1.00,1.50
2017.03.23 01:21:17.248,0.8528,0.8529,1.12,1.25
2017.03.23 01:21:17.804,0.85281,0.85288,1.00,1.25
2017.03.23 01:21:17.855,0.85279,0.85288,1.50,1.69
2017.03.23 01:21:18.372,0.85279,0.85287,1.00,1.19
2017.03.23 01:21:19.249,0.8528,0.85287,1.50,1.00
2017.03.23 01:21:19.350,0.85281,0.8529,1.00,1.69
2017.03.23 01:21:19.401,0.85283,0.8529,1.00,1.25
2017.03.23 01:21:19.756,0.85285,0.85291,1.00,1.69
2017.03.23 01:21:19.858,0.85285,0.85292,1.00,1.00
2017.03.23 01:21:20.400,0.85285,0.85293,1.00,1.25
2017.03.23 01:21:20.937,0.85287,0.85292,1.00,1.00
2017.03.23 01:21:21.240,0.8529,0.85296,1.00,1.87
2017.03.23 01:21:21.923,0.8529,0.85296,1.00,1.00
2017.03.23 01:21:22.460,0.8529,0.85295,1.00,1.00
2017.03.23 01:21:26.418,0.85291,0.85295,1.00,1.00
2017.03.23 01:21:26.469,0.85291,0.85297,1.00,1.00
2017.03.23 01:21:26.971,0.8529,0.85296,1.00,1.00
2017.03.23 01:21:30.927,0.85289,0.85296,1.00,1.50
2017.03.23 01:21:31.428,0.85289,0.85297,1.00,1.69
2017.03.23 01:21:31.630,0.85291,0.85296,1.00,1.00
2017.03.23 01:21:32.529,0.85291,0.85295,1.00,1.00
2017.03.23 01:21:33.234,0.85291,0.85296,1.00,1.25
2017.03.23 01:21:36.897,0.8529,0.85295,1.00,1.25
2017.03.23 01:21:36.998,0.85287,0.85295,1.00,2.75
2017.03.23 01:21:37.504,0.85288,0.85294,1.00,1.00
2017.03.23 01:21:37.993,0.85286,0.85293,1.00,1.25
2017.03.23 01:21:38.095,0.85288,0.85293,1.00,1.25
2017.03.23 01:21:38.399,0.8529,0.85296,1.00,1.69
2017.03.23 01:21:40.531,0.85288,0.85296,1.00,2.00
2017.03.23 01:21:41.644,0.85289,0.85295,1.00,1.00
2017.03.23 01:21:45.176,0.85289,0.85296,1.00,1.69
2017.03.23 01:21:45.590,0.85291,0.85296,1.00,1.69
2017.03.23 01:21:45.744,0.85288,0.85295,1.00,1.19
2017.03.23 01:21:46.250,0.85287,0.85294,1.00,1.19
2017.03.23 01:21:47.759,0.85289,0.85294,1.00,1.69
2017.03.23 01:21:48.617,0.85288,0.85294,1.00,1.25
2017.03.23 01:21:49.165,0.85288,0.85295,1.00,1.25
2017.03.23 01:21:50.008,0.85288,0.85294,1.00,1.00
2017.03.23 01:21:53.184,0.85288,0.85295,1.00,1.69
2017.03.23 01:21:53.487,0.85287,0.85293,1.00,1.00
2017.03.23 01:21:55.252,0.85287,0.85294,1.00,1.69
2017.03.23 01:21:58.277,0.85287,0.85293,1.00,1.25
2017.03.23 01:21:58.329,0.85285,0.85293,1.00,1.19
2017.03.23 01:21:59.145,0.85284,0.85291,1.00,1.31
2017.03.23 01:22:02.718,0.85284,0.85289,1.00,1.00
2017.03.23 01:22:04.279,0.85283,0.85289,1.00,1.87
2017.03.23 01:22:04.381,0.8528,0.85287,1.00,1.12
2017.03.23 01:22:04.585,0.85277,0.85285,1.00,1.00
2017.03.23 01:22:05.198,0.85281,0.85287,1.00,1.00
2017.03.23 01:22:05.705,0.85282,0.85288,1.00,1.62
2017.03.23 01:22:06.611,0.85282,0.85288,1.00,2.81
2017.03.23 01:22:07.340,0.85282,0.85288,1.00,2.44
2017.03.23 01:22:07.888,0.85283,0.85288,1.00,1.37
2017.03.23 01:22:08.040,0.85285,0.85291,1.00,3.56
2017.03.23 01:22:08.705,0.85287,0.85291,1.00,1.31
2017.03.23 01:22:09.674,0.85285,0.85292,1.00,2.81
2017.03.23 01:22:10.389,0.85283,0.8529,1.00,1.31
2017.03.23 01:22:10.865,0.85282,0.85288,1.00,1.00
2017.03.23 01:22:11.371,0.85281,0.85287,1.00,1.87
2017.03.23 01:22:12.032,0.85281,0.85286,1.00,1.00
2017.03.23 01:22:13.060,0.85279,0.85286,1.00,1.00
2017.03.23 01:22:13.869,0.85279,0.85285,1.00,1.00
2017.03.23 01:22:15.825,0.85278,0.85286,1.00,1.50
2017.03.23 01:22:16.336,0.85279,0.85285,1.00,1.00
2017.03.23 01:22:18.028,0.85282,0.85289,1.00,1.62
2017.03.23 01:22:18.219,0.85283,0.85291,1.00,1.25
2017.03.23 01:22:18.321,0.85285,0.85291,1.00,1.25
2017.03.23 01:22:18.965,0.85285,0.85292,1.00,1.25
2017.03.23 01:22:20.118,0.85286,0.85293,1.00,1.12
2017.03.23 01:22:20.434,0.85289,0.85296,1.00,1.69
2017.03.23 01:22:20.940,0.85288,0.85295,1.00,1.25
2017.03.23 01:22:24.079,0.85287,0.85294,1.00,1.25
2017.03.23 01:22:25.130,0.85286,0.85293,1.00,1.00
2017.03.23 01:22:25.375,0.85283,0.85291,1.00,1.69
2017.03.23 01:22:29.138,0.85286,0.85293,1.00,1.50
2017.03.23 01:22:29.442,0.8529,0.85298,1.00,1.19
2017.03.23 01:22:29.954,0.85289,0.85298,1.00,1.19
2017.03.23 01:22:31.135,0.85291,0.85299,1.00,2.06
2017.03.23 01:22:31.436,0.85293,0.85301,1.00,1.00
2017.03.23 01:22:31.741,0.85295,0.85303,1.00,1.00
2017.03.23 01:22:32.046,0.85297,0.85306,1.50,1.12
2017.03.23 01:22:32.552,0.85297,0.85307,2.25,1.25
2017.03.23 01:22:33.074,0.85298,0.85307,1.00,1.25
2017.03.23 01:22:33.610,0.85298,0.85306,1.00,1.00
2017.03.23 01:22:33.661,0.85296,0.85304,1.87,1.00
2017.03.23 01:22:33.813,0.85294,0.85304,3.37,1.00
2017.03.23 01:22:34.645,0.85295,0.85304,1.50,1.00
2017.03.23 01:22:35.164,0.85296,0.85304,1.00,1.00
2017.03.23 01:22:36.048,0.85296,0.85305,1.50,1.00
2017.03.23 01:22:36.554,0.85297,0.85305,1.00,1.00
2017.03.23 01:22:36.766,0.85297,0.85307,2.25,1.00
2017.03.23 01:22:37.272,0.85296,0.85304,1.50,1.00
2017.03.23 01:22:37.424,0.85293,0.85302,1.37,1.00
2017.03.23 01:22:37.626,0.85292,0.85301,1.12,1.00
2017.03.23 01:22:38.401,0.85293,0.85302,1.00,1.00
2017.03.23 01:22:38.604,0.85295,0.85303,1.00,1.00
2017.03.23 01:22:39.109,0.85296,0.85303,1.00,1.00
2017.03.23 01:22:39.210,0.85296,0.85305,1.00,1.00
2017.03.23 01:22:39.464,0.85297,0.85307,1.87,1.00
2017.03.23 01:22:40.362,0.85296,0.85306,4.12,1.00
2017.03.23 01:22:40.669,0.85295,0.85302,2.25,1.00
2017.03.23 01:22:41.175,0.85293,0.85303,2.62,1.00
2017.03.23 01:22:41.485,0.85293,0.85301,2.62,1.00
2017.03.23 01:22:42.338,0.85294,0.85303,1.50,1.00
2017.03.23 01:22:42.802,0.85293,0.85301,3.37,1.00
2017.03.23 01:22:42.904,0.85293,0.85301,1.87,1.00
2017.03.23 01:22:43.474,0.85292,0.853,1.87,1.00
2017.03.23 01:22:44.427,0.85291,0.853,1.50,1.00
2017.03.23 01:22:45.284,0.85292,0.853,1.00,1.00
2017.03.23 01:22:45.732,0.85292,0.85298,1.00,1.00
2017.03.23 01:22:46.357,0.8529,0.85299,1.50,1.00
2017.03.23 01:22:46.510,0.85289,0.85297,3.00,1.00
2017.03.23 01:22:46.814,0.8529,0.85299,1.00,1.00
2017.03.23 01:22:50.088,0.85292,0.85299,1.00,1.00
2017.03.23 01:22:50.634,0.85292,0.853,1.37,1.00
2017.03.23 01:22:51.138,0.85292,0.85301,1.50,1.00
2017.03.23 01:22:51.885,0.85294,0.85301,1.00,1.00
2017.03.23 01:22:51.936,0.85294,0.85303,1.12,1.00
2017.03.23 01:22:52.453,0.85295,0.85303,1.00,1.00
2017.03.23 01:22:53.582,0.85296,0.85303,1.00,1.00
2017.03.23 01:22:53.685,0.85296,0.85305,1.00,1.00
2017.03.23 01:22:54.229,0.85296,0.85306,1.50,1.00
2017.03.23 01:23:00.843,0.85296,0.85305,1.12,1.00
2017.03.23 01:23:01.553,0.85295,0.85304,2.62,1.00
2017.03.23 01:23:02.115,0.85295,0.85304,1.12,1.00
2017.03.23 01:23:02.568,0.85295,0.85304,1.00,1.00
2017.03.23 01:23:03.472,0.85294,0.85303,3.00,1.00
2017.03.23 01:23:04.091,0.85294,0.85303,1.87,1.00
2017.03.23 01:23:04.227,0.85298,0.85306,1.00,1.50
2017.03.23 01:23:04.532,0.853,0.85307,1.00,1.00
2017.03.23 01:23:07.476,0.85299,0.85307,3.00,1.00
2017.03.23 01:23:08.004,0.853,0.85307,1.00,1.00
2017.03.23 01:23:09.673,0.853,0.85308,1.50,1.00
2017.03.23 01:23:09.775,0.85302,0.85311,1.12,1.00
2017.03.23 01:23:09.978,0.85303,0.85311,1.31,1.00
2017.03.23 01:23:10.080,0.85303,0.85311,1.44,1.00
2017.03.23 01:23:12.548,0.85301,0.85311,2.56,1.00
2017.03.23 01:23:13.479,0.85301,0.85309,2.56,1.00
2017.03.23 01:23:13.995,0.85302,0.8531,1.31,1.00
2017.03.23 01:23:15.146,0.85304,0.85312,1.00,1.00
2017.03.23 01:23:15.307,0.85306,0.85312,1.31,1.00
2017.03.23 01:23:15.359,0.85306,0.85315,1.31,1.12
2017.03.23 01:23:15.512,0.85306,0.85313,1.44,1.00
2017.03.23 01:23:15.815,0.85306,0.85311,1.00,1.00
2017.03.23 01:23:16.495,0.85305,0.85312,1.12,1.00
2017.03.23 01:23:16.799,0.85301,0.85308,1.00,1.00
2017.03.23 01:23:18.825,0.85301,0.85309,1.12,1.00
2017.03.23 01:23:19.339,0.85301,0.85309,2.62,1.00
2017.03.23 01:23:19.792,0.853,0.85308,1.12,1.00
2017.03.23 01:23:23.589,0.85299,0.85306,1.37,1.00
2017.03.23 01:23:23.791,0.85298,0.85305,1.12,1.00
2017.03.23 01:23:23.893,0.85296,0.85304,1.87,1.00
2017.03.23 01:23:23.995,0.85296,0.85302,1.12,1.00
2017.03.23 01:23:24.594,0.85295,0.85302,1.12,1.00
2017.03.23 01:23:25.110,0.85294,0.85302,2.25,1.00
2017.03.23 01:23:25.658,0.85293,0.853,2.25,1.00
2017.03.23 01:23:26.164,0.85294,0.853,1.00,1.00
2017.03.23 01:23:26.468,0.85292,0.85298,1.00,1.00
2017.03.23 01:23:27.017,0.85291,0.85298,1.50,1.00
2017.03.23 01:23:27.336,0.85293,0.85298,1.00,1.00
2017.03.23 01:23:28.220,0.85293,0.853,1.00,1.00
2017.03.23 01:23:29.049,0.85291,0.853,1.50,1.00
2017.03.23 01:23:29.912,0.85292,0.853,1.00,1.00
2017.03.23 01:23:31.582,0.85292,0.85299,1.00,1.00
2017.03.23 01:23:32.888,0.85293,0.853,1.00,1.00
2017.03.23 01:23:33.843,0.85292,0.853,1.12,1.00
2017.03.23 01:23:34.955,0.85294,0.853,1.00,1.00
2017.03.23 01:23:36.464,0.85292,0.85298,1.87,1.00
2017.03.23 01:23:36.667,0.85292,0.85302,1.87,2.06
2017.03.23 01:23:37.034,0.85291,0.85299,1.87,1.00
2017.03.23 01:23:37.135,0.85289,0.85299,1.50,1.00
2017.03.23 01:23:37.186,0.8529,0.85297,1.00,1.00
2017.03.23 01:23:37.780,0.85288,0.85298,2.25,1.00
2017.03.23 01:23:37.831,0.8529,0.85299,1.50,1.00
2017.03.23 01:23:38.135,0.85292,0.853,1.12,1.00
2017.03.23 01:23:38.929,0.85292,0.85302,1.12,2.62
2017.03.23 01:23:39.233,0.85292,0.853,1.12,1.00
2017.03.23 01:23:39.844,0.85291,0.85299,1.00,1.00
2017.03.23 01:23:42.153,0.85292,0.853,1.00,1.00
2017.03.23 01:23:42.255,0.85292,0.85302,1.50,1.69
2017.03.23 01:23:42.609,0.85293,0.85302,1.37,1.69
2017.03.23 01:23:43.145,0.85292,0.85302,1.87,1.69
2017.03.23 01:23:43.668,0.85294,0.85303,1.00,1.00
2017.03.23 01:23:43.992,0.85296,0.85303,1.00,1.00
2017.03.23 01:23:44.555,0.85294,0.85303,1.00,1.00
2017.03.23 01:23:45.060,0.85293,0.85303,1.12,2.06
2017.03.23 01:23:45.263,0.85295,0.85304,1.00,1.37
2017.03.23 01:23:45.366,0.85296,0.85306,1.12,1.12
2017.03.23 01:23:45.619,0.85296,0.85305,1.50,1.19
2017.03.23 01:23:46.134,0.85295,0.85305,1.87,1.69
2017.03.23 01:23:47.493,0.85295,0.85303,1.12,1.25
2017.03.23 01:23:47.796,0.853,0.85306,1.00,1.00
2017.03.23 01:23:47.847,0.85302,0.85309,1.00,1.31
2017.03.23 01:23:48.356,0.85301,0.8531,1.00,1.56
2017.03.23 01:23:48.922,0.85299,0.85307,1.50,1.00
2017.03.23 01:23:49.303,0.85301,0.85308,1.00,1.00
2017.03.23 01:23:49.354,0.85302,0.8531,1.00,2.06
2017.03.23 01:23:49.899,0.85302,0.85312,1.00,2.44
2017.03.23 01:23:50.551,0.85301,0.85309,1.50,1.00
2017.03.23 01:23:52.597,0.853,0.85309,1.12,1.00
2017.03.23 01:23:54.207,0.853,0.85309,1.12,2.25
2017.03.23 01:23:54.842,0.853,0.85306,1.12,1.00
2017.03.23 01:23:54.995,0.85297,0.85305,2.25,1.00
2017.03.23 01:23:55.526,0.85297,0.85305,1.50,1.50
2017.03.23 01:23:56.093,0.85297,0.85305,1.00,1.06
2017.03.23 01:23:58.422,0.85298,0.85305,1.00,1.00
2017.03.23 01:23:59.212,0.85298,0.85306,1.50,1.00
2017.03.23 01:23:59.263,0.85298,0.85308,2.25,1.69
2017.03.23 01:23:59.314,0.853,0.85308,1.00,1.50
2017.03.23 01:24:00.103,0.85303,0.8531,1.00,2.21
2017.03.23 01:24:02.324,0.85302,0.85308,1.00,1.00
2017.03.23 01:24:04.416,0.85302,0.8531,1.00,2.00
2017.03.23 01:24:04.568,0.85304,0.85311,1.00,1.56
2017.03.23 01:24:05.024,0.85306,0.85313,1.00,1.69
2017.03.23 01:24:05.553,0.85306,0.85313,1.00,1.00
2017.03.23 01:24:05.858,0.85306,0.85312,1.00,1.19
2017.03.23 01:24:10.366,0.85306,0.85315,1.00,2.81
2017.03.23 01:24:10.417,0.85309,0.85315,1.00,1.69
2017.03.23 01:24:10.936,0.85309,0.85316,1.00,1.19
2017.03.23 01:24:12.313,0.85307,0.85315,1.00,1.00
2017.03.23 01:24:12.854,0.85307,0.85316,1.00,3.19
2017.03.23 01:24:14.713,0.85306,0.85315,1.00,1.31
2017.03.23 01:24:17.134,0.85306,0.85315,1.00,1.12
2017.03.23 01:24:17.699,0.85306,0.85314,1.00,1.00
2017.03.23 01:24:17.750,0.85307,0.85316,1.00,1.12
2017.03.23 01:24:17.852,0.8531,0.85316,1.00,1.12
2017.03.23 01:24:18.649,0.85309,0.85315,1.00,1.00
2017.03.23 01:24:20.472,0.85306,0.85314,1.00,1.50
2017.03.23 01:24:21.121,0.85305,0.85313,1.00,1.50
2017.03.23 01:24:23.593,0.85305,0.85312,1.00,1.00
2017.03.23 01:24:23.694,0.85303,0.85311,1.00,1.00
2017.03.23 01:24:24.047,0.85306,0.85314,1.00,2.62
2017.03.23 01:24:24.553,0.85306,0.85314,1.00,1.50
2017.03.23 01:24:25.943,0.85306,0.85315,1.00,2.19
2017.03.23 01:24:26.277,0.85308,0.85315,1.00,1.00
2017.03.23 01:24:26.778,0.85307,0.85315,1.00,1.00
2017.03.23 01:24:27.338,0.85307,0.85314,1.00,1.00
2017.03.23 01:24:27.961,0.85307,0.85316,1.00,1.81
2017.03.23 01:24:28.484,0.85306,0.85316,1.00,2.56
2017.03.23 01:24:28.861,0.85306,0.85314,1.00,1.00
2017.03.23 01:24:29.377,0.85307,0.85315,1.00,1.50
2017.03.23 01:24:29.905,0.85307,0.85314,1.00,1.00
2017.03.23 01:24:32.255,0.85307,0.85313,1.00,1.00
2017.03.23 01:24:33.854,0.85305,0.85311,1.00,1.00
2017.03.23 01:24:33.906,0.85305,0.85313,1.00,1.25
2017.03.23 01:24:34.263,0.85304,0.85311,1.00,1.00
2017.03.23 01:24:34.786,0.85304,0.85312,1.00,1.50
2017.03.23 01:24:35.692,0.85304,0.8531,1.00,1.00
2017.03.23 01:24:36.147,0.85301,0.8531,1.00,1.69
2017.03.23 01:24:36.792,0.85304,0.85311,1.00,1.37
2017.03.23 01:24:36.894,0.85304,0.85312,1.00,1.69
2017.03.23 01:24:39.452,0.85305,0.85312,1.00,1.00
2017.03.23 01:24:40.354,0.85307,0.85313,1.00,1.19
2017.03.23 01:24:40.405,0.85307,0.85315,1.00,2.06
2017.03.23 01:24:40.878,0.85309,0.85316,1.00,1.19
2017.03.23 01:24:41.545,0.85311,0.85318,1.00,2.81
2017.03.23 01:24:41.647,0.85312,0.8532,1.00,2.81
2017.03.23 01:24:41.748,0.85314,0.85321,1.00,1.19
2017.03.23 01:24:42.027,0.85314,0.85322,1.00,1.00
2017.03.23 01:24:42.731,0.85314,0.85323,1.00,1.31
2017.03.23 01:24:42.782,0.85316,0.85323,1.00,1.31
2017.03.23 01:24:43.087,0.85321,0.85327,1.00,2.06
2017.03.23 01:24:43.403,0.85322,0.85329,1.00,1.19
2017.03.23 01:24:46.177,0.85323,0.85328,1.00,1.25
2017.03.23 01:24:46.330,0.85324,0.85332,1.00,2.25
2017.03.23 01:24:46.868,0.85324,0.85331,1.00,1.00
2017.03.23 01:24:47.453,0.85326,0.85331,1.00,1.12
2017.03.23 01:24:48.388,0.85326,0.85332,1.00,1.00
2017.03.23 01:24:49.068,0.85326,0.85333,1.00,1.00
2017.03.23 01:24:49.373,0.85328,0.85336,1.00,1.00
2017.03.23 01:24:49.424,0.8533,0.85337,1.00,1.00
2017.03.23 01:24:49.941,0.85329,0.85337,1.00,2.62
2017.03.23 01:24:50.518,0.85329,0.85335,1.00,1.00
2017.03.23 01:24:51.095,0.85329,0.85336,1.00,1.50
2017.03.23 01:24:52.878,0.85329,0.85334,1.00,1.00
2017.03.23 01:24:53.817,0.85327,0.85334,1.00,1.00
2017.03.23 01:24:54.020,0.85326,0.85331,1.00,1.00
2017.03.23 01:24:54.172,0.85326,0.85333,1.00,1.25
2017.03.23 01:24:54.940,0.85327,0.85334,1.00,1.12
2017.03.23 01:24:54.991,0.85326,0.85332,1.00,1.00
2017.03.23 01:24:55.294,0.8533,0.85336,1.00,1.12
2017.03.23 01:24:55.599,0.85325,0.85332,1.00,1.00
2017.03.23 01:24:55.854,0.85323,0.85332,1.00,1.31
2017.03.23 01:24:56.107,0.85323,0.85329,1.00,1.00
2017.03.23 01:24:56.158,0.85321,0.85329,1.00,1.12
2017.03.23 01:24:56.209,0.85321,0.85327,1.00,1.00
2017.03.23 01:24:56.726,0.8532,0.85327,1.00,1.00
2017.03.23 01:24:58.252,0.8532,0.85326,1.00,1.00
2017.03.23 01:24:59.004,0.85321,0.85327,1.00,1.00
2017.03.23 01:24:59.156,0.85323,0.8533,1.00,1.50
2017.03.23 01:24:59.207,0.85325,0.8533,1.00,1.00
2017.03.23 01:24:59.422,0.85327,0.85333,1.00,1.00
2017.03.23 01:24:59.955,0.85327,0.85334,1.00,2.25
2017.03.23 01:25:00.457,0.85328,0.85333,1.00,1.00
2017.03.23 01:25:01.438,0.85328,0.85334,1.00,1.00
2017.03.23 01:25:01.942,0.85326,0.85333,1.00,1.00
2017.03.23 01:25:02.138,0.85326,0.85332,1.00,1.19
2017.03.23 01:25:02.576,0.85324,0.8533,1.00,1.69
2017.03.23 01:25:02.627,0.85323,0.85328,1.00,1.25
2017.03.23 01:25:03.135,0.85321,0.85328,1.00,1.19
2017.03.23 01:25:03.846,0.8532,0.85328,1.00,1.19
2017.03.23 01:25:04.471,0.8532,0.85327,1.00,1.69
2017.03.23 01:25:04.816,0.85317,0.85324,1.00,2.06
2017.03.23 01:25:04.969,0.85315,0.85324,1.00,2.81
2017.03.23 01:25:05.181,0.85315,0.85323,1.00,1.19
2017.03.23 01:25:05.687,0.85314,0.85322,1.00,1.69
2017.03.23 01:25:09.838,0.85316,0.85322,1.00,1.69
2017.03.23 01:25:10.166,0.85314,0.8532,1.00,1.19
2017.03.23 01:25:10.520,0.85312,0.85319,1.00,1.19
2017.03.23 01:25:10.622,0.85311,0.85316,1.00,1.00
2017.03.23 01:25:11.128,0.85311,0.85317,1.00,1.19
2017.03.23 01:25:11.280,0.85312,0.85318,1.00,1.19
2017.03.23 01:25:11.996,0.85312,0.8532,1.00,1.31
2017.03.23 01:25:12.097,0.85314,0.85319,1.00,1.25
2017.03.23 01:25:12.605,0.85315,0.85321,1.00,2.44
2017.03.23 01:25:13.144,0.85316,0.85321,1.00,1.19
2017.03.23 01:25:13.674,0.85317,0.85322,1.00,1.69
2017.03.23 01:25:17.615,0.85314,0.85319,1.00,1.00
2017.03.23 01:25:18.120,0.85313,0.85319,1.00,1.69
2017.03.23 01:25:18.640,0.85314,0.85319,1.00,1.25
2017.03.23 01:25:21.949,0.85314,0.8532,1.00,1.25
2017.03.23 01:25:22.861,0.85314,0.85321,1.00,1.50
2017.03.23 01:25:23.265,0.85315,0.85319,1.00,1.00
2017.03.23 01:25:23.316,0.85313,0.85319,1.00,1.00
2017.03.23 01:25:23.418,0.85315,0.85319,1.00,1.00
2017.03.23 01:25:23.622,0.85314,0.85321,1.00,1.00
2017.03.23 01:25:24.145,0.85315,0.85321,1.00,1.00
2017.03.23 01:25:25.106,0.85314,0.85321,1.00,1.00
2017.03.23 01:25:25.265,0.85313,0.8532,1.00,2.44
2017.03.23 01:25:25.775,0.85313,0.85319,1.00,1.75
2017.03.23 01:25:26.466,0.85313,0.85319,1.00,1.50
2017.03.23 01:25:28.369,0.85314,0.85321,1.00,2.62
2017.03.23 01:25:28.788,0.85314,0.85321,1.00,2.44
2017.03.23 01:25:29.041,0.85312,0.85319,1.00,2.44
2017.03.23 01:25:29.294,0.85313,0.8532,1.00,1.00
2017.03.23 01:25:29.597,0.85312,0.85321,1.00,4.69
2017.03.23 01:25:31.070,0.85309,0.85319,1.50,1.69
2017.03.23 01:25:31.867,0.85308,0.85316,1.12,1.00
2017.03.23 01:25:32.170,0.85306,0.85315,1.00,2.44
2017.03.23 01:25:32.474,0.85305,0.85314,1.00,2.44
2017.03.23 01:25:32.526,0.85303,0.85313,2.25,2.00
2017.03.23 01:25:33.304,0.85302,0.85312,1.12,1.75
2017.03.23 01:25:33.735,0.85304,0.8531,1.00,1.00
2017.03.23 01:25:33.887,0.85303,0.85313,1.12,2.44
2017.03.23 01:25:35.177,0.85304,0.85312,1.00,1.25
2017.03.23 01:25:35.329,0.85306,0.85315,1.00,1.31
2017.03.23 01:25:35.850,0.85307,0.85316,1.00,1.00
2017.03.23 01:25:36.551,0.85306,0.85315,1.00,1.00
2017.03.23 01:25:37.751,0.85305,0.85315,2.25,1.00
2017.03.23 01:25:40.879,0.85305,0.85315,2.62,1.00
2017.03.23 01:25:41.520,0.85304,0.85314,2.62,2.25
2017.03.23 01:25:41.621,0.85303,0.85313,1.37,1.50
2017.03.23 01:25:42.131,0.85303,0.85313,1.12,2.25
2017.03.23 01:25:42.182,0.85302,0.8531,1.37,1.00
2017.03.23 01:25:42.435,0.85302,0.85312,1.12,1.50
2017.03.23 01:25:42.739,0.85305,0.85313,1.00,1.69
2017.03.23 01:25:42.941,0.85303,0.85313,1.87,2.25
2017.03.23 01:25:43.993,0.85304,0.85314,1.50,2.06
2017.03.23 01:25:44.549,0.85304,0.85314,1.00,2.06
2017.03.23 01:25:46.202,0.85303,0.85312,1.50,1.00
2017.03.23 01:25:46.505,0.85305,0.85313,1.00,1.00
2017.03.23 01:25:46.708,0.85303,0.85313,1.12,1.25
2017.03.23 01:25:47.314,0.85303,0.85313,1.00,1.62
2017.03.23 01:25:47.870,0.85302,0.85312,1.50,2.62
2017.03.23 01:25:47.921,0.85302,0.85309,1.00,1.00
2017.03.23 01:25:47.972,0.853,0.85309,1.50,1.00
2017.03.23 01:25:48.475,0.853,0.8531,1.50,1.00
2017.03.23 01:25:48.577,0.85302,0.85311,1.00,1.00
2017.03.23 01:25:49.082,0.85303,0.85312,1.00,1.00
2017.03.23 01:25:53.593,0.85303,0.85311,1.00,1.00
2017.03.23 01:25:53.701,0.85303,0.85313,1.00,2.06
2017.03.23 01:25:55.845,0.85301,0.8531,1.12,1.00
2017.03.23 01:25:56.149,0.85298,0.85307,1.50,1.50
2017.03.23 01:25:56.452,0.85299,0.85309,1.00,2.44
2017.03.23 01:25:56.756,0.85298,0.85307,1.50,1.00
2017.03.23 01:25:57.743,0.85298,0.85306,1.00,1.00
2017.03.23 01:25:58.008,0.85294,0.85303,1.50,1.25
2017.03.23 01:25:58.517,0.85295,0.85303,1.00,1.87
2017.03.23 01:26:00.290,0.85295,0.85305,1.50,2.81
2017.03.23 01:26:00.543,0.85298,0.85305,1.00,1.00
2017.03.23 01:26:01.038,0.85297,0.85303,1.00,1.00
2017.03.23 01:26:01.190,0.85296,0.85305,1.50,1.12
2017.03.23 01:26:01.292,0.85298,0.85305,1.00,1.00
2017.03.23 01:26:01.494,0.85299,0.85307,1.00,1.50
2017.03.23 01:26:02.083,0.85297,0.85305,1.00,1.00
2017.03.23 01:26:06.463,0.85296,0.85304,1.00,1.00
2017.03.23 01:26:07.309,0.85296,0.85306,1.87,2.62
2017.03.23 01:26:07.613,0.85299,0.85307,1.00,1.00
2017.03.23 01:26:07.765,0.85297,0.85307,1.12,1.69
2017.03.23 01:26:08.341,0.853,0.85307,1.00,2.44
2017.03.23 01:26:08.645,0.85298,0.85305,1.00,1.69
2017.03.23 01:26:09.151,0.85299,0.85305,1.00,2.81
2017.03.23 01:26:11.234,0.853,0.85306,1.00,2.06
2017.03.23 01:26:11.813,0.853,0.85307,1.00,2.06
2017.03.23 01:26:12.348,0.85301,0.85307,1.00,1.19
2017.03.23 01:26:13.249,0.85303,0.8531,1.00,2.06
2017.03.23 01:26:13.572,0.85305,0.85312,1.00,1.69
2017.03.23 01:26:17.809,0.85307,0.85311,1.00,1.00
2017.03.23 01:26:17.963,0.8531,0.85315,1.00,1.00
2017.03.23 01:26:18.064,0.85311,0.85317,1.00,1.25
2017.03.23 01:26:18.606,0.85312,0.85317,1.00,1.00
2017.03.23 01:26:19.821,0.85312,0.85316,1.00,1.00
2017.03.23 01:26:20.382,0.85312,0.85317,1.00,1.00
2017.03.23 01:26:20.895,0.85312,0.85318,1.00,1.25
2017.03.23 01:26:21.299,0.85312,0.85316,1.00,1.50
2017.03.23 01:26:21.502,0.8531,0.85315,1.00,1.25
2017.03.23 01:26:22.008,0.8531,0.85314,1.00,1.00
2017.03.23 01:26:24.306,0.85309,0.85315,1.00,1.25
2017.03.23 01:26:24.812,0.85309,0.85316,1.00,3.56
2017.03.23 01:26:25.705,0.85307,0.85314,1.00,1.25
2017.03.23 01:26:25.806,0.85309,0.85315,1.00,1.25
2017.03.23 01:26:26.111,0.85311,0.85317,1.00,1.19
2017.03.23 01:26:26.263,0.85309,0.85317,1.00,1.19
2017.03.23 01:26:27.167,0.85311,0.85319,1.00,2.44
2017.03.23 01:26:27.697,0.85311,0.85318,1.00,1.69
2017.03.23 01:26:28.243,0.8531,0.85316,1.00,1.19
2017.03.23 01:26:29.466,0.85311,0.85316,1.00,1.19
2017.03.23 01:26:29.981,0.8531,0.85317,1.00,1.69
2017.03.23 01:26:32.008,0.85307,0.85313,1.50,1.00
2017.03.23 01:26:32.161,0.85304,0.85313,1.00,2.44
2017.03.23 01:26:33.086,0.85302,0.85309,1.00,1.00
2017.03.23 01:26:34.772,0.85302,0.8531,1.00,1.00
2017.03.23 01:26:35.310,0.85303,0.8531,1.12,1.00
2017.03.23 01:26:36.813,0.85301,0.8531,2.62,1.00
2017.03.23 01:26:37.446,0.85304,0.85312,1.00,1.25
2017.03.23 01:26:40.512,0.85303,0.85312,1.00,1.25
2017.03.23 01:26:41.898,0.85303,0.85313,1.00,1.50
2017.03.23 01:26:44.832,0.85303,0.85313,2.62,1.00
2017.03.23 01:26:46.491,0.85304,0.85314,1.12,1.69
2017.03.23 01:26:48.209,0.85304,0.85312,1.12,1.69
2017.03.23 01:26:48.363,0.853,0.85309,1.12,2.06
2017.03.23 01:26:48.516,0.85302,0.85309,1.00,2.06
2017.03.23 01:26:48.567,0.853,0.85309,1.12,2.06
2017.03.23 01:26:48.669,0.85304,0.85309,1.00,1.00
2017.03.23 01:26:48.771,0.85303,0.85311,1.00,1.31
2017.03.23 01:26:49.024,0.85305,0.85312,1.00,1.69
2017.03.23 01:26:49.176,0.85303,0.85312,1.00,1.69
2017.03.23 01:26:49.278,0.85304,0.85311,1.00,1.69
2017.03.23 01:26:49.437,0.85301,0.85311,1.12,3.19
2017.03.23 01:26:50.568,0.853,0.8531,1.12,2.44
2017.03.23 01:26:51.208,0.85299,0.85307,1.12,1.00
2017.03.23 01:26:51.512,0.85297,0.85304,1.12,1.25
2017.03.23 01:26:52.034,0.85298,0.85305,1.00,1.19
2017.03.23 01:26:52.346,0.85298,0.85304,1.00,1.69
2017.03.23 01:26:53.382,0.85297,0.85304,1.00,1.69
2017.03.23 01:26:53.892,0.85298,0.85305,1.00,2.06
2017.03.23 01:26:55.640,0.85297,0.85303,1.00,1.25
2017.03.23 01:26:56.184,0.85297,0.85302,1.00,1.00
2017.03.23 01:26:56.716,0.85297,0.85304,1.00,1.19
2017.03.23 01:26:59.246,0.85299,0.85304,1.00,2.06
2017.03.23 01:26:59.449,0.853,0.85306,1.00,1.12
2017.03.23 01:26:59.977,0.853,0.85307,1.00,1.25
2017.03.23 01:27:00.527,0.853,0.85307,1.00,1.31
2017.03.23 01:27:00.729,0.853,0.85308,1.00,2.81
2017.03.23 01:27:00.932,0.85302,0.85309,1.00,1.69
2017.03.23 01:27:01.236,0.85305,0.8531,1.00,1.25
2017.03.23 01:27:01.590,0.85304,0.85308,1.00,1.00
2017.03.23 01:27:01.641,0.85302,0.85308,1.00,1.00
2017.03.23 01:27:01.927,0.85301,0.85308,1.00,1.69
2017.03.23 01:27:02.282,0.85301,0.85308,1.00,1.69
2017.03.23 01:27:02.550,0.85303,0.85309,1.00,1.00
2017.03.23 01:27:03.061,0.85304,0.85312,1.00,2.44
2017.03.23 01:27:03.595,0.85305,0.85312,1.00,1.19
2017.03.23 01:27:03.899,0.85307,0.85312,1.00,1.19
2017.03.23 01:27:05.743,0.85308,0.85312,1.00,1.25
2017.03.23 01:27:05.794,0.85308,0.85314,1.00,1.19
2017.03.23 01:27:06.314,0.85307,0.85313,1.00,1.19
2017.03.23 01:27:06.365,0.85307,0.85313,1.00,1.19
2017.03.23 01:27:06.416,0.85306,0.85313,1.00,1.00
2017.03.23 01:27:10.269,0.85307,0.85311,1.00,1.00
2017.03.23 01:27:10.370,0.85305,0.85311,1.00,1.00
2017.03.23 01:27:12.062,0.85305,0.85312,1.00,2.25
2017.03.23 01:27:12.164,0.85307,0.85312,1.00,1.00
2017.03.23 01:27:12.469,0.85307,0.85315,1.00,1.12
2017.03.23 01:27:12.621,0.85309,0.85316,1.00,1.37
2017.03.23 01:27:13.127,0.8531,0.85315,1.00,1.00
2017.03.23 01:27:13.654,0.85309,0.85316,1.00,1.12
2017.03.23 01:27:13.970,0.85312,0.85318,1.00,1.37
2017.03.23 01:27:14.022,0.85311,0.85319,1.00,1.00
2017.03.23 01:27:14.192,0.85313,0.85319,1.00,1.00
2017.03.23 01:27:15.030,0.85313,0.85318,1.00,1.00
2017.03.23 01:27:15.723,0.85313,0.85319,1.00,1.50
2017.03.23 01:27:18.018,0.85313,0.8532,1.00,1.31
2017.03.23 01:27:18.324,0.85315,0.85322,1.00,2.81
2017.03.23 01:27:18.918,0.85316,0.85323,1.00,2.10
2017.03.23 01:27:19.147,0.85319,0.85326,1.00,1.72
2017.03.23 01:27:19.299,0.85321,0.85327,1.00,1.00
2017.03.23 01:27:19.552,0.85325,0.85332,1.00,1.31
2017.03.23 01:27:20.109,0.85325,0.85333,1.00,3.71
2017.03.23 01:27:21.154,0.85325,0.8533,1.00,1.00
2017.03.23 01:27:22.497,0.85325,0.85331,1.00,1.12
2017.03.23 01:27:23.166,0.85325,0.8533,1.00,1.00
2017.03.23 01:27:25.157,0.85324,0.85328,1.00,1.00
2017.03.23 01:27:25.208,0.85322,0.85326,1.00,1.00
2017.03.23 01:27:25.310,0.8532,0.85326,1.00,1.00
2017.03.23 01:27:25.929,0.85321,0.85326,1.00,1.00
2017.03.23 01:27:26.466,0.85321,0.85327,1.00,1.00
2017.03.23 01:27:26.567,0.85322,0.85329,1.00,1.87
2017.03.23 01:27:27.441,0.85322,0.85331,1.00,2.44
2017.03.23 01:27:28.053,0.85323,0.8533,1.00,1.00
2017.03.23 01:27:28.478,0.85323,0.85328,1.00,1.00
2017.03.23 01:27:29.022,0.85323,0.85329,1.00,1.12
2017.03.23 01:27:32.320,0.85323,0.85328,1.00,1.00
2017.03.23 01:27:34.393,0.85323,0.8533,1.00,1.50
2017.03.23 01:27:35.378,0.85323,0.85331,1.00,1.50
2017.03.23 01:27:36.032,0.85323,0.8533,1.00,1.00
2017.03.23 01:27:38.956,0.85324,0.85331,1.00,1.00
2017.03.23 01:27:39.007,0.85326,0.85331,1.00,1.00
2017.03.23 01:27:39.108,0.85326,0.85333,1.00,1.50
2017.03.23 01:27:39.213,0.85328,0.85333,1.00,1.00
2017.03.23 01:27:39.715,0.85329,0.85333,1.00,1.00
2017.03.23 01:27:39.875,0.85326,0.85333,1.00,1.00
2017.03.23 01:27:41.356,0.85326,0.85332,1.00,1.00
2017.03.23 01:27:42.357,0.85326,0.85333,1.00,1.00
2017.03.23 01:27:43.428,0.85325,0.8533,1.00,1.00
2017.03.23 01:27:43.480,0.85323,0.8533,1.00,1.00
2017.03.23 01:27:43.994,0.85323,0.85331,1.00,2.25
2017.03.23 01:27:44.247,0.85325,0.85331,1.00,1.87
2017.03.23 01:27:44.449,0.85323,0.85331,1.00,1.50
2017.03.23 01:27:44.652,0.85323,0.85329,1.00,1.00
2017.03.23 01:27:45.165,0.85322,0.85329,1.00,1.00
2017.03.23 01:27:46.804,0.85322,0.8533,1.00,1.87
2017.03.23 01:27:49.176,0.85322,0.85329,1.00,1.00
2017.03.23 01:27:49.897,0.85321,0.85329,1.00,1.69
2017.03.23 01:27:50.402,0.85321,0.85327,1.00,1.00
2017.03.23 01:27:51.777,0.85319,0.85326,1.00,1.50
2017.03.23 01:27:51.828,0.85319,0.85324,1.00,1.00
2017.03.23 01:27:52.359,0.85318,0.85324,1.00,1.00
2017.03.23 01:27:52.739,0.85318,0.85326,1.00,1.50
2017.03.23 01:27:53.751,0.85318,0.85325,1.00,1.00
2017.03.23 01:27:56.136,0.85319,0.85326,1.00,1.00
2017.03.23 01:27:56.795,0.85319,0.85327,1.00,3.19
2017.03.23 01:27:57.298,0.8532,0.85327,1.00,1.00
2017.03.23 01:28:00.109,0.85321,0.85327,1.00,1.12
2017.03.23 01:28:02.176,0.85322,0.85328,1.00,1.12
2017.03.23 01:28:05.225,0.85322,0.85327,1.00,1.00
2017.03.23 01:28:05.789,0.85322,0.85328,1.00,1.00
2017.03.23 01:28:05.840,0.85319,0.85328,1.00,1.00
2017.03.23 01:28:06.398,0.85319,0.85329,1.00,1.87
2017.03.23 01:28:06.449,0.85319,0.85329,1.81,1.50
2017.03.23 01:28:06.753,0.85322,0.8533,1.31,1.25
2017.03.23 01:28:07.057,0.85322,0.8533,1.00,1.12
2017.03.23 01:28:08.095,0.85322,0.85331,1.00,1.50
2017.03.23 01:28:08.602,0.85321,0.85331,1.87,1.50
2017.03.23 01:28:09.554,0.85321,0.85331,2.19,1.00
2017.03.23 01:28:12.167,0.85321,0.85329,1.12,1.12
2017.03.23 01:28:13.154,0.85321,0.8533,1.81,1.00
2017.03.23 01:28:13.533,0.85322,0.85331,1.81,1.12
2017.03.23 01:28:13.905,0.85322,0.85331,1.81,1.12
2017.03.23 01:28:14.368,0.85322,0.8533,1.31,1.00
2017.03.23 01:28:14.995,0.85322,0.8533,1.31,1.00
2017.03.23 01:28:16.267,0.85323,0.85331,1.00,1.50
2017.03.23 01:28:16.887,0.85323,0.8533,1.00,1.00
2017.03.23 01:28:17.585,0.85323,0.85331,1.00,1.50
2017.03.23 01:28:18.201,0.85323,0.85331,1.00,2.25
2017.03.23 01:28:19.078,0.85322,0.85329,1.31,1.00
2017.03.23 01:28:19.310,0.85321,0.85329,1.06,1.00
2017.03.23 01:28:21.620,0.85321,0.85331,1.00,3.37
2017.03.23 01:28:21.774,0.8532,0.85329,1.12,1.00
2017.03.23 01:28:22.083,0.8532,0.85327,1.00,1.00
2017.03.23 01:28:26.254,0.85319,0.85327,1.00,1.50
2017.03.23 01:28:26.558,0.85316,0.85324,1.00,1.50
2017.03.23 01:28:26.866,0.85316,0.85324,1.31,1.50
2017.03.23 01:28:27.386,0.85315,0.85325,1.50,1.00
2017.03.23 01:28:28.283,0.85315,0.85325,1.81,1.00
2017.03.23 01:28:28.613,0.85318,0.85326,1.31,2.06
2017.03.23 01:28:28.929,0.8532,0.8533,1.81,1.12
2017.03.23 01:28:29.537,0.8532,0.85329,1.81,1.00
2017.03.23 01:28:30.072,0.8532,0.85329,2.25,1.00
2017.03.23 01:28:32.047,0.85321,0.85331,1.50,1.50
2017.03.23 01:28:32.660,0.85322,0.8533,1.12,1.87
2017.03.23 01:28:37.987,0.85322,0.85331,1.50,1.00
2017.03.23 01:28:38.496,0.85321,0.8533,1.87,1.00
2017.03.23 01:28:38.598,0.85319,0.85328,2.62,1.00
2017.03.23 01:28:40.626,0.8532,0.85329,1.00,1.87
2017.03.23 01:28:41.327,0.8532,0.85329,1.00,2.62
2017.03.23 01:28:45.207,0.85318,0.85328,1.50,2.62
2017.03.23 01:28:46.201,0.85318,0.85326,1.50,1.00
2017.03.23 01:28:47.911,0.85318,0.85326,1.50,1.00
2017.03.23 01:28:48.928,0.8532,0.85328,1.00,1.00
2017.03.23 01:28:49.260,0.85321,0.8533,1.50,1.12
2017.03.23 01:28:51.133,0.8532,0.85329,1.00,1.00
2017.03.23 01:28:51.640,0.85321,0.8533,1.12,1.12
2017.03.23 01:28:52.171,0.85322,0.85331,1.00,1.00
2017.03.23 01:28:52.715,0.85323,0.8533,1.00,1.12
2017.03.23 01:28:53.085,0.85321,0.8533,1.00,1.87
2017.03.23 01:28:53.630,0.85322,0.8533,1.00,1.12
2017.03.23 01:28:54.004,0.85323,0.85333,1.00,2.25
2017.03.23 01:28:54.055,0.85325,0.85333,1.00,2.62
2017.03.23 01:28:54.586,0.85326,0.85334,1.00,1.50
2017.03.23 01:28:54.869,0.85322,0.85332,1.87,1.87
2017.03.23 01:28:54.970,0.85321,0.85329,1.50,1.00
2017.03.23 01:28:55.223,0.85319,0.85328,1.50,1.00
2017.03.23 01:28:58.028,0.85319,0.85329,1.50,1.87
2017.03.23 01:29:01.640,0.85322,0.8533,1.00,1.50
2017.03.23 01:29:01.742,0.85322,0.85332,1.00,3.37
2017.03.23 01:29:02.461,0.8532,0.85331,2.25,1.87
2017.03.23 01:29:03.006,0.8532,0.85329,1.75,1.00
2017.03.23 01:29:03.107,0.85319,0.85329,1.50,1.50
2017.03.23 01:29:03.650,0.85319,0.85328,1.50,1.00
2017.03.23 01:29:05.817,0.8532,0.85329,1.50,1.00
2017.03.23 01:29:05.919,0.85321,0.8533,1.50,3.37
2017.03.23 01:29:06.121,0.85324,0.85332,1.12,1.50
2017.03.23 01:29:06.273,0.8532,0.8533,3.00,1.00
2017.03.23 01:29:06.325,0.8532,0.8533,1.50,1.00
2017.03.23 01:29:06.578,0.85325,0.85332,1.00,3.00
2017.03.23 01:29:06.786,0.85324,0.85333,1.00,1.00
2017.03.23 01:29:07.292,0.85324,0.85334,2.25,1.00
2017.03.23 01:29:07.507,0.85326,0.85334,1.00,1.00
2017.03.23 01:29:08.527,0.85327,0.85335,1.00,1.00
2017.03.23 01:29:09.314,0.85328,0.85337,1.00,1.00
2017.03.23 01:29:09.921,0.85328,0.85336,1.00,1.00
2017.03.23 01:29:20.709,0.85327,0.85336,1.00,1.00
2017.03.23 01:29:22.218,0.85328,0.85336,1.00,1.00
2017.03.23 01:29:24.831,0.85329,0.85336,1.33,1.50
2017.03.23 01:29:24.932,0.85329,0.85339,1.33,3.00
2017.03.23 01:29:25.438,0.85329,0.85339,1.33,2.25
2017.03.23 01:29:26.419,0.85329,0.85338,1.33,1.00
2017.03.23 01:29:29.930,0.85328,0.85338,1.37,1.00
2017.03.23 01:29:30.664,0.85328,0.85338,3.62,1.00
2017.03.23 01:29:31.182,0.85331,0.85339,1.00,1.50
2017.03.23 01:29:34.025,0.85332,0.8534,1.00,1.25
2017.03.23 01:29:34.326,0.85334,0.8534,1.00,1.25
2017.03.23 01:29:39.810,0.85333,0.8534,1.00,1.00
2017.03.23 01:29:41.292,0.85333,0.85341,2.25,1.00
2017.03.23 01:29:41.597,0.85337,0.85344,1.00,1.00
2017.03.23 01:29:41.738,0.85335,0.85345,1.00,1.00
2017.03.23 01:29:42.480,0.85335,0.85343,1.00,1.00
2017.03.23 01:29:43.892,0.85336,0.85346,1.00,3.00
2017.03.23 01:29:44.890,0.85336,0.85344,1.00,1.00
2017.03.23 01:29:46.351,0.85336,0.85345,1.00,1.50
2017.03.23 01:29:47.303,0.85336,0.85344,1.00,1.00
2017.03.23 01:29:47.570,0.85336,0.85346,1.50,1.50
2017.03.23 01:29:47.730,0.85338,0.85346,1.00,1.50
2017.03.23 01:29:48.827,0.85337,0.85346,1.87,1.00
2017.03.23 01:29:49.361,0.85338,0.85346,1.12,1.00
2017.03.23 01:29:49.900,0.85336,0.85345,2.25,1.00
2017.03.23 01:29:50.849,0.85336,0.85345,2.62,1.00
2017.03.23 01:29:52.838,0.85336,0.85345,1.75,1.50
2017.03.23 01:29:56.238,0.85337,0.85345,1.00,1.00
2017.03.23 01:29:57.750,0.85337,0.85345,1.50,1.00
2017.03.23 01:29:58.533,0.85337,0.85345,1.12,1.00
2017.03.23 01:30:00.494,0.85335,0.85343,1.00,1.00
2017.03.23 01:30:00.697,0.85332,0.85341,1.50,1.50
2017.03.23 01:30:00.799,0.85332,0.85339,1.00,1.00
2017.03.23 01:30:01.003,0.85326,0.85335,1.50,1.25
2017.03.23 01:30:01.264,0.85326,0.85333,1.50,1.00
2017.03.23 01:30:01.770,0.85323,0.85332,1.50,2.25
2017.03.23 01:30:01.922,0.85322,0.85328,1.75,1.00
2017.03.23 01:30:01.973,0.85322,0.85328,1.00,1.00
2017.03.23 01:30:02.499,0.85321,0.85328,1.12,1.00
2017.03.23 01:30:03.025,0.85321,0.85328,1.50,1.00
2017.03.23 01:30:03.564,0.8532,0.85327,1.12,1.00
2017.03.23 01:30:03.615,0.85318,0.85325,1.75,1.00
2017.03.23 01:30:04.023,0.85318,0.85327,1.75,1.12
2017.03.23 01:30:04.541,0.85321,0.85328,1.00,1.00
2017.03.23 01:30:05.977,0.8532,0.85328,1.12,1.00
2017.03.23 01:30:06.129,0.85319,0.85324,1.50,1.00
2017.03.23 01:30:06.180,0.85318,0.85326,1.12,1.00
2017.03.23 01:30:06.716,0.85318,0.85327,1.50,1.12
2017.03.23 01:30:07.246,0.85318,0.85326,1.00,1.00
2017.03.23 01:30:07.856,0.85318,0.85326,1.75,1.00
2017.03.23 01:30:08.373,0.85318,0.85327,1.50,2.81
2017.03.23 01:30:08.904,0.85318,0.85325,1.12,1.00
2017.03.23 01:30:09.582,0.85317,0.85325,1.12,1.50
2017.03.23 01:30:10.119,0.85317,0.85325,1.50,1.00
2017.03.23 01:30:10.322,0.85318,0.85327,1.50,1.50
2017.03.23 01:30:10.474,0.8532,0.85329,1.31,2.62
2017.03.23 01:30:10.997,0.85321,0.85329,1.31,1.00
2017.03.23 01:30:12.224,0.85321,0.85331,1.31,3.82
2017.03.23 01:30:12.527,0.85324,0.85331,1.31,1.00
2017.03.23 01:30:12.934,0.85323,0.85333,1.31,1.31
2017.03.23 01:30:13.451,0.85323,0.85332,1.06,1.00
2017.03.23 01:30:13.654,0.85323,0.8533,1.00,1.00
2017.03.23 01:30:14.401,0.85323,0.85332,1.00,1.25
2017.03.23 01:30:15.165,0.85323,0.85331,1.00,1.00
2017.03.23 01:30:15.694,0.85324,0.85331,1.00,1.00
2017.03.23 01:30:18.819,0.85324,0.85332,1.00,1.00
2017.03.23 01:30:19.072,0.85326,0.85333,1.00,1.00
2017.03.23 01:30:19.477,0.85324,0.85333,1.50,1.50
2017.03.23 01:30:20.212,0.85323,0.85333,1.00,2.25
2017.03.23 01:30:20.640,0.85323,0.8533,1.00,1.00
2017.03.23 01:30:20.945,0.85317,0.85327,3.50,1.37
2017.03.23 01:30:21.248,0.85319,0.8533,1.81,2.62
2017.03.23 01:30:21.754,0.85319,0.85329,1.31,3.00
2017.03.23 01:30:24.462,0.85319,0.85329,1.31,2.25
2017.03.23 01:30:28.504,0.85322,0.85331,1.31,1.87
2017.03.23 01:30:29.048,0.85321,0.85331,1.31,3.00
2017.03.23 01:30:31.588,0.85323,0.8533,1.00,2.25
2017.03.23 01:30:34.991,0.85323,0.85328,1.00,1.00
2017.03.23 01:30:35.501,0.85321,0.85327,1.00,1.00
2017.03.23 01:30:36.209,0.85321,0.85329,1.00,3.00
2017.03.23 01:30:36.756,0.85322,0.85329,1.00,1.50
2017.03.23 01:30:37.301,0.85323,0.8533,1.00,1.50
2017.03.23 01:30:37.802,0.85322,0.8533,1.00,1.87
2017.03.23 01:30:38.582,0.85323,0.8533,1.00,1.50
2017.03.23 01:30:41.501,0.85324,0.8533,1.00,1.50
2017.03.23 01:30:41.704,0.85324,0.85331,1.00,1.12
2017.03.23 01:30:42.265,0.85324,0.85329,1.00,1.00
2017.03.23 01:30:42.317,0.85322,0.85329,1.00,1.00
2017.03.23 01:30:42.772,0.85322,0.85331,1.00,1.87
2017.03.23 01:30:43.535,0.85322,0.85331,1.00,2.25
2017.03.23 01:30:45.524,0.85322,0.85328,1.69,1.00
2017.03.23 01:30:46.062,0.85322,0.85327,1.00,1.00
2017.03.23 01:30:50.916,0.85323,0.85327,1.00,1.00
2017.03.23 01:30:53.318,0.85323,0.85328,1.00,1.00
2017.03.23 01:30:58.110,0.85321,0.85326,1.00,1.00
2017.03.23 01:30:58.413,0.85322,0.85328,1.00,1.50
2017.03.23 01:30:58.944,0.85319,0.85328,1.37,1.50
2017.03.23 01:30:59.457,0.8532,0.85329,1.37,1.87
2017.03.23 01:31:00.910,0.85322,0.85329,1.00,1.00
2017.03.23 01:31:01.459,0.85322,0.8533,1.00,1.87
2017.03.23 01:31:01.921,0.85322,0.85331,1.37,1.00
2017.03.23 01:31:02.224,0.85325,0.85332,1.37,1.12
2017.03.23 01:31:02.781,0.85325,0.85333,1.37,1.12
2017.03.23 01:31:04.604,0.85327,0.85335,1.37,1.12
2017.03.23 01:31:04.655,0.85329,0.85337,1.12,2.62
2017.03.23 01:31:04.808,0.8533,0.85338,1.37,1.12
2017.03.23 01:31:05.864,0.8533,0.85339,1.87,1.50
2017.03.23 01:31:06.463,0.85333,0.85339,1.00,1.00
2017.03.23 01:31:06.564,0.85332,0.85341,1.37,1.50
2017.03.23 01:31:06.768,0.85331,0.85339,1.87,1.00
2017.03.23 01:31:06.819,0.85331,0.85339,1.12,1.00
2017.03.23 01:31:07.356,0.85332,0.85339,1.00,1.50
2017.03.23 01:31:08.023,0.85331,0.85337,1.00,1.00
2017.03.23 01:31:08.550,0.85329,0.85335,1.00,1.00
2017.03.23 01:31:08.703,0.85328,0.85337,1.00,1.00
2017.03.23 01:31:08.754,0.85328,0.85335,1.00,1.00
2017.03.23 01:31:09.834,0.85326,0.85335,1.50,1.00
2017.03.23 01:31:12.106,0.85325,0.85332,1.00,1.00
2017.03.23 01:31:12.258,0.85323,0.85332,1.69,1.50
2017.03.23 01:31:12.948,0.85321,0.85331,3.37,1.00
2017.03.23 01:31:13.117,0.85321,0.85329,1.50,1.00
2017.03.23 01:31:13.664,0.85322,0.8533,1.00,1.50
2017.03.23 01:31:14.346,0.85321,0.8533,1.50,1.00
2017.03.23 01:31:14.655,0.85323,0.8533,1.00,1.00
2017.03.23 01:31:14.959,0.85324,0.85332,1.00,1.00
2017.03.23 01:31:15.060,0.85326,0.85334,1.00,1.87
2017.03.23 01:31:15.564,0.85326,0.85334,1.00,1.00
2017.03.23 01:31:16.162,0.85326,0.85335,1.00,1.12
2017.03.23 01:31:16.722,0.85327,0.85336,1.00,1.87
2017.03.23 01:31:17.414,0.85328,0.85337,1.00,2.62
2017.03.23 01:31:17.566,0.85329,0.85339,1.00,2.06
2017.03.23 01:31:18.855,0.85332,0.8534,1.50,1.00
2017.03.23 01:31:19.008,0.85335,0.85345,1.00,2.62
2017.03.23 01:31:19.059,0.85338,0.85347,1.00,2.44
2017.03.23 01:31:19.222,0.85338,0.85347,1.00,1.00
2017.03.23 01:31:19.813,0.85338,0.85348,1.00,2.44
2017.03.23 01:31:20.847,0.8534,0.85349,1.50,1.62
2017.03.23 01:31:21.187,0.85348,0.85353,1.00,1.00
2017.03.23 01:31:21.239,0.85347,0.85357,1.00,1.87
2017.03.23 01:31:21.291,0.85349,0.85357,1.00,1.87
2017.03.23 01:31:21.343,0.85346,0.85356,1.00,1.00
2017.03.23 01:31:21.394,0.85344,0.85353,1.87,1.00
2017.03.23 01:31:21.515,0.85343,0.85353,1.00,1.00
2017.03.23 01:31:21.668,0.85345,0.85355,2.25,1.37
2017.03.23 01:31:21.820,0.85349,0.8536,1.00,1.75
2017.03.23 01:31:21.922,0.85349,0.8536,1.00,1.00
2017.03.23 01:31:22.023,0.85349,0.85362,2.81,1.69
2017.03.23 01:31:22.436,0.85351,0.85361,1.00,1.00
2017.03.23 01:31:22.740,0.85355,0.85365,1.00,1.37
2017.03.23 01:31:22.943,0.85355,0.85365,1.00,1.00
2017.03.23 01:31:23.196,0.85353,0.85365,1.12,1.50
2017.03.23 01:31:23.601,0.85353,0.85366,2.62,3.00
2017.03.23 01:31:24.131,0.85354,0.85366,1.12,1.50
2017.03.23 01:31:24.644,0.85354,0.85367,2.25,1.31
2017.03.23 01:31:24.862,0.85354,0.85365,2.62,1.19
2017.03.23 01:31:25.268,0.85352,0.85364,1.25,1.50
2017.03.23 01:31:25.751,0.85357,0.85366,1.12,1.12
2017.03.23 01:31:25.953,0.85358,0.85371,1.12,2.81
2017.03.23 01:31:26.055,0.8536,0.85371,1.00,2.44
2017.03.23 01:31:26.561,0.85358,0.85371,4.12,2.06
2017.03.23 01:31:27.117,0.85357,0.85368,2.62,1.00
2017.03.23 01:31:27.218,0.85357,0.85368,1.87,1.00
2017.03.23 01:31:27.320,0.85356,0.85367,1.12,1.69
2017.03.23 01:31:27.555,0.85354,0.85365,1.00,1.12
2017.03.23 01:31:27.994,0.85352,0.85365,3.00,2.81
2017.03.23 01:31:28.044,0.85354,0.85365,1.00,2.06
2017.03.23 01:31:28.247,0.85354,0.85366,1.00,2.06
2017.03.23 01:31:28.348,0.85352,0.85366,3.00,2.06
2017.03.23 01:31:28.450,0.85351,0.85364,1.50,1.19
2017.03.23 01:31:28.921,0.85351,0.85362,1.00,1.19
2017.03.23 01:31:29.454,0.8535,0.85363,1.50,2.06
2017.03.23 01:31:29.758,0.85353,0.85364,1.50,1.00
2017.03.23 01:31:30.062,0.85355,0.85366,1.00,1.87
2017.03.23 01:31:30.578,0.85353,0.85366,3.00,2.81
2017.03.23 01:31:30.910,0.85353,0.85364,3.00,2.06
2017.03.23 01:31:31.105,0.85352,0.85362,1.00,1.00
2017.03.23 01:31:31.612,0.85351,0.85364,1.00,4.31
2017.03.23 01:31:31.832,0.8535,0.85361,1.12,1.69
2017.03.23 01:31:32.244,0.85352,0.85362,1.00,3.19
2017.03.23 01:31:32.775,0.85352,0.85362,1.50,1.19
2017.03.23 01:31:33.448,0.85353,0.85363,1.00,3.19
2017.03.23 01:31:34.740,0.85354,0.85363,1.00,2.44
2017.03.23 01:31:35.265,0.85353,0.85363,1.00,2.81
2017.03.23 01:31:35.434,0.85353,0.85363,1.00,1.87
2017.03.23 01:31:35.940,0.85354,0.85363,1.00,2.81
2017.03.23 01:31:36.938,0.85353,0.85363,1.00,3.19
2017.03.23 01:31:38.142,0.85354,0.85362,1.00,1.69
2017.03.23 01:31:39.608,0.85354,0.8536,1.00,1.00
2017.03.23 01:31:39.964,0.85354,0.85362,1.00,1.69
2017.03.23 01:31:40.485,0.85353,0.85362,1.00,1.00
2017.03.23 01:31:41.040,0.85354,0.85362,1.00,1.50
2017.03.23 01:31:42.051,0.85354,0.85361,1.00,1.00
2017.03.23 01:31:42.102,0.85354,0.85363,1.00,2.62
2017.03.23 01:31:42.204,0.85352,0.85361,1.50,1.00
2017.03.23 01:31:42.406,0.85353,0.85363,1.00,2.62
2017.03.23 01:31:43.199,0.85354,0.85363,1.50,1.00
2017.03.23 01:31:43.736,0.85354,0.85362,1.00,1.00
2017.03.23 01:31:44.345,0.85353,0.85362,1.00,1.00
2017.03.23 01:31:45.099,0.85352,0.8536,2.62,1.00
2017.03.23 01:31:45.150,0.85354,0.85363,1.00,1.00
2017.03.23 01:31:45.673,0.85356,0.85364,1.00,1.50
2017.03.23 01:31:47.540,0.85355,0.85362,1.00,1.00
2017.03.23 01:31:47.700,0.85354,0.85364,1.50,1.87
2017.03.23 01:31:50.513,0.85353,0.85359,1.00,1.00
2017.03.23 01:31:50.614,0.85351,0.85359,1.00,1.00
2017.03.23 01:31:51.070,0.85351,0.85361,1.00,1.00
2017.03.23 01:31:51.272,0.85353,0.85361,1.00,1.00
2017.03.23 01:31:51.802,0.85352,0.85361,1.00,1.00
2017.03.23 01:31:52.156,0.85354,0.85363,1.00,1.12
2017.03.23 01:31:53.175,0.85354,0.85361,1.00,1.00
2017.03.23 01:31:53.580,0.85353,0.85359,1.00,1.00
2017.03.23 01:31:53.631,0.85351,0.85359,1.00,1.00
2017.03.23 01:31:55.620,0.85351,0.8536,1.50,1.00
2017.03.23 01:31:55.671,0.85353,0.85361,1.00,1.00
2017.03.23 01:31:55.772,0.85354,0.85363,1.00,2.06
2017.03.23 01:31:55.924,0.85352,0.85361,1.50,1.00
2017.03.23 01:31:56.770,0.85354,0.85361,1.00,1.00
2017.03.23 01:31:56.922,0.85354,0.85364,1.00,1.50
2017.03.23 01:32:00.229,0.85354,0.85362,1.00,1.00
2017.03.23 01:32:00.432,0.8535,0.85359,1.00,1.00
2017.03.23 01:32:00.635,0.85351,0.85361,1.00,3.37
2017.03.23 01:32:00.737,0.85355,0.85361,1.00,1.00
2017.03.23 01:32:00.788,0.85353,0.85363,1.00,1.50
2017.03.23 01:32:01.042,0.85355,0.85363,1.00,1.87
2017.03.23 01:32:01.380,0.85357,0.85365,1.00,1.87
2017.03.23 01:32:01.533,0.85358,0.85367,1.00,1.00
2017.03.23 01:32:02.060,0.85359,0.85368,1.00,1.31
2017.03.23 01:32:02.568,0.85359,0.85367,1.00,1.12
2017.03.23 01:32:02.771,0.85356,0.85365,2.62,1.00
2017.03.23 01:32:02.924,0.85357,0.85367,1.00,2.62
2017.03.23 01:32:02.975,0.85357,0.85365,1.50,1.00
2017.03.23 01:32:03.539,0.85357,0.85364,1.50,1.00
2017.03.23 01:32:03.591,0.85357,0.85366,1.50,1.00
2017.03.23 01:32:04.096,0.85358,0.85366,1.12,1.00
2017.03.23 01:32:05.354,0.85359,0.85367,1.00,1.00
2017.03.23 01:32:05.456,0.8536,0.85369,1.00,2.25
2017.03.23 01:32:05.625,0.85362,0.85372,1.12,3.00
2017.03.23 01:32:05.930,0.85367,0.85375,1.12,1.87
2017.03.23 01:32:06.082,0.85367,0.85376,1.12,1.00
2017.03.23 01:32:06.184,0.85369,0.85376,1.00,1.00
2017.03.23 01:32:06.702,0.85369,0.85377,1.00,1.50
2017.03.23 01:32:07.136,0.85367,0.85378,1.12,2.62
2017.03.23 01:32:07.668,0.85367,0.85377,1.12,1.00
2017.03.23 01:32:07.723,0.85369,0.85377,1.00,1.50
2017.03.23 01:32:08.974,0.85371,0.85377,1.00,2.25
2017.03.23 01:32:09.632,0.85369,0.85377,1.00,2.25
2017.03.23 01:32:09.834,0.85368,0.85375,1.00,1.00
2017.03.23 01:32:10.243,0.85365,0.85375,1.00,1.50
2017.03.23 01:32:10.430,0.85363,0.85373,1.12,1.00
2017.03.23 01:32:10.944,0.85362,0.85372,2.25,1.00
2017.03.23 01:32:11.628,0.85362,0.85373,2.25,1.25
2017.03.23 01:32:11.938,0.85361,0.8537,1.37,1.00
2017.03.23 01:32:11.989,0.8536,0.8537,2.25,1.00
2017.03.23 01:32:13.865,0.85358,0.85368,2.25,1.50
2017.03.23 01:32:14.184,0.85355,0.85364,1.00,1.00
2017.03.23 01:32:14.724,0.85356,0.85365,1.00,1.00
2017.03.23 01:32:15.230,0.85355,0.85365,1.50,1.00
2017.03.23 01:32:15.736,0.85355,0.85364,1.00,1.00
2017.03.23 01:32:16.275,0.85356,0.85364,1.00,1.00
2017.03.23 01:32:16.625,0.85357,0.85367,1.50,1.12
2017.03.23 01:32:17.134,0.85358,0.85366,1.00,1.12
2017.03.23 01:32:18.004,0.85358,0.85369,1.00,3.07
2017.03.23 01:32:19.422,0.85358,0.85366,1.00,1.00
2017.03.23 01:32:20.001,0.85357,0.85366,1.50,1.00
2017.03.23 01:32:23.456,0.85356,0.85366,1.00,1.50
2017.03.23 01:32:26.966,0.85355,0.85365,1.50,1.00
2017.03.23 01:32:28.680,0.85356,0.85365,1.00,1.50
2017.03.23 01:32:28.914,0.85356,0.85363,1.00,1.00
2017.03.23 01:32:29.117,0.8535,0.85358,1.00,1.50
2017.03.23 01:32:29.168,0.85348,0.85357,1.12,1.25
2017.03.23 01:32:29.422,0.85346,0.85355,1.87,1.00
2017.03.23 01:32:29.734,0.8535,0.85357,1.00,1.50
2017.03.23 01:32:29.836,0.85351,0.8536,1.00,1.50
2017.03.23 01:32:30.399,0.85351,0.8536,1.00,1.12
2017.03.23 01:32:32.584,0.85353,0.85361,1.00,1.37
2017.03.23 01:32:32.786,0.85354,0.85362,1.00,1.50
2017.03.23 01:32:33.324,0.85355,0.85362,1.00,1.00
2017.03.23 01:32:33.866,0.85356,0.85362,1.00,1.00
2017.03.23 01:32:34.121,0.85357,0.85364,1.00,1.12
2017.03.23 01:32:34.947,0.85356,0.85362,1.00,1.00
2017.03.23 01:32:35.150,0.85355,0.85364,1.00,2.62
2017.03.23 01:32:35.630,0.85358,0.85366,1.00,3.00
2017.03.23 01:32:36.136,0.85358,0.85366,1.00,2.25
2017.03.23 01:32:38.410,0.85358,0.85365,1.00,1.00
2017.03.23 01:32:38.956,0.85358,0.85366,1.00,1.12
2017.03.23 01:32:39.533,0.8536,0.85366,1.00,1.12
2017.03.23 01:32:39.837,0.85362,0.85368,1.00,1.00
2017.03.23 01:32:40.387,0.85362,0.85369,1.00,1.00
2017.03.23 01:32:40.715,0.85361,0.85367,1.00,1.00
2017.03.23 01:32:41.427,0.8536,0.85366,1.00,1.00
2017.03.23 01:32:41.935,0.8536,0.85367,1.00,1.00
2017.03.23 01:32:42.560,0.85359,0.85367,1.00,1.50
2017.03.23 01:32:43.475,0.85359,0.85365,1.00,1.00
2017.03.23 01:32:44.546,0.85358,0.85365,1.00,1.12
2017.03.23 01:32:47.918,0.85361,0.85368,1.00,1.50
2017.03.23 01:32:48.070,0.85365,0.85374,1.00,1.87
2017.03.23 01:32:48.171,0.85367,0.85375,1.00,2.25
2017.03.23 01:32:48.324,0.85368,0.85376,1.00,1.87
2017.03.23 01:32:48.931,0.85368,0.85375,1.00,1.00
2017.03.23 01:32:49.460,0.85368,0.85376,1.00,3.00
2017.03.23 01:32:50.007,0.85368,0.85373,1.00,1.50
2017.03.23 01:32:50.058,0.85364,0.85372,1.00,1.00
2017.03.23 01:32:50.109,0.85363,0.8537,1.00,1.00
2017.03.23 01:32:50.160,0.8536,0.8537,1.00,1.87
2017.03.23 01:32:50.464,0.85362,0.85369,1.00,1.12
2017.03.23 01:32:50.768,0.85368,0.85375,1.00,2.62
2017.03.23 01:32:50.870,0.85368,0.85375,1.00,1.12
2017.03.23 01:32:50.971,0.85371,0.85377,1.00,1.00
2017.03.23 01:32:51.239,0.85372,0.8538,1.00,1.50
2017.03.23 01:32:51.968,0.85372,0.85379,1.00,1.00
2017.03.23 01:32:53.336,0.85368,0.85377,2.44,1.00
2017.03.23 01:32:53.978,0.85368,0.85377,1.69,1.00
2017.03.23 01:32:54.529,0.85368,0.85377,1.25,1.00
2017.03.23 01:32:54.632,0.85366,0.85376,1.00,1.00
2017.03.23 01:32:54.683,0.85365,0.85374,1.87,1.00
2017.03.23 01:32:54.886,0.85363,0.85373,1.50,1.00
2017.03.23 01:32:55.519,0.85363,0.85372,1.00,1.00
2017.03.23 01:32:55.810,0.85363,0.8537,1.00,1.00
2017.03.23 01:32:56.013,0.85361,0.8537,1.87,1.00
2017.03.23 01:32:57.311,0.8536,0.85368,2.25,1.00
2017.03.23 01:32:57.653,0.85356,0.85366,2.25,1.00
2017.03.23 01:32:58.184,0.85356,0.85366,2.25,1.00
2017.03.23 01:32:58.887,0.85358,0.85366,1.00,1.00
2017.03.23 01:32:59.417,0.85357,0.85366,1.00,1.00
2017.03.23 01:33:00.052,0.85358,0.85366,1.00,1.00
2017.03.23 01:33:00.659,0.85361,0.8537,1.00,2.62
2017.03.23 01:33:01.195,0.85361,0.85368,1.00,1.00
2017.03.23 01:33:01.449,0.85358,0.85366,1.00,1.00
2017.03.23 01:33:02.054,0.85358,0.85365,1.00,1.00
2017.03.23 01:33:02.594,0.85357,0.85365,1.00,1.00
2017.03.23 01:33:03.114,0.85357,0.85364,1.00,1.00
2017.03.23 01:33:03.915,0.85355,0.85363,1.00,1.50
2017.03.23 01:33:03.966,0.85355,0.85361,1.00,1.00
2017.03.23 01:33:04.017,0.85352,0.85361,1.00,1.00
2017.03.23 01:33:04.118,0.85352,0.85359,1.00,1.00
2017.03.23 01:33:04.372,0.85354,0.85362,1.00,1.50
2017.03.23 01:33:06.251,0.85355,0.85364,1.00,1.31
2017.03.23 01:33:06.353,0.85357,0.85364,1.00,1.00
2017.03.23 01:33:06.871,0.85358,0.85366,1.00,2.06
2017.03.23 01:33:09.162,0.85358,0.85364,1.00,1.00
2017.03.23 01:33:09.332,0.85358,0.85366,1.00,1.87
2017.03.23 01:33:11.006,0.8536,0.85367,1.00,1.87
2017.03.23 01:33:11.259,0.85362,0.85369,1.00,1.00
2017.03.23 01:33:12.105,0.8536,0.85367,1.00,1.00
2017.03.23 01:33:12.449,0.85359,0.85365,1.00,1.00
2017.03.23 01:33:12.702,0.85357,0.85364,1.00,1.12
2017.03.23 01:33:12.754,0.85355,0.85362,1.00,1.00
2017.03.23 01:33:12.906,0.85353,0.85362,1.00,1.00
2017.03.23 01:33:14.776,0.85353,0.8536,1.00,1.00
2017.03.23 01:33:15.564,0.85358,0.85363,1.00,1.00
2017.03.23 01:33:15.818,0.85362,0.85371,1.00,1.87
2017.03.23 01:33:15.919,0.85364,0.85371,1.00,1.37
2017.03.23 01:33:16.123,0.85364,0.85372,1.00,1.00
2017.03.23 01:33:16.225,0.85367,0.85372,1.00,1.12
2017.03.23 01:33:16.427,0.85367,0.85375,1.00,1.87
2017.03.23 01:33:19.603,0.85368,0.85375,1.00,1.12
2017.03.23 01:33:19.868,0.8537,0.85378,1.00,2.25
2017.03.23 01:33:19.919,0.8537,0.85379,1.00,2.44
2017.03.23 01:33:20.449,0.85371,0.85379,1.00,2.06
2017.03.23 01:33:21.301,0.8537,0.85379,1.00,1.69
2017.03.23 01:33:21.815,0.8537,0.85378,1.00,1.00
2017.03.23 01:33:22.068,0.85367,0.85377,1.00,1.69
2017.03.23 01:33:22.271,0.85369,0.85376,1.00,1.12
2017.03.23 01:33:23.820,0.85369,0.85374,1.00,1.00
2017.03.23 01:33:24.138,0.85369,0.85377,1.00,1.50
2017.03.23 01:33:24.189,0.85371,0.85377,1.00,1.50
2017.03.23 01:33:24.341,0.85373,0.85381,1.00,1.62
2017.03.23 01:33:24.392,0.85374,0.85381,1.00,1.25
2017.03.23 01:33:24.545,0.85375,0.85383,1.00,1.31
2017.03.23 01:33:25.058,0.85374,0.85383,1.00,2.06
2017.03.23 01:33:26.799,0.85374,0.85383,1.00,2.81
2017.03.23 01:33:27.782,0.85374,0.85381,1.00,1.00
2017.03.23 01:33:27.989,0.85372,0.85381,1.00,1.00
2017.03.23 01:33:28.141,0.8537,0.85378,1.00,1.00
2017.03.23 01:33:28.647,0.85371,0.85379,1.00,1.12
2017.03.23 01:33:29.661,0.85371,0.85378,1.00,1.00
2017.03.23 01:33:32.261,0.8537,0.85378,1.00,1.00
2017.03.23 01:33:32.823,0.8537,0.85379,1.00,1.00
2017.03.23 01:33:36.353,0.8537,0.85377,1.00,1.00
2017.03.23 01:33:36.707,0.85369,0.85379,1.00,1.50
2017.03.23 01:33:37.631,0.8537,0.85379,1.00,1.50
2017.03.23 01:33:38.226,0.85371,0.85379,1.00,2.62
2017.03.23 01:33:38.761,0.8537,0.85379,1.00,1.87
2017.03.23 01:33:39.239,0.85373,0.8538,1.00,1.00
2017.03.23 01:33:39.493,0.8537,0.85378,1.00,1.50
2017.03.23 01:33:39.544,0.8537,0.85376,1.50,1.37
2017.03.23 01:33:39.646,0.8537,0.85378,1.00,1.00
2017.03.23 01:33:40.209,0.85369,0.85378,1.50,1.69
2017.03.23 01:33:40.361,0.85371,0.85378,1.00,1.00
2017.03.23 01:33:40.412,0.85369,0.85378,1.50,1.00
2017.03.23 01:33:41.268,0.85371,0.8538,1.00,3.00
2017.03.23 01:33:41.623,0.85372,0.85381,1.00,2.25
2017.03.23 01:33:42.035,0.85372,0.8538,1.00,1.37
2017.03.23 01:33:42.433,0.85372,0.85381,1.00,1.50
2017.03.23 01:33:42.585,0.85374,0.85382,1.06,1.00
2017.03.23 01:33:42.839,0.85375,0.85384,1.00,2.25
2017.03.23 01:33:42.991,0.85375,0.85382,1.00,1.00
2017.03.23 01:33:43.506,0.85375,0.85384,1.00,1.12
2017.03.23 01:33:43.625,0.85377,0.85384,1.00,2.06
2017.03.23 01:33:43.726,0.85373,0.85382,1.31,1.50
2017.03.23 01:33:43.878,0.85373,0.8538,1.06,1.00
2017.03.23 01:33:43.980,0.85371,0.85379,1.00,1.12
2017.03.23 01:33:44.486,0.85372,0.8538,1.31,1.12
2017.03.23 01:33:44.688,0.85374,0.85382,1.00,1.00
2017.03.23 01:33:44.739,0.85375,0.85384,1.00,1.12
2017.03.23 01:33:44.984,0.85376,0.85386,1.00,1.12
2017.03.23 01:33:45.037,0.85378,0.85386,1.00,1.87
2017.03.23 01:33:45.345,0.85377,0.85383,1.00,1.00
2017.03.23 01:33:45.548,0.85374,0.85383,1.00,1.00
2017.03.23 01:33:46.113,0.85375,0.85383,1.00,1.00
2017.03.23 01:33:46.622,0.85374,0.85383,1.00,1.50
2017.03.23 01:33:46.775,0.85373,0.85381,1.00,1.00
2017.03.23 01:33:47.321,0.85371,0.85382,3.19,1.50
2017.03.23 01:33:47.823,0.85371,0.85381,2.06,1.00
2017.03.23 01:33:48.324,0.85371,0.85381,2.44,1.00
2017.03.23 01:33:49.825,0.85371,0.85379,1.12,1.50
2017.03.23 01:33:50.167,0.85368,0.85377,1.50,1.00
2017.03.23 01:33:50.704,0.85368,0.85377,1.12,1.00
2017.03.23 01:33:52.053,0.85367,0.85377,1.12,1.00
2017.03.23 01:33:53.684,0.85367,0.85375,1.12,1.00
2017.03.23 01:33:53.989,0.85365,0.85373,1.00,1.00
2017.03.23 01:33:54.517,0.85368,0.85375,1.00,1.50
2017.03.23 01:33:54.959,0.85366,0.85375,1.00,1.00
2017.03.23 01:33:56.093,0.85368,0.85377,1.50,2.62
2017.03.23 01:33:56.195,0.85369,0.85378,1.00,1.12
2017.03.23 01:33:56.246,0.85371,0.85379,1.00,1.87
2017.03.23 01:33:56.549,0.85373,0.8538,1.00,1.00
2017.03.23 01:33:57.100,0.85373,0.85378,1.00,1.00
2017.03.23 01:33:57.666,0.85372,0.85378,1.00,1.00
2017.03.23 01:33:57.774,0.8537,0.85378,1.12,1.00
2017.03.23 01:33:58.027,0.85373,0.8538,1.00,1.12
2017.03.23 01:33:58.537,0.85372,0.8538,1.00,1.00
2017.03.23 01:33:59.503,0.85372,0.85378,1.00,1.00
2017.03.23 01:34:00.058,0.85371,0.85378,1.12,1.00
2017.03.23 01:34:00.210,0.85371,0.85381,2.06,1.37
2017.03.23 01:34:00.261,0.85374,0.85381,1.12,1.37
2017.03.23 01:34:00.362,0.85375,0.85383,1.00,2.25
2017.03.23 01:34:00.888,0.85373,0.85382,1.50,1.12
2017.03.23 01:34:01.848,0.85373,0.85382,1.12,1.12
2017.03.23 01:34:02.628,0.85375,0.85383,1.00,2.25
2017.03.23 01:34:03.133,0.85375,0.85381,1.00,1.00
2017.03.23 01:34:03.406,0.85375,0.85383,1.00,1.50
2017.03.23 01:34:05.139,0.85375,0.85381,1.00,1.00
2017.03.23 01:34:05.241,0.85371,0.85379,1.00,1.50
2017.03.23 01:34:05.649,0.85373,0.85382,1.00,2.25
2017.03.23 01:34:05.700,0.85373,0.85382,1.12,2.25
2017.03.23 01:34:05.802,0.85373,0.85383,1.50,1.87
2017.03.23 01:34:06.168,0.85373,0.85383,1.75,1.50
2017.03.23 01:34:06.776,0.85373,0.85381,1.75,1.00
2017.03.23 01:34:06.878,0.85373,0.85381,1.00,1.00
2017.03.23 01:34:06.979,0.8537,0.8538,1.12,1.50
2017.03.23 01:34:07.492,0.85372,0.8538,1.00,1.00
2017.03.23 01:34:08.024,0.85372,0.85381,1.00,1.00
2017.03.23 01:34:08.585,0.85374,0.85383,1.00,1.50
2017.03.23 01:34:08.888,0.85376,0.85384,1.00,1.12
2017.03.23 01:34:09.423,0.85377,0.85385,1.00,1.00
2017.03.23 01:34:09.954,0.85377,0.85383,1.00,1.00
2017.03.23 01:34:11.684,0.85377,0.85384,1.00,1.00
2017.03.23 01:34:12.446,0.85376,0.85384,1.00,1.00
2017.03.23 01:34:13.363,0.85377,0.85384,1.00,1.00
2017.03.23 01:34:14.521,0.85376,0.85384,1.00,1.00
2017.03.23 01:34:15.573,0.85376,0.85385,1.00,1.00
2017.03.23 01:34:16.866,0.85379,0.85386,1.00,1.12
2017.03.23 01:34:17.018,0.8538,0.85388,1.00,1.00
2017.03.23 01:34:17.551,0.85381,0.85388,1.00,1.00
2017.03.23 01:34:19.733,0.85381,0.85387,1.00,1.00
2017.03.23 01:34:19.834,0.85378,0.85383,1.00,1.00
2017.03.23 01:34:19.986,0.85376,0.85382,1.00,1.00
2017.03.23 01:34:20.492,0.85375,0.85383,1.00,1.00
2017.03.23 01:34:21.001,0.85375,0.85382,1.00,1.00
2017.03.23 01:34:21.570,0.85375,0.85383,1.00,1.00
2017.03.23 01:34:22.127,0.85375,0.85382,1.00,1.00
2017.03.23 01:34:22.679,0.85375,0.85381,1.00,1.00
2017.03.23 01:34:24.120,0.85372,0.85379,1.00,1.00
2017.03.23 01:34:26.608,0.85367,0.85377,1.87,1.00
2017.03.23 01:34:26.761,0.85368,0.85374,1.00,1.00
2017.03.23 01:34:27.274,0.85368,0.85376,1.00,1.50
2017.03.23 01:34:31.568,0.85367,0.85375,1.00,1.12
2017.03.23 01:34:32.695,0.85367,0.85373,1.00,1.00
2017.03.23 01:34:35.544,0.85368,0.85373,1.00,1.00
2017.03.23 01:34:35.747,0.85368,0.85375,1.00,1.00
2017.03.23 01:34:35.798,0.85368,0.85373,1.00,1.00
2017.03.23 01:34:36.486,0.85369,0.85375,1.00,1.00
2017.03.23 01:34:36.991,0.8537,0.85375,1.00,1.00
2017.03.23 01:34:39.093,0.85368,0.85372,1.00,1.00
2017.03.23 01:34:39.246,0.85363,0.85369,1.00,1.00
2017.03.23 01:34:39.507,0.85362,0.85367,1.00,1.00
2017.03.23 01:34:40.014,0.85361,0.85368,1.00,1.00
2017.03.23 01:34:40.484,0.85361,0.8537,1.00,2.62
2017.03.23 01:34:40.990,0.85361,0.85369,1.00,1.00
2017.03.23 01:34:41.481,0.85367,0.85373,1.00,1.50
2017.03.23 01:34:41.532,0.85367,0.85374,1.00,1.12
2017.03.23 01:34:42.038,0.85368,0.85375,1.00,1.50
2017.03.23 01:34:42.479,0.85366,0.85373,1.00,1.00
2017.03.23 01:34:43.007,0.85366,0.85374,1.00,1.87
2017.03.23 01:34:48.680,0.85367,0.85374,1.00,1.87
2017.03.23 01:34:48.782,0.85367,0.85374,1.00,1.00
2017.03.23 01:34:49.443,0.85367,0.85375,1.00,1.50
2017.03.23 01:34:49.964,0.85368,0.85375,1.00,1.50
2017.03.23 01:34:50.474,0.85367,0.85375,1.00,1.87
2017.03.23 01:34:50.793,0.85366,0.85373,1.00,1.00
2017.03.23 01:34:51.722,0.85366,0.85374,1.00,1.50
2017.03.23 01:34:52.041,0.85366,0.85372,1.00,1.00
2017.03.23 01:34:56.086,0.85363,0.85368,1.00,1.00
2017.03.23 01:34:56.340,0.8536,0.85366,1.00,1.00
2017.03.23 01:34:56.854,0.85361,0.85367,1.00,1.00
2017.03.23 01:34:57.414,0.85361,0.85368,1.00,1.12
2017.03.23 01:34:58.672,0.85361,0.85369,1.00,1.50
2017.03.23 01:34:59.814,0.85363,0.85371,1.00,1.50
2017.03.23 01:35:00.118,0.85365,0.85371,1.00,1.00
2017.03.23 01:35:02.687,0.85364,0.8537,1.00,1.00
2017.03.23 01:35:03.193,0.85364,0.85371,1.00,1.00
2017.03.23 01:35:03.709,0.85365,0.85372,1.00,1.12
2017.03.23 01:35:04.606,0.85365,0.8537,1.00,1.00
2017.03.23 01:35:05.128,0.85365,0.85371,1.00,1.00
2017.03.23 01:35:05.998,0.85365,0.85372,1.00,1.00
2017.03.23 01:35:09.234,0.85365,0.85371,1.00,1.00
2017.03.23 01:35:10.240,0.85365,0.85373,1.00,1.00
2017.03.23 01:35:11.994,0.85365,0.85372,1.00,1.00
2017.03.23 01:35:12.517,0.85365,0.85373,1.00,1.00
2017.03.23 01:35:13.029,0.85365,0.85374,1.00,1.00
2017.03.23 01:35:13.543,0.85365,0.85373,1.00,1.00
2017.03.23 01:35:19.889,0.85365,0.85372,1.00,1.00
2017.03.23 01:35:19.991,0.85365,0.8537,1.00,1.00
2017.03.23 01:35:21.152,0.85365,0.85371,1.00,1.00
2017.03.23 01:35:21.253,0.85363,0.8537,1.00,1.00
2017.03.23 01:35:21.304,0.85362,0.85368,1.00,1.00
2017.03.23 01:35:22.796,0.85362,0.85367,1.00,1.00
2017.03.23 01:35:23.327,0.8536,0.85367,1.00,1.00
2017.03.23 01:35:23.378,0.85359,0.85365,1.00,1.00
2017.03.23 01:35:24.685,0.85359,0.85367,1.00,1.00
2017.03.23 01:35:25.410,0.85359,0.85368,1.50,1.00
2017.03.23 01:35:25.462,0.85361,0.85368,1.00,1.00
2017.03.23 01:35:26.151,0.85361,0.85369,1.00,1.00
2017.03.23 01:35:27.011,0.8536,0.85367,1.00,1.00
2017.03.23 01:35:29.218,0.85356,0.85367,3.00,1.50
2017.03.23 01:35:29.728,0.85356,0.85366,2.25,1.00
2017.03.23 01:35:30.328,0.85356,0.85367,2.62,1.50
2017.03.23 01:35:30.498,0.85358,0.85367,1.00,1.50
2017.03.23 01:35:31.398,0.85356,0.85367,3.37,1.50
2017.03.23 01:35:31.704,0.85358,0.85368,1.00,1.12
2017.03.23 01:35:32.008,0.8536,0.85369,1.87,1.50
2017.03.23 01:35:34.323,0.8536,0.8537,2.25,1.00
2017.03.23 01:35:35.573,0.85359,0.85368,4.50,1.00
2017.03.23 01:35:35.967,0.85357,0.85367,1.87,1.00
2017.03.23 01:35:36.625,0.85357,0.85367,2.62,1.00
2017.03.23 01:35:37.783,0.85357,0.85368,2.62,1.50
2017.03.23 01:35:38.253,0.85361,0.85369,1.00,1.00
2017.03.23 01:35:38.760,0.85361,0.8537,1.00,1.50
2017.03.23 01:35:41.598,0.85362,0.85371,1.00,1.00
2017.03.23 01:35:42.115,0.85362,0.85372,1.50,1.00
2017.03.23 01:35:43.613,0.85363,0.85372,1.00,1.50
2017.03.23 01:35:44.043,0.85361,0.85372,1.87,1.50
2017.03.23 01:35:44.094,0.85361,0.8537,1.50,1.00
2017.03.23 01:35:44.626,0.85362,0.8537,1.00,1.00
2017.03.23 01:35:46.052,0.85363,0.8537,1.00,1.00
2017.03.23 01:35:46.632,0.85361,0.85372,3.94,1.50
2017.03.23 01:35:47.087,0.85365,0.85374,1.00,1.50
2017.03.23 01:35:47.616,0.85366,0.85374,1.00,1.50
2017.03.23 01:35:48.014,0.85364,0.85373,1.50,1.00
2017.03.23 01:35:48.542,0.85363,0.85373,1.12,1.50
2017.03.23 01:35:51.031,0.85363,0.85371,1.12,1.00
2017.03.23 01:35:51.133,0.85363,0.85373,1.87,1.00
2017.03.23 01:35:51.642,0.85362,0.8537,1.50,1.50
2017.03.23 01:35:51.795,0.85361,0.8537,1.12,1.00
2017.03.23 01:35:51.947,0.8536,0.85368,1.12,1.00
2017.03.23 01:35:52.200,0.85361,0.8537,1.00,1.00
2017.03.23 01:35:54.901,0.85361,0.85371,1.00,1.50
2017.03.23 01:36:00.784,0.85359,0.85368,1.50,1.00
2017.03.23 01:36:01.091,0.85357,0.85366,1.87,1.00
2017.03.23 01:36:04.059,0.85355,0.85364,1.00,1.00
2017.03.23 01:36:04.312,0.85353,0.85363,2.62,1.00
2017.03.23 01:36:04.830,0.85354,0.85364,1.00,1.50
2017.03.23 01:36:05.235,0.85358,0.85364,1.00,1.00
2017.03.23 01:36:05.438,0.85359,0.85368,1.50,1.31
2017.03.23 01:36:06.755,0.85359,0.85365,1.00,1.00
2017.03.23 01:36:07.265,0.85358,0.85365,1.00,1.00
2017.03.23 01:36:08.553,0.85358,0.85367,1.00,1.00
2017.03.23 01:36:09.879,0.85359,0.85368,1.00,1.50
2017.03.23 01:36:10.031,0.85362,0.85369,1.00,1.00
2017.03.23 01:36:10.385,0.85365,0.85372,1.00,1.75
2017.03.23 01:36:10.487,0.85365,0.85374,1.00,2.06
2017.03.23 01:36:11.062,0.85365,0.85374,1.00,1.12
2017.03.23 01:36:11.165,0.85361,0.85371,2.62,1.69
2017.03.23 01:36:11.216,0.85361,0.85369,1.12,1.00
2017.03.23 01:36:11.426,0.85359,0.85369,1.00,1.87
2017.03.23 01:36:11.679,0.85361,0.85371,1.00,3.56
2017.03.23 01:36:12.251,0.85361,0.85369,1.00,1.00
2017.03.23 01:36:12.606,0.85361,0.85371,1.00,1.00
2017.03.23 01:36:13.117,0.85362,0.85372,1.00,2.06
2017.03.23 01:36:13.876,0.85364,0.85372,1.00,1.12
2017.03.23 01:36:14.029,0.85365,0.85374,1.00,1.12
2017.03.23 01:36:14.554,0.85366,0.85376,1.00,3.94
2017.03.23 01:36:18.971,0.85366,0.85373,1.00,1.00
2017.03.23 01:36:19.950,0.85366,0.85374,1.00,1.50
2017.03.23 01:36:20.310,0.85368,0.85375,1.00,1.12
2017.03.23 01:36:20.563,0.85366,0.85376,1.00,2.62
2017.03.23 01:36:21.585,0.85368,0.85376,1.00,2.62
2017.03.23 01:36:22.117,0.85368,0.85376,1.00,1.50
2017.03.23 01:36:23.419,0.85367,0.85376,1.00,1.50
2017.03.23 01:36:26.436,0.85369,0.85379,1.00,3.00
2017.03.23 01:36:26.958,0.85369,0.85379,2.25,1.25
2017.03.23 01:36:28.162,0.8537,0.85379,1.00,1.25
2017.03.23 01:36:29.560,0.85372,0.85381,1.00,3.19
2017.03.23 01:36:29.873,0.85372,0.85378,1.00,1.00
2017.03.23 01:36:30.481,0.85371,0.85378,1.00,1.00
2017.03.23 01:36:30.583,0.85371,0.8538,1.00,1.00
2017.03.23 01:36:32.131,0.85371,0.85379,1.00,1.00
2017.03.23 01:36:32.552,0.85374,0.85379,1.00,1.00
2017.03.23 01:36:32.654,0.85374,0.85382,2.62,1.00
2017.03.23 01:36:32.706,0.85375,0.85384,1.00,1.12
2017.03.23 01:36:32.809,0.85376,0.85386,1.00,2.62
2017.03.23 01:36:33.238,0.85377,0.85388,2.25,1.87
2017.03.23 01:36:33.740,0.85378,0.85388,2.25,1.37
2017.03.23 01:36:33.842,0.8538,0.85388,1.00,1.12
2017.03.23 01:36:35.162,0.8538,0.85388,1.00,1.37
2017.03.23 01:36:35.703,0.8538,0.85388,1.00,1.00
2017.03.23 01:36:35.829,0.8538,0.8539,1.00,1.87
2017.03.23 01:36:36.082,0.8538,0.85388,1.00,1.00
2017.03.23 01:36:36.716,0.85379,0.85388,1.50,1.00
2017.03.23 01:36:38.084,0.85378,0.85388,1.25,1.50
2017.03.23 01:36:38.535,0.8538,0.85388,1.00,1.50
2017.03.23 01:36:38.892,0.85377,0.85387,2.62,1.00
2017.03.23 01:36:39.606,0.85377,0.85386,1.12,1.00
2017.03.23 01:36:39.759,0.85379,0.85389,1.00,1.12
2017.03.23 01:36:40.298,0.8538,0.85388,1.00,1.00
2017.03.23 01:36:40.994,0.85379,0.85387,1.12,1.00
2017.03.23 01:36:41.631,0.85377,0.85386,3.00,1.00
2017.03.23 01:36:41.682,0.85377,0.85384,2.25,1.00
2017.03.23 01:36:41.732,0.85376,0.85384,3.37,1.00
2017.03.23 01:36:41.784,0.85378,0.85387,1.00,1.00
2017.03.23 01:36:42.305,0.85377,0.85388,4.12,1.50
2017.03.23 01:36:42.356,0.85377,0.85388,4.87,1.50
2017.03.23 01:36:42.659,0.85379,0.85386,1.00,1.00
2017.03.23 01:36:44.124,0.85377,0.85386,3.00,1.00
2017.03.23 01:36:44.670,0.85377,0.85385,1.12,1.00
2017.03.23 01:36:45.584,0.85377,0.85386,1.00,1.00
2017.03.23 01:36:46.667,0.85377,0.85384,1.00,1.00
2017.03.23 01:36:47.223,0.85376,0.85384,1.87,1.00
2017.03.23 01:36:47.553,0.85378,0.85387,1.00,1.26
2017.03.23 01:36:50.795,0.85378,0.85386,1.00,1.01
2017.03.23 01:36:50.947,0.85375,0.85384,1.00,1.00
2017.03.23 01:36:51.099,0.85376,0.85382,1.00,1.00
2017.03.23 01:36:53.093,0.85374,0.85382,1.00,1.00
2017.03.23 01:36:53.726,0.85373,0.85382,1.00,1.01
2017.03.23 01:36:54.317,0.85373,0.85381,1.00,1.00
2017.03.23 01:36:54.722,0.85375,0.85383,1.00,1.26
2017.03.23 01:36:54.773,0.85375,0.85384,1.37,1.12
2017.03.23 01:36:55.279,0.85376,0.85385,1.00,1.00
2017.03.23 01:36:55.795,0.85376,0.85386,1.00,1.25
2017.03.23 01:36:56.313,0.85376,0.85385,1.00,1.00
2017.03.23 01:36:56.824,0.85377,0.85385,1.00,1.00
2017.03.23 01:36:57.444,0.85377,0.85386,1.00,1.25
2017.03.23 01:36:58.259,0.85377,0.85384,1.00,1.00
2017.03.23 01:36:59.309,0.85377,0.85385,1.00,1.00
2017.03.23 01:37:00.635,0.85376,0.85384,1.00,1.25
2017.03.23 01:37:00.837,0.85374,0.85383,1.00,1.31
2017.03.23 01:37:00.888,0.85376,0.85383,1.00,2.44
2017.03.23 01:37:02.759,0.85376,0.85383,1.00,1.50
2017.03.23 01:37:03.013,0.85378,0.85386,1.00,1.87
2017.03.23 01:37:03.536,0.85379,0.85387,1.00,1.00
2017.03.23 01:37:04.098,0.85379,0.85388,1.00,1.12
2017.03.23 01:37:05.083,0.85379,0.85387,1.00,1.00
2017.03.23 01:37:09.104,0.85381,0.85388,1.00,1.87
2017.03.23 01:37:09.437,0.85381,0.85386,1.00,1.00
2017.03.23 01:37:10.218,0.85381,0.85387,1.00,1.00
2017.03.23 01:37:12.264,0.8538,0.85387,1.00,1.00
2017.03.23 01:37:14.852,0.8538,0.85388,1.00,1.50
2017.03.23 01:37:15.638,0.85381,0.85388,1.00,1.50
2017.03.23 01:37:15.941,0.85383,0.85391,1.00,1.12
2017.03.23 01:37:16.500,0.85383,0.85389,1.00,1.12
2017.03.23 01:37:16.551,0.8538,0.85388,1.00,1.00
2017.03.23 01:37:17.064,0.85381,0.85389,1.00,1.12
2017.03.23 01:37:17.563,0.85384,0.85389,1.00,1.12
2017.03.23 01:37:18.581,0.85384,0.85391,1.00,1.87
2017.03.23 01:37:19.087,0.85385,0.85392,1.00,1.50
2017.03.23 01:37:22.170,0.85386,0.85392,1.00,1.50
2017.03.23 01:37:22.724,0.85386,0.85392,1.00,1.00
2017.03.23 01:37:23.922,0.85389,0.85394,1.00,1.00
2017.03.23 01:37:24.098,0.85389,0.85397,1.00,1.50
2017.03.23 01:37:24.149,0.85389,0.85394,1.00,1.50
2017.03.23 01:37:24.302,0.85387,0.85394,1.00,1.00
2017.03.23 01:37:24.807,0.85387,0.85393,1.00,1.00
2017.03.23 01:37:25.314,0.85388,0.85392,1.00,1.00
2017.03.23 01:37:26.238,0.85388,0.85393,1.00,1.00
2017.03.23 01:37:28.311,0.85387,0.85393,1.00,1.00
2017.03.23 01:37:28.665,0.85385,0.85392,1.00,1.00
2017.03.23 01:37:28.716,0.85389,0.85393,1.00,1.12
2017.03.23 01:37:29.254,0.85388,0.85393,1.00,1.00
2017.03.23 01:37:31.635,0.85388,0.85392,1.00,1.00
2017.03.23 01:37:31.828,0.85389,0.85395,1.00,1.00
2017.03.23 01:37:31.880,0.85391,0.85397,1.00,2.25
2017.03.23 01:37:31.931,0.85393,0.85399,1.00,3.00
2017.03.23 01:37:32.032,0.85395,0.85401,1.00,1.87
2017.03.23 01:37:32.134,0.85395,0.85403,1.00,2.44
2017.03.23 01:37:32.389,0.85393,0.85401,1.00,1.00
2017.03.23 01:37:33.391,0.85391,0.85398,1.00,1.00
2017.03.23 01:37:33.707,0.85394,0.854,1.00,1.12
2017.03.23 01:37:34.688,0.85394,0.85401,1.00,1.00
2017.03.23 01:37:35.674,0.85394,0.854,1.00,1.00
2017.03.23 01:37:36.111,0.85391,0.854,1.00,1.12
2017.03.23 01:37:37.139,0.85393,0.85399,1.00,1.00
2017.03.23 01:37:37.604,0.85393,0.85401,1.00,1.12
2017.03.23 01:37:38.110,0.85394,0.85401,1.00,1.00
2017.03.23 01:37:38.592,0.85394,0.85403,1.00,1.00
2017.03.23 01:37:39.093,0.85395,0.85403,1.00,1.00
2017.03.23 01:37:39.958,0.85394,0.85403,1.50,1.12
2017.03.23 01:37:41.024,0.85393,0.85403,1.69,1.00
2017.03.23 01:37:42.415,0.85393,0.85402,1.25,1.00
2017.03.23 01:37:42.918,0.85393,0.85401,1.00,1.50
2017.03.23 01:37:42.969,0.85391,0.85401,2.81,1.50
2017.03.23 01:37:43.800,0.85392,0.85401,1.50,1.00
2017.03.23 01:37:44.447,0.85393,0.85401,1.00,1.00
2017.03.23 01:37:46.136,0.85393,0.85404,2.25,3.37
2017.03.23 01:37:46.187,0.85394,0.85402,1.00,1.00
2017.03.23 01:37:46.238,0.85392,0.85403,2.25,1.00
2017.03.23 01:37:47.244,0.85394,0.85403,1.00,1.50
2017.03.23 01:37:48.262,0.85392,0.854,1.50,1.00
2017.03.23 01:37:48.516,0.8539,0.854,2.62,1.00
2017.03.23 01:37:48.667,0.85389,0.85398,2.62,1.00
2017.03.23 01:37:48.819,0.85388,0.85398,1.87,1.12
2017.03.23 01:37:49.287,0.8539,0.85399,1.00,1.00
2017.03.23 01:37:51.719,0.85391,0.85401,1.69,1.00
2017.03.23 01:37:51.770,0.85393,0.85401,1.00,1.00
2017.03.23 01:37:52.364,0.85394,0.85401,1.00,1.00
2017.03.23 01:37:52.760,0.85394,0.85403,1.00,1.50
2017.03.23 01:37:52.912,0.85394,0.85401,1.00,1.00
2017.03.23 01:37:53.115,0.85392,0.85401,1.00,1.00
2017.03.23 01:37:54.277,0.8539,0.85398,3.37,1.00
2017.03.23 01:37:54.582,0.85388,0.85396,1.50,1.00
2017.03.23 01:37:55.321,0.85388,0.85398,2.44,1.00
2017.03.23 01:37:55.473,0.85389,0.85399,2.81,1.00
2017.03.23 01:37:56.007,0.85396,0.854,1.00,1.00
2017.03.23 01:37:56.058,0.85391,0.85402,5.44,2.62
2017.03.23 01:37:56.160,0.85397,0.85403,1.00,1.00
2017.03.23 01:37:56.211,0.85397,0.85405,1.00,1.00
2017.03.23 01:37:56.312,0.85397,0.85407,2.25,1.12
2017.03.23 01:37:56.363,0.85399,0.85407,1.00,1.12
2017.03.23 01:37:56.936,0.85399,0.85409,2.25,1.12
2017.03.23 01:37:57.088,0.85401,0.85409,1.00,1.00
2017.03.23 01:37:57.614,0.85399,0.8541,1.50,1.50
2017.03.23 01:37:58.137,0.85399,0.85409,1.50,1.00
2017.03.23 01:37:58.698,0.85399,0.85406,1.00,1.00
2017.03.23 01:38:00.095,0.85399,0.85407,1.00,1.00
2017.03.23 01:38:00.398,0.85394,0.854,1.87,1.00
2017.03.23 01:38:00.702,0.85394,0.85402,1.37,1.00
2017.03.23 01:38:00.854,0.85392,0.85401,1.62,1.00
2017.03.23 01:38:00.905,0.85392,0.85398,1.00,1.00
2017.03.23 01:38:01.057,0.8539,0.85398,1.50,1.00
2017.03.23 01:38:01.817,0.8539,0.85396,1.00,1.00
2017.03.23 01:38:02.324,0.85389,0.85396,1.12,1.00
2017.03.23 01:38:02.631,0.85393,0.854,1.00,1.00
2017.03.23 01:38:03.137,0.85393,0.85399,1.00,1.00
2017.03.23 01:38:03.642,0.85393,0.854,1.00,1.25
2017.03.23 01:38:04.561,0.85393,0.85402,1.00,2.25
2017.03.23 01:38:04.883,0.85396,0.85401,1.00,1.00
2017.03.23 01:38:05.425,0.85396,0.85402,1.00,1.00
2017.03.23 01:38:05.881,0.85395,0.85404,1.00,1.00
2017.03.23 01:38:06.135,0.85393,0.85401,1.12,1.00
2017.03.23 01:38:06.379,0.85391,0.85401,1.50,3.37
2017.03.23 01:38:06.683,0.85391,0.854,1.00,1.50
2017.03.23 01:38:07.193,0.85391,0.85398,1.00,1.12
2017.03.23 01:38:09.835,0.8539,0.85398,1.06,1.00
2017.03.23 01:38:10.420,0.8539,0.854,1.06,2.25
2017.03.23 01:38:10.935,0.85389,0.854,1.06,3.75
2017.03.23 01:38:11.657,0.8539,0.854,1.31,3.37
2017.03.23 01:38:11.960,0.85392,0.854,1.31,1.00
2017.03.23 01:38:15.558,0.85392,0.854,1.06,1.00
2017.03.23 01:38:17.565,0.85393,0.85401,1.00,1.50
2017.03.23 01:38:19.072,0.85392,0.85401,1.06,1.50
2017.03.23 01:38:19.983,0.85391,0.854,1.06,1.87
2017.03.23 01:38:20.489,0.85391,0.85399,1.00,1.12
2017.03.23 01:38:21.021,0.8539,0.85398,1.00,1.00
2017.03.23 01:38:21.571,0.85389,0.85398,1.00,1.12
2017.03.23 01:38:22.855,0.85389,0.85398,1.31,1.12
2017.03.23 01:38:23.520,0.85392,0.85399,1.00,1.37
2017.03.23 01:38:23.622,0.85392,0.854,1.00,1.12
2017.03.23 01:38:24.771,0.85391,0.854,1.06,1.12
2017.03.23 01:38:25.586,0.85393,0.85401,1.00,1.87
2017.03.23 01:38:26.118,0.85394,0.85401,1.00,1.12
2017.03.23 01:38:27.213,0.85393,0.85401,1.00,1.00
2017.03.23 01:38:27.734,0.85393,0.854,1.00,1.00
2017.03.23 01:38:30.714,0.85393,0.85401,1.00,1.87
2017.03.23 01:38:32.046,0.85392,0.85401,1.00,1.12
2017.03.23 01:38:32.448,0.85391,0.85398,1.00,1.00
2017.03.23 01:38:33.031,0.85391,0.854,1.00,1.00
2017.03.23 01:38:33.234,0.8539,0.854,1.50,1.37
2017.03.23 01:38:33.781,0.8539,0.854,1.50,1.12
2017.03.23 01:38:33.832,0.85392,0.854,1.00,1.12
2017.03.23 01:38:34.663,0.8539,0.85399,1.00,1.12
2017.03.23 01:38:37.586,0.8539,0.85398,1.00,1.00
2017.03.23 01:38:39.597,0.85392,0.85399,1.00,1.12
2017.03.23 01:38:40.119,0.85392,0.854,1.00,1.12
2017.03.23 01:38:40.681,0.85393,0.85401,1.00,2.62
2017.03.23 01:38:41.204,0.85394,0.85401,1.00,1.12
2017.03.23 01:38:41.604,0.85392,0.85399,1.00,1.00
2017.03.23 01:38:42.105,0.85392,0.854,1.00,1.00
2017.03.23 01:38:42.613,0.85391,0.854,1.00,1.00
2017.03.23 01:38:44.019,0.85392,0.85401,1.00,1.87
2017.03.23 01:38:44.801,0.85392,0.854,1.00,1.12
2017.03.23 01:38:45.307,0.85391,0.854,1.00,1.12
2017.03.23 01:38:46.483,0.85391,0.85398,1.00,1.00
2017.03.23 01:38:46.793,0.85387,0.85395,1.00,1.00
2017.03.23 01:38:47.299,0.85388,0.85395,1.00,1.12
2017.03.23 01:38:47.702,0.85386,0.85395,1.50,1.00
2017.03.23 01:38:48.443,0.85386,0.85395,1.00,2.06
2017.03.23 01:38:49.025,0.85385,0.85395,1.00,2.44
2017.03.23 01:38:50.346,0.85385,0.85395,1.00,3.56
2017.03.23 01:38:50.879,0.85385,0.85395,1.00,2.81
2017.03.23 01:38:51.086,0.85383,0.85392,1.00,1.00
2017.03.23 01:38:51.591,0.85382,0.85392,1.00,1.25
2017.03.23 01:38:51.903,0.85384,0.85392,1.00,1.37
2017.03.23 01:38:52.005,0.85385,0.85393,1.00,1.00
2017.03.23 01:38:52.207,0.85388,0.85394,1.00,1.00
2017.03.23 01:38:52.258,0.85386,0.85394,1.00,1.00
2017.03.23 01:38:52.309,0.85387,0.85396,1.00,1.31
2017.03.23 01:38:52.824,0.85388,0.85396,1.00,1.69
2017.03.23 01:38:54.035,0.85388,0.85395,1.00,1.00
2017.03.23 01:38:54.295,0.85388,0.85397,1.00,1.50
2017.03.23 01:38:54.821,0.85391,0.85398,1.00,1.25
2017.03.23 01:38:56.095,0.85391,0.85397,1.00,1.00
2017.03.23 01:39:00.051,0.8539,0.85399,1.00,1.31
2017.03.23 01:39:00.556,0.85391,0.85398,1.00,1.25
2017.03.23 01:39:03.907,0.85388,0.85397,1.50,1.00
2017.03.23 01:39:06.049,0.85389,0.85399,1.00,1.00
2017.03.23 01:39:06.555,0.85389,0.85399,3.75,1.00
2017.03.23 01:39:07.231,0.85389,0.85397,1.87,1.00
2017.03.23 01:39:07.737,0.85387,0.85398,2.25,1.50
2017.03.23 01:39:07.890,0.85386,0.85395,1.87,1.00
2017.03.23 01:39:08.395,0.85386,0.85396,1.12,1.00
2017.03.23 01:39:08.901,0.85387,0.85397,1.50,1.50
2017.03.23 01:39:09.413,0.85388,0.85397,1.50,1.00
2017.03.23 01:39:09.928,0.85388,0.85396,1.50,1.00
2017.03.23 01:39:10.131,0.85385,0.85395,2.25,1.50
2017.03.23 01:39:10.182,0.85384,0.85392,2.25,1.00
2017.03.23 01:39:10.711,0.85383,0.85393,2.81,1.00
2017.03.23 01:39:11.222,0.85382,0.85392,4.87,1.00
2017.03.23 01:39:11.553,0.85382,0.8539,2.25,1.00
2017.03.23 01:39:12.674,0.8538,0.8539,2.25,1.00
2017.03.23 01:39:12.725,0.8538,0.85388,2.62,1.00
2017.03.23 01:39:12.776,0.8538,0.8539,2.25,1.00
2017.03.23 01:39:13.760,0.85381,0.8539,1.00,1.00
2017.03.23 01:39:14.556,0.8538,0.8539,1.50,1.00
2017.03.23 01:39:14.607,0.8538,0.85388,1.50,1.00
2017.03.23 01:39:14.860,0.85378,0.85388,3.00,1.00
2017.03.23 01:39:15.398,0.85378,0.85389,2.25,1.50
2017.03.23 01:39:15.727,0.8538,0.85389,1.00,1.00
2017.03.23 01:39:16.830,0.85381,0.8539,1.00,1.00
2017.03.23 01:39:17.378,0.85382,0.8539,1.00,1.00
2017.03.23 01:39:17.755,0.8538,0.8539,1.87,1.00
2017.03.23 01:39:18.378,0.85379,0.8539,2.62,1.50
2017.03.23 01:39:18.479,0.85381,0.85392,1.50,3.56
2017.03.23 01:39:19.029,0.85381,0.85392,3.00,2.44
2017.03.23 01:39:19.535,0.85382,0.85392,1.00,2.44
2017.03.23 01:39:20.047,0.85381,0.85392,2.25,2.44
2017.03.23 01:39:20.444,0.85383,0.85392,1.50,1.87
2017.03.23 01:39:20.971,0.85382,0.85393,2.25,1.31
2017.03.23 01:39:21.375,0.85383,0.85391,1.00,1.00
2017.03.23 01:39:21.478,0.85381,0.85391,1.00,1.00
2017.03.23 01:39:23.152,0.85381,0.8539,1.00,1.00
2017.03.23 01:39:23.305,0.85379,0.85388,1.00,1.00
2017.03.23 01:39:23.458,0.8538,0.8539,1.69,1.50
2017.03.23 01:39:23.561,0.85382,0.8539,1.00,1.50
2017.03.23 01:39:24.068,0.85384,0.85392,1.00,1.00
2017.03.23 01:39:24.170,0.85382,0.85392,1.50,1.50
2017.03.23 01:39:24.395,0.85384,0.85393,1.00,1.12
2017.03.23 01:39:25.256,0.85384,0.85394,1.50,1.00
2017.03.23 01:39:25.560,0.85387,0.85395,1.50,1.00
2017.03.23 01:39:25.611,0.85387,0.85397,1.50,1.50
2017.03.23 01:39:26.129,0.85388,0.85397,1.00,1.50
2017.03.23 01:39:26.689,0.85387,0.85397,1.50,1.00
2017.03.23 01:39:27.395,0.85387,0.85396,1.00,1.00
2017.03.23 01:39:27.901,0.85386,0.85395,1.12,1.00
2017.03.23 01:39:28.397,0.85388,0.85396,1.50,1.00
2017.03.23 01:39:28.499,0.85388,0.85398,1.50,1.12
2017.03.23 01:39:29.412,0.85389,0.85398,1.00,1.00
2017.03.23 01:39:32.056,0.85389,0.85397,1.00,1.00
2017.03.23 01:39:32.239,0.8539,0.854,1.00,3.19
2017.03.23 01:39:32.340,0.85389,0.85394,1.12,1.00
2017.03.23 01:39:32.442,0.85387,0.85394,1.00,1.00
2017.03.23 01:39:32.899,0.85387,0.85396,1.00,1.50
2017.03.23 01:39:33.406,0.85387,0.85395,1.00,1.00
2017.03.23 01:39:35.094,0.85385,0.85395,1.00,2.81
2017.03.23 01:39:35.297,0.85384,0.85392,1.00,1.00
2017.03.23 01:39:35.911,0.85386,0.85392,1.00,1.00
2017.03.23 01:39:36.423,0.85386,0.85393,1.00,1.25
2017.03.23 01:39:39.693,0.85387,0.85392,1.00,1.00
2017.03.23 01:39:39.744,0.85385,0.85391,1.00,1.00
2017.03.23 01:39:41.154,0.85385,0.85393,1.00,2.06
2017.03.23 01:39:42.017,0.85386,0.85394,1.00,2.25
2017.03.23 01:39:42.653,0.85385,0.85394,1.00,2.25
2017.03.23 01:39:43.295,0.85385,0.85394,1.00,2.25
2017.03.23 01:39:43.835,0.85385,0.85394,1.00,2.25
2017.03.23 01:39:44.595,0.85388,0.85396,1.00,2.06
2017.03.23 01:39:44.747,0.85389,0.85397,1.00,1.12
2017.03.23 01:39:44.848,0.85392,0.85398,1.00,1.50
2017.03.23 01:39:44.950,0.85394,0.854,1.00,1.00
2017.03.23 01:39:45.052,0.85395,0.85402,1.00,1.00
2017.03.23 01:39:45.558,0.85394,0.85402,1.00,1.00
2017.03.23 01:39:46.084,0.85395,0.85402,1.00,1.00
2017.03.23 01:39:49.866,0.85394,0.85402,1.00,1.87
2017.03.23 01:39:49.968,0.85392,0.85402,1.00,1.87
2017.03.23 01:39:50.686,0.85391,0.85397,1.12,1.00
2017.03.23 01:39:51.177,0.85389,0.85393,1.00,1.00
2017.03.23 01:39:51.279,0.85387,0.85393,1.12,1.00
2017.03.23 01:39:51.532,0.85385,0.85392,1.00,1.00
2017.03.23 01:39:52.289,0.85388,0.85393,1.00,1.00
2017.03.23 01:39:52.595,0.85391,0.85396,1.00,1.00
2017.03.23 01:39:53.163,0.85391,0.85396,1.50,1.00
2017.03.23 01:39:54.952,0.85391,0.85396,1.00,1.00
2017.03.23 01:39:56.505,0.8539,0.85396,1.00,1.00
2017.03.23 01:39:59.818,0.85389,0.85395,1.81,1.00
2017.03.23 01:40:00.342,0.8539,0.85396,1.31,1.00
2017.03.23 01:40:01.247,0.8539,0.85396,1.06,1.00
2017.03.23 01:40:02.181,0.85388,0.85396,1.00,1.00
2017.03.23 01:40:02.232,0.85387,0.85394,1.44,1.00
2017.03.23 01:40:02.750,0.85386,0.85393,1.00,1.00
2017.03.23 01:40:03.569,0.85388,0.85395,1.00,1.00
2017.03.23 01:40:03.873,0.85391,0.85398,1.00,1.00
2017.03.23 01:40:04.740,0.8539,0.85398,1.00,1.00
2017.03.23 01:40:05.836,0.85389,0.85398,1.00,1.00
2017.03.23 01:40:06.148,0.85389,0.85396,1.00,1.00
2017.03.23 01:40:07.704,0.85388,0.85396,2.56,1.00
2017.03.23 01:40:10.050,0.85389,0.85396,1.00,1.00
2017.03.23 01:40:13.343,0.85392,0.85399,1.50,1.00
2017.03.23 01:40:13.395,0.85392,0.85401,1.69,1.00
2017.03.23 01:40:13.446,0.85394,0.85401,1.69,1.00
2017.03.23 01:40:13.598,0.85392,0.85399,1.50,1.00
2017.03.23 01:40:13.700,0.85392,0.85397,1.00,1.00
2017.03.23 01:40:14.242,0.85391,0.85397,1.00,1.00
2017.03.23 01:40:14.748,0.8539,0.85399,1.00,1.00
2017.03.23 01:40:15.255,0.85391,0.85399,1.06,1.00
2017.03.23 01:40:21.113,0.8539,0.85398,1.31,1.00
2017.03.23 01:40:24.175,0.8539,0.85398,1.75,1.00
2017.03.23 01:40:24.987,0.85391,0.85398,1.00,1.00
2017.03.23 01:40:29.231,0.85395,0.85402,1.69,1.00
2017.03.23 01:40:29.686,0.85396,0.85404,1.50,1.00
2017.03.23 01:40:29.788,0.85397,0.85406,1.87,2.25
2017.03.23 01:40:33.764,0.85397,0.85407,1.50,1.12
2017.03.23 01:40:34.376,0.85397,0.85407,2.25,1.00
2017.03.23 01:40:34.886,0.85397,0.85407,1.12,2.25
2017.03.23 01:40:35.665,0.85398,0.85407,1.00,2.25
2017.03.23 01:40:36.526,0.85398,0.85408,1.87,1.87
2017.03.23 01:40:37.081,0.85399,0.85408,1.00,1.87
2017.03.23 01:40:37.249,0.85401,0.8541,1.50,1.87
2017.03.23 01:40:37.554,0.85403,0.85411,1.00,2.25
2017.03.23 01:40:38.312,0.85403,0.8541,1.00,1.00
2017.03.23 01:40:38.466,0.854,0.85408,1.00,1.00
2017.03.23 01:40:38.720,0.85399,0.85406,1.50,1.00
2017.03.23 01:40:38.924,0.85396,0.85406,1.50,1.00
2017.03.23 01:40:39.453,0.85396,0.85405,1.50,1.00
2017.03.23 01:40:39.554,0.85397,0.85407,1.00,1.25
2017.03.23 01:40:40.485,0.85396,0.85407,2.25,1.69
2017.03.23 01:40:41.422,0.85398,0.85406,1.00,1.00
2017.03.23 01:40:42.043,0.85398,0.85404,1.00,1.00
2017.03.23 01:40:42.581,0.85394,0.85403,2.25,1.00
2017.03.23 01:40:43.395,0.85395,0.85404,2.25,1.37
2017.03.23 01:40:44.591,0.85395,0.85404,1.00,1.37
2017.03.23 01:40:45.097,0.85394,0.85404,1.12,2.62
2017.03.23 01:40:45.603,0.85394,0.85404,1.75,2.62
2017.03.23 01:40:45.806,0.85394,0.85404,2.25,1.87
2017.03.23 01:40:47.988,0.85395,0.85404,1.00,1.50
2017.03.23 01:40:48.671,0.85396,0.85404,1.00,1.37
2017.03.23 01:40:54.733,0.85397,0.85405,1.00,1.75
2017.03.23 01:40:54.834,0.85397,0.85405,1.00,1.00
2017.03.23 01:40:55.692,0.85399,0.85407,1.00,1.87
2017.03.23 01:40:55.794,0.854,0.85408,1.00,1.50
2017.03.23 01:40:56.315,0.85399,0.85408,1.00,3.37
2017.03.23 01:40:56.856,0.85399,0.85407,1.00,1.00
2017.03.23 01:40:59.740,0.85398,0.85405,1.12,1.00
2017.03.23 01:41:00.268,0.85398,0.85403,1.00,1.50
2017.03.23 01:41:00.319,0.85395,0.85403,1.00,1.50
2017.03.23 01:41:00.835,0.85396,0.85403,1.00,1.00
2017.03.23 01:41:01.110,0.85397,0.85405,1.00,1.69
2017.03.23 01:41:02.164,0.85395,0.85405,1.00,1.25
2017.03.23 01:41:03.565,0.85395,0.85404,1.00,1.00
2017.03.23 01:41:06.305,0.85396,0.85406,1.50,1.31
2017.03.23 01:41:06.515,0.85399,0.85407,1.00,1.00
2017.03.23 01:41:07.018,0.85398,0.85408,1.00,1.12
2017.03.23 01:41:07.835,0.85399,0.85408,1.00,1.87
2017.03.23 01:41:08.341,0.85399,0.85409,1.00,1.00
2017.03.23 01:41:10.651,0.85399,0.85409,1.00,2.62
2017.03.23 01:41:11.999,0.85398,0.85408,1.00,1.50
2017.03.23 01:41:13.435,0.85398,0.85407,1.00,1.75
2017.03.23 01:41:13.536,0.85395,0.85404,1.50,1.00
2017.03.23 01:41:13.588,0.85395,0.85402,1.50,1.00
2017.03.23 01:41:13.690,0.85395,0.85404,1.00,1.50
2017.03.23 01:41:13.943,0.85394,0.85402,1.00,1.50
2017.03.23 01:41:14.466,0.85391,0.85402,4.31,1.00
2017.03.23 01:41:14.926,0.85394,0.85404,1.50,1.00
2017.03.23 01:41:21.582,0.85395,0.85405,1.12,2.81
2017.03.23 01:41:23.418,0.85396,0.85405,1.00,1.00
2017.03.23 01:41:23.772,0.85396,0.85407,1.50,1.50
2017.03.23 01:41:24.792,0.85396,0.85408,1.50,1.12
2017.03.23 01:41:25.284,0.85396,0.85405,1.00,1.00
2017.03.23 01:41:25.587,0.85394,0.85403,1.50,1.00
2017.03.23 01:41:26.870,0.85394,0.85403,2.25,1.00
2017.03.23 01:41:28.055,0.85394,0.85405,1.50,1.87
2017.03.23 01:41:30.069,0.85394,0.85403,1.50,1.00
2017.03.23 01:41:30.603,0.85394,0.85404,3.00,1.00
2017.03.23 01:41:31.847,0.85397,0.85406,1.00,2.25
2017.03.23 01:41:31.999,0.85397,0.85407,1.00,1.25
2017.03.23 01:41:32.051,0.85399,0.85408,1.00,2.25
2017.03.23 01:41:32.809,0.85398,0.85407,1.00,1.00
2017.03.23 01:41:33.115,0.85397,0.85405,1.00,1.00
2017.03.23 01:41:33.480,0.85397,0.85408,1.06,1.00
2017.03.23 01:41:34.048,0.85397,0.85408,1.44,1.00
2017.03.23 01:41:34.554,0.85398,0.85407,1.00,1.00
2017.03.23 01:41:35.084,0.85396,0.85407,1.81,1.00
2017.03.23 01:41:35.427,0.854,0.85407,1.00,1.00
2017.03.23 01:41:35.942,0.85401,0.85408,1.00,1.00
2017.03.23 01:41:36.403,0.85402,0.8541,1.00,1.00
2017.03.23 01:41:36.657,0.85404,0.85413,1.00,1.00
2017.03.23 01:41:37.201,0.85405,0.85413,1.00,1.12
2017.03.23 01:41:37.353,0.85409,0.85415,1.00,1.12
2017.03.23 01:41:37.404,0.85408,0.85417,1.50,1.75
2017.03.23 01:41:37.455,0.85409,0.85419,1.00,1.37
2017.03.23 01:41:37.506,0.85408,0.85416,1.00,1.00
2017.03.23 01:41:37.810,0.8541,0.85419,1.00,1.87
2017.03.23 01:41:38.333,0.85411,0.85419,1.00,1.00
2017.03.23 01:41:38.861,0.85411,0.85421,1.00,1.87
2017.03.23 01:41:39.411,0.8541,0.8542,2.62,1.12
2017.03.23 01:41:39.743,0.85413,0.85421,1.25,1.00
2017.03.23 01:41:39.945,0.85414,0.85424,1.69,1.12
2017.03.23 01:41:40.186,0.85417,0.85425,1.00,1.50
2017.03.23 01:41:40.395,0.85421,0.8543,1.25,1.87
2017.03.23 01:41:40.601,0.85416,0.85428,2.06,2.25
2017.03.23 01:41:40.653,0.85416,0.85426,1.62,1.37
2017.03.23 01:41:41.159,0.85418,0.85426,1.69,1.00
2017.03.23 01:41:41.502,0.85419,0.8543,2.06,1.00
2017.03.23 01:41:41.553,0.85419,0.85428,2.06,1.00
2017.03.23 01:41:41.807,0.85419,0.8543,1.25,1.12
2017.03.23 01:41:41.959,0.85419,0.85428,1.44,1.00
2017.03.23 01:41:42.060,0.85419,0.8543,1.00,1.12
2017.03.23 01:41:42.263,0.8542,0.85431,1.19,1.87
2017.03.23 01:41:42.786,0.85421,0.85431,1.00,1.50
2017.03.23 01:41:43.451,0.85421,0.85431,1.25,2.62
2017.03.23 01:41:44.261,0.85422,0.8543,1.25,1.50
2017.03.23 01:41:44.362,0.85423,0.85433,2.06,1.87
2017.03.23 01:41:44.568,0.85423,0.85431,1.25,1.00
2017.03.23 01:41:44.973,0.85419,0.85431,1.69,1.87
2017.03.23 01:41:45.277,0.85418,0.85431,2.81,2.25
2017.03.23 01:41:45.382,0.85418,0.85429,2.81,1.00
2017.03.23 01:41:45.719,0.8542,0.85429,1.00,1.00
2017.03.23 01:41:46.224,0.85419,0.85429,3.00,1.00
2017.03.23 01:41:46.781,0.85419,0.8543,1.50,1.00
2017.03.23 01:41:47.124,0.85421,0.85432,1.19,1.50
2017.03.23 01:41:47.630,0.85421,0.85432,1.00,1.00
2017.03.23 01:41:48.135,0.85421,0.85432,1.19,1.00
2017.03.23 01:41:48.255,0.8542,0.85432,1.25,1.00
2017.03.23 01:41:48.886,0.85421,0.85432,1.00,1.00
2017.03.23 01:41:49.408,0.85421,0.85432,1.19,1.00
2017.03.23 01:41:49.808,0.85425,0.85434,1.19,1.00
2017.03.23 01:41:49.910,0.85426,0.85437,1.25,1.50
2017.03.23 01:41:50.820,0.85426,0.85435,1.00,1.00
2017.03.23 01:41:50.922,0.85423,0.85434,1.69,1.00
2017.03.23 01:41:50.973,0.85422,0.85434,1.25,1.00
2017.03.23 01:41:51.125,0.85422,0.8543,1.19,1.00
2017.03.23 01:41:51.175,0.85421,0.8543,1.69,1.00
2017.03.23 01:41:51.580,0.85421,0.85432,1.19,1.00
2017.03.23 01:41:52.088,0.85421,0.85432,1.25,1.87
2017.03.23 01:41:52.189,0.85421,0.85432,1.25,2.62
2017.03.23 01:41:52.985,0.85421,0.85433,1.31,1.12
2017.03.23 01:41:53.036,0.85423,0.85433,1.19,1.12
2017.03.23 01:41:53.549,0.85424,0.85434,1.25,1.00
2017.03.23 01:41:53.903,0.85424,0.85431,1.19,1.00
2017.03.23 01:41:54.005,0.85422,0.85432,1.69,1.00
2017.03.23 01:41:54.515,0.85422,0.85432,2.06,1.00
2017.03.23 01:41:55.097,0.85422,0.85433,1.25,1.00
2017.03.23 01:41:55.993,0.85422,0.85432,1.31,1.00
2017.03.23 01:41:56.145,0.85423,0.85435,1.25,1.12
2017.03.23 01:41:56.347,0.85423,0.85432,2.06,1.00
2017.03.23 01:41:57.519,0.85424,0.85432,1.00,1.00
2017.03.23 01:41:58.139,0.85424,0.85433,1.00,1.00
2017.03.23 01:41:58.405,0.85424,0.85435,1.00,1.12
2017.03.23 01:41:58.658,0.85426,0.85437,1.69,1.87
2017.03.23 01:41:58.962,0.85432,0.85441,1.19,1.00
2017.03.23 01:41:59.064,0.85432,0.85443,1.69,1.00
2017.03.23 01:41:59.166,0.85434,0.85445,1.19,1.87
2017.03.23 01:41:59.268,0.85438,0.85446,1.25,1.00
2017.03.23 01:41:59.321,0.85438,0.85449,2.44,2.62
2017.03.23 01:41:59.641,0.85442,0.85452,1.00,2.25
2017.03.23 01:41:59.743,0.85441,0.85453,2.06,3.37
2017.03.23 01:41:59.845,0.85444,0.85454,1.12,1.00
2017.03.23 01:41:59.896,0.85445,0.85456,1.50,1.87
2017.03.23 01:41:59.948,0.85448,0.85458,1.00,1.12
2017.03.23 01:42:00.049,0.85444,0.85456,3.19,1.00
2017.03.23 01:42:00.253,0.85443,0.85452,2.62,1.87
2017.03.23 01:42:00.304,0.85442,0.8545,1.50,2.25
2017.03.23 01:42:00.559,0.85438,0.8545,1.31,3.00
2017.03.23 01:42:00.610,0.85438,0.85449,1.25,1.00
2017.03.23 01:42:00.813,0.85436,0.85448,2.06,1.75
2017.03.23 01:42:00.967,0.85438,0.85449,1.25,1.00
2017.03.23 01:42:01.018,0.85438,0.85449,1.25,1.37
2017.03.23 01:42:01.323,0.85441,0.85448,1.00,1.37
2017.03.23 01:42:01.425,0.85442,0.8545,1.00,1.37
2017.03.23 01:42:01.974,0.85439,0.85449,1.00,1.12
2017.03.23 01:42:03.576,0.8544,0.85449,1.00,1.00
2017.03.23 01:42:03.804,0.8544,0.8545,1.00,3.37
2017.03.23 01:42:03.906,0.8544,0.85449,1.00,1.00
2017.03.23 01:42:04.424,0.85441,0.85449,1.00,1.00
2017.03.23 01:42:04.932,0.8544,0.8545,1.00,2.25
2017.03.23 01:42:05.256,0.85444,0.85451,1.00,1.50
2017.03.23 01:42:05.358,0.85442,0.85453,1.00,1.87
2017.03.23 01:42:05.906,0.85443,0.85453,1.00,1.12
2017.03.23 01:42:06.667,0.85444,0.85453,1.00,1.12
2017.03.23 01:42:07.867,0.85445,0.85455,1.00,2.62
2017.03.23 01:42:08.378,0.85446,0.85454,1.69,1.00
2017.03.23 01:42:08.681,0.85448,0.85457,1.19,1.12
2017.03.23 01:42:09.037,0.85451,0.85458,1.25,1.00
2017.03.23 01:42:09.290,0.85452,0.8546,1.00,1.00
2017.03.23 01:42:09.828,0.85453,0.85459,1.00,1.00
2017.03.23 01:42:10.337,0.85451,0.85459,1.69,1.00
2017.03.23 01:42:10.869,0.85452,0.85459,1.00,1.00
2017.03.23 01:42:11.153,0.8545,0.85459,1.69,1.00
2017.03.23 01:42:11.358,0.85452,0.8546,1.00,1.00
2017.03.23 01:42:11.882,0.85451,0.8546,1.00,1.50
2017.03.23 01:42:12.388,0.85451,0.8546,1.00,3.37
2017.03.23 01:42:13.046,0.8545,0.85459,1.00,1.12
2017.03.23 01:42:13.576,0.85451,0.85457,1.00,1.00
2017.03.23 01:42:13.679,0.85447,0.85455,1.00,1.50
2017.03.23 01:42:13.730,0.85447,0.85452,1.00,1.00
2017.03.23 01:42:13.781,0.85444,0.85452,1.31,1.00
2017.03.23 01:42:13.934,0.85443,0.85451,1.00,1.12
2017.03.23 01:42:14.036,0.85441,0.85451,1.69,1.12
2017.03.23 01:42:14.140,0.85444,0.85451,1.25,1.12
2017.03.23 01:42:14.191,0.85444,0.85452,1.69,1.00
2017.03.23 01:42:14.243,0.85447,0.85452,1.25,1.00
2017.03.23 01:42:14.397,0.85449,0.85458,1.69,2.25
2017.03.23 01:42:14.522,0.85452,0.85461,1.25,2.62
2017.03.23 01:42:14.576,0.85451,0.85462,1.69,2.25
2017.03.23 01:42:14.678,0.85453,0.85461,1.00,2.25
2017.03.23 01:42:14.780,0.85451,0.85461,1.69,3.00
2017.03.23 01:42:14.832,0.85451,0.85459,1.69,1.00
2017.03.23 01:42:15.034,0.85453,0.85462,1.00,1.00
2017.03.23 01:42:15.086,0.85455,0.85461,1.00,1.00
2017.03.23 01:42:15.187,0.85455,0.85463,1.00,1.00
2017.03.23 01:42:15.391,0.85453,0.85462,1.25,1.50
2017.03.23 01:42:15.443,0.85455,0.85462,1.25,1.50
2017.03.23 01:42:15.975,0.85455,0.85464,1.69,1.87
2017.03.23 01:42:16.508,0.85455,0.85465,1.69,1.50
2017.03.23 01:42:17.165,0.85456,0.85466,1.00,2.25
2017.03.23 01:42:17.698,0.85455,0.85465,1.00,1.50
2017.03.23 01:42:18.239,0.85455,0.85463,1.12,1.00
2017.03.23 01:42:18.897,0.85454,0.85463,1.00,1.87
2017.03.23 01:42:19.399,0.85453,0.85463,1.00,2.25
2017.03.23 01:42:19.703,0.85452,0.85461,1.00,1.87
2017.03.23 01:42:20.010,0.85455,0.85462,1.25,1.37
2017.03.23 01:42:20.215,0.85455,0.85464,1.25,1.00
2017.03.23 01:42:20.519,0.85454,0.85464,1.25,2.25
2017.03.23 01:42:20.773,0.85455,0.85464,1.00,1.12
2017.03.23 01:42:21.279,0.85456,0.85463,1.00,1.50
2017.03.23 01:42:21.481,0.85454,0.85461,1.00,1.00
2017.03.23 01:42:22.004,0.85453,0.85461,1.00,1.50
2017.03.23 01:42:22.545,0.85452,0.85461,1.00,1.87
2017.03.23 01:42:24.205,0.85454,0.85463,1.00,1.87
2017.03.23 01:42:24.529,0.85456,0.85464,1.25,1.00
2017.03.23 01:42:25.074,0.85456,0.85463,1.00,1.12
2017.03.23 01:42:25.833,0.85456,0.85466,1.25,1.50
2017.03.23 01:42:25.883,0.85458,0.85465,1.00,1.00
2017.03.23 01:42:26.187,0.85461,0.85467,1.00,1.12
2017.03.23 01:42:26.321,0.85461,0.85469,1.00,1.50
2017.03.23 01:42:26.837,0.85462,0.85469,1.00,1.50
2017.03.23 01:42:28.580,0.85462,0.8547,1.00,1.00
2017.03.23 01:42:28.984,0.85464,0.85471,1.00,1.12
2017.03.23 01:42:29.035,0.85464,0.85474,1.50,1.87
2017.03.23 01:42:29.169,0.85467,0.85475,1.00,1.12
2017.03.23 01:42:29.473,0.85465,0.85473,1.00,1.50
2017.03.23 01:42:30.778,0.85465,0.85474,1.00,1.00
2017.03.23 01:42:31.548,0.85465,0.85472,1.00,1.00
2017.03.23 01:42:31.802,0.85463,0.85472,1.00,1.50
2017.03.23 01:42:32.408,0.85461,0.85472,1.50,2.25
2017.03.23 01:42:32.622,0.85463,0.85472,1.00,2.25
2017.03.23 01:42:32.876,0.85461,0.85472,1.25,1.87
2017.03.23 01:42:33.179,0.85461,0.85469,1.00,1.50
2017.03.23 01:42:33.484,0.85459,0.85469,1.00,1.12
2017.03.23 01:42:33.917,0.85461,0.85469,1.00,1.12
2017.03.23 01:42:34.082,0.85459,0.85469,1.00,1.12
2017.03.23 01:42:34.744,0.85459,0.85465,1.00,1.00
2017.03.23 01:42:34.796,0.85457,0.85465,1.00,1.00
2017.03.23 01:42:35.303,0.85456,0.85464,1.00,1.00
2017.03.23 01:42:35.526,0.85455,0.85463,1.25,1.37
2017.03.23 01:42:36.072,0.85453,0.85464,1.62,1.37
2017.03.23 01:42:36.647,0.85455,0.85464,1.00,1.37
2017.03.23 01:42:37.599,0.85455,0.85464,1.69,1.50
2017.03.23 01:42:38.056,0.85456,0.85465,1.19,1.37
2017.03.23 01:42:39.468,0.85457,0.85467,2.81,1.12
2017.03.23 01:42:39.519,0.85458,0.85468,1.00,1.87
2017.03.23 01:42:39.721,0.8546,0.85469,1.00,1.37
2017.03.23 01:42:40.238,0.8546,0.85469,1.25,1.00
2017.03.23 01:42:41.618,0.85461,0.85469,1.00,1.00
2017.03.23 01:42:41.931,0.85458,0.85467,1.50,1.81
2017.03.23 01:42:42.952,0.85457,0.85467,1.25,2.19
2017.03.23 01:42:43.463,0.85458,0.85466,1.50,1.06
2017.03.23 01:42:44.933,0.85459,0.85467,1.00,1.81
2017.03.23 01:42:45.454,0.85458,0.85466,1.31,1.44
2017.03.23 01:42:45.679,0.85459,0.85468,1.00,1.44
2017.03.23 01:42:46.820,0.8546,0.85469,1.00,1.69
2017.03.23 01:42:47.759,0.8546,0.85469,1.50,1.06
2017.03.23 01:42:49.849,0.8546,0.85467,1.00,1.00
2017.03.23 01:42:50.221,0.85458,0.85466,1.12,1.06
2017.03.23 01:42:50.870,0.85457,0.85466,1.00,1.81
2017.03.23 01:42:51.490,0.85457,0.85464,1.00,1.00
2017.03.23 01:42:52.277,0.85457,0.85465,1.31,1.44
2017.03.23 01:42:53.905,0.85455,0.85466,1.69,1.81
2017.03.23 01:42:54.569,0.85454,0.85464,2.44,1.00
2017.03.23 01:42:54.621,0.85454,0.85464,1.69,1.31
2017.03.23 01:42:56.153,0.85454,0.85464,1.69,1.44
2017.03.23 01:42:56.406,0.85458,0.85465,1.25,1.00
2017.03.23 01:42:56.609,0.85457,0.85467,1.19,1.06
2017.03.23 01:42:56.711,0.85457,0.85465,1.00,1.06
2017.03.23 01:42:57.014,0.85455,0.85465,1.00,1.44
2017.03.23 01:42:57.475,0.85453,0.85465,1.00,2.19
2017.03.23 01:42:58.029,0.85453,0.85463,1.00,1.06
2017.03.23 01:42:58.801,0.85452,0.85462,1.69,1.44
2017.03.23 01:42:59.005,0.85452,0.85459,1.25,1.00
2017.03.23 01:42:59.057,0.85453,0.85462,1.00,1.87
2017.03.23 01:42:59.602,0.85453,0.85464,1.25,2.19
2017.03.23 01:43:00.126,0.85453,0.85464,1.31,1.06
2017.03.23 01:43:00.447,0.85455,0.85465,1.00,1.44
2017.03.23 01:43:00.751,0.85457,0.85465,1.25,1.44
2017.03.23 01:43:01.155,0.85455,0.85466,2.44,2.19
2017.03.23 01:43:02.104,0.85456,0.85465,1.25,1.12
2017.03.23 01:43:02.711,0.85457,0.85465,1.25,1.00
2017.03.23 01:43:03.361,0.85459,0.85468,1.25,2.62
2017.03.23 01:43:03.463,0.85459,0.85468,1.69,1.00
2017.03.23 01:43:04.029,0.85459,0.85468,1.00,1.37
2017.03.23 01:43:04.573,0.85459,0.85468,1.00,1.37
2017.03.23 01:43:05.001,0.85458,0.85465,1.00,1.00
2017.03.23 01:43:05.537,0.85457,0.85465,1.25,1.00
2017.03.23 01:43:06.052,0.85458,0.85465,1.00,1.00
2017.03.23 01:43:06.554,0.85456,0.85464,1.69,1.12
2017.03.23 01:43:07.470,0.85456,0.85464,1.25,1.12
2017.03.23 01:43:08.044,0.85455,0.85464,2.81,1.12
2017.03.23 01:43:09.750,0.85455,0.85462,1.69,1.00
2017.03.23 01:43:09.800,0.85455,0.85464,1.69,1.12
2017.03.23 01:43:10.311,0.85454,0.85464,1.25,1.50
2017.03.23 01:43:12.314,0.85455,0.85463,1.25,1.12
2017.03.23 01:43:12.848,0.85456,0.85464,1.00,1.50
2017.03.23 01:43:15.818,0.85455,0.85464,1.25,1.87
2017.03.23 01:43:17.715,0.85454,0.85462,1.19,1.00
2017.03.23 01:43:17.917,0.85453,0.85461,1.25,1.00
2017.03.23 01:43:18.508,0.85453,0.85461,2.06,1.00
2017.03.23 01:43:18.761,0.85453,0.85463,1.69,1.12
2017.03.23 01:43:22.253,0.85452,0.8546,2.06,1.00
2017.03.23 01:43:22.610,0.85453,0.85463,1.25,1.50
2017.03.23 01:43:23.125,0.85454,0.85463,2.44,1.00
2017.03.23 01:43:23.636,0.85455,0.85463,1.00,1.00
2017.03.23 01:43:24.154,0.85456,0.85464,1.25,1.00
2017.03.23 01:43:24.206,0.85458,0.85466,1.00,1.37
2017.03.23 01:43:24.358,0.85459,0.85467,1.25,1.12
2017.03.23 01:43:24.864,0.85459,0.85466,1.25,1.00
2017.03.23 01:43:29.452,0.85458,0.85466,1.25,1.87
2017.03.23 01:43:30.221,0.85455,0.85464,2.44,1.00
2017.03.23 01:43:30.424,0.85457,0.85466,1.25,1.50
2017.03.23 01:43:30.831,0.8546,0.85465,1.00,1.37
2017.03.23 01:43:30.933,0.85457,0.85466,1.50,1.50
2017.03.23 01:43:31.537,0.85457,0.85466,1.87,1.00
2017.03.23 01:43:35.880,0.85456,0.85466,1.25,1.00
2017.03.23 01:43:37.676,0.85456,0.85464,1.69,1.00
2017.03.23 01:43:38.378,0.85455,0.85464,2.44,1.00
2017.03.23 01:43:39.074,0.85456,0.85464,1.25,1.00
2017.03.23 01:43:39.375,0.85456,0.85466,1.25,1.12
2017.03.23 01:43:40.862,0.85456,0.85465,1.62,1.00
2017.03.23 01:43:44.381,0.85457,0.85467,1.44,1.87
2017.03.23 01:43:45.346,0.85457,0.85467,1.81,1.00
2017.03.23 01:43:45.498,0.85461,0.8547,1.31,1.00
2017.03.23 01:43:46.023,0.85461,0.85471,1.31,1.12
2017.03.23 01:43:46.276,0.85461,0.85471,1.31,1.12
2017.03.23 01:43:46.818,0.85462,0.85471,1.44,1.12
2017.03.23 01:43:47.369,0.85462,0.85471,1.44,1.12
2017.03.23 01:43:48.248,0.85461,0.85471,1.44,1.69
2017.03.23 01:43:48.552,0.85462,0.85468,1.44,1.00
2017.03.23 01:43:49.282,0.8546,0.85468,1.00,1.00
2017.03.23 01:43:50.305,0.85459,0.85468,2.25,1.00
2017.03.23 01:43:50.828,0.85458,0.85467,2.50,1.00
2017.03.23 01:43:51.338,0.85458,0.85467,1.33,1.00
2017.03.23 01:43:51.440,0.85461,0.85471,1.00,2.25
2017.03.23 01:43:51.643,0.85459,0.85469,1.87,1.00
2017.03.23 01:43:52.074,0.85461,0.8547,1.00,1.12
2017.03.23 01:43:52.278,0.85461,0.85472,1.37,1.50
2017.03.23 01:43:52.800,0.85461,0.85472,1.37,1.87
2017.03.23 01:43:53.364,0.85462,0.85472,1.00,1.50
2017.03.23 01:43:53.466,0.85462,0.85466,1.00,1.25
2017.03.23 01:43:53.619,0.85451,0.85462,4.87,2.06
2017.03.23 01:43:53.756,0.85451,0.85462,1.87,2.44
2017.03.23 01:43:53.807,0.8545,0.85459,1.37,1.00
2017.03.23 01:43:54.314,0.8545,0.85459,1.87,1.00
2017.03.23 01:43:54.517,0.8545,0.85461,1.87,1.50
2017.03.23 01:43:55.727,0.8545,0.85461,3.37,1.12
2017.03.23 01:43:55.778,0.85454,0.85463,1.00,1.37
2017.03.23 01:43:55.932,0.85457,0.85467,1.12,1.00
2017.03.23 01:43:55.983,0.85459,0.85468,1.00,1.37
2017.03.23 01:43:56.497,0.85459,0.85469,1.00,1.87
2017.03.23 01:43:57.123,0.8546,0.85469,1.00,1.37
2017.03.23 01:43:57.363,0.85461,0.8547,1.00,1.50
2017.03.23 01:43:57.766,0.8546,0.85467,1.00,1.00
2017.03.23 01:43:57.868,0.8546,0.85469,1.00,1.00
2017.03.23 01:43:58.172,0.85464,0.85471,1.00,1.37
2017.03.23 01:43:58.274,0.85464,0.85473,1.00,1.31
2017.03.23 01:43:58.781,0.85464,0.85474,1.00,1.50
2017.03.23 01:43:59.346,0.85463,0.85473,1.00,1.50
2017.03.23 01:43:59.855,0.85463,0.85472,1.00,1.12
2017.03.23 01:44:00.393,0.85462,0.85471,1.00,1.00
2017.03.23 01:44:02.280,0.85462,0.8547,1.00,1.00
2017.03.23 01:44:02.787,0.85461,0.8547,1.00,1.50
2017.03.23 01:44:03.355,0.8546,0.85469,1.00,1.12
2017.03.23 01:44:03.456,0.85463,0.85469,1.00,1.12
2017.03.23 01:44:03.609,0.85464,0.85474,1.50,2.25
2017.03.23 01:44:03.660,0.85465,0.85474,1.00,1.50
2017.03.23 01:44:03.877,0.85463,0.8547,1.00,1.00
2017.03.23 01:44:03.929,0.85461,0.8547,1.00,1.00
2017.03.23 01:44:04.082,0.85459,0.85467,2.62,1.00
2017.03.23 01:44:04.286,0.85457,0.85467,1.12,1.12
2017.03.23 01:44:04.338,0.85455,0.85465,2.25,1.00
2017.03.23 01:44:04.845,0.85455,0.85465,1.00,1.12
2017.03.23 01:44:05.204,0.85457,0.85466,1.00,1.50
2017.03.23 01:44:05.255,0.85457,0.85467,1.00,1.12
2017.03.23 01:44:05.306,0.85457,0.85465,1.00,1.00
2017.03.23 01:44:05.559,0.85457,0.85467,1.00,1.12
2017.03.23 01:44:05.863,0.85455,0.85466,1.87,1.00
2017.03.23 01:44:06.167,0.85457,0.85467,1.00,1.00
2017.03.23 01:44:06.571,0.85456,0.85465,1.12,1.00
2017.03.23 01:44:07.141,0.85457,0.85467,1.00,1.50
2017.03.23 01:44:07.495,0.85456,0.85465,1.12,1.00
2017.03.23 01:44:08.001,0.85456,0.85466,1.12,1.00
2017.03.23 01:44:08.575,0.85455,0.85465,2.25,1.00
2017.03.23 01:44:09.116,0.85455,0.85465,1.00,1.00
2017.03.23 01:44:09.633,0.85454,0.85465,3.37,1.00
2017.03.23 01:44:10.736,0.85456,0.85465,1.00,1.12
2017.03.23 01:44:11.274,0.85455,0.85467,1.00,1.37
2017.03.23 01:44:11.796,0.85457,0.85467,1.69,1.37
2017.03.23 01:44:11.848,0.85458,0.85468,1.50,1.00
2017.03.23 01:44:12.616,0.85459,0.85469,1.00,1.37
2017.03.23 01:44:13.152,0.85459,0.85469,1.00,1.12
2017.03.23 01:44:13.680,0.85458,0.85469,1.50,1.00
2017.03.23 01:44:13.781,0.85458,0.85467,1.50,1.00
2017.03.23 01:44:13.832,0.85458,0.85469,1.00,1.00
2017.03.23 01:44:14.358,0.85458,0.85468,1.00,1.00
2017.03.23 01:44:14.460,0.8546,0.85469,1.87,1.50
2017.03.23 01:44:14.825,0.85463,0.85471,1.00,1.00
2017.03.23 01:44:15.366,0.85463,0.85471,1.19,1.00
2017.03.23 01:44:15.934,0.85463,0.85472,1.19,1.12
2017.03.23 01:44:16.563,0.85463,0.85471,1.19,1.00
2017.03.23 01:44:17.185,0.85463,0.85474,2.81,2.62
2017.03.23 01:44:17.489,0.85471,0.85479,1.00,2.25
2017.03.23 01:44:18.015,0.85471,0.85479,1.00,1.00
2017.03.23 01:44:18.537,0.85471,0.8548,1.00,1.00
2017.03.23 01:44:18.888,0.85475,0.85484,1.00,1.87
2017.03.23 01:44:18.940,0.85475,0.85484,1.25,1.00
2017.03.23 01:44:19.800,0.85474,0.85483,1.19,1.00
2017.03.23 01:44:20.305,0.85476,0.85483,1.00,1.00
2017.03.23 01:44:20.852,0.85474,0.85483,1.19,1.00
2017.03.23 01:44:21.876,0.8548,0.85486,1.00,1.50
2017.03.23 01:44:21.978,0.85482,0.8549,1.00,1.37
2017.03.23 01:44:22.079,0.85481,0.85492,1.00,1.50
2017.03.23 01:44:22.636,0.85481,0.85493,1.69,2.25
2017.03.23 01:44:23.058,0.85483,0.85493,1.00,1.00
2017.03.23 01:44:23.734,0.85483,0.85494,2.44,1.37
2017.03.23 01:44:23.785,0.85483,0.85495,1.69,3.00
2017.03.23 01:44:24.331,0.85482,0.85493,2.81,1.00
2017.03.23 01:44:24.625,0.85485,0.85493,1.25,1.00
2017.03.23 01:44:24.930,0.8548,0.85486,1.75,1.00
2017.03.23 01:44:24.981,0.85475,0.85484,3.00,1.00
2017.03.23 01:44:25.134,0.85473,0.85481,1.00,1.00
2017.03.23 01:44:25.185,0.85471,0.85481,2.44,1.00
2017.03.23 01:44:25.692,0.85473,0.85483,1.33,1.12
2017.03.23 01:44:26.226,0.85474,0.85484,1.00,1.12
2017.03.23 01:44:27.497,0.85474,0.85482,1.00,1.00
2017.03.23 01:44:27.548,0.85472,0.85482,2.81,1.00
2017.03.23 01:44:27.599,0.85474,0.85484,1.25,1.00
2017.03.23 01:44:28.018,0.85477,0.85487,1.00,1.87
2017.03.23 01:44:28.222,0.85473,0.85483,2.81,1.00
2017.03.23 01:44:28.745,0.85473,0.85482,2.25,1.00
2017.03.23 01:44:29.050,0.85473,0.85485,3.94,2.25
2017.03.23 01:44:29.621,0.85474,0.85484,1.00,1.12
2017.03.23 01:44:30.215,0.85473,0.85484,2.44,1.12
2017.03.23 01:44:30.569,0.85477,0.85485,1.00,1.37
2017.03.23 01:44:30.671,0.85477,0.85488,1.00,2.62
2017.03.23 01:44:30.772,0.85479,0.85489,1.00,1.37
2017.03.23 01:44:30.926,0.85481,0.85492,1.00,1.50
2017.03.23 01:44:31.432,0.85481,0.85491,1.50,1.00
2017.03.23 01:44:31.869,0.85477,0.85489,1.12,1.50
2017.03.23 01:44:31.921,0.85476,0.85488,1.69,2.47
2017.03.23 01:44:32.023,0.85475,0.85486,1.50,1.00
2017.03.23 01:44:32.529,0.85474,0.85486,1.50,1.00
2017.03.23 01:44:32.933,0.85474,0.85482,1.69,1.00
2017.03.23 01:44:33.035,0.85472,0.85481,1.00,1.12
2017.03.23 01:44:33.188,0.8547,0.8548,1.25,1.50
2017.03.23 01:44:33.709,0.85471,0.8548,1.25,1.00
2017.03.23 01:44:34.224,0.8547,0.85482,1.00,1.50
2017.03.23 01:44:34.745,0.85471,0.85482,1.00,1.37
2017.03.23 01:44:35.253,0.85472,0.85482,1.00,1.00
2017.03.23 01:44:35.524,0.85474,0.85484,1.00,1.12
2017.03.23 01:44:36.044,0.85475,0.85485,1.00,1.50
2017.03.23 01:44:36.297,0.85476,0.85487,1.00,1.50
2017.03.23 01:44:36.803,0.85477,0.85487,2.25,1.00
2017.03.23 01:44:37.926,0.85479,0.85489,1.00,1.75
2017.03.23 01:44:38.078,0.85482,0.85491,1.00,1.50
2017.03.23 01:44:38.617,0.85483,0.85493,1.00,1.87
2017.03.23 01:44:38.819,0.85483,0.85493,1.00,1.00
2017.03.23 01:44:39.339,0.85483,0.85494,1.00,2.25
2017.03.23 01:44:39.947,0.85483,0.85493,1.00,1.00
2017.03.23 01:44:41.401,0.85484,0.85494,1.00,1.12
2017.03.23 01:44:41.910,0.85484,0.85496,2.25,2.06
2017.03.23 01:44:42.337,0.85487,0.85495,1.00,1.12
2017.03.23 01:44:42.641,0.85485,0.85495,1.00,1.00
2017.03.23 01:44:42.692,0.85484,0.85493,1.87,1.00
2017.03.23 01:44:42.998,0.85482,0.85493,2.62,1.12
2017.03.23 01:44:43.511,0.85483,0.85493,1.00,1.00
2017.03.23 01:44:43.612,0.85484,0.85495,3.19,1.50
2017.03.23 01:44:44.120,0.85484,0.85495,2.81,1.50
2017.03.23 01:44:44.641,0.85484,0.85493,2.81,1.00
2017.03.23 01:44:45.193,0.85483,0.85493,1.50,1.00
2017.03.23 01:44:45.698,0.85483,0.85494,1.50,1.50
2017.03.23 01:44:46.251,0.85484,0.85493,1.00,1.00
2017.03.23 01:44:46.822,0.85484,0.85494,1.00,1.00
2017.03.23 01:44:47.251,0.85484,0.8549,1.00,1.50
2017.03.23 01:44:47.302,0.85482,0.8549,1.00,1.50
2017.03.23 01:44:47.404,0.8548,0.8549,1.50,1.00
2017.03.23 01:44:47.935,0.85481,0.8549,1.50,1.00
2017.03.23 01:44:48.402,0.85481,0.85492,2.25,1.00
2017.03.23 01:44:49.622,0.85481,0.85493,2.62,1.12
2017.03.23 01:44:50.995,0.85481,0.85493,2.62,1.12
2017.03.23 01:44:51.513,0.85481,0.85489,1.87,1.00
2017.03.23 01:44:52.030,0.85481,0.85489,1.00,1.00
2017.03.23 01:44:52.559,0.85481,0.8549,1.00,1.12
2017.03.23 01:44:52.914,0.85478,0.85489,1.50,1.87
2017.03.23 01:44:53.415,0.85479,0.8549,1.12,2.62
2017.03.23 01:44:53.690,0.85482,0.8549,1.00,1.37
2017.03.23 01:44:53.791,0.85482,0.85492,1.50,1.00
2017.03.23 01:44:53.842,0.85482,0.85492,1.87,1.00
2017.03.23 01:44:54.147,0.85482,0.8549,1.50,1.00
2017.03.23 01:44:54.198,0.8548,0.8549,1.12,1.00
2017.03.23 01:44:54.778,0.8548,0.85489,1.00,1.00
2017.03.23 01:44:55.907,0.85479,0.85489,2.62,1.50
2017.03.23 01:44:56.411,0.8548,0.85489,1.50,1.00
2017.03.23 01:44:57.693,0.85481,0.85489,1.00,1.00
2017.03.23 01:44:57.823,0.85479,0.85487,2.24,1.12
2017.03.23 01:44:57.925,0.85476,0.85486,1.00,1.00
2017.03.23 01:44:58.026,0.85474,0.85485,1.00,1.12
2017.03.23 01:44:58.179,0.85473,0.85484,1.00,2.25
2017.03.23 01:44:58.550,0.85475,0.85484,1.00,1.50
2017.03.23 01:44:58.753,0.85473,0.85484,1.31,1.50
2017.03.23 01:44:59.256,0.85473,0.85483,1.12,1.12
2017.03.23 01:44:59.833,0.85474,0.85484,1.00,2.25
2017.03.23 01:45:00.281,0.85472,0.85483,1.12,1.37
2017.03.23 01:45:00.635,0.85473,0.85484,2.62,1.37
2017.03.23 01:45:00.889,0.85475,0.85485,1.12,1.00
2017.03.23 01:45:01.465,0.85474,0.85483,1.12,1.00
2017.03.23 01:45:01.718,0.85471,0.85482,1.87,1.12
2017.03.23 01:45:01.857,0.85472,0.85482,1.00,3.75
2017.03.23 01:45:01.909,0.85472,0.85483,1.87,1.87
2017.03.23 01:45:02.457,0.85472,0.85483,1.87,1.87
2017.03.23 01:45:03.023,0.85472,0.85483,1.50,1.12
2017.03.23 01:45:03.181,0.85475,0.85484,1.00,1.87
2017.03.23 01:45:03.232,0.85475,0.85484,1.00,2.25
2017.03.23 01:45:03.486,0.85476,0.85485,1.00,1.50
2017.03.23 01:45:04.166,0.85477,0.85486,1.00,1.12
2017.03.23 01:45:04.217,0.85477,0.85487,1.00,1.12
2017.03.23 01:45:04.521,0.85479,0.85488,1.00,1.87
2017.03.23 01:45:04.673,0.85479,0.85488,1.00,1.50
2017.03.23 01:45:05.428,0.8548,0.85488,1.00,1.00
2017.03.23 01:45:05.650,0.85481,0.85491,1.00,1.12
2017.03.23 01:45:05.852,0.85483,0.85492,1.00,1.62
2017.03.23 01:45:06.206,0.85483,0.85493,1.00,1.00
2017.03.23 01:45:06.308,0.85485,0.85495,1.00,1.00
2017.03.23 01:45:06.815,0.85485,0.85494,1.00,1.00
2017.03.23 01:45:08.898,0.85485,0.85495,1.50,1.00
2017.03.23 01:45:09.952,0.85484,0.85493,2.25,1.00
2017.03.23 01:45:10.507,0.85483,0.85493,3.00,1.00
2017.03.23 01:45:11.338,0.85484,0.85493,1.00,1.00
2017.03.23 01:45:11.850,0.85484,0.85494,1.00,1.12
2017.03.23 01:45:13.319,0.85483,0.85493,1.00,1.00
2017.03.23 01:45:13.923,0.85484,0.85493,1.00,1.00
2017.03.23 01:45:14.450,0.85483,0.85493,1.50,1.50
2017.03.23 01:45:14.977,0.85484,0.85493,1.00,1.50
2017.03.23 01:45:15.847,0.85483,0.85493,1.00,1.00
2017.03.23 01:45:16.493,0.85483,0.85495,1.50,2.06
2017.03.23 01:45:17.129,0.85484,0.85495,1.87,1.37
2017.03.23 01:45:17.635,0.85484,0.85495,1.50,1.50
2017.03.23 01:45:18.599,0.85484,0.85493,1.00,1.00
2017.03.23 01:45:18.957,0.85484,0.85495,1.50,1.50
2017.03.23 01:45:22.106,0.85484,0.85494,2.25,1.00
2017.03.23 01:45:24.869,0.85485,0.85495,1.00,1.19
2017.03.23 01:45:24.920,0.85487,0.85495,1.00,1.00
2017.03.23 01:45:25.022,0.85487,0.85498,1.50,1.00
2017.03.23 01:45:25.426,0.85486,0.85495,1.20,1.00
2017.03.23 01:45:26.532,0.85486,0.85496,1.20,1.00
2017.03.23 01:45:27.904,0.85485,0.85496,2.40,1.69
2017.03.23 01:45:29.232,0.85485,0.85494,1.20,1.00
2017.03.23 01:45:29.586,0.85483,0.85494,1.00,1.25
2017.03.23 01:45:30.092,0.85483,0.85494,1.00,1.69
2017.03.23 01:45:30.193,0.85483,0.85492,1.00,1.19
2017.03.23 01:45:32.366,0.85483,0.85493,1.00,1.69
2017.03.23 01:45:32.620,0.85484,0.85495,1.00,2.06
2017.03.23 01:45:33.138,0.85483,0.85493,1.25,1.50
2017.03.23 01:45:34.895,0.85482,0.85493,1.50,1.50
2017.03.23 01:45:35.382,0.85484,0.85494,1.00,1.87
2017.03.23 01:45:36.030,0.85482,0.85494,1.87,2.25
2017.03.23 01:45:37.352,0.85482,0.85492,1.00,1.50
2017.03.23 01:45:37.882,0.85482,0.85493,1.50,2.62
2017.03.23 01:45:38.883,0.85483,0.85494,1.87,2.44
2017.03.23 01:45:38.935,0.85485,0.85493,1.69,1.12
2017.03.23 01:45:39.087,0.85487,0.85496,1.25,1.00
2017.03.23 01:45:39.138,0.85487,0.85497,2.00,1.50
2017.03.23 01:45:39.544,0.85485,0.85494,2.81,1.00
2017.03.23 01:45:40.082,0.85485,0.85495,1.50,1.12
2017.03.23 01:45:40.344,0.85484,0.85495,1.06,1.12
2017.03.23 01:45:40.750,0.85486,0.85497,1.50,1.37
2017.03.23 01:45:41.329,0.85486,0.85498,1.45,1.87
2017.03.23 01:45:41.664,0.85485,0.85497,1.31,1.50
2017.03.23 01:45:42.209,0.85488,0.85498,1.00,1.12
2017.03.23 01:45:42.863,0.8549,0.85498,1.00,1.12
2017.03.23 01:45:43.021,0.85492,0.85501,1.00,1.12
2017.03.23 01:45:43.072,0.85492,0.85501,1.00,1.00
2017.03.23 01:45:43.737,0.85491,0.85502,1.00,1.37
2017.03.23 01:45:45.330,0.85492,0.85502,1.00,1.37
2017.03.23 01:45:45.381,0.85494,0.85502,1.00,1.12
2017.03.23 01:45:45.483,0.85494,0.85504,1.00,2.25
2017.03.23 01:45:46.119,0.85495,0.85504,1.00,1.50
2017.03.23 01:45:46.462,0.85497,0.85506,1.00,2.62
2017.03.23 01:45:46.664,0.85496,0.85507,1.00,3.37
2017.03.23 01:45:47.212,0.85496,0.85507,1.00,3.37
2017.03.23 01:45:52.115,0.85494,0.85504,1.69,1.00
2017.03.23 01:45:53.808,0.85494,0.85503,1.25,1.00
2017.03.23 01:45:54.613,0.85494,0.85504,1.25,1.12
2017.03.23 01:45:55.252,0.85495,0.85505,1.00,1.37
2017.03.23 01:45:57.744,0.85494,0.85504,1.00,1.50
2017.03.23 01:45:57.997,0.85491,0.85502,1.00,1.31
2017.03.23 01:45:58.149,0.8549,0.855,1.00,1.00
2017.03.23 01:45:58.703,0.8549,0.855,1.00,2.44
2017.03.23 01:45:59.676,0.85491,0.855,1.00,2.44
2017.03.23 01:46:00.184,0.8549,0.855,1.00,2.44
2017.03.23 01:46:01.438,0.85487,0.85498,1.00,2.06
2017.03.23 01:46:01.591,0.85485,0.85496,1.87,1.69
2017.03.23 01:46:01.806,0.85484,0.85495,1.50,1.25
2017.03.23 01:46:02.083,0.85488,0.85495,1.00,1.00
2017.03.23 01:46:02.184,0.85488,0.85498,1.00,1.62
2017.03.23 01:46:02.720,0.85488,0.85499,1.00,1.37
2017.03.23 01:46:02.821,0.85486,0.85496,1.00,1.00
2017.03.23 01:46:03.334,0.85487,0.85498,1.50,1.87
2017.03.23 01:46:03.866,0.85486,0.85497,1.50,1.87
2017.03.23 01:46:04.170,0.85485,0.85493,1.37,1.00
2017.03.23 01:46:04.372,0.85486,0.85496,1.00,2.62
2017.03.23 01:46:04.726,0.85485,0.85494,1.12,1.50
2017.03.23 01:46:05.232,0.85484,0.85494,1.50,1.00
2017.03.23 01:46:05.544,0.85493,0.85499,1.00,1.12
2017.03.23 01:46:05.848,0.85493,0.85505,1.50,2.44
2017.03.23 01:46:06.433,0.85493,0.85505,1.00,2.44
2017.03.23 01:46:06.955,0.85492,0.85505,1.87,3.19
2017.03.23 01:46:07.285,0.85498,0.85503,1.00,1.00
2017.03.23 01:46:08.220,0.85497,0.85501,1.00,1.00
2017.03.23 01:46:08.744,0.85494,0.85499,1.00,1.31
2017.03.23 01:46:08.848,0.85493,0.85497,1.00,1.00
2017.03.23 01:46:08.899,0.85492,0.85497,1.00,1.00
2017.03.23 01:46:08.951,0.85494,0.855,1.00,3.00
2017.03.23 01:46:09.002,0.85493,0.855,1.00,1.87
2017.03.23 01:46:09.105,0.85492,0.85497,1.00,1.12
2017.03.23 01:46:09.713,0.8549,0.85497,1.00,1.12
2017.03.23 01:46:10.183,0.85492,0.85498,1.00,1.50
2017.03.23 01:46:10.235,0.85493,0.855,1.00,1.37
2017.03.23 01:46:10.336,0.85496,0.85501,1.00,1.69
2017.03.23 01:46:10.844,0.85495,0.85502,1.00,1.50
2017.03.23 01:46:11.347,0.85495,0.85502,1.00,1.50
2017.03.23 01:46:13.158,0.85497,0.85502,1.00,1.50
2017.03.23 01:46:13.424,0.85495,0.85502,1.00,1.50
2017.03.23 01:46:13.589,0.85497,0.85502,1.00,2.25
2017.03.23 01:46:13.640,0.85495,0.85502,1.00,1.12
2017.03.23 01:46:14.054,0.85493,0.855,1.00,1.00
2017.03.23 01:46:14.566,0.85492,0.855,1.00,2.25
2017.03.23 01:46:15.417,0.85493,0.855,1.00,2.62
2017.03.23 01:46:15.721,0.85497,0.85502,1.00,1.00
2017.03.23 01:46:16.568,0.85496,0.85502,1.00,3.00
2017.03.23 01:46:16.973,0.85498,0.85502,1.00,1.00
2017.03.23 01:46:17.125,0.85499,0.85505,1.00,1.50
2017.03.23 01:46:17.176,0.85501,0.85505,1.00,1.00
2017.03.23 01:46:17.278,0.85501,0.85507,1.00,1.12
2017.03.23 01:46:18.379,0.85501,0.85507,1.00,2.62
2017.03.23 01:46:19.177,0.855,0.85506,1.00,1.00
2017.03.23 01:46:19.279,0.85499,0.85506,1.00,1.75
2017.03.23 01:46:20.337,0.85501,0.85507,1.00,3.00
2017.03.23 01:46:20.872,0.85502,0.85507,1.00,1.00
2017.03.23 01:46:21.404,0.85501,0.85507,1.00,1.00
2017.03.23 01:46:22.042,0.85501,0.85508,1.00,3.00
2017.03.23 01:46:25.352,0.85503,0.85507,1.00,1.50
2017.03.23 01:46:25.853,0.85502,0.85507,1.00,1.12
2017.03.23 01:46:26.055,0.855,0.85507,1.00,1.00
2017.03.23 01:46:26.561,0.855,0.85506,1.00,1.00
2017.03.23 01:46:27.194,0.85501,0.85507,1.00,2.25
2017.03.23 01:46:27.704,0.85502,0.85507,1.00,1.00
2017.03.23 01:46:27.805,0.85499,0.85503,1.00,1.00
2017.03.23 01:46:27.958,0.85497,0.85503,1.00,1.12
2017.03.23 01:46:28.485,0.85496,0.85503,1.00,1.12
2017.03.23 01:46:28.994,0.85497,0.85503,1.00,1.50
2017.03.23 01:46:29.401,0.85494,0.855,1.00,1.00
2017.03.23 01:46:30.049,0.85495,0.855,1.00,1.50
2017.03.23 01:46:30.958,0.85496,0.85501,1.00,1.37
2017.03.23 01:46:31.009,0.85496,0.85502,1.00,1.87
2017.03.23 01:46:31.212,0.85498,0.85502,1.00,1.12
2017.03.23 01:46:31.783,0.855,0.85504,1.00,1.00
2017.03.23 01:46:32.036,0.85502,0.85509,1.00,2.25
2017.03.23 01:46:32.747,0.85502,0.85508,1.00,1.00
2017.03.23 01:46:32.798,0.85502,0.85506,1.00,1.00
2017.03.23 01:46:32.849,0.855,0.85506,1.00,1.00
2017.03.23 01:46:33.153,0.85498,0.85505,1.00,1.87
2017.03.23 01:46:33.406,0.855,0.85507,1.00,1.12
2017.03.23 01:46:33.729,0.85502,0.85509,1.00,3.00
2017.03.23 01:46:34.059,0.85504,0.85508,1.00,1.00
2017.03.23 01:46:35.634,0.85504,0.85509,1.00,2.25
2017.03.23 01:46:36.445,0.85503,0.85509,1.00,3.00
2017.03.23 01:46:36.860,0.85502,0.85507,1.00,1.00
2017.03.23 01:46:36.911,0.855,0.85506,1.00,1.00
2017.03.23 01:46:37.164,0.85498,0.85505,1.00,1.50
2017.03.23 01:46:37.706,0.85497,0.85504,1.00,2.25
2017.03.23 01:46:38.245,0.85496,0.85503,1.00,1.50
2017.03.23 01:46:38.783,0.85496,0.85503,1.00,1.87
2017.03.23 01:46:39.038,0.85498,0.85504,1.00,1.50
2017.03.23 01:46:39.139,0.85499,0.85505,1.00,1.00
2017.03.23 01:46:39.190,0.85501,0.85506,1.00,1.12
2017.03.23 01:46:39.241,0.85499,0.85505,1.00,1.00
2017.03.23 01:46:39.394,0.85498,0.85503,1.00,1.00
2017.03.23 01:46:39.849,0.855,0.85506,1.00,1.87
2017.03.23 01:46:40.204,0.85498,0.85505,1.00,1.50
2017.03.23 01:46:40.745,0.85499,0.85504,1.00,1.00
2017.03.23 01:46:41.251,0.85499,0.85506,1.00,1.37
2017.03.23 01:46:41.939,0.85501,0.85505,1.00,1.12
2017.03.23 01:46:42.914,0.855,0.85505,1.00,1.12
2017.03.23 01:46:43.542,0.85497,0.85503,1.00,1.00
2017.03.23 01:46:43.643,0.85496,0.85502,1.00,1.50
2017.03.23 01:46:44.725,0.85496,0.85503,1.00,1.87
2017.03.23 01:46:46.178,0.85495,0.85503,1.00,2.25
2017.03.23 01:46:46.695,0.85495,0.85503,1.00,3.19
2017.03.23 01:46:47.535,0.85495,0.85503,1.00,1.00
2017.03.23 01:46:47.847,0.85496,0.85502,1.00,1.12
2017.03.23 01:46:48.429,0.85496,0.85502,1.00,1.00
2017.03.23 01:46:48.883,0.85497,0.85504,1.00,2.62
2017.03.23 01:46:51.241,0.85498,0.85504,1.00,2.62
2017.03.23 01:46:56.341,0.85498,0.85503,1.00,1.00
2017.03.23 01:46:58.492,0.85497,0.85504,1.00,1.50
2017.03.23 01:46:58.644,0.85497,0.85505,1.00,1.50
2017.03.23 01:46:58.695,0.85499,0.85505,1.00,1.50
2017.03.23 01:46:59.202,0.85499,0.85506,1.00,1.00
2017.03.23 01:46:59.800,0.855,0.85507,1.00,1.00
2017.03.23 01:47:02.097,0.85501,0.85507,1.00,1.12
2017.03.23 01:47:03.890,0.855,0.85507,1.00,2.25
2017.03.23 01:47:05.042,0.85499,0.85505,1.00,1.12
2017.03.23 01:47:05.734,0.855,0.85505,1.00,1.00
2017.03.23 01:47:07.234,0.85499,0.85506,1.00,1.50
2017.03.23 01:47:07.658,0.85497,0.85505,1.00,1.00
2017.03.23 01:47:08.012,0.85499,0.85506,1.00,1.12
2017.03.23 01:47:08.316,0.85496,0.85506,1.00,1.87
2017.03.23 01:47:08.828,0.85496,0.85505,1.50,1.00
2017.03.23 01:47:10.145,0.85495,0.85505,1.50,1.87
2017.03.23 01:47:10.297,0.85494,0.85502,1.25,1.00
2017.03.23 01:47:10.499,0.85492,0.85502,1.50,1.12
2017.03.23 01:47:10.927,0.85492,0.855,1.50,1.00
2017.03.23 01:47:11.288,0.85491,0.85499,1.00,2.25
2017.03.23 01:47:11.412,0.85488,0.85499,2.81,2.62
2017.03.23 01:47:12.335,0.85488,0.85497,2.44,1.00
2017.03.23 01:47:12.846,0.85488,0.85496,1.50,1.00
2017.03.23 01:47:13.380,0.85489,0.85496,1.00,1.12
2017.03.23 01:47:13.431,0.85487,0.85496,1.50,1.12
2017.03.23 01:47:14.023,0.85487,0.85495,1.50,1.50
2017.03.23 01:47:16.096,0.85486,0.85495,2.44,1.00
2017.03.23 01:47:17.199,0.85487,0.85495,1.00,1.00
2017.03.23 01:47:18.726,0.85486,0.85495,1.00,1.00
2017.03.23 01:47:19.430,0.85487,0.85495,1.00,1.00
2017.03.23 01:47:19.916,0.85484,0.85494,1.50,1.00
2017.03.23 01:47:20.439,0.85485,0.85494,1.00,1.00
2017.03.23 01:47:21.153,0.85485,0.85495,1.00,1.12
2017.03.23 01:47:21.659,0.85484,0.85495,1.50,1.00
2017.03.23 01:47:22.126,0.85484,0.8549,1.00,1.00
2017.03.23 01:47:22.227,0.85479,0.85491,2.44,1.87
2017.03.23 01:47:23.296,0.85479,0.85488,2.06,1.00
2017.03.23 01:47:24.689,0.8548,0.85489,1.25,3.37
2017.03.23 01:47:25.191,0.85479,0.85489,1.69,2.25
2017.03.23 01:47:25.967,0.85478,0.85488,1.25,1.00
2017.03.23 01:47:26.271,0.85478,0.85486,1.25,1.00
2017.03.23 01:47:26.575,0.85476,0.85484,1.25,1.50
2017.03.23 01:47:27.117,0.85476,0.85484,1.25,3.37
2017.03.23 01:47:27.269,0.85473,0.85483,1.25,1.87
2017.03.23 01:47:28.772,0.85474,0.85484,1.25,3.75
2017.03.23 01:47:28.924,0.85475,0.85485,2.44,2.62
2017.03.23 01:47:29.770,0.85476,0.85485,1.25,1.00
2017.03.23 01:47:30.353,0.85478,0.85487,1.00,1.87
2017.03.23 01:47:30.505,0.85479,0.85489,1.00,2.62
2017.03.23 01:47:31.124,0.8548,0.85489,1.50,1.00
2017.03.23 01:47:31.641,0.8548,0.8549,1.00,1.00
2017.03.23 01:47:32.144,0.85481,0.85491,1.00,1.87
2017.03.23 01:47:32.448,0.85483,0.8549,1.00,1.00
2017.03.23 01:47:32.651,0.85481,0.85489,1.00,1.00
2017.03.23 01:47:32.854,0.85482,0.85492,1.69,1.00
2017.03.23 01:47:32.904,0.85484,0.85492,1.00,1.00
2017.03.23 01:47:33.427,0.85483,0.85493,1.50,1.87
2017.03.23 01:47:35.721,0.85485,0.85494,1.00,1.37
2017.03.23 01:47:36.040,0.85483,0.85493,1.50,1.12
2017.03.23 01:47:36.444,0.85483,0.85491,1.00,1.00
2017.03.23 01:47:36.647,0.8548,0.85489,1.00,1.00
2017.03.23 01:47:40.575,0.8548,0.85488,1.00,1.50
2017.03.23 01:47:40.880,0.85482,0.85488,1.00,1.12
2017.03.23 01:47:40.982,0.85484,0.85494,1.50,4.50
2017.03.23 01:47:41.084,0.85486,0.85496,1.00,2.25
2017.03.23 01:47:41.288,0.8549,0.85498,1.00,1.00
2017.03.23 01:47:42.036,0.85488,0.85498,1.69,1.00
2017.03.23 01:47:42.943,0.85488,0.85497,1.00,1.00
2017.03.23 01:47:43.045,0.85487,0.85497,1.50,1.87
2017.03.23 01:47:43.640,0.85486,0.85494,1.00,1.00
2017.03.23 01:47:44.318,0.85488,0.85494,1.00,1.00
2017.03.23 01:47:44.826,0.85486,0.85494,1.00,1.00
2017.03.23 01:47:46.076,0.85486,0.85493,1.00,1.87
2017.03.23 01:47:46.330,0.85484,0.85493,1.00,3.75
2017.03.23 01:47:47.622,0.85483,0.85492,1.00,1.00
2017.03.23 01:47:50.855,0.85483,0.85493,1.00,2.25
2017.03.23 01:47:52.928,0.85484,0.85493,1.00,2.62
2017.03.23 01:47:53.659,0.85484,0.85491,1.00,1.00
2017.03.23 01:47:54.194,0.85483,0.85491,1.00,1.50
2017.03.23 01:47:54.346,0.85481,0.85491,1.00,2.25
2017.03.23 01:47:56.643,0.85481,0.85489,1.00,1.00
2017.03.23 01:47:57.638,0.85481,0.8549,1.00,1.00
2017.03.23 01:47:58.935,0.85482,0.8549,1.00,1.12
2017.03.23 01:47:59.270,0.85484,0.85491,1.00,1.00
2017.03.23 01:48:00.588,0.85484,0.85492,1.00,1.00
2017.03.23 01:48:01.102,0.85483,0.85492,1.50,1.00
2017.03.23 01:48:02.040,0.85482,0.85492,2.25,1.00
2017.03.23 01:48:02.550,0.85483,0.85493,1.00,1.12
2017.03.23 01:48:03.783,0.85482,0.8549,1.00,1.00
2017.03.23 01:48:04.349,0.85481,0.8549,1.00,1.87
2017.03.23 01:48:04.880,0.85481,0.85489,1.00,1.00
2017.03.23 01:48:05.588,0.85481,0.8549,1.00,1.12
2017.03.23 01:48:09.895,0.85482,0.85492,1.00,1.12
2017.03.23 01:48:10.890,0.85482,0.85492,1.00,1.00
2017.03.23 01:48:11.397,0.85483,0.85492,1.00,1.00
2017.03.23 01:48:12.761,0.85485,0.85492,1.00,1.00
2017.03.23 01:48:13.274,0.85484,0.85492,1.50,1.00
2017.03.23 01:48:15.001,0.85485,0.85492,1.00,1.00
2017.03.23 01:48:15.170,0.85486,0.85494,1.00,1.00
2017.03.23 01:48:15.596,0.85484,0.85494,2.25,1.37
2017.03.23 01:48:15.697,0.85484,0.85493,1.50,1.12
2017.03.23 01:48:16.811,0.85484,0.85494,1.00,1.37
2017.03.23 01:48:19.283,0.85483,0.85494,1.50,1.37
2017.03.23 01:48:19.804,0.85484,0.85494,1.00,1.87
2017.03.23 01:48:20.730,0.85481,0.85485,1.50,1.00
2017.03.23 01:48:20.781,0.85481,0.85485,1.12,1.00
2017.03.23 01:48:20.967,0.85477,0.85483,1.37,1.12
2017.03.23 01:48:21.045,0.85476,0.85481,1.12,1.12
2017.03.23 01:48:21.197,0.85474,0.8548,1.50,1.00
2017.03.23 01:48:21.454,0.85473,0.85477,1.00,1.00
2017.03.23 01:48:21.505,0.85471,0.85477,1.00,1.00
2017.03.23 01:48:21.658,0.85471,0.85479,1.00,1.12
2017.03.23 01:48:22.784,0.85471,0.85477,1.50,1.00
2017.03.23 01:48:23.299,0.85472,0.85478,1.00,1.00
2017.03.23 01:48:25.969,0.85472,0.85479,1.00,1.00
2017.03.23 01:48:27.226,0.85472,0.8548,2.44,1.00
2017.03.23 01:48:27.531,0.85475,0.8548,1.00,1.00
2017.03.23 01:48:27.965,0.85472,0.85479,2.44,1.00
2017.03.23 01:48:28.417,0.85472,0.85481,1.69,1.50
2017.03.23 01:48:29.040,0.8547,0.85478,2.62,1.00
2017.03.23 01:48:29.394,0.85469,0.85476,1.69,1.00
2017.03.23 01:48:29.989,0.85469,0.85476,1.31,1.00
2017.03.23 01:48:30.865,0.85469,0.85478,1.25,1.00
2017.03.23 01:48:31.433,0.85469,0.85479,1.25,1.12
2017.03.23 01:48:33.315,0.85469,0.85478,1.31,1.12
2017.03.23 01:48:34.486,0.85467,0.85477,1.12,1.00
2017.03.23 01:48:34.840,0.85468,0.85479,2.06,1.12
2017.03.23 01:48:35.353,0.85468,0.85479,2.06,1.12
2017.03.23 01:48:36.771,0.85469,0.8548,2.06,1.87
2017.03.23 01:48:37.993,0.85472,0.8548,1.00,2.62
2017.03.23 01:48:38.397,0.85474,0.8548,1.00,1.87
2017.03.23 01:48:38.653,0.85476,0.85483,1.69,1.50
2017.03.23 01:48:38.958,0.85476,0.85486,2.44,2.62
2017.03.23 01:48:39.495,0.85477,0.85486,1.00,2.25
2017.03.23 01:48:40.548,0.85478,0.85485,1.00,1.12
2017.03.23 01:48:41.055,0.85477,0.85485,1.50,1.50
2017.03.23 01:48:41.603,0.85478,0.85485,1.00,1.87
2017.03.23 01:48:42.143,0.85478,0.85484,1.00,1.00
2017.03.23 01:48:43.222,0.85478,0.85483,1.00,1.00
2017.03.23 01:48:43.325,0.85474,0.85482,1.00,1.00
2017.03.23 01:48:43.629,0.85472,0.85481,1.50,1.00
2017.03.23 01:48:44.203,0.85472,0.85481,1.00,1.12
2017.03.23 01:48:44.745,0.85471,0.85478,1.00,1.00
2017.03.23 01:48:45.507,0.85471,0.8548,1.50,2.25
2017.03.23 01:48:45.810,0.85473,0.85481,1.00,1.00
2017.03.23 01:48:46.063,0.85471,0.8548,1.00,1.00
2017.03.23 01:48:46.717,0.8547,0.8548,1.25,1.00
2017.03.23 01:48:47.352,0.8547,0.85479,1.25,1.00
2017.03.23 01:48:49.899,0.85469,0.85474,1.00,1.00
2017.03.23 01:48:49.950,0.85466,0.85474,1.87,1.00
2017.03.23 01:48:50.623,0.85469,0.85477,1.00,1.12
2017.03.23 01:48:51.142,0.85469,0.85477,1.00,1.50
2017.03.23 01:48:51.647,0.85468,0.85478,1.00,2.62
2017.03.23 01:48:53.304,0.85467,0.85477,2.44,1.50
2017.03.23 01:48:54.211,0.85467,0.85475,1.00,1.12
2017.03.23 01:48:54.519,0.85465,0.85473,1.69,1.00
2017.03.23 01:48:54.823,0.85466,0.85475,1.00,1.12
2017.03.23 01:48:54.925,0.85468,0.85475,1.00,1.00
2017.03.23 01:48:55.026,0.85466,0.85475,1.50,1.87
2017.03.23 01:48:55.703,0.85466,0.85474,1.50,1.00
2017.03.23 01:48:59.309,0.85466,0.85474,1.00,1.50
2017.03.23 01:49:00.017,0.85465,0.85474,1.25,2.62
2017.03.23 01:49:01.775,0.85465,0.85473,1.25,1.50
2017.03.23 01:49:02.082,0.85465,0.85471,1.69,1.00
2017.03.23 01:49:02.904,0.85465,0.85473,1.69,1.12
2017.03.23 01:49:03.437,0.85466,0.85473,1.00,1.50
2017.03.23 01:49:07.594,0.85466,0.85473,1.00,1.37
2017.03.23 01:49:07.695,0.85466,0.85473,1.69,1.00
2017.03.23 01:49:08.201,0.85467,0.85473,1.50,1.12
2017.03.23 01:49:08.733,0.85467,0.85473,1.50,1.37
2017.03.23 01:49:09.348,0.85466,0.85473,1.50,1.37
2017.03.23 01:49:09.877,0.85468,0.85476,1.25,2.25
2017.03.23 01:49:10.030,0.8547,0.85477,1.00,1.87
2017.03.23 01:49:10.571,0.85471,0.85477,1.00,1.50
2017.03.23 01:49:11.433,0.85471,0.85477,1.00,1.50
2017.03.23 01:49:11.939,0.85467,0.85474,1.87,1.12
2017.03.23 01:49:12.040,0.8547,0.85476,1.00,1.37
2017.03.23 01:49:12.243,0.85471,0.85479,1.00,1.50
2017.03.23 01:49:12.749,0.85471,0.85477,1.00,1.00
2017.03.23 01:49:13.298,0.85471,0.85478,1.00,1.75
2017.03.23 01:49:13.822,0.85472,0.8548,1.00,2.25
2017.03.23 01:49:14.025,0.85473,0.85481,1.00,2.62
2017.03.23 01:49:14.555,0.85472,0.8548,1.50,1.50
2017.03.23 01:49:15.823,0.85472,0.85477,1.00,1.00
2017.03.23 01:49:15.924,0.8547,0.85477,1.00,1.50
2017.03.23 01:49:16.077,0.85468,0.85476,1.00,2.62
2017.03.23 01:49:16.591,0.85467,0.85474,1.00,1.00
2017.03.23 01:49:17.296,0.85467,0.85475,1.00,1.50
2017.03.23 01:49:17.759,0.85469,0.85475,1.00,1.00
2017.03.23 01:49:18.121,0.8547,0.85477,1.00,1.12
2017.03.23 01:49:18.659,0.8547,0.85476,1.00,1.00
2017.03.23 01:49:18.760,0.85468,0.85475,1.50,1.00
2017.03.23 01:49:18.811,0.85468,0.85473,1.50,1.00
2017.03.23 01:49:19.335,0.85467,0.85473,1.50,1.00
2017.03.23 01:49:29.862,0.85468,0.85476,1.00,2.25
2017.03.23 01:49:30.454,0.85468,0.85476,1.50,1.50
2017.03.23 01:49:33.187,0.85469,0.85476,1.00,1.00
2017.03.23 01:49:34.725,0.85469,0.85474,1.00,1.00
2017.03.23 01:49:35.144,0.85469,0.85476,1.00,1.00
2017.03.23 01:49:35.710,0.85468,0.85476,1.50,1.00
2017.03.23 01:49:35.761,0.85468,0.85474,1.00,1.50
2017.03.23 01:49:36.064,0.85467,0.85471,1.00,1.00
2017.03.23 01:49:36.368,0.85461,0.85465,1.00,1.00
2017.03.23 01:49:36.521,0.85457,0.85462,1.00,1.12
2017.03.23 01:49:37.051,0.85456,0.85462,1.25,1.12
2017.03.23 01:49:37.629,0.85456,0.85463,1.69,1.12
2017.03.23 01:49:37.832,0.85457,0.85465,1.00,1.12
2017.03.23 01:49:38.374,0.85458,0.85465,1.00,1.00
2017.03.23 01:49:39.440,0.85458,0.85466,1.00,1.50
2017.03.23 01:49:39.744,0.8546,0.85467,1.00,1.50
2017.03.23 01:49:39.966,0.85458,0.85465,1.12,1.00
2017.03.23 01:49:40.168,0.8546,0.85465,1.00,1.00
2017.03.23 01:49:40.868,0.8546,0.85464,1.00,1.00
2017.03.23 01:49:40.970,0.85457,0.85464,1.37,1.00
2017.03.23 01:49:41.494,0.85458,0.85467,1.00,1.12
2017.03.23 01:49:41.890,0.85458,0.85465,1.50,1.00
2017.03.23 01:49:42.576,0.85458,0.85466,1.00,1.00
2017.03.23 01:49:43.081,0.85458,0.85465,1.00,1.12
2017.03.23 01:49:47.228,0.85458,0.85466,1.00,1.50
2017.03.23 01:49:48.213,0.85458,0.85465,1.00,1.00
2017.03.23 01:49:48.718,0.85457,0.85465,2.06,1.00
2017.03.23 01:49:49.227,0.85457,0.85467,3.19,1.12
2017.03.23 01:49:49.864,0.85458,0.85466,1.12,1.00
2017.03.23 01:49:50.471,0.85457,0.85466,2.81,1.50
2017.03.23 01:49:51.912,0.85457,0.85465,2.44,1.00
2017.03.23 01:49:52.064,0.85459,0.85465,1.00,1.00
2017.03.23 01:49:52.611,0.8546,0.85465,1.00,1.00
2017.03.23 01:49:55.672,0.8546,0.85464,1.00,1.00
2017.03.23 01:49:57.291,0.8546,0.85465,1.00,1.00
2017.03.23 01:49:59.324,0.85458,0.85462,1.00,1.00
2017.03.23 01:49:59.477,0.85456,0.85462,1.12,1.00
2017.03.23 01:49:59.579,0.85454,0.8546,1.12,1.00
2017.03.23 01:50:00.273,0.85453,0.8546,2.06,1.00
2017.03.23 01:50:00.596,0.85453,0.85462,2.81,1.12
2017.03.23 01:50:01.393,0.85455,0.85462,1.00,1.12
2017.03.23 01:50:01.673,0.85461,0.8547,1.00,2.62
2017.03.23 01:50:01.926,0.85462,0.85471,1.00,1.12
2017.03.23 01:50:02.431,0.85461,0.85471,1.00,1.12
2017.03.23 01:50:02.635,0.85461,0.85469,1.00,1.00
2017.03.23 01:50:03.161,0.8546,0.85469,1.50,1.00
2017.03.23 01:50:03.522,0.85463,0.8547,1.00,1.87
2017.03.23 01:50:04.029,0.85464,0.85471,1.00,1.87
2017.03.23 01:50:04.554,0.85464,0.85471,1.00,1.12
2017.03.23 01:50:05.478,0.85464,0.85472,1.00,1.00
2017.03.23 01:50:06.026,0.85464,0.85473,1.00,2.62
2017.03.23 01:50:06.843,0.85466,0.85473,1.00,1.87
2017.03.23 01:50:07.148,0.8547,0.85477,1.00,1.50
2017.03.23 01:50:07.552,0.85473,0.85478,1.00,1.37
2017.03.23 01:50:07.603,0.85473,0.8548,1.00,1.37
2017.03.23 01:50:07.705,0.85478,0.85482,1.00,1.00
2017.03.23 01:50:07.756,0.85478,0.85484,1.00,1.00
2017.03.23 01:50:08.278,0.85479,0.85485,1.00,1.00
2017.03.23 01:50:08.746,0.85479,0.85487,1.00,2.62
2017.03.23 01:50:09.272,0.85477,0.85486,1.00,1.12
2017.03.23 01:50:09.777,0.85478,0.85486,1.00,1.87
2017.03.23 01:50:10.324,0.85478,0.85486,1.00,1.00
2017.03.23 01:50:10.476,0.85479,0.85488,1.00,5.25
2017.03.23 01:50:11.090,0.8548,0.85488,1.00,3.37
2017.03.23 01:50:11.292,0.85482,0.85488,1.00,2.25
2017.03.23 01:50:11.801,0.85482,0.85487,1.00,1.50
2017.03.23 01:50:12.369,0.85482,0.85489,1.00,2.25
2017.03.23 01:50:15.949,0.85482,0.85487,1.00,1.00
2017.03.23 01:50:16.050,0.8548,0.85487,1.12,1.00
2017.03.23 01:50:16.565,0.8548,0.85488,1.12,1.50
2017.03.23 01:50:16.616,0.85482,0.85488,1.00,2.25
2017.03.23 01:50:17.127,0.85484,0.85492,1.00,4.50
2017.03.23 01:50:17.178,0.85484,0.85492,1.50,1.00
2017.03.23 01:50:17.229,0.85487,0.85494,1.00,1.50
2017.03.23 01:50:17.533,0.85491,0.85495,1.00,1.00
2017.03.23 01:50:18.044,0.8549,0.85496,1.00,1.12
2017.03.23 01:50:19.184,0.85491,0.85496,1.00,1.12
2017.03.23 01:50:19.286,0.85489,0.85498,1.00,1.50
2017.03.23 01:50:19.337,0.85491,0.85498,1.00,1.12
2017.03.23 01:50:19.873,0.8549,0.85498,1.00,1.00
2017.03.23 01:50:21.941,0.85492,0.85498,1.00,1.00
2017.03.23 01:50:22.543,0.8549,0.85498,1.50,1.00
2017.03.23 01:50:23.072,0.85491,0.85499,1.50,1.00
2017.03.23 01:50:25.364,0.85491,0.85498,1.00,1.00
2017.03.23 01:50:25.911,0.8549,0.85498,1.50,1.00
2017.03.23 01:50:26.493,0.85489,0.85498,1.50,1.12
2017.03.23 01:50:29.841,0.85488,0.85499,2.25,1.87
2017.03.23 01:50:30.145,0.85486,0.85496,1.00,1.50
2017.03.23 01:50:30.666,0.85486,0.85495,1.00,1.00
2017.03.23 01:50:32.615,0.85488,0.85496,1.00,1.87
2017.03.23 01:50:32.942,0.85488,0.85497,1.00,1.12
2017.03.23 01:50:33.349,0.8549,0.85497,1.00,1.12
2017.03.23 01:50:34.252,0.85487,0.85497,3.00,1.50
2017.03.23 01:50:35.581,0.85488,0.85497,1.37,1.00
2017.03.23 01:50:35.683,0.85489,0.85499,1.12,3.00
2017.03.23 01:50:35.734,0.85489,0.85499,1.87,1.50
2017.03.23 01:50:35.835,0.85489,0.85499,1.50,1.12
2017.03.23 01:50:36.140,0.85489,0.85499,1.87,1.37
2017.03.23 01:50:36.343,0.85489,0.85499,1.87,1.12
2017.03.23 01:50:38.027,0.85488,0.85499,1.12,1.87
2017.03.23 01:50:38.536,0.85489,0.85499,1.00,1.87
2017.03.23 01:50:38.745,0.85489,0.85497,1.00,1.00
2017.03.23 01:50:39.258,0.8549,0.855,1.00,1.87
2017.03.23 01:50:41.404,0.8549,0.855,1.00,2.25
2017.03.23 01:50:42.201,0.8549,0.855,1.00,2.62
2017.03.23 01:50:43.246,0.85489,0.85498,1.00,1.00
2017.03.23 01:50:43.803,0.85489,0.85498,1.00,1.87
2017.03.23 01:50:43.854,0.85486,0.85496,1.50,1.00
2017.03.23 01:50:44.360,0.85485,0.85496,2.81,1.12
2017.03.23 01:50:49.527,0.85485,0.85495,1.69,1.00
2017.03.23 01:50:50.347,0.85485,0.85494,2.06,1.00
2017.03.23 01:50:52.024,0.85485,0.85493,1.00,1.00
2017.03.23 01:50:52.075,0.85483,0.85493,1.12,1.00
2017.03.23 01:50:52.612,0.85483,0.85491,1.12,1.00
2017.03.23 01:50:54.773,0.85483,0.85489,1.00,1.00
2017.03.23 01:50:56.299,0.85481,0.85489,2.06,1.00
2017.03.23 01:50:56.825,0.85481,0.85488,1.25,1.00
2017.03.23 01:50:57.348,0.85481,0.85487,1.25,1.00
2017.03.23 01:50:58.001,0.8548,0.85488,1.00,1.00
2017.03.23 01:50:59.863,0.85481,0.85488,1.00,1.00
2017.03.23 01:51:00.590,0.85481,0.85489,1.00,1.50
2017.03.23 01:51:01.365,0.85481,0.8549,1.00,1.00
2017.03.23 01:51:01.902,0.8548,0.85487,1.00,1.00
2017.03.23 01:51:01.953,0.85478,0.85487,1.69,1.00
2017.03.23 01:51:02.358,0.85479,0.85489,1.00,1.00
2017.03.23 01:51:02.763,0.8548,0.85489,1.00,1.75
2017.03.23 01:51:03.274,0.85479,0.85489,1.50,1.87
2017.03.23 01:51:03.948,0.85478,0.85488,2.25,1.50
2017.03.23 01:51:04.455,0.85478,0.85484,1.00,1.00
2017.03.23 01:51:04.557,0.85476,0.85484,1.00,1.00
2017.03.23 01:51:05.063,0.85475,0.85483,3.19,1.00
2017.03.23 01:51:06.045,0.85475,0.85481,1.00,1.00
2017.03.23 01:51:06.623,0.85475,0.8548,1.00,1.00
2017.03.23 01:51:07.067,0.85475,0.85484,1.00,1.00
2017.03.23 01:51:07.219,0.85472,0.85483,1.12,1.50
2017.03.23 01:51:07.732,0.85473,0.85482,1.00,1.00
2017.03.23 01:51:09.135,0.85472,0.85479,1.00,1.00
2017.03.23 01:51:09.701,0.85472,0.85481,1.50,1.12
2017.03.23 01:51:10.879,0.85473,0.85481,1.00,1.00
2017.03.23 01:51:10.931,0.85473,0.85479,1.00,1.00
2017.03.23 01:51:10.982,0.85471,0.85478,1.00,1.00
2017.03.23 01:51:11.034,0.85471,0.85477,1.00,1.50
2017.03.23 01:51:11.291,0.85466,0.85472,1.00,1.12
2017.03.23 01:51:11.342,0.85466,0.8547,1.00,1.00
2017.03.23 01:51:11.393,0.85464,0.8547,1.69,1.00
2017.03.23 01:51:11.444,0.85465,0.8547,1.19,1.00
2017.03.23 01:51:11.851,0.85466,0.85472,1.69,1.00
2017.03.23 01:51:12.154,0.85466,0.85474,1.69,1.12
2017.03.23 01:51:13.214,0.85466,0.85474,1.69,1.50
2017.03.23 01:51:13.417,0.85463,0.85471,1.69,1.12
2017.03.23 01:51:14.787,0.85464,0.85472,1.00,1.37
2017.03.23 01:51:14.838,0.85465,0.85475,2.44,1.37
2017.03.23 01:51:14.889,0.85468,0.85477,1.00,2.25
2017.03.23 01:51:15.058,0.85468,0.85478,1.00,1.37
2017.03.23 01:51:15.159,0.8547,0.85479,1.00,2.62
2017.03.23 01:51:15.962,0.85471,0.85478,1.00,1.37
2017.03.23 01:51:16.064,0.85471,0.85479,1.00,1.00
2017.03.23 01:51:16.469,0.85468,0.85478,1.69,1.50
2017.03.23 01:51:17.730,0.85468,0.85479,1.69,2.25
2017.03.23 01:51:17.781,0.8547,0.85479,1.25,1.87
2017.03.23 01:51:18.085,0.85471,0.8548,1.00,3.75
2017.03.23 01:51:18.604,0.8547,0.85478,1.25,1.00
2017.03.23 01:51:23.942,0.8547,0.85477,1.25,1.00
2017.03.23 01:51:24.144,0.85468,0.85477,2.44,1.00
2017.03.23 01:51:24.246,0.85468,0.85477,1.00,2.62
2017.03.23 01:51:24.506,0.85466,0.85476,1.69,2.62
2017.03.23 01:51:25.027,0.85467,0.85476,1.00,1.75
2017.03.23 01:51:25.179,0.85469,0.85476,1.00,1.50
2017.03.23 01:51:25.483,0.85466,0.85476,1.50,1.87
2017.03.23 01:51:25.989,0.85467,0.85476,1.00,2.62
2017.03.23 01:51:26.501,0.85466,0.85476,1.00,1.37
2017.03.23 01:51:27.476,0.85466,0.85476,1.50,1.12
2017.03.23 01:51:27.678,0.85468,0.85477,1.00,1.87
2017.03.23 01:51:29.684,0.85469,0.8548,1.69,2.25
2017.03.23 01:51:30.190,0.8547,0.8548,1.00,1.00
2017.03.23 01:51:30.793,0.85469,0.85481,2.06,4.12
2017.03.23 01:51:30.844,0.8547,0.8548,1.00,1.75
2017.03.23 01:51:30.945,0.8547,0.8548,1.00,1.00
2017.03.23 01:51:31.482,0.8547,0.85481,1.00,1.12
2017.03.23 01:51:32.000,0.8547,0.85481,1.00,4.12
2017.03.23 01:51:32.540,0.8547,0.85479,1.00,1.12
2017.03.23 01:51:34.743,0.8547,0.85479,1.00,2.25
2017.03.23 01:51:36.602,0.85468,0.85474,1.31,1.00
2017.03.23 01:51:37.088,0.8547,0.85474,1.00,1.00
2017.03.23 01:51:38.487,0.85469,0.85474,1.00,1.00
2017.03.23 01:51:38.588,0.85467,0.85474,1.87,1.00
2017.03.23 01:51:39.192,0.85468,0.85474,1.00,1.00
2017.03.23 01:51:39.777,0.85467,0.85474,1.00,1.00
2017.03.23 01:51:40.327,0.85467,0.85474,1.31,1.00
2017.03.23 01:51:41.095,0.85468,0.85475,1.25,1.00
2017.03.23 01:51:41.792,0.85469,0.85475,1.00,1.00
2017.03.23 01:51:43.503,0.8547,0.85475,1.00,1.00
2017.03.23 01:51:45.402,0.8547,0.85474,1.00,1.00
2017.03.23 01:51:47.234,0.85468,0.85474,1.50,1.00
2017.03.23 01:51:47.750,0.85467,0.85474,1.12,1.00
2017.03.23 01:51:48.177,0.85467,0.85471,1.00,1.00
2017.03.23 01:51:48.397,0.85465,0.85471,1.25,1.00
2017.03.23 01:51:49.347,0.85465,0.8547,1.69,1.00
2017.03.23 01:51:50.779,0.85464,0.8547,1.25,1.00
2017.03.23 01:51:50.880,0.85464,0.85468,1.25,1.00
2017.03.23 01:51:51.387,0.85464,0.8547,1.25,1.00
2017.03.23 01:51:51.904,0.85464,0.85471,1.25,1.00
2017.03.23 01:51:53.993,0.85463,0.8547,1.87,1.00
2017.03.23 01:51:56.083,0.85466,0.8547,1.25,1.00
2017.03.23 01:51:56.184,0.85467,0.85472,1.25,1.00
2017.03.23 01:51:56.704,0.85468,0.85472,1.25,1.00
2017.03.23 01:51:57.882,0.85467,0.85471,1.00,1.00
2017.03.23 01:51:58.036,0.85465,0.85471,2.06,1.00
2017.03.23 01:51:58.837,0.85463,0.85469,2.44,1.00
2017.03.23 01:52:01.072,0.85463,0.85469,1.50,1.00
2017.03.23 01:52:02.552,0.85465,0.8547,1.25,1.00
2017.03.23 01:52:02.604,0.85465,0.85472,1.25,1.12
2017.03.23 01:52:03.122,0.85465,0.85471,1.50,1.00
2017.03.23 01:52:03.628,0.85466,0.85471,1.00,1.00
2017.03.23 01:52:03.881,0.85466,0.85473,1.00,1.00
2017.03.23 01:52:04.936,0.85466,0.85472,1.00,1.00
2017.03.23 01:52:05.496,0.85466,0.85473,1.00,1.00
2017.03.23 01:52:05.918,0.85466,0.8547,1.00,1.00
2017.03.23 01:52:06.019,0.85464,0.85469,1.00,1.00
2017.03.23 01:52:06.222,0.85462,0.8547,1.00,1.00
2017.03.23 01:52:06.323,0.85461,0.85466,1.00,1.00
2017.03.23 01:52:06.425,0.85458,0.85465,1.12,1.00
2017.03.23 01:52:06.964,0.85457,0.85464,1.00,1.00
2017.03.23 01:52:07.613,0.85456,0.85464,1.00,1.00
2017.03.23 01:52:08.125,0.85457,0.85464,1.00,1.00
2017.03.23 01:52:09.851,0.85459,0.85465,1.00,1.00
2017.03.23 01:52:09.902,0.85457,0.85465,1.50,1.00
2017.03.23 01:52:09.953,0.85459,0.85465,1.00,1.00
2017.03.23 01:52:10.004,0.85459,0.85467,1.00,1.00
2017.03.23 01:52:10.156,0.8546,0.85465,1.00,1.00
2017.03.23 01:52:10.695,0.85459,0.85465,1.00,1.00
2017.03.23 01:52:10.847,0.85457,0.85464,1.00,1.00
2017.03.23 01:52:11.391,0.85456,0.85464,1.00,1.00
2017.03.23 01:52:11.954,0.85455,0.85464,1.31,1.00
2017.03.23 01:52:12.832,0.85455,0.85463,2.06,1.00
2017.03.23 01:52:15.125,0.85456,0.85463,1.00,1.00
2017.03.23 01:52:15.732,0.85456,0.85464,1.50,1.00
2017.03.23 01:52:16.749,0.85457,0.85464,1.00,1.00
2017.03.23 01:52:17.435,0.85456,0.85464,1.00,1.00
2017.03.23 01:52:17.895,0.85455,0.85462,1.00,1.00
2017.03.23 01:52:18.561,0.85454,0.85462,1.00,1.00
2017.03.23 01:52:19.765,0.85453,0.85458,1.00,1.50
2017.03.23 01:52:19.816,0.85452,0.85459,1.00,1.12
2017.03.23 01:52:20.120,0.85451,0.8546,1.00,1.87
2017.03.23 01:52:20.322,0.85453,0.85461,1.00,1.87
2017.03.23 01:52:21.845,0.85451,0.85461,1.00,2.62
2017.03.23 01:52:22.555,0.8545,0.85461,2.06,1.37
2017.03.23 01:52:23.308,0.85451,0.8546,1.12,1.12
2017.03.23 01:52:23.612,0.8545,0.85459,1.00,1.37
2017.03.23 01:52:23.663,0.85448,0.85459,1.31,1.87
2017.03.23 01:52:23.764,0.8545,0.85459,1.00,2.25
2017.03.23 01:52:24.291,0.8545,0.85459,1.00,1.12
2017.03.23 01:52:24.596,0.85448,0.85458,2.44,1.00
2017.03.23 01:52:24.749,0.85448,0.85457,1.00,1.37
2017.03.23 01:52:24.914,0.85445,0.85456,1.25,2.25
2017.03.23 01:52:25.419,0.85446,0.85456,1.12,1.37
2017.03.23 01:52:25.933,0.85446,0.85457,1.12,1.87
2017.03.23 01:52:25.984,0.85448,0.85457,1.00,1.37
2017.03.23 01:52:26.492,0.85448,0.85457,1.00,1.50
2017.03.23 01:52:27.190,0.85446,0.85457,1.00,1.50
2017.03.23 01:52:27.358,0.85446,0.85454,1.00,1.00
2017.03.23 01:52:27.561,0.85444,0.85454,1.00,1.00
2017.03.23 01:52:28.189,0.85446,0.85455,1.00,1.12
2017.03.23 01:52:28.745,0.85446,0.85456,1.50,1.12
2017.03.23 01:52:29.267,0.85446,0.85455,1.00,1.00
2017.03.23 01:52:29.884,0.85446,0.85456,1.00,1.12
2017.03.23 01:52:30.289,0.85444,0.85455,1.00,1.69
2017.03.23 01:52:30.340,0.85444,0.85455,1.00,2.06
2017.03.23 01:52:30.441,0.85444,0.85455,1.00,3.56
2017.03.23 01:52:32.005,0.85445,0.85455,1.00,3.00
2017.03.23 01:52:32.995,0.85445,0.85455,1.00,1.87
2017.03.23 01:52:33.582,0.85445,0.85455,1.00,1.50
2017.03.23 01:52:34.138,0.85446,0.85455,1.00,1.00
2017.03.23 01:52:35.117,0.85447,0.85456,1.00,1.12
2017.03.23 01:52:35.269,0.85448,0.85458,1.00,1.50
2017.03.23 01:52:35.320,0.8545,0.85459,1.00,3.00
2017.03.23 01:52:35.915,0.85449,0.85459,1.00,2.25
2017.03.23 01:52:36.463,0.85449,0.85458,1.00,1.00
2017.03.23 01:52:37.603,0.85449,0.85459,1.00,4.12
2017.03.23 01:52:40.373,0.85449,0.85458,1.00,1.00
2017.03.23 01:52:40.905,0.85449,0.85458,1.00,1.50
2017.03.23 01:52:41.278,0.85449,0.8546,1.12,2.62
2017.03.23 01:52:42.252,0.8545,0.8546,1.25,1.87
2017.03.23 01:52:46.321,0.8545,0.8546,1.69,2.62
2017.03.23 01:52:46.827,0.8545,0.85461,3.19,4.87
2017.03.23 01:52:47.117,0.8545,0.85461,3.19,2.25
2017.03.23 01:52:47.620,0.85451,0.8546,1.69,1.00
2017.03.23 01:52:48.279,0.85451,0.85461,1.25,1.00
2017.03.23 01:52:53.205,0.85451,0.8546,1.25,1.00
2017.03.23 01:52:53.709,0.85451,0.85461,1.25,1.00
2017.03.23 01:52:54.937,0.85452,0.85461,1.00,1.00
2017.03.23 01:52:55.104,0.85452,0.85463,1.69,2.56
2017.03.23 01:52:55.307,0.85452,0.85458,2.44,1.00
2017.03.23 01:52:57.110,0.8545,0.85457,1.37,1.00
2017.03.23 01:52:57.161,0.85449,0.85456,1.50,1.00
2017.03.23 01:52:57.213,0.85448,0.85454,1.12,1.00
2017.03.23 01:52:57.568,0.85446,0.85456,1.69,1.00
2017.03.23 01:52:57.669,0.85447,0.85454,1.62,1.00
2017.03.23 01:53:00.923,0.85446,0.85455,1.94,1.00
2017.03.23 01:53:01.240,0.85445,0.85454,1.69,1.00
2017.03.23 01:53:01.809,0.85445,0.85453,1.25,1.00
2017.03.23 01:53:02.356,0.85445,0.85452,1.25,1.00
2017.03.23 01:53:02.508,0.85442,0.8545,1.31,1.00
2017.03.23 01:53:03.974,0.85441,0.85449,2.81,1.00
2017.03.23 01:53:04.483,0.85443,0.8545,1.00,1.00
2017.03.23 01:53:05.384,0.85441,0.8545,2.37,1.00
2017.03.23 01:53:08.741,0.85443,0.85451,1.00,1.00
2017.03.23 01:53:08.792,0.85444,0.85453,1.81,1.87
2017.03.23 01:53:08.894,0.85445,0.85455,1.00,1.12
2017.03.23 01:53:09.090,0.85443,0.85451,1.12,1.12
2017.03.23 01:53:09.446,0.8544,0.8545,2.37,1.00
2017.03.23 01:53:10.061,0.8544,0.8545,1.69,1.75
2017.03.23 01:53:10.162,0.85441,0.85451,1.25,1.00
2017.03.23 01:53:10.213,0.85441,0.85449,1.31,1.00
2017.03.23 01:53:10.264,0.85441,0.85451,2.37,1.00
2017.03.23 01:53:10.315,0.85445,0.85453,1.25,1.12
2017.03.23 01:53:10.961,0.85443,0.85453,2.25,1.00
2017.03.23 01:53:12.297,0.85442,0.85453,1.00,1.00
2017.03.23 01:53:12.803,0.85441,0.85453,1.50,2.25
2017.03.23 01:53:12.854,0.85443,0.85453,1.25,1.50
2017.03.23 01:53:13.083,0.85445,0.85457,1.00,1.00
2017.03.23 01:53:13.931,0.85445,0.85457,1.37,1.00
2017.03.23 01:53:15.187,0.85447,0.85457,1.00,1.50
2017.03.23 01:53:16.139,0.85446,0.85457,1.00,1.00
2017.03.23 01:53:16.875,0.85445,0.85456,1.50,1.00
2017.03.23 01:53:18.324,0.85446,0.85458,1.87,2.81
2017.03.23 01:53:20.973,0.85447,0.85457,1.12,1.00
2017.03.23 01:53:23.177,0.85448,0.85457,1.00,1.00
2017.03.23 01:53:24.977,0.85447,0.85457,1.00,1.00
2017.03.23 01:53:28.532,0.85447,0.85457,1.19,1.12
2017.03.23 01:53:29.052,0.85447,0.85457,1.00,1.50
2017.03.23 01:53:29.789,0.85447,0.85455,1.00,1.00
2017.03.23 01:53:34.609,0.85445,0.85454,1.69,1.00
2017.03.23 01:53:34.660,0.85444,0.85452,1.50,1.00
2017.03.23 01:53:34.761,0.85442,0.85451,2.06,1.00
2017.03.23 01:53:35.245,0.85442,0.85453,1.69,1.12
2017.03.23 01:53:35.793,0.85443,0.85453,1.00,1.50
2017.03.23 01:53:36.315,0.85442,0.85451,1.12,1.00
2017.03.23 01:53:36.864,0.85443,0.85451,1.00,1.00
2017.03.23 01:53:43.483,0.85442,0.85454,1.87,3.00
2017.03.23 01:53:45.293,0.85442,0.85452,1.00,2.25
2017.03.23 01:53:46.913,0.85443,0.8545,1.00,1.00
2017.03.23 01:53:47.152,0.85441,0.85451,1.31,1.12
2017.03.23 01:53:47.744,0.85441,0.85449,1.31,1.00
2017.03.23 01:53:48.400,0.85442,0.85449,1.00,1.00
2017.03.23 01:53:50.115,0.8544,0.85449,2.25,1.00
2017.03.23 01:53:50.533,0.85444,0.85452,1.00,1.12
2017.03.23 01:53:50.837,0.85447,0.85454,1.37,1.00
2017.03.23 01:53:51.437,0.85446,0.85455,2.25,1.00
2017.03.23 01:53:51.753,0.85444,0.85453,1.62,1.00
2017.03.23 01:53:54.037,0.85445,0.85454,1.12,1.00
2017.03.23 01:53:54.446,0.85444,0.85452,1.25,1.00
2017.03.23 01:53:55.405,0.85445,0.85452,1.00,1.00
2017.03.23 01:53:55.968,0.85445,0.85453,1.69,1.00
2017.03.23 01:53:56.273,0.85442,0.85448,1.12,1.00
2017.03.23 01:53:56.324,0.8544,0.85447,1.50,1.12
2017.03.23 01:53:56.426,0.85438,0.85445,2.06,1.00
2017.03.23 01:53:59.329,0.85438,0.85447,1.25,1.50
2017.03.23 01:54:00.553,0.85438,0.85448,1.25,1.87
2017.03.23 01:54:06.104,0.85436,0.85446,1.31,1.50
2017.03.23 01:54:07.626,0.85434,0.85446,2.81,2.25
2017.03.23 01:54:08.133,0.85435,0.85445,1.12,1.00
2017.03.23 01:54:12.192,0.85436,0.85445,1.00,1.00
2017.03.23 01:54:12.243,0.85437,0.85447,1.00,1.87
2017.03.23 01:54:12.548,0.85437,0.85449,2.06,1.87
2017.03.23 01:54:15.349,0.85438,0.85449,1.00,1.87
2017.03.23 01:54:15.876,0.85438,0.85449,1.19,2.25
2017.03.23 01:54:20.236,0.85439,0.85448,1.25,1.00
2017.03.23 01:54:20.785,0.85439,0.85449,1.00,1.50
2017.03.23 01:54:21.250,0.85442,0.85451,1.00,3.00
2017.03.23 01:54:21.455,0.85439,0.8545,1.25,1.00
2017.03.23 01:54:21.506,0.85441,0.85451,1.00,1.00
2017.03.23 01:54:22.012,0.85441,0.85452,1.00,1.00
2017.03.23 01:54:22.589,0.85441,0.85453,1.00,1.87
2017.03.23 01:54:23.182,0.85441,0.85452,1.00,1.00
2017.03.23 01:54:23.790,0.85441,0.85452,1.00,1.50
2017.03.23 01:54:24.382,0.85442,0.85452,1.00,1.00
2017.03.23 01:54:24.901,0.85442,0.85453,1.00,1.50
2017.03.23 01:54:25.764,0.85441,0.85449,1.00,1.00
2017.03.23 01:54:25.865,0.8544,0.85451,2.25,1.50
2017.03.23 01:54:26.366,0.8544,0.85451,1.00,4.12
2017.03.23 01:54:28.374,0.85441,0.85451,1.00,1.87
2017.03.23 01:54:28.880,0.85441,0.85451,1.31,3.00
2017.03.23 01:54:31.449,0.85441,0.85451,1.25,2.25
2017.03.23 01:54:34.314,0.85439,0.85448,3.19,1.50
2017.03.23 01:54:34.517,0.85436,0.85445,1.25,2.25
2017.03.23 01:54:34.770,0.85437,0.85445,1.19,1.87
2017.03.23 01:54:38.767,0.85435,0.85445,1.37,1.00
2017.03.23 01:54:38.929,0.85434,0.85444,2.81,1.00
2017.03.23 01:54:39.474,0.85434,0.85444,2.44,1.00
2017.03.23 01:54:42.549,0.85434,0.85444,1.25,1.00
2017.03.23 01:54:44.672,0.85434,0.85443,1.25,1.00
2017.03.23 01:54:45.851,0.85434,0.85445,1.25,1.87
2017.03.23 01:54:46.358,0.85434,0.85445,2.81,1.12
2017.03.23 01:54:46.635,0.85438,0.85447,1.25,3.00
2017.03.23 01:54:46.686,0.85437,0.85447,1.00,2.25
2017.03.23 01:54:47.142,0.85438,0.85447,1.31,1.00
2017.03.23 01:54:47.872,0.85439,0.85449,1.69,1.87
2017.03.23 01:54:48.394,0.85439,0.8545,2.06,1.50
2017.03.23 01:54:49.812,0.85439,0.85449,1.31,1.00
2017.03.23 01:54:50.417,0.85438,0.85448,1.87,1.00
2017.03.23 01:54:50.954,0.85438,0.85449,1.87,2.19
2017.03.23 01:54:51.005,0.8544,0.85449,1.00,1.06
2017.03.23 01:54:51.512,0.85439,0.85449,2.06,1.12
2017.03.23 01:54:52.121,0.85439,0.85448,1.31,1.50
2017.03.23 01:54:52.425,0.8544,0.85445,1.00,1.87
2017.03.23 01:54:52.476,0.85438,0.85444,1.31,1.00
2017.03.23 01:54:53.061,0.85438,0.85443,1.25,1.00
2017.03.23 01:54:53.574,0.85437,0.85443,1.31,1.00
2017.03.23 01:54:53.676,0.85435,0.85443,1.31,2.19
2017.03.23 01:54:54.183,0.85436,0.85443,1.25,1.44
2017.03.23 01:54:55.286,0.85436,0.85443,1.25,1.44
2017.03.23 01:54:55.691,0.85436,0.85445,1.25,2.12
2017.03.23 01:54:56.241,0.85436,0.85444,1.25,1.50
2017.03.23 01:54:56.659,0.85435,0.85442,1.69,1.00
2017.03.23 01:55:00.391,0.85435,0.85444,1.25,1.50
2017.03.23 01:55:01.036,0.85433,0.85443,1.69,1.00
2017.03.23 01:55:02.445,0.85433,0.85442,1.25,1.00
2017.03.23 01:55:03.564,0.85433,0.85443,1.25,1.87
2017.03.23 01:55:04.604,0.85433,0.85444,1.62,3.37
2017.03.23 01:55:09.557,0.85433,0.85442,1.62,1.00
2017.03.23 01:55:10.106,0.85433,0.85443,1.31,1.50
2017.03.23 01:55:11.116,0.85431,0.85443,2.44,1.87
2017.03.23 01:55:11.710,0.85431,0.85442,2.44,1.00
2017.03.23 01:55:14.528,0.85431,0.85443,2.44,2.62
2017.03.23 01:55:18.673,0.85431,0.85443,3.19,3.00
2017.03.23 01:55:20.232,0.85431,0.85443,2.81,2.25
2017.03.23 01:55:20.732,0.85433,0.85443,1.87,1.87
2017.03.23 01:55:21.236,0.85434,0.85444,2.06,1.00
2017.03.23 01:55:21.892,0.85434,0.85445,1.31,1.50
2017.03.23 01:55:22.683,0.85433,0.85445,3.56,1.00
2017.03.23 01:55:23.252,0.85434,0.85446,1.00,3.00
2017.03.23 01:55:25.686,0.85433,0.85445,3.19,1.00
2017.03.23 01:55:26.187,0.85434,0.85446,1.00,2.25
2017.03.23 01:55:26.741,0.85433,0.85445,3.19,1.00
2017.03.23 01:55:28.601,0.85433,0.85444,3.19,1.00
2017.03.23 01:55:29.715,0.85434,0.85444,1.00,1.00
2017.03.23 01:55:30.222,0.85435,0.85445,1.87,1.00
2017.03.23 01:55:31.005,0.85435,0.85445,1.87,1.00
2017.03.23 01:55:31.524,0.85435,0.85444,1.50,1.00
2017.03.23 01:55:32.039,0.85434,0.85444,1.12,1.00
2017.03.23 01:55:32.698,0.85433,0.85444,1.87,1.50
2017.03.23 01:55:36.360,0.85432,0.85444,1.50,1.87
2017.03.23 01:55:36.943,0.85432,0.85444,1.50,3.00
2017.03.23 01:55:37.467,0.85434,0.85443,1.00,1.00
2017.03.23 01:55:39.812,0.85434,0.85444,1.12,1.87
2017.03.23 01:55:40.363,0.85434,0.85445,1.12,1.87
2017.03.23 01:55:42.466,0.85434,0.85444,1.12,1.00
2017.03.23 01:55:43.470,0.85434,0.85445,1.00,1.00
2017.03.23 01:55:44.348,0.85434,0.85444,1.00,1.00
2017.03.23 01:55:44.872,0.85434,0.85445,1.00,1.00
2017.03.23 01:55:46.221,0.85433,0.85445,1.87,1.87
2017.03.23 01:55:47.538,0.85433,0.85444,1.87,1.00
2017.03.23 01:55:49.941,0.85433,0.85444,1.87,1.00
2017.03.23 01:55:51.501,0.85433,0.85444,1.87,1.00
2017.03.23 01:55:52.031,0.85433,0.85443,1.50,1.00
2017.03.23 01:55:53.333,0.85432,0.85443,1.87,1.50
2017.03.23 01:55:53.867,0.85432,0.85442,1.12,1.00
2017.03.23 01:55:54.660,0.85432,0.85441,1.87,1.00
2017.03.23 01:55:55.803,0.85429,0.8544,2.62,1.50
2017.03.23 01:55:56.057,0.85429,0.85439,1.50,1.12
2017.03.23 01:55:56.664,0.85429,0.85438,1.12,1.00
2017.03.23 01:55:57.203,0.85427,0.85437,2.44,1.00
2017.03.23 01:55:57.511,0.85427,0.85437,1.00,1.00
2017.03.23 01:55:58.584,0.85427,0.85435,1.00,1.00
2017.03.23 01:55:58.736,0.85424,0.85434,1.37,1.00
2017.03.23 01:55:59.265,0.85424,0.85434,1.12,1.00
2017.03.23 01:56:01.136,0.85424,0.85434,2.06,1.00
2017.03.23 01:56:01.990,0.85424,0.85435,2.06,1.12
2017.03.23 01:56:04.198,0.85424,0.85434,2.81,1.00
2017.03.23 01:56:06.132,0.85424,0.85435,2.81,2.25
2017.03.23 01:56:06.652,0.85424,0.85434,2.81,1.00
2017.03.23 01:56:07.406,0.85424,0.85435,2.81,2.25
2017.03.23 01:56:08.108,0.85424,0.85435,2.81,1.87
2017.03.23 01:56:08.691,0.85425,0.85435,1.31,1.87
2017.03.23 01:56:10.085,0.85426,0.85435,1.00,1.00
2017.03.23 01:56:11.259,0.85425,0.85436,2.06,1.50
2017.03.23 01:56:12.333,0.85425,0.85436,2.06,1.87
2017.03.23 01:56:12.861,0.85425,0.85436,2.06,3.00
2017.03.23 01:56:13.370,0.85425,0.85436,2.81,3.37
2017.03.23 01:56:15.108,0.85425,0.85434,2.81,1.00
2017.03.23 01:56:21.194,0.85425,0.85435,2.06,1.87
2017.03.23 01:56:26.139,0.85425,0.85434,1.31,1.00
2017.03.23 01:56:31.154,0.85424,0.85434,1.31,1.50
2017.03.23 01:56:31.256,0.85423,0.85434,2.44,1.75
2017.03.23 01:56:31.613,0.85427,0.85435,1.19,2.62
2017.03.23 01:56:31.664,0.85423,0.85435,2.81,2.62
2017.03.23 01:56:32.468,0.85424,0.85434,1.31,2.25
2017.03.23 01:56:35.184,0.85422,0.85432,3.19,2.62
2017.03.23 01:56:35.336,0.8542,0.85431,2.81,1.12
2017.03.23 01:56:35.387,0.8542,0.85431,2.44,2.62
2017.03.23 01:56:35.976,0.8542,0.8543,1.37,2.25
2017.03.23 01:56:36.482,0.8542,0.8543,1.00,2.62
2017.03.23 01:56:37.029,0.85419,0.8543,2.06,2.62
2017.03.23 01:56:37.638,0.8542,0.8543,1.00,3.00
2017.03.23 01:56:38.384,0.8542,0.8543,1.00,4.12
2017.03.23 01:56:40.382,0.85419,0.8543,1.31,3.00
2017.03.23 01:56:40.934,0.85419,0.85429,1.31,1.50
2017.03.23 01:56:41.784,0.85419,0.85429,1.31,1.50
2017.03.23 01:56:43.397,0.85419,0.85429,1.12,2.25
2017.03.23 01:56:43.686,0.85417,0.85427,1.00,2.25
2017.03.23 01:56:44.243,0.85416,0.85426,1.50,1.37
2017.03.23 01:56:44.794,0.85416,0.85427,1.12,4.12
2017.03.23 01:56:45.316,0.85417,0.85426,1.00,1.12
2017.03.23 01:56:47.182,0.85416,0.85426,1.00,1.87
2017.03.23 01:56:47.703,0.85416,0.85425,1.00,2.25
2017.03.23 01:56:49.887,0.85416,0.85426,1.00,2.25
2017.03.23 01:56:50.600,0.85416,0.85425,1.00,1.00
2017.03.23 01:56:51.186,0.85416,0.85426,1.00,2.25
2017.03.23 01:56:52.687,0.85416,0.85427,1.00,1.69
2017.03.23 01:56:57.015,0.85416,0.85425,1.00,1.00
2017.03.23 01:56:57.772,0.85418,0.85427,1.31,2.06
2017.03.23 01:56:58.027,0.85418,0.85429,2.19,2.25
2017.03.23 01:56:58.489,0.8542,0.8543,1.00,1.00
2017.03.23 01:56:58.966,0.85421,0.85431,1.31,1.87
2017.03.23 01:56:59.422,0.8542,0.8543,1.87,1.00
2017.03.23 01:57:00.473,0.85422,0.85431,1.00,1.87
2017.03.23 01:57:00.987,0.85422,0.85431,1.00,1.87
2017.03.23 01:57:01.089,0.8542,0.8543,2.19,1.00
2017.03.23 01:57:01.740,0.85422,0.85431,1.00,1.87
2017.03.23 01:57:02.339,0.85421,0.8543,1.06,1.00
2017.03.23 01:57:03.051,0.85421,0.8543,1.06,1.87
2017.03.23 01:57:03.562,0.85421,0.8543,1.00,1.12
2017.03.23 01:57:03.714,0.85421,0.85432,1.00,4.31
2017.03.23 01:57:04.669,0.8542,0.8543,1.50,1.00
2017.03.23 01:57:05.165,0.85421,0.85432,1.00,4.31
2017.03.23 01:57:05.899,0.85421,0.85432,1.00,4.12
2017.03.23 01:57:06.422,0.85422,0.85432,1.00,3.37
2017.03.23 01:57:07.154,0.85423,0.85432,1.00,2.62
2017.03.23 01:57:07.687,0.85422,0.85432,1.12,2.62
2017.03.23 01:57:08.238,0.85423,0.85433,2.25,1.87
2017.03.23 01:57:08.743,0.85425,0.85433,1.12,1.37
2017.03.23 01:57:08.913,0.85425,0.85436,1.12,1.50
2017.03.23 01:57:09.496,0.85425,0.85435,1.12,1.00
2017.03.23 01:57:11.435,0.85425,0.85436,1.12,1.00
2017.03.23 01:57:11.928,0.85425,0.85434,1.87,1.00
2017.03.23 01:57:12.970,0.85425,0.85436,1.87,1.00
2017.03.23 01:57:13.410,0.85429,0.85438,1.50,1.00
2017.03.23 01:57:14.024,0.85429,0.85439,1.00,1.00
2017.03.23 01:57:15.547,0.85429,0.85437,1.00,1.00
2017.03.23 01:57:16.446,0.85429,0.85439,1.50,1.00
2017.03.23 01:57:16.828,0.85429,0.85437,1.00,1.00
2017.03.23 01:57:17.233,0.85426,0.85432,1.50,1.00
2017.03.23 01:57:17.436,0.85418,0.85429,1.87,2.62
2017.03.23 01:57:17.985,0.85417,0.85428,1.50,1.00
2017.03.23 01:57:18.544,0.85417,0.85428,1.75,1.50
2017.03.23 01:57:18.595,0.85417,0.85428,1.00,1.00
2017.03.23 01:57:19.139,0.85416,0.85427,2.44,1.00
2017.03.23 01:57:19.657,0.85416,0.85426,2.44,1.00
2017.03.23 01:57:22.628,0.85417,0.85426,1.00,1.00
2017.03.23 01:57:23.286,0.85417,0.85425,1.00,1.00
2017.03.23 01:57:23.567,0.85417,0.85427,1.00,1.00
2017.03.23 01:57:24.331,0.85416,0.85427,2.06,1.00
2017.03.23 01:57:26.147,0.85417,0.85428,1.00,1.12
2017.03.23 01:57:26.724,0.85416,0.85427,2.06,1.00
2017.03.23 01:57:28.907,0.85419,0.85427,1.00,1.00
2017.03.23 01:57:32.919,0.85416,0.85426,1.25,1.00
2017.03.23 01:57:34.615,0.85416,0.85426,1.00,2.00
2017.03.23 01:57:35.453,0.85415,0.85426,1.50,3.19
2017.03.23 01:57:35.757,0.85413,0.85421,1.87,1.00
2017.03.23 01:57:36.062,0.85415,0.85421,1.00,1.00
2017.03.23 01:57:39.920,0.85413,0.85421,1.12,1.00
2017.03.23 01:57:40.459,0.85412,0.85422,1.50,1.00
2017.03.23 01:57:40.981,0.85412,0.85421,1.00,1.00
2017.03.23 01:57:41.503,0.85411,0.8542,1.31,1.00
2017.03.23 01:57:41.554,0.85413,0.8542,1.00,1.00
2017.03.23 01:57:44.044,0.85411,0.8542,1.69,1.00
2017.03.23 01:57:46.339,0.85411,0.8542,1.69,1.00
2017.03.23 01:57:46.986,0.85413,0.85421,1.87,1.00
2017.03.23 01:57:49.493,0.85414,0.85421,1.00,1.00
2017.03.23 01:57:50.079,0.85414,0.85422,1.00,1.00
2017.03.23 01:57:51.356,0.85414,0.85421,1.00,1.00
2017.03.23 01:57:51.407,0.85411,0.85419,1.50,1.00
2017.03.23 01:57:51.509,0.85411,0.85417,1.00,1.00
2017.03.23 01:57:52.030,0.85411,0.85418,1.00,1.00
2017.03.23 01:57:52.132,0.85409,0.85418,1.87,1.00
2017.03.23 01:57:52.671,0.85408,0.85416,1.31,1.00
2017.03.23 01:57:52.892,0.85405,0.85414,1.00,1.00
2017.03.23 01:57:53.513,0.85405,0.85413,1.50,1.00
2017.03.23 01:57:54.121,0.85404,0.85413,1.50,1.00
2017.03.23 01:57:54.273,0.85403,0.85411,1.25,1.00
2017.03.23 01:57:57.012,0.85401,0.8541,1.50,1.00
2017.03.23 01:57:57.912,0.85402,0.85411,1.12,1.00
2017.03.23 01:57:58.228,0.85404,0.85411,1.00,1.00
2017.03.23 01:57:59.094,0.85402,0.85411,1.50,1.00
2017.03.23 01:58:00.268,0.85402,0.85409,2.25,1.00
2017.03.23 01:58:00.673,0.85404,0.85412,1.75,1.37
2017.03.23 01:58:00.724,0.85406,0.85413,1.00,1.12
2017.03.23 01:58:00.838,0.85406,0.85415,2.06,1.37
2017.03.23 01:58:00.889,0.8541,0.8542,1.12,2.25
2017.03.23 01:58:00.990,0.8541,0.85419,1.87,1.00
2017.03.23 01:58:02.706,0.85409,0.85418,1.00,1.00
2017.03.23 01:58:02.807,0.8541,0.85419,1.50,1.00
2017.03.23 01:58:02.858,0.8541,0.85421,1.50,2.25
2017.03.23 01:58:03.415,0.85412,0.85421,1.00,1.50
2017.03.23 01:58:04.622,0.85412,0.8542,1.00,1.00
2017.03.23 01:58:06.263,0.85412,0.85422,1.00,1.00
2017.03.23 01:58:06.794,0.85412,0.85422,1.50,1.00
2017.03.23 01:58:07.505,0.85413,0.85422,1.37,1.00
2017.03.23 01:58:08.040,0.85413,0.85421,1.37,1.00
2017.03.23 01:58:11.145,0.85413,0.85423,1.44,1.00
2017.03.23 01:58:12.834,0.85414,0.85424,1.50,1.00
2017.03.23 01:58:14.503,0.85414,0.85425,1.50,1.50
2017.03.23 01:58:14.884,0.85414,0.85423,1.00,1.00
2017.03.23 01:58:15.188,0.85412,0.85421,1.87,1.50
2017.03.23 01:58:15.689,0.85412,0.85421,1.00,1.50
2017.03.23 01:58:16.264,0.85412,0.8542,1.00,1.00
2017.03.23 01:58:20.606,0.85413,0.85421,1.12,1.00
2017.03.23 01:58:21.189,0.85412,0.85421,1.00,1.50
2017.03.23 01:58:22.258,0.85411,0.85421,1.12,1.50
2017.03.23 01:58:22.559,0.85411,0.85417,1.00,1.00
2017.03.23 01:58:23.065,0.85409,0.85417,1.56,1.00
2017.03.23 01:58:23.470,0.85409,0.85419,1.56,1.00
2017.03.23 01:58:23.976,0.85411,0.85418,1.06,1.00
2017.03.23 01:58:24.752,0.85411,0.85418,1.31,1.00
2017.03.23 01:58:25.359,0.85409,0.85417,2.00,1.00
2017.03.23 01:58:25.461,0.85408,0.85416,3.31,1.00
2017.03.23 01:58:25.980,0.85408,0.85415,2.19,1.00
2017.03.23 01:58:26.455,0.8541,0.85417,1.31,1.00
2017.03.23 01:58:27.560,0.85412,0.85417,1.00,1.00
2017.03.23 01:58:28.082,0.85411,0.85418,1.12,1.00
2017.03.23 01:58:28.632,0.85411,0.85419,1.06,1.00
2017.03.23 01:58:29.874,0.8541,0.85418,1.81,1.00
2017.03.23 01:58:30.379,0.85409,0.85417,1.44,1.00
2017.03.23 01:58:31.729,0.85407,0.85416,2.19,1.00
2017.03.23 01:58:32.264,0.85407,0.85416,1.44,1.00
2017.03.23 01:58:34.054,0.85408,0.85415,1.31,1.00
2017.03.23 01:58:34.559,0.85407,0.85414,1.31,1.00
2017.03.23 01:58:35.998,0.85405,0.85413,1.31,1.00
2017.03.23 01:58:36.673,0.85404,0.85412,2.94,1.00
2017.03.23 01:58:37.467,0.85404,0.85413,2.19,1.00
2017.03.23 01:58:37.985,0.85404,0.85412,1.06,1.00
2017.03.23 01:58:38.553,0.85402,0.85411,3.12,1.00
2017.03.23 01:58:40.076,0.85402,0.8541,1.87,1.00
2017.03.23 01:58:40.376,0.85403,0.85412,1.00,1.50
2017.03.23 01:58:40.883,0.85402,0.85411,1.50,1.50
2017.03.23 01:58:45.336,0.85401,0.8541,1.81,1.00
2017.03.23 01:58:45.387,0.85401,0.8541,1.00,1.00
2017.03.23 01:58:46.575,0.85401,0.8541,1.31,1.50
2017.03.23 01:58:46.677,0.85403,0.85413,1.06,4.50
2017.03.23 01:58:47.183,0.85402,0.85411,1.62,1.50
2017.03.23 01:58:47.998,0.85401,0.85411,1.06,1.50
2017.03.23 01:58:48.099,0.854,0.85411,2.37,1.00
2017.03.23 01:58:48.324,0.854,0.85411,2.37,1.00
2017.03.23 01:58:51.077,0.85403,0.85414,1.06,4.50
2017.03.23 01:58:51.593,0.85402,0.85413,2.37,1.00
2017.03.23 01:58:52.421,0.85402,0.85412,1.31,1.00
2017.03.23 01:58:52.985,0.85402,0.85412,1.62,1.00
2017.03.23 01:58:53.524,0.85402,0.85412,2.06,1.00
2017.03.23 01:58:53.686,0.85401,0.8541,2.25,1.00
2017.03.23 01:58:54.303,0.85401,0.8541,1.00,1.00
2017.03.23 01:58:55.646,0.85403,0.85411,1.00,1.00
2017.03.23 01:58:56.080,0.85403,0.85412,1.87,1.00
2017.03.23 01:58:56.593,0.85403,0.85412,1.50,1.87
2017.03.23 01:58:57.838,0.85402,0.85412,1.87,1.12
2017.03.23 01:58:58.041,0.85404,0.85412,1.00,1.00
2017.03.23 01:59:00.256,0.85404,0.85415,1.00,2.25
2017.03.23 01:59:00.408,0.85401,0.8541,1.50,1.00
2017.03.23 01:59:00.511,0.85403,0.85412,1.00,2.25
2017.03.23 01:59:01.272,0.85403,0.85413,1.50,1.00
2017.03.23 01:59:01.475,0.85404,0.85415,1.12,1.50
2017.03.23 01:59:01.991,0.85404,0.85415,2.06,1.87
2017.03.23 01:59:02.497,0.85406,0.85417,1.50,2.62
2017.03.23 01:59:03.216,0.85408,0.85417,1.00,2.25
2017.03.23 01:59:04.210,0.85408,0.85417,1.00,1.50
2017.03.23 01:59:04.717,0.85408,0.85418,1.12,1.12
2017.03.23 01:59:05.335,0.85408,0.85419,1.12,2.62
2017.03.23 01:59:05.968,0.85409,0.85419,1.00,1.87
2017.03.23 01:59:06.482,0.85408,0.85419,2.62,1.50
2017.03.23 01:59:06.794,0.85413,0.85419,1.00,1.00
2017.03.23 01:59:06.845,0.85413,0.85422,1.12,1.12
2017.03.23 01:59:07.351,0.85414,0.85423,1.12,2.06
2017.03.23 01:59:07.452,0.85411,0.85421,2.62,1.12
2017.03.23 01:59:07.554,0.8541,0.8542,1.12,1.00
2017.03.23 01:59:09.139,0.85409,0.8542,1.00,1.87
2017.03.23 01:59:09.606,0.85409,0.85418,1.00,1.00
2017.03.23 01:59:10.139,0.85408,0.85417,1.00,1.00
2017.03.23 01:59:10.393,0.85406,0.85416,1.12,1.00
2017.03.23 01:59:12.132,0.85406,0.85414,1.12,1.00
2017.03.23 01:59:14.410,0.85406,0.85416,1.12,1.50
2017.03.23 01:59:16.402,0.85406,0.85416,2.62,1.00
2017.03.23 01:59:18.485,0.85406,0.85417,2.25,1.00
2017.03.23 01:59:19.803,0.85407,0.85418,1.50,1.50
2017.03.23 01:59:20.310,0.85407,0.85418,2.25,1.50
2017.03.23 01:59:21.893,0.85407,0.85416,3.00,1.00
2017.03.23 01:59:32.475,0.85408,0.85417,1.00,1.00
2017.03.23 01:59:36.322,0.85406,0.85413,1.87,1.00
2017.03.23 01:59:36.791,0.85406,0.85415,1.87,1.12
2017.03.23 01:59:37.304,0.85406,0.85416,2.25,1.00
2017.03.23 01:59:40.135,0.85409,0.85416,1.00,1.00
2017.03.23 01:59:40.645,0.85407,0.85417,1.50,1.00
2017.03.23 01:59:41.942,0.85406,0.85415,1.12,1.12
2017.03.23 01:59:42.153,0.85403,0.85414,3.94,1.50
2017.03.23 01:59:42.255,0.85402,0.85413,2.62,1.00
2017.03.23 01:59:42.911,0.85402,0.85413,1.87,1.87
2017.03.23 01:59:43.416,0.85401,0.85412,3.56,1.50
2017.03.23 01:59:45.658,0.85401,0.85411,2.25,1.00
2017.03.23 01:59:46.236,0.85401,0.85411,1.00,1.00
2017.03.23 01:59:46.835,0.85401,0.85412,1.00,2.25
2017.03.23 01:59:46.971,0.85401,0.85412,1.00,2.62
2017.03.23 01:59:49.216,0.854,0.85411,2.62,1.50
2017.03.23 01:59:49.764,0.85401,0.85411,1.50,1.00
2017.03.23 01:59:50.292,0.85401,0.85411,1.00,1.00
2017.03.23 01:59:51.636,0.85402,0.85412,1.00,2.25
2017.03.23 01:59:51.940,0.85405,0.85413,1.75,1.00
2017.03.23 01:59:52.042,0.85405,0.85415,1.75,1.87
2017.03.23 01:59:52.548,0.85409,0.85417,1.12,2.25
2017.03.23 01:59:52.598,0.85409,0.85417,1.12,1.12
2017.03.23 01:59:52.847,0.85409,0.85418,1.75,1.50
2017.03.23 01:59:52.918,0.85409,0.85418,1.50,1.12
2017.03.23 01:59:53.311,0.85407,0.85417,1.50,1.00
2017.03.23 01:59:53.964,0.85407,0.85415,1.50,1.00
2017.03.23 01:59:57.245,0.85408,0.85415,1.00,1.00
2017.03.23 01:59:57.498,0.85409,0.85417,1.00,1.00
2017.03.23 01:59:58.352,0.85407,0.85417,1.69,3.62
