2017.03.27 17:00:00.254,0.843,0.84304,1.00,1.35
2017.03.27 17:00:00.305,0.84296,0.84303,1.12,1.00
2017.03.27 17:00:00.407,0.84295,0.84303,1.00,1.50
2017.03.27 17:00:00.458,0.84293,0.843,1.00,1.00
2017.03.27 17:00:00.964,0.84292,0.84299,1.00,1.50
2017.03.27 17:00:02.137,0.84292,0.84301,1.00,1.50
2017.03.27 17:00:02.662,0.84293,0.843,1.00,1.00
2017.03.27 17:00:04.803,0.84293,0.84301,1.00,1.00
2017.03.27 17:00:04.904,0.84294,0.84302,1.37,1.37
2017.03.27 17:00:05.258,0.84295,0.84303,1.12,1.50
2017.03.27 17:00:08.349,0.84295,0.84304,1.00,1.50
2017.03.27 17:00:08.868,0.84296,0.84304,1.00,1.12
2017.03.27 17:00:09.465,0.84295,0.84303,1.00,1.00
2017.03.27 17:00:10.205,0.84296,0.84303,1.00,1.00
2017.03.27 17:00:10.739,0.84295,0.84303,1.00,1.00
2017.03.27 17:00:11.251,0.84295,0.84302,1.00,1.25
2017.03.27 17:00:11.792,0.84293,0.84301,1.50,1.00
2017.03.27 17:00:14.784,0.84293,0.84301,1.12,1.00
2017.03.27 17:00:15.729,0.84294,0.84301,1.00,1.00
2017.03.27 17:00:16.462,0.84294,0.84302,1.00,1.69
2017.03.27 17:00:16.716,0.84297,0.84304,1.00,1.69
2017.03.27 17:00:17.224,0.84298,0.84305,1.00,1.00
2017.03.27 17:00:17.634,0.84301,0.84308,1.00,2.06
2017.03.27 17:00:18.138,0.84302,0.84309,1.00,1.31
2017.03.27 17:00:18.924,0.84303,0.84309,1.00,1.19
2017.03.27 17:00:20.844,0.84303,0.8431,1.00,1.25
2017.03.27 17:00:21.355,0.84303,0.8431,1.50,1.25
2017.03.27 17:00:22.164,0.84304,0.84313,1.12,1.31
2017.03.27 17:00:22.216,0.84306,0.84314,1.00,1.12
2017.03.27 17:00:26.161,0.84306,0.84315,1.00,1.69
2017.03.27 17:00:26.680,0.84307,0.84315,1.12,1.31
2017.03.27 17:00:27.298,0.84308,0.84317,1.00,2.06
2017.03.27 17:00:27.807,0.8431,0.84318,1.00,3.19
2017.03.27 17:00:28.061,0.84308,0.84317,1.00,1.00
2017.03.27 17:00:28.568,0.84307,0.84316,1.00,1.50
2017.03.27 17:00:28.720,0.84307,0.84314,1.00,1.00
2017.03.27 17:00:29.221,0.84307,0.84315,1.50,1.00
2017.03.27 17:00:29.543,0.84309,0.84315,1.00,1.00
2017.03.27 17:00:30.214,0.84309,0.84316,1.00,1.12
2017.03.27 17:00:30.739,0.84308,0.84316,1.00,1.12
2017.03.27 17:00:31.307,0.84308,0.84315,1.00,1.00
2017.03.27 17:00:31.618,0.84305,0.84311,1.00,1.00
2017.03.27 17:00:33.148,0.84303,0.84311,1.12,1.00
2017.03.27 17:00:33.501,0.84302,0.84309,1.00,1.00
2017.03.27 17:00:34.305,0.84302,0.8431,1.00,1.00
2017.03.27 17:00:36.681,0.84302,0.84309,1.00,1.00
2017.03.27 17:00:37.036,0.843,0.84308,1.00,1.00
2017.03.27 17:00:37.138,0.84298,0.84306,1.50,1.00
2017.03.27 17:00:37.711,0.84298,0.84306,1.00,1.00
2017.03.27 17:00:38.247,0.84298,0.84305,1.00,1.00
2017.03.27 17:00:39.559,0.84301,0.84309,1.00,1.37
2017.03.27 17:00:39.940,0.84299,0.84306,1.00,1.00
2017.03.27 17:00:40.143,0.84296,0.84306,1.00,2.44
2017.03.27 17:00:40.663,0.84297,0.84306,1.00,1.69
2017.03.27 17:00:41.168,0.84295,0.84305,1.00,1.50
2017.03.27 17:00:41.219,0.84297,0.84305,1.00,1.50
2017.03.27 17:00:41.820,0.84297,0.84304,1.00,1.00
2017.03.27 17:00:42.126,0.84294,0.84303,1.12,1.00
2017.03.27 17:00:42.481,0.84296,0.84302,1.00,1.00
2017.03.27 17:00:42.532,0.84296,0.84304,1.12,1.00
2017.03.27 17:00:42.583,0.84298,0.84304,1.00,1.00
2017.03.27 17:00:43.096,0.84298,0.84305,1.00,1.25
2017.03.27 17:00:45.316,0.843,0.84305,1.00,1.00
2017.03.27 17:00:45.417,0.84299,0.84307,1.00,1.12
2017.03.27 17:00:47.422,0.84299,0.84306,1.00,1.00
2017.03.27 17:00:47.738,0.84296,0.84304,1.00,1.00
2017.03.27 17:00:48.207,0.84294,0.84303,1.00,1.50
2017.03.27 17:00:48.438,0.84295,0.84301,1.00,1.25
2017.03.27 17:00:48.489,0.84293,0.84301,1.00,1.25
2017.03.27 17:00:51.090,0.8429,0.843,1.87,1.00
2017.03.27 17:00:51.458,0.84292,0.84301,1.00,1.69
2017.03.27 17:00:52.440,0.84292,0.843,1.00,1.00
2017.03.27 17:00:53.436,0.84292,0.84301,1.00,1.69
2017.03.27 17:00:54.040,0.84292,0.84302,1.00,2.06
2017.03.27 17:00:54.918,0.84292,0.84301,1.00,1.69
2017.03.27 17:00:56.264,0.84291,0.84299,1.00,1.00
2017.03.27 17:00:56.863,0.84291,0.843,1.00,1.69
2017.03.27 17:00:57.840,0.8429,0.843,1.00,1.69
2017.03.27 17:00:58.793,0.84289,0.843,2.56,1.69
2017.03.27 17:00:59.931,0.84289,0.84299,1.87,1.00
2017.03.27 17:01:00.455,0.8429,0.84299,1.00,1.00
2017.03.27 17:01:01.846,0.84289,0.84299,1.12,1.50
2017.03.27 17:01:02.625,0.84289,0.84297,1.00,1.00
2017.03.27 17:01:03.131,0.84288,0.84297,1.00,1.50
2017.03.27 17:01:03.707,0.84288,0.84297,1.00,3.75
2017.03.27 17:01:03.809,0.84286,0.84295,1.00,1.12
2017.03.27 17:01:04.123,0.84283,0.84293,1.00,1.25
2017.03.27 17:01:04.326,0.84281,0.84291,1.50,2.81
2017.03.27 17:01:04.681,0.84279,0.8429,1.12,2.25
2017.03.27 17:01:05.200,0.84278,0.84289,1.87,1.00
2017.03.27 17:01:05.739,0.84278,0.84288,1.37,1.00
2017.03.27 17:01:06.250,0.8428,0.84288,1.00,1.00
2017.03.27 17:01:06.756,0.84279,0.84287,1.37,1.50
2017.03.27 17:01:07.009,0.84277,0.84286,1.12,1.00
2017.03.27 17:01:07.060,0.84276,0.84284,1.50,1.00
2017.03.27 17:01:07.364,0.84274,0.84283,1.00,1.87
2017.03.27 17:01:07.866,0.84275,0.84283,1.00,1.50
2017.03.27 17:01:09.092,0.84275,0.84283,1.37,1.87
2017.03.27 17:01:09.782,0.84274,0.84283,1.00,1.12
2017.03.27 17:01:09.884,0.84274,0.84282,1.00,1.50
2017.03.27 17:01:10.409,0.84275,0.84282,1.00,1.50
2017.03.27 17:01:10.662,0.84273,0.84282,1.00,1.87
2017.03.27 17:01:11.175,0.84273,0.84283,1.00,1.62
2017.03.27 17:01:11.327,0.84276,0.84283,1.00,1.69
2017.03.27 17:01:11.378,0.84274,0.84283,1.00,1.69
2017.03.27 17:01:11.924,0.84274,0.84283,1.00,2.06
2017.03.27 17:01:12.523,0.84274,0.84283,1.00,1.69
2017.03.27 17:01:13.062,0.84275,0.84283,1.00,1.25
2017.03.27 17:01:13.669,0.84275,0.84282,1.00,1.00
2017.03.27 17:01:16.892,0.84274,0.84282,1.12,1.00
2017.03.27 17:01:17.876,0.84279,0.84285,1.37,1.00
2017.03.27 17:01:18.093,0.84282,0.84291,1.00,2.62
2017.03.27 17:01:18.297,0.84282,0.84292,1.00,2.06
2017.03.27 17:01:18.803,0.84282,0.84292,1.00,3.19
2017.03.27 17:01:19.007,0.84284,0.84292,1.00,1.69
2017.03.27 17:01:19.513,0.84284,0.84292,1.00,1.00
2017.03.27 17:01:23.372,0.84285,0.84293,1.00,1.12
2017.03.27 17:01:23.696,0.8429,0.84295,1.00,1.00
2017.03.27 17:01:25.107,0.84289,0.84294,1.00,1.25
2017.03.27 17:01:25.599,0.84291,0.84296,1.50,1.31
2017.03.27 17:01:25.650,0.84293,0.84299,1.00,3.00
2017.03.27 17:01:26.158,0.84295,0.84301,1.00,1.37
2017.03.27 17:01:26.310,0.84295,0.84303,1.00,2.44
2017.03.27 17:01:26.615,0.84297,0.84304,1.00,2.06
2017.03.27 17:01:26.840,0.84294,0.84302,1.00,1.00
2017.03.27 17:01:26.892,0.84293,0.84301,1.00,1.50
2017.03.27 17:01:27.751,0.84292,0.84299,1.00,1.72
2017.03.27 17:01:28.341,0.84291,0.84299,1.00,1.72
2017.03.27 17:01:29.772,0.84292,0.84301,1.00,3.00
2017.03.27 17:01:29.924,0.84292,0.84301,1.00,1.87
2017.03.27 17:01:30.651,0.84294,0.84301,1.00,1.50
2017.03.27 17:01:32.211,0.84298,0.84302,1.00,1.00
2017.03.27 17:01:32.414,0.84302,0.84309,1.12,3.75
2017.03.27 17:01:32.465,0.84301,0.84309,2.00,1.87
2017.03.27 17:01:32.568,0.84305,0.84312,1.50,1.50
2017.03.27 17:01:32.704,0.84304,0.84313,1.00,1.72
2017.03.27 17:01:32.755,0.84304,0.84313,1.00,3.37
2017.03.27 17:01:33.261,0.84303,0.84312,1.00,1.37
2017.03.27 17:01:33.413,0.84303,0.84312,1.00,1.00
2017.03.27 17:01:33.514,0.84305,0.84313,1.00,1.12
2017.03.27 17:01:34.425,0.84305,0.84314,1.12,1.00
2017.03.27 17:01:34.928,0.84305,0.84313,1.12,1.00
2017.03.27 17:01:35.772,0.84306,0.84313,1.00,1.00
2017.03.27 17:01:38.133,0.84306,0.84314,1.00,1.00
2017.03.27 17:01:38.436,0.84307,0.84315,1.50,1.50
2017.03.27 17:01:40.073,0.84309,0.84315,1.00,1.50
2017.03.27 17:01:41.972,0.84307,0.84313,1.50,1.00
2017.03.27 17:01:42.984,0.84307,0.84313,1.12,1.00
2017.03.27 17:01:43.754,0.84309,0.84315,1.00,1.50
2017.03.27 17:01:43.856,0.8431,0.84316,1.00,1.00
2017.03.27 17:01:43.957,0.84312,0.84318,1.00,1.00
2017.03.27 17:01:44.276,0.84307,0.84316,1.00,1.72
2017.03.27 17:01:45.139,0.84307,0.84315,1.00,2.47
2017.03.27 17:01:45.655,0.84307,0.84315,1.50,1.87
2017.03.27 17:01:47.105,0.84307,0.84315,1.00,1.50
2017.03.27 17:01:48.489,0.84307,0.84314,1.00,1.00
2017.03.27 17:01:48.744,0.84306,0.84312,1.00,1.00
2017.03.27 17:01:49.250,0.84306,0.84312,1.00,1.37
2017.03.27 17:01:49.828,0.84305,0.84312,1.00,1.37
2017.03.27 17:01:50.874,0.84306,0.84311,1.00,1.12
2017.03.27 17:01:51.128,0.84302,0.84311,1.00,1.87
2017.03.27 17:01:51.686,0.84302,0.84311,1.00,2.25
2017.03.27 17:01:52.206,0.84299,0.84309,2.81,1.12
2017.03.27 17:01:52.258,0.843,0.84309,1.00,1.12
2017.03.27 17:01:52.359,0.84297,0.84307,3.19,1.00
2017.03.27 17:01:52.411,0.84299,0.84307,1.50,1.12
2017.03.27 17:01:52.768,0.84301,0.84308,1.19,1.50
2017.03.27 17:01:52.871,0.843,0.84309,1.25,1.12
2017.03.27 17:01:53.450,0.843,0.8431,1.62,1.87
2017.03.27 17:01:53.887,0.84304,0.84311,1.00,3.37
2017.03.27 17:01:53.988,0.84303,0.84311,1.00,1.12
2017.03.27 17:01:55.048,0.84304,0.84312,1.00,1.87
2017.03.27 17:01:55.149,0.84304,0.84313,1.00,1.87
2017.03.27 17:01:55.696,0.84305,0.84313,1.25,1.00
2017.03.27 17:01:56.201,0.84305,0.84316,1.69,3.00
2017.03.27 17:01:56.372,0.84308,0.84316,1.00,1.00
2017.03.27 17:01:56.423,0.84306,0.84316,2.06,1.00
2017.03.27 17:01:56.878,0.84306,0.84314,2.44,1.00
2017.03.27 17:01:56.929,0.84305,0.84316,3.75,1.50
2017.03.27 17:01:57.444,0.84305,0.84316,1.50,2.25
2017.03.27 17:01:59.128,0.84308,0.84316,1.87,1.50
2017.03.27 17:01:59.281,0.8431,0.84319,1.87,3.75
2017.03.27 17:01:59.534,0.84311,0.8432,1.87,1.00
2017.03.27 17:01:59.585,0.8431,0.84319,2.06,1.00
2017.03.27 17:01:59.636,0.84308,0.84317,2.81,1.00
2017.03.27 17:01:59.817,0.84308,0.84317,1.25,1.00
2017.03.27 17:02:00.184,0.84306,0.84316,1.12,1.00
2017.03.27 17:02:00.235,0.84308,0.84315,1.12,1.00
2017.03.27 17:02:00.286,0.84309,0.84318,1.00,2.62
2017.03.27 17:02:00.337,0.84309,0.84318,3.56,1.00
2017.03.27 17:02:00.591,0.84316,0.84324,1.00,1.00
2017.03.27 17:02:01.558,0.84315,0.84325,1.37,1.50
2017.03.27 17:02:02.066,0.84316,0.84324,1.12,1.00
2017.03.27 17:02:02.578,0.84316,0.84325,1.12,1.50
2017.03.27 17:02:03.085,0.84316,0.84324,1.00,1.00
2017.03.27 17:02:04.004,0.84315,0.84324,1.12,1.50
2017.03.27 17:02:04.851,0.84316,0.84324,1.12,1.00
2017.03.27 17:02:04.953,0.84314,0.84324,1.31,1.00
2017.03.27 17:02:05.604,0.84314,0.84324,1.62,1.00
2017.03.27 17:02:06.110,0.84315,0.84325,1.00,1.50
2017.03.27 17:02:06.161,0.84315,0.84325,1.50,1.00
2017.03.27 17:02:06.466,0.8432,0.8433,3.56,1.37
2017.03.27 17:02:06.517,0.8432,0.84331,4.31,1.12
2017.03.27 17:02:06.875,0.84326,0.84333,1.37,1.00
2017.03.27 17:02:06.926,0.84327,0.84335,1.00,1.12
2017.03.27 17:02:06.978,0.84329,0.84336,1.00,2.25
2017.03.27 17:02:07.130,0.8433,0.84338,1.00,1.31
2017.03.27 17:02:07.434,0.84332,0.84339,1.00,2.06
2017.03.27 17:02:07.536,0.84333,0.84342,1.12,3.37
2017.03.27 17:02:07.588,0.84331,0.8434,1.12,1.00
2017.03.27 17:02:07.690,0.8433,0.84338,1.00,1.00
2017.03.27 17:02:07.944,0.84327,0.84337,1.00,1.00
2017.03.27 17:02:08.132,0.84329,0.84339,1.00,1.50
2017.03.27 17:02:08.571,0.84331,0.84341,1.87,2.62
2017.03.27 17:02:08.623,0.84332,0.84342,1.12,1.37
2017.03.27 17:02:08.724,0.84332,0.84343,1.37,1.12
2017.03.27 17:02:08.776,0.84332,0.84344,1.00,2.25
2017.03.27 17:02:08.827,0.84334,0.84344,1.00,2.62
2017.03.27 17:02:08.928,0.84333,0.84344,1.00,1.50
2017.03.27 17:02:08.979,0.84335,0.84346,1.00,3.00
2017.03.27 17:02:09.526,0.84336,0.84346,1.00,1.69
2017.03.27 17:02:09.830,0.84333,0.84345,1.62,1.00
2017.03.27 17:02:10.562,0.84332,0.84345,2.44,1.00
2017.03.27 17:02:11.089,0.84332,0.84344,3.19,1.00
2017.03.27 17:02:11.456,0.84331,0.84337,2.62,1.00
2017.03.27 17:02:11.558,0.8433,0.84337,1.00,1.12
2017.03.27 17:02:11.609,0.84327,0.84335,1.00,1.12
2017.03.27 17:02:11.660,0.84325,0.84331,1.12,1.00
2017.03.27 17:02:11.711,0.84322,0.84331,1.87,1.24
2017.03.27 17:02:11.763,0.84322,0.84329,1.87,1.00
2017.03.27 17:02:11.814,0.84323,0.84333,1.00,1.50
2017.03.27 17:02:11.865,0.84323,0.84333,1.00,2.25
2017.03.27 17:02:11.916,0.84325,0.84335,1.00,6.19
2017.03.27 17:02:12.263,0.84325,0.84336,1.00,2.06
2017.03.27 17:02:12.466,0.84324,0.84336,1.00,2.06
2017.03.27 17:02:12.820,0.84324,0.84336,1.12,2.06
2017.03.27 17:02:13.337,0.84324,0.84335,2.04,1.00
2017.03.27 17:02:13.443,0.84325,0.84336,1.31,1.00
2017.03.27 17:02:13.753,0.84327,0.84339,1.37,3.19
2017.03.27 17:02:13.924,0.84326,0.84336,1.00,1.50
2017.03.27 17:02:14.430,0.84326,0.84338,1.00,1.50
2017.03.27 17:02:14.937,0.84326,0.84338,1.37,1.12
2017.03.27 17:02:15.242,0.84326,0.84338,1.12,1.50
2017.03.27 17:02:15.558,0.84327,0.84338,1.37,1.12
2017.03.27 17:02:15.971,0.84328,0.8434,1.37,1.19
2017.03.27 17:02:16.519,0.84332,0.84342,3.37,2.00
2017.03.27 17:02:16.620,0.84337,0.84343,1.00,1.00
2017.03.27 17:02:16.773,0.84335,0.84347,3.75,1.31
2017.03.27 17:02:16.925,0.84335,0.84347,2.25,1.31
2017.03.27 17:02:17.166,0.84336,0.84347,1.37,1.19
2017.03.27 17:02:17.217,0.84335,0.84347,1.00,1.69
2017.03.27 17:02:17.723,0.84334,0.84347,1.37,1.56
2017.03.27 17:02:18.234,0.84334,0.84345,2.62,1.25
2017.03.27 17:02:18.562,0.84334,0.84346,3.00,1.69
2017.03.27 17:02:19.061,0.84336,0.84347,1.37,1.25
2017.03.27 17:02:19.112,0.84336,0.84347,1.37,1.19
2017.03.27 17:02:20.057,0.84336,0.84346,1.00,1.56
2017.03.27 17:02:20.108,0.84333,0.84345,3.37,1.31
2017.03.27 17:02:20.260,0.84333,0.84345,2.62,2.29
2017.03.27 17:02:20.586,0.84333,0.84344,1.00,1.31
2017.03.27 17:02:20.637,0.84332,0.84344,1.50,1.69
2017.03.27 17:02:21.139,0.84331,0.84344,2.62,2.44
2017.03.27 17:02:21.190,0.8433,0.84343,1.87,1.69
2017.03.27 17:02:21.747,0.84329,0.84343,2.62,3.41
2017.03.27 17:02:22.582,0.84329,0.84342,3.37,2.06
2017.03.27 17:02:22.986,0.84329,0.8434,1.37,2.06
2017.03.27 17:02:23.573,0.84327,0.84338,2.25,1.25
2017.03.27 17:02:24.065,0.84329,0.84339,2.62,1.31
2017.03.27 17:02:24.166,0.84329,0.84341,3.00,2.06
2017.03.27 17:02:25.271,0.84331,0.84341,1.37,1.69
2017.03.27 17:02:25.778,0.8433,0.84339,1.50,1.25
2017.03.27 17:02:26.287,0.84333,0.8434,1.87,1.25
2017.03.27 17:02:26.864,0.84333,0.84341,1.37,1.25
2017.03.27 17:02:27.168,0.84336,0.84345,1.12,2.44
2017.03.27 17:02:27.270,0.84336,0.84345,1.37,1.31
2017.03.27 17:02:27.806,0.84337,0.84345,1.00,1.31
2017.03.27 17:02:28.110,0.84337,0.84342,1.00,1.25
2017.03.27 17:02:28.971,0.84336,0.84342,1.00,1.25
2017.03.27 17:02:29.123,0.84336,0.84345,1.00,2.44
2017.03.27 17:02:29.326,0.84334,0.84342,1.00,1.25
2017.03.27 17:02:29.834,0.84333,0.84342,1.12,1.19
2017.03.27 17:02:30.377,0.84334,0.84342,1.00,1.19
2017.03.27 17:02:32.806,0.84336,0.84342,1.00,1.19
2017.03.27 17:02:35.331,0.84334,0.84342,1.00,1.19
2017.03.27 17:02:35.835,0.84334,0.84343,1.00,2.44
2017.03.27 17:02:36.216,0.84336,0.84345,1.12,5.81
2017.03.27 17:02:36.520,0.84341,0.8435,1.00,5.44
2017.03.27 17:02:36.622,0.84341,0.8435,1.00,1.69
2017.03.27 17:02:36.825,0.8434,0.84348,1.00,1.12
2017.03.27 17:02:37.331,0.84341,0.84348,1.00,1.37
2017.03.27 17:02:37.577,0.84339,0.84348,1.50,1.69
2017.03.27 17:02:38.617,0.84339,0.84348,1.00,1.69
2017.03.27 17:02:39.133,0.8434,0.84349,1.00,1.12
2017.03.27 17:02:39.954,0.84341,0.84349,1.00,1.87
2017.03.27 17:02:40.056,0.84339,0.84349,1.12,2.44
2017.03.27 17:02:40.260,0.84339,0.84347,1.00,2.81
2017.03.27 17:02:40.665,0.8434,0.84348,1.00,2.44
2017.03.27 17:02:41.262,0.84342,0.84349,1.00,1.31
2017.03.27 17:02:41.613,0.84344,0.84349,1.00,1.31
2017.03.27 17:02:42.372,0.84344,0.8435,1.00,2.44
2017.03.27 17:02:42.938,0.84344,0.8435,1.00,2.44
2017.03.27 17:02:43.358,0.84342,0.8435,1.00,2.44
2017.03.27 17:02:43.612,0.84342,0.84352,1.00,2.81
2017.03.27 17:02:44.133,0.84341,0.84351,1.12,1.62
2017.03.27 17:02:44.797,0.84341,0.84349,1.50,2.06
2017.03.27 17:02:45.310,0.8434,0.84349,1.12,2.44
2017.03.27 17:02:46.197,0.8434,0.84347,1.12,1.00
2017.03.27 17:02:46.248,0.8434,0.84349,1.12,1.00
2017.03.27 17:02:46.349,0.84339,0.84345,1.37,1.00
2017.03.27 17:02:46.892,0.84339,0.84346,1.12,1.00
2017.03.27 17:02:47.464,0.84339,0.84346,1.87,1.00
2017.03.27 17:02:47.515,0.84339,0.84347,1.00,1.00
2017.03.27 17:02:47.819,0.8434,0.84348,1.37,1.00
2017.03.27 17:02:48.241,0.8434,0.84346,1.00,1.00
2017.03.27 17:02:49.193,0.84339,0.84346,1.12,1.00
2017.03.27 17:02:49.497,0.84343,0.8435,1.00,1.00
2017.03.27 17:02:49.649,0.84339,0.84349,1.87,1.62
2017.03.27 17:02:49.700,0.84338,0.84348,2.25,2.62
2017.03.27 17:02:49.752,0.84338,0.84348,1.12,1.25
2017.03.27 17:02:49.803,0.84338,0.84346,1.12,1.00
2017.03.27 17:02:49.955,0.84338,0.84348,1.37,1.31
2017.03.27 17:02:50.496,0.84338,0.84348,1.12,1.12
2017.03.27 17:02:51.016,0.84339,0.84348,1.00,1.00
2017.03.27 17:02:51.169,0.84343,0.84352,1.00,3.56
2017.03.27 17:02:51.423,0.84344,0.84352,1.50,1.00
2017.03.27 17:02:51.576,0.84343,0.84348,1.00,1.00
2017.03.27 17:02:51.678,0.84342,0.8435,1.50,1.00
2017.03.27 17:02:51.798,0.84342,0.84348,1.37,1.00
2017.03.27 17:02:52.001,0.84345,0.84353,1.87,1.25
2017.03.27 17:02:52.052,0.8435,0.84357,1.87,1.37
2017.03.27 17:02:52.154,0.84348,0.84355,1.12,1.00
2017.03.27 17:02:52.306,0.84348,0.84353,1.00,1.00
2017.03.27 17:02:52.408,0.84348,0.84356,1.12,1.00
2017.03.27 17:02:52.459,0.84348,0.84359,1.12,2.44
2017.03.27 17:02:52.510,0.84347,0.84356,1.00,2.06
2017.03.27 17:02:52.763,0.84344,0.84354,1.00,1.31
2017.03.27 17:02:53.076,0.84341,0.8435,1.37,1.00
2017.03.27 17:02:53.379,0.84339,0.84349,2.25,1.00
2017.03.27 17:02:53.633,0.84338,0.84349,1.12,1.12
2017.03.27 17:02:53.734,0.84337,0.84347,1.12,1.56
2017.03.27 17:02:54.039,0.84339,0.8435,1.50,1.69
2017.03.27 17:02:54.319,0.84338,0.84348,2.62,1.19
2017.03.27 17:02:54.783,0.84339,0.84348,1.37,1.19
2017.03.27 17:02:55.767,0.84339,0.84348,2.62,1.19
2017.03.27 17:02:55.960,0.8434,0.84353,1.87,4.31
2017.03.27 17:02:56.063,0.84342,0.8435,1.87,1.00
2017.03.27 17:02:56.115,0.84341,0.84353,1.37,1.12
2017.03.27 17:02:56.267,0.84341,0.84352,1.12,1.62
2017.03.27 17:02:56.419,0.84339,0.84351,1.00,1.31
2017.03.27 17:02:56.690,0.84338,0.84349,1.50,1.00
2017.03.27 17:02:57.099,0.84338,0.8435,3.37,1.00
2017.03.27 17:02:57.656,0.84338,0.8435,1.87,1.12
2017.03.27 17:02:58.186,0.84338,0.8435,3.37,1.25
2017.03.27 17:02:58.730,0.84339,0.8435,2.62,1.25
2017.03.27 17:02:59.295,0.84339,0.8435,1.87,1.25
2017.03.27 17:02:59.397,0.8434,0.8435,1.87,1.25
2017.03.27 17:02:59.903,0.84341,0.8435,3.00,1.19
2017.03.27 17:03:00.169,0.84339,0.84349,1.87,1.25
2017.03.27 17:03:00.574,0.84342,0.84352,1.37,1.50
2017.03.27 17:03:00.626,0.84341,0.84351,1.00,1.69
2017.03.27 17:03:01.153,0.84338,0.84348,1.12,1.00
2017.03.27 17:03:01.255,0.84338,0.84348,2.62,1.00
2017.03.27 17:03:01.759,0.84338,0.84349,2.25,1.25
2017.03.27 17:03:02.087,0.84338,0.84347,1.87,1.00
2017.03.27 17:03:02.605,0.84338,0.84347,1.12,1.00
2017.03.27 17:03:02.909,0.8434,0.84348,1.37,1.00
2017.03.27 17:03:03.417,0.8434,0.84348,1.37,1.00
2017.03.27 17:03:04.552,0.84342,0.8435,1.37,1.00
2017.03.27 17:03:04.856,0.84342,0.8435,1.12,1.00
2017.03.27 17:03:05.396,0.84342,0.8435,1.50,1.00
2017.03.27 17:03:05.913,0.84343,0.8435,1.50,1.00
2017.03.27 17:03:06.457,0.84346,0.84354,1.00,1.37
2017.03.27 17:03:06.508,0.84346,0.84354,2.62,1.00
2017.03.27 17:03:06.812,0.84349,0.84357,3.37,1.00
2017.03.27 17:03:07.268,0.84349,0.84356,1.37,1.00
2017.03.27 17:03:07.319,0.84347,0.84354,3.75,1.00
2017.03.27 17:03:07.420,0.84347,0.84354,1.37,1.00
2017.03.27 17:03:07.739,0.84347,0.84356,1.87,1.00
2017.03.27 17:03:08.375,0.84349,0.84356,1.87,1.00
2017.03.27 17:03:08.476,0.84347,0.84356,3.00,1.25
2017.03.27 17:03:08.982,0.84347,0.84357,4.12,1.00
2017.03.27 17:03:09.134,0.84348,0.84357,1.00,1.00
2017.03.27 17:03:09.185,0.84348,0.84357,2.25,1.00
2017.03.27 17:03:09.535,0.84348,0.84355,1.12,1.00
2017.03.27 17:03:09.718,0.84345,0.84353,1.37,1.00
2017.03.27 17:03:10.225,0.84344,0.84353,1.37,1.31
2017.03.27 17:03:10.529,0.84343,0.84351,1.87,1.00
2017.03.27 17:03:11.036,0.84343,0.84351,1.50,1.00
2017.03.27 17:03:11.522,0.84344,0.84353,2.25,2.06
2017.03.27 17:03:11.575,0.84345,0.84353,1.12,1.00
2017.03.27 17:03:12.596,0.84345,0.84352,1.12,1.00
2017.03.27 17:03:13.505,0.84344,0.84352,1.12,1.69
2017.03.27 17:03:14.018,0.84344,0.8435,1.00,1.00
2017.03.27 17:03:14.566,0.84343,0.8435,1.50,1.00
2017.03.27 17:03:15.586,0.84343,0.84352,1.37,1.00
2017.03.27 17:03:15.908,0.84341,0.84348,1.81,1.00
2017.03.27 17:03:16.010,0.84341,0.8435,1.81,1.00
2017.03.27 17:03:16.526,0.84341,0.8435,2.93,1.00
2017.03.27 17:03:17.139,0.84343,0.84352,1.37,1.69
2017.03.27 17:03:17.190,0.84344,0.84354,1.50,1.69
2017.03.27 17:03:17.292,0.84345,0.84353,1.75,1.00
2017.03.27 17:03:17.343,0.84345,0.84355,3.37,1.25
2017.03.27 17:03:17.501,0.84348,0.84357,1.12,1.25
2017.03.27 17:03:17.552,0.84349,0.84359,1.75,1.00
2017.03.27 17:03:17.975,0.8435,0.84358,1.00,1.25
2017.03.27 17:03:18.026,0.84349,0.84358,3.00,1.25
2017.03.27 17:03:18.178,0.84349,0.84358,2.25,1.25
2017.03.27 17:03:18.431,0.84349,0.84358,1.75,1.25
2017.03.27 17:03:18.974,0.84351,0.84359,1.00,1.69
2017.03.27 17:03:19.412,0.8435,0.84359,2.25,1.12
2017.03.27 17:03:20.246,0.84351,0.8436,3.00,1.12
2017.03.27 17:03:20.499,0.84352,0.84363,1.75,1.25
2017.03.27 17:03:20.709,0.84351,0.84359,1.87,1.00
2017.03.27 17:03:20.760,0.84351,0.84359,1.00,1.00
2017.03.27 17:03:20.970,0.84349,0.84357,1.37,1.00
2017.03.27 17:03:21.581,0.84347,0.84355,2.25,1.00
2017.03.27 17:03:22.138,0.84348,0.84355,1.37,1.00
2017.03.27 17:03:22.290,0.84349,0.84357,1.37,1.00
2017.03.27 17:03:22.809,0.84348,0.84357,3.00,1.00
2017.03.27 17:03:23.521,0.84348,0.84357,1.50,1.00
2017.03.27 17:03:23.572,0.84347,0.84354,1.87,1.00
2017.03.27 17:03:23.826,0.84346,0.84353,1.50,1.00
2017.03.27 17:03:24.348,0.84345,0.84354,1.37,1.00
2017.03.27 17:03:25.088,0.84348,0.84354,1.00,1.00
2017.03.27 17:03:25.139,0.84348,0.84357,2.62,1.00
2017.03.27 17:03:28.360,0.84349,0.84357,1.50,1.00
2017.03.27 17:03:28.959,0.84347,0.84354,3.75,1.00
2017.03.27 17:03:29.010,0.84347,0.84353,1.00,1.00
2017.03.27 17:03:29.515,0.84346,0.84352,1.12,1.00
2017.03.27 17:03:29.617,0.84346,0.84354,1.12,1.00
2017.03.27 17:03:30.483,0.84344,0.84354,1.12,1.69
2017.03.27 17:03:30.534,0.84345,0.84354,1.87,1.69
2017.03.27 17:03:30.636,0.84345,0.84354,1.50,1.69
2017.03.27 17:03:30.916,0.84344,0.84352,3.92,1.00
2017.03.27 17:03:31.119,0.84341,0.8435,2.25,1.00
2017.03.27 17:03:31.170,0.84341,0.84347,1.50,1.00
2017.03.27 17:03:31.221,0.84339,0.84346,1.87,1.00
2017.03.27 17:03:31.323,0.84337,0.84344,1.37,1.00
2017.03.27 17:03:31.526,0.84337,0.84343,1.12,1.00
2017.03.27 17:03:32.054,0.84336,0.84343,1.00,1.00
2017.03.27 17:03:33.085,0.84336,0.84344,1.00,1.00
2017.03.27 17:03:33.186,0.84336,0.84342,1.00,1.00
2017.03.27 17:03:33.358,0.84336,0.84344,1.00,1.00
2017.03.27 17:03:33.894,0.84334,0.84344,5.25,1.00
2017.03.27 17:03:34.534,0.84334,0.84343,5.25,1.00
2017.03.27 17:03:35.977,0.84338,0.84346,1.37,1.00
2017.03.27 17:03:36.179,0.8434,0.84348,1.37,1.00
2017.03.27 17:03:36.720,0.84341,0.84347,1.00,1.00
2017.03.27 17:03:37.226,0.8434,0.84348,1.50,1.00
2017.03.27 17:03:38.818,0.8434,0.84349,1.50,1.50
2017.03.27 17:03:39.400,0.8434,0.84349,1.50,1.50
2017.03.27 17:03:39.811,0.84337,0.84345,1.00,1.00
2017.03.27 17:03:40.316,0.84335,0.84345,3.00,1.00
2017.03.27 17:03:40.916,0.84335,0.84345,1.50,1.00
2017.03.27 17:03:42.849,0.84336,0.84346,2.25,1.50
2017.03.27 17:03:44.767,0.84336,0.84345,1.12,1.00
2017.03.27 17:03:45.527,0.84336,0.84346,1.87,3.19
2017.03.27 17:03:46.038,0.84336,0.84346,2.25,3.56
2017.03.27 17:03:47.381,0.84336,0.84345,2.25,1.00
2017.03.27 17:03:49.152,0.84336,0.84346,1.75,3.56
2017.03.27 17:03:49.873,0.84337,0.84346,1.87,1.12
2017.03.27 17:03:50.177,0.84343,0.84351,1.50,1.12
2017.03.27 17:03:50.684,0.84345,0.84352,1.12,2.06
2017.03.27 17:03:51.234,0.84345,0.84351,1.12,1.31
2017.03.27 17:03:51.814,0.84343,0.84351,1.37,1.25
2017.03.27 17:03:52.017,0.84341,0.84351,1.50,1.25
2017.03.27 17:03:52.604,0.84341,0.84351,1.50,1.69
2017.03.27 17:03:52.987,0.84341,0.84349,2.25,1.00
2017.03.27 17:03:53.454,0.84341,0.8435,1.12,1.37
2017.03.27 17:03:53.996,0.84341,0.8435,1.12,1.12
2017.03.27 17:03:54.540,0.84341,0.84349,1.12,1.50
2017.03.27 17:03:54.692,0.84339,0.84348,1.00,1.25
2017.03.27 17:03:54.793,0.84338,0.84345,1.00,1.25
2017.03.27 17:03:54.945,0.84335,0.84345,2.62,1.69
2017.03.27 17:03:55.451,0.84334,0.84344,2.25,1.69
2017.03.27 17:03:56.018,0.84334,0.84344,2.25,1.69
2017.03.27 17:03:56.534,0.84335,0.84343,1.00,1.00
2017.03.27 17:03:57.040,0.84336,0.84344,1.12,1.62
2017.03.27 17:03:57.293,0.84339,0.84346,1.00,1.62
2017.03.27 17:03:57.395,0.84337,0.84346,1.75,1.25
2017.03.27 17:03:57.933,0.8434,0.84347,1.50,1.25
2017.03.27 17:03:58.440,0.84339,0.84347,2.25,1.25
2017.03.27 17:03:59.165,0.8434,0.8435,1.12,2.44
2017.03.27 17:03:59.872,0.8434,0.8435,1.37,2.44
2017.03.27 17:04:00.456,0.84339,0.8435,3.37,2.44
2017.03.27 17:04:01.010,0.84339,0.84348,1.87,1.00
2017.03.27 17:04:01.163,0.84337,0.84347,1.12,2.06
2017.03.27 17:04:01.679,0.84336,0.84345,3.00,1.31
2017.03.27 17:04:02.175,0.84339,0.84347,1.12,1.31
2017.03.27 17:04:02.681,0.8434,0.84348,1.37,1.00
2017.03.27 17:04:03.188,0.8434,0.84349,1.12,1.69
2017.03.27 17:04:03.879,0.8434,0.84349,3.37,1.25
2017.03.27 17:04:04.132,0.8434,0.84349,1.87,1.25
2017.03.27 17:04:04.633,0.8434,0.84349,1.87,1.31
2017.03.27 17:04:05.216,0.8434,0.84349,1.87,1.25
2017.03.27 17:04:06.064,0.8434,0.84348,1.50,1.19
2017.03.27 17:04:06.216,0.84334,0.84343,1.50,1.31
2017.03.27 17:04:06.840,0.84334,0.84342,1.00,1.00
2017.03.27 17:04:07.554,0.84333,0.84342,1.50,1.12
2017.03.27 17:04:09.610,0.84335,0.84343,1.00,2.06
2017.03.27 17:04:09.915,0.84339,0.84348,1.87,1.69
2017.03.27 17:04:10.435,0.84339,0.84348,1.87,1.25
2017.03.27 17:04:10.810,0.8434,0.84348,1.12,1.25
2017.03.27 17:04:12.475,0.84342,0.8435,1.87,1.31
2017.03.27 17:04:12.939,0.84344,0.84352,1.00,1.25
2017.03.27 17:04:13.489,0.84345,0.84352,1.00,1.25
2017.03.27 17:04:14.092,0.84344,0.84352,1.12,1.25
2017.03.27 17:04:14.374,0.84346,0.84352,1.12,1.25
2017.03.27 17:04:14.576,0.84344,0.84352,1.00,1.62
2017.03.27 17:04:15.126,0.84344,0.84352,1.00,1.25
2017.03.27 17:04:15.604,0.84346,0.84353,1.00,1.25
2017.03.27 17:04:15.756,0.84347,0.84355,1.00,1.25
2017.03.27 17:04:19.355,0.84346,0.84355,1.50,1.25
2017.03.27 17:04:20.057,0.84346,0.84355,2.62,1.25
2017.03.27 17:04:20.615,0.84347,0.84355,1.37,1.25
2017.03.27 17:04:21.332,0.84346,0.84356,2.25,1.25
2017.03.27 17:04:21.875,0.84346,0.84357,1.87,1.50
2017.03.27 17:04:22.146,0.84346,0.84357,3.00,1.50
2017.03.27 17:04:22.602,0.84347,0.84355,1.00,1.12
2017.03.27 17:04:22.856,0.84347,0.84357,1.00,1.12
2017.03.27 17:04:24.335,0.84346,0.84356,2.18,1.00
2017.03.27 17:04:24.538,0.84346,0.84356,1.81,1.50
2017.03.27 17:04:24.690,0.84346,0.84356,2.18,1.50
2017.03.27 17:04:25.444,0.84346,0.84355,2.18,1.00
2017.03.27 17:04:26.485,0.84346,0.84356,1.81,1.00
2017.03.27 17:04:27.582,0.84346,0.84356,3.31,1.00
2017.03.27 17:04:27.684,0.84348,0.84358,1.37,1.12
2017.03.27 17:04:27.735,0.84347,0.84358,1.00,1.87
2017.03.27 17:04:27.786,0.84347,0.84356,1.00,1.00
2017.03.27 17:04:28.293,0.84346,0.84357,1.43,1.50
2017.03.27 17:04:28.804,0.84347,0.84357,1.87,1.50
2017.03.27 17:04:29.142,0.84346,0.84357,1.43,1.50
2017.03.27 17:04:30.494,0.84348,0.84358,1.87,1.00
2017.03.27 17:04:30.545,0.84351,0.8436,1.00,1.50
2017.03.27 17:04:32.739,0.84351,0.8436,1.50,1.00
2017.03.27 17:04:33.317,0.84351,0.8436,2.25,1.00
2017.03.27 17:04:36.168,0.84351,0.84361,2.25,1.25
2017.03.27 17:04:36.516,0.84355,0.84362,1.37,1.12
2017.03.27 17:04:36.657,0.84355,0.84364,1.37,1.00
2017.03.27 17:04:37.381,0.84355,0.84364,1.87,1.00
2017.03.27 17:04:37.445,0.84355,0.84366,2.62,2.06
2017.03.27 17:04:38.114,0.84355,0.84366,4.43,1.69
2017.03.27 17:04:38.217,0.84355,0.84366,2.18,2.06
2017.03.27 17:04:38.319,0.84355,0.84366,4.43,2.06
2017.03.27 17:04:38.916,0.84357,0.84365,1.00,1.00
2017.03.27 17:04:39.220,0.84355,0.84363,1.12,1.37
2017.03.27 17:04:39.422,0.84354,0.84364,1.37,1.50
2017.03.27 17:04:39.928,0.84355,0.84365,1.87,1.69
2017.03.27 17:04:40.084,0.84358,0.84365,1.00,1.25
2017.03.27 17:04:41.108,0.84356,0.84365,1.50,1.31
2017.03.27 17:04:41.910,0.84356,0.84366,1.37,1.19
2017.03.27 17:04:42.421,0.84356,0.84366,1.00,1.19
2017.03.27 17:04:45.071,0.84356,0.84363,1.00,1.00
2017.03.27 17:04:45.974,0.84356,0.84365,1.50,1.19
2017.03.27 17:04:46.278,0.84361,0.84369,1.00,1.00
2017.03.27 17:04:46.812,0.84361,0.8437,1.12,1.31
2017.03.27 17:04:47.376,0.84359,0.8437,2.62,2.06
2017.03.27 17:04:47.427,0.84362,0.84372,1.50,3.00
2017.03.27 17:04:47.579,0.84363,0.84374,1.50,1.69
2017.03.27 17:04:49.077,0.84363,0.84374,1.12,2.06
2017.03.27 17:04:49.922,0.84363,0.84371,2.62,1.00
2017.03.27 17:04:50.075,0.84361,0.84371,3.00,1.00
2017.03.27 17:04:50.955,0.84361,0.84371,1.00,1.00
2017.03.27 17:04:52.464,0.84359,0.84368,2.44,1.87
2017.03.27 17:04:52.515,0.84359,0.84368,1.00,1.00
2017.03.27 17:04:52.566,0.84359,0.84368,1.00,2.62
2017.03.27 17:04:52.618,0.84358,0.84368,1.50,1.50
2017.03.27 17:04:53.123,0.84357,0.84366,1.75,1.12
2017.03.27 17:04:53.684,0.84356,0.84365,1.75,1.50
2017.03.27 17:04:54.205,0.84356,0.84364,1.75,1.00
2017.03.27 17:04:55.666,0.84355,0.84364,1.12,1.00
2017.03.27 17:04:57.421,0.84355,0.84363,1.12,1.12
2017.03.27 17:04:57.574,0.84352,0.84363,1.87,2.81
2017.03.27 17:04:57.731,0.84352,0.84362,1.00,1.56
2017.03.27 17:04:57.833,0.8435,0.8436,1.12,1.69
2017.03.27 17:04:57.885,0.84348,0.84357,1.50,1.00
2017.03.27 17:04:57.986,0.84346,0.84357,1.50,1.69
2017.03.27 17:04:58.341,0.84348,0.84357,1.50,1.31
2017.03.27 17:05:00.430,0.84349,0.84358,1.50,1.50
2017.03.27 17:05:00.939,0.84349,0.84358,1.06,1.50
2017.03.27 17:05:01.921,0.84347,0.84357,5.93,1.00
2017.03.27 17:05:02.225,0.84348,0.84355,1.06,1.00
2017.03.27 17:05:03.383,0.84346,0.84354,2.56,1.00
2017.03.27 17:05:03.535,0.84345,0.84354,1.50,1.00
2017.03.27 17:05:04.046,0.84346,0.84356,1.00,1.00
2017.03.27 17:05:05.474,0.84346,0.84353,1.00,1.00
2017.03.27 17:05:06.463,0.84344,0.84353,1.50,1.00
2017.03.27 17:05:07.182,0.84346,0.84353,1.00,1.00
2017.03.27 17:05:07.799,0.84344,0.84353,1.12,1.37
2017.03.27 17:05:08.351,0.84344,0.84353,1.12,1.00
2017.03.27 17:05:08.456,0.84344,0.84351,1.12,1.00
2017.03.27 17:05:08.774,0.84341,0.84349,1.37,1.00
2017.03.27 17:05:09.285,0.84341,0.84349,1.00,1.00
2017.03.27 17:05:10.177,0.84342,0.8435,1.00,1.00
2017.03.27 17:05:10.685,0.84343,0.8435,1.00,1.00
2017.03.27 17:05:13.769,0.84342,0.8435,1.00,1.12
2017.03.27 17:05:14.074,0.8434,0.84348,1.00,1.00
2017.03.27 17:05:17.756,0.84342,0.84348,1.00,1.00
2017.03.27 17:05:17.858,0.84342,0.8435,1.00,1.50
2017.03.27 17:05:18.900,0.84342,0.84351,1.12,1.87
2017.03.27 17:05:19.686,0.84342,0.8435,1.00,1.00
2017.03.27 17:05:21.538,0.8434,0.84348,1.50,2.62
2017.03.27 17:05:21.589,0.8434,0.84348,1.00,1.00
2017.03.27 17:05:22.096,0.84341,0.84349,1.00,1.00
2017.03.27 17:05:24.229,0.84342,0.84351,1.12,1.12
2017.03.27 17:05:25.270,0.84343,0.84351,1.00,1.00
2017.03.27 17:05:25.371,0.84345,0.84352,1.00,1.00
2017.03.27 17:05:25.523,0.84346,0.84355,1.00,1.12
2017.03.27 17:05:26.087,0.84346,0.84356,1.50,1.87
2017.03.27 17:05:27.201,0.84346,0.84356,2.25,1.00
2017.03.27 17:05:27.768,0.84348,0.84356,1.00,1.00
2017.03.27 17:05:28.200,0.8435,0.84357,1.00,1.00
2017.03.27 17:05:29.243,0.84348,0.84357,1.50,1.00
2017.03.27 17:05:29.850,0.84348,0.84355,1.00,1.00
2017.03.27 17:05:30.386,0.84348,0.84356,1.00,1.00
2017.03.27 17:05:30.919,0.84346,0.84356,1.87,1.00
2017.03.27 17:05:31.461,0.84345,0.84355,2.25,1.00
2017.03.27 17:05:32.489,0.84345,0.84354,1.87,1.00
2017.03.27 17:05:32.540,0.84345,0.84354,1.50,1.50
2017.03.27 17:05:33.088,0.84345,0.84353,1.12,1.00
2017.03.27 17:05:34.193,0.84343,0.84352,2.62,1.00
2017.03.27 17:05:34.244,0.84343,0.84352,1.50,1.00
2017.03.27 17:05:34.654,0.84344,0.84352,1.37,1.00
2017.03.27 17:05:37.004,0.84344,0.84353,1.50,1.00
2017.03.27 17:05:38.570,0.84347,0.84355,1.00,1.50
2017.03.27 17:05:40.047,0.84347,0.84353,1.12,1.00
2017.03.27 17:05:40.435,0.84347,0.84356,1.12,1.00
2017.03.27 17:05:40.537,0.84347,0.84354,1.12,1.00
2017.03.27 17:05:42.274,0.84347,0.84356,1.50,1.00
2017.03.27 17:05:43.675,0.84348,0.84356,1.00,1.00
2017.03.27 17:05:44.202,0.84348,0.84357,1.50,1.00
2017.03.27 17:05:46.963,0.84348,0.84357,1.50,1.25
2017.03.27 17:05:47.682,0.84348,0.84356,1.12,1.00
2017.03.27 17:05:47.915,0.84346,0.84356,2.25,1.00
2017.03.27 17:05:47.966,0.84346,0.84354,1.50,1.00
2017.03.27 17:05:48.614,0.84346,0.84353,1.12,1.00
2017.03.27 17:05:49.673,0.84345,0.84353,1.87,1.00
2017.03.27 17:05:51.266,0.84345,0.84352,1.00,1.00
2017.03.27 17:05:51.469,0.84343,0.84352,1.00,1.12
2017.03.27 17:05:51.824,0.84342,0.8435,1.12,1.00
2017.03.27 17:05:52.138,0.84337,0.84345,1.75,1.00
2017.03.27 17:05:52.190,0.84337,0.84345,1.00,1.00
2017.03.27 17:05:52.443,0.84335,0.84344,1.12,1.00
2017.03.27 17:05:52.801,0.84335,0.84342,1.00,1.00
2017.03.27 17:05:53.345,0.84335,0.84343,1.50,1.00
2017.03.27 17:05:53.875,0.84335,0.84343,1.12,1.00
2017.03.27 17:05:55.683,0.84336,0.84343,1.00,1.00
2017.03.27 17:05:57.275,0.84336,0.84344,1.00,1.12
2017.03.27 17:06:00.566,0.84337,0.84344,1.00,1.00
2017.03.27 17:06:04.901,0.84339,0.84346,1.00,1.87
2017.03.27 17:06:06.101,0.8434,0.84348,1.37,1.00
2017.03.27 17:06:06.405,0.84341,0.84348,3.00,1.00
2017.03.27 17:06:07.848,0.8434,0.84348,1.12,1.00
2017.03.27 17:06:08.000,0.84342,0.84347,1.12,1.00
2017.03.27 17:06:08.051,0.84343,0.8435,1.12,1.00
2017.03.27 17:06:08.103,0.84343,0.84352,1.50,2.81
2017.03.27 17:06:09.004,0.84345,0.84352,1.00,1.50
2017.03.27 17:06:09.842,0.84342,0.84351,1.50,1.00
2017.03.27 17:06:09.944,0.8434,0.84349,1.50,1.00
2017.03.27 17:06:10.300,0.84343,0.84351,1.00,1.00
2017.03.27 17:06:12.111,0.84342,0.8435,1.37,1.00
2017.03.27 17:06:14.434,0.84342,0.8435,1.00,1.00
2017.03.27 17:06:14.937,0.84342,0.84351,1.50,1.00
2017.03.27 17:06:15.555,0.84343,0.84351,1.50,1.00
2017.03.27 17:06:16.142,0.84343,0.84352,1.12,1.50
2017.03.27 17:06:16.688,0.84345,0.84352,1.12,1.00
2017.03.27 17:06:17.197,0.84343,0.84352,1.37,1.37
2017.03.27 17:06:17.703,0.84343,0.84351,1.37,1.00
2017.03.27 17:06:17.906,0.84343,0.84351,1.37,1.00
2017.03.27 17:06:18.453,0.84343,0.84351,1.12,1.00
2017.03.27 17:06:18.701,0.84345,0.84351,1.12,1.00
2017.03.27 17:06:23.208,0.84345,0.84354,1.00,1.00
2017.03.27 17:06:23.259,0.84346,0.84354,1.37,1.12
2017.03.27 17:06:23.767,0.84346,0.84354,1.37,1.00
2017.03.27 17:06:24.201,0.84346,0.84354,1.12,1.12
2017.03.27 17:06:24.730,0.84345,0.84353,1.12,1.00
2017.03.27 17:06:25.725,0.84344,0.84353,1.12,1.00
2017.03.27 17:06:26.686,0.84344,0.84353,1.12,1.37
2017.03.27 17:06:27.472,0.84343,0.84352,1.12,1.12
2017.03.27 17:06:28.519,0.84344,0.84352,1.00,1.00
2017.03.27 17:06:33.224,0.84344,0.84352,1.12,1.37
2017.03.27 17:06:33.813,0.84344,0.84352,1.00,1.00
2017.03.27 17:06:34.354,0.84342,0.84352,1.50,1.37
2017.03.27 17:06:34.405,0.84341,0.84348,1.37,1.00
2017.03.27 17:06:34.593,0.8434,0.84348,1.87,1.00
2017.03.27 17:06:34.695,0.84341,0.84348,1.37,1.00
2017.03.27 17:06:35.239,0.84339,0.84348,1.50,1.00
2017.03.27 17:06:36.047,0.84339,0.84348,1.00,1.00
2017.03.27 17:06:36.199,0.84339,0.84346,1.00,1.00
2017.03.27 17:06:36.732,0.84338,0.84346,2.62,1.00
2017.03.27 17:06:37.132,0.84339,0.84348,1.50,1.00
2017.03.27 17:06:37.638,0.84339,0.84347,1.37,1.00
2017.03.27 17:06:37.790,0.84339,0.84347,1.12,1.00
2017.03.27 17:06:38.295,0.84339,0.84346,1.00,1.00
2017.03.27 17:06:38.817,0.84339,0.84347,1.00,1.00
2017.03.27 17:06:39.396,0.84338,0.84346,1.50,1.00
2017.03.27 17:06:39.498,0.84336,0.84345,1.50,1.00
2017.03.27 17:06:39.806,0.84335,0.84345,3.37,1.00
2017.03.27 17:06:40.408,0.84335,0.84345,3.75,1.00
2017.03.27 17:06:40.918,0.84337,0.84344,1.00,1.00
2017.03.27 17:06:41.881,0.84337,0.84344,1.00,1.69
2017.03.27 17:06:41.983,0.84335,0.84342,1.87,1.00
2017.03.27 17:06:42.439,0.84336,0.84344,1.12,1.00
2017.03.27 17:06:42.491,0.8434,0.84347,1.00,1.50
2017.03.27 17:06:42.807,0.84332,0.84339,1.37,1.00
2017.03.27 17:06:42.909,0.8433,0.84338,1.50,1.00
2017.03.27 17:06:43.443,0.8433,0.84338,1.50,1.00
2017.03.27 17:06:44.267,0.8433,0.84338,1.00,1.00
2017.03.27 17:06:44.318,0.84328,0.84335,1.50,1.00
2017.03.27 17:06:44.419,0.84329,0.84338,1.00,1.12
2017.03.27 17:06:44.470,0.84329,0.84337,2.62,1.00
2017.03.27 17:06:44.683,0.84328,0.84337,2.25,1.25
2017.03.27 17:06:44.936,0.84327,0.84335,1.12,1.00
2017.03.27 17:06:44.987,0.84328,0.84337,1.00,1.25
2017.03.27 17:06:45.291,0.8433,0.84338,1.00,1.00
2017.03.27 17:06:47.057,0.84329,0.84338,1.50,1.00
2017.03.27 17:06:47.563,0.84328,0.84338,1.50,1.25
2017.03.27 17:06:48.066,0.84329,0.84338,1.00,1.25
2017.03.27 17:06:50.053,0.84331,0.84338,1.00,1.25
2017.03.27 17:06:51.865,0.84331,0.84339,1.00,1.00
2017.03.27 17:06:52.366,0.84331,0.84338,1.00,1.00
2017.03.27 17:06:54.723,0.84331,0.84339,1.00,1.00
2017.03.27 17:06:56.525,0.84329,0.84337,1.12,2.62
2017.03.27 17:06:56.678,0.84326,0.84334,1.37,1.00
2017.03.27 17:06:57.223,0.84326,0.84334,1.00,1.00
2017.03.27 17:06:57.739,0.84326,0.84332,1.00,1.00
2017.03.27 17:06:58.880,0.84326,0.84333,1.00,1.00
2017.03.27 17:06:59.876,0.84325,0.84333,1.50,1.00
2017.03.27 17:07:01.433,0.84325,0.84332,1.12,1.00
2017.03.27 17:07:01.929,0.84323,0.8433,1.37,1.00
2017.03.27 17:07:02.240,0.84325,0.84332,1.00,1.00
2017.03.27 17:07:04.253,0.84328,0.84333,1.00,1.00
2017.03.27 17:07:04.457,0.84329,0.84336,1.00,1.50
2017.03.27 17:07:04.788,0.84326,0.84335,1.69,1.12
2017.03.27 17:07:04.839,0.84326,0.84334,1.12,1.37
2017.03.27 17:07:05.588,0.84326,0.84335,1.12,1.00
2017.03.27 17:07:05.639,0.84326,0.84333,1.00,1.00
2017.03.27 17:07:05.987,0.84326,0.84333,1.75,1.00
2017.03.27 17:07:06.679,0.84328,0.84335,1.00,1.00
2017.03.27 17:07:07.186,0.84327,0.84334,1.50,1.00
2017.03.27 17:07:10.159,0.84328,0.84335,1.12,1.00
2017.03.27 17:07:10.754,0.84328,0.84334,1.00,1.00
2017.03.27 17:07:13.674,0.84329,0.84335,1.00,1.00
2017.03.27 17:07:14.067,0.8433,0.84337,1.00,1.25
2017.03.27 17:07:14.220,0.84332,0.84337,1.00,1.25
2017.03.27 17:07:14.373,0.84332,0.84339,1.00,1.25
2017.03.27 17:07:19.315,0.84331,0.84338,1.37,1.00
2017.03.27 17:07:23.929,0.84331,0.84339,1.37,1.25
2017.03.27 17:07:24.492,0.84331,0.84338,1.00,1.00
2017.03.27 17:07:26.166,0.8433,0.84338,1.12,1.00
2017.03.27 17:07:27.190,0.84331,0.84339,1.00,1.25
2017.03.27 17:07:28.169,0.8433,0.84339,1.12,1.25
2017.03.27 17:07:29.756,0.84331,0.84339,1.00,1.25
2017.03.27 17:07:30.012,0.84333,0.8434,1.00,1.25
2017.03.27 17:07:30.518,0.84334,0.84341,1.00,1.00
2017.03.27 17:07:31.068,0.84333,0.84341,1.12,1.00
2017.03.27 17:07:33.094,0.84332,0.84339,1.50,1.00
2017.03.27 17:07:33.637,0.84332,0.84338,1.00,1.00
2017.03.27 17:07:34.035,0.8433,0.84338,1.12,1.00
2017.03.27 17:07:34.557,0.84331,0.84338,1.00,1.00
2017.03.27 17:07:35.797,0.84329,0.84337,1.50,1.12
2017.03.27 17:07:37.682,0.8433,0.84336,1.00,1.00
2017.03.27 17:07:37.885,0.84327,0.84335,1.12,1.00
2017.03.27 17:07:38.440,0.84328,0.84335,1.00,1.00
2017.03.27 17:07:39.023,0.84329,0.84335,1.00,1.00
2017.03.27 17:07:39.344,0.8433,0.84337,1.00,1.00
2017.03.27 17:07:39.845,0.84329,0.84337,1.12,1.12
2017.03.27 17:07:41.054,0.84329,0.84335,1.12,1.00
2017.03.27 17:07:42.158,0.84329,0.84337,1.12,1.00
2017.03.27 17:07:42.310,0.84331,0.84337,1.00,1.00
2017.03.27 17:07:43.483,0.84333,0.84339,1.00,1.25
2017.03.27 17:07:43.636,0.84335,0.84342,1.00,1.00
2017.03.27 17:07:44.167,0.84334,0.84343,1.12,1.25
2017.03.27 17:07:44.702,0.84334,0.84342,1.12,1.00
2017.03.27 17:07:45.581,0.84334,0.84341,1.00,1.25
2017.03.27 17:07:45.733,0.84333,0.8434,1.00,1.37
2017.03.27 17:07:45.784,0.84333,0.8434,1.00,1.25
2017.03.27 17:07:45.955,0.84331,0.84339,1.00,1.12
2017.03.27 17:07:46.058,0.84331,0.84338,1.00,1.19
2017.03.27 17:07:46.109,0.84331,0.84339,1.00,1.31
2017.03.27 17:07:46.614,0.84332,0.84338,1.00,1.00
2017.03.27 17:07:51.105,0.84334,0.84341,1.00,1.00
2017.03.27 17:07:51.208,0.84335,0.84342,1.37,1.00
2017.03.27 17:07:51.310,0.84339,0.84347,1.00,2.44
2017.03.27 17:07:51.595,0.84342,0.84347,1.00,1.19
2017.03.27 17:07:51.647,0.84342,0.84348,1.00,1.00
2017.03.27 17:07:52.002,0.8434,0.84346,1.87,1.00
2017.03.27 17:07:52.566,0.84339,0.84346,1.00,1.00
2017.03.27 17:07:53.072,0.84339,0.84347,1.00,1.00
2017.03.27 17:07:53.602,0.84339,0.84346,1.00,1.00
2017.03.27 17:07:53.965,0.84337,0.84345,1.12,1.00
2017.03.27 17:07:54.016,0.84337,0.84343,1.00,1.00
2017.03.27 17:07:54.168,0.84337,0.84345,1.00,1.00
2017.03.27 17:07:54.480,0.84337,0.84342,1.00,1.00
2017.03.27 17:07:54.632,0.84335,0.84343,1.50,1.00
2017.03.27 17:07:55.210,0.84337,0.84346,1.12,2.06
2017.03.27 17:07:55.716,0.84337,0.84344,1.00,1.00
2017.03.27 17:07:55.919,0.84335,0.84343,1.00,1.12
2017.03.27 17:07:56.375,0.84333,0.84343,1.12,1.12
2017.03.27 17:07:56.426,0.84333,0.84341,1.12,1.00
2017.03.27 17:07:57.486,0.84332,0.84341,1.12,1.00
2017.03.27 17:07:57.797,0.84331,0.84338,1.00,1.00
2017.03.27 17:07:58.253,0.84331,0.8434,1.50,1.00
2017.03.27 17:07:58.304,0.84334,0.84339,1.00,1.00
2017.03.27 17:07:58.405,0.84334,0.84341,1.37,1.00
2017.03.27 17:07:58.957,0.84334,0.84341,1.12,1.00
2017.03.27 17:07:59.460,0.84333,0.8434,1.50,1.00
2017.03.27 17:08:01.072,0.84333,0.84342,1.50,1.25
2017.03.27 17:08:02.267,0.84334,0.8434,1.12,1.00
2017.03.27 17:08:05.504,0.84333,0.84339,1.00,1.00
2017.03.27 17:08:05.606,0.8433,0.84338,1.12,1.69
2017.03.27 17:08:06.229,0.8433,0.84337,1.37,1.25
2017.03.27 17:08:06.783,0.8433,0.84337,1.12,1.25
2017.03.27 17:08:08.173,0.84329,0.84337,1.12,1.25
2017.03.27 17:08:10.120,0.8433,0.84338,1.00,1.25
2017.03.27 17:08:11.088,0.8433,0.84338,1.12,1.69
2017.03.27 17:08:11.645,0.84329,0.84337,1.12,1.25
2017.03.27 17:08:12.196,0.84328,0.84337,1.12,1.25
2017.03.27 17:08:13.130,0.8433,0.84338,1.00,1.25
2017.03.27 17:08:13.444,0.84332,0.8434,1.12,1.00
2017.03.27 17:08:14.008,0.84332,0.84341,1.37,1.00
2017.03.27 17:08:14.920,0.84331,0.84339,1.50,1.00
2017.03.27 17:08:15.427,0.84331,0.84338,1.00,1.00
2017.03.27 17:08:15.695,0.84332,0.8434,1.12,1.25
2017.03.27 17:08:16.743,0.84332,0.8434,1.37,1.25
2017.03.27 17:08:17.287,0.84332,0.8434,1.00,1.25
2017.03.27 17:08:17.823,0.84331,0.8434,1.12,1.69
2017.03.27 17:08:18.330,0.8433,0.84337,1.00,1.00
2017.03.27 17:08:18.703,0.84332,0.84337,1.00,1.00
2017.03.27 17:08:19.243,0.84332,0.84338,1.12,1.00
2017.03.27 17:08:19.750,0.84331,0.84338,1.00,1.69
2017.03.27 17:08:19.801,0.84329,0.84338,1.50,1.69
2017.03.27 17:08:20.331,0.84329,0.84337,1.37,1.25
2017.03.27 17:08:20.891,0.84329,0.84337,1.12,1.69
2017.03.27 17:08:21.298,0.84327,0.84335,1.50,1.69
2017.03.27 17:08:21.400,0.84326,0.84334,1.50,1.69
2017.03.27 17:08:21.451,0.84326,0.84332,1.50,1.00
2017.03.27 17:08:21.755,0.84328,0.84334,1.12,1.25
2017.03.27 17:08:22.261,0.84328,0.84335,1.00,1.00
2017.03.27 17:08:22.565,0.84325,0.84332,1.87,1.00
2017.03.27 17:08:22.781,0.84324,0.84333,1.50,1.00
2017.03.27 17:08:23.034,0.84324,0.84334,1.50,1.31
2017.03.27 17:08:23.338,0.84321,0.84329,1.37,1.00
2017.03.27 17:08:23.541,0.84323,0.84333,1.00,1.37
2017.03.27 17:08:23.591,0.84323,0.84333,1.37,1.00
2017.03.27 17:08:23.996,0.84326,0.84336,1.12,1.00
2017.03.27 17:08:24.159,0.84325,0.84334,2.62,1.12
2017.03.27 17:08:24.463,0.84324,0.84332,1.37,1.00
2017.03.27 17:08:24.982,0.84323,0.84332,1.87,1.00
2017.03.27 17:08:25.517,0.84323,0.84332,1.87,1.12
2017.03.27 17:08:25.820,0.84322,0.8433,1.12,1.12
2017.03.27 17:08:26.032,0.84321,0.84329,1.00,1.00
2017.03.27 17:08:26.185,0.84322,0.84331,1.12,1.87
2017.03.27 17:08:26.236,0.84322,0.84331,1.50,1.00
2017.03.27 17:08:26.692,0.84322,0.84331,1.12,1.37
2017.03.27 17:08:27.229,0.84322,0.8433,1.37,1.00
2017.03.27 17:08:27.739,0.84322,0.8433,1.12,1.00
2017.03.27 17:08:31.243,0.84321,0.84329,1.50,1.00
2017.03.27 17:08:31.857,0.84322,0.8433,1.12,1.00
2017.03.27 17:08:32.387,0.84322,0.84331,1.12,1.00
2017.03.27 17:08:32.928,0.84323,0.84331,1.37,1.00
2017.03.27 17:08:33.131,0.84323,0.84331,1.00,1.12
2017.03.27 17:08:33.723,0.84323,0.8433,1.12,1.00
2017.03.27 17:08:35.153,0.84324,0.8433,1.00,1.00
2017.03.27 17:08:36.173,0.84323,0.8433,1.00,1.00
2017.03.27 17:08:37.448,0.84322,0.8433,1.50,1.00
2017.03.27 17:08:41.050,0.84323,0.84331,1.00,1.00
2017.03.27 17:08:42.112,0.84322,0.84331,1.50,1.00
2017.03.27 17:08:42.264,0.84322,0.84331,1.50,1.00
2017.03.27 17:08:42.416,0.84322,0.84331,1.50,1.00
2017.03.27 17:08:42.632,0.84325,0.84334,1.00,1.50
2017.03.27 17:08:43.189,0.84325,0.84334,1.50,1.12
2017.03.27 17:08:43.695,0.84325,0.84333,1.50,1.00
2017.03.27 17:08:44.250,0.84325,0.84334,1.50,1.50
2017.03.27 17:08:44.757,0.84325,0.84334,1.37,1.12
2017.03.27 17:08:45.308,0.84325,0.84334,1.87,1.12
2017.03.27 17:08:45.612,0.84325,0.84333,1.12,1.12
2017.03.27 17:08:46.377,0.84325,0.84333,1.37,1.00
2017.03.27 17:08:46.529,0.84324,0.84333,1.37,1.00
2017.03.27 17:08:46.631,0.84324,0.84331,1.50,1.00
2017.03.27 17:08:46.682,0.84324,0.84333,1.50,1.00
2017.03.27 17:08:46.886,0.84326,0.84334,1.00,1.12
2017.03.27 17:08:48.685,0.84327,0.84333,1.00,1.00
2017.03.27 17:08:50.458,0.84327,0.84335,1.12,1.00
2017.03.27 17:08:50.509,0.84328,0.84335,1.37,1.00
2017.03.27 17:08:51.607,0.84329,0.84337,1.00,1.00
2017.03.27 17:08:52.116,0.84328,0.84338,1.75,1.69
2017.03.27 17:08:52.674,0.84329,0.84337,1.37,1.00
2017.03.27 17:08:52.979,0.84329,0.84339,1.75,1.12
2017.03.27 17:08:53.282,0.84335,0.84343,1.00,4.50
2017.03.27 17:08:53.334,0.84335,0.84343,1.00,4.50
2017.03.27 17:08:53.435,0.84336,0.84341,1.37,1.00
2017.03.27 17:08:53.652,0.84336,0.84345,1.50,1.50
2017.03.27 17:08:54.190,0.84336,0.84345,1.87,1.00
2017.03.27 17:08:54.722,0.84336,0.84346,1.87,1.00
2017.03.27 17:08:55.258,0.84336,0.84346,1.87,1.00
2017.03.27 17:08:55.881,0.84337,0.84345,1.12,1.00
2017.03.27 17:08:56.660,0.84336,0.84346,1.50,1.00
2017.03.27 17:08:58.146,0.84338,0.84346,1.00,1.50
2017.03.27 17:09:00.340,0.84337,0.84346,1.12,1.00
2017.03.27 17:09:00.925,0.84337,0.84347,1.00,1.00
2017.03.27 17:09:03.462,0.84337,0.84347,1.50,1.00
2017.03.27 17:09:03.975,0.84337,0.84347,1.12,1.00
2017.03.27 17:09:04.714,0.84337,0.84347,1.37,1.00
2017.03.27 17:09:05.017,0.8434,0.84348,1.12,1.00
2017.03.27 17:09:05.176,0.8434,0.8435,1.87,1.12
2017.03.27 17:09:05.342,0.8434,0.84348,1.00,1.12
2017.03.27 17:09:05.894,0.84339,0.84348,1.12,1.87
2017.03.27 17:09:05.996,0.84337,0.84347,1.50,1.87
2017.03.27 17:09:06.497,0.84336,0.84346,1.50,1.00
2017.03.27 17:09:07.030,0.84337,0.84346,1.00,1.00
2017.03.27 17:09:07.930,0.84336,0.84344,1.00,1.12
2017.03.27 17:09:08.082,0.84334,0.84343,1.25,1.50
2017.03.27 17:09:08.616,0.84335,0.84343,1.00,1.00
2017.03.27 17:09:08.820,0.84335,0.84345,1.00,1.00
2017.03.27 17:09:09.429,0.84336,0.84345,1.00,1.12
2017.03.27 17:09:09.938,0.84337,0.84345,1.00,1.87
2017.03.27 17:09:12.064,0.84336,0.84346,1.12,1.12
2017.03.27 17:09:12.577,0.84336,0.84346,1.50,1.00
2017.03.27 17:09:13.791,0.84337,0.84346,1.37,1.00
2017.03.27 17:09:14.686,0.84338,0.84346,1.75,1.00
2017.03.27 17:09:14.737,0.84338,0.84348,1.12,1.12
2017.03.27 17:09:14.788,0.8434,0.84348,1.12,1.00
2017.03.27 17:09:17.284,0.84339,0.84348,1.00,1.12
2017.03.27 17:09:17.588,0.84339,0.84345,1.00,1.12
2017.03.27 17:09:17.841,0.84337,0.84345,1.12,1.12
2017.03.27 17:09:18.656,0.84337,0.84345,1.00,1.69
2017.03.27 17:09:18.708,0.84335,0.84344,1.50,2.81
2017.03.27 17:09:18.874,0.84335,0.84344,1.87,1.69
2017.03.27 17:09:19.405,0.84335,0.84345,1.37,1.87
2017.03.27 17:09:19.924,0.84335,0.84344,1.00,1.37
2017.03.27 17:09:20.906,0.84336,0.84345,1.12,2.25
2017.03.27 17:09:20.958,0.84336,0.84345,1.37,1.87
2017.03.27 17:09:21.460,0.84338,0.84346,1.00,1.87
2017.03.27 17:09:22.028,0.84337,0.84347,1.12,1.50
2017.03.27 17:09:22.331,0.84339,0.84347,1.00,2.62
2017.03.27 17:09:22.483,0.84339,0.84349,1.37,1.25
2017.03.27 17:09:22.989,0.84339,0.8435,1.87,1.87
2017.03.27 17:09:23.873,0.84339,0.84349,1.37,1.00
2017.03.27 17:09:25.046,0.84339,0.84349,1.12,1.87
2017.03.27 17:09:25.947,0.84339,0.84349,1.12,2.25
2017.03.27 17:09:26.717,0.84338,0.84347,2.25,1.12
2017.03.27 17:09:26.988,0.84339,0.84348,1.87,1.12
2017.03.27 17:09:27.522,0.84339,0.84348,1.50,1.12
2017.03.27 17:09:29.636,0.84341,0.84349,1.00,1.87
2017.03.27 17:09:30.411,0.84342,0.84351,1.00,1.12
2017.03.27 17:09:31.116,0.8434,0.84349,1.87,1.00
2017.03.27 17:09:31.425,0.84339,0.84347,1.00,1.00
2017.03.27 17:09:34.037,0.84339,0.84348,1.37,1.50
2017.03.27 17:09:34.714,0.84339,0.84347,1.00,1.00
2017.03.27 17:09:35.144,0.84339,0.84349,1.00,1.50
2017.03.27 17:09:35.197,0.84342,0.8435,1.00,4.12
2017.03.27 17:09:35.299,0.84345,0.84352,1.00,1.37
2017.03.27 17:09:35.350,0.84347,0.84352,1.00,1.37
2017.03.27 17:09:35.726,0.84347,0.84357,1.12,2.25
2017.03.27 17:09:36.325,0.84346,0.84357,1.87,2.62
2017.03.27 17:09:36.858,0.84346,0.84357,1.87,2.62
2017.03.27 17:09:37.328,0.84347,0.84355,1.00,1.00
2017.03.27 17:09:38.343,0.84346,0.84355,1.00,1.12
2017.03.27 17:09:38.983,0.84347,0.84355,1.00,1.50
2017.03.27 17:09:39.286,0.84347,0.84355,1.00,2.25
2017.03.27 17:09:39.388,0.84347,0.84355,1.00,1.50
2017.03.27 17:09:39.490,0.84347,0.84355,1.00,2.25
2017.03.27 17:09:39.591,0.84347,0.84355,1.00,1.50
2017.03.27 17:09:39.693,0.84347,0.84355,1.00,2.25
2017.03.27 17:09:41.402,0.84345,0.84355,1.37,1.75
2017.03.27 17:09:41.979,0.84345,0.84355,1.12,1.75
2017.03.27 17:09:42.838,0.84344,0.84351,1.00,1.00
2017.03.27 17:09:42.890,0.84342,0.84351,1.87,1.12
2017.03.27 17:09:43.042,0.84344,0.84353,1.00,1.75
2017.03.27 17:09:43.298,0.84346,0.84354,1.12,1.00
2017.03.27 17:09:43.892,0.84347,0.84354,1.37,1.00
2017.03.27 17:09:44.330,0.84347,0.84356,1.12,1.87
2017.03.27 17:09:46.195,0.84347,0.84356,1.87,1.00
2017.03.27 17:09:46.751,0.84347,0.84357,1.87,1.12
2017.03.27 17:09:48.029,0.84347,0.84357,1.37,1.12
2017.03.27 17:09:48.372,0.84349,0.8436,1.87,3.19
2017.03.27 17:09:48.574,0.84349,0.8436,2.62,2.81
2017.03.27 17:09:49.094,0.8435,0.8436,1.12,1.00
2017.03.27 17:09:49.646,0.8435,0.8436,1.37,1.00
2017.03.27 17:09:50.309,0.8435,0.8436,1.12,1.00
2017.03.27 17:09:50.838,0.8435,0.84361,1.87,2.06
2017.03.27 17:09:53.074,0.8435,0.84361,2.62,2.44
2017.03.27 17:09:53.749,0.84351,0.84361,1.50,2.44
2017.03.27 17:09:54.229,0.84349,0.84359,2.62,1.87
2017.03.27 17:09:54.331,0.84348,0.84356,1.87,1.00
2017.03.27 17:09:54.585,0.84349,0.84358,1.00,1.00
2017.03.27 17:09:54.805,0.84351,0.8436,1.00,1.87
2017.03.27 17:09:55.341,0.84349,0.84359,1.50,1.87
2017.03.27 17:09:56.555,0.84348,0.84357,1.50,1.00
2017.03.27 17:09:56.977,0.84346,0.84354,1.50,1.00
2017.03.27 17:09:57.383,0.84349,0.84358,1.87,1.00
2017.03.27 17:09:57.485,0.84347,0.84356,4.50,1.00
2017.03.27 17:09:57.637,0.84347,0.84356,2.25,1.00
2017.03.27 17:09:57.790,0.84346,0.84355,2.25,1.37
2017.03.27 17:09:58.531,0.84346,0.84355,2.25,1.00
2017.03.27 17:09:59.320,0.84346,0.84355,1.50,1.00
2017.03.27 17:09:59.938,0.84346,0.84355,1.12,1.37
2017.03.27 17:09:59.990,0.84344,0.84352,1.87,1.12
2017.03.27 17:10:00.243,0.84342,0.84352,1.87,1.50
2017.03.27 17:10:00.344,0.84345,0.84353,1.12,1.12
2017.03.27 17:10:00.648,0.84347,0.84355,1.00,1.00
2017.03.27 17:10:01.224,0.84346,0.84355,2.62,1.00
2017.03.27 17:10:01.478,0.84343,0.84352,1.50,1.87
2017.03.27 17:10:01.986,0.84343,0.84353,1.12,2.25
2017.03.27 17:10:02.515,0.84344,0.84352,1.00,1.12
2017.03.27 17:10:03.994,0.84343,0.84353,1.50,2.25
2017.03.27 17:10:04.499,0.84343,0.84351,1.12,1.00
2017.03.27 17:10:06.651,0.8434,0.84349,1.87,1.87
2017.03.27 17:10:06.702,0.84339,0.84348,1.87,1.00
2017.03.27 17:10:09.855,0.84338,0.84349,1.87,1.87
2017.03.27 17:10:10.161,0.84341,0.8435,1.12,1.00
2017.03.27 17:10:10.532,0.84341,0.84351,2.25,1.00
2017.03.27 17:10:11.046,0.84343,0.84352,1.00,1.50
2017.03.27 17:10:11.557,0.84341,0.8435,1.00,1.37
2017.03.27 17:10:11.659,0.84339,0.84349,1.87,1.12
2017.03.27 17:10:11.912,0.8434,0.8435,2.62,1.00
2017.03.27 17:10:12.064,0.84343,0.84352,1.12,1.50
2017.03.27 17:10:13.016,0.84344,0.84352,1.00,1.50
2017.03.27 17:10:13.322,0.84342,0.84351,1.12,1.00
2017.03.27 17:10:13.860,0.84342,0.84351,1.37,1.00
2017.03.27 17:10:14.197,0.84341,0.8435,2.25,1.87
2017.03.27 17:10:14.451,0.84339,0.84348,1.00,1.00
2017.03.27 17:10:14.637,0.8434,0.84351,1.50,2.25
2017.03.27 17:10:14.890,0.8434,0.84349,1.00,1.37
2017.03.27 17:10:17.209,0.8434,0.8435,1.00,2.62
2017.03.27 17:10:17.412,0.8434,0.84349,1.87,1.00
2017.03.27 17:10:17.995,0.84341,0.84349,1.12,1.00
2017.03.27 17:10:18.597,0.84341,0.84351,1.00,1.50
2017.03.27 17:10:19.027,0.84341,0.84351,1.37,1.50
2017.03.27 17:10:19.268,0.84341,0.84352,1.87,3.00
2017.03.27 17:10:19.874,0.84341,0.84352,1.87,3.37
2017.03.27 17:10:20.313,0.8434,0.8435,2.25,1.37
2017.03.27 17:10:20.566,0.84339,0.84347,1.00,1.00
2017.03.27 17:10:21.296,0.84338,0.84347,1.50,1.87
2017.03.27 17:10:21.822,0.84337,0.84346,1.00,1.50
2017.03.27 17:10:22.251,0.84338,0.84346,1.37,1.12
2017.03.27 17:10:22.756,0.84337,0.84348,1.62,3.00
2017.03.27 17:10:24.804,0.84336,0.84347,2.06,1.12
2017.03.27 17:10:25.552,0.84336,0.84347,1.87,1.12
2017.03.27 17:10:25.926,0.84336,0.84347,1.87,1.87
2017.03.27 17:10:26.567,0.84336,0.84347,1.87,1.87
2017.03.27 17:10:27.098,0.84335,0.84346,1.87,1.87
2017.03.27 17:10:27.693,0.84335,0.84345,1.87,1.00
2017.03.27 17:10:27.745,0.84336,0.84347,1.50,1.87
2017.03.27 17:10:27.796,0.84338,0.84347,1.00,1.87
2017.03.27 17:10:28.100,0.84341,0.8435,1.37,1.12
2017.03.27 17:10:28.403,0.84341,0.8435,1.37,1.87
2017.03.27 17:10:28.657,0.84339,0.8435,1.50,3.75
2017.03.27 17:10:28.708,0.8434,0.8435,1.37,3.37
2017.03.27 17:10:30.692,0.8434,0.8435,1.12,2.25
2017.03.27 17:10:30.995,0.84341,0.84351,1.37,4.50
2017.03.27 17:10:32.294,0.84341,0.84351,1.37,4.12
2017.03.27 17:10:33.021,0.84342,0.84351,1.37,4.12
2017.03.27 17:10:33.536,0.84342,0.84351,1.12,4.12
2017.03.27 17:10:34.039,0.84341,0.84348,1.37,1.37
2017.03.27 17:10:34.659,0.84336,0.84345,3.75,1.87
2017.03.27 17:10:34.711,0.84336,0.84344,1.00,1.37
2017.03.27 17:10:35.014,0.84331,0.84339,1.87,1.00
2017.03.27 17:10:36.912,0.84331,0.84339,1.87,1.00
2017.03.27 17:10:37.445,0.84331,0.84338,1.87,1.00
2017.03.27 17:10:37.965,0.84331,0.84338,1.87,1.00
2017.03.27 17:10:38.422,0.84332,0.8434,1.19,1.00
2017.03.27 17:10:40.767,0.84331,0.84341,1.69,1.37
2017.03.27 17:10:41.031,0.84331,0.84338,1.00,1.37
2017.03.27 17:10:41.234,0.84329,0.84337,2.06,1.00
2017.03.27 17:10:41.507,0.84331,0.84339,1.12,1.12
2017.03.27 17:10:42.916,0.84331,0.84337,1.37,1.00
2017.03.27 17:10:43.435,0.84331,0.84337,1.00,1.00
2017.03.27 17:10:45.183,0.8433,0.84339,1.87,2.62
2017.03.27 17:10:45.336,0.8433,0.84339,1.87,2.62
2017.03.27 17:10:45.451,0.8433,0.84339,1.87,6.75
2017.03.27 17:10:45.503,0.84328,0.84336,1.37,1.37
2017.03.27 17:10:45.706,0.84327,0.84336,1.00,1.87
2017.03.27 17:10:46.112,0.84327,0.84336,1.00,3.00
2017.03.27 17:10:46.620,0.84325,0.84334,1.87,1.50
2017.03.27 17:10:46.924,0.84326,0.84336,1.00,2.62
2017.03.27 17:10:47.095,0.84326,0.84336,1.00,2.62
2017.03.27 17:10:47.762,0.84326,0.84334,1.00,1.37
2017.03.27 17:10:51.994,0.84324,0.84335,1.50,3.00
2017.03.27 17:10:52.535,0.84324,0.84335,1.50,2.62
2017.03.27 17:10:53.078,0.84325,0.84335,1.00,1.87
2017.03.27 17:10:54.221,0.84327,0.84335,1.00,1.37
2017.03.27 17:10:54.744,0.84326,0.84335,1.00,1.37
2017.03.27 17:10:54.914,0.84326,0.84336,1.00,1.87
2017.03.27 17:10:55.447,0.84326,0.84335,1.12,1.00
2017.03.27 17:10:57.150,0.84326,0.84336,1.12,1.12
2017.03.27 17:11:00.138,0.84326,0.84335,1.12,1.00
2017.03.27 17:11:02.109,0.8433,0.84335,1.00,1.00
2017.03.27 17:11:02.161,0.8433,0.84338,1.00,1.00
2017.03.27 17:11:02.364,0.8433,0.84337,1.00,1.37
2017.03.27 17:11:02.466,0.8433,0.84338,1.00,1.50
2017.03.27 17:11:03.075,0.84328,0.84338,1.50,2.25
2017.03.27 17:11:03.536,0.8433,0.84338,1.00,1.12
2017.03.27 17:11:05.572,0.84329,0.84338,1.00,1.87
2017.03.27 17:11:06.104,0.84329,0.84338,1.50,1.50
2017.03.27 17:11:06.466,0.84329,0.84338,1.00,2.25
2017.03.27 17:11:06.669,0.84328,0.84338,1.00,3.75
2017.03.27 17:11:06.821,0.84331,0.84338,1.00,1.12
2017.03.27 17:11:06.924,0.84331,0.84341,1.00,2.62
2017.03.27 17:11:09.925,0.84331,0.84341,1.00,1.87
2017.03.27 17:11:10.374,0.84331,0.84339,2.25,1.00
2017.03.27 17:11:10.881,0.84331,0.8434,1.00,1.00
2017.03.27 17:11:11.186,0.84334,0.84344,1.00,4.12
2017.03.27 17:11:11.489,0.84336,0.84344,1.00,1.00
2017.03.27 17:11:11.995,0.84335,0.84344,1.00,1.12
2017.03.27 17:11:12.685,0.84333,0.84341,1.50,1.00
2017.03.27 17:11:13.191,0.84333,0.84342,1.00,1.87
2017.03.27 17:11:13.730,0.84331,0.8434,1.00,1.00
2017.03.27 17:11:14.136,0.8433,0.84339,1.00,1.75
2017.03.27 17:11:14.639,0.84329,0.84337,1.00,1.12
2017.03.27 17:11:15.284,0.84329,0.84337,1.00,1.50
2017.03.27 17:11:15.807,0.84328,0.84336,1.12,1.00
2017.03.27 17:11:16.936,0.84329,0.84337,1.87,1.00
2017.03.27 17:11:17.593,0.84329,0.84337,1.87,1.00
2017.03.27 17:11:17.846,0.84332,0.84342,1.50,1.37
2017.03.27 17:11:18.302,0.84333,0.84343,1.37,1.37
2017.03.27 17:11:18.707,0.84332,0.84342,1.37,1.37
2017.03.27 17:11:19.207,0.84333,0.84342,1.37,1.37
2017.03.27 17:11:19.730,0.84333,0.84343,1.87,1.37
2017.03.27 17:11:20.058,0.84333,0.84342,1.37,2.62
2017.03.27 17:11:20.688,0.84333,0.84342,1.12,1.37
2017.03.27 17:11:23.383,0.84333,0.84342,1.12,1.12
2017.03.27 17:11:23.535,0.84334,0.84342,1.87,1.12
2017.03.27 17:11:23.794,0.84334,0.84342,1.12,1.12
2017.03.27 17:11:25.830,0.84334,0.84343,1.37,1.37
2017.03.27 17:11:26.563,0.84334,0.84343,1.12,1.37
2017.03.27 17:11:27.508,0.84333,0.84343,1.87,1.37
2017.03.27 17:11:28.179,0.84333,0.84343,1.87,1.37
2017.03.27 17:11:28.907,0.84333,0.84342,1.87,1.37
2017.03.27 17:11:28.958,0.84333,0.84342,1.87,2.62
2017.03.27 17:11:29.214,0.84332,0.84342,1.37,1.12
2017.03.27 17:11:29.518,0.84334,0.84343,1.37,1.12
2017.03.27 17:11:30.086,0.84334,0.84343,1.37,1.87
2017.03.27 17:11:31.088,0.84334,0.84343,1.00,1.37
2017.03.27 17:11:31.397,0.84331,0.84341,1.87,1.00
2017.03.27 17:11:33.954,0.84333,0.84342,1.00,1.37
2017.03.27 17:11:34.056,0.84333,0.84344,1.87,3.75
2017.03.27 17:11:34.866,0.84332,0.84342,1.50,1.12
2017.03.27 17:11:35.400,0.84333,0.84343,1.37,1.12
2017.03.27 17:11:35.906,0.84333,0.84343,1.12,1.37
2017.03.27 17:11:36.445,0.84333,0.84343,1.12,1.00
2017.03.27 17:11:36.991,0.84334,0.84342,1.00,1.12
2017.03.27 17:11:37.092,0.84333,0.84342,1.00,1.37
2017.03.27 17:11:37.194,0.84332,0.84343,2.25,2.62
2017.03.27 17:11:37.532,0.84333,0.84343,1.37,1.37
2017.03.27 17:11:38.078,0.84334,0.84343,1.12,1.00
2017.03.27 17:11:39.080,0.84334,0.84343,1.12,1.37
2017.03.27 17:11:39.599,0.84332,0.84343,2.25,1.37
2017.03.27 17:11:41.644,0.84334,0.84343,1.00,1.37
2017.03.27 17:11:49.154,0.84334,0.84343,1.37,1.37
2017.03.27 17:11:49.695,0.84334,0.84343,1.12,1.37
2017.03.27 17:11:50.205,0.84334,0.84343,1.37,1.37
2017.03.27 17:11:50.818,0.84334,0.84343,1.12,1.37
2017.03.27 17:11:51.960,0.84333,0.84343,1.37,1.37
2017.03.27 17:11:52.062,0.84332,0.84343,2.25,1.50
2017.03.27 17:11:52.114,0.84332,0.84343,2.25,1.50
2017.03.27 17:11:52.337,0.84333,0.84343,1.37,1.00
2017.03.27 17:11:52.889,0.84333,0.84343,1.37,1.00
2017.03.27 17:11:53.394,0.84332,0.84343,2.25,1.87
2017.03.27 17:11:57.829,0.84334,0.84343,1.00,1.37
2017.03.27 17:11:58.334,0.84334,0.84343,1.12,1.12
2017.03.27 17:11:58.933,0.84334,0.84343,1.37,1.12
2017.03.27 17:11:59.441,0.84334,0.84344,1.12,2.62
2017.03.27 17:12:00.279,0.84334,0.84344,1.00,2.62
2017.03.27 17:12:00.905,0.84331,0.84341,1.50,1.00
2017.03.27 17:12:01.259,0.84333,0.84342,1.00,3.75
2017.03.27 17:12:01.766,0.84333,0.84341,1.37,1.00
2017.03.27 17:12:02.289,0.84333,0.84341,1.12,1.12
2017.03.27 17:12:02.836,0.84334,0.8434,1.12,1.12
2017.03.27 17:12:03.477,0.84332,0.84339,1.37,1.00
2017.03.27 17:12:03.916,0.84329,0.84334,1.00,1.37
2017.03.27 17:12:03.967,0.84327,0.84332,1.87,1.00
2017.03.27 17:12:04.120,0.84325,0.84332,1.00,1.37
2017.03.27 17:12:04.660,0.84324,0.8433,1.37,1.00
2017.03.27 17:12:04.869,0.84321,0.84329,3.00,2.62
2017.03.27 17:12:04.921,0.84321,0.84327,1.12,1.12
2017.03.27 17:12:05.124,0.84321,0.84329,1.50,1.37
2017.03.27 17:12:05.277,0.84319,0.84327,2.25,1.12
2017.03.27 17:12:05.863,0.84319,0.84327,1.37,1.50
2017.03.27 17:12:06.756,0.84318,0.84327,1.37,1.12
2017.03.27 17:12:07.428,0.84318,0.84327,1.37,1.50
2017.03.27 17:12:07.530,0.8432,0.84329,1.37,1.00
2017.03.27 17:12:07.936,0.84319,0.84329,2.25,1.00
2017.03.27 17:12:08.089,0.8432,0.84329,1.37,1.00
2017.03.27 17:12:08.595,0.84321,0.84329,1.37,1.12
2017.03.27 17:12:09.225,0.84323,0.84329,1.12,1.12
2017.03.27 17:12:09.465,0.84323,0.84331,1.87,1.37
2017.03.27 17:12:09.992,0.84325,0.84331,1.50,1.37
2017.03.27 17:12:10.586,0.84324,0.84331,1.75,1.12
2017.03.27 17:12:10.977,0.84325,0.84329,1.00,1.00
2017.03.27 17:12:11.078,0.84321,0.84329,2.62,1.12
2017.03.27 17:12:11.627,0.84321,0.84331,1.87,1.37
2017.03.27 17:12:11.729,0.84321,0.84328,1.50,1.00
2017.03.27 17:12:11.830,0.84321,0.84327,1.00,3.75
2017.03.27 17:12:12.587,0.8432,0.84328,1.37,1.37
2017.03.27 17:12:12.796,0.8432,0.84329,1.37,1.00
2017.03.27 17:12:13.203,0.84319,0.84328,2.25,1.31
2017.03.27 17:12:13.706,0.84319,0.84327,1.50,1.06
2017.03.27 17:12:14.213,0.8432,0.84329,1.37,1.12
2017.03.27 17:12:14.747,0.8432,0.84328,1.12,1.00
2017.03.27 17:12:15.864,0.84322,0.8433,1.00,1.00
2017.03.27 17:12:16.169,0.84323,0.84331,1.50,1.00
2017.03.27 17:12:16.727,0.84323,0.84331,1.00,1.00
2017.03.27 17:12:17.032,0.84322,0.84332,1.87,4.87
2017.03.27 17:12:17.576,0.84322,0.84332,1.87,4.87
2017.03.27 17:12:18.330,0.84323,0.84331,1.12,1.12
2017.03.27 17:12:18.633,0.84321,0.84328,1.37,1.00
2017.03.27 17:12:18.735,0.8432,0.84328,1.50,1.00
2017.03.27 17:12:18.938,0.8432,0.84328,1.37,1.00
2017.03.27 17:12:19.090,0.8432,0.84328,1.87,1.00
2017.03.27 17:12:19.715,0.84319,0.84328,2.25,1.00
2017.03.27 17:12:20.190,0.84321,0.84328,2.25,1.00
2017.03.27 17:12:20.242,0.84323,0.8433,1.00,1.00
2017.03.27 17:12:21.301,0.84323,0.8433,1.37,1.00
2017.03.27 17:12:21.423,0.84322,0.84329,1.00,1.12
2017.03.27 17:12:21.474,0.84322,0.84327,1.00,1.12
2017.03.27 17:12:21.729,0.8432,0.84328,1.50,1.00
2017.03.27 17:12:22.278,0.8432,0.84327,1.37,1.00
2017.03.27 17:12:22.531,0.84321,0.8433,1.37,1.37
2017.03.27 17:12:22.633,0.84321,0.8433,1.50,1.00
2017.03.27 17:12:22.685,0.8432,0.84327,1.75,1.12
2017.03.27 17:12:22.888,0.84319,0.84326,1.87,1.00
2017.03.27 17:12:23.415,0.8432,0.84327,1.37,1.00
2017.03.27 17:12:28.416,0.84319,0.84326,1.50,1.00
2017.03.27 17:12:28.517,0.84318,0.84324,1.12,1.00
2017.03.27 17:12:28.619,0.84318,0.84325,1.12,1.00
2017.03.27 17:12:29.024,0.84319,0.84326,1.37,1.00
2017.03.27 17:12:29.552,0.84319,0.84328,2.25,1.00
2017.03.27 17:12:30.066,0.84319,0.84328,2.25,1.00
2017.03.27 17:12:30.631,0.84319,0.84328,2.25,1.00
2017.03.27 17:12:31.445,0.84319,0.84328,2.25,1.00
2017.03.27 17:12:32.552,0.84319,0.84328,2.25,1.12
2017.03.27 17:12:33.927,0.84319,0.84328,1.50,1.12
2017.03.27 17:12:35.176,0.84319,0.84328,1.50,1.12
2017.03.27 17:12:37.933,0.84319,0.84328,1.50,1.43
2017.03.27 17:12:38.969,0.84319,0.84328,1.12,1.87
2017.03.27 17:12:40.874,0.84318,0.84327,1.50,1.50
2017.03.27 17:12:41.616,0.84325,0.84329,1.12,1.12
2017.03.27 17:12:41.667,0.84325,0.84331,1.12,1.87
2017.03.27 17:12:41.921,0.84324,0.84331,1.37,1.12
2017.03.27 17:12:42.174,0.84325,0.84334,1.87,1.87
2017.03.27 17:12:42.225,0.84325,0.84334,2.62,1.12
2017.03.27 17:12:42.429,0.84325,0.84333,1.50,1.00
2017.03.27 17:12:42.637,0.84323,0.84329,1.00,1.00
2017.03.27 17:12:42.941,0.84321,0.84326,1.00,1.12
2017.03.27 17:12:43.446,0.8432,0.84326,1.12,1.12
2017.03.27 17:12:44.443,0.8432,0.84325,1.00,1.37
2017.03.27 17:12:44.494,0.84318,0.84325,1.00,1.37
2017.03.27 17:12:44.988,0.84319,0.84326,1.00,1.00
2017.03.27 17:12:45.925,0.84318,0.84326,1.12,1.50
2017.03.27 17:12:46.127,0.84319,0.84328,1.50,1.12
2017.03.27 17:12:46.760,0.84319,0.84328,1.50,1.12
2017.03.27 17:12:48.081,0.84319,0.84328,1.12,1.12
2017.03.27 17:12:48.385,0.84318,0.84325,1.37,1.00
2017.03.27 17:12:48.436,0.84317,0.84325,1.00,1.00
2017.03.27 17:12:48.981,0.84318,0.84325,1.00,1.00
2017.03.27 17:12:49.512,0.84317,0.84324,1.00,1.00
2017.03.27 17:12:49.664,0.84317,0.84326,1.00,1.00
2017.03.27 17:12:49.816,0.84319,0.84327,1.00,1.12
2017.03.27 17:12:50.120,0.84317,0.84325,1.00,1.12
2017.03.27 17:12:50.710,0.84317,0.84323,1.00,1.00
2017.03.27 17:12:50.913,0.84314,0.84321,1.00,1.00
2017.03.27 17:12:51.973,0.84313,0.84321,1.00,1.12
2017.03.27 17:12:52.028,0.84313,0.84319,1.00,1.00
2017.03.27 17:12:52.181,0.84311,0.84318,1.87,1.00
2017.03.27 17:12:52.703,0.84311,0.84319,1.00,1.50
2017.03.27 17:12:53.110,0.84311,0.84318,1.50,1.37
2017.03.27 17:12:53.651,0.8431,0.84318,1.12,1.12
2017.03.27 17:12:53.955,0.84306,0.84313,1.00,1.00
2017.03.27 17:12:54.209,0.84306,0.84315,1.00,1.12
2017.03.27 17:12:54.743,0.84306,0.84314,1.00,1.12
2017.03.27 17:12:55.199,0.84306,0.84316,1.00,2.25
2017.03.27 17:12:55.705,0.84306,0.84315,1.00,1.12
2017.03.27 17:12:56.560,0.84308,0.84315,1.00,1.00
2017.03.27 17:12:56.814,0.84306,0.84315,1.50,1.37
2017.03.27 17:12:57.354,0.84306,0.84315,1.00,1.12
2017.03.27 17:12:58.748,0.84307,0.84313,1.00,1.00
2017.03.27 17:12:58.799,0.84303,0.84313,3.75,1.50
2017.03.27 17:12:58.850,0.84304,0.84311,1.00,1.00
2017.03.27 17:12:59.103,0.84303,0.84313,1.00,2.62
2017.03.27 17:12:59.204,0.84303,0.84311,1.00,1.37
2017.03.27 17:12:59.508,0.84303,0.84313,1.50,1.87
2017.03.27 17:12:59.559,0.84303,0.84312,1.50,1.37
2017.03.27 17:13:00.165,0.84303,0.84311,1.00,3.00
2017.03.27 17:13:00.676,0.84302,0.84312,1.50,3.75
2017.03.27 17:13:00.979,0.84302,0.84313,1.87,5.25
2017.03.27 17:13:01.131,0.84304,0.84313,1.00,5.62
2017.03.27 17:13:01.676,0.84304,0.84313,1.00,1.81
2017.03.27 17:13:02.009,0.84302,0.84312,1.00,2.93
2017.03.27 17:13:02.062,0.84302,0.84312,1.00,1.43
2017.03.27 17:13:02.113,0.84302,0.84312,1.00,1.43
2017.03.27 17:13:02.164,0.84302,0.84312,1.00,1.06
2017.03.27 17:13:02.367,0.84302,0.84312,1.00,4.50
2017.03.27 17:13:02.974,0.84304,0.84312,1.00,4.87
2017.03.27 17:13:03.477,0.84302,0.84312,1.00,1.43
2017.03.27 17:13:03.528,0.84301,0.84312,2.25,3.68
2017.03.27 17:13:03.804,0.84301,0.84312,1.87,2.18
2017.03.27 17:13:05.136,0.84301,0.8431,2.62,1.00
2017.03.27 17:13:08.600,0.843,0.84309,1.12,1.87
2017.03.27 17:13:09.127,0.84299,0.84309,1.00,2.18
2017.03.27 17:13:10.156,0.843,0.8431,1.00,4.87
2017.03.27 17:13:10.842,0.84301,0.8431,1.00,4.87
2017.03.27 17:13:13.186,0.84302,0.8431,1.00,4.12
2017.03.27 17:13:13.237,0.843,0.8431,1.50,4.12
2017.03.27 17:13:14.202,0.84301,0.8431,1.00,4.12
2017.03.27 17:13:15.245,0.84302,0.8431,1.00,3.75
2017.03.27 17:13:16.876,0.84302,0.84311,1.00,1.43
2017.03.27 17:13:18.366,0.84305,0.84312,1.00,4.12
2017.03.27 17:13:18.468,0.84307,0.84316,1.50,2.18
2017.03.27 17:13:18.918,0.8431,0.84318,1.00,1.87
2017.03.27 17:13:19.880,0.84308,0.84317,1.50,1.37
2017.03.27 17:13:20.674,0.84307,0.84315,1.50,1.37
2017.03.27 17:13:21.175,0.84307,0.84318,1.50,7.12
2017.03.27 17:13:21.882,0.84307,0.84316,1.50,1.43
2017.03.27 17:13:22.241,0.84307,0.84315,1.00,1.87
2017.03.27 17:13:22.342,0.84306,0.84315,1.87,1.37
2017.03.27 17:13:22.675,0.84306,0.84316,2.62,1.06
2017.03.27 17:13:22.878,0.84306,0.84316,1.50,1.43
2017.03.27 17:13:23.334,0.84305,0.84315,1.87,1.87
2017.03.27 17:13:23.968,0.84306,0.84315,1.00,1.12
2017.03.27 17:13:24.901,0.84306,0.84314,1.50,1.00
2017.03.27 17:13:25.778,0.84306,0.84316,1.50,1.43
2017.03.27 17:13:26.283,0.84307,0.84315,1.00,1.37
2017.03.27 17:13:26.787,0.84308,0.84316,1.12,1.12
2017.03.27 17:13:26.990,0.84308,0.84316,1.87,1.00
2017.03.27 17:13:27.501,0.84308,0.84316,1.87,1.37
2017.03.27 17:13:28.109,0.84308,0.84318,2.25,2.44
2017.03.27 17:13:28.614,0.84309,0.84318,1.87,1.12
2017.03.27 17:13:29.120,0.84311,0.84319,1.00,1.87
2017.03.27 17:13:29.221,0.84309,0.84319,2.62,1.87
2017.03.27 17:13:29.373,0.84309,0.84318,1.50,3.00
2017.03.27 17:13:29.914,0.84307,0.84317,1.87,1.50
2017.03.27 17:13:30.435,0.84307,0.84317,1.12,1.50
2017.03.27 17:13:32.417,0.84307,0.84315,1.12,1.00
2017.03.27 17:13:32.924,0.84308,0.84317,1.00,1.50
2017.03.27 17:13:34.168,0.84309,0.84318,1.12,1.37
2017.03.27 17:13:34.219,0.8431,0.84318,1.00,1.00
2017.03.27 17:13:37.426,0.8431,0.84318,1.00,1.37
2017.03.27 17:13:37.955,0.84309,0.84318,1.00,1.87
2017.03.27 17:13:38.817,0.84309,0.84318,1.87,1.87
2017.03.27 17:13:39.378,0.84309,0.84318,1.87,1.50
2017.03.27 17:13:40.395,0.84309,0.84318,2.62,1.00
2017.03.27 17:13:41.877,0.84311,0.84319,1.00,1.50
2017.03.27 17:13:42.383,0.84311,0.84319,1.00,1.12
2017.03.27 17:13:42.886,0.8431,0.8432,1.87,1.50
2017.03.27 17:13:43.423,0.8431,0.8432,1.87,1.50
2017.03.27 17:13:43.967,0.8431,0.84319,1.12,1.00
2017.03.27 17:13:44.018,0.8431,0.84319,1.12,4.12
2017.03.27 17:13:44.874,0.84309,0.84319,2.62,4.12
2017.03.27 17:13:45.469,0.84309,0.84319,2.62,4.12
2017.03.27 17:13:46.043,0.84309,0.84319,2.62,4.12
2017.03.27 17:13:46.559,0.8431,0.84319,1.00,4.12
2017.03.27 17:13:46.711,0.8431,0.8432,2.62,1.87
2017.03.27 17:13:47.085,0.8431,0.8432,2.62,1.37
2017.03.27 17:13:47.738,0.84311,0.8432,1.00,1.37
2017.03.27 17:13:48.267,0.84311,0.8432,1.87,1.37
2017.03.27 17:13:49.216,0.84311,0.8432,1.12,1.37
2017.03.27 17:13:49.526,0.8431,0.84319,1.87,1.87
2017.03.27 17:13:50.153,0.8431,0.84319,1.87,1.87
2017.03.27 17:13:52.039,0.8431,0.84318,1.87,1.00
2017.03.27 17:13:52.751,0.8431,0.84318,1.37,1.00
2017.03.27 17:13:53.224,0.84309,0.84318,2.62,1.00
2017.03.27 17:13:53.767,0.8431,0.8432,1.00,2.25
2017.03.27 17:13:54.423,0.8431,0.8432,1.37,2.25
2017.03.27 17:13:54.996,0.8431,0.84319,1.00,1.12
2017.03.27 17:13:55.047,0.8431,0.84319,1.12,2.62
2017.03.27 17:13:55.559,0.84309,0.84318,1.12,1.75
2017.03.27 17:13:56.770,0.84308,0.84314,1.87,1.00
2017.03.27 17:13:56.872,0.84305,0.84311,2.62,1.00
2017.03.27 17:13:57.832,0.84303,0.84311,2.25,1.00
2017.03.27 17:14:00.125,0.84303,0.84312,1.12,1.50
2017.03.27 17:14:01.559,0.84303,0.84312,1.50,1.50
2017.03.27 17:14:06.857,0.84303,0.84312,1.50,1.50
2017.03.27 17:14:08.206,0.84306,0.84314,1.00,1.75
2017.03.27 17:14:08.611,0.84306,0.84315,1.50,1.50
2017.03.27 17:14:09.144,0.84307,0.84317,1.00,1.37
2017.03.27 17:14:11.635,0.84308,0.84317,1.50,4.12
2017.03.27 17:14:11.738,0.84309,0.84317,1.00,1.00
2017.03.27 17:14:12.245,0.84308,0.84318,3.00,1.12
2017.03.27 17:14:12.816,0.84309,0.84318,1.87,1.37
2017.03.27 17:14:13.410,0.84309,0.84319,1.87,4.50
2017.03.27 17:14:14.834,0.84309,0.84319,1.87,2.25
2017.03.27 17:14:15.367,0.8431,0.8432,2.62,3.00
2017.03.27 17:14:15.893,0.8431,0.84319,2.25,1.50
2017.03.27 17:14:16.504,0.8431,0.84319,1.50,1.37
2017.03.27 17:14:17.050,0.8431,0.84319,1.50,1.87
2017.03.27 17:14:18.094,0.8431,0.84317,1.50,1.00
2017.03.27 17:14:21.652,0.8431,0.84316,1.00,1.37
2017.03.27 17:14:21.703,0.84308,0.84316,1.12,1.37
2017.03.27 17:14:22.258,0.84308,0.84317,1.50,2.25
2017.03.27 17:14:22.309,0.84308,0.84316,1.50,1.37
2017.03.27 17:14:22.799,0.84308,0.84316,1.50,1.12
2017.03.27 17:14:22.850,0.84308,0.84316,1.50,1.37
2017.03.27 17:14:23.173,0.84307,0.84316,2.25,1.37
2017.03.27 17:14:23.224,0.84307,0.84316,3.00,1.12
2017.03.27 17:14:23.733,0.84307,0.84317,2.25,1.50
2017.03.27 17:14:23.936,0.84308,0.84316,1.00,1.37
2017.03.27 17:14:24.364,0.84307,0.84316,3.00,1.37
2017.03.27 17:14:24.515,0.84307,0.84315,3.00,1.12
2017.03.27 17:14:24.861,0.84307,0.84317,2.25,1.50
2017.03.27 17:14:24.912,0.84307,0.84315,1.87,1.12
2017.03.27 17:14:25.463,0.84307,0.84315,1.87,2.62
2017.03.27 17:14:25.615,0.84306,0.84314,2.62,1.12
2017.03.27 17:14:26.020,0.84306,0.84314,2.62,1.12
2017.03.27 17:14:26.071,0.84307,0.84317,1.87,1.50
2017.03.27 17:14:26.923,0.84309,0.84317,1.00,2.62
2017.03.27 17:14:27.486,0.84309,0.84316,1.00,1.37
2017.03.27 17:14:29.440,0.84308,0.84316,1.87,1.37
2017.03.27 17:14:30.163,0.84309,0.84316,1.00,1.37
2017.03.27 17:14:30.470,0.84313,0.8432,1.12,1.00
2017.03.27 17:14:30.976,0.84312,0.84321,1.12,1.00
2017.03.27 17:14:31.507,0.84313,0.8432,1.00,1.00
2017.03.27 17:14:33.773,0.84312,0.8432,1.00,1.00
2017.03.27 17:14:33.823,0.84309,0.84317,3.19,1.00
2017.03.27 17:14:34.330,0.84313,0.84318,1.00,1.00
2017.03.27 17:14:34.482,0.84315,0.84321,1.00,1.00
2017.03.27 17:14:34.533,0.84315,0.84323,1.12,1.00
2017.03.27 17:14:34.939,0.84315,0.84324,1.37,1.37
2017.03.27 17:14:35.474,0.84315,0.84323,1.37,1.00
2017.03.27 17:14:35.778,0.84318,0.84326,1.87,1.12
2017.03.27 17:14:36.082,0.8432,0.84328,1.37,1.12
2017.03.27 17:14:36.388,0.84318,0.84323,1.37,1.00
2017.03.27 17:14:36.618,0.84318,0.84325,1.00,1.00
2017.03.27 17:14:36.669,0.84318,0.84325,1.00,2.62
2017.03.27 17:14:36.872,0.84316,0.84323,1.12,1.12
2017.03.27 17:14:36.974,0.84316,0.84321,1.00,1.00
2017.03.27 17:14:37.430,0.84316,0.84323,1.00,1.50
2017.03.27 17:14:37.583,0.84315,0.84322,1.00,1.37
2017.03.27 17:14:38.023,0.84313,0.84322,1.50,1.00
2017.03.27 17:14:38.572,0.84314,0.84321,1.00,1.12
2017.03.27 17:14:41.095,0.84314,0.84321,1.00,1.50
2017.03.27 17:14:42.552,0.84314,0.84321,1.00,1.00
2017.03.27 17:14:43.074,0.84314,0.8432,1.25,1.00
2017.03.27 17:14:43.624,0.84313,0.8432,1.00,1.12
2017.03.27 17:14:44.514,0.84314,0.8432,1.00,1.12
2017.03.27 17:14:45.746,0.84315,0.84321,1.12,1.50
2017.03.27 17:14:46.050,0.84316,0.84322,1.00,1.12
2017.03.27 17:14:46.202,0.84318,0.84323,1.00,1.00
2017.03.27 17:14:46.736,0.84318,0.84325,1.00,1.50
2017.03.27 17:14:48.143,0.84318,0.84325,1.00,1.00
2017.03.27 17:14:50.069,0.84316,0.84323,1.12,1.00
2017.03.27 17:14:50.315,0.84314,0.84322,1.50,1.00
2017.03.27 17:14:50.368,0.84313,0.8432,1.00,1.12
2017.03.27 17:14:50.722,0.84312,0.84318,1.00,1.00
2017.03.27 17:14:51.245,0.84312,0.84319,1.12,1.12
2017.03.27 17:14:52.051,0.84311,0.84319,1.50,1.87
2017.03.27 17:14:52.266,0.84311,0.84319,1.00,1.50
2017.03.27 17:14:52.317,0.84313,0.84319,1.00,1.00
2017.03.27 17:14:53.249,0.84311,0.84319,1.00,1.12
2017.03.27 17:14:53.765,0.84312,0.8432,1.12,1.37
2017.03.27 17:14:54.791,0.84312,0.8432,1.37,1.50
2017.03.27 17:14:55.264,0.84311,0.84318,1.50,1.37
2017.03.27 17:14:56.656,0.84311,0.84318,1.12,1.12
2017.03.27 17:14:57.166,0.84312,0.84318,1.00,1.50
2017.03.27 17:14:57.638,0.8431,0.84318,2.25,1.50
2017.03.27 17:14:58.362,0.84311,0.84318,1.00,1.50
2017.03.27 17:14:58.976,0.8431,0.84318,1.50,1.50
2017.03.27 17:14:59.527,0.84311,0.84318,1.00,1.12
2017.03.27 17:14:59.629,0.84313,0.84321,1.87,4.50
2017.03.27 17:14:59.776,0.84314,0.84322,1.00,1.50
2017.03.27 17:14:59.831,0.84316,0.84323,1.00,1.87
2017.03.27 17:15:00.533,0.84313,0.84322,1.87,1.50
2017.03.27 17:15:01.397,0.84313,0.84321,2.25,1.12
2017.03.27 17:15:01.929,0.84313,0.84321,1.00,1.12
2017.03.27 17:15:02.472,0.84312,0.84321,1.00,1.12
2017.03.27 17:15:03.523,0.84312,0.8432,1.50,1.00
2017.03.27 17:15:04.566,0.84311,0.8432,1.87,1.00
2017.03.27 17:15:05.119,0.84311,0.8432,1.50,1.12
2017.03.27 17:15:05.662,0.84311,0.8432,1.12,1.12
2017.03.27 17:15:06.629,0.84311,0.8432,1.50,1.00
2017.03.27 17:15:06.680,0.84312,0.84318,1.12,1.00
2017.03.27 17:15:07.280,0.84312,0.84319,1.12,1.00
2017.03.27 17:15:10.145,0.84312,0.8432,1.87,1.00
2017.03.27 17:15:10.690,0.84313,0.8432,1.00,1.00
2017.03.27 17:15:11.649,0.84313,0.84321,1.00,1.00
2017.03.27 17:15:13.571,0.84312,0.84319,1.00,1.00
2017.03.27 17:15:13.875,0.8431,0.84317,2.25,1.00
2017.03.27 17:15:14.737,0.8431,0.84317,1.87,1.00
2017.03.27 17:15:15.238,0.84309,0.84317,1.00,1.12
2017.03.27 17:15:15.885,0.84307,0.84315,2.25,1.37
2017.03.27 17:15:16.392,0.84307,0.84315,1.12,1.12
2017.03.27 17:15:19.839,0.84307,0.84315,1.50,1.00
2017.03.27 17:15:20.349,0.84307,0.84317,2.62,1.00
2017.03.27 17:15:20.450,0.84308,0.84315,1.12,1.00
2017.03.27 17:15:20.968,0.84307,0.84315,1.50,1.00
2017.03.27 17:15:21.478,0.84307,0.84315,2.25,1.00
2017.03.27 17:15:22.012,0.84307,0.84315,1.50,1.00
2017.03.27 17:15:22.528,0.84307,0.84314,1.00,1.00
2017.03.27 17:15:22.629,0.84307,0.84316,1.12,1.12
2017.03.27 17:15:23.182,0.84306,0.84315,1.87,1.00
2017.03.27 17:15:23.850,0.84306,0.84315,1.87,1.00
2017.03.27 17:15:24.373,0.84306,0.84315,1.87,1.12
2017.03.27 17:15:24.487,0.84306,0.84315,2.25,2.62
2017.03.27 17:15:24.539,0.84306,0.84315,1.87,1.12
2017.03.27 17:15:25.164,0.84306,0.84315,1.87,1.12
2017.03.27 17:15:27.204,0.84306,0.84315,1.87,1.87
2017.03.27 17:15:28.078,0.84306,0.84314,1.87,1.00
2017.03.27 17:15:28.380,0.84306,0.84312,1.12,1.00
2017.03.27 17:15:28.686,0.84302,0.84308,1.37,1.00
2017.03.27 17:15:28.737,0.843,0.84307,2.06,1.00
2017.03.27 17:15:28.936,0.843,0.84309,2.62,1.00
2017.03.27 17:15:29.088,0.843,0.84307,1.00,1.00
2017.03.27 17:15:29.590,0.843,0.84307,1.00,1.37
2017.03.27 17:15:30.098,0.84298,0.84305,2.25,1.00
2017.03.27 17:15:30.200,0.84297,0.84305,2.25,1.00
2017.03.27 17:15:30.352,0.84297,0.84303,1.00,1.00
2017.03.27 17:15:31.226,0.84296,0.84303,1.12,1.00
2017.03.27 17:15:32.163,0.84295,0.84301,3.00,1.00
2017.03.27 17:15:32.214,0.84295,0.84303,3.00,1.00
2017.03.27 17:15:32.894,0.84295,0.84302,3.00,1.00
2017.03.27 17:15:33.442,0.84295,0.84302,2.62,1.00
2017.03.27 17:15:33.645,0.84294,0.843,1.50,1.00
2017.03.27 17:15:35.496,0.84294,0.84301,1.87,1.00
2017.03.27 17:15:36.065,0.84295,0.84301,1.00,1.00
2017.03.27 17:15:36.409,0.84291,0.84297,1.87,1.00
2017.03.27 17:15:36.947,0.84291,0.84296,1.00,1.00
2017.03.27 17:15:39.854,0.84292,0.84298,1.00,1.00
2017.03.27 17:15:40.417,0.84292,0.84297,1.12,1.00
2017.03.27 17:15:40.865,0.84294,0.843,1.00,1.00
2017.03.27 17:15:40.916,0.84294,0.84301,2.62,1.00
2017.03.27 17:15:41.453,0.84295,0.84302,1.87,1.00
2017.03.27 17:15:42.904,0.84297,0.84302,1.00,1.00
2017.03.27 17:15:43.500,0.84297,0.84303,1.00,1.00
2017.03.27 17:15:44.141,0.84299,0.84304,1.00,1.00
2017.03.27 17:15:44.448,0.84293,0.84299,3.75,1.00
2017.03.27 17:15:44.549,0.84291,0.84298,1.75,1.00
2017.03.27 17:15:44.651,0.84289,0.84295,2.25,1.00
2017.03.27 17:15:45.221,0.84289,0.84297,1.87,1.00
2017.03.27 17:15:45.323,0.8429,0.84297,1.87,1.00
2017.03.27 17:15:45.872,0.8429,0.84298,1.87,1.00
2017.03.27 17:15:46.276,0.84292,0.84299,1.37,1.00
2017.03.27 17:15:46.819,0.84292,0.84299,1.00,1.00
2017.03.27 17:15:47.367,0.84291,0.843,1.87,1.00
2017.03.27 17:15:47.895,0.84292,0.843,1.00,1.00
2017.03.27 17:15:48.542,0.84293,0.843,1.00,1.00
2017.03.27 17:15:57.019,0.84294,0.84302,1.87,1.12
2017.03.27 17:15:57.525,0.84294,0.84301,1.12,1.00
2017.03.27 17:15:58.043,0.84293,0.84301,1.12,1.00
2017.03.27 17:15:58.668,0.84294,0.84301,1.12,1.00
2017.03.27 17:15:59.657,0.84293,0.84301,1.12,1.00
2017.03.27 17:16:00.100,0.84292,0.84299,1.87,1.00
2017.03.27 17:16:00.645,0.84292,0.84299,1.00,1.00
2017.03.27 17:16:01.196,0.84291,0.84299,1.50,1.00
2017.03.27 17:16:01.527,0.84291,0.84299,3.75,1.00
2017.03.27 17:16:02.325,0.84291,0.84299,1.87,1.00
2017.03.27 17:16:02.909,0.84291,0.84299,1.37,1.00
2017.03.27 17:16:03.212,0.8429,0.84299,1.50,1.00
2017.03.27 17:16:03.423,0.84293,0.843,1.00,1.12
2017.03.27 17:16:04.144,0.84293,0.84301,1.12,1.12
2017.03.27 17:16:04.590,0.84291,0.84301,2.56,1.87
2017.03.27 17:16:04.641,0.84291,0.84298,1.43,1.00
2017.03.27 17:16:05.161,0.8429,0.84298,1.12,1.00
2017.03.27 17:16:05.686,0.84291,0.84298,1.00,1.00
2017.03.27 17:16:05.855,0.84292,0.84301,1.37,1.00
2017.03.27 17:16:06.463,0.84292,0.84301,1.87,1.00
2017.03.27 17:16:07.077,0.84292,0.843,1.87,1.00
2017.03.27 17:16:07.330,0.8429,0.84299,2.93,1.00
2017.03.27 17:16:09.037,0.8429,0.84299,2.18,1.00
2017.03.27 17:16:09.539,0.8429,0.84299,1.50,1.12
2017.03.27 17:16:09.653,0.8429,0.84299,1.00,2.62
2017.03.27 17:16:10.219,0.84289,0.84298,2.25,1.37
2017.03.27 17:16:10.626,0.8429,0.84298,1.37,1.00
2017.03.27 17:16:11.213,0.8429,0.84298,1.12,1.00
2017.03.27 17:16:11.733,0.84289,0.84298,1.87,1.00
2017.03.27 17:16:12.728,0.8429,0.84298,1.12,1.00
2017.03.27 17:16:15.245,0.84291,0.84298,1.00,1.00
2017.03.27 17:16:16.098,0.8429,0.84298,1.12,1.12
2017.03.27 17:16:17.279,0.84289,0.84297,1.50,1.37
2017.03.27 17:16:17.863,0.84289,0.84297,1.87,1.12
2017.03.27 17:16:18.523,0.8429,0.84297,1.00,1.12
2017.03.27 17:16:19.347,0.84288,0.84297,2.62,1.37
2017.03.27 17:16:21.257,0.84288,0.84296,1.87,1.37
2017.03.27 17:16:21.724,0.84288,0.84295,1.87,1.87
2017.03.27 17:16:21.853,0.84288,0.84296,1.87,1.37
2017.03.27 17:16:22.380,0.84288,0.84296,1.37,1.00
2017.03.27 17:16:23.278,0.84289,0.84297,1.12,1.00
2017.03.27 17:16:23.804,0.8429,0.84297,1.50,1.00
2017.03.27 17:16:24.007,0.84291,0.84299,2.25,1.00
2017.03.27 17:16:24.540,0.84291,0.84298,1.00,1.00
2017.03.27 17:16:26.420,0.84292,0.84299,1.12,1.00
2017.03.27 17:16:26.928,0.84291,0.84299,1.50,1.00
2017.03.27 17:16:27.539,0.84293,0.843,1.00,1.00
2017.03.27 17:16:27.640,0.84293,0.84302,1.00,2.06
2017.03.27 17:16:28.646,0.84293,0.843,1.12,1.00
2017.03.27 17:16:28.950,0.84295,0.84302,1.00,1.31
2017.03.27 17:16:29.595,0.84295,0.84303,1.87,1.00
2017.03.27 17:16:30.102,0.84294,0.84303,2.25,1.00
2017.03.27 17:16:31.064,0.84295,0.84303,1.00,1.00
2017.03.27 17:16:35.460,0.84296,0.84303,1.00,1.00
2017.03.27 17:16:35.964,0.84295,0.84302,1.50,1.00
2017.03.27 17:16:42.915,0.84296,0.84302,1.00,1.00
2017.03.27 17:16:48.680,0.84294,0.84301,1.00,1.00
2017.03.27 17:16:48.883,0.84291,0.843,1.50,1.00
2017.03.27 17:16:51.406,0.84293,0.84303,1.87,1.31
2017.03.27 17:16:51.932,0.84295,0.84303,1.12,1.43
2017.03.27 17:16:52.967,0.84295,0.84302,1.00,3.75
2017.03.27 17:16:53.259,0.84294,0.84302,2.62,1.06
2017.03.27 17:16:54.398,0.84296,0.84305,1.12,3.75
2017.03.27 17:16:54.449,0.84299,0.84306,1.12,1.50
2017.03.27 17:16:54.500,0.84301,0.84306,1.00,1.00
2017.03.27 17:16:54.703,0.84304,0.84311,1.00,1.00
2017.03.27 17:16:55.209,0.84304,0.84312,1.00,1.25
2017.03.27 17:16:55.745,0.84304,0.84313,1.12,1.87
2017.03.27 17:16:56.004,0.84308,0.84315,1.00,2.06
2017.03.27 17:16:56.156,0.84308,0.84316,1.00,1.00
2017.03.27 17:16:56.738,0.84309,0.84316,1.12,1.00
2017.03.27 17:16:57.160,0.84307,0.84314,1.12,1.62
2017.03.27 17:16:57.697,0.84306,0.84314,1.12,1.62
2017.03.27 17:16:59.505,0.84306,0.84314,1.12,1.31
2017.03.27 17:17:00.426,0.84305,0.84314,2.25,1.69
2017.03.27 17:17:02.116,0.84305,0.84314,3.00,1.31
2017.03.27 17:17:03.512,0.84305,0.84314,3.00,1.37
2017.03.27 17:17:04.021,0.84306,0.84314,1.12,1.12
2017.03.27 17:17:04.919,0.84305,0.84314,1.00,1.69
2017.03.27 17:17:05.474,0.84304,0.84314,2.25,1.69
2017.03.27 17:17:05.778,0.84303,0.84312,1.12,2.06
2017.03.27 17:17:07.560,0.84302,0.84311,1.87,4.31
2017.03.27 17:17:07.813,0.84302,0.84312,1.50,2.44
2017.03.27 17:17:08.828,0.84304,0.84313,1.00,2.06
2017.03.27 17:17:09.618,0.84305,0.84314,1.37,1.69
2017.03.27 17:17:10.159,0.84305,0.84314,1.00,1.31
2017.03.27 17:17:12.411,0.84305,0.84314,1.50,1.25
2017.03.27 17:17:12.969,0.84305,0.84314,2.25,1.31
2017.03.27 17:17:13.071,0.84305,0.84314,2.25,1.69
2017.03.27 17:17:15.146,0.84305,0.84314,1.87,1.50
2017.03.27 17:17:15.317,0.84305,0.84314,1.87,1.12
2017.03.27 17:17:16.623,0.84305,0.84314,1.87,1.50
2017.03.27 17:17:20.840,0.84306,0.84315,1.00,2.81
2017.03.27 17:17:21.423,0.84306,0.84315,1.00,2.81
2017.03.27 17:17:21.599,0.84306,0.84311,1.00,1.00
2017.03.27 17:17:21.801,0.84304,0.84311,1.00,1.50
2017.03.27 17:17:22.675,0.84303,0.84311,2.62,1.00
2017.03.27 17:17:22.726,0.84305,0.84311,1.00,1.00
2017.03.27 17:17:24.323,0.84305,0.84313,1.50,1.69
2017.03.27 17:17:24.850,0.84304,0.84312,1.00,1.62
2017.03.27 17:17:25.390,0.84303,0.84311,1.87,1.50
2017.03.27 17:17:25.780,0.84303,0.84312,1.37,1.12
2017.03.27 17:17:26.159,0.84304,0.84312,2.62,1.37
2017.03.27 17:17:26.210,0.84304,0.84314,3.00,2.06
2017.03.27 17:17:26.569,0.84305,0.84313,1.00,1.87
2017.03.27 17:17:27.079,0.84304,0.84312,1.87,2.44
2017.03.27 17:17:27.894,0.84304,0.84312,1.87,2.06
2017.03.27 17:17:27.945,0.84305,0.84313,1.00,1.87
2017.03.27 17:17:28.422,0.84308,0.84316,1.87,2.06
2017.03.27 17:17:28.524,0.84308,0.84316,3.00,2.06
2017.03.27 17:17:28.575,0.84308,0.84316,1.87,1.62
2017.03.27 17:17:29.083,0.84308,0.84316,1.00,2.00
2017.03.27 17:17:29.592,0.84307,0.84316,3.00,4.69
2017.03.27 17:17:30.141,0.84307,0.84315,1.00,1.75
2017.03.27 17:17:30.647,0.84306,0.84313,1.87,1.31
2017.03.27 17:17:31.055,0.84304,0.84312,1.12,1.00
2017.03.27 17:17:31.951,0.84303,0.8431,2.62,1.00
2017.03.27 17:17:32.103,0.84302,0.8431,1.12,1.12
2017.03.27 17:17:37.839,0.84302,0.84309,1.87,1.00
2017.03.27 17:17:38.345,0.843,0.84309,2.25,1.12
2017.03.27 17:17:40.047,0.843,0.84308,1.12,1.00
2017.03.27 17:17:40.480,0.84299,0.84306,1.00,2.62
2017.03.27 17:17:40.531,0.84297,0.84303,1.00,1.00
2017.03.27 17:17:41.122,0.84296,0.84303,1.00,1.00
2017.03.27 17:17:41.577,0.84294,0.84302,1.50,1.69
2017.03.27 17:17:41.730,0.84296,0.84303,1.00,1.69
2017.03.27 17:17:42.907,0.84297,0.84303,1.00,1.00
2017.03.27 17:17:43.455,0.84297,0.84304,1.00,1.00
2017.03.27 17:17:43.800,0.84295,0.84302,1.87,1.00
2017.03.27 17:17:44.156,0.84294,0.84302,1.12,2.81
2017.03.27 17:17:44.258,0.84293,0.84301,1.00,2.06
2017.03.27 17:17:45.020,0.84293,0.84301,1.12,3.56
2017.03.27 17:17:45.071,0.84294,0.84301,1.00,1.00
2017.03.27 17:17:45.223,0.84297,0.84303,1.12,1.00
2017.03.27 17:17:45.786,0.84295,0.84303,1.12,2.06
2017.03.27 17:17:46.519,0.84295,0.84303,1.12,5.44
2017.03.27 17:17:46.620,0.84294,0.84303,1.50,2.44
2017.03.27 17:17:46.671,0.84294,0.84301,1.50,1.00
2017.03.27 17:17:47.033,0.84294,0.84301,2.62,1.75
2017.03.27 17:17:47.608,0.84293,0.843,1.50,1.37
2017.03.27 17:17:48.014,0.84294,0.84302,1.50,1.75
2017.03.27 17:17:48.796,0.84295,0.84302,1.50,1.75
2017.03.27 17:17:48.949,0.84295,0.84301,3.37,1.00
2017.03.27 17:17:49.153,0.84295,0.84304,3.00,4.50
2017.03.27 17:17:49.305,0.84295,0.84301,3.00,1.00
2017.03.27 17:17:49.508,0.84293,0.843,1.87,1.00
2017.03.27 17:17:49.812,0.84292,0.84298,1.00,1.00
2017.03.27 17:17:50.222,0.8429,0.84297,1.00,1.00
2017.03.27 17:17:51.027,0.84289,0.84297,1.00,1.00
2017.03.27 17:17:51.179,0.84289,0.84295,1.12,1.00
2017.03.27 17:17:51.534,0.84289,0.84298,1.12,1.50
2017.03.27 17:17:51.585,0.84289,0.84298,2.62,1.00
2017.03.27 17:17:51.909,0.84289,0.84296,1.00,1.00
2017.03.27 17:17:52.717,0.84291,0.84298,1.00,1.50
2017.03.27 17:17:52.973,0.84289,0.84298,1.50,1.87
2017.03.27 17:17:53.597,0.84289,0.84298,1.12,1.87
2017.03.27 17:17:54.463,0.84288,0.84298,1.12,1.87
2017.03.27 17:17:55.248,0.84289,0.84298,1.00,1.87
2017.03.27 17:17:55.819,0.84288,0.84298,1.00,1.87
2017.03.27 17:17:56.224,0.84291,0.84298,1.00,1.00
2017.03.27 17:17:56.275,0.84289,0.84298,1.12,1.00
2017.03.27 17:17:56.377,0.84291,0.84298,1.00,1.00
2017.03.27 17:17:56.883,0.8429,0.843,1.12,1.87
2017.03.27 17:17:57.940,0.84291,0.843,1.00,1.87
2017.03.27 17:17:58.358,0.84293,0.84301,1.87,1.50
2017.03.27 17:17:58.813,0.84294,0.84302,1.12,1.12
2017.03.27 17:17:59.801,0.84292,0.843,1.87,1.00
2017.03.27 17:17:59.853,0.84292,0.843,1.50,1.00
2017.03.27 17:18:00.118,0.84293,0.84303,1.00,1.87
2017.03.27 17:18:00.421,0.84293,0.84301,1.50,1.37
2017.03.27 17:18:00.890,0.84291,0.84298,2.62,1.00
2017.03.27 17:18:00.992,0.8429,0.84298,1.00,1.00
2017.03.27 17:18:01.498,0.8429,0.84299,1.87,1.12
2017.03.27 17:18:02.329,0.8429,0.84298,1.00,1.00
2017.03.27 17:18:03.477,0.84291,0.84298,1.00,1.00
2017.03.27 17:18:03.981,0.8429,0.84298,1.00,1.12
2017.03.27 17:18:04.362,0.84288,0.84296,2.62,1.00
2017.03.27 17:18:04.464,0.84287,0.84296,1.50,1.00
2017.03.27 17:18:04.515,0.84287,0.84294,1.00,1.00
2017.03.27 17:18:04.819,0.84288,0.84296,1.00,1.00
2017.03.27 17:18:05.122,0.84286,0.84295,2.62,1.00
2017.03.27 17:18:05.947,0.84286,0.84296,3.37,1.00
2017.03.27 17:18:06.472,0.84289,0.84297,1.12,1.12
2017.03.27 17:18:06.890,0.84291,0.84298,1.00,1.00
2017.03.27 17:18:07.399,0.84289,0.84298,1.87,1.00
2017.03.27 17:18:07.884,0.84288,0.84295,1.37,1.12
2017.03.27 17:18:07.986,0.84286,0.84295,2.25,1.12
2017.03.27 17:18:08.813,0.84286,0.84295,1.50,1.12
2017.03.27 17:18:09.325,0.84287,0.84295,1.37,1.00
2017.03.27 17:18:09.477,0.84287,0.84293,1.37,1.00
2017.03.27 17:18:09.737,0.84286,0.84293,2.62,1.00
2017.03.27 17:18:10.276,0.84286,0.84294,1.00,1.00
2017.03.27 17:18:11.221,0.84286,0.84294,1.37,1.00
2017.03.27 17:18:11.727,0.84284,0.84293,2.62,1.12
2017.03.27 17:18:12.526,0.84285,0.84292,1.00,1.00
2017.03.27 17:18:17.364,0.84284,0.84292,1.50,1.00
2017.03.27 17:18:17.415,0.84284,0.84294,1.37,1.50
2017.03.27 17:18:20.959,0.84284,0.84293,1.37,1.12
2017.03.27 17:18:22.430,0.84284,0.84293,1.00,1.12
2017.03.27 17:18:22.734,0.84284,0.84291,1.12,1.00
2017.03.27 17:18:24.395,0.84284,0.84294,1.87,1.25
2017.03.27 17:18:24.901,0.84284,0.84293,1.50,1.12
2017.03.27 17:18:25.436,0.84283,0.84292,2.25,1.50
2017.03.27 17:18:25.980,0.84283,0.84292,2.62,1.50
2017.03.27 17:18:27.482,0.84283,0.84292,2.25,1.00
2017.03.27 17:18:27.988,0.84283,0.84292,2.25,1.37
2017.03.27 17:18:28.039,0.84283,0.84292,2.25,1.37
2017.03.27 17:18:28.543,0.84283,0.84292,2.25,1.37
2017.03.27 17:18:28.858,0.84282,0.84291,1.87,2.62
2017.03.27 17:18:28.909,0.84282,0.84291,1.50,1.12
2017.03.27 17:18:29.061,0.84281,0.84288,1.00,1.87
2017.03.27 17:18:29.213,0.84279,0.84287,1.00,1.37
2017.03.27 17:18:29.382,0.84279,0.84285,1.00,1.87
2017.03.27 17:18:29.433,0.84278,0.84285,1.87,1.12
2017.03.27 17:18:29.958,0.84278,0.84287,2.62,1.62
2017.03.27 17:18:30.395,0.84279,0.84284,1.87,1.00
2017.03.27 17:18:30.496,0.84279,0.84288,1.50,1.37
2017.03.27 17:18:31.095,0.84279,0.84286,1.50,1.00
2017.03.27 17:18:31.585,0.84277,0.84284,2.62,1.00
2017.03.27 17:18:32.106,0.84279,0.84284,1.00,1.00
2017.03.27 17:18:32.157,0.84279,0.84286,1.00,1.00
2017.03.27 17:18:32.719,0.84277,0.84284,1.87,1.00
2017.03.27 17:18:33.236,0.84277,0.84284,1.00,1.00
2017.03.27 17:18:33.702,0.84277,0.84286,1.50,1.00
2017.03.27 17:18:34.058,0.84279,0.84288,1.00,1.87
2017.03.27 17:18:34.560,0.84279,0.84287,1.12,1.00
2017.03.27 17:18:35.239,0.84279,0.84287,1.87,1.37
2017.03.27 17:18:36.095,0.84279,0.84287,1.87,1.00
2017.03.27 17:18:36.766,0.84279,0.84287,1.87,1.37
2017.03.27 17:18:37.370,0.84279,0.84287,1.87,1.12
2017.03.27 17:18:38.476,0.8428,0.84288,1.00,1.00
2017.03.27 17:18:38.979,0.8428,0.84289,1.37,1.00
2017.03.27 17:18:39.564,0.8428,0.84288,1.00,1.00
2017.03.27 17:18:40.035,0.84278,0.84287,1.50,1.12
2017.03.27 17:18:40.607,0.84277,0.84287,2.62,1.12
2017.03.27 17:18:40.932,0.84277,0.84285,4.50,1.00
2017.03.27 17:18:42.104,0.84277,0.84287,3.00,1.12
2017.03.27 17:18:42.641,0.84278,0.84287,1.00,1.00
2017.03.27 17:18:43.444,0.84278,0.84287,1.37,1.00
2017.03.27 17:18:43.995,0.84279,0.84288,1.43,1.12
2017.03.27 17:18:44.525,0.84279,0.84287,1.43,1.00
2017.03.27 17:18:48.797,0.8428,0.84287,1.00,1.00
2017.03.27 17:18:49.615,0.84281,0.84289,1.12,1.00
2017.03.27 17:18:50.385,0.84281,0.84288,1.00,1.00
2017.03.27 17:18:50.937,0.8428,0.84288,1.50,1.00
2017.03.27 17:18:53.655,0.84281,0.84289,1.00,1.00
2017.03.27 17:18:53.807,0.84283,0.84291,1.00,1.00
2017.03.27 17:18:53.959,0.84285,0.84294,1.50,1.00
2017.03.27 17:18:54.462,0.84285,0.84292,1.00,1.00
2017.03.27 17:18:54.963,0.84285,0.84292,1.37,1.00
2017.03.27 17:18:55.276,0.84285,0.84294,1.37,1.00
2017.03.27 17:18:56.030,0.84284,0.84294,2.25,1.00
2017.03.27 17:18:57.317,0.84285,0.84294,1.37,1.37
2017.03.27 17:18:57.809,0.84285,0.84293,1.00,1.12
2017.03.27 17:19:00.012,0.84285,0.84293,1.37,1.12
2017.03.27 17:19:00.603,0.84285,0.84293,1.12,1.12
2017.03.27 17:19:01.619,0.84285,0.84294,1.12,1.50
2017.03.27 17:19:02.160,0.84285,0.84294,1.37,1.87
2017.03.27 17:19:02.908,0.84285,0.84294,1.12,1.87
2017.03.27 17:19:03.890,0.84285,0.84294,1.37,1.37
2017.03.27 17:19:04.004,0.84285,0.84294,1.37,1.37
2017.03.27 17:19:04.206,0.84284,0.84295,2.62,2.81
2017.03.27 17:19:04.769,0.84285,0.84294,1.12,1.37
2017.03.27 17:19:05.347,0.84285,0.84294,1.37,1.37
2017.03.27 17:19:05.865,0.84285,0.84294,1.00,1.87
2017.03.27 17:19:06.124,0.84284,0.84294,1.87,1.87
2017.03.27 17:19:06.635,0.84285,0.84294,1.37,1.12
2017.03.27 17:19:07.671,0.84285,0.84294,1.12,1.12
2017.03.27 17:19:08.024,0.84284,0.84293,1.37,1.37
2017.03.27 17:19:08.330,0.84283,0.84291,1.00,3.37
2017.03.27 17:19:08.484,0.8428,0.8429,3.00,1.12
2017.03.27 17:19:08.908,0.84284,0.84291,1.00,1.37
2017.03.27 17:19:08.959,0.84284,0.84294,2.62,1.87
2017.03.27 17:19:09.010,0.84286,0.84294,1.50,1.12
2017.03.27 17:19:09.516,0.84285,0.84295,3.00,1.00
2017.03.27 17:19:09.617,0.84286,0.84295,1.00,1.00
2017.03.27 17:19:10.299,0.84285,0.84295,1.12,2.06
2017.03.27 17:19:10.457,0.84285,0.84293,1.00,1.00
2017.03.27 17:19:11.069,0.84286,0.84295,1.12,1.62
2017.03.27 17:19:11.121,0.84286,0.84296,2.25,1.00
2017.03.27 17:19:11.222,0.84286,0.84294,2.25,1.00
2017.03.27 17:19:11.537,0.84286,0.84295,1.87,1.37
2017.03.27 17:19:11.639,0.84286,0.84294,1.37,1.12
2017.03.27 17:19:12.449,0.84285,0.84295,2.25,3.37
2017.03.27 17:19:12.928,0.84286,0.84295,1.00,1.50
2017.03.27 17:19:13.029,0.84287,0.84295,1.00,2.62
2017.03.27 17:19:13.080,0.84287,0.84295,1.00,1.00
2017.03.27 17:19:13.131,0.84287,0.84295,1.00,2.62
2017.03.27 17:19:13.633,0.84285,0.84295,1.87,1.37
2017.03.27 17:19:14.178,0.84285,0.84293,2.62,1.00
2017.03.27 17:19:15.597,0.84285,0.84293,2.62,1.00
2017.03.27 17:19:16.458,0.84285,0.84293,2.62,1.00
2017.03.27 17:19:16.993,0.84285,0.84293,2.62,1.00
2017.03.27 17:19:18.284,0.84285,0.84294,2.62,1.50
2017.03.27 17:19:18.799,0.84285,0.84294,2.25,1.50
2017.03.27 17:19:19.103,0.84288,0.84297,1.50,1.12
2017.03.27 17:19:19.205,0.84288,0.84297,1.50,1.12
2017.03.27 17:19:19.509,0.84287,0.84297,1.37,3.37
2017.03.27 17:19:20.017,0.84286,0.84295,2.25,1.12
2017.03.27 17:19:20.330,0.84289,0.84298,1.12,2.25
2017.03.27 17:19:20.432,0.84289,0.84298,1.12,1.00
2017.03.27 17:19:20.628,0.84289,0.84298,1.87,1.12
2017.03.27 17:19:21.184,0.8429,0.84299,1.37,1.12
2017.03.27 17:19:23.827,0.84291,0.84296,1.12,1.00
2017.03.27 17:19:24.131,0.84287,0.84293,2.62,1.00
2017.03.27 17:19:24.181,0.84287,0.84292,1.87,1.00
2017.03.27 17:19:24.536,0.84289,0.84295,1.50,1.00
2017.03.27 17:19:24.587,0.84293,0.84297,1.00,1.00
2017.03.27 17:19:24.790,0.8429,0.84296,1.50,1.00
2017.03.27 17:19:24.958,0.8429,0.84294,1.12,1.00
2017.03.27 17:19:25.312,0.8429,0.84296,1.50,1.00
2017.03.27 17:19:25.464,0.84289,0.84294,1.00,1.00
2017.03.27 17:19:25.768,0.84286,0.84292,1.50,1.00
2017.03.27 17:19:26.273,0.84288,0.84292,1.00,1.00
2017.03.27 17:19:26.786,0.84291,0.84295,1.00,1.00
2017.03.27 17:19:27.322,0.8429,0.84294,1.00,1.00
2017.03.27 17:19:27.825,0.84289,0.84294,2.62,1.00
2017.03.27 17:19:28.028,0.8429,0.84295,1.12,1.00
2017.03.27 17:19:28.079,0.84289,0.84294,2.62,1.00
2017.03.27 17:19:33.438,0.8429,0.84295,1.00,1.00
2017.03.27 17:19:37.030,0.84289,0.84293,1.00,1.00
2017.03.27 17:19:37.284,0.84291,0.84296,1.00,1.00
2017.03.27 17:19:37.335,0.84291,0.84298,1.00,1.00
2017.03.27 17:19:37.611,0.84293,0.84297,1.12,1.00
2017.03.27 17:19:37.965,0.84293,0.843,1.00,1.00
2017.03.27 17:19:38.016,0.84293,0.843,1.37,1.00
2017.03.27 17:19:38.544,0.84294,0.84301,1.87,1.00
2017.03.27 17:19:39.011,0.84294,0.84299,1.87,1.00
2017.03.27 17:19:39.536,0.84293,0.84298,3.00,1.00
2017.03.27 17:19:39.638,0.84291,0.84296,1.37,1.00
2017.03.27 17:19:40.310,0.84289,0.84295,3.75,1.00
2017.03.27 17:19:40.840,0.84289,0.84294,1.87,1.00
2017.03.27 17:19:41.424,0.84287,0.84293,1.12,1.00
2017.03.27 17:19:41.945,0.84287,0.84292,1.00,1.00
2017.03.27 17:19:43.378,0.84287,0.84292,1.87,1.00
2017.03.27 17:19:47.303,0.84285,0.84292,2.25,1.12
2017.03.27 17:19:47.354,0.84285,0.8429,1.12,1.00
2017.03.27 17:19:48.421,0.84284,0.84289,1.00,1.00
2017.03.27 17:19:48.523,0.84283,0.84287,1.50,1.00
2017.03.27 17:19:49.561,0.84282,0.84287,1.12,1.00
2017.03.27 17:19:49.865,0.84282,0.84289,1.00,1.12
2017.03.27 17:19:49.916,0.84282,0.84289,1.37,1.12
2017.03.27 17:19:50.219,0.84282,0.84287,1.87,1.00
2017.03.27 17:19:51.593,0.84282,0.84287,1.12,1.00
2017.03.27 17:19:51.695,0.8428,0.84286,1.50,1.00
2017.03.27 17:19:52.263,0.8428,0.84286,1.50,1.00
2017.03.27 17:19:52.911,0.84281,0.84285,1.12,1.00
2017.03.27 17:19:54.188,0.84279,0.84285,1.50,1.00
2017.03.27 17:19:54.239,0.84278,0.84283,3.00,1.00
2017.03.27 17:19:54.508,0.8428,0.84286,1.12,1.00
2017.03.27 17:19:55.014,0.84281,0.84287,1.12,1.00
2017.03.27 17:19:55.319,0.8428,0.84285,1.12,1.00
2017.03.27 17:19:55.658,0.84278,0.84283,3.37,1.00
2017.03.27 17:19:56.174,0.8428,0.84285,1.00,1.00
2017.03.27 17:19:56.695,0.8428,0.84286,1.87,1.00
2017.03.27 17:19:57.202,0.8428,0.84287,1.50,1.00
2017.03.27 17:19:57.405,0.84281,0.84287,1.87,1.00
2017.03.27 17:19:57.913,0.84281,0.84286,1.87,1.00
2017.03.27 17:19:58.427,0.84281,0.84285,1.50,1.00
2017.03.27 17:19:58.651,0.8428,0.84284,2.25,1.00
2017.03.27 17:19:59.005,0.8428,0.84286,1.00,1.00
2017.03.27 17:19:59.554,0.8428,0.84285,1.50,1.00
2017.03.27 17:20:00.093,0.84279,0.84283,1.00,1.00
2017.03.27 17:20:00.364,0.84277,0.84283,3.56,1.00
2017.03.27 17:20:00.865,0.84277,0.84283,2.81,1.00
2017.03.27 17:20:04.068,0.84278,0.84283,1.62,1.00
2017.03.27 17:20:04.371,0.84278,0.84285,2.06,1.00
2017.03.27 17:20:04.813,0.84278,0.84283,2.44,1.00
2017.03.27 17:20:05.561,0.8428,0.84284,1.00,1.00
2017.03.27 17:20:05.872,0.84277,0.84282,5.62,1.00
2017.03.27 17:20:06.378,0.84278,0.84282,1.50,1.00
2017.03.27 17:20:06.683,0.84278,0.84282,1.00,1.00
2017.03.27 17:20:06.734,0.84278,0.84282,1.00,1.00
2017.03.27 17:20:07.807,0.84277,0.84282,1.00,1.00
2017.03.27 17:20:09.211,0.84276,0.84282,4.87,1.00
2017.03.27 17:20:13.554,0.84276,0.84282,1.50,1.00
2017.03.27 17:20:14.679,0.84276,0.84283,1.50,1.00
2017.03.27 17:20:14.781,0.84278,0.84284,1.00,1.00
2017.03.27 17:20:17.497,0.84278,0.84283,1.00,1.00
2017.03.27 17:20:18.640,0.84278,0.84283,1.37,1.00
2017.03.27 17:20:19.340,0.84278,0.84283,1.50,1.00
2017.03.27 17:20:19.872,0.84277,0.84283,2.62,1.00
2017.03.27 17:20:20.623,0.84277,0.84282,1.00,1.00
2017.03.27 17:20:21.143,0.84276,0.84282,2.25,1.00
2017.03.27 17:20:21.659,0.84277,0.84284,1.50,1.00
2017.03.27 17:20:21.790,0.84277,0.84282,1.50,1.00
2017.03.27 17:20:27.374,0.84279,0.84284,1.50,1.00
2017.03.27 17:20:27.883,0.84282,0.84287,1.00,1.00
2017.03.27 17:20:28.187,0.84281,0.84286,2.25,1.00
2017.03.27 17:20:30.942,0.84282,0.84287,1.87,1.00
2017.03.27 17:20:31.466,0.84282,0.84287,2.25,1.00
2017.03.27 17:20:32.775,0.84284,0.84289,1.12,1.00
2017.03.27 17:20:33.129,0.84283,0.84287,1.00,1.00
2017.03.27 17:20:33.332,0.84284,0.84289,1.00,1.00
2017.03.27 17:20:34.769,0.84283,0.84287,1.00,1.00
2017.03.27 17:20:35.416,0.84282,0.84287,1.00,1.00
2017.03.27 17:20:36.031,0.84283,0.84287,1.00,1.00
2017.03.27 17:20:36.782,0.84282,0.84287,1.00,1.00
2017.03.27 17:20:37.109,0.84281,0.84285,1.00,1.00
2017.03.27 17:20:38.490,0.8428,0.84285,3.00,1.00
2017.03.27 17:20:39.431,0.84281,0.84286,1.00,1.00
2017.03.27 17:20:39.915,0.8428,0.84285,3.00,1.00
2017.03.27 17:20:42.191,0.84279,0.84284,1.00,1.00
2017.03.27 17:20:42.292,0.84277,0.84282,3.00,1.00
2017.03.27 17:20:42.444,0.84278,0.84283,1.87,1.00
2017.03.27 17:20:43.264,0.84277,0.84281,1.12,1.00
2017.03.27 17:20:43.315,0.84276,0.84281,1.00,1.00
2017.03.27 17:20:43.366,0.84275,0.8428,1.50,1.00
2017.03.27 17:20:43.417,0.84276,0.84281,1.12,1.00
2017.03.27 17:20:44.230,0.84277,0.84281,1.00,1.00
2017.03.27 17:20:44.618,0.84277,0.84283,1.12,1.00
2017.03.27 17:20:45.128,0.84275,0.84282,1.37,1.00
2017.03.27 17:20:45.310,0.84275,0.8428,1.12,1.00
2017.03.27 17:20:45.917,0.84275,0.8428,1.37,1.00
2017.03.27 17:20:46.565,0.84275,0.84281,1.37,1.00
2017.03.27 17:20:47.074,0.84275,0.8428,1.00,1.00
2017.03.27 17:20:48.430,0.84277,0.84282,1.12,1.00
2017.03.27 17:20:49.078,0.84276,0.84282,1.00,1.00
2017.03.27 17:20:49.382,0.84271,0.84275,2.62,1.00
2017.03.27 17:20:49.484,0.84271,0.84277,1.00,1.00
2017.03.27 17:20:49.535,0.84271,0.84275,1.12,1.00
2017.03.27 17:20:49.637,0.84269,0.84273,1.50,1.00
2017.03.27 17:20:49.741,0.84274,0.84279,1.00,1.12
2017.03.27 17:20:50.095,0.84272,0.84277,3.00,1.00
2017.03.27 17:20:50.624,0.84272,0.84278,2.25,1.00
2017.03.27 17:20:51.142,0.84272,0.84277,1.87,1.00
2017.03.27 17:20:51.687,0.84273,0.84278,1.12,1.00
2017.03.27 17:20:52.293,0.84272,0.84277,1.37,1.00
2017.03.27 17:20:53.218,0.84272,0.84279,2.62,1.00
2017.03.27 17:20:53.929,0.84274,0.8428,1.87,1.00
2017.03.27 17:20:54.385,0.84274,0.84279,1.12,1.00
2017.03.27 17:20:56.205,0.84274,0.84279,1.12,1.00
2017.03.27 17:20:56.309,0.84276,0.84282,1.00,1.00
2017.03.27 17:20:56.412,0.84277,0.84285,1.00,1.12
2017.03.27 17:20:56.463,0.84277,0.84283,1.00,1.00
2017.03.27 17:20:56.996,0.84278,0.84282,1.00,1.00
2017.03.27 17:20:57.047,0.84278,0.84284,1.00,1.00
2017.03.27 17:20:57.170,0.84278,0.84282,1.00,1.00
2017.03.27 17:20:57.607,0.84278,0.84284,1.00,1.00
2017.03.27 17:20:58.089,0.84277,0.84282,1.12,1.00
2017.03.27 17:20:59.392,0.84278,0.84282,1.00,1.00
2017.03.27 17:20:59.558,0.84278,0.84285,2.62,1.12
2017.03.27 17:20:59.656,0.84278,0.84283,2.62,1.00
2017.03.27 17:21:00.175,0.84278,0.84284,2.25,1.00
2017.03.27 17:21:00.765,0.84278,0.84283,1.50,1.00
2017.03.27 17:21:01.289,0.84278,0.84283,1.12,1.00
2017.03.27 17:21:01.826,0.84278,0.84285,1.00,1.12
2017.03.27 17:21:06.614,0.84277,0.84284,2.62,1.00
2017.03.27 17:21:06.766,0.84277,0.84282,1.50,1.00
2017.03.27 17:21:07.272,0.84278,0.84283,1.00,1.00
2017.03.27 17:21:07.588,0.84276,0.84283,1.87,1.00
2017.03.27 17:21:07.943,0.84279,0.84285,1.00,1.00
2017.03.27 17:21:08.266,0.84277,0.84284,2.62,1.00
2017.03.27 17:21:08.629,0.84279,0.84284,1.00,1.00
2017.03.27 17:21:09.743,0.84278,0.84282,1.00,1.00
2017.03.27 17:21:10.265,0.84279,0.84283,1.00,1.00
2017.03.27 17:21:11.224,0.84278,0.84283,1.00,1.00
2017.03.27 17:21:11.756,0.84278,0.84282,1.00,1.00
2017.03.27 17:21:12.528,0.84278,0.84283,1.12,1.00
2017.03.27 17:21:12.978,0.84275,0.8428,3.00,1.00
2017.03.27 17:21:13.030,0.84277,0.84281,1.00,1.00
2017.03.27 17:21:13.530,0.84277,0.84283,1.12,1.00
2017.03.27 17:21:14.038,0.84277,0.84282,1.00,1.00
2017.03.27 17:21:16.607,0.84276,0.84282,1.50,1.00
2017.03.27 17:21:16.708,0.84276,0.8428,1.00,1.00
2017.03.27 17:21:16.911,0.84276,0.84283,1.00,1.00
2017.03.27 17:21:17.063,0.84278,0.84287,1.87,1.00
2017.03.27 17:21:17.165,0.8428,0.84287,1.37,1.00
2017.03.27 17:21:17.678,0.8428,0.84287,1.00,1.50
2017.03.27 17:21:18.352,0.8428,0.84284,1.00,1.00
2017.03.27 17:21:18.706,0.8428,0.84286,1.00,1.12
2017.03.27 17:21:19.257,0.84279,0.84287,1.87,1.12
2017.03.27 17:21:21.111,0.84278,0.84285,1.87,1.00
2017.03.27 17:21:21.264,0.84276,0.84284,3.75,1.00
2017.03.27 17:21:21.813,0.84276,0.84284,2.62,1.00
2017.03.27 17:21:23.610,0.84278,0.84285,1.00,1.00
2017.03.27 17:21:24.834,0.84278,0.84286,1.12,1.87
2017.03.27 17:21:25.354,0.84278,0.84285,1.12,1.00
2017.03.27 17:21:26.993,0.84278,0.84286,1.50,1.00
2017.03.27 17:21:27.593,0.84279,0.84287,1.00,1.12
2017.03.27 17:21:32.775,0.84279,0.84286,1.50,1.00
2017.03.27 17:21:33.329,0.84279,0.84287,1.50,1.00
2017.03.27 17:21:35.054,0.8428,0.84288,1.50,1.00
2017.03.27 17:21:35.564,0.84281,0.84288,1.00,1.00
2017.03.27 17:21:36.071,0.84282,0.84289,1.12,1.00
2017.03.27 17:21:36.375,0.84282,0.84287,1.00,1.00
2017.03.27 17:21:37.120,0.84281,0.84287,1.12,1.00
2017.03.27 17:21:37.906,0.84281,0.84288,1.12,1.00
2017.03.27 17:21:39.372,0.84282,0.84288,1.00,1.00
2017.03.27 17:21:41.661,0.84282,0.84288,1.37,1.00
2017.03.27 17:21:41.923,0.84284,0.84292,1.12,1.00
2017.03.27 17:21:41.974,0.84284,0.8429,1.50,1.00
2017.03.27 17:21:42.025,0.84284,0.84292,1.37,1.00
2017.03.27 17:21:42.177,0.84284,0.8429,1.50,1.00
2017.03.27 17:21:42.691,0.84284,0.84291,1.87,1.00
2017.03.27 17:21:43.537,0.84283,0.8429,1.37,1.00
2017.03.27 17:21:44.594,0.84284,0.84291,1.37,1.00
2017.03.27 17:21:44.900,0.84283,0.84291,1.12,1.00
2017.03.27 17:21:44.951,0.84284,0.8429,1.37,1.00
2017.03.27 17:21:45.002,0.84284,0.84292,1.37,1.00
2017.03.27 17:21:45.731,0.84284,0.84293,1.87,1.00
2017.03.27 17:21:46.254,0.84285,0.84294,4.12,1.00
2017.03.27 17:21:46.365,0.84286,0.84292,3.37,1.00
2017.03.27 17:21:46.416,0.84286,0.84294,3.37,1.00
2017.03.27 17:21:46.669,0.84287,0.84292,1.00,1.00
2017.03.27 17:21:47.143,0.84286,0.84295,3.37,1.00
2017.03.27 17:21:47.687,0.84288,0.84294,1.12,1.00
2017.03.27 17:21:49.494,0.84286,0.84294,1.00,1.00
2017.03.27 17:21:49.595,0.84286,0.84292,1.00,1.00
2017.03.27 17:21:49.798,0.84283,0.84292,3.00,1.00
2017.03.27 17:21:49.849,0.84283,0.8429,3.00,1.00
2017.03.27 17:21:50.165,0.84285,0.84292,1.00,1.00
2017.03.27 17:21:50.781,0.84286,0.84292,1.00,1.00
2017.03.27 17:21:50.832,0.84286,0.84294,1.50,1.00
2017.03.27 17:21:51.386,0.84287,0.84295,1.00,1.00
2017.03.27 17:21:51.835,0.84289,0.84295,1.00,1.00
2017.03.27 17:21:52.342,0.84289,0.84296,1.00,1.25
2017.03.27 17:21:52.673,0.84289,0.84294,1.00,1.00
2017.03.27 17:21:53.428,0.8429,0.84294,1.00,1.00
2017.03.27 17:21:53.974,0.8429,0.84295,1.50,1.00
2017.03.27 17:21:54.076,0.8429,0.84298,2.62,1.00
2017.03.27 17:21:54.583,0.8429,0.84297,1.12,1.00
2017.03.27 17:21:55.152,0.84291,0.84297,1.00,1.00
2017.03.27 17:21:55.660,0.8429,0.84297,1.00,1.00
2017.03.27 17:21:55.973,0.84289,0.84295,2.62,1.00
2017.03.27 17:21:57.160,0.84289,0.84297,1.87,1.00
2017.03.27 17:21:57.844,0.84289,0.84297,2.62,1.00
2017.03.27 17:21:58.481,0.8429,0.84297,1.00,1.00
2017.03.27 17:22:02.078,0.84289,0.84297,1.12,1.00
2017.03.27 17:22:02.250,0.84288,0.84295,2.25,1.12
2017.03.27 17:22:02.757,0.84289,0.84296,1.50,1.00
2017.03.27 17:22:03.287,0.84289,0.84295,1.50,1.00
2017.03.27 17:22:05.145,0.84289,0.84297,1.50,1.00
2017.03.27 17:22:05.673,0.84292,0.84299,1.00,1.12
2017.03.27 17:22:05.876,0.84292,0.84301,3.00,1.12
2017.03.27 17:22:06.628,0.84294,0.84302,1.50,1.00
2017.03.27 17:22:09.577,0.84298,0.84307,1.37,1.50
2017.03.27 17:22:09.883,0.84297,0.84305,1.12,1.12
2017.03.27 17:22:10.059,0.84297,0.84303,1.00,1.00
2017.03.27 17:22:10.656,0.84296,0.84303,1.50,1.00
2017.03.27 17:22:11.233,0.84296,0.84302,1.50,1.00
2017.03.27 17:22:12.814,0.84298,0.84306,1.00,1.37
2017.03.27 17:22:13.315,0.84298,0.84306,1.00,1.00
2017.03.27 17:22:20.137,0.84299,0.84306,1.00,1.00
2017.03.27 17:22:21.402,0.84301,0.84306,1.00,1.00
2017.03.27 17:22:22.172,0.84301,0.84307,1.00,1.00
2017.03.27 17:22:22.486,0.84303,0.84309,1.00,1.00
2017.03.27 17:22:23.344,0.84303,0.8431,1.00,1.00
2017.03.27 17:22:24.155,0.84303,0.84311,1.00,1.87
2017.03.27 17:22:24.486,0.84307,0.84313,1.00,2.62
2017.03.27 17:22:24.717,0.84304,0.84311,1.00,1.00
2017.03.27 17:22:25.223,0.84303,0.8431,1.00,1.00
2017.03.27 17:22:32.507,0.84303,0.84309,1.00,1.00
2017.03.27 17:22:33.760,0.84302,0.84307,1.00,1.00
2017.03.27 17:22:34.268,0.84303,0.84309,1.00,1.00
2017.03.27 17:22:39.015,0.84303,0.8431,1.00,1.12
2017.03.27 17:22:39.904,0.84303,0.84309,1.00,1.00
2017.03.27 17:22:41.319,0.84303,0.8431,1.00,1.00
2017.03.27 17:22:42.957,0.84303,0.84309,1.00,1.00
2017.03.27 17:22:43.341,0.84305,0.84309,1.00,1.00
2017.03.27 17:22:43.589,0.84303,0.84309,1.00,1.00
2017.03.27 17:22:44.226,0.84303,0.8431,1.00,1.12
2017.03.27 17:22:48.190,0.84302,0.8431,1.00,1.31
2017.03.27 17:22:49.117,0.84302,0.84309,1.00,1.37
2017.03.27 17:22:49.219,0.843,0.84307,1.00,1.69
2017.03.27 17:22:49.755,0.84299,0.84307,1.00,1.69
2017.03.27 17:22:49.995,0.84299,0.84305,1.00,1.62
2017.03.27 17:22:50.498,0.84298,0.84305,1.00,1.62
2017.03.27 17:22:50.853,0.84296,0.84304,1.00,1.12
2017.03.27 17:22:51.151,0.84299,0.84303,1.00,1.00
2017.03.27 17:22:51.203,0.84295,0.84302,1.00,1.62
2017.03.27 17:22:51.305,0.84292,0.843,1.00,1.12
2017.03.27 17:22:51.356,0.84292,0.843,1.00,1.62
2017.03.27 17:22:51.875,0.84293,0.843,1.00,1.69
2017.03.27 17:22:53.503,0.84294,0.84301,1.00,1.25
2017.03.27 17:22:54.302,0.84294,0.84301,1.00,1.69
2017.03.27 17:22:54.851,0.84294,0.84301,1.00,2.06
2017.03.27 17:22:59.922,0.84295,0.84302,1.00,1.69
2017.03.27 17:22:59.974,0.84297,0.84302,1.00,1.12
2017.03.27 17:23:00.530,0.84298,0.84302,1.00,1.00
2017.03.27 17:23:00.794,0.84296,0.84303,1.00,1.69
2017.03.27 17:23:01.170,0.84294,0.84301,1.00,1.62
2017.03.27 17:23:01.221,0.84294,0.84301,1.00,1.31
2017.03.27 17:23:01.666,0.84296,0.84302,1.00,2.81
2017.03.27 17:23:02.173,0.84295,0.84301,1.00,1.25
2017.03.27 17:23:02.477,0.84294,0.84299,1.00,1.00
2017.03.27 17:23:03.548,0.84294,0.843,1.00,1.00
2017.03.27 17:23:04.556,0.84294,0.84301,1.00,1.25
2017.03.27 17:23:05.534,0.84296,0.84303,1.00,2.06
2017.03.27 17:23:05.840,0.84298,0.84304,1.00,1.69
2017.03.27 17:23:06.545,0.84298,0.84303,1.00,1.00
2017.03.27 17:23:06.849,0.84296,0.84303,1.00,1.37
2017.03.27 17:23:06.900,0.84296,0.84303,1.00,1.12
2017.03.27 17:23:07.052,0.84295,0.84302,1.00,1.37
2017.03.27 17:23:07.560,0.84296,0.84302,1.00,1.62
2017.03.27 17:23:09.043,0.84295,0.84301,1.00,1.12
2017.03.27 17:23:09.460,0.84295,0.84299,1.00,1.00
2017.03.27 17:23:10.168,0.84295,0.843,1.00,1.00
2017.03.27 17:23:10.674,0.84295,0.84302,1.00,2.06
2017.03.27 17:23:18.561,0.84294,0.84301,1.00,1.00
2017.03.27 17:23:18.864,0.84296,0.84303,1.00,1.37
2017.03.27 17:23:18.915,0.84296,0.84303,1.00,1.12
2017.03.27 17:23:19.584,0.84295,0.84303,1.00,1.12
2017.03.27 17:23:19.789,0.84294,0.84302,1.12,1.37
2017.03.27 17:23:19.840,0.84294,0.84302,1.12,1.00
2017.03.27 17:23:22.333,0.84296,0.84304,1.00,3.19
2017.03.27 17:23:22.835,0.84297,0.84304,1.00,1.69
2017.03.27 17:23:23.394,0.84297,0.84304,1.00,1.00
2017.03.27 17:23:25.615,0.84297,0.84303,1.00,1.00
2017.03.27 17:23:27.209,0.84297,0.84303,1.00,1.37
2017.03.27 17:23:27.260,0.84297,0.84303,1.00,1.00
2017.03.27 17:23:27.767,0.84297,0.84304,1.00,1.12
2017.03.27 17:23:32.099,0.84297,0.84304,1.00,2.06
2017.03.27 17:23:32.788,0.84297,0.84303,1.00,1.62
2017.03.27 17:23:32.991,0.84299,0.84303,1.00,1.25
2017.03.27 17:23:33.773,0.84299,0.84305,1.00,2.06
2017.03.27 17:23:34.278,0.84296,0.84303,1.00,1.12
2017.03.27 17:23:34.778,0.84295,0.84303,1.00,2.06
2017.03.27 17:23:35.325,0.84295,0.84302,1.00,1.31
2017.03.27 17:23:36.985,0.84295,0.84301,1.00,1.00
2017.03.27 17:23:37.530,0.84294,0.84302,1.00,1.69
2017.03.27 17:23:39.274,0.84293,0.843,1.00,1.62
2017.03.27 17:23:39.813,0.84292,0.843,1.00,1.00
2017.03.27 17:23:40.324,0.84292,0.84301,1.00,1.25
2017.03.27 17:23:41.214,0.84292,0.843,1.00,1.00
2017.03.27 17:23:41.744,0.84293,0.84301,1.00,1.69
2017.03.27 17:23:42.476,0.84293,0.84301,1.00,1.12
2017.03.27 17:23:42.892,0.84293,0.84301,1.00,2.81
2017.03.27 17:23:44.908,0.84292,0.84299,1.00,1.00
2017.03.27 17:23:45.436,0.84291,0.84299,1.00,1.69
2017.03.27 17:23:45.983,0.84292,0.843,1.00,3.19
2017.03.27 17:23:47.197,0.84293,0.843,1.00,2.44
2017.03.27 17:23:48.475,0.84293,0.843,1.00,1.69
2017.03.27 17:23:51.039,0.84294,0.84302,1.00,2.44
2017.03.27 17:23:51.242,0.84295,0.84303,1.00,2.44
2017.03.27 17:23:51.344,0.84294,0.84302,1.00,3.94
2017.03.27 17:23:52.918,0.84294,0.84302,1.00,2.44
2017.03.27 17:23:53.626,0.84294,0.84302,1.00,3.19
2017.03.27 17:23:56.405,0.84294,0.843,1.00,2.44
2017.03.27 17:23:56.506,0.84294,0.843,1.00,1.25
2017.03.27 17:23:56.716,0.84293,0.84299,1.00,1.87
2017.03.27 17:23:56.767,0.84291,0.84298,1.00,1.12
2017.03.27 17:23:57.273,0.8429,0.84298,1.00,3.19
2017.03.27 17:23:57.854,0.84292,0.84299,1.00,3.94
2017.03.27 17:23:58.364,0.84292,0.84299,1.00,2.44
2017.03.27 17:23:58.947,0.84292,0.84298,1.00,1.69
2017.03.27 17:23:58.998,0.8429,0.84298,1.00,1.69
2017.03.27 17:23:59.151,0.84293,0.84298,1.00,1.12
2017.03.27 17:24:00.116,0.8429,0.84299,1.00,3.56
2017.03.27 17:24:00.521,0.8429,0.84297,1.00,3.94
2017.03.27 17:24:00.674,0.84288,0.84295,1.00,1.69
2017.03.27 17:24:00.826,0.84286,0.84294,1.00,2.06
2017.03.27 17:24:00.927,0.84286,0.84292,1.00,2.25
2017.03.27 17:24:01.433,0.84286,0.84291,1.00,1.31
2017.03.27 17:24:01.699,0.84283,0.84291,1.00,2.81
2017.03.27 17:24:01.751,0.84283,0.8429,1.00,2.25
2017.03.27 17:24:01.802,0.84283,0.8429,1.00,1.00
2017.03.27 17:24:02.309,0.84283,0.84291,1.00,1.31
2017.03.27 17:24:03.198,0.84284,0.84289,1.00,1.31
2017.03.27 17:24:03.744,0.84284,0.8429,1.00,1.31
2017.03.27 17:24:04.003,0.84282,0.8429,1.00,2.06
2017.03.27 17:24:04.257,0.84284,0.8429,1.00,2.44
2017.03.27 17:24:04.784,0.84283,0.8429,1.00,2.06
2017.03.27 17:24:05.091,0.84281,0.84288,1.00,1.69
2017.03.27 17:24:05.502,0.8428,0.84286,1.00,1.31
2017.03.27 17:24:06.413,0.84279,0.84286,1.00,1.31
2017.03.27 17:24:06.616,0.84277,0.84286,1.50,2.06
2017.03.27 17:24:07.126,0.84278,0.84287,1.00,2.44
2017.03.27 17:24:07.380,0.84276,0.84287,2.62,2.06
2017.03.27 17:24:08.404,0.84276,0.84286,1.12,2.81
2017.03.27 17:24:08.676,0.84278,0.84286,1.00,2.06
2017.03.27 17:24:08.980,0.84279,0.84288,1.00,2.06
2017.03.27 17:24:09.658,0.8428,0.84289,1.00,1.31
2017.03.27 17:24:10.224,0.84282,0.84291,1.00,3.94
2017.03.27 17:24:10.768,0.84281,0.8429,1.00,2.44
2017.03.27 17:24:11.072,0.8428,0.84288,1.00,1.94
2017.03.27 17:24:11.926,0.84279,0.84288,1.00,1.94
2017.03.27 17:24:12.623,0.84281,0.8429,1.00,3.56
2017.03.27 17:24:12.674,0.84281,0.8429,1.00,2.06
2017.03.27 17:24:12.725,0.84279,0.84288,1.50,1.00
2017.03.27 17:24:13.290,0.84278,0.84288,1.50,3.56
2017.03.27 17:24:14.045,0.84279,0.84288,1.50,1.69
2017.03.27 17:24:14.146,0.84281,0.84289,1.00,1.19
2017.03.27 17:24:14.455,0.84278,0.84289,3.00,1.87
2017.03.27 17:24:14.506,0.8428,0.84289,1.00,1.31
2017.03.27 17:24:14.607,0.8428,0.8429,1.00,1.69
2017.03.27 17:24:15.063,0.84283,0.8429,1.00,1.87
2017.03.27 17:24:15.215,0.84282,0.84293,2.62,1.69
2017.03.27 17:24:15.266,0.84286,0.84295,1.00,2.06
2017.03.27 17:24:15.537,0.84288,0.84298,1.50,1.56
2017.03.27 17:24:16.050,0.84289,0.84298,1.00,1.62
2017.03.27 17:24:16.157,0.84287,0.84297,1.50,3.00
2017.03.27 17:24:16.259,0.84286,0.84297,1.12,1.69
2017.03.27 17:24:16.310,0.84287,0.84296,1.00,1.37
2017.03.27 17:24:16.411,0.84287,0.84296,1.00,1.00
2017.03.27 17:24:16.564,0.8429,0.84298,1.50,1.37
2017.03.27 17:24:16.927,0.84287,0.84295,2.25,1.37
2017.03.27 17:24:17.433,0.84287,0.84296,1.00,1.31
2017.03.27 17:24:17.934,0.84286,0.84297,1.50,2.81
2017.03.27 17:24:18.476,0.84287,0.84296,1.00,2.00
2017.03.27 17:24:19.857,0.84287,0.84293,1.00,1.00
2017.03.27 17:24:20.444,0.84286,0.84293,1.00,1.50
2017.03.27 17:24:21.076,0.84287,0.84293,1.00,1.50
2017.03.27 17:24:21.812,0.84286,0.84295,1.00,2.81
2017.03.27 17:24:22.491,0.84286,0.84295,1.00,3.94
2017.03.27 17:24:23.440,0.84286,0.84295,1.00,1.87
2017.03.27 17:24:24.090,0.84287,0.84296,1.00,1.31
2017.03.27 17:24:24.363,0.84289,0.84299,1.00,3.37
2017.03.27 17:24:24.912,0.84288,0.84297,1.12,2.25
2017.03.27 17:24:25.419,0.84287,0.84296,1.12,1.75
2017.03.27 17:24:25.935,0.84287,0.84296,1.12,1.75
2017.03.27 17:24:26.686,0.84288,0.84297,1.00,3.94
2017.03.27 17:24:26.788,0.84288,0.84296,1.00,1.00
2017.03.27 17:24:27.331,0.84287,0.84297,2.62,1.62
2017.03.27 17:24:27.702,0.84287,0.84295,1.00,1.69
2017.03.27 17:24:28.421,0.84286,0.84295,2.25,2.44
2017.03.27 17:24:29.005,0.84285,0.84294,3.37,1.25
2017.03.27 17:24:30.118,0.84286,0.84294,1.00,1.25
2017.03.27 17:24:40.625,0.84287,0.84296,1.00,1.31
2017.03.27 17:24:44.079,0.84288,0.84296,1.00,1.00
2017.03.27 17:24:45.454,0.84285,0.84293,1.12,1.00
2017.03.27 17:24:45.933,0.84287,0.84294,1.00,1.25
2017.03.27 17:24:46.830,0.84287,0.84296,1.00,1.25
2017.03.27 17:24:47.526,0.84287,0.84296,1.00,2.81
2017.03.27 17:24:47.678,0.84287,0.84296,1.12,1.25
2017.03.27 17:24:50.717,0.84287,0.84295,1.00,1.69
2017.03.27 17:24:51.266,0.84286,0.84296,1.00,4.69
2017.03.27 17:24:51.317,0.84286,0.84296,1.12,1.31
2017.03.27 17:24:52.281,0.84287,0.84296,1.00,1.12
2017.03.27 17:24:52.480,0.84289,0.84297,1.87,1.00
2017.03.27 17:24:52.836,0.84291,0.84299,1.00,1.19
2017.03.27 17:24:53.342,0.8429,0.84299,1.00,1.69
2017.03.27 17:24:54.714,0.84291,0.843,1.00,1.12
2017.03.27 17:24:54.967,0.8429,0.84299,1.00,1.50
2017.03.27 17:24:55.516,0.84291,0.84299,1.00,1.87
2017.03.27 17:24:55.841,0.84288,0.84297,1.12,1.00
2017.03.27 17:24:58.226,0.84287,0.84297,2.25,1.00
2017.03.27 17:24:58.846,0.84286,0.84296,2.62,1.12
2017.03.27 17:25:01.333,0.84286,0.84296,1.12,2.06
2017.03.27 17:25:04.223,0.84287,0.84295,1.00,1.00
2017.03.27 17:25:04.730,0.84287,0.84294,1.00,1.00
2017.03.27 17:25:05.280,0.84287,0.84293,1.00,1.00
2017.03.27 17:25:05.482,0.84284,0.84293,1.50,1.25
2017.03.27 17:25:07.836,0.84285,0.84293,1.00,1.00
2017.03.27 17:25:08.341,0.84285,0.84292,1.00,1.00
2017.03.27 17:25:14.539,0.84285,0.84294,1.37,1.00
2017.03.27 17:25:15.045,0.84287,0.84295,1.50,1.00
2017.03.27 17:25:16.731,0.84287,0.84297,1.00,1.31
2017.03.27 17:25:17.807,0.84287,0.84295,1.00,1.00
2017.03.27 17:25:18.395,0.84287,0.84297,1.00,1.69
2017.03.27 17:25:24.025,0.84286,0.84297,1.50,2.44
2017.03.27 17:25:25.547,0.84286,0.84296,1.12,1.56
2017.03.27 17:25:27.274,0.84287,0.84297,1.00,3.19
2017.03.27 17:25:27.631,0.84289,0.84297,1.00,1.00
2017.03.27 17:25:28.180,0.84289,0.84298,1.00,2.06
2017.03.27 17:25:29.573,0.84287,0.84297,3.37,2.81
2017.03.27 17:25:29.675,0.84288,0.84296,1.00,1.00
2017.03.27 17:25:30.679,0.84288,0.84298,1.12,2.06
2017.03.27 17:25:31.720,0.84287,0.84297,2.62,1.25
2017.03.27 17:25:31.922,0.84289,0.84298,1.00,2.06
2017.03.27 17:25:35.411,0.84287,0.84296,3.37,1.87
2017.03.27 17:25:35.948,0.84287,0.84296,1.00,1.87
2017.03.27 17:25:36.570,0.84287,0.84295,1.50,1.00
2017.03.27 17:25:37.389,0.84288,0.84295,1.12,1.00
2017.03.27 17:25:42.599,0.84287,0.84295,1.00,1.50
2017.03.27 17:25:44.351,0.84285,0.84293,1.50,1.00
2017.03.27 17:25:49.406,0.84284,0.84294,2.25,1.87
2017.03.27 17:25:49.964,0.84284,0.84293,2.25,1.25
2017.03.27 17:25:56.219,0.84284,0.84293,2.25,2.06
2017.03.27 17:25:56.735,0.84284,0.84293,2.25,2.06
2017.03.27 17:25:57.741,0.84285,0.84293,1.87,1.00
2017.03.27 17:25:58.096,0.84284,0.84293,1.12,1.12
2017.03.27 17:25:58.966,0.84282,0.84292,4.12,1.00
2017.03.27 17:25:59.372,0.84281,0.8429,3.00,1.00
2017.03.27 17:25:59.917,0.84281,0.84291,3.00,1.00
2017.03.27 17:26:01.579,0.84281,0.84291,1.87,2.06
2017.03.27 17:26:02.384,0.84281,0.84291,1.75,2.06
2017.03.27 17:26:05.373,0.84282,0.84291,1.00,1.87
2017.03.27 17:26:06.790,0.84282,0.84289,1.00,1.00
2017.03.27 17:26:08.228,0.8428,0.84288,1.50,1.00
2017.03.27 17:26:08.484,0.84276,0.84285,1.87,1.12
2017.03.27 17:26:09.024,0.84276,0.84286,1.87,1.12
2017.03.27 17:26:09.462,0.84276,0.84286,1.87,1.37
2017.03.27 17:26:09.513,0.84276,0.84286,1.87,1.12
2017.03.27 17:26:09.563,0.84276,0.84286,1.87,1.37
2017.03.27 17:26:10.419,0.84275,0.84284,2.25,1.62
2017.03.27 17:26:10.723,0.84273,0.84282,3.00,1.87
2017.03.27 17:26:10.876,0.84274,0.84283,1.50,1.87
2017.03.27 17:26:11.079,0.84275,0.84283,1.00,1.37
2017.03.27 17:26:11.333,0.84274,0.84283,1.87,1.12
2017.03.27 17:26:11.384,0.84274,0.84283,1.12,3.37
2017.03.27 17:26:11.816,0.84274,0.84283,1.00,1.12
2017.03.27 17:26:13.212,0.84274,0.84284,1.12,1.12
2017.03.27 17:26:13.743,0.84274,0.84284,1.87,1.37
2017.03.27 17:26:14.207,0.84274,0.84282,1.50,1.87
2017.03.27 17:26:14.359,0.84272,0.84282,3.37,1.37
2017.03.27 17:26:14.664,0.84271,0.84281,1.50,2.62
2017.03.27 17:26:14.919,0.84271,0.84281,1.37,1.62
2017.03.27 17:26:15.513,0.8427,0.84281,3.75,1.31
2017.03.27 17:26:15.564,0.8427,0.84281,3.75,1.62
2017.03.27 17:26:16.492,0.84273,0.84283,1.00,3.56
2017.03.27 17:26:16.797,0.84274,0.84283,1.37,2.44
2017.03.27 17:26:17.100,0.84273,0.84283,2.25,2.06
2017.03.27 17:26:17.410,0.84273,0.84282,1.00,3.56
2017.03.27 17:26:17.574,0.84272,0.84282,1.00,2.06
2017.03.27 17:26:19.238,0.84272,0.84282,1.19,1.37
2017.03.27 17:26:19.834,0.84272,0.84282,1.69,1.87
2017.03.27 17:26:20.446,0.84273,0.84282,1.12,1.87
2017.03.27 17:26:21.487,0.84274,0.84282,1.69,1.00
2017.03.27 17:26:21.538,0.84275,0.84284,1.62,1.12
2017.03.27 17:26:22.058,0.84277,0.84286,1.25,1.50
2017.03.27 17:26:22.160,0.84278,0.84287,2.06,1.37
2017.03.27 17:26:22.312,0.84279,0.84288,3.56,1.50
2017.03.27 17:26:22.616,0.84279,0.84288,1.69,2.25
2017.03.27 17:26:23.089,0.84277,0.84285,2.44,1.12
2017.03.27 17:26:23.644,0.84276,0.84286,1.31,3.37
2017.03.27 17:26:27.408,0.84275,0.84284,1.31,1.50
2017.03.27 17:26:27.897,0.84276,0.84284,1.19,1.12
2017.03.27 17:26:28.433,0.84276,0.84285,1.69,1.87
2017.03.27 17:26:29.276,0.84276,0.84286,2.44,1.50
2017.03.27 17:26:29.582,0.84278,0.84287,1.69,2.62
2017.03.27 17:26:29.735,0.84279,0.84288,1.19,1.50
2017.03.27 17:26:30.435,0.8428,0.84288,1.69,1.12
2017.03.27 17:26:30.794,0.84279,0.84287,2.44,1.37
2017.03.27 17:26:31.319,0.84279,0.84287,1.31,1.12
2017.03.27 17:26:31.833,0.84279,0.84289,2.06,1.87
2017.03.27 17:26:32.723,0.84278,0.84287,3.19,1.50
2017.03.27 17:26:33.401,0.84278,0.84287,2.44,2.25
2017.03.27 17:26:33.892,0.84277,0.84284,1.69,1.50
2017.03.27 17:26:33.944,0.84275,0.84284,2.06,1.87
2017.03.27 17:26:34.248,0.84276,0.84285,2.81,1.87
2017.03.27 17:26:34.350,0.84275,0.84285,1.69,2.62
2017.03.27 17:26:34.503,0.84274,0.84281,1.19,1.00
2017.03.27 17:26:34.605,0.84272,0.84281,2.06,1.87
2017.03.27 17:26:35.029,0.84272,0.8428,1.19,1.75
2017.03.27 17:26:35.080,0.84272,0.8428,1.19,1.00
2017.03.27 17:26:35.608,0.84272,0.84281,1.69,1.50
2017.03.27 17:26:36.090,0.84273,0.84283,2.06,1.00
2017.03.27 17:26:36.141,0.84275,0.84284,1.31,1.12
2017.03.27 17:26:37.845,0.84275,0.84283,1.56,1.00
2017.03.27 17:26:38.302,0.84274,0.84281,1.31,1.00
2017.03.27 17:26:38.555,0.84273,0.84281,3.19,1.00
2017.03.27 17:26:38.759,0.84271,0.8428,4.31,1.00
2017.03.27 17:26:39.335,0.84271,0.8428,3.56,1.00
2017.03.27 17:26:44.478,0.84271,0.84279,2.44,1.00
2017.03.27 17:26:44.529,0.84271,0.84279,2.44,3.37
2017.03.27 17:26:44.579,0.84271,0.84279,2.44,1.50
2017.03.27 17:26:47.432,0.84271,0.84279,1.62,1.12
2017.03.27 17:26:47.972,0.84271,0.84279,1.69,1.87
2017.03.27 17:26:48.523,0.84272,0.84279,1.25,1.00
2017.03.27 17:26:49.197,0.84271,0.84279,1.50,1.50
2017.03.27 17:26:50.968,0.84271,0.84279,1.50,1.00
2017.03.27 17:26:51.515,0.84271,0.84279,1.50,1.00
2017.03.27 17:26:52.130,0.8427,0.84277,1.00,1.00
2017.03.27 17:26:52.282,0.84268,0.84277,1.25,1.50
2017.03.27 17:26:52.636,0.84269,0.84279,3.19,2.25
2017.03.27 17:26:53.159,0.84269,0.84278,1.12,2.25
2017.03.27 17:26:53.413,0.84266,0.84276,2.06,1.50
2017.03.27 17:26:53.735,0.84266,0.84274,1.00,1.50
2017.03.27 17:26:54.038,0.84262,0.8427,1.12,1.00
2017.03.27 17:26:54.787,0.84262,0.84271,2.25,1.12
2017.03.27 17:26:55.495,0.84262,0.84268,1.12,1.00
2017.03.27 17:26:55.982,0.84262,0.8427,2.06,1.00
2017.03.27 17:26:58.500,0.84262,0.84271,1.31,1.50
2017.03.27 17:26:59.862,0.84262,0.84271,2.44,1.12
2017.03.27 17:27:00.400,0.84262,0.84271,1.87,1.87
2017.03.27 17:27:00.868,0.84262,0.84271,1.87,1.12
2017.03.27 17:27:01.020,0.84262,0.84271,1.87,1.12
2017.03.27 17:27:03.587,0.84261,0.84271,3.19,1.00
2017.03.27 17:27:04.276,0.84261,0.84271,1.69,1.12
2017.03.27 17:27:04.782,0.84263,0.84271,1.00,1.50
2017.03.27 17:27:07.402,0.84262,0.8427,1.12,1.00
2017.03.27 17:27:08.837,0.84261,0.84271,2.81,1.12
2017.03.27 17:27:09.451,0.84261,0.84271,2.81,1.37
2017.03.27 17:27:10.262,0.84261,0.84271,2.81,1.12
2017.03.27 17:27:11.841,0.84261,0.84271,2.81,1.00
2017.03.27 17:27:13.625,0.84261,0.84271,2.81,1.12
2017.03.27 17:27:15.121,0.84262,0.8427,1.25,1.00
2017.03.27 17:27:15.626,0.84261,0.8427,2.62,1.00
2017.03.27 17:27:18.396,0.84261,0.8427,2.62,1.37
2017.03.27 17:27:19.115,0.84261,0.8427,2.62,1.12
2017.03.27 17:27:21.327,0.84261,0.8427,2.25,1.87
2017.03.27 17:27:21.906,0.84261,0.8427,1.87,1.87
2017.03.27 17:27:22.412,0.84262,0.8427,1.00,1.12
2017.03.27 17:27:23.125,0.8426,0.84268,1.50,1.37
2017.03.27 17:27:23.176,0.8426,0.84268,1.69,1.12
2017.03.27 17:27:23.746,0.8426,0.84268,1.31,1.00
2017.03.27 17:27:24.977,0.84259,0.84267,2.81,1.00
2017.03.27 17:27:25.490,0.84259,0.84267,1.69,1.12
2017.03.27 17:27:26.080,0.84262,0.8427,1.00,1.87
2017.03.27 17:27:26.131,0.84262,0.8427,1.00,1.50
2017.03.27 17:27:26.666,0.84262,0.8427,1.00,1.50
2017.03.27 17:27:27.673,0.84262,0.8427,1.00,1.87
2017.03.27 17:27:28.580,0.84262,0.8427,1.00,1.00
2017.03.27 17:27:29.106,0.84262,0.8427,1.00,1.37
2017.03.27 17:27:31.098,0.84261,0.8427,1.50,1.87
2017.03.27 17:27:33.138,0.84263,0.8427,1.00,1.50
2017.03.27 17:27:40.106,0.8426,0.84269,1.75,1.87
2017.03.27 17:27:40.258,0.84259,0.84268,1.50,1.12
2017.03.27 17:27:40.359,0.8426,0.84268,1.12,1.50
2017.03.27 17:27:40.866,0.84258,0.84269,3.75,3.75
2017.03.27 17:27:40.967,0.84258,0.84269,3.00,3.75
2017.03.27 17:27:43.629,0.84258,0.84267,1.87,1.19
2017.03.27 17:27:44.255,0.84258,0.84267,1.12,1.69
2017.03.27 17:27:45.236,0.84258,0.84267,1.12,1.00
2017.03.27 17:27:45.846,0.8426,0.84267,1.00,1.00
2017.03.27 17:27:46.352,0.84259,0.84268,1.00,3.37
2017.03.27 17:27:48.661,0.84258,0.84267,1.50,1.50
2017.03.27 17:27:49.212,0.84258,0.84267,2.25,1.50
2017.03.27 17:27:51.841,0.84259,0.84268,1.00,2.25
2017.03.27 17:27:52.180,0.84261,0.84268,1.00,1.87
2017.03.27 17:27:53.110,0.8426,0.84268,1.00,3.00
2017.03.27 17:27:53.735,0.8426,0.84268,1.00,3.37
2017.03.27 17:27:56.349,0.84258,0.84265,1.12,1.87
2017.03.27 17:27:56.925,0.84257,0.84265,1.00,2.25
2017.03.27 17:27:57.749,0.84254,0.84262,1.87,1.00
2017.03.27 17:27:58.103,0.84253,0.84261,1.00,1.00
2017.03.27 17:27:59.034,0.84254,0.84261,1.00,1.00
2017.03.27 17:27:59.085,0.84256,0.84261,1.00,1.00
2017.03.27 17:27:59.288,0.84254,0.84261,1.50,1.00
2017.03.27 17:28:00.151,0.84253,0.84261,1.50,1.00
2017.03.27 17:28:04.876,0.8425,0.8426,5.25,1.00
2017.03.27 17:28:05.028,0.8425,0.84258,3.37,1.12
2017.03.27 17:28:05.129,0.84249,0.84257,1.00,1.00
2017.03.27 17:28:05.666,0.84248,0.84257,1.00,1.12
2017.03.27 17:28:05.769,0.84247,0.84256,1.50,1.87
2017.03.27 17:28:05.871,0.84245,0.84255,3.00,1.00
2017.03.27 17:28:06.226,0.84247,0.84256,1.00,1.12
2017.03.27 17:28:06.738,0.84248,0.84256,1.00,1.00
2017.03.27 17:28:06.957,0.84245,0.84255,1.50,1.12
2017.03.27 17:28:07.682,0.84244,0.84255,3.00,1.50
2017.03.27 17:28:07.834,0.84246,0.84255,1.00,1.00
2017.03.27 17:28:08.037,0.84247,0.84257,2.25,1.00
2017.03.27 17:28:08.088,0.84249,0.84258,1.50,3.98
2017.03.27 17:28:08.762,0.84249,0.84258,1.50,1.50
2017.03.27 17:28:09.066,0.84248,0.84258,1.00,4.36
2017.03.27 17:28:09.487,0.84248,0.84257,1.00,1.00
2017.03.27 17:28:10.100,0.84248,0.84258,1.50,2.86
2017.03.27 17:28:10.265,0.84249,0.84256,1.00,1.00
2017.03.27 17:28:10.817,0.84248,0.84256,2.25,1.12
2017.03.27 17:28:11.121,0.84254,0.84262,1.12,2.48
2017.03.27 17:28:11.426,0.84258,0.84264,1.00,1.50
2017.03.27 17:28:11.819,0.84258,0.84264,1.00,1.00
2017.03.27 17:28:12.330,0.84258,0.84265,1.00,1.12
2017.03.27 17:28:12.979,0.84256,0.84265,1.12,1.00
2017.03.27 17:28:13.627,0.84257,0.84267,1.00,2.25
2017.03.27 17:28:13.840,0.84256,0.84267,1.69,1.87
2017.03.27 17:28:14.516,0.84256,0.84266,2.44,1.12
2017.03.27 17:28:14.567,0.84258,0.84266,1.00,1.12
2017.03.27 17:28:15.147,0.84257,0.84267,1.12,1.50
2017.03.27 17:28:15.668,0.84257,0.84265,1.12,1.37
2017.03.27 17:28:16.202,0.84257,0.84265,1.12,1.00
2017.03.27 17:28:16.708,0.84256,0.84265,1.87,1.12
2017.03.27 17:28:17.012,0.84254,0.84264,1.00,1.00
2017.03.27 17:28:17.842,0.84255,0.84263,1.00,1.00
2017.03.27 17:28:19.373,0.84255,0.84261,1.00,1.12
2017.03.27 17:28:19.475,0.84253,0.84261,1.87,1.12
2017.03.27 17:28:20.234,0.84252,0.8426,1.50,1.00
2017.03.27 17:28:20.795,0.84253,0.8426,1.00,1.00
2017.03.27 17:28:21.340,0.84254,0.8426,1.00,1.00
2017.03.27 17:28:21.788,0.84254,0.84262,1.00,1.00
2017.03.27 17:28:21.841,0.84256,0.84263,1.00,1.00
2017.03.27 17:28:22.893,0.84255,0.84261,1.00,1.00
2017.03.27 17:28:24.760,0.84254,0.84262,1.00,1.00
2017.03.27 17:28:25.458,0.84255,0.84264,1.50,1.00
2017.03.27 17:28:25.509,0.84257,0.84264,1.00,1.00
2017.03.27 17:28:26.042,0.84255,0.84263,1.00,1.37
2017.03.27 17:28:26.582,0.84254,0.84262,1.00,1.00
2017.03.27 17:28:27.085,0.84255,0.84262,1.00,1.00
2017.03.27 17:28:28.026,0.84255,0.84263,1.00,1.00
2017.03.27 17:28:29.081,0.84255,0.84262,1.00,1.00
2017.03.27 17:28:30.145,0.84255,0.84263,1.00,1.00
2017.03.27 17:28:30.321,0.84253,0.84263,1.87,1.00
2017.03.27 17:28:30.909,0.84254,0.84263,1.00,1.00
2017.03.27 17:28:32.177,0.84254,0.84264,1.00,2.62
2017.03.27 17:28:34.950,0.84254,0.84264,1.50,2.62
2017.03.27 17:28:35.002,0.84257,0.84267,1.00,5.62
2017.03.27 17:28:35.106,0.84258,0.84268,1.00,2.25
2017.03.27 17:28:35.630,0.84259,0.84268,1.00,1.00
2017.03.27 17:28:36.911,0.84259,0.84268,1.00,1.75
2017.03.27 17:28:38.502,0.84259,0.84268,1.00,1.50
2017.03.27 17:28:45.218,0.84259,0.84268,1.00,2.55
2017.03.27 17:28:48.428,0.84259,0.84268,1.12,1.50
2017.03.27 17:28:50.817,0.84259,0.84268,1.12,1.30
2017.03.27 17:28:52.285,0.84258,0.84268,1.00,1.30
2017.03.27 17:28:59.961,0.84259,0.84267,1.00,1.80
2017.03.27 17:29:03.624,0.84259,0.84267,1.00,1.87
2017.03.27 17:29:04.962,0.84259,0.84267,1.00,1.12
2017.03.27 17:29:05.218,0.84257,0.84268,1.50,2.62
2017.03.27 17:29:05.958,0.84257,0.84268,1.50,2.62
2017.03.27 17:29:09.952,0.84258,0.84267,1.00,1.12
2017.03.27 17:29:10.412,0.84259,0.84269,1.00,2.25
2017.03.27 17:29:10.463,0.8426,0.84269,1.75,1.00
2017.03.27 17:29:10.514,0.84262,0.84271,1.87,1.50
2017.03.27 17:29:10.717,0.84264,0.84274,1.50,1.00
2017.03.27 17:29:10.818,0.84267,0.84276,1.50,1.50
2017.03.27 17:29:11.223,0.84267,0.84276,1.87,1.00
2017.03.27 17:29:11.540,0.84267,0.84275,1.87,1.00
2017.03.27 17:29:12.690,0.84267,0.84275,2.62,1.00
2017.03.27 17:29:13.244,0.84267,0.84276,3.37,1.00
2017.03.27 17:29:14.313,0.84271,0.8428,1.50,1.75
2017.03.27 17:29:14.364,0.84271,0.84279,1.87,1.00
2017.03.27 17:29:14.629,0.84271,0.84277,1.37,1.00
2017.03.27 17:29:14.731,0.84268,0.84277,2.62,1.00
2017.03.27 17:29:15.204,0.84266,0.84273,1.12,1.00
2017.03.27 17:29:15.509,0.84263,0.84271,1.50,1.00
2017.03.27 17:29:16.593,0.84262,0.8427,3.00,1.00
2017.03.27 17:29:17.930,0.84262,0.84271,3.00,1.00
2017.03.27 17:29:18.880,0.84263,0.84272,1.00,1.50
2017.03.27 17:29:21.369,0.84263,0.84272,1.50,1.05
2017.03.27 17:29:22.352,0.84264,0.84273,1.87,1.50
2017.03.27 17:29:25.588,0.84265,0.84273,1.00,1.00
2017.03.27 17:29:26.130,0.84265,0.84274,1.00,1.00
2017.03.27 17:29:26.654,0.84265,0.84274,1.37,1.50
2017.03.27 17:29:27.179,0.84265,0.84274,1.25,1.00
2017.03.27 17:29:27.332,0.84265,0.84271,1.25,1.00
2017.03.27 17:29:27.535,0.84265,0.84273,1.25,1.00
2017.03.27 17:29:30.059,0.84266,0.84273,1.31,1.00
2017.03.27 17:29:30.228,0.84269,0.84276,1.25,1.00
2017.03.27 17:29:30.533,0.8427,0.84278,1.62,1.00
2017.03.27 17:29:31.038,0.8427,0.84278,1.31,1.00
2017.03.27 17:29:31.641,0.8427,0.84277,1.25,1.12
2017.03.27 17:29:32.062,0.84269,0.84276,1.25,1.37
2017.03.27 17:29:32.571,0.84269,0.84276,1.25,1.12
2017.03.27 17:29:33.785,0.84267,0.84273,1.31,1.00
2017.03.27 17:29:34.089,0.8427,0.84274,1.25,1.00
2017.03.27 17:29:34.713,0.8427,0.84275,1.25,1.00
2017.03.27 17:29:37.890,0.84269,0.84275,1.00,1.00
2017.03.27 17:29:37.941,0.84267,0.84275,1.31,1.00
2017.03.27 17:29:38.239,0.84269,0.84275,1.00,1.00
2017.03.27 17:29:39.653,0.84269,0.84276,1.25,1.00
2017.03.27 17:29:40.261,0.84267,0.84275,2.44,1.00
2017.03.27 17:29:40.826,0.84267,0.84275,1.19,1.00
2017.03.27 17:29:44.271,0.84269,0.84275,1.25,1.00
2017.03.27 17:29:44.893,0.84268,0.84275,1.25,1.00
2017.03.27 17:29:48.686,0.84269,0.84277,1.25,1.50
2017.03.27 17:29:50.232,0.8427,0.84277,1.25,1.00
2017.03.27 17:29:50.739,0.8427,0.84278,1.31,1.00
2017.03.27 17:29:53.097,0.8427,0.84278,1.69,1.00
2017.03.27 17:29:56.764,0.8427,0.8428,1.69,1.50
2017.03.27 17:30:00.367,0.8427,0.84279,1.69,1.12
2017.03.27 17:30:00.927,0.84269,0.84278,1.69,1.00
2017.03.27 17:30:01.131,0.8427,0.84278,1.62,1.50
2017.03.27 17:30:01.667,0.8427,0.84277,1.31,1.00
2017.03.27 17:30:02.648,0.84268,0.84277,3.19,1.00
2017.03.27 17:30:03.158,0.84268,0.84277,1.31,1.00
2017.03.27 17:30:04.951,0.8427,0.84278,1.25,1.50
2017.03.27 17:30:05.453,0.8427,0.84278,1.25,1.37
2017.03.27 17:30:06.066,0.84268,0.84275,1.25,1.00
2017.03.27 17:30:06.573,0.84268,0.84274,1.25,1.00
2017.03.27 17:30:07.143,0.84266,0.84274,1.25,1.50
2017.03.27 17:30:10.240,0.84266,0.84274,2.06,1.00
2017.03.27 17:30:10.341,0.84266,0.84271,1.31,1.00
2017.03.27 17:30:10.392,0.84266,0.84273,1.31,1.00
2017.03.27 17:30:10.544,0.84264,0.84272,1.31,1.12
2017.03.27 17:30:10.949,0.84264,0.8427,1.25,1.00
2017.03.27 17:30:11.442,0.84262,0.84268,1.25,1.00
2017.03.27 17:30:13.221,0.84264,0.84268,1.25,1.00
2017.03.27 17:30:15.372,0.84261,0.84268,1.25,1.00
2017.03.27 17:30:18.353,0.84261,0.84268,1.62,1.00
2017.03.27 17:30:18.964,0.84261,0.84268,1.31,1.00
2017.03.27 17:30:25.052,0.84261,0.84269,1.31,1.00
2017.03.27 17:30:34.755,0.84261,0.84268,1.31,1.00
2017.03.27 17:30:35.308,0.84261,0.84267,1.25,1.00
2017.03.27 17:30:39.325,0.84259,0.84267,1.69,1.00
2017.03.27 17:30:44.722,0.84258,0.84267,2.25,1.00
2017.03.27 17:30:45.568,0.84257,0.84265,2.44,1.75
2017.03.27 17:30:45.711,0.84259,0.84266,1.12,1.87
2017.03.27 17:30:45.916,0.84256,0.84266,2.06,1.50
2017.03.27 17:30:46.069,0.84255,0.84263,3.19,1.00
2017.03.27 17:30:46.603,0.84255,0.84263,1.31,1.00
2017.03.27 17:30:49.479,0.84255,0.84262,1.69,1.00
2017.03.27 17:30:50.095,0.84256,0.84265,4.31,1.37
2017.03.27 17:30:50.197,0.84259,0.84266,1.31,1.00
2017.03.27 17:30:50.298,0.84259,0.84268,1.31,1.50
2017.03.27 17:30:50.853,0.84258,0.84268,1.69,2.25
2017.03.27 17:30:51.395,0.84258,0.84267,1.25,1.87
2017.03.27 17:30:53.261,0.84256,0.84264,2.44,1.50
2017.03.27 17:30:53.312,0.84256,0.84264,1.69,1.00
2017.03.27 17:30:53.768,0.84255,0.84261,1.25,1.00
2017.03.27 17:30:56.754,0.84253,0.84263,2.44,1.00
2017.03.27 17:30:56.805,0.84253,0.84261,2.06,1.00
2017.03.27 17:30:57.371,0.84253,0.84262,1.69,1.50
2017.03.27 17:30:58.431,0.84253,0.84262,1.62,1.50
2017.03.27 17:30:58.937,0.84254,0.84262,1.12,1.00
2017.03.27 17:30:59.483,0.84255,0.84263,1.25,1.50
2017.03.27 17:31:00.002,0.84255,0.84264,2.81,1.50
2017.03.27 17:31:00.635,0.84254,0.84263,2.44,1.00
2017.03.27 17:31:00.686,0.84254,0.84263,1.31,1.00
2017.03.27 17:31:02.494,0.84255,0.84264,1.00,2.25
2017.03.27 17:31:02.596,0.84257,0.84266,1.31,1.12
2017.03.27 17:31:03.587,0.84256,0.84267,2.62,1.87
2017.03.27 17:31:05.921,0.84256,0.84265,1.00,1.87
2017.03.27 17:31:06.927,0.84257,0.84266,1.00,1.50
2017.03.27 17:31:07.180,0.84257,0.84267,1.12,1.12
2017.03.27 17:31:07.907,0.84257,0.84265,1.12,1.00
2017.03.27 17:31:08.363,0.84255,0.84263,1.87,1.00
2017.03.27 17:31:08.465,0.84255,0.84266,1.87,2.25
2017.03.27 17:31:08.971,0.84256,0.84265,1.12,1.00
2017.03.27 17:31:10.003,0.84254,0.8426,2.25,1.00
2017.03.27 17:31:10.205,0.84251,0.8426,1.87,1.50
2017.03.27 17:31:10.458,0.84251,0.8426,1.87,1.00
2017.03.27 17:31:11.110,0.84252,0.84261,1.87,1.00
2017.03.27 17:31:11.646,0.84252,0.84263,3.00,2.25
2017.03.27 17:31:12.774,0.84254,0.84264,1.12,1.75
2017.03.27 17:31:13.795,0.84253,0.84264,3.94,2.25
2017.03.27 17:31:14.590,0.84253,0.84264,3.94,2.25
2017.03.27 17:31:14.692,0.84256,0.84266,1.00,1.87
2017.03.27 17:31:14.743,0.84256,0.84266,1.50,1.12
2017.03.27 17:31:15.251,0.84257,0.84267,2.44,1.12
2017.03.27 17:31:15.786,0.84255,0.84266,3.37,2.25
2017.03.27 17:31:16.334,0.84255,0.84265,1.50,1.00
2017.03.27 17:31:17.982,0.84256,0.84266,2.25,1.00
2017.03.27 17:31:18.033,0.84256,0.84266,3.75,1.00
2017.03.27 17:31:18.386,0.84256,0.84267,3.19,1.87
2017.03.27 17:31:21.419,0.84257,0.84267,1.37,1.12
2017.03.27 17:31:22.715,0.84258,0.84267,1.12,1.12
2017.03.27 17:31:23.265,0.84259,0.84268,1.00,1.00
2017.03.27 17:31:23.858,0.84258,0.84268,1.87,1.00
2017.03.27 17:31:24.191,0.8426,0.8427,1.50,1.00
2017.03.27 17:31:24.697,0.84261,0.84271,1.12,1.87
2017.03.27 17:31:25.314,0.84261,0.8427,1.12,1.00
2017.03.27 17:31:26.734,0.84261,0.8427,1.37,1.00
2017.03.27 17:31:27.715,0.84261,0.8427,1.00,1.00
2017.03.27 17:31:28.417,0.8426,0.84271,1.12,2.25
2017.03.27 17:31:28.945,0.84261,0.8427,1.00,1.12
2017.03.27 17:31:29.251,0.84259,0.84269,1.00,1.37
2017.03.27 17:31:29.843,0.84258,0.84269,1.87,1.87
2017.03.27 17:31:33.157,0.84257,0.84268,3.37,1.50
2017.03.27 17:31:33.310,0.84257,0.84267,1.37,1.75
2017.03.27 17:31:33.833,0.84257,0.84267,1.12,1.75
2017.03.27 17:31:34.240,0.84253,0.84263,1.50,1.75
2017.03.27 17:31:34.292,0.84254,0.84263,1.69,1.00
2017.03.27 17:31:35.570,0.84253,0.84263,2.06,1.87
2017.03.27 17:31:36.077,0.84253,0.84263,1.25,1.50
2017.03.27 17:31:40.402,0.84253,0.84264,2.44,1.87
2017.03.27 17:31:40.914,0.84253,0.84264,2.81,1.87
2017.03.27 17:31:41.530,0.84253,0.84264,2.44,1.87
2017.03.27 17:31:41.581,0.84255,0.84264,1.69,1.87
2017.03.27 17:31:42.643,0.84254,0.84263,1.69,1.00
2017.03.27 17:31:46.164,0.84255,0.84264,1.69,1.87
2017.03.27 17:31:46.820,0.84255,0.84263,1.25,1.00
2017.03.27 17:31:47.341,0.84254,0.84263,1.25,1.12
2017.03.27 17:31:47.927,0.84254,0.84264,1.19,2.62
2017.03.27 17:31:48.503,0.84254,0.84262,1.25,1.00
2017.03.27 17:31:52.247,0.84254,0.84264,1.69,1.12
2017.03.27 17:31:52.500,0.84257,0.84265,1.25,1.75
2017.03.27 17:31:52.703,0.84257,0.84266,1.25,1.50
2017.03.27 17:31:53.254,0.84258,0.84267,1.31,1.50
2017.03.27 17:31:53.883,0.84258,0.84267,1.25,1.12
2017.03.27 17:31:54.390,0.84258,0.84266,1.31,1.00
2017.03.27 17:31:55.216,0.84258,0.84267,1.69,1.87
2017.03.27 17:32:01.062,0.84258,0.84265,1.25,1.00
2017.03.27 17:32:01.113,0.84256,0.84265,2.06,1.00
2017.03.27 17:32:01.664,0.84256,0.84265,2.06,1.50
2017.03.27 17:32:06.187,0.84257,0.84266,1.25,1.75
2017.03.27 17:32:06.707,0.84258,0.84266,1.25,1.75
2017.03.27 17:32:13.757,0.84258,0.84267,2.06,1.50
2017.03.27 17:32:14.474,0.84261,0.84269,1.62,1.87
2017.03.27 17:32:14.525,0.84261,0.84269,1.62,1.50
2017.03.27 17:32:14.627,0.84262,0.84271,1.62,1.50
2017.03.27 17:32:15.295,0.84263,0.84271,1.31,1.12
2017.03.27 17:32:15.803,0.84263,0.84271,1.31,1.12
2017.03.27 17:32:17.074,0.84263,0.8427,1.31,1.00
2017.03.27 17:32:17.845,0.84263,0.84269,1.25,1.00
2017.03.27 17:32:18.056,0.84261,0.84268,2.44,1.12
2017.03.27 17:32:18.158,0.84261,0.84266,1.25,1.00
2017.03.27 17:32:18.699,0.84261,0.84267,1.25,1.00
2017.03.27 17:32:19.003,0.84256,0.84262,2.06,1.00
2017.03.27 17:32:19.711,0.84256,0.84264,1.31,1.00
2017.03.27 17:32:19.979,0.84257,0.84265,1.37,1.12
2017.03.27 17:32:20.030,0.84257,0.84265,1.12,1.12
2017.03.27 17:32:20.182,0.84257,0.84264,1.37,1.00
2017.03.27 17:32:20.233,0.84257,0.84264,1.50,1.00
2017.03.27 17:32:20.736,0.84256,0.84263,1.25,1.00
2017.03.27 17:32:20.837,0.84256,0.84261,1.25,1.00
2017.03.27 17:32:21.196,0.84255,0.84259,1.25,1.00
2017.03.27 17:32:21.247,0.84254,0.84258,1.12,1.00
2017.03.27 17:32:21.349,0.84252,0.84257,1.25,1.00
2017.03.27 17:32:21.400,0.84251,0.84255,1.69,1.00
2017.03.27 17:32:22.096,0.84252,0.84256,1.25,1.00
2017.03.27 17:32:22.500,0.8425,0.84256,1.25,1.00
2017.03.27 17:32:25.291,0.8425,0.84256,1.62,1.00
2017.03.27 17:32:25.596,0.84252,0.84258,1.69,1.00
2017.03.27 17:32:25.647,0.84252,0.84258,2.06,1.00
2017.03.27 17:32:26.193,0.84255,0.84261,1.37,1.00
2017.03.27 17:32:26.496,0.84254,0.84263,3.56,1.50
2017.03.27 17:32:26.699,0.84254,0.84261,2.81,1.00
2017.03.27 17:32:28.281,0.84254,0.84262,2.81,1.00
2017.03.27 17:32:28.990,0.84254,0.84262,2.81,1.00
2017.03.27 17:32:29.519,0.84254,0.84259,1.69,1.00
2017.03.27 17:32:29.671,0.84253,0.8426,1.31,1.00
2017.03.27 17:32:29.722,0.84252,0.84257,1.31,1.00
2017.03.27 17:32:30.681,0.84252,0.84258,1.25,1.00
2017.03.27 17:32:31.005,0.84251,0.84256,2.44,1.00
2017.03.27 17:32:31.512,0.84251,0.84256,1.25,1.00
2017.03.27 17:32:31.666,0.84251,0.84258,1.69,1.12
2017.03.27 17:32:43.256,0.84251,0.84258,2.06,1.00
2017.03.27 17:32:49.173,0.84251,0.84258,1.31,1.00
2017.03.27 17:32:49.741,0.84251,0.84258,1.62,1.00
2017.03.27 17:32:51.971,0.84251,0.84258,2.06,1.00
2017.03.27 17:32:52.246,0.84251,0.8426,1.69,1.00
2017.03.27 17:32:52.853,0.84251,0.8426,2.06,1.00
2017.03.27 17:32:53.440,0.84251,0.8426,2.44,1.00
2017.03.27 17:32:54.333,0.84251,0.8426,2.06,1.00
2017.03.27 17:32:54.879,0.84251,0.84261,2.06,1.00
2017.03.27 17:32:55.404,0.84252,0.84261,1.25,1.00
2017.03.27 17:32:55.969,0.84251,0.84261,2.06,1.00
2017.03.27 17:32:56.238,0.84253,0.84261,1.00,1.00
2017.03.27 17:32:57.373,0.84254,0.84262,1.00,1.00
2017.03.27 17:32:58.081,0.84254,0.84261,1.25,1.00
2017.03.27 17:32:58.360,0.84252,0.8426,1.69,1.00
2017.03.27 17:33:00.600,0.84253,0.8426,1.00,1.00
2017.03.27 17:33:00.904,0.84254,0.84262,1.00,1.00
2017.03.27 17:33:01.409,0.84255,0.84263,1.00,1.00
2017.03.27 17:33:01.915,0.84256,0.84263,1.00,1.00
2017.03.27 17:33:02.400,0.84254,0.84263,1.69,1.00
2017.03.27 17:33:04.802,0.84254,0.84263,2.06,1.00
2017.03.27 17:33:06.036,0.84254,0.84263,1.25,1.87
2017.03.27 17:33:06.087,0.84252,0.84263,2.81,1.87
2017.03.27 17:33:06.340,0.84254,0.84263,2.44,1.00
2017.03.27 17:33:06.644,0.84256,0.84267,3.56,1.50
2017.03.27 17:33:08.353,0.84258,0.84265,1.12,1.00
2017.03.27 17:33:09.333,0.84258,0.84267,1.50,1.50
2017.03.27 17:33:10.649,0.84258,0.84266,1.00,1.12
2017.03.27 17:33:11.175,0.84257,0.84266,1.50,1.50
2017.03.27 17:33:11.479,0.84256,0.84265,1.00,1.37
2017.03.27 17:33:13.326,0.84254,0.84263,1.87,1.00
2017.03.27 17:33:13.377,0.84254,0.84263,1.00,1.87
2017.03.27 17:33:13.428,0.84252,0.84263,1.12,1.87
2017.03.27 17:33:14.332,0.84251,0.8426,1.12,1.00
2017.03.27 17:33:14.637,0.84249,0.84256,1.00,1.00
2017.03.27 17:33:15.547,0.84249,0.84257,1.00,1.00
2017.03.27 17:33:16.302,0.84249,0.84257,2.62,1.00
2017.03.27 17:33:16.809,0.84249,0.84257,1.50,1.00
2017.03.27 17:33:17.315,0.84249,0.84258,1.00,2.62
2017.03.27 17:33:17.730,0.84249,0.84256,1.00,1.00
2017.03.27 17:33:17.781,0.84249,0.84258,1.00,2.62
2017.03.27 17:33:18.958,0.84249,0.84257,1.00,1.00
2017.03.27 17:33:20.809,0.84249,0.84257,1.00,1.37
2017.03.27 17:33:21.142,0.84249,0.84258,1.00,2.62
2017.03.27 17:33:21.598,0.84251,0.84259,1.00,1.12
2017.03.27 17:33:21.903,0.84253,0.84262,1.00,1.87
2017.03.27 17:33:22.105,0.84253,0.84262,1.00,1.12
2017.03.27 17:33:22.655,0.84252,0.84262,1.00,1.12
2017.03.27 17:33:22.706,0.84251,0.84261,3.56,1.87
2017.03.27 17:33:22.807,0.84252,0.84261,2.06,1.00
2017.03.27 17:33:25.251,0.84255,0.84262,1.00,1.00
2017.03.27 17:33:25.656,0.84254,0.84261,1.25,2.62
2017.03.27 17:33:25.707,0.84254,0.84261,1.25,1.12
2017.03.27 17:33:26.690,0.84254,0.84262,1.25,1.50
2017.03.27 17:33:26.943,0.84252,0.84262,2.06,1.50
2017.03.27 17:33:28.714,0.84252,0.84261,1.69,1.87
2017.03.27 17:33:28.918,0.84252,0.84262,1.25,3.00
2017.03.27 17:33:29.454,0.84252,0.84262,1.25,3.00
2017.03.27 17:33:29.735,0.84251,0.84261,1.69,4.12
2017.03.27 17:33:30.255,0.84251,0.84261,1.69,3.00
2017.03.27 17:33:30.718,0.84251,0.84258,1.25,1.50
2017.03.27 17:33:30.770,0.84249,0.84258,1.00,1.87
2017.03.27 17:33:30.873,0.8425,0.84258,2.44,1.12
2017.03.27 17:33:30.924,0.84252,0.8426,1.00,1.87
2017.03.27 17:33:30.976,0.84252,0.8426,1.00,1.12
2017.03.27 17:33:34.715,0.84251,0.8426,1.25,1.50
2017.03.27 17:33:34.816,0.84251,0.84259,1.25,1.87
2017.03.27 17:33:35.184,0.84252,0.8426,1.25,1.50
2017.03.27 17:33:35.663,0.8425,0.84258,1.69,1.12
2017.03.27 17:33:35.969,0.84248,0.84257,2.44,2.25
2017.03.27 17:33:36.020,0.84249,0.84257,1.25,1.87
2017.03.27 17:33:36.538,0.84249,0.84258,1.25,1.50
2017.03.27 17:33:36.934,0.84251,0.84258,1.25,1.12
2017.03.27 17:33:37.252,0.84249,0.84256,1.69,1.00
2017.03.27 17:33:38.114,0.84249,0.84258,1.69,2.62
2017.03.27 17:33:38.521,0.84251,0.84259,1.69,1.87
2017.03.27 17:33:38.623,0.84251,0.8426,2.44,3.75
2017.03.27 17:33:39.129,0.84251,0.8426,2.81,1.12
2017.03.27 17:33:39.670,0.84251,0.84259,2.44,1.00
2017.03.27 17:33:40.322,0.84252,0.84259,1.25,1.00
2017.03.27 17:33:40.676,0.8425,0.84259,2.44,1.12
2017.03.27 17:33:43.779,0.84251,0.84259,1.00,1.12
2017.03.27 17:33:44.457,0.84251,0.8426,1.00,1.87
2017.03.27 17:33:44.964,0.84252,0.84261,1.00,1.87
2017.03.27 17:33:45.555,0.84251,0.84261,1.69,1.50
2017.03.27 17:33:46.223,0.84251,0.8426,1.69,1.00
2017.03.27 17:33:47.894,0.84252,0.84261,1.12,1.87
2017.03.27 17:33:48.401,0.84253,0.84263,2.06,2.25
2017.03.27 17:33:48.705,0.84253,0.84263,2.81,1.00
2017.03.27 17:33:49.222,0.84255,0.84263,1.12,1.00
2017.03.27 17:33:50.365,0.84253,0.84261,1.62,1.00
2017.03.27 17:33:50.416,0.84252,0.84261,2.06,3.37
2017.03.27 17:33:50.467,0.84252,0.84261,1.12,1.87
2017.03.27 17:33:50.973,0.84251,0.8426,2.06,1.00
2017.03.27 17:33:53.029,0.84251,0.8426,2.06,1.00
2017.03.27 17:33:55.195,0.84253,0.84261,1.00,1.00
2017.03.27 17:33:55.701,0.84253,0.84262,2.06,1.87
2017.03.27 17:33:56.205,0.84253,0.84263,2.06,1.50
2017.03.27 17:33:56.521,0.84254,0.84263,1.37,1.87
2017.03.27 17:33:57.090,0.84254,0.84262,1.12,1.00
2017.03.27 17:33:57.666,0.84254,0.84262,1.37,1.00
2017.03.27 17:34:00.161,0.84254,0.84262,1.12,1.00
2017.03.27 17:34:00.683,0.84254,0.84263,1.87,2.25
2017.03.27 17:34:00.986,0.84253,0.84263,1.25,3.75
2017.03.27 17:34:01.755,0.84255,0.84263,1.00,1.50
2017.03.27 17:34:02.263,0.84254,0.84263,1.25,1.37
2017.03.27 17:34:02.826,0.84254,0.84263,1.69,1.00
2017.03.27 17:34:05.733,0.84254,0.84262,1.00,1.00
2017.03.27 17:34:08.308,0.84254,0.84263,1.25,1.12
2017.03.27 17:34:10.006,0.84254,0.84261,1.25,1.12
2017.03.27 17:34:10.966,0.84253,0.84262,1.69,1.00
2017.03.27 17:34:11.525,0.84253,0.84263,2.06,1.12
2017.03.27 17:34:12.060,0.84253,0.84261,2.44,1.00
2017.03.27 17:34:12.778,0.84252,0.8426,1.00,1.00
2017.03.27 17:34:13.293,0.84253,0.8426,1.00,1.00
2017.03.27 17:34:15.306,0.84251,0.8426,2.81,1.12
2017.03.27 17:34:15.652,0.8425,0.84258,1.69,1.00
2017.03.27 17:34:16.367,0.8425,0.84259,1.69,1.12
2017.03.27 17:34:16.753,0.84251,0.84257,1.00,1.12
2017.03.27 17:34:16.972,0.84249,0.84257,1.00,1.12
2017.03.27 17:34:18.377,0.84249,0.84258,1.00,1.00
2017.03.27 17:34:25.053,0.84251,0.84259,1.12,1.00
2017.03.27 17:34:25.595,0.84252,0.8426,1.00,1.37
2017.03.27 17:34:26.107,0.8425,0.8426,2.06,1.50
2017.03.27 17:34:26.636,0.84251,0.8426,1.00,1.50
2017.03.27 17:34:27.245,0.84252,0.8426,1.00,1.37
2017.03.27 17:34:27.769,0.84252,0.84261,1.12,1.37
2017.03.27 17:34:29.003,0.84252,0.84261,1.00,1.12
2017.03.27 17:34:31.556,0.84252,0.8426,1.00,1.12
2017.03.27 17:34:31.657,0.84251,0.8426,1.69,2.62
2017.03.27 17:34:33.534,0.84251,0.84259,2.81,1.12
2017.03.27 17:34:34.218,0.84251,0.84259,2.81,1.00
2017.03.27 17:34:34.999,0.84251,0.84259,2.81,1.00
2017.03.27 17:34:35.534,0.84253,0.84259,1.00,1.00
2017.03.27 17:34:36.038,0.84253,0.8426,1.00,1.00
2017.03.27 17:34:39.906,0.84252,0.8426,1.25,1.12
2017.03.27 17:34:40.824,0.8425,0.84257,1.69,1.00
2017.03.27 17:34:40.926,0.84247,0.84255,2.44,1.00
2017.03.27 17:34:41.911,0.84247,0.84255,1.19,1.00
2017.03.27 17:34:42.113,0.84246,0.84253,1.62,1.00
2017.03.27 17:34:42.468,0.84246,0.84251,1.19,1.12
2017.03.27 17:34:42.519,0.84244,0.84251,1.19,1.12
2017.03.27 17:34:43.560,0.84243,0.84251,1.69,1.00
2017.03.27 17:34:44.098,0.84242,0.8425,1.19,1.00
2017.03.27 17:34:44.417,0.84244,0.84252,1.19,1.00
2017.03.27 17:34:52.183,0.84244,0.84253,1.19,1.12
2017.03.27 17:34:52.713,0.84243,0.84252,1.69,1.12
2017.03.27 17:34:53.096,0.84245,0.84254,1.19,3.00
2017.03.27 17:34:53.198,0.84246,0.84254,1.19,1.00
2017.03.27 17:34:53.719,0.84245,0.84252,1.31,1.05
2017.03.27 17:34:53.770,0.84242,0.84251,1.56,1.00
2017.03.27 17:34:54.326,0.84243,0.84252,1.25,1.00
2017.03.27 17:34:54.846,0.84244,0.84253,1.87,1.00
2017.03.27 17:34:55.520,0.84245,0.84253,1.00,1.00
2017.03.27 17:34:56.053,0.84244,0.84253,1.00,1.80
2017.03.27 17:34:56.901,0.84242,0.8425,1.12,2.62
2017.03.27 17:34:56.952,0.84241,0.8425,2.06,1.00
2017.03.27 17:34:57.156,0.84243,0.8425,1.00,1.00
2017.03.27 17:34:57.207,0.84241,0.8425,1.25,1.00
2017.03.27 17:34:57.258,0.84243,0.84252,2.06,1.05
2017.03.27 17:34:57.562,0.84245,0.84254,1.31,2.18
2017.03.27 17:34:58.077,0.84244,0.84253,2.44,1.00
2017.03.27 17:34:58.858,0.84243,0.84253,1.50,1.68
2017.03.27 17:34:58.909,0.84243,0.84252,1.00,1.43
2017.03.27 17:34:59.663,0.84243,0.84252,1.00,4.05
2017.03.27 17:35:01.052,0.84242,0.84251,1.25,3.30
2017.03.27 17:35:01.606,0.84241,0.8425,1.25,1.05
2017.03.27 17:35:02.632,0.84241,0.8425,1.31,1.30
2017.03.27 17:35:02.938,0.84242,0.8425,1.19,1.30
2017.03.27 17:35:06.248,0.84242,0.84251,1.19,1.30
2017.03.27 17:35:09.321,0.8424,0.84248,1.19,1.12
2017.03.27 17:35:09.372,0.84239,0.84247,1.31,1.00
2017.03.27 17:35:10.915,0.84238,0.84246,2.44,1.00
2017.03.27 17:35:11.869,0.84238,0.84248,1.69,2.18
2017.03.27 17:35:14.182,0.84238,0.84248,2.06,1.05
2017.03.27 17:35:14.773,0.84238,0.84247,2.06,1.00
2017.03.27 17:35:15.529,0.8424,0.84247,1.00,1.00
2017.03.27 17:35:15.768,0.84241,0.84249,1.00,1.00
2017.03.27 17:35:16.021,0.84239,0.84249,1.31,1.00
2017.03.27 17:35:16.542,0.8424,0.8425,2.06,1.00
2017.03.27 17:35:16.594,0.84239,0.84249,1.69,1.37
2017.03.27 17:35:18.292,0.84238,0.84248,2.44,1.37
2017.03.27 17:35:19.062,0.84238,0.84247,2.44,1.87
2017.03.27 17:35:25.834,0.84238,0.84247,1.69,1.37
2017.03.27 17:35:26.410,0.84238,0.84247,1.69,1.87
2017.03.27 17:35:28.675,0.84237,0.84245,1.00,1.50
2017.03.27 17:35:29.332,0.84238,0.84245,1.00,1.50
2017.03.27 17:35:29.842,0.84237,0.84242,1.25,1.00
2017.03.27 17:35:33.339,0.84237,0.84243,1.69,1.00
2017.03.27 17:35:33.642,0.84239,0.84244,1.19,1.00
2017.03.27 17:35:34.148,0.84238,0.84244,1.69,1.00
2017.03.27 17:35:35.580,0.84239,0.84244,1.19,1.00
2017.03.27 17:35:35.635,0.8424,0.84246,1.19,1.00
2017.03.27 17:35:36.141,0.8424,0.84247,1.69,1.00
2017.03.27 17:35:38.604,0.84241,0.84247,1.69,1.00
2017.03.27 17:35:40.579,0.84245,0.8425,1.00,1.50
2017.03.27 17:35:40.924,0.84246,0.8425,1.25,1.00
2017.03.27 17:35:41.177,0.84244,0.84249,1.19,1.00
2017.03.27 17:35:41.853,0.84244,0.8425,1.19,1.00
2017.03.27 17:35:42.404,0.84245,0.84251,1.69,1.00
2017.03.27 17:35:42.708,0.8425,0.84254,1.31,1.00
2017.03.27 17:35:43.034,0.84252,0.84257,1.19,1.00
2017.03.27 17:35:43.136,0.84251,0.84257,1.19,1.00
2017.03.27 17:35:44.040,0.84251,0.84257,2.06,1.00
2017.03.27 17:35:45.857,0.84251,0.84256,1.56,1.00
2017.03.27 17:35:47.653,0.8425,0.84256,2.06,1.00
2017.03.27 17:35:54.630,0.84249,0.84253,1.25,1.00
2017.03.27 17:35:54.783,0.84247,0.84253,2.06,1.00
2017.03.27 17:35:55.322,0.84247,0.84254,1.25,1.00
2017.03.27 17:35:55.754,0.84247,0.84251,1.25,1.00
2017.03.27 17:35:56.281,0.84248,0.84252,1.25,1.00
2017.03.27 17:35:57.619,0.84248,0.84253,1.00,1.00
2017.03.27 17:35:57.720,0.84248,0.84255,1.87,1.00
2017.03.27 17:35:58.312,0.8425,0.84255,1.25,1.00
2017.03.27 17:36:03.230,0.84248,0.84252,1.31,1.00
2017.03.27 17:36:03.756,0.84247,0.84252,1.25,1.00
2017.03.27 17:36:03.858,0.84245,0.84252,2.06,1.00
2017.03.27 17:36:04.377,0.84246,0.84251,1.25,1.00
2017.03.27 17:36:05.693,0.84247,0.84251,1.25,1.00
2017.03.27 17:36:06.146,0.84247,0.84253,1.25,1.00
2017.03.27 17:36:09.541,0.84247,0.84255,1.69,1.00
2017.03.27 17:36:10.217,0.84247,0.84254,1.69,1.00
2017.03.27 17:36:14.034,0.84248,0.84254,1.00,1.00
2017.03.27 17:36:14.135,0.84248,0.84256,1.00,1.00
2017.03.27 17:36:15.092,0.84248,0.84255,1.00,1.00
2017.03.27 17:36:16.027,0.84249,0.84257,1.69,1.12
2017.03.27 17:36:16.230,0.84247,0.84256,1.25,2.62
2017.03.27 17:36:16.281,0.84247,0.84256,1.25,1.12
2017.03.27 17:36:17.193,0.84247,0.84255,1.69,1.00
2017.03.27 17:36:18.259,0.84248,0.84257,2.25,1.12
2017.03.27 17:36:18.737,0.84248,0.84257,1.69,2.62
2017.03.27 17:36:18.939,0.84248,0.84257,2.25,1.50
2017.03.27 17:36:19.516,0.84249,0.84258,2.44,1.00
2017.03.27 17:36:20.206,0.84249,0.84256,1.25,1.12
2017.03.27 17:36:20.308,0.84246,0.84255,2.06,1.00
2017.03.27 17:36:21.238,0.84247,0.84255,1.25,1.12
2017.03.27 17:36:28.382,0.84249,0.84255,1.00,1.00
2017.03.27 17:36:30.469,0.84249,0.84258,1.69,1.50
2017.03.27 17:36:31.951,0.84249,0.84259,2.81,1.00
2017.03.27 17:36:32.496,0.84249,0.84258,2.81,1.00
2017.03.27 17:36:34.229,0.84249,0.84258,2.06,2.25
2017.03.27 17:36:38.690,0.8425,0.84258,1.12,1.50
2017.03.27 17:36:38.842,0.8425,0.84259,1.12,1.12
2017.03.27 17:36:39.629,0.84252,0.84257,1.25,1.00
2017.03.27 17:36:40.133,0.84252,0.84258,1.25,1.00
2017.03.27 17:36:41.281,0.84252,0.84259,1.25,1.12
2017.03.27 17:36:41.586,0.8425,0.84257,1.31,1.00
2017.03.27 17:36:45.439,0.8425,0.84258,1.25,1.12
2017.03.27 17:36:47.079,0.8425,0.84258,1.25,3.00
2017.03.27 17:36:47.130,0.8425,0.84258,1.25,1.12
2017.03.27 17:36:47.635,0.8425,0.84257,1.25,1.00
2017.03.27 17:36:48.141,0.84249,0.84257,2.06,1.00
2017.03.27 17:36:50.514,0.8425,0.84258,1.00,1.50
2017.03.27 17:36:51.035,0.84248,0.84257,4.31,1.12
2017.03.27 17:36:51.469,0.84248,0.84255,1.25,1.00
2017.03.27 17:36:51.997,0.84248,0.84254,1.25,1.00
2017.03.27 17:36:53.858,0.84247,0.84254,1.31,1.00
2017.03.27 17:36:55.178,0.84247,0.84256,2.81,1.00
2017.03.27 17:36:55.229,0.84249,0.84258,1.31,2.25
2017.03.27 17:36:55.728,0.84248,0.84254,1.31,1.00
2017.03.27 17:37:01.629,0.84246,0.84254,2.06,1.37
2017.03.27 17:37:01.730,0.84246,0.84254,1.31,1.12
2017.03.27 17:37:01.781,0.84246,0.84254,1.31,1.12
2017.03.27 17:37:02.454,0.84247,0.84254,1.19,1.12
2017.03.27 17:37:07.367,0.84247,0.84254,1.19,1.12
2017.03.27 17:37:14.159,0.84247,0.84256,1.69,1.12
2017.03.27 17:37:14.312,0.84248,0.84256,1.19,1.00
2017.03.27 17:37:14.817,0.8425,0.84257,1.25,1.00
2017.03.27 17:37:15.428,0.84248,0.84256,2.06,1.00
2017.03.27 17:37:19.030,0.84248,0.84257,1.69,1.00
2017.03.27 17:37:20.653,0.8425,0.84257,1.19,1.00
2017.03.27 17:37:20.805,0.84252,0.84261,2.06,1.00
2017.03.27 17:37:21.330,0.84253,0.8426,1.00,1.00
2017.03.27 17:37:21.684,0.84253,0.84262,1.00,1.00
2017.03.27 17:37:22.194,0.84253,0.84261,1.12,1.00
2017.03.27 17:37:22.922,0.84252,0.8426,1.69,1.00
2017.03.27 17:37:24.089,0.84252,0.8426,2.06,1.00
2017.03.27 17:37:24.595,0.84252,0.84261,2.06,1.00
2017.03.27 17:37:26.570,0.84252,0.84261,1.69,1.00
2017.03.27 17:37:28.129,0.84252,0.84261,1.69,1.00
2017.03.27 17:37:28.647,0.84253,0.84262,1.00,1.00
2017.03.27 17:37:29.169,0.84252,0.84261,3.19,1.00
2017.03.27 17:37:29.372,0.84252,0.84259,1.50,1.12
2017.03.27 17:37:29.473,0.84251,0.84259,2.25,1.12
2017.03.27 17:37:33.678,0.8425,0.84258,1.31,1.00
2017.03.27 17:37:34.184,0.84251,0.84258,1.25,1.00
2017.03.27 17:37:35.136,0.8425,0.84258,1.69,1.00
2017.03.27 17:37:36.523,0.84249,0.84257,3.56,1.00
2017.03.27 17:37:36.625,0.84248,0.84256,1.31,1.00
2017.03.27 17:37:36.726,0.84248,0.84254,1.19,1.00
2017.03.27 17:37:37.795,0.84247,0.84254,1.69,1.00
2017.03.27 17:37:38.219,0.84247,0.84256,1.62,1.50
2017.03.27 17:37:40.168,0.84248,0.84256,1.31,1.50
2017.03.27 17:37:40.903,0.84247,0.84256,1.62,1.50
2017.03.27 17:37:41.467,0.84248,0.84256,1.31,1.50
2017.03.27 17:37:41.771,0.84245,0.84254,3.56,1.37
2017.03.27 17:37:41.823,0.84245,0.84254,2.81,3.00
2017.03.27 17:37:41.874,0.84245,0.84254,1.69,1.87
2017.03.27 17:37:41.925,0.84245,0.84254,2.44,2.25
2017.03.27 17:37:42.944,0.84245,0.84254,2.06,2.25
2017.03.27 17:37:44.702,0.84245,0.84254,1.00,2.25
2017.03.27 17:37:46.702,0.84245,0.84254,1.00,2.25
2017.03.27 17:37:48.819,0.84245,0.84254,1.37,2.25
2017.03.27 17:37:49.612,0.84245,0.84254,1.00,2.25
2017.03.27 17:37:51.094,0.84245,0.84254,1.12,1.12
2017.03.27 17:37:51.983,0.84245,0.84254,1.37,1.12
2017.03.27 17:37:53.203,0.84244,0.84252,2.62,1.75
2017.03.27 17:37:53.469,0.8424,0.8425,1.87,1.00
2017.03.27 17:37:53.727,0.8424,0.84251,1.50,2.62
2017.03.27 17:37:54.031,0.84237,0.84246,1.31,1.00
2017.03.27 17:37:55.456,0.84236,0.84246,1.50,1.87
2017.03.27 17:37:56.394,0.84237,0.84246,1.12,1.00
2017.03.27 17:37:56.938,0.84237,0.84247,1.50,1.05
2017.03.27 17:37:58.211,0.84237,0.84246,1.12,1.00
2017.03.27 17:37:58.777,0.84235,0.84241,1.87,1.00
2017.03.27 17:37:58.930,0.8423,0.84239,3.56,1.05
2017.03.27 17:38:00.252,0.8423,0.84239,2.44,2.18
2017.03.27 17:38:00.522,0.8423,0.8424,2.81,1.43
2017.03.27 17:38:01.050,0.8423,0.8424,1.50,1.05
2017.03.27 17:38:01.256,0.84234,0.8424,1.00,1.05
2017.03.27 17:38:01.307,0.84234,0.84242,1.50,1.43
2017.03.27 17:38:01.408,0.84233,0.84241,1.00,2.62
2017.03.27 17:38:01.560,0.84231,0.84241,1.69,2.62
2017.03.27 17:38:01.611,0.84231,0.84241,2.06,1.12
2017.03.27 17:38:01.864,0.84234,0.84241,1.00,1.00
2017.03.27 17:38:02.290,0.84232,0.84242,1.00,1.50
2017.03.27 17:38:02.449,0.84231,0.8424,1.50,1.87
2017.03.27 17:38:02.500,0.84231,0.8424,1.87,1.12
2017.03.27 17:38:03.324,0.84232,0.84243,1.50,3.68
2017.03.27 17:38:03.376,0.84235,0.84243,1.00,2.55
2017.03.27 17:38:03.479,0.84233,0.84244,2.25,2.93
2017.03.27 17:38:07.346,0.84233,0.84244,2.44,2.18
2017.03.27 17:38:07.908,0.84233,0.84244,2.44,2.18
2017.03.27 17:38:08.983,0.84233,0.84243,1.00,1.00
2017.03.27 17:38:10.328,0.84233,0.84241,1.00,1.00
2017.03.27 17:38:10.854,0.84232,0.84241,2.06,1.00
2017.03.27 17:38:11.439,0.84232,0.84241,1.87,1.80
2017.03.27 17:38:11.967,0.84232,0.84241,1.00,2.18
2017.03.27 17:38:12.500,0.84232,0.8424,1.00,1.00
2017.03.27 17:38:13.092,0.84232,0.84239,1.00,1.00
2017.03.27 17:38:13.707,0.84229,0.84239,3.00,1.00
2017.03.27 17:38:15.038,0.84231,0.8424,1.00,1.00
2017.03.27 17:38:15.342,0.8423,0.84238,1.00,1.00
2017.03.27 17:38:15.855,0.84229,0.84239,1.12,4.80
2017.03.27 17:38:16.360,0.84228,0.84236,1.00,1.05
2017.03.27 17:38:16.930,0.84227,0.84236,1.87,1.43
2017.03.27 17:38:18.829,0.84227,0.84236,1.69,1.05
2017.03.27 17:38:19.136,0.84227,0.84236,1.50,1.75
2017.03.27 17:38:20.255,0.84227,0.84236,1.50,1.12
2017.03.27 17:38:21.922,0.84227,0.84236,1.50,1.50
2017.03.27 17:38:23.907,0.8423,0.84239,1.00,5.62
2017.03.27 17:38:23.959,0.84231,0.84239,1.00,1.50
2017.03.27 17:38:24.538,0.8423,0.8424,1.87,1.12
2017.03.27 17:38:25.854,0.8423,0.8424,1.50,1.12
2017.03.27 17:38:26.390,0.8423,0.8424,1.00,1.12
2017.03.27 17:38:26.441,0.84232,0.8424,1.12,1.12
2017.03.27 17:38:31.179,0.84233,0.84242,1.00,1.75
2017.03.27 17:38:36.185,0.8423,0.8424,2.62,1.12
2017.03.27 17:38:36.438,0.84229,0.84238,3.37,1.75
2017.03.27 17:38:37.110,0.84229,0.84238,1.50,2.25
2017.03.27 17:38:37.778,0.84227,0.84238,3.00,1.75
2017.03.27 17:38:41.022,0.8423,0.84239,1.37,4.87
2017.03.27 17:38:41.073,0.8423,0.84239,1.87,1.12
2017.03.27 17:38:41.753,0.84231,0.84239,1.00,1.00
2017.03.27 17:38:42.482,0.84231,0.84241,1.37,1.50
2017.03.27 17:38:42.988,0.84233,0.84242,1.00,1.75
2017.03.27 17:38:43.439,0.84231,0.8424,3.37,1.12
2017.03.27 17:38:43.541,0.84229,0.84238,2.25,1.00
2017.03.27 17:38:43.743,0.84228,0.8424,1.87,2.25
2017.03.27 17:38:43.945,0.84229,0.84238,1.00,1.75
2017.03.27 17:38:44.047,0.84231,0.84241,1.37,1.87
2017.03.27 17:38:44.639,0.84231,0.84241,1.50,2.25
2017.03.27 17:38:45.683,0.8423,0.84238,1.37,1.00
2017.03.27 17:38:45.986,0.8423,0.84239,1.00,2.25
2017.03.27 17:38:47.244,0.84227,0.84238,4.69,2.25
2017.03.27 17:38:47.346,0.84227,0.84238,3.19,1.87
2017.03.27 17:38:48.938,0.84227,0.84238,3.19,1.12
2017.03.27 17:38:49.488,0.84228,0.84239,1.69,2.25
2017.03.27 17:38:50.155,0.84228,0.84239,2.44,1.87
2017.03.27 17:38:50.701,0.84228,0.84237,1.50,1.12
2017.03.27 17:38:51.251,0.84228,0.84237,1.50,1.12
2017.03.27 17:38:51.302,0.84229,0.8424,1.87,3.00
2017.03.27 17:38:51.457,0.84233,0.84241,1.00,1.37
2017.03.27 17:38:51.509,0.84235,0.84243,1.37,1.12
2017.03.27 17:38:51.662,0.84234,0.84242,1.12,1.50
2017.03.27 17:38:51.763,0.84233,0.84242,1.87,2.25
2017.03.27 17:38:52.126,0.84231,0.8424,1.00,1.87
2017.03.27 17:38:52.632,0.84229,0.84239,1.50,1.87
2017.03.27 17:38:53.397,0.8423,0.84239,1.12,1.50
2017.03.27 17:38:53.836,0.8423,0.84241,3.75,1.87
2017.03.27 17:38:54.449,0.84231,0.84242,2.25,1.50
2017.03.27 17:38:54.954,0.84231,0.84242,1.87,1.87
2017.03.27 17:38:56.252,0.84231,0.84242,1.87,2.25
2017.03.27 17:38:57.647,0.84231,0.8424,1.50,1.12
2017.03.27 17:38:58.449,0.84231,0.84242,1.87,3.37
2017.03.27 17:38:58.551,0.84232,0.84242,1.12,1.87
2017.03.27 17:38:59.131,0.84233,0.84242,1.00,1.87
2017.03.27 17:38:59.717,0.84233,0.84241,1.00,1.00
2017.03.27 17:39:00.442,0.84232,0.84241,1.00,1.50
2017.03.27 17:39:01.514,0.84231,0.8424,1.50,1.87
2017.03.27 17:39:01.565,0.8423,0.8424,1.25,1.00
2017.03.27 17:39:01.616,0.8423,0.84239,1.00,1.50
2017.03.27 17:39:01.970,0.84228,0.84237,1.69,1.87
2017.03.27 17:39:02.173,0.84228,0.84238,1.25,1.12
2017.03.27 17:39:02.691,0.84228,0.84237,1.31,1.00
2017.03.27 17:39:04.402,0.84229,0.84238,1.00,2.47
2017.03.27 17:39:06.442,0.84228,0.84238,1.12,1.37
2017.03.27 17:39:06.977,0.84227,0.84238,1.00,3.37
2017.03.27 17:39:07.078,0.84227,0.84238,1.00,1.87
2017.03.27 17:39:08.277,0.84227,0.84238,1.00,2.25
2017.03.27 17:39:08.919,0.84227,0.84236,1.00,1.00
2017.03.27 17:39:09.151,0.84227,0.84238,1.00,2.62
2017.03.27 17:39:10.362,0.84229,0.84238,1.00,1.50
2017.03.27 17:39:10.757,0.84229,0.8424,3.94,1.80
2017.03.27 17:39:10.808,0.84231,0.84241,1.12,1.00
2017.03.27 17:39:11.421,0.84232,0.84241,1.00,1.00
2017.03.27 17:39:11.927,0.84231,0.84242,2.25,1.80
2017.03.27 17:39:12.724,0.84231,0.84241,2.62,1.12
2017.03.27 17:39:13.237,0.84231,0.84241,2.62,1.37
2017.03.27 17:39:13.793,0.84231,0.84242,2.25,3.68
2017.03.27 17:39:14.400,0.84231,0.84241,2.62,1.37
2017.03.27 17:39:14.946,0.84231,0.84242,2.25,3.68
2017.03.27 17:39:15.478,0.84231,0.84241,1.37,1.87
2017.03.27 17:39:18.689,0.84231,0.84241,3.37,1.87
2017.03.27 17:39:19.389,0.84232,0.84241,1.87,2.62
2017.03.27 17:39:20.313,0.84232,0.84241,1.87,1.50
2017.03.27 17:39:21.939,0.84232,0.84241,1.37,1.37
2017.03.27 17:39:21.990,0.84233,0.84241,2.62,1.37
2017.03.27 17:39:22.041,0.84234,0.84242,1.37,1.12
2017.03.27 17:39:22.565,0.84234,0.84242,1.37,1.37
2017.03.27 17:39:23.080,0.84234,0.84242,1.37,1.12
2017.03.27 17:39:23.131,0.84232,0.84242,2.25,1.87
2017.03.27 17:39:23.232,0.84232,0.84241,1.00,1.37
2017.03.27 17:39:23.283,0.84231,0.84242,3.75,1.87
2017.03.27 17:39:23.789,0.84234,0.84243,1.87,2.25
2017.03.27 17:39:25.861,0.84234,0.84244,2.62,1.37
2017.03.27 17:39:26.266,0.84234,0.84245,1.12,4.12
2017.03.27 17:39:27.410,0.84233,0.84244,4.12,1.87
2017.03.27 17:39:28.295,0.84233,0.84244,3.00,1.00
2017.03.27 17:39:28.987,0.84234,0.84245,1.12,3.75
2017.03.27 17:39:29.144,0.84234,0.84245,1.12,5.25
2017.03.27 17:39:29.413,0.84234,0.84245,1.12,2.62
2017.03.27 17:39:29.954,0.84234,0.84244,1.12,1.12
2017.03.27 17:39:30.531,0.84234,0.84244,1.00,1.50
2017.03.27 17:39:31.039,0.84234,0.84243,1.00,2.62
2017.03.27 17:39:31.555,0.84233,0.84243,1.87,1.87
2017.03.27 17:39:32.251,0.84233,0.84243,1.87,2.25
2017.03.27 17:39:32.763,0.84233,0.84243,1.87,1.50
2017.03.27 17:39:33.296,0.84233,0.84243,1.12,1.87
2017.03.27 17:39:33.823,0.84234,0.84243,1.00,1.50
2017.03.27 17:39:35.331,0.84232,0.84242,1.12,1.00
2017.03.27 17:39:35.870,0.84232,0.84241,1.00,1.12
2017.03.27 17:39:36.376,0.84232,0.8424,1.37,1.00
2017.03.27 17:39:36.896,0.84231,0.8424,1.00,1.12
2017.03.27 17:39:39.192,0.84232,0.84241,1.00,3.37
2017.03.27 17:39:39.891,0.84232,0.84241,1.00,4.87
2017.03.27 17:39:40.144,0.84232,0.84241,1.00,3.37
2017.03.27 17:39:40.195,0.8423,0.84241,1.00,2.25
2017.03.27 17:39:40.448,0.84231,0.84241,3.37,1.12
2017.03.27 17:39:40.987,0.84231,0.84242,3.75,2.25
2017.03.27 17:39:42.686,0.84231,0.84242,1.87,1.87
2017.03.27 17:39:42.991,0.84231,0.8424,3.37,1.00
2017.03.27 17:39:43.515,0.84232,0.84241,3.37,1.87
2017.03.27 17:39:44.027,0.84232,0.8424,2.62,1.12
2017.03.27 17:39:45.383,0.84233,0.84241,1.37,1.12
2017.03.27 17:39:46.025,0.84233,0.84242,1.37,1.87
2017.03.27 17:39:47.615,0.84233,0.84243,2.62,2.62
2017.03.27 17:39:48.097,0.84233,0.8424,1.87,1.37
2017.03.27 17:39:48.148,0.84232,0.8424,1.87,1.37
2017.03.27 17:39:48.427,0.84232,0.84241,3.37,1.00
2017.03.27 17:39:48.529,0.84232,0.84241,3.37,1.37
2017.03.27 17:39:49.067,0.84232,0.84241,2.62,1.87
2017.03.27 17:39:49.657,0.84232,0.8424,2.62,1.37
2017.03.27 17:39:50.185,0.84232,0.84241,2.62,1.12
2017.03.27 17:39:50.287,0.84232,0.84242,1.00,1.87
2017.03.27 17:39:50.793,0.84232,0.84241,1.00,1.00
2017.03.27 17:39:51.122,0.84234,0.84242,1.12,1.87
2017.03.27 17:39:52.428,0.84234,0.84243,1.00,1.12
2017.03.27 17:39:53.133,0.84234,0.84241,1.00,1.00
2017.03.27 17:39:53.729,0.84232,0.84241,1.87,1.00
2017.03.27 17:39:54.001,0.84232,0.84241,4.12,1.00
2017.03.27 17:39:54.539,0.84233,0.84242,1.00,1.12
2017.03.27 17:39:55.225,0.84235,0.84243,1.00,1.00
2017.03.27 17:39:55.801,0.84235,0.84244,1.00,1.00
2017.03.27 17:39:59.576,0.84234,0.84242,1.12,1.00
2017.03.27 17:39:59.677,0.84232,0.84241,1.31,1.00
2017.03.27 17:40:00.211,0.84232,0.84241,1.62,1.00
2017.03.27 17:40:02.575,0.84234,0.84242,1.00,1.00
2017.03.27 17:40:04.129,0.84233,0.84242,1.00,1.87
2017.03.27 17:40:06.154,0.84231,0.84242,3.94,3.00
2017.03.27 17:40:08.101,0.84231,0.84241,2.81,1.05
2017.03.27 17:40:10.745,0.84231,0.84242,1.87,2.55
2017.03.27 17:40:11.321,0.8423,0.84241,2.44,2.55
2017.03.27 17:40:11.842,0.8423,0.84241,3.56,1.05
2017.03.27 17:40:12.436,0.84232,0.84241,1.00,1.80
2017.03.27 17:40:14.848,0.84231,0.84241,1.00,1.80
2017.03.27 17:40:16.676,0.84231,0.84241,1.37,1.80
2017.03.27 17:40:17.797,0.8423,0.84241,3.19,1.80
2017.03.27 17:40:21.560,0.8423,0.84241,2.06,2.18
2017.03.27 17:40:22.150,0.8423,0.84241,2.06,1.80
2017.03.27 17:40:25.902,0.84231,0.84241,1.00,1.12
2017.03.27 17:40:26.430,0.84232,0.84241,1.12,1.00
2017.03.27 17:40:29.586,0.84232,0.84242,1.00,1.80
2017.03.27 17:40:29.991,0.84231,0.84242,1.87,2.18
2017.03.27 17:40:30.143,0.84231,0.84241,1.00,1.00
2017.03.27 17:40:30.689,0.84232,0.84242,1.25,1.43
2017.03.27 17:40:33.154,0.84232,0.84242,1.25,1.50
2017.03.27 17:40:35.368,0.84233,0.84242,1.00,1.50
2017.03.27 17:40:37.888,0.84234,0.84242,1.00,1.37
2017.03.27 17:40:38.472,0.84232,0.84243,3.19,1.87
2017.03.27 17:40:39.090,0.84232,0.84241,1.87,1.12
2017.03.27 17:40:43.161,0.84232,0.84243,3.75,2.62
2017.03.27 17:40:43.678,0.84232,0.84243,3.37,2.62
2017.03.27 17:40:45.658,0.84232,0.84243,1.50,3.00
2017.03.27 17:40:53.202,0.84231,0.8424,1.50,1.00
2017.03.27 17:40:53.584,0.84231,0.84241,1.37,1.50
2017.03.27 17:41:02.073,0.84233,0.84242,1.37,1.50
2017.03.27 17:41:02.676,0.84233,0.84242,1.00,1.50
2017.03.27 17:41:05.028,0.84235,0.84243,1.00,2.25
2017.03.27 17:41:05.534,0.84236,0.84245,1.50,2.25
2017.03.27 17:41:06.055,0.84236,0.84245,1.50,1.12
2017.03.27 17:41:06.258,0.84235,0.84245,1.50,2.25
2017.03.27 17:41:06.495,0.84233,0.84243,2.62,1.50
2017.03.27 17:41:06.546,0.84233,0.84243,1.87,2.25
2017.03.27 17:41:06.647,0.84233,0.84243,1.50,1.50
2017.03.27 17:41:06.951,0.84233,0.84244,1.87,3.00
2017.03.27 17:41:07.456,0.84235,0.84244,1.12,1.50
2017.03.27 17:41:10.290,0.84235,0.84244,1.87,1.50
2017.03.27 17:41:13.222,0.84237,0.84246,1.37,2.25
2017.03.27 17:41:13.273,0.84237,0.84246,1.37,2.25
2017.03.27 17:41:13.468,0.84236,0.84246,1.37,1.75
2017.03.27 17:41:13.519,0.84236,0.84246,1.12,1.75
2017.03.27 17:41:13.880,0.84237,0.84247,1.00,1.75
2017.03.27 17:41:14.391,0.84237,0.84248,1.87,3.00
2017.03.27 17:41:15.817,0.84237,0.84247,1.00,3.00
2017.03.27 17:41:15.868,0.84237,0.84247,1.00,3.00
2017.03.27 17:41:16.175,0.84235,0.84245,1.87,5.62
2017.03.27 17:41:16.860,0.84235,0.84244,1.87,1.50
2017.03.27 17:41:16.962,0.84236,0.84246,1.12,3.00
2017.03.27 17:41:17.063,0.84236,0.84246,1.87,1.12
2017.03.27 17:41:17.686,0.84237,0.84247,1.37,1.87
2017.03.27 17:41:17.990,0.84238,0.84248,3.37,1.75
2017.03.27 17:41:18.243,0.84237,0.84248,3.00,2.25
2017.03.27 17:41:18.408,0.84237,0.84248,2.62,2.25
2017.03.27 17:41:19.350,0.84237,0.84246,1.50,1.75
2017.03.27 17:41:20.359,0.84239,0.84247,1.00,1.87
2017.03.27 17:41:20.461,0.84239,0.84247,1.00,1.50
2017.03.27 17:41:23.732,0.84241,0.8425,1.00,6.37
2017.03.27 17:41:24.251,0.84241,0.8425,1.00,1.75
2017.03.27 17:41:26.387,0.84242,0.84251,1.12,1.50
2017.03.27 17:41:26.741,0.84244,0.84251,1.12,1.00
2017.03.27 17:41:26.793,0.84244,0.84253,1.12,1.50
2017.03.27 17:41:27.533,0.84245,0.84254,1.12,1.50
2017.03.27 17:41:28.078,0.84246,0.84255,1.00,1.12
2017.03.27 17:41:29.350,0.84249,0.84256,1.00,1.87
2017.03.27 17:41:29.401,0.84249,0.84257,1.69,1.00
2017.03.27 17:41:29.908,0.8425,0.8426,1.25,1.75
2017.03.27 17:41:31.989,0.84249,0.84256,1.19,1.00
2017.03.27 17:41:32.179,0.84248,0.84257,1.31,2.25
2017.03.27 17:41:33.294,0.84247,0.84255,1.69,1.12
2017.03.27 17:41:33.840,0.84246,0.84254,1.19,1.00
2017.03.27 17:41:36.061,0.84248,0.84257,1.00,3.37
2017.03.27 17:41:36.112,0.84248,0.84258,1.87,1.87
2017.03.27 17:41:36.592,0.84249,0.84258,1.00,2.25
2017.03.27 17:41:36.803,0.84249,0.84258,1.12,1.00
2017.03.27 17:41:40.377,0.8425,0.84259,1.00,2.25
2017.03.27 17:41:42.704,0.84248,0.84257,1.12,1.12
2017.03.27 17:41:42.755,0.84248,0.84257,1.00,2.62
2017.03.27 17:41:43.380,0.84248,0.84257,1.00,1.87
2017.03.27 17:41:45.018,0.84247,0.84255,1.00,1.00
2017.03.27 17:41:45.567,0.84246,0.84255,1.00,1.37
2017.03.27 17:41:46.111,0.84245,0.84255,3.19,1.37
2017.03.27 17:41:50.565,0.84245,0.84255,1.00,1.75
2017.03.27 17:41:53.023,0.84246,0.84255,1.00,2.25
2017.03.27 17:41:55.204,0.84246,0.84255,1.00,2.25
2017.03.27 17:42:00.912,0.84246,0.84256,1.00,1.00
2017.03.27 17:42:01.037,0.84248,0.84257,1.00,1.87
2017.03.27 17:42:01.342,0.84248,0.84258,1.25,1.87
2017.03.27 17:42:02.436,0.84249,0.84258,1.00,1.50
2017.03.27 17:42:02.980,0.84249,0.84259,2.06,1.37
2017.03.27 17:42:03.796,0.84249,0.84259,1.00,1.12
2017.03.27 17:42:04.401,0.84248,0.84259,2.81,1.87
2017.03.27 17:42:04.850,0.84249,0.84259,1.19,1.87
2017.03.27 17:42:06.736,0.84248,0.84259,2.81,1.87
2017.03.27 17:42:07.326,0.84248,0.84259,2.81,1.87
2017.03.27 17:42:07.954,0.84249,0.84258,2.06,1.00
2017.03.27 17:42:08.718,0.84249,0.8426,1.69,2.25
2017.03.27 17:42:10.129,0.8425,0.8426,1.19,2.25
2017.03.27 17:42:10.636,0.84249,0.8426,3.19,2.25
2017.03.27 17:42:13.258,0.84252,0.8426,1.00,1.12
2017.03.27 17:42:13.802,0.84252,0.84261,2.44,1.12
2017.03.27 17:42:14.226,0.84252,0.8426,1.00,1.50
2017.03.27 17:42:14.278,0.84252,0.8426,1.00,1.12
2017.03.27 17:42:15.260,0.84251,0.84261,1.69,1.50
2017.03.27 17:42:16.122,0.84252,0.84262,2.06,2.62
2017.03.27 17:42:17.023,0.84253,0.84262,1.00,2.62
2017.03.27 17:42:17.536,0.84254,0.84262,1.00,1.00
2017.03.27 17:42:17.942,0.84255,0.84266,3.19,2.62
2017.03.27 17:42:18.224,0.84257,0.84266,1.50,1.87
2017.03.27 17:42:18.731,0.84258,0.84267,1.25,1.00
2017.03.27 17:42:20.115,0.84259,0.84269,1.00,1.87
2017.03.27 17:42:20.504,0.84261,0.84269,1.25,1.12
2017.03.27 17:42:20.555,0.84261,0.84271,1.25,2.62
2017.03.27 17:42:21.106,0.84262,0.84271,1.87,2.62
2017.03.27 17:42:21.621,0.84262,0.84271,1.12,1.87
2017.03.27 17:42:22.638,0.84263,0.84273,1.25,1.75
2017.03.27 17:42:23.176,0.84262,0.8427,1.25,1.00
2017.03.27 17:42:24.022,0.84261,0.84271,1.69,1.12
2017.03.27 17:42:28.542,0.84262,0.84271,1.25,1.87
2017.03.27 17:42:34.744,0.8426,0.84271,2.62,1.50
2017.03.27 17:42:35.382,0.84261,0.84271,1.00,1.00
2017.03.27 17:42:36.092,0.84261,0.84267,1.00,1.00
2017.03.27 17:42:36.702,0.84261,0.84268,1.50,1.00
2017.03.27 17:42:37.642,0.8426,0.84268,1.87,1.00
2017.03.27 17:42:38.777,0.84259,0.84264,1.50,1.00
2017.03.27 17:42:38.880,0.84257,0.84262,1.12,1.00
2017.03.27 17:42:39.032,0.84257,0.84264,1.12,1.00
2017.03.27 17:42:39.775,0.84256,0.84264,2.06,1.00
2017.03.27 17:42:40.259,0.84256,0.84264,3.37,1.00
2017.03.27 17:42:40.994,0.84256,0.84264,1.87,1.00
2017.03.27 17:42:41.529,0.84256,0.84264,1.87,1.00
2017.03.27 17:42:44.536,0.84257,0.84264,1.00,1.00
2017.03.27 17:42:46.476,0.84258,0.84264,1.00,1.00
2017.03.27 17:42:47.019,0.84257,0.84264,1.00,1.12
2017.03.27 17:42:48.090,0.84256,0.84264,1.25,1.00
2017.03.27 17:42:49.639,0.84257,0.84264,1.00,1.00
2017.03.27 17:42:50.455,0.84254,0.84262,1.87,1.12
2017.03.27 17:42:50.507,0.84252,0.84257,1.00,1.00
2017.03.27 17:42:50.580,0.8425,0.84257,1.12,1.00
2017.03.27 17:42:50.783,0.84252,0.84258,1.00,1.12
2017.03.27 17:42:51.506,0.84252,0.84257,1.87,1.00
2017.03.27 17:42:51.558,0.84251,0.84256,1.00,1.00
2017.03.27 17:42:51.610,0.84249,0.84255,1.12,1.00
2017.03.27 17:42:52.615,0.84247,0.84255,1.87,1.00
2017.03.27 17:42:53.648,0.84248,0.84255,1.12,1.00
2017.03.27 17:42:55.866,0.84247,0.84255,1.50,1.00
2017.03.27 17:42:59.087,0.84247,0.84253,1.50,1.00
2017.03.27 17:42:59.635,0.84245,0.84252,2.25,1.00
2017.03.27 17:43:04.929,0.84246,0.84254,1.12,1.00
2017.03.27 17:43:05.528,0.84245,0.84253,1.87,1.00
2017.03.27 17:43:05.988,0.84245,0.84252,2.62,1.00
2017.03.27 17:43:06.506,0.84245,0.84252,1.37,1.00
2017.03.27 17:43:11.247,0.84245,0.84253,1.50,1.00
2017.03.27 17:43:12.981,0.84244,0.84252,1.12,1.00
2017.03.27 17:43:13.032,0.84244,0.8425,1.50,1.00
2017.03.27 17:43:14.567,0.84244,0.8425,1.37,1.00
2017.03.27 17:43:15.096,0.84244,0.84251,1.50,1.00
2017.03.27 17:43:17.067,0.84245,0.84251,1.50,1.00
2017.03.27 17:43:17.592,0.84245,0.84251,1.50,1.00
2017.03.27 17:43:18.734,0.84244,0.8425,1.50,1.00
2017.03.27 17:43:20.649,0.84244,0.84251,1.87,1.00
2017.03.27 17:43:25.690,0.84244,0.84248,1.50,1.00
2017.03.27 17:43:25.791,0.84242,0.84248,1.50,1.00
2017.03.27 17:43:26.311,0.84242,0.84247,1.50,1.00
2017.03.27 17:43:27.183,0.84242,0.84248,1.69,1.00
2017.03.27 17:43:27.234,0.84245,0.84249,1.00,1.00
2017.03.27 17:43:27.386,0.84245,0.84251,1.00,1.00
2017.03.27 17:43:30.460,0.84246,0.84251,1.00,1.00
2017.03.27 17:43:32.447,0.84246,0.84252,1.00,1.00
2017.03.27 17:43:32.801,0.84247,0.84253,2.25,1.00
2017.03.27 17:43:33.508,0.84247,0.84253,1.87,1.00
2017.03.27 17:43:33.812,0.84244,0.8425,1.87,1.00
2017.03.27 17:43:38.302,0.84246,0.84251,1.00,1.00
2017.03.27 17:43:38.897,0.84247,0.84252,1.00,1.00
2017.03.27 17:43:46.487,0.84246,0.84252,1.00,1.00
2017.03.27 17:43:47.026,0.84247,0.84252,1.00,1.00
2017.03.27 17:43:47.339,0.84245,0.8425,1.50,1.00
2017.03.27 17:43:47.541,0.84246,0.84253,1.37,1.00
2017.03.27 17:43:48.211,0.84246,0.84252,1.87,1.00
2017.03.27 17:43:49.938,0.84245,0.8425,1.87,1.00
2017.03.27 17:43:49.989,0.84245,0.8425,1.12,1.00
2017.03.27 17:43:50.988,0.84244,0.8425,1.12,1.00
2017.03.27 17:43:56.120,0.84244,0.8425,1.50,1.00
2017.03.27 17:43:57.792,0.84244,0.84251,2.25,1.00
2017.03.27 17:43:57.944,0.84242,0.84249,3.75,1.00
2017.03.27 17:43:58.197,0.84243,0.84251,1.50,1.00
2017.03.27 17:43:59.432,0.84242,0.84249,3.00,1.00
2017.03.27 17:43:59.762,0.8424,0.84246,1.37,1.00
2017.03.27 17:44:00.287,0.8424,0.84246,1.00,1.00
2017.03.27 17:44:00.788,0.84239,0.84246,2.25,1.00
2017.03.27 17:44:01.814,0.84238,0.84246,2.62,1.00
2017.03.27 17:44:02.657,0.84238,0.84244,1.12,1.00
2017.03.27 17:44:02.961,0.84234,0.8424,3.37,1.00
2017.03.27 17:44:03.012,0.84232,0.84238,3.37,1.00
2017.03.27 17:44:03.063,0.84234,0.84239,1.00,1.00
2017.03.27 17:44:03.677,0.84233,0.84238,1.00,1.00
2017.03.27 17:44:03.981,0.84232,0.84239,2.62,1.00
2017.03.27 17:44:04.437,0.84232,0.84238,2.25,1.00
2017.03.27 17:44:04.718,0.84234,0.8424,1.00,1.00
2017.03.27 17:44:06.644,0.84235,0.8424,1.00,1.00
2017.03.27 17:44:07.670,0.84235,0.84243,1.00,1.50
2017.03.27 17:44:07.721,0.84235,0.84241,1.50,1.00
2017.03.27 17:44:07.975,0.84234,0.84241,1.87,1.00
2017.03.27 17:44:08.665,0.84235,0.84241,1.31,1.00
2017.03.27 17:44:08.867,0.84237,0.84244,2.62,1.00
2017.03.27 17:44:09.387,0.84238,0.84244,1.12,1.00
2017.03.27 17:44:11.501,0.8424,0.84246,1.87,1.00
2017.03.27 17:44:11.603,0.8424,0.84246,1.87,1.00
2017.03.27 17:44:11.704,0.84239,0.84246,1.87,1.00
2017.03.27 17:44:11.805,0.84241,0.84248,1.50,1.00
2017.03.27 17:44:11.958,0.84241,0.84248,2.06,1.00
2017.03.27 17:44:12.290,0.84239,0.84247,2.81,1.00
2017.03.27 17:44:12.873,0.84238,0.84244,2.81,1.00
2017.03.27 17:44:13.855,0.84237,0.84244,1.50,1.00
2017.03.27 17:44:14.367,0.84238,0.84244,1.12,1.00
2017.03.27 17:44:14.670,0.84234,0.84239,1.87,1.00
2017.03.27 17:44:15.211,0.84233,0.84239,1.50,1.00
2017.03.27 17:44:22.121,0.84237,0.84242,1.00,1.00
2017.03.27 17:44:22.629,0.84238,0.84243,1.00,1.00
2017.03.27 17:44:22.933,0.84236,0.84241,1.00,1.00
2017.03.27 17:44:23.107,0.84234,0.84241,1.12,1.00
2017.03.27 17:44:23.360,0.84234,0.84239,1.50,1.00
2017.03.27 17:44:23.462,0.84232,0.84239,1.12,1.00
2017.03.27 17:44:23.990,0.84231,0.84236,1.00,1.00
2017.03.27 17:44:24.203,0.84231,0.84239,1.00,1.00
2017.03.27 17:44:24.432,0.84231,0.84237,1.00,1.00
2017.03.27 17:44:24.963,0.84229,0.84237,1.87,1.00
2017.03.27 17:44:26.417,0.84231,0.84237,1.00,1.00
2017.03.27 17:44:27.932,0.84231,0.84238,1.00,1.00
2017.03.27 17:44:28.034,0.84232,0.8424,1.12,1.00
2017.03.27 17:44:28.559,0.84233,0.8424,1.12,1.00
2017.03.27 17:44:31.351,0.84232,0.84238,1.37,1.37
2017.03.27 17:44:31.402,0.8423,0.84237,1.50,1.00
2017.03.27 17:44:31.453,0.84232,0.84237,1.37,1.00
2017.03.27 17:44:31.504,0.84232,0.84239,1.37,1.00
2017.03.27 17:44:31.555,0.84231,0.84238,1.00,1.12
2017.03.27 17:44:31.656,0.8423,0.84236,1.00,1.00
2017.03.27 17:44:32.162,0.84231,0.84237,1.12,1.00
2017.03.27 17:44:32.584,0.84228,0.84234,1.50,1.00
2017.03.27 17:44:32.887,0.84227,0.84231,1.00,1.00
2017.03.27 17:44:33.210,0.84224,0.84231,2.44,1.00
2017.03.27 17:44:33.716,0.84223,0.8423,1.75,1.00
2017.03.27 17:44:34.295,0.84225,0.84231,1.37,1.00
2017.03.27 17:44:34.600,0.84224,0.8423,1.75,1.00
2017.03.27 17:44:35.132,0.84224,0.84229,1.37,1.00
2017.03.27 17:44:36.763,0.84222,0.84228,1.87,1.00
2017.03.27 17:44:36.815,0.8422,0.84226,2.62,1.00
2017.03.27 17:44:37.171,0.84223,0.84228,1.00,1.12
2017.03.27 17:44:38.171,0.84222,0.84228,1.12,1.00
2017.03.27 17:44:38.467,0.84219,0.84226,1.37,1.37
2017.03.27 17:44:38.569,0.84218,0.84226,1.00,1.37
2017.03.27 17:44:38.924,0.8422,0.84226,1.00,1.00
2017.03.27 17:44:39.127,0.8422,0.84228,1.00,2.25
2017.03.27 17:44:39.634,0.84219,0.84227,1.50,1.12
2017.03.27 17:44:40.177,0.84218,0.84228,1.87,1.37
2017.03.27 17:44:41.410,0.84217,0.84225,1.12,1.37
2017.03.27 17:44:41.809,0.84215,0.84222,1.12,1.00
2017.03.27 17:44:42.455,0.84213,0.84222,1.50,1.00
2017.03.27 17:44:43.004,0.84213,0.84221,1.50,1.00
2017.03.27 17:44:43.509,0.84213,0.84221,1.75,1.00
2017.03.27 17:44:44.891,0.84215,0.84223,1.50,1.00
2017.03.27 17:44:44.942,0.84218,0.84225,1.00,1.50
2017.03.27 17:44:45.327,0.84219,0.84227,1.37,1.12
2017.03.27 17:44:46.094,0.84219,0.84227,1.12,1.37
2017.03.27 17:44:47.113,0.84218,0.84226,1.50,1.00
2017.03.27 17:44:48.324,0.84217,0.84225,2.25,1.12
2017.03.27 17:44:48.701,0.84218,0.84222,1.00,1.00
2017.03.27 17:44:49.271,0.84216,0.84224,1.75,1.00
2017.03.27 17:44:49.789,0.84216,0.84225,1.87,1.00
2017.03.27 17:44:53.377,0.8422,0.84225,1.00,1.00
2017.03.27 17:44:53.428,0.8422,0.84228,1.12,1.00
2017.03.27 17:44:53.884,0.84219,0.84225,1.12,1.00
2017.03.27 17:44:54.568,0.84218,0.84226,6.37,1.00
2017.03.27 17:44:54.713,0.84222,0.84229,1.37,1.12
2017.03.27 17:44:55.269,0.84222,0.8423,1.50,1.00
2017.03.27 17:44:55.790,0.84222,0.84231,2.25,1.00
2017.03.27 17:44:55.944,0.84222,0.84229,1.50,1.00
2017.03.27 17:44:56.258,0.84221,0.84227,1.37,1.00
2017.03.27 17:44:56.410,0.84222,0.84229,1.00,1.00
2017.03.27 17:44:56.765,0.84222,0.84227,1.12,1.00
2017.03.27 17:44:57.069,0.84222,0.84229,1.50,1.00
2017.03.27 17:44:57.120,0.84224,0.84231,1.00,1.00
2017.03.27 17:44:57.646,0.84223,0.8423,1.12,1.00
2017.03.27 17:44:57.936,0.84223,0.84228,1.12,1.00
2017.03.27 17:44:58.240,0.84221,0.8423,1.50,1.00
2017.03.27 17:44:58.673,0.84222,0.84227,1.12,1.00
2017.03.27 17:44:59.797,0.84223,0.84227,1.00,1.00
2017.03.27 17:45:00.409,0.84223,0.84229,1.12,1.00
2017.03.27 17:45:00.714,0.84222,0.84226,1.00,1.00
2017.03.27 17:45:01.085,0.84223,0.84229,1.00,1.00
2017.03.27 17:45:01.612,0.84222,0.84229,1.00,1.00
2017.03.27 17:45:02.604,0.84221,0.84229,1.25,1.00
2017.03.27 17:45:03.557,0.84222,0.84229,1.00,1.00
2017.03.27 17:45:03.658,0.84222,0.84227,1.00,1.00
2017.03.27 17:45:04.210,0.84221,0.84227,1.00,1.00
2017.03.27 17:45:04.718,0.8422,0.84227,1.00,1.00
2017.03.27 17:45:05.224,0.8422,0.84228,1.00,1.00
2017.03.27 17:45:05.766,0.84221,0.84228,1.00,1.00
2017.03.27 17:45:06.287,0.84218,0.84226,1.87,1.00
2017.03.27 17:45:06.692,0.8422,0.84227,1.00,1.00
2017.03.27 17:45:07.047,0.84218,0.84225,1.50,1.12
2017.03.27 17:45:07.629,0.84217,0.84225,1.12,1.00
2017.03.27 17:45:07.933,0.84219,0.84225,1.00,1.00
2017.03.27 17:45:08.439,0.84216,0.84224,3.94,1.12
2017.03.27 17:45:08.653,0.84216,0.84225,1.12,1.37
2017.03.27 17:45:09.756,0.84215,0.84223,2.62,1.00
2017.03.27 17:45:10.998,0.84217,0.84225,1.12,1.00
2017.03.27 17:45:11.688,0.84217,0.84224,1.00,1.00
2017.03.27 17:45:13.728,0.84217,0.84225,1.00,1.12
2017.03.27 17:45:13.830,0.84218,0.84227,1.50,1.00
2017.03.27 17:45:14.169,0.84218,0.84225,1.50,1.12
2017.03.27 17:45:14.755,0.84218,0.84226,1.50,1.00
2017.03.27 17:45:15.382,0.84217,0.84226,1.50,1.37
2017.03.27 17:45:15.813,0.84217,0.84224,1.50,1.37
2017.03.27 17:45:16.328,0.84218,0.84224,1.00,1.00
2017.03.27 17:45:19.240,0.84218,0.84224,1.37,1.00
2017.03.27 17:45:21.002,0.84217,0.84224,1.50,1.00
2017.03.27 17:45:21.783,0.84218,0.84227,1.50,1.00
2017.03.27 17:45:22.334,0.84218,0.84227,2.25,1.00
2017.03.27 17:45:22.488,0.8422,0.84229,1.37,2.62
2017.03.27 17:45:23.097,0.8422,0.84227,1.12,1.00
2017.03.27 17:45:23.404,0.84222,0.84231,1.12,1.00
2017.03.27 17:45:23.758,0.84222,0.84229,1.12,1.00
2017.03.27 17:45:25.236,0.84223,0.84231,1.50,1.87
2017.03.27 17:45:25.545,0.84221,0.84229,2.62,1.00
2017.03.27 17:45:27.175,0.84223,0.8423,1.00,1.00
2017.03.27 17:45:27.681,0.84224,0.84231,1.00,1.00
2017.03.27 17:45:28.674,0.84222,0.8423,1.00,1.12
2017.03.27 17:45:28.726,0.84221,0.84228,1.50,1.00
2017.03.27 17:45:29.008,0.8422,0.84228,1.87,1.12
2017.03.27 17:45:36.921,0.8422,0.84229,1.12,1.00
2017.03.27 17:45:37.023,0.84222,0.84229,1.00,1.00
2017.03.27 17:45:37.074,0.84222,0.84232,1.12,2.62
2017.03.27 17:45:37.175,0.84223,0.84232,1.12,1.12
2017.03.27 17:45:37.690,0.84224,0.84232,1.00,1.12
2017.03.27 17:45:38.269,0.84222,0.84232,1.50,1.12
2017.03.27 17:45:38.800,0.84223,0.84233,1.50,1.50
2017.03.27 17:45:39.138,0.84225,0.84234,1.12,1.50
2017.03.27 17:45:40.169,0.84225,0.84233,1.00,1.00
2017.03.27 17:45:40.675,0.84224,0.84233,1.12,1.50
2017.03.27 17:45:43.547,0.84223,0.84233,1.37,1.87
2017.03.27 17:45:43.801,0.84221,0.8423,2.25,1.00
2017.03.27 17:45:43.902,0.84223,0.84233,1.50,2.25
2017.03.27 17:45:44.417,0.84224,0.84233,1.12,1.00
2017.03.27 17:45:45.350,0.84224,0.84234,1.87,1.00
2017.03.27 17:45:46.438,0.84223,0.84231,1.37,1.00
2017.03.27 17:45:46.540,0.84222,0.8423,1.12,1.00
2017.03.27 17:45:46.854,0.84223,0.84232,1.00,1.00
2017.03.27 17:45:46.905,0.84225,0.84233,1.00,1.12
2017.03.27 17:45:46.956,0.84223,0.84233,2.62,1.12
2017.03.27 17:45:49.141,0.84224,0.84231,1.00,1.00
2017.03.27 17:45:49.294,0.84221,0.8423,3.19,1.12
2017.03.27 17:45:49.801,0.8422,0.84229,1.87,1.00
2017.03.27 17:45:49.953,0.84218,0.84228,1.87,1.12
2017.03.27 17:45:50.511,0.8422,0.84229,1.87,1.50
2017.03.27 17:45:50.858,0.8422,0.84231,2.62,1.50
2017.03.27 17:45:52.199,0.84221,0.8423,1.50,1.00
2017.03.27 17:45:57.903,0.84221,0.8423,1.00,1.00
2017.03.27 17:46:00.020,0.8422,0.84229,1.12,1.87
2017.03.27 17:46:00.424,0.8422,0.84231,2.25,3.00
2017.03.27 17:46:02.385,0.84219,0.84228,1.37,1.50
2017.03.27 17:46:02.892,0.84219,0.84229,2.62,1.37
2017.03.27 17:46:03.431,0.8422,0.8423,1.37,1.12
2017.03.27 17:46:05.047,0.8422,0.84229,2.25,1.00
2017.03.27 17:46:05.595,0.8422,0.84229,1.87,1.00
2017.03.27 17:46:06.124,0.84219,0.84229,1.12,1.00
2017.03.27 17:46:06.635,0.84219,0.8423,1.87,2.10
2017.03.27 17:46:07.693,0.84219,0.84229,1.12,1.72
2017.03.27 17:46:08.199,0.84219,0.8423,2.25,2.40
2017.03.27 17:46:08.736,0.84219,0.8423,1.87,2.40
2017.03.27 17:46:09.243,0.84218,0.84229,2.25,1.35
2017.03.27 17:46:09.757,0.84219,0.84229,1.12,1.35
2017.03.27 17:46:11.729,0.84219,0.8423,1.87,2.18
2017.03.27 17:46:14.006,0.84218,0.84229,2.25,1.00
2017.03.27 17:46:14.457,0.84221,0.8423,1.00,4.05
2017.03.27 17:46:22.869,0.84221,0.84228,1.00,1.00
2017.03.27 17:46:22.920,0.84219,0.84228,1.87,1.12
2017.03.27 17:46:25.607,0.84218,0.84228,1.50,1.00
2017.03.27 17:46:25.774,0.84216,0.84225,2.62,1.87
2017.03.27 17:46:25.926,0.84215,0.84225,1.87,1.50
2017.03.27 17:46:26.180,0.84216,0.84226,3.00,1.50
2017.03.27 17:46:29.310,0.84216,0.84226,1.50,1.50
2017.03.27 17:46:30.753,0.84217,0.84227,1.00,1.50
2017.03.27 17:46:31.291,0.84218,0.84227,1.12,1.50
2017.03.27 17:46:33.519,0.84217,0.84226,2.62,1.12
2017.03.27 17:46:34.221,0.84218,0.84227,1.12,1.37
2017.03.27 17:46:36.039,0.84218,0.84225,1.00,1.00
2017.03.27 17:46:36.638,0.84217,0.84225,1.50,1.00
2017.03.27 17:46:37.851,0.84215,0.84224,1.87,1.00
2017.03.27 17:46:37.902,0.84215,0.84221,1.50,1.00
2017.03.27 17:46:38.063,0.84221,0.84228,1.12,2.85
2017.03.27 17:46:38.368,0.84219,0.84227,1.12,1.00
2017.03.27 17:46:38.883,0.84219,0.84228,1.50,1.12
2017.03.27 17:46:40.218,0.84218,0.84226,1.12,2.62
2017.03.27 17:46:40.472,0.84216,0.84226,1.00,3.00
2017.03.27 17:46:40.574,0.84218,0.84225,1.50,1.00
2017.03.27 17:46:40.676,0.84219,0.84227,1.00,1.12
2017.03.27 17:46:40.929,0.84217,0.84226,1.50,2.25
2017.03.27 17:46:41.349,0.84216,0.84224,1.12,1.37
2017.03.27 17:46:41.923,0.84217,0.84225,1.00,1.87
2017.03.27 17:46:42.800,0.84216,0.84225,1.50,1.50
2017.03.27 17:46:43.327,0.84217,0.84226,1.50,1.87
2017.03.27 17:46:43.653,0.84219,0.84226,1.00,1.50
2017.03.27 17:46:43.804,0.84217,0.84226,1.50,1.87
2017.03.27 17:46:44.307,0.84217,0.84226,1.50,1.87
2017.03.27 17:46:45.530,0.8422,0.84227,1.37,1.37
2017.03.27 17:46:45.632,0.84221,0.84229,1.00,1.87
2017.03.27 17:46:46.157,0.84221,0.84229,1.00,1.00
2017.03.27 17:46:47.071,0.84222,0.8423,1.00,2.25
2017.03.27 17:46:47.374,0.8422,0.84229,1.00,1.87
2017.03.27 17:46:47.678,0.84222,0.8423,1.00,2.25
2017.03.27 17:46:48.744,0.84222,0.84231,1.00,3.37
2017.03.27 17:46:48.795,0.84219,0.84227,1.50,1.00
2017.03.27 17:46:48.947,0.84216,0.84224,1.25,1.87
2017.03.27 17:46:49.049,0.84214,0.84222,1.31,1.12
2017.03.27 17:46:49.504,0.84213,0.84222,1.31,2.62
2017.03.27 17:46:50.048,0.84213,0.84221,1.31,1.00
2017.03.27 17:46:50.601,0.84211,0.84219,1.87,1.00
2017.03.27 17:46:50.857,0.84212,0.84221,1.87,1.50
2017.03.27 17:46:51.426,0.84212,0.84222,2.25,1.00
2017.03.27 17:46:51.934,0.84214,0.84222,1.00,1.00
2017.03.27 17:46:52.240,0.84214,0.84224,3.56,1.12
2017.03.27 17:46:52.291,0.84214,0.84222,2.44,1.37
2017.03.27 17:46:52.594,0.84214,0.84224,2.81,2.25
2017.03.27 17:46:53.122,0.84214,0.84224,2.44,1.50
2017.03.27 17:46:53.653,0.84214,0.84224,1.62,1.50
2017.03.27 17:46:54.204,0.84214,0.84224,1.31,1.12
2017.03.27 17:46:54.306,0.84213,0.84223,1.37,1.87
2017.03.27 17:46:55.807,0.84213,0.84222,1.12,1.00
2017.03.27 17:46:57.328,0.84212,0.84222,1.12,1.50
2017.03.27 17:46:57.852,0.84212,0.84221,1.12,1.00
2017.03.27 17:46:59.100,0.84211,0.84221,1.87,1.00
2017.03.27 17:46:59.642,0.84212,0.8422,1.12,1.00
2017.03.27 17:47:00.162,0.84212,0.84221,1.12,1.12
2017.03.27 17:47:00.477,0.84214,0.84223,1.12,1.87
2017.03.27 17:47:00.781,0.84211,0.8422,1.50,1.00
2017.03.27 17:47:01.085,0.84213,0.84222,1.87,1.12
2017.03.27 17:47:01.288,0.84216,0.84224,1.37,1.50
2017.03.27 17:47:01.806,0.84217,0.84225,1.00,1.12
2017.03.27 17:47:03.290,0.84214,0.84225,3.37,2.25
2017.03.27 17:47:04.899,0.84217,0.84226,1.87,2.62
2017.03.27 17:47:05.849,0.8422,0.84227,1.00,2.25
2017.03.27 17:47:05.951,0.8422,0.84229,1.00,3.37
2017.03.27 17:47:06.052,0.84218,0.84228,1.00,1.50
2017.03.27 17:47:06.258,0.84219,0.84227,1.00,1.37
2017.03.27 17:47:06.767,0.84219,0.84227,1.37,1.00
2017.03.27 17:47:07.124,0.8422,0.84229,1.12,1.87
2017.03.27 17:47:07.175,0.8422,0.84229,1.37,1.37
2017.03.27 17:47:07.327,0.84219,0.84227,1.00,1.00
2017.03.27 17:47:07.479,0.84217,0.84226,2.62,1.00
2017.03.27 17:47:07.531,0.84217,0.84226,2.62,1.00
2017.03.27 17:47:07.859,0.84217,0.84226,2.25,1.00
2017.03.27 17:47:08.880,0.84218,0.84226,1.00,1.12
2017.03.27 17:47:09.184,0.84216,0.84224,1.37,1.00
2017.03.27 17:47:09.777,0.84215,0.84224,3.75,1.00
2017.03.27 17:47:09.979,0.84216,0.84226,1.12,1.12
2017.03.27 17:47:10.384,0.84216,0.84225,4.50,1.00
2017.03.27 17:47:10.906,0.84217,0.84226,1.12,1.12
2017.03.27 17:47:11.627,0.84219,0.84227,1.00,2.62
2017.03.27 17:47:12.290,0.84218,0.84227,1.00,2.25
2017.03.27 17:47:13.120,0.84218,0.84227,1.00,1.87
2017.03.27 17:47:13.650,0.84217,0.84225,1.00,1.87
2017.03.27 17:47:14.156,0.84218,0.84226,1.00,1.12
2017.03.27 17:47:14.269,0.84216,0.84226,2.25,1.12
2017.03.27 17:47:15.232,0.84217,0.84226,1.00,2.25
2017.03.27 17:47:15.802,0.84216,0.84225,1.12,1.00
2017.03.27 17:47:17.625,0.84216,0.84226,1.50,2.25
2017.03.27 17:47:17.726,0.84217,0.84226,1.50,1.87
2017.03.27 17:47:18.081,0.8422,0.84228,1.00,1.87
2017.03.27 17:47:18.588,0.84219,0.84228,1.00,2.25
2017.03.27 17:47:19.115,0.84217,0.84226,1.87,1.87
2017.03.27 17:47:19.256,0.84217,0.84227,1.87,1.87
2017.03.27 17:47:20.229,0.84217,0.84226,1.00,1.00
2017.03.27 17:47:21.114,0.84219,0.84228,1.00,1.87
2017.03.27 17:47:21.165,0.84219,0.84228,1.12,1.50
2017.03.27 17:47:21.419,0.84218,0.84227,1.50,1.87
2017.03.27 17:47:21.940,0.84219,0.84228,2.25,1.50
2017.03.27 17:47:22.092,0.84219,0.8423,2.25,4.12
2017.03.27 17:47:22.613,0.8422,0.8423,1.50,1.87
2017.03.27 17:47:23.376,0.8422,0.84229,1.50,1.00
2017.03.27 17:47:25.181,0.84222,0.8423,1.00,1.00
2017.03.27 17:47:25.436,0.84225,0.84234,1.12,1.50
2017.03.27 17:47:26.868,0.84225,0.84234,1.37,1.00
2017.03.27 17:47:27.398,0.84225,0.84234,1.00,1.00
2017.03.27 17:47:28.000,0.84225,0.84236,1.00,3.37
2017.03.27 17:47:28.986,0.84226,0.84235,1.00,1.12
2017.03.27 17:47:29.492,0.84227,0.84236,1.00,1.50
2017.03.27 17:47:30.828,0.84229,0.84238,1.00,3.00
2017.03.27 17:47:31.413,0.8423,0.84239,1.00,1.87
2017.03.27 17:47:31.919,0.84231,0.8424,1.00,1.50
2017.03.27 17:47:32.439,0.84231,0.8424,1.00,1.87
2017.03.27 17:47:33.446,0.8423,0.8424,1.12,2.62
2017.03.27 17:47:35.987,0.8423,0.8424,1.00,1.87
2017.03.27 17:47:36.506,0.84231,0.8424,1.00,2.62
2017.03.27 17:47:39.238,0.84231,0.8424,1.00,1.50
2017.03.27 17:47:39.289,0.8423,0.84238,1.12,1.87
2017.03.27 17:47:39.340,0.84229,0.8424,3.75,2.25
2017.03.27 17:47:39.391,0.84229,0.84239,3.00,1.87
2017.03.27 17:47:39.594,0.8423,0.84239,1.12,1.12
2017.03.27 17:47:40.304,0.84231,0.8424,1.00,1.87
2017.03.27 17:47:41.681,0.84231,0.8424,1.00,1.50
2017.03.27 17:47:42.854,0.8423,0.8424,1.00,1.12
2017.03.27 17:47:43.517,0.8423,0.8424,1.12,1.37
2017.03.27 17:47:46.194,0.84231,0.84241,1.12,1.87
2017.03.27 17:47:48.247,0.84233,0.84241,1.00,1.37
2017.03.27 17:47:48.297,0.84233,0.84242,1.00,1.50
2017.03.27 17:47:48.500,0.84233,0.84242,1.50,1.87
2017.03.27 17:47:48.551,0.84233,0.84243,1.50,1.37
2017.03.27 17:47:48.603,0.84233,0.84242,1.50,1.87
2017.03.27 17:47:48.806,0.84233,0.84243,1.50,1.50
2017.03.27 17:47:49.138,0.84233,0.84242,1.00,1.87
2017.03.27 17:47:49.661,0.84232,0.84241,1.00,1.12
2017.03.27 17:47:50.111,0.84232,0.84239,1.00,1.00
2017.03.27 17:47:50.289,0.8423,0.84238,1.87,1.00
2017.03.27 17:47:56.095,0.84232,0.84238,1.00,1.00
2017.03.27 17:47:56.708,0.84231,0.84238,1.00,1.00
2017.03.27 17:47:58.292,0.84231,0.84239,2.62,1.12
2017.03.27 17:48:01.746,0.84232,0.8424,1.37,1.50
2017.03.27 17:48:05.017,0.84231,0.8424,1.50,1.50
2017.03.27 17:48:05.169,0.8423,0.84238,1.50,1.00
2017.03.27 17:48:05.680,0.84228,0.84237,5.06,1.00
2017.03.27 17:48:10.613,0.84229,0.84237,1.12,1.00
2017.03.27 17:48:11.368,0.84229,0.84237,2.25,1.00
2017.03.27 17:48:11.419,0.84229,0.84239,2.25,1.00
2017.03.27 17:48:11.993,0.8423,0.84239,3.19,1.00
2017.03.27 17:48:12.528,0.84231,0.8424,2.25,1.50
2017.03.27 17:48:14.598,0.84231,0.8424,1.00,2.25
2017.03.27 17:48:17.485,0.84229,0.8424,3.94,2.25
2017.03.27 17:48:17.999,0.84229,0.84239,2.81,1.00
2017.03.27 17:48:21.249,0.84231,0.84239,1.37,1.00
2017.03.27 17:48:21.502,0.8423,0.84239,2.62,1.00
2017.03.27 17:48:22.139,0.84229,0.84239,1.87,1.00
2017.03.27 17:48:23.044,0.8423,0.84238,1.50,1.00
2017.03.27 17:48:23.547,0.8423,0.84238,1.37,1.00
2017.03.27 17:48:23.649,0.84231,0.8424,3.00,1.00
2017.03.27 17:48:24.185,0.84231,0.84241,3.00,1.00
2017.03.27 17:48:26.195,0.84231,0.8424,1.00,1.00
2017.03.27 17:48:26.718,0.8423,0.84239,1.37,1.00
2017.03.27 17:48:27.685,0.84232,0.84239,1.12,1.00
2017.03.27 17:48:29.008,0.84231,0.84239,1.12,1.00
2017.03.27 17:48:30.395,0.8423,0.84239,1.87,1.00
2017.03.27 17:48:31.358,0.84229,0.84238,1.50,1.00
2017.03.27 17:48:31.934,0.84228,0.84237,1.87,1.00
2017.03.27 17:48:35.071,0.84226,0.84235,1.87,1.00
2017.03.27 17:48:35.173,0.84224,0.84233,1.87,1.50
2017.03.27 17:48:36.488,0.84225,0.84234,1.12,1.87
2017.03.27 17:48:36.590,0.84225,0.84235,3.37,1.00
2017.03.27 17:48:37.160,0.84227,0.84235,1.37,1.00
2017.03.27 17:48:40.633,0.84228,0.84235,1.37,1.00
2017.03.27 17:48:41.283,0.84229,0.84237,1.87,1.00
2017.03.27 17:48:41.815,0.84229,0.84236,1.87,1.00
2017.03.27 17:48:42.597,0.84227,0.84236,1.87,1.00
2017.03.27 17:48:45.398,0.84229,0.84238,1.37,2.25
2017.03.27 17:48:48.807,0.84227,0.84237,1.50,1.37
2017.03.27 17:48:48.910,0.84225,0.84234,1.00,1.00
2017.03.27 17:48:49.216,0.84223,0.8423,1.00,1.00
2017.03.27 17:48:49.718,0.84222,0.84229,1.00,1.12
2017.03.27 17:48:50.021,0.84222,0.84227,1.00,1.00
2017.03.27 17:48:50.537,0.84221,0.84227,1.00,1.00
2017.03.27 17:48:54.923,0.84221,0.84229,1.00,1.50
2017.03.27 17:48:55.297,0.84221,0.84227,1.00,1.00
2017.03.27 17:48:55.802,0.84219,0.84227,1.00,1.00
2017.03.27 17:48:56.313,0.84219,0.84226,1.00,1.00
2017.03.27 17:48:57.163,0.84219,0.84225,1.00,1.00
2017.03.27 17:49:00.319,0.84222,0.84229,1.00,1.50
2017.03.27 17:49:00.927,0.84222,0.8423,1.00,1.00
2017.03.27 17:49:01.437,0.84222,0.8423,1.37,1.00
2017.03.27 17:49:04.952,0.84224,0.84231,1.12,1.00
2017.03.27 17:49:05.491,0.84223,0.84232,1.00,1.50
2017.03.27 17:49:06.181,0.84224,0.84231,1.00,1.00
2017.03.27 17:49:06.588,0.84222,0.84231,1.12,1.50
2017.03.27 17:49:07.112,0.84222,0.84229,1.00,1.00
2017.03.27 17:49:07.654,0.84221,0.84229,1.00,1.00
2017.03.27 17:49:11.063,0.8422,0.84228,1.00,1.00
2017.03.27 17:49:11.114,0.8422,0.84226,1.00,1.00
2017.03.27 17:49:11.724,0.84219,0.84226,1.00,1.00
2017.03.27 17:49:27.176,0.84218,0.84225,1.00,1.12
2017.03.27 17:49:27.227,0.84215,0.84224,3.00,1.00
2017.03.27 17:49:27.430,0.84219,0.84226,1.00,2.81
2017.03.27 17:49:28.052,0.84219,0.84226,1.00,1.00
2017.03.27 17:49:30.423,0.8422,0.84227,1.00,1.12
2017.03.27 17:49:31.417,0.84219,0.84227,1.00,1.00
2017.03.27 17:49:40.887,0.84219,0.84226,1.00,1.00
2017.03.27 17:49:41.891,0.8422,0.84226,1.00,1.00
2017.03.27 17:49:44.598,0.84218,0.84226,1.12,1.00
2017.03.27 17:49:49.281,0.84218,0.84227,1.00,1.12
2017.03.27 17:49:50.414,0.84218,0.84225,1.00,1.00
2017.03.27 17:49:51.021,0.84218,0.84227,1.12,1.12
2017.03.27 17:49:52.062,0.84218,0.84226,1.00,1.50
2017.03.27 17:49:52.930,0.84218,0.84227,1.12,1.12
2017.03.27 17:49:53.468,0.84218,0.84226,1.12,1.00
2017.03.27 17:49:54.704,0.84218,0.84227,1.12,1.12
2017.03.27 17:49:56.020,0.84218,0.84225,1.12,1.00
2017.03.27 17:49:57.825,0.84216,0.84225,3.00,1.00
2017.03.27 17:50:00.939,0.84217,0.84227,1.50,1.87
2017.03.27 17:50:02.002,0.84218,0.84228,1.50,3.75
2017.03.27 17:50:02.904,0.84219,0.84228,1.00,3.75
2017.03.27 17:50:03.729,0.84219,0.84228,1.00,3.75
2017.03.27 17:50:05.415,0.84219,0.84228,1.50,3.75
2017.03.27 17:50:06.232,0.84219,0.84228,1.50,2.25
2017.03.27 17:50:09.121,0.84218,0.84228,2.25,1.50
2017.03.27 17:50:11.252,0.8422,0.84228,1.00,1.00
2017.03.27 17:50:12.247,0.84219,0.84228,1.12,1.50
2017.03.27 17:50:16.815,0.8422,0.84228,1.00,1.00
2017.03.27 17:50:18.804,0.84219,0.84228,1.00,1.00
2017.03.27 17:50:23.196,0.84218,0.84228,1.12,1.12
2017.03.27 17:50:23.248,0.84218,0.84228,1.00,1.87
2017.03.27 17:50:23.551,0.84219,0.84229,1.50,1.87
2017.03.27 17:50:24.094,0.84218,0.84228,2.25,1.12
2017.03.27 17:50:24.597,0.84218,0.84228,1.87,1.87
2017.03.27 17:50:25.107,0.84219,0.84228,1.12,1.50
2017.03.27 17:50:25.875,0.84218,0.84228,1.87,1.87
2017.03.27 17:50:26.774,0.84218,0.84228,2.25,1.12
2017.03.27 17:50:29.767,0.84216,0.84226,2.62,1.50
2017.03.27 17:50:29.983,0.84216,0.84226,1.00,1.50
2017.03.27 17:50:30.756,0.84217,0.84227,1.00,2.25
2017.03.27 17:50:31.275,0.84218,0.84227,1.00,1.00
2017.03.27 17:50:35.155,0.84217,0.84227,2.25,1.00
2017.03.27 17:50:40.258,0.84217,0.84225,1.00,1.00
2017.03.27 17:50:40.794,0.84216,0.84224,1.00,1.00
2017.03.27 17:50:41.311,0.84216,0.84226,1.00,1.87
2017.03.27 17:50:41.514,0.84214,0.84224,1.00,1.00
2017.03.27 17:50:42.042,0.84214,0.84223,1.00,1.00
2017.03.27 17:50:44.215,0.84213,0.84223,1.00,1.50
2017.03.27 17:50:45.191,0.84212,0.84223,3.00,1.50
2017.03.27 17:50:46.489,0.84212,0.84222,2.25,1.00
2017.03.27 17:50:46.916,0.84212,0.84221,1.12,1.87
2017.03.27 17:50:46.967,0.84211,0.84221,1.87,1.12
2017.03.27 17:50:47.018,0.84211,0.84222,3.37,1.87
2017.03.27 17:51:02.125,0.84213,0.84221,1.00,1.00
2017.03.27 17:51:02.633,0.84212,0.84221,1.12,1.12
2017.03.27 17:51:06.519,0.84211,0.84221,1.12,1.87
2017.03.27 17:51:06.825,0.8421,0.84219,1.00,1.12
2017.03.27 17:51:07.352,0.84209,0.84219,1.00,1.12
2017.03.27 17:51:08.389,0.84209,0.84218,1.00,1.00
2017.03.27 17:51:11.215,0.8421,0.84219,1.00,1.12
2017.03.27 17:51:14.271,0.84213,0.84221,1.00,3.19
2017.03.27 17:51:14.373,0.84213,0.84222,1.50,1.12
2017.03.27 17:51:15.336,0.84213,0.84223,2.25,1.87
2017.03.27 17:51:15.861,0.84214,0.84224,1.50,1.12
2017.03.27 17:51:18.644,0.84213,0.84223,1.87,2.62
2017.03.27 17:51:18.846,0.84213,0.84223,1.87,1.87
2017.03.27 17:51:28.390,0.84213,0.84223,2.25,1.00
2017.03.27 17:51:30.009,0.84213,0.84224,2.25,2.62
2017.03.27 17:51:30.530,0.84214,0.84223,1.00,1.00
2017.03.27 17:51:35.542,0.84216,0.84224,1.00,1.50
2017.03.27 17:51:38.080,0.84216,0.84226,1.87,2.00
2017.03.27 17:51:38.131,0.84217,0.84227,1.87,2.06
2017.03.27 17:51:38.813,0.84217,0.84226,1.87,1.00
2017.03.27 17:51:39.917,0.84219,0.84227,1.00,1.00
2017.03.27 17:51:41.430,0.84219,0.84228,1.00,1.00
2017.03.27 17:51:41.733,0.84218,0.84227,1.00,1.37
2017.03.27 17:51:44.414,0.84218,0.84229,1.50,1.87
2017.03.27 17:51:46.720,0.8422,0.8423,2.25,1.50
2017.03.27 17:51:47.241,0.84219,0.84229,1.50,2.62
2017.03.27 17:51:47.342,0.8422,0.8423,1.50,1.87
2017.03.27 17:51:48.576,0.8422,0.84231,1.87,3.19
2017.03.27 17:51:51.605,0.84222,0.84232,2.62,1.50
2017.03.27 17:51:52.123,0.84223,0.84232,1.50,1.12
2017.03.27 17:51:53.634,0.84221,0.84231,1.00,1.00
2017.03.27 17:51:53.838,0.84224,0.84232,1.00,1.00
2017.03.27 17:51:55.041,0.84224,0.84233,1.00,1.00
2017.03.27 17:51:55.547,0.84224,0.84233,1.00,1.50
2017.03.27 17:51:56.391,0.84222,0.84231,1.00,1.12
2017.03.27 17:51:56.549,0.8422,0.84229,2.62,2.62
2017.03.27 17:51:56.600,0.84221,0.84229,1.12,1.12
2017.03.27 17:51:57.106,0.8422,0.84229,1.12,1.00
2017.03.27 17:51:58.375,0.8422,0.84228,1.00,1.00
2017.03.27 17:51:59.913,0.8422,0.84229,1.50,1.00
2017.03.27 17:52:00.300,0.84221,0.84231,2.62,2.25
2017.03.27 17:52:00.402,0.84225,0.84234,1.12,1.37
2017.03.27 17:52:00.605,0.84223,0.84234,1.00,2.62
2017.03.27 17:52:01.177,0.84224,0.84234,1.00,3.00
2017.03.27 17:52:01.430,0.84224,0.84234,1.00,2.62
2017.03.27 17:52:01.888,0.84222,0.84231,1.37,1.12
2017.03.27 17:52:01.939,0.84221,0.84231,1.12,1.00
2017.03.27 17:52:02.448,0.84222,0.84232,1.00,1.87
2017.03.27 17:52:02.803,0.8422,0.8423,2.62,1.00
2017.03.27 17:52:03.006,0.84222,0.84232,1.37,1.12
2017.03.27 17:52:03.714,0.84222,0.84231,1.00,1.00
2017.03.27 17:52:05.916,0.84224,0.84234,1.00,4.12
2017.03.27 17:52:06.430,0.84224,0.84234,1.37,1.87
2017.03.27 17:52:06.959,0.84224,0.84232,1.37,1.00
2017.03.27 17:52:07.591,0.84224,0.84232,1.00,1.00
2017.03.27 17:52:09.885,0.84227,0.84234,1.87,1.00
2017.03.27 17:52:09.937,0.84224,0.84235,1.12,1.12
2017.03.27 17:52:10.091,0.84223,0.84233,1.12,1.50
2017.03.27 17:52:14.404,0.84223,0.84233,1.37,1.50
2017.03.27 17:52:14.715,0.84227,0.84236,1.37,2.62
2017.03.27 17:52:14.766,0.84227,0.84237,1.37,1.87
2017.03.27 17:52:15.027,0.84224,0.84234,3.19,1.00
2017.03.27 17:52:15.078,0.84224,0.84233,1.00,1.00
2017.03.27 17:52:15.585,0.84223,0.84233,1.12,1.12
2017.03.27 17:52:21.385,0.84224,0.84234,1.37,1.87
2017.03.27 17:52:21.639,0.84224,0.84234,1.00,1.12
2017.03.27 17:52:21.741,0.84223,0.84234,1.87,1.87
2017.03.27 17:52:21.842,0.84223,0.84234,1.87,1.87
2017.03.27 17:52:24.221,0.84225,0.84233,1.00,1.50
2017.03.27 17:52:26.297,0.84228,0.84236,1.12,3.75
2017.03.27 17:52:26.348,0.84228,0.84238,1.37,1.75
2017.03.27 17:52:26.940,0.8423,0.84239,1.37,1.75
2017.03.27 17:52:27.854,0.84228,0.84237,1.50,1.12
2017.03.27 17:52:28.006,0.84228,0.84237,1.87,1.12
2017.03.27 17:52:29.069,0.84228,0.84239,2.25,1.75
2017.03.27 17:52:29.813,0.8423,0.8424,1.00,1.75
2017.03.27 17:52:29.965,0.84235,0.84244,1.50,1.50
2017.03.27 17:52:30.016,0.84235,0.84245,4.12,1.12
2017.03.27 17:52:30.319,0.84233,0.84243,3.19,1.00
2017.03.27 17:52:30.371,0.84233,0.84243,1.87,1.75
2017.03.27 17:52:30.472,0.84231,0.8424,1.69,1.12
2017.03.27 17:52:30.978,0.84231,0.8424,1.37,1.00
2017.03.27 17:52:31.446,0.8423,0.84239,1.12,1.00
2017.03.27 17:52:32.971,0.8423,0.8424,1.37,1.12
2017.03.27 17:52:33.123,0.8423,0.8424,2.25,1.50
2017.03.27 17:52:33.174,0.8423,0.8424,1.87,1.50
2017.03.27 17:52:34.403,0.8423,0.84241,2.62,1.87
2017.03.27 17:52:34.706,0.84233,0.84241,1.37,1.37
2017.03.27 17:52:35.060,0.84232,0.84241,1.50,1.50
2017.03.27 17:52:35.674,0.84232,0.84241,1.12,1.37
2017.03.27 17:52:36.022,0.84233,0.84242,3.37,1.37
2017.03.27 17:52:36.073,0.84234,0.84244,1.87,2.25
2017.03.27 17:52:36.432,0.84233,0.84242,1.87,1.12
2017.03.27 17:52:37.678,0.84233,0.84242,1.00,1.12
2017.03.27 17:52:38.187,0.84232,0.84242,1.12,1.87
2017.03.27 17:52:39.177,0.84232,0.84242,1.12,2.25
2017.03.27 17:52:39.328,0.84232,0.84242,2.62,1.87
2017.03.27 17:52:39.839,0.84232,0.84242,2.62,1.87
2017.03.27 17:52:39.991,0.84233,0.84243,1.87,1.50
2017.03.27 17:52:40.397,0.84233,0.84241,1.56,1.00
2017.03.27 17:52:40.650,0.84232,0.84241,1.12,1.12
2017.03.27 17:52:41.008,0.84235,0.84244,1.00,1.37
2017.03.27 17:52:41.514,0.84234,0.84242,1.00,1.50
2017.03.27 17:52:41.565,0.84232,0.84242,1.00,2.25
2017.03.27 17:52:42.070,0.84232,0.84242,1.00,1.87
2017.03.27 17:52:42.434,0.84234,0.84243,1.00,1.50
2017.03.27 17:52:43.078,0.84234,0.84244,1.50,1.50
2017.03.27 17:52:44.575,0.84237,0.84246,1.87,1.00
2017.03.27 17:52:44.924,0.84238,0.84248,2.25,1.12
2017.03.27 17:52:45.760,0.84238,0.84247,1.87,1.12
2017.03.27 17:52:46.165,0.84236,0.84246,1.00,1.12
2017.03.27 17:52:46.317,0.84238,0.84247,1.00,1.00
2017.03.27 17:52:46.866,0.84239,0.84248,1.00,1.12
2017.03.27 17:52:48.156,0.84237,0.84246,1.12,1.12
2017.03.27 17:52:48.669,0.84238,0.84248,1.12,1.37
2017.03.27 17:52:49.249,0.84237,0.84246,1.00,1.50
2017.03.27 17:52:49.806,0.84236,0.84246,1.12,2.25
2017.03.27 17:52:50.307,0.84236,0.84244,1.87,1.00
2017.03.27 17:52:50.817,0.84236,0.84243,1.00,1.12
2017.03.27 17:52:51.190,0.84234,0.84243,1.50,1.12
2017.03.27 17:52:51.655,0.84238,0.84246,1.12,4.12
2017.03.27 17:52:51.757,0.84239,0.84247,1.00,1.00
2017.03.27 17:52:52.362,0.84239,0.84249,1.00,2.25
2017.03.27 17:52:52.882,0.84239,0.84247,1.00,1.00
2017.03.27 17:52:54.081,0.84239,0.84247,1.00,1.37
2017.03.27 17:52:54.742,0.84239,0.84247,1.12,1.00
2017.03.27 17:52:54.968,0.8424,0.84248,1.37,1.00
2017.03.27 17:52:55.019,0.8424,0.8425,1.12,1.37
2017.03.27 17:52:55.071,0.84243,0.84251,1.12,3.75
2017.03.27 17:52:55.122,0.84243,0.84252,1.12,1.50
2017.03.27 17:52:55.274,0.84241,0.84252,1.12,1.50
2017.03.27 17:52:55.789,0.84242,0.84252,1.12,1.37
2017.03.27 17:52:56.611,0.84239,0.84248,1.00,1.12
2017.03.27 17:52:56.920,0.84237,0.84248,1.37,1.37
2017.03.27 17:52:58.076,0.84236,0.84247,1.50,1.50
2017.03.27 17:52:58.392,0.84235,0.84245,1.37,1.37
2017.03.27 17:52:58.937,0.84234,0.84244,1.37,1.12
2017.03.27 17:52:59.434,0.84234,0.84244,1.37,1.50
2017.03.27 17:52:59.935,0.84237,0.84246,1.00,1.50
2017.03.27 17:52:59.986,0.84238,0.84246,2.62,1.00
2017.03.27 17:53:00.038,0.84238,0.84248,1.37,1.87
2017.03.27 17:53:00.576,0.84237,0.84248,1.37,1.12
2017.03.27 17:53:01.086,0.84239,0.84249,1.37,2.25
2017.03.27 17:53:02.012,0.84239,0.84248,1.12,1.12
2017.03.27 17:53:02.613,0.84239,0.84248,1.12,1.50
2017.03.27 17:53:03.327,0.84239,0.84248,1.12,1.75
2017.03.27 17:53:04.309,0.84242,0.84247,1.37,1.00
2017.03.27 17:53:04.360,0.84243,0.84251,1.12,1.50
2017.03.27 17:53:04.614,0.84243,0.84252,1.87,1.00
2017.03.27 17:53:04.868,0.84246,0.84255,1.12,1.12
2017.03.27 17:53:05.128,0.84246,0.84256,1.87,1.37
2017.03.27 17:53:05.331,0.84246,0.84257,2.25,1.00
2017.03.27 17:53:05.600,0.84246,0.84257,3.94,1.00
2017.03.27 17:53:05.752,0.84246,0.84257,1.87,1.00
2017.03.27 17:53:06.157,0.84247,0.84255,1.00,1.00
2017.03.27 17:53:06.208,0.84245,0.84255,1.87,1.00
2017.03.27 17:53:06.465,0.84246,0.84256,1.37,1.00
2017.03.27 17:53:06.668,0.84245,0.84256,1.00,1.00
2017.03.27 17:53:06.770,0.84243,0.84253,1.87,1.00
2017.03.27 17:53:07.006,0.84244,0.84255,1.12,1.00
2017.03.27 17:53:07.365,0.84245,0.84257,1.00,3.00
2017.03.27 17:53:07.468,0.84246,0.84257,1.37,1.87
2017.03.27 17:53:07.878,0.84245,0.84257,1.12,1.37
2017.03.27 17:53:08.030,0.84246,0.84256,1.37,1.00
2017.03.27 17:53:08.132,0.84245,0.84256,1.12,1.50
2017.03.27 17:53:08.638,0.84246,0.84256,1.00,1.37
2017.03.27 17:53:10.021,0.84247,0.84257,1.00,4.12
2017.03.27 17:53:10.558,0.84246,0.84256,1.00,1.75
2017.03.27 17:53:11.070,0.84244,0.84256,1.87,2.25
2017.03.27 17:53:11.222,0.84246,0.84258,1.12,3.75
2017.03.27 17:53:11.272,0.84245,0.84255,2.25,1.37
2017.03.27 17:53:12.183,0.84247,0.84257,1.00,6.00
2017.03.27 17:53:12.285,0.84245,0.84256,1.00,1.50
2017.03.27 17:53:12.827,0.84245,0.84257,2.25,3.75
2017.03.27 17:53:14.350,0.84245,0.84257,1.87,1.50
2017.03.27 17:53:15.585,0.84246,0.84257,1.37,1.87
2017.03.27 17:53:18.246,0.84248,0.84257,1.12,1.00
2017.03.27 17:53:18.663,0.84247,0.8426,3.75,1.87
2017.03.27 17:53:18.765,0.84248,0.84259,1.00,1.12
2017.03.27 17:53:19.320,0.84248,0.84258,1.37,1.50
2017.03.27 17:53:19.665,0.84248,0.84258,1.00,1.50
2017.03.27 17:53:22.058,0.84248,0.84256,1.00,1.00
2017.03.27 17:53:25.680,0.84248,0.84256,1.37,1.00
2017.03.27 17:53:26.161,0.84245,0.84254,2.25,1.00
2017.03.27 17:53:26.277,0.84245,0.84254,1.87,1.37
2017.03.27 17:53:26.378,0.84243,0.84253,2.25,1.37
2017.03.27 17:53:27.144,0.84243,0.84251,1.87,1.00
2017.03.27 17:53:27.656,0.84243,0.84251,1.87,1.00
2017.03.27 17:53:28.286,0.84244,0.84253,1.12,1.12
2017.03.27 17:53:28.878,0.84244,0.84253,1.37,1.12
2017.03.27 17:53:29.359,0.84244,0.84253,1.12,1.75
2017.03.27 17:53:30.135,0.84244,0.84253,1.37,1.75
2017.03.27 17:53:30.642,0.84244,0.84253,2.25,1.75
2017.03.27 17:53:31.205,0.84244,0.84254,1.87,1.00
2017.03.27 17:53:31.726,0.84245,0.84254,1.50,1.00
2017.03.27 17:53:32.240,0.84245,0.84255,1.37,1.00
2017.03.27 17:53:33.415,0.84245,0.84256,2.25,1.25
2017.03.27 17:53:33.518,0.84248,0.84257,1.37,1.12
2017.03.27 17:53:33.620,0.84248,0.84257,1.00,1.00
2017.03.27 17:53:36.103,0.84247,0.84257,1.12,1.00
2017.03.27 17:53:37.555,0.8425,0.84259,1.87,2.44
2017.03.27 17:53:38.065,0.8425,0.84259,1.87,1.00
2017.03.27 17:53:38.380,0.84248,0.84257,1.50,1.00
2017.03.27 17:53:38.481,0.84247,0.84257,1.87,1.00
2017.03.27 17:53:38.684,0.84248,0.84257,1.37,1.00
2017.03.27 17:53:39.236,0.84248,0.84257,1.12,1.00
2017.03.27 17:53:39.739,0.84248,0.84258,1.12,1.50
2017.03.27 17:53:40.633,0.84247,0.84256,1.50,1.00
2017.03.27 17:53:40.937,0.84249,0.84257,1.37,1.00
2017.03.27 17:53:41.339,0.84248,0.84257,1.12,1.12
2017.03.27 17:53:41.855,0.84247,0.84256,1.87,1.00
2017.03.27 17:53:43.170,0.84246,0.84254,1.12,1.00
2017.03.27 17:53:43.475,0.84246,0.84254,1.37,1.00
2017.03.27 17:53:44.016,0.84246,0.84254,1.37,1.00
2017.03.27 17:53:44.572,0.84246,0.84255,1.37,1.00
2017.03.27 17:53:44.876,0.84248,0.84256,1.37,1.00
2017.03.27 17:53:45.384,0.84246,0.84256,3.37,1.69
2017.03.27 17:53:46.165,0.84246,0.84256,1.87,1.69
2017.03.27 17:53:46.696,0.84246,0.84256,1.87,1.69
2017.03.27 17:53:47.018,0.84246,0.84256,3.37,2.06
2017.03.27 17:53:47.837,0.84249,0.84259,1.37,3.56
2017.03.27 17:53:48.198,0.84248,0.84256,1.37,1.00
2017.03.27 17:53:48.712,0.84248,0.84257,2.62,1.69
2017.03.27 17:53:49.224,0.84248,0.84258,2.62,2.06
2017.03.27 17:53:50.160,0.84248,0.84258,1.37,1.00
2017.03.27 17:53:50.670,0.84248,0.84259,3.75,2.06
2017.03.27 17:53:51.546,0.84248,0.84259,2.62,2.06
2017.03.27 17:53:53.711,0.84248,0.84258,1.87,1.87
2017.03.27 17:53:53.898,0.84248,0.84258,1.00,1.87
2017.03.27 17:53:54.354,0.84249,0.84257,1.37,2.25
2017.03.27 17:53:55.048,0.84247,0.84258,3.37,1.87
2017.03.27 17:53:55.352,0.84247,0.84256,3.00,1.00
2017.03.27 17:53:56.614,0.84247,0.84256,1.87,1.00
2017.03.27 17:53:57.162,0.84248,0.84257,1.50,1.00
2017.03.27 17:53:57.868,0.84248,0.84257,3.00,1.00
2017.03.27 17:54:00.257,0.84248,0.84259,3.37,2.62
2017.03.27 17:54:01.082,0.84249,0.84258,1.75,1.37
2017.03.27 17:54:03.019,0.84253,0.84259,1.00,1.12
2017.03.27 17:54:03.222,0.84251,0.8426,1.00,1.75
2017.03.27 17:54:03.592,0.84253,0.84261,1.00,1.75
2017.03.27 17:54:03.804,0.84252,0.84261,1.12,1.50
2017.03.27 17:54:03.906,0.84252,0.8426,1.00,1.75
2017.03.27 17:54:04.534,0.84251,0.8426,1.12,1.75
2017.03.27 17:54:05.007,0.84253,0.84262,1.50,2.25
2017.03.27 17:54:05.311,0.84254,0.84263,2.62,2.25
2017.03.27 17:54:05.895,0.84253,0.84262,2.25,1.75
2017.03.27 17:54:06.266,0.84253,0.84262,1.00,2.62
2017.03.27 17:54:06.602,0.84253,0.84262,3.00,1.12
2017.03.27 17:54:07.598,0.84255,0.84262,1.00,1.12
2017.03.27 17:54:09.688,0.84255,0.84262,1.50,1.12
2017.03.27 17:54:10.273,0.84255,0.84262,1.12,1.12
2017.03.27 17:54:10.502,0.84252,0.84262,2.25,1.12
2017.03.27 17:54:10.553,0.84252,0.84262,4.12,1.87
2017.03.27 17:54:11.070,0.84254,0.84262,1.00,1.37
2017.03.27 17:54:11.766,0.84254,0.84262,2.25,1.37
2017.03.27 17:54:12.902,0.84253,0.84264,3.00,6.00
2017.03.27 17:54:13.424,0.84254,0.84264,3.00,6.00
2017.03.27 17:54:14.578,0.84255,0.84264,1.50,5.62
2017.03.27 17:54:15.186,0.84255,0.84263,1.50,1.75
2017.03.27 17:54:15.341,0.84257,0.84265,1.50,1.12
2017.03.27 17:54:15.443,0.84257,0.84265,1.00,4.12
2017.03.27 17:54:15.494,0.84255,0.84265,1.87,4.12
2017.03.27 17:54:16.393,0.84256,0.84264,1.00,1.75
2017.03.27 17:54:17.113,0.84256,0.84265,1.50,1.75
2017.03.27 17:54:17.418,0.84254,0.84262,1.00,1.00
2017.03.27 17:54:18.067,0.84254,0.84262,1.50,1.00
2017.03.27 17:54:18.575,0.84255,0.84264,1.00,1.50
2017.03.27 17:54:20.805,0.84256,0.84264,1.00,2.25
2017.03.27 17:54:21.309,0.84257,0.84265,1.12,1.00
2017.03.27 17:54:21.816,0.84256,0.84266,1.50,1.87
2017.03.27 17:54:22.353,0.84256,0.84265,1.00,1.50
2017.03.27 17:54:22.897,0.84255,0.84265,1.50,1.87
2017.03.27 17:54:23.794,0.84255,0.84264,1.00,1.00
2017.03.27 17:54:24.307,0.84254,0.84264,1.12,1.00
2017.03.27 17:54:24.559,0.84254,0.84262,1.12,1.00
2017.03.27 17:54:24.660,0.84252,0.84262,1.87,1.87
2017.03.27 17:54:24.711,0.84252,0.84262,1.87,2.62
2017.03.27 17:54:25.121,0.8425,0.84258,1.00,1.50
2017.03.27 17:54:25.222,0.84246,0.84255,1.87,1.12
2017.03.27 17:54:25.476,0.84244,0.84253,1.12,1.50
2017.03.27 17:54:25.527,0.84247,0.84253,1.87,1.50
2017.03.27 17:54:25.629,0.84248,0.84257,1.87,3.56
2017.03.27 17:54:26.143,0.84247,0.84257,4.12,2.06
2017.03.27 17:54:28.919,0.84248,0.84256,1.37,1.00
2017.03.27 17:54:30.355,0.84248,0.84256,1.12,1.50
2017.03.27 17:54:31.774,0.84246,0.84256,2.62,1.00
2017.03.27 17:54:32.005,0.84245,0.84254,1.50,1.00
2017.03.27 17:54:32.338,0.8425,0.84258,1.12,1.00
2017.03.27 17:54:33.092,0.8425,0.84259,1.12,1.87
2017.03.27 17:54:33.598,0.8425,0.8426,2.62,1.12
2017.03.27 17:54:34.121,0.84251,0.84259,1.12,1.50
2017.03.27 17:54:34.465,0.84249,0.84256,1.00,1.00
2017.03.27 17:54:34.828,0.84246,0.84255,1.87,1.50
2017.03.27 17:54:35.334,0.84245,0.84254,1.37,1.00
2017.03.27 17:54:38.950,0.84246,0.84255,1.37,2.25
2017.03.27 17:54:39.102,0.84249,0.84256,1.37,1.87
2017.03.27 17:54:39.154,0.84251,0.84258,1.00,1.50
2017.03.27 17:54:39.660,0.84251,0.84259,1.50,1.87
2017.03.27 17:54:41.753,0.84251,0.84259,1.00,2.25
2017.03.27 17:54:42.138,0.84249,0.84258,1.12,1.00
2017.03.27 17:54:46.630,0.84249,0.84258,2.62,1.12
2017.03.27 17:54:47.154,0.8425,0.84257,1.50,1.31
2017.03.27 17:54:48.128,0.84248,0.84257,1.12,1.12
2017.03.27 17:54:49.237,0.84248,0.84258,1.50,2.44
2017.03.27 17:54:49.763,0.84248,0.84257,1.12,1.12
2017.03.27 17:54:50.311,0.84248,0.84259,1.37,3.19
2017.03.27 17:54:53.787,0.84251,0.84259,1.37,1.75
2017.03.27 17:54:53.939,0.84251,0.8426,1.12,1.00
2017.03.27 17:54:55.212,0.84251,0.8426,1.00,1.87
2017.03.27 17:54:55.719,0.8425,0.84259,1.50,1.00
2017.03.27 17:54:56.232,0.8425,0.84259,1.87,1.12
2017.03.27 17:54:56.738,0.84251,0.8426,1.37,1.00
2017.03.27 17:54:57.146,0.8425,0.8426,1.00,2.62
2017.03.27 17:54:57.449,0.84251,0.84261,2.25,1.12
2017.03.27 17:54:58.045,0.84251,0.8426,1.12,1.12
2017.03.27 17:54:58.547,0.84251,0.84259,1.00,1.00
2017.03.27 17:55:01.596,0.84249,0.84257,1.37,1.00
2017.03.27 17:55:01.648,0.84248,0.84256,1.12,1.00
2017.03.27 17:55:02.195,0.84249,0.84257,1.12,1.87
2017.03.27 17:55:05.121,0.84247,0.84257,2.25,1.50
2017.03.27 17:55:05.222,0.84247,0.84257,3.75,1.12
2017.03.27 17:55:06.639,0.84248,0.84257,1.00,1.12
2017.03.27 17:55:07.102,0.84248,0.84257,1.00,1.75
2017.03.27 17:55:10.801,0.84247,0.84258,1.50,3.56
2017.03.27 17:55:11.271,0.84247,0.84257,1.87,1.00
2017.03.27 17:55:11.423,0.84249,0.84258,3.00,1.25
2017.03.27 17:55:14.546,0.84251,0.84259,1.00,1.31
2017.03.27 17:55:15.543,0.8425,0.84259,1.00,1.25
2017.03.27 17:55:16.863,0.8425,0.84259,1.50,1.25
2017.03.27 17:55:17.407,0.8425,0.84259,1.50,1.69
2017.03.27 17:55:19.681,0.84251,0.84259,1.12,1.00
2017.03.27 17:55:22.637,0.8425,0.84259,1.87,1.00
2017.03.27 17:55:24.062,0.8425,0.84259,1.87,1.00
2017.03.27 17:55:24.243,0.84251,0.84261,2.25,3.56
2017.03.27 17:55:28.466,0.84255,0.84262,1.37,1.00
2017.03.27 17:55:28.669,0.84256,0.84264,1.00,2.25
2017.03.27 17:55:29.216,0.84256,0.84264,1.37,2.25
2017.03.27 17:55:29.737,0.84256,0.84264,1.00,1.50
2017.03.27 17:55:30.099,0.84254,0.84263,1.87,1.00
2017.03.27 17:55:30.515,0.84254,0.84263,3.37,1.00
2017.03.27 17:55:38.992,0.84255,0.84265,1.50,1.87
2017.03.27 17:55:39.474,0.84257,0.84266,2.25,1.50
2017.03.27 17:55:40.052,0.84257,0.84266,2.62,1.50
2017.03.27 17:55:40.356,0.84259,0.84267,1.00,1.12
2017.03.27 17:55:40.660,0.84258,0.84265,1.00,1.00
2017.03.27 17:55:41.167,0.84258,0.84266,1.00,1.00
2017.03.27 17:55:41.810,0.84257,0.84267,1.50,1.25
2017.03.27 17:55:42.392,0.84257,0.84267,1.87,1.31
2017.03.27 17:55:42.723,0.84259,0.84267,1.12,1.12
2017.03.27 17:55:43.361,0.84259,0.84269,1.87,2.06
2017.03.27 17:55:44.219,0.84259,0.84269,1.87,2.06
2017.03.27 17:55:44.779,0.84259,0.84269,1.87,1.31
2017.03.27 17:55:45.315,0.8426,0.84269,1.00,1.31
2017.03.27 17:55:55.413,0.8426,0.8427,1.12,1.87
2017.03.27 17:55:55.718,0.84258,0.84267,1.87,1.00
2017.03.27 17:55:55.921,0.84259,0.84269,1.50,1.50
2017.03.27 17:55:56.207,0.84258,0.84269,2.62,1.50
2017.03.27 17:55:56.308,0.84258,0.84269,3.37,1.50
2017.03.27 17:55:58.012,0.84259,0.84269,1.87,1.87
2017.03.27 17:55:58.514,0.84259,0.84269,1.50,1.87
2017.03.27 17:55:59.061,0.84259,0.84269,1.50,1.50
2017.03.27 17:55:59.638,0.84259,0.84269,1.50,1.50
2017.03.27 17:56:00.141,0.84259,0.84269,1.00,1.50
2017.03.27 17:56:01.074,0.84258,0.84267,1.50,1.12
2017.03.27 17:56:01.226,0.84257,0.84266,1.00,1.00
2017.03.27 17:56:01.741,0.84257,0.84267,1.50,1.12
2017.03.27 17:56:02.290,0.84257,0.84267,1.50,1.12
2017.03.27 17:56:02.555,0.84257,0.84265,1.50,1.00
2017.03.27 17:56:03.100,0.84257,0.84265,1.50,1.00
2017.03.27 17:56:03.492,0.84259,0.84268,1.00,1.69
2017.03.27 17:56:04.015,0.84259,0.84269,2.25,2.06
2017.03.27 17:56:04.749,0.84259,0.84269,2.25,2.06
2017.03.27 17:56:05.288,0.84261,0.84269,1.00,2.06
2017.03.27 17:56:07.335,0.84261,0.84271,1.00,1.00
2017.03.27 17:56:07.848,0.84262,0.84272,1.00,2.81
2017.03.27 17:56:08.950,0.84263,0.84272,1.12,2.62
2017.03.27 17:56:09.052,0.84265,0.84272,1.00,2.62
2017.03.27 17:56:09.553,0.84265,0.84272,1.00,2.62
2017.03.27 17:56:14.941,0.84265,0.84272,1.00,1.50
2017.03.27 17:56:17.699,0.84262,0.84269,1.00,1.00
2017.03.27 17:56:18.154,0.84261,0.84268,1.00,1.37
2017.03.27 17:56:18.585,0.84259,0.84267,1.00,1.50
2017.03.27 17:56:19.111,0.84258,0.84267,1.00,1.87
2017.03.27 17:56:19.509,0.84257,0.84264,1.00,1.12
2017.03.27 17:56:19.815,0.84251,0.84257,1.00,1.00
2017.03.27 17:56:20.656,0.84251,0.84258,1.00,2.06
2017.03.27 17:56:21.175,0.84251,0.84257,1.00,1.25
2017.03.27 17:56:21.780,0.84251,0.84256,1.00,1.25
2017.03.27 17:56:22.417,0.84251,0.84257,1.00,1.69
2017.03.27 17:56:25.428,0.84251,0.84258,1.00,1.87
2017.03.27 17:56:25.933,0.84251,0.84258,1.00,1.87
2017.03.27 17:56:26.459,0.84251,0.84258,1.00,1.87
2017.03.27 17:56:26.829,0.8425,0.84254,1.00,1.00
2017.03.27 17:56:27.053,0.84246,0.84254,1.00,1.50
2017.03.27 17:56:27.532,0.84243,0.84253,1.50,1.50
2017.03.27 17:56:27.735,0.84243,0.84253,1.50,3.37
2017.03.27 17:56:28.282,0.84244,0.84252,1.00,1.00
2017.03.27 17:56:34.471,0.84245,0.84252,1.00,1.00
2017.03.27 17:56:36.046,0.84245,0.84254,1.00,3.56
2017.03.27 17:56:38.416,0.84247,0.84254,1.00,1.12
2017.03.27 17:56:41.063,0.84246,0.84255,1.00,2.44
2017.03.27 17:56:41.475,0.84247,0.84256,1.00,1.50
2017.03.27 17:56:41.981,0.84246,0.84254,1.50,1.00
2017.03.27 17:56:42.460,0.84246,0.84256,1.00,1.50
2017.03.27 17:56:42.663,0.84246,0.84255,1.00,2.62
2017.03.27 17:56:42.764,0.84246,0.84255,1.00,2.06
2017.03.27 17:56:43.270,0.84247,0.84255,1.00,1.00
2017.03.27 17:56:43.772,0.84247,0.84256,1.00,1.12
2017.03.27 17:56:50.405,0.84247,0.84255,1.50,1.00
2017.03.27 17:56:51.370,0.84246,0.84255,1.00,1.00
2017.03.27 17:56:52.293,0.84246,0.84253,1.00,1.00
2017.03.27 17:56:52.815,0.84246,0.84255,1.00,1.00
2017.03.27 17:56:53.795,0.84246,0.84255,1.00,1.37
2017.03.27 17:56:53.947,0.84246,0.84255,1.50,1.00
2017.03.27 17:56:54.825,0.84246,0.84256,1.87,1.00
2017.03.27 17:56:55.377,0.84247,0.84257,1.00,1.87
2017.03.27 17:56:56.288,0.84248,0.84257,1.12,1.00
2017.03.27 17:56:59.343,0.84248,0.84257,1.00,1.37
2017.03.27 17:57:00.222,0.84248,0.84257,1.00,1.12
2017.03.27 17:57:00.925,0.84247,0.84257,1.87,1.37
2017.03.27 17:57:02.863,0.84247,0.84257,1.87,1.87
2017.03.27 17:57:03.373,0.84246,0.84255,1.00,1.37
2017.03.27 17:57:03.626,0.84242,0.84251,1.12,1.12
2017.03.27 17:57:03.829,0.8424,0.8425,1.00,1.50
2017.03.27 17:57:04.459,0.84238,0.84248,2.25,1.37
2017.03.27 17:57:04.659,0.84236,0.84247,3.00,2.06
2017.03.27 17:57:05.187,0.84237,0.84247,1.87,1.25
2017.03.27 17:57:05.740,0.84238,0.84247,1.00,1.25
2017.03.27 17:57:05.893,0.84239,0.84249,1.00,3.19
2017.03.27 17:57:06.045,0.84238,0.84248,1.87,1.87
2017.03.27 17:57:06.567,0.84238,0.84248,1.87,1.87
2017.03.27 17:57:07.135,0.84239,0.84248,1.00,1.87
2017.03.27 17:57:07.799,0.84238,0.84248,1.00,2.62
2017.03.27 17:57:08.616,0.84239,0.84248,1.00,2.62
2017.03.27 17:57:09.218,0.84238,0.84248,1.00,2.62
2017.03.27 17:57:12.957,0.84239,0.84248,1.00,1.00
2017.03.27 17:57:13.480,0.84239,0.8425,1.00,2.81
2017.03.27 17:57:14.039,0.84238,0.84249,2.62,1.12
2017.03.27 17:57:14.708,0.84238,0.84247,1.00,1.12
2017.03.27 17:57:14.860,0.84235,0.84245,1.50,2.06
2017.03.27 17:57:14.911,0.84233,0.84243,3.00,2.62
2017.03.27 17:57:15.063,0.84233,0.84242,1.50,1.12
2017.03.27 17:57:15.793,0.84234,0.84243,1.12,1.25
2017.03.27 17:57:15.844,0.84235,0.84245,1.87,1.87
2017.03.27 17:57:16.351,0.84234,0.84244,1.50,2.06
2017.03.27 17:57:17.037,0.84235,0.84243,1.00,1.00
2017.03.27 17:57:17.749,0.84234,0.84243,1.00,1.12
2017.03.27 17:57:18.449,0.84234,0.84244,2.62,1.25
2017.03.27 17:57:18.866,0.84233,0.84244,2.25,2.06
2017.03.27 17:57:19.271,0.84235,0.84244,1.12,1.31
2017.03.27 17:57:19.827,0.84234,0.84244,1.87,1.69
2017.03.27 17:57:20.329,0.84235,0.84243,1.00,1.00
2017.03.27 17:57:22.516,0.84236,0.84246,1.50,3.19
2017.03.27 17:57:23.025,0.84237,0.84246,1.12,1.69
2017.03.27 17:57:26.575,0.84236,0.84246,1.87,2.44
2017.03.27 17:57:28.180,0.84236,0.84244,1.12,1.00
2017.03.27 17:57:29.717,0.84234,0.84244,1.00,2.06
2017.03.27 17:57:29.818,0.84234,0.84244,1.00,2.81
2017.03.27 17:57:30.344,0.84234,0.84243,1.00,1.00
2017.03.27 17:57:30.956,0.84233,0.84243,1.50,1.50
2017.03.27 17:57:34.028,0.84234,0.84243,1.00,1.00
2017.03.27 17:57:34.625,0.84234,0.84244,1.50,2.81
2017.03.27 17:57:34.676,0.84236,0.84245,1.00,1.50
2017.03.27 17:57:35.387,0.84236,0.84246,1.00,2.81
2017.03.27 17:57:35.918,0.84236,0.84246,1.50,1.00
2017.03.27 17:57:36.463,0.84236,0.84247,2.25,1.12
2017.03.27 17:57:37.612,0.84236,0.84247,2.62,1.12
2017.03.27 17:57:39.620,0.84238,0.84247,1.00,1.87
2017.03.27 17:57:41.299,0.84237,0.84247,1.50,2.81
2017.03.27 17:57:41.704,0.84236,0.84246,1.50,3.00
2017.03.27 17:57:46.834,0.84237,0.84245,1.00,1.50
2017.03.27 17:57:47.610,0.84236,0.84244,1.00,1.69
2017.03.27 17:57:48.126,0.84236,0.84245,1.00,1.00
2017.03.27 17:57:48.750,0.84236,0.84246,1.00,1.69
2017.03.27 17:57:49.272,0.84236,0.84247,2.62,3.19
2017.03.27 17:57:52.345,0.84237,0.84247,1.87,2.06
2017.03.27 17:57:58.580,0.84242,0.84249,1.00,1.00
2017.03.27 17:57:58.631,0.84242,0.84251,1.00,1.87
2017.03.27 17:57:59.179,0.84242,0.84252,1.12,1.69
2017.03.27 17:58:00.814,0.84242,0.84251,1.12,1.00
2017.03.27 17:58:01.513,0.84241,0.84251,1.87,1.00
2017.03.27 17:58:02.480,0.84243,0.84251,1.00,1.50
2017.03.27 17:58:03.458,0.84243,0.84252,1.00,2.06
2017.03.27 17:58:04.499,0.84243,0.84253,1.00,2.06
2017.03.27 17:58:09.223,0.84246,0.84255,1.12,2.25
2017.03.27 17:58:09.527,0.84248,0.84257,1.00,2.44
2017.03.27 17:58:13.222,0.8425,0.84259,1.00,1.00
2017.03.27 17:58:13.765,0.84249,0.84258,1.00,1.12
2017.03.27 17:58:14.503,0.8425,0.84258,1.00,1.12
2017.03.27 17:58:15.761,0.84248,0.84256,1.12,1.87
2017.03.27 17:58:16.281,0.84248,0.84255,1.00,1.00
2017.03.27 17:58:16.585,0.84248,0.84255,1.00,1.30
2017.03.27 17:58:16.749,0.84246,0.84255,1.00,1.30
2017.03.27 17:58:17.196,0.84244,0.84254,1.12,1.80
2017.03.27 17:58:17.969,0.84244,0.84252,1.00,1.00
2017.03.27 17:58:18.519,0.84245,0.84253,1.00,1.05
2017.03.27 17:58:18.635,0.84243,0.84253,1.12,1.43
2017.03.27 17:58:20.004,0.84243,0.84251,1.50,1.00
2017.03.27 17:58:26.181,0.84242,0.84251,2.25,1.00
2017.03.27 17:58:26.485,0.8424,0.84248,1.50,1.00
2017.03.27 17:58:27.042,0.8424,0.8425,1.37,1.00
2017.03.27 17:58:27.631,0.8424,0.8425,1.00,1.00
2017.03.27 17:58:28.457,0.84241,0.84251,1.00,2.18
2017.03.27 17:58:34.189,0.84242,0.84252,1.12,2.18
2017.03.27 17:58:34.713,0.84242,0.84252,1.00,1.87
2017.03.27 17:58:38.206,0.84242,0.84251,1.00,1.00
2017.03.27 17:58:41.815,0.8424,0.84249,1.50,1.00
2017.03.27 17:58:41.967,0.84241,0.84251,2.25,1.87
2017.03.27 17:58:42.380,0.8424,0.8425,1.50,1.37
2017.03.27 17:58:42.903,0.84242,0.8425,1.50,1.00
2017.03.27 17:58:44.695,0.84242,0.84251,1.69,1.50
2017.03.27 17:58:45.151,0.84244,0.84252,1.69,1.50
2017.03.27 17:58:55.725,0.84247,0.84254,1.25,1.87
2017.03.27 17:58:55.827,0.84247,0.84256,1.25,1.12
2017.03.27 17:58:56.486,0.84247,0.84254,2.06,1.00
2017.03.27 17:58:56.710,0.84244,0.84253,2.81,1.50
2017.03.27 17:58:57.232,0.84244,0.84252,1.25,1.37
2017.03.27 17:58:57.284,0.84242,0.8425,2.81,1.12
2017.03.27 17:58:57.796,0.84242,0.84252,3.56,2.62
2017.03.27 17:58:58.861,0.84244,0.84253,1.25,2.25
2017.03.27 17:59:02.518,0.84243,0.84252,1.25,1.50
2017.03.27 17:59:02.620,0.84241,0.8425,1.31,2.25
2017.03.27 17:59:03.126,0.84242,0.8425,2.44,1.50
2017.03.27 17:59:05.061,0.8424,0.84249,1.12,1.00
2017.03.27 17:59:05.113,0.84239,0.84249,2.25,3.00
2017.03.27 17:59:05.520,0.84238,0.84248,1.12,2.25
2017.03.27 17:59:07.185,0.84239,0.84248,1.00,2.62
2017.03.27 17:59:07.698,0.84238,0.84248,1.12,1.37
2017.03.27 17:59:11.428,0.8424,0.84249,1.37,1.87
2017.03.27 17:59:11.935,0.8424,0.84248,1.00,1.00
2017.03.27 17:59:12.542,0.8424,0.84249,1.00,1.12
2017.03.27 17:59:13.236,0.84238,0.84248,4.69,1.00
2017.03.27 17:59:13.751,0.84238,0.84247,2.06,1.50
2017.03.27 17:59:14.374,0.84238,0.84247,1.00,1.50
2017.03.27 17:59:14.913,0.84237,0.84247,1.12,1.50
2017.03.27 17:59:17.929,0.84238,0.84247,1.12,1.00
2017.03.27 17:59:21.170,0.84236,0.84244,1.87,1.12
2017.03.27 17:59:21.373,0.84235,0.84244,2.25,2.25
2017.03.27 17:59:25.680,0.84233,0.84243,2.25,1.12
2017.03.27 17:59:29.085,0.84232,0.84243,2.62,4.12
2017.03.27 17:59:29.136,0.84232,0.84243,1.87,2.62
2017.03.27 17:59:30.060,0.84232,0.84242,2.62,1.00
2017.03.27 17:59:30.704,0.84233,0.84242,1.00,1.50
2017.03.27 17:59:31.215,0.84232,0.84242,3.75,1.00
2017.03.27 17:59:32.580,0.84233,0.84243,1.37,1.50
2017.03.27 17:59:33.284,0.84235,0.84243,1.00,1.50
2017.03.27 17:59:33.386,0.84236,0.84245,1.12,1.50
2017.03.27 17:59:33.892,0.84235,0.84244,2.25,1.00
2017.03.27 17:59:34.439,0.84235,0.84244,1.50,1.00
2017.03.27 17:59:39.437,0.84234,0.84243,1.69,1.00
2017.03.27 17:59:40.264,0.84234,0.84242,1.69,1.12
2017.03.27 17:59:41.854,0.84232,0.84242,1.50,1.00
2017.03.27 17:59:43.339,0.84232,0.84241,1.50,1.00
2017.03.27 17:59:44.056,0.84233,0.84241,1.37,1.00
2017.03.27 17:59:44.667,0.84233,0.84242,1.37,1.50
2017.03.27 17:59:45.213,0.84232,0.8424,1.75,1.00
2017.03.27 17:59:45.264,0.84231,0.8424,1.37,1.12
2017.03.27 17:59:46.087,0.84232,0.84241,1.87,1.00
2017.03.27 17:59:46.189,0.84232,0.84241,3.37,1.00
2017.03.27 17:59:46.509,0.84232,0.84241,1.50,1.00
2017.03.27 17:59:47.074,0.84232,0.84241,2.25,1.00
2017.03.27 17:59:49.516,0.84234,0.84242,1.00,1.50
