2009.10.12 05:00:00.874,0.81405,0.81435,2.40,4.80
2009.10.12 05:00:01.164,0.814,0.81425,10.40,1.60
2009.10.12 05:00:01.504,0.814,0.81425,8.80,1.60
2009.10.12 05:00:01.854,0.814,0.81425,8.00,1.60
2009.10.12 05:00:02.963,0.814,0.81425,8.00,1.60
2009.10.12 05:00:04.183,0.814,0.81425,5.60,4.00
2009.10.12 05:00:04.303,0.81395,0.81425,15.20,4.00
2009.10.12 05:00:04.423,0.81395,0.81425,11.20,4.00
2009.10.12 05:00:13.611,0.81395,0.81425,8.00,4.00
2009.10.12 05:01:04.659,0.81395,0.81425,4.00,4.00
2009.10.12 05:01:08.338,0.81395,0.81425,8.00,4.80
2009.10.12 05:01:08.738,0.81395,0.8142,8.00,1.60
2009.10.12 05:01:09.078,0.81395,0.81425,8.00,4.00
2009.10.12 05:01:11.087,0.81395,0.81425,8.00,4.80
2009.10.12 05:01:11.307,0.81395,0.8142,4.00,4.00
2009.10.12 05:01:16.976,0.8139,0.8142,7.20,4.80
2009.10.12 05:01:17.156,0.8139,0.8142,2.40,8.80
2009.10.12 05:01:17.445,0.8139,0.8142,2.40,9.90
2009.10.12 05:01:17.745,0.81385,0.81415,5.60,3.20
2009.10.12 05:01:17.965,0.81385,0.81415,4.00,3.20
2009.10.12 05:01:18.145,0.8138,0.81415,7.20,7.20
2009.10.12 05:01:18.895,0.8138,0.81415,7.20,7.20
2009.10.12 05:01:22.894,0.8138,0.81415,8.40,6.40
2009.10.12 05:01:23.184,0.81385,0.8142,7.20,7.20
2009.10.12 05:01:23.534,0.81385,0.8142,16.00,4.00
2009.10.12 05:01:23.824,0.8139,0.81425,6.40,12.00
2009.10.12 05:01:24.464,0.8139,0.81425,6.40,11.20
2009.10.12 05:01:24.634,0.8139,0.81425,6.40,8.80
2009.10.12 05:01:25.954,0.8139,0.81425,6.40,10.40
2009.10.12 05:01:28.283,0.814,0.8143,4.00,11.10
2009.10.12 05:01:28.633,0.81395,0.81425,2.40,10.70
2009.10.12 05:01:28.973,0.8139,0.81425,6.40,13.10
2009.10.12 05:01:30.352,0.8139,0.81425,6.40,16.30
2009.10.12 05:01:30.462,0.8139,0.81425,6.40,16.30
2009.10.12 05:01:31.162,0.81395,0.81425,2.40,8.30
2009.10.12 05:01:31.332,0.8139,0.81425,8.00,8.80
2009.10.12 05:01:31.502,0.81395,0.8143,6.40,8.80
2009.10.12 05:01:32.292,0.81395,0.8143,7.30,4.00
2009.10.12 05:01:32.522,0.81405,0.81435,2.40,9.60
2009.10.12 05:01:33.312,0.81405,0.81435,2.40,5.60
2009.10.12 05:01:34.351,0.81405,0.81425,4.00,1.60
2009.10.12 05:01:34.531,0.814,0.81425,4.00,5.60
2009.10.12 05:01:34.701,0.81395,0.81425,4.00,8.00
2009.10.12 05:01:34.871,0.81395,0.81425,2.40,8.80
2009.10.12 05:01:35.041,0.81395,0.81425,2.40,7.20
2009.10.12 05:01:35.221,0.81395,0.81425,2.40,4.00
2009.10.12 05:01:35.391,0.81395,0.8143,6.40,8.00
2009.10.12 05:01:35.741,0.81405,0.81435,2.40,13.90
2009.10.12 05:01:36.071,0.814,0.81435,6.40,13.90
2009.10.12 05:01:36.421,0.81405,0.81435,2.40,8.30
2009.10.12 05:01:36.541,0.81405,0.81435,2.40,7.50
2009.10.12 05:01:36.711,0.81405,0.81435,2.40,7.20
2009.10.12 05:01:36.821,0.81405,0.81435,2.40,3.20
2009.10.12 05:01:36.931,0.81405,0.81435,6.40,3.20
2009.10.12 05:01:37.271,0.81405,0.81435,6.40,1.00
2009.10.12 05:01:37.391,0.81405,0.81435,10.40,2.40
2009.10.12 05:01:37.691,0.81405,0.81435,8.80,2.40
2009.10.12 05:01:37.930,0.8141,0.8144,2.40,3.20
2009.10.12 05:01:38.440,0.8141,0.8144,6.40,2.40
2009.10.12 05:01:43.839,0.8141,0.8144,10.40,2.40
2009.10.12 05:01:46.599,0.81415,0.81435,4.00,1.60
2009.10.12 05:01:46.769,0.81415,0.81435,4.00,4.80
2009.10.12 05:01:46.888,0.8141,0.81435,4.00,4.80
2009.10.12 05:01:47.068,0.81405,0.81435,4.00,4.80
2009.10.12 05:01:48.418,0.81405,0.81435,4.00,4.80
2009.10.12 05:01:49.108,0.814,0.81435,10.40,7.20
2009.10.12 05:01:49.228,0.814,0.81435,7.20,6.40
2009.10.12 05:01:49.348,0.814,0.81435,9.20,4.00
2009.10.12 05:01:49.648,0.8141,0.8144,4.00,8.30
2009.10.12 05:01:50.048,0.8141,0.81435,4.00,2.40
2009.10.12 05:01:50.338,0.81405,0.81435,6.40,2.40
2009.10.12 05:01:52.467,0.81405,0.81435,2.40,2.40
2009.10.12 05:01:53.727,0.81405,0.8144,4.80,6.40
2009.10.12 05:01:53.957,0.81405,0.8144,8.80,2.40
2009.10.12 05:01:58.406,0.8141,0.8144,4.00,2.40
2009.10.12 05:02:02.455,0.8141,0.81445,6.40,12.80
2009.10.12 05:02:02.625,0.8141,0.81445,6.40,7.20
2009.10.12 05:02:02.795,0.81415,0.81445,2.40,4.00
2009.10.12 05:02:03.134,0.81415,0.8145,6.40,8.40
2009.10.12 05:02:03.305,0.81415,0.8145,7.20,8.40
2009.10.12 05:02:03.584,0.81415,0.8145,7.20,6.40
2009.10.12 05:02:04.454,0.81415,0.8145,3.20,6.40
2009.10.12 05:02:04.794,0.81415,0.8145,2.40,6.40
2009.10.12 05:02:05.084,0.81415,0.8145,2.40,8.80
2009.10.12 05:02:05.424,0.81415,0.8145,2.40,9.60
2009.10.12 05:02:05.774,0.81415,0.81445,2.40,8.00
2009.10.12 05:02:08.603,0.81415,0.81445,6.40,4.00
2009.10.12 05:02:13.152,0.81415,0.81445,2.40,8.80
2009.10.12 05:02:13.442,0.8141,0.8144,6.40,2.40
2009.10.12 05:02:13.712,0.8141,0.8144,4.00,3.20
2009.10.12 05:02:14.062,0.81405,0.8144,8.00,9.60
2009.10.12 05:02:14.352,0.81405,0.81435,4.00,4.00
2009.10.12 05:02:14.632,0.8141,0.81435,1.60,4.00
2009.10.12 05:02:14.872,0.8141,0.81435,4.00,1.60
2009.10.12 05:02:15.052,0.8141,0.81445,8.00,12.30
2009.10.12 05:02:19.351,0.8141,0.81445,6.40,13.50
2009.10.12 05:02:19.701,0.8141,0.8144,2.40,2.40
2009.10.12 05:02:19.940,0.8141,0.8144,2.40,3.20
2009.10.12 05:02:25.169,0.8141,0.8144,8.00,1.00
2009.10.12 05:02:27.608,0.8141,0.8144,8.00,3.20
2009.10.12 05:02:27.719,0.81415,0.81445,2.40,15.50
2009.10.12 05:02:27.769,0.81415,0.81445,2.40,12.30
2009.10.12 05:02:27.888,0.81415,0.81445,2.40,8.30
2009.10.12 05:02:28.838,0.8141,0.81435,8.00,1.60
2009.10.12 05:02:29.118,0.8141,0.81435,8.00,1.60
2009.10.12 05:02:29.798,0.8141,0.81435,4.00,4.00
2009.10.12 05:02:29.968,0.8141,0.81435,4.00,4.00
2009.10.12 05:02:30.368,0.81405,0.81435,8.00,4.00
2009.10.12 05:02:33.307,0.81405,0.8143,4.00,4.00
2009.10.12 05:02:33.477,0.814,0.8143,12.00,4.00
2009.10.12 05:02:33.647,0.814,0.8143,8.00,4.00
2009.10.12 05:02:34.627,0.81405,0.81435,4.00,10.40
2009.10.12 05:02:34.807,0.81405,0.81435,8.00,4.00
2009.10.12 05:02:43.515,0.81405,0.81435,10.00,2.40
2009.10.12 05:02:43.745,0.81405,0.81435,16.40,2.40
2009.10.12 05:02:44.035,0.8141,0.8144,6.40,2.40
2009.10.12 05:02:44.625,0.81405,0.81435,11.20,4.00
2009.10.12 05:02:46.254,0.81405,0.81435,8.80,4.00
2009.10.12 05:02:55.122,0.81405,0.8143,6.40,2.40
2009.10.12 05:02:55.362,0.81405,0.81425,4.80,1.60
2009.10.12 05:02:55.592,0.81405,0.81425,1.00,1.60
2009.10.12 05:02:55.872,0.81405,0.81425,3.20,1.60
2009.10.12 05:02:56.092,0.81405,0.81435,8.80,5.60
2009.10.12 05:02:58.901,0.81405,0.81435,8.80,4.80
2009.10.12 05:02:59.011,0.81405,0.81435,8.80,4.00
2009.10.12 05:02:59.311,0.81405,0.81435,8.80,4.80
2009.10.12 05:02:59.481,0.81405,0.81425,1.00,1.60
2009.10.12 05:03:00.171,0.81405,0.81435,4.80,8.00
2009.10.12 05:03:00.351,0.81405,0.81435,8.80,4.80
2009.10.12 05:03:00.691,0.81405,0.8143,1.00,4.00
2009.10.12 05:03:03.310,0.814,0.81425,8.80,1.60
2009.10.12 05:03:05.679,0.814,0.81425,8.80,1.60
2009.10.12 05:03:05.849,0.814,0.8143,7.20,4.80
2009.10.12 05:03:06.019,0.814,0.8143,2.40,8.80
2009.10.12 05:03:06.250,0.81405,0.8142,4.00,1.60
2009.10.12 05:03:06.419,0.81405,0.81425,4.00,1.60
2009.10.12 05:03:06.639,0.81405,0.81425,2.40,1.60
2009.10.12 05:03:06.819,0.81405,0.81435,8.00,4.00
2009.10.12 05:03:10.388,0.81405,0.8143,5.60,2.40
2009.10.12 05:03:10.498,0.81405,0.81425,1.00,1.60
2009.10.12 05:03:10.618,0.81405,0.81425,3.20,1.60
2009.10.12 05:03:10.968,0.81405,0.81435,8.80,4.00
2009.10.12 05:03:11.258,0.81405,0.8143,3.20,4.00
2009.10.12 05:03:11.948,0.81405,0.81435,11.20,4.00
2009.10.12 05:03:16.367,0.81405,0.81435,11.20,4.80
2009.10.12 05:03:16.547,0.81405,0.8143,3.20,4.00
2009.10.12 05:03:16.717,0.81405,0.81435,4.80,8.00
2009.10.12 05:03:17.067,0.81405,0.81435,8.80,4.00
2009.10.12 05:03:17.227,0.81405,0.81425,4.80,1.60
2009.10.12 05:03:17.407,0.81405,0.81425,3.20,1.60
2009.10.12 05:03:17.646,0.81405,0.8143,4.80,2.40
2009.10.12 05:03:17.936,0.81405,0.8143,8.80,2.40
2009.10.12 05:03:18.216,0.81405,0.81435,11.20,4.00
2009.10.12 05:03:21.316,0.81405,0.8143,8.80,2.40
2009.10.12 05:03:21.486,0.81405,0.8143,4.80,2.40
2009.10.12 05:03:21.835,0.81405,0.81435,8.80,4.00
2009.10.12 05:03:22.185,0.81405,0.81435,6.40,4.80
2009.10.12 05:03:22.355,0.81405,0.81425,1.00,1.60
2009.10.12 05:03:22.525,0.81405,0.81435,8.80,4.00
2009.10.12 05:03:26.394,0.81405,0.81435,8.80,4.80
2009.10.12 05:03:26.564,0.81405,0.81435,6.40,4.80
2009.10.12 05:03:26.784,0.81405,0.81435,4.80,8.00
2009.10.12 05:03:27.024,0.81405,0.81435,11.20,4.00
2009.10.12 05:03:27.254,0.81405,0.81435,8.80,4.80
2009.10.12 05:03:27.494,0.81405,0.81435,7.20,8.00
2009.10.12 05:03:27.724,0.81405,0.81435,11.20,4.00
2009.10.12 05:03:32.103,0.81405,0.81425,9.60,1.60
2009.10.12 05:03:32.273,0.81405,0.81425,4.00,4.00
2009.10.12 05:03:32.453,0.81405,0.8142,4.00,1.60
2009.10.12 05:03:32.623,0.81395,0.8142,6.40,4.00
2009.10.12 05:03:32.783,0.81395,0.8142,2.40,1.60
2009.10.12 05:03:32.963,0.81395,0.81425,8.00,4.00
2009.10.12 05:03:33.473,0.8139,0.81425,14.40,8.00
2009.10.12 05:03:33.813,0.8139,0.81425,14.40,4.00
2009.10.12 05:03:34.842,0.81395,0.81425,8.00,4.00
2009.10.12 05:03:35.243,0.81395,0.81425,8.80,4.00
2009.10.12 05:03:35.532,0.81395,0.81425,9.60,4.00
2009.10.12 05:03:35.702,0.814,0.81425,2.40,1.60
2009.10.12 05:03:35.822,0.81405,0.81435,4.00,12.30
2009.10.12 05:03:35.992,0.81405,0.8143,1.60,2.40
2009.10.12 05:03:36.162,0.81405,0.81435,4.00,10.40
2009.10.12 05:03:36.442,0.81405,0.81435,8.00,4.00
2009.10.12 05:03:37.422,0.81405,0.81435,6.40,4.80
2009.10.12 05:03:37.482,0.81405,0.8143,4.00,2.40
2009.10.12 05:03:37.772,0.81405,0.8143,4.00,3.20
2009.10.12 05:03:37.832,0.814,0.81425,4.80,4.00
2009.10.12 05:03:37.932,0.814,0.81425,4.00,4.00
2009.10.12 05:03:38.052,0.81395,0.81425,15.20,4.00
2009.10.12 05:03:38.232,0.81395,0.81425,15.20,4.80
2009.10.12 05:03:38.581,0.81395,0.8142,2.40,4.00
2009.10.12 05:03:38.931,0.81395,0.81425,8.00,4.00
2009.10.12 05:03:39.291,0.8139,0.81425,10.00,8.80
2009.10.12 05:03:39.641,0.81395,0.81425,8.00,4.00
2009.10.12 05:03:40.411,0.81395,0.81425,8.00,4.00
2009.10.12 05:03:41.391,0.81395,0.81425,8.80,1.60
2009.10.12 05:03:41.561,0.81395,0.8143,8.80,2.40
2009.10.12 05:03:41.801,0.814,0.8143,6.40,2.40
2009.10.12 05:03:45.170,0.81405,0.81435,4.00,12.00
2009.10.12 05:03:45.350,0.81405,0.81435,8.00,7.20
2009.10.12 05:03:45.410,0.81405,0.81435,8.00,6.40
2009.10.12 05:03:45.640,0.81405,0.81435,8.00,4.00
2009.10.12 05:03:52.528,0.81405,0.81435,8.00,4.90
2009.10.12 05:03:52.638,0.81405,0.8143,6.40,2.40
2009.10.12 05:03:52.748,0.81405,0.81435,4.00,4.80
2009.10.12 05:03:52.808,0.814,0.8143,6.40,2.40
2009.10.12 05:03:52.918,0.814,0.8143,2.40,2.40
2009.10.12 05:03:53.248,0.814,0.8143,7.20,2.40
2009.10.12 05:03:53.308,0.814,0.81435,7.20,8.00
2009.10.12 05:03:53.418,0.814,0.81435,10.00,8.00
2009.10.12 05:03:53.778,0.814,0.81435,14.00,4.00
2009.10.12 05:03:56.037,0.81405,0.8143,5.60,2.40
2009.10.12 05:03:56.317,0.81405,0.8143,4.00,4.00
2009.10.12 05:03:56.557,0.814,0.81425,8.00,1.60
2009.10.12 05:03:59.037,0.81405,0.81435,4.00,8.00
2009.10.12 05:03:59.197,0.81405,0.81435,4.00,8.00
2009.10.12 05:03:59.616,0.814,0.81435,6.40,4.80
2009.10.12 05:04:05.425,0.81395,0.8142,4.00,4.00
2009.10.12 05:04:05.715,0.81395,0.81425,4.00,8.80
2009.10.12 05:04:05.885,0.814,0.81425,1.60,8.00
2009.10.12 05:04:06.005,0.814,0.81425,4.00,5.60
2009.10.12 05:04:06.225,0.814,0.81425,4.00,1.60
2009.10.12 05:04:06.345,0.814,0.81425,8.00,1.60
2009.10.12 05:04:06.695,0.81395,0.81425,8.00,4.00
2009.10.12 05:04:07.405,0.81395,0.8142,4.00,4.00
2009.10.12 05:04:07.695,0.8139,0.81415,4.00,2.40
2009.10.12 05:04:07.814,0.81385,0.81415,8.40,2.40
2009.10.12 05:04:08.294,0.81385,0.81415,8.00,2.40
2009.10.12 05:04:11.144,0.81385,0.8141,4.00,4.80
2009.10.12 05:04:11.384,0.81385,0.8141,4.00,4.00
2009.10.12 05:04:11.664,0.81375,0.8141,8.00,8.00
2009.10.12 05:04:11.894,0.81375,0.8141,8.80,8.00
2009.10.12 05:04:12.054,0.81375,0.8141,11.20,8.00
2009.10.12 05:04:12.163,0.8138,0.81405,1.60,2.40
2009.10.12 05:04:12.273,0.8138,0.8141,8.00,4.00
2009.10.12 05:04:12.784,0.81375,0.8141,12.00,4.00
2009.10.12 05:04:13.543,0.81375,0.8141,12.80,4.00
2009.10.12 05:04:13.713,0.81375,0.8141,17.20,4.00
2009.10.12 05:04:14.013,0.8138,0.8141,6.40,2.40
2009.10.12 05:04:15.063,0.8138,0.8141,7.30,2.40
2009.10.12 05:04:15.393,0.8138,0.81415,10.00,6.40
2009.10.12 05:04:15.682,0.8138,0.81415,14.00,2.40
2009.10.12 05:04:16.032,0.81385,0.81415,8.80,2.40
2009.10.12 05:04:17.012,0.81385,0.81415,9.20,2.40
2009.10.12 05:04:17.072,0.81385,0.81415,8.40,2.40
2009.10.12 05:04:20.122,0.81385,0.81415,8.40,2.40
2009.10.12 05:04:20.301,0.81385,0.8142,4.00,10.00
2009.10.12 05:04:20.421,0.81385,0.81415,8.00,2.40
2009.10.12 05:04:20.531,0.81385,0.81415,4.00,2.40
2009.10.12 05:04:20.891,0.81385,0.81405,4.00,2.40
2009.10.12 05:04:21.241,0.8138,0.81405,4.00,2.40
2009.10.12 05:04:22.511,0.8138,0.8141,6.40,2.40
2009.10.12 05:04:22.741,0.8138,0.8141,6.80,2.40
2009.10.12 05:04:23.021,0.8138,0.81405,4.40,2.40
2009.10.12 05:04:23.311,0.8138,0.8141,7.20,2.40
2009.10.12 05:04:23.591,0.8138,0.81415,10.00,2.40
2009.10.12 05:04:23.880,0.8138,0.8142,11.20,9.20
2009.10.12 05:04:24.111,0.81385,0.8142,1.00,9.20
2009.10.12 05:04:25.330,0.81385,0.81405,1.00,2.40
2009.10.12 05:04:25.440,0.81385,0.814,1.00,2.40
2009.10.12 05:04:25.620,0.8138,0.814,4.00,2.40
2009.10.12 05:04:25.730,0.81375,0.814,6.40,2.40
2009.10.12 05:04:25.840,0.81375,0.814,2.40,4.00
2009.10.12 05:04:26.540,0.8137,0.814,7.20,4.00
2009.10.12 05:04:27.520,0.8137,0.814,7.20,4.00
2009.10.12 05:04:27.870,0.8137,0.814,7.20,2.40
2009.10.12 05:04:28.919,0.81375,0.814,3.20,2.40
2009.10.12 05:04:29.259,0.8138,0.8141,8.40,8.80
2009.10.12 05:04:29.429,0.81385,0.8141,1.00,4.80
2009.10.12 05:04:29.599,0.81385,0.8141,1.00,4.00
2009.10.12 05:04:29.769,0.8138,0.8141,9.20,4.00
2009.10.12 05:04:29.939,0.8138,0.8141,8.80,4.00
2009.10.12 05:04:30.899,0.81385,0.8141,1.00,4.00
2009.10.12 05:04:41.976,0.81385,0.8141,2.40,4.00
2009.10.12 05:04:46.295,0.8138,0.814,4.00,1.60
2009.10.12 05:04:46.695,0.8138,0.814,1.00,1.60
2009.10.12 05:04:47.575,0.8138,0.814,4.00,1.60
2009.10.12 05:04:47.795,0.81385,0.8141,2.80,2.40
2009.10.12 05:04:48.025,0.8139,0.8142,8.00,4.00
2009.10.12 05:04:48.555,0.81395,0.8142,6.40,1.60
2009.10.12 05:04:48.795,0.81395,0.8142,4.00,4.00
2009.10.12 05:04:49.094,0.81395,0.81425,4.00,8.00
2009.10.12 05:04:49.324,0.81395,0.81425,8.00,4.00
2009.10.12 05:04:50.894,0.81395,0.81425,6.40,4.80
2009.10.12 05:04:51.064,0.81395,0.81425,6.40,4.00
2009.10.12 05:04:51.234,0.81395,0.8142,4.00,4.00
2009.10.12 05:04:51.584,0.8139,0.8142,8.00,4.00
2009.10.12 05:04:54.213,0.8139,0.8142,4.00,4.00
2009.10.12 05:04:54.383,0.8139,0.81415,4.00,2.40
2009.10.12 05:04:54.563,0.81385,0.81415,8.80,2.40
2009.10.12 05:04:55.423,0.81385,0.81415,8.00,2.40
2009.10.12 05:05:00.012,0.81385,0.81415,8.00,2.40
2009.10.12 05:05:14.348,0.81385,0.81415,8.00,3.20
2009.10.12 05:05:14.528,0.81385,0.81415,6.40,4.80
2009.10.12 05:05:14.868,0.81385,0.8141,2.40,4.00
2009.10.12 05:05:18.267,0.81385,0.81415,4.00,7.20
2009.10.12 05:05:18.567,0.81385,0.81415,8.00,3.20
2009.10.12 05:05:29.415,0.81385,0.81415,8.40,2.40
2009.10.12 05:05:30.504,0.81385,0.8142,9.60,9.60
2009.10.12 05:05:30.864,0.81385,0.8142,13.60,4.00
2009.10.12 05:05:31.534,0.81395,0.81425,4.10,8.80
2009.10.12 05:05:31.764,0.81395,0.81425,12.40,5.60
2009.10.12 05:05:31.944,0.81395,0.81425,4.40,9.90
2009.10.12 05:05:32.294,0.81395,0.81425,4.50,12.30
2009.10.12 05:05:32.404,0.814,0.81425,1.00,8.30
2009.10.12 05:05:32.754,0.814,0.81425,1.00,9.10
2009.10.12 05:05:32.934,0.814,0.81425,1.00,8.30
2009.10.12 05:05:33.054,0.81395,0.81425,4.40,12.30
2009.10.12 05:05:33.394,0.81395,0.81425,8.00,8.30
2009.10.12 05:05:33.744,0.81395,0.81425,4.00,12.30
2009.10.12 05:05:34.433,0.81395,0.81425,4.00,8.30
2009.10.12 05:05:34.614,0.81395,0.81425,4.00,7.20
2009.10.12 05:05:34.853,0.81395,0.81425,4.00,6.40
2009.10.12 05:05:35.033,0.81395,0.81425,4.00,4.00
2009.10.12 05:05:35.273,0.81395,0.81425,8.00,4.00
2009.10.12 05:05:43.331,0.81405,0.8144,4.80,6.40
2009.10.12 05:05:44.061,0.81405,0.8144,13.20,6.40
2009.10.12 05:05:44.291,0.8141,0.81445,8.80,8.00
2009.10.12 05:05:45.771,0.8141,0.8144,8.80,2.40
2009.10.12 05:05:46.001,0.8141,0.8144,7.20,2.40
2009.10.12 05:05:46.331,0.8141,0.81435,4.00,2.40
2009.10.12 05:05:46.571,0.81405,0.81435,11.20,4.00
2009.10.12 05:05:47.201,0.81405,0.8144,12.40,4.80
2009.10.12 05:05:47.561,0.8141,0.81445,8.80,8.00
2009.10.12 05:05:58.288,0.81415,0.81445,2.40,8.80
2009.10.12 05:05:58.408,0.8141,0.8144,8.80,4.00
2009.10.12 05:05:58.688,0.8141,0.8144,4.80,4.00
2009.10.12 05:06:00.767,0.8141,0.81445,9.30,8.80
2009.10.12 05:06:00.937,0.81415,0.81445,3.20,8.00
2009.10.12 05:06:02.257,0.81415,0.81445,5.60,8.00
2009.10.12 05:06:02.607,0.81415,0.81445,9.60,4.00
2009.10.12 05:06:03.977,0.8142,0.81445,1.00,4.00
2009.10.12 05:06:04.156,0.81415,0.81445,3.20,8.00
2009.10.12 05:06:04.386,0.81415,0.81445,3.20,7.20
2009.10.12 05:06:05.246,0.8141,0.81435,8.80,1.60
2009.10.12 05:06:05.466,0.8141,0.81435,4.80,1.60
2009.10.12 05:06:07.186,0.8141,0.8144,9.60,2.40
2009.10.12 05:06:07.306,0.81415,0.8144,1.00,2.40
2009.10.12 05:06:07.476,0.81415,0.8144,6.40,2.40
2009.10.12 05:06:07.646,0.81415,0.81445,8.80,1.60
2009.10.12 05:06:08.696,0.81415,0.81445,7.30,4.00
2009.10.12 05:06:08.985,0.81415,0.81445,3.20,8.00
2009.10.12 05:06:11.195,0.81415,0.81445,5.60,8.00
2009.10.12 05:06:11.375,0.81415,0.81445,9.60,4.00
2009.10.12 05:06:11.665,0.8142,0.81445,1.60,4.00
2009.10.12 05:06:12.115,0.8142,0.81445,4.00,1.60
2009.10.12 05:06:25.261,0.8142,0.81445,1.00,4.00
2009.10.12 05:06:25.421,0.81415,0.81445,9.60,4.00
2009.10.12 05:06:25.601,0.81415,0.81445,5.60,8.00
2009.10.12 05:06:27.761,0.8142,0.81445,1.60,8.00
2009.10.12 05:06:27.931,0.8142,0.81445,4.00,5.60
2009.10.12 05:06:28.051,0.8142,0.81445,4.00,1.60
2009.10.12 05:06:32.060,0.8142,0.81445,1.00,4.00
2009.10.12 05:06:32.580,0.81415,0.81445,9.60,4.00
2009.10.12 05:06:32.980,0.81415,0.81445,5.60,8.00
2009.10.12 05:06:33.389,0.81415,0.81445,3.20,8.80
2009.10.12 05:06:33.569,0.81415,0.81435,3.20,1.60
2009.10.12 05:06:34.899,0.8142,0.8144,1.60,2.40
2009.10.12 05:06:35.059,0.8142,0.81445,4.80,1.60
2009.10.12 05:06:41.208,0.8142,0.81445,4.80,1.60
2009.10.12 05:06:43.137,0.8142,0.81445,4.80,1.60
2009.10.12 05:06:43.257,0.81425,0.8145,2.40,4.00
2009.10.12 05:06:43.377,0.81425,0.81455,2.40,8.80
2009.10.12 05:06:43.717,0.81425,0.81455,2.40,8.00
2009.10.12 05:06:49.496,0.8142,0.8145,8.80,2.40
2009.10.12 05:06:49.616,0.8142,0.81445,4.80,1.60
2009.10.12 05:06:49.846,0.8142,0.81445,4.00,1.60
2009.10.12 05:06:50.935,0.8142,0.81445,4.00,1.60
2009.10.12 05:06:52.735,0.8142,0.81445,4.00,1.60
2009.10.12 05:06:54.264,0.8142,0.81435,2.40,1.60
2009.10.12 05:06:54.544,0.8141,0.81435,9.60,1.60
2009.10.12 05:06:54.834,0.8141,0.81435,5.60,1.60
2009.10.12 05:06:55.234,0.8141,0.81435,3.20,4.00
2009.10.12 05:06:55.294,0.8141,0.81435,2.40,4.00
2009.10.12 05:06:55.414,0.81405,0.81435,14.80,4.00
2009.10.12 05:06:55.764,0.81405,0.81435,10.80,4.00
2009.10.12 05:06:56.114,0.81405,0.81435,7.20,4.00
2009.10.12 05:06:56.804,0.81405,0.81435,7.20,4.00
2009.10.12 05:06:57.084,0.81405,0.81435,7.20,3.20
2009.10.12 05:06:58.993,0.81405,0.81435,7.20,4.00
2009.10.12 05:07:05.732,0.81405,0.81435,7.20,4.00
2009.10.12 05:07:05.851,0.8141,0.81435,4.00,1.60
2009.10.12 05:07:06.952,0.8141,0.81435,4.00,1.60
2009.10.12 05:07:10.091,0.81385,0.81415,1.00,4.80
2009.10.12 05:07:10.321,0.81385,0.81415,1.00,1.00
2009.10.12 05:07:10.551,0.8138,0.81415,6.40,1.00
2009.10.12 05:07:11.290,0.81385,0.81415,4.00,1.00
2009.10.12 05:07:11.620,0.81385,0.81415,4.00,1.00
2009.10.12 05:07:12.000,0.8138,0.81415,6.40,1.00
2009.10.12 05:07:12.060,0.81385,0.81415,1.00,1.00
2009.10.12 05:07:12.180,0.81385,0.8142,1.00,15.10
2009.10.12 05:07:12.300,0.81385,0.8142,6.40,15.10
2009.10.12 05:07:12.410,0.81385,0.8142,8.00,14.70
2009.10.12 05:07:13.550,0.81385,0.8142,9.60,9.60
2009.10.12 05:07:13.790,0.8139,0.8142,4.00,8.00
2009.10.12 05:07:14.060,0.81395,0.8142,2.40,4.00
2009.10.12 05:07:20.288,0.81395,0.81425,4.00,10.40
2009.10.12 05:07:20.398,0.81395,0.81425,4.00,8.00
2009.10.12 05:07:20.568,0.81395,0.81425,4.00,5.60
2009.10.12 05:07:20.748,0.814,0.8143,2.40,8.00
2009.10.12 05:07:21.088,0.814,0.8143,2.40,4.00
2009.10.12 05:07:21.998,0.814,0.8143,2.40,4.00
2009.10.12 05:07:22.358,0.814,0.8143,2.40,4.00
2009.10.12 05:07:22.767,0.814,0.81435,6.40,12.00
2009.10.12 05:07:23.627,0.814,0.81435,7.20,11.20
2009.10.12 05:07:23.927,0.814,0.81435,10.00,8.00
2009.10.12 05:07:30.946,0.81405,0.81435,4.00,5.60
2009.10.12 05:07:31.186,0.8141,0.81435,4.00,5.60
2009.10.12 05:07:31.475,0.8141,0.81435,4.00,1.60
2009.10.12 05:07:32.245,0.8141,0.81435,4.00,1.60
2009.10.12 05:07:32.665,0.8141,0.81435,4.00,1.60
2009.10.12 05:07:34.485,0.81405,0.81435,8.00,4.00
2009.10.12 05:07:34.725,0.814,0.81425,8.80,1.60
2009.10.12 05:07:41.303,0.814,0.81425,6.40,1.60
2009.10.12 05:07:41.543,0.81395,0.81425,11.20,4.00
2009.10.12 05:07:41.833,0.81395,0.81425,8.00,8.00
2009.10.12 05:07:42.123,0.81395,0.81425,4.80,8.00
2009.10.12 05:07:42.233,0.81395,0.81425,8.80,4.00
2009.10.12 05:07:46.232,0.814,0.8143,3.20,4.00
2009.10.12 05:07:46.512,0.814,0.8143,2.50,4.00
2009.10.12 05:07:46.752,0.814,0.81435,4.60,8.00
2009.10.12 05:07:48.122,0.814,0.81435,14.00,4.00
2009.10.12 05:07:48.232,0.814,0.81435,13.20,4.80
2009.10.12 05:07:48.291,0.81405,0.81435,4.00,4.80
2009.10.12 05:07:48.401,0.81405,0.8142,4.00,1.60
2009.10.12 05:07:48.691,0.81405,0.81425,4.00,4.00
2009.10.12 05:07:48.801,0.81405,0.81425,4.00,4.00
2009.10.12 05:07:49.181,0.81395,0.81425,4.00,4.00
2009.10.12 05:07:49.481,0.814,0.81425,2.40,4.00
2009.10.12 05:07:51.141,0.814,0.81425,6.40,4.00
2009.10.12 05:07:58.719,0.814,0.81425,6.40,1.60
2009.10.12 05:07:58.839,0.814,0.8143,6.40,2.40
2009.10.12 05:07:59.179,0.814,0.8143,10.40,2.40
2009.10.12 05:07:59.529,0.814,0.8143,10.40,2.40
2009.10.12 05:07:59.869,0.814,0.8143,10.50,2.40
2009.10.12 05:08:00.049,0.814,0.81425,10.50,4.00
2009.10.12 05:08:00.168,0.814,0.81425,2.40,4.00
2009.10.12 05:08:05.487,0.814,0.81425,1.00,4.00
2009.10.12 05:08:05.787,0.81395,0.81425,2.40,8.80
2009.10.12 05:08:06.117,0.81395,0.81425,2.40,20.70
2009.10.12 05:08:06.407,0.8139,0.81425,2.40,24.70
2009.10.12 05:08:07.747,0.81395,0.8142,2.40,4.80
2009.10.12 05:08:08.086,0.81395,0.8142,2.40,1.00
2009.10.12 05:08:12.526,0.81395,0.81425,2.40,17.10
2009.10.12 05:08:16.015,0.814,0.81425,2.40,16.30
2009.10.12 05:08:16.075,0.814,0.81425,2.40,12.00
2009.10.12 05:08:16.195,0.81395,0.81425,4.00,12.00
2009.10.12 05:08:16.305,0.81395,0.81425,8.00,8.80
2009.10.12 05:08:16.645,0.81395,0.81425,8.00,4.00
2009.10.12 05:08:19.024,0.81395,0.81425,4.00,5.60
2009.10.12 05:08:19.204,0.8139,0.81425,6.40,9.60
2009.10.12 05:08:19.424,0.8139,0.8142,2.40,8.80
2009.10.12 05:08:19.604,0.8139,0.8142,2.40,4.80
2009.10.12 05:08:19.784,0.8139,0.8142,2.40,8.80
2009.10.12 05:08:20.004,0.8139,0.8142,4.00,5.60
2009.10.12 05:08:20.234,0.8139,0.8142,4.00,8.00
2009.10.12 05:08:20.514,0.8139,0.8142,2.40,8.80
2009.10.12 05:08:23.583,0.8139,0.8142,2.40,8.80
2009.10.12 05:08:29.521,0.81395,0.8142,2.40,5.60
2009.10.12 05:08:29.751,0.81395,0.8142,2.40,1.60
2009.10.12 05:08:30.841,0.81395,0.81425,4.00,15.50
2009.10.12 05:08:31.181,0.81395,0.81425,4.00,12.00
2009.10.12 05:08:31.411,0.81395,0.81425,6.40,8.00
2009.10.12 05:08:31.761,0.814,0.81425,2.40,10.40
2009.10.12 05:08:32.111,0.814,0.81425,2.40,4.00
2009.10.12 05:08:35.770,0.81395,0.81425,8.00,4.00
2009.10.12 05:08:35.930,0.81395,0.81425,6.40,4.00
2009.10.12 05:08:36.350,0.81395,0.81425,2.40,8.80
2009.10.12 05:08:36.710,0.8139,0.8142,6.40,8.80
2009.10.12 05:08:37.060,0.8139,0.8142,2.40,14.80
2009.10.12 05:08:37.170,0.8139,0.81415,1.00,6.40
2009.10.12 05:08:37.390,0.8139,0.81415,1.00,7.20
2009.10.12 05:08:37.449,0.81385,0.81415,2.40,7.20
2009.10.12 05:08:37.680,0.81385,0.81415,2.40,7.20
2009.10.12 05:08:37.739,0.81385,0.81415,2.40,3.20
2009.10.12 05:08:37.910,0.81385,0.81415,2.40,7.20
2009.10.12 05:08:38.439,0.81385,0.81415,2.40,11.20
2009.10.12 05:08:42.098,0.81385,0.81415,2.40,11.20
2009.10.12 05:08:42.438,0.81385,0.81415,2.40,7.20
2009.10.12 05:08:43.958,0.8138,0.8141,6.40,4.00
2009.10.12 05:08:44.058,0.8138,0.8141,2.40,8.00
2009.10.12 05:08:44.768,0.81375,0.81405,8.80,2.40
2009.10.12 05:08:44.888,0.81375,0.814,8.90,1.60
2009.10.12 05:08:44.998,0.81375,0.814,8.00,1.60
2009.10.12 05:08:45.288,0.81375,0.814,4.00,1.60
2009.10.12 05:08:49.387,0.81375,0.814,4.00,1.60
2009.10.12 05:08:49.557,0.8137,0.814,3.20,8.00
2009.10.12 05:08:51.016,0.81365,0.814,15.40,4.00
2009.10.12 05:08:51.296,0.81375,0.814,5.60,4.00
2009.10.12 05:08:51.416,0.81375,0.81405,5.60,6.40
2009.10.12 05:08:56.535,0.81385,0.81415,2.40,8.80
2009.10.12 05:08:57.215,0.81385,0.81415,2.40,6.40
2009.10.12 05:08:57.385,0.81385,0.81415,4.00,6.40
2009.10.12 05:08:57.655,0.81385,0.81415,8.00,2.40
2009.10.12 05:08:59.194,0.81385,0.8141,8.00,1.60
2009.10.12 05:08:59.434,0.81385,0.8141,4.00,1.60
2009.10.12 05:08:59.554,0.81385,0.81415,4.00,6.40
2009.10.12 05:08:59.664,0.81385,0.81415,4.00,2.40
2009.10.12 05:08:59.784,0.81385,0.81415,4.80,2.40
2009.10.12 05:09:00.004,0.81385,0.81415,8.80,2.40
2009.10.12 05:09:00.354,0.81385,0.81415,8.00,2.40
2009.10.12 05:09:01.054,0.81385,0.8142,8.00,8.80
2009.10.12 05:09:03.213,0.81385,0.8142,8.00,8.00
2009.10.12 05:09:10.931,0.81395,0.81425,2.40,11.20
2009.10.12 05:09:13.381,0.81395,0.81425,2.40,8.00
2009.10.12 05:09:18.090,0.81395,0.81425,4.00,8.00
2009.10.12 05:09:18.260,0.81395,0.81425,4.00,5.60
2009.10.12 05:09:18.370,0.81395,0.81425,8.00,4.00
2009.10.12 05:09:18.719,0.81395,0.81425,3.20,4.00
2009.10.12 05:09:19.059,0.81395,0.81425,3.20,8.00
2009.10.12 05:09:22.319,0.81395,0.81425,3.20,5.60
2009.10.12 05:09:22.499,0.81395,0.81425,3.20,4.00
2009.10.12 05:09:22.779,0.81395,0.8143,7.20,6.40
2009.10.12 05:09:27.708,0.81395,0.8143,7.20,7.20
2009.10.12 05:09:27.878,0.81395,0.8143,4.80,7.20
2009.10.12 05:09:28.097,0.81395,0.81425,3.20,4.00
2009.10.12 05:09:28.337,0.81395,0.8143,7.20,6.40
2009.10.12 05:09:30.757,0.81395,0.8143,4.80,6.40
2009.10.12 05:09:30.927,0.81395,0.8143,4.80,8.80
2009.10.12 05:09:31.037,0.81395,0.81425,1.00,8.00
2009.10.12 05:09:39.325,0.814,0.81425,2.40,5.60
2009.10.12 05:09:39.505,0.814,0.8143,2.40,8.80
2009.10.12 05:09:39.685,0.81395,0.8143,8.80,6.40
2009.10.12 05:09:39.985,0.81395,0.8143,11.20,2.40
2009.10.12 05:09:40.285,0.81395,0.8143,10.00,6.40
2009.10.12 05:09:40.615,0.81395,0.81425,7.60,2.40
2009.10.12 05:09:40.975,0.81395,0.81425,7.20,4.00
2009.10.12 05:09:41.154,0.81395,0.81425,1.00,8.00
2009.10.12 05:09:41.864,0.81395,0.81425,3.20,4.00
2009.10.12 05:09:42.134,0.81395,0.8143,3.20,6.40
2009.10.12 05:09:42.534,0.81395,0.8143,7.20,6.40
2009.10.12 05:09:43.714,0.81395,0.8143,9.60,6.40
2009.10.12 05:09:43.884,0.81395,0.81425,7.20,2.40
2009.10.12 05:09:43.944,0.81395,0.81425,7.20,4.00
2009.10.12 05:09:44.344,0.81395,0.81425,1.00,8.00
2009.10.12 05:09:46.713,0.8139,0.81425,7.60,8.00
2009.10.12 05:09:47.063,0.8139,0.81425,7.20,8.00
2009.10.12 05:09:53.392,0.8139,0.81425,6.40,8.00
2009.10.12 05:09:53.861,0.8139,0.81425,7.20,8.00
2009.10.12 05:09:53.971,0.81395,0.81425,8.00,1.60
2009.10.12 05:09:54.311,0.81395,0.8142,2.40,1.60
2009.10.12 05:09:54.541,0.814,0.81425,2.40,1.60
2009.10.12 05:10:02.589,0.81395,0.81425,6.40,4.00
2009.10.12 05:10:02.869,0.81395,0.8142,2.40,1.60
2009.10.12 05:10:05.368,0.8139,0.8142,8.00,4.00
2009.10.12 05:10:05.548,0.8139,0.8142,6.40,4.00
2009.10.12 05:10:05.659,0.8139,0.8141,2.40,1.60
2009.10.12 05:10:05.829,0.81385,0.8141,6.40,1.60
2009.10.12 05:10:06.179,0.81385,0.8141,2.40,1.60
2009.10.12 05:10:07.968,0.81385,0.8141,3.20,1.60
2009.10.12 05:10:08.138,0.81385,0.8142,8.00,10.40
2009.10.12 05:10:08.318,0.81385,0.8141,2.40,1.60
2009.10.12 05:10:28.303,0.81385,0.8141,3.20,1.60
2009.10.12 05:10:28.593,0.81385,0.8142,8.80,10.00
2009.10.12 05:10:28.703,0.8139,0.8142,2.40,9.60
2009.10.12 05:10:37.211,0.8139,0.8142,2.50,9.60
2009.10.12 05:10:37.451,0.81395,0.8142,2.40,7.20
2009.10.12 05:10:37.621,0.81395,0.8142,2.40,3.20
2009.10.12 05:10:39.920,0.8139,0.8142,6.40,5.60
2009.10.12 05:10:40.370,0.8139,0.8142,2.40,9.60
2009.10.12 05:10:44.130,0.8139,0.8142,2.40,10.80
2009.10.12 05:10:44.309,0.81385,0.8141,9.60,1.60
2009.10.12 05:10:44.479,0.81385,0.8141,3.20,1.60
2009.10.12 05:10:59.396,0.81385,0.8141,3.20,1.60
2009.10.12 05:10:59.806,0.8139,0.8142,2.40,9.60
2009.10.12 05:11:00.146,0.81385,0.81415,9.60,4.00
2009.10.12 05:11:00.535,0.81385,0.8141,7.20,1.60
2009.10.12 05:11:01.275,0.81385,0.8142,9.60,9.60
2009.10.12 05:11:01.565,0.81385,0.8142,12.00,13.60
2009.10.12 05:11:01.905,0.81385,0.8142,12.00,9.60
2009.10.12 05:11:02.195,0.81385,0.8142,16.00,5.60
2009.10.12 05:11:02.435,0.81385,0.8142,16.00,4.00
2009.10.12 05:11:02.665,0.8139,0.8142,2.40,4.00
2009.10.12 05:11:03.305,0.81395,0.81425,2.40,11.20
2009.10.12 05:11:03.425,0.81395,0.81425,2.40,8.00
2009.10.12 05:11:10.673,0.81395,0.81425,2.40,4.00
2009.10.12 05:11:11.403,0.81395,0.81425,2.40,8.00
2009.10.12 05:11:18.181,0.81385,0.8142,8.10,8.40
2009.10.12 05:11:18.421,0.81385,0.8142,11.30,8.00
2009.10.12 05:11:18.711,0.8139,0.8142,3.20,4.00
2009.10.12 05:11:19.061,0.8139,0.81425,7.20,11.20
2009.10.12 05:11:21.250,0.8139,0.81425,7.20,8.80
2009.10.12 05:11:21.590,0.81395,0.81425,2.40,4.80
2009.10.12 05:11:21.760,0.81395,0.81425,2.40,8.80
2009.10.12 05:11:23.730,0.8139,0.8142,6.40,2.40
2009.10.12 05:11:23.960,0.8139,0.8142,6.40,4.00
2009.10.12 05:11:24.240,0.8139,0.8142,2.40,8.00
2009.10.12 05:11:25.229,0.8139,0.8142,3.20,4.00
2009.10.12 05:11:25.569,0.8139,0.81425,8.00,8.00
2009.10.12 05:11:25.909,0.8139,0.81425,8.00,4.00
2009.10.12 05:11:28.399,0.8139,0.81425,8.00,4.00
2009.10.12 05:11:28.628,0.8139,0.81425,8.00,4.00
2009.10.12 05:11:39.246,0.8139,0.81425,7.20,4.80
2009.10.12 05:11:39.476,0.8139,0.8142,3.20,4.00
2009.10.12 05:11:42.185,0.81395,0.81425,2.40,8.00
2009.10.12 05:11:42.535,0.81395,0.81425,3.20,8.00
2009.10.12 05:11:44.725,0.814,0.81425,2.40,8.00
2009.10.12 05:11:45.005,0.814,0.81425,2.40,4.00
2009.10.12 05:11:45.914,0.81395,0.81425,7.20,4.00
2009.10.12 05:11:46.094,0.81395,0.81425,3.20,8.00
2009.10.12 05:11:49.684,0.81395,0.81425,1.00,9.20
2009.10.12 05:11:49.863,0.8139,0.8142,3.20,4.00
2009.10.12 05:11:52.593,0.8139,0.81425,7.20,8.00
2009.10.12 05:11:55.002,0.8139,0.81425,7.20,8.80
2009.10.12 05:11:55.302,0.8139,0.8142,3.20,8.00
2009.10.12 05:11:57.372,0.8139,0.8142,2.40,8.00
2009.10.12 05:12:05.710,0.8139,0.81415,2.40,3.20
2009.10.12 05:12:05.880,0.81385,0.8141,6.40,4.00
2009.10.12 05:12:06.110,0.8138,0.8141,2.40,8.00
2009.10.12 05:12:09.779,0.8138,0.8141,2.50,8.00
2009.10.12 05:12:11.278,0.8138,0.8141,2.40,8.00
2009.10.12 05:12:12.378,0.8138,0.81405,1.00,2.40
2009.10.12 05:12:12.768,0.8138,0.81405,1.00,6.40
2009.10.12 05:12:17.717,0.81375,0.81405,2.40,6.40
2009.10.12 05:12:22.465,0.81375,0.81405,2.40,2.40
2009.10.12 05:12:22.976,0.8138,0.8141,2.40,8.80
2009.10.12 05:12:23.086,0.8138,0.8141,2.40,8.00
2009.10.12 05:12:24.005,0.8138,0.8141,2.40,8.00
2009.10.12 05:12:25.845,0.8138,0.8141,2.40,8.80
2009.10.12 05:12:26.015,0.8138,0.81405,1.00,2.40
2009.10.12 05:12:26.175,0.81375,0.814,7.20,4.00
2009.10.12 05:12:26.345,0.81375,0.814,4.80,4.00
2009.10.12 05:12:26.515,0.8137,0.814,3.20,4.00
2009.10.12 05:12:26.984,0.8137,0.814,2.40,4.00
2009.10.12 05:12:27.314,0.81375,0.81405,2.40,6.40
2009.10.12 05:12:27.664,0.81375,0.81405,2.40,2.40
2009.10.12 05:12:35.772,0.81375,0.81405,2.40,2.40
2009.10.12 05:12:36.112,0.81375,0.81405,2.50,2.40
2009.10.12 05:12:37.532,0.81375,0.8141,9.60,8.00
2009.10.12 05:12:37.872,0.81375,0.8141,9.60,8.00
2009.10.12 05:12:38.272,0.81375,0.8141,12.40,8.00
2009.10.12 05:12:47.559,0.8138,0.8141,2.40,9.60
2009.10.12 05:12:47.739,0.81375,0.81405,7.20,8.00
2009.10.12 05:12:47.969,0.81375,0.814,4.00,1.60
2009.10.12 05:12:48.139,0.8138,0.8141,2.40,8.80
2009.10.12 05:12:48.309,0.8138,0.8141,2.40,8.00
2009.10.12 05:12:48.719,0.81375,0.81405,6.40,2.40
2009.10.12 05:12:49.299,0.81375,0.81405,2.40,2.40
2009.10.12 05:13:02.346,0.81375,0.81405,4.00,4.80
2009.10.12 05:13:02.696,0.8137,0.81405,7.20,5.20
2009.10.12 05:13:03.736,0.8137,0.814,7.20,5.60
2009.10.12 05:13:03.786,0.8137,0.814,4.00,5.60
2009.10.12 05:13:06.045,0.8138,0.8141,6.40,4.00
2009.10.12 05:13:07.065,0.81385,0.8141,6.40,4.00
2009.10.12 05:13:07.885,0.81385,0.8141,2.40,4.00
2009.10.12 05:13:08.234,0.8138,0.8141,8.00,4.00
2009.10.12 05:13:08.344,0.8138,0.8141,6.40,4.00
2009.10.12 05:13:08.465,0.8138,0.8141,2.40,8.00
2009.10.12 05:13:09.834,0.8138,0.8141,2.40,8.80
2009.10.12 05:13:09.994,0.8138,0.8141,2.40,9.90
2009.10.12 05:13:10.944,0.8138,0.8141,2.40,8.80
2009.10.12 05:13:12.964,0.81385,0.8141,1.60,7.20
2009.10.12 05:13:17.402,0.81385,0.8141,1.60,6.40
2009.10.12 05:13:20.542,0.81365,0.8139,1.60,2.40
2009.10.12 05:13:21.621,0.81375,0.81395,1.60,8.00
2009.10.12 05:13:21.962,0.81375,0.81395,1.60,4.00
2009.10.12 05:13:23.311,0.81375,0.81395,1.60,1.60
2009.10.12 05:13:23.421,0.8138,0.81395,2.40,1.00
2009.10.12 05:13:23.541,0.8138,0.814,2.40,4.00
2009.10.12 05:13:23.661,0.81385,0.814,1.60,4.00
2009.10.12 05:13:23.771,0.81385,0.8141,4.00,4.80
2009.10.12 05:13:24.131,0.81405,0.81415,1.60,4.00
2009.10.12 05:13:24.531,0.814,0.8142,1.60,2.40
2009.10.12 05:13:25.640,0.81395,0.8142,1.60,2.40
2009.10.12 05:13:25.930,0.81395,0.8142,1.60,6.40
2009.10.12 05:13:36.158,0.81395,0.81415,1.60,6.40
2009.10.12 05:13:36.328,0.81395,0.81415,1.60,2.40
2009.10.12 05:13:38.717,0.81385,0.8141,8.00,2.40
2009.10.12 05:13:38.897,0.81385,0.8141,4.00,2.40
2009.10.12 05:13:42.097,0.81385,0.8141,4.00,2.40
2009.10.12 05:13:45.376,0.81385,0.8141,4.80,2.40
2009.10.12 05:13:45.486,0.81385,0.8141,4.80,2.40
2009.10.12 05:13:45.605,0.81385,0.81415,4.80,10.40
2009.10.12 05:13:45.946,0.81385,0.81415,8.80,5.60
2009.10.12 05:13:46.795,0.8139,0.8141,1.60,2.40
2009.10.12 05:13:47.035,0.81385,0.8141,4.00,2.40
2009.10.12 05:13:52.534,0.81385,0.8141,4.80,2.40
2009.10.12 05:13:52.874,0.81395,0.8142,5.60,2.40
2009.10.12 05:13:53.054,0.814,0.81425,1.60,8.00
2009.10.12 05:13:53.104,0.814,0.81425,1.60,5.60
2009.10.12 05:13:53.164,0.814,0.8142,1.60,2.40
2009.10.12 05:13:53.274,0.814,0.81425,1.60,5.60
2009.10.12 05:13:55.113,0.81395,0.81425,1.60,8.00
2009.10.12 05:13:55.403,0.81395,0.8142,1.60,2.40
2009.10.12 05:14:12.629,0.81395,0.8142,1.60,2.40
2009.10.12 05:14:12.919,0.81395,0.8142,1.60,2.40
2009.10.12 05:14:13.219,0.81395,0.8142,1.60,6.40
2009.10.12 05:14:13.499,0.81395,0.8142,1.60,2.40
2009.10.12 05:14:14.019,0.81395,0.81425,1.60,12.00
2009.10.12 05:14:15.818,0.8139,0.8141,1.60,2.40
2009.10.12 05:14:36.024,0.81385,0.8141,1.60,2.40
2009.10.12 05:14:36.323,0.81385,0.8141,1.60,6.40
2009.10.12 05:14:41.622,0.81385,0.8141,1.60,6.40
2009.10.12 05:14:41.742,0.8138,0.81405,1.60,2.40
2009.10.12 05:14:42.832,0.81385,0.8141,1.60,6.40
2009.10.12 05:14:54.829,0.81385,0.8141,1.60,6.40
2009.10.12 05:14:55.109,0.81375,0.8139,7.20,2.40
2009.10.12 05:14:55.409,0.81375,0.81395,4.00,2.40
2009.10.12 05:14:55.699,0.8137,0.814,6.40,3.20
2009.10.12 05:14:55.879,0.8137,0.81395,4.00,2.40
2009.10.12 05:14:56.109,0.8137,0.814,2.40,8.00
2009.10.12 05:14:56.289,0.8137,0.814,2.40,9.10
2009.10.12 05:14:56.509,0.81365,0.814,8.00,9.20
2009.10.12 05:14:56.688,0.81365,0.81385,1.60,2.40
2009.10.12 05:14:57.089,0.81365,0.81395,6.40,6.70
2009.10.12 05:14:57.438,0.81365,0.81395,4.00,4.80
2009.10.12 05:14:57.788,0.8137,0.81395,1.60,2.40
2009.10.12 05:14:59.628,0.8137,0.814,1.60,9.90
2009.10.12 05:14:59.808,0.8137,0.814,1.60,5.90
2009.10.12 05:14:59.978,0.8137,0.814,1.60,4.00
2009.10.12 05:15:00.268,0.8138,0.81405,2.40,2.40
2009.10.12 05:15:00.617,0.8138,0.8141,3.20,7.20
2009.10.12 05:15:00.918,0.8138,0.8141,7.20,2.40
2009.10.12 05:15:01.157,0.81385,0.8141,4.00,2.40
2009.10.12 05:15:13.594,0.81385,0.8141,5.60,2.40
2009.10.12 05:15:13.754,0.81385,0.8141,1.60,2.40
2009.10.12 05:15:13.924,0.81385,0.8141,1.60,6.40
2009.10.12 05:15:15.824,0.8138,0.8141,4.80,6.40
2009.10.12 05:15:16.104,0.8138,0.8141,8.80,2.40
2009.10.12 05:15:23.902,0.8139,0.8141,1.60,6.40
2009.10.12 05:15:30.230,0.8139,0.8141,1.60,2.40
2009.10.12 05:15:33.440,0.81385,0.8141,1.60,6.80
2009.10.12 05:15:33.560,0.8138,0.81405,4.00,3.20
2009.10.12 05:15:33.680,0.81375,0.814,5.60,2.40
2009.10.12 05:15:33.909,0.81375,0.814,5.60,3.20
2009.10.12 05:15:34.080,0.81375,0.814,1.60,3.20
2009.10.12 05:15:34.719,0.81375,0.814,8.00,3.20
2009.10.12 05:15:35.059,0.81375,0.81405,12.00,9.90
2009.10.12 05:15:35.339,0.81375,0.81405,12.00,6.70
2009.10.12 05:15:35.569,0.81375,0.81405,12.00,6.70
2009.10.12 05:15:36.139,0.81375,0.81405,8.00,6.70
2009.10.12 05:15:37.468,0.81375,0.81405,5.60,7.60
2009.10.12 05:15:37.698,0.81375,0.81405,1.60,12.30
2009.10.12 05:15:38.738,0.81375,0.81405,1.60,15.50
2009.10.12 05:15:41.338,0.81375,0.814,1.60,7.20
2009.10.12 05:15:42.167,0.81375,0.814,1.60,8.00
2009.10.12 05:15:42.508,0.8137,0.814,1.60,8.00
2009.10.12 05:15:42.858,0.81365,0.81395,5.60,4.00
2009.10.12 05:15:43.247,0.81365,0.81395,1.60,8.00
2009.10.12 05:15:43.887,0.8136,0.81395,8.80,3.20
2009.10.12 05:15:44.457,0.8136,0.81395,9.60,2.40
2009.10.12 05:15:45.537,0.8137,0.814,1.60,7.20
2009.10.12 05:15:48.646,0.8137,0.814,4.00,7.20
2009.10.12 05:15:51.165,0.8137,0.814,4.00,4.80
2009.10.12 05:15:51.346,0.8137,0.814,4.00,4.00
2009.10.12 05:15:53.235,0.81365,0.814,13.20,4.00
2009.10.12 05:15:53.575,0.81375,0.814,2.40,4.00
2009.10.12 05:15:53.865,0.81375,0.814,3.20,4.00
2009.10.12 05:15:53.985,0.81375,0.814,3.60,4.00
2009.10.12 05:15:54.265,0.81375,0.81405,3.60,4.00
2009.10.12 05:15:55.074,0.81375,0.8141,6.80,4.00
2009.10.12 05:15:55.544,0.81375,0.81405,10.40,4.00
2009.10.12 05:15:58.603,0.8138,0.8141,2.40,4.00
2009.10.12 05:16:01.593,0.8139,0.81415,2.40,8.00
2009.10.12 05:16:01.753,0.8139,0.81415,2.40,4.00
2009.10.12 05:16:03.142,0.81385,0.8142,5.20,6.40
2009.10.12 05:16:03.552,0.8139,0.8142,4.80,6.40
2009.10.12 05:16:03.723,0.8139,0.8142,8.80,1.60
2009.10.12 05:16:07.631,0.81395,0.8142,2.40,5.60
2009.10.12 05:16:11.201,0.81395,0.8142,2.40,6.40
2009.10.12 05:16:15.200,0.81395,0.8142,2.40,2.40
2009.10.12 05:16:15.779,0.81395,0.8142,4.00,4.80
2009.10.12 05:16:21.878,0.81395,0.8142,4.00,1.00
2009.10.12 05:16:22.818,0.814,0.81425,2.40,14.10
2009.10.12 05:16:22.998,0.814,0.81425,2.40,14.00
2009.10.12 05:16:31.456,0.81395,0.8142,4.00,1.00
2009.10.12 05:16:31.635,0.81395,0.8142,4.00,4.80
2009.10.12 05:16:31.806,0.8139,0.8142,4.00,1.00
2009.10.12 05:16:32.495,0.8139,0.8142,4.00,4.80
2009.10.12 05:16:34.365,0.8139,0.8142,8.00,1.00
2009.10.12 05:16:34.475,0.8139,0.8142,5.60,1.00
2009.10.12 05:16:34.595,0.8139,0.8142,4.00,4.80
2009.10.12 05:16:34.755,0.81385,0.8142,5.60,5.90
2009.10.12 05:16:38.724,0.81385,0.8142,6.40,5.10
2009.10.12 05:16:38.894,0.81385,0.8142,13.20,5.10
2009.10.12 05:16:46.212,0.8142,0.8144,2.40,1.60
2009.10.12 05:16:46.552,0.81415,0.8144,4.00,1.60
2009.10.12 05:16:46.952,0.8141,0.81435,4.80,1.60
2009.10.12 05:16:47.292,0.8141,0.81435,4.00,4.00
2009.10.12 05:16:49.002,0.8141,0.81435,2.40,5.60
2009.10.12 05:16:49.351,0.8141,0.81435,4.80,5.60
2009.10.12 05:16:49.451,0.81415,0.81435,2.40,1.60
2009.10.12 05:16:50.151,0.8141,0.81435,2.40,1.60
2009.10.12 05:16:50.451,0.8141,0.8144,4.00,8.30
2009.10.12 05:16:51.191,0.8141,0.8144,4.00,7.20
2009.10.12 05:16:51.681,0.8141,0.81435,2.40,1.60
2009.10.12 05:16:51.921,0.81405,0.81435,4.00,8.00
2009.10.12 05:16:54.370,0.81405,0.81435,4.00,11.60
2009.10.12 05:16:54.720,0.81405,0.8143,1.60,6.40
2009.10.12 05:16:57.090,0.8141,0.8143,3.20,4.00
2009.10.12 05:16:57.490,0.81415,0.81445,4.80,16.40
2009.10.12 05:16:57.819,0.81415,0.8145,9.60,4.00
2009.10.12 05:17:00.849,0.81425,0.8145,4.00,4.00
2009.10.12 05:17:01.019,0.8143,0.8145,4.00,4.00
2009.10.12 05:17:01.189,0.8143,0.81455,4.00,2.40
2009.10.12 05:17:01.299,0.8143,0.8146,1.60,7.50
2009.10.12 05:17:01.468,0.8143,0.8146,1.60,9.10
2009.10.12 05:17:01.629,0.8143,0.8146,1.60,13.10
2009.10.12 05:17:02.158,0.81425,0.8146,4.00,22.30
2009.10.12 05:17:02.488,0.81425,0.8145,4.00,4.00
2009.10.12 05:17:04.568,0.81425,0.8145,4.40,4.00
2009.10.12 05:17:05.008,0.8144,0.8146,1.60,4.00
2009.10.12 05:17:05.347,0.81435,0.8146,4.00,4.00
2009.10.12 05:17:05.707,0.8144,0.8146,1.60,4.00
2009.10.12 05:17:06.047,0.8144,0.81465,1.60,7.20
2009.10.12 05:17:06.517,0.8144,0.81465,1.60,13.60
2009.10.12 05:17:06.677,0.8143,0.8146,1.60,7.20
2009.10.12 05:17:07.347,0.8143,0.81455,1.60,4.00
2009.10.12 05:17:07.707,0.8144,0.8146,4.00,8.00
2009.10.12 05:17:08.047,0.81435,0.8146,4.00,4.00
2009.10.12 05:17:08.697,0.8143,0.8146,4.00,7.20
2009.10.12 05:17:09.057,0.8143,0.81455,4.00,4.00
2009.10.12 05:17:10.137,0.81425,0.8146,8.80,4.80
2009.10.12 05:17:10.366,0.81435,0.8146,4.00,4.80
2009.10.12 05:17:10.607,0.81435,0.8146,4.00,4.80
2009.10.12 05:17:10.836,0.8143,0.8146,4.80,4.80
2009.10.12 05:17:11.066,0.8143,0.8146,4.80,4.00
2009.10.12 05:17:11.286,0.8144,0.8146,4.00,1.00
2009.10.12 05:17:11.586,0.81435,0.8146,4.00,1.00
2009.10.12 05:17:11.876,0.81435,0.8146,4.00,5.60
2009.10.12 05:17:12.216,0.81435,0.8146,4.00,9.60
2009.10.12 05:17:12.556,0.81435,0.8146,4.00,5.60
2009.10.12 05:17:13.266,0.81435,0.8146,4.00,5.60
2009.10.12 05:17:13.775,0.81435,0.8146,2.40,5.60
2009.10.12 05:17:14.985,0.81435,0.8146,2.40,5.60
2009.10.12 05:17:15.215,0.81435,0.8146,2.40,4.80
2009.10.12 05:17:16.465,0.8143,0.8146,4.80,4.80
2009.10.12 05:17:16.815,0.81425,0.8146,7.20,4.80
2009.10.12 05:17:17.154,0.81435,0.8146,2.40,1.00
2009.10.12 05:17:17.494,0.81445,0.81465,2.40,9.90
2009.10.12 05:17:17.844,0.81445,0.81465,2.40,7.20
2009.10.12 05:17:18.194,0.8144,0.81455,2.40,1.60
2009.10.12 05:17:18.534,0.81435,0.81455,2.40,1.60
2009.10.12 05:17:18.824,0.81435,0.81455,2.40,2.40
2009.10.12 05:17:18.994,0.8143,0.81455,2.40,2.40
2009.10.12 05:17:19.164,0.8143,0.81455,2.40,6.40
2009.10.12 05:17:20.634,0.8143,0.8145,2.40,2.30
2009.10.12 05:17:20.904,0.8143,0.8145,2.40,2.30
2009.10.12 05:17:26.572,0.81425,0.81445,2.40,1.90
2009.10.12 05:17:26.802,0.81425,0.8144,3.20,1.00
2009.10.12 05:17:27.413,0.81425,0.8144,2.40,1.00
2009.10.12 05:17:27.762,0.8143,0.8144,2.40,1.00
2009.10.12 05:17:41.999,0.8143,0.81455,2.40,13.10
2009.10.12 05:17:44.828,0.8143,0.81455,2.40,13.50
2009.10.12 05:17:45.188,0.81425,0.8145,2.40,5.60
2009.10.12 05:17:45.548,0.8143,0.8145,4.00,4.00
2009.10.12 05:17:46.078,0.8143,0.81455,4.00,11.90
2009.10.12 05:17:46.307,0.8143,0.8145,1.60,1.00
2009.10.12 05:17:46.588,0.8142,0.8145,4.00,8.00
2009.10.12 05:17:46.868,0.81425,0.81445,4.00,4.00
2009.10.12 05:17:47.208,0.81425,0.8145,4.80,8.00
2009.10.12 05:17:47.568,0.81425,0.8145,4.80,4.00
2009.10.12 05:17:47.857,0.81425,0.8145,4.00,4.00
2009.10.12 05:17:48.597,0.81425,0.8145,2.40,4.80
2009.10.12 05:17:48.947,0.8142,0.8145,4.00,7.20
2009.10.12 05:17:49.007,0.8142,0.8145,4.00,7.20
2009.10.12 05:17:50.546,0.8143,0.8145,1.60,8.80
2009.10.12 05:17:50.897,0.8143,0.8145,4.00,4.00
2009.10.12 05:17:51.117,0.8143,0.81455,4.00,7.20
2009.10.12 05:17:54.326,0.8143,0.81455,4.00,11.50
2009.10.12 05:17:54.965,0.8143,0.81455,4.00,11.50
2009.10.12 05:17:55.646,0.81425,0.8145,4.00,1.00
2009.10.12 05:17:55.985,0.81425,0.8145,4.80,1.00
2009.10.12 05:17:56.325,0.81435,0.8145,1.60,9.10
2009.10.12 05:17:57.755,0.81425,0.8145,4.00,9.10
2009.10.12 05:18:04.553,0.81425,0.8145,4.00,5.90
2009.10.12 05:18:05.033,0.8142,0.8145,4.00,9.20
2009.10.12 05:18:06.963,0.81425,0.8145,1.60,14.00
2009.10.12 05:18:07.083,0.81425,0.8145,4.00,7.60
2009.10.12 05:18:09.312,0.81425,0.8145,4.00,8.30
2009.10.12 05:18:09.542,0.8142,0.8145,4.00,12.30
2009.10.12 05:18:09.932,0.8142,0.81445,4.00,1.00
2009.10.12 05:18:12.551,0.81425,0.8145,4.00,10.80
2009.10.12 05:18:13.691,0.8142,0.8144,1.00,1.60
2009.10.12 05:18:13.921,0.8142,0.8144,2.40,1.60
2009.10.12 05:18:14.031,0.8142,0.81445,4.00,4.80
2009.10.12 05:18:26.728,0.8142,0.81445,4.00,4.80
2009.10.12 05:18:26.898,0.8142,0.81445,4.00,5.60
2009.10.12 05:18:27.018,0.81415,0.81445,4.00,8.00
2009.10.12 05:18:27.188,0.81415,0.81445,4.00,7.20
2009.10.12 05:18:27.528,0.81415,0.81445,4.80,4.80
2009.10.12 05:18:27.878,0.81415,0.81445,4.00,8.00
2009.10.12 05:18:31.567,0.8142,0.81445,4.00,4.00
2009.10.12 05:18:32.087,0.81415,0.81445,4.00,7.20
2009.10.12 05:18:32.366,0.81415,0.81445,4.80,4.00
2009.10.12 05:18:32.606,0.8142,0.81445,4.00,4.80
2009.10.12 05:18:32.966,0.81415,0.81445,4.00,7.20
2009.10.12 05:18:33.977,0.8142,0.81445,1.60,7.20
2009.10.12 05:18:37.975,0.8141,0.8144,8.00,3.20
2009.10.12 05:18:38.375,0.8141,0.8144,4.00,3.20
2009.10.12 05:18:38.895,0.8141,0.8144,4.00,4.00
2009.10.12 05:18:39.425,0.8141,0.8144,2.40,4.00
2009.10.12 05:18:39.545,0.81405,0.81435,8.80,4.80
2009.10.12 05:18:39.655,0.81405,0.81435,8.00,4.80
2009.10.12 05:18:39.775,0.81405,0.81435,4.00,4.80
2009.10.12 05:18:40.005,0.8141,0.8144,4.00,9.90
2009.10.12 05:18:40.815,0.8141,0.8144,4.00,5.90
2009.10.12 05:18:41.155,0.8141,0.8144,4.00,6.00
2009.10.12 05:18:41.545,0.8141,0.8144,4.00,9.20
2009.10.12 05:18:41.664,0.8141,0.81435,4.00,1.00
2009.10.12 05:18:41.714,0.8141,0.81435,1.60,4.00
2009.10.12 05:18:41.775,0.81405,0.81435,8.00,4.00
2009.10.12 05:18:41.894,0.81405,0.81435,8.00,3.20
2009.10.12 05:18:41.954,0.8141,0.81435,2.40,3.20
2009.10.12 05:18:42.014,0.8141,0.81435,4.00,3.20
2009.10.12 05:18:42.184,0.8141,0.81435,4.00,7.20
2009.10.12 05:18:42.524,0.81405,0.81435,4.00,10.40
2009.10.12 05:18:43.254,0.81405,0.81435,4.00,14.40
2009.10.12 05:18:43.644,0.81405,0.81435,4.00,10.40
2009.10.12 05:18:44.944,0.81405,0.8143,4.00,1.00
2009.10.12 05:18:45.174,0.814,0.8143,4.00,7.20
2009.10.12 05:18:45.404,0.814,0.81435,8.40,11.20
2009.10.12 05:18:48.493,0.814,0.8143,8.40,1.00
2009.10.12 05:18:48.853,0.814,0.8143,4.00,7.20
2009.10.12 05:18:49.722,0.814,0.8143,4.10,7.20
2009.10.12 05:18:50.072,0.814,0.8143,4.00,7.20
2009.10.12 05:18:50.772,0.8141,0.8143,2.40,4.00
2009.10.12 05:18:50.992,0.8141,0.81435,4.00,8.00
2009.10.12 05:18:51.172,0.8141,0.81435,4.00,4.00
2009.10.12 05:18:51.342,0.8141,0.81435,4.00,1.00
2009.10.12 05:18:52.322,0.8141,0.8144,4.00,12.40
2009.10.12 05:18:52.602,0.8141,0.8144,4.00,16.40
2009.10.12 05:18:52.882,0.8141,0.8144,4.00,16.40
2009.10.12 05:18:53.242,0.8141,0.8144,4.00,12.40
2009.10.12 05:18:53.591,0.8141,0.8144,1.60,12.40
2009.10.12 05:18:53.881,0.81405,0.8144,4.00,16.30
2009.10.12 05:18:54.062,0.81405,0.8143,1.60,2.40
2009.10.12 05:19:00.710,0.81405,0.8143,1.60,3.20
2009.10.12 05:19:00.880,0.814,0.8143,4.40,7.20
2009.10.12 05:19:01.000,0.814,0.81425,1.60,2.40
2009.10.12 05:19:01.629,0.814,0.81425,1.60,2.40
2009.10.12 05:19:02.789,0.814,0.81425,1.60,4.00
2009.10.12 05:19:03.069,0.81395,0.8142,4.40,6.40
2009.10.12 05:19:03.359,0.81395,0.81425,4.40,7.20
2009.10.12 05:19:03.599,0.81395,0.81425,5.20,6.40
2009.10.12 05:19:03.999,0.814,0.81425,1.60,2.40
2009.10.12 05:19:06.708,0.814,0.81425,5.60,2.40
2009.10.12 05:19:07.008,0.814,0.81425,1.60,2.40
2009.10.12 05:19:09.967,0.81395,0.81425,9.20,4.00
2009.10.12 05:19:10.147,0.81395,0.81425,6.80,4.00
2009.10.12 05:19:10.308,0.81395,0.8142,1.60,2.40
2009.10.12 05:19:14.346,0.81395,0.81425,1.60,8.00
2009.10.12 05:19:15.036,0.81385,0.81415,8.80,4.00
2009.10.12 05:19:15.376,0.8139,0.81415,1.70,2.40
2009.10.12 05:19:27.023,0.8139,0.8142,4.40,8.00
2009.10.12 05:19:27.323,0.81395,0.8142,1.60,6.40
2009.10.12 05:19:27.673,0.81395,0.8142,1.60,2.40
2009.10.12 05:19:29.053,0.814,0.8142,1.60,2.40
2009.10.12 05:19:31.492,0.814,0.81425,1.60,9.60
2009.10.12 05:19:31.602,0.81405,0.81425,1.60,3.20
2009.10.12 05:19:31.782,0.81405,0.81425,1.60,2.40
2009.10.12 05:19:32.512,0.81405,0.8143,1.60,3.20
2009.10.12 05:19:33.202,0.81405,0.81425,1.60,2.40
2009.10.12 05:19:34.772,0.814,0.81425,1.60,6.40
2009.10.12 05:19:34.832,0.814,0.81425,1.60,6.40
2009.10.12 05:19:36.221,0.81395,0.81425,5.20,6.40
2009.10.12 05:19:36.661,0.81405,0.81425,1.60,2.40
2009.10.12 05:19:40.550,0.81405,0.8143,1.60,6.40
2009.10.12 05:19:40.780,0.81405,0.8143,1.60,2.40
2009.10.12 05:19:41.870,0.81405,0.8143,1.60,2.40
2009.10.12 05:19:42.679,0.81405,0.8143,1.60,4.00
2009.10.12 05:19:44.529,0.81405,0.8143,1.60,4.00
2009.10.12 05:20:03.614,0.81405,0.8143,1.60,4.00
2009.10.12 05:20:05.614,0.81405,0.8143,1.60,4.00
2009.10.12 05:20:05.784,0.814,0.8143,1.00,9.60
2009.10.12 05:20:05.954,0.81395,0.8142,8.00,2.40
2009.10.12 05:20:06.134,0.81395,0.8142,5.60,2.40
2009.10.12 05:20:06.304,0.81395,0.8142,1.60,2.40
2009.10.12 05:20:06.484,0.81395,0.81425,4.00,6.40
2009.10.12 05:20:06.654,0.814,0.81425,1.60,2.40
2009.10.12 05:20:13.592,0.81405,0.8143,2.40,4.00
2009.10.12 05:20:13.772,0.8141,0.81435,1.60,2.40
2009.10.12 05:20:36.137,0.81405,0.81435,4.40,2.40
2009.10.12 05:20:36.357,0.81415,0.8144,1.60,3.20
2009.10.12 05:20:36.597,0.81415,0.81435,1.60,2.40
2009.10.12 05:20:36.827,0.8141,0.81435,1.60,2.40
2009.10.12 05:20:37.167,0.81405,0.8144,5.60,8.40
2009.10.12 05:20:37.407,0.81405,0.81435,1.60,6.40
2009.10.12 05:20:40.396,0.814,0.81435,8.00,14.70
2009.10.12 05:20:40.736,0.814,0.81435,1.60,19.50
2009.10.12 05:20:42.655,0.814,0.8143,1.60,7.20
2009.10.12 05:20:43.005,0.814,0.8142,1.60,2.40
2009.10.12 05:20:43.345,0.81395,0.8142,1.60,2.40
2009.10.12 05:20:46.524,0.81395,0.8142,1.60,3.20
2009.10.12 05:20:47.034,0.81395,0.8142,1.60,2.40
2009.10.12 05:20:47.944,0.81395,0.8142,1.60,3.20
2009.10.12 05:20:53.483,0.81395,0.8142,1.60,4.00
2009.10.12 05:20:53.813,0.81395,0.81415,1.60,4.00
2009.10.12 05:20:53.992,0.81395,0.8142,1.60,7.20
2009.10.12 05:20:54.102,0.81395,0.8142,1.60,8.30
2009.10.12 05:20:57.372,0.81395,0.8142,1.60,7.20
2009.10.12 05:20:58.712,0.81395,0.8142,4.00,8.80
2009.10.12 05:20:58.941,0.81395,0.8142,4.00,4.80
2009.10.12 05:21:01.231,0.81395,0.8142,4.00,4.80
2009.10.12 05:21:02.110,0.81395,0.8142,4.00,3.20
2009.10.12 05:21:02.510,0.81395,0.8142,4.00,4.80
2009.10.12 05:21:02.920,0.81395,0.8142,1.60,3.20
2009.10.12 05:21:04.140,0.81395,0.8142,4.00,4.80
2009.10.12 05:21:05.120,0.81395,0.8142,1.60,3.20
2009.10.12 05:21:05.470,0.81395,0.8142,1.60,7.20
2009.10.12 05:21:05.760,0.81385,0.81415,8.00,2.40
2009.10.12 05:21:06.459,0.81385,0.81415,8.40,2.40
2009.10.12 05:21:06.809,0.81385,0.81415,4.40,6.40
2009.10.12 05:21:09.139,0.8139,0.81415,1.60,6.40
2009.10.12 05:21:09.359,0.81385,0.81415,4.40,4.00
2009.10.12 05:21:09.579,0.81385,0.8142,4.40,7.20
2009.10.12 05:21:10.558,0.8139,0.8142,12.00,2.40
2009.10.12 05:21:10.908,0.81395,0.8142,8.00,2.40
2009.10.12 05:21:11.958,0.81395,0.81425,4.40,9.60
2009.10.12 05:21:12.308,0.81405,0.81425,1.60,5.60
2009.10.12 05:21:14.428,0.814,0.81425,1.60,5.60
2009.10.12 05:21:18.017,0.814,0.81425,1.60,6.40
2009.10.12 05:21:18.367,0.81405,0.81425,1.60,2.40
2009.10.12 05:21:21.336,0.81405,0.8143,1.60,8.40
2009.10.12 05:21:21.556,0.814,0.8143,1.60,10.00
2009.10.12 05:21:26.994,0.814,0.81425,1.60,6.40
2009.10.12 05:21:27.164,0.814,0.81425,1.60,2.40
2009.10.12 05:21:27.334,0.81395,0.81425,8.00,2.40
2009.10.12 05:21:28.774,0.81395,0.81415,5.60,2.40
2009.10.12 05:21:29.114,0.81395,0.81415,1.60,2.40
2009.10.12 05:21:29.404,0.81395,0.8142,4.00,2.40
2009.10.12 05:21:29.524,0.81395,0.8142,4.00,3.20
2009.10.12 05:21:29.634,0.81395,0.8142,4.00,1.00
2009.10.12 05:21:29.754,0.81395,0.81425,4.00,14.70
2009.10.12 05:21:29.814,0.81405,0.81425,1.60,9.60
2009.10.12 05:21:30.034,0.81405,0.81425,1.60,4.80
2009.10.12 05:21:31.863,0.81405,0.81425,1.60,2.40
2009.10.12 05:21:39.112,0.81405,0.8143,1.60,8.30
2009.10.12 05:21:39.352,0.81405,0.8143,1.60,4.30
2009.10.12 05:21:39.922,0.81405,0.81425,1.60,2.40
2009.10.12 05:21:41.671,0.81405,0.8143,1.60,8.30
2009.10.12 05:21:41.901,0.81405,0.8143,1.60,4.30
2009.10.12 05:21:44.520,0.81405,0.8143,1.60,3.20
2009.10.12 05:21:45.040,0.81405,0.8143,5.60,3.20
2009.10.12 05:21:45.160,0.81405,0.8143,5.60,2.40
2009.10.12 05:21:45.210,0.81405,0.81435,8.80,3.20
2009.10.12 05:21:45.620,0.81415,0.81435,1.60,2.40
2009.10.12 05:21:45.970,0.81415,0.8144,1.60,6.00
2009.10.12 05:21:48.919,0.8141,0.81435,1.60,2.40
2009.10.12 05:21:49.259,0.8141,0.81435,1.60,6.40
2009.10.12 05:21:49.599,0.8141,0.81435,1.60,2.40
2009.10.12 05:21:51.479,0.8141,0.81435,1.60,3.20
2009.10.12 05:21:52.459,0.81405,0.81435,8.00,4.80
2009.10.12 05:21:52.638,0.81405,0.8143,5.60,2.40
2009.10.12 05:21:52.759,0.81405,0.8143,5.60,2.40
2009.10.12 05:21:53.108,0.814,0.8143,8.40,2.40
2009.10.12 05:21:53.448,0.814,0.8143,9.20,2.40
2009.10.12 05:21:53.838,0.81415,0.81435,1.60,5.60
2009.10.12 05:21:54.538,0.81415,0.81435,1.60,6.40
2009.10.12 05:21:54.658,0.81415,0.81435,1.60,5.60
2009.10.12 05:21:54.768,0.81415,0.81435,1.60,9.60
2009.10.12 05:21:54.878,0.81415,0.81435,1.60,6.40
2009.10.12 05:21:55.168,0.81415,0.81435,1.60,2.40
2009.10.12 05:21:57.207,0.81415,0.81435,1.60,3.20
2009.10.12 05:21:57.547,0.8141,0.8143,1.60,2.40
2009.10.12 05:21:57.947,0.81415,0.81435,1.60,2.40
2009.10.12 05:22:03.706,0.81415,0.8144,1.60,7.20
2009.10.12 05:22:03.996,0.81415,0.8144,1.60,3.20
2009.10.12 05:22:04.515,0.81415,0.8144,1.60,7.50
2009.10.12 05:22:04.675,0.81415,0.8144,1.60,7.50
2009.10.12 05:22:05.025,0.81415,0.81435,1.60,3.20
2009.10.12 05:22:08.085,0.81415,0.8144,1.60,7.50
2009.10.12 05:22:08.434,0.81425,0.81435,1.00,2.40
2009.10.12 05:22:08.774,0.8143,0.81455,1.60,10.40
2009.10.12 05:22:08.894,0.8143,0.81455,1.60,6.40
2009.10.12 05:22:09.484,0.8143,0.81455,1.60,5.60
2009.10.12 05:22:09.604,0.81425,0.81455,4.40,5.60
2009.10.12 05:22:09.724,0.8143,0.81455,4.00,3.20
2009.10.12 05:22:09.964,0.81435,0.81455,1.60,1.00
2009.10.12 05:22:10.204,0.81435,0.8146,1.60,5.10
2009.10.12 05:22:11.434,0.81435,0.8146,1.60,4.30
2009.10.12 05:22:12.423,0.81435,0.8146,1.60,3.20
2009.10.12 05:22:12.593,0.81435,0.8146,1.60,2.40
2009.10.12 05:22:12.814,0.81435,0.81465,4.00,15.50
2009.10.12 05:22:12.994,0.8144,0.81465,1.60,10.70
2009.10.12 05:22:13.113,0.8144,0.8146,1.60,2.40
2009.10.12 05:22:13.503,0.8143,0.8146,5.60,4.00
2009.10.12 05:22:13.803,0.8143,0.81455,1.60,3.20
2009.10.12 05:22:14.203,0.8143,0.81455,1.60,7.20
2009.10.12 05:22:14.603,0.8143,0.81455,1.60,3.20
2009.10.12 05:22:16.103,0.8143,0.81455,1.60,7.20
2009.10.12 05:22:16.443,0.8144,0.81465,1.60,15.50
2009.10.12 05:22:16.622,0.8144,0.81465,1.60,10.70
2009.10.12 05:22:18.132,0.81435,0.81465,6.40,12.30
2009.10.12 05:22:19.352,0.81435,0.81465,6.40,16.30
2009.10.12 05:22:19.472,0.8143,0.8146,6.40,3.20
2009.10.12 05:22:20.262,0.81425,0.8146,3.60,13.20
2009.10.12 05:22:23.111,0.81425,0.81455,5.20,3.20
2009.10.12 05:22:24.021,0.8143,0.81465,4.50,11.60
2009.10.12 05:22:24.071,0.8143,0.81465,8.40,9.20
2009.10.12 05:22:27.800,0.8143,0.81465,8.40,5.20
2009.10.12 05:22:28.160,0.8143,0.81465,8.40,9.20
2009.10.12 05:22:33.539,0.81435,0.81465,4.00,15.90
2009.10.12 05:22:33.769,0.81435,0.8146,1.60,3.20
2009.10.12 05:22:34.228,0.81435,0.8146,1.60,7.20
2009.10.12 05:22:36.528,0.81435,0.8146,1.60,3.20
2009.10.12 05:22:39.147,0.81435,0.8146,1.60,2.40
2009.10.12 05:22:39.547,0.81435,0.8146,1.60,3.20
2009.10.12 05:22:39.667,0.81435,0.8146,1.60,7.20
2009.10.12 05:22:40.237,0.81425,0.8146,8.40,10.40
2009.10.12 05:22:40.587,0.8143,0.81455,4.00,4.00
2009.10.12 05:22:40.877,0.8143,0.8146,4.00,7.20
2009.10.12 05:22:41.217,0.81435,0.8146,4.00,1.00
2009.10.12 05:22:41.507,0.81435,0.81465,4.00,15.50
2009.10.12 05:22:46.455,0.81435,0.81465,4.00,12.50
2009.10.12 05:22:46.976,0.81435,0.8146,4.00,4.00
2009.10.12 05:22:47.255,0.81435,0.81465,4.00,12.40
2009.10.12 05:22:47.835,0.8144,0.81465,4.00,12.80
2009.10.12 05:22:48.165,0.8144,0.81465,4.00,10.40
2009.10.12 05:22:48.515,0.8144,0.81465,4.00,9.60
2009.10.12 05:22:49.425,0.81445,0.81465,2.40,6.40
2009.10.12 05:22:49.724,0.8145,0.81465,2.40,4.00
2009.10.12 05:22:50.005,0.81445,0.81465,4.40,4.00
2009.10.12 05:22:50.294,0.81445,0.81475,9.20,4.00
2009.10.12 05:22:50.644,0.81445,0.81475,8.40,4.00
2009.10.12 05:22:50.924,0.81445,0.81475,8.40,4.00
2009.10.12 05:22:52.694,0.81445,0.81475,8.40,4.00
2009.10.12 05:22:52.864,0.81445,0.81475,8.40,4.00
2009.10.12 05:22:53.384,0.81445,0.81475,8.40,4.00
2009.10.12 05:22:54.144,0.81445,0.81475,8.40,4.00
2009.10.12 05:22:54.434,0.81445,0.81475,8.40,1.60
2009.10.12 05:22:54.544,0.81445,0.81475,9.60,1.60
2009.10.12 05:22:54.664,0.8145,0.81475,1.00,4.00
2009.10.12 05:22:54.723,0.81445,0.81475,8.40,4.00
2009.10.12 05:22:55.323,0.81445,0.81475,9.70,4.00
2009.10.12 05:22:55.663,0.81455,0.8148,5.20,5.60
2009.10.12 05:22:56.003,0.81455,0.8148,9.20,1.60
2009.10.12 05:22:56.513,0.81455,0.8148,9.20,1.60
2009.10.12 05:22:57.603,0.81455,0.81485,9.20,4.00
2009.10.12 05:22:59.352,0.81455,0.81485,9.20,4.00
2009.10.12 05:22:59.532,0.81455,0.81485,8.40,4.00
2009.10.12 05:22:59.643,0.81455,0.81485,4.00,4.80
2009.10.12 05:22:59.812,0.81455,0.8148,4.00,1.60
2009.10.12 05:22:59.922,0.8145,0.8148,7.60,1.60
2009.10.12 05:23:00.032,0.81455,0.81485,1.00,7.20
2009.10.12 05:23:00.142,0.81455,0.81485,1.00,6.40
2009.10.12 05:23:00.432,0.81455,0.81485,5.20,2.40
2009.10.12 05:23:01.352,0.81455,0.81485,4.80,2.40
2009.10.12 05:23:01.582,0.81455,0.81485,9.60,2.40
2009.10.12 05:23:01.872,0.8146,0.8149,2.40,10.40
2009.10.12 05:23:02.092,0.81455,0.81485,6.80,2.40
2009.10.12 05:23:03.401,0.81455,0.81485,7.60,2.40
2009.10.12 05:23:04.561,0.81455,0.81485,8.40,2.40
2009.10.12 05:23:05.931,0.81455,0.81485,4.80,4.50
2009.10.12 05:23:06.271,0.81455,0.81485,7.20,4.50
2009.10.12 05:23:06.611,0.81455,0.8148,1.00,4.00
2009.10.12 05:23:07.930,0.81455,0.8148,4.00,1.60
2009.10.12 05:23:08.290,0.81455,0.81485,4.40,6.40
2009.10.12 05:23:08.640,0.81455,0.81485,4.40,2.40
2009.10.12 05:23:09.020,0.81455,0.81485,10.80,2.40
2009.10.12 05:23:10.290,0.81455,0.8149,19.60,4.00
2009.10.12 05:23:16.168,0.81455,0.8148,4.00,4.00
2009.10.12 05:23:16.398,0.8145,0.8147,4.00,4.00
2009.10.12 05:23:16.678,0.8145,0.81475,4.00,4.80
2009.10.12 05:23:17.028,0.8144,0.8147,13.20,4.00
2009.10.12 05:23:17.298,0.8144,0.8147,8.40,4.00
2009.10.12 05:23:17.648,0.8145,0.81475,4.80,2.40
2009.10.12 05:23:17.988,0.81445,0.81475,7.60,2.40
2009.10.12 05:23:18.688,0.8145,0.8148,2.00,4.00
2009.10.12 05:23:18.967,0.8145,0.8148,6.00,4.00
2009.10.12 05:23:19.827,0.8145,0.8148,7.60,4.00
2009.10.12 05:23:19.947,0.8145,0.8148,8.40,4.00
2009.10.12 05:23:21.357,0.8145,0.8148,7.60,4.00
2009.10.12 05:23:21.637,0.81455,0.8148,2.40,2.40
2009.10.12 05:23:21.997,0.81455,0.8148,4.00,4.00
2009.10.12 05:23:22.337,0.8145,0.8148,6.80,4.00
2009.10.12 05:23:24.506,0.8145,0.8148,7.60,4.00
2009.10.12 05:23:24.746,0.81455,0.8148,8.00,1.60
2009.10.12 05:23:25.046,0.81455,0.81485,8.40,5.60
2009.10.12 05:23:25.227,0.81455,0.81485,6.80,5.60
2009.10.12 05:23:28.245,0.8146,0.81485,2.40,2.40
2009.10.12 05:23:28.595,0.8146,0.8149,6.80,4.80
2009.10.12 05:23:28.945,0.8146,0.8149,2.40,4.80
2009.10.12 05:23:32.684,0.8146,0.8149,2.80,2.40
2009.10.12 05:23:32.844,0.8146,0.8149,6.80,2.40
2009.10.12 05:23:34.054,0.8146,0.8149,6.80,2.40
2009.10.12 05:23:36.303,0.8146,0.8149,6.80,2.40
2009.10.12 05:23:36.483,0.8146,0.8149,2.40,4.00
2009.10.12 05:23:37.523,0.8146,0.8149,2.40,6.70
2009.10.12 05:23:37.873,0.81455,0.81485,4.00,5.20
2009.10.12 05:23:38.233,0.8145,0.8148,7.60,4.00
2009.10.12 05:23:38.583,0.81445,0.81475,11.60,4.00
2009.10.12 05:23:38.823,0.81445,0.8147,8.40,1.60
2009.10.12 05:23:40.092,0.8145,0.8148,5.60,6.40
2009.10.12 05:23:40.322,0.81455,0.8148,4.00,5.60
2009.10.12 05:23:40.503,0.81455,0.8148,5.60,4.00
2009.10.12 05:23:40.732,0.81455,0.8148,4.00,1.60
2009.10.12 05:23:41.072,0.81455,0.8148,8.40,1.60
2009.10.12 05:23:42.242,0.81455,0.8148,4.40,4.00
2009.10.12 05:23:42.302,0.8145,0.8148,7.60,4.00
2009.10.12 05:23:42.412,0.81455,0.8148,1.60,4.00
2009.10.12 05:23:42.532,0.81455,0.8148,8.40,1.60
2009.10.12 05:23:44.102,0.81455,0.8148,8.40,1.60
2009.10.12 05:23:47.610,0.81455,0.81475,6.00,2.40
2009.10.12 05:23:47.901,0.8145,0.81475,5.60,2.40
2009.10.12 05:23:48.181,0.8145,0.8148,4.80,5.60
2009.10.12 05:23:48.520,0.81455,0.8148,5.60,2.40
2009.10.12 05:23:48.810,0.81455,0.8148,1.60,2.40
2009.10.12 05:23:50.310,0.8145,0.81475,4.00,4.00
2009.10.12 05:23:50.531,0.8145,0.81475,1.00,2.40
2009.10.12 05:23:50.750,0.8145,0.8148,6.80,4.00
2009.10.12 05:23:53.799,0.81455,0.8148,2.40,4.00
2009.10.12 05:23:54.149,0.81455,0.8148,2.40,2.40
2009.10.12 05:23:54.649,0.81455,0.8148,6.40,2.40
2009.10.12 05:23:57.838,0.81455,0.8148,4.00,2.50
2009.10.12 05:23:58.008,0.81455,0.81475,4.00,4.80
2009.10.12 05:23:58.238,0.8145,0.81475,4.00,4.00
2009.10.12 05:23:58.588,0.8145,0.81475,4.00,2.40
2009.10.12 05:23:58.938,0.81445,0.81475,6.40,2.40
2009.10.12 05:23:59.278,0.81445,0.81475,6.80,2.40
2009.10.12 05:24:00.717,0.81445,0.8147,4.00,4.00
2009.10.12 05:24:00.947,0.8144,0.8147,10.00,4.00
2009.10.12 05:24:01.347,0.8144,0.8147,9.60,4.00
2009.10.12 05:24:02.627,0.8144,0.81475,14.80,4.80
2009.10.12 05:24:02.977,0.8144,0.81475,14.80,4.00
2009.10.12 05:24:04.087,0.81445,0.81475,9.20,2.40
2009.10.12 05:24:04.257,0.81445,0.8148,10.00,8.00
2009.10.12 05:24:04.637,0.8145,0.8148,6.40,4.00
2009.10.12 05:24:16.224,0.8145,0.8148,7.20,4.00
2009.10.12 05:24:16.394,0.8145,0.81485,7.20,7.20
2009.10.12 05:24:16.564,0.8145,0.81485,7.60,2.40
2009.10.12 05:24:16.744,0.8145,0.81485,8.40,2.40
2009.10.12 05:24:16.964,0.81455,0.81485,4.00,2.40
2009.10.12 05:24:17.664,0.81455,0.81485,4.80,2.40
2009.10.12 05:24:18.873,0.81455,0.81485,4.00,4.80
2009.10.12 05:24:19.164,0.8145,0.81475,4.00,2.40
2009.10.12 05:24:19.453,0.81445,0.81475,7.20,2.40
2009.10.12 05:24:20.693,0.81445,0.81475,6.40,2.40
2009.10.12 05:24:33.140,0.81445,0.8148,6.40,10.70
2009.10.12 05:24:33.770,0.81445,0.8148,8.00,5.90
2009.10.12 05:24:37.549,0.8145,0.8148,2.40,6.70
2009.10.12 05:24:37.719,0.8145,0.8148,2.40,5.90
2009.10.12 05:24:38.169,0.8145,0.8148,2.40,9.90
2009.10.12 05:24:38.688,0.8145,0.8148,2.40,5.90
2009.10.12 05:24:39.798,0.8145,0.8148,2.40,6.70
2009.10.12 05:24:39.848,0.81445,0.8148,8.00,6.70
2009.10.12 05:24:40.018,0.81445,0.8147,8.00,1.60
2009.10.12 05:24:41.918,0.81445,0.8147,8.10,1.60
2009.10.12 05:24:42.097,0.81445,0.8147,8.00,1.60
2009.10.12 05:24:46.957,0.8145,0.81475,4.00,1.60
2009.10.12 05:24:49.796,0.8145,0.81475,8.00,1.60
2009.10.12 05:24:50.316,0.8145,0.81475,1.60,4.00
2009.10.12 05:24:50.486,0.81445,0.8147,12.00,1.60
2009.10.12 05:24:50.875,0.81445,0.8147,8.00,1.60
2009.10.12 05:24:51.915,0.81445,0.81475,8.10,1.00
2009.10.12 05:24:54.195,0.8146,0.8148,4.00,1.60
2009.10.12 05:24:54.484,0.81455,0.8148,4.00,4.00
2009.10.12 05:24:54.604,0.81455,0.8148,4.80,4.00
2009.10.12 05:24:54.715,0.81455,0.8148,1.00,4.00
2009.10.12 05:24:54.825,0.81455,0.8148,2.40,1.60
2009.10.12 05:24:55.154,0.81455,0.8149,6.40,4.80
2009.10.12 05:24:55.684,0.81455,0.8149,7.20,4.00
2009.10.12 05:24:56.024,0.81455,0.8149,7.20,4.00
2009.10.12 05:24:56.384,0.8146,0.8149,3.20,4.00
2009.10.12 05:24:56.554,0.81465,0.81495,6.40,5.60
2009.10.12 05:24:56.784,0.81465,0.815,8.00,9.60
2009.10.12 05:24:56.954,0.8147,0.815,2.40,4.00
2009.10.12 05:24:57.304,0.8147,0.815,2.40,5.60
2009.10.12 05:24:57.534,0.81465,0.815,7.20,9.60
2009.10.12 05:24:57.884,0.8147,0.815,2.40,8.80
2009.10.12 05:24:58.234,0.81465,0.8149,8.80,1.60
2009.10.12 05:24:58.933,0.81465,0.8149,8.80,1.60
2009.10.12 05:24:59.603,0.81465,0.8149,8.80,1.60
2009.10.12 05:24:59.713,0.81465,0.8149,4.80,1.60
2009.10.12 05:24:59.953,0.81465,0.8149,4.00,1.60
2009.10.12 05:25:00.003,0.8146,0.8149,7.60,4.00
2009.10.12 05:25:00.113,0.8146,0.8149,7.20,4.00
2009.10.12 05:25:00.173,0.81465,0.8149,4.00,4.00
2009.10.12 05:25:00.403,0.8146,0.8149,7.20,4.00
2009.10.12 05:25:02.183,0.8146,0.8149,4.00,4.00
2009.10.12 05:25:02.403,0.81455,0.8149,9.60,8.00
2009.10.12 05:25:02.573,0.81465,0.81485,4.00,2.40
2009.10.12 05:25:02.802,0.8146,0.8148,4.00,4.00
2009.10.12 05:25:03.483,0.8145,0.8148,8.80,4.00
2009.10.12 05:25:08.011,0.81455,0.81485,8.40,4.00
2009.10.12 05:25:08.361,0.81455,0.8149,16.40,4.00
2009.10.12 05:25:20.868,0.8146,0.8148,4.00,4.00
2009.10.12 05:25:21.218,0.81455,0.8148,4.00,4.00
2009.10.12 05:25:21.578,0.8145,0.8148,8.80,4.00
2009.10.12 05:25:21.818,0.8145,0.8148,8.80,4.00
2009.10.12 05:25:22.168,0.8145,0.8148,8.80,4.00
2009.10.12 05:25:23.678,0.8145,0.8148,8.80,4.00
2009.10.12 05:25:23.797,0.8145,0.8148,13.60,4.00
2009.10.12 05:25:24.028,0.8145,0.8148,18.80,1.60
2009.10.12 05:25:24.917,0.8145,0.8148,18.80,1.60
2009.10.12 05:25:25.647,0.81455,0.81485,8.80,2.40
2009.10.12 05:25:25.707,0.81455,0.81485,12.00,2.40
2009.10.12 05:25:25.767,0.8146,0.8149,3.20,10.70
2009.10.12 05:25:26.107,0.81455,0.8149,4.80,10.80
2009.10.12 05:25:26.447,0.81455,0.8149,1.00,10.80
2009.10.12 05:25:27.267,0.81455,0.81485,1.00,1.00
2009.10.12 05:25:27.377,0.81455,0.81485,1.00,4.00
2009.10.12 05:25:27.617,0.81455,0.81485,1.00,4.80
2009.10.12 05:25:27.856,0.81455,0.81485,1.00,4.80
2009.10.12 05:25:28.266,0.81455,0.81485,1.00,4.80
2009.10.12 05:25:28.617,0.8146,0.81485,3.20,4.80
2009.10.12 05:25:28.976,0.8146,0.8149,3.20,9.60
2009.10.12 05:25:30.536,0.8146,0.8149,6.40,9.60
2009.10.12 05:25:30.706,0.81465,0.8149,3.20,1.60
2009.10.12 05:25:30.936,0.81465,0.81495,3.20,13.90
2009.10.12 05:25:31.106,0.81465,0.81495,2.40,13.90
2009.10.12 05:25:31.276,0.81465,0.81495,2.40,9.60
2009.10.12 05:25:33.585,0.81465,0.81495,2.40,5.60
2009.10.12 05:25:41.823,0.81465,0.81495,8.80,2.40
2009.10.12 05:25:42.003,0.81465,0.81495,6.40,2.40
2009.10.12 05:25:42.173,0.81465,0.8149,6.40,2.40
2009.10.12 05:25:42.353,0.81465,0.81495,7.20,2.40
2009.10.12 05:25:42.513,0.81465,0.81495,4.80,6.40
2009.10.12 05:25:42.683,0.81465,0.81495,8.00,2.40
2009.10.12 05:25:42.843,0.81465,0.8149,4.00,4.00
2009.10.12 05:25:43.003,0.8146,0.8149,6.40,4.00
2009.10.12 05:25:43.333,0.8146,0.8149,2.40,8.00
2009.10.12 05:25:58.319,0.8146,0.8149,8.00,8.00
2009.10.12 05:25:58.559,0.81455,0.81485,22.80,2.40
2009.10.12 05:25:58.789,0.81455,0.81485,19.60,2.40
2009.10.12 05:25:59.019,0.81455,0.81485,19.60,2.40
2009.10.12 05:25:59.259,0.81455,0.81485,15.60,2.40
2009.10.12 05:26:02.228,0.81465,0.81485,1.60,2.40
2009.10.12 05:26:02.348,0.81465,0.8149,1.60,4.00
2009.10.12 05:26:02.918,0.81455,0.81485,20.00,2.40
2009.10.12 05:26:03.038,0.81455,0.81485,15.60,2.40
2009.10.12 05:26:03.148,0.81455,0.81485,15.70,2.40
2009.10.12 05:26:03.268,0.81465,0.81485,2.40,2.40
2009.10.12 05:26:03.608,0.81475,0.81495,1.60,4.00
2009.10.12 05:26:03.998,0.81465,0.81495,8.80,2.40
2009.10.12 05:26:09.526,0.81465,0.81495,8.00,2.40
2009.10.12 05:26:09.807,0.81465,0.81495,5.60,2.50
2009.10.12 05:26:10.036,0.81465,0.8149,4.00,2.40
2009.10.12 05:26:10.516,0.8146,0.8149,11.20,2.40
2009.10.12 05:26:10.746,0.8146,0.8149,7.20,2.40
2009.10.12 05:26:11.466,0.8146,0.81495,4.80,6.40
2009.10.12 05:26:11.756,0.8146,0.8149,4.00,4.00
2009.10.12 05:26:11.926,0.81455,0.81485,19.60,2.40
2009.10.12 05:26:12.046,0.81455,0.81485,22.80,2.40
2009.10.12 05:26:12.216,0.8146,0.81485,4.00,2.40
2009.10.12 05:26:12.576,0.81455,0.81485,12.00,2.40
2009.10.12 05:26:14.455,0.81455,0.81485,12.00,2.40
2009.10.12 05:26:15.685,0.81455,0.81485,12.00,2.40
2009.10.12 05:26:16.035,0.8146,0.8149,6.40,1.60
2009.10.12 05:26:16.265,0.8146,0.81495,13.20,2.40
2009.10.12 05:26:19.214,0.81465,0.81495,8.80,2.40
2009.10.12 05:26:22.523,0.81465,0.815,9.20,8.00
2009.10.12 05:26:22.803,0.81475,0.815,1.60,8.00
2009.10.12 05:26:23.033,0.81475,0.815,2.40,8.00
2009.10.12 05:26:23.423,0.81475,0.81505,8.80,2.40
2009.10.12 05:26:23.773,0.81475,0.81505,8.80,3.20
2009.10.12 05:26:24.113,0.81475,0.81505,4.00,3.20
2009.10.12 05:26:24.223,0.8147,0.81505,7.20,7.20
2009.10.12 05:26:24.403,0.8147,0.815,4.00,2.40
2009.10.12 05:26:24.523,0.8147,0.815,4.00,2.40
2009.10.12 05:26:24.703,0.81465,0.815,7.20,6.40
2009.10.12 05:26:24.823,0.81465,0.815,4.80,6.40
2009.10.12 05:26:25.353,0.81465,0.815,4.00,8.80
2009.10.12 05:26:25.863,0.8146,0.8149,8.00,2.40
2009.10.12 05:26:27.262,0.81465,0.81495,8.80,2.40
2009.10.12 05:26:31.331,0.81465,0.81495,8.00,2.40
2009.10.12 05:26:31.552,0.81465,0.815,4.00,8.00
2009.10.12 05:26:32.001,0.8146,0.815,8.00,9.60
2009.10.12 05:26:33.721,0.81465,0.815,1.00,9.60
2009.10.12 05:26:33.951,0.81465,0.81495,4.80,2.40
2009.10.12 05:26:34.231,0.81465,0.81495,8.80,2.40
2009.10.12 05:27:08.722,0.8147,0.81495,1.00,2.40
2009.10.12 05:27:09.062,0.8147,0.81505,12.40,7.20
2009.10.12 05:27:09.293,0.8147,0.81505,16.40,2.40
2009.10.12 05:27:15.271,0.8147,0.81505,11.20,2.40
2009.10.12 05:27:15.501,0.81475,0.815,4.00,2.40
2009.10.12 05:27:16.241,0.8147,0.815,7.20,2.40
2009.10.12 05:27:16.680,0.8147,0.815,6.40,2.40
2009.10.12 05:27:16.961,0.81465,0.815,12.00,8.00
2009.10.12 05:27:24.019,0.81465,0.815,12.00,8.00
2009.10.12 05:27:24.369,0.81465,0.815,16.00,2.40
2009.10.12 05:27:24.709,0.8147,0.815,7.20,2.40
2009.10.12 05:27:29.458,0.8147,0.815,3.20,6.40
2009.10.12 05:27:29.618,0.8147,0.815,2.40,6.40
2009.10.12 05:27:29.737,0.8147,0.815,4.00,2.40
2009.10.12 05:27:29.857,0.8147,0.815,4.00,4.00
2009.10.12 05:27:30.018,0.81465,0.8149,6.40,2.40
2009.10.12 05:27:30.527,0.8146,0.8149,7.20,2.40
2009.10.12 05:27:33.097,0.8146,0.8149,3.20,6.40
2009.10.12 05:27:33.727,0.8146,0.8149,7.20,2.40
2009.10.12 05:27:34.776,0.8146,0.8149,7.20,2.40
2009.10.12 05:27:34.886,0.8146,0.8149,7.20,2.40
2009.10.12 05:27:37.036,0.8146,0.8149,7.20,2.40
2009.10.12 05:27:38.406,0.81465,0.81495,8.80,5.60
2009.10.12 05:27:38.625,0.81465,0.81495,12.80,4.80
2009.10.12 05:27:38.785,0.81465,0.81495,12.80,2.40
2009.10.12 05:27:39.145,0.81465,0.81495,8.80,2.40
2009.10.12 05:27:42.434,0.81475,0.8151,4.00,13.90
2009.10.12 05:27:42.724,0.8147,0.81505,8.00,11.50
2009.10.12 05:27:43.064,0.8147,0.815,4.00,2.40
2009.10.12 05:27:43.344,0.81465,0.815,8.00,6.40
2009.10.12 05:27:44.044,0.8147,0.815,8.40,4.00
2009.10.12 05:27:44.374,0.8147,0.81505,12.40,8.80
2009.10.12 05:27:44.484,0.81475,0.81505,4.80,6.40
2009.10.12 05:27:44.664,0.81475,0.81505,8.80,2.40
2009.10.12 05:27:45.524,0.81475,0.81505,8.80,2.40
2009.10.12 05:27:45.704,0.81475,0.81505,4.80,2.40
2009.10.12 05:27:45.933,0.81475,0.81495,1.60,2.40
2009.10.12 05:27:46.163,0.81465,0.81495,12.00,2.40
2009.10.12 05:27:46.384,0.81465,0.815,8.80,8.80
2009.10.12 05:27:46.604,0.81465,0.8149,6.40,2.40
2009.10.12 05:27:46.884,0.81465,0.8149,4.00,2.40
2009.10.12 05:27:47.283,0.81465,0.81495,3.20,2.40
2009.10.12 05:27:47.384,0.81465,0.81495,4.80,2.40
2009.10.12 05:27:47.503,0.81465,0.81495,8.80,2.40
2009.10.12 05:27:53.802,0.81465,0.815,12.00,6.40
2009.10.12 05:27:54.152,0.8147,0.815,10.40,2.40
2009.10.12 05:27:54.501,0.81475,0.81505,3.20,6.40
2009.10.12 05:27:54.852,0.81475,0.81505,7.20,2.40
2009.10.12 05:27:57.171,0.81475,0.81505,6.40,2.40
2009.10.12 05:27:57.291,0.8147,0.81505,9.60,6.40
2009.10.12 05:27:57.411,0.8147,0.81505,9.60,6.40
2009.10.12 05:27:58.141,0.8147,0.81505,5.60,6.40
2009.10.12 05:28:07.648,0.8147,0.81505,16.40,4.80
2009.10.12 05:28:07.768,0.81475,0.81505,12.00,2.40
2009.10.12 05:28:07.928,0.8148,0.8151,3.20,4.00
2009.10.12 05:28:08.278,0.8148,0.8151,7.20,4.00
2009.10.12 05:28:09.438,0.8148,0.8151,7.20,2.40
2009.10.12 05:28:10.408,0.81485,0.8151,1.00,2.40
2009.10.12 05:28:10.518,0.81485,0.81515,1.00,12.30
2009.10.12 05:28:10.858,0.81485,0.81515,1.00,10.70
2009.10.12 05:28:11.217,0.8148,0.81515,7.20,10.70
2009.10.12 05:28:11.557,0.8148,0.81515,11.20,6.70
2009.10.12 05:28:18.476,0.81485,0.81515,4.00,8.30
2009.10.12 05:28:18.596,0.8148,0.81515,6.40,12.30
2009.10.12 05:28:18.876,0.8148,0.81515,6.40,12.30
2009.10.12 05:28:24.604,0.81475,0.8151,16.00,8.00
2009.10.12 05:28:25.554,0.81475,0.81505,12.00,2.40
2009.10.12 05:28:31.523,0.81475,0.815,9.60,2.40
2009.10.12 05:28:31.913,0.81475,0.815,4.80,2.40
2009.10.12 05:28:36.701,0.81475,0.815,4.90,2.40
2009.10.12 05:28:36.881,0.81475,0.815,4.80,2.40
2009.10.12 05:28:37.271,0.81475,0.815,2.40,2.40
2009.10.12 05:28:37.441,0.81475,0.81505,8.80,2.40
2009.10.12 05:28:37.841,0.81475,0.81505,8.00,2.40
2009.10.12 05:28:39.011,0.81475,0.81505,8.10,2.40
2009.10.12 05:28:39.131,0.81475,0.81505,8.00,2.40
2009.10.12 05:28:39.891,0.81475,0.815,5.60,2.40
2009.10.12 05:28:39.941,0.81475,0.81505,8.00,2.40
2009.10.12 05:28:40.001,0.81475,0.8149,6.40,1.60
2009.10.12 05:28:40.061,0.81475,0.8149,4.00,1.60
2009.10.12 05:28:40.181,0.81475,0.81495,4.00,1.00
2009.10.12 05:28:40.241,0.8147,0.81485,4.00,2.40
2009.10.12 05:28:40.411,0.81465,0.81485,4.00,2.40
2009.10.12 05:28:40.471,0.8146,0.81485,4.00,2.40
2009.10.12 05:28:40.531,0.8146,0.81485,4.00,2.40
2009.10.12 05:28:40.650,0.81455,0.81485,15.60,2.40
2009.10.12 05:28:40.701,0.81455,0.81485,12.00,2.40
2009.10.12 05:28:41.220,0.81455,0.81485,9.60,2.40
2009.10.12 05:28:41.570,0.81455,0.81485,13.60,2.40
2009.10.12 05:28:41.930,0.81455,0.8149,20.80,2.40
2009.10.12 05:28:42.290,0.81465,0.8149,2.40,2.40
2009.10.12 05:28:42.460,0.8147,0.81495,2.40,4.00
2009.10.12 05:28:42.750,0.8147,0.815,2.40,7.20
2009.10.12 05:28:42.930,0.8147,0.815,2.40,6.40
2009.10.12 05:28:43.100,0.8147,0.815,7.20,2.40
2009.10.12 05:28:43.390,0.8147,0.81505,10.40,9.60
2009.10.12 05:28:43.670,0.8147,0.81505,12.80,2.40
2009.10.12 05:28:43.950,0.81475,0.81505,8.00,2.40
2009.10.12 05:28:44.539,0.81475,0.81505,8.80,2.40
2009.10.12 05:28:44.879,0.81475,0.815,10.00,2.40
2009.10.12 05:28:45.229,0.81475,0.815,5.60,4.00
2009.10.12 05:28:45.340,0.81475,0.815,1.60,4.00
2009.10.12 05:28:45.519,0.81475,0.815,1.70,2.40
2009.10.12 05:28:46.089,0.8148,0.815,2.40,2.40
2009.10.12 05:28:46.309,0.81485,0.81505,1.60,6.40
2009.10.12 05:28:46.599,0.8149,0.81505,1.60,6.40
2009.10.12 05:28:46.829,0.8149,0.81505,1.60,4.00
2009.10.12 05:28:47.069,0.8149,0.8151,1.60,6.40
2009.10.12 05:28:47.289,0.81485,0.8151,1.60,6.40
2009.10.12 05:28:48.608,0.8149,0.81505,1.60,2.40
2009.10.12 05:28:48.948,0.81485,0.81505,1.60,2.40
2009.10.12 05:28:52.218,0.81485,0.8151,1.60,7.20
2009.10.12 05:28:53.727,0.8148,0.81505,1.60,2.40
2009.10.12 05:28:54.407,0.8148,0.81505,1.60,6.40
2009.10.12 05:28:56.297,0.8148,0.81505,1.60,7.20
2009.10.12 05:28:56.687,0.81475,0.815,1.60,6.40
2009.10.12 05:28:58.766,0.81475,0.815,1.60,6.50
2009.10.12 05:29:03.325,0.81475,0.81495,1.60,4.00
2009.10.12 05:29:15.722,0.81475,0.81495,1.60,1.00
2009.10.12 05:29:26.909,0.81475,0.81495,4.00,1.00
2009.10.12 05:29:27.079,0.81475,0.815,1.60,6.40
2009.10.12 05:29:27.249,0.81475,0.81495,1.60,1.00
2009.10.12 05:29:27.659,0.81475,0.81495,1.60,2.40
2009.10.12 05:29:28.359,0.81475,0.81495,1.60,6.40
2009.10.12 05:29:29.449,0.81475,0.81495,1.60,4.00
2009.10.12 05:29:29.619,0.81475,0.81495,1.60,1.00
2009.10.12 05:29:34.468,0.81475,0.81495,1.60,2.40
2009.10.12 05:29:35.057,0.81475,0.81495,1.60,6.40
2009.10.12 05:29:50.933,0.81465,0.81495,4.00,8.00
2009.10.12 05:29:55.862,0.81465,0.81495,1.60,8.80
2009.10.12 05:29:56.042,0.8146,0.8149,3.20,4.00
2009.10.12 05:29:56.152,0.8146,0.8149,4.00,1.60
2009.10.12 05:29:56.262,0.8147,0.81495,1.60,8.00
2009.10.12 05:29:56.442,0.81465,0.81495,1.60,7.20
2009.10.12 05:29:56.772,0.81465,0.8149,1.60,6.40
2009.10.12 05:30:06.290,0.8146,0.8148,1.60,7.20
2009.10.12 05:30:06.530,0.8146,0.81475,1.60,2.40
2009.10.12 05:30:06.690,0.8146,0.8148,1.60,7.20
2009.10.12 05:30:07.150,0.8146,0.8148,1.60,3.20
2009.10.12 05:30:08.409,0.81455,0.8148,1.60,3.20
2009.10.12 05:30:08.749,0.81455,0.8148,4.00,3.20
2009.10.12 05:30:08.909,0.81455,0.8148,4.00,3.20
2009.10.12 05:30:09.149,0.81455,0.8148,4.00,2.40
2009.10.12 05:30:09.959,0.81455,0.8148,1.60,2.40
2009.10.12 05:30:13.298,0.8145,0.81485,1.60,15.60
2009.10.12 05:30:19.897,0.81445,0.81475,5.60,6.40
2009.10.12 05:30:20.246,0.8144,0.8147,5.60,3.20
2009.10.12 05:30:20.366,0.8144,0.81465,5.60,2.40
2009.10.12 05:30:20.486,0.81445,0.8147,1.60,4.30
2009.10.12 05:30:20.596,0.81445,0.8147,1.60,8.30
2009.10.12 05:30:20.656,0.81445,0.8147,1.60,4.30
2009.10.12 05:30:20.836,0.81445,0.8147,1.60,5.10
2009.10.12 05:30:20.897,0.81445,0.8147,1.60,5.90
2009.10.12 05:30:20.957,0.81445,0.8147,1.60,6.70
2009.10.12 05:30:21.067,0.8144,0.8147,4.00,9.10
2009.10.12 05:30:21.177,0.8144,0.8146,4.00,2.40
2009.10.12 05:30:21.236,0.8144,0.81465,4.00,3.20
2009.10.12 05:30:21.616,0.8144,0.81465,1.60,9.60
2009.10.12 05:30:21.966,0.81435,0.81465,2.40,9.60
2009.10.12 05:30:22.316,0.81435,0.81465,6.40,5.60
2009.10.12 05:30:22.666,0.81435,0.81465,7.20,5.60
2009.10.12 05:30:22.786,0.81435,0.81465,3.20,5.60
2009.10.12 05:30:23.176,0.81435,0.81465,7.20,5.60
2009.10.12 05:30:24.755,0.81435,0.81465,7.20,2.40
2009.10.12 05:30:25.965,0.8144,0.8147,2.40,8.80
2009.10.12 05:30:26.195,0.81435,0.8147,7.60,2.40
2009.10.12 05:30:26.415,0.81435,0.8147,7.20,2.40
2009.10.12 05:30:26.585,0.81435,0.8147,10.40,2.40
2009.10.12 05:30:26.945,0.8144,0.81475,7.20,7.20
2009.10.12 05:30:27.295,0.8144,0.81475,8.00,2.40
2009.10.12 05:30:27.635,0.8144,0.8147,4.80,4.00
2009.10.12 05:30:28.084,0.8144,0.8147,1.00,8.00
2009.10.12 05:30:28.195,0.81435,0.81465,10.80,4.90
2009.10.12 05:30:28.785,0.81435,0.81465,10.80,4.90
2009.10.12 05:30:29.484,0.81435,0.81465,10.80,4.90
2009.10.12 05:30:29.824,0.81435,0.8146,3.20,3.00
2009.10.12 05:30:30.414,0.81435,0.81455,7.20,1.00
2009.10.12 05:30:30.594,0.81435,0.81455,11.20,1.00
2009.10.12 05:30:30.994,0.81435,0.81455,6.40,1.00
2009.10.12 05:30:31.214,0.8143,0.81455,8.00,1.00
2009.10.12 05:30:31.444,0.8143,0.81455,8.00,1.00
2009.10.12 05:30:31.624,0.8143,0.81455,8.80,1.00
2009.10.12 05:30:32.534,0.8143,0.81455,8.00,1.00
2009.10.12 05:30:34.803,0.8143,0.81455,12.20,1.00
2009.10.12 05:30:34.983,0.8143,0.81465,12.40,15.50
2009.10.12 05:30:35.103,0.81435,0.81465,8.80,7.20
2009.10.12 05:30:35.383,0.81435,0.81465,8.80,6.40
2009.10.12 05:30:35.973,0.81435,0.81465,8.80,4.00
2009.10.12 05:30:36.253,0.81435,0.8146,4.00,2.40
2009.10.12 05:30:36.533,0.81435,0.81465,3.20,8.00
2009.10.12 05:30:36.873,0.81435,0.81465,8.80,4.00
2009.10.12 05:30:37.222,0.81435,0.8146,4.00,2.40
2009.10.12 05:30:37.573,0.8143,0.81465,6.40,9.10
2009.10.12 05:30:37.802,0.8143,0.81465,4.80,13.50
2009.10.12 05:30:38.042,0.8143,0.8146,1.00,8.00
2009.10.12 05:30:38.272,0.8143,0.81455,1.00,4.00
2009.10.12 05:30:39.212,0.8143,0.81445,1.00,1.00
2009.10.12 05:30:39.552,0.81425,0.81445,1.00,4.40
2009.10.12 05:30:40.112,0.81425,0.81445,1.00,1.00
2009.10.12 05:30:42.771,0.81425,0.81445,1.00,1.00
2009.10.12 05:30:43.011,0.81425,0.81445,4.80,1.00
2009.10.12 05:30:43.661,0.81425,0.81445,5.60,1.00
2009.10.12 05:30:44.011,0.81425,0.81445,5.60,1.00
2009.10.12 05:30:44.361,0.81425,0.81445,1.00,1.00
2009.10.12 05:30:44.710,0.8142,0.81445,6.40,1.00
2009.10.12 05:30:47.470,0.8142,0.81445,8.00,1.00
2009.10.12 05:30:47.640,0.8143,0.81445,1.00,1.00
2009.10.12 05:30:47.810,0.8143,0.81445,4.80,1.00
2009.10.12 05:30:47.980,0.8143,0.81445,8.80,1.00
2009.10.12 05:30:48.390,0.8143,0.81445,8.80,1.00
2009.10.12 05:30:48.730,0.8143,0.8146,8.80,2.40
2009.10.12 05:30:49.989,0.8143,0.8146,8.80,2.40
2009.10.12 05:30:50.439,0.8143,0.8146,8.80,2.40
2009.10.12 05:30:50.669,0.8143,0.81455,4.00,4.00
2009.10.12 05:30:51.079,0.81425,0.81455,9.60,4.00
2009.10.12 05:30:53.718,0.81425,0.81455,9.60,1.60
2009.10.12 05:30:53.888,0.81425,0.81455,8.80,4.00
2009.10.12 05:30:54.059,0.81425,0.81455,8.80,4.40
2009.10.12 05:30:54.178,0.81425,0.81455,7.20,4.40
2009.10.12 05:30:54.348,0.81425,0.81455,7.20,4.80
2009.10.12 05:30:54.698,0.81425,0.81455,2.40,9.20
2009.10.12 05:30:55.058,0.81425,0.81455,2.40,10.00
2009.10.12 05:30:55.358,0.81425,0.81455,2.40,7.60
2009.10.12 05:30:55.478,0.8143,0.81455,2.40,1.00
2009.10.12 05:30:58.107,0.8143,0.81455,6.40,1.00
2009.10.12 05:30:58.227,0.8143,0.81455,2.40,1.00
2009.10.12 05:30:58.857,0.8143,0.8146,2.40,11.90
2009.10.12 05:31:02.397,0.8143,0.8146,2.40,12.80
2009.10.12 05:31:02.576,0.81425,0.81455,2.40,8.40
2009.10.12 05:31:03.146,0.81425,0.81455,2.40,9.20
2009.10.12 05:31:03.366,0.8142,0.8145,3.20,8.40
2009.10.12 05:31:03.766,0.8142,0.8145,3.30,8.00
2009.10.12 05:31:03.996,0.8142,0.8145,3.20,8.00
2009.10.12 05:31:05.325,0.8142,0.8145,1.00,8.00
2009.10.12 05:31:05.376,0.81415,0.8145,11.20,8.00
2009.10.12 05:31:05.486,0.81415,0.8145,9.60,12.40
2009.10.12 05:31:05.546,0.81415,0.81445,8.80,4.80
2009.10.12 05:31:05.666,0.81415,0.81435,4.00,2.00
2009.10.12 05:31:06.145,0.8141,0.81435,8.00,2.00
2009.10.12 05:31:06.545,0.8141,0.81435,4.00,2.00
2009.10.12 05:31:07.745,0.8141,0.81435,4.00,2.00
2009.10.12 05:31:07.975,0.8141,0.81435,8.40,1.00
2009.10.12 05:31:08.195,0.8141,0.81435,2.40,6.00
2009.10.12 05:31:08.485,0.8141,0.81435,2.40,5.60
2009.10.12 05:31:08.765,0.8141,0.81435,2.40,1.60
2009.10.12 05:31:09.055,0.8141,0.81435,2.40,6.00
2009.10.12 05:31:10.184,0.8141,0.81425,2.40,1.00
2009.10.12 05:31:10.364,0.814,0.81425,4.00,4.40
2009.10.12 05:31:10.664,0.81395,0.81415,2.40,1.60
2009.10.12 05:31:10.824,0.81395,0.81425,4.00,8.00
2009.10.12 05:31:10.994,0.81395,0.81425,4.00,5.60
2009.10.12 05:31:11.164,0.814,0.81425,2.40,1.60
2009.10.12 05:31:11.454,0.814,0.81425,2.40,6.00
2009.10.12 05:31:11.794,0.814,0.81425,2.40,2.00
2009.10.12 05:31:14.613,0.81405,0.81425,2.40,2.00
2009.10.12 05:31:14.833,0.814,0.81425,2.40,2.00
2009.10.12 05:31:15.233,0.81405,0.81425,2.40,2.00
2009.10.12 05:31:15.413,0.81405,0.81435,2.40,12.70
2009.10.12 05:31:16.213,0.81405,0.8143,2.40,1.00
2009.10.12 05:31:19.013,0.814,0.8143,2.40,10.00
2009.10.12 05:31:21.222,0.81395,0.81425,8.00,4.00
2009.10.12 05:31:22.591,0.81395,0.81425,8.00,4.40
2009.10.12 05:31:22.761,0.81395,0.81425,8.00,4.00
2009.10.12 05:31:27.370,0.81395,0.81425,8.00,4.40
2009.10.12 05:31:27.780,0.81395,0.81425,8.00,4.00
2009.10.12 05:31:28.590,0.8139,0.81415,11.20,1.60
2009.10.12 05:31:28.920,0.81395,0.81415,1.00,4.40
2009.10.12 05:31:29.280,0.81385,0.81415,6.40,5.20
2009.10.12 05:31:29.630,0.81385,0.8141,2.40,1.00
2009.10.12 05:31:30.660,0.81385,0.81415,2.40,10.00
2009.10.12 05:31:31.289,0.81385,0.81415,2.40,9.20
2009.10.12 05:31:38.188,0.81385,0.81415,3.20,9.20
2009.10.12 05:31:38.468,0.8139,0.81415,2.40,1.60
2009.10.12 05:31:45.706,0.8139,0.81415,3.20,1.60
2009.10.12 05:31:45.886,0.8139,0.81425,7.20,16.40
2009.10.12 05:31:46.046,0.8139,0.8142,3.20,4.00
2009.10.12 05:31:51.294,0.81395,0.8142,4.80,4.00
2009.10.12 05:31:51.575,0.81395,0.81425,4.00,12.00
2009.10.12 05:31:51.924,0.81395,0.81425,2.40,8.40
2009.10.12 05:31:52.274,0.814,0.8142,2.40,4.00
2009.10.12 05:31:52.614,0.814,0.81425,2.40,1.60
2009.10.12 05:31:52.784,0.81395,0.81425,2.40,8.00
2009.10.12 05:31:52.844,0.81395,0.81425,2.40,10.40
2009.10.12 05:31:55.264,0.81395,0.81425,3.20,10.70
2009.10.12 05:31:55.444,0.814,0.81415,2.40,1.00
2009.10.12 05:31:55.673,0.814,0.81425,2.40,1.60
2009.10.12 05:31:56.004,0.814,0.81425,2.40,5.60
2009.10.12 05:31:56.693,0.814,0.81425,2.40,1.60
2009.10.12 05:31:58.193,0.81405,0.8143,2.40,5.60
2009.10.12 05:31:58.533,0.81405,0.8143,2.40,1.60
2009.10.12 05:31:59.503,0.814,0.8143,7.20,4.00
2009.10.12 05:31:59.842,0.814,0.81425,2.40,1.60
2009.10.12 05:32:00.113,0.814,0.8143,4.00,6.80
2009.10.12 05:32:01.492,0.814,0.8143,4.00,8.40
2009.10.12 05:32:01.772,0.814,0.8143,8.00,1.60
2009.10.12 05:32:04.931,0.81405,0.8143,1.60,4.00
2009.10.12 05:32:05.101,0.814,0.8143,8.00,2.80
2009.10.12 05:32:05.221,0.814,0.8143,8.00,2.80
2009.10.12 05:32:05.341,0.814,0.8143,4.00,6.80
2009.10.12 05:32:23.897,0.81405,0.8143,2.40,4.00
2009.10.12 05:32:24.247,0.8141,0.8143,2.40,1.60
2009.10.12 05:32:24.637,0.8141,0.81435,4.00,4.00
2009.10.12 05:32:24.817,0.8141,0.8144,4.00,9.60
2009.10.12 05:32:25.046,0.8141,0.8144,4.00,8.40
2009.10.12 05:32:25.276,0.8141,0.8144,4.00,8.00
2009.10.12 05:32:26.546,0.8141,0.8144,4.00,8.00
2009.10.12 05:32:26.826,0.81415,0.8144,1.60,4.00
2009.10.12 05:32:27.066,0.81415,0.81445,1.60,11.20
2009.10.12 05:32:27.646,0.81415,0.81445,1.60,11.30
2009.10.12 05:32:28.236,0.81415,0.81445,1.60,11.20
2009.10.12 05:32:32.655,0.81415,0.81445,1.60,10.00
2009.10.12 05:32:33.704,0.81415,0.81445,1.60,10.00
2009.10.12 05:32:33.984,0.81415,0.81445,1.60,10.00
2009.10.12 05:32:34.274,0.81415,0.81445,1.60,10.00
2009.10.12 05:32:34.564,0.81415,0.81445,1.60,10.00
2009.10.12 05:32:35.834,0.81415,0.8144,1.60,1.00
2009.10.12 05:32:36.064,0.81415,0.81435,1.60,4.00
2009.10.12 05:32:36.464,0.81415,0.8144,1.60,4.00
2009.10.12 05:32:38.993,0.8142,0.8144,1.60,4.00
2009.10.12 05:32:39.273,0.8142,0.8144,1.60,4.40
2009.10.12 05:32:39.563,0.81415,0.8144,1.60,1.00
2009.10.12 05:32:39.793,0.8141,0.8144,1.60,6.80
2009.10.12 05:32:40.143,0.8141,0.8144,1.60,10.80
2009.10.12 05:32:40.543,0.81405,0.81435,4.80,4.00
2009.10.12 05:32:40.893,0.8141,0.8144,5.60,1.00
2009.10.12 05:32:43.552,0.8141,0.8144,8.00,1.00
2009.10.12 05:32:43.662,0.8142,0.8144,1.60,1.00
2009.10.12 05:32:46.351,0.81415,0.81435,2.40,1.00
2009.10.12 05:32:46.701,0.8141,0.81435,4.00,1.00
2009.10.12 05:32:50.860,0.81405,0.81435,1.60,1.00
2009.10.12 05:32:50.980,0.81405,0.81435,1.60,1.00
2009.10.12 05:32:52.280,0.81405,0.8143,1.60,4.40
2009.10.12 05:32:54.979,0.814,0.8143,4.00,7.30
2009.10.12 05:32:56.499,0.814,0.81425,4.00,1.20
2009.10.12 05:32:56.859,0.81395,0.81425,4.00,11.30
2009.10.12 05:32:57.199,0.81395,0.8142,4.00,1.00
2009.10.12 05:32:57.938,0.814,0.81415,5.60,1.00
2009.10.12 05:32:58.279,0.814,0.8143,8.80,1.00
2009.10.12 05:32:58.628,0.814,0.8143,9.20,1.00
2009.10.12 05:32:59.328,0.8141,0.8143,4.00,1.00
2009.10.12 05:32:59.668,0.8142,0.8144,1.60,4.40
2009.10.12 05:32:59.778,0.8142,0.8144,1.60,4.40
2009.10.12 05:32:59.888,0.8142,0.8144,4.00,4.40
2009.10.12 05:33:00.068,0.8142,0.8144,4.00,1.00
2009.10.12 05:33:00.418,0.8142,0.81445,4.00,6.80
2009.10.12 05:33:00.698,0.8142,0.8144,4.00,1.00
2009.10.12 05:33:02.377,0.8142,0.81445,4.00,4.40
2009.10.12 05:33:02.727,0.81425,0.8145,4.00,8.40
2009.10.12 05:33:03.067,0.81425,0.8145,4.00,4.40
2009.10.12 05:33:03.237,0.81425,0.8145,4.00,1.00
2009.10.12 05:33:05.067,0.81425,0.8145,2.40,1.00
2009.10.12 05:33:05.867,0.8143,0.8145,2.40,1.00
2009.10.12 05:33:09.746,0.81425,0.8145,2.40,2.10
2009.10.12 05:33:09.976,0.81425,0.81445,2.40,2.00
2009.10.12 05:33:11.126,0.8142,0.81435,2.40,1.60
2009.10.12 05:33:11.466,0.81415,0.81435,4.00,1.60
2009.10.12 05:33:11.865,0.8141,0.81435,6.40,2.00
2009.10.12 05:33:12.215,0.8141,0.81435,2.40,2.00
2009.10.12 05:33:13.825,0.8141,0.81435,2.40,2.80
2009.10.12 05:33:14.185,0.81405,0.81425,2.40,1.60
2009.10.12 05:33:15.164,0.81405,0.8143,4.00,1.00
2009.10.12 05:33:15.504,0.81405,0.8143,4.00,1.00
2009.10.12 05:33:16.094,0.81405,0.8143,4.00,1.00
2009.10.12 05:33:16.384,0.8141,0.8143,4.00,1.00
2009.10.12 05:33:16.664,0.8141,0.81435,4.00,3.60
2009.10.12 05:33:16.904,0.81415,0.81435,1.60,6.80
2009.10.12 05:33:17.184,0.81415,0.8144,4.00,2.00
2009.10.12 05:33:17.474,0.81415,0.8144,4.00,2.00
2009.10.12 05:33:18.743,0.81415,0.81435,1.60,1.00
2009.10.12 05:33:18.983,0.81415,0.8144,1.60,1.00
2009.10.12 05:33:20.143,0.81415,0.8144,1.60,3.30
2009.10.12 05:33:21.643,0.81405,0.81435,8.00,2.80
2009.10.12 05:33:21.703,0.81405,0.81435,8.00,7.20
2009.10.12 05:33:21.813,0.814,0.8143,9.60,9.20
2009.10.12 05:33:22.153,0.81395,0.81425,8.00,9.60
2009.10.12 05:33:23.522,0.81395,0.8142,4.00,2.00
2009.10.12 05:33:26.902,0.814,0.8142,4.00,1.00
2009.10.12 05:33:27.191,0.814,0.81425,4.00,6.80
2009.10.12 05:33:27.531,0.814,0.8143,4.00,5.20
2009.10.12 05:33:28.101,0.814,0.8143,2.40,9.60
2009.10.12 05:33:28.431,0.81395,0.81425,4.00,6.80
2009.10.12 05:33:28.601,0.81395,0.81425,8.00,1.00
2009.10.12 05:33:28.841,0.81395,0.8142,8.00,2.00
2009.10.12 05:33:29.021,0.81405,0.8142,1.60,1.00
2009.10.12 05:33:29.241,0.81405,0.8143,1.60,5.20
2009.10.12 05:33:29.591,0.81405,0.8143,1.60,1.00
2009.10.12 05:33:30.581,0.81405,0.8143,2.40,1.00
2009.10.12 05:33:30.701,0.81405,0.8143,2.80,1.00
2009.10.12 05:33:30.811,0.81405,0.8143,4.60,1.00
2009.10.12 05:33:30.871,0.8141,0.8143,1.60,1.00
2009.10.12 05:33:30.981,0.8141,0.81435,1.60,1.20
2009.10.12 05:33:31.090,0.8141,0.81435,1.60,4.40
2009.10.12 05:33:31.141,0.8141,0.81435,1.60,5.20
2009.10.12 05:33:31.261,0.8141,0.81435,1.60,7.60
2009.10.12 05:33:31.610,0.81405,0.8143,4.00,1.00
2009.10.12 05:33:31.950,0.81405,0.8143,4.00,1.00
2009.10.12 05:33:34.620,0.814,0.81425,4.00,1.00
2009.10.12 05:33:36.529,0.81405,0.8143,4.00,1.00
2009.10.12 05:33:39.019,0.81405,0.8143,1.60,3.60
2009.10.12 05:33:39.198,0.814,0.81425,4.00,1.00
2009.10.12 05:33:39.718,0.814,0.81425,4.00,1.00
2009.10.12 05:33:40.048,0.81395,0.8143,12.80,4.40
2009.10.12 05:33:40.388,0.81405,0.8143,4.00,1.00
2009.10.12 05:33:42.258,0.814,0.8143,4.00,8.10
2009.10.12 05:33:42.998,0.814,0.8143,8.00,1.00
2009.10.12 05:33:52.156,0.81395,0.81425,4.00,6.80
2009.10.12 05:33:52.665,0.81395,0.8142,1.60,6.80
2009.10.12 05:33:54.265,0.81395,0.81425,4.00,6.80
2009.10.12 05:33:54.785,0.8139,0.81425,10.80,4.40
2009.10.12 05:33:55.085,0.814,0.81425,4.00,1.00
2009.10.12 05:34:00.533,0.81405,0.81425,2.40,1.00
2009.10.12 05:34:00.823,0.81405,0.8143,4.00,5.20
2009.10.12 05:34:01.123,0.81405,0.8143,4.00,1.00
2009.10.12 05:34:02.543,0.81405,0.8143,1.60,4.40
2009.10.12 05:34:02.723,0.814,0.8143,1.60,4.40
2009.10.12 05:34:02.883,0.814,0.8143,1.60,4.90
2009.10.12 05:34:04.612,0.814,0.81425,4.00,1.00
2009.10.12 05:34:04.962,0.814,0.8143,8.00,1.00
2009.10.12 05:34:05.882,0.81405,0.8143,2.40,1.70
2009.10.12 05:34:06.102,0.814,0.81425,4.00,1.00
2009.10.12 05:34:06.872,0.814,0.81425,4.00,1.20
2009.10.12 05:34:07.052,0.81395,0.81425,4.00,9.70
2009.10.12 05:34:10.891,0.81395,0.81425,4.00,9.60
2009.10.12 05:34:13.410,0.81395,0.81425,4.00,9.70
2009.10.12 05:34:13.740,0.81395,0.81425,4.00,9.60
2009.10.12 05:34:14.010,0.814,0.81425,2.40,6.00
2009.10.12 05:34:14.250,0.814,0.81425,4.00,1.00
2009.10.12 05:34:14.650,0.814,0.8143,4.00,9.20
2009.10.12 05:34:17.979,0.81395,0.8142,8.00,1.00
2009.10.12 05:34:18.149,0.81395,0.8142,4.00,1.00
2009.10.12 05:34:25.167,0.81395,0.8143,8.00,9.20
2009.10.12 05:34:29.906,0.81395,0.8143,8.80,8.40
2009.10.12 05:34:30.116,0.8141,0.8143,2.40,1.20
2009.10.12 05:34:30.346,0.8141,0.81435,2.40,6.00
2009.10.12 05:34:30.816,0.8141,0.81435,2.40,2.00
2009.10.12 05:34:30.996,0.8141,0.81435,2.40,1.60
2009.10.12 05:34:39.034,0.81405,0.8143,6.40,1.00
2009.10.12 05:34:39.274,0.81405,0.8143,2.40,2.00
2009.10.12 05:34:39.574,0.8141,0.8143,2.40,1.60
2009.10.12 05:34:39.864,0.8141,0.81435,2.40,2.00
2009.10.12 05:34:41.134,0.8141,0.81435,2.40,1.60
2009.10.12 05:34:48.652,0.81415,0.8144,2.40,1.00
2009.10.12 05:34:48.712,0.81415,0.81445,2.40,6.80
2009.10.12 05:34:48.832,0.81415,0.81445,2.40,7.60
2009.10.12 05:34:48.892,0.81415,0.81445,2.40,11.60
2009.10.12 05:34:53.541,0.81415,0.81445,2.40,12.40
2009.10.12 05:35:02.258,0.81415,0.81445,2.40,12.90
2009.10.12 05:35:14.616,0.81415,0.81445,2.40,4.40
2009.10.12 05:35:17.965,0.8142,0.81445,2.40,4.40
2009.10.12 05:35:18.195,0.81415,0.81445,2.40,4.90
2009.10.12 05:35:20.344,0.81415,0.81445,4.00,11.30
2009.10.12 05:35:33.601,0.8141,0.81445,9.60,9.20
2009.10.12 05:35:33.831,0.8142,0.81445,4.00,2.80
2009.10.12 05:35:35.691,0.8142,0.81445,4.00,1.00
2009.10.12 05:35:35.870,0.8142,0.8145,8.00,2.80
2009.10.12 05:35:37.510,0.81425,0.8146,8.00,11.10
2009.10.12 05:35:37.800,0.81425,0.8146,8.00,10.00
2009.10.12 05:35:39.590,0.81425,0.8146,8.00,9.20
2009.10.12 05:35:42.050,0.81435,0.8146,4.00,4.40
2009.10.12 05:35:42.329,0.81435,0.8146,4.00,1.00
2009.10.12 05:35:43.709,0.81435,0.81465,4.00,9.20
2009.10.12 05:35:44.008,0.81435,0.81465,4.00,6.80
2009.10.12 05:35:48.638,0.8144,0.81465,2.40,4.40
2009.10.12 05:35:48.938,0.8144,0.81465,4.00,4.40
2009.10.12 05:35:49.107,0.8144,0.81465,4.00,1.00
2009.10.12 05:35:52.477,0.8144,0.8147,4.00,6.00
2009.10.12 05:35:52.817,0.8144,0.8147,8.00,1.00
2009.10.12 05:35:55.356,0.8144,0.8147,8.00,2.80
2009.10.12 05:35:55.516,0.8144,0.8147,8.00,4.10
2009.10.12 05:35:55.796,0.8144,0.8147,4.00,8.10
2009.10.12 05:35:57.335,0.81445,0.81465,4.00,1.00
2009.10.12 05:35:57.565,0.81445,0.8147,4.00,1.00
2009.10.12 05:35:58.805,0.81445,0.8147,4.00,1.00
2009.10.12 05:35:59.185,0.81445,0.81475,8.00,1.00
2009.10.12 05:36:00.295,0.8145,0.81475,4.00,1.00
2009.10.12 05:36:00.645,0.8145,0.81475,8.00,1.00
2009.10.12 05:36:01.114,0.8145,0.81475,6.40,1.00
2009.10.12 05:36:03.494,0.8146,0.8148,2.40,1.20
2009.10.12 05:36:03.654,0.8146,0.8148,2.40,1.00
2009.10.12 05:36:05.444,0.81455,0.81485,9.20,3.60
2009.10.12 05:36:05.743,0.81455,0.81485,8.40,1.00
2009.10.12 05:36:05.983,0.81455,0.81485,9.20,1.00
2009.10.12 05:36:08.113,0.81455,0.81485,15.60,1.20
2009.10.12 05:36:08.443,0.8146,0.81485,2.40,3.20
2009.10.12 05:36:08.773,0.81465,0.81485,2.40,1.00
2009.10.12 05:36:09.173,0.81465,0.81485,2.40,1.20
2009.10.12 05:36:09.522,0.8146,0.81485,2.40,1.20
2009.10.12 05:36:10.192,0.81455,0.81485,4.00,4.40
2009.10.12 05:36:10.542,0.8145,0.81485,10.40,12.00
2009.10.12 05:36:10.892,0.8146,0.81485,2.40,8.40
2009.10.12 05:36:11.232,0.8146,0.81485,2.40,4.40
2009.10.12 05:36:11.342,0.8146,0.81485,2.40,4.90
2009.10.12 05:36:13.451,0.81455,0.8148,6.40,2.80
2009.10.12 05:36:13.741,0.81455,0.8148,2.40,2.80
2009.10.12 05:36:15.001,0.81455,0.8148,2.40,2.00
2009.10.12 05:36:15.171,0.8145,0.8148,6.40,4.40
2009.10.12 05:36:15.401,0.8145,0.81475,2.40,1.00
2009.10.12 05:36:18.230,0.81455,0.81475,2.40,1.00
2009.10.12 05:36:18.290,0.81455,0.8148,2.40,7.60
2009.10.12 05:36:18.341,0.81455,0.8148,2.40,6.80
2009.10.12 05:36:18.510,0.81455,0.8148,2.40,2.80
2009.10.12 05:36:19.830,0.8145,0.8148,2.40,8.90
2009.10.12 05:36:25.279,0.81455,0.8148,2.40,12.40
2009.10.12 05:36:25.569,0.81455,0.8148,2.40,2.80
2009.10.12 05:36:26.138,0.81455,0.8148,2.40,2.00
2009.10.12 05:36:27.798,0.81455,0.8148,2.40,4.40
2009.10.12 05:36:34.886,0.8145,0.81475,2.40,2.00
2009.10.12 05:36:35.486,0.81455,0.8148,2.40,4.40
2009.10.12 05:36:35.816,0.81455,0.8148,2.40,5.20
2009.10.12 05:36:38.176,0.8145,0.8148,6.40,5.20
2009.10.12 05:36:38.295,0.8145,0.8148,2.40,10.80
2009.10.12 05:36:38.755,0.8145,0.81475,2.40,4.40
2009.10.12 05:36:39.215,0.8145,0.81475,2.40,1.00
2009.10.12 05:36:40.155,0.8145,0.81475,2.40,1.20
2009.10.12 05:36:40.325,0.81445,0.81475,2.40,12.00
2009.10.12 05:36:40.825,0.8145,0.8147,2.40,1.00
2009.10.12 05:36:40.945,0.8145,0.81475,2.40,2.80
2009.10.12 05:36:41.465,0.81445,0.8147,2.40,2.00
2009.10.12 05:36:41.815,0.81445,0.81475,6.40,2.80
2009.10.12 05:36:45.224,0.8145,0.81475,2.40,3.60
2009.10.12 05:36:45.454,0.81445,0.81475,2.40,12.00
2009.10.12 05:36:45.864,0.81445,0.81475,6.40,2.80
2009.10.12 05:36:46.094,0.81445,0.81475,6.40,7.60
2009.10.12 05:36:46.324,0.81445,0.8147,2.40,2.00
2009.10.12 05:36:46.493,0.8144,0.8147,4.00,1.00
2009.10.12 05:36:46.713,0.81445,0.81475,6.40,2.80
2009.10.12 05:36:50.533,0.81445,0.81475,6.40,3.60
2009.10.12 05:36:50.652,0.81445,0.8147,6.40,2.00
2009.10.12 05:36:50.762,0.8144,0.8147,4.80,1.60
2009.10.12 05:36:50.942,0.8145,0.81475,2.40,2.80
2009.10.12 05:36:58.770,0.81445,0.8147,6.40,1.60
2009.10.12 05:36:59.050,0.81445,0.8147,4.00,4.40
2009.10.12 05:36:59.330,0.8144,0.8147,2.40,8.40
2009.10.12 05:37:00.631,0.8144,0.8147,2.40,8.00
2009.10.12 05:37:03.309,0.8144,0.8147,2.40,4.00
2009.10.12 05:37:03.469,0.8144,0.81475,6.40,7.60
2009.10.12 05:37:04.099,0.8144,0.81475,6.40,7.60
2009.10.12 05:37:04.279,0.8144,0.81475,2.40,11.60
2009.10.12 05:37:04.689,0.8144,0.81475,6.40,7.60
2009.10.12 05:37:04.859,0.81455,0.81475,2.40,6.40
2009.10.12 05:37:05.039,0.81455,0.81475,2.40,2.40
2009.10.12 05:37:05.719,0.81455,0.8148,2.40,2.40
2009.10.12 05:37:06.998,0.8145,0.8148,2.40,9.20
2009.10.12 05:37:12.917,0.8145,0.8148,6.40,2.40
2009.10.12 05:37:13.257,0.8145,0.8148,6.40,4.80
2009.10.12 05:37:16.476,0.8145,0.8148,6.40,5.20
2009.10.12 05:37:19.136,0.81455,0.8148,2.40,6.00
2009.10.12 05:37:29.963,0.8145,0.8148,2.40,5.20
2009.10.12 05:37:30.313,0.8145,0.81475,2.40,1.00
2009.10.12 05:37:31.873,0.8145,0.8148,2.40,10.00
2009.10.12 05:37:32.113,0.81445,0.8148,8.80,10.00
2009.10.12 05:37:32.342,0.81445,0.8148,8.80,6.00
2009.10.12 05:37:35.432,0.81445,0.8148,8.80,5.20
2009.10.12 05:37:45.169,0.8145,0.8148,6.40,4.80
2009.10.12 05:37:56.956,0.8145,0.8148,8.00,3.20
2009.10.12 05:37:57.296,0.81455,0.8148,4.00,2.40
2009.10.12 05:37:57.526,0.81455,0.81485,4.00,7.60
2009.10.12 05:37:57.697,0.81455,0.81485,4.00,10.80
2009.10.12 05:37:57.876,0.8146,0.81485,1.60,7.60
2009.10.12 05:37:58.146,0.8146,0.81485,1.60,2.80
2009.10.12 05:37:58.426,0.8146,0.81485,1.60,2.40
2009.10.12 05:37:58.996,0.8146,0.81485,1.60,2.40
2009.10.12 05:38:11.453,0.8146,0.81485,5.60,2.40
2009.10.12 05:38:11.913,0.8146,0.81485,1.60,2.40
2009.10.12 05:38:13.343,0.8146,0.81485,5.60,3.60
2009.10.12 05:38:13.633,0.8146,0.81485,1.60,1.20
2009.10.12 05:38:13.812,0.8146,0.81485,4.00,1.00
2009.10.12 05:38:14.093,0.81465,0.8149,1.60,3.60
2009.10.12 05:38:22.230,0.81465,0.8149,1.60,4.40
2009.10.12 05:38:26.509,0.81465,0.8149,1.60,3.60
2009.10.12 05:38:32.788,0.81465,0.8149,1.60,7.60
2009.10.12 05:38:33.828,0.81465,0.8149,1.60,3.60
2009.10.12 05:38:38.616,0.81465,0.81485,1.60,1.00
2009.10.12 05:38:38.956,0.8146,0.81485,1.60,1.00
2009.10.12 05:38:39.076,0.8146,0.81485,1.60,1.20
2009.10.12 05:38:44.875,0.8146,0.81485,5.60,1.20
2009.10.12 05:38:45.175,0.8146,0.81485,1.60,1.20
2009.10.12 05:38:58.282,0.8145,0.81475,4.00,1.00
2009.10.12 05:38:58.442,0.8145,0.81475,1.60,1.20
2009.10.12 05:38:58.622,0.81455,0.8148,1.60,5.20
2009.10.12 05:38:58.802,0.81455,0.8148,1.60,4.40
2009.10.12 05:38:58.972,0.81455,0.8148,1.60,1.00
2009.10.12 05:38:59.682,0.8145,0.8148,5.60,6.80
2009.10.12 05:39:00.021,0.8145,0.8148,1.60,12.00
2009.10.12 05:39:06.560,0.8145,0.81475,1.60,1.00
2009.10.12 05:39:06.740,0.81455,0.81475,1.60,1.00
2009.10.12 05:39:07.200,0.81455,0.8148,1.60,1.00
2009.10.12 05:39:09.849,0.81455,0.8148,1.60,1.20
2009.10.12 05:39:14.078,0.81455,0.8148,1.60,1.00
2009.10.12 05:39:14.418,0.81455,0.81475,1.60,2.40
2009.10.12 05:39:14.598,0.8145,0.81475,4.00,2.40
2009.10.12 05:39:15.888,0.81455,0.8148,1.60,7.60
2009.10.12 05:39:16.067,0.81455,0.8148,1.60,3.60
2009.10.12 05:39:20.426,0.81455,0.8148,1.60,7.60
2009.10.12 05:39:21.516,0.81455,0.8148,1.60,3.60
2009.10.12 05:39:32.304,0.81455,0.8148,1.60,3.20
2009.10.12 05:39:35.333,0.81465,0.81485,1.60,1.00
2009.10.12 05:39:35.623,0.81465,0.8149,1.60,3.60
2009.10.12 05:39:35.913,0.81465,0.8149,1.60,3.20
2009.10.12 05:39:38.702,0.81465,0.8149,1.60,3.60
2009.10.12 05:39:48.820,0.8146,0.81485,1.60,3.20
2009.10.12 05:39:49.589,0.8146,0.81485,1.60,2.40
2009.10.12 05:39:50.659,0.81465,0.8149,1.60,7.60
2009.10.12 05:39:51.189,0.81465,0.8149,1.60,6.80
2009.10.12 05:39:53.228,0.81465,0.8149,1.60,2.80
2009.10.12 05:39:54.038,0.81465,0.8149,1.60,6.80
2009.10.12 05:39:55.358,0.81465,0.8149,1.60,3.60
2009.10.12 05:39:57.897,0.81465,0.8149,1.60,6.80
2009.10.12 05:39:58.017,0.81465,0.81485,1.60,3.20
2009.10.12 05:39:58.237,0.8146,0.81485,1.60,3.60
2009.10.12 05:40:11.574,0.8146,0.81485,1.60,2.80
2009.10.12 05:40:12.384,0.8146,0.81485,1.60,3.60
2009.10.12 05:40:18.752,0.8146,0.8149,2.40,9.20
2009.10.12 05:40:19.102,0.81455,0.8149,9.60,8.80
2009.10.12 05:40:19.393,0.81455,0.8149,12.00,9.20
2009.10.12 05:40:19.742,0.81455,0.8149,12.00,5.20
2009.10.12 05:40:20.432,0.81455,0.8149,9.60,8.80
2009.10.12 05:40:20.782,0.81455,0.81485,7.20,3.60
2009.10.12 05:40:21.002,0.81455,0.81485,6.40,3.60
2009.10.12 05:40:23.591,0.81455,0.8149,8.80,10.00
2009.10.12 05:40:23.821,0.81455,0.8149,8.80,6.00
2009.10.12 05:40:28.300,0.8145,0.81485,12.00,3.60
2009.10.12 05:40:40.607,0.81455,0.81485,6.40,2.80
2009.10.12 05:40:42.577,0.81455,0.8148,4.00,4.40
2009.10.12 05:40:42.737,0.8145,0.8148,7.20,4.40
2009.10.12 05:40:43.147,0.8145,0.8148,6.40,4.40
2009.10.12 05:40:49.975,0.8145,0.8147,4.00,1.60
2009.10.12 05:40:50.205,0.81445,0.8147,12.00,1.60
2009.10.12 05:40:50.595,0.81445,0.8148,12.00,5.20
2009.10.12 05:40:51.834,0.8145,0.8148,6.40,5.20
2009.10.12 05:40:52.824,0.8145,0.8148,6.40,5.20
2009.10.12 05:40:54.244,0.8145,0.8148,4.00,6.00
2009.10.12 05:40:54.414,0.8145,0.81475,4.00,4.40
2009.10.12 05:40:54.774,0.81445,0.81475,8.00,4.40
2009.10.12 05:40:55.114,0.81445,0.8148,12.00,5.20
2009.10.12 05:40:55.464,0.81445,0.81475,8.00,2.40
2009.10.12 05:40:55.813,0.81445,0.8148,12.00,5.20
2009.10.12 05:40:56.773,0.8145,0.8148,6.40,5.20
2009.10.12 05:40:57.173,0.8145,0.8148,6.40,5.20
2009.10.12 05:40:57.343,0.8145,0.8148,6.40,5.20
2009.10.12 05:40:57.513,0.8145,0.8148,6.40,5.20
2009.10.12 05:40:59.213,0.8145,0.8148,6.40,6.00
2009.10.12 05:40:59.433,0.8145,0.8147,4.00,1.60
2009.10.12 05:40:59.773,0.8145,0.8147,2.40,1.60
2009.10.12 05:41:00.003,0.8145,0.8148,6.40,5.20
2009.10.12 05:41:00.182,0.8145,0.8148,6.40,6.00
2009.10.12 05:41:00.362,0.8145,0.8147,2.40,1.60
2009.10.12 05:41:00.713,0.8145,0.8148,2.40,9.20
2009.10.12 05:41:01.072,0.8145,0.8148,6.40,5.20
2009.10.12 05:41:02.052,0.8145,0.8148,6.40,5.20
2009.10.12 05:41:03.692,0.8145,0.81475,4.00,2.40
2009.10.12 05:41:04.321,0.8145,0.81475,4.00,2.90
2009.10.12 05:41:04.501,0.81445,0.8147,5.60,4.00
2009.10.12 05:41:05.052,0.8145,0.8147,4.00,2.40
2009.10.12 05:41:05.401,0.81445,0.8147,5.60,4.00
2009.10.12 05:41:05.761,0.81445,0.81475,8.00,2.40
2009.10.12 05:41:05.991,0.8145,0.81475,4.00,2.40
2009.10.12 05:41:06.921,0.8145,0.81475,4.00,2.80
2009.10.12 05:41:07.091,0.81445,0.81475,4.00,2.80
2009.10.12 05:41:07.451,0.81445,0.81475,4.00,2.40
2009.10.12 05:41:07.630,0.81445,0.81465,4.00,2.40
2009.10.12 05:41:07.811,0.8144,0.81465,8.00,2.40
2009.10.12 05:41:14.419,0.81445,0.81465,1.60,2.40
2009.10.12 05:41:14.709,0.81445,0.8147,5.60,4.00
2009.10.12 05:41:15.569,0.81445,0.8147,5.60,4.00
2009.10.12 05:41:15.919,0.8144,0.81465,8.00,2.40
2009.10.12 05:41:31.035,0.8144,0.81465,8.00,2.40
2009.10.12 05:41:31.215,0.8144,0.81465,1.60,8.00
2009.10.12 05:41:31.435,0.8144,0.81465,2.40,6.40
2009.10.12 05:41:31.595,0.8144,0.81465,8.00,2.40
2009.10.12 05:41:33.025,0.8143,0.81465,10.00,9.20
2009.10.12 05:41:33.265,0.8143,0.8146,8.80,2.40
2009.10.12 05:41:34.125,0.8143,0.81455,5.60,2.40
2009.10.12 05:41:34.354,0.8143,0.81455,4.00,4.40
2009.10.12 05:41:34.574,0.8143,0.8146,4.00,6.80
2009.10.12 05:41:34.934,0.81435,0.81455,1.60,2.40
2009.10.12 05:41:35.284,0.81435,0.81455,1.60,2.80
2009.10.12 05:41:37.253,0.81435,0.81455,1.60,3.60
2009.10.12 05:41:37.433,0.81425,0.81455,8.80,1.00
2009.10.12 05:41:37.943,0.8143,0.81455,5.60,3.60
2009.10.12 05:41:38.293,0.81435,0.81455,1.60,3.60
2009.10.12 05:41:38.913,0.81435,0.81455,1.60,2.80
2009.10.12 05:41:42.442,0.81435,0.81455,1.60,1.00
2009.10.12 05:41:42.663,0.81435,0.8146,1.60,7.60
2009.10.12 05:41:43.022,0.81435,0.8146,1.60,3.60
2009.10.12 05:41:43.322,0.81435,0.8146,1.60,4.40
2009.10.12 05:41:43.672,0.81435,0.81455,1.60,2.80
2009.10.12 05:41:44.072,0.81435,0.81455,1.60,2.40
2009.10.12 05:41:44.242,0.81435,0.8146,1.60,3.60
2009.10.12 05:41:46.831,0.81435,0.81455,1.60,1.00
2009.10.12 05:41:47.001,0.81435,0.81455,1.60,3.60
2009.10.12 05:41:47.171,0.81435,0.8145,1.60,2.40
2009.10.12 05:41:47.351,0.8143,0.8145,1.60,1.00
2009.10.12 05:41:47.521,0.8143,0.81455,1.60,6.00
2009.10.12 05:41:47.701,0.8143,0.81455,8.00,3.60
2009.10.12 05:41:47.931,0.81435,0.81455,1.60,2.40
2009.10.12 05:41:48.231,0.81435,0.8146,1.60,7.90
2009.10.12 05:41:48.571,0.81435,0.8146,1.60,3.60
2009.10.12 05:41:49.561,0.81435,0.81455,1.60,2.40
2009.10.12 05:41:49.730,0.81435,0.8146,1.60,3.60
2009.10.12 05:41:52.740,0.81435,0.8146,1.60,7.60
2009.10.12 05:41:52.920,0.8143,0.81455,1.60,7.20
2009.10.12 05:41:54.619,0.81425,0.8145,5.60,2.40
2009.10.12 05:41:54.800,0.81425,0.81455,8.00,10.30
2009.10.12 05:41:55.099,0.8143,0.81455,1.60,7.20
2009.10.12 05:41:58.018,0.81435,0.81455,1.60,2.80
2009.10.12 05:42:06.046,0.81435,0.81455,1.60,3.60
2009.10.12 05:42:46.357,0.8143,0.81455,2.40,3.60
2009.10.12 05:42:46.577,0.8143,0.81455,4.00,1.00
2009.10.12 05:42:46.757,0.8143,0.8146,8.00,3.60
2009.10.12 05:42:47.117,0.8143,0.8146,8.00,2.80
2009.10.12 05:42:47.867,0.8143,0.8146,8.00,2.80
2009.10.12 05:42:48.966,0.8143,0.8146,8.00,3.60
2009.10.12 05:42:49.776,0.8143,0.8146,8.00,2.80
2009.10.12 05:42:50.186,0.8143,0.8146,8.80,2.80
2009.10.12 05:42:50.416,0.81435,0.8146,6.40,1.00
2009.10.12 05:42:50.656,0.81435,0.81465,6.40,6.00
2009.10.12 05:42:50.996,0.81435,0.81465,6.40,3.60
2009.10.12 05:42:52.015,0.81435,0.81465,6.40,3.60
2009.10.12 05:43:03.233,0.8144,0.81465,1.60,1.00
2009.10.12 05:43:03.563,0.81435,0.81465,5.60,4.40
2009.10.12 05:43:03.853,0.81425,0.81455,5.60,1.00
2009.10.12 05:43:04.193,0.8143,0.81455,4.00,3.60
2009.10.12 05:43:04.433,0.81425,0.81455,5.60,2.80
2009.10.12 05:43:04.663,0.81425,0.81455,5.60,3.60
2009.10.12 05:43:04.892,0.81425,0.81455,1.60,8.80
2009.10.12 05:43:05.172,0.81425,0.8145,5.60,1.00
2009.10.12 05:43:05.522,0.81425,0.81455,1.60,8.40
2009.10.12 05:43:05.882,0.81425,0.81455,5.60,7.90
2009.10.12 05:43:06.182,0.81425,0.81455,5.60,7.90
2009.10.12 05:43:06.812,0.81435,0.81455,1.60,2.80
2009.10.12 05:43:07.042,0.81435,0.81455,1.60,4.00
2009.10.12 05:43:07.382,0.81435,0.81465,1.60,15.90
2009.10.12 05:43:08.381,0.81435,0.81465,1.60,15.10
2009.10.12 05:43:11.071,0.81425,0.81455,6.40,2.40
2009.10.12 05:43:12.480,0.81425,0.81455,6.40,3.20
2009.10.12 05:43:12.710,0.81425,0.8145,1.60,2.40
2009.10.12 05:43:16.030,0.81425,0.8145,1.60,3.20
2009.10.12 05:43:16.300,0.8142,0.8145,5.60,5.60
2009.10.12 05:43:16.600,0.8142,0.81445,1.60,2.40
2009.10.12 05:43:17.470,0.81415,0.81445,5.60,5.20
2009.10.12 05:43:17.759,0.8142,0.81445,1.60,2.80
2009.10.12 05:43:18.059,0.8142,0.81445,1.60,6.80
2009.10.12 05:43:19.489,0.8141,0.8143,4.00,4.00
2009.10.12 05:43:19.669,0.81405,0.8143,1.60,4.00
2009.10.12 05:43:24.458,0.81415,0.8144,1.60,2.40
2009.10.12 05:43:25.498,0.81415,0.8144,1.60,2.80
2009.10.12 05:43:29.906,0.81415,0.8144,1.60,2.80
2009.10.12 05:43:30.206,0.8141,0.8144,1.60,7.20
2009.10.12 05:43:33.346,0.8141,0.8144,4.00,8.00
2009.10.12 05:43:33.576,0.8141,0.8144,1.60,6.80
2009.10.12 05:43:34.666,0.81415,0.81435,1.60,2.40
2009.10.12 05:43:34.906,0.81415,0.8144,1.60,8.00
2009.10.12 05:43:35.136,0.81415,0.8144,1.60,4.00
2009.10.12 05:43:39.535,0.81415,0.8144,1.60,4.00
2009.10.12 05:43:39.765,0.8141,0.8144,1.60,3.60
2009.10.12 05:43:43.474,0.8141,0.81435,1.60,3.20
2009.10.12 05:43:43.644,0.81405,0.81435,1.60,8.80
2009.10.12 05:43:48.323,0.81405,0.81435,4.00,8.00
2009.10.12 05:43:48.663,0.81405,0.81435,8.00,2.40
2009.10.12 05:43:48.992,0.8141,0.81435,1.60,4.00
2009.10.12 05:43:49.333,0.81405,0.8143,1.60,2.40
2009.10.12 05:43:49.683,0.81405,0.8143,5.60,2.40
2009.10.12 05:43:50.722,0.8141,0.81435,1.60,4.00
2009.10.12 05:43:51.072,0.81405,0.81435,4.00,4.80
2009.10.12 05:43:51.414,0.81405,0.81435,8.00,4.00
2009.10.12 05:43:51.762,0.8141,0.8143,1.60,2.40
2009.10.12 05:43:52.092,0.814,0.81425,1.60,2.40
2009.10.12 05:43:52.252,0.814,0.81425,1.60,3.20
2009.10.12 05:43:52.372,0.814,0.81425,1.60,3.20
2009.10.12 05:43:52.552,0.814,0.81425,1.60,3.20
2009.10.12 05:43:52.712,0.81395,0.81425,11.20,4.80
2009.10.12 05:43:52.882,0.81395,0.8142,8.00,2.40
2009.10.12 05:43:53.222,0.81395,0.8142,1.60,2.40
2009.10.12 05:43:53.581,0.81395,0.8142,1.60,2.40
2009.10.12 05:43:53.941,0.81395,0.8142,1.60,3.20
2009.10.12 05:43:54.061,0.81395,0.8142,1.60,3.20
2009.10.12 05:43:54.241,0.8139,0.81415,1.60,2.40
2009.10.12 05:43:54.461,0.81395,0.8142,8.00,1.00
2009.10.12 05:43:54.631,0.8139,0.8142,9.60,6.80
2009.10.12 05:43:54.812,0.8139,0.8142,1.60,7.20
2009.10.12 05:43:54.981,0.8139,0.8142,1.60,7.20
2009.10.12 05:43:56.021,0.8139,0.8142,1.60,8.00
2009.10.12 05:43:56.201,0.81385,0.8141,8.00,2.40
2009.10.12 05:43:56.371,0.81385,0.8141,4.00,2.40
2009.10.12 05:43:56.591,0.81385,0.81415,4.00,4.00
2009.10.12 05:43:56.751,0.81385,0.81415,4.00,4.00
2009.10.12 05:43:56.991,0.8139,0.8142,1.60,8.00
2009.10.12 05:43:57.511,0.8139,0.8142,1.60,6.40
2009.10.12 05:43:58.200,0.8139,0.8142,1.60,7.20
2009.10.12 05:43:58.431,0.81385,0.8142,6.40,7.20
2009.10.12 05:43:58.671,0.81385,0.8142,7.20,6.40
2009.10.12 05:43:58.900,0.81385,0.81415,7.20,4.00
2009.10.12 05:43:59.130,0.81385,0.81415,7.20,4.00
2009.10.12 05:43:59.470,0.81385,0.81415,3.20,8.00
2009.10.12 05:43:59.810,0.81385,0.8142,7.20,6.40
2009.10.12 05:44:01.719,0.81385,0.8142,6.40,7.20
2009.10.12 05:44:02.230,0.81385,0.8142,6.40,6.40
2009.10.12 05:44:02.829,0.81385,0.8142,6.40,6.40
2009.10.12 05:44:03.129,0.8139,0.8142,4.00,2.40
2009.10.12 05:44:03.409,0.8139,0.8142,1.60,6.40
2009.10.12 05:44:04.159,0.81385,0.81415,8.00,2.40
2009.10.12 05:44:04.459,0.8139,0.8142,4.00,6.40
2009.10.12 05:44:04.679,0.8139,0.8142,1.60,10.40
2009.10.12 05:44:04.859,0.8139,0.81415,1.60,4.00
2009.10.12 05:44:05.079,0.8139,0.8142,1.60,6.40
2009.10.12 05:44:05.718,0.8139,0.8142,4.00,4.00
2009.10.12 05:44:06.009,0.81395,0.8142,1.60,4.00
2009.10.12 05:44:06.298,0.81395,0.81425,1.60,11.20
2009.10.12 05:44:06.948,0.81385,0.81415,7.60,8.80
2009.10.12 05:44:07.228,0.81385,0.81415,7.20,8.80
2009.10.12 05:44:07.338,0.81385,0.81415,8.00,8.00
2009.10.12 05:44:07.448,0.8139,0.81415,4.00,4.00
2009.10.12 05:44:07.618,0.8139,0.8142,4.00,4.80
2009.10.12 05:44:07.738,0.8139,0.8142,8.00,1.00
2009.10.12 05:44:10.128,0.814,0.81425,1.60,6.40
2009.10.12 05:44:10.487,0.814,0.8143,1.60,8.80
2009.10.12 05:44:10.827,0.814,0.8143,1.60,9.60
2009.10.12 05:44:11.167,0.814,0.81425,2.40,2.40
2009.10.12 05:44:11.557,0.814,0.8143,8.00,4.00
2009.10.12 05:44:11.907,0.81405,0.8143,1.60,2.40
2009.10.12 05:44:13.317,0.81405,0.8143,1.60,3.20
2009.10.12 05:44:13.657,0.814,0.81425,8.00,2.40
2009.10.12 05:44:14.007,0.814,0.8143,4.00,7.20
2009.10.12 05:44:14.277,0.81405,0.8143,1.60,3.20
2009.10.12 05:44:14.497,0.81405,0.8143,1.60,2.40
2009.10.12 05:44:25.954,0.814,0.8143,4.00,7.20
2009.10.12 05:44:27.013,0.81405,0.8143,1.60,6.40
2009.10.12 05:44:27.493,0.81405,0.8143,1.60,2.40
2009.10.12 05:44:30.233,0.81405,0.81435,4.00,12.30
2009.10.12 05:44:30.812,0.81405,0.8142,4.00,1.00
2009.10.12 05:44:31.102,0.8139,0.8142,8.00,3.20
2009.10.12 05:44:31.443,0.8139,0.8142,4.00,7.20
2009.10.12 05:44:34.941,0.8139,0.8142,4.00,8.00
2009.10.12 05:44:35.161,0.8139,0.8142,4.00,12.00
2009.10.12 05:44:35.451,0.8139,0.8142,4.00,12.00
2009.10.12 05:44:35.731,0.8139,0.8142,4.00,8.00
2009.10.12 05:44:36.991,0.8139,0.8142,4.00,8.10
2009.10.12 05:44:37.171,0.8139,0.8142,4.00,8.00
2009.10.12 05:44:50.998,0.8139,0.8142,4.00,9.20
2009.10.12 05:44:54.737,0.8139,0.8142,4.00,9.10
2009.10.12 05:44:55.427,0.8139,0.8142,4.00,9.20
2009.10.12 05:44:57.026,0.8139,0.8142,4.00,5.20
2009.10.12 05:45:01.755,0.8139,0.814,2.40,1.60
2009.10.12 05:45:01.925,0.8138,0.814,4.00,4.80
2009.10.12 05:45:02.145,0.81375,0.814,2.40,4.80
2009.10.12 05:45:02.325,0.81365,0.81405,1.60,8.00
2009.10.12 05:45:02.555,0.81365,0.8139,10.40,2.40
2009.10.12 05:45:02.785,0.8137,0.814,3.20,4.00
2009.10.12 05:45:03.055,0.81375,0.81405,4.00,1.60
2009.10.12 05:45:03.285,0.81385,0.8141,2.40,4.00
2009.10.12 05:45:03.675,0.81385,0.81415,2.40,4.80
2009.10.12 05:45:04.025,0.81385,0.81415,2.40,12.80
2009.10.12 05:45:05.574,0.81385,0.81415,2.40,13.60
2009.10.12 05:45:06.964,0.81385,0.81415,2.40,9.60
2009.10.12 05:45:08.134,0.81385,0.81415,2.40,4.80
2009.10.12 05:45:08.354,0.81385,0.8141,6.40,2.40
2009.10.12 05:45:09.104,0.81385,0.8141,2.40,2.40
2009.10.12 05:45:09.783,0.81385,0.81415,2.40,4.80
2009.10.12 05:45:10.083,0.81385,0.81415,6.40,4.80
2009.10.12 05:45:10.893,0.8139,0.81415,1.00,4.80
2009.10.12 05:45:11.183,0.8139,0.81415,4.00,4.80
2009.10.12 05:45:11.873,0.8139,0.81405,4.00,1.00
2009.10.12 05:45:12.163,0.81385,0.8141,6.40,2.00
2009.10.12 05:45:12.282,0.81385,0.81415,6.40,5.60
2009.10.12 05:45:12.333,0.81385,0.81415,2.40,9.60
2009.10.12 05:45:12.513,0.8139,0.81415,4.00,5.60
2009.10.12 05:45:12.573,0.8139,0.8141,4.00,2.40
2009.10.12 05:45:12.743,0.8139,0.8141,4.00,3.20
2009.10.12 05:45:13.272,0.8138,0.8141,4.00,3.20
2009.10.12 05:45:13.982,0.8138,0.8141,4.00,3.20
2009.10.12 05:45:16.542,0.81375,0.8141,6.40,3.20
2009.10.12 05:45:16.931,0.81375,0.8141,6.40,7.20
2009.10.12 05:45:18.601,0.81375,0.8141,10.40,3.20
2009.10.12 05:45:19.061,0.81375,0.8141,10.40,3.20
2009.10.12 05:45:19.241,0.81375,0.8141,6.40,3.20
2009.10.12 05:45:19.531,0.81375,0.8141,7.20,7.20
2009.10.12 05:45:20.111,0.81375,0.8141,7.20,7.20
2009.10.12 05:45:20.451,0.81375,0.8141,6.40,3.20
2009.10.12 05:45:20.801,0.81375,0.8141,2.40,7.20
2009.10.12 05:45:21.500,0.81375,0.8141,2.40,7.20
2009.10.12 05:45:21.850,0.81375,0.8141,3.20,7.20
2009.10.12 05:45:23.930,0.81375,0.8141,3.30,7.20
2009.10.12 05:45:24.160,0.81375,0.8141,3.20,7.20
2009.10.12 05:45:24.390,0.81375,0.8141,2.40,10.70
2009.10.12 05:45:25.089,0.81375,0.8141,2.40,18.70
2009.10.12 05:45:25.369,0.81375,0.8141,2.40,18.70
2009.10.12 05:45:25.599,0.81375,0.8141,2.40,12.30
2009.10.12 05:45:25.879,0.81375,0.8141,2.40,17.90
2009.10.12 05:45:30.088,0.81375,0.81405,2.40,2.40
2009.10.12 05:45:30.908,0.81375,0.81405,2.40,6.40
2009.10.12 05:45:31.198,0.81375,0.81405,6.40,2.40
2009.10.12 05:45:31.488,0.81375,0.81405,6.40,2.40
2009.10.12 05:45:31.728,0.81375,0.81405,4.00,4.30
2009.10.12 05:45:31.948,0.81375,0.81405,6.40,3.20
2009.10.12 05:45:32.178,0.8138,0.8141,4.00,3.20
2009.10.12 05:45:32.408,0.8138,0.81415,4.00,9.10
2009.10.12 05:45:32.748,0.8138,0.81415,4.00,4.30
2009.10.12 05:45:33.098,0.8138,0.81415,4.00,8.30
2009.10.12 05:45:33.497,0.8138,0.81415,4.00,4.30
2009.10.12 05:45:33.787,0.8138,0.81415,4.80,8.30
2009.10.12 05:45:34.127,0.8138,0.81415,6.40,5.60
2009.10.12 05:45:34.427,0.8138,0.81415,11.20,7.20
2009.10.12 05:45:34.777,0.8138,0.81415,11.20,3.20
2009.10.12 05:45:35.117,0.81385,0.81415,6.40,1.00
2009.10.12 05:45:35.587,0.81385,0.8142,6.40,8.30
2009.10.12 05:45:36.047,0.81385,0.8142,6.40,8.30
2009.10.12 05:45:36.257,0.8139,0.8142,4.00,7.90
2009.10.12 05:45:36.487,0.81385,0.81415,4.00,4.00
2009.10.12 05:45:36.657,0.81385,0.81415,1.00,8.00
2009.10.12 05:45:37.496,0.81385,0.81415,1.00,11.20
2009.10.12 05:45:38.306,0.8138,0.81405,4.00,2.40
2009.10.12 05:45:38.596,0.81375,0.81405,6.40,2.40
2009.10.12 05:45:40.446,0.8138,0.81405,1.00,2.40
2009.10.12 05:45:40.686,0.8138,0.81405,1.00,4.00
2009.10.12 05:45:40.916,0.81375,0.81405,8.80,4.00
2009.10.12 05:45:41.275,0.8138,0.8141,2.40,8.00
2009.10.12 05:45:41.625,0.81375,0.81405,6.40,2.40
2009.10.12 05:45:41.975,0.8138,0.8141,2.40,9.60
2009.10.12 05:45:43.065,0.8137,0.81405,7.60,3.20
2009.10.12 05:45:43.415,0.8137,0.81405,6.40,10.40
2009.10.12 05:45:46.444,0.8137,0.814,2.40,8.00
2009.10.12 05:45:53.842,0.8137,0.814,2.40,8.80
2009.10.12 05:45:54.203,0.8137,0.814,2.40,9.60
2009.10.12 05:45:56.482,0.8137,0.81395,2.40,4.00
2009.10.12 05:45:58.901,0.8137,0.814,2.40,8.00
2009.10.12 05:45:59.591,0.8137,0.81395,1.00,9.60
2009.10.12 05:45:59.931,0.8137,0.81395,1.00,12.80
2009.10.12 05:46:00.291,0.8136,0.81395,2.40,7.20
2009.10.12 05:46:04.210,0.8136,0.81395,2.40,8.00
2009.10.12 05:46:04.320,0.8136,0.8139,2.40,4.00
2009.10.12 05:46:05.400,0.81365,0.8139,2.40,1.60
2009.10.12 05:46:05.760,0.81365,0.8139,4.00,1.60
2009.10.12 05:46:09.009,0.81365,0.814,8.00,9.10
2009.10.12 05:46:09.249,0.81365,0.81395,8.00,4.00
2009.10.12 05:46:09.489,0.8137,0.814,2.40,13.90
2009.10.12 05:46:09.719,0.8137,0.8139,10.40,1.60
2009.10.12 05:46:10.578,0.81365,0.8139,8.00,1.60
2009.10.12 05:46:10.808,0.8137,0.8139,2.40,1.60
2009.10.12 05:46:11.098,0.8137,0.8139,4.00,1.60
2009.10.12 05:46:11.458,0.81365,0.8139,8.00,1.60
2009.10.12 05:46:18.237,0.81365,0.8139,4.00,4.00
2009.10.12 05:46:18.527,0.81365,0.81395,4.00,2.40
2009.10.12 05:46:19.286,0.8137,0.814,4.00,3.20
2009.10.12 05:46:20.286,0.8137,0.814,2.40,1.00
2009.10.12 05:46:20.636,0.8137,0.814,6.40,1.00
2009.10.12 05:46:23.245,0.8137,0.81405,6.40,13.90
2009.10.12 05:46:24.085,0.8137,0.814,4.00,2.40
2009.10.12 05:46:26.185,0.8137,0.814,4.00,2.40
2009.10.12 05:46:26.425,0.8137,0.814,4.00,2.40
2009.10.12 05:46:27.045,0.8137,0.81405,6.40,13.90
2009.10.12 05:46:28.624,0.8137,0.81405,6.40,14.70
2009.10.12 05:46:32.813,0.8137,0.81405,6.40,14.70
2009.10.12 05:46:32.933,0.8137,0.81395,4.00,2.40
2009.10.12 05:46:32.993,0.8137,0.814,4.00,3.20
2009.10.12 05:46:33.223,0.8136,0.81385,1.20,4.00
2009.10.12 05:46:33.453,0.8136,0.8139,2.40,8.80
2009.10.12 05:46:33.683,0.8136,0.8139,6.40,4.80
2009.10.12 05:46:35.113,0.8136,0.8139,6.40,4.00
2009.10.12 05:46:35.393,0.8136,0.8139,8.00,1.60
2009.10.12 05:46:37.342,0.8136,0.8139,8.00,4.80
2009.10.12 05:46:37.572,0.8136,0.8139,4.00,4.80
2009.10.12 05:46:41.581,0.8137,0.81395,2.40,3.20
2009.10.12 05:46:41.761,0.8137,0.81395,2.40,2.40
2009.10.12 05:46:41.941,0.8137,0.814,2.40,13.10
2009.10.12 05:46:42.241,0.8137,0.814,2.40,8.80
2009.10.12 05:46:42.401,0.8137,0.81395,2.40,1.00
2009.10.12 05:46:42.751,0.8137,0.81395,2.40,4.00
2009.10.12 05:46:43.111,0.8137,0.814,2.40,8.80
2009.10.12 05:46:46.050,0.8137,0.814,2.40,9.60
2009.10.12 05:46:46.221,0.81365,0.814,8.00,9.60
2009.10.12 05:46:46.400,0.81365,0.81395,8.00,4.00
2009.10.12 05:46:46.640,0.81365,0.8139,4.00,1.60
2009.10.12 05:46:46.870,0.81365,0.814,8.00,8.80
2009.10.12 05:46:47.100,0.81365,0.8139,4.00,1.60
2009.10.12 05:46:47.330,0.81365,0.8139,8.00,1.60
2009.10.12 05:46:47.390,0.8137,0.8139,2.40,1.60
2009.10.12 05:46:47.620,0.81365,0.81395,8.00,2.40
2009.10.12 05:46:47.730,0.8137,0.81395,1.00,2.40
2009.10.12 05:46:47.790,0.8137,0.814,2.40,4.80
2009.10.12 05:46:47.909,0.8137,0.814,6.40,4.80
2009.10.12 05:46:48.129,0.8137,0.814,6.40,4.00
2009.10.12 05:46:48.879,0.8137,0.814,2.40,8.00
2009.10.12 05:46:50.189,0.8137,0.814,2.40,8.80
2009.10.12 05:46:50.249,0.81365,0.81395,8.00,2.40
2009.10.12 05:46:50.599,0.81365,0.8139,4.00,1.60
2009.10.12 05:46:52.548,0.8137,0.81395,4.00,1.60
2009.10.12 05:46:53.188,0.8137,0.81395,4.00,1.60
2009.10.12 05:46:53.518,0.8137,0.814,8.00,1.60
2009.10.12 05:46:54.788,0.81375,0.814,4.00,1.60
2009.10.12 05:47:01.696,0.8138,0.814,2.40,1.60
2009.10.12 05:47:01.986,0.8138,0.81405,2.40,4.80
2009.10.12 05:47:02.216,0.8138,0.8141,2.40,4.80
2009.10.12 05:47:02.506,0.8138,0.8141,2.40,4.00
2009.10.12 05:47:02.736,0.8138,0.81415,6.40,16.30
2009.10.12 05:47:02.966,0.8138,0.81415,6.40,12.00
2009.10.12 05:47:04.496,0.8138,0.81415,6.40,8.00
2009.10.12 05:47:05.065,0.8138,0.81415,6.40,12.00
2009.10.12 05:47:05.635,0.8138,0.81415,6.40,16.00
2009.10.12 05:47:05.905,0.8138,0.8141,2.40,8.80
2009.10.12 05:47:31.419,0.8138,0.8141,2.40,8.80
2009.10.12 05:47:34.288,0.8138,0.8141,2.40,9.60
2009.10.12 05:47:45.915,0.81375,0.81405,8.00,2.40
2009.10.12 05:47:46.155,0.81375,0.814,4.00,1.60
2009.10.12 05:47:49.665,0.81375,0.814,4.00,1.60
2009.10.12 05:47:49.845,0.81375,0.8141,8.00,11.50
2009.10.12 05:47:49.965,0.8138,0.8141,2.40,10.70
2009.10.12 05:47:51.124,0.8138,0.8141,8.00,6.70
2009.10.12 05:47:51.464,0.81385,0.8141,2.40,5.90
2009.10.12 05:47:51.814,0.8138,0.8141,2.40,14.30
2009.10.12 05:47:58.772,0.8138,0.8141,2.40,14.30
2009.10.12 05:47:58.952,0.8138,0.8141,2.40,19.90
2009.10.12 05:48:14.829,0.8138,0.8141,2.40,17.20
2009.10.12 05:48:15.299,0.8138,0.8141,2.40,10.80
2009.10.12 05:48:16.299,0.8138,0.8141,2.40,11.60
2009.10.12 05:48:17.878,0.8138,0.8141,2.40,11.50
2009.10.12 05:48:18.288,0.8138,0.8141,2.40,11.60
2009.10.12 05:48:18.528,0.8138,0.8141,2.40,11.50
2009.10.12 05:48:18.758,0.8138,0.8141,6.40,7.50
2009.10.12 05:48:19.048,0.8138,0.8141,2.40,11.50
2009.10.12 05:48:20.147,0.81375,0.81405,8.00,3.20
2009.10.12 05:48:20.387,0.81375,0.814,4.00,1.60
2009.10.12 05:48:21.857,0.81375,0.814,4.10,1.60
2009.10.12 05:48:22.207,0.81375,0.814,4.00,1.60
2009.10.12 05:48:28.685,0.81375,0.81405,4.80,4.00
2009.10.12 05:48:28.906,0.81375,0.8141,8.00,11.50
2009.10.12 05:48:32.745,0.81375,0.8141,8.80,10.70
2009.10.12 05:49:07.726,0.8138,0.8141,2.40,11.50
2009.10.12 05:49:07.956,0.8138,0.8141,2.40,11.50
2009.10.12 05:49:14.514,0.8138,0.8141,2.40,11.50
2009.10.12 05:49:19.773,0.8138,0.8141,2.40,11.60
2009.10.12 05:49:22.902,0.8138,0.8141,2.40,11.50
2009.10.12 05:49:29.021,0.8138,0.8141,2.40,7.50
2009.10.12 05:49:35.319,0.8138,0.8141,2.50,7.50
2009.10.12 05:49:35.499,0.8138,0.8141,2.40,7.50
2009.10.12 05:49:35.839,0.8138,0.8141,2.40,7.50
2009.10.12 05:49:43.417,0.8138,0.8141,2.40,7.60
2009.10.12 05:49:51.555,0.8138,0.8141,2.40,7.50
2009.10.12 05:49:51.785,0.8138,0.8141,2.40,7.60
2009.10.12 05:49:52.245,0.8138,0.8141,2.40,11.60
2009.10.12 05:49:52.475,0.81375,0.81405,6.40,4.00
2009.10.12 05:49:52.715,0.81375,0.81405,2.40,10.40
2009.10.12 05:49:54.685,0.8137,0.814,2.40,4.00
2009.10.12 05:49:55.005,0.8137,0.814,2.40,4.00
2009.10.12 05:49:55.244,0.8137,0.814,2.40,4.00
2009.10.12 05:49:55.464,0.8137,0.814,6.40,4.00
2009.10.12 05:49:55.635,0.8137,0.814,2.40,4.00
2009.10.12 05:49:58.224,0.8137,0.814,2.40,4.00
2009.10.12 05:50:07.062,0.8137,0.81405,6.40,10.40
2009.10.12 05:50:07.352,0.81375,0.81405,2.40,9.60
2009.10.12 05:50:07.472,0.81375,0.81405,2.40,3.20
2009.10.12 05:50:07.641,0.81375,0.81405,2.50,1.00
2009.10.12 05:50:07.762,0.81375,0.8141,2.40,12.30
2009.10.12 05:50:07.931,0.81375,0.8141,6.40,12.30
2009.10.12 05:50:08.332,0.81375,0.8141,13.20,5.90
2009.10.12 05:50:08.631,0.8138,0.81415,6.40,12.00
2009.10.12 05:50:10.091,0.8138,0.81415,6.40,12.00
2009.10.12 05:50:10.911,0.8138,0.81415,6.40,12.00
2009.10.12 05:50:11.241,0.8138,0.81415,7.20,11.20
2009.10.12 05:50:11.421,0.81385,0.81415,8.00,4.80
2009.10.12 05:50:11.761,0.81385,0.81415,8.00,2.40
2009.10.12 05:50:12.050,0.8138,0.81415,7.20,8.80
2009.10.12 05:50:12.350,0.8138,0.81415,6.40,8.80
2009.10.12 05:50:16.069,0.8138,0.81415,6.40,9.60
2009.10.12 05:50:22.878,0.8139,0.81415,2.40,6.40
2009.10.12 05:50:22.998,0.8139,0.81415,2.40,1.60
2009.10.12 05:50:25.417,0.81385,0.81415,8.00,4.80
2009.10.12 05:50:25.577,0.81385,0.8141,2.40,1.60
2009.10.12 05:50:33.635,0.8138,0.8141,9.20,1.60
2009.10.12 05:50:33.855,0.81385,0.81415,4.00,1.60
2009.10.12 05:50:44.512,0.81385,0.81415,8.00,1.60
2009.10.12 05:50:45.042,0.81385,0.81415,12.00,1.60
2009.10.12 05:50:49.011,0.81385,0.81415,8.00,1.60
2009.10.12 05:50:49.362,0.81385,0.81415,12.00,1.60
2009.10.12 05:50:54.241,0.81385,0.8141,12.00,1.60
2009.10.12 05:50:54.530,0.81385,0.8141,8.00,1.60
2009.10.12 05:50:54.750,0.81385,0.8141,8.00,1.60
2009.10.12 05:50:55.390,0.81385,0.81405,8.00,1.00
2009.10.12 05:51:02.768,0.8138,0.81405,1.60,10.40
2009.10.12 05:51:05.747,0.8138,0.81405,1.60,9.60
2009.10.12 05:51:05.967,0.81385,0.81405,1.60,2.40
2009.10.12 05:51:06.127,0.81385,0.8141,1.60,12.30
2009.10.12 05:51:06.307,0.81385,0.8141,1.60,8.00
2009.10.12 05:51:08.557,0.81375,0.81395,5.60,2.40
2009.10.12 05:51:08.827,0.81375,0.81395,1.60,2.40
2009.10.12 05:51:09.057,0.81375,0.814,1.60,6.40
2009.10.12 05:51:29.532,0.81375,0.814,1.60,2.40
2009.10.12 05:51:30.871,0.81375,0.814,1.60,6.40
2009.10.12 05:51:34.001,0.81375,0.814,1.60,4.00
2009.10.12 05:51:34.521,0.81375,0.81405,1.60,4.80
2009.10.12 05:51:37.800,0.81375,0.81405,1.60,11.20
2009.10.12 05:51:38.839,0.81375,0.81405,1.60,14.40
2009.10.12 05:51:39.929,0.81375,0.81405,1.60,4.80
2009.10.12 05:51:41.759,0.81375,0.81405,1.60,4.80
2009.10.12 05:51:43.438,0.81375,0.81405,1.60,1.00
2009.10.12 05:51:43.708,0.81375,0.81405,1.60,4.80
2009.10.12 05:51:50.117,0.81375,0.81405,1.60,4.00
2009.10.12 05:51:50.227,0.81385,0.8141,4.00,1.00
2009.10.12 05:51:50.347,0.81385,0.81415,4.00,8.80
2009.10.12 05:51:50.757,0.81385,0.8141,4.00,1.00
2009.10.12 05:51:51.447,0.81385,0.81415,4.00,8.80
2009.10.12 05:51:54.326,0.81385,0.8141,4.00,1.00
2009.10.12 05:51:54.746,0.81385,0.8141,4.00,2.40
2009.10.12 05:51:54.856,0.81385,0.8141,1.60,4.80
2009.10.12 05:51:55.146,0.81385,0.8141,4.00,6.40
2009.10.12 05:51:55.266,0.81385,0.8141,4.00,1.00
2009.10.12 05:51:58.215,0.81385,0.8141,1.60,3.20
2009.10.12 05:51:58.575,0.81385,0.8141,1.60,4.00
2009.10.12 05:51:58.925,0.81385,0.8141,1.60,8.00
2009.10.12 05:52:01.224,0.81375,0.8141,8.00,8.00
2009.10.12 05:52:01.404,0.81375,0.8141,6.40,8.00
2009.10.12 05:52:06.563,0.81375,0.8141,6.40,8.00
2009.10.12 05:52:06.743,0.81375,0.8141,6.40,11.20
2009.10.12 05:52:06.923,0.81375,0.81405,6.40,3.20
2009.10.12 05:52:07.283,0.81375,0.81405,2.40,8.00
2009.10.12 05:52:07.982,0.81375,0.81405,2.40,10.40
2009.10.12 05:52:08.742,0.81375,0.81405,2.40,10.40
2009.10.12 05:52:09.382,0.81375,0.81405,4.00,10.40
2009.10.12 05:52:10.222,0.81375,0.814,4.00,1.00
2009.10.12 05:52:21.839,0.81375,0.81405,4.00,10.40
2009.10.12 05:52:22.659,0.81375,0.81405,4.00,10.50
2009.10.12 05:52:29.767,0.81375,0.81405,4.00,10.40
2009.10.12 05:52:31.287,0.81375,0.81405,4.00,10.50
2009.10.12 05:52:35.236,0.81375,0.81405,4.00,10.50
2009.10.12 05:52:35.356,0.81375,0.81405,4.00,10.40
2009.10.12 05:52:41.224,0.81375,0.81405,2.40,10.40
2009.10.12 05:52:41.795,0.81375,0.814,2.40,1.00
2009.10.12 05:52:42.025,0.81375,0.81405,2.40,10.40
2009.10.12 05:52:42.384,0.81375,0.814,2.40,1.00
2009.10.12 05:52:43.684,0.8138,0.814,1.60,1.00
2009.10.12 05:52:44.444,0.8138,0.81405,1.60,10.40
2009.10.12 05:52:47.663,0.8138,0.81405,1.60,10.40
2009.10.12 05:52:51.682,0.8138,0.81405,1.60,10.40
2009.10.12 05:52:51.792,0.81375,0.81405,1.60,11.60
2009.10.12 05:52:52.392,0.81375,0.81405,1.60,15.50
2009.10.12 05:52:56.061,0.81375,0.814,1.60,6.40
2009.10.12 05:53:12.637,0.81375,0.814,1.60,12.00
2009.10.12 05:53:13.247,0.81375,0.81395,1.60,2.40
2009.10.12 05:53:22.555,0.81375,0.81395,1.60,3.20
2009.10.12 05:53:28.813,0.81375,0.81395,1.60,2.40
2009.10.12 05:53:31.492,0.81365,0.81395,3.20,2.40
2009.10.12 05:53:31.723,0.81365,0.81395,6.40,2.40
2009.10.12 05:53:37.101,0.81365,0.81395,2.40,3.20
2009.10.12 05:53:37.451,0.81365,0.81395,6.40,3.20
2009.10.12 05:53:37.801,0.81365,0.81395,2.40,3.20
2009.10.12 05:53:42.020,0.81365,0.81395,2.40,7.20
2009.10.12 05:53:42.490,0.81365,0.81395,2.40,3.20
2009.10.12 05:53:45.839,0.81365,0.81395,4.00,3.20
2009.10.12 05:53:46.009,0.8137,0.814,2.40,13.90
2009.10.12 05:53:46.179,0.8137,0.814,2.40,10.70
2009.10.12 05:53:46.419,0.8137,0.814,2.40,9.60
2009.10.12 05:53:49.748,0.8137,0.814,2.40,12.80
2009.10.12 05:53:50.038,0.81365,0.814,2.40,13.20
2009.10.12 05:53:51.428,0.8137,0.81395,2.40,1.00
2009.10.12 05:53:51.607,0.8137,0.814,2.40,9.60
2009.10.12 05:53:52.057,0.8137,0.814,2.40,8.80
2009.10.12 05:53:52.647,0.8137,0.814,2.40,8.00
2009.10.12 05:53:52.698,0.8137,0.814,6.40,1.60
2009.10.12 05:53:52.817,0.8137,0.81405,6.40,12.30
2009.10.12 05:53:53.047,0.8137,0.81405,6.40,10.40
2009.10.12 05:53:53.167,0.8137,0.81405,6.40,9.60
2009.10.12 05:53:53.227,0.8137,0.81405,6.80,7.20
2009.10.12 05:53:53.337,0.8137,0.81405,6.80,7.20
2009.10.12 05:53:53.857,0.8137,0.81405,7.60,6.40
2009.10.12 05:53:54.327,0.81375,0.81405,5.60,4.00
2009.10.12 05:53:54.557,0.8138,0.81415,6.40,11.20
2009.10.12 05:53:54.797,0.8138,0.81415,7.20,10.40
2009.10.12 05:53:54.967,0.81385,0.81415,2.40,8.00
2009.10.12 05:53:55.567,0.81385,0.8141,2.40,1.00
2009.10.12 05:53:55.857,0.8138,0.8141,3.20,8.00
2009.10.12 05:54:01.605,0.8138,0.8141,2.40,8.00
2009.10.12 05:54:20.740,0.8138,0.8141,2.40,8.80
2009.10.12 05:54:21.610,0.81385,0.8141,2.40,6.40
2009.10.12 05:54:21.900,0.81385,0.8141,2.40,1.00
2009.10.12 05:54:22.240,0.81385,0.81415,8.80,2.40
2009.10.12 05:54:22.470,0.8139,0.8142,2.40,10.40
2009.10.12 05:54:24.020,0.81385,0.8142,6.40,10.40
2009.10.12 05:54:24.250,0.81385,0.8142,2.40,14.40
2009.10.12 05:54:24.470,0.81385,0.81415,2.40,6.40
2009.10.12 05:54:25.149,0.81385,0.81415,2.40,6.40
2009.10.12 05:54:25.389,0.81385,0.81415,2.40,6.40
2009.10.12 05:54:26.369,0.81385,0.81415,4.00,4.00
2009.10.12 05:54:26.599,0.81385,0.8142,8.40,13.60
2009.10.12 05:54:26.769,0.81385,0.8142,8.40,9.60
2009.10.12 05:54:26.939,0.81385,0.81415,6.80,3.20
2009.10.12 05:54:27.109,0.81385,0.81415,6.40,2.40
2009.10.12 05:54:27.229,0.81385,0.81415,2.40,6.40
2009.10.12 05:54:27.399,0.81385,0.81415,2.40,7.20
2009.10.12 05:54:29.218,0.81385,0.81415,4.00,7.20
2009.10.12 05:54:29.388,0.81385,0.81415,4.00,4.00
2009.10.12 05:54:29.508,0.8139,0.8142,2.40,10.00
2009.10.12 05:54:31.348,0.8139,0.8142,2.40,9.60
2009.10.12 05:54:36.877,0.81385,0.81415,3.20,2.40
2009.10.12 05:54:36.996,0.81385,0.81415,2.40,6.40
2009.10.12 05:54:37.107,0.81385,0.81415,2.40,6.40
2009.10.12 05:54:37.627,0.81385,0.81415,2.40,6.40
2009.10.12 05:54:37.916,0.81385,0.81415,2.40,6.40
2009.10.12 05:54:59.131,0.81385,0.81415,2.40,6.40
2009.10.12 05:55:00.791,0.81385,0.81415,2.40,6.40
2009.10.12 05:55:04.240,0.8138,0.81415,8.40,6.40
2009.10.12 05:55:04.360,0.8138,0.81415,7.20,8.00
2009.10.12 05:55:04.480,0.8138,0.81415,8.00,6.40
2009.10.12 05:55:04.600,0.81385,0.81415,2.40,6.40
2009.10.12 05:55:04.720,0.81385,0.8141,2.40,4.00
2009.10.12 05:55:04.890,0.81385,0.81415,2.40,6.40
2009.10.12 05:55:06.729,0.8138,0.8141,8.00,2.40
2009.10.12 05:55:06.940,0.8138,0.8141,4.00,4.00
2009.10.12 05:55:07.179,0.81385,0.81415,2.40,6.40
2009.10.12 05:55:07.579,0.81385,0.81415,2.40,6.50
2009.10.12 05:55:07.749,0.8138,0.81415,7.60,6.40
2009.10.12 05:55:07.979,0.8138,0.8141,3.20,8.00
2009.10.12 05:55:08.319,0.8138,0.8141,3.20,8.00
2009.10.12 05:55:08.959,0.8138,0.8141,2.40,8.00
2009.10.12 05:55:09.599,0.81375,0.81405,14.00,2.40
2009.10.12 05:55:09.879,0.81375,0.8141,11.20,6.40
2009.10.12 05:55:14.867,0.81375,0.8141,10.40,6.40
2009.10.12 05:55:15.097,0.81375,0.81405,6.40,6.40
2009.10.12 05:55:15.387,0.81375,0.81405,4.00,6.40
2009.10.12 05:55:22.546,0.81375,0.814,1.60,2.40
2009.10.12 05:55:23.795,0.81375,0.81405,4.00,6.40
2009.10.12 05:55:23.975,0.81375,0.81405,9.60,2.40
2009.10.12 05:55:27.365,0.81375,0.814,4.00,2.40
2009.10.12 05:55:27.594,0.8137,0.814,1.00,6.40
2009.10.12 05:55:29.164,0.8137,0.814,1.00,6.40
2009.10.12 05:55:30.794,0.8137,0.814,1.00,6.40
2009.10.12 05:55:31.144,0.81365,0.814,6.00,6.40
2009.10.12 05:55:31.833,0.81365,0.814,10.00,6.40
2009.10.12 05:55:32.183,0.81365,0.81395,6.00,4.00
2009.10.12 05:55:32.883,0.81365,0.814,10.80,6.40
2009.10.12 05:55:33.173,0.81365,0.814,6.80,6.40
2009.10.12 05:55:33.943,0.81365,0.814,10.80,6.40
2009.10.12 05:55:35.123,0.81365,0.814,10.80,6.40
2009.10.12 05:55:38.792,0.8137,0.814,3.20,6.40
2009.10.12 05:55:40.131,0.8137,0.814,3.20,8.00
2009.10.12 05:55:40.311,0.8137,0.81395,1.00,6.40
2009.10.12 05:55:41.691,0.81365,0.81395,9.20,6.40
2009.10.12 05:55:48.630,0.81365,0.81395,4.80,12.00
2009.10.12 05:55:49.789,0.81365,0.81395,4.80,12.00
2009.10.12 05:55:50.399,0.81365,0.81395,9.20,4.00
2009.10.12 05:55:50.689,0.81365,0.81395,6.80,6.40
2009.10.12 05:55:50.909,0.81365,0.8139,2.40,4.00
2009.10.12 05:55:51.089,0.8136,0.8139,6.80,4.00
2009.10.12 05:55:51.259,0.8136,0.8139,6.80,6.40
2009.10.12 05:55:51.479,0.8136,0.8139,3.60,6.40
2009.10.12 05:55:54.498,0.8136,0.8139,4.40,6.40
2009.10.12 05:55:54.738,0.81365,0.8139,2.40,4.00
2009.10.12 05:55:55.028,0.81365,0.81395,2.40,6.40
2009.10.12 05:55:55.588,0.81365,0.81395,2.50,6.40
2009.10.12 05:55:55.818,0.8138,0.81395,2.40,4.00
2009.10.12 05:55:55.938,0.8138,0.814,2.40,4.00
2009.10.12 05:55:56.168,0.8138,0.81405,2.40,4.80
2009.10.12 05:55:56.458,0.81375,0.81405,7.20,7.20
2009.10.12 05:55:56.748,0.81375,0.81405,7.20,8.00
2009.10.12 05:55:58.777,0.81375,0.814,7.20,1.60
2009.10.12 05:55:59.247,0.81375,0.814,7.20,1.60
2009.10.12 05:55:59.717,0.81375,0.81405,7.20,4.00
2009.10.12 05:56:00.077,0.81375,0.8141,11.20,8.80
2009.10.12 05:56:01.136,0.8138,0.8141,2.40,8.90
2009.10.12 05:56:01.476,0.8138,0.8141,2.40,12.80
2009.10.12 05:56:01.886,0.8138,0.81405,2.40,4.00
2009.10.12 05:56:03.736,0.81375,0.81405,7.20,8.80
2009.10.12 05:56:03.906,0.81375,0.814,4.80,1.60
2009.10.12 05:56:04.086,0.81375,0.814,4.00,1.60
2009.10.12 05:56:06.095,0.81375,0.814,4.00,2.40
2009.10.12 05:56:06.325,0.81375,0.81395,1.60,3.20
2009.10.12 05:56:06.495,0.81365,0.81395,7.20,8.80
2009.10.12 05:56:06.675,0.81365,0.8139,4.80,1.60
2009.10.12 05:56:07.185,0.81365,0.8139,4.00,1.60
2009.10.12 05:56:08.035,0.81365,0.81395,2.40,8.80
2009.10.12 05:56:08.155,0.81365,0.81385,2.40,1.60
2009.10.12 05:56:08.265,0.81365,0.81385,2.40,1.60
2009.10.12 05:56:09.005,0.81365,0.8139,4.00,1.60
2009.10.12 05:56:09.234,0.81365,0.8139,4.00,1.60
2009.10.12 05:56:10.944,0.81365,0.8139,4.00,1.60
2009.10.12 05:56:13.183,0.8136,0.81385,4.80,1.60
2009.10.12 05:56:13.473,0.8136,0.8139,4.80,8.00
2009.10.12 05:56:14.923,0.81365,0.8139,1.60,8.00
2009.10.12 05:56:15.733,0.81365,0.8139,1.60,8.00
2009.10.12 05:56:16.433,0.81365,0.8139,1.60,8.00
2009.10.12 05:56:16.603,0.8136,0.81385,1.00,4.00
2009.10.12 05:56:16.723,0.81355,0.81385,12.00,4.00
2009.10.12 05:56:19.962,0.81355,0.81385,12.00,4.10
2009.10.12 05:56:20.192,0.81355,0.81385,12.00,4.00
2009.10.12 05:56:20.412,0.81355,0.81385,8.10,4.00
2009.10.12 05:56:20.642,0.81355,0.81385,8.00,4.00
2009.10.12 05:56:20.861,0.81355,0.81385,12.00,4.00
2009.10.12 05:56:21.142,0.81355,0.81385,8.00,4.00
2009.10.12 05:56:25.300,0.81365,0.8139,4.00,5.60
2009.10.12 05:56:25.820,0.81365,0.8139,4.00,1.60
2009.10.12 05:56:27.360,0.81365,0.8139,4.00,1.60
2009.10.12 05:56:27.540,0.81365,0.81395,4.00,5.60
2009.10.12 05:56:30.629,0.8137,0.81395,2.40,4.80
2009.10.12 05:56:30.740,0.8137,0.81395,2.40,4.00
2009.10.12 05:56:44.906,0.8137,0.81395,2.40,4.00
2009.10.12 05:56:45.366,0.8137,0.81395,2.40,4.00
2009.10.12 05:56:45.596,0.8137,0.81395,2.40,4.00
2009.10.12 05:56:46.505,0.8137,0.81395,2.40,4.00
2009.10.12 05:56:48.705,0.8137,0.81395,2.40,4.00
2009.10.12 05:56:49.325,0.8137,0.81395,2.40,4.00
2009.10.12 05:56:49.605,0.8137,0.81395,2.40,4.00
2009.10.12 05:56:50.805,0.8137,0.81395,2.40,4.00
2009.10.12 05:56:51.564,0.8137,0.81395,2.40,4.00
2009.10.12 05:56:54.724,0.8137,0.81395,2.40,4.00
2009.10.12 05:56:55.083,0.8137,0.81395,2.40,4.00
2009.10.12 05:56:56.413,0.8137,0.81395,2.40,4.10
2009.10.12 05:56:56.693,0.8137,0.81395,2.40,4.00
2009.10.12 05:56:57.043,0.8137,0.81395,2.40,4.10
2009.10.12 05:56:57.343,0.8137,0.81395,2.40,4.00
2009.10.12 05:57:01.072,0.8137,0.81395,2.40,1.00
2009.10.12 05:57:08.350,0.8137,0.814,2.40,4.80
2009.10.12 05:57:09.040,0.8137,0.814,2.40,9.60
2009.10.12 05:57:10.040,0.8137,0.814,2.40,5.60
2009.10.12 05:57:10.510,0.8137,0.814,2.40,9.60
2009.10.12 05:57:11.020,0.8137,0.814,2.40,5.60
2009.10.12 05:57:12.649,0.8137,0.814,2.40,5.60
2009.10.12 05:57:14.259,0.8137,0.814,2.40,4.80
2009.10.12 05:57:14.439,0.8137,0.814,6.40,4.80
2009.10.12 05:57:14.609,0.8137,0.814,6.40,4.00
2009.10.12 05:57:14.729,0.81365,0.814,12.80,1.60
2009.10.12 05:57:15.069,0.8137,0.814,8.00,1.60
2009.10.12 05:57:15.758,0.81385,0.81405,5.60,6.40
2009.10.12 05:57:16.109,0.81395,0.81405,7.20,6.40
2009.10.12 05:57:16.348,0.81405,0.81425,4.00,2.40
2009.10.12 05:57:18.338,0.81405,0.81425,8.00,2.40
2009.10.12 05:57:19.038,0.81405,0.81425,5.60,2.40
2009.10.12 05:57:19.277,0.814,0.81425,8.00,4.00
2009.10.12 05:57:24.896,0.81405,0.81425,4.00,4.00
2009.10.12 05:57:25.066,0.814,0.81425,4.10,4.00
2009.10.12 05:57:25.246,0.814,0.81425,1.00,4.00
2009.10.12 05:57:26.876,0.814,0.8142,1.00,2.40
2009.10.12 05:57:27.156,0.814,0.8142,1.00,3.20
2009.10.12 05:57:28.195,0.814,0.8142,1.00,1.00
2009.10.12 05:57:30.975,0.814,0.81425,1.00,9.20
2009.10.12 05:57:31.135,0.814,0.81425,1.00,8.00
2009.10.12 05:57:31.245,0.814,0.81425,2.50,5.60
2009.10.12 05:57:31.355,0.814,0.81425,2.50,1.60
2009.10.12 05:57:33.294,0.814,0.8143,4.10,8.00
2009.10.12 05:57:34.144,0.81405,0.8143,4.00,5.60
2009.10.12 05:57:34.494,0.81405,0.81435,4.00,7.20
2009.10.12 05:57:34.844,0.81405,0.81435,4.00,6.50
2009.10.12 05:57:35.064,0.8141,0.8143,4.00,1.00
2009.10.12 05:57:35.304,0.81415,0.8144,1.60,8.00
2009.10.12 05:57:35.694,0.8142,0.81445,1.60,10.80
2009.10.12 05:57:35.924,0.8142,0.81445,1.60,9.60
2009.10.12 05:57:36.214,0.8142,0.81445,1.60,7.20
2009.10.12 05:57:36.683,0.81415,0.81445,2.40,8.80
2009.10.12 05:57:36.923,0.81415,0.81445,2.40,8.80
2009.10.12 05:57:37.163,0.81415,0.81445,2.40,8.80
2009.10.12 05:57:37.333,0.81415,0.81445,2.40,8.80
2009.10.12 05:57:38.723,0.81415,0.81445,2.40,8.00
2009.10.12 05:57:41.942,0.8141,0.81445,9.60,5.60
2009.10.12 05:57:42.182,0.8142,0.81445,2.40,4.00
2009.10.12 05:57:42.412,0.8142,0.81445,2.40,1.60
2009.10.12 05:57:42.632,0.81415,0.81445,6.40,4.00
2009.10.12 05:57:42.852,0.81415,0.81445,2.40,8.00
2009.10.12 05:57:43.212,0.81415,0.81445,2.40,8.10
2009.10.12 05:57:43.382,0.81415,0.81445,2.40,8.00
2009.10.12 05:57:43.892,0.81415,0.81445,2.40,8.00
2009.10.12 05:57:44.072,0.81415,0.81445,2.40,8.00
2009.10.12 05:57:44.572,0.81415,0.81445,2.40,8.00
2009.10.12 05:57:46.001,0.81415,0.81445,3.20,1.60
2009.10.12 05:57:46.351,0.81425,0.8145,2.40,4.00
2009.10.12 05:57:46.581,0.81425,0.81455,2.40,12.00
2009.10.12 05:57:52.260,0.8142,0.81445,4.00,1.60
2009.10.12 05:57:54.169,0.81415,0.81445,7.30,4.00
2009.10.12 05:57:54.279,0.81415,0.81445,2.50,8.00
2009.10.12 05:57:54.449,0.81415,0.81445,5.80,8.00
2009.10.12 05:57:54.629,0.81425,0.8145,2.40,4.00
2009.10.12 05:57:54.749,0.81425,0.81455,2.40,11.20
2009.10.12 05:57:54.929,0.81425,0.81455,2.40,8.80
2009.10.12 05:57:55.039,0.81425,0.81455,2.40,8.00
2009.10.12 05:57:56.139,0.81425,0.81455,2.40,8.00
2009.10.12 05:58:01.077,0.81425,0.81455,2.40,8.80
2009.10.12 05:58:03.327,0.81425,0.81455,2.40,8.00
2009.10.12 05:58:03.497,0.8142,0.81455,14.60,4.00
2009.10.12 05:58:03.677,0.81425,0.8146,6.40,9.50
2009.10.12 05:58:05.906,0.81425,0.81455,6.40,1.60
2009.10.12 05:58:06.146,0.81425,0.81455,6.40,4.80
2009.10.12 05:58:06.436,0.81425,0.81455,2.40,8.80
2009.10.12 05:58:14.814,0.81425,0.8145,2.40,4.00
2009.10.12 05:58:14.924,0.8142,0.8145,5.70,6.80
2009.10.12 05:58:15.034,0.8142,0.81445,4.10,4.80
2009.10.12 05:58:15.154,0.8142,0.81445,1.00,8.80
2009.10.12 05:58:15.824,0.8142,0.81445,1.00,4.80
2009.10.12 05:58:16.974,0.8142,0.81445,2.50,1.60
2009.10.12 05:58:17.324,0.8142,0.8145,2.50,4.80
2009.10.12 05:58:18.703,0.8142,0.8145,3.30,4.80
2009.10.12 05:58:18.763,0.8142,0.8145,2.50,4.80
2009.10.12 05:58:18.873,0.8142,0.8145,2.50,4.00
2009.10.12 05:58:18.983,0.81425,0.8145,2.40,1.00
2009.10.12 05:58:19.093,0.8142,0.8145,2.50,1.00
2009.10.12 05:58:19.323,0.8142,0.8145,2.50,4.80
2009.10.12 05:58:23.872,0.8142,0.8145,4.00,4.00
2009.10.12 05:58:24.272,0.8142,0.81455,8.00,7.20
2009.10.12 05:58:24.662,0.8142,0.8145,8.00,1.00
2009.10.12 05:58:24.842,0.8142,0.8145,7.20,1.00
2009.10.12 05:58:25.182,0.8142,0.8145,3.20,4.80
2009.10.12 05:58:39.158,0.8142,0.8145,3.20,4.00
2009.10.12 05:58:39.458,0.81425,0.81455,2.40,7.20
2009.10.12 05:58:39.638,0.8143,0.81455,2.40,4.80
2009.10.12 05:58:39.758,0.8143,0.81455,2.40,4.00
2009.10.12 05:58:39.928,0.8143,0.81455,2.40,1.00
2009.10.12 05:58:41.228,0.81425,0.81455,6.40,2.40
2009.10.12 05:58:41.518,0.81425,0.81455,4.00,4.80
2009.10.12 05:58:41.808,0.8142,0.81455,3.60,8.80
2009.10.12 05:58:42.607,0.8142,0.8145,3.60,4.00
2009.10.12 05:58:46.097,0.8142,0.8145,3.20,4.00
2009.10.12 05:58:46.277,0.8142,0.8145,2.50,4.00
2009.10.12 05:58:51.365,0.8142,0.8145,4.90,4.00
2009.10.12 05:58:51.825,0.8142,0.81455,7.30,8.00
2009.10.12 05:58:52.815,0.81425,0.81455,2.40,8.00
2009.10.12 05:58:58.344,0.81425,0.81455,2.40,8.00
2009.10.12 05:58:58.974,0.81425,0.81455,2.40,8.00
2009.10.12 05:59:02.173,0.8142,0.8145,9.20,2.40
2009.10.12 05:59:02.403,0.8142,0.8145,8.60,2.40
2009.10.12 05:59:02.623,0.8142,0.8145,6.10,2.40
2009.10.12 05:59:02.863,0.8142,0.8145,4.10,2.40
2009.10.12 05:59:04.952,0.8142,0.81455,6.50,8.00
2009.10.12 05:59:05.292,0.8142,0.81455,6.50,6.40
2009.10.12 05:59:06.632,0.8142,0.81455,7.30,6.40
2009.10.12 05:59:06.802,0.81425,0.8146,6.40,8.00
2009.10.12 05:59:06.972,0.81425,0.8146,6.50,7.20
2009.10.12 05:59:08.871,0.81425,0.8146,6.50,7.30
2009.10.12 05:59:08.991,0.81425,0.8146,4.10,7.20
2009.10.12 05:59:09.161,0.81425,0.8146,1.00,12.00
2009.10.12 05:59:09.341,0.81425,0.8146,1.00,15.20
2009.10.12 05:59:09.921,0.81425,0.8146,1.00,17.20
2009.10.12 05:59:10.091,0.81425,0.81455,1.00,8.80
2009.10.12 05:59:11.351,0.81425,0.81455,1.00,16.00
2009.10.12 05:59:11.520,0.81425,0.8145,1.00,12.40
2009.10.12 05:59:11.750,0.81425,0.81445,1.00,8.80
2009.10.12 05:59:11.981,0.81425,0.81445,1.00,8.80
2009.10.12 05:59:12.150,0.81405,0.81435,7.20,2.40
2009.10.12 05:59:12.450,0.81405,0.81435,7.20,3.20
2009.10.12 05:59:12.790,0.81405,0.81435,4.00,3.20
2009.10.12 05:59:13.080,0.814,0.81435,4.80,7.20
2009.10.12 05:59:13.720,0.814,0.81435,5.60,6.40
2009.10.12 05:59:13.960,0.8141,0.81435,2.40,4.00
2009.10.12 05:59:14.130,0.81405,0.81435,4.00,8.00
2009.10.12 05:59:14.430,0.81405,0.81435,4.00,4.00
2009.10.12 05:59:17.909,0.81405,0.81435,2.40,4.00
2009.10.12 05:59:18.089,0.814,0.8143,7.20,2.40
2009.10.12 05:59:18.209,0.814,0.8143,8.00,2.40
2009.10.12 05:59:18.379,0.814,0.8143,7.20,2.40
2009.10.12 05:59:18.709,0.814,0.8143,7.20,2.40
2009.10.12 05:59:18.879,0.814,0.8143,6.40,2.40
2009.10.12 05:59:18.999,0.814,0.81425,2.40,4.00
2009.10.12 05:59:19.339,0.814,0.8143,6.40,2.40
2009.10.12 05:59:20.559,0.814,0.81435,6.40,10.70
2009.10.12 05:59:20.788,0.814,0.81435,7.20,7.20
2009.10.12 05:59:21.018,0.814,0.81435,7.20,4.00
2009.10.12 05:59:21.538,0.814,0.81435,8.00,4.00
2009.10.12 05:59:21.778,0.814,0.8144,8.00,8.00
2009.10.12 05:59:22.068,0.81405,0.8144,8.00,4.00
2009.10.12 05:59:22.308,0.8141,0.8144,2.40,3.20
2009.10.12 05:59:22.758,0.8141,0.8144,2.40,4.00
2009.10.12 05:59:27.537,0.8141,0.8144,2.50,1.60
2009.10.12 05:59:27.767,0.81415,0.8144,2.40,1.00
2009.10.12 05:59:27.996,0.81415,0.81445,2.40,8.00
2009.10.12 05:59:33.045,0.81415,0.81445,2.40,8.80
2009.10.12 05:59:34.275,0.81415,0.81445,1.60,8.80
2009.10.12 05:59:35.475,0.81415,0.81445,2.40,8.80
2009.10.12 05:59:50.101,0.8141,0.81445,8.00,8.80
2009.10.12 05:59:52.950,0.8141,0.81445,8.00,8.80
2009.10.12 05:59:55.450,0.8141,0.8144,8.80,2.40
2009.10.12 05:59:55.790,0.8141,0.8144,12.00,2.40
2009.10.12 05:59:56.140,0.8142,0.81445,1.60,4.00
2009.10.12 05:59:56.490,0.81415,0.8144,4.00,2.40
2009.10.12 05:59:56.720,0.8141,0.8144,8.80,2.40
