2016.02.29 06:00:00.226,0.80584,0.80592,1.00,1.00
2016.02.29 06:00:00.481,0.80582,0.80598,1.95,1.10
2016.02.29 06:00:00.583,0.80584,0.80599,1.00,1.20
2016.02.29 06:00:00.888,0.80581,0.80595,1.50,1.37
2016.02.29 06:00:01.040,0.80581,0.80596,1.00,1.07
2016.02.29 06:00:01.193,0.80583,0.80596,1.00,1.57
2016.02.29 06:00:01.549,0.80582,0.80595,1.00,1.20
2016.02.29 06:00:01.956,0.8058,0.80594,1.00,1.95
2016.02.29 06:00:02.173,0.80577,0.8059,1.00,1.37
2016.02.29 06:00:02.233,0.80575,0.80589,1.50,1.12
2016.02.29 06:00:03.098,0.80574,0.80589,1.00,3.00
2016.02.29 06:00:03.616,0.80574,0.80587,1.50,1.07
2016.02.29 06:00:04.023,0.80577,0.80587,1.00,1.57
2016.02.29 06:00:04.125,0.80577,0.8059,1.00,1.95
2016.02.29 06:00:04.177,0.80578,0.8059,1.00,1.27
2016.02.29 06:00:04.702,0.80578,0.80592,1.00,1.47
2016.02.29 06:00:05.184,0.80579,0.80591,1.12,1.37
2016.02.29 06:00:05.235,0.80579,0.80594,1.57,1.12
2016.02.29 06:00:05.541,0.80583,0.80594,1.00,1.12
2016.02.29 06:00:05.645,0.80583,0.80596,1.00,1.20
2016.02.29 06:00:05.696,0.80586,0.80596,1.00,1.10
2016.02.29 06:00:05.849,0.80587,0.80598,1.00,1.00
2016.02.29 06:00:05.951,0.80591,0.806,1.00,1.57
2016.02.29 06:00:06.090,0.80591,0.80602,1.00,1.00
2016.02.29 06:00:06.141,0.80592,0.80604,1.00,1.50
2016.02.29 06:00:06.649,0.80593,0.80603,1.00,1.10
2016.02.29 06:00:06.903,0.80591,0.80604,1.50,1.50
2016.02.29 06:00:07.142,0.80589,0.80603,1.00,2.25
2016.02.29 06:00:07.248,0.80588,0.80601,1.00,1.87
2016.02.29 06:00:07.755,0.8059,0.80599,1.00,1.57
2016.02.29 06:00:08.109,0.80591,0.806,1.00,1.20
2016.02.29 06:00:08.659,0.80591,0.80601,1.00,1.10
2016.02.29 06:00:09.216,0.80591,0.80602,1.00,1.85
2016.02.29 06:00:09.521,0.80589,0.806,1.00,1.12
2016.02.29 06:00:09.622,0.80587,0.806,1.00,1.50
2016.02.29 06:00:09.673,0.80587,0.806,1.00,3.37
2016.02.29 06:00:09.807,0.80584,0.80597,1.00,1.12
2016.02.29 06:00:10.010,0.80583,0.80596,1.00,1.95
2016.02.29 06:00:10.111,0.8058,0.80594,1.00,2.32
2016.02.29 06:00:10.619,0.80581,0.80593,1.00,1.50
2016.02.29 06:00:10.923,0.80581,0.80594,1.00,1.10
2016.02.29 06:00:11.435,0.80582,0.80593,1.00,1.00
2016.02.29 06:00:11.538,0.80582,0.80595,1.50,1.20
2016.02.29 06:00:11.589,0.80584,0.80595,1.00,1.20
2016.02.29 06:00:12.373,0.80584,0.80594,1.00,1.00
2016.02.29 06:00:12.424,0.80582,0.80594,1.00,1.12
2016.02.29 06:00:12.779,0.8058,0.80593,1.50,1.10
2016.02.29 06:00:13.611,0.8058,0.80592,1.50,1.00
2016.02.29 06:00:14.544,0.8058,0.80594,1.50,1.12
2016.02.29 06:00:14.595,0.80582,0.80594,1.50,1.12
2016.02.29 06:00:14.646,0.80583,0.80595,1.00,1.65
2016.02.29 06:00:15.170,0.80583,0.80594,1.00,1.10
2016.02.29 06:00:15.272,0.80586,0.80594,1.00,1.10
2016.02.29 06:00:15.525,0.80584,0.80595,1.00,1.50
2016.02.29 06:00:15.678,0.80583,0.80592,1.00,1.00
2016.02.29 06:00:15.780,0.80583,0.80594,1.00,1.10
2016.02.29 06:00:16.286,0.80582,0.80595,1.00,1.12
2016.02.29 06:00:17.104,0.80584,0.80594,1.00,1.10
2016.02.29 06:00:17.256,0.80584,0.80597,1.00,2.62
2016.02.29 06:00:17.459,0.80582,0.80592,1.00,1.00
2016.02.29 06:00:17.560,0.8058,0.80592,1.00,1.00
2016.02.29 06:00:18.071,0.8058,0.80593,1.00,1.10
2016.02.29 06:00:18.376,0.80582,0.80595,1.00,1.87
2016.02.29 06:00:18.883,0.80585,0.80597,1.00,1.87
2016.02.29 06:00:19.035,0.80585,0.80597,1.00,1.50
2016.02.29 06:00:19.441,0.80586,0.80598,1.00,1.10
2016.02.29 06:00:19.972,0.80586,0.80599,1.50,1.50
2016.02.29 06:00:20.562,0.80586,0.806,2.25,1.20
2016.02.29 06:00:20.663,0.80588,0.80601,1.00,1.12
2016.02.29 06:00:21.139,0.80592,0.806,1.00,1.00
2016.02.29 06:00:21.393,0.80592,0.80603,1.00,1.10
2016.02.29 06:00:21.647,0.80592,0.80601,1.00,1.00
2016.02.29 06:00:22.175,0.80592,0.806,1.00,1.00
2016.02.29 06:00:22.277,0.80592,0.80602,1.00,1.00
2016.02.29 06:00:22.783,0.80592,0.80603,1.00,1.20
2016.02.29 06:00:23.087,0.80592,0.80605,1.50,1.20
2016.02.29 06:00:23.391,0.80596,0.80604,1.00,1.00
2016.02.29 06:00:23.644,0.80593,0.80604,1.00,1.00
2016.02.29 06:00:24.155,0.80593,0.80605,1.00,1.10
2016.02.29 06:00:24.649,0.80592,0.80603,1.00,1.12
2016.02.29 06:00:25.155,0.80591,0.80602,1.00,1.10
2016.02.29 06:00:25.680,0.80591,0.80604,1.00,1.12
2016.02.29 06:00:26.213,0.80592,0.80604,1.00,1.12
2016.02.29 06:00:26.568,0.80592,0.80601,1.00,1.00
2016.02.29 06:00:26.771,0.80592,0.80603,1.00,1.10
2016.02.29 06:00:26.923,0.8059,0.80602,1.00,1.10
2016.02.29 06:00:27.328,0.80593,0.80603,1.00,1.12
2016.02.29 06:00:27.379,0.80593,0.80604,1.50,1.57
2016.02.29 06:00:27.481,0.80593,0.80606,1.50,1.00
2016.02.29 06:00:27.532,0.80595,0.80606,1.00,1.00
2016.02.29 06:00:27.664,0.80596,0.80608,1.00,1.00
2016.02.29 06:00:27.817,0.80601,0.80612,1.00,1.12
2016.02.29 06:00:27.969,0.80601,0.80614,1.50,1.87
2016.02.29 06:00:28.476,0.80602,0.80614,1.00,1.00
2016.02.29 06:00:29.060,0.80602,0.80615,1.00,1.20
2016.02.29 06:00:29.364,0.80603,0.80613,1.00,1.10
2016.02.29 06:00:29.912,0.80602,0.80613,1.00,1.10
2016.02.29 06:00:30.418,0.80602,0.80613,1.00,1.57
2016.02.29 06:00:31.820,0.80602,0.80614,1.00,1.65
2016.02.29 06:00:32.329,0.80602,0.80614,1.50,1.00
2016.02.29 06:00:32.834,0.80602,0.80616,1.87,3.07
2016.02.29 06:00:33.175,0.80605,0.80615,1.00,1.10
2016.02.29 06:00:33.924,0.80605,0.80617,1.00,1.50
2016.02.29 06:00:34.500,0.80605,0.80616,1.00,1.00
2016.02.29 06:00:35.006,0.80605,0.80615,1.00,1.00
2016.02.29 06:00:35.608,0.80605,0.80616,1.00,1.00
2016.02.29 06:00:35.723,0.80608,0.80615,1.00,1.00
2016.02.29 06:00:35.775,0.80608,0.80619,1.00,1.95
2016.02.29 06:00:35.927,0.8061,0.8062,1.00,1.57
2016.02.29 06:00:36.181,0.80612,0.80623,1.00,1.75
2016.02.29 06:00:36.333,0.80612,0.80624,1.00,1.50
2016.02.29 06:00:36.755,0.80614,0.80624,1.00,1.87
2016.02.29 06:00:37.528,0.80614,0.80625,1.50,1.12
2016.02.29 06:00:37.933,0.80614,0.80625,1.00,1.87
2016.02.29 06:00:38.037,0.80612,0.80621,1.12,1.00
2016.02.29 06:00:38.493,0.8061,0.80619,1.00,1.00
2016.02.29 06:00:39.046,0.80609,0.8062,1.12,1.37
2016.02.29 06:00:39.604,0.8061,0.80622,1.00,3.00
2016.02.29 06:00:39.655,0.80611,0.80622,1.00,1.47
2016.02.29 06:00:39.859,0.80612,0.80622,1.37,1.00
2016.02.29 06:00:39.910,0.80614,0.80625,1.00,1.95
2016.02.29 06:00:39.961,0.80614,0.80625,1.50,1.57
2016.02.29 06:00:40.114,0.80616,0.80628,1.75,1.10
2016.02.29 06:00:40.215,0.80616,0.80628,1.50,1.10
2016.02.29 06:00:40.672,0.80615,0.80627,1.37,2.62
2016.02.29 06:00:41.010,0.80615,0.80623,1.00,1.00
2016.02.29 06:00:41.263,0.80613,0.80624,1.00,2.25
2016.02.29 06:00:41.538,0.8061,0.8062,1.12,1.00
2016.02.29 06:00:41.690,0.80609,0.80618,1.00,1.00
2016.02.29 06:00:41.791,0.80607,0.80618,1.12,1.00
2016.02.29 06:00:42.298,0.80607,0.80619,1.00,1.00
2016.02.29 06:00:43.276,0.80607,0.80618,1.00,1.00
2016.02.29 06:00:44.982,0.80606,0.80618,1.12,2.25
2016.02.29 06:00:45.033,0.80606,0.80616,1.00,1.00
2016.02.29 06:00:45.084,0.80604,0.80615,3.00,1.12
2016.02.29 06:00:46.649,0.80603,0.80615,1.87,1.00
2016.02.29 06:00:46.700,0.80603,0.80613,1.50,1.00
2016.02.29 06:00:46.852,0.80601,0.80616,2.70,2.25
2016.02.29 06:00:46.903,0.80603,0.80614,1.00,1.75
2016.02.29 06:00:47.055,0.80603,0.80614,1.00,1.50
2016.02.29 06:00:47.359,0.80601,0.80613,3.45,1.50
2016.02.29 06:00:47.897,0.80601,0.80614,2.70,2.25
2016.02.29 06:00:48.409,0.80602,0.80614,1.20,1.75
2016.02.29 06:00:49.059,0.80603,0.80615,1.00,1.75
2016.02.29 06:00:49.563,0.80602,0.80615,1.10,1.75
2016.02.29 06:00:49.899,0.80599,0.80613,2.62,1.75
2016.02.29 06:00:50.204,0.80602,0.80611,1.00,1.00
2016.02.29 06:00:50.707,0.80602,0.80614,1.00,1.85
2016.02.29 06:00:50.809,0.80602,0.80614,1.00,1.20
2016.02.29 06:00:51.346,0.80603,0.80614,1.00,1.12
2016.02.29 06:00:52.210,0.80603,0.80613,1.00,1.00
2016.02.29 06:00:52.718,0.80602,0.80614,1.00,1.12
2016.02.29 06:00:53.245,0.80602,0.80613,1.00,1.00
2016.02.29 06:00:53.769,0.80602,0.80615,1.00,3.15
2016.02.29 06:00:54.310,0.80603,0.80615,1.50,1.57
2016.02.29 06:00:54.362,0.80606,0.80615,1.00,1.57
2016.02.29 06:00:54.666,0.80606,0.80619,1.50,3.00
2016.02.29 06:00:55.021,0.80608,0.80619,1.00,1.57
2016.02.29 06:00:56.173,0.80607,0.80618,1.00,1.57
2016.02.29 06:00:56.688,0.80607,0.80619,1.00,2.62
2016.02.29 06:00:57.093,0.80608,0.8062,1.00,1.12
2016.02.29 06:00:57.617,0.80608,0.80619,1.87,1.00
2016.02.29 06:00:58.073,0.8061,0.80622,1.50,1.95
2016.02.29 06:00:58.124,0.80613,0.80623,1.00,1.95
2016.02.29 06:00:58.377,0.80613,0.80624,1.00,1.12
2016.02.29 06:00:58.682,0.80616,0.80627,1.00,1.50
2016.02.29 06:00:59.189,0.80616,0.80627,1.00,1.00
2016.02.29 06:00:59.526,0.80615,0.80625,1.12,1.00
2016.02.29 06:00:59.679,0.80612,0.80623,1.50,1.00
2016.02.29 06:00:59.730,0.80612,0.80621,1.50,1.00
2016.02.29 06:01:00.237,0.80612,0.80622,1.00,1.00
2016.02.29 06:01:01.211,0.80612,0.80623,1.00,1.00
2016.02.29 06:01:01.847,0.80612,0.80621,1.00,1.00
2016.02.29 06:01:01.999,0.80609,0.80621,2.32,1.50
2016.02.29 06:01:02.741,0.80607,0.80617,1.50,1.50
2016.02.29 06:01:02.996,0.80602,0.80613,1.12,1.57
2016.02.29 06:01:03.250,0.80599,0.80611,1.50,1.10
2016.02.29 06:01:03.308,0.80599,0.80609,1.00,1.00
2016.02.29 06:01:03.613,0.80597,0.8061,1.00,2.32
2016.02.29 06:01:04.185,0.80594,0.80608,3.07,1.50
2016.02.29 06:01:04.488,0.80594,0.80606,1.50,1.57
2016.02.29 06:01:04.894,0.80593,0.80604,1.00,1.75
2016.02.29 06:01:04.945,0.80591,0.80601,1.50,1.50
2016.02.29 06:01:04.996,0.80589,0.80601,1.12,1.95
2016.02.29 06:01:05.532,0.80589,0.806,1.00,1.10
2016.02.29 06:01:06.876,0.80587,0.806,1.50,1.00
2016.02.29 06:01:07.388,0.80588,0.80601,1.50,1.50
2016.02.29 06:01:07.490,0.8059,0.80602,1.00,1.50
2016.02.29 06:01:07.795,0.80591,0.80603,1.00,1.12
2016.02.29 06:01:08.315,0.80592,0.80604,1.00,1.50
2016.02.29 06:01:09.198,0.80593,0.80605,1.00,1.75
2016.02.29 06:01:09.400,0.80596,0.80607,1.00,2.25
2016.02.29 06:01:09.502,0.80596,0.80609,1.00,1.50
2016.02.29 06:01:09.755,0.80598,0.8061,1.00,2.32
2016.02.29 06:01:10.295,0.80598,0.80609,1.87,1.00
2016.02.29 06:01:10.598,0.80598,0.80609,1.00,1.75
2016.02.29 06:01:10.903,0.80597,0.8061,2.70,1.50
2016.02.29 06:01:10.953,0.806,0.80611,1.00,1.75
2016.02.29 06:01:14.287,0.806,0.80608,1.00,1.00
2016.02.29 06:01:14.389,0.80597,0.80609,1.50,1.75
2016.02.29 06:01:14.743,0.80597,0.80609,1.12,1.12
2016.02.29 06:01:15.097,0.80597,0.80611,2.62,1.75
2016.02.29 06:01:17.806,0.80599,0.80612,1.10,1.50
2016.02.29 06:01:18.523,0.80599,0.80609,1.10,1.00
2016.02.29 06:01:18.684,0.80597,0.80609,1.95,1.12
2016.02.29 06:01:18.787,0.80597,0.80607,1.50,1.00
2016.02.29 06:01:19.091,0.806,0.80608,1.00,1.00
2016.02.29 06:01:19.672,0.806,0.80609,1.00,1.00
2016.02.29 06:01:20.015,0.806,0.80611,1.00,1.00
2016.02.29 06:01:21.487,0.806,0.8061,1.00,1.00
2016.02.29 06:01:21.996,0.806,0.80611,1.00,1.00
2016.02.29 06:01:22.508,0.806,0.8061,1.00,1.00
2016.02.29 06:01:23.398,0.806,0.80611,1.00,1.00
2016.02.29 06:01:24.009,0.806,0.80612,1.00,1.12
2016.02.29 06:01:24.533,0.806,0.80611,1.00,1.00
2016.02.29 06:01:25.035,0.806,0.80612,1.50,1.00
2016.02.29 06:01:25.578,0.806,0.80613,1.50,1.12
2016.02.29 06:01:26.339,0.806,0.80614,1.12,1.75
2016.02.29 06:01:28.091,0.806,0.8061,1.00,1.00
2016.02.29 06:01:28.904,0.806,0.80611,1.00,1.12
2016.02.29 06:01:29.408,0.806,0.8061,1.00,1.00
2016.02.29 06:01:29.763,0.80601,0.80613,1.00,1.50
2016.02.29 06:01:29.864,0.80603,0.80613,1.00,1.50
2016.02.29 06:01:30.769,0.80602,0.80614,1.10,1.50
2016.02.29 06:01:31.275,0.80602,0.80612,1.00,1.00
2016.02.29 06:01:34.995,0.80602,0.80613,1.00,1.00
2016.02.29 06:01:35.502,0.80602,0.80612,1.00,1.12
2016.02.29 06:01:36.667,0.80602,0.80613,1.00,1.00
2016.02.29 06:01:38.687,0.80604,0.80613,1.00,1.00
2016.02.29 06:01:38.788,0.80604,0.80617,1.00,1.75
2016.02.29 06:01:38.991,0.80603,0.80615,1.12,1.50
2016.02.29 06:01:39.447,0.80604,0.80615,1.00,1.12
2016.02.29 06:01:39.498,0.80604,0.80615,1.00,1.50
2016.02.29 06:01:40.835,0.80602,0.80614,1.10,1.50
2016.02.29 06:01:41.352,0.80602,0.80612,1.10,1.12
2016.02.29 06:01:41.807,0.80601,0.80611,1.00,1.50
2016.02.29 06:01:42.142,0.80598,0.80608,1.00,1.00
2016.02.29 06:01:42.652,0.80598,0.8061,1.00,1.57
2016.02.29 06:01:42.804,0.80598,0.8061,1.00,3.82
2016.02.29 06:01:43.008,0.80596,0.80608,1.50,1.75
2016.02.29 06:01:43.363,0.80594,0.80606,1.00,1.57
2016.02.29 06:01:43.657,0.80594,0.80606,1.00,2.32
2016.02.29 06:01:44.063,0.80591,0.80603,1.50,1.12
2016.02.29 06:01:44.721,0.80593,0.80603,1.00,1.12
2016.02.29 06:01:45.647,0.80592,0.80603,1.00,1.87
2016.02.29 06:01:46.411,0.80592,0.80603,1.00,1.12
2016.02.29 06:01:46.512,0.8059,0.80603,1.00,1.12
2016.02.29 06:01:46.715,0.80589,0.80602,1.00,1.85
2016.02.29 06:01:46.918,0.80587,0.806,1.12,1.50
2016.02.29 06:01:47.424,0.80587,0.806,1.12,1.57
2016.02.29 06:01:47.708,0.80585,0.80599,1.00,3.00
2016.02.29 06:01:48.164,0.80583,0.80597,1.50,2.32
2016.02.29 06:01:48.679,0.80582,0.80595,1.00,1.75
2016.02.29 06:01:49.185,0.80583,0.80596,1.50,1.95
2016.02.29 06:01:50.514,0.80583,0.80595,1.50,2.25
2016.02.29 06:01:50.920,0.80584,0.80595,1.00,1.12
2016.02.29 06:01:51.124,0.80585,0.80597,2.25,1.00
2016.02.29 06:01:53.398,0.80586,0.80597,1.00,1.00
2016.02.29 06:01:53.803,0.80588,0.806,1.00,1.75
2016.02.29 06:01:54.529,0.80588,0.806,1.00,1.50
2016.02.29 06:01:55.040,0.80588,0.80601,2.70,1.50
2016.02.29 06:01:55.344,0.80592,0.80606,1.00,3.07
2016.02.29 06:01:55.396,0.80592,0.80606,1.00,1.75
2016.02.29 06:01:56.135,0.80593,0.80604,1.00,1.00
2016.02.29 06:01:56.439,0.80595,0.80605,1.00,1.50
2016.02.29 06:01:56.540,0.80595,0.80607,1.00,1.50
2016.02.29 06:01:56.895,0.80597,0.80609,1.00,1.75
2016.02.29 06:01:57.445,0.80598,0.8061,1.00,1.75
2016.02.29 06:01:57.952,0.80598,0.80608,1.00,1.37
2016.02.29 06:01:58.256,0.80596,0.80607,1.12,1.12
2016.02.29 06:01:58.359,0.80596,0.80605,1.12,1.00
2016.02.29 06:01:58.537,0.80594,0.80604,1.00,1.00
2016.02.29 06:01:59.051,0.80594,0.80605,1.00,1.12
2016.02.29 06:02:00.009,0.80595,0.80607,1.00,1.75
2016.02.29 06:02:00.442,0.80594,0.80607,1.87,1.50
2016.02.29 06:02:01.699,0.80594,0.80607,1.50,1.50
2016.02.29 06:02:01.903,0.80593,0.80604,1.95,1.00
2016.02.29 06:02:02.415,0.80593,0.80603,1.00,1.00
2016.02.29 06:02:02.938,0.80591,0.80603,2.32,1.00
2016.02.29 06:02:03.293,0.80591,0.80599,1.00,1.00
2016.02.29 06:02:03.972,0.80591,0.80601,1.00,1.00
2016.02.29 06:02:04.314,0.80589,0.806,1.12,1.00
2016.02.29 06:02:04.416,0.80588,0.80599,1.57,1.50
2016.02.29 06:02:05.243,0.80588,0.80599,1.00,1.75
2016.02.29 06:02:05.294,0.80586,0.80599,1.00,1.75
2016.02.29 06:02:05.826,0.80587,0.80598,1.87,1.37
2016.02.29 06:02:08.339,0.80588,0.80597,1.00,1.12
2016.02.29 06:02:08.441,0.80589,0.806,1.50,1.00
2016.02.29 06:02:08.933,0.80588,0.80599,1.12,1.37
2016.02.29 06:02:09.085,0.80586,0.80598,1.50,1.00
2016.02.29 06:02:09.605,0.80586,0.80598,1.00,1.50
2016.02.29 06:02:10.128,0.80588,0.80597,1.00,1.12
2016.02.29 06:02:10.179,0.80586,0.80596,1.12,1.00
2016.02.29 06:02:10.230,0.80583,0.80595,2.32,1.00
2016.02.29 06:02:10.332,0.80582,0.80592,1.00,1.00
2016.02.29 06:02:10.385,0.8058,0.80592,1.50,1.00
2016.02.29 06:02:10.741,0.8058,0.80592,1.00,2.25
2016.02.29 06:02:10.899,0.80578,0.8059,1.00,1.12
2016.02.29 06:02:11.446,0.80577,0.80591,1.95,1.75
2016.02.29 06:02:12.228,0.80577,0.80588,2.32,1.00
2016.02.29 06:02:12.381,0.80579,0.80591,1.00,1.50
2016.02.29 06:02:12.432,0.80582,0.80591,1.00,1.12
2016.02.29 06:02:12.947,0.80582,0.80591,1.00,1.50
2016.02.29 06:02:12.998,0.80579,0.80592,1.87,2.25
2016.02.29 06:02:13.150,0.80576,0.80587,1.00,1.50
2016.02.29 06:02:14.564,0.80574,0.80586,1.10,1.50
2016.02.29 06:02:15.137,0.80572,0.80584,1.37,1.37
2016.02.29 06:02:15.456,0.8057,0.80581,1.00,1.75
2016.02.29 06:02:15.507,0.80568,0.80581,2.25,1.75
2016.02.29 06:02:16.021,0.80569,0.80582,2.62,3.90
2016.02.29 06:02:16.072,0.80569,0.80581,2.25,1.20
2016.02.29 06:02:16.123,0.80569,0.80581,1.12,3.82
2016.02.29 06:02:16.429,0.80568,0.80578,1.00,2.25
2016.02.29 06:02:16.604,0.80565,0.80578,1.00,1.75
2016.02.29 06:02:16.756,0.80564,0.80577,1.00,3.07
2016.02.29 06:02:17.265,0.80563,0.80576,1.00,1.75
2016.02.29 06:02:17.791,0.80562,0.80575,1.20,2.25
2016.02.29 06:02:18.464,0.80563,0.80575,1.00,2.25
2016.02.29 06:02:18.869,0.80563,0.80576,1.00,2.25
2016.02.29 06:02:19.086,0.80563,0.80576,1.00,2.25
2016.02.29 06:02:19.390,0.80566,0.80576,1.12,1.12
2016.02.29 06:02:19.973,0.80566,0.80578,1.37,1.00
2016.02.29 06:02:20.479,0.80569,0.8058,1.00,1.75
2016.02.29 06:02:20.631,0.80569,0.8058,1.00,1.50
2016.02.29 06:02:21.140,0.80569,0.80581,2.25,1.12
2016.02.29 06:02:21.292,0.80572,0.80582,1.00,1.00
2016.02.29 06:02:21.801,0.80572,0.80585,1.87,2.25
2016.02.29 06:02:25.198,0.80572,0.80585,1.00,1.50
2016.02.29 06:02:25.709,0.80572,0.80584,1.00,2.62
2016.02.29 06:02:26.215,0.80571,0.80583,1.00,2.25
2016.02.29 06:02:26.469,0.80571,0.80583,1.00,1.50
2016.02.29 06:02:27.027,0.80571,0.80584,1.95,2.25
2016.02.29 06:02:27.658,0.80571,0.80584,1.20,1.75
2016.02.29 06:02:28.012,0.8057,0.80583,1.50,2.25
2016.02.29 06:02:28.513,0.8057,0.80583,1.12,2.25
2016.02.29 06:02:28.766,0.80568,0.8058,2.62,1.00
2016.02.29 06:02:29.301,0.80568,0.80579,1.00,1.12
2016.02.29 06:02:30.157,0.80566,0.80579,3.00,1.12
2016.02.29 06:02:30.208,0.80566,0.80579,3.00,1.37
2016.02.29 06:02:30.783,0.80567,0.8058,1.20,1.75
2016.02.29 06:02:32.527,0.80566,0.8058,2.70,3.00
2016.02.29 06:02:32.730,0.80563,0.80575,1.57,1.37
2016.02.29 06:02:33.238,0.80563,0.80577,1.20,1.75
2016.02.29 06:02:33.744,0.80564,0.80578,1.50,4.50
2016.02.29 06:02:34.415,0.80565,0.80578,1.95,1.75
2016.02.29 06:02:34.466,0.80565,0.80578,2.62,1.75
2016.02.29 06:02:36.303,0.80566,0.80577,1.12,1.00
2016.02.29 06:02:36.810,0.80566,0.80578,1.12,1.00
2016.02.29 06:02:37.114,0.80565,0.8058,1.95,4.87
2016.02.29 06:02:37.418,0.80564,0.80574,3.00,1.00
2016.02.29 06:02:37.678,0.80562,0.80574,1.47,1.50
2016.02.29 06:02:37.730,0.80561,0.80574,3.00,1.57
2016.02.29 06:02:38.036,0.80561,0.80569,1.00,1.00
2016.02.29 06:02:38.189,0.80559,0.80569,1.00,1.00
2016.02.29 06:02:38.393,0.80559,0.80571,1.10,1.00
2016.02.29 06:02:38.444,0.80562,0.80571,1.00,1.00
2016.02.29 06:02:42.708,0.80562,0.80574,1.00,1.75
2016.02.29 06:02:43.013,0.80564,0.80576,1.00,1.87
2016.02.29 06:02:43.515,0.80566,0.80576,1.00,1.12
2016.02.29 06:02:43.836,0.8057,0.8058,1.00,2.25
2016.02.29 06:02:45.696,0.8057,0.80579,1.00,1.00
2016.02.29 06:02:46.577,0.8057,0.8058,1.00,2.25
2016.02.29 06:02:47.830,0.8057,0.8058,1.00,1.37
2016.02.29 06:02:48.453,0.80566,0.80576,1.75,1.00
2016.02.29 06:02:48.605,0.80564,0.80575,1.37,1.87
2016.02.29 06:02:48.757,0.80564,0.80573,1.00,1.37
2016.02.29 06:02:48.859,0.80564,0.80575,1.12,1.87
2016.02.29 06:02:49.240,0.80564,0.80576,1.50,1.50
2016.02.29 06:02:50.102,0.80564,0.80575,1.57,1.00
2016.02.29 06:02:50.709,0.80565,0.80577,1.00,1.75
2016.02.29 06:02:51.883,0.80566,0.80577,1.00,1.75
2016.02.29 06:02:51.984,0.80566,0.80578,1.00,1.50
2016.02.29 06:02:52.136,0.80567,0.80579,1.10,1.12
2016.02.29 06:02:52.684,0.80568,0.80579,1.50,1.87
2016.02.29 06:02:53.191,0.80568,0.80581,1.95,1.50
2016.02.29 06:02:53.343,0.80566,0.80579,2.02,1.37
2016.02.29 06:02:53.748,0.80565,0.80577,1.12,1.50
2016.02.29 06:02:53.950,0.80565,0.80577,1.00,1.50
2016.02.29 06:02:54.457,0.80566,0.80578,1.00,1.50
2016.02.29 06:02:55.082,0.80566,0.80575,1.00,1.00
2016.02.29 06:02:55.133,0.80564,0.80575,1.00,1.37
2016.02.29 06:02:55.234,0.80561,0.80572,1.20,1.37
2016.02.29 06:02:55.437,0.80561,0.80573,1.57,1.50
2016.02.29 06:02:56.538,0.80563,0.80574,1.00,1.00
2016.02.29 06:02:57.901,0.80563,0.80573,1.00,1.00
2016.02.29 06:02:58.054,0.80563,0.80575,1.12,1.00
2016.02.29 06:02:58.565,0.80564,0.80575,1.00,1.00
2016.02.29 06:02:58.717,0.80564,0.80573,1.00,1.00
2016.02.29 06:02:58.907,0.80564,0.80575,1.00,1.00
2016.02.29 06:02:59.413,0.80565,0.80576,1.12,2.25
2016.02.29 06:02:59.818,0.80565,0.80573,1.00,1.00
2016.02.29 06:03:00.390,0.80565,0.80574,1.00,1.00
2016.02.29 06:03:00.852,0.80565,0.80576,1.00,1.27
2016.02.29 06:03:01.157,0.80569,0.80577,1.00,1.00
2016.02.29 06:03:01.309,0.80565,0.80578,1.87,1.00
2016.02.29 06:03:01.360,0.80565,0.80578,1.87,1.87
2016.02.29 06:03:01.664,0.80565,0.80574,1.00,1.00
2016.02.29 06:03:01.817,0.80562,0.80574,1.57,1.00
2016.02.29 06:03:01.918,0.80562,0.80571,1.57,1.00
2016.02.29 06:03:02.442,0.80562,0.8057,1.12,1.00
2016.02.29 06:03:02.948,0.80561,0.80571,1.50,1.00
2016.02.29 06:03:03.314,0.80561,0.80569,1.50,1.00
2016.02.29 06:03:04.420,0.80561,0.80571,1.00,1.00
2016.02.29 06:03:04.935,0.80561,0.80571,1.37,1.00
2016.02.29 06:03:05.717,0.80561,0.8057,1.37,1.00
2016.02.29 06:03:06.229,0.80561,0.80571,1.37,1.00
2016.02.29 06:03:06.802,0.80559,0.80569,1.75,1.00
2016.02.29 06:03:06.853,0.8056,0.80569,1.00,1.00
2016.02.29 06:03:06.955,0.80557,0.80568,1.50,1.00
2016.02.29 06:03:07.005,0.80557,0.80564,1.50,1.00
2016.02.29 06:03:07.534,0.80557,0.80565,1.00,1.00
2016.02.29 06:03:08.049,0.80557,0.80566,1.12,1.00
2016.02.29 06:03:09.314,0.80557,0.80567,1.12,1.50
2016.02.29 06:03:09.758,0.80555,0.80567,1.20,1.12
2016.02.29 06:03:09.809,0.80554,0.80564,1.45,1.00
2016.02.29 06:03:10.113,0.80552,0.80562,1.00,1.87
2016.02.29 06:03:10.301,0.80552,0.80563,1.00,1.50
2016.02.29 06:03:10.605,0.80552,0.80562,1.00,1.37
2016.02.29 06:03:11.574,0.80552,0.80563,1.00,1.00
2016.02.29 06:03:12.547,0.80552,0.80561,1.00,1.00
2016.02.29 06:03:12.598,0.8055,0.80561,1.00,1.00
2016.02.29 06:03:16.085,0.8055,0.80562,1.00,1.50
2016.02.29 06:03:16.440,0.80552,0.80563,1.00,1.00
2016.02.29 06:03:16.949,0.80553,0.80564,1.00,1.50
2016.02.29 06:03:18.041,0.80553,0.80565,1.00,1.50
2016.02.29 06:03:18.579,0.80554,0.80566,1.00,1.50
2016.02.29 06:03:18.882,0.80554,0.80564,1.00,1.00
2016.02.29 06:03:19.389,0.80555,0.80564,1.00,1.00
2016.02.29 06:03:19.440,0.80555,0.80566,1.00,1.50
2016.02.29 06:03:19.943,0.80555,0.80565,1.00,1.00
2016.02.29 06:03:20.309,0.80553,0.80566,1.00,1.50
2016.02.29 06:03:20.815,0.80552,0.80564,1.00,2.32
2016.02.29 06:03:21.321,0.80552,0.80562,1.00,2.70
2016.02.29 06:03:22.558,0.80549,0.80561,1.00,2.32
2016.02.29 06:03:22.609,0.80549,0.80558,1.00,1.50
2016.02.29 06:03:22.913,0.80546,0.80555,1.00,1.50
2016.02.29 06:03:23.221,0.80546,0.80552,1.00,1.12
2016.02.29 06:03:23.757,0.80546,0.80554,1.00,1.12
2016.02.29 06:03:24.884,0.80546,0.80554,1.00,1.12
2016.02.29 06:03:25.411,0.80546,0.80556,1.00,1.82
2016.02.29 06:03:25.714,0.80546,0.80556,1.00,4.95
2016.02.29 06:03:26.696,0.80546,0.80557,1.00,1.85
2016.02.29 06:03:26.747,0.80549,0.80558,1.00,2.62
2016.02.29 06:03:26.849,0.80549,0.80557,1.00,1.10
2016.02.29 06:03:27.304,0.80549,0.80557,1.00,1.57
2016.02.29 06:03:27.821,0.80549,0.80556,1.00,1.47
2016.02.29 06:03:28.826,0.80549,0.80556,1.00,1.12
2016.02.29 06:03:29.523,0.80549,0.80556,1.00,1.37
2016.02.29 06:03:29.726,0.80547,0.80556,1.00,2.25
2016.02.29 06:03:35.202,0.80547,0.80555,1.00,1.50
2016.02.29 06:03:36.474,0.80547,0.80555,1.00,1.20
2016.02.29 06:03:37.006,0.80548,0.80556,1.00,1.50
2016.02.29 06:03:37.360,0.80548,0.80559,1.00,2.70
2016.02.29 06:03:38.817,0.80548,0.80559,1.00,1.50
2016.02.29 06:03:38.868,0.8055,0.80558,1.00,1.10
2016.02.29 06:03:38.970,0.8055,0.80561,1.00,1.37
2016.02.29 06:03:39.173,0.8055,0.80562,1.00,1.00
2016.02.29 06:03:39.632,0.80552,0.80564,1.00,1.87
2016.02.29 06:03:40.530,0.80552,0.80565,1.12,1.45
2016.02.29 06:03:41.646,0.80552,0.80564,1.00,1.07
2016.02.29 06:03:42.644,0.80552,0.80565,1.37,1.87
2016.02.29 06:03:43.207,0.80552,0.80563,1.37,1.95
2016.02.29 06:03:43.754,0.80552,0.80563,1.00,1.20
2016.02.29 06:03:44.110,0.80552,0.8056,1.00,1.00
2016.02.29 06:03:44.674,0.80552,0.80561,1.00,1.10
2016.02.29 06:03:45.186,0.80552,0.80562,1.12,1.10
2016.02.29 06:03:45.732,0.80552,0.80561,1.12,1.00
2016.02.29 06:03:46.492,0.80552,0.80562,1.12,1.10
2016.02.29 06:03:47.723,0.80552,0.80564,1.37,1.95
2016.02.29 06:03:48.029,0.80554,0.80567,1.50,1.62
2016.02.29 06:03:48.333,0.80558,0.80568,1.00,1.27
2016.02.29 06:03:48.434,0.80556,0.80569,1.12,2.10
2016.02.29 06:03:48.712,0.80556,0.8057,1.50,3.82
2016.02.29 06:03:48.814,0.80559,0.8057,1.00,2.70
2016.02.29 06:03:49.566,0.80559,0.80571,1.50,2.32
2016.02.29 06:03:50.067,0.80562,0.80573,1.12,1.12
2016.02.29 06:03:50.269,0.80562,0.80572,1.75,1.10
2016.02.29 06:03:50.371,0.80562,0.80572,1.00,1.10
2016.02.29 06:03:51.976,0.80559,0.80573,1.37,1.95
2016.02.29 06:03:52.128,0.80559,0.8057,1.12,1.00
2016.02.29 06:03:52.432,0.80552,0.80562,1.00,1.00
2016.02.29 06:03:52.899,0.8055,0.8056,1.12,1.00
2016.02.29 06:03:53.429,0.8055,0.80559,1.00,1.12
2016.02.29 06:03:57.980,0.8055,0.80559,1.00,1.57
2016.02.29 06:03:58.487,0.8055,0.80561,1.00,1.95
2016.02.29 06:04:00.268,0.8055,0.80562,1.00,2.62
2016.02.29 06:04:01.267,0.8055,0.8056,1.00,1.37
2016.02.29 06:04:01.571,0.80547,0.80555,1.00,1.00
2016.02.29 06:04:02.077,0.80547,0.80557,1.00,1.37
2016.02.29 06:04:02.989,0.80547,0.80558,1.00,1.12
2016.02.29 06:04:04.095,0.80549,0.80558,1.10,1.12
2016.02.29 06:04:04.400,0.8056,0.80571,2.70,1.37
2016.02.29 06:04:04.451,0.80562,0.80573,1.00,1.50
2016.02.29 06:04:04.876,0.80563,0.80575,1.00,1.12
2016.02.29 06:04:05.029,0.8056,0.80573,1.37,1.50
2016.02.29 06:04:05.131,0.80558,0.80573,1.37,3.07
2016.02.29 06:04:05.182,0.80558,0.80572,1.37,1.20
2016.02.29 06:04:05.790,0.80558,0.80569,1.00,1.27
2016.02.29 06:04:06.329,0.80558,0.80568,1.00,1.10
2016.02.29 06:04:06.482,0.80556,0.80568,1.12,1.20
2016.02.29 06:04:07.576,0.80556,0.80569,1.12,1.95
2016.02.29 06:04:08.094,0.80556,0.80568,1.00,1.95
2016.02.29 06:04:08.399,0.80557,0.80569,1.12,2.02
2016.02.29 06:04:08.552,0.80559,0.80571,1.00,2.32
2016.02.29 06:04:08.704,0.80559,0.80571,1.00,1.95
2016.02.29 06:04:10.537,0.80559,0.8057,1.00,1.00
2016.02.29 06:04:11.138,0.80559,0.80571,1.00,1.12
2016.02.29 06:04:12.469,0.80559,0.80571,1.00,2.62
2016.02.29 06:04:12.621,0.80556,0.80568,1.37,1.00
2016.02.29 06:04:12.672,0.80556,0.80567,1.12,1.07
2016.02.29 06:04:12.824,0.80553,0.80566,1.12,1.95
2016.02.29 06:04:12.875,0.80553,0.80565,1.12,1.57
2016.02.29 06:04:13.179,0.80552,0.80559,1.00,1.10
2016.02.29 06:04:13.619,0.80552,0.80557,1.00,1.00
2016.02.29 06:04:13.670,0.80549,0.80557,1.00,1.00
2016.02.29 06:04:16.550,0.80549,0.80558,1.00,1.12
2016.02.29 06:04:16.753,0.80551,0.80558,1.00,1.00
2016.02.29 06:04:16.856,0.80551,0.8056,1.00,1.00
2016.02.29 06:04:16.957,0.80551,0.80562,1.00,1.12
2016.02.29 06:04:17.464,0.80552,0.80564,1.00,1.85
2016.02.29 06:04:17.515,0.80552,0.80564,1.00,1.20
2016.02.29 06:04:17.617,0.80552,0.80564,1.00,1.85
2016.02.29 06:04:17.921,0.80552,0.80562,1.00,1.87
2016.02.29 06:04:19.494,0.80548,0.80559,1.50,1.50
2016.02.29 06:04:19.596,0.80548,0.80557,1.00,1.37
2016.02.29 06:04:23.698,0.80548,0.80553,1.00,1.00
2016.02.29 06:04:25.370,0.80548,0.80552,1.00,1.00
2016.02.29 06:04:26.009,0.80548,0.80553,1.00,1.00
2016.02.29 06:04:27.632,0.80548,0.80553,1.00,1.37
2016.02.29 06:04:28.202,0.80547,0.80551,1.00,1.00
2016.02.29 06:04:28.752,0.80548,0.80552,1.00,1.00
2016.02.29 06:04:29.562,0.80547,0.80551,1.00,1.00
2016.02.29 06:04:29.815,0.80544,0.80551,1.00,1.50
2016.02.29 06:04:29.957,0.8054,0.80549,1.00,1.50
2016.02.29 06:04:30.211,0.8054,0.80549,1.00,1.50
2016.02.29 06:04:30.515,0.80538,0.80548,1.00,1.87
2016.02.29 06:04:31.022,0.80537,0.80548,1.12,1.00
2016.02.29 06:04:31.125,0.80539,0.80548,1.00,1.00
2016.02.29 06:04:31.328,0.80539,0.8055,1.12,1.50
2016.02.29 06:04:31.659,0.80541,0.80551,1.00,1.50
2016.02.29 06:04:32.196,0.80541,0.8055,1.00,1.00
2016.02.29 06:04:32.702,0.80541,0.80551,1.00,1.00
2016.02.29 06:04:33.518,0.80541,0.8055,1.00,1.00
2016.02.29 06:04:34.024,0.80541,0.80552,1.12,1.50
2016.02.29 06:04:34.328,0.80546,0.80556,1.87,1.00
2016.02.29 06:04:34.429,0.80548,0.8056,1.00,2.70
2016.02.29 06:04:34.952,0.80548,0.8056,1.00,1.50
2016.02.29 06:04:35.614,0.80548,0.80558,1.00,1.00
2016.02.29 06:04:35.817,0.80548,0.8056,1.12,1.20
2016.02.29 06:04:36.343,0.80549,0.8056,1.50,1.00
2016.02.29 06:04:36.870,0.80549,0.80561,1.50,1.00
2016.02.29 06:04:37.765,0.80549,0.8056,1.00,1.00
2016.02.29 06:04:38.271,0.80549,0.80559,1.00,1.00
2016.02.29 06:04:38.551,0.80552,0.80564,1.00,1.12
2016.02.29 06:04:39.071,0.80552,0.80563,1.00,1.00
2016.02.29 06:04:39.895,0.80552,0.80562,1.00,1.00
2016.02.29 06:04:41.379,0.80555,0.80562,1.00,1.00
2016.02.29 06:04:41.430,0.80555,0.80565,1.00,1.00
2016.02.29 06:04:41.902,0.80556,0.80567,1.12,1.00
2016.02.29 06:04:42.536,0.80556,0.80568,1.12,2.25
2016.02.29 06:04:43.214,0.80556,0.80567,1.12,1.00
2016.02.29 06:04:44.795,0.80556,0.80567,1.87,1.00
2016.02.29 06:04:44.948,0.80557,0.80569,1.20,2.62
2016.02.29 06:04:45.453,0.80557,0.80568,1.57,1.00
2016.02.29 06:04:45.971,0.80557,0.80569,1.20,1.87
2016.02.29 06:04:46.497,0.80557,0.80569,1.20,1.87
2016.02.29 06:04:46.856,0.80557,0.80569,1.00,1.47
2016.02.29 06:04:47.364,0.80554,0.80566,1.10,1.50
2016.02.29 06:04:47.465,0.80553,0.80564,1.12,1.00
2016.02.29 06:04:47.809,0.80558,0.80567,1.37,1.57
2016.02.29 06:04:49.474,0.80556,0.80568,1.00,1.95
2016.02.29 06:04:49.576,0.80556,0.80565,1.00,1.00
2016.02.29 06:04:49.779,0.80557,0.80568,1.00,1.87
2016.02.29 06:04:49.830,0.80559,0.80568,1.00,1.37
2016.02.29 06:04:49.881,0.80559,0.80569,1.12,1.00
2016.02.29 06:04:50.412,0.80559,0.80571,1.12,1.37
2016.02.29 06:04:51.568,0.80561,0.80571,1.00,1.95
2016.02.29 06:04:51.670,0.80559,0.80571,1.12,1.95
2016.02.29 06:04:51.872,0.8056,0.80571,1.75,1.00
2016.02.29 06:04:51.974,0.8056,0.80573,1.75,1.57
2016.02.29 06:04:52.503,0.80563,0.80572,1.00,1.12
2016.02.29 06:04:56.630,0.80563,0.80573,1.00,1.00
2016.02.29 06:04:57.217,0.8056,0.80572,1.00,1.27
2016.02.29 06:04:58.020,0.8056,0.80571,1.00,1.00
2016.02.29 06:04:58.071,0.8056,0.80571,1.00,2.25
2016.02.29 06:04:58.586,0.80559,0.8057,1.12,1.12
2016.02.29 06:04:58.777,0.80557,0.80568,1.00,1.00
2016.02.29 06:04:58.980,0.80554,0.80565,1.00,1.10
2016.02.29 06:04:59.285,0.80553,0.80563,1.00,1.00
2016.02.29 06:04:59.639,0.80555,0.80565,1.00,1.07
2016.02.29 06:05:00.146,0.80555,0.80566,1.00,1.12
2016.02.29 06:05:00.500,0.80558,0.80567,1.00,1.95
2016.02.29 06:05:01.008,0.80558,0.80567,1.00,1.20
2016.02.29 06:05:01.624,0.80555,0.80564,1.00,1.10
2016.02.29 06:05:01.783,0.80552,0.8056,1.00,1.12
2016.02.29 06:05:02.087,0.80552,0.80558,1.00,1.10
2016.02.29 06:05:02.296,0.80548,0.80557,1.00,1.87
2016.02.29 06:05:02.753,0.80546,0.80555,1.00,1.07
2016.02.29 06:05:03.076,0.80543,0.80555,1.12,1.10
2016.02.29 06:05:03.233,0.80543,0.80554,1.12,1.87
2016.02.29 06:05:03.638,0.80543,0.80552,1.00,1.12
2016.02.29 06:05:04.499,0.80543,0.80552,1.50,1.12
2016.02.29 06:05:05.588,0.80542,0.80554,1.37,2.62
2016.02.29 06:05:05.841,0.8054,0.8055,1.50,1.00
2016.02.29 06:05:06.183,0.8054,0.80549,1.12,1.57
2016.02.29 06:05:06.707,0.80538,0.80547,1.00,2.70
2016.02.29 06:05:06.808,0.80536,0.80547,1.12,4.27
2016.02.29 06:05:06.859,0.80536,0.80543,1.12,1.00
2016.02.29 06:05:07.112,0.80533,0.80543,1.00,1.50
2016.02.29 06:05:07.315,0.80531,0.80542,1.12,1.20
2016.02.29 06:05:07.739,0.80531,0.8054,1.00,1.00
2016.02.29 06:05:08.145,0.80531,0.80538,1.00,1.00
2016.02.29 06:05:08.347,0.80528,0.80538,1.12,1.50
2016.02.29 06:05:08.651,0.80524,0.80538,2.32,1.87
2016.02.29 06:05:10.239,0.80524,0.80537,1.87,1.07
2016.02.29 06:05:10.814,0.80527,0.80538,1.00,1.12
2016.02.29 06:05:10.866,0.80527,0.80539,1.00,2.70
2016.02.29 06:05:10.917,0.80529,0.80539,1.00,1.57
2016.02.29 06:05:11.019,0.80529,0.80541,1.50,3.07
2016.02.29 06:05:11.548,0.80528,0.80539,1.50,1.12
2016.02.29 06:05:11.966,0.80529,0.80542,1.50,2.32
2016.02.29 06:05:12.472,0.8053,0.80542,1.00,1.57
2016.02.29 06:05:13.470,0.80529,0.80542,3.07,1.10
2016.02.29 06:05:14.433,0.80528,0.8054,1.87,1.12
2016.02.29 06:05:14.737,0.80523,0.80535,3.00,1.10
2016.02.29 06:05:15.041,0.80522,0.80534,5.25,1.45
2016.02.29 06:05:15.555,0.80523,0.80536,1.75,1.50
2016.02.29 06:05:15.606,0.80524,0.80537,1.75,3.07
2016.02.29 06:05:15.876,0.80521,0.80533,3.00,1.00
2016.02.29 06:05:15.927,0.8052,0.80533,1.85,1.50
2016.02.29 06:05:16.231,0.80518,0.80531,3.75,1.00
2016.02.29 06:05:16.358,0.80519,0.8053,1.00,1.00
2016.02.29 06:05:16.612,0.80518,0.80528,1.50,1.37
2016.02.29 06:05:16.916,0.80511,0.80517,1.00,2.17
2016.02.29 06:05:17.069,0.80514,0.80518,1.00,1.10
2016.02.29 06:05:17.171,0.80514,0.80521,1.00,1.95
2016.02.29 06:05:17.222,0.80514,0.8052,1.00,1.47
2016.02.29 06:05:17.579,0.80514,0.80523,1.00,1.07
2016.02.29 06:05:17.713,0.80514,0.80521,1.00,1.12
2016.02.29 06:05:17.916,0.80511,0.80521,1.00,1.12
2016.02.29 06:05:18.436,0.80507,0.8052,1.75,1.07
2016.02.29 06:05:18.740,0.80507,0.8052,1.50,1.45
2016.02.29 06:05:19.486,0.80506,0.8052,2.32,1.45
2016.02.29 06:05:19.941,0.80509,0.80522,1.00,1.95
2016.02.29 06:05:20.042,0.80509,0.80521,1.50,1.00
2016.02.29 06:05:20.093,0.80509,0.80521,2.62,1.00
2016.02.29 06:05:20.397,0.80501,0.80509,1.20,2.25
2016.02.29 06:05:20.534,0.80496,0.80504,1.10,1.00
2016.02.29 06:05:20.585,0.80496,0.80505,1.10,1.75
2016.02.29 06:05:20.738,0.80499,0.80512,2.40,1.75
2016.02.29 06:05:20.890,0.805,0.80511,1.87,1.00
2016.02.29 06:05:21.194,0.80499,0.80515,1.87,1.95
2016.02.29 06:05:21.296,0.80498,0.80511,1.57,1.87
2016.02.29 06:05:21.347,0.80495,0.80508,1.10,1.57
2016.02.29 06:05:21.398,0.80493,0.80508,1.12,3.82
2016.02.29 06:05:21.703,0.80497,0.80507,1.45,1.00
2016.02.29 06:05:22.009,0.80502,0.80512,1.50,1.00
2016.02.29 06:05:22.313,0.805,0.80509,1.57,2.62
2016.02.29 06:05:22.364,0.80501,0.80509,1.37,1.12
2016.02.29 06:05:22.466,0.80505,0.80513,1.37,3.37
2016.02.29 06:05:22.770,0.80504,0.80514,1.37,2.62
2016.02.29 06:05:23.023,0.80504,0.80514,1.47,1.00
2016.02.29 06:05:23.277,0.80507,0.80514,1.37,1.12
2016.02.29 06:05:23.381,0.80505,0.80514,1.37,1.00
2016.02.29 06:05:23.844,0.80505,0.80516,1.37,1.50
2016.02.29 06:05:23.997,0.80504,0.80512,1.50,1.00
2016.02.29 06:05:24.250,0.80494,0.80505,1.87,2.62
2016.02.29 06:05:24.301,0.80493,0.80505,1.75,2.62
2016.02.29 06:05:24.428,0.80491,0.80502,1.57,1.87
2016.02.29 06:05:24.531,0.80489,0.80498,1.95,1.00
2016.02.29 06:05:24.684,0.80489,0.805,1.57,1.00
2016.02.29 06:05:24.888,0.8049,0.80503,2.70,1.00
2016.02.29 06:05:24.990,0.80493,0.80503,1.87,1.12
2016.02.29 06:05:25.193,0.80494,0.80505,1.12,1.50
2016.02.29 06:05:25.294,0.80495,0.80505,1.50,1.00
2016.02.29 06:05:25.599,0.805,0.80508,1.37,2.25
2016.02.29 06:05:25.702,0.80499,0.8051,1.37,1.00
2016.02.29 06:05:25.855,0.80502,0.80511,1.37,1.50
2016.02.29 06:05:26.413,0.80503,0.80513,1.00,1.50
2016.02.29 06:05:26.464,0.80505,0.80513,1.37,1.00
2016.02.29 06:05:28.091,0.80504,0.80511,1.37,1.37
2016.02.29 06:05:28.294,0.80499,0.8051,1.47,1.75
2016.02.29 06:05:28.468,0.80498,0.80507,1.45,1.00
2016.02.29 06:05:28.569,0.80496,0.80507,1.87,1.50
2016.02.29 06:05:28.824,0.80494,0.80506,1.57,1.50
2016.02.29 06:05:29.129,0.8049,0.80502,1.57,1.75
2016.02.29 06:05:29.657,0.80491,0.80503,1.12,1.75
2016.02.29 06:05:29.760,0.80493,0.80505,1.07,1.75
2016.02.29 06:05:30.116,0.80493,0.80505,1.07,1.50
2016.02.29 06:05:30.624,0.80493,0.80502,1.10,1.12
2016.02.29 06:05:31.132,0.80492,0.80504,1.00,3.00
2016.02.29 06:05:31.638,0.80492,0.80506,3.00,1.75
2016.02.29 06:05:32.265,0.80493,0.80506,1.57,1.75
2016.02.29 06:05:32.316,0.80493,0.80505,1.65,1.00
2016.02.29 06:05:34.040,0.80492,0.80505,1.85,1.00
2016.02.29 06:05:34.545,0.80495,0.80506,1.12,1.00
2016.02.29 06:05:35.866,0.80495,0.80508,1.12,2.62
2016.02.29 06:05:36.120,0.80498,0.80508,1.00,1.50
2016.02.29 06:05:36.254,0.805,0.80511,1.00,1.00
2016.02.29 06:05:36.812,0.80498,0.80512,2.70,1.12
2016.02.29 06:05:36.914,0.80499,0.80512,1.10,1.50
2016.02.29 06:05:37.320,0.80497,0.80508,1.87,1.00
2016.02.29 06:05:37.632,0.80496,0.805,1.00,1.50
2016.02.29 06:05:37.939,0.80491,0.80496,1.00,1.50
2016.02.29 06:05:38.396,0.80493,0.80498,1.00,1.00
2016.02.29 06:05:38.599,0.80492,0.80496,1.00,1.00
2016.02.29 06:05:38.989,0.80484,0.80495,1.87,1.00
2016.02.29 06:05:39.295,0.80486,0.80497,1.87,1.50
2016.02.29 06:05:39.396,0.80485,0.80494,1.12,1.00
2016.02.29 06:05:39.902,0.80486,0.80496,1.00,1.50
2016.02.29 06:05:40.256,0.80485,0.80494,1.00,1.00
2016.02.29 06:05:40.450,0.80486,0.80497,1.57,1.00
2016.02.29 06:05:40.501,0.80487,0.805,1.47,1.50
2016.02.29 06:05:40.603,0.80489,0.805,1.57,1.00
2016.02.29 06:05:41.114,0.8049,0.80503,2.70,1.75
2016.02.29 06:05:41.621,0.80491,0.80503,1.50,1.50
2016.02.29 06:05:41.823,0.80493,0.80504,1.00,1.00
2016.02.29 06:05:42.054,0.80492,0.80502,1.37,1.87
2016.02.29 06:05:42.105,0.80489,0.80502,1.87,1.87
2016.02.29 06:05:42.258,0.80492,0.80503,1.00,1.75
2016.02.29 06:05:42.512,0.80497,0.80508,1.00,2.62
2016.02.29 06:05:42.564,0.80497,0.80506,1.00,1.00
2016.02.29 06:05:42.769,0.80501,0.80512,1.12,1.37
2016.02.29 06:05:42.871,0.80502,0.80514,1.00,1.87
2016.02.29 06:05:43.374,0.80504,0.80516,1.00,1.75
2016.02.29 06:05:43.679,0.80492,0.80505,2.70,1.50
2016.02.29 06:05:43.731,0.80492,0.80506,1.87,3.45
2016.02.29 06:05:43.783,0.80492,0.80504,1.00,1.75
2016.02.29 06:05:43.834,0.80492,0.80503,1.00,1.00
2016.02.29 06:05:44.340,0.8049,0.80502,1.57,1.00
2016.02.29 06:05:44.681,0.80491,0.80504,1.00,1.65
2016.02.29 06:05:44.986,0.80493,0.80504,1.00,1.57
2016.02.29 06:05:45.493,0.80493,0.80505,1.12,1.50
2016.02.29 06:05:45.747,0.80493,0.80505,1.12,1.12
2016.02.29 06:05:46.254,0.80494,0.80506,1.47,1.00
2016.02.29 06:05:46.558,0.80498,0.80509,1.12,2.25
2016.02.29 06:05:47.081,0.80498,0.80509,1.50,1.00
2016.02.29 06:05:47.594,0.80499,0.80509,1.00,1.00
2016.02.29 06:05:47.963,0.80499,0.80512,1.37,1.87
2016.02.29 06:05:48.476,0.80498,0.80511,1.95,1.00
2016.02.29 06:05:48.527,0.80502,0.80512,1.00,1.50
2016.02.29 06:05:48.629,0.80498,0.8051,1.12,1.12
2016.02.29 06:05:48.832,0.80496,0.80507,1.87,1.00
2016.02.29 06:05:48.934,0.80496,0.80507,1.50,1.50
2016.02.29 06:05:49.474,0.80495,0.80507,2.62,1.00
2016.02.29 06:05:49.576,0.80499,0.80508,1.00,1.00
2016.02.29 06:05:49.627,0.80499,0.8051,1.00,1.50
2016.02.29 06:05:50.161,0.80497,0.80511,3.37,1.50
2016.02.29 06:05:50.414,0.80502,0.80513,1.00,1.50
2016.02.29 06:05:50.711,0.805,0.8051,1.75,1.00
2016.02.29 06:05:51.212,0.805,0.80511,1.75,1.00
2016.02.29 06:05:51.837,0.80498,0.8051,3.45,1.00
2016.02.29 06:05:52.090,0.80499,0.80511,1.00,1.50
2016.02.29 06:05:52.598,0.80499,0.8051,1.00,1.00
2016.02.29 06:05:54.189,0.80498,0.8051,1.20,1.12
2016.02.29 06:05:54.341,0.805,0.80511,1.00,1.50
2016.02.29 06:05:54.595,0.80498,0.80511,1.27,1.12
2016.02.29 06:05:54.867,0.80499,0.80511,2.32,1.87
2016.02.29 06:05:55.397,0.80499,0.80511,1.57,1.12
2016.02.29 06:05:55.971,0.80498,0.80511,1.57,1.87
2016.02.29 06:05:56.073,0.80497,0.8051,1.00,3.00
2016.02.29 06:05:56.174,0.80494,0.80508,1.12,2.62
2016.02.29 06:05:56.378,0.80493,0.80505,1.00,1.65
2016.02.29 06:05:56.883,0.80492,0.80503,1.00,1.50
2016.02.29 06:05:57.195,0.80489,0.80502,1.20,1.12
2016.02.29 06:05:57.297,0.80489,0.80499,1.00,1.00
2016.02.29 06:05:57.804,0.80488,0.80498,1.10,1.00
2016.02.29 06:05:58.111,0.80485,0.80497,2.25,1.12
2016.02.29 06:05:58.619,0.80485,0.80496,1.87,1.12
2016.02.29 06:06:00.199,0.80484,0.80497,1.20,1.50
2016.02.29 06:06:00.738,0.80484,0.80497,1.57,1.12
2016.02.29 06:06:01.282,0.80485,0.80497,1.07,1.87
2016.02.29 06:06:02.094,0.80487,0.80499,1.10,1.12
2016.02.29 06:06:02.195,0.80487,0.80499,1.65,1.00
2016.02.29 06:06:02.928,0.80486,0.80499,1.50,1.37
2016.02.29 06:06:03.700,0.80486,0.805,2.62,1.87
2016.02.29 06:06:04.004,0.80486,0.80499,1.47,1.37
2016.02.29 06:06:05.716,0.80485,0.805,1.20,1.75
2016.02.29 06:06:06.080,0.80486,0.80499,1.37,1.50
2016.02.29 06:06:06.537,0.80484,0.80497,1.57,1.12
2016.02.29 06:06:06.588,0.80483,0.80496,1.95,1.87
2016.02.29 06:06:06.893,0.80483,0.80494,1.00,1.37
2016.02.29 06:06:06.995,0.80482,0.80494,1.10,1.00
2016.02.29 06:06:07.248,0.80482,0.80492,1.20,1.00
2016.02.29 06:06:07.605,0.80481,0.80494,3.07,1.50
2016.02.29 06:06:07.859,0.80482,0.80492,2.25,1.00
2016.02.29 06:06:08.366,0.80481,0.80492,2.25,1.00
2016.02.29 06:06:08.569,0.80482,0.80494,1.10,1.12
2016.02.29 06:06:08.721,0.80481,0.80494,1.50,1.75
2016.02.29 06:06:09.873,0.8048,0.80491,2.70,1.00
2016.02.29 06:06:10.127,0.8048,0.80491,1.10,1.00
2016.02.29 06:06:10.633,0.8048,0.80492,1.37,2.62
2016.02.29 06:06:11.480,0.80481,0.80492,1.12,1.00
2016.02.29 06:06:11.986,0.80482,0.80494,1.00,1.20
2016.02.29 06:06:12.087,0.80486,0.80494,1.00,1.00
2016.02.29 06:06:12.240,0.80486,0.80498,1.87,1.00
2016.02.29 06:06:12.646,0.80487,0.805,1.57,1.00
2016.02.29 06:06:12.697,0.80486,0.80498,2.70,1.00
2016.02.29 06:06:12.951,0.80484,0.80497,1.12,1.27
2016.02.29 06:06:13.002,0.80485,0.80498,1.07,1.50
2016.02.29 06:06:13.205,0.80485,0.80499,1.20,1.20
2016.02.29 06:06:15.804,0.80487,0.805,3.45,1.87
2016.02.29 06:06:16.109,0.80492,0.80503,1.50,1.00
2016.02.29 06:06:16.515,0.80494,0.80505,1.10,1.00
2016.02.29 06:06:16.616,0.80495,0.80507,1.10,1.00
2016.02.29 06:06:17.142,0.80494,0.80508,1.20,1.50
2016.02.29 06:06:17.659,0.80494,0.80507,1.82,1.00
2016.02.29 06:06:18.217,0.80494,0.80508,1.82,1.00
2016.02.29 06:06:18.765,0.80497,0.80509,1.00,1.50
2016.02.29 06:06:19.055,0.80498,0.80511,1.37,1.00
2016.02.29 06:06:20.324,0.805,0.80511,1.00,1.00
2016.02.29 06:06:20.622,0.80498,0.80511,1.00,1.50
2016.02.29 06:06:22.589,0.80497,0.80509,2.70,1.00
2016.02.29 06:06:23.298,0.80497,0.80508,2.70,1.00
2016.02.29 06:06:23.501,0.80497,0.80506,1.00,1.00
2016.02.29 06:06:23.780,0.80496,0.80508,1.47,1.50
2016.02.29 06:06:24.069,0.80497,0.80508,1.37,1.00
2016.02.29 06:06:24.120,0.80496,0.80509,1.47,1.87
2016.02.29 06:06:24.222,0.80495,0.80506,1.50,1.00
2016.02.29 06:06:24.475,0.80495,0.80506,1.20,1.00
2016.02.29 06:06:24.728,0.80492,0.80504,1.20,1.00
2016.02.29 06:06:25.507,0.80492,0.80505,1.57,1.00
2016.02.29 06:06:25.564,0.80494,0.80506,1.00,1.00
2016.02.29 06:06:25.717,0.80495,0.80508,1.00,1.57
2016.02.29 06:06:25.768,0.80494,0.80508,1.95,1.37
2016.02.29 06:06:26.274,0.80493,0.80507,1.20,1.50
2016.02.29 06:06:26.325,0.80492,0.80503,1.87,1.00
2016.02.29 06:06:26.630,0.80491,0.80501,1.00,1.00
2016.02.29 06:06:27.164,0.80492,0.80501,1.00,1.00
2016.02.29 06:06:27.468,0.80494,0.80503,1.00,1.00
2016.02.29 06:06:27.519,0.80494,0.80505,1.00,1.00
2016.02.29 06:06:28.027,0.80491,0.80504,3.45,1.00
2016.02.29 06:06:28.180,0.80489,0.80504,2.32,1.12
2016.02.29 06:06:28.231,0.80488,0.80502,1.95,1.37
2016.02.29 06:06:28.282,0.80488,0.80502,1.57,1.50
2016.02.29 06:06:28.333,0.80488,0.805,1.75,1.00
2016.02.29 06:06:28.435,0.80488,0.805,1.12,3.00
2016.02.29 06:06:28.540,0.80488,0.80497,1.00,1.75
2016.02.29 06:06:28.643,0.80488,0.80496,1.00,1.12
2016.02.29 06:06:28.796,0.80488,0.80498,1.00,1.12
2016.02.29 06:06:29.252,0.80484,0.80498,1.50,1.12
2016.02.29 06:06:29.765,0.80484,0.80497,1.37,1.00
2016.02.29 06:06:30.220,0.80483,0.80495,1.85,1.00
2016.02.29 06:06:30.577,0.80483,0.80495,1.20,1.00
2016.02.29 06:06:30.629,0.80481,0.80493,1.75,1.00
2016.02.29 06:06:31.135,0.8048,0.80493,1.85,1.00
2016.02.29 06:06:32.202,0.80481,0.80492,1.50,1.00
2016.02.29 06:06:32.455,0.80477,0.80491,1.50,3.00
2016.02.29 06:06:32.506,0.80477,0.80487,1.50,1.00
2016.02.29 06:06:33.012,0.80477,0.80488,1.87,1.00
2016.02.29 06:06:33.225,0.80477,0.8049,1.75,1.00
2016.02.29 06:06:33.732,0.80478,0.80491,1.75,1.50
2016.02.29 06:06:34.237,0.8048,0.80489,1.12,1.00
2016.02.29 06:06:35.011,0.80479,0.8049,1.50,1.00
2016.02.29 06:06:35.112,0.80481,0.80492,1.00,2.25
2016.02.29 06:06:35.618,0.8048,0.80495,1.87,2.25
2016.02.29 06:06:35.871,0.8048,0.80491,1.50,2.25
2016.02.29 06:06:36.533,0.8048,0.80491,2.25,1.12
2016.02.29 06:06:36.736,0.80481,0.80493,1.50,1.50
2016.02.29 06:06:36.787,0.80481,0.80493,1.75,1.50
2016.02.29 06:06:36.889,0.80485,0.80495,1.00,1.00
2016.02.29 06:06:37.420,0.80483,0.80495,1.75,1.00
2016.02.29 06:06:37.937,0.80482,0.80496,3.75,1.00
2016.02.29 06:06:38.447,0.80483,0.80498,3.00,1.87
2016.02.29 06:06:38.549,0.80484,0.80496,1.00,1.12
2016.02.29 06:06:38.651,0.80482,0.80496,3.00,1.50
2016.02.29 06:06:38.955,0.80484,0.80495,1.00,1.00
2016.02.29 06:06:39.360,0.80481,0.80493,1.87,1.00
2016.02.29 06:06:39.600,0.80479,0.80492,1.00,1.95
2016.02.29 06:06:40.056,0.80479,0.80489,1.00,1.00
2016.02.29 06:06:40.359,0.80477,0.8049,3.00,1.50
2016.02.29 06:06:41.179,0.80477,0.8049,2.25,1.00
2016.02.29 06:06:41.637,0.80478,0.80493,1.20,2.25
2016.02.29 06:06:41.789,0.8048,0.80493,3.75,1.00
2016.02.29 06:06:42.304,0.8048,0.80494,5.32,1.00
2016.02.29 06:06:42.681,0.80482,0.80496,3.82,1.00
2016.02.29 06:06:42.985,0.80479,0.80493,1.85,1.50
2016.02.29 06:06:43.390,0.80479,0.80491,3.75,1.00
2016.02.29 06:06:43.644,0.8048,0.80493,1.85,1.00
2016.02.29 06:06:44.171,0.80482,0.80492,1.50,1.00
2016.02.29 06:06:44.590,0.80482,0.80493,1.50,1.50
2016.02.29 06:06:45.615,0.80481,0.80492,3.00,1.00
2016.02.29 06:06:45.981,0.8048,0.80492,1.85,1.00
2016.02.29 06:06:46.082,0.80481,0.80493,1.00,2.62
2016.02.29 06:06:46.731,0.80479,0.8049,1.37,1.00
2016.02.29 06:06:47.242,0.80478,0.80491,1.95,1.00
2016.02.29 06:06:47.680,0.80479,0.80491,1.00,1.12
2016.02.29 06:06:47.781,0.80477,0.80488,2.70,1.00
2016.02.29 06:06:48.085,0.80473,0.80487,1.57,1.50
2016.02.29 06:06:48.186,0.80475,0.80487,1.12,1.50
2016.02.29 06:06:48.288,0.80475,0.80488,2.25,1.87
2016.02.29 06:06:48.440,0.80477,0.8049,1.87,1.00
2016.02.29 06:06:48.542,0.80479,0.80492,1.37,1.00
2016.02.29 06:06:48.593,0.8048,0.80493,2.25,1.87
2016.02.29 06:06:48.695,0.80481,0.80495,1.57,1.00
2016.02.29 06:06:49.102,0.80484,0.80494,1.37,1.00
2016.02.29 06:06:49.603,0.80483,0.80495,1.85,1.00
2016.02.29 06:06:49.910,0.80486,0.80501,3.00,3.15
2016.02.29 06:06:50.214,0.80487,0.805,3.00,1.00
2016.02.29 06:06:50.756,0.80488,0.80501,1.75,1.00
2016.02.29 06:06:51.753,0.80488,0.805,1.75,1.00
2016.02.29 06:06:52.016,0.80483,0.80495,1.12,1.87
2016.02.29 06:06:52.119,0.80481,0.80494,1.37,1.00
2016.02.29 06:06:52.170,0.80481,0.80492,1.37,1.00
2016.02.29 06:06:52.677,0.8048,0.80489,1.75,1.00
2016.02.29 06:06:52.879,0.80477,0.8049,1.85,1.00
2016.02.29 06:06:53.043,0.80477,0.80488,1.85,1.00
2016.02.29 06:06:53.578,0.80477,0.80489,1.85,1.00
2016.02.29 06:06:53.934,0.80478,0.8049,3.00,1.00
2016.02.29 06:06:54.469,0.80481,0.80491,1.00,1.00
2016.02.29 06:06:54.874,0.80477,0.80489,1.75,1.00
2016.02.29 06:06:55.026,0.80477,0.80488,1.50,1.00
2016.02.29 06:06:55.562,0.80476,0.80489,1.57,1.12
2016.02.29 06:06:56.154,0.80476,0.80488,1.95,1.00
2016.02.29 06:06:56.606,0.80478,0.8049,1.37,1.12
2016.02.29 06:06:56.910,0.80479,0.80488,1.00,1.00
2016.02.29 06:06:57.113,0.80475,0.80488,1.12,1.12
2016.02.29 06:06:57.788,0.80475,0.80488,1.57,1.00
2016.02.29 06:06:57.839,0.80476,0.80489,1.37,1.75
2016.02.29 06:06:57.940,0.80477,0.8049,1.37,1.37
2016.02.29 06:06:58.042,0.80477,0.80491,1.87,1.12
2016.02.29 06:06:58.396,0.80477,0.80489,1.95,1.00
2016.02.29 06:06:58.498,0.80477,0.80489,2.02,1.00
2016.02.29 06:06:58.713,0.80477,0.80491,1.87,1.12
2016.02.29 06:06:59.226,0.80478,0.80492,2.25,1.12
2016.02.29 06:06:59.632,0.80479,0.80492,3.37,1.00
2016.02.29 06:07:00.239,0.80481,0.80492,1.50,1.50
2016.02.29 06:07:00.787,0.80482,0.80494,2.25,1.00
2016.02.29 06:07:00.838,0.80482,0.80494,1.87,1.00
2016.02.29 06:07:01.345,0.8048,0.80493,2.25,1.12
2016.02.29 06:07:01.851,0.80481,0.80494,2.32,1.00
2016.02.29 06:07:02.004,0.80484,0.80497,1.12,2.25
2016.02.29 06:07:02.055,0.80484,0.80497,1.87,2.25
2016.02.29 06:07:02.258,0.80488,0.805,1.00,1.50
2016.02.29 06:07:02.782,0.80488,0.80501,3.00,1.12
2016.02.29 06:07:03.585,0.80488,0.805,3.00,1.00
2016.02.29 06:07:04.873,0.80488,0.80499,1.50,1.50
2016.02.29 06:07:05.076,0.80486,0.80497,1.50,1.00
2016.02.29 06:07:05.251,0.80486,0.80497,1.12,1.50
2016.02.29 06:07:06.464,0.80486,0.80497,1.37,1.00
2016.02.29 06:07:06.616,0.80486,0.80499,1.75,1.50
2016.02.29 06:07:06.869,0.80486,0.80499,3.00,1.50
2016.02.29 06:07:06.970,0.80488,0.80499,1.00,1.50
2016.02.29 06:07:07.477,0.80486,0.80498,2.25,1.50
2016.02.29 06:07:07.730,0.80487,0.80499,2.25,1.50
2016.02.29 06:07:07.882,0.8049,0.80501,1.37,1.00
2016.02.29 06:07:08.136,0.8049,0.80503,1.37,1.00
2016.02.29 06:07:09.401,0.80492,0.80504,1.00,1.50
2016.02.29 06:07:09.873,0.80493,0.80504,1.37,1.12
2016.02.29 06:07:10.025,0.80495,0.80506,1.12,1.00
2016.02.29 06:07:10.076,0.80496,0.80506,1.37,1.00
2016.02.29 06:07:10.213,0.80498,0.80508,1.00,1.12
2016.02.29 06:07:10.467,0.80499,0.80508,1.37,1.87
2016.02.29 06:07:10.929,0.80499,0.8051,2.25,1.00
2016.02.29 06:07:10.980,0.80499,0.80512,2.25,1.00
2016.02.29 06:07:11.404,0.80502,0.80513,1.00,1.12
2016.02.29 06:07:11.708,0.80505,0.80518,1.75,1.00
2016.02.29 06:07:12.019,0.80505,0.80516,1.75,1.00
2016.02.29 06:07:12.553,0.80505,0.80517,1.37,1.10
2016.02.29 06:07:13.058,0.80507,0.80519,1.50,1.12
2016.02.29 06:07:13.210,0.80508,0.80521,1.57,1.50
2016.02.29 06:07:13.367,0.8051,0.80524,1.37,1.50
2016.02.29 06:07:13.468,0.80512,0.80524,1.37,1.00
2016.02.29 06:07:13.722,0.80512,0.80524,1.50,1.12
2016.02.29 06:07:14.281,0.80513,0.80526,1.12,1.87
2016.02.29 06:07:14.332,0.80515,0.80527,1.47,1.12
2016.02.29 06:07:14.433,0.80518,0.80527,1.00,1.12
2016.02.29 06:07:14.535,0.80518,0.80529,1.12,1.87
2016.02.29 06:07:15.055,0.80518,0.8053,1.50,1.12
2016.02.29 06:07:15.156,0.80518,0.80531,1.37,1.12
2016.02.29 06:07:15.666,0.80521,0.80533,1.00,3.00
2016.02.29 06:07:15.919,0.80519,0.80533,1.12,3.00
2016.02.29 06:07:15.970,0.80521,0.80533,1.37,1.87
2016.02.29 06:07:16.021,0.80521,0.80535,1.75,1.87
2016.02.29 06:07:16.097,0.80521,0.80531,1.37,1.87
2016.02.29 06:07:16.148,0.80518,0.80528,2.32,1.37
2016.02.29 06:07:16.199,0.80518,0.80528,3.07,1.00
2016.02.29 06:07:16.352,0.80515,0.8053,1.95,5.25
2016.02.29 06:07:16.403,0.80515,0.80528,1.57,2.25
2016.02.29 06:07:16.466,0.80514,0.80526,2.25,1.00
2016.02.29 06:07:16.872,0.80513,0.80525,1.00,1.00
2016.02.29 06:07:17.076,0.80513,0.80525,1.50,1.12
2016.02.29 06:07:17.229,0.80515,0.80529,1.75,1.12
2016.02.29 06:07:17.655,0.80516,0.80527,1.75,1.00
2016.02.29 06:07:17.756,0.80516,0.80528,1.00,1.12
2016.02.29 06:07:19.829,0.80516,0.80527,1.00,1.00
2016.02.29 06:07:20.082,0.80516,0.80529,1.75,1.00
2016.02.29 06:07:20.589,0.80516,0.80531,2.77,1.50
2016.02.29 06:07:21.360,0.80515,0.80528,2.25,1.00
2016.02.29 06:07:21.412,0.80515,0.80528,1.95,1.12
2016.02.29 06:07:21.463,0.80515,0.80526,1.20,1.00
2016.02.29 06:07:21.767,0.80512,0.80524,1.85,1.00
2016.02.29 06:07:21.869,0.80508,0.80523,1.95,1.75
2016.02.29 06:07:21.971,0.80507,0.80522,1.12,2.25
2016.02.29 06:07:22.072,0.80507,0.80521,2.25,2.25
2016.02.29 06:07:22.796,0.80506,0.80519,1.00,1.75
2016.02.29 06:07:23.302,0.80503,0.80517,3.45,1.50
2016.02.29 06:07:23.353,0.80503,0.80517,1.57,2.25
2016.02.29 06:07:23.455,0.80502,0.80515,1.12,3.75
2016.02.29 06:07:23.556,0.805,0.80513,2.32,1.50
2016.02.29 06:07:26.185,0.80499,0.80513,2.25,1.75
2016.02.29 06:07:26.686,0.80498,0.80513,1.12,2.40
2016.02.29 06:07:26.787,0.80496,0.8051,2.32,1.50
2016.02.29 06:07:28.231,0.80495,0.8051,1.75,3.37
2016.02.29 06:07:28.758,0.80493,0.80506,2.25,1.00
2016.02.29 06:07:28.911,0.80494,0.80506,1.00,1.00
2016.02.29 06:07:29.796,0.80494,0.80505,1.00,1.00
2016.02.29 06:07:30.304,0.80491,0.80504,3.00,1.00
2016.02.29 06:07:31.584,0.80493,0.80505,1.12,1.10
2016.02.29 06:07:32.113,0.80491,0.80504,3.00,1.00
2016.02.29 06:07:34.410,0.80491,0.80505,3.00,1.57
2016.02.29 06:07:34.915,0.80492,0.80506,1.50,1.12
2016.02.29 06:07:35.458,0.80494,0.80506,1.00,1.12
2016.02.29 06:07:36.525,0.80495,0.80507,1.12,1.00
2016.02.29 06:07:36.576,0.80495,0.80506,2.25,1.00
2016.02.29 06:07:36.751,0.80498,0.80508,1.00,1.00
2016.02.29 06:07:36.904,0.80499,0.80511,1.50,1.12
2016.02.29 06:07:37.006,0.80499,0.80513,1.87,1.00
2016.02.29 06:07:37.527,0.80499,0.80512,3.45,1.00
2016.02.29 06:07:38.202,0.805,0.8051,1.85,1.00
2016.02.29 06:07:38.362,0.80498,0.8051,1.75,1.00
2016.02.29 06:07:38.413,0.80498,0.8051,1.50,1.50
2016.02.29 06:07:38.818,0.805,0.8051,1.37,1.00
2016.02.29 06:07:38.919,0.805,0.80513,2.25,1.87
2016.02.29 06:07:39.425,0.80502,0.80515,1.95,2.25
2016.02.29 06:07:39.476,0.80502,0.80515,3.07,1.37
2016.02.29 06:07:39.681,0.80504,0.80517,1.00,2.32
2016.02.29 06:07:40.192,0.80503,0.80515,1.12,1.50
2016.02.29 06:07:40.395,0.80503,0.80512,1.12,1.00
2016.02.29 06:07:40.855,0.80503,0.80513,2.25,1.00
2016.02.29 06:07:41.405,0.80504,0.80514,1.50,1.00
2016.02.29 06:07:41.457,0.80505,0.80516,3.00,1.50
2016.02.29 06:07:41.509,0.80507,0.80519,1.50,1.12
2016.02.29 06:07:41.611,0.80509,0.8052,1.87,1.87
2016.02.29 06:07:41.714,0.8051,0.80522,1.87,1.12
2016.02.29 06:07:41.815,0.8051,0.80522,4.12,1.50
2016.02.29 06:07:42.120,0.80512,0.80524,1.00,1.87
2016.02.29 06:07:42.171,0.80511,0.80524,2.62,1.50
2016.02.29 06:07:42.716,0.80511,0.80523,1.12,1.50
2016.02.29 06:07:43.224,0.80511,0.80522,1.37,1.50
2016.02.29 06:07:43.731,0.80511,0.80522,3.37,1.50
2016.02.29 06:07:44.251,0.80513,0.80523,1.50,2.25
2016.02.29 06:07:44.986,0.80513,0.80521,1.50,1.00
2016.02.29 06:07:46.054,0.80511,0.80519,2.25,1.00
2016.02.29 06:07:46.107,0.80508,0.80519,3.37,1.00
2016.02.29 06:07:46.158,0.80508,0.80519,1.87,1.00
2016.02.29 06:07:46.564,0.80512,0.80521,1.50,1.50
2016.02.29 06:07:47.080,0.80512,0.80522,1.50,1.50
2016.02.29 06:07:47.735,0.80512,0.80521,1.50,1.50
2016.02.29 06:07:48.240,0.80512,0.80522,1.50,1.50
2016.02.29 06:07:48.635,0.80512,0.8052,1.50,1.00
2016.02.29 06:07:49.276,0.80509,0.8052,1.87,1.50
2016.02.29 06:07:49.429,0.80506,0.80518,3.37,1.00
2016.02.29 06:07:49.581,0.80508,0.80518,1.00,1.00
2016.02.29 06:07:49.632,0.80508,0.80516,1.00,1.00
2016.02.29 06:07:49.784,0.80506,0.80515,1.50,1.00
2016.02.29 06:07:49.835,0.80506,0.80516,1.50,1.00
2016.02.29 06:07:50.139,0.80506,0.80516,3.00,1.00
2016.02.29 06:07:50.241,0.80506,0.80518,3.00,1.00
2016.02.29 06:07:50.754,0.80509,0.80519,1.50,1.50
2016.02.29 06:07:51.249,0.80505,0.80516,3.75,1.00
2016.02.29 06:07:51.301,0.80505,0.80515,1.50,1.00
2016.02.29 06:07:51.453,0.80504,0.80516,1.50,1.50
2016.02.29 06:07:52.019,0.80505,0.80515,1.00,1.00
2016.02.29 06:07:52.523,0.80505,0.80516,1.00,1.00
2016.02.29 06:07:53.065,0.80505,0.80517,1.00,2.32
2016.02.29 06:07:53.581,0.80505,0.80516,1.00,1.00
2016.02.29 06:07:54.137,0.80505,0.80517,1.00,1.57
2016.02.29 06:07:55.206,0.80505,0.80518,1.12,1.12
2016.02.29 06:07:56.525,0.80505,0.80517,1.12,1.00
2016.02.29 06:07:57.340,0.80508,0.80518,1.00,1.87
2016.02.29 06:07:57.644,0.80516,0.80526,1.00,2.62
2016.02.29 06:07:57.695,0.80518,0.80526,1.00,1.00
2016.02.29 06:07:57.796,0.80518,0.80528,2.62,1.12
2016.02.29 06:07:57.847,0.8052,0.80531,1.12,1.87
2016.02.29 06:07:57.898,0.80521,0.80531,3.00,1.50
2016.02.29 06:07:57.949,0.80522,0.80531,1.50,1.00
2016.02.29 06:07:58.000,0.80523,0.80534,1.00,1.87
2016.02.29 06:07:58.103,0.80524,0.80535,1.37,1.00
2016.02.29 06:07:58.166,0.80523,0.80538,3.37,1.00
2016.02.29 06:07:58.421,0.80528,0.8054,1.50,1.00
2016.02.29 06:07:58.472,0.80528,0.80539,1.50,1.00
2016.02.29 06:07:58.574,0.80528,0.80538,1.12,1.00
2016.02.29 06:07:58.625,0.80529,0.80538,1.87,1.00
2016.02.29 06:07:58.676,0.80529,0.8054,2.25,1.00
2016.02.29 06:07:58.980,0.80528,0.80541,1.12,1.50
2016.02.29 06:07:59.031,0.80528,0.80538,1.50,1.00
2016.02.29 06:07:59.335,0.80525,0.80536,1.50,1.00
2016.02.29 06:07:59.437,0.80525,0.80534,1.50,1.00
2016.02.29 06:07:59.943,0.80526,0.80539,1.12,3.00
2016.02.29 06:07:59.994,0.80526,0.80539,1.50,1.75
2016.02.29 06:08:00.501,0.80526,0.80536,1.12,1.87
2016.02.29 06:08:01.007,0.80523,0.80535,1.95,1.50
2016.02.29 06:08:01.127,0.80523,0.80535,1.50,2.25
2016.02.29 06:08:01.634,0.80523,0.80535,1.00,1.50
2016.02.29 06:08:02.106,0.80521,0.80534,1.87,1.12
2016.02.29 06:08:02.562,0.80521,0.80533,1.12,1.37
2016.02.29 06:08:02.893,0.80514,0.80527,3.00,1.00
2016.02.29 06:08:02.995,0.80514,0.80527,1.12,1.75
2016.02.29 06:08:03.096,0.80514,0.80528,1.20,1.50
2016.02.29 06:08:03.248,0.80517,0.8053,1.00,3.00
2016.02.29 06:08:03.299,0.80518,0.8053,1.00,2.25
2016.02.29 06:08:03.401,0.80518,0.80531,1.50,1.87
2016.02.29 06:08:04.180,0.80519,0.80533,1.87,1.95
2016.02.29 06:08:04.281,0.80521,0.80533,1.50,1.12
2016.02.29 06:08:04.444,0.80522,0.80536,1.12,1.50
2016.02.29 06:08:04.957,0.80522,0.80536,1.87,1.87
2016.02.29 06:08:05.261,0.80525,0.80537,1.00,1.87
2016.02.29 06:08:05.571,0.80515,0.80522,4.12,2.62
2016.02.29 06:08:05.623,0.80509,0.80517,2.25,1.00
2016.02.29 06:08:05.675,0.80509,0.80516,1.00,1.50
2016.02.29 06:08:05.726,0.80506,0.80516,1.00,3.00
2016.02.29 06:08:05.777,0.805,0.80514,1.37,1.95
2016.02.29 06:08:05.914,0.80503,0.80513,1.00,2.62
2016.02.29 06:08:06.116,0.80499,0.80513,1.75,1.00
2016.02.29 06:08:06.622,0.80501,0.80514,1.50,2.32
2016.02.29 06:08:07.128,0.80501,0.80514,1.50,1.10
2016.02.29 06:08:07.639,0.80501,0.80513,1.50,1.10
2016.02.29 06:08:08.511,0.80504,0.80514,1.00,1.10
2016.02.29 06:08:08.815,0.80508,0.80521,3.00,1.47
2016.02.29 06:08:09.394,0.80508,0.8052,1.75,1.00
2016.02.29 06:08:09.698,0.8051,0.80522,1.75,3.45
2016.02.29 06:08:10.305,0.8051,0.80522,1.50,1.95
2016.02.29 06:08:10.808,0.8051,0.80522,1.12,2.70
2016.02.29 06:08:11.321,0.80509,0.8052,1.00,1.10
2016.02.29 06:08:11.828,0.80509,0.80519,1.00,1.00
2016.02.29 06:08:12.468,0.80508,0.80519,1.00,1.00
2016.02.29 06:08:13.025,0.80508,0.8052,1.00,1.20
2016.02.29 06:08:13.279,0.80507,0.80521,2.25,1.95
2016.02.29 06:08:13.793,0.80507,0.80521,2.25,1.20
2016.02.29 06:08:14.436,0.80509,0.80522,2.25,3.00
2016.02.29 06:08:15.375,0.80509,0.80521,3.00,1.95
2016.02.29 06:08:16.137,0.80511,0.80522,1.75,2.02
2016.02.29 06:08:16.290,0.80513,0.80524,2.25,1.57
2016.02.29 06:08:16.391,0.80513,0.80526,1.50,3.00
2016.02.29 06:08:16.746,0.80515,0.80527,1.37,1.87
2016.02.29 06:08:16.848,0.80518,0.80528,1.12,1.00
2016.02.29 06:08:16.899,0.80518,0.8053,1.37,1.95
2016.02.29 06:08:17.257,0.80518,0.80533,2.25,3.00
2016.02.29 06:08:17.596,0.80523,0.80534,1.12,1.12
2016.02.29 06:08:17.749,0.80525,0.80535,1.00,1.00
2016.02.29 06:08:18.255,0.80524,0.80535,1.37,1.00
2016.02.29 06:08:18.761,0.80522,0.80533,1.37,1.50
2016.02.29 06:08:18.812,0.80522,0.80533,1.12,1.50
2016.02.29 06:08:19.229,0.80521,0.80531,1.50,1.00
2016.02.29 06:08:19.433,0.80519,0.80531,1.50,2.25
2016.02.29 06:08:19.737,0.80519,0.80531,3.00,1.50
2016.02.29 06:08:19.839,0.80519,0.80531,1.50,1.50
2016.02.29 06:08:20.243,0.80519,0.80531,1.12,1.12
2016.02.29 06:08:22.676,0.80517,0.80532,3.15,1.50
2016.02.29 06:08:24.440,0.80518,0.80531,1.37,1.12
2016.02.29 06:08:24.745,0.80521,0.80533,1.00,1.50
2016.02.29 06:08:25.049,0.80523,0.80536,1.87,1.00
2016.02.29 06:08:25.352,0.80524,0.80538,4.12,1.37
2016.02.29 06:08:27.054,0.80527,0.80539,1.12,1.00
2016.02.29 06:08:27.156,0.80527,0.8054,1.37,1.50
2016.02.29 06:08:27.779,0.80526,0.8054,1.12,1.75
2016.02.29 06:08:28.236,0.80525,0.80539,1.50,3.07
2016.02.29 06:08:29.566,0.80523,0.80536,1.50,1.50
2016.02.29 06:08:29.617,0.80523,0.80536,1.12,1.50
2016.02.29 06:08:29.720,0.80521,0.80535,1.12,2.25
2016.02.29 06:08:29.923,0.80518,0.80534,1.75,6.07
2016.02.29 06:08:30.429,0.80517,0.80531,2.32,1.37
2016.02.29 06:08:31.066,0.80517,0.80532,1.57,1.75
2016.02.29 06:08:31.117,0.80517,0.80533,1.57,2.32
2016.02.29 06:08:31.221,0.80519,0.80533,1.37,1.57
2016.02.29 06:08:31.526,0.8052,0.80533,1.12,1.87
2016.02.29 06:08:32.633,0.80518,0.8053,1.00,1.87
2016.02.29 06:08:32.735,0.80514,0.80527,1.50,1.12
2016.02.29 06:08:32.837,0.80513,0.80525,1.57,1.37
2016.02.29 06:08:32.991,0.80509,0.80524,3.82,1.50
2016.02.29 06:08:33.498,0.8051,0.80525,1.45,3.75
2016.02.29 06:08:37.550,0.8051,0.80524,1.87,1.75
2016.02.29 06:08:37.803,0.80512,0.80525,1.57,1.75
2016.02.29 06:08:37.955,0.80512,0.80527,2.32,2.25
2016.02.29 06:08:38.006,0.80513,0.80528,2.25,1.75
2016.02.29 06:08:38.360,0.80515,0.80529,3.45,1.50
2016.02.29 06:08:39.952,0.80516,0.8053,1.57,1.00
2016.02.29 06:08:40.458,0.80516,0.80531,1.95,2.25
2016.02.29 06:08:40.762,0.80519,0.80532,1.12,1.75
2016.02.29 06:08:40.915,0.80519,0.80535,1.12,2.40
2016.02.29 06:08:42.297,0.8052,0.80535,1.00,3.15
2016.02.29 06:08:42.848,0.80521,0.80535,1.00,2.40
2016.02.29 06:08:43.370,0.8052,0.80534,1.12,1.75
2016.02.29 06:08:43.876,0.80519,0.80534,2.32,2.25
2016.02.29 06:08:44.861,0.80519,0.80535,3.07,3.75
2016.02.29 06:08:45.088,0.80519,0.80535,4.57,2.62
2016.02.29 06:08:45.606,0.80523,0.80538,1.50,1.50
2016.02.29 06:08:45.658,0.80523,0.80537,1.00,1.87
2016.02.29 06:08:46.064,0.80521,0.80536,2.32,1.50
2016.02.29 06:08:46.570,0.80523,0.80537,1.50,1.87
2016.02.29 06:08:46.757,0.80523,0.80533,1.50,1.00
2016.02.29 06:08:46.909,0.80521,0.80535,1.95,2.25
2016.02.29 06:08:46.961,0.80521,0.80535,1.95,1.12
2016.02.29 06:08:47.467,0.80521,0.80536,2.32,1.12
2016.02.29 06:08:49.487,0.80521,0.80536,2.70,1.87
2016.02.29 06:08:49.993,0.80521,0.80534,1.50,1.00
2016.02.29 06:08:50.325,0.80523,0.80536,1.37,2.02
2016.02.29 06:08:50.630,0.80523,0.80537,1.50,2.32
2016.02.29 06:08:51.085,0.80525,0.80537,1.50,1.00
2016.02.29 06:08:51.598,0.80525,0.8054,2.62,1.50
2016.02.29 06:08:52.225,0.80529,0.80542,1.00,3.00
2016.02.29 06:08:52.276,0.80529,0.80542,1.37,1.50
2016.02.29 06:08:52.327,0.80529,0.80542,1.50,1.12
2016.02.29 06:08:52.858,0.80529,0.80543,1.85,1.00
2016.02.29 06:08:53.401,0.80529,0.80544,2.32,1.20
2016.02.29 06:08:53.586,0.80529,0.80544,2.32,1.47
2016.02.29 06:08:53.687,0.80529,0.80545,2.32,3.37
2016.02.29 06:08:54.231,0.80529,0.80544,2.32,1.20
2016.02.29 06:08:56.266,0.8053,0.80544,1.50,1.20
2016.02.29 06:08:56.974,0.80533,0.80546,1.37,1.50
2016.02.29 06:08:57.025,0.80533,0.80547,1.75,2.25
2016.02.29 06:08:57.178,0.80535,0.80549,1.50,1.12
2016.02.29 06:08:57.482,0.80537,0.8055,1.87,1.00
2016.02.29 06:08:58.038,0.80538,0.80553,1.20,2.32
2016.02.29 06:08:58.615,0.80538,0.80553,1.57,2.32
2016.02.29 06:08:59.466,0.80539,0.80554,1.37,2.62
2016.02.29 06:08:59.972,0.8054,0.80555,1.50,3.07
2016.02.29 06:09:00.377,0.80543,0.80555,1.12,1.50
2016.02.29 06:09:00.569,0.80543,0.80556,1.37,1.50
2016.02.29 06:09:00.773,0.80546,0.80559,1.37,1.37
2016.02.29 06:09:00.874,0.80546,0.8056,3.37,1.87
2016.02.29 06:09:01.077,0.80548,0.80563,1.50,2.62
2016.02.29 06:09:01.588,0.80548,0.80563,2.25,3.00
2016.02.29 06:09:02.084,0.8055,0.80562,1.00,1.87
2016.02.29 06:09:02.186,0.80549,0.8056,1.00,1.37
2016.02.29 06:09:02.592,0.80547,0.8056,1.00,1.37
2016.02.29 06:09:05.035,0.80544,0.8056,1.87,2.25
2016.02.29 06:09:05.086,0.80544,0.80558,1.12,2.25
2016.02.29 06:09:05.341,0.8054,0.80555,1.12,1.75
2016.02.29 06:09:05.696,0.80539,0.80552,1.00,2.25
2016.02.29 06:09:05.797,0.80537,0.80549,1.00,1.12
2016.02.29 06:09:05.899,0.80536,0.80548,1.00,1.50
2016.02.29 06:09:06.204,0.80536,0.80549,2.25,1.12
2016.02.29 06:09:06.623,0.80538,0.80553,1.37,4.20
2016.02.29 06:09:06.787,0.80538,0.80553,1.37,1.85
2016.02.29 06:09:07.091,0.80538,0.80553,3.75,1.12
2016.02.29 06:09:08.695,0.8054,0.80554,1.12,3.37
2016.02.29 06:09:09.210,0.80536,0.8055,1.85,1.37
2016.02.29 06:09:09.718,0.80536,0.80548,1.75,1.00
2016.02.29 06:09:10.226,0.80536,0.80549,1.75,2.62
2016.02.29 06:09:10.328,0.80534,0.80549,2.25,1.87
2016.02.29 06:09:10.876,0.80533,0.80548,1.85,1.20
2016.02.29 06:09:11.030,0.80531,0.80546,1.75,1.20
2016.02.29 06:09:11.335,0.80529,0.80543,1.37,3.37
2016.02.29 06:09:11.876,0.80529,0.80542,1.12,1.95
2016.02.29 06:09:17.035,0.80527,0.8054,1.12,1.12
2016.02.29 06:09:17.252,0.80527,0.80539,1.12,1.50
2016.02.29 06:09:17.404,0.80524,0.80538,1.12,1.50
2016.02.29 06:09:17.506,0.80522,0.80537,2.25,1.95
2016.02.29 06:09:19.189,0.80523,0.80537,1.37,2.25
2016.02.29 06:09:19.494,0.80517,0.8053,1.57,2.25
2016.02.29 06:09:19.798,0.80517,0.80532,1.50,3.75
2016.02.29 06:09:19.950,0.80517,0.80532,1.37,3.75
2016.02.29 06:09:20.052,0.80519,0.80531,1.00,1.00
2016.02.29 06:09:20.599,0.80517,0.80532,2.62,2.25
2016.02.29 06:09:23.929,0.80516,0.80531,2.25,1.87
2016.02.29 06:09:24.261,0.80516,0.80529,1.00,2.62
2016.02.29 06:09:24.313,0.80516,0.80529,1.12,1.12
2016.02.29 06:09:24.821,0.80515,0.80529,2.25,1.50
2016.02.29 06:09:25.835,0.80515,0.8053,1.00,2.25
2016.02.29 06:09:26.652,0.80515,0.80529,1.65,1.50
2016.02.29 06:09:27.194,0.80516,0.8053,1.50,3.37
2016.02.29 06:09:27.703,0.80517,0.8053,1.50,1.37
2016.02.29 06:09:27.754,0.80518,0.80531,2.62,1.50
2016.02.29 06:09:27.856,0.80519,0.80533,3.07,1.37
2016.02.29 06:09:28.854,0.80518,0.80532,2.70,4.50
2016.02.29 06:09:29.277,0.80518,0.80529,1.57,1.00
2016.02.29 06:09:30.538,0.80517,0.80529,1.75,1.00
2016.02.29 06:09:31.049,0.80519,0.8053,1.00,1.50
2016.02.29 06:09:31.354,0.80522,0.8053,1.12,1.00
2016.02.29 06:09:31.405,0.80522,0.80532,1.50,1.00
2016.02.29 06:09:31.456,0.80522,0.80532,1.50,1.00
2016.02.29 06:09:31.507,0.80522,0.80534,1.75,1.00
2016.02.29 06:09:31.810,0.80523,0.80536,1.50,1.12
2016.02.29 06:09:32.063,0.80523,0.80536,3.75,1.00
2016.02.29 06:09:32.367,0.80527,0.80537,2.25,1.00
2016.02.29 06:09:32.494,0.80529,0.80541,1.50,2.25
2016.02.29 06:09:32.545,0.80529,0.80541,3.00,1.12
2016.02.29 06:09:33.051,0.80529,0.80542,3.75,1.00
2016.02.29 06:09:33.305,0.80529,0.8054,1.12,1.00
2016.02.29 06:09:34.055,0.80529,0.8054,1.37,1.00
2016.02.29 06:09:34.580,0.80529,0.80541,1.50,1.00
2016.02.29 06:09:36.065,0.80533,0.80541,1.00,1.00
2016.02.29 06:09:36.218,0.80536,0.80546,1.00,1.50
2016.02.29 06:09:36.725,0.80533,0.80545,1.50,1.00
2016.02.29 06:09:37.079,0.8053,0.80544,1.85,1.50
2016.02.29 06:09:37.373,0.80528,0.80543,3.75,2.25
2016.02.29 06:09:37.677,0.80528,0.8054,2.02,1.00
2016.02.29 06:09:37.880,0.80531,0.80542,1.00,1.00
2016.02.29 06:09:38.443,0.80528,0.80542,1.85,1.12
2016.02.29 06:09:39.546,0.80529,0.80542,1.00,1.37
2016.02.29 06:09:39.749,0.80528,0.80539,1.10,1.12
2016.02.29 06:09:40.835,0.80526,0.80538,2.02,1.00
2016.02.29 06:09:41.857,0.80523,0.80538,3.82,1.37
2016.02.29 06:09:41.908,0.80523,0.80538,1.50,1.50
2016.02.29 06:09:42.446,0.80522,0.80536,3.00,1.00
2016.02.29 06:09:43.053,0.80522,0.80537,2.25,1.87
2016.02.29 06:09:43.205,0.80523,0.80535,1.12,1.00
2016.02.29 06:09:43.509,0.80522,0.80533,1.00,1.10
2016.02.29 06:09:43.763,0.8052,0.80532,1.00,2.25
2016.02.29 06:09:44.298,0.80521,0.80533,1.00,2.40
2016.02.29 06:09:44.653,0.80521,0.80535,2.25,1.57
2016.02.29 06:09:44.704,0.80523,0.80536,1.00,3.07
2016.02.29 06:09:45.210,0.80523,0.80536,1.00,1.10
2016.02.29 06:09:48.535,0.80523,0.80534,1.00,1.00
2016.02.29 06:09:48.840,0.80518,0.8053,1.47,1.75
2016.02.29 06:09:49.346,0.80517,0.80531,1.07,1.75
2016.02.29 06:09:49.397,0.80517,0.80531,2.70,1.12
2016.02.29 06:09:49.599,0.80521,0.80534,1.50,1.12
2016.02.29 06:09:49.904,0.80523,0.80537,1.57,1.75
2016.02.29 06:09:50.006,0.80524,0.80539,1.20,2.25
2016.02.29 06:09:50.058,0.80524,0.80539,2.32,2.25
2016.02.29 06:09:50.601,0.80525,0.80539,3.82,1.37
2016.02.29 06:09:51.088,0.80527,0.80539,1.37,1.12
2016.02.29 06:09:51.342,0.80528,0.80541,2.25,1.50
2016.02.29 06:09:51.914,0.80529,0.80541,1.20,1.00
2016.02.29 06:09:52.070,0.80529,0.80542,1.47,1.37
2016.02.29 06:09:52.222,0.80528,0.80542,2.70,1.50
2016.02.29 06:09:52.273,0.80527,0.80542,2.62,2.25
2016.02.29 06:09:52.425,0.80531,0.80545,1.50,3.37
2016.02.29 06:09:52.957,0.80531,0.80546,1.12,2.25
2016.02.29 06:09:53.363,0.8053,0.80543,1.57,1.37
2016.02.29 06:09:53.909,0.80529,0.80541,1.00,1.50
2016.02.29 06:09:54.429,0.80529,0.8054,1.00,1.00
2016.02.29 06:09:54.931,0.80529,0.80541,1.00,1.00
2016.02.29 06:09:57.503,0.80529,0.80541,1.00,1.37
2016.02.29 06:09:59.091,0.80529,0.80543,1.47,1.75
2016.02.29 06:09:59.192,0.80532,0.80544,1.50,1.50
2016.02.29 06:09:59.294,0.80533,0.80544,2.32,1.00
2016.02.29 06:09:59.395,0.80535,0.80549,1.50,1.75
2016.02.29 06:09:59.497,0.80536,0.80549,1.47,1.00
2016.02.29 06:10:01.028,0.80539,0.80553,1.00,3.00
2016.02.29 06:10:01.080,0.80539,0.80555,1.20,4.65
2016.02.29 06:10:01.181,0.80539,0.80555,1.65,2.40
2016.02.29 06:10:01.435,0.8054,0.80549,1.00,1.00
2016.02.29 06:10:01.832,0.80536,0.80549,1.50,1.12
2016.02.29 06:10:01.884,0.80535,0.80548,3.75,1.12
2016.02.29 06:10:01.985,0.80534,0.80545,1.00,1.00
2016.02.29 06:10:02.137,0.80532,0.80545,1.12,1.87
2016.02.29 06:10:02.290,0.80531,0.80544,1.12,2.32
2016.02.29 06:10:05.028,0.80531,0.80545,1.57,1.20
2016.02.29 06:10:05.840,0.80531,0.80547,3.82,1.37
2016.02.29 06:10:05.897,0.80532,0.80547,1.85,1.50
2016.02.29 06:10:08.444,0.80536,0.80549,1.12,1.87
2016.02.29 06:10:08.965,0.80536,0.80548,1.00,1.00
2016.02.29 06:10:14.108,0.80534,0.80548,3.45,1.37
2016.02.29 06:10:22.575,0.80538,0.8055,1.00,1.50
2016.02.29 06:10:22.626,0.80538,0.80551,1.10,1.87
2016.02.29 06:10:22.829,0.80526,0.80538,12.37,3.37
2016.02.29 06:10:22.881,0.80526,0.80534,3.00,1.87
2016.02.29 06:10:22.933,0.80531,0.80535,2.25,1.50
2016.02.29 06:10:22.984,0.80525,0.80535,1.00,3.00
2016.02.29 06:10:23.086,0.80521,0.80533,1.37,1.50
2016.02.29 06:10:23.541,0.80518,0.80532,1.37,1.12
2016.02.29 06:10:24.047,0.80515,0.80531,5.25,1.20
2016.02.29 06:10:24.452,0.80517,0.80533,3.45,2.62
2016.02.29 06:10:24.670,0.80521,0.80534,1.50,1.12
2016.02.29 06:10:25.177,0.80523,0.80537,1.10,3.00
2016.02.29 06:10:25.690,0.80524,0.80538,1.00,3.75
2016.02.29 06:10:27.072,0.80524,0.80537,1.00,1.75
2016.02.29 06:10:27.325,0.80523,0.80533,2.32,1.00
2016.02.29 06:10:27.629,0.80507,0.80523,2.25,4.57
2016.02.29 06:10:27.680,0.80507,0.8052,1.00,1.50
2016.02.29 06:10:27.763,0.80507,0.8052,1.00,1.50
2016.02.29 06:10:27.966,0.80505,0.80517,1.00,1.00
2016.02.29 06:10:28.476,0.80505,0.80521,3.00,2.40
2016.02.29 06:10:28.789,0.80507,0.80522,1.47,4.57
2016.02.29 06:10:29.330,0.80506,0.80522,3.45,3.00
2016.02.29 06:10:29.881,0.80508,0.80518,1.12,1.00
2016.02.29 06:10:30.046,0.80507,0.80522,1.47,1.75
2016.02.29 06:10:30.554,0.80507,0.80522,1.95,2.25
2016.02.29 06:10:31.955,0.80506,0.8052,1.20,1.50
2016.02.29 06:10:33.887,0.80506,0.80519,1.57,1.12
2016.02.29 06:10:37.416,0.80505,0.8052,1.95,2.25
2016.02.29 06:10:37.569,0.80502,0.80516,1.00,1.75
2016.02.29 06:10:38.074,0.80502,0.80514,1.57,1.00
2016.02.29 06:10:38.664,0.80502,0.80517,2.32,1.85
2016.02.29 06:10:40.470,0.80505,0.80519,1.50,2.40
2016.02.29 06:10:40.556,0.80506,0.80518,1.00,1.00
2016.02.29 06:10:40.810,0.80505,0.8052,1.75,1.27
2016.02.29 06:10:42.914,0.80508,0.80521,1.00,1.95
2016.02.29 06:10:43.434,0.80508,0.80521,1.00,2.32
2016.02.29 06:10:45.919,0.80505,0.80519,1.50,1.12
2016.02.29 06:10:47.057,0.80504,0.80518,2.25,1.00
2016.02.29 06:10:47.514,0.80502,0.80515,3.00,1.00
2016.02.29 06:10:47.667,0.805,0.80514,1.75,1.50
2016.02.29 06:10:47.718,0.80499,0.80512,4.50,1.10
2016.02.29 06:10:47.780,0.80499,0.80512,3.00,1.10
2016.02.29 06:10:48.388,0.80499,0.80512,1.00,1.20
2016.02.29 06:10:48.490,0.80498,0.80512,1.75,1.95
2016.02.29 06:10:48.996,0.80498,0.80513,1.75,3.00
2016.02.29 06:10:50.137,0.80498,0.8051,1.37,1.00
2016.02.29 06:10:50.188,0.80497,0.8051,1.37,1.37
2016.02.29 06:10:50.290,0.80496,0.80508,2.25,1.00
2016.02.29 06:10:54.301,0.80494,0.80508,1.95,1.50
2016.02.29 06:10:57.503,0.80494,0.80508,1.57,1.50
2016.02.29 06:10:59.358,0.80494,0.80507,1.37,1.12
2016.02.29 06:10:59.712,0.80493,0.80506,1.50,1.50
2016.02.29 06:10:59.915,0.80493,0.80504,1.00,1.12
2016.02.29 06:11:00.219,0.80486,0.80499,1.50,1.50
2016.02.29 06:11:00.321,0.80484,0.80497,1.50,1.50
2016.02.29 06:11:01.334,0.80484,0.80498,1.75,2.70
2016.02.29 06:11:01.809,0.80483,0.80497,1.50,1.12
2016.02.29 06:11:02.012,0.80483,0.80495,1.00,1.12
2016.02.29 06:11:02.477,0.8048,0.80493,1.75,1.37
2016.02.29 06:11:02.528,0.8048,0.80493,1.12,2.70
2016.02.29 06:11:02.781,0.80478,0.80488,1.37,1.12
2016.02.29 06:11:02.832,0.80475,0.80488,1.37,1.12
2016.02.29 06:11:03.329,0.80471,0.80487,3.00,2.25
2016.02.29 06:11:03.431,0.80471,0.80486,2.25,1.47
2016.02.29 06:11:03.787,0.8047,0.80483,2.25,1.37
2016.02.29 06:11:03.939,0.80467,0.80482,5.25,1.57
2016.02.29 06:11:04.091,0.8047,0.80482,1.00,3.07
2016.02.29 06:11:04.244,0.80465,0.8048,1.75,1.95
2016.02.29 06:11:04.782,0.80467,0.80478,1.00,1.10
2016.02.29 06:11:04.833,0.80464,0.80479,2.25,1.12
2016.02.29 06:11:05.742,0.80465,0.80478,1.12,1.27
2016.02.29 06:11:05.793,0.80467,0.80479,1.00,2.62
2016.02.29 06:11:06.623,0.80467,0.8048,1.00,1.45
2016.02.29 06:11:06.996,0.8047,0.80481,1.00,2.02
2016.02.29 06:11:07.249,0.80471,0.80482,1.00,1.57
2016.02.29 06:11:07.779,0.80471,0.80482,1.87,1.00
2016.02.29 06:11:07.831,0.80471,0.80486,2.25,1.85
2016.02.29 06:11:08.034,0.80473,0.80486,1.50,1.10
2016.02.29 06:11:08.136,0.80472,0.80487,1.75,1.57
2016.02.29 06:11:08.339,0.80472,0.80488,2.25,3.07
2016.02.29 06:11:08.861,0.80471,0.80485,1.37,1.12
2016.02.29 06:11:09.233,0.80472,0.80487,3.75,1.37
2016.02.29 06:11:09.435,0.80474,0.80488,1.95,1.20
2016.02.29 06:11:09.941,0.80476,0.8049,1.50,1.12
2016.02.29 06:11:12.112,0.80476,0.8049,1.50,1.37
2016.02.29 06:11:12.670,0.80476,0.80488,1.00,1.00
2016.02.29 06:11:12.974,0.80475,0.80489,1.50,2.25
2016.02.29 06:11:13.126,0.80473,0.80489,3.45,2.25
2016.02.29 06:11:13.760,0.80475,0.80491,3.07,1.50
2016.02.29 06:11:14.014,0.80475,0.80484,1.75,1.00
2016.02.29 06:11:14.116,0.80468,0.80477,2.25,1.00
2016.02.29 06:11:14.218,0.80465,0.80477,1.20,1.00
2016.02.29 06:11:14.723,0.80463,0.80476,1.85,1.00
2016.02.29 06:11:15.592,0.80463,0.80478,2.25,1.45
2016.02.29 06:11:15.899,0.80462,0.80475,3.00,1.12
2016.02.29 06:11:16.102,0.80452,0.80466,1.75,1.10
2016.02.29 06:11:16.254,0.80451,0.80462,3.07,1.00
2016.02.29 06:11:16.457,0.80446,0.80459,1.50,1.00
2016.02.29 06:11:16.981,0.80446,0.80459,1.57,1.50
2016.02.29 06:11:17.133,0.80446,0.80457,1.07,1.00
2016.02.29 06:11:17.438,0.80444,0.80456,1.87,1.00
2016.02.29 06:11:17.489,0.80443,0.80453,2.62,1.00
2016.02.29 06:11:17.691,0.80443,0.80456,1.50,1.00
2016.02.29 06:11:17.844,0.80445,0.80458,1.12,1.00
2016.02.29 06:11:17.998,0.8045,0.80463,1.12,1.00
2016.02.29 06:11:18.150,0.80451,0.80466,1.65,1.50
2016.02.29 06:11:18.414,0.80453,0.80467,1.00,1.10
2016.02.29 06:11:18.870,0.80455,0.8047,1.00,2.70
2016.02.29 06:11:19.393,0.80456,0.8047,1.00,1.00
2016.02.29 06:11:20.101,0.80455,0.8047,1.57,1.00
2016.02.29 06:11:20.576,0.80455,0.80459,1.10,1.00
2016.02.29 06:11:20.913,0.80436,0.80443,1.00,1.00
2016.02.29 06:11:21.217,0.80434,0.8044,1.00,1.00
2016.02.29 06:11:21.522,0.80427,0.8044,1.87,1.00
2016.02.29 06:11:21.970,0.80426,0.80442,1.87,1.10
2016.02.29 06:11:22.379,0.80429,0.80445,1.57,1.20
2016.02.29 06:11:22.482,0.80429,0.80445,2.25,1.00
2016.02.29 06:11:22.635,0.8043,0.80447,1.57,2.70
2016.02.29 06:11:22.686,0.8043,0.80447,1.95,2.25
2016.02.29 06:11:22.990,0.80433,0.80448,3.37,1.00
2016.02.29 06:11:23.041,0.80433,0.8045,3.37,1.00
2016.02.29 06:11:23.452,0.80436,0.8045,1.00,3.00
2016.02.29 06:11:23.961,0.80434,0.8045,1.00,3.00
2016.02.29 06:11:24.164,0.80431,0.80446,2.32,1.00
2016.02.29 06:11:24.468,0.80417,0.80433,1.50,2.32
2016.02.29 06:11:24.570,0.80415,0.80431,2.25,1.87
2016.02.29 06:11:24.909,0.80416,0.8043,1.37,1.57
2016.02.29 06:11:25.323,0.80417,0.80432,1.00,1.57
2016.02.29 06:11:25.779,0.80417,0.80429,1.12,1.37
2016.02.29 06:11:26.187,0.80415,0.80429,1.00,1.50
2016.02.29 06:11:26.596,0.80415,0.80429,1.00,1.12
2016.02.29 06:11:26.698,0.80413,0.80427,1.50,1.37
2016.02.29 06:11:27.002,0.80407,0.80419,2.25,1.37
2016.02.29 06:11:27.104,0.80406,0.80419,1.00,1.37
2016.02.29 06:11:27.573,0.80407,0.80422,1.00,1.95
2016.02.29 06:11:27.675,0.80409,0.80422,1.00,1.95
2016.02.29 06:11:28.082,0.80412,0.80423,1.00,1.20
2016.02.29 06:11:28.488,0.80414,0.80423,1.00,1.00
2016.02.29 06:11:28.697,0.80414,0.80427,1.00,1.47
2016.02.29 06:11:29.236,0.80414,0.80426,1.50,1.07
2016.02.29 06:11:29.792,0.80416,0.80427,1.00,1.50
2016.02.29 06:11:30.299,0.80416,0.80427,1.12,1.20
2016.02.29 06:11:30.995,0.80414,0.80427,1.12,1.45
2016.02.29 06:11:31.096,0.80409,0.80413,1.87,1.50
2016.02.29 06:11:31.198,0.80404,0.80409,2.25,1.87
2016.02.29 06:11:31.300,0.80394,0.80399,1.50,1.87
2016.02.29 06:11:31.352,0.80391,0.80399,1.20,4.12
2016.02.29 06:11:31.404,0.80389,0.80395,1.00,1.00
2016.02.29 06:11:31.455,0.80381,0.80397,3.07,1.20
2016.02.29 06:11:31.506,0.80384,0.80396,1.00,2.02
2016.02.29 06:11:31.847,0.80376,0.80389,1.20,1.12
2016.02.29 06:11:31.949,0.80373,0.80388,1.00,3.00
2016.02.29 06:11:32.001,0.80372,0.80389,1.00,1.47
2016.02.29 06:11:32.153,0.80372,0.8039,2.62,2.40
2016.02.29 06:11:32.204,0.80375,0.8039,1.37,1.65
2016.02.29 06:11:32.509,0.8038,0.80394,1.57,1.00
2016.02.29 06:11:32.813,0.80382,0.80395,1.07,1.50
2016.02.29 06:11:32.915,0.80382,0.80397,1.50,1.00
2016.02.29 06:11:33.422,0.80383,0.80398,1.07,1.50
2016.02.29 06:11:33.628,0.80382,0.804,2.25,2.62
2016.02.29 06:11:33.780,0.80386,0.804,1.12,1.00
2016.02.29 06:11:34.106,0.80385,0.80402,1.20,1.57
2016.02.29 06:11:34.309,0.80387,0.80403,1.00,1.20
2016.02.29 06:11:34.613,0.80391,0.80405,2.62,1.45
2016.02.29 06:11:34.714,0.80392,0.80406,3.37,1.00
2016.02.29 06:11:34.816,0.80395,0.80411,1.10,1.10
2016.02.29 06:11:34.918,0.80395,0.80411,2.70,1.10
2016.02.29 06:11:35.221,0.80397,0.80413,1.47,1.57
2016.02.29 06:11:35.764,0.80397,0.80414,1.12,1.12
2016.02.29 06:11:36.068,0.804,0.80415,1.00,2.62
2016.02.29 06:11:36.372,0.80398,0.80414,1.10,1.57
2016.02.29 06:11:36.524,0.804,0.80413,1.00,1.45
2016.02.29 06:11:36.727,0.80398,0.80413,1.00,1.45
2016.02.29 06:11:37.233,0.80398,0.80413,1.50,1.50
2016.02.29 06:11:37.436,0.80399,0.80413,1.50,1.20
2016.02.29 06:11:38.095,0.80398,0.80413,1.00,1.00
2016.02.29 06:11:38.348,0.80396,0.80411,1.10,1.00
2016.02.29 06:11:38.652,0.80394,0.8041,1.50,1.87
2016.02.29 06:11:38.957,0.8038,0.80386,1.50,1.10
2016.02.29 06:11:39.009,0.80372,0.80386,1.50,2.70
2016.02.29 06:11:39.111,0.80369,0.80385,1.00,1.20
2016.02.29 06:11:39.163,0.80369,0.80382,1.00,1.12
2016.02.29 06:11:39.214,0.80364,0.8038,1.82,1.00
2016.02.29 06:11:39.316,0.80363,0.80379,1.00,2.25
2016.02.29 06:11:39.418,0.80361,0.80375,1.00,1.00
2016.02.29 06:11:39.875,0.80361,0.80377,1.27,1.65
2016.02.29 06:11:40.129,0.80363,0.80377,1.12,1.20
2016.02.29 06:11:40.737,0.80363,0.80377,1.50,1.00
2016.02.29 06:11:41.062,0.80362,0.80377,1.50,2.62
2016.02.29 06:11:41.113,0.80362,0.80376,1.00,1.87
2016.02.29 06:11:41.688,0.80361,0.80376,1.87,1.50
2016.02.29 06:11:42.195,0.80361,0.80376,1.87,1.20
2016.02.29 06:11:42.348,0.8037,0.80376,1.00,1.20
2016.02.29 06:11:42.560,0.80371,0.80383,1.00,1.20
2016.02.29 06:11:42.713,0.80372,0.80384,1.75,1.00
2016.02.29 06:11:42.865,0.80373,0.80386,2.62,1.00
2016.02.29 06:11:43.548,0.80374,0.80386,1.47,1.00
2016.02.29 06:11:43.649,0.80374,0.80379,1.47,1.00
2016.02.29 06:11:43.888,0.80368,0.80374,1.00,1.12
2016.02.29 06:11:43.940,0.8036,0.80374,2.62,1.00
2016.02.29 06:11:43.991,0.8036,0.80377,2.62,1.20
2016.02.29 06:11:44.346,0.80363,0.80378,1.00,1.10
2016.02.29 06:11:44.755,0.80366,0.80378,1.00,1.00
2016.02.29 06:11:45.306,0.80366,0.80379,1.00,1.00
2016.02.29 06:11:45.610,0.80369,0.80382,1.00,1.10
2016.02.29 06:11:45.914,0.8037,0.80381,1.12,1.50
2016.02.29 06:11:46.219,0.80363,0.8037,1.12,1.87
2016.02.29 06:11:46.464,0.80352,0.80363,1.00,1.00
2016.02.29 06:11:46.566,0.80349,0.80363,1.00,1.95
2016.02.29 06:11:46.617,0.80347,0.80363,1.00,2.70
2016.02.29 06:11:47.124,0.8035,0.80364,1.47,1.50
2016.02.29 06:11:47.277,0.80352,0.80367,1.57,1.10
2016.02.29 06:11:47.329,0.80354,0.80367,1.57,1.00
2016.02.29 06:11:47.684,0.80355,0.80371,1.57,1.50
2016.02.29 06:11:47.785,0.80358,0.80371,1.10,1.00
2016.02.29 06:11:48.090,0.8036,0.80371,1.07,1.00
2016.02.29 06:11:48.141,0.8036,0.80374,1.07,1.87
2016.02.29 06:11:48.344,0.80359,0.80364,1.12,1.87
2016.02.29 06:11:48.447,0.80344,0.80359,1.75,1.12
2016.02.29 06:11:48.548,0.80344,0.8036,1.10,1.10
2016.02.29 06:11:48.650,0.80345,0.8036,1.12,1.10
2016.02.29 06:11:49.206,0.80348,0.80363,1.00,1.57
2016.02.29 06:11:49.511,0.80354,0.80367,1.87,1.00
2016.02.29 06:11:49.663,0.80355,0.8037,1.45,1.12
2016.02.29 06:11:49.951,0.80355,0.80363,2.62,1.50
2016.02.29 06:11:50.154,0.80331,0.80342,1.20,1.00
2016.02.29 06:11:50.256,0.80327,0.80342,1.50,1.00
2016.02.29 06:11:50.307,0.80326,0.80342,1.12,1.20
2016.02.29 06:11:50.662,0.80327,0.80343,2.70,1.10
2016.02.29 06:11:50.967,0.80332,0.80343,1.47,1.00
2016.02.29 06:11:51.018,0.80332,0.80345,1.47,1.00
2016.02.29 06:11:51.221,0.80335,0.80349,1.37,1.50
2016.02.29 06:11:51.323,0.80337,0.80351,1.95,1.10
2016.02.29 06:11:51.627,0.80345,0.80358,1.47,1.00
2016.02.29 06:11:51.678,0.80345,0.8036,1.47,1.87
2016.02.29 06:11:51.729,0.80348,0.8036,1.37,1.00
2016.02.29 06:11:51.983,0.80357,0.8037,1.87,1.87
2016.02.29 06:11:52.084,0.80359,0.8037,1.57,1.00
2016.02.29 06:11:52.413,0.80362,0.80373,1.47,1.00
2016.02.29 06:11:52.724,0.80364,0.80373,1.95,1.00
2016.02.29 06:11:52.775,0.80364,0.80378,1.95,1.00
2016.02.29 06:11:52.927,0.80366,0.80379,1.12,1.00
2016.02.29 06:11:53.180,0.80365,0.8038,1.07,1.00
2016.02.29 06:11:53.433,0.80368,0.8038,1.12,1.00
2016.02.29 06:11:53.764,0.80371,0.80381,2.25,1.00
2016.02.29 06:11:53.866,0.80374,0.80389,1.87,1.00
2016.02.29 06:11:54.377,0.80376,0.80389,1.10,1.00
2016.02.29 06:11:54.884,0.80377,0.80389,1.00,1.00
2016.02.29 06:11:55.087,0.80375,0.80387,1.95,1.00
2016.02.29 06:11:55.543,0.80377,0.80388,2.70,1.00
2016.02.29 06:11:55.745,0.80377,0.8039,2.70,1.00
2016.02.29 06:11:56.257,0.80379,0.8039,1.12,1.00
2016.02.29 06:11:56.769,0.80379,0.8039,1.50,1.00
2016.02.29 06:11:56.820,0.80379,0.80392,1.50,1.00
2016.02.29 06:11:57.327,0.8038,0.80393,1.12,1.00
2016.02.29 06:11:57.582,0.80381,0.80396,1.57,1.00
2016.02.29 06:11:57.852,0.80383,0.80396,1.37,1.00
2016.02.29 06:11:58.804,0.80383,0.80397,2.02,1.00
2016.02.29 06:11:59.108,0.80385,0.80398,1.47,1.00
2016.02.29 06:12:00.081,0.80385,0.80399,1.47,1.00
2016.02.29 06:12:00.466,0.80387,0.80402,1.10,2.32
2016.02.29 06:12:00.517,0.80387,0.80402,1.87,2.25
2016.02.29 06:12:01.227,0.80389,0.80403,1.57,1.00
2016.02.29 06:12:01.537,0.80392,0.80404,1.07,1.00
2016.02.29 06:12:02.043,0.80391,0.80405,1.50,1.00
2016.02.29 06:12:02.196,0.80391,0.80407,1.50,1.50
2016.02.29 06:12:02.297,0.80391,0.80405,1.50,1.00
2016.02.29 06:12:02.450,0.80393,0.80407,1.47,1.12
2016.02.29 06:12:02.501,0.80393,0.80405,1.47,1.00
2016.02.29 06:12:02.856,0.80393,0.80408,1.47,2.25
2016.02.29 06:12:02.983,0.80394,0.80405,1.37,1.00
2016.02.29 06:12:03.519,0.80393,0.80405,1.47,1.00
2016.02.29 06:12:04.347,0.80394,0.80405,1.37,1.00
2016.02.29 06:12:04.890,0.80393,0.80405,1.47,1.00
2016.02.29 06:12:05.580,0.80393,0.80406,1.47,1.00
2016.02.29 06:12:06.087,0.8039,0.80406,1.50,3.00
2016.02.29 06:12:06.239,0.8039,0.80404,1.07,1.00
2016.02.29 06:12:06.941,0.8039,0.80405,1.07,1.12
2016.02.29 06:12:07.245,0.80391,0.80403,1.07,1.00
2016.02.29 06:12:07.297,0.8039,0.80405,1.50,1.00
2016.02.29 06:12:07.803,0.80392,0.80406,1.47,1.00
2016.02.29 06:12:08.270,0.80392,0.80409,1.07,1.95
2016.02.29 06:12:08.878,0.80395,0.80409,1.00,2.70
2016.02.29 06:12:09.234,0.80392,0.80409,1.57,1.95
2016.02.29 06:12:09.574,0.80391,0.80406,1.50,1.00
2016.02.29 06:12:09.676,0.8039,0.80406,1.45,1.00
2016.02.29 06:12:10.353,0.8039,0.80408,3.37,1.87
2016.02.29 06:12:10.868,0.80392,0.80408,1.00,1.45
2016.02.29 06:12:11.330,0.80392,0.80409,2.32,1.10
2016.02.29 06:12:12.220,0.80394,0.80409,1.10,1.00
2016.02.29 06:12:12.738,0.80394,0.8041,1.10,1.10
2016.02.29 06:12:13.244,0.80393,0.80409,1.87,1.00
2016.02.29 06:12:15.826,0.80394,0.8041,1.57,1.00
2016.02.29 06:12:16.369,0.80395,0.80409,1.47,1.00
2016.02.29 06:12:17.508,0.80393,0.80409,2.25,1.00
2016.02.29 06:12:18.018,0.80395,0.80409,1.57,1.00
2016.02.29 06:12:18.323,0.80394,0.80408,1.95,1.00
2016.02.29 06:12:18.577,0.80396,0.80409,1.00,1.00
2016.02.29 06:12:19.013,0.80398,0.8041,1.00,1.00
2016.02.29 06:12:19.181,0.80399,0.80412,1.00,1.00
2016.02.29 06:12:19.334,0.80401,0.80414,1.00,1.12
2016.02.29 06:12:19.840,0.80401,0.80414,1.00,1.00
2016.02.29 06:12:20.448,0.804,0.80414,1.50,1.00
2016.02.29 06:12:21.306,0.80401,0.80414,1.00,1.00
2016.02.29 06:12:21.812,0.80401,0.80413,1.00,1.00
2016.02.29 06:12:22.218,0.80401,0.80415,1.00,1.00
2016.02.29 06:12:23.667,0.80399,0.80414,1.20,1.12
2016.02.29 06:12:23.971,0.80395,0.8041,2.62,1.00
2016.02.29 06:12:24.055,0.80395,0.8041,1.10,1.00
2016.02.29 06:12:24.410,0.80394,0.80404,1.10,1.00
2016.02.29 06:12:24.714,0.80391,0.80405,1.57,1.00
2016.02.29 06:12:25.877,0.80391,0.80404,1.07,1.00
2016.02.29 06:12:25.982,0.8039,0.80401,2.62,1.00
2016.02.29 06:12:26.135,0.80389,0.80401,1.57,1.00
2016.02.29 06:12:26.287,0.80387,0.80398,1.87,1.00
2016.02.29 06:12:26.641,0.80386,0.80397,1.00,1.00
2016.02.29 06:12:27.113,0.80381,0.80395,1.85,1.00
2016.02.29 06:12:27.165,0.80381,0.80395,1.10,1.00
2016.02.29 06:12:27.267,0.80381,0.80393,1.10,1.00
2016.02.29 06:12:27.774,0.80378,0.80394,1.47,2.32
2016.02.29 06:12:28.078,0.80377,0.80388,1.00,1.12
2016.02.29 06:12:28.381,0.80377,0.80383,1.00,1.10
2016.02.29 06:12:28.483,0.80372,0.80384,1.50,1.12
2016.02.29 06:12:28.990,0.80372,0.80382,1.00,1.00
2016.02.29 06:12:29.561,0.80373,0.80384,1.00,1.12
2016.02.29 06:12:29.663,0.80373,0.80386,1.00,1.10
2016.02.29 06:12:29.815,0.80375,0.80386,1.10,1.00
2016.02.29 06:12:29.887,0.80375,0.80388,1.10,1.00
2016.02.29 06:12:30.243,0.80379,0.80387,1.00,1.00
2016.02.29 06:12:30.396,0.80379,0.80389,1.00,1.10
2016.02.29 06:12:30.447,0.80376,0.80389,1.00,1.10
2016.02.29 06:12:30.751,0.80378,0.80389,1.00,1.00
2016.02.29 06:12:31.308,0.8038,0.80389,1.00,1.00
2016.02.29 06:12:31.821,0.80379,0.8039,1.00,1.00
2016.02.29 06:12:32.613,0.80378,0.8039,1.00,1.00
2016.02.29 06:12:33.159,0.80379,0.8039,1.00,1.00
2016.02.29 06:12:34.515,0.80378,0.8039,2.25,1.00
2016.02.29 06:12:35.018,0.80379,0.80391,1.00,1.00
2016.02.29 06:12:35.521,0.80379,0.8039,1.00,1.00
2016.02.29 06:12:35.826,0.8036,0.8037,1.57,1.00
2016.02.29 06:12:35.928,0.80365,0.80377,1.12,1.37
2016.02.29 06:12:35.979,0.80365,0.80377,1.12,1.37
2016.02.29 06:12:36.315,0.80374,0.80385,3.07,2.62
2016.02.29 06:12:36.366,0.80378,0.8039,1.12,1.00
2016.02.29 06:12:36.569,0.80379,0.80386,1.20,2.25
2016.02.29 06:12:36.723,0.80386,0.80401,1.12,1.00
2016.02.29 06:12:36.774,0.80386,0.80401,1.12,1.00
2016.02.29 06:12:37.282,0.80389,0.80402,1.87,1.00
2016.02.29 06:12:38.134,0.8039,0.80403,1.57,1.00
2016.02.29 06:12:38.681,0.8039,0.80404,1.57,1.00
2016.02.29 06:12:39.185,0.80388,0.80404,3.45,1.50
2016.02.29 06:12:39.237,0.80391,0.804,1.37,1.00
2016.02.29 06:12:39.338,0.80386,0.80398,1.57,1.00
2016.02.29 06:12:39.390,0.80387,0.80398,1.37,1.00
2016.02.29 06:12:39.896,0.80388,0.80401,1.45,1.00
2016.02.29 06:12:40.150,0.80387,0.80399,1.45,1.00
2016.02.29 06:12:40.991,0.80387,0.80401,1.45,1.00
2016.02.29 06:12:41.447,0.80386,0.80398,1.45,1.00
2016.02.29 06:12:41.892,0.80386,0.80396,1.45,1.00
2016.02.29 06:12:42.397,0.80385,0.80396,1.07,1.00
2016.02.29 06:12:42.701,0.80381,0.80388,1.00,1.00
2016.02.29 06:12:43.005,0.80379,0.80385,1.00,1.00
2016.02.29 06:12:43.107,0.80372,0.80387,1.50,1.10
2016.02.29 06:12:45.193,0.80372,0.80385,1.87,1.00
2016.02.29 06:12:45.841,0.80372,0.80386,2.25,1.00
2016.02.29 06:12:46.402,0.80372,0.80384,1.87,1.00
2016.02.29 06:12:46.956,0.80372,0.80384,1.12,1.00
2016.02.29 06:12:47.058,0.80372,0.80387,1.12,1.12
2016.02.29 06:12:50.176,0.80372,0.80388,1.87,1.47
2016.02.29 06:12:50.712,0.80372,0.80388,1.00,2.32
2016.02.29 06:12:52.572,0.8037,0.80386,1.07,1.00
2016.02.29 06:12:52.775,0.80368,0.80381,1.12,1.00
2016.02.29 06:12:52.827,0.80367,0.80381,1.12,1.12
2016.02.29 06:12:52.928,0.80365,0.80379,1.00,1.50
2016.02.29 06:12:53.589,0.80365,0.80378,1.00,1.10
2016.02.29 06:12:54.140,0.80363,0.80379,1.20,1.10
2016.02.29 06:12:54.804,0.80362,0.80379,3.00,1.12
2016.02.29 06:12:55.361,0.80362,0.80378,1.65,1.50
2016.02.29 06:12:55.906,0.80362,0.80376,1.20,1.00
2016.02.29 06:12:56.766,0.80362,0.80377,1.65,1.20
2016.02.29 06:12:57.276,0.80363,0.80377,1.20,1.00
2016.02.29 06:12:57.616,0.80363,0.80375,1.20,1.00
2016.02.29 06:12:58.175,0.80364,0.80377,1.10,1.00
2016.02.29 06:12:58.654,0.80365,0.80381,1.00,1.12
2016.02.29 06:12:58.707,0.80369,0.80383,1.12,1.00
2016.02.29 06:12:59.012,0.80372,0.80384,2.25,1.00
2016.02.29 06:12:59.321,0.80372,0.80389,2.62,1.12
2016.02.29 06:12:59.824,0.80375,0.8039,1.00,1.95
2016.02.29 06:12:59.925,0.80375,0.80388,1.12,1.00
2016.02.29 06:13:00.280,0.80376,0.8039,1.00,1.00
2016.02.29 06:13:00.483,0.80376,0.80392,1.00,1.12
2016.02.29 06:13:00.635,0.80377,0.80393,1.50,1.00
2016.02.29 06:13:01.141,0.80378,0.80393,1.87,1.00
2016.02.29 06:13:01.394,0.80378,0.80395,1.87,1.12
2016.02.29 06:13:01.938,0.8038,0.80395,1.45,1.00
2016.02.29 06:13:02.394,0.80382,0.80396,1.87,1.50
2016.02.29 06:13:02.445,0.80382,0.80398,2.25,1.87
2016.02.29 06:13:02.496,0.80384,0.80398,1.87,1.12
2016.02.29 06:13:02.699,0.80385,0.80401,1.47,1.50
2016.02.29 06:13:03.754,0.80385,0.80401,1.45,2.62
2016.02.29 06:13:04.649,0.80386,0.80401,1.20,1.00
2016.02.29 06:13:04.700,0.80387,0.80401,1.12,1.00
2016.02.29 06:13:04.751,0.80387,0.80404,1.50,3.00
2016.02.29 06:13:04.905,0.80387,0.80402,1.50,1.00
2016.02.29 06:13:05.261,0.80387,0.80405,3.45,1.95
2016.02.29 06:13:05.464,0.80388,0.80406,2.70,1.27
2016.02.29 06:13:05.565,0.80389,0.80406,1.95,1.00
2016.02.29 06:13:06.082,0.80391,0.80408,1.12,1.12
2016.02.29 06:13:06.589,0.80392,0.80408,1.50,1.12
2016.02.29 06:13:06.905,0.80393,0.80408,1.50,1.00
2016.02.29 06:13:07.108,0.80394,0.8041,1.12,2.25
2016.02.29 06:13:07.645,0.80394,0.8041,1.20,1.57
2016.02.29 06:13:07.798,0.80395,0.8041,1.50,1.10
2016.02.29 06:13:08.204,0.80395,0.80412,1.95,1.10
2016.02.29 06:13:08.306,0.80395,0.80412,3.00,1.00
2016.02.29 06:13:09.500,0.80397,0.80413,1.57,1.57
2016.02.29 06:13:09.804,0.80402,0.80413,1.00,1.95
2016.02.29 06:13:10.310,0.80403,0.80413,1.00,1.10
2016.02.29 06:13:10.802,0.80403,0.80415,1.00,3.15
2016.02.29 06:13:10.853,0.80403,0.80415,1.00,3.82
2016.02.29 06:13:11.373,0.80403,0.80415,1.04,3.45
2016.02.29 06:13:11.676,0.80396,0.80414,3.07,2.70
2016.02.29 06:13:11.930,0.80396,0.8041,1.20,1.00
2016.02.29 06:13:13.545,0.80396,0.80409,1.20,1.00
2016.02.29 06:13:14.080,0.80395,0.80408,1.20,1.00
2016.02.29 06:13:14.974,0.80395,0.80406,1.50,1.00
2016.02.29 06:13:15.076,0.80393,0.80406,1.87,1.00
2016.02.29 06:13:15.128,0.80393,0.80404,1.12,1.00
2016.02.29 06:13:15.229,0.80391,0.80404,1.10,1.00
2016.02.29 06:13:15.330,0.80391,0.80402,1.00,1.00
2016.02.29 06:13:15.839,0.80389,0.80403,3.00,1.00
2016.02.29 06:13:15.891,0.80389,0.80405,3.00,1.00
2016.02.29 06:13:16.405,0.80391,0.80405,1.45,1.00
2016.02.29 06:13:17.319,0.80391,0.80404,1.87,1.00
2016.02.29 06:13:17.543,0.80391,0.80406,1.87,1.50
2016.02.29 06:13:17.773,0.80392,0.80409,2.62,1.20
2016.02.29 06:13:18.228,0.80392,0.80409,1.50,1.57
2016.02.29 06:13:20.004,0.80392,0.8041,1.50,4.87
2016.02.29 06:13:20.524,0.80392,0.80408,1.10,2.32
2016.02.29 06:13:20.778,0.80389,0.80406,2.62,1.10
2016.02.29 06:13:20.880,0.80389,0.80405,1.12,1.75
2016.02.29 06:13:20.940,0.80388,0.80405,1.10,1.12
2016.02.29 06:13:21.194,0.80386,0.80403,1.57,1.50
2016.02.29 06:13:21.709,0.80386,0.80402,1.57,1.00
2016.02.29 06:13:21.912,0.80384,0.80398,3.37,1.00
2016.02.29 06:13:22.165,0.80388,0.80402,1.00,1.00
2016.02.29 06:13:23.674,0.80388,0.80401,1.00,1.00
2016.02.29 06:13:24.337,0.80388,0.80403,1.00,2.70
2016.02.29 06:13:24.916,0.80388,0.80402,1.00,1.00
2016.02.29 06:13:25.425,0.80388,0.80403,1.00,1.95
2016.02.29 06:13:26.125,0.80388,0.80403,1.10,2.25
2016.02.29 06:13:26.226,0.80388,0.804,1.10,1.12
2016.02.29 06:13:26.277,0.80385,0.804,1.12,1.20
2016.02.29 06:13:26.379,0.80385,0.80401,1.00,4.95
2016.02.29 06:13:26.886,0.80385,0.80399,1.00,1.75
2016.02.29 06:13:27.641,0.80385,0.80398,1.10,1.75
2016.02.29 06:13:29.074,0.80385,0.80397,1.00,1.75
2016.02.29 06:13:29.575,0.80385,0.80396,1.00,2.25
2016.02.29 06:13:30.136,0.80385,0.80395,1.00,1.50
2016.02.29 06:13:30.238,0.80385,0.80395,1.00,2.62
2016.02.29 06:13:30.340,0.80385,0.80395,1.00,2.62
2016.02.29 06:13:31.134,0.80385,0.80394,1.00,1.00
2016.02.29 06:13:31.336,0.80387,0.80398,1.00,1.57
2016.02.29 06:13:31.387,0.80389,0.80398,1.12,1.37
2016.02.29 06:13:31.438,0.80389,0.80399,1.50,1.00
2016.02.29 06:13:31.540,0.80391,0.80401,1.00,1.00
2016.02.29 06:13:31.894,0.80392,0.80403,1.00,1.00
2016.02.29 06:13:32.147,0.80392,0.80407,1.20,1.75
2016.02.29 06:13:32.211,0.80395,0.80407,1.00,1.75
2016.02.29 06:13:32.414,0.80395,0.80407,1.00,1.50
2016.02.29 06:13:32.869,0.80394,0.80407,1.37,1.75
2016.02.29 06:13:32.920,0.80394,0.80404,1.00,1.00
2016.02.29 06:13:34.996,0.80395,0.80408,1.00,3.00
2016.02.29 06:13:35.047,0.80395,0.80408,1.37,1.50
2016.02.29 06:13:35.098,0.80398,0.80408,1.00,1.37
2016.02.29 06:13:35.149,0.80398,0.80408,1.00,1.00
2016.02.29 06:13:35.664,0.80398,0.80409,1.00,1.50
2016.02.29 06:13:36.983,0.80399,0.80411,1.00,1.50
2016.02.29 06:13:37.076,0.80409,0.80413,1.00,1.00
2016.02.29 06:13:37.127,0.8041,0.80421,1.57,3.00
2016.02.29 06:13:37.229,0.80412,0.80424,1.10,1.50
2016.02.29 06:13:37.280,0.8041,0.80421,1.57,1.00
2016.02.29 06:13:37.433,0.8041,0.8042,1.12,1.00
2016.02.29 06:13:37.838,0.8041,0.80422,1.00,1.50
2016.02.29 06:13:38.344,0.8041,0.80422,1.00,1.50
2016.02.29 06:13:41.575,0.8041,0.8042,1.00,1.00
2016.02.29 06:13:44.869,0.80409,0.80421,1.20,1.50
2016.02.29 06:13:46.217,0.80409,0.80421,1.95,1.37
2016.02.29 06:13:46.776,0.8041,0.80421,1.10,1.12
2016.02.29 06:13:48.185,0.80412,0.80422,1.00,1.50
2016.02.29 06:13:48.287,0.80415,0.80426,1.00,1.50
2016.02.29 06:13:48.388,0.80417,0.80428,1.12,1.50
2016.02.29 06:13:48.490,0.80417,0.8043,1.57,1.00
2016.02.29 06:13:49.647,0.80417,0.80427,1.95,1.87
2016.02.29 06:13:49.901,0.80406,0.80418,1.00,1.00
2016.02.29 06:13:49.952,0.80406,0.80416,1.00,1.00
2016.02.29 06:13:50.054,0.80406,0.8042,1.00,1.87
2016.02.29 06:13:50.560,0.80406,0.8042,1.10,1.00
2016.02.29 06:13:50.612,0.80409,0.8042,1.00,1.00
2016.02.29 06:13:51.685,0.80409,0.8042,1.12,1.00
2016.02.29 06:13:52.332,0.80409,0.80421,1.12,1.00
2016.02.29 06:13:53.860,0.80409,0.80421,1.00,1.00
2016.02.29 06:13:53.911,0.80409,0.80423,1.00,1.10
2016.02.29 06:13:54.063,0.80412,0.80424,1.00,1.00
2016.02.29 06:13:54.367,0.8042,0.8043,1.12,1.00
2016.02.29 06:13:54.798,0.8042,0.80432,1.12,1.20
2016.02.29 06:13:56.538,0.8042,0.80433,1.12,1.12
2016.02.29 06:13:56.640,0.8042,0.80431,1.12,1.00
2016.02.29 06:13:57.146,0.8042,0.8043,1.12,1.12
2016.02.29 06:13:58.191,0.8042,0.80429,1.50,1.00
2016.02.29 06:13:59.648,0.80417,0.80429,1.85,1.00
2016.02.29 06:13:59.851,0.80417,0.80428,1.00,1.12
2016.02.29 06:13:59.952,0.80417,0.80425,1.12,1.00
2016.02.29 06:14:00.053,0.80417,0.80427,1.12,1.00
2016.02.29 06:14:00.712,0.80417,0.80428,1.12,1.00
2016.02.29 06:14:01.572,0.80417,0.80427,1.12,1.00
2016.02.29 06:14:02.242,0.80417,0.80426,1.12,1.00
2016.02.29 06:14:04.459,0.80416,0.80423,1.00,1.00
2016.02.29 06:14:04.561,0.80416,0.80426,1.00,2.25
2016.02.29 06:14:05.119,0.80416,0.80424,1.00,1.00
2016.02.29 06:14:05.767,0.80413,0.80424,1.00,2.25
2016.02.29 06:14:07.379,0.80413,0.80423,1.00,1.57
2016.02.29 06:14:07.430,0.80413,0.80418,1.00,1.00
2016.02.29 06:14:07.481,0.80411,0.80418,1.12,1.00
2016.02.29 06:14:07.987,0.80409,0.80418,1.00,1.00
2016.02.29 06:14:08.493,0.80408,0.8042,1.00,2.62
2016.02.29 06:14:10.167,0.80408,0.80419,1.37,1.57
2016.02.29 06:14:10.698,0.80408,0.80417,1.00,1.10
2016.02.29 06:14:11.213,0.80407,0.80416,1.00,1.00
2016.02.29 06:14:11.726,0.80407,0.80417,1.50,1.00
2016.02.29 06:14:12.233,0.80407,0.80417,1.12,1.12
2016.02.29 06:14:12.335,0.80405,0.80416,1.50,1.00
2016.02.29 06:14:13.140,0.80405,0.80415,1.12,1.00
2016.02.29 06:14:14.445,0.80405,0.80414,1.12,1.00
2016.02.29 06:14:14.921,0.80407,0.80416,1.37,1.00
2016.02.29 06:14:15.427,0.80407,0.80414,1.00,1.00
2016.02.29 06:14:15.748,0.80405,0.80414,1.50,1.00
2016.02.29 06:14:16.205,0.80405,0.80417,1.12,2.32
2016.02.29 06:14:17.376,0.80408,0.80417,1.00,1.07
2016.02.29 06:14:17.492,0.80408,0.80419,1.00,2.32
2016.02.29 06:14:18.335,0.80408,0.80418,1.00,1.47
2016.02.29 06:14:18.841,0.80408,0.80418,1.00,1.10
2016.02.29 06:14:19.846,0.80409,0.8042,1.00,2.32
2016.02.29 06:14:19.898,0.80407,0.8042,1.12,1.95
2016.02.29 06:14:19.999,0.80407,0.8042,1.00,6.00
2016.02.29 06:14:20.202,0.80407,0.8042,1.50,1.95
2016.02.29 06:14:20.254,0.8041,0.8042,1.00,1.47
2016.02.29 06:14:20.558,0.8041,0.80422,1.12,1.45
2016.02.29 06:14:20.609,0.80412,0.80423,1.00,2.70
2016.02.29 06:14:20.954,0.80412,0.80424,1.50,1.57
2016.02.29 06:14:21.464,0.80412,0.80424,1.50,1.47
2016.02.29 06:14:21.819,0.8041,0.80421,1.50,1.10
2016.02.29 06:14:21.870,0.8041,0.80421,1.12,1.95
2016.02.29 06:14:21.921,0.8041,0.8042,1.12,1.12
2016.02.29 06:14:22.428,0.80409,0.80418,1.00,1.10
2016.02.29 06:14:24.883,0.80409,0.80417,1.00,1.00
2016.02.29 06:14:25.969,0.80407,0.80417,1.37,1.00
2016.02.29 06:14:27.025,0.80407,0.80418,1.37,1.95
2016.02.29 06:14:30.074,0.80409,0.8042,1.00,1.95
2016.02.29 06:14:30.227,0.80409,0.80421,1.37,2.32
2016.02.29 06:14:30.278,0.80411,0.80422,1.00,1.20
2016.02.29 06:14:30.329,0.80413,0.80422,1.00,1.10
2016.02.29 06:14:30.634,0.80419,0.80427,1.00,1.00
2016.02.29 06:14:30.736,0.80419,0.80429,1.12,1.12
2016.02.29 06:14:31.596,0.8042,0.80433,1.00,1.75
2016.02.29 06:14:31.647,0.8042,0.80433,1.00,1.75
2016.02.29 06:14:31.749,0.8042,0.80433,1.12,1.00
2016.02.29 06:14:31.952,0.80423,0.80434,1.00,1.12
2016.02.29 06:14:32.564,0.80423,0.80433,1.00,1.00
2016.02.29 06:14:33.080,0.80423,0.80434,1.00,1.87
2016.02.29 06:14:34.574,0.80421,0.80431,1.12,1.00
2016.02.29 06:14:34.798,0.80417,0.8043,1.00,2.25
2016.02.29 06:14:34.856,0.8042,0.8043,1.00,1.75
2016.02.29 06:14:35.009,0.80423,0.80433,1.12,1.00
2016.02.29 06:14:35.061,0.80425,0.80435,1.00,1.20
2016.02.29 06:14:35.769,0.80424,0.80436,1.00,3.37
2016.02.29 06:14:36.301,0.80423,0.80435,1.00,1.10
2016.02.29 06:14:37.368,0.80423,0.80432,1.00,1.00
2016.02.29 06:14:38.212,0.80423,0.80434,1.12,1.00
2016.02.29 06:14:38.681,0.80422,0.80432,1.50,1.12
2016.02.29 06:14:38.985,0.8042,0.80432,1.00,2.32
2016.02.29 06:14:41.276,0.8042,0.80431,1.00,1.12
2016.02.29 06:14:41.740,0.80423,0.80433,1.00,1.10
2016.02.29 06:14:42.248,0.80423,0.80436,1.12,1.85
2016.02.29 06:14:42.501,0.80423,0.80436,1.50,1.57
2016.02.29 06:14:42.856,0.80424,0.80437,1.87,1.87
2016.02.29 06:14:43.058,0.80426,0.80437,1.50,1.00
2016.02.29 06:14:43.160,0.80429,0.8044,1.00,1.75
2016.02.29 06:14:43.312,0.80432,0.80442,1.00,1.50
2016.02.29 06:14:43.464,0.80432,0.80443,1.87,1.12
2016.02.29 06:14:43.515,0.80435,0.80445,1.00,1.50
2016.02.29 06:14:44.212,0.80433,0.80445,1.12,1.50
2016.02.29 06:14:44.718,0.80432,0.80444,1.57,1.00
2016.02.29 06:14:45.376,0.8043,0.80445,1.57,2.25
2016.02.29 06:14:45.482,0.80428,0.80442,1.47,1.37
2016.02.29 06:14:45.815,0.80427,0.80441,1.20,1.95
2016.02.29 06:14:46.321,0.80427,0.80441,1.10,1.85
2016.02.29 06:14:46.843,0.80427,0.80442,1.10,5.70
2016.02.29 06:14:48.706,0.80427,0.80437,1.10,1.50
2016.02.29 06:14:49.275,0.80427,0.80438,1.10,1.50
2016.02.29 06:14:49.781,0.80427,0.80439,1.10,1.12
2016.02.29 06:14:50.084,0.8043,0.80439,1.00,1.00
2016.02.29 06:14:50.595,0.80431,0.8044,1.00,1.00
2016.02.29 06:14:51.105,0.80431,0.80443,1.00,2.25
2016.02.29 06:14:51.680,0.80431,0.80443,1.12,1.50
2016.02.29 06:14:52.186,0.80431,0.80444,1.12,1.50
2016.02.29 06:14:52.394,0.80433,0.80444,1.00,1.00
2016.02.29 06:14:52.900,0.80434,0.80446,1.12,1.00
2016.02.29 06:14:53.213,0.80436,0.80447,1.00,1.57
2016.02.29 06:14:53.669,0.80438,0.8045,1.00,1.57
2016.02.29 06:14:54.106,0.80436,0.80449,1.00,1.65
2016.02.29 06:14:54.613,0.80436,0.80448,1.00,1.12
2016.02.29 06:14:54.968,0.80436,0.80448,1.00,2.62
2016.02.29 06:14:56.172,0.80433,0.80444,1.12,1.12
2016.02.29 06:14:56.476,0.80432,0.80445,1.12,3.00
2016.02.29 06:14:56.780,0.80432,0.80444,1.50,1.00
2016.02.29 06:14:57.097,0.8043,0.80443,1.50,1.95
2016.02.29 06:14:57.148,0.80429,0.80443,1.47,1.47
2016.02.29 06:14:57.453,0.80434,0.80443,1.37,1.12
2016.02.29 06:14:58.224,0.80434,0.80443,1.12,1.00
2016.02.29 06:14:58.835,0.80434,0.80442,1.12,1.00
2016.02.29 06:14:59.172,0.80436,0.80445,1.00,1.10
2016.02.29 06:14:59.223,0.8044,0.80445,1.00,1.12
2016.02.29 06:14:59.426,0.80441,0.80453,1.87,1.87
2016.02.29 06:14:59.730,0.80445,0.80455,1.00,1.00
2016.02.29 06:15:00.085,0.80441,0.80454,1.00,2.62
2016.02.29 06:15:00.597,0.80442,0.80455,1.12,1.12
2016.02.29 06:15:00.698,0.80442,0.80455,1.50,1.12
2016.02.29 06:15:00.851,0.80444,0.80456,1.00,1.50
2016.02.29 06:15:01.359,0.80445,0.80459,1.00,2.70
2016.02.29 06:15:02.504,0.80445,0.80459,1.12,1.47
2016.02.29 06:15:03.016,0.80445,0.80459,1.12,2.70
2016.02.29 06:15:03.421,0.80445,0.80458,2.25,1.50
2016.02.29 06:15:03.926,0.80446,0.80459,1.12,1.00
2016.02.29 06:15:04.364,0.80447,0.80461,2.25,1.50
2016.02.29 06:15:04.820,0.80451,0.80464,1.12,1.12
2016.02.29 06:15:05.364,0.8045,0.80463,1.00,3.45
2016.02.29 06:15:05.878,0.80448,0.80461,1.50,1.87
2016.02.29 06:15:06.233,0.80448,0.80459,1.50,1.00
2016.02.29 06:15:06.435,0.80448,0.80461,1.50,1.95
2016.02.29 06:15:08.281,0.80448,0.8046,1.50,1.00
2016.02.29 06:15:08.857,0.80449,0.80462,2.25,1.57
2016.02.29 06:15:08.908,0.80452,0.80462,1.00,1.10
2016.02.29 06:15:09.264,0.80452,0.80464,1.50,1.00
2016.02.29 06:15:09.484,0.80452,0.80462,1.50,1.00
2016.02.29 06:15:10.441,0.8045,0.80462,1.75,1.00
2016.02.29 06:15:10.830,0.80448,0.80463,1.75,3.07
2016.02.29 06:15:11.341,0.80451,0.80463,1.00,2.32
2016.02.29 06:15:11.646,0.80451,0.80464,1.50,2.40
2016.02.29 06:15:11.950,0.80451,0.80464,1.12,1.65
2016.02.29 06:15:12.461,0.80451,0.80463,1.12,1.12
2016.02.29 06:15:14.784,0.80451,0.80462,1.12,1.00
2016.02.29 06:15:15.645,0.8045,0.80461,1.50,1.00
2016.02.29 06:15:16.151,0.8045,0.8046,1.37,1.00
2016.02.29 06:15:16.405,0.80449,0.80458,1.75,1.00
2016.02.29 06:15:16.557,0.80449,0.80458,1.12,1.00
2016.02.29 06:15:17.138,0.80449,0.80458,1.37,1.00
2016.02.29 06:15:17.860,0.80445,0.80457,3.00,1.00
2016.02.29 06:15:18.064,0.80444,0.80457,3.00,1.00
2016.02.29 06:15:18.322,0.80444,0.80453,1.00,1.00
2016.02.29 06:15:18.526,0.80435,0.80447,1.27,1.00
2016.02.29 06:15:18.881,0.80431,0.80444,1.45,1.00
2016.02.29 06:15:19.382,0.8043,0.80444,1.57,3.00
2016.02.29 06:15:19.544,0.80429,0.80444,1.87,3.00
2016.02.29 06:15:20.088,0.80429,0.80444,1.57,3.00
2016.02.29 06:15:21.048,0.80429,0.80444,1.57,3.00
2016.02.29 06:15:22.897,0.80427,0.80441,3.37,1.00
2016.02.29 06:15:23.150,0.80427,0.80441,1.57,1.12
2016.02.29 06:15:23.677,0.80425,0.8044,2.32,1.00
2016.02.29 06:15:24.282,0.80424,0.80439,2.70,1.00
2016.02.29 06:15:24.435,0.80423,0.80438,1.20,1.12
2016.02.29 06:15:25.481,0.80422,0.80438,4.57,2.25
2016.02.29 06:15:27.040,0.80421,0.80436,3.37,1.12
2016.02.29 06:15:27.344,0.80422,0.80432,1.00,1.00
2016.02.29 06:15:27.659,0.80422,0.80434,1.00,1.50
2016.02.29 06:15:28.167,0.8042,0.80435,1.12,1.87
2016.02.29 06:15:29.390,0.8042,0.80433,1.00,2.25
2016.02.29 06:15:29.593,0.80418,0.80432,1.37,2.25
2016.02.29 06:15:30.183,0.80416,0.8043,1.50,1.00
2016.02.29 06:15:30.518,0.80415,0.80428,1.82,1.00
2016.02.29 06:15:30.935,0.80415,0.80425,2.32,1.00
2016.02.29 06:15:31.189,0.80415,0.80426,1.00,1.00
2016.02.29 06:15:31.697,0.80411,0.80424,3.52,1.00
2016.02.29 06:15:32.003,0.80405,0.80417,2.25,1.00
2016.02.29 06:15:32.054,0.80403,0.80416,1.45,1.00
2016.02.29 06:15:32.597,0.80403,0.80415,2.70,1.00
2016.02.29 06:15:32.952,0.80402,0.80412,1.20,1.00
2016.02.29 06:15:33.255,0.80398,0.80408,3.37,1.00
2016.02.29 06:15:33.357,0.80397,0.80407,1.85,1.00
2016.02.29 06:15:33.459,0.80396,0.80409,3.07,1.00
2016.02.29 06:15:33.816,0.80397,0.80407,1.75,1.00
2016.02.29 06:15:34.077,0.80394,0.80407,1.75,1.00
2016.02.29 06:15:34.381,0.80393,0.80405,3.37,1.00
2016.02.29 06:15:34.686,0.80392,0.80403,2.25,1.00
2016.02.29 06:15:35.002,0.8039,0.80397,1.95,1.00
2016.02.29 06:15:35.408,0.80389,0.80397,1.50,1.00
2016.02.29 06:15:35.672,0.80388,0.80397,1.57,1.00
2016.02.29 06:15:35.825,0.80388,0.80395,1.37,1.00
2016.02.29 06:15:36.132,0.80378,0.80392,2.32,1.00
2016.02.29 06:15:36.183,0.80378,0.80392,1.65,1.00
2016.02.29 06:15:36.689,0.80378,0.80394,2.32,1.87
2016.02.29 06:15:36.894,0.80378,0.80389,2.62,1.00
2016.02.29 06:15:37.436,0.80378,0.80389,1.10,1.00
2016.02.29 06:15:37.791,0.8038,0.8039,1.00,1.00
2016.02.29 06:15:37.994,0.8038,0.80392,1.10,1.00
2016.02.29 06:15:38.349,0.80376,0.80389,1.07,1.12
2016.02.29 06:15:38.666,0.80379,0.80393,1.37,2.25
2016.02.29 06:15:38.819,0.80383,0.80395,1.10,1.50
2016.02.29 06:15:38.921,0.80383,0.80398,1.10,3.07
2016.02.29 06:15:39.488,0.80382,0.80399,2.32,1.75
2016.02.29 06:15:40.023,0.80383,0.80397,1.47,1.00
2016.02.29 06:15:40.330,0.80382,0.80397,1.12,2.32
2016.02.29 06:15:40.432,0.80381,0.80395,1.10,2.25
2016.02.29 06:15:40.533,0.80379,0.80394,1.10,2.25
2016.02.29 06:15:40.787,0.80378,0.80392,1.20,1.75
2016.02.29 06:15:41.294,0.80378,0.80392,1.00,2.25
2016.02.29 06:15:41.586,0.8038,0.80396,1.20,1.95
2016.02.29 06:15:41.688,0.80381,0.80396,1.47,3.37
2016.02.29 06:15:41.993,0.80382,0.80396,1.65,1.50
2016.02.29 06:15:42.650,0.80383,0.80398,1.12,2.25
2016.02.29 06:15:42.802,0.80384,0.804,1.12,5.62
2016.02.29 06:15:43.714,0.80383,0.804,2.32,3.37
2016.02.29 06:15:46.637,0.80384,0.804,1.12,4.50
2016.02.29 06:15:47.230,0.80383,0.80399,1.47,5.70
2016.02.29 06:15:47.382,0.80383,0.80397,1.20,1.75
2016.02.29 06:15:47.838,0.80383,0.80398,1.57,1.50
2016.02.29 06:15:49.405,0.80383,0.804,2.25,3.90
2016.02.29 06:15:50.283,0.80383,0.804,3.00,1.95
2016.02.29 06:15:50.334,0.80387,0.80399,1.00,1.00
2016.02.29 06:15:51.001,0.80387,0.80399,1.00,1.12
2016.02.29 06:15:51.437,0.80387,0.80393,1.00,1.00
2016.02.29 06:15:51.539,0.80378,0.80394,2.25,1.95
2016.02.29 06:15:51.742,0.80377,0.80394,1.75,4.12
2016.02.29 06:15:51.844,0.80378,0.80394,3.00,3.37
2016.02.29 06:15:52.350,0.8038,0.80394,1.75,1.50
2016.02.29 06:15:56.433,0.80379,0.80395,3.82,2.70
2016.02.29 06:15:56.484,0.80379,0.80395,3.82,2.70
2016.02.29 06:15:56.737,0.80378,0.80393,1.20,1.47
2016.02.29 06:15:56.839,0.80378,0.80391,1.00,1.75
2016.02.29 06:15:56.940,0.80376,0.80391,3.75,2.25
2016.02.29 06:15:57.042,0.80376,0.8039,2.25,1.57
2016.02.29 06:15:57.144,0.80376,0.80389,1.00,1.27
2016.02.29 06:15:57.195,0.80375,0.80389,2.25,1.95
2016.02.29 06:15:57.736,0.80374,0.80386,3.00,1.00
2016.02.29 06:15:58.142,0.80374,0.80388,2.25,1.20
2016.02.29 06:15:58.649,0.80376,0.80389,1.50,2.32
2016.02.29 06:15:59.171,0.80376,0.80389,1.75,1.12
2016.02.29 06:15:59.677,0.80377,0.80391,1.75,1.20
2016.02.29 06:16:00.185,0.80377,0.80391,1.75,1.47
2016.02.29 06:16:00.653,0.80377,0.80392,1.75,1.57
2016.02.29 06:16:01.479,0.80377,0.80392,2.25,2.32
2016.02.29 06:16:02.144,0.80377,0.80392,2.25,3.07
2016.02.29 06:16:02.571,0.80382,0.80394,1.00,1.00
2016.02.29 06:16:03.539,0.80382,0.80395,1.00,1.00
2016.02.29 06:16:06.812,0.80382,0.80394,1.00,1.00
2016.02.29 06:16:07.416,0.80382,0.80395,1.37,1.75
2016.02.29 06:16:09.246,0.80382,0.80396,1.45,1.75
2016.02.29 06:16:09.993,0.80381,0.80397,2.02,2.25
2016.02.29 06:16:12.151,0.80381,0.80397,2.70,1.00
2016.02.29 06:16:12.454,0.80385,0.80399,1.47,1.00
2016.02.29 06:16:12.758,0.80386,0.804,1.50,1.12
2016.02.29 06:16:13.975,0.80386,0.80402,2.25,1.20
2016.02.29 06:16:14.178,0.80389,0.80401,1.75,1.00
2016.02.29 06:16:14.432,0.80391,0.80403,1.00,2.32
2016.02.29 06:16:14.942,0.80391,0.80402,1.00,1.00
2016.02.29 06:16:15.145,0.80395,0.80403,1.37,1.50
2016.02.29 06:16:15.450,0.80398,0.80407,1.37,1.50
2016.02.29 06:16:16.458,0.80398,0.80407,1.37,1.50
2016.02.29 06:16:16.804,0.804,0.80409,1.37,1.00
2016.02.29 06:16:17.107,0.80403,0.80412,1.37,1.50
2016.02.29 06:16:17.633,0.80404,0.80412,1.37,1.50
2016.02.29 06:16:19.152,0.80403,0.80412,1.37,1.50
2016.02.29 06:16:19.656,0.80404,0.80412,1.37,1.50
2016.02.29 06:16:22.567,0.80403,0.80412,1.37,1.12
2016.02.29 06:16:22.871,0.80406,0.80415,1.37,1.00
2016.02.29 06:16:23.175,0.80406,0.80413,1.37,1.00
2016.02.29 06:16:23.711,0.80405,0.80413,1.37,1.00
2016.02.29 06:16:25.153,0.80403,0.80413,1.37,1.50
2016.02.29 06:16:25.204,0.80403,0.80412,1.37,1.37
2016.02.29 06:16:25.428,0.80399,0.8041,1.37,1.75
2016.02.29 06:16:25.531,0.80397,0.80411,1.50,5.25
2016.02.29 06:16:25.744,0.80395,0.80407,1.87,1.00
2016.02.29 06:16:25.896,0.80395,0.80408,1.47,1.75
2016.02.29 06:16:26.404,0.80395,0.80406,1.37,1.75
2016.02.29 06:16:26.914,0.80394,0.80406,1.37,3.75
2016.02.29 06:16:27.369,0.80392,0.80405,1.57,1.75
2016.02.29 06:16:27.875,0.80395,0.80403,1.37,1.00
2016.02.29 06:16:29.161,0.80396,0.80406,1.37,2.25
2016.02.29 06:16:29.313,0.80395,0.80408,1.50,1.75
2016.02.29 06:16:29.364,0.80398,0.80409,1.37,3.75
2016.02.29 06:16:29.720,0.80398,0.80408,1.37,1.00
2016.02.29 06:16:30.331,0.80398,0.8041,1.37,2.25
2016.02.29 06:16:31.238,0.80399,0.80409,1.37,1.75
2016.02.29 06:16:31.744,0.80398,0.8041,1.37,2.25
2016.02.29 06:16:32.008,0.80398,0.80409,1.37,3.00
2016.02.29 06:16:32.514,0.80399,0.80409,1.37,2.25
2016.02.29 06:16:32.869,0.80396,0.80408,1.37,1.50
2016.02.29 06:16:33.492,0.80395,0.80408,1.37,3.00
2016.02.29 06:16:34.005,0.80396,0.80408,1.37,3.00
2016.02.29 06:16:34.360,0.80394,0.80405,1.37,1.12
2016.02.29 06:16:35.165,0.80395,0.80405,1.37,1.12
2016.02.29 06:16:36.759,0.80396,0.80408,1.47,3.00
2016.02.29 06:16:37.276,0.80397,0.80408,1.57,3.75
2016.02.29 06:16:37.579,0.80395,0.80407,1.37,2.25
2016.02.29 06:16:38.090,0.80395,0.80407,1.37,2.25
2016.02.29 06:16:38.471,0.80392,0.80406,1.87,3.00
2016.02.29 06:16:38.985,0.80393,0.80405,1.47,2.25
2016.02.29 06:16:39.506,0.80393,0.80404,1.47,1.75
2016.02.29 06:16:39.658,0.80389,0.804,1.57,1.00
2016.02.29 06:16:40.031,0.80387,0.80401,1.57,2.25
2016.02.29 06:16:40.894,0.80388,0.80401,1.37,2.25
2016.02.29 06:16:41.198,0.8039,0.80402,1.47,1.75
2016.02.29 06:16:41.352,0.8039,0.80404,1.57,1.75
2016.02.29 06:16:42.874,0.80391,0.80405,1.47,2.25
2016.02.29 06:16:43.399,0.80391,0.80405,1.87,2.25
2016.02.29 06:16:45.368,0.80391,0.80405,1.95,1.50
2016.02.29 06:16:48.192,0.80393,0.80406,1.47,1.75
2016.02.29 06:16:48.687,0.80393,0.80408,1.47,1.75
2016.02.29 06:16:49.824,0.80394,0.80407,1.50,1.00
2016.02.29 06:16:49.875,0.80395,0.8041,1.37,3.75
2016.02.29 06:16:50.413,0.80396,0.80409,1.37,1.75
2016.02.29 06:16:50.964,0.80395,0.8041,1.37,4.50
2016.02.29 06:16:51.722,0.80396,0.8041,1.37,3.75
2016.02.29 06:16:52.229,0.80395,0.8041,1.50,1.75
2016.02.29 06:16:53.334,0.80395,0.80409,1.75,1.00
2016.02.29 06:16:54.224,0.80396,0.8041,4.87,1.00
2016.02.29 06:16:54.530,0.80398,0.80414,1.12,3.07
2016.02.29 06:16:57.633,0.80401,0.80411,1.00,1.00
2016.02.29 06:16:58.207,0.804,0.80411,1.00,1.00
2016.02.29 06:16:58.413,0.804,0.80413,1.00,1.50
2016.02.29 06:16:58.933,0.804,0.80412,1.00,1.00
2016.02.29 06:16:59.439,0.804,0.80413,1.00,1.50
2016.02.29 06:17:01.138,0.80397,0.80413,1.20,2.25
2016.02.29 06:17:01.189,0.80397,0.80413,1.47,2.25
2016.02.29 06:17:04.647,0.804,0.80412,1.87,1.00
2016.02.29 06:17:05.188,0.804,0.80413,2.02,1.00
2016.02.29 06:17:09.099,0.804,0.80413,3.45,1.00
2016.02.29 06:17:09.353,0.80407,0.80421,2.32,1.00
2016.02.29 06:17:09.556,0.80409,0.80425,1.50,4.50
2016.02.29 06:17:09.860,0.80414,0.80427,1.50,1.50
2016.02.29 06:17:10.265,0.80413,0.80427,1.75,1.12
2016.02.29 06:17:10.972,0.80415,0.80428,1.00,1.87
2016.02.29 06:17:12.668,0.80414,0.80428,1.37,1.37
2016.02.29 06:17:12.972,0.8042,0.80432,1.57,1.37
2016.02.29 06:17:13.892,0.8042,0.80432,1.47,1.00
2016.02.29 06:17:14.650,0.80421,0.80434,1.37,1.75
2016.02.29 06:17:15.424,0.8042,0.80434,1.87,1.75
2016.02.29 06:17:16.370,0.80419,0.80434,1.50,1.87
2016.02.29 06:17:16.877,0.80417,0.80433,4.57,1.85
2016.02.29 06:17:18.609,0.80418,0.80432,1.50,1.12
2016.02.29 06:17:21.486,0.80418,0.80433,1.50,1.95
2016.02.29 06:17:21.537,0.80418,0.80433,1.95,1.57
2016.02.29 06:17:22.095,0.80418,0.80432,1.00,2.62
2016.02.29 06:17:22.399,0.80413,0.80429,4.65,1.50
2016.02.29 06:17:23.512,0.80416,0.80429,1.00,1.50
2016.02.29 06:17:24.387,0.80411,0.80428,4.87,2.70
2016.02.29 06:17:24.901,0.80411,0.80427,3.07,1.20
2016.02.29 06:17:25.838,0.80412,0.80428,2.25,2.62
2016.02.29 06:17:28.122,0.80412,0.80428,3.82,1.75
2016.02.29 06:17:28.655,0.80413,0.80428,1.87,1.50
2016.02.29 06:17:29.110,0.80415,0.8043,1.20,1.95
2016.02.29 06:17:29.162,0.80418,0.8043,1.00,1.00
2016.02.29 06:17:29.212,0.80417,0.80432,2.32,5.25
2016.02.29 06:17:29.723,0.80417,0.80432,1.95,1.57
2016.02.29 06:17:30.229,0.80419,0.80433,1.00,2.70
2016.02.29 06:17:30.593,0.80419,0.80433,1.37,1.20
2016.02.29 06:17:30.948,0.80419,0.80432,1.00,1.00
2016.02.29 06:17:31.464,0.80418,0.80431,1.10,1.00
2016.02.29 06:17:32.325,0.80417,0.80432,2.70,1.37
2016.02.29 06:17:32.628,0.80419,0.80432,1.95,1.00
2016.02.29 06:17:33.142,0.80419,0.80433,1.95,1.50
2016.02.29 06:17:33.447,0.80422,0.80435,1.47,1.20
2016.02.29 06:17:34.206,0.80421,0.80436,1.20,2.62
2016.02.29 06:17:34.308,0.80422,0.80436,1.87,1.20
2016.02.29 06:17:34.409,0.80423,0.80438,2.25,2.77
2016.02.29 06:17:34.839,0.80423,0.80436,1.95,1.00
2016.02.29 06:17:35.345,0.80423,0.80437,2.62,1.12
2016.02.29 06:17:35.498,0.80423,0.80438,3.75,1.20
2016.02.29 06:17:35.600,0.80425,0.80439,2.25,1.12
2016.02.29 06:17:35.753,0.80428,0.8044,1.50,1.10
2016.02.29 06:17:35.944,0.80428,0.80443,2.32,2.70
2016.02.29 06:17:36.305,0.80431,0.80444,1.50,2.32
2016.02.29 06:17:39.016,0.80431,0.80443,1.75,1.47
2016.02.29 06:17:39.615,0.80431,0.80442,1.50,1.07
2016.02.29 06:17:39.918,0.8043,0.80442,1.37,1.87
2016.02.29 06:17:40.468,0.8043,0.80441,1.12,1.57
2016.02.29 06:17:40.671,0.8043,0.80442,1.12,2.25
2016.02.29 06:17:41.191,0.8043,0.80442,1.12,2.32
2016.02.29 06:17:42.326,0.8043,0.80442,1.50,1.07
2016.02.29 06:17:43.066,0.80428,0.8044,1.57,1.00
2016.02.29 06:17:43.117,0.80428,0.8044,1.00,3.37
2016.02.29 06:17:43.421,0.80419,0.8043,1.50,1.37
2016.02.29 06:17:43.674,0.80415,0.80429,1.65,2.25
2016.02.29 06:17:44.183,0.80415,0.80427,1.75,1.45
2016.02.29 06:17:47.521,0.80415,0.80427,1.75,1.37
2016.02.29 06:17:47.622,0.80415,0.80426,1.00,1.07
2016.02.29 06:17:48.432,0.80415,0.80426,1.00,1.95
2016.02.29 06:17:48.483,0.80413,0.80424,1.50,1.50
2016.02.29 06:17:48.534,0.80411,0.80423,1.10,1.12
2016.02.29 06:17:49.040,0.80411,0.80422,1.00,1.07
2016.02.29 06:17:49.142,0.80409,0.80421,1.37,1.12
2016.02.29 06:17:49.447,0.80408,0.80418,1.00,1.07
2016.02.29 06:17:50.010,0.80408,0.80418,1.00,1.20
2016.02.29 06:17:51.316,0.80408,0.80419,1.37,1.20
2016.02.29 06:17:51.824,0.80408,0.80421,1.37,2.32
2016.02.29 06:17:52.327,0.8041,0.80421,1.00,1.57
2016.02.29 06:17:53.238,0.8041,0.80423,1.00,2.77
2016.02.29 06:17:53.289,0.80412,0.80423,1.00,1.65
2016.02.29 06:17:53.593,0.80414,0.80426,1.20,1.50
2016.02.29 06:17:53.926,0.80417,0.80427,1.00,1.87
2016.02.29 06:17:54.433,0.80417,0.80427,1.00,1.50
2016.02.29 06:17:54.535,0.80418,0.80428,1.00,1.10
2016.02.29 06:17:55.042,0.80418,0.80429,1.10,1.10
2016.02.29 06:17:55.676,0.80419,0.80429,1.00,1.00
2016.02.29 06:17:56.242,0.8042,0.80431,1.00,1.20
2016.02.29 06:17:56.293,0.80422,0.80433,1.12,1.50
2016.02.29 06:17:56.395,0.80422,0.80434,1.50,1.12
2016.02.29 06:17:56.922,0.80425,0.80436,1.00,1.87
2016.02.29 06:17:57.682,0.80425,0.80437,1.10,1.87
2016.02.29 06:17:58.189,0.80425,0.80438,1.50,1.85
2016.02.29 06:17:58.742,0.80425,0.80438,1.87,2.25
2016.02.29 06:18:00.015,0.80425,0.80436,1.45,2.25
2016.02.29 06:18:00.120,0.80423,0.80434,1.12,1.00
2016.02.29 06:18:00.171,0.80421,0.80434,1.95,1.12
2016.02.29 06:18:00.375,0.80418,0.80431,3.07,1.57
2016.02.29 06:18:00.431,0.80418,0.80431,1.57,4.20
2016.02.29 06:18:00.736,0.8042,0.80431,1.12,2.32
2016.02.29 06:18:00.888,0.80424,0.80436,1.00,2.32
2016.02.29 06:18:01.091,0.80424,0.80435,1.57,1.00
2016.02.29 06:18:02.037,0.80425,0.80435,1.50,1.00
2016.02.29 06:18:03.890,0.80425,0.80436,1.85,1.12
2016.02.29 06:18:04.396,0.80427,0.80438,1.12,1.47
2016.02.29 06:18:05.165,0.80427,0.80435,1.12,1.00
2016.02.29 06:18:05.216,0.80424,0.80435,2.62,1.12
2016.02.29 06:18:05.370,0.80423,0.80435,1.07,2.25
2016.02.29 06:18:05.876,0.80422,0.80435,2.32,2.25
2016.02.29 06:18:06.408,0.80423,0.80435,1.47,2.25
2016.02.29 06:18:06.914,0.80422,0.80435,1.57,1.50
2016.02.29 06:18:07.416,0.80422,0.80435,1.20,1.57
2016.02.29 06:18:07.944,0.80422,0.80436,1.57,2.32
2016.02.29 06:18:08.828,0.80422,0.80435,1.57,1.75
2016.02.29 06:18:09.133,0.80417,0.80427,1.95,1.37
2016.02.29 06:18:09.184,0.80415,0.80426,1.12,1.00
2016.02.29 06:18:09.387,0.80414,0.80428,3.00,1.27
2016.02.29 06:18:09.488,0.80414,0.80426,2.77,1.10
2016.02.29 06:18:09.985,0.80412,0.80425,1.95,1.57
2016.02.29 06:18:10.492,0.80412,0.80426,2.32,1.95
2016.02.29 06:18:10.998,0.80412,0.80426,1.20,1.75
2016.02.29 06:18:15.241,0.80411,0.80423,1.87,1.00
2016.02.29 06:18:15.550,0.80411,0.80422,1.20,1.95
2016.02.29 06:18:16.059,0.8041,0.80421,1.07,1.50
2016.02.29 06:18:16.561,0.80409,0.80421,1.95,1.95
2016.02.29 06:18:17.327,0.80409,0.80422,1.87,1.85
2016.02.29 06:18:18.482,0.80409,0.80422,2.25,1.65
2016.02.29 06:18:19.011,0.80409,0.80422,1.95,1.12
2016.02.29 06:18:19.393,0.80409,0.80419,1.20,1.12
2016.02.29 06:18:19.596,0.80407,0.80418,1.87,1.00
2016.02.29 06:18:21.706,0.80407,0.80419,2.25,1.00
2016.02.29 06:18:22.213,0.80407,0.80419,1.87,1.37
2016.02.29 06:18:23.468,0.80407,0.80419,1.12,1.57
2016.02.29 06:18:23.923,0.80407,0.80419,1.57,1.10
2016.02.29 06:18:24.429,0.80409,0.8042,1.12,1.00
2016.02.29 06:18:24.994,0.80409,0.8042,1.12,1.50
2016.02.29 06:18:25.501,0.80409,0.8042,1.50,1.50
2016.02.29 06:18:25.654,0.80409,0.80421,2.25,1.00
2016.02.29 06:18:26.160,0.80411,0.80422,1.20,1.10
2016.02.29 06:18:26.313,0.80413,0.80424,1.10,2.02
2016.02.29 06:18:26.908,0.80413,0.80425,1.12,1.00
2016.02.29 06:18:27.415,0.80414,0.80426,1.12,1.12
2016.02.29 06:18:29.581,0.80414,0.80427,1.50,1.12
2016.02.29 06:18:30.124,0.80416,0.80427,1.00,1.00
2016.02.29 06:18:30.430,0.80419,0.80431,1.50,1.95
2016.02.29 06:18:30.735,0.80417,0.80429,1.12,2.70
2016.02.29 06:18:31.039,0.80415,0.80426,1.12,1.47
2016.02.29 06:18:31.570,0.80415,0.80427,1.00,3.37
2016.02.29 06:18:32.096,0.80415,0.80427,1.00,4.20
2016.02.29 06:18:33.332,0.80415,0.80424,1.00,1.00
2016.02.29 06:18:33.585,0.80413,0.80423,1.00,1.00
2016.02.29 06:18:33.686,0.80413,0.80422,1.00,2.25
2016.02.29 06:18:33.838,0.8041,0.8042,1.00,1.12
2016.02.29 06:18:34.368,0.8041,0.8042,1.00,2.32
2016.02.29 06:18:35.241,0.8041,0.80421,1.00,3.07
2016.02.29 06:18:35.342,0.80412,0.80421,1.00,2.40
2016.02.29 06:18:35.883,0.80411,0.80421,1.12,3.37
2016.02.29 06:18:40.207,0.80411,0.80419,1.00,1.95
2016.02.29 06:18:40.550,0.80409,0.80418,1.00,1.50
2016.02.29 06:18:41.056,0.80408,0.80416,1.00,1.07
2016.02.29 06:18:41.708,0.80408,0.80415,1.00,1.07
2016.02.29 06:18:42.012,0.80408,0.80417,1.12,1.57
2016.02.29 06:18:42.367,0.80409,0.80418,1.37,1.87
2016.02.29 06:18:42.418,0.80409,0.80421,1.50,1.57
2016.02.29 06:18:42.931,0.80411,0.80422,1.50,1.07
2016.02.29 06:18:43.455,0.80414,0.80423,1.00,1.37
2016.02.29 06:18:43.506,0.80415,0.80424,1.00,1.20
2016.02.29 06:18:44.040,0.80415,0.80425,1.00,1.07
2016.02.29 06:18:44.662,0.80415,0.80425,1.37,1.07
2016.02.29 06:18:44.951,0.80418,0.80427,1.00,1.95
2016.02.29 06:18:45.458,0.80418,0.80429,1.00,1.95
2016.02.29 06:18:46.619,0.80417,0.80429,1.00,1.95
2016.02.29 06:18:50.257,0.80416,0.80429,1.20,2.70
2016.02.29 06:18:52.031,0.80418,0.80429,1.00,2.70
2016.02.29 06:18:52.563,0.80419,0.80429,1.00,1.47
2016.02.29 06:18:52.765,0.80419,0.80429,1.00,1.10
2016.02.29 06:18:53.871,0.80418,0.8043,1.00,1.57
2016.02.29 06:18:54.379,0.80418,0.8043,1.00,2.32
2016.02.29 06:18:55.787,0.80418,0.80431,1.57,1.95
2016.02.29 06:18:55.939,0.8042,0.80431,1.10,1.12
2016.02.29 06:18:56.091,0.80422,0.80433,1.00,1.10
2016.02.29 06:18:57.462,0.80424,0.80433,1.00,1.10
2016.02.29 06:18:57.766,0.80421,0.80434,1.00,1.57
2016.02.29 06:18:58.272,0.80421,0.80432,1.00,1.12
2016.02.29 06:19:00.996,0.8042,0.80431,1.12,3.75
2016.02.29 06:19:01.148,0.80417,0.80429,1.00,3.45
2016.02.29 06:19:01.301,0.80415,0.80429,1.20,4.57
2016.02.29 06:19:01.813,0.80415,0.80426,1.10,1.00
2016.02.29 06:19:07.255,0.80418,0.80428,1.00,1.85
2016.02.29 06:19:07.908,0.80418,0.80427,1.00,1.00
2016.02.29 06:19:08.212,0.80418,0.80428,1.00,1.85
2016.02.29 06:19:10.214,0.80418,0.80427,1.00,1.00
2016.02.29 06:19:11.236,0.80418,0.80428,1.00,1.00
2016.02.29 06:19:11.288,0.80418,0.80429,1.00,1.50
2016.02.29 06:19:13.604,0.80418,0.80428,1.10,1.00
2016.02.29 06:19:13.706,0.80418,0.80429,1.10,1.95
2016.02.29 06:19:14.237,0.80419,0.8043,1.12,1.45
2016.02.29 06:19:14.288,0.80419,0.8043,1.12,1.07
2016.02.29 06:19:14.642,0.80419,0.80428,1.00,1.47
2016.02.29 06:19:14.744,0.80419,0.80429,1.00,1.87
2016.02.29 06:19:15.625,0.80419,0.80428,1.00,1.07
2016.02.29 06:19:17.176,0.80419,0.80429,1.00,1.12
2016.02.29 06:19:17.724,0.8042,0.8043,1.12,1.45
2016.02.29 06:19:18.130,0.80423,0.80433,1.00,1.95
2016.02.29 06:19:18.282,0.80424,0.80435,1.00,1.50
2016.02.29 06:19:19.399,0.80424,0.80436,1.10,2.32
2016.02.29 06:19:19.905,0.80424,0.80435,1.10,1.12
2016.02.29 06:19:20.411,0.80424,0.80435,1.10,1.12
2016.02.29 06:19:20.574,0.80424,0.80437,1.00,1.82
2016.02.29 06:19:20.625,0.80427,0.80437,1.00,1.50
2016.02.29 06:19:21.136,0.80427,0.80438,1.00,1.82
2016.02.29 06:19:23.445,0.80427,0.80438,1.00,5.32
2016.02.29 06:19:23.597,0.80423,0.80434,1.00,1.10
2016.02.29 06:19:23.647,0.80423,0.80435,1.00,3.82
2016.02.29 06:19:23.799,0.80421,0.80434,1.20,1.50
2016.02.29 06:19:24.440,0.80421,0.80431,1.00,1.00
2016.02.29 06:19:27.199,0.80421,0.80433,1.00,1.82
2016.02.29 06:19:27.664,0.80424,0.80433,1.00,1.12
2016.02.29 06:19:28.199,0.80424,0.80435,1.00,1.20
2016.02.29 06:19:31.174,0.80424,0.80434,1.00,3.82
2016.02.29 06:19:31.225,0.80422,0.80432,1.10,1.75
2016.02.29 06:19:31.730,0.8042,0.80432,1.87,1.57
2016.02.29 06:19:31.831,0.8042,0.80429,1.27,1.00
2016.02.29 06:19:32.034,0.80422,0.80432,1.00,1.12
2016.02.29 06:19:32.236,0.80422,0.80433,1.00,1.87
2016.02.29 06:19:32.500,0.8042,0.80431,1.20,1.75
2016.02.29 06:19:32.906,0.80421,0.80432,1.00,1.45
2016.02.29 06:19:33.698,0.80421,0.80431,1.00,1.20
2016.02.29 06:19:34.800,0.80421,0.80432,1.10,1.37
2016.02.29 06:19:34.851,0.80423,0.80434,1.00,1.82
2016.02.29 06:19:35.054,0.80423,0.80434,1.00,1.20
2016.02.29 06:19:36.064,0.80423,0.80435,1.00,1.82
2016.02.29 06:19:36.578,0.80423,0.80435,1.00,1.50
2016.02.29 06:19:44.623,0.8042,0.80434,1.95,1.95
2016.02.29 06:19:44.674,0.8042,0.80433,1.57,3.07
2016.02.29 06:19:45.221,0.8042,0.8043,1.00,1.45
2016.02.29 06:19:45.732,0.80419,0.8043,1.10,1.45
2016.02.29 06:19:48.486,0.80419,0.80429,1.10,1.07
2016.02.29 06:19:48.790,0.80417,0.80427,1.00,1.47
2016.02.29 06:19:48.841,0.80415,0.80426,1.10,1.50
2016.02.29 06:19:49.044,0.80413,0.80423,1.50,1.07
2016.02.29 06:19:49.348,0.80412,0.80422,1.00,1.20
2016.02.29 06:19:49.755,0.80412,0.80422,1.00,1.45
2016.02.29 06:19:49.907,0.8041,0.80421,1.00,1.50
2016.02.29 06:19:50.593,0.8041,0.8042,1.00,1.20
2016.02.29 06:19:50.998,0.80408,0.80421,1.27,1.82
2016.02.29 06:19:51.100,0.80407,0.80419,1.12,1.37
2016.02.29 06:19:51.252,0.80404,0.80417,1.50,1.95
2016.02.29 06:19:51.758,0.80404,0.80416,1.00,1.45
2016.02.29 06:19:52.274,0.80403,0.80415,1.12,1.50
2016.02.29 06:19:52.628,0.80398,0.80413,2.62,3.07
2016.02.29 06:19:52.933,0.80396,0.80409,1.95,2.70
2016.02.29 06:19:52.984,0.80396,0.80408,1.12,1.20
2016.02.29 06:19:53.288,0.80397,0.8041,1.47,1.45
2016.02.29 06:19:53.352,0.80398,0.80411,1.50,1.20
2016.02.29 06:19:53.403,0.80398,0.80411,1.50,1.07
2016.02.29 06:19:54.288,0.80397,0.80411,1.50,2.62
2016.02.29 06:19:54.339,0.80397,0.80411,1.45,2.20
2016.02.29 06:19:54.869,0.80396,0.80409,1.50,1.47
2016.02.29 06:19:54.920,0.80396,0.80409,1.10,1.57
2016.02.29 06:19:56.287,0.80396,0.80408,1.10,1.57
2016.02.29 06:19:56.389,0.80393,0.80407,2.25,1.50
2016.02.29 06:19:56.613,0.80393,0.80406,1.10,1.20
2016.02.29 06:19:57.120,0.80391,0.80405,2.25,1.82
2016.02.29 06:19:57.970,0.80391,0.80404,1.20,1.07
2016.02.29 06:19:58.285,0.80388,0.80401,1.07,1.10
2016.02.29 06:19:58.603,0.80387,0.80401,1.75,1.27
2016.02.29 06:19:58.704,0.80386,0.80401,1.57,1.82
2016.02.29 06:19:59.211,0.80386,0.80398,1.20,1.00
2016.02.29 06:19:59.312,0.80386,0.80398,1.10,1.50
2016.02.29 06:20:01.716,0.80385,0.80399,2.25,1.20
2016.02.29 06:20:02.390,0.80385,0.80398,1.87,1.57
2016.02.29 06:20:02.940,0.80386,0.80399,1.57,1.57
2016.02.29 06:20:03.193,0.80387,0.804,2.32,1.07
2016.02.29 06:20:04.335,0.80388,0.804,1.50,1.12
2016.02.29 06:20:04.850,0.80388,0.80399,1.50,1.12
2016.02.29 06:20:05.356,0.80388,0.80398,1.00,1.20
2016.02.29 06:20:05.863,0.80386,0.80397,1.37,1.07
2016.02.29 06:20:06.369,0.80385,0.80397,1.37,1.20
2016.02.29 06:20:07.303,0.80384,0.80397,1.85,1.12
2016.02.29 06:20:07.607,0.80385,0.80396,1.00,1.50
2016.02.29 06:20:08.023,0.80383,0.80395,1.20,1.47
2016.02.29 06:20:08.429,0.80381,0.80392,2.25,1.57
2016.02.29 06:20:10.513,0.80381,0.80394,3.00,2.25
2016.02.29 06:20:10.817,0.80381,0.80393,3.00,1.45
2016.02.29 06:20:11.316,0.80382,0.80394,2.32,1.50
2016.02.29 06:20:11.519,0.80383,0.80395,1.57,1.10
2016.02.29 06:20:12.026,0.80384,0.80397,1.95,1.57
2016.02.29 06:20:12.179,0.80385,0.80399,1.87,2.62
2016.02.29 06:20:12.230,0.80387,0.80399,1.00,3.07
2016.02.29 06:20:12.332,0.80387,0.80399,1.50,1.07
2016.02.29 06:20:12.434,0.80386,0.80398,1.10,1.20
2016.02.29 06:20:13.178,0.80386,0.80398,2.25,1.87
2016.02.29 06:20:13.634,0.80389,0.80401,1.00,2.25
2016.02.29 06:20:13.938,0.80389,0.80402,2.40,1.45
2016.02.29 06:20:14.090,0.80392,0.80404,1.00,1.20
2016.02.29 06:20:14.293,0.80393,0.80406,1.50,2.25
2016.02.29 06:20:14.471,0.80394,0.80407,3.07,1.47
2016.02.29 06:20:14.726,0.80397,0.80409,1.10,1.50
2016.02.29 06:20:15.243,0.80397,0.80409,1.12,1.12
2016.02.29 06:20:15.944,0.80397,0.8041,1.87,1.20
2016.02.29 06:20:16.259,0.804,0.80412,1.10,1.20
2016.02.29 06:20:16.413,0.804,0.80413,1.57,1.12
2016.02.29 06:20:16.514,0.80402,0.80415,1.12,1.57
2016.02.29 06:20:17.750,0.804,0.80412,1.95,1.10
2016.02.29 06:20:18.269,0.80401,0.80412,1.10,1.07
2016.02.29 06:20:18.725,0.80399,0.80411,1.57,1.57
2016.02.29 06:20:19.230,0.80399,0.8041,1.50,1.50
2016.02.29 06:20:21.469,0.80399,0.8041,1.37,1.57
2016.02.29 06:20:23.429,0.804,0.80413,1.65,1.95
2016.02.29 06:20:23.481,0.804,0.80414,2.70,1.50
2016.02.29 06:20:23.632,0.80403,0.80415,1.12,1.57
2016.02.29 06:20:23.886,0.80403,0.80417,1.12,1.57
2016.02.29 06:20:25.573,0.80403,0.80417,1.50,1.57
2016.02.29 06:20:27.049,0.80404,0.80418,1.50,1.87
2016.02.29 06:20:27.252,0.80407,0.8042,1.00,1.95
2016.02.29 06:20:27.841,0.80406,0.8042,2.02,1.50
2016.02.29 06:20:28.360,0.80406,0.80421,2.77,2.25
2016.02.29 06:20:29.672,0.80408,0.80421,1.50,2.25
2016.02.29 06:20:30.183,0.80407,0.8042,1.00,1.20
2016.02.29 06:20:30.335,0.80406,0.8042,1.12,1.95
2016.02.29 06:20:30.689,0.80407,0.80421,1.12,1.57
2016.02.29 06:20:30.790,0.80407,0.8042,1.20,1.47
2016.02.29 06:20:32.900,0.80407,0.8042,1.57,1.87
2016.02.29 06:20:33.407,0.80408,0.80421,1.20,1.20
2016.02.29 06:20:33.955,0.80408,0.80422,1.10,3.00
2016.02.29 06:20:34.259,0.80409,0.80422,1.37,3.00
2016.02.29 06:20:35.367,0.80409,0.80423,1.65,3.00
2016.02.29 06:20:35.906,0.8041,0.80423,1.50,2.25
2016.02.29 06:20:36.431,0.8041,0.80423,1.00,2.25
2016.02.29 06:20:37.501,0.8041,0.80422,1.12,1.00
2016.02.29 06:20:38.087,0.8041,0.80421,1.37,1.00
2016.02.29 06:20:38.188,0.80408,0.80421,1.07,1.50
2016.02.29 06:20:38.804,0.80407,0.8042,1.57,1.00
2016.02.29 06:20:39.551,0.80407,0.8042,2.25,1.00
2016.02.29 06:20:40.056,0.8041,0.80423,1.00,2.40
2016.02.29 06:20:40.511,0.80411,0.80424,1.50,1.87
2016.02.29 06:20:40.613,0.80412,0.80424,1.12,1.00
2016.02.29 06:20:40.715,0.80413,0.80426,1.12,1.57
2016.02.29 06:20:41.129,0.80414,0.80426,1.37,1.00
2016.02.29 06:20:42.509,0.80415,0.80426,1.37,1.12
2016.02.29 06:20:43.050,0.80414,0.80426,1.50,1.12
2016.02.29 06:20:43.279,0.80413,0.80426,1.20,1.50
2016.02.29 06:20:43.583,0.80412,0.80426,1.10,2.32
2016.02.29 06:20:47.608,0.80411,0.80424,1.10,1.75
2016.02.29 06:20:48.313,0.80411,0.80422,1.47,1.12
2016.02.29 06:20:48.819,0.80411,0.80424,1.47,3.75
2016.02.29 06:20:49.365,0.8041,0.80423,1.57,1.75
2016.02.29 06:20:49.968,0.80411,0.80423,1.47,1.75
2016.02.29 06:20:50.470,0.8041,0.80423,1.57,1.75
2016.02.29 06:20:52.024,0.80412,0.80423,1.00,1.75
2016.02.29 06:20:52.126,0.80412,0.80425,1.00,3.07
2016.02.29 06:20:53.746,0.80412,0.80423,1.12,1.12
2016.02.29 06:20:54.150,0.80414,0.80424,1.00,1.20
2016.02.29 06:20:54.686,0.80414,0.80424,1.00,1.75
2016.02.29 06:20:55.226,0.80415,0.80426,1.10,1.12
2016.02.29 06:20:55.743,0.80416,0.80427,1.00,1.95
2016.02.29 06:20:56.290,0.80414,0.80428,2.62,1.57
2016.02.29 06:20:57.599,0.80414,0.80429,1.07,2.32
2016.02.29 06:20:58.045,0.80414,0.80427,1.10,1.20
2016.02.29 06:20:58.553,0.80413,0.80425,1.07,1.00
2016.02.29 06:20:59.160,0.80412,0.80425,2.62,1.20
2016.02.29 06:21:01.413,0.80413,0.80425,1.10,1.95
2016.02.29 06:21:01.515,0.8041,0.80423,2.32,1.47
2016.02.29 06:21:01.818,0.80408,0.80422,1.57,1.12
2016.02.29 06:21:01.920,0.80408,0.80422,1.57,1.82
2016.02.29 06:21:04.829,0.80406,0.8042,2.62,1.20
2016.02.29 06:21:04.980,0.80403,0.80416,2.32,1.57
2016.02.29 06:21:05.188,0.80402,0.80414,3.82,1.07
2016.02.29 06:21:05.643,0.80402,0.80413,1.00,2.62
2016.02.29 06:21:06.002,0.80397,0.80412,3.37,1.82
2016.02.29 06:21:08.051,0.80397,0.80412,1.87,2.25
2016.02.29 06:21:09.080,0.80397,0.80412,2.20,1.50
2016.02.29 06:21:09.659,0.80398,0.80412,1.20,3.37
2016.02.29 06:21:10.175,0.80397,0.80412,1.87,2.25
2016.02.29 06:21:10.702,0.80397,0.80412,2.20,1.87
2016.02.29 06:21:12.623,0.80397,0.80412,1.82,2.25
2016.02.29 06:21:13.126,0.80397,0.8041,1.45,1.45
2016.02.29 06:21:13.533,0.80401,0.80407,1.57,1.00
2016.02.29 06:21:13.635,0.80401,0.80412,2.20,1.00
2016.02.29 06:21:13.736,0.80404,0.80415,1.20,1.00
2016.02.29 06:21:14.274,0.80404,0.80416,1.27,1.00
2016.02.29 06:21:14.782,0.80404,0.80419,1.57,3.37
2016.02.29 06:21:18.889,0.80405,0.80418,1.00,1.20
2016.02.29 06:21:19.404,0.80403,0.80418,2.20,1.65
2016.02.29 06:21:22.018,0.80405,0.80419,1.57,2.32
2016.02.29 06:21:22.547,0.80408,0.80421,1.00,1.95
2016.02.29 06:21:23.688,0.80408,0.80421,2.25,1.20
2016.02.29 06:21:24.396,0.80408,0.80422,1.87,3.07
2016.02.29 06:21:24.796,0.80409,0.80422,1.37,1.20
2016.02.29 06:21:24.948,0.8041,0.80424,1.20,1.12
2016.02.29 06:21:25.100,0.80412,0.80426,1.37,2.25
2016.02.29 06:21:25.607,0.80412,0.80426,1.87,2.25
2016.02.29 06:21:26.299,0.80413,0.80426,1.75,2.25
2016.02.29 06:21:27.107,0.80412,0.80426,1.37,2.62
2016.02.29 06:21:27.621,0.80413,0.80424,1.00,1.00
2016.02.29 06:21:27.773,0.8041,0.80423,1.37,1.47
2016.02.29 06:21:28.292,0.80412,0.80423,1.00,1.10
2016.02.29 06:21:28.831,0.8041,0.80423,1.37,1.20
2016.02.29 06:21:31.009,0.8041,0.80424,2.62,1.87
2016.02.29 06:21:31.514,0.80412,0.80424,1.00,1.37
2016.02.29 06:21:31.896,0.80409,0.80424,2.32,1.75
2016.02.29 06:21:32.425,0.8041,0.80424,1.37,2.25
2016.02.29 06:21:33.008,0.80409,0.80424,2.32,1.75
2016.02.29 06:21:34.689,0.80409,0.80424,2.32,1.75
2016.02.29 06:21:36.188,0.8041,0.80424,2.25,1.00
2016.02.29 06:21:36.600,0.80414,0.80424,1.00,1.00
2016.02.29 06:21:37.141,0.80412,0.80427,2.70,1.85
2016.02.29 06:21:39.922,0.80412,0.80427,1.20,2.32
2016.02.29 06:21:40.249,0.80414,0.80427,1.00,1.95
2016.02.29 06:21:40.351,0.80414,0.80428,1.50,3.07
2016.02.29 06:21:40.891,0.80415,0.80429,1.50,3.45
2016.02.29 06:21:41.397,0.80415,0.80429,1.00,2.32
2016.02.29 06:21:42.402,0.80415,0.80429,1.50,3.45
2016.02.29 06:21:42.932,0.80414,0.80428,1.50,2.62
2016.02.29 06:21:43.134,0.80411,0.80425,1.87,1.47
2016.02.29 06:21:43.337,0.80411,0.80424,1.00,2.70
2016.02.29 06:21:43.539,0.80409,0.80422,1.10,1.37
2016.02.29 06:21:44.050,0.80407,0.80419,1.95,1.00
2016.02.29 06:21:44.557,0.80407,0.80419,1.10,1.00
2016.02.29 06:21:48.468,0.80406,0.8042,1.50,1.20
2016.02.29 06:21:48.986,0.80406,0.8042,1.50,1.10
2016.02.29 06:21:49.139,0.80407,0.8042,3.37,1.00
2016.02.29 06:21:49.442,0.80409,0.80422,1.37,1.00
2016.02.29 06:21:49.978,0.80409,0.80423,1.12,1.00
2016.02.29 06:21:51.529,0.80409,0.80424,1.12,1.65
2016.02.29 06:21:51.746,0.80411,0.80424,1.37,1.10
2016.02.29 06:21:52.252,0.80411,0.80426,1.87,2.62
2016.02.29 06:21:52.758,0.80411,0.80426,1.87,1.12
2016.02.29 06:21:53.273,0.80412,0.80426,1.37,1.50
2016.02.29 06:21:53.773,0.80411,0.80427,3.37,2.32
2016.02.29 06:21:53.925,0.80413,0.80427,1.50,1.57
2016.02.29 06:21:54.432,0.80414,0.80426,1.12,1.00
2016.02.29 06:21:54.938,0.80415,0.80427,1.37,1.57
2016.02.29 06:21:57.054,0.80415,0.80428,1.12,2.62
2016.02.29 06:21:57.410,0.80412,0.80426,1.57,1.75
2016.02.29 06:21:57.865,0.80412,0.80426,1.87,1.27
2016.02.29 06:21:58.322,0.80413,0.80428,2.62,1.20
2016.02.29 06:22:05.312,0.80414,0.80427,1.00,1.00
2016.02.29 06:22:05.615,0.80414,0.80429,1.12,2.70
2016.02.29 06:22:05.767,0.80415,0.8043,3.75,2.62
2016.02.29 06:22:05.989,0.80418,0.8043,1.47,1.00
2016.02.29 06:22:06.293,0.80419,0.80432,1.57,2.25
2016.02.29 06:22:07.901,0.80419,0.80432,1.57,1.47
2016.02.29 06:22:08.415,0.80418,0.8043,1.50,1.20
2016.02.29 06:22:08.466,0.80418,0.8043,1.50,1.87
2016.02.29 06:22:08.517,0.80414,0.80427,3.00,1.95
2016.02.29 06:22:08.773,0.80413,0.80426,2.25,2.25
2016.02.29 06:22:09.229,0.8041,0.80424,2.32,1.75
2016.02.29 06:22:09.368,0.80409,0.80421,1.12,1.12
2016.02.29 06:22:09.419,0.80407,0.80419,1.57,1.37
2016.02.29 06:22:09.521,0.80406,0.80418,1.00,2.62
2016.02.29 06:22:09.977,0.80405,0.80416,1.50,1.47
2016.02.29 06:22:10.282,0.80407,0.8042,1.50,1.07
2016.02.29 06:22:10.830,0.80408,0.80421,2.25,1.87
2016.02.29 06:22:11.643,0.80408,0.80422,3.00,1.20
2016.02.29 06:22:12.185,0.80409,0.80424,1.95,3.00
2016.02.29 06:22:12.287,0.8041,0.80422,2.25,1.00
2016.02.29 06:22:14.633,0.80415,0.80422,1.00,1.00
2016.02.29 06:22:14.684,0.80416,0.80426,2.62,1.45
2016.02.29 06:22:14.735,0.80417,0.80427,1.12,1.75
2016.02.29 06:22:14.786,0.80419,0.80431,1.50,1.20
2016.02.29 06:22:15.332,0.8042,0.80433,1.57,1.57
2016.02.29 06:22:19.090,0.80418,0.80433,3.82,1.95
2016.02.29 06:22:19.487,0.80418,0.80428,1.65,1.00
2016.02.29 06:22:19.791,0.80418,0.80427,1.50,1.37
2016.02.29 06:22:20.096,0.8042,0.80427,1.45,1.37
2016.02.29 06:22:20.400,0.80421,0.80427,1.82,1.37
2016.02.29 06:22:20.607,0.80423,0.80433,1.10,1.00
2016.02.29 06:22:21.136,0.80424,0.80437,1.12,2.25
2016.02.29 06:22:21.744,0.80424,0.80437,1.50,1.75
2016.02.29 06:22:21.795,0.80424,0.80438,2.25,2.25
2016.02.29 06:22:22.613,0.80425,0.80438,1.87,1.75
2016.02.29 06:22:23.657,0.80424,0.80438,3.00,1.75
2016.02.29 06:22:23.758,0.80427,0.80438,1.37,1.75
2016.02.29 06:22:24.421,0.80425,0.80438,1.37,1.75
2016.02.29 06:22:24.962,0.80426,0.80438,1.37,1.75
2016.02.29 06:22:25.315,0.80425,0.80438,1.12,1.87
2016.02.29 06:22:25.417,0.80423,0.80437,2.32,1.75
2016.02.29 06:22:25.963,0.80422,0.80435,1.57,1.07
2016.02.29 06:22:29.066,0.80422,0.80436,1.50,1.57
2016.02.29 06:22:29.218,0.80425,0.80437,1.00,4.57
2016.02.29 06:22:29.522,0.80426,0.80438,1.37,1.00
2016.02.29 06:22:30.249,0.80425,0.80438,1.87,1.00
2016.02.29 06:22:30.704,0.80427,0.80441,1.57,1.57
2016.02.29 06:22:31.211,0.80427,0.80441,2.77,1.27
2016.02.29 06:22:31.797,0.80429,0.80442,2.25,1.10
2016.02.29 06:22:31.999,0.80433,0.80447,1.95,1.45
2016.02.29 06:22:32.050,0.80434,0.80447,2.70,1.50
2016.02.29 06:22:32.354,0.80427,0.80441,1.07,1.87
2016.02.29 06:22:32.506,0.80425,0.80438,1.12,1.85
2016.02.29 06:22:32.608,0.80424,0.80437,1.20,1.07
2016.02.29 06:22:32.993,0.80422,0.80435,3.00,2.25
2016.02.29 06:22:33.146,0.8042,0.80435,2.25,2.62
2016.02.29 06:22:34.007,0.80422,0.80435,1.00,1.95
2016.02.29 06:22:34.533,0.80422,0.80435,2.70,1.10
2016.02.29 06:22:37.218,0.80423,0.80435,1.12,1.10
2016.02.29 06:22:38.526,0.80423,0.80435,1.50,1.12
2016.02.29 06:22:41.238,0.80423,0.80436,1.95,1.50
2016.02.29 06:22:41.624,0.80422,0.80435,1.12,1.57
2016.02.29 06:22:43.810,0.80422,0.80436,3.00,1.45
2016.02.29 06:22:44.327,0.80424,0.80437,1.12,1.20
2016.02.29 06:22:45.876,0.80423,0.80436,1.95,1.10
2016.02.29 06:22:46.230,0.80423,0.80436,1.50,1.50
2016.02.29 06:22:46.535,0.80424,0.80436,2.25,1.20
2016.02.29 06:22:48.043,0.80424,0.80437,1.12,2.25
2016.02.29 06:22:48.549,0.80423,0.80436,1.50,1.20
2016.02.29 06:22:50.264,0.80423,0.80435,1.00,1.07
2016.02.29 06:22:50.770,0.80422,0.80434,1.00,2.32
2016.02.29 06:22:52.380,0.80421,0.80433,1.12,1.10
2016.02.29 06:22:53.185,0.80421,0.80434,2.25,1.45
2016.02.29 06:22:53.691,0.80421,0.80434,3.07,1.12
2016.02.29 06:22:55.911,0.80421,0.80434,1.27,1.12
2016.02.29 06:22:56.271,0.80421,0.80433,1.10,1.47
2016.02.29 06:22:56.777,0.8042,0.80432,1.50,1.47
2016.02.29 06:22:58.643,0.80419,0.80431,1.50,1.00
2016.02.29 06:23:02.823,0.80419,0.80431,1.00,1.87
2016.02.29 06:23:03.178,0.80415,0.80428,2.40,1.20
2016.02.29 06:23:03.280,0.80417,0.80429,1.10,1.20
2016.02.29 06:23:03.425,0.80418,0.80431,1.57,1.45
2016.02.29 06:23:03.526,0.80418,0.80431,3.07,1.12
2016.02.29 06:23:04.064,0.8042,0.80432,1.12,1.50
2016.02.29 06:23:04.418,0.8042,0.80434,2.32,1.57
2016.02.29 06:23:06.325,0.80421,0.80435,2.32,1.20
2016.02.29 06:23:06.427,0.80424,0.80435,1.37,1.12
2016.02.29 06:23:06.478,0.80424,0.80438,3.82,1.82
2016.02.29 06:23:06.581,0.80426,0.80438,1.10,1.10
2016.02.29 06:23:06.734,0.80427,0.80441,1.57,1.82
2016.02.29 06:23:06.988,0.8043,0.80443,1.27,1.45
2016.02.29 06:23:07.090,0.8043,0.80444,2.25,1.50
2016.02.29 06:23:07.596,0.8043,0.80445,1.57,1.95
2016.02.29 06:23:07.900,0.80433,0.80445,1.10,1.57
2016.02.29 06:23:08.457,0.80432,0.80445,1.57,1.57
2016.02.29 06:23:10.057,0.80431,0.80443,1.50,1.10
2016.02.29 06:23:10.604,0.80431,0.80443,1.87,1.47
2016.02.29 06:23:11.106,0.80431,0.80444,1.12,1.95
2016.02.29 06:23:11.813,0.80429,0.80438,1.20,1.37
2016.02.29 06:23:11.965,0.80425,0.80437,1.12,1.87
2016.02.29 06:23:12.067,0.80422,0.80436,3.00,1.47
2016.02.29 06:23:12.574,0.80422,0.80435,1.87,1.07
2016.02.29 06:23:13.163,0.80421,0.80435,2.25,3.07
2016.02.29 06:23:13.317,0.8042,0.80432,1.57,1.47
2016.02.29 06:23:15.181,0.80419,0.80432,2.70,1.47
2016.02.29 06:23:15.707,0.8042,0.80433,1.00,2.32
2016.02.29 06:23:17.585,0.8042,0.80431,1.00,1.00
2016.02.29 06:23:22.210,0.80418,0.80431,3.45,1.00
2016.02.29 06:23:22.515,0.80412,0.80426,2.25,2.62
2016.02.29 06:23:22.667,0.80411,0.80425,1.20,2.20
2016.02.29 06:23:23.173,0.80411,0.80422,2.02,1.00
2016.02.29 06:23:23.715,0.80412,0.80422,1.50,1.00
2016.02.29 06:23:23.969,0.80415,0.80422,1.00,1.00
2016.02.29 06:23:24.122,0.80415,0.80424,1.65,1.00
2016.02.29 06:23:24.225,0.80418,0.80426,1.00,1.00
2016.02.29 06:23:24.328,0.80418,0.80429,1.57,1.00
2016.02.29 06:23:24.833,0.8042,0.8043,1.00,1.00
2016.02.29 06:23:25.920,0.8042,0.80432,1.50,4.20
2016.02.29 06:23:27.027,0.8042,0.80432,1.00,4.95
2016.02.29 06:23:27.558,0.80419,0.80431,2.32,1.12
2016.02.29 06:23:30.811,0.8042,0.8043,1.00,1.10
2016.02.29 06:23:31.345,0.8042,0.8043,1.00,1.57
2016.02.29 06:23:31.849,0.8042,0.8043,1.00,1.10
2016.02.29 06:23:32.220,0.80423,0.80431,1.50,1.45
2016.02.29 06:23:32.482,0.80425,0.80435,1.00,1.50
2016.02.29 06:23:32.788,0.80423,0.80435,1.50,1.50
2016.02.29 06:23:33.296,0.80424,0.80434,1.00,1.45
2016.02.29 06:23:37.084,0.80424,0.80433,1.00,1.65
2016.02.29 06:23:37.590,0.80424,0.80432,1.00,1.37
2016.02.29 06:23:38.173,0.80424,0.80433,1.00,1.57
2016.02.29 06:23:38.377,0.80421,0.80433,1.00,1.57
2016.02.29 06:23:38.485,0.80423,0.80433,1.00,1.57
2016.02.29 06:23:39.948,0.80425,0.80433,1.00,1.57
2016.02.29 06:23:40.476,0.80426,0.80434,1.00,1.57
2016.02.29 06:23:40.801,0.80428,0.80438,1.07,2.25
2016.02.29 06:23:42.099,0.80428,0.80438,1.47,1.75
2016.02.29 06:23:43.382,0.8043,0.80439,1.47,3.75
2016.02.29 06:23:43.838,0.8043,0.80438,1.87,1.00
2016.02.29 06:23:45.495,0.80431,0.80438,1.12,1.00
2016.02.29 06:23:46.949,0.80431,0.8044,1.45,1.50
2016.02.29 06:23:47.000,0.80434,0.8044,1.37,1.50
2016.02.29 06:23:47.152,0.80433,0.80442,1.37,1.50
2016.02.29 06:23:47.506,0.80435,0.80442,1.37,1.00
2016.02.29 06:23:47.658,0.80436,0.80444,1.37,1.00
2016.02.29 06:23:47.709,0.80439,0.80444,1.37,1.00
2016.02.29 06:23:48.215,0.80439,0.80446,1.37,2.25
2016.02.29 06:23:48.454,0.80436,0.80446,1.37,2.25
2016.02.29 06:23:48.555,0.80436,0.80446,1.37,2.25
2016.02.29 06:23:49.112,0.80437,0.80446,1.37,2.25
2016.02.29 06:23:49.653,0.80436,0.80446,1.37,2.25
2016.02.29 06:23:50.204,0.80437,0.80446,1.37,2.25
2016.02.29 06:23:50.742,0.80436,0.80446,1.37,1.50
2016.02.29 06:23:52.298,0.80437,0.80446,1.37,1.50
2016.02.29 06:23:52.842,0.80436,0.80446,1.37,1.50
2016.02.29 06:23:53.429,0.80437,0.80446,1.37,1.50
2016.02.29 06:23:54.036,0.80439,0.80446,1.37,1.00
2016.02.29 06:23:54.583,0.80439,0.80445,1.37,1.00
2016.02.29 06:23:54.937,0.80437,0.80446,1.37,1.12
2016.02.29 06:23:56.118,0.80438,0.80446,1.37,1.12
2016.02.29 06:23:57.217,0.80437,0.80446,1.37,1.12
2016.02.29 06:23:57.736,0.80437,0.80447,1.37,1.00
2016.02.29 06:23:58.648,0.80434,0.80447,1.85,1.95
2016.02.29 06:23:59.103,0.80434,0.80445,1.50,1.07
2016.02.29 06:24:01.649,0.80432,0.80444,2.25,1.57
2016.02.29 06:24:01.700,0.80432,0.80444,2.25,1.57
2016.02.29 06:24:02.355,0.80432,0.80446,1.87,2.70
2016.02.29 06:24:05.102,0.80434,0.80445,1.50,1.50
2016.02.29 06:24:11.058,0.80435,0.80446,1.37,1.47
2016.02.29 06:24:11.590,0.80435,0.80447,1.37,1.95
2016.02.29 06:24:12.906,0.80436,0.80447,1.50,1.57
2016.02.29 06:24:13.160,0.80435,0.80449,2.32,2.70
2016.02.29 06:24:14.039,0.80434,0.80448,3.37,1.57
2016.02.29 06:24:14.569,0.80434,0.80447,2.25,1.07
2016.02.29 06:24:17.499,0.80434,0.80447,1.50,1.57
2016.02.29 06:24:19.593,0.80433,0.80446,1.20,1.10
2016.02.29 06:24:19.644,0.80432,0.80446,1.87,1.85
2016.02.29 06:24:19.796,0.8043,0.80442,1.12,1.20
2016.02.29 06:24:20.305,0.8043,0.80442,1.12,1.20
2016.02.29 06:24:20.508,0.8043,0.80443,3.75,1.12
2016.02.29 06:24:20.610,0.80431,0.80444,2.25,1.57
2016.02.29 06:24:21.115,0.80431,0.80444,1.50,1.10
2016.02.29 06:24:22.027,0.80432,0.80447,2.70,2.32
2016.02.29 06:24:22.130,0.80435,0.80448,1.10,1.87
2016.02.29 06:24:22.231,0.80435,0.80448,1.57,1.00
2016.02.29 06:24:22.687,0.80435,0.80447,1.10,1.87
2016.02.29 06:24:23.193,0.80434,0.80447,1.12,1.95
2016.02.29 06:24:25.214,0.80433,0.80447,1.20,1.82
2016.02.29 06:24:28.334,0.80434,0.80446,1.00,1.95
2016.02.29 06:24:28.852,0.80434,0.80446,1.37,1.45
2016.02.29 06:24:29.363,0.80435,0.80446,2.62,1.00
2016.02.29 06:24:30.115,0.80436,0.80446,1.00,1.00
2016.02.29 06:24:31.190,0.80436,0.80448,1.00,2.25
2016.02.29 06:24:31.736,0.80435,0.80448,1.87,2.25
2016.02.29 06:24:33.104,0.80436,0.80448,1.00,2.25
2016.02.29 06:24:33.408,0.80438,0.8045,2.25,1.50
2016.02.29 06:24:33.814,0.8044,0.80451,1.37,2.25
2016.02.29 06:24:34.333,0.8044,0.8045,1.37,1.57
2016.02.29 06:24:35.225,0.8044,0.80451,1.37,2.25
2016.02.29 06:24:35.732,0.8044,0.80453,1.47,2.70
2016.02.29 06:24:43.840,0.8044,0.80453,1.00,1.87
2016.02.29 06:24:44.712,0.8044,0.8045,1.10,1.00
2016.02.29 06:24:45.068,0.8044,0.80449,1.00,1.07
2016.02.29 06:24:45.373,0.80441,0.80448,1.00,2.20
2016.02.29 06:24:45.526,0.80436,0.80448,1.00,1.12
2016.02.29 06:24:45.678,0.80436,0.80449,2.32,1.50
2016.02.29 06:24:45.982,0.80436,0.80446,1.50,1.07
2016.02.29 06:24:47.265,0.80434,0.80447,2.32,3.07
2016.02.29 06:24:47.569,0.80435,0.80447,1.50,1.57
2016.02.29 06:24:47.878,0.80434,0.80447,1.57,1.57
2016.02.29 06:24:49.437,0.80435,0.80446,1.12,1.50
2016.02.29 06:24:49.640,0.80435,0.80447,1.12,1.95
2016.02.29 06:24:50.159,0.80436,0.80448,1.12,1.07
2016.02.29 06:24:50.361,0.80438,0.80448,1.00,1.57
2016.02.29 06:24:50.965,0.80438,0.80448,1.50,1.07
2016.02.29 06:24:51.574,0.80436,0.80448,2.32,1.57
2016.02.29 06:24:52.092,0.80437,0.80448,1.00,1.50
2016.02.29 06:24:52.606,0.80435,0.80446,1.37,1.20
2016.02.29 06:24:52.860,0.80434,0.80446,1.12,1.50
2016.02.29 06:24:53.389,0.80434,0.80443,1.00,1.57
2016.02.29 06:24:55.054,0.80434,0.80445,1.12,1.47
2016.02.29 06:24:55.562,0.80434,0.80446,1.50,1.95
2016.02.29 06:24:56.084,0.80434,0.80446,1.50,1.20
2016.02.29 06:24:56.591,0.80434,0.80446,2.25,1.95
2016.02.29 06:24:57.098,0.80431,0.80445,1.95,1.50
2016.02.29 06:24:57.463,0.80434,0.80445,1.37,1.50
2016.02.29 06:24:57.564,0.80436,0.80447,1.50,2.02
2016.02.29 06:24:58.115,0.80435,0.80448,1.07,1.45
2016.02.29 06:24:59.746,0.80433,0.80447,2.32,1.57
2016.02.29 06:24:59.999,0.80435,0.80447,1.50,1.57
2016.02.29 06:25:00.304,0.80437,0.80449,1.00,1.20
2016.02.29 06:25:00.507,0.80435,0.80449,1.95,1.57
2016.02.29 06:25:01.147,0.80438,0.80449,1.00,1.45
2016.02.29 06:25:02.093,0.80438,0.80449,1.37,1.07
2016.02.29 06:25:02.599,0.80438,0.8045,1.65,1.50
2016.02.29 06:25:03.146,0.80439,0.80452,1.37,2.62
2016.02.29 06:25:04.586,0.8044,0.80453,1.20,1.57
2016.02.29 06:25:05.661,0.8044,0.80453,2.32,1.57
2016.02.29 06:25:05.813,0.80441,0.80454,1.65,1.20
2016.02.29 06:25:06.199,0.80446,0.80457,1.37,1.95
2016.02.29 06:25:06.724,0.80447,0.80457,1.12,1.00
2016.02.29 06:25:12.071,0.80449,0.8046,1.00,1.50
2016.02.29 06:25:12.477,0.80449,0.80461,1.50,1.37
2016.02.29 06:25:12.537,0.80451,0.80462,1.75,1.57
2016.02.29 06:25:12.638,0.80453,0.80464,1.37,1.57
2016.02.29 06:25:12.892,0.80454,0.80465,1.00,1.10
2016.02.29 06:25:13.398,0.80452,0.80465,2.25,1.45
2016.02.29 06:25:14.335,0.80453,0.80466,2.32,1.47
2016.02.29 06:25:14.436,0.80454,0.80467,1.57,1.10
2016.02.29 06:25:14.691,0.80455,0.80469,3.90,1.87
2016.02.29 06:25:14.742,0.80457,0.80469,1.00,2.25
2016.02.29 06:25:15.249,0.80457,0.8047,1.57,1.00
2016.02.29 06:25:15.704,0.80455,0.80469,1.85,1.50
2016.02.29 06:25:16.008,0.80453,0.80465,1.50,1.37
2016.02.29 06:25:16.061,0.80453,0.80467,1.50,1.45
2016.02.29 06:25:16.573,0.80455,0.80468,3.00,2.25
2016.02.29 06:25:16.624,0.80455,0.80468,1.50,1.50
2016.02.29 06:25:16.726,0.80453,0.80466,3.00,1.27
2016.02.29 06:25:17.272,0.80453,0.80466,1.57,1.57
2016.02.29 06:25:19.884,0.80456,0.80466,1.37,1.57
2016.02.29 06:25:20.390,0.80456,0.80469,1.00,2.25
2016.02.29 06:25:22.424,0.80456,0.80469,2.25,2.25
2016.02.29 06:25:25.040,0.80456,0.80469,1.50,2.25
2016.02.29 06:25:25.547,0.80456,0.80466,1.87,1.37
2016.02.29 06:25:26.071,0.80456,0.80467,1.20,1.50
2016.02.29 06:25:26.276,0.80456,0.80469,1.95,1.37
2016.02.29 06:25:26.378,0.80456,0.8047,1.95,1.57
2016.02.29 06:25:27.300,0.80457,0.80469,1.50,1.00
2016.02.29 06:25:27.350,0.80457,0.80469,1.12,1.37
2016.02.29 06:25:27.704,0.80458,0.80471,1.50,3.37
2016.02.29 06:25:28.210,0.80458,0.8047,1.95,1.50
2016.02.29 06:25:28.908,0.80459,0.8047,1.37,1.50
2016.02.29 06:25:29.010,0.80458,0.80469,1.10,1.87
2016.02.29 06:25:30.260,0.80458,0.80469,1.20,1.50
2016.02.29 06:25:34.734,0.80457,0.80468,1.65,1.00
2016.02.29 06:25:34.785,0.80457,0.8047,1.57,4.20
2016.02.29 06:25:35.291,0.80457,0.80468,1.20,1.75
2016.02.29 06:25:35.791,0.80454,0.80462,2.25,1.12
2016.02.29 06:25:35.842,0.80453,0.80459,1.12,1.12
2016.02.29 06:25:35.894,0.80453,0.80459,1.00,1.12
2016.02.29 06:25:35.945,0.80451,0.80459,1.12,2.25
2016.02.29 06:25:35.996,0.80444,0.80458,2.02,1.20
2016.02.29 06:25:36.503,0.80445,0.80459,1.95,2.32
2016.02.29 06:25:37.029,0.80447,0.8046,1.12,2.32
2016.02.29 06:25:37.181,0.80448,0.8046,1.07,1.12
2016.02.29 06:25:37.710,0.80448,0.80462,3.07,1.57
2016.02.29 06:25:40.269,0.80449,0.80462,2.20,1.10
2016.02.29 06:25:40.601,0.80458,0.80467,1.12,1.12
2016.02.29 06:25:42.071,0.80457,0.8047,2.70,1.57
2016.02.29 06:25:42.275,0.80457,0.80469,1.47,1.50
2016.02.29 06:25:43.182,0.80457,0.80471,1.20,1.87
2016.02.29 06:25:43.284,0.80458,0.80471,1.45,1.50
2016.02.29 06:25:43.488,0.80456,0.8047,1.10,1.57
2016.02.29 06:25:43.784,0.80455,0.80467,1.07,1.00
2016.02.29 06:25:45.187,0.80454,0.80467,1.95,1.20
2016.02.29 06:25:45.691,0.80454,0.80467,2.70,1.20
2016.02.29 06:25:48.052,0.80455,0.80466,1.12,1.00
2016.02.29 06:25:48.591,0.80455,0.80469,1.50,2.70
2016.02.29 06:25:52.609,0.80456,0.80469,3.07,1.50
2016.02.29 06:25:52.659,0.80458,0.8047,1.27,1.57
2016.02.29 06:25:53.172,0.80458,0.80471,2.40,2.62
2016.02.29 06:25:54.322,0.80458,0.80471,2.32,1.10
2016.02.29 06:25:54.879,0.80461,0.80471,1.00,1.10
2016.02.29 06:25:55.184,0.80466,0.80478,3.07,1.10
2016.02.29 06:25:55.235,0.80468,0.80481,1.50,3.37
2016.02.29 06:25:55.286,0.80468,0.80481,1.50,1.50
2016.02.29 06:25:55.868,0.80468,0.80482,3.37,1.47
2016.02.29 06:25:56.071,0.80468,0.80479,1.87,1.12
2016.02.29 06:25:56.376,0.80463,0.80475,3.07,1.45
2016.02.29 06:25:56.629,0.80463,0.80477,3.45,2.32
2016.02.29 06:25:56.932,0.80463,0.80477,1.57,1.57
2016.02.29 06:25:57.469,0.80462,0.80475,1.47,2.32
2016.02.29 06:25:57.622,0.80462,0.80475,1.20,1.57
2016.02.29 06:26:00.442,0.80461,0.80475,4.20,1.47
2016.02.29 06:26:00.595,0.80461,0.80473,2.62,1.47
2016.02.29 06:26:01.124,0.8046,0.80472,1.12,1.95
2016.02.29 06:26:01.630,0.8046,0.80471,1.12,1.07
2016.02.29 06:26:02.244,0.8046,0.80473,1.20,1.57
2016.02.29 06:26:02.751,0.8046,0.80474,2.32,2.32
2016.02.29 06:26:02.903,0.80461,0.80474,2.32,2.25
2016.02.29 06:26:05.323,0.8046,0.80474,1.57,1.82
2016.02.29 06:26:06.085,0.80459,0.80472,2.25,1.57
2016.02.29 06:26:06.186,0.80459,0.80472,1.10,1.20
2016.02.29 06:26:07.884,0.80459,0.80472,1.20,1.20
2016.02.29 06:26:09.480,0.8046,0.80473,1.57,2.32
2016.02.29 06:26:10.138,0.80459,0.80473,1.95,2.70
2016.02.29 06:26:10.655,0.80459,0.80471,1.10,1.95
2016.02.29 06:26:10.959,0.80456,0.80467,1.00,1.12
2016.02.29 06:26:11.062,0.80454,0.80465,1.00,1.07
2016.02.29 06:26:11.114,0.80452,0.80465,1.20,3.07
2016.02.29 06:26:11.665,0.80452,0.80465,1.00,2.25
2016.02.29 06:26:12.171,0.80455,0.80466,1.37,1.87
2016.02.29 06:26:12.714,0.80455,0.80468,1.87,1.37
2016.02.29 06:26:13.073,0.80456,0.80468,1.57,1.00
2016.02.29 06:26:13.580,0.80456,0.8047,3.07,1.50
2016.02.29 06:26:14.498,0.80459,0.8047,1.00,1.87
2016.02.29 06:26:15.009,0.80459,0.8047,1.00,1.00
2016.02.29 06:26:16.045,0.80459,0.80472,3.07,1.10
2016.02.29 06:26:16.147,0.80461,0.80474,1.07,1.87
2016.02.29 06:26:16.282,0.80462,0.80475,1.95,1.47
2016.02.29 06:26:16.638,0.80462,0.80476,1.87,1.50
2016.02.29 06:26:17.448,0.80462,0.80475,1.50,1.10
2016.02.29 06:26:18.090,0.80462,0.80475,1.95,1.10
2016.02.29 06:26:18.601,0.80464,0.80477,1.20,1.57
2016.02.29 06:26:19.143,0.80464,0.80477,1.47,1.07
2016.02.29 06:26:19.694,0.80464,0.80478,1.95,2.70
2016.02.29 06:26:22.052,0.80465,0.80474,1.00,1.00
2016.02.29 06:26:22.103,0.80462,0.80474,1.50,1.00
2016.02.29 06:26:22.255,0.80462,0.80474,1.10,1.87
2016.02.29 06:26:22.407,0.80459,0.80473,2.62,1.45
2016.02.29 06:26:26.772,0.8046,0.80474,2.32,1.45
2016.02.29 06:26:27.280,0.80463,0.80473,1.00,1.20
2016.02.29 06:26:27.787,0.80462,0.80472,1.00,1.07
2016.02.29 06:26:27.939,0.8046,0.80472,1.20,1.45
2016.02.29 06:26:28.466,0.80459,0.80472,1.50,1.12
2016.02.29 06:26:29.237,0.80459,0.80471,1.50,1.07
2016.02.29 06:26:29.812,0.8046,0.80471,1.00,1.07
2016.02.29 06:26:30.218,0.80461,0.80473,1.00,1.57
2016.02.29 06:26:30.725,0.8046,0.80473,1.95,1.45
2016.02.29 06:26:31.725,0.80459,0.80474,3.45,1.87
2016.02.29 06:26:31.928,0.80462,0.80476,1.57,3.75
2016.02.29 06:26:32.665,0.80465,0.80476,1.00,1.50
2016.02.29 06:26:32.818,0.80465,0.80476,1.00,1.10
2016.02.29 06:26:33.031,0.80463,0.80476,3.45,1.10
2016.02.29 06:26:34.250,0.80463,0.80476,3.45,1.10
2016.02.29 06:26:34.772,0.80463,0.80476,1.95,1.10
2016.02.29 06:26:36.421,0.80463,0.80476,2.32,1.10
2016.02.29 06:26:39.295,0.80463,0.80476,1.57,1.57
2016.02.29 06:26:40.561,0.80463,0.80476,1.10,1.57
2016.02.29 06:26:40.916,0.80463,0.80476,3.07,1.07
2016.02.29 06:26:41.422,0.80465,0.80477,1.12,1.12
2016.02.29 06:26:42.029,0.80464,0.80478,2.02,1.85
2016.02.29 06:26:42.344,0.80464,0.80478,2.70,1.85
2016.02.29 06:26:47.189,0.80467,0.80478,1.87,1.75
2016.02.29 06:26:47.240,0.80468,0.80481,1.50,1.75
2016.02.29 06:26:47.446,0.80468,0.80482,2.62,3.00
2016.02.29 06:26:47.548,0.80468,0.80482,1.57,2.25
2016.02.29 06:26:47.599,0.80471,0.80482,1.37,1.50
2016.02.29 06:26:48.362,0.8047,0.80483,1.37,3.00
2016.02.29 06:26:49.045,0.8047,0.8048,1.37,1.00
2016.02.29 06:26:49.564,0.80476,0.80481,1.37,1.12
2016.02.29 06:26:49.767,0.80475,0.80484,1.37,1.12
2016.02.29 06:26:50.020,0.80476,0.80486,1.37,1.00
2016.02.29 06:26:50.616,0.80475,0.80486,1.37,1.00
2016.02.29 06:26:51.072,0.80478,0.80488,1.37,1.12
2016.02.29 06:26:51.639,0.80477,0.80489,2.70,1.00
2016.02.29 06:26:51.943,0.80477,0.80487,1.47,1.00
2016.02.29 06:26:52.457,0.80479,0.80488,1.57,1.00
2016.02.29 06:26:56.737,0.80479,0.80492,1.95,2.25
2016.02.29 06:26:56.788,0.80487,0.80492,1.37,1.50
2016.02.29 06:26:56.955,0.80489,0.80499,1.50,1.87
2016.02.29 06:26:57.260,0.8049,0.80504,1.45,2.25
2016.02.29 06:26:57.779,0.8049,0.80503,1.82,1.37
2016.02.29 06:26:58.231,0.80489,0.80501,1.12,1.57
2016.02.29 06:26:58.283,0.80488,0.805,2.25,1.50
2016.02.29 06:26:58.795,0.80487,0.80501,1.47,3.75
2016.02.29 06:26:59.367,0.80487,0.80498,1.50,1.50
2016.02.29 06:26:59.469,0.80486,0.80498,1.47,1.50
2016.02.29 06:27:00.239,0.80486,0.80496,1.47,1.00
2016.02.29 06:27:00.442,0.80484,0.80497,1.47,3.82
2016.02.29 06:27:00.543,0.80483,0.80497,1.87,1.65
2016.02.29 06:27:00.847,0.80483,0.80495,1.45,1.50
2016.02.29 06:27:01.382,0.8048,0.80493,5.32,1.10
2016.02.29 06:27:01.687,0.80475,0.80487,1.57,1.12
2016.02.29 06:27:03.087,0.80474,0.80487,1.12,1.12
2016.02.29 06:27:03.391,0.80474,0.80488,1.12,1.85
2016.02.29 06:27:03.899,0.80475,0.80488,1.50,1.45
2016.02.29 06:27:04.857,0.80474,0.80488,1.10,1.20
2016.02.29 06:27:04.908,0.80472,0.80485,1.75,1.50
2016.02.29 06:27:05.161,0.80467,0.80481,2.40,2.20
2016.02.29 06:27:05.212,0.80467,0.80481,2.32,1.12
2016.02.29 06:27:05.719,0.80468,0.80482,2.32,2.32
2016.02.29 06:27:06.378,0.80469,0.80481,1.10,1.10
2016.02.29 06:27:07.378,0.80469,0.80482,1.95,1.95
2016.02.29 06:27:08.338,0.80469,0.80483,3.07,1.57
2016.02.29 06:27:08.495,0.80469,0.80483,5.32,1.20
2016.02.29 06:27:08.798,0.80474,0.80486,1.00,1.87
2016.02.29 06:27:09.001,0.80474,0.80487,1.00,2.32
2016.02.29 06:27:10.027,0.80475,0.80487,1.12,1.20
2016.02.29 06:27:10.585,0.80475,0.80488,1.37,2.32
2016.02.29 06:27:10.990,0.80473,0.80485,1.85,1.07
2016.02.29 06:27:14.096,0.80473,0.80485,2.32,1.07
2016.02.29 06:27:14.633,0.80474,0.80486,1.00,2.25
2016.02.29 06:27:17.710,0.80472,0.80486,1.45,2.62
2016.02.29 06:27:18.216,0.80471,0.80485,3.07,1.50
2016.02.29 06:27:18.571,0.80471,0.80484,1.50,2.25
2016.02.29 06:27:20.121,0.80471,0.80483,1.00,1.12
2016.02.29 06:27:20.280,0.8047,0.80483,2.25,1.12
2016.02.29 06:27:20.484,0.80476,0.80486,1.12,1.00
2016.02.29 06:27:20.890,0.80473,0.80486,1.45,1.47
2016.02.29 06:27:21.483,0.80473,0.80484,1.07,1.00
2016.02.29 06:27:21.938,0.8047,0.80483,3.00,1.12
2016.02.29 06:27:21.989,0.8047,0.80483,1.00,2.62
2016.02.29 06:27:22.091,0.80468,0.80481,1.50,1.87
2016.02.29 06:27:22.396,0.80467,0.80479,1.10,1.85
2016.02.29 06:27:22.954,0.80465,0.80479,2.25,1.95
2016.02.29 06:27:23.491,0.80466,0.80479,1.50,1.75
2016.02.29 06:27:23.795,0.80471,0.80484,1.12,4.20
2016.02.29 06:27:24.312,0.8047,0.80484,1.07,2.70
2016.02.29 06:27:24.414,0.80469,0.80482,1.10,1.57
2016.02.29 06:27:25.139,0.80468,0.80482,1.12,2.40
2016.02.29 06:27:25.645,0.80469,0.80482,1.00,2.32
2016.02.29 06:27:26.160,0.80469,0.80482,1.65,1.20
2016.02.29 06:27:26.414,0.80469,0.80483,1.65,1.12
2016.02.29 06:27:26.617,0.80471,0.80484,1.20,1.12
2016.02.29 06:27:27.205,0.8047,0.80484,1.57,1.20
2016.02.29 06:27:30.426,0.8047,0.80484,1.50,1.95
2016.02.29 06:27:30.730,0.80465,0.80479,1.75,1.87
2016.02.29 06:27:30.883,0.80463,0.80475,1.50,1.20
2016.02.29 06:27:31.395,0.80463,0.80476,1.00,1.95
2016.02.29 06:27:32.787,0.80463,0.80476,1.10,1.10
2016.02.29 06:27:33.412,0.80463,0.80476,1.10,1.57
2016.02.29 06:27:33.958,0.80461,0.80475,1.57,1.12
2016.02.29 06:27:34.009,0.8046,0.80474,1.87,1.65
2016.02.29 06:27:34.242,0.8046,0.80473,1.50,2.62
2016.02.29 06:27:34.597,0.80459,0.80472,1.27,1.50
2016.02.29 06:27:34.951,0.80459,0.80471,1.27,3.15
2016.02.29 06:27:35.257,0.80458,0.80469,1.00,4.87
2016.02.29 06:27:35.773,0.80456,0.80469,1.00,3.37
2016.02.29 06:27:36.348,0.80455,0.80467,1.20,1.12
2016.02.29 06:27:38.092,0.80453,0.80466,2.70,1.57
2016.02.29 06:27:38.295,0.80451,0.80465,2.70,1.07
2016.02.29 06:27:38.801,0.8045,0.80465,2.70,1.50
2016.02.29 06:27:39.328,0.8045,0.80463,1.57,1.20
2016.02.29 06:27:40.419,0.80451,0.80463,1.10,2.25
2016.02.29 06:27:40.730,0.80449,0.80461,1.00,2.32
2016.02.29 06:27:41.272,0.80445,0.80459,1.87,2.25
2016.02.29 06:27:41.542,0.80445,0.80457,1.47,1.95
2016.02.29 06:27:41.845,0.80446,0.80454,1.37,1.12
2016.02.29 06:27:41.896,0.80443,0.80454,1.12,1.12
2016.02.29 06:27:42.149,0.80442,0.80455,3.82,1.07
2016.02.29 06:27:42.671,0.80443,0.80457,1.95,1.45
2016.02.29 06:27:45.782,0.80447,0.80457,1.00,1.45
2016.02.29 06:27:45.883,0.80445,0.80458,1.95,1.82
2016.02.29 06:27:47.234,0.80443,0.80455,2.32,1.00
2016.02.29 06:27:47.449,0.80443,0.80455,1.10,1.57
2016.02.29 06:27:47.753,0.80438,0.80451,2.25,1.87
2016.02.29 06:27:48.294,0.80437,0.80447,1.00,1.00
2016.02.29 06:27:49.068,0.80436,0.80447,1.20,1.00
2016.02.29 06:27:49.889,0.80436,0.8045,1.20,1.50
2016.02.29 06:27:50.197,0.80437,0.8045,1.12,1.50
2016.02.29 06:27:50.707,0.80437,0.80449,1.12,1.10
2016.02.29 06:27:51.011,0.80434,0.80446,2.62,1.00
2016.02.29 06:27:52.187,0.80436,0.80448,1.10,1.45
2016.02.29 06:27:52.492,0.80438,0.8045,1.10,1.85
2016.02.29 06:27:52.897,0.80438,0.8045,1.10,1.00
2016.02.29 06:27:53.641,0.8044,0.8045,1.00,1.00
2016.02.29 06:27:54.595,0.8044,0.80451,1.00,1.10
2016.02.29 06:27:55.101,0.80438,0.80451,3.00,1.12
2016.02.29 06:27:55.587,0.80441,0.80451,1.00,1.57
2016.02.29 06:27:56.279,0.8044,0.80452,1.00,1.95
2016.02.29 06:27:56.380,0.80437,0.80452,2.70,2.70
2016.02.29 06:27:56.881,0.80437,0.8045,1.57,1.45
2016.02.29 06:27:57.102,0.80436,0.80449,1.95,1.20
2016.02.29 06:27:57.192,0.80436,0.80446,1.20,1.00
2016.02.29 06:27:57.497,0.80434,0.80448,2.25,5.25
2016.02.29 06:27:58.003,0.80434,0.80443,1.95,1.00
2016.02.29 06:28:01.800,0.80435,0.80448,1.12,3.37
2016.02.29 06:28:01.953,0.80438,0.8045,2.25,3.45
2016.02.29 06:28:02.105,0.80441,0.8045,1.00,1.00
2016.02.29 06:28:02.207,0.80441,0.80454,1.50,2.32
2016.02.29 06:28:02.511,0.80439,0.80451,1.95,1.12
2016.02.29 06:28:02.562,0.80439,0.80451,1.95,1.50
2016.02.29 06:28:02.866,0.80436,0.80448,1.37,2.25
2016.02.29 06:28:02.968,0.80436,0.80449,1.10,3.82
2016.02.29 06:28:03.069,0.80438,0.80449,1.00,3.82
2016.02.29 06:28:03.221,0.80436,0.80449,1.10,3.07
2016.02.29 06:28:03.272,0.80436,0.80449,1.20,1.85
2016.02.29 06:28:03.808,0.80437,0.80451,1.57,5.62
2016.02.29 06:28:06.499,0.80437,0.8045,1.47,4.57
2016.02.29 06:28:07.009,0.80437,0.80447,1.95,1.00
2016.02.29 06:28:07.970,0.80436,0.80448,1.50,1.75
2016.02.29 06:28:08.021,0.80436,0.80448,1.50,1.75
2016.02.29 06:28:08.534,0.80435,0.80449,1.57,6.07
2016.02.29 06:28:09.194,0.80435,0.80449,2.25,2.25
2016.02.29 06:28:09.695,0.80435,0.80449,1.07,2.70
2016.02.29 06:28:09.897,0.80435,0.80449,1.07,1.95
2016.02.29 06:28:10.413,0.80435,0.80448,1.65,1.87
2016.02.29 06:28:11.549,0.80435,0.80448,1.47,1.12
2016.02.29 06:28:12.298,0.80436,0.80448,1.12,1.82
2016.02.29 06:28:12.399,0.80434,0.80448,3.07,1.20
2016.02.29 06:28:12.939,0.80433,0.80444,1.07,1.00
2016.02.29 06:28:13.294,0.80432,0.80444,1.57,1.12
2016.02.29 06:28:15.301,0.8043,0.80443,2.62,1.65
2016.02.29 06:28:15.352,0.8043,0.80442,1.12,1.20
2016.02.29 06:28:15.403,0.80429,0.8044,1.95,1.00
2016.02.29 06:28:15.606,0.8043,0.80444,1.12,1.95
2016.02.29 06:28:15.960,0.80433,0.80443,1.00,1.45
2016.02.29 06:28:16.288,0.80433,0.80444,1.95,1.10
2016.02.29 06:28:16.541,0.80435,0.80447,1.00,2.32
2016.02.29 06:28:17.052,0.80434,0.80448,1.65,3.75
2016.02.29 06:28:17.388,0.80435,0.80446,1.12,1.00
2016.02.29 06:28:17.697,0.80435,0.80447,1.12,1.82
2016.02.29 06:28:17.799,0.80434,0.80445,1.10,1.12
2016.02.29 06:28:17.901,0.80432,0.80445,3.07,1.12
2016.02.29 06:28:18.632,0.80433,0.80445,1.50,1.12
2016.02.29 06:28:18.683,0.80433,0.80445,2.62,1.00
2016.02.29 06:28:20.495,0.80433,0.80446,2.32,3.37
2016.02.29 06:28:20.546,0.80433,0.80444,1.87,1.20
2016.02.29 06:28:21.082,0.80434,0.80447,1.00,3.82
2016.02.29 06:28:21.235,0.80435,0.80446,1.00,1.47
2016.02.29 06:28:21.697,0.80437,0.80447,1.00,1.57
2016.02.29 06:28:25.306,0.80435,0.80448,1.50,2.20
2016.02.29 06:28:27.086,0.80434,0.80448,1.20,2.20
2016.02.29 06:28:27.188,0.80432,0.80445,2.32,3.00
2016.02.29 06:28:27.239,0.80432,0.80444,1.65,1.20
2016.02.29 06:28:27.351,0.8043,0.80444,2.70,1.45
2016.02.29 06:28:28.571,0.80431,0.80444,1.07,1.45
2016.02.29 06:28:29.092,0.80431,0.80444,1.50,1.45
2016.02.29 06:28:34.424,0.80432,0.80445,1.07,3.00
2016.02.29 06:28:34.930,0.80431,0.80444,1.50,1.20
2016.02.29 06:28:35.677,0.80431,0.80444,2.62,1.20
2016.02.29 06:28:46.613,0.80432,0.80445,1.12,5.25
2016.02.29 06:28:47.155,0.80433,0.80446,1.50,1.95
2016.02.29 06:28:48.554,0.80433,0.80445,1.87,1.10
2016.02.29 06:28:52.464,0.80434,0.80447,2.62,1.12
2016.02.29 06:28:52.667,0.80435,0.80448,1.87,1.57
2016.02.29 06:28:53.178,0.80436,0.8045,2.25,3.00
2016.02.29 06:28:58.695,0.80437,0.80449,1.20,1.95
2016.02.29 06:29:07.748,0.80437,0.8045,1.20,2.70
2016.02.29 06:29:16.528,0.80436,0.80449,1.12,1.75
2016.02.29 06:29:16.629,0.80435,0.80449,1.87,3.00
2016.02.29 06:29:17.284,0.80435,0.80449,2.25,2.32
2016.02.29 06:29:19.013,0.80435,0.80449,2.62,3.07
2016.02.29 06:29:19.839,0.80437,0.80449,1.20,1.75
2016.02.29 06:29:28.768,0.80439,0.8045,1.10,1.75
2016.02.29 06:29:28.820,0.80439,0.80451,1.47,2.32
2016.02.29 06:29:28.921,0.80439,0.80451,1.57,1.87
2016.02.29 06:29:30.202,0.80442,0.80451,1.00,1.12
2016.02.29 06:29:30.710,0.80441,0.80455,1.00,4.50
2016.02.29 06:29:31.615,0.80442,0.80455,1.00,5.62
2016.02.29 06:29:32.421,0.80441,0.80455,1.00,4.50
2016.02.29 06:29:32.970,0.80442,0.80455,1.00,5.62
2016.02.29 06:29:33.491,0.80441,0.80455,1.00,4.50
2016.02.29 06:29:34.031,0.80442,0.80455,1.00,5.62
2016.02.29 06:29:34.878,0.80441,0.80455,1.00,4.50
2016.02.29 06:29:35.694,0.8044,0.80453,1.65,1.50
2016.02.29 06:29:36.511,0.8044,0.80452,2.40,1.37
2016.02.29 06:29:36.781,0.80442,0.80454,1.00,1.65
2016.02.29 06:29:37.304,0.80442,0.80456,2.32,1.95
2016.02.29 06:29:37.810,0.80441,0.80456,1.95,2.32
2016.02.29 06:29:41.837,0.8044,0.80452,1.87,1.00
2016.02.29 06:29:42.926,0.80439,0.80453,2.62,1.87
2016.02.29 06:29:43.500,0.80439,0.80452,1.87,1.20
2016.02.29 06:29:44.158,0.80438,0.8045,1.37,1.07
2016.02.29 06:29:44.600,0.80436,0.80449,1.45,1.95
2016.02.29 06:29:45.119,0.80435,0.80449,1.45,2.62
2016.02.29 06:29:46.322,0.80434,0.80448,1.57,1.07
2016.02.29 06:29:46.831,0.80434,0.80447,1.12,2.32
2016.02.29 06:29:47.135,0.80433,0.80444,1.00,1.20
2016.02.29 06:29:47.236,0.80431,0.80443,1.10,1.10
2016.02.29 06:29:47.775,0.8043,0.80442,1.95,1.00
2016.02.29 06:29:48.660,0.80431,0.80443,1.10,1.10
2016.02.29 06:29:48.963,0.80433,0.80445,1.00,1.20
2016.02.29 06:29:49.065,0.80433,0.80446,1.87,1.85
2016.02.29 06:29:49.318,0.80434,0.80447,2.32,1.12
2016.02.29 06:29:49.737,0.80436,0.8045,1.57,2.62
2016.02.29 06:29:49.990,0.8044,0.80452,1.00,3.75
2016.02.29 06:29:50.042,0.80441,0.80453,1.00,1.57
2016.02.29 06:29:50.143,0.80442,0.80453,1.12,1.12
2016.02.29 06:29:50.447,0.80446,0.80459,1.00,1.20
2016.02.29 06:29:50.650,0.80448,0.80459,1.00,1.20
2016.02.29 06:29:50.738,0.80448,0.80459,1.00,1.10
2016.02.29 06:29:50.992,0.80449,0.80462,1.20,1.20
2016.02.29 06:29:51.144,0.8045,0.80463,1.27,1.50
2016.02.29 06:29:51.206,0.8045,0.80463,1.95,1.50
2016.02.29 06:29:51.713,0.8045,0.80461,1.07,1.10
2016.02.29 06:29:53.857,0.80448,0.8046,1.57,1.57
2016.02.29 06:29:54.385,0.80447,0.80461,1.45,2.20
2016.02.29 06:29:54.841,0.80452,0.8046,1.00,1.20
2016.02.29 06:29:55.043,0.80451,0.80465,1.87,1.85
2016.02.29 06:29:55.246,0.80453,0.80466,1.20,1.10
2016.02.29 06:29:56.661,0.80453,0.80467,1.57,1.82
2016.02.29 06:29:56.965,0.80451,0.80465,2.25,1.45
2016.02.29 06:29:57.478,0.8045,0.80464,1.57,1.95
2016.02.29 06:29:58.337,0.80449,0.80463,3.00,1.50
2016.02.29 06:29:59.446,0.80449,0.80463,1.87,4.12
2016.02.29 06:29:59.751,0.80447,0.80459,1.50,1.20
2016.02.29 06:30:00.259,0.80452,0.80459,2.62,1.87
2016.02.29 06:30:00.400,0.80453,0.8046,2.25,1.00
2016.02.29 06:30:00.553,0.8045,0.80457,1.75,1.00
2016.02.29 06:30:00.654,0.80446,0.80455,1.50,1.12
2016.02.29 06:30:01.010,0.80439,0.80453,1.95,1.50
2016.02.29 06:30:03.496,0.80439,0.80453,1.57,2.32
2016.02.29 06:30:04.004,0.80438,0.8045,1.12,1.45
2016.02.29 06:30:04.517,0.80437,0.80449,1.12,1.12
2016.02.29 06:30:05.666,0.80437,0.80449,1.37,1.45
2016.02.29 06:30:06.591,0.80439,0.80451,1.00,3.07
2016.02.29 06:30:10.300,0.80439,0.80452,1.20,1.95
2016.02.29 06:30:13.279,0.80437,0.80451,2.25,2.40
2016.02.29 06:30:13.381,0.80437,0.8045,2.32,1.95
2016.02.29 06:30:13.786,0.80438,0.8045,1.50,1.20
2016.02.29 06:30:14.331,0.80437,0.8045,2.32,1.12
2016.02.29 06:30:15.286,0.80437,0.8045,3.45,1.12
2016.02.29 06:30:15.490,0.80437,0.8045,2.70,1.12
2016.02.29 06:30:24.320,0.80438,0.8045,1.20,1.12
2016.02.29 06:30:31.624,0.80439,0.8045,1.00,1.12
2016.02.29 06:30:31.826,0.80438,0.80451,1.95,1.45
2016.02.29 06:30:32.333,0.80438,0.80451,2.70,1.45
2016.02.29 06:30:32.839,0.8044,0.80454,2.77,1.50
2016.02.29 06:30:32.941,0.80442,0.80454,1.37,2.20
2016.02.29 06:30:34.418,0.8044,0.80454,1.57,1.50
2016.02.29 06:30:35.116,0.80441,0.80454,1.37,2.20
2016.02.29 06:30:38.622,0.8044,0.80453,1.20,1.20
2016.02.29 06:30:38.927,0.80443,0.80455,1.10,1.20
2016.02.29 06:30:39.479,0.80444,0.80453,1.00,1.00
2016.02.29 06:30:40.485,0.80445,0.80453,1.00,1.00
2016.02.29 06:30:40.790,0.80447,0.80461,1.57,1.20
2016.02.29 06:30:43.830,0.80449,0.80459,1.10,1.00
2016.02.29 06:30:44.336,0.80449,0.80464,2.70,3.82
2016.02.29 06:30:46.639,0.80448,0.80463,2.62,1.50
2016.02.29 06:30:48.552,0.80448,0.80458,1.12,1.00
2016.02.29 06:30:49.067,0.80449,0.80459,1.10,1.00
2016.02.29 06:30:49.976,0.80449,0.80459,1.57,1.00
2016.02.29 06:30:50.491,0.8045,0.8046,1.20,1.00
2016.02.29 06:30:52.776,0.80451,0.80461,1.57,1.00
2016.02.29 06:30:54.461,0.80452,0.80462,1.50,1.10
2016.02.29 06:30:54.967,0.80452,0.80465,1.50,1.20
2016.02.29 06:30:57.652,0.80452,0.80466,1.57,1.82
2016.02.29 06:30:59.778,0.80451,0.80465,1.12,1.95
2016.02.29 06:31:00.279,0.8045,0.80462,1.45,1.45
2016.02.29 06:31:01.184,0.8045,0.80462,1.07,1.20
2016.02.29 06:31:03.792,0.80449,0.80462,2.02,2.20
2016.02.29 06:31:06.301,0.80449,0.80462,1.57,1.50
2016.02.29 06:31:08.682,0.8045,0.80462,1.00,2.20
2016.02.29 06:31:09.188,0.80449,0.80462,1.27,1.50
2016.02.29 06:31:10.321,0.80449,0.80462,1.20,1.50
2016.02.29 06:31:13.132,0.80445,0.8046,4.12,2.62
2016.02.29 06:31:13.436,0.80445,0.8046,2.62,2.62
2016.02.29 06:31:14.200,0.80446,0.80456,1.00,1.20
2016.02.29 06:31:16.638,0.80445,0.80456,1.10,1.10
2016.02.29 06:31:18.208,0.80446,0.80456,1.00,1.20
2016.02.29 06:31:18.752,0.80445,0.80455,1.12,1.00
2016.02.29 06:31:18.904,0.80442,0.80452,1.50,1.00
2016.02.29 06:31:19.007,0.80441,0.80452,1.12,1.47
2016.02.29 06:31:19.108,0.80439,0.8045,1.50,1.50
2016.02.29 06:31:19.414,0.80437,0.8045,1.85,1.20
2016.02.29 06:31:20.899,0.8044,0.80451,1.37,1.20
2016.02.29 06:31:21.000,0.80442,0.80455,1.95,1.50
2016.02.29 06:31:21.305,0.80445,0.80459,1.07,1.20
2016.02.29 06:31:21.507,0.80447,0.80457,1.20,1.00
2016.02.29 06:31:21.710,0.80448,0.80462,1.85,3.07
2016.02.29 06:31:22.014,0.8045,0.80463,1.87,1.50
2016.02.29 06:31:22.722,0.80451,0.80462,1.00,1.37
2016.02.29 06:31:23.614,0.8045,0.80463,1.20,1.20
2016.02.29 06:31:24.117,0.80451,0.80462,1.00,1.37
2016.02.29 06:31:24.926,0.8045,0.80463,1.20,1.20
2016.02.29 06:31:25.616,0.80451,0.80462,1.00,1.37
2016.02.29 06:31:26.422,0.8045,0.80463,1.20,1.20
2016.02.29 06:31:26.971,0.80451,0.80462,1.00,1.37
2016.02.29 06:31:27.718,0.80449,0.80463,3.37,1.27
2016.02.29 06:31:28.223,0.8045,0.8046,1.00,1.00
2016.02.29 06:31:28.325,0.80449,0.80458,1.10,1.00
2016.02.29 06:31:28.838,0.80446,0.80461,3.00,2.20
2016.02.29 06:31:29.347,0.80447,0.80457,1.00,1.00
2016.02.29 06:31:29.651,0.80446,0.8046,1.85,1.20
2016.02.29 06:31:29.752,0.80446,0.8046,2.70,1.82
2016.02.29 06:31:33.959,0.80449,0.8046,1.00,1.12
2016.02.29 06:31:34.162,0.80452,0.80466,1.20,2.25
2016.02.29 06:31:34.669,0.80452,0.80462,1.57,1.00
2016.02.29 06:31:34.871,0.80454,0.80465,1.12,1.82
2016.02.29 06:31:35.910,0.80455,0.80466,1.00,2.20
2016.02.29 06:31:36.423,0.80454,0.80466,1.12,2.20
2016.02.29 06:31:37.325,0.80456,0.80466,1.00,2.20
2016.02.29 06:31:37.473,0.80454,0.80466,1.12,2.20
2016.02.29 06:31:37.980,0.80455,0.80466,1.87,2.20
2016.02.29 06:31:40.135,0.80458,0.80467,1.00,1.12
2016.02.29 06:31:40.187,0.80458,0.80468,1.00,1.85
2016.02.29 06:31:40.490,0.8046,0.8047,1.00,2.62
2016.02.29 06:31:40.541,0.8046,0.80471,1.50,1.95
2016.02.29 06:31:40.643,0.80462,0.80475,1.95,3.75
2016.02.29 06:31:40.998,0.80465,0.80476,1.10,1.75
2016.02.29 06:31:41.049,0.80465,0.80476,3.07,1.50
2016.02.29 06:31:41.151,0.80468,0.80476,1.95,1.12
2016.02.29 06:31:41.357,0.80473,0.80483,1.37,3.00
2016.02.29 06:31:41.509,0.80474,0.80486,2.70,1.75
2016.02.29 06:31:41.560,0.80476,0.80486,1.57,1.00
2016.02.29 06:31:41.662,0.80478,0.8049,1.07,1.57
2016.02.29 06:31:41.967,0.80482,0.80492,1.12,1.00
2016.02.29 06:31:42.474,0.8048,0.80492,1.95,1.12
2016.02.29 06:31:44.090,0.80479,0.80491,1.12,1.20
2016.02.29 06:31:44.619,0.80479,0.80492,1.57,1.20
2016.02.29 06:31:45.290,0.8048,0.80491,1.50,1.00
2016.02.29 06:31:46.083,0.80483,0.80493,1.00,1.12
2016.02.29 06:31:46.388,0.80489,0.80496,1.45,1.37
2016.02.29 06:31:46.930,0.8049,0.80497,1.20,1.37
2016.02.29 06:31:47.200,0.8049,0.80502,1.57,1.75
2016.02.29 06:31:47.659,0.8049,0.80503,1.57,1.85
2016.02.29 06:31:48.165,0.80491,0.80504,1.50,1.20
2016.02.29 06:31:48.676,0.80492,0.80504,1.50,1.57
2016.02.29 06:31:50.288,0.80492,0.80505,1.57,2.25
2016.02.29 06:31:51.766,0.80491,0.80505,2.77,1.50
2016.02.29 06:31:51.868,0.80493,0.80503,1.50,1.00
2016.02.29 06:32:01.788,0.80493,0.80506,3.00,1.12
2016.02.29 06:32:02.093,0.80496,0.80511,2.32,2.70
2016.02.29 06:32:02.195,0.80497,0.8051,1.12,1.95
2016.02.29 06:32:02.398,0.80496,0.80508,1.57,1.45
2016.02.29 06:32:02.946,0.80496,0.80506,1.20,1.00
2016.02.29 06:32:04.159,0.80496,0.80506,1.20,1.00
2016.02.29 06:32:05.037,0.80496,0.80506,1.45,1.00
2016.02.29 06:32:05.342,0.80498,0.8051,2.25,1.75
2016.02.29 06:32:05.392,0.80498,0.80508,3.00,1.00
2016.02.29 06:32:05.595,0.80498,0.80513,1.87,2.25
2016.02.29 06:32:05.848,0.80499,0.80514,1.27,2.40
2016.02.29 06:32:07.787,0.80499,0.80513,1.27,1.00
2016.02.29 06:32:08.627,0.80498,0.8051,2.62,1.00
2016.02.29 06:32:08.779,0.80496,0.8051,1.45,1.65
2016.02.29 06:32:08.881,0.80494,0.80509,2.32,2.70
2016.02.29 06:32:08.932,0.80496,0.8051,1.50,2.25
2016.02.29 06:32:09.236,0.80499,0.8051,1.45,1.00
2016.02.29 06:32:09.908,0.80496,0.8051,1.75,1.50
2016.02.29 06:32:10.111,0.80494,0.80509,1.12,4.20
2016.02.29 06:32:10.516,0.80492,0.80507,1.50,1.57
2016.02.29 06:32:10.567,0.80492,0.80506,1.50,1.07
2016.02.29 06:32:11.665,0.80493,0.80509,1.87,2.32
2016.02.29 06:32:14.720,0.80494,0.8051,2.70,2.25
2016.02.29 06:32:15.287,0.80495,0.8051,1.50,1.57
2016.02.29 06:32:16.407,0.80496,0.8051,1.12,1.00
2016.02.29 06:32:16.933,0.80498,0.80512,3.07,3.07
2016.02.29 06:32:17.302,0.80501,0.80512,1.00,1.20
2016.02.29 06:32:17.357,0.80501,0.80516,2.25,2.62
2016.02.29 06:32:17.408,0.80504,0.80516,1.12,1.87
2016.02.29 06:32:17.612,0.80509,0.80521,1.50,1.07
2016.02.29 06:32:17.714,0.80509,0.80523,4.12,1.20
2016.02.29 06:32:17.866,0.8051,0.80524,1.57,1.50
2016.02.29 06:32:18.019,0.80509,0.80522,1.57,1.37
2016.02.29 06:32:18.527,0.80509,0.80522,1.00,1.87
2016.02.29 06:32:18.909,0.80507,0.80521,1.87,1.75
2016.02.29 06:32:22.323,0.80509,0.80521,1.00,1.87
2016.02.29 06:32:22.425,0.80509,0.80523,2.70,1.12
2016.02.29 06:32:22.476,0.80509,0.80524,3.45,1.20
2016.02.29 06:32:22.527,0.80511,0.80524,1.07,1.07
2016.02.29 06:32:22.882,0.80513,0.80528,1.57,2.32
2016.02.29 06:32:23.387,0.80512,0.80527,3.07,1.47
2016.02.29 06:32:23.942,0.80513,0.80527,1.10,1.95
2016.02.29 06:32:25.030,0.80514,0.80527,1.50,1.95
2016.02.29 06:32:25.218,0.80514,0.80528,2.25,1.57
2016.02.29 06:32:26.857,0.80516,0.80528,1.00,1.57
2016.02.29 06:32:27.060,0.80516,0.8053,3.15,1.45
2016.02.29 06:32:27.161,0.80519,0.8053,1.00,1.50
2016.02.29 06:32:27.567,0.80521,0.80534,1.00,1.12
2016.02.29 06:32:27.618,0.80522,0.80535,1.00,1.50
2016.02.29 06:32:27.669,0.80523,0.80537,1.47,1.87
2016.02.29 06:32:27.720,0.80523,0.80537,1.95,1.00
2016.02.29 06:32:27.822,0.80525,0.80538,1.47,1.10
2016.02.29 06:32:28.297,0.80524,0.80538,1.57,1.10
2016.02.29 06:32:28.804,0.80523,0.80538,1.20,2.62
2016.02.29 06:32:29.260,0.80521,0.80536,1.47,1.47
2016.02.29 06:32:31.142,0.80521,0.80534,1.57,1.47
2016.02.29 06:32:31.244,0.8052,0.80534,1.00,1.57
2016.02.29 06:32:31.448,0.80519,0.80532,1.00,1.57
2016.02.29 06:32:31.980,0.80518,0.80532,1.27,1.57
2016.02.29 06:32:32.298,0.80517,0.8053,1.00,1.57
2016.02.29 06:32:32.847,0.80515,0.80529,1.20,1.07
2016.02.29 06:32:33.354,0.80519,0.8053,1.00,1.87
2016.02.29 06:32:33.456,0.80517,0.8053,1.95,1.50
2016.02.29 06:32:33.659,0.80518,0.80532,1.00,1.57
2016.02.29 06:32:33.862,0.80519,0.80533,1.50,1.95
2016.02.29 06:32:34.065,0.80521,0.80535,1.00,1.47
2016.02.29 06:32:34.600,0.80521,0.80535,1.10,1.07
2016.02.29 06:32:35.144,0.80521,0.80536,1.57,2.62
2016.02.29 06:32:35.194,0.80522,0.80537,1.95,3.00
2016.02.29 06:32:35.559,0.80521,0.80536,1.20,1.87
2016.02.29 06:32:36.017,0.8052,0.80535,1.47,1.50
2016.02.29 06:32:36.545,0.80518,0.80533,2.25,1.87
2016.02.29 06:32:36.879,0.80517,0.80528,1.75,1.57
2016.02.29 06:32:37.335,0.80517,0.80527,1.12,1.45
2016.02.29 06:32:37.386,0.80517,0.80525,1.00,1.37
2016.02.29 06:32:37.538,0.80514,0.80525,1.50,1.95
2016.02.29 06:32:37.639,0.80514,0.80524,1.50,1.50
2016.02.29 06:32:38.162,0.80514,0.80523,1.00,2.62
2016.02.29 06:32:38.264,0.80508,0.80523,1.95,2.62
2016.02.29 06:32:38.679,0.80508,0.80523,1.95,2.62
2016.02.29 06:32:38.730,0.80508,0.80522,1.95,1.27
2016.02.29 06:32:39.490,0.80506,0.8052,5.32,1.50
2016.02.29 06:32:39.701,0.80505,0.80517,1.87,1.00
2016.02.29 06:32:40.006,0.80501,0.80514,1.75,1.95
2016.02.29 06:32:40.108,0.80501,0.80513,1.50,1.37
2016.02.29 06:32:40.412,0.80499,0.80511,1.50,1.00
2016.02.29 06:32:40.615,0.80499,0.80511,1.50,1.47
2016.02.29 06:32:41.071,0.80502,0.80515,1.20,1.20
2016.02.29 06:32:41.223,0.80503,0.80517,1.45,1.20
2016.02.29 06:32:41.680,0.80504,0.80514,3.00,1.00
2016.02.29 06:32:41.782,0.80505,0.80519,1.45,1.95
2016.02.29 06:32:41.986,0.80505,0.80518,1.95,1.00
2016.02.29 06:32:42.493,0.80509,0.80519,1.00,1.00
2016.02.29 06:32:43.100,0.80508,0.80522,1.85,1.20
2016.02.29 06:32:43.151,0.8051,0.80522,1.37,1.20
2016.02.29 06:32:43.455,0.80512,0.80526,3.00,2.25
2016.02.29 06:32:43.695,0.80513,0.80527,3.00,1.87
2016.02.29 06:32:44.100,0.80514,0.80527,1.47,2.62
2016.02.29 06:32:44.606,0.80513,0.80526,1.57,1.75
2016.02.29 06:32:45.116,0.80513,0.80525,1.10,1.95
2016.02.29 06:32:45.597,0.8051,0.80521,1.12,2.25
2016.02.29 06:32:45.648,0.80509,0.80516,1.95,1.00
2016.02.29 06:32:45.750,0.80506,0.80519,1.95,1.87
2016.02.29 06:32:46.003,0.80507,0.8052,1.57,1.12
2016.02.29 06:32:46.105,0.80509,0.80522,1.95,1.95
2016.02.29 06:32:46.258,0.80509,0.80523,1.57,1.87
2016.02.29 06:32:47.900,0.80509,0.80523,1.12,5.62
2016.02.29 06:32:48.217,0.80507,0.8052,1.50,1.50
2016.02.29 06:32:48.268,0.80506,0.80519,1.87,1.85
2016.02.29 06:32:48.775,0.80505,0.80518,1.95,1.75
2016.02.29 06:32:49.291,0.80505,0.80518,1.57,1.20
2016.02.29 06:32:49.825,0.80505,0.80519,1.07,4.57
2016.02.29 06:32:50.129,0.80504,0.80519,1.10,6.82
2016.02.29 06:32:50.332,0.805,0.80505,1.87,1.50
2016.02.29 06:32:50.383,0.805,0.80505,1.00,1.50
2016.02.29 06:32:50.586,0.80498,0.80503,1.00,1.50
2016.02.29 06:32:50.943,0.80496,0.80501,1.00,1.65
2016.02.29 06:32:51.418,0.80497,0.80502,1.00,1.20
2016.02.29 06:32:51.723,0.80491,0.80503,1.65,1.00
2016.02.29 06:32:52.052,0.80493,0.80505,1.20,1.10
2016.02.29 06:32:52.357,0.80495,0.80509,2.70,1.12
2016.02.29 06:32:52.611,0.80496,0.80508,1.10,1.57
2016.02.29 06:32:52.713,0.80495,0.80505,1.12,1.50
2016.02.29 06:32:52.915,0.80488,0.80499,1.57,1.00
2016.02.29 06:32:53.163,0.80489,0.80502,1.50,1.00
2016.02.29 06:32:53.468,0.80494,0.80506,1.95,1.75
2016.02.29 06:32:53.620,0.80492,0.80502,2.32,1.00
2016.02.29 06:32:53.824,0.80493,0.80505,1.57,1.75
2016.02.29 06:32:53.875,0.80494,0.80507,1.12,2.25
2016.02.29 06:32:54.824,0.80494,0.80504,1.87,1.00
2016.02.29 06:32:55.335,0.80494,0.80507,1.20,1.75
2016.02.29 06:32:55.844,0.80495,0.80508,1.87,1.87
2016.02.29 06:32:56.351,0.80495,0.80508,1.95,2.62
2016.02.29 06:32:56.889,0.80495,0.80508,1.07,2.62
2016.02.29 06:32:57.161,0.80495,0.80506,1.12,1.12
2016.02.29 06:32:57.681,0.80492,0.80505,2.62,1.00
2016.02.29 06:32:58.187,0.80492,0.80506,2.62,1.12
2016.02.29 06:32:59.349,0.80492,0.80506,1.12,1.87
2016.02.29 06:32:59.501,0.80492,0.80502,1.00,1.12
2016.02.29 06:32:59.552,0.8049,0.80502,1.45,1.37
2016.02.29 06:33:00.665,0.8049,0.80503,1.12,1.87
2016.02.29 06:33:01.206,0.8049,0.80503,1.20,1.00
2016.02.29 06:33:01.460,0.80491,0.80504,1.20,1.20
2016.02.29 06:33:03.877,0.80494,0.80504,1.00,1.20
2016.02.29 06:33:05.568,0.80494,0.80503,1.00,1.47
2016.02.29 06:33:06.125,0.80494,0.80504,1.00,2.32
2016.02.29 06:33:06.630,0.80494,0.80503,1.00,1.47
2016.02.29 06:33:07.080,0.80492,0.80502,1.00,1.00
2016.02.29 06:33:07.131,0.80489,0.80502,1.87,1.12
2016.02.29 06:33:07.182,0.80488,0.80501,1.20,1.95
2016.02.29 06:33:07.335,0.80488,0.80501,1.20,3.07
2016.02.29 06:33:07.437,0.80489,0.80503,2.40,2.25
2016.02.29 06:33:07.540,0.8049,0.80504,1.50,4.12
2016.02.29 06:33:08.085,0.80492,0.80506,1.95,2.77
2016.02.29 06:33:09.392,0.80492,0.80503,1.75,1.37
2016.02.29 06:33:10.260,0.80493,0.80503,1.00,1.57
2016.02.29 06:33:12.161,0.80493,0.80503,1.00,1.45
2016.02.29 06:33:13.540,0.80492,0.80502,1.00,1.47
2016.02.29 06:33:13.967,0.8049,0.80502,1.82,1.47
2016.02.29 06:33:14.513,0.8049,0.80502,1.82,1.10
2016.02.29 06:33:15.158,0.80492,0.80504,1.47,1.10
2016.02.29 06:33:15.666,0.80493,0.80505,1.47,1.37
2016.02.29 06:33:16.648,0.80493,0.80505,1.20,1.37
2016.02.29 06:33:20.278,0.80492,0.80506,2.32,1.12
2016.02.29 06:33:20.587,0.80494,0.80506,1.87,1.12
2016.02.29 06:33:20.638,0.80497,0.80506,1.12,1.37
2016.02.29 06:33:20.689,0.80498,0.80506,1.37,1.50
2016.02.29 06:33:20.892,0.80501,0.80516,2.62,3.00
2016.02.29 06:33:20.993,0.80502,0.80516,1.07,2.25
2016.02.29 06:33:21.196,0.80502,0.80517,1.95,1.12
2016.02.29 06:33:22.307,0.80506,0.80516,1.00,1.00
2016.02.29 06:33:22.815,0.80503,0.80516,1.85,1.47
2016.02.29 06:33:22.866,0.80503,0.80516,1.57,1.47
2016.02.29 06:33:22.917,0.80503,0.80516,1.20,1.85
2016.02.29 06:33:23.277,0.80502,0.80517,2.25,1.75
2016.02.29 06:33:23.581,0.80504,0.80518,1.87,2.02
2016.02.29 06:33:24.087,0.80506,0.80519,1.87,1.75
2016.02.29 06:33:24.610,0.80504,0.80516,1.50,1.75
2016.02.29 06:33:24.712,0.80503,0.80517,1.82,2.32
2016.02.29 06:33:25.220,0.80505,0.80517,1.20,1.12
2016.02.29 06:33:30.186,0.80506,0.80516,1.00,1.00
2016.02.29 06:33:30.490,0.80504,0.80513,1.07,1.00
2016.02.29 06:33:31.019,0.80501,0.80513,2.62,1.00
2016.02.29 06:33:33.097,0.80501,0.80513,2.62,1.37
2016.02.29 06:33:33.502,0.805,0.80511,1.12,1.37
2016.02.29 06:33:33.654,0.80498,0.80511,1.45,3.37
2016.02.29 06:33:33.705,0.80498,0.80511,1.12,3.00
2016.02.29 06:33:33.806,0.80496,0.80507,1.12,1.12
2016.02.29 06:33:33.908,0.80495,0.80505,1.00,1.00
2016.02.29 06:33:34.009,0.80494,0.80502,1.50,1.37
2016.02.29 06:33:34.522,0.80494,0.80503,1.00,1.37
2016.02.29 06:33:35.027,0.8049,0.80503,3.00,1.50
2016.02.29 06:33:37.438,0.80492,0.80502,1.00,1.50
2016.02.29 06:33:37.945,0.80489,0.80502,1.75,1.10
2016.02.29 06:33:38.451,0.80488,0.80502,3.00,1.10
2016.02.29 06:33:38.911,0.80489,0.805,1.75,1.37
2016.02.29 06:33:39.417,0.80488,0.80501,1.75,1.37
2016.02.29 06:33:41.743,0.80492,0.80502,1.00,1.95
2016.02.29 06:33:42.158,0.80488,0.805,1.57,1.12
2016.02.29 06:33:42.261,0.80486,0.80498,2.25,1.37
2016.02.29 06:33:42.626,0.80487,0.80499,1.50,1.10
2016.02.29 06:33:42.931,0.80488,0.80503,2.62,2.20
2016.02.29 06:33:43.033,0.80489,0.80504,1.95,1.85
2016.02.29 06:33:43.539,0.8049,0.805,1.10,1.00
2016.02.29 06:33:44.058,0.80489,0.80499,1.10,1.00
2016.02.29 06:33:45.162,0.80488,0.80502,1.20,1.95
2016.02.29 06:33:45.764,0.80489,0.80503,1.20,4.20
2016.02.29 06:33:46.267,0.8049,0.80504,1.20,4.65
2016.02.29 06:33:47.872,0.8049,0.80504,1.27,2.02
2016.02.29 06:33:48.133,0.80492,0.80502,1.00,1.00
2016.02.29 06:33:48.437,0.80493,0.80505,1.87,1.37
2016.02.29 06:33:52.973,0.80492,0.80506,1.85,1.87
2016.02.29 06:33:53.277,0.80494,0.80506,2.32,1.75
2016.02.29 06:33:53.378,0.80494,0.80506,1.95,1.12
2016.02.29 06:33:54.874,0.80495,0.80507,1.12,1.20
2016.02.29 06:33:55.470,0.80494,0.80508,1.95,1.50
2016.02.29 06:33:55.571,0.80495,0.80508,1.12,1.50
2016.02.29 06:33:59.199,0.80496,0.80508,1.95,1.12
2016.02.29 06:34:00.466,0.80497,0.80508,1.00,1.12
2016.02.29 06:34:01.323,0.80495,0.80508,1.50,1.12
2016.02.29 06:34:02.186,0.80495,0.80505,1.00,1.00
2016.02.29 06:34:03.385,0.80494,0.80505,1.20,1.37
2016.02.29 06:34:03.495,0.80492,0.80502,1.10,1.12
2016.02.29 06:34:03.800,0.80489,0.80499,1.20,1.00
2016.02.29 06:34:04.206,0.80489,0.80499,2.70,1.00
2016.02.29 06:34:04.967,0.8049,0.80499,2.62,1.00
2016.02.29 06:34:05.119,0.80492,0.80504,1.07,2.25
2016.02.29 06:34:06.603,0.80492,0.80504,1.20,1.75
2016.02.29 06:34:07.009,0.80494,0.80506,2.32,1.50
2016.02.29 06:34:10.764,0.80495,0.80508,1.47,1.75
2016.02.29 06:34:10.815,0.80496,0.80508,2.62,1.75
2016.02.29 06:34:11.322,0.80498,0.8051,1.37,1.75
2016.02.29 06:34:11.856,0.80497,0.80511,1.47,6.00
2016.02.29 06:34:12.413,0.80498,0.8051,1.47,2.25
2016.02.29 06:34:12.958,0.80499,0.8051,1.07,2.25
2016.02.29 06:34:13.877,0.80499,0.80511,1.57,3.00
2016.02.29 06:34:14.056,0.80501,0.80516,3.07,3.45
2016.02.29 06:34:14.107,0.80506,0.80516,1.50,3.00
2016.02.29 06:34:14.158,0.80506,0.80518,1.50,1.75
2016.02.29 06:34:14.260,0.80507,0.80518,1.47,1.75
2016.02.29 06:34:14.766,0.80507,0.80521,1.57,2.25
2016.02.29 06:34:16.085,0.80508,0.8052,1.37,2.25
2016.02.29 06:34:16.591,0.80507,0.8052,1.57,1.75
2016.02.29 06:34:17.997,0.80506,0.8052,2.32,2.25
2016.02.29 06:34:18.149,0.80507,0.80517,1.87,1.50
2016.02.29 06:34:18.688,0.80506,0.80519,2.70,1.75
2016.02.29 06:34:19.832,0.80504,0.80516,1.95,2.25
2016.02.29 06:34:19.934,0.80503,0.80516,1.50,2.70
2016.02.29 06:34:20.391,0.80504,0.80518,1.87,3.00
2016.02.29 06:34:20.493,0.80505,0.80518,1.07,1.75
2016.02.29 06:34:21.040,0.80506,0.80519,1.07,1.75
2016.02.29 06:34:21.092,0.80506,0.80516,1.20,1.00
2016.02.29 06:34:23.271,0.80507,0.80517,1.12,1.50
2016.02.29 06:34:23.323,0.80503,0.80514,1.12,1.37
2016.02.29 06:34:23.374,0.80503,0.80514,1.20,1.75
2016.02.29 06:34:23.484,0.80505,0.80514,1.47,1.75
2016.02.29 06:34:24.008,0.80505,0.80517,1.47,3.75
2016.02.29 06:34:24.267,0.80506,0.80515,1.12,1.00
2016.02.29 06:34:25.124,0.80505,0.80515,1.07,1.00
2016.02.29 06:34:25.735,0.80507,0.80519,1.00,2.32
2016.02.29 06:34:26.242,0.80507,0.80516,1.00,1.00
2016.02.29 06:34:26.939,0.80506,0.80516,1.50,1.00
2016.02.29 06:34:27.202,0.80503,0.80513,1.50,1.10
2016.02.29 06:34:27.304,0.805,0.80513,1.57,1.85
2016.02.29 06:34:27.406,0.80498,0.80511,1.45,1.20
2016.02.29 06:34:27.710,0.80498,0.80511,1.12,1.27
2016.02.29 06:34:28.084,0.80499,0.80508,1.12,1.00
2016.02.29 06:34:29.607,0.80498,0.8051,1.47,1.75
2016.02.29 06:34:31.177,0.80499,0.80509,1.07,1.00
2016.02.29 06:34:31.481,0.805,0.8051,1.20,1.00
2016.02.29 06:34:32.375,0.805,0.80513,1.50,2.25
2016.02.29 06:34:32.579,0.805,0.80512,2.25,1.75
2016.02.29 06:34:32.681,0.80503,0.80513,1.10,1.75
2016.02.29 06:34:33.235,0.80502,0.80512,1.20,1.00
2016.02.29 06:34:33.398,0.80502,0.80514,1.07,3.75
2016.02.29 06:34:36.323,0.80502,0.80514,1.57,3.00
2016.02.29 06:34:36.425,0.80502,0.80511,1.12,1.00
2016.02.29 06:34:36.527,0.80504,0.80517,2.25,2.25
2016.02.29 06:34:36.619,0.80507,0.80518,1.00,2.32
2016.02.29 06:34:36.722,0.80509,0.80518,1.07,1.50
2016.02.29 06:34:40.338,0.80509,0.80522,1.20,2.32
2016.02.29 06:34:41.484,0.8051,0.80522,1.12,2.25
2016.02.29 06:34:42.446,0.8051,0.80515,1.07,1.00
2016.02.29 06:34:42.548,0.80506,0.80515,1.95,1.00
2016.02.29 06:34:42.751,0.80506,0.80518,1.45,4.50
2016.02.29 06:34:44.252,0.80504,0.80516,1.07,1.75
2016.02.29 06:34:44.847,0.80503,0.80515,1.50,1.75
2016.02.29 06:34:45.049,0.80502,0.80514,1.57,1.75
2016.02.29 06:34:47.101,0.80501,0.80513,3.00,1.75
2016.02.29 06:34:47.455,0.805,0.80513,1.12,3.07
2016.02.29 06:34:48.569,0.80501,0.80513,1.00,2.32
2016.02.29 06:34:49.278,0.80501,0.80513,1.12,1.75
2016.02.29 06:34:49.743,0.80508,0.80516,1.00,1.87
2016.02.29 06:34:49.845,0.80508,0.80516,1.00,1.12
2016.02.29 06:34:50.048,0.80507,0.80518,2.62,1.00
2016.02.29 06:34:52.431,0.80508,0.80522,1.07,4.95
2016.02.29 06:34:52.937,0.80507,0.80516,1.07,1.00
2016.02.29 06:34:53.444,0.80508,0.80519,1.47,1.85
2016.02.29 06:34:53.787,0.80506,0.80518,2.32,2.25
2016.02.29 06:34:54.348,0.80506,0.80516,1.47,2.25
2016.02.29 06:34:54.859,0.80505,0.80516,1.57,2.25
2016.02.29 06:34:57.351,0.80506,0.80518,1.87,1.75
2016.02.29 06:34:57.554,0.80513,0.8052,1.00,1.37
2016.02.29 06:34:57.656,0.80513,0.80521,1.10,1.50
2016.02.29 06:34:57.859,0.80512,0.80521,2.32,1.00
2016.02.29 06:34:58.377,0.80515,0.80524,1.20,1.00
2016.02.29 06:34:58.650,0.80516,0.80524,1.37,1.00
2016.02.29 06:34:59.156,0.80517,0.80525,1.12,1.12
2016.02.29 06:34:59.690,0.80519,0.80525,1.00,1.12
2016.02.29 06:34:59.792,0.80519,0.80527,1.00,1.12
2016.02.29 06:34:59.946,0.80519,0.80529,1.87,2.25
2016.02.29 06:35:00.468,0.80521,0.80534,1.10,2.32
2016.02.29 06:35:01.004,0.8052,0.80533,1.20,1.50
2016.02.29 06:35:02.833,0.8052,0.80533,1.95,1.95
2016.02.29 06:35:02.985,0.8052,0.80534,2.25,2.25
2016.02.29 06:35:03.990,0.80521,0.80534,2.02,1.50
2016.02.29 06:35:04.041,0.80526,0.80534,1.00,1.12
2016.02.29 06:35:04.295,0.80525,0.80538,1.27,2.77
2016.02.29 06:35:04.499,0.80522,0.80536,3.75,1.20
2016.02.29 06:35:04.600,0.80522,0.80534,1.20,1.75
2016.02.29 06:35:05.106,0.8052,0.80535,2.62,3.75
2016.02.29 06:35:05.652,0.8052,0.80534,2.25,2.40
2016.02.29 06:35:05.703,0.8052,0.80535,2.62,3.00
2016.02.29 06:35:06.006,0.80522,0.8053,1.00,1.00
2016.02.29 06:35:06.530,0.80521,0.8053,1.27,1.00
2016.02.29 06:35:09.556,0.80522,0.8053,1.00,1.00
2016.02.29 06:35:09.809,0.80525,0.80537,1.10,3.37
2016.02.29 06:35:09.962,0.80525,0.80537,1.50,3.00
2016.02.29 06:35:10.463,0.80525,0.80539,1.10,4.20
2016.02.29 06:35:12.116,0.80524,0.80539,3.07,1.95
2016.02.29 06:35:12.607,0.80525,0.80538,1.12,1.12
2016.02.29 06:35:14.739,0.80527,0.80538,1.00,1.12
2016.02.29 06:35:14.794,0.80527,0.80538,1.12,1.12
2016.02.29 06:35:16.044,0.80527,0.80539,2.32,1.12
2016.02.29 06:35:16.566,0.80527,0.8054,1.87,1.12
2016.02.29 06:35:16.718,0.80527,0.8054,1.12,1.20
2016.02.29 06:35:18.221,0.80527,0.80539,1.50,1.12
2016.02.29 06:35:18.373,0.80527,0.80541,2.32,1.45
2016.02.29 06:35:18.425,0.80527,0.8054,1.20,1.85
2016.02.29 06:35:18.728,0.80526,0.80537,1.00,1.95
2016.02.29 06:35:18.932,0.80522,0.80536,1.87,2.40
2016.02.29 06:35:19.439,0.80523,0.80533,1.57,1.00
2016.02.29 06:35:21.947,0.80523,0.80535,1.57,3.00
2016.02.29 06:35:22.460,0.80523,0.80535,1.57,3.00
2016.02.29 06:35:22.719,0.80523,0.80534,1.57,1.75
2016.02.29 06:35:22.979,0.80521,0.80535,2.70,5.32
2016.02.29 06:35:23.531,0.80521,0.80535,2.70,3.07
2016.02.29 06:35:24.037,0.80521,0.80534,2.32,3.00
2016.02.29 06:35:24.241,0.80522,0.80536,1.47,2.70
2016.02.29 06:35:25.152,0.80522,0.80537,1.20,5.32
2016.02.29 06:35:26.526,0.80523,0.80533,1.10,1.00
2016.02.29 06:35:26.931,0.80524,0.80533,1.50,1.00
2016.02.29 06:35:27.476,0.80527,0.8054,1.12,3.82
2016.02.29 06:35:27.527,0.80527,0.8054,1.75,1.57
2016.02.29 06:35:27.628,0.80529,0.80542,1.57,1.75
2016.02.29 06:35:27.831,0.8053,0.80545,1.95,3.45
2016.02.29 06:35:29.552,0.80532,0.80545,1.10,2.25
2016.02.29 06:35:32.974,0.80532,0.80544,1.57,1.85
2016.02.29 06:35:33.568,0.80532,0.80544,1.10,1.85
2016.02.29 06:35:33.872,0.80531,0.80544,1.12,1.85
2016.02.29 06:35:34.357,0.8053,0.80543,1.00,2.62
2016.02.29 06:35:34.912,0.80529,0.80543,1.47,1.85
2016.02.29 06:35:38.060,0.80529,0.80543,1.20,2.32
2016.02.29 06:35:38.616,0.80529,0.80543,1.57,4.20
2016.02.29 06:35:39.151,0.80529,0.80543,1.10,2.32
2016.02.29 06:35:39.894,0.80529,0.80543,2.32,2.70
2016.02.29 06:35:40.432,0.80529,0.80544,1.10,5.32
2016.02.29 06:35:40.948,0.80529,0.80543,2.32,1.95
2016.02.29 06:35:42.942,0.8053,0.80544,1.50,1.20
2016.02.29 06:35:43.451,0.80531,0.80545,1.57,2.62
2016.02.29 06:35:43.957,0.80532,0.80544,1.37,2.32
2016.02.29 06:35:44.350,0.80532,0.80545,1.87,1.75
2016.02.29 06:35:44.451,0.80533,0.80545,1.57,1.95
2016.02.29 06:35:45.822,0.80535,0.80545,1.12,1.75
2016.02.29 06:35:45.873,0.80535,0.80545,2.25,1.75
2016.02.29 06:35:45.975,0.80535,0.80545,3.37,1.00
2016.02.29 06:35:46.228,0.80536,0.8055,2.25,1.27
2016.02.29 06:35:46.570,0.80537,0.8055,1.37,1.27
2016.02.29 06:35:47.283,0.80535,0.8055,1.87,2.32
2016.02.29 06:35:47.587,0.80535,0.80549,1.37,1.85
2016.02.29 06:35:48.791,0.80535,0.80547,1.00,1.20
2016.02.29 06:35:49.197,0.80532,0.80546,1.75,2.70
2016.02.29 06:35:50.286,0.80532,0.80546,1.75,1.12
2016.02.29 06:35:51.596,0.80532,0.80546,1.50,1.95
2016.02.29 06:35:51.900,0.80532,0.80546,3.45,1.57
2016.02.29 06:35:54.600,0.80536,0.80548,1.12,1.82
2016.02.29 06:35:54.652,0.80538,0.80551,1.57,1.95
2016.02.29 06:35:54.703,0.80539,0.80551,1.00,1.95
2016.02.29 06:35:55.209,0.8054,0.80553,1.95,1.75
2016.02.29 06:35:55.513,0.80542,0.80555,1.37,3.45
2016.02.29 06:35:57.610,0.8054,0.80555,1.95,2.32
2016.02.29 06:35:58.113,0.80541,0.80552,1.37,1.50
2016.02.29 06:35:58.265,0.80539,0.80548,1.00,1.00
2016.02.29 06:35:58.815,0.80539,0.80549,1.00,1.12
2016.02.29 06:36:00.777,0.80538,0.80552,1.20,2.32
2016.02.29 06:36:01.325,0.80539,0.80552,1.12,3.07
2016.02.29 06:36:04.528,0.80537,0.80552,1.95,3.07
2016.02.29 06:36:05.570,0.80538,0.80551,1.47,2.25
2016.02.29 06:36:06.075,0.80537,0.80547,2.32,1.00
2016.02.29 06:36:06.583,0.80538,0.80547,1.47,1.00
2016.02.29 06:36:10.852,0.80537,0.80551,2.70,3.00
2016.02.29 06:36:11.354,0.80538,0.8055,1.47,1.75
2016.02.29 06:36:11.863,0.80537,0.80551,2.70,3.00
2016.02.29 06:36:27.884,0.80539,0.80551,1.00,1.75
2016.02.29 06:36:28.357,0.80539,0.80549,1.00,2.25
2016.02.29 06:36:28.891,0.80538,0.80548,1.20,1.75
2016.02.29 06:36:33.000,0.80538,0.80549,1.10,1.75
2016.02.29 06:36:33.526,0.80537,0.80547,2.02,1.00
2016.02.29 06:36:34.054,0.80538,0.80547,1.00,1.00
2016.02.29 06:36:35.260,0.8054,0.80547,1.00,1.00
2016.02.29 06:36:35.809,0.8054,0.8055,1.00,1.50
2016.02.29 06:36:36.317,0.80539,0.8055,1.00,1.50
2016.02.29 06:36:37.470,0.80539,0.80547,1.00,1.00
2016.02.29 06:36:38.322,0.80541,0.8055,1.00,3.37
2016.02.29 06:36:38.968,0.80542,0.8055,1.00,2.70
2016.02.29 06:36:40.532,0.80541,0.80551,1.00,3.82
2016.02.29 06:36:43.732,0.80539,0.80551,1.00,3.07
2016.02.29 06:36:44.145,0.80536,0.80551,1.95,4.57
2016.02.29 06:36:44.439,0.80535,0.80545,1.00,1.87
2016.02.29 06:36:44.945,0.80532,0.80543,1.75,1.45
2016.02.29 06:36:47.320,0.80533,0.80543,1.00,1.12
2016.02.29 06:36:47.530,0.80526,0.8054,3.75,1.20
2016.02.29 06:36:48.038,0.80529,0.8054,1.00,3.37
2016.02.29 06:36:48.616,0.80528,0.8054,1.75,1.87
2016.02.29 06:36:51.543,0.80531,0.8054,1.00,1.50
2016.02.29 06:36:51.645,0.80533,0.80543,1.00,1.85
2016.02.29 06:36:51.949,0.80535,0.80546,1.37,1.85
2016.02.29 06:36:52.065,0.80535,0.80548,2.25,2.25
2016.02.29 06:36:52.167,0.80536,0.80548,1.20,1.50
2016.02.29 06:36:52.319,0.80535,0.80547,1.50,1.10
2016.02.29 06:36:53.739,0.80534,0.80546,3.00,1.00
2016.02.29 06:36:53.791,0.80534,0.80546,2.25,1.12
2016.02.29 06:36:54.298,0.80534,0.80546,1.57,1.07
2016.02.29 06:36:54.400,0.80534,0.80548,1.57,1.57
2016.02.29 06:36:54.704,0.80535,0.80547,1.45,1.00
2016.02.29 06:36:54.806,0.80535,0.80548,1.95,1.20
2016.02.29 06:36:55.502,0.80537,0.80549,1.00,1.57
2016.02.29 06:36:55.908,0.80536,0.80548,1.00,2.32
2016.02.29 06:36:56.060,0.80533,0.80546,1.07,1.82
2016.02.29 06:36:56.366,0.80531,0.80543,1.82,1.07
2016.02.29 06:36:58.322,0.80531,0.80544,1.20,2.25
2016.02.29 06:37:03.022,0.80531,0.80542,1.87,1.50
2016.02.29 06:37:03.123,0.80528,0.80541,2.32,3.45
2016.02.29 06:37:03.225,0.80527,0.80539,1.57,1.87
2016.02.29 06:37:03.740,0.80525,0.80537,2.32,1.00
2016.02.29 06:37:04.244,0.80525,0.80537,2.25,1.50
2016.02.29 06:37:10.070,0.80525,0.80536,2.25,1.10
2016.02.29 06:37:10.601,0.80527,0.80537,1.00,1.50
2016.02.29 06:37:11.146,0.80524,0.80537,1.85,1.12
2016.02.29 06:37:11.999,0.80525,0.80536,1.50,1.47
2016.02.29 06:37:12.343,0.80519,0.80531,2.32,1.85
2016.02.29 06:37:12.749,0.80519,0.80528,1.12,1.95
2016.02.29 06:37:12.800,0.80513,0.80528,1.95,1.95
2016.02.29 06:37:13.321,0.80513,0.80527,1.95,1.20
2016.02.29 06:37:17.382,0.80513,0.80526,1.87,1.85
2016.02.29 06:37:17.888,0.80513,0.80526,1.87,1.47
2016.02.29 06:37:18.615,0.80514,0.80526,1.82,1.07
2016.02.29 06:37:19.160,0.80514,0.80528,1.20,1.95
2016.02.29 06:37:19.563,0.80514,0.80528,1.45,1.95
2016.02.29 06:37:20.575,0.80514,0.80524,1.10,1.00
2016.02.29 06:37:22.474,0.80513,0.80527,1.45,3.07
2016.02.29 06:37:22.626,0.80515,0.80525,2.02,1.00
2016.02.29 06:37:22.681,0.80515,0.80525,3.00,1.00
2016.02.29 06:37:23.668,0.80515,0.80528,1.50,3.75
2016.02.29 06:37:23.972,0.80511,0.80523,2.25,1.87
2016.02.29 06:37:24.023,0.8051,0.80523,1.20,2.62
2016.02.29 06:37:24.074,0.80509,0.80522,1.87,2.32
2016.02.29 06:37:25.298,0.80508,0.80522,2.62,1.85
2016.02.29 06:37:27.861,0.80508,0.80522,1.07,3.45
2016.02.29 06:37:28.386,0.80507,0.80522,3.75,4.20
2016.02.29 06:37:29.701,0.80509,0.80522,1.45,4.65
2016.02.29 06:37:30.416,0.80509,0.80523,1.50,3.00
2016.02.29 06:37:30.569,0.80511,0.80521,1.12,1.00
2016.02.29 06:37:30.620,0.80511,0.80525,3.00,1.50
2016.02.29 06:37:30.822,0.80513,0.80527,1.57,4.20
2016.02.29 06:37:30.975,0.80515,0.80528,1.57,2.70
2016.02.29 06:37:31.212,0.80516,0.80528,1.57,2.25
2016.02.29 06:37:31.715,0.80517,0.80528,1.45,1.75
2016.02.29 06:37:36.902,0.80516,0.80531,2.62,5.70
2016.02.29 06:37:37.307,0.80516,0.80529,1.57,3.45
2016.02.29 06:37:40.004,0.80516,0.80526,2.32,1.00
2016.02.29 06:37:40.527,0.80517,0.80526,1.50,1.00
2016.02.29 06:37:41.033,0.80519,0.80526,1.00,1.00
2016.02.29 06:37:41.580,0.80518,0.80526,1.65,1.00
2016.02.29 06:37:46.570,0.80516,0.80526,1.20,1.00
2016.02.29 06:37:48.921,0.80515,0.80528,1.50,1.57
2016.02.29 06:37:49.336,0.80514,0.80528,1.07,3.07
2016.02.29 06:37:49.539,0.80513,0.80526,1.20,3.07
2016.02.29 06:37:49.741,0.8051,0.80523,2.25,1.65
2016.02.29 06:37:49.843,0.80509,0.80523,1.50,2.62
2016.02.29 06:37:50.350,0.80508,0.80522,2.32,2.32
2016.02.29 06:37:50.685,0.80507,0.80517,1.20,1.00
2016.02.29 06:37:50.887,0.80505,0.80519,1.95,1.20
2016.02.29 06:37:55.259,0.80506,0.80518,1.12,2.20
2016.02.29 06:37:55.769,0.80507,0.80517,1.00,1.27
2016.02.29 06:37:56.765,0.80504,0.80518,3.00,1.50
2016.02.29 06:37:57.454,0.80505,0.80518,1.27,1.50
2016.02.29 06:37:57.994,0.80504,0.80517,3.00,1.27
2016.02.29 06:37:58.522,0.80504,0.80517,1.10,2.32
2016.02.29 06:37:59.028,0.80505,0.80515,1.00,1.12
2016.02.29 06:37:59.369,0.80501,0.8051,1.10,1.00
2016.02.29 06:37:59.572,0.80498,0.8051,1.20,1.57
2016.02.29 06:37:59.725,0.80496,0.8051,2.25,1.50
2016.02.29 06:37:59.978,0.80497,0.80509,1.20,1.27
2016.02.29 06:38:00.832,0.80498,0.80509,1.00,1.27
2016.02.29 06:38:00.883,0.80498,0.80509,1.00,1.27
2016.02.29 06:38:01.389,0.80499,0.80507,1.00,1.00
2016.02.29 06:38:01.542,0.805,0.80509,1.00,1.00
2016.02.29 06:38:01.779,0.80501,0.80513,2.62,1.50
2016.02.29 06:38:02.289,0.80503,0.80513,1.00,1.12
2016.02.29 06:38:03.023,0.80506,0.80513,1.00,1.12
2016.02.29 06:38:03.542,0.80505,0.80515,1.00,2.70
2016.02.29 06:38:03.795,0.80501,0.80514,1.57,1.20
2016.02.29 06:38:04.301,0.80501,0.80514,1.57,1.85
2016.02.29 06:38:05.050,0.805,0.80511,1.87,2.25
2016.02.29 06:38:05.261,0.805,0.80509,1.00,1.87
2016.02.29 06:38:05.464,0.805,0.80507,1.00,1.00
2016.02.29 06:38:05.669,0.80498,0.80507,1.00,1.57
2016.02.29 06:38:05.821,0.80493,0.80503,1.50,1.87
2016.02.29 06:38:06.229,0.80492,0.80502,1.50,1.57
2016.02.29 06:38:06.280,0.80492,0.805,1.50,1.50
2016.02.29 06:38:06.771,0.80494,0.805,1.00,1.57
2016.02.29 06:38:06.873,0.80494,0.805,1.00,1.65
2016.02.29 06:38:07.126,0.80492,0.805,1.00,1.65
2016.02.29 06:38:07.329,0.80494,0.805,1.00,1.20
2016.02.29 06:38:07.509,0.80492,0.805,1.00,1.20
2016.02.29 06:38:08.011,0.80493,0.805,1.00,1.20
2016.02.29 06:38:08.559,0.80494,0.80502,1.00,1.50
2016.02.29 06:38:09.066,0.80495,0.80503,1.00,1.95
2016.02.29 06:38:09.923,0.80494,0.80503,1.00,1.95
2016.02.29 06:38:10.378,0.80494,0.80502,1.00,1.12
2016.02.29 06:38:10.631,0.80489,0.80499,1.00,1.87
2016.02.29 06:38:10.886,0.80489,0.80495,1.00,1.87
2016.02.29 06:38:11.207,0.8049,0.80496,1.00,1.20
2016.02.29 06:38:11.360,0.80486,0.80496,1.12,1.20
2016.02.29 06:38:11.564,0.80486,0.80494,1.00,1.50
2016.02.29 06:38:11.615,0.80483,0.80494,1.37,3.37
2016.02.29 06:38:11.717,0.80481,0.80491,1.50,1.50
2016.02.29 06:38:12.021,0.80479,0.8049,1.10,1.20
2016.02.29 06:38:12.377,0.80476,0.80487,1.87,1.37
2016.02.29 06:38:12.682,0.80478,0.80487,1.00,1.37
2016.02.29 06:38:13.262,0.80477,0.80486,1.00,1.00
2016.02.29 06:38:13.789,0.80479,0.80486,1.00,1.00
2016.02.29 06:38:14.318,0.80479,0.80488,1.00,1.50
2016.02.29 06:38:15.867,0.80478,0.80488,1.00,1.50
2016.02.29 06:38:16.310,0.80474,0.80486,2.25,1.50
2016.02.29 06:38:16.463,0.80476,0.80486,1.00,2.25
2016.02.29 06:38:16.969,0.80473,0.80485,1.00,1.20
2016.02.29 06:38:20.274,0.80475,0.80484,1.00,1.12
2016.02.29 06:38:22.065,0.80471,0.80482,2.02,1.00
2016.02.29 06:38:22.217,0.80471,0.80483,1.00,1.85
2016.02.29 06:38:22.522,0.80467,0.80479,1.12,1.85
2016.02.29 06:38:23.103,0.80466,0.80473,1.37,1.00
2016.02.29 06:38:23.255,0.80463,0.80473,1.00,1.12
2016.02.29 06:38:23.306,0.80463,0.80473,1.00,1.12
2016.02.29 06:38:23.610,0.80464,0.80471,1.00,1.00
2016.02.29 06:38:24.311,0.80466,0.80474,1.00,1.20
2016.02.29 06:38:24.818,0.80464,0.80474,1.00,1.87
2016.02.29 06:38:25.021,0.80466,0.80472,1.00,1.00
2016.02.29 06:38:25.123,0.80466,0.80474,1.00,1.00
2016.02.29 06:38:25.326,0.80464,0.80474,1.50,1.00
2016.02.29 06:38:25.582,0.80464,0.80472,1.00,1.00
2016.02.29 06:38:26.120,0.80463,0.80473,1.00,1.82
2016.02.29 06:38:26.424,0.80463,0.80473,1.00,3.07
2016.02.29 06:38:26.778,0.80465,0.80473,1.00,1.20
2016.02.29 06:38:26.931,0.80467,0.80476,1.00,1.87
2016.02.29 06:38:27.198,0.80468,0.80479,1.00,1.50
2016.02.29 06:38:27.455,0.8047,0.8048,1.00,1.95
2016.02.29 06:38:31.011,0.8047,0.80479,1.00,1.12
2016.02.29 06:38:31.315,0.80469,0.80478,1.00,1.12
2016.02.29 06:38:31.821,0.80468,0.80478,1.00,1.12
2016.02.29 06:38:32.125,0.80468,0.80472,1.00,1.00
2016.02.29 06:38:33.136,0.80466,0.80472,1.00,1.00
2016.02.29 06:38:33.288,0.80464,0.80472,1.00,1.00
2016.02.29 06:38:34.037,0.80466,0.80472,1.00,1.00
2016.02.29 06:38:34.138,0.80464,0.80472,1.00,1.00
2016.02.29 06:38:34.508,0.80464,0.80473,1.00,1.20
2016.02.29 06:38:34.823,0.80462,0.80473,1.00,1.20
2016.02.29 06:38:35.128,0.80458,0.80471,2.02,2.77
2016.02.29 06:38:36.563,0.80459,0.80468,1.00,1.12
2016.02.29 06:38:36.666,0.80457,0.80468,1.12,1.12
2016.02.29 06:38:37.461,0.80458,0.80468,1.00,1.12
2016.02.29 06:38:38.088,0.80459,0.80466,1.00,1.00
2016.02.29 06:38:38.682,0.8046,0.80466,1.00,1.00
2016.02.29 06:38:39.912,0.8046,0.80469,1.00,1.12
2016.02.29 06:38:40.065,0.80458,0.80467,1.00,1.75
2016.02.29 06:38:40.218,0.8046,0.80468,1.00,1.95
2016.02.29 06:38:40.724,0.8046,0.80469,1.00,1.50
2016.02.29 06:38:42.187,0.80461,0.80468,1.00,1.47
2016.02.29 06:38:43.523,0.80463,0.8047,1.00,1.57
2016.02.29 06:38:43.625,0.80463,0.80472,1.00,1.10
2016.02.29 06:38:44.903,0.80464,0.80474,1.00,3.07
2016.02.29 06:38:45.573,0.80465,0.80474,1.00,2.32
2016.02.29 06:38:45.893,0.8046,0.80474,2.70,1.82
2016.02.29 06:38:48.921,0.80461,0.80473,1.00,1.82
2016.02.29 06:38:49.023,0.8046,0.80474,1.95,1.82
2016.02.29 06:38:49.534,0.80461,0.80474,1.50,1.37
2016.02.29 06:38:50.074,0.8046,0.80474,1.20,2.32
2016.02.29 06:38:50.377,0.80459,0.80472,1.12,1.50
2016.02.29 06:38:51.543,0.80458,0.80472,1.85,1.57
2016.02.29 06:38:56.770,0.80458,0.80472,2.25,1.27
2016.02.29 06:38:57.074,0.80456,0.80467,3.37,1.00
2016.02.29 06:38:57.379,0.80456,0.80467,1.57,1.00
2016.02.29 06:38:57.430,0.80456,0.80467,1.57,1.00
2016.02.29 06:38:58.756,0.80455,0.80468,1.20,1.37
2016.02.29 06:38:58.858,0.80454,0.80469,1.12,1.57
2016.02.29 06:38:58.909,0.80452,0.80467,1.95,1.47
2016.02.29 06:38:59.112,0.80451,0.80465,1.87,1.95
2016.02.29 06:39:00.402,0.8045,0.80464,1.95,1.00
2016.02.29 06:39:00.554,0.80449,0.80464,1.47,3.07
2016.02.29 06:39:03.366,0.80449,0.80463,1.57,2.25
2016.02.29 06:39:04.488,0.80448,0.80463,1.12,1.87
2016.02.29 06:39:04.539,0.80447,0.80461,1.57,1.47
2016.02.29 06:39:08.239,0.80446,0.80462,2.25,1.57
2016.02.29 06:39:08.732,0.80449,0.80464,1.87,1.20
2016.02.29 06:39:09.036,0.80452,0.80466,1.07,1.47
2016.02.29 06:39:10.964,0.80452,0.80465,1.57,1.37
2016.02.29 06:39:11.278,0.80452,0.80467,1.07,2.32
2016.02.29 06:39:11.481,0.80453,0.80467,1.12,1.57
2016.02.29 06:39:12.325,0.80454,0.80469,1.87,2.70
2016.02.29 06:39:12.740,0.80456,0.8047,1.10,1.50
2016.02.29 06:39:12.791,0.80456,0.80469,1.75,2.25
2016.02.29 06:39:13.095,0.80453,0.80465,1.45,1.50
2016.02.29 06:39:14.884,0.80454,0.80468,2.32,1.95
2016.02.29 06:39:15.388,0.80454,0.80468,2.25,2.25
2016.02.29 06:39:19.953,0.80454,0.80468,1.95,1.20
2016.02.29 06:39:22.468,0.80455,0.80465,1.10,1.00
2016.02.29 06:39:22.633,0.80456,0.80469,1.12,1.82
2016.02.29 06:39:22.684,0.80456,0.8047,2.32,1.85
2016.02.29 06:39:22.937,0.80457,0.8047,1.95,1.50
2016.02.29 06:39:24.617,0.80457,0.80471,1.95,1.50
2016.02.29 06:39:25.079,0.8046,0.80472,1.37,1.75
2016.02.29 06:39:25.603,0.80462,0.80474,1.07,1.75
2016.02.29 06:39:25.704,0.80461,0.80475,2.62,1.85
2016.02.29 06:39:26.232,0.80463,0.80476,1.45,2.77
2016.02.29 06:39:29.992,0.80462,0.80476,4.12,1.87
2016.02.29 06:39:30.043,0.80462,0.80471,1.57,1.00
2016.02.29 06:39:30.245,0.8046,0.80473,1.20,1.20
2016.02.29 06:39:30.398,0.80459,0.80473,2.32,1.20
2016.02.29 06:39:34.183,0.8046,0.80474,2.62,1.12
2016.02.29 06:39:35.738,0.80463,0.80473,1.50,1.45
2016.02.29 06:39:35.892,0.80468,0.80477,1.00,1.95
2016.02.29 06:39:36.045,0.80468,0.80479,1.50,1.50
2016.02.29 06:39:36.513,0.80466,0.80477,2.40,1.00
2016.02.29 06:39:36.818,0.80465,0.80478,1.95,1.20
2016.02.29 06:39:38.176,0.80465,0.80479,3.75,2.02
2016.02.29 06:39:38.227,0.80466,0.80479,1.65,1.57
2016.02.29 06:39:41.099,0.80465,0.80478,2.25,1.37
2016.02.29 06:39:41.150,0.80465,0.80478,1.12,3.00
2016.02.29 06:39:41.454,0.80461,0.80472,1.50,1.20
2016.02.29 06:39:41.759,0.80461,0.80469,1.37,1.95
2016.02.29 06:39:42.063,0.80461,0.80466,1.37,1.20
2016.02.29 06:39:42.114,0.80458,0.80467,1.00,1.50
2016.02.29 06:39:42.216,0.8046,0.80468,1.50,1.75
2016.02.29 06:39:42.268,0.80461,0.8047,1.00,1.47
2016.02.29 06:39:42.370,0.80463,0.80474,1.00,1.57
2016.02.29 06:39:42.623,0.80465,0.80477,1.37,2.02
2016.02.29 06:39:42.828,0.80465,0.80479,1.57,2.32
2016.02.29 06:39:43.031,0.80468,0.80478,1.00,1.37
2016.02.29 06:39:43.134,0.80468,0.80479,1.50,1.00
2016.02.29 06:39:43.814,0.80469,0.80481,3.00,1.75
2016.02.29 06:39:44.364,0.80466,0.80479,4.50,1.87
2016.02.29 06:39:44.415,0.80468,0.80479,1.00,2.25
2016.02.29 06:39:44.618,0.80468,0.8048,1.95,1.45
2016.02.29 06:39:44.719,0.80469,0.80481,1.85,1.50
2016.02.29 06:39:47.106,0.80471,0.80483,1.07,1.12
2016.02.29 06:39:48.067,0.8047,0.80484,1.07,1.50
2016.02.29 06:39:48.680,0.80469,0.80484,1.82,2.20
2016.02.29 06:39:48.883,0.80465,0.80479,3.07,1.87
2016.02.29 06:39:49.035,0.80467,0.80479,1.87,1.12
2016.02.29 06:39:49.137,0.80467,0.8048,2.70,1.47
2016.02.29 06:39:49.684,0.80468,0.80479,1.45,1.50
2016.02.29 06:39:57.060,0.80469,0.80482,1.57,1.20
2016.02.29 06:39:57.111,0.8047,0.80483,1.85,1.12
2016.02.29 06:39:57.162,0.80472,0.80482,1.10,1.10
2016.02.29 06:39:57.264,0.80471,0.80484,1.20,1.75
2016.02.29 06:39:57.371,0.80474,0.80484,1.00,1.00
2016.02.29 06:39:58.030,0.80473,0.80486,4.12,1.00
2016.02.29 06:39:58.081,0.80478,0.80486,1.00,1.00
2016.02.29 06:40:00.710,0.80479,0.80488,1.00,1.85
2016.02.29 06:40:00.761,0.80479,0.80489,1.00,1.45
2016.02.29 06:40:00.863,0.80475,0.80489,1.37,3.37
2016.02.29 06:40:01.167,0.80481,0.80491,1.00,1.85
2016.02.29 06:40:01.372,0.80481,0.80491,1.00,1.87
2016.02.29 06:40:01.474,0.80481,0.80492,1.50,1.47
2016.02.29 06:40:01.799,0.80478,0.8049,2.32,1.37
2016.02.29 06:40:01.850,0.80478,0.80491,1.20,3.00
2016.02.29 06:40:02.102,0.8048,0.80488,1.00,1.00
2016.02.29 06:40:03.453,0.8048,0.8049,1.50,1.10
2016.02.29 06:40:03.812,0.80482,0.8049,1.00,1.10
2016.02.29 06:40:04.167,0.80483,0.80493,1.00,1.65
2016.02.29 06:40:04.370,0.80483,0.80494,1.57,1.10
2016.02.29 06:40:04.471,0.80485,0.80494,1.00,1.10
2016.02.29 06:40:04.774,0.80488,0.80497,1.00,1.27
2016.02.29 06:40:05.079,0.80487,0.80495,1.00,1.87
2016.02.29 06:40:05.130,0.80485,0.80495,1.00,1.95
2016.02.29 06:40:06.485,0.80485,0.80491,1.00,1.00
2016.02.29 06:40:07.033,0.80485,0.80491,1.00,1.12
2016.02.29 06:40:07.185,0.80483,0.80491,1.00,1.12
2016.02.29 06:40:07.712,0.80483,0.8049,1.00,1.87
2016.02.29 06:40:08.896,0.80483,0.80489,1.00,1.47
2016.02.29 06:40:09.443,0.80483,0.8049,1.00,1.87
2016.02.29 06:40:10.895,0.80483,0.80489,1.00,1.47
2016.02.29 06:40:11.434,0.80482,0.80489,1.00,1.47
2016.02.29 06:40:11.826,0.80482,0.80491,1.00,1.10
2016.02.29 06:40:12.338,0.80483,0.80491,1.00,1.00
2016.02.29 06:40:12.842,0.80482,0.80491,1.00,1.00
2016.02.29 06:40:13.365,0.80483,0.80493,1.00,1.20
2016.02.29 06:40:13.917,0.80484,0.80493,1.00,1.20
2016.02.29 06:40:16.833,0.80484,0.80493,1.00,1.20
2016.02.29 06:40:17.938,0.80484,0.8049,1.00,1.00
2016.02.29 06:40:18.293,0.80481,0.80489,1.00,1.00
2016.02.29 06:40:18.648,0.8048,0.8049,1.00,1.82
2016.02.29 06:40:18.851,0.80477,0.80488,1.00,1.20
2016.02.29 06:40:18.952,0.80479,0.80488,1.00,1.20
2016.02.29 06:40:21.312,0.80481,0.80488,1.00,1.50
2016.02.29 06:40:21.942,0.8048,0.80486,1.00,1.00
2016.02.29 06:40:22.710,0.80481,0.80488,1.00,1.50
2016.02.29 06:40:23.157,0.80481,0.80488,1.00,1.00
2016.02.29 06:40:23.687,0.80482,0.80488,1.00,1.00
2016.02.29 06:40:23.840,0.80482,0.80494,1.20,1.95
2016.02.29 06:40:24.043,0.80484,0.80497,1.57,4.20
2016.02.29 06:40:24.145,0.80484,0.80496,2.25,1.75
2016.02.29 06:40:24.809,0.80484,0.80497,2.70,2.70
2016.02.29 06:40:26.255,0.80486,0.80494,1.00,1.00
2016.02.29 06:40:26.559,0.8049,0.80497,1.00,1.20
2016.02.29 06:40:27.568,0.80491,0.80499,1.00,1.20
2016.02.29 06:40:27.620,0.80494,0.80499,1.00,1.57
2016.02.29 06:40:27.671,0.80492,0.80499,1.00,2.25
2016.02.29 06:40:27.774,0.80493,0.80498,1.00,1.87
2016.02.29 06:40:27.928,0.80497,0.80503,1.00,1.12
2016.02.29 06:40:28.029,0.80497,0.80505,1.00,1.95
2016.02.29 06:40:28.131,0.80499,0.80506,1.00,1.95
2016.02.29 06:40:28.637,0.80498,0.80506,1.00,1.95
2016.02.29 06:40:29.143,0.80498,0.80505,1.00,1.12
2016.02.29 06:40:30.079,0.80495,0.80505,1.00,1.87
2016.02.29 06:40:30.231,0.80495,0.80505,1.00,1.87
2016.02.29 06:40:30.738,0.80495,0.80503,1.00,1.57
2016.02.29 06:40:30.940,0.80493,0.80502,1.00,1.57
2016.02.29 06:40:31.483,0.80493,0.80501,1.00,1.50
2016.02.29 06:40:32.042,0.80493,0.80499,1.00,1.37
2016.02.29 06:40:32.396,0.80489,0.80499,1.50,1.37
2016.02.29 06:40:32.447,0.80489,0.80496,1.00,1.37
2016.02.29 06:40:32.930,0.80489,0.80497,1.00,1.87
2016.02.29 06:40:33.749,0.8049,0.80495,1.00,1.00
2016.02.29 06:40:34.256,0.8049,0.80497,1.00,1.12
2016.02.29 06:40:34.907,0.80489,0.80497,1.00,1.12
2016.02.29 06:40:35.363,0.80487,0.80494,1.00,1.37
2016.02.29 06:40:37.475,0.80486,0.80496,1.00,1.27
2016.02.29 06:40:41.989,0.80486,0.80496,1.00,1.27
2016.02.29 06:40:42.762,0.80485,0.80495,2.25,1.00
2016.02.29 06:40:42.864,0.80482,0.80495,1.95,1.75
2016.02.29 06:40:43.189,0.80484,0.80496,1.20,1.75
2016.02.29 06:40:43.291,0.80484,0.80498,1.95,1.95
2016.02.29 06:40:43.647,0.80484,0.80498,1.95,1.20
2016.02.29 06:40:44.887,0.80485,0.80495,1.00,1.00
2016.02.29 06:40:45.666,0.80482,0.80494,1.82,1.00
2016.02.29 06:40:45.970,0.80482,0.80492,1.00,1.00
2016.02.29 06:40:46.073,0.80479,0.8049,1.57,1.00
2016.02.29 06:40:46.175,0.80477,0.8049,1.57,1.20
2016.02.29 06:40:46.704,0.80478,0.80488,1.10,1.00
2016.02.29 06:40:50.337,0.80478,0.80489,2.32,1.37
2016.02.29 06:40:50.668,0.80482,0.80491,1.00,1.50
2016.02.29 06:40:51.263,0.80482,0.80493,1.00,1.27
2016.02.29 06:40:51.781,0.80482,0.80493,1.37,1.57
2016.02.29 06:40:53.419,0.80484,0.80493,1.00,1.57
2016.02.29 06:40:53.676,0.80483,0.80495,1.20,1.20
2016.02.29 06:40:56.190,0.80484,0.80496,1.50,1.57
2016.02.29 06:40:56.702,0.80485,0.80497,1.50,1.57
2016.02.29 06:40:57.767,0.80484,0.80496,2.25,2.62
2016.02.29 06:40:58.285,0.80485,0.80495,1.00,1.00
2016.02.29 06:40:58.691,0.80485,0.80496,1.12,1.10
2016.02.29 06:40:58.996,0.80489,0.805,1.75,1.57
2016.02.29 06:40:59.537,0.80492,0.80503,1.12,2.32
2016.02.29 06:40:59.995,0.80491,0.80502,1.00,1.85
2016.02.29 06:41:00.503,0.80488,0.80499,1.27,1.12
2016.02.29 06:41:01.006,0.80488,0.80498,1.65,1.00
2016.02.29 06:41:02.424,0.80487,0.805,1.50,2.25
2016.02.29 06:41:02.525,0.80486,0.805,1.85,3.00
2016.02.29 06:41:02.628,0.80485,0.80496,1.82,2.25
2016.02.29 06:41:02.898,0.8048,0.80492,1.50,1.47
2016.02.29 06:41:03.204,0.80478,0.80488,1.45,1.00
2016.02.29 06:41:03.508,0.80477,0.80486,1.00,1.12
2016.02.29 06:41:04.014,0.80476,0.80487,1.12,1.10
2016.02.29 06:41:05.241,0.80474,0.80487,1.50,1.37
2016.02.29 06:41:16.010,0.80478,0.8049,1.50,1.45
2016.02.29 06:41:16.060,0.80478,0.8049,1.75,1.07
2016.02.29 06:41:16.576,0.80481,0.80491,1.12,1.07
2016.02.29 06:41:17.040,0.80484,0.80492,1.00,1.87
2016.02.29 06:41:17.091,0.80484,0.80492,1.00,1.00
2016.02.29 06:41:17.142,0.80484,0.80495,1.75,1.50
2016.02.29 06:41:17.193,0.80484,0.80496,2.25,1.57
2016.02.29 06:41:17.345,0.80486,0.80499,3.00,1.50
2016.02.29 06:41:17.396,0.80489,0.805,1.00,1.50
2016.02.29 06:41:17.838,0.80487,0.80501,1.82,1.10
2016.02.29 06:41:19.922,0.80489,0.80501,1.47,1.87
2016.02.29 06:41:20.265,0.80489,0.805,1.20,1.12
2016.02.29 06:41:20.948,0.80487,0.80499,1.00,1.95
2016.02.29 06:41:21.487,0.80483,0.80498,1.82,2.32
2016.02.29 06:41:23.108,0.80483,0.80496,1.82,1.75
2016.02.29 06:41:23.159,0.80484,0.80494,1.10,1.10
2016.02.29 06:41:24.694,0.80484,0.80491,1.00,1.00
2016.02.29 06:41:24.797,0.80478,0.8049,1.00,1.75
2016.02.29 06:41:24.848,0.80476,0.80486,1.00,1.00
2016.02.29 06:41:25.308,0.80476,0.80489,1.37,1.20
2016.02.29 06:41:27.492,0.80476,0.80489,1.85,1.12
2016.02.29 06:41:35.568,0.80475,0.80487,1.50,1.37
2016.02.29 06:41:35.670,0.80475,0.80485,1.10,1.00
2016.02.29 06:41:36.240,0.80472,0.80486,2.32,1.87
2016.02.29 06:41:36.342,0.80472,0.80486,1.57,1.95
2016.02.29 06:41:36.850,0.80473,0.80483,1.12,1.47
2016.02.29 06:41:37.650,0.80474,0.80483,1.00,1.47
2016.02.29 06:41:40.176,0.80473,0.80484,1.12,1.82
2016.02.29 06:41:46.431,0.80472,0.80483,1.37,1.50
2016.02.29 06:41:46.633,0.8047,0.80482,1.12,1.82
2016.02.29 06:41:46.786,0.8047,0.80479,1.12,1.37
2016.02.29 06:41:47.507,0.80469,0.8048,1.50,1.00
2016.02.29 06:41:47.609,0.80469,0.80481,1.75,1.65
2016.02.29 06:41:49.623,0.8047,0.8048,2.25,1.47
2016.02.29 06:41:50.130,0.8047,0.80482,2.25,1.87
2016.02.29 06:41:50.695,0.80472,0.80482,1.00,1.50
2016.02.29 06:41:54.049,0.80468,0.80481,2.32,1.07
2016.02.29 06:41:59.562,0.8047,0.80481,1.75,1.07
2016.02.29 06:41:59.664,0.80472,0.80483,1.00,1.50
2016.02.29 06:41:59.866,0.80472,0.80483,1.50,1.20
2016.02.29 06:42:00.120,0.80474,0.80484,1.00,1.00
2016.02.29 06:42:02.477,0.80475,0.80484,1.00,1.00
2016.02.29 06:42:02.984,0.80474,0.80484,1.57,1.00
2016.02.29 06:42:04.780,0.80476,0.80484,1.00,1.00
2016.02.29 06:42:05.286,0.80477,0.80488,1.00,1.50
2016.02.29 06:42:06.780,0.80478,0.80488,1.00,1.12
2016.02.29 06:42:06.882,0.80475,0.80488,1.50,1.87
2016.02.29 06:42:07.393,0.80475,0.80484,1.00,1.00
2016.02.29 06:42:08.006,0.80476,0.80484,1.00,1.00
2016.02.29 06:42:12.969,0.80476,0.80485,1.00,1.00
2016.02.29 06:42:15.395,0.80478,0.80485,1.00,1.00
2016.02.29 06:42:15.650,0.80478,0.80489,1.12,1.10
2016.02.29 06:42:15.701,0.8048,0.80489,1.00,1.10
2016.02.29 06:42:16.006,0.80489,0.80493,1.00,1.00
2016.02.29 06:42:16.524,0.80489,0.80498,1.00,1.00
2016.02.29 06:42:17.793,0.8049,0.80498,1.00,1.00
2016.02.29 06:42:17.895,0.8049,0.805,1.00,2.20
2016.02.29 06:42:18.887,0.80487,0.80496,1.00,1.00
2016.02.29 06:42:19.394,0.80485,0.80496,1.47,1.50
2016.02.29 06:42:19.900,0.80485,0.80496,1.10,2.25
2016.02.29 06:42:21.219,0.80485,0.80496,1.00,1.20
2016.02.29 06:42:21.820,0.80485,0.80496,1.00,1.20
2016.02.29 06:42:26.913,0.80486,0.80496,1.00,1.12
2016.02.29 06:42:27.423,0.80486,0.80497,1.00,1.27
2016.02.29 06:42:28.437,0.80487,0.80498,1.00,2.20
2016.02.29 06:42:28.488,0.80487,0.80498,1.00,1.50
2016.02.29 06:42:28.894,0.80488,0.80497,1.00,1.10
2016.02.29 06:42:29.402,0.80489,0.80497,1.00,1.00
2016.02.29 06:42:29.504,0.80489,0.80501,1.12,3.07
2016.02.29 06:42:29.656,0.80492,0.80501,1.00,1.85
2016.02.29 06:42:30.181,0.8049,0.80502,1.50,1.57
2016.02.29 06:42:30.691,0.8049,0.80502,1.87,1.47
2016.02.29 06:42:34.713,0.8049,0.80502,1.12,1.57
2016.02.29 06:42:35.018,0.80487,0.80501,1.85,1.82
2016.02.29 06:42:35.322,0.80487,0.80501,1.85,1.20
2016.02.29 06:42:48.936,0.80489,0.80503,1.85,1.82
2016.02.29 06:42:49.464,0.80488,0.80503,3.07,1.57
2016.02.29 06:42:50.318,0.80488,0.80503,3.82,1.20
2016.02.29 06:42:54.007,0.80488,0.80501,1.95,1.37
2016.02.29 06:42:54.261,0.80488,0.80498,1.00,1.00
2016.02.29 06:42:54.783,0.80487,0.80497,1.00,1.27
2016.02.29 06:42:55.188,0.80489,0.80497,1.00,1.00
2016.02.29 06:42:55.624,0.80487,0.805,2.32,1.57
2016.02.29 06:42:56.174,0.80487,0.805,2.70,1.95
2016.02.29 06:42:56.830,0.80488,0.805,1.75,1.57
2016.02.29 06:42:56.881,0.80488,0.80501,1.75,1.95
2016.02.29 06:42:57.438,0.80488,0.80501,1.85,1.10
2016.02.29 06:42:58.266,0.80488,0.80502,1.85,1.82
2016.02.29 06:43:00.903,0.80492,0.80504,1.07,1.85
2016.02.29 06:43:01.415,0.80491,0.80504,2.62,1.85
2016.02.29 06:43:01.871,0.80493,0.80503,1.57,1.00
2016.02.29 06:43:01.955,0.80494,0.80507,1.57,1.87
2016.02.29 06:43:02.006,0.80496,0.80507,1.37,1.50
2016.02.29 06:43:02.057,0.80496,0.80507,1.75,1.00
2016.02.29 06:43:02.569,0.80496,0.80509,1.95,1.95
2016.02.29 06:43:03.154,0.80496,0.80509,1.95,1.10
2016.02.29 06:43:07.265,0.80496,0.80509,1.95,1.47
2016.02.29 06:43:07.786,0.80495,0.80509,3.75,1.95
2016.02.29 06:43:08.580,0.80498,0.80508,1.75,1.12
2016.02.29 06:43:08.682,0.80499,0.80512,1.87,1.85
2016.02.29 06:43:09.148,0.80499,0.80512,1.57,2.25
2016.02.29 06:43:09.882,0.80498,0.80512,1.85,1.07
2016.02.29 06:43:10.390,0.805,0.80512,1.45,1.45
2016.02.29 06:43:12.518,0.80499,0.8051,1.85,1.00
2016.02.29 06:43:13.024,0.805,0.80512,1.95,1.37
2016.02.29 06:43:14.370,0.80501,0.80514,1.87,2.32
2016.02.29 06:43:14.674,0.80505,0.80517,1.87,1.20
2016.02.29 06:43:15.227,0.80506,0.80519,1.85,1.47
2016.02.29 06:43:15.430,0.80506,0.8052,1.75,2.32
2016.02.29 06:43:17.489,0.80507,0.8052,1.75,1.07
2016.02.29 06:43:18.277,0.80505,0.80517,1.20,1.00
2016.02.29 06:43:19.634,0.80504,0.80517,2.62,1.87
2016.02.29 06:43:19.685,0.80504,0.80517,1.12,2.25
2016.02.29 06:43:21.117,0.80503,0.80517,1.50,1.65
2016.02.29 06:43:22.983,0.80504,0.80518,1.95,3.00
2016.02.29 06:43:25.321,0.80503,0.80518,5.32,2.25
2016.02.29 06:43:28.483,0.80503,0.80514,2.32,1.37
2016.02.29 06:43:28.636,0.80504,0.80517,2.25,2.62
2016.02.29 06:43:28.687,0.80503,0.80517,1.75,2.25
2016.02.29 06:43:29.194,0.80502,0.80514,2.40,1.37
2016.02.29 06:43:29.245,0.80501,0.80514,1.50,1.50
2016.02.29 06:43:29.346,0.80499,0.80513,1.45,1.20
2016.02.29 06:43:29.397,0.80499,0.80512,1.07,1.75
2016.02.29 06:43:29.946,0.80497,0.80512,2.20,2.25
2016.02.29 06:43:36.891,0.80499,0.80511,2.25,1.57
2016.02.29 06:43:36.942,0.80499,0.80512,2.25,1.87
2016.02.29 06:43:37.451,0.80501,0.80514,3.07,1.12
2016.02.29 06:43:37.965,0.80501,0.80514,2.32,1.12
2016.02.29 06:43:39.120,0.80502,0.80514,1.57,1.37
2016.02.29 06:43:39.323,0.80504,0.80516,1.12,1.20
2016.02.29 06:43:39.839,0.80507,0.80517,1.00,1.00
2016.02.29 06:43:46.232,0.80509,0.80517,1.00,1.00
2016.02.29 06:43:46.746,0.80509,0.80519,1.12,1.07
2016.02.29 06:43:47.252,0.8051,0.8052,1.00,2.62
2016.02.29 06:43:47.556,0.80515,0.80525,1.00,1.10
2016.02.29 06:43:47.759,0.80513,0.80526,3.00,1.50
2016.02.29 06:43:48.340,0.80513,0.80528,5.25,1.50
2016.02.29 06:43:48.543,0.80515,0.80529,4.57,1.45
2016.02.29 06:43:48.948,0.80517,0.8053,3.07,1.12
2016.02.29 06:43:48.999,0.80518,0.80531,1.75,1.57
2016.02.29 06:43:49.894,0.80517,0.80531,3.07,1.10
2016.02.29 06:43:50.738,0.80523,0.80533,1.00,1.95
2016.02.29 06:43:50.840,0.80525,0.80534,1.00,1.47
2016.02.29 06:43:50.992,0.80524,0.80535,1.75,1.57
2016.02.29 06:43:51.495,0.80527,0.80538,1.00,3.07
2016.02.29 06:43:51.753,0.80529,0.80537,1.00,1.10
2016.02.29 06:43:52.304,0.80524,0.80539,4.57,1.95
2016.02.29 06:43:52.855,0.80524,0.80539,3.07,2.32
2016.02.29 06:43:53.358,0.80526,0.80539,1.85,1.20
2016.02.29 06:43:55.167,0.8053,0.8054,1.00,1.50
2016.02.29 06:44:00.384,0.80531,0.80541,1.00,2.70
2016.02.29 06:44:00.434,0.80531,0.80541,1.00,1.57
2016.02.29 06:44:01.180,0.80527,0.80541,1.75,1.57
2016.02.29 06:44:01.704,0.80531,0.80541,1.00,1.10
2016.02.29 06:44:09.233,0.80531,0.80541,1.00,1.50
2016.02.29 06:44:09.778,0.80531,0.80541,1.00,1.10
2016.02.29 06:44:10.321,0.80529,0.80542,1.12,1.12
2016.02.29 06:44:18.097,0.80529,0.80542,1.12,1.50
2016.02.29 06:44:19.880,0.80534,0.80542,1.00,1.07
2016.02.29 06:44:20.036,0.80532,0.80545,3.45,1.07
2016.02.29 06:44:20.087,0.80533,0.80546,1.85,1.12
2016.02.29 06:44:20.138,0.80533,0.80547,2.32,1.07
2016.02.29 06:44:21.698,0.80536,0.80548,1.75,1.50
2016.02.29 06:44:21.749,0.80536,0.8055,1.95,1.47
2016.02.29 06:44:21.800,0.80536,0.80551,1.95,3.45
2016.02.29 06:44:22.346,0.80538,0.8055,1.85,1.37
2016.02.29 06:44:23.173,0.80538,0.80551,1.85,1.47
2016.02.29 06:44:23.300,0.80538,0.80551,3.07,1.57
2016.02.29 06:44:23.853,0.80539,0.8055,1.75,1.37
2016.02.29 06:44:24.354,0.80538,0.80551,3.07,1.57
2016.02.29 06:44:24.607,0.8054,0.80554,1.95,1.10
2016.02.29 06:44:24.810,0.80546,0.80555,1.00,1.50
2016.02.29 06:44:25.359,0.80546,0.80556,1.00,1.87
2016.02.29 06:44:25.663,0.80548,0.80561,1.50,3.00
2016.02.29 06:44:25.815,0.80549,0.80561,1.12,1.47
2016.02.29 06:44:26.479,0.80546,0.8056,1.20,1.57
2016.02.29 06:44:26.631,0.80545,0.80559,1.12,1.27
2016.02.29 06:44:27.138,0.80544,0.80558,1.20,1.57
2016.02.29 06:44:27.290,0.80543,0.80555,1.87,1.47
2016.02.29 06:44:27.341,0.80543,0.80555,1.12,1.57
2016.02.29 06:44:27.847,0.80542,0.80554,1.75,1.47
2016.02.29 06:44:28.395,0.80541,0.80555,1.85,1.95
2016.02.29 06:44:29.086,0.8054,0.80554,5.32,1.47
2016.02.29 06:44:29.542,0.80539,0.80554,4.57,3.07
2016.02.29 06:44:30.244,0.80539,0.80553,2.32,1.20
2016.02.29 06:44:31.239,0.8054,0.80553,1.85,2.25
2016.02.29 06:44:31.341,0.80541,0.80555,1.12,1.95
2016.02.29 06:44:32.242,0.80546,0.80556,1.00,1.10
2016.02.29 06:44:32.749,0.80547,0.80557,1.00,1.10
2016.02.29 06:44:37.510,0.80545,0.80558,1.12,1.50
2016.02.29 06:44:38.034,0.80548,0.80561,1.12,2.32
2016.02.29 06:44:38.136,0.80548,0.80561,1.45,1.82
2016.02.29 06:44:38.238,0.80548,0.80561,1.20,1.45
2016.02.29 06:44:40.223,0.80549,0.80563,1.85,2.32
2016.02.29 06:44:43.754,0.80547,0.8056,1.85,1.57
2016.02.29 06:44:44.281,0.80546,0.8056,2.32,1.57
2016.02.29 06:44:44.742,0.80546,0.80557,3.07,1.00
2016.02.29 06:44:45.250,0.80544,0.80554,3.00,1.00
2016.02.29 06:44:46.561,0.80545,0.80558,1.45,1.75
2016.02.29 06:44:46.865,0.80546,0.80556,2.70,1.00
2016.02.29 06:44:49.797,0.80546,0.80556,1.57,1.00
2016.02.29 06:44:51.150,0.80546,0.80556,1.00,1.20
2016.02.29 06:44:55.359,0.80546,0.80555,1.00,1.47
2016.02.29 06:44:55.736,0.80546,0.80554,1.00,1.12
2016.02.29 06:44:57.872,0.80545,0.80556,1.50,1.65
2016.02.29 06:44:57.974,0.80548,0.80557,1.00,1.87
2016.02.29 06:44:58.480,0.80548,0.80558,1.00,2.32
2016.02.29 06:44:58.785,0.8055,0.8056,1.00,1.50
2016.02.29 06:44:58.836,0.8055,0.8056,1.00,1.10
2016.02.29 06:45:00.099,0.8055,0.80559,1.00,1.00
2016.02.29 06:45:00.687,0.8055,0.8056,1.50,1.10
2016.02.29 06:45:06.363,0.80552,0.8056,1.00,1.10
2016.02.29 06:45:07.329,0.80554,0.80561,1.00,1.57
2016.02.29 06:45:07.481,0.80553,0.80564,1.50,1.57
2016.02.29 06:45:07.641,0.80553,0.80566,1.50,1.50
2016.02.29 06:45:10.300,0.80552,0.80565,3.07,1.20
2016.02.29 06:45:13.662,0.80551,0.80563,1.87,1.57
2016.02.29 06:45:13.764,0.80551,0.80561,1.75,1.47
2016.02.29 06:45:14.265,0.80549,0.80561,2.25,1.57
2016.02.29 06:45:15.477,0.80549,0.80562,2.25,2.25
2016.02.29 06:45:16.423,0.8055,0.80562,2.62,1.10
2016.02.29 06:45:16.688,0.80555,0.80566,1.00,2.32
2016.02.29 06:45:17.663,0.80552,0.80566,1.95,1.00
2016.02.29 06:45:17.714,0.80552,0.80567,2.70,1.57
2016.02.29 06:45:18.563,0.80554,0.80566,2.25,1.37
2016.02.29 06:45:19.081,0.80554,0.80567,2.25,1.57
2016.02.29 06:45:19.771,0.80554,0.80566,2.25,1.37
2016.02.29 06:45:20.285,0.80554,0.80567,1.75,1.57
2016.02.29 06:45:21.472,0.80555,0.80567,1.75,1.10
2016.02.29 06:45:21.780,0.80558,0.80569,1.75,1.75
2016.02.29 06:45:21.832,0.8056,0.8057,1.00,1.95
2016.02.29 06:45:21.933,0.80557,0.80569,2.32,1.50
2016.02.29 06:45:22.440,0.80557,0.80567,1.00,1.65
2016.02.29 06:45:22.784,0.80554,0.80567,1.50,2.32
2016.02.29 06:45:24.705,0.80553,0.80566,1.75,1.82
2016.02.29 06:45:25.009,0.80553,0.80567,3.75,1.50
2016.02.29 06:45:25.515,0.80554,0.80567,3.45,1.00
2016.02.29 06:45:28.536,0.80556,0.80567,1.12,1.50
2016.02.29 06:45:28.637,0.80554,0.80567,1.75,1.50
2016.02.29 06:45:29.143,0.80554,0.80566,1.75,1.20
2016.02.29 06:45:30.328,0.80554,0.80567,1.50,2.20
2016.02.29 06:45:30.850,0.80554,0.80566,1.75,1.20
2016.02.29 06:45:33.218,0.80557,0.80567,1.00,1.87
2016.02.29 06:45:33.722,0.80558,0.80567,1.00,1.57
2016.02.29 06:45:34.276,0.80559,0.80567,1.00,1.57
2016.02.29 06:45:35.233,0.80556,0.80567,1.12,1.57
2016.02.29 06:45:35.537,0.80557,0.80568,1.65,1.00
2016.02.29 06:45:35.957,0.80557,0.80568,1.95,1.00
2016.02.29 06:45:36.327,0.80557,0.8057,1.12,1.82
2016.02.29 06:45:37.017,0.80557,0.8057,1.50,1.82
2016.02.29 06:45:37.954,0.80557,0.8057,1.85,1.57
2016.02.29 06:45:38.055,0.80557,0.80571,2.40,1.12
2016.02.29 06:45:38.592,0.80562,0.80572,1.00,1.82
2016.02.29 06:45:40.714,0.80561,0.80572,1.12,1.12
2016.02.29 06:45:43.569,0.80562,0.80572,1.00,1.00
2016.02.29 06:45:44.967,0.80561,0.80573,1.75,1.10
2016.02.29 06:45:46.235,0.80561,0.80573,1.75,3.07
2016.02.29 06:45:47.058,0.80561,0.80573,1.75,1.10
2016.02.29 06:45:48.093,0.80562,0.80573,1.12,1.47
2016.02.29 06:45:50.252,0.80562,0.80572,1.50,1.00
2016.02.29 06:45:50.505,0.80565,0.80573,1.00,1.10
2016.02.29 06:45:50.809,0.80568,0.80578,1.12,2.32
2016.02.29 06:45:51.149,0.80571,0.80578,1.00,1.82
2016.02.29 06:45:51.404,0.80569,0.80578,1.00,1.82
2016.02.29 06:45:51.607,0.80571,0.8058,1.00,1.20
2016.02.29 06:45:52.149,0.80571,0.80583,1.37,2.32
2016.02.29 06:45:53.865,0.80571,0.80583,1.00,1.85
2016.02.29 06:45:54.067,0.80572,0.80581,1.00,1.00
2016.02.29 06:45:55.019,0.80571,0.80581,1.50,1.00
2016.02.29 06:45:56.072,0.8057,0.8058,1.10,1.00
2016.02.29 06:45:57.895,0.80571,0.80583,1.10,3.75
2016.02.29 06:46:00.742,0.80573,0.80583,1.00,1.12
2016.02.29 06:46:01.843,0.80572,0.80583,1.00,1.12
2016.02.29 06:46:02.394,0.80571,0.80583,1.10,1.12
2016.02.29 06:46:05.609,0.80571,0.80582,1.00,3.82
2016.02.29 06:46:10.221,0.80571,0.80582,1.00,2.32
2016.02.29 06:46:10.761,0.80572,0.80582,1.00,1.85
2016.02.29 06:46:11.934,0.8057,0.80582,1.00,1.85
2016.02.29 06:46:12.036,0.8057,0.80582,1.00,1.85
2016.02.29 06:46:12.577,0.80569,0.8058,1.00,1.95
2016.02.29 06:46:13.114,0.80569,0.80581,1.00,2.32
2016.02.29 06:46:14.055,0.80571,0.8058,1.00,1.12
2016.02.29 06:46:14.622,0.8057,0.80581,1.00,1.20
2016.02.29 06:46:15.815,0.8057,0.80581,1.12,1.95
2016.02.29 06:46:16.324,0.8057,0.8058,1.50,1.00
2016.02.29 06:46:18.656,0.80573,0.80581,1.00,1.10
2016.02.29 06:46:19.112,0.8057,0.80582,2.32,1.12
2016.02.29 06:46:23.383,0.80572,0.80583,1.00,1.12
2016.02.29 06:46:24.846,0.80572,0.80582,1.37,1.00
2016.02.29 06:46:24.999,0.80574,0.80587,1.85,1.00
2016.02.29 06:46:25.050,0.80576,0.80587,1.50,1.37
2016.02.29 06:46:25.202,0.80578,0.80589,1.00,1.20
2016.02.29 06:46:25.254,0.8058,0.8059,1.12,1.50
2016.02.29 06:46:25.305,0.8058,0.80592,1.12,1.50
2016.02.29 06:46:25.356,0.80582,0.80592,1.00,1.50
2016.02.29 06:46:25.660,0.80582,0.80591,1.00,1.50
2016.02.29 06:46:26.203,0.80582,0.80592,1.12,1.12
2016.02.29 06:46:27.149,0.80582,0.80592,1.37,1.00
2016.02.29 06:46:27.670,0.80583,0.80594,1.50,1.65
2016.02.29 06:46:28.204,0.80586,0.80596,1.00,2.32
2016.02.29 06:46:28.710,0.80584,0.80596,1.50,3.07
2016.02.29 06:46:30.087,0.80583,0.80596,1.50,2.32
2016.02.29 06:46:30.189,0.80584,0.80596,1.37,1.57
2016.02.29 06:46:30.240,0.80586,0.80596,1.00,1.95
2016.02.29 06:46:30.291,0.80584,0.80596,2.25,1.57
2016.02.29 06:46:30.595,0.80585,0.80598,1.75,1.95
2016.02.29 06:46:31.127,0.80585,0.80599,1.95,1.95
2016.02.29 06:46:31.723,0.80586,0.806,1.75,1.57
2016.02.29 06:46:32.630,0.80586,0.80597,1.12,1.00
2016.02.29 06:46:32.833,0.80587,0.80597,1.00,1.00
2016.02.29 06:46:34.273,0.80585,0.80598,1.75,1.50
2016.02.29 06:46:34.784,0.80586,0.80598,1.75,1.12
2016.02.29 06:46:35.439,0.80586,0.80597,1.75,1.00
2016.02.29 06:46:35.748,0.80586,0.80597,1.50,1.12
2016.02.29 06:46:38.188,0.80586,0.80598,1.00,1.87
2016.02.29 06:46:43.594,0.80586,0.80596,1.00,1.50
2016.02.29 06:46:45.881,0.80583,0.80596,1.20,1.87
2016.02.29 06:46:45.932,0.80582,0.80596,2.25,2.62
2016.02.29 06:46:46.248,0.80582,0.80595,2.25,1.75
2016.02.29 06:46:46.299,0.80582,0.80595,2.25,1.75
2016.02.29 06:46:46.806,0.80583,0.80596,1.95,1.75
2016.02.29 06:46:47.618,0.80582,0.80596,2.25,1.75
2016.02.29 06:46:48.128,0.80583,0.80595,1.57,1.75
2016.02.29 06:46:51.876,0.80586,0.80597,1.00,1.95
2016.02.29 06:46:52.029,0.80586,0.80596,1.00,1.50
2016.02.29 06:46:52.231,0.80588,0.80598,1.00,1.57
2016.02.29 06:46:52.735,0.80587,0.806,1.12,3.07
2016.02.29 06:46:53.038,0.80589,0.806,1.00,1.85
2016.02.29 06:46:53.589,0.80588,0.80601,1.10,2.32
2016.02.29 06:46:56.158,0.80588,0.80601,1.47,2.32
2016.02.29 06:46:56.463,0.80589,0.80602,1.95,1.65
2016.02.29 06:46:56.626,0.80589,0.80602,1.95,1.20
2016.02.29 06:46:57.152,0.80589,0.80601,2.32,1.00
2016.02.29 06:46:57.703,0.80589,0.80602,2.32,1.20
2016.02.29 06:46:59.749,0.80592,0.80604,1.37,1.57
2016.02.29 06:46:59.851,0.80593,0.80605,1.50,1.57
2016.02.29 06:46:59.953,0.80596,0.80606,1.00,1.50
2016.02.29 06:47:00.106,0.80598,0.80607,1.00,1.37
2016.02.29 06:47:00.615,0.80597,0.80607,1.20,2.25
2016.02.29 06:47:01.147,0.80595,0.80607,1.87,1.50
2016.02.29 06:47:02.286,0.80597,0.80607,1.00,1.75
2016.02.29 06:47:02.439,0.80597,0.80607,1.00,1.50
2016.02.29 06:47:03.269,0.80597,0.80608,1.37,1.37
2016.02.29 06:47:03.573,0.80597,0.8061,1.85,1.50
2016.02.29 06:47:04.082,0.80597,0.8061,2.62,1.75
2016.02.29 06:47:04.472,0.80597,0.80608,1.50,1.50
2016.02.29 06:47:04.573,0.80596,0.80609,1.27,1.87
2016.02.29 06:47:04.675,0.80594,0.80607,2.70,1.75
2016.02.29 06:47:04.979,0.80594,0.80607,2.32,1.50
2016.02.29 06:47:05.182,0.80595,0.80605,1.47,1.50
2016.02.29 06:47:05.233,0.80593,0.80605,1.57,1.75
2016.02.29 06:47:06.041,0.80594,0.80604,1.50,1.00
2016.02.29 06:47:06.295,0.80594,0.80607,1.95,2.25
2016.02.29 06:47:06.548,0.80597,0.80607,1.50,1.00
2016.02.29 06:47:06.650,0.80598,0.80611,1.45,1.75
2016.02.29 06:47:07.156,0.80601,0.80612,1.00,1.95
2016.02.29 06:47:07.359,0.806,0.80612,1.75,1.57
2016.02.29 06:47:08.743,0.80604,0.80614,1.00,1.20
2016.02.29 06:47:08.845,0.80604,0.80615,1.37,1.95
2016.02.29 06:47:13.270,0.80606,0.80616,1.37,1.37
2016.02.29 06:47:13.371,0.80604,0.80616,1.65,1.12
2016.02.29 06:47:13.683,0.80606,0.80617,1.50,1.50
2016.02.29 06:47:13.886,0.80607,0.80621,1.85,1.95
2016.02.29 06:47:14.392,0.80608,0.80623,1.47,2.32
2016.02.29 06:47:15.522,0.80609,0.80622,1.00,1.75
2016.02.29 06:47:16.029,0.80609,0.80623,1.95,1.85
2016.02.29 06:47:17.484,0.8061,0.80622,1.75,1.12
2016.02.29 06:47:18.783,0.80612,0.80625,1.12,1.82
2016.02.29 06:47:18.884,0.80615,0.80624,1.00,1.20
2016.02.29 06:47:18.986,0.80615,0.80625,1.00,1.57
2016.02.29 06:47:19.705,0.80615,0.80625,1.00,1.20
2016.02.29 06:47:19.806,0.80617,0.80627,1.00,1.20
2016.02.29 06:47:19.908,0.80615,0.80625,1.00,1.00
2016.02.29 06:47:20.695,0.80614,0.80625,2.25,1.00
2016.02.29 06:47:21.245,0.80614,0.80625,1.00,1.20
2016.02.29 06:47:21.763,0.80612,0.80625,1.45,1.57
2016.02.29 06:47:22.020,0.80612,0.80625,1.95,2.32
2016.02.29 06:47:22.173,0.80611,0.80624,1.20,1.20
2016.02.29 06:47:22.630,0.80612,0.80625,1.07,2.32
2016.02.29 06:47:23.411,0.80613,0.80622,1.10,1.00
2016.02.29 06:47:23.930,0.80613,0.80628,3.00,4.12
2016.02.29 06:47:24.334,0.80616,0.80629,1.00,4.12
2016.02.29 06:47:24.746,0.80616,0.80626,1.00,3.00
2016.02.29 06:47:24.798,0.80613,0.80626,1.12,3.37
2016.02.29 06:47:25.328,0.80613,0.80625,1.10,1.95
2016.02.29 06:47:25.834,0.80611,0.80623,2.25,1.50
2016.02.29 06:47:26.088,0.80611,0.80623,1.87,2.25
2016.02.29 06:47:26.412,0.80609,0.80621,2.32,1.75
2016.02.29 06:47:26.666,0.80608,0.80621,1.50,2.70
2016.02.29 06:47:26.970,0.8061,0.80617,1.00,1.00
2016.02.29 06:47:27.275,0.80612,0.80619,1.00,1.00
2016.02.29 06:47:27.428,0.80609,0.80619,1.50,1.00
2016.02.29 06:47:27.969,0.80612,0.80622,1.00,1.50
2016.02.29 06:47:28.071,0.8061,0.80622,1.00,1.50
2016.02.29 06:47:28.996,0.8061,0.8062,1.00,1.82
2016.02.29 06:47:30.099,0.8061,0.80618,1.00,1.37
2016.02.29 06:47:30.302,0.80612,0.80617,1.00,1.00
2016.02.29 06:47:30.808,0.80611,0.80618,1.00,1.37
2016.02.29 06:47:34.668,0.8061,0.80618,1.00,1.37
2016.02.29 06:47:35.529,0.80608,0.80618,1.50,1.37
2016.02.29 06:47:35.631,0.80608,0.80615,1.50,1.00
2016.02.29 06:47:36.036,0.80606,0.80615,1.50,1.12
2016.02.29 06:47:37.417,0.80605,0.80615,1.12,1.12
2016.02.29 06:47:39.387,0.80606,0.80615,1.00,1.12
2016.02.29 06:47:40.192,0.80602,0.80615,3.00,1.12
2016.02.29 06:47:41.649,0.80604,0.80612,1.00,1.12
2016.02.29 06:47:41.801,0.80601,0.8061,1.12,1.00
2016.02.29 06:47:41.852,0.80601,0.8061,1.00,1.50
2016.02.29 06:47:41.953,0.80597,0.80607,1.20,1.00
2016.02.29 06:47:42.005,0.80597,0.80605,1.12,1.00
2016.02.29 06:47:42.266,0.80588,0.80598,3.00,1.00
2016.02.29 06:47:42.420,0.80588,0.80596,1.00,1.00
2016.02.29 06:47:42.723,0.80588,0.80595,1.00,1.50
2016.02.29 06:47:43.029,0.80586,0.80595,1.12,1.57
2016.02.29 06:47:43.131,0.80583,0.80592,1.00,1.00
2016.02.29 06:47:43.182,0.80583,0.8059,1.00,1.37
2016.02.29 06:47:43.436,0.80575,0.80587,2.25,1.50
2016.02.29 06:47:43.488,0.80575,0.80582,2.25,1.37
2016.02.29 06:47:43.665,0.80575,0.80583,1.12,1.50
2016.02.29 06:47:43.725,0.80572,0.80579,1.00,1.37
2016.02.29 06:47:43.827,0.80567,0.80575,1.50,1.37
2016.02.29 06:47:44.080,0.80566,0.80573,1.00,1.50
2016.02.29 06:47:44.586,0.80566,0.80573,1.00,1.00
2016.02.29 06:47:44.890,0.80564,0.80571,1.00,1.00
2016.02.29 06:47:45.403,0.80565,0.80571,1.00,1.00
2016.02.29 06:47:46.157,0.80564,0.80571,1.00,1.00
2016.02.29 06:47:46.461,0.80566,0.80571,1.00,1.00
2016.02.29 06:47:47.189,0.80561,0.80571,1.00,1.87
2016.02.29 06:47:47.240,0.80559,0.8057,1.00,1.37
2016.02.29 06:47:47.342,0.80557,0.80571,1.10,1.95
2016.02.29 06:47:47.596,0.80558,0.80568,1.00,1.45
2016.02.29 06:47:49.124,0.80559,0.80569,1.00,2.25
2016.02.29 06:47:49.782,0.80561,0.80569,1.00,2.25
2016.02.29 06:47:50.319,0.80561,0.80569,1.00,1.07
2016.02.29 06:47:50.625,0.80563,0.8057,1.00,1.07
2016.02.29 06:47:50.778,0.80564,0.80572,1.00,1.57
2016.02.29 06:47:50.880,0.80561,0.8057,1.00,1.37
2016.02.29 06:47:51.386,0.8056,0.80569,1.00,1.45
2016.02.29 06:47:52.120,0.80562,0.8057,1.00,1.07
2016.02.29 06:47:52.637,0.80562,0.80571,1.00,1.57
2016.02.29 06:47:53.732,0.80562,0.80572,1.00,1.45
2016.02.29 06:47:54.239,0.80561,0.80573,1.00,1.87
2016.02.29 06:47:55.075,0.80561,0.80572,1.00,1.57
2016.02.29 06:47:55.598,0.80561,0.80573,1.00,1.87
2016.02.29 06:47:56.402,0.8056,0.80573,1.00,1.87
2016.02.29 06:47:57.003,0.80561,0.80573,1.00,1.87
2016.02.29 06:47:58.888,0.80561,0.80572,1.00,1.57
2016.02.29 06:48:00.129,0.80565,0.80572,1.00,1.57
2016.02.29 06:48:00.641,0.80564,0.80573,1.00,1.87
2016.02.29 06:48:01.171,0.80565,0.80573,1.00,1.87
2016.02.29 06:48:03.529,0.80565,0.80574,1.00,1.57
2016.02.29 06:48:03.782,0.80561,0.80572,1.00,3.45
2016.02.29 06:48:03.834,0.80561,0.80568,1.00,1.37
2016.02.29 06:48:03.885,0.80558,0.80568,1.00,1.37
2016.02.29 06:48:04.392,0.80558,0.80567,1.00,1.47
2016.02.29 06:48:04.834,0.80556,0.80567,1.00,1.47
2016.02.29 06:48:05.421,0.80556,0.80568,1.00,1.50
2016.02.29 06:48:06.046,0.80558,0.80568,1.00,1.50
2016.02.29 06:48:06.199,0.80559,0.8057,1.00,1.57
2016.02.29 06:48:06.705,0.80559,0.80571,1.00,1.50
2016.02.29 06:48:07.261,0.80559,0.8057,1.00,1.45
2016.02.29 06:48:08.061,0.80558,0.8057,1.00,1.45
2016.02.29 06:48:08.831,0.80558,0.80569,1.00,1.57
2016.02.29 06:48:09.034,0.80556,0.80567,1.00,1.37
2016.02.29 06:48:09.540,0.80557,0.80568,1.00,1.87
2016.02.29 06:48:09.692,0.80553,0.80565,1.00,1.37
2016.02.29 06:48:09.794,0.80551,0.80563,2.25,1.12
2016.02.29 06:48:10.324,0.80551,0.80561,1.50,1.47
2016.02.29 06:48:10.863,0.8055,0.80561,1.00,1.47
2016.02.29 06:48:12.329,0.80551,0.80561,1.00,1.47
2016.02.29 06:48:12.638,0.80553,0.80561,1.00,1.47
2016.02.29 06:48:13.093,0.80553,0.80562,1.00,1.57
2016.02.29 06:48:13.347,0.80555,0.80564,1.00,1.47
2016.02.29 06:48:13.550,0.80555,0.80565,1.00,1.45
2016.02.29 06:48:13.991,0.80556,0.80567,1.00,1.07
2016.02.29 06:48:14.498,0.80557,0.80568,1.00,1.50
2016.02.29 06:48:15.004,0.80557,0.80567,1.00,1.75
2016.02.29 06:48:15.582,0.80555,0.80566,1.00,1.87
2016.02.29 06:48:15.633,0.80552,0.80565,1.57,1.50
2016.02.29 06:48:15.938,0.80552,0.80561,1.00,1.47
2016.02.29 06:48:16.344,0.80549,0.8056,1.50,1.37
2016.02.29 06:48:18.443,0.80549,0.80561,1.00,1.57
2016.02.29 06:48:18.885,0.80551,0.80561,1.00,1.57
2016.02.29 06:48:19.147,0.80549,0.8056,1.00,1.37
2016.02.29 06:48:19.653,0.80549,0.80561,1.00,1.57
2016.02.29 06:48:20.250,0.80548,0.80561,1.00,1.57
2016.02.29 06:48:20.702,0.8055,0.80561,1.00,1.57
2016.02.29 06:48:21.188,0.80548,0.80561,1.00,1.57
2016.02.29 06:48:21.239,0.80546,0.80561,2.40,1.57
2016.02.29 06:48:21.290,0.80546,0.80558,1.65,1.37
2016.02.29 06:48:21.448,0.80544,0.80557,1.00,1.45
2016.02.29 06:48:21.954,0.80544,0.80556,1.50,1.07
2016.02.29 06:48:24.122,0.80545,0.80557,1.00,2.70
2016.02.29 06:48:24.258,0.80542,0.80554,1.10,1.12
2016.02.29 06:48:24.464,0.80543,0.80554,2.62,1.00
2016.02.29 06:48:24.515,0.80543,0.80556,2.62,1.00
2016.02.29 06:48:24.870,0.80544,0.8056,2.62,1.07
2016.02.29 06:48:24.972,0.80545,0.8056,3.00,2.25
2016.02.29 06:48:25.377,0.80545,0.80557,1.95,1.00
2016.02.29 06:48:25.580,0.80545,0.8056,1.57,3.07
2016.02.29 06:48:26.407,0.80545,0.8056,2.62,1.27
2016.02.29 06:48:26.615,0.80546,0.8056,2.25,1.50
2016.02.29 06:48:32.253,0.80548,0.80561,1.50,1.07
2016.02.29 06:48:32.759,0.80548,0.80562,1.87,1.37
2016.02.29 06:48:33.164,0.80549,0.80563,1.50,1.00
2016.02.29 06:48:33.704,0.80549,0.80564,1.12,1.57
2016.02.29 06:48:33.764,0.80548,0.80564,2.25,2.62
2016.02.29 06:48:34.455,0.80549,0.80562,1.27,1.45
2016.02.29 06:48:36.539,0.80549,0.80561,1.65,2.77
2016.02.29 06:48:36.956,0.80549,0.80561,1.00,1.95
2016.02.29 06:48:38.119,0.80547,0.80561,1.57,1.95
2016.02.29 06:48:39.265,0.80546,0.80561,2.25,4.95
2016.02.29 06:48:39.725,0.80545,0.80558,1.20,2.32
2016.02.29 06:48:41.199,0.80545,0.80558,1.95,3.45
2016.02.29 06:48:41.734,0.80545,0.80556,1.00,1.85
2016.02.29 06:48:42.124,0.80542,0.80553,1.20,1.10
2016.02.29 06:48:42.175,0.80541,0.80551,2.25,1.00
2016.02.29 06:48:42.479,0.80542,0.80549,1.00,1.50
2016.02.29 06:48:42.631,0.80538,0.80548,1.00,2.77
2016.02.29 06:48:42.866,0.80535,0.80547,2.40,2.25
2016.02.29 06:48:43.120,0.80535,0.80545,1.12,1.57
2016.02.29 06:48:43.839,0.80534,0.80545,1.50,1.57
2016.02.29 06:48:44.043,0.80535,0.80545,1.00,1.00
2016.02.29 06:48:44.145,0.80537,0.80547,1.00,2.62
2016.02.29 06:48:44.336,0.80537,0.80549,1.12,3.37
2016.02.29 06:48:44.855,0.80537,0.80549,1.95,1.95
2016.02.29 06:48:45.058,0.80539,0.80551,1.12,1.57
2016.02.29 06:48:45.463,0.80539,0.80552,1.95,1.57
2016.02.29 06:48:46.193,0.80542,0.80554,1.20,1.85
2016.02.29 06:48:47.474,0.80543,0.80555,1.12,2.25
2016.02.29 06:48:49.055,0.80543,0.80555,2.62,1.00
2016.02.29 06:48:49.157,0.80549,0.80557,1.00,1.20
2016.02.29 06:48:49.648,0.80549,0.80559,1.12,1.37
2016.02.29 06:48:50.016,0.80551,0.8056,1.37,1.12
2016.02.29 06:48:54.961,0.80551,0.80563,1.75,1.50
2016.02.29 06:48:55.315,0.80553,0.80566,1.50,3.07
2016.02.29 06:48:55.819,0.80554,0.80566,1.12,1.87
2016.02.29 06:49:01.282,0.80553,0.80566,1.85,3.37
2016.02.29 06:49:01.384,0.80552,0.80563,2.32,1.00
2016.02.29 06:49:09.874,0.80552,0.80563,1.50,1.50
2016.02.29 06:49:10.026,0.8055,0.80562,1.87,3.00
2016.02.29 06:49:10.136,0.8055,0.8056,1.20,1.20
2016.02.29 06:49:10.189,0.8055,0.8056,1.00,1.87
2016.02.29 06:49:10.392,0.80548,0.8056,1.12,2.62
2016.02.29 06:49:10.595,0.80548,0.80556,1.00,1.00
2016.02.29 06:49:10.798,0.80542,0.80554,2.25,1.20
2016.02.29 06:49:10.950,0.80542,0.80552,1.57,1.00
2016.02.29 06:49:11.103,0.80541,0.80552,1.12,1.57
2016.02.29 06:49:12.586,0.8054,0.80552,1.37,2.32
2016.02.29 06:49:12.637,0.80539,0.80552,1.20,2.32
2016.02.29 06:49:14.289,0.80541,0.80551,1.00,1.95
2016.02.29 06:49:14.594,0.80541,0.80553,1.12,2.70
2016.02.29 06:49:17.504,0.8054,0.80553,2.20,2.25
2016.02.29 06:49:18.752,0.8054,0.8055,1.50,1.00
2016.02.29 06:49:19.259,0.8054,0.8055,2.70,1.00
2016.02.29 06:49:19.411,0.80541,0.80552,1.50,1.00
2016.02.29 06:49:19.461,0.80542,0.80552,1.50,1.00
2016.02.29 06:49:19.861,0.80541,0.80552,1.20,1.50
2016.02.29 06:49:19.912,0.8054,0.80552,1.50,1.75
2016.02.29 06:49:20.218,0.80539,0.80548,1.47,1.50
2016.02.29 06:49:20.627,0.80538,0.80548,1.65,1.50
2016.02.29 06:49:24.092,0.8054,0.80548,2.62,1.00
2016.02.29 06:49:24.143,0.8054,0.80552,3.37,1.12
2016.02.29 06:49:24.295,0.80543,0.80553,1.12,2.25
2016.02.29 06:49:24.346,0.80543,0.80553,1.12,1.50
2016.02.29 06:49:24.498,0.80544,0.80553,1.07,1.50
2016.02.29 06:49:24.852,0.80542,0.80552,1.57,1.00
2016.02.29 06:49:25.171,0.80542,0.80552,1.00,1.87
2016.02.29 06:49:25.679,0.80541,0.80552,1.00,2.70
2016.02.29 06:49:26.602,0.8054,0.80552,1.00,2.70
2016.02.29 06:49:26.936,0.80537,0.80548,1.87,1.50
2016.02.29 06:49:27.240,0.80535,0.80548,1.65,3.00
2016.02.29 06:49:28.368,0.80537,0.80548,1.00,3.00
2016.02.29 06:49:28.891,0.80538,0.80548,1.00,3.00
2016.02.29 06:49:29.043,0.80538,0.80548,1.00,1.87
2016.02.29 06:49:29.550,0.80536,0.80548,1.95,2.70
2016.02.29 06:49:30.234,0.80537,0.80546,1.37,1.50
2016.02.29 06:49:30.336,0.80535,0.80544,1.10,1.00
2016.02.29 06:49:30.589,0.80534,0.80544,1.00,1.75
2016.02.29 06:49:31.096,0.80535,0.80544,1.00,1.95
2016.02.29 06:49:31.450,0.80533,0.80544,1.00,1.95
2016.02.29 06:49:31.655,0.80535,0.80545,1.12,2.32
2016.02.29 06:49:31.959,0.80535,0.80543,1.00,3.45
2016.02.29 06:49:32.466,0.80534,0.80543,1.00,2.70
2016.02.29 06:49:32.880,0.80535,0.80544,1.00,1.45
2016.02.29 06:49:33.184,0.80531,0.80541,1.27,1.00
2016.02.29 06:49:39.672,0.80533,0.80541,1.00,1.10
2016.02.29 06:49:47.968,0.80531,0.80541,1.00,1.00
2016.02.29 06:49:48.923,0.80532,0.80541,1.00,1.00
2016.02.29 06:49:49.437,0.80531,0.80541,1.00,1.10
2016.02.29 06:49:50.315,0.80531,0.80541,1.00,1.57
2016.02.29 06:49:50.865,0.8053,0.80541,1.12,1.57
2016.02.29 06:49:51.561,0.80529,0.80538,1.37,1.12
2016.02.29 06:49:52.069,0.80529,0.80538,1.00,1.65
2016.02.29 06:49:52.815,0.80528,0.80538,1.00,2.25
2016.02.29 06:49:53.700,0.80526,0.80538,2.25,2.25
2016.02.29 06:49:55.720,0.80524,0.80536,2.25,1.37
2016.02.29 06:49:56.230,0.80522,0.80536,2.32,2.25
2016.02.29 06:49:58.253,0.80523,0.80535,1.57,1.50
2016.02.29 06:49:58.590,0.8052,0.80531,1.12,1.75
2016.02.29 06:50:00.472,0.8052,0.80531,1.50,1.47
2016.02.29 06:50:00.624,0.8052,0.80531,1.12,1.47
2016.02.29 06:50:01.278,0.80519,0.8053,1.12,1.50
2016.02.29 06:50:01.781,0.8052,0.80531,1.00,1.85
2016.02.29 06:50:02.331,0.80521,0.8053,1.00,1.00
2016.02.29 06:50:02.389,0.80523,0.80532,1.00,1.20
2016.02.29 06:50:02.541,0.80523,0.80533,1.12,1.50
2016.02.29 06:50:02.744,0.80524,0.80533,1.00,1.37
2016.02.29 06:50:03.048,0.80524,0.80536,1.12,1.95
2016.02.29 06:50:03.150,0.80525,0.80536,1.87,1.20
2016.02.29 06:50:03.252,0.80527,0.80537,1.12,1.50
2016.02.29 06:50:03.769,0.80526,0.80538,1.57,1.50
2016.02.29 06:50:05.355,0.80526,0.80538,1.75,1.00
2016.02.29 06:50:05.659,0.80528,0.8054,1.50,1.20
2016.02.29 06:50:06.578,0.80529,0.80542,2.25,1.47
2016.02.29 06:50:06.628,0.80529,0.80543,2.25,1.95
2016.02.29 06:50:06.789,0.8053,0.80544,2.25,1.57
2016.02.29 06:50:07.006,0.80533,0.80543,1.00,1.10
2016.02.29 06:50:08.092,0.80531,0.80544,3.00,1.50
2016.02.29 06:50:08.598,0.80532,0.80544,1.75,1.12
2016.02.29 06:50:08.982,0.80536,0.80547,1.00,3.37
2016.02.29 06:50:09.487,0.80536,0.80547,1.00,1.00
2016.02.29 06:50:09.791,0.80536,0.80549,1.75,1.95
2016.02.29 06:50:10.095,0.80541,0.80549,1.00,1.50
2016.02.29 06:50:11.147,0.8054,0.80549,1.00,1.50
2016.02.29 06:50:11.400,0.80537,0.80547,1.10,1.50
2016.02.29 06:50:11.918,0.80536,0.80546,1.00,1.00
2016.02.29 06:50:12.071,0.80533,0.80546,2.25,2.25
2016.02.29 06:50:12.778,0.80533,0.80546,1.75,1.87
2016.02.29 06:50:17.511,0.80533,0.80546,1.85,1.50
2016.02.29 06:50:23.105,0.80533,0.80546,1.87,2.32
2016.02.29 06:50:24.510,0.80531,0.80543,1.87,1.12
2016.02.29 06:50:24.612,0.80531,0.80544,1.12,2.25
2016.02.29 06:50:24.916,0.80531,0.80544,1.50,2.25
2016.02.29 06:50:25.240,0.80531,0.80543,1.50,1.75
2016.02.29 06:50:26.323,0.80532,0.80544,1.12,1.50
2016.02.29 06:50:28.430,0.80533,0.80543,1.00,1.00
2016.02.29 06:50:28.633,0.80532,0.80544,1.37,3.00
2016.02.29 06:50:28.734,0.80532,0.80543,1.50,1.00
2016.02.29 06:50:30.213,0.80533,0.80543,1.00,1.00
2016.02.29 06:50:32.115,0.80534,0.80543,1.00,1.00
2016.02.29 06:50:32.216,0.80532,0.80543,1.50,1.00
2016.02.29 06:50:33.404,0.80531,0.80544,1.37,2.25
2016.02.29 06:50:33.506,0.80531,0.80541,1.12,1.50
2016.02.29 06:50:34.612,0.80529,0.80542,1.50,1.75
2016.02.29 06:50:35.156,0.80531,0.80542,1.00,1.75
2016.02.29 06:50:35.708,0.80532,0.80542,1.00,1.85
2016.02.29 06:50:37.036,0.80531,0.80542,1.00,1.75
2016.02.29 06:50:37.565,0.80531,0.80542,1.37,1.50
2016.02.29 06:50:38.270,0.80532,0.80542,1.00,1.00
2016.02.29 06:50:41.665,0.80533,0.80542,1.00,1.00
2016.02.29 06:50:43.087,0.80532,0.80542,1.50,1.00
2016.02.29 06:50:43.589,0.80533,0.80542,1.00,1.00
2016.02.29 06:50:45.062,0.80532,0.80542,1.50,1.00
2016.02.29 06:50:53.577,0.80533,0.80542,1.00,1.50
2016.02.29 06:50:54.137,0.8053,0.80542,1.50,1.50
2016.02.29 06:50:57.586,0.8053,0.80542,1.50,1.50
2016.02.29 06:51:00.147,0.8053,0.8054,1.50,1.00
2016.02.29 06:51:00.657,0.80531,0.80542,1.12,1.50
2016.02.29 06:51:01.163,0.80532,0.80542,1.00,1.50
2016.02.29 06:51:01.670,0.80533,0.80542,1.00,1.50
2016.02.29 06:51:01.823,0.80533,0.80545,1.12,2.25
2016.02.29 06:51:01.925,0.80535,0.80545,1.00,2.25
2016.02.29 06:51:02.381,0.80532,0.80542,2.40,1.00
2016.02.29 06:51:07.551,0.80531,0.80542,1.85,1.00
2016.02.29 06:51:09.811,0.8053,0.80543,3.37,1.00
2016.02.29 06:51:10.317,0.8053,0.80543,3.37,1.12
2016.02.29 06:51:12.610,0.8053,0.80542,1.87,1.00
2016.02.29 06:51:12.661,0.8053,0.80542,1.47,1.50
2016.02.29 06:51:24.001,0.80527,0.80539,3.75,1.00
2016.02.29 06:51:24.517,0.80527,0.80541,3.75,1.37
2016.02.29 06:51:25.973,0.80527,0.80539,3.75,1.00
2016.02.29 06:51:28.090,0.80529,0.80542,1.57,2.25
2016.02.29 06:51:28.635,0.8053,0.80542,1.50,1.50
2016.02.29 06:51:30.146,0.8053,0.80542,1.50,2.25
2016.02.29 06:51:30.682,0.8053,0.80541,1.50,1.00
2016.02.29 06:51:31.001,0.80533,0.80542,1.00,1.50
2016.02.29 06:51:31.655,0.80529,0.80542,1.95,1.87
2016.02.29 06:51:31.706,0.80529,0.80539,1.65,1.00
2016.02.29 06:51:32.222,0.80529,0.80541,1.12,1.75
2016.02.29 06:51:32.765,0.8053,0.80541,1.00,1.75
2016.02.29 06:51:33.824,0.80533,0.80541,1.00,1.75
2016.02.29 06:51:36.773,0.80533,0.80538,1.00,1.00
2016.02.29 06:51:37.676,0.80531,0.80539,1.00,1.50
2016.02.29 06:51:38.183,0.80532,0.80539,1.00,1.50
2016.02.29 06:51:39.882,0.80531,0.80539,1.00,1.50
2016.02.29 06:51:39.984,0.80531,0.80537,1.00,1.00
2016.02.29 06:51:40.514,0.80531,0.80538,1.00,1.00
2016.02.29 06:51:41.022,0.8053,0.80539,1.00,1.50
2016.02.29 06:51:41.556,0.80531,0.80539,1.00,1.50
2016.02.29 06:51:46.718,0.80532,0.80539,1.00,1.00
2016.02.29 06:51:46.920,0.80532,0.80541,1.00,1.00
2016.02.29 06:51:47.545,0.80533,0.80541,1.00,1.00
2016.02.29 06:51:48.251,0.80532,0.80541,1.00,1.00
2016.02.29 06:51:48.302,0.80532,0.80539,1.00,1.00
2016.02.29 06:51:48.607,0.80534,0.8054,1.00,1.00
2016.02.29 06:51:49.011,0.80532,0.80541,1.00,1.12
2016.02.29 06:51:56.439,0.80532,0.80542,1.12,1.12
2016.02.29 06:51:58.301,0.8053,0.80542,1.20,1.00
2016.02.29 06:51:58.453,0.80533,0.80545,1.12,1.12
2016.02.29 06:51:58.959,0.80533,0.80544,2.25,1.00
2016.02.29 06:52:01.305,0.80532,0.80545,1.82,1.50
2016.02.29 06:52:03.406,0.80532,0.80545,2.32,1.87
2016.02.29 06:52:03.912,0.80534,0.80546,3.07,1.00
2016.02.29 06:52:04.452,0.80535,0.80547,2.70,1.12
2016.02.29 06:52:04.757,0.80538,0.8055,1.87,1.75
2016.02.29 06:52:05.289,0.80539,0.8055,1.47,1.75
2016.02.29 06:52:05.391,0.80538,0.8055,2.25,1.75
2016.02.29 06:52:05.629,0.80539,0.8055,1.20,1.50
2016.02.29 06:52:05.782,0.8054,0.8055,1.50,1.12
2016.02.29 06:52:06.756,0.8054,0.80554,2.32,2.25
2016.02.29 06:52:10.243,0.80541,0.80554,1.47,2.25
2016.02.29 06:52:11.953,0.8054,0.80552,1.82,1.00
2016.02.29 06:52:12.496,0.80541,0.80553,2.25,1.12
2016.02.29 06:52:13.058,0.80542,0.80552,1.12,1.00
2016.02.29 06:52:13.728,0.8054,0.80554,3.37,1.50
2016.02.29 06:52:14.032,0.80542,0.80554,1.95,1.00
2016.02.29 06:52:15.635,0.80544,0.80554,1.75,1.00
2016.02.29 06:52:15.686,0.80544,0.80556,1.75,1.00
2016.02.29 06:52:17.451,0.80544,0.80556,2.25,1.00
2016.02.29 06:52:29.871,0.80544,0.80556,2.25,1.50
2016.02.29 06:52:30.074,0.80541,0.80553,1.57,1.50
2016.02.29 06:52:30.175,0.80539,0.80553,1.20,2.25
2016.02.29 06:52:44.122,0.80536,0.80552,5.62,1.57
2016.02.29 06:52:45.307,0.80537,0.80549,1.57,1.50
2016.02.29 06:52:45.611,0.80536,0.80547,1.12,2.25
2016.02.29 06:52:47.160,0.80537,0.80547,1.00,1.50
2016.02.29 06:52:47.661,0.80536,0.80547,1.12,1.50
2016.02.29 06:52:48.197,0.80537,0.80547,1.00,1.50
2016.02.29 06:52:48.763,0.80536,0.80547,1.12,1.50
2016.02.29 06:52:49.468,0.80537,0.80547,1.00,1.50
2016.02.29 06:52:50.009,0.80536,0.80547,1.12,1.50
2016.02.29 06:52:50.513,0.80536,0.80547,1.37,1.50
2016.02.29 06:52:58.501,0.80538,0.80547,1.00,1.50
2016.02.29 06:52:59.043,0.80537,0.80547,1.12,1.50
2016.02.29 06:52:59.713,0.80538,0.80547,1.00,1.50
2016.02.29 06:53:00.854,0.80537,0.80547,1.12,1.50
2016.02.29 06:53:01.362,0.80538,0.80547,1.00,1.50
2016.02.29 06:53:01.413,0.80536,0.80547,1.12,1.50
2016.02.29 06:53:02.206,0.80537,0.80547,1.00,1.50
2016.02.29 06:53:03.864,0.80537,0.80547,1.87,1.00
2016.02.29 06:53:03.966,0.80538,0.8055,1.37,1.50
2016.02.29 06:53:04.017,0.80538,0.80552,1.75,2.25
2016.02.29 06:53:04.342,0.80538,0.80552,3.07,1.12
2016.02.29 06:53:04.848,0.80541,0.80552,1.57,1.37
2016.02.29 06:53:06.639,0.8054,0.80552,1.45,1.75
2016.02.29 06:53:06.892,0.80538,0.8055,1.87,1.37
2016.02.29 06:53:07.533,0.80539,0.8055,1.12,1.75
2016.02.29 06:53:07.845,0.80537,0.80547,1.57,1.00
2016.02.29 06:53:08.668,0.80537,0.8055,1.57,1.75
2016.02.29 06:53:08.769,0.80537,0.8055,1.57,1.50
2016.02.29 06:53:09.286,0.80539,0.8055,1.00,1.50
2016.02.29 06:53:10.491,0.80537,0.8055,1.57,1.75
2016.02.29 06:53:11.791,0.80535,0.80548,1.95,1.37
2016.02.29 06:53:19.413,0.80536,0.80548,1.57,1.00
2016.02.29 06:53:20.010,0.80535,0.80548,2.70,1.50
2016.02.29 06:53:20.112,0.80533,0.80546,1.57,1.37
2016.02.29 06:53:20.264,0.80532,0.80544,1.20,1.75
2016.02.29 06:53:20.518,0.80532,0.80544,1.47,1.37
2016.02.29 06:53:20.569,0.80532,0.80545,1.85,1.12
2016.02.29 06:53:21.075,0.80533,0.80545,2.62,1.12
2016.02.29 06:53:21.277,0.80533,0.80545,1.87,1.12
2016.02.29 06:53:24.526,0.80535,0.80546,1.00,1.37
2016.02.29 06:53:25.031,0.80534,0.80546,1.00,2.25
2016.02.29 06:53:25.535,0.80531,0.80543,1.27,1.00
2016.02.29 06:53:26.041,0.80531,0.80546,1.27,3.00
2016.02.29 06:53:27.689,0.80532,0.80544,1.45,1.37
2016.02.29 06:53:28.297,0.80531,0.80544,1.20,1.75
2016.02.29 06:53:28.500,0.8053,0.80541,1.00,1.37
2016.02.29 06:53:28.816,0.80526,0.8054,1.12,1.75
2016.02.29 06:53:28.867,0.80524,0.8054,3.82,1.50
2016.02.29 06:53:30.223,0.80526,0.8054,1.50,1.00
2016.02.29 06:53:31.428,0.80528,0.80541,1.75,1.00
2016.02.29 06:53:31.940,0.80528,0.80542,1.75,1.75
2016.02.29 06:53:33.404,0.80526,0.80541,3.37,1.50
2016.02.29 06:53:34.842,0.80526,0.80541,2.25,1.50
2016.02.29 06:53:37.404,0.80528,0.80542,1.75,1.75
2016.02.29 06:53:40.915,0.80528,0.80542,1.85,1.75
2016.02.29 06:53:41.431,0.80528,0.80542,1.50,2.25
2016.02.29 06:53:41.933,0.80528,0.80542,1.75,1.50
2016.02.29 06:53:49.241,0.80528,0.80542,1.12,1.75
2016.02.29 06:53:51.854,0.8053,0.80542,1.75,1.12
2016.02.29 06:53:52.361,0.8053,0.80542,3.00,1.00
2016.02.29 06:53:56.068,0.80531,0.80542,2.32,1.00
2016.02.29 06:53:56.599,0.80532,0.80542,1.12,1.00
2016.02.29 06:53:57.172,0.80532,0.80545,1.87,1.50
2016.02.29 06:53:57.673,0.80533,0.80545,1.85,1.75
2016.02.29 06:53:58.260,0.80533,0.80543,1.57,1.00
2016.02.29 06:54:00.467,0.80529,0.80541,1.95,1.00
2016.02.29 06:54:00.771,0.80528,0.80541,1.87,1.50
2016.02.29 06:54:01.580,0.80526,0.80541,2.25,2.25
2016.02.29 06:54:02.447,0.80526,0.8054,5.25,1.37
2016.02.29 06:54:03.155,0.8053,0.80541,1.12,1.00
2016.02.29 06:54:03.257,0.80533,0.80543,1.00,1.00
2016.02.29 06:54:03.799,0.8053,0.80543,1.12,1.50
2016.02.29 06:54:04.990,0.80531,0.80544,2.32,1.00
2016.02.29 06:54:05.516,0.8053,0.80546,4.95,1.50
2016.02.29 06:54:13.273,0.80532,0.80545,2.25,1.12
2016.02.29 06:54:13.476,0.80534,0.80547,1.85,1.95
2016.02.29 06:54:14.397,0.80533,0.80547,1.87,1.57
2016.02.29 06:54:15.945,0.80532,0.80545,1.75,1.00
2016.02.29 06:54:16.463,0.80535,0.80545,1.00,1.50
2016.02.29 06:54:18.815,0.80532,0.80546,1.75,2.25
2016.02.29 06:54:23.540,0.80532,0.80543,1.82,1.00
2016.02.29 06:54:23.641,0.80532,0.80542,1.00,1.00
2016.02.29 06:54:24.400,0.80529,0.80542,1.47,3.75
2016.02.29 06:54:25.524,0.80528,0.80538,1.00,1.00
2016.02.29 06:54:26.913,0.80527,0.80538,1.10,1.00
2016.02.29 06:54:27.015,0.80526,0.80541,1.82,3.07
2016.02.29 06:54:27.999,0.80528,0.80542,1.20,1.57
2016.02.29 06:54:28.410,0.8053,0.80543,1.85,1.50
2016.02.29 06:54:33.869,0.80528,0.80541,4.87,1.00
2016.02.29 06:54:34.531,0.80529,0.80542,2.77,1.12
2016.02.29 06:54:37.529,0.80529,0.80542,1.95,1.00
2016.02.29 06:54:39.025,0.80529,0.80543,1.95,1.12
2016.02.29 06:54:39.333,0.80529,0.80539,1.10,1.00
2016.02.29 06:54:39.839,0.80529,0.80538,1.00,1.00
2016.02.29 06:54:40.390,0.80529,0.80539,1.00,1.00
2016.02.29 06:54:43.720,0.80524,0.80539,1.95,1.57
2016.02.29 06:54:44.064,0.80523,0.80537,1.75,1.82
2016.02.29 06:54:44.592,0.80526,0.80537,1.00,2.25
2016.02.29 06:54:45.502,0.80526,0.80537,1.00,1.10
2016.02.29 06:54:45.654,0.80524,0.80538,1.75,1.95
2016.02.29 06:54:46.190,0.80528,0.80538,1.00,1.20
2016.02.29 06:55:00.589,0.80523,0.80533,1.85,1.00
2016.02.29 06:55:00.641,0.80525,0.80533,1.00,1.00
2016.02.29 06:55:01.062,0.80523,0.8053,1.37,1.00
2016.02.29 06:55:01.478,0.80523,0.80534,1.12,1.87
2016.02.29 06:55:01.986,0.80523,0.80534,1.50,1.12
2016.02.29 06:55:02.468,0.80523,0.80535,2.25,1.57
2016.02.29 06:55:02.570,0.80524,0.80535,1.75,1.10
2016.02.29 06:55:03.085,0.80524,0.80536,2.25,1.12
2016.02.29 06:55:06.177,0.80524,0.80536,1.50,1.87
2016.02.29 06:55:06.279,0.80524,0.80534,1.00,1.57
2016.02.29 06:55:06.822,0.80525,0.80535,1.00,1.20
2016.02.29 06:55:07.329,0.80525,0.80535,1.00,1.00
2016.02.29 06:55:08.080,0.80524,0.80536,1.75,1.12
2016.02.29 06:55:08.375,0.80526,0.80538,1.87,1.87
2016.02.29 06:55:08.527,0.80526,0.80539,2.25,1.27
2016.02.29 06:55:10.293,0.80526,0.80539,1.75,1.65
2016.02.29 06:55:13.880,0.80526,0.80539,2.25,1.65
2016.02.29 06:55:16.403,0.80527,0.80537,1.00,1.00
2016.02.29 06:55:19.658,0.80527,0.80536,1.00,1.00
2016.02.29 06:55:21.737,0.80527,0.80537,1.00,1.57
2016.02.29 06:55:24.813,0.80526,0.80538,1.75,1.50
2016.02.29 06:55:25.320,0.80525,0.8054,1.75,2.25
2016.02.29 06:55:27.221,0.80524,0.80538,1.75,1.85
2016.02.29 06:55:33.156,0.80523,0.80535,1.50,1.12
2016.02.29 06:55:34.562,0.80523,0.80535,1.50,1.50
2016.02.29 06:55:36.999,0.8052,0.80533,2.62,1.00
2016.02.29 06:55:37.506,0.80519,0.80532,2.25,1.12
2016.02.29 06:55:37.972,0.80521,0.80531,1.00,1.00
2016.02.29 06:55:38.376,0.80518,0.80532,1.85,1.85
2016.02.29 06:55:43.473,0.80516,0.8053,2.25,1.27
2016.02.29 06:55:43.584,0.80516,0.80526,1.50,1.00
2016.02.29 06:55:44.091,0.80514,0.80528,1.75,1.75
2016.02.29 06:55:44.624,0.80516,0.80529,1.50,1.95
2016.02.29 06:55:45.198,0.80517,0.80529,1.75,1.12
2016.02.29 06:55:49.151,0.80516,0.80532,5.25,1.95
2016.02.29 06:55:49.202,0.80516,0.80532,5.25,1.95
2016.02.29 06:55:50.162,0.80517,0.80531,2.25,2.32
2016.02.29 06:55:50.365,0.80517,0.80529,1.75,1.12
2016.02.29 06:55:50.466,0.80516,0.80528,1.57,1.87
2016.02.29 06:55:51.392,0.80518,0.80528,1.00,1.00
2016.02.29 06:55:51.906,0.80517,0.80529,1.12,1.75
2016.02.29 06:55:53.778,0.80516,0.80531,2.25,1.85
2016.02.29 06:55:54.669,0.80516,0.80531,1.50,1.85
2016.02.29 06:55:55.281,0.80515,0.80526,2.25,1.50
2016.02.29 06:55:55.383,0.80515,0.80526,1.00,2.32
2016.02.29 06:55:55.434,0.80513,0.80526,1.12,2.32
2016.02.29 06:55:55.965,0.80513,0.80525,1.00,1.12
2016.02.29 06:55:57.987,0.80513,0.80525,1.00,1.50
2016.02.29 06:55:58.494,0.80513,0.80522,1.00,1.00
2016.02.29 06:56:00.452,0.80513,0.80519,1.00,1.00
2016.02.29 06:56:00.661,0.80513,0.80521,1.00,1.00
2016.02.29 06:56:00.915,0.80513,0.80523,1.12,1.12
2016.02.29 06:56:01.449,0.80513,0.80521,1.12,1.00
2016.02.29 06:56:02.006,0.80513,0.80523,1.12,1.12
2016.02.29 06:56:02.601,0.80513,0.80523,1.12,1.75
2016.02.29 06:56:03.208,0.80513,0.80525,1.50,1.57
2016.02.29 06:56:03.412,0.80514,0.80527,2.62,1.37
2016.02.29 06:56:05.021,0.80518,0.80528,1.00,1.57
2016.02.29 06:56:05.780,0.80516,0.80528,1.75,1.20
2016.02.29 06:56:06.055,0.8052,0.8053,1.00,1.00
2016.02.29 06:56:06.309,0.80518,0.80532,1.95,1.12
2016.02.29 06:56:06.360,0.80518,0.8053,1.95,1.00
2016.02.29 06:56:07.877,0.8052,0.80531,1.50,1.00
2016.02.29 06:56:08.429,0.8052,0.80532,1.50,1.12
2016.02.29 06:56:09.304,0.80523,0.80532,1.00,1.20
2016.02.29 06:56:09.724,0.80522,0.80534,1.75,1.12
2016.02.29 06:56:10.250,0.80522,0.80536,1.75,2.40
2016.02.29 06:56:17.535,0.80523,0.80536,1.57,1.50
2016.02.29 06:56:20.145,0.80523,0.8054,4.12,4.27
2016.02.29 06:56:30.234,0.80523,0.80537,1.95,1.50
2016.02.29 06:56:36.246,0.80524,0.80538,1.50,1.95
2016.02.29 06:56:37.457,0.80527,0.80537,1.00,1.00
2016.02.29 06:56:46.170,0.80524,0.80538,1.95,1.87
2016.02.29 06:56:46.742,0.80523,0.80538,2.25,2.25
2016.02.29 06:56:47.554,0.80525,0.80535,1.00,1.00
2016.02.29 06:56:48.894,0.80522,0.80537,1.85,1.95
2016.02.29 06:56:53.167,0.80521,0.80537,5.70,2.32
2016.02.29 06:56:56.900,0.80523,0.80536,1.00,1.85
2016.02.29 06:56:58.666,0.80521,0.80535,1.75,1.37
2016.02.29 06:56:59.219,0.80522,0.80535,1.75,1.00
2016.02.29 06:57:00.027,0.80522,0.80534,2.25,1.00
2016.02.29 06:57:00.530,0.80522,0.80535,1.75,1.00
2016.02.29 06:57:00.834,0.80524,0.80535,1.12,1.12
2016.02.29 06:57:04.317,0.80526,0.80537,1.82,1.12
2016.02.29 06:57:04.584,0.80527,0.80539,1.95,1.00
2016.02.29 06:57:04.888,0.80531,0.80541,1.00,1.00
2016.02.29 06:57:04.990,0.80528,0.80541,2.32,1.50
2016.02.29 06:57:05.496,0.80529,0.80541,1.12,1.50
2016.02.29 06:57:06.019,0.80531,0.80541,1.00,1.50
2016.02.29 06:57:07.625,0.8053,0.80542,1.85,1.37
2016.02.29 06:57:07.727,0.80533,0.80543,1.00,2.25
2016.02.29 06:57:09.590,0.80531,0.80543,3.07,2.62
2016.02.29 06:57:09.894,0.80533,0.80544,2.62,1.00
2016.02.29 06:57:09.995,0.80533,0.80544,1.75,1.00
2016.02.29 06:57:10.046,0.80532,0.80541,1.12,1.00
2016.02.29 06:57:10.097,0.80533,0.80541,1.00,1.00
2016.02.29 06:57:10.249,0.80533,0.80543,1.00,2.25
2016.02.29 06:57:10.776,0.80533,0.80545,1.50,1.50
2016.02.29 06:57:10.827,0.80533,0.80546,1.75,2.32
2016.02.29 06:57:11.131,0.80534,0.80546,1.75,1.50
2016.02.29 06:57:11.638,0.80534,0.80545,1.75,1.00
2016.02.29 06:57:12.460,0.80534,0.80546,1.75,1.00
2016.02.29 06:57:15.256,0.80535,0.80547,1.75,1.87
2016.02.29 06:57:15.559,0.80535,0.80547,1.75,1.00
2016.02.29 06:57:16.065,0.80535,0.80546,2.62,1.00
2016.02.29 06:57:17.008,0.80536,0.80547,1.12,1.00
2016.02.29 06:57:17.524,0.80535,0.80548,1.87,1.87
2016.02.29 06:57:18.363,0.80535,0.80547,2.25,1.00
2016.02.29 06:57:18.886,0.80535,0.80548,1.75,1.87
2016.02.29 06:57:21.927,0.80539,0.80549,1.75,1.00
2016.02.29 06:57:21.978,0.80539,0.80551,1.75,1.00
2016.02.29 06:57:22.131,0.8054,0.8055,1.12,1.12
2016.02.29 06:57:22.232,0.80542,0.80552,1.00,1.00
2016.02.29 06:57:22.536,0.80538,0.80552,1.75,3.00
2016.02.29 06:57:23.042,0.8054,0.8055,1.00,2.25
2016.02.29 06:57:23.548,0.80538,0.8055,1.50,2.25
2016.02.29 06:57:23.910,0.80538,0.8055,3.00,2.25
2016.02.29 06:57:24.276,0.80538,0.80552,3.00,2.25
2016.02.29 06:57:25.188,0.8054,0.80551,1.75,1.00
2016.02.29 06:57:25.945,0.80539,0.80551,1.75,1.50
2016.02.29 06:57:27.148,0.80538,0.80552,3.00,1.87
2016.02.29 06:57:27.691,0.80538,0.80551,3.00,1.00
2016.02.29 06:57:27.885,0.80539,0.8055,1.00,1.50
2016.02.29 06:57:27.937,0.80538,0.80549,1.75,1.12
2016.02.29 06:57:28.341,0.80539,0.80549,1.75,1.00
2016.02.29 06:57:28.854,0.80539,0.8055,1.75,1.00
2016.02.29 06:57:29.316,0.80538,0.80552,4.65,1.87
2016.02.29 06:57:30.108,0.80538,0.80551,4.95,1.00
2016.02.29 06:57:30.615,0.80542,0.80551,1.00,1.00
2016.02.29 06:57:31.349,0.80538,0.80551,1.75,2.25
2016.02.29 06:57:31.450,0.80538,0.8055,1.50,1.12
2016.02.29 06:57:31.966,0.80537,0.80549,1.75,1.12
2016.02.29 06:57:33.325,0.80538,0.80549,1.75,1.12
2016.02.29 06:57:35.706,0.80538,0.80553,3.07,1.87
2016.02.29 06:57:35.858,0.8054,0.80553,2.25,1.00
2016.02.29 06:57:35.960,0.8054,0.80555,3.82,1.87
2016.02.29 06:57:36.162,0.80542,0.80555,3.15,1.12
2016.02.29 06:57:36.856,0.80547,0.80557,1.00,1.00
2016.02.29 06:57:37.059,0.8055,0.80559,1.00,1.00
2016.02.29 06:57:37.261,0.80549,0.80562,1.75,2.25
2016.02.29 06:57:37.363,0.8055,0.8056,1.00,1.50
2016.02.29 06:57:37.675,0.80543,0.80557,1.12,2.70
2016.02.29 06:57:38.645,0.80546,0.80555,1.00,1.00
2016.02.29 06:57:38.749,0.80545,0.80558,1.75,1.57
2016.02.29 06:57:42.457,0.80544,0.80557,2.40,1.75
2016.02.29 06:57:50.570,0.80545,0.80556,1.75,1.95
2016.02.29 06:57:50.875,0.80543,0.80557,1.85,2.40
2016.02.29 06:58:10.329,0.80543,0.80555,1.85,1.00
2016.02.29 06:58:14.490,0.80545,0.80555,2.25,1.00
2016.02.29 06:58:14.541,0.80548,0.80557,1.00,2.25
2016.02.29 06:58:15.092,0.80548,0.80558,1.00,2.32
2016.02.29 06:58:15.345,0.80548,0.80559,1.50,1.47
2016.02.29 06:58:15.750,0.80548,0.80561,1.75,1.12
2016.02.29 06:58:17.539,0.80548,0.80563,2.32,2.32
2016.02.29 06:58:23.227,0.80549,0.80563,1.75,1.47
2016.02.29 06:58:23.767,0.8055,0.80563,1.75,1.10
2016.02.29 06:58:24.288,0.8055,0.80562,2.25,1.00
2016.02.29 06:58:24.918,0.8055,0.80561,3.00,1.00
2016.02.29 06:58:25.424,0.8055,0.80562,2.25,1.00
2016.02.29 06:58:25.971,0.8055,0.80563,2.25,1.57
2016.02.29 06:58:26.576,0.8055,0.80562,3.00,1.00
2016.02.29 06:58:27.088,0.8055,0.80563,2.25,1.57
2016.02.29 06:58:27.620,0.8055,0.80562,3.00,1.00
2016.02.29 06:58:28.127,0.8055,0.80563,2.25,1.50
2016.02.29 06:58:28.677,0.8055,0.80562,2.25,1.50
2016.02.29 06:58:29.462,0.8055,0.80563,1.75,2.25
2016.02.29 06:58:30.295,0.8055,0.80563,1.75,2.62
2016.02.29 06:58:32.886,0.8055,0.80562,2.25,1.00
2016.02.29 06:58:33.489,0.8055,0.80563,2.25,3.00
2016.02.29 06:58:36.419,0.8055,0.80562,2.25,1.00
2016.02.29 06:58:37.608,0.80552,0.80564,1.50,2.32
2016.02.29 06:58:37.912,0.80556,0.80568,1.75,1.20
2016.02.29 06:58:38.217,0.8056,0.80568,1.12,1.20
2016.02.29 06:58:38.318,0.8056,0.8057,1.50,1.10
2016.02.29 06:58:38.622,0.80562,0.80572,1.00,2.70
2016.02.29 06:58:38.949,0.80566,0.80574,1.50,1.00
2016.02.29 06:58:39.253,0.80563,0.80573,1.50,2.70
2016.02.29 06:58:39.762,0.80564,0.80573,1.37,1.57
2016.02.29 06:58:40.068,0.80567,0.80574,1.12,1.00
2016.02.29 06:58:40.551,0.80567,0.80576,1.12,1.95
2016.02.29 06:58:40.856,0.80567,0.80576,1.12,2.70
2016.02.29 06:58:41.182,0.80567,0.80577,1.12,2.25
2016.02.29 06:58:41.687,0.80567,0.80577,1.12,1.87
2016.02.29 06:58:44.216,0.80567,0.80576,1.12,1.00
2016.02.29 06:58:45.019,0.80567,0.80577,1.12,1.12
2016.02.29 06:58:45.222,0.80567,0.80577,1.37,1.00
2016.02.29 06:58:45.723,0.80567,0.80578,1.75,1.95
2016.02.29 06:58:49.385,0.80567,0.80577,1.75,1.12
2016.02.29 06:58:49.901,0.80567,0.80578,1.75,1.95
2016.02.29 06:58:50.407,0.80568,0.80578,1.12,1.95
2016.02.29 06:58:50.941,0.80568,0.80577,1.12,1.12
2016.02.29 06:58:51.491,0.80568,0.80578,1.12,1.95
2016.02.29 06:58:53.150,0.80567,0.80577,1.50,1.12
2016.02.29 06:58:53.700,0.80567,0.80578,1.50,1.57
2016.02.29 06:58:54.955,0.80567,0.80577,1.50,1.12
2016.02.29 06:58:58.849,0.80567,0.80578,1.50,1.07
2016.02.29 06:58:59.102,0.80569,0.80581,1.75,2.32
2016.02.29 06:59:00.572,0.80569,0.80583,1.75,1.57
2016.02.29 06:59:02.480,0.80569,0.80583,1.75,2.32
2016.02.29 06:59:05.879,0.80574,0.80584,1.00,1.57
2016.02.29 06:59:06.604,0.80574,0.80583,1.00,1.00
2016.02.29 06:59:06.908,0.80574,0.80581,1.00,1.00
2016.02.29 06:59:07.416,0.80574,0.80582,1.00,1.00
2016.02.29 06:59:09.183,0.80571,0.80581,1.75,1.00
2016.02.29 06:59:10.015,0.80569,0.80582,3.00,1.20
2016.02.29 06:59:10.516,0.80569,0.80582,1.75,1.47
2016.02.29 06:59:15.801,0.80569,0.80581,1.75,2.25
2016.02.29 06:59:18.677,0.80569,0.80581,1.75,2.32
2016.02.29 06:59:19.252,0.80569,0.80579,1.37,1.12
2016.02.29 06:59:19.926,0.80569,0.80578,1.37,1.00
2016.02.29 06:59:20.460,0.80568,0.80579,1.50,1.12
2016.02.29 06:59:21.001,0.80569,0.80578,1.00,1.00
2016.02.29 06:59:21.209,0.80566,0.80576,1.87,1.50
2016.02.29 06:59:21.310,0.80566,0.80577,1.50,1.12
2016.02.29 06:59:21.610,0.80566,0.80575,1.00,1.12
2016.02.29 06:59:21.712,0.80562,0.80575,2.25,1.10
2016.02.29 06:59:21.814,0.80564,0.80573,1.00,1.12
2016.02.29 06:59:22.172,0.8056,0.80574,5.25,1.50
2016.02.29 06:59:22.325,0.80556,0.8057,1.75,2.62
2016.02.29 06:59:22.376,0.80554,0.80566,1.85,1.00
2016.02.29 06:59:22.477,0.80554,0.80566,1.75,1.37
2016.02.29 06:59:23.275,0.80556,0.80567,1.37,1.50
2016.02.29 06:59:23.582,0.80559,0.80572,2.25,2.62
2016.02.29 06:59:24.107,0.80561,0.80572,1.75,1.10
2016.02.29 06:59:25.404,0.80561,0.80573,1.12,1.12
2016.02.29 06:59:26.092,0.8056,0.80573,1.00,1.87
2016.02.29 06:59:26.598,0.80559,0.80569,1.00,1.00
2016.02.29 06:59:30.190,0.80556,0.80571,1.27,2.25
2016.02.29 06:59:31.123,0.8056,0.8057,1.00,1.00
2016.02.29 06:59:31.225,0.80562,0.80572,1.00,1.20
2016.02.29 06:59:31.529,0.80565,0.80573,1.00,1.00
2016.02.29 06:59:31.834,0.80565,0.80575,1.00,1.87
2016.02.29 06:59:34.428,0.80565,0.80574,1.00,1.00
2016.02.29 06:59:34.967,0.80565,0.80575,1.00,1.00
2016.02.29 06:59:35.525,0.80561,0.80576,2.40,1.37
2016.02.29 06:59:37.130,0.80566,0.80576,1.00,1.00
2016.02.29 06:59:37.434,0.80565,0.8058,2.25,1.87
2016.02.29 06:59:38.043,0.80565,0.8058,2.25,1.75
2016.02.29 06:59:38.145,0.80563,0.80577,1.75,3.45
2016.02.29 06:59:38.247,0.80563,0.80573,1.50,1.00
2016.02.29 06:59:39.209,0.80562,0.80576,1.75,1.12
2016.02.29 06:59:39.260,0.80563,0.80576,1.75,1.12
2016.02.29 06:59:39.900,0.80564,0.80577,1.50,1.57
2016.02.29 06:59:40.240,0.80564,0.80578,1.75,1.50
2016.02.29 06:59:40.553,0.80564,0.80578,1.75,1.50
2016.02.29 06:59:41.059,0.80564,0.80578,1.75,1.12
2016.02.29 06:59:41.110,0.80564,0.80578,1.50,1.87
2016.02.29 06:59:41.617,0.80564,0.80574,1.00,1.00
2016.02.29 06:59:43.016,0.80562,0.80577,1.75,1.95
2016.02.29 06:59:43.517,0.80565,0.80577,1.50,1.50
2016.02.29 06:59:51.346,0.80566,0.8058,1.75,1.85
2016.02.29 06:59:51.448,0.80566,0.80582,2.70,1.75
2016.02.29 06:59:51.651,0.80565,0.80581,2.25,1.75
2016.02.29 06:59:51.956,0.80568,0.80582,1.87,1.12
2016.02.29 06:59:52.058,0.8057,0.80585,1.12,2.25
2016.02.29 06:59:53.114,0.80573,0.80585,1.00,1.75
2016.02.29 06:59:53.616,0.80571,0.80586,1.50,2.40
2016.02.29 06:59:54.307,0.8057,0.80585,1.75,2.25
2016.02.29 06:59:54.813,0.80571,0.80581,1.00,1.00
2016.02.29 06:59:55.275,0.8057,0.80584,1.00,1.00
2016.02.29 06:59:55.778,0.80568,0.80583,1.57,1.00
2016.02.29 06:59:55.982,0.80573,0.80586,1.00,1.20
2016.02.29 06:59:56.084,0.80574,0.80588,1.00,1.27
2016.02.29 06:59:56.399,0.80575,0.80591,1.00,1.87
2016.02.29 06:59:56.711,0.80578,0.80592,1.00,1.87
2016.02.29 06:59:57.219,0.80577,0.80593,1.00,1.87
2016.02.29 06:59:57.739,0.80576,0.80591,1.00,1.10
2016.02.29 06:59:58.118,0.80576,0.80589,1.00,1.00
2016.02.29 06:59:58.169,0.80574,0.80589,1.12,1.00
2016.02.29 06:59:59.309,0.80577,0.8059,1.00,1.87
2016.02.29 06:59:59.519,0.80575,0.80591,1.10,2.25
