2016.02.25 22:00:00.101,0.81752,0.81779,0.37,0.75
2016.02.25 22:00:00.153,0.81751,0.81775,0.37,0.37
2016.02.25 22:00:00.254,0.81745,0.81775,0.75,0.37
2016.02.25 22:00:00.479,0.81719,0.81775,0.37,0.37
2016.02.25 22:00:02.033,0.8172,0.81773,0.75,0.75
2016.02.25 22:00:02.801,0.81722,0.81773,0.75,0.75
2016.02.25 22:00:06.373,0.81724,0.81788,0.75,0.75
2016.02.25 22:00:07.034,0.81729,0.81788,0.75,0.75
2016.02.25 22:00:07.353,0.81732,0.81788,0.75,0.75
2016.02.25 22:00:07.742,0.81733,0.81798,0.75,1.12
2016.02.25 22:00:08.024,0.81736,0.81798,0.75,0.75
2016.02.25 22:00:08.355,0.81738,0.81799,0.75,0.75
2016.02.25 22:00:08.905,0.81743,0.81799,0.75,0.75
2016.02.25 22:00:09.312,0.81746,0.81797,0.75,0.75
2016.02.25 22:00:10.007,0.81749,0.81797,0.75,0.75
2016.02.25 22:00:10.630,0.81751,0.81798,0.75,0.75
2016.02.25 22:00:10.939,0.81751,0.81795,0.75,0.37
2016.02.25 22:00:11.420,0.81747,0.81795,0.75,0.37
2016.02.25 22:00:11.622,0.81747,0.81784,0.75,0.75
2016.02.25 22:00:11.773,0.81747,0.81794,0.75,0.75
2016.02.25 22:00:12.312,0.81747,0.81793,0.75,0.75
2016.02.25 22:00:13.331,0.81747,0.81794,0.75,0.75
2016.02.25 22:00:13.773,0.81747,0.81781,0.75,0.37
2016.02.25 22:00:13.824,0.81742,0.81781,0.75,0.37
2016.02.25 22:00:14.082,0.81742,0.81786,0.75,0.75
2016.02.25 22:00:14.700,0.81742,0.81787,0.75,0.37
2016.02.25 22:00:16.918,0.81747,0.81787,0.75,0.37
2016.02.25 22:00:17.455,0.81746,0.81787,0.75,1.12
2016.02.25 22:00:17.920,0.81749,0.81786,0.75,0.75
2016.02.25 22:00:20.924,0.81751,0.81787,0.75,0.37
2016.02.25 22:00:30.941,0.81753,0.81786,0.75,0.75
2016.02.25 22:00:35.982,0.81752,0.81786,0.75,0.75
2016.02.25 22:00:40.256,0.81733,0.81786,0.37,0.37
2016.02.25 22:00:41.508,0.81732,0.81785,0.37,0.37
2016.02.25 22:00:41.710,0.81733,0.81792,0.37,0.37
2016.02.25 22:00:57.737,0.81735,0.81794,0.37,0.37
2016.02.25 22:01:05.037,0.81736,0.81795,0.75,0.75
2016.02.25 22:01:07.052,0.81734,0.81793,0.37,0.37
2016.02.25 22:01:07.627,0.81733,0.81793,0.37,0.37
2016.02.25 22:01:12.497,0.81731,0.81782,0.37,0.37
2016.02.25 22:01:12.548,0.81728,0.81782,0.37,0.37
2016.02.25 22:01:15.455,0.8173,0.81784,0.37,0.37
2016.02.25 22:01:15.556,0.8173,0.81787,0.37,0.37
2016.02.25 22:01:17.659,0.81729,0.81785,0.75,0.37
2016.02.25 22:01:26.654,0.81734,0.81789,0.37,0.37
2016.02.25 22:01:26.806,0.81735,0.81791,0.37,0.37
2016.02.25 22:01:26.907,0.81739,0.81794,0.37,0.37
2016.02.25 22:01:27.459,0.81739,0.81795,0.37,0.37
2016.02.25 22:01:27.781,0.81738,0.81793,0.37,0.37
2016.02.25 22:01:27.882,0.81736,0.81793,0.37,0.37
2016.02.25 22:01:34.640,0.81774,0.81793,0.75,0.37
2016.02.25 22:01:34.741,0.81767,0.81793,0.75,0.37
2016.02.25 22:01:34.792,0.81774,0.81819,0.37,0.75
2016.02.25 22:01:34.893,0.81781,0.81818,0.75,0.75
2016.02.25 22:01:35.000,0.81745,0.81813,0.37,0.75
2016.02.25 22:01:35.101,0.81745,0.8181,0.37,0.37
2016.02.25 22:01:35.176,0.81745,0.81812,0.37,0.37
2016.02.25 22:01:35.482,0.81743,0.81812,0.37,0.37
2016.02.25 22:01:38.846,0.81743,0.81807,0.37,1.50
2016.02.25 22:01:38.998,0.81738,0.81803,0.37,0.37
2016.02.25 22:01:41.450,0.81754,0.81803,0.75,0.37
2016.02.25 22:01:41.878,0.81757,0.81806,0.37,0.37
2016.02.25 22:01:45.131,0.81755,0.81804,0.75,0.75
2016.02.25 22:01:45.636,0.81751,0.81799,0.37,0.37
2016.02.25 22:01:46.014,0.81754,0.81801,0.37,0.37
2016.02.25 22:01:48.895,0.81775,0.81801,0.75,0.37
2016.02.25 22:01:48.945,0.81775,0.81807,0.75,0.75
2016.02.25 22:01:48.997,0.81761,0.81807,0.75,0.75
2016.02.25 22:01:49.098,0.81762,0.81811,0.37,1.12
2016.02.25 22:01:49.149,0.8176,0.81808,0.37,0.37
2016.02.25 22:01:53.809,0.81756,0.81805,0.75,0.75
2016.02.25 22:01:53.910,0.81756,0.81798,0.37,0.37
2016.02.25 22:01:53.966,0.81749,0.81796,0.37,0.37
2016.02.25 22:01:57.721,0.8175,0.81797,0.37,0.37
2016.02.25 22:02:17.794,0.81749,0.81798,0.75,0.75
2016.02.25 22:02:20.937,0.81773,0.81798,0.75,0.75
2016.02.25 22:02:20.988,0.81776,0.81814,0.37,0.15
2016.02.25 22:02:21.039,0.81776,0.8181,0.37,0.75
2016.02.25 22:02:21.090,0.81762,0.8181,0.75,0.75
2016.02.25 22:02:21.192,0.81759,0.81806,0.37,0.37
2016.02.25 22:02:21.613,0.81757,0.81803,0.37,0.75
2016.02.25 22:02:23.600,0.81757,0.81804,0.37,0.37
2016.02.25 22:02:24.451,0.81761,0.81804,0.75,0.37
2016.02.25 22:02:24.502,0.8176,0.81809,0.37,0.37
2016.02.25 22:02:24.553,0.81764,0.81809,0.37,0.37
2016.02.25 22:02:24.604,0.81765,0.81814,1.12,0.15
2016.02.25 22:02:24.755,0.81766,0.81818,0.37,0.75
2016.02.25 22:02:25.061,0.81768,0.81819,0.75,0.75
2016.02.25 22:02:31.487,0.81765,0.81819,0.37,0.75
2016.02.25 22:02:31.771,0.81768,0.8182,0.37,0.75
2016.02.25 22:02:33.948,0.81767,0.81814,0.37,1.12
2016.02.25 22:02:44.200,0.81768,0.81816,0.37,0.37
2016.02.25 22:02:45.030,0.81769,0.81816,0.37,0.37
2016.02.25 22:02:50.734,0.81769,0.8181,0.37,0.37
2016.02.25 22:02:54.489,0.81769,0.81814,1.12,0.37
2016.02.25 22:02:54.591,0.81773,0.81814,0.37,0.37
2016.02.25 22:02:57.395,0.81775,0.81814,0.37,0.37
2016.02.25 22:02:57.797,0.81779,0.81814,0.37,0.37
2016.02.25 22:03:00.249,0.81787,0.81814,0.75,0.37
2016.02.25 22:03:00.350,0.81792,0.81827,0.37,0.37
2016.02.25 22:03:09.563,0.81792,0.81826,0.37,0.37
2016.02.25 22:03:10.871,0.81792,0.81817,0.37,0.10
2016.02.25 22:03:10.922,0.81784,0.81817,0.37,0.10
2016.02.25 22:03:15.624,0.81805,0.81817,0.37,0.10
2016.02.25 22:03:15.777,0.81806,0.81827,0.75,0.75
2016.02.25 22:03:15.900,0.81808,0.81838,0.37,0.10
2016.02.25 22:03:15.951,0.81806,0.81838,0.75,0.10
2016.02.25 22:03:16.481,0.81805,0.81838,0.75,0.82
2016.02.25 22:03:16.820,0.81805,0.81833,0.37,0.75
2016.02.25 22:03:16.871,0.81799,0.81833,0.75,0.75
2016.02.25 22:03:16.922,0.81787,0.81829,0.37,0.75
2016.02.25 22:03:17.660,0.81787,0.81828,0.37,0.75
2016.02.25 22:03:20.675,0.81785,0.81827,0.37,0.75
2016.02.25 22:03:22.518,0.81785,0.81828,0.37,0.75
2016.02.25 22:03:23.419,0.81785,0.81823,0.37,0.75
2016.02.25 22:03:23.470,0.81782,0.81823,0.37,0.75
2016.02.25 22:03:23.571,0.8178,0.81823,0.37,0.75
2016.02.25 22:03:24.092,0.81782,0.81824,0.75,0.75
2016.02.25 22:03:24.479,0.81787,0.8183,0.37,0.82
2016.02.25 22:03:25.950,0.81787,0.81829,0.37,0.75
2016.02.25 22:03:26.677,0.81782,0.81829,0.75,1.50
2016.02.25 22:03:26.727,0.8178,0.81822,0.75,0.75
2016.02.25 22:03:37.991,0.81781,0.81822,0.37,0.75
2016.02.25 22:03:38.998,0.81781,0.81824,0.37,0.75
2016.02.25 22:03:39.267,0.81781,0.81822,0.37,0.75
2016.02.25 22:03:39.601,0.81781,0.8182,0.37,0.75
2016.02.25 22:03:42.898,0.81781,0.81822,0.37,0.75
2016.02.25 22:03:43.000,0.81783,0.81824,0.75,0.75
2016.02.25 22:03:47.335,0.81786,0.81824,0.75,0.75
2016.02.25 22:03:47.735,0.8179,0.81826,0.37,0.10
2016.02.25 22:03:50.581,0.81793,0.81826,0.37,0.10
2016.02.25 22:03:52.517,0.81798,0.81826,0.75,0.10
2016.02.25 22:03:52.618,0.81798,0.81828,0.75,0.37
2016.02.25 22:03:53.236,0.81798,0.81829,0.75,0.15
2016.02.25 22:03:53.690,0.81802,0.81829,0.37,0.10
2016.02.25 22:03:53.742,0.81802,0.81836,0.37,0.15
2016.02.25 22:03:54.765,0.81812,0.81836,0.75,0.15
2016.02.25 22:03:56.526,0.81819,0.81836,0.75,0.15
2016.02.25 22:04:00.736,0.81821,0.81836,0.75,0.15
2016.02.25 22:04:04.716,0.81824,0.8184,0.75,1.12
2016.02.25 22:04:07.284,0.81825,0.81841,0.75,1.12
2016.02.25 22:04:10.765,0.81818,0.81839,1.00,1.50
2016.02.25 22:04:11.267,0.81819,0.81839,1.00,1.50
2016.02.25 22:04:14.415,0.81816,0.81839,1.00,1.50
2016.02.25 22:04:30.334,0.81814,0.81842,1.00,1.75
2016.02.25 22:04:33.919,0.81814,0.81841,1.00,1.12
2016.02.25 22:04:40.944,0.81815,0.8184,1.00,1.12
2016.02.25 22:04:43.745,0.81813,0.8184,1.00,1.12
2016.02.25 22:04:43.948,0.81813,0.81836,1.00,1.82
2016.02.25 22:04:46.334,0.81814,0.81835,1.00,1.12
2016.02.25 22:04:47.572,0.81808,0.81835,1.00,1.12
2016.02.25 22:04:47.623,0.81811,0.81835,1.00,1.12
2016.02.25 22:04:50.477,0.81814,0.81835,1.00,1.12
2016.02.25 22:04:52.575,0.81795,0.81835,1.12,1.12
2016.02.25 22:04:52.625,0.81801,0.81835,1.00,1.12
2016.02.25 22:04:54.887,0.81796,0.81835,1.50,1.12
2016.02.25 22:04:55.039,0.81794,0.81832,1.00,1.15
2016.02.25 22:04:55.141,0.81797,0.81834,1.00,1.12
2016.02.25 22:04:57.669,0.81794,0.81834,1.00,1.87
2016.02.25 22:05:05.810,0.81794,0.81832,1.12,1.52
2016.02.25 22:05:05.962,0.81811,0.81834,1.00,1.20
2016.02.25 22:05:06.768,0.81812,0.81836,1.00,1.50
2016.02.25 22:05:09.471,0.81812,0.8184,1.00,3.00
2016.02.25 22:05:09.522,0.81812,0.8184,1.00,2.32
2016.02.25 22:05:09.783,0.81812,0.8184,1.00,3.07
2016.02.25 22:05:17.340,0.81812,0.81833,1.00,1.00
2016.02.25 22:05:18.370,0.81812,0.81836,1.00,1.52
2016.02.25 22:05:18.882,0.81811,0.81835,1.00,1.57
2016.02.25 22:05:19.573,0.81811,0.81833,1.00,1.00
2016.02.25 22:05:21.528,0.81811,0.81833,1.00,1.20
2016.02.25 22:05:25.161,0.81811,0.81832,1.00,1.55
2016.02.25 22:05:32.391,0.81811,0.81831,1.00,1.47
2016.02.25 22:05:32.956,0.81811,0.81832,1.00,2.02
2016.02.25 22:05:33.779,0.81799,0.81826,1.00,1.12
2016.02.25 22:05:33.844,0.81799,0.81824,1.00,1.00
2016.02.25 22:05:33.896,0.8179,0.81822,1.00,1.12
2016.02.25 22:05:33.998,0.8179,0.8182,1.00,1.00
2016.02.25 22:05:34.583,0.8179,0.81819,1.00,1.00
2016.02.25 22:05:35.090,0.8179,0.81818,1.00,1.12
2016.02.25 22:05:37.362,0.8179,0.81819,1.00,1.87
2016.02.25 22:05:44.905,0.81791,0.81818,1.00,1.37
2016.02.25 22:05:45.614,0.81791,0.81818,1.00,1.12
2016.02.25 22:05:47.479,0.81791,0.81818,1.00,1.37
2016.02.25 22:05:47.783,0.81791,0.81814,1.00,1.45
2016.02.25 22:05:55.022,0.8179,0.81814,1.00,1.45
2016.02.25 22:05:58.077,0.8179,0.81816,1.00,1.37
2016.02.25 22:06:01.625,0.81786,0.81816,1.00,1.37
2016.02.25 22:06:04.724,0.81785,0.81816,1.00,1.37
2016.02.25 22:06:04.825,0.81785,0.81817,1.00,1.12
2016.02.25 22:06:04.876,0.81778,0.81819,1.00,1.97
2016.02.25 22:06:05.425,0.81778,0.8182,1.00,1.37
2016.02.25 22:06:05.806,0.81778,0.8182,1.75,1.37
2016.02.25 22:06:05.907,0.81778,0.8182,1.12,1.37
2016.02.25 22:06:06.734,0.81784,0.8182,1.00,1.37
2016.02.25 22:06:07.823,0.81784,0.81819,1.00,1.37
2016.02.25 22:06:10.147,0.81784,0.8182,1.00,1.37
2016.02.25 22:06:11.987,0.8178,0.8182,1.12,1.37
2016.02.25 22:06:12.089,0.8178,0.81819,1.00,1.75
2016.02.25 22:06:12.293,0.8178,0.8182,1.37,1.37
2016.02.25 22:06:12.344,0.81786,0.8182,1.00,1.37
2016.02.25 22:06:13.417,0.81786,0.81819,1.00,1.37
2016.02.25 22:06:14.334,0.81786,0.8182,1.00,1.37
2016.02.25 22:06:15.127,0.81788,0.8182,1.00,1.37
2016.02.25 22:06:16.807,0.81801,0.8182,0.75,1.37
2016.02.25 22:06:17.061,0.81787,0.8182,1.00,1.37
2016.02.25 22:06:17.638,0.81787,0.81819,1.00,1.37
2016.02.25 22:06:18.324,0.81787,0.8182,1.00,1.37
2016.02.25 22:06:19.148,0.81787,0.81819,1.00,1.37
2016.02.25 22:06:19.649,0.81787,0.8182,1.00,1.37
2016.02.25 22:06:20.365,0.81787,0.81819,1.00,1.37
2016.02.25 22:06:22.631,0.81787,0.8182,1.00,1.37
2016.02.25 22:06:23.172,0.81787,0.81819,1.00,1.37
2016.02.25 22:06:23.251,0.81801,0.81819,0.75,1.37
2016.02.25 22:06:23.812,0.81787,0.81819,1.00,1.37
2016.02.25 22:06:23.966,0.8179,0.8182,1.00,1.37
2016.02.25 22:06:24.068,0.8179,0.81822,1.00,1.37
2016.02.25 22:06:24.170,0.81801,0.81823,0.75,1.37
2016.02.25 22:06:24.956,0.81801,0.81824,1.00,1.37
2016.02.25 22:06:26.212,0.81801,0.81823,1.00,1.37
2016.02.25 22:06:27.187,0.81801,0.81824,1.00,1.37
2016.02.25 22:06:28.639,0.81801,0.81828,1.00,2.21
2016.02.25 22:06:29.641,0.81801,0.81827,1.00,1.37
2016.02.25 22:06:30.363,0.81801,0.81828,1.00,1.76
2016.02.25 22:06:32.657,0.81801,0.81827,1.00,1.37
2016.02.25 22:06:34.143,0.81788,0.81827,1.00,1.37
2016.02.25 22:06:34.244,0.81788,0.81818,1.00,1.00
2016.02.25 22:06:34.298,0.81781,0.81818,1.00,1.00
2016.02.25 22:06:34.363,0.81781,0.81813,1.00,1.00
2016.02.25 22:06:34.884,0.81781,0.81814,1.00,1.00
2016.02.25 22:06:35.353,0.81777,0.81811,1.00,1.00
2016.02.25 22:06:36.030,0.81777,0.8181,1.00,1.00
2016.02.25 22:06:36.238,0.81777,0.81808,1.00,1.00
2016.02.25 22:06:38.900,0.81772,0.81808,1.87,1.00
2016.02.25 22:06:45.908,0.81772,0.81807,1.00,1.00
2016.02.25 22:06:46.502,0.81773,0.81806,1.00,1.00
2016.02.25 22:06:47.021,0.81772,0.81806,1.00,1.00
2016.02.25 22:06:47.072,0.81769,0.81806,1.65,1.00
2016.02.25 22:06:48.336,0.81769,0.81807,2.40,1.00
2016.02.25 22:06:55.196,0.81776,0.81807,1.00,1.00
2016.02.25 22:06:55.747,0.81776,0.81806,1.00,1.00
2016.02.25 22:06:56.050,0.81778,0.81806,1.00,1.00
2016.02.25 22:07:02.619,0.81778,0.81805,1.00,1.00
2016.02.25 22:07:04.068,0.81776,0.81805,1.00,1.00
2016.02.25 22:07:05.322,0.81774,0.81805,1.20,1.00
2016.02.25 22:07:05.373,0.81774,0.81802,1.10,1.00
2016.02.25 22:07:05.424,0.81768,0.81802,1.27,1.00
2016.02.25 22:07:05.475,0.81768,0.81804,1.15,1.00
2016.02.25 22:07:05.994,0.81769,0.81805,1.17,1.00
2016.02.25 22:07:07.896,0.81769,0.81805,1.57,1.00
2016.02.25 22:07:08.245,0.81769,0.81805,1.37,1.50
2016.02.25 22:07:08.296,0.81769,0.81805,1.00,1.50
2016.02.25 22:07:08.909,0.8177,0.81805,1.00,1.50
2016.02.25 22:07:09.721,0.81773,0.81805,1.00,1.50
2016.02.25 22:07:09.772,0.81773,0.81809,1.00,1.00
2016.02.25 22:07:10.311,0.81774,0.8181,1.00,1.00
2016.02.25 22:07:13.736,0.81767,0.81807,1.10,1.00
2016.02.25 22:07:13.838,0.81767,0.81794,1.10,1.00
2016.02.25 22:07:14.022,0.81767,0.81798,1.10,1.00
2016.02.25 22:07:14.437,0.81769,0.81798,1.00,1.00
2016.02.25 22:07:14.971,0.8177,0.81799,1.00,1.00
2016.02.25 22:07:15.964,0.81766,0.81799,1.27,1.00
2016.02.25 22:07:16.132,0.81761,0.81795,1.95,1.00
2016.02.25 22:07:16.436,0.81762,0.81791,1.65,1.00
2016.02.25 22:07:16.494,0.81762,0.81794,1.65,1.00
2016.02.25 22:07:16.747,0.81765,0.81794,1.00,1.00
2016.02.25 22:07:16.899,0.81761,0.81793,1.95,1.00
2016.02.25 22:07:17.101,0.81761,0.81789,1.95,1.00
2016.02.25 22:07:17.578,0.81763,0.81784,1.10,1.00
2016.02.25 22:07:17.781,0.81762,0.81788,1.17,1.00
2016.02.25 22:07:17.990,0.81762,0.81785,1.17,1.00
2016.02.25 22:07:18.679,0.81761,0.81786,2.70,1.00
2016.02.25 22:07:18.731,0.81761,0.81789,1.00,1.00
2016.02.25 22:07:18.782,0.81761,0.81792,1.00,1.00
2016.02.25 22:07:19.000,0.81761,0.81789,1.00,1.00
2016.02.25 22:07:19.323,0.81761,0.81782,1.00,1.00
2016.02.25 22:07:19.526,0.81763,0.81797,1.00,1.00
2016.02.25 22:07:19.628,0.81761,0.81789,1.00,1.00
2016.02.25 22:07:19.883,0.81761,0.81791,1.00,1.00
2016.02.25 22:07:19.984,0.81761,0.81784,1.00,1.00
2016.02.25 22:07:20.341,0.81761,0.81779,1.00,1.00
2016.02.25 22:07:20.755,0.81761,0.81785,1.00,1.00
2016.02.25 22:07:22.531,0.81761,0.8179,1.12,1.00
2016.02.25 22:07:22.734,0.81762,0.81793,1.65,1.00
2016.02.25 22:07:24.601,0.81763,0.8179,1.00,1.00
2016.02.25 22:07:24.709,0.81763,0.81792,1.00,1.00
2016.02.25 22:07:25.214,0.81763,0.81793,1.00,1.00
2016.02.25 22:07:25.669,0.81754,0.81793,1.37,1.00
2016.02.25 22:07:25.822,0.81755,0.81785,1.00,1.00
2016.02.25 22:07:26.126,0.81755,0.81793,1.00,1.00
2016.02.25 22:07:26.278,0.81754,0.81789,1.00,1.00
2016.02.25 22:07:26.430,0.81755,0.81793,1.00,1.50
2016.02.25 22:07:26.633,0.81754,0.81789,1.00,1.00
2016.02.25 22:07:26.968,0.81753,0.81787,1.50,1.00
2016.02.25 22:07:27.474,0.81753,0.8179,1.50,1.00
2016.02.25 22:07:27.676,0.81753,0.81786,1.00,1.00
2016.02.25 22:07:27.980,0.81763,0.81788,1.00,1.00
2016.02.25 22:07:28.082,0.81763,0.81793,1.00,1.00
2016.02.25 22:07:28.133,0.81754,0.81787,1.00,1.00
2016.02.25 22:07:28.236,0.81753,0.81793,1.00,1.50
2016.02.25 22:07:28.438,0.81766,0.81793,1.00,1.00
2016.02.25 22:07:28.590,0.81766,0.81796,1.00,1.00
2016.02.25 22:07:28.641,0.81766,0.81794,1.00,1.00
2016.02.25 22:07:28.793,0.81756,0.81787,1.57,1.00
2016.02.25 22:07:28.898,0.81759,0.81795,1.00,1.00
2016.02.25 22:07:29.193,0.81759,0.81783,1.00,1.00
2016.02.25 22:07:29.397,0.81756,0.81783,1.10,1.00
2016.02.25 22:07:29.549,0.81758,0.81791,1.00,1.00
2016.02.25 22:07:29.650,0.81756,0.81781,1.10,1.00
2016.02.25 22:07:29.955,0.81771,0.81796,1.00,1.50
2016.02.25 22:07:30.006,0.81759,0.81795,1.00,1.00
2016.02.25 22:07:30.107,0.81756,0.81785,1.10,1.00
2016.02.25 22:07:30.411,0.81757,0.8179,1.00,1.00
2016.02.25 22:07:30.664,0.81767,0.81791,1.00,1.00
2016.02.25 22:07:30.715,0.81767,0.81795,1.00,1.00
2016.02.25 22:07:30.887,0.81761,0.81797,1.00,1.50
2016.02.25 22:07:30.989,0.81758,0.81786,1.00,1.00
2016.02.25 22:07:31.040,0.81756,0.81786,1.10,1.00
2016.02.25 22:07:31.192,0.81756,0.81792,1.10,1.00
2016.02.25 22:07:31.293,0.81756,0.81782,1.57,1.00
2016.02.25 22:07:31.774,0.81756,0.81777,1.57,1.00
2016.02.25 22:07:32.810,0.81757,0.81777,1.00,1.00
2016.02.25 22:07:32.963,0.81758,0.81796,1.00,1.00
2016.02.25 22:07:33.470,0.81759,0.81797,1.00,1.00
2016.02.25 22:07:33.706,0.81757,0.81789,1.00,1.00
2016.02.25 22:07:34.262,0.81755,0.81788,1.17,1.00
2016.02.25 22:07:34.567,0.81754,0.81788,1.10,1.00
2016.02.25 22:07:34.929,0.81754,0.81786,1.10,1.00
2016.02.25 22:07:35.232,0.81766,0.81793,1.00,1.00
2016.02.25 22:07:35.435,0.81766,0.81796,1.00,1.50
2016.02.25 22:07:35.536,0.81766,0.81794,1.00,1.00
2016.02.25 22:07:35.638,0.81766,0.81796,1.00,1.50
2016.02.25 22:07:36.726,0.81766,0.81794,1.00,1.00
2016.02.25 22:07:36.997,0.81753,0.81785,1.12,1.00
2016.02.25 22:07:37.253,0.81765,0.81796,1.00,1.50
2016.02.25 22:07:37.355,0.81755,0.81795,1.00,1.00
2016.02.25 22:07:38.691,0.81765,0.81795,1.00,1.00
2016.02.25 22:07:39.085,0.81756,0.81795,1.00,1.00
2016.02.25 22:07:39.206,0.81756,0.81785,1.00,1.00
2016.02.25 22:07:39.308,0.81754,0.81785,1.00,1.00
2016.02.25 22:07:39.366,0.81765,0.81794,1.00,1.00
2016.02.25 22:07:39.649,0.81754,0.81786,1.00,1.00
2016.02.25 22:07:39.801,0.81754,0.81794,1.50,1.00
2016.02.25 22:07:40.105,0.81755,0.8179,1.00,1.00
2016.02.25 22:07:40.418,0.81758,0.8179,1.00,1.00
2016.02.25 22:07:40.571,0.81758,0.81792,1.50,1.00
2016.02.25 22:07:40.672,0.81762,0.81792,1.00,1.00
2016.02.25 22:07:41.539,0.81758,0.81781,1.00,1.00
2016.02.25 22:07:41.660,0.81758,0.81784,1.00,1.00
2016.02.25 22:07:42.574,0.81756,0.81784,1.00,1.00
2016.02.25 22:07:47.126,0.81756,0.81793,1.50,1.00
2016.02.25 22:07:47.379,0.81769,0.81794,1.00,1.00
2016.02.25 22:07:47.946,0.81769,0.81795,1.00,1.00
2016.02.25 22:07:49.775,0.8177,0.81795,1.00,1.50
2016.02.25 22:07:49.878,0.81772,0.81798,1.00,1.00
2016.02.25 22:07:49.929,0.81772,0.81801,1.00,1.87
2016.02.25 22:07:49.980,0.81772,0.81799,1.00,1.00
2016.02.25 22:07:50.298,0.81772,0.81796,1.00,1.00
2016.02.25 22:07:50.450,0.81769,0.81796,1.00,1.00
2016.02.25 22:07:50.751,0.81759,0.81788,1.87,1.00
2016.02.25 22:07:50.824,0.81761,0.81796,1.00,1.00
2016.02.25 22:07:52.220,0.81759,0.81789,1.87,1.00
2016.02.25 22:07:53.264,0.81767,0.81789,1.00,1.00
2016.02.25 22:07:54.605,0.81767,0.81791,1.00,1.00
2016.02.25 22:07:54.707,0.8177,0.81791,1.00,1.00
2016.02.25 22:07:54.860,0.8178,0.81804,1.00,1.00
2016.02.25 22:07:55.063,0.8178,0.81802,1.00,1.00
2016.02.25 22:07:55.435,0.8178,0.818,1.00,1.00
2016.02.25 22:07:55.978,0.81781,0.818,1.00,1.00
2016.02.25 22:07:56.133,0.81776,0.818,1.00,1.00
2016.02.25 22:07:56.184,0.81785,0.8181,1.00,1.00
2016.02.25 22:07:56.456,0.81784,0.81813,1.00,1.00
2016.02.25 22:07:56.557,0.81785,0.81815,1.00,1.50
2016.02.25 22:07:56.859,0.8178,0.81815,1.00,1.50
2016.02.25 22:07:57.294,0.81779,0.81807,1.00,1.00
2016.02.25 22:08:00.705,0.81779,0.81806,1.00,1.00
2016.02.25 22:08:00.905,0.81779,0.81808,1.00,1.00
2016.02.25 22:08:02.635,0.8178,0.81815,1.00,1.50
2016.02.25 22:08:03.169,0.81779,0.81813,1.00,1.00
2016.02.25 22:08:03.506,0.81779,0.8181,1.00,1.00
2016.02.25 22:08:03.874,0.81779,0.81803,1.00,1.00
2016.02.25 22:08:05.530,0.81779,0.81805,1.00,1.00
2016.02.25 22:08:05.632,0.81779,0.81803,1.00,1.00
2016.02.25 22:08:06.155,0.81779,0.81805,1.00,1.00
2016.02.25 22:08:06.308,0.81782,0.81813,1.00,1.00
2016.02.25 22:08:07.335,0.81782,0.81815,1.00,1.00
2016.02.25 22:08:07.387,0.81785,0.81815,1.00,1.00
2016.02.25 22:08:08.048,0.8178,0.81812,1.65,1.00
2016.02.25 22:08:08.249,0.8178,0.81814,1.65,1.00
2016.02.25 22:08:08.589,0.8178,0.81808,1.17,1.00
2016.02.25 22:08:08.703,0.8177,0.81805,1.50,1.00
2016.02.25 22:08:08.754,0.81769,0.81805,1.15,1.00
2016.02.25 22:08:08.957,0.81769,0.81804,1.00,1.00
2016.02.25 22:08:09.785,0.81779,0.81804,1.00,1.00
2016.02.25 22:08:10.160,0.81769,0.81804,1.00,1.00
2016.02.25 22:08:10.665,0.8178,0.81804,1.00,1.00
2016.02.25 22:08:10.889,0.8178,0.81806,1.00,1.50
2016.02.25 22:08:10.940,0.81777,0.81799,1.00,1.00
2016.02.25 22:08:11.516,0.81776,0.818,1.00,1.00
2016.02.25 22:08:12.169,0.81776,0.81802,1.00,1.57
2016.02.25 22:08:12.556,0.81772,0.81802,1.00,1.57
2016.02.25 22:08:12.607,0.81772,0.818,1.00,1.00
2016.02.25 22:08:12.658,0.8177,0.818,1.00,1.00
2016.02.25 22:08:12.709,0.8177,0.81802,1.00,1.00
2016.02.25 22:08:14.076,0.81769,0.81801,1.00,1.00
2016.02.25 22:08:14.127,0.81769,0.81799,1.00,1.00
2016.02.25 22:08:14.193,0.81766,0.81799,1.00,1.00
2016.02.25 22:08:14.714,0.81766,0.81798,1.00,1.00
2016.02.25 22:08:18.673,0.81766,0.81799,1.50,1.00
2016.02.25 22:08:18.885,0.81766,0.81797,1.50,1.00
2016.02.25 22:08:19.295,0.81767,0.81799,1.00,1.00
2016.02.25 22:08:19.846,0.81768,0.81799,1.00,1.00
2016.02.25 22:08:19.947,0.81768,0.81795,1.00,1.00
2016.02.25 22:08:21.745,0.81767,0.81795,1.00,1.00
2016.02.25 22:08:23.092,0.81769,0.81795,1.00,1.00
2016.02.25 22:08:23.143,0.81771,0.81799,1.00,1.50
2016.02.25 22:08:23.245,0.81769,0.81798,1.00,1.00
2016.02.25 22:08:23.347,0.81769,0.8179,1.50,1.00
2016.02.25 22:08:23.549,0.81769,0.81799,2.25,1.00
2016.02.25 22:08:23.899,0.8177,0.81807,1.12,1.00
2016.02.25 22:08:24.010,0.8177,0.81804,1.12,1.00
2016.02.25 22:08:25.016,0.8177,0.81804,1.87,1.00
2016.02.25 22:08:25.749,0.8177,0.81805,1.37,1.00
2016.02.25 22:08:26.070,0.8178,0.81808,1.00,1.00
2016.02.25 22:08:26.323,0.81771,0.81807,1.12,1.50
2016.02.25 22:08:26.619,0.8178,0.81808,1.00,1.12
2016.02.25 22:08:26.885,0.81773,0.81807,1.00,1.00
2016.02.25 22:08:27.836,0.8177,0.81806,1.87,1.00
2016.02.25 22:08:28.271,0.81774,0.8181,1.00,1.00
2016.02.25 22:08:28.372,0.8178,0.8181,1.00,1.00
2016.02.25 22:08:28.944,0.8178,0.81809,1.00,1.00
2016.02.25 22:08:29.284,0.8178,0.81807,1.00,1.00
2016.02.25 22:08:29.570,0.8178,0.8181,1.00,2.25
2016.02.25 22:08:31.044,0.8178,0.81803,1.00,1.00
2016.02.25 22:08:31.148,0.8178,0.81805,1.00,1.00
2016.02.25 22:08:31.199,0.81772,0.81805,1.00,1.00
2016.02.25 22:08:31.352,0.81772,0.81807,1.00,1.00
2016.02.25 22:08:31.949,0.81771,0.81806,1.87,1.00
2016.02.25 22:08:34.205,0.81776,0.81808,1.00,1.00
2016.02.25 22:08:37.824,0.81776,0.8181,1.00,1.50
2016.02.25 22:08:37.925,0.8178,0.8181,1.00,1.50
2016.02.25 22:08:38.229,0.81786,0.81813,1.00,1.00
2016.02.25 22:08:39.159,0.81783,0.81813,1.00,1.50
2016.02.25 22:08:39.311,0.81785,0.81813,1.00,1.50
2016.02.25 22:08:40.958,0.81786,0.81813,1.00,1.00
2016.02.25 22:08:41.110,0.81786,0.81817,1.00,1.00
2016.02.25 22:08:41.161,0.81781,0.81816,1.00,1.00
2016.02.25 22:08:41.364,0.81784,0.81817,1.00,1.00
2016.02.25 22:08:41.890,0.81785,0.81817,1.00,1.00
2016.02.25 22:08:46.030,0.81785,0.81815,1.00,1.00
2016.02.25 22:08:46.132,0.81782,0.81815,1.00,1.00
2016.02.25 22:08:46.706,0.81783,0.81815,1.00,1.00
2016.02.25 22:08:47.334,0.81782,0.81815,1.00,1.00
2016.02.25 22:08:49.076,0.8178,0.81812,1.00,1.00
2016.02.25 22:08:49.381,0.81773,0.81803,1.00,1.00
2016.02.25 22:08:49.635,0.81775,0.81807,1.00,1.00
2016.02.25 22:08:50.364,0.81775,0.8181,1.00,1.00
2016.02.25 22:08:50.415,0.81784,0.81811,1.00,1.12
2016.02.25 22:08:50.516,0.81782,0.81811,1.00,1.12
2016.02.25 22:08:52.723,0.81782,0.81809,1.00,1.00
2016.02.25 22:08:52.825,0.8177,0.81799,1.00,1.00
2016.02.25 22:08:53.454,0.81774,0.81808,1.00,1.00
2016.02.25 22:08:53.990,0.81773,0.81808,1.00,1.00
2016.02.25 22:08:54.238,0.81775,0.81811,1.50,1.87
2016.02.25 22:08:54.447,0.81778,0.81812,1.00,1.55
2016.02.25 22:08:54.796,0.81783,0.81813,1.00,1.52
2016.02.25 22:08:54.991,0.81781,0.81812,1.00,1.37
2016.02.25 22:08:55.651,0.81782,0.8181,1.00,1.27
2016.02.25 22:08:59.835,0.81781,0.8181,1.00,2.02
2016.02.25 22:09:00.089,0.81785,0.8181,1.00,1.65
2016.02.25 22:09:01.484,0.81776,0.8181,1.50,1.65
2016.02.25 22:09:01.988,0.81776,0.81808,1.00,1.00
2016.02.25 22:09:02.503,0.81776,0.8181,1.00,1.15
2016.02.25 22:09:02.655,0.81776,0.81807,1.00,1.00
2016.02.25 22:09:02.971,0.81777,0.81804,1.00,1.50
2016.02.25 22:09:04.283,0.81775,0.81808,2.25,1.00
2016.02.25 22:09:06.059,0.81775,0.81808,2.25,1.20
2016.02.25 22:09:06.586,0.81771,0.81804,1.00,1.50
2016.02.25 22:09:06.738,0.81771,0.81801,1.00,1.00
2016.02.25 22:09:07.085,0.81771,0.81799,1.00,1.00
2016.02.25 22:09:07.191,0.81771,0.81802,1.00,1.57
2016.02.25 22:09:07.243,0.81774,0.81799,1.00,1.00
2016.02.25 22:09:07.615,0.81769,0.81788,1.00,1.00
2016.02.25 22:09:07.956,0.81767,0.81788,1.00,1.00
2016.02.25 22:09:08.007,0.81771,0.81802,1.00,1.00
2016.02.25 22:09:08.109,0.81767,0.81793,1.00,1.00
2016.02.25 22:09:08.413,0.8177,0.81788,1.00,1.00
2016.02.25 22:09:08.716,0.81768,0.81787,1.00,1.00
2016.02.25 22:09:08.773,0.81773,0.81796,1.00,1.00
2016.02.25 22:09:08.824,0.81773,0.81798,1.00,1.00
2016.02.25 22:09:08.976,0.81775,0.81798,1.00,1.00
2016.02.25 22:09:09.078,0.81768,0.81799,1.00,1.00
2016.02.25 22:09:09.516,0.81772,0.81799,1.00,1.00
2016.02.25 22:09:09.821,0.81766,0.81792,1.00,1.00
2016.02.25 22:09:09.923,0.81768,0.81795,1.00,1.00
2016.02.25 22:09:10.076,0.81766,0.81795,1.00,1.50
2016.02.25 22:09:10.673,0.81766,0.81794,1.00,1.00
2016.02.25 22:09:10.775,0.81769,0.81794,1.00,1.00
2016.02.25 22:09:11.105,0.81769,0.81792,1.00,1.00
2016.02.25 22:09:11.552,0.81771,0.81792,1.00,1.00
2016.02.25 22:09:11.705,0.81771,0.81795,1.00,1.00
2016.02.25 22:09:11.807,0.81772,0.81792,1.00,1.00
2016.02.25 22:09:11.858,0.81768,0.81792,1.00,1.00
2016.02.25 22:09:12.077,0.81766,0.81787,1.00,1.00
2016.02.25 22:09:12.382,0.81766,0.81783,1.00,1.00
2016.02.25 22:09:20.962,0.81766,0.81782,1.00,1.00
2016.02.25 22:09:23.968,0.81759,0.81782,1.00,1.00
2016.02.25 22:09:24.697,0.81759,0.81776,1.00,1.00
2016.02.25 22:09:24.951,0.81759,0.81782,1.00,1.00
2016.02.25 22:09:30.714,0.81763,0.81782,1.00,1.00
2016.02.25 22:09:30.765,0.81763,0.81788,1.00,1.00
2016.02.25 22:09:31.040,0.81766,0.81797,1.00,1.00
2016.02.25 22:09:31.736,0.81768,0.81791,1.00,1.00
2016.02.25 22:09:32.098,0.81768,0.81797,1.00,1.50
2016.02.25 22:09:32.199,0.81768,0.818,1.00,1.00
2016.02.25 22:09:32.250,0.81768,0.81803,1.00,1.00
2016.02.25 22:09:32.301,0.81768,0.81801,1.00,1.00
2016.02.25 22:09:32.605,0.81776,0.81802,1.00,1.00
2016.02.25 22:09:34.814,0.81778,0.81802,1.00,1.00
2016.02.25 22:09:35.016,0.81778,0.81806,1.00,1.50
2016.02.25 22:09:35.128,0.81777,0.81804,1.00,1.00
2016.02.25 22:09:35.383,0.81774,0.81803,1.50,1.00
2016.02.25 22:09:35.944,0.81773,0.81803,1.00,1.00
2016.02.25 22:09:36.262,0.81776,0.81803,1.00,1.00
2016.02.25 22:09:36.758,0.81774,0.81803,1.00,1.00
2016.02.25 22:09:38.326,0.81772,0.81803,1.50,1.00
2016.02.25 22:09:38.631,0.81772,0.81797,1.00,1.00
2016.02.25 22:09:38.929,0.81769,0.81797,1.00,1.00
2016.02.25 22:09:39.233,0.81772,0.81797,1.00,1.00
2016.02.25 22:09:39.753,0.81771,0.81797,1.00,1.00
2016.02.25 22:09:40.550,0.81769,0.81797,1.00,1.00
2016.02.25 22:09:44.513,0.81771,0.81797,1.00,1.00
2016.02.25 22:09:44.832,0.81771,0.81803,1.00,1.00
2016.02.25 22:09:45.384,0.81771,0.81804,1.00,1.50
2016.02.25 22:09:48.852,0.81771,0.81803,1.00,1.00
2016.02.25 22:09:49.523,0.81772,0.81803,1.00,1.00
2016.02.25 22:09:58.100,0.81775,0.81803,1.00,1.50
2016.02.25 22:09:58.513,0.81772,0.81802,1.00,1.00
2016.02.25 22:09:58.715,0.81772,0.81792,1.00,1.00
2016.02.25 22:09:58.867,0.8177,0.81792,1.00,1.00
2016.02.25 22:09:59.491,0.8177,0.81793,1.00,1.00
2016.02.25 22:10:00.677,0.8177,0.81791,1.00,1.00
2016.02.25 22:10:00.883,0.81777,0.81801,1.00,1.00
2016.02.25 22:10:00.934,0.81777,0.81803,1.00,1.50
2016.02.25 22:10:01.136,0.81773,0.81803,1.00,1.00
2016.02.25 22:10:01.715,0.81772,0.81803,1.00,1.00
2016.02.25 22:10:02.223,0.81772,0.81802,1.00,1.00
2016.02.25 22:10:03.085,0.81772,0.81801,1.00,1.00
2016.02.25 22:10:04.675,0.81777,0.81801,1.00,1.50
2016.02.25 22:10:04.980,0.81786,0.81801,1.00,1.00
2016.02.25 22:10:05.584,0.81786,0.81802,1.00,1.00
2016.02.25 22:10:06.480,0.81786,0.818,1.00,1.00
2016.02.25 22:10:06.531,0.81775,0.81796,1.00,1.00
2016.02.25 22:10:06.936,0.81784,0.81802,1.00,1.00
2016.02.25 22:10:07.437,0.81785,0.81802,1.00,1.00
2016.02.25 22:10:08.016,0.81776,0.81801,1.00,1.00
2016.02.25 22:10:08.067,0.81776,0.81797,1.00,1.00
2016.02.25 22:10:08.386,0.81776,0.81794,1.00,1.00
2016.02.25 22:10:11.725,0.81769,0.81794,1.00,1.00
2016.02.25 22:10:11.776,0.81769,0.81792,1.00,1.00
2016.02.25 22:10:12.099,0.8177,0.81787,1.00,1.00
2016.02.25 22:10:12.150,0.8177,0.81793,1.00,1.00
2016.02.25 22:10:12.300,0.81774,0.81793,1.00,1.00
2016.02.25 22:10:13.347,0.81776,0.81793,1.00,1.00
2016.02.25 22:10:14.559,0.81776,0.81802,1.00,1.57
2016.02.25 22:10:14.760,0.81776,0.81794,1.00,1.00
2016.02.25 22:10:15.451,0.81773,0.81794,1.00,1.00
2016.02.25 22:10:15.554,0.8178,0.81802,1.00,1.10
2016.02.25 22:10:15.827,0.8178,0.818,1.00,1.00
2016.02.25 22:10:16.353,0.81779,0.81803,1.00,2.77
2016.02.25 22:10:21.313,0.81779,0.81801,1.00,1.00
2016.02.25 22:10:21.930,0.81779,0.81802,1.00,1.20
2016.02.25 22:10:23.153,0.81771,0.81802,1.00,1.20
2016.02.25 22:10:25.012,0.81771,0.81799,1.00,1.00
2016.02.25 22:10:27.578,0.81772,0.81801,1.00,1.00
2016.02.25 22:10:28.103,0.81772,0.81802,1.00,1.00
2016.02.25 22:10:32.062,0.81772,0.81805,1.00,1.57
2016.02.25 22:10:35.028,0.81781,0.81805,1.00,1.57
2016.02.25 22:10:35.382,0.8178,0.81802,1.00,1.00
2016.02.25 22:10:35.433,0.81777,0.81802,1.00,1.00
2016.02.25 22:10:35.680,0.81775,0.81802,1.00,1.00
2016.02.25 22:10:38.182,0.81775,0.81803,1.00,1.00
2016.02.25 22:10:38.286,0.81779,0.81803,1.00,1.00
2016.02.25 22:10:40.733,0.81783,0.81803,1.00,1.00
2016.02.25 22:10:41.520,0.81782,0.81803,1.00,1.00
2016.02.25 22:10:42.364,0.8178,0.81803,1.00,1.50
2016.02.25 22:10:42.702,0.8178,0.81803,1.00,1.65
2016.02.25 22:10:43.021,0.81776,0.818,1.00,1.55
2016.02.25 22:10:43.304,0.81776,0.81797,1.00,1.00
2016.02.25 22:10:43.457,0.81774,0.81797,1.00,1.00
2016.02.25 22:10:43.944,0.81774,0.81794,1.00,1.00
2016.02.25 22:10:44.454,0.81776,0.81794,1.00,1.00
2016.02.25 22:10:45.013,0.81775,0.81794,1.00,1.00
2016.02.25 22:10:49.843,0.81766,0.81794,1.00,1.00
2016.02.25 22:10:50.047,0.81767,0.81796,1.00,1.00
2016.02.25 22:10:50.200,0.81775,0.81796,1.00,1.17
2016.02.25 22:10:50.558,0.81773,0.81796,1.00,1.17
2016.02.25 22:10:51.085,0.81774,0.81796,1.00,1.17
2016.02.25 22:10:55.991,0.81774,0.81794,1.00,1.00
2016.02.25 22:10:56.044,0.81774,0.81788,1.00,1.00
2016.02.25 22:10:56.110,0.81772,0.81788,1.00,1.00
2016.02.25 22:10:56.370,0.81772,0.8179,1.00,1.00
2016.02.25 22:10:56.434,0.81764,0.81792,1.00,1.00
2016.02.25 22:10:58.109,0.81763,0.81792,1.00,1.00
2016.02.25 22:10:58.565,0.8176,0.81792,1.00,1.00
2016.02.25 22:11:03.257,0.81759,0.81792,1.00,1.00
2016.02.25 22:11:03.801,0.81758,0.81792,1.50,1.00
2016.02.25 22:11:04.820,0.81761,0.81792,1.00,1.00
2016.02.25 22:11:07.365,0.81762,0.81792,1.00,1.00
2016.02.25 22:11:09.164,0.81762,0.81793,1.00,1.00
2016.02.25 22:11:09.515,0.81764,0.81793,1.00,1.00
2016.02.25 22:11:09.853,0.81759,0.81792,1.00,1.00
2016.02.25 22:11:10.437,0.81759,0.81793,1.00,1.50
2016.02.25 22:11:11.251,0.81759,0.81792,1.00,1.00
2016.02.25 22:11:11.403,0.81764,0.81793,1.00,1.50
2016.02.25 22:11:19.015,0.8176,0.81789,1.00,1.00
2016.02.25 22:11:19.327,0.81761,0.81793,1.00,1.00
2016.02.25 22:11:23.721,0.8176,0.81793,1.00,1.00
2016.02.25 22:11:26.592,0.81757,0.81793,1.50,1.50
2016.02.25 22:11:28.773,0.81764,0.81793,1.00,1.50
2016.02.25 22:11:29.343,0.81757,0.81789,1.50,1.00
2016.02.25 22:11:31.344,0.81763,0.81793,1.00,1.00
2016.02.25 22:11:32.214,0.81761,0.81793,1.00,1.00
2016.02.25 22:11:32.316,0.81761,0.81793,1.00,1.87
2016.02.25 22:11:33.106,0.81761,0.81786,1.00,1.37
2016.02.25 22:11:39.992,0.8176,0.81786,1.00,1.37
2016.02.25 22:11:42.425,0.81762,0.81786,1.00,1.37
2016.02.25 22:11:42.628,0.81762,0.81789,1.00,1.37
2016.02.25 22:11:43.155,0.81762,0.81788,1.00,1.37
2016.02.25 22:11:45.045,0.81762,0.81789,1.00,1.37
2016.02.25 22:11:51.586,0.81766,0.81789,1.00,1.37
2016.02.25 22:11:54.851,0.81766,0.81788,1.00,1.37
2016.02.25 22:11:55.989,0.81767,0.81788,1.00,1.37
2016.02.25 22:11:56.823,0.81763,0.81788,1.00,1.37
2016.02.25 22:11:57.076,0.81766,0.81788,1.00,1.37
2016.02.25 22:12:05.732,0.81762,0.81788,1.00,1.37
2016.02.25 22:12:07.045,0.81762,0.81793,1.00,1.87
2016.02.25 22:12:10.572,0.81765,0.81793,1.00,1.12
2016.02.25 22:12:13.452,0.81762,0.81791,1.00,1.10
2016.02.25 22:12:22.672,0.81763,0.81793,1.00,1.12
2016.02.25 22:12:24.105,0.81762,0.81795,1.00,1.35
2016.02.25 22:12:24.167,0.81762,0.81795,1.00,1.67
2016.02.25 22:12:24.218,0.8176,0.81796,1.50,2.40
2016.02.25 22:12:28.209,0.8176,0.81787,1.00,1.00
2016.02.25 22:12:28.433,0.8176,0.81789,1.00,1.00
2016.02.25 22:12:28.858,0.81761,0.81791,1.00,1.00
2016.02.25 22:12:29.361,0.81761,0.8179,1.00,1.00
2016.02.25 22:12:29.933,0.81761,0.81792,1.00,1.37
2016.02.25 22:12:49.866,0.81762,0.81792,1.00,1.37
2016.02.25 22:12:56.838,0.81762,0.81788,1.00,1.37
2016.02.25 22:12:59.875,0.81761,0.81788,1.00,1.37
2016.02.25 22:13:02.611,0.81761,0.81785,1.00,1.37
2016.02.25 22:13:02.663,0.81756,0.81785,1.50,1.37
2016.02.25 22:13:02.714,0.81756,0.81779,1.12,1.37
2016.02.25 22:13:02.816,0.81748,0.81779,1.37,1.37
2016.02.25 22:13:02.868,0.81748,0.81779,1.00,1.37
2016.02.25 22:13:03.392,0.81745,0.81779,2.25,1.37
2016.02.25 22:13:03.777,0.81745,0.81782,2.62,1.37
2016.02.25 22:13:04.164,0.81745,0.81782,2.25,1.37
2016.02.25 22:13:04.985,0.81745,0.81782,2.25,1.37
2016.02.25 22:13:16.085,0.81745,0.8178,1.37,1.00
2016.02.25 22:13:16.741,0.81745,0.81781,1.37,1.12
2016.02.25 22:13:17.511,0.81743,0.8178,1.75,1.00
2016.02.25 22:13:19.745,0.81743,0.81781,1.75,1.12
2016.02.25 22:13:20.274,0.81743,0.8178,1.75,1.00
2016.02.25 22:13:21.691,0.81743,0.81782,1.75,2.62
2016.02.25 22:13:22.273,0.81743,0.8178,1.75,1.00
2016.02.25 22:13:24.991,0.81743,0.8178,1.75,1.00
2016.02.25 22:13:28.096,0.81743,0.8178,1.37,1.00
2016.02.25 22:13:28.626,0.81743,0.81779,1.12,1.00
2016.02.25 22:13:32.184,0.81743,0.81781,1.12,1.12
2016.02.25 22:13:32.815,0.81743,0.8178,1.12,1.00
2016.02.25 22:13:40.167,0.81744,0.8178,1.00,1.00
2016.02.25 22:13:44.241,0.81744,0.81779,1.00,1.00
2016.02.25 22:13:45.162,0.81744,0.81778,1.00,1.00
2016.02.25 22:13:45.684,0.81744,0.81777,1.00,1.00
2016.02.25 22:13:46.261,0.81744,0.81776,1.00,1.00
2016.02.25 22:13:47.241,0.81744,0.81778,1.00,1.00
2016.02.25 22:13:48.323,0.81741,0.81777,1.87,1.00
2016.02.25 22:13:49.205,0.81741,0.81778,1.87,1.00
2016.02.25 22:13:50.023,0.81741,0.81777,1.87,1.00
2016.02.25 22:13:50.532,0.81741,0.81778,1.87,1.00
2016.02.25 22:13:50.989,0.81741,0.81775,1.00,1.00
2016.02.25 22:13:51.721,0.81741,0.81776,1.00,1.00
2016.02.25 22:13:52.272,0.81741,0.81774,1.00,1.00
2016.02.25 22:13:55.278,0.81741,0.8178,1.00,1.87
2016.02.25 22:14:05.995,0.81743,0.8178,1.00,1.12
2016.02.25 22:14:06.600,0.81743,0.81778,1.00,1.00
2016.02.25 22:14:07.243,0.81743,0.8178,1.00,1.12
2016.02.25 22:14:19.911,0.81744,0.8178,1.00,1.12
2016.02.25 22:14:33.166,0.81741,0.8178,1.50,1.00
2016.02.25 22:14:35.924,0.81741,0.81776,1.50,1.37
2016.02.25 22:14:36.558,0.81741,0.81775,1.00,1.37
2016.02.25 22:14:37.073,0.81741,0.81776,1.00,1.37
2016.02.25 22:14:38.221,0.81741,0.81777,1.00,1.12
2016.02.25 22:14:41.770,0.81741,0.81776,1.00,1.00
2016.02.25 22:14:42.278,0.81741,0.81777,1.00,1.12
2016.02.25 22:14:44.215,0.81741,0.81776,1.00,1.00
2016.02.25 22:14:44.865,0.81742,0.81776,1.00,1.00
2016.02.25 22:14:46.610,0.81742,0.81775,1.00,1.00
2016.02.25 22:14:47.735,0.81742,0.81776,1.00,1.00
2016.02.25 22:14:49.801,0.81742,0.81777,1.00,1.12
2016.02.25 22:14:50.353,0.81742,0.81777,1.00,1.87
2016.02.25 22:14:52.381,0.81742,0.81777,1.00,1.12
2016.02.25 22:14:53.942,0.81742,0.81775,1.00,1.00
2016.02.25 22:14:54.881,0.81741,0.81775,1.00,1.00
2016.02.25 22:14:57.714,0.8174,0.81775,1.00,1.00
2016.02.25 22:14:58.161,0.8174,0.81773,1.00,1.00
2016.02.25 22:14:58.856,0.81738,0.81773,1.87,1.00
2016.02.25 22:14:59.375,0.81738,0.81775,1.12,1.37
2016.02.25 22:14:59.607,0.81741,0.81773,1.00,1.00
2016.02.25 22:14:59.861,0.81737,0.81774,1.37,1.12
2016.02.25 22:15:00.417,0.81737,0.81774,1.00,1.12
2016.02.25 22:15:00.923,0.81737,0.81773,1.00,1.00
2016.02.25 22:15:02.010,0.81737,0.81774,1.00,1.12
2016.02.25 22:15:02.562,0.81737,0.81773,1.00,1.00
2016.02.25 22:15:03.043,0.81736,0.81771,1.00,1.00
2016.02.25 22:15:03.595,0.81736,0.81772,1.00,1.12
2016.02.25 22:15:04.253,0.81738,0.81772,1.00,1.12
2016.02.25 22:15:08.206,0.81738,0.81772,1.00,1.37
2016.02.25 22:15:10.483,0.81738,0.81773,1.00,1.00
2016.02.25 22:15:11.423,0.81737,0.81772,1.37,1.00
2016.02.25 22:15:11.474,0.81734,0.8177,1.00,1.12
2016.02.25 22:15:12.328,0.81734,0.81771,1.00,1.12
2016.02.25 22:15:14.110,0.81733,0.81773,2.62,1.12
2016.02.25 22:15:14.212,0.81737,0.81773,1.37,1.87
2016.02.25 22:15:17.331,0.81733,0.81772,1.87,1.00
2016.02.25 22:15:17.433,0.81733,0.81771,1.87,1.37
2016.02.25 22:15:19.931,0.81733,0.81771,1.00,1.37
2016.02.25 22:15:24.869,0.81734,0.81771,1.00,1.37
2016.02.25 22:15:35.290,0.81733,0.81771,1.00,1.37
2016.02.25 22:15:36.372,0.81733,0.81771,1.87,1.37
2016.02.25 22:15:37.799,0.81734,0.8177,1.37,1.37
2016.02.25 22:15:41.298,0.81733,0.8177,1.00,1.37
2016.02.25 22:15:42.345,0.81734,0.81771,1.00,1.87
2016.02.25 22:15:42.548,0.81734,0.81766,1.00,1.37
2016.02.25 22:15:42.599,0.81731,0.81766,1.00,1.37
2016.02.25 22:15:44.948,0.81731,0.81767,1.00,1.87
2016.02.25 22:16:02.376,0.81731,0.81766,1.00,1.37
2016.02.25 22:16:03.587,0.81728,0.81766,1.87,1.37
2016.02.25 22:16:04.979,0.81728,0.81767,1.12,1.37
2016.02.25 22:16:21.891,0.81734,0.81767,1.00,1.37
2016.02.25 22:16:25.007,0.81734,0.81766,1.00,1.37
2016.02.25 22:16:26.630,0.81728,0.81767,1.12,1.37
2016.02.25 22:16:27.180,0.81728,0.81766,1.00,1.37
2016.02.25 22:16:33.121,0.81726,0.81766,1.12,1.87
2016.02.25 22:16:37.808,0.81726,0.81766,1.00,1.87
2016.02.25 22:16:46.834,0.81725,0.81766,2.62,1.87
2016.02.25 22:16:47.574,0.81725,0.81766,2.62,2.62
2016.02.25 22:16:48.677,0.81725,0.81766,1.87,1.87
2016.02.25 22:16:54.683,0.81725,0.81766,1.50,2.62
2016.02.25 22:16:55.270,0.81725,0.81766,1.50,1.87
2016.02.25 22:16:55.473,0.81723,0.81764,1.50,1.00
2016.02.25 22:16:56.008,0.81723,0.81764,1.00,1.12
2016.02.25 22:17:05.017,0.81723,0.81764,1.12,3.00
2016.02.25 22:17:07.188,0.81723,0.81761,1.12,1.00
2016.02.25 22:17:19.485,0.81723,0.8176,1.00,1.00
2016.02.25 22:17:19.989,0.81723,0.81761,1.00,1.12
2016.02.25 22:17:24.868,0.81722,0.81761,1.00,1.12
2016.02.25 22:17:30.201,0.81722,0.81762,1.00,1.12
2016.02.25 22:17:32.136,0.81722,0.81762,1.00,2.62
2016.02.25 22:17:32.656,0.81722,0.8176,1.00,1.00
2016.02.25 22:17:52.547,0.81722,0.81761,1.00,1.00
2016.02.25 22:17:53.274,0.81722,0.8176,1.00,1.00
2016.02.25 22:18:03.514,0.8172,0.8176,1.12,1.50
2016.02.25 22:18:04.638,0.8172,0.81756,1.12,1.00
2016.02.25 22:18:04.943,0.81722,0.81748,1.00,1.00
2016.02.25 22:18:04.994,0.81722,0.81753,1.00,1.00
2016.02.25 22:18:05.528,0.81723,0.81753,1.00,1.00
2016.02.25 22:18:06.383,0.81722,0.81753,1.00,1.00
2016.02.25 22:18:10.547,0.8172,0.81753,1.00,1.00
2016.02.25 22:18:12.615,0.8172,0.81754,1.00,1.00
2016.02.25 22:18:13.152,0.81719,0.81754,1.50,1.00
2016.02.25 22:18:21.679,0.8172,0.81754,1.00,1.00
2016.02.25 22:18:22.358,0.8172,0.81755,1.00,1.12
2016.02.25 22:18:22.919,0.8172,0.81754,1.00,1.00
2016.02.25 22:18:23.867,0.8172,0.81755,1.12,1.12
2016.02.25 22:18:23.918,0.8172,0.81753,1.12,1.00
2016.02.25 22:18:24.117,0.8172,0.81755,1.12,1.12
2016.02.25 22:18:24.777,0.8172,0.81754,1.00,1.00
2016.02.25 22:18:25.488,0.8172,0.81755,1.00,1.12
2016.02.25 22:18:26.304,0.8172,0.81753,1.00,1.00
2016.02.25 22:18:26.757,0.8172,0.81755,1.00,1.00
2016.02.25 22:18:27.298,0.8172,0.81754,1.00,1.00
2016.02.25 22:18:28.077,0.8172,0.81755,1.00,1.12
2016.02.25 22:18:28.737,0.8172,0.81754,1.00,1.00
2016.02.25 22:18:29.397,0.8172,0.81755,1.00,1.12
2016.02.25 22:18:30.057,0.8172,0.81753,1.00,1.00
2016.02.25 22:18:30.646,0.8172,0.81754,1.00,1.00
2016.02.25 22:18:31.170,0.8172,0.81755,1.00,1.00
2016.02.25 22:18:31.854,0.8172,0.81754,1.00,1.00
2016.02.25 22:18:32.480,0.8172,0.81755,1.00,1.00
2016.02.25 22:18:32.705,0.81717,0.81754,3.00,1.00
2016.02.25 22:18:32.809,0.81717,0.81752,2.25,1.00
2016.02.25 22:18:33.357,0.81717,0.81754,2.25,1.00
2016.02.25 22:18:34.017,0.81717,0.81753,2.25,1.00
2016.02.25 22:18:34.876,0.81717,0.81754,2.25,1.00
2016.02.25 22:18:35.385,0.81717,0.81752,2.25,1.00
2016.02.25 22:18:35.557,0.81717,0.81754,2.25,1.00
2016.02.25 22:18:35.777,0.81717,0.81752,2.25,1.00
2016.02.25 22:18:36.045,0.81717,0.81754,2.25,1.00
2016.02.25 22:18:36.654,0.81717,0.81753,2.25,1.00
2016.02.25 22:18:37.344,0.81717,0.81754,2.25,1.00
2016.02.25 22:18:37.573,0.81717,0.81752,2.25,1.00
2016.02.25 22:18:37.757,0.81717,0.81754,2.25,1.00
2016.02.25 22:18:38.481,0.81717,0.81753,2.25,1.00
2016.02.25 22:18:39.016,0.81717,0.81752,2.25,1.00
2016.02.25 22:18:39.517,0.81717,0.81754,2.25,1.00
2016.02.25 22:18:39.782,0.81717,0.81752,2.25,1.00
2016.02.25 22:18:40.006,0.81717,0.81754,2.25,1.00
2016.02.25 22:18:40.176,0.81717,0.81752,2.25,1.00
2016.02.25 22:18:40.397,0.81717,0.81754,2.25,1.00
2016.02.25 22:18:40.667,0.81717,0.81752,2.25,1.00
2016.02.25 22:18:41.287,0.81717,0.81754,2.25,1.00
2016.02.25 22:18:41.987,0.81717,0.81753,2.25,1.00
2016.02.25 22:18:42.597,0.81717,0.81754,2.25,1.00
2016.02.25 22:18:43.098,0.81718,0.81754,1.12,1.00
2016.02.25 22:18:43.696,0.81718,0.81753,1.87,1.00
2016.02.25 22:18:44.797,0.81718,0.81754,1.87,1.00
2016.02.25 22:18:45.060,0.81718,0.81752,1.87,1.00
2016.02.25 22:18:45.677,0.81718,0.81754,1.87,1.00
2016.02.25 22:18:46.356,0.81718,0.81752,1.87,1.00
2016.02.25 22:18:46.935,0.81718,0.81753,1.87,1.00
2016.02.25 22:18:47.877,0.81718,0.81754,1.87,1.00
2016.02.25 22:18:48.224,0.81718,0.81752,1.87,1.00
2016.02.25 22:18:48.774,0.81718,0.81753,1.87,1.00
2016.02.25 22:18:49.275,0.81718,0.81754,1.87,1.00
2016.02.25 22:18:49.968,0.81718,0.81752,1.87,1.00
2016.02.25 22:18:50.077,0.81718,0.81754,1.87,1.00
2016.02.25 22:18:50.296,0.81718,0.81752,1.87,1.00
2016.02.25 22:18:50.516,0.81718,0.81754,1.87,1.00
2016.02.25 22:18:51.176,0.81718,0.81753,1.87,1.00
2016.02.25 22:18:51.876,0.81718,0.81754,1.87,1.12
2016.02.25 22:18:52.089,0.81718,0.81752,1.87,1.00
2016.02.25 22:18:52.277,0.81718,0.81754,1.87,1.12
2016.02.25 22:18:52.937,0.81718,0.81752,1.87,1.00
2016.02.25 22:18:53.276,0.81718,0.81754,1.00,1.12
2016.02.25 22:18:53.808,0.81717,0.81753,3.00,1.00
2016.02.25 22:18:54.566,0.81718,0.81754,1.87,1.87
2016.02.25 22:18:56.017,0.81718,0.81751,1.12,1.00
2016.02.25 22:18:56.358,0.81718,0.81753,1.12,1.12
2016.02.25 22:18:57.145,0.81718,0.81752,1.50,1.00
2016.02.25 22:18:57.666,0.81718,0.81753,1.50,1.00
2016.02.25 22:18:57.776,0.81718,0.81751,1.50,1.00
2016.02.25 22:18:58.299,0.81718,0.81752,1.50,1.00
2016.02.25 22:18:59.421,0.81717,0.81753,2.62,1.00
2016.02.25 22:18:59.976,0.81717,0.81752,3.00,1.00
2016.02.25 22:19:03.326,0.81717,0.81753,3.00,1.12
2016.02.25 22:19:03.945,0.81717,0.81752,3.00,1.00
2016.02.25 22:19:04.485,0.81717,0.81753,3.00,1.12
2016.02.25 22:19:05.034,0.81718,0.81753,1.00,1.00
2016.02.25 22:19:06.518,0.81719,0.81753,1.00,1.00
2016.02.25 22:19:07.126,0.81719,0.81752,1.00,1.00
2016.02.25 22:19:07.774,0.8172,0.81755,1.00,1.37
2016.02.25 22:19:07.825,0.81723,0.81755,1.00,1.87
2016.02.25 22:19:08.338,0.81723,0.81754,1.00,1.37
2016.02.25 22:19:09.931,0.81721,0.81754,1.00,1.37
2016.02.25 22:19:12.657,0.81721,0.81755,1.00,1.87
2016.02.25 22:19:13.176,0.81721,0.81755,1.00,1.12
2016.02.25 22:19:13.785,0.81721,0.81756,1.00,1.12
2016.02.25 22:19:14.436,0.81719,0.81756,1.00,1.12
2016.02.25 22:19:15.734,0.81719,0.81754,1.00,1.00
2016.02.25 22:19:16.256,0.81719,0.81755,1.00,1.00
2016.02.25 22:19:16.787,0.81719,0.81754,1.00,1.00
2016.02.25 22:19:18.130,0.81719,0.81755,1.00,1.00
2016.02.25 22:19:19.351,0.81719,0.81754,1.00,1.00
2016.02.25 22:19:21.038,0.81719,0.81755,1.12,1.00
2016.02.25 22:19:21.562,0.81719,0.81756,1.12,1.12
2016.02.25 22:19:22.187,0.81719,0.81755,1.12,1.00
2016.02.25 22:19:27.146,0.81719,0.81754,1.00,1.00
2016.02.25 22:19:27.540,0.81721,0.81755,1.00,1.00
2016.02.25 22:19:28.076,0.81721,0.81756,1.00,1.12
2016.02.25 22:19:28.584,0.8172,0.81756,1.00,1.12
2016.02.25 22:19:34.846,0.81721,0.81756,1.00,1.12
2016.02.25 22:19:44.807,0.81722,0.81756,1.00,1.12
2016.02.25 22:19:47.634,0.8172,0.81756,1.87,1.12
2016.02.25 22:19:47.856,0.8172,0.81754,1.87,1.00
2016.02.25 22:19:53.728,0.81719,0.81754,1.50,1.00
2016.02.25 22:19:54.865,0.81719,0.81756,1.00,1.12
2016.02.25 22:19:55.389,0.81719,0.81756,1.00,1.87
2016.02.25 22:19:57.396,0.81719,0.81754,1.00,1.00
2016.02.25 22:19:57.925,0.81718,0.81753,1.87,1.00
2016.02.25 22:20:00.955,0.81719,0.81753,1.00,1.00
2016.02.25 22:20:11.081,0.81718,0.81753,1.12,1.00
2016.02.25 22:20:11.689,0.81717,0.81752,1.12,1.00
2016.02.25 22:20:12.698,0.81717,0.81751,1.12,1.00
2016.02.25 22:20:16.426,0.81727,0.81751,1.00,1.00
2016.02.25 22:20:16.681,0.81729,0.8176,1.00,1.00
2016.02.25 22:20:16.783,0.81723,0.81756,2.25,1.00
2016.02.25 22:20:16.890,0.81723,0.81754,2.25,1.00
2016.02.25 22:20:18.189,0.81722,0.81753,1.37,1.00
2016.02.25 22:20:20.717,0.81722,0.81754,1.37,1.00
2016.02.25 22:20:27.077,0.81721,0.81754,1.37,1.00
2016.02.25 22:20:27.696,0.81721,0.81753,1.37,1.00
2016.02.25 22:20:44.617,0.8172,0.81753,1.00,1.00
2016.02.25 22:20:49.895,0.81719,0.81753,1.12,1.00
2016.02.25 22:20:54.046,0.81719,0.81752,1.00,1.00
2016.02.25 22:20:55.256,0.81719,0.81751,1.00,1.00
2016.02.25 22:21:04.165,0.81717,0.81751,1.50,1.00
2016.02.25 22:21:05.088,0.81715,0.81748,1.87,1.00
2016.02.25 22:21:05.140,0.81714,0.81748,1.37,1.00
2016.02.25 22:21:05.293,0.81713,0.81746,1.37,1.00
2016.02.25 22:21:05.826,0.81712,0.81745,1.87,1.00
2016.02.25 22:21:06.080,0.81712,0.81747,1.87,1.00
2016.02.25 22:21:06.858,0.81712,0.81746,1.37,1.00
2016.02.25 22:21:09.999,0.81712,0.81747,1.37,1.00
2016.02.25 22:21:13.851,0.81709,0.81747,2.62,1.00
2016.02.25 22:21:15.925,0.81709,0.81746,2.62,1.00
2016.02.25 22:21:16.026,0.81709,0.81728,1.00,1.12
2016.02.25 22:21:16.078,0.817,0.81722,1.00,1.12
2016.02.25 22:21:16.141,0.817,0.81719,1.00,1.12
2016.02.25 22:21:16.243,0.81689,0.81711,1.00,1.37
2016.02.25 22:21:16.446,0.81686,0.81711,1.50,1.37
2016.02.25 22:21:17.728,0.81691,0.81718,1.00,1.87
2016.02.25 22:21:18.238,0.81691,0.81716,1.00,1.37
2016.02.25 22:21:18.493,0.81714,0.81755,1.00,1.75
2016.02.25 22:21:18.544,0.81723,0.81755,1.00,1.75
2016.02.25 22:21:18.697,0.81728,0.81762,1.37,1.12
2016.02.25 22:21:19.210,0.81728,0.81762,1.87,1.50
2016.02.25 22:21:20.988,0.81728,0.81761,1.87,1.00
2016.02.25 22:21:21.546,0.81728,0.81762,1.00,3.00
2016.02.25 22:21:22.119,0.81728,0.81762,1.00,3.00
2016.02.25 22:21:23.303,0.81728,0.81762,1.37,3.37
2016.02.25 22:21:24.398,0.81728,0.81761,1.87,1.50
2016.02.25 22:21:26.117,0.81729,0.8176,1.37,1.12
2016.02.25 22:21:31.574,0.81729,0.81744,1.37,1.50
2016.02.25 22:21:31.831,0.81696,0.81722,1.00,1.75
2016.02.25 22:21:31.883,0.81696,0.81722,1.00,1.37
2016.02.25 22:21:31.935,0.81693,0.81722,1.00,1.50
2016.02.25 22:21:35.290,0.8169,0.81723,1.00,1.50
2016.02.25 22:21:35.392,0.81694,0.81724,1.12,1.00
2016.02.25 22:21:35.545,0.81694,0.81726,1.12,1.00
2016.02.25 22:21:36.216,0.81694,0.81724,1.12,1.00
2016.02.25 22:21:37.255,0.81694,0.81726,1.87,1.00
2016.02.25 22:21:37.845,0.81694,0.81725,1.87,1.00
2016.02.25 22:21:38.635,0.81694,0.81726,1.87,1.00
2016.02.25 22:21:38.834,0.81701,0.81726,1.00,1.00
2016.02.25 22:21:39.139,0.81712,0.8173,1.00,1.00
2016.02.25 22:21:39.417,0.81714,0.81748,1.00,1.12
2016.02.25 22:21:39.920,0.81714,0.81749,1.00,1.87
2016.02.25 22:21:40.540,0.81714,0.81748,1.00,1.00
2016.02.25 22:21:41.281,0.81714,0.81749,1.00,1.12
2016.02.25 22:21:45.004,0.81714,0.81749,1.00,1.37
2016.02.25 22:21:49.286,0.8172,0.81749,2.62,1.12
2016.02.25 22:21:49.439,0.81729,0.81758,1.00,1.00
2016.02.25 22:21:49.949,0.81729,0.8176,1.50,1.37
2016.02.25 22:21:51.208,0.81729,0.8176,1.87,1.37
2016.02.25 22:21:52.413,0.81729,0.81761,1.00,1.87
2016.02.25 22:21:53.130,0.81728,0.81761,1.00,2.62
2016.02.25 22:21:54.044,0.81728,0.81761,1.00,2.25
2016.02.25 22:21:57.161,0.81728,0.81755,1.00,1.00
2016.02.25 22:22:00.499,0.81728,0.81757,1.00,1.37
2016.02.25 22:22:02.219,0.81722,0.81757,1.12,1.37
2016.02.25 22:22:02.270,0.81721,0.81757,1.37,1.37
2016.02.25 22:22:02.321,0.81718,0.81746,1.20,1.37
2016.02.25 22:22:02.476,0.81714,0.81744,1.50,1.50
2016.02.25 22:22:02.861,0.81714,0.8174,1.50,1.00
2016.02.25 22:22:05.538,0.81713,0.81744,1.87,1.75
2016.02.25 22:22:05.640,0.81713,0.81744,1.37,1.50
2016.02.25 22:22:06.189,0.81713,0.81743,1.37,1.00
2016.02.25 22:22:13.065,0.81713,0.81749,1.37,1.37
2016.02.25 22:22:17.646,0.81714,0.81749,1.37,1.37
2016.02.25 22:22:18.173,0.81713,0.81747,1.37,1.00
2016.02.25 22:22:18.844,0.81714,0.81747,1.37,1.00
2016.02.25 22:22:22.598,0.81715,0.81747,1.37,1.00
2016.02.25 22:22:22.751,0.81719,0.81753,1.50,1.12
2016.02.25 22:22:23.075,0.81719,0.81755,1.75,1.12
2016.02.25 22:22:23.584,0.81722,0.81756,1.00,1.87
2016.02.25 22:22:25.029,0.81722,0.81756,1.00,1.87
2016.02.25 22:22:30.068,0.81722,0.81756,1.87,1.87
2016.02.25 22:22:30.120,0.81724,0.81756,1.37,1.75
2016.02.25 22:22:30.478,0.81728,0.81762,1.37,1.87
2016.02.25 22:22:32.959,0.81728,0.81762,1.37,1.00
2016.02.25 22:22:37.205,0.8173,0.81762,1.37,1.00
2016.02.25 22:22:39.190,0.81726,0.81761,1.00,1.00
2016.02.25 22:22:39.796,0.81726,0.81762,2.25,1.12
2016.02.25 22:22:41.881,0.81726,0.81761,2.25,1.00
2016.02.25 22:22:45.025,0.81727,0.81761,1.37,1.00
2016.02.25 22:22:45.415,0.81726,0.81763,2.25,1.00
2016.02.25 22:22:59.004,0.81726,0.81764,2.25,2.62
2016.02.25 22:23:04.239,0.81726,0.81763,1.37,1.12
2016.02.25 22:23:04.468,0.81724,0.81758,1.50,1.37
2016.02.25 22:23:04.997,0.81722,0.81759,2.25,1.37
2016.02.25 22:23:05.831,0.81722,0.81759,2.25,1.37
2016.02.25 22:23:07.230,0.81723,0.81759,1.00,1.37
2016.02.25 22:23:12.125,0.81722,0.81757,2.25,1.00
2016.02.25 22:23:12.616,0.8172,0.81755,1.37,1.37
2016.02.25 22:23:12.718,0.81719,0.81756,1.00,1.87
2016.02.25 22:23:13.103,0.81716,0.81751,1.00,1.50
2016.02.25 22:23:13.408,0.81714,0.81748,1.00,1.37
2016.02.25 22:23:13.764,0.81711,0.81746,1.12,1.00
2016.02.25 22:23:14.048,0.8171,0.81744,1.00,1.00
2016.02.25 22:23:14.356,0.81708,0.81741,1.37,1.00
2016.02.25 22:23:14.652,0.81708,0.81746,1.37,1.12
2016.02.25 22:23:16.635,0.81707,0.81747,1.87,1.12
2016.02.25 22:23:18.338,0.81708,0.81746,1.37,1.87
2016.02.25 22:23:21.108,0.81707,0.81746,1.87,1.75
2016.02.25 22:23:21.159,0.81707,0.81746,1.87,1.75
2016.02.25 22:23:22.524,0.81707,0.81742,1.87,1.00
2016.02.25 22:23:25.124,0.81707,0.81742,1.00,1.00
2016.02.25 22:23:25.428,0.81704,0.8174,1.37,1.87
2016.02.25 22:23:29.631,0.81705,0.81738,1.37,1.12
2016.02.25 22:23:29.936,0.81702,0.81717,1.00,1.00
2016.02.25 22:23:29.987,0.81684,0.81717,1.87,1.50
2016.02.25 22:23:30.038,0.81684,0.81715,1.00,1.37
2016.02.25 22:23:30.089,0.81682,0.81712,1.00,1.00
2016.02.25 22:23:30.140,0.81682,0.81715,1.00,1.75
2016.02.25 22:23:31.654,0.8168,0.81713,1.37,1.87
2016.02.25 22:23:34.147,0.81683,0.81714,1.37,1.75
2016.02.25 22:23:34.198,0.81683,0.81713,1.37,1.00
2016.02.25 22:23:34.714,0.81684,0.81713,1.37,1.00
2016.02.25 22:23:35.446,0.81683,0.81713,1.37,1.00
2016.02.25 22:23:35.926,0.81683,0.81711,1.37,1.00
2016.02.25 22:23:37.079,0.81683,0.81713,1.37,1.00
2016.02.25 22:23:37.641,0.81683,0.81715,1.37,1.75
2016.02.25 22:23:41.629,0.81684,0.81718,1.37,1.75
2016.02.25 22:23:42.211,0.81684,0.81718,1.37,1.75
2016.02.25 22:23:43.364,0.81683,0.81718,1.37,1.75
2016.02.25 22:23:44.953,0.81683,0.81718,1.37,1.75
2016.02.25 22:23:46.170,0.81683,0.81717,1.37,2.25
2016.02.25 22:23:51.568,0.81684,0.81719,1.37,1.75
2016.02.25 22:23:52.116,0.81683,0.81718,1.37,1.75
2016.02.25 22:23:57.714,0.81683,0.81719,1.37,3.00
2016.02.25 22:23:58.567,0.81684,0.81718,1.37,1.75
2016.02.25 22:23:59.181,0.81683,0.81719,1.37,1.75
2016.02.25 22:24:00.065,0.81684,0.81718,1.37,1.75
2016.02.25 22:24:00.574,0.81683,0.81715,1.37,1.00
2016.02.25 22:24:04.180,0.81684,0.81718,1.37,1.75
2016.02.25 22:24:05.009,0.81684,0.81718,1.37,1.75
2016.02.25 22:24:05.544,0.81683,0.81719,1.37,1.75
2016.02.25 22:24:06.676,0.81681,0.81718,1.87,1.75
2016.02.25 22:24:07.317,0.81681,0.81719,1.12,1.75
2016.02.25 22:24:08.828,0.81681,0.81719,1.12,2.25
2016.02.25 22:24:09.601,0.81684,0.81715,1.37,1.75
2016.02.25 22:24:10.216,0.81683,0.81716,1.37,1.75
2016.02.25 22:24:11.111,0.81683,0.81719,1.37,1.75
2016.02.25 22:24:11.459,0.81686,0.81719,1.37,1.75
2016.02.25 22:24:12.341,0.81686,0.81719,1.37,1.75
2016.02.25 22:24:12.800,0.81689,0.81723,1.37,2.25
2016.02.25 22:24:13.165,0.81689,0.81723,1.37,1.75
2016.02.25 22:24:14.886,0.81693,0.81726,1.37,1.75
2016.02.25 22:24:15.435,0.81693,0.81726,1.37,1.75
2016.02.25 22:24:16.203,0.81692,0.81726,1.37,1.75
2016.02.25 22:24:16.736,0.81693,0.8172,1.37,1.00
2016.02.25 22:24:19.160,0.81692,0.81726,1.37,1.75
2016.02.25 22:24:20.050,0.81692,0.8173,1.37,2.25
2016.02.25 22:24:21.573,0.81691,0.81729,1.00,3.00
2016.02.25 22:24:21.921,0.81694,0.8173,1.37,1.75
2016.02.25 22:24:22.023,0.81693,0.81731,1.37,1.75
2016.02.25 22:24:22.125,0.81694,0.81725,1.37,1.37
2016.02.25 22:24:22.426,0.81694,0.81725,1.37,1.75
2016.02.25 22:24:23.231,0.81696,0.81726,1.37,1.75
2016.02.25 22:24:24.987,0.81697,0.81726,1.37,1.75
2016.02.25 22:24:25.501,0.81697,0.81726,1.37,1.75
2016.02.25 22:24:28.092,0.81696,0.81727,1.37,1.75
2016.02.25 22:24:36.146,0.81696,0.81726,1.37,1.75
2016.02.25 22:24:36.197,0.81696,0.81726,1.37,1.75
2016.02.25 22:24:36.864,0.81697,0.81728,1.37,1.75
2016.02.25 22:24:39.006,0.81696,0.81729,1.37,1.75
2016.02.25 22:24:41.520,0.81697,0.81725,1.37,1.00
2016.02.25 22:24:42.331,0.81696,0.81725,1.37,1.00
2016.02.25 22:24:44.013,0.81697,0.81731,1.37,1.75
2016.02.25 22:24:45.126,0.81696,0.81732,1.37,3.00
2016.02.25 22:24:46.123,0.81697,0.81731,1.37,1.75
2016.02.25 22:24:46.633,0.81696,0.81732,1.37,2.25
2016.02.25 22:24:48.250,0.81697,0.81731,1.37,1.75
2016.02.25 22:24:48.920,0.81696,0.81732,1.37,2.25
2016.02.25 22:24:49.533,0.81697,0.81731,1.37,1.75
2016.02.25 22:24:50.210,0.81696,0.81732,1.37,2.25
2016.02.25 22:24:51.698,0.81696,0.81728,1.37,1.00
2016.02.25 22:24:54.923,0.81696,0.81727,1.37,1.00
2016.02.25 22:24:54.974,0.81696,0.81727,1.37,1.37
2016.02.25 22:24:55.076,0.8169,0.81727,1.37,1.75
2016.02.25 22:24:57.673,0.8169,0.81727,1.37,1.75
2016.02.25 22:24:59.025,0.8169,0.81725,1.37,1.00
2016.02.25 22:25:00.129,0.81691,0.81723,1.37,1.00
2016.02.25 22:25:00.310,0.8169,0.81731,1.37,2.25
2016.02.25 22:25:00.361,0.81693,0.8173,1.37,1.75
2016.02.25 22:25:01.277,0.81696,0.8173,1.37,1.75
2016.02.25 22:25:02.144,0.81695,0.81731,1.37,1.75
2016.02.25 22:25:02.246,0.81695,0.81728,1.37,1.00
2016.02.25 22:25:02.298,0.81695,0.81731,1.37,2.25
2016.02.25 22:25:02.711,0.81696,0.81731,1.12,1.00
2016.02.25 22:25:03.016,0.81713,0.81742,1.12,1.00
2016.02.25 22:25:03.519,0.81713,0.81747,1.12,1.12
2016.02.25 22:25:04.096,0.81714,0.81747,1.00,1.12
2016.02.25 22:25:04.147,0.81714,0.8174,1.12,1.00
2016.02.25 22:25:04.672,0.81712,0.81747,1.37,1.50
2016.02.25 22:25:04.774,0.81711,0.81743,1.00,1.37
2016.02.25 22:25:04.825,0.81706,0.81741,1.37,1.75
2016.02.25 22:25:04.876,0.81702,0.81737,1.87,1.37
2016.02.25 22:25:05.029,0.81702,0.81736,1.87,1.12
2016.02.25 22:25:05.539,0.81701,0.81735,1.37,1.37
2016.02.25 22:25:05.920,0.81701,0.81735,1.37,1.12
2016.02.25 22:25:06.239,0.81701,0.81733,1.37,1.12
2016.02.25 22:25:08.622,0.81712,0.81734,1.00,1.87
2016.02.25 22:25:08.673,0.81713,0.81739,1.37,1.00
2016.02.25 22:25:08.725,0.81716,0.81744,1.00,1.00
2016.02.25 22:25:08.777,0.81716,0.81749,1.00,1.37
2016.02.25 22:25:08.829,0.81727,0.81749,1.00,1.37
2016.02.25 22:25:08.932,0.81707,0.81741,1.00,1.37
2016.02.25 22:25:08.983,0.81704,0.81741,1.00,1.37
2016.02.25 22:25:09.034,0.81703,0.8174,1.37,1.12
2016.02.25 22:25:09.187,0.817,0.81737,1.37,1.37
2016.02.25 22:25:09.842,0.817,0.81737,1.37,1.12
2016.02.25 22:25:10.438,0.81701,0.81736,1.37,1.12
2016.02.25 22:25:11.112,0.817,0.81737,1.37,1.12
2016.02.25 22:25:11.536,0.817,0.81737,1.37,1.12
2016.02.25 22:25:11.908,0.81701,0.81733,1.37,1.37
2016.02.25 22:25:13.294,0.817,0.81734,1.37,1.12
2016.02.25 22:25:15.274,0.81701,0.81732,1.37,1.75
2016.02.25 22:25:15.376,0.81697,0.81731,1.37,1.12
2016.02.25 22:25:15.427,0.81698,0.81732,1.12,1.37
2016.02.25 22:25:15.732,0.81725,0.81751,1.00,1.00
2016.02.25 22:25:16.184,0.81725,0.81753,1.00,1.00
2016.02.25 22:25:16.686,0.81725,0.81752,1.00,1.12
2016.02.25 22:25:17.023,0.81725,0.81753,1.00,1.12
2016.02.25 22:25:17.226,0.8171,0.81733,1.37,1.00
2016.02.25 22:25:17.277,0.81702,0.81733,1.12,1.00
2016.02.25 22:25:17.328,0.81701,0.81735,1.37,3.37
2016.02.25 22:25:18.218,0.81702,0.81731,1.37,1.75
2016.02.25 22:25:19.164,0.81698,0.81733,1.37,1.12
2016.02.25 22:25:22.784,0.81698,0.81727,1.37,1.00
2016.02.25 22:25:31.563,0.81698,0.81731,1.37,2.25
2016.02.25 22:25:31.992,0.81697,0.81728,1.37,1.75
2016.02.25 22:25:35.538,0.81696,0.81727,1.37,1.75
2016.02.25 22:25:35.884,0.81696,0.81727,1.37,1.75
2016.02.25 22:25:37.065,0.81696,0.81729,1.37,2.25
2016.02.25 22:25:37.717,0.81697,0.81728,1.37,1.75
2016.02.25 22:25:38.282,0.81697,0.81728,1.37,1.75
2016.02.25 22:25:39.594,0.81697,0.81729,1.37,1.75
2016.02.25 22:25:40.132,0.81698,0.81729,1.37,1.75
2016.02.25 22:25:40.635,0.81699,0.81731,1.37,1.87
2016.02.25 22:25:41.039,0.81698,0.81727,1.37,1.00
2016.02.25 22:25:41.541,0.81698,0.81731,1.37,1.75
2016.02.25 22:25:43.399,0.81698,0.81727,1.37,1.00
2016.02.25 22:25:43.613,0.81698,0.81731,1.37,2.25
2016.02.25 22:25:45.027,0.81699,0.8173,1.37,1.75
2016.02.25 22:25:45.541,0.81698,0.81727,1.37,1.12
2016.02.25 22:25:49.345,0.81698,0.81724,1.37,1.00
2016.02.25 22:25:50.567,0.81697,0.81724,1.37,1.00
2016.02.25 22:25:52.782,0.81697,0.81721,1.37,1.00
2016.02.25 22:25:54.340,0.81696,0.81721,1.37,1.00
2016.02.25 22:25:54.442,0.81694,0.8172,1.37,1.00
2016.02.25 22:25:54.901,0.81699,0.81719,1.75,1.00
2016.02.25 22:25:54.952,0.81714,0.81736,1.00,1.00
2016.02.25 22:25:55.055,0.81714,0.81747,2.25,1.87
2016.02.25 22:25:55.275,0.8172,0.81749,1.00,2.25
2016.02.25 22:25:55.439,0.8172,0.81751,1.00,2.70
2016.02.25 22:25:55.951,0.81718,0.81751,1.12,1.57
2016.02.25 22:25:56.141,0.81718,0.81747,1.00,1.00
2016.02.25 22:25:56.446,0.81706,0.81733,1.54,1.75
2016.02.25 22:25:56.497,0.81703,0.81733,1.37,1.75
2016.02.25 22:25:57.463,0.81702,0.81728,1.37,1.00
2016.02.25 22:25:57.514,0.81702,0.81731,1.37,2.25
2016.02.25 22:25:58.080,0.81703,0.8173,1.37,1.75
2016.02.25 22:25:58.334,0.81702,0.81731,1.37,1.75
2016.02.25 22:25:58.532,0.81702,0.81729,1.37,1.75
2016.02.25 22:25:58.583,0.817,0.81729,1.37,1.75
2016.02.25 22:25:58.736,0.817,0.81727,1.37,1.75
2016.02.25 22:25:58.940,0.81698,0.81727,1.37,1.75
2016.02.25 22:25:59.244,0.81694,0.81726,1.37,2.25
2016.02.25 22:25:59.397,0.81694,0.81725,1.37,2.83
2016.02.25 22:26:00.346,0.81697,0.81724,1.37,1.75
2016.02.25 22:26:00.871,0.81702,0.8172,1.00,1.00
2016.02.25 22:26:00.922,0.81702,0.81727,1.10,1.00
2016.02.25 22:26:00.973,0.81703,0.81733,1.75,1.27
2016.02.25 22:26:01.076,0.81709,0.81742,1.57,1.95
2016.02.25 22:26:01.177,0.81709,0.81742,1.20,1.57
2016.02.25 22:26:01.280,0.81712,0.81742,1.00,1.37
2016.02.25 22:26:01.897,0.81711,0.81738,1.00,1.00
2016.02.25 22:26:02.008,0.81712,0.8174,1.50,1.10
2016.02.25 22:26:02.966,0.81713,0.81742,1.00,1.12
2016.02.25 22:26:03.018,0.81713,0.81746,1.00,1.37
2016.02.25 22:26:03.070,0.81713,0.81747,1.87,1.12
2016.02.25 22:26:03.554,0.81715,0.81747,1.37,1.12
2016.02.25 22:26:05.048,0.81715,0.81747,1.37,1.37
2016.02.25 22:26:05.174,0.81713,0.81747,1.00,1.50
2016.02.25 22:26:05.227,0.81713,0.81747,1.50,1.87
2016.02.25 22:26:05.329,0.81705,0.8174,1.37,1.00
2016.02.25 22:26:05.381,0.81705,0.81736,1.37,1.37
2016.02.25 22:26:05.843,0.81703,0.81733,1.37,1.50
2016.02.25 22:26:07.150,0.81704,0.81733,1.37,1.50
2016.02.25 22:26:07.482,0.81704,0.81727,1.37,1.00
2016.02.25 22:26:08.128,0.81703,0.81726,1.37,1.00
2016.02.25 22:26:08.457,0.81703,0.81724,1.37,1.00
2016.02.25 22:26:09.004,0.81703,0.81723,1.37,1.00
2016.02.25 22:26:09.354,0.81703,0.81721,1.37,1.00
2016.02.25 22:26:10.420,0.81703,0.81724,1.37,1.75
2016.02.25 22:26:10.885,0.81703,0.81724,1.37,1.00
2016.02.25 22:26:11.409,0.81703,0.81725,1.37,1.00
2016.02.25 22:26:11.723,0.81703,0.81723,1.37,1.00
2016.02.25 22:26:11.831,0.81703,0.81725,1.37,1.00
2016.02.25 22:26:12.238,0.81703,0.81727,1.37,1.50
2016.02.25 22:26:12.702,0.81706,0.81727,1.37,1.00
2016.02.25 22:26:13.262,0.81707,0.81728,1.37,1.00
2016.02.25 22:26:13.862,0.81704,0.81728,1.37,2.25
2016.02.25 22:26:13.913,0.81704,0.81728,1.37,2.62
2016.02.25 22:26:13.964,0.817,0.81728,1.37,3.00
2016.02.25 22:26:17.717,0.81701,0.81726,1.00,1.75
2016.02.25 22:26:17.769,0.81705,0.81727,1.37,1.75
2016.02.25 22:26:17.820,0.81705,0.81727,1.37,1.37
2016.02.25 22:26:17.872,0.81705,0.81727,1.37,1.00
2016.02.25 22:26:18.967,0.81704,0.81727,1.47,1.00
2016.02.25 22:26:19.491,0.81703,0.81727,1.57,1.00
2016.02.25 22:26:22.310,0.81703,0.81728,1.57,1.12
2016.02.25 22:26:23.582,0.81704,0.81728,1.47,1.87
2016.02.25 22:26:24.185,0.81703,0.81728,1.47,1.87
2016.02.25 22:26:29.996,0.81704,0.81728,1.37,1.87
2016.02.25 22:26:32.439,0.81703,0.81728,1.57,1.87
2016.02.25 22:26:34.838,0.81703,0.81727,1.57,1.00
2016.02.25 22:26:35.350,0.81703,0.81728,1.57,1.50
2016.02.25 22:26:35.771,0.81703,0.81725,1.57,1.00
2016.02.25 22:26:35.923,0.81698,0.81725,1.37,1.75
2016.02.25 22:26:37.199,0.81698,0.81719,1.37,1.00
2016.02.25 22:26:37.743,0.81698,0.81719,1.37,1.37
2016.02.25 22:26:38.445,0.81695,0.81719,1.37,1.12
2016.02.25 22:26:38.851,0.81695,0.81721,1.37,1.50
2016.02.25 22:26:39.004,0.81698,0.81721,1.37,1.00
2016.02.25 22:26:39.185,0.81698,0.81726,1.37,1.37
2016.02.25 22:26:42.351,0.81696,0.81726,1.37,1.37
2016.02.25 22:26:42.453,0.81697,0.81726,1.37,1.50
2016.02.25 22:26:42.958,0.81696,0.81726,1.37,1.12
2016.02.25 22:26:43.510,0.81696,0.81724,1.37,1.00
2016.02.25 22:26:43.613,0.81693,0.81724,1.37,1.00
2016.02.25 22:26:43.837,0.81693,0.81726,1.37,1.12
2016.02.25 22:26:44.609,0.81694,0.81726,1.37,1.50
2016.02.25 22:26:44.953,0.81694,0.81726,1.37,1.50
2016.02.25 22:26:47.151,0.81693,0.81727,1.37,1.12
2016.02.25 22:26:50.258,0.81694,0.81728,1.37,1.87
2016.02.25 22:26:51.149,0.81697,0.81728,1.37,1.87
2016.02.25 22:26:52.458,0.81696,0.81728,1.37,1.75
2016.02.25 22:26:57.051,0.81699,0.81728,1.37,1.75
2016.02.25 22:26:57.102,0.81699,0.81728,1.37,1.75
2016.02.25 22:26:57.605,0.817,0.81728,1.37,1.50
2016.02.25 22:27:00.367,0.81702,0.81729,1.37,1.75
2016.02.25 22:27:00.468,0.817,0.81729,1.37,1.12
2016.02.25 22:27:00.621,0.817,0.8173,1.37,1.75
2016.02.25 22:27:01.202,0.817,0.81729,1.37,1.37
2016.02.25 22:27:01.527,0.81707,0.81729,1.37,1.00
2016.02.25 22:27:02.861,0.81706,0.81729,1.37,1.00
2016.02.25 22:27:03.936,0.81707,0.81729,1.37,1.00
2016.02.25 22:27:04.241,0.81706,0.81726,1.37,1.00
2016.02.25 22:27:06.163,0.81709,0.81726,1.37,1.00
2016.02.25 22:27:06.771,0.81712,0.81732,1.37,1.37
2016.02.25 22:27:06.822,0.81712,0.81732,1.37,1.00
2016.02.25 22:27:06.874,0.81718,0.81732,1.75,1.00
2016.02.25 22:27:07.027,0.81719,0.8174,1.87,1.00
2016.02.25 22:27:07.281,0.81719,0.81741,1.57,1.12
2016.02.25 22:27:07.434,0.81719,0.81738,1.07,1.00
2016.02.25 22:27:07.587,0.81713,0.81738,1.37,2.25
2016.02.25 22:27:08.160,0.81714,0.81732,1.37,1.00
2016.02.25 22:27:11.080,0.81714,0.8173,1.37,1.00
2016.02.25 22:27:11.747,0.81713,0.8173,1.37,1.00
2016.02.25 22:27:15.687,0.81713,0.81729,1.37,1.00
2016.02.25 22:27:18.019,0.81713,0.81731,1.37,1.37
2016.02.25 22:27:23.007,0.81713,0.81728,1.37,1.00
2016.02.25 22:27:28.040,0.81713,0.81729,1.37,1.00
2016.02.25 22:27:34.251,0.81713,0.81728,1.37,1.12
2016.02.25 22:27:34.774,0.81714,0.81728,1.37,1.12
2016.02.25 22:27:35.688,0.81713,0.81728,1.37,1.12
2016.02.25 22:27:37.128,0.81714,0.81728,1.37,1.12
2016.02.25 22:27:37.734,0.81714,0.81731,1.37,1.87
2016.02.25 22:27:37.785,0.81716,0.81731,1.37,1.87
2016.02.25 22:27:38.041,0.81716,0.81734,1.37,1.00
2016.02.25 22:27:41.959,0.81716,0.81735,1.37,1.50
2016.02.25 22:27:45.504,0.81716,0.81734,1.37,1.00
2016.02.25 22:27:46.098,0.81716,0.81733,1.37,1.12
2016.02.25 22:27:46.821,0.81716,0.81736,1.37,1.12
2016.02.25 22:27:48.824,0.81718,0.81739,1.37,1.50
2016.02.25 22:27:49.558,0.81718,0.81741,1.37,1.00
2016.02.25 22:27:49.952,0.81721,0.81741,1.37,1.00
2016.02.25 22:27:52.856,0.81719,0.81741,1.37,1.37
2016.02.25 22:27:53.362,0.8172,0.81741,1.37,1.37
2016.02.25 22:27:53.496,0.8172,0.81741,1.37,1.75
2016.02.25 22:27:54.003,0.81719,0.81741,1.37,2.62
2016.02.25 22:27:56.145,0.8172,0.81741,1.37,2.62
2016.02.25 22:27:57.640,0.8172,0.81741,1.37,5.62
2016.02.25 22:28:01.510,0.8172,0.81742,1.37,4.50
2016.02.25 22:28:05.066,0.81719,0.81742,1.37,4.50
2016.02.25 22:28:05.612,0.81719,0.81741,1.37,3.75
2016.02.25 22:28:10.901,0.81719,0.8174,1.37,3.75
2016.02.25 22:28:15.165,0.8172,0.8174,1.37,3.75
2016.02.25 22:28:15.773,0.81719,0.8174,1.37,3.75
2016.02.25 22:28:16.021,0.81719,0.81739,1.37,3.00
2016.02.25 22:28:16.293,0.81719,0.81742,1.37,3.00
2016.02.25 22:28:18.031,0.81719,0.81743,1.37,2.25
2016.02.25 22:28:19.588,0.81719,0.81742,1.37,1.00
2016.02.25 22:28:20.997,0.8172,0.81742,1.37,1.00
2016.02.25 22:28:21.806,0.8172,0.81741,1.37,1.00
2016.02.25 22:28:24.362,0.81719,0.81741,1.37,1.00
2016.02.25 22:28:26.069,0.81719,0.81743,1.37,4.50
2016.02.25 22:28:28.498,0.8172,0.81743,1.37,1.12
2016.02.25 22:28:28.549,0.8172,0.81745,1.37,1.50
2016.02.25 22:28:28.753,0.81719,0.81748,1.37,3.75
2016.02.25 22:28:36.645,0.81719,0.81747,1.37,1.00
2016.02.25 22:28:37.877,0.8172,0.81747,1.37,1.00
2016.02.25 22:28:38.408,0.81719,0.81747,1.37,1.00
2016.02.25 22:28:38.687,0.81716,0.81747,1.37,3.75
2016.02.25 22:28:40.181,0.81717,0.81747,1.37,1.00
2016.02.25 22:28:40.283,0.81714,0.81746,1.37,3.00
2016.02.25 22:28:40.342,0.81714,0.81744,1.37,2.25
2016.02.25 22:28:41.339,0.81714,0.81745,1.37,1.00
2016.02.25 22:28:42.073,0.81715,0.81747,1.37,5.25
2016.02.25 22:28:44.285,0.81714,0.81747,1.37,3.00
2016.02.25 22:28:45.095,0.81715,0.81747,1.37,2.25
2016.02.25 22:28:45.608,0.81714,0.81747,1.37,3.75
2016.02.25 22:28:46.120,0.81714,0.81745,1.37,2.25
2016.02.25 22:28:47.838,0.81711,0.81745,1.37,3.00
2016.02.25 22:28:48.491,0.81712,0.81745,1.37,3.00
2016.02.25 22:28:49.862,0.81712,0.81744,1.37,1.00
2016.02.25 22:28:52.455,0.81712,0.81746,1.37,1.12
2016.02.25 22:28:52.522,0.81715,0.81746,1.37,1.12
2016.02.25 22:28:53.808,0.81714,0.81746,1.37,1.12
2016.02.25 22:28:54.318,0.81715,0.81747,1.37,1.00
2016.02.25 22:28:57.749,0.81714,0.81747,1.37,1.00
2016.02.25 22:28:58.140,0.81716,0.81747,1.37,1.00
2016.02.25 22:29:00.709,0.81716,0.81746,1.37,1.00
2016.02.25 22:29:01.014,0.81719,0.81747,1.37,1.00
2016.02.25 22:29:01.515,0.8172,0.81747,1.37,1.00
2016.02.25 22:29:01.824,0.8172,0.81744,1.37,1.00
2016.02.25 22:29:02.369,0.81719,0.81744,1.37,1.00
2016.02.25 22:29:07.362,0.8172,0.81744,1.37,1.00
2016.02.25 22:29:07.798,0.81723,0.81744,1.37,1.00
2016.02.25 22:29:12.642,0.81722,0.81744,1.37,1.00
2016.02.25 22:29:12.970,0.81719,0.81744,1.87,1.00
2016.02.25 22:29:13.479,0.81718,0.81744,1.37,1.00
2016.02.25 22:29:17.380,0.81719,0.81744,1.37,1.00
2016.02.25 22:29:17.990,0.8172,0.81744,1.37,1.00
2016.02.25 22:29:19.363,0.81719,0.81744,1.37,1.00
2016.02.25 22:29:19.971,0.8172,0.81744,1.37,1.00
2016.02.25 22:29:21.537,0.81719,0.81744,1.37,1.00
2016.02.25 22:29:27.151,0.81719,0.81747,1.37,1.00
2016.02.25 22:29:27.697,0.8172,0.81747,1.37,1.00
2016.02.25 22:29:29.110,0.81719,0.81747,1.37,1.50
2016.02.25 22:29:34.359,0.8172,0.81747,1.37,1.00
2016.02.25 22:29:34.888,0.81719,0.81747,1.37,1.00
2016.02.25 22:29:37.480,0.81719,0.81747,1.00,1.12
2016.02.25 22:29:37.531,0.81717,0.81746,1.37,1.12
2016.02.25 22:29:37.582,0.81713,0.81745,1.00,1.12
2016.02.25 22:29:37.633,0.8171,0.81745,1.87,1.12
2016.02.25 22:29:37.837,0.81711,0.81741,1.37,1.37
2016.02.25 22:29:38.344,0.8171,0.81739,1.37,1.00
2016.02.25 22:29:39.270,0.81711,0.81739,1.37,1.50
2016.02.25 22:29:40.217,0.81706,0.81739,1.00,1.87
2016.02.25 22:29:40.319,0.81704,0.81736,2.25,1.00
2016.02.25 22:29:40.868,0.81705,0.81736,1.00,1.37
2016.02.25 22:29:41.024,0.81706,0.81739,1.00,1.12
2016.02.25 22:29:41.077,0.81707,0.81739,1.37,1.00
2016.02.25 22:29:41.382,0.81712,0.81744,1.00,1.37
2016.02.25 22:29:43.136,0.8171,0.81744,1.00,2.25
2016.02.25 22:29:43.238,0.81704,0.81736,1.00,1.50
2016.02.25 22:29:43.760,0.81703,0.81736,1.12,1.37
2016.02.25 22:29:44.264,0.81703,0.81737,1.00,1.37
2016.02.25 22:29:44.722,0.81703,0.81734,1.00,1.37
2016.02.25 22:29:44.926,0.81702,0.81736,1.00,1.37
2016.02.25 22:29:46.188,0.81704,0.81736,1.00,1.37
2016.02.25 22:29:47.193,0.81704,0.81735,1.00,1.37
2016.02.25 22:29:47.729,0.81705,0.81735,1.00,1.37
2016.02.25 22:29:49.898,0.81705,0.81737,1.00,1.37
2016.02.25 22:29:50.369,0.81703,0.81737,1.00,1.37
2016.02.25 22:29:50.587,0.81705,0.81737,1.00,1.37
2016.02.25 22:29:52.704,0.81705,0.81738,1.00,1.37
2016.02.25 22:29:53.822,0.81706,0.81737,1.00,1.37
2016.02.25 22:29:56.766,0.81704,0.81737,1.00,2.25
2016.02.25 22:29:56.868,0.81702,0.81735,1.12,1.00
2016.02.25 22:29:57.142,0.81702,0.81733,1.12,1.37
2016.02.25 22:29:57.553,0.81701,0.81733,1.37,1.00
2016.02.25 22:29:58.084,0.81701,0.81735,1.37,1.37
2016.02.25 22:29:58.586,0.81701,0.81734,1.37,1.50
2016.02.25 22:29:58.637,0.81698,0.8173,1.50,1.50
2016.02.25 22:29:58.688,0.81698,0.81724,1.00,1.12
2016.02.25 22:29:58.740,0.81696,0.81724,1.00,1.12
2016.02.25 22:29:58.841,0.81696,0.81728,1.00,1.37
2016.02.25 22:29:59.445,0.81693,0.81728,1.00,1.37
2016.02.25 22:30:00.099,0.81693,0.81728,1.00,1.75
2016.02.25 22:30:00.303,0.81687,0.81719,1.50,1.37
2016.02.25 22:30:00.846,0.81687,0.8172,1.00,1.37
2016.02.25 22:30:01.398,0.81688,0.81719,1.50,1.37
2016.02.25 22:30:01.911,0.81688,0.8172,1.00,1.37
2016.02.25 22:30:04.580,0.81689,0.8172,1.00,1.37
2016.02.25 22:30:08.062,0.81689,0.81718,1.00,1.37
2016.02.25 22:30:08.214,0.81687,0.81718,1.00,1.37
2016.02.25 22:30:08.367,0.81687,0.81714,1.00,1.37
2016.02.25 22:30:08.419,0.81685,0.81714,1.00,1.37
2016.02.25 22:30:08.470,0.81685,0.8171,1.00,1.37
2016.02.25 22:30:08.521,0.81681,0.8171,1.00,1.37
2016.02.25 22:30:08.573,0.81687,0.81709,1.00,1.37
2016.02.25 22:30:08.675,0.81686,0.81713,1.00,1.37
2016.02.25 22:30:09.183,0.81686,0.81717,1.00,1.37
2016.02.25 22:30:09.522,0.81686,0.81718,1.00,1.00
2016.02.25 22:30:11.048,0.81687,0.81718,1.00,1.00
2016.02.25 22:30:11.692,0.81686,0.81718,1.00,1.00
2016.02.25 22:30:12.269,0.81687,0.81718,1.00,1.12
2016.02.25 22:30:12.372,0.81686,0.81717,1.00,1.37
2016.02.25 22:30:13.109,0.81687,0.81716,1.00,1.87
2016.02.25 22:30:13.416,0.81686,0.81713,1.00,1.37
2016.02.25 22:30:14.093,0.81686,0.81717,1.00,1.37
2016.02.25 22:30:14.616,0.81687,0.81714,1.00,1.37
2016.02.25 22:30:16.205,0.81686,0.81715,1.00,1.37
2016.02.25 22:30:16.715,0.81687,0.81714,1.00,1.37
2016.02.25 22:30:17.420,0.81687,0.81718,1.00,3.00
2016.02.25 22:30:17.818,0.81687,0.81715,1.00,1.37
2016.02.25 22:30:18.427,0.81685,0.81715,1.00,1.37
2016.02.25 22:30:19.510,0.81685,0.81718,1.00,1.87
2016.02.25 22:30:21.647,0.81687,0.81718,1.00,1.87
2016.02.25 22:30:29.868,0.81685,0.81717,1.50,1.50
2016.02.25 22:30:30.835,0.81685,0.81716,1.00,1.00
2016.02.25 22:30:33.168,0.81685,0.81716,1.00,1.87
2016.02.25 22:30:35.594,0.81684,0.81715,1.50,1.00
2016.02.25 22:30:37.010,0.81686,0.81716,1.00,1.50
2016.02.25 22:30:37.266,0.81684,0.81716,1.50,2.25
2016.02.25 22:30:41.408,0.81685,0.81715,1.00,1.00
2016.02.25 22:30:43.498,0.81684,0.81715,1.00,1.00
2016.02.25 22:30:45.958,0.81684,0.81713,1.00,1.37
2016.02.25 22:30:46.479,0.81684,0.81712,1.00,1.37
2016.02.25 22:30:47.019,0.81684,0.81713,1.00,1.37
2016.02.25 22:30:47.840,0.81684,0.81712,1.00,1.37
2016.02.25 22:30:49.422,0.81684,0.81715,1.00,1.50
2016.02.25 22:30:50.631,0.81684,0.81714,1.00,1.37
2016.02.25 22:30:51.243,0.81684,0.81715,1.00,1.50
2016.02.25 22:30:53.930,0.81684,0.81713,1.00,1.37
2016.02.25 22:30:56.672,0.81684,0.81715,1.00,1.00
2016.02.25 22:30:56.960,0.81684,0.81713,1.00,1.37
2016.02.25 22:30:57.569,0.81684,0.81715,1.00,1.00
2016.02.25 22:30:57.771,0.81684,0.81713,1.00,1.37
2016.02.25 22:30:57.873,0.81684,0.81715,1.00,1.00
2016.02.25 22:30:57.975,0.81684,0.81713,1.00,1.37
2016.02.25 22:30:58.261,0.81684,0.81715,1.00,1.00
2016.02.25 22:30:58.363,0.81684,0.81714,1.00,1.37
2016.02.25 22:30:58.659,0.81684,0.81716,1.00,1.37
2016.02.25 22:31:00.887,0.81684,0.81718,2.62,1.00
2016.02.25 22:31:01.434,0.81684,0.81718,1.50,1.12
2016.02.25 22:31:02.364,0.81687,0.81718,1.00,1.87
2016.02.25 22:31:03.127,0.81688,0.81718,1.00,1.87
2016.02.25 22:31:04.483,0.81688,0.81719,1.00,1.00
2016.02.25 22:31:10.067,0.81688,0.81719,1.87,1.00
2016.02.25 22:31:10.582,0.81688,0.81719,1.12,1.00
2016.02.25 22:31:11.541,0.81689,0.81718,1.00,1.00
2016.02.25 22:31:11.593,0.81692,0.81718,1.00,1.00
2016.02.25 22:31:11.644,0.81692,0.81723,1.00,1.12
2016.02.25 22:31:11.861,0.81693,0.81727,1.00,2.25
2016.02.25 22:31:12.399,0.81694,0.81727,1.00,1.12
2016.02.25 22:31:12.912,0.81696,0.81728,1.00,1.12
2016.02.25 22:31:13.065,0.81698,0.81731,1.12,1.00
2016.02.25 22:31:13.168,0.81698,0.81734,1.12,1.37
2016.02.25 22:31:13.552,0.81701,0.81734,1.00,1.37
2016.02.25 22:31:13.604,0.81701,0.81736,1.00,1.37
2016.02.25 22:31:14.112,0.817,0.81737,1.00,1.37
2016.02.25 22:31:14.639,0.817,0.81736,1.50,1.37
2016.02.25 22:31:15.174,0.81701,0.81736,1.00,1.37
2016.02.25 22:31:15.695,0.817,0.81737,1.00,1.37
2016.02.25 22:31:15.746,0.81698,0.81737,1.50,1.37
2016.02.25 22:31:16.988,0.81698,0.81736,1.12,1.37
2016.02.25 22:31:17.654,0.81698,0.81737,1.50,1.37
2016.02.25 22:31:18.821,0.81698,0.81736,1.12,1.37
2016.02.25 22:31:18.923,0.81702,0.81736,1.00,1.37
2016.02.25 22:31:19.306,0.81702,0.81739,1.00,1.37
2016.02.25 22:31:25.022,0.81701,0.8174,1.00,1.50
2016.02.25 22:31:28.339,0.81696,0.8174,3.75,1.37
2016.02.25 22:31:28.856,0.81696,0.81739,3.75,1.37
2016.02.25 22:31:32.631,0.81696,0.81736,3.00,1.37
2016.02.25 22:31:35.401,0.81697,0.81737,1.37,1.37
2016.02.25 22:31:35.949,0.81696,0.81738,1.50,1.50
2016.02.25 22:31:41.845,0.81697,0.81737,1.50,1.37
2016.02.25 22:31:46.133,0.81696,0.81738,1.75,1.37
2016.02.25 22:31:49.989,0.81698,0.81738,1.00,1.75
2016.02.25 22:31:50.295,0.81692,0.81727,1.37,1.37
2016.02.25 22:31:50.397,0.81696,0.81725,1.37,1.00
2016.02.25 22:31:50.678,0.81696,0.81728,1.37,1.00
2016.02.25 22:31:50.780,0.81697,0.81732,1.37,1.37
2016.02.25 22:31:50.933,0.81697,0.81733,1.37,1.50
2016.02.25 22:31:51.035,0.81699,0.81733,1.37,1.50
2016.02.25 22:31:52.032,0.81698,0.81733,1.37,1.12
2016.02.25 22:31:56.119,0.81698,0.81733,1.37,1.37
2016.02.25 22:31:59.539,0.81699,0.81733,1.50,1.37
2016.02.25 22:31:59.844,0.81702,0.81736,1.37,1.00
2016.02.25 22:31:59.946,0.81702,0.81739,1.37,1.50
2016.02.25 22:32:00.049,0.81705,0.81739,1.37,1.00
2016.02.25 22:32:00.828,0.81705,0.8174,1.37,1.50
2016.02.25 22:32:01.363,0.81706,0.8174,1.37,1.87
2016.02.25 22:32:01.822,0.81705,0.8174,1.37,2.25
2016.02.25 22:32:02.165,0.81705,0.81733,1.37,1.00
2016.02.25 22:32:02.318,0.81709,0.81739,1.12,1.50
2016.02.25 22:32:02.369,0.81712,0.81739,1.37,1.50
2016.02.25 22:32:02.878,0.81711,0.8174,1.37,1.00
2016.02.25 22:32:03.132,0.81708,0.8174,1.12,1.00
2016.02.25 22:32:03.386,0.81711,0.8174,1.37,1.00
2016.02.25 22:32:03.489,0.81708,0.8174,1.12,1.00
2016.02.25 22:32:03.641,0.81711,0.8174,1.37,1.00
2016.02.25 22:32:03.946,0.81718,0.8174,1.37,1.00
2016.02.25 22:32:04.479,0.81719,0.8174,1.37,1.00
2016.02.25 22:32:05.052,0.81718,0.8174,1.37,1.00
2016.02.25 22:32:05.396,0.81717,0.81735,1.37,1.00
2016.02.25 22:32:05.498,0.81716,0.81737,1.37,1.00
2016.02.25 22:32:05.650,0.81711,0.81739,1.37,1.00
2016.02.25 22:32:05.854,0.81708,0.81739,1.00,1.00
2016.02.25 22:32:05.905,0.81704,0.81739,1.12,1.00
2016.02.25 22:32:05.956,0.81705,0.81736,1.00,1.37
2016.02.25 22:32:06.058,0.817,0.81737,3.37,1.37
2016.02.25 22:32:06.160,0.81703,0.81738,1.37,1.00
2016.02.25 22:32:07.048,0.817,0.81732,1.00,1.37
2016.02.25 22:32:07.201,0.81694,0.81729,1.00,1.00
2016.02.25 22:32:07.252,0.81694,0.81726,1.12,1.37
2016.02.25 22:32:07.559,0.81693,0.81723,1.00,1.00
2016.02.25 22:32:07.763,0.81691,0.81723,1.00,1.00
2016.02.25 22:32:08.022,0.81688,0.81722,1.87,1.00
2016.02.25 22:32:08.546,0.81691,0.81727,1.37,1.37
2016.02.25 22:32:08.598,0.81691,0.8173,1.37,1.37
2016.02.25 22:32:08.649,0.81692,0.8173,1.00,1.75
2016.02.25 22:32:09.003,0.81692,0.81727,1.00,1.75
2016.02.25 22:32:09.156,0.81692,0.81729,1.00,1.37
2016.02.25 22:32:09.664,0.81693,0.8173,1.00,1.37
2016.02.25 22:32:10.452,0.81693,0.8173,1.87,1.12
2016.02.25 22:32:10.555,0.81696,0.81732,1.37,2.25
2016.02.25 22:32:10.657,0.81696,0.81732,1.37,1.00
2016.02.25 22:32:11.597,0.81697,0.81732,1.37,1.12
2016.02.25 22:32:12.676,0.81694,0.81731,1.00,1.37
2016.02.25 22:32:16.640,0.81693,0.81731,1.12,1.37
2016.02.25 22:32:20.876,0.81693,0.81731,2.25,1.37
2016.02.25 22:32:21.414,0.81693,0.81731,1.87,1.37
2016.02.25 22:32:22.064,0.81693,0.81731,1.87,1.37
2016.02.25 22:32:27.776,0.81693,0.81731,2.62,1.87
2016.02.25 22:32:29.779,0.81693,0.8173,1.50,1.37
2016.02.25 22:32:29.881,0.81692,0.81727,1.50,1.37
2016.02.25 22:32:30.533,0.81691,0.81727,1.50,1.37
2016.02.25 22:32:31.707,0.8169,0.81726,1.00,1.50
2016.02.25 22:32:31.809,0.81688,0.81723,2.62,1.37
2016.02.25 22:32:40.105,0.81688,0.81722,1.50,1.37
2016.02.25 22:32:41.012,0.81688,0.81723,1.50,1.37
2016.02.25 22:32:43.001,0.81688,0.81722,1.50,1.37
2016.02.25 22:32:43.569,0.81688,0.81723,1.50,1.37
2016.02.25 22:32:45.987,0.81688,0.81722,1.50,1.37
2016.02.25 22:32:49.326,0.81688,0.81723,1.50,1.37
2016.02.25 22:32:50.357,0.81685,0.81715,1.00,1.37
2016.02.25 22:32:50.408,0.81683,0.81715,1.00,1.37
2016.02.25 22:32:50.459,0.81681,0.81714,1.87,1.37
2016.02.25 22:32:50.803,0.81687,0.81719,1.37,1.12
2016.02.25 22:32:50.855,0.8168,0.81715,1.87,1.37
2016.02.25 22:32:51.378,0.8168,0.81715,1.50,1.37
2016.02.25 22:32:51.905,0.81681,0.81714,1.00,1.37
2016.02.25 22:32:52.616,0.8168,0.81715,1.50,1.37
2016.02.25 22:32:53.439,0.8168,0.81715,1.37,1.37
2016.02.25 22:32:53.541,0.8168,0.81715,1.00,1.37
2016.02.25 22:32:54.044,0.81681,0.81714,1.00,1.37
2016.02.25 22:32:55.769,0.81681,0.81717,2.62,1.37
2016.02.25 22:32:56.335,0.81681,0.81717,3.00,1.37
2016.02.25 22:32:56.897,0.81682,0.81717,1.37,1.00
2016.02.25 22:32:58.438,0.81682,0.81717,1.00,1.37
2016.02.25 22:32:59.455,0.81682,0.81718,1.12,1.37
2016.02.25 22:33:01.339,0.81682,0.81711,1.87,1.37
2016.02.25 22:33:01.644,0.81681,0.81707,1.00,1.37
2016.02.25 22:33:01.949,0.81678,0.81704,1.00,1.37
2016.02.25 22:33:02.254,0.81674,0.81703,1.00,1.37
2016.02.25 22:33:02.305,0.81674,0.81702,1.00,1.50
2016.02.25 22:33:02.734,0.8167,0.81694,1.00,1.37
2016.02.25 22:33:03.053,0.8167,0.81692,1.00,1.50
2016.02.25 22:33:03.459,0.8167,0.81694,1.00,1.37
2016.02.25 22:33:05.217,0.81672,0.81694,1.00,1.37
2016.02.25 22:33:06.920,0.8167,0.81694,1.00,1.37
2016.02.25 22:33:07.469,0.81669,0.81695,1.00,1.37
2016.02.25 22:33:08.357,0.81669,0.81697,1.50,1.37
2016.02.25 22:33:08.873,0.81669,0.81698,1.00,1.37
2016.02.25 22:33:13.235,0.81668,0.81698,1.50,1.37
2016.02.25 22:33:16.361,0.81668,0.81697,1.00,1.37
2016.02.25 22:33:16.563,0.81675,0.81704,1.00,1.37
2016.02.25 22:33:16.666,0.81676,0.81707,1.37,1.00
2016.02.25 22:33:16.952,0.81672,0.81707,1.37,1.37
2016.02.25 22:33:17.004,0.81676,0.8171,1.37,1.12
2016.02.25 22:33:17.055,0.81676,0.8171,1.37,1.12
2016.02.25 22:33:17.568,0.81681,0.81711,1.37,1.75
2016.02.25 22:33:17.927,0.81678,0.81711,1.37,1.75
2016.02.25 22:33:18.392,0.81681,0.81711,1.37,1.75
2016.02.25 22:33:18.772,0.81671,0.817,1.00,1.37
2016.02.25 22:33:18.825,0.81669,0.817,1.00,1.37
2016.02.25 22:33:19.398,0.81669,0.81697,1.00,1.37
2016.02.25 22:33:21.499,0.81669,0.81701,1.00,1.37
2016.02.25 22:33:21.601,0.81669,0.81697,1.00,1.37
2016.02.25 22:33:22.706,0.81679,0.81706,1.37,1.75
2016.02.25 22:33:22.808,0.8167,0.81706,1.37,1.12
2016.02.25 22:33:22.910,0.8167,0.81706,1.37,1.37
2016.02.25 22:33:23.114,0.81673,0.81707,1.37,1.87
2016.02.25 22:33:23.829,0.81678,0.81707,1.37,1.75
2016.02.25 22:33:24.274,0.81677,0.81711,1.37,1.75
2016.02.25 22:33:25.087,0.81677,0.81708,1.37,1.00
2016.02.25 22:33:26.390,0.81677,0.81711,1.37,1.87
2016.02.25 22:33:27.097,0.81675,0.81711,1.37,1.87
2016.02.25 22:33:27.455,0.81675,0.81711,1.37,1.87
2016.02.25 22:33:27.712,0.81673,0.81708,1.37,1.00
2016.02.25 22:33:28.128,0.81676,0.81708,1.37,1.00
2016.02.25 22:33:28.384,0.81674,0.81708,1.37,1.00
2016.02.25 22:33:29.429,0.81676,0.8171,1.37,1.37
2016.02.25 22:33:30.731,0.81674,0.81707,1.87,1.37
2016.02.25 22:33:31.494,0.81672,0.81707,1.37,1.00
2016.02.25 22:33:31.596,0.81676,0.81708,1.37,1.37
2016.02.25 22:33:31.697,0.81673,0.81708,1.37,1.37
2016.02.25 22:33:32.591,0.81678,0.81709,1.37,1.12
2016.02.25 22:33:33.437,0.81677,0.8171,1.37,1.12
2016.02.25 22:33:33.489,0.81677,0.8171,1.37,1.37
2016.02.25 22:33:33.541,0.81673,0.81708,1.37,1.37
2016.02.25 22:33:33.694,0.8167,0.81705,1.87,1.37
2016.02.25 22:33:36.200,0.81669,0.81697,1.00,1.37
2016.02.25 22:33:38.035,0.81669,0.81696,1.00,1.37
2016.02.25 22:33:41.018,0.81673,0.81703,1.37,1.00
2016.02.25 22:33:42.975,0.81673,0.81708,1.37,1.12
2016.02.25 22:33:43.509,0.81673,0.81705,1.37,1.00
2016.02.25 22:33:45.046,0.81674,0.81705,1.37,1.00
2016.02.25 22:33:45.625,0.81673,0.81705,1.37,1.37
2016.02.25 22:33:46.141,0.81672,0.81705,1.37,1.00
2016.02.25 22:33:46.471,0.8167,0.81706,1.37,1.75
2016.02.25 22:33:46.895,0.81677,0.81706,1.37,1.75
2016.02.25 22:33:46.947,0.81675,0.81706,1.37,1.12
2016.02.25 22:33:47.101,0.81676,0.81705,1.37,1.75
2016.02.25 22:33:48.424,0.81673,0.81705,1.37,1.75
2016.02.25 22:33:48.662,0.81673,0.81705,1.37,1.50
2016.02.25 22:33:48.948,0.81676,0.81708,1.37,1.87
2016.02.25 22:33:49.487,0.81676,0.81708,1.37,1.75
2016.02.25 22:33:58.041,0.81674,0.81708,1.37,1.12
2016.02.25 22:33:58.570,0.81674,0.81708,1.37,1.12
2016.02.25 22:33:59.041,0.81675,0.81704,1.37,1.75
2016.02.25 22:34:00.199,0.81675,0.81704,1.37,1.75
2016.02.25 22:34:00.737,0.81675,0.81704,1.37,1.75
2016.02.25 22:34:01.465,0.81672,0.81704,1.37,1.87
2016.02.25 22:34:01.566,0.81671,0.81704,1.37,1.75
2016.02.25 22:34:01.668,0.81669,0.81701,1.37,1.00
2016.02.25 22:34:04.996,0.81669,0.81704,1.37,1.75
2016.02.25 22:34:05.520,0.8167,0.817,1.37,1.00
2016.02.25 22:34:06.443,0.81677,0.817,1.37,1.00
2016.02.25 22:34:06.546,0.81673,0.81704,1.37,1.75
2016.02.25 22:34:07.240,0.81676,0.81704,1.37,1.75
2016.02.25 22:34:08.646,0.8168,0.81704,1.37,1.75
2016.02.25 22:34:08.748,0.81668,0.81698,1.50,1.37
2016.02.25 22:34:08.850,0.81668,0.81694,1.00,1.37
2016.02.25 22:34:10.745,0.81668,0.81694,1.87,1.37
2016.02.25 22:34:11.314,0.81669,0.81693,1.37,1.37
2016.02.25 22:34:13.164,0.81668,0.81695,1.87,1.37
2016.02.25 22:34:13.706,0.81668,0.81696,1.00,1.37
2016.02.25 22:34:18.556,0.81668,0.81697,1.00,1.12
2016.02.25 22:34:21.054,0.81667,0.81697,1.00,1.00
2016.02.25 22:34:32.667,0.81667,0.81697,1.00,1.75
2016.02.25 22:34:32.718,0.81662,0.81695,1.50,1.37
2016.02.25 22:34:32.770,0.81661,0.81695,1.87,1.12
2016.02.25 22:34:33.076,0.81663,0.81693,1.00,1.87
2016.02.25 22:34:33.230,0.81663,0.81697,1.37,1.50
2016.02.25 22:34:33.485,0.81664,0.81694,1.37,1.00
2016.02.25 22:34:33.536,0.81664,0.81701,1.37,1.87
2016.02.25 22:34:34.067,0.81667,0.81702,1.37,1.12
2016.02.25 22:34:34.386,0.81672,0.81698,1.37,1.37
2016.02.25 22:34:34.479,0.8167,0.81699,1.37,1.37
2016.02.25 22:34:37.397,0.81668,0.81699,1.87,1.37
2016.02.25 22:34:39.019,0.81671,0.81699,1.37,1.37
2016.02.25 22:34:45.237,0.8167,0.81699,1.37,1.37
2016.02.25 22:34:46.141,0.8167,0.81696,1.37,1.37
2016.02.25 22:34:46.204,0.81668,0.81695,1.37,1.37
2016.02.25 22:34:46.306,0.81666,0.81688,1.00,1.37
2016.02.25 22:34:46.560,0.81634,0.8166,1.00,1.87
2016.02.25 22:34:46.612,0.8163,0.81653,1.37,1.37
2016.02.25 22:34:46.917,0.8163,0.81655,1.37,1.72
2016.02.25 22:34:47.018,0.81627,0.81655,1.37,1.50
2016.02.25 22:34:47.120,0.81627,0.81652,1.37,1.37
2016.02.25 22:34:47.630,0.81626,0.81652,1.37,1.37
2016.02.25 22:34:47.936,0.81631,0.81655,1.37,1.37
2016.02.25 22:34:48.140,0.81626,0.81652,1.37,1.37
2016.02.25 22:34:48.444,0.81624,0.81648,1.37,1.37
2016.02.25 22:34:48.957,0.81625,0.81649,1.37,1.37
2016.02.25 22:34:49.190,0.81625,0.81651,1.37,1.37
2016.02.25 22:34:49.241,0.8163,0.81652,1.37,1.00
2016.02.25 22:34:49.507,0.81626,0.81652,1.37,1.37
2016.02.25 22:34:49.609,0.81631,0.81654,1.37,1.12
2016.02.25 22:34:49.954,0.81628,0.81651,1.37,1.37
2016.02.25 22:34:50.005,0.81626,0.81651,1.37,1.37
2016.02.25 22:34:50.108,0.81627,0.81655,1.37,1.50
2016.02.25 22:34:50.210,0.81629,0.81657,1.37,1.97
2016.02.25 22:34:50.861,0.81635,0.81656,1.37,2.10
2016.02.25 22:34:51.397,0.81634,0.81656,1.37,1.87
2016.02.25 22:34:52.253,0.81632,0.81654,1.37,1.37
2016.02.25 22:34:52.357,0.81625,0.81652,1.37,1.37
2016.02.25 22:34:52.665,0.8163,0.81655,1.37,1.37
2016.02.25 22:34:52.716,0.81628,0.81655,1.37,1.12
2016.02.25 22:34:52.920,0.81634,0.81655,1.37,1.00
2016.02.25 22:34:53.044,0.81629,0.81656,1.37,1.50
2016.02.25 22:34:53.638,0.81628,0.81656,1.37,1.50
2016.02.25 22:34:54.114,0.81634,0.81656,1.37,1.00
2016.02.25 22:34:54.610,0.81632,0.81655,1.37,1.37
2016.02.25 22:34:56.316,0.81626,0.81655,1.37,1.37
2016.02.25 22:34:56.934,0.81631,0.81655,1.37,1.37
2016.02.25 22:34:57.134,0.81627,0.81652,1.37,1.37
2016.02.25 22:34:57.948,0.81625,0.81652,1.37,1.37
2016.02.25 22:34:58.050,0.81625,0.8165,1.37,1.37
2016.02.25 22:34:58.152,0.8162,0.81646,1.87,1.00
2016.02.25 22:34:58.406,0.81625,0.81651,1.37,1.75
2016.02.25 22:34:58.458,0.81625,0.8165,1.37,1.00
2016.02.25 22:34:58.998,0.81626,0.81652,1.37,1.87
2016.02.25 22:34:59.274,0.81626,0.81648,1.37,1.00
2016.02.25 22:34:59.326,0.81625,0.81652,1.37,1.00
2016.02.25 22:35:00.442,0.81627,0.81652,1.37,1.37
2016.02.25 22:35:01.448,0.81626,0.81653,1.37,1.87
2016.02.25 22:35:01.999,0.81626,0.81653,1.37,1.00
2016.02.25 22:35:03.129,0.81629,0.81653,1.37,1.00
2016.02.25 22:35:05.078,0.81629,0.81654,1.37,1.87
2016.02.25 22:35:07.130,0.81628,0.81654,1.37,1.87
2016.02.25 22:35:08.544,0.81629,0.81654,1.37,2.25
2016.02.25 22:35:15.349,0.81628,0.81654,1.37,3.00
2016.02.25 22:35:16.849,0.81626,0.81654,1.37,3.00
2016.02.25 22:35:18.875,0.81621,0.81651,1.37,1.37
2016.02.25 22:35:19.147,0.81619,0.81646,1.37,1.37
2016.02.25 22:35:19.248,0.81624,0.81652,1.37,1.50
2016.02.25 22:35:19.354,0.81627,0.81652,1.37,1.12
2016.02.25 22:35:19.456,0.81625,0.81652,1.37,2.25
2016.02.25 22:35:19.964,0.81626,0.81652,1.37,1.00
2016.02.25 22:35:20.740,0.81625,0.81653,1.37,1.87
2016.02.25 22:35:21.077,0.81621,0.8165,1.37,1.50
2016.02.25 22:35:21.484,0.81614,0.81647,1.37,1.37
2016.02.25 22:35:21.892,0.81618,0.81645,1.37,1.12
2016.02.25 22:35:22.383,0.81621,0.81649,1.37,1.00
2016.02.25 22:35:22.485,0.81619,0.81649,1.37,1.00
2016.02.25 22:35:22.588,0.81614,0.81641,1.12,1.37
2016.02.25 22:35:23.100,0.81615,0.81641,1.00,1.37
2016.02.25 22:35:23.205,0.81612,0.81641,2.62,1.37
2016.02.25 22:35:23.540,0.81624,0.81645,1.37,1.00
2016.02.25 22:35:23.642,0.81623,0.81648,1.37,1.12
2016.02.25 22:35:24.183,0.81622,0.81646,1.37,1.00
2016.02.25 22:35:24.437,0.81622,0.81648,1.37,1.00
2016.02.25 22:35:24.795,0.81625,0.8165,1.37,1.50
2016.02.25 22:35:25.201,0.81614,0.81644,1.57,1.37
2016.02.25 22:35:25.303,0.8162,0.81647,1.37,2.62
2016.02.25 22:35:25.770,0.81622,0.81647,1.37,1.00
2016.02.25 22:35:25.872,0.81619,0.81646,1.37,1.37
2016.02.25 22:35:25.974,0.81613,0.81641,2.02,1.37
2016.02.25 22:35:26.076,0.81619,0.81644,1.37,1.87
2016.02.25 22:35:26.382,0.81623,0.81644,1.37,1.12
2016.02.25 22:35:26.586,0.81624,0.81649,1.37,1.50
2016.02.25 22:35:26.637,0.81624,0.81649,1.37,1.12
2016.02.25 22:35:27.074,0.81628,0.81649,1.37,1.12
2016.02.25 22:35:28.165,0.81625,0.81649,1.37,1.12
2016.02.25 22:35:28.773,0.81623,0.81649,1.00,1.87
2016.02.25 22:35:29.209,0.81619,0.81649,1.37,1.87
2016.02.25 22:35:29.376,0.81619,0.81646,1.37,1.37
2016.02.25 22:35:29.779,0.81623,0.81648,1.37,1.37
2016.02.25 22:35:29.893,0.81622,0.8165,1.37,1.50
2016.02.25 22:35:32.603,0.81622,0.81652,1.37,1.87
2016.02.25 22:35:33.874,0.81629,0.81652,1.37,1.00
2016.02.25 22:35:34.181,0.81633,0.81654,1.37,1.12
2016.02.25 22:35:34.523,0.81633,0.81656,1.37,1.00
2016.02.25 22:35:35.305,0.81631,0.81656,1.37,1.00
2016.02.25 22:35:35.407,0.81625,0.81653,1.37,1.00
2016.02.25 22:35:35.932,0.81625,0.81653,1.37,1.37
2016.02.25 22:35:36.396,0.8163,0.81653,1.37,1.12
2016.02.25 22:35:36.624,0.81626,0.81653,1.37,1.12
2016.02.25 22:35:36.676,0.8163,0.81653,1.37,1.12
2016.02.25 22:35:36.957,0.81627,0.81653,1.37,1.50
2016.02.25 22:35:37.019,0.81629,0.81653,1.37,1.12
2016.02.25 22:35:37.327,0.81632,0.81653,1.37,1.12
2016.02.25 22:35:37.379,0.81626,0.81653,1.12,1.12
2016.02.25 22:35:37.531,0.81625,0.81656,1.37,1.87
2016.02.25 22:35:38.038,0.81625,0.81654,1.37,1.12
2016.02.25 22:35:38.090,0.81626,0.81651,1.37,1.37
2016.02.25 22:35:38.293,0.81627,0.81653,1.00,1.37
2016.02.25 22:35:38.477,0.81625,0.81654,1.37,1.12
2016.02.25 22:35:38.579,0.81625,0.81653,1.37,1.37
2016.02.25 22:35:39.093,0.81631,0.81654,1.37,1.12
2016.02.25 22:35:39.206,0.81626,0.81653,1.12,1.37
2016.02.25 22:35:39.411,0.81631,0.81654,1.37,1.12
2016.02.25 22:35:39.919,0.8163,0.81654,1.37,1.12
2016.02.25 22:35:40.384,0.81634,0.81654,1.37,1.12
2016.02.25 22:35:42.514,0.81635,0.81654,1.37,1.12
2016.02.25 22:35:43.052,0.81634,0.81654,1.37,1.12
2016.02.25 22:35:43.603,0.81635,0.81654,1.37,1.12
2016.02.25 22:35:43.985,0.81632,0.81654,1.37,1.12
2016.02.25 22:35:46.533,0.81632,0.81653,1.37,1.00
2016.02.25 22:35:48.913,0.81633,0.81653,1.37,1.00
2016.02.25 22:35:49.706,0.81632,0.81653,1.37,1.00
2016.02.25 22:35:50.248,0.81631,0.81653,1.37,1.00
2016.02.25 22:35:50.496,0.81626,0.81653,1.87,1.87
2016.02.25 22:35:51.059,0.81627,0.81652,1.37,1.37
2016.02.25 22:35:51.415,0.8163,0.81653,1.37,1.00
2016.02.25 22:35:51.517,0.81627,0.81652,1.00,1.37
2016.02.25 22:35:51.620,0.81626,0.81653,1.37,1.00
2016.02.25 22:35:51.995,0.8163,0.81653,1.37,1.00
2016.02.25 22:35:52.047,0.81625,0.81652,1.37,1.37
2016.02.25 22:35:52.149,0.8163,0.81653,1.37,1.00
2016.02.25 22:35:52.504,0.81627,0.81651,1.12,1.37
2016.02.25 22:35:52.657,0.81627,0.8165,1.00,1.50
2016.02.25 22:35:52.988,0.81623,0.81648,1.37,1.87
2016.02.25 22:35:53.300,0.81626,0.81648,1.37,1.87
2016.02.25 22:35:53.519,0.81623,0.81648,1.12,2.25
2016.02.25 22:35:53.823,0.81625,0.81647,1.00,1.12
2016.02.25 22:35:53.925,0.81621,0.81647,1.37,1.12
2016.02.25 22:35:54.455,0.81621,0.81645,1.37,1.00
2016.02.25 22:35:54.839,0.81622,0.81642,1.37,1.00
2016.02.25 22:35:55.345,0.81622,0.81644,1.37,1.37
2016.02.25 22:35:55.756,0.81621,0.81647,1.37,1.00
2016.02.25 22:35:56.346,0.81621,0.81646,1.37,1.00
2016.02.25 22:35:56.754,0.8162,0.81644,1.37,1.00
2016.02.25 22:35:57.363,0.8162,0.81645,1.37,1.00
2016.02.25 22:35:57.965,0.81621,0.81645,1.37,1.00
2016.02.25 22:36:01.463,0.81618,0.81645,1.37,1.87
2016.02.25 22:36:01.514,0.81617,0.81645,1.00,1.12
2016.02.25 22:36:01.945,0.81617,0.81644,1.00,1.37
2016.02.25 22:36:02.249,0.81618,0.81645,1.37,1.00
2016.02.25 22:36:02.837,0.81619,0.81645,1.37,1.00
2016.02.25 22:36:03.026,0.81617,0.81644,1.00,1.37
2016.02.25 22:36:03.356,0.81618,0.81645,1.37,1.00
2016.02.25 22:36:03.904,0.81618,0.81646,1.37,1.50
2016.02.25 22:36:03.963,0.81617,0.81646,1.00,2.25
2016.02.25 22:36:04.065,0.81618,0.81646,1.37,2.25
2016.02.25 22:36:05.126,0.81617,0.81642,1.87,1.00
2016.02.25 22:36:05.556,0.81622,0.81642,1.37,1.00
2016.02.25 22:36:05.774,0.81621,0.81646,1.37,1.12
2016.02.25 22:36:06.275,0.81622,0.81646,1.37,1.12
2016.02.25 22:36:07.314,0.81622,0.81642,1.37,1.00
2016.02.25 22:36:09.291,0.81622,0.81645,1.37,1.00
2016.02.25 22:36:09.343,0.81624,0.81645,1.37,1.00
2016.02.25 22:36:09.886,0.81624,0.81648,1.37,1.37
2016.02.25 22:36:10.403,0.81624,0.81646,1.37,1.12
2016.02.25 22:36:10.732,0.81622,0.81646,1.37,1.12
2016.02.25 22:36:11.246,0.81623,0.81646,1.37,1.12
2016.02.25 22:36:13.603,0.81623,0.81647,1.37,1.00
2016.02.25 22:36:22.169,0.81619,0.81647,1.87,1.00
2016.02.25 22:36:22.446,0.81621,0.81641,1.37,1.00
2016.02.25 22:36:22.498,0.81621,0.81643,1.37,1.50
2016.02.25 22:36:22.549,0.8162,0.81643,1.37,1.87
2016.02.25 22:36:22.651,0.8162,0.81643,1.37,1.12
2016.02.25 22:36:22.753,0.81618,0.81643,1.37,1.12
2016.02.25 22:36:23.123,0.81619,0.81643,1.37,1.37
2016.02.25 22:36:23.644,0.81618,0.8164,1.37,1.12
2016.02.25 22:36:23.949,0.81618,0.81643,1.37,1.00
2016.02.25 22:36:24.900,0.81618,0.8164,1.37,1.00
2016.02.25 22:36:25.445,0.81618,0.81641,1.37,1.00
2016.02.25 22:36:26.121,0.81618,0.81643,1.37,1.50
2016.02.25 22:36:26.622,0.81619,0.81643,1.37,1.50
2016.02.25 22:36:27.155,0.81618,0.81643,1.37,1.50
2016.02.25 22:36:29.225,0.81618,0.81642,1.37,1.00
2016.02.25 22:36:29.451,0.81618,0.8164,1.37,1.00
2016.02.25 22:36:30.667,0.81617,0.8164,1.37,1.00
2016.02.25 22:36:30.870,0.8162,0.81644,1.37,1.00
2016.02.25 22:36:36.773,0.8162,0.81645,1.37,1.12
2016.02.25 22:36:37.179,0.81622,0.81645,1.37,1.12
2016.02.25 22:36:40.217,0.81623,0.81645,1.37,1.00
2016.02.25 22:36:40.974,0.81622,0.81645,1.37,1.00
2016.02.25 22:36:48.327,0.81622,0.81646,1.37,1.00
2016.02.25 22:36:48.680,0.81639,0.8165,2.87,1.00
2016.02.25 22:36:48.833,0.81653,0.81661,1.37,1.50
2016.02.25 22:36:48.935,0.81652,0.81669,1.37,1.75
2016.02.25 22:36:48.986,0.81648,0.81668,1.00,1.75
2016.02.25 22:36:49.038,0.81639,0.81668,1.37,1.75
2016.02.25 22:36:49.424,0.81639,0.81665,1.37,1.37
2016.02.25 22:36:49.729,0.8164,0.81666,1.37,1.87
2016.02.25 22:36:49.934,0.8164,0.81666,1.37,1.50
2016.02.25 22:36:51.418,0.8164,0.81666,1.37,1.00
2016.02.25 22:36:51.960,0.8164,0.81665,1.37,1.00
2016.02.25 22:36:52.765,0.8164,0.81663,1.37,1.00
2016.02.25 22:36:53.311,0.81639,0.81663,1.37,1.00
2016.02.25 22:36:54.097,0.81637,0.81663,1.37,1.00
2016.02.25 22:36:54.468,0.81637,0.8166,1.37,1.00
2016.02.25 22:36:54.995,0.81638,0.8166,1.37,1.00
2016.02.25 22:36:56.483,0.81638,0.81659,1.37,1.00
2016.02.25 22:36:57.121,0.81638,0.8166,1.37,1.00
2016.02.25 22:36:57.676,0.81638,0.81659,1.37,1.00
2016.02.25 22:36:57.980,0.81638,0.81656,1.37,1.00
2016.02.25 22:36:58.542,0.81637,0.81656,1.37,1.00
2016.02.25 22:36:59.073,0.81638,0.81657,1.37,1.00
2016.02.25 22:36:59.703,0.81637,0.81656,1.37,1.00
2016.02.25 22:37:01.799,0.81638,0.81656,1.37,1.00
2016.02.25 22:37:02.806,0.81638,0.81657,1.37,1.00
2016.02.25 22:37:06.216,0.81638,0.81656,1.37,1.00
2016.02.25 22:37:06.812,0.81638,0.81657,1.37,1.00
2016.02.25 22:37:07.393,0.81638,0.81656,1.37,1.00
2016.02.25 22:37:07.949,0.81638,0.81655,1.37,1.00
2016.02.25 22:37:08.540,0.81637,0.81655,1.37,1.00
2016.02.25 22:37:09.110,0.81637,0.81654,1.37,1.00
2016.02.25 22:37:10.627,0.81637,0.81659,1.37,1.00
2016.02.25 22:37:11.147,0.81638,0.81659,1.37,1.00
2016.02.25 22:37:11.763,0.81637,0.81659,1.37,1.00
2016.02.25 22:37:15.222,0.81637,0.81658,1.37,1.00
2016.02.25 22:37:16.031,0.81637,0.81659,1.37,1.00
2016.02.25 22:37:17.138,0.81637,0.81658,1.37,1.00
2016.02.25 22:37:17.862,0.81638,0.81659,1.37,1.00
2016.02.25 22:37:19.630,0.81635,0.81659,1.37,1.00
2016.02.25 22:37:20.238,0.81635,0.81658,1.37,1.00
2016.02.25 22:37:21.768,0.81635,0.81659,1.37,1.12
2016.02.25 22:37:22.279,0.81636,0.81659,1.37,1.00
2016.02.25 22:37:22.822,0.81635,0.81659,1.37,1.00
2016.02.25 22:37:24.379,0.81636,0.81659,1.37,1.00
2016.02.25 22:37:29.071,0.81635,0.81659,1.37,1.00
2016.02.25 22:37:31.474,0.81635,0.81658,1.37,1.00
2016.02.25 22:37:31.984,0.81635,0.81659,1.37,1.12
2016.02.25 22:37:32.509,0.81636,0.81658,1.37,1.00
2016.02.25 22:37:33.034,0.81636,0.81659,1.37,1.00
2016.02.25 22:37:33.553,0.81636,0.81658,1.37,1.12
2016.02.25 22:37:34.226,0.81636,0.81659,1.37,1.00
2016.02.25 22:37:36.404,0.81635,0.81658,1.37,1.00
2016.02.25 22:37:37.456,0.81635,0.81659,1.37,1.50
2016.02.25 22:37:37.659,0.81632,0.81658,1.37,1.12
2016.02.25 22:37:37.761,0.81635,0.81658,1.37,1.00
2016.02.25 22:37:38.678,0.81632,0.81659,1.37,2.25
2016.02.25 22:37:38.881,0.81636,0.81659,1.37,1.37
2016.02.25 22:37:39.399,0.81633,0.81659,1.37,1.87
2016.02.25 22:37:42.761,0.81634,0.81659,1.37,1.12
2016.02.25 22:37:43.308,0.81633,0.81658,1.37,1.12
2016.02.25 22:37:43.783,0.81635,0.81659,1.37,1.37
2016.02.25 22:37:45.240,0.81635,0.81657,1.37,1.37
2016.02.25 22:37:45.750,0.81635,0.81656,1.37,1.37
2016.02.25 22:37:46.004,0.81634,0.81656,1.37,1.00
2016.02.25 22:37:46.610,0.81634,0.81657,1.37,1.00
2016.02.25 22:37:47.201,0.81634,0.81657,1.37,1.37
2016.02.25 22:37:47.404,0.81634,0.81658,1.37,1.12
2016.02.25 22:37:47.982,0.81634,0.81659,1.37,1.37
2016.02.25 22:37:48.084,0.81634,0.81659,1.37,1.37
2016.02.25 22:37:48.609,0.81634,0.81656,1.37,1.37
2016.02.25 22:37:48.805,0.81634,0.81658,1.37,1.12
2016.02.25 22:37:49.508,0.81635,0.81659,1.37,1.87
2016.02.25 22:37:49.610,0.81635,0.81659,1.37,1.37
2016.02.25 22:37:50.166,0.81634,0.81656,1.37,1.37
2016.02.25 22:37:50.600,0.81635,0.81658,1.37,1.12
2016.02.25 22:37:51.111,0.81634,0.81659,1.37,1.50
2016.02.25 22:37:51.880,0.8163,0.81659,1.37,2.25
2016.02.25 22:37:51.982,0.81636,0.81658,1.37,1.12
2016.02.25 22:37:52.314,0.81636,0.81657,1.37,1.37
2016.02.25 22:37:53.034,0.81636,0.81657,1.37,1.37
2016.02.25 22:37:54.298,0.81634,0.81657,1.37,1.37
2016.02.25 22:37:54.401,0.8163,0.81656,1.37,1.00
2016.02.25 22:37:54.503,0.81636,0.81658,1.37,1.12
2016.02.25 22:37:54.605,0.81628,0.81657,1.37,1.37
2016.02.25 22:37:54.809,0.81628,0.81654,1.50,1.37
2016.02.25 22:37:56.010,0.81632,0.81659,1.37,3.00
2016.02.25 22:37:56.112,0.81632,0.81656,1.37,1.00
2016.02.25 22:37:56.417,0.81634,0.81657,1.37,1.12
2016.02.25 22:37:58.403,0.81634,0.81655,1.37,1.12
2016.02.25 22:37:59.189,0.81634,0.81656,1.37,1.00
2016.02.25 22:37:59.739,0.81633,0.81656,1.37,1.00
2016.02.25 22:38:00.247,0.81633,0.81656,1.37,1.75
2016.02.25 22:38:00.298,0.81628,0.81654,1.37,1.87
2016.02.25 22:38:00.400,0.8163,0.81649,1.37,1.00
2016.02.25 22:38:00.604,0.81628,0.81651,1.37,1.00
2016.02.25 22:38:01.112,0.8163,0.81654,1.37,1.50
2016.02.25 22:38:01.164,0.8163,0.81654,1.37,1.87
2016.02.25 22:38:01.683,0.8163,0.81654,1.37,1.87
2016.02.25 22:38:02.217,0.81631,0.81653,1.37,1.12
2016.02.25 22:38:02.319,0.81628,0.81653,1.37,1.00
2016.02.25 22:38:02.370,0.81628,0.8165,1.37,1.00
2016.02.25 22:38:02.814,0.81632,0.81654,1.37,1.87
2016.02.25 22:38:04.235,0.8163,0.81654,1.37,1.87
2016.02.25 22:38:04.540,0.8163,0.81654,1.37,1.12
2016.02.25 22:38:04.834,0.81626,0.81651,1.37,1.50
2016.02.25 22:38:04.937,0.8163,0.81653,1.37,1.12
2016.02.25 22:38:05.488,0.81627,0.81653,1.37,1.37
2016.02.25 22:38:05.641,0.8163,0.81655,1.37,1.87
2016.02.25 22:38:05.948,0.81627,0.81651,1.37,1.00
2016.02.25 22:38:06.104,0.81629,0.81653,1.37,1.75
2016.02.25 22:38:06.429,0.81626,0.81654,1.37,1.12
2016.02.25 22:38:06.600,0.81629,0.81654,1.37,1.12
2016.02.25 22:38:07.107,0.81629,0.81651,1.37,1.12
2016.02.25 22:38:07.210,0.81626,0.81651,1.37,1.50
2016.02.25 22:38:07.312,0.81626,0.81649,1.37,1.12
2016.02.25 22:38:07.616,0.81618,0.81643,1.50,1.37
2016.02.25 22:38:07.718,0.81623,0.81647,1.37,1.37
2016.02.25 22:38:07.821,0.8162,0.81648,1.37,1.37
2016.02.25 22:38:08.345,0.81619,0.81647,1.37,1.37
2016.02.25 22:38:08.447,0.81624,0.81651,1.37,2.62
2016.02.25 22:38:08.752,0.81623,0.81647,1.37,1.37
2016.02.25 22:38:09.082,0.81625,0.81648,1.37,1.37
2016.02.25 22:38:09.504,0.81623,0.81649,1.37,1.37
2016.02.25 22:38:09.929,0.8162,0.81648,1.00,1.37
2016.02.25 22:38:10.364,0.81622,0.81649,1.37,1.37
2016.02.25 22:38:10.523,0.81622,0.81651,1.37,1.37
2016.02.25 22:38:11.512,0.81618,0.81645,1.87,1.37
2016.02.25 22:38:11.821,0.81622,0.81648,1.37,1.37
2016.02.25 22:38:12.668,0.81618,0.81645,1.37,1.37
2016.02.25 22:38:12.847,0.81621,0.81648,1.37,1.37
2016.02.25 22:38:13.656,0.81621,0.8165,1.37,1.87
2016.02.25 22:38:13.758,0.81618,0.81645,2.25,1.37
2016.02.25 22:38:14.736,0.81619,0.81648,1.12,1.37
2016.02.25 22:38:14.838,0.81625,0.8165,1.37,1.37
2016.02.25 22:38:14.941,0.81622,0.81651,1.37,1.37
2016.02.25 22:38:15.412,0.81619,0.81645,1.87,1.37
2016.02.25 22:38:15.512,0.81621,0.81648,1.37,1.37
2016.02.25 22:38:16.627,0.81619,0.81644,1.37,1.37
2016.02.25 22:38:17.044,0.81616,0.81645,1.50,1.37
2016.02.25 22:38:17.095,0.81617,0.81645,1.37,1.37
2016.02.25 22:38:17.603,0.81617,0.81644,1.50,1.37
2016.02.25 22:38:17.908,0.8162,0.81647,1.37,1.37
2016.02.25 22:38:17.959,0.8162,0.81649,1.37,1.00
2016.02.25 22:38:18.061,0.81625,0.8165,1.37,1.12
2016.02.25 22:38:18.366,0.81625,0.81652,1.37,1.87
2016.02.25 22:38:19.218,0.81625,0.81652,1.37,1.87
2016.02.25 22:38:19.320,0.81624,0.8165,1.37,1.87
2016.02.25 22:38:19.726,0.81627,0.81649,1.37,1.12
2016.02.25 22:38:19.828,0.81624,0.81652,1.37,2.62
2016.02.25 22:38:20.872,0.81624,0.81651,1.37,1.37
2016.02.25 22:38:21.962,0.81624,0.8165,1.37,1.50
2016.02.25 22:38:22.266,0.81619,0.81648,1.50,1.00
2016.02.25 22:38:22.371,0.81623,0.81648,1.37,1.50
2016.02.25 22:38:22.440,0.81619,0.81645,2.25,1.37
2016.02.25 22:38:22.543,0.81623,0.81648,1.37,1.37
2016.02.25 22:38:23.652,0.8162,0.81648,1.37,1.37
2016.02.25 22:38:23.754,0.81625,0.81649,1.37,1.12
2016.02.25 22:38:23.856,0.81623,0.81648,1.37,1.00
2016.02.25 22:38:24.768,0.81625,0.81651,1.37,1.50
2016.02.25 22:38:25.073,0.81627,0.81649,1.37,1.00
2016.02.25 22:38:25.409,0.81629,0.81651,1.37,1.12
2016.02.25 22:38:25.702,0.81627,0.81651,1.37,1.12
2016.02.25 22:38:25.753,0.8163,0.81651,1.37,1.12
2016.02.25 22:38:26.437,0.81627,0.81651,1.37,1.87
2016.02.25 22:38:26.640,0.81624,0.81649,1.37,1.00
2016.02.25 22:38:27.265,0.81624,0.8165,1.37,1.12
2016.02.25 22:38:28.245,0.81627,0.81651,1.37,1.37
2016.02.25 22:38:28.347,0.81627,0.81652,1.37,1.00
2016.02.25 22:38:28.862,0.81628,0.81651,1.37,1.50
2016.02.25 22:38:29.363,0.81631,0.81651,1.37,1.50
2016.02.25 22:38:29.465,0.81627,0.81651,1.37,1.50
2016.02.25 22:38:30.311,0.81627,0.8165,1.37,1.50
2016.02.25 22:38:31.386,0.81627,0.81651,1.37,1.50
2016.02.25 22:38:31.437,0.81624,0.81651,1.37,1.50
2016.02.25 22:38:32.014,0.81624,0.81651,1.37,1.87
2016.02.25 22:38:32.116,0.81624,0.81649,1.37,1.37
2016.02.25 22:38:32.422,0.8163,0.8165,1.37,1.75
2016.02.25 22:38:32.473,0.81627,0.8165,1.37,1.50
2016.02.25 22:38:32.627,0.81627,0.81651,1.37,1.00
2016.02.25 22:38:32.729,0.81627,0.81654,1.37,1.37
2016.02.25 22:38:33.251,0.81626,0.81653,1.37,1.37
2016.02.25 22:38:33.761,0.81624,0.81649,1.37,1.37
2016.02.25 22:38:33.863,0.81623,0.81651,1.37,1.12
2016.02.25 22:38:34.356,0.81626,0.81651,1.37,1.12
2016.02.25 22:38:34.834,0.81626,0.81654,1.37,1.87
2016.02.25 22:38:36.673,0.8163,0.81656,1.00,1.37
2016.02.25 22:38:37.024,0.81635,0.81656,1.87,1.37
2016.02.25 22:38:37.329,0.81641,0.81659,2.62,1.37
2016.02.25 22:38:37.685,0.81648,0.81659,1.87,1.37
2016.02.25 22:38:37.787,0.81644,0.8166,1.87,1.37
2016.02.25 22:38:38.556,0.81644,0.81661,2.62,1.37
2016.02.25 22:38:40.770,0.81646,0.81662,1.87,1.37
2016.02.25 22:38:41.065,0.81651,0.81663,1.87,1.37
2016.02.25 22:38:41.273,0.81648,0.81663,1.87,1.37
2016.02.25 22:38:41.375,0.81648,0.81665,1.87,1.37
2016.02.25 22:38:41.476,0.81648,0.81671,1.87,1.37
2016.02.25 22:38:41.864,0.8165,0.81671,1.87,1.37
2016.02.25 22:38:42.406,0.81649,0.8167,1.87,1.37
2016.02.25 22:38:42.979,0.81649,0.81671,2.62,1.37
2016.02.25 22:38:43.705,0.81648,0.81671,2.62,1.37
2016.02.25 22:38:44.061,0.8165,0.8167,1.87,1.37
2016.02.25 22:38:44.595,0.8165,0.81668,1.87,1.37
2016.02.25 22:38:44.799,0.81648,0.81668,1.00,1.37
2016.02.25 22:38:44.850,0.81646,0.81668,1.87,1.37
2016.02.25 22:38:44.902,0.81648,0.8167,1.87,1.37
2016.02.25 22:38:45.381,0.81648,0.81667,1.87,1.37
2016.02.25 22:38:45.927,0.81647,0.81667,2.62,1.37
2016.02.25 22:38:46.423,0.81644,0.81666,2.62,1.37
2016.02.25 22:38:47.786,0.81644,0.81666,1.75,1.37
2016.02.25 22:38:48.792,0.81643,0.81667,2.25,1.37
2016.02.25 22:38:49.199,0.81642,0.81667,3.00,1.37
2016.02.25 22:38:49.779,0.81641,0.81667,3.00,1.37
2016.02.25 22:38:50.092,0.81647,0.81667,1.87,1.37
2016.02.25 22:38:50.194,0.81641,0.81667,3.37,1.37
2016.02.25 22:38:51.397,0.8164,0.81666,3.00,1.37
2016.02.25 22:38:52.048,0.81641,0.81667,1.75,1.37
2016.02.25 22:38:52.423,0.81641,0.81667,1.00,1.37
2016.02.25 22:38:52.615,0.81641,0.81667,1.75,1.37
2016.02.25 22:38:55.067,0.81643,0.81666,1.87,1.37
2016.02.25 22:38:55.408,0.81644,0.81666,1.12,1.37
2016.02.25 22:38:58.373,0.81643,0.81666,1.37,1.37
2016.02.25 22:38:58.425,0.81648,0.81672,1.37,1.37
2016.02.25 22:38:58.577,0.81647,0.81672,1.87,1.37
2016.02.25 22:38:58.679,0.81647,0.81672,1.37,1.37
2016.02.25 22:38:58.781,0.81648,0.81672,1.37,1.37
2016.02.25 22:38:59.354,0.81648,0.81672,2.25,1.37
2016.02.25 22:38:59.878,0.81648,0.81672,1.37,1.37
2016.02.25 22:39:00.344,0.81646,0.81672,2.62,1.37
2016.02.25 22:39:00.446,0.81647,0.81672,2.25,1.37
2016.02.25 22:39:00.871,0.81648,0.81671,1.00,1.37
2016.02.25 22:39:01.500,0.81646,0.81672,1.60,1.37
2016.02.25 22:39:02.021,0.81647,0.81673,1.37,1.37
2016.02.25 22:39:03.110,0.81646,0.81671,1.37,1.37
2016.02.25 22:39:03.514,0.81647,0.81673,1.37,1.37
2016.02.25 22:39:04.941,0.81646,0.81671,1.37,1.37
2016.02.25 22:39:05.233,0.81646,0.81673,1.37,1.37
2016.02.25 22:39:08.002,0.81647,0.81672,1.37,1.37
2016.02.25 22:39:08.516,0.81646,0.81673,1.37,1.37
2016.02.25 22:39:13.923,0.81645,0.8167,1.12,1.37
2016.02.25 22:39:14.920,0.81645,0.81672,1.12,1.37
2016.02.25 22:39:15.252,0.81645,0.81669,1.12,1.37
2016.02.25 22:39:15.911,0.81645,0.8167,1.37,1.37
2016.02.25 22:39:18.417,0.81644,0.81671,1.37,1.37
2016.02.25 22:39:19.275,0.81643,0.81669,1.87,1.37
2016.02.25 22:39:19.580,0.81648,0.81674,1.37,1.37
2016.02.25 22:39:20.244,0.8165,0.81676,1.37,1.37
2016.02.25 22:39:21.154,0.81648,0.81676,1.37,1.37
2016.02.25 22:39:21.793,0.81648,0.8167,1.37,1.37
2016.02.25 22:39:21.844,0.81645,0.8167,1.37,1.37
2016.02.25 22:39:21.896,0.81645,0.8167,1.37,1.00
2016.02.25 22:39:22.048,0.81647,0.8167,1.37,1.00
2016.02.25 22:39:22.150,0.81648,0.81673,1.37,2.25
2016.02.25 22:39:24.248,0.81644,0.8167,1.37,1.37
2016.02.25 22:39:24.350,0.81646,0.81669,1.37,1.37
2016.02.25 22:39:24.452,0.81645,0.81672,1.37,1.37
2016.02.25 22:39:24.554,0.81647,0.81675,1.37,1.12
2016.02.25 22:39:24.893,0.8165,0.81678,1.37,1.12
2016.02.25 22:39:25.148,0.8165,0.81678,1.37,1.00
2016.02.25 22:39:26.559,0.81648,0.81678,1.37,1.00
2016.02.25 22:39:26.989,0.81646,0.81666,1.37,1.00
2016.02.25 22:39:27.042,0.8164,0.81664,1.00,1.37
2016.02.25 22:39:27.147,0.81637,0.81664,1.37,1.37
2016.02.25 22:39:27.355,0.81634,0.81662,1.87,1.37
2016.02.25 22:39:27.408,0.81636,0.81662,1.00,1.37
2016.02.25 22:39:27.720,0.81643,0.81668,1.37,1.75
2016.02.25 22:39:28.235,0.8164,0.81665,1.87,1.12
2016.02.25 22:39:28.337,0.81645,0.81667,1.37,1.75
2016.02.25 22:39:28.439,0.81643,0.81667,1.37,1.75
2016.02.25 22:39:28.491,0.81643,0.81667,1.37,1.75
2016.02.25 22:39:28.865,0.81642,0.81664,1.37,1.00
2016.02.25 22:39:28.967,0.81643,0.81667,1.37,1.12
2016.02.25 22:39:29.069,0.81639,0.81665,1.87,1.37
2016.02.25 22:39:29.427,0.81636,0.81665,1.37,1.87
2016.02.25 22:39:29.776,0.81637,0.81662,1.37,1.37
2016.02.25 22:39:29.828,0.81637,0.81664,1.37,1.00
2016.02.25 22:39:30.711,0.81636,0.81664,1.37,1.00
2016.02.25 22:39:31.390,0.81636,0.81666,1.37,1.75
2016.02.25 22:39:31.441,0.81636,0.81666,1.37,1.75
2016.02.25 22:39:32.050,0.81636,0.8166,1.37,1.00
2016.02.25 22:39:32.567,0.81636,0.81664,1.37,2.25
2016.02.25 22:39:33.084,0.81636,0.8166,1.37,1.00
2016.02.25 22:39:34.076,0.81636,0.81663,1.37,1.00
2016.02.25 22:39:34.603,0.81637,0.81664,1.37,1.00
2016.02.25 22:39:35.163,0.81637,0.81663,1.37,1.00
2016.02.25 22:39:36.774,0.81636,0.81662,1.37,1.00
2016.02.25 22:39:36.979,0.81636,0.81661,1.37,1.37
2016.02.25 22:39:37.501,0.81637,0.81661,1.37,2.25
2016.02.25 22:39:37.935,0.81636,0.81657,1.37,1.00
2016.02.25 22:39:38.502,0.81636,0.81657,1.37,1.37
2016.02.25 22:39:38.941,0.81636,0.81662,1.37,1.87
2016.02.25 22:39:38.992,0.81633,0.81662,1.87,1.87
2016.02.25 22:39:39.355,0.81636,0.8166,1.37,1.12
2016.02.25 22:39:39.849,0.81635,0.8166,1.12,1.87
2016.02.25 22:39:40.370,0.81637,0.8166,1.37,1.00
2016.02.25 22:39:40.721,0.81638,0.81663,1.37,1.12
2016.02.25 22:39:41.076,0.81637,0.81665,1.87,1.00
2016.02.25 22:39:41.178,0.81638,0.81665,1.37,2.25
2016.02.25 22:39:41.750,0.81637,0.81665,1.37,1.50
2016.02.25 22:39:42.453,0.81636,0.81665,1.37,1.50
2016.02.25 22:39:43.168,0.81636,0.81663,1.37,1.50
2016.02.25 22:39:43.654,0.81632,0.81661,1.00,1.50
2016.02.25 22:39:43.857,0.81629,0.8166,1.87,1.87
2016.02.25 22:39:44.062,0.8163,0.81655,1.37,1.37
2016.02.25 22:39:44.266,0.81629,0.81658,1.37,1.37
2016.02.25 22:39:44.371,0.81631,0.81659,1.37,1.50
2016.02.25 22:39:44.726,0.81631,0.81658,1.37,1.12
2016.02.25 22:39:45.157,0.81633,0.81655,1.37,1.12
2016.02.25 22:39:45.463,0.8163,0.81653,1.37,1.37
2016.02.25 22:39:45.870,0.81626,0.81652,1.37,1.37
2016.02.25 22:39:45.973,0.81629,0.81652,1.37,1.37
2016.02.25 22:39:46.278,0.81628,0.81648,1.37,1.00
2016.02.25 22:39:46.817,0.81628,0.81649,1.37,1.00
2016.02.25 22:39:47.072,0.81632,0.81655,1.37,1.12
2016.02.25 22:39:47.276,0.81631,0.81657,1.37,1.37
2016.02.25 22:39:47.379,0.81632,0.81656,1.37,1.87
2016.02.25 22:39:48.472,0.81628,0.81653,1.37,1.00
2016.02.25 22:39:48.671,0.81631,0.81654,1.37,1.00
2016.02.25 22:39:48.775,0.81628,0.81653,1.37,1.00
2016.02.25 22:39:48.878,0.81631,0.81655,1.37,1.50
2016.02.25 22:39:49.356,0.81631,0.81652,1.37,1.37
2016.02.25 22:39:49.407,0.81627,0.81652,1.37,1.50
2016.02.25 22:39:49.560,0.81628,0.81652,1.37,1.50
2016.02.25 22:39:49.611,0.81631,0.81649,1.37,1.00
2016.02.25 22:39:49.713,0.81627,0.81649,1.37,1.00
2016.02.25 22:39:49.764,0.81627,0.81655,1.37,1.50
2016.02.25 22:39:49.815,0.8163,0.81655,1.37,1.00
2016.02.25 22:39:50.170,0.8163,0.81653,1.37,1.00
2016.02.25 22:39:50.410,0.81625,0.81653,1.37,1.37
2016.02.25 22:39:50.512,0.81632,0.81653,1.37,1.50
2016.02.25 22:39:50.819,0.81629,0.81652,1.37,1.37
2016.02.25 22:39:50.972,0.81627,0.81649,1.37,1.37
2016.02.25 22:39:51.175,0.8163,0.81649,1.37,1.37
2016.02.25 22:39:51.594,0.81623,0.81648,1.37,1.00
2016.02.25 22:39:51.797,0.81626,0.81648,1.37,1.00
2016.02.25 22:39:52.083,0.81629,0.81654,1.37,1.12
2016.02.25 22:39:52.389,0.8163,0.81654,1.37,1.37
2016.02.25 22:39:52.790,0.81629,0.81655,1.37,1.12
2016.02.25 22:39:53.095,0.81628,0.81655,1.00,1.37
2016.02.25 22:39:53.197,0.81626,0.81652,1.37,1.75
2016.02.25 22:39:53.870,0.81626,0.81645,1.37,1.12
2016.02.25 22:39:54.295,0.81622,0.81645,1.37,1.12
2016.02.25 22:39:54.448,0.81623,0.81645,1.37,1.87
2016.02.25 22:39:54.753,0.8162,0.81641,1.37,1.87
2016.02.25 22:39:55.271,0.81619,0.81641,1.37,1.87
2016.02.25 22:39:57.630,0.8162,0.81642,1.37,1.50
2016.02.25 22:39:58.143,0.8162,0.81642,1.37,1.87
2016.02.25 22:39:58.194,0.81617,0.81641,1.37,1.12
2016.02.25 22:39:58.296,0.81615,0.8164,1.37,1.37
2016.02.25 22:40:00.109,0.81614,0.8164,1.37,1.50
2016.02.25 22:40:00.621,0.81615,0.8164,1.37,1.87
2016.02.25 22:40:01.126,0.81614,0.8164,1.37,1.00
2016.02.25 22:40:02.116,0.81615,0.8164,1.37,1.12
2016.02.25 22:40:03.598,0.81615,0.81641,1.37,1.50
2016.02.25 22:40:04.307,0.81615,0.81641,1.37,2.62
2016.02.25 22:40:04.916,0.81615,0.81641,1.37,1.87
2016.02.25 22:40:05.044,0.81613,0.81639,1.37,1.37
2016.02.25 22:40:05.595,0.81614,0.8164,1.37,1.37
2016.02.25 22:40:06.231,0.81611,0.81637,1.37,1.37
2016.02.25 22:40:06.745,0.81611,0.81636,1.37,1.37
2016.02.25 22:40:07.549,0.81616,0.81639,1.37,1.12
2016.02.25 22:40:07.601,0.81612,0.81639,1.37,1.12
2016.02.25 22:40:07.804,0.81617,0.81639,1.37,1.12
2016.02.25 22:40:08.350,0.81618,0.81639,1.37,1.00
2016.02.25 22:40:09.396,0.81612,0.81638,1.37,1.37
2016.02.25 22:40:09.920,0.81612,0.81637,1.37,1.37
2016.02.25 22:40:12.710,0.81617,0.81639,1.37,1.00
2016.02.25 22:40:13.671,0.8162,0.81639,1.37,1.00
2016.02.25 22:40:13.824,0.81616,0.81639,1.37,1.00
2016.02.25 22:40:15.414,0.81617,0.81639,1.37,1.00
2016.02.25 22:40:15.634,0.8162,0.81639,1.37,1.00
2016.02.25 22:40:17.262,0.81619,0.8164,1.37,1.87
2016.02.25 22:40:19.842,0.8162,0.81639,1.37,1.12
2016.02.25 22:40:23.776,0.81617,0.81639,1.37,1.50
2016.02.25 22:40:24.231,0.81622,0.81641,1.37,1.00
2016.02.25 22:40:24.929,0.81621,0.81641,1.37,1.00
2016.02.25 22:40:25.140,0.81617,0.81638,1.00,1.37
2016.02.25 22:40:25.242,0.81617,0.8164,1.00,1.37
2016.02.25 22:40:25.345,0.81617,0.81641,1.00,1.12
2016.02.25 22:40:25.447,0.81622,0.81641,1.37,1.12
2016.02.25 22:40:25.650,0.8162,0.81641,1.37,1.12
2016.02.25 22:40:27.331,0.81621,0.81641,1.37,1.12
2016.02.25 22:40:27.635,0.81619,0.81641,1.37,1.12
2016.02.25 22:40:29.284,0.81617,0.81642,1.37,1.50
2016.02.25 22:40:29.437,0.81622,0.81644,1.37,1.12
2016.02.25 22:40:30.437,0.81621,0.81644,1.37,1.00
2016.02.25 22:40:31.354,0.81622,0.81644,1.37,1.00
2016.02.25 22:40:31.662,0.81621,0.81644,1.37,1.75
2016.02.25 22:40:32.367,0.81621,0.81644,1.37,1.00
2016.02.25 22:40:32.521,0.81621,0.81647,1.87,1.50
2016.02.25 22:40:33.094,0.81621,0.81643,1.37,1.00
2016.02.25 22:40:33.613,0.81622,0.81642,1.37,1.00
2016.02.25 22:40:34.172,0.81621,0.81642,1.37,1.00
2016.02.25 22:40:34.427,0.81621,0.81645,1.37,1.00
2016.02.25 22:40:34.935,0.81622,0.81645,1.37,1.87
2016.02.25 22:40:35.482,0.81621,0.81645,1.37,1.87
2016.02.25 22:40:35.992,0.81622,0.81645,1.37,1.87
2016.02.25 22:40:36.658,0.81621,0.81643,1.37,1.00
2016.02.25 22:40:36.710,0.81621,0.81645,1.37,1.12
2016.02.25 22:40:38.057,0.81622,0.81645,1.37,1.50
2016.02.25 22:40:38.462,0.81621,0.81645,1.00,2.25
2016.02.25 22:40:38.565,0.81619,0.81634,1.00,1.37
2016.02.25 22:40:38.667,0.81623,0.8164,1.37,1.00
2016.02.25 22:40:38.769,0.81624,0.81645,1.37,1.12
2016.02.25 22:40:38.820,0.81624,0.81643,1.37,1.00
2016.02.25 22:40:39.125,0.81624,0.81643,1.37,1.87
2016.02.25 22:40:39.672,0.81623,0.81643,1.37,1.50
2016.02.25 22:40:40.231,0.81623,0.81643,1.37,1.87
2016.02.25 22:40:40.749,0.81624,0.81641,1.37,1.37
2016.02.25 22:40:41.520,0.81624,0.81641,1.37,1.50
2016.02.25 22:40:42.033,0.81623,0.81641,1.37,1.50
2016.02.25 22:40:42.341,0.81623,0.81641,1.37,1.87
2016.02.25 22:40:43.590,0.81623,0.81643,1.37,1.37
2016.02.25 22:40:44.061,0.81623,0.81642,1.37,2.25
2016.02.25 22:40:44.494,0.81623,0.81642,1.37,1.50
2016.02.25 22:40:46.281,0.81623,0.81644,1.37,1.87
2016.02.25 22:40:47.138,0.81623,0.81643,1.37,1.12
2016.02.25 22:40:47.670,0.81623,0.81642,1.37,1.37
2016.02.25 22:40:48.179,0.81624,0.81642,1.37,1.37
2016.02.25 22:40:48.569,0.81623,0.81643,1.37,1.87
2016.02.25 22:40:48.671,0.81623,0.81643,1.37,2.25
2016.02.25 22:40:49.458,0.81624,0.81643,1.37,2.25
2016.02.25 22:40:50.229,0.81623,0.81643,1.37,1.87
2016.02.25 22:40:50.331,0.81618,0.81643,1.37,2.25
2016.02.25 22:40:50.433,0.81616,0.81641,1.87,1.37
2016.02.25 22:40:50.534,0.8162,0.81643,1.37,1.37
2016.02.25 22:40:50.687,0.81621,0.81645,1.37,2.25
2016.02.25 22:40:51.079,0.81623,0.81644,1.37,1.37
2016.02.25 22:40:51.130,0.81618,0.81642,1.37,1.00
2016.02.25 22:40:51.240,0.81622,0.81644,1.37,1.37
2016.02.25 22:40:51.291,0.81617,0.81644,1.37,1.37
2016.02.25 22:40:51.342,0.81617,0.81644,1.37,2.25
2016.02.25 22:40:51.646,0.8162,0.81641,1.37,2.25
2016.02.25 22:40:52.445,0.8162,0.81641,1.37,1.87
2016.02.25 22:40:53.044,0.81621,0.81643,1.37,1.87
2016.02.25 22:40:53.594,0.8162,0.81643,1.37,1.87
2016.02.25 22:40:54.100,0.8162,0.81643,1.37,1.87
2016.02.25 22:40:55.535,0.8162,0.81642,1.37,1.12
2016.02.25 22:40:56.056,0.81621,0.81641,1.37,1.50
2016.02.25 22:40:56.644,0.8162,0.81642,1.37,1.75
2016.02.25 22:40:57.156,0.8162,0.81642,1.37,2.62
2016.02.25 22:40:57.664,0.81621,0.81642,1.37,1.75
2016.02.25 22:40:57.927,0.81625,0.81646,1.00,1.50
2016.02.25 22:40:58.227,0.81627,0.81648,1.87,1.00
2016.02.25 22:40:58.281,0.81624,0.81648,1.37,1.00
2016.02.25 22:40:58.433,0.81629,0.81648,1.37,1.00
2016.02.25 22:40:58.688,0.81628,0.81652,1.37,1.50
2016.02.25 22:40:58.739,0.81626,0.81652,1.00,1.50
2016.02.25 22:40:58.943,0.8163,0.81649,1.00,1.37
2016.02.25 22:40:59.219,0.81631,0.81652,1.00,2.25
2016.02.25 22:40:59.507,0.81631,0.81649,1.00,1.37
2016.02.25 22:40:59.609,0.81631,0.81652,1.00,1.37
2016.02.25 22:41:00.243,0.81631,0.81653,1.00,1.50
2016.02.25 22:41:00.767,0.81629,0.81651,1.37,1.50
2016.02.25 22:41:00.869,0.81628,0.81649,1.37,1.12
2016.02.25 22:41:01.022,0.81626,0.81649,1.37,1.87
2016.02.25 22:41:01.596,0.81626,0.81648,1.37,1.12
2016.02.25 22:41:02.228,0.81627,0.81648,1.37,1.75
2016.02.25 22:41:02.780,0.81627,0.81648,1.37,1.12
2016.02.25 22:41:03.181,0.81627,0.81647,1.37,1.12
2016.02.25 22:41:03.232,0.81623,0.81647,1.37,2.62
2016.02.25 22:41:03.446,0.81627,0.81645,1.37,1.87
2016.02.25 22:41:03.498,0.81627,0.81646,1.37,1.50
2016.02.25 22:41:04.206,0.81626,0.81647,1.37,1.75
2016.02.25 22:41:04.738,0.81626,0.81647,1.37,1.50
2016.02.25 22:41:05.403,0.81623,0.81643,1.87,3.00
2016.02.25 22:41:05.454,0.81616,0.81639,1.00,1.00
2016.02.25 22:41:05.569,0.81618,0.81641,1.37,1.37
2016.02.25 22:41:05.721,0.81615,0.81641,1.87,1.87
2016.02.25 22:41:05.925,0.81615,0.81637,1.00,1.50
2016.02.25 22:41:06.179,0.81615,0.8164,1.12,1.37
2016.02.25 22:41:06.536,0.81617,0.81641,1.37,1.37
2016.02.25 22:41:07.714,0.81617,0.81642,1.37,2.25
2016.02.25 22:41:07.866,0.81617,0.81641,1.37,1.37
2016.02.25 22:41:08.930,0.81618,0.81642,1.87,1.87
2016.02.25 22:41:09.376,0.81618,0.81641,1.87,1.12
2016.02.25 22:41:09.529,0.81612,0.81637,1.12,1.12
2016.02.25 22:41:09.580,0.81612,0.81638,1.12,2.62
2016.02.25 22:41:09.631,0.81615,0.81639,1.37,1.75
2016.02.25 22:41:10.139,0.81615,0.8164,1.37,3.00
2016.02.25 22:41:10.818,0.81616,0.81639,1.37,1.12
2016.02.25 22:41:10.870,0.81615,0.8164,1.37,2.25
2016.02.25 22:41:11.440,0.81615,0.8164,1.37,2.25
2016.02.25 22:41:11.542,0.81613,0.81638,1.37,1.37
2016.02.25 22:41:11.644,0.81611,0.81634,1.00,1.37
2016.02.25 22:41:11.949,0.81614,0.81637,1.37,1.50
2016.02.25 22:41:12.645,0.81614,0.81638,1.37,1.75
2016.02.25 22:41:13.141,0.81615,0.81638,1.12,1.87
2016.02.25 22:41:13.243,0.81616,0.8164,1.37,3.00
2016.02.25 22:41:13.752,0.81616,0.81639,1.37,2.25
2016.02.25 22:41:14.309,0.81616,0.81639,1.37,2.25
2016.02.25 22:41:14.814,0.81614,0.81639,1.37,2.25
2016.02.25 22:41:15.317,0.81614,0.81639,1.37,2.25
2016.02.25 22:41:15.862,0.81614,0.81639,1.37,2.25
2016.02.25 22:41:16.086,0.81614,0.81639,1.87,2.25
2016.02.25 22:41:16.718,0.81615,0.81639,1.12,1.50
2016.02.25 22:41:17.140,0.81611,0.81636,1.87,1.37
2016.02.25 22:41:17.241,0.81613,0.81638,1.37,1.00
2016.02.25 22:41:17.546,0.81614,0.81638,1.37,1.87
2016.02.25 22:41:18.153,0.81613,0.81638,1.37,1.37
2016.02.25 22:41:18.286,0.8161,0.81635,1.87,1.37
2016.02.25 22:41:18.522,0.81613,0.81637,1.37,1.50
2016.02.25 22:41:18.573,0.81611,0.81637,1.12,1.50
2016.02.25 22:41:18.675,0.81615,0.8164,1.37,1.87
2016.02.25 22:41:18.878,0.81613,0.81639,1.37,1.37
2016.02.25 22:41:18.980,0.81611,0.81637,1.00,1.00
2016.02.25 22:41:19.510,0.8161,0.81637,1.87,1.50
2016.02.25 22:41:19.561,0.8161,0.81634,1.87,1.37
2016.02.25 22:41:19.865,0.81613,0.81637,1.37,1.00
2016.02.25 22:41:20.675,0.8161,0.81634,2.25,1.37
2016.02.25 22:41:21.209,0.8161,0.81633,1.12,1.37
2016.02.25 22:41:21.685,0.81614,0.81637,1.37,1.50
2016.02.25 22:41:23.227,0.8161,0.81634,2.62,1.37
2016.02.25 22:41:24.377,0.8161,0.81636,2.62,1.37
2016.02.25 22:41:25.300,0.81611,0.81637,1.37,1.50
2016.02.25 22:41:27.067,0.81612,0.81636,1.87,1.37
2016.02.25 22:41:27.616,0.81611,0.81637,1.87,1.37
2016.02.25 22:41:29.975,0.81613,0.81638,1.00,1.37
2016.02.25 22:41:30.179,0.81614,0.81639,1.37,1.37
2016.02.25 22:41:30.717,0.81614,0.8164,1.37,1.37
2016.02.25 22:41:32.284,0.81617,0.8164,1.00,1.37
2016.02.25 22:41:32.673,0.81614,0.8164,1.87,1.37
2016.02.25 22:41:33.228,0.81616,0.8164,1.00,1.37
2016.02.25 22:41:34.472,0.8162,0.8164,1.00,1.37
2016.02.25 22:41:34.762,0.81618,0.81646,2.62,1.20
2016.02.25 22:41:34.813,0.81621,0.81646,1.37,1.00
2016.02.25 22:41:35.118,0.81627,0.81649,1.37,1.00
2016.02.25 22:41:35.220,0.81626,0.81652,1.37,1.00
2016.02.25 22:41:35.272,0.81627,0.81654,1.37,1.00
2016.02.25 22:41:35.678,0.81632,0.81655,1.00,2.32
2016.02.25 22:41:36.180,0.81632,0.81655,1.00,2.32
2016.02.25 22:41:36.698,0.81631,0.81655,1.00,1.57
2016.02.25 22:41:37.010,0.81627,0.81655,1.12,1.57
2016.02.25 22:41:37.213,0.81631,0.81655,1.00,1.57
2016.02.25 22:41:37.823,0.81624,0.81643,1.00,1.37
2016.02.25 22:41:37.875,0.81625,0.81651,1.37,1.87
2016.02.25 22:41:37.928,0.81623,0.81644,1.12,1.37
2016.02.25 22:41:38.236,0.81631,0.81649,1.00,1.37
2016.02.25 22:41:38.544,0.81634,0.81648,1.00,1.37
2016.02.25 22:41:38.793,0.81626,0.81649,1.00,1.37
2016.02.25 22:41:38.997,0.81626,0.81646,1.00,1.37
2016.02.25 22:41:39.481,0.81624,0.81646,1.00,1.37
2016.02.25 22:41:39.986,0.81625,0.81645,1.00,1.37
2016.02.25 22:41:40.089,0.81633,0.8165,1.00,1.00
2016.02.25 22:41:40.141,0.81633,0.81653,1.00,1.00
2016.02.25 22:41:40.193,0.81634,0.81655,1.00,1.00
2016.02.25 22:41:40.739,0.81633,0.81655,1.00,1.00
2016.02.25 22:41:42.033,0.81629,0.81647,1.00,1.37
2016.02.25 22:41:42.136,0.81626,0.81648,1.87,1.00
2016.02.25 22:41:42.238,0.81627,0.81652,1.87,1.12
2016.02.25 22:41:42.820,0.81629,0.8165,1.00,1.37
2016.02.25 22:41:43.334,0.81629,0.81651,1.00,1.37
2016.02.25 22:41:43.860,0.81628,0.81651,1.00,1.37
2016.02.25 22:41:45.519,0.81625,0.81649,1.00,1.37
2016.02.25 22:41:45.622,0.81626,0.81653,1.37,1.95
2016.02.25 22:41:45.725,0.81629,0.81652,1.00,1.37
2016.02.25 22:41:46.235,0.81628,0.81653,1.00,1.10
2016.02.25 22:41:47.495,0.81626,0.81653,1.37,1.10
2016.02.25 22:41:47.998,0.81628,0.81653,1.00,1.00
2016.02.25 22:41:49.098,0.81628,0.81651,1.00,1.37
2016.02.25 22:41:49.628,0.81627,0.81651,1.12,1.37
2016.02.25 22:41:50.129,0.81627,0.81651,1.00,1.00
2016.02.25 22:41:50.443,0.81627,0.81648,1.12,1.00
2016.02.25 22:41:50.948,0.81626,0.81649,1.12,1.00
2016.02.25 22:41:51.050,0.81626,0.81652,1.12,1.20
2016.02.25 22:41:51.152,0.81626,0.8165,1.12,1.37
2016.02.25 22:41:51.678,0.81626,0.81648,1.37,1.12
2016.02.25 22:41:52.201,0.81627,0.81649,1.00,1.12
2016.02.25 22:41:53.133,0.81628,0.81648,1.00,1.12
2016.02.25 22:41:53.552,0.81625,0.81649,1.37,1.12
2016.02.25 22:41:53.720,0.81628,0.81648,1.00,1.12
2016.02.25 22:41:54.619,0.81627,0.81649,1.00,1.12
2016.02.25 22:41:55.558,0.81625,0.81649,1.37,1.12
2016.02.25 22:41:56.103,0.81627,0.81649,1.00,1.12
2016.02.25 22:41:56.642,0.81628,0.81648,1.00,1.12
2016.02.25 22:41:57.530,0.81625,0.81649,1.37,1.12
2016.02.25 22:41:58.153,0.81627,0.81649,1.00,1.12
2016.02.25 22:41:59.020,0.81628,0.81648,1.00,1.12
2016.02.25 22:41:59.340,0.81627,0.8165,1.12,1.00
2016.02.25 22:41:59.821,0.81626,0.81648,1.37,1.00
2016.02.25 22:42:00.818,0.81627,0.8165,1.12,1.00
2016.02.25 22:42:01.319,0.81627,0.8165,1.00,1.87
2016.02.25 22:42:01.421,0.81625,0.81648,1.00,1.00
2016.02.25 22:42:01.523,0.81626,0.81647,1.37,1.00
2016.02.25 22:42:02.029,0.81628,0.81647,1.00,1.37
2016.02.25 22:42:02.131,0.81627,0.81649,1.00,1.37
2016.02.25 22:42:02.831,0.81624,0.81649,1.87,1.37
2016.02.25 22:42:02.888,0.81627,0.81649,1.00,1.37
2016.02.25 22:42:03.021,0.81624,0.81649,1.87,1.37
2016.02.25 22:42:03.246,0.81628,0.81648,1.00,1.37
2016.02.25 22:42:03.422,0.81627,0.8165,1.00,1.87
2016.02.25 22:42:05.070,0.81624,0.8165,1.87,1.87
2016.02.25 22:42:05.226,0.81628,0.81649,1.00,1.87
2016.02.25 22:42:07.064,0.81627,0.81647,1.00,1.37
2016.02.25 22:42:07.166,0.81625,0.81649,1.87,1.87
2016.02.25 22:42:07.228,0.81624,0.8165,1.87,1.00
2016.02.25 22:42:07.635,0.81625,0.81647,1.37,1.00
2016.02.25 22:42:09.173,0.81629,0.81646,1.00,1.37
2016.02.25 22:42:09.275,0.81627,0.81646,1.00,1.37
2016.02.25 22:42:09.380,0.81629,0.81647,1.00,1.37
2016.02.25 22:42:09.874,0.81627,0.81647,1.00,1.12
2016.02.25 22:42:09.976,0.81625,0.81645,1.00,1.37
2016.02.25 22:42:10.528,0.81631,0.81647,1.00,1.37
2016.02.25 22:42:10.585,0.81627,0.81647,1.00,1.37
2016.02.25 22:42:10.738,0.81632,0.81648,1.00,1.37
2016.02.25 22:42:11.248,0.81631,0.81648,1.00,1.37
2016.02.25 22:42:11.350,0.81625,0.81645,1.00,1.37
2016.02.25 22:42:11.553,0.81629,0.81645,1.00,1.37
2016.02.25 22:42:11.857,0.81625,0.81648,1.00,1.37
2016.02.25 22:42:11.959,0.81623,0.81644,1.00,1.37
2016.02.25 22:42:12.504,0.81622,0.81645,1.00,1.37
2016.02.25 22:42:13.244,0.81622,0.81648,1.00,1.37
2016.02.25 22:42:13.346,0.81622,0.81646,1.00,1.37
2016.02.25 22:42:13.650,0.81627,0.81652,1.12,1.12
2016.02.25 22:42:13.752,0.81634,0.81652,1.00,1.87
2016.02.25 22:42:14.065,0.81634,0.81649,1.00,1.37
2016.02.25 22:42:14.522,0.81631,0.81648,1.00,1.37
2016.02.25 22:42:16.574,0.81633,0.81646,1.00,1.37
2016.02.25 22:42:16.754,0.81632,0.81651,1.00,1.00
2016.02.25 22:42:16.856,0.81628,0.81636,1.00,1.37
2016.02.25 22:42:17.108,0.81626,0.81638,1.00,1.37
2016.02.25 22:42:18.876,0.81623,0.81638,1.50,1.37
2016.02.25 22:42:19.079,0.81626,0.81638,1.00,1.37
2016.02.25 22:42:19.753,0.81627,0.81639,1.00,1.37
2016.02.25 22:42:20.750,0.81626,0.81642,1.00,1.00
2016.02.25 22:42:20.860,0.81624,0.8164,1.00,1.37
2016.02.25 22:42:21.165,0.81628,0.8164,1.00,1.37
2016.02.25 22:42:21.522,0.81631,0.81639,1.00,1.37
2016.02.25 22:42:21.999,0.81628,0.8164,1.00,1.37
2016.02.25 22:42:22.880,0.81625,0.8164,1.00,1.37
2016.02.25 22:42:23.080,0.81628,0.8164,1.00,1.37
2016.02.25 22:42:23.283,0.81622,0.8164,1.50,1.37
2016.02.25 22:42:23.385,0.8162,0.8164,1.00,1.37
2016.02.25 22:42:23.487,0.81617,0.8164,1.00,1.37
2016.02.25 22:42:23.690,0.81619,0.8164,1.00,1.37
2016.02.25 22:42:24.553,0.81619,0.81638,1.00,1.37
2016.02.25 22:42:25.365,0.81619,0.81635,1.00,1.37
2016.02.25 22:42:26.067,0.81618,0.81636,1.50,1.37
2016.02.25 22:42:26.600,0.81618,0.81635,1.00,1.37
2016.02.25 22:42:27.226,0.81619,0.81636,1.00,1.37
2016.02.25 22:42:27.734,0.8162,0.81637,1.00,1.37
2016.02.25 22:42:28.003,0.81617,0.81637,1.50,1.37
2016.02.25 22:42:28.512,0.81617,0.81638,1.00,1.37
2016.02.25 22:42:28.716,0.81618,0.81635,1.00,1.37
2016.02.25 22:42:28.818,0.81619,0.81638,1.00,1.37
2016.02.25 22:42:28.921,0.81618,0.81635,1.00,1.37
2016.02.25 22:42:29.221,0.81618,0.81639,1.00,1.37
2016.02.25 22:42:29.481,0.81618,0.81635,1.00,1.37
2016.02.25 22:42:29.984,0.81617,0.81634,1.00,1.37
2016.02.25 22:42:30.524,0.81617,0.81635,1.00,1.37
2016.02.25 22:42:31.041,0.81618,0.81635,1.00,1.37
2016.02.25 22:42:31.976,0.81618,0.81634,1.00,1.37
2016.02.25 22:42:32.428,0.8162,0.81634,1.00,1.37
2016.02.25 22:42:32.494,0.81617,0.81635,1.50,1.37
2016.02.25 22:42:32.697,0.81619,0.81635,1.00,1.37
2016.02.25 22:42:34.023,0.81617,0.81635,1.50,1.37
2016.02.25 22:42:34.226,0.81619,0.81635,1.00,1.37
2016.02.25 22:42:34.698,0.81617,0.8164,1.50,1.37
2016.02.25 22:42:34.903,0.81615,0.8164,1.00,2.25
2016.02.25 22:42:35.006,0.81614,0.81634,1.00,1.37
2016.02.25 22:42:35.312,0.81614,0.81632,1.00,1.37
2016.02.25 22:42:35.719,0.81615,0.81626,1.00,1.37
2016.02.25 22:42:35.822,0.81617,0.81633,1.00,1.87
2016.02.25 22:42:35.924,0.81616,0.81637,1.00,1.37
2016.02.25 22:42:36.210,0.81623,0.81633,1.00,1.37
2016.02.25 22:42:36.321,0.81619,0.81632,1.00,1.37
2016.02.25 22:42:36.423,0.81615,0.81633,1.00,1.37
2016.02.25 22:42:36.889,0.81614,0.81635,1.50,1.37
2016.02.25 22:42:36.991,0.81614,0.81639,1.50,1.37
2016.02.25 22:42:37.094,0.81616,0.81638,1.00,1.37
2016.02.25 22:42:38.199,0.81617,0.81637,1.00,1.37
2016.02.25 22:42:38.504,0.81621,0.81637,1.00,1.37
2016.02.25 22:42:38.810,0.81626,0.81639,1.00,1.37
2016.02.25 22:42:40.409,0.81622,0.81639,1.00,1.37
2016.02.25 22:42:40.612,0.81625,0.81639,1.00,1.37
2016.02.25 22:42:41.130,0.81626,0.81633,1.00,1.37
2016.02.25 22:42:41.232,0.81624,0.81634,1.00,1.37
2016.02.25 22:42:42.395,0.81621,0.81634,1.00,1.37
2016.02.25 22:42:42.607,0.81623,0.81634,1.00,1.37
2016.02.25 22:42:42.943,0.81624,0.81639,1.00,1.87
2016.02.25 22:42:42.995,0.81626,0.81639,1.00,1.87
2016.02.25 22:42:43.511,0.81626,0.8164,1.00,1.37
2016.02.25 22:42:44.126,0.81625,0.81644,1.00,1.37
2016.02.25 22:42:44.397,0.81624,0.81641,1.00,1.37
2016.02.25 22:42:46.104,0.81624,0.81642,1.00,1.37
2016.02.25 22:42:46.433,0.81621,0.81641,1.00,1.37
2016.02.25 22:42:46.778,0.81625,0.81641,1.00,1.37
2016.02.25 22:42:50.828,0.81624,0.81639,1.00,1.37
2016.02.25 22:42:50.930,0.81618,0.81639,1.00,1.37
2016.02.25 22:42:51.133,0.81623,0.81639,1.00,1.37
2016.02.25 22:42:51.235,0.81618,0.81641,1.00,1.37
2016.02.25 22:42:51.871,0.81617,0.81641,1.00,1.37
2016.02.25 22:42:52.400,0.81617,0.8164,1.87,1.37
2016.02.25 22:42:52.452,0.81621,0.81641,1.00,1.37
2016.02.25 22:42:52.845,0.81617,0.81641,1.00,1.37
2016.02.25 22:42:53.049,0.81623,0.81641,1.00,1.37
2016.02.25 22:42:53.254,0.81619,0.81641,1.00,1.37
2016.02.25 22:42:53.356,0.81617,0.81641,1.00,1.37
2016.02.25 22:42:53.943,0.81616,0.81637,1.00,1.37
2016.02.25 22:42:54.056,0.81619,0.81641,1.00,1.00
2016.02.25 22:42:54.159,0.81617,0.81636,1.00,1.37
2016.02.25 22:42:54.261,0.81616,0.81638,1.00,1.37
2016.02.25 22:42:54.364,0.81623,0.81638,1.00,1.37
2016.02.25 22:42:54.822,0.81619,0.81638,1.00,1.37
2016.02.25 22:42:55.565,0.81621,0.81641,1.00,1.37
2016.02.25 22:42:55.832,0.81617,0.81641,1.00,1.37
2016.02.25 22:42:55.936,0.81622,0.81641,1.00,1.37
2016.02.25 22:42:56.242,0.81619,0.81637,1.00,1.37
2016.02.25 22:42:56.615,0.81617,0.81637,1.00,1.37
2016.02.25 22:42:56.666,0.81621,0.81636,1.00,1.37
2016.02.25 22:42:56.967,0.8162,0.81639,1.00,1.37
2016.02.25 22:42:58.023,0.8162,0.81641,1.00,1.37
2016.02.25 22:42:58.227,0.81616,0.81641,1.00,1.37
2016.02.25 22:42:58.430,0.81625,0.8164,1.00,1.37
2016.02.25 22:42:58.735,0.81625,0.81637,1.00,1.37
2016.02.25 22:42:59.024,0.8162,0.81641,1.00,1.87
2016.02.25 22:42:59.618,0.81621,0.81637,1.00,1.37
2016.02.25 22:42:59.670,0.8162,0.81641,1.00,1.37
2016.02.25 22:42:59.772,0.81616,0.81642,1.12,1.87
2016.02.25 22:42:59.976,0.81621,0.81642,1.00,1.12
2016.02.25 22:43:00.478,0.81622,0.81642,1.00,1.87
2016.02.25 22:43:00.783,0.81621,0.81639,1.00,1.37
2016.02.25 22:43:01.395,0.8162,0.8164,1.00,1.37
2016.02.25 22:43:01.446,0.81615,0.81638,1.37,1.00
2016.02.25 22:43:01.498,0.81615,0.81644,1.37,1.87
2016.02.25 22:43:01.650,0.81619,0.81644,1.00,1.50
2016.02.25 22:43:03.542,0.81623,0.81644,1.00,1.37
2016.02.25 22:43:03.847,0.81626,0.81644,1.00,1.37
2016.02.25 22:43:05.356,0.81627,0.81643,1.00,1.37
2016.02.25 22:43:05.575,0.81622,0.81644,1.00,1.37
2016.02.25 22:43:05.781,0.81627,0.81643,1.00,1.37
2016.02.25 22:43:06.283,0.81626,0.81644,1.00,1.37
2016.02.25 22:43:07.357,0.81622,0.81645,1.00,1.00
2016.02.25 22:43:07.459,0.81621,0.81644,1.00,1.37
2016.02.25 22:43:07.764,0.81623,0.81644,1.00,1.37
2016.02.25 22:43:08.106,0.81624,0.8164,1.00,1.37
2016.02.25 22:43:08.360,0.81622,0.81641,1.00,1.37
2016.02.25 22:43:09.357,0.8162,0.81641,1.50,1.37
2016.02.25 22:43:09.560,0.81623,0.8164,1.00,1.37
2016.02.25 22:43:09.867,0.81623,0.81637,1.00,1.37
2016.02.25 22:43:10.247,0.81622,0.8164,1.00,1.37
2016.02.25 22:43:10.348,0.81622,0.81636,1.00,1.37
2016.02.25 22:43:10.915,0.81622,0.81637,1.00,1.37
2016.02.25 22:43:11.419,0.81621,0.81638,1.00,1.37
2016.02.25 22:43:11.681,0.81615,0.81634,1.00,1.37
2016.02.25 22:43:11.783,0.81612,0.81637,1.00,1.37
2016.02.25 22:43:11.886,0.81609,0.81635,1.00,2.25
2016.02.25 22:43:12.398,0.8161,0.81634,1.00,1.12
2016.02.25 22:43:12.917,0.8161,0.81633,1.00,1.12
2016.02.25 22:43:12.968,0.81609,0.81631,1.00,1.37
2016.02.25 22:43:13.625,0.81608,0.8163,1.00,1.37
2016.02.25 22:43:14.016,0.8161,0.81631,1.00,1.87
2016.02.25 22:43:15.104,0.81612,0.81631,1.00,1.87
2016.02.25 22:43:15.635,0.81611,0.8163,1.00,1.37
2016.02.25 22:43:15.859,0.81608,0.8163,1.00,1.12
2016.02.25 22:43:17.290,0.81607,0.8163,1.12,1.00
2016.02.25 22:43:17.680,0.8161,0.81634,1.37,1.00
2016.02.25 22:43:17.783,0.81607,0.81632,1.00,1.37
2016.02.25 22:43:18.365,0.81607,0.81631,1.00,1.37
2016.02.25 22:43:18.995,0.81606,0.81631,1.50,1.37
2016.02.25 22:43:19.599,0.81605,0.8163,1.87,1.12
2016.02.25 22:43:20.005,0.81605,0.81629,1.50,1.37
2016.02.25 22:43:20.107,0.81605,0.81631,1.50,1.50
2016.02.25 22:43:21.553,0.81606,0.81631,1.00,1.37
2016.02.25 22:43:21.708,0.81605,0.81627,1.00,1.37
2016.02.25 22:43:21.810,0.81603,0.81626,1.00,1.37
2016.02.25 22:43:22.218,0.81605,0.81628,1.00,1.37
2016.02.25 22:43:22.320,0.81604,0.8163,1.00,1.37
2016.02.25 22:43:22.681,0.81606,0.81629,1.00,1.37
2016.02.25 22:43:22.885,0.81605,0.81631,1.00,1.37
2016.02.25 22:43:22.987,0.81607,0.81631,1.00,1.37
2016.02.25 22:43:23.519,0.81607,0.8163,1.12,1.37
2016.02.25 22:43:23.778,0.81605,0.81631,1.00,1.37
2016.02.25 22:43:23.881,0.81608,0.8163,1.00,1.37
2016.02.25 22:43:24.416,0.81607,0.81631,1.00,1.37
2016.02.25 22:43:24.580,0.81605,0.81631,1.00,1.37
2016.02.25 22:43:25.120,0.81607,0.81634,1.00,1.12
2016.02.25 22:43:25.222,0.81607,0.8163,1.00,1.37
2016.02.25 22:43:25.324,0.81607,0.81632,1.00,1.37
2016.02.25 22:43:25.477,0.8161,0.81634,1.37,1.50
2016.02.25 22:43:25.630,0.8161,0.81636,1.00,1.12
2016.02.25 22:43:25.783,0.81611,0.81637,1.37,3.00
2016.02.25 22:43:26.325,0.81612,0.81636,1.37,2.25
2016.02.25 22:43:26.874,0.81611,0.81636,1.37,1.50
2016.02.25 22:43:27.393,0.81611,0.81636,1.37,1.50
2016.02.25 22:43:28.052,0.81611,0.81636,1.37,1.12
2016.02.25 22:43:28.581,0.81611,0.81637,1.37,1.50
2016.02.25 22:43:29.085,0.81611,0.81633,1.00,1.37
2016.02.25 22:43:29.187,0.8161,0.81637,1.00,3.37
2016.02.25 22:43:29.289,0.8161,0.81633,1.00,1.37
2016.02.25 22:43:29.391,0.81609,0.81636,1.00,1.37
2016.02.25 22:43:29.874,0.8161,0.81637,1.37,1.87
2016.02.25 22:43:30.180,0.8161,0.81634,1.37,1.37
2016.02.25 22:43:30.486,0.81606,0.81621,1.37,1.00
2016.02.25 22:43:30.537,0.81602,0.81621,1.87,1.00
2016.02.25 22:43:31.801,0.81603,0.81621,1.87,1.00
2016.02.25 22:43:32.572,0.816,0.81621,1.12,1.00
2016.02.25 22:43:32.638,0.81597,0.81618,2.62,1.00
2016.02.25 22:43:33.431,0.81598,0.81618,1.37,1.00
2016.02.25 22:43:33.746,0.816,0.8162,1.37,1.00
2016.02.25 22:43:33.899,0.816,0.81626,1.37,1.00
2016.02.25 22:43:33.950,0.81602,0.81627,1.37,1.00
2016.02.25 22:43:34.002,0.81603,0.81632,1.87,2.62
2016.02.25 22:43:34.104,0.81605,0.81631,1.37,1.00
2016.02.25 22:43:34.630,0.81606,0.8163,1.00,1.37
2016.02.25 22:43:35.107,0.81607,0.81632,1.00,1.12
2016.02.25 22:43:35.209,0.81605,0.81632,1.00,1.12
2016.02.25 22:43:35.748,0.81604,0.81632,1.87,1.87
2016.02.25 22:43:36.114,0.81607,0.81632,1.37,1.12
2016.02.25 22:43:36.442,0.8161,0.81632,1.37,1.00
2016.02.25 22:43:36.493,0.81608,0.81631,1.12,1.00
2016.02.25 22:43:37.013,0.81607,0.81632,1.87,1.00
2016.02.25 22:43:37.115,0.81608,0.81631,1.00,1.37
2016.02.25 22:43:37.217,0.81607,0.81632,1.87,1.00
2016.02.25 22:43:37.420,0.81606,0.81631,1.12,1.00
2016.02.25 22:43:37.930,0.81608,0.81632,1.37,1.12
2016.02.25 22:43:38.433,0.81606,0.81632,1.37,1.50
2016.02.25 22:43:38.536,0.81605,0.8163,1.12,1.37
2016.02.25 22:43:38.843,0.81607,0.8163,1.37,1.12
2016.02.25 22:43:38.947,0.81604,0.8163,1.37,1.00
2016.02.25 22:43:39.050,0.81611,0.81632,1.37,1.00
2016.02.25 22:43:39.102,0.81611,0.81635,1.37,1.12
2016.02.25 22:43:39.154,0.81609,0.81635,1.00,1.00
2016.02.25 22:43:39.258,0.81609,0.81634,1.00,1.37
2016.02.25 22:43:39.567,0.81613,0.81633,1.00,1.37
2016.02.25 22:43:39.722,0.81611,0.81634,1.00,1.37
2016.02.25 22:43:40.133,0.81607,0.81634,1.87,1.67
2016.02.25 22:43:40.677,0.81608,0.81633,1.37,1.37
2016.02.25 22:43:41.075,0.81607,0.81635,1.37,1.42
2016.02.25 22:43:41.227,0.81615,0.81637,1.37,1.42
2016.02.25 22:43:41.532,0.81613,0.81636,1.00,1.37
2016.02.25 22:43:41.634,0.81613,0.81638,1.00,2.54
2016.02.25 22:43:41.996,0.81613,0.81638,1.00,1.79
2016.02.25 22:43:42.048,0.8161,0.81635,1.12,1.00
2016.02.25 22:43:42.557,0.81611,0.81636,1.00,1.37
2016.02.25 22:43:43.090,0.8161,0.81636,1.12,1.37
2016.02.25 22:43:43.268,0.8161,0.81637,1.12,1.42
2016.02.25 22:43:43.319,0.8161,0.81636,1.12,1.37
2016.02.25 22:43:43.758,0.81608,0.81634,1.12,1.37
2016.02.25 22:43:43.861,0.81607,0.81635,1.37,1.87
2016.02.25 22:43:44.064,0.81608,0.81632,1.37,1.87
2016.02.25 22:43:44.166,0.81606,0.81632,1.87,1.87
2016.02.25 22:43:44.673,0.81606,0.81633,1.00,1.87
2016.02.25 22:43:45.410,0.81609,0.81633,1.00,1.87
2016.02.25 22:43:45.716,0.81609,0.81631,1.00,1.37
2016.02.25 22:43:45.920,0.81607,0.81632,1.00,1.37
2016.02.25 22:43:46.022,0.81609,0.81632,1.00,1.37
2016.02.25 22:43:46.326,0.81609,0.81634,1.00,2.62
2016.02.25 22:43:46.834,0.81608,0.81634,1.00,1.37
2016.02.25 22:43:47.361,0.81609,0.81634,1.50,1.37
2016.02.25 22:43:47.831,0.81612,0.81634,1.00,1.37
2016.02.25 22:43:48.379,0.81612,0.81633,1.00,1.37
2016.02.25 22:43:49.153,0.81609,0.81636,1.87,1.50
2016.02.25 22:43:49.255,0.81607,0.81634,2.62,1.12
2016.02.25 22:43:49.359,0.81609,0.81634,1.37,1.12
2016.02.25 22:43:50.173,0.81607,0.81633,2.62,1.87
2016.02.25 22:43:50.478,0.81608,0.81629,1.37,1.00
2016.02.25 22:43:51.156,0.81607,0.81631,1.87,1.50
2016.02.25 22:43:53.150,0.81607,0.81631,1.00,1.87
2016.02.25 22:43:53.454,0.8161,0.81631,1.00,1.00
2016.02.25 22:43:53.977,0.8161,0.81631,1.87,1.00
2016.02.25 22:43:54.180,0.81608,0.81632,1.00,1.12
2016.02.25 22:43:54.383,0.81608,0.8163,1.00,1.00
2016.02.25 22:43:56.446,0.81608,0.81631,1.00,1.50
2016.02.25 22:43:56.877,0.81612,0.81633,1.00,1.00
2016.02.25 22:43:56.979,0.8161,0.81634,1.00,1.00
2016.02.25 22:43:57.081,0.81608,0.81633,1.50,1.00
2016.02.25 22:43:57.184,0.81608,0.81631,1.12,1.12
2016.02.25 22:43:57.591,0.81607,0.81629,1.00,1.00
2016.02.25 22:43:58.049,0.81609,0.8163,1.37,1.00
2016.02.25 22:43:58.354,0.81607,0.8163,1.12,1.00
2016.02.25 22:43:58.573,0.8161,0.81633,1.37,1.00
2016.02.25 22:43:59.186,0.81608,0.81634,1.00,2.17
2016.02.25 22:43:59.559,0.81609,0.81634,1.37,1.87
2016.02.25 22:43:59.865,0.81609,0.8163,1.00,1.12
2016.02.25 22:44:00.390,0.81607,0.8163,1.37,1.00
2016.02.25 22:44:00.492,0.81601,0.8163,1.37,1.42
2016.02.25 22:44:00.594,0.81602,0.81627,1.37,1.87
2016.02.25 22:44:00.696,0.816,0.81627,1.37,1.87
2016.02.25 22:44:01.103,0.81599,0.81623,1.37,1.00
2016.02.25 22:44:01.257,0.81598,0.81622,1.00,1.00
2016.02.25 22:44:01.460,0.81599,0.81619,1.00,1.00
2016.02.25 22:44:01.562,0.81598,0.81622,1.00,1.00
2016.02.25 22:44:02.100,0.81598,0.81623,1.00,1.00
2016.02.25 22:44:02.406,0.81599,0.8162,1.00,1.00
2016.02.25 22:44:02.458,0.81599,0.81622,1.00,1.00
2016.02.25 22:44:02.974,0.81598,0.81611,1.00,1.37
2016.02.25 22:44:05.555,0.81596,0.81611,1.00,1.37
2016.02.25 22:44:05.810,0.81595,0.81609,1.00,1.37
2016.02.25 22:44:05.865,0.81596,0.81611,1.00,1.37
2016.02.25 22:44:06.172,0.81596,0.81613,1.00,1.37
2016.02.25 22:44:06.865,0.81598,0.81612,1.00,1.37
2016.02.25 22:44:07.391,0.81598,0.81613,1.00,1.37
2016.02.25 22:44:08.079,0.81598,0.81612,1.00,1.37
2016.02.25 22:44:08.738,0.81597,0.81613,1.00,1.37
2016.02.25 22:44:09.046,0.81598,0.8161,1.00,1.37
2016.02.25 22:44:09.552,0.81597,0.8161,1.00,1.37
2016.02.25 22:44:10.054,0.81597,0.81611,1.00,1.37
2016.02.25 22:44:11.011,0.81597,0.8161,1.00,1.37
2016.02.25 22:44:11.546,0.81597,0.81611,1.00,1.37
2016.02.25 22:44:11.855,0.816,0.81611,1.00,1.37
2016.02.25 22:44:12.336,0.81597,0.81611,1.00,1.37
2016.02.25 22:44:14.288,0.81597,0.8161,1.00,1.37
2016.02.25 22:44:14.492,0.81598,0.81612,1.00,1.37
2016.02.25 22:44:15.028,0.81598,0.81611,1.00,1.37
2016.02.25 22:44:15.699,0.81597,0.81612,1.00,1.37
2016.02.25 22:44:16.995,0.81597,0.81611,1.00,1.37
2016.02.25 22:44:17.502,0.81597,0.81612,1.00,1.37
2016.02.25 22:44:18.999,0.81598,0.81612,1.00,1.37
2016.02.25 22:44:20.927,0.81598,0.81611,1.00,1.37
2016.02.25 22:44:21.836,0.81598,0.81613,1.00,1.37
2016.02.25 22:44:21.887,0.81601,0.81613,1.00,1.37
2016.02.25 22:44:22.391,0.81601,0.81614,1.00,1.37
2016.02.25 22:44:25.016,0.816,0.81614,1.00,1.37
2016.02.25 22:44:25.745,0.816,0.81608,1.00,1.00
2016.02.25 22:44:25.847,0.81599,0.81614,1.00,1.67
2016.02.25 22:44:25.905,0.8159,0.81614,1.00,1.67
2016.02.25 22:44:25.957,0.8159,0.81611,1.00,1.37
2016.02.25 22:44:26.458,0.8159,0.8161,1.00,1.37
2016.02.25 22:44:26.770,0.81588,0.81611,1.00,1.37
2016.02.25 22:44:27.620,0.81587,0.81611,1.00,1.37
2016.02.25 22:44:28.536,0.81587,0.8161,1.00,1.37
2016.02.25 22:44:29.054,0.81587,0.81611,1.00,1.37
2016.02.25 22:44:30.914,0.81588,0.81611,1.00,1.87
2016.02.25 22:44:31.197,0.81587,0.81607,1.00,1.00
2016.02.25 22:44:31.716,0.81587,0.81608,1.00,1.00
2016.02.25 22:44:33.439,0.81587,0.81607,1.00,1.00
2016.02.25 22:44:34.123,0.81587,0.81608,1.00,1.00
2016.02.25 22:44:34.449,0.81587,0.81611,1.00,1.37
2016.02.25 22:44:35.108,0.81588,0.81611,1.00,1.37
2016.02.25 22:44:35.644,0.81588,0.81609,1.00,1.00
2016.02.25 22:44:36.436,0.81588,0.81611,1.00,1.37
2016.02.25 22:44:37.048,0.81589,0.8161,1.00,1.37
2016.02.25 22:44:38.768,0.81588,0.81611,1.00,1.37
2016.02.25 22:44:39.282,0.81587,0.8161,1.50,1.37
2016.02.25 22:44:39.807,0.81587,0.81611,2.62,1.37
2016.02.25 22:44:39.960,0.81589,0.81611,1.00,1.37
2016.02.25 22:44:40.062,0.81587,0.81611,3.00,1.87
2016.02.25 22:44:40.737,0.81588,0.81609,1.00,1.00
2016.02.25 22:44:41.271,0.81589,0.81611,1.00,1.37
2016.02.25 22:44:41.779,0.8159,0.81611,1.00,1.37
2016.02.25 22:44:41.880,0.81588,0.81611,1.00,1.37
2016.02.25 22:44:42.243,0.81591,0.8161,1.00,1.37
2016.02.25 22:44:42.765,0.8159,0.81611,1.00,1.37
2016.02.25 22:44:42.829,0.81587,0.81611,1.00,1.37
2016.02.25 22:44:43.419,0.81588,0.81611,1.87,1.37
2016.02.25 22:44:43.953,0.81587,0.81609,1.00,1.00
2016.02.25 22:44:46.094,0.81587,0.81611,1.00,1.37
2016.02.25 22:44:46.619,0.81587,0.8161,1.50,1.37
2016.02.25 22:44:47.195,0.81588,0.81611,1.00,1.37
2016.02.25 22:44:47.731,0.81587,0.81611,1.00,1.37
2016.02.25 22:44:48.238,0.81588,0.81611,1.00,1.37
2016.02.25 22:44:48.776,0.81587,0.81611,1.00,1.37
2016.02.25 22:44:49.746,0.81588,0.81611,1.00,1.37
2016.02.25 22:44:50.001,0.8159,0.81611,1.00,1.37
2016.02.25 22:44:50.371,0.81588,0.81611,1.50,1.37
2016.02.25 22:44:50.879,0.81588,0.81609,1.00,1.00
2016.02.25 22:44:51.635,0.81587,0.81609,1.00,1.00
2016.02.25 22:44:52.308,0.81588,0.8161,1.50,1.37
2016.02.25 22:44:52.864,0.81588,0.81611,1.50,1.37
2016.02.25 22:44:53.387,0.81587,0.81608,1.50,1.37
2016.02.25 22:44:53.929,0.81587,0.81606,1.00,1.00
2016.02.25 22:44:54.606,0.81587,0.81609,1.00,1.87
2016.02.25 22:44:55.122,0.81588,0.81608,1.00,1.37
2016.02.25 22:44:56.578,0.81587,0.81608,1.00,1.37
2016.02.25 22:44:57.086,0.81587,0.81609,1.00,1.37
2016.02.25 22:44:57.600,0.8159,0.8161,1.00,1.37
2016.02.25 22:44:58.598,0.81588,0.81611,1.00,1.37
2016.02.25 22:44:59.105,0.81589,0.8161,1.00,1.37
2016.02.25 22:44:59.207,0.81591,0.81612,1.00,1.37
2016.02.25 22:44:59.310,0.81589,0.81613,1.00,1.37
2016.02.25 22:44:59.928,0.8159,0.81612,1.00,1.37
2016.02.25 22:45:00.183,0.81587,0.81609,1.50,1.37
2016.02.25 22:45:00.691,0.81588,0.81606,1.00,1.00
2016.02.25 22:45:00.795,0.81587,0.8161,1.00,1.37
2016.02.25 22:45:01.303,0.81587,0.81611,1.50,1.37
2016.02.25 22:45:01.906,0.81588,0.81611,1.12,1.37
2016.02.25 22:45:02.416,0.81587,0.8161,1.87,1.37
2016.02.25 22:45:02.925,0.81588,0.8161,1.00,1.37
2016.02.25 22:45:03.449,0.81587,0.8161,1.50,1.37
2016.02.25 22:45:03.705,0.81587,0.81612,1.87,1.37
2016.02.25 22:45:03.807,0.8159,0.81612,1.00,1.37
2016.02.25 22:45:03.909,0.81587,0.81612,1.87,1.37
2016.02.25 22:45:04.011,0.8159,0.81612,1.00,1.37
2016.02.25 22:45:04.527,0.81589,0.81613,1.00,1.37
2016.02.25 22:45:05.119,0.8159,0.81613,1.00,1.37
2016.02.25 22:45:05.637,0.81589,0.81612,1.00,1.37
2016.02.25 22:45:06.290,0.81589,0.81613,1.50,1.37
2016.02.25 22:45:06.797,0.8159,0.81612,1.00,1.37
2016.02.25 22:45:07.307,0.81589,0.81613,1.12,1.37
2016.02.25 22:45:08.399,0.8159,0.81612,1.00,1.37
2016.02.25 22:45:09.122,0.81589,0.81613,1.37,1.37
2016.02.25 22:45:09.640,0.81588,0.81613,1.87,1.37
2016.02.25 22:45:10.148,0.8159,0.81612,1.00,1.37
2016.02.25 22:45:10.707,0.81588,0.81612,1.50,1.37
2016.02.25 22:45:11.204,0.81591,0.81613,1.00,1.37
2016.02.25 22:45:11.306,0.81588,0.81612,1.00,1.37
2016.02.25 22:45:11.816,0.81588,0.81613,1.00,1.87
2016.02.25 22:45:13.341,0.8159,0.81612,1.00,1.37
2016.02.25 22:45:13.545,0.81588,0.81612,1.87,1.37
2016.02.25 22:45:14.068,0.81588,0.81613,1.00,1.37
2016.02.25 22:45:16.538,0.81588,0.81612,1.50,1.37
2016.02.25 22:45:17.048,0.81588,0.8161,1.00,1.37
2016.02.25 22:45:17.596,0.81589,0.81609,1.00,1.37
2016.02.25 22:45:18.195,0.81588,0.8161,1.00,1.37
2016.02.25 22:45:19.025,0.81588,0.81609,1.00,1.37
2016.02.25 22:45:19.728,0.81589,0.81609,1.12,1.37
2016.02.25 22:45:20.135,0.81588,0.81612,1.12,1.37
2016.02.25 22:45:20.237,0.8159,0.81612,1.00,1.37
2016.02.25 22:45:20.847,0.81589,0.81611,2.25,1.37
2016.02.25 22:45:21.358,0.81589,0.81612,1.00,1.37
2016.02.25 22:45:22.441,0.81588,0.81612,1.50,1.37
2016.02.25 22:45:22.868,0.8159,0.81614,1.00,1.37
2016.02.25 22:45:23.553,0.81587,0.81614,2.62,1.37
2016.02.25 22:45:23.858,0.81585,0.81612,1.37,1.37
2016.02.25 22:45:24.163,0.81586,0.81609,1.37,1.00
2016.02.25 22:45:24.701,0.81585,0.8161,1.37,1.00
2016.02.25 22:45:26.055,0.81586,0.81609,1.37,1.00
2016.02.25 22:45:26.562,0.81586,0.81611,1.37,1.37
2016.02.25 22:45:27.089,0.81585,0.81612,1.37,1.37
2016.02.25 22:45:28.871,0.81586,0.81611,1.37,1.37
2016.02.25 22:45:29.519,0.81585,0.81612,1.37,1.37
2016.02.25 22:45:30.022,0.81586,0.81612,1.37,1.37
2016.02.25 22:45:30.874,0.81585,0.81613,1.37,1.87
2016.02.25 22:45:32.080,0.81586,0.81612,1.37,1.37
2016.02.25 22:45:32.609,0.81585,0.81613,1.37,1.37
2016.02.25 22:45:34.290,0.81585,0.81611,1.37,1.00
2016.02.25 22:45:36.896,0.81586,0.81611,1.37,1.12
2016.02.25 22:45:37.405,0.81585,0.81611,1.37,1.00
2016.02.25 22:45:37.935,0.81586,0.81611,1.37,1.12
2016.02.25 22:45:38.586,0.81585,0.81611,1.37,1.00
2016.02.25 22:45:40.018,0.81585,0.81613,1.37,1.37
2016.02.25 22:45:40.368,0.81586,0.81609,1.37,1.00
2016.02.25 22:45:40.622,0.81586,0.81612,1.37,1.37
2016.02.25 22:45:41.330,0.81585,0.81613,1.37,1.87
2016.02.25 22:45:41.839,0.81585,0.81611,1.37,1.00
2016.02.25 22:45:42.380,0.81585,0.81613,1.37,1.37
2016.02.25 22:45:43.676,0.81586,0.81612,1.87,1.37
2016.02.25 22:45:44.361,0.81585,0.81613,1.37,1.37
2016.02.25 22:45:44.868,0.81586,0.81612,1.87,1.37
2016.02.25 22:45:45.493,0.81585,0.81612,1.37,1.12
2016.02.25 22:45:47.502,0.81586,0.81611,1.37,1.12
2016.02.25 22:45:47.604,0.81586,0.81609,1.37,1.00
2016.02.25 22:45:48.190,0.81585,0.8161,1.37,1.00
2016.02.25 22:45:48.496,0.81585,0.81613,1.37,1.37
2016.02.25 22:45:49.587,0.81586,0.81612,1.37,1.37
2016.02.25 22:45:50.121,0.81585,0.81612,1.37,1.12
2016.02.25 22:45:51.805,0.81586,0.81612,1.37,1.87
2016.02.25 22:45:52.493,0.81585,0.81613,1.87,1.37
2016.02.25 22:45:53.203,0.81593,0.81613,1.00,1.37
2016.02.25 22:45:53.305,0.81592,0.81615,1.00,1.37
2016.02.25 22:45:53.906,0.81593,0.81614,1.00,1.37
2016.02.25 22:45:54.418,0.81593,0.81615,1.00,1.37
2016.02.25 22:45:54.900,0.81595,0.81615,1.00,1.37
2016.02.25 22:45:55.418,0.81594,0.81615,1.00,1.37
2016.02.25 22:45:56.026,0.81593,0.81616,1.00,1.37
2016.02.25 22:45:56.428,0.81589,0.81616,1.87,1.37
2016.02.25 22:45:56.580,0.8159,0.8161,1.37,1.00
2016.02.25 22:45:56.682,0.81589,0.81612,1.37,1.00
2016.02.25 22:45:57.184,0.81587,0.81613,1.37,1.00
2016.02.25 22:45:57.286,0.81587,0.81608,1.37,1.00
2016.02.25 22:45:57.713,0.81587,0.81606,1.37,1.00
2016.02.25 22:45:58.221,0.81586,0.81608,1.37,1.00
2016.02.25 22:45:58.765,0.81586,0.81607,1.37,1.00
2016.02.25 22:45:59.347,0.81587,0.81607,1.37,1.00
2016.02.25 22:46:00.087,0.81586,0.81608,1.37,1.00
2016.02.25 22:46:00.309,0.81587,0.81605,1.37,1.00
2016.02.25 22:46:00.512,0.81586,0.81613,1.37,1.50
2016.02.25 22:46:01.168,0.81586,0.81611,1.37,1.00
2016.02.25 22:46:01.234,0.81586,0.81607,1.37,1.00
2016.02.25 22:46:01.990,0.81587,0.81606,1.37,1.00
2016.02.25 22:46:02.092,0.81587,0.81612,1.12,1.12
2016.02.25 22:46:02.295,0.81593,0.81615,1.00,1.37
2016.02.25 22:46:02.823,0.81593,0.81616,1.00,1.37
2016.02.25 22:46:03.536,0.81592,0.81616,1.00,1.37
2016.02.25 22:46:05.035,0.81593,0.81615,1.00,1.37
2016.02.25 22:46:05.585,0.81592,0.81616,1.00,1.37
2016.02.25 22:46:06.127,0.81593,0.81617,1.12,1.37
2016.02.25 22:46:07.273,0.81592,0.81614,1.37,1.00
2016.02.25 22:46:07.325,0.8159,0.81614,1.37,1.00
2016.02.25 22:46:07.428,0.81591,0.81611,1.37,1.00
2016.02.25 22:46:07.530,0.8159,0.81613,1.37,1.00
2016.02.25 22:46:07.734,0.81588,0.81608,1.12,1.00
2016.02.25 22:46:08.246,0.81588,0.81607,1.87,1.00
2016.02.25 22:46:08.546,0.81589,0.81614,1.00,1.12
2016.02.25 22:46:08.851,0.81591,0.81615,1.00,1.37
2016.02.25 22:46:09.206,0.81593,0.81615,1.00,1.37
2016.02.25 22:46:09.739,0.81592,0.81614,1.00,1.37
2016.02.25 22:46:10.248,0.81591,0.81617,1.12,1.37
2016.02.25 22:46:10.451,0.81593,0.81616,1.00,1.37
2016.02.25 22:46:10.952,0.81592,0.81617,1.00,1.37
2016.02.25 22:46:11.328,0.816,0.81618,1.00,1.37
2016.02.25 22:46:11.430,0.816,0.8162,1.00,1.87
2016.02.25 22:46:11.531,0.81602,0.8162,1.00,1.37
2016.02.25 22:46:12.099,0.81602,0.81619,1.00,1.37
2016.02.25 22:46:12.632,0.81601,0.8162,1.00,1.37
2016.02.25 22:46:13.210,0.81601,0.81621,1.00,1.37
2016.02.25 22:46:16.902,0.81603,0.81621,1.00,1.37
2016.02.25 22:46:17.411,0.81602,0.81621,1.00,1.37
2016.02.25 22:46:17.925,0.81602,0.81623,1.00,1.37
2016.02.25 22:46:20.854,0.81604,0.81623,1.00,1.37
2016.02.25 22:46:21.372,0.81604,0.81622,1.00,1.87
2016.02.25 22:46:22.768,0.81603,0.81622,1.00,1.87
2016.02.25 22:46:23.280,0.81602,0.81623,1.00,1.37
2016.02.25 22:46:23.601,0.81605,0.81622,1.00,1.37
2016.02.25 22:46:24.112,0.81604,0.81623,1.00,1.37
2016.02.25 22:46:24.164,0.81602,0.81623,1.00,1.37
2016.02.25 22:46:25.535,0.81601,0.81623,1.50,1.37
2016.02.25 22:46:26.045,0.81601,0.81622,1.00,1.37
2016.02.25 22:46:26.309,0.81601,0.81622,1.97,1.37
2016.02.25 22:46:26.411,0.81612,0.81621,1.00,1.37
2016.02.25 22:46:26.462,0.81608,0.81629,1.00,1.37
2016.02.25 22:46:26.513,0.81608,0.81629,1.30,1.37
2016.02.25 22:46:26.565,0.81611,0.81634,1.01,1.37
2016.02.25 22:46:26.768,0.81624,0.81637,1.00,1.54
2016.02.25 22:46:27.290,0.81614,0.81637,1.37,1.05
2016.02.25 22:46:27.392,0.81613,0.81638,1.37,1.41
2016.02.25 22:46:27.443,0.81611,0.81637,1.37,1.80
2016.02.25 22:46:27.646,0.81615,0.81636,1.37,1.00
2016.02.25 22:46:27.952,0.8161,0.81633,1.00,1.37
2016.02.25 22:46:28.054,0.81612,0.81637,1.37,1.16
2016.02.25 22:46:28.156,0.81608,0.81636,1.87,1.00
2016.02.25 22:46:28.359,0.81607,0.81634,1.87,1.37
2016.02.25 22:46:28.805,0.8161,0.81635,1.37,1.00
2016.02.25 22:46:29.110,0.81616,0.81639,1.37,1.04
2016.02.25 22:46:29.162,0.81614,0.81641,1.37,2.29
2016.02.25 22:46:29.686,0.81615,0.81639,1.37,1.04
2016.02.25 22:46:30.092,0.81616,0.81635,1.37,1.12
2016.02.25 22:46:30.244,0.81606,0.81632,2.62,1.00
2016.02.25 22:46:30.637,0.81606,0.8163,1.87,1.00
2016.02.25 22:46:30.958,0.81604,0.81629,1.37,1.37
2016.02.25 22:46:31.061,0.81603,0.81632,1.37,2.25
2016.02.25 22:46:31.619,0.81603,0.81631,1.37,2.25
2016.02.25 22:46:32.989,0.81604,0.81629,1.37,1.12
2016.02.25 22:46:33.405,0.81603,0.81627,1.37,1.00
2016.02.25 22:46:33.609,0.81604,0.8163,1.37,2.25
2016.02.25 22:46:33.999,0.81604,0.8163,1.37,2.25
2016.02.25 22:46:35.229,0.81604,0.81627,1.37,1.37
2016.02.25 22:46:35.645,0.81604,0.81628,1.37,1.12
2016.02.25 22:46:36.207,0.81604,0.8163,1.37,1.50
2016.02.25 22:46:37.487,0.81602,0.81627,1.37,1.00
2016.02.25 22:46:37.792,0.81602,0.81623,1.37,1.00
2016.02.25 22:46:38.401,0.81601,0.81626,1.37,1.37
2016.02.25 22:46:38.553,0.81601,0.81626,1.37,1.00
2016.02.25 22:46:38.604,0.81603,0.81629,1.37,1.87
2016.02.25 22:46:39.146,0.81604,0.81629,1.37,1.87
2016.02.25 22:46:39.776,0.81605,0.81629,1.37,1.00
2016.02.25 22:46:40.297,0.81605,0.81631,1.37,2.62
2016.02.25 22:46:40.868,0.81604,0.81631,1.37,1.87
2016.02.25 22:46:41.174,0.81604,0.81627,1.37,1.37
2016.02.25 22:46:41.434,0.81605,0.8163,1.37,1.12
2016.02.25 22:46:42.117,0.81604,0.8163,1.37,1.12
2016.02.25 22:46:42.405,0.81604,0.81627,1.37,1.00
2016.02.25 22:46:42.515,0.81604,0.81631,1.37,1.50
2016.02.25 22:46:43.022,0.81604,0.8163,1.37,1.00
2016.02.25 22:46:43.443,0.81604,0.81629,1.37,1.37
2016.02.25 22:46:43.748,0.81605,0.81631,1.37,3.37
2016.02.25 22:46:44.298,0.81604,0.81631,1.37,1.87
2016.02.25 22:46:44.924,0.81605,0.81629,1.37,1.00
2016.02.25 22:46:45.432,0.81604,0.8163,1.37,1.87
2016.02.25 22:46:46.056,0.81604,0.81631,1.37,1.12
2016.02.25 22:46:47.108,0.81604,0.8163,1.37,1.00
2016.02.25 22:46:47.687,0.81604,0.81628,1.37,1.00
2016.02.25 22:46:47.989,0.81604,0.81626,1.37,1.00
2016.02.25 22:46:49.210,0.81604,0.81628,1.37,1.00
2016.02.25 22:46:49.534,0.81604,0.8163,1.37,1.00
2016.02.25 22:46:50.044,0.81605,0.8163,1.37,1.12
2016.02.25 22:46:50.545,0.81604,0.8163,1.37,1.00
2016.02.25 22:46:51.325,0.81609,0.8163,1.00,1.00
2016.02.25 22:46:51.840,0.8161,0.81632,1.00,1.37
2016.02.25 22:46:52.025,0.81609,0.81634,1.00,1.16
2016.02.25 22:46:52.628,0.8161,0.81633,1.00,1.12
2016.02.25 22:46:53.215,0.81607,0.81634,1.37,2.29
2016.02.25 22:46:53.418,0.81607,0.81631,1.37,1.00
2016.02.25 22:46:53.824,0.81606,0.81633,1.37,1.00
2016.02.25 22:46:54.924,0.81606,0.81633,1.37,1.50
2016.02.25 22:46:56.254,0.81607,0.81628,1.37,1.00
2016.02.25 22:46:56.929,0.81607,0.81626,1.37,1.00
2016.02.25 22:46:57.161,0.81606,0.81629,1.37,1.00
2016.02.25 22:46:57.365,0.81606,0.81634,1.37,2.29
2016.02.25 22:46:59.570,0.81606,0.81633,1.37,1.12
2016.02.25 22:47:00.824,0.81607,0.8163,1.37,1.00
2016.02.25 22:47:00.934,0.81606,0.81633,1.37,1.87
2016.02.25 22:47:00.985,0.81606,0.81633,1.37,2.25
2016.02.25 22:47:01.544,0.81607,0.8163,1.37,1.12
2016.02.25 22:47:02.640,0.81606,0.8163,1.37,1.12
2016.02.25 22:47:02.944,0.81606,0.81627,1.37,1.00
2016.02.25 22:47:03.473,0.81606,0.81628,1.37,1.00
2016.02.25 22:47:04.163,0.81607,0.8163,1.37,1.50
2016.02.25 22:47:04.555,0.81606,0.81633,1.37,1.50
2016.02.25 22:47:04.911,0.81606,0.81633,1.37,2.25
2016.02.25 22:47:05.218,0.81606,0.8162,1.37,1.00
2016.02.25 22:47:05.574,0.81606,0.81618,1.37,1.00
2016.02.25 22:47:05.736,0.81605,0.8162,1.37,1.00
2016.02.25 22:47:08.339,0.81605,0.8162,1.00,1.00
2016.02.25 22:47:08.544,0.81608,0.8162,1.37,1.00
2016.02.25 22:47:09.008,0.81606,0.81619,1.12,1.00
2016.02.25 22:47:09.059,0.81608,0.8162,1.37,1.00
2016.02.25 22:47:09.161,0.81606,0.8162,1.00,1.00
2016.02.25 22:47:09.705,0.81606,0.81619,1.00,1.00
2016.02.25 22:47:09.908,0.81603,0.81618,1.37,1.00
2016.02.25 22:47:09.959,0.81603,0.8162,1.37,1.00
2016.02.25 22:47:10.264,0.81606,0.81621,1.37,1.00
2016.02.25 22:47:10.852,0.81604,0.81621,1.37,1.00
2016.02.25 22:47:11.663,0.81609,0.81621,1.37,1.00
2016.02.25 22:47:12.459,0.81602,0.81618,1.00,1.00
2016.02.25 22:47:12.663,0.81603,0.8162,1.00,1.00
2016.02.25 22:47:13.214,0.81602,0.81619,1.00,1.00
2016.02.25 22:47:13.497,0.81605,0.81619,1.00,1.00
2016.02.25 22:47:14.121,0.81605,0.8162,1.00,1.00
2016.02.25 22:47:14.688,0.81606,0.81621,1.37,1.00
2016.02.25 22:47:14.790,0.81605,0.81621,1.12,1.00
2016.02.25 22:47:14.944,0.81607,0.8162,1.37,1.00
2016.02.25 22:47:15.046,0.81605,0.81621,1.00,1.00
2016.02.25 22:47:15.098,0.81609,0.81621,1.00,1.00
2016.02.25 22:47:17.718,0.81611,0.81621,1.00,1.00
2016.02.25 22:47:17.871,0.81611,0.81623,1.00,1.00
2016.02.25 22:47:18.277,0.81611,0.81621,1.00,1.00
2016.02.25 22:47:18.821,0.81609,0.81621,1.00,1.00
2016.02.25 22:47:19.351,0.81609,0.81622,1.00,1.00
2016.02.25 22:47:22.487,0.81609,0.81621,1.00,1.00
2016.02.25 22:47:24.769,0.81609,0.81622,1.00,1.00
2016.02.25 22:47:25.470,0.81609,0.81621,1.00,1.00
2016.02.25 22:47:26.005,0.81609,0.81622,1.00,1.00
2016.02.25 22:47:26.522,0.81609,0.81621,1.00,1.00
2016.02.25 22:47:26.726,0.81605,0.81622,1.37,1.00
2016.02.25 22:47:26.777,0.81605,0.8162,1.37,1.00
2016.02.25 22:47:27.285,0.81605,0.81621,1.87,1.00
2016.02.25 22:47:27.534,0.81604,0.81623,1.12,1.00
2016.02.25 22:47:27.586,0.81604,0.8162,1.12,1.00
2016.02.25 22:47:29.584,0.81606,0.8162,1.37,1.00
2016.02.25 22:47:32.773,0.81604,0.8162,1.00,1.00
2016.02.25 22:47:33.313,0.81604,0.81619,1.12,1.00
2016.02.25 22:47:33.415,0.81606,0.81621,1.37,1.00
2016.02.25 22:47:33.690,0.81604,0.81621,1.00,1.00
2016.02.25 22:47:33.893,0.81605,0.81621,1.37,1.00
2016.02.25 22:47:34.217,0.81604,0.81621,1.12,1.00
2016.02.25 22:47:34.494,0.81604,0.81618,1.37,1.00
2016.02.25 22:47:35.001,0.81601,0.81619,1.12,1.00
2016.02.25 22:47:36.391,0.81604,0.81619,1.37,1.00
2016.02.25 22:47:36.694,0.816,0.81619,1.87,1.00
2016.02.25 22:47:36.796,0.81605,0.81618,1.37,1.00
2016.02.25 22:47:37.100,0.816,0.81619,1.12,1.00
2016.02.25 22:47:37.202,0.81603,0.81619,1.37,1.00
2016.02.25 22:47:37.304,0.81599,0.81619,1.37,1.00
2016.02.25 22:47:37.730,0.81606,0.81624,1.37,1.00
2016.02.25 22:47:38.102,0.81603,0.81624,1.00,1.00
2016.02.25 22:47:38.153,0.81599,0.81624,1.87,1.00
2016.02.25 22:47:38.204,0.81603,0.81624,1.37,1.00
2016.02.25 22:47:38.612,0.81602,0.81624,1.00,1.00
2016.02.25 22:47:38.714,0.81606,0.81624,1.37,1.00
2016.02.25 22:47:39.397,0.81605,0.81624,1.37,1.00
2016.02.25 22:47:39.717,0.81603,0.81625,1.37,1.12
2016.02.25 22:47:40.101,0.81606,0.81625,1.37,1.12
2016.02.25 22:47:40.203,0.816,0.81625,1.87,1.00
2016.02.25 22:47:40.407,0.81606,0.81625,1.37,1.00
2016.02.25 22:47:40.509,0.81604,0.81625,1.37,1.00
2016.02.25 22:47:41.041,0.81605,0.81624,1.37,1.00
2016.02.25 22:47:42.823,0.81605,0.81623,1.37,1.00
2016.02.25 22:47:43.250,0.81601,0.81623,1.87,1.00
2016.02.25 22:47:45.326,0.81602,0.81623,1.37,1.00
2016.02.25 22:47:45.427,0.81606,0.81623,1.37,1.00
2016.02.25 22:47:45.732,0.81609,0.81623,1.37,1.00
2016.02.25 22:47:45.834,0.81608,0.81626,1.37,1.00
2016.02.25 22:47:46.341,0.81609,0.81625,1.37,1.00
2016.02.25 22:47:46.881,0.81609,0.81624,1.37,1.00
2016.02.25 22:47:46.932,0.81605,0.81625,1.00,1.00
2016.02.25 22:47:47.033,0.81608,0.81625,1.37,1.00
2016.02.25 22:47:47.338,0.8161,0.81625,1.37,1.00
2016.02.25 22:47:47.885,0.81613,0.81625,1.37,1.00
2016.02.25 22:47:47.936,0.81607,0.81624,1.00,1.00
2016.02.25 22:47:47.987,0.81603,0.81624,1.00,1.00
2016.02.25 22:47:48.038,0.81604,0.81624,1.37,1.00
2016.02.25 22:47:48.344,0.81612,0.81626,1.37,1.00
2016.02.25 22:47:48.446,0.81605,0.81626,1.37,1.00
2016.02.25 22:47:48.497,0.81609,0.81626,1.00,1.00
2016.02.25 22:47:48.599,0.81602,0.81625,1.37,1.00
2016.02.25 22:47:49.078,0.81613,0.81624,1.00,1.00
2016.02.25 22:47:49.129,0.81613,0.81629,1.00,1.00
2016.02.25 22:47:49.337,0.81614,0.81629,1.37,1.00
2016.02.25 22:47:49.407,0.81614,0.81637,1.37,1.04
2016.02.25 22:47:49.994,0.81614,0.81636,1.00,1.04
2016.02.25 22:47:50.513,0.81613,0.81638,1.50,1.54
2016.02.25 22:47:51.057,0.81615,0.81638,1.37,1.04
2016.02.25 22:47:51.564,0.81616,0.81638,1.12,1.54
2016.02.25 22:47:51.869,0.81618,0.81638,1.00,1.54
2016.02.25 22:47:51.971,0.81615,0.81638,1.37,1.54
2016.02.25 22:47:52.225,0.81619,0.81637,1.37,1.04
2016.02.25 22:47:52.817,0.8162,0.81636,1.37,1.54
2016.02.25 22:47:54.936,0.81619,0.81636,1.37,1.04
2016.02.25 22:47:55.880,0.81617,0.81638,1.37,1.54
2016.02.25 22:47:55.982,0.81614,0.81638,1.87,1.54
2016.02.25 22:47:56.422,0.81617,0.81638,1.37,1.54
2016.02.25 22:47:56.581,0.81614,0.81638,1.12,1.54
2016.02.25 22:48:03.513,0.81614,0.81638,1.00,1.91
2016.02.25 22:48:05.260,0.81613,0.81638,1.00,2.66
2016.02.25 22:48:10.161,0.81616,0.81636,1.37,1.16
2016.02.25 22:48:10.263,0.81613,0.81636,1.12,1.16
2016.02.25 22:48:10.834,0.81617,0.81636,1.00,1.04
2016.02.25 22:48:10.936,0.81615,0.81638,1.00,2.29
2016.02.25 22:48:11.038,0.81613,0.81638,1.12,2.29
2016.02.25 22:48:11.545,0.81614,0.81636,1.00,1.04
2016.02.25 22:48:12.741,0.81612,0.81636,1.00,1.04
2016.02.25 22:48:12.893,0.81617,0.81636,1.37,1.04
2016.02.25 22:48:12.995,0.81612,0.81636,1.37,1.16
2016.02.25 22:48:13.097,0.81618,0.81636,1.37,1.04
2016.02.25 22:48:13.199,0.81612,0.81635,1.37,1.04
2016.02.25 22:48:13.605,0.8161,0.81636,2.62,1.54
2016.02.25 22:48:14.394,0.81611,0.81636,1.12,1.54
2016.02.25 22:48:16.118,0.81611,0.81636,1.12,1.54
2016.02.25 22:48:16.483,0.81617,0.81636,1.37,1.54
2016.02.25 22:48:16.585,0.81611,0.81635,2.62,1.16
2016.02.25 22:48:17.127,0.81611,0.81636,1.12,1.91
2016.02.25 22:48:17.687,0.81618,0.81635,1.37,1.04
2016.02.25 22:48:18.011,0.81611,0.81636,1.12,1.54
2016.02.25 22:48:18.525,0.81613,0.81635,1.00,1.91
2016.02.25 22:48:18.678,0.81611,0.81636,1.00,2.66
2016.02.25 22:48:19.002,0.81616,0.81636,1.37,1.54
2016.02.25 22:48:19.105,0.81611,0.81636,1.50,1.04
2016.02.25 22:48:19.258,0.81615,0.81636,1.00,1.41
2016.02.25 22:48:19.667,0.81613,0.81641,1.87,1.91
2016.02.25 22:48:19.719,0.81615,0.81641,1.37,1.91
2016.02.25 22:48:20.075,0.81618,0.81641,1.37,1.54
2016.02.25 22:48:20.177,0.81613,0.81641,1.37,1.16
2016.02.25 22:48:20.331,0.81616,0.81641,1.00,1.54
2016.02.25 22:48:20.432,0.81612,0.81637,1.50,1.41
2016.02.25 22:48:20.950,0.81613,0.81637,1.00,1.41
2016.02.25 22:48:21.204,0.81618,0.81641,1.37,1.04
2016.02.25 22:48:21.307,0.81617,0.81641,1.00,1.04
2016.02.25 22:48:21.822,0.81615,0.81641,1.87,1.04
2016.02.25 22:48:22.793,0.81617,0.81636,1.00,1.41
2016.02.25 22:48:22.896,0.81615,0.8164,1.00,1.41
2016.02.25 22:48:23.303,0.81616,0.81642,1.87,1.41
2016.02.25 22:48:23.836,0.81618,0.81637,1.00,1.41
2016.02.25 22:48:24.608,0.81615,0.81638,1.00,1.41
2016.02.25 22:48:24.761,0.81617,0.81638,1.00,1.41
2016.02.25 22:48:26.005,0.8162,0.81645,1.37,1.16
2016.02.25 22:48:26.311,0.81619,0.81645,1.12,2.29
2016.02.25 22:48:26.616,0.81615,0.81642,1.00,1.41
2016.02.25 22:48:26.769,0.81615,0.81641,1.00,1.12
2016.02.25 22:48:27.088,0.81615,0.81643,1.87,1.12
2016.02.25 22:48:27.657,0.81617,0.81644,1.00,1.37
2016.02.25 22:48:27.813,0.81618,0.81645,1.37,2.25
2016.02.25 22:48:28.028,0.81616,0.81643,1.50,1.37
2016.02.25 22:48:28.130,0.8162,0.81647,1.37,2.62
2016.02.25 22:48:28.435,0.81622,0.81647,1.37,1.12
2016.02.25 22:48:28.994,0.81623,0.81647,1.87,1.87
2016.02.25 22:48:29.315,0.81621,0.81648,1.87,2.62
2016.02.25 22:48:34.045,0.81621,0.81647,1.12,1.37
2016.02.25 22:48:34.746,0.81621,0.81645,1.00,1.37
2016.02.25 22:48:34.848,0.81621,0.81647,1.00,1.37
2016.02.25 22:48:35.001,0.81621,0.81643,1.50,1.37
2016.02.25 22:48:35.330,0.81626,0.81643,1.00,1.37
2016.02.25 22:48:37.132,0.81626,0.81641,1.00,1.37
2016.02.25 22:48:37.596,0.8162,0.81642,1.50,1.37
2016.02.25 22:48:38.009,0.81624,0.81643,1.00,1.37
2016.02.25 22:48:38.316,0.81624,0.81644,1.00,1.12
2016.02.25 22:48:38.520,0.8162,0.81645,1.12,1.37
2016.02.25 22:48:38.623,0.81621,0.81642,1.00,1.37
2016.02.25 22:48:38.725,0.81621,0.81645,1.00,1.37
2016.02.25 22:48:38.827,0.81621,0.81641,1.00,1.37
2016.02.25 22:48:38.929,0.81621,0.81645,1.00,1.37
2016.02.25 22:48:39.030,0.81621,0.81642,1.00,1.37
2016.02.25 22:48:39.335,0.81619,0.81641,1.00,1.37
2016.02.25 22:48:40.033,0.8162,0.81641,1.50,1.37
2016.02.25 22:48:40.542,0.81619,0.81641,1.50,1.37
2016.02.25 22:48:43.679,0.8162,0.81641,1.00,1.37
2016.02.25 22:48:44.214,0.8162,0.8164,1.00,1.37
2016.02.25 22:48:45.028,0.8162,0.81641,1.00,1.37
2016.02.25 22:48:45.849,0.8162,0.8164,1.50,1.37
2016.02.25 22:48:46.246,0.8162,0.81638,1.00,1.37
2016.02.25 22:48:46.551,0.8162,0.81635,1.00,1.37
2016.02.25 22:48:47.062,0.8162,0.81639,1.00,1.00
2016.02.25 22:48:47.164,0.81621,0.81634,1.00,1.37
2016.02.25 22:48:47.368,0.8162,0.81636,1.00,1.37
2016.02.25 22:48:47.875,0.8162,0.81635,1.00,1.37
2016.02.25 22:48:49.104,0.81621,0.81635,1.00,1.37
2016.02.25 22:48:49.612,0.81621,0.81636,1.00,1.37
2016.02.25 22:48:51.227,0.8162,0.81636,1.00,1.37
2016.02.25 22:48:51.482,0.81618,0.81637,1.00,1.00
2016.02.25 22:48:51.536,0.81618,0.81633,1.00,1.37
2016.02.25 22:48:51.638,0.81617,0.81639,1.00,1.37
2016.02.25 22:48:52.148,0.81618,0.8164,1.00,1.37
2016.02.25 22:48:52.680,0.81618,0.81639,1.00,1.37
2016.02.25 22:48:53.240,0.81619,0.81643,1.00,1.87
2016.02.25 22:48:53.342,0.81618,0.8164,1.00,1.37
2016.02.25 22:48:53.444,0.81618,0.81643,1.00,2.62
2016.02.25 22:48:53.545,0.81619,0.81638,1.00,1.37
2016.02.25 22:48:53.647,0.81618,0.81642,1.00,1.87
2016.02.25 22:48:53.850,0.81619,0.81644,1.00,1.87
2016.02.25 22:48:54.031,0.81617,0.81644,1.12,1.87
2016.02.25 22:48:54.642,0.81617,0.81633,1.00,1.37
2016.02.25 22:48:54.745,0.81618,0.81635,1.00,1.00
2016.02.25 22:48:54.796,0.81618,0.81639,1.00,1.12
2016.02.25 22:48:55.339,0.81618,0.81639,1.00,1.87
2016.02.25 22:48:55.729,0.81617,0.81632,1.00,1.37
2016.02.25 22:48:55.881,0.81617,0.81634,1.00,1.00
2016.02.25 22:48:56.034,0.81617,0.81636,1.00,1.00
2016.02.25 22:48:56.451,0.81618,0.81633,1.37,1.00
2016.02.25 22:48:56.553,0.81615,0.81637,1.37,1.00
2016.02.25 22:48:56.656,0.81614,0.81636,1.00,1.50
2016.02.25 22:48:57.062,0.81615,0.81634,1.37,1.00
2016.02.25 22:48:57.584,0.81615,0.81633,1.37,1.00
2016.02.25 22:48:58.105,0.81616,0.81632,1.37,1.00
2016.02.25 22:48:58.284,0.81615,0.81634,1.37,1.12
2016.02.25 22:48:58.892,0.81614,0.81635,1.37,1.37
2016.02.25 22:49:00.967,0.81614,0.81636,1.37,1.00
2016.02.25 22:49:01.505,0.81615,0.81635,1.37,1.00
2016.02.25 22:49:04.587,0.81615,0.81633,1.37,1.00
2016.02.25 22:49:05.292,0.81614,0.81634,1.37,1.00
2016.02.25 22:49:07.904,0.81611,0.81634,1.00,1.00
2016.02.25 22:49:08.785,0.81613,0.81634,1.37,1.00
2016.02.25 22:49:09.325,0.81613,0.81635,1.37,1.00
2016.02.25 22:49:10.179,0.81615,0.81636,1.37,1.00
2016.02.25 22:49:10.892,0.81615,0.81637,1.37,1.00
2016.02.25 22:49:11.095,0.81613,0.81637,1.37,1.12
2016.02.25 22:49:11.717,0.81613,0.81635,1.87,1.00
2016.02.25 22:49:12.180,0.81615,0.81636,1.37,1.00
2016.02.25 22:49:12.977,0.81616,0.81637,1.37,1.00
2016.02.25 22:49:13.079,0.81615,0.81639,1.37,1.12
2016.02.25 22:49:13.298,0.81616,0.81634,1.37,1.00
2016.02.25 22:49:13.818,0.81614,0.81635,1.37,1.00
2016.02.25 22:49:14.123,0.81616,0.81637,1.37,1.50
2016.02.25 22:49:15.292,0.81612,0.81637,1.00,1.37
2016.02.25 22:49:15.394,0.81612,0.81634,1.00,1.37
2016.02.25 22:49:15.906,0.81612,0.81633,1.00,1.37
2016.02.25 22:49:16.103,0.81612,0.81635,1.00,1.87
2016.02.25 22:49:16.612,0.81612,0.81633,1.00,1.37
2016.02.25 22:49:17.114,0.81615,0.81638,1.37,1.00
2016.02.25 22:49:17.165,0.81615,0.8164,1.37,1.12
2016.02.25 22:49:17.217,0.81612,0.81635,1.00,1.37
2016.02.25 22:49:17.319,0.81614,0.8164,1.37,1.50
2016.02.25 22:49:17.523,0.81612,0.81639,1.87,1.12
2016.02.25 22:49:18.284,0.81612,0.81639,1.00,2.25
2016.02.25 22:49:18.487,0.81614,0.81639,1.37,1.12
2016.02.25 22:49:18.819,0.81612,0.81634,1.00,1.37
2016.02.25 22:49:19.327,0.81612,0.81635,1.00,1.37
2016.02.25 22:49:19.877,0.81612,0.81634,1.00,1.37
2016.02.25 22:49:20.411,0.81614,0.81639,1.37,1.12
2016.02.25 22:49:20.615,0.81613,0.81635,1.00,1.37
2016.02.25 22:49:21.325,0.81613,0.81634,1.00,1.37
2016.02.25 22:49:21.916,0.81613,0.81635,1.00,1.37
2016.02.25 22:49:22.591,0.81613,0.81637,1.00,1.37
2016.02.25 22:49:22.693,0.81613,0.81633,1.00,1.37
2016.02.25 22:49:22.795,0.81613,0.81636,1.00,1.37
2016.02.25 22:49:23.202,0.81612,0.81634,1.00,1.37
2016.02.25 22:49:23.303,0.81612,0.81637,1.00,1.37
2016.02.25 22:49:23.814,0.81612,0.81634,1.00,1.37
2016.02.25 22:49:24.345,0.81613,0.81636,1.00,1.37
2016.02.25 22:49:24.396,0.81613,0.81633,1.00,1.37
2016.02.25 22:49:24.499,0.81613,0.81635,1.00,1.37
2016.02.25 22:49:24.804,0.81615,0.81639,1.37,1.50
2016.02.25 22:49:24.907,0.81612,0.81634,1.00,1.37
2016.02.25 22:49:25.433,0.81612,0.81639,1.12,3.00
2016.02.25 22:49:25.738,0.81612,0.81635,1.00,1.37
2016.02.25 22:49:26.284,0.81613,0.81636,1.00,1.37
2016.02.25 22:49:26.844,0.81612,0.81637,1.00,1.37
2016.02.25 22:49:27.386,0.81612,0.81636,1.00,1.37
2016.02.25 22:49:27.902,0.81613,0.81637,1.00,1.37
2016.02.25 22:49:28.309,0.81613,0.81634,1.00,1.37
2016.02.25 22:49:28.512,0.81613,0.81638,1.00,1.00
2016.02.25 22:49:28.807,0.81612,0.81634,1.00,1.37
2016.02.25 22:49:29.112,0.81612,0.81636,1.00,1.37
2016.02.25 22:49:30.132,0.81613,0.81635,1.00,1.37
2016.02.25 22:49:30.450,0.81612,0.81633,1.00,1.37
2016.02.25 22:49:30.506,0.81612,0.81635,1.00,1.37
2016.02.25 22:49:30.916,0.81614,0.81636,1.37,1.00
2016.02.25 22:49:31.017,0.81612,0.81635,1.00,1.37
2016.02.25 22:49:31.220,0.81612,0.81633,1.00,1.37
2016.02.25 22:49:31.323,0.81612,0.81635,1.00,1.37
2016.02.25 22:49:31.830,0.81612,0.81634,1.00,1.37
2016.02.25 22:49:32.264,0.81612,0.81639,1.12,1.87
2016.02.25 22:49:32.935,0.81612,0.81635,1.00,1.37
2016.02.25 22:49:33.312,0.81614,0.81635,1.00,1.37
2016.02.25 22:49:34.130,0.81612,0.81636,1.00,1.37
2016.02.25 22:49:34.435,0.81612,0.81638,1.00,1.12
2016.02.25 22:49:34.538,0.81613,0.81638,1.37,1.12
2016.02.25 22:49:35.238,0.81612,0.81639,1.00,1.00
2016.02.25 22:49:35.340,0.81612,0.81633,1.00,1.37
2016.02.25 22:49:35.443,0.81612,0.81635,1.00,1.37
2016.02.25 22:49:36.434,0.81612,0.81636,1.00,1.37
2016.02.25 22:49:36.947,0.81613,0.81636,1.00,1.37
2016.02.25 22:49:37.252,0.81613,0.81638,1.00,1.50
2016.02.25 22:49:37.353,0.81613,0.81634,1.00,1.37
2016.02.25 22:49:37.721,0.81613,0.81636,1.00,1.37
2016.02.25 22:49:37.823,0.81613,0.81633,1.00,1.37
2016.02.25 22:49:37.927,0.81613,0.81636,1.00,1.37
2016.02.25 22:49:38.030,0.81613,0.81638,1.00,1.00
2016.02.25 22:49:38.132,0.81612,0.81635,1.00,1.37
2016.02.25 22:49:38.643,0.81612,0.81636,1.00,1.37
2016.02.25 22:49:38.745,0.81612,0.81639,1.12,1.37
2016.02.25 22:49:38.847,0.81612,0.81635,1.00,1.37
2016.02.25 22:49:39.050,0.81612,0.81639,1.12,1.87
2016.02.25 22:49:39.539,0.81612,0.81635,1.00,1.37
2016.02.25 22:49:39.643,0.81612,0.81637,1.00,1.37
2016.02.25 22:49:41.366,0.81612,0.81635,1.00,1.37
2016.02.25 22:49:41.671,0.81612,0.81632,1.00,1.37
2016.02.25 22:49:42.235,0.81612,0.81633,1.00,1.37
2016.02.25 22:49:42.438,0.81612,0.81635,1.00,1.37
2016.02.25 22:49:42.641,0.81612,0.81637,1.00,1.37
2016.02.25 22:49:43.035,0.81612,0.81634,1.00,1.37
2016.02.25 22:49:43.558,0.81612,0.81635,1.00,1.37
2016.02.25 22:49:44.565,0.81612,0.81632,1.00,1.37
2016.02.25 22:49:44.974,0.81612,0.81634,1.00,1.37
2016.02.25 22:49:45.336,0.81612,0.81631,1.00,1.37
2016.02.25 22:49:45.437,0.81612,0.81633,1.00,1.37
2016.02.25 22:49:45.963,0.81612,0.81632,1.00,1.37
2016.02.25 22:49:46.372,0.81612,0.81635,1.00,1.00
2016.02.25 22:49:46.423,0.81612,0.81637,1.00,2.25
2016.02.25 22:49:46.947,0.81613,0.81638,1.12,1.37
2016.02.25 22:49:47.473,0.81613,0.81639,1.00,2.25
2016.02.25 22:49:47.980,0.81612,0.81638,1.00,1.37
2016.02.25 22:49:48.510,0.81611,0.81638,1.12,1.37
2016.02.25 22:49:48.881,0.81611,0.81635,1.00,1.37
2016.02.25 22:49:49.394,0.81611,0.81634,1.00,1.37
2016.02.25 22:49:49.446,0.81611,0.81638,1.00,1.50
2016.02.25 22:49:49.598,0.81611,0.81637,1.00,1.37
2016.02.25 22:49:49.954,0.81612,0.81635,1.00,1.37
2016.02.25 22:49:50.494,0.81611,0.81636,1.00,1.37
2016.02.25 22:49:51.039,0.81612,0.81636,1.00,1.37
2016.02.25 22:49:51.345,0.81612,0.81634,1.00,1.37
2016.02.25 22:49:51.849,0.81611,0.81634,1.00,1.37
2016.02.25 22:49:53.192,0.81611,0.81637,1.00,1.37
2016.02.25 22:49:53.547,0.81611,0.81639,1.87,1.37
2016.02.25 22:49:53.649,0.81611,0.81634,1.00,1.37
2016.02.25 22:49:54.031,0.81612,0.81637,1.00,1.37
2016.02.25 22:49:54.091,0.81612,0.81634,1.00,1.37
2016.02.25 22:49:54.193,0.81612,0.81636,1.00,1.37
2016.02.25 22:49:54.702,0.81611,0.81635,1.00,1.37
2016.02.25 22:49:55.559,0.81611,0.81636,1.00,1.37
2016.02.25 22:49:56.563,0.81611,0.81635,1.00,1.37
2016.02.25 22:49:57.139,0.81611,0.81636,1.00,1.37
2016.02.25 22:49:57.699,0.81611,0.81638,1.12,1.87
2016.02.25 22:49:58.056,0.81611,0.81634,1.00,1.37
2016.02.25 22:49:58.572,0.81612,0.81634,1.00,1.37
2016.02.25 22:49:59.079,0.81611,0.81634,1.00,1.37
2016.02.25 22:50:00.189,0.81611,0.81633,1.00,1.37
2016.02.25 22:50:00.698,0.81611,0.81634,1.00,1.37
2016.02.25 22:50:00.902,0.81611,0.81637,1.87,1.37
2016.02.25 22:50:02.696,0.81611,0.81638,1.00,2.25
2016.02.25 22:50:03.205,0.81612,0.81637,1.00,1.37
2016.02.25 22:50:04.695,0.81612,0.81638,1.12,1.37
2016.02.25 22:50:07.094,0.81611,0.81638,1.12,1.37
2016.02.25 22:50:07.623,0.81611,0.81637,1.87,1.37
2016.02.25 22:50:08.130,0.81612,0.81636,1.00,1.37
2016.02.25 22:50:08.719,0.81611,0.81636,1.00,1.37
2016.02.25 22:50:08.782,0.81611,0.81639,1.00,1.00
2016.02.25 22:50:08.884,0.81611,0.81637,1.00,1.37
2016.02.25 22:50:09.088,0.81613,0.81641,1.37,2.25
2016.02.25 22:50:09.241,0.81612,0.8164,1.37,1.75
2016.02.25 22:50:09.496,0.81608,0.81636,2.62,1.37
2016.02.25 22:50:09.599,0.8161,0.81639,1.37,1.50
2016.02.25 22:50:09.803,0.81611,0.81636,1.37,1.00
2016.02.25 22:50:10.109,0.81607,0.81633,1.87,1.37
2016.02.25 22:50:10.420,0.81621,0.81636,1.37,1.00
2016.02.25 22:50:10.523,0.8161,0.81636,1.12,1.12
2016.02.25 22:50:10.676,0.81608,0.81636,1.12,1.87
2016.02.25 22:50:10.778,0.81609,0.81636,1.37,1.12
2016.02.25 22:50:11.084,0.81608,0.81636,1.00,1.37
2016.02.25 22:50:11.379,0.81614,0.81636,1.00,1.87
2016.02.25 22:50:11.447,0.81614,0.81639,1.12,1.12
2016.02.25 22:50:11.804,0.8161,0.81639,1.12,1.00
2016.02.25 22:50:11.907,0.81609,0.81635,1.37,1.37
2016.02.25 22:50:12.129,0.81607,0.81636,1.50,1.37
2016.02.25 22:50:12.180,0.81613,0.81638,1.37,1.12
2016.02.25 22:50:12.485,0.81608,0.81638,1.37,1.00
2016.02.25 22:50:12.587,0.81609,0.81636,1.37,1.37
2016.02.25 22:50:12.689,0.81607,0.81635,1.00,1.37
2016.02.25 22:50:12.791,0.8161,0.81636,1.37,1.37
2016.02.25 22:50:12.994,0.81608,0.81636,1.00,1.37
2016.02.25 22:50:13.096,0.81619,0.81639,1.37,2.25
2016.02.25 22:50:13.199,0.81608,0.81635,1.12,1.37
2016.02.25 22:50:13.301,0.8161,0.81635,1.00,1.37
2016.02.25 22:50:13.624,0.81615,0.8164,1.37,1.00
2016.02.25 22:50:14.280,0.81615,0.81638,1.37,1.00
2016.02.25 22:50:14.383,0.81609,0.81633,1.00,1.37
2016.02.25 22:50:14.434,0.81609,0.81638,1.37,2.25
2016.02.25 22:50:14.537,0.81609,0.81636,1.37,1.00
2016.02.25 22:50:14.894,0.81608,0.81632,1.00,1.37
2016.02.25 22:50:15.315,0.81608,0.81634,1.12,1.37
2016.02.25 22:50:15.520,0.81614,0.81638,1.37,1.00
2016.02.25 22:50:15.723,0.8161,0.81637,1.37,1.00
2016.02.25 22:50:15.825,0.81608,0.81636,1.12,1.37
2016.02.25 22:50:16.129,0.81616,0.81638,1.37,1.87
2016.02.25 22:50:16.231,0.8161,0.81636,1.00,1.00
2016.02.25 22:50:16.333,0.81616,0.81638,1.37,1.50
2016.02.25 22:50:16.435,0.8161,0.81635,1.12,1.37
2016.02.25 22:50:16.537,0.81611,0.81636,1.37,1.37
2016.02.25 22:50:16.813,0.81608,0.81635,1.37,1.00
2016.02.25 22:50:17.249,0.81608,0.81635,1.37,1.37
2016.02.25 22:50:18.732,0.81608,0.81635,1.37,1.75
2016.02.25 22:50:19.251,0.81608,0.81633,1.37,1.00
2016.02.25 22:50:19.905,0.8161,0.81633,1.37,1.12
2016.02.25 22:50:20.432,0.81609,0.81633,1.37,1.12
2016.02.25 22:50:21.037,0.81608,0.81633,1.37,1.12
2016.02.25 22:50:21.613,0.81609,0.81632,1.37,1.00
2016.02.25 22:50:21.943,0.81612,0.81633,1.37,1.50
2016.02.25 22:50:22.046,0.81609,0.81632,1.37,1.00
2016.02.25 22:50:22.199,0.81613,0.81633,1.37,1.00
2016.02.25 22:50:22.746,0.81614,0.81632,1.37,1.12
2016.02.25 22:50:22.797,0.81609,0.81633,1.37,1.87
2016.02.25 22:50:23.567,0.81609,0.81633,1.37,1.50
2016.02.25 22:50:23.876,0.8161,0.81637,1.12,1.00
2016.02.25 22:50:23.927,0.8161,0.81634,1.00,1.37
2016.02.25 22:50:24.131,0.8161,0.81636,1.37,1.50
2016.02.25 22:50:24.670,0.81611,0.81635,1.37,1.50
2016.02.25 22:50:25.349,0.81611,0.81635,1.37,1.87
2016.02.25 22:50:25.552,0.81612,0.81637,1.37,1.87
2016.02.25 22:50:26.424,0.81612,0.81638,1.37,2.62
2016.02.25 22:50:26.637,0.81615,0.81637,1.37,1.12
2016.02.25 22:50:27.114,0.81612,0.81636,1.12,1.00
2016.02.25 22:50:27.536,0.81614,0.81637,1.37,1.87
2016.02.25 22:50:27.740,0.81612,0.81636,1.37,1.00
2016.02.25 22:50:28.642,0.8161,0.81636,1.87,1.00
2016.02.25 22:50:28.754,0.8161,0.81636,1.87,1.37
2016.02.25 22:50:28.856,0.8161,0.81636,1.87,1.12
2016.02.25 22:50:29.231,0.81614,0.81636,1.00,1.37
2016.02.25 22:50:29.333,0.81612,0.81636,1.12,1.00
2016.02.25 22:50:29.548,0.81614,0.81636,1.00,1.00
2016.02.25 22:50:30.101,0.81613,0.81636,1.00,1.00
2016.02.25 22:50:31.314,0.81615,0.81636,1.37,1.00
2016.02.25 22:50:31.416,0.81611,0.81636,1.87,1.00
2016.02.25 22:50:32.161,0.81613,0.81636,1.00,1.12
2016.02.25 22:50:32.718,0.81612,0.81636,1.12,1.12
2016.02.25 22:50:33.315,0.81615,0.81636,1.37,1.12
2016.02.25 22:50:33.733,0.81611,0.81636,1.37,1.12
2016.02.25 22:50:34.053,0.81615,0.81636,1.37,1.12
2016.02.25 22:50:34.161,0.81612,0.81636,1.12,1.12
2016.02.25 22:50:34.701,0.81613,0.81636,1.12,1.12
2016.02.25 22:50:36.055,0.81614,0.81636,1.37,1.12
2016.02.25 22:50:36.160,0.81611,0.81636,1.87,1.12
2016.02.25 22:50:36.714,0.81613,0.81636,1.00,1.12
2016.02.25 22:50:37.261,0.81612,0.81636,1.00,1.12
2016.02.25 22:50:37.897,0.81611,0.81636,1.00,1.50
2016.02.25 22:50:38.406,0.81609,0.81636,1.87,1.50
2016.02.25 22:50:39.003,0.81609,0.81636,1.87,1.50
2016.02.25 22:50:40.015,0.81612,0.81636,1.00,2.25
2016.02.25 22:50:40.321,0.81615,0.81636,1.37,1.12
2016.02.25 22:50:40.677,0.81612,0.81634,1.00,1.37
2016.02.25 22:50:40.728,0.81608,0.81636,1.12,2.25
2016.02.25 22:50:40.931,0.81607,0.81633,2.25,1.37
2016.02.25 22:50:41.236,0.81607,0.81634,1.50,1.00
2016.02.25 22:50:41.521,0.81609,0.81634,1.37,1.50
2016.02.25 22:50:41.825,0.81615,0.81636,1.37,1.87
2016.02.25 22:50:41.877,0.81607,0.81636,1.50,2.25
2016.02.25 22:50:41.978,0.81615,0.81633,1.37,1.00
2016.02.25 22:50:42.030,0.81607,0.81632,1.00,1.37
2016.02.25 22:50:42.570,0.81608,0.81631,1.00,1.12
2016.02.25 22:50:43.644,0.81608,0.81631,1.87,1.00
2016.02.25 22:50:44.181,0.81608,0.81631,1.00,1.00
2016.02.25 22:50:45.583,0.81608,0.81631,1.87,1.00
2016.02.25 22:50:46.369,0.81608,0.81631,1.12,1.00
2016.02.25 22:50:47.010,0.81608,0.81631,1.87,1.00
2016.02.25 22:50:47.557,0.81608,0.81631,1.00,1.00
2016.02.25 22:50:48.789,0.81608,0.81631,1.37,1.00
2016.02.25 22:50:49.037,0.81607,0.81631,1.00,1.00
2016.02.25 22:50:49.621,0.81607,0.81633,1.00,1.37
2016.02.25 22:50:50.512,0.81609,0.81633,1.00,1.37
2016.02.25 22:50:50.955,0.81609,0.81634,1.87,1.12
2016.02.25 22:50:51.498,0.81609,0.81634,1.12,1.00
2016.02.25 22:50:52.015,0.81609,0.81634,2.62,1.12
2016.02.25 22:50:52.537,0.81609,0.81634,1.87,1.00
2016.02.25 22:50:53.046,0.81609,0.81634,1.87,1.12
2016.02.25 22:50:53.885,0.81609,0.81633,1.37,1.00
2016.02.25 22:50:54.537,0.81609,0.81632,1.37,1.00
2016.02.25 22:50:55.856,0.81607,0.81632,1.37,1.00
2016.02.25 22:50:56.557,0.81608,0.81632,1.37,1.87
2016.02.25 22:50:57.304,0.81607,0.81632,1.37,1.12
2016.02.25 22:50:57.809,0.81607,0.81632,1.37,1.50
2016.02.25 22:50:58.350,0.81608,0.81631,1.37,1.00
2016.02.25 22:50:59.559,0.81606,0.81631,1.87,1.00
2016.02.25 22:51:00.066,0.81606,0.81632,1.12,1.50
2016.02.25 22:51:00.675,0.81607,0.8163,1.00,2.25
2016.02.25 22:51:01.908,0.81607,0.81629,1.12,1.37
2016.02.25 22:51:02.010,0.81607,0.81627,1.00,1.37
2016.02.25 22:51:03.180,0.81606,0.81625,1.00,1.37
2016.02.25 22:51:03.283,0.81606,0.81629,1.00,1.37
2016.02.25 22:51:03.791,0.81606,0.8163,1.12,2.17
2016.02.25 22:51:03.995,0.81606,0.81627,1.00,1.37
2016.02.25 22:51:04.314,0.81613,0.81634,1.37,2.17
2016.02.25 22:51:04.366,0.81613,0.81634,1.37,1.30
2016.02.25 22:51:04.468,0.8161,0.8163,1.00,1.37
2016.02.25 22:51:04.570,0.8161,0.81633,1.00,1.87
2016.02.25 22:51:04.622,0.81606,0.81633,1.00,2.17
2016.02.25 22:51:04.810,0.81614,0.81633,1.37,1.30
2016.02.25 22:51:04.912,0.81609,0.81632,1.37,1.30
2016.02.25 22:51:05.169,0.81607,0.81628,1.50,1.37
2016.02.25 22:51:05.271,0.81607,0.81631,1.00,1.42
2016.02.25 22:51:07.212,0.81607,0.81632,1.87,1.30
2016.02.25 22:51:07.782,0.81607,0.81632,1.00,2.17
2016.02.25 22:51:08.316,0.81607,0.81632,1.87,2.17
2016.02.25 22:51:08.475,0.81609,0.81632,1.37,1.30
2016.02.25 22:51:08.576,0.81606,0.81632,1.87,2.17
2016.02.25 22:51:09.010,0.81606,0.81628,1.12,1.37
2016.02.25 22:51:09.316,0.81612,0.81632,1.37,1.30
2016.02.25 22:51:09.678,0.81618,0.81632,1.37,1.05
2016.02.25 22:51:09.780,0.81608,0.81631,1.00,1.37
2016.02.25 22:51:09.837,0.81611,0.81631,1.00,1.37
2016.02.25 22:51:09.939,0.81606,0.81631,1.12,1.42
2016.02.25 22:51:10.092,0.81607,0.81628,1.37,1.37
2016.02.25 22:51:10.194,0.81606,0.81631,1.00,1.42
2016.02.25 22:51:10.397,0.81606,0.81628,1.00,1.37
2016.02.25 22:51:11.378,0.81606,0.81631,1.00,3.30
2016.02.25 22:51:13.305,0.81605,0.81631,1.12,2.55
2016.02.25 22:51:13.618,0.81613,0.81631,1.37,1.42
2016.02.25 22:51:13.720,0.81609,0.81631,1.00,1.05
2016.02.25 22:51:13.924,0.81611,0.81632,1.37,1.30
2016.02.25 22:51:14.232,0.81613,0.81635,1.37,2.17
2016.02.25 22:51:14.727,0.81617,0.81635,1.37,1.80
2016.02.25 22:51:14.829,0.81614,0.81635,1.37,1.80
2016.02.25 22:51:14.931,0.81614,0.81635,1.37,2.17
2016.02.25 22:51:15.034,0.81608,0.81633,1.87,1.30
2016.02.25 22:51:15.086,0.81608,0.81629,1.00,1.37
2016.02.25 22:51:15.137,0.81606,0.81629,1.00,1.37
2016.02.25 22:51:15.682,0.81606,0.8163,1.00,1.42
2016.02.25 22:51:15.733,0.81606,0.81628,1.00,1.37
2016.02.25 22:51:16.088,0.81615,0.81632,1.37,2.17
2016.02.25 22:51:16.140,0.81615,0.81632,1.37,1.80
2016.02.25 22:51:16.191,0.81612,0.81631,1.37,1.30
2016.02.25 22:51:16.773,0.81612,0.81633,1.37,1.30
2016.02.25 22:51:17.022,0.81607,0.81631,1.12,1.67
2016.02.25 22:51:18.116,0.81607,0.81631,1.37,1.30
2016.02.25 22:51:18.650,0.81607,0.81631,1.37,1.67
2016.02.25 22:51:19.313,0.81606,0.81631,1.37,1.42
2016.02.25 22:51:19.861,0.81607,0.81631,1.37,1.42
2016.02.25 22:51:21.225,0.81607,0.81631,1.37,1.67
2016.02.25 22:51:21.327,0.81612,0.81631,1.37,1.30
2016.02.25 22:51:21.428,0.81608,0.81632,1.37,1.80
2016.02.25 22:51:23.111,0.81611,0.81632,1.37,1.42
2016.02.25 22:51:23.213,0.81607,0.81632,1.37,1.67
2016.02.25 22:51:23.417,0.81612,0.81632,1.37,1.30
2016.02.25 22:51:23.953,0.81613,0.81632,1.37,1.30
2016.02.25 22:51:24.490,0.81612,0.81632,1.37,1.30
2016.02.25 22:51:24.889,0.81612,0.81632,1.37,1.05
2016.02.25 22:51:25.636,0.81613,0.81632,1.37,1.05
2016.02.25 22:51:26.389,0.81613,0.81632,1.37,1.30
2016.02.25 22:51:26.824,0.81613,0.81632,1.37,1.67
2016.02.25 22:51:28.010,0.81613,0.81632,1.37,1.30
2016.02.25 22:51:28.550,0.81613,0.81632,1.37,1.30
2016.02.25 22:51:29.349,0.81613,0.81632,1.37,1.30
2016.02.25 22:51:34.017,0.81612,0.81632,1.37,1.30
2016.02.25 22:51:34.641,0.8161,0.81631,1.87,1.05
2016.02.25 22:51:34.846,0.81612,0.81631,1.37,1.05
2016.02.25 22:51:35.356,0.81614,0.81632,1.37,1.30
2016.02.25 22:51:35.458,0.81612,0.81632,1.37,1.30
2016.02.25 22:51:35.692,0.81612,0.81632,1.37,1.05
2016.02.25 22:51:35.757,0.81614,0.81633,1.37,1.42
2016.02.25 22:51:35.859,0.81611,0.81634,1.37,2.92
2016.02.25 22:51:35.961,0.81613,0.81633,1.37,2.17
2016.02.25 22:51:36.063,0.81611,0.81634,1.37,3.30
2016.02.25 22:51:36.165,0.81605,0.81628,1.00,1.42
2016.02.25 22:51:36.621,0.81606,0.81628,1.37,1.05
2016.02.25 22:51:37.226,0.81605,0.81629,1.37,1.30
2016.02.25 22:51:38.131,0.81606,0.81629,1.37,1.30
2016.02.25 22:51:38.435,0.81606,0.81627,1.37,1.30
2016.02.25 22:51:38.588,0.81606,0.81628,1.37,1.12
2016.02.25 22:51:38.639,0.81604,0.81629,1.37,1.50
2016.02.25 22:51:39.221,0.81612,0.81629,1.37,1.00
2016.02.25 22:51:39.272,0.81604,0.8163,1.37,1.37
2016.02.25 22:51:39.476,0.81606,0.81631,1.37,1.00
2016.02.25 22:51:39.783,0.81609,0.81629,1.37,1.00
2016.02.25 22:51:39.992,0.81602,0.81626,1.37,1.37
2016.02.25 22:51:40.551,0.81602,0.81627,1.37,1.00
2016.02.25 22:51:40.653,0.81602,0.81626,1.37,1.37
2016.02.25 22:51:41.084,0.816,0.81627,3.37,1.12
2016.02.25 22:51:41.237,0.816,0.81626,2.62,1.37
2016.02.25 22:51:41.582,0.81605,0.81627,1.00,1.12
2016.02.25 22:51:41.736,0.816,0.81626,2.62,1.37
2016.02.25 22:51:42.041,0.81603,0.81627,1.37,1.12
2016.02.25 22:51:42.448,0.816,0.81626,1.87,1.37
2016.02.25 22:51:42.550,0.816,0.81627,1.87,1.00
2016.02.25 22:51:42.854,0.81603,0.81627,1.87,1.12
2016.02.25 22:51:43.159,0.81603,0.81626,1.00,1.37
2016.02.25 22:51:43.466,0.816,0.81628,3.00,1.87
2016.02.25 22:51:43.568,0.816,0.81626,1.87,1.37
2016.02.25 22:51:43.916,0.81609,0.81631,1.37,1.00
2016.02.25 22:51:44.070,0.81606,0.8163,1.12,1.37
2016.02.25 22:51:44.375,0.81609,0.8163,1.00,1.37
2016.02.25 22:51:44.880,0.8161,0.81634,1.87,1.87
2016.02.25 22:51:44.982,0.81606,0.81627,1.50,1.37
2016.02.25 22:51:45.508,0.81607,0.81626,1.00,1.37
2016.02.25 22:51:46.166,0.81608,0.8163,1.37,1.00
2016.02.25 22:51:46.268,0.81604,0.81628,1.87,1.37
2016.02.25 22:51:46.576,0.81604,0.81624,1.00,1.37
2016.02.25 22:51:46.678,0.81603,0.81628,1.87,1.37
2016.02.25 22:51:47.185,0.81604,0.81627,1.87,1.37
2016.02.25 22:51:47.287,0.81605,0.8163,1.00,1.37
2016.02.25 22:51:47.542,0.81604,0.81626,1.00,1.37
2016.02.25 22:51:47.644,0.81603,0.8163,1.12,1.37
2016.02.25 22:51:47.745,0.81605,0.8163,1.37,1.37
2016.02.25 22:51:48.278,0.81606,0.81629,1.37,1.37
2016.02.25 22:51:48.888,0.81605,0.8163,1.37,1.37
2016.02.25 22:51:49.395,0.81606,0.81631,1.12,1.37
2016.02.25 22:51:49.700,0.81609,0.8163,1.37,1.00
2016.02.25 22:51:50.141,0.81604,0.81627,1.00,1.37
2016.02.25 22:51:50.193,0.81608,0.8163,1.37,1.50
2016.02.25 22:51:50.244,0.81608,0.81632,1.37,1.87
2016.02.25 22:51:50.296,0.81606,0.81632,1.37,1.00
2016.02.25 22:51:50.347,0.8161,0.81632,1.37,1.12
2016.02.25 22:51:50.551,0.81606,0.81632,1.87,1.87
2016.02.25 22:51:51.096,0.81605,0.81632,1.37,1.87
2016.02.25 22:51:51.199,0.81604,0.81629,1.37,1.37
2016.02.25 22:51:51.712,0.81605,0.81629,1.37,1.87
2016.02.25 22:51:52.174,0.81612,0.8163,1.37,1.00
2016.02.25 22:51:52.225,0.81612,0.81632,1.37,1.00
2016.02.25 22:51:52.844,0.8161,0.81629,1.37,1.50
2016.02.25 22:51:52.895,0.81605,0.81629,1.87,1.50
2016.02.25 22:51:53.099,0.8161,0.81629,1.37,1.00
2016.02.25 22:51:53.208,0.81611,0.81631,1.37,1.00
2016.02.25 22:51:53.658,0.81606,0.81629,1.37,1.87
2016.02.25 22:51:54.261,0.81612,0.8163,1.37,1.00
2016.02.25 22:51:54.465,0.81608,0.8163,1.00,1.12
2016.02.25 22:51:55.015,0.81607,0.8163,1.37,1.37
2016.02.25 22:51:55.383,0.81605,0.8163,1.87,1.37
2016.02.25 22:51:55.485,0.81607,0.81631,1.37,1.12
2016.02.25 22:51:55.994,0.81606,0.8163,1.37,1.50
2016.02.25 22:51:56.997,0.8161,0.81629,1.37,1.00
2016.02.25 22:51:57.412,0.81611,0.81631,1.37,2.25
2016.02.25 22:51:57.463,0.81606,0.81631,1.37,2.25
2016.02.25 22:51:58.462,0.81609,0.81631,1.37,2.25
2016.02.25 22:51:58.984,0.81606,0.81631,1.37,2.25
2016.02.25 22:51:59.290,0.8161,0.81631,1.37,2.25
2016.02.25 22:51:59.513,0.81606,0.8163,1.37,1.00
2016.02.25 22:51:59.801,0.81614,0.81631,1.37,1.00
2016.02.25 22:51:59.853,0.81614,0.81633,1.37,1.00
2016.02.25 22:51:59.904,0.81611,0.81633,1.37,1.00
2016.02.25 22:52:00.556,0.81611,0.81632,1.37,1.00
2016.02.25 22:52:00.607,0.81607,0.8163,1.00,1.87
2016.02.25 22:52:00.812,0.81608,0.81633,1.37,1.87
2016.02.25 22:52:01.017,0.81605,0.81629,1.12,1.37
2016.02.25 22:52:01.322,0.81614,0.81632,1.37,1.00
2016.02.25 22:52:01.633,0.81611,0.81634,1.37,1.50
2016.02.25 22:52:01.788,0.81616,0.81634,1.37,1.50
2016.02.25 22:52:01.993,0.81613,0.81634,1.37,1.00
2016.02.25 22:52:02.321,0.81609,0.81633,1.00,1.37
2016.02.25 22:52:02.424,0.81606,0.81632,1.37,1.00
2016.02.25 22:52:02.694,0.81605,0.81629,1.87,1.37
2016.02.25 22:52:03.101,0.81606,0.8163,1.37,1.12
2016.02.25 22:52:03.406,0.81605,0.81629,1.00,1.12
2016.02.25 22:52:03.609,0.81606,0.81629,1.37,1.00
2016.02.25 22:52:03.935,0.81609,0.81629,1.37,1.00
2016.02.25 22:52:03.987,0.81606,0.81629,1.00,1.37
2016.02.25 22:52:04.496,0.81605,0.81631,1.87,1.37
2016.02.25 22:52:04.598,0.81613,0.81631,1.37,1.00
2016.02.25 22:52:04.700,0.81608,0.81631,1.00,1.37
2016.02.25 22:52:05.404,0.81607,0.81628,1.37,1.00
2016.02.25 22:52:05.907,0.81612,0.81629,1.37,1.00
2016.02.25 22:52:06.416,0.81614,0.8163,1.37,1.00
2016.02.25 22:52:06.517,0.81611,0.81629,1.37,1.00
2016.02.25 22:52:06.881,0.81611,0.81634,1.37,1.37
2016.02.25 22:52:07.427,0.81611,0.81635,1.37,1.37
2016.02.25 22:52:08.294,0.8161,0.81636,1.87,1.87
2016.02.25 22:52:08.498,0.81614,0.81633,1.37,1.00
2016.02.25 22:52:08.803,0.81611,0.81633,1.87,1.00
2016.02.25 22:52:09.031,0.81614,0.81636,1.37,1.00
2016.02.25 22:52:09.091,0.81612,0.81639,1.87,1.00
2016.02.25 22:52:09.295,0.81617,0.81639,1.37,1.12
2016.02.25 22:52:09.397,0.81612,0.81637,1.87,1.37
2016.02.25 22:52:09.500,0.8161,0.81635,1.37,1.37
2016.02.25 22:52:09.806,0.81616,0.81636,1.37,1.00
2016.02.25 22:52:10.315,0.81612,0.81636,1.87,1.00
2016.02.25 22:52:10.704,0.81612,0.81635,1.37,1.37
2016.02.25 22:52:11.213,0.81611,0.81636,1.37,1.87
2016.02.25 22:52:11.730,0.8161,0.81634,1.12,1.37
2016.02.25 22:52:11.833,0.81611,0.81636,1.00,1.87
2016.02.25 22:52:12.435,0.81611,0.81635,1.12,1.37
2016.02.25 22:52:12.497,0.81613,0.81635,1.37,1.37
2016.02.25 22:52:13.002,0.81615,0.81636,1.37,1.50
2016.02.25 22:52:13.104,0.8161,0.81636,1.37,2.62
2016.02.25 22:52:13.410,0.81615,0.81629,1.37,1.00
2016.02.25 22:52:13.613,0.81611,0.8163,1.00,1.00
2016.02.25 22:52:14.153,0.8161,0.81629,1.37,1.00
2016.02.25 22:52:14.204,0.81613,0.81629,1.37,1.00
2016.02.25 22:52:14.713,0.81612,0.8163,1.37,1.50
2016.02.25 22:52:15.244,0.81613,0.8163,1.37,1.00
2016.02.25 22:52:15.602,0.81609,0.81626,1.00,1.87
2016.02.25 22:52:16.042,0.81609,0.81622,1.00,1.00
2016.02.25 22:52:16.100,0.81605,0.81622,1.00,1.00
2016.02.25 22:52:16.689,0.81605,0.81623,1.00,1.00
2016.02.25 22:52:17.545,0.81605,0.81625,1.00,1.12
2016.02.25 22:52:17.845,0.81605,0.81621,1.00,1.00
2016.02.25 22:52:18.390,0.81606,0.81621,1.00,1.00
2016.02.25 22:52:18.721,0.81605,0.81619,1.00,1.00
2016.02.25 22:52:19.290,0.81605,0.8162,1.00,1.00
2016.02.25 22:52:19.918,0.81605,0.81618,1.00,1.00
2016.02.25 22:52:22.002,0.81605,0.81621,1.00,1.00
2016.02.25 22:52:23.420,0.81605,0.81622,1.00,1.12
2016.02.25 22:52:23.681,0.81605,0.81619,1.00,1.00
2016.02.25 22:52:23.986,0.81605,0.81621,1.00,1.12
2016.02.25 22:52:24.037,0.81595,0.8162,1.00,1.12
2016.02.25 22:52:24.139,0.81599,0.8162,1.37,1.87
2016.02.25 22:52:24.610,0.81594,0.8162,1.12,2.62
2016.02.25 22:52:24.712,0.81599,0.8162,1.37,3.00
2016.02.25 22:52:24.814,0.81596,0.8162,1.37,2.25
2016.02.25 22:52:25.403,0.81597,0.81622,1.37,2.25
2016.02.25 22:52:26.746,0.81596,0.8162,1.37,1.50
2016.02.25 22:52:27.247,0.81597,0.8162,1.37,1.00
2016.02.25 22:52:27.775,0.81596,0.8162,1.37,1.00
2016.02.25 22:52:28.235,0.81593,0.8162,1.37,1.87
2016.02.25 22:52:28.336,0.81597,0.8162,1.37,2.62
2016.02.25 22:52:29.021,0.81596,0.8162,1.37,1.87
2016.02.25 22:52:29.656,0.81596,0.8162,1.37,2.25
2016.02.25 22:52:30.260,0.81596,0.8162,1.37,3.00
2016.02.25 22:52:30.817,0.81598,0.8162,1.37,1.12
2016.02.25 22:52:32.042,0.81597,0.8162,1.37,1.00
2016.02.25 22:52:32.549,0.81597,0.81621,1.37,1.50
2016.02.25 22:52:33.551,0.81598,0.81621,1.37,1.50
2016.02.25 22:52:34.058,0.81598,0.8162,1.37,1.50
2016.02.25 22:52:35.024,0.81601,0.81621,1.37,1.50
2016.02.25 22:52:35.604,0.816,0.81621,1.37,1.50
2016.02.25 22:52:36.208,0.81599,0.81621,1.37,1.50
2016.02.25 22:52:36.866,0.81599,0.8162,1.37,1.50
2016.02.25 22:52:37.743,0.81598,0.8162,1.37,1.50
2016.02.25 22:52:38.666,0.81599,0.8162,1.37,1.50
2016.02.25 22:52:39.470,0.81598,0.8162,1.37,1.50
2016.02.25 22:52:39.871,0.81601,0.81621,1.37,1.50
2016.02.25 22:52:41.377,0.81601,0.81618,1.37,1.00
2016.02.25 22:52:41.928,0.81602,0.81618,1.37,1.00
2016.02.25 22:52:42.745,0.81602,0.81619,1.37,1.00
2016.02.25 22:52:43.253,0.81601,0.81619,1.37,1.00
2016.02.25 22:52:43.809,0.81602,0.81619,1.37,1.00
2016.02.25 22:52:44.289,0.81601,0.81616,1.37,1.00
2016.02.25 22:52:44.792,0.81599,0.81615,1.37,1.00
2016.02.25 22:52:47.579,0.81599,0.81616,1.37,1.50
2016.02.25 22:52:47.883,0.81599,0.81612,1.37,1.00
2016.02.25 22:52:48.390,0.81598,0.81612,1.37,1.00
2016.02.25 22:52:49.101,0.81602,0.81612,1.37,1.00
2016.02.25 22:52:49.307,0.816,0.81613,1.37,1.00
2016.02.25 22:52:50.393,0.81601,0.81612,1.37,1.00
2016.02.25 22:52:50.900,0.816,0.81612,1.37,1.00
2016.02.25 22:52:51.100,0.81597,0.81613,1.37,1.00
2016.02.25 22:52:52.483,0.81596,0.81613,1.37,1.00
2016.02.25 22:52:53.809,0.81599,0.81613,1.37,1.00
2016.02.25 22:52:53.861,0.81599,0.81623,1.37,3.75
2016.02.25 22:52:53.963,0.81599,0.81622,1.37,1.12
2016.02.25 22:52:54.477,0.81599,0.81622,1.37,1.37
2016.02.25 22:52:54.992,0.81598,0.81622,1.37,2.25
2016.02.25 22:52:55.056,0.81598,0.81622,1.37,1.50
2016.02.25 22:52:55.260,0.81598,0.81625,1.37,1.87
2016.02.25 22:52:56.030,0.81599,0.81624,1.37,1.75
2016.02.25 22:52:56.665,0.81598,0.81625,1.37,2.62
2016.02.25 22:52:58.197,0.81599,0.81624,1.37,1.87
2016.02.25 22:52:58.906,0.81599,0.81624,1.37,1.87
2016.02.25 22:52:59.007,0.81599,0.81623,1.37,1.00
2016.02.25 22:52:59.878,0.81599,0.81624,1.37,1.87
2016.02.25 22:53:00.386,0.81599,0.81624,1.37,1.87
2016.02.25 22:53:01.125,0.81598,0.81624,1.37,1.37
2016.02.25 22:53:03.085,0.81598,0.81624,1.87,1.50
2016.02.25 22:53:03.289,0.81599,0.81624,1.37,2.25
2016.02.25 22:53:04.407,0.81599,0.81623,1.37,1.00
2016.02.25 22:53:05.015,0.81599,0.81625,1.37,2.62
2016.02.25 22:53:06.110,0.81598,0.81625,1.37,1.87
2016.02.25 22:53:07.049,0.81598,0.81625,1.37,1.50
2016.02.25 22:53:08.510,0.81599,0.81624,1.37,1.50
2016.02.25 22:53:09.059,0.81598,0.81625,1.37,1.87
2016.02.25 22:53:10.619,0.816,0.81625,1.00,1.50
2016.02.25 22:53:11.169,0.81599,0.81626,1.12,2.62
2016.02.25 22:53:11.866,0.81599,0.81625,1.12,1.00
2016.02.25 22:53:12.429,0.81601,0.81626,1.37,1.37
2016.02.25 22:53:12.747,0.81604,0.81628,1.00,1.37
2016.02.25 22:53:13.335,0.81605,0.8163,1.00,3.00
2016.02.25 22:53:13.645,0.81605,0.81632,1.00,1.50
2016.02.25 22:53:13.747,0.81607,0.81632,1.00,1.37
2016.02.25 22:53:15.010,0.81607,0.81633,1.12,1.37
2016.02.25 22:53:15.590,0.81607,0.81632,1.87,1.37
2016.02.25 22:53:16.577,0.81611,0.81632,1.00,1.37
2016.02.25 22:53:17.010,0.81609,0.81633,1.00,1.37
2016.02.25 22:53:17.214,0.81609,0.81635,1.12,1.37
2016.02.25 22:53:18.631,0.81609,0.81631,1.12,1.37
2016.02.25 22:53:19.149,0.81609,0.81632,1.00,1.37
2016.02.25 22:53:19.452,0.81611,0.81632,1.00,1.37
2016.02.25 22:53:20.301,0.81612,0.81632,1.00,1.37
2016.02.25 22:53:20.616,0.81612,0.81634,1.00,1.37
2016.02.25 22:53:21.154,0.81612,0.81633,1.00,1.37
2016.02.25 22:53:21.660,0.81612,0.81635,1.00,1.37
2016.02.25 22:53:22.820,0.81612,0.81634,1.00,1.37
2016.02.25 22:53:23.452,0.81612,0.81635,1.00,1.37
2016.02.25 22:53:23.820,0.81614,0.81635,1.00,1.37
2016.02.25 22:53:24.328,0.8161,0.81635,1.00,1.37
2016.02.25 22:53:24.867,0.81609,0.81635,1.00,1.37
2016.02.25 22:53:25.733,0.8161,0.81634,1.00,1.37
2016.02.25 22:53:26.226,0.81608,0.81633,1.12,1.37
2016.02.25 22:53:26.932,0.81608,0.81635,1.12,1.50
2016.02.25 22:53:27.034,0.8161,0.81637,1.37,2.62
2016.02.25 22:53:27.541,0.8161,0.81636,1.37,1.00
2016.02.25 22:53:28.075,0.8161,0.81635,1.37,1.12
2016.02.25 22:53:29.059,0.81611,0.81635,1.37,1.50
2016.02.25 22:53:29.379,0.81613,0.81637,1.37,1.37
2016.02.25 22:53:29.728,0.81618,0.81637,1.37,1.00
2016.02.25 22:53:29.780,0.81616,0.81637,1.37,1.00
2016.02.25 22:53:30.301,0.81617,0.81637,1.37,1.00
2016.02.25 22:53:30.619,0.8162,0.81642,1.00,1.75
2016.02.25 22:53:30.772,0.81617,0.81643,1.12,3.37
2016.02.25 22:53:30.823,0.81617,0.81642,1.12,1.12
2016.02.25 22:53:31.027,0.81615,0.81643,1.37,3.37
2016.02.25 22:53:31.436,0.81615,0.81641,1.87,1.50
2016.02.25 22:53:31.690,0.81615,0.81641,1.87,1.37
2016.02.25 22:53:32.660,0.81616,0.81641,1.12,1.12
2016.02.25 22:53:32.954,0.81618,0.81641,1.00,1.37
2016.02.25 22:53:33.517,0.81617,0.81639,1.00,1.00
2016.02.25 22:53:34.249,0.81618,0.81639,1.00,1.00
2016.02.25 22:53:34.564,0.81616,0.81639,1.00,1.00
2016.02.25 22:53:34.666,0.81616,0.81643,1.00,1.87
2016.02.25 22:53:34.768,0.81619,0.81643,1.00,1.87
2016.02.25 22:53:35.074,0.81615,0.8164,1.37,1.37
2016.02.25 22:53:35.380,0.81614,0.81639,1.37,1.87
2016.02.25 22:53:36.150,0.81615,0.81639,1.37,1.87
2016.02.25 22:53:36.404,0.81614,0.81639,1.37,1.37
2016.02.25 22:53:36.862,0.81615,0.81635,1.00,1.00
2016.02.25 22:53:37.067,0.81616,0.81638,1.37,1.00
2016.02.25 22:53:37.169,0.81613,0.81638,1.37,1.87
2016.02.25 22:53:37.653,0.81615,0.81633,1.37,1.00
2016.02.25 22:53:37.755,0.81611,0.81631,1.87,1.00
2016.02.25 22:53:37.979,0.81614,0.81632,1.37,1.00
2016.02.25 22:53:38.387,0.81615,0.8163,1.37,1.00
2016.02.25 22:53:38.844,0.81612,0.81626,1.00,1.00
2016.02.25 22:53:39.185,0.8161,0.81626,1.00,1.00
2016.02.25 22:53:39.999,0.8161,0.81626,1.87,1.00
2016.02.25 22:53:40.202,0.81611,0.81629,1.12,1.00
2016.02.25 22:53:40.406,0.81611,0.81626,1.00,1.00
2016.02.25 22:53:40.735,0.816,0.81616,1.37,1.87
2016.02.25 22:53:40.888,0.81596,0.81614,1.37,1.50
2016.02.25 22:53:41.194,0.81597,0.81608,1.37,1.00
2016.02.25 22:53:41.296,0.81596,0.81613,1.37,1.00
2016.02.25 22:53:41.499,0.81596,0.81609,1.37,1.00
2016.02.25 22:53:41.995,0.81596,0.81607,1.37,1.00
2016.02.25 22:53:42.307,0.81597,0.81609,1.37,1.00
2016.02.25 22:53:42.460,0.81597,0.81606,1.37,1.00
2016.02.25 22:53:42.975,0.81596,0.81607,1.37,1.00
2016.02.25 22:53:43.079,0.81594,0.81608,1.87,1.00
2016.02.25 22:53:43.585,0.81594,0.81611,1.37,1.00
2016.02.25 22:53:43.992,0.81594,0.81614,1.37,1.00
2016.02.25 22:53:44.196,0.81595,0.81608,1.37,1.00
2016.02.25 22:53:44.603,0.81595,0.81616,1.37,1.50
2016.02.25 22:53:44.654,0.81595,0.81616,1.37,1.75
2016.02.25 22:53:45.157,0.81594,0.81613,1.37,1.00
2016.02.25 22:53:45.463,0.81595,0.81607,1.37,1.00
2016.02.25 22:53:45.983,0.81594,0.81606,1.37,1.00
2016.02.25 22:53:46.459,0.81593,0.81604,1.37,1.00
2016.02.25 22:53:46.980,0.81593,0.81605,1.37,1.00
2016.02.25 22:53:49.868,0.81594,0.81602,1.37,1.00
2016.02.25 22:53:49.920,0.81593,0.81604,1.37,1.00
2016.02.25 22:53:52.311,0.81591,0.81608,1.00,1.12
2016.02.25 22:53:52.515,0.81593,0.81608,1.37,1.00
2016.02.25 22:53:52.617,0.81593,0.8161,1.37,1.00
2016.02.25 22:53:52.719,0.81595,0.81611,1.37,1.00
2016.02.25 22:53:54.285,0.81595,0.81609,1.37,1.00
2016.02.25 22:53:54.917,0.81596,0.81608,1.37,1.00
2016.02.25 22:53:57.288,0.81596,0.81609,1.37,1.00
2016.02.25 22:53:58.091,0.81595,0.81608,1.37,1.00
2016.02.25 22:53:58.786,0.81592,0.81607,1.37,1.00
2016.02.25 22:53:58.940,0.81594,0.81607,1.37,1.00
2016.02.25 22:53:59.448,0.81594,0.81608,1.37,1.00
2016.02.25 22:53:59.753,0.81592,0.81606,1.37,1.00
2016.02.25 22:54:00.532,0.81588,0.81604,1.00,1.00
2016.02.25 22:54:00.587,0.81586,0.81604,1.12,1.00
2016.02.25 22:54:00.638,0.8159,0.81604,1.37,1.00
2016.02.25 22:54:02.293,0.81588,0.81604,1.37,1.00
2016.02.25 22:54:02.501,0.81586,0.81604,1.12,1.00
2016.02.25 22:54:02.603,0.81588,0.81604,1.37,1.00
2016.02.25 22:54:03.335,0.81587,0.81604,1.37,1.00
2016.02.25 22:54:03.540,0.81585,0.81603,1.87,1.00
2016.02.25 22:54:04.115,0.81584,0.81604,1.37,1.00
2016.02.25 22:54:04.507,0.81588,0.81603,1.37,1.00
2016.02.25 22:54:04.609,0.81585,0.81604,1.37,1.00
2016.02.25 22:54:05.151,0.81582,0.81605,1.37,1.00
2016.02.25 22:54:05.355,0.81587,0.81602,1.37,1.00
2016.02.25 22:54:05.909,0.81588,0.81602,1.37,1.00
2016.02.25 22:54:06.458,0.81587,0.81603,1.37,1.00
2016.02.25 22:54:07.059,0.81588,0.81602,1.37,1.00
2016.02.25 22:54:07.578,0.81587,0.81603,1.37,1.00
2016.02.25 22:54:08.215,0.81586,0.81603,1.37,1.00
2016.02.25 22:54:08.986,0.81586,0.81605,1.37,1.00
2016.02.25 22:54:09.623,0.81584,0.81604,1.00,1.00
2016.02.25 22:54:09.931,0.81581,0.81604,1.37,1.00
2016.02.25 22:54:10.137,0.81587,0.816,1.37,1.00
2016.02.25 22:54:10.341,0.81587,0.81604,1.37,1.00
2016.02.25 22:54:10.646,0.81585,0.81605,1.00,1.00
2016.02.25 22:54:10.748,0.81579,0.81604,1.37,1.00
2016.02.25 22:54:11.070,0.81581,0.81604,1.37,1.00
2016.02.25 22:54:11.223,0.81579,0.81604,1.37,1.00
2016.02.25 22:54:11.869,0.8158,0.81603,1.37,1.00
2016.02.25 22:54:12.381,0.81579,0.81604,1.37,1.00
2016.02.25 22:54:12.534,0.81578,0.81602,1.37,1.00
2016.02.25 22:54:12.838,0.81578,0.81599,1.37,1.00
2016.02.25 22:54:13.455,0.81577,0.81598,1.37,1.00
2016.02.25 22:54:14.130,0.81577,0.81603,1.87,1.00
2016.02.25 22:54:14.676,0.81577,0.81604,2.25,1.12
2016.02.25 22:54:15.254,0.81582,0.81603,1.37,1.00
2016.02.25 22:54:15.356,0.81582,0.81605,1.87,1.00
2016.02.25 22:54:16.280,0.81585,0.81605,1.37,1.00
2016.02.25 22:54:16.585,0.81583,0.81603,1.37,1.00
2016.02.25 22:54:17.726,0.81584,0.81602,1.87,1.00
2016.02.25 22:54:18.454,0.81583,0.81603,1.37,1.00
2016.02.25 22:54:21.497,0.81584,0.81602,1.37,1.00
2016.02.25 22:54:22.037,0.81583,0.81603,1.37,1.00
2016.02.25 22:54:22.559,0.81584,0.81603,1.37,1.00
2016.02.25 22:54:23.350,0.81584,0.81604,1.37,1.00
2016.02.25 22:54:23.553,0.81583,0.81604,1.00,1.00
2016.02.25 22:54:23.756,0.81577,0.81604,1.87,1.00
2016.02.25 22:54:23.970,0.81577,0.81603,1.87,1.37
2016.02.25 22:54:24.872,0.81577,0.81598,1.87,1.00
2016.02.25 22:54:25.188,0.81579,0.81598,1.37,1.00
2016.02.25 22:54:25.551,0.81589,0.816,1.37,1.00
2016.02.25 22:54:25.653,0.81585,0.81604,1.37,1.00
2016.02.25 22:54:25.755,0.81585,0.81606,1.37,1.00
2016.02.25 22:54:26.074,0.81589,0.81603,1.37,1.00
2016.02.25 22:54:26.498,0.81589,0.81605,1.37,1.00
2016.02.25 22:54:27.007,0.8159,0.81605,1.37,1.00
2016.02.25 22:54:27.554,0.8159,0.81606,1.37,1.00
2016.02.25 22:54:28.363,0.81589,0.81607,1.37,1.00
2016.02.25 22:54:30.675,0.81589,0.81608,1.37,1.00
2016.02.25 22:54:31.588,0.81592,0.81612,1.37,1.87
2016.02.25 22:54:31.947,0.81592,0.81608,1.37,1.00
2016.02.25 22:54:32.978,0.81593,0.81607,1.37,1.00
2016.02.25 22:54:33.528,0.81592,0.81608,1.37,1.00
2016.02.25 22:54:34.075,0.8159,0.81608,1.37,1.00
2016.02.25 22:54:35.778,0.8159,0.81609,1.37,1.00
2016.02.25 22:54:36.379,0.8159,0.8161,1.37,1.50
2016.02.25 22:54:36.684,0.81588,0.81608,1.37,1.00
2016.02.25 22:54:37.664,0.81589,0.81607,1.37,1.00
2016.02.25 22:54:38.190,0.81588,0.81608,1.37,1.00
2016.02.25 22:54:38.677,0.81588,0.81606,1.37,1.00
2016.02.25 22:54:42.979,0.81589,0.81605,1.37,1.00
2016.02.25 22:54:43.287,0.81591,0.81607,1.37,1.00
2016.02.25 22:54:44.971,0.81592,0.81606,1.37,1.00
2016.02.25 22:54:45.515,0.81591,0.81607,1.37,1.00
2016.02.25 22:54:47.101,0.81594,0.8161,1.37,1.50
2016.02.25 22:54:47.422,0.81595,0.81607,1.37,1.00
2016.02.25 22:54:48.611,0.81594,0.81608,1.37,1.00
2016.02.25 22:54:49.177,0.81595,0.81607,1.37,1.00
2016.02.25 22:54:50.626,0.81594,0.81609,1.37,1.00
2016.02.25 22:54:52.303,0.81595,0.81608,1.37,1.00
2016.02.25 22:54:52.913,0.81594,0.81609,1.37,1.00
2016.02.25 22:54:54.614,0.81595,0.81608,1.37,1.00
2016.02.25 22:54:55.135,0.81594,0.81609,1.37,1.00
2016.02.25 22:54:55.440,0.81598,0.8161,1.37,1.00
2016.02.25 22:54:55.980,0.81597,0.8161,1.37,1.00
2016.02.25 22:54:56.711,0.81596,0.81611,1.37,1.00
2016.02.25 22:54:57.414,0.81597,0.81608,1.37,1.00
2016.02.25 22:54:57.668,0.81596,0.8161,1.37,1.00
2016.02.25 22:54:58.024,0.81595,0.81608,1.37,1.00
2016.02.25 22:54:58.824,0.81595,0.81609,1.37,1.00
2016.02.25 22:54:58.925,0.81595,0.81613,1.37,1.00
2016.02.25 22:54:59.028,0.81595,0.81615,1.37,1.00
2016.02.25 22:54:59.447,0.81595,0.81612,1.37,1.00
2016.02.25 22:54:59.762,0.81595,0.8161,1.37,1.00
2016.02.25 22:55:00.119,0.81595,0.81615,1.37,1.00
2016.02.25 22:55:00.425,0.81593,0.81611,2.62,1.00
2016.02.25 22:55:00.730,0.81591,0.81612,1.87,1.00
2016.02.25 22:55:00.953,0.81591,0.81609,1.87,1.00
2016.02.25 22:55:01.463,0.81594,0.81612,1.37,1.00
2016.02.25 22:55:01.566,0.81595,0.81614,1.37,1.00
2016.02.25 22:55:01.618,0.81594,0.81616,1.37,1.00
2016.02.25 22:55:01.823,0.81593,0.81611,1.37,1.00
2016.02.25 22:55:02.230,0.81591,0.81607,1.37,1.00
2016.02.25 22:55:02.536,0.81591,0.81609,1.37,1.00
2016.02.25 22:55:02.840,0.81592,0.81606,1.37,1.00
2016.02.25 22:55:02.942,0.81587,0.81607,1.87,1.00
2016.02.25 22:55:03.044,0.81587,0.81602,1.37,1.00
2016.02.25 22:55:03.549,0.81586,0.81603,1.37,1.00
2016.02.25 22:55:03.651,0.81583,0.81603,2.25,1.00
2016.02.25 22:55:03.753,0.81585,0.81604,1.37,1.00
2016.02.25 22:55:03.855,0.81585,0.81606,1.37,1.00
2016.02.25 22:55:04.059,0.81584,0.81602,1.37,1.00
2016.02.25 22:55:04.400,0.81583,0.816,1.37,1.00
2016.02.25 22:55:04.825,0.81583,0.81603,1.37,1.00
2016.02.25 22:55:04.927,0.81585,0.81607,1.37,1.00
2016.02.25 22:55:05.131,0.81589,0.81609,1.00,1.12
2016.02.25 22:55:05.436,0.81584,0.81606,1.87,1.00
2016.02.25 22:55:05.538,0.81585,0.81601,1.37,1.00
2016.02.25 22:55:05.640,0.81584,0.81607,1.50,1.00
2016.02.25 22:55:05.861,0.81586,0.81608,1.37,1.00
2016.02.25 22:55:06.174,0.81587,0.8161,1.50,1.00
2016.02.25 22:55:06.276,0.81591,0.8161,1.87,1.00
2016.02.25 22:55:06.327,0.81589,0.81612,1.12,1.00
2016.02.25 22:55:06.530,0.81592,0.81612,1.00,1.00
2016.02.25 22:55:07.037,0.81591,0.81612,1.00,1.00
2016.02.25 22:55:07.361,0.81593,0.81614,1.00,1.00
2016.02.25 22:55:07.803,0.81593,0.81612,1.00,1.37
2016.02.25 22:55:07.854,0.81588,0.81607,1.37,1.00
2016.02.25 22:55:07.956,0.81586,0.81607,1.87,1.12
2016.02.25 22:55:08.058,0.81586,0.81602,1.00,1.00
2016.02.25 22:55:08.161,0.81585,0.81604,1.12,1.00
2016.02.25 22:55:08.264,0.81588,0.81605,1.37,1.00
2016.02.25 22:55:08.569,0.81586,0.81606,1.37,1.12
2016.02.25 22:55:08.976,0.81587,0.816,1.37,1.00
2016.02.25 22:55:09.353,0.81587,0.81598,1.37,1.00
2016.02.25 22:55:09.456,0.81586,0.816,1.37,1.00
2016.02.25 22:55:09.863,0.81585,0.81599,1.12,1.00
2016.02.25 22:55:10.482,0.81585,0.81601,1.12,1.00
2016.02.25 22:55:10.747,0.81586,0.81603,1.12,1.00
2016.02.25 22:55:11.055,0.81588,0.81607,1.00,1.00
2016.02.25 22:55:11.856,0.81587,0.81604,1.37,1.00
2016.02.25 22:55:12.267,0.81585,0.81603,1.12,1.00
2016.02.25 22:55:12.470,0.81585,0.81601,1.12,1.00
2016.02.25 22:55:12.870,0.81586,0.81602,1.87,1.00
2016.02.25 22:55:13.174,0.81586,0.81605,1.37,1.00
2016.02.25 22:55:13.378,0.81587,0.81602,1.37,1.00
2016.02.25 22:55:13.683,0.81585,0.81602,1.87,1.00
2016.02.25 22:55:13.786,0.81585,0.816,1.12,1.00
2016.02.25 22:55:13.888,0.81585,0.81603,1.12,1.00
2016.02.25 22:55:13.990,0.81587,0.81603,1.37,1.00
2016.02.25 22:55:14.092,0.81584,0.81604,1.87,1.00
2016.02.25 22:55:14.520,0.81585,0.81606,1.37,1.00
2016.02.25 22:55:14.571,0.81586,0.81602,1.37,1.00
2016.02.25 22:55:14.673,0.81585,0.81607,1.37,1.00
2016.02.25 22:55:14.775,0.81588,0.81607,1.37,1.00
2016.02.25 22:55:14.877,0.81586,0.81607,1.37,1.00
2016.02.25 22:55:14.979,0.81589,0.81608,1.37,1.00
2016.02.25 22:55:15.080,0.81587,0.81608,1.37,1.12
2016.02.25 22:55:15.183,0.81587,0.81604,1.37,1.00
2016.02.25 22:55:15.285,0.81586,0.81606,1.37,1.00
2016.02.25 22:55:15.591,0.81586,0.81603,1.37,1.00
2016.02.25 22:55:15.794,0.81584,0.81604,1.87,1.00
2016.02.25 22:55:15.947,0.81586,0.81604,1.37,1.00
2016.02.25 22:55:16.396,0.81586,0.81601,1.37,1.00
2016.02.25 22:55:16.910,0.81585,0.81602,1.37,1.00
2016.02.25 22:55:17.165,0.81588,0.81608,1.37,1.00
2016.02.25 22:55:17.368,0.81589,0.81603,1.37,1.00
2016.02.25 22:55:17.775,0.81586,0.81604,1.37,1.00
2016.02.25 22:55:18.049,0.8159,0.8161,1.37,1.00
2016.02.25 22:55:18.101,0.8159,0.81612,1.37,1.00
2016.02.25 22:55:18.153,0.81592,0.81617,1.37,2.62
2016.02.25 22:55:18.359,0.8159,0.81613,1.37,1.00
2016.02.25 22:55:18.617,0.81588,0.81613,1.37,1.00
2016.02.25 22:55:18.669,0.81592,0.81615,1.37,1.87
2016.02.25 22:55:18.771,0.81589,0.81616,1.37,1.37
2016.02.25 22:55:19.026,0.81593,0.81617,1.87,2.70
2016.02.25 22:55:19.331,0.81598,0.81617,1.00,1.00
2016.02.25 22:55:19.732,0.816,0.81617,1.00,1.00
2016.02.25 22:55:19.783,0.81596,0.81618,1.37,1.00
2016.02.25 22:55:20.902,0.81597,0.81618,1.87,1.00
2016.02.25 22:55:22.292,0.81596,0.81618,1.87,1.00
2016.02.25 22:55:22.495,0.81595,0.81618,1.12,1.00
2016.02.25 22:55:22.597,0.816,0.81618,1.00,1.00
2016.02.25 22:55:22.699,0.81595,0.81619,1.12,1.00
2016.02.25 22:55:23.110,0.81594,0.81617,1.37,1.00
2016.02.25 22:55:23.579,0.81594,0.81619,1.87,1.87
2016.02.25 22:55:24.126,0.81596,0.81619,1.00,1.87
2016.02.25 22:55:24.178,0.81597,0.81617,1.00,1.00
2016.02.25 22:55:24.382,0.81597,0.81619,1.12,1.00
2016.02.25 22:55:24.899,0.81595,0.81617,1.37,1.00
2016.02.25 22:55:25.206,0.81595,0.81619,1.37,1.00
2016.02.25 22:55:25.411,0.81595,0.81617,1.37,1.00
2016.02.25 22:55:25.514,0.81595,0.8162,1.37,1.00
2016.02.25 22:55:25.667,0.81598,0.8162,1.00,1.00
2016.02.25 22:55:25.769,0.81595,0.81621,1.37,1.12
2016.02.25 22:55:25.972,0.81595,0.81617,1.37,1.00
2016.02.25 22:55:26.074,0.81595,0.81619,1.37,1.00
2016.02.25 22:55:26.601,0.81595,0.8162,1.87,1.12
2016.02.25 22:55:27.009,0.81595,0.81617,1.37,1.00
2016.02.25 22:55:27.111,0.81595,0.81621,1.37,1.50
2016.02.25 22:55:27.791,0.81596,0.8162,1.37,1.37
2016.02.25 22:55:28.216,0.81596,0.81617,1.37,1.00
2016.02.25 22:55:28.318,0.81595,0.81619,1.37,1.00
2016.02.25 22:55:28.471,0.81595,0.81619,1.37,2.25
2016.02.25 22:55:28.522,0.81594,0.81618,1.12,1.37
2016.02.25 22:55:28.776,0.81599,0.81619,1.00,1.50
2016.02.25 22:55:29.081,0.81594,0.81619,1.87,1.37
2016.02.25 22:55:29.385,0.81598,0.81618,1.00,1.87
2016.02.25 22:55:29.810,0.81596,0.81618,1.00,1.37
2016.02.25 22:55:29.912,0.81593,0.81619,1.87,1.37
2016.02.25 22:55:30.578,0.81594,0.81618,1.37,1.87
2016.02.25 22:55:30.883,0.81592,0.81617,1.87,1.00
2016.02.25 22:55:31.469,0.81592,0.81617,1.87,1.37
2016.02.25 22:55:31.885,0.81593,0.81619,1.12,1.37
2016.02.25 22:55:32.291,0.81595,0.81618,1.00,1.37
2016.02.25 22:55:32.494,0.81592,0.81617,1.87,1.00
2016.02.25 22:55:33.412,0.81593,0.81616,1.37,1.12
2016.02.25 22:55:33.921,0.81593,0.81618,1.12,1.37
2016.02.25 22:55:34.430,0.8159,0.81617,1.87,1.50
2016.02.25 22:55:35.015,0.81593,0.81618,1.87,1.37
2016.02.25 22:55:35.320,0.81599,0.81617,1.00,1.37
2016.02.25 22:55:36.125,0.81593,0.8162,1.37,2.25
2016.02.25 22:55:36.184,0.816,0.8162,1.00,2.25
2016.02.25 22:55:36.489,0.81609,0.81627,1.00,1.37
2016.02.25 22:55:36.806,0.81607,0.81626,1.00,1.37
2016.02.25 22:55:36.857,0.81602,0.81626,2.62,1.37
2016.02.25 22:55:37.364,0.81603,0.81626,1.00,1.37
2016.02.25 22:55:37.416,0.81598,0.81623,1.37,1.37
2016.02.25 22:55:37.518,0.81596,0.81621,1.00,1.37
2016.02.25 22:55:38.026,0.81596,0.8162,1.37,1.37
2016.02.25 22:55:38.512,0.81595,0.81622,1.37,1.37
2016.02.25 22:55:38.923,0.81598,0.81621,1.00,1.37
2016.02.25 22:55:39.330,0.81596,0.81622,1.12,1.37
2016.02.25 22:55:39.838,0.81598,0.81623,1.37,1.37
2016.02.25 22:55:40.099,0.81597,0.81623,1.12,1.37
2016.02.25 22:55:40.251,0.81599,0.81623,1.00,1.37
2016.02.25 22:55:40.726,0.81597,0.81623,1.12,1.37
2016.02.25 22:55:40.929,0.81599,0.81623,1.00,1.37
2016.02.25 22:55:41.447,0.81598,0.81623,1.00,1.37
2016.02.25 22:55:41.957,0.81599,0.81622,1.00,1.37
2016.02.25 22:55:42.313,0.81597,0.81623,1.12,1.37
2016.02.25 22:55:42.415,0.81596,0.81621,1.12,1.37
2016.02.25 22:55:43.144,0.81596,0.81622,1.12,1.37
2016.02.25 22:55:43.463,0.81599,0.81622,1.00,1.37
2016.02.25 22:55:43.827,0.81602,0.81624,1.00,1.37
2016.02.25 22:55:43.930,0.81599,0.81624,1.12,1.37
2016.02.25 22:55:44.557,0.81602,0.81624,1.00,1.37
2016.02.25 22:55:45.083,0.81603,0.81624,1.00,1.37
2016.02.25 22:55:45.355,0.81599,0.81624,1.00,1.37
2016.02.25 22:55:45.516,0.81597,0.81623,1.12,1.37
2016.02.25 22:55:45.922,0.81599,0.81623,1.00,1.37
2016.02.25 22:55:46.429,0.81598,0.81624,1.00,1.37
2016.02.25 22:55:47.009,0.81597,0.81624,1.00,1.37
2016.02.25 22:55:47.366,0.81594,0.8162,1.87,1.37
2016.02.25 22:55:47.876,0.81593,0.8162,1.37,2.62
2016.02.25 22:55:48.182,0.81593,0.81617,1.37,1.00
2016.02.25 22:55:48.541,0.81591,0.81614,1.37,1.00
2016.02.25 22:55:49.051,0.8159,0.81617,1.37,1.87
2016.02.25 22:55:49.352,0.8159,0.81615,1.37,1.37
2016.02.25 22:55:49.858,0.81589,0.81615,1.37,1.37
2016.02.25 22:55:50.261,0.81588,0.81612,1.37,1.37
2016.02.25 22:55:50.467,0.81587,0.81611,1.00,1.37
2016.02.25 22:55:50.855,0.81588,0.81611,1.37,1.37
2016.02.25 22:55:50.957,0.81587,0.81613,1.87,1.37
2016.02.25 22:55:51.009,0.81592,0.81613,1.00,1.37
2016.02.25 22:55:51.163,0.81597,0.8162,1.00,1.37
2016.02.25 22:55:51.267,0.81604,0.81619,1.00,1.37
2016.02.25 22:55:51.370,0.81603,0.81623,1.00,1.12
2016.02.25 22:55:51.640,0.81614,0.81631,1.00,1.37
2016.02.25 22:55:52.270,0.81615,0.81633,1.00,1.37
2016.02.25 22:55:52.680,0.81613,0.81632,1.00,1.12
2016.02.25 22:55:53.005,0.81612,0.81629,1.00,1.00
2016.02.25 22:55:53.532,0.81613,0.81631,1.00,1.12
2016.02.25 22:55:53.787,0.81612,0.81635,1.00,3.00
2016.02.25 22:55:53.838,0.81614,0.81635,1.00,1.12
2016.02.25 22:55:54.347,0.81613,0.81631,1.00,1.37
2016.02.25 22:55:55.096,0.81611,0.8162,1.00,1.37
2016.02.25 22:55:55.147,0.81609,0.81621,1.00,1.37
2016.02.25 22:55:55.249,0.81607,0.81626,1.00,1.12
2016.02.25 22:55:55.453,0.81611,0.81627,1.00,1.37
2016.02.25 22:55:56.359,0.81612,0.81626,1.00,1.37
2016.02.25 22:55:56.902,0.81611,0.81626,1.00,1.37
2016.02.25 22:55:57.239,0.81614,0.81627,1.00,1.37
2016.02.25 22:55:57.555,0.81615,0.81624,1.00,1.37
2016.02.25 22:55:57.860,0.81612,0.81628,1.00,1.37
2016.02.25 22:55:58.464,0.81613,0.81627,1.00,1.37
2016.02.25 22:55:58.861,0.81615,0.81627,1.00,1.37
2016.02.25 22:55:58.942,0.81613,0.81628,1.00,1.37
2016.02.25 22:55:59.663,0.81613,0.81624,1.00,1.37
2016.02.25 22:55:59.765,0.8161,0.81624,1.00,1.37
2016.02.25 22:56:00.104,0.81604,0.81623,1.00,1.37
2016.02.25 22:56:00.258,0.81602,0.81621,1.00,1.37
2016.02.25 22:56:00.462,0.81599,0.8162,1.00,1.37
2016.02.25 22:56:00.564,0.81597,0.81621,1.12,1.37
2016.02.25 22:56:00.666,0.81595,0.81621,1.87,1.37
2016.02.25 22:56:00.769,0.81595,0.81617,1.12,1.37
2016.02.25 22:56:01.326,0.81595,0.81618,1.00,1.37
2016.02.25 22:56:02.687,0.81595,0.81617,1.00,1.37
2016.02.25 22:56:03.174,0.81595,0.81615,1.00,1.37
2016.02.25 22:56:03.693,0.81595,0.81617,1.00,1.37
2016.02.25 22:56:04.777,0.81595,0.81616,1.00,1.37
2016.02.25 22:56:05.287,0.81595,0.81617,1.00,1.37
2016.02.25 22:56:06.692,0.81595,0.81616,1.00,1.37
2016.02.25 22:56:07.608,0.81595,0.81617,1.00,1.37
2016.02.25 22:56:08.571,0.81595,0.81616,1.00,1.37
2016.02.25 22:56:08.725,0.81589,0.81617,1.37,1.37
2016.02.25 22:56:09.243,0.8159,0.81616,1.87,1.37
2016.02.25 22:56:09.886,0.81589,0.81617,1.87,1.37
2016.02.25 22:56:10.673,0.81592,0.81616,1.00,1.37
2016.02.25 22:56:11.080,0.81592,0.81618,1.37,1.37
2016.02.25 22:56:11.765,0.81591,0.81618,1.87,1.37
2016.02.25 22:56:12.282,0.81591,0.81616,1.37,1.37
2016.02.25 22:56:12.818,0.81592,0.81617,1.37,1.37
2016.02.25 22:56:13.286,0.81601,0.81619,1.00,1.87
2016.02.25 22:56:13.388,0.81598,0.8162,1.00,1.37
2016.02.25 22:56:13.490,0.81598,0.81622,1.00,1.37
2016.02.25 22:56:13.592,0.81603,0.81622,1.00,1.37
2016.02.25 22:56:13.897,0.81598,0.81623,1.00,1.37
2016.02.25 22:56:14.429,0.81597,0.81623,1.12,1.87
2016.02.25 22:56:14.500,0.81595,0.8162,1.87,1.37
2016.02.25 22:56:15.025,0.81594,0.81621,1.37,1.37
2016.02.25 22:56:15.330,0.81601,0.81622,1.00,1.37
2016.02.25 22:56:15.483,0.81598,0.81622,1.00,1.37
2016.02.25 22:56:15.893,0.81594,0.81622,1.87,1.37
2016.02.25 22:56:16.440,0.81595,0.81621,1.37,1.87
2016.02.25 22:56:16.694,0.81605,0.81622,1.00,1.37
2016.02.25 22:56:16.898,0.81604,0.81624,1.00,1.37
2016.02.25 22:56:17.143,0.81599,0.81624,1.00,1.37
2016.02.25 22:56:17.195,0.81596,0.8162,1.87,1.37
2016.02.25 22:56:17.695,0.81598,0.81624,1.87,1.87
2016.02.25 22:56:17.848,0.81602,0.81624,1.00,1.37
2016.02.25 22:56:18.002,0.81605,0.81628,1.00,1.37
2016.02.25 22:56:18.104,0.81601,0.81625,1.12,1.37
2016.02.25 22:56:18.409,0.81598,0.81625,1.37,1.37
2016.02.25 22:56:19.118,0.81599,0.81624,1.37,1.37
2016.02.25 22:56:19.220,0.81606,0.81624,1.00,1.37
2016.02.25 22:56:19.628,0.81604,0.81625,1.00,1.37
2016.02.25 22:56:19.730,0.81602,0.81626,1.12,1.37
2016.02.25 22:56:19.782,0.81601,0.81624,1.00,1.37
2016.02.25 22:56:20.330,0.81601,0.81623,1.12,1.37
2016.02.25 22:56:20.728,0.81604,0.81625,1.00,1.37
2016.02.25 22:56:20.983,0.81602,0.81625,1.00,1.37
2016.02.25 22:56:21.420,0.81605,0.81624,1.00,1.37
2016.02.25 22:56:22.716,0.81597,0.81622,1.00,1.37
2016.02.25 22:56:22.818,0.81597,0.8162,1.00,1.37
2016.02.25 22:56:23.327,0.81595,0.8162,1.37,1.37
2016.02.25 22:56:23.530,0.81594,0.8162,1.00,1.37
2016.02.25 22:56:23.633,0.81593,0.81616,1.00,1.37
2016.02.25 22:56:24.178,0.81593,0.81615,1.00,1.87
2016.02.25 22:56:24.436,0.81583,0.81608,1.00,1.37
2016.02.25 22:56:24.950,0.81581,0.81608,1.37,1.37
2016.02.25 22:56:25.001,0.81581,0.81604,1.37,1.37
2016.02.25 22:56:25.091,0.81581,0.81606,1.37,1.37
2016.02.25 22:56:25.803,0.8158,0.81607,1.37,1.37
2016.02.25 22:56:26.323,0.81583,0.81607,1.37,1.37
2016.02.25 22:56:26.836,0.81582,0.81608,1.37,1.37
2016.02.25 22:56:27.394,0.81583,0.81608,1.37,1.37
2016.02.25 22:56:27.497,0.81584,0.81611,1.37,1.50
2016.02.25 22:56:28.006,0.81585,0.8161,1.37,1.87
2016.02.25 22:56:29.419,0.81583,0.81609,1.37,1.00
2016.02.25 22:56:29.484,0.81583,0.81606,1.37,1.00
2016.02.25 22:56:29.536,0.81581,0.81606,1.37,1.00
2016.02.25 22:56:30.040,0.8158,0.81605,1.37,1.00
2016.02.25 22:56:30.683,0.8158,0.81604,1.37,1.12
2016.02.25 22:56:31.296,0.8158,0.81603,1.37,1.00
2016.02.25 22:56:31.846,0.81579,0.81604,1.37,1.12
2016.02.25 22:56:32.351,0.8158,0.81604,1.37,1.87
2016.02.25 22:56:32.947,0.81579,0.81605,1.87,1.87
2016.02.25 22:56:33.151,0.81581,0.81608,1.37,1.37
2016.02.25 22:56:33.466,0.81582,0.8161,1.12,1.37
2016.02.25 22:56:33.896,0.81582,0.81605,1.37,1.37
2016.02.25 22:56:33.947,0.8158,0.81605,1.37,1.37
2016.02.25 22:56:34.049,0.81578,0.81607,1.37,1.87
2016.02.25 22:56:34.355,0.81585,0.81608,1.00,1.37
2016.02.25 22:56:34.457,0.81585,0.8161,1.00,1.87
2016.02.25 22:56:34.511,0.81588,0.81609,1.00,1.87
2016.02.25 22:56:35.036,0.81583,0.81609,1.00,1.37
2016.02.25 22:56:35.137,0.81581,0.81609,1.00,1.37
2016.02.25 22:56:35.410,0.81578,0.81606,2.62,1.37
2016.02.25 22:56:35.462,0.81578,0.81609,1.87,1.37
2016.02.25 22:56:35.717,0.81578,0.81607,1.87,1.37
2016.02.25 22:56:36.124,0.81582,0.81606,1.37,1.37
2016.02.25 22:56:36.530,0.8158,0.81607,1.37,2.25
2016.02.25 22:56:36.581,0.8158,0.81605,1.37,3.75
2016.02.25 22:56:36.734,0.81577,0.81601,1.37,1.50
2016.02.25 22:56:36.966,0.81575,0.81598,1.87,1.37
2016.02.25 22:56:37.118,0.81574,0.81595,1.12,1.00
2016.02.25 22:56:37.169,0.81574,0.81595,1.12,1.37
2016.02.25 22:56:37.823,0.81575,0.81596,1.00,1.00
2016.02.25 22:56:38.324,0.81575,0.81598,1.00,1.50
2016.02.25 22:56:38.746,0.81575,0.81598,1.00,1.87
2016.02.25 22:56:39.257,0.81574,0.81595,1.00,1.37
2016.02.25 22:56:39.829,0.81575,0.81594,1.00,1.37
2016.02.25 22:56:40.380,0.81574,0.81594,1.00,1.37
2016.02.25 22:56:40.685,0.81576,0.81594,1.00,1.37
2016.02.25 22:56:40.939,0.81576,0.81596,1.00,1.87
2016.02.25 22:56:41.450,0.81578,0.81597,1.00,1.37
2016.02.25 22:56:41.552,0.81578,0.81598,1.00,1.00
2016.02.25 22:56:41.748,0.81578,0.81598,1.00,1.37
2016.02.25 22:56:42.227,0.81577,0.81595,1.00,1.50
2016.02.25 22:56:42.519,0.81575,0.81595,1.00,1.50
2016.02.25 22:56:42.994,0.81575,0.81598,1.00,2.25
2016.02.25 22:56:43.096,0.81575,0.81597,1.00,1.37
2016.02.25 22:56:43.645,0.81575,0.81594,1.00,1.37
2016.02.25 22:56:44.176,0.81575,0.81597,1.00,1.37
2016.02.25 22:56:44.380,0.81575,0.81599,1.00,1.37
2016.02.25 22:56:44.841,0.81575,0.81597,1.00,1.37
2016.02.25 22:56:46.408,0.81576,0.81597,1.00,1.37
2016.02.25 22:56:46.740,0.81578,0.81597,1.00,1.37
2016.02.25 22:56:47.045,0.81578,0.81593,1.00,1.37
2016.02.25 22:56:47.567,0.81579,0.81596,1.00,1.37
2016.02.25 22:56:48.076,0.81578,0.81596,1.00,1.37
2016.02.25 22:56:48.331,0.81575,0.81596,1.00,1.37
2016.02.25 22:56:48.382,0.81575,0.81599,1.00,1.37
2016.02.25 22:56:51.277,0.81575,0.81596,1.00,1.37
2016.02.25 22:56:51.812,0.81575,0.81595,1.00,1.37
2016.02.25 22:56:52.320,0.81575,0.81596,1.00,1.37
2016.02.25 22:56:52.493,0.81575,0.81599,1.00,1.37
2016.02.25 22:56:52.883,0.81578,0.81604,1.37,1.37
2016.02.25 22:56:53.246,0.81579,0.81602,1.00,1.37
2016.02.25 22:56:53.920,0.81577,0.81602,1.00,1.37
2016.02.25 22:56:56.361,0.81575,0.81603,1.50,1.87
2016.02.25 22:56:56.646,0.81579,0.81603,1.00,1.87
2016.02.25 22:56:56.798,0.8158,0.81605,1.12,1.37
2016.02.25 22:56:57.256,0.81584,0.81606,1.00,1.87
2016.02.25 22:56:57.566,0.81584,0.81609,1.00,1.37
2016.02.25 22:56:58.076,0.81583,0.81609,1.00,1.37
2016.02.25 22:56:58.611,0.81583,0.81608,1.12,1.37
2016.02.25 22:56:59.119,0.81584,0.81609,1.00,1.37
2016.02.25 22:56:59.271,0.81582,0.81608,1.50,1.37
2016.02.25 22:56:59.477,0.81579,0.81606,1.37,1.00
2016.02.25 22:57:00.073,0.81579,0.81606,1.37,2.62
2016.02.25 22:57:00.582,0.81578,0.81605,1.37,1.12
2016.02.25 22:57:01.280,0.81578,0.81603,1.37,1.00
2016.02.25 22:57:01.484,0.81568,0.81599,1.00,1.00
2016.02.25 22:57:01.720,0.81569,0.81599,1.87,1.12
2016.02.25 22:57:01.873,0.81568,0.81598,1.87,1.00
2016.02.25 22:57:02.259,0.81568,0.81596,1.00,1.37
2016.02.25 22:57:02.564,0.81567,0.81592,1.00,1.00
2016.02.25 22:57:03.427,0.81568,0.81592,1.00,1.00
2016.02.25 22:57:03.631,0.81565,0.81591,1.12,1.00
2016.02.25 22:57:04.195,0.81563,0.81591,1.87,1.00
2016.02.25 22:57:04.715,0.81564,0.81591,1.87,1.00
2016.02.25 22:57:05.001,0.81566,0.81593,1.37,1.37
2016.02.25 22:57:05.205,0.81568,0.81596,1.37,1.12
2016.02.25 22:57:05.667,0.81568,0.81598,1.87,1.87
2016.02.25 22:57:06.212,0.81569,0.81598,1.87,1.87
2016.02.25 22:57:06.752,0.8157,0.81599,1.00,1.37
2016.02.25 22:57:07.473,0.81569,0.81599,1.12,1.37
2016.02.25 22:57:08.034,0.8157,0.81598,1.12,1.37
2016.02.25 22:57:09.207,0.8157,0.81598,1.00,1.12
2016.02.25 22:57:09.745,0.81568,0.81597,1.87,1.00
2016.02.25 22:57:10.725,0.81568,0.81598,1.87,1.12
2016.02.25 22:57:12.709,0.81569,0.81598,1.87,2.62
2016.02.25 22:57:14.100,0.81571,0.81599,1.00,1.37
2016.02.25 22:57:14.202,0.81568,0.81599,1.87,2.62
2016.02.25 22:57:14.689,0.81568,0.81596,1.37,1.50
2016.02.25 22:57:16.038,0.81569,0.81595,1.87,1.37
2016.02.25 22:57:16.574,0.81568,0.81596,1.87,1.37
2016.02.25 22:57:18.568,0.81568,0.81596,1.87,1.75
2016.02.25 22:57:18.620,0.81565,0.81593,1.37,1.50
2016.02.25 22:57:19.139,0.81566,0.81592,1.37,1.37
2016.02.25 22:57:19.500,0.81566,0.81594,1.37,1.87
2016.02.25 22:57:20.160,0.81568,0.81594,1.12,1.12
2016.02.25 22:57:22.000,0.81568,0.81595,1.12,1.00
2016.02.25 22:57:22.051,0.8157,0.81595,1.00,1.00
2016.02.25 22:57:22.356,0.81569,0.81593,1.00,1.00
2016.02.25 22:57:22.408,0.81567,0.81593,1.00,1.00
2016.02.25 22:57:22.510,0.81565,0.81593,1.00,1.00
2016.02.25 22:57:22.948,0.81565,0.81592,1.00,1.37
2016.02.25 22:57:23.152,0.81561,0.8159,1.37,1.37
2016.02.25 22:57:26.349,0.81561,0.81588,1.37,1.37
2016.02.25 22:57:28.543,0.81562,0.81587,1.37,1.37
2016.02.25 22:57:29.645,0.81561,0.81589,1.37,1.37
2016.02.25 22:57:30.194,0.81561,0.81579,1.37,1.00
2016.02.25 22:57:30.246,0.81552,0.81579,1.12,1.00
2016.02.25 22:57:30.297,0.81551,0.81584,1.87,1.50
2016.02.25 22:57:30.349,0.81557,0.81584,1.37,1.50
2016.02.25 22:57:30.553,0.81563,0.81594,1.37,1.37
2016.02.25 22:57:31.249,0.81562,0.81593,1.37,1.37
2016.02.25 22:57:31.300,0.81556,0.81587,1.37,1.00
2016.02.25 22:57:33.509,0.81556,0.81585,1.37,1.00
2016.02.25 22:57:34.516,0.81556,0.8158,1.37,1.00
2016.02.25 22:57:34.568,0.81554,0.8158,1.37,1.00
2016.02.25 22:57:34.670,0.81551,0.81579,1.37,1.00
2016.02.25 22:57:34.932,0.81547,0.81575,1.12,1.50
2016.02.25 22:57:35.034,0.8155,0.81575,1.37,1.00
2016.02.25 22:57:35.550,0.81549,0.81576,1.87,1.00
2016.02.25 22:57:35.976,0.81552,0.81576,1.00,1.00
2016.02.25 22:57:36.618,0.81552,0.81575,1.00,1.00
2016.02.25 22:57:36.742,0.8155,0.81575,1.12,1.00
2016.02.25 22:57:36.946,0.81552,0.81579,1.37,1.00
2016.02.25 22:57:37.048,0.81558,0.81579,1.37,1.00
2016.02.25 22:57:37.151,0.81558,0.81581,1.87,1.00
2016.02.25 22:57:37.253,0.81558,0.81587,1.87,1.87
2016.02.25 22:57:37.355,0.81562,0.81588,1.12,1.37
2016.02.25 22:57:37.661,0.81564,0.81592,1.37,1.87
2016.02.25 22:57:38.448,0.81568,0.81591,1.00,1.37
2016.02.25 22:57:38.550,0.81567,0.81594,1.87,1.37
2016.02.25 22:57:38.756,0.81567,0.81596,1.87,1.37
2016.02.25 22:57:39.296,0.81571,0.81595,1.37,1.37
2016.02.25 22:57:39.347,0.8157,0.81598,1.37,1.37
2016.02.25 22:57:39.449,0.81573,0.81598,1.00,1.37
2016.02.25 22:57:39.823,0.81575,0.81598,1.00,1.37
2016.02.25 22:57:40.079,0.81573,0.81598,1.00,1.37
2016.02.25 22:57:40.598,0.81572,0.81599,1.87,1.37
2016.02.25 22:57:41.119,0.81573,0.81598,1.87,1.37
2016.02.25 22:57:41.413,0.81574,0.816,1.00,1.37
2016.02.25 22:57:41.464,0.81571,0.81598,1.37,1.37
2016.02.25 22:57:41.872,0.81573,0.81598,1.37,1.37
2016.02.25 22:57:42.747,0.81572,0.81601,1.37,1.87
2016.02.25 22:57:43.097,0.81572,0.81597,1.37,1.37
2016.02.25 22:57:44.265,0.81569,0.81598,1.37,1.37
2016.02.25 22:57:45.692,0.81571,0.81597,1.12,1.37
2016.02.25 22:57:45.794,0.81572,0.81597,1.37,1.37
2016.02.25 22:57:46.366,0.81571,0.81598,1.37,1.37
2016.02.25 22:57:47.988,0.81571,0.81599,1.37,1.37
2016.02.25 22:57:48.318,0.81577,0.81603,1.37,1.37
2016.02.25 22:57:48.694,0.81576,0.81605,1.37,1.37
2016.02.25 22:57:49.507,0.8158,0.81604,1.37,1.37
2016.02.25 22:57:50.270,0.81579,0.81605,1.37,1.37
2016.02.25 22:57:50.821,0.8158,0.81606,1.37,1.87
2016.02.25 22:57:51.525,0.81579,0.81606,1.37,1.12
2016.02.25 22:57:52.028,0.8158,0.81606,1.37,1.37
2016.02.25 22:57:55.097,0.81578,0.81604,1.37,1.37
2016.02.25 22:57:57.512,0.8158,0.81604,1.37,1.37
2016.02.25 22:57:57.614,0.8158,0.81606,1.37,1.87
2016.02.25 22:57:58.157,0.81579,0.81606,1.37,1.12
2016.02.25 22:57:58.717,0.8158,0.81606,1.37,2.62
2016.02.25 22:57:59.593,0.81578,0.81599,1.37,1.00
2016.02.25 22:57:59.695,0.81577,0.81599,1.00,1.00
2016.02.25 22:57:59.898,0.81575,0.81597,1.87,1.00
2016.02.25 22:58:00.000,0.81574,0.81598,1.12,1.00
2016.02.25 22:58:00.392,0.8157,0.81596,1.37,1.87
2016.02.25 22:58:00.798,0.81569,0.81593,1.37,1.00
2016.02.25 22:58:00.900,0.81569,0.81595,1.37,1.12
2016.02.25 22:58:01.104,0.81567,0.81593,1.87,1.00
2016.02.25 22:58:01.422,0.81568,0.81592,1.37,1.37
2016.02.25 22:58:01.523,0.81566,0.81592,1.12,1.37
2016.02.25 22:58:01.878,0.81564,0.81588,1.37,1.00
2016.02.25 22:58:02.418,0.81565,0.81589,1.37,1.37
2016.02.25 22:58:02.631,0.81564,0.81592,1.37,1.37
2016.02.25 22:58:02.733,0.81567,0.81594,1.37,1.37
2016.02.25 22:58:03.240,0.81568,0.81594,1.37,1.37
2016.02.25 22:58:03.741,0.81567,0.81595,1.37,1.37
2016.02.25 22:58:04.333,0.81565,0.81592,1.37,1.37
2016.02.25 22:58:04.537,0.81563,0.81592,1.87,1.37
2016.02.25 22:58:04.639,0.81564,0.81588,1.37,1.37
2016.02.25 22:58:04.690,0.81562,0.81589,1.37,1.37
2016.02.25 22:58:05.335,0.81559,0.81589,1.12,1.37
2016.02.25 22:58:05.386,0.81559,0.81588,1.12,1.12
2016.02.25 22:58:05.691,0.81556,0.81581,1.00,1.37
2016.02.25 22:58:06.008,0.81556,0.81575,1.00,1.37
2016.02.25 22:58:06.313,0.81556,0.81573,1.00,1.37
2016.02.25 22:58:06.850,0.81555,0.81572,1.00,1.37
2016.02.25 22:58:07.619,0.81555,0.81571,1.00,1.37
2016.02.25 22:58:07.844,0.8155,0.81566,1.00,1.00
2016.02.25 22:58:08.434,0.81551,0.81567,1.00,1.87
2016.02.25 22:58:08.587,0.81548,0.81567,1.00,1.87
2016.02.25 22:58:09.095,0.81548,0.81565,1.00,1.00
2016.02.25 22:58:09.723,0.81548,0.81566,1.00,1.00
2016.02.25 22:58:10.534,0.81548,0.81565,1.00,1.00
2016.02.25 22:58:12.411,0.81543,0.81562,1.12,1.00
2016.02.25 22:58:12.615,0.81544,0.81565,1.00,1.37
2016.02.25 22:58:12.919,0.81543,0.81568,1.00,1.37
2016.02.25 22:58:13.325,0.81545,0.81572,1.37,1.37
2016.02.25 22:58:13.748,0.81543,0.81569,1.12,1.37
2016.02.25 22:58:14.053,0.81543,0.81564,1.00,1.37
2016.02.25 22:58:14.635,0.81543,0.81563,1.00,1.37
2016.02.25 22:58:15.168,0.81543,0.81564,1.00,1.87
2016.02.25 22:58:16.399,0.81546,0.81564,1.00,1.87
2016.02.25 22:58:16.906,0.81547,0.81563,1.00,1.87
2016.02.25 22:58:17.008,0.81542,0.81563,1.00,1.87
2016.02.25 22:58:17.316,0.81541,0.81556,1.00,1.37
2016.02.25 22:58:17.421,0.81536,0.81552,1.00,1.00
2016.02.25 22:58:17.726,0.81536,0.81548,1.00,1.00
2016.02.25 22:58:18.232,0.81537,0.81549,1.00,1.00
2016.02.25 22:58:18.536,0.81537,0.81554,1.00,1.00
2016.02.25 22:58:18.638,0.81537,0.81556,1.50,1.00
2016.02.25 22:58:19.177,0.81537,0.81557,2.62,1.00
2016.02.25 22:58:19.330,0.81537,0.81559,2.62,1.00
2016.02.25 22:58:19.446,0.81539,0.81561,1.37,1.00
2016.02.25 22:58:19.750,0.81543,0.81562,1.37,1.00
2016.02.25 22:58:20.257,0.81544,0.81562,1.37,1.00
2016.02.25 22:58:20.788,0.81543,0.81563,1.37,1.00
2016.02.25 22:58:21.296,0.81544,0.81562,1.37,1.00
2016.02.25 22:58:21.347,0.81543,0.81564,1.37,1.00
2016.02.25 22:58:21.934,0.81548,0.81572,1.00,1.87
2016.02.25 22:58:22.036,0.81558,0.81572,1.00,1.00
2016.02.25 22:58:22.239,0.81557,0.81574,1.00,1.00
2016.02.25 22:58:22.763,0.81555,0.81574,1.37,1.00
2016.02.25 22:58:23.070,0.81552,0.81574,1.37,1.00
2016.02.25 22:58:23.776,0.81553,0.81573,1.37,1.00
2016.02.25 22:58:23.929,0.81556,0.81574,1.00,1.00
2016.02.25 22:58:24.778,0.81556,0.81579,1.00,1.12
2016.02.25 22:58:24.931,0.81552,0.8158,1.87,1.12
2016.02.25 22:58:25.444,0.81552,0.8158,1.12,1.00
2016.02.25 22:58:26.085,0.81553,0.8158,1.12,1.50
2016.02.25 22:58:26.390,0.81557,0.81581,1.37,1.00
2016.02.25 22:58:26.947,0.81553,0.81579,1.87,1.37
2016.02.25 22:58:27.150,0.81553,0.8158,1.12,1.87
2016.02.25 22:58:27.478,0.81554,0.8158,1.87,1.00
2016.02.25 22:58:27.844,0.81554,0.81575,1.87,1.00
2016.02.25 22:58:28.385,0.81554,0.81575,1.00,1.00
2016.02.25 22:58:28.774,0.81556,0.81575,1.00,1.00
2016.02.25 22:58:29.386,0.8155,0.81573,1.00,1.00
2016.02.25 22:58:29.557,0.81547,0.8157,1.00,1.87
2016.02.25 22:58:29.659,0.81545,0.81571,1.87,1.87
2016.02.25 22:58:29.811,0.81542,0.81569,1.00,1.00
2016.02.25 22:58:29.863,0.81541,0.81566,2.62,1.37
2016.02.25 22:58:30.168,0.81544,0.81566,1.87,1.00
2016.02.25 22:58:30.819,0.81544,0.81567,1.00,1.00
2016.02.25 22:58:31.405,0.81542,0.81569,1.87,1.37
2016.02.25 22:58:31.456,0.81541,0.81569,1.12,1.37
2016.02.25 22:58:32.193,0.81541,0.81566,1.87,1.37
2016.02.25 22:58:32.295,0.8154,0.81567,1.12,1.37
2016.02.25 22:58:32.831,0.8154,0.81566,1.87,1.37
2016.02.25 22:58:33.385,0.8154,0.81567,1.12,1.37
2016.02.25 22:58:33.764,0.8155,0.81567,1.00,1.37
2016.02.25 22:58:34.068,0.81555,0.81573,1.00,1.37
2016.02.25 22:58:35.303,0.81555,0.81572,1.00,1.37
2016.02.25 22:58:35.405,0.81551,0.81572,1.50,1.37
2016.02.25 22:58:35.506,0.81551,0.81575,1.00,1.00
2016.02.25 22:58:35.562,0.81551,0.81571,1.87,1.00
2016.02.25 22:58:36.101,0.8155,0.81572,1.87,1.00
2016.02.25 22:58:36.608,0.81551,0.81571,1.37,1.00
2016.02.25 22:58:36.982,0.81549,0.81573,1.37,1.00
2016.02.25 22:58:38.387,0.81552,0.81574,1.37,1.00
2016.02.25 22:58:38.489,0.81552,0.81579,1.37,1.00
2016.02.25 22:58:38.591,0.81556,0.81582,1.37,1.00
2016.02.25 22:58:39.098,0.81552,0.81579,1.12,1.37
2016.02.25 22:58:39.403,0.81554,0.81578,1.00,1.37
2016.02.25 22:58:39.771,0.81557,0.81579,1.00,1.87
2016.02.25 22:58:39.975,0.81557,0.81582,1.00,1.37
2016.02.25 22:58:40.077,0.81558,0.81584,1.50,1.37
2016.02.25 22:58:40.705,0.81558,0.81583,1.50,1.37
2016.02.25 22:58:40.757,0.81561,0.81584,1.00,1.37
2016.02.25 22:58:41.062,0.81567,0.81584,1.00,1.37
2016.02.25 22:58:41.605,0.81566,0.81584,1.00,1.37
2016.02.25 22:58:41.883,0.81566,0.81587,1.00,1.37
2016.02.25 22:58:42.106,0.81566,0.81589,1.00,1.87
2016.02.25 22:58:42.794,0.81566,0.81588,1.50,1.37
2016.02.25 22:58:43.490,0.81566,0.81591,1.00,1.37
2016.02.25 22:58:44.214,0.81566,0.8159,1.00,1.37
2016.02.25 22:58:44.623,0.81561,0.81588,1.00,1.00
2016.02.25 22:58:44.674,0.81559,0.81588,1.50,1.00
2016.02.25 22:58:44.726,0.8156,0.81585,1.00,1.37
2016.02.25 22:58:45.066,0.81559,0.81582,1.00,1.37
2016.02.25 22:58:45.903,0.81559,0.81583,1.00,1.37
2016.02.25 22:58:46.411,0.81558,0.81583,1.00,1.37
2016.02.25 22:58:47.592,0.81559,0.81582,1.00,1.37
2016.02.25 22:58:48.099,0.8156,0.81583,1.00,1.37
2016.02.25 22:58:48.404,0.81562,0.81583,1.00,1.37
2016.02.25 22:58:48.933,0.81562,0.81582,1.00,1.37
2016.02.25 22:58:49.519,0.81562,0.81583,1.50,1.37
2016.02.25 22:58:52.698,0.81562,0.8158,1.00,1.00
2016.02.25 22:58:53.094,0.81561,0.81577,1.37,1.00
2016.02.25 22:58:54.021,0.81562,0.81577,1.37,1.00
2016.02.25 22:58:54.224,0.81561,0.81579,1.37,1.00
2016.02.25 22:58:54.900,0.81561,0.8158,1.37,1.00
2016.02.25 22:58:55.512,0.81564,0.81586,1.37,1.00
2016.02.25 22:58:55.614,0.81564,0.81589,1.37,1.00
2016.02.25 22:58:55.715,0.81567,0.81589,1.37,1.00
2016.02.25 22:58:56.019,0.8157,0.81589,1.37,1.37
2016.02.25 22:58:56.134,0.8157,0.81588,1.37,1.00
2016.02.25 22:58:56.235,0.81563,0.81589,1.37,1.87
2016.02.25 22:58:57.327,0.81562,0.81588,1.37,1.37
2016.02.25 22:58:57.925,0.81561,0.81589,1.37,1.37
2016.02.25 22:58:59.006,0.81562,0.81581,1.12,1.00
2016.02.25 22:58:59.481,0.81565,0.81581,1.37,1.00
2016.02.25 22:59:00.136,0.81565,0.81582,1.37,1.00
2016.02.25 22:59:00.441,0.81566,0.81584,1.37,1.00
2016.02.25 22:59:00.543,0.81568,0.81586,1.37,1.00
2016.02.25 22:59:00.890,0.81569,0.81583,1.37,1.00
2016.02.25 22:59:01.227,0.81567,0.81583,1.37,1.00
2016.02.25 22:59:01.329,0.81565,0.81583,1.37,1.00
2016.02.25 22:59:01.543,0.81564,0.81585,1.37,1.00
2016.02.25 22:59:02.254,0.81564,0.81583,1.37,1.00
2016.02.25 22:59:02.356,0.8156,0.81584,1.12,1.00
2016.02.25 22:59:02.866,0.81563,0.81584,1.00,1.00
2016.02.25 22:59:03.370,0.81562,0.81584,1.00,1.00
2016.02.25 22:59:03.471,0.81559,0.81584,1.12,1.00
2016.02.25 22:59:04.130,0.81558,0.81584,1.00,1.12
2016.02.25 22:59:04.231,0.81557,0.81581,1.37,1.00
2016.02.25 22:59:04.334,0.81556,0.81583,1.87,1.00
2016.02.25 22:59:05.025,0.81556,0.81584,1.87,1.12
2016.02.25 22:59:05.528,0.81558,0.81584,1.00,1.12
2016.02.25 22:59:06.135,0.81558,0.81583,1.12,1.12
2016.02.25 22:59:06.642,0.81558,0.81581,1.00,1.37
2016.02.25 22:59:07.164,0.81557,0.81581,1.00,1.37
2016.02.25 22:59:07.470,0.81559,0.81582,1.00,1.37
2016.02.25 22:59:08.031,0.81559,0.81583,1.00,1.37
2016.02.25 22:59:08.560,0.81557,0.81583,1.00,1.37
2016.02.25 22:59:08.664,0.81559,0.81583,1.00,1.37
2016.02.25 22:59:08.866,0.81559,0.81585,1.00,1.37
2016.02.25 22:59:09.568,0.8156,0.81585,1.00,1.37
2016.02.25 22:59:09.773,0.81559,0.81582,1.00,1.37
2016.02.25 22:59:10.166,0.81561,0.81582,1.00,1.37
2016.02.25 22:59:10.674,0.81562,0.81585,1.00,1.37
2016.02.25 22:59:10.877,0.81565,0.81585,1.00,1.37
2016.02.25 22:59:11.552,0.81565,0.81586,1.00,1.37
2016.02.25 22:59:11.831,0.81565,0.81588,1.00,1.37
2016.02.25 22:59:12.033,0.81562,0.81587,1.12,1.37
2016.02.25 22:59:12.572,0.81566,0.81588,1.00,1.37
2016.02.25 22:59:13.186,0.81569,0.81588,1.00,1.37
2016.02.25 22:59:13.683,0.81564,0.81588,1.00,1.37
2016.02.25 22:59:15.578,0.81562,0.81587,1.12,1.37
2016.02.25 22:59:17.353,0.81562,0.81588,1.00,1.37
2016.02.25 22:59:18.356,0.81562,0.81587,1.12,1.87
2016.02.25 22:59:19.008,0.81564,0.81587,1.00,1.87
2016.02.25 22:59:19.339,0.81564,0.81584,1.00,1.37
2016.02.25 22:59:19.756,0.81565,0.81587,1.00,1.37
2016.02.25 22:59:19.807,0.81562,0.81587,1.50,1.37
2016.02.25 22:59:19.857,0.81562,0.81584,1.50,1.87
2016.02.25 22:59:20.540,0.81561,0.81581,1.00,1.00
2016.02.25 22:59:20.845,0.81559,0.81573,1.00,1.00
2016.02.25 22:59:21.374,0.81559,0.81574,1.00,1.00
2016.02.25 22:59:22.176,0.81562,0.81574,1.00,1.00
2016.02.25 22:59:22.480,0.81562,0.81571,1.00,1.00
2016.02.25 22:59:22.985,0.81561,0.81572,1.00,1.00
2016.02.25 22:59:23.696,0.81561,0.81571,1.00,1.00
2016.02.25 22:59:24.215,0.81561,0.81572,1.00,1.00
2016.02.25 22:59:24.722,0.81561,0.81571,1.00,1.00
2016.02.25 22:59:25.089,0.81561,0.81569,1.00,1.00
2016.02.25 22:59:25.190,0.81557,0.81569,1.00,1.00
2016.02.25 22:59:25.342,0.81555,0.81569,1.00,1.00
2016.02.25 22:59:26.151,0.81555,0.8157,1.00,1.00
2016.02.25 22:59:27.286,0.81555,0.81568,1.00,1.00
2016.02.25 22:59:27.903,0.81554,0.81568,1.00,1.00
2016.02.25 22:59:28.165,0.81554,0.81571,1.00,1.12
2016.02.25 22:59:28.318,0.81549,0.81573,1.12,1.37
2016.02.25 22:59:28.857,0.81549,0.81574,1.00,1.37
2016.02.25 22:59:28.908,0.81549,0.81567,1.12,1.00
2016.02.25 22:59:29.414,0.81549,0.81568,1.00,1.00
2016.02.25 22:59:30.164,0.81549,0.81567,1.87,1.00
2016.02.25 22:59:30.715,0.81548,0.81568,1.87,1.00
2016.02.25 22:59:31.071,0.81548,0.8157,1.00,1.12
2016.02.25 22:59:31.223,0.81549,0.81565,1.00,1.00
2016.02.25 22:59:31.377,0.81548,0.81568,1.00,1.37
2016.02.25 22:59:31.924,0.81548,0.81567,1.00,1.37
2016.02.25 22:59:32.076,0.81544,0.81567,1.00,1.37
2016.02.25 22:59:33.619,0.81545,0.81567,1.12,1.37
2016.02.25 22:59:33.974,0.81543,0.81565,1.50,1.37
2016.02.25 22:59:34.278,0.81541,0.81562,2.25,1.37
2016.02.25 22:59:35.677,0.81541,0.81566,1.50,1.87
2016.02.25 22:59:36.134,0.81543,0.81566,1.00,1.12
2016.02.25 22:59:37.586,0.81543,0.81565,1.00,1.12
2016.02.25 22:59:39.324,0.81543,0.81563,1.00,1.10
2016.02.25 22:59:39.787,0.81543,0.81558,1.00,1.00
2016.02.25 22:59:40.592,0.81543,0.81556,1.00,1.00
2016.02.25 22:59:41.022,0.81546,0.81556,1.00,1.00
2016.02.25 22:59:41.826,0.81546,0.81555,1.00,1.00
2016.02.25 22:59:42.300,0.81546,0.81558,1.00,1.00
2016.02.25 22:59:42.402,0.81544,0.81564,1.00,1.00
2016.02.25 22:59:42.504,0.81543,0.81566,1.87,1.12
2016.02.25 22:59:42.605,0.81545,0.81565,1.00,1.37
2016.02.25 22:59:42.656,0.81543,0.81565,1.00,1.37
2016.02.25 22:59:43.193,0.81542,0.81564,1.00,1.37
2016.02.25 22:59:43.646,0.81542,0.81562,1.00,1.37
2016.02.25 22:59:44.160,0.81542,0.81561,1.00,1.37
2016.02.25 22:59:44.368,0.8154,0.81562,1.12,1.37
2016.02.25 22:59:44.722,0.8154,0.81564,1.00,1.37
2016.02.25 22:59:44.925,0.81539,0.81561,1.12,1.37
2016.02.25 22:59:45.774,0.81537,0.8156,1.00,1.12
2016.02.25 22:59:46.080,0.8154,0.81561,1.00,1.37
2016.02.25 22:59:46.604,0.8154,0.8156,1.00,1.37
2016.02.25 22:59:46.707,0.81536,0.81561,1.12,1.37
2016.02.25 22:59:47.506,0.81541,0.81561,1.00,1.37
2016.02.25 22:59:48.024,0.81542,0.81561,1.00,1.37
2016.02.25 22:59:48.546,0.81542,0.8156,1.00,1.37
2016.02.25 22:59:49.514,0.81542,0.81561,1.00,1.37
2016.02.25 22:59:49.615,0.81539,0.8156,1.00,1.37
2016.02.25 22:59:50.134,0.81539,0.81562,1.00,1.37
2016.02.25 22:59:51.621,0.81539,0.81561,1.00,1.37
2016.02.25 22:59:52.324,0.81539,0.81562,1.00,1.12
2016.02.25 22:59:53.230,0.81539,0.81563,1.87,1.12
2016.02.25 22:59:54.304,0.81541,0.81563,1.00,1.12
2016.02.25 22:59:56.317,0.8154,0.81563,1.00,1.87
2016.02.25 22:59:58.553,0.81538,0.81556,1.50,1.00
2016.02.25 22:59:58.655,0.81538,0.81561,1.00,1.00
2016.02.25 22:59:58.947,0.81538,0.81563,1.37,1.12
2016.02.25 22:59:59.251,0.81539,0.81554,1.00,1.00
2016.02.25 22:59:59.353,0.81537,0.81561,1.87,1.00
2016.02.25 22:59:59.455,0.81537,0.81563,1.50,1.12
2016.02.25 22:59:59.556,0.81539,0.81563,1.50,1.12
