2008.06.02 11:00:00.649,1.0019,1.0022,1.70,1.40
2008.06.02 11:00:00.857,1.0019,1.0022,3.40,2.50
2008.06.02 11:00:02.220,1.0019,1.0022,1.80,0.70
2008.06.02 11:00:04.926,1.0019,1.0022,1.00,2.80
2008.06.02 11:00:08.922,1.0019,1.00215,2.80,0.30
2008.06.02 11:00:09.817,1.0019,1.0022,2.80,4.40
2008.06.02 11:00:10.086,1.0019,1.0021,2.80,0.30
2008.06.02 11:00:12.998,1.0019,1.0021,0.50,0.30
2008.06.02 11:00:13.110,1.0019,1.00215,0.50,0.30
2008.06.02 11:00:13.355,1.0019,1.0022,1.80,2.60
2008.06.02 11:00:13.559,1.0019,1.0022,2.80,2.60
2008.06.02 11:00:13.803,1.0019,1.00215,2.80,0.30
2008.06.02 11:00:14.271,1.0019,1.00215,1.60,0.30
2008.06.02 11:00:14.512,1.0019,1.00215,2.80,0.30
2008.06.02 11:00:15.247,1.0019,1.00215,2.00,0.30
2008.06.02 11:00:15.497,1.0019,1.00215,2.80,0.30
2008.06.02 11:00:16.270,1.0019,1.00215,0.50,0.30
2008.06.02 11:00:16.407,1.0019,1.0022,2.80,2.60
2008.06.02 11:00:16.983,1.0019,1.0022,0.90,2.60
2008.06.02 11:00:17.693,1.0019,1.0022,2.80,2.60
2008.06.02 11:00:18.663,1.0019,1.0022,2.80,1.10
2008.06.02 11:00:19.003,1.0019,1.0022,1.70,2.60
2008.06.02 11:00:19.164,1.0019,1.0022,2.80,0.60
2008.06.02 11:00:42.921,1.0019,1.0022,2.80,0.90
2008.06.02 11:00:43.375,1.0019,1.00215,2.80,0.30
2008.06.02 11:00:43.621,1.0019,1.0022,1.70,2.60
2008.06.02 11:00:54.705,1.0019,1.00215,2.80,0.30
2008.06.02 11:00:58.943,1.0019,1.00215,0.50,0.30
2008.06.02 11:01:07.264,1.0019,1.00215,2.80,0.30
2008.06.02 11:01:17.748,1.0019,1.00215,0.50,0.30
2008.06.02 11:01:18.047,1.0019,1.00215,2.80,0.30
2008.06.02 11:01:21.595,1.0019,1.00215,0.50,0.30
2008.06.02 11:01:22.954,1.0019,1.00215,2.80,0.30
2008.06.02 11:01:26.542,1.0019,1.00215,0.50,0.30
2008.06.02 11:01:28.051,1.0019,1.00215,2.80,0.30
2008.06.02 11:01:29.261,1.0019,1.0021,2.80,2.40
2008.06.02 11:01:29.650,1.0019,1.0021,0.50,1.70
2008.06.02 11:01:29.917,1.0019,1.0021,0.50,2.40
2008.06.02 11:01:36.307,1.0019,1.00215,0.50,0.30
2008.06.02 11:01:37.893,1.0019,1.00215,0.50,0.70
2008.06.02 11:01:39.454,1.0018,1.00215,2.30,0.70
2008.06.02 11:01:39.589,1.0018,1.0021,1.90,2.80
2008.06.02 11:01:41.224,1.0018,1.0021,1.50,2.40
2008.06.02 11:01:41.802,1.0018,1.0021,0.70,2.80
2008.06.02 11:01:41.990,1.0018,1.00215,2.10,0.70
2008.06.02 11:01:42.232,1.0018,1.0021,2.10,0.50
2008.06.02 11:01:42.469,1.0018,1.0021,1.40,2.80
2008.06.02 11:01:50.430,1.0018,1.0021,1.40,1.80
2008.06.02 11:01:52.468,1.0018,1.0021,2.80,2.10
2008.06.02 11:01:54.120,1.0018,1.00205,2.80,0.50
2008.06.02 11:01:54.289,1.0018,1.002,2.80,2.40
2008.06.02 11:01:56.660,1.0018,1.00205,2.80,0.30
2008.06.02 11:01:58.101,1.0018,1.00205,2.80,0.70
2008.06.02 11:01:58.258,1.0018,1.002,2.80,0.30
2008.06.02 11:01:58.417,1.0018,1.00205,2.80,0.70
2008.06.02 11:01:58.978,1.0018,1.00205,2.80,0.30
2008.06.02 11:02:02.362,1.0018,1.00205,2.30,0.30
2008.06.02 11:02:02.574,1.0018,1.0021,2.10,0.30
2008.06.02 11:02:02.766,1.0018,1.0021,0.60,0.70
2008.06.02 11:02:02.829,1.0018,1.0021,2.80,1.30
2008.06.02 11:02:05.293,1.0018,1.0021,2.80,2.20
2008.06.02 11:02:05.444,1.0018,1.0021,2.80,2.20
2008.06.02 11:02:07.093,1.0018,1.00205,2.80,0.50
2008.06.02 11:02:07.290,1.0018,1.002,2.80,2.40
2008.06.02 11:02:09.775,1.0018,1.0019,2.80,2.40
2008.06.02 11:02:11.130,1.0018,1.0019,0.50,2.40
2008.06.02 11:02:11.289,1.0018,1.002,0.50,0.70
2008.06.02 11:02:11.457,1.0018,1.002,0.50,2.40
2008.06.02 11:02:12.134,1.0017,1.002,1.00,0.70
2008.06.02 11:02:12.253,1.0017,1.0019,1.00,2.40
2008.06.02 11:02:19.842,1.0017,1.0019,0.50,2.40
2008.06.02 11:02:23.495,1.00165,1.0019,0.60,2.40
2008.06.02 11:02:33.338,1.00165,1.0019,0.60,1.80
2008.06.02 11:02:33.702,1.00165,1.0019,0.60,2.10
2008.06.02 11:02:33.916,1.0016,1.0019,2.70,0.60
2008.06.02 11:02:35.308,1.0016,1.0019,2.70,2.60
2008.06.02 11:02:35.825,1.0016,1.0019,2.70,1.40
2008.06.02 11:02:35.938,1.0016,1.0019,2.70,1.80
2008.06.02 11:02:36.808,1.0016,1.00185,2.70,0.50
2008.06.02 11:02:37.008,1.0016,1.00185,2.00,0.50
2008.06.02 11:02:37.933,1.0016,1.0019,2.00,3.20
2008.06.02 11:02:38.166,1.0016,1.0019,2.70,1.50
2008.06.02 11:02:39.016,1.0016,1.00185,2.70,0.50
2008.06.02 11:02:39.427,1.0016,1.00185,2.00,0.50
2008.06.02 11:02:39.996,1.0016,1.0019,2.00,4.20
2008.06.02 11:02:40.296,1.0016,1.0019,2.70,1.20
2008.06.02 11:02:41.048,1.0016,1.00185,2.70,0.50
2008.06.02 11:02:41.451,1.0016,1.00185,2.00,0.50
2008.06.02 11:02:43.429,1.0016,1.00185,2.00,0.70
2008.06.02 11:02:43.647,1.0016,1.00185,2.00,0.50
2008.06.02 11:02:44.438,1.0016,1.0019,2.00,0.80
2008.06.02 11:02:44.553,1.0016,1.0019,2.70,2.20
2008.06.02 11:02:44.736,1.0016,1.00185,2.70,0.50
2008.06.02 11:02:44.997,1.0016,1.00185,2.00,0.50
2008.06.02 11:02:48.242,1.0016,1.00185,0.50,0.50
2008.06.02 11:02:48.727,1.0016,1.00185,2.00,0.50
2008.06.02 11:02:51.933,1.0016,1.00185,0.50,0.50
2008.06.02 11:02:52.686,1.0016,1.00185,2.00,0.50
2008.06.02 11:02:55.915,1.0016,1.00185,0.50,0.50
2008.06.02 11:02:58.885,1.0016,1.0018,0.50,2.40
2008.06.02 11:02:59.487,1.0016,1.0018,1.60,2.80
2008.06.02 11:02:59.683,1.0015,1.0018,2.70,2.80
2008.06.02 11:02:59.904,1.0015,1.0018,2.00,1.10
2008.06.02 11:03:00.112,1.0015,1.0018,2.00,1.50
2008.06.02 11:03:00.313,1.0015,1.0018,2.00,2.50
2008.06.02 11:03:00.516,1.0015,1.0017,2.00,2.40
2008.06.02 11:03:01.094,1.0014,1.0017,1.10,2.40
2008.06.02 11:03:01.382,1.0014,1.0017,1.10,2.80
2008.06.02 11:03:01.517,1.0014,1.0017,1.10,2.40
2008.06.02 11:03:02.269,1.0014,1.0017,1.10,2.80
2008.06.02 11:03:03.136,1.0014,1.0017,1.10,2.40
2008.06.02 11:03:03.565,1.0014,1.0017,1.10,2.80
2008.06.02 11:03:03.798,1.0014,1.0017,1.10,2.40
2008.06.02 11:03:05.335,1.0014,1.00165,1.10,0.50
2008.06.02 11:03:05.514,1.0014,1.00165,0.50,0.50
2008.06.02 11:03:05.822,1.0014,1.0017,0.50,1.10
2008.06.02 11:03:06.136,1.0014,1.0017,1.10,2.80
2008.06.02 11:03:08.458,1.0014,1.0017,1.10,2.40
2008.06.02 11:03:08.831,1.0014,1.00165,1.10,0.50
2008.06.02 11:03:09.018,1.0014,1.00165,0.50,0.50
2008.06.02 11:03:09.260,1.00135,1.00165,0.60,0.50
2008.06.02 11:03:09.455,1.00135,1.0016,0.60,0.50
2008.06.02 11:03:09.649,1.0013,1.0016,1.90,0.50
2008.06.02 11:03:09.892,1.0013,1.0016,0.70,0.30
2008.06.02 11:03:11.949,1.0013,1.0016,2.20,0.70
2008.06.02 11:03:12.362,1.0013,1.0016,1.90,0.30
2008.06.02 11:03:12.564,1.0013,1.00165,0.80,0.70
2008.06.02 11:03:12.767,1.0014,1.00165,0.50,0.50
2008.06.02 11:03:13.300,1.0014,1.00165,0.50,0.70
2008.06.02 11:03:13.959,1.0014,1.00165,0.50,0.50
2008.06.02 11:03:15.001,1.0014,1.0017,0.50,1.10
2008.06.02 11:03:15.540,1.0014,1.0017,1.10,1.90
2008.06.02 11:03:17.175,1.0014,1.0017,1.10,2.40
2008.06.02 11:03:17.296,1.0014,1.00165,0.50,0.50
2008.06.02 11:03:19.502,1.0014,1.0017,0.50,0.70
2008.06.02 11:03:19.609,1.0014,1.0017,1.10,3.40
2008.06.02 11:03:19.663,1.0014,1.0017,1.10,2.40
2008.06.02 11:03:19.863,1.0014,1.0017,1.10,2.80
2008.06.02 11:03:19.925,1.0014,1.0017,0.50,2.80
2008.06.02 11:03:20.018,1.0014,1.00165,0.50,0.50
2008.06.02 11:03:20.124,1.0014,1.00165,0.50,0.70
2008.06.02 11:03:20.262,1.0014,1.00165,0.50,0.30
2008.06.02 11:03:20.640,1.0014,1.0017,1.10,2.80
2008.06.02 11:03:20.971,1.0014,1.0017,1.10,1.60
2008.06.02 11:03:22.340,1.0014,1.0017,1.10,2.00
2008.06.02 11:03:22.487,1.0014,1.00165,1.10,0.50
2008.06.02 11:03:22.654,1.0014,1.00165,0.50,0.50
2008.06.02 11:03:25.703,1.0014,1.0017,0.50,3.90
2008.06.02 11:03:25.936,1.0014,1.0017,0.50,3.10
2008.06.02 11:03:26.437,1.0014,1.0017,0.50,2.40
2008.06.02 11:03:27.388,1.0014,1.00165,0.50,0.50
2008.06.02 11:03:27.629,1.0014,1.00165,0.50,0.70
2008.06.02 11:03:27.868,1.00135,1.0016,0.60,0.50
2008.06.02 11:03:27.940,1.00135,1.00165,0.60,0.70
2008.06.02 11:03:31.338,1.0014,1.00165,0.50,0.70
2008.06.02 11:03:31.528,1.0014,1.00165,1.10,0.50
2008.06.02 11:03:32.036,1.0014,1.00165,0.50,0.50
2008.06.02 11:03:33.027,1.0014,1.00165,0.50,0.70
2008.06.02 11:03:34.889,1.0014,1.00165,0.50,0.50
2008.06.02 11:03:35.198,1.0014,1.0017,0.50,3.20
2008.06.02 11:03:35.317,1.0014,1.0017,0.50,1.40
2008.06.02 11:03:35.490,1.0014,1.00165,0.50,0.50
2008.06.02 11:03:35.770,1.0014,1.0017,0.50,1.90
2008.06.02 11:03:36.028,1.0014,1.00165,0.50,0.50
2008.06.02 11:03:36.738,1.0014,1.00165,0.50,0.70
2008.06.02 11:03:42.017,1.0014,1.00165,0.50,0.30
2008.06.02 11:03:42.390,1.0014,1.0017,0.50,0.50
2008.06.02 11:03:43.206,1.0014,1.0017,0.50,2.20
2008.06.02 11:03:43.519,1.0014,1.00165,0.50,0.50
2008.06.02 11:03:48.693,1.0014,1.0015,0.50,0.50
2008.06.02 11:03:48.812,1.00135,1.0015,0.60,1.20
2008.06.02 11:03:48.927,1.00125,1.0015,0.60,2.40
2008.06.02 11:03:49.133,1.0012,1.0015,1.80,1.80
2008.06.02 11:03:49.347,1.0012,1.0015,3.10,1.10
2008.06.02 11:03:49.551,1.0012,1.0016,2.60,0.70
2008.06.02 11:03:50.138,1.00125,1.0016,0.60,0.70
2008.06.02 11:03:52.079,1.00125,1.0016,0.60,1.50
2008.06.02 11:03:54.819,1.00125,1.0015,0.60,0.80
2008.06.02 11:03:55.144,1.00125,1.0016,0.60,0.70
2008.06.02 11:03:55.258,1.00125,1.0016,0.60,1.50
2008.06.02 11:03:56.029,1.00125,1.0016,0.60,2.30
2008.06.02 11:03:56.174,1.00125,1.0016,0.60,2.10
2008.06.02 11:03:56.408,1.00125,1.00155,0.60,0.30
2008.06.02 11:03:56.740,1.00125,1.0014,0.60,0.50
2008.06.02 11:03:56.961,1.0012,1.0014,0.50,3.10
2008.06.02 11:03:57.051,1.0012,1.0014,0.50,4.00
2008.06.02 11:03:57.300,1.0012,1.0014,0.50,1.40
2008.06.02 11:03:57.462,1.0012,1.0014,0.50,2.40
2008.06.02 11:03:57.870,1.0012,1.0015,0.50,3.30
2008.06.02 11:03:57.964,1.0012,1.0015,0.50,1.30
2008.06.02 11:03:58.085,1.0012,1.00145,0.50,0.50
2008.06.02 11:03:58.541,1.0011,1.00145,1.10,0.70
2008.06.02 11:04:01.312,1.0011,1.00145,0.80,0.30
2008.06.02 11:04:01.545,1.0012,1.0015,0.50,0.70
2008.06.02 11:04:02.411,1.0012,1.0015,0.50,1.80
2008.06.02 11:04:02.636,1.0012,1.0013,0.50,1.60
2008.06.02 11:04:02.786,1.0011,1.0013,2.80,1.60
2008.06.02 11:04:02.899,1.0011,1.0013,1.30,1.60
2008.06.02 11:04:02.961,1.00115,1.0013,0.60,1.60
2008.06.02 11:04:05.146,1.00115,1.0013,1.00,1.60
2008.06.02 11:04:05.317,1.0012,1.0013,1.00,1.60
2008.06.02 11:04:05.488,1.0012,1.0013,1.50,0.70
2008.06.02 11:04:06.337,1.0012,1.0013,1.10,0.70
2008.06.02 11:04:07.111,1.0012,1.0013,0.50,0.70
2008.06.02 11:04:17.668,1.0011,1.0013,0.70,0.70
2008.06.02 11:04:17.930,1.0011,1.0013,2.80,0.70
2008.06.02 11:04:21.367,1.0011,1.0013,0.50,0.70
2008.06.02 11:04:21.793,1.001,1.0013,3.00,0.70
2008.06.02 11:04:21.922,1.0011,1.0013,2.40,0.70
2008.06.02 11:04:22.034,1.0011,1.0013,2.40,0.60
2008.06.02 11:04:25.463,1.001,1.0013,2.70,0.50
2008.06.02 11:04:26.290,1.0011,1.0013,0.50,0.70
2008.06.02 11:04:26.363,1.0011,1.0013,2.80,0.90
2008.06.02 11:04:26.412,1.0011,1.0013,2.80,0.70
2008.06.02 11:04:27.901,1.0011,1.0013,2.80,1.00
2008.06.02 11:04:28.100,1.0011,1.0013,2.80,1.70
2008.06.02 11:04:28.499,1.0011,1.0013,2.80,1.60
2008.06.02 11:04:32.514,1.0011,1.0013,0.50,1.20
2008.06.02 11:04:34.321,1.0011,1.0013,0.50,0.60
2008.06.02 11:04:34.361,1.001,1.0013,2.70,1.80
2008.06.02 11:04:34.653,1.001,1.0013,2.00,1.40
2008.06.02 11:04:35.670,1.001,1.0013,2.80,1.60
2008.06.02 11:04:36.176,1.001,1.0013,0.90,2.30
2008.06.02 11:04:37.720,1.001,1.0013,2.80,1.30
2008.06.02 11:04:37.941,1.001,1.0013,2.00,1.30
2008.06.02 11:04:38.630,1.001,1.0013,1.50,0.50
2008.06.02 11:04:46.649,1.00105,1.0013,0.50,1.00
2008.06.02 11:04:46.783,1.0011,1.0013,0.50,1.90
2008.06.02 11:04:47.060,1.0011,1.0013,0.50,0.70
2008.06.02 11:04:47.245,1.0011,1.0013,0.50,1.50
2008.06.02 11:04:48.238,1.001,1.0013,1.20,0.80
2008.06.02 11:04:48.669,1.001,1.0013,2.70,0.80
2008.06.02 11:04:50.535,1.00105,1.0013,0.60,1.00
2008.06.02 11:04:52.897,1.00105,1.0013,0.60,1.30
2008.06.02 11:04:52.978,1.00105,1.0013,0.60,3.20
2008.06.02 11:04:53.060,1.001,1.0013,2.00,2.50
2008.06.02 11:04:53.136,1.001,1.0013,2.00,3.50
2008.06.02 11:04:53.481,1.001,1.0013,2.00,1.40
2008.06.02 11:04:53.557,1.001,1.0013,2.70,0.80
2008.06.02 11:05:00.748,1.001,1.0013,1.60,0.70
2008.06.02 11:05:00.947,1.001,1.0013,3.00,0.70
2008.06.02 11:05:01.167,1.0011,1.0013,0.50,0.70
2008.06.02 11:05:01.287,1.0011,1.0013,1.60,0.70
2008.06.02 11:05:01.418,1.0012,1.0013,0.50,0.70
2008.06.02 11:05:03.905,1.0012,1.0013,2.80,0.70
2008.06.02 11:05:04.082,1.0012,1.0013,0.50,0.70
2008.06.02 11:05:06.177,1.0011,1.0013,0.60,0.70
2008.06.02 11:05:06.460,1.0011,1.0013,1.10,0.70
2008.06.02 11:05:06.737,1.0011,1.0013,0.50,0.70
2008.06.02 11:05:07.016,1.0011,1.0013,0.50,1.00
2008.06.02 11:05:07.298,1.0011,1.0013,0.80,0.70
2008.06.02 11:05:07.530,1.00115,1.0013,0.50,0.70
2008.06.02 11:05:07.956,1.0012,1.0013,0.50,0.70
2008.06.02 11:05:08.960,1.0011,1.0013,0.50,0.70
2008.06.02 11:05:09.756,1.0011,1.0013,2.80,0.70
2008.06.02 11:05:10.125,1.0011,1.0013,0.50,0.70
2008.06.02 11:05:13.716,1.0012,1.0013,2.40,0.70
2008.06.02 11:05:13.913,1.0012,1.0013,2.80,0.70
2008.06.02 11:05:18.463,1.0012,1.0013,0.50,0.70
2008.06.02 11:05:18.737,1.0012,1.0013,2.80,0.70
2008.06.02 11:05:19.194,1.0012,1.0013,0.50,0.70
2008.06.02 11:05:22.397,1.0012,1.0013,2.80,0.70
2008.06.02 11:05:23.204,1.0012,1.0013,0.50,0.70
2008.06.02 11:05:24.637,1.0012,1.0013,2.80,0.70
2008.06.02 11:05:25.664,1.0012,1.0013,0.50,0.70
2008.06.02 11:05:26.541,1.0011,1.0013,1.10,0.70
2008.06.02 11:05:26.683,1.0011,1.0013,0.50,0.70
2008.06.02 11:05:30.896,1.00115,1.0013,0.50,0.70
2008.06.02 11:05:31.255,1.0012,1.0013,2.40,0.70
2008.06.02 11:05:31.459,1.0012,1.0013,2.80,0.70
2008.06.02 11:05:32.185,1.0012,1.0013,0.50,0.70
2008.06.02 11:05:34.142,1.0011,1.0013,0.80,0.70
2008.06.02 11:05:34.247,1.0011,1.0013,1.50,0.70
2008.06.02 11:05:34.795,1.0011,1.0013,0.50,0.70
2008.06.02 11:05:35.080,1.0011,1.0013,2.80,0.70
2008.06.02 11:05:35.359,1.0011,1.0013,1.40,0.70
2008.06.02 11:05:35.470,1.0012,1.0013,0.50,0.70
2008.06.02 11:05:35.590,1.0012,1.0013,2.80,0.70
2008.06.02 11:05:35.696,1.0012,1.0013,0.50,0.70
2008.06.02 11:05:37.152,1.0012,1.0013,2.80,0.70
2008.06.02 11:05:39.080,1.0012,1.0013,0.50,0.70
2008.06.02 11:05:39.320,1.0011,1.0013,1.10,0.70
2008.06.02 11:05:39.547,1.00115,1.0013,0.50,0.70
2008.06.02 11:05:40.135,1.0011,1.0013,1.50,0.70
2008.06.02 11:05:41.136,1.0012,1.0013,2.80,0.70
2008.06.02 11:05:42.532,1.0012,1.00145,2.10,0.30
2008.06.02 11:05:43.541,1.0012,1.00145,2.50,0.30
2008.06.02 11:05:44.496,1.0012,1.00145,2.10,0.30
2008.06.02 11:05:48.535,1.0013,1.00145,0.50,0.30
2008.06.02 11:05:48.793,1.0013,1.0015,0.50,0.30
2008.06.02 11:05:49.045,1.0012,1.0015,2.10,0.70
2008.06.02 11:05:49.174,1.0012,1.0014,2.10,0.30
2008.06.02 11:05:49.308,1.0012,1.00145,2.10,0.30
2008.06.02 11:05:51.220,1.0012,1.00145,2.10,0.30
2008.06.02 11:05:56.875,1.0012,1.0014,2.10,0.40
2008.06.02 11:06:02.458,1.0012,1.0014,0.50,0.40
2008.06.02 11:06:03.674,1.0012,1.0014,2.80,0.40
2008.06.02 11:06:08.513,1.0012,1.0014,0.50,0.40
2008.06.02 11:06:08.786,1.0012,1.0014,2.00,0.40
2008.06.02 11:06:09.024,1.0012,1.0014,2.80,0.40
2008.06.02 11:06:09.180,1.0012,1.0014,0.50,0.40
2008.06.02 11:06:10.702,1.0012,1.0014,2.80,0.40
2008.06.02 11:06:11.017,1.0012,1.0014,1.60,0.40
2008.06.02 11:06:11.194,1.0012,1.0014,2.80,0.40
2008.06.02 11:06:11.630,1.00125,1.0014,0.50,0.40
2008.06.02 11:06:11.858,1.0013,1.0014,0.50,0.40
2008.06.02 11:06:12.301,1.0012,1.0014,0.90,0.40
2008.06.02 11:06:12.488,1.0012,1.0014,1.10,0.40
2008.06.02 11:06:14.465,1.0012,1.0014,1.30,0.40
2008.06.02 11:06:15.759,1.0012,1.0014,1.30,0.40
2008.06.02 11:06:17.195,1.0012,1.0014,1.30,0.40
2008.06.02 11:06:19.123,1.0012,1.0014,1.10,0.40
2008.06.02 11:06:25.937,1.0012,1.0014,1.30,0.40
2008.06.02 11:06:33.149,1.0012,1.0014,1.80,0.40
2008.06.02 11:06:33.313,1.0012,1.0014,2.10,0.40
2008.06.02 11:06:36.201,1.0012,1.0014,0.50,0.40
2008.06.02 11:06:36.587,1.0012,1.0014,2.80,0.80
2008.06.02 11:06:36.817,1.0011,1.0014,0.50,3.50
2008.06.02 11:06:37.275,1.0011,1.0014,0.50,0.50
2008.06.02 11:06:37.543,1.0011,1.0014,0.80,0.60
2008.06.02 11:06:37.758,1.0011,1.0014,1.50,0.40
2008.06.02 11:06:39.146,1.00115,1.0014,0.60,0.40
2008.06.02 11:06:39.499,1.00115,1.0014,1.00,0.40
2008.06.02 11:06:39.681,1.0012,1.0014,2.80,0.40
2008.06.02 11:06:41.267,1.0012,1.0014,2.10,0.40
2008.06.02 11:06:43.776,1.0012,1.0014,2.80,0.40
2008.06.02 11:06:44.430,1.0012,1.0014,1.80,0.40
2008.06.02 11:06:51.482,1.0012,1.0014,2.00,0.40
2008.06.02 11:06:53.937,1.00125,1.0014,0.50,0.40
2008.06.02 11:06:54.013,1.00125,1.0014,1.00,0.40
2008.06.02 11:06:54.148,1.0013,1.0014,0.50,0.40
2008.06.02 11:06:54.268,1.0013,1.0014,2.80,0.40
2008.06.02 11:06:54.430,1.0013,1.0014,0.70,0.40
2008.06.02 11:06:54.648,1.00135,1.0014,0.50,0.40
2008.06.02 11:06:54.864,1.0014,1.0016,0.50,1.80
2008.06.02 11:06:55.314,1.0014,1.0016,0.50,1.60
2008.06.02 11:06:55.527,1.00135,1.0016,1.00,1.60
2008.06.02 11:06:55.837,1.0014,1.0017,2.80,1.80
2008.06.02 11:06:56.158,1.0014,1.0017,1.00,1.60
2008.06.02 11:06:56.476,1.0014,1.0017,1.40,1.60
2008.06.02 11:06:56.710,1.0014,1.0017,2.20,1.60
2008.06.02 11:06:56.968,1.0014,1.0017,2.00,1.60
2008.06.02 11:06:59.323,1.0015,1.00175,0.50,0.30
2008.06.02 11:06:59.435,1.0015,1.0018,2.80,1.80
2008.06.02 11:06:59.601,1.0015,1.0018,2.80,1.60
2008.06.02 11:06:59.713,1.0015,1.0016,2.80,0.40
2008.06.02 11:07:00.001,1.0015,1.0016,2.00,0.40
2008.06.02 11:07:00.326,1.0015,1.0018,2.20,1.60
2008.06.02 11:07:00.526,1.0015,1.0018,1.80,1.60
2008.06.02 11:07:01.730,1.0015,1.0018,1.70,1.60
2008.06.02 11:07:01.970,1.0016,1.00195,1.00,0.30
2008.06.02 11:07:02.317,1.00165,1.00195,0.50,0.30
2008.06.02 11:07:02.461,1.0017,1.00195,2.40,0.30
2008.06.02 11:07:03.308,1.0016,1.0019,0.60,0.80
2008.06.02 11:07:03.559,1.0016,1.00195,2.80,0.30
2008.06.02 11:07:03.853,1.0016,1.00195,1.00,0.30
2008.06.02 11:07:04.224,1.0017,1.00195,2.40,0.30
2008.06.02 11:07:06.406,1.00165,1.00195,0.50,0.30
2008.06.02 11:07:06.775,1.0017,1.00195,2.40,0.30
2008.06.02 11:07:21.185,1.0016,1.00195,2.20,0.30
2008.06.02 11:07:21.426,1.0016,1.00195,1.50,0.30
2008.06.02 11:07:21.481,1.0016,1.0019,0.50,0.70
2008.06.02 11:07:21.534,1.00155,1.0019,1.00,2.60
2008.06.02 11:07:25.567,1.00155,1.00185,0.60,0.50
2008.06.02 11:07:25.977,1.0015,1.00185,1.30,0.70
2008.06.02 11:07:26.317,1.0015,1.00185,1.80,0.70
2008.06.02 11:07:26.519,1.0015,1.00185,1.00,0.70
2008.06.02 11:07:26.699,1.0015,1.00185,1.10,0.70
2008.06.02 11:07:40.149,1.0015,1.0018,2.80,0.30
2008.06.02 11:07:41.858,1.0015,1.0018,0.50,0.30
2008.06.02 11:07:43.469,1.00145,1.00175,1.00,0.30
2008.06.02 11:07:43.817,1.00145,1.00175,0.60,0.70
2008.06.02 11:07:50.729,1.00145,1.0017,0.60,0.50
2008.06.02 11:07:51.030,1.00135,1.0017,1.00,1.40
2008.06.02 11:07:51.584,1.0014,1.0017,0.60,3.30
2008.06.02 11:07:51.865,1.00135,1.00165,0.60,0.50
2008.06.02 11:07:59.100,1.00135,1.0016,0.60,2.40
2008.06.02 11:07:59.220,1.0013,1.0016,2.60,2.60
2008.06.02 11:07:59.639,1.0013,1.0016,2.20,1.20
2008.06.02 11:07:59.861,1.0013,1.0016,2.20,2.20
2008.06.02 11:07:59.987,1.0013,1.0016,1.60,3.40
2008.06.02 11:08:03.906,1.0013,1.0016,1.80,2.40
2008.06.02 11:08:04.203,1.0013,1.0016,1.50,1.50
2008.06.02 11:08:04.352,1.0013,1.0016,2.00,0.30
2008.06.02 11:08:04.508,1.0013,1.00165,1.90,0.30
2008.06.02 11:08:04.808,1.00135,1.00165,0.50,0.30
2008.06.02 11:08:05.001,1.0014,1.0017,0.50,2.60
2008.06.02 11:08:05.773,1.0014,1.0017,2.80,0.30
2008.06.02 11:08:06.021,1.0015,1.00175,0.50,0.30
2008.06.02 11:08:06.741,1.0015,1.0017,0.50,0.30
2008.06.02 11:08:07.606,1.0014,1.0017,1.60,1.30
2008.06.02 11:08:07.729,1.0015,1.0017,2.40,1.90
2008.06.02 11:08:07.847,1.0015,1.0017,2.40,0.30
2008.06.02 11:08:07.986,1.0015,1.0017,2.80,0.30
2008.06.02 11:08:08.115,1.0015,1.00175,0.50,0.30
2008.06.02 11:08:08.242,1.0015,1.00175,2.80,0.30
2008.06.02 11:08:08.624,1.0015,1.00175,0.50,0.30
2008.06.02 11:08:08.924,1.0014,1.00175,1.10,0.70
2008.06.02 11:08:09.165,1.0014,1.00175,0.50,0.70
2008.06.02 11:08:09.588,1.0014,1.00175,1.10,0.70
2008.06.02 11:08:12.370,1.0014,1.00175,1.50,0.70
2008.06.02 11:08:12.605,1.0015,1.00175,0.50,0.70
2008.06.02 11:08:12.741,1.0015,1.0017,0.50,2.40
2008.06.02 11:08:13.080,1.0015,1.0017,0.50,2.60
2008.06.02 11:08:13.259,1.0014,1.0017,0.50,2.60
2008.06.02 11:08:13.441,1.0014,1.0017,0.50,0.90
2008.06.02 11:08:19.519,1.0014,1.0017,0.50,0.30
2008.06.02 11:08:19.718,1.0014,1.0017,2.80,0.30
2008.06.02 11:08:19.856,1.0015,1.0017,0.50,0.30
2008.06.02 11:08:22.859,1.0016,1.0017,0.50,0.30
2008.06.02 11:08:23.144,1.0016,1.00175,0.50,0.30
2008.06.02 11:08:24.148,1.0015,1.00175,0.50,0.30
2008.06.02 11:08:24.814,1.0016,1.00175,0.50,0.30
2008.06.02 11:08:24.984,1.0015,1.00175,0.50,0.30
2008.06.02 11:08:25.196,1.0015,1.0017,0.50,0.30
2008.06.02 11:08:31.953,1.0016,1.00175,0.50,0.30
2008.06.02 11:08:32.339,1.0016,1.00175,0.50,0.70
2008.06.02 11:08:32.477,1.0015,1.0017,0.50,0.30
2008.06.02 11:08:32.743,1.0015,1.0017,0.50,2.60
2008.06.02 11:08:33.395,1.0015,1.0017,0.50,0.30
2008.06.02 11:08:35.116,1.0015,1.00175,0.50,0.30
2008.06.02 11:08:35.376,1.0016,1.00175,0.50,0.30
2008.06.02 11:08:35.660,1.0016,1.00185,0.50,0.30
2008.06.02 11:08:36.274,1.0016,1.0018,0.50,2.40
2008.06.02 11:08:37.714,1.0016,1.0018,0.50,1.50
2008.06.02 11:08:38.224,1.0016,1.0018,0.50,1.70
2008.06.02 11:08:39.645,1.0016,1.0018,0.50,1.00
2008.06.02 11:08:44.719,1.0016,1.0018,0.50,1.80
2008.06.02 11:08:44.919,1.0016,1.0018,0.50,1.60
2008.06.02 11:08:45.058,1.0016,1.00175,0.50,0.50
2008.06.02 11:08:45.245,1.0015,1.0017,0.50,2.40
2008.06.02 11:08:45.627,1.0015,1.00175,0.50,0.30
2008.06.02 11:08:49.613,1.0016,1.00175,0.50,0.30
2008.06.02 11:08:49.792,1.0016,1.0018,0.50,1.60
2008.06.02 11:08:52.388,1.0016,1.00175,0.50,0.50
2008.06.02 11:08:52.693,1.0015,1.00175,0.50,0.70
2008.06.02 11:08:52.854,1.0016,1.00175,0.50,0.30
2008.06.02 11:08:53.166,1.0016,1.0018,0.50,1.90
2008.06.02 11:08:54.840,1.0016,1.00175,0.50,0.50
2008.06.02 11:08:54.940,1.0015,1.0017,0.50,2.40
2008.06.02 11:08:55.254,1.0015,1.0017,0.50,1.40
2008.06.02 11:08:57.628,1.0015,1.0017,0.50,0.80
2008.06.02 11:09:15.906,1.0015,1.00175,0.50,0.70
2008.06.02 11:09:16.321,1.0015,1.00175,0.50,0.30
2008.06.02 11:09:16.502,1.0015,1.0018,0.50,4.90
2008.06.02 11:09:16.581,1.0016,1.0018,0.50,1.10
2008.06.02 11:09:16.672,1.0015,1.0018,0.50,2.90
2008.06.02 11:09:21.272,1.0015,1.0018,0.50,2.10
2008.06.02 11:09:21.350,1.0015,1.0018,0.50,1.90
2008.06.02 11:09:21.504,1.0015,1.0018,0.50,3.40
2008.06.02 11:09:21.569,1.0015,1.0018,0.50,4.60
2008.06.02 11:09:21.699,1.0015,1.0018,0.50,4.20
2008.06.02 11:09:21.967,1.0015,1.00175,0.50,0.30
2008.06.02 11:09:31.682,1.0014,1.00175,0.70,0.30
2008.06.02 11:09:31.724,1.0014,1.0017,2.30,2.40
2008.06.02 11:09:31.994,1.0014,1.0017,1.90,2.40
2008.06.02 11:09:42.191,1.0014,1.0017,2.30,2.40
2008.06.02 11:09:42.445,1.0014,1.00175,0.50,0.70
2008.06.02 11:09:45.776,1.0014,1.0017,1.60,2.40
2008.06.02 11:09:45.990,1.00145,1.0017,0.50,2.40
2008.06.02 11:09:46.043,1.00145,1.00175,0.50,0.30
2008.06.02 11:09:46.317,1.0015,1.00175,0.50,0.30
2008.06.02 11:09:52.483,1.0015,1.00175,0.50,0.70
2008.06.02 11:09:52.763,1.0015,1.0017,0.50,0.30
2008.06.02 11:09:52.903,1.0014,1.0017,0.50,0.30
2008.06.02 11:09:53.149,1.0014,1.0017,1.20,0.30
2008.06.02 11:09:54.378,1.00135,1.0017,0.60,1.60
2008.06.02 11:09:54.628,1.0014,1.0017,1.20,0.30
2008.06.02 11:09:54.900,1.0014,1.0017,1.60,0.30
2008.06.02 11:09:55.150,1.0014,1.0017,2.10,0.30
2008.06.02 11:09:55.433,1.0014,1.0017,1.60,0.30
2008.06.02 11:09:56.100,1.0014,1.0017,1.10,0.30
2008.06.02 11:09:56.472,1.00145,1.0017,0.50,0.30
2008.06.02 11:09:56.644,1.0015,1.00175,0.50,0.30
2008.06.02 11:09:57.299,1.0014,1.0017,2.40,0.30
2008.06.02 11:09:57.756,1.0014,1.0017,2.30,0.30
2008.06.02 11:09:58.093,1.0014,1.0017,2.40,0.30
2008.06.02 11:09:58.280,1.0014,1.0017,2.40,0.30
2008.06.02 11:09:58.318,1.0014,1.0017,1.60,0.30
2008.06.02 11:09:58.484,1.0014,1.0017,0.60,0.30
2008.06.02 11:10:02.488,1.0014,1.0017,1.40,0.30
2008.06.02 11:10:02.592,1.0014,1.0017,0.50,2.60
2008.06.02 11:10:04.778,1.0014,1.00165,0.50,0.30
2008.06.02 11:10:10.132,1.0014,1.0017,0.50,2.60
2008.06.02 11:10:12.505,1.0014,1.0017,0.50,2.40
2008.06.02 11:10:12.880,1.0014,1.0017,1.10,2.40
2008.06.02 11:10:24.435,1.0014,1.00175,1.10,0.70
2008.06.02 11:10:24.691,1.0014,1.0017,1.10,2.40
2008.06.02 11:10:25.463,1.0014,1.0017,0.50,2.60
2008.06.02 11:10:25.790,1.0014,1.0017,0.50,0.70
2008.06.02 11:10:26.119,1.0014,1.00165,0.50,0.30
2008.06.02 11:10:36.183,1.0014,1.0016,0.50,2.40
2008.06.02 11:10:36.298,1.00135,1.0016,0.60,2.40
2008.06.02 11:10:36.404,1.0013,1.0016,1.00,2.40
2008.06.02 11:10:36.514,1.0013,1.00165,2.70,0.70
2008.06.02 11:10:36.634,1.0013,1.0016,2.70,2.40
2008.06.02 11:10:37.067,1.0013,1.0016,2.70,1.10
2008.06.02 11:10:37.186,1.0013,1.0016,2.00,1.00
2008.06.02 11:10:37.309,1.0013,1.00155,2.00,0.50
2008.06.02 11:10:37.926,1.0013,1.0015,1.60,2.40
2008.06.02 11:10:38.242,1.0013,1.00145,1.60,0.50
2008.06.02 11:10:38.562,1.0012,1.0015,1.60,0.90
2008.06.02 11:10:39.177,1.0012,1.0015,1.60,1.20
2008.06.02 11:10:39.556,1.0012,1.0015,1.60,3.80
2008.06.02 11:10:39.774,1.0012,1.0015,1.60,1.00
2008.06.02 11:10:40.266,1.0012,1.0015,1.60,1.00
2008.06.02 11:10:40.498,1.0012,1.0015,0.60,0.30
2008.06.02 11:10:40.804,1.0012,1.0015,1.60,0.30
2008.06.02 11:10:41.419,1.0012,1.00145,1.60,0.30
2008.06.02 11:10:41.740,1.0012,1.0014,1.60,0.30
2008.06.02 11:10:42.204,1.0012,1.0014,1.60,2.60
2008.06.02 11:10:42.373,1.0012,1.00135,1.60,0.30
2008.06.02 11:10:42.599,1.0011,1.0014,1.60,2.60
2008.06.02 11:10:42.861,1.0011,1.0014,1.60,0.60
2008.06.02 11:10:43.384,1.0011,1.0014,1.60,1.40
2008.06.02 11:10:43.908,1.0011,1.0014,1.60,1.20
2008.06.02 11:10:44.233,1.0011,1.0014,1.60,0.80
2008.06.02 11:10:46.521,1.0011,1.0013,1.60,2.40
2008.06.02 11:10:46.645,1.001,1.0013,1.60,2.40
2008.06.02 11:10:47.355,1.001,1.0013,1.60,2.60
2008.06.02 11:10:48.364,1.001,1.0013,2.40,0.30
2008.06.02 11:10:49.600,1.001,1.0013,0.70,0.30
2008.06.02 11:10:50.174,1.001,1.0013,1.30,0.30
2008.06.02 11:10:53.323,1.001,1.0013,2.00,2.60
2008.06.02 11:10:53.576,1.001,1.0013,1.60,2.60
2008.06.02 11:10:53.790,1.0011,1.0013,2.80,0.30
2008.06.02 11:10:54.020,1.0011,1.00135,2.80,0.30
2008.06.02 11:10:54.176,1.0011,1.0014,2.80,0.30
2008.06.02 11:10:54.335,1.0011,1.0014,2.80,0.70
2008.06.02 11:10:54.503,1.0011,1.0014,0.50,0.70
2008.06.02 11:10:54.694,1.0011,1.00135,0.50,0.30
2008.06.02 11:10:58.666,1.0011,1.00135,0.80,0.30
2008.06.02 11:10:58.716,1.0012,1.00135,0.50,0.30
2008.06.02 11:10:58.768,1.0012,1.0014,0.50,2.60
2008.06.02 11:11:00.819,1.0012,1.0014,0.50,0.60
2008.06.02 11:11:00.929,1.0012,1.0013,0.50,2.40
2008.06.02 11:11:01.244,1.0011,1.0013,0.50,2.40
2008.06.02 11:11:01.696,1.0011,1.00135,0.50,0.30
2008.06.02 11:11:01.929,1.001,1.00135,1.00,0.30
2008.06.02 11:11:03.428,1.001,1.00135,2.60,0.30
2008.06.02 11:11:03.493,1.0011,1.00135,0.50,0.30
2008.06.02 11:11:05.791,1.0011,1.0013,0.50,2.40
2008.06.02 11:11:08.302,1.0011,1.0014,0.50,2.90
2008.06.02 11:11:10.047,1.0011,1.0014,0.50,1.10
2008.06.02 11:11:10.243,1.0011,1.0014,0.50,1.50
2008.06.02 11:11:10.351,1.0012,1.0014,0.50,0.60
2008.06.02 11:11:10.645,1.0012,1.0014,0.50,1.00
2008.06.02 11:11:12.230,1.0012,1.0014,0.50,3.50
2008.06.02 11:11:14.022,1.0012,1.0014,0.50,1.20
2008.06.02 11:11:14.294,1.001,1.00135,2.70,0.30
2008.06.02 11:11:15.793,1.001,1.00135,3.40,0.70
2008.06.02 11:11:15.947,1.001,1.0012,2.00,1.60
2008.06.02 11:11:16.464,1.001,1.0012,1.60,1.50
2008.06.02 11:11:16.648,1.0009,1.0012,1.40,1.30
2008.06.02 11:11:17.985,1.0009,1.0012,1.60,1.20
2008.06.02 11:11:18.268,1.00095,1.00125,0.60,0.50
2008.06.02 11:11:18.543,1.001,1.00125,0.50,0.50
2008.06.02 11:11:18.823,1.001,1.0012,0.50,2.70
2008.06.02 11:11:18.937,1.0009,1.0012,0.80,1.60
2008.06.02 11:11:19.059,1.0009,1.0012,2.40,0.30
2008.06.02 11:11:19.173,1.001,1.0012,0.50,0.30
2008.06.02 11:11:19.305,1.0009,1.0012,2.80,3.50
2008.06.02 11:11:19.414,1.0009,1.0012,1.20,1.90
2008.06.02 11:11:19.710,1.0009,1.0012,2.80,0.70
2008.06.02 11:11:21.010,1.0009,1.0012,0.80,2.30
2008.06.02 11:11:21.251,1.0009,1.0012,2.60,1.90
2008.06.02 11:11:21.685,1.0009,1.00115,0.60,0.50
2008.06.02 11:11:24.123,1.0009,1.0012,2.50,0.70
2008.06.02 11:11:24.345,1.0009,1.0012,2.90,1.40
2008.06.02 11:11:27.585,1.0009,1.0012,3.70,1.60
2008.06.02 11:11:27.972,1.001,1.00125,0.50,0.50
2008.06.02 11:11:28.389,1.0009,1.0012,0.80,1.30
2008.06.02 11:11:28.784,1.0009,1.0012,1.60,1.80
2008.06.02 11:11:29.553,1.0009,1.0012,1.00,2.30
2008.06.02 11:11:29.722,1.00095,1.00125,0.50,0.30
2008.06.02 11:11:29.864,1.001,1.00125,0.50,0.30
2008.06.02 11:11:31.115,1.001,1.0013,0.50,1.40
2008.06.02 11:11:31.405,1.001,1.0013,0.50,3.00
2008.06.02 11:11:31.695,1.001,1.0013,0.50,3.60
2008.06.02 11:11:31.982,1.0009,1.0012,2.40,2.10
2008.06.02 11:11:32.433,1.0009,1.00125,2.90,0.70
2008.06.02 11:11:32.583,1.0009,1.0012,0.50,1.10
2008.06.02 11:11:34.260,1.00095,1.0012,0.60,0.80
2008.06.02 11:11:34.680,1.001,1.00125,0.50,0.70
2008.06.02 11:11:34.821,1.001,1.0012,0.50,0.90
2008.06.02 11:11:34.963,1.0009,1.0012,0.70,1.90
2008.06.02 11:11:36.638,1.0009,1.0012,1.30,1.40
2008.06.02 11:11:36.807,1.001,1.0012,0.50,1.30
2008.06.02 11:11:36.983,1.001,1.00125,0.50,0.30
2008.06.02 11:11:37.368,1.001,1.0013,2.80,0.30
2008.06.02 11:11:37.699,1.001,1.0013,0.50,2.60
2008.06.02 11:11:37.777,1.001,1.0013,0.50,2.50
2008.06.02 11:11:38.231,1.001,1.0013,0.50,2.60
2008.06.02 11:11:38.928,1.001,1.0013,0.50,1.80
2008.06.02 11:11:39.142,1.001,1.0013,0.50,1.60
2008.06.02 11:11:39.496,1.001,1.00125,0.50,0.30
2008.06.02 11:11:40.725,1.001,1.00125,0.50,0.70
2008.06.02 11:11:40.827,1.001,1.0012,0.50,1.40
2008.06.02 11:11:40.995,1.0009,1.0012,2.20,1.90
2008.06.02 11:11:44.797,1.0009,1.0012,2.80,1.30
2008.06.02 11:11:45.127,1.0009,1.0012,0.70,2.50
2008.06.02 11:11:54.788,1.0009,1.0012,2.70,2.10
2008.06.02 11:11:54.898,1.0009,1.0012,2.80,2.60
2008.06.02 11:11:55.010,1.0009,1.00115,2.80,0.50
2008.06.02 11:11:55.178,1.0009,1.0011,2.80,2.40
2008.06.02 11:11:55.292,1.0009,1.0011,2.40,2.40
2008.06.02 11:11:55.907,1.0008,1.0011,0.50,2.40
2008.06.02 11:11:56.257,1.0008,1.0011,0.50,2.60
2008.06.02 11:11:58.506,1.0008,1.0011,0.80,2.60
2008.06.02 11:11:58.756,1.0008,1.0011,0.50,2.60
2008.06.02 11:12:01.072,1.0008,1.0011,1.10,2.40
2008.06.02 11:12:01.235,1.0008,1.0011,1.50,2.40
2008.06.02 11:12:01.436,1.0008,1.00115,0.50,0.30
2008.06.02 11:12:01.539,1.0008,1.00115,1.80,0.70
2008.06.02 11:12:01.824,1.0008,1.00115,1.80,0.30
2008.06.02 11:12:02.266,1.0008,1.0011,1.10,2.40
2008.06.02 11:12:04.040,1.0008,1.0011,1.10,2.20
2008.06.02 11:12:08.181,1.0008,1.0011,1.50,2.40
2008.06.02 11:12:08.391,1.0009,1.00115,2.80,0.30
2008.06.02 11:12:08.607,1.0009,1.00115,0.50,0.30
2008.06.02 11:12:09.009,1.0008,1.0011,1.10,2.40
2008.06.02 11:12:14.416,1.0008,1.0011,0.50,2.90
2008.06.02 11:12:16.608,1.0008,1.0011,0.80,0.80
2008.06.02 11:12:17.024,1.0008,1.0011,0.80,2.70
2008.06.02 11:12:17.094,1.0009,1.0011,0.50,2.40
2008.06.02 11:12:22.717,1.0009,1.00115,2.80,0.30
2008.06.02 11:12:22.948,1.001,1.0012,0.50,0.30
2008.06.02 11:12:23.179,1.001,1.0012,0.50,2.60
2008.06.02 11:12:23.411,1.001,1.0012,0.50,0.30
2008.06.02 11:12:23.637,1.001,1.0012,0.50,2.60
2008.06.02 11:12:24.269,1.001,1.0012,0.50,2.40
2008.06.02 11:12:25.134,1.001,1.0012,0.50,2.60
2008.06.02 11:12:25.300,1.001,1.0012,0.50,0.30
2008.06.02 11:12:25.463,1.001,1.0012,0.50,2.60
2008.06.02 11:12:27.316,1.001,1.0012,0.50,0.30
2008.06.02 11:12:27.543,1.001,1.0012,0.50,2.60
2008.06.02 11:12:33.243,1.001,1.0012,0.80,2.60
2008.06.02 11:12:33.415,1.001,1.0013,0.80,4.10
2008.06.02 11:12:33.476,1.001,1.0013,0.80,2.60
2008.06.02 11:12:33.813,1.001,1.0013,0.50,2.60
2008.06.02 11:12:34.283,1.001,1.0013,0.80,2.60
2008.06.02 11:12:34.724,1.001,1.0013,0.50,2.60
2008.06.02 11:12:40.333,1.001,1.0013,0.80,2.60
2008.06.02 11:12:44.271,1.001,1.0013,0.50,2.60
2008.06.02 11:12:46.110,1.001,1.00125,0.50,0.30
2008.06.02 11:12:50.574,1.001,1.0012,0.50,0.30
2008.06.02 11:12:51.047,1.001,1.00125,0.50,0.30
2008.06.02 11:12:51.367,1.001,1.00125,2.80,0.30
2008.06.02 11:12:51.665,1.001,1.0013,0.50,0.30
2008.06.02 11:12:51.971,1.001,1.0013,0.50,2.60
2008.06.02 11:12:52.289,1.001,1.00125,0.50,0.30
2008.06.02 11:12:53.149,1.001,1.0013,0.50,0.30
2008.06.02 11:12:55.331,1.001,1.0013,0.50,2.60
2008.06.02 11:12:55.569,1.001,1.00125,0.50,0.30
2008.06.02 11:12:56.043,1.001,1.0013,0.50,2.60
2008.06.02 11:12:56.295,1.001,1.00125,0.50,0.30
2008.06.02 11:13:00.507,1.001,1.0013,0.50,2.60
2008.06.02 11:13:04.538,1.001,1.0012,0.50,0.30
2008.06.02 11:13:04.656,1.0009,1.0012,2.80,0.30
2008.06.02 11:13:04.781,1.00095,1.0012,0.50,0.30
2008.06.02 11:13:04.999,1.00095,1.00125,1.00,0.30
2008.06.02 11:13:05.151,1.00095,1.00125,0.60,0.70
2008.06.02 11:13:05.377,1.0009,1.0012,2.80,0.30
2008.06.02 11:13:12.543,1.0009,1.00115,0.50,0.30
2008.06.02 11:13:16.496,1.0009,1.00105,0.50,0.50
2008.06.02 11:13:16.706,1.0009,1.00105,0.50,0.70
2008.06.02 11:13:16.917,1.0009,1.00105,0.50,0.30
2008.06.02 11:13:17.136,1.00075,1.0011,1.00,0.30
2008.06.02 11:13:18.436,1.0008,1.0011,0.50,0.30
2008.06.02 11:13:18.511,1.0008,1.00115,1.00,0.30
2008.06.02 11:13:18.600,1.0008,1.00115,1.50,0.30
2008.06.02 11:13:19.863,1.0008,1.0011,1.50,0.30
2008.06.02 11:13:20.084,1.0008,1.00115,1.50,0.30
2008.06.02 11:13:22.689,1.0008,1.0011,1.50,0.30
2008.06.02 11:13:23.240,1.0008,1.0011,0.80,0.30
2008.06.02 11:13:23.513,1.0008,1.00115,2.30,0.30
2008.06.02 11:13:24.226,1.0009,1.00115,0.50,0.30
2008.06.02 11:13:24.395,1.0009,1.0012,0.50,1.00
2008.06.02 11:13:24.489,1.0009,1.00125,1.00,0.30
2008.06.02 11:13:24.739,1.0009,1.00125,1.50,0.30
2008.06.02 11:13:24.827,1.0009,1.00125,1.70,0.70
2008.06.02 11:13:26.916,1.0009,1.0012,1.10,2.40
2008.06.02 11:13:27.045,1.0009,1.0012,0.50,0.90
2008.06.02 11:13:27.293,1.0009,1.0011,0.50,2.40
2008.06.02 11:13:27.426,1.00085,1.0011,0.60,2.40
2008.06.02 11:13:27.556,1.0008,1.0011,1.10,2.40
2008.06.02 11:13:28.482,1.0008,1.00115,1.40,0.70
2008.06.02 11:13:28.691,1.0008,1.00115,1.20,0.30
2008.06.02 11:13:28.900,1.00085,1.00115,0.50,0.30
2008.06.02 11:13:29.115,1.0009,1.00125,0.80,0.70
2008.06.02 11:13:30.571,1.0009,1.0011,1.10,2.40
2008.06.02 11:13:30.729,1.00085,1.0011,0.50,2.40
2008.06.02 11:13:30.986,1.0008,1.0011,1.10,2.40
2008.06.02 11:13:31.511,1.0008,1.0011,0.50,2.60
2008.06.02 11:13:36.811,1.0008,1.0011,0.80,2.60
2008.06.02 11:13:36.999,1.0008,1.0011,0.60,0.30
2008.06.02 11:13:37.368,1.0008,1.0011,2.00,0.30
2008.06.02 11:13:39.867,1.0008,1.0011,0.50,2.60
2008.06.02 11:13:40.060,1.00075,1.0011,0.60,0.90
2008.06.02 11:13:40.255,1.0008,1.0011,1.00,0.30
2008.06.02 11:13:40.724,1.0008,1.0011,0.70,0.30
2008.06.02 11:13:40.996,1.0008,1.0011,1.10,1.60
2008.06.02 11:13:41.256,1.0008,1.0011,0.50,3.80
2008.06.02 11:13:41.512,1.0008,1.0011,1.50,1.00
2008.06.02 11:13:41.770,1.0008,1.0011,0.70,0.30
2008.06.02 11:13:42.910,1.0008,1.0011,1.40,0.30
2008.06.02 11:13:43.050,1.0008,1.0011,0.50,2.40
2008.06.02 11:13:43.667,1.0008,1.0011,1.10,2.40
2008.06.02 11:13:47.097,1.0008,1.0011,1.50,2.40
2008.06.02 11:13:47.478,1.0008,1.0011,1.10,2.40
2008.06.02 11:13:53.273,1.0009,1.0011,0.50,2.40
2008.06.02 11:13:53.393,1.001,1.0011,0.50,2.40
2008.06.02 11:13:53.519,1.001,1.00115,0.50,0.30
2008.06.02 11:13:53.648,1.001,1.00125,0.50,0.30
2008.06.02 11:13:53.987,1.001,1.00125,0.50,0.70
2008.06.02 11:13:54.132,1.0009,1.00125,1.90,0.70
2008.06.02 11:13:55.347,1.0009,1.00115,1.70,0.50
2008.06.02 11:13:55.427,1.0009,1.00115,0.60,0.50
2008.06.02 11:13:55.673,1.00085,1.00115,0.60,0.50
2008.06.02 11:13:55.971,1.00095,1.00125,0.60,0.70
2008.06.02 11:13:56.365,1.00095,1.00125,0.60,0.30
2008.06.02 11:13:56.783,1.00095,1.0013,0.60,0.70
2008.06.02 11:13:57.027,1.00095,1.0013,1.00,0.30
2008.06.02 11:13:57.220,1.001,1.0013,0.50,0.30
2008.06.02 11:13:57.643,1.00095,1.0013,0.60,1.60
2008.06.02 11:13:57.749,1.001,1.00125,0.50,0.50
2008.06.02 11:13:57.860,1.001,1.0013,0.50,3.00
2008.06.02 11:13:58.005,1.001,1.0013,0.50,2.60
2008.06.02 11:13:58.113,1.001,1.00125,0.50,0.30
2008.06.02 11:13:58.313,1.001,1.0013,0.50,2.60
2008.06.02 11:13:58.447,1.001,1.0013,0.80,0.30
2008.06.02 11:13:58.725,1.001,1.00135,1.50,0.30
2008.06.02 11:13:59.522,1.001,1.0014,1.50,1.40
2008.06.02 11:14:00.494,1.001,1.0013,1.10,2.40
2008.06.02 11:14:01.353,1.001,1.00135,1.80,0.70
2008.06.02 11:14:01.763,1.001,1.00135,2.20,0.70
2008.06.02 11:14:02.911,1.00105,1.0014,1.00,1.40
2008.06.02 11:14:03.176,1.0011,1.00135,0.50,0.70
2008.06.02 11:14:03.668,1.0011,1.0013,0.50,2.40
2008.06.02 11:14:04.303,1.001,1.0013,1.10,2.40
2008.06.02 11:14:04.462,1.001,1.00135,1.10,0.70
2008.06.02 11:14:10.439,1.001,1.0013,1.10,0.30
2008.06.02 11:14:11.676,1.001,1.0013,1.10,2.60
2008.06.02 11:14:12.034,1.001,1.00125,0.50,0.30
2008.06.02 11:14:14.845,1.00095,1.00125,0.60,0.70
2008.06.02 11:14:15.131,1.0009,1.00125,0.50,0.70
2008.06.02 11:14:15.799,1.0009,1.0012,2.80,0.30
2008.06.02 11:14:15.981,1.0009,1.0012,0.50,1.60
2008.06.02 11:14:16.154,1.0009,1.00115,0.50,0.30
2008.06.02 11:14:16.335,1.0009,1.00115,0.50,0.70
2008.06.02 11:14:16.719,1.0009,1.0011,0.50,2.40
2008.06.02 11:14:17.376,1.0009,1.00105,0.50,0.50
2008.06.02 11:14:17.611,1.00075,1.00105,0.60,0.50
2008.06.02 11:14:18.230,1.0007,1.00105,0.90,0.70
2008.06.02 11:14:18.620,1.00075,1.00105,0.60,0.70
2008.06.02 11:14:20.120,1.0007,1.00105,0.80,0.70
2008.06.02 11:14:20.522,1.0007,1.00095,0.50,0.70
2008.06.02 11:14:21.396,1.0007,1.001,2.80,0.30
2008.06.02 11:14:21.710,1.0007,1.001,0.50,2.60
2008.06.02 11:14:21.967,1.0007,1.001,2.80,0.30
2008.06.02 11:14:22.431,1.0007,1.001,0.50,2.60
2008.06.02 11:14:23.117,1.0007,1.001,1.20,2.60
2008.06.02 11:14:23.292,1.0007,1.001,1.20,0.30
2008.06.02 11:14:23.486,1.0007,1.00105,1.60,0.70
2008.06.02 11:14:23.815,1.0007,1.001,1.10,2.40
2008.06.02 11:14:24.099,1.0007,1.001,0.50,2.60
2008.06.02 11:14:24.382,1.0007,1.001,2.80,0.30
2008.06.02 11:14:24.677,1.0007,1.00105,2.10,0.70
2008.06.02 11:14:29.727,1.0007,1.00105,1.30,0.70
2008.06.02 11:14:30.006,1.0007,1.00105,1.50,0.70
2008.06.02 11:14:30.056,1.00075,1.00105,0.60,0.70
2008.06.02 11:14:30.300,1.00075,1.00105,0.60,0.30
2008.06.02 11:14:30.432,1.0008,1.00105,0.50,0.30
2008.06.02 11:14:30.909,1.0008,1.00105,0.50,0.70
2008.06.02 11:14:32.429,1.0008,1.001,0.50,0.50
2008.06.02 11:14:32.596,1.00075,1.001,0.60,0.50
2008.06.02 11:14:34.608,1.00075,1.00095,0.60,0.50
2008.06.02 11:14:34.794,1.0007,1.00095,0.60,0.50
2008.06.02 11:14:35.930,1.0007,1.001,0.60,1.20
2008.06.02 11:14:36.124,1.0007,1.001,1.10,1.40
2008.06.02 11:14:36.416,1.0007,1.00095,1.10,0.50
2008.06.02 11:14:36.675,1.0007,1.00095,0.50,0.50
2008.06.02 11:14:39.464,1.0007,1.001,0.50,2.80
2008.06.02 11:14:41.917,1.0007,1.00095,0.50,0.50
2008.06.02 11:14:42.321,1.0007,1.00095,0.50,0.70
2008.06.02 11:14:52.043,1.0007,1.00095,0.50,0.50
2008.06.02 11:15:12.134,1.0007,1.0009,0.50,1.00
2008.06.02 11:15:12.196,1.0007,1.0009,0.50,2.30
2008.06.02 11:15:12.285,1.0006,1.00085,0.60,0.50
2008.06.02 11:15:12.436,1.00055,1.00085,0.60,0.50
2008.06.02 11:15:12.646,1.00055,1.00085,0.60,0.70
2008.06.02 11:15:12.753,1.00055,1.0008,0.60,2.40
2008.06.02 11:15:27.780,1.0006,1.0008,0.50,2.40
2008.06.02 11:15:29.066,1.0006,1.0009,0.50,0.70
2008.06.02 11:15:29.747,1.0006,1.0008,0.50,2.40
2008.06.02 11:15:35.237,1.0006,1.0009,2.80,0.50
2008.06.02 11:15:56.212,1.0006,1.0009,0.50,0.80
2008.06.02 11:15:56.266,1.0006,1.0009,0.60,1.80
2008.06.02 11:15:56.655,1.0006,1.00095,2.30,0.30
2008.06.02 11:15:56.966,1.0007,1.00095,2.80,0.30
2008.06.02 11:15:57.559,1.0007,1.001,2.80,2.40
2008.06.02 11:16:06.331,1.0007,1.001,2.80,0.80
2008.06.02 11:16:06.452,1.0007,1.001,2.80,2.50
2008.06.02 11:16:10.865,1.0007,1.00095,2.80,0.30
2008.06.02 11:16:14.352,1.0007,1.00095,1.80,0.30
2008.06.02 11:16:14.460,1.0007,1.001,1.00,3.10
2008.06.02 11:16:14.563,1.0007,1.001,1.00,1.90
2008.06.02 11:16:14.683,1.0007,1.00105,1.20,0.30
2008.06.02 11:16:14.995,1.0007,1.00105,0.70,0.70
2008.06.02 11:16:15.122,1.0007,1.001,2.80,2.10
2008.06.02 11:16:15.291,1.0007,1.001,2.80,3.00
2008.06.02 11:16:17.301,1.0007,1.001,2.80,1.80
2008.06.02 11:16:17.530,1.0007,1.001,2.80,0.50
2008.06.02 11:16:17.683,1.0007,1.001,1.50,0.30
2008.06.02 11:16:19.130,1.0008,1.00105,0.50,0.30
2008.06.02 11:16:20.003,1.0008,1.0011,0.50,2.60
2008.06.02 11:16:22.421,1.0008,1.0011,0.80,2.60
2008.06.02 11:16:22.630,1.0008,1.0011,1.60,2.60
2008.06.02 11:16:23.002,1.0008,1.00115,1.30,0.30
2008.06.02 11:16:23.140,1.00085,1.00115,0.50,0.30
2008.06.02 11:16:23.265,1.0009,1.00115,2.40,0.30
2008.06.02 11:16:23.380,1.0009,1.00115,2.80,0.30
2008.06.02 11:16:23.496,1.0009,1.0012,2.80,0.30
2008.06.02 11:16:24.265,1.0009,1.0012,2.80,1.50
2008.06.02 11:16:24.505,1.0009,1.00115,2.80,0.30
2008.06.02 11:16:24.966,1.0009,1.0012,2.80,1.00
2008.06.02 11:16:26.499,1.0009,1.0011,0.50,2.40
2008.06.02 11:16:27.280,1.0009,1.0011,0.50,2.80
2008.06.02 11:16:27.493,1.0009,1.0011,0.50,2.80
2008.06.02 11:16:27.697,1.0009,1.0011,0.50,0.90
2008.06.02 11:16:27.901,1.0009,1.0011,0.50,2.40
2008.06.02 11:16:29.868,1.0009,1.00115,2.80,0.30
2008.06.02 11:16:30.078,1.0009,1.00115,0.50,0.30
2008.06.02 11:16:30.630,1.0009,1.00115,0.50,0.70
2008.06.02 11:16:31.211,1.0009,1.00115,0.50,0.30
2008.06.02 11:16:31.512,1.0009,1.0012,0.50,0.80
2008.06.02 11:16:33.728,1.0009,1.00115,0.50,0.50
2008.06.02 11:16:34.015,1.0009,1.00115,0.50,0.70
2008.06.02 11:16:35.680,1.0009,1.0011,0.50,0.50
2008.06.02 11:16:35.791,1.0009,1.0011,0.50,2.40
2008.06.02 11:16:36.735,1.0009,1.0011,0.50,2.40
2008.06.02 11:16:45.053,1.0009,1.0011,0.50,1.50
2008.06.02 11:17:00.614,1.0009,1.0011,0.50,3.00
2008.06.02 11:17:00.897,1.0009,1.0011,0.50,2.60
2008.06.02 11:17:01.045,1.0009,1.0011,0.50,2.40
2008.06.02 11:17:02.734,1.0009,1.0011,0.50,2.80
2008.06.02 11:17:02.935,1.0009,1.0011,0.50,0.90
2008.06.02 11:17:04.691,1.0009,1.0011,0.50,2.70
2008.06.02 11:17:30.158,1.0009,1.0011,0.50,1.30
2008.06.02 11:17:30.244,1.0009,1.0011,0.50,0.80
2008.06.02 11:17:30.490,1.0009,1.0011,0.50,2.10
2008.06.02 11:17:30.698,1.0009,1.00115,2.80,0.70
2008.06.02 11:17:30.798,1.0009,1.00115,2.80,0.30
2008.06.02 11:17:32.083,1.0009,1.0012,2.80,2.20
2008.06.02 11:17:33.678,1.0009,1.0012,2.80,2.30
2008.06.02 11:17:33.808,1.0009,1.0012,2.80,0.60
2008.06.02 11:17:33.924,1.001,1.00125,0.50,0.70
2008.06.02 11:17:34.089,1.001,1.00125,0.50,0.30
2008.06.02 11:17:34.373,1.001,1.0013,0.50,2.40
2008.06.02 11:17:34.493,1.001,1.0013,0.50,2.60
2008.06.02 11:17:35.111,1.001,1.0013,1.10,2.60
2008.06.02 11:17:35.994,1.001,1.0013,1.10,2.40
2008.06.02 11:17:37.243,1.00105,1.00135,0.50,0.30
2008.06.02 11:17:37.322,1.00105,1.0014,1.00,0.70
2008.06.02 11:17:37.382,1.0011,1.0014,0.50,1.30
2008.06.02 11:17:37.966,1.0011,1.0014,0.90,1.20
2008.06.02 11:17:49.462,1.0011,1.0014,1.70,1.30
2008.06.02 11:17:49.700,1.0012,1.0014,2.80,1.60
2008.06.02 11:17:50.678,1.0012,1.0014,0.50,1.60
2008.06.02 11:17:50.810,1.0012,1.0014,0.50,1.20
2008.06.02 11:17:53.439,1.0012,1.0014,0.50,0.80
2008.06.02 11:17:54.583,1.0012,1.0014,0.50,0.70
2008.06.02 11:17:54.720,1.0012,1.0014,2.80,1.60
2008.06.02 11:18:00.378,1.0012,1.0014,0.60,1.60
2008.06.02 11:18:03.535,1.0012,1.0015,1.40,2.00
2008.06.02 11:18:05.012,1.0012,1.0014,1.70,1.60
2008.06.02 11:18:09.773,1.0012,1.0015,0.90,2.00
2008.06.02 11:18:12.413,1.0012,1.0015,0.80,1.60
2008.06.02 11:18:12.530,1.0012,1.0015,2.20,1.60
2008.06.02 11:18:12.649,1.0012,1.0015,1.20,1.60
2008.06.02 11:18:15.284,1.0012,1.0015,1.10,1.60
2008.06.02 11:18:16.565,1.0013,1.0015,0.50,1.60
2008.06.02 11:18:17.204,1.0013,1.0015,0.50,2.00
2008.06.02 11:18:18.135,1.0012,1.0015,2.40,2.30
2008.06.02 11:18:18.276,1.0013,1.0015,0.50,2.00
2008.06.02 11:18:18.951,1.0013,1.0015,0.50,1.60
2008.06.02 11:18:20.452,1.0013,1.0015,0.50,1.60
2008.06.02 11:18:23.874,1.00125,1.0015,0.60,1.60
2008.06.02 11:18:23.973,1.0012,1.0015,1.20,1.60
2008.06.02 11:18:24.380,1.0013,1.0015,0.50,1.60
2008.06.02 11:18:30.185,1.0013,1.0016,0.50,2.30
2008.06.02 11:18:30.581,1.0014,1.0016,0.50,2.00
2008.06.02 11:18:30.697,1.0013,1.0016,0.50,2.00
2008.06.02 11:18:30.802,1.0013,1.0016,0.50,2.30
2008.06.02 11:18:31.471,1.0013,1.0016,1.10,2.30
2008.06.02 11:18:31.670,1.0014,1.0016,0.50,1.80
2008.06.02 11:18:31.869,1.0014,1.0016,0.50,2.30
2008.06.02 11:18:32.059,1.0014,1.0016,0.50,2.00
2008.06.02 11:18:32.576,1.0014,1.0016,0.50,2.30
2008.06.02 11:18:33.016,1.0014,1.0016,0.50,1.80
2008.06.02 11:18:33.487,1.0014,1.0016,0.50,1.60
2008.06.02 11:18:36.036,1.0014,1.0016,0.50,2.00
2008.06.02 11:18:36.197,1.00125,1.0016,0.60,2.30
2008.06.02 11:18:36.489,1.0013,1.0016,0.50,1.80
2008.06.02 11:18:36.690,1.0013,1.0016,0.60,2.30
2008.06.02 11:18:37.445,1.0013,1.0016,1.10,2.30
2008.06.02 11:18:37.668,1.0013,1.0016,0.50,2.30
2008.06.02 11:18:39.629,1.0014,1.0016,0.50,2.30
2008.06.02 11:18:40.043,1.0014,1.0016,0.50,2.00
2008.06.02 11:18:40.158,1.0014,1.0016,0.50,1.60
2008.06.02 11:18:43.259,1.0014,1.00165,2.80,0.30
2008.06.02 11:18:43.379,1.0015,1.00165,0.50,0.30
2008.06.02 11:18:43.507,1.0015,1.0017,0.50,1.60
2008.06.02 11:18:43.947,1.0015,1.0017,0.50,1.80
2008.06.02 11:18:45.043,1.0015,1.0017,0.50,1.60
2008.06.02 11:18:45.226,1.0015,1.0017,0.50,1.20
2008.06.02 11:18:46.064,1.0014,1.0017,1.10,1.00
2008.06.02 11:18:46.211,1.0014,1.0017,0.50,2.30
2008.06.02 11:18:47.150,1.0014,1.0017,0.50,0.80
2008.06.02 11:18:47.433,1.0014,1.00165,0.50,0.50
2008.06.02 11:18:47.856,1.0014,1.0017,0.80,1.80
2008.06.02 11:18:48.024,1.0015,1.0017,0.50,2.50
2008.06.02 11:18:48.113,1.0015,1.0017,0.50,1.30
2008.06.02 11:18:49.206,1.0015,1.0017,0.50,0.70
2008.06.02 11:18:50.895,1.0014,1.0017,1.10,1.20
2008.06.02 11:18:51.112,1.0014,1.00165,0.50,0.50
2008.06.02 11:18:51.359,1.0014,1.0016,0.50,2.60
2008.06.02 11:18:54.242,1.0014,1.0016,0.50,2.40
2008.06.02 11:18:55.175,1.0014,1.00165,0.50,0.70
2008.06.02 11:18:55.446,1.0014,1.00165,0.50,0.30
2008.06.02 11:18:55.646,1.0014,1.00165,0.50,0.50
2008.06.02 11:18:55.831,1.0014,1.0016,0.50,0.50
2008.06.02 11:18:56.012,1.0013,1.00165,0.50,0.30
2008.06.02 11:18:56.277,1.0014,1.0016,0.50,2.40
2008.06.02 11:18:56.619,1.0014,1.00165,0.50,0.30
2008.06.02 11:18:58.394,1.0014,1.0016,0.50,2.40
2008.06.02 11:18:59.052,1.0014,1.00165,0.50,0.30
2008.06.02 11:18:59.283,1.0015,1.0017,0.50,2.40
2008.06.02 11:18:59.755,1.0015,1.0017,0.50,1.40
2008.06.02 11:19:00.017,1.0015,1.0017,0.50,1.80
2008.06.02 11:19:00.279,1.0016,1.0018,0.50,0.50
2008.06.02 11:19:00.533,1.0015,1.00175,2.80,0.50
2008.06.02 11:19:01.196,1.0016,1.0018,0.50,2.60
2008.06.02 11:19:01.556,1.0016,1.00175,0.50,0.30
2008.06.02 11:19:01.896,1.0016,1.0018,0.50,2.60
2008.06.02 11:19:02.072,1.0016,1.0018,0.50,0.80
2008.06.02 11:19:02.256,1.0015,1.0017,0.50,2.40
2008.06.02 11:19:02.629,1.0015,1.00175,0.50,0.30
2008.06.02 11:19:02.913,1.0015,1.0018,0.50,2.70
2008.06.02 11:19:03.203,1.0015,1.00175,0.50,0.30
2008.06.02 11:19:04.152,1.0015,1.0017,0.50,2.40
2008.06.02 11:19:04.972,1.0015,1.00175,0.50,0.30
2008.06.02 11:19:05.905,1.0015,1.00175,0.50,0.70
2008.06.02 11:19:06.183,1.0015,1.0017,0.50,2.40
2008.06.02 11:19:06.476,1.0015,1.0017,0.50,0.70
2008.06.02 11:19:06.905,1.0014,1.00165,1.10,0.50
2008.06.02 11:19:07.204,1.0015,1.00175,0.50,0.30
2008.06.02 11:19:08.271,1.0015,1.0017,0.50,2.40
2008.06.02 11:19:08.604,1.0015,1.0017,0.50,0.90
2008.06.02 11:19:08.739,1.0015,1.0017,0.50,1.80
2008.06.02 11:19:09.034,1.0015,1.0016,0.50,2.40
2008.06.02 11:19:09.363,1.0015,1.0017,0.50,0.70
2008.06.02 11:19:10.060,1.0015,1.0017,0.50,2.60
2008.06.02 11:19:11.118,1.0015,1.0017,0.50,0.80
2008.06.02 11:19:12.117,1.0015,1.0017,0.50,2.60
2008.06.02 11:19:14.938,1.0015,1.0017,0.50,2.40
2008.06.02 11:19:15.367,1.0015,1.00175,2.80,0.30
2008.06.02 11:19:16.058,1.0015,1.00175,0.50,0.30
2008.06.02 11:19:16.337,1.0015,1.0018,0.50,0.80
2008.06.02 11:19:16.465,1.0015,1.0018,0.50,1.40
2008.06.02 11:19:16.586,1.0015,1.0018,2.80,2.60
2008.06.02 11:19:17.939,1.00155,1.0018,0.50,2.60
2008.06.02 11:19:18.185,1.0016,1.0018,0.50,2.60
2008.06.02 11:19:18.310,1.0016,1.0018,0.50,2.40
2008.06.02 11:19:19.976,1.0016,1.00185,0.50,0.30
2008.06.02 11:19:20.066,1.0016,1.00185,0.80,0.30
2008.06.02 11:19:20.154,1.0017,1.00185,0.50,0.30
2008.06.02 11:19:20.267,1.0017,1.0019,0.50,1.70
2008.06.02 11:19:20.414,1.0017,1.0019,0.50,1.90
2008.06.02 11:19:21.645,1.0017,1.0019,0.50,3.30
2008.06.02 11:19:23.204,1.0017,1.0019,0.50,1.70
2008.06.02 11:19:23.252,1.0017,1.0019,0.50,2.70
2008.06.02 11:19:24.454,1.0017,1.0018,0.50,0.50
2008.06.02 11:19:24.556,1.00155,1.0018,0.60,0.50
2008.06.02 11:19:24.670,1.00155,1.0018,0.60,1.40
2008.06.02 11:19:24.777,1.0015,1.0018,1.10,1.80
2008.06.02 11:19:25.214,1.0015,1.0018,0.50,0.70
2008.06.02 11:19:26.997,1.0015,1.0017,1.10,2.40
2008.06.02 11:19:35.808,1.0015,1.0018,1.80,1.70
2008.06.02 11:19:41.140,1.0015,1.0018,0.70,1.50
2008.06.02 11:19:41.413,1.0016,1.0018,0.50,1.50
2008.06.02 11:19:42.108,1.0016,1.0018,0.50,1.00
2008.06.02 11:19:42.282,1.0016,1.0018,0.50,0.30
2008.06.02 11:19:42.462,1.0016,1.00185,0.50,0.70
2008.06.02 11:19:42.636,1.0016,1.00185,0.50,0.50
2008.06.02 11:19:54.931,1.0016,1.0019,0.50,2.30
2008.06.02 11:19:55.171,1.0016,1.0019,0.50,4.10
2008.06.02 11:19:57.210,1.0016,1.00185,0.50,0.50
2008.06.02 11:19:58.626,1.0016,1.0019,2.80,0.60
2008.06.02 11:19:58.797,1.0017,1.0019,0.50,2.00
2008.06.02 11:20:00.523,1.0017,1.0019,0.50,0.90
2008.06.02 11:20:00.635,1.0016,1.0019,0.50,2.00
2008.06.02 11:20:02.296,1.0016,1.00185,0.50,0.50
2008.06.02 11:20:02.597,1.0016,1.00185,0.50,0.70
2008.06.02 11:20:07.716,1.0016,1.00185,0.50,0.30
2008.06.02 11:20:08.749,1.0016,1.00185,0.50,0.70
2008.06.02 11:20:09.061,1.0016,1.0018,0.50,0.30
2008.06.02 11:20:09.961,1.0016,1.0018,0.50,0.70
2008.06.02 11:20:10.702,1.0016,1.0018,0.50,0.30
2008.06.02 11:20:10.916,1.0016,1.00185,0.50,0.70
2008.06.02 11:20:11.676,1.0016,1.0018,0.50,0.50
2008.06.02 11:20:11.943,1.0016,1.00185,0.50,0.70
2008.06.02 11:20:14.578,1.0016,1.00185,0.50,0.30
2008.06.02 11:20:15.714,1.0016,1.00185,0.50,0.70
2008.06.02 11:20:16.026,1.0016,1.0018,0.50,2.60
2008.06.02 11:20:17.498,1.0016,1.0018,0.50,1.80
2008.06.02 11:20:17.677,1.0016,1.0018,0.50,2.60
2008.06.02 11:20:17.855,1.0017,1.0019,0.50,3.00
2008.06.02 11:20:18.034,1.0017,1.0019,0.50,1.50
2008.06.02 11:20:18.223,1.0017,1.0019,0.50,5.20
2008.06.02 11:20:18.411,1.0016,1.0019,1.10,2.90
2008.06.02 11:20:18.584,1.0016,1.0019,1.10,2.90
2008.06.02 11:20:19.123,1.0016,1.0017,1.10,2.40
2008.06.02 11:20:19.368,1.0017,1.0019,0.50,2.50
2008.06.02 11:20:20.297,1.0016,1.0019,0.50,1.00
2008.06.02 11:20:20.748,1.0018,1.0019,0.50,0.30
2008.06.02 11:20:20.903,1.0018,1.00195,0.50,0.30
2008.06.02 11:20:22.101,1.0018,1.002,0.50,1.70
2008.06.02 11:20:22.568,1.0018,1.00195,0.50,0.30
2008.06.02 11:20:22.721,1.0018,1.002,0.50,1.80
2008.06.02 11:20:22.865,1.0019,1.002,0.50,0.30
2008.06.02 11:20:23.002,1.0019,1.00205,0.50,0.30
2008.06.02 11:20:23.148,1.0018,1.00205,0.50,0.70
2008.06.02 11:20:23.534,1.0018,1.002,0.50,0.30
2008.06.02 11:20:24.869,1.0018,1.00205,0.50,0.70
2008.06.02 11:20:25.105,1.0018,1.00205,0.50,0.30
2008.06.02 11:20:25.284,1.0019,1.00205,0.50,0.30
2008.06.02 11:20:44.481,1.0018,1.00205,0.50,0.30
2008.06.02 11:20:45.243,1.0018,1.0021,0.50,1.10
2008.06.02 11:20:52.263,1.0018,1.00205,0.50,0.30
2008.06.02 11:20:54.239,1.0018,1.00205,0.50,0.70
2008.06.02 11:20:55.244,1.0018,1.00205,0.50,0.30
2008.06.02 11:20:55.469,1.0018,1.00205,0.50,0.70
2008.06.02 11:20:56.723,1.0018,1.00205,0.50,0.30
2008.06.02 11:20:56.842,1.0019,1.00205,0.50,0.30
2008.06.02 11:20:57.281,1.0019,1.00205,0.50,0.70
2008.06.02 11:20:57.420,1.0018,1.00205,0.50,0.70
2008.06.02 11:20:57.538,1.0017,1.0019,0.50,2.40
2008.06.02 11:20:57.980,1.0017,1.00195,0.50,0.30
2008.06.02 11:20:58.175,1.0017,1.002,0.50,0.70
2008.06.02 11:20:59.324,1.0017,1.00195,0.50,0.30
2008.06.02 11:20:59.876,1.0017,1.0019,0.50,0.50
2008.06.02 11:20:59.942,1.0016,1.0019,0.50,0.70
2008.06.02 11:21:00.427,1.0016,1.00185,0.50,0.30
2008.06.02 11:21:02.124,1.0016,1.00185,0.50,0.70
2008.06.02 11:21:02.924,1.0016,1.00185,0.50,0.30
2008.06.02 11:21:03.045,1.0016,1.0019,0.50,0.60
2008.06.02 11:21:04.271,1.0016,1.00185,0.50,0.50
2008.06.02 11:21:04.400,1.00155,1.0018,0.60,2.40
2008.06.02 11:21:04.530,1.0015,1.0018,1.30,2.40
2008.06.02 11:21:05.802,1.0015,1.0018,1.90,2.60
2008.06.02 11:21:05.957,1.0015,1.0018,2.30,2.40
2008.06.02 11:21:06.169,1.0015,1.0018,1.20,2.40
2008.06.02 11:21:06.529,1.0015,1.0018,2.80,2.60
2008.06.02 11:21:07.351,1.0015,1.0018,0.70,2.60
2008.06.02 11:21:07.579,1.0015,1.0018,1.80,2.40
2008.06.02 11:21:08.070,1.0015,1.0018,0.90,2.40
2008.06.02 11:21:08.388,1.0015,1.0018,2.80,2.60
2008.06.02 11:21:11.270,1.0015,1.0018,2.80,0.30
2008.06.02 11:21:11.711,1.0015,1.0018,0.90,0.30
2008.06.02 11:21:11.969,1.0015,1.0018,2.00,0.70
2008.06.02 11:21:12.262,1.0015,1.0018,1.90,0.60
2008.06.02 11:21:12.541,1.0015,1.0018,0.90,0.70
2008.06.02 11:21:12.820,1.0015,1.0018,1.20,0.30
2008.06.02 11:21:15.192,1.0015,1.0018,3.00,0.30
2008.06.02 11:21:15.220,1.0015,1.0018,2.10,0.30
2008.06.02 11:21:15.257,1.0015,1.0018,3.10,0.30
2008.06.02 11:21:15.318,1.0016,1.0018,0.50,0.30
2008.06.02 11:21:15.529,1.0016,1.00185,0.50,0.30
2008.06.02 11:21:16.189,1.0016,1.00185,0.50,0.70
2008.06.02 11:21:24.408,1.0015,1.0018,1.60,2.40
2008.06.02 11:21:29.132,1.0015,1.0017,2.80,2.40
2008.06.02 11:21:29.776,1.0015,1.0018,2.80,1.00
2008.06.02 11:21:30.004,1.0015,1.0018,1.90,2.80
2008.06.02 11:21:30.256,1.0015,1.00185,2.80,0.70
2008.06.02 11:21:32.113,1.0015,1.00185,2.10,0.70
2008.06.02 11:21:32.165,1.0016,1.00185,0.50,0.70
2008.06.02 11:21:32.231,1.0016,1.00185,0.50,0.50
2008.06.02 11:21:32.330,1.0016,1.0018,0.50,2.40
2008.06.02 11:21:32.478,1.00155,1.0018,0.60,2.40
2008.06.02 11:21:32.564,1.00155,1.00185,0.60,0.50
2008.06.02 11:21:32.742,1.0016,1.00185,0.50,0.50
2008.06.02 11:21:39.245,1.0016,1.0018,0.50,0.50
2008.06.02 11:21:39.407,1.00155,1.0018,0.60,0.50
2008.06.02 11:21:39.474,1.0015,1.0018,1.00,2.80
2008.06.02 11:21:42.540,1.00145,1.0017,0.60,3.40
2008.06.02 11:21:42.688,1.0014,1.0017,1.90,0.70
2008.06.02 11:21:42.823,1.0015,1.0017,1.20,2.10
2008.06.02 11:21:42.972,1.00155,1.0017,0.60,2.40
2008.06.02 11:21:43.147,1.0016,1.0019,0.50,1.30
2008.06.02 11:21:43.962,1.0016,1.00185,0.50,0.70
2008.06.02 11:21:44.811,1.0015,1.0018,0.90,0.50
2008.06.02 11:21:44.934,1.0015,1.0018,0.60,2.80
2008.06.02 11:21:46.955,1.00145,1.0017,0.60,4.10
2008.06.02 11:21:47.111,1.0014,1.0017,1.90,1.90
2008.06.02 11:21:47.273,1.0014,1.0017,1.90,1.00
2008.06.02 11:21:47.439,1.0014,1.0017,1.90,0.50
2008.06.02 11:21:47.597,1.00145,1.00175,0.60,0.30
2008.06.02 11:21:48.125,1.0014,1.00175,2.30,0.30
2008.06.02 11:21:48.784,1.0014,1.0017,1.90,0.50
2008.06.02 11:21:48.881,1.0014,1.0017,1.90,1.20
2008.06.02 11:21:48.983,1.0014,1.0017,1.90,3.40
2008.06.02 11:21:49.085,1.0014,1.0017,1.20,3.60
2008.06.02 11:21:53.287,1.0014,1.0016,1.20,0.50
2008.06.02 11:21:53.371,1.0014,1.0016,0.50,2.80
2008.06.02 11:21:53.470,1.0014,1.0016,0.50,2.30
2008.06.02 11:21:53.551,1.0014,1.0016,0.50,3.10
2008.06.02 11:21:53.788,1.0014,1.0016,0.50,1.70
2008.06.02 11:21:53.870,1.0014,1.0016,0.50,2.60
2008.06.02 11:21:54.008,1.0014,1.0016,0.50,2.40
2008.06.02 11:21:55.728,1.0014,1.0016,0.80,2.40
2008.06.02 11:21:55.834,1.0014,1.00165,0.80,0.30
2008.06.02 11:21:55.971,1.0014,1.0017,1.50,2.40
2008.06.02 11:21:56.020,1.0015,1.0017,0.50,2.40
2008.06.02 11:21:56.422,1.0015,1.00175,2.80,0.30
2008.06.02 11:21:56.628,1.0015,1.0018,2.80,0.30
2008.06.02 11:22:00.351,1.0015,1.0018,1.70,0.30
2008.06.02 11:22:01.200,1.0015,1.0018,2.30,0.30
2008.06.02 11:22:01.458,1.0016,1.0018,0.50,0.30
2008.06.02 11:22:02.001,1.0016,1.00185,0.50,0.30
2008.06.02 11:22:04.253,1.0016,1.00185,0.50,0.70
2008.06.02 11:22:04.636,1.0016,1.00185,0.50,0.30
2008.06.02 11:22:04.774,1.0016,1.00185,0.50,0.70
2008.06.02 11:22:05.027,1.0016,1.0018,0.50,0.30
2008.06.02 11:22:05.736,1.0016,1.00185,0.50,0.70
2008.06.02 11:22:08.548,1.0016,1.00185,0.50,0.30
2008.06.02 11:22:09.770,1.0016,1.00185,0.80,0.30
2008.06.02 11:22:10.011,1.0016,1.0019,0.80,0.80
2008.06.02 11:22:10.717,1.0016,1.00185,0.80,0.30
2008.06.02 11:22:10.898,1.0016,1.00185,0.50,0.30
2008.06.02 11:22:14.586,1.0016,1.00185,0.80,0.30
2008.06.02 11:22:14.839,1.0016,1.0019,1.50,0.60
2008.06.02 11:22:16.763,1.0016,1.0019,2.30,1.00
2008.06.02 11:22:16.966,1.0016,1.0019,2.50,1.90
2008.06.02 11:22:17.879,1.0016,1.0019,0.80,1.70
2008.06.02 11:22:18.103,1.0016,1.00185,1.50,0.70
2008.06.02 11:22:18.241,1.0016,1.00185,0.50,0.70
2008.06.02 11:22:23.413,1.0015,1.00185,1.80,0.70
2008.06.02 11:22:23.876,1.0016,1.00185,0.50,0.70
2008.06.02 11:22:24.527,1.0016,1.00185,1.20,0.30
2008.06.02 11:22:25.105,1.0016,1.00185,0.50,0.30
2008.06.02 11:22:25.364,1.0016,1.00185,0.50,0.70
2008.06.02 11:22:25.621,1.0016,1.0019,0.50,1.00
2008.06.02 11:22:25.878,1.0016,1.0019,0.50,2.10
2008.06.02 11:22:28.454,1.0016,1.00185,0.50,0.50
2008.06.02 11:22:28.679,1.0016,1.00185,0.50,0.70
2008.06.02 11:22:29.778,1.0016,1.00185,0.50,0.30
2008.06.02 11:22:30.270,1.0016,1.0019,0.50,4.40
2008.06.02 11:22:30.417,1.0016,1.0019,0.50,1.50
2008.06.02 11:22:32.136,1.0016,1.0019,1.20,1.60
2008.06.02 11:22:32.454,1.0016,1.00185,0.90,0.30
2008.06.02 11:22:32.534,1.0016,1.00185,2.40,0.30
2008.06.02 11:22:33.509,1.0016,1.00185,0.90,0.30
2008.06.02 11:22:33.779,1.0016,1.00185,0.50,0.30
2008.06.02 11:22:39.391,1.0016,1.00185,0.80,0.30
2008.06.02 11:22:39.646,1.0016,1.0019,1.50,1.60
2008.06.02 11:22:39.949,1.0016,1.0019,1.10,1.40
2008.06.02 11:22:40.237,1.0016,1.0019,0.50,3.70
2008.06.02 11:22:41.342,1.0016,1.0019,1.10,4.00
2008.06.02 11:22:42.308,1.0016,1.00185,1.10,0.50
2008.06.02 11:22:42.557,1.0016,1.00185,0.50,0.50
2008.06.02 11:22:43.351,1.0016,1.0018,0.50,0.50
2008.06.02 11:22:43.627,1.0016,1.0018,0.50,2.60
2008.06.02 11:22:43.906,1.00165,1.0018,0.50,1.80
2008.06.02 11:22:44.059,1.0017,1.00185,0.50,0.30
2008.06.02 11:22:44.336,1.0017,1.00185,0.50,0.50
2008.06.02 11:22:44.557,1.0015,1.00185,2.20,0.50
2008.06.02 11:22:44.964,1.0015,1.0019,0.90,1.90
2008.06.02 11:22:45.062,1.00155,1.0019,0.60,0.60
2008.06.02 11:22:45.767,1.00155,1.0018,0.60,0.50
2008.06.02 11:22:46.006,1.00155,1.0018,0.60,2.60
2008.06.02 11:22:46.252,1.0015,1.0018,0.70,0.60
2008.06.02 11:22:50.872,1.0016,1.0018,0.50,1.00
2008.06.02 11:22:50.996,1.0016,1.00185,0.50,0.30
2008.06.02 11:22:51.067,1.0016,1.0019,0.50,0.80
2008.06.02 11:22:51.139,1.0016,1.0019,0.80,1.90
2008.06.02 11:22:51.321,1.0016,1.0019,0.50,0.60
2008.06.02 11:22:51.434,1.0016,1.0019,0.50,0.90
2008.06.02 11:22:51.593,1.0016,1.0019,1.10,1.30
2008.06.02 11:22:56.119,1.0016,1.0019,1.10,1.30
2008.06.02 11:22:56.352,1.0016,1.0018,1.10,0.50
2008.06.02 11:22:56.491,1.0016,1.00185,1.10,0.50
2008.06.02 11:22:56.782,1.0016,1.00185,0.50,0.50
2008.06.02 11:22:56.958,1.0016,1.0018,0.50,1.90
2008.06.02 11:23:04.662,1.0016,1.00185,0.50,0.70
2008.06.02 11:23:05.656,1.0016,1.00185,0.50,0.30
2008.06.02 11:23:05.928,1.0016,1.0019,0.50,3.70
2008.06.02 11:23:06.064,1.0016,1.00185,0.50,0.50
2008.06.02 11:23:06.402,1.0016,1.0018,0.50,0.50
2008.06.02 11:23:06.572,1.0015,1.0018,1.10,0.50
2008.06.02 11:23:07.109,1.0015,1.0017,0.50,0.50
2008.06.02 11:23:07.315,1.0015,1.00175,0.50,0.50
2008.06.02 11:23:07.569,1.0015,1.0018,0.50,2.40
2008.06.02 11:23:07.773,1.0015,1.0018,0.50,1.50
2008.06.02 11:23:09.022,1.0015,1.00175,0.50,0.50
2008.06.02 11:23:09.480,1.0015,1.0018,0.50,1.50
2008.06.02 11:23:10.478,1.0015,1.00175,0.50,0.50
2008.06.02 11:23:10.727,1.0015,1.0018,0.50,4.00
2008.06.02 11:23:10.986,1.0015,1.00175,0.50,0.50
2008.06.02 11:23:13.945,1.0015,1.0018,0.50,4.00
2008.06.02 11:23:14.224,1.0015,1.0018,0.50,3.60
2008.06.02 11:23:14.819,1.0015,1.0018,0.50,3.90
2008.06.02 11:23:15.537,1.0015,1.00175,0.50,0.30
2008.06.02 11:23:16.091,1.0015,1.00175,2.80,0.30
2008.06.02 11:23:16.189,1.0015,1.0018,2.80,1.20
2008.06.02 11:23:17.910,1.0015,1.00175,2.80,0.50
2008.06.02 11:23:18.066,1.0015,1.00175,0.50,0.50
2008.06.02 11:23:18.359,1.0015,1.00175,0.50,0.70
2008.06.02 11:23:18.811,1.00145,1.0017,0.60,2.40
2008.06.02 11:23:19.051,1.0014,1.0017,1.00,2.40
2008.06.02 11:23:19.408,1.00135,1.0016,1.00,1.10
2008.06.02 11:23:19.916,1.00135,1.0016,0.60,0.90
2008.06.02 11:23:20.186,1.0013,1.0016,1.40,0.30
2008.06.02 11:23:20.690,1.0013,1.00165,1.70,0.30
2008.06.02 11:23:21.207,1.0013,1.0016,0.50,0.30
2008.06.02 11:23:21.486,1.0013,1.00165,2.30,0.30
2008.06.02 11:23:21.965,1.0013,1.00165,1.40,0.70
2008.06.02 11:23:22.186,1.0013,1.0016,2.00,2.30
2008.06.02 11:23:22.323,1.0013,1.0016,2.80,1.00
2008.06.02 11:23:23.011,1.0013,1.0016,0.90,0.90
2008.06.02 11:23:23.274,1.0013,1.00165,0.80,0.30
2008.06.02 11:23:29.281,1.0013,1.00165,1.00,0.30
2008.06.02 11:23:30.036,1.00135,1.00165,0.60,0.30
2008.06.02 11:23:30.999,1.0014,1.00165,0.50,0.30
2008.06.02 11:23:31.344,1.0014,1.00165,0.50,0.70
2008.06.02 11:23:31.743,1.0014,1.00165,0.50,0.50
2008.06.02 11:23:31.863,1.0014,1.00165,0.50,0.70
2008.06.02 11:23:32.494,1.0014,1.00165,0.50,0.30
2008.06.02 11:23:32.783,1.0014,1.0017,0.50,0.30
2008.06.02 11:23:34.495,1.0014,1.00165,0.50,0.50
2008.06.02 11:23:35.255,1.0014,1.00165,0.50,0.70
2008.06.02 11:23:35.574,1.0014,1.00165,0.50,0.30
2008.06.02 11:23:35.805,1.0014,1.0017,0.50,0.30
2008.06.02 11:23:36.854,1.0014,1.00165,0.50,0.50
2008.06.02 11:23:37.192,1.0014,1.00165,0.50,0.70
2008.06.02 11:23:37.932,1.0014,1.00165,0.50,0.30
2008.06.02 11:23:38.271,1.0014,1.0017,0.50,0.30
2008.06.02 11:23:42.389,1.0014,1.0017,0.80,0.30
2008.06.02 11:23:42.973,1.00145,1.0017,0.50,0.30
2008.06.02 11:23:43.049,1.00145,1.00175,0.50,0.30
2008.06.02 11:23:44.473,1.0014,1.00175,1.50,0.30
2008.06.02 11:23:44.954,1.00145,1.00175,0.60,0.30
2008.06.02 11:23:45.037,1.00145,1.00175,1.00,0.30
2008.06.02 11:23:45.691,1.00145,1.0018,1.00,0.30
2008.06.02 11:23:56.691,1.0015,1.0018,2.40,0.30
2008.06.02 11:23:57.992,1.0015,1.0018,2.40,0.70
2008.06.02 11:23:59.153,1.00145,1.0018,0.60,0.70
2008.06.02 11:24:00.057,1.0015,1.0018,2.40,0.70
2008.06.02 11:24:00.300,1.0015,1.00185,2.20,0.30
2008.06.02 11:24:01.600,1.00155,1.00185,0.50,0.30
2008.06.02 11:24:01.679,1.0016,1.00185,2.40,0.30
2008.06.02 11:24:01.750,1.0016,1.00185,2.80,0.30
2008.06.02 11:24:04.181,1.0017,1.0019,0.50,0.80
2008.06.02 11:24:05.720,1.0016,1.0019,2.00,0.80
2008.06.02 11:24:05.914,1.0016,1.0019,0.80,1.00
2008.06.02 11:24:06.250,1.0017,1.0019,2.80,1.00
2008.06.02 11:24:06.429,1.0017,1.00195,1.70,0.30
2008.06.02 11:24:06.767,1.0017,1.00195,0.50,0.70
2008.06.02 11:24:07.208,1.0016,1.00195,1.50,0.70
2008.06.02 11:24:07.393,1.0016,1.00195,0.90,0.70
2008.06.02 11:24:07.578,1.0016,1.00195,1.50,0.70
2008.06.02 11:24:08.937,1.0016,1.00195,1.70,0.70
2008.06.02 11:24:09.108,1.00165,1.00195,0.60,0.50
2008.06.02 11:24:09.662,1.0016,1.00195,1.50,0.70
2008.06.02 11:24:10.559,1.0016,1.0019,1.10,0.50
2008.06.02 11:24:10.789,1.00155,1.00185,0.60,0.50
2008.06.02 11:24:11.293,1.0016,1.00185,2.40,0.50
2008.06.02 11:24:11.419,1.0016,1.0019,2.40,0.70
2008.06.02 11:24:11.555,1.00155,1.0019,1.00,0.70
2008.06.02 11:24:11.669,1.00155,1.00185,0.60,0.50
2008.06.02 11:24:12.039,1.00155,1.0018,0.60,0.50
2008.06.02 11:24:12.356,1.0015,1.0018,1.80,0.50
2008.06.02 11:24:13.657,1.0015,1.0018,1.10,0.50
2008.06.02 11:24:13.800,1.00155,1.00185,0.60,0.50
2008.06.02 11:24:14.078,1.00155,1.0018,0.60,0.50
2008.06.02 11:24:16.831,1.00155,1.00185,0.60,0.50
2008.06.02 11:24:16.993,1.0016,1.00185,0.60,0.50
2008.06.02 11:24:17.306,1.00155,1.00185,0.60,0.50
2008.06.02 11:24:20.996,1.00155,1.0019,1.00,2.10
2008.06.02 11:24:21.190,1.0016,1.0019,2.40,0.70
2008.06.02 11:24:21.564,1.0016,1.0019,0.60,0.30
2008.06.02 11:24:21.842,1.0016,1.00195,1.70,0.70
2008.06.02 11:24:21.952,1.0016,1.00195,1.80,0.70
2008.06.02 11:24:22.073,1.0016,1.00195,1.30,0.70
2008.06.02 11:24:23.676,1.0016,1.00195,1.20,0.70
2008.06.02 11:24:23.790,1.00165,1.00195,0.60,0.70
2008.06.02 11:24:24.022,1.00165,1.00195,1.00,0.30
2008.06.02 11:24:24.143,1.0017,1.00195,2.40,0.30
2008.06.02 11:24:24.318,1.0017,1.002,2.40,1.80
2008.06.02 11:24:25.348,1.0017,1.002,1.00,1.60
2008.06.02 11:24:25.473,1.0018,1.002,2.40,1.60
2008.06.02 11:24:25.596,1.00175,1.002,0.60,1.60
2008.06.02 11:24:25.723,1.0018,1.002,2.40,1.60
2008.06.02 11:24:26.283,1.00175,1.002,0.60,2.00
2008.06.02 11:24:26.507,1.0017,1.002,0.60,2.00
2008.06.02 11:24:30.801,1.0017,1.002,1.20,1.60
2008.06.02 11:24:30.936,1.00175,1.002,0.60,1.60
2008.06.02 11:24:31.081,1.00175,1.002,0.60,2.00
2008.06.02 11:24:31.358,1.00175,1.002,0.60,1.60
2008.06.02 11:24:36.170,1.00175,1.00205,0.60,0.50
2008.06.02 11:24:36.649,1.00175,1.002,0.60,1.60
2008.06.02 11:24:36.731,1.0018,1.002,0.50,1.60
2008.06.02 11:24:36.968,1.0018,1.002,1.10,1.60
2008.06.02 11:24:40.921,1.0018,1.002,0.50,1.60
2008.06.02 11:24:46.254,1.0018,1.0021,0.50,0.70
2008.06.02 11:24:48.795,1.0018,1.0021,0.50,3.30
2008.06.02 11:24:48.960,1.0018,1.00205,0.50,0.50
2008.06.02 11:24:49.097,1.0018,1.002,0.50,1.60
2008.06.02 11:24:52.946,1.00175,1.002,0.60,1.60
2008.06.02 11:24:57.785,1.00175,1.002,0.60,2.00
2008.06.02 11:24:57.990,1.0017,1.002,1.10,2.00
2008.06.02 11:24:58.525,1.0017,1.002,1.10,2.10
2008.06.02 11:24:58.724,1.00165,1.00195,0.60,0.50
2008.06.02 11:24:59.074,1.00165,1.00195,0.60,0.70
2008.06.02 11:24:59.716,1.0016,1.00195,1.10,0.70
2008.06.02 11:25:02.493,1.0016,1.00195,1.50,0.70
2008.06.02 11:25:03.358,1.00165,1.00195,0.60,0.50
2008.06.02 11:25:05.983,1.0016,1.00195,1.50,0.70
2008.06.02 11:25:07.441,1.0016,1.00195,1.10,0.70
2008.06.02 11:25:11.887,1.0016,1.00195,0.80,0.70
2008.06.02 11:25:12.026,1.0016,1.00195,0.50,0.70
2008.06.02 11:25:12.881,1.0016,1.00195,1.50,0.70
2008.06.02 11:25:13.000,1.0016,1.00195,1.10,0.70
2008.06.02 11:25:13.537,1.0016,1.00195,0.90,0.70
2008.06.02 11:25:13.644,1.0016,1.00195,1.40,0.70
2008.06.02 11:25:14.090,1.0016,1.00195,0.90,0.70
2008.06.02 11:25:19.384,1.0016,1.00195,1.50,0.70
2008.06.02 11:25:19.602,1.0016,1.00195,1.10,0.70
2008.06.02 11:25:19.964,1.0016,1.00195,1.90,0.70
2008.06.02 11:25:20.713,1.0016,1.00195,1.00,0.70
2008.06.02 11:25:21.743,1.0016,1.00195,0.90,0.70
2008.06.02 11:25:24.713,1.0016,1.0019,0.90,0.30
2008.06.02 11:25:24.991,1.0016,1.0019,2.80,0.50
2008.06.02 11:25:25.936,1.0016,1.0019,2.80,0.70
2008.06.02 11:25:30.882,1.0016,1.00195,1.90,0.70
2008.06.02 11:25:31.067,1.0016,1.00195,1.10,0.70
2008.06.02 11:25:31.274,1.0016,1.0019,1.10,0.50
2008.06.02 11:25:31.454,1.0016,1.00195,1.10,0.70
2008.06.02 11:25:31.655,1.0016,1.00195,1.50,0.70
2008.06.02 11:25:31.832,1.0016,1.002,2.30,1.20
2008.06.02 11:25:32.006,1.0016,1.002,2.10,2.30
2008.06.02 11:25:32.145,1.0017,1.002,0.50,1.80
2008.06.02 11:25:32.286,1.0017,1.002,2.80,1.80
2008.06.02 11:25:32.432,1.0017,1.002,1.80,1.60
2008.06.02 11:25:32.574,1.0017,1.002,1.40,1.60
2008.06.02 11:25:35.817,1.00175,1.002,0.60,1.60
2008.06.02 11:25:37.867,1.0018,1.002,0.60,1.60
2008.06.02 11:25:38.126,1.0018,1.002,1.10,1.60
2008.06.02 11:25:39.984,1.0018,1.002,0.50,1.60
2008.06.02 11:25:41.258,1.0018,1.002,0.50,2.00
2008.06.02 11:25:43.036,1.0018,1.002,0.50,2.80
2008.06.02 11:25:43.319,1.0018,1.002,0.50,2.30
2008.06.02 11:25:45.374,1.0018,1.002,0.50,2.00
2008.06.02 11:25:52.535,1.0018,1.002,0.50,0.70
2008.06.02 11:25:53.181,1.0018,1.002,0.50,2.30
2008.06.02 11:25:58.394,1.0018,1.002,0.50,0.70
2008.06.02 11:25:58.754,1.0018,1.002,0.50,2.30
2008.06.02 11:26:01.195,1.0018,1.00195,0.50,0.50
2008.06.02 11:26:01.421,1.00165,1.00195,0.60,0.50
2008.06.02 11:26:07.948,1.00165,1.00195,0.60,0.70
2008.06.02 11:26:19.925,1.0016,1.00195,1.90,0.70
2008.06.02 11:26:19.991,1.0016,1.0019,0.50,1.60
2008.06.02 11:26:20.222,1.0016,1.0018,1.40,0.50
2008.06.02 11:26:20.330,1.0016,1.0018,1.10,1.20
2008.06.02 11:26:20.476,1.0016,1.0018,0.50,1.50
2008.06.02 11:26:20.655,1.0016,1.0018,0.50,2.30
2008.06.02 11:26:20.745,1.0016,1.0018,0.50,1.80
2008.06.02 11:26:20.775,1.0016,1.0018,0.50,1.00
2008.06.02 11:26:21.114,1.0016,1.0018,0.50,0.80
2008.06.02 11:26:22.289,1.0016,1.00185,0.50,0.70
2008.06.02 11:26:23.662,1.0016,1.00185,0.50,0.30
2008.06.02 11:26:23.950,1.0016,1.00185,2.80,0.30
2008.06.02 11:26:24.104,1.0016,1.0019,2.80,0.70
2008.06.02 11:26:26.762,1.0016,1.0019,2.80,0.30
2008.06.02 11:26:26.962,1.0016,1.0019,1.20,0.30
2008.06.02 11:26:28.904,1.0016,1.0019,1.10,0.70
2008.06.02 11:26:29.047,1.0016,1.0019,2.80,0.70
2008.06.02 11:26:29.592,1.0016,1.0019,0.80,0.50
2008.06.02 11:26:29.920,1.0016,1.0018,0.50,1.20
2008.06.02 11:26:30.322,1.0016,1.0018,0.50,0.50
2008.06.02 11:26:30.472,1.0016,1.00185,0.50,0.70
2008.06.02 11:26:40.501,1.0016,1.00185,0.50,0.50
2008.06.02 11:26:41.074,1.0016,1.00185,1.10,0.50
2008.06.02 11:26:41.318,1.0016,1.0019,1.10,1.60
2008.06.02 11:26:42.320,1.0016,1.00185,1.10,0.50
2008.06.02 11:26:43.971,1.0016,1.0018,1.10,0.50
2008.06.02 11:26:44.101,1.0016,1.0018,0.50,0.50
2008.06.02 11:26:48.682,1.0016,1.0017,0.50,0.50
2008.06.02 11:26:48.923,1.00145,1.0017,0.60,0.50
2008.06.02 11:26:49.216,1.00145,1.00175,0.60,0.50
2008.06.02 11:26:49.699,1.00145,1.0017,0.60,0.50
2008.06.02 11:26:49.883,1.00145,1.0017,0.60,1.20
2008.06.02 11:26:50.216,1.0014,1.0017,1.80,1.20
2008.06.02 11:26:54.464,1.0014,1.0017,0.90,2.10
2008.06.02 11:26:54.768,1.0014,1.0017,0.80,2.00
2008.06.02 11:26:54.882,1.0014,1.0016,0.50,0.50
2008.06.02 11:27:01.860,1.0014,1.0016,0.50,1.20
2008.06.02 11:27:01.927,1.0014,1.0016,0.50,0.50
2008.06.02 11:27:03.469,1.0014,1.0016,0.50,1.20
2008.06.02 11:27:07.060,1.0014,1.0016,0.50,2.00
2008.06.02 11:27:07.345,1.0014,1.0016,0.50,2.30
2008.06.02 11:27:07.417,1.0014,1.00155,0.50,0.50
2008.06.02 11:27:07.472,1.0013,1.00155,2.40,0.50
2008.06.02 11:27:07.536,1.00125,1.00155,0.60,0.50
2008.06.02 11:27:07.591,1.0012,1.00155,3.20,0.50
2008.06.02 11:27:07.786,1.0012,1.00155,2.50,0.70
2008.06.02 11:27:13.533,1.00125,1.00155,0.60,0.50
2008.06.02 11:27:13.740,1.00125,1.0016,0.60,2.80
2008.06.02 11:27:13.873,1.0013,1.0016,0.50,1.40
2008.06.02 11:27:14.010,1.0013,1.0016,0.50,1.50
2008.06.02 11:27:14.347,1.0013,1.0016,2.80,0.80
2008.06.02 11:27:14.742,1.0013,1.00165,0.50,0.70
2008.06.02 11:27:14.958,1.0013,1.0016,0.50,0.50
2008.06.02 11:27:15.167,1.0013,1.0016,0.50,0.90
2008.06.02 11:27:15.332,1.0013,1.00155,0.50,0.50
2008.06.02 11:27:15.760,1.0013,1.00155,0.50,0.70
2008.06.02 11:27:18.150,1.0012,1.00155,1.90,0.70
2008.06.02 11:27:27.980,1.0012,1.0015,1.60,0.50
2008.06.02 11:27:28.243,1.0012,1.00155,0.70,0.70
2008.06.02 11:27:33.438,1.0012,1.0015,1.30,0.50
2008.06.02 11:27:34.918,1.0012,1.0015,0.90,0.50
2008.06.02 11:27:35.101,1.0012,1.00155,2.00,0.70
2008.06.02 11:27:36.317,1.0012,1.00155,0.60,0.70
2008.06.02 11:27:38.574,1.0012,1.00155,3.00,0.70
2008.06.02 11:27:38.793,1.0012,1.00155,0.70,0.70
2008.06.02 11:27:41.228,1.0012,1.0015,1.50,0.50
2008.06.02 11:27:42.975,1.0012,1.00145,1.10,0.50
2008.06.02 11:27:43.260,1.0012,1.00145,2.80,0.50
2008.06.02 11:27:43.621,1.0012,1.00145,2.80,0.70
2008.06.02 11:27:45.879,1.0012,1.00135,2.80,0.50
2008.06.02 11:27:46.101,1.0011,1.0014,1.10,0.50
2008.06.02 11:27:46.286,1.0011,1.0014,1.70,2.80
2008.06.02 11:27:46.639,1.0011,1.0014,1.20,2.80
2008.06.02 11:27:46.835,1.0011,1.0014,1.60,0.50
2008.06.02 11:27:54.528,1.0011,1.00145,1.20,0.70
2008.06.02 11:27:54.753,1.0011,1.00145,2.70,0.70
2008.06.02 11:27:55.022,1.0011,1.0014,2.40,0.50
2008.06.02 11:27:55.255,1.0011,1.0014,1.90,0.50
2008.06.02 11:27:57.705,1.0011,1.00135,0.80,0.50
2008.06.02 11:27:58.818,1.0011,1.00135,2.80,0.50
2008.06.02 11:28:03.985,1.0011,1.00135,0.50,0.50
2008.06.02 11:28:20.787,1.0011,1.00135,2.80,0.50
2008.06.02 11:28:20.915,1.0011,1.00135,2.40,0.50
2008.06.02 11:28:21.228,1.0011,1.00135,2.40,0.70
2008.06.02 11:28:23.684,1.0011,1.0013,2.40,0.80
2008.06.02 11:28:23.760,1.0011,1.0013,2.40,0.50
2008.06.02 11:28:23.831,1.001,1.0013,0.60,1.80
2008.06.02 11:28:23.900,1.001,1.0013,1.60,1.10
2008.06.02 11:28:25.747,1.001,1.0013,1.90,1.00
2008.06.02 11:28:26.100,1.001,1.00135,1.20,0.70
2008.06.02 11:28:26.308,1.001,1.00135,2.20,0.70
2008.06.02 11:28:26.517,1.001,1.00135,0.80,0.70
2008.06.02 11:28:26.727,1.001,1.00135,2.00,0.70
2008.06.02 11:28:27.146,1.001,1.00135,0.50,0.70
2008.06.02 11:28:27.767,1.001,1.00135,1.00,0.70
2008.06.02 11:28:28.192,1.001,1.00135,1.90,0.70
2008.06.02 11:28:28.384,1.001,1.00135,1.50,0.70
2008.06.02 11:28:28.618,1.001,1.00135,1.10,0.70
2008.06.02 11:28:28.807,1.001,1.00135,1.00,0.70
2008.06.02 11:28:29.179,1.001,1.00135,2.10,0.70
2008.06.02 11:28:29.817,1.001,1.00135,0.70,0.70
2008.06.02 11:28:29.964,1.001,1.00135,1.10,0.70
2008.06.02 11:28:30.497,1.001,1.0013,0.80,2.80
2008.06.02 11:28:30.774,1.001,1.0013,1.50,2.40
2008.06.02 11:28:30.947,1.001,1.00135,1.00,0.70
2008.06.02 11:28:31.099,1.001,1.00135,1.00,0.70
2008.06.02 11:28:39.639,1.001,1.00135,1.00,0.70
2008.06.02 11:28:45.281,1.001,1.00135,1.10,0.70
2008.06.02 11:28:46.211,1.001,1.0013,0.50,0.50
2008.06.02 11:28:46.390,1.001,1.00135,1.30,0.70
2008.06.02 11:28:46.887,1.001,1.0013,1.60,0.80
2008.06.02 11:28:47.148,1.001,1.0012,1.10,0.80
2008.06.02 11:28:47.417,1.00085,1.00115,0.60,0.50
2008.06.02 11:28:47.924,1.0008,1.0011,1.10,0.50
2008.06.02 11:28:48.142,1.0008,1.0011,1.20,1.30
2008.06.02 11:28:48.542,1.0008,1.0011,1.20,0.50
2008.06.02 11:28:50.333,1.0008,1.0011,1.60,0.30
2008.06.02 11:28:50.627,1.0008,1.00115,2.30,0.70
2008.06.02 11:28:51.413,1.0008,1.0011,1.90,0.50
2008.06.02 11:28:51.685,1.0008,1.0011,1.90,2.80
2008.06.02 11:28:51.931,1.0008,1.0011,1.20,0.60
2008.06.02 11:28:57.144,1.0008,1.0011,0.70,0.70
2008.06.02 11:28:59.224,1.0008,1.0011,0.50,0.30
2008.06.02 11:28:59.333,1.0008,1.0011,1.10,0.30
2008.06.02 11:28:59.369,1.0008,1.00115,1.20,0.70
2008.06.02 11:28:59.442,1.0008,1.00115,1.90,0.70
2008.06.02 11:29:00.737,1.0008,1.00115,1.80,0.70
2008.06.02 11:29:01.527,1.0008,1.0011,1.40,0.50
2008.06.02 11:29:01.801,1.0008,1.00115,1.50,0.70
2008.06.02 11:29:02.646,1.0008,1.00115,0.80,0.70
2008.06.02 11:29:05.256,1.0008,1.00115,1.40,0.70
2008.06.02 11:29:05.345,1.0008,1.00115,1.50,0.70
2008.06.02 11:29:06.053,1.0008,1.0011,0.50,0.50
2008.06.02 11:29:06.238,1.0008,1.0011,1.40,0.50
2008.06.02 11:29:06.415,1.0008,1.00115,1.40,0.70
2008.06.02 11:29:06.594,1.0008,1.00115,0.70,0.70
2008.06.02 11:29:06.715,1.0008,1.00115,1.60,0.70
2008.06.02 11:29:06.834,1.0008,1.0011,0.50,0.30
2008.06.02 11:29:09.910,1.0008,1.0011,0.80,0.30
2008.06.02 11:29:10.420,1.0008,1.0011,0.90,0.30
2008.06.02 11:29:12.749,1.0008,1.0011,1.40,0.30
2008.06.02 11:29:12.894,1.0008,1.0011,0.90,0.30
2008.06.02 11:29:13.891,1.0008,1.0011,0.80,0.30
2008.06.02 11:29:14.004,1.0008,1.0011,1.20,0.30
2008.06.02 11:29:15.881,1.0008,1.00115,1.80,0.70
2008.06.02 11:29:16.092,1.0008,1.00115,1.50,0.70
2008.06.02 11:29:17.680,1.0008,1.00115,1.30,0.70
2008.06.02 11:29:19.954,1.0008,1.00115,1.10,0.70
2008.06.02 11:29:24.610,1.0008,1.00115,0.80,0.30
2008.06.02 11:29:24.883,1.00085,1.0012,0.60,1.80
2008.06.02 11:29:25.031,1.00085,1.0012,0.60,0.70
2008.06.02 11:29:25.341,1.00085,1.0012,1.00,0.30
2008.06.02 11:29:25.530,1.00085,1.0012,0.60,0.70
2008.06.02 11:29:25.899,1.00085,1.0012,1.00,0.30
2008.06.02 11:29:27.694,1.00085,1.00115,0.60,0.50
2008.06.02 11:29:28.075,1.00085,1.0012,0.60,0.70
2008.06.02 11:29:29.256,1.0009,1.0012,2.40,0.70
2008.06.02 11:29:36.531,1.0009,1.0012,2.40,0.30
2008.06.02 11:29:37.105,1.0009,1.0012,1.20,0.30
2008.06.02 11:29:37.254,1.0009,1.00125,0.80,0.70
2008.06.02 11:29:50.935,1.0009,1.00125,0.60,0.70
2008.06.02 11:29:51.055,1.0009,1.00125,0.80,0.70
2008.06.02 11:29:51.300,1.00095,1.00125,0.60,0.50
2008.06.02 11:29:51.533,1.00095,1.0013,0.60,1.00
2008.06.02 11:29:51.981,1.00105,1.0013,0.60,2.80
2008.06.02 11:29:52.276,1.00105,1.0013,0.60,2.40
2008.06.02 11:29:52.572,1.001,1.0013,0.60,2.40
2008.06.02 11:29:57.112,1.001,1.0013,0.60,2.60
2008.06.02 11:29:58.444,1.001,1.00135,0.60,0.70
2008.06.02 11:29:59.405,1.001,1.00125,0.60,0.50
2008.06.02 11:29:59.905,1.00095,1.00125,0.60,0.50
2008.06.02 11:30:12.556,1.0009,1.00125,1.90,0.70
2008.06.02 11:30:16.599,1.00095,1.0013,1.00,2.60
2008.06.02 11:30:17.855,1.00095,1.0013,0.60,0.70
2008.06.02 11:30:19.008,1.00095,1.00125,0.60,0.50
2008.06.02 11:30:19.426,1.0009,1.00125,1.70,0.70
2008.06.02 11:30:19.577,1.0009,1.00125,1.80,0.30
2008.06.02 11:30:19.720,1.0009,1.00125,0.80,0.70
2008.06.02 11:30:20.660,1.0009,1.0012,1.50,0.50
2008.06.02 11:30:21.848,1.0009,1.00125,1.40,0.70
2008.06.02 11:30:28.280,1.00095,1.00125,0.50,0.30
2008.06.02 11:30:28.386,1.00095,1.0013,1.00,2.60
2008.06.02 11:30:28.572,1.00095,1.0013,1.00,2.60
2008.06.02 11:30:29.368,1.001,1.00135,1.80,0.30
2008.06.02 11:30:29.664,1.001,1.00135,1.60,0.30
2008.06.02 11:30:30.260,1.00105,1.00135,0.50,0.30
2008.06.02 11:30:31.367,1.00105,1.0014,1.00,2.60
2008.06.02 11:30:35.474,1.001,1.0014,0.80,0.90
2008.06.02 11:30:35.838,1.001,1.0014,2.20,1.50
2008.06.02 11:30:36.023,1.00105,1.0014,0.60,2.60
2008.06.02 11:30:36.972,1.00105,1.0014,0.60,0.70
2008.06.02 11:30:41.102,1.0011,1.0014,0.50,1.30
2008.06.02 11:30:43.311,1.0011,1.0013,0.50,0.80
2008.06.02 11:30:43.361,1.00105,1.0013,0.60,0.80
2008.06.02 11:30:43.441,1.00105,1.0014,0.60,1.90
2008.06.02 11:30:43.535,1.001,1.0013,0.80,0.30
2008.06.02 11:30:43.821,1.001,1.0013,1.10,1.50
2008.06.02 11:30:43.952,1.001,1.0013,0.50,1.30
2008.06.02 11:30:44.008,1.001,1.0013,0.50,2.20
2008.06.02 11:30:44.510,1.001,1.0013,2.80,1.50
2008.06.02 11:30:45.555,1.001,1.0013,2.80,0.70
2008.06.02 11:30:45.749,1.001,1.0013,2.80,0.30
2008.06.02 11:30:53.889,1.001,1.0013,0.80,0.30
2008.06.02 11:30:54.156,1.0011,1.0013,0.50,0.30
2008.06.02 11:30:54.497,1.0011,1.0014,0.50,0.80
2008.06.02 11:30:55.494,1.0011,1.00135,0.50,0.30
2008.06.02 11:30:55.703,1.001,1.00135,1.30,0.70
2008.06.02 11:30:55.910,1.001,1.0013,1.10,1.10
2008.06.02 11:30:56.085,1.001,1.0013,0.50,1.90
2008.06.02 11:30:56.546,1.001,1.0013,2.80,1.50
2008.06.02 11:30:59.620,1.001,1.0013,0.50,1.40
2008.06.02 11:31:00.705,1.001,1.00125,0.50,0.30
2008.06.02 11:31:01.043,1.001,1.0012,0.50,0.50
2008.06.02 11:31:01.448,1.0009,1.0012,1.00,1.20
2008.06.02 11:31:01.821,1.0009,1.00125,1.30,0.70
2008.06.02 11:31:02.179,1.0009,1.0012,2.10,0.50
2008.06.02 11:31:02.672,1.0009,1.0012,0.60,1.20
2008.06.02 11:31:03.360,1.0009,1.00125,1.30,0.70
2008.06.02 11:31:03.651,1.0009,1.00125,0.60,0.30
2008.06.02 11:31:05.285,1.0009,1.00125,1.10,0.70
2008.06.02 11:31:05.520,1.0009,1.0012,1.60,0.50
2008.06.02 11:31:06.027,1.0009,1.00125,1.90,0.70
2008.06.02 11:31:06.306,1.0009,1.0012,1.90,0.50
2008.06.02 11:31:06.849,1.0009,1.00125,1.10,0.70
2008.06.02 11:31:07.173,1.001,1.00125,2.40,0.30
2008.06.02 11:31:07.402,1.00095,1.0013,0.60,1.00
2008.06.02 11:31:07.666,1.001,1.0013,1.10,1.00
2008.06.02 11:31:07.889,1.001,1.0013,0.60,2.60
2008.06.02 11:31:08.120,1.00095,1.0013,0.60,2.50
2008.06.02 11:31:08.950,1.00095,1.0013,1.00,2.60
2008.06.02 11:31:09.176,1.001,1.0013,0.60,2.40
2008.06.02 11:31:09.496,1.001,1.00125,0.60,0.50
2008.06.02 11:31:09.655,1.00095,1.00125,0.60,0.50
2008.06.02 11:31:10.097,1.0009,1.00125,3.50,0.70
2008.06.02 11:31:12.555,1.0009,1.0012,1.50,0.80
2008.06.02 11:31:12.843,1.00085,1.00115,0.60,0.70
2008.06.02 11:31:15.299,1.0008,1.00115,0.90,0.70
2008.06.02 11:31:17.006,1.0008,1.00115,0.90,0.70
2008.06.02 11:31:17.191,1.0008,1.00115,1.50,0.70
2008.06.02 11:31:17.371,1.00085,1.00115,0.60,0.30
2008.06.02 11:31:17.496,1.00085,1.00115,0.60,0.70
2008.06.02 11:31:17.627,1.0008,1.00115,0.90,0.70
2008.06.02 11:31:17.888,1.0008,1.00115,2.60,0.30
2008.06.02 11:31:19.324,1.0008,1.00115,2.50,0.70
2008.06.02 11:31:19.608,1.0008,1.00115,0.60,0.30
2008.06.02 11:31:21.477,1.0008,1.00115,1.30,0.70
2008.06.02 11:31:22.062,1.0008,1.00115,1.80,0.30
2008.06.02 11:31:22.202,1.0008,1.00115,2.60,0.70
2008.06.02 11:31:22.602,1.0008,1.00115,0.50,0.30
2008.06.02 11:31:23.750,1.0008,1.00115,1.30,0.70
2008.06.02 11:31:29.965,1.0008,1.00115,1.30,0.70
2008.06.02 11:31:30.238,1.0008,1.00115,0.80,0.70
2008.06.02 11:31:30.701,1.0008,1.00115,2.70,0.70
2008.06.02 11:31:34.579,1.0008,1.00115,2.50,0.30
2008.06.02 11:31:42.485,1.00085,1.00115,0.50,0.30
2008.06.02 11:31:43.472,1.0008,1.00115,1.10,0.30
2008.06.02 11:31:45.074,1.00085,1.0012,0.60,0.70
2008.06.02 11:31:52.990,1.00085,1.0012,1.00,0.30
2008.06.02 11:31:54.495,1.00085,1.0012,1.00,2.60
2008.06.02 11:31:54.630,1.00085,1.00115,0.60,0.50
2008.06.02 11:31:54.775,1.0008,1.00115,2.30,0.50
2008.06.02 11:31:54.947,1.0008,1.00115,0.80,0.70
2008.06.02 11:31:59.270,1.0009,1.00115,2.40,0.70
2008.06.02 11:31:59.374,1.0009,1.0012,2.40,0.70
2008.06.02 11:31:59.593,1.00085,1.0012,0.60,0.70
2008.06.02 11:31:59.797,1.0009,1.0012,2.40,0.30
2008.06.02 11:31:59.906,1.0009,1.0012,2.80,0.30
2008.06.02 11:32:00.030,1.0009,1.0012,1.90,0.30
2008.06.02 11:32:00.135,1.0009,1.00125,0.80,0.30
2008.06.02 11:32:00.231,1.0009,1.00125,0.50,0.30
2008.06.02 11:32:00.479,1.0009,1.00125,0.50,0.70
2008.06.02 11:32:00.720,1.0009,1.0012,2.80,0.30
2008.06.02 11:32:01.206,1.0009,1.0012,2.80,0.70
2008.06.02 11:32:01.480,1.00085,1.0012,0.60,0.70
2008.06.02 11:32:02.060,1.00085,1.0012,1.00,0.30
2008.06.02 11:32:02.342,1.0009,1.0012,2.40,0.30
2008.06.02 11:32:02.871,1.0009,1.0012,2.40,0.70
2008.06.02 11:32:03.560,1.0009,1.0012,0.50,0.30
2008.06.02 11:32:03.782,1.0009,1.0012,1.60,1.00
2008.06.02 11:32:03.953,1.0009,1.0012,0.80,0.30
2008.06.02 11:32:04.116,1.0009,1.0012,2.40,0.30
2008.06.02 11:32:09.829,1.0009,1.0012,2.80,0.30
2008.06.02 11:32:10.921,1.00095,1.0012,0.50,0.30
2008.06.02 11:32:11.194,1.00095,1.00125,0.50,0.30
2008.06.02 11:32:11.348,1.0009,1.00125,1.10,0.70
2008.06.02 11:32:11.571,1.0009,1.0012,1.90,0.30
2008.06.02 11:32:11.666,1.0009,1.0012,0.70,0.30
2008.06.02 11:32:11.820,1.0009,1.0012,1.60,0.30
2008.06.02 11:32:12.075,1.0009,1.0012,1.80,0.30
2008.06.02 11:32:13.315,1.0009,1.0012,0.80,0.30
2008.06.02 11:32:13.703,1.00095,1.0012,0.50,0.30
2008.06.02 11:32:13.878,1.00095,1.00125,0.50,0.30
2008.06.02 11:32:14.020,1.001,1.00125,2.40,0.30
2008.06.02 11:32:14.412,1.001,1.0013,2.40,0.70
2008.06.02 11:32:14.680,1.001,1.00135,1.40,0.70
2008.06.02 11:32:14.948,1.001,1.00135,1.50,0.70
2008.06.02 11:32:15.479,1.00105,1.00135,0.50,0.30
2008.06.02 11:32:18.660,1.00105,1.0013,0.50,0.30
2008.06.02 11:32:18.799,1.001,1.0013,0.50,0.30
2008.06.02 11:32:19.253,1.001,1.0013,0.50,2.60
2008.06.02 11:32:19.354,1.001,1.0013,0.80,0.30
2008.06.02 11:32:19.699,1.001,1.00135,1.50,0.70
2008.06.02 11:32:22.386,1.001,1.00135,1.10,0.70
2008.06.02 11:32:22.584,1.001,1.0013,1.10,2.40
2008.06.02 11:32:22.726,1.001,1.0013,1.50,2.40
2008.06.02 11:32:22.814,1.001,1.00135,1.50,0.70
2008.06.02 11:32:22.956,1.001,1.00135,1.10,0.70
2008.06.02 11:32:23.043,1.001,1.0013,1.10,2.40
2008.06.02 11:32:23.198,1.001,1.0013,1.10,0.30
2008.06.02 11:32:23.292,1.001,1.0013,1.50,0.30
2008.06.02 11:32:23.369,1.001,1.0013,1.10,0.50
2008.06.02 11:32:23.578,1.001,1.0013,0.50,0.50
2008.06.02 11:32:24.189,1.001,1.0013,2.80,0.50
2008.06.02 11:32:24.399,1.001,1.00135,1.10,0.70
2008.06.02 11:32:24.609,1.001,1.0013,1.10,0.50
2008.06.02 11:32:24.722,1.001,1.00135,1.10,0.70
2008.06.02 11:32:24.832,1.001,1.0013,0.50,0.30
2008.06.02 11:32:24.942,1.001,1.0013,0.50,0.70
2008.06.02 11:32:25.076,1.001,1.0013,0.50,2.80
2008.06.02 11:32:25.556,1.001,1.0013,1.10,2.80
2008.06.02 11:32:26.461,1.001,1.0013,1.10,2.40
2008.06.02 11:32:26.740,1.001,1.00135,1.10,0.70
2008.06.02 11:32:26.846,1.001,1.00135,1.50,0.70
2008.06.02 11:32:37.260,1.00105,1.00135,0.50,0.30
2008.06.02 11:32:37.475,1.0011,1.00135,0.50,0.30
2008.06.02 11:32:37.802,1.0011,1.0014,0.50,1.40
2008.06.02 11:32:39.918,1.0011,1.00135,0.50,0.50
2008.06.02 11:32:40.146,1.0011,1.00135,0.50,0.70
2008.06.02 11:32:42.605,1.001,1.00135,2.30,0.70
2008.06.02 11:32:42.766,1.001,1.0013,1.90,0.50
2008.06.02 11:32:43.022,1.001,1.0013,1.10,0.50
2008.06.02 11:32:44.432,1.001,1.00125,1.10,0.50
2008.06.02 11:32:44.800,1.001,1.00125,0.50,0.50
2008.06.02 11:32:44.991,1.001,1.0013,0.50,0.70
2008.06.02 11:32:45.187,1.001,1.0013,1.10,0.50
2008.06.02 11:32:48.024,1.001,1.00135,1.50,0.70
2008.06.02 11:32:48.289,1.00105,1.00135,0.60,0.70
2008.06.02 11:32:50.189,1.0011,1.00135,0.50,0.70
2008.06.02 11:32:50.266,1.0011,1.00135,2.80,0.30
2008.06.02 11:32:52.559,1.0012,1.00135,0.50,0.30
2008.06.02 11:32:53.490,1.0011,1.00135,0.50,0.30
2008.06.02 11:32:54.895,1.0011,1.00135,0.50,0.70
2008.06.02 11:32:55.130,1.0011,1.0013,0.50,0.30
2008.06.02 11:32:55.272,1.0011,1.00135,0.50,0.70
2008.06.02 11:32:55.498,1.0011,1.0013,0.50,2.40
2008.06.02 11:32:59.238,1.0011,1.00135,0.50,0.50
2008.06.02 11:33:03.265,1.0011,1.00135,2.80,0.50
2008.06.02 11:33:03.619,1.0011,1.0014,2.80,1.50
2008.06.02 11:33:05.630,1.0011,1.0014,0.50,0.80
2008.06.02 11:33:05.688,1.0011,1.00135,0.50,0.50
2008.06.02 11:33:05.955,1.0011,1.0013,0.50,0.50
2008.06.02 11:33:06.072,1.0011,1.0013,0.50,2.20
2008.06.02 11:33:06.516,1.0011,1.0013,0.50,2.80
2008.06.02 11:33:06.568,1.0011,1.0013,0.50,2.40
2008.06.02 11:33:06.879,1.001,1.0013,1.10,2.40
2008.06.02 11:33:07.139,1.0011,1.0014,0.50,0.90
2008.06.02 11:33:07.276,1.0011,1.0014,0.50,2.80
2008.06.02 11:33:07.577,1.0011,1.00135,0.50,0.50
2008.06.02 11:33:08.698,1.001,1.00135,1.10,0.70
2008.06.02 11:33:09.275,1.001,1.0013,0.50,0.30
2008.06.02 11:33:13.742,1.00105,1.0013,0.50,0.30
2008.06.02 11:33:13.812,1.00105,1.0014,1.00,1.00
2008.06.02 11:33:14.013,1.0011,1.0014,0.50,1.00
2008.06.02 11:33:14.157,1.0012,1.0014,0.50,1.00
2008.06.02 11:33:14.230,1.0012,1.0014,0.50,0.30
2008.06.02 11:33:14.835,1.0012,1.0014,0.50,0.70
2008.06.02 11:33:15.058,1.0011,1.0014,0.50,0.70
2008.06.02 11:33:15.306,1.0011,1.0014,0.50,0.30
2008.06.02 11:33:16.014,1.0011,1.0014,0.50,1.50
2008.06.02 11:33:16.279,1.0011,1.00135,0.50,0.50
2008.06.02 11:33:20.688,1.0011,1.0014,0.50,0.70
2008.06.02 11:33:20.882,1.0012,1.0014,0.50,0.30
2008.06.02 11:33:23.510,1.0012,1.00135,0.50,0.50
2008.06.02 11:33:25.483,1.0012,1.0014,0.50,0.30
2008.06.02 11:33:28.659,1.0012,1.0014,0.50,2.60
2008.06.02 11:33:33.531,1.0012,1.00135,0.50,0.50
2008.06.02 11:33:36.738,1.0011,1.00135,0.50,0.50
2008.06.02 11:33:43.954,1.0011,1.00135,0.50,0.70
2008.06.02 11:33:50.099,1.0011,1.00135,0.50,0.30
2008.06.02 11:33:50.416,1.0011,1.0014,0.50,1.90
2008.06.02 11:33:58.420,1.0011,1.0014,1.10,0.80
2008.06.02 11:33:58.737,1.0011,1.0014,2.10,1.00
2008.06.02 11:33:58.846,1.0011,1.0014,2.00,0.80
2008.06.02 11:33:58.995,1.0011,1.00145,0.90,0.70
2008.06.02 11:33:59.981,1.0011,1.00145,2.00,0.70
2008.06.02 11:34:00.260,1.0011,1.0014,1.60,0.80
2008.06.02 11:34:04.103,1.0011,1.0014,0.90,0.80
2008.06.02 11:34:04.211,1.0012,1.0014,0.50,0.80
2008.06.02 11:34:04.285,1.0012,1.00145,0.50,0.30
2008.06.02 11:34:13.339,1.0012,1.0015,0.50,2.60
2008.06.02 11:34:16.617,1.0012,1.0015,0.80,2.60
2008.06.02 11:34:16.727,1.0013,1.0015,0.50,2.60
2008.06.02 11:34:16.839,1.0013,1.0015,0.50,0.30
2008.06.02 11:34:16.947,1.0013,1.00155,0.50,0.30
2008.06.02 11:34:22.677,1.0013,1.00155,0.80,0.30
2008.06.02 11:34:23.534,1.0013,1.00155,0.50,0.30
2008.06.02 11:34:25.135,1.0013,1.0016,0.50,1.80
2008.06.02 11:34:25.398,1.0013,1.0016,0.50,2.50
2008.06.02 11:34:25.725,1.0013,1.0016,0.50,1.70
2008.06.02 11:34:27.511,1.0013,1.0016,0.50,1.40
2008.06.02 11:34:28.089,1.0013,1.00155,0.50,0.30
2008.06.02 11:34:28.916,1.0012,1.0015,2.20,0.30
2008.06.02 11:34:29.155,1.0012,1.0015,1.50,0.30
2008.06.02 11:34:29.387,1.0012,1.0015,1.10,0.30
2008.06.02 11:34:30.084,1.0012,1.0015,1.10,1.00
2008.06.02 11:34:32.869,1.0012,1.0015,1.50,1.00
2008.06.02 11:34:32.982,1.0012,1.0015,1.00,1.00
2008.06.02 11:34:33.087,1.0012,1.0015,1.00,0.30
2008.06.02 11:34:37.483,1.0012,1.0015,1.50,0.30
2008.06.02 11:34:38.738,1.0012,1.0015,1.80,0.30
2008.06.02 11:34:45.448,1.0012,1.00155,1.90,0.30
2008.06.02 11:34:45.739,1.00125,1.00155,0.50,0.30
2008.06.02 11:34:52.795,1.0012,1.00155,2.20,0.30
2008.06.02 11:34:52.833,1.0012,1.00155,0.60,0.30
2008.06.02 11:34:55.375,1.0013,1.00155,0.50,0.30
2008.06.02 11:34:55.555,1.0013,1.0016,0.50,2.60
2008.06.02 11:34:58.848,1.0013,1.0016,1.40,1.80
2008.06.02 11:34:59.293,1.0013,1.0016,1.00,1.80
2008.06.02 11:34:59.410,1.0013,1.0016,2.80,1.80
2008.06.02 11:34:59.907,1.0013,1.0016,0.50,1.70
2008.06.02 11:35:00.706,1.0013,1.0016,0.80,1.10
2008.06.02 11:35:00.982,1.0013,1.0016,1.90,1.80
2008.06.02 11:35:01.273,1.0013,1.0016,1.10,1.60
2008.06.02 11:35:01.554,1.0013,1.0016,2.80,1.80
2008.06.02 11:35:01.872,1.0013,1.0016,0.50,2.20
2008.06.02 11:35:02.159,1.0013,1.0016,0.50,1.20
2008.06.02 11:35:04.223,1.0013,1.0016,0.80,2.20
2008.06.02 11:35:04.288,1.0013,1.0016,2.00,1.80
2008.06.02 11:35:04.516,1.0013,1.0016,1.80,1.60
2008.06.02 11:35:04.715,1.0013,1.0016,0.80,1.60
2008.06.02 11:35:04.797,1.0013,1.0016,1.10,1.20
2008.06.02 11:35:04.989,1.0013,1.0016,0.50,2.60
2008.06.02 11:35:05.218,1.0013,1.0016,0.80,0.50
2008.06.02 11:35:05.299,1.0013,1.0016,1.40,2.60
2008.06.02 11:35:05.384,1.0013,1.0016,2.20,1.60
2008.06.02 11:35:05.927,1.00135,1.0016,0.60,1.60
2008.06.02 11:35:09.158,1.0014,1.0016,0.50,1.60
2008.06.02 11:35:09.440,1.0014,1.0016,2.80,1.60
2008.06.02 11:35:09.631,1.0014,1.0016,0.80,1.60
2008.06.02 11:35:09.803,1.0014,1.0016,0.80,1.60
2008.06.02 11:35:09.945,1.0014,1.00175,1.60,0.30
2008.06.02 11:35:10.278,1.0014,1.00175,1.10,0.70
2008.06.02 11:35:10.490,1.0014,1.0017,0.50,0.30
2008.06.02 11:35:10.895,1.0015,1.0017,0.50,0.30
2008.06.02 11:35:15.926,1.0015,1.00175,0.50,0.30
2008.06.02 11:35:21.427,1.0015,1.0017,0.50,2.40
2008.06.02 11:35:21.805,1.0015,1.00165,0.50,0.50
2008.06.02 11:35:21.903,1.0014,1.00165,0.60,0.50
2008.06.02 11:35:26.481,1.0013,1.00165,0.60,0.50
2008.06.02 11:35:26.995,1.0013,1.00165,0.60,0.70
2008.06.02 11:35:30.474,1.0013,1.0016,0.60,0.30
2008.06.02 11:35:35.730,1.0013,1.0016,0.60,1.00
2008.06.02 11:35:35.869,1.0013,1.00155,0.60,0.50
2008.06.02 11:35:36.015,1.00125,1.00155,0.60,0.70
2008.06.02 11:35:36.904,1.00125,1.00155,0.60,0.30
2008.06.02 11:35:37.812,1.00125,1.0016,1.00,0.30
2008.06.02 11:35:38.557,1.0013,1.0016,0.60,0.30
2008.06.02 11:35:42.075,1.0013,1.00165,0.60,0.70
2008.06.02 11:35:42.432,1.0013,1.0016,0.60,0.50
2008.06.02 11:35:42.504,1.0013,1.0016,0.60,2.80
2008.06.02 11:35:42.627,1.0013,1.0016,0.60,1.20
2008.06.02 11:35:47.689,1.0013,1.0016,0.60,2.60
2008.06.02 11:35:47.806,1.0013,1.0016,1.50,0.30
2008.06.02 11:35:47.859,1.0013,1.00165,2.20,0.30
2008.06.02 11:35:47.917,1.00135,1.0017,0.60,1.50
2008.06.02 11:35:48.053,1.0014,1.0017,2.40,1.00
2008.06.02 11:35:48.121,1.0014,1.0017,2.80,1.00
2008.06.02 11:35:48.796,1.0014,1.00165,0.50,0.50
2008.06.02 11:35:48.961,1.0014,1.00165,0.50,0.70
2008.06.02 11:35:49.282,1.0013,1.00165,1.10,0.70
2008.06.02 11:35:50.771,1.0013,1.0016,1.10,2.60
2008.06.02 11:35:50.978,1.0013,1.0016,0.50,2.60
2008.06.02 11:35:51.387,1.0013,1.0016,0.50,2.40
2008.06.02 11:35:51.595,1.0013,1.0016,1.10,2.40
2008.06.02 11:35:53.752,1.0013,1.0016,1.10,2.60
2008.06.02 11:35:53.982,1.0013,1.0016,1.10,1.00
2008.06.02 11:35:54.421,1.0013,1.0016,0.50,2.60
2008.06.02 11:35:54.661,1.0013,1.0016,0.50,0.30
2008.06.02 11:35:54.823,1.0013,1.0016,1.10,0.30
2008.06.02 11:35:58.040,1.0013,1.00165,1.10,0.70
2008.06.02 11:35:59.835,1.0013,1.00165,1.50,0.30
2008.06.02 11:36:00.701,1.0013,1.00165,2.20,0.30
2008.06.02 11:36:00.918,1.0013,1.00165,1.50,0.30
2008.06.02 11:36:01.320,1.0013,1.00165,1.80,0.30
2008.06.02 11:36:01.724,1.0013,1.00165,1.50,0.30
2008.06.02 11:36:02.395,1.0013,1.0016,0.80,0.30
2008.06.02 11:36:03.210,1.0013,1.0016,0.50,0.30
2008.06.02 11:36:05.239,1.0013,1.0016,0.50,1.00
2008.06.02 11:36:05.464,1.00125,1.0013,0.90,2.40
2008.06.02 11:36:05.608,1.001,1.00125,5.60,0.30
2008.06.02 11:36:05.731,1.0008,1.00115,4.20,0.30
2008.06.02 11:36:05.844,1.0008,1.00115,0.60,0.30
2008.06.02 11:36:06.009,1.0009,1.00115,0.80,0.30
2008.06.02 11:36:06.168,1.00095,1.0012,0.60,0.80
2008.06.02 11:36:07.435,1.00095,1.0012,0.60,1.20
2008.06.02 11:36:07.659,1.00085,1.0012,1.00,1.50
2008.06.02 11:36:08.286,1.0009,1.0012,0.50,1.00
2008.06.02 11:36:08.861,1.00085,1.0012,1.00,1.50
2008.06.02 11:36:08.968,1.00085,1.00115,0.60,0.50
2008.06.02 11:36:09.430,1.00085,1.0012,1.00,1.50
2008.06.02 11:36:09.820,1.0009,1.00115,0.50,0.50
2008.06.02 11:36:10.175,1.0009,1.0012,0.50,0.90
2008.06.02 11:36:10.446,1.0009,1.0012,0.80,1.70
2008.06.02 11:36:11.524,1.0009,1.0012,0.50,2.10
2008.06.02 11:36:14.516,1.0009,1.0012,2.80,1.80
2008.06.02 11:36:14.710,1.0009,1.0012,1.60,1.80
2008.06.02 11:36:15.112,1.0009,1.0012,1.50,1.80
2008.06.02 11:36:15.461,1.0009,1.0012,1.10,0.80
2008.06.02 11:36:15.648,1.0009,1.0012,0.50,0.70
2008.06.02 11:36:18.488,1.0009,1.0012,0.80,1.70
2008.06.02 11:36:18.663,1.0009,1.0012,0.70,1.80
2008.06.02 11:36:18.856,1.0009,1.0012,0.70,1.80
2008.06.02 11:36:19.484,1.0009,1.0012,0.90,1.80
2008.06.02 11:36:19.671,1.0009,1.0012,0.50,1.00
2008.06.02 11:36:22.771,1.0009,1.0012,0.50,1.80
2008.06.02 11:36:23.044,1.0009,1.0012,1.10,0.80
2008.06.02 11:36:23.557,1.00095,1.0012,0.50,0.80
2008.06.02 11:36:23.799,1.0009,1.0012,1.50,0.80
2008.06.02 11:36:25.201,1.0009,1.0012,1.10,0.80
2008.06.02 11:36:25.322,1.0009,1.0012,1.10,1.40
2008.06.02 11:36:25.438,1.0009,1.0012,0.50,2.10
2008.06.02 11:36:26.364,1.0009,1.00115,0.50,0.50
2008.06.02 11:36:26.923,1.0009,1.0012,0.80,1.50
2008.06.02 11:36:27.133,1.0009,1.0012,0.80,1.80
2008.06.02 11:36:27.577,1.0009,1.0012,1.30,1.60
2008.06.02 11:36:28.647,1.0009,1.0012,1.70,2.00
2008.06.02 11:36:34.539,1.0009,1.0012,1.10,2.00
2008.06.02 11:36:34.925,1.0009,1.0012,1.50,1.60
2008.06.02 11:36:35.047,1.0009,1.0012,0.80,1.80
2008.06.02 11:36:35.537,1.0009,1.00115,0.50,0.50
2008.06.02 11:36:35.817,1.0009,1.00115,0.50,0.70
2008.06.02 11:36:37.950,1.0009,1.00115,0.80,0.30
2008.06.02 11:36:38.170,1.001,1.0012,0.50,1.00
2008.06.02 11:36:38.372,1.001,1.0012,1.20,0.80
2008.06.02 11:36:38.571,1.001,1.00125,0.50,0.70
2008.06.02 11:36:39.259,1.001,1.00125,2.80,0.70
2008.06.02 11:36:39.612,1.001,1.00125,1.10,0.50
2008.06.02 11:36:39.914,1.0011,1.00145,1.50,0.30
2008.06.02 11:36:40.135,1.00115,1.0015,1.00,0.80
2008.06.02 11:36:40.543,1.00115,1.00145,0.60,0.50
2008.06.02 11:36:41.319,1.0012,1.0015,0.60,2.80
2008.06.02 11:36:41.699,1.00125,1.0015,1.00,2.40
2008.06.02 11:36:42.991,1.0013,1.0015,0.50,2.40
2008.06.02 11:36:43.113,1.0013,1.0016,1.00,0.30
2008.06.02 11:36:44.372,1.0013,1.00165,1.00,0.70
2008.06.02 11:36:44.617,1.00135,1.00165,0.60,0.50
2008.06.02 11:36:44.941,1.00135,1.0017,1.00,0.30
2008.06.02 11:36:47.386,1.00135,1.00165,0.60,0.50
2008.06.02 11:36:47.795,1.00135,1.00165,0.60,0.70
2008.06.02 11:36:54.581,1.0014,1.00165,0.50,0.30
2008.06.02 11:36:54.780,1.0014,1.0017,0.50,0.30
2008.06.02 11:36:56.089,1.0014,1.0017,0.50,1.00
2008.06.02 11:37:01.559,1.0014,1.0017,0.50,0.30
2008.06.02 11:37:01.690,1.0014,1.00175,1.10,0.70
2008.06.02 11:37:02.419,1.0014,1.00175,1.90,0.70
2008.06.02 11:37:02.566,1.00145,1.00175,0.50,0.30
2008.06.02 11:37:02.753,1.0015,1.00175,0.50,0.30
2008.06.02 11:37:03.167,1.0014,1.0017,1.60,0.30
2008.06.02 11:37:03.768,1.0014,1.0017,0.80,0.30
2008.06.02 11:37:04.309,1.0014,1.0017,0.50,0.30
2008.06.02 11:37:04.538,1.0014,1.0017,0.80,0.30
2008.06.02 11:37:04.738,1.0014,1.00175,0.90,0.30
2008.06.02 11:37:04.933,1.0014,1.00175,0.80,0.30
2008.06.02 11:37:05.127,1.0015,1.00175,0.50,0.30
2008.06.02 11:37:05.336,1.0015,1.00185,0.80,0.30
2008.06.02 11:37:05.703,1.0015,1.00185,1.10,0.70
2008.06.02 11:37:06.049,1.0015,1.0018,1.10,0.30
2008.06.02 11:37:07.942,1.00155,1.0018,0.50,0.30
2008.06.02 11:37:08.747,1.0016,1.0019,0.80,1.60
2008.06.02 11:37:08.901,1.0016,1.0019,1.50,1.60
2008.06.02 11:37:09.297,1.0016,1.0019,2.30,1.60
2008.06.02 11:37:09.494,1.00165,1.0019,0.60,1.60
2008.06.02 11:37:09.913,1.0017,1.0019,0.50,1.60
2008.06.02 11:37:10.135,1.00165,1.0019,1.00,1.60
2008.06.02 11:37:10.359,1.00165,1.002,0.60,2.80
2008.06.02 11:37:10.590,1.0017,1.002,0.60,2.90
2008.06.02 11:37:10.916,1.0017,1.002,0.60,2.40
2008.06.02 11:37:11.242,1.0017,1.002,2.20,2.40
2008.06.02 11:37:11.572,1.00175,1.002,0.60,2.40
2008.06.02 11:37:11.767,1.0017,1.002,1.00,2.40
2008.06.02 11:37:12.855,1.0017,1.002,0.50,2.60
2008.06.02 11:37:13.519,1.0017,1.002,2.80,2.60
2008.06.02 11:37:13.783,1.0017,1.002,0.50,2.60
2008.06.02 11:37:13.974,1.0017,1.002,2.80,2.60
2008.06.02 11:37:15.446,1.0017,1.002,0.50,2.60
2008.06.02 11:37:15.641,1.0017,1.002,2.80,2.60
2008.06.02 11:37:15.974,1.0017,1.002,0.50,2.60
2008.06.02 11:37:18.462,1.00165,1.002,1.00,2.60
2008.06.02 11:37:21.556,1.0017,1.002,0.50,2.60
2008.06.02 11:37:21.955,1.00165,1.002,1.00,2.60
2008.06.02 11:37:24.256,1.00165,1.002,0.60,1.70
2008.06.02 11:37:24.538,1.0016,1.002,2.30,2.20
2008.06.02 11:37:24.835,1.0016,1.002,2.30,2.80
2008.06.02 11:37:25.125,1.00165,1.0019,0.60,2.80
2008.06.02 11:37:25.410,1.00155,1.0019,0.60,1.00
2008.06.02 11:37:26.261,1.00155,1.0019,0.60,0.70
2008.06.02 11:37:26.419,1.00155,1.0019,1.00,0.30
2008.06.02 11:37:26.584,1.0016,1.00195,1.00,0.30
2008.06.02 11:37:26.743,1.0016,1.00195,0.60,0.70
2008.06.02 11:37:27.048,1.0016,1.0019,0.60,0.30
2008.06.02 11:37:29.584,1.0016,1.0019,1.50,0.30
2008.06.02 11:37:30.031,1.0016,1.00195,1.50,0.30
2008.06.02 11:37:31.483,1.0016,1.0019,0.80,0.30
2008.06.02 11:37:31.925,1.0016,1.00195,1.50,0.30
2008.06.02 11:37:34.232,1.0016,1.00195,0.80,0.30
2008.06.02 11:37:34.624,1.0016,1.0019,0.80,1.70
2008.06.02 11:37:34.895,1.0016,1.0019,1.50,1.80
2008.06.02 11:37:34.942,1.0016,1.0019,1.00,1.00
2008.06.02 11:37:35.105,1.0016,1.0019,0.60,1.90
2008.06.02 11:37:35.469,1.00155,1.0019,0.60,1.10
2008.06.02 11:37:36.741,1.00155,1.0019,0.60,2.20
2008.06.02 11:37:37.071,1.00155,1.0019,0.60,1.40
2008.06.02 11:37:40.488,1.00155,1.0019,0.60,1.30
2008.06.02 11:37:43.347,1.00155,1.0019,0.60,2.20
2008.06.02 11:37:44.938,1.00155,1.0019,0.60,1.50
2008.06.02 11:37:45.357,1.0015,1.00185,1.80,0.30
2008.06.02 11:37:49.578,1.00155,1.0019,0.60,1.80
2008.06.02 11:37:56.059,1.0016,1.0019,0.60,2.10
2008.06.02 11:38:00.939,1.0016,1.0019,0.60,1.20
2008.06.02 11:38:01.067,1.0016,1.0019,1.00,0.80
2008.06.02 11:38:01.197,1.0016,1.00195,1.00,0.30
2008.06.02 11:38:01.518,1.00165,1.00195,0.60,0.30
2008.06.02 11:38:01.711,1.00165,1.00195,0.60,0.70
2008.06.02 11:38:01.908,1.0016,1.00195,0.60,0.70
2008.06.02 11:38:02.116,1.0016,1.00195,1.00,0.30
2008.06.02 11:38:02.323,1.0016,1.00195,0.60,0.70
2008.06.02 11:38:02.815,1.00155,1.0019,0.60,1.80
2008.06.02 11:38:03.176,1.00155,1.0019,0.60,2.80
2008.06.02 11:38:03.344,1.0016,1.00195,0.60,0.70
2008.06.02 11:38:07.942,1.0016,1.00195,1.00,0.30
2008.06.02 11:38:08.972,1.0016,1.0019,0.60,0.50
2008.06.02 11:38:09.200,1.00155,1.0019,0.60,0.70
2008.06.02 11:38:09.959,1.00155,1.0019,0.60,1.40
2008.06.02 11:38:11.462,1.0016,1.0019,0.50,2.60
2008.06.02 11:38:11.640,1.0016,1.00195,1.00,0.30
2008.06.02 11:38:11.809,1.0016,1.00195,1.30,0.30
2008.06.02 11:38:12.356,1.0016,1.00195,1.00,0.30
2008.06.02 11:38:12.561,1.0016,1.0019,1.00,0.30
2008.06.02 11:38:14.736,1.0016,1.0019,0.60,0.30
2008.06.02 11:38:15.627,1.0016,1.0019,0.60,2.60
2008.06.02 11:38:15.812,1.0016,1.0019,0.60,1.30
2008.06.02 11:38:18.284,1.0016,1.0019,0.60,0.70
2008.06.02 11:38:18.355,1.0016,1.0019,0.60,0.30
2008.06.02 11:38:18.486,1.0016,1.0019,0.60,0.70
2008.06.02 11:38:18.572,1.0016,1.0019,0.60,0.50
2008.06.02 11:38:18.673,1.0016,1.0019,0.60,2.80
2008.06.02 11:38:19.046,1.0016,1.0019,0.60,1.30
2008.06.02 11:38:26.094,1.0016,1.0019,0.60,1.20
2008.06.02 11:38:26.260,1.0016,1.00185,0.60,0.50
2008.06.02 11:38:26.424,1.00155,1.00185,0.60,0.70
2008.06.02 11:38:32.197,1.00155,1.0018,0.60,0.50
2008.06.02 11:38:32.292,1.00155,1.0018,0.60,2.80
2008.06.02 11:38:34.250,1.00155,1.00175,0.60,0.50
2008.06.02 11:38:34.437,1.00145,1.00175,0.60,0.50
2008.06.02 11:38:34.651,1.0014,1.0017,0.60,0.50
2008.06.02 11:38:34.778,1.0014,1.0017,0.60,1.90
2008.06.02 11:38:35.023,1.0014,1.0017,0.60,1.10
2008.06.02 11:38:35.238,1.00135,1.00165,0.60,0.50
2008.06.02 11:38:35.351,1.0013,1.00165,0.60,0.70
2008.06.02 11:38:35.802,1.0013,1.0016,0.60,2.40
2008.06.02 11:38:36.779,1.0013,1.00165,0.60,0.70
2008.06.02 11:38:37.912,1.0013,1.00165,1.20,0.70
2008.06.02 11:38:40.162,1.0013,1.0016,0.60,2.40
2008.06.02 11:38:40.655,1.0013,1.00155,0.60,0.50
2008.06.02 11:38:41.156,1.0013,1.0016,0.60,2.80
2008.06.02 11:38:41.406,1.00125,1.0016,0.60,1.20
2008.06.02 11:38:48.994,1.00125,1.00155,0.60,0.50
2008.06.02 11:38:52.547,1.0013,1.00155,0.80,0.50
2008.06.02 11:38:52.692,1.0013,1.0016,1.20,2.60
2008.06.02 11:38:52.732,1.0013,1.0016,1.30,0.30
2008.06.02 11:38:52.900,1.00135,1.0017,0.60,1.10
2008.06.02 11:38:53.177,1.00135,1.0017,0.60,1.90
2008.06.02 11:38:53.721,1.00135,1.0017,0.60,1.30
2008.06.02 11:38:54.330,1.00135,1.0017,0.60,0.80
2008.06.02 11:38:54.500,1.00135,1.0017,0.60,2.30
2008.06.02 11:38:55.351,1.00135,1.0017,0.60,2.10
2008.06.02 11:38:57.624,1.00135,1.00165,0.60,0.50
2008.06.02 11:39:05.078,1.00135,1.00165,0.60,0.50
2008.06.02 11:39:07.552,1.0013,1.00165,0.80,0.70
2008.06.02 11:39:08.419,1.00125,1.00165,1.00,0.70
2008.06.02 11:39:08.669,1.00125,1.0016,0.60,0.50
2008.06.02 11:39:09.156,1.00125,1.0016,0.60,0.70
2008.06.02 11:39:10.254,1.00125,1.0016,0.60,1.20
2008.06.02 11:39:10.461,1.00125,1.00155,0.60,0.50
2008.06.02 11:39:18.797,1.0013,1.0016,2.40,0.30
2008.06.02 11:39:18.998,1.0013,1.0016,0.60,0.50
2008.06.02 11:39:19.120,1.00125,1.0016,0.60,0.70
2008.06.02 11:39:23.986,1.00125,1.0016,1.00,0.30
2008.06.02 11:39:24.076,1.0013,1.0016,2.40,0.30
2008.06.02 11:39:24.220,1.0013,1.0016,2.40,0.70
2008.06.02 11:39:24.282,1.00125,1.0016,0.60,0.70
2008.06.02 11:39:24.731,1.0013,1.0016,0.50,0.30
2008.06.02 11:39:24.865,1.0013,1.0016,2.80,0.30
2008.06.02 11:39:25.003,1.00135,1.00165,0.60,0.30
2008.06.02 11:39:26.290,1.00135,1.00165,0.60,0.70
2008.06.02 11:39:26.371,1.0013,1.00165,0.90,0.70
2008.06.02 11:39:26.732,1.0013,1.0016,2.10,0.50
2008.06.02 11:39:26.798,1.0013,1.0016,1.10,2.80
2008.06.02 11:39:27.101,1.0013,1.0016,0.60,2.80
2008.06.02 11:39:28.003,1.0013,1.00155,0.60,0.50
2008.06.02 11:39:28.316,1.00125,1.0016,1.00,0.50
2008.06.02 11:39:28.625,1.0013,1.0016,0.80,0.80
2008.06.02 11:39:29.156,1.0013,1.0016,0.60,0.60
2008.06.02 11:39:29.284,1.00125,1.00155,0.60,0.50
2008.06.02 11:39:29.743,1.00125,1.0016,0.60,1.40
2008.06.02 11:39:30.694,1.00125,1.0016,1.00,1.70
2008.06.02 11:39:31.255,1.0013,1.0016,2.40,1.00
2008.06.02 11:39:31.763,1.0013,1.00155,2.40,0.50
2008.06.02 11:39:31.833,1.00125,1.00155,0.60,0.50
2008.06.02 11:39:32.292,1.00125,1.0016,0.60,0.80
2008.06.02 11:39:43.173,1.00125,1.0016,0.60,0.70
2008.06.02 11:39:49.507,1.0013,1.0016,0.60,2.80
2008.06.02 11:39:49.746,1.0013,1.0016,0.60,2.40
2008.06.02 11:39:49.894,1.0013,1.00165,1.10,0.70
2008.06.02 11:39:49.996,1.0013,1.00165,0.60,0.50
2008.06.02 11:39:50.150,1.0013,1.00165,1.90,0.50
2008.06.02 11:39:50.387,1.0013,1.00165,0.70,0.70
2008.06.02 11:39:50.775,1.0013,1.0016,1.10,0.50
2008.06.02 11:39:51.036,1.00125,1.00155,0.60,0.50
2008.06.02 11:39:51.379,1.00125,1.0016,0.60,0.90
2008.06.02 11:39:52.214,1.00125,1.00155,0.60,0.50
2008.06.02 11:39:56.237,1.00125,1.0016,0.60,1.60
2008.06.02 11:39:56.308,1.00125,1.0016,0.60,1.40
2008.06.02 11:39:58.429,1.00125,1.00155,0.60,0.30
2008.06.02 11:40:02.308,1.00125,1.00155,0.60,0.70
2008.06.02 11:40:02.377,1.00125,1.0015,0.60,2.40
2008.06.02 11:40:02.452,1.0012,1.0015,0.60,2.60
2008.06.02 11:40:07.171,1.00125,1.0015,0.50,2.60
2008.06.02 11:40:07.302,1.00125,1.00155,0.50,0.30
2008.06.02 11:40:07.552,1.0012,1.00155,1.50,0.30
2008.06.02 11:40:07.699,1.0012,1.0015,0.80,0.30
2008.06.02 11:40:15.998,1.00125,1.0015,0.50,0.30
2008.06.02 11:40:16.137,1.00125,1.00155,0.50,0.30
2008.06.02 11:40:16.337,1.0012,1.00155,1.50,0.30
2008.06.02 11:40:17.877,1.00125,1.00155,0.50,0.30
2008.06.02 11:40:18.124,1.0012,1.0015,0.80,0.30
2008.06.02 11:40:18.504,1.0012,1.0015,0.50,2.60
2008.06.02 11:40:18.645,1.0012,1.0015,2.80,0.30
2008.06.02 11:40:18.784,1.00125,1.00155,0.50,0.30
2008.06.02 11:40:19.044,1.0012,1.00155,1.50,0.30
2008.06.02 11:40:21.849,1.00125,1.00155,0.50,0.30
2008.06.02 11:40:22.320,1.0013,1.00155,2.40,0.30
2008.06.02 11:40:22.577,1.0013,1.0016,2.80,0.30
2008.06.02 11:40:25.232,1.0013,1.0016,0.50,0.80
2008.06.02 11:40:25.304,1.0013,1.0015,0.50,0.30
2008.06.02 11:40:25.686,1.0012,1.0015,2.80,0.30
2008.06.02 11:40:25.876,1.0012,1.0015,0.50,0.30
2008.06.02 11:40:26.040,1.0012,1.0015,2.80,0.30
2008.06.02 11:40:26.220,1.0012,1.0015,0.50,0.30
2008.06.02 11:40:27.735,1.0012,1.0015,2.80,0.30
2008.06.02 11:40:31.881,1.0012,1.0015,0.50,2.60
2008.06.02 11:40:31.920,1.00115,1.00145,0.60,0.50
2008.06.02 11:40:31.986,1.0011,1.00145,1.80,0.70
2008.06.02 11:40:32.044,1.0011,1.00145,2.00,0.70
2008.06.02 11:40:32.283,1.00115,1.00145,0.50,0.30
2008.06.02 11:40:32.549,1.00115,1.00145,1.00,0.30
2008.06.02 11:40:32.661,1.00115,1.0015,1.00,4.10
2008.06.02 11:40:32.811,1.00115,1.0015,1.00,2.60
2008.06.02 11:40:32.962,1.00115,1.0015,0.60,0.80
2008.06.02 11:40:34.372,1.00115,1.0015,1.00,2.60
2008.06.02 11:40:34.612,1.0012,1.0015,0.60,2.40
2008.06.02 11:40:37.027,1.00115,1.0015,1.00,2.40
2008.06.02 11:40:37.339,1.00115,1.0015,1.00,2.60
2008.06.02 11:40:44.452,1.00115,1.0015,0.60,1.40
2008.06.02 11:40:47.835,1.00115,1.0015,0.60,3.60
2008.06.02 11:41:07.979,1.0014,1.0015,0.50,0.70
2008.06.02 11:41:08.124,1.0014,1.0016,0.50,1.50
2008.06.02 11:41:08.505,1.0014,1.00155,0.50,0.50
2008.06.02 11:41:08.754,1.0014,1.00155,0.50,0.70
2008.06.02 11:41:08.923,1.0012,1.00155,2.40,0.70
2008.06.02 11:41:09.342,1.0012,1.0015,2.40,0.80
2008.06.02 11:41:09.554,1.0012,1.00155,2.40,0.70
2008.06.02 11:41:09.768,1.0012,1.0015,2.40,0.30
2008.06.02 11:41:10.439,1.00115,1.0015,1.00,2.60
2008.06.02 11:41:10.612,1.00115,1.0015,0.60,2.80
2008.06.02 11:41:10.753,1.0011,1.00145,1.50,0.30
2008.06.02 11:41:11.027,1.00115,1.00145,0.50,0.30
2008.06.02 11:41:11.204,1.0012,1.00145,0.50,0.30
2008.06.02 11:41:11.884,1.0012,1.00145,0.50,0.70
2008.06.02 11:41:12.039,1.0012,1.0014,0.50,2.40
2008.06.02 11:41:12.521,1.0012,1.00145,0.50,0.70
2008.06.02 11:41:12.693,1.0012,1.0014,0.50,0.30
2008.06.02 11:41:37.913,1.0012,1.00145,0.50,0.70
2008.06.02 11:41:38.173,1.0011,1.0014,0.60,1.70
2008.06.02 11:41:38.966,1.00105,1.0014,0.60,2.70
2008.06.02 11:41:55.858,1.00105,1.00135,0.60,0.30
2008.06.02 11:42:21.233,1.001,1.00135,1.00,0.30
2008.06.02 11:42:21.546,1.00105,1.00135,0.50,0.30
2008.06.02 11:42:21.734,1.0011,1.00135,0.50,0.30
2008.06.02 11:42:23.384,1.0011,1.0014,0.50,2.60
2008.06.02 11:42:27.022,1.0011,1.0014,0.80,2.60
2008.06.02 11:42:27.378,1.0011,1.0014,0.80,0.30
2008.06.02 11:42:27.861,1.0012,1.0015,0.50,2.60
2008.06.02 11:42:28.172,1.0012,1.00155,2.30,0.30
2008.06.02 11:42:28.482,1.0013,1.0016,0.50,1.70
2008.06.02 11:42:28.792,1.0013,1.0016,0.50,3.90
2008.06.02 11:42:28.901,1.0013,1.0016,0.50,0.80
2008.06.02 11:42:29.110,1.0013,1.0016,0.50,1.90
2008.06.02 11:42:29.219,1.0013,1.0016,0.50,0.30
2008.06.02 11:42:32.099,1.0013,1.0016,0.50,1.00
2008.06.02 11:42:32.221,1.0013,1.0016,0.50,2.60
2008.06.02 11:42:32.359,1.0013,1.00155,0.50,0.30
2008.06.02 11:42:34.119,1.0013,1.00155,0.50,0.70
2008.06.02 11:42:34.376,1.0013,1.0015,0.50,0.30
2008.06.02 11:42:34.999,1.0013,1.0015,0.50,0.70
2008.06.02 11:42:35.309,1.0012,1.0015,0.60,2.60
2008.06.02 11:42:35.564,1.0012,1.0015,0.60,3.50
2008.06.02 11:42:35.938,1.0012,1.0015,0.60,2.00
2008.06.02 11:42:36.032,1.0012,1.0015,1.10,1.50
2008.06.02 11:42:36.254,1.0012,1.0015,1.10,1.00
2008.06.02 11:42:37.704,1.0012,1.0015,1.50,1.00
2008.06.02 11:42:37.877,1.0012,1.0015,1.50,0.30
2008.06.02 11:42:37.956,1.0012,1.00155,1.50,0.30
2008.06.02 11:42:39.126,1.0012,1.00155,1.10,0.70
2008.06.02 11:42:39.263,1.0013,1.00155,0.50,0.70
2008.06.02 11:42:39.400,1.0013,1.0015,0.50,2.40
2008.06.02 11:42:39.538,1.0013,1.0015,0.50,2.80
2008.06.02 11:42:39.683,1.00115,1.0015,0.60,0.90
2008.06.02 11:42:39.937,1.00115,1.0015,0.60,2.60
2008.06.02 11:42:40.104,1.00115,1.0015,1.00,1.00
2008.06.02 11:42:40.436,1.0012,1.0015,0.80,0.30
2008.06.02 11:42:40.762,1.0012,1.00155,1.50,0.30
2008.06.02 11:42:42.170,1.0012,1.00155,1.10,0.70
2008.06.02 11:42:42.643,1.0013,1.00155,0.50,0.70
2008.06.02 11:42:42.728,1.0013,1.00155,0.50,0.30
2008.06.02 11:42:43.102,1.0013,1.00155,0.50,0.70
2008.06.02 11:42:43.189,1.0012,1.00155,1.10,0.70
2008.06.02 11:42:45.900,1.0012,1.0015,0.50,3.60
2008.06.02 11:42:46.516,1.0012,1.00145,0.50,0.30
2008.06.02 11:42:49.227,1.0011,1.00145,1.10,0.70
2008.06.02 11:42:49.492,1.0011,1.00145,1.50,0.30
2008.06.02 11:42:49.675,1.0011,1.00145,1.10,0.70
2008.06.02 11:42:49.895,1.0011,1.0014,0.50,0.30
2008.06.02 11:42:50.177,1.0011,1.0014,0.50,1.00
2008.06.02 11:42:51.820,1.0011,1.0014,0.50,0.30
2008.06.02 11:42:52.041,1.0011,1.0014,0.80,0.30
2008.06.02 11:42:54.024,1.00115,1.0014,0.50,0.30
2008.06.02 11:42:54.254,1.0012,1.0014,0.50,0.30
2008.06.02 11:42:54.343,1.0012,1.00145,0.50,0.30
2008.06.02 11:42:56.593,1.0012,1.00145,0.80,0.30
2008.06.02 11:42:56.746,1.0012,1.00145,1.60,0.30
2008.06.02 11:42:56.894,1.0012,1.0015,1.60,0.30
2008.06.02 11:42:59.354,1.0012,1.0015,0.50,0.80
2008.06.02 11:42:59.546,1.0012,1.0014,0.50,2.40
2008.06.02 11:42:59.929,1.0012,1.00145,0.50,0.70
2008.06.02 11:43:00.310,1.0012,1.0014,0.50,2.40
2008.06.02 11:43:01.632,1.0012,1.0014,0.80,2.40
2008.06.02 11:43:01.743,1.0012,1.00145,0.80,0.30
2008.06.02 11:43:02.010,1.0012,1.0015,0.80,1.00
2008.06.02 11:43:02.529,1.0012,1.0015,0.50,1.00
2008.06.02 11:43:02.702,1.0012,1.0015,0.50,2.10
2008.06.02 11:43:02.876,1.0012,1.00145,0.50,0.30
2008.06.02 11:43:10.291,1.0012,1.0014,0.50,2.40
2008.06.02 11:43:10.959,1.0011,1.0014,0.50,2.60
2008.06.02 11:43:11.280,1.0011,1.0014,0.50,0.30
2008.06.02 11:43:12.080,1.0011,1.0014,0.50,0.70
2008.06.02 11:43:12.332,1.0011,1.00135,0.50,0.30
2008.06.02 11:43:12.431,1.00105,1.00135,0.60,0.30
2008.06.02 11:43:15.417,1.0011,1.00135,0.50,0.30
2008.06.02 11:43:15.785,1.00105,1.00135,0.60,0.30
2008.06.02 11:43:17.039,1.0011,1.00135,0.50,0.30
2008.06.02 11:43:18.789,1.001,1.00135,2.40,0.30
2008.06.02 11:43:19.403,1.001,1.0013,2.40,2.40
2008.06.02 11:43:19.603,1.001,1.0012,0.50,0.50
2008.06.02 11:43:19.841,1.001,1.0012,0.50,0.80
2008.06.02 11:43:20.039,1.001,1.0012,0.50,1.00
2008.06.02 11:43:20.378,1.001,1.0012,0.50,0.80
2008.06.02 11:43:20.612,1.0009,1.0012,0.50,2.10
2008.06.02 11:43:20.744,1.0009,1.0012,0.50,3.00
2008.06.02 11:43:20.870,1.0009,1.0012,0.50,1.40
2008.06.02 11:43:20.988,1.0009,1.0012,0.50,0.80
2008.06.02 11:43:22.038,1.0009,1.0012,1.10,0.80
2008.06.02 11:43:22.409,1.0009,1.0012,0.50,1.00
2008.06.02 11:43:22.537,1.0009,1.0012,0.50,0.30
2008.06.02 11:43:22.851,1.0009,1.00125,1.10,0.70
2008.06.02 11:43:23.551,1.0009,1.00115,1.10,0.50
2008.06.02 11:43:23.856,1.0009,1.00115,0.50,0.50
2008.06.02 11:43:24.182,1.0009,1.0012,0.50,1.60
2008.06.02 11:43:24.410,1.0009,1.0012,0.50,0.30
2008.06.02 11:43:24.625,1.0009,1.0012,1.20,0.30
2008.06.02 11:43:24.840,1.001,1.0012,0.50,0.30
2008.06.02 11:43:25.056,1.001,1.0013,0.50,1.00
2008.06.02 11:43:27.762,1.001,1.0013,0.50,0.90
2008.06.02 11:43:28.001,1.001,1.0013,0.50,1.30
2008.06.02 11:43:28.086,1.001,1.00125,0.50,0.50
2008.06.02 11:43:28.231,1.001,1.00125,0.50,0.70
2008.06.02 11:43:28.755,1.001,1.00125,0.50,0.30
2008.06.02 11:43:31.823,1.001,1.0013,0.50,0.90
2008.06.02 11:43:32.068,1.001,1.0012,0.50,2.40
2008.06.02 11:43:32.771,1.001,1.00125,0.50,0.30
2008.06.02 11:43:38.226,1.001,1.0012,0.50,2.40
2008.06.02 11:43:38.803,1.001,1.00125,0.50,0.30
2008.06.02 11:43:39.922,1.001,1.0012,0.50,2.40
2008.06.02 11:43:50.486,1.001,1.0011,0.50,2.40
2008.06.02 11:43:50.593,1.00085,1.0011,0.60,2.40
2008.06.02 11:43:50.852,1.00085,1.0011,1.00,2.40
2008.06.02 11:43:50.952,1.0009,1.0012,0.50,2.60
2008.06.02 11:44:02.883,1.0009,1.0012,0.80,2.60
2008.06.02 11:44:03.030,1.0009,1.0012,0.70,2.60
2008.06.02 11:44:03.341,1.0009,1.0012,0.70,0.30
2008.06.02 11:44:03.616,1.0009,1.0012,1.50,0.30
2008.06.02 11:44:03.997,1.0009,1.0012,0.80,0.30
2008.06.02 11:44:04.145,1.0009,1.0012,0.80,1.00
2008.06.02 11:44:11.305,1.0009,1.0012,0.80,1.80
2008.06.02 11:44:11.434,1.0009,1.0012,0.80,2.60
2008.06.02 11:44:11.572,1.0009,1.0012,0.80,0.30
2008.06.02 11:44:13.250,1.0009,1.0012,0.50,0.30
2008.06.02 11:44:13.549,1.0009,1.0012,0.50,1.80
2008.06.02 11:44:14.208,1.0009,1.00115,0.50,0.30
2008.06.02 11:44:18.308,1.0009,1.00115,0.50,0.70
2008.06.02 11:44:18.396,1.0008,1.00115,0.50,0.70
2008.06.02 11:44:18.494,1.0008,1.0011,1.90,0.50
2008.06.02 11:44:18.591,1.0008,1.0011,2.40,2.10
2008.06.02 11:44:18.776,1.0008,1.0011,2.40,2.30
2008.06.02 11:44:19.240,1.0008,1.0011,2.40,0.70
2008.06.02 11:44:20.257,1.0008,1.0011,2.40,1.00
2008.06.02 11:44:20.671,1.0008,1.001,2.40,2.40
2008.06.02 11:44:21.426,1.0007,1.001,1.70,2.40
2008.06.02 11:44:21.645,1.0007,1.00105,2.60,0.70
2008.06.02 11:44:21.856,1.00075,1.00105,0.50,0.30
2008.06.02 11:44:22.063,1.0007,1.001,2.50,2.40
2008.06.02 11:44:22.334,1.0007,1.001,1.60,2.40
2008.06.02 11:44:24.972,1.0007,1.001,1.40,2.40
2008.06.02 11:44:25.225,1.0007,1.001,0.70,2.40
2008.06.02 11:44:28.794,1.00075,1.001,0.50,2.40
2008.06.02 11:44:28.901,1.00075,1.0011,1.00,1.40
2008.06.02 11:44:31.122,1.00075,1.0011,0.60,2.10
2008.06.02 11:44:31.493,1.00075,1.001,0.60,2.40
2008.06.02 11:44:31.686,1.0007,1.001,2.00,2.40
2008.06.02 11:44:32.579,1.0007,1.001,1.80,2.40
2008.06.02 11:44:33.319,1.0007,1.0009,2.00,2.40
2008.06.02 11:44:33.446,1.0007,1.0009,2.80,2.40
2008.06.02 11:44:33.539,1.00075,1.00095,0.50,0.30
2008.06.02 11:44:33.631,1.00075,1.0011,1.00,1.70
2008.06.02 11:44:33.902,1.00075,1.0011,0.50,2.20
2008.06.02 11:44:34.175,1.0007,1.001,0.50,2.40
2008.06.02 11:44:34.445,1.0007,1.001,0.80,2.40
2008.06.02 11:44:34.926,1.00075,1.001,0.50,2.40
2008.06.02 11:44:35.326,1.00075,1.0011,1.00,0.60
2008.06.02 11:44:35.540,1.00075,1.0011,1.00,2.60
2008.06.02 11:44:35.752,1.00075,1.001,1.00,2.40
2008.06.02 11:44:36.093,1.00075,1.001,0.60,2.40
2008.06.02 11:44:37.913,1.00075,1.001,1.00,2.40
2008.06.02 11:44:38.155,1.00075,1.00105,1.00,0.30
2008.06.02 11:44:42.428,1.0008,1.0011,0.60,2.60
2008.06.02 11:44:43.168,1.00075,1.0011,1.00,2.60
2008.06.02 11:44:45.449,1.00075,1.0011,1.00,2.10
2008.06.02 11:44:46.028,1.00075,1.0011,1.00,2.60
2008.06.02 11:44:47.590,1.00075,1.0011,1.00,1.30
2008.06.02 11:44:47.836,1.00075,1.0011,1.00,2.60
2008.06.02 11:44:47.956,1.00075,1.0011,1.00,1.10
2008.06.02 11:44:48.418,1.00075,1.0011,1.00,2.60
2008.06.02 11:44:48.556,1.00075,1.0011,1.00,0.50
2008.06.02 11:44:48.879,1.00075,1.0011,1.00,2.60
2008.06.02 11:44:53.104,1.00075,1.0011,1.00,0.60
2008.06.02 11:45:03.798,1.00075,1.0009,1.00,0.80
2008.06.02 11:45:03.988,1.0007,1.0008,1.70,0.80
2008.06.02 11:45:04.297,1.0007,1.0009,2.80,1.70
2008.06.02 11:45:04.428,1.00055,1.00085,0.50,0.30
2008.06.02 11:45:04.653,1.00055,1.00085,1.00,0.30
2008.06.02 11:45:04.878,1.00055,1.0009,1.00,1.00
2008.06.02 11:45:05.952,1.00055,1.0009,1.00,1.50
2008.06.02 11:45:06.058,1.00055,1.0009,1.00,1.40
2008.06.02 11:45:06.370,1.00055,1.0009,1.00,1.60
2008.06.02 11:45:06.937,1.00055,1.0009,0.60,0.60
2008.06.02 11:45:07.250,1.00055,1.00085,0.60,0.30
2008.06.02 11:45:07.721,1.0005,1.00085,1.50,0.30
2008.06.02 11:45:07.922,1.0005,1.0008,1.50,2.40
2008.06.02 11:45:08.127,1.0005,1.00085,1.50,0.70
2008.06.02 11:45:08.323,1.0005,1.00085,1.10,0.70
2008.06.02 11:45:09.096,1.0005,1.00085,1.50,0.70
2008.06.02 11:45:09.305,1.0005,1.00085,1.50,0.30
2008.06.02 11:45:09.706,1.0005,1.0008,1.50,0.30
2008.06.02 11:45:09.854,1.0005,1.0008,1.10,0.30
2008.06.02 11:45:10.124,1.0005,1.0008,1.10,1.00
2008.06.02 11:45:11.294,1.0005,1.0008,1.10,4.20
2008.06.02 11:45:11.527,1.0005,1.0008,0.50,3.70
2008.06.02 11:45:13.627,1.0005,1.0008,1.20,3.80
2008.06.02 11:45:13.790,1.0005,1.0008,1.90,2.00
2008.06.02 11:45:13.957,1.0005,1.0008,1.90,2.30
2008.06.02 11:45:14.022,1.0005,1.0008,1.90,1.10
2008.06.02 11:45:14.095,1.0005,1.00085,1.10,0.70
2008.06.02 11:45:14.316,1.00055,1.00085,0.60,0.70
2008.06.02 11:45:16.933,1.0006,1.00085,0.60,0.50
2008.06.02 11:45:17.037,1.0006,1.0009,0.60,1.20
2008.06.02 11:45:17.246,1.00055,1.0009,0.60,1.30
2008.06.02 11:45:17.748,1.0006,1.0009,0.60,1.50
2008.06.02 11:45:18.008,1.0006,1.0009,0.60,2.60
2008.06.02 11:45:18.104,1.0006,1.0009,0.60,0.30
2008.06.02 11:45:18.197,1.0006,1.00095,0.60,0.70
2008.06.02 11:45:18.761,1.0006,1.00095,1.00,0.30
2008.06.02 11:45:18.951,1.00065,1.00095,0.50,0.30
2008.06.02 11:45:19.152,1.00065,1.00095,1.00,0.30
2008.06.02 11:45:19.358,1.00065,1.00095,0.60,0.30
2008.06.02 11:45:19.814,1.0007,1.001,0.60,0.70
2008.06.02 11:45:20.214,1.00075,1.0011,1.00,0.30
2008.06.02 11:45:20.908,1.0008,1.00115,1.00,0.70
2008.06.02 11:45:21.263,1.00085,1.00115,0.50,0.30
2008.06.02 11:45:22.123,1.00085,1.0012,1.00,1.00
2008.06.02 11:45:22.834,1.0009,1.0012,0.50,1.00
2008.06.02 11:45:22.971,1.0009,1.0012,1.50,0.80
2008.06.02 11:45:23.862,1.0009,1.0012,1.90,0.80
2008.06.02 11:45:24.108,1.00095,1.0012,0.50,0.80
2008.06.02 11:45:25.474,1.0009,1.0012,1.50,0.80
2008.06.02 11:45:27.495,1.00095,1.0012,0.50,0.80
2008.06.02 11:45:28.592,1.001,1.00125,0.50,0.30
2008.06.02 11:45:28.920,1.001,1.00125,0.80,0.30
2008.06.02 11:45:29.090,1.001,1.0013,0.50,1.80
2008.06.02 11:45:29.258,1.001,1.00125,0.50,0.70
2008.06.02 11:45:29.428,1.0009,1.00125,0.60,0.70
2008.06.02 11:45:29.813,1.00095,1.00125,0.60,0.50
2008.06.02 11:45:30.016,1.00095,1.0013,1.00,2.30
2008.06.02 11:45:30.400,1.00095,1.0013,1.00,1.80
2008.06.02 11:45:30.601,1.001,1.0013,1.50,1.60
2008.06.02 11:45:31.945,1.001,1.0013,1.10,2.00
2008.06.02 11:45:32.027,1.001,1.0013,1.10,2.30
2008.06.02 11:45:32.084,1.001,1.0013,1.50,1.40
2008.06.02 11:45:32.143,1.001,1.0013,0.80,1.60
2008.06.02 11:45:32.417,1.001,1.00125,0.50,0.50
2008.06.02 11:45:34.920,1.001,1.0012,0.50,2.40
2008.06.02 11:45:35.049,1.00095,1.0012,0.60,2.40
2008.06.02 11:45:35.174,1.0009,1.0012,1.00,2.40
2008.06.02 11:45:35.335,1.00085,1.00115,0.60,0.50
2008.06.02 11:45:43.190,1.0008,1.00115,1.00,0.70
2008.06.02 11:45:43.457,1.00085,1.00115,0.50,0.30
2008.06.02 11:45:49.804,1.00085,1.0012,1.00,1.00
2008.06.02 11:45:49.997,1.00085,1.00115,0.60,0.50
2008.06.02 11:45:50.233,1.0008,1.00115,1.60,0.50
2008.06.02 11:45:50.426,1.0008,1.00115,1.50,0.50
2008.06.02 11:45:50.609,1.0008,1.00115,1.10,0.70
2008.06.02 11:45:53.218,1.0008,1.00115,1.50,0.70
2008.06.02 11:45:53.450,1.00085,1.00115,0.60,0.70
2008.06.02 11:45:54.903,1.0008,1.00115,1.10,0.70
2008.06.02 11:45:55.031,1.0008,1.00115,1.50,0.70
2008.06.02 11:45:55.282,1.0008,1.00115,1.10,0.70
2008.06.02 11:45:55.873,1.0008,1.00115,1.50,0.70
2008.06.02 11:45:56.061,1.0008,1.00115,1.00,0.70
2008.06.02 11:45:56.232,1.0008,1.00115,1.90,0.70
2008.06.02 11:45:56.403,1.0008,1.00115,1.10,0.70
2008.06.02 11:45:56.679,1.0008,1.00095,0.60,0.50
2008.06.02 11:45:56.842,1.0007,1.00095,2.20,0.50
2008.06.02 11:45:57.816,1.0007,1.00095,1.60,0.50
2008.06.02 11:45:58.181,1.0007,1.001,2.40,0.30
2008.06.02 11:45:58.559,1.0007,1.00105,1.60,0.70
2008.06.02 11:45:58.912,1.0007,1.001,2.70,0.50
2008.06.02 11:46:16.801,1.0007,1.00105,3.10,0.70
2008.06.02 11:46:16.937,1.00075,1.00105,0.60,0.70
2008.06.02 11:46:17.515,1.00075,1.00105,0.60,0.50
2008.06.02 11:46:41.996,1.00075,1.0011,0.60,1.20
2008.06.02 11:46:42.147,1.0008,1.0011,1.10,2.80
2008.06.02 11:46:42.276,1.0008,1.00105,1.10,0.50
2008.06.02 11:46:42.399,1.0008,1.00105,0.50,0.50
2008.06.02 11:46:42.732,1.0008,1.0011,0.50,3.00
2008.06.02 11:46:42.852,1.0008,1.0011,1.10,3.30
2008.06.02 11:46:42.970,1.0008,1.0011,1.10,2.80
2008.06.02 11:46:46.285,1.0008,1.0011,1.10,3.70
2008.06.02 11:46:46.500,1.0008,1.00105,1.10,0.50
2008.06.02 11:46:49.162,1.0008,1.0011,1.10,1.90
2008.06.02 11:46:49.431,1.0008,1.0011,1.10,2.80
2008.06.02 11:47:02.634,1.0008,1.0011,1.50,2.40
2008.06.02 11:47:02.794,1.00085,1.0011,0.60,2.40
2008.06.02 11:47:02.854,1.00085,1.00115,0.60,0.70
2008.06.02 11:47:07.447,1.0008,1.00115,1.50,0.70
2008.06.02 11:47:07.564,1.0008,1.0011,1.10,0.50
2008.06.02 11:47:09.303,1.0008,1.00105,0.60,0.50
2008.06.02 11:47:09.502,1.00075,1.00105,0.60,0.50
2008.06.02 11:47:18.431,1.00075,1.0011,0.60,0.80
2008.06.02 11:47:18.870,1.0008,1.0011,0.50,0.60
2008.06.02 11:47:19.654,1.0008,1.00105,0.50,0.50
2008.06.02 11:47:19.800,1.00075,1.00105,0.60,0.50
2008.06.02 11:47:26.107,1.00075,1.0011,1.00,1.80
2008.06.02 11:47:26.343,1.00075,1.0011,1.00,2.30
2008.06.02 11:47:32.136,1.0008,1.0011,0.50,1.10
2008.06.02 11:47:32.521,1.0008,1.0011,1.00,1.80
2008.06.02 11:47:32.632,1.0008,1.0011,1.50,2.40
2008.06.02 11:47:47.246,1.0008,1.0011,1.10,2.80
2008.06.02 11:47:47.325,1.0008,1.0011,1.10,3.40
2008.06.02 11:47:48.192,1.0008,1.0011,1.10,2.80
2008.06.02 11:47:50.285,1.0008,1.0011,1.90,2.80
2008.06.02 11:47:54.014,1.0008,1.0011,1.10,2.80
2008.06.02 11:47:54.655,1.0008,1.00105,1.10,0.50
2008.06.02 11:47:55.031,1.0008,1.00105,0.50,0.50
2008.06.02 11:48:02.351,1.0008,1.0011,1.10,2.80
2008.06.02 11:48:02.864,1.0008,1.0011,0.50,2.80
2008.06.02 11:48:03.538,1.0008,1.0011,1.10,2.80
2008.06.02 11:48:07.116,1.0008,1.0011,0.50,2.80
2008.06.02 11:48:07.305,1.0008,1.00105,0.50,0.50
2008.06.02 11:48:07.460,1.00075,1.00105,0.60,0.50
2008.06.02 11:48:14.086,1.0007,1.00105,2.70,0.70
2008.06.02 11:48:15.493,1.0007,1.00105,0.80,0.70
2008.06.02 11:48:15.746,1.0007,1.00105,2.70,0.70
2008.06.02 11:48:17.057,1.0007,1.001,2.70,0.50
2008.06.02 11:48:17.800,1.0007,1.00095,2.70,0.50
2008.06.02 11:48:18.678,1.0007,1.00095,2.00,0.50
2008.06.02 11:48:18.901,1.0007,1.0009,0.50,0.50
2008.06.02 11:48:19.176,1.0006,1.00085,1.10,0.50
2008.06.02 11:48:19.389,1.00055,1.0008,0.60,0.50
2008.06.02 11:48:19.631,1.0005,1.0008,1.10,0.50
2008.06.02 11:48:20.110,1.0005,1.0008,1.90,0.50
2008.06.02 11:48:21.278,1.0005,1.0008,2.10,0.50
2008.06.02 11:48:21.638,1.0005,1.00085,2.30,0.70
2008.06.02 11:48:21.792,1.0005,1.00085,0.70,0.70
2008.06.02 11:48:21.931,1.00055,1.00085,0.60,0.50
2008.06.02 11:48:22.780,1.00055,1.0009,0.60,1.30
2008.06.02 11:48:23.319,1.00055,1.0009,1.00,1.30
2008.06.02 11:48:23.595,1.0006,1.0009,0.50,0.50
2008.06.02 11:48:23.792,1.00065,1.00095,0.60,0.50
2008.06.02 11:48:24.689,1.0007,1.001,1.10,0.70
2008.06.02 11:48:24.927,1.0007,1.00105,1.10,0.70
2008.06.02 11:48:25.180,1.0007,1.00105,1.90,0.70
2008.06.02 11:48:27.442,1.0007,1.00105,1.10,0.70
2008.06.02 11:48:27.803,1.0007,1.001,1.10,1.00
2008.06.02 11:48:27.984,1.0007,1.001,1.10,2.40
2008.06.02 11:48:28.250,1.0007,1.00105,0.60,0.70
2008.06.02 11:48:28.391,1.0007,1.001,1.10,0.50
2008.06.02 11:48:28.506,1.0007,1.00105,1.10,0.70
2008.06.02 11:48:28.941,1.0007,1.001,1.10,0.50
2008.06.02 11:48:31.237,1.0007,1.001,0.60,0.50
2008.06.02 11:48:31.271,1.0007,1.00095,0.60,0.50
2008.06.02 11:48:31.635,1.00065,1.00095,0.60,0.50
2008.06.02 11:48:31.894,1.00065,1.0009,0.60,0.50
2008.06.02 11:48:32.115,1.0006,1.0009,1.10,0.50
2008.06.02 11:48:33.994,1.0006,1.00095,1.10,0.70
2008.06.02 11:48:39.532,1.0006,1.0009,1.10,0.50
2008.06.02 11:48:44.227,1.0006,1.00095,1.50,0.30
2008.06.02 11:48:44.460,1.0006,1.0009,1.10,0.50
2008.06.02 11:48:44.902,1.00065,1.0009,0.60,0.50
2008.06.02 11:48:45.114,1.0006,1.0009,1.10,0.50
2008.06.02 11:48:45.508,1.0006,1.00095,1.10,0.70
2008.06.02 11:48:46.155,1.00055,1.00085,0.50,0.30
2008.06.02 11:48:46.454,1.0005,1.0008,0.60,0.50
2008.06.02 11:48:46.614,1.0005,1.0008,0.60,0.70
2008.06.02 11:48:47.525,1.0005,1.0008,1.30,0.70
2008.06.02 11:48:49.245,1.0005,1.00075,1.70,0.50
2008.06.02 11:48:49.333,1.0005,1.00075,0.60,0.50
2008.06.02 11:48:49.424,1.0004,1.00075,3.30,0.70
2008.06.02 11:48:49.663,1.00045,1.00075,0.60,0.50
2008.06.02 11:48:49.753,1.0005,1.00075,2.40,0.50
2008.06.02 11:48:50.028,1.00045,1.00075,0.60,0.50
2008.06.02 11:48:50.242,1.00045,1.0008,1.00,0.70
2008.06.02 11:48:51.488,1.00045,1.00075,0.60,0.50
2008.06.02 11:48:52.031,1.0005,1.00075,2.40,0.50
2008.06.02 11:48:52.219,1.00045,1.00075,0.60,0.50
2008.06.02 11:48:54.950,1.0004,1.00075,3.00,0.70
2008.06.02 11:48:55.861,1.0004,1.0007,1.60,0.50
2008.06.02 11:48:56.342,1.0004,1.0007,1.10,1.20
2008.06.02 11:48:56.582,1.0004,1.0007,2.80,1.50
2008.06.02 11:48:56.834,1.0003,1.0006,1.40,0.50
2008.06.02 11:48:57.607,1.0003,1.0006,0.90,0.50
2008.06.02 11:48:57.963,1.0003,1.0006,0.60,0.70
2008.06.02 11:48:58.315,1.00025,1.0006,1.00,0.70
2008.06.02 11:49:01.974,1.0003,1.0006,2.40,0.70
2008.06.02 11:49:02.086,1.0003,1.0006,1.00,0.70
2008.06.02 11:49:08.523,1.0003,1.0006,1.90,0.30
2008.06.02 11:49:09.108,1.0003,1.0006,1.10,0.70
2008.06.02 11:49:09.405,1.0003,1.0006,0.50,0.50
2008.06.02 11:49:11.249,1.0003,1.00065,0.50,0.70
2008.06.02 11:49:11.315,1.0003,1.00065,0.60,0.70
2008.06.02 11:49:11.373,1.0003,1.00065,1.60,0.30
2008.06.02 11:49:11.629,1.0003,1.00065,1.40,0.30
2008.06.02 11:49:11.704,1.0003,1.0007,2.70,2.30
2008.06.02 11:49:11.871,1.0003,1.0007,2.20,2.20
2008.06.02 11:49:11.926,1.0003,1.00065,1.70,0.30
2008.06.02 11:49:15.326,1.0003,1.00065,1.30,0.30
2008.06.02 11:49:17.048,1.00035,1.00065,0.60,0.30
2008.06.02 11:49:17.325,1.00035,1.00065,1.00,0.30
2008.06.02 11:49:17.462,1.0004,1.00065,0.80,0.30
2008.06.02 11:49:17.594,1.0004,1.00065,0.70,0.30
2008.06.02 11:49:17.735,1.0004,1.0007,2.10,0.30
2008.06.02 11:49:23.495,1.00045,1.0007,0.50,0.30
2008.06.02 11:49:23.620,1.0005,1.0007,0.50,0.30
2008.06.02 11:49:23.857,1.0005,1.00075,0.50,0.30
2008.06.02 11:49:31.107,1.0005,1.0008,0.50,0.50
2008.06.02 11:49:31.357,1.0005,1.0007,0.50,0.50
2008.06.02 11:49:31.677,1.0004,1.0007,1.90,0.50
2008.06.02 11:49:34.695,1.0004,1.00075,2.20,0.70
2008.06.02 11:49:36.547,1.0004,1.00075,0.70,0.70
2008.06.02 11:49:39.912,1.0004,1.00075,0.60,0.70
2008.06.02 11:49:40.712,1.0004,1.00075,0.60,0.70
2008.06.02 11:49:41.269,1.0004,1.0007,1.20,0.50
2008.06.02 11:49:41.457,1.0005,1.0007,0.50,0.50
2008.06.02 11:49:41.638,1.0005,1.0008,0.50,1.40
2008.06.02 11:49:41.984,1.0005,1.00075,0.50,0.50
2008.06.02 11:49:42.165,1.00045,1.00075,0.60,0.50
2008.06.02 11:49:42.359,1.00045,1.00075,0.60,0.70
2008.06.02 11:49:45.906,1.00045,1.00075,0.60,0.30
2008.06.02 11:49:59.652,1.00045,1.00075,0.60,0.70
2008.06.02 11:49:59.981,1.00045,1.00075,0.60,0.30
2008.06.02 11:50:02.368,1.00045,1.00075,1.00,0.30
2008.06.02 11:50:02.684,1.00045,1.0008,1.00,0.30
2008.06.02 11:50:02.814,1.00045,1.0008,1.00,1.00
2008.06.02 11:50:07.432,1.00045,1.0008,1.00,0.30
2008.06.02 11:50:07.541,1.0004,1.0006,1.00,0.50
2008.06.02 11:50:07.622,1.0004,1.0006,0.90,0.50
2008.06.02 11:50:07.675,1.00035,1.0006,0.60,0.90
2008.06.02 11:50:07.991,1.00035,1.0006,1.00,1.50
2008.06.02 11:50:08.140,1.00035,1.0007,1.00,1.20
2008.06.02 11:50:08.287,1.00035,1.0007,1.00,0.30
2008.06.02 11:50:10.031,1.00035,1.0007,1.00,1.00
2008.06.02 11:50:10.447,1.00035,1.0007,1.00,1.50
2008.06.02 11:50:10.997,1.00035,1.0007,1.00,0.70
2008.06.02 11:50:11.558,1.00035,1.0007,1.00,1.50
2008.06.02 11:50:17.715,1.00035,1.00065,1.00,0.30
2008.06.02 11:50:17.872,1.00035,1.00065,0.50,0.30
2008.06.02 11:50:18.230,1.0003,1.00065,1.50,0.70
2008.06.02 11:50:18.588,1.0003,1.0006,0.60,0.70
2008.06.02 11:50:21.455,1.0003,1.0006,0.60,0.30
2008.06.02 11:50:22.613,1.0003,1.0006,0.60,0.70
2008.06.02 11:50:22.886,1.00025,1.0006,0.60,3.10
2008.06.02 11:50:23.120,1.00025,1.00055,0.60,0.50
2008.06.02 11:50:25.278,1.00025,1.0006,0.60,2.30
2008.06.02 11:50:25.546,1.0003,1.0006,0.60,3.40
2008.06.02 11:50:26.404,1.0003,1.00055,0.60,0.50
2008.06.02 11:50:27.705,1.0003,1.0005,0.60,0.50
2008.06.02 11:50:27.801,1.0002,1.0005,1.10,3.10
2008.06.02 11:50:27.980,1.0002,1.0005,2.80,3.50
2008.06.02 11:50:28.073,1.0002,1.0005,2.80,0.50
2008.06.02 11:50:28.169,1.00025,1.0005,0.60,0.50
2008.06.02 11:50:28.264,1.00025,1.00055,0.60,0.50
2008.06.02 11:50:28.492,1.00025,1.0005,0.60,0.50
2008.06.02 11:50:28.923,1.00025,1.00055,0.60,0.70
2008.06.02 11:50:35.572,1.00025,1.00055,1.00,0.30
2008.06.02 11:50:35.808,1.0003,1.00055,0.50,0.30
2008.06.02 11:50:38.026,1.0003,1.00055,0.50,0.70
2008.06.02 11:50:42.749,1.0003,1.00055,0.50,0.30
2008.06.02 11:50:42.918,1.0003,1.0006,0.50,0.70
2008.06.02 11:50:45.166,1.00025,1.0006,1.00,0.70
2008.06.02 11:50:45.278,1.00025,1.0006,0.60,0.70
2008.06.02 11:50:45.540,1.00025,1.00055,0.60,0.30
2008.06.02 11:50:45.630,1.00025,1.00055,1.00,0.30
2008.06.02 11:50:46.019,1.00025,1.0006,0.60,0.70
2008.06.02 11:50:49.783,1.0002,1.0005,2.20,0.50
2008.06.02 11:50:50.203,1.0002,1.00055,0.90,0.30
2008.06.02 11:50:50.425,1.0003,1.0006,0.50,2.30
2008.06.02 11:50:55.101,1.0003,1.0006,0.50,3.50
2008.06.02 11:50:55.290,1.0003,1.0006,0.50,0.30
2008.06.02 11:50:58.940,1.0003,1.0006,0.50,0.70
2008.06.02 11:50:59.424,1.0003,1.0006,0.50,0.30
2008.06.02 11:51:01.361,1.0003,1.0006,0.50,1.90
2008.06.02 11:51:01.702,1.0003,1.00055,0.50,0.30
2008.06.02 11:51:09.531,1.0003,1.00055,0.50,0.70
2008.06.02 11:51:09.720,1.0003,1.00055,0.50,0.30
2008.06.02 11:51:09.864,1.0003,1.00055,2.80,0.30
2008.06.02 11:51:13.725,1.0003,1.0006,2.80,0.70
2008.06.02 11:51:15.447,1.0003,1.0006,2.80,0.30
2008.06.02 11:51:15.586,1.0003,1.0006,1.70,0.30
2008.06.02 11:51:15.804,1.0003,1.00065,2.70,0.70
2008.06.02 11:51:16.293,1.0004,1.00065,2.80,0.30
2008.06.02 11:51:16.492,1.0004,1.0007,2.80,2.60
2008.06.02 11:51:16.691,1.00035,1.00065,0.60,0.50
2008.06.02 11:51:16.893,1.00035,1.00065,0.60,0.70
2008.06.02 11:51:17.187,1.00035,1.00065,0.60,0.50
2008.06.02 11:51:17.565,1.0003,1.00065,2.40,0.70
2008.06.02 11:51:17.750,1.00035,1.00065,0.50,0.30
2008.06.02 11:51:18.759,1.0004,1.0007,0.80,0.30
2008.06.02 11:51:19.265,1.0004,1.0007,0.50,0.70
2008.06.02 11:51:19.439,1.00035,1.0007,0.50,0.70
2008.06.02 11:51:19.916,1.00035,1.0007,1.00,0.70
2008.06.02 11:51:20.081,1.00035,1.0006,0.60,0.50
2008.06.02 11:51:20.551,1.0003,1.0006,2.80,0.70
2008.06.02 11:51:21.690,1.0003,1.00055,0.50,0.70
2008.06.02 11:51:21.814,1.0003,1.00055,0.50,0.30
2008.06.02 11:51:22.049,1.0003,1.00055,2.80,0.30
2008.06.02 11:51:22.530,1.0003,1.0006,2.80,0.70
2008.06.02 11:51:23.191,1.0003,1.00055,0.50,0.30
2008.06.02 11:51:28.233,1.0003,1.00055,0.50,0.70
2008.06.02 11:51:29.647,1.0003,1.00055,0.50,0.30
2008.06.02 11:51:31.177,1.0003,1.00055,0.80,0.30
2008.06.02 11:51:31.350,1.0003,1.0006,0.80,0.30
2008.06.02 11:51:31.524,1.0003,1.0006,1.60,0.30
2008.06.02 11:51:31.680,1.0003,1.00055,1.20,0.50
2008.06.02 11:51:32.004,1.0003,1.0006,1.80,1.10
2008.06.02 11:51:32.448,1.0003,1.0006,2.00,0.30
2008.06.02 11:51:32.824,1.0004,1.0006,1.90,0.30
2008.06.02 11:51:33.190,1.0004,1.0007,1.70,0.30
2008.06.02 11:51:34.176,1.0004,1.0007,2.80,0.70
2008.06.02 11:51:34.339,1.0004,1.0007,0.50,0.70
2008.06.02 11:51:35.679,1.0004,1.0006,0.50,0.50
2008.06.02 11:51:36.249,1.0004,1.00065,0.50,0.30
2008.06.02 11:51:36.723,1.0004,1.0006,0.50,0.50
2008.06.02 11:51:37.197,1.0004,1.00065,0.50,0.30
2008.06.02 11:51:37.942,1.0004,1.0007,0.50,0.30
2008.06.02 11:51:38.458,1.0004,1.0007,1.10,0.30
2008.06.02 11:51:38.814,1.0004,1.0006,1.10,0.50
2008.06.02 11:51:39.150,1.0004,1.0007,0.50,4.10
2008.06.02 11:51:39.237,1.0004,1.0007,0.50,2.60
2008.06.02 11:51:39.329,1.0004,1.0007,0.50,0.30
2008.06.02 11:51:39.416,1.0004,1.00075,0.50,0.70
2008.06.02 11:51:39.670,1.00035,1.00075,1.00,0.70
2008.06.02 11:51:39.975,1.0004,1.00075,0.80,0.70
2008.06.02 11:51:40.103,1.0004,1.00075,1.40,0.70
2008.06.02 11:51:41.703,1.0004,1.0007,1.40,0.80
2008.06.02 11:51:41.766,1.0004,1.0006,1.40,0.50
2008.06.02 11:51:41.841,1.0004,1.0006,0.60,0.50
2008.06.02 11:51:41.916,1.00035,1.0006,0.60,0.50
2008.06.02 11:51:42.224,1.00035,1.0007,0.60,4.30
2008.06.02 11:51:42.290,1.00035,1.0007,0.60,3.90
2008.06.02 11:51:42.654,1.00035,1.00065,0.60,0.50
2008.06.02 11:51:43.692,1.00035,1.0006,0.60,0.50
2008.06.02 11:51:43.885,1.0003,1.0006,1.70,0.50
2008.06.02 11:51:46.789,1.0003,1.00065,0.60,0.30
2008.06.02 11:51:47.056,1.0004,1.0007,0.50,0.70
2008.06.02 11:51:47.116,1.0004,1.0007,2.80,0.70
2008.06.02 11:51:47.244,1.0004,1.0007,1.40,0.50
2008.06.02 11:51:49.733,1.0004,1.0007,0.90,0.50
2008.06.02 11:51:50.814,1.0004,1.0007,0.70,0.50
2008.06.02 11:51:53.534,1.0004,1.0007,0.60,1.30
2008.06.02 11:51:53.748,1.0004,1.0007,0.60,1.90
2008.06.02 11:51:53.787,1.0004,1.0007,1.10,2.40
2008.06.02 11:51:53.823,1.0004,1.0007,1.90,2.40
2008.06.02 11:51:57.172,1.0005,1.00075,0.50,0.30
2008.06.02 11:51:58.464,1.0005,1.0008,0.50,2.60
2008.06.02 11:51:59.341,1.0005,1.0008,0.50,0.30
2008.06.02 11:51:59.857,1.0005,1.0008,1.20,0.30
2008.06.02 11:52:00.108,1.00045,1.00075,0.60,0.50
2008.06.02 11:52:02.743,1.00045,1.0007,0.60,0.50
2008.06.02 11:52:02.921,1.0004,1.0007,1.30,0.50
2008.06.02 11:52:04.138,1.0004,1.0007,1.90,1.60
2008.06.02 11:52:04.257,1.0004,1.0007,2.10,1.90
2008.06.02 11:52:04.403,1.0004,1.0007,1.90,0.70
2008.06.02 11:52:04.667,1.0004,1.0007,1.20,0.70
2008.06.02 11:52:04.787,1.0004,1.00065,1.20,0.50
2008.06.02 11:52:09.663,1.0004,1.00065,0.50,0.50
2008.06.02 11:52:10.274,1.0004,1.00065,1.20,0.50
2008.06.02 11:52:13.784,1.0004,1.0006,1.20,0.50
2008.06.02 11:52:14.150,1.0004,1.00065,1.20,0.50
2008.06.02 11:52:14.340,1.0004,1.00065,0.70,0.50
2008.06.02 11:52:15.577,1.0004,1.00065,0.80,0.50
2008.06.02 11:52:16.517,1.0004,1.0007,1.20,0.50
2008.06.02 11:52:16.666,1.0004,1.0007,1.70,0.70
2008.06.02 11:52:16.951,1.0004,1.0007,0.70,0.50
2008.06.02 11:52:18.430,1.0004,1.0007,0.90,0.50
2008.06.02 11:52:18.811,1.00045,1.0008,0.60,1.60
2008.06.02 11:52:18.951,1.0005,1.0008,1.00,1.20
2008.06.02 11:52:19.085,1.0005,1.0008,2.30,0.50
2008.06.02 11:52:19.329,1.0006,1.0008,2.40,0.50
2008.06.02 11:52:19.458,1.0006,1.0009,1.90,0.60
2008.06.02 11:52:19.704,1.0006,1.0009,2.10,3.30
2008.06.02 11:52:19.943,1.0006,1.0009,2.20,1.60
2008.06.02 11:52:20.182,1.0007,1.0009,0.50,1.60
2008.06.02 11:52:20.426,1.0007,1.0009,1.20,1.60
2008.06.02 11:52:20.693,1.00075,1.001,0.60,1.30
2008.06.02 11:52:20.906,1.00075,1.001,0.60,0.50
2008.06.02 11:52:21.728,1.00075,1.00105,0.60,0.50
2008.06.02 11:52:22.435,1.00075,1.001,0.60,0.50
2008.06.02 11:52:22.966,1.00075,1.001,0.60,1.70
2008.06.02 11:52:25.282,1.00075,1.0009,0.60,0.50
2008.06.02 11:52:25.377,1.0007,1.0009,1.90,0.50
2008.06.02 11:52:25.613,1.0007,1.0009,1.20,0.50
2008.06.02 11:52:25.784,1.0007,1.0009,1.00,0.50
2008.06.02 11:52:25.877,1.0007,1.0009,1.20,0.80
2008.06.02 11:52:26.090,1.0007,1.0009,0.50,1.30
2008.06.02 11:52:26.299,1.0007,1.001,2.80,1.00
2008.06.02 11:52:26.517,1.0007,1.0009,1.10,0.50
2008.06.02 11:52:26.746,1.0007,1.0009,2.80,1.70
2008.06.02 11:52:26.964,1.0007,1.001,1.20,1.40
2008.06.02 11:52:27.165,1.0007,1.001,2.80,0.50
2008.06.02 11:52:27.552,1.0007,1.001,2.80,2.50
2008.06.02 11:52:27.982,1.0007,1.001,0.50,3.40
2008.06.02 11:52:28.199,1.0007,1.0009,0.50,1.80
2008.06.02 11:52:28.416,1.0007,1.0009,2.80,0.90
2008.06.02 11:52:28.651,1.0007,1.00095,2.80,0.50
2008.06.02 11:52:29.288,1.0007,1.00095,1.30,0.50
2008.06.02 11:52:29.547,1.0007,1.00095,0.50,0.50
2008.06.02 11:52:33.037,1.0007,1.00095,0.50,0.70
2008.06.02 11:52:33.650,1.0007,1.0009,0.50,0.50
2008.06.02 11:52:33.764,1.0007,1.0009,0.50,0.90
2008.06.02 11:52:33.917,1.0007,1.0009,0.50,1.70
2008.06.02 11:52:35.523,1.0006,1.0009,1.70,1.30
2008.06.02 11:52:36.091,1.0006,1.0009,2.80,0.50
2008.06.02 11:52:37.189,1.0006,1.00085,2.80,0.50
2008.06.02 11:52:37.487,1.00055,1.0008,0.60,2.40
2008.06.02 11:52:37.643,1.0005,1.0008,2.10,2.40
2008.06.02 11:52:37.862,1.0005,1.0008,1.10,2.40
2008.06.02 11:52:42.895,1.0005,1.0008,1.90,2.40
2008.06.02 11:52:46.787,1.0005,1.0008,2.30,2.40
2008.06.02 11:52:47.149,1.0006,1.0008,0.50,2.40
2008.06.02 11:52:53.784,1.0006,1.0007,0.50,0.50
2008.06.02 11:52:54.148,1.0005,1.0007,1.90,0.50
2008.06.02 11:52:54.292,1.0005,1.0008,0.50,3.30
2008.06.02 11:52:54.613,1.0005,1.0008,1.10,3.30
2008.06.02 11:53:00.221,1.0005,1.0008,0.50,2.70
2008.06.02 11:53:00.955,1.0005,1.00075,0.50,0.50
2008.06.02 11:53:01.920,1.0005,1.0007,0.50,0.50
2008.06.02 11:53:02.407,1.0005,1.00075,0.50,0.50
2008.06.02 11:53:02.795,1.0005,1.0007,0.50,0.50
2008.06.02 11:53:02.928,1.00045,1.0007,0.60,1.60
2008.06.02 11:53:03.202,1.0004,1.0005,0.60,2.60
2008.06.02 11:53:03.320,1.00025,1.0005,0.60,1.10
2008.06.02 11:53:03.473,1.00025,1.0005,0.60,2.40
2008.06.02 11:53:04.846,1.00025,1.0006,0.60,1.60
2008.06.02 11:53:05.110,1.00025,1.00055,0.50,0.30
2008.06.02 11:53:05.369,1.00025,1.0006,0.50,0.80
2008.06.02 11:53:05.629,1.00025,1.0006,1.00,2.60
2008.06.02 11:53:07.554,1.0003,1.0006,0.50,2.60
2008.06.02 11:53:08.824,1.0003,1.0006,0.80,2.60
2008.06.02 11:53:08.958,1.0003,1.0006,1.50,2.60
2008.06.02 11:53:09.175,1.0003,1.0006,0.60,2.60
2008.06.02 11:53:09.279,1.0004,1.0006,0.50,2.60
2008.06.02 11:53:09.535,1.0004,1.0006,0.50,2.40
2008.06.02 11:53:11.213,1.0003,1.0005,0.50,2.40
2008.06.02 11:53:11.446,1.0003,1.00055,0.50,0.50
2008.06.02 11:53:11.755,1.0003,1.00055,0.50,0.30
2008.06.02 11:53:11.999,1.0003,1.00055,0.50,0.50
2008.06.02 11:53:12.363,1.0003,1.0006,0.50,1.60
2008.06.02 11:53:12.507,1.0003,1.0006,0.50,0.90
2008.06.02 11:53:12.906,1.0003,1.00055,0.50,0.50
2008.06.02 11:53:14.310,1.00025,1.0005,0.60,0.50
2008.06.02 11:53:14.513,1.0002,1.0005,0.80,0.50
2008.06.02 11:53:15.196,1.0002,1.0005,2.10,0.50
2008.06.02 11:53:15.279,1.0002,1.0005,1.00,1.40
2008.06.02 11:53:15.667,1.0002,1.0005,0.60,0.70
2008.06.02 11:53:15.834,1.0002,1.0005,1.60,0.50
2008.06.02 11:53:16.322,1.0002,1.0005,0.90,3.00
2008.06.02 11:53:16.485,1.0002,1.0005,1.60,0.80
2008.06.02 11:53:16.692,1.0002,1.0005,0.90,0.70
2008.06.02 11:53:16.903,1.0002,1.0005,1.10,0.50
2008.06.02 11:53:17.122,1.0002,1.0005,0.70,2.80
2008.06.02 11:53:17.324,1.0002,1.0005,1.50,3.30
2008.06.02 11:53:17.532,1.0002,1.0005,0.80,1.90
2008.06.02 11:53:18.829,1.0002,1.0004,1.50,0.50
2008.06.02 11:53:18.962,1.0002,1.0004,0.80,0.50
2008.06.02 11:53:19.089,1.00015,1.0004,0.60,0.50
2008.06.02 11:53:19.744,1.00015,1.00045,0.60,0.70
2008.06.02 11:53:20.353,1.0002,1.00045,0.80,0.70
2008.06.02 11:53:21.472,1.00015,1.00035,0.60,0.50
2008.06.02 11:53:21.732,1.0001,1.00035,2.30,0.50
2008.06.02 11:53:21.833,1.0001,1.0004,1.10,3.00
2008.06.02 11:53:21.947,1.0001,1.0004,0.60,2.80
2008.06.02 11:53:22.400,1.0001,1.0004,1.40,1.10
2008.06.02 11:53:22.507,1.0001,1.00045,2.30,0.70
2008.06.02 11:53:22.615,1.0001,1.00045,3.60,0.70
2008.06.02 11:53:22.999,1.0001,1.0004,0.90,0.50
2008.06.02 11:53:23.196,1.0001,1.0004,3.10,0.70
2008.06.02 11:53:24.006,1.0001,1.0004,0.80,0.70
2008.06.02 11:53:24.276,1.0001,1.0004,2.00,0.70
2008.06.02 11:53:24.520,1.0001,1.0004,0.80,0.50
2008.06.02 11:53:24.772,1.0001,1.0003,2.70,0.50
2008.06.02 11:53:24.913,1.0001,1.0003,1.20,0.50
2008.06.02 11:53:25.051,1.0001,1.0003,1.10,0.50
2008.06.02 11:53:25.198,1.0001,1.0003,0.50,0.50
2008.06.02 11:53:25.335,1.0001,1.00035,0.50,0.70
2008.06.02 11:53:25.598,1.0001,1.00035,0.50,0.50
2008.06.02 11:53:25.731,1.0001,1.0004,0.50,0.60
2008.06.02 11:53:26.102,1.0001,1.0004,0.50,1.10
2008.06.02 11:53:26.281,1.0001,1.0004,0.50,1.10
2008.06.02 11:53:26.689,1.0001,1.0003,0.50,2.40
2008.06.02 11:53:27.005,1.0001,1.0004,0.50,2.10
2008.06.02 11:53:27.178,1.0001,1.0004,0.50,1.90
2008.06.02 11:53:27.668,1.0001,1.0004,0.50,3.00
2008.06.02 11:53:27.816,1.0001,1.00035,0.50,0.50
2008.06.02 11:53:28.093,1.0001,1.0004,0.50,1.20
2008.06.02 11:53:29.735,1.0001,1.0004,0.50,2.60
2008.06.02 11:53:31.138,1.0001,1.0004,0.50,1.80
2008.06.02 11:53:34.662,1.0001,1.00035,0.50,0.50
2008.06.02 11:53:34.791,1.0001,1.0003,0.50,2.40
2008.06.02 11:53:35.042,1.00005,1.00035,0.60,0.50
2008.06.02 11:53:35.305,1.0001,1.0004,0.50,1.80
2008.06.02 11:53:35.593,1.00005,1.00035,0.60,0.50
2008.06.02 11:53:39.704,1.00005,1.0003,0.60,2.40
2008.06.02 11:53:40.991,1.00005,1.0003,1.00,2.40
2008.06.02 11:53:41.195,1.0001,1.0003,0.50,2.40
2008.06.02 11:53:43.864,1.0001,1.0003,0.50,2.80
2008.06.02 11:53:44.205,1.0001,1.0003,0.50,1.70
2008.06.02 11:53:45.006,1.0001,1.00025,0.50,0.30
2008.06.02 11:53:45.509,1.0,1.00025,2.80,0.30
2008.06.02 11:53:52.967,1.0,1.0002,2.80,0.70
2008.06.02 11:53:53.156,1.0,1.0002,0.50,0.70
2008.06.02 11:53:54.382,1.0,1.0002,0.50,0.30
2008.06.02 11:53:54.833,1.0,1.0002,0.50,0.70
2008.06.02 11:53:56.354,1.0,1.0002,0.50,0.30
2008.06.02 11:54:06.807,1.0,1.00025,0.50,0.30
2008.06.02 11:54:09.097,1.0,1.0002,0.50,2.40
2008.06.02 11:54:09.493,1.0,1.00025,0.50,0.30
2008.06.02 11:54:15.135,1.0,1.00025,0.50,0.70
2008.06.02 11:54:15.968,1.0,1.00025,0.50,0.30
2008.06.02 11:54:16.118,1.0,1.0003,0.50,1.00
2008.06.02 11:54:16.649,1.0,1.0003,0.80,2.60
2008.06.02 11:54:16.865,1.0,1.0003,1.50,0.30
2008.06.02 11:54:18.431,1.0,1.0003,1.10,2.60
2008.06.02 11:54:29.651,1.0,1.0003,1.10,0.30
2008.06.02 11:54:29.845,1.0,1.0003,1.50,0.30
2008.06.02 11:54:30.023,1.0,1.0003,1.50,2.40
2008.06.02 11:54:30.522,1.0,1.0003,1.10,2.40
2008.06.02 11:54:31.009,1.0,1.0003,1.50,2.40
2008.06.02 11:54:31.136,1.0,1.00035,1.50,0.30
2008.06.02 11:54:35.697,1.0,1.00035,1.50,0.70
2008.06.02 11:54:39.881,1.0,1.0003,1.10,0.50
2008.06.02 11:54:39.968,1.0,1.0003,1.10,2.80
2008.06.02 11:54:40.344,1.0,1.0003,1.10,1.60
2008.06.02 11:54:42.891,1.0,1.0003,1.50,2.60
2008.06.02 11:54:43.041,1.0,1.0003,1.50,0.30
2008.06.02 11:54:48.895,1.0,1.0003,1.50,2.60
2008.06.02 11:54:48.944,1.0,1.0003,1.10,1.80
2008.06.02 11:54:55.944,1.0,1.00025,1.10,0.50
2008.06.02 11:54:56.165,1.0,1.00025,0.50,0.50
2008.06.02 11:54:56.609,1.0,1.00025,1.10,0.50
2008.06.02 11:54:59.433,1.0,1.0003,1.10,3.70
2008.06.02 11:54:59.713,1.0,1.0003,1.10,2.80
2008.06.02 11:55:00.943,1.0,1.00025,1.10,0.50
2008.06.02 11:55:01.246,1.0,1.00025,0.50,0.50
2008.06.02 11:55:01.566,1.0,1.00025,1.10,0.50
2008.06.02 11:55:02.497,1.0,1.0003,1.10,3.60
2008.06.02 11:55:02.889,1.0,1.0003,1.10,2.80
2008.06.02 11:55:03.474,1.0,1.00025,1.10,0.50
2008.06.02 11:55:03.862,1.0,1.00025,0.50,0.50
2008.06.02 11:55:04.109,1.0,1.00025,1.10,0.50
2008.06.02 11:55:04.497,1.0,1.0003,1.10,1.90
2008.06.02 11:55:04.729,1.0,1.0003,1.10,2.80
2008.06.02 11:55:06.567,1.0,1.00025,1.10,0.50
2008.06.02 11:55:06.666,1.0,1.00025,0.50,0.50
2008.06.02 11:55:07.545,1.0,1.0003,0.50,2.80
2008.06.02 11:55:07.692,1.0,1.0003,1.10,2.80
2008.06.02 11:55:08.960,1.0,1.00025,1.10,0.50
2008.06.02 11:55:09.374,1.0,1.00025,0.50,0.50
2008.06.02 11:55:09.599,1.0,1.0003,0.50,0.60
2008.06.02 11:55:09.826,1.0,1.0003,1.10,1.30
2008.06.02 11:55:10.615,1.0,1.0003,1.50,2.60
2008.06.02 11:55:10.835,1.00005,1.0003,0.60,2.40
2008.06.02 11:55:12.219,1.0001,1.00035,0.50,0.30
2008.06.02 11:55:12.289,1.0001,1.0004,0.50,1.70
2008.06.02 11:55:12.359,1.0001,1.0004,0.50,1.90
2008.06.02 11:55:12.904,1.00005,1.0004,1.00,1.30
2008.06.02 11:55:13.010,1.00005,1.0004,1.00,0.50
2008.06.02 11:55:13.117,1.00005,1.0004,1.00,1.50
2008.06.02 11:55:13.242,1.00005,1.00035,1.00,0.30
2008.06.02 11:55:13.568,1.0001,1.00035,0.50,0.30
2008.06.02 11:55:13.823,1.0001,1.00035,2.80,0.30
2008.06.02 11:55:18.973,1.0001,1.00035,1.30,0.30
2008.06.02 11:55:19.179,1.0001,1.0004,1.70,1.80
2008.06.02 11:55:20.489,1.0001,1.0004,2.80,1.80
2008.06.02 11:55:23.570,1.0001,1.0004,1.60,1.80
2008.06.02 11:55:26.512,1.0001,1.0004,1.40,1.80
2008.06.02 11:55:26.832,1.0001,1.0004,1.20,1.60
2008.06.02 11:55:29.461,1.0001,1.0004,1.50,0.90
2008.06.02 11:55:33.653,1.0001,1.0004,1.10,2.00
2008.06.02 11:55:34.038,1.0001,1.0004,1.10,2.40
2008.06.02 11:55:34.357,1.0001,1.0004,0.80,2.60
2008.06.02 11:55:35.463,1.0001,1.0004,0.50,0.30
2008.06.02 11:55:35.553,1.0001,1.0004,2.00,0.30
2008.06.02 11:55:35.724,1.0001,1.0004,0.80,2.60
2008.06.02 11:55:35.800,1.0001,1.0004,1.50,2.40
2008.06.02 11:55:37.073,1.0001,1.0004,2.30,2.40
2008.06.02 11:55:37.219,1.0001,1.00045,1.30,0.30
2008.06.02 11:55:37.292,1.00015,1.00045,0.50,0.30
2008.06.02 11:55:37.693,1.00015,1.0004,0.50,2.40
2008.06.02 11:55:37.855,1.0001,1.0004,2.30,2.40
2008.06.02 11:55:37.923,1.0001,1.0004,1.50,2.40
2008.06.02 11:55:38.170,1.0001,1.0004,0.80,2.60
2008.06.02 11:55:38.905,1.0001,1.0004,0.50,2.60
2008.06.02 11:55:41.748,1.0001,1.0004,0.80,2.60
2008.06.02 11:55:42.173,1.0001,1.0004,0.50,2.60
2008.06.02 11:55:42.243,1.0001,1.0003,0.50,2.40
2008.06.02 11:55:46.573,1.00015,1.0003,0.50,2.40
2008.06.02 11:55:46.847,1.00015,1.0004,0.50,0.30
2008.06.02 11:55:47.138,1.0001,1.00045,0.70,0.50
2008.06.02 11:55:47.270,1.0001,1.00045,1.90,0.30
2008.06.02 11:55:47.401,1.0001,1.00045,1.70,0.30
2008.06.02 11:55:47.528,1.0001,1.00045,0.90,0.30
2008.06.02 11:55:47.646,1.0001,1.00045,0.70,0.30
2008.06.02 11:55:47.770,1.0001,1.0005,1.20,0.50
2008.06.02 11:55:47.998,1.00015,1.0005,0.60,2.30
2008.06.02 11:55:48.945,1.0001,1.0005,2.00,2.00
2008.06.02 11:55:49.387,1.00015,1.0005,0.60,1.00
2008.06.02 11:55:51.223,1.00015,1.00045,0.60,0.50
2008.06.02 11:55:51.734,1.0001,1.00045,1.80,0.50
2008.06.02 11:55:51.925,1.0001,1.00045,1.80,0.70
2008.06.02 11:55:52.549,1.0001,1.0004,1.40,0.50
2008.06.02 11:55:52.994,1.0001,1.0004,1.40,0.70
2008.06.02 11:55:54.365,1.0001,1.0004,1.40,1.30
2008.06.02 11:55:54.625,1.0001,1.00035,0.80,0.50
2008.06.02 11:55:57.555,1.0001,1.0004,0.80,1.60
2008.06.02 11:55:58.382,1.0001,1.00035,0.80,0.50
2008.06.02 11:55:58.544,1.00005,1.00035,0.60,0.50
2008.06.02 11:55:58.705,1.00005,1.00035,0.60,0.70
2008.06.02 11:55:58.865,1.0,1.00035,0.60,0.70
2008.06.02 11:56:02.769,1.0,1.0003,0.60,0.50
2008.06.02 11:56:03.000,1.0,1.00035,0.60,0.70
2008.06.02 11:56:03.645,1.0,1.0003,0.60,0.50
2008.06.02 11:56:04.127,1.0,1.00035,0.60,0.70
2008.06.02 11:56:04.331,1.0,1.0003,0.60,0.50
2008.06.02 11:56:04.546,1.0,1.00035,0.60,0.70
2008.06.02 11:56:05.035,1.0,1.0003,0.60,0.50
2008.06.02 11:56:05.349,1.0,1.0003,0.60,2.80
2008.06.02 11:56:05.669,1.0,1.00035,1.00,0.70
2008.06.02 11:56:05.990,1.0,1.00035,1.90,0.30
2008.06.02 11:56:06.553,1.00005,1.0004,0.60,1.40
2008.06.02 11:56:07.559,1.0,1.0004,1.50,1.90
2008.06.02 11:56:07.716,1.0,1.0003,1.60,0.50
2008.06.02 11:56:07.886,1.0,1.0003,0.60,0.70
2008.06.02 11:56:08.023,1.0,1.0003,0.60,1.30
2008.06.02 11:56:09.722,1.0,1.0003,0.60,0.70
2008.06.02 11:56:09.839,1.0,1.0003,0.60,0.70
2008.06.02 11:56:09.962,1.0,1.0003,0.60,0.50
2008.06.02 11:56:11.486,1.0,1.0003,0.60,0.70
2008.06.02 11:56:11.832,1.0,1.0003,0.60,0.70
2008.06.02 11:56:14.557,1.0,1.0003,0.60,0.70
2008.06.02 11:56:14.809,1.0,1.0003,0.60,1.10
2008.06.02 11:56:16.325,1.0,1.0002,0.60,0.50
2008.06.02 11:56:16.435,0.9999,1.0002,0.60,2.20
2008.06.02 11:56:16.726,0.99985,1.0002,1.00,1.30
2008.06.02 11:56:17.260,0.99985,1.0002,1.00,2.60
2008.06.02 11:56:17.361,0.9999,1.0002,1.40,2.40
2008.06.02 11:56:18.764,0.99995,1.00025,0.50,0.30
2008.06.02 11:56:18.849,0.99995,1.0003,1.00,0.50
2008.06.02 11:56:19.041,0.99995,1.0003,1.00,1.10
2008.06.02 11:56:19.114,0.99995,1.00035,1.00,0.70
2008.06.02 11:56:19.304,1.0,1.00035,0.80,0.70
2008.06.02 11:56:19.453,1.0,1.00035,1.40,0.70
2008.06.02 11:56:20.380,1.0,1.00035,1.40,0.30
2008.06.02 11:56:20.590,1.00005,1.0004,0.60,1.30
2008.06.02 11:56:20.712,1.0001,1.0004,0.80,1.80
2008.06.02 11:56:20.830,1.0001,1.0004,0.80,2.60
2008.06.02 11:56:20.936,1.0001,1.0004,1.40,2.40
2008.06.02 11:56:21.380,1.0001,1.0004,0.80,2.40
2008.06.02 11:56:21.527,1.0001,1.0004,1.40,2.40
2008.06.02 11:56:22.177,1.00015,1.0004,0.60,2.40
2008.06.02 11:56:22.854,1.00015,1.0004,1.00,2.40
2008.06.02 11:56:24.914,1.0002,1.0004,0.60,2.40
2008.06.02 11:56:25.032,1.0002,1.0005,1.00,1.60
2008.06.02 11:56:25.348,1.0002,1.0005,0.90,1.60
2008.06.02 11:56:29.651,1.0003,1.0006,0.50,2.60
2008.06.02 11:56:29.846,1.0003,1.0006,1.00,2.40
2008.06.02 11:56:30.032,1.0003,1.0006,1.80,2.60
2008.06.02 11:56:30.390,1.0003,1.0006,1.50,2.40
2008.06.02 11:56:30.570,1.0003,1.0006,1.40,1.60
2008.06.02 11:56:30.846,1.0003,1.0006,0.90,1.60
2008.06.02 11:56:30.965,1.0003,1.0006,1.90,1.60
2008.06.02 11:56:31.085,1.0004,1.0007,1.10,1.60
2008.06.02 11:56:31.325,1.0004,1.0007,1.30,1.60
2008.06.02 11:56:31.430,1.0004,1.0007,2.30,1.60
2008.06.02 11:56:31.664,1.0004,1.0007,1.90,1.60
2008.06.02 11:56:31.838,1.00045,1.0008,0.60,1.80
2008.06.02 11:56:32.030,1.0006,1.0008,0.50,1.60
2008.06.02 11:56:32.370,1.0005,1.0008,0.80,1.60
2008.06.02 11:56:32.565,1.0005,1.0008,1.80,1.60
2008.06.02 11:56:32.958,1.0005,1.0008,1.00,1.60
2008.06.02 11:56:33.165,1.00045,1.0008,1.00,1.60
2008.06.02 11:56:33.382,1.00045,1.0008,0.60,2.00
2008.06.02 11:56:33.596,1.00045,1.0008,0.60,1.10
2008.06.02 11:56:33.807,1.00045,1.00075,0.60,0.50
2008.06.02 11:56:34.671,1.0004,1.00075,2.30,0.50
2008.06.02 11:56:34.836,1.0004,1.00075,1.90,0.50
2008.06.02 11:56:35.413,1.00045,1.00075,0.60,0.50
2008.06.02 11:56:35.709,1.00045,1.0008,0.60,1.20
2008.06.02 11:56:35.957,1.00045,1.0008,0.60,2.30
2008.06.02 11:56:37.282,1.0005,1.0008,0.50,2.30
2008.06.02 11:56:37.569,1.0005,1.0008,1.50,1.60
2008.06.02 11:56:37.996,1.0005,1.0008,1.50,1.80
2008.06.02 11:56:39.195,1.00055,1.0008,0.50,1.80
2008.06.02 11:56:39.333,1.0006,1.0008,0.50,1.80
2008.06.02 11:56:39.956,1.0006,1.0008,0.50,1.60
2008.06.02 11:56:40.380,1.0006,1.0009,0.50,1.00
2008.06.02 11:56:40.748,1.0006,1.0009,0.80,1.00
2008.06.02 11:56:44.188,1.00065,1.0009,0.50,1.00
2008.06.02 11:56:45.973,1.00065,1.0009,0.50,0.80
2008.06.02 11:56:46.173,1.00065,1.00095,0.50,0.30
2008.06.02 11:56:46.476,1.00065,1.001,0.50,1.10
2008.06.02 11:56:46.645,1.00065,1.001,1.00,1.50
2008.06.02 11:56:46.778,1.00065,1.001,1.00,0.80
2008.06.02 11:56:46.903,1.00065,1.001,1.00,1.80
2008.06.02 11:56:47.036,1.0007,1.001,0.60,1.60
2008.06.02 11:56:47.276,1.00075,1.001,0.50,1.60
2008.06.02 11:56:47.409,1.00075,1.001,1.00,1.60
2008.06.02 11:56:47.686,1.0008,1.0011,0.50,1.30
2008.06.02 11:56:48.221,1.0008,1.0011,0.80,1.90
2008.06.02 11:56:48.505,1.0008,1.0011,0.80,0.80
2008.06.02 11:56:48.760,1.0008,1.00105,1.10,0.50
2008.06.02 11:56:49.017,1.0008,1.0011,0.50,2.70
2008.06.02 11:56:49.275,1.0008,1.0011,0.50,1.20
2008.06.02 11:56:51.668,1.0008,1.0011,0.50,0.70
2008.06.02 11:56:52.786,1.00075,1.0011,1.00,1.50
2008.06.02 11:56:52.887,1.0008,1.0011,0.60,0.90
2008.06.02 11:56:56.435,1.0008,1.0011,1.40,0.70
2008.06.02 11:56:57.231,1.0008,1.0011,1.40,0.90
2008.06.02 11:56:57.522,1.0008,1.0011,0.80,2.10
2008.06.02 11:56:57.813,1.0008,1.0011,0.80,0.90
2008.06.02 11:56:57.972,1.0008,1.0011,1.40,1.00
2008.06.02 11:56:58.318,1.0008,1.0011,0.60,0.50
2008.06.02 11:56:59.134,1.00085,1.0011,0.50,1.30
2008.06.02 11:56:59.441,1.00085,1.0011,1.00,0.50
2008.06.02 11:56:59.569,1.00085,1.0011,0.50,1.90
2008.06.02 11:57:00.707,1.0008,1.0011,2.70,1.20
2008.06.02 11:57:00.893,1.0008,1.0011,2.00,1.70
2008.06.02 11:57:01.590,1.0008,1.0011,2.70,2.00
2008.06.02 11:57:01.768,1.0008,1.0011,0.90,0.50
2008.06.02 11:57:02.325,1.0008,1.0011,2.70,0.80
2008.06.02 11:57:02.582,1.0008,1.0011,0.80,0.60
2008.06.02 11:57:02.985,1.0008,1.0011,2.00,1.70
2008.06.02 11:57:03.242,1.0008,1.0011,1.40,1.20
2008.06.02 11:57:03.420,1.0008,1.0011,1.70,1.50
2008.06.02 11:57:03.605,1.00085,1.0011,0.60,1.30
2008.06.02 11:57:03.789,1.0009,1.0011,0.50,1.20
2008.06.02 11:57:04.005,1.0009,1.0012,1.90,2.40
2008.06.02 11:57:04.202,1.0009,1.0012,2.00,2.40
2008.06.02 11:57:04.379,1.0009,1.0012,0.60,2.40
2008.06.02 11:57:04.651,1.0009,1.0012,0.80,2.00
2008.06.02 11:57:04.960,1.001,1.0012,0.50,0.50
2008.06.02 11:57:05.242,1.001,1.0012,0.80,0.50
2008.06.02 11:57:05.551,1.001,1.0012,0.50,0.50
2008.06.02 11:57:06.423,1.001,1.0012,0.80,0.50
2008.06.02 11:57:06.958,1.001,1.0012,1.60,0.50
2008.06.02 11:57:07.574,1.00105,1.0012,0.50,0.50
2008.06.02 11:57:08.764,1.001,1.0012,2.30,0.50
2008.06.02 11:57:09.011,1.001,1.0012,1.60,0.50
2008.06.02 11:57:09.487,1.001,1.0012,1.20,0.50
2008.06.02 11:57:09.640,1.001,1.0012,1.90,0.50
2008.06.02 11:57:11.855,1.001,1.0012,1.30,0.50
2008.06.02 11:57:12.028,1.00105,1.0012,0.60,0.50
2008.06.02 11:57:12.603,1.00105,1.0012,1.00,0.50
2008.06.02 11:57:13.054,1.0011,1.0012,0.50,0.50
2008.06.02 11:57:13.278,1.0011,1.0012,1.10,0.50
2008.06.02 11:57:14.666,1.0011,1.0012,1.90,0.50
2008.06.02 11:57:14.756,1.0011,1.0012,0.50,0.50
2008.06.02 11:57:15.045,1.0011,1.0012,0.50,1.60
2008.06.02 11:57:15.142,1.0011,1.0012,1.10,1.60
2008.06.02 11:57:15.427,1.0011,1.0012,1.90,1.60
2008.06.02 11:57:15.728,1.0011,1.0012,1.10,1.60
2008.06.02 11:57:17.182,1.0011,1.0012,1.90,1.60
2008.06.02 11:57:17.339,1.0011,1.0012,1.40,1.60
2008.06.02 11:57:17.519,1.001,1.0012,0.90,1.60
2008.06.02 11:57:17.674,1.00105,1.0012,0.50,1.60
2008.06.02 11:57:18.001,1.001,1.0012,2.10,1.60
2008.06.02 11:57:18.685,1.001,1.0012,1.70,1.60
2008.06.02 11:57:19.683,1.001,1.0012,2.10,1.60
2008.06.02 11:57:19.766,1.001,1.0012,2.10,1.60
2008.06.02 11:57:19.847,1.00105,1.0012,0.50,1.60
2008.06.02 11:57:19.963,1.00105,1.0012,1.00,1.60
2008.06.02 11:57:21.234,1.0011,1.0012,0.60,1.60
2008.06.02 11:57:22.168,1.0011,1.0012,1.00,1.60
2008.06.02 11:57:22.434,1.0011,1.0012,2.30,1.60
2008.06.02 11:57:22.504,1.0011,1.0012,2.80,1.60
2008.06.02 11:57:23.125,1.00115,1.0012,0.60,1.60
2008.06.02 11:57:29.969,1.0011,1.0012,3.10,1.60
2008.06.02 11:57:32.310,1.00115,1.0012,0.60,1.60
2008.06.02 11:57:34.184,1.0011,1.0012,1.40,1.60
2008.06.02 11:57:34.283,1.0011,1.0012,1.00,1.60
2008.06.02 11:57:35.050,1.0011,1.0012,2.40,1.60
2008.06.02 11:57:38.724,1.0011,1.0012,1.60,1.60
2008.06.02 11:57:38.870,1.0011,1.0012,1.70,1.60
2008.06.02 11:57:39.860,1.0011,1.0012,1.90,1.60
2008.06.02 11:57:41.184,1.00115,1.0012,0.40,1.60
2008.06.02 11:57:41.782,1.00115,1.0012,3.80,1.60
2008.06.02 11:57:42.008,1.00115,1.0012,1.30,1.20
2008.06.02 11:57:42.533,1.0012,1.0015,2.80,2.30
2008.06.02 11:57:43.218,1.0012,1.0015,0.50,2.30
2008.06.02 11:57:43.470,1.0012,1.0014,0.50,0.80
2008.06.02 11:57:43.994,1.0012,1.00145,0.50,0.50
2008.06.02 11:57:44.677,1.0011,1.00145,2.70,0.70
2008.06.02 11:57:45.252,1.0011,1.0013,2.70,0.50
2008.06.02 11:57:45.661,1.0011,1.0013,2.20,0.50
2008.06.02 11:57:45.914,1.0011,1.0013,1.60,0.50
2008.06.02 11:57:47.356,1.0011,1.00125,1.60,0.50
2008.06.02 11:57:47.540,1.0011,1.0013,1.60,0.70
2008.06.02 11:57:47.864,1.0011,1.0013,1.60,0.30
2008.06.02 11:57:48.009,1.0011,1.0014,1.60,1.20
2008.06.02 11:57:48.235,1.0011,1.0014,1.60,2.60
2008.06.02 11:57:48.726,1.0011,1.0014,1.60,1.10
2008.06.02 11:57:49.148,1.0011,1.0014,2.20,1.00
2008.06.02 11:57:49.379,1.0011,1.0014,2.70,1.50
2008.06.02 11:57:49.616,1.0011,1.0014,2.00,1.70
2008.06.02 11:57:49.977,1.0011,1.00135,2.00,0.50
2008.06.02 11:57:50.346,1.0011,1.00135,2.00,0.70
2008.06.02 11:57:50.920,1.0011,1.0013,2.00,0.50
2008.06.02 11:57:51.107,1.0011,1.0013,2.00,0.70
2008.06.02 11:57:51.480,1.0011,1.0013,2.00,1.50
2008.06.02 11:57:52.419,1.0011,1.0013,2.00,2.10
2008.06.02 11:57:55.299,1.0011,1.0013,2.00,1.50
2008.06.02 11:57:56.981,1.0011,1.0013,2.00,1.50
2008.06.02 11:57:57.368,1.0011,1.0013,2.00,1.50
2008.06.02 11:57:57.508,1.0011,1.00125,1.60,0.50
2008.06.02 11:57:58.252,1.0011,1.0013,1.60,2.30
2008.06.02 11:57:58.592,1.0011,1.0013,1.60,1.50
2008.06.02 11:57:59.584,1.0011,1.0013,1.60,0.50
2008.06.02 11:57:59.776,1.0011,1.0013,1.60,1.50
2008.06.02 11:58:00.134,1.0011,1.0013,1.60,1.20
2008.06.02 11:58:00.397,1.0011,1.0012,1.60,0.50
2008.06.02 11:58:00.691,1.0011,1.0012,1.60,1.20
2008.06.02 11:58:01.482,1.0011,1.0012,0.80,0.80
2008.06.02 11:58:01.688,1.001,1.0012,0.50,0.80
2008.06.02 11:58:01.903,1.001,1.0011,0.50,2.40
2008.06.02 11:58:02.858,1.001,1.0012,0.50,1.00
2008.06.02 11:58:03.211,1.001,1.0012,0.50,0.80
2008.06.02 11:58:04.373,1.001,1.0011,0.50,2.40
2008.06.02 11:58:04.569,1.0009,1.0012,2.20,2.80
2008.06.02 11:58:04.871,1.0009,1.0011,2.20,0.50
2008.06.02 11:58:05.054,1.0009,1.0011,1.60,2.80
2008.06.02 11:58:05.312,1.00085,1.0011,0.60,1.60
2008.06.02 11:58:05.435,1.00085,1.0011,0.60,2.80
2008.06.02 11:58:05.694,1.0008,1.0011,1.20,2.80
2008.06.02 11:58:05.973,1.0008,1.0011,2.00,1.60
2008.06.02 11:58:06.286,1.00075,1.0011,0.60,1.60
2008.06.02 11:58:06.551,1.0008,1.00105,0.50,0.50
2008.06.02 11:58:06.815,1.00075,1.00105,0.60,0.50
2008.06.02 11:58:07.041,1.00075,1.0011,0.60,1.50
2008.06.02 11:58:07.887,1.00075,1.0011,0.60,1.40
2008.06.02 11:58:08.567,1.00075,1.0011,0.60,0.70
2008.06.02 11:58:09.204,1.00085,1.00115,0.60,0.50
2008.06.02 11:58:09.579,1.0009,1.0011,0.50,2.40
2008.06.02 11:58:10.087,1.0008,1.00105,1.10,0.50
2008.06.02 11:58:10.298,1.0008,1.00105,0.50,0.70
2008.06.02 11:58:11.550,1.0008,1.00105,0.50,0.30
2008.06.02 11:58:12.586,1.0009,1.0011,0.80,0.70
2008.06.02 11:58:12.853,1.0009,1.0011,0.80,0.50
2008.06.02 11:58:13.061,1.0009,1.00115,0.80,0.30
2008.06.02 11:58:13.262,1.00085,1.0012,1.00,0.30
2008.06.02 11:58:14.012,1.0009,1.0012,0.50,0.30
2008.06.02 11:58:14.202,1.0009,1.0012,2.80,0.30
2008.06.02 11:58:14.390,1.0009,1.0012,1.70,0.50
2008.06.02 11:58:14.577,1.0009,1.0012,2.40,0.50
2008.06.02 11:58:14.795,1.00085,1.0012,1.00,0.50
2008.06.02 11:58:15.479,1.00085,1.0012,1.00,0.70
2008.06.02 11:58:16.861,1.0009,1.0012,0.50,0.70
2008.06.02 11:58:17.093,1.0009,1.00115,0.50,0.50
2008.06.02 11:58:17.310,1.0009,1.0011,0.50,2.40
2008.06.02 11:58:18.093,1.0009,1.00115,0.50,0.50
2008.06.02 11:58:18.254,1.0009,1.0011,0.50,2.40
2008.06.02 11:58:18.959,1.0009,1.00115,2.80,0.50
2008.06.02 11:58:19.116,1.0009,1.00115,0.80,0.50
2008.06.02 11:58:19.347,1.0009,1.00125,1.00,0.70
2008.06.02 11:58:19.507,1.0009,1.0011,1.10,2.40
2008.06.02 11:58:19.848,1.0009,1.0011,0.50,2.40
2008.06.02 11:58:19.994,1.0009,1.0011,0.50,2.80
2008.06.02 11:58:21.789,1.0009,1.0011,0.50,1.30
2008.06.02 11:58:23.586,1.00075,1.001,0.60,0.50
2008.06.02 11:58:23.730,1.00075,1.001,0.60,2.80
2008.06.02 11:58:24.051,1.0007,1.001,3.10,0.50
2008.06.02 11:58:24.281,1.0007,1.001,2.70,0.70
2008.06.02 11:58:24.516,1.0007,1.001,2.70,1.90
2008.06.02 11:58:24.759,1.0007,1.001,2.00,0.70
2008.06.02 11:58:25.241,1.0007,1.00095,2.00,0.50
2008.06.02 11:58:25.431,1.0007,1.001,2.00,1.40
2008.06.02 11:58:26.158,1.0007,1.001,2.70,1.70
2008.06.02 11:58:26.351,1.0007,1.00095,2.70,0.50
2008.06.02 11:58:26.554,1.0007,1.001,2.70,1.50
2008.06.02 11:58:28.053,1.0007,1.00095,2.00,0.50
2008.06.02 11:58:28.692,1.0007,1.00095,2.00,0.70
2008.06.02 11:58:32.389,1.0007,1.00095,0.50,0.70
2008.06.02 11:58:34.629,1.0006,1.0009,1.10,2.40
2008.06.02 11:58:35.754,1.0006,1.0009,1.10,2.80
2008.06.02 11:58:35.981,1.0006,1.0009,0.50,0.70
2008.06.02 11:58:36.581,1.0006,1.0009,0.50,2.60
2008.06.02 11:58:36.823,1.0006,1.0009,1.10,2.40
2008.06.02 11:58:40.086,1.0006,1.0009,1.50,2.40
2008.06.02 11:58:40.451,1.0006,1.00095,2.30,0.70
2008.06.02 11:58:43.005,1.0006,1.0009,1.50,2.40
2008.06.02 11:58:43.367,1.0006,1.0009,0.50,1.90
2008.06.02 11:58:43.535,1.0006,1.0008,0.50,2.40
2008.06.02 11:58:43.909,1.0005,1.00085,2.00,0.70
2008.06.02 11:58:48.080,1.0005,1.00085,2.10,0.30
2008.06.02 11:58:48.267,1.0005,1.00085,1.30,0.30
2008.06.02 11:58:52.383,1.0005,1.0008,2.40,0.30
2008.06.02 11:58:52.747,1.0005,1.0008,2.00,0.30
2008.06.02 11:58:53.120,1.0005,1.00075,2.00,0.50
2008.06.02 11:58:53.254,1.0005,1.00075,0.50,0.50
2008.06.02 11:58:53.513,1.0005,1.00075,0.50,0.70
2008.06.02 11:58:55.360,1.0005,1.0007,0.50,0.30
2008.06.02 11:58:56.821,1.0005,1.00075,0.50,0.70
2008.06.02 11:58:59.504,1.0005,1.00075,0.50,0.30
2008.06.02 11:59:00.277,1.0005,1.0008,1.10,1.00
2008.06.02 11:59:00.467,1.0005,1.0008,0.60,1.00
2008.06.02 11:59:00.683,1.0005,1.0008,1.10,1.00
2008.06.02 11:59:10.134,1.0005,1.0008,0.60,1.50
2008.06.02 11:59:10.257,1.0005,1.00075,0.60,0.50
2008.06.02 11:59:10.394,1.00045,1.00075,0.60,0.50
2008.06.02 11:59:10.524,1.00045,1.0008,0.60,1.80
2008.06.02 11:59:11.240,1.00045,1.0008,1.00,1.00
2008.06.02 11:59:11.586,1.0005,1.0008,0.50,1.00
2008.06.02 11:59:16.199,1.0005,1.0008,0.50,1.50
2008.06.02 11:59:16.278,1.0005,1.0008,0.50,2.00
2008.06.02 11:59:16.882,1.0005,1.0008,0.50,0.50
2008.06.02 11:59:17.777,1.0005,1.0008,0.80,1.00
2008.06.02 11:59:18.017,1.0005,1.0008,1.50,0.80
2008.06.02 11:59:18.949,1.0005,1.0008,1.10,0.80
2008.06.02 11:59:30.175,1.0005,1.0008,1.10,1.00
2008.06.02 11:59:32.946,1.0005,1.0008,1.10,1.50
2008.06.02 11:59:33.346,1.0005,1.0008,0.50,1.50
2008.06.02 11:59:33.509,1.0005,1.00075,0.50,0.50
2008.06.02 11:59:43.575,1.0005,1.00075,0.50,0.70
2008.06.02 11:59:44.017,1.0005,1.00075,0.50,0.30
2008.06.02 11:59:48.153,1.0004,1.00075,2.00,0.70
2008.06.02 11:59:48.474,1.0004,1.00075,1.90,0.30
2008.06.02 11:59:49.269,1.0004,1.00075,1.10,0.70
2008.06.02 11:59:50.080,1.0004,1.00075,1.50,0.30
2008.06.02 11:59:50.660,1.00045,1.00075,0.50,0.30
2008.06.02 11:59:50.859,1.00045,1.0008,1.00,0.30
2008.06.02 11:59:51.602,1.0005,1.0008,0.50,0.30
2008.06.02 11:59:51.715,1.0005,1.0008,0.80,0.30
2008.06.02 11:59:52.195,1.0006,1.0008,0.50,0.30
2008.06.02 11:59:53.678,1.0005,1.0008,0.80,0.30
2008.06.02 11:59:55.944,1.0005,1.0008,2.00,0.30
2008.06.02 11:59:56.123,1.0005,1.0008,2.80,0.30
2008.06.02 11:59:56.398,1.0005,1.00075,0.50,0.30
2008.06.02 11:59:56.787,1.0005,1.00075,0.50,0.30
2008.06.02 11:59:59.100,1.0005,1.00075,0.80,0.30
2008.06.02 11:59:59.299,1.00055,1.0008,0.50,0.30
2008.06.02 11:59:59.512,1.0006,1.00085,0.50,0.30
2008.06.02 11:59:59.723,1.0005,1.00085,1.10,0.70
2008.06.02 11:59:59.913,1.0005,1.0008,0.50,0.30
