2008.06.30 06:00:00.815,1.0191,1.0194,15.30,20.10
2008.06.30 06:00:01.013,1.0191,1.0193,4.80,10.50
2008.06.30 06:00:01.406,1.0191,1.0194,15.30,20.10
2008.06.30 06:00:01.994,1.0192,1.0194,10.50,9.60
2008.06.30 06:00:02.531,1.0192,1.0194,10.50,8.60
2008.06.30 06:00:02.724,1.0192,1.0194,15.30,2.80
2008.06.30 06:00:07.322,1.0192,1.0194,4.80,13.40
2008.06.30 06:00:07.431,1.0191,1.0194,15.30,18.20
2008.06.30 06:00:07.743,1.0191,1.0194,15.30,20.10
2008.06.30 06:00:08.052,1.0191,1.0193,4.80,10.50
2008.06.30 06:00:08.974,1.0191,1.0194,15.30,20.10
2008.06.30 06:00:12.180,1.0191,1.0194,15.30,21.10
2008.06.30 06:00:12.451,1.0191,1.0193,4.80,10.50
2008.06.30 06:00:12.890,1.0191,1.0194,15.30,20.10
2008.06.30 06:00:14.841,1.0192,1.0194,10.50,9.60
2008.06.30 06:00:15.010,1.0192,1.0194,10.50,6.70
2008.06.30 06:00:15.260,1.0192,1.0194,15.30,1.90
2008.06.30 06:00:16.619,1.0192,1.0194,15.30,4.80
2008.06.30 06:00:17.099,1.0192,1.0194,15.30,1.90
2008.06.30 06:00:17.400,1.0192,1.0194,15.30,4.80
2008.06.30 06:00:17.559,1.0192,1.0194,15.30,1.90
2008.06.30 06:00:19.571,1.0192,1.0194,15.30,1.00
2008.06.30 06:00:19.842,1.0192,1.0194,15.30,2.80
2008.06.30 06:00:20.758,1.0191,1.0193,15.30,2.80
2008.06.30 06:00:21.116,1.0191,1.0193,4.80,13.40
2008.06.30 06:00:21.770,1.0191,1.0193,4.80,10.50
2008.06.30 06:00:22.083,1.0191,1.0194,4.80,18.70
2008.06.30 06:00:22.452,1.0191,1.0194,4.80,19.60
2008.06.30 06:00:23.080,1.0191,1.0194,4.80,20.60
2008.06.30 06:00:23.370,1.0191,1.0194,4.80,21.60
2008.06.30 06:00:25.096,1.0191,1.01935,4.80,1.00
2008.06.30 06:00:26.401,1.0191,1.0193,4.80,1.00
2008.06.30 06:00:26.626,1.0191,1.0193,4.80,11.00
2008.06.30 06:00:26.879,1.019,1.0193,18.20,15.80
2008.06.30 06:00:27.631,1.019,1.0193,15.30,15.30
2008.06.30 06:00:28.050,1.019,1.0192,4.80,13.40
2008.06.30 06:00:30.262,1.019,1.0192,4.80,10.50
2008.06.30 06:00:31.437,1.019,1.0192,4.80,13.40
2008.06.30 06:00:31.727,1.019,1.0191,4.80,2.80
2008.06.30 06:00:32.230,1.0189,1.0191,16.30,2.80
2008.06.30 06:00:32.466,1.0189,1.0191,15.30,2.80
2008.06.30 06:00:33.746,1.0188,1.0191,17.20,18.20
2008.06.30 06:00:35.403,1.0189,1.0191,15.30,2.80
2008.06.30 06:00:35.735,1.0189,1.0191,4.80,13.40
2008.06.30 06:00:36.079,1.0189,1.0191,10.50,7.60
2008.06.30 06:00:36.414,1.0189,1.0191,15.30,2.80
2008.06.30 06:00:37.972,1.0189,1.0192,15.30,19.20
2008.06.30 06:00:38.272,1.0189,1.0191,15.30,2.80
2008.06.30 06:00:43.556,1.0189,1.0192,15.30,20.10
2008.06.30 06:00:43.766,1.0189,1.0192,15.30,19.20
2008.06.30 06:00:43.992,1.0189,1.0192,15.30,18.20
2008.06.30 06:00:44.373,1.019,1.0192,4.80,13.40
2008.06.30 06:00:46.105,1.0189,1.0192,15.30,18.20
2008.06.30 06:00:59.907,1.0189,1.0191,15.30,2.80
2008.06.30 06:01:03.785,1.0189,1.0191,4.80,13.40
2008.06.30 06:01:04.220,1.0188,1.0191,15.30,18.20
2008.06.30 06:01:04.484,1.0188,1.0191,15.30,19.20
2008.06.30 06:01:04.711,1.0189,1.0191,4.80,13.40
2008.06.30 06:01:06.908,1.0189,1.0191,15.30,2.80
2008.06.30 06:01:08.356,1.0189,1.0191,15.30,3.80
2008.06.30 06:01:08.822,1.0189,1.0191,4.80,13.40
2008.06.30 06:01:08.966,1.0188,1.0191,17.20,18.20
2008.06.30 06:01:09.116,1.0188,1.0191,17.20,19.20
2008.06.30 06:01:10.118,1.0188,1.0191,17.20,19.60
2008.06.30 06:01:10.320,1.0188,1.0191,16.30,19.20
2008.06.30 06:01:10.439,1.0188,1.0191,15.30,19.20
2008.06.30 06:01:10.488,1.0188,1.019,4.80,10.50
2008.06.30 06:01:14.358,1.0188,1.01905,15.30,1.00
2008.06.30 06:01:14.511,1.0188,1.019,4.80,10.50
2008.06.30 06:01:18.098,1.0188,1.0191,15.30,19.60
2008.06.30 06:01:19.346,1.0188,1.0191,15.30,19.20
2008.06.30 06:01:21.315,1.0188,1.0191,19.20,15.30
2008.06.30 06:01:21.691,1.0189,1.01905,4.80,1.00
2008.06.30 06:01:21.927,1.0189,1.019,4.80,11.00
2008.06.30 06:01:22.168,1.0189,1.019,4.80,12.00
2008.06.30 06:01:22.408,1.0188,1.019,4.80,11.50
2008.06.30 06:01:22.649,1.0188,1.0191,15.30,19.60
2008.06.30 06:01:22.838,1.0188,1.0191,15.30,19.20
2008.06.30 06:01:23.033,1.0188,1.0191,20.60,16.30
2008.06.30 06:01:23.243,1.0188,1.0191,20.60,15.30
2008.06.30 06:01:23.439,1.0189,1.0191,10.50,4.80
2008.06.30 06:01:23.624,1.0189,1.0192,15.30,22.00
2008.06.30 06:01:23.814,1.0189,1.0191,15.30,2.80
2008.06.30 06:01:24.166,1.0189,1.0191,4.80,13.40
2008.06.30 06:01:24.554,1.0188,1.0191,20.60,15.30
2008.06.30 06:01:24.903,1.0188,1.0191,15.30,10.50
2008.06.30 06:01:25.306,1.0189,1.0191,4.80,10.50
2008.06.30 06:01:27.585,1.0189,1.01915,4.80,1.00
2008.06.30 06:01:27.736,1.0189,1.0191,4.80,10.50
2008.06.30 06:01:28.146,1.0189,1.01915,4.80,1.00
2008.06.30 06:01:28.374,1.0188,1.0191,4.80,4.80
2008.06.30 06:01:28.489,1.0189,1.01915,4.80,1.00
2008.06.30 06:01:30.744,1.019,1.0192,4.80,1.00
2008.06.30 06:01:31.111,1.019,1.01925,4.80,1.00
2008.06.30 06:01:31.304,1.019,1.0192,4.80,2.80
2008.06.30 06:01:31.543,1.019,1.0192,4.80,13.40
2008.06.30 06:01:31.771,1.0189,1.0192,4.80,19.20
2008.06.30 06:01:32.411,1.0189,1.0192,15.30,19.20
2008.06.30 06:01:32.611,1.0189,1.0192,15.30,18.20
2008.06.30 06:01:32.811,1.019,1.0192,4.80,13.40
2008.06.30 06:01:33.011,1.0189,1.0192,4.80,19.20
2008.06.30 06:01:34.339,1.0189,1.0192,4.80,20.10
2008.06.30 06:01:34.458,1.0189,1.0192,4.80,21.10
2008.06.30 06:01:34.543,1.0189,1.0191,4.80,2.80
2008.06.30 06:01:34.623,1.0189,1.0191,4.80,13.40
2008.06.30 06:01:35.194,1.0188,1.0191,17.20,18.20
2008.06.30 06:01:35.734,1.0188,1.0191,20.10,15.30
2008.06.30 06:01:35.961,1.0189,1.01915,15.30,1.00
2008.06.30 06:01:36.392,1.0189,1.0191,15.30,2.80
2008.06.30 06:01:36.664,1.0189,1.0191,4.80,13.40
2008.06.30 06:01:39.019,1.0187,1.0191,25.40,18.20
2008.06.30 06:01:41.578,1.0187,1.019,25.40,10.50
2008.06.30 06:01:42.888,1.0187,1.0191,25.40,18.20
2008.06.30 06:01:44.987,1.0187,1.019,24.90,10.50
2008.06.30 06:01:48.968,1.0189,1.019,4.80,10.50
2008.06.30 06:01:49.344,1.0189,1.0191,4.80,13.40
2008.06.30 06:01:52.105,1.0188,1.0191,15.30,18.20
2008.06.30 06:01:52.203,1.0189,1.0191,4.80,13.40
2008.06.30 06:01:52.887,1.0188,1.0191,4.80,18.20
2008.06.30 06:01:54.323,1.0188,1.019,4.80,10.50
2008.06.30 06:01:56.304,1.0188,1.0191,15.30,18.20
2008.06.30 06:01:56.497,1.0189,1.0191,4.80,13.40
2008.06.30 06:02:08.160,1.0188,1.0191,4.80,18.20
2008.06.30 06:02:08.419,1.0188,1.019,4.80,10.50
2008.06.30 06:02:13.974,1.0189,1.0191,4.80,13.40
2008.06.30 06:02:14.492,1.0188,1.0191,4.80,18.20
2008.06.30 06:02:15.637,1.0188,1.0191,5.70,18.20
2008.06.30 06:02:15.800,1.0188,1.0191,7.20,18.20
2008.06.30 06:02:16.130,1.0188,1.0191,16.80,18.20
2008.06.30 06:02:16.306,1.0189,1.0191,4.80,13.40
2008.06.30 06:02:16.769,1.0188,1.0191,4.80,18.20
2008.06.30 06:02:17.912,1.0188,1.0191,4.80,19.20
2008.06.30 06:02:18.081,1.0188,1.019,4.80,10.50
2008.06.30 06:02:18.659,1.0188,1.0191,15.30,19.20
2008.06.30 06:02:18.778,1.0188,1.0191,15.30,18.20
2008.06.30 06:02:19.109,1.0188,1.0191,15.30,19.60
2008.06.30 06:02:23.429,1.0188,1.0191,18.20,16.80
2008.06.30 06:02:23.533,1.0188,1.0191,18.20,16.30
2008.06.30 06:02:23.638,1.0188,1.0191,19.20,15.30
2008.06.30 06:02:23.762,1.0188,1.0191,20.10,15.30
2008.06.30 06:02:23.911,1.0189,1.0191,10.50,4.80
2008.06.30 06:02:24.010,1.0189,1.0191,15.30,2.80
2008.06.30 06:02:24.502,1.0188,1.0191,17.20,19.20
2008.06.30 06:02:29.001,1.0188,1.0191,16.30,20.10
2008.06.30 06:02:29.157,1.0188,1.0191,15.30,21.10
2008.06.30 06:02:32.489,1.0188,1.0191,15.30,20.10
2008.06.30 06:02:32.726,1.0189,1.0191,1.00,20.10
2008.06.30 06:02:32.967,1.0189,1.0191,1.90,16.30
2008.06.30 06:02:33.210,1.01895,1.0191,1.00,4.80
2008.06.30 06:02:33.516,1.019,1.0192,4.80,13.40
2008.06.30 06:02:35.946,1.019,1.0192,7.60,10.50
2008.06.30 06:02:36.216,1.019,1.0193,18.20,15.30
2008.06.30 06:02:37.155,1.019,1.0193,15.30,15.30
2008.06.30 06:02:37.540,1.019,1.0192,15.30,2.80
2008.06.30 06:02:37.859,1.019,1.0192,4.80,13.40
2008.06.30 06:02:41.002,1.019,1.0191,4.80,10.50
2008.06.30 06:02:41.547,1.0188,1.0191,4.80,15.30
2008.06.30 06:02:42.084,1.01895,1.0191,1.00,15.30
2008.06.30 06:02:42.349,1.01885,1.0191,1.00,15.30
2008.06.30 06:02:42.620,1.0189,1.0192,17.20,19.20
2008.06.30 06:02:42.894,1.019,1.0192,4.80,14.40
2008.06.30 06:02:43.304,1.0189,1.0192,6.70,19.20
2008.06.30 06:02:43.444,1.0189,1.0192,6.70,18.20
2008.06.30 06:02:44.775,1.0189,1.01915,6.70,1.00
2008.06.30 06:02:45.098,1.0189,1.0191,6.70,10.50
2008.06.30 06:02:45.337,1.0189,1.0191,1.90,15.30
2008.06.30 06:02:45.739,1.0189,1.0191,6.70,10.50
2008.06.30 06:02:47.179,1.0189,1.0192,20.10,16.30
2008.06.30 06:02:47.319,1.0189,1.0192,17.20,15.30
2008.06.30 06:02:47.465,1.0189,1.0192,17.20,19.20
2008.06.30 06:02:47.601,1.0189,1.0191,6.70,10.50
2008.06.30 06:02:47.919,1.0189,1.0191,1.90,15.30
2008.06.30 06:02:48.625,1.0189,1.0191,6.70,10.50
2008.06.30 06:02:48.822,1.0189,1.0191,1.90,15.30
2008.06.30 06:02:49.426,1.0189,1.0191,4.80,15.30
2008.06.30 06:02:49.885,1.0189,1.0192,20.10,15.30
2008.06.30 06:02:50.136,1.019,1.0192,4.80,11.50
2008.06.30 06:02:50.764,1.019,1.0192,4.80,13.40
2008.06.30 06:02:50.984,1.0189,1.0191,6.70,10.50
2008.06.30 06:02:52.562,1.0189,1.0191,9.60,10.50
2008.06.30 06:02:52.982,1.0189,1.0192,20.10,15.30
2008.06.30 06:02:53.172,1.0189,1.0192,20.10,16.30
2008.06.30 06:02:53.624,1.0189,1.0192,16.30,20.10
2008.06.30 06:02:53.833,1.0189,1.0191,4.80,10.50
2008.06.30 06:02:54.513,1.0189,1.0191,4.80,13.40
2008.06.30 06:02:54.722,1.0189,1.019,4.80,10.50
2008.06.30 06:02:54.930,1.0188,1.019,4.80,10.50
2008.06.30 06:02:55.516,1.0188,1.019,4.80,11.50
2008.06.30 06:02:55.884,1.0187,1.019,20.10,16.30
2008.06.30 06:02:56.472,1.01875,1.019,1.00,16.30
2008.06.30 06:02:56.704,1.0188,1.019,2.80,15.30
2008.06.30 06:02:56.940,1.0188,1.019,13.40,4.80
2008.06.30 06:02:57.181,1.0188,1.0191,15.30,16.30
2008.06.30 06:02:57.470,1.0188,1.019,4.80,10.50
2008.06.30 06:03:00.713,1.0188,1.019,4.80,11.50
2008.06.30 06:03:01.428,1.0187,1.019,18.20,16.30
2008.06.30 06:03:01.696,1.0187,1.019,15.30,19.20
2008.06.30 06:03:02.145,1.0187,1.019,18.20,17.20
2008.06.30 06:03:02.301,1.0187,1.01895,18.20,1.00
2008.06.30 06:03:02.376,1.0187,1.01895,15.30,1.00
2008.06.30 06:03:02.571,1.0187,1.019,15.30,20.10
2008.06.30 06:03:02.920,1.0187,1.0189,6.70,10.50
2008.06.30 06:03:03.999,1.0187,1.0189,5.70,10.50
2008.06.30 06:03:04.089,1.0187,1.0189,5.70,11.50
2008.06.30 06:03:04.181,1.0187,1.01885,4.80,1.00
2008.06.30 06:03:04.431,1.0187,1.0188,4.80,10.50
2008.06.30 06:03:04.521,1.0186,1.0188,8.60,10.50
2008.06.30 06:03:04.613,1.0186,1.0188,9.10,10.50
2008.06.30 06:03:04.701,1.01865,1.0188,1.00,10.50
2008.06.30 06:03:04.942,1.01865,1.0189,1.00,18.20
2008.06.30 06:03:05.183,1.0186,1.0189,15.30,15.30
2008.06.30 06:03:05.422,1.0187,1.0189,4.80,10.50
2008.06.30 06:03:05.665,1.0187,1.019,5.70,16.30
2008.06.30 06:03:05.901,1.0187,1.019,6.70,16.30
2008.06.30 06:03:07.185,1.0187,1.019,6.70,19.20
2008.06.30 06:03:07.311,1.0187,1.0189,6.70,10.50
2008.06.30 06:03:08.811,1.0187,1.0189,11.00,10.50
2008.06.30 06:03:09.070,1.0188,1.0189,4.80,10.50
2008.06.30 06:03:09.327,1.0188,1.01905,4.80,1.00
2008.06.30 06:03:09.577,1.0188,1.01905,7.60,1.00
2008.06.30 06:03:09.828,1.0188,1.01905,20.10,1.00
2008.06.30 06:03:09.978,1.0188,1.01905,20.60,1.00
2008.06.30 06:03:10.126,1.0189,1.01905,4.80,1.00
2008.06.30 06:03:10.417,1.0189,1.0191,4.80,10.50
2008.06.30 06:03:11.290,1.0188,1.0191,19.60,16.30
2008.06.30 06:03:11.479,1.0188,1.0191,4.80,16.30
2008.06.30 06:03:12.766,1.0188,1.0191,7.60,16.30
2008.06.30 06:03:12.916,1.0188,1.0191,8.10,16.30
2008.06.30 06:03:13.237,1.0188,1.0191,20.60,15.30
2008.06.30 06:03:13.418,1.0189,1.0191,4.80,10.50
2008.06.30 06:03:22.982,1.0189,1.0192,4.80,16.30
2008.06.30 06:03:27.824,1.0189,1.0192,4.80,15.30
2008.06.30 06:03:27.985,1.0189,1.0192,15.30,15.30
2008.06.30 06:03:28.150,1.019,1.0192,4.80,11.50
2008.06.30 06:03:28.466,1.0189,1.0192,15.30,16.30
2008.06.30 06:03:29.828,1.0189,1.0192,15.30,19.20
2008.06.30 06:03:35.625,1.0189,1.0192,18.20,16.30
2008.06.30 06:03:35.750,1.0189,1.0192,18.20,15.30
2008.06.30 06:03:36.026,1.019,1.0192,4.80,10.50
2008.06.30 06:03:38.078,1.019,1.0193,4.80,16.30
2008.06.30 06:03:45.970,1.019,1.0192,4.80,10.50
2008.06.30 06:03:53.006,1.0189,1.0192,18.20,15.30
2008.06.30 06:03:53.903,1.0189,1.0192,18.70,15.30
2008.06.30 06:03:54.154,1.019,1.0192,4.80,10.50
2008.06.30 06:03:55.169,1.0189,1.0192,18.20,15.30
2008.06.30 06:03:57.433,1.019,1.0192,4.80,10.50
2008.06.30 06:03:58.719,1.0189,1.0192,18.20,15.30
2008.06.30 06:04:06.703,1.019,1.0192,4.80,10.50
2008.06.30 06:04:06.891,1.0189,1.0192,18.20,15.30
2008.06.30 06:04:15.242,1.0189,1.0192,15.30,18.20
2008.06.30 06:04:18.423,1.0189,1.0192,18.20,15.30
2008.06.30 06:04:18.767,1.0189,1.0192,18.70,15.30
2008.06.30 06:04:18.974,1.019,1.0192,7.60,10.50
2008.06.30 06:04:19.391,1.019,1.0193,18.20,16.30
2008.06.30 06:04:19.623,1.019,1.0193,15.30,16.30
2008.06.30 06:04:19.793,1.019,1.0193,15.30,17.20
2008.06.30 06:04:20.115,1.019,1.0192,4.80,10.50
2008.06.30 06:04:20.439,1.0189,1.0192,20.10,15.30
2008.06.30 06:04:22.207,1.0189,1.0192,20.60,15.30
2008.06.30 06:04:22.500,1.019,1.0192,4.80,10.50
2008.06.30 06:04:23.260,1.0189,1.0192,20.10,16.30
2008.06.30 06:04:23.410,1.0189,1.0192,20.10,15.30
2008.06.30 06:04:24.340,1.0189,1.0192,20.60,15.30
2008.06.30 06:04:24.570,1.019,1.0192,4.80,10.50
2008.06.30 06:04:29.530,1.019,1.01925,4.80,1.00
2008.06.30 06:04:30.537,1.019,1.01925,7.60,1.00
2008.06.30 06:04:31.119,1.019,1.01925,18.20,1.00
2008.06.30 06:04:31.280,1.019,1.01925,7.60,1.00
2008.06.30 06:04:31.445,1.019,1.01925,4.80,1.00
2008.06.30 06:04:31.758,1.019,1.01925,7.60,1.00
2008.06.30 06:04:31.919,1.019,1.0193,7.60,16.30
2008.06.30 06:04:32.093,1.019,1.0193,18.20,16.30
2008.06.30 06:04:32.394,1.0191,1.0193,4.80,11.50
2008.06.30 06:04:34.792,1.0191,1.0193,4.80,10.50
2008.06.30 06:04:35.418,1.019,1.0193,18.20,15.30
2008.06.30 06:04:35.484,1.0191,1.0193,4.80,10.50
2008.06.30 06:04:36.206,1.0191,1.0193,4.80,11.50
2008.06.30 06:04:41.954,1.0191,1.0193,4.80,10.50
2008.06.30 06:04:43.474,1.0191,1.0193,4.80,11.50
2008.06.30 06:04:49.424,1.019,1.0193,18.20,16.30
2008.06.30 06:04:49.639,1.0191,1.0193,4.80,11.50
2008.06.30 06:04:51.737,1.019,1.01925,15.30,1.00
2008.06.30 06:04:51.880,1.019,1.01925,4.80,1.00
2008.06.30 06:04:51.964,1.019,1.0192,4.80,10.50
2008.06.30 06:04:52.558,1.019,1.01925,4.80,1.00
2008.06.30 06:04:54.956,1.019,1.0192,4.80,10.50
2008.06.30 06:04:57.953,1.019,1.01925,15.30,1.90
2008.06.30 06:04:58.102,1.019,1.01925,15.30,1.00
2008.06.30 06:04:59.837,1.019,1.0192,10.50,4.80
2008.06.30 06:05:01.021,1.0191,1.0193,4.80,11.50
2008.06.30 06:05:02.503,1.0191,1.0193,4.80,14.40
2008.06.30 06:05:02.703,1.019,1.0193,15.30,19.20
2008.06.30 06:05:05.502,1.019,1.0192,4.80,10.50
2008.06.30 06:05:06.070,1.019,1.0193,15.30,19.20
2008.06.30 06:05:08.580,1.019,1.0193,15.30,16.30
2008.06.30 06:05:08.770,1.019,1.0193,15.80,16.30
2008.06.30 06:05:08.889,1.0191,1.0193,4.80,11.50
2008.06.30 06:05:08.991,1.0191,1.0193,4.80,10.50
2008.06.30 06:05:10.050,1.0191,1.0194,4.80,16.30
2008.06.30 06:05:13.902,1.0191,1.0194,8.60,16.30
2008.06.30 06:05:14.144,1.0191,1.0194,20.10,15.30
2008.06.30 06:05:14.338,1.0192,1.0194,4.80,10.50
2008.06.30 06:05:15.804,1.0192,1.0194,4.80,11.50
2008.06.30 06:05:16.096,1.0191,1.0194,17.20,16.30
2008.06.30 06:05:16.174,1.0191,1.0194,6.70,16.30
2008.06.30 06:05:16.508,1.0191,1.01935,6.70,1.00
2008.06.30 06:05:17.528,1.0191,1.0193,6.70,1.00
2008.06.30 06:05:17.698,1.0191,1.0193,6.70,1.90
2008.06.30 06:05:17.870,1.0191,1.0193,5.70,13.40
2008.06.30 06:05:18.047,1.0191,1.0193,4.80,13.40
2008.06.30 06:05:18.218,1.019,1.0193,16.30,18.20
2008.06.30 06:05:18.390,1.019,1.0193,16.30,17.20
2008.06.30 06:05:22.638,1.019,1.0193,16.30,20.10
2008.06.30 06:05:23.184,1.019,1.0193,16.30,19.20
2008.06.30 06:05:23.436,1.019,1.0193,16.30,18.20
2008.06.30 06:05:24.459,1.019,1.0193,16.30,19.20
2008.06.30 06:05:27.535,1.019,1.0193,16.80,16.30
2008.06.30 06:05:27.765,1.019,1.0193,17.70,4.80
2008.06.30 06:05:27.893,1.0191,1.0194,4.80,19.20
2008.06.30 06:05:29.626,1.0191,1.0193,4.80,2.80
2008.06.30 06:05:30.195,1.0191,1.0193,4.80,13.40
2008.06.30 06:05:30.414,1.019,1.0193,17.20,18.20
2008.06.30 06:05:32.583,1.019,1.0193,17.20,15.30
2008.06.30 06:05:32.913,1.019,1.0193,21.60,15.30
2008.06.30 06:05:33.034,1.0191,1.01935,15.30,1.00
2008.06.30 06:05:34.942,1.0191,1.0193,4.80,2.80
2008.06.30 06:05:35.222,1.0191,1.0193,4.80,13.40
2008.06.30 06:05:35.497,1.019,1.0193,15.30,18.20
2008.06.30 06:05:36.561,1.019,1.0193,15.80,15.30
2008.06.30 06:05:36.765,1.019,1.0193,15.80,4.80
2008.06.30 06:05:36.963,1.0191,1.01935,4.80,1.00
2008.06.30 06:05:37.960,1.0191,1.0193,4.80,2.80
2008.06.30 06:05:38.523,1.019,1.0193,15.30,18.20
2008.06.30 06:05:39.968,1.019,1.0193,15.30,15.30
2008.06.30 06:05:40.250,1.019,1.0193,15.80,15.30
2008.06.30 06:05:40.485,1.0191,1.01935,4.80,1.00
2008.06.30 06:05:41.200,1.0191,1.0193,4.80,2.80
2008.06.30 06:05:41.362,1.019,1.0193,15.30,18.20
2008.06.30 06:05:41.522,1.019,1.0193,15.30,19.20
2008.06.30 06:05:43.652,1.019,1.0193,15.30,16.30
2008.06.30 06:05:43.866,1.019,1.0193,15.80,15.30
2008.06.30 06:05:44.322,1.019,1.0193,15.80,4.80
2008.06.30 06:05:45.640,1.019,1.0193,15.30,7.60
2008.06.30 06:05:45.769,1.019,1.0193,15.30,19.20
2008.06.30 06:05:47.109,1.019,1.0193,15.30,18.20
2008.06.30 06:05:48.152,1.019,1.0193,15.30,19.20
2008.06.30 06:05:52.520,1.019,1.01925,15.30,1.00
2008.06.30 06:05:52.677,1.019,1.0192,4.80,10.50
2008.06.30 06:05:52.990,1.019,1.0192,5.20,10.50
2008.06.30 06:05:53.198,1.019,1.0193,15.80,19.20
2008.06.30 06:05:53.902,1.019,1.0193,15.30,20.10
2008.06.30 06:05:53.978,1.019,1.0193,15.30,21.10
2008.06.30 06:05:54.057,1.019,1.0192,4.80,10.50
2008.06.30 06:05:54.207,1.0189,1.0192,18.20,15.30
2008.06.30 06:05:56.269,1.0189,1.0192,18.20,16.30
2008.06.30 06:05:56.462,1.0189,1.0192,15.30,16.30
2008.06.30 06:05:56.657,1.0189,1.01915,15.30,1.00
2008.06.30 06:05:56.850,1.0189,1.0191,4.80,10.50
2008.06.30 06:05:57.037,1.0188,1.0191,18.20,15.30
2008.06.30 06:06:00.487,1.0188,1.0191,15.30,15.30
2008.06.30 06:06:01.811,1.0188,1.0191,15.30,4.80
2008.06.30 06:06:02.527,1.0188,1.0191,18.20,4.80
2008.06.30 06:06:02.799,1.0188,1.0191,20.10,4.80
2008.06.30 06:06:03.066,1.0189,1.0191,4.80,10.50
2008.06.30 06:06:03.597,1.0189,1.0192,15.30,5.70
2008.06.30 06:06:05.895,1.0189,1.0192,18.20,5.70
2008.06.30 06:06:06.026,1.0189,1.0192,19.20,5.70
2008.06.30 06:06:06.167,1.019,1.0192,10.50,5.70
2008.06.30 06:06:06.305,1.019,1.0192,15.30,1.00
2008.06.30 06:06:08.483,1.019,1.0192,10.50,5.70
2008.06.30 06:06:08.714,1.0189,1.0192,15.30,5.70
2008.06.30 06:06:11.054,1.0189,1.01915,15.30,1.00
2008.06.30 06:06:12.064,1.0189,1.0191,4.80,10.50
2008.06.30 06:06:12.214,1.0188,1.0191,18.20,15.30
2008.06.30 06:06:24.190,1.0188,1.0191,18.20,16.30
2008.06.30 06:06:27.581,1.01885,1.0191,1.00,16.30
2008.06.30 06:06:27.772,1.0189,1.0191,15.30,1.00
2008.06.30 06:06:27.960,1.0189,1.01915,15.30,1.00
2008.06.30 06:06:28.150,1.0189,1.0191,4.80,10.50
2008.06.30 06:06:28.300,1.0188,1.0191,18.20,15.30
2008.06.30 06:06:28.682,1.0188,1.0191,18.20,16.30
2008.06.30 06:06:36.020,1.0188,1.0191,18.20,15.30
2008.06.30 06:06:36.117,1.0189,1.0191,10.50,4.80
2008.06.30 06:06:36.524,1.0189,1.01915,15.30,1.00
2008.06.30 06:06:38.727,1.0189,1.01915,4.80,1.00
2008.06.30 06:06:38.940,1.0188,1.0191,15.30,4.80
2008.06.30 06:06:40.507,1.0188,1.0191,19.20,4.80
2008.06.30 06:06:40.747,1.0189,1.0191,10.50,4.80
2008.06.30 06:06:40.905,1.0189,1.01915,15.30,1.00
2008.06.30 06:06:46.745,1.0189,1.0191,4.80,10.50
2008.06.30 06:06:48.286,1.0189,1.0191,4.80,11.50
2008.06.30 06:06:48.689,1.0188,1.0191,15.30,16.30
2008.06.30 06:06:49.839,1.0188,1.01905,15.30,1.00
2008.06.30 06:06:50.365,1.0188,1.019,4.80,10.50
2008.06.30 06:06:50.948,1.0188,1.019,5.70,10.50
2008.06.30 06:06:51.293,1.0188,1.019,4.80,10.50
2008.06.30 06:06:51.436,1.0188,1.0191,15.30,20.10
2008.06.30 06:06:51.676,1.0188,1.0191,15.30,23.00
2008.06.30 06:06:51.882,1.0188,1.019,4.80,10.50
2008.06.30 06:06:52.406,1.0188,1.019,4.80,15.30
2008.06.30 06:06:52.591,1.0188,1.0189,4.80,10.50
2008.06.30 06:06:52.778,1.0187,1.0189,4.80,10.50
2008.06.30 06:06:53.383,1.0187,1.019,15.30,19.60
2008.06.30 06:06:54.509,1.0187,1.019,15.30,20.60
2008.06.30 06:06:54.604,1.0187,1.0189,15.30,1.00
2008.06.30 06:06:54.786,1.0187,1.0189,4.80,11.50
2008.06.30 06:06:55.244,1.0187,1.0189,4.80,10.50
2008.06.30 06:06:55.939,1.0187,1.0189,4.80,11.50
2008.06.30 06:06:56.272,1.0186,1.0189,17.20,5.70
2008.06.30 06:06:56.563,1.0186,1.0189,17.20,7.60
2008.06.30 06:06:56.854,1.0187,1.0189,4.80,10.50
2008.06.30 06:06:57.169,1.0186,1.0189,17.20,15.30
2008.06.30 06:06:57.495,1.0187,1.0189,7.60,10.50
2008.06.30 06:06:57.663,1.0187,1.01895,18.20,1.00
2008.06.30 06:06:57.855,1.0187,1.019,18.20,16.30
2008.06.30 06:06:59.924,1.0187,1.019,15.30,19.20
2008.06.30 06:07:00.459,1.0187,1.019,4.80,19.20
2008.06.30 06:07:02.504,1.0187,1.0189,4.80,2.80
2008.06.30 06:07:02.763,1.0187,1.019,4.80,21.10
2008.06.30 06:07:02.894,1.01865,1.0189,1.00,4.80
2008.06.30 06:07:02.993,1.01865,1.0189,1.00,7.60
2008.06.30 06:07:03.193,1.01865,1.0189,1.00,18.20
2008.06.30 06:07:03.588,1.0187,1.0189,4.80,13.40
2008.06.30 06:07:03.788,1.01865,1.0189,1.00,15.30
2008.06.30 06:07:04.225,1.01865,1.0189,1.00,4.80
2008.06.30 06:07:04.431,1.0187,1.01895,4.80,1.00
2008.06.30 06:07:05.044,1.0187,1.019,4.80,16.30
2008.06.30 06:07:05.152,1.0187,1.019,15.30,16.30
2008.06.30 06:07:05.420,1.0187,1.019,15.30,4.80
2008.06.30 06:07:05.625,1.0188,1.0191,15.30,19.20
2008.06.30 06:07:06.201,1.0188,1.0191,4.80,19.20
2008.06.30 06:07:09.300,1.0188,1.0191,15.30,19.20
2008.06.30 06:07:12.331,1.0188,1.0191,4.80,19.20
2008.06.30 06:07:14.984,1.0188,1.0191,4.80,19.60
2008.06.30 06:07:15.600,1.0188,1.019,4.80,1.00
2008.06.30 06:07:15.857,1.0188,1.019,4.80,3.80
2008.06.30 06:07:15.982,1.0187,1.019,4.80,5.70
2008.06.30 06:07:16.115,1.0187,1.019,4.80,16.30
2008.06.30 06:07:16.363,1.0187,1.019,4.80,5.70
2008.06.30 06:07:16.616,1.0187,1.019,4.80,8.60
2008.06.30 06:07:16.869,1.0187,1.019,4.80,19.20
2008.06.30 06:07:17.123,1.0187,1.019,4.80,16.30
2008.06.30 06:07:17.379,1.0187,1.019,4.80,5.70
2008.06.30 06:07:17.642,1.0187,1.019,4.80,8.60
2008.06.30 06:07:17.901,1.0187,1.019,4.80,19.20
2008.06.30 06:07:20.047,1.0187,1.019,4.80,16.30
2008.06.30 06:07:20.356,1.0187,1.019,4.80,5.70
2008.06.30 06:07:21.125,1.0187,1.019,7.60,5.70
2008.06.30 06:07:22.243,1.0187,1.019,18.20,4.80
2008.06.30 06:07:22.512,1.0188,1.01905,4.80,1.00
2008.06.30 06:07:25.067,1.0188,1.019,4.80,1.00
2008.06.30 06:07:25.287,1.0188,1.019,4.80,14.40
2008.06.30 06:07:25.390,1.0187,1.019,15.30,19.20
2008.06.30 06:07:30.736,1.0187,1.019,15.30,16.30
2008.06.30 06:07:30.967,1.0187,1.019,15.30,5.70
2008.06.30 06:07:31.442,1.0188,1.019,4.80,1.00
2008.06.30 06:07:31.667,1.0188,1.0191,4.80,19.20
2008.06.30 06:07:31.954,1.0188,1.0191,15.30,19.20
2008.06.30 06:07:40.752,1.0188,1.0191,15.30,16.30
2008.06.30 06:07:40.962,1.0188,1.0191,15.30,19.20
2008.06.30 06:07:42.689,1.0188,1.0191,15.30,16.30
2008.06.30 06:07:42.986,1.0189,1.01915,4.80,1.00
2008.06.30 06:07:46.148,1.0189,1.0191,4.80,3.80
2008.06.30 06:07:46.252,1.0189,1.0191,4.80,14.40
2008.06.30 06:07:46.440,1.0188,1.0191,15.30,19.20
2008.06.30 06:07:51.055,1.0188,1.0191,15.30,20.10
2008.06.30 06:07:51.178,1.0188,1.01905,15.30,1.00
2008.06.30 06:07:51.653,1.0188,1.019,4.80,2.80
2008.06.30 06:07:51.709,1.0187,1.019,15.30,18.20
2008.06.30 06:07:52.068,1.0187,1.019,15.30,15.30
2008.06.30 06:07:52.427,1.0188,1.01905,4.80,1.00
2008.06.30 06:07:54.919,1.0188,1.019,4.80,10.50
2008.06.30 06:07:56.640,1.0188,1.019,4.80,13.40
2008.06.30 06:07:56.919,1.0187,1.019,15.30,18.20
2008.06.30 06:07:57.058,1.0187,1.019,15.30,15.30
2008.06.30 06:07:57.336,1.0187,1.019,15.30,4.80
2008.06.30 06:07:57.493,1.0187,1.019,15.30,7.60
2008.06.30 06:07:58.009,1.0188,1.019,4.80,13.40
2008.06.30 06:07:58.257,1.0187,1.019,15.30,18.20
2008.06.30 06:08:02.079,1.0187,1.019,15.30,15.30
2008.06.30 06:08:02.290,1.0187,1.019,15.30,4.80
2008.06.30 06:08:02.537,1.0188,1.01905,4.80,1.00
2008.06.30 06:08:03.338,1.0188,1.019,4.80,1.90
2008.06.30 06:08:03.584,1.0187,1.019,15.30,20.10
2008.06.30 06:08:03.770,1.0187,1.019,15.30,19.20
2008.06.30 06:08:05.024,1.0187,1.019,15.30,16.30
2008.06.30 06:08:05.340,1.0187,1.019,16.30,19.20
2008.06.30 06:08:05.495,1.0187,1.0189,16.30,2.80
2008.06.30 06:08:05.638,1.0187,1.0189,15.30,3.80
2008.06.30 06:08:05.793,1.0188,1.0189,4.80,1.00
2008.06.30 06:08:06.072,1.01865,1.0189,1.00,19.20
2008.06.30 06:08:07.440,1.0186,1.0189,15.30,18.20
2008.06.30 06:08:11.269,1.0186,1.0189,4.80,19.20
2008.06.30 06:08:12.575,1.0186,1.0189,4.80,20.10
2008.06.30 06:08:12.773,1.0186,1.0189,4.80,21.10
2008.06.30 06:08:13.057,1.0186,1.0188,4.80,2.80
2008.06.30 06:08:13.216,1.0186,1.0188,4.80,3.80
2008.06.30 06:08:13.365,1.0185,1.0188,4.80,16.30
2008.06.30 06:08:13.514,1.0185,1.0188,4.80,19.20
2008.06.30 06:08:13.717,1.0185,1.0188,4.80,16.30
2008.06.30 06:08:13.924,1.0185,1.0188,4.80,5.70
2008.06.30 06:08:15.319,1.0185,1.0188,4.80,7.60
2008.06.30 06:08:15.447,1.0185,1.0188,15.30,7.60
2008.06.30 06:08:15.581,1.0186,1.0188,4.80,14.40
2008.06.30 06:08:15.759,1.0185,1.0188,15.30,19.20
2008.06.30 06:08:15.889,1.0185,1.0188,15.30,16.30
2008.06.30 06:08:16.016,1.0185,1.0188,15.30,8.60
2008.06.30 06:08:16.151,1.0186,1.0188,4.80,3.80
2008.06.30 06:08:16.425,1.0186,1.01885,4.80,1.00
2008.06.30 06:08:17.165,1.0186,1.01885,15.30,1.00
2008.06.30 06:08:17.340,1.0186,1.0188,4.80,11.50
2008.06.30 06:08:17.517,1.0186,1.0187,4.80,10.50
2008.06.30 06:08:17.696,1.0185,1.0187,4.80,10.50
2008.06.30 06:08:20.454,1.0185,1.0188,15.30,18.20
2008.06.30 06:08:21.954,1.0185,1.0188,15.30,17.20
2008.06.30 06:08:22.224,1.0185,1.0188,15.30,19.20
2008.06.30 06:08:22.503,1.0186,1.0188,4.80,15.30
2008.06.30 06:08:22.728,1.0186,1.0187,4.80,10.50
2008.06.30 06:08:22.894,1.0185,1.0187,4.80,10.50
2008.06.30 06:08:27.502,1.0185,1.0188,15.30,19.20
2008.06.30 06:08:28.313,1.0185,1.0188,15.80,19.20
2008.06.30 06:08:31.166,1.0185,1.0188,15.30,19.20
2008.06.30 06:08:32.619,1.0185,1.0188,15.30,18.20
2008.06.30 06:08:33.468,1.0185,1.0188,15.30,19.20
2008.06.30 06:08:33.919,1.0185,1.01875,15.30,1.00
2008.06.30 06:08:34.077,1.0185,1.01865,15.30,1.00
2008.06.30 06:08:34.170,1.0185,1.01865,10.50,1.00
2008.06.30 06:08:34.368,1.0184,1.01865,16.30,1.00
2008.06.30 06:08:34.470,1.0184,1.0186,10.50,4.80
2008.06.30 06:08:34.623,1.0183,1.0186,18.20,15.30
2008.06.30 06:08:35.492,1.0183,1.0186,15.30,18.20
2008.06.30 06:08:35.790,1.0184,1.0186,2.80,15.30
2008.06.30 06:08:36.072,1.0184,1.0187,18.20,17.20
2008.06.30 06:08:36.313,1.0184,1.0187,18.20,16.30
2008.06.30 06:08:36.826,1.0184,1.0187,18.20,15.30
2008.06.30 06:08:37.014,1.0185,1.01875,4.80,1.00
2008.06.30 06:08:40.842,1.0185,1.0187,4.80,10.50
2008.06.30 06:08:41.135,1.0184,1.0187,20.10,15.30
2008.06.30 06:08:41.477,1.0185,1.0187,4.80,10.50
2008.06.30 06:08:47.268,1.0185,1.0188,15.30,19.20
2008.06.30 06:08:47.743,1.0186,1.0188,4.80,14.40
2008.06.30 06:08:48.268,1.0185,1.0188,15.30,19.20
2008.06.30 06:08:48.460,1.0185,1.0188,4.80,19.20
2008.06.30 06:08:49.754,1.0185,1.0188,15.30,19.20
2008.06.30 06:08:52.046,1.0185,1.01875,15.30,1.00
2008.06.30 06:08:52.314,1.0185,1.01875,4.80,1.00
2008.06.30 06:08:52.446,1.0185,1.0187,4.80,10.50
2008.06.30 06:08:52.622,1.0184,1.0187,18.20,15.30
2008.06.30 06:08:53.837,1.0184,1.0187,18.20,4.80
2008.06.30 06:08:54.008,1.0185,1.0188,4.80,19.20
2008.06.30 06:08:54.175,1.0185,1.0188,15.30,19.20
2008.06.30 06:08:55.559,1.0185,1.0188,15.30,19.60
2008.06.30 06:08:55.729,1.0185,1.0187,4.80,1.00
2008.06.30 06:08:55.899,1.0185,1.0187,4.80,11.50
2008.06.30 06:08:56.064,1.0184,1.0187,18.20,16.30
2008.06.30 06:08:56.940,1.0185,1.0187,10.50,4.80
2008.06.30 06:08:57.366,1.0185,1.01875,15.30,1.00
2008.06.30 06:08:58.107,1.0185,1.0187,15.30,1.00
2008.06.30 06:08:58.208,1.0185,1.0187,4.80,1.00
2008.06.30 06:08:58.315,1.0185,1.0187,4.80,11.50
2008.06.30 06:08:58.421,1.0184,1.0187,18.20,16.30
2008.06.30 06:08:59.356,1.0184,1.0187,18.20,4.80
2008.06.30 06:09:00.112,1.0184,1.0187,15.30,4.80
2008.06.30 06:09:00.378,1.0184,1.0187,4.80,4.80
2008.06.30 06:09:00.704,1.0185,1.0187,10.50,4.80
2008.06.30 06:09:00.813,1.0185,1.01875,15.30,1.00
2008.06.30 06:09:01.005,1.0185,1.0186,4.80,10.50
2008.06.30 06:09:01.389,1.0184,1.0186,7.60,10.50
2008.06.30 06:09:02.183,1.0184,1.0186,4.80,10.50
2008.06.30 06:09:02.954,1.0184,1.0186,7.60,10.50
2008.06.30 06:09:03.614,1.0184,1.0187,18.20,16.30
2008.06.30 06:09:03.862,1.0184,1.0186,7.60,10.50
2008.06.30 06:09:04.596,1.0184,1.0187,18.20,15.30
2008.06.30 06:09:05.046,1.0185,1.0187,10.50,4.80
2008.06.30 06:09:05.272,1.0185,1.01875,15.30,1.00
2008.06.30 06:09:06.045,1.0185,1.01875,4.80,1.00
2008.06.30 06:09:06.193,1.0185,1.0187,4.80,1.00
2008.06.30 06:09:06.325,1.0184,1.0187,18.20,16.30
2008.06.30 06:09:06.609,1.0184,1.0187,15.30,19.20
2008.06.30 06:09:06.746,1.0185,1.0187,4.80,3.80
2008.06.30 06:09:07.024,1.0184,1.0187,4.80,19.20
2008.06.30 06:09:07.300,1.0184,1.01865,4.80,1.00
2008.06.30 06:09:07.583,1.0184,1.01865,7.60,1.00
2008.06.30 06:09:07.862,1.0184,1.0187,18.20,16.30
2008.06.30 06:09:08.548,1.0184,1.0187,15.30,19.20
2008.06.30 06:09:08.693,1.0184,1.0187,18.20,16.30
2008.06.30 06:09:09.223,1.0184,1.0187,15.30,19.20
2008.06.30 06:09:09.472,1.0184,1.01865,15.30,1.00
2008.06.30 06:09:11.444,1.0184,1.0186,4.80,2.80
2008.06.30 06:09:11.657,1.0184,1.0186,4.80,13.40
2008.06.30 06:09:11.830,1.0183,1.0186,15.30,18.20
2008.06.30 06:09:12.737,1.0183,1.0186,15.30,7.60
2008.06.30 06:09:12.893,1.0183,1.0186,15.30,8.60
2008.06.30 06:09:13.050,1.0183,1.0186,4.80,8.60
2008.06.30 06:09:13.215,1.0183,1.0186,4.80,19.20
2008.06.30 06:09:13.601,1.0183,1.0186,15.30,18.20
2008.06.30 06:09:14.073,1.0183,1.0186,4.80,19.20
2008.06.30 06:09:14.314,1.0183,1.01855,4.80,1.00
2008.06.30 06:09:14.954,1.0183,1.01855,15.30,1.00
2008.06.30 06:09:15.629,1.0183,1.0186,15.30,19.20
2008.06.30 06:09:16.609,1.0183,1.0186,4.80,19.20
2008.06.30 06:09:16.839,1.0183,1.01855,4.80,1.00
2008.06.30 06:09:17.338,1.0183,1.0185,4.80,10.50
2008.06.30 06:09:17.572,1.0182,1.0185,18.20,15.30
2008.06.30 06:09:17.919,1.0183,1.0185,4.80,10.50
2008.06.30 06:09:18.076,1.0183,1.01855,4.80,1.00
2008.06.30 06:09:18.315,1.0183,1.01855,15.30,1.00
2008.06.30 06:09:19.503,1.0183,1.0186,15.30,19.20
2008.06.30 06:09:19.678,1.0183,1.01855,15.30,1.00
2008.06.30 06:09:19.860,1.0183,1.01855,4.80,1.00
2008.06.30 06:09:20.819,1.0183,1.01855,15.30,1.00
2008.06.30 06:09:21.590,1.0183,1.0185,4.80,10.50
2008.06.30 06:09:21.928,1.0182,1.0185,18.20,15.30
2008.06.30 06:09:22.311,1.0182,1.0185,18.20,4.80
2008.06.30 06:09:22.655,1.0183,1.01855,4.80,1.00
2008.06.30 06:09:23.595,1.0183,1.0185,4.80,2.80
2008.06.30 06:09:23.866,1.0182,1.0185,18.20,16.30
2008.06.30 06:09:24.903,1.0182,1.0185,18.20,15.30
2008.06.30 06:09:25.278,1.0182,1.0185,18.20,4.80
2008.06.30 06:09:25.466,1.0183,1.01855,4.80,1.00
2008.06.30 06:09:26.983,1.0182,1.0185,15.30,18.20
2008.06.30 06:09:27.228,1.0182,1.0185,15.30,15.30
2008.06.30 06:09:27.496,1.0182,1.0185,18.20,15.30
2008.06.30 06:09:27.741,1.0183,1.0186,4.80,19.20
2008.06.30 06:09:28.028,1.0184,1.0186,4.80,14.40
2008.06.30 06:09:28.327,1.0184,1.01855,4.80,1.00
2008.06.30 06:09:29.187,1.0183,1.01855,15.30,1.00
2008.06.30 06:09:29.605,1.0183,1.0185,4.80,10.50
2008.06.30 06:09:31.686,1.0183,1.0185,4.80,13.40
2008.06.30 06:09:31.834,1.0183,1.0185,4.80,14.40
2008.06.30 06:09:31.929,1.0183,1.0185,4.80,15.80
2008.06.30 06:09:32.117,1.0183,1.0184,4.80,10.50
2008.06.30 06:09:32.320,1.0182,1.0184,4.80,10.50
2008.06.30 06:09:32.515,1.0182,1.0184,4.80,11.50
2008.06.30 06:09:32.773,1.0181,1.0184,18.70,15.30
2008.06.30 06:09:32.980,1.0181,1.0184,15.30,15.30
2008.06.30 06:09:33.104,1.0181,1.0184,15.30,16.30
2008.06.30 06:09:33.741,1.0181,1.0184,15.80,16.30
2008.06.30 06:09:34.104,1.0181,1.0184,15.80,15.30
2008.06.30 06:09:34.597,1.0181,1.0184,15.30,15.30
2008.06.30 06:09:35.103,1.0181,1.01835,15.30,1.00
2008.06.30 06:09:35.342,1.018,1.0183,15.30,16.30
2008.06.30 06:09:37.027,1.0181,1.0183,4.80,11.50
2008.06.30 06:09:37.185,1.0181,1.0183,15.30,1.00
2008.06.30 06:09:37.759,1.0181,1.01825,15.30,1.00
2008.06.30 06:09:37.869,1.0181,1.01825,4.80,1.00
2008.06.30 06:09:38.075,1.018,1.01825,15.30,1.00
2008.06.30 06:09:38.415,1.018,1.0183,15.30,18.20
2008.06.30 06:09:39.083,1.018,1.0183,15.30,19.20
2008.06.30 06:09:39.556,1.018,1.0183,15.30,16.30
2008.06.30 06:09:39.802,1.018,1.0183,15.30,5.70
2008.06.30 06:09:41.134,1.0181,1.0183,10.50,5.70
2008.06.30 06:09:41.283,1.0181,1.0183,15.30,1.00
2008.06.30 06:09:41.943,1.0181,1.0183,10.50,5.70
2008.06.30 06:09:42.700,1.0181,1.0183,15.30,1.00
2008.06.30 06:09:44.280,1.0181,1.0183,4.80,1.00
2008.06.30 06:09:44.365,1.018,1.0183,15.30,5.70
2008.06.30 06:09:46.632,1.018,1.0183,15.30,4.80
2008.06.30 06:09:46.930,1.0181,1.0183,10.50,4.80
2008.06.30 06:09:47.225,1.0181,1.01835,15.30,1.00
2008.06.30 06:09:48.796,1.0181,1.0183,15.30,1.00
2008.06.30 06:09:49.396,1.0181,1.0183,10.50,5.70
2008.06.30 06:09:49.685,1.0181,1.0183,15.30,1.00
2008.06.30 06:09:51.356,1.0181,1.0184,15.30,16.30
2008.06.30 06:09:51.526,1.0181,1.01835,15.30,1.00
2008.06.30 06:09:51.703,1.0182,1.01835,10.50,1.00
2008.06.30 06:09:52.035,1.0181,1.0183,10.50,4.80
2008.06.30 06:09:52.558,1.0181,1.01835,15.30,1.00
2008.06.30 06:09:54.195,1.0182,1.0184,10.50,4.80
2008.06.30 06:09:54.617,1.0182,1.01845,15.30,1.00
2008.06.30 06:10:01.100,1.0182,1.0184,10.50,4.80
2008.06.30 06:10:01.386,1.0182,1.01845,15.30,1.00
2008.06.30 06:10:04.702,1.0182,1.0184,10.50,4.80
2008.06.30 06:10:05.152,1.0183,1.0185,10.50,4.80
2008.06.30 06:10:05.838,1.0183,1.01855,15.30,1.00
2008.06.30 06:10:06.127,1.0183,1.0185,4.80,1.00
2008.06.30 06:10:06.723,1.0182,1.0185,15.30,5.70
2008.06.30 06:10:08.978,1.0182,1.0185,18.20,5.70
2008.06.30 06:10:09.210,1.0183,1.0185,10.50,5.70
2008.06.30 06:10:09.449,1.0183,1.0185,15.30,1.00
2008.06.30 06:10:10.667,1.0183,1.01845,4.80,1.00
2008.06.30 06:10:10.920,1.0182,1.01845,15.30,1.00
2008.06.30 06:10:11.729,1.0182,1.01845,4.80,1.00
2008.06.30 06:10:13.969,1.0182,1.0184,4.80,1.00
2008.06.30 06:10:14.104,1.0182,1.01845,4.80,1.00
2008.06.30 06:10:14.225,1.0181,1.0184,15.30,4.80
2008.06.30 06:10:15.427,1.0181,1.0184,18.20,4.80
2008.06.30 06:10:15.705,1.0182,1.01845,15.30,1.00
2008.06.30 06:10:18.335,1.0182,1.0185,18.20,16.30
2008.06.30 06:10:18.475,1.0182,1.0185,15.30,15.30
2008.06.30 06:10:18.616,1.0182,1.0185,15.30,4.80
2008.06.30 06:10:18.766,1.0182,1.0185,15.30,18.20
2008.06.30 06:10:18.915,1.0182,1.0185,15.30,19.20
2008.06.30 06:10:19.206,1.0182,1.0185,15.30,21.10
2008.06.30 06:10:19.644,1.0182,1.01845,15.30,1.00
2008.06.30 06:10:21.284,1.0182,1.0185,15.30,21.10
2008.06.30 06:10:50.016,1.0182,1.0185,15.30,17.20
2008.06.30 06:10:50.382,1.0182,1.0185,15.30,5.70
2008.06.30 06:10:50.887,1.0182,1.0185,15.30,8.60
2008.06.30 06:10:51.184,1.0182,1.0185,15.30,19.20
2008.06.30 06:10:51.382,1.0182,1.0184,10.50,4.80
2008.06.30 06:10:51.748,1.0182,1.0185,15.30,19.20
2008.06.30 06:10:52.151,1.0182,1.0185,18.20,16.30
2008.06.30 06:10:52.341,1.0183,1.0185,4.80,11.50
2008.06.30 06:10:54.653,1.0183,1.0185,15.30,1.00
2008.06.30 06:10:54.814,1.0183,1.01855,15.30,1.00
2008.06.30 06:10:56.640,1.0183,1.0185,15.30,1.00
2008.06.30 06:10:56.790,1.0183,1.0185,4.80,1.00
2008.06.30 06:10:56.957,1.0182,1.0185,15.30,5.70
2008.06.30 06:10:57.106,1.0182,1.01845,15.30,1.00
2008.06.30 06:11:00.693,1.0182,1.0185,15.30,16.80
2008.06.30 06:11:02.148,1.0182,1.0185,18.20,16.80
2008.06.30 06:11:02.474,1.0182,1.0185,18.20,15.80
2008.06.30 06:11:02.673,1.0183,1.0185,4.80,10.50
2008.06.30 06:11:03.116,1.0183,1.01855,15.30,1.00
2008.06.30 06:11:04.775,1.0183,1.01855,4.80,1.00
2008.06.30 06:11:04.917,1.0182,1.0185,15.30,4.80
2008.06.30 06:11:10.874,1.0182,1.0185,19.20,4.80
2008.06.30 06:11:11.050,1.0183,1.01855,4.80,1.00
2008.06.30 06:11:11.527,1.0183,1.01855,15.30,1.00
2008.06.30 06:11:14.141,1.0183,1.01855,4.80,1.00
2008.06.30 06:11:14.453,1.0183,1.01855,15.30,1.00
2008.06.30 06:11:28.277,1.0183,1.0186,15.30,16.80
2008.06.30 06:11:30.083,1.0183,1.0186,4.80,16.80
2008.06.30 06:11:30.200,1.0183,1.0186,4.80,16.30
2008.06.30 06:11:30.895,1.0183,1.0186,4.80,15.30
2008.06.30 06:11:31.147,1.0183,1.0186,4.80,16.80
2008.06.30 06:11:31.397,1.0183,1.0186,15.30,16.80
2008.06.30 06:11:32.471,1.0183,1.0186,15.30,16.30
2008.06.30 06:11:32.928,1.0183,1.0186,15.30,16.80
2008.06.30 06:11:33.449,1.0183,1.01855,15.30,1.00
2008.06.30 06:11:34.086,1.0183,1.01855,18.20,1.00
2008.06.30 06:11:34.225,1.0183,1.0186,18.20,16.30
2008.06.30 06:11:38.910,1.0184,1.01865,15.30,1.00
2008.06.30 06:11:39.265,1.0184,1.0186,4.80,10.50
2008.06.30 06:11:42.833,1.0183,1.0186,17.20,4.80
2008.06.30 06:11:43.486,1.0184,1.01865,4.80,1.00
2008.06.30 06:11:43.662,1.0184,1.0187,4.80,4.80
2008.06.30 06:11:43.914,1.0184,1.0187,15.30,19.60
2008.06.30 06:11:44.153,1.0184,1.0187,15.30,16.30
2008.06.30 06:11:44.623,1.0184,1.0187,18.20,5.70
2008.06.30 06:11:44.908,1.0185,1.0187,10.50,4.80
2008.06.30 06:11:45.185,1.0185,1.0188,15.30,7.60
2008.06.30 06:11:46.015,1.0185,1.0188,15.30,5.70
2008.06.30 06:11:47.288,1.0185,1.01875,15.30,1.00
2008.06.30 06:11:50.836,1.0185,1.0187,15.30,1.00
2008.06.30 06:11:51.612,1.0185,1.01875,15.30,1.00
2008.06.30 06:11:54.324,1.0185,1.0187,15.30,1.00
2008.06.30 06:11:55.454,1.0185,1.01875,15.30,1.00
2008.06.30 06:11:56.904,1.0185,1.0187,15.30,1.00
2008.06.30 06:11:57.178,1.0185,1.01875,15.30,1.00
2008.06.30 06:11:57.791,1.0185,1.01875,4.80,1.00
2008.06.30 06:11:58.227,1.0185,1.0187,10.50,4.80
2008.06.30 06:11:58.505,1.0185,1.01875,15.30,1.00
2008.06.30 06:12:08.254,1.0185,1.01875,18.20,1.00
2008.06.30 06:12:08.452,1.0185,1.0188,18.20,16.30
2008.06.30 06:12:08.615,1.0185,1.0188,18.20,15.30
2008.06.30 06:12:08.956,1.0185,1.0188,15.30,18.70
2008.06.30 06:12:09.318,1.0185,1.0188,15.30,19.60
2008.06.30 06:12:09.672,1.0185,1.0188,15.30,16.80
2008.06.30 06:12:10.091,1.0185,1.0188,15.30,5.70
2008.06.30 06:12:12.203,1.0185,1.01875,4.80,1.00
2008.06.30 06:12:13.630,1.0185,1.0188,4.80,16.30
2008.06.30 06:12:19.287,1.0186,1.0188,10.50,5.70
2008.06.30 06:12:20.435,1.0186,1.0188,15.30,1.00
2008.06.30 06:12:21.137,1.0186,1.0189,15.30,16.30
2008.06.30 06:12:21.528,1.0186,1.0189,4.80,16.30
2008.06.30 06:12:22.678,1.0186,1.01885,4.80,1.00
2008.06.30 06:12:23.148,1.0186,1.0189,15.30,16.30
2008.06.30 06:12:23.604,1.0187,1.0189,4.80,11.50
2008.06.30 06:12:24.076,1.0187,1.0189,4.80,10.50
2008.06.30 06:12:24.421,1.0187,1.01895,15.30,1.00
2008.06.30 06:12:24.806,1.0187,1.0189,4.80,11.50
2008.06.30 06:12:25.076,1.0186,1.0189,4.80,16.30
2008.06.30 06:12:25.343,1.0186,1.01885,4.80,1.00
2008.06.30 06:12:25.876,1.0186,1.0189,4.80,16.30
2008.06.30 06:12:26.198,1.0187,1.0189,4.80,11.50
2008.06.30 06:12:27.267,1.0187,1.01885,4.80,1.00
2008.06.30 06:12:27.958,1.0186,1.01885,4.80,1.00
2008.06.30 06:12:28.165,1.0186,1.0189,15.30,16.30
2008.06.30 06:12:28.370,1.0187,1.0189,4.80,11.50
2008.06.30 06:12:28.762,1.0186,1.01885,4.80,1.00
2008.06.30 06:12:30.290,1.0186,1.0189,4.80,16.30
2008.06.30 06:12:30.433,1.0186,1.0189,15.30,16.30
2008.06.30 06:12:30.704,1.0187,1.0189,4.80,11.50
2008.06.30 06:12:34.020,1.0186,1.0189,18.20,16.30
2008.06.30 06:12:34.194,1.0187,1.0189,4.80,11.50
2008.06.30 06:12:41.691,1.0186,1.0189,18.20,16.30
2008.06.30 06:12:44.372,1.0186,1.0189,18.20,5.70
2008.06.30 06:12:44.498,1.0186,1.0189,15.30,5.70
2008.06.30 06:12:44.653,1.0186,1.0189,16.30,5.70
2008.06.30 06:12:44.715,1.0187,1.019,4.80,15.30
2008.06.30 06:12:45.100,1.0187,1.019,15.30,15.30
2008.06.30 06:12:45.355,1.0187,1.019,18.20,16.30
2008.06.30 06:12:45.610,1.0187,1.019,15.30,16.80
2008.06.30 06:12:46.206,1.0187,1.019,4.80,16.80
2008.06.30 06:12:46.574,1.0187,1.019,4.80,5.70
2008.06.30 06:12:47.541,1.0187,1.019,4.80,16.80
2008.06.30 06:12:49.182,1.0187,1.019,4.80,19.60
2008.06.30 06:12:49.624,1.0187,1.0189,4.80,10.50
2008.06.30 06:12:51.456,1.0187,1.019,15.30,16.30
2008.06.30 06:12:51.616,1.0188,1.019,4.80,11.50
2008.06.30 06:12:51.978,1.0188,1.019,4.80,12.00
2008.06.30 06:12:52.147,1.0188,1.019,4.80,14.80
2008.06.30 06:12:52.492,1.0187,1.0189,4.80,10.50
2008.06.30 06:12:53.879,1.0186,1.0189,4.80,15.30
2008.06.30 06:12:54.086,1.0186,1.0189,4.80,16.30
2008.06.30 06:12:54.271,1.0186,1.0189,15.30,16.30
2008.06.30 06:12:54.441,1.0187,1.0189,4.80,11.50
2008.06.30 06:12:54.759,1.0186,1.0189,4.80,16.30
2008.06.30 06:12:56.273,1.0186,1.01885,4.80,1.00
2008.06.30 06:12:56.475,1.0185,1.0188,15.30,4.80
2008.06.30 06:12:56.649,1.0185,1.0188,16.30,4.80
2008.06.30 06:12:56.753,1.0185,1.0188,17.20,4.80
2008.06.30 06:12:56.849,1.0186,1.0188,10.50,4.80
2008.06.30 06:12:56.995,1.0186,1.0189,15.30,5.70
2008.06.30 06:12:58.049,1.0187,1.0189,10.50,5.70
2008.06.30 06:12:58.308,1.0187,1.0189,15.30,1.00
2008.06.30 06:12:58.467,1.0186,1.0189,15.30,5.70
2008.06.30 06:12:58.858,1.0186,1.0189,15.30,10.00
2008.06.30 06:12:59.063,1.0186,1.0189,15.30,21.60
2008.06.30 06:12:59.457,1.0185,1.0188,15.30,5.70
2008.06.30 06:13:00.904,1.0185,1.0188,15.30,9.10
2008.06.30 06:13:01.285,1.0185,1.01875,15.30,1.00
2008.06.30 06:13:01.844,1.0185,1.01875,4.80,1.00
2008.06.30 06:13:02.043,1.0184,1.0187,15.30,15.30
2008.06.30 06:13:02.435,1.0184,1.0187,15.30,8.60
2008.06.30 06:13:02.650,1.0184,1.01865,15.30,1.00
2008.06.30 06:13:02.862,1.0184,1.01865,4.80,1.00
2008.06.30 06:13:03.065,1.0183,1.0186,15.30,4.80
2008.06.30 06:13:03.265,1.0185,1.0186,10.50,4.80
2008.06.30 06:13:03.435,1.0185,1.0187,10.50,5.70
2008.06.30 06:13:03.623,1.0184,1.01865,4.80,1.00
2008.06.30 06:13:03.798,1.0184,1.0186,10.50,4.80
2008.06.30 06:13:04.475,1.0184,1.0187,4.80,5.70
2008.06.30 06:13:04.783,1.0184,1.0187,15.30,5.70
2008.06.30 06:13:06.497,1.0184,1.01865,15.30,1.00
2008.06.30 06:13:07.433,1.0184,1.0187,18.20,16.30
2008.06.30 06:13:07.656,1.0185,1.0187,10.50,5.70
2008.06.30 06:13:07.885,1.0185,1.0187,15.30,1.00
2008.06.30 06:13:10.175,1.0185,1.01875,15.30,1.00
2008.06.30 06:13:10.403,1.0185,1.0187,15.30,2.80
2008.06.30 06:13:10.607,1.0185,1.01865,15.30,1.00
2008.06.30 06:13:10.713,1.0185,1.01865,4.80,1.00
2008.06.30 06:13:10.899,1.0184,1.01865,15.30,1.00
2008.06.30 06:13:14.490,1.0184,1.0187,15.30,19.20
2008.06.30 06:13:14.820,1.0184,1.0187,15.30,5.70
2008.06.30 06:13:15.464,1.0184,1.0187,18.20,4.80
2008.06.30 06:13:15.753,1.0185,1.01875,15.30,1.00
2008.06.30 06:13:17.292,1.0185,1.0188,15.30,5.70
2008.06.30 06:13:18.761,1.0185,1.0188,15.30,4.80
2008.06.30 06:13:19.337,1.0185,1.0188,15.30,8.60
2008.06.30 06:13:19.592,1.0185,1.0188,15.30,19.20
2008.06.30 06:13:21.390,1.0185,1.0188,15.30,16.30
2008.06.30 06:13:21.615,1.0185,1.0188,15.30,4.80
2008.06.30 06:13:22.220,1.0185,1.0188,15.30,7.60
2008.06.30 06:13:22.412,1.0186,1.0188,4.80,2.80
2008.06.30 06:13:22.601,1.0186,1.0188,4.80,13.40
2008.06.30 06:13:22.792,1.0185,1.0188,15.30,18.20
2008.06.30 06:13:22.978,1.0185,1.0188,15.30,19.20
2008.06.30 06:13:25.032,1.0185,1.0187,15.30,2.80
2008.06.30 06:13:25.510,1.0185,1.01875,15.30,1.00
2008.06.30 06:13:25.753,1.0185,1.01875,10.50,1.00
2008.06.30 06:13:26.066,1.0185,1.01875,15.30,1.00
2008.06.30 06:13:27.361,1.0185,1.0188,15.30,19.20
2008.06.30 06:13:31.419,1.0185,1.01875,15.30,1.00
2008.06.30 06:13:32.066,1.0185,1.0187,15.30,2.80
2008.06.30 06:13:32.380,1.0185,1.0187,4.80,10.50
2008.06.30 06:13:32.668,1.0185,1.0187,10.50,4.80
2008.06.30 06:13:32.952,1.0185,1.0188,15.30,5.70
2008.06.30 06:13:33.242,1.0185,1.0188,15.30,4.80
2008.06.30 06:13:33.558,1.0186,1.0188,10.50,4.80
2008.06.30 06:13:34.114,1.0186,1.01885,15.30,1.00
2008.06.30 06:13:34.609,1.0186,1.0188,15.30,2.80
2008.06.30 06:13:34.764,1.0186,1.0188,15.30,3.80
2008.06.30 06:13:34.866,1.0186,1.0188,4.80,14.40
2008.06.30 06:13:35.239,1.0185,1.0188,17.20,19.20
2008.06.30 06:13:38.125,1.0186,1.0188,4.80,14.40
2008.06.30 06:13:38.344,1.0185,1.0188,17.20,19.20
2008.06.30 06:13:43.247,1.0186,1.0188,10.50,4.80
2008.06.30 06:13:43.461,1.0186,1.01885,15.30,1.00
2008.06.30 06:13:45.327,1.0186,1.0188,15.30,2.80
2008.06.30 06:13:45.564,1.0186,1.0188,10.50,7.60
2008.06.30 06:13:45.637,1.0185,1.0188,17.20,18.20
2008.06.30 06:13:46.084,1.0185,1.0188,17.20,19.20
2008.06.30 06:13:55.303,1.0185,1.0188,17.20,16.30
2008.06.30 06:13:55.492,1.0185,1.0188,17.20,15.30
2008.06.30 06:13:55.687,1.0186,1.0188,10.50,4.80
2008.06.30 06:13:56.031,1.0186,1.01885,15.30,1.00
2008.06.30 06:13:58.529,1.0186,1.0189,15.30,19.20
2008.06.30 06:14:02.389,1.0186,1.0188,15.30,2.80
2008.06.30 06:14:02.643,1.0186,1.0189,15.30,20.10
2008.06.30 06:14:02.904,1.0186,1.0188,4.80,13.40
2008.06.30 06:14:03.159,1.01855,1.0188,1.00,18.20
2008.06.30 06:14:07.242,1.01855,1.0188,1.00,15.30
2008.06.30 06:14:07.698,1.0186,1.0188,10.50,4.80
2008.06.30 06:14:07.932,1.0186,1.01885,15.30,1.00
2008.06.30 06:14:12.803,1.0186,1.0189,15.30,19.20
2008.06.30 06:14:12.951,1.0186,1.0189,15.30,20.60
2008.06.30 06:14:13.089,1.0186,1.0189,15.30,21.10
2008.06.30 06:14:13.231,1.0186,1.0188,15.30,2.80
2008.06.30 06:14:13.755,1.01855,1.0188,1.00,18.20
2008.06.30 06:14:14.548,1.01855,1.0188,1.00,15.30
2008.06.30 06:14:14.619,1.0186,1.0188,10.50,4.80
2008.06.30 06:14:15.129,1.0186,1.01885,15.30,1.00
2008.06.30 06:14:21.547,1.0186,1.0188,4.80,10.50
2008.06.30 06:14:21.927,1.01855,1.0188,1.00,15.30
2008.06.30 06:14:23.535,1.0186,1.01885,15.30,1.00
2008.06.30 06:14:32.573,1.0186,1.0187,4.80,10.50
2008.06.30 06:14:32.766,1.0185,1.0187,4.80,10.50
2008.06.30 06:14:47.660,1.01845,1.0187,1.00,15.30
2008.06.30 06:14:49.914,1.0185,1.0187,4.80,10.50
2008.06.30 06:14:51.229,1.0186,1.0188,4.80,13.40
2008.06.30 06:14:51.580,1.0185,1.0188,16.30,15.30
2008.06.30 06:14:51.811,1.0186,1.0188,4.80,10.50
2008.06.30 06:14:52.901,1.0186,1.0188,4.80,13.40
2008.06.30 06:14:53.168,1.0185,1.0188,17.20,18.20
2008.06.30 06:15:06.014,1.0185,1.0188,16.30,18.20
2008.06.30 06:15:06.218,1.0185,1.0188,15.30,18.20
2008.06.30 06:15:06.468,1.0185,1.0188,15.30,19.20
2008.06.30 06:15:06.957,1.0185,1.0188,15.30,24.90
2008.06.30 06:15:07.214,1.0185,1.0187,4.80,10.50
2008.06.30 06:15:10.055,1.0185,1.0187,4.80,13.40
2008.06.30 06:15:10.506,1.0184,1.0187,17.20,18.20
2008.06.30 06:15:14.440,1.0184,1.0187,20.10,15.30
2008.06.30 06:15:14.654,1.0185,1.0187,10.50,4.80
2008.06.30 06:15:14.915,1.0185,1.0188,15.30,24.00
2008.06.30 06:15:15.349,1.0185,1.0188,15.30,21.10
2008.06.30 06:15:15.526,1.0185,1.0187,15.30,2.80
2008.06.30 06:15:15.705,1.0185,1.0188,15.30,24.40
2008.06.30 06:15:15.944,1.0185,1.01875,15.30,1.00
2008.06.30 06:15:16.113,1.0185,1.0187,15.30,1.00
2008.06.30 06:15:16.376,1.0185,1.0187,15.30,3.80
2008.06.30 06:15:16.646,1.0184,1.0187,15.30,19.60
2008.06.30 06:15:16.920,1.0184,1.01865,15.30,1.00
2008.06.30 06:15:18.915,1.0184,1.0187,15.30,19.20
2008.06.30 06:15:19.483,1.0184,1.0186,15.30,2.80
2008.06.30 06:15:19.650,1.0184,1.0186,4.80,2.80
2008.06.30 06:15:19.850,1.0184,1.0186,4.80,13.40
2008.06.30 06:15:19.921,1.0183,1.0186,15.30,18.20
2008.06.30 06:15:20.352,1.0183,1.0186,15.30,19.20
2008.06.30 06:15:20.423,1.0183,1.0186,15.30,25.40
2008.06.30 06:15:20.776,1.0183,1.0185,4.80,10.50
2008.06.30 06:15:21.124,1.0183,1.0186,15.30,18.70
2008.06.30 06:15:21.473,1.0183,1.0186,15.30,18.20
2008.06.30 06:15:21.845,1.0183,1.0186,15.30,15.30
2008.06.30 06:15:22.038,1.0184,1.0186,10.50,4.80
2008.06.30 06:15:22.232,1.0184,1.01865,15.30,1.00
2008.06.30 06:15:23.224,1.0184,1.01865,4.80,1.00
2008.06.30 06:15:23.830,1.0184,1.0187,4.80,21.10
2008.06.30 06:15:24.368,1.0184,1.0187,4.80,17.20
2008.06.30 06:15:24.481,1.0184,1.0187,4.80,16.30
2008.06.30 06:15:24.557,1.0184,1.0186,4.80,2.80
2008.06.30 06:15:24.897,1.0184,1.0186,4.80,13.40
2008.06.30 06:15:24.963,1.0183,1.0186,15.30,18.20
2008.06.30 06:15:25.123,1.0183,1.0186,18.20,15.30
2008.06.30 06:15:25.325,1.0184,1.0186,10.50,4.80
2008.06.30 06:15:25.661,1.0184,1.0187,15.30,19.20
2008.06.30 06:15:26.022,1.0184,1.0187,18.20,16.30
2008.06.30 06:15:26.334,1.0185,1.0188,15.30,21.10
2008.06.30 06:15:28.200,1.0185,1.0188,15.30,16.30
2008.06.30 06:15:28.446,1.0185,1.0188,15.30,15.30
2008.06.30 06:15:28.601,1.0185,1.0188,18.20,15.30
2008.06.30 06:15:29.050,1.0185,1.0188,19.20,15.30
2008.06.30 06:15:29.172,1.0186,1.0188,10.50,4.80
2008.06.30 06:15:29.449,1.0186,1.01885,15.30,1.00
2008.06.30 06:15:30.451,1.0186,1.0188,4.80,10.50
2008.06.30 06:15:30.663,1.0185,1.0188,18.20,15.30
2008.06.30 06:15:30.910,1.0186,1.0188,4.80,10.50
2008.06.30 06:15:31.730,1.0186,1.0189,15.30,19.20
2008.06.30 06:15:31.961,1.0186,1.0189,18.20,16.30
2008.06.30 06:15:32.257,1.0186,1.0189,18.20,15.30
2008.06.30 06:15:32.407,1.0187,1.0189,4.80,10.50
2008.06.30 06:15:34.198,1.0187,1.01895,15.30,1.00
2008.06.30 06:15:34.391,1.0187,1.019,15.30,19.20
2008.06.30 06:15:36.419,1.0187,1.019,15.30,24.90
2008.06.30 06:15:36.728,1.0187,1.019,15.30,25.90
2008.06.30 06:15:36.889,1.0187,1.0189,4.80,10.50
2008.06.30 06:15:40.402,1.0187,1.0189,4.80,13.40
2008.06.30 06:15:40.638,1.0187,1.0189,4.80,14.40
2008.06.30 06:15:41.505,1.0186,1.0189,15.30,19.20
2008.06.30 06:15:44.086,1.0186,1.0189,15.30,18.20
2008.06.30 06:15:44.904,1.0186,1.0189,15.30,19.20
2008.06.30 06:15:45.866,1.0187,1.0189,4.80,14.40
2008.06.30 06:15:51.665,1.0186,1.0189,15.30,19.20
2008.06.30 06:15:54.115,1.0186,1.0189,15.30,19.60
2008.06.30 06:15:54.394,1.0186,1.0188,15.30,2.80
2008.06.30 06:15:54.497,1.0186,1.0188,4.80,13.40
2008.06.30 06:15:54.690,1.0185,1.0188,15.30,18.20
2008.06.30 06:15:56.097,1.0185,1.0188,16.30,15.30
2008.06.30 06:15:56.233,1.0185,1.0188,17.20,15.30
2008.06.30 06:15:56.376,1.0186,1.0188,10.50,4.80
2008.06.30 06:15:56.631,1.0186,1.0189,15.30,19.20
2008.06.30 06:16:03.991,1.0186,1.0189,16.30,15.30
2008.06.30 06:16:04.248,1.0186,1.0189,17.20,15.30
2008.06.30 06:16:04.320,1.0187,1.0189,10.50,4.80
2008.06.30 06:16:04.441,1.0187,1.019,15.30,19.20
2008.06.30 06:16:04.782,1.0187,1.019,4.80,19.20
2008.06.30 06:16:04.906,1.0187,1.019,4.80,19.60
2008.06.30 06:16:05.430,1.0186,1.0189,15.30,4.80
2008.06.30 06:16:09.283,1.0186,1.0189,15.80,4.80
2008.06.30 06:16:09.433,1.0187,1.0189,10.50,4.80
2008.06.30 06:16:09.981,1.0187,1.01895,15.30,1.00
2008.06.30 06:16:15.449,1.0187,1.01895,4.80,1.00
2008.06.30 06:16:16.848,1.0187,1.01895,15.30,1.00
2008.06.30 06:16:16.939,1.0188,1.01895,4.80,1.00
2008.06.30 06:16:16.993,1.0188,1.019,4.80,11.50
2008.06.30 06:16:17.098,1.0188,1.01905,15.30,1.00
2008.06.30 06:16:21.880,1.0189,1.0191,4.80,14.40
2008.06.30 06:16:27.389,1.0189,1.019,4.80,2.80
2008.06.30 06:16:27.594,1.0189,1.019,4.80,13.40
2008.06.30 06:16:27.788,1.0188,1.019,4.80,13.40
2008.06.30 06:16:28.486,1.0188,1.019,4.80,10.50
2008.06.30 06:16:28.814,1.0188,1.01905,15.30,1.00
2008.06.30 06:16:29.070,1.0189,1.01905,4.80,1.00
2008.06.30 06:16:29.322,1.0189,1.0191,4.80,14.40
2008.06.30 06:16:39.470,1.0189,1.0191,4.80,11.50
2008.06.30 06:16:39.614,1.0189,1.0191,4.80,10.50
2008.06.30 06:16:40.363,1.0189,1.01915,15.30,1.00
2008.06.30 06:16:42.802,1.0189,1.01915,4.80,1.00
2008.06.30 06:16:46.898,1.0189,1.0191,4.80,2.80
2008.06.30 06:16:47.144,1.0189,1.0191,4.80,3.30
2008.06.30 06:16:47.394,1.0188,1.0191,15.30,15.30
2008.06.30 06:16:47.562,1.0189,1.01915,4.80,1.00
2008.06.30 06:16:49.692,1.0189,1.0191,4.80,2.80
2008.06.30 06:16:49.861,1.0188,1.0191,15.30,18.70
2008.06.30 06:16:52.139,1.0188,1.0191,15.30,15.30
2008.06.30 06:16:52.334,1.0189,1.01915,4.80,1.00
2008.06.30 06:16:56.553,1.0189,1.01915,15.30,1.00
2008.06.30 06:16:56.917,1.0189,1.01915,4.80,1.00
2008.06.30 06:16:58.847,1.0189,1.0192,15.30,19.20
2008.06.30 06:16:59.137,1.0189,1.0192,15.30,19.60
2008.06.30 06:16:59.287,1.0189,1.01915,15.30,1.00
2008.06.30 06:16:59.437,1.0189,1.01915,4.80,1.00
2008.06.30 06:17:03.308,1.0189,1.0192,15.30,19.20
2008.06.30 06:17:03.598,1.0189,1.0192,15.30,20.10
2008.06.30 06:17:03.689,1.0189,1.01905,15.30,1.00
2008.06.30 06:17:03.786,1.0189,1.01915,15.30,1.00
2008.06.30 06:17:03.991,1.0189,1.0191,4.80,10.50
2008.06.30 06:17:04.089,1.0188,1.0191,15.30,15.30
2008.06.30 06:17:04.378,1.0188,1.0191,15.30,4.80
2008.06.30 06:17:04.615,1.0189,1.01915,4.80,1.00
2008.06.30 06:17:06.886,1.0189,1.01915,15.30,1.00
2008.06.30 06:17:08.317,1.0189,1.0191,15.30,1.00
2008.06.30 06:17:08.431,1.0189,1.0191,4.80,11.50
2008.06.30 06:17:08.546,1.0188,1.0191,15.30,16.30
2008.06.30 06:17:08.945,1.0188,1.0191,4.80,16.30
2008.06.30 06:17:09.894,1.0188,1.0191,4.80,17.20
2008.06.30 06:17:10.067,1.0188,1.019,4.80,1.00
2008.06.30 06:17:10.204,1.0188,1.019,4.80,1.90
2008.06.30 06:17:10.282,1.0188,1.019,4.80,6.70
2008.06.30 06:17:10.374,1.0188,1.0189,4.80,10.50
2008.06.30 06:17:10.503,1.0186,1.0189,18.20,15.30
2008.06.30 06:17:12.277,1.0186,1.0189,18.20,17.20
2008.06.30 06:17:12.474,1.0186,1.0188,7.60,10.50
2008.06.30 06:17:12.656,1.0186,1.0188,4.80,10.50
2008.06.30 06:17:14.765,1.0186,1.0189,15.30,19.20
2008.06.30 06:17:14.834,1.0186,1.0189,15.30,18.20
2008.06.30 06:17:14.980,1.0187,1.0189,4.80,13.40
2008.06.30 06:17:15.106,1.0187,1.0189,4.80,13.90
2008.06.30 06:17:15.353,1.0187,1.0189,4.80,14.80
2008.06.30 06:17:15.634,1.0186,1.0189,15.30,19.60
2008.06.30 06:17:16.382,1.0186,1.01885,15.30,1.00
2008.06.30 06:17:18.209,1.0186,1.01885,4.80,1.00
2008.06.30 06:17:21.626,1.0186,1.0188,4.80,3.80
2008.06.30 06:17:21.886,1.0185,1.0187,4.80,10.50
2008.06.30 06:17:22.323,1.0185,1.0188,15.30,19.20
2008.06.30 06:17:24.896,1.0185,1.0188,15.30,19.60
2008.06.30 06:17:25.797,1.0185,1.01875,15.30,1.00
2008.06.30 06:17:26.104,1.0185,1.0187,15.30,1.00
2008.06.30 06:17:26.279,1.0185,1.01875,4.80,1.00
2008.06.30 06:17:26.443,1.0184,1.0187,18.20,15.80
2008.06.30 06:17:27.831,1.0184,1.0187,20.10,15.30
2008.06.30 06:17:27.960,1.0185,1.0187,4.80,10.50
2008.06.30 06:17:28.238,1.0185,1.0187,4.80,11.00
2008.06.30 06:17:28.489,1.0184,1.0187,18.20,15.80
2008.06.30 06:17:28.618,1.0184,1.0187,18.20,16.80
2008.06.30 06:17:31.153,1.0184,1.0187,18.20,15.80
2008.06.30 06:17:31.605,1.0184,1.0187,18.20,15.30
2008.06.30 06:17:32.450,1.0185,1.01875,4.80,1.00
2008.06.30 06:17:32.938,1.0185,1.0188,4.80,19.20
2008.06.30 06:17:33.480,1.0185,1.0188,15.30,19.20
2008.06.30 06:17:33.579,1.0185,1.0188,15.30,20.10
2008.06.30 06:17:33.749,1.0185,1.01875,15.30,1.00
2008.06.30 06:17:33.920,1.0185,1.0187,4.80,10.50
2008.06.30 06:17:34.135,1.0184,1.0187,18.20,15.30
2008.06.30 06:17:35.084,1.0185,1.0187,10.50,4.80
2008.06.30 06:17:35.236,1.0185,1.0188,15.30,19.20
2008.06.30 06:17:36.027,1.0185,1.0188,15.30,18.20
2008.06.30 06:17:37.097,1.0185,1.0188,15.30,23.00
2008.06.30 06:17:37.454,1.0185,1.0187,4.80,10.50
2008.06.30 06:17:37.936,1.0185,1.0188,7.60,4.80
2008.06.30 06:17:38.140,1.0185,1.0188,18.20,4.80
2008.06.30 06:17:38.392,1.0186,1.01885,4.80,1.00
2008.06.30 06:17:39.714,1.0186,1.0188,4.80,2.80
2008.06.30 06:17:39.970,1.0186,1.0188,4.80,3.80
2008.06.30 06:17:40.030,1.0186,1.0188,4.80,14.40
2008.06.30 06:17:40.179,1.0185,1.0188,15.30,19.60
2008.06.30 06:17:40.958,1.0185,1.01875,15.30,1.00
2008.06.30 06:17:42.787,1.0185,1.0187,4.80,10.50
2008.06.30 06:17:43.139,1.0184,1.0187,18.20,15.30
2008.06.30 06:17:43.316,1.0184,1.0187,18.20,16.30
2008.06.30 06:17:45.715,1.0184,1.0187,19.20,16.30
2008.06.30 06:17:45.828,1.0184,1.0187,19.20,15.30
2008.06.30 06:17:45.905,1.0184,1.0187,20.10,15.30
2008.06.30 06:17:46.161,1.0184,1.0187,19.20,15.30
2008.06.30 06:17:46.579,1.0185,1.0187,4.80,11.50
2008.06.30 06:17:46.926,1.0184,1.0187,18.20,16.30
2008.06.30 06:17:48.180,1.0184,1.0187,18.20,15.30
2008.06.30 06:17:50.243,1.0185,1.0187,4.80,10.50
2008.06.30 06:17:51.928,1.0185,1.0188,15.30,21.60
2008.06.30 06:17:53.684,1.0185,1.01875,4.80,1.00
2008.06.30 06:17:54.684,1.0185,1.01875,15.30,1.00
2008.06.30 06:17:55.531,1.0185,1.01875,4.80,1.00
2008.06.30 06:17:57.995,1.0185,1.0188,15.30,19.60
2008.06.30 06:18:00.354,1.0185,1.01875,15.30,1.00
2008.06.30 06:18:00.545,1.0185,1.01875,4.80,1.00
2008.06.30 06:18:00.660,1.0185,1.0187,4.80,10.50
2008.06.30 06:18:00.828,1.0184,1.0187,18.20,16.30
2008.06.30 06:18:00.956,1.0184,1.0187,18.20,15.30
2008.06.30 06:18:01.054,1.0185,1.0187,4.80,10.50
2008.06.30 06:18:01.594,1.0185,1.0187,4.80,11.50
2008.06.30 06:18:03.343,1.0185,1.0187,4.80,15.30
2008.06.30 06:18:03.560,1.0185,1.01865,4.80,1.00
2008.06.30 06:18:03.975,1.0185,1.0186,4.80,10.50
2008.06.30 06:18:04.163,1.0184,1.0186,4.80,13.40
2008.06.30 06:18:04.513,1.0184,1.0186,4.80,14.40
2008.06.30 06:18:05.152,1.01835,1.0186,1.00,19.20
2008.06.30 06:18:06.227,1.0184,1.0186,2.80,15.30
2008.06.30 06:18:06.553,1.0184,1.0186,2.80,4.80
2008.06.30 06:18:06.825,1.0184,1.0187,18.20,18.20
2008.06.30 06:18:07.735,1.0184,1.0187,18.20,15.30
2008.06.30 06:18:07.980,1.0185,1.01875,4.80,1.00
2008.06.30 06:18:09.580,1.0185,1.01875,4.80,1.90
2008.06.30 06:18:11.279,1.0185,1.0187,4.80,1.00
2008.06.30 06:18:11.550,1.0184,1.0187,7.60,5.70
2008.06.30 06:18:11.742,1.0184,1.0187,4.80,5.70
2008.06.30 06:18:12.053,1.0184,1.0187,4.80,19.20
2008.06.30 06:18:12.379,1.0184,1.0187,4.80,16.30
2008.06.30 06:18:12.688,1.0184,1.0187,4.80,5.70
2008.06.30 06:18:14.418,1.0184,1.0187,4.80,6.20
2008.06.30 06:18:15.760,1.0184,1.0187,4.80,5.70
2008.06.30 06:18:15.871,1.0184,1.0187,15.30,4.80
2008.06.30 06:18:16.201,1.0185,1.0187,4.80,1.00
2008.06.30 06:18:16.652,1.0185,1.0187,4.80,1.40
2008.06.30 06:18:16.998,1.0184,1.0187,4.80,6.20
2008.06.30 06:18:17.353,1.0184,1.0186,4.80,2.80
2008.06.30 06:18:17.570,1.0184,1.0186,4.80,15.30
2008.06.30 06:18:17.738,1.0183,1.0186,15.30,20.10
2008.06.30 06:18:18.071,1.0183,1.0186,15.30,21.10
2008.06.30 06:18:18.625,1.0184,1.0186,2.80,18.20
2008.06.30 06:18:18.756,1.0183,1.0186,18.20,17.20
2008.06.30 06:18:19.012,1.0184,1.0186,4.80,12.40
2008.06.30 06:18:19.143,1.0184,1.0186,15.30,1.00
2008.06.30 06:18:19.390,1.0184,1.0186,4.80,1.00
2008.06.30 06:18:19.649,1.0184,1.01865,4.80,1.00
2008.06.30 06:18:19.859,1.0183,1.0186,18.20,4.80
2008.06.30 06:18:20.530,1.0184,1.0186,10.50,4.80
2008.06.30 06:18:20.705,1.0184,1.01865,15.30,1.00
2008.06.30 06:18:20.807,1.0184,1.01865,15.30,1.90
2008.06.30 06:18:21.095,1.0184,1.0186,15.30,1.00
2008.06.30 06:18:21.205,1.0184,1.0186,18.20,1.90
2008.06.30 06:18:21.849,1.0185,1.0186,15.30,1.00
2008.06.30 06:18:22.201,1.0185,1.0187,15.30,1.90
2008.06.30 06:18:22.772,1.0185,1.0186,15.30,4.80
2008.06.30 06:18:22.993,1.0185,1.0186,15.30,3.80
2008.06.30 06:18:23.211,1.0183,1.01855,18.20,1.00
2008.06.30 06:18:23.432,1.0183,1.0186,18.20,15.30
2008.06.30 06:18:23.648,1.0184,1.01865,4.80,1.00
2008.06.30 06:18:25.097,1.0184,1.0187,4.80,5.70
2008.06.30 06:18:26.265,1.0184,1.01865,4.80,1.00
2008.06.30 06:18:28.595,1.0183,1.0186,18.20,15.30
2008.06.30 06:18:29.355,1.0183,1.0186,15.30,18.20
2008.06.30 06:18:29.586,1.0183,1.0186,4.80,19.20
2008.06.30 06:18:30.306,1.0183,1.0186,5.20,19.20
2008.06.30 06:18:30.536,1.0183,1.0186,15.80,19.20
2008.06.30 06:18:30.729,1.0184,1.0186,4.80,14.40
2008.06.30 06:18:31.425,1.0184,1.0186,4.80,13.40
2008.06.30 06:18:31.775,1.0184,1.0186,4.80,14.40
2008.06.30 06:18:32.528,1.0184,1.0186,15.30,2.80
2008.06.30 06:18:33.866,1.0184,1.0186,15.30,8.60
2008.06.30 06:18:34.157,1.0183,1.0186,15.30,24.00
2008.06.30 06:18:34.639,1.0183,1.0186,15.30,19.20
2008.06.30 06:18:34.828,1.0185,1.0186,4.80,11.50
2008.06.30 06:18:35.017,1.0184,1.01865,4.80,1.00
2008.06.30 06:18:35.206,1.0184,1.0187,15.30,19.20
2008.06.30 06:18:35.555,1.0184,1.01865,15.30,1.00
2008.06.30 06:18:35.738,1.0184,1.01865,4.80,1.00
2008.06.30 06:18:35.919,1.0184,1.0187,4.80,16.30
2008.06.30 06:18:36.087,1.0184,1.0187,4.80,5.70
2008.06.30 06:18:37.435,1.0184,1.0187,4.80,9.10
2008.06.30 06:18:37.706,1.0184,1.01865,4.80,1.00
2008.06.30 06:18:38.824,1.0184,1.0186,4.80,2.80
2008.06.30 06:18:38.977,1.0184,1.0186,10.50,7.60
2008.06.30 06:18:39.226,1.0184,1.0186,15.30,2.80
2008.06.30 06:18:39.348,1.0184,1.0187,15.30,19.20
2008.06.30 06:18:39.576,1.0184,1.0187,15.30,16.30
2008.06.30 06:18:39.703,1.0184,1.0187,15.30,5.70
2008.06.30 06:18:40.210,1.0185,1.0187,4.80,1.00
2008.06.30 06:18:41.385,1.0185,1.0187,4.80,3.80
2008.06.30 06:18:41.624,1.0184,1.0187,15.30,8.60
2008.06.30 06:18:41.864,1.0184,1.0187,15.30,19.20
2008.06.30 06:18:43.273,1.0184,1.0187,15.30,16.30
2008.06.30 06:18:43.585,1.0184,1.0187,15.30,19.60
2008.06.30 06:18:43.691,1.0185,1.0186,4.80,2.80
2008.06.30 06:18:43.880,1.0184,1.0186,15.30,2.80
2008.06.30 06:18:44.664,1.0184,1.0186,4.80,13.40
2008.06.30 06:18:44.799,1.0184,1.0186,4.80,10.50
2008.06.30 06:18:44.926,1.0184,1.0186,4.80,13.40
2008.06.30 06:18:45.104,1.01835,1.0186,1.00,7.60
2008.06.30 06:18:45.238,1.0184,1.0186,4.80,13.40
2008.06.30 06:18:45.395,1.01835,1.0186,1.00,18.20
2008.06.30 06:18:45.857,1.01835,1.0186,1.00,16.30
2008.06.30 06:18:46.099,1.01835,1.0186,1.00,4.80
2008.06.30 06:18:46.333,1.0184,1.0186,4.80,14.40
2008.06.30 06:18:46.573,1.01835,1.0186,1.00,19.20
2008.06.30 06:18:48.723,1.01835,1.01855,1.00,1.00
2008.06.30 06:18:48.974,1.0183,1.01855,15.30,1.00
2008.06.30 06:18:49.142,1.0183,1.0185,4.80,10.50
2008.06.30 06:18:49.208,1.0182,1.0185,20.60,4.80
2008.06.30 06:18:49.389,1.0182,1.0185,20.10,4.80
2008.06.30 06:18:49.467,1.0183,1.0186,4.80,19.20
2008.06.30 06:18:49.529,1.0183,1.01855,15.30,1.00
2008.06.30 06:18:50.124,1.0183,1.0185,4.80,10.50
2008.06.30 06:18:50.463,1.0182,1.0185,18.70,15.30
2008.06.30 06:18:50.801,1.0182,1.0185,19.20,15.30
2008.06.30 06:18:51.141,1.0183,1.0185,10.50,4.80
2008.06.30 06:18:51.319,1.0183,1.0186,15.30,24.00
2008.06.30 06:18:51.500,1.0183,1.01855,15.30,1.00
2008.06.30 06:18:51.857,1.0184,1.01855,10.50,1.00
2008.06.30 06:18:52.017,1.0184,1.01855,15.30,1.00
2008.06.30 06:18:52.328,1.0184,1.01855,4.80,1.00
2008.06.30 06:18:52.621,1.0183,1.01855,15.30,1.00
2008.06.30 06:18:52.911,1.0183,1.0185,10.50,4.80
2008.06.30 06:18:53.151,1.0182,1.0185,18.20,15.30
2008.06.30 06:18:53.396,1.0182,1.0185,19.20,16.30
2008.06.30 06:18:53.637,1.0182,1.0185,20.10,15.30
2008.06.30 06:18:54.152,1.0182,1.0185,20.10,16.30
2008.06.30 06:18:54.691,1.0183,1.01855,15.30,1.00
2008.06.30 06:18:55.719,1.0183,1.0185,15.30,1.00
2008.06.30 06:18:56.650,1.0183,1.01855,15.30,1.00
2008.06.30 06:18:56.946,1.0183,1.0186,15.30,24.00
2008.06.30 06:18:57.231,1.0183,1.0185,4.80,2.80
2008.06.30 06:18:57.479,1.0183,1.0185,4.80,10.50
2008.06.30 06:18:57.680,1.0182,1.0185,20.10,15.30
2008.06.30 06:18:57.879,1.0183,1.0185,4.80,10.50
2008.06.30 06:18:58.271,1.0183,1.0185,4.80,11.50
2008.06.30 06:18:58.400,1.0183,1.0185,4.80,14.40
2008.06.30 06:18:58.529,1.0182,1.0185,15.30,19.20
2008.06.30 06:18:58.674,1.0182,1.0185,4.80,19.20
2008.06.30 06:18:59.429,1.0182,1.01845,4.80,1.00
2008.06.30 06:18:59.772,1.0182,1.0184,4.80,10.50
2008.06.30 06:19:00.458,1.0181,1.0184,20.10,15.30
2008.06.30 06:19:00.710,1.0181,1.0184,19.20,15.30
2008.06.30 06:19:00.989,1.0181,1.0184,18.20,15.30
2008.06.30 06:19:02.427,1.0181,1.0184,18.70,15.30
2008.06.30 06:19:02.578,1.0181,1.0184,18.20,15.30
2008.06.30 06:19:06.555,1.0182,1.0184,10.50,4.80
2008.06.30 06:19:07.127,1.0182,1.01845,15.30,1.00
2008.06.30 06:19:09.329,1.0182,1.01845,18.20,1.00
2008.06.30 06:19:09.467,1.0182,1.0185,18.20,21.10
2008.06.30 06:19:09.607,1.0182,1.0185,18.20,16.30
2008.06.30 06:19:09.749,1.0183,1.0185,4.80,11.50
2008.06.30 06:19:09.890,1.0183,1.0185,15.30,1.00
2008.06.30 06:19:12.567,1.0183,1.0185,4.80,11.50
2008.06.30 06:19:12.746,1.0182,1.0185,18.20,5.70
2008.06.30 06:19:12.926,1.0183,1.0185,4.80,1.00
2008.06.30 06:19:13.479,1.0183,1.0185,4.80,11.50
2008.06.30 06:19:13.645,1.0182,1.0185,18.20,16.30
2008.06.30 06:19:14.171,1.0182,1.01845,15.30,1.00
2008.06.30 06:19:14.386,1.0182,1.0184,4.80,10.50
2008.06.30 06:19:14.527,1.0181,1.0184,18.70,15.30
2008.06.30 06:19:14.674,1.0182,1.0184,2.80,15.30
2008.06.30 06:19:14.825,1.0183,1.0184,10.50,4.80
2008.06.30 06:19:15.189,1.0183,1.0185,15.30,3.80
2008.06.30 06:19:15.344,1.0183,1.0185,4.80,8.60
2008.06.30 06:19:15.607,1.0182,1.0185,4.80,13.40
2008.06.30 06:19:15.834,1.0182,1.0184,4.80,10.50
2008.06.30 06:19:16.277,1.0182,1.0184,7.60,10.50
2008.06.30 06:19:17.711,1.0182,1.0184,8.10,10.50
2008.06.30 06:19:17.937,1.0182,1.0185,18.20,16.30
2008.06.30 06:19:18.224,1.0183,1.0185,4.80,11.50
2008.06.30 06:19:19.413,1.0183,1.0185,4.80,10.50
2008.06.30 06:19:20.467,1.0184,1.0185,2.80,10.50
2008.06.30 06:19:20.800,1.0184,1.0186,2.80,16.30
2008.06.30 06:19:20.971,1.0184,1.0186,4.80,11.50
2008.06.30 06:19:21.314,1.0184,1.0186,4.80,20.10
2008.06.30 06:19:21.485,1.0183,1.0185,4.80,10.50
2008.06.30 06:19:25.199,1.0183,1.01855,15.30,1.00
2008.06.30 06:19:25.504,1.0183,1.01855,4.80,1.00
2008.06.30 06:19:28.012,1.0182,1.0185,18.20,15.30
2008.06.30 06:19:28.300,1.0182,1.0185,18.20,16.30
2008.06.30 06:19:28.841,1.0182,1.0185,15.30,19.20
2008.06.30 06:19:28.995,1.0182,1.01845,15.30,1.00
2008.06.30 06:19:29.373,1.0182,1.01845,4.80,1.00
2008.06.30 06:19:29.982,1.0182,1.0184,4.80,2.80
2008.06.30 06:19:30.170,1.0182,1.0184,4.80,13.40
2008.06.30 06:19:32.337,1.0182,1.0184,4.80,10.50
2008.06.30 06:19:33.505,1.0182,1.0184,7.60,10.50
2008.06.30 06:19:33.766,1.0182,1.01845,18.20,1.00
2008.06.30 06:19:45.135,1.0182,1.01845,15.30,1.00
2008.06.30 06:19:45.486,1.0182,1.01845,7.60,1.00
2008.06.30 06:19:45.748,1.0182,1.01845,18.20,1.00
2008.06.30 06:19:46.266,1.0182,1.01845,15.30,1.00
2008.06.30 06:19:46.976,1.0183,1.0184,8.80,10.50
2008.06.30 06:19:47.308,1.0184,1.0186,4.80,1.00
2008.06.30 06:19:47.630,1.0184,1.0186,4.80,14.40
2008.06.30 06:19:47.856,1.0183,1.0186,15.30,19.20
2008.06.30 06:19:48.673,1.0183,1.0186,18.20,16.30
2008.06.30 06:19:48.837,1.0183,1.0186,15.30,5.70
2008.06.30 06:19:49.008,1.0183,1.0186,15.30,10.50
2008.06.30 06:19:49.178,1.0183,1.0185,4.80,11.50
2008.06.30 06:19:49.347,1.0183,1.0185,4.80,10.50
2008.06.30 06:19:49.566,1.0182,1.0185,19.20,15.30
2008.06.30 06:19:51.112,1.0182,1.0185,18.20,15.30
2008.06.30 06:19:52.393,1.0182,1.0185,18.20,16.30
2008.06.30 06:19:54.354,1.0182,1.0185,19.20,16.30
2008.06.30 06:19:54.469,1.0183,1.0185,10.50,4.80
2008.06.30 06:19:54.819,1.0183,1.01855,15.30,1.00
2008.06.30 06:20:03.372,1.0183,1.0186,15.30,19.20
2008.06.30 06:20:15.358,1.0183,1.0186,15.30,20.10
2008.06.30 06:20:15.693,1.0183,1.0185,4.80,10.50
2008.06.30 06:20:17.769,1.0183,1.0186,15.30,21.10
2008.06.30 06:20:27.153,1.0183,1.01855,15.30,1.00
2008.06.30 06:20:27.370,1.0183,1.01855,15.30,1.90
2008.06.30 06:20:27.645,1.0182,1.0185,18.20,5.70
2008.06.30 06:20:27.855,1.0182,1.0185,18.20,16.30
2008.06.30 06:20:28.767,1.0182,1.0184,4.80,10.50
2008.06.30 06:20:29.258,1.0182,1.0185,15.30,19.20
2008.06.30 06:20:29.426,1.0182,1.0185,15.80,19.20
2008.06.30 06:20:29.916,1.0182,1.0185,15.30,19.20
2008.06.30 06:20:30.126,1.0182,1.0185,15.30,18.20
2008.06.30 06:20:31.022,1.0182,1.0185,15.80,18.20
2008.06.30 06:20:31.223,1.0182,1.0185,19.60,15.30
2008.06.30 06:20:31.417,1.0183,1.0185,10.50,4.80
2008.06.30 06:20:31.684,1.0183,1.01855,4.80,1.00
2008.06.30 06:20:34.459,1.0183,1.0185,4.80,10.50
2008.06.30 06:20:34.735,1.0182,1.0185,20.60,15.30
2008.06.30 06:20:39.301,1.0182,1.0185,20.10,15.30
2008.06.30 06:20:40.233,1.0182,1.0185,20.10,16.30
2008.06.30 06:20:40.335,1.0182,1.0185,17.20,19.20
2008.06.30 06:20:40.435,1.0182,1.0184,12.40,4.80
2008.06.30 06:20:40.535,1.0182,1.0184,1.90,4.80
2008.06.30 06:20:40.696,1.0182,1.0184,1.90,15.30
2008.06.30 06:20:41.311,1.0182,1.0184,1.90,16.30
2008.06.30 06:20:41.990,1.0182,1.0184,6.70,11.50
2008.06.30 06:20:43.673,1.0182,1.0184,6.70,10.50
2008.06.30 06:20:43.914,1.0182,1.0185,6.70,19.20
2008.06.30 06:20:45.343,1.0182,1.0185,9.60,16.30
2008.06.30 06:20:45.644,1.0182,1.0185,20.60,16.30
2008.06.30 06:20:45.956,1.0182,1.0185,20.10,16.30
2008.06.30 06:20:46.225,1.0182,1.0185,20.10,15.30
2008.06.30 06:20:46.926,1.0182,1.0184,9.60,10.50
2008.06.30 06:20:47.275,1.0183,1.0185,4.80,10.50
2008.06.30 06:20:52.078,1.0183,1.0185,4.80,11.50
2008.06.30 06:20:52.288,1.0183,1.0184,4.80,10.50
2008.06.30 06:20:52.496,1.0182,1.0184,7.60,10.50
2008.06.30 06:21:00.100,1.0182,1.0184,8.60,10.50
2008.06.30 06:21:00.290,1.0182,1.0185,20.10,15.30
2008.06.30 06:21:03.169,1.0182,1.0185,6.70,15.30
2008.06.30 06:21:03.420,1.0182,1.0185,6.70,4.80
2008.06.30 06:21:03.590,1.0183,1.0185,4.80,3.80
2008.06.30 06:21:03.761,1.0182,1.0184,1.90,4.80
2008.06.30 06:21:03.971,1.0182,1.0184,1.90,15.30
2008.06.30 06:21:05.428,1.0182,1.0184,1.00,15.30
2008.06.30 06:21:05.577,1.0181,1.0184,20.10,15.30
2008.06.30 06:21:05.856,1.0181,1.01835,17.20,1.00
2008.06.30 06:21:06.140,1.0181,1.0184,17.20,19.20
2008.06.30 06:21:07.289,1.0181,1.01835,17.20,1.00
2008.06.30 06:21:07.848,1.0181,1.01835,16.30,1.00
2008.06.30 06:21:08.066,1.0181,1.01835,17.20,1.00
2008.06.30 06:21:08.278,1.0181,1.01835,20.10,1.00
2008.06.30 06:21:08.488,1.0181,1.0184,17.20,19.20
2008.06.30 06:21:08.704,1.0181,1.0184,5.70,19.20
2008.06.30 06:21:08.857,1.0181,1.0183,4.80,13.40
2008.06.30 06:21:09.530,1.0181,1.01825,4.80,1.00
2008.06.30 06:21:09.941,1.0181,1.0182,4.80,10.50
2008.06.30 06:21:10.218,1.018,1.0182,4.80,10.50
2008.06.30 06:21:10.490,1.018,1.0182,5.70,10.50
2008.06.30 06:21:10.783,1.018,1.0182,6.70,10.50
2008.06.30 06:21:10.937,1.018,1.0183,6.70,19.20
2008.06.30 06:21:14.480,1.018,1.0183,7.20,19.20
2008.06.30 06:21:14.563,1.018,1.0183,7.20,18.20
2008.06.30 06:21:14.661,1.018,1.0183,17.70,18.20
2008.06.30 06:21:14.880,1.0181,1.0183,4.80,13.40
2008.06.30 06:21:15.281,1.0181,1.0183,4.80,14.40
2008.06.30 06:21:16.185,1.0181,1.0183,4.80,13.40
2008.06.30 06:21:19.171,1.0181,1.0183,4.80,10.50
2008.06.30 06:21:19.496,1.0181,1.01835,4.80,1.00
2008.06.30 06:21:20.073,1.0181,1.0183,4.80,2.80
2008.06.30 06:21:20.472,1.0181,1.0183,4.80,13.40
2008.06.30 06:21:22.878,1.0181,1.0183,4.80,10.50
2008.06.30 06:21:23.194,1.0181,1.01835,4.80,1.00
2008.06.30 06:21:23.884,1.0181,1.0183,4.80,2.80
2008.06.30 06:21:24.064,1.0181,1.0183,4.80,13.40
2008.06.30 06:21:25.047,1.0181,1.0183,4.80,10.50
2008.06.30 06:21:25.367,1.0181,1.0183,18.20,10.50
2008.06.30 06:21:25.493,1.0181,1.0184,18.20,17.20
2008.06.30 06:21:25.608,1.0181,1.0183,15.30,2.80
2008.06.30 06:21:25.735,1.0181,1.01825,4.80,1.00
2008.06.30 06:21:25.848,1.0181,1.0182,4.80,10.50
2008.06.30 06:21:25.967,1.018,1.0182,4.80,10.50
2008.06.30 06:21:29.625,1.018,1.0182,5.70,10.50
2008.06.30 06:21:29.707,1.0181,1.0182,1.00,10.50
2008.06.30 06:21:29.765,1.0181,1.0182,1.90,10.50
2008.06.30 06:21:29.993,1.0181,1.0183,1.90,4.80
2008.06.30 06:21:30.107,1.0181,1.0183,12.40,4.80
2008.06.30 06:21:30.224,1.0181,1.0184,17.20,19.20
2008.06.30 06:21:30.541,1.0181,1.0184,16.30,19.20
2008.06.30 06:21:30.770,1.0181,1.0184,15.30,19.20
2008.06.30 06:21:31.144,1.0181,1.01835,4.80,1.00
2008.06.30 06:21:32.427,1.0181,1.0183,4.80,2.80
2008.06.30 06:21:32.695,1.0181,1.0183,4.80,14.40
2008.06.30 06:21:35.084,1.0181,1.0183,4.80,11.50
2008.06.30 06:21:35.202,1.0181,1.0183,4.80,10.50
2008.06.30 06:21:35.332,1.0181,1.01835,4.80,1.00
2008.06.30 06:21:35.795,1.0181,1.0183,4.80,2.80
2008.06.30 06:21:35.928,1.0181,1.0183,4.80,13.40
2008.06.30 06:21:36.214,1.0181,1.0183,4.80,10.50
2008.06.30 06:21:36.451,1.0181,1.01835,4.80,1.00
2008.06.30 06:21:37.354,1.0181,1.0183,4.80,2.80
2008.06.30 06:21:37.564,1.0181,1.0183,4.80,13.40
2008.06.30 06:21:39.130,1.01805,1.0183,1.00,18.20
2008.06.30 06:21:41.161,1.01805,1.0183,1.00,23.00
2008.06.30 06:21:41.303,1.018,1.01825,4.80,1.00
2008.06.30 06:21:41.480,1.018,1.0182,4.80,10.50
2008.06.30 06:21:42.501,1.01795,1.0182,1.00,15.30
2008.06.30 06:21:42.848,1.018,1.0182,4.80,10.50
2008.06.30 06:21:43.319,1.01795,1.0182,1.00,15.30
2008.06.30 06:21:43.560,1.018,1.0182,4.80,10.50
2008.06.30 06:21:44.163,1.018,1.0182,5.70,10.50
2008.06.30 06:21:44.298,1.018,1.0183,17.20,19.20
2008.06.30 06:21:44.659,1.018,1.0183,16.30,19.20
2008.06.30 06:21:44.801,1.018,1.01825,16.30,1.00
2008.06.30 06:21:44.949,1.0181,1.0182,4.80,3.80
2008.06.30 06:21:45.123,1.018,1.0181,4.80,2.80
2008.06.30 06:21:45.459,1.0179,1.0181,4.80,2.80
2008.06.30 06:21:45.633,1.0179,1.0181,4.80,13.40
2008.06.30 06:21:47.150,1.0179,1.0181,4.80,10.50
2008.06.30 06:21:47.674,1.0179,1.0182,4.80,19.20
2008.06.30 06:21:48.028,1.0179,1.0182,7.60,16.30
2008.06.30 06:21:48.209,1.0179,1.0182,20.10,16.30
2008.06.30 06:21:48.469,1.018,1.0182,4.80,11.50
2008.06.30 06:21:51.148,1.018,1.0182,4.80,10.50
2008.06.30 06:21:53.739,1.018,1.0182,6.70,10.50
2008.06.30 06:21:53.938,1.018,1.0183,17.20,18.20
2008.06.30 06:21:54.103,1.0181,1.0183,4.80,13.40
2008.06.30 06:21:54.205,1.0181,1.0183,4.80,14.40
2008.06.30 06:21:57.797,1.0181,1.01825,4.80,1.00
2008.06.30 06:21:58.015,1.018,1.01825,4.80,1.00
2008.06.30 06:22:00.725,1.0181,1.01825,4.80,1.00
2008.06.30 06:22:01.245,1.0181,1.0183,4.80,14.40
2008.06.30 06:22:01.383,1.0181,1.0183,7.60,11.50
2008.06.30 06:22:01.587,1.0181,1.0184,20.10,16.30
2008.06.30 06:22:01.996,1.0181,1.0184,16.30,19.20
2008.06.30 06:22:02.198,1.0181,1.0184,15.30,19.20
2008.06.30 06:22:02.405,1.0181,1.01835,20.10,1.00
2008.06.30 06:22:02.753,1.0181,1.0184,20.10,16.30
2008.06.30 06:22:03.108,1.0181,1.0183,16.30,2.80
2008.06.30 06:22:03.460,1.0181,1.0183,4.80,11.50
2008.06.30 06:22:03.659,1.0181,1.0183,4.80,1.00
2008.06.30 06:22:04.308,1.0181,1.0183,4.80,11.50
2008.06.30 06:22:04.463,1.0181,1.0183,4.80,19.20
2008.06.30 06:22:04.891,1.018,1.0183,17.20,24.00
2008.06.30 06:22:07.572,1.018,1.0183,20.10,21.10
2008.06.30 06:22:07.944,1.0181,1.0183,4.80,11.50
2008.06.30 06:22:11.704,1.0181,1.0183,7.60,11.50
2008.06.30 06:22:11.922,1.0181,1.01835,18.20,1.90
2008.06.30 06:22:12.354,1.0181,1.0184,18.20,21.10
2008.06.30 06:22:14.163,1.0181,1.0184,18.20,16.30
2008.06.30 06:22:14.354,1.0181,1.0184,19.20,16.30
2008.06.30 06:22:14.515,1.0181,1.0184,20.10,16.30
2008.06.30 06:22:14.687,1.0181,1.0184,20.10,5.70
2008.06.30 06:22:14.899,1.0182,1.0184,4.80,1.00
2008.06.30 06:22:16.200,1.0182,1.01845,4.80,1.00
2008.06.30 06:22:19.316,1.0181,1.0184,20.10,16.30
2008.06.30 06:22:20.933,1.0181,1.0184,19.20,16.30
2008.06.30 06:22:21.023,1.0181,1.0184,16.30,16.30
2008.06.30 06:22:21.112,1.0181,1.0184,5.70,16.30
2008.06.30 06:22:21.201,1.0181,1.0184,4.80,16.30
2008.06.30 06:22:21.466,1.0181,1.0184,4.80,5.70
2008.06.30 06:22:22.225,1.0181,1.0184,4.80,16.30
2008.06.30 06:22:23.629,1.0181,1.0184,4.80,5.70
2008.06.30 06:22:24.588,1.0181,1.0184,4.80,8.60
2008.06.30 06:22:24.937,1.0181,1.01825,4.80,1.00
2008.06.30 06:22:25.265,1.018,1.0182,15.30,1.00
2008.06.30 06:22:25.665,1.0179,1.0182,16.30,19.20
2008.06.30 06:22:25.895,1.0179,1.0182,4.80,19.60
2008.06.30 06:22:27.874,1.0179,1.0182,4.80,19.40
2008.06.30 06:22:28.750,1.0179,1.0182,4.80,19.20
2008.06.30 06:22:28.905,1.0179,1.0182,5.70,19.20
2008.06.30 06:22:28.988,1.0179,1.0182,6.70,19.20
2008.06.30 06:22:29.237,1.0179,1.0182,17.20,19.20
2008.06.30 06:22:29.449,1.018,1.0182,4.80,14.40
2008.06.30 06:22:29.730,1.018,1.0182,4.80,11.50
2008.06.30 06:22:30.026,1.018,1.0182,4.80,1.00
2008.06.30 06:22:30.323,1.018,1.0183,4.80,19.20
2008.06.30 06:22:30.939,1.018,1.01825,4.80,1.00
2008.06.30 06:22:30.991,1.018,1.0182,4.80,2.80
2008.06.30 06:22:31.098,1.018,1.0182,4.80,3.80
2008.06.30 06:22:31.200,1.0179,1.0182,4.80,19.20
2008.06.30 06:22:32.121,1.0179,1.0182,7.60,16.30
2008.06.30 06:22:32.443,1.018,1.0182,4.80,11.50
2008.06.30 06:22:33.029,1.018,1.0182,4.80,14.40
2008.06.30 06:22:33.579,1.0179,1.0182,4.80,19.20
2008.06.30 06:22:35.190,1.0179,1.0181,4.80,1.00
2008.06.30 06:22:35.351,1.0179,1.0181,4.80,3.80
2008.06.30 06:22:35.513,1.0179,1.0181,4.80,2.80
2008.06.30 06:22:35.687,1.0179,1.0181,4.80,10.50
2008.06.30 06:22:35.854,1.0179,1.0181,4.80,2.80
2008.06.30 06:22:36.118,1.0179,1.018,4.80,14.40
2008.06.30 06:22:36.607,1.0178,1.018,4.80,14.40
2008.06.30 06:22:37.979,1.0179,1.018,4.80,10.50
2008.06.30 06:22:38.201,1.0179,1.0181,4.80,13.40
2008.06.30 06:22:38.968,1.0179,1.018,4.80,3.80
2008.06.30 06:22:39.218,1.0178,1.018,6.70,14.40
2008.06.30 06:22:39.338,1.0178,1.018,6.70,10.50
2008.06.30 06:22:39.546,1.0178,1.0181,6.70,19.20
2008.06.30 06:22:39.913,1.0178,1.0181,6.70,18.20
2008.06.30 06:22:40.119,1.0178,1.0181,20.10,15.30
2008.06.30 06:22:40.318,1.0179,1.01815,4.80,1.00
2008.06.30 06:22:40.900,1.0179,1.0181,4.80,2.80
2008.06.30 06:22:41.049,1.0179,1.0181,4.80,13.40
2008.06.30 06:22:41.246,1.0179,1.0181,4.80,14.40
2008.06.30 06:22:41.740,1.0179,1.0181,4.80,13.40
2008.06.30 06:22:42.078,1.0178,1.0181,6.70,18.20
2008.06.30 06:22:42.434,1.0179,1.0181,4.80,14.40
2008.06.30 06:22:44.765,1.0179,1.0181,4.80,13.40
2008.06.30 06:22:49.605,1.0179,1.0181,7.60,10.50
2008.06.30 06:22:49.656,1.0179,1.0181,8.60,10.50
2008.06.30 06:22:49.789,1.0179,1.0182,20.10,16.30
2008.06.30 06:22:49.864,1.018,1.0182,4.80,11.50
2008.06.30 06:22:52.354,1.018,1.0182,5.70,10.50
2008.06.30 06:22:52.505,1.018,1.0182,6.70,10.50
2008.06.30 06:22:52.974,1.018,1.0182,6.70,10.50
2008.06.30 06:22:53.306,1.0181,1.0182,4.80,10.50
2008.06.30 06:22:53.761,1.018,1.0182,9.10,10.50
2008.06.30 06:22:53.933,1.0181,1.0183,10.50,4.80
2008.06.30 06:22:54.059,1.0182,1.01835,10.50,1.00
2008.06.30 06:22:54.203,1.0181,1.0183,15.30,2.80
2008.06.30 06:22:54.472,1.0181,1.0183,4.80,10.50
2008.06.30 06:22:54.591,1.0181,1.01835,4.80,1.00
2008.06.30 06:22:55.105,1.018,1.0183,4.80,18.20
2008.06.30 06:22:55.743,1.018,1.0183,4.80,7.60
2008.06.30 06:22:56.044,1.018,1.0183,4.80,8.60
2008.06.30 06:22:56.402,1.018,1.0183,4.80,19.20
2008.06.30 06:22:56.765,1.018,1.01825,4.80,1.00
2008.06.30 06:22:57.792,1.018,1.0183,15.30,19.20
2008.06.30 06:22:58.012,1.0181,1.0183,4.80,14.40
2008.06.30 06:22:58.182,1.018,1.0183,4.80,19.20
2008.06.30 06:22:58.354,1.018,1.01825,4.80,1.00
2008.06.30 06:22:59.008,1.018,1.0183,4.80,19.20
2008.06.30 06:22:59.507,1.018,1.0183,4.80,19.60
2008.06.30 06:22:59.842,1.018,1.01825,4.80,1.00
2008.06.30 06:23:03.814,1.018,1.0182,4.80,11.50
2008.06.30 06:23:04.001,1.0179,1.0182,18.20,16.30
2008.06.30 06:23:04.577,1.0179,1.0182,18.20,4.80
2008.06.30 06:23:04.739,1.018,1.01825,4.80,1.00
2008.06.30 06:23:06.103,1.018,1.0182,4.80,1.00
2008.06.30 06:23:06.293,1.018,1.0182,4.80,11.50
2008.06.30 06:23:06.483,1.0179,1.0182,18.20,16.30
2008.06.30 06:23:07.614,1.0179,1.0182,7.60,15.30
2008.06.30 06:23:07.886,1.0179,1.0181,4.80,1.00
2008.06.30 06:23:08.159,1.0178,1.0181,20.10,16.30
2008.06.30 06:23:09.038,1.0178,1.0181,20.10,15.30
2008.06.30 06:23:09.250,1.0178,1.0181,20.10,4.80
2008.06.30 06:23:09.412,1.0179,1.0182,4.80,19.20
2008.06.30 06:23:09.532,1.0179,1.0182,7.60,16.30
2008.06.30 06:23:09.629,1.0179,1.0182,7.60,15.30
2008.06.30 06:23:09.719,1.0179,1.0182,18.20,15.30
2008.06.30 06:23:11.017,1.0179,1.0182,18.20,16.30
2008.06.30 06:23:18.761,1.0179,1.0182,15.30,19.20
2008.06.30 06:23:19.081,1.0179,1.01815,15.30,1.00
2008.06.30 06:23:19.294,1.0179,1.0181,4.80,10.50
2008.06.30 06:23:19.456,1.018,1.0181,1.00,10.50
2008.06.30 06:23:19.658,1.018,1.0182,1.90,16.30
2008.06.30 06:23:19.858,1.018,1.0182,6.70,11.50
2008.06.30 06:23:21.304,1.018,1.0182,6.70,10.50
2008.06.30 06:23:23.359,1.018,1.01825,17.20,1.00
2008.06.30 06:23:23.907,1.018,1.01825,15.30,1.00
2008.06.30 06:23:24.346,1.018,1.0182,4.80,11.50
2008.06.30 06:23:24.783,1.0179,1.0182,4.80,16.30
2008.06.30 06:23:29.918,1.0179,1.0181,4.80,10.50
2008.06.30 06:23:30.428,1.0179,1.0182,4.80,16.30
2008.06.30 06:23:35.824,1.0179,1.0182,4.80,19.20
2008.06.30 06:23:35.903,1.0179,1.0182,4.80,24.00
2008.06.30 06:23:36.123,1.0179,1.0181,4.80,10.50
2008.06.30 06:23:38.135,1.0179,1.0182,15.30,19.20
2008.06.30 06:23:38.372,1.0179,1.0182,18.20,15.30
2008.06.30 06:23:38.602,1.018,1.0182,4.80,10.50
2008.06.30 06:23:38.835,1.018,1.0182,4.80,13.40
2008.06.30 06:23:39.258,1.0179,1.0182,4.80,18.20
2008.06.30 06:23:40.562,1.0179,1.0182,8.10,15.30
2008.06.30 06:23:40.732,1.0179,1.0182,18.70,15.30
2008.06.30 06:23:40.924,1.0179,1.0182,19.60,15.30
2008.06.30 06:23:40.980,1.018,1.0182,4.80,10.50
2008.06.30 06:23:42.980,1.018,1.0182,6.70,10.50
2008.06.30 06:23:43.200,1.0181,1.0183,4.80,13.40
2008.06.30 06:23:52.025,1.0181,1.0183,4.80,10.50
2008.06.30 06:23:52.268,1.0181,1.0184,4.80,16.30
2008.06.30 06:23:52.507,1.0181,1.01835,4.80,1.00
2008.06.30 06:23:53.938,1.0181,1.0183,4.80,1.00
2008.06.30 06:23:54.108,1.0181,1.0183,4.80,11.50
2008.06.30 06:23:54.672,1.018,1.0183,4.80,16.30
2008.06.30 06:23:58.511,1.018,1.0183,4.80,19.20
2008.06.30 06:23:58.649,1.018,1.0183,4.80,20.10
2008.06.30 06:23:58.788,1.018,1.0182,4.80,1.00
2008.06.30 06:23:58.919,1.018,1.0182,4.80,3.80
2008.06.30 06:23:59.060,1.018,1.01815,4.80,1.00
2008.06.30 06:23:59.201,1.018,1.0182,4.80,13.40
2008.06.30 06:23:59.464,1.0179,1.0181,6.70,10.00
2008.06.30 06:23:59.596,1.0179,1.0182,6.70,18.20
2008.06.30 06:24:00.327,1.0179,1.0182,17.20,23.00
2008.06.30 06:24:00.518,1.018,1.0181,4.80,10.00
2008.06.30 06:24:00.705,1.0181,1.0182,1.00,12.40
2008.06.30 06:24:00.845,1.0179,1.0182,6.70,12.40
2008.06.30 06:24:02.339,1.0179,1.0182,6.70,7.60
2008.06.30 06:24:02.566,1.0179,1.0182,6.70,18.20
2008.06.30 06:24:03.107,1.0179,1.0182,4.80,18.20
2008.06.30 06:24:04.497,1.0179,1.0182,4.80,15.30
2008.06.30 06:24:04.722,1.018,1.0183,4.80,19.20
2008.06.30 06:24:06.647,1.018,1.0182,4.80,10.50
2008.06.30 06:24:06.720,1.018,1.0182,5.70,10.00
2008.06.30 06:24:06.861,1.018,1.0182,6.70,10.00
2008.06.30 06:24:06.910,1.018,1.0183,6.70,13.40
2008.06.30 06:24:08.075,1.018,1.0183,6.70,8.60
2008.06.30 06:24:08.424,1.018,1.0183,6.70,19.20
2008.06.30 06:24:09.963,1.018,1.0183,6.70,18.20
2008.06.30 06:24:10.103,1.018,1.0183,17.20,18.20
2008.06.30 06:24:10.245,1.0181,1.0183,4.80,13.40
2008.06.30 06:24:10.386,1.0181,1.0183,4.80,13.90
2008.06.30 06:24:15.282,1.018,1.0183,4.80,18.70
2008.06.30 06:24:15.410,1.018,1.0183,4.80,19.60
2008.06.30 06:24:15.543,1.018,1.0183,4.80,19.20
2008.06.30 06:24:18.811,1.018,1.0182,4.80,2.80
2008.06.30 06:24:19.140,1.018,1.0182,4.80,13.40
2008.06.30 06:24:19.236,1.0179,1.0182,6.70,18.20
2008.06.30 06:24:20.162,1.0179,1.0182,6.70,19.20
2008.06.30 06:24:22.394,1.018,1.0182,4.80,11.50
2008.06.30 06:24:22.744,1.018,1.01825,4.80,1.00
2008.06.30 06:24:23.431,1.018,1.0183,4.80,19.20
2008.06.30 06:24:25.137,1.018,1.01825,4.80,1.00
2008.06.30 06:24:25.356,1.018,1.0183,4.80,19.20
2008.06.30 06:24:27.456,1.018,1.0183,6.70,19.20
2008.06.30 06:24:27.744,1.018,1.0183,17.20,19.20
2008.06.30 06:24:28.033,1.0181,1.0183,4.80,14.40
2008.06.30 06:24:28.324,1.0181,1.0183,4.80,19.20
2008.06.30 06:24:28.570,1.0181,1.0182,4.80,10.50
2008.06.30 06:24:28.832,1.018,1.0182,4.80,2.80
2008.06.30 06:24:29.083,1.018,1.0182,1.00,14.80
2008.06.30 06:24:29.332,1.018,1.0182,12.40,4.80
2008.06.30 06:24:29.493,1.018,1.0183,4.80,19.60
2008.06.30 06:24:29.678,1.018,1.01825,4.80,1.00
2008.06.30 06:24:30.212,1.018,1.0182,4.80,4.80
2008.06.30 06:24:30.362,1.018,1.01815,4.80,1.00
2008.06.30 06:24:30.503,1.018,1.0181,4.80,10.50
2008.06.30 06:24:30.671,1.0179,1.0181,6.70,10.50
2008.06.30 06:24:32.038,1.0179,1.0181,9.60,10.50
2008.06.30 06:24:32.198,1.0179,1.0182,20.10,15.30
2008.06.30 06:24:32.513,1.018,1.0182,4.80,13.40
2008.06.30 06:24:32.686,1.018,1.01815,4.80,1.00
2008.06.30 06:24:33.232,1.0179,1.0182,6.70,19.20
2008.06.30 06:24:34.472,1.0179,1.0182,9.60,16.30
2008.06.30 06:24:34.880,1.0179,1.0182,17.20,19.20
2008.06.30 06:24:34.978,1.018,1.01815,4.80,1.00
2008.06.30 06:24:35.270,1.0179,1.0181,6.70,10.50
2008.06.30 06:24:37.716,1.018,1.0181,4.80,10.50
2008.06.30 06:24:38.967,1.0179,1.0181,6.70,10.50
2008.06.30 06:24:39.037,1.0179,1.0181,5.70,10.50
2008.06.30 06:24:39.144,1.0179,1.0182,5.70,19.20
2008.06.30 06:24:39.217,1.0179,1.0182,4.80,19.20
2008.06.30 06:24:40.203,1.0179,1.01815,4.80,1.00
2008.06.30 06:24:41.056,1.0179,1.0181,4.80,10.50
2008.06.30 06:24:41.829,1.0179,1.0181,4.80,13.40
2008.06.30 06:24:42.172,1.0179,1.01805,4.80,1.00
2008.06.30 06:24:42.589,1.0178,1.01805,15.30,1.00
2008.06.30 06:24:42.797,1.0178,1.018,6.70,10.50
2008.06.30 06:24:42.997,1.0179,1.0181,4.80,11.50
2008.06.30 06:24:45.045,1.0179,1.018,4.80,10.50
2008.06.30 06:24:45.274,1.0178,1.018,4.80,10.50
2008.06.30 06:24:48.110,1.01775,1.01795,1.00,1.00
2008.06.30 06:24:48.444,1.01775,1.0179,1.00,10.50
2008.06.30 06:24:48.698,1.0177,1.0179,4.80,10.50
2008.06.30 06:24:48.873,1.0177,1.018,4.80,16.30
2008.06.30 06:24:49.043,1.0177,1.01795,4.80,1.00
2008.06.30 06:24:49.207,1.0177,1.018,4.80,15.30
2008.06.30 06:24:49.721,1.0177,1.01795,4.80,1.00
2008.06.30 06:24:50.209,1.0177,1.018,4.80,16.30
2008.06.30 06:24:50.428,1.0177,1.0179,4.80,10.50
2008.06.30 06:24:50.854,1.0177,1.018,18.20,15.30
2008.06.30 06:24:51.048,1.0177,1.018,18.20,16.30
2008.06.30 06:24:51.434,1.0177,1.0179,15.30,1.00
2008.06.30 06:24:51.809,1.0176,1.0179,4.80,5.70
2008.06.30 06:24:52.108,1.0176,1.0178,4.80,10.50
2008.06.30 06:24:53.009,1.0177,1.0178,5.70,10.50
2008.06.30 06:24:53.357,1.0177,1.0178,6.70,10.50
2008.06.30 06:24:53.704,1.0178,1.018,4.80,11.50
2008.06.30 06:24:54.216,1.0177,1.018,6.70,16.30
2008.06.30 06:24:55.093,1.0177,1.01795,6.70,1.00
2008.06.30 06:24:55.382,1.0177,1.018,6.70,16.30
2008.06.30 06:24:55.582,1.0177,1.0179,9.60,10.50
2008.06.30 06:24:55.682,1.0178,1.0179,4.80,10.50
2008.06.30 06:24:55.833,1.0178,1.018,4.80,10.50
2008.06.30 06:24:56.681,1.0178,1.018,4.80,13.40
2008.06.30 06:24:56.855,1.0178,1.01795,4.80,1.00
2008.06.30 06:24:57.194,1.0178,1.018,4.80,10.50
2008.06.30 06:24:57.483,1.0178,1.018,4.80,13.40
2008.06.30 06:24:57.773,1.0177,1.018,17.20,15.30
2008.06.30 06:24:58.066,1.0177,1.018,20.60,15.30
2008.06.30 06:24:58.354,1.0178,1.018,4.80,10.50
2008.06.30 06:24:58.691,1.0178,1.0181,4.80,16.30
2008.06.30 06:24:59.798,1.0178,1.0181,4.80,15.30
2008.06.30 06:25:02.138,1.0178,1.0181,5.70,15.30
2008.06.30 06:25:02.337,1.0178,1.0181,6.70,15.30
2008.06.30 06:25:02.683,1.0179,1.01815,4.80,1.00
2008.06.30 06:25:03.720,1.0179,1.0182,4.80,16.30
2008.06.30 06:25:08.682,1.018,1.0182,4.80,11.50
2008.06.30 06:25:09.110,1.0179,1.0182,4.80,16.30
2008.06.30 06:25:18.820,1.018,1.0182,4.80,11.50
2008.06.30 06:25:18.940,1.0179,1.01815,4.80,1.00
2008.06.30 06:25:19.060,1.0179,1.0182,4.80,16.30
2008.06.30 06:25:19.419,1.0179,1.0182,4.80,5.70
2008.06.30 06:25:19.766,1.018,1.0182,4.80,1.00
2008.06.30 06:25:21.033,1.0179,1.0182,4.80,16.30
2008.06.30 06:25:21.207,1.0179,1.01815,4.80,1.00
2008.06.30 06:25:24.242,1.0179,1.0181,4.80,1.00
2008.06.30 06:25:24.327,1.0179,1.01815,4.80,1.00
2008.06.30 06:25:24.496,1.01785,1.0181,1.00,4.80
2008.06.30 06:25:24.730,1.0179,1.0182,4.80,16.30
2008.06.30 06:25:27.596,1.0179,1.0182,7.60,16.30
2008.06.30 06:25:30.175,1.0179,1.0182,18.20,16.30
2008.06.30 06:25:30.308,1.018,1.0182,4.80,11.50
2008.06.30 06:25:31.409,1.018,1.0182,4.80,10.50
2008.06.30 06:25:36.185,1.018,1.0182,4.80,11.50
2008.06.30 06:25:36.654,1.0179,1.0182,18.20,16.30
2008.06.30 06:25:43.684,1.0179,1.01815,15.30,1.00
2008.06.30 06:25:43.994,1.01785,1.0181,1.00,15.30
2008.06.30 06:25:46.041,1.0179,1.0181,4.80,10.50
2008.06.30 06:25:54.414,1.0179,1.0181,7.60,10.50
2008.06.30 06:25:54.821,1.0179,1.0182,18.20,16.30
2008.06.30 06:25:55.085,1.018,1.0182,4.80,11.50
2008.06.30 06:25:58.800,1.018,1.01815,4.80,1.00
2008.06.30 06:25:58.971,1.018,1.0181,4.80,10.50
2008.06.30 06:25:59.138,1.0179,1.0181,4.80,10.50
2008.06.30 06:26:14.407,1.018,1.0182,4.80,16.30
2008.06.30 06:26:15.980,1.018,1.0182,4.80,15.30
2008.06.30 06:26:16.224,1.018,1.0182,4.80,13.40
2008.06.30 06:26:16.399,1.018,1.0182,4.80,10.50
2008.06.30 06:26:16.624,1.018,1.0182,4.80,13.40
2008.06.30 06:26:16.722,1.0181,1.0182,4.80,13.40
2008.06.30 06:26:16.816,1.0181,1.0182,4.80,3.80
2008.06.30 06:26:16.963,1.018,1.0182,4.80,14.40
2008.06.30 06:26:24.094,1.018,1.0182,4.80,11.50
2008.06.30 06:26:24.229,1.018,1.0181,4.80,1.00
2008.06.30 06:26:24.480,1.018,1.0181,4.80,1.90
2008.06.30 06:26:24.609,1.018,1.01805,4.80,1.00
2008.06.30 06:26:24.741,1.0179,1.01805,4.80,1.00
2008.06.30 06:26:24.902,1.0179,1.018,4.80,10.50
2008.06.30 06:26:25.097,1.0178,1.018,4.80,11.50
2008.06.30 06:26:25.776,1.0178,1.018,4.80,10.50
2008.06.30 06:26:26.981,1.0178,1.018,4.80,13.40
2008.06.30 06:26:30.292,1.0178,1.018,4.80,10.50
2008.06.30 06:26:31.353,1.0178,1.01805,15.30,1.00
2008.06.30 06:26:31.626,1.0179,1.01805,4.80,1.00
2008.06.30 06:26:32.950,1.0179,1.01805,4.80,1.90
2008.06.30 06:26:33.400,1.0178,1.01805,15.30,1.90
2008.06.30 06:26:34.473,1.0178,1.018,4.80,13.40
2008.06.30 06:26:35.370,1.0177,1.018,15.30,18.20
2008.06.30 06:26:38.697,1.0177,1.018,15.30,18.20
2008.06.30 06:26:39.049,1.0177,1.018,15.30,15.30
2008.06.30 06:26:39.224,1.0178,1.018,4.80,10.50
2008.06.30 06:26:39.569,1.0178,1.01805,15.30,1.00
2008.06.30 06:26:39.943,1.0178,1.01805,15.30,1.90
2008.06.30 06:26:42.469,1.0178,1.01805,15.30,1.00
2008.06.30 06:26:43.705,1.0178,1.01805,15.30,1.90
2008.06.30 06:26:56.854,1.0179,1.01805,4.80,1.90
2008.06.30 06:26:56.994,1.0178,1.01805,15.30,1.90
2008.06.30 06:27:00.243,1.0178,1.01805,15.30,3.20
2008.06.30 06:27:00.417,1.0178,1.018,4.80,10.50
2008.06.30 06:27:04.502,1.0178,1.018,4.80,11.50
2008.06.30 06:27:04.694,1.0178,1.018,4.80,12.40
2008.06.30 06:27:04.827,1.0178,1.01795,4.80,1.30
2008.06.30 06:27:04.857,1.0178,1.0179,4.80,2.80
2008.06.30 06:27:05.074,1.0178,1.0179,4.80,13.40
2008.06.30 06:27:05.324,1.0178,1.0179,4.80,10.50
2008.06.30 06:27:05.532,1.0176,1.0179,15.30,15.30
2008.06.30 06:27:05.725,1.0177,1.0179,4.80,10.50
2008.06.30 06:27:06.115,1.0177,1.0179,4.80,11.50
2008.06.30 06:27:06.311,1.0176,1.0179,4.80,16.30
2008.06.30 06:27:07.288,1.01765,1.0179,1.00,15.30
2008.06.30 06:27:07.612,1.01765,1.0179,1.00,4.80
2008.06.30 06:27:07.932,1.0177,1.01795,4.80,1.00
2008.06.30 06:27:09.527,1.0177,1.0179,4.80,2.80
2008.06.30 06:27:09.591,1.0177,1.0179,4.80,13.40
2008.06.30 06:27:09.669,1.0176,1.0179,5.20,18.20
2008.06.30 06:27:09.789,1.0176,1.0179,4.80,18.20
2008.06.30 06:27:11.374,1.0176,1.0179,8.10,15.30
2008.06.30 06:27:11.498,1.0177,1.0179,4.80,10.50
2008.06.30 06:27:11.639,1.0177,1.01795,4.80,2.20
2008.06.30 06:27:12.280,1.0177,1.0179,4.80,1.30
2008.06.30 06:27:12.562,1.0177,1.0179,4.80,11.80
2008.06.30 06:27:12.841,1.0177,1.0179,4.80,10.50
2008.06.30 06:27:13.032,1.0177,1.01795,4.80,1.30
2008.06.30 06:27:14.842,1.0177,1.018,4.80,19.20
2008.06.30 06:27:15.170,1.0177,1.018,15.30,19.20
2008.06.30 06:27:15.330,1.0178,1.018,4.80,14.40
2008.06.30 06:27:16.210,1.0178,1.018,15.30,2.80
2008.06.30 06:27:17.542,1.0178,1.018,4.80,13.40
2008.06.30 06:27:22.668,1.0178,1.018,4.80,15.70
2008.06.30 06:27:22.932,1.0178,1.01795,4.80,1.30
2008.06.30 06:27:23.348,1.0177,1.01795,4.80,1.30
2008.06.30 06:27:23.978,1.0177,1.0179,4.80,2.80
2008.06.30 06:27:24.349,1.0176,1.0179,4.80,19.20
2008.06.30 06:27:25.268,1.01765,1.0179,1.00,19.20
2008.06.30 06:27:25.397,1.01765,1.0179,1.00,16.30
2008.06.30 06:27:25.485,1.01765,1.0179,1.00,5.70
2008.06.30 06:27:25.640,1.0177,1.0179,4.80,1.00
2008.06.30 06:27:25.682,1.0177,1.0179,4.80,1.00
2008.06.30 06:27:25.998,1.0177,1.01795,4.80,1.00
2008.06.30 06:27:26.219,1.0177,1.01795,4.80,1.00
2008.06.30 06:27:26.347,1.0177,1.0179,4.80,1.00
2008.06.30 06:27:27.009,1.0177,1.01795,4.80,1.00
2008.06.30 06:27:27.360,1.0177,1.01785,4.80,1.00
2008.06.30 06:27:27.877,1.0176,1.0179,4.80,5.70
2008.06.30 06:27:28.960,1.0176,1.0179,4.80,5.70
2008.06.30 06:27:29.117,1.0176,1.0179,4.80,16.30
2008.06.30 06:27:29.726,1.0176,1.0179,4.80,16.30
2008.06.30 06:27:29.886,1.0176,1.0179,7.60,16.30
2008.06.30 06:27:30.171,1.0176,1.0179,18.20,16.30
2008.06.30 06:27:30.889,1.0178,1.0179,4.80,11.50
2008.06.30 06:27:31.134,1.0178,1.0179,4.80,1.00
2008.06.30 06:27:31.237,1.0178,1.01795,4.80,1.00
2008.06.30 06:27:36.240,1.0178,1.01795,4.80,2.20
2008.06.30 06:27:36.405,1.0178,1.0179,4.80,2.80
2008.06.30 06:27:36.465,1.0177,1.0179,15.30,2.80
2008.06.30 06:27:36.525,1.0177,1.0179,4.80,13.40
2008.06.30 06:27:36.681,1.0176,1.0179,15.30,18.20
2008.06.30 06:27:37.653,1.0176,1.0179,18.70,15.30
2008.06.30 06:27:38.651,1.0177,1.0179,4.80,10.50
2008.06.30 06:27:42.433,1.0177,1.0179,7.60,10.50
2008.06.30 06:27:42.611,1.0177,1.018,18.20,17.20
2008.06.30 06:27:42.794,1.0177,1.01795,18.20,1.30
2008.06.30 06:27:43.001,1.0177,1.01795,15.30,1.30
2008.06.30 06:27:43.182,1.0177,1.0179,4.80,10.50
2008.06.30 06:27:43.534,1.0177,1.01795,15.30,1.30
2008.06.30 06:27:44.221,1.0177,1.0179,4.80,10.50
2008.06.30 06:27:45.934,1.0177,1.0179,4.80,11.80
2008.06.30 06:27:46.252,1.0176,1.0179,18.20,16.60
2008.06.30 06:27:50.432,1.0176,1.0179,15.30,19.50
2008.06.30 06:27:50.808,1.0177,1.0179,4.80,14.70
2008.06.30 06:27:52.459,1.0177,1.0179,4.80,13.40
2008.06.30 06:27:58.927,1.0177,1.0179,4.80,10.50
2008.06.30 06:28:00.645,1.0177,1.0179,4.80,11.80
2008.06.30 06:28:00.967,1.0176,1.0179,18.20,16.60
2008.06.30 06:28:06.346,1.0176,1.0179,18.20,17.60
2008.06.30 06:28:06.460,1.0176,1.0179,15.30,20.50
2008.06.30 06:28:06.546,1.0176,1.0178,4.80,10.50
2008.06.30 06:28:07.271,1.0176,1.0178,7.60,10.50
2008.06.30 06:28:08.027,1.0176,1.0179,18.20,17.60
2008.06.30 06:28:10.008,1.0176,1.0178,15.30,2.80
2008.06.30 06:28:10.357,1.0176,1.0179,18.20,17.60
2008.06.30 06:28:10.627,1.0176,1.0179,15.30,20.50
2008.06.30 06:28:10.757,1.0176,1.01785,15.30,1.30
2008.06.30 06:28:11.138,1.0176,1.0178,4.80,10.50
2008.06.30 06:28:11.415,1.0175,1.0178,20.60,15.30
2008.06.30 06:28:11.680,1.0176,1.0178,4.80,10.50
2008.06.30 06:28:12.052,1.0176,1.0178,7.60,10.50
2008.06.30 06:28:12.566,1.0176,1.0178,4.80,10.50
2008.06.30 06:28:13.097,1.0176,1.01785,18.20,1.00
2008.06.30 06:28:13.529,1.0176,1.01785,18.20,1.00
2008.06.30 06:28:13.750,1.0176,1.0179,18.20,16.30
2008.06.30 06:28:15.928,1.0177,1.0179,4.80,11.50
2008.06.30 06:28:18.843,1.0177,1.0179,4.80,14.40
2008.06.30 06:28:19.404,1.0176,1.0179,4.80,19.20
2008.06.30 06:28:21.473,1.0176,1.0179,7.60,16.30
2008.06.30 06:28:21.804,1.0176,1.0179,18.20,16.30
2008.06.30 06:28:22.177,1.0177,1.0179,4.80,11.50
2008.06.30 06:28:23.035,1.0177,1.0179,4.80,14.40
2008.06.30 06:28:23.561,1.0176,1.0179,4.80,19.20
2008.06.30 06:28:27.558,1.0176,1.0179,7.60,16.30
2008.06.30 06:28:27.768,1.0176,1.0179,7.60,15.30
2008.06.30 06:28:27.969,1.0177,1.0179,4.80,10.50
2008.06.30 06:28:28.993,1.0176,1.0179,4.80,18.20
2008.06.30 06:28:29.610,1.0176,1.0179,4.80,19.20
2008.06.30 06:28:30.351,1.0176,1.0179,15.30,18.20
2008.06.30 06:28:30.491,1.0177,1.0179,4.80,13.40
2008.06.30 06:28:33.228,1.0177,1.0179,4.80,10.50
2008.06.30 06:28:33.512,1.01765,1.0179,1.00,15.30
2008.06.30 06:28:33.622,1.0177,1.0179,10.50,4.80
2008.06.30 06:28:33.899,1.0177,1.018,15.30,21.10
2008.06.30 06:28:34.623,1.0177,1.0179,15.30,2.80
2008.06.30 06:28:34.843,1.0177,1.0179,15.30,3.80
2008.06.30 06:28:35.064,1.0177,1.0179,4.80,14.40
2008.06.30 06:28:35.184,1.0176,1.0179,15.30,19.20
2008.06.30 06:28:37.260,1.0176,1.0179,15.30,20.10
2008.06.30 06:28:37.550,1.0176,1.0179,4.80,20.10
2008.06.30 06:28:38.139,1.0176,1.01795,4.80,22.40
2008.06.30 06:28:38.278,1.0176,1.01795,15.30,22.40
2008.06.30 06:28:38.558,1.0177,1.01795,4.80,17.60
2008.06.30 06:28:45.708,1.0177,1.0179,4.80,15.30
2008.06.30 06:28:45.874,1.0176,1.0179,15.30,20.10
2008.06.30 06:28:46.830,1.0176,1.01785,15.30,2.20
2008.06.30 06:28:46.951,1.0176,1.0178,15.30,1.00
2008.06.30 06:28:47.245,1.0176,1.0178,4.80,11.50
2008.06.30 06:28:47.429,1.0176,1.01775,4.80,1.00
2008.06.30 06:28:48.447,1.0176,1.0178,4.80,11.50
2008.06.30 06:28:49.022,1.0176,1.0178,4.80,10.50
2008.06.30 06:28:49.326,1.0176,1.01785,15.30,1.00
2008.06.30 06:28:49.549,1.0176,1.01785,15.30,2.20
2008.06.30 06:28:49.707,1.0176,1.0178,15.30,1.00
2008.06.30 06:28:49.797,1.0176,1.0178,4.80,11.50
2008.06.30 06:28:50.672,1.0176,1.01775,4.80,1.00
2008.06.30 06:28:51.037,1.0175,1.0178,16.30,16.30
2008.06.30 06:28:51.219,1.0175,1.0178,16.30,19.20
2008.06.30 06:28:51.358,1.0175,1.0178,15.30,19.20
2008.06.30 06:28:51.516,1.0175,1.0178,15.30,20.50
2008.06.30 06:28:51.728,1.0175,1.01775,15.30,1.00
2008.06.30 06:28:51.814,1.0175,1.0177,4.80,10.50
2008.06.30 06:28:52.619,1.0175,1.0177,4.80,11.50
2008.06.30 06:28:53.826,1.0175,1.0177,4.80,10.50
2008.06.30 06:28:55.806,1.0175,1.0178,15.30,21.10
2008.06.30 06:28:55.896,1.0175,1.0178,15.30,22.40
2008.06.30 06:28:56.065,1.0175,1.0177,15.30,1.00
2008.06.30 06:28:56.235,1.0175,1.0177,4.80,11.50
2008.06.30 06:28:57.842,1.0175,1.01765,4.80,1.00
2008.06.30 06:28:58.246,1.0174,1.0176,4.80,10.50
2008.06.30 06:28:58.887,1.0176,1.01765,4.80,11.30
2008.06.30 06:28:59.869,1.0174,1.0176,4.80,10.50
2008.06.30 06:29:07.841,1.0174,1.0176,4.80,11.50
2008.06.30 06:29:08.874,1.0174,1.0176,4.80,12.80
2008.06.30 06:29:09.190,1.0174,1.0175,4.80,10.50
2008.06.30 06:29:09.725,1.0174,1.0176,4.80,10.50
2008.06.30 06:29:11.560,1.0173,1.0176,4.80,15.30
2008.06.30 06:29:12.372,1.0174,1.0176,4.80,10.50
2008.06.30 06:29:13.863,1.0174,1.01765,4.80,1.00
2008.06.30 06:29:14.024,1.0174,1.01765,4.80,2.20
2008.06.30 06:29:14.223,1.0174,1.0176,4.80,10.50
2008.06.30 06:29:20.213,1.0174,1.0176,4.80,10.50
2008.06.30 06:29:20.522,1.0175,1.0177,4.80,11.50
2008.06.30 06:29:21.146,1.0175,1.0177,4.80,10.50
2008.06.30 06:29:25.464,1.0174,1.0177,18.70,15.30
2008.06.30 06:29:25.905,1.0175,1.01775,4.80,11.50
2008.06.30 06:29:27.789,1.0175,1.01775,4.80,13.80
2008.06.30 06:29:27.983,1.0174,1.01775,18.20,18.20
2008.06.30 06:29:28.168,1.0174,1.01775,18.70,17.20
2008.06.30 06:29:28.367,1.0174,1.01775,18.70,16.30
2008.06.30 06:29:29.196,1.0175,1.01775,4.80,11.50
2008.06.30 06:29:30.273,1.0175,1.0178,15.30,20.10
2008.06.30 06:29:30.315,1.0175,1.01785,15.30,22.40
2008.06.30 06:29:30.485,1.0175,1.01785,18.20,19.50
2008.06.30 06:29:33.901,1.01755,1.0178,1.00,16.30
2008.06.30 06:29:34.597,1.0176,1.0178,4.80,11.50
2008.06.30 06:29:35.694,1.01755,1.0178,1.00,16.30
2008.06.30 06:29:35.794,1.0175,1.0178,18.20,16.30
2008.06.30 06:29:36.136,1.0176,1.0178,4.80,11.50
2008.06.30 06:29:37.626,1.0176,1.01775,4.80,1.00
2008.06.30 06:29:37.895,1.0175,1.01775,18.20,1.00
2008.06.30 06:29:38.464,1.0176,1.0178,4.80,11.50
2008.06.30 06:29:39.925,1.0176,1.0178,4.80,12.80
2008.06.30 06:29:40.277,1.0175,1.0178,4.80,17.60
2008.06.30 06:29:40.356,1.0175,1.0177,4.80,10.50
2008.06.30 06:29:41.008,1.0175,1.01775,4.80,1.00
2008.06.30 06:29:41.347,1.01755,1.0178,1.00,16.30
2008.06.30 06:29:41.524,1.0176,1.0178,4.80,11.50
2008.06.30 06:29:41.709,1.0176,1.01775,4.80,1.00
2008.06.30 06:29:42.052,1.0175,1.01775,4.80,1.00
2008.06.30 06:29:42.804,1.01755,1.0178,1.00,16.30
2008.06.30 06:29:43.077,1.0176,1.0178,4.80,11.50
2008.06.30 06:29:49.574,1.0176,1.0178,4.80,12.80
2008.06.30 06:29:49.755,1.0175,1.0178,15.30,17.60
2008.06.30 06:29:49.999,1.0175,1.0178,15.30,16.30
2008.06.30 06:29:50.431,1.0175,1.0178,18.20,16.30
2008.06.30 06:29:50.652,1.0176,1.0178,10.50,5.70
2008.06.30 06:29:50.880,1.0176,1.0178,15.30,1.00
2008.06.30 06:29:51.664,1.0176,1.0178,4.80,11.50
2008.06.30 06:29:51.803,1.0176,1.0178,4.80,12.80
2008.06.30 06:29:51.983,1.0175,1.0178,15.30,17.60
2008.06.30 06:29:56.602,1.0175,1.0178,15.30,16.30
2008.06.30 06:29:58.680,1.0175,1.0178,15.30,19.20
2008.06.30 06:29:59.151,1.0175,1.0178,15.30,18.20
2008.06.30 06:29:59.352,1.0175,1.0178,15.80,15.30
2008.06.30 06:29:59.563,1.01755,1.0178,1.00,15.30
2008.06.30 06:29:59.701,1.0176,1.0178,4.80,10.50
2008.06.30 06:29:59.970,1.0176,1.01785,15.30,1.90
2008.06.30 06:30:00.108,1.0176,1.01785,4.80,1.90
2008.06.30 06:30:00.960,1.0176,1.01785,4.80,3.20
2008.06.30 06:30:01.236,1.0176,1.0178,4.80,1.30
2008.06.30 06:30:01.396,1.0176,1.0178,4.80,5.10
2008.06.30 06:30:01.543,1.0175,1.0178,4.80,9.90
2008.06.30 06:30:01.744,1.0175,1.01775,4.80,1.00
2008.06.30 06:30:03.901,1.0175,1.01775,4.80,1.00
2008.06.30 06:30:06.873,1.0175,1.0178,4.80,5.40
2008.06.30 06:30:07.145,1.0175,1.0178,4.80,8.60
2008.06.30 06:30:07.412,1.0175,1.01775,4.80,1.90
2008.06.30 06:30:07.957,1.0174,1.0177,9.30,4.80
2008.06.30 06:30:08.079,1.0174,1.0177,8.40,4.80
2008.06.30 06:30:08.730,1.01745,1.0177,1.00,4.80
2008.06.30 06:30:09.013,1.0175,1.0178,4.80,9.10
2008.06.30 06:30:10.288,1.0175,1.01775,4.80,1.00
2008.06.30 06:30:11.097,1.0175,1.0177,4.80,1.00
2008.06.30 06:30:11.530,1.0174,1.0177,7.60,5.40
2008.06.30 06:30:13.549,1.0175,1.0177,2.80,5.40
2008.06.30 06:30:13.803,1.0175,1.0177,2.80,4.80
2008.06.30 06:30:13.893,1.0175,1.0178,7.60,8.60
2008.06.30 06:30:20.642,1.0175,1.0178,4.80,11.50
2008.06.30 06:30:22.156,1.0175,1.01775,4.80,1.00
2008.06.30 06:30:23.233,1.0175,1.0178,4.80,12.00
2008.06.30 06:30:23.424,1.0175,1.0178,4.80,11.50
2008.06.30 06:30:23.836,1.0175,1.0178,4.80,10.50
2008.06.30 06:30:24.056,1.0175,1.0178,4.80,5.40
2008.06.30 06:30:24.273,1.0175,1.0178,5.60,4.80
2008.06.30 06:30:24.883,1.0176,1.01785,4.80,1.90
2008.06.30 06:30:26.376,1.0176,1.01785,4.80,1.00
2008.06.30 06:30:26.557,1.0178,1.01785,1.00,1.00
2008.06.30 06:30:26.797,1.0177,1.0179,1.00,8.10
2008.06.30 06:30:27.030,1.01775,1.0179,1.00,8.10
2008.06.30 06:30:27.193,1.0178,1.0179,1.00,8.10
2008.06.30 06:30:27.365,1.01785,1.0179,1.00,3.30
2008.06.30 06:30:27.530,1.01785,1.0179,1.00,1.00
2008.06.30 06:30:27.690,1.0178,1.0179,5.60,1.00
2008.06.30 06:30:27.870,1.0178,1.018,5.60,4.80
2008.06.30 06:30:28.226,1.0179,1.018,4.80,7.60
2008.06.30 06:30:28.577,1.0179,1.018,4.80,2.80
2008.06.30 06:30:28.933,1.0179,1.0181,4.80,2.80
2008.06.30 06:30:30.800,1.0179,1.0181,4.80,4.20
2008.06.30 06:30:30.896,1.0179,1.018,4.80,2.80
2008.06.30 06:30:30.999,1.0178,1.018,4.80,2.80
2008.06.30 06:30:40.512,1.01785,1.01805,1.00,4.20
2008.06.30 06:30:40.721,1.018,1.01815,1.00,6.80
2008.06.30 06:30:40.892,1.018,1.01815,1.00,5.70
2008.06.30 06:30:41.064,1.018,1.0182,1.90,9.60
2008.06.30 06:30:41.280,1.018,1.0183,6.70,10.00
2008.06.30 06:30:41.448,1.018,1.0183,7.40,8.60
2008.06.30 06:30:41.620,1.018,1.0183,10.40,5.70
2008.06.30 06:30:41.924,1.01805,1.0184,1.00,14.80
2008.06.30 06:30:42.221,1.0181,1.01845,6.70,9.10
2008.06.30 06:30:42.524,1.0181,1.01845,7.50,7.00
2008.06.30 06:30:43.006,1.0182,1.0185,4.80,12.40
2008.06.30 06:30:44.972,1.0181,1.0184,7.40,4.80
2008.06.30 06:30:45.180,1.0182,1.01845,4.80,2.80
2008.06.30 06:30:48.619,1.0182,1.0184,4.80,1.30
2008.06.30 06:30:48.957,1.0182,1.0184,4.80,1.90
2008.06.30 06:30:49.350,1.0181,1.01835,4.80,1.00
2008.06.30 06:30:50.725,1.0181,1.0183,4.80,2.80
2008.06.30 06:30:50.878,1.0181,1.0183,4.80,3.40
2008.06.30 06:30:51.098,1.018,1.0183,4.80,8.20
2008.06.30 06:30:51.589,1.018,1.01825,4.80,1.30
2008.06.30 06:30:52.109,1.01795,1.0182,1.00,4.80
2008.06.30 06:30:53.479,1.0179,1.0182,10.40,4.80
2008.06.30 06:30:54.618,1.01795,1.0182,1.00,4.80
2008.06.30 06:30:54.917,1.01795,1.0182,1.00,4.80
2008.06.30 06:30:55.208,1.018,1.0183,4.80,8.20
2008.06.30 06:30:57.135,1.018,1.01825,4.80,1.30
2008.06.30 06:30:57.500,1.01795,1.0182,1.00,4.80
2008.06.30 06:30:58.307,1.0179,1.0182,5.50,6.10
2008.06.30 06:30:58.595,1.0179,1.0182,5.50,6.60
2008.06.30 06:30:58.987,1.0179,1.0182,5.50,7.20
2008.06.30 06:30:59.189,1.0179,1.0182,4.80,5.40
2008.06.30 06:30:59.575,1.0179,1.0181,4.80,1.30
2008.06.30 06:30:59.999,1.0179,1.01815,4.80,1.30
2008.06.30 06:31:00.167,1.0178,1.0181,5.50,4.80
2008.06.30 06:31:00.676,1.0179,1.01815,4.80,1.90
2008.06.30 06:31:01.086,1.0179,1.0181,4.80,1.30
2008.06.30 06:31:01.195,1.0179,1.0181,4.80,1.90
2008.06.30 06:31:01.311,1.0178,1.01805,4.80,1.30
2008.06.30 06:31:01.516,1.0179,1.01805,4.80,1.30
2008.06.30 06:31:01.680,1.0178,1.01805,4.80,1.30
2008.06.30 06:31:01.898,1.0178,1.0181,4.80,6.70
2008.06.30 06:31:02.117,1.0178,1.01805,4.80,1.30
2008.06.30 06:31:02.343,1.0178,1.0181,4.80,6.70
2008.06.30 06:31:02.814,1.0178,1.0181,4.80,5.40
2008.06.30 06:31:03.085,1.0178,1.0181,5.60,4.80
2008.06.30 06:31:03.355,1.0178,1.0181,5.50,4.80
2008.06.30 06:31:03.623,1.0178,1.0181,5.60,4.80
2008.06.30 06:31:06.026,1.0178,1.0181,5.60,5.20
2008.06.30 06:31:06.635,1.0178,1.0181,5.60,4.80
2008.06.30 06:31:06.746,1.01785,1.0181,1.00,4.80
2008.06.30 06:31:12.857,1.01785,1.0181,1.00,4.80
2008.06.30 06:31:15.232,1.0179,1.0181,1.00,4.80
2008.06.30 06:31:15.333,1.0179,1.0181,2.80,4.80
2008.06.30 06:31:15.691,1.0179,1.01815,7.60,1.00
2008.06.30 06:31:16.596,1.0179,1.0182,8.50,7.30
2008.06.30 06:31:16.808,1.01795,1.0182,1.00,7.30
2008.06.30 06:31:17.120,1.01795,1.0182,1.00,6.70
2008.06.30 06:31:18.476,1.0179,1.0182,5.60,10.00
2008.06.30 06:31:18.825,1.0179,1.0182,5.60,7.20
2008.06.30 06:31:19.579,1.0179,1.0182,8.50,6.20
2008.06.30 06:31:19.705,1.01795,1.0182,1.00,4.80
2008.06.30 06:31:20.200,1.018,1.01825,4.80,1.00
2008.06.30 06:31:31.248,1.01795,1.01825,1.00,5.40
2008.06.30 06:31:31.596,1.01795,1.0183,1.00,10.20
2008.06.30 06:31:31.738,1.018,1.01835,4.80,8.10
2008.06.30 06:31:31.883,1.018,1.01835,4.80,8.60
2008.06.30 06:31:33.510,1.018,1.01825,4.80,1.00
2008.06.30 06:31:35.097,1.018,1.01825,4.80,1.00
2008.06.30 06:31:35.359,1.01805,1.0183,1.00,5.40
2008.06.30 06:31:35.549,1.01805,1.0183,1.00,4.80
2008.06.30 06:31:36.519,1.01805,1.0183,1.00,4.80
2008.06.30 06:31:36.786,1.0181,1.0184,4.80,8.20
2008.06.30 06:31:38.565,1.0181,1.0184,4.80,8.20
2008.06.30 06:31:39.556,1.0181,1.0184,7.60,5.40
2008.06.30 06:31:39.736,1.01815,1.0184,1.00,5.40
2008.06.30 06:31:40.064,1.0182,1.0184,4.80,1.00
2008.06.30 06:31:40.377,1.0182,1.0184,4.80,3.40
2008.06.30 06:31:41.151,1.0181,1.0184,4.80,8.20
2008.06.30 06:31:42.206,1.0181,1.01835,4.80,1.00
2008.06.30 06:31:42.854,1.018,1.0183,5.50,4.80
2008.06.30 06:31:43.377,1.018,1.01825,4.80,1.90
2008.06.30 06:31:43.583,1.0179,1.0182,4.80,8.20
2008.06.30 06:31:43.784,1.0179,1.0182,4.80,5.40
2008.06.30 06:31:44.615,1.0179,1.01815,4.80,1.00
2008.06.30 06:31:44.927,1.0179,1.0182,4.80,5.80
2008.06.30 06:31:45.469,1.0179,1.0182,4.80,8.20
2008.06.30 06:31:45.905,1.0179,1.0182,4.80,7.60
2008.06.30 06:31:46.196,1.0179,1.01815,4.80,1.00
2008.06.30 06:31:46.672,1.018,1.01815,4.80,1.00
2008.06.30 06:31:47.848,1.018,1.01825,4.80,1.50
2008.06.30 06:31:48.159,1.0179,1.0182,4.80,4.80
2008.06.30 06:31:48.416,1.018,1.01825,4.80,1.00
2008.06.30 06:31:48.739,1.0179,1.0182,4.80,5.40
2008.06.30 06:31:49.001,1.0179,1.0182,4.80,5.40
2008.06.30 06:31:50.035,1.01795,1.0182,1.00,5.40
2008.06.30 06:31:50.265,1.018,1.0182,4.80,1.00
2008.06.30 06:31:51.770,1.018,1.01825,4.80,1.00
2008.06.30 06:31:52.674,1.01805,1.01825,1.00,1.00
2008.06.30 06:31:53.234,1.0181,1.01835,4.80,1.90
2008.06.30 06:31:53.446,1.0181,1.0183,4.80,1.00
2008.06.30 06:31:53.691,1.018,1.0183,4.80,5.40
2008.06.30 06:31:55.405,1.018,1.0183,4.80,5.80
2008.06.30 06:31:55.665,1.01805,1.0183,1.00,5.80
2008.06.30 06:31:55.745,1.01805,1.0183,1.00,5.40
2008.06.30 06:31:56.254,1.018,1.0183,5.70,5.40
2008.06.30 06:31:56.351,1.018,1.0183,5.70,6.70
2008.06.30 06:31:56.601,1.0181,1.0183,4.80,1.90
2008.06.30 06:31:56.841,1.018,1.0183,7.60,6.70
2008.06.30 06:31:57.542,1.018,1.0183,5.50,6.10
2008.06.30 06:31:58.130,1.018,1.0183,4.80,4.80
2008.06.30 06:31:58.433,1.01805,1.0183,1.00,5.40
2008.06.30 06:31:58.733,1.0181,1.0183,4.80,1.30
2008.06.30 06:31:59.049,1.0181,1.0182,4.80,2.80
2008.06.30 06:31:59.482,1.018,1.01825,4.80,1.30
2008.06.30 06:31:59.734,1.018,1.0183,4.80,9.60
2008.06.30 06:31:59.982,1.018,1.0183,4.80,11.50
2008.06.30 06:32:00.470,1.018,1.01825,4.80,1.30
2008.06.30 06:32:00.936,1.018,1.0183,4.80,11.50
2008.06.30 06:32:05.846,1.018,1.0183,7.60,8.60
2008.06.30 06:32:08.742,1.018,1.0183,9.40,6.70
2008.06.30 06:32:08.858,1.018,1.0183,9.40,5.70
2008.06.30 06:32:08.962,1.0181,1.0183,2.80,5.70
2008.06.30 06:32:09.069,1.0181,1.01835,7.60,1.00
2008.06.30 06:32:09.169,1.0181,1.0184,7.60,8.60
2008.06.30 06:32:11.496,1.0181,1.0184,4.80,11.50
2008.06.30 06:32:11.677,1.0181,1.01835,4.80,1.30
2008.06.30 06:32:11.793,1.0181,1.01835,4.80,1.90
2008.06.30 06:32:11.925,1.0181,1.0183,4.80,2.80
2008.06.30 06:32:11.972,1.018,1.0183,7.40,7.60
2008.06.30 06:32:12.431,1.018,1.0183,7.40,9.00
2008.06.30 06:32:12.862,1.01805,1.0183,1.00,7.60
2008.06.30 06:32:13.216,1.0181,1.0183,2.80,4.80
2008.06.30 06:32:13.605,1.0181,1.0184,7.60,6.70
2008.06.30 06:32:16.460,1.0181,1.0184,4.80,9.60
2008.06.30 06:32:16.731,1.0181,1.0184,4.80,10.50
2008.06.30 06:32:16.799,1.0181,1.01835,4.80,1.00
2008.06.30 06:32:17.031,1.0181,1.0183,4.80,1.30
2008.06.30 06:32:17.288,1.018,1.0183,10.30,6.10
2008.06.30 06:32:20.679,1.0181,1.0183,4.80,1.30
2008.06.30 06:32:21.332,1.0181,1.01835,4.80,2.80
2008.06.30 06:32:22.607,1.0181,1.01835,4.80,1.90
2008.06.30 06:32:23.124,1.0181,1.01835,4.80,2.80
2008.06.30 06:32:23.282,1.0181,1.0183,4.80,1.30
2008.06.30 06:32:23.734,1.018,1.0183,10.30,6.10
2008.06.30 06:32:24.074,1.018,1.0183,10.30,4.80
2008.06.30 06:32:24.752,1.0181,1.01835,4.80,2.80
2008.06.30 06:32:27.486,1.0181,1.01835,4.80,1.00
2008.06.30 06:32:27.864,1.0181,1.0184,4.80,9.60
2008.06.30 06:32:28.039,1.0181,1.01835,4.80,1.30
2008.06.30 06:32:30.914,1.01805,1.0183,1.00,4.80
2008.06.30 06:32:33.352,1.018,1.0183,8.40,4.80
2008.06.30 06:32:33.686,1.0181,1.01835,4.80,1.90
2008.06.30 06:32:35.532,1.0181,1.0183,4.80,1.30
2008.06.30 06:32:36.161,1.018,1.0183,8.40,6.10
2008.06.30 06:32:37.743,1.018,1.0183,8.40,4.80
2008.06.30 06:32:38.199,1.01805,1.0183,1.00,4.80
2008.06.30 06:32:38.618,1.0181,1.01835,4.80,1.00
2008.06.30 06:32:41.814,1.0181,1.0183,4.80,1.30
2008.06.30 06:32:43.150,1.018,1.0183,8.40,6.10
2008.06.30 06:32:44.051,1.0181,1.0183,4.80,1.30
2008.06.30 06:32:44.412,1.0181,1.01825,4.80,1.30
2008.06.30 06:32:45.255,1.018,1.01825,4.80,1.30
2008.06.30 06:32:45.922,1.018,1.0182,4.80,2.80
2008.06.30 06:32:46.534,1.018,1.0182,4.80,1.30
2008.06.30 06:32:49.159,1.0179,1.0182,8.40,6.10
2008.06.30 06:32:49.353,1.0179,1.0182,8.40,4.80
2008.06.30 06:32:49.543,1.0179,1.0182,8.40,6.10
2008.06.30 06:32:49.735,1.018,1.0182,4.80,1.30
2008.06.30 06:32:49.938,1.0179,1.0182,8.40,6.10
2008.06.30 06:32:50.148,1.01795,1.0182,1.00,6.10
2008.06.30 06:32:50.359,1.018,1.0182,4.80,1.30
2008.06.30 06:32:52.902,1.018,1.0183,4.80,9.60
2008.06.30 06:32:54.116,1.018,1.0183,5.50,9.00
2008.06.30 06:32:54.935,1.0181,1.0183,4.80,4.20
2008.06.30 06:32:55.361,1.0181,1.0183,4.80,2.80
2008.06.30 06:32:55.800,1.0181,1.0183,4.80,4.20
2008.06.30 06:32:56.458,1.0181,1.01825,4.80,1.30
2008.06.30 06:32:57.157,1.018,1.01825,5.50,1.30
2008.06.30 06:32:58.007,1.018,1.0183,5.50,9.00
2008.06.30 06:32:58.231,1.018,1.0183,5.50,7.60
2008.06.30 06:32:58.437,1.0181,1.0183,4.80,2.80
2008.06.30 06:33:00.062,1.0181,1.0183,4.80,3.40
2008.06.30 06:33:00.266,1.018,1.0183,5.60,8.20
2008.06.30 06:33:00.535,1.0181,1.0183,2.80,5.40
2008.06.30 06:33:00.760,1.0181,1.0183,2.80,4.80
2008.06.30 06:33:00.967,1.0182,1.0184,4.80,1.00
2008.06.30 06:33:06.735,1.0182,1.01845,4.80,1.00
2008.06.30 06:33:07.458,1.0182,1.0184,4.80,1.30
2008.06.30 06:33:07.575,1.0182,1.0183,4.80,2.80
2008.06.30 06:33:07.956,1.0181,1.0184,7.60,4.80
2008.06.30 06:33:08.282,1.0181,1.0184,8.50,4.80
2008.06.30 06:33:08.802,1.0182,1.01845,4.80,1.00
2008.06.30 06:33:10.273,1.0182,1.0184,4.80,1.30
2008.06.30 06:33:11.004,1.0181,1.0184,8.40,4.80
2008.06.30 06:33:11.050,1.0181,1.0184,8.50,4.80
2008.06.30 06:33:11.140,1.0181,1.0184,8.40,6.10
2008.06.30 06:33:11.183,1.0181,1.0184,5.50,9.00
2008.06.30 06:33:11.363,1.0182,1.0184,4.80,4.20
2008.06.30 06:33:11.412,1.0182,1.01835,4.80,1.30
2008.06.30 06:33:11.757,1.0181,1.01835,4.80,1.30
2008.06.30 06:33:11.815,1.0181,1.01835,4.80,1.90
2008.06.30 06:33:13.504,1.0181,1.01835,4.80,1.00
2008.06.30 06:33:14.368,1.0181,1.01835,5.70,1.00
2008.06.30 06:33:14.767,1.0181,1.01835,6.70,1.00
2008.06.30 06:33:15.115,1.0181,1.01835,5.70,1.00
2008.06.30 06:33:15.352,1.0181,1.01835,4.80,1.00
2008.06.30 06:33:16.849,1.0181,1.0184,4.80,9.60
2008.06.30 06:33:16.970,1.0181,1.0183,4.80,1.30
2008.06.30 06:33:17.142,1.0181,1.0183,4.80,4.20
2008.06.30 06:33:17.460,1.018,1.0183,7.40,9.00
2008.06.30 06:33:19.442,1.0181,1.0183,1.00,9.00
2008.06.30 06:33:19.743,1.0181,1.0183,4.80,2.80
2008.06.30 06:33:27.210,1.018,1.0183,5.50,7.60
2008.06.30 06:33:27.476,1.018,1.0183,5.50,9.00
2008.06.30 06:33:27.702,1.018,1.0183,5.50,9.60
2008.06.30 06:33:28.118,1.018,1.0183,5.50,8.20
2008.06.30 06:33:28.473,1.018,1.0183,5.50,7.60
2008.06.30 06:33:29.030,1.0181,1.0183,4.80,2.80
2008.06.30 06:33:29.255,1.0181,1.0183,4.80,4.20
2008.06.30 06:33:29.889,1.018,1.0183,5.50,9.00
2008.06.30 06:33:32.842,1.018,1.0183,4.80,9.60
2008.06.30 06:33:32.931,1.01795,1.0182,1.60,4.80
2008.06.30 06:33:33.024,1.01795,1.0182,1.80,4.80
2008.06.30 06:33:33.566,1.018,1.0182,4.80,2.80
2008.06.30 06:33:35.099,1.018,1.0183,4.80,8.20
2008.06.30 06:33:35.532,1.018,1.01825,4.80,1.00
2008.06.30 06:33:39.289,1.018,1.0183,4.80,8.20
2008.06.30 06:33:43.440,1.018,1.01825,4.80,1.00
2008.06.30 06:33:44.504,1.018,1.01825,4.80,1.00
2008.06.30 06:33:44.738,1.018,1.01825,5.70,1.00
2008.06.30 06:33:44.827,1.018,1.0183,6.70,8.20
2008.06.30 06:33:44.914,1.018,1.0183,6.70,8.20
2008.06.30 06:33:45.007,1.0181,1.0183,4.80,3.40
2008.06.30 06:33:45.245,1.0181,1.01825,4.80,1.00
2008.06.30 06:33:45.381,1.018,1.01825,4.80,1.00
2008.06.30 06:33:47.098,1.018,1.0182,4.80,1.30
2008.06.30 06:33:47.348,1.018,1.0182,4.80,1.90
2008.06.30 06:33:47.749,1.0179,1.0182,7.60,6.70
2008.06.30 06:33:49.869,1.018,1.0182,4.80,1.90
2008.06.30 06:33:50.171,1.018,1.0181,4.80,2.80
2008.06.30 06:33:50.587,1.0179,1.0181,4.80,2.80
2008.06.30 06:33:51.928,1.0179,1.0181,4.80,4.20
2008.06.30 06:33:52.356,1.0179,1.0181,4.80,2.80
2008.06.30 06:33:52.458,1.0179,1.01815,4.80,2.80
2008.06.30 06:33:52.529,1.0178,1.0181,8.40,4.80
2008.06.30 06:33:52.690,1.0178,1.0181,8.40,5.40
2008.06.30 06:33:52.755,1.0179,1.0181,4.80,1.00
2008.06.30 06:33:53.047,1.0179,1.0181,4.80,3.40
2008.06.30 06:33:53.100,1.0179,1.0181,4.80,2.80
2008.06.30 06:33:53.788,1.0179,1.01815,4.80,1.00
2008.06.30 06:33:54.211,1.0179,1.0182,4.80,9.60
2008.06.30 06:33:54.859,1.0179,1.0182,4.80,8.20
2008.06.30 06:33:55.252,1.0179,1.0182,4.80,8.20
2008.06.30 06:33:55.938,1.0179,1.0182,8.50,4.80
2008.06.30 06:33:56.261,1.018,1.01825,4.80,1.00
2008.06.30 06:33:56.737,1.018,1.0183,4.80,9.60
2008.06.30 06:33:57.869,1.018,1.01825,4.80,1.90
2008.06.30 06:33:58.368,1.018,1.01825,4.80,1.00
2008.06.30 06:33:58.584,1.018,1.01815,4.80,1.30
2008.06.30 06:33:58.805,1.018,1.01815,4.80,1.90
2008.06.30 06:33:59.025,1.018,1.01815,4.80,1.00
2008.06.30 06:33:59.248,1.0179,1.0182,8.50,5.40
2008.06.30 06:33:59.726,1.01795,1.0182,1.00,4.80
2008.06.30 06:33:59.992,1.018,1.0183,4.80,8.20
2008.06.30 06:34:00.255,1.018,1.0183,5.50,7.60
2008.06.30 06:34:00.802,1.0181,1.0183,4.80,2.80
2008.06.30 06:34:01.103,1.0181,1.0182,4.80,1.30
2008.06.30 06:34:01.413,1.0181,1.01825,4.80,1.50
2008.06.30 06:34:01.491,1.0179,1.0182,8.50,4.80
2008.06.30 06:34:01.641,1.0179,1.0182,5.60,4.80
2008.06.30 06:34:01.933,1.018,1.0183,4.80,9.60
2008.06.30 06:34:02.480,1.018,1.0183,4.80,8.20
2008.06.30 06:34:02.711,1.018,1.0183,5.50,4.80
2008.06.30 06:34:02.958,1.018,1.0183,8.40,4.80
2008.06.30 06:34:03.177,1.0181,1.01835,4.80,1.00
2008.06.30 06:34:03.403,1.0181,1.0184,4.80,6.70
2008.06.30 06:34:03.825,1.0181,1.0184,4.80,9.60
2008.06.30 06:34:04.232,1.0181,1.01835,5.50,1.30
2008.06.30 06:34:04.415,1.0181,1.0183,4.80,2.80
2008.06.30 06:34:07.573,1.0181,1.0183,4.80,4.80
2008.06.30 06:34:08.082,1.018,1.0183,4.80,9.60
2008.06.30 06:34:08.593,1.0181,1.0183,4.80,4.20
2008.06.30 06:34:09.981,1.0181,1.01825,4.80,1.30
2008.06.30 06:34:10.543,1.0181,1.0183,4.80,6.10
2008.06.30 06:34:10.623,1.0181,1.0183,4.80,5.10
2008.06.30 06:34:10.823,1.01805,1.0183,1.00,9.00
2008.06.30 06:34:11.846,1.0181,1.0183,4.80,4.20
2008.06.30 06:34:12.131,1.0181,1.0183,4.80,2.80
2008.06.30 06:34:12.561,1.0181,1.0183,4.80,4.20
2008.06.30 06:34:13.054,1.0181,1.0183,4.80,2.80
2008.06.30 06:34:14.715,1.0181,1.0183,4.80,2.80
2008.06.30 06:34:14.931,1.0181,1.0184,7.60,5.40
2008.06.30 06:34:15.157,1.0181,1.0184,4.80,8.20
2008.06.30 06:34:15.390,1.0181,1.0184,5.50,9.00
2008.06.30 06:34:15.676,1.0182,1.0184,4.80,1.30
2008.06.30 06:34:16.138,1.0182,1.0184,4.80,4.20
2008.06.30 06:34:16.925,1.0181,1.0183,5.50,2.80
2008.06.30 06:34:17.380,1.0181,1.0183,4.80,2.80
2008.06.30 06:34:18.060,1.01805,1.0183,1.00,7.60
2008.06.30 06:34:21.650,1.01805,1.0183,1.00,4.80
2008.06.30 06:34:23.300,1.018,1.0183,8.40,4.80
2008.06.30 06:34:24.998,1.018,1.0183,8.50,4.80
2008.06.30 06:34:25.207,1.0181,1.0184,4.80,9.00
2008.06.30 06:34:25.621,1.0181,1.0184,4.80,9.90
2008.06.30 06:34:25.816,1.0181,1.01835,4.80,1.90
2008.06.30 06:34:26.010,1.0181,1.01835,4.80,1.00
2008.06.30 06:34:26.234,1.0181,1.0184,8.40,5.70
2008.06.30 06:34:26.436,1.0181,1.0184,8.40,4.80
2008.06.30 06:34:27.167,1.0181,1.01835,8.40,1.30
2008.06.30 06:34:27.365,1.0181,1.01835,7.60,1.30
2008.06.30 06:34:27.554,1.0181,1.0184,7.60,7.30
2008.06.30 06:34:27.817,1.0181,1.0184,7.60,6.30
2008.06.30 06:34:28.065,1.0181,1.0184,8.40,4.80
2008.06.30 06:34:30.063,1.0181,1.01835,5.50,1.30
2008.06.30 06:34:30.325,1.01815,1.0184,1.00,7.60
2008.06.30 06:34:30.574,1.01815,1.0184,1.00,2.80
2008.06.30 06:34:30.810,1.0182,1.0184,5.50,2.80
2008.06.30 06:34:31.493,1.0182,1.0185,5.50,13.80
2008.06.30 06:34:31.959,1.0182,1.0185,5.50,9.00
2008.06.30 06:34:32.179,1.0182,1.0185,8.40,6.10
2008.06.30 06:34:32.368,1.0182,1.0185,5.50,9.00
2008.06.30 06:34:32.556,1.0182,1.01845,4.80,1.30
2008.06.30 06:34:33.045,1.0181,1.0184,5.50,4.80
2008.06.30 06:34:33.663,1.0181,1.01835,5.50,1.30
2008.06.30 06:34:33.911,1.0181,1.01835,4.80,1.30
2008.06.30 06:34:34.625,1.01815,1.0184,1.00,4.80
2008.06.30 06:34:34.942,1.0181,1.0184,8.80,4.80
2008.06.30 06:34:35.078,1.0182,1.01845,4.80,1.90
2008.06.30 06:34:35.711,1.0181,1.0184,8.40,4.80
2008.06.30 06:34:36.142,1.0181,1.0184,8.50,4.80
2008.06.30 06:34:36.869,1.01815,1.0184,1.00,4.80
2008.06.30 06:34:37.147,1.0182,1.01845,4.80,1.00
2008.06.30 06:34:37.313,1.0182,1.0185,4.80,9.60
2008.06.30 06:34:38.405,1.0182,1.0185,5.50,10.90
2008.06.30 06:34:38.752,1.0182,1.0185,5.50,10.50
2008.06.30 06:34:39.143,1.01825,1.0185,1.00,6.30
2008.06.30 06:34:39.336,1.0183,1.0186,4.80,8.70
2008.06.30 06:34:39.536,1.0183,1.0186,4.80,10.00
2008.06.30 06:34:40.075,1.01835,1.0186,1.00,8.20
2008.06.30 06:34:40.231,1.01835,1.0186,1.00,4.80
2008.06.30 06:34:40.386,1.01835,1.0186,1.00,4.80
2008.06.30 06:34:40.696,1.0184,1.0186,2.80,4.80
2008.06.30 06:34:40.908,1.0184,1.0187,7.60,6.70
2008.06.30 06:34:41.542,1.0184,1.01865,7.60,1.30
2008.06.30 06:34:41.866,1.0184,1.01865,4.80,1.90
2008.06.30 06:34:42.510,1.0184,1.0186,4.80,1.30
2008.06.30 06:34:43.182,1.0184,1.0187,4.80,6.70
2008.06.30 06:34:43.874,1.0184,1.01855,4.80,1.30
2008.06.30 06:34:44.471,1.01835,1.01855,1.00,1.30
2008.06.30 06:34:46.261,1.01835,1.01855,1.60,1.30
2008.06.30 06:34:46.481,1.01835,1.0186,1.60,6.10
2008.06.30 06:34:47.120,1.01835,1.0186,1.60,4.80
2008.06.30 06:34:47.288,1.01835,1.0186,1.60,6.10
2008.06.30 06:34:47.408,1.0184,1.0186,4.80,1.30
2008.06.30 06:34:47.552,1.0184,1.01855,4.80,1.30
2008.06.30 06:34:47.759,1.01835,1.01855,1.00,1.30
2008.06.30 06:34:48.155,1.01835,1.01855,1.60,1.30
2008.06.30 06:34:48.877,1.01835,1.0186,1.00,6.10
2008.06.30 06:34:49.243,1.01835,1.01855,1.00,1.30
2008.06.30 06:34:49.532,1.01835,1.0186,1.00,6.10
2008.06.30 06:34:50.070,1.0184,1.0186,4.80,1.30
2008.06.30 06:34:50.822,1.0184,1.01865,4.80,1.30
2008.06.30 06:34:51.003,1.0184,1.01855,4.80,1.30
2008.06.30 06:34:52.277,1.0184,1.0185,4.80,1.30
2008.06.30 06:34:52.540,1.0183,1.0185,5.50,1.30
2008.06.30 06:34:52.804,1.0183,1.0185,4.80,1.30
2008.06.30 06:34:53.302,1.01825,1.0185,1.00,6.10
2008.06.30 06:34:55.645,1.01825,1.0185,1.00,7.60
2008.06.30 06:34:56.297,1.0183,1.0185,4.80,2.80
2008.06.30 06:34:56.628,1.0183,1.0185,4.80,4.20
2008.06.30 06:34:57.027,1.0183,1.0185,4.80,4.80
2008.06.30 06:34:57.269,1.0182,1.0185,7.40,9.60
2008.06.30 06:34:57.815,1.0182,1.0185,7.40,9.00
2008.06.30 06:34:59.390,1.0182,1.0185,6.40,9.00
2008.06.30 06:34:59.505,1.0182,1.0185,5.50,9.00
2008.06.30 06:35:02.976,1.01825,1.0185,1.00,9.00
2008.06.30 06:35:04.834,1.0182,1.0185,5.50,9.00
2008.06.30 06:35:05.254,1.0182,1.0185,9.30,6.10
2008.06.30 06:35:05.446,1.0183,1.0185,4.80,1.30
2008.06.30 06:35:05.631,1.0183,1.01855,4.80,1.30
2008.06.30 06:35:07.771,1.0183,1.0186,4.80,9.60
2008.06.30 06:35:08.342,1.0184,1.0186,4.80,4.80
2008.06.30 06:35:08.766,1.0184,1.0186,4.80,4.20
2008.06.30 06:35:10.255,1.0184,1.01865,4.80,1.00
2008.06.30 06:35:10.707,1.0184,1.01865,4.80,1.90
2008.06.30 06:35:11.615,1.0184,1.01865,4.80,1.00
2008.06.30 06:35:11.838,1.0184,1.0187,4.80,5.40
2008.06.30 06:35:12.059,1.0185,1.0187,4.80,1.00
2008.06.30 06:35:12.200,1.0185,1.01875,4.80,1.90
2008.06.30 06:35:12.516,1.0185,1.0187,4.80,1.30
2008.06.30 06:35:13.105,1.0184,1.0187,5.50,6.10
2008.06.30 06:35:13.713,1.0185,1.0187,4.80,1.30
2008.06.30 06:35:15.695,1.0185,1.01865,4.80,1.30
2008.06.30 06:35:15.903,1.0184,1.01865,5.50,1.30
2008.06.30 06:35:17.525,1.0184,1.01865,8.40,1.30
2008.06.30 06:35:17.776,1.0184,1.0187,8.40,5.40
2008.06.30 06:35:17.902,1.0184,1.0187,8.40,4.80
2008.06.30 06:35:18.153,1.0185,1.01875,4.80,1.90
2008.06.30 06:35:18.691,1.0185,1.0187,4.80,1.30
2008.06.30 06:35:18.992,1.0185,1.01865,4.80,1.30
2008.06.30 06:35:19.295,1.0184,1.01865,5.50,1.30
2008.06.30 06:35:19.649,1.0184,1.01865,4.80,1.30
2008.06.30 06:35:21.323,1.0184,1.0187,4.80,5.40
2008.06.30 06:35:21.670,1.0184,1.0187,7.60,5.40
2008.06.30 06:35:21.841,1.0185,1.0187,4.80,1.00
2008.06.30 06:35:23.989,1.0185,1.01875,4.80,1.90
2008.06.30 06:35:24.180,1.0185,1.0187,4.80,1.30
2008.06.30 06:35:24.948,1.0185,1.0187,4.80,1.90
2008.06.30 06:35:25.526,1.0185,1.0187,4.80,1.00
2008.06.30 06:35:25.753,1.0184,1.0187,4.80,5.40
2008.06.30 06:35:26.192,1.0184,1.0187,5.50,4.80
2008.06.30 06:35:26.444,1.0184,1.0187,8.40,4.80
2008.06.30 06:35:26.954,1.0185,1.01875,4.80,1.90
2008.06.30 06:35:29.475,1.0185,1.01875,5.50,1.30
2008.06.30 06:35:29.673,1.0185,1.0188,5.50,4.80
2008.06.30 06:35:29.872,1.0186,1.01885,4.80,1.90
2008.06.30 06:35:30.486,1.0186,1.01885,4.80,1.30
2008.06.30 06:35:32.283,1.0186,1.01885,4.80,1.90
2008.06.30 06:35:38.578,1.0186,1.01885,4.80,1.00
2008.06.30 06:35:38.801,1.0186,1.0189,4.80,5.40
2008.06.30 06:35:39.158,1.0186,1.0189,5.50,4.80
2008.06.30 06:35:39.510,1.0187,1.01895,4.80,1.90
2008.06.30 06:35:39.929,1.0187,1.019,4.80,9.60
2008.06.30 06:35:40.081,1.0187,1.01895,4.80,1.30
2008.06.30 06:35:41.259,1.0187,1.019,5.50,8.20
2008.06.30 06:35:41.607,1.0188,1.019,4.80,3.40
2008.06.30 06:35:41.979,1.0187,1.019,5.50,8.20
2008.06.30 06:35:42.153,1.0187,1.019,8.40,5.40
2008.06.30 06:35:42.520,1.0187,1.019,5.50,8.20
2008.06.30 06:35:42.700,1.0187,1.01895,5.50,1.30
2008.06.30 06:35:43.757,1.0187,1.01895,4.80,1.30
2008.06.30 06:35:44.109,1.0187,1.01895,8.40,1.30
2008.06.30 06:35:44.319,1.0187,1.01895,7.60,1.30
2008.06.30 06:35:44.878,1.0187,1.0189,4.80,4.20
2008.06.30 06:35:45.075,1.0187,1.0189,4.80,2.80
2008.06.30 06:35:45.430,1.0187,1.019,4.80,9.60
2008.06.30 06:35:45.777,1.0187,1.019,4.80,6.70
2008.06.30 06:35:46.169,1.0187,1.019,4.80,9.60
2008.06.30 06:35:46.456,1.0187,1.019,7.60,5.40
2008.06.30 06:35:46.758,1.0187,1.019,8.40,5.40
2008.06.30 06:35:47.476,1.0187,1.019,8.40,4.80
2008.06.30 06:35:47.780,1.0188,1.01905,4.80,1.90
2008.06.30 06:35:49.955,1.0188,1.019,4.80,1.00
2008.06.30 06:35:50.289,1.0187,1.019,8.40,5.40
2008.06.30 06:35:50.463,1.0187,1.019,8.40,4.80
2008.06.30 06:35:50.626,1.0187,1.019,6.40,4.80
2008.06.30 06:35:50.789,1.0188,1.01905,4.80,1.90
2008.06.30 06:35:51.999,1.0188,1.0191,4.80,6.70
2008.06.30 06:35:52.351,1.0188,1.0191,7.60,5.40
2008.06.30 06:35:52.571,1.0188,1.0191,8.50,4.80
2008.06.30 06:35:52.851,1.0189,1.0192,4.80,9.60
2008.06.30 06:35:52.995,1.0189,1.01915,4.80,1.00
2008.06.30 06:35:53.404,1.0189,1.0192,4.80,10.50
2008.06.30 06:35:53.755,1.0189,1.0191,4.80,2.80
2008.06.30 06:35:54.106,1.0189,1.0192,4.80,9.60
2008.06.30 06:36:01.238,1.01885,1.0192,4.80,8.20
2008.06.30 06:36:02.012,1.0189,1.0192,9.60,3.40
2008.06.30 06:36:02.303,1.0189,1.0192,9.60,4.80
2008.06.30 06:36:02.871,1.01885,1.0192,6.40,10.00
2008.06.30 06:36:03.401,1.01885,1.0192,5.50,9.60
2008.06.30 06:36:05.130,1.01885,1.0192,5.50,10.00
2008.06.30 06:36:05.702,1.01885,1.0192,5.50,9.60
2008.06.30 06:36:14.419,1.01885,1.0192,6.40,9.60
2008.06.30 06:36:14.890,1.01885,1.0192,6.40,9.00
2008.06.30 06:36:15.652,1.01885,1.0192,6.10,9.00
2008.06.30 06:36:16.512,1.0189,1.0192,5.20,9.00
2008.06.30 06:36:18.844,1.01885,1.0192,6.10,10.00
2008.06.30 06:36:19.612,1.0189,1.0192,4.80,10.00
2008.06.30 06:36:19.936,1.0189,1.0192,4.80,11.00
2008.06.30 06:36:20.105,1.0189,1.01915,4.80,2.40
2008.06.30 06:36:21.140,1.0189,1.0191,4.80,2.40
2008.06.30 06:36:21.340,1.0189,1.0191,4.80,5.20
2008.06.30 06:36:21.616,1.0188,1.0191,4.80,10.00
2008.06.30 06:36:21.891,1.0188,1.0191,4.80,10.50
2008.06.30 06:36:25.458,1.0188,1.0191,4.80,10.00
2008.06.30 06:36:25.512,1.0188,1.01905,4.80,1.30
2008.06.30 06:36:25.672,1.0188,1.01905,4.80,2.40
2008.06.30 06:36:25.723,1.0187,1.019,8.00,6.10
2008.06.30 06:36:26.076,1.0187,1.019,7.60,7.20
2008.06.30 06:36:26.182,1.0187,1.01895,7.60,1.00
2008.06.30 06:36:26.229,1.0187,1.019,7.60,7.20
2008.06.30 06:36:26.730,1.0188,1.019,4.80,2.40
2008.06.30 06:36:27.047,1.0187,1.01895,4.80,1.00
2008.06.30 06:36:27.656,1.0187,1.019,4.80,7.20
2008.06.30 06:36:30.220,1.0187,1.019,7.60,7.20
2008.06.30 06:36:30.888,1.0188,1.019,4.80,2.40
2008.06.30 06:36:31.238,1.0187,1.019,7.60,7.20
2008.06.30 06:36:31.586,1.0187,1.01895,7.60,1.00
2008.06.30 06:36:32.690,1.0187,1.01895,8.60,1.00
2008.06.30 06:36:32.845,1.0188,1.019,1.00,4.80
2008.06.30 06:36:33.017,1.0188,1.019,3.20,4.80
2008.06.30 06:36:33.598,1.0189,1.01915,4.80,2.40
2008.06.30 06:36:35.074,1.0189,1.0191,4.80,2.80
2008.06.30 06:36:35.630,1.0189,1.01915,4.80,2.40
2008.06.30 06:36:35.918,1.0189,1.0191,4.80,4.20
2008.06.30 06:36:39.124,1.0189,1.0191,4.80,5.20
2008.06.30 06:36:39.559,1.0188,1.0191,4.80,10.00
2008.06.30 06:36:40.989,1.0188,1.01905,4.80,2.40
2008.06.30 06:36:42.715,1.0188,1.01905,4.80,1.30
2008.06.30 06:36:42.893,1.0188,1.01905,7.60,1.30
2008.06.30 06:36:43.036,1.0188,1.0191,7.60,7.20
2008.06.30 06:36:43.417,1.0188,1.01905,7.60,1.30
2008.06.30 06:36:44.307,1.0188,1.0191,7.60,7.20
2008.06.30 06:36:44.491,1.0188,1.0191,5.10,9.00
2008.06.30 06:36:44.854,1.0188,1.0191,5.10,7.60
2008.06.30 06:36:45.038,1.0188,1.0191,6.10,7.60
2008.06.30 06:36:45.216,1.0189,1.0191,4.80,2.80
2008.06.30 06:36:45.832,1.0189,1.0191,4.80,5.10
2008.06.30 06:36:46.022,1.0189,1.0191,4.80,4.20
2008.06.30 06:36:46.210,1.0189,1.01905,4.80,1.00
2008.06.30 06:36:46.680,1.0189,1.0191,4.80,4.20
2008.06.30 06:36:48.197,1.0189,1.0191,4.80,5.20
2008.06.30 06:36:48.431,1.0188,1.0191,6.70,10.00
2008.06.30 06:36:49.202,1.0188,1.0191,6.70,8.60
2008.06.30 06:36:49.648,1.0188,1.0191,7.00,8.60
2008.06.30 06:36:49.864,1.01885,1.0191,1.00,7.60
2008.06.30 06:36:50.042,1.0189,1.0191,1.00,4.80
2008.06.30 06:36:50.219,1.0189,1.0192,5.10,7.60
2008.06.30 06:36:51.018,1.0189,1.01915,5.10,1.30
2008.06.30 06:36:51.211,1.0189,1.01915,4.80,1.30
2008.06.30 06:36:51.342,1.0189,1.0191,4.80,2.80
2008.06.30 06:36:51.711,1.01885,1.0191,1.00,7.60
2008.06.30 06:36:53.402,1.0189,1.0191,4.80,2.80
2008.06.30 06:36:53.802,1.0189,1.0191,4.80,4.20
2008.06.30 06:36:54.187,1.0189,1.01905,4.80,1.30
2008.06.30 06:36:54.431,1.0189,1.0191,4.80,5.20
2008.06.30 06:36:54.679,1.0188,1.01905,5.10,1.30
2008.06.30 06:36:55.169,1.0188,1.0191,5.10,10.00
2008.06.30 06:36:56.902,1.0188,1.0191,8.00,7.20
2008.06.30 06:36:57.086,1.0188,1.0191,8.00,5.70
2008.06.30 06:36:57.171,1.0188,1.0191,9.90,5.70
2008.06.30 06:36:57.672,1.0188,1.0191,7.00,8.60
2008.06.30 06:36:58.389,1.0188,1.0191,7.00,10.00
2008.06.30 06:36:58.659,1.0188,1.0191,9.90,7.20
2008.06.30 06:36:59.189,1.0188,1.0191,7.00,7.20
2008.06.30 06:36:59.368,1.0188,1.0191,6.10,7.20
2008.06.30 06:36:59.556,1.0188,1.01905,5.10,1.30
2008.06.30 06:36:59.742,1.0188,1.01905,4.80,1.30
2008.06.30 06:36:59.923,1.0188,1.01895,4.80,1.30
2008.06.30 06:37:00.294,1.0187,1.01895,9.60,1.30
2008.06.30 06:37:01.181,1.0187,1.01895,8.60,1.30
2008.06.30 06:37:01.632,1.0187,1.01895,7.60,1.30
2008.06.30 06:37:04.597,1.0187,1.019,7.60,5.70
2008.06.30 06:37:04.950,1.01875,1.019,1.00,4.80
2008.06.30 06:37:05.108,1.0188,1.01905,4.80,1.30
2008.06.30 06:37:06.153,1.0188,1.0191,7.00,7.60
2008.06.30 06:37:06.396,1.0188,1.0191,7.00,9.00
2008.06.30 06:37:06.633,1.01885,1.0191,1.00,6.10
2008.06.30 06:37:06.850,1.0189,1.0191,4.80,1.30
2008.06.30 06:37:08.771,1.0189,1.0192,5.10,10.00
2008.06.30 06:37:09.272,1.0189,1.01915,5.10,1.30
2008.06.30 06:37:09.528,1.0189,1.0191,5.10,2.80
2008.06.30 06:37:09.815,1.0189,1.0191,4.80,4.20
2008.06.30 06:37:11.355,1.0187,1.0191,17.60,9.00
2008.06.30 06:37:12.544,1.0187,1.0191,17.60,10.00
2008.06.30 06:37:14.387,1.01875,1.0191,5.20,8.60
2008.06.30 06:37:14.612,1.0188,1.0191,5.20,7.60
2008.06.30 06:37:14.830,1.0188,1.0191,10.00,4.80
2008.06.30 06:37:15.176,1.01885,1.01915,5.20,1.30
2008.06.30 06:37:17.075,1.01885,1.01905,5.20,1.30
2008.06.30 06:37:17.442,1.0188,1.0191,11.80,4.20
2008.06.30 06:37:17.805,1.01875,1.0191,7.10,9.00
2008.06.30 06:37:18.316,1.0188,1.0191,7.20,9.00
2008.06.30 06:37:20.809,1.01885,1.0191,1.00,7.60
2008.06.30 06:37:21.423,1.0189,1.0191,4.80,4.20
2008.06.30 06:37:22.166,1.01885,1.0191,1.00,9.00
2008.06.30 06:37:25.312,1.01885,1.01905,1.00,1.30
2008.06.30 06:37:25.641,1.0188,1.01905,7.00,1.30
2008.06.30 06:37:32.194,1.0188,1.01905,5.10,1.30
2008.06.30 06:37:44.069,1.0188,1.01905,4.80,1.30
2008.06.30 06:37:49.307,1.0188,1.01905,7.60,1.30
2008.06.30 06:37:49.687,1.0188,1.01905,8.00,1.30
2008.06.30 06:37:49.885,1.0188,1.0191,8.00,7.20
2008.06.30 06:37:51.708,1.0188,1.01905,8.00,1.30
2008.06.30 06:37:51.826,1.0188,1.01905,5.10,1.30
2008.06.30 06:37:53.292,1.0188,1.01905,8.00,1.30
2008.06.30 06:37:53.438,1.0188,1.0191,8.00,7.20
2008.06.30 06:37:53.874,1.0188,1.0191,8.00,6.10
2008.06.30 06:37:54.106,1.0188,1.0191,9.90,4.80
2008.06.30 06:37:54.676,1.0188,1.01905,9.90,1.30
2008.06.30 06:37:55.024,1.0188,1.01905,7.00,1.30
2008.06.30 06:37:55.187,1.0188,1.01905,6.70,1.30
2008.06.30 06:37:55.506,1.0188,1.0191,7.60,7.20
2008.06.30 06:37:56.970,1.0188,1.01905,4.80,1.30
2008.06.30 06:38:06.236,1.0188,1.01905,4.80,2.40
2008.06.30 06:38:07.651,1.0188,1.01905,5.10,2.40
2008.06.30 06:38:07.764,1.0188,1.01905,8.00,1.00
2008.06.30 06:38:07.883,1.0188,1.01905,9.00,1.00
2008.06.30 06:38:08.003,1.0188,1.0191,9.90,6.10
2008.06.30 06:38:08.592,1.0188,1.01905,6.70,1.30
2008.06.30 06:38:08.952,1.0188,1.01905,5.70,1.30
2008.06.30 06:38:09.304,1.0188,1.01905,4.80,2.40
2008.06.30 06:38:09.532,1.0188,1.0191,4.80,10.00
2008.06.30 06:38:09.764,1.0188,1.0191,9.60,7.20
2008.06.30 06:38:09.992,1.0188,1.0191,9.60,5.70
2008.06.30 06:38:10.225,1.01885,1.0191,1.00,4.80
2008.06.30 06:38:10.451,1.0189,1.01915,4.80,2.20
2008.06.30 06:38:10.775,1.0189,1.01905,4.80,1.30
2008.06.30 06:38:11.235,1.0189,1.0191,4.80,1.30
2008.06.30 06:38:11.390,1.01885,1.0191,1.00,6.10
2008.06.30 06:38:12.364,1.01885,1.01905,1.00,1.30
2008.06.30 06:38:12.636,1.0188,1.01905,4.80,1.30
2008.06.30 06:38:20.349,1.0188,1.01895,4.80,1.30
2008.06.30 06:38:21.149,1.0187,1.01895,8.00,1.30
2008.06.30 06:38:28.228,1.0187,1.01885,5.10,1.30
2008.06.30 06:38:28.458,1.0186,1.01885,5.10,1.30
2008.06.30 06:38:28.906,1.0186,1.01885,4.80,1.30
2008.06.30 06:38:29.519,1.0186,1.0188,4.80,2.80
2008.06.30 06:38:30.458,1.0185,1.0188,5.10,7.60
2008.06.30 06:38:31.079,1.0185,1.0188,5.10,9.00
2008.06.30 06:38:39.634,1.0185,1.0188,8.00,6.10
2008.06.30 06:38:39.905,1.01855,1.0188,1.00,4.80
2008.06.30 06:38:40.084,1.0186,1.0189,4.80,10.00
2008.06.30 06:38:43.945,1.0186,1.0189,4.80,8.60
2008.06.30 06:38:44.210,1.0186,1.0189,4.80,5.70
2008.06.30 06:38:44.526,1.0187,1.0189,4.80,1.00
2008.06.30 06:38:45.186,1.0187,1.0189,4.80,2.40
2008.06.30 06:38:45.473,1.0186,1.0189,4.80,7.20
2008.06.30 06:38:47.827,1.0186,1.0189,4.80,5.70
2008.06.30 06:38:48.274,1.0187,1.0189,4.80,1.00
2008.06.30 06:38:50.057,1.0186,1.0189,4.80,5.70
2008.06.30 06:38:50.566,1.0187,1.0189,4.80,2.40
2008.06.30 06:38:51.813,1.0186,1.0189,4.80,8.60
2008.06.30 06:38:52.384,1.0186,1.0189,4.80,5.70
2008.06.30 06:38:52.693,1.0187,1.0189,4.80,3.80
2008.06.30 06:38:53.002,1.0186,1.0189,4.80,8.60
2008.06.30 06:38:53.315,1.0186,1.0189,4.80,4.80
2008.06.30 06:38:53.563,1.0187,1.0189,4.80,1.30
2008.06.30 06:38:53.813,1.0187,1.0189,4.80,2.40
2008.06.30 06:38:54.343,1.0186,1.0189,4.80,5.70
2008.06.30 06:38:54.833,1.01865,1.0189,1.00,5.70
2008.06.30 06:38:55.135,1.0187,1.0189,1.00,4.80
2008.06.30 06:38:55.330,1.0187,1.019,5.10,5.70
2008.06.30 06:38:56.380,1.0187,1.019,4.80,7.20
2008.06.30 06:38:56.606,1.0187,1.01895,4.80,1.00
2008.06.30 06:38:58.064,1.0187,1.01895,4.80,2.40
2008.06.30 06:38:58.612,1.0187,1.0189,4.80,5.20
2008.06.30 06:38:58.909,1.0187,1.0189,4.80,4.20
2008.06.30 06:38:59.049,1.0186,1.0189,5.10,9.00
2008.06.30 06:38:59.357,1.0186,1.0189,5.10,10.00
2008.06.30 06:39:00.186,1.0186,1.0189,5.10,9.00
2008.06.30 06:39:01.943,1.0186,1.0189,5.10,7.60
2008.06.30 06:39:02.260,1.0186,1.0189,5.10,4.80
2008.06.30 06:39:02.420,1.01865,1.0189,1.00,4.80
2008.06.30 06:39:04.420,1.01865,1.01885,1.00,1.30
2008.06.30 06:39:04.621,1.0186,1.01885,5.10,1.30
2008.06.30 06:39:04.858,1.0186,1.01885,4.80,1.30
2008.06.30 06:39:07.259,1.0186,1.0189,4.80,7.20
2008.06.30 06:39:07.448,1.0186,1.0189,5.10,6.10
2008.06.30 06:39:07.833,1.0186,1.0189,5.10,4.80
2008.06.30 06:39:08.771,1.0186,1.0189,5.10,7.60
2008.06.30 06:39:08.960,1.0186,1.01885,5.10,1.30
2008.06.30 06:39:09.151,1.0186,1.01885,4.80,1.30
2008.06.30 06:39:09.857,1.0186,1.01885,5.10,1.30
2008.06.30 06:39:19.471,1.0186,1.0189,5.10,5.70
2008.06.30 06:39:19.586,1.01865,1.0189,1.00,4.80
2008.06.30 06:39:19.970,1.0187,1.01885,4.80,1.30
2008.06.30 06:39:20.908,1.0187,1.0189,4.80,1.30
2008.06.30 06:39:20.986,1.0187,1.01895,4.80,2.40
2008.06.30 06:39:21.064,1.0186,1.0189,5.10,4.80
2008.06.30 06:39:21.339,1.0186,1.0189,4.80,4.80
2008.06.30 06:39:21.543,1.0186,1.01885,4.80,1.30
2008.06.30 06:39:26.816,1.0186,1.01885,4.80,2.40
2008.06.30 06:39:26.974,1.0186,1.0188,4.80,1.30
2008.06.30 06:39:27.189,1.0185,1.0188,5.10,6.10
2008.06.30 06:39:27.232,1.0185,1.01875,5.10,1.30
2008.06.30 06:39:27.638,1.0185,1.01875,4.80,1.30
2008.06.30 06:39:28.883,1.0185,1.0188,4.80,7.20
2008.06.30 06:39:29.252,1.0185,1.01875,4.80,1.30
2008.06.30 06:39:29.997,1.0185,1.0188,4.80,5.70
2008.06.30 06:39:30.186,1.0185,1.0188,5.10,5.70
2008.06.30 06:39:30.654,1.0186,1.0188,4.80,1.00
2008.06.30 06:39:31.912,1.0185,1.0188,4.80,5.70
2008.06.30 06:39:32.093,1.0185,1.01875,4.80,1.30
2008.06.30 06:39:33.561,1.0185,1.0188,4.80,5.70
2008.06.30 06:39:33.830,1.0185,1.0188,5.10,4.80
2008.06.30 06:39:37.171,1.01855,1.0188,1.00,4.80
2008.06.30 06:39:37.391,1.0185,1.0188,5.10,4.80
2008.06.30 06:39:37.829,1.0186,1.01885,4.80,2.40
2008.06.30 06:39:43.350,1.0186,1.01885,4.80,1.00
2008.06.30 06:39:43.710,1.0186,1.0188,4.80,2.80
2008.06.30 06:39:44.249,1.0186,1.01885,4.80,2.40
2008.06.30 06:40:07.598,1.0186,1.01885,4.80,1.30
2008.06.30 06:40:08.297,1.0186,1.0189,4.80,10.00
2008.06.30 06:40:08.546,1.0186,1.01885,4.80,1.00
2008.06.30 06:40:12.033,1.0186,1.01885,4.80,2.40
2008.06.30 06:40:12.723,1.0186,1.0188,4.80,1.30
2008.06.30 06:40:12.832,1.0186,1.0188,4.80,5.20
2008.06.30 06:40:13.246,1.0185,1.0188,5.10,7.20
2008.06.30 06:40:13.559,1.0185,1.0188,5.10,6.10
2008.06.30 06:40:14.131,1.0185,1.0188,5.10,4.80
2008.06.30 06:40:14.792,1.0185,1.0188,5.10,4.80
2008.06.30 06:40:14.931,1.01855,1.0188,1.00,4.80
2008.06.30 06:40:15.201,1.0186,1.01885,4.80,1.00
2008.06.30 06:40:15.473,1.0186,1.0189,5.10,6.10
2008.06.30 06:40:20.241,1.0186,1.0189,7.00,4.80
2008.06.30 06:40:20.584,1.01865,1.0189,1.00,4.80
2008.06.30 06:40:20.812,1.0187,1.019,4.80,7.20
2008.06.30 06:40:21.163,1.0187,1.019,4.80,10.00
2008.06.30 06:40:21.234,1.0187,1.019,18.20,7.20
2008.06.30 06:40:21.494,1.01875,1.019,1.30,4.80
2008.06.30 06:40:21.751,1.0188,1.01905,4.80,1.30
2008.06.30 06:40:22.009,1.0188,1.01905,5.10,1.30
2008.06.30 06:40:23.085,1.0188,1.0191,8.00,6.10
2008.06.30 06:40:24.288,1.0188,1.01905,8.00,1.30
2008.06.30 06:40:24.443,1.0188,1.01905,4.80,1.30
2008.06.30 06:40:25.320,1.0187,1.019,4.80,8.60
2008.06.30 06:40:25.620,1.0187,1.019,7.00,8.60
2008.06.30 06:40:25.922,1.0187,1.019,6.70,4.80
2008.06.30 06:40:26.272,1.01875,1.019,1.00,4.80
2008.06.30 06:40:26.434,1.0188,1.0191,5.70,7.60
2008.06.30 06:40:26.589,1.0188,1.0191,6.70,8.60
2008.06.30 06:40:26.748,1.0188,1.0191,6.70,10.00
2008.06.30 06:40:26.907,1.0188,1.0191,5.70,10.00
2008.06.30 06:40:27.066,1.0188,1.0191,4.80,10.00
2008.06.30 06:40:27.228,1.0188,1.01905,4.80,1.30
2008.06.30 06:40:27.389,1.0188,1.019,4.80,2.80
2008.06.30 06:40:27.845,1.0188,1.01895,4.80,1.30
2008.06.30 06:40:28.301,1.0187,1.01895,7.00,1.30
2008.06.30 06:40:29.090,1.0187,1.019,7.00,4.80
2008.06.30 06:40:29.816,1.0188,1.01905,4.80,2.40
2008.06.30 06:40:30.301,1.0188,1.01905,4.80,1.00
2008.06.30 06:40:30.508,1.0188,1.0191,4.80,10.00
2008.06.30 06:40:30.817,1.0188,1.0191,4.80,11.00
2008.06.30 06:40:30.976,1.0188,1.01905,4.80,1.00
2008.06.30 06:40:31.595,1.0188,1.0191,4.80,10.00
2008.06.30 06:40:31.947,1.0188,1.01905,4.80,1.00
2008.06.30 06:40:32.565,1.0188,1.0191,4.80,8.60
2008.06.30 06:40:32.746,1.0188,1.0191,4.80,10.00
2008.06.30 06:40:33.086,1.0189,1.0191,4.80,5.20
2008.06.30 06:40:33.212,1.0188,1.0191,4.80,10.00
2008.06.30 06:40:33.539,1.0188,1.01905,4.80,1.00
2008.06.30 06:40:33.766,1.0188,1.01905,4.80,2.40
2008.06.30 06:40:34.847,1.0188,1.019,4.80,1.30
2008.06.30 06:40:35.237,1.0187,1.019,8.00,4.80
2008.06.30 06:40:35.657,1.0188,1.0191,4.80,10.00
2008.06.30 06:40:36.196,1.0188,1.0191,4.80,8.60
2008.06.30 06:40:36.487,1.0188,1.0191,8.00,4.80
2008.06.30 06:40:36.958,1.0189,1.01915,4.80,2.40
2008.06.30 06:40:38.226,1.0188,1.0191,5.10,4.80
2008.06.30 06:40:38.606,1.0188,1.0191,5.10,6.10
2008.06.30 06:40:38.758,1.0189,1.0191,4.80,1.30
2008.06.30 06:40:39.048,1.0188,1.0191,5.10,6.10
2008.06.30 06:40:39.796,1.0188,1.0191,4.80,7.20
2008.06.30 06:40:40.039,1.0188,1.01905,4.80,1.30
2008.06.30 06:40:40.255,1.0188,1.0191,5.10,5.70
2008.06.30 06:40:40.470,1.0188,1.0191,5.10,7.20
2008.06.30 06:40:40.680,1.0188,1.01905,5.10,1.30
2008.06.30 06:40:40.888,1.0189,1.01905,4.80,1.30
2008.06.30 06:40:41.099,1.0188,1.01905,5.10,1.30
2008.06.30 06:40:41.248,1.0188,1.0191,5.10,7.20
2008.06.30 06:40:42.739,1.0188,1.0191,5.10,5.70
2008.06.30 06:40:42.960,1.01885,1.0191,1.00,5.70
2008.06.30 06:40:43.176,1.0189,1.01915,4.80,1.00
2008.06.30 06:40:43.582,1.0189,1.0191,4.80,5.20
2008.06.30 06:40:43.926,1.0188,1.01905,4.80,1.30
2008.06.30 06:40:44.274,1.0188,1.01905,4.80,2.40
2008.06.30 06:40:44.525,1.0188,1.01905,4.80,1.30
2008.06.30 06:40:45.784,1.0188,1.0191,4.80,7.20
2008.06.30 06:40:45.996,1.0188,1.0191,4.80,9.00
2008.06.30 06:40:46.477,1.0188,1.0191,4.80,10.00
2008.06.30 06:40:47.245,1.0188,1.0191,5.10,9.00
2008.06.30 06:40:47.325,1.01885,1.0191,1.00,4.80
2008.06.30 06:40:47.555,1.0188,1.0191,9.00,4.80
2008.06.30 06:40:47.791,1.0189,1.01915,4.80,1.00
2008.06.30 06:40:48.027,1.0189,1.0192,4.80,10.00
2008.06.30 06:40:48.268,1.0189,1.0191,4.80,2.80
2008.06.30 06:40:48.888,1.0188,1.019,4.80,4.80
2008.06.30 06:40:49.180,1.0188,1.019,1.90,5.70
2008.06.30 06:40:49.756,1.0188,1.019,1.90,4.80
2008.06.30 06:40:49.994,1.0188,1.0191,6.70,10.00
2008.06.30 06:40:50.614,1.0189,1.0191,2.80,7.20
2008.06.30 06:40:50.851,1.01895,1.0191,1.00,6.10
2008.06.30 06:40:51.104,1.019,1.0191,4.80,1.30
2008.06.30 06:40:51.363,1.019,1.0193,4.80,11.00
2008.06.30 06:40:51.613,1.019,1.0193,4.80,10.00
2008.06.30 06:40:51.861,1.019,1.0193,5.10,9.00
2008.06.30 06:40:52.151,1.019,1.0193,5.10,7.60
2008.06.30 06:40:52.442,1.019,1.0193,8.60,8.10
2008.06.30 06:40:52.732,1.0191,1.0193,4.80,2.40
2008.06.30 06:40:53.076,1.019,1.0193,9.00,6.10
2008.06.30 06:40:53.249,1.01905,1.0193,1.00,4.80
2008.06.30 06:40:53.491,1.0191,1.0193,1.00,4.80
2008.06.30 06:40:53.675,1.0191,1.01925,1.90,1.30
2008.06.30 06:40:53.871,1.0191,1.0193,1.90,6.10
2008.06.30 06:40:54.093,1.0191,1.0193,1.00,6.10
2008.06.30 06:40:54.433,1.019,1.0193,9.60,6.10
2008.06.30 06:40:54.777,1.01905,1.0193,1.00,4.80
2008.06.30 06:40:55.119,1.0191,1.01935,4.80,1.00
2008.06.30 06:40:58.452,1.0191,1.01935,4.50,1.00
2008.06.30 06:41:00.200,1.0191,1.01935,4.50,2.40
2008.06.30 06:41:00.347,1.0191,1.01935,4.50,1.00
2008.06.30 06:41:00.453,1.0191,1.0194,4.50,14.80
2008.06.30 06:41:00.878,1.01905,1.0193,1.30,4.80
2008.06.30 06:41:01.094,1.01905,1.0193,1.30,6.10
2008.06.30 06:41:01.192,1.01905,1.0193,1.00,6.10
2008.06.30 06:41:01.300,1.0191,1.0193,4.80,1.30
2008.06.30 06:41:01.989,1.0191,1.0194,4.80,10.00
2008.06.30 06:41:02.353,1.0191,1.0194,5.10,10.00
2008.06.30 06:41:02.591,1.0191,1.01935,4.80,2.40
2008.06.30 06:41:02.801,1.0191,1.0193,4.80,1.30
2008.06.30 06:41:03.630,1.01905,1.0193,1.30,6.10
2008.06.30 06:41:03.900,1.01905,1.0193,1.30,4.80
2008.06.30 06:41:04.110,1.0191,1.0194,5.10,9.00
2008.06.30 06:41:05.182,1.0191,1.0194,5.10,7.60
2008.06.30 06:41:05.861,1.0192,1.0194,2.80,4.80
2008.06.30 06:41:06.047,1.0192,1.01945,8.00,1.30
2008.06.30 06:41:06.208,1.0192,1.0194,5.10,2.80
2008.06.30 06:41:06.441,1.0192,1.0195,5.10,7.60
2008.06.30 06:41:06.590,1.0193,1.01955,7.60,1.30
2008.06.30 06:41:07.021,1.0193,1.01955,8.00,1.30
2008.06.30 06:41:07.177,1.0193,1.0196,8.00,6.10
2008.06.30 06:41:07.748,1.01935,1.0196,1.00,6.10
2008.06.30 06:41:08.041,1.0194,1.01955,4.80,1.30
2008.06.30 06:41:08.340,1.0194,1.0196,4.80,1.30
2008.06.30 06:41:09.207,1.0194,1.0196,5.10,1.30
2008.06.30 06:41:09.571,1.0194,1.0196,4.80,1.30
2008.06.30 06:41:10.838,1.0194,1.01965,5.70,1.00
2008.06.30 06:41:11.039,1.0194,1.0197,6.70,7.60
2008.06.30 06:41:11.240,1.0195,1.0197,4.80,2.80
2008.06.30 06:41:11.441,1.0195,1.01965,4.80,1.30
2008.06.30 06:41:11.689,1.0195,1.01965,4.80,2.40
2008.06.30 06:41:12.228,1.0194,1.01965,4.80,2.40
2008.06.30 06:41:13.219,1.0194,1.01965,5.10,1.30
2008.06.30 06:41:13.918,1.0194,1.0197,5.10,9.00
2008.06.30 06:41:14.150,1.01945,1.0197,1.00,5.70
2008.06.30 06:41:14.339,1.0195,1.0197,3.20,4.80
2008.06.30 06:41:14.815,1.0195,1.01975,4.80,1.30
2008.06.30 06:41:15.177,1.0195,1.0197,4.80,2.80
2008.06.30 06:41:15.592,1.0195,1.0196,4.80,2.80
2008.06.30 06:41:15.942,1.01935,1.0196,5.10,2.80
2008.06.30 06:41:16.122,1.0194,1.0196,1.00,2.80
2008.06.30 06:41:16.304,1.0194,1.0196,1.00,2.80
2008.06.30 06:41:16.493,1.0194,1.01975,1.00,7.20
2008.06.30 06:41:16.684,1.01945,1.01975,4.80,2.40
2008.06.30 06:41:16.943,1.0194,1.01975,1.00,7.20
2008.06.30 06:41:17.215,1.01945,1.0197,4.80,1.30
2008.06.30 06:41:17.394,1.01945,1.01975,5.10,1.30
2008.06.30 06:41:18.667,1.0195,1.01975,1.00,1.30
2008.06.30 06:41:18.895,1.0195,1.01975,5.10,1.30
2008.06.30 06:41:19.578,1.0195,1.0198,5.10,6.10
2008.06.30 06:41:20.381,1.0196,1.0198,4.80,1.30
2008.06.30 06:41:21.216,1.0196,1.01975,4.80,1.30
2008.06.30 06:41:22.292,1.0196,1.0198,4.80,1.30
2008.06.30 06:41:22.651,1.0195,1.0198,5.10,6.10
2008.06.30 06:41:23.002,1.0195,1.0197,5.10,2.80
2008.06.30 06:41:23.587,1.0195,1.0197,4.80,2.80
2008.06.30 06:41:26.451,1.01945,1.0197,1.00,7.60
2008.06.30 06:41:26.766,1.01945,1.0197,1.00,7.60
2008.06.30 06:41:27.247,1.0195,1.0198,4.80,8.60
2008.06.30 06:41:27.496,1.0195,1.0198,8.00,4.80
2008.06.30 06:41:27.744,1.0196,1.01985,4.80,1.00
2008.06.30 06:41:28.242,1.0196,1.01985,7.60,1.00
2008.06.30 06:41:28.772,1.0196,1.01985,4.80,1.00
2008.06.30 06:41:29.044,1.0196,1.01985,4.50,1.00
2008.06.30 06:41:29.204,1.0196,1.01985,7.40,1.00
2008.06.30 06:41:29.375,1.0196,1.0199,7.40,7.20
2008.06.30 06:41:30.137,1.0196,1.01985,4.50,1.00
2008.06.30 06:41:30.389,1.0196,1.0198,4.50,1.30
2008.06.30 06:41:30.635,1.0195,1.0198,4.80,7.20
2008.06.30 06:41:31.368,1.0195,1.01975,4.80,1.30
2008.06.30 06:41:32.865,1.0195,1.0197,4.80,1.30
2008.06.30 06:41:33.078,1.0195,1.0197,4.80,4.20
2008.06.30 06:41:33.656,1.0195,1.0197,4.80,5.20
2008.06.30 06:41:33.840,1.0194,1.0197,4.80,10.00
2008.06.30 06:41:37.770,1.0194,1.0197,4.80,12.90
2008.06.30 06:41:38.023,1.0194,1.01965,4.80,1.30
2008.06.30 06:41:38.151,1.0194,1.01965,4.80,2.40
2008.06.30 06:41:38.284,1.0194,1.0196,4.80,1.30
2008.06.30 06:41:38.663,1.0193,1.0196,8.00,6.10
2008.06.30 06:41:39.281,1.0193,1.0196,8.00,4.80
2008.06.30 06:41:39.596,1.01935,1.0196,1.00,4.80
2008.06.30 06:41:40.165,1.0194,1.0197,4.80,12.00
2008.06.30 06:41:40.394,1.0194,1.0197,4.80,11.00
2008.06.30 06:41:40.621,1.0194,1.0197,4.80,10.00
2008.06.30 06:41:40.842,1.0194,1.0197,4.80,8.60
2008.06.30 06:41:41.032,1.0195,1.0197,4.80,3.80
2008.06.30 06:41:41.266,1.0195,1.0197,4.80,5.20
2008.06.30 06:41:41.457,1.0195,1.01965,4.80,1.30
2008.06.30 06:41:41.651,1.0194,1.0197,4.80,12.00
2008.06.30 06:41:42.300,1.0194,1.0197,5.10,9.60
2008.06.30 06:41:42.541,1.0194,1.0197,7.00,7.60
2008.06.30 06:41:42.785,1.0195,1.0197,4.80,2.80
2008.06.30 06:41:43.294,1.0195,1.0197,4.80,4.20
2008.06.30 06:41:43.553,1.0194,1.01965,4.80,1.30
2008.06.30 06:41:44.272,1.0194,1.01965,5.10,1.30
2008.06.30 06:41:44.797,1.0194,1.0197,5.10,9.60
2008.06.30 06:41:45.010,1.01945,1.0197,1.00,8.60
2008.06.30 06:41:45.291,1.01945,1.0197,1.00,5.70
2008.06.30 06:41:45.586,1.0195,1.01975,4.80,2.40
2008.06.30 06:41:45.861,1.0195,1.01975,4.80,1.00
2008.06.30 06:41:46.147,1.0195,1.0198,4.80,10.00
2008.06.30 06:41:46.322,1.0195,1.0198,4.80,8.60
2008.06.30 06:41:46.499,1.0195,1.0198,4.80,10.00
2008.06.30 06:41:46.678,1.0195,1.01975,4.80,1.30
2008.06.30 06:41:46.916,1.0195,1.0197,4.80,2.80
2008.06.30 06:41:47.994,1.0195,1.0198,4.80,8.60
2008.06.30 06:41:48.321,1.0195,1.0198,8.00,4.80
2008.06.30 06:41:48.474,1.0195,1.0198,5.10,7.60
2008.06.30 06:41:48.779,1.0195,1.0198,8.00,4.80
2008.06.30 06:41:50.883,1.0196,1.01985,4.80,2.40
2008.06.30 06:41:51.064,1.0196,1.01985,4.80,1.00
2008.06.30 06:41:52.589,1.0196,1.01985,8.60,1.00
2008.06.30 06:41:52.839,1.0196,1.0199,9.60,5.70
2008.06.30 06:41:53.328,1.0196,1.0199,9.90,4.80
2008.06.30 06:41:53.580,1.0196,1.0199,8.00,4.80
2008.06.30 06:41:53.804,1.01965,1.0199,1.00,4.80
2008.06.30 06:41:54.260,1.0197,1.02,5.10,7.60
2008.06.30 06:41:57.618,1.0197,1.02,5.10,7.60
2008.06.30 06:41:58.084,1.01975,1.02,1.00,7.60
2008.06.30 06:42:00.897,1.01975,1.0199,1.00,1.00
2008.06.30 06:42:00.991,1.01975,1.0199,1.00,2.20
2008.06.30 06:42:01.082,1.0197,1.0199,4.80,2.20
2008.06.30 06:42:01.303,1.0197,1.0199,4.80,3.20
2008.06.30 06:42:01.398,1.0197,1.0199,4.80,1.90
2008.06.30 06:42:01.492,1.0196,1.0199,8.00,6.70
2008.06.30 06:42:01.593,1.0196,1.0199,5.10,5.70
2008.06.30 06:42:01.685,1.0196,1.0199,5.10,4.80
2008.06.30 06:42:01.788,1.01965,1.0199,1.00,4.80
2008.06.30 06:42:02.036,1.0197,1.01995,4.80,1.00
2008.06.30 06:42:06.590,1.0197,1.02,4.80,10.50
2008.06.30 06:42:07.165,1.0197,1.01995,4.80,1.00
2008.06.30 06:42:07.437,1.0197,1.01995,4.80,1.90
2008.06.30 06:42:07.776,1.01965,1.0199,1.00,4.80
2008.06.30 06:42:08.123,1.0197,1.01995,4.80,1.90
2008.06.30 06:42:08.877,1.0197,1.0199,4.80,1.00
2008.06.30 06:42:09.304,1.0196,1.0199,7.60,5.70
2008.06.30 06:42:09.522,1.0196,1.01975,7.60,1.00
2008.06.30 06:42:12.589,1.0196,1.01975,8.00,1.00
2008.06.30 06:42:15.807,1.01965,1.01975,1.00,1.00
2008.06.30 06:42:15.931,1.0196,1.01975,8.00,1.00
2008.06.30 06:42:16.062,1.0197,1.01975,4.80,1.00
2008.06.30 06:42:16.685,1.0196,1.01975,8.00,1.00
2008.06.30 06:42:17.364,1.0196,1.01975,7.60,1.00
2008.06.30 06:42:17.693,1.0196,1.01975,4.80,1.00
2008.06.30 06:42:22.359,1.0195,1.01975,8.00,1.00
2008.06.30 06:42:22.729,1.0195,1.01975,5.10,1.00
2008.06.30 06:42:23.609,1.0195,1.01975,8.00,1.00
2008.06.30 06:42:24.160,1.0195,1.01975,5.10,1.00
2008.06.30 06:42:24.725,1.0195,1.0197,5.10,2.80
2008.06.30 06:42:25.054,1.0195,1.01975,8.00,1.00
2008.06.30 06:42:26.381,1.0196,1.01975,4.80,1.00
2008.06.30 06:42:30.969,1.0195,1.01975,8.00,1.00
2008.06.30 06:42:31.811,1.0195,1.01975,8.00,1.00
2008.06.30 06:42:32.049,1.0196,1.01975,4.80,1.00
2008.06.30 06:42:35.120,1.0196,1.01975,7.60,1.00
2008.06.30 06:42:35.370,1.0196,1.01975,9.90,1.00
2008.06.30 06:42:35.736,1.0197,1.01975,4.80,1.00
2008.06.30 06:42:38.585,1.0197,1.01975,5.70,1.00
2008.06.30 06:42:39.036,1.0197,1.01975,5.70,1.00
2008.06.30 06:42:39.179,1.0198,1.02,2.80,6.50
2008.06.30 06:42:39.650,1.0198,1.02,3.80,2.80
2008.06.30 06:42:41.875,1.0197,1.02,3.80,8.60
2008.06.30 06:42:41.979,1.0197,1.02,3.80,10.00
2008.06.30 06:42:43.927,1.0197,1.02,6.70,7.20
2008.06.30 06:42:44.276,1.0197,1.02,7.00,6.10
2008.06.30 06:42:44.965,1.0197,1.02,4.20,9.00
2008.06.30 06:42:45.168,1.0197,1.02,3.80,10.00
2008.06.30 06:42:45.555,1.0197,1.02,4.80,10.00
2008.06.30 06:42:45.754,1.01975,1.02,1.00,9.00
2008.06.30 06:42:45.954,1.0198,1.02,3.80,4.20
2008.06.30 06:42:46.055,1.0198,1.02,3.80,2.80
2008.06.30 06:42:46.517,1.0197,1.02,4.20,7.60
2008.06.30 06:42:50.513,1.01975,1.02,1.00,7.60
2008.06.30 06:42:50.640,1.0198,1.02,2.80,4.80
2008.06.30 06:42:50.984,1.0198,1.02005,6.70,1.90
2008.06.30 06:42:53.353,1.0198,1.02005,3.80,1.90
2008.06.30 06:42:53.544,1.0198,1.02005,3.80,3.30
2008.06.30 06:42:55.332,1.0198,1.02005,6.70,3.30
2008.06.30 06:42:55.494,1.0198,1.02005,6.70,1.90
2008.06.30 06:42:56.037,1.0198,1.02005,3.80,3.30
2008.06.30 06:42:56.135,1.0198,1.02,3.80,1.00
2008.06.30 06:42:56.419,1.0198,1.02,3.80,3.80
2008.06.30 06:42:56.531,1.0197,1.02,4.80,8.60
2008.06.30 06:42:56.652,1.0197,1.02,4.80,11.00
2008.06.30 06:42:56.815,1.0197,1.01995,4.80,1.00
2008.06.30 06:42:57.074,1.0197,1.01995,4.80,2.40
2008.06.30 06:42:57.334,1.0197,1.0199,4.80,1.00
2008.06.30 06:42:57.593,1.0197,1.0199,4.80,6.10
2008.06.30 06:42:57.905,1.0197,1.0199,4.80,4.20
2008.06.30 06:42:58.160,1.0196,1.0199,4.80,9.00
2008.06.30 06:42:58.373,1.0196,1.0199,5.10,9.00
2008.06.30 06:42:59.939,1.0196,1.0199,5.10,7.60
2008.06.30 06:43:00.101,1.0196,1.0199,8.00,4.80
2008.06.30 06:43:00.510,1.0196,1.0199,8.00,4.80
2008.06.30 06:43:00.771,1.0197,1.02,4.80,12.00
2008.06.30 06:43:01.034,1.0197,1.02,4.80,10.50
2008.06.30 06:43:01.292,1.0197,1.02,7.60,5.70
2008.06.30 06:43:01.555,1.0197,1.02,4.80,5.70
2008.06.30 06:43:01.880,1.0198,1.02,4.80,1.00
2008.06.30 06:43:01.996,1.0197,1.02,4.80,5.70
2008.06.30 06:43:02.980,1.0197,1.02,4.80,7.20
2008.06.30 06:43:04.662,1.0197,1.02,4.80,10.00
2008.06.30 06:43:04.915,1.0197,1.01995,4.80,1.00
2008.06.30 06:43:05.957,1.0197,1.01995,4.80,1.00
2008.06.30 06:43:06.212,1.0197,1.02,5.10,5.70
2008.06.30 06:43:06.470,1.0197,1.02,5.10,5.70
2008.06.30 06:43:06.912,1.0197,1.02,4.80,5.70
2008.06.30 06:43:07.016,1.0198,1.02,4.80,1.00
2008.06.30 06:43:07.254,1.0197,1.02,4.80,5.70
2008.06.30 06:43:09.318,1.0197,1.02,4.80,8.60
2008.06.30 06:43:09.518,1.0197,1.02,4.80,12.90
2008.06.30 06:43:09.720,1.0197,1.01995,4.80,1.00
2008.06.30 06:43:10.338,1.0197,1.01995,4.80,1.90
2008.06.30 06:43:10.560,1.0197,1.01995,4.80,3.30
2008.06.30 06:43:10.778,1.01965,1.0199,1.00,4.80
2008.06.30 06:43:10.998,1.0196,1.0199,8.00,4.80
2008.06.30 06:43:13.908,1.0196,1.0199,5.10,7.60
2008.06.30 06:43:14.017,1.0196,1.0199,5.10,9.60
2008.06.30 06:43:14.124,1.0196,1.0199,5.10,10.50
2008.06.30 06:43:14.255,1.0196,1.0199,4.80,11.50
2008.06.30 06:43:14.472,1.0196,1.0198,4.80,1.00
2008.06.30 06:43:15.134,1.0195,1.0198,7.60,5.70
2008.06.30 06:43:15.350,1.0195,1.0198,7.60,4.80
2008.06.30 06:43:15.616,1.0195,1.0198,7.60,4.80
2008.06.30 06:43:15.870,1.0195,1.0198,8.00,4.80
2008.06.30 06:43:16.225,1.0196,1.01985,4.80,1.00
2008.06.30 06:43:16.702,1.0196,1.01985,7.60,1.00
2008.06.30 06:43:17.148,1.0196,1.0199,7.60,5.70
2008.06.30 06:43:19.437,1.0196,1.01985,4.80,1.00
2008.06.30 06:43:21.068,1.0196,1.01985,7.60,1.00
2008.06.30 06:43:21.216,1.0196,1.0199,7.60,5.70
2008.06.30 06:43:22.150,1.0196,1.0199,4.80,8.60
2008.06.30 06:43:22.260,1.0196,1.0199,4.80,10.00
2008.06.30 06:43:22.370,1.0196,1.01985,4.80,1.00
2008.06.30 06:43:25.497,1.0196,1.01985,4.80,2.40
2008.06.30 06:43:29.695,1.0196,1.0198,4.80,1.00
2008.06.30 06:43:29.887,1.0196,1.01985,4.80,3.30
2008.06.30 06:43:30.046,1.0195,1.0198,8.00,4.80
2008.06.30 06:43:30.211,1.0196,1.01985,4.80,3.30
2008.06.30 06:43:30.418,1.0196,1.0198,4.80,1.00
2008.06.30 06:43:30.928,1.0195,1.0198,8.00,5.70
2008.06.30 06:43:32.652,1.0195,1.0198,8.00,5.70
2008.06.30 06:43:33.166,1.0195,1.0198,8.00,4.80
2008.06.30 06:43:33.487,1.0195,1.0198,8.00,4.80
2008.06.30 06:43:33.870,1.0196,1.01985,4.80,3.30
2008.06.30 06:43:34.317,1.0195,1.0198,8.00,4.80
2008.06.30 06:43:35.662,1.0195,1.0198,8.00,5.70
2008.06.30 06:43:35.955,1.0195,1.0198,7.60,7.60
2008.06.30 06:43:36.144,1.0195,1.0197,4.80,2.80
2008.06.30 06:43:36.757,1.0195,1.01975,4.80,1.90
2008.06.30 06:43:37.127,1.0195,1.0197,4.80,6.20
2008.06.30 06:43:37.438,1.0195,1.01965,4.80,1.30
2008.06.30 06:43:37.744,1.0194,1.0196,4.80,4.80
2008.06.30 06:43:38.093,1.0193,1.0196,4.80,5.70
2008.06.30 06:43:38.561,1.0193,1.0196,4.80,4.80
2008.06.30 06:43:38.801,1.0193,1.0196,5.10,4.80
2008.06.30 06:43:39.046,1.0193,1.0196,5.10,5.70
2008.06.30 06:43:39.276,1.01935,1.0196,1.00,4.80
2008.06.30 06:43:39.507,1.01935,1.0196,1.00,8.60
2008.06.30 06:43:39.840,1.0193,1.0196,17.60,5.70
2008.06.30 06:43:40.074,1.0194,1.01965,4.80,1.30
2008.06.30 06:43:40.404,1.0194,1.0197,4.80,12.00
2008.06.30 06:43:41.042,1.0194,1.0197,5.10,12.00
2008.06.30 06:43:41.701,1.0194,1.0197,4.80,12.00
2008.06.30 06:43:43.924,1.0194,1.0197,8.00,5.70
2008.06.30 06:43:44.235,1.0195,1.01975,4.80,1.00
2008.06.30 06:43:44.619,1.0195,1.0196,4.80,1.00
2008.06.30 06:43:44.814,1.0195,1.0196,4.80,3.20
2008.06.30 06:43:45.015,1.0195,1.01955,4.80,1.30
2008.06.30 06:43:45.213,1.0194,1.01955,2.80,1.30
2008.06.30 06:43:45.682,1.0193,1.0196,14.70,8.10
2008.06.30 06:43:45.968,1.0193,1.0196,14.70,6.10
2008.06.30 06:43:46.298,1.0193,1.0196,4.80,6.10
2008.06.30 06:43:46.590,1.0193,1.0196,4.80,7.20
2008.06.30 06:43:46.746,1.0193,1.01955,4.80,1.30
2008.06.30 06:43:47.155,1.0193,1.0196,4.80,7.20
2008.06.30 06:43:47.311,1.0193,1.0196,4.80,10.00
2008.06.30 06:43:48.710,1.0193,1.01955,4.80,1.30
2008.06.30 06:43:51.035,1.0193,1.0195,4.80,1.30
2008.06.30 06:43:51.253,1.0193,1.0195,4.80,5.20
2008.06.30 06:43:51.581,1.0193,1.01945,4.80,1.30
2008.06.30 06:43:51.703,1.0192,1.0194,4.80,2.80
2008.06.30 06:43:54.280,1.0192,1.0194,4.80,4.20
2008.06.30 06:43:55.428,1.0192,1.0194,4.80,2.80
2008.06.30 06:43:56.238,1.0192,1.0194,4.80,3.80
2008.06.30 06:43:56.673,1.0192,1.01935,4.80,1.30
2008.06.30 06:43:57.230,1.0191,1.01935,4.80,2.40
2008.06.30 06:43:57.671,1.0191,1.01935,4.80,1.30
2008.06.30 06:43:58.407,1.0191,1.01935,4.80,2.40
2008.06.30 06:43:58.542,1.0191,1.01935,4.80,1.30
2008.06.30 06:44:01.814,1.0191,1.01935,4.80,2.20
2008.06.30 06:44:02.460,1.0191,1.01935,4.80,3.30
2008.06.30 06:44:03.495,1.0191,1.01935,4.80,2.40
2008.06.30 06:44:03.787,1.0191,1.01935,4.80,1.30
2008.06.30 06:44:03.948,1.0191,1.0194,4.80,10.00
2008.06.30 06:44:05.097,1.0192,1.0194,4.80,5.20
2008.06.30 06:44:05.956,1.0192,1.0194,4.80,4.20
2008.06.30 06:44:06.526,1.0192,1.01935,4.80,1.30
2008.06.30 06:44:06.840,1.0192,1.0194,4.80,5.20
2008.06.30 06:44:10.153,1.0192,1.0194,4.80,3.80
2008.06.30 06:44:10.828,1.0192,1.0194,4.80,2.80
2008.06.30 06:44:13.757,1.0192,1.0193,4.80,1.30
2008.06.30 06:44:14.274,1.01905,1.0193,1.00,6.10
2008.06.30 06:44:14.596,1.01905,1.0193,1.00,4.80
2008.06.30 06:44:15.237,1.0191,1.0194,4.80,7.20
2008.06.30 06:44:15.535,1.0191,1.0194,5.10,6.10
2008.06.30 06:44:15.833,1.0192,1.0194,4.80,1.30
2008.06.30 06:44:16.761,1.0192,1.01935,4.80,1.30
2008.06.30 06:44:17.026,1.0191,1.01935,8.00,1.30
2008.06.30 06:44:17.317,1.0191,1.01935,5.10,1.30
2008.06.30 06:44:20.640,1.0191,1.01935,4.80,1.30
2008.06.30 06:44:21.648,1.0191,1.0193,4.80,2.80
2008.06.30 06:44:21.993,1.019,1.0193,5.10,7.60
2008.06.30 06:44:22.839,1.019,1.0193,5.10,7.60
2008.06.30 06:44:23.450,1.019,1.0193,5.10,9.00
2008.06.30 06:44:24.195,1.019,1.0193,4.80,10.00
2008.06.30 06:44:24.315,1.019,1.0193,4.80,9.00
2008.06.30 06:44:24.447,1.019,1.01925,4.80,1.00
2008.06.30 06:44:24.574,1.019,1.01925,4.80,2.40
2008.06.30 06:44:24.856,1.01895,1.0192,1.00,4.80
2008.06.30 06:44:25.451,1.019,1.0192,4.80,2.80
2008.06.30 06:44:26.792,1.019,1.0192,4.80,4.20
2008.06.30 06:44:26.930,1.019,1.0192,4.80,5.20
2008.06.30 06:44:28.163,1.019,1.0191,4.80,1.30
2008.06.30 06:44:28.643,1.0189,1.0191,4.80,1.30
2008.06.30 06:44:28.816,1.0189,1.0192,4.80,19.60
2008.06.30 06:44:28.985,1.0189,1.0192,4.80,10.00
2008.06.30 06:44:31.408,1.0189,1.0192,5.10,9.00
2008.06.30 06:44:33.176,1.019,1.0192,4.80,4.20
2008.06.30 06:44:33.879,1.0189,1.0192,5.10,7.60
2008.06.30 06:44:34.400,1.019,1.0192,4.80,2.80
2008.06.30 06:44:36.928,1.019,1.01925,4.80,1.00
2008.06.30 06:44:37.389,1.019,1.0193,4.80,9.10
2008.06.30 06:44:38.067,1.019,1.0192,4.80,1.00
2008.06.30 06:44:38.304,1.019,1.01925,4.80,1.90
2008.06.30 06:44:38.704,1.019,1.01925,4.80,3.30
2008.06.30 06:44:38.877,1.0189,1.0192,8.00,4.80
2008.06.30 06:44:39.047,1.0189,1.0192,8.00,5.70
2008.06.30 06:44:39.603,1.0189,1.0192,8.00,5.70
2008.06.30 06:44:39.905,1.0189,1.0192,9.60,5.70
2008.06.30 06:44:40.194,1.019,1.01925,4.80,2.40
2008.06.30 06:44:40.490,1.019,1.0193,9.60,5.70
2008.06.30 06:44:40.760,1.0191,1.0193,4.80,1.00
2008.06.30 06:44:41.022,1.0191,1.01935,4.80,2.40
2008.06.30 06:44:41.290,1.0191,1.01935,4.80,1.00
2008.06.30 06:44:41.625,1.0191,1.01935,7.60,1.00
2008.06.30 06:44:41.818,1.0192,1.01945,4.80,2.40
2008.06.30 06:44:42.010,1.0192,1.01945,8.00,1.30
2008.06.30 06:44:42.576,1.0192,1.0194,4.80,1.30
2008.06.30 06:44:43.339,1.0191,1.01935,7.00,1.30
2008.06.30 06:44:43.634,1.0191,1.01935,5.10,1.30
2008.06.30 06:44:43.827,1.0191,1.0194,5.10,9.00
2008.06.30 06:44:44.034,1.01915,1.0194,1.00,4.80
2008.06.30 06:44:44.949,1.0192,1.0195,4.80,6.10
2008.06.30 06:44:45.302,1.0193,1.0194,4.80,1.30
2008.06.30 06:44:46.000,1.0192,1.0194,4.80,1.30
2008.06.30 06:44:50.446,1.0192,1.01945,4.80,1.00
2008.06.30 06:44:50.712,1.01925,1.0195,1.00,4.80
2008.06.30 06:44:50.971,1.0193,1.0195,4.80,1.00
2008.06.30 06:44:51.901,1.0193,1.01945,4.80,1.30
2008.06.30 06:44:52.270,1.0192,1.0194,4.80,1.30
2008.06.30 06:44:53.388,1.0192,1.0195,4.80,6.10
2008.06.30 06:44:53.582,1.0192,1.0195,5.10,6.10
2008.06.30 06:44:53.781,1.0193,1.01955,4.80,2.40
2008.06.30 06:44:54.162,1.0193,1.01955,4.80,1.30
2008.06.30 06:44:54.492,1.0193,1.01955,4.80,2.40
2008.06.30 06:44:54.815,1.0193,1.01955,5.70,1.00
2008.06.30 06:44:55.135,1.0193,1.0196,6.70,7.20
2008.06.30 06:44:57.889,1.0193,1.0196,5.70,7.20
2008.06.30 06:44:58.094,1.0193,1.0196,4.80,7.20
2008.06.30 06:44:58.277,1.0193,1.01945,4.80,1.30
2008.06.30 06:44:58.595,1.0193,1.0195,4.80,1.30
2008.06.30 06:44:59.510,1.0192,1.0195,5.10,6.10
2008.06.30 06:45:00.155,1.0192,1.0195,5.10,4.80
2008.06.30 06:45:00.734,1.0192,1.0195,5.10,6.10
2008.06.30 06:45:01.274,1.0192,1.0195,8.00,6.10
2008.06.30 06:45:01.643,1.0192,1.0195,7.60,7.20
2008.06.30 06:45:01.869,1.0192,1.0195,4.80,14.80
2008.06.30 06:45:03.903,1.0192,1.01945,4.80,1.00
2008.06.30 06:45:10.480,1.0192,1.0195,7.60,7.60
2008.06.30 06:45:10.832,1.0192,1.0194,4.80,1.00
2008.06.30 06:45:11.244,1.0192,1.0194,4.80,2.80
2008.06.30 06:45:11.391,1.0192,1.0194,4.80,1.90
2008.06.30 06:45:11.541,1.0192,1.0195,4.80,7.20
2008.06.30 06:45:11.691,1.0193,1.0195,4.80,2.40
2008.06.30 06:45:12.009,1.0193,1.0195,4.80,1.30
2008.06.30 06:45:13.868,1.0193,1.0194,4.80,1.30
2008.06.30 06:45:14.706,1.0192,1.0194,4.80,1.30
2008.06.30 06:45:16.921,1.0192,1.01945,4.80,1.30
2008.06.30 06:45:18.867,1.0192,1.01945,5.10,1.30
2008.06.30 06:45:19.419,1.0192,1.0194,5.10,1.30
2008.06.30 06:45:19.570,1.0192,1.0194,4.80,1.30
2008.06.30 06:45:19.720,1.01915,1.0194,1.00,6.10
2008.06.30 06:45:20.517,1.0192,1.0194,4.80,1.30
2008.06.30 06:45:20.780,1.01915,1.0194,1.00,6.10
2008.06.30 06:45:27.750,1.01915,1.0194,1.00,4.80
2008.06.30 06:45:28.136,1.0192,1.0194,2.80,4.80
2008.06.30 06:45:28.438,1.0192,1.0195,8.00,6.10
2008.06.30 06:45:29.038,1.0192,1.0194,4.80,1.30
2008.06.30 06:45:29.359,1.0192,1.01945,4.80,2.20
2008.06.30 06:45:29.534,1.0192,1.0194,4.80,1.30
2008.06.30 06:45:29.765,1.0191,1.0194,7.00,6.10
2008.06.30 06:45:30.117,1.0191,1.01935,7.00,1.30
2008.06.30 06:45:30.467,1.0192,1.01945,4.80,3.30
2008.06.30 06:45:30.816,1.0191,1.0194,7.00,6.10
2008.06.30 06:45:31.493,1.0192,1.0194,2.80,4.80
2008.06.30 06:45:31.828,1.0192,1.01945,7.60,1.30
2008.06.30 06:45:31.991,1.0192,1.01945,4.80,1.30
2008.06.30 06:45:32.444,1.0192,1.01945,5.10,1.30
2008.06.30 06:45:37.231,1.0192,1.0195,5.10,14.80
2008.06.30 06:45:37.594,1.0192,1.0195,8.00,7.20
2008.06.30 06:45:37.699,1.0193,1.0195,4.80,1.30
2008.06.30 06:45:39.707,1.0193,1.01955,4.80,1.30
2008.06.30 06:45:40.422,1.0193,1.0195,4.80,1.30
2008.06.30 06:45:45.369,1.0193,1.01955,4.80,2.40
2008.06.30 06:45:45.485,1.0193,1.01955,4.80,3.30
2008.06.30 06:45:45.697,1.0193,1.0195,4.80,1.30
2008.06.30 06:45:45.902,1.0192,1.0195,5.10,6.10
2008.06.30 06:45:46.669,1.01925,1.0195,1.00,6.10
2008.06.30 06:45:47.131,1.0193,1.0195,4.80,1.30
2008.06.30 06:45:47.481,1.0193,1.0195,5.10,1.30
2008.06.30 06:45:47.791,1.0193,1.01955,5.10,1.30
2008.06.30 06:45:48.404,1.0194,1.01955,4.80,1.30
2008.06.30 06:45:48.626,1.0194,1.0195,4.80,1.30
2008.06.30 06:45:48.987,1.0193,1.0195,5.10,1.30
2008.06.30 06:45:49.421,1.0193,1.0195,5.10,4.20
2008.06.30 06:45:49.569,1.0193,1.01945,5.10,1.30
2008.06.30 06:45:49.721,1.0193,1.01945,4.80,1.30
2008.06.30 06:45:50.550,1.0193,1.0195,4.80,1.30
2008.06.30 06:45:50.887,1.0193,1.01955,4.80,1.30
2008.06.30 06:45:51.076,1.0193,1.0196,8.00,6.10
2008.06.30 06:45:51.335,1.01935,1.0196,1.00,6.10
2008.06.30 06:45:51.427,1.0194,1.0196,4.80,1.30
2008.06.30 06:45:58.439,1.0194,1.01965,4.80,1.30
2008.06.30 06:46:00.026,1.0194,1.01965,5.70,1.30
2008.06.30 06:46:00.170,1.0196,1.01965,1.00,1.30
2008.06.30 06:46:00.312,1.01965,1.0197,1.00,9.60
2008.06.30 06:46:00.451,1.01965,1.0197,1.00,4.80
2008.06.30 06:46:00.589,1.01965,1.0198,1.30,4.80
2008.06.30 06:46:00.977,1.0198,1.02,4.80,2.80
2008.06.30 06:46:01.189,1.0198,1.02,4.80,3.80
2008.06.30 06:46:01.884,1.0198,1.02,4.80,5.20
2008.06.30 06:46:03.938,1.0198,1.02,4.80,15.80
2008.06.30 06:46:03.995,1.0198,1.0199,4.80,1.30
2008.06.30 06:46:04.491,1.0198,1.02,4.80,7.20
2008.06.30 06:46:04.617,1.0197,1.02,6.70,7.20
2008.06.30 06:46:05.087,1.0197,1.02,9.60,4.30
2008.06.30 06:46:05.435,1.0198,1.02,4.80,4.30
2008.06.30 06:46:05.786,1.0198,1.0199,4.80,1.30
2008.06.30 06:46:06.405,1.0197,1.0199,6.70,1.30
2008.06.30 06:46:06.978,1.0198,1.01995,4.80,1.30
2008.06.30 06:46:07.297,1.0198,1.0199,4.80,1.30
2008.06.30 06:46:07.902,1.0197,1.0199,6.70,1.30
2008.06.30 06:46:08.915,1.0197,1.0199,1.90,1.30
2008.06.30 06:46:10.113,1.0197,1.0199,1.90,2.40
2008.06.30 06:46:11.723,1.0197,1.0199,1.00,2.40
2008.06.30 06:46:11.873,1.0197,1.0198,1.00,1.30
2008.06.30 06:46:12.181,1.01955,1.0198,1.00,1.30
2008.06.30 06:46:12.400,1.01955,1.01985,1.00,2.40
2008.06.30 06:46:12.613,1.0196,1.01985,4.80,1.30
2008.06.30 06:46:13.900,1.0196,1.0199,4.80,10.00
2008.06.30 06:46:14.054,1.0196,1.0199,4.80,5.20
2008.06.30 06:46:14.213,1.0196,1.0199,4.80,4.20
2008.06.30 06:46:14.546,1.0196,1.0199,4.80,5.20
2008.06.30 06:46:14.913,1.0197,1.0199,4.80,5.20
2008.06.30 06:46:15.469,1.0196,1.0199,4.80,10.00
2008.06.30 06:46:16.308,1.0196,1.0198,4.80,1.30
2008.06.30 06:46:20.538,1.0196,1.01985,4.80,1.30
2008.06.30 06:46:21.465,1.0196,1.0198,4.80,1.30
2008.06.30 06:46:24.186,1.0196,1.0198,4.80,2.40
2008.06.30 06:46:24.340,1.0196,1.0198,4.80,1.30
2008.06.30 06:46:24.792,1.0195,1.0198,8.00,6.10
2008.06.30 06:46:25.092,1.0196,1.01985,4.80,2.40
2008.06.30 06:46:25.392,1.0196,1.0198,4.80,1.30
2008.06.30 06:46:25.692,1.0195,1.0198,8.00,6.10
2008.06.30 06:46:26.083,1.0195,1.0198,8.00,4.80
2008.06.30 06:46:26.292,1.01955,1.0198,1.00,4.80
2008.06.30 06:46:26.550,1.0196,1.01985,4.80,1.30
2008.06.30 06:46:26.750,1.0196,1.01985,4.80,2.40
2008.06.30 06:46:26.951,1.0196,1.0198,4.80,1.30
2008.06.30 06:46:27.531,1.0195,1.0198,5.10,6.10
2008.06.30 06:46:27.730,1.0196,1.0198,4.80,1.30
2008.06.30 06:46:28.379,1.0196,1.01985,4.80,2.40
2008.06.30 06:46:30.017,1.0196,1.0198,4.80,1.30
2008.06.30 06:46:30.430,1.0196,1.01985,4.80,3.30
2008.06.30 06:46:30.644,1.0196,1.01985,4.80,2.40
2008.06.30 06:46:30.859,1.0196,1.01985,4.80,1.30
2008.06.30 06:46:31.338,1.0196,1.0199,4.80,14.80
2008.06.30 06:46:31.621,1.0196,1.0199,7.60,6.10
2008.06.30 06:46:32.168,1.0196,1.0199,7.60,7.20
2008.06.30 06:46:33.263,1.0196,1.0199,4.80,7.20
2008.06.30 06:46:33.618,1.0196,1.0199,4.80,12.00
2008.06.30 06:46:33.811,1.0196,1.01985,4.80,1.30
2008.06.30 06:46:33.986,1.0196,1.0198,4.80,1.30
2008.06.30 06:46:34.699,1.0195,1.0198,7.00,6.10
2008.06.30 06:46:35.051,1.0195,1.0198,9.90,4.80
2008.06.30 06:46:36.119,1.0195,1.0198,9.00,4.80
2008.06.30 06:46:36.219,1.0195,1.0198,8.00,4.80
2008.06.30 06:46:38.630,1.0195,1.0198,9.00,4.80
2008.06.30 06:46:38.747,1.0196,1.01985,4.80,2.40
2008.06.30 06:46:41.858,1.0196,1.0198,4.80,1.30
2008.06.30 06:46:41.977,1.0196,1.0198,4.80,2.20
2008.06.30 06:46:42.169,1.0196,1.0198,4.80,3.20
2008.06.30 06:46:42.977,1.0196,1.0198,4.80,4.30
2008.06.30 06:46:43.476,1.0195,1.0198,9.60,9.10
2008.06.30 06:46:43.726,1.0195,1.01975,9.60,1.00
2008.06.30 06:46:44.326,1.0195,1.01975,8.60,1.00
2008.06.30 06:46:44.429,1.0195,1.01975,7.60,1.00
2008.06.30 06:46:45.347,1.0195,1.0198,7.60,4.80
2008.06.30 06:46:45.637,1.0196,1.01985,4.80,2.40
2008.06.30 06:46:46.216,1.0196,1.01985,8.00,1.30
2008.06.30 06:46:47.906,1.0196,1.01985,5.10,1.30
2008.06.30 06:46:48.776,1.0196,1.01985,4.80,1.30
2008.06.30 06:46:49.305,1.0196,1.01985,4.80,2.40
2008.06.30 06:46:50.766,1.0196,1.0198,4.80,1.00
2008.06.30 06:47:06.177,1.0196,1.0198,4.80,2.40
2008.06.30 06:47:06.686,1.0195,1.0198,4.80,7.20
2008.06.30 06:47:09.615,1.0195,1.0197,4.80,1.30
2008.06.30 06:47:10.357,1.0195,1.0197,7.60,1.30
2008.06.30 06:47:11.152,1.0196,1.0197,4.80,1.30
2008.06.30 06:47:13.474,1.0196,1.0198,4.80,2.40
2008.06.30 06:47:13.872,1.0196,1.0198,4.80,1.30
2008.06.30 06:47:14.505,1.0196,1.01985,4.80,1.00
2008.06.30 06:47:14.852,1.0196,1.0199,4.80,10.00
2008.06.30 06:47:16.382,1.0196,1.0198,4.80,2.80
2008.06.30 06:47:16.560,1.0196,1.0198,4.80,4.20
2008.06.30 06:47:16.741,1.0196,1.0198,4.80,5.20
2008.06.30 06:47:17.087,1.0196,1.01975,4.80,1.30
2008.06.30 06:47:17.333,1.0195,1.01975,4.80,1.30
2008.06.30 06:47:17.583,1.0195,1.0197,4.80,1.30
2008.06.30 06:47:18.896,1.0195,1.01975,4.80,1.30
2008.06.30 06:47:19.318,1.0195,1.01975,5.10,1.30
2008.06.30 06:47:21.060,1.0195,1.0198,5.10,7.20
2008.06.30 06:47:21.378,1.0195,1.0198,5.10,6.10
2008.06.30 06:47:21.706,1.0196,1.0198,5.10,1.30
2008.06.30 06:47:21.821,1.0196,1.0198,8.00,1.30
2008.06.30 06:47:22.039,1.0196,1.0198,18.60,1.30
2008.06.30 06:47:22.152,1.0196,1.01985,18.60,1.30
2008.06.30 06:47:22.276,1.0197,1.01985,4.80,1.30
2008.06.30 06:47:22.388,1.0198,1.01985,4.80,1.30
2008.06.30 06:47:22.498,1.0198,1.0199,4.80,1.30
2008.06.30 06:47:22.949,1.0197,1.0199,5.10,1.30
2008.06.30 06:47:23.257,1.0197,1.01995,5.10,1.30
2008.06.30 06:47:25.858,1.0197,1.01995,4.80,1.30
2008.06.30 06:47:26.039,1.0197,1.0199,4.80,1.30
2008.06.30 06:47:27.126,1.0197,1.01985,4.80,1.30
2008.06.30 06:47:27.395,1.0197,1.0199,4.80,2.80
2008.06.30 06:47:27.538,1.0196,1.0199,5.10,7.60
2008.06.30 06:47:27.688,1.0196,1.0199,5.10,4.80
2008.06.30 06:47:28.011,1.0197,1.01995,4.80,2.40
2008.06.30 06:47:34.109,1.0197,1.01995,4.80,1.00
2008.06.30 06:47:34.339,1.0197,1.02,7.00,7.20
2008.06.30 06:47:34.457,1.01975,1.02,1.00,7.20
2008.06.30 06:47:34.533,1.01975,1.02,1.00,6.10
2008.06.30 06:47:34.604,1.01975,1.02,1.00,4.80
2008.06.30 06:47:34.763,1.0198,1.02,1.00,4.80
2008.06.30 06:47:34.885,1.0198,1.0201,6.70,7.20
2008.06.30 06:47:34.999,1.0198,1.0201,6.70,5.70
2008.06.30 06:47:35.186,1.0199,1.0201,2.80,4.80
2008.06.30 06:47:35.588,1.0199,1.0201,7.60,1.30
2008.06.30 06:47:36.282,1.0198,1.0201,6.70,7.20
2008.06.30 06:47:37.996,1.0198,1.0201,7.00,7.20
2008.06.30 06:47:38.143,1.0198,1.0201,7.00,6.10
2008.06.30 06:47:38.918,1.0199,1.0201,4.80,1.30
2008.06.30 06:47:39.683,1.0199,1.02015,4.80,1.00
2008.06.30 06:47:40.177,1.0198,1.0201,5.10,4.80
2008.06.30 06:47:40.415,1.0198,1.0201,6.10,4.80
2008.06.30 06:47:40.711,1.0199,1.0201,4.80,1.30
2008.06.30 06:47:41.282,1.0198,1.0201,5.10,6.10
2008.06.30 06:47:43.093,1.0198,1.0201,5.10,9.00
2008.06.30 06:47:44.525,1.0198,1.02,1.00,4.80
2008.06.30 06:47:44.794,1.01975,1.02,1.30,4.80
2008.06.30 06:47:45.326,1.01975,1.02,1.30,9.00
2008.06.30 06:47:45.785,1.01975,1.02,1.00,9.00
2008.06.30 06:47:48.861,1.01975,1.02,1.00,10.00
2008.06.30 06:47:49.022,1.0197,1.02,4.80,10.00
2008.06.30 06:47:49.185,1.0197,1.01995,4.80,1.30
2008.06.30 06:47:52.243,1.0197,1.0199,4.80,1.30
2008.06.30 06:47:52.453,1.0196,1.0199,8.00,6.10
2008.06.30 06:47:52.880,1.0196,1.01985,8.00,1.30
2008.06.30 06:47:54.919,1.0196,1.0199,8.00,6.10
2008.06.30 06:47:55.385,1.0196,1.01985,8.00,1.30
2008.06.30 06:47:55.791,1.0197,1.01985,4.80,1.30
2008.06.30 06:47:56.096,1.0196,1.01985,8.00,1.30
2008.06.30 06:47:59.255,1.0196,1.0199,8.00,6.10
2008.06.30 06:48:02.963,1.0196,1.0199,5.10,6.10
2008.06.30 06:48:03.368,1.0196,1.01985,8.00,1.30
2008.06.30 06:48:03.511,1.0196,1.0199,8.00,6.10
2008.06.30 06:48:05.879,1.0197,1.0199,4.80,1.30
2008.06.30 06:48:06.463,1.0197,1.0199,4.80,4.20
2008.06.30 06:48:06.632,1.0197,1.01985,4.80,1.30
2008.06.30 06:48:07.125,1.0196,1.01985,5.10,1.30
2008.06.30 06:48:07.857,1.0196,1.01985,8.00,1.30
2008.06.30 06:48:08.067,1.0196,1.0199,8.00,6.10
2008.06.30 06:48:08.915,1.0196,1.0199,5.10,6.10
2008.06.30 06:48:09.246,1.0196,1.0199,8.00,6.10
2008.06.30 06:48:11.606,1.0196,1.0199,7.60,6.10
2008.06.30 06:48:11.794,1.0196,1.0199,4.80,9.00
2008.06.30 06:48:12.177,1.0196,1.0199,7.60,6.10
2008.06.30 06:48:12.285,1.0196,1.01985,7.60,1.30
2008.06.30 06:48:12.441,1.0196,1.01985,8.00,1.30
2008.06.30 06:48:12.688,1.0196,1.0199,8.00,4.80
2008.06.30 06:48:12.914,1.01965,1.0199,1.00,4.80
2008.06.30 06:48:13.397,1.0197,1.01995,4.80,2.40
2008.06.30 06:48:13.724,1.0197,1.0199,4.80,1.30
2008.06.30 06:48:14.098,1.0196,1.0199,8.00,6.10
2008.06.30 06:48:18.175,1.0197,1.0199,4.80,1.30
2008.06.30 06:48:18.703,1.0196,1.0199,8.00,6.10
2008.06.30 06:48:22.196,1.0196,1.0199,8.00,4.80
2008.06.30 06:48:22.634,1.0196,1.0199,8.00,6.10
2008.06.30 06:48:22.708,1.0196,1.0199,5.10,6.10
2008.06.30 06:48:22.785,1.0196,1.0199,4.80,6.10
2008.06.30 06:48:23.433,1.0196,1.0199,4.80,7.20
2008.06.30 06:48:25.777,1.0196,1.01985,4.80,1.30
2008.06.30 06:48:34.707,1.0196,1.0199,4.80,7.20
2008.06.30 06:48:34.830,1.01965,1.0199,1.00,6.10
2008.06.30 06:48:34.954,1.0197,1.0199,4.80,1.30
2008.06.30 06:48:37.754,1.0197,1.01995,4.80,2.40
2008.06.30 06:48:37.890,1.0197,1.01995,4.80,1.30
2008.06.30 06:48:38.141,1.0197,1.0199,4.80,1.30
2008.06.30 06:48:38.323,1.0197,1.0199,4.80,4.20
2008.06.30 06:48:39.343,1.01965,1.0199,1.00,4.80
2008.06.30 06:48:39.571,1.01965,1.0199,1.00,5.70
2008.06.30 06:48:39.661,1.01965,1.01985,1.00,1.00
2008.06.30 06:48:39.981,1.0197,1.01985,4.80,1.00
2008.06.30 06:48:40.191,1.0197,1.01995,4.80,1.30
2008.06.30 06:48:41.807,1.0197,1.01995,4.80,2.40
2008.06.30 06:48:42.428,1.0196,1.0199,8.00,4.80
2008.06.30 06:48:47.221,1.0196,1.0199,8.00,6.10
2008.06.30 06:48:47.400,1.0196,1.0199,8.00,4.80
2008.06.30 06:48:47.581,1.0196,1.0199,8.00,6.10
2008.06.30 06:48:48.163,1.0197,1.0199,4.80,4.20
2008.06.30 06:48:48.457,1.0196,1.0199,5.10,9.00
2008.06.30 06:48:48.755,1.0196,1.0198,5.10,1.30
2008.06.30 06:48:48.974,1.0196,1.0198,4.80,1.30
2008.06.30 06:48:49.749,1.0196,1.01975,4.80,1.30
2008.06.30 06:48:50.229,1.0196,1.0197,4.80,1.30
2008.06.30 06:48:50.547,1.0195,1.0197,4.80,1.30
2008.06.30 06:48:52.775,1.0195,1.01975,4.80,2.40
2008.06.30 06:48:52.838,1.0195,1.01975,4.80,1.30
2008.06.30 06:48:53.238,1.0195,1.01975,4.80,2.40
2008.06.30 06:48:53.687,1.0195,1.01975,4.80,1.00
2008.06.30 06:48:54.137,1.0195,1.01975,4.80,1.30
2008.06.30 06:48:54.519,1.0195,1.01975,4.80,2.40
2008.06.30 06:48:55.797,1.0195,1.01975,4.80,1.00
2008.06.30 06:48:55.956,1.0195,1.0198,4.80,9.10
2008.06.30 06:48:56.314,1.0195,1.0198,4.80,7.60
2008.06.30 06:48:56.461,1.0195,1.0198,7.60,5.70
2008.06.30 06:48:56.743,1.0196,1.0198,4.80,2.40
2008.06.30 06:48:57.719,1.0195,1.0198,4.80,7.20
2008.06.30 06:48:59.155,1.0195,1.01975,4.80,1.30
2008.06.30 06:48:59.408,1.0195,1.01975,4.80,2.40
2008.06.30 06:49:01.805,1.0195,1.01975,4.80,1.00
2008.06.30 06:49:01.946,1.0195,1.0198,4.80,12.00
2008.06.30 06:49:02.240,1.0195,1.01975,4.80,1.30
2008.06.30 06:49:02.364,1.0195,1.0197,4.80,1.00
2008.06.30 06:49:03.260,1.0195,1.01975,4.80,1.00
2008.06.30 06:49:03.732,1.0195,1.01975,4.80,2.40
2008.06.30 06:49:06.858,1.0195,1.01975,4.80,1.00
2008.06.30 06:49:07.256,1.0195,1.0197,4.80,1.30
2008.06.30 06:49:07.386,1.0195,1.0197,4.80,2.20
2008.06.30 06:49:07.514,1.0195,1.0197,4.80,3.20
2008.06.30 06:49:07.839,1.01945,1.0197,1.00,5.70
2008.06.30 06:49:07.965,1.0195,1.0197,2.80,5.70
2008.06.30 06:49:08.273,1.01945,1.0197,1.30,4.80
2008.06.30 06:49:08.572,1.0196,1.0198,4.80,2.40
2008.06.30 06:49:08.872,1.0195,1.0198,4.80,7.20
2008.06.30 06:49:09.171,1.0195,1.01975,4.80,1.30
2008.06.30 06:49:09.923,1.0195,1.01975,4.80,2.40
2008.06.30 06:49:16.202,1.0195,1.0197,4.80,1.30
2008.06.30 06:49:16.406,1.0195,1.0197,4.80,3.30
2008.06.30 06:49:16.706,1.0195,1.0197,4.80,4.30
2008.06.30 06:49:16.979,1.0194,1.0197,7.60,9.10
2008.06.30 06:49:17.703,1.0194,1.0197,7.60,8.10
2008.06.30 06:49:17.800,1.0194,1.0197,7.60,6.70
2008.06.30 06:49:18.010,1.0194,1.0197,7.60,5.70
2008.06.30 06:49:18.200,1.0194,1.0197,8.00,4.80
2008.06.30 06:49:18.300,1.0194,1.0197,19.50,4.80
2008.06.30 06:49:18.490,1.01945,1.0197,1.30,4.80
2008.06.30 06:49:18.830,1.0195,1.0197,2.80,4.80
2008.06.30 06:49:19.340,1.0196,1.01975,4.80,1.30
2008.06.30 06:49:28.132,1.0196,1.0198,4.80,1.90
2008.06.30 06:49:28.247,1.0196,1.0198,4.80,1.00
2008.06.30 06:49:28.372,1.0196,1.01985,4.80,2.40
2008.06.30 06:49:28.458,1.0196,1.0198,4.80,1.30
2008.06.30 06:49:30.798,1.0196,1.0198,5.10,1.30
2008.06.30 06:49:36.243,1.0196,1.0199,5.10,10.90
2008.06.30 06:49:44.885,1.0196,1.0199,19.50,5.70
2008.06.30 06:49:45.033,1.01965,1.0199,1.30,4.80
2008.06.30 06:49:45.184,1.0197,1.0199,1.00,4.80
2008.06.30 06:49:45.473,1.01975,1.02,1.00,10.90
2008.06.30 06:49:45.882,1.0198,1.02,4.80,6.10
2008.06.30 06:49:47.225,1.0198,1.02,4.80,7.20
2008.06.30 06:49:48.005,1.0198,1.02,4.80,6.10
2008.06.30 06:49:51.747,1.0198,1.01995,4.80,1.30
2008.06.30 06:49:52.667,1.0197,1.01995,4.80,1.30
2008.06.30 06:49:54.617,1.0197,1.01995,4.80,2.40
2008.06.30 06:49:54.959,1.0196,1.0199,8.00,4.80
2008.06.30 06:49:56.160,1.0196,1.0199,9.00,4.80
2008.06.30 06:49:56.484,1.0197,1.01995,4.80,1.30
2008.06.30 06:49:58.051,1.0197,1.0199,4.80,1.30
2008.06.30 06:50:00.552,1.0197,1.01995,5.10,1.30
2008.06.30 06:50:03.885,1.0197,1.01995,8.00,1.30
2008.06.30 06:50:04.548,1.0197,1.02,8.00,7.00
2008.06.30 06:50:04.594,1.0197,1.02,8.00,6.10
2008.06.30 06:50:05.039,1.0197,1.02,7.60,6.10
2008.06.30 06:50:05.382,1.0197,1.02,8.00,6.10
2008.06.30 06:50:06.237,1.0198,1.02,2.80,4.80
2008.06.30 06:50:07.082,1.0198,1.02005,7.60,3.30
2008.06.30 06:50:07.239,1.0198,1.02005,2.80,3.30
2008.06.30 06:50:07.399,1.0198,1.02,2.80,6.10
2008.06.30 06:50:14.437,1.0197,1.02,8.00,6.10
2008.06.30 06:50:15.083,1.0198,1.02,2.80,6.10
2008.06.30 06:50:16.877,1.0197,1.02,5.10,9.00
2008.06.30 06:50:17.288,1.0197,1.02,5.10,7.60
2008.06.30 06:50:17.419,1.0198,1.02,2.80,4.80
2008.06.30 06:50:18.177,1.0198,1.02005,7.60,3.30
2008.06.30 06:50:22.376,1.0198,1.02005,7.60,1.90
2008.06.30 06:50:22.416,1.0198,1.02005,7.60,1.00
2008.06.30 06:50:22.630,1.0198,1.0201,7.60,7.20
2008.06.30 06:50:23.436,1.0199,1.0201,2.80,7.20
2008.06.30 06:50:23.601,1.0199,1.0201,3.20,6.10
2008.06.30 06:50:23.769,1.0199,1.0201,8.00,1.30
2008.06.30 06:50:24.077,1.0199,1.0201,7.60,1.30
2008.06.30 06:50:24.390,1.0199,1.02015,7.60,2.40
2008.06.30 06:50:24.539,1.0199,1.02015,4.80,2.40
2008.06.30 06:50:24.808,1.0199,1.02005,4.80,1.30
2008.06.30 06:50:25.333,1.0198,1.02005,7.60,1.30
2008.06.30 06:50:27.143,1.0198,1.02005,7.60,2.40
2008.06.30 06:50:27.338,1.0198,1.02005,8.60,1.00
2008.06.30 06:50:27.442,1.0199,1.02005,2.80,1.00
2008.06.30 06:50:27.559,1.0199,1.0201,2.80,4.80
2008.06.30 06:50:28.031,1.0199,1.0202,7.60,7.20
2008.06.30 06:50:28.266,1.0199,1.0202,8.00,6.10
2008.06.30 06:50:28.397,1.02,1.0202,4.80,1.30
2008.06.30 06:50:29.395,1.02,1.0202,4.80,2.40
2008.06.30 06:50:29.890,1.0199,1.0202,7.60,7.20
2008.06.30 06:50:30.147,1.01995,1.0202,1.00,4.80
2008.06.30 06:50:30.354,1.0199,1.0202,8.00,4.80
2008.06.30 06:50:30.567,1.02,1.0203,4.80,11.00
2008.06.30 06:50:30.776,1.02,1.0203,7.60,7.20
2008.06.30 06:50:30.987,1.02,1.0203,8.60,5.70
2008.06.30 06:50:31.194,1.02005,1.0203,1.00,4.80
2008.06.30 06:50:31.432,1.0201,1.02035,4.80,2.40
2008.06.30 06:50:32.676,1.0201,1.0203,4.80,2.80
2008.06.30 06:50:32.754,1.0201,1.0203,4.80,4.20
2008.06.30 06:50:35.510,1.0201,1.0203,7.60,1.30
2008.06.30 06:50:36.492,1.0201,1.02035,7.60,1.30
2008.06.30 06:50:37.320,1.0201,1.0204,7.60,7.20
2008.06.30 06:50:37.564,1.0201,1.0204,8.60,7.20
2008.06.30 06:50:37.675,1.0201,1.0204,9.00,6.10
2008.06.30 06:50:37.760,1.02015,1.0204,1.00,6.10
2008.06.30 06:50:37.965,1.0202,1.0204,4.80,1.30
2008.06.30 06:50:38.050,1.0202,1.0204,4.80,2.40
2008.06.30 06:50:38.372,1.0202,1.0203,4.80,1.30
2008.06.30 06:50:39.369,1.0201,1.0203,9.60,1.30
2008.06.30 06:50:42.279,1.0201,1.0203,8.60,1.30
2008.06.30 06:50:42.343,1.0201,1.02025,8.60,1.30
2008.06.30 06:50:42.393,1.0201,1.02025,5.70,1.30
2008.06.30 06:50:42.423,1.0201,1.02025,4.80,1.30
2008.06.30 06:50:43.410,1.02,1.02025,4.80,1.30
2008.06.30 06:50:44.788,1.02,1.0202,4.80,1.30
2008.06.30 06:50:47.850,1.02,1.0203,4.80,10.00
2008.06.30 06:50:48.077,1.02,1.0203,4.80,7.20
2008.06.30 06:50:48.290,1.02,1.0203,5.10,6.10
2008.06.30 06:50:48.506,1.02,1.0203,5.10,9.00
2008.06.30 06:50:48.728,1.02,1.0203,4.80,10.00
2008.06.30 06:50:49.365,1.02,1.0203,5.10,10.00
2008.06.30 06:50:49.936,1.02,1.02025,5.10,1.30
2008.06.30 06:50:51.638,1.02,1.02025,4.80,1.30
2008.06.30 06:50:53.720,1.02,1.02025,5.10,1.30
2008.06.30 06:50:55.150,1.02,1.02025,4.80,1.30
2008.06.30 06:50:55.911,1.02,1.0202,4.80,1.30
2008.06.30 06:50:56.199,1.02,1.02025,8.00,1.30
2008.06.30 06:50:56.492,1.0201,1.0202,4.80,1.30
2008.06.30 06:50:56.779,1.02,1.02025,4.80,2.40
2008.06.30 06:50:56.968,1.0199,1.0202,8.00,4.80
2008.06.30 06:50:57.238,1.02,1.02025,4.80,2.40
2008.06.30 06:50:57.859,1.02,1.0202,4.80,1.30
2008.06.30 06:50:58.517,1.0199,1.02015,4.80,1.30
2008.06.30 06:50:59.158,1.0199,1.0201,4.80,1.30
2008.06.30 06:51:01.594,1.0199,1.02005,4.80,1.30
2008.06.30 06:51:02.026,1.0198,1.0201,8.00,1.30
2008.06.30 06:51:02.516,1.0199,1.0201,4.80,1.30
2008.06.30 06:51:02.911,1.0199,1.02015,4.80,2.40
2008.06.30 06:51:03.276,1.0199,1.0201,4.80,1.00
2008.06.30 06:51:03.485,1.0199,1.0201,7.60,1.00
2008.06.30 06:51:03.703,1.0199,1.02015,7.60,2.40
2008.06.30 06:51:03.905,1.0199,1.02015,2.80,1.30
2008.06.30 06:51:04.443,1.02,1.02015,4.80,1.30
2008.06.30 06:51:04.796,1.02,1.02015,4.80,2.40
2008.06.30 06:51:05.403,1.0199,1.02015,7.60,2.40
2008.06.30 06:51:05.635,1.0199,1.02015,7.60,1.00
2008.06.30 06:51:06.822,1.0199,1.0202,7.60,2.40
2008.06.30 06:51:07.023,1.02,1.0202,4.80,2.40
2008.06.30 06:51:07.961,1.02,1.02015,4.80,1.30
2008.06.30 06:51:11.925,1.02,1.0202,4.80,2.40
2008.06.30 06:51:14.202,1.02,1.02015,4.80,1.30
2008.06.30 06:51:14.432,1.02,1.0201,4.80,1.30
2008.06.30 06:51:14.995,1.0199,1.0201,7.60,1.30
2008.06.30 06:51:16.279,1.0198,1.0201,4.20,1.30
2008.06.30 06:51:16.697,1.0198,1.0201,8.00,2.40
2008.06.30 06:51:17.032,1.0198,1.02005,8.00,1.30
2008.06.30 06:51:17.519,1.0198,1.02005,3.20,1.30
2008.06.30 06:51:19.331,1.0198,1.02,3.20,1.30
2008.06.30 06:51:19.504,1.0198,1.02,1.00,4.20
2008.06.30 06:51:21.519,1.0198,1.02,3.20,1.30
2008.06.30 06:51:22.303,1.0197,1.02,1.30,9.00
2008.06.30 06:51:22.423,1.0197,1.02,1.00,9.00
2008.06.30 06:51:22.679,1.0197,1.02,3.20,1.30
2008.06.30 06:51:22.910,1.01975,1.02,1.00,6.10
2008.06.30 06:51:23.749,1.0198,1.02,4.80,1.30
2008.06.30 06:51:25.512,1.0198,1.02005,4.80,2.40
2008.06.30 06:51:25.820,1.0198,1.02005,8.00,1.30
2008.06.30 06:51:26.123,1.0199,1.02015,7.60,3.30
2008.06.30 06:51:26.428,1.0199,1.02015,7.60,2.20
2008.06.30 06:51:26.745,1.02,1.02015,4.80,1.30
2008.06.30 06:51:28.378,1.0199,1.02015,5.10,1.30
2008.06.30 06:51:30.267,1.01995,1.02015,1.00,1.30
2008.06.30 06:51:33.229,1.0199,1.02015,1.00,1.30
2008.06.30 06:51:33.485,1.0199,1.0201,1.00,1.30
2008.06.30 06:51:34.018,1.0199,1.02015,1.00,1.30
2008.06.30 06:51:34.566,1.0199,1.02015,3.20,1.30
2008.06.30 06:51:35.057,1.01995,1.0202,1.00,4.80
2008.06.30 06:51:35.280,1.02005,1.0202,1.00,4.80
2008.06.30 06:51:35.509,1.0201,1.0203,4.80,4.20
2008.06.30 06:51:36.247,1.0201,1.02035,4.80,1.30
2008.06.30 06:51:39.208,1.0202,1.0204,1.00,7.60
2008.06.30 06:51:39.681,1.0202,1.0204,1.00,4.80
2008.06.30 06:51:40.167,1.0202,1.0205,5.10,10.00
2008.06.30 06:51:40.557,1.02025,1.0205,1.00,8.60
2008.06.30 06:51:40.873,1.02035,1.0205,1.00,4.80
2008.06.30 06:51:41.191,1.0205,1.02065,4.80,1.30
2008.06.30 06:51:41.542,1.0206,1.02065,4.80,1.30
2008.06.30 06:51:41.887,1.0204,1.02065,5.10,1.30
2008.06.30 06:51:42.534,1.0204,1.0206,5.10,2.80
2008.06.30 06:51:42.697,1.0204,1.02065,7.60,1.30
2008.06.30 06:51:43.006,1.0204,1.0207,7.60,9.10
2008.06.30 06:51:43.209,1.0204,1.0207,8.00,8.00
2008.06.30 06:51:43.515,1.0205,1.0207,4.80,3.20
2008.06.30 06:51:43.901,1.0205,1.0207,4.80,7.20
2008.06.30 06:51:44.561,1.0205,1.0206,4.80,4.20
2008.06.30 06:51:44.908,1.0205,1.0206,4.80,2.80
2008.06.30 06:51:45.719,1.0204,1.0207,7.60,6.10
2008.06.30 06:51:45.974,1.0204,1.0207,8.00,6.10
2008.06.30 06:51:46.227,1.0205,1.0206,4.80,2.80
2008.06.30 06:51:46.549,1.0205,1.02075,4.80,2.40
2008.06.30 06:51:47.167,1.0205,1.0207,4.80,1.30
2008.06.30 06:51:47.439,1.0205,1.0207,4.80,5.20
2008.06.30 06:51:47.707,1.0205,1.0207,4.80,2.40
2008.06.30 06:51:47.979,1.0204,1.0206,1.00,6.10
2008.06.30 06:51:48.245,1.0204,1.0206,4.80,4.20
2008.06.30 06:51:49.538,1.0204,1.0206,4.80,2.80
2008.06.30 06:51:51.103,1.0204,1.02065,4.80,2.40
2008.06.30 06:51:51.937,1.0204,1.0206,4.80,2.80
2008.06.30 06:51:52.091,1.0204,1.02065,4.80,2.40
2008.06.30 06:51:52.971,1.0203,1.0206,5.10,4.80
2008.06.30 06:51:53.308,1.0204,1.02065,4.80,2.40
2008.06.30 06:51:53.490,1.0204,1.02055,4.80,1.30
2008.06.30 06:51:53.715,1.0204,1.02045,4.80,1.30
2008.06.30 06:51:53.944,1.0202,1.02045,5.10,1.30
2008.06.30 06:51:56.070,1.0202,1.0205,5.10,10.00
2008.06.30 06:51:56.324,1.0202,1.0204,4.80,1.30
2008.06.30 06:51:56.575,1.0203,1.0204,4.80,1.30
2008.06.30 06:51:56.705,1.0202,1.02045,4.80,1.30
2008.06.30 06:51:56.951,1.0202,1.0205,4.80,10.00
2008.06.30 06:51:57.082,1.0202,1.0205,5.10,10.00
2008.06.30 06:51:57.330,1.0202,1.0205,5.10,9.00
2008.06.30 06:51:57.579,1.0202,1.0205,8.00,4.80
2008.06.30 06:51:57.841,1.0203,1.02055,4.80,3.30
2008.06.30 06:51:58.091,1.0203,1.02055,4.80,2.40
2008.06.30 06:51:59.267,1.0202,1.0205,8.00,5.70
2008.06.30 06:51:59.490,1.0203,1.02055,4.80,2.40
2008.06.30 06:52:00.561,1.0203,1.0205,4.80,3.80
2008.06.30 06:52:00.833,1.0203,1.02045,4.80,1.00
2008.06.30 06:52:01.154,1.0202,1.02045,4.80,1.00
2008.06.30 06:52:02.749,1.0202,1.02045,4.80,1.90
2008.06.30 06:52:03.121,1.0202,1.02045,4.80,3.30
2008.06.30 06:52:05.181,1.0202,1.0204,4.80,1.30
2008.06.30 06:52:06.512,1.0202,1.02045,4.80,3.30
2008.06.30 06:52:06.858,1.0202,1.02045,4.80,2.20
2008.06.30 06:52:07.207,1.0202,1.02035,4.80,2.40
2008.06.30 06:52:07.332,1.0202,1.02035,4.80,1.30
2008.06.30 06:52:07.690,1.0202,1.0204,4.80,1.30
2008.06.30 06:52:08.383,1.0201,1.0204,8.00,6.10
2008.06.30 06:52:08.618,1.0201,1.0204,3.20,1.30
2008.06.30 06:52:09.123,1.0201,1.0204,3.20,6.10
2008.06.30 06:52:10.079,1.0201,1.0204,2.80,7.20
2008.06.30 06:52:10.560,1.0201,1.02035,2.80,1.30
2008.06.30 06:52:10.731,1.0202,1.02035,4.80,1.30
2008.06.30 06:52:10.820,1.0202,1.02035,4.80,2.40
2008.06.30 06:52:11.168,1.0201,1.02035,7.60,2.40
2008.06.30 06:52:12.807,1.0202,1.02035,4.80,2.40
2008.06.30 06:52:13.257,1.0201,1.02035,8.00,1.30
2008.06.30 06:52:13.540,1.0201,1.0204,8.00,7.20
2008.06.30 06:52:14.145,1.0202,1.0204,4.80,2.40
2008.06.30 06:52:15.609,1.0202,1.02035,4.80,1.30
2008.06.30 06:52:15.748,1.0202,1.0203,4.80,2.80
2008.06.30 06:52:16.793,1.0202,1.0203,4.80,1.30
2008.06.30 06:52:17.439,1.0201,1.0203,4.80,1.30
2008.06.30 06:52:17.740,1.0201,1.0203,4.80,4.20
2008.06.30 06:52:17.981,1.0201,1.0203,4.80,2.80
2008.06.30 06:52:18.281,1.0201,1.0203,4.80,4.20
2008.06.30 06:52:18.506,1.0202,1.0203,4.80,4.20
2008.06.30 06:52:18.956,1.0201,1.0203,4.80,4.20
2008.06.30 06:52:19.907,1.02,1.0203,1.00,4.20
2008.06.30 06:52:20.504,1.02,1.0203,3.20,1.30
2008.06.30 06:52:21.649,1.02,1.0203,1.00,4.20
2008.06.30 06:52:21.997,1.02,1.0203,4.80,4.20
2008.06.30 06:52:22.134,1.02,1.0203,7.60,1.30
2008.06.30 06:52:22.403,1.02,1.0203,8.00,1.30
2008.06.30 06:52:25.336,1.02,1.02035,8.00,3.30
2008.06.30 06:52:25.905,1.0201,1.02035,4.80,3.30
2008.06.30 06:52:26.756,1.0201,1.0203,4.80,1.30
2008.06.30 06:52:27.105,1.0201,1.02025,4.80,1.30
2008.06.30 06:52:27.510,1.02,1.02025,5.10,1.30
2008.06.30 06:52:32.244,1.02,1.02025,4.80,1.30
2008.06.30 06:52:34.441,1.0201,1.02025,4.80,1.30
2008.06.30 06:52:34.674,1.0201,1.0203,4.80,5.20
2008.06.30 06:52:34.926,1.0201,1.02025,4.80,1.30
2008.06.30 06:52:35.792,1.02,1.02025,4.80,1.30
2008.06.30 06:52:37.872,1.02,1.0201,4.80,1.30
2008.06.30 06:52:38.187,1.02,1.02005,4.80,1.30
2008.06.30 06:52:38.764,1.0199,1.02005,2.80,1.30
2008.06.30 06:52:38.863,1.0198,1.02005,8.00,1.30
2008.06.30 06:52:39.151,1.0198,1.0201,8.00,4.80
2008.06.30 06:52:39.443,1.0199,1.0201,1.00,4.80
2008.06.30 06:52:39.742,1.0199,1.0201,3.20,4.80
2008.06.30 06:52:40.546,1.02,1.02015,4.80,1.30
2008.06.30 06:52:40.925,1.02,1.0201,4.80,1.30
2008.06.30 06:52:41.492,1.0199,1.0201,4.80,1.30
2008.06.30 06:52:41.952,1.0199,1.0201,4.80,4.20
2008.06.30 06:52:42.711,1.0198,1.0201,5.10,9.00
2008.06.30 06:52:43.582,1.0198,1.0201,5.10,6.10
2008.06.30 06:52:43.955,1.0198,1.0201,8.00,6.10
2008.06.30 06:52:44.149,1.0198,1.02,8.00,1.30
2008.06.30 06:52:44.543,1.0199,1.02,4.80,1.30
2008.06.30 06:52:44.871,1.0198,1.02,7.60,1.30
2008.06.30 06:52:45.892,1.0198,1.01995,7.60,1.30
2008.06.30 06:52:46.109,1.0198,1.01995,4.80,1.30
2008.06.30 06:52:47.171,1.0198,1.02005,7.60,1.30
2008.06.30 06:52:47.629,1.0198,1.02005,5.10,1.30
2008.06.30 06:52:48.042,1.0198,1.02005,8.00,1.30
2008.06.30 06:52:48.170,1.01985,1.0201,1.00,4.80
2008.06.30 06:52:48.415,1.0199,1.0202,9.00,4.80
2008.06.30 06:52:48.642,1.02,1.02025,4.80,2.40
2008.06.30 06:52:48.878,1.02,1.0202,4.80,1.30
2008.06.30 06:52:49.113,1.02,1.0201,4.80,1.30
2008.06.30 06:52:49.672,1.0199,1.0201,4.80,1.30
2008.06.30 06:52:50.210,1.0199,1.02015,4.80,2.40
2008.06.30 06:52:51.330,1.0199,1.0202,8.00,5.70
2008.06.30 06:52:51.678,1.0199,1.0202,8.00,4.80
2008.06.30 06:52:51.964,1.02,1.02025,4.80,2.40
2008.06.30 06:52:52.534,1.02,1.0202,4.80,2.80
2008.06.30 06:52:53.065,1.02,1.02015,4.80,1.30
2008.06.30 06:52:53.255,1.02,1.02015,4.80,2.40
2008.06.30 06:52:53.752,1.0199,1.0201,4.80,1.30
2008.06.30 06:52:58.296,1.0199,1.02,4.80,2.80
2008.06.30 06:52:58.877,1.0199,1.0201,4.80,1.30
2008.06.30 06:53:00.900,1.0199,1.02015,4.80,2.40
2008.06.30 06:53:01.206,1.0199,1.02015,4.80,1.30
2008.06.30 06:53:01.781,1.0199,1.0202,7.60,7.20
2008.06.30 06:53:02.082,1.02,1.0202,4.80,1.30
2008.06.30 06:53:02.407,1.02,1.02015,4.80,1.30
2008.06.30 06:53:02.727,1.0199,1.02015,7.60,1.30
2008.06.30 06:53:03.047,1.0199,1.0201,4.80,1.30
2008.06.30 06:53:05.756,1.0199,1.02015,5.10,1.30
2008.06.30 06:53:11.773,1.01995,1.0202,1.00,7.60
2008.06.30 06:53:11.873,1.01995,1.0202,1.00,4.80
2008.06.30 06:53:12.234,1.02,1.02015,4.80,1.30
2008.06.30 06:53:12.601,1.02,1.0202,4.80,1.30
2008.06.30 06:53:12.706,1.0199,1.0202,8.00,6.10
2008.06.30 06:53:12.932,1.02,1.0202,4.80,1.30
2008.06.30 06:53:13.162,1.0199,1.0202,8.00,6.10
2008.06.30 06:53:14.250,1.02,1.0202,4.80,1.30
2008.06.30 06:53:16.660,1.0199,1.0202,7.60,6.10
2008.06.30 06:53:16.994,1.02,1.0202,4.80,1.30
2008.06.30 06:53:17.840,1.02,1.0202,4.80,2.40
2008.06.30 06:53:18.204,1.0199,1.0202,7.60,7.20
2008.06.30 06:53:18.311,1.0199,1.0202,8.00,7.20
2008.06.30 06:53:18.786,1.02,1.0202,4.80,2.40
2008.06.30 06:53:18.846,1.02,1.0202,4.80,1.30
2008.06.30 06:53:19.264,1.0199,1.02015,5.10,1.30
2008.06.30 06:53:19.537,1.0199,1.0201,4.80,2.80
2008.06.30 06:53:20.201,1.0199,1.02015,4.80,1.30
2008.06.30 06:53:20.783,1.0199,1.02015,5.10,1.30
2008.06.30 06:53:22.782,1.0199,1.0201,5.10,2.80
2008.06.30 06:53:23.657,1.0199,1.0201,4.80,2.80
2008.06.30 06:53:24.059,1.0199,1.0201,4.80,4.20
2008.06.30 06:53:25.928,1.0199,1.0201,4.80,1.30
2008.06.30 06:53:26.238,1.0199,1.02015,4.80,1.30
2008.06.30 06:53:32.539,1.0199,1.02,4.80,2.80
2008.06.30 06:53:32.831,1.0199,1.0201,4.80,4.20
2008.06.30 06:53:32.984,1.0198,1.0201,5.10,9.00
2008.06.30 06:53:33.095,1.01985,1.0201,1.00,7.60
2008.06.30 06:53:33.264,1.0199,1.0201,4.80,2.80
2008.06.30 06:53:33.371,1.0199,1.0202,4.80,10.00
2008.06.30 06:53:33.846,1.0199,1.02015,4.80,1.30
2008.06.30 06:53:34.062,1.0199,1.0201,4.80,2.80
2008.06.30 06:53:34.466,1.0199,1.02015,4.80,1.30
2008.06.30 06:53:36.977,1.0199,1.02005,4.80,1.30
2008.06.30 06:53:37.300,1.0199,1.0201,4.80,4.20
2008.06.30 06:53:37.913,1.0199,1.0201,4.80,2.80
2008.06.30 06:53:38.007,1.0199,1.02015,4.80,1.30
2008.06.30 06:53:38.684,1.0199,1.0201,4.80,2.80
2008.06.30 06:53:38.846,1.0199,1.0201,4.80,4.20
2008.06.30 06:53:40.069,1.0199,1.0201,4.80,2.80
2008.06.30 06:53:40.318,1.0199,1.02015,4.80,1.30
2008.06.30 06:53:41.144,1.0199,1.02015,4.80,2.40
2008.06.30 06:53:41.776,1.0199,1.0201,4.80,1.30
2008.06.30 06:53:42.057,1.0199,1.0201,4.80,2.40
2008.06.30 06:53:42.356,1.0199,1.0201,4.80,1.30
2008.06.30 06:53:42.795,1.0199,1.02005,4.80,1.30
2008.06.30 06:53:43.021,1.0199,1.02005,4.80,3.30
2008.06.30 06:53:43.298,1.0199,1.02,4.80,1.00
2008.06.30 06:53:43.594,1.0199,1.01995,4.80,1.30
2008.06.30 06:53:43.869,1.0198,1.01995,7.60,1.30
2008.06.30 06:53:44.137,1.0198,1.01995,2.80,1.30
2008.06.30 06:53:44.736,1.0197,1.01995,6.10,1.30
2008.06.30 06:53:45.051,1.0197,1.01995,5.10,1.30
2008.06.30 06:53:45.369,1.0197,1.01995,4.80,1.30
2008.06.30 06:53:46.961,1.0197,1.0199,4.80,2.80
2008.06.30 06:53:47.282,1.0197,1.01995,4.80,2.40
2008.06.30 06:53:47.390,1.0197,1.01995,4.80,1.30
2008.06.30 06:53:47.515,1.0197,1.0199,4.80,2.80
2008.06.30 06:53:47.848,1.0197,1.0199,4.80,4.20
2008.06.30 06:53:49.250,1.0197,1.0199,4.80,2.80
2008.06.30 06:53:49.516,1.0197,1.0199,4.80,4.20
2008.06.30 06:53:50.158,1.0197,1.01985,4.80,1.30
2008.06.30 06:53:50.956,1.0196,1.01985,6.70,1.30
2008.06.30 06:53:51.732,1.01965,1.0199,1.00,4.80
2008.06.30 06:53:51.957,1.0197,1.01995,4.80,2.40
2008.06.30 06:53:52.397,1.0197,1.0199,4.80,4.20
2008.06.30 06:53:55.846,1.0197,1.0199,4.80,1.30
2008.06.30 06:53:56.109,1.0197,1.01995,4.80,1.30
2008.06.30 06:53:56.769,1.0197,1.01995,4.80,2.40
2008.06.30 06:53:57.037,1.0197,1.01985,4.80,1.30
2008.06.30 06:53:57.454,1.0196,1.01985,6.70,1.30
2008.06.30 06:53:59.156,1.0196,1.01985,7.00,1.30
2008.06.30 06:53:59.413,1.0196,1.0198,5.70,1.30
2008.06.30 06:53:59.666,1.0196,1.01985,4.80,1.30
2008.06.30 06:53:59.914,1.0196,1.0198,4.80,2.80
2008.06.30 06:54:00.243,1.0196,1.0199,4.80,10.00
2008.06.30 06:54:00.667,1.01955,1.0199,1.00,5.20
2008.06.30 06:54:00.887,1.0196,1.0199,4.80,5.20
2008.06.30 06:54:02.100,1.0196,1.01985,4.80,1.00
2008.06.30 06:54:02.450,1.0196,1.01985,4.80,2.40
2008.06.30 06:54:03.121,1.0196,1.0198,4.80,1.00
2008.06.30 06:54:03.240,1.0195,1.0198,7.60,7.20
2008.06.30 06:54:03.825,1.0195,1.0198,8.00,6.10
2008.06.30 06:54:04.236,1.0195,1.0198,7.60,6.10
2008.06.30 06:54:04.432,1.0195,1.0198,7.60,7.20
2008.06.30 06:54:06.768,1.0195,1.0198,8.00,7.20
2008.06.30 06:54:07.051,1.0195,1.0198,8.00,6.10
2008.06.30 06:54:07.329,1.0195,1.0198,3.20,1.30
2008.06.30 06:54:07.609,1.0195,1.0198,2.80,1.30
2008.06.30 06:54:07.773,1.0195,1.01975,2.80,1.30
2008.06.30 06:54:07.831,1.01945,1.01975,1.00,1.30
2008.06.30 06:54:07.940,1.01945,1.0197,1.00,2.80
2008.06.30 06:54:07.994,1.0194,1.0197,2.20,2.80
2008.06.30 06:54:10.413,1.0194,1.0197,2.20,2.80
2008.06.30 06:54:10.887,1.0194,1.0197,2.20,4.20
2008.06.30 06:54:11.527,1.0194,1.0197,7.00,9.00
2008.06.30 06:54:11.853,1.0195,1.0197,1.00,9.00
2008.06.30 06:54:12.102,1.0195,1.0197,1.90,7.60
2008.06.30 06:54:12.351,1.0195,1.0197,1.00,9.00
2008.06.30 06:54:12.602,1.0194,1.0197,7.00,9.00
2008.06.30 06:54:12.750,1.0195,1.0197,4.80,4.20
2008.06.30 06:54:15.868,1.01945,1.0197,1.00,1.30
2008.06.30 06:54:16.282,1.01945,1.0197,1.00,6.10
2008.06.30 06:54:17.491,1.01945,1.0197,1.00,9.00
2008.06.30 06:54:19.070,1.01945,1.0197,1.00,10.00
2008.06.30 06:54:19.761,1.01945,1.0197,1.00,9.00
2008.06.30 06:54:22.377,1.01945,1.0197,1.00,10.00
2008.06.30 06:54:23.283,1.01945,1.01965,1.00,1.30
2008.06.30 06:54:23.936,1.01935,1.01965,1.30,1.30
2008.06.30 06:54:25.398,1.0194,1.0197,1.00,11.00
2008.06.30 06:54:25.549,1.0194,1.0197,1.30,10.00
2008.06.30 06:54:25.988,1.0194,1.0197,1.00,10.00
2008.06.30 06:54:26.617,1.0194,1.0197,1.30,10.00
2008.06.30 06:54:26.968,1.0194,1.0197,1.30,5.20
2008.06.30 06:54:27.323,1.0194,1.0197,4.20,5.70
2008.06.30 06:54:27.480,1.0194,1.0197,4.20,4.80
2008.06.30 06:54:27.625,1.0194,1.0197,4.20,4.80
2008.06.30 06:54:27.839,1.0194,1.0197,1.00,2.80
2008.06.30 06:54:27.988,1.0195,1.0197,4.80,2.80
2008.06.30 06:54:28.141,1.0195,1.0197,4.80,4.20
2008.06.30 06:54:28.380,1.01945,1.01975,1.00,2.40
2008.06.30 06:54:28.622,1.01945,1.0197,1.00,4.80
2008.06.30 06:54:29.097,1.0195,1.01975,4.80,2.40
2008.06.30 06:54:30.318,1.0195,1.01975,4.80,1.00
2008.06.30 06:54:30.429,1.0195,1.01975,4.80,2.40
2008.06.30 06:54:30.683,1.0195,1.01975,4.80,1.00
2008.06.30 06:54:30.948,1.0195,1.0197,4.80,1.30
2008.06.30 06:54:31.055,1.0195,1.0197,4.80,4.20
2008.06.30 06:54:31.543,1.0194,1.0197,5.10,9.00
2008.06.30 06:54:33.614,1.0194,1.0197,4.80,9.00
2008.06.30 06:54:34.103,1.0194,1.0197,5.10,9.00
2008.06.30 06:54:34.376,1.01945,1.0197,1.00,9.00
2008.06.30 06:54:34.557,1.0194,1.0197,6.10,7.60
2008.06.30 06:54:34.884,1.0194,1.0197,7.00,7.60
2008.06.30 06:54:35.147,1.0194,1.0197,4.80,10.00
2008.06.30 06:54:37.601,1.0194,1.0197,5.10,9.00
2008.06.30 06:54:38.238,1.0195,1.0197,4.80,4.20
2008.06.30 06:54:40.456,1.0194,1.0197,7.00,9.00
2008.06.30 06:54:41.202,1.0195,1.0197,4.80,4.20
2008.06.30 06:54:42.807,1.0195,1.0197,4.80,5.20
2008.06.30 06:54:43.452,1.0194,1.0197,6.70,10.00
2008.06.30 06:54:45.161,1.0194,1.0197,7.00,9.00
2008.06.30 06:54:45.359,1.0195,1.0197,4.80,4.20
2008.06.30 06:54:45.547,1.0195,1.0197,4.80,2.80
2008.06.30 06:54:46.313,1.0195,1.0197,4.80,4.20
2008.06.30 06:54:47.411,1.0194,1.0197,7.00,9.00
2008.06.30 06:54:48.070,1.0195,1.0197,4.80,4.20
2008.06.30 06:54:56.578,1.0195,1.0196,4.80,1.30
2008.06.30 06:54:56.970,1.0194,1.0196,6.70,1.30
2008.06.30 06:54:58.208,1.0194,1.01965,6.70,1.30
2008.06.30 06:54:59.711,1.0194,1.0196,6.70,1.30
2008.06.30 06:55:00.639,1.0194,1.01965,7.00,1.30
2008.06.30 06:55:00.917,1.0194,1.0196,7.00,1.30
2008.06.30 06:55:01.229,1.0194,1.0196,6.70,1.30
2008.06.30 06:55:02.298,1.0194,1.01965,6.70,1.30
2008.06.30 06:55:02.715,1.0194,1.0196,6.70,1.30
2008.06.30 06:55:05.785,1.0194,1.0196,5.70,1.30
2008.06.30 06:55:05.948,1.0194,1.0196,4.80,1.30
2008.06.30 06:55:06.525,1.0193,1.01955,8.00,1.30
2008.06.30 06:55:11.264,1.0193,1.0195,8.00,1.30
2008.06.30 06:55:11.413,1.0193,1.01955,8.00,1.30
2008.06.30 06:55:11.754,1.0193,1.0196,8.00,7.20
2008.06.30 06:55:12.047,1.0193,1.0196,8.00,5.70
2008.06.30 06:55:12.343,1.0194,1.01965,4.80,1.30
2008.06.30 06:55:12.768,1.0194,1.01965,4.80,2.40
2008.06.30 06:55:13.428,1.0193,1.0196,8.00,4.80
2008.06.30 06:55:14.034,1.0193,1.0196,5.10,7.60
2008.06.30 06:55:14.276,1.0193,1.0196,5.10,9.00
2008.06.30 06:55:14.525,1.0193,1.01955,5.10,1.30
2008.06.30 06:55:14.770,1.0193,1.01955,4.80,1.30
2008.06.30 06:55:15.332,1.0193,1.0196,5.10,10.00
2008.06.30 06:55:15.706,1.0193,1.0196,5.10,11.00
2008.06.30 06:55:15.808,1.0193,1.01955,5.10,1.30
2008.06.30 06:55:15.896,1.0193,1.01955,4.80,1.30
2008.06.30 06:55:16.353,1.0193,1.01955,5.10,1.30
2008.06.30 06:55:21.775,1.0193,1.01955,8.00,1.30
2008.06.30 06:55:21.885,1.0193,1.01955,7.60,1.30
2008.06.30 06:55:22.094,1.0193,1.0196,7.60,7.20
2008.06.30 06:55:22.662,1.0193,1.01955,7.60,1.00
2008.06.30 06:55:25.457,1.0193,1.0196,7.60,7.20
2008.06.30 06:55:31.728,1.0194,1.0196,4.80,2.40
2008.06.30 06:55:35.058,1.0194,1.0196,4.80,1.30
2008.06.30 06:55:35.689,1.0193,1.0196,8.00,6.10
2008.06.30 06:55:36.888,1.0194,1.0197,4.80,10.00
2008.06.30 06:55:37.768,1.0194,1.0196,4.80,1.30
2008.06.30 06:55:38.220,1.0193,1.0196,8.00,6.10
2008.06.30 06:55:39.183,1.0193,1.0196,8.00,4.80
2008.06.30 06:55:39.685,1.0193,1.0196,17.60,4.80
2008.06.30 06:55:39.795,1.0194,1.0197,4.80,10.00
2008.06.30 06:55:42.357,1.0194,1.01965,4.80,1.30
2008.06.30 06:55:42.602,1.0194,1.01965,4.80,2.40
2008.06.30 06:55:43.040,1.0194,1.0196,4.80,1.30
2008.06.30 06:55:45.578,1.0194,1.0196,4.80,2.40
2008.06.30 06:55:46.365,1.0194,1.0196,4.80,1.00
2008.06.30 06:55:46.866,1.0194,1.01965,4.80,2.40
2008.06.30 06:55:47.947,1.0194,1.0196,4.80,1.30
2008.06.30 06:55:48.322,1.0194,1.0196,4.80,2.40
2008.06.30 06:55:48.716,1.0194,1.0196,4.80,5.20
2008.06.30 06:55:48.896,1.0194,1.0196,4.80,3.80
2008.06.30 06:55:49.140,1.0193,1.0196,4.80,8.60
2008.06.30 06:55:49.298,1.0193,1.0196,4.80,7.60
2008.06.30 06:55:49.595,1.0193,1.0196,8.00,4.80
2008.06.30 06:55:50.541,1.0193,1.01955,8.00,1.30
2008.06.30 06:55:50.885,1.0193,1.01955,7.60,1.30
2008.06.30 06:55:51.405,1.0193,1.01955,8.00,1.30
2008.06.30 06:55:51.716,1.0193,1.0196,8.00,5.70
2008.06.30 06:55:51.900,1.0193,1.0196,9.00,5.70
2008.06.30 06:55:52.094,1.0193,1.0196,9.90,4.80
2008.06.30 06:55:52.288,1.0194,1.01965,4.80,2.40
2008.06.30 06:55:52.595,1.0194,1.01965,4.80,1.00
2008.06.30 06:55:52.761,1.0194,1.0197,4.80,10.00
2008.06.30 06:55:53.068,1.0195,1.0197,4.80,5.20
2008.06.30 06:55:53.417,1.0194,1.0197,4.80,10.00
2008.06.30 06:55:55.395,1.0194,1.01965,4.80,1.30
2008.06.30 06:55:55.744,1.0194,1.01965,4.80,2.40
2008.06.30 06:55:56.264,1.0194,1.0196,4.80,1.00
2008.06.30 06:55:59.633,1.0194,1.0196,4.80,3.80
2008.06.30 06:56:00.195,1.0194,1.0196,4.80,1.00
2008.06.30 06:56:00.294,1.0194,1.0196,4.80,3.80
2008.06.30 06:56:00.531,1.0194,1.0196,4.80,1.00
2008.06.30 06:56:01.113,1.0193,1.0196,6.70,8.60
2008.06.30 06:56:01.989,1.0193,1.0196,9.60,5.70
2008.06.30 06:56:02.294,1.0194,1.0196,4.80,1.00
2008.06.30 06:56:02.583,1.0194,1.0196,4.80,2.40
2008.06.30 06:56:03.370,1.0193,1.01955,7.60,1.00
2008.06.30 06:56:04.084,1.0193,1.01955,4.80,1.00
2008.06.30 06:56:04.550,1.0193,1.0195,4.80,2.80
2008.06.30 06:56:06.396,1.0193,1.01955,4.80,1.00
2008.06.30 06:56:06.635,1.0193,1.01955,7.60,1.00
2008.06.30 06:56:06.927,1.0193,1.01955,4.80,1.00
2008.06.30 06:56:07.932,1.0193,1.01955,7.60,1.00
2008.06.30 06:56:09.231,1.0193,1.0196,5.70,8.60
2008.06.30 06:56:09.498,1.0193,1.01955,6.10,1.30
2008.06.30 06:56:09.771,1.0194,1.01955,4.80,1.30
2008.06.30 06:56:10.284,1.0193,1.0196,7.60,5.70
2008.06.30 06:56:10.546,1.0193,1.0196,9.60,5.70
2008.06.30 06:56:10.808,1.0193,1.0196,9.90,5.70
2008.06.30 06:56:11.137,1.0194,1.0196,4.80,1.00
2008.06.30 06:56:11.365,1.0194,1.0196,4.80,3.80
2008.06.30 06:56:11.593,1.0194,1.01955,4.80,1.30
2008.06.30 06:56:12.036,1.0193,1.01955,4.80,1.30
2008.06.30 06:56:12.971,1.0193,1.0196,4.80,8.60
2008.06.30 06:56:13.159,1.0193,1.0196,5.70,8.60
2008.06.30 06:56:13.263,1.0193,1.0196,6.70,8.60
2008.06.30 06:56:13.360,1.0193,1.0196,9.90,5.70
2008.06.30 06:56:13.609,1.0194,1.01955,4.80,1.30
2008.06.30 06:56:13.805,1.0194,1.0195,4.80,1.30
2008.06.30 06:56:13.995,1.0194,1.01955,4.80,2.40
2008.06.30 06:56:14.461,1.0194,1.01955,4.80,1.30
2008.06.30 06:56:14.719,1.01925,1.0195,1.30,4.80
2008.06.30 06:56:15.292,1.0193,1.01955,4.80,1.30
2008.06.30 06:56:20.755,1.0193,1.0196,4.80,10.00
2008.06.30 06:56:22.696,1.0193,1.0196,4.80,11.00
2008.06.30 06:56:22.954,1.0193,1.01955,4.80,1.00
2008.06.30 06:56:23.118,1.0193,1.01955,4.80,2.40
2008.06.30 06:56:24.106,1.0193,1.0195,4.80,1.30
2008.06.30 06:56:24.361,1.0193,1.01955,4.80,1.30
2008.06.30 06:56:24.830,1.0193,1.01955,5.10,1.30
2008.06.30 06:56:25.277,1.0193,1.0195,5.10,4.80
2008.06.30 06:56:25.496,1.0192,1.0195,9.90,9.60
2008.06.30 06:56:25.721,1.0193,1.0195,1.00,4.80
2008.06.30 06:56:26.022,1.0193,1.01955,5.10,1.30
2008.06.30 06:56:28.239,1.0193,1.0195,4.80,1.30
2008.06.30 06:56:28.747,1.0193,1.0195,4.80,4.20
2008.06.30 06:56:28.891,1.0193,1.0195,4.80,1.30
2008.06.30 06:56:29.552,1.0193,1.01945,4.80,1.30
2008.06.30 06:56:29.728,1.0193,1.0194,4.80,2.80
2008.06.30 06:56:29.984,1.0192,1.0194,5.10,2.80
2008.06.30 06:56:30.237,1.0192,1.0195,8.00,8.10
2008.06.30 06:56:30.486,1.0192,1.0195,8.00,7.20
2008.06.30 06:56:30.734,1.0193,1.0195,4.80,2.40
2008.06.30 06:56:30.984,1.0193,1.0194,4.80,1.30
2008.06.30 06:56:31.265,1.0192,1.0194,5.10,4.20
2008.06.30 06:56:31.545,1.0192,1.0194,4.80,4.20
2008.06.30 06:56:32.501,1.0191,1.0194,5.10,9.00
2008.06.30 06:56:33.079,1.0191,1.0194,5.10,13.80
2008.06.30 06:56:33.500,1.0191,1.0194,4.80,14.80
2008.06.30 06:56:33.863,1.0191,1.0194,4.80,10.00
2008.06.30 06:56:34.807,1.0191,1.01935,4.80,1.00
2008.06.30 06:56:36.599,1.01905,1.0193,1.00,4.80
2008.06.30 06:56:36.951,1.019,1.0193,9.90,4.80
2008.06.30 06:56:37.280,1.019,1.0193,19.50,4.80
2008.06.30 06:56:37.677,1.0191,1.01935,4.80,1.00
2008.06.30 06:56:39.276,1.0191,1.0193,4.80,2.40
2008.06.30 06:56:39.521,1.019,1.0193,18.20,7.20
2008.06.30 06:56:39.644,1.019,1.0193,7.60,7.20
2008.06.30 06:56:41.551,1.019,1.0193,8.00,6.10
2008.06.30 06:56:42.146,1.019,1.0193,8.00,7.20
2008.06.30 06:56:43.049,1.019,1.0192,5.10,2.80
2008.06.30 06:56:43.273,1.019,1.0192,4.80,2.80
2008.06.30 06:56:52.117,1.019,1.0192,4.80,4.20
2008.06.30 06:56:52.264,1.0189,1.0192,6.70,10.00
2008.06.30 06:56:52.404,1.0189,1.0192,6.70,14.80
2008.06.30 06:56:53.641,1.019,1.0192,4.80,10.00
2008.06.30 06:56:55.280,1.0189,1.0192,6.70,14.80
2008.06.30 06:56:55.480,1.0189,1.0192,6.70,10.00
2008.06.30 06:57:00.473,1.019,1.0192,4.80,5.20
2008.06.30 06:57:01.230,1.019,1.0192,4.80,3.80
2008.06.30 06:57:01.847,1.019,1.0192,4.80,2.80
2008.06.30 06:57:02.538,1.019,1.0192,4.80,4.20
2008.06.30 06:57:03.027,1.0189,1.0192,5.10,9.00
2008.06.30 06:57:03.148,1.0189,1.0191,5.10,2.80
2008.06.30 06:57:04.076,1.0189,1.0191,5.10,4.20
2008.06.30 06:57:04.263,1.0189,1.0191,4.80,4.20
2008.06.30 06:57:04.599,1.0189,1.0191,4.80,5.20
2008.06.30 06:57:04.920,1.0188,1.0191,4.80,10.00
2008.06.30 06:57:05.226,1.0188,1.01905,4.80,1.30
2008.06.30 06:57:06.999,1.0188,1.0191,4.80,10.00
2008.06.30 06:57:07.099,1.0188,1.0191,4.80,7.20
2008.06.30 06:57:07.388,1.0188,1.0191,4.80,6.10
2008.06.30 06:57:07.496,1.0188,1.0191,4.80,9.00
2008.06.30 06:57:07.875,1.0188,1.0191,5.10,9.00
2008.06.30 06:57:08.575,1.0188,1.0191,5.10,10.00
2008.06.30 06:57:10.248,1.0188,1.0191,1.00,5.20
2008.06.30 06:57:10.399,1.0188,1.019,1.00,1.30
2008.06.30 06:57:10.649,1.01875,1.019,1.00,1.30
2008.06.30 06:57:11.758,1.0187,1.019,8.00,2.40
2008.06.30 06:57:18.662,1.0188,1.019,4.80,2.40
2008.06.30 06:57:19.267,1.0187,1.019,8.00,2.40
2008.06.30 06:57:19.425,1.0187,1.019,9.00,2.40
2008.06.30 06:57:19.703,1.0187,1.019,9.00,1.00
2008.06.30 06:57:19.852,1.0187,1.01905,9.00,2.40
2008.06.30 06:57:20.002,1.0188,1.01905,4.80,2.40
2008.06.30 06:57:20.330,1.0188,1.01905,4.80,1.00
2008.06.30 06:57:20.479,1.0188,1.0191,7.60,2.40
2008.06.30 06:57:20.863,1.0188,1.019,4.80,2.40
2008.06.30 06:57:21.165,1.0187,1.019,7.60,2.40
2008.06.30 06:57:22.941,1.0187,1.019,2.80,7.20
2008.06.30 06:57:23.992,1.01865,1.019,1.00,7.20
2008.06.30 06:57:24.582,1.0187,1.019,2.80,7.20
2008.06.30 06:57:27.259,1.0188,1.019,1.00,5.70
2008.06.30 06:57:27.435,1.0188,1.019,1.00,4.80
2008.06.30 06:57:27.594,1.0188,1.019,1.90,4.80
2008.06.30 06:57:27.769,1.0189,1.0191,4.80,2.80
2008.06.30 06:57:28.747,1.0189,1.01915,7.60,1.00
2008.06.30 06:57:29.014,1.0189,1.0192,7.60,5.70
2008.06.30 06:57:30.432,1.0189,1.0192,8.00,4.80
2008.06.30 06:57:31.153,1.0189,1.0192,8.00,6.10
2008.06.30 06:57:31.400,1.0189,1.0191,4.80,2.80
2008.06.30 06:57:31.779,1.0189,1.0191,4.80,2.80
2008.06.30 06:57:32.140,1.01895,1.0192,1.00,4.80
2008.06.30 06:57:32.613,1.019,1.01925,4.80,2.40
2008.06.30 06:57:33.083,1.0189,1.0192,8.00,4.80
2008.06.30 06:57:33.981,1.0189,1.0192,5.10,4.80
2008.06.30 06:57:34.596,1.0189,1.0192,8.00,4.80
2008.06.30 06:57:35.847,1.0189,1.0192,9.00,4.80
2008.06.30 06:57:36.135,1.0189,1.0192,8.00,4.80
2008.06.30 06:57:37.394,1.019,1.01925,4.80,2.40
2008.06.30 06:57:37.630,1.019,1.0192,4.80,1.00
2008.06.30 06:57:37.803,1.019,1.0192,4.80,1.90
2008.06.30 06:57:38.137,1.019,1.0192,4.80,3.20
2008.06.30 06:57:38.259,1.019,1.0191,4.80,2.80
2008.06.30 06:57:38.699,1.0189,1.0192,8.00,6.70
2008.06.30 06:57:38.940,1.0189,1.0192,8.00,5.70
2008.06.30 06:57:39.038,1.0189,1.0192,8.00,4.80
2008.06.30 06:57:39.203,1.019,1.01925,4.80,2.40
2008.06.30 06:57:42.709,1.019,1.0192,4.80,1.00
2008.06.30 06:57:42.949,1.019,1.0192,4.80,2.20
2008.06.30 06:57:43.154,1.019,1.0192,4.80,1.30
2008.06.30 06:57:43.357,1.0189,1.0192,9.00,5.70
2008.06.30 06:57:43.623,1.0189,1.0192,8.00,5.70
2008.06.30 06:57:43.984,1.019,1.01925,4.80,2.40
2008.06.30 06:57:44.627,1.019,1.0192,4.80,1.30
2008.06.30 06:57:44.835,1.019,1.0192,4.80,2.20
2008.06.30 06:57:44.959,1.019,1.0192,4.80,3.20
2008.06.30 06:57:45.076,1.019,1.0192,4.80,1.90
2008.06.30 06:57:45.200,1.019,1.0192,4.80,1.00
2008.06.30 06:57:45.444,1.0189,1.0192,9.00,4.80
2008.06.30 06:57:45.679,1.019,1.01925,4.80,1.30
2008.06.30 06:57:46.946,1.019,1.0193,4.80,12.00
2008.06.30 06:57:47.214,1.019,1.0192,4.80,2.20
2008.06.30 06:57:47.478,1.019,1.0192,4.80,3.20
2008.06.30 06:57:47.738,1.0189,1.0192,8.60,5.70
2008.06.30 06:57:47.949,1.0189,1.0192,9.00,5.70
2008.06.30 06:57:48.068,1.0189,1.0192,9.00,4.80
2008.06.30 06:57:48.184,1.019,1.01925,4.80,2.40
2008.06.30 06:57:49.317,1.019,1.01925,4.80,1.00
2008.06.30 06:57:49.564,1.019,1.0193,7.60,9.10
2008.06.30 06:57:51.711,1.019,1.01925,7.60,1.30
2008.06.30 06:57:51.899,1.019,1.01925,4.80,1.30
2008.06.30 06:57:52.169,1.019,1.0193,4.80,12.00
2008.06.30 06:57:52.467,1.019,1.0193,5.10,7.00
2008.06.30 06:57:52.716,1.019,1.0193,5.10,6.10
2008.06.30 06:57:58.277,1.019,1.01925,5.10,1.30
2008.06.30 06:57:58.450,1.019,1.01925,4.80,1.30
2008.06.30 06:57:59.857,1.019,1.0193,4.80,10.00
2008.06.30 06:58:00.064,1.019,1.0193,5.10,9.00
2008.06.30 06:58:00.602,1.019,1.0193,5.10,7.60
2008.06.30 06:58:00.746,1.019,1.0193,8.00,4.80
2008.06.30 06:58:01.159,1.019,1.0193,5.10,7.60
2008.06.30 06:58:02.702,1.019,1.0193,5.10,9.00
2008.06.30 06:58:03.064,1.019,1.0193,9.90,4.80
2008.06.30 06:58:03.252,1.019,1.0193,9.90,4.80
2008.06.30 06:58:03.400,1.0191,1.0193,2.80,4.80
2008.06.30 06:58:03.818,1.0191,1.0194,9.00,4.80
2008.06.30 06:58:05.406,1.0191,1.0194,5.10,4.80
2008.06.30 06:58:05.495,1.0191,1.0194,5.10,5.70
2008.06.30 06:58:05.748,1.0191,1.0194,4.80,8.60
2008.06.30 06:58:05.823,1.0191,1.01935,4.80,1.30
2008.06.30 06:58:08.413,1.0191,1.01925,4.80,1.30
2008.06.30 06:58:08.787,1.0191,1.0193,4.80,1.30
2008.06.30 06:58:09.000,1.019,1.0193,7.60,6.10
2008.06.30 06:58:09.122,1.019,1.0193,8.00,6.10
2008.06.30 06:58:09.302,1.019,1.0193,5.10,6.10
2008.06.30 06:58:10.024,1.019,1.0193,5.10,9.00
2008.06.30 06:58:10.287,1.019,1.01925,4.80,1.30
2008.06.30 06:58:16.791,1.019,1.01925,5.10,1.30
2008.06.30 06:58:17.883,1.019,1.01925,8.00,1.30
2008.06.30 06:58:17.989,1.019,1.0193,8.00,5.70
2008.06.30 06:58:19.235,1.01905,1.0193,1.00,4.80
2008.06.30 06:58:20.416,1.0191,1.0193,3.80,4.80
2008.06.30 06:58:20.654,1.01915,1.0193,1.00,4.80
2008.06.30 06:58:20.892,1.01915,1.0194,1.00,4.80
2008.06.30 06:58:21.490,1.0192,1.01945,4.80,2.40
2008.06.30 06:58:22.064,1.0192,1.01945,4.80,1.30
2008.06.30 06:58:23.827,1.0192,1.01945,4.80,2.40
2008.06.30 06:58:23.985,1.0192,1.01945,4.80,1.00
2008.06.30 06:58:24.315,1.0192,1.0195,5.10,9.60
2008.06.30 06:58:24.678,1.0192,1.01945,8.00,1.30
2008.06.30 06:58:24.956,1.0192,1.01945,4.80,1.30
2008.06.30 06:58:26.234,1.0192,1.0195,4.80,10.00
2008.06.30 06:58:26.611,1.0192,1.0195,4.80,7.20
2008.06.30 06:58:26.894,1.0192,1.0195,4.80,10.00
2008.06.30 06:58:27.169,1.0192,1.0195,4.80,7.20
2008.06.30 06:58:28.298,1.0192,1.01945,4.80,1.30
2008.06.30 06:58:29.732,1.0192,1.01945,4.80,2.40
2008.06.30 06:58:34.150,1.0192,1.0194,4.80,2.80
2008.06.30 06:58:34.224,1.0192,1.01935,4.80,1.30
2008.06.30 06:58:34.492,1.0192,1.0194,4.80,1.00
2008.06.30 06:58:34.612,1.0192,1.01945,4.80,3.30
2008.06.30 06:58:34.714,1.0191,1.0194,7.60,4.80
2008.06.30 06:58:34.826,1.0191,1.0194,7.60,5.70
2008.06.30 06:58:35.141,1.01915,1.0194,1.00,4.80
2008.06.30 06:58:36.008,1.0192,1.01945,4.80,3.30
2008.06.30 06:58:36.219,1.0191,1.0194,8.00,4.80
2008.06.30 06:58:36.615,1.01915,1.0194,1.00,4.80
2008.06.30 06:58:37.196,1.0192,1.01945,4.80,1.30
2008.06.30 06:58:37.499,1.0192,1.0195,4.80,5.70
2008.06.30 06:58:37.806,1.0192,1.0195,8.00,4.80
2008.06.30 06:58:38.107,1.0193,1.01955,4.80,2.40
2008.06.30 06:58:38.687,1.0193,1.0195,4.80,2.80
2008.06.30 06:58:38.928,1.0193,1.0195,4.80,4.20
2008.06.30 06:58:39.436,1.0193,1.0195,4.80,5.20
2008.06.30 06:58:39.804,1.0192,1.01945,4.80,1.30
2008.06.30 06:58:40.044,1.0192,1.01945,4.80,2.40
2008.06.30 06:58:40.279,1.0191,1.0194,8.00,4.80
2008.06.30 06:58:40.588,1.0191,1.0194,9.00,4.80
2008.06.30 06:58:40.780,1.0191,1.0194,9.00,4.80
2008.06.30 06:58:40.970,1.01915,1.0194,1.00,4.80
2008.06.30 06:58:41.384,1.0192,1.0195,4.80,5.70
2008.06.30 06:58:41.582,1.0192,1.0195,4.80,7.20
2008.06.30 06:58:42.197,1.0192,1.0195,4.80,10.00
2008.06.30 06:58:42.481,1.0192,1.01945,4.80,1.30
2008.06.30 06:58:42.770,1.0192,1.0195,4.80,7.20
2008.06.30 06:58:43.061,1.0192,1.0194,4.80,1.00
2008.06.30 06:58:43.347,1.0192,1.01945,4.80,1.00
2008.06.30 06:58:44.386,1.0192,1.01945,4.80,2.40
2008.06.30 06:58:45.045,1.0192,1.0193,4.80,1.30
2008.06.30 06:58:45.306,1.0191,1.0193,4.80,1.30
2008.06.30 06:58:45.547,1.019,1.0193,8.00,7.20
2008.06.30 06:58:50.765,1.019,1.0193,8.00,5.70
2008.06.30 06:58:51.804,1.019,1.0193,8.00,5.70
2008.06.30 06:58:52.160,1.01905,1.0193,1.00,4.80
2008.06.30 06:58:52.851,1.0191,1.01935,4.80,1.00
2008.06.30 06:58:57.771,1.0191,1.01935,4.80,2.40
2008.06.30 06:58:58.126,1.01905,1.0193,1.00,4.80
2008.06.30 06:58:58.437,1.019,1.0193,9.90,4.80
2008.06.30 06:59:01.446,1.019,1.0193,9.90,6.10
2008.06.30 06:59:01.725,1.019,1.0193,8.00,6.10
2008.06.30 06:59:02.002,1.019,1.0193,7.60,7.20
2008.06.30 06:59:02.279,1.019,1.0193,7.60,6.10
2008.06.30 06:59:02.630,1.019,1.0193,8.00,6.10
2008.06.30 06:59:03.467,1.019,1.0193,8.00,4.80
2008.06.30 06:59:03.732,1.019,1.0193,4.80,5.70
2008.06.30 06:59:04.672,1.019,1.01925,4.80,1.30
2008.06.30 06:59:05.368,1.019,1.01925,4.80,2.40
2008.06.30 06:59:05.905,1.019,1.01915,4.80,2.40
2008.06.30 06:59:06.120,1.019,1.0191,4.80,1.00
2008.06.30 06:59:06.346,1.019,1.01915,4.80,2.40
2008.06.30 06:59:06.565,1.0189,1.01915,4.80,3.30
2008.06.30 06:59:06.931,1.0188,1.0191,7.60,5.70
2008.06.30 06:59:07.302,1.0188,1.0191,8.00,4.80
2008.06.30 06:59:07.880,1.0189,1.01915,4.80,2.40
2008.06.30 06:59:08.134,1.0189,1.0191,4.80,1.00
2008.06.30 06:59:08.737,1.0188,1.0191,8.00,5.70
2008.06.30 06:59:08.915,1.0188,1.0191,9.00,5.70
2008.06.30 06:59:09.059,1.0188,1.0191,7.00,7.20
2008.06.30 06:59:09.210,1.0189,1.0191,4.80,1.00
2008.06.30 06:59:09.491,1.0188,1.0191,9.90,5.70
2008.06.30 06:59:09.647,1.0188,1.0191,9.60,5.70
2008.06.30 06:59:09.943,1.0189,1.01915,4.80,2.40
2008.06.30 06:59:10.221,1.0188,1.0191,9.60,4.80
2008.06.30 06:59:10.775,1.0189,1.01915,4.80,2.40
2008.06.30 06:59:10.983,1.0188,1.01915,4.80,3.30
2008.06.30 06:59:11.177,1.0188,1.0191,4.80,1.00
2008.06.30 06:59:11.377,1.0188,1.0191,9.60,5.70
2008.06.30 06:59:12.187,1.0188,1.0191,7.60,5.70
2008.06.30 06:59:12.445,1.0188,1.01905,7.60,1.00
2008.06.30 06:59:12.724,1.0188,1.0191,8.00,4.80
2008.06.30 06:59:12.946,1.0189,1.01915,4.80,1.00
2008.06.30 06:59:13.364,1.0189,1.01915,7.60,1.00
2008.06.30 06:59:13.778,1.0189,1.0192,7.60,5.70
2008.06.30 06:59:14.575,1.0189,1.0192,8.00,4.80
2008.06.30 06:59:15.523,1.0189,1.0192,8.00,5.70
2008.06.30 06:59:15.658,1.0189,1.0192,8.00,6.70
2008.06.30 06:59:16.344,1.0189,1.0192,7.60,7.60
2008.06.30 06:59:17.347,1.0189,1.0192,8.00,7.60
2008.06.30 06:59:18.013,1.0189,1.0192,8.00,6.70
2008.06.30 06:59:18.354,1.0189,1.0192,8.00,5.70
2008.06.30 06:59:18.669,1.01895,1.0192,1.00,5.70
2008.06.30 06:59:18.749,1.01895,1.0192,1.00,4.80
2008.06.30 06:59:18.918,1.019,1.01925,4.80,1.30
2008.06.30 06:59:23.259,1.0191,1.01925,4.80,1.30
2008.06.30 06:59:23.336,1.0191,1.0192,4.80,1.30
2008.06.30 06:59:23.419,1.019,1.0192,4.80,1.30
2008.06.30 06:59:23.501,1.019,1.01925,4.80,1.30
2008.06.30 06:59:23.953,1.019,1.01925,4.80,2.40
2008.06.30 06:59:24.040,1.019,1.0192,4.80,1.30
2008.06.30 06:59:25.532,1.0189,1.0192,8.00,6.10
2008.06.30 06:59:28.734,1.0189,1.01915,8.00,1.30
2008.06.30 06:59:28.953,1.0189,1.01915,7.60,1.30
2008.06.30 06:59:29.157,1.0189,1.01915,4.80,1.30
2008.06.30 06:59:29.569,1.01885,1.0191,1.00,4.80
2008.06.30 06:59:30.338,1.0188,1.0191,8.00,4.80
2008.06.30 06:59:31.082,1.0189,1.0191,2.80,4.80
2008.06.30 06:59:31.723,1.01885,1.0191,1.00,4.80
2008.06.30 06:59:31.842,1.0189,1.0192,4.80,6.70
2008.06.30 06:59:32.192,1.0189,1.0191,4.80,2.80
2008.06.30 06:59:32.551,1.0189,1.0192,5.10,9.10
2008.06.30 06:59:32.923,1.0189,1.0192,5.10,8.10
2008.06.30 06:59:33.071,1.0189,1.0192,4.80,8.10
2008.06.30 06:59:33.221,1.0189,1.0191,4.80,2.80
2008.06.30 06:59:33.801,1.01885,1.0191,1.00,7.60
2008.06.30 06:59:33.972,1.0189,1.0191,4.80,2.80
2008.06.30 06:59:34.573,1.01885,1.0191,1.00,7.60
2008.06.30 06:59:39.823,1.01885,1.01895,1.00,1.30
2008.06.30 06:59:39.947,1.0188,1.01895,4.80,1.30
2008.06.30 06:59:40.351,1.0188,1.01905,4.80,3.30
2008.06.30 06:59:40.551,1.0187,1.019,7.60,4.80
2008.06.30 06:59:40.752,1.01875,1.019,1.00,4.80
2008.06.30 06:59:40.951,1.0188,1.0191,4.80,7.20
2008.06.30 06:59:41.149,1.0188,1.0191,5.10,6.10
2008.06.30 06:59:41.362,1.0188,1.01905,5.10,1.30
2008.06.30 06:59:41.572,1.0188,1.01905,4.80,1.30
2008.06.30 06:59:42.493,1.0188,1.01895,4.80,1.30
2008.06.30 06:59:43.186,1.0187,1.0189,4.80,2.80
2008.06.30 06:59:43.460,1.0187,1.0189,4.80,4.20
2008.06.30 06:59:43.723,1.0187,1.0189,4.80,2.80
2008.06.30 06:59:44.002,1.0187,1.01895,4.80,1.00
2008.06.30 06:59:44.135,1.0187,1.0189,4.80,1.00
2008.06.30 06:59:44.379,1.0186,1.0189,9.90,5.70
2008.06.30 06:59:44.622,1.0187,1.0189,4.80,1.00
2008.06.30 06:59:44.873,1.01865,1.0189,1.00,4.80
2008.06.30 06:59:45.312,1.0187,1.019,4.80,15.80
2008.06.30 06:59:45.480,1.0187,1.019,7.60,7.20
2008.06.30 06:59:46.488,1.0187,1.019,7.60,5.70
2008.06.30 06:59:46.902,1.0187,1.019,7.60,7.20
2008.06.30 06:59:47.111,1.0187,1.019,4.80,10.00
2008.06.30 06:59:47.321,1.0187,1.019,5.10,9.00
2008.06.30 06:59:47.535,1.0187,1.019,5.10,6.10
2008.06.30 06:59:47.854,1.0188,1.019,1.00,4.80
2008.06.30 06:59:48.177,1.01885,1.0191,1.00,6.10
2008.06.30 06:59:48.800,1.0189,1.0191,1.00,4.80
2008.06.30 06:59:49.128,1.0189,1.0192,5.10,7.20
2008.06.30 06:59:49.409,1.019,1.0192,4.80,2.40
2008.06.30 06:59:49.571,1.019,1.0191,4.80,1.30
2008.06.30 06:59:49.858,1.0189,1.0191,4.80,1.30
2008.06.30 06:59:50.142,1.0188,1.01905,5.10,1.30
2008.06.30 06:59:50.433,1.0189,1.0191,1.00,4.80
2008.06.30 06:59:50.711,1.0189,1.01915,5.10,1.30
2008.06.30 06:59:50.963,1.0189,1.0192,5.10,7.20
2008.06.30 06:59:51.193,1.0189,1.0191,5.10,1.30
2008.06.30 06:59:51.582,1.0189,1.01905,4.80,1.30
2008.06.30 06:59:52.108,1.0188,1.01905,4.80,2.40
2008.06.30 06:59:52.380,1.0188,1.01895,4.80,1.30
2008.06.30 06:59:52.650,1.0187,1.0189,4.80,2.80
2008.06.30 06:59:52.960,1.0187,1.01895,4.80,1.30
2008.06.30 06:59:53.272,1.0187,1.0189,1.00,4.80
2008.06.30 06:59:53.867,1.0187,1.01895,5.10,1.30
2008.06.30 06:59:55.358,1.0187,1.019,5.10,6.10
2008.06.30 06:59:55.583,1.01875,1.019,1.00,6.10
2008.06.30 06:59:55.777,1.0187,1.019,5.10,6.10
2008.06.30 06:59:56.067,1.0187,1.019,4.80,7.20
2008.06.30 06:59:56.346,1.0187,1.019,5.10,6.10
2008.06.30 06:59:57.158,1.01875,1.019,1.00,6.10
2008.06.30 06:59:57.510,1.01875,1.0189,1.00,4.20
2008.06.30 06:59:57.923,1.0187,1.0189,4.80,4.20
2008.06.30 06:59:58.136,1.01865,1.0189,1.00,9.00
2008.06.30 06:59:58.528,1.01865,1.0189,1.00,4.80
2008.06.30 06:59:58.919,1.0187,1.0189,2.80,4.80
2008.06.30 06:59:59.144,1.01865,1.0189,1.00,4.80
2008.06.30 06:59:59.315,1.0187,1.01895,4.80,1.00
2008.06.30 06:59:59.487,1.0187,1.019,5.10,12.00
2008.06.30 06:59:59.654,1.0187,1.019,5.10,10.90
2008.06.30 06:59:59.832,1.0187,1.019,8.00,8.00
