2016.10.27 09:00:00.547,0.79719,0.79729,1.00,1.00
2016.10.27 09:00:01.054,0.79718,0.79728,1.00,1.00
2016.10.27 09:00:01.603,0.79717,0.79727,1.00,1.12
2016.10.27 09:00:02.756,0.79717,0.79725,1.00,1.00
2016.10.27 09:00:04.205,0.79718,0.79727,1.00,1.87
2016.10.27 09:00:04.256,0.79718,0.79727,1.00,2.06
2016.10.27 09:00:04.763,0.79717,0.79726,1.00,1.19
2016.10.27 09:00:05.183,0.79716,0.79723,1.00,1.69
2016.10.27 09:00:05.236,0.79715,0.79724,1.00,2.81
2016.10.27 09:00:05.341,0.79715,0.79724,1.00,1.87
2016.10.27 09:00:05.443,0.79715,0.79721,1.00,1.37
2016.10.27 09:00:06.668,0.79715,0.79721,1.00,1.12
2016.10.27 09:00:07.214,0.79716,0.79722,1.00,1.37
2016.10.27 09:00:08.965,0.79716,0.79725,1.00,2.06
2016.10.27 09:00:09.625,0.79716,0.79722,1.00,1.00
2016.10.27 09:00:10.107,0.79718,0.79722,1.00,1.00
2016.10.27 09:00:10.612,0.79717,0.79724,1.00,1.69
2016.10.27 09:00:11.392,0.79717,0.79724,1.00,1.25
2016.10.27 09:00:12.204,0.79715,0.7972,1.00,1.00
2016.10.27 09:00:12.749,0.79714,0.7972,1.00,1.00
2016.10.27 09:00:13.230,0.79711,0.79717,1.00,1.00
2016.10.27 09:00:13.749,0.7971,0.79717,1.87,1.00
2016.10.27 09:00:15.931,0.79712,0.79717,1.00,1.00
2016.10.27 09:00:16.978,0.79711,0.79716,1.00,1.00
2016.10.27 09:00:17.282,0.79708,0.79712,1.50,1.00
2016.10.27 09:00:17.333,0.79707,0.79712,1.12,1.00
2016.10.27 09:00:17.435,0.79706,0.7971,1.00,1.00
2016.10.27 09:00:17.582,0.79704,0.79708,1.00,1.00
2016.10.27 09:00:18.390,0.79703,0.79708,1.12,1.00
2016.10.27 09:00:19.113,0.79701,0.79709,2.62,1.00
2016.10.27 09:00:19.862,0.79704,0.7971,1.00,1.00
2016.10.27 09:00:19.913,0.79704,0.79712,1.00,1.50
2016.10.27 09:00:21.106,0.79708,0.79714,1.12,1.00
2016.10.27 09:00:21.208,0.79708,0.79716,1.12,1.50
2016.10.27 09:00:21.259,0.7971,0.79716,1.00,1.00
2016.10.27 09:00:21.615,0.7971,0.79714,1.00,1.00
2016.10.27 09:00:22.107,0.79709,0.79716,1.00,1.00
2016.10.27 09:00:22.513,0.7971,0.79718,1.00,1.00
2016.10.27 09:00:22.615,0.7971,0.79715,1.00,1.00
2016.10.27 09:00:23.370,0.79708,0.79716,1.00,1.00
2016.10.27 09:00:25.050,0.79709,0.79716,1.00,1.00
2016.10.27 09:00:25.893,0.79709,0.79718,2.25,1.00
2016.10.27 09:00:25.994,0.79711,0.7972,1.00,1.00
2016.10.27 09:00:26.516,0.79711,0.7972,1.50,1.00
2016.10.27 09:00:27.130,0.79714,0.79721,1.00,1.00
2016.10.27 09:00:27.730,0.79716,0.79723,1.12,1.00
2016.10.27 09:00:28.280,0.79716,0.79724,1.12,1.00
2016.10.27 09:00:29.263,0.79716,0.79723,1.00,1.00
2016.10.27 09:00:29.323,0.79714,0.79722,1.12,1.00
2016.10.27 09:00:29.822,0.79714,0.7972,1.12,1.00
2016.10.27 09:00:30.342,0.7971,0.79719,1.87,1.00
2016.10.27 09:00:30.929,0.79711,0.79718,1.00,1.00
2016.10.27 09:00:32.059,0.79711,0.79717,1.00,1.00
2016.10.27 09:00:32.313,0.79711,0.79715,1.12,1.00
2016.10.27 09:00:33.130,0.79708,0.79714,1.00,1.00
2016.10.27 09:00:34.184,0.79707,0.79713,1.37,1.00
2016.10.27 09:00:34.927,0.79708,0.79714,1.50,1.00
2016.10.27 09:00:34.980,0.79707,0.79712,1.00,1.00
2016.10.27 09:00:35.481,0.79706,0.79712,1.50,1.00
2016.10.27 09:00:36.864,0.79706,0.79714,1.50,1.00
2016.10.27 09:00:37.377,0.79706,0.79714,2.25,1.00
2016.10.27 09:00:37.778,0.79709,0.79714,1.00,1.00
2016.10.27 09:00:38.082,0.79709,0.79716,1.30,1.00
2016.10.27 09:00:38.822,0.7971,0.79717,1.87,1.00
2016.10.27 09:00:39.351,0.79711,0.79717,1.12,1.00
2016.10.27 09:00:41.696,0.79711,0.79717,1.50,1.00
2016.10.27 09:00:41.849,0.79711,0.79719,2.44,1.00
2016.10.27 09:00:41.951,0.79714,0.7972,1.00,1.00
2016.10.27 09:00:42.814,0.79713,0.7972,1.00,1.00
2016.10.27 09:00:45.761,0.79711,0.7972,1.31,1.00
2016.10.27 09:00:46.136,0.79711,0.79718,2.06,1.00
2016.10.27 09:00:46.289,0.79711,0.7972,1.31,1.00
2016.10.27 09:00:46.340,0.79711,0.79718,1.31,1.00
2016.10.27 09:00:47.099,0.79711,0.79721,1.69,1.50
2016.10.27 09:00:47.150,0.79713,0.79721,1.00,1.12
2016.10.27 09:00:47.593,0.79712,0.79719,1.00,1.00
2016.10.27 09:00:49.358,0.79712,0.79721,1.25,1.00
2016.10.27 09:00:50.587,0.79713,0.7972,1.00,1.00
2016.10.27 09:00:51.179,0.79714,0.79721,1.00,1.00
2016.10.27 09:00:51.906,0.79712,0.79721,1.50,1.00
2016.10.27 09:00:52.117,0.79711,0.7972,1.31,1.12
2016.10.27 09:00:52.219,0.79711,0.79718,1.12,1.00
2016.10.27 09:00:52.524,0.79709,0.79716,1.31,1.00
2016.10.27 09:00:52.888,0.79706,0.79714,2.06,1.50
2016.10.27 09:00:52.999,0.79702,0.79707,1.00,1.00
2016.10.27 09:00:53.050,0.797,0.79706,1.00,1.00
2016.10.27 09:00:53.838,0.79698,0.79705,1.80,1.12
2016.10.27 09:00:53.940,0.79696,0.79702,1.50,1.00
2016.10.27 09:00:54.146,0.79698,0.79704,1.00,1.00
2016.10.27 09:00:54.197,0.79698,0.79707,1.31,1.50
2016.10.27 09:00:54.249,0.79698,0.79705,1.31,1.00
2016.10.27 09:00:54.831,0.79699,0.79706,1.00,1.00
2016.10.27 09:00:55.085,0.79704,0.79713,1.50,1.50
2016.10.27 09:00:55.491,0.79705,0.79715,1.50,1.12
2016.10.27 09:00:55.593,0.79707,0.79715,1.00,1.87
2016.10.27 09:00:57.258,0.79706,0.79714,1.00,1.00
2016.10.27 09:00:58.579,0.79708,0.79714,1.00,1.12
2016.10.27 09:00:59.414,0.79706,0.79715,1.12,1.12
2016.10.27 09:00:59.972,0.79706,0.79714,1.12,1.00
2016.10.27 09:01:00.041,0.79706,0.79712,1.12,1.00
2016.10.27 09:01:00.295,0.79703,0.79711,1.50,1.00
2016.10.27 09:01:02.670,0.79701,0.79709,1.87,1.00
2016.10.27 09:01:03.027,0.79702,0.79711,1.00,1.00
2016.10.27 09:01:03.180,0.79705,0.79712,1.00,1.00
2016.10.27 09:01:03.926,0.79707,0.79714,1.00,1.00
2016.10.27 09:01:04.230,0.79705,0.7971,1.00,1.00
2016.10.27 09:01:04.585,0.79705,0.79712,1.00,1.00
2016.10.27 09:01:05.296,0.79705,0.79713,1.00,2.25
2016.10.27 09:01:05.397,0.79705,0.79711,1.00,1.00
2016.10.27 09:01:05.753,0.79705,0.79713,1.00,1.50
2016.10.27 09:01:06.506,0.79703,0.7971,1.00,1.00
2016.10.27 09:01:07.416,0.79702,0.7971,1.00,1.50
2016.10.27 09:01:08.949,0.79702,0.7971,1.00,1.87
2016.10.27 09:01:09.051,0.797,0.79709,1.12,1.00
2016.10.27 09:01:09.808,0.797,0.79707,1.00,1.00
2016.10.27 09:01:10.061,0.79696,0.79704,1.50,1.00
2016.10.27 09:01:10.567,0.79696,0.79705,1.50,1.00
2016.10.27 09:01:11.093,0.79698,0.79705,1.00,1.00
2016.10.27 09:01:11.637,0.79697,0.79705,1.00,1.00
2016.10.27 09:01:12.155,0.79697,0.79706,1.00,1.12
2016.10.27 09:01:13.068,0.79696,0.79705,1.50,1.12
2016.10.27 09:01:13.580,0.79697,0.79704,1.00,1.00
2016.10.27 09:01:14.103,0.79697,0.79703,1.00,1.00
2016.10.27 09:01:14.634,0.79697,0.79704,1.50,1.00
2016.10.27 09:01:14.964,0.79698,0.79706,1.12,1.00
2016.10.27 09:01:15.245,0.79698,0.79707,1.50,1.00
2016.10.27 09:01:15.348,0.797,0.79709,1.50,1.00
2016.10.27 09:01:15.843,0.79709,0.79717,1.87,1.00
2016.10.27 09:01:16.156,0.79711,0.79719,1.00,1.12
2016.10.27 09:01:18.779,0.79711,0.79719,1.00,1.87
2016.10.27 09:01:19.280,0.7971,0.79717,1.00,1.00
2016.10.27 09:01:19.976,0.79711,0.79719,1.00,1.12
2016.10.27 09:01:20.283,0.7971,0.79717,1.00,1.00
2016.10.27 09:01:20.436,0.79708,0.79716,2.06,1.00
2016.10.27 09:01:21.127,0.7971,0.79717,1.00,1.00
2016.10.27 09:01:21.631,0.7971,0.79718,1.00,1.87
2016.10.27 09:01:23.082,0.7971,0.79717,1.00,1.00
2016.10.27 09:01:23.757,0.79708,0.79717,1.87,1.00
2016.10.27 09:01:24.279,0.79708,0.79716,1.00,1.12
2016.10.27 09:01:24.788,0.79707,0.79717,1.87,1.50
2016.10.27 09:01:25.289,0.79708,0.79717,1.00,1.12
2016.10.27 09:01:25.801,0.79708,0.79717,1.50,1.37
2016.10.27 09:01:26.634,0.79708,0.79717,1.00,1.00
2016.10.27 09:01:27.350,0.79707,0.79717,1.50,1.87
2016.10.27 09:01:27.906,0.79705,0.79713,3.19,1.00
2016.10.27 09:01:28.058,0.79704,0.79712,1.00,1.50
2016.10.27 09:01:28.363,0.79703,0.7971,1.00,1.00
2016.10.27 09:01:28.686,0.79704,0.79712,1.50,1.50
2016.10.27 09:01:29.533,0.79704,0.79711,1.00,1.00
2016.10.27 09:01:30.234,0.79704,0.79712,1.00,1.00
2016.10.27 09:01:31.213,0.79707,0.79714,1.00,1.50
2016.10.27 09:01:31.365,0.79707,0.79717,2.25,1.50
2016.10.27 09:01:31.953,0.79709,0.79717,1.00,1.00
2016.10.27 09:01:32.411,0.79709,0.79719,1.50,2.25
2016.10.27 09:01:32.913,0.7971,0.79718,1.00,1.00
2016.10.27 09:01:33.781,0.7971,0.79719,1.00,1.00
2016.10.27 09:01:34.849,0.79712,0.7972,1.00,1.00
2016.10.27 09:01:35.390,0.79711,0.7972,1.50,1.00
2016.10.27 09:01:35.803,0.79713,0.7972,1.00,1.00
2016.10.27 09:01:36.744,0.79713,0.79721,1.00,1.00
2016.10.27 09:01:37.268,0.79712,0.79721,1.00,1.00
2016.10.27 09:01:37.777,0.79713,0.79721,1.00,1.00
2016.10.27 09:01:38.207,0.79715,0.79722,1.00,1.00
2016.10.27 09:01:38.731,0.79715,0.79723,1.00,1.00
2016.10.27 09:01:39.788,0.79715,0.79722,1.00,1.00
2016.10.27 09:01:40.290,0.79715,0.79723,1.50,1.50
2016.10.27 09:01:43.208,0.79718,0.79723,1.00,1.00
2016.10.27 09:01:43.259,0.79718,0.79725,1.00,1.12
2016.10.27 09:01:44.110,0.79718,0.79726,1.00,2.25
2016.10.27 09:01:44.619,0.79718,0.79725,1.00,1.00
2016.10.27 09:01:45.567,0.79718,0.79726,1.00,2.25
2016.10.27 09:01:46.096,0.79718,0.79725,1.00,1.00
2016.10.27 09:01:46.147,0.79716,0.79726,1.50,2.25
2016.10.27 09:01:46.400,0.79716,0.79724,1.00,1.00
2016.10.27 09:01:46.935,0.79715,0.79725,1.50,1.50
2016.10.27 09:01:47.442,0.79716,0.79724,1.50,1.00
2016.10.27 09:01:47.836,0.79712,0.79721,1.87,1.00
2016.10.27 09:01:48.245,0.79712,0.79719,1.00,1.00
2016.10.27 09:01:48.813,0.79711,0.79718,1.00,1.00
2016.10.27 09:01:49.014,0.79703,0.79711,1.50,1.00
2016.10.27 09:01:49.065,0.79701,0.79709,1.25,1.00
2016.10.27 09:01:49.754,0.79698,0.79708,1.69,1.00
2016.10.27 09:01:50.683,0.79701,0.79709,1.69,1.00
2016.10.27 09:01:50.735,0.79702,0.79711,1.00,1.87
2016.10.27 09:01:51.246,0.79703,0.79711,1.50,1.50
2016.10.27 09:01:51.770,0.79704,0.79711,1.00,1.00
2016.10.27 09:01:51.826,0.79705,0.79713,1.00,1.00
2016.10.27 09:01:52.652,0.79706,0.79716,1.00,2.25
2016.10.27 09:01:53.178,0.79707,0.79717,1.00,2.62
2016.10.27 09:01:55.465,0.79708,0.79718,1.50,3.19
2016.10.27 09:01:55.841,0.7971,0.79719,1.00,1.12
2016.10.27 09:01:57.745,0.7971,0.79717,1.00,1.00
2016.10.27 09:01:58.266,0.79709,0.79716,1.00,1.00
2016.10.27 09:01:58.419,0.79706,0.79714,1.50,1.00
2016.10.27 09:01:58.470,0.79705,0.79712,1.00,1.00
2016.10.27 09:01:58.891,0.79699,0.79708,1.00,1.50
2016.10.27 09:01:59.144,0.79699,0.79706,1.50,1.00
2016.10.27 09:01:59.347,0.79701,0.79709,1.00,1.00
2016.10.27 09:01:59.448,0.79703,0.79711,1.00,1.50
2016.10.27 09:01:59.938,0.79705,0.79713,1.00,1.00
2016.10.27 09:02:00.447,0.79706,0.79714,1.00,1.00
2016.10.27 09:02:01.472,0.79705,0.79714,1.00,1.00
2016.10.27 09:02:02.021,0.79704,0.79713,1.69,1.00
2016.10.27 09:02:02.801,0.79705,0.79713,1.00,1.00
2016.10.27 09:02:03.561,0.79706,0.79714,1.00,1.12
2016.10.27 09:02:04.067,0.79705,0.79715,1.50,1.87
2016.10.27 09:02:04.606,0.79706,0.79713,1.00,1.00
2016.10.27 09:02:05.163,0.79706,0.79714,1.00,1.12
2016.10.27 09:02:06.060,0.79708,0.79716,1.00,1.00
2016.10.27 09:02:06.596,0.79708,0.79717,1.00,1.50
2016.10.27 09:02:07.368,0.79708,0.79716,1.00,1.00
2016.10.27 09:02:07.891,0.79707,0.79716,1.00,1.00
2016.10.27 09:02:08.456,0.79709,0.79716,1.00,1.50
2016.10.27 09:02:09.317,0.79707,0.79713,1.00,1.00
2016.10.27 09:02:09.431,0.79705,0.79714,1.00,1.00
2016.10.27 09:02:09.969,0.79705,0.79713,1.00,1.00
2016.10.27 09:02:10.488,0.79705,0.79714,1.00,1.50
2016.10.27 09:02:13.450,0.79706,0.79714,1.50,1.00
2016.10.27 09:02:13.681,0.79708,0.79715,1.00,1.00
2016.10.27 09:02:14.215,0.79708,0.79716,1.50,1.50
2016.10.27 09:02:15.171,0.79711,0.79717,1.00,1.00
2016.10.27 09:02:15.281,0.79713,0.79721,1.00,1.50
2016.10.27 09:02:15.789,0.79714,0.79722,1.00,1.00
2016.10.27 09:02:16.315,0.79713,0.79722,1.00,1.12
2016.10.27 09:02:18.211,0.79715,0.79722,1.00,2.25
2016.10.27 09:02:18.263,0.79713,0.79722,1.50,1.50
2016.10.27 09:02:18.768,0.79712,0.79721,1.50,1.12
2016.10.27 09:02:19.573,0.79718,0.79722,1.00,1.50
2016.10.27 09:02:19.651,0.79721,0.79729,1.00,1.31
2016.10.27 09:02:20.780,0.79719,0.79727,1.00,1.12
2016.10.27 09:02:20.933,0.79716,0.79726,1.50,1.25
2016.10.27 09:02:20.984,0.79715,0.79725,2.62,1.00
2016.10.27 09:02:21.441,0.79717,0.79725,1.00,1.00
2016.10.27 09:02:22.057,0.79718,0.79726,1.50,1.50
2016.10.27 09:02:22.264,0.79718,0.79728,1.50,2.25
2016.10.27 09:02:22.828,0.79719,0.79729,1.00,1.31
2016.10.27 09:02:23.851,0.79718,0.79728,1.87,1.00
2016.10.27 09:02:24.562,0.79721,0.79729,1.50,1.50
2016.10.27 09:02:24.918,0.79723,0.7973,1.87,1.50
2016.10.27 09:02:25.394,0.79726,0.79733,1.00,1.00
2016.10.27 09:02:25.445,0.79724,0.79734,1.00,1.00
2016.10.27 09:02:26.097,0.79725,0.79734,1.00,1.50
2016.10.27 09:02:26.603,0.79724,0.79732,1.00,1.00
2016.10.27 09:02:27.331,0.79723,0.79732,1.00,1.00
2016.10.27 09:02:27.787,0.79725,0.79733,1.00,1.87
2016.10.27 09:02:30.835,0.7973,0.79737,1.69,3.00
2016.10.27 09:02:30.921,0.79734,0.79742,1.00,1.00
2016.10.27 09:02:31.178,0.79736,0.79743,1.00,1.87
2016.10.27 09:02:31.230,0.79734,0.79744,1.50,2.62
2016.10.27 09:02:31.383,0.79732,0.79742,1.50,1.00
2016.10.27 09:02:31.434,0.79734,0.79741,1.00,1.12
2016.10.27 09:02:31.877,0.79736,0.79746,1.00,1.50
2016.10.27 09:02:32.384,0.79736,0.79745,2.25,1.00
2016.10.27 09:02:32.537,0.79739,0.79746,1.00,1.00
2016.10.27 09:02:32.588,0.79739,0.79748,1.00,1.12
2016.10.27 09:02:33.260,0.7974,0.79745,1.00,1.00
2016.10.27 09:02:33.312,0.79736,0.79745,1.12,1.00
2016.10.27 09:02:33.414,0.79738,0.79745,1.00,1.00
2016.10.27 09:02:33.465,0.79738,0.79748,1.12,1.87
2016.10.27 09:02:33.973,0.79739,0.79746,1.00,1.00
2016.10.27 09:02:34.236,0.79736,0.79745,1.50,1.00
2016.10.27 09:02:34.578,0.79736,0.79742,1.12,1.31
2016.10.27 09:02:34.630,0.79734,0.79744,1.00,1.50
2016.10.27 09:02:35.137,0.79735,0.79744,1.00,1.00
2016.10.27 09:02:36.798,0.79734,0.79743,1.50,1.00
2016.10.27 09:02:36.850,0.79734,0.79741,1.00,1.00
2016.10.27 09:02:37.380,0.7973,0.79737,1.12,1.00
2016.10.27 09:02:37.431,0.7973,0.7974,1.50,1.00
2016.10.27 09:02:38.022,0.7973,0.79739,1.00,1.00
2016.10.27 09:02:39.776,0.7973,0.79737,1.50,1.00
2016.10.27 09:02:39.929,0.79727,0.79735,1.00,1.00
2016.10.27 09:02:40.433,0.79726,0.79736,2.25,1.00
2016.10.27 09:02:41.107,0.79726,0.79735,3.00,1.00
2016.10.27 09:02:42.088,0.79729,0.79735,1.00,1.00
2016.10.27 09:02:43.466,0.79728,0.79735,1.00,1.00
2016.10.27 09:02:44.706,0.79728,0.79735,1.00,1.37
2016.10.27 09:02:44.758,0.79726,0.79733,1.12,1.00
2016.10.27 09:02:44.809,0.79726,0.79731,1.12,1.00
2016.10.27 09:02:44.962,0.79722,0.79729,1.37,1.00
2016.10.27 09:02:45.503,0.79722,0.79729,1.00,1.00
2016.10.27 09:02:46.134,0.79722,0.7973,1.00,1.00
2016.10.27 09:02:46.441,0.79721,0.79728,1.00,1.00
2016.10.27 09:02:47.111,0.79724,0.79729,1.12,1.50
2016.10.27 09:02:47.162,0.79726,0.7973,1.00,1.00
2016.10.27 09:02:47.213,0.79723,0.7973,1.50,1.00
2016.10.27 09:02:47.416,0.79721,0.79729,1.12,1.00
2016.10.27 09:02:47.964,0.7972,0.79729,1.12,1.12
2016.10.27 09:02:48.514,0.79719,0.79728,1.00,1.00
2016.10.27 09:02:49.128,0.7972,0.79728,1.00,1.00
2016.10.27 09:02:49.331,0.79722,0.79729,1.00,1.00
2016.10.27 09:02:50.086,0.7972,0.79729,1.12,1.00
2016.10.27 09:02:50.339,0.7972,0.79727,1.00,1.00
2016.10.27 09:02:50.441,0.79718,0.79727,1.12,1.00
2016.10.27 09:02:50.543,0.79718,0.79725,1.50,1.00
2016.10.27 09:02:53.559,0.79719,0.79727,1.00,1.00
2016.10.27 09:02:55.149,0.79721,0.79727,1.00,1.00
2016.10.27 09:02:55.504,0.79719,0.79728,1.50,1.00
2016.10.27 09:02:56.039,0.79719,0.79726,1.00,1.00
2016.10.27 09:02:56.242,0.79719,0.79728,1.12,1.00
2016.10.27 09:02:56.761,0.7972,0.79728,1.00,1.00
2016.10.27 09:02:58.313,0.79721,0.79728,1.00,1.00
2016.10.27 09:03:02.819,0.79721,0.79729,1.00,1.00
2016.10.27 09:03:02.870,0.79722,0.7973,1.37,1.12
2016.10.27 09:03:04.631,0.79722,0.79729,1.50,1.00
2016.10.27 09:03:04.935,0.79721,0.79726,1.00,1.00
2016.10.27 09:03:05.771,0.79719,0.79726,1.69,1.00
2016.10.27 09:03:06.290,0.79719,0.79725,1.00,1.00
2016.10.27 09:03:07.060,0.79719,0.79726,1.50,1.00
2016.10.27 09:03:08.459,0.79718,0.79725,2.25,1.00
2016.10.27 09:03:10.383,0.7972,0.79726,1.00,1.00
2016.10.27 09:03:10.434,0.7972,0.79728,1.00,1.00
2016.10.27 09:03:10.636,0.7972,0.79724,1.00,1.00
2016.10.27 09:03:10.738,0.79718,0.79724,1.12,1.00
2016.10.27 09:03:11.333,0.79717,0.79724,1.50,1.00
2016.10.27 09:03:11.874,0.79718,0.79724,1.00,1.00
2016.10.27 09:03:12.376,0.79719,0.79724,1.00,1.00
2016.10.27 09:03:12.908,0.79718,0.79726,1.00,1.00
2016.10.27 09:03:13.060,0.79718,0.79724,1.00,1.00
2016.10.27 09:03:13.566,0.79717,0.79724,1.00,1.00
2016.10.27 09:03:14.170,0.79716,0.79724,1.00,1.00
2016.10.27 09:03:18.636,0.79715,0.79724,1.00,1.00
2016.10.27 09:03:19.987,0.79715,0.79724,1.12,1.00
2016.10.27 09:03:20.562,0.79716,0.79724,1.00,1.00
2016.10.27 09:03:24.429,0.79716,0.79725,1.87,1.00
2016.10.27 09:03:24.784,0.79717,0.79726,2.25,1.00
2016.10.27 09:03:25.327,0.79718,0.79727,1.12,1.00
2016.10.27 09:03:25.916,0.79719,0.79727,1.00,1.00
2016.10.27 09:03:26.242,0.79719,0.79729,1.69,1.50
2016.10.27 09:03:27.039,0.79728,0.79732,1.00,4.50
2016.10.27 09:03:27.090,0.79727,0.79735,1.12,1.00
2016.10.27 09:03:27.192,0.79727,0.79737,1.12,1.00
2016.10.27 09:03:27.662,0.79727,0.79734,1.12,1.00
2016.10.27 09:03:28.145,0.79725,0.79735,1.50,1.12
2016.10.27 09:03:28.400,0.79727,0.79735,1.00,1.00
2016.10.27 09:03:28.705,0.79728,0.79737,1.00,1.12
2016.10.27 09:03:29.241,0.79727,0.79736,1.37,1.00
2016.10.27 09:03:31.674,0.79729,0.79736,1.00,1.00
2016.10.27 09:03:31.801,0.79729,0.79738,1.31,1.12
2016.10.27 09:03:31.904,0.79731,0.79739,1.00,1.00
2016.10.27 09:03:32.209,0.79727,0.79737,1.87,1.00
2016.10.27 09:03:32.260,0.79727,0.79737,1.12,1.00
2016.10.27 09:03:32.865,0.79727,0.79736,1.00,1.50
2016.10.27 09:03:33.394,0.79726,0.79735,1.50,1.00
2016.10.27 09:03:34.573,0.79727,0.79735,1.00,1.00
2016.10.27 09:03:37.742,0.79729,0.79737,1.00,1.75
2016.10.27 09:03:37.895,0.7973,0.79739,1.00,1.87
2016.10.27 09:03:37.996,0.7973,0.79739,1.00,1.50
2016.10.27 09:03:38.452,0.79734,0.79739,1.00,1.12
2016.10.27 09:03:38.553,0.79734,0.79743,1.00,2.62
2016.10.27 09:03:39.307,0.79734,0.79743,1.00,1.37
2016.10.27 09:03:39.412,0.79735,0.79744,1.00,2.25
2016.10.27 09:03:39.515,0.79735,0.79742,1.00,1.00
2016.10.27 09:03:39.634,0.79733,0.79741,1.00,1.12
2016.10.27 09:03:39.686,0.79731,0.79741,1.00,1.87
2016.10.27 09:03:39.787,0.79729,0.7974,2.25,1.00
2016.10.27 09:03:39.991,0.79731,0.79739,1.00,1.00
2016.10.27 09:03:40.391,0.79731,0.79741,1.00,1.00
2016.10.27 09:03:41.454,0.79732,0.79742,1.00,1.69
2016.10.27 09:03:41.962,0.79733,0.79742,1.00,2.06
2016.10.27 09:03:42.717,0.79732,0.79742,1.00,2.06
2016.10.27 09:03:43.181,0.79735,0.79742,1.00,1.12
2016.10.27 09:03:43.689,0.79735,0.79745,1.00,2.44
2016.10.27 09:03:44.209,0.79737,0.79745,1.00,2.44
2016.10.27 09:03:44.364,0.79738,0.79746,1.00,1.50
2016.10.27 09:03:45.061,0.79738,0.79746,1.00,1.87
2016.10.27 09:03:46.166,0.79741,0.79745,1.00,1.12
2016.10.27 09:03:46.217,0.79739,0.79746,1.00,1.75
2016.10.27 09:03:46.319,0.79741,0.79745,1.00,1.00
2016.10.27 09:03:46.421,0.79739,0.79748,1.50,1.12
2016.10.27 09:03:46.472,0.79739,0.79748,1.00,1.50
2016.10.27 09:03:46.625,0.79742,0.79748,1.00,1.50
2016.10.27 09:03:46.777,0.79742,0.79751,1.00,1.00
2016.10.27 09:03:46.879,0.79744,0.79751,1.00,1.12
2016.10.27 09:03:47.405,0.79745,0.79752,1.00,1.37
2016.10.27 09:03:47.913,0.79745,0.79753,1.00,1.87
2016.10.27 09:03:49.973,0.79743,0.79753,1.00,2.44
2016.10.27 09:03:50.821,0.79742,0.79751,1.00,1.50
2016.10.27 09:03:51.580,0.79744,0.79751,1.00,1.00
2016.10.27 09:03:51.733,0.79744,0.79753,1.00,1.31
2016.10.27 09:03:51.936,0.79746,0.79753,1.00,1.25
2016.10.27 09:03:52.467,0.79745,0.79752,1.00,1.00
2016.10.27 09:03:52.975,0.79745,0.79751,1.00,1.00
2016.10.27 09:03:53.629,0.79746,0.79753,1.00,1.69
2016.10.27 09:03:55.317,0.79744,0.79753,1.00,2.06
2016.10.27 09:03:56.211,0.79744,0.79754,1.50,2.44
2016.10.27 09:03:56.982,0.79744,0.79753,1.50,1.25
2016.10.27 09:03:58.561,0.79744,0.79752,1.00,1.50
2016.10.27 09:03:58.924,0.79741,0.7975,1.00,1.56
2016.10.27 09:03:59.380,0.79739,0.79749,1.50,1.25
2016.10.27 09:03:59.888,0.7974,0.79748,1.00,1.00
2016.10.27 09:04:00.434,0.7974,0.79749,1.00,1.31
2016.10.27 09:04:00.685,0.79739,0.79745,1.00,1.00
2016.10.27 09:04:01.681,0.79738,0.79745,1.00,1.00
2016.10.27 09:04:02.081,0.7974,0.79745,1.00,1.00
2016.10.27 09:04:02.386,0.79737,0.79744,1.50,1.00
2016.10.27 09:04:02.854,0.79737,0.79746,1.37,1.00
2016.10.27 09:04:03.057,0.79737,0.79744,1.37,1.00
2016.10.27 09:04:03.526,0.79737,0.79746,1.62,1.00
2016.10.27 09:04:03.628,0.79738,0.79744,1.12,1.00
2016.10.27 09:04:03.831,0.79735,0.79745,2.25,1.00
2016.10.27 09:04:04.195,0.79736,0.79745,1.50,1.00
2016.10.27 09:04:04.738,0.79737,0.79744,1.12,1.00
2016.10.27 09:04:05.336,0.79735,0.79744,1.50,1.00
2016.10.27 09:04:05.592,0.79735,0.79742,1.37,1.00
2016.10.27 09:04:05.795,0.79733,0.79741,1.62,1.00
2016.10.27 09:04:06.049,0.79734,0.79744,1.19,1.50
2016.10.27 09:04:06.502,0.79734,0.79744,2.44,1.00
2016.10.27 09:04:07.036,0.79735,0.79743,1.00,1.00
2016.10.27 09:04:07.610,0.79736,0.79743,1.00,1.00
2016.10.27 09:04:09.570,0.79736,0.79744,1.69,1.00
2016.10.27 09:04:09.621,0.79738,0.79744,1.00,1.00
2016.10.27 09:04:10.180,0.79737,0.79744,1.00,1.00
2016.10.27 09:04:10.739,0.79736,0.79743,1.00,1.00
2016.10.27 09:04:11.267,0.79736,0.79744,1.00,1.00
2016.10.27 09:04:11.832,0.79736,0.79743,1.50,1.00
2016.10.27 09:04:11.884,0.79736,0.79745,1.50,1.00
2016.10.27 09:04:12.605,0.79739,0.79745,1.00,1.00
2016.10.27 09:04:14.190,0.7974,0.79745,1.00,1.00
2016.10.27 09:04:14.698,0.7974,0.79746,1.00,1.00
2016.10.27 09:04:15.104,0.79738,0.79744,1.19,1.00
2016.10.27 09:04:15.619,0.79737,0.79742,1.31,1.00
2016.10.27 09:04:15.670,0.79737,0.79744,1.31,1.00
2016.10.27 09:04:15.722,0.79736,0.79742,1.25,1.00
2016.10.27 09:04:16.026,0.79735,0.7974,1.00,1.00
2016.10.27 09:04:16.128,0.79735,0.79742,1.00,1.00
2016.10.27 09:04:16.586,0.79735,0.79742,1.87,1.00
2016.10.27 09:04:16.977,0.79738,0.79745,1.12,1.00
2016.10.27 09:04:17.388,0.79738,0.79743,1.12,1.00
2016.10.27 09:04:18.137,0.79738,0.79744,1.00,1.00
2016.10.27 09:04:18.902,0.79736,0.79744,1.87,1.00
2016.10.27 09:04:19.592,0.79735,0.79743,1.00,1.00
2016.10.27 09:04:19.650,0.79734,0.7974,1.25,1.00
2016.10.27 09:04:19.702,0.79734,0.79742,1.25,1.00
2016.10.27 09:04:20.007,0.79736,0.79742,1.00,1.00
2016.10.27 09:04:20.109,0.79734,0.79742,1.25,1.00
2016.10.27 09:04:20.861,0.79734,0.79741,1.25,1.00
2016.10.27 09:04:21.652,0.79735,0.79741,1.00,1.00
2016.10.27 09:04:21.703,0.79735,0.79739,1.00,1.00
2016.10.27 09:04:22.650,0.79732,0.79738,1.19,1.00
2016.10.27 09:04:23.642,0.7973,0.79738,1.87,1.00
2016.10.27 09:04:24.185,0.79729,0.79737,1.87,1.00
2016.10.27 09:04:24.726,0.7973,0.79736,1.12,1.00
2016.10.27 09:04:25.545,0.7973,0.79737,1.00,1.00
2016.10.27 09:04:25.597,0.79727,0.79734,1.12,1.00
2016.10.27 09:04:25.649,0.79729,0.79737,1.25,1.00
2016.10.27 09:04:25.751,0.7973,0.79739,1.50,1.00
2016.10.27 09:04:25.955,0.79727,0.79736,1.50,1.00
2016.10.27 09:04:26.260,0.79725,0.79734,2.44,1.00
2016.10.27 09:04:26.311,0.79724,0.79734,2.44,1.37
2016.10.27 09:04:26.860,0.79724,0.79734,1.31,1.12
2016.10.27 09:04:27.468,0.79725,0.79733,1.69,1.00
2016.10.27 09:04:28.120,0.79727,0.79734,1.00,1.12
2016.10.27 09:04:28.596,0.79725,0.79731,1.00,1.00
2016.10.27 09:04:28.647,0.79724,0.79733,1.00,1.00
2016.10.27 09:04:28.749,0.79723,0.79731,2.44,1.00
2016.10.27 09:04:29.053,0.79723,0.79733,2.44,1.00
2016.10.27 09:04:29.994,0.79725,0.79733,1.00,1.00
2016.10.27 09:04:30.532,0.79725,0.79734,1.00,1.00
2016.10.27 09:04:31.278,0.79725,0.79733,1.12,1.00
2016.10.27 09:04:31.330,0.79723,0.79731,1.12,1.00
2016.10.27 09:04:31.634,0.7972,0.79728,1.00,1.00
2016.10.27 09:04:32.956,0.7972,0.79727,1.00,1.75
2016.10.27 09:04:33.018,0.79716,0.79724,1.12,1.12
2016.10.27 09:04:33.475,0.79717,0.79726,1.50,1.00
2016.10.27 09:04:34.330,0.79713,0.79723,1.87,1.37
2016.10.27 09:04:34.635,0.79711,0.7972,3.37,1.00
2016.10.27 09:04:35.142,0.79712,0.79721,1.00,1.00
2016.10.27 09:04:35.715,0.79711,0.79721,1.00,1.12
2016.10.27 09:04:36.020,0.79714,0.79724,1.00,1.00
2016.10.27 09:04:36.609,0.79715,0.79725,1.00,1.00
2016.10.27 09:04:36.933,0.79717,0.79725,1.12,1.00
2016.10.27 09:04:37.036,0.79717,0.79727,1.50,1.00
2016.10.27 09:04:37.239,0.79718,0.79727,1.50,1.00
2016.10.27 09:04:37.997,0.79719,0.79728,1.12,1.00
2016.10.27 09:04:38.869,0.79717,0.79727,1.00,1.12
2016.10.27 09:04:38.965,0.79717,0.79725,1.00,1.00
2016.10.27 09:04:39.381,0.79714,0.79721,1.87,1.00
2016.10.27 09:04:39.768,0.79714,0.79721,1.00,1.00
2016.10.27 09:04:40.285,0.79713,0.79721,1.50,1.00
2016.10.27 09:04:40.832,0.79713,0.79722,1.00,1.00
2016.10.27 09:04:40.984,0.79715,0.79723,1.00,1.00
2016.10.27 09:04:41.437,0.79716,0.79725,1.00,1.00
2016.10.27 09:04:41.953,0.79716,0.79726,1.50,1.00
2016.10.27 09:04:42.659,0.79716,0.79726,2.25,1.00
2016.10.27 09:04:43.278,0.79721,0.79728,1.00,1.87
2016.10.27 09:04:43.481,0.79715,0.79725,1.87,1.50
2016.10.27 09:04:43.582,0.79714,0.79724,1.00,1.12
2016.10.27 09:04:43.937,0.79714,0.79722,1.00,1.00
2016.10.27 09:04:45.010,0.79715,0.79722,1.00,1.00
2016.10.27 09:04:45.070,0.79715,0.79724,1.00,1.50
2016.10.27 09:04:46.004,0.79715,0.79722,1.00,1.00
2016.10.27 09:04:47.380,0.79714,0.79723,1.12,1.00
2016.10.27 09:04:47.723,0.79713,0.79721,2.44,1.00
2016.10.27 09:04:48.167,0.79716,0.79726,1.87,1.37
2016.10.27 09:04:48.422,0.79718,0.79726,1.00,1.00
2016.10.27 09:04:51.163,0.79721,0.79726,1.00,1.00
2016.10.27 09:04:51.214,0.79719,0.79728,1.12,1.00
2016.10.27 09:04:51.773,0.79721,0.79728,1.12,1.00
2016.10.27 09:04:52.314,0.79723,0.79731,1.00,1.00
2016.10.27 09:04:52.948,0.79724,0.79732,1.00,1.37
2016.10.27 09:04:53.151,0.79722,0.79731,1.00,1.12
2016.10.27 09:04:54.089,0.79721,0.7973,1.00,1.00
2016.10.27 09:04:54.292,0.79721,0.79728,1.00,1.00
2016.10.27 09:04:54.394,0.7972,0.7973,1.00,2.62
2016.10.27 09:04:55.449,0.79721,0.7973,1.00,1.87
2016.10.27 09:04:56.755,0.79719,0.79729,1.50,1.87
2016.10.27 09:04:57.163,0.79721,0.79728,1.00,1.00
2016.10.27 09:04:58.079,0.7972,0.79728,1.00,1.12
2016.10.27 09:04:59.192,0.7972,0.79729,1.00,1.50
2016.10.27 09:04:59.704,0.79721,0.7973,1.00,1.12
2016.10.27 09:05:00.731,0.79721,0.7973,1.00,1.37
2016.10.27 09:05:01.259,0.79721,0.7973,1.00,1.12
2016.10.27 09:05:01.778,0.79721,0.7973,1.00,2.25
2016.10.27 09:05:02.082,0.79717,0.79726,1.37,1.00
2016.10.27 09:05:02.626,0.79717,0.79727,1.12,2.25
2016.10.27 09:05:02.981,0.79716,0.79724,1.37,1.00
2016.10.27 09:05:03.286,0.79715,0.79724,1.12,1.00
2016.10.27 09:05:04.061,0.79714,0.79722,1.12,1.00
2016.10.27 09:05:04.402,0.79712,0.7972,1.00,1.00
2016.10.27 09:05:04.606,0.79709,0.79719,1.00,1.00
2016.10.27 09:05:04.658,0.79709,0.79717,1.00,1.00
2016.10.27 09:05:05.822,0.79708,0.79717,1.00,1.37
2016.10.27 09:05:06.127,0.79709,0.79718,1.00,2.25
2016.10.27 09:05:06.281,0.79713,0.79719,1.00,1.87
2016.10.27 09:05:06.332,0.79713,0.7972,1.00,1.12
2016.10.27 09:05:06.536,0.79713,0.79722,1.00,1.12
2016.10.27 09:05:06.958,0.79717,0.79724,1.00,1.00
2016.10.27 09:05:07.689,0.79719,0.79726,1.00,1.50
2016.10.27 09:05:07.741,0.79719,0.79726,1.00,1.00
2016.10.27 09:05:07.792,0.79721,0.79728,1.00,1.50
2016.10.27 09:05:07.843,0.7972,0.7973,1.00,3.19
2016.10.27 09:05:08.308,0.79718,0.79728,1.12,1.37
2016.10.27 09:05:08.511,0.7972,0.79727,1.00,1.12
2016.10.27 09:05:08.919,0.79718,0.79728,1.00,1.87
2016.10.27 09:05:09.314,0.79716,0.79726,1.50,1.37
2016.10.27 09:05:09.619,0.79717,0.79726,1.00,3.94
2016.10.27 09:05:09.923,0.7972,0.79727,1.00,3.00
2016.10.27 09:05:10.127,0.79723,0.79731,1.00,2.25
2016.10.27 09:05:10.591,0.79722,0.79731,1.00,2.25
2016.10.27 09:05:10.846,0.79721,0.7973,1.00,1.00
2016.10.27 09:05:11.153,0.79719,0.79728,1.00,1.87
2016.10.27 09:05:11.689,0.79721,0.79727,1.00,1.00
2016.10.27 09:05:11.741,0.79719,0.79728,2.10,1.00
2016.10.27 09:05:12.598,0.79719,0.79729,1.50,1.00
2016.10.27 09:05:12.649,0.79721,0.79728,1.00,1.00
2016.10.27 09:05:13.229,0.7972,0.79728,1.00,1.00
2016.10.27 09:05:14.490,0.7972,0.79729,1.00,1.00
2016.10.27 09:05:14.974,0.79722,0.79732,1.12,1.87
2016.10.27 09:05:15.178,0.79723,0.79733,1.00,1.12
2016.10.27 09:05:15.229,0.79723,0.79731,1.50,1.00
2016.10.27 09:05:15.280,0.79723,0.79733,1.50,1.00
2016.10.27 09:05:15.536,0.79723,0.79731,1.50,1.00
2016.10.27 09:05:15.688,0.79722,0.79732,1.00,1.50
2016.10.27 09:05:16.727,0.7972,0.79729,1.69,1.00
2016.10.27 09:05:17.637,0.7972,0.7973,1.69,1.00
2016.10.27 09:05:18.145,0.7972,0.79729,1.56,1.00
2016.10.27 09:05:18.682,0.79721,0.7973,1.31,1.00
2016.10.27 09:05:21.424,0.79721,0.79728,1.25,1.00
2016.10.27 09:05:22.074,0.79721,0.79729,1.25,1.00
2016.10.27 09:05:26.202,0.79721,0.7973,1.19,1.00
2016.10.27 09:05:26.707,0.79723,0.79729,1.00,1.00
2016.10.27 09:05:28.373,0.79726,0.7973,1.00,1.00
2016.10.27 09:05:28.424,0.79726,0.79732,1.00,1.00
2016.10.27 09:05:29.380,0.79725,0.79732,1.00,1.00
2016.10.27 09:05:30.260,0.79723,0.79732,1.00,1.00
2016.10.27 09:05:30.311,0.79723,0.79729,1.00,1.00
2016.10.27 09:05:30.464,0.79721,0.79729,1.12,1.00
2016.10.27 09:05:30.972,0.79721,0.7973,1.00,1.00
2016.10.27 09:05:31.074,0.79723,0.79732,1.00,1.00
2016.10.27 09:05:31.579,0.79724,0.79732,1.00,1.00
2016.10.27 09:05:34.334,0.79724,0.79733,1.00,1.12
2016.10.27 09:05:34.752,0.79724,0.79731,1.00,1.00
2016.10.27 09:05:36.257,0.79725,0.79732,1.00,1.00
2016.10.27 09:05:36.764,0.79725,0.79731,1.00,1.00
2016.10.27 09:05:37.257,0.7973,0.79737,1.00,2.62
2016.10.27 09:05:37.359,0.7973,0.79738,1.50,1.00
2016.10.27 09:05:37.461,0.79729,0.79737,2.25,1.00
2016.10.27 09:05:37.614,0.79729,0.79739,1.00,1.12
2016.10.27 09:05:37.867,0.7973,0.79737,1.00,1.00
2016.10.27 09:05:38.927,0.7973,0.79739,1.69,1.00
2016.10.27 09:05:39.432,0.7973,0.7974,2.81,1.00
2016.10.27 09:05:40.159,0.79732,0.79741,1.00,1.00
2016.10.27 09:05:40.679,0.79733,0.79742,1.00,1.00
2016.10.27 09:05:40.831,0.79731,0.7974,1.00,1.00
2016.10.27 09:05:41.136,0.7973,0.79738,1.00,1.00
2016.10.27 09:05:41.809,0.79731,0.79741,1.00,1.12
2016.10.27 09:05:41.911,0.79733,0.79743,1.00,2.25
2016.10.27 09:05:42.217,0.79737,0.79747,1.50,1.00
2016.10.27 09:05:43.337,0.79738,0.79745,1.00,1.00
2016.10.27 09:05:43.591,0.79731,0.79741,1.87,1.00
2016.10.27 09:05:43.694,0.79734,0.79741,1.00,1.00
2016.10.27 09:05:43.746,0.79735,0.79743,1.00,1.00
2016.10.27 09:05:43.799,0.79735,0.79745,1.00,1.12
2016.10.27 09:05:44.304,0.79736,0.79745,2.25,1.00
2016.10.27 09:05:44.356,0.79737,0.79747,1.12,1.00
2016.10.27 09:05:44.868,0.79738,0.79746,1.00,1.00
2016.10.27 09:05:45.386,0.79738,0.79747,1.12,1.00
2016.10.27 09:05:45.770,0.79737,0.79745,1.00,1.00
2016.10.27 09:05:45.821,0.79735,0.79745,1.50,1.00
2016.10.27 09:05:46.328,0.79736,0.79746,1.87,1.00
2016.10.27 09:05:46.919,0.79737,0.79747,1.87,1.00
2016.10.27 09:05:46.999,0.79736,0.79743,1.37,1.00
2016.10.27 09:05:47.806,0.79736,0.79742,1.37,1.00
2016.10.27 09:05:48.216,0.79737,0.79744,1.00,1.00
2016.10.27 09:05:50.048,0.79736,0.79742,1.00,1.00
2016.10.27 09:05:50.566,0.79736,0.79741,1.00,1.00
2016.10.27 09:05:51.203,0.79735,0.79741,1.87,1.00
2016.10.27 09:05:51.505,0.79735,0.79743,1.87,1.00
2016.10.27 09:05:52.711,0.79736,0.79743,1.12,1.00
2016.10.27 09:05:52.812,0.79738,0.79745,1.00,1.00
2016.10.27 09:05:53.320,0.79739,0.79745,1.00,1.00
2016.10.27 09:05:53.882,0.79738,0.79745,1.00,1.00
2016.10.27 09:05:54.357,0.79738,0.79743,1.00,1.00
2016.10.27 09:05:54.883,0.79737,0.79743,1.50,1.00
2016.10.27 09:05:55.416,0.79736,0.79743,1.87,1.00
2016.10.27 09:05:56.323,0.79736,0.79742,1.00,1.00
2016.10.27 09:05:57.125,0.79734,0.79742,1.12,1.00
2016.10.27 09:05:57.176,0.79734,0.7974,1.12,1.00
2016.10.27 09:05:58.527,0.79733,0.7974,1.25,1.00
2016.10.27 09:05:58.882,0.79734,0.79738,1.00,1.00
2016.10.27 09:05:59.877,0.79735,0.79741,1.25,1.00
2016.10.27 09:06:00.389,0.79734,0.79739,1.00,1.00
2016.10.27 09:06:00.491,0.79732,0.79738,1.12,1.00
2016.10.27 09:06:00.543,0.7973,0.79736,1.50,1.00
2016.10.27 09:06:00.929,0.7973,0.79734,1.12,1.00
2016.10.27 09:06:00.981,0.79729,0.79735,1.00,1.00
2016.10.27 09:06:01.690,0.79729,0.79735,3.00,1.00
2016.10.27 09:06:02.193,0.79728,0.79735,1.50,1.00
2016.10.27 09:06:02.245,0.79726,0.79733,1.50,1.00
2016.10.27 09:06:02.550,0.79724,0.7973,1.00,1.00
2016.10.27 09:06:03.389,0.79726,0.7973,1.00,1.00
2016.10.27 09:06:03.441,0.79727,0.79734,1.87,1.00
2016.10.27 09:06:03.493,0.79727,0.79734,2.25,1.00
2016.10.27 09:06:04.022,0.79727,0.79733,2.62,1.00
2016.10.27 09:06:04.553,0.79727,0.79733,1.12,1.00
2016.10.27 09:06:04.605,0.79725,0.79731,1.00,1.00
2016.10.27 09:06:05.181,0.79724,0.79731,1.12,1.00
2016.10.27 09:06:06.026,0.79723,0.79731,1.87,1.00
2016.10.27 09:06:06.538,0.79725,0.79731,1.00,1.00
2016.10.27 09:06:06.834,0.79722,0.79731,1.50,1.00
2016.10.27 09:06:07.198,0.79721,0.79731,1.87,1.00
2016.10.27 09:06:07.579,0.79723,0.7973,1.00,1.00
2016.10.27 09:06:08.085,0.79724,0.7973,1.00,1.00
2016.10.27 09:06:10.063,0.79723,0.7973,1.00,1.00
2016.10.27 09:06:10.471,0.7972,0.79729,1.50,1.00
2016.10.27 09:06:10.573,0.79723,0.79731,1.00,1.00
2016.10.27 09:06:10.877,0.79725,0.79732,1.00,1.00
2016.10.27 09:06:11.815,0.79726,0.79733,1.00,1.00
2016.10.27 09:06:12.122,0.7973,0.79735,1.12,1.00
2016.10.27 09:06:12.704,0.7973,0.79737,1.12,1.00
2016.10.27 09:06:12.756,0.79732,0.79737,1.00,1.00
2016.10.27 09:06:13.289,0.79733,0.79738,1.00,1.00
2016.10.27 09:06:14.146,0.79732,0.79738,1.00,1.00
2016.10.27 09:06:14.965,0.79734,0.79743,1.00,1.00
2016.10.27 09:06:15.016,0.79736,0.79743,1.00,1.00
2016.10.27 09:06:15.321,0.79737,0.79745,1.50,1.12
2016.10.27 09:06:15.423,0.79737,0.79747,1.50,2.81
2016.10.27 09:06:15.677,0.79739,0.79747,1.00,1.69
2016.10.27 09:06:16.161,0.79738,0.79748,1.50,1.69
2016.10.27 09:06:16.783,0.79739,0.79747,1.00,1.00
2016.10.27 09:06:16.834,0.79739,0.79749,1.00,1.12
2016.10.27 09:06:17.286,0.79742,0.7975,1.25,3.00
2016.10.27 09:06:17.623,0.79743,0.7975,1.50,1.00
2016.10.27 09:06:17.674,0.79747,0.79755,1.00,1.00
2016.10.27 09:06:18.181,0.79748,0.79756,1.00,2.06
2016.10.27 09:06:18.537,0.79746,0.79756,1.00,2.06
2016.10.27 09:06:20.591,0.79746,0.79756,2.25,1.25
2016.10.27 09:06:21.323,0.79746,0.79755,1.00,1.00
2016.10.27 09:06:22.485,0.79747,0.79756,1.00,1.00
2016.10.27 09:06:23.484,0.79748,0.79757,1.00,1.12
2016.10.27 09:06:23.986,0.79747,0.79756,1.00,1.00
2016.10.27 09:06:24.088,0.79745,0.79755,1.87,1.00
2016.10.27 09:06:24.629,0.79746,0.79756,1.12,1.12
2016.10.27 09:06:25.382,0.79745,0.79755,1.50,1.50
2016.10.27 09:06:25.883,0.79745,0.79753,1.00,1.00
2016.10.27 09:06:26.486,0.79747,0.79753,1.00,1.00
2016.10.27 09:06:26.996,0.79746,0.79754,1.00,1.00
2016.10.27 09:06:30.354,0.79747,0.79755,1.00,1.00
2016.10.27 09:06:30.658,0.79749,0.79758,1.00,1.37
2016.10.27 09:06:31.322,0.79748,0.79758,1.00,1.87
2016.10.27 09:06:33.371,0.79748,0.79758,1.12,1.69
2016.10.27 09:06:33.675,0.79741,0.79748,1.00,1.00
2016.10.27 09:06:34.904,0.7974,0.79747,1.12,1.00
2016.10.27 09:06:35.608,0.79739,0.79745,1.37,1.00
2016.10.27 09:06:35.659,0.79739,0.79748,1.12,1.00
2016.10.27 09:06:35.761,0.79739,0.79746,1.00,1.00
2016.10.27 09:06:36.303,0.79738,0.79746,1.25,1.00
2016.10.27 09:06:37.387,0.79739,0.79746,1.00,1.00
2016.10.27 09:06:38.669,0.79739,0.79747,1.12,1.00
2016.10.27 09:06:39.278,0.79739,0.79746,1.12,1.00
2016.10.27 09:06:43.043,0.79738,0.79745,1.00,1.00
2016.10.27 09:06:44.851,0.79739,0.79745,1.00,1.00
2016.10.27 09:06:44.902,0.79737,0.79745,3.00,1.00
2016.10.27 09:06:45.568,0.79737,0.79743,1.00,1.00
2016.10.27 09:06:46.334,0.79735,0.79743,1.00,1.00
2016.10.27 09:06:48.634,0.79735,0.79742,1.00,1.00
2016.10.27 09:06:48.737,0.79732,0.79739,2.25,1.00
2016.10.27 09:06:49.138,0.79733,0.7974,2.81,1.00
2016.10.27 09:06:49.189,0.79735,0.79745,3.19,1.00
2016.10.27 09:06:49.775,0.79736,0.79745,1.00,1.00
2016.10.27 09:06:53.217,0.79737,0.79745,1.00,1.00
2016.10.27 09:06:55.122,0.79736,0.79743,1.00,1.00
2016.10.27 09:06:58.446,0.79736,0.79743,2.62,1.00
2016.10.27 09:06:58.497,0.79738,0.79746,1.12,1.12
2016.10.27 09:06:58.835,0.79736,0.79743,2.25,1.00
2016.10.27 09:06:58.886,0.79736,0.79743,1.50,1.00
2016.10.27 09:06:59.780,0.79736,0.79745,1.00,1.12
2016.10.27 09:07:00.632,0.79736,0.79744,1.00,1.00
2016.10.27 09:07:00.836,0.79733,0.79741,2.25,1.00
2016.10.27 09:07:00.887,0.79734,0.79743,1.12,1.12
2016.10.27 09:07:00.938,0.79736,0.79743,1.00,1.37
2016.10.27 09:07:01.091,0.79736,0.79743,1.00,1.12
2016.10.27 09:07:01.625,0.79736,0.79746,1.50,1.00
2016.10.27 09:07:01.677,0.79736,0.79744,1.12,1.00
2016.10.27 09:07:02.286,0.79735,0.79742,1.00,1.00
2016.10.27 09:07:03.117,0.79734,0.79742,1.69,1.00
2016.10.27 09:07:03.432,0.79736,0.79744,1.87,1.00
2016.10.27 09:07:04.331,0.79737,0.79744,1.00,1.00
2016.10.27 09:07:04.484,0.79737,0.79747,1.50,1.12
2016.10.27 09:07:04.585,0.79737,0.79745,1.50,1.00
2016.10.27 09:07:07.568,0.79738,0.79746,1.00,1.00
2016.10.27 09:07:08.078,0.79737,0.79745,1.00,1.00
2016.10.27 09:07:08.484,0.79739,0.79747,1.00,1.12
2016.10.27 09:07:09.387,0.7974,0.79747,1.00,1.00
2016.10.27 09:07:09.727,0.7974,0.79749,1.00,1.12
2016.10.27 09:07:10.662,0.79739,0.79749,1.50,1.12
2016.10.27 09:07:11.211,0.7974,0.79748,1.00,1.00
2016.10.27 09:07:11.833,0.79739,0.79748,1.00,1.00
2016.10.27 09:07:12.336,0.7974,0.79748,1.00,1.00
2016.10.27 09:07:13.330,0.79738,0.79745,1.00,1.00
2016.10.27 09:07:13.840,0.79738,0.79746,1.50,1.00
2016.10.27 09:07:14.621,0.79738,0.79748,1.50,2.25
2016.10.27 09:07:15.161,0.79738,0.79748,1.50,1.50
2016.10.27 09:07:16.369,0.7974,0.79748,1.50,1.12
2016.10.27 09:07:16.876,0.7974,0.7975,1.50,2.62
2016.10.27 09:07:17.636,0.79742,0.7975,1.00,1.87
2016.10.27 09:07:18.375,0.79745,0.7975,1.12,1.37
2016.10.27 09:07:18.427,0.79748,0.79755,1.00,1.00
2016.10.27 09:07:18.938,0.79747,0.79755,1.00,1.00
2016.10.27 09:07:20.073,0.79748,0.79756,1.00,1.00
2016.10.27 09:07:20.673,0.79748,0.79757,1.00,1.00
2016.10.27 09:07:21.184,0.79747,0.79757,1.12,2.62
2016.10.27 09:07:21.337,0.79746,0.79755,1.00,1.37
2016.10.27 09:07:21.876,0.79745,0.79755,1.50,1.87
2016.10.27 09:07:22.184,0.79747,0.79755,1.00,1.87
2016.10.27 09:07:26.433,0.79747,0.79754,1.00,1.00
2016.10.27 09:07:26.857,0.79745,0.79752,1.00,1.37
2016.10.27 09:07:26.908,0.79742,0.7975,1.00,1.00
2016.10.27 09:07:27.418,0.79742,0.79751,1.00,1.00
2016.10.27 09:07:27.672,0.7974,0.79751,1.50,1.50
2016.10.27 09:07:28.212,0.79741,0.79751,1.00,1.50
2016.10.27 09:07:30.633,0.79742,0.79751,1.00,1.00
2016.10.27 09:07:31.394,0.79742,0.79752,1.50,2.25
2016.10.27 09:07:32.420,0.79744,0.79752,1.00,2.25
2016.10.27 09:07:36.491,0.79742,0.79752,1.50,1.87
2016.10.27 09:07:36.883,0.79742,0.7975,1.50,1.00
2016.10.27 09:07:37.398,0.79742,0.79752,1.00,1.87
2016.10.27 09:07:37.904,0.79741,0.79751,1.50,1.12
2016.10.27 09:07:41.293,0.79742,0.79752,1.00,3.00
2016.10.27 09:07:42.155,0.79741,0.79751,1.00,1.50
2016.10.27 09:07:42.664,0.79741,0.79751,1.50,2.62
2016.10.27 09:07:42.971,0.79743,0.79751,1.00,1.37
2016.10.27 09:07:43.174,0.79741,0.7975,1.00,1.50
2016.10.27 09:07:43.775,0.79742,0.79749,1.00,1.00
2016.10.27 09:07:44.284,0.79741,0.79749,1.00,1.87
2016.10.27 09:07:44.836,0.79742,0.79749,1.69,1.50
2016.10.27 09:07:44.888,0.79746,0.79754,1.00,1.00
2016.10.27 09:07:45.395,0.79747,0.79755,1.00,1.50
2016.10.27 09:07:46.281,0.79747,0.79755,1.00,1.37
2016.10.27 09:07:46.802,0.79747,0.79756,1.50,1.12
2016.10.27 09:07:47.692,0.79748,0.79758,1.00,3.19
2016.10.27 09:07:48.231,0.79749,0.79759,1.00,3.19
2016.10.27 09:07:50.378,0.79748,0.79758,1.50,1.50
2016.10.27 09:07:50.430,0.79748,0.79758,1.50,1.87
2016.10.27 09:07:50.936,0.79749,0.79757,1.00,1.50
2016.10.27 09:07:51.664,0.79748,0.79756,1.00,1.12
2016.10.27 09:07:52.078,0.79746,0.79756,2.44,1.12
2016.10.27 09:07:52.332,0.79746,0.79754,1.69,1.00
2016.10.27 09:07:53.458,0.79745,0.79754,1.50,1.00
2016.10.27 09:07:54.032,0.79745,0.79755,1.50,1.50
2016.10.27 09:07:54.753,0.79745,0.79754,1.50,1.12
2016.10.27 09:07:55.261,0.79746,0.79755,1.00,1.12
2016.10.27 09:07:56.438,0.79746,0.79754,1.00,1.12
2016.10.27 09:07:56.983,0.79747,0.79755,1.00,2.25
2016.10.27 09:07:57.986,0.79748,0.79756,1.50,1.37
2016.10.27 09:07:58.037,0.79748,0.79757,1.50,1.50
2016.10.27 09:07:58.717,0.79749,0.79757,1.00,1.00
2016.10.27 09:07:59.149,0.79748,0.79753,1.00,1.69
2016.10.27 09:07:59.200,0.79743,0.79751,1.00,1.00
2016.10.27 09:08:04.343,0.79744,0.79751,1.00,1.00
2016.10.27 09:08:04.437,0.79747,0.79755,1.00,2.62
2016.10.27 09:08:04.833,0.79747,0.79755,1.00,1.00
2016.10.27 09:08:05.340,0.79747,0.79756,1.00,1.00
2016.10.27 09:08:06.378,0.79749,0.79757,1.00,1.87
2016.10.27 09:08:06.683,0.79747,0.79757,1.50,1.50
2016.10.27 09:08:06.734,0.79747,0.79755,1.00,1.00
2016.10.27 09:08:06.839,0.79745,0.79755,1.12,1.50
2016.10.27 09:08:07.194,0.79747,0.79755,1.00,1.50
2016.10.27 09:08:07.568,0.79747,0.79753,1.00,1.00
2016.10.27 09:08:07.626,0.79747,0.79755,1.00,1.00
2016.10.27 09:08:08.148,0.79747,0.79756,1.00,1.50
2016.10.27 09:08:09.503,0.79746,0.79756,1.12,2.62
2016.10.27 09:08:09.656,0.79746,0.79755,1.00,2.25
2016.10.27 09:08:10.128,0.79742,0.79751,1.00,1.50
2016.10.27 09:08:10.281,0.7974,0.79749,1.00,1.00
2016.10.27 09:08:11.738,0.79745,0.7975,1.00,1.50
2016.10.27 09:08:11.840,0.79746,0.79752,1.00,1.00
2016.10.27 09:08:11.941,0.79746,0.79754,1.00,1.25
2016.10.27 09:08:12.478,0.79746,0.79753,1.00,1.00
2016.10.27 09:08:12.537,0.79748,0.79753,1.00,1.00
2016.10.27 09:08:16.032,0.79749,0.79755,1.00,1.12
2016.10.27 09:08:17.694,0.79748,0.79755,1.00,1.12
2016.10.27 09:08:18.485,0.79748,0.79755,1.00,1.50
2016.10.27 09:08:19.904,0.79746,0.79754,1.00,2.25
2016.10.27 09:08:20.717,0.79746,0.79753,1.00,1.50
2016.10.27 09:08:22.566,0.79745,0.79753,1.00,1.00
2016.10.27 09:08:23.904,0.79744,0.79753,1.12,1.00
2016.10.27 09:08:23.955,0.79746,0.79753,1.00,1.12
2016.10.27 09:08:24.006,0.79744,0.79753,1.12,1.12
2016.10.27 09:08:24.357,0.79745,0.79754,1.87,2.25
2016.10.27 09:08:26.371,0.79746,0.79755,1.12,1.87
2016.10.27 09:08:26.878,0.79746,0.79755,1.12,1.87
2016.10.27 09:08:27.820,0.79746,0.79755,1.00,2.25
2016.10.27 09:08:27.871,0.79748,0.79755,1.00,1.50
2016.10.27 09:08:30.680,0.79748,0.79756,1.00,1.87
2016.10.27 09:08:31.219,0.79747,0.79756,1.00,1.87
2016.10.27 09:08:32.832,0.79749,0.79756,1.00,1.87
2016.10.27 09:08:33.350,0.79749,0.79754,1.00,1.00
2016.10.27 09:08:33.537,0.79746,0.79754,1.50,1.00
2016.10.27 09:08:34.438,0.79746,0.79753,1.00,1.00
2016.10.27 09:08:39.186,0.79741,0.79749,1.00,1.00
2016.10.27 09:08:39.694,0.79741,0.7975,1.00,1.50
2016.10.27 09:08:40.546,0.79742,0.7975,1.00,1.50
2016.10.27 09:08:40.648,0.79744,0.7975,1.00,1.50
2016.10.27 09:08:40.802,0.79745,0.79753,1.12,1.50
2016.10.27 09:08:40.904,0.79744,0.79751,1.87,1.00
2016.10.27 09:08:43.520,0.79745,0.79752,1.00,1.50
2016.10.27 09:08:44.213,0.79746,0.79752,1.37,1.50
2016.10.27 09:08:44.640,0.79747,0.79756,1.00,1.69
2016.10.27 09:08:45.146,0.79751,0.79756,1.00,1.50
2016.10.27 09:08:45.299,0.79751,0.79759,1.00,2.62
2016.10.27 09:08:46.282,0.7975,0.79759,1.00,2.25
2016.10.27 09:08:46.788,0.7975,0.79757,1.00,1.50
2016.10.27 09:08:47.156,0.79748,0.79757,1.00,1.50
2016.10.27 09:08:47.359,0.79748,0.79755,1.00,1.00
2016.10.27 09:08:49.054,0.79748,0.79756,1.00,1.00
2016.10.27 09:08:49.358,0.79744,0.79752,1.00,1.12
2016.10.27 09:08:49.867,0.79744,0.79753,1.00,1.50
2016.10.27 09:08:50.392,0.79745,0.79753,1.00,1.00
2016.10.27 09:08:50.901,0.79744,0.79753,1.00,1.12
2016.10.27 09:08:51.441,0.79743,0.79752,1.00,1.00
2016.10.27 09:08:51.758,0.79748,0.79755,1.00,3.37
2016.10.27 09:08:51.961,0.79744,0.79752,1.00,1.00
2016.10.27 09:08:52.758,0.79745,0.79752,1.00,1.50
2016.10.27 09:08:52.810,0.79743,0.79751,1.00,1.00
2016.10.27 09:08:53.318,0.79744,0.79752,1.00,1.50
2016.10.27 09:08:54.976,0.79743,0.79752,1.00,1.50
2016.10.27 09:08:56.226,0.79743,0.79753,1.50,2.62
2016.10.27 09:08:56.734,0.79743,0.79752,1.00,1.12
2016.10.27 09:08:56.957,0.79745,0.79752,1.00,1.12
2016.10.27 09:08:57.497,0.79745,0.79753,1.00,2.62
2016.10.27 09:08:59.270,0.79745,0.79752,1.00,1.00
2016.10.27 09:09:02.433,0.79745,0.79753,1.00,2.25
2016.10.27 09:09:05.434,0.79746,0.79754,1.00,1.87
2016.10.27 09:09:10.139,0.79745,0.79754,1.00,1.50
2016.10.27 09:09:10.669,0.79745,0.79753,1.00,1.00
2016.10.27 09:09:13.559,0.79746,0.79753,1.00,1.00
2016.10.27 09:09:14.091,0.79745,0.79753,1.00,1.00
2016.10.27 09:09:14.641,0.79745,0.79754,1.00,1.87
2016.10.27 09:09:16.332,0.79748,0.79755,1.37,2.25
2016.10.27 09:09:16.384,0.79749,0.79759,1.00,1.31
2016.10.27 09:09:17.046,0.7975,0.7976,1.00,3.19
2016.10.27 09:09:17.198,0.79752,0.79759,1.00,1.19
2016.10.27 09:09:17.527,0.79752,0.7976,1.00,1.00
2016.10.27 09:09:17.578,0.79754,0.79761,1.00,1.00
2016.10.27 09:09:17.730,0.79752,0.79761,1.00,1.00
2016.10.27 09:09:18.237,0.79753,0.79761,1.00,1.00
2016.10.27 09:09:18.924,0.79755,0.79764,1.00,1.69
2016.10.27 09:09:23.849,0.79754,0.79763,1.00,1.19
2016.10.27 09:09:24.002,0.79751,0.7976,1.50,1.00
2016.10.27 09:09:25.115,0.79752,0.7976,1.00,2.25
2016.10.27 09:09:25.677,0.79752,0.79759,1.00,1.00
2016.10.27 09:09:27.134,0.79751,0.79759,1.00,1.00
2016.10.27 09:09:27.388,0.79753,0.79758,1.00,1.00
2016.10.27 09:09:27.490,0.79753,0.7976,1.00,1.00
2016.10.27 09:09:27.643,0.79755,0.79761,1.00,1.00
2016.10.27 09:09:28.423,0.79754,0.79762,1.00,1.25
2016.10.27 09:09:29.925,0.79753,0.79761,1.00,1.25
2016.10.27 09:09:30.419,0.79751,0.79759,1.50,1.00
2016.10.27 09:09:31.116,0.79752,0.79759,1.00,1.00
2016.10.27 09:09:31.221,0.79752,0.79761,1.00,1.50
2016.10.27 09:09:31.765,0.79752,0.7976,1.00,1.00
2016.10.27 09:09:33.074,0.79751,0.79761,1.00,3.75
2016.10.27 09:09:33.594,0.79752,0.7976,1.00,1.87
2016.10.27 09:09:35.793,0.79752,0.79758,1.00,1.00
2016.10.27 09:09:36.300,0.7975,0.79759,1.50,1.87
2016.10.27 09:09:37.123,0.7975,0.79758,1.00,1.00
2016.10.27 09:09:38.944,0.79749,0.79758,1.25,1.50
2016.10.27 09:09:40.723,0.79749,0.79757,1.00,1.00
2016.10.27 09:09:41.254,0.79749,0.79756,1.00,1.00
2016.10.27 09:09:41.305,0.79747,0.79756,1.87,1.00
2016.10.27 09:09:42.809,0.79748,0.79756,1.00,1.12
2016.10.27 09:09:44.653,0.79749,0.79757,1.50,1.00
2016.10.27 09:09:44.806,0.79748,0.79759,1.50,3.37
2016.10.27 09:09:44.857,0.7975,0.79758,1.00,1.87
2016.10.27 09:09:44.908,0.79747,0.79757,1.87,1.12
2016.10.27 09:09:45.345,0.79744,0.79751,1.12,2.25
2016.10.27 09:09:45.397,0.79741,0.7975,1.12,1.00
2016.10.27 09:09:45.499,0.79741,0.79748,1.12,1.00
2016.10.27 09:09:46.622,0.79741,0.79749,1.00,1.00
2016.10.27 09:09:47.399,0.79741,0.79748,1.00,1.12
2016.10.27 09:09:47.592,0.79738,0.79746,1.00,1.50
2016.10.27 09:09:48.139,0.79736,0.79746,1.87,1.50
2016.10.27 09:09:48.840,0.79738,0.79746,1.00,1.50
2016.10.27 09:09:50.287,0.79737,0.79745,1.00,1.12
2016.10.27 09:09:50.593,0.79735,0.79743,1.87,1.50
2016.10.27 09:09:52.343,0.79735,0.79744,1.00,1.00
2016.10.27 09:09:52.859,0.79736,0.79744,1.00,1.00
2016.10.27 09:09:53.550,0.79736,0.79744,2.25,1.00
2016.10.27 09:09:53.601,0.79739,0.79747,1.00,1.00
2016.10.27 09:09:54.109,0.79738,0.79748,1.87,1.50
2016.10.27 09:09:54.254,0.7974,0.79748,1.00,1.50
2016.10.27 09:09:54.957,0.7974,0.79749,1.00,1.00
2016.10.27 09:09:56.346,0.79739,0.79749,1.50,1.50
2016.10.27 09:09:59.411,0.79739,0.79748,1.00,1.00
2016.10.27 09:09:59.930,0.79739,0.79749,1.00,2.62
2016.10.27 09:10:00.433,0.7974,0.79749,1.00,1.87
2016.10.27 09:10:01.169,0.79739,0.79749,1.00,3.37
2016.10.27 09:10:01.677,0.7974,0.79749,1.00,1.12
2016.10.27 09:10:02.623,0.7974,0.79748,1.00,1.00
2016.10.27 09:10:03.378,0.79739,0.79749,1.00,2.62
2016.10.27 09:10:03.682,0.79739,0.79747,1.00,1.00
2016.10.27 09:10:04.187,0.79739,0.79748,1.00,1.00
2016.10.27 09:10:05.204,0.79738,0.79746,1.00,1.00
2016.10.27 09:10:05.714,0.79737,0.79745,1.50,1.00
2016.10.27 09:10:06.434,0.79739,0.79747,1.50,1.50
2016.10.27 09:10:06.977,0.7974,0.79747,1.00,1.00
2016.10.27 09:10:07.734,0.7974,0.79748,1.50,1.50
2016.10.27 09:10:08.038,0.79738,0.79746,1.00,1.00
2016.10.27 09:10:10.735,0.79739,0.79747,1.50,1.00
2016.10.27 09:10:11.293,0.7974,0.79748,1.00,1.50
2016.10.27 09:10:11.905,0.79739,0.79748,1.00,1.50
2016.10.27 09:10:12.558,0.79739,0.79746,1.00,1.00
2016.10.27 09:10:12.712,0.79737,0.79745,1.00,1.50
2016.10.27 09:10:12.764,0.79736,0.79743,3.37,1.00
2016.10.27 09:10:13.120,0.79735,0.79739,2.62,1.00
2016.10.27 09:10:13.410,0.79728,0.79738,1.69,1.50
2016.10.27 09:10:14.408,0.79728,0.79736,1.00,1.50
2016.10.27 09:10:14.726,0.79726,0.79734,1.12,1.00
2016.10.27 09:10:15.318,0.79726,0.79736,1.87,1.50
2016.10.27 09:10:15.859,0.79727,0.79737,1.87,1.50
2016.10.27 09:10:15.910,0.7973,0.79737,1.00,1.00
2016.10.27 09:10:16.545,0.79729,0.79738,1.00,1.87
2016.10.27 09:10:16.904,0.79727,0.79738,1.87,1.12
2016.10.27 09:10:17.074,0.7973,0.79738,1.00,1.87
2016.10.27 09:10:18.792,0.79729,0.79737,1.00,1.00
2016.10.27 09:10:19.681,0.79732,0.79737,1.00,1.00
2016.10.27 09:10:20.086,0.7973,0.79737,1.00,1.00
2016.10.27 09:10:25.162,0.79731,0.79737,1.00,1.00
2016.10.27 09:10:25.213,0.79731,0.7974,1.00,1.37
2016.10.27 09:10:25.315,0.79731,0.79737,1.00,1.00
2016.10.27 09:10:27.703,0.7973,0.79738,1.00,1.00
2016.10.27 09:10:28.445,0.7973,0.79739,1.00,1.00
2016.10.27 09:10:30.044,0.79732,0.79741,2.06,1.87
2016.10.27 09:10:30.095,0.79733,0.79742,1.50,2.25
2016.10.27 09:10:30.197,0.79736,0.79742,1.00,1.00
2016.10.27 09:10:30.599,0.79736,0.79744,1.00,1.50
2016.10.27 09:10:30.650,0.79738,0.79745,1.00,1.00
2016.10.27 09:10:31.156,0.79737,0.79746,1.00,1.12
2016.10.27 09:10:31.889,0.79736,0.79745,1.00,1.00
2016.10.27 09:10:32.193,0.79739,0.79745,1.00,1.00
2016.10.27 09:10:32.702,0.79739,0.79746,1.00,1.00
2016.10.27 09:10:33.762,0.79738,0.79746,1.00,2.25
2016.10.27 09:10:33.864,0.79736,0.79745,1.00,1.12
2016.10.27 09:10:33.915,0.79736,0.79743,1.00,1.00
2016.10.27 09:10:34.220,0.79736,0.79746,1.50,4.12
2016.10.27 09:10:34.373,0.79739,0.79746,1.00,1.12
2016.10.27 09:10:34.881,0.79739,0.79745,1.00,1.00
2016.10.27 09:10:35.753,0.79739,0.79747,1.00,3.00
2016.10.27 09:10:36.393,0.7974,0.79748,1.00,1.50
2016.10.27 09:10:36.705,0.79743,0.79748,1.00,1.00
2016.10.27 09:10:36.827,0.79743,0.79751,1.00,1.50
2016.10.27 09:10:37.481,0.79743,0.79751,1.00,1.12
2016.10.27 09:10:39.012,0.79743,0.79751,1.00,1.69
2016.10.27 09:10:39.409,0.79741,0.79749,1.00,1.00
2016.10.27 09:10:42.592,0.79744,0.79749,1.00,1.00
2016.10.27 09:10:44.184,0.79742,0.79749,1.00,1.00
2016.10.27 09:10:44.728,0.79741,0.79749,1.00,1.00
2016.10.27 09:10:46.686,0.79741,0.79748,1.00,1.00
2016.10.27 09:10:47.207,0.79741,0.79749,1.00,1.50
2016.10.27 09:10:48.081,0.79741,0.79748,1.00,1.00
2016.10.27 09:10:48.723,0.79741,0.79747,1.00,1.00
2016.10.27 09:10:49.079,0.79737,0.79746,1.00,1.12
2016.10.27 09:10:49.802,0.79737,0.79745,1.00,1.50
2016.10.27 09:10:50.049,0.79735,0.79742,1.25,1.00
2016.10.27 09:10:50.545,0.79735,0.79739,1.00,1.00
2016.10.27 09:10:50.888,0.79732,0.79736,1.00,1.00
2016.10.27 09:10:50.940,0.79728,0.79734,1.00,1.00
2016.10.27 09:10:51.592,0.79729,0.79734,1.00,1.00
2016.10.27 09:10:51.896,0.79727,0.79733,1.00,1.00
2016.10.27 09:10:54.212,0.79725,0.79731,1.00,1.00
2016.10.27 09:10:54.515,0.7972,0.79726,1.12,1.00
2016.10.27 09:10:54.617,0.79718,0.79725,1.37,1.00
2016.10.27 09:10:54.668,0.79718,0.79725,1.00,1.00
2016.10.27 09:10:55.485,0.79719,0.79725,1.00,1.00
2016.10.27 09:10:58.173,0.79719,0.79726,1.12,1.00
2016.10.27 09:10:59.099,0.7972,0.79726,1.00,1.00
2016.10.27 09:11:01.084,0.79719,0.79726,1.00,1.00
2016.10.27 09:11:02.713,0.7972,0.79726,1.00,1.00
2016.10.27 09:11:03.236,0.79719,0.79726,1.50,1.00
2016.10.27 09:11:05.710,0.79718,0.79724,1.37,1.00
2016.10.27 09:11:05.812,0.79717,0.79724,1.12,1.00
2016.10.27 09:11:05.863,0.79717,0.79726,1.12,1.50
2016.10.27 09:11:06.117,0.79719,0.79726,1.00,1.00
2016.10.27 09:11:07.147,0.79708,0.79714,2.62,1.00
2016.10.27 09:11:09.666,0.79708,0.79715,1.00,1.00
2016.10.27 09:11:10.073,0.79709,0.79717,1.12,1.00
2016.10.27 09:11:10.535,0.79711,0.79719,1.37,1.00
2016.10.27 09:11:11.058,0.79711,0.7972,1.75,1.00
2016.10.27 09:11:11.109,0.79714,0.79722,1.00,1.00
2016.10.27 09:11:11.313,0.79716,0.79723,1.00,1.00
2016.10.27 09:11:11.772,0.79716,0.79721,1.00,1.00
2016.10.27 09:11:12.152,0.79708,0.79714,1.31,1.00
2016.10.27 09:11:12.912,0.79709,0.79716,1.00,1.00
2016.10.27 09:11:12.963,0.79709,0.79714,1.00,1.00
2016.10.27 09:11:13.546,0.7971,0.79714,1.00,1.00
2016.10.27 09:11:14.880,0.79709,0.79714,1.00,1.00
2016.10.27 09:11:15.528,0.79709,0.79715,1.50,1.00
2016.10.27 09:11:16.383,0.79708,0.79714,1.25,1.00
2016.10.27 09:11:16.980,0.79709,0.79713,1.00,1.00
2016.10.27 09:11:18.123,0.79709,0.79717,1.12,1.00
2016.10.27 09:11:18.378,0.79709,0.79715,1.00,1.00
2016.10.27 09:11:18.914,0.7971,0.79715,1.00,1.00
2016.10.27 09:11:19.401,0.7971,0.79717,1.00,1.00
2016.10.27 09:11:19.907,0.7971,0.79716,1.00,1.00
2016.10.27 09:11:24.063,0.7971,0.79716,1.00,1.00
2016.10.27 09:11:24.570,0.7971,0.79717,1.37,1.00
2016.10.27 09:11:26.815,0.79712,0.79717,1.00,1.00
2016.10.27 09:11:26.894,0.79712,0.79719,1.00,1.00
2016.10.27 09:11:27.397,0.79711,0.79719,1.50,1.00
2016.10.27 09:11:30.408,0.79709,0.79718,2.81,1.00
2016.10.27 09:11:30.915,0.79711,0.79719,1.00,1.00
2016.10.27 09:11:32.431,0.7971,0.79719,1.50,1.00
2016.10.27 09:11:32.791,0.79711,0.7972,1.37,1.00
2016.10.27 09:11:33.349,0.79711,0.79719,1.50,1.00
2016.10.27 09:11:34.087,0.79709,0.79717,2.25,1.00
2016.10.27 09:11:34.290,0.79709,0.79718,1.12,1.00
2016.10.27 09:11:35.040,0.7971,0.79718,1.00,1.87
2016.10.27 09:11:36.466,0.79707,0.79714,1.50,1.00
2016.10.27 09:11:41.988,0.79707,0.79713,1.00,1.00
2016.10.27 09:11:42.140,0.79706,0.79716,2.44,1.00
2016.10.27 09:11:42.191,0.79708,0.79716,1.00,1.00
2016.10.27 09:11:42.704,0.7971,0.79717,1.00,1.00
2016.10.27 09:11:42.777,0.7971,0.79719,1.00,1.00
2016.10.27 09:11:42.981,0.79712,0.79719,1.12,1.00
2016.10.27 09:11:43.186,0.7971,0.79718,1.00,1.00
2016.10.27 09:11:43.287,0.79712,0.79718,1.00,1.00
2016.10.27 09:11:43.339,0.79712,0.7972,1.00,1.00
2016.10.27 09:11:43.800,0.79715,0.79721,1.00,1.00
2016.10.27 09:11:44.339,0.79714,0.79721,1.00,1.00
2016.10.27 09:11:44.644,0.79715,0.79719,1.00,1.00
2016.10.27 09:11:45.248,0.79713,0.79719,1.00,1.00
2016.10.27 09:11:45.400,0.79713,0.79721,1.00,1.00
2016.10.27 09:11:45.932,0.79714,0.7972,1.00,1.00
2016.10.27 09:11:46.418,0.79713,0.79718,1.00,1.00
2016.10.27 09:11:46.930,0.79712,0.79719,1.00,1.00
2016.10.27 09:11:47.235,0.79714,0.7972,1.00,1.00
2016.10.27 09:11:50.983,0.79715,0.7972,1.00,1.00
2016.10.27 09:11:51.490,0.79715,0.79721,1.00,1.00
2016.10.27 09:11:52.487,0.79714,0.79721,1.00,1.00
2016.10.27 09:11:52.792,0.79714,0.79723,1.12,1.00
2016.10.27 09:11:53.301,0.79715,0.79724,1.00,1.00
2016.10.27 09:11:53.795,0.79717,0.79724,1.00,1.00
2016.10.27 09:11:55.149,0.79716,0.79722,1.00,1.00
2016.10.27 09:11:55.797,0.79715,0.79722,1.00,1.00
2016.10.27 09:11:56.000,0.79715,0.79724,1.00,1.00
2016.10.27 09:11:57.018,0.79715,0.79722,1.00,1.00
2016.10.27 09:11:57.862,0.79714,0.79722,1.12,1.00
2016.10.27 09:11:58.692,0.79714,0.79723,1.12,1.00
2016.10.27 09:11:59.320,0.79712,0.7972,2.62,1.00
2016.10.27 09:12:00.865,0.79713,0.7972,1.00,1.00
2016.10.27 09:12:01.268,0.79714,0.79722,1.50,1.00
2016.10.27 09:12:01.962,0.79715,0.79723,1.50,1.00
2016.10.27 09:12:02.497,0.79715,0.79722,1.00,1.00
2016.10.27 09:12:02.810,0.79717,0.79725,1.00,2.62
2016.10.27 09:12:03.314,0.79716,0.79723,1.00,1.00
2016.10.27 09:12:03.835,0.79716,0.79724,1.25,1.00
2016.10.27 09:12:05.662,0.79716,0.79725,1.25,2.25
2016.10.27 09:12:06.185,0.79716,0.79724,1.25,1.00
2016.10.27 09:12:06.744,0.79719,0.79724,1.00,1.00
2016.10.27 09:12:06.795,0.7972,0.79728,1.00,1.12
2016.10.27 09:12:07.065,0.79718,0.79728,1.69,1.87
2016.10.27 09:12:07.886,0.79719,0.79727,1.00,1.87
2016.10.27 09:12:08.197,0.79721,0.79727,1.00,1.12
2016.10.27 09:12:09.544,0.79722,0.79729,1.25,1.00
2016.10.27 09:12:09.646,0.79722,0.79731,1.25,1.00
2016.10.27 09:12:09.697,0.79724,0.79733,1.00,3.37
2016.10.27 09:12:10.232,0.79724,0.79734,2.81,1.50
2016.10.27 09:12:10.437,0.79729,0.79735,1.00,1.00
2016.10.27 09:12:10.591,0.7973,0.79738,1.25,1.50
2016.10.27 09:12:10.846,0.79732,0.79738,1.00,1.00
2016.10.27 09:12:11.617,0.79734,0.79741,1.00,1.00
2016.10.27 09:12:11.691,0.79737,0.79745,1.00,1.00
2016.10.27 09:12:11.783,0.79735,0.79745,1.50,1.00
2016.10.27 09:12:11.885,0.79735,0.79742,1.50,1.00
2016.10.27 09:12:12.038,0.79733,0.79743,2.25,1.00
2016.10.27 09:12:12.745,0.79734,0.79742,1.25,1.00
2016.10.27 09:12:12.855,0.79734,0.79744,1.25,1.50
2016.10.27 09:12:13.363,0.79735,0.79744,1.00,1.50
2016.10.27 09:12:14.030,0.79736,0.79744,1.31,1.00
2016.10.27 09:12:15.679,0.79736,0.79741,1.12,1.12
2016.10.27 09:12:15.995,0.79729,0.79735,1.19,1.00
2016.10.27 09:12:16.913,0.79729,0.79736,1.19,1.00
2016.10.27 09:12:17.086,0.79729,0.79738,1.69,1.00
2016.10.27 09:12:17.546,0.79729,0.79736,2.06,1.00
2016.10.27 09:12:18.052,0.7973,0.79738,1.19,1.00
2016.10.27 09:12:18.699,0.79731,0.79739,1.25,1.00
2016.10.27 09:12:20.150,0.79732,0.79739,1.00,1.00
2016.10.27 09:12:21.120,0.7973,0.79739,1.56,1.00
2016.10.27 09:12:21.506,0.79731,0.79739,1.31,1.00
2016.10.27 09:12:21.557,0.79733,0.79742,1.19,1.87
2016.10.27 09:12:22.065,0.79734,0.79742,1.31,1.00
2016.10.27 09:12:23.279,0.79735,0.7974,1.00,1.00
2016.10.27 09:12:24.923,0.79733,0.79739,2.44,1.00
2016.10.27 09:12:25.233,0.7973,0.79736,1.31,1.00
2016.10.27 09:12:25.538,0.79728,0.79734,1.19,1.00
2016.10.27 09:12:26.144,0.79728,0.79735,1.19,1.00
2016.10.27 09:12:28.831,0.79728,0.79735,1.69,1.00
2016.10.27 09:12:29.702,0.79729,0.79735,1.00,1.00
2016.10.27 09:12:30.215,0.79729,0.79735,1.37,1.00
2016.10.27 09:12:30.967,0.79728,0.79734,1.25,1.00
2016.10.27 09:12:31.018,0.79728,0.79732,1.25,1.00
2016.10.27 09:12:31.373,0.79729,0.79737,1.00,1.87
2016.10.27 09:12:31.475,0.79731,0.79739,1.50,1.50
2016.10.27 09:12:31.627,0.79731,0.79741,1.87,1.00
2016.10.27 09:12:31.678,0.79734,0.79739,1.00,1.00
2016.10.27 09:12:32.113,0.79731,0.79739,1.50,1.00
2016.10.27 09:12:32.166,0.79733,0.7974,1.00,1.00
2016.10.27 09:12:32.587,0.79734,0.79741,1.87,1.00
2016.10.27 09:12:32.891,0.79734,0.79738,1.50,1.00
2016.10.27 09:12:33.734,0.79734,0.79738,1.12,1.00
2016.10.27 09:12:34.039,0.79731,0.79735,1.12,1.00
2016.10.27 09:12:34.193,0.79729,0.79734,1.69,1.00
2016.10.27 09:12:34.448,0.79728,0.79733,1.37,1.00
2016.10.27 09:12:34.499,0.79727,0.79731,1.00,1.00
2016.10.27 09:12:35.028,0.79725,0.79731,2.81,1.00
2016.10.27 09:12:36.002,0.79727,0.79731,1.00,1.00
2016.10.27 09:12:36.553,0.79727,0.79732,1.00,1.00
2016.10.27 09:12:39.251,0.79726,0.79732,1.50,1.00
2016.10.27 09:12:39.821,0.79726,0.79731,1.50,1.00
2016.10.27 09:12:39.924,0.79726,0.79733,1.50,1.00
2016.10.27 09:12:40.054,0.79727,0.79733,1.50,1.00
2016.10.27 09:12:40.570,0.79729,0.79734,1.12,1.00
2016.10.27 09:12:41.022,0.79729,0.79736,1.00,1.00
2016.10.27 09:12:41.125,0.79728,0.79733,1.50,1.00
2016.10.27 09:12:41.176,0.79729,0.79737,1.50,1.00
2016.10.27 09:12:41.227,0.79729,0.79735,1.12,1.00
2016.10.27 09:12:43.771,0.7973,0.79735,1.00,1.00
2016.10.27 09:12:44.658,0.79727,0.79734,2.25,1.00
2016.10.27 09:12:44.760,0.79728,0.79735,1.37,1.00
2016.10.27 09:12:46.234,0.79729,0.79733,1.00,1.00
2016.10.27 09:12:46.336,0.79727,0.79734,1.12,1.00
2016.10.27 09:12:46.387,0.79726,0.79732,2.44,1.00
2016.10.27 09:12:46.438,0.79726,0.79734,2.44,1.00
2016.10.27 09:12:47.111,0.79728,0.79735,1.12,1.00
2016.10.27 09:12:47.163,0.79728,0.79736,1.87,1.00
2016.10.27 09:12:49.083,0.7973,0.79739,1.50,1.00
2016.10.27 09:12:49.134,0.79734,0.79738,1.12,1.00
2016.10.27 09:12:49.186,0.79734,0.7974,1.12,1.00
2016.10.27 09:12:49.440,0.79735,0.79741,1.87,1.00
2016.10.27 09:12:49.980,0.79735,0.79741,1.50,1.00
2016.10.27 09:12:50.640,0.79735,0.79741,2.25,1.00
2016.10.27 09:12:50.742,0.79735,0.79741,1.87,1.00
2016.10.27 09:12:51.285,0.79735,0.7974,1.00,1.00
2016.10.27 09:12:51.836,0.79736,0.79742,1.12,1.00
2016.10.27 09:12:52.142,0.79735,0.7974,2.62,1.00
2016.10.27 09:12:53.486,0.79736,0.79742,1.37,1.00
2016.10.27 09:12:54.176,0.79738,0.79743,1.00,1.00
2016.10.27 09:12:54.379,0.79735,0.79741,2.25,1.00
2016.10.27 09:12:55.789,0.79734,0.79741,1.50,1.00
2016.10.27 09:12:55.840,0.79734,0.79739,1.12,1.00
2016.10.27 09:12:57.070,0.79735,0.79741,1.00,1.00
2016.10.27 09:12:57.577,0.79736,0.7974,1.12,1.00
2016.10.27 09:12:58.446,0.79736,0.79741,1.00,1.00
2016.10.27 09:12:58.994,0.79736,0.7974,1.00,1.00
2016.10.27 09:12:59.502,0.79735,0.79739,1.00,1.00
2016.10.27 09:12:59.970,0.79735,0.79741,1.00,1.00
2016.10.27 09:13:00.481,0.79736,0.7974,1.00,1.00
2016.10.27 09:13:02.553,0.79736,0.7974,1.00,1.00
2016.10.27 09:13:03.429,0.79737,0.79741,1.00,1.00
2016.10.27 09:13:05.873,0.79735,0.79741,1.50,1.00
2016.10.27 09:13:05.975,0.79735,0.79739,1.00,1.00
2016.10.27 09:13:06.380,0.79735,0.79741,1.00,1.00
2016.10.27 09:13:08.093,0.79735,0.7974,1.12,1.00
2016.10.27 09:13:08.620,0.79734,0.7974,1.00,1.00
2016.10.27 09:13:09.793,0.79732,0.79738,1.00,1.00
2016.10.27 09:13:10.097,0.79729,0.79736,1.00,1.00
2016.10.27 09:13:10.148,0.79732,0.79736,1.00,1.00
2016.10.27 09:13:10.352,0.79729,0.79735,1.00,1.00
2016.10.27 09:13:10.403,0.79729,0.79733,1.00,1.00
2016.10.27 09:13:10.806,0.79726,0.79733,1.50,1.00
2016.10.27 09:13:10.863,0.79728,0.79733,1.00,1.00
2016.10.27 09:13:11.066,0.79726,0.79733,1.12,1.00
2016.10.27 09:13:11.576,0.79726,0.79732,1.12,1.00
2016.10.27 09:13:12.104,0.79725,0.79731,1.00,1.00
2016.10.27 09:13:12.657,0.79724,0.79731,1.69,1.00
2016.10.27 09:13:13.006,0.79723,0.79728,1.00,1.00
2016.10.27 09:13:13.617,0.79724,0.79728,1.00,1.00
2016.10.27 09:13:14.164,0.79724,0.79729,1.00,1.00
2016.10.27 09:13:14.729,0.79724,0.79728,1.00,1.00
2016.10.27 09:13:15.787,0.79723,0.79728,1.00,1.00
2016.10.27 09:13:17.083,0.79724,0.79728,1.00,1.00
2016.10.27 09:13:17.728,0.79724,0.7973,1.00,1.00
2016.10.27 09:13:17.931,0.79726,0.79734,1.25,1.75
2016.10.27 09:13:18.715,0.79729,0.79733,1.00,1.00
2016.10.27 09:13:19.261,0.7973,0.79734,1.00,1.00
2016.10.27 09:13:20.009,0.7973,0.79734,1.00,1.00
2016.10.27 09:13:21.762,0.7973,0.79736,1.00,1.00
2016.10.27 09:13:21.965,0.79732,0.79737,1.00,1.12
2016.10.27 09:13:22.664,0.79732,0.79736,1.00,1.00
2016.10.27 09:13:24.463,0.79732,0.79737,1.00,1.00
2016.10.27 09:13:24.919,0.7973,0.79736,1.00,1.00
2016.10.27 09:13:25.021,0.7973,0.79734,1.00,1.00
2016.10.27 09:13:25.174,0.79728,0.79734,1.00,1.00
2016.10.27 09:13:25.567,0.79726,0.79731,1.00,1.00
2016.10.27 09:13:26.024,0.79724,0.79731,1.00,1.00
2016.10.27 09:13:26.833,0.79725,0.79731,1.25,1.00
2016.10.27 09:13:27.370,0.79724,0.79731,1.50,1.00
2016.10.27 09:13:27.896,0.79725,0.79731,1.00,1.00
2016.10.27 09:13:28.709,0.79722,0.7973,1.60,1.00
2016.10.27 09:13:29.224,0.79724,0.79729,1.00,1.00
2016.10.27 09:13:30.404,0.79722,0.79727,1.00,1.00
2016.10.27 09:13:31.557,0.79722,0.79728,1.00,1.00
2016.10.27 09:13:33.128,0.79721,0.79728,1.12,1.00
2016.10.27 09:13:33.433,0.79723,0.79729,1.00,1.00
2016.10.27 09:13:34.468,0.79724,0.79729,1.00,1.00
2016.10.27 09:13:39.725,0.79724,0.7973,1.00,1.00
2016.10.27 09:13:40.253,0.79726,0.7973,1.00,1.00
2016.10.27 09:13:40.635,0.79724,0.7973,1.00,1.00
2016.10.27 09:13:41.831,0.79725,0.7973,1.00,1.00
2016.10.27 09:13:42.974,0.79729,0.79733,1.00,1.00
2016.10.27 09:13:43.034,0.79729,0.79735,1.00,1.00
2016.10.27 09:13:43.136,0.79728,0.79732,1.50,1.00
2016.10.27 09:13:43.340,0.79725,0.79731,1.12,1.00
2016.10.27 09:13:43.441,0.79725,0.79736,1.31,2.62
2016.10.27 09:13:43.492,0.79727,0.79736,1.25,2.62
2016.10.27 09:13:43.996,0.79729,0.79736,1.87,1.00
2016.10.27 09:13:44.542,0.79731,0.79736,1.00,1.00
2016.10.27 09:13:45.558,0.79731,0.79736,1.37,1.00
2016.10.27 09:13:46.131,0.79731,0.79737,2.25,1.00
2016.10.27 09:13:46.680,0.79733,0.79737,1.00,1.00
2016.10.27 09:13:47.219,0.79733,0.79738,1.12,1.00
2016.10.27 09:13:47.726,0.79733,0.79737,1.00,1.00
2016.10.27 09:13:48.643,0.79732,0.79738,1.00,1.00
2016.10.27 09:13:48.947,0.79734,0.79739,1.00,1.00
2016.10.27 09:13:50.185,0.79733,0.79739,1.00,1.00
2016.10.27 09:13:51.343,0.79732,0.79738,1.00,1.00
2016.10.27 09:13:51.879,0.79731,0.79738,1.00,1.00
2016.10.27 09:13:53.167,0.79732,0.79738,1.00,1.00
2016.10.27 09:13:55.405,0.79734,0.79738,1.00,1.00
2016.10.27 09:13:55.567,0.79732,0.79738,1.00,1.00
2016.10.27 09:13:56.574,0.79732,0.79737,1.12,1.00
2016.10.27 09:13:56.626,0.79734,0.7974,1.00,1.00
2016.10.27 09:13:57.156,0.79734,0.79739,1.00,1.00
2016.10.27 09:13:57.795,0.79733,0.79739,1.00,1.00
2016.10.27 09:14:00.302,0.79734,0.79739,1.00,1.00
2016.10.27 09:14:01.649,0.79732,0.79737,1.00,1.00
2016.10.27 09:14:01.719,0.79732,0.79739,1.00,1.00
2016.10.27 09:14:01.990,0.79734,0.79739,1.00,1.00
2016.10.27 09:14:02.513,0.79734,0.7974,1.00,1.00
2016.10.27 09:14:02.948,0.79734,0.79738,1.00,1.00
2016.10.27 09:14:03.394,0.79732,0.79738,1.12,1.00
2016.10.27 09:14:03.445,0.79732,0.79736,1.12,1.00
2016.10.27 09:14:03.496,0.79732,0.79738,1.12,1.00
2016.10.27 09:14:04.320,0.7973,0.79737,1.00,1.00
2016.10.27 09:14:04.371,0.7973,0.79735,1.00,1.00
2016.10.27 09:14:06.444,0.7973,0.79736,1.12,1.00
2016.10.27 09:14:06.545,0.79732,0.79739,1.00,1.00
2016.10.27 09:14:07.054,0.79732,0.79738,1.00,1.00
2016.10.27 09:14:07.564,0.79732,0.79739,1.00,1.00
2016.10.27 09:14:07.883,0.79734,0.7974,1.00,1.00
2016.10.27 09:14:08.390,0.79734,0.79739,1.00,1.00
2016.10.27 09:14:09.083,0.79733,0.79739,1.00,1.00
2016.10.27 09:14:10.323,0.79737,0.79743,1.00,1.00
2016.10.27 09:14:10.830,0.79738,0.79744,1.00,1.00
2016.10.27 09:14:11.953,0.79737,0.79742,1.00,1.00
2016.10.27 09:14:12.487,0.79737,0.79741,1.00,1.00
2016.10.27 09:14:12.973,0.79732,0.79739,1.12,1.00
2016.10.27 09:14:16.634,0.79732,0.79741,1.12,1.00
2016.10.27 09:14:16.736,0.79735,0.79741,1.00,1.00
2016.10.27 09:14:17.906,0.79734,0.79741,1.00,1.00
2016.10.27 09:14:18.541,0.79734,0.7974,1.00,1.00
2016.10.27 09:14:19.047,0.79734,0.79741,1.00,1.00
2016.10.27 09:14:27.257,0.79734,0.79739,1.00,1.00
2016.10.27 09:14:27.874,0.79733,0.7974,1.00,1.00
2016.10.27 09:14:28.381,0.79733,0.79739,1.12,1.00
2016.10.27 09:14:31.113,0.79733,0.79738,1.00,1.00
2016.10.27 09:14:34.869,0.79733,0.79739,1.00,1.00
2016.10.27 09:14:35.968,0.79734,0.79739,1.00,1.00
2016.10.27 09:14:36.615,0.79734,0.7974,1.00,1.00
2016.10.27 09:14:37.998,0.79735,0.7974,1.00,1.00
2016.10.27 09:14:38.252,0.79735,0.79743,1.00,1.00
2016.10.27 09:14:38.790,0.79736,0.79743,1.00,1.00
2016.10.27 09:14:38.842,0.79736,0.79741,1.00,1.00
2016.10.27 09:14:40.376,0.79736,0.79743,1.00,1.00
2016.10.27 09:14:40.477,0.79738,0.79743,1.00,1.00
2016.10.27 09:14:41.808,0.79736,0.79742,1.00,1.00
2016.10.27 09:14:44.561,0.79737,0.79742,1.00,1.00
2016.10.27 09:14:45.315,0.79737,0.79741,1.00,1.00
2016.10.27 09:14:46.384,0.79735,0.79741,1.00,1.00
2016.10.27 09:14:48.897,0.79735,0.79739,1.00,1.00
2016.10.27 09:14:49.456,0.79734,0.79739,1.00,1.00
2016.10.27 09:14:51.577,0.79735,0.79742,1.00,1.00
2016.10.27 09:14:52.572,0.79736,0.79742,1.00,1.00
2016.10.27 09:14:53.968,0.79735,0.79742,1.00,1.00
2016.10.27 09:14:54.171,0.79734,0.79739,1.00,1.00
2016.10.27 09:14:54.917,0.79731,0.79736,1.00,1.00
2016.10.27 09:14:55.813,0.79731,0.79737,1.00,1.00
2016.10.27 09:14:56.233,0.79732,0.79738,1.37,1.00
2016.10.27 09:14:58.609,0.79732,0.79738,1.12,1.00
2016.10.27 09:15:00.155,0.79732,0.79739,1.12,1.00
2016.10.27 09:15:00.611,0.79731,0.79736,1.00,1.00
2016.10.27 09:15:01.286,0.7973,0.79736,1.12,1.00
2016.10.27 09:15:01.880,0.79731,0.79736,1.00,1.00
2016.10.27 09:15:02.623,0.79731,0.79737,1.00,1.00
2016.10.27 09:15:03.764,0.79731,0.79736,1.00,1.00
2016.10.27 09:15:04.302,0.7973,0.79736,1.12,1.00
2016.10.27 09:15:04.880,0.79731,0.79736,1.50,1.00
2016.10.27 09:15:06.412,0.79731,0.79735,1.00,1.00
2016.10.27 09:15:06.514,0.79729,0.79734,1.00,1.00
2016.10.27 09:15:06.616,0.79727,0.79734,1.12,1.00
2016.10.27 09:15:07.111,0.79725,0.7973,1.00,1.00
2016.10.27 09:15:07.617,0.79723,0.79731,1.50,1.00
2016.10.27 09:15:08.139,0.79723,0.7973,1.00,1.00
2016.10.27 09:15:09.383,0.79722,0.7973,1.00,1.00
2016.10.27 09:15:09.687,0.79723,0.79728,1.00,1.00
2016.10.27 09:15:10.507,0.79723,0.79729,1.00,1.00
2016.10.27 09:15:11.136,0.79723,0.7973,1.00,1.00
2016.10.27 09:15:11.916,0.79724,0.7973,1.00,1.00
2016.10.27 09:15:12.455,0.79724,0.79729,1.00,1.00
2016.10.27 09:15:12.607,0.79722,0.79729,1.50,1.00
2016.10.27 09:15:13.292,0.79722,0.7973,1.00,1.00
2016.10.27 09:15:14.594,0.79723,0.7973,1.00,1.00
2016.10.27 09:15:15.116,0.79723,0.79731,1.00,1.00
2016.10.27 09:15:15.419,0.79723,0.79729,1.00,1.00
2016.10.27 09:15:15.673,0.79723,0.79731,1.00,1.00
2016.10.27 09:15:16.262,0.79724,0.79731,1.00,1.00
2016.10.27 09:15:16.791,0.79721,0.7973,1.87,1.00
2016.10.27 09:15:16.842,0.79721,0.79727,1.87,1.00
2016.10.27 09:15:17.556,0.7972,0.79726,1.00,1.00
2016.10.27 09:15:17.607,0.79721,0.7973,1.00,1.37
2016.10.27 09:15:17.912,0.79721,0.79731,1.00,1.00
2016.10.27 09:15:18.433,0.79722,0.79731,1.00,1.50
2016.10.27 09:15:19.216,0.79722,0.79732,1.50,1.00
2016.10.27 09:15:20.085,0.79722,0.79731,1.00,1.00
2016.10.27 09:15:20.484,0.79721,0.79729,1.12,1.12
2016.10.27 09:15:20.817,0.79719,0.79727,1.00,1.00
2016.10.27 09:15:21.843,0.79719,0.79728,1.00,1.00
2016.10.27 09:15:22.149,0.79722,0.7973,1.00,1.25
2016.10.27 09:15:22.943,0.79723,0.7973,1.00,1.00
2016.10.27 09:15:23.287,0.79723,0.79727,1.00,1.00
2016.10.27 09:15:23.542,0.79721,0.79727,1.00,1.00
2016.10.27 09:15:24.471,0.79721,0.79729,1.00,1.00
2016.10.27 09:15:25.797,0.79723,0.79729,1.00,1.00
2016.10.27 09:15:26.484,0.79723,0.79731,1.12,1.50
2016.10.27 09:15:26.535,0.79725,0.79731,1.00,1.00
2016.10.27 09:15:27.120,0.79724,0.7973,1.00,1.00
2016.10.27 09:15:27.427,0.79722,0.7973,1.87,1.00
2016.10.27 09:15:27.631,0.7972,0.79729,2.25,1.00
2016.10.27 09:15:28.022,0.79716,0.79722,1.00,1.00
2016.10.27 09:15:28.326,0.79714,0.7972,1.25,1.00
2016.10.27 09:15:29.749,0.79713,0.7972,1.00,1.00
2016.10.27 09:15:30.678,0.79712,0.7972,1.12,1.00
2016.10.27 09:15:30.993,0.79712,0.79718,1.12,1.00
2016.10.27 09:15:31.405,0.79715,0.79721,1.00,1.00
2016.10.27 09:15:31.862,0.79717,0.79721,1.00,1.00
2016.10.27 09:15:32.531,0.79714,0.79721,1.00,1.00
2016.10.27 09:15:33.268,0.79714,0.7972,1.00,1.00
2016.10.27 09:15:33.522,0.79714,0.79722,1.00,1.50
2016.10.27 09:15:34.243,0.79713,0.79722,1.50,1.00
2016.10.27 09:15:37.128,0.79713,0.79721,1.00,1.00
2016.10.27 09:15:37.634,0.79714,0.79721,1.00,1.00
2016.10.27 09:15:38.334,0.79712,0.79721,1.00,1.00
2016.10.27 09:15:42.024,0.79713,0.79721,1.00,1.50
2016.10.27 09:15:43.065,0.79713,0.7972,1.00,1.00
2016.10.27 09:15:43.932,0.79711,0.7972,1.25,1.00
2016.10.27 09:15:44.034,0.79711,0.79718,1.25,1.00
2016.10.27 09:15:44.579,0.79711,0.79719,1.25,1.00
2016.10.27 09:15:46.001,0.79712,0.79719,1.00,1.00
2016.10.27 09:15:47.752,0.79714,0.79719,1.00,1.00
2016.10.27 09:15:48.001,0.79711,0.79719,2.06,1.00
2016.10.27 09:15:48.459,0.79713,0.79719,1.00,1.00
2016.10.27 09:15:49.682,0.79712,0.79719,1.00,1.00
2016.10.27 09:15:50.088,0.79714,0.79719,1.00,1.00
2016.10.27 09:15:51.084,0.79713,0.79719,1.00,1.00
2016.10.27 09:15:51.973,0.79715,0.79719,1.00,1.00
2016.10.27 09:15:52.075,0.79713,0.7972,1.00,1.00
2016.10.27 09:15:52.630,0.79713,0.79721,1.00,1.00
2016.10.27 09:15:52.681,0.79713,0.79719,1.00,1.00
2016.10.27 09:15:53.780,0.79712,0.79719,1.25,1.00
2016.10.27 09:15:57.460,0.79713,0.79719,1.00,1.00
2016.10.27 09:15:58.090,0.79714,0.79719,1.00,1.00
2016.10.27 09:16:00.083,0.79713,0.79719,1.00,1.00
2016.10.27 09:16:00.387,0.79714,0.79721,1.00,1.00
2016.10.27 09:16:00.438,0.79714,0.79723,1.00,1.12
2016.10.27 09:16:00.489,0.79716,0.79723,1.00,1.00
2016.10.27 09:16:00.862,0.79718,0.79722,1.00,1.00
2016.10.27 09:16:01.165,0.79718,0.79725,1.00,1.00
2016.10.27 09:16:01.216,0.79721,0.79725,1.00,1.00
2016.10.27 09:16:01.267,0.79721,0.79727,1.00,1.00
2016.10.27 09:16:01.952,0.79723,0.79728,1.00,1.00
2016.10.27 09:16:02.509,0.79723,0.7973,1.00,1.00
2016.10.27 09:16:03.557,0.79724,0.79731,1.00,1.00
2016.10.27 09:16:03.710,0.79726,0.79732,1.00,1.00
2016.10.27 09:16:03.914,0.79724,0.79731,1.00,1.00
2016.10.27 09:16:05.129,0.79725,0.79731,1.00,1.00
2016.10.27 09:16:06.512,0.79721,0.79725,1.00,1.00
2016.10.27 09:16:06.563,0.79719,0.79724,1.00,1.00
2016.10.27 09:16:07.074,0.79719,0.79725,1.00,1.00
2016.10.27 09:16:07.125,0.79717,0.79725,1.50,1.00
2016.10.27 09:16:07.956,0.79717,0.79724,1.12,1.00
2016.10.27 09:16:08.007,0.79716,0.79722,1.00,1.00
2016.10.27 09:16:08.520,0.79717,0.79723,1.00,1.00
2016.10.27 09:16:09.032,0.79716,0.79723,1.50,1.00
2016.10.27 09:16:09.552,0.79716,0.79724,2.25,1.00
2016.10.27 09:16:10.203,0.79718,0.79724,1.00,1.00
2016.10.27 09:16:11.637,0.79717,0.79724,1.00,1.00
2016.10.27 09:16:15.346,0.79717,0.79726,1.12,1.12
2016.10.27 09:16:15.732,0.79719,0.79726,1.00,1.00
2016.10.27 09:16:16.251,0.79719,0.79726,1.37,1.00
2016.10.27 09:16:16.731,0.79721,0.79728,1.00,1.00
2016.10.27 09:16:17.238,0.79721,0.79727,1.00,1.00
2016.10.27 09:16:17.746,0.7972,0.79727,1.12,1.00
2016.10.27 09:16:18.340,0.79721,0.79727,1.00,1.00
2016.10.27 09:16:18.874,0.7972,0.79727,1.12,1.00
2016.10.27 09:16:19.381,0.79721,0.79728,1.00,1.00
2016.10.27 09:16:20.089,0.79721,0.79727,1.00,1.00
2016.10.27 09:16:20.674,0.7972,0.79727,1.12,1.00
2016.10.27 09:16:21.199,0.7972,0.79728,1.12,1.00
2016.10.27 09:16:21.940,0.79721,0.79728,1.00,1.00
2016.10.27 09:16:22.468,0.7972,0.79728,1.12,1.00
2016.10.27 09:16:23.943,0.7972,0.79728,1.50,1.00
2016.10.27 09:16:24.450,0.7972,0.79726,1.00,1.00
2016.10.27 09:16:25.286,0.7972,0.79728,1.00,1.50
2016.10.27 09:16:25.753,0.7972,0.79726,1.00,1.00
2016.10.27 09:16:25.956,0.79718,0.79725,1.00,1.00
2016.10.27 09:16:26.890,0.79717,0.79724,1.25,1.00
2016.10.27 09:16:26.942,0.79719,0.79724,1.00,1.00
2016.10.27 09:16:27.246,0.79717,0.79724,1.69,1.00
2016.10.27 09:16:28.271,0.79718,0.79724,1.00,1.00
2016.10.27 09:16:29.145,0.79718,0.79723,1.00,1.00
2016.10.27 09:16:29.653,0.79717,0.79723,1.25,1.00
2016.10.27 09:16:31.337,0.7972,0.79725,1.00,1.00
2016.10.27 09:16:31.444,0.7972,0.79727,1.00,1.00
2016.10.27 09:16:31.546,0.79724,0.79729,1.00,1.50
2016.10.27 09:16:31.648,0.79723,0.79732,1.50,1.50
2016.10.27 09:16:31.750,0.79725,0.79733,1.00,1.00
2016.10.27 09:16:32.336,0.79726,0.79734,1.00,1.00
2016.10.27 09:16:32.891,0.79727,0.79734,1.00,1.00
2016.10.27 09:16:33.510,0.79727,0.79735,1.00,1.00
2016.10.27 09:16:33.813,0.79729,0.79735,1.00,1.00
2016.10.27 09:16:37.128,0.79729,0.79736,1.00,1.00
2016.10.27 09:16:37.635,0.7973,0.79736,1.00,1.00
2016.10.27 09:16:38.460,0.79727,0.79736,1.37,1.00
2016.10.27 09:16:38.512,0.79727,0.79734,1.00,1.00
2016.10.27 09:16:38.831,0.79726,0.79732,1.00,1.00
2016.10.27 09:16:39.832,0.79725,0.79732,1.50,1.00
2016.10.27 09:16:40.137,0.79731,0.79736,1.00,1.12
2016.10.27 09:16:40.188,0.79729,0.79736,1.00,1.00
2016.10.27 09:16:41.017,0.7973,0.79736,1.00,1.00
2016.10.27 09:16:42.890,0.79731,0.79736,1.00,1.00
2016.10.27 09:16:42.993,0.79728,0.79734,1.37,1.00
2016.10.27 09:16:43.095,0.79727,0.79734,1.50,1.00
2016.10.27 09:16:44.387,0.79726,0.79734,1.12,1.00
2016.10.27 09:16:45.200,0.79727,0.79735,1.00,1.00
2016.10.27 09:16:45.779,0.79727,0.79734,1.12,1.00
2016.10.27 09:16:46.370,0.79725,0.79733,3.00,1.00
2016.10.27 09:16:47.187,0.79726,0.79731,1.00,1.00
2016.10.27 09:16:47.440,0.79726,0.79733,1.00,1.00
2016.10.27 09:16:47.491,0.79728,0.79733,1.00,1.00
2016.10.27 09:16:47.998,0.79728,0.79734,1.00,1.00
2016.10.27 09:16:48.407,0.79728,0.79732,1.00,1.00
2016.10.27 09:16:49.159,0.79726,0.79732,1.00,1.00
2016.10.27 09:16:49.353,0.79726,0.79734,1.00,1.00
2016.10.27 09:16:49.506,0.79728,0.79734,1.00,1.00
2016.10.27 09:16:50.315,0.79727,0.79732,1.00,1.00
2016.10.27 09:16:50.823,0.79727,0.79731,1.00,1.00
2016.10.27 09:16:51.416,0.79727,0.79732,1.00,1.00
2016.10.27 09:16:51.467,0.79727,0.79735,1.12,1.00
2016.10.27 09:16:53.161,0.79726,0.79734,1.50,1.00
2016.10.27 09:16:53.529,0.79729,0.79734,1.50,1.00
2016.10.27 09:16:53.581,0.79729,0.79737,1.50,1.87
2016.10.27 09:16:54.089,0.7973,0.79737,1.00,1.00
2016.10.27 09:16:55.077,0.7973,0.79736,1.00,1.00
2016.10.27 09:16:55.583,0.79729,0.79736,1.00,1.00
2016.10.27 09:16:56.286,0.7973,0.79735,1.12,1.00
2016.10.27 09:16:56.337,0.7973,0.79737,1.50,1.00
2016.10.27 09:16:57.130,0.79729,0.79737,1.87,1.00
2016.10.27 09:16:57.601,0.79727,0.79733,1.00,1.00
2016.10.27 09:16:58.300,0.79726,0.79733,1.00,1.00
2016.10.27 09:16:59.414,0.79727,0.79733,1.00,1.00
2016.10.27 09:16:59.927,0.79728,0.79732,1.00,1.00
2016.10.27 09:17:00.181,0.79727,0.79734,1.50,1.12
2016.10.27 09:17:00.283,0.79725,0.79731,1.37,1.00
2016.10.27 09:17:00.335,0.79725,0.79731,1.12,1.00
2016.10.27 09:17:00.838,0.79728,0.79736,1.12,1.50
2016.10.27 09:17:01.351,0.79729,0.79735,1.00,1.00
2016.10.27 09:17:01.896,0.7973,0.79734,1.00,1.00
2016.10.27 09:17:02.150,0.79728,0.79733,1.00,1.00
2016.10.27 09:17:02.404,0.79729,0.79736,1.00,1.00
2016.10.27 09:17:02.556,0.79726,0.79736,3.37,1.00
2016.10.27 09:17:03.035,0.79729,0.79735,1.00,1.00
2016.10.27 09:17:03.341,0.79729,0.79737,1.00,1.87
2016.10.27 09:17:03.444,0.79729,0.79735,1.00,1.00
2016.10.27 09:17:04.260,0.79729,0.79737,1.00,1.50
2016.10.27 09:17:04.794,0.79728,0.79736,1.12,1.00
2016.10.27 09:17:05.642,0.79728,0.79735,1.12,1.00
2016.10.27 09:17:06.148,0.79729,0.79735,1.00,1.00
2016.10.27 09:17:06.402,0.79727,0.79733,1.50,1.00
2016.10.27 09:17:06.941,0.79729,0.79733,1.00,1.00
2016.10.27 09:17:07.581,0.79729,0.79735,1.00,1.00
2016.10.27 09:17:08.190,0.79728,0.79735,1.00,1.00
2016.10.27 09:17:10.235,0.79728,0.79736,1.00,1.00
2016.10.27 09:17:10.807,0.79728,0.79735,1.37,1.00
2016.10.27 09:17:12.237,0.7973,0.79735,1.00,1.00
2016.10.27 09:17:13.055,0.79728,0.79735,1.37,1.00
2016.10.27 09:17:13.563,0.79727,0.79734,1.37,1.00
2016.10.27 09:17:14.071,0.79728,0.79735,1.12,1.00
2016.10.27 09:17:14.918,0.79728,0.79736,1.12,1.00
2016.10.27 09:17:15.638,0.79727,0.79735,3.00,1.00
2016.10.27 09:17:16.161,0.79728,0.79735,1.12,1.00
2016.10.27 09:17:17.373,0.79728,0.79735,2.62,1.00
2016.10.27 09:17:17.579,0.79728,0.79737,2.62,1.50
2016.10.27 09:17:17.833,0.79728,0.79735,2.62,1.00
2016.10.27 09:17:18.631,0.79727,0.79735,1.87,1.00
2016.10.27 09:17:20.459,0.79728,0.79735,1.00,1.00
2016.10.27 09:17:20.663,0.79729,0.79737,1.00,1.00
2016.10.27 09:17:21.665,0.79728,0.79734,1.00,1.00
2016.10.27 09:17:21.920,0.79729,0.79736,1.00,1.00
2016.10.27 09:17:22.431,0.79728,0.79737,1.50,1.00
2016.10.27 09:17:23.451,0.79728,0.79732,1.12,1.00
2016.10.27 09:17:23.503,0.79727,0.79733,1.50,1.87
2016.10.27 09:17:23.554,0.79725,0.79729,2.25,1.00
2016.10.27 09:17:23.606,0.79721,0.79729,3.37,1.00
2016.10.27 09:17:23.657,0.79721,0.79728,2.25,1.50
2016.10.27 09:17:23.709,0.7972,0.79728,1.12,1.50
2016.10.27 09:17:24.395,0.79718,0.79728,4.12,1.12
2016.10.27 09:17:24.966,0.79718,0.79728,4.50,1.00
2016.10.27 09:17:25.517,0.79718,0.79728,3.75,1.19
2016.10.27 09:17:25.814,0.79718,0.79722,1.87,1.00
2016.10.27 09:17:26.239,0.79716,0.79723,1.37,1.00
2016.10.27 09:17:26.921,0.79716,0.79723,1.50,1.00
2016.10.27 09:17:27.023,0.79716,0.79723,1.37,1.00
2016.10.27 09:17:27.797,0.79716,0.79725,1.37,1.00
2016.10.27 09:17:29.931,0.79717,0.79726,1.87,1.00
2016.10.27 09:17:32.127,0.79717,0.79725,1.12,1.00
2016.10.27 09:17:32.229,0.79717,0.79723,1.00,1.00
2016.10.27 09:17:32.649,0.79713,0.79717,4.50,1.12
2016.10.27 09:17:32.701,0.79706,0.79715,1.37,1.00
2016.10.27 09:17:32.904,0.79707,0.79715,1.00,1.00
2016.10.27 09:17:33.412,0.79708,0.79716,1.00,1.00
2016.10.27 09:17:33.933,0.79707,0.79716,1.00,1.00
2016.10.27 09:17:35.291,0.79707,0.79716,1.50,1.00
2016.10.27 09:17:35.343,0.79712,0.7972,1.00,1.31
2016.10.27 09:17:36.947,0.79712,0.79722,1.00,3.37
2016.10.27 09:17:37.270,0.79715,0.79722,1.75,1.50
2016.10.27 09:17:37.322,0.79719,0.79728,1.00,3.75
2016.10.27 09:17:37.525,0.79718,0.79726,1.00,1.50
2016.10.27 09:17:37.829,0.79717,0.79723,1.00,1.00
2016.10.27 09:17:38.544,0.7972,0.79728,1.00,3.37
2016.10.27 09:17:39.058,0.7972,0.79728,1.00,1.69
2016.10.27 09:17:39.830,0.79719,0.79728,1.12,2.44
2016.10.27 09:17:40.276,0.79721,0.79728,1.00,3.19
2016.10.27 09:17:40.782,0.7972,0.79728,1.00,1.69
2016.10.27 09:17:42.615,0.7972,0.7973,1.00,2.62
2016.10.27 09:17:43.334,0.79718,0.79723,2.62,1.25
2016.10.27 09:17:43.436,0.79714,0.79719,1.00,1.69
2016.10.27 09:17:43.487,0.79712,0.79719,1.37,1.25
2016.10.27 09:17:43.641,0.79713,0.79721,1.00,1.12
2016.10.27 09:17:44.180,0.79714,0.79722,1.00,2.06
2016.10.27 09:17:44.703,0.79713,0.79722,1.00,1.12
2016.10.27 09:17:45.228,0.79714,0.79721,1.00,1.00
2016.10.27 09:17:45.787,0.79714,0.79722,1.00,1.25
2016.10.27 09:17:47.268,0.79714,0.7972,1.00,1.19
2016.10.27 09:17:47.319,0.7971,0.7972,1.50,1.69
2016.10.27 09:17:47.907,0.79711,0.7972,1.00,1.19
2016.10.27 09:17:48.418,0.79712,0.79719,1.00,1.25
2016.10.27 09:17:48.925,0.79711,0.79718,1.00,1.00
2016.10.27 09:17:50.030,0.79711,0.79718,1.00,1.69
2016.10.27 09:17:50.132,0.7971,0.79715,1.00,1.00
2016.10.27 09:17:50.336,0.79709,0.79717,1.00,1.31
2016.10.27 09:17:50.437,0.79711,0.79717,1.00,1.12
2016.10.27 09:17:50.960,0.7971,0.79717,1.00,1.12
2016.10.27 09:17:51.626,0.79709,0.79716,1.00,1.31
2016.10.27 09:17:52.524,0.79708,0.79715,1.12,1.12
2016.10.27 09:17:52.728,0.7971,0.79718,1.00,1.00
2016.10.27 09:17:53.161,0.79709,0.79716,1.00,1.31
2016.10.27 09:17:53.618,0.7971,0.79718,1.00,1.37
2016.10.27 09:17:54.201,0.79711,0.79718,1.00,1.00
2016.10.27 09:17:54.564,0.79711,0.7972,1.00,2.06
2016.10.27 09:17:55.588,0.79711,0.79718,1.00,1.12
2016.10.27 09:17:56.715,0.7971,0.79718,1.00,1.12
2016.10.27 09:17:57.454,0.7971,0.79717,1.00,1.00
2016.10.27 09:18:00.234,0.79709,0.79717,1.50,1.69
2016.10.27 09:18:00.814,0.79708,0.79716,1.12,2.62
2016.10.27 09:18:01.368,0.79708,0.79716,1.12,1.50
2016.10.27 09:18:01.674,0.79709,0.79718,1.12,1.00
2016.10.27 09:18:02.220,0.7971,0.79718,1.00,1.00
2016.10.27 09:18:02.372,0.79713,0.79719,1.00,1.12
2016.10.27 09:18:02.525,0.79716,0.79724,1.00,1.69
2016.10.27 09:18:02.880,0.79718,0.79724,1.00,1.19
2016.10.27 09:18:03.647,0.79722,0.79726,1.00,1.00
2016.10.27 09:18:03.698,0.79724,0.79733,1.00,1.69
2016.10.27 09:18:04.229,0.79725,0.79733,1.00,1.56
2016.10.27 09:18:04.873,0.79724,0.79732,1.00,1.69
2016.10.27 09:18:05.577,0.79723,0.79733,1.00,3.19
2016.10.27 09:18:06.215,0.79722,0.79729,1.00,1.00
2016.10.27 09:18:06.822,0.79721,0.79731,1.12,3.56
2016.10.27 09:18:07.419,0.79721,0.7973,1.00,2.06
2016.10.27 09:18:07.981,0.79721,0.7973,1.00,1.31
2016.10.27 09:18:08.294,0.79726,0.7973,1.00,1.12
2016.10.27 09:18:08.397,0.79727,0.79733,1.00,1.50
2016.10.27 09:18:08.500,0.79726,0.79735,1.00,2.44
2016.10.27 09:18:08.895,0.79729,0.79736,1.00,1.00
2016.10.27 09:18:09.416,0.79729,0.79737,1.00,1.50
2016.10.27 09:18:10.792,0.79727,0.79736,2.62,1.00
2016.10.27 09:18:10.843,0.79727,0.79736,1.50,1.00
2016.10.27 09:18:11.608,0.79727,0.79735,1.00,1.50
2016.10.27 09:18:12.272,0.79727,0.79734,1.00,1.00
2016.10.27 09:18:12.323,0.79725,0.79732,1.00,1.00
2016.10.27 09:18:12.476,0.79721,0.79729,1.12,1.12
2016.10.27 09:18:13.005,0.7972,0.79728,1.50,1.00
2016.10.27 09:18:13.107,0.7972,0.7973,1.50,2.62
2016.10.27 09:18:13.630,0.7972,0.79729,1.00,1.00
2016.10.27 09:18:14.526,0.79721,0.79728,1.00,1.00
2016.10.27 09:18:15.046,0.79719,0.79729,1.69,1.50
2016.10.27 09:18:15.995,0.7972,0.79728,1.25,1.00
2016.10.27 09:18:16.919,0.79723,0.79731,1.00,1.37
2016.10.27 09:18:17.174,0.79721,0.7973,1.87,1.25
2016.10.27 09:18:17.682,0.79722,0.7973,1.00,1.12
2016.10.27 09:18:18.222,0.79726,0.79733,1.00,1.12
2016.10.27 09:18:19.565,0.79724,0.79733,1.00,1.12
2016.10.27 09:18:20.160,0.79724,0.79732,1.00,1.50
2016.10.27 09:18:20.262,0.79724,0.79734,1.00,3.00
2016.10.27 09:18:20.414,0.79726,0.79734,1.00,2.25
2016.10.27 09:18:21.250,0.79723,0.79731,1.87,1.00
2016.10.27 09:18:21.403,0.79725,0.79732,1.00,1.00
2016.10.27 09:18:21.505,0.79723,0.79732,1.12,1.00
2016.10.27 09:18:22.011,0.79724,0.79732,1.00,1.00
2016.10.27 09:18:23.282,0.79723,0.79732,1.12,1.00
2016.10.27 09:18:23.436,0.79723,0.7973,1.87,1.00
2016.10.27 09:18:24.374,0.79721,0.7973,1.00,1.12
2016.10.27 09:18:25.681,0.79721,0.7973,1.50,1.00
2016.10.27 09:18:26.321,0.79723,0.7973,1.00,1.50
2016.10.27 09:18:27.191,0.79722,0.7973,1.12,1.50
2016.10.27 09:18:28.127,0.79723,0.7973,1.00,1.00
2016.10.27 09:18:28.331,0.79724,0.79732,1.00,1.00
2016.10.27 09:18:30.162,0.79725,0.79732,1.00,1.00
2016.10.27 09:18:31.249,0.79729,0.79737,1.12,1.50
2016.10.27 09:18:34.564,0.79728,0.79736,1.50,1.00
2016.10.27 09:18:35.743,0.79726,0.79732,1.75,2.44
2016.10.27 09:18:36.132,0.79719,0.79728,1.00,1.12
2016.10.27 09:18:36.498,0.79719,0.79726,1.00,1.00
2016.10.27 09:18:37.540,0.79717,0.79722,1.12,1.00
2016.10.27 09:18:37.591,0.79714,0.79722,1.00,1.00
2016.10.27 09:18:37.946,0.79715,0.79724,1.00,1.12
2016.10.27 09:18:38.251,0.79717,0.79724,1.00,1.12
2016.10.27 09:18:38.940,0.79715,0.79723,1.87,1.00
2016.10.27 09:18:39.448,0.79716,0.79724,1.00,1.25
2016.10.27 09:18:39.924,0.79716,0.79722,1.00,1.00
2016.10.27 09:18:39.975,0.79715,0.79725,1.12,1.87
2016.10.27 09:18:40.382,0.79717,0.79725,1.00,1.87
2016.10.27 09:18:40.889,0.79716,0.79725,1.00,1.00
2016.10.27 09:18:41.548,0.79716,0.79724,1.00,1.00
2016.10.27 09:18:42.179,0.79716,0.79722,1.00,1.00
2016.10.27 09:18:43.198,0.79717,0.79722,1.00,1.00
2016.10.27 09:18:43.451,0.79717,0.79724,1.00,1.00
2016.10.27 09:18:43.975,0.79716,0.79724,1.00,1.00
2016.10.27 09:18:44.915,0.79717,0.79724,1.00,1.00
2016.10.27 09:18:45.168,0.79717,0.79726,1.00,1.12
2016.10.27 09:18:45.644,0.79715,0.79725,1.00,2.25
2016.10.27 09:18:45.719,0.79715,0.79723,1.00,1.00
2016.10.27 09:18:46.023,0.79718,0.79723,1.00,1.00
2016.10.27 09:18:47.467,0.79718,0.79724,1.00,1.00
2016.10.27 09:18:47.619,0.79714,0.79724,3.37,2.25
2016.10.27 09:18:47.670,0.79714,0.7972,1.87,1.00
2016.10.27 09:18:47.847,0.79711,0.79719,1.00,1.12
2016.10.27 09:18:48.861,0.79712,0.7972,1.00,2.62
2016.10.27 09:18:48.958,0.79709,0.79717,1.00,1.12
2016.10.27 09:18:49.213,0.79709,0.79717,1.00,2.25
2016.10.27 09:18:49.721,0.79708,0.79717,1.00,1.87
2016.10.27 09:18:50.416,0.79707,0.79716,1.00,1.87
2016.10.27 09:18:50.923,0.79706,0.79716,1.69,1.12
2016.10.27 09:18:52.072,0.79705,0.79715,2.44,1.00
2016.10.27 09:18:52.578,0.79706,0.79714,1.25,1.00
2016.10.27 09:18:53.797,0.79705,0.79711,1.12,1.00
2016.10.27 09:18:54.133,0.79703,0.79711,1.00,1.12
2016.10.27 09:18:54.845,0.79702,0.79711,1.50,2.25
2016.10.27 09:18:55.352,0.79702,0.7971,1.00,1.00
2016.10.27 09:18:55.932,0.79704,0.79709,1.00,1.00
2016.10.27 09:18:59.235,0.79702,0.79708,1.00,1.00
2016.10.27 09:18:59.784,0.79703,0.7971,1.00,1.12
2016.10.27 09:19:00.724,0.79701,0.79705,1.00,1.00
2016.10.27 09:19:00.775,0.79699,0.79705,1.00,1.00
2016.10.27 09:19:00.826,0.79697,0.79705,1.00,1.00
2016.10.27 09:19:01.031,0.79697,0.79703,1.00,1.00
2016.10.27 09:19:01.133,0.79695,0.79703,1.00,1.00
2016.10.27 09:19:01.929,0.79695,0.79701,1.00,1.00
2016.10.27 09:19:03.225,0.79692,0.79701,1.50,1.12
2016.10.27 09:19:03.635,0.79692,0.79699,1.00,1.00
2016.10.27 09:19:05.095,0.79689,0.79696,1.00,1.00
2016.10.27 09:19:06.489,0.79688,0.79696,1.00,1.12
2016.10.27 09:19:06.995,0.79689,0.79697,1.00,1.69
2016.10.27 09:19:07.520,0.79689,0.79696,1.00,1.00
2016.10.27 09:19:08.409,0.7969,0.79696,1.00,1.00
2016.10.27 09:19:08.928,0.79691,0.79696,1.00,1.00
2016.10.27 09:19:09.767,0.79689,0.79699,1.00,1.50
2016.10.27 09:19:09.855,0.79691,0.79699,1.00,1.50
2016.10.27 09:19:11.547,0.79692,0.79699,1.00,1.00
2016.10.27 09:19:12.057,0.79691,0.79699,1.00,1.00
2016.10.27 09:19:12.676,0.79692,0.79699,1.00,1.00
2016.10.27 09:19:13.226,0.79691,0.79699,1.00,1.00
2016.10.27 09:19:13.277,0.79689,0.79699,1.87,1.50
2016.10.27 09:19:13.531,0.79689,0.79699,3.37,1.50
2016.10.27 09:19:13.869,0.79693,0.79699,1.00,1.00
2016.10.27 09:19:13.922,0.79694,0.79701,1.00,1.00
2016.10.27 09:19:13.974,0.79697,0.79703,1.19,1.12
2016.10.27 09:19:14.026,0.79698,0.79704,1.00,1.12
2016.10.27 09:19:14.860,0.79698,0.79705,1.00,1.00
2016.10.27 09:19:15.548,0.79697,0.79704,1.00,1.50
2016.10.27 09:19:15.600,0.79693,0.79702,1.00,1.00
2016.10.27 09:19:15.702,0.79694,0.79704,1.87,1.00
2016.10.27 09:19:16.332,0.79693,0.79703,1.00,1.00
2016.10.27 09:19:16.849,0.79691,0.79701,1.87,1.00
2016.10.27 09:19:17.356,0.79693,0.79701,1.00,1.00
2016.10.27 09:19:17.858,0.79692,0.79701,1.00,1.00
2016.10.27 09:19:18.367,0.79691,0.79701,1.50,1.00
2016.10.27 09:19:18.968,0.79691,0.797,1.00,1.12
2016.10.27 09:19:19.475,0.7969,0.797,1.00,1.00
2016.10.27 09:19:20.027,0.7969,0.79698,1.00,1.00
2016.10.27 09:19:20.824,0.79689,0.79697,1.12,1.00
2016.10.27 09:19:22.024,0.79687,0.79697,1.69,1.37
2016.10.27 09:19:22.617,0.79687,0.79695,1.50,1.00
2016.10.27 09:19:23.385,0.79684,0.79693,1.12,1.00
2016.10.27 09:19:23.945,0.79684,0.79692,1.00,1.50
2016.10.27 09:19:25.117,0.79683,0.79691,1.00,1.00
2016.10.27 09:19:25.372,0.79685,0.79694,1.12,1.00
2016.10.27 09:19:25.424,0.79687,0.79694,1.12,1.00
2016.10.27 09:19:25.476,0.79687,0.79696,1.12,1.50
2016.10.27 09:19:26.097,0.79685,0.79695,4.12,1.00
2016.10.27 09:19:26.751,0.79686,0.79696,1.87,1.00
2016.10.27 09:19:27.328,0.79686,0.79696,1.00,1.00
2016.10.27 09:19:27.480,0.79686,0.79693,1.12,1.00
2016.10.27 09:19:27.532,0.79683,0.79693,2.62,1.00
2016.10.27 09:19:28.038,0.79683,0.79693,1.00,1.50
2016.10.27 09:19:29.378,0.79683,0.79692,1.12,1.00
2016.10.27 09:19:29.899,0.79683,0.79692,2.25,1.00
2016.10.27 09:19:30.227,0.79684,0.79692,1.31,1.00
2016.10.27 09:19:30.590,0.79683,0.79693,2.44,1.50
2016.10.27 09:19:30.642,0.79686,0.79693,1.00,1.00
2016.10.27 09:19:31.873,0.79684,0.79693,1.31,1.00
2016.10.27 09:19:33.163,0.79687,0.79695,1.00,1.50
2016.10.27 09:19:33.468,0.79689,0.79697,1.50,1.00
2016.10.27 09:19:33.671,0.7969,0.79699,1.00,1.50
2016.10.27 09:19:34.296,0.79691,0.79699,1.00,1.50
2016.10.27 09:19:34.384,0.79689,0.79696,1.00,1.00
2016.10.27 09:19:35.644,0.79689,0.79697,1.00,1.87
2016.10.27 09:19:35.951,0.79691,0.79697,1.00,1.12
2016.10.27 09:19:36.154,0.79693,0.797,1.00,1.00
2016.10.27 09:19:36.671,0.79693,0.79701,1.00,1.12
2016.10.27 09:19:37.182,0.79694,0.79701,1.00,1.12
2016.10.27 09:19:37.688,0.79693,0.79701,1.00,1.12
2016.10.27 09:19:38.365,0.79693,0.79702,1.00,1.00
2016.10.27 09:19:39.014,0.79693,0.79701,1.00,1.87
2016.10.27 09:19:41.935,0.79689,0.79693,3.37,1.00
2016.10.27 09:19:41.986,0.7969,0.79695,1.00,1.56
2016.10.27 09:19:42.037,0.79688,0.79695,1.37,4.31
2016.10.27 09:19:42.139,0.79684,0.79691,1.00,2.25
2016.10.27 09:19:42.190,0.79682,0.79691,1.50,1.50
2016.10.27 09:19:42.800,0.79682,0.79692,1.00,3.37
2016.10.27 09:19:43.486,0.79682,0.79692,1.50,1.50
2016.10.27 09:19:45.398,0.79684,0.79693,1.00,1.50
2016.10.27 09:19:48.122,0.79685,0.79693,1.00,1.00
2016.10.27 09:19:48.753,0.79687,0.79695,1.00,1.00
2016.10.27 09:19:49.630,0.79685,0.79695,1.87,1.00
2016.10.27 09:19:50.183,0.79686,0.79695,1.00,1.00
2016.10.27 09:19:50.876,0.79686,0.79696,1.50,1.87
2016.10.27 09:19:50.977,0.79688,0.79695,1.00,1.00
2016.10.27 09:19:51.283,0.79686,0.79696,1.50,1.50
2016.10.27 09:19:51.808,0.79687,0.79696,1.00,1.00
2016.10.27 09:19:52.153,0.79687,0.79694,1.00,1.00
2016.10.27 09:19:53.462,0.79686,0.79693,1.50,1.00
2016.10.27 09:19:53.767,0.79685,0.79693,1.00,2.25
2016.10.27 09:19:54.316,0.79685,0.79693,1.00,1.87
2016.10.27 09:19:54.418,0.79685,0.79691,1.00,1.00
2016.10.27 09:19:54.597,0.79685,0.79693,1.00,1.50
2016.10.27 09:19:56.554,0.79685,0.79692,1.00,1.00
2016.10.27 09:19:56.859,0.7968,0.79684,9.00,1.00
2016.10.27 09:19:56.910,0.79681,0.79687,2.25,3.56
2016.10.27 09:19:57.012,0.79675,0.79684,1.37,1.87
2016.10.27 09:19:57.514,0.79676,0.79684,1.00,1.37
2016.10.27 09:19:57.565,0.79677,0.79686,1.00,2.44
2016.10.27 09:19:58.031,0.79673,0.79678,1.50,1.00
2016.10.27 09:19:58.185,0.79659,0.79667,1.00,2.81
2016.10.27 09:19:58.565,0.79655,0.7966,1.00,1.00
2016.10.27 09:19:58.617,0.79654,0.79662,1.00,1.87
2016.10.27 09:19:58.769,0.79656,0.79662,1.00,1.00
2016.10.27 09:19:58.821,0.79656,0.79664,1.00,1.50
2016.10.27 09:20:00.184,0.79656,0.79664,1.31,1.00
2016.10.27 09:20:00.652,0.79659,0.79666,1.50,1.00
2016.10.27 09:20:00.805,0.79664,0.79672,1.00,1.50
2016.10.27 09:20:00.922,0.79661,0.79669,1.12,1.00
2016.10.27 09:20:00.973,0.79658,0.79666,2.25,3.75
2016.10.27 09:20:01.024,0.79656,0.79665,1.50,2.25
2016.10.27 09:20:01.177,0.79657,0.79665,1.00,1.00
2016.10.27 09:20:01.759,0.79657,0.79664,1.00,1.00
2016.10.27 09:20:02.195,0.79659,0.79667,1.25,4.87
2016.10.27 09:20:02.247,0.79659,0.79668,1.25,3.00
2016.10.27 09:20:02.805,0.79664,0.79674,1.31,4.12
2016.10.27 09:20:03.338,0.79664,0.79674,1.25,2.25
2016.10.27 09:20:03.714,0.79662,0.79671,1.19,1.00
2016.10.27 09:20:04.069,0.79664,0.79673,1.25,1.00
2016.10.27 09:20:04.613,0.79664,0.79674,1.25,1.12
2016.10.27 09:20:05.063,0.79663,0.79672,1.19,1.50
2016.10.27 09:20:05.571,0.79665,0.79674,1.00,3.37
2016.10.27 09:20:05.673,0.79665,0.79674,1.00,1.00
2016.10.27 09:20:06.187,0.79667,0.79675,1.00,1.00
2016.10.27 09:20:06.771,0.79667,0.79676,1.00,1.00
2016.10.27 09:20:07.076,0.79665,0.79673,1.00,1.12
2016.10.27 09:20:08.052,0.79665,0.79674,1.00,1.12
2016.10.27 09:20:09.579,0.79665,0.79674,1.00,1.87
2016.10.27 09:20:10.124,0.79665,0.79674,1.00,1.87
2016.10.27 09:20:11.716,0.79664,0.79674,1.31,1.87
2016.10.27 09:20:12.041,0.79662,0.7967,1.50,1.00
2016.10.27 09:20:12.346,0.79664,0.79672,1.00,1.00
2016.10.27 09:20:12.881,0.79664,0.79673,1.00,1.12
2016.10.27 09:20:15.629,0.79666,0.79673,1.00,1.00
2016.10.27 09:20:15.832,0.79666,0.79675,1.00,1.12
2016.10.27 09:20:17.424,0.79668,0.79675,1.00,1.12
2016.10.27 09:20:19.197,0.79668,0.79675,1.00,1.87
2016.10.27 09:20:20.002,0.79667,0.79673,1.00,1.00
2016.10.27 09:20:20.155,0.79665,0.79672,1.00,1.00
2016.10.27 09:20:20.613,0.79667,0.79672,1.00,1.00
2016.10.27 09:20:20.664,0.79667,0.79675,1.00,1.87
2016.10.27 09:20:21.187,0.79668,0.79675,1.00,1.00
2016.10.27 09:20:21.726,0.79667,0.79675,1.12,1.00
2016.10.27 09:20:21.961,0.79665,0.79669,1.12,1.12
2016.10.27 09:20:22.013,0.79665,0.7967,1.12,1.37
2016.10.27 09:20:22.450,0.79662,0.79671,1.00,3.37
2016.10.27 09:20:22.704,0.79664,0.79671,1.00,1.00
2016.10.27 09:20:23.243,0.79664,0.79672,1.00,1.50
2016.10.27 09:20:23.887,0.79664,0.79672,2.25,1.12
2016.10.27 09:20:23.973,0.79667,0.79675,1.00,1.87
2016.10.27 09:20:24.511,0.79666,0.79676,1.12,2.62
2016.10.27 09:20:25.265,0.79666,0.79676,1.00,2.25
2016.10.27 09:20:25.805,0.79667,0.79674,1.00,1.00
2016.10.27 09:20:27.365,0.79667,0.79676,1.00,2.25
2016.10.27 09:20:27.871,0.79667,0.79676,1.00,1.87
2016.10.27 09:20:29.513,0.79666,0.79676,1.00,1.00
2016.10.27 09:20:30.018,0.79667,0.79676,1.00,1.00
2016.10.27 09:20:30.528,0.79669,0.79676,1.00,1.50
2016.10.27 09:20:30.978,0.79666,0.79676,1.00,1.87
2016.10.27 09:20:32.028,0.79666,0.79676,1.00,1.87
2016.10.27 09:20:34.027,0.79668,0.79675,1.00,1.50
2016.10.27 09:20:38.127,0.79666,0.79675,1.00,1.00
2016.10.27 09:20:39.566,0.79666,0.79675,1.50,1.00
2016.10.27 09:20:42.639,0.79664,0.7967,1.75,1.00
2016.10.27 09:20:42.740,0.79661,0.79666,1.69,1.00
2016.10.27 09:20:43.618,0.79662,0.79667,1.19,1.00
2016.10.27 09:20:43.669,0.79662,0.79667,1.19,1.00
2016.10.27 09:20:45.171,0.79662,0.79666,1.25,1.00
2016.10.27 09:20:45.892,0.79662,0.79667,1.19,1.00
2016.10.27 09:20:46.502,0.79662,0.7967,1.19,1.50
2016.10.27 09:20:46.604,0.79662,0.7967,1.94,1.00
2016.10.27 09:20:47.011,0.79665,0.79673,1.50,1.00
2016.10.27 09:20:47.113,0.79666,0.79673,1.19,1.00
2016.10.27 09:20:47.838,0.79665,0.79672,2.06,1.00
2016.10.27 09:20:48.991,0.79665,0.79673,1.69,1.00
2016.10.27 09:20:49.527,0.79667,0.79674,1.31,1.00
2016.10.27 09:20:50.120,0.79668,0.79674,1.00,1.00
2016.10.27 09:20:50.941,0.79668,0.79675,1.00,1.00
2016.10.27 09:20:52.445,0.79669,0.79675,1.00,1.00
2016.10.27 09:21:00.627,0.79669,0.79675,1.19,1.00
2016.10.27 09:21:01.134,0.79671,0.79677,1.25,1.00
2016.10.27 09:21:02.834,0.7967,0.79676,1.19,1.00
2016.10.27 09:21:02.885,0.7967,0.79674,1.25,1.00
2016.10.27 09:21:03.433,0.7967,0.79675,1.19,1.00
2016.10.27 09:21:05.077,0.79669,0.79674,1.19,1.00
2016.10.27 09:21:06.468,0.7967,0.79676,1.19,1.00
2016.10.27 09:21:06.984,0.7967,0.79677,1.19,1.00
2016.10.27 09:21:07.507,0.7967,0.79676,1.19,1.00
2016.10.27 09:21:09.489,0.7967,0.79677,1.19,1.00
2016.10.27 09:21:10.350,0.79671,0.79676,1.00,1.00
2016.10.27 09:21:10.855,0.7967,0.79675,1.25,1.00
2016.10.27 09:21:11.517,0.7967,0.79676,1.25,1.00
2016.10.27 09:21:12.724,0.7967,0.79675,1.25,1.00
2016.10.27 09:21:13.238,0.79669,0.79676,1.56,1.00
2016.10.27 09:21:16.393,0.79671,0.79676,1.00,1.00
2016.10.27 09:21:16.446,0.79671,0.79678,1.12,1.00
2016.10.27 09:21:22.982,0.79672,0.7968,1.00,1.00
2016.10.27 09:21:23.135,0.79673,0.79682,1.37,1.50
2016.10.27 09:21:23.638,0.79673,0.79682,2.25,1.00
2016.10.27 09:21:24.161,0.79673,0.79681,2.44,1.00
2016.10.27 09:21:24.527,0.79675,0.79684,1.12,1.50
2016.10.27 09:21:24.629,0.79676,0.79684,1.37,1.00
2016.10.27 09:21:25.901,0.79679,0.79686,1.31,1.12
2016.10.27 09:21:26.409,0.79678,0.79686,1.25,1.50
2016.10.27 09:21:27.364,0.79678,0.79685,1.25,1.00
2016.10.27 09:21:30.345,0.79679,0.79685,1.00,1.00
2016.10.27 09:21:31.202,0.79679,0.79684,1.00,1.00
2016.10.27 09:21:31.558,0.79679,0.79686,1.00,1.00
2016.10.27 09:21:34.941,0.79679,0.79684,1.12,1.00
2016.10.27 09:21:38.342,0.79679,0.79685,1.00,1.00
2016.10.27 09:21:39.602,0.79678,0.79686,1.50,1.00
2016.10.27 09:21:40.479,0.79677,0.79686,1.50,1.50
2016.10.27 09:21:40.820,0.79677,0.79683,1.00,1.00
2016.10.27 09:21:41.333,0.79676,0.79683,1.00,1.50
2016.10.27 09:21:42.097,0.79676,0.79682,1.00,1.00
2016.10.27 09:21:44.985,0.79675,0.79682,1.00,1.00
2016.10.27 09:21:47.732,0.79678,0.79682,1.00,1.00
2016.10.27 09:21:48.137,0.7968,0.79684,1.00,1.00
2016.10.27 09:21:48.738,0.79678,0.79682,1.00,1.00
2016.10.27 09:21:50.941,0.79678,0.79683,1.00,1.00
2016.10.27 09:21:51.469,0.79679,0.79684,1.00,1.00
2016.10.27 09:21:51.520,0.79681,0.79685,1.00,1.12
2016.10.27 09:21:51.826,0.79681,0.79687,1.00,1.00
2016.10.27 09:21:52.538,0.79681,0.79686,1.00,1.00
2016.10.27 09:21:53.044,0.79681,0.79685,1.00,1.00
2016.10.27 09:21:55.523,0.79682,0.79686,1.00,1.00
2016.10.27 09:21:56.030,0.79682,0.79686,1.00,1.00
2016.10.27 09:21:56.569,0.79679,0.79686,1.00,1.00
2016.10.27 09:21:57.319,0.7968,0.79686,1.00,1.00
2016.10.27 09:21:58.093,0.79682,0.79686,1.00,1.00
2016.10.27 09:22:00.134,0.79682,0.79687,1.00,1.00
2016.10.27 09:22:04.161,0.79682,0.79686,1.00,1.00
2016.10.27 09:22:04.669,0.79682,0.79687,1.00,1.00
2016.10.27 09:22:05.229,0.79683,0.79688,1.00,1.00
2016.10.27 09:22:05.832,0.79684,0.79688,1.00,1.00
2016.10.27 09:22:08.095,0.79683,0.79689,1.00,1.00
2016.10.27 09:22:09.387,0.79683,0.7969,1.00,1.00
2016.10.27 09:22:09.836,0.79685,0.7969,1.00,1.00
2016.10.27 09:22:10.141,0.7969,0.79694,1.00,1.25
2016.10.27 09:22:10.899,0.7969,0.79695,1.00,1.00
2016.10.27 09:22:12.154,0.7969,0.79694,1.00,1.00
2016.10.27 09:22:14.408,0.79689,0.79694,1.00,1.00
2016.10.27 09:22:14.932,0.79688,0.79694,1.00,1.00
2016.10.27 09:22:15.709,0.79689,0.79695,1.00,1.00
2016.10.27 09:22:17.305,0.79688,0.79695,1.00,1.00
2016.10.27 09:22:17.636,0.7969,0.79695,1.00,1.00
2016.10.27 09:22:18.309,0.7969,0.79696,1.00,1.00
2016.10.27 09:22:23.855,0.7969,0.79697,1.00,1.00
2016.10.27 09:22:25.660,0.79691,0.79698,1.00,1.87
2016.10.27 09:22:27.320,0.79691,0.79696,1.00,1.00
2016.10.27 09:22:31.299,0.79691,0.79698,1.00,2.25
2016.10.27 09:22:35.394,0.7969,0.79698,1.00,1.50
2016.10.27 09:22:36.134,0.7969,0.79698,1.50,1.00
2016.10.27 09:22:36.717,0.79691,0.79698,1.00,1.00
2016.10.27 09:22:40.183,0.79694,0.79698,1.00,1.00
2016.10.27 09:22:40.903,0.79691,0.79698,1.00,1.00
2016.10.27 09:22:41.406,0.79692,0.79698,1.00,1.00
2016.10.27 09:22:42.932,0.79692,0.79697,1.00,1.00
2016.10.27 09:22:43.543,0.79691,0.79699,1.00,1.00
2016.10.27 09:22:43.602,0.79691,0.79699,1.00,1.37
2016.10.27 09:22:44.590,0.79691,0.79698,1.00,1.00
2016.10.27 09:22:45.119,0.79691,0.79699,1.00,1.00
2016.10.27 09:22:45.727,0.7969,0.797,1.87,1.12
2016.10.27 09:22:46.032,0.79692,0.797,1.00,1.00
2016.10.27 09:22:47.438,0.79692,0.79699,1.00,1.00
2016.10.27 09:22:50.204,0.79689,0.79698,1.00,1.50
2016.10.27 09:22:50.712,0.79689,0.79697,1.50,1.12
2016.10.27 09:22:51.631,0.79688,0.79698,1.50,3.37
2016.10.27 09:22:52.103,0.7969,0.79698,1.00,1.50
2016.10.27 09:22:52.158,0.7969,0.79699,1.00,1.00
2016.10.27 09:22:52.310,0.79692,0.79699,1.00,1.12
2016.10.27 09:22:52.762,0.79691,0.79701,1.50,3.00
2016.10.27 09:22:52.814,0.79691,0.79701,1.50,3.00
2016.10.27 09:22:53.345,0.79691,0.79698,1.00,1.00
2016.10.27 09:22:54.007,0.79691,0.79699,1.00,1.00
2016.10.27 09:22:54.517,0.79691,0.79698,1.50,1.00
2016.10.27 09:22:54.827,0.79693,0.79698,1.00,1.00
2016.10.27 09:22:55.866,0.79693,0.797,1.00,1.12
2016.10.27 09:22:56.384,0.79693,0.79699,1.00,1.00
2016.10.27 09:22:57.357,0.79693,0.797,1.00,1.12
2016.10.27 09:22:57.561,0.79695,0.79701,1.00,1.12
2016.10.27 09:22:57.867,0.79699,0.79703,1.00,1.50
2016.10.27 09:22:58.687,0.79698,0.79704,1.00,2.25
2016.10.27 09:22:58.789,0.79699,0.79706,1.00,1.12
2016.10.27 09:22:59.298,0.797,0.79706,1.00,1.25
2016.10.27 09:22:59.620,0.79698,0.79707,1.00,4.31
2016.10.27 09:23:00.006,0.797,0.79705,1.00,2.25
2016.10.27 09:23:00.209,0.79699,0.79704,1.00,1.12
2016.10.27 09:23:00.717,0.797,0.79705,1.00,1.37
2016.10.27 09:23:02.074,0.79698,0.79705,1.00,1.50
2016.10.27 09:23:02.337,0.797,0.79704,1.00,1.00
2016.10.27 09:23:02.849,0.79697,0.79704,1.00,1.00
2016.10.27 09:23:05.481,0.79698,0.79704,1.00,1.50
2016.10.27 09:23:05.903,0.79698,0.79703,1.00,1.87
2016.10.27 09:23:06.539,0.79697,0.79701,1.00,1.00
2016.10.27 09:23:07.046,0.79697,0.79701,1.00,1.00
2016.10.27 09:23:10.761,0.79698,0.79702,1.00,1.12
2016.10.27 09:23:11.547,0.79698,0.79703,1.00,1.00
2016.10.27 09:23:13.228,0.79698,0.79702,1.00,1.00
2016.10.27 09:23:14.083,0.79698,0.79703,1.00,1.25
2016.10.27 09:23:14.628,0.79697,0.79702,1.00,1.00
2016.10.27 09:23:15.297,0.79696,0.797,1.00,1.00
2016.10.27 09:23:15.500,0.79695,0.797,1.00,1.00
2016.10.27 09:23:15.551,0.79697,0.79701,1.00,1.00
2016.10.27 09:23:16.321,0.79697,0.79702,1.00,1.31
2016.10.27 09:23:16.603,0.79695,0.79701,1.00,1.00
2016.10.27 09:23:16.806,0.79694,0.79699,1.00,1.00
2016.10.27 09:23:17.332,0.79693,0.79697,1.00,1.00
2016.10.27 09:23:17.892,0.79694,0.79699,1.00,1.00
2016.10.27 09:23:19.260,0.79693,0.79697,1.00,1.00
2016.10.27 09:23:23.751,0.79692,0.79697,1.00,1.00
2016.10.27 09:23:24.157,0.7969,0.79696,1.00,1.25
2016.10.27 09:23:24.669,0.7969,0.79695,1.00,1.12
2016.10.27 09:23:25.135,0.79689,0.79693,1.00,1.00
2016.10.27 09:23:25.649,0.7969,0.79695,1.00,1.87
2016.10.27 09:23:26.206,0.79687,0.79695,1.00,1.87
2016.10.27 09:23:26.279,0.79689,0.79693,1.00,1.00
2016.10.27 09:23:28.020,0.7969,0.79694,1.00,1.12
2016.10.27 09:23:28.526,0.79689,0.79693,1.00,1.12
2016.10.27 09:23:29.560,0.79687,0.79693,1.00,1.12
2016.10.27 09:23:30.130,0.79688,0.79693,1.00,1.12
2016.10.27 09:23:31.433,0.79689,0.79693,1.00,1.12
2016.10.27 09:23:31.586,0.79687,0.79693,1.00,1.12
2016.10.27 09:23:32.109,0.79688,0.79694,1.00,1.00
2016.10.27 09:23:32.629,0.79688,0.79695,1.00,1.00
2016.10.27 09:23:34.668,0.79688,0.79694,1.00,1.00
2016.10.27 09:23:35.236,0.79688,0.79695,1.00,1.00
2016.10.27 09:23:35.338,0.79688,0.79693,1.00,1.00
2016.10.27 09:23:37.772,0.79685,0.79692,1.50,1.00
2016.10.27 09:23:37.873,0.79683,0.79688,1.12,1.00
2016.10.27 09:23:38.178,0.79682,0.79686,1.00,1.00
2016.10.27 09:23:38.280,0.79682,0.79686,1.00,1.00
2016.10.27 09:23:38.807,0.7968,0.79686,1.00,1.00
2016.10.27 09:23:40.006,0.79681,0.79686,1.00,1.00
2016.10.27 09:23:40.593,0.79679,0.79686,1.00,1.00
2016.10.27 09:23:40.695,0.79677,0.79685,1.00,1.00
2016.10.27 09:23:40.746,0.79677,0.79683,1.00,1.00
2016.10.27 09:23:42.409,0.79678,0.79683,1.00,1.00
2016.10.27 09:23:48.755,0.79678,0.79684,1.00,1.00
2016.10.27 09:23:50.083,0.79678,0.79683,1.00,1.00
2016.10.27 09:23:51.396,0.7968,0.79687,1.00,1.37
2016.10.27 09:23:51.549,0.79683,0.79687,1.00,1.00
2016.10.27 09:23:51.651,0.79682,0.79689,1.00,1.00
2016.10.27 09:23:51.702,0.79685,0.7969,1.00,1.12
2016.10.27 09:23:52.561,0.79685,0.79689,1.00,1.00
2016.10.27 09:23:52.647,0.79686,0.79692,1.00,1.00
2016.10.27 09:23:53.337,0.79687,0.79692,1.00,1.00
2016.10.27 09:23:55.347,0.79684,0.7969,1.00,1.12
2016.10.27 09:23:55.398,0.79682,0.79686,1.12,1.00
2016.10.27 09:23:55.450,0.7968,0.79686,1.00,1.00
2016.10.27 09:23:56.022,0.7968,0.79685,1.00,1.00
2016.10.27 09:23:56.074,0.7968,0.79687,1.00,1.50
2016.10.27 09:23:56.657,0.7968,0.79686,1.00,1.00
2016.10.27 09:23:57.325,0.79681,0.79686,1.00,1.12
2016.10.27 09:23:58.108,0.7968,0.79687,1.00,1.00
2016.10.27 09:23:58.614,0.7968,0.79686,1.00,1.00
2016.10.27 09:23:59.184,0.7968,0.79687,1.00,1.00
2016.10.27 09:23:59.720,0.79679,0.79687,1.50,1.50
2016.10.27 09:24:00.586,0.7968,0.7969,1.00,3.00
2016.10.27 09:24:00.688,0.79681,0.7969,1.00,2.25
2016.10.27 09:24:01.118,0.79685,0.79691,1.00,1.12
2016.10.27 09:24:01.371,0.79688,0.79695,1.00,1.50
2016.10.27 09:24:02.729,0.79687,0.79693,1.00,1.00
2016.10.27 09:24:03.223,0.79687,0.79695,1.00,1.50
2016.10.27 09:24:03.528,0.79689,0.79695,1.00,1.00
2016.10.27 09:24:03.930,0.7969,0.79697,1.00,1.00
2016.10.27 09:24:04.431,0.7969,0.79698,1.50,1.50
2016.10.27 09:24:05.169,0.79691,0.79698,1.00,1.00
2016.10.27 09:24:05.678,0.7969,0.79698,1.00,1.50
2016.10.27 09:24:06.189,0.79691,0.79698,1.00,1.00
2016.10.27 09:24:06.735,0.79691,0.79699,1.69,1.12
2016.10.27 09:24:07.242,0.79692,0.797,1.00,1.50
2016.10.27 09:24:07.764,0.79693,0.797,1.00,1.00
2016.10.27 09:24:09.997,0.79694,0.79701,1.00,1.12
2016.10.27 09:24:10.048,0.79697,0.79701,1.00,1.12
2016.10.27 09:24:10.201,0.79699,0.79705,1.00,1.00
2016.10.27 09:24:10.756,0.797,0.79706,1.00,1.00
2016.10.27 09:24:11.212,0.79701,0.79708,1.00,1.00
2016.10.27 09:24:11.619,0.79702,0.7971,1.50,1.50
2016.10.27 09:24:12.154,0.79703,0.79709,1.00,1.00
2016.10.27 09:24:12.205,0.79702,0.79711,1.00,1.12
2016.10.27 09:24:12.782,0.79701,0.79711,1.69,1.12
2016.10.27 09:24:14.445,0.79702,0.79711,1.00,1.12
2016.10.27 09:24:15.400,0.79702,0.79709,1.50,1.00
2016.10.27 09:24:15.711,0.79704,0.7971,1.00,1.00
2016.10.27 09:24:16.242,0.79703,0.7971,1.00,1.00
2016.10.27 09:24:17.050,0.79703,0.79711,1.00,1.50
2016.10.27 09:24:17.711,0.79704,0.79711,1.00,1.00
2016.10.27 09:24:19.424,0.79702,0.79708,1.87,1.00
2016.10.27 09:24:19.733,0.79703,0.7971,1.00,1.00
2016.10.27 09:24:23.090,0.79703,0.79711,1.87,1.50
2016.10.27 09:24:23.476,0.79706,0.79712,1.87,1.50
2016.10.27 09:24:23.527,0.79708,0.79715,1.00,1.00
2016.10.27 09:24:24.071,0.79708,0.79715,1.19,1.00
2016.10.27 09:24:26.934,0.79711,0.79718,1.00,1.00
2016.10.27 09:24:27.138,0.79711,0.7972,2.62,1.00
2016.10.27 09:24:27.494,0.79711,0.79718,1.87,1.00
2016.10.27 09:24:27.800,0.79711,0.79716,1.00,1.00
2016.10.27 09:24:28.196,0.79708,0.79715,2.25,1.00
2016.10.27 09:24:29.821,0.79708,0.79716,2.25,1.00
2016.10.27 09:24:30.430,0.79708,0.79717,3.37,1.12
2016.10.27 09:24:30.887,0.79708,0.79712,1.12,1.00
2016.10.27 09:24:30.939,0.79706,0.79712,1.12,1.00
2016.10.27 09:24:31.404,0.79705,0.79714,2.44,1.50
2016.10.27 09:24:31.556,0.79707,0.79714,1.00,1.00
2016.10.27 09:24:32.250,0.79706,0.79715,1.00,1.12
2016.10.27 09:24:32.589,0.79706,0.79713,1.00,1.00
2016.10.27 09:24:32.793,0.79704,0.79713,1.00,1.00
2016.10.27 09:24:32.895,0.79704,0.79711,1.12,1.00
2016.10.27 09:24:33.586,0.79705,0.79711,1.50,1.00
2016.10.27 09:24:35.609,0.79701,0.7971,1.69,1.50
2016.10.27 09:24:37.489,0.79701,0.79709,1.69,1.00
2016.10.27 09:24:38.881,0.79702,0.7971,1.25,1.87
2016.10.27 09:24:39.136,0.79704,0.79711,1.00,1.00
2016.10.27 09:24:40.051,0.79702,0.7971,1.25,1.50
2016.10.27 09:24:41.043,0.79701,0.79709,1.00,1.12
2016.10.27 09:24:41.347,0.79698,0.79705,1.00,1.12
2016.10.27 09:24:42.216,0.79698,0.79704,1.00,1.00
2016.10.27 09:24:43.759,0.79697,0.79704,1.00,1.00
2016.10.27 09:24:44.265,0.79699,0.79704,1.00,1.00
2016.10.27 09:24:44.902,0.797,0.79705,1.00,1.00
2016.10.27 09:24:47.041,0.79701,0.79706,1.00,1.00
2016.10.27 09:24:47.397,0.79699,0.79706,1.25,1.00
2016.10.27 09:24:48.778,0.79699,0.79705,1.25,1.00
2016.10.27 09:24:49.203,0.79698,0.79703,1.25,1.00
2016.10.27 09:24:50.734,0.79698,0.79705,1.25,1.12
2016.10.27 09:24:51.471,0.79698,0.79703,1.25,1.00
2016.10.27 09:24:52.721,0.79698,0.79704,1.25,1.00
2016.10.27 09:24:57.406,0.79698,0.79705,1.25,1.12
2016.10.27 09:24:59.805,0.79696,0.79701,1.25,1.00
2016.10.27 09:25:00.314,0.79695,0.79702,1.19,1.00
2016.10.27 09:25:01.046,0.79694,0.79702,1.87,1.00
2016.10.27 09:25:01.148,0.79695,0.79704,1.00,1.50
2016.10.27 09:25:01.706,0.79694,0.79703,2.62,1.00
2016.10.27 09:25:02.636,0.79694,0.79702,1.12,1.00
2016.10.27 09:25:05.833,0.79695,0.79702,1.00,1.00
2016.10.27 09:25:06.138,0.79693,0.79701,1.87,1.00
2016.10.27 09:25:06.663,0.79694,0.79701,1.00,1.00
2016.10.27 09:25:06.972,0.79694,0.79703,1.00,1.50
2016.10.27 09:25:10.157,0.79692,0.797,1.69,1.00
2016.10.27 09:25:10.673,0.79693,0.797,1.00,1.00
2016.10.27 09:25:11.202,0.79688,0.79697,1.12,1.00
2016.10.27 09:25:11.709,0.79689,0.79696,1.00,1.00
2016.10.27 09:25:12.233,0.79688,0.79694,1.00,1.19
2016.10.27 09:25:12.328,0.79681,0.79689,2.25,1.00
2016.10.27 09:25:12.737,0.79683,0.79689,1.00,1.00
2016.10.27 09:25:13.372,0.79685,0.79692,1.00,1.00
2016.10.27 09:25:13.424,0.79687,0.79692,1.00,1.00
2016.10.27 09:25:13.527,0.79685,0.79692,1.00,1.00
2016.10.27 09:25:14.035,0.79684,0.79692,1.00,1.00
2016.10.27 09:25:15.035,0.79686,0.79692,1.00,1.00
2016.10.27 09:25:16.296,0.79691,0.79698,1.00,1.87
2016.10.27 09:25:16.804,0.79691,0.79699,1.00,1.00
2016.10.27 09:25:17.527,0.7969,0.79699,1.00,1.50
2016.10.27 09:25:18.637,0.79689,0.79698,1.50,1.00
2016.10.27 09:25:19.015,0.79687,0.79693,1.12,1.00
2016.10.27 09:25:19.521,0.79687,0.79696,1.00,2.25
2016.10.27 09:25:19.725,0.79685,0.79693,1.50,1.00
2016.10.27 09:25:20.665,0.79685,0.79693,1.00,1.00
2016.10.27 09:25:21.183,0.79686,0.79692,1.00,1.00
2016.10.27 09:25:22.531,0.79684,0.79691,1.00,1.00
2016.10.27 09:25:22.633,0.79683,0.79689,1.00,1.00
2016.10.27 09:25:22.887,0.79681,0.79691,1.87,1.50
2016.10.27 09:25:23.285,0.79683,0.7969,1.00,1.00
2016.10.27 09:25:23.888,0.79683,0.79691,1.00,1.00
2016.10.27 09:25:24.725,0.79682,0.7969,1.50,1.00
2016.10.27 09:25:25.030,0.79683,0.7969,1.50,1.00
2016.10.27 09:25:25.549,0.79683,0.79687,1.00,1.00
2016.10.27 09:25:25.651,0.7968,0.79688,2.25,1.00
2016.10.27 09:25:26.242,0.79682,0.7969,1.50,1.00
2016.10.27 09:25:26.782,0.79682,0.79689,1.50,1.00
2016.10.27 09:25:26.834,0.79681,0.79687,1.12,1.00
2016.10.27 09:25:27.461,0.7968,0.79685,1.00,1.00
2016.10.27 09:25:27.992,0.7968,0.79686,1.00,1.00
2016.10.27 09:25:28.531,0.7968,0.79687,1.00,1.00
2016.10.27 09:25:29.409,0.79679,0.79687,1.31,1.00
2016.10.27 09:25:31.052,0.79678,0.79686,2.06,1.00
2016.10.27 09:25:35.672,0.79679,0.79686,1.69,1.00
2016.10.27 09:25:36.329,0.79681,0.79686,1.00,1.00
2016.10.27 09:25:36.836,0.7968,0.79687,1.50,1.00
2016.10.27 09:25:37.602,0.7968,0.79687,2.62,1.00
2016.10.27 09:25:37.754,0.7968,0.79689,1.87,1.00
2016.10.27 09:25:41.120,0.79683,0.79691,1.00,1.50
2016.10.27 09:25:41.781,0.79683,0.7969,1.00,1.00
2016.10.27 09:25:43.489,0.79682,0.7969,1.87,1.00
2016.10.27 09:25:44.515,0.79684,0.79691,1.00,1.00
2016.10.27 09:25:49.086,0.79686,0.79692,1.00,1.00
2016.10.27 09:25:49.560,0.79687,0.79694,1.00,1.50
2016.10.27 09:25:50.244,0.79686,0.79694,1.50,1.00
2016.10.27 09:25:50.778,0.79686,0.79693,1.50,1.00
2016.10.27 09:25:51.329,0.79686,0.79694,1.00,1.50
2016.10.27 09:25:54.752,0.79691,0.79695,1.00,1.12
2016.10.27 09:25:54.854,0.79692,0.79697,1.00,1.00
2016.10.27 09:25:54.905,0.79692,0.79701,1.00,2.25
2016.10.27 09:25:55.671,0.79692,0.79701,1.50,1.00
2016.10.27 09:25:55.918,0.79692,0.79699,1.00,1.00
2016.10.27 09:25:56.121,0.79688,0.79696,2.25,1.00
2016.10.27 09:25:57.123,0.79688,0.79697,1.12,1.00
2016.10.27 09:25:57.695,0.79687,0.79697,2.25,1.50
2016.10.27 09:25:57.899,0.79689,0.79697,1.00,1.00
2016.10.27 09:25:58.623,0.7969,0.79697,1.00,1.50
2016.10.27 09:25:58.826,0.7969,0.797,1.00,1.87
2016.10.27 09:25:59.333,0.7969,0.797,1.50,1.50
2016.10.27 09:26:00.366,0.79692,0.797,1.00,1.50
2016.10.27 09:26:00.921,0.79693,0.79701,1.12,1.00
2016.10.27 09:26:01.074,0.7969,0.797,1.50,1.00
2016.10.27 09:26:01.580,0.79691,0.797,1.12,1.00
2016.10.27 09:26:02.781,0.79692,0.79701,1.00,1.50
2016.10.27 09:26:02.933,0.79694,0.79701,1.00,1.00
2016.10.27 09:26:03.567,0.79693,0.79701,1.00,1.50
2016.10.27 09:26:09.334,0.79694,0.79701,1.00,1.00
2016.10.27 09:26:14.598,0.79692,0.797,1.00,1.00
2016.10.27 09:26:14.649,0.79691,0.79698,1.12,1.00
2016.10.27 09:26:14.852,0.79688,0.79697,1.12,1.00
2016.10.27 09:26:15.193,0.7969,0.79697,1.12,1.00
2016.10.27 09:26:15.245,0.79691,0.79701,1.50,2.62
2016.10.27 09:26:15.845,0.79692,0.79701,1.00,2.62
2016.10.27 09:26:16.048,0.79691,0.79698,1.00,1.00
2016.10.27 09:26:16.577,0.79691,0.79697,1.00,1.00
2016.10.27 09:26:16.706,0.79691,0.79699,1.50,1.00
2016.10.27 09:26:16.757,0.79693,0.79701,1.00,1.00
2016.10.27 09:26:17.278,0.79692,0.79701,1.50,1.50
2016.10.27 09:26:19.955,0.79693,0.79701,1.00,1.00
2016.10.27 09:26:20.531,0.79693,0.79702,1.00,1.12
2016.10.27 09:26:21.420,0.79697,0.79702,1.00,1.12
2016.10.27 09:26:21.471,0.79697,0.79704,1.00,1.12
2016.10.27 09:26:21.573,0.79699,0.79706,1.00,1.00
2016.10.27 09:26:21.731,0.797,0.79709,1.00,1.12
2016.10.27 09:26:22.305,0.79701,0.79709,1.00,2.25
2016.10.27 09:26:22.356,0.79704,0.79711,1.00,1.12
2016.10.27 09:26:22.426,0.79702,0.79711,1.00,1.87
2016.10.27 09:26:22.477,0.79702,0.79709,1.00,1.00
2016.10.27 09:26:22.732,0.79699,0.79707,1.00,1.00
2016.10.27 09:26:23.259,0.797,0.79707,1.00,1.00
2016.10.27 09:26:26.051,0.797,0.79708,1.00,1.12
2016.10.27 09:26:27.788,0.797,0.79707,1.00,1.00
2016.10.27 09:26:29.721,0.797,0.79707,1.00,2.25
2016.10.27 09:26:29.823,0.79698,0.79705,1.00,1.00
2016.10.27 09:26:30.593,0.79699,0.79706,1.00,1.12
2016.10.27 09:26:30.645,0.797,0.79708,1.00,1.00
2016.10.27 09:26:30.855,0.797,0.79706,1.00,1.00
2016.10.27 09:26:31.481,0.797,0.79705,1.00,1.00
2016.10.27 09:26:32.415,0.79701,0.79705,1.00,1.00
2016.10.27 09:26:32.467,0.79701,0.79708,1.00,1.00
2016.10.27 09:26:32.771,0.79699,0.79707,1.00,1.12
2016.10.27 09:26:33.127,0.79701,0.79706,1.00,1.00
2016.10.27 09:26:33.581,0.79702,0.79708,1.00,1.00
2016.10.27 09:26:34.139,0.797,0.79708,1.00,1.12
2016.10.27 09:26:34.857,0.79699,0.79708,1.00,1.50
2016.10.27 09:26:35.189,0.79699,0.79705,1.00,1.00
2016.10.27 09:26:35.393,0.797,0.79708,1.00,1.50
2016.10.27 09:26:37.181,0.79699,0.79706,1.00,1.00
2016.10.27 09:26:37.486,0.79698,0.79703,1.00,1.00
2016.10.27 09:26:37.790,0.797,0.79704,1.00,1.00
2016.10.27 09:26:38.330,0.79699,0.79704,1.00,1.00
2016.10.27 09:26:38.842,0.79699,0.79705,1.00,1.00
2016.10.27 09:26:41.898,0.79699,0.79704,1.00,1.00
2016.10.27 09:26:43.429,0.79696,0.79704,1.12,1.00
2016.10.27 09:26:43.965,0.79697,0.79703,1.00,1.00
2016.10.27 09:26:44.169,0.79698,0.79705,1.00,1.12
2016.10.27 09:26:45.003,0.79698,0.79706,1.00,1.00
2016.10.27 09:26:45.467,0.79695,0.79705,1.87,2.44
2016.10.27 09:26:45.519,0.79696,0.79702,1.00,1.00
2016.10.27 09:26:46.619,0.79696,0.79703,1.00,1.00
2016.10.27 09:26:46.923,0.79695,0.797,1.00,1.00
2016.10.27 09:26:49.079,0.79695,0.79702,1.00,1.12
2016.10.27 09:26:49.421,0.79698,0.79703,1.00,1.37
2016.10.27 09:26:49.503,0.79701,0.79705,1.00,1.12
2016.10.27 09:26:49.605,0.79702,0.79708,1.00,1.37
2016.10.27 09:26:50.014,0.79703,0.79709,1.00,1.00
2016.10.27 09:26:50.530,0.79702,0.7971,1.50,1.00
2016.10.27 09:26:51.346,0.79704,0.7971,1.00,1.00
2016.10.27 09:26:51.398,0.79704,0.79712,1.50,2.25
2016.10.27 09:26:51.905,0.79704,0.79712,1.37,1.00
2016.10.27 09:26:52.667,0.79704,0.79712,1.87,1.00
2016.10.27 09:26:52.822,0.79709,0.79716,1.00,1.00
2016.10.27 09:26:53.094,0.79707,0.79716,1.87,1.00
2016.10.27 09:26:54.182,0.79708,0.79717,1.00,1.00
2016.10.27 09:26:55.506,0.79709,0.79718,1.00,1.12
2016.10.27 09:26:55.987,0.79709,0.79716,1.00,1.00
2016.10.27 09:26:56.038,0.79707,0.79716,2.62,1.50
2016.10.27 09:26:56.407,0.79707,0.79714,1.00,1.00
2016.10.27 09:26:56.935,0.79708,0.79716,1.00,1.00
2016.10.27 09:26:57.612,0.79708,0.79717,1.00,1.00
2016.10.27 09:26:58.426,0.79709,0.79717,1.50,1.00
2016.10.27 09:26:59.458,0.7971,0.79717,1.00,1.00
2016.10.27 09:27:00.052,0.79709,0.79717,1.50,1.00
2016.10.27 09:27:00.104,0.79709,0.79714,1.00,1.00
2016.10.27 09:27:00.155,0.79707,0.79714,1.50,1.00
2016.10.27 09:27:00.256,0.79707,0.79716,1.50,1.00
2016.10.27 09:27:00.817,0.79707,0.79717,1.00,1.50
2016.10.27 09:27:01.223,0.79709,0.79716,1.00,1.00
2016.10.27 09:27:01.960,0.79709,0.79717,1.87,1.00
2016.10.27 09:27:02.057,0.79709,0.79719,1.87,1.50
2016.10.27 09:27:02.412,0.79709,0.79717,1.12,1.00
2016.10.27 09:27:02.932,0.79709,0.79718,1.00,1.50
2016.10.27 09:27:03.900,0.79709,0.79717,1.00,1.00
2016.10.27 09:27:04.206,0.79713,0.79721,1.00,1.87
2016.10.27 09:27:04.308,0.79714,0.79724,1.00,2.25
2016.10.27 09:27:04.360,0.79716,0.79723,1.00,1.00
2016.10.27 09:27:04.412,0.79713,0.79723,1.12,1.00
2016.10.27 09:27:04.929,0.79714,0.79721,1.00,1.37
2016.10.27 09:27:04.980,0.79712,0.79721,1.00,1.37
2016.10.27 09:27:05.031,0.79714,0.79722,1.00,2.25
2016.10.27 09:27:05.337,0.79708,0.79715,3.00,1.00
2016.10.27 09:27:05.388,0.79708,0.79715,1.00,1.00
2016.10.27 09:27:05.541,0.79706,0.79714,1.50,1.00
2016.10.27 09:27:06.085,0.79707,0.79715,1.00,1.00
2016.10.27 09:27:06.634,0.79707,0.79714,1.00,1.00
2016.10.27 09:27:06.820,0.79707,0.79716,1.00,1.00
2016.10.27 09:27:07.772,0.79707,0.79714,1.50,1.00
2016.10.27 09:27:08.479,0.79707,0.79715,1.00,1.00
2016.10.27 09:27:11.597,0.79707,0.79714,1.50,1.00
2016.10.27 09:27:11.699,0.79704,0.79713,2.44,1.00
2016.10.27 09:27:11.750,0.79706,0.79715,1.00,1.50
2016.10.27 09:27:12.113,0.79704,0.79714,1.69,1.50
2016.10.27 09:27:12.542,0.79704,0.79711,1.31,1.00
2016.10.27 09:27:13.048,0.79704,0.79712,1.25,1.00
2016.10.27 09:27:14.089,0.79703,0.79713,1.69,1.50
2016.10.27 09:27:16.832,0.79703,0.79712,1.00,1.00
2016.10.27 09:27:17.669,0.79703,0.79711,1.87,1.50
2016.10.27 09:27:19.323,0.79703,0.79713,1.12,1.50
2016.10.27 09:27:19.424,0.79704,0.79713,1.50,1.50
2016.10.27 09:27:21.692,0.79705,0.79713,1.37,1.00
2016.10.27 09:27:22.207,0.79704,0.79713,1.37,1.12
2016.10.27 09:27:22.737,0.79705,0.79714,1.50,1.50
2016.10.27 09:27:23.437,0.79705,0.79713,1.00,1.00
2016.10.27 09:27:24.187,0.79704,0.79713,1.12,1.87
2016.10.27 09:27:24.696,0.79704,0.79712,1.00,1.12
2016.10.27 09:27:26.181,0.79702,0.79712,1.87,1.87
2016.10.27 09:27:28.140,0.79703,0.79712,1.00,1.12
2016.10.27 09:27:29.177,0.79704,0.79713,1.00,2.25
2016.10.27 09:27:29.706,0.79705,0.79714,1.00,1.87
2016.10.27 09:27:30.247,0.79705,0.79713,1.00,1.00
2016.10.27 09:27:31.716,0.79705,0.79714,1.12,1.00
2016.10.27 09:27:32.128,0.79705,0.79712,1.00,1.00
2016.10.27 09:27:32.565,0.79711,0.79717,1.50,2.25
2016.10.27 09:27:32.617,0.79711,0.7972,1.50,1.50
2016.10.27 09:27:34.979,0.79711,0.79719,1.37,1.00
2016.10.27 09:27:36.762,0.79712,0.7972,1.12,1.50
2016.10.27 09:27:37.278,0.79713,0.79721,1.50,1.00
2016.10.27 09:27:37.974,0.79713,0.7972,1.00,1.00
2016.10.27 09:27:40.144,0.79712,0.7972,2.25,1.69
2016.10.27 09:27:40.356,0.79706,0.79714,1.37,1.00
2016.10.27 09:27:40.408,0.79706,0.79712,1.00,1.00
2016.10.27 09:27:41.335,0.79707,0.79712,1.00,1.00
2016.10.27 09:27:41.935,0.79707,0.79713,1.00,1.00
2016.10.27 09:27:43.528,0.79706,0.79713,2.25,1.00
2016.10.27 09:27:44.270,0.79706,0.79713,3.19,1.00
2016.10.27 09:27:45.584,0.79708,0.79717,1.69,1.00
2016.10.27 09:27:46.068,0.7971,0.79718,1.37,1.00
2016.10.27 09:27:46.608,0.7971,0.79718,1.87,1.00
2016.10.27 09:27:47.533,0.79711,0.79718,1.00,1.00
2016.10.27 09:27:48.440,0.79712,0.79718,1.00,1.00
2016.10.27 09:27:48.491,0.79712,0.7972,1.00,1.00
2016.10.27 09:27:51.434,0.79716,0.7972,1.00,1.00
2016.10.27 09:27:51.740,0.79715,0.79723,1.00,1.00
2016.10.27 09:27:51.842,0.79714,0.7972,1.00,1.00
2016.10.27 09:27:51.944,0.79712,0.79719,1.00,1.00
2016.10.27 09:27:52.867,0.79712,0.79718,1.00,1.00
2016.10.27 09:27:53.385,0.79712,0.79719,1.00,1.50
2016.10.27 09:27:54.980,0.79711,0.79719,1.00,1.50
2016.10.27 09:27:55.848,0.79711,0.79717,1.00,1.00
2016.10.27 09:27:56.391,0.7971,0.79717,1.50,1.00
2016.10.27 09:27:58.287,0.7971,0.79719,1.00,1.00
2016.10.27 09:27:59.346,0.79716,0.79721,1.00,1.50
2016.10.27 09:27:59.542,0.79718,0.79726,1.00,2.62
2016.10.27 09:27:59.882,0.79719,0.79726,1.00,1.12
2016.10.27 09:28:00.460,0.79719,0.79727,1.00,1.50
2016.10.27 09:28:01.001,0.79719,0.79726,1.00,1.00
2016.10.27 09:28:02.017,0.79718,0.79725,1.00,1.00
2016.10.27 09:28:02.588,0.7972,0.79725,1.00,1.00
2016.10.27 09:28:04.772,0.7972,0.79726,1.00,1.50
2016.10.27 09:28:05.947,0.79715,0.79721,1.12,1.00
2016.10.27 09:28:06.099,0.79712,0.7972,1.00,1.50
2016.10.27 09:28:06.847,0.79715,0.7972,1.00,1.50
2016.10.27 09:28:07.319,0.79718,0.79724,1.00,1.00
2016.10.27 09:28:08.639,0.79719,0.79724,1.00,1.00
2016.10.27 09:28:08.690,0.79717,0.79723,1.00,1.00
2016.10.27 09:28:08.842,0.79713,0.79723,1.00,2.25
2016.10.27 09:28:08.994,0.79714,0.79719,1.00,1.12
2016.10.27 09:28:09.146,0.79712,0.79719,1.00,1.87
2016.10.27 09:28:14.133,0.79714,0.7972,1.00,1.12
2016.10.27 09:28:14.667,0.79715,0.7972,1.00,1.12
2016.10.27 09:28:14.719,0.79713,0.7972,1.00,1.12
2016.10.27 09:28:15.275,0.79712,0.79721,1.50,2.25
2016.10.27 09:28:15.793,0.79712,0.79721,1.50,1.12
2016.10.27 09:28:16.018,0.79714,0.79721,1.00,1.12
2016.10.27 09:28:16.323,0.79716,0.79723,1.00,1.00
2016.10.27 09:28:16.853,0.79718,0.79724,1.00,1.00
2016.10.27 09:28:17.384,0.79718,0.79723,1.00,1.00
2016.10.27 09:28:17.537,0.79716,0.79723,1.00,1.00
2016.10.27 09:28:18.579,0.79718,0.79724,1.00,1.12
2016.10.27 09:28:19.122,0.79718,0.79723,1.00,1.00
2016.10.27 09:28:20.257,0.79717,0.79723,1.00,1.00
2016.10.27 09:28:23.022,0.79718,0.79725,1.00,1.50
2016.10.27 09:28:23.326,0.79718,0.79726,1.00,1.00
2016.10.27 09:28:23.863,0.79718,0.79725,1.00,1.00
2016.10.27 09:28:24.288,0.79718,0.79727,1.00,1.00
2016.10.27 09:28:26.279,0.79718,0.79726,1.00,1.00
2016.10.27 09:28:29.627,0.79727,0.79731,1.00,4.31
2016.10.27 09:28:29.733,0.79727,0.79732,1.37,1.31
2016.10.27 09:28:30.037,0.79728,0.79733,1.00,1.50
2016.10.27 09:28:30.430,0.7973,0.79735,1.12,1.00
2016.10.27 09:28:30.948,0.7973,0.79736,1.12,1.00
2016.10.27 09:28:31.770,0.7973,0.79737,1.12,1.00
2016.10.27 09:28:32.280,0.7973,0.79736,1.00,1.00
2016.10.27 09:28:32.830,0.79729,0.79736,1.12,1.00
2016.10.27 09:28:34.682,0.79735,0.79739,1.00,1.87
2016.10.27 09:28:34.783,0.79736,0.79742,1.00,1.00
2016.10.27 09:28:34.885,0.79734,0.79741,1.12,1.00
2016.10.27 09:28:35.138,0.79731,0.79739,1.50,1.00
2016.10.27 09:28:35.240,0.79729,0.79739,3.19,1.50
2016.10.27 09:28:35.443,0.79729,0.79737,2.06,1.50
2016.10.27 09:28:35.946,0.7973,0.79739,1.00,1.00
2016.10.27 09:28:35.997,0.7973,0.79737,1.00,1.00
2016.10.27 09:28:36.149,0.79729,0.79739,1.12,1.50
2016.10.27 09:28:36.351,0.79731,0.79738,1.00,1.00
2016.10.27 09:28:36.453,0.7973,0.7974,1.12,1.50
2016.10.27 09:28:36.504,0.7973,0.79738,1.12,1.00
2016.10.27 09:28:37.625,0.79729,0.79738,1.12,1.00
2016.10.27 09:28:37.931,0.79726,0.79734,1.50,1.00
2016.10.27 09:28:38.083,0.79725,0.79733,1.12,1.00
2016.10.27 09:28:40.422,0.79724,0.79732,1.69,1.00
2016.10.27 09:28:43.095,0.79723,0.79733,5.44,1.00
2016.10.27 09:28:43.598,0.79727,0.79736,3.94,1.00
2016.10.27 09:28:45.146,0.79727,0.79736,1.69,1.00
2016.10.27 09:28:45.679,0.79727,0.79734,1.69,1.00
2016.10.27 09:28:45.983,0.79723,0.79731,1.69,1.00
2016.10.27 09:28:46.790,0.79724,0.79732,1.69,1.50
2016.10.27 09:28:47.310,0.79724,0.79731,1.19,1.00
2016.10.27 09:28:49.228,0.79725,0.79732,1.25,1.00
2016.10.27 09:28:49.279,0.79724,0.79734,2.81,1.50
2016.10.27 09:28:49.786,0.79725,0.79735,3.19,1.50
2016.10.27 09:28:53.531,0.79727,0.79736,1.31,1.50
2016.10.27 09:28:54.524,0.79727,0.79735,1.31,1.00
2016.10.27 09:28:55.240,0.79726,0.79734,1.56,1.00
2016.10.27 09:28:56.128,0.79725,0.79733,1.69,1.00
2016.10.27 09:28:56.331,0.79724,0.79733,1.00,1.50
2016.10.27 09:28:56.433,0.79721,0.79728,1.37,1.00
2016.10.27 09:28:56.535,0.79719,0.79727,1.69,1.50
2016.10.27 09:28:57.368,0.79718,0.79728,1.69,1.87
2016.10.27 09:28:58.332,0.79718,0.79727,1.19,1.00
2016.10.27 09:28:59.150,0.79721,0.79729,1.69,1.87
2016.10.27 09:28:59.353,0.79719,0.79729,2.81,1.50
2016.10.27 09:29:00.691,0.79723,0.79729,1.00,1.00
2016.10.27 09:29:00.794,0.79723,0.79731,1.00,1.00
2016.10.27 09:29:01.301,0.79722,0.79731,1.00,1.00
2016.10.27 09:29:01.712,0.79722,0.79729,1.00,1.00
2016.10.27 09:29:02.238,0.79721,0.79729,1.69,1.00
2016.10.27 09:29:02.542,0.79723,0.7973,1.00,1.00
2016.10.27 09:29:03.346,0.79722,0.79729,1.00,1.00
2016.10.27 09:29:03.753,0.79721,0.79731,1.31,2.25
2016.10.27 09:29:04.481,0.79722,0.79731,1.00,1.87
2016.10.27 09:29:05.026,0.79722,0.79731,1.00,1.00
2016.10.27 09:29:05.758,0.79721,0.79729,1.69,1.00
2016.10.27 09:29:06.394,0.79722,0.7973,1.50,1.50
2016.10.27 09:29:06.936,0.79721,0.7973,1.25,1.12
2016.10.27 09:29:07.831,0.79721,0.79728,1.25,1.00
2016.10.27 09:29:10.015,0.7972,0.79729,1.19,1.50
2016.10.27 09:29:10.545,0.7972,0.79728,1.19,1.50
2016.10.27 09:29:11.356,0.79714,0.79718,3.56,1.00
2016.10.27 09:29:11.408,0.79709,0.79718,1.00,1.12
2016.10.27 09:29:12.351,0.7971,0.79718,1.00,1.12
2016.10.27 09:29:13.599,0.7971,0.79717,1.00,1.00
2016.10.27 09:29:13.803,0.79712,0.79717,1.00,1.00
2016.10.27 09:29:14.327,0.79711,0.79717,1.00,1.00
2016.10.27 09:29:14.923,0.79711,0.79715,1.00,1.00
2016.10.27 09:29:14.974,0.79709,0.79716,1.00,1.00
2016.10.27 09:29:15.482,0.79708,0.79716,1.00,1.00
2016.10.27 09:29:15.783,0.79708,0.79714,1.00,1.00
2016.10.27 09:29:16.298,0.79709,0.79714,1.00,1.00
2016.10.27 09:29:17.163,0.79708,0.79714,1.00,1.00
2016.10.27 09:29:19.183,0.79708,0.79716,1.00,1.00
2016.10.27 09:29:19.587,0.7971,0.79716,1.00,1.00
2016.10.27 09:29:27.174,0.7971,0.79715,1.00,1.00
2016.10.27 09:29:30.781,0.7971,0.79717,1.00,1.00
2016.10.27 09:29:31.165,0.7971,0.79715,1.00,1.00
2016.10.27 09:29:31.704,0.79709,0.79716,1.00,1.00
2016.10.27 09:29:32.060,0.79707,0.79716,1.00,1.50
2016.10.27 09:29:32.437,0.79711,0.79716,1.00,1.00
2016.10.27 09:29:32.980,0.7971,0.79717,1.00,1.00
2016.10.27 09:29:33.183,0.79711,0.7972,1.25,2.25
2016.10.27 09:29:33.285,0.79713,0.79721,1.00,2.62
2016.10.27 09:29:34.030,0.79713,0.79721,1.00,1.87
2016.10.27 09:29:34.560,0.79712,0.79721,1.00,1.50
2016.10.27 09:29:34.865,0.79712,0.79718,1.00,1.00
2016.10.27 09:29:35.417,0.79711,0.79719,1.25,1.00
2016.10.27 09:29:36.116,0.7971,0.79718,1.00,1.50
2016.10.27 09:29:36.421,0.79715,0.79719,1.00,1.00
2016.10.27 09:29:36.767,0.79715,0.79723,1.19,1.00
2016.10.27 09:29:37.310,0.79717,0.79725,1.00,1.00
2016.10.27 09:29:37.996,0.79719,0.79728,1.87,2.47
2016.10.27 09:29:38.733,0.7972,0.79728,1.12,1.00
2016.10.27 09:29:39.764,0.7972,0.79729,1.00,1.87
2016.10.27 09:29:40.284,0.79721,0.79729,1.00,1.50
2016.10.27 09:29:41.455,0.79721,0.7973,1.00,1.50
2016.10.27 09:29:41.961,0.79722,0.7973,1.00,1.12
2016.10.27 09:29:42.251,0.7972,0.7973,1.50,1.87
2016.10.27 09:29:42.979,0.79721,0.7973,1.00,1.87
2016.10.27 09:29:43.030,0.79723,0.7973,1.00,1.87
2016.10.27 09:29:43.536,0.79722,0.79731,1.00,1.50
2016.10.27 09:29:44.437,0.79724,0.79731,1.00,1.00
2016.10.27 09:29:46.329,0.79722,0.79731,1.00,1.00
2016.10.27 09:29:46.533,0.79721,0.7973,1.00,1.87
2016.10.27 09:29:48.708,0.79719,0.79726,1.69,1.00
2016.10.27 09:29:49.150,0.79718,0.79723,1.00,1.00
2016.10.27 09:29:49.201,0.79716,0.79723,1.00,1.00
2016.10.27 09:29:49.735,0.79716,0.79724,1.00,1.50
2016.10.27 09:29:49.837,0.79716,0.79722,1.00,1.00
2016.10.27 09:29:53.961,0.79712,0.79719,1.50,1.00
2016.10.27 09:29:54.470,0.79713,0.7972,1.00,1.00
2016.10.27 09:29:54.592,0.79711,0.79719,3.19,1.00
2016.10.27 09:29:55.079,0.79713,0.79721,1.00,1.00
2016.10.27 09:29:55.383,0.79712,0.79719,1.00,1.00
2016.10.27 09:29:56.806,0.79716,0.79721,1.00,1.12
2016.10.27 09:29:57.841,0.79716,0.79723,1.00,1.12
2016.10.27 09:29:58.763,0.79716,0.79722,1.00,1.00
2016.10.27 09:29:59.861,0.79714,0.79722,1.00,1.50
2016.10.27 09:30:00.368,0.79714,0.79723,1.00,1.87
2016.10.27 09:30:00.919,0.79715,0.79722,1.00,1.00
2016.10.27 09:30:01.464,0.79715,0.79723,1.00,1.00
2016.10.27 09:30:01.870,0.79712,0.79722,1.50,1.87
2016.10.27 09:30:02.218,0.79714,0.79722,1.00,1.50
2016.10.27 09:30:16.492,0.79712,0.79719,1.12,1.00
2016.10.27 09:30:17.423,0.79712,0.7972,1.87,1.00
2016.10.27 09:30:17.939,0.79713,0.7972,1.12,1.00
2016.10.27 09:30:19.139,0.79712,0.79721,1.69,1.00
2016.10.27 09:30:19.646,0.79712,0.79721,1.25,1.00
2016.10.27 09:30:24.728,0.79712,0.79722,1.25,1.50
2016.10.27 09:30:28.830,0.79712,0.79721,1.25,1.00
2016.10.27 09:30:31.782,0.79711,0.7972,1.31,1.50
2016.10.27 09:30:35.368,0.7971,0.79719,2.06,1.00
2016.10.27 09:30:36.973,0.79713,0.79721,1.00,1.50
2016.10.27 09:30:37.480,0.79712,0.7972,1.00,1.00
2016.10.27 09:30:40.844,0.79714,0.7972,1.00,1.00
2016.10.27 09:30:41.354,0.79715,0.79721,1.00,1.00
2016.10.27 09:30:42.207,0.79714,0.79721,1.00,1.00
2016.10.27 09:30:43.005,0.79714,0.79722,1.00,1.00
2016.10.27 09:30:44.005,0.79714,0.7972,1.00,1.00
2016.10.27 09:30:45.361,0.79713,0.7972,1.00,1.00
2016.10.27 09:30:47.829,0.79712,0.7972,1.00,1.00
2016.10.27 09:30:48.889,0.79711,0.79718,1.50,1.00
2016.10.27 09:30:50.375,0.79711,0.79719,1.00,1.50
2016.10.27 09:30:50.680,0.7971,0.79717,1.31,1.00
2016.10.27 09:30:51.103,0.79711,0.79719,1.50,1.00
2016.10.27 09:30:52.489,0.79711,0.79719,2.81,1.00
2016.10.27 09:30:53.599,0.79712,0.7972,1.00,1.50
2016.10.27 09:30:55.295,0.79711,0.7972,1.25,1.50
2016.10.27 09:30:57.913,0.79713,0.7972,1.00,1.00
2016.10.27 09:30:59.115,0.79713,0.79721,1.37,1.00
2016.10.27 09:31:00.413,0.79714,0.79721,1.37,1.00
2016.10.27 09:31:00.942,0.79714,0.79721,1.00,1.00
2016.10.27 09:31:09.822,0.79714,0.79722,1.50,1.00
2016.10.27 09:31:10.396,0.79714,0.79722,1.00,1.00
2016.10.27 09:31:10.700,0.79716,0.79722,1.00,1.00
2016.10.27 09:31:11.850,0.79716,0.79723,1.00,1.50
2016.10.27 09:31:11.901,0.79714,0.79723,1.00,1.00
2016.10.27 09:31:12.628,0.79715,0.79723,1.50,1.00
2016.10.27 09:31:16.159,0.7972,0.79724,1.00,1.12
2016.10.27 09:31:16.210,0.79719,0.79727,1.50,1.87
2016.10.27 09:31:16.616,0.79721,0.79727,1.00,1.50
2016.10.27 09:31:17.124,0.7972,0.79728,1.12,1.50
2016.10.27 09:31:17.208,0.79717,0.79726,1.12,1.00
2016.10.27 09:31:18.022,0.79715,0.79723,1.69,1.00
2016.10.27 09:31:18.579,0.79715,0.79722,1.25,1.00
2016.10.27 09:31:19.091,0.79716,0.79722,1.00,1.00
2016.10.27 09:31:19.695,0.79716,0.79724,1.00,1.00
2016.10.27 09:31:20.101,0.79718,0.79724,1.00,1.00
2016.10.27 09:31:20.608,0.79717,0.79724,1.00,1.00
2016.10.27 09:31:21.477,0.79716,0.79724,1.50,1.00
2016.10.27 09:31:22.299,0.79717,0.79724,1.00,1.00
2016.10.27 09:31:26.088,0.79715,0.79724,1.69,1.00
2016.10.27 09:31:26.453,0.79717,0.79724,1.00,1.50
2016.10.27 09:31:26.758,0.79717,0.79722,1.00,1.00
2016.10.27 09:31:29.003,0.79717,0.79723,1.00,1.00
2016.10.27 09:31:29.961,0.79717,0.79724,1.00,1.50
2016.10.27 09:31:30.012,0.79718,0.79727,1.00,1.87
2016.10.27 09:31:30.536,0.79718,0.79727,1.00,1.12
2016.10.27 09:31:33.456,0.79719,0.79727,1.00,1.00
2016.10.27 09:31:33.992,0.79719,0.79728,1.00,1.00
2016.10.27 09:31:34.573,0.79719,0.79727,1.00,1.00
2016.10.27 09:31:36.461,0.79719,0.79726,1.00,1.00
2016.10.27 09:31:37.074,0.79718,0.79726,1.00,1.00
2016.10.27 09:31:42.091,0.79719,0.79726,1.00,1.00
2016.10.27 09:31:42.883,0.79719,0.79727,1.87,1.00
2016.10.27 09:31:50.583,0.7972,0.79727,1.00,1.00
2016.10.27 09:31:51.115,0.79721,0.79728,1.00,1.00
2016.10.27 09:31:51.623,0.79722,0.79728,1.00,1.00
2016.10.27 09:31:53.792,0.79719,0.79724,1.00,1.00
2016.10.27 09:31:54.310,0.79718,0.79724,1.00,1.00
2016.10.27 09:31:56.450,0.79719,0.79725,1.00,1.00
2016.10.27 09:31:57.012,0.79719,0.79726,1.00,1.00
2016.10.27 09:31:57.480,0.79719,0.79728,1.00,1.12
2016.10.27 09:31:58.030,0.79719,0.79727,1.00,1.00
2016.10.27 09:31:59.294,0.79718,0.79727,1.00,1.00
2016.10.27 09:32:02.360,0.7972,0.79727,1.00,1.00
2016.10.27 09:32:03.573,0.7972,0.79728,1.00,1.00
2016.10.27 09:32:06.431,0.79719,0.79728,1.12,1.50
2016.10.27 09:32:07.243,0.79719,0.79727,1.00,1.00
2016.10.27 09:32:07.582,0.79721,0.79727,1.00,1.00
2016.10.27 09:32:08.039,0.79719,0.79727,1.50,1.00
2016.10.27 09:32:10.204,0.79721,0.79727,1.00,1.00
2016.10.27 09:32:10.306,0.79722,0.7973,1.00,1.00
2016.10.27 09:32:11.919,0.79723,0.79731,1.00,1.00
2016.10.27 09:32:15.149,0.79724,0.79731,1.00,1.00
2016.10.27 09:32:15.251,0.79726,0.79731,1.00,1.00
2016.10.27 09:32:15.403,0.79729,0.79735,1.00,1.00
2016.10.27 09:32:16.533,0.79729,0.79737,1.00,1.50
2016.10.27 09:32:17.615,0.79729,0.79738,1.00,1.12
2016.10.27 09:32:18.728,0.79731,0.79739,1.00,1.00
2016.10.27 09:32:19.182,0.79733,0.79739,1.00,1.00
2016.10.27 09:32:19.233,0.79733,0.79741,1.00,1.00
2016.10.27 09:32:19.740,0.79734,0.79741,1.50,1.00
2016.10.27 09:32:20.257,0.79733,0.7974,1.00,1.00
2016.10.27 09:32:21.236,0.79731,0.79739,2.25,1.00
2016.10.27 09:32:21.831,0.7973,0.79739,1.00,1.72
2016.10.27 09:32:21.984,0.79728,0.79738,1.50,1.50
2016.10.27 09:32:22.136,0.7973,0.79738,1.00,1.50
2016.10.27 09:32:22.643,0.79731,0.79738,1.00,1.00
2016.10.27 09:32:23.153,0.7973,0.79737,1.87,1.00
2016.10.27 09:32:24.190,0.79727,0.79736,1.50,1.00
2016.10.27 09:32:24.338,0.79729,0.79736,1.00,1.00
2016.10.27 09:32:27.530,0.79729,0.79735,1.00,1.00
2016.10.27 09:32:27.958,0.79729,0.79737,1.00,1.50
2016.10.27 09:32:29.436,0.7973,0.79737,1.00,1.00
2016.10.27 09:32:29.508,0.79732,0.79737,1.00,1.00
2016.10.27 09:32:29.711,0.7973,0.79738,1.50,1.00
2016.10.27 09:32:30.689,0.7973,0.79736,1.00,1.00
2016.10.27 09:32:31.631,0.7973,0.79737,1.00,1.00
2016.10.27 09:32:32.133,0.7973,0.79738,1.50,1.00
2016.10.27 09:32:32.689,0.79731,0.79738,1.00,1.00
2016.10.27 09:32:32.741,0.79732,0.7974,1.00,1.31
2016.10.27 09:32:33.249,0.79731,0.79739,1.00,1.00
2016.10.27 09:32:33.773,0.7973,0.79739,1.12,1.00
2016.10.27 09:32:34.280,0.79731,0.79738,1.50,1.00
2016.10.27 09:32:35.260,0.7973,0.79738,1.12,1.00
2016.10.27 09:32:36.076,0.79729,0.79737,1.50,1.00
2016.10.27 09:32:38.379,0.7973,0.79737,1.00,1.00
2016.10.27 09:32:43.188,0.7973,0.79738,1.00,1.00
2016.10.27 09:32:45.054,0.7973,0.79739,1.00,1.50
2016.10.27 09:32:45.207,0.79733,0.79739,1.00,1.00
2016.10.27 09:32:45.512,0.79738,0.79746,1.00,2.25
2016.10.27 09:32:45.717,0.79739,0.79746,1.00,1.00
2016.10.27 09:32:46.221,0.79739,0.79747,1.25,1.00
2016.10.27 09:32:46.323,0.79737,0.79743,1.87,1.00
2016.10.27 09:32:46.374,0.79735,0.79743,2.62,2.25
2016.10.27 09:32:46.425,0.79733,0.79739,2.25,1.00
2016.10.27 09:32:46.477,0.79732,0.79741,1.87,1.00
2016.10.27 09:32:46.731,0.79734,0.79743,1.00,2.25
2016.10.27 09:32:47.272,0.79733,0.79743,1.69,2.25
2016.10.27 09:32:47.323,0.79733,0.79741,2.44,1.00
2016.10.27 09:32:47.395,0.79733,0.79743,1.69,1.00
2016.10.27 09:32:48.105,0.79735,0.79744,1.00,2.25
2016.10.27 09:32:48.616,0.79735,0.79742,1.00,1.00
2016.10.27 09:32:49.159,0.79734,0.79742,1.50,2.25
2016.10.27 09:32:49.840,0.79733,0.7974,1.25,1.50
2016.10.27 09:32:51.287,0.79733,0.7974,1.69,1.00
2016.10.27 09:32:52.586,0.79733,0.79741,1.19,1.50
2016.10.27 09:32:52.688,0.79734,0.79743,1.25,1.87
2016.10.27 09:32:52.739,0.79734,0.79743,1.19,1.87
2016.10.27 09:32:53.260,0.79734,0.79744,2.44,2.25
2016.10.27 09:32:53.970,0.79734,0.79743,2.44,1.00
2016.10.27 09:32:54.915,0.79735,0.79745,1.69,1.87
2016.10.27 09:32:55.181,0.79735,0.79743,2.44,1.00
2016.10.27 09:32:55.668,0.79735,0.79741,1.69,1.00
2016.10.27 09:32:56.499,0.79735,0.79742,1.69,1.00
2016.10.27 09:32:56.652,0.79735,0.79742,1.25,1.00
2016.10.27 09:32:56.857,0.79733,0.7974,1.19,1.00
2016.10.27 09:32:57.335,0.79732,0.79742,3.19,1.00
2016.10.27 09:32:58.167,0.79733,0.79741,1.19,1.00
2016.10.27 09:33:04.083,0.79733,0.79741,1.00,1.00
2016.10.27 09:33:04.134,0.79732,0.79738,1.12,1.00
2016.10.27 09:33:04.481,0.79729,0.79733,2.25,1.00
2016.10.27 09:33:04.532,0.79727,0.79735,1.50,3.00
2016.10.27 09:33:05.047,0.79727,0.79735,1.00,1.00
2016.10.27 09:33:05.581,0.79726,0.79736,3.00,1.87
2016.10.27 09:33:08.925,0.79726,0.79736,2.25,2.25
2016.10.27 09:33:09.819,0.79726,0.79736,2.25,1.50
2016.10.27 09:33:10.369,0.79726,0.79735,1.50,1.50
2016.10.27 09:33:11.334,0.79725,0.79735,1.69,1.50
2016.10.27 09:33:11.891,0.79725,0.79732,1.25,1.00
2016.10.27 09:33:13.968,0.79724,0.79733,4.69,1.00
2016.10.27 09:33:14.527,0.79725,0.79734,1.31,1.00
2016.10.27 09:33:15.066,0.79726,0.79734,1.00,1.00
2016.10.27 09:33:18.497,0.79725,0.79734,2.81,1.00
2016.10.27 09:33:19.015,0.79725,0.79733,2.81,1.00
2016.10.27 09:33:19.825,0.79725,0.79734,1.69,1.00
2016.10.27 09:33:22.342,0.79726,0.79734,1.00,1.00
2016.10.27 09:33:22.646,0.79728,0.79734,1.00,1.00
2016.10.27 09:33:25.160,0.79729,0.79734,1.00,1.00
2016.10.27 09:33:28.528,0.79728,0.79734,1.00,1.00
2016.10.27 09:33:30.335,0.79728,0.79733,1.00,1.00
2016.10.27 09:33:30.931,0.79728,0.79735,1.00,1.00
2016.10.27 09:33:32.277,0.79729,0.79737,1.00,1.00
2016.10.27 09:33:32.481,0.79732,0.79736,1.00,1.00
2016.10.27 09:33:32.533,0.79732,0.79738,1.19,1.00
2016.10.27 09:33:32.584,0.79732,0.7974,1.19,1.87
2016.10.27 09:33:32.636,0.79735,0.79741,1.00,1.50
2016.10.27 09:33:32.688,0.79735,0.79742,1.69,2.25
2016.10.27 09:33:32.790,0.79735,0.79744,1.25,1.00
2016.10.27 09:33:32.841,0.79735,0.79742,1.69,1.00
2016.10.27 09:33:33.938,0.79737,0.79743,1.00,1.00
2016.10.27 09:33:34.480,0.79738,0.79743,1.00,1.00
2016.10.27 09:33:34.683,0.79736,0.79743,1.25,1.00
2016.10.27 09:33:34.734,0.79736,0.79741,1.25,1.00
2016.10.27 09:33:35.359,0.79735,0.79741,1.00,1.00
2016.10.27 09:33:35.711,0.79735,0.79739,1.00,1.12
2016.10.27 09:33:35.762,0.7973,0.79736,1.00,1.00
2016.10.27 09:33:36.269,0.79729,0.79736,1.50,1.00
2016.10.27 09:33:37.067,0.79729,0.79735,1.00,1.00
2016.10.27 09:33:37.168,0.79731,0.79735,1.00,1.00
2016.10.27 09:33:37.603,0.79728,0.79734,1.12,1.00
2016.10.27 09:33:37.681,0.79726,0.79734,2.25,1.00
2016.10.27 09:33:37.783,0.79728,0.79734,1.00,1.00
2016.10.27 09:33:37.885,0.79727,0.79737,1.50,2.62
2016.10.27 09:33:38.391,0.79728,0.79737,1.69,1.00
2016.10.27 09:33:39.309,0.79728,0.79738,2.44,1.50
2016.10.27 09:33:39.833,0.7973,0.79738,1.00,1.12
2016.10.27 09:33:40.408,0.7973,0.79737,1.00,1.00
2016.10.27 09:33:40.919,0.79729,0.79739,1.00,2.62
2016.10.27 09:33:41.713,0.79728,0.79737,1.25,1.00
2016.10.27 09:33:42.232,0.79729,0.79737,1.00,1.00
2016.10.27 09:33:42.936,0.79728,0.79737,2.44,1.00
2016.10.27 09:33:44.732,0.79729,0.79737,1.00,1.00
2016.10.27 09:33:45.488,0.7973,0.79737,1.00,1.00
2016.10.27 09:33:45.540,0.7973,0.79739,1.31,1.87
2016.10.27 09:33:51.374,0.79732,0.79739,1.00,1.00
2016.10.27 09:33:51.887,0.79732,0.79738,1.00,1.00
2016.10.27 09:33:52.039,0.79733,0.7974,1.00,1.87
2016.10.27 09:33:52.141,0.79731,0.79738,2.25,1.00
2016.10.27 09:33:52.651,0.79731,0.79739,1.00,1.87
2016.10.27 09:33:53.159,0.79731,0.79738,1.00,1.00
2016.10.27 09:33:53.686,0.79732,0.79739,1.00,1.12
2016.10.27 09:33:55.995,0.79732,0.79738,1.00,1.00
2016.10.27 09:33:56.529,0.79732,0.7974,1.00,2.25
2016.10.27 09:33:57.036,0.79732,0.7974,1.00,1.87
2016.10.27 09:33:57.340,0.79735,0.79742,1.50,1.00
2016.10.27 09:33:57.780,0.79735,0.79745,1.50,2.62
2016.10.27 09:33:58.287,0.79736,0.79745,1.00,1.50
2016.10.27 09:33:58.807,0.79737,0.79744,1.00,1.12
2016.10.27 09:33:58.859,0.79735,0.79744,1.00,1.00
2016.10.27 09:33:59.732,0.79737,0.79744,1.00,1.00
2016.10.27 09:34:00.263,0.79733,0.7974,1.00,1.00
2016.10.27 09:34:00.802,0.79732,0.79739,1.25,1.12
2016.10.27 09:34:02.986,0.79733,0.7974,1.00,1.87
2016.10.27 09:34:03.529,0.79731,0.79739,1.69,1.12
2016.10.27 09:34:04.659,0.79731,0.79739,1.87,1.12
2016.10.27 09:34:05.354,0.79733,0.79739,1.00,1.12
2016.10.27 09:34:05.903,0.79733,0.7974,1.00,1.00
2016.10.27 09:34:06.438,0.79734,0.7974,1.00,1.00
2016.10.27 09:34:07.827,0.79734,0.79743,1.00,1.50
2016.10.27 09:34:07.928,0.79737,0.79743,1.00,1.12
2016.10.27 09:34:08.826,0.79736,0.79743,1.00,1.12
2016.10.27 09:34:09.134,0.79733,0.7974,1.00,1.12
2016.10.27 09:34:09.908,0.79733,0.7974,1.00,1.87
2016.10.27 09:34:11.479,0.79731,0.79739,1.87,1.00
2016.10.27 09:34:11.682,0.7973,0.79738,1.00,1.50
2016.10.27 09:34:12.208,0.79731,0.79738,1.00,1.00
2016.10.27 09:34:12.971,0.79733,0.79738,1.00,1.00
2016.10.27 09:34:13.481,0.79733,0.79739,1.00,1.00
2016.10.27 09:34:14.298,0.79733,0.79737,1.00,1.00
2016.10.27 09:34:14.349,0.79728,0.79737,1.00,1.00
2016.10.27 09:34:14.913,0.79729,0.79737,1.00,1.50
2016.10.27 09:34:15.168,0.79731,0.7974,1.00,4.87
2016.10.27 09:34:15.597,0.79731,0.79739,1.00,1.00
2016.10.27 09:34:16.114,0.79729,0.79739,2.62,1.50
2016.10.27 09:34:16.621,0.79729,0.79738,1.50,1.12
2016.10.27 09:34:17.125,0.7973,0.79739,1.69,1.50
2016.10.27 09:34:18.285,0.79732,0.79739,1.00,1.37
2016.10.27 09:34:18.855,0.79732,0.79739,1.00,1.00
2016.10.27 09:34:21.480,0.79736,0.7974,1.00,2.62
2016.10.27 09:34:21.683,0.79737,0.79741,1.00,1.00
2016.10.27 09:34:22.214,0.79735,0.7974,1.00,1.87
2016.10.27 09:34:22.265,0.79735,0.7974,1.00,1.87
2016.10.27 09:34:22.519,0.79737,0.79741,1.00,3.00
2016.10.27 09:34:22.834,0.7974,0.79745,1.00,2.25
2016.10.27 09:34:23.088,0.79743,0.79748,1.00,1.87
2016.10.27 09:34:23.897,0.79745,0.79749,1.00,1.12
2016.10.27 09:34:24.607,0.79744,0.7975,1.00,1.12
2016.10.27 09:34:25.259,0.79745,0.7975,1.00,1.00
2016.10.27 09:34:25.784,0.79745,0.79749,1.00,1.12
2016.10.27 09:34:26.548,0.79746,0.7975,1.00,1.87
2016.10.27 09:34:26.853,0.79749,0.79753,1.00,1.00
2016.10.27 09:34:26.905,0.79745,0.79752,1.00,1.00
2016.10.27 09:34:26.957,0.79747,0.79752,1.00,1.50
2016.10.27 09:34:27.109,0.79745,0.79751,1.00,1.50
2016.10.27 09:34:27.736,0.79745,0.7975,1.00,1.00
2016.10.27 09:34:28.092,0.79743,0.79749,1.00,1.12
2016.10.27 09:34:28.600,0.79744,0.79749,1.00,2.62
2016.10.27 09:34:29.600,0.79744,0.79749,1.00,1.12
2016.10.27 09:34:29.801,0.79745,0.79751,1.00,2.62
2016.10.27 09:34:29.954,0.79746,0.79755,1.00,1.87
2016.10.27 09:34:30.006,0.79749,0.79754,1.00,1.00
2016.10.27 09:34:30.531,0.79749,0.79755,1.00,1.00
2016.10.27 09:34:30.837,0.79754,0.79759,1.00,1.12
2016.10.27 09:34:31.581,0.79754,0.79759,1.00,1.37
2016.10.27 09:34:32.237,0.79753,0.79759,1.00,1.37
2016.10.27 09:34:32.338,0.79749,0.79755,1.00,1.00
2016.10.27 09:34:32.541,0.79749,0.79754,1.00,1.37
2016.10.27 09:34:33.132,0.79752,0.79758,1.00,1.37
2016.10.27 09:34:33.335,0.79755,0.79759,1.00,1.87
2016.10.27 09:34:33.943,0.79754,0.79758,1.00,1.00
2016.10.27 09:34:34.955,0.79754,0.79759,1.00,1.00
2016.10.27 09:34:35.462,0.79754,0.7976,1.00,1.12
2016.10.27 09:34:36.181,0.79755,0.7976,1.00,1.12
2016.10.27 09:34:36.651,0.79756,0.79761,1.00,2.25
2016.10.27 09:34:36.752,0.79755,0.7976,1.00,1.50
2016.10.27 09:34:37.138,0.79753,0.7976,1.00,1.50
2016.10.27 09:34:37.551,0.79753,0.79763,1.69,1.87
2016.10.27 09:34:37.604,0.79759,0.79764,1.00,1.00
2016.10.27 09:34:38.116,0.7976,0.79765,1.00,1.12
2016.10.27 09:34:38.656,0.7976,0.79766,1.00,2.25
2016.10.27 09:34:41.017,0.79756,0.79764,1.00,1.00
2016.10.27 09:34:41.169,0.79756,0.79763,1.00,2.25
2016.10.27 09:34:41.372,0.79754,0.79763,1.25,3.00
2016.10.27 09:34:41.424,0.79756,0.79763,1.00,1.87
2016.10.27 09:34:43.575,0.79755,0.79762,1.00,2.25
2016.10.27 09:34:43.880,0.79757,0.79762,1.00,2.62
2016.10.27 09:34:44.245,0.79754,0.79762,1.00,2.62
2016.10.27 09:34:45.220,0.79755,0.79761,1.00,1.12
2016.10.27 09:34:45.828,0.79755,0.7976,1.00,1.00
2016.10.27 09:34:46.435,0.79755,0.7976,1.00,2.25
2016.10.27 09:34:46.964,0.79754,0.7976,1.00,2.25
2016.10.27 09:34:47.572,0.79753,0.79759,1.00,1.12
2016.10.27 09:34:48.278,0.79752,0.79759,1.00,1.12
2016.10.27 09:34:50.103,0.79753,0.79759,1.00,1.12
2016.10.27 09:34:50.162,0.79755,0.7976,1.00,1.50
2016.10.27 09:34:50.264,0.79755,0.79761,1.00,1.00
2016.10.27 09:34:50.782,0.79756,0.79762,1.00,1.12
2016.10.27 09:34:51.289,0.79755,0.79762,1.00,1.50
2016.10.27 09:34:51.823,0.79755,0.79761,1.00,1.00
2016.10.27 09:34:52.380,0.79755,0.79765,3.00,1.50
2016.10.27 09:34:52.431,0.7976,0.79765,1.00,1.00
2016.10.27 09:34:52.634,0.79761,0.79767,1.00,1.12
2016.10.27 09:34:52.837,0.79763,0.79767,1.00,1.00
2016.10.27 09:34:53.142,0.79765,0.79769,1.00,1.50
2016.10.27 09:34:53.616,0.79767,0.79771,1.00,1.00
2016.10.27 09:34:53.769,0.79769,0.79774,1.00,1.87
2016.10.27 09:34:54.074,0.79768,0.79775,1.00,1.50
2016.10.27 09:34:55.009,0.79761,0.79766,5.62,1.50
2016.10.27 09:34:55.075,0.7976,0.79764,1.00,1.00
2016.10.27 09:34:55.177,0.79757,0.79763,1.00,1.12
2016.10.27 09:34:55.279,0.7976,0.79764,1.00,1.50
2016.10.27 09:34:55.921,0.79759,0.79764,1.00,1.87
2016.10.27 09:34:56.438,0.79758,0.79764,1.00,1.12
2016.10.27 09:34:56.788,0.79761,0.79765,1.00,1.87
2016.10.27 09:34:57.336,0.7976,0.79765,1.00,1.37
2016.10.27 09:34:58.336,0.7976,0.79765,1.00,1.87
2016.10.27 09:34:58.837,0.79761,0.79765,1.00,1.87
2016.10.27 09:34:59.041,0.79758,0.79765,1.00,1.50
2016.10.27 09:34:59.580,0.79759,0.79765,1.00,1.50
2016.10.27 09:35:00.101,0.7976,0.79765,1.00,1.50
2016.10.27 09:35:00.889,0.79761,0.79765,1.00,1.00
2016.10.27 09:35:00.991,0.79761,0.79765,1.00,1.00
2016.10.27 09:35:01.244,0.79765,0.79769,1.00,1.00
2016.10.27 09:35:01.986,0.79766,0.7977,1.00,1.00
2016.10.27 09:35:02.540,0.79765,0.79769,1.00,1.00
2016.10.27 09:35:03.078,0.79766,0.7977,1.00,1.00
2016.10.27 09:35:03.332,0.79764,0.7977,1.00,1.00
2016.10.27 09:35:03.911,0.79763,0.7977,1.00,1.00
2016.10.27 09:35:08.031,0.79764,0.79771,1.00,1.50
2016.10.27 09:35:08.235,0.79762,0.79769,1.00,1.00
2016.10.27 09:35:08.539,0.79764,0.79768,1.00,1.50
2016.10.27 09:35:08.742,0.79764,0.79769,1.00,1.12
2016.10.27 09:35:13.273,0.79765,0.79769,1.00,1.12
2016.10.27 09:35:14.107,0.79765,0.79771,1.00,1.12
2016.10.27 09:35:14.643,0.79763,0.79771,1.00,1.12
2016.10.27 09:35:15.186,0.79763,0.7977,1.00,1.00
2016.10.27 09:35:15.715,0.79764,0.79771,1.00,1.87
2016.10.27 09:35:16.683,0.79763,0.79771,1.00,1.12
2016.10.27 09:35:17.412,0.79763,0.79769,1.00,1.37
2016.10.27 09:35:17.463,0.79761,0.79769,1.00,1.87
2016.10.27 09:35:17.996,0.79761,0.79769,1.00,1.50
2016.10.27 09:35:19.922,0.79762,0.79768,1.00,1.00
2016.10.27 09:35:20.024,0.7976,0.79769,1.00,2.62
2016.10.27 09:35:20.227,0.7976,0.79769,1.00,1.75
2016.10.27 09:35:20.820,0.79761,0.79768,1.00,1.12
2016.10.27 09:35:21.489,0.7976,0.79769,1.00,2.25
2016.10.27 09:35:23.451,0.79759,0.79766,1.00,1.00
2016.10.27 09:35:23.553,0.79757,0.79765,1.00,1.00
2016.10.27 09:35:23.665,0.79755,0.79763,1.00,1.00
2016.10.27 09:35:24.339,0.79757,0.79763,1.00,1.12
2016.10.27 09:35:24.967,0.79757,0.79765,1.00,1.87
2016.10.27 09:35:25.271,0.7976,0.79766,1.00,1.50
2016.10.27 09:35:25.841,0.79759,0.79765,1.25,1.12
2016.10.27 09:35:26.145,0.79759,0.79767,1.00,1.12
2016.10.27 09:35:26.348,0.79758,0.79767,1.00,1.87
2016.10.27 09:35:26.449,0.79758,0.79767,1.00,1.87
2016.10.27 09:35:26.652,0.79761,0.79768,1.00,2.62
2016.10.27 09:35:26.804,0.79761,0.79768,1.00,1.12
2016.10.27 09:35:27.708,0.79759,0.79766,1.00,1.00
2016.10.27 09:35:28.280,0.79759,0.79768,1.25,1.87
2016.10.27 09:35:28.735,0.79761,0.79767,1.00,1.12
2016.10.27 09:35:29.333,0.79761,0.79768,1.00,2.25
2016.10.27 09:35:29.738,0.79759,0.79767,1.00,1.00
2016.10.27 09:35:30.295,0.7976,0.79768,1.00,1.50
2016.10.27 09:35:31.894,0.79761,0.79767,1.00,1.00
2016.10.27 09:35:33.147,0.79761,0.79769,1.25,1.87
2016.10.27 09:35:33.658,0.79761,0.7977,1.69,1.12
2016.10.27 09:35:34.479,0.79762,0.7977,1.00,1.12
2016.10.27 09:35:34.740,0.7976,0.79766,1.00,1.00
2016.10.27 09:35:35.045,0.79761,0.79769,1.00,1.12
2016.10.27 09:35:35.683,0.79762,0.79769,1.00,1.12
2016.10.27 09:35:37.084,0.7976,0.79768,1.50,1.00
2016.10.27 09:35:37.388,0.79761,0.7977,1.19,2.62
2016.10.27 09:35:37.591,0.7976,0.79769,1.50,2.62
2016.10.27 09:35:38.137,0.7976,0.79768,1.00,2.25
2016.10.27 09:35:38.755,0.79761,0.79767,1.00,1.00
2016.10.27 09:35:38.857,0.79764,0.79768,1.25,1.00
2016.10.27 09:35:39.699,0.79766,0.79773,1.25,2.25
2016.10.27 09:35:39.782,0.79768,0.79774,1.50,1.00
2016.10.27 09:35:39.885,0.79768,0.79776,1.50,1.12
2016.10.27 09:35:39.936,0.79767,0.79773,1.00,1.00
2016.10.27 09:35:40.039,0.79763,0.7977,1.12,1.00
2016.10.27 09:35:40.090,0.79761,0.7977,1.25,1.03
2016.10.27 09:35:40.781,0.79759,0.79769,1.69,2.62
2016.10.27 09:35:41.678,0.7976,0.7977,1.25,3.37
2016.10.27 09:35:41.780,0.79763,0.7977,1.25,3.37
2016.10.27 09:35:42.300,0.79763,0.7977,1.00,1.00
2016.10.27 09:35:42.402,0.79761,0.79769,1.00,1.12
2016.10.27 09:35:42.554,0.79759,0.79768,1.00,1.87
2016.10.27 09:35:43.096,0.79757,0.79765,2.62,1.00
2016.10.27 09:35:43.435,0.79757,0.79764,2.25,2.25
2016.10.27 09:35:43.537,0.79754,0.79762,1.00,1.50
2016.10.27 09:35:44.883,0.79755,0.79762,1.00,4.87
2016.10.27 09:35:45.424,0.79754,0.79761,1.00,1.37
2016.10.27 09:35:45.576,0.79752,0.79761,1.00,1.37
2016.10.27 09:35:46.620,0.79752,0.79761,1.00,1.87
2016.10.27 09:35:46.671,0.79751,0.79759,1.00,1.00
2016.10.27 09:35:47.181,0.79751,0.79759,1.00,2.25
2016.10.27 09:35:49.188,0.79752,0.79758,1.00,1.12
2016.10.27 09:35:49.876,0.7975,0.79758,1.00,1.12
2016.10.27 09:35:50.382,0.79751,0.79758,1.00,1.12
2016.10.27 09:35:51.829,0.79747,0.79751,1.00,1.12
2016.10.27 09:35:51.880,0.79743,0.79751,1.00,1.50
2016.10.27 09:35:52.466,0.79743,0.79751,1.00,1.50
2016.10.27 09:35:53.316,0.79743,0.79752,1.00,1.12
2016.10.27 09:35:53.853,0.79744,0.79752,1.00,1.12
2016.10.27 09:35:54.782,0.79745,0.79752,1.00,1.12
2016.10.27 09:35:54.833,0.79747,0.79752,1.00,1.12
2016.10.27 09:35:55.340,0.79746,0.79752,1.00,1.00
2016.10.27 09:36:00.030,0.79746,0.79754,1.87,1.00
2016.10.27 09:36:00.132,0.79748,0.79754,1.00,1.00
2016.10.27 09:36:00.436,0.79748,0.79756,1.00,1.12
2016.10.27 09:36:00.978,0.79748,0.79755,1.00,1.00
2016.10.27 09:36:02.557,0.79749,0.79757,1.00,1.87
2016.10.27 09:36:03.085,0.79749,0.79757,1.00,1.87
2016.10.27 09:36:04.940,0.79748,0.79756,1.12,1.12
2016.10.27 09:36:05.314,0.7975,0.79756,1.00,1.50
2016.10.27 09:36:05.825,0.79748,0.79754,1.00,1.00
2016.10.27 09:36:05.927,0.79748,0.79756,1.00,1.50
2016.10.27 09:36:07.196,0.79749,0.79756,1.00,1.00
2016.10.27 09:36:07.703,0.79749,0.79757,1.50,1.00
2016.10.27 09:36:08.265,0.79751,0.79757,1.00,1.00
2016.10.27 09:36:09.452,0.79751,0.79758,1.00,1.12
2016.10.27 09:36:09.988,0.79751,0.79757,1.00,1.00
2016.10.27 09:36:10.491,0.79751,0.79758,1.00,1.87
2016.10.27 09:36:11.033,0.79751,0.79757,1.00,1.00
2016.10.27 09:36:11.739,0.79751,0.79758,1.00,1.12
2016.10.27 09:36:15.171,0.79752,0.79758,1.00,1.00
2016.10.27 09:36:15.678,0.79752,0.79759,1.00,1.87
2016.10.27 09:36:16.823,0.7975,0.79759,1.00,1.12
2016.10.27 09:36:18.085,0.79751,0.79759,1.00,1.12
2016.10.27 09:36:18.136,0.79753,0.7976,1.00,1.37
2016.10.27 09:36:18.643,0.79754,0.79761,1.00,1.00
2016.10.27 09:36:20.589,0.79758,0.79762,1.12,1.12
2016.10.27 09:36:20.641,0.79762,0.79769,1.00,1.12
2016.10.27 09:36:20.945,0.79763,0.79771,1.00,1.12
2016.10.27 09:36:21.048,0.79765,0.79772,1.00,1.87
2016.10.27 09:36:21.476,0.79763,0.79772,1.12,1.87
2016.10.27 09:36:21.679,0.79763,0.79771,1.00,3.75
2016.10.27 09:36:22.189,0.79763,0.79769,1.00,1.37
2016.10.27 09:36:22.976,0.79763,0.7977,1.00,1.00
2016.10.27 09:36:24.941,0.79765,0.7977,1.00,1.00
2016.10.27 09:36:25.245,0.79763,0.79771,1.50,1.87
2016.10.27 09:36:25.798,0.79763,0.79771,1.00,3.00
2016.10.27 09:36:26.559,0.79763,0.79769,1.00,1.00
2016.10.27 09:36:27.063,0.79762,0.79769,1.00,1.50
2016.10.27 09:36:27.591,0.79761,0.79769,1.00,1.00
2016.10.27 09:36:28.311,0.79761,0.79767,1.00,1.87
2016.10.27 09:36:28.366,0.79756,0.79765,1.50,1.37
2016.10.27 09:36:28.920,0.79756,0.79766,1.00,2.25
2016.10.27 09:36:32.497,0.79757,0.79765,1.00,1.87
2016.10.27 09:36:33.123,0.79757,0.79765,1.00,2.25
2016.10.27 09:36:33.217,0.79751,0.7976,1.25,1.87
2016.10.27 09:36:33.723,0.79752,0.79761,1.25,2.62
2016.10.27 09:36:34.580,0.79753,0.79761,1.00,1.87
2016.10.27 09:36:34.682,0.79755,0.79761,1.00,1.37
2016.10.27 09:36:34.886,0.79755,0.79763,1.00,1.37
2016.10.27 09:36:35.426,0.79754,0.79762,1.31,1.12
2016.10.27 09:36:36.389,0.79756,0.79763,1.00,1.87
2016.10.27 09:36:36.918,0.79755,0.79764,1.00,2.62
2016.10.27 09:36:38.365,0.79756,0.79764,1.00,1.87
2016.10.27 09:36:40.233,0.79754,0.79762,1.00,2.62
2016.10.27 09:36:40.285,0.79752,0.7976,1.12,1.00
2016.10.27 09:36:40.387,0.7975,0.7976,2.44,2.25
2016.10.27 09:36:40.489,0.7975,0.79759,2.44,1.12
2016.10.27 09:36:40.795,0.79752,0.79759,1.00,1.37
2016.10.27 09:36:41.328,0.79753,0.7976,1.00,1.75
2016.10.27 09:36:41.836,0.79753,0.7976,1.00,1.50
2016.10.27 09:36:42.580,0.79752,0.7976,1.00,1.50
2016.10.27 09:36:43.112,0.79753,0.7976,1.00,1.50
2016.10.27 09:36:43.822,0.79754,0.7976,1.00,1.50
2016.10.27 09:36:44.128,0.79757,0.79764,1.00,1.12
2016.10.27 09:36:44.658,0.79757,0.79764,1.00,1.37
2016.10.27 09:36:45.655,0.79755,0.79764,1.12,1.87
2016.10.27 09:36:45.706,0.79753,0.79761,2.62,1.00
2016.10.27 09:36:46.267,0.79752,0.7976,1.00,1.12
2016.10.27 09:36:47.122,0.79753,0.7976,1.00,1.12
2016.10.27 09:36:51.283,0.79752,0.7976,1.00,1.00
2016.10.27 09:36:51.334,0.7975,0.7976,1.87,1.00
2016.10.27 09:36:51.436,0.79749,0.79757,1.25,1.00
2016.10.27 09:36:52.191,0.79749,0.79758,1.25,1.87
2016.10.27 09:36:52.932,0.79749,0.79757,2.44,1.00
2016.10.27 09:36:53.238,0.79752,0.7976,1.00,1.12
2016.10.27 09:36:53.767,0.79753,0.79761,1.00,2.62
2016.10.27 09:36:54.286,0.79753,0.79761,1.00,1.12
2016.10.27 09:36:57.460,0.79752,0.79761,1.00,1.87
2016.10.27 09:36:58.037,0.79752,0.79761,1.00,1.50
2016.10.27 09:36:58.878,0.79752,0.79759,1.00,1.00
2016.10.27 09:36:59.843,0.79752,0.79761,1.25,1.12
2016.10.27 09:37:01.181,0.79754,0.79761,1.00,1.00
2016.10.27 09:37:04.436,0.79754,0.79762,1.00,1.87
2016.10.27 09:37:08.375,0.79754,0.7976,1.00,1.00
2016.10.27 09:37:08.578,0.79752,0.79761,1.00,1.00
2016.10.27 09:37:10.460,0.79752,0.79759,1.00,1.00
2016.10.27 09:37:11.247,0.79752,0.79761,1.00,1.00
2016.10.27 09:37:11.761,0.79754,0.7976,1.00,1.00
2016.10.27 09:37:13.262,0.79753,0.7976,1.00,1.00
2016.10.27 09:37:13.768,0.79752,0.7976,1.00,1.00
2016.10.27 09:37:15.021,0.79754,0.79762,1.00,1.69
2016.10.27 09:37:15.307,0.79748,0.79756,1.12,1.50
2016.10.27 09:37:15.818,0.79748,0.79756,1.00,1.50
2016.10.27 09:37:15.919,0.7975,0.79757,1.00,2.62
2016.10.27 09:37:16.430,0.7975,0.79757,1.00,1.00
2016.10.27 09:37:17.769,0.7975,0.79758,1.00,1.12
2016.10.27 09:37:18.154,0.79754,0.7976,1.00,1.50
2016.10.27 09:37:18.358,0.79752,0.79758,1.00,1.00
2016.10.27 09:37:18.881,0.79753,0.79758,1.00,1.00
2016.10.27 09:37:19.135,0.7975,0.79757,1.00,1.00
2016.10.27 09:37:19.764,0.79752,0.79759,1.00,1.12
2016.10.27 09:37:20.329,0.79752,0.7976,1.00,1.00
2016.10.27 09:37:21.264,0.79754,0.7976,1.00,1.00
2016.10.27 09:37:21.532,0.79751,0.7976,1.00,1.00
2016.10.27 09:37:21.684,0.79751,0.79757,1.00,1.00
2016.10.27 09:37:27.402,0.79751,0.79758,1.00,1.00
2016.10.27 09:37:27.938,0.79752,0.79758,1.00,1.00
2016.10.27 09:37:29.415,0.79752,0.79757,1.00,1.00
2016.10.27 09:37:33.126,0.79752,0.79759,1.00,1.87
2016.10.27 09:37:33.729,0.79752,0.7976,1.12,1.50
2016.10.27 09:37:35.879,0.79753,0.79761,1.00,1.87
2016.10.27 09:37:36.423,0.79754,0.79761,1.00,1.00
2016.10.27 09:37:36.933,0.79754,0.79762,1.00,1.87
2016.10.27 09:37:37.628,0.79754,0.79761,1.00,1.00
2016.10.27 09:37:38.404,0.79748,0.79753,2.62,1.87
2016.10.27 09:37:38.456,0.79745,0.79751,1.37,1.12
2016.10.27 09:37:39.005,0.79745,0.79751,1.00,1.12
2016.10.27 09:37:39.806,0.79746,0.79751,1.00,1.12
2016.10.27 09:37:39.908,0.79747,0.79751,1.00,1.12
2016.10.27 09:37:39.960,0.79747,0.79751,1.00,1.12
2016.10.27 09:37:40.012,0.79743,0.79751,1.25,1.12
2016.10.27 09:37:42.412,0.79743,0.7975,1.00,1.00
2016.10.27 09:37:43.379,0.79743,0.79751,1.00,2.25
2016.10.27 09:37:45.027,0.79743,0.7975,1.00,1.00
2016.10.27 09:37:45.834,0.79743,0.79751,1.00,1.50
2016.10.27 09:37:47.017,0.79742,0.79751,1.12,1.00
2016.10.27 09:37:51.923,0.79742,0.7975,1.87,1.00
2016.10.27 09:37:52.504,0.79743,0.7975,1.00,1.00
2016.10.27 09:37:53.174,0.79742,0.7975,1.12,1.00
2016.10.27 09:37:53.276,0.7974,0.79748,1.12,1.00
2016.10.27 09:37:53.479,0.7974,0.7975,1.00,3.00
2016.10.27 09:37:54.104,0.79741,0.79748,1.00,1.50
2016.10.27 09:37:55.748,0.79742,0.79751,1.00,1.87
2016.10.27 09:37:57.065,0.7974,0.7975,1.12,1.00
2016.10.27 09:37:59.882,0.79741,0.79749,1.00,1.00
2016.10.27 09:38:00.438,0.79742,0.79749,1.00,1.50
2016.10.27 09:38:01.100,0.79741,0.79749,1.00,1.00
2016.10.27 09:38:01.644,0.79742,0.79749,1.00,1.00
2016.10.27 09:38:03.384,0.79742,0.7975,1.50,1.00
2016.10.27 09:38:04.088,0.79742,0.79749,1.00,1.00
2016.10.27 09:38:04.930,0.79741,0.79748,1.00,1.00
2016.10.27 09:38:06.451,0.79741,0.79749,1.00,1.00
2016.10.27 09:38:09.465,0.7974,0.79749,2.25,1.00
2016.10.27 09:38:10.101,0.79742,0.79749,1.00,1.00
2016.10.27 09:38:10.929,0.79741,0.79749,1.00,1.50
2016.10.27 09:38:13.503,0.79741,0.7975,2.62,1.00
2016.10.27 09:38:14.439,0.79743,0.79751,1.00,1.50
2016.10.27 09:38:14.983,0.79742,0.7975,1.12,1.00
2016.10.27 09:38:26.295,0.79744,0.79753,1.00,1.87
2016.10.27 09:38:26.396,0.79746,0.79753,1.00,1.50
2016.10.27 09:38:26.498,0.79745,0.79755,1.87,1.87
2016.10.27 09:38:27.111,0.79745,0.79755,2.25,1.50
2016.10.27 09:38:30.799,0.79746,0.79754,1.12,1.00
2016.10.27 09:38:31.475,0.79747,0.79755,2.25,1.00
2016.10.27 09:38:32.088,0.79748,0.79756,2.25,1.00
2016.10.27 09:38:32.598,0.79749,0.79757,1.12,1.12
2016.10.27 09:38:37.083,0.79748,0.79756,3.00,1.00
2016.10.27 09:38:37.692,0.79751,0.79758,1.00,1.50
2016.10.27 09:38:37.794,0.79752,0.7976,1.00,1.12
2016.10.27 09:38:37.849,0.79751,0.79758,1.00,1.50
2016.10.27 09:38:38.446,0.79746,0.79755,1.50,1.25
2016.10.27 09:38:38.750,0.79748,0.79752,1.00,1.00
2016.10.27 09:38:39.683,0.79747,0.79752,1.00,1.00
2016.10.27 09:38:40.190,0.79747,0.79751,1.00,1.00
2016.10.27 09:38:41.047,0.79747,0.79752,1.00,1.00
2016.10.27 09:38:41.558,0.79746,0.79752,1.00,1.00
2016.10.27 09:38:43.910,0.79743,0.79752,1.50,1.25
2016.10.27 09:38:43.962,0.79743,0.79749,1.00,1.00
2016.10.27 09:38:44.672,0.79743,0.79748,1.00,1.00
2016.10.27 09:38:45.273,0.79742,0.79748,1.00,1.12
2016.10.27 09:38:46.460,0.79741,0.79745,1.00,1.00
2016.10.27 09:38:46.512,0.79738,0.79745,1.00,1.00
2016.10.27 09:38:47.018,0.79739,0.79747,1.00,1.50
2016.10.27 09:38:48.545,0.7974,0.79746,1.00,1.12
2016.10.27 09:38:49.082,0.79741,0.79749,1.00,1.87
2016.10.27 09:38:52.640,0.79741,0.79749,1.00,1.12
2016.10.27 09:38:53.997,0.79741,0.79748,1.00,1.00
2016.10.27 09:38:56.450,0.79744,0.7975,1.00,1.12
2016.10.27 09:38:57.070,0.79748,0.79753,1.00,1.00
2016.10.27 09:38:57.595,0.79749,0.79755,1.00,1.19
2016.10.27 09:38:59.583,0.79748,0.79755,1.00,1.19
2016.10.27 09:39:00.752,0.79751,0.79755,1.00,1.00
2016.10.27 09:39:00.803,0.79751,0.79758,1.00,1.19
2016.10.27 09:39:00.955,0.79749,0.79756,1.00,1.00
2016.10.27 09:39:01.463,0.79748,0.79756,2.25,1.00
2016.10.27 09:39:01.682,0.7975,0.79756,1.00,1.00
2016.10.27 09:39:02.183,0.7975,0.79757,1.50,1.00
2016.10.27 09:39:03.635,0.7975,0.79758,1.50,1.00
2016.10.27 09:39:03.940,0.79752,0.79761,1.00,1.00
2016.10.27 09:39:04.122,0.79752,0.79759,1.12,1.00
2016.10.27 09:39:06.905,0.79753,0.79759,1.00,1.00
2016.10.27 09:39:07.501,0.79751,0.79759,2.25,1.00
2016.10.27 09:39:07.890,0.79753,0.79759,1.00,1.00
2016.10.27 09:39:08.946,0.79753,0.79761,1.50,1.00
2016.10.27 09:39:09.023,0.79754,0.79763,1.50,1.12
2016.10.27 09:39:09.176,0.79756,0.79763,1.00,1.00
2016.10.27 09:39:09.278,0.79754,0.79763,1.87,1.00
2016.10.27 09:39:09.431,0.79754,0.79761,1.12,1.00
2016.10.27 09:39:10.020,0.79753,0.79761,2.62,1.00
2016.10.27 09:39:11.886,0.79754,0.79762,1.37,1.50
2016.10.27 09:39:12.393,0.79754,0.79761,1.00,1.00
2016.10.27 09:39:12.495,0.79752,0.79761,1.12,1.00
2016.10.27 09:39:13.366,0.79752,0.7976,1.00,1.00
2016.10.27 09:39:16.586,0.79752,0.79758,1.00,1.00
2016.10.27 09:39:18.522,0.79752,0.7976,1.50,1.00
2016.10.27 09:39:19.838,0.79754,0.7976,1.00,1.00
2016.10.27 09:39:19.889,0.79754,0.79762,1.00,1.00
2016.10.27 09:39:20.143,0.79754,0.7976,1.00,1.00
2016.10.27 09:39:20.677,0.79753,0.79759,1.12,1.00
2016.10.27 09:39:22.062,0.79753,0.7976,1.00,1.00
2016.10.27 09:39:28.439,0.79754,0.7976,1.00,1.00
2016.10.27 09:39:33.738,0.79753,0.7976,1.00,1.00
2016.10.27 09:39:34.719,0.79754,0.7976,1.00,1.00
2016.10.27 09:39:36.260,0.79753,0.7976,1.31,1.00
2016.10.27 09:39:37.234,0.79755,0.7976,1.00,1.00
2016.10.27 09:39:39.034,0.79753,0.7976,1.25,1.00
2016.10.27 09:39:39.568,0.79751,0.7976,2.06,1.00
2016.10.27 09:39:39.771,0.79751,0.7976,3.19,1.12
2016.10.27 09:39:40.206,0.79758,0.79762,1.00,1.00
2016.10.27 09:39:40.262,0.79758,0.79765,1.25,1.00
2016.10.27 09:39:41.631,0.79757,0.79763,1.00,1.00
2016.10.27 09:39:42.175,0.79756,0.79763,1.31,1.00
2016.10.27 09:39:50.066,0.79757,0.79763,1.00,1.00
2016.10.27 09:39:50.573,0.79756,0.79763,1.31,1.00
2016.10.27 09:39:51.058,0.79757,0.79765,1.00,1.00
2016.10.27 09:39:51.566,0.79758,0.79766,1.12,1.00
2016.10.27 09:39:52.611,0.79757,0.79765,1.87,1.00
2016.10.27 09:39:53.179,0.79757,0.79766,1.50,1.00
2016.10.27 09:39:55.525,0.79757,0.79763,1.50,1.00
2016.10.27 09:39:55.828,0.79756,0.79765,1.69,1.00
2016.10.27 09:39:58.996,0.79756,0.79764,1.69,1.00
2016.10.27 09:40:00.270,0.79758,0.79764,1.00,1.00
2016.10.27 09:40:00.838,0.79757,0.79764,1.00,1.00
2016.10.27 09:40:01.173,0.79755,0.79762,1.12,1.00
2016.10.27 09:40:01.916,0.79754,0.79763,1.69,1.00
2016.10.27 09:40:03.629,0.79757,0.79765,1.00,1.00
2016.10.27 09:40:04.166,0.79757,0.79766,1.00,1.12
2016.10.27 09:40:06.719,0.79759,0.79766,1.00,1.50
2016.10.27 09:40:09.466,0.79758,0.79767,1.00,1.50
2016.10.27 09:40:10.531,0.79759,0.79767,1.00,1.50
2016.10.27 09:40:11.641,0.7976,0.79768,1.00,1.00
2016.10.27 09:40:12.184,0.79759,0.79768,1.00,1.50
2016.10.27 09:40:14.537,0.7976,0.79768,1.00,1.00
2016.10.27 09:40:14.691,0.79758,0.79768,1.50,1.12
2016.10.27 09:40:15.206,0.79758,0.79766,1.00,1.00
2016.10.27 09:40:15.717,0.79758,0.79767,1.00,1.12
2016.10.27 09:40:16.403,0.79759,0.79767,1.00,1.00
2016.10.27 09:40:17.097,0.79759,0.79769,1.12,1.50
2016.10.27 09:40:17.607,0.79758,0.79768,2.25,1.00
2016.10.27 09:40:18.443,0.79765,0.79769,1.50,1.00
2016.10.27 09:40:18.544,0.79767,0.79774,1.00,1.00
2016.10.27 09:40:18.595,0.79769,0.79773,1.00,1.00
2016.10.27 09:40:18.646,0.79769,0.79775,1.00,1.87
2016.10.27 09:40:18.799,0.79767,0.79777,1.12,2.62
2016.10.27 09:40:18.902,0.79768,0.79778,1.00,1.87
2016.10.27 09:40:19.004,0.7977,0.79778,1.00,1.50
2016.10.27 09:40:19.526,0.79771,0.79778,1.00,1.00
2016.10.27 09:40:20.050,0.79771,0.79779,1.00,1.00
2016.10.27 09:40:20.574,0.79772,0.79779,1.00,1.00
2016.10.27 09:40:21.291,0.79771,0.79779,1.00,1.00
2016.10.27 09:40:21.646,0.79773,0.79781,1.00,1.87
2016.10.27 09:40:21.951,0.79776,0.79782,1.00,1.00
2016.10.27 09:40:22.965,0.79774,0.79782,1.00,1.00
2016.10.27 09:40:23.473,0.79774,0.79783,1.00,1.00
2016.10.27 09:40:24.158,0.79775,0.79781,1.00,1.00
2016.10.27 09:40:24.878,0.79773,0.79781,1.50,1.00
2016.10.27 09:40:25.651,0.79774,0.79781,1.00,1.00
2016.10.27 09:40:25.854,0.79775,0.79783,1.00,1.50
2016.10.27 09:40:25.906,0.79773,0.79782,1.50,1.00
2016.10.27 09:40:26.428,0.79774,0.79782,1.00,1.87
2016.10.27 09:40:26.974,0.79774,0.79782,1.00,1.50
2016.10.27 09:40:27.527,0.79775,0.79782,1.00,1.00
2016.10.27 09:40:28.550,0.79775,0.79781,1.00,1.00
2016.10.27 09:40:31.047,0.79777,0.79783,1.00,1.00
2016.10.27 09:40:31.098,0.79777,0.79787,1.50,1.87
2016.10.27 09:40:31.617,0.79777,0.79786,1.00,1.00
2016.10.27 09:40:32.353,0.79778,0.79786,1.00,1.00
2016.10.27 09:40:32.899,0.79778,0.79785,1.00,1.00
2016.10.27 09:40:33.406,0.79777,0.79785,1.50,1.00
2016.10.27 09:40:34.487,0.79777,0.79787,1.00,1.87
2016.10.27 09:40:35.013,0.79778,0.79788,1.00,2.25
2016.10.27 09:40:35.566,0.79779,0.79789,1.00,1.75
2016.10.27 09:40:35.668,0.79781,0.79789,1.00,1.00
2016.10.27 09:40:36.065,0.79782,0.79792,1.00,2.25
2016.10.27 09:40:41.373,0.79782,0.7979,1.50,1.00
2016.10.27 09:40:41.914,0.79783,0.79791,1.50,1.00
2016.10.27 09:40:44.979,0.79782,0.7979,1.12,1.00
2016.10.27 09:40:45.949,0.79783,0.79792,1.00,1.50
2016.10.27 09:40:48.063,0.79782,0.79792,1.00,1.00
2016.10.27 09:40:50.038,0.79782,0.79791,1.12,1.00
2016.10.27 09:40:50.581,0.79782,0.79792,1.00,2.25
2016.10.27 09:40:53.528,0.79782,0.79791,1.00,1.00
2016.10.27 09:40:54.578,0.79781,0.79791,1.00,1.12
2016.10.27 09:40:56.021,0.79781,0.79789,1.12,1.00
2016.10.27 09:40:57.387,0.79781,0.79791,1.12,1.87
2016.10.27 09:40:58.226,0.79783,0.79791,1.00,1.37
2016.10.27 09:40:58.278,0.79781,0.79791,1.12,1.00
2016.10.27 09:40:58.807,0.79782,0.79791,1.00,1.50
2016.10.27 09:40:59.915,0.79781,0.79791,1.12,1.00
2016.10.27 09:41:00.474,0.79781,0.79791,1.12,2.25
2016.10.27 09:41:01.429,0.79782,0.79791,1.00,1.37
2016.10.27 09:41:01.984,0.79782,0.79791,1.50,1.00
2016.10.27 09:41:03.255,0.79783,0.79791,1.00,1.00
2016.10.27 09:41:03.610,0.79785,0.79791,1.00,1.00
2016.10.27 09:41:05.743,0.79784,0.79791,1.50,1.00
2016.10.27 09:41:05.947,0.79785,0.79793,1.00,1.87
2016.10.27 09:41:09.292,0.79786,0.79793,1.00,1.00
2016.10.27 09:41:09.845,0.79786,0.79794,1.00,1.00
2016.10.27 09:41:10.302,0.79784,0.79792,1.00,1.00
2016.10.27 09:41:10.650,0.79781,0.7979,3.28,1.00
2016.10.27 09:41:10.701,0.79781,0.79789,1.00,1.00
2016.10.27 09:41:18.522,0.7978,0.79789,1.12,1.00
2016.10.27 09:41:19.065,0.7978,0.79788,1.12,1.00
2016.10.27 09:41:21.287,0.7978,0.79787,1.00,1.00
2016.10.27 09:41:21.439,0.79778,0.79784,1.00,1.12
2016.10.27 09:41:21.869,0.79773,0.79781,2.25,1.37
2016.10.27 09:41:21.920,0.79771,0.79779,1.00,1.00
2016.10.27 09:41:25.411,0.7977,0.79779,1.25,1.00
2016.10.27 09:41:25.866,0.79774,0.79779,1.00,1.00
2016.10.27 09:41:25.920,0.79775,0.79784,1.12,1.00
2016.10.27 09:41:26.460,0.79775,0.79785,1.87,1.00
2016.10.27 09:41:26.962,0.79775,0.79784,2.25,1.50
2016.10.27 09:41:27.215,0.79776,0.79785,1.50,1.00
2016.10.27 09:41:27.520,0.79776,0.79783,1.00,1.00
2016.10.27 09:41:28.028,0.79775,0.79783,2.62,1.00
2016.10.27 09:41:28.396,0.79777,0.79783,1.12,1.00
2016.10.27 09:41:28.481,0.79777,0.79785,1.12,1.00
2016.10.27 09:41:28.991,0.79777,0.79784,1.00,1.00
2016.10.27 09:41:29.950,0.79777,0.79783,1.00,1.00
2016.10.27 09:41:30.458,0.79777,0.79784,1.00,1.00
2016.10.27 09:41:31.539,0.79777,0.79785,1.00,1.00
2016.10.27 09:41:31.692,0.79777,0.79783,1.00,1.00
2016.10.27 09:41:32.730,0.79778,0.79783,1.00,1.00
2016.10.27 09:41:34.151,0.79775,0.79783,1.87,1.00
2016.10.27 09:41:34.901,0.79777,0.79784,1.00,1.00
2016.10.27 09:41:35.405,0.79777,0.79783,1.00,1.00
2016.10.27 09:41:36.488,0.79774,0.79782,2.25,1.00
2016.10.27 09:41:37.234,0.79772,0.79781,1.50,1.00
2016.10.27 09:41:39.577,0.79773,0.79781,1.00,1.00
2016.10.27 09:41:40.764,0.79773,0.79782,1.00,1.00
2016.10.27 09:41:41.267,0.79773,0.79781,1.00,1.00
2016.10.27 09:41:42.482,0.79774,0.79781,1.00,1.00
2016.10.27 09:41:43.084,0.79772,0.79781,1.00,1.00
2016.10.27 09:41:44.080,0.79772,0.7978,1.00,1.00
2016.10.27 09:41:44.183,0.79774,0.7978,1.00,1.00
2016.10.27 09:41:44.777,0.79773,0.7978,1.50,1.00
2016.10.27 09:41:45.616,0.79772,0.7978,1.00,1.00
2016.10.27 09:41:46.429,0.79771,0.7978,1.50,1.00
2016.10.27 09:41:46.944,0.79771,0.79779,1.50,1.00
2016.10.27 09:41:48.164,0.79772,0.79779,1.00,1.00
2016.10.27 09:41:49.957,0.79771,0.79781,2.25,1.00
2016.10.27 09:41:50.978,0.79772,0.7978,1.50,1.50
2016.10.27 09:41:51.585,0.79772,0.79779,1.00,1.00
2016.10.27 09:41:52.613,0.79773,0.79779,1.00,1.00
2016.10.27 09:41:53.734,0.79773,0.7978,1.00,1.00
2016.10.27 09:41:54.905,0.79772,0.7978,1.50,1.00
2016.10.27 09:41:55.691,0.79772,0.79778,1.50,1.00
2016.10.27 09:41:56.212,0.79771,0.7978,1.50,1.00
2016.10.27 09:41:56.719,0.79771,0.7978,1.50,1.00
2016.10.27 09:41:57.217,0.79769,0.79777,1.37,1.50
2016.10.27 09:41:57.724,0.79771,0.79777,1.12,1.00
2016.10.27 09:41:58.225,0.79771,0.79778,1.12,1.00
2016.10.27 09:41:59.321,0.79773,0.79779,1.00,1.00
2016.10.27 09:41:59.372,0.79773,0.79781,1.00,1.12
2016.10.27 09:42:00.636,0.79774,0.79782,1.00,1.00
2016.10.27 09:42:01.161,0.79774,0.79781,1.50,1.00
2016.10.27 09:42:04.161,0.79774,0.79783,1.00,1.00
2016.10.27 09:42:04.769,0.79774,0.79782,1.00,1.00
2016.10.27 09:42:08.866,0.79774,0.79781,1.00,1.00
2016.10.27 09:42:09.120,0.79774,0.79783,1.00,1.50
2016.10.27 09:42:11.626,0.79774,0.79782,2.62,1.00
2016.10.27 09:42:11.981,0.79776,0.79785,1.19,1.37
2016.10.27 09:42:12.358,0.7978,0.79787,1.50,1.00
2016.10.27 09:42:12.409,0.7978,0.79789,1.00,1.00
2016.10.27 09:42:12.915,0.7978,0.79788,1.00,1.00
2016.10.27 09:42:14.182,0.79779,0.79783,1.12,1.00
2016.10.27 09:42:14.233,0.79778,0.79782,1.00,1.00
2016.10.27 09:42:14.335,0.79774,0.79781,1.69,1.00
2016.10.27 09:42:17.377,0.79773,0.7978,1.19,1.00
2016.10.27 09:42:18.656,0.79773,0.79781,1.12,1.00
2016.10.27 09:42:20.523,0.79772,0.79779,1.31,1.00
2016.10.27 09:42:21.030,0.79772,0.79778,1.31,1.00
2016.10.27 09:42:21.285,0.79764,0.79772,1.87,1.00
2016.10.27 09:42:21.723,0.79764,0.7977,1.87,1.00
2016.10.27 09:42:22.066,0.79764,0.79771,1.19,1.00
2016.10.27 09:42:23.912,0.79764,0.79772,1.69,1.00
2016.10.27 09:42:24.115,0.79765,0.79774,2.06,1.00
2016.10.27 09:42:24.167,0.79769,0.79776,1.12,1.75
2016.10.27 09:42:24.319,0.79766,0.79773,1.69,1.00
2016.10.27 09:42:24.851,0.79765,0.79772,1.12,1.00
2016.10.27 09:42:24.953,0.79765,0.79774,1.00,1.00
2016.10.27 09:42:25.460,0.79764,0.79773,3.19,1.00
2016.10.27 09:42:27.163,0.79764,0.79772,2.06,1.00
2016.10.27 09:42:27.214,0.79764,0.79771,1.31,1.00
2016.10.27 09:42:27.721,0.79764,0.79772,1.25,1.00
2016.10.27 09:42:28.432,0.79764,0.79771,1.00,1.00
2016.10.27 09:42:28.941,0.79763,0.79771,2.81,1.00
2016.10.27 09:42:29.023,0.79763,0.79771,2.25,1.00
2016.10.27 09:42:29.535,0.79761,0.79768,1.69,1.00
2016.10.27 09:42:30.043,0.79761,0.79769,1.19,1.00
2016.10.27 09:42:30.653,0.79761,0.79768,2.81,1.00
2016.10.27 09:42:31.145,0.7976,0.7977,1.69,1.50
2016.10.27 09:42:31.197,0.7976,0.79768,1.69,1.00
2016.10.27 09:42:33.630,0.79762,0.79766,1.31,1.00
2016.10.27 09:42:33.681,0.79763,0.79768,1.00,1.00
2016.10.27 09:42:34.189,0.7976,0.79768,2.81,1.00
2016.10.27 09:42:34.670,0.7976,0.79766,1.19,1.00
2016.10.27 09:42:36.318,0.79761,0.79767,1.19,1.00
2016.10.27 09:42:36.626,0.79761,0.79765,1.25,1.00
2016.10.27 09:42:38.478,0.79761,0.79768,1.19,1.00
2016.10.27 09:42:39.877,0.7976,0.7977,2.06,1.50
2016.10.27 09:42:44.621,0.79765,0.79771,1.00,1.00
2016.10.27 09:42:44.673,0.79766,0.79774,1.50,1.50
2016.10.27 09:42:44.724,0.79768,0.79775,1.00,1.87
2016.10.27 09:42:45.166,0.7977,0.79778,1.00,1.00
2016.10.27 09:42:45.725,0.79769,0.79778,1.50,1.00
2016.10.27 09:42:46.286,0.7977,0.79778,1.00,1.00
2016.10.27 09:42:46.944,0.79769,0.79777,2.25,1.00
2016.10.27 09:42:46.995,0.79769,0.79775,1.00,1.00
2016.10.27 09:42:47.046,0.79767,0.79775,1.87,1.50
2016.10.27 09:42:47.938,0.79766,0.79775,1.12,1.50
2016.10.27 09:42:48.736,0.79766,0.79774,1.12,1.00
2016.10.27 09:42:48.788,0.79766,0.79776,1.50,2.25
2016.10.27 09:42:48.839,0.79768,0.79775,1.00,1.12
2016.10.27 09:42:49.333,0.79769,0.79777,1.00,2.25
2016.10.27 09:42:50.349,0.7977,0.79777,1.00,1.00
2016.10.27 09:42:50.900,0.7977,0.79778,2.25,1.00
2016.10.27 09:42:50.951,0.79772,0.79778,1.00,1.00
2016.10.27 09:42:51.255,0.79773,0.7978,1.00,1.50
2016.10.27 09:42:51.961,0.79774,0.7978,1.00,1.00
2016.10.27 09:42:52.524,0.79773,0.7978,1.00,1.50
2016.10.27 09:42:53.228,0.79773,0.79781,1.50,1.00
2016.10.27 09:42:55.139,0.79773,0.79783,1.00,2.25
2016.10.27 09:42:55.645,0.79774,0.79782,1.00,1.12
2016.10.27 09:42:57.273,0.79776,0.79782,1.00,1.12
2016.10.27 09:42:57.806,0.79775,0.79782,1.00,1.87
2016.10.27 09:42:58.312,0.79775,0.79781,1.00,1.00
2016.10.27 09:42:58.859,0.79775,0.79782,1.00,1.00
2016.10.27 09:43:03.584,0.79775,0.79782,1.00,1.37
2016.10.27 09:43:07.326,0.79775,0.79783,1.00,1.00
2016.10.27 09:43:07.973,0.79776,0.79782,1.00,1.00
2016.10.27 09:43:08.739,0.79776,0.79781,1.00,1.00
2016.10.27 09:43:09.417,0.79774,0.79781,1.00,1.00
2016.10.27 09:43:09.682,0.79774,0.79783,1.00,1.00
2016.10.27 09:43:09.885,0.79774,0.79781,1.12,1.00
2016.10.27 09:43:11.970,0.79775,0.79784,1.00,2.25
2016.10.27 09:43:12.072,0.79775,0.79782,1.50,1.00
2016.10.27 09:43:12.174,0.79777,0.79785,1.00,1.00
2016.10.27 09:43:12.659,0.79776,0.79781,1.50,1.00
2016.10.27 09:43:12.711,0.7977,0.79777,1.69,1.00
2016.10.27 09:43:14.830,0.79771,0.79777,1.19,1.00
2016.10.27 09:43:15.564,0.79771,0.79777,1.00,1.00
2016.10.27 09:43:16.129,0.79771,0.79778,1.00,1.00
2016.10.27 09:43:16.631,0.79772,0.79779,1.00,1.50
2016.10.27 09:43:22.364,0.79771,0.79779,1.00,1.00
2016.10.27 09:43:22.869,0.79771,0.79778,1.00,1.50
2016.10.27 09:43:27.134,0.79773,0.79778,1.00,1.00
2016.10.27 09:43:27.185,0.79773,0.79782,1.00,1.50
2016.10.27 09:43:27.236,0.79776,0.79782,1.00,1.00
2016.10.27 09:43:27.755,0.79776,0.79783,1.00,1.00
2016.10.27 09:43:28.278,0.79776,0.79784,1.50,1.00
2016.10.27 09:43:28.811,0.79777,0.79785,1.50,1.00
2016.10.27 09:43:31.253,0.79778,0.79786,1.00,1.87
2016.10.27 09:43:32.019,0.79776,0.79786,2.62,1.87
2016.10.27 09:43:37.684,0.79778,0.79786,1.00,1.12
2016.10.27 09:43:38.444,0.79777,0.79784,1.00,1.00
2016.10.27 09:43:38.978,0.79777,0.79785,1.00,1.50
2016.10.27 09:43:39.579,0.79778,0.79785,1.00,1.50
2016.10.27 09:43:42.504,0.79777,0.79785,1.00,1.50
2016.10.27 09:43:45.015,0.79776,0.79785,1.00,1.50
2016.10.27 09:43:45.319,0.7978,0.7979,1.12,2.25
2016.10.27 09:43:45.370,0.7978,0.7979,1.50,1.50
2016.10.27 09:43:46.142,0.79781,0.7979,1.00,1.50
2016.10.27 09:43:46.546,0.7978,0.79788,1.00,1.00
2016.10.27 09:43:47.457,0.7978,0.79787,1.12,1.00
2016.10.27 09:43:48.291,0.79778,0.79787,2.62,1.50
2016.10.27 09:43:48.813,0.79779,0.79787,1.00,1.00
2016.10.27 09:43:49.693,0.7978,0.79788,1.00,1.50
2016.10.27 09:43:50.199,0.79781,0.79789,1.00,1.00
2016.10.27 09:43:53.074,0.79779,0.79789,3.75,1.50
2016.10.27 09:43:53.428,0.7978,0.7979,3.19,1.50
2016.10.27 09:43:53.961,0.79781,0.79789,1.12,1.50
2016.10.27 09:43:54.675,0.79781,0.79788,1.12,1.00
2016.10.27 09:43:57.082,0.7978,0.79789,1.62,1.50
2016.10.27 09:43:58.295,0.79781,0.79788,1.12,1.00
2016.10.27 09:43:58.633,0.7978,0.7979,1.69,1.50
2016.10.27 09:43:58.927,0.7978,0.79788,2.44,1.00
2016.10.27 09:44:00.085,0.79784,0.79792,1.00,1.12
2016.10.27 09:44:01.129,0.79785,0.79792,1.00,1.00
2016.10.27 09:44:01.635,0.79785,0.79793,1.00,1.50
2016.10.27 09:44:02.142,0.79786,0.79794,1.00,1.87
2016.10.27 09:44:02.582,0.79786,0.79792,1.00,1.00
2016.10.27 09:44:07.782,0.79785,0.79791,1.00,1.00
2016.10.27 09:44:08.186,0.79786,0.79794,1.00,1.87
2016.10.27 09:44:08.724,0.79785,0.79793,1.00,1.00
2016.10.27 09:44:09.829,0.79783,0.79792,2.44,1.00
2016.10.27 09:44:10.335,0.79783,0.79792,1.69,1.00
2016.10.27 09:44:12.291,0.79785,0.79793,1.00,1.50
2016.10.27 09:44:12.874,0.79785,0.79792,1.00,1.00
2016.10.27 09:44:13.424,0.79784,0.79791,1.00,1.00
2016.10.27 09:44:14.930,0.79783,0.79791,1.50,1.50
2016.10.27 09:44:15.520,0.79782,0.7979,1.00,1.00
2016.10.27 09:44:16.046,0.79782,0.79791,1.50,1.87
2016.10.27 09:44:16.583,0.79782,0.7979,1.00,1.00
2016.10.27 09:44:17.711,0.79785,0.79793,1.00,1.00
2016.10.27 09:44:18.236,0.79786,0.79794,1.00,1.00
2016.10.27 09:44:18.757,0.79787,0.79795,1.00,1.12
2016.10.27 09:44:21.196,0.79787,0.79796,1.00,1.00
2016.10.27 09:44:21.904,0.79786,0.79796,1.00,2.25
2016.10.27 09:44:22.825,0.79786,0.79794,1.50,1.00
2016.10.27 09:44:23.130,0.7979,0.79794,1.00,1.00
2016.10.27 09:44:23.695,0.7979,0.79795,1.00,1.00
2016.10.27 09:44:24.003,0.79792,0.79796,1.00,1.00
2016.10.27 09:44:24.532,0.7979,0.79795,1.00,1.00
2016.10.27 09:44:25.867,0.79791,0.79796,1.00,1.12
2016.10.27 09:44:25.920,0.79792,0.79799,1.00,1.50
2016.10.27 09:44:28.452,0.79791,0.79798,1.00,1.50
2016.10.27 09:44:28.503,0.79788,0.79798,1.50,2.25
2016.10.27 09:44:28.554,0.79788,0.79794,1.00,1.00
2016.10.27 09:44:29.457,0.79788,0.79793,1.00,1.00
2016.10.27 09:44:30.104,0.79789,0.79793,1.00,1.00
2016.10.27 09:44:30.155,0.79787,0.79795,1.00,1.00
2016.10.27 09:44:30.205,0.79789,0.79795,1.00,1.00
2016.10.27 09:44:32.339,0.79789,0.79796,1.00,1.00
2016.10.27 09:44:32.990,0.79788,0.79796,1.00,1.00
2016.10.27 09:44:33.293,0.79788,0.79793,1.00,1.00
2016.10.27 09:44:33.679,0.79788,0.79795,1.00,1.12
2016.10.27 09:44:34.225,0.79789,0.79796,1.00,1.50
2016.10.27 09:44:34.277,0.79789,0.79796,1.00,1.69
2016.10.27 09:44:35.031,0.79785,0.79793,1.87,1.37
2016.10.27 09:44:35.578,0.79786,0.79794,1.00,1.50
2016.10.27 09:44:35.732,0.79784,0.79791,1.00,1.00
2016.10.27 09:44:36.482,0.79782,0.79791,1.00,1.50
2016.10.27 09:44:36.577,0.79782,0.79791,1.00,2.25
2016.10.27 09:44:37.925,0.79782,0.79791,1.00,3.00
2016.10.27 09:44:38.500,0.79781,0.79789,1.00,2.25
2016.10.27 09:44:40.467,0.79781,0.79787,1.00,1.00
2016.10.27 09:44:40.998,0.79781,0.79786,1.00,1.00
2016.10.27 09:44:42.008,0.7978,0.79788,1.00,2.44
2016.10.27 09:44:42.213,0.79782,0.79789,1.00,1.00
2016.10.27 09:44:44.156,0.79781,0.79789,1.00,1.00
2016.10.27 09:44:44.207,0.79783,0.79789,1.00,1.00
2016.10.27 09:44:44.833,0.79782,0.79789,1.12,1.00
2016.10.27 09:44:45.393,0.79788,0.79792,1.00,1.00
2016.10.27 09:44:45.445,0.79788,0.79794,1.00,1.50
2016.10.27 09:44:45.799,0.79786,0.79793,1.00,1.12
2016.10.27 09:44:45.850,0.79786,0.79791,1.00,1.00
2016.10.27 09:44:46.357,0.79786,0.79791,1.00,1.50
2016.10.27 09:44:47.458,0.79784,0.7979,1.00,1.00
2016.10.27 09:44:48.036,0.79786,0.7979,1.00,1.00
2016.10.27 09:44:48.189,0.79787,0.79793,1.00,1.12
2016.10.27 09:44:48.291,0.79789,0.79793,1.00,1.00
2016.10.27 09:44:49.202,0.79788,0.79795,1.50,2.44
2016.10.27 09:44:51.135,0.7979,0.79795,1.00,1.87
2016.10.27 09:44:51.541,0.79791,0.79797,1.00,1.00
2016.10.27 09:44:53.619,0.79791,0.79798,1.00,3.00
2016.10.27 09:44:54.211,0.7979,0.79798,1.00,2.62
2016.10.27 09:44:55.794,0.79792,0.798,1.00,1.87
2016.10.27 09:44:56.300,0.79794,0.79801,1.00,1.87
2016.10.27 09:44:56.452,0.79794,0.79801,1.00,1.00
2016.10.27 09:44:56.706,0.79795,0.79799,1.00,1.00
2016.10.27 09:44:57.192,0.79792,0.79799,1.00,1.12
2016.10.27 09:44:57.630,0.79789,0.79796,1.50,1.00
2016.10.27 09:44:57.934,0.79783,0.7979,1.00,1.00
2016.10.27 09:44:58.891,0.79781,0.7979,2.06,1.00
2016.10.27 09:44:59.208,0.79785,0.79792,1.00,1.00
2016.10.27 09:44:59.512,0.79787,0.79793,1.00,1.12
2016.10.27 09:45:00.597,0.79785,0.79793,1.00,1.00
2016.10.27 09:45:01.005,0.79787,0.79793,1.00,1.00
2016.10.27 09:45:01.353,0.79786,0.7979,1.00,1.00
2016.10.27 09:45:01.405,0.79786,0.79792,1.00,1.50
2016.10.27 09:45:01.904,0.79785,0.79794,1.12,1.50
2016.10.27 09:45:02.411,0.79784,0.79793,3.37,1.00
2016.10.27 09:45:02.462,0.79784,0.79791,2.25,1.00
2016.10.27 09:45:03.261,0.79784,0.79792,1.50,1.00
2016.10.27 09:45:03.771,0.79783,0.79792,1.25,1.00
2016.10.27 09:45:04.381,0.79788,0.79794,1.00,1.50
2016.10.27 09:45:04.910,0.79787,0.79792,1.00,1.00
2016.10.27 09:45:05.423,0.79788,0.79795,1.00,3.19
2016.10.27 09:45:06.228,0.79787,0.79794,1.00,1.50
2016.10.27 09:45:06.532,0.79789,0.79794,1.00,1.00
2016.10.27 09:45:07.052,0.79788,0.79794,1.00,1.87
2016.10.27 09:45:08.811,0.79788,0.79792,1.00,1.00
2016.10.27 09:45:09.362,0.79787,0.79792,1.00,1.00
2016.10.27 09:45:09.615,0.79785,0.79792,1.00,1.50
2016.10.27 09:45:10.070,0.79787,0.79793,1.00,1.87
2016.10.27 09:45:13.110,0.79787,0.79792,1.00,1.50
2016.10.27 09:45:14.988,0.79787,0.79791,1.00,1.00
2016.10.27 09:45:17.221,0.79786,0.79791,1.50,1.00
2016.10.27 09:45:18.216,0.79786,0.79793,1.00,2.25
2016.10.27 09:45:18.977,0.79786,0.79791,1.00,1.00
2016.10.27 09:45:19.124,0.79787,0.79793,1.00,2.25
2016.10.27 09:45:19.635,0.79786,0.79793,1.00,2.25
2016.10.27 09:45:21.278,0.79788,0.79793,1.00,1.12
2016.10.27 09:45:21.582,0.79787,0.79791,1.00,1.50
2016.10.27 09:45:21.835,0.79784,0.7979,1.00,1.12
2016.10.27 09:45:22.088,0.79786,0.7979,1.00,1.00
2016.10.27 09:45:22.139,0.79786,0.79792,1.00,1.12
2016.10.27 09:45:23.157,0.79787,0.79793,1.00,1.00
2016.10.27 09:45:24.229,0.79787,0.79794,1.00,1.12
2016.10.27 09:45:25.233,0.79785,0.79793,1.00,1.00
2016.10.27 09:45:25.335,0.79781,0.79785,1.50,1.50
2016.10.27 09:45:25.387,0.79778,0.79784,3.00,1.00
2016.10.27 09:45:25.438,0.79777,0.79781,1.00,1.00
2016.10.27 09:45:25.993,0.79776,0.7978,1.00,1.00
2016.10.27 09:45:26.533,0.79775,0.7978,1.00,1.00
2016.10.27 09:45:27.999,0.79778,0.79782,1.00,1.00
2016.10.27 09:45:28.614,0.79775,0.79779,1.00,1.00
2016.10.27 09:45:28.665,0.79775,0.79779,1.00,1.00
2016.10.27 09:45:29.857,0.79776,0.79784,1.00,1.50
2016.10.27 09:45:29.959,0.79776,0.79782,1.12,1.00
2016.10.27 09:45:30.162,0.79774,0.79781,1.12,1.00
2016.10.27 09:45:30.768,0.79772,0.7978,2.25,1.00
2016.10.27 09:45:30.870,0.79774,0.7978,1.00,1.00
2016.10.27 09:45:31.320,0.79772,0.7978,1.50,1.00
2016.10.27 09:45:31.844,0.79773,0.79781,2.62,1.00
2016.10.27 09:45:33.257,0.79771,0.79779,1.50,1.00
2016.10.27 09:45:33.794,0.79771,0.79777,1.00,1.00
2016.10.27 09:45:33.845,0.79771,0.79779,1.00,1.00
2016.10.27 09:45:33.997,0.79773,0.79778,1.50,1.00
2016.10.27 09:45:34.200,0.79772,0.7978,1.00,1.00
2016.10.27 09:45:34.943,0.79773,0.7978,1.00,1.00
2016.10.27 09:45:35.488,0.79774,0.79781,1.00,1.00
2016.10.27 09:45:37.883,0.79775,0.79781,1.00,1.00
2016.10.27 09:45:43.672,0.79774,0.79781,1.00,1.50
2016.10.27 09:45:45.555,0.79779,0.79784,1.25,1.50
2016.10.27 09:45:45.606,0.7978,0.79785,1.00,3.75
2016.10.27 09:45:45.758,0.79777,0.79784,1.12,1.00
2016.10.27 09:45:46.699,0.79773,0.79782,1.12,1.50
2016.10.27 09:45:47.207,0.79773,0.79781,1.37,1.00
2016.10.27 09:45:47.996,0.79772,0.79782,3.75,1.00
2016.10.27 09:45:48.301,0.79775,0.79782,1.00,1.00
2016.10.27 09:45:49.312,0.79776,0.79783,1.12,1.00
2016.10.27 09:45:50.336,0.79776,0.79785,1.12,1.50
2016.10.27 09:45:50.825,0.79776,0.79783,1.12,1.00
2016.10.27 09:45:51.417,0.79776,0.79782,1.12,1.00
2016.10.27 09:45:53.898,0.79778,0.79782,1.00,1.00
2016.10.27 09:45:54.000,0.79779,0.79784,1.00,1.00
2016.10.27 09:45:54.662,0.79779,0.79783,1.00,1.00
2016.10.27 09:45:55.185,0.79777,0.79783,1.00,1.00
2016.10.27 09:45:55.690,0.79776,0.79783,1.00,1.00
2016.10.27 09:45:56.278,0.79777,0.79783,1.00,1.00
2016.10.27 09:45:56.708,0.79777,0.79781,1.00,1.00
2016.10.27 09:45:56.759,0.79777,0.79783,1.00,1.00
2016.10.27 09:45:56.810,0.79777,0.79781,1.00,1.00
2016.10.27 09:45:57.104,0.79775,0.79781,1.87,1.00
2016.10.27 09:45:57.774,0.79775,0.79782,1.50,1.00
2016.10.27 09:45:58.598,0.79774,0.7978,1.00,1.00
2016.10.27 09:45:59.106,0.79773,0.79779,1.00,1.00
2016.10.27 09:45:59.564,0.79773,0.79781,1.00,2.25
2016.10.27 09:46:00.399,0.79776,0.79781,1.00,1.00
2016.10.27 09:46:01.071,0.79776,0.7978,1.00,1.00
2016.10.27 09:46:02.509,0.79774,0.7978,1.12,1.00
2016.10.27 09:46:02.763,0.79774,0.79782,1.12,1.00
2016.10.27 09:46:03.570,0.79774,0.79783,1.00,1.00
2016.10.27 09:46:03.904,0.79776,0.79783,1.00,1.50
2016.10.27 09:46:04.414,0.79776,0.79784,1.50,1.00
2016.10.27 09:46:05.087,0.79777,0.79784,1.00,1.00
2016.10.27 09:46:05.526,0.79774,0.79784,2.81,1.50
2016.10.27 09:46:05.780,0.79775,0.79785,1.87,1.50
2016.10.27 09:46:06.323,0.79777,0.79785,1.12,1.00
2016.10.27 09:46:06.375,0.79777,0.79787,1.87,1.50
2016.10.27 09:46:06.527,0.79778,0.79784,1.00,1.00
2016.10.27 09:46:07.034,0.79777,0.79784,1.12,1.00
2016.10.27 09:46:07.630,0.79777,0.79785,1.12,1.00
2016.10.27 09:46:08.154,0.79777,0.79784,1.12,1.00
2016.10.27 09:46:08.458,0.79777,0.79781,1.00,1.00
2016.10.27 09:46:08.762,0.79774,0.7978,1.12,1.00
2016.10.27 09:46:08.813,0.79771,0.79778,2.62,1.00
2016.10.27 09:46:08.914,0.79771,0.79775,1.50,1.00
2016.10.27 09:46:09.739,0.7977,0.79775,1.00,1.00
2016.10.27 09:46:10.290,0.7977,0.79774,1.00,1.00
2016.10.27 09:46:11.066,0.79769,0.79774,1.00,1.00
2016.10.27 09:46:11.636,0.79769,0.79775,1.50,1.00
2016.10.27 09:46:13.154,0.79769,0.79776,1.50,1.00
2016.10.27 09:46:14.608,0.79774,0.79778,1.00,1.00
2016.10.27 09:46:14.703,0.79774,0.7978,1.00,1.00
2016.10.27 09:46:15.291,0.79774,0.79781,1.00,1.00
2016.10.27 09:46:16.935,0.79775,0.79781,1.00,1.00
2016.10.27 09:46:17.635,0.79774,0.79781,1.00,1.00
2016.10.27 09:46:18.139,0.79774,0.7978,1.50,1.00
2016.10.27 09:46:20.147,0.79772,0.7978,1.50,1.12
2016.10.27 09:46:20.198,0.79772,0.79778,1.00,1.00
2016.10.27 09:46:20.250,0.7977,0.79777,1.12,1.00
2016.10.27 09:46:20.555,0.79767,0.79773,1.87,1.00
2016.10.27 09:46:20.658,0.79763,0.7977,1.37,1.50
2016.10.27 09:46:20.760,0.79762,0.7977,2.06,1.50
2016.10.27 09:46:21.612,0.79765,0.79773,1.00,1.87
2016.10.27 09:46:21.815,0.79763,0.79772,1.00,1.00
2016.10.27 09:46:23.118,0.79763,0.7977,1.50,1.00
2016.10.27 09:46:23.424,0.79763,0.79772,1.00,1.12
2016.10.27 09:46:23.933,0.79762,0.79771,1.00,1.50
2016.10.27 09:46:24.396,0.79761,0.79769,1.00,1.00
2016.10.27 09:46:24.982,0.7976,0.79769,1.50,1.00
2016.10.27 09:46:25.567,0.7976,0.79768,1.00,1.00
2016.10.27 09:46:26.075,0.79759,0.79767,1.12,1.00
2016.10.27 09:46:26.991,0.79759,0.79768,2.62,1.00
2016.10.27 09:46:27.594,0.79761,0.79769,1.00,1.00
2016.10.27 09:46:27.645,0.79759,0.79768,1.12,1.00
2016.10.27 09:46:27.949,0.79761,0.79768,1.00,1.00
2016.10.27 09:46:28.000,0.79761,0.7977,1.12,1.50
2016.10.27 09:46:28.414,0.79763,0.79771,1.00,1.87
2016.10.27 09:46:28.617,0.79766,0.79774,1.00,1.00
2016.10.27 09:46:29.304,0.79765,0.79773,1.50,1.00
2016.10.27 09:46:29.810,0.79765,0.79772,1.12,1.00
2016.10.27 09:46:31.307,0.79764,0.79771,1.50,1.00
2016.10.27 09:46:31.611,0.79765,0.79773,1.87,1.00
2016.10.27 09:46:31.663,0.79765,0.79773,3.37,1.00
2016.10.27 09:46:31.714,0.79766,0.79775,1.37,1.00
2016.10.27 09:46:32.551,0.79766,0.79775,1.50,1.00
2016.10.27 09:46:33.011,0.79766,0.79773,1.12,1.00
2016.10.27 09:46:33.367,0.79769,0.79773,1.00,1.00
2016.10.27 09:46:33.469,0.79769,0.79775,1.00,1.50
2016.10.27 09:46:33.672,0.79766,0.79776,3.00,1.00
2016.10.27 09:46:34.579,0.79769,0.79776,1.00,1.00
2016.10.27 09:46:35.388,0.7977,0.79776,1.00,1.00
2016.10.27 09:46:36.450,0.79769,0.79776,1.00,1.00
2016.10.27 09:46:38.446,0.79768,0.79777,1.87,1.00
2016.10.27 09:46:40.468,0.79769,0.79775,1.00,1.00
2016.10.27 09:46:40.671,0.79766,0.79775,1.87,1.00
2016.10.27 09:46:41.077,0.79771,0.79777,1.00,1.50
2016.10.27 09:46:41.128,0.79771,0.7978,1.00,1.50
2016.10.27 09:46:41.281,0.79774,0.79781,1.00,1.00
2016.10.27 09:46:43.764,0.79775,0.79781,1.00,1.00
2016.10.27 09:46:45.181,0.79774,0.79781,1.00,1.00
2016.10.27 09:46:47.483,0.79775,0.79782,1.50,1.00
2016.10.27 09:46:48.378,0.79775,0.79782,1.12,1.00
2016.10.27 09:46:48.819,0.79775,0.7978,1.00,1.00
2016.10.27 09:46:49.368,0.79776,0.7978,1.00,1.00
2016.10.27 09:46:51.185,0.79775,0.7978,1.00,1.00
2016.10.27 09:46:51.656,0.79773,0.7978,1.00,1.00
2016.10.27 09:46:52.162,0.79772,0.7978,1.87,1.00
2016.10.27 09:46:52.314,0.79774,0.7978,1.00,1.00
2016.10.27 09:46:52.928,0.79773,0.7978,1.12,1.00
2016.10.27 09:46:53.245,0.79777,0.79784,1.00,1.50
2016.10.27 09:46:53.600,0.79775,0.79781,1.00,1.00
2016.10.27 09:46:54.802,0.79774,0.79781,1.12,1.00
2016.10.27 09:46:56.169,0.79775,0.79783,1.00,1.87
2016.10.27 09:46:56.321,0.79773,0.79782,1.12,1.87
2016.10.27 09:46:56.828,0.79773,0.79781,1.12,1.00
2016.10.27 09:46:57.484,0.79772,0.7978,1.87,1.00
2016.10.27 09:46:58.125,0.79774,0.7978,1.00,1.50
2016.10.27 09:46:58.943,0.79773,0.7978,1.00,1.00
2016.10.27 09:47:00.831,0.79772,0.7978,1.12,1.50
2016.10.27 09:47:03.131,0.79773,0.7978,1.00,1.00
2016.10.27 09:47:03.911,0.79772,0.7978,1.12,1.50
2016.10.27 09:47:04.432,0.79773,0.7978,1.00,1.00
2016.10.27 09:47:06.935,0.79771,0.7978,1.87,1.50
2016.10.27 09:47:07.445,0.79771,0.79779,1.37,1.50
2016.10.27 09:47:07.977,0.7977,0.79778,1.50,1.50
2016.10.27 09:47:09.023,0.7977,0.79777,1.50,1.00
2016.10.27 09:47:10.156,0.79772,0.79777,1.50,1.00
2016.10.27 09:47:10.679,0.79772,0.79778,1.50,1.00
2016.10.27 09:47:12.810,0.79772,0.79779,1.00,1.00
2016.10.27 09:47:12.861,0.79774,0.7978,1.00,1.50
2016.10.27 09:47:13.165,0.79776,0.7978,1.00,1.00
2016.10.27 09:47:14.055,0.79774,0.7978,1.00,1.00
2016.10.27 09:47:14.546,0.79772,0.7978,1.00,1.00
2016.10.27 09:47:15.826,0.79773,0.7978,1.00,1.00
2016.10.27 09:47:17.128,0.79772,0.7978,1.00,1.00
2016.10.27 09:47:18.203,0.79772,0.79781,1.69,1.00
2016.10.27 09:47:18.406,0.79773,0.79779,1.00,1.00
2016.10.27 09:47:18.914,0.79772,0.7978,1.00,1.00
2016.10.27 09:47:20.167,0.79771,0.7978,1.31,2.25
2016.10.27 09:47:20.573,0.7977,0.79778,1.37,1.00
2016.10.27 09:47:21.096,0.79769,0.79779,2.62,1.00
2016.10.27 09:47:21.198,0.79769,0.79779,1.87,1.00
2016.10.27 09:47:21.740,0.79769,0.79778,1.87,1.00
2016.10.27 09:47:22.327,0.79769,0.79779,1.87,2.25
2016.10.27 09:47:22.429,0.79769,0.79777,1.12,1.00
2016.10.27 09:47:22.857,0.79769,0.79775,1.00,1.00
2016.10.27 09:47:22.919,0.79766,0.79774,1.00,1.00
2016.10.27 09:47:23.445,0.79767,0.79774,1.00,1.00
2016.10.27 09:47:27.237,0.79767,0.79775,1.00,1.00
2016.10.27 09:47:27.978,0.79768,0.79775,1.00,1.00
2016.10.27 09:47:28.497,0.79771,0.79775,1.00,1.00
2016.10.27 09:47:28.548,0.79767,0.79774,1.12,1.00
2016.10.27 09:47:28.753,0.79769,0.79774,1.00,1.00
2016.10.27 09:47:29.081,0.79767,0.79774,1.00,1.00
2016.10.27 09:47:29.631,0.79768,0.79774,1.00,1.00
2016.10.27 09:47:30.399,0.79767,0.79775,1.00,1.87
2016.10.27 09:47:31.009,0.79767,0.79774,1.00,1.00
2016.10.27 09:47:31.466,0.79768,0.79776,1.69,1.50
2016.10.27 09:47:31.834,0.79772,0.79776,1.00,1.50
2016.10.27 09:47:31.885,0.79772,0.79778,1.00,1.00
2016.10.27 09:47:36.705,0.79771,0.79778,1.25,1.00
2016.10.27 09:47:39.927,0.7977,0.79778,1.00,1.00
2016.10.27 09:47:40.432,0.79771,0.79778,1.25,1.00
2016.10.27 09:47:41.807,0.79772,0.79778,1.00,1.00
2016.10.27 09:47:44.845,0.79771,0.79778,1.25,1.00
2016.10.27 09:47:45.356,0.7977,0.79778,1.00,1.00
2016.10.27 09:47:49.899,0.79769,0.79778,1.12,1.00
2016.10.27 09:47:50.982,0.79771,0.79778,1.00,1.50
2016.10.27 09:47:51.337,0.79772,0.7978,1.00,1.00
2016.10.27 09:47:51.590,0.79771,0.79778,1.12,1.00
2016.10.27 09:47:51.896,0.79773,0.79778,1.00,1.00
2016.10.27 09:47:52.436,0.79773,0.79779,1.00,1.00
2016.10.27 09:47:52.596,0.79771,0.79779,1.50,1.00
2016.10.27 09:47:53.102,0.7977,0.79779,1.00,1.00
2016.10.27 09:47:56.833,0.79769,0.79779,2.25,1.00
2016.10.27 09:47:57.072,0.79771,0.79779,1.00,1.00
2016.10.27 09:47:57.552,0.79769,0.79777,1.87,1.00
2016.10.27 09:47:58.059,0.7977,0.79777,1.00,1.00
2016.10.27 09:47:58.730,0.7977,0.79777,1.37,1.00
2016.10.27 09:47:59.682,0.79772,0.79778,1.00,1.00
2016.10.27 09:48:00.366,0.79772,0.79779,1.00,1.00
2016.10.27 09:48:00.821,0.7977,0.7978,1.50,1.50
2016.10.27 09:48:01.075,0.7977,0.79779,1.00,1.50
2016.10.27 09:48:02.303,0.7977,0.79779,1.00,1.12
2016.10.27 09:48:02.853,0.79769,0.79779,1.50,1.87
2016.10.27 09:48:03.156,0.79771,0.79778,1.00,1.00
2016.10.27 09:48:03.887,0.79771,0.79777,1.00,1.00
2016.10.27 09:48:04.141,0.79772,0.79779,1.00,1.00
2016.10.27 09:48:04.446,0.79772,0.79777,1.00,1.00
2016.10.27 09:48:04.497,0.79772,0.79779,1.00,1.00
2016.10.27 09:48:05.738,0.79772,0.79778,1.00,1.00
2016.10.27 09:48:07.368,0.79771,0.79778,1.12,1.00
2016.10.27 09:48:07.470,0.79772,0.7978,1.25,1.00
2016.10.27 09:48:07.977,0.79772,0.79781,2.06,1.00
2016.10.27 09:48:08.560,0.79773,0.79781,1.00,1.00
2016.10.27 09:48:09.067,0.79772,0.7978,1.31,1.12
2016.10.27 09:48:10.128,0.79771,0.79779,1.19,1.00
2016.10.27 09:48:11.332,0.79771,0.79779,1.00,1.12
2016.10.27 09:48:12.093,0.79771,0.79778,1.00,1.00
2016.10.27 09:48:12.295,0.79769,0.79778,1.50,1.00
2016.10.27 09:48:12.679,0.79769,0.79778,2.06,1.00
2016.10.27 09:48:12.781,0.79772,0.79781,1.37,1.50
2016.10.27 09:48:13.130,0.79777,0.79781,1.00,1.50
2016.10.27 09:48:13.186,0.79777,0.79784,1.00,1.00
2016.10.27 09:48:14.382,0.79776,0.79784,1.12,1.00
2016.10.27 09:48:14.938,0.79776,0.79785,1.12,1.12
2016.10.27 09:48:17.579,0.79777,0.79785,1.00,1.12
2016.10.27 09:48:18.055,0.79776,0.79783,1.87,1.00
2016.10.27 09:48:18.565,0.79774,0.79781,1.37,1.00
2016.10.27 09:48:18.616,0.79773,0.79781,1.00,1.00
2016.10.27 09:48:19.401,0.79772,0.7978,1.00,1.50
2016.10.27 09:48:25.503,0.79772,0.79778,1.00,1.00
2016.10.27 09:48:30.373,0.79772,0.7978,1.00,1.12
2016.10.27 09:48:32.329,0.79771,0.7978,1.00,1.12
2016.10.27 09:48:34.518,0.79771,0.79779,1.50,1.00
2016.10.27 09:48:35.152,0.79771,0.79777,1.00,1.00
2016.10.27 09:48:35.203,0.79769,0.79777,1.50,1.00
2016.10.27 09:48:35.356,0.79769,0.79779,1.87,1.50
2016.10.27 09:48:35.407,0.79771,0.79779,1.00,1.00
2016.10.27 09:48:35.711,0.79772,0.79781,1.69,1.12
2016.10.27 09:48:35.812,0.79773,0.79783,1.00,2.25
2016.10.27 09:48:36.301,0.79775,0.79783,1.00,1.00
2016.10.27 09:48:36.737,0.79773,0.79782,1.50,1.00
2016.10.27 09:48:36.800,0.79775,0.79782,1.00,1.00
2016.10.27 09:48:38.550,0.79775,0.79781,1.00,1.00
2016.10.27 09:48:41.508,0.79775,0.79782,1.00,1.12
2016.10.27 09:48:41.870,0.79776,0.79784,1.00,1.00
2016.10.27 09:48:42.530,0.79777,0.79784,1.00,1.00
2016.10.27 09:48:43.833,0.79776,0.79784,1.50,1.87
2016.10.27 09:48:44.341,0.79777,0.79784,1.00,1.12
2016.10.27 09:48:45.418,0.79777,0.79785,1.00,1.87
2016.10.27 09:48:46.335,0.79777,0.79784,1.00,1.00
2016.10.27 09:48:46.877,0.79776,0.79785,1.00,2.25
2016.10.27 09:48:48.369,0.79775,0.79785,2.62,2.25
2016.10.27 09:48:48.772,0.79777,0.79784,1.50,1.00
2016.10.27 09:48:50.363,0.79777,0.79785,2.25,1.00
2016.10.27 09:48:50.869,0.79777,0.79784,1.50,1.00
2016.10.27 09:48:51.370,0.79776,0.79783,1.87,1.00
2016.10.27 09:48:52.239,0.79776,0.79784,1.00,1.50
2016.10.27 09:48:52.775,0.79775,0.79784,1.00,1.50
2016.10.27 09:48:54.513,0.79775,0.79783,1.00,1.00
2016.10.27 09:48:54.923,0.79774,0.79781,1.50,1.00
2016.10.27 09:48:55.471,0.79774,0.79783,1.50,1.50
2016.10.27 09:48:57.587,0.79773,0.79783,1.50,3.00
2016.10.27 09:48:57.752,0.79773,0.79782,1.50,1.50
2016.10.27 09:48:58.055,0.79775,0.79782,1.00,2.25
2016.10.27 09:48:58.647,0.79775,0.7978,1.00,1.00
2016.10.27 09:48:58.799,0.79772,0.7978,1.50,1.00
2016.10.27 09:49:02.639,0.79771,0.7978,1.31,2.25
2016.10.27 09:49:04.017,0.79771,0.79779,1.87,1.00
2016.10.27 09:49:04.274,0.79771,0.79777,1.12,1.00
2016.10.27 09:49:04.578,0.79768,0.79774,1.12,1.00
2016.10.27 09:49:05.372,0.79767,0.79774,1.12,1.00
2016.10.27 09:49:09.730,0.79766,0.79773,1.37,1.00
2016.10.27 09:49:10.285,0.79766,0.79773,1.50,1.00
2016.10.27 09:49:11.023,0.79766,0.79771,1.00,1.00
2016.10.27 09:49:11.075,0.79764,0.79771,1.00,1.00
2016.10.27 09:49:11.597,0.79763,0.7977,1.50,1.00
2016.10.27 09:49:12.548,0.79763,0.79772,1.50,1.50
2016.10.27 09:49:12.599,0.79766,0.79773,1.00,1.00
2016.10.27 09:49:13.106,0.79766,0.79774,1.00,1.00
2016.10.27 09:49:13.718,0.79765,0.79774,1.50,1.00
2016.10.27 09:49:14.023,0.79764,0.79772,1.00,1.00
2016.10.27 09:49:14.533,0.79763,0.79771,1.12,1.00
2016.10.27 09:49:14.933,0.79765,0.79771,1.00,1.00
2016.10.27 09:49:15.656,0.79765,0.79772,1.00,1.00
2016.10.27 09:49:18.837,0.79765,0.79771,1.00,1.00
2016.10.27 09:49:19.507,0.79765,0.79772,1.00,1.00
2016.10.27 09:49:20.196,0.79767,0.79773,1.00,1.00
2016.10.27 09:49:22.714,0.79766,0.79773,1.87,1.00
2016.10.27 09:49:23.126,0.79767,0.79775,1.00,1.00
2016.10.27 09:49:23.732,0.79766,0.79774,1.00,1.00
2016.10.27 09:49:24.606,0.79765,0.79774,3.00,1.00
2016.10.27 09:49:24.973,0.79765,0.79772,1.12,1.00
2016.10.27 09:49:25.279,0.79766,0.79775,1.00,1.00
2016.10.27 09:49:25.380,0.79765,0.79773,1.87,1.00
2016.10.27 09:49:27.606,0.79764,0.79771,2.25,1.00
2016.10.27 09:49:28.170,0.79764,0.79771,1.00,1.00
2016.10.27 09:49:28.931,0.79765,0.79771,1.00,1.00
2016.10.27 09:49:29.033,0.79765,0.79773,1.00,1.50
2016.10.27 09:49:29.629,0.79765,0.79772,1.50,1.00
2016.10.27 09:49:30.130,0.79765,0.79773,1.00,1.00
2016.10.27 09:49:31.466,0.79764,0.79771,1.12,1.00
2016.10.27 09:49:31.976,0.79764,0.79769,1.00,1.00
2016.10.27 09:49:32.482,0.79763,0.79769,1.00,1.00
2016.10.27 09:49:33.430,0.79762,0.79769,1.00,1.00
2016.10.27 09:49:34.033,0.79763,0.79769,1.00,1.00
2016.10.27 09:49:34.566,0.79762,0.79769,1.00,1.00
2016.10.27 09:49:34.719,0.7976,0.79768,2.25,1.00
2016.10.27 09:49:34.871,0.7976,0.7977,2.62,1.00
2016.10.27 09:49:35.024,0.79761,0.79771,3.00,1.00
2016.10.27 09:49:35.488,0.7976,0.79769,2.62,1.00
2016.10.27 09:49:36.025,0.7976,0.79769,2.62,1.00
2016.10.27 09:49:37.596,0.7976,0.79768,1.50,1.00
2016.10.27 09:49:38.105,0.79759,0.79768,2.62,1.00
2016.10.27 09:49:38.768,0.79761,0.79768,1.00,1.00
2016.10.27 09:49:39.749,0.7976,0.79768,1.12,1.00
2016.10.27 09:49:42.112,0.79761,0.79768,1.00,1.00
2016.10.27 09:49:42.164,0.79762,0.79771,1.87,1.00
2016.10.27 09:49:42.851,0.79763,0.79771,1.00,1.00
2016.10.27 09:49:44.171,0.79764,0.79771,1.00,1.00
2016.10.27 09:49:52.280,0.79764,0.79772,1.50,1.50
2016.10.27 09:49:55.253,0.79764,0.79771,1.00,1.00
2016.10.27 09:50:01.071,0.79763,0.79771,1.12,1.00
2016.10.27 09:50:02.032,0.79762,0.7977,1.37,1.00
2016.10.27 09:50:02.134,0.79764,0.79772,1.12,1.50
2016.10.27 09:50:02.338,0.79764,0.79774,1.50,1.00
2016.10.27 09:50:02.491,0.79766,0.79774,1.00,1.00
2016.10.27 09:50:03.196,0.79767,0.79775,1.00,1.00
2016.10.27 09:50:03.501,0.79759,0.79763,1.00,1.00
2016.10.27 09:50:03.603,0.79755,0.79764,1.00,1.00
2016.10.27 09:50:04.266,0.79754,0.79764,1.25,1.00
2016.10.27 09:50:04.626,0.79756,0.79764,1.00,1.00
2016.10.27 09:50:07.388,0.79757,0.79764,1.00,1.00
2016.10.27 09:50:11.127,0.79758,0.79765,1.00,1.50
2016.10.27 09:50:11.642,0.79757,0.79765,1.00,1.00
2016.10.27 09:50:13.079,0.79758,0.79767,1.50,1.50
2016.10.27 09:50:13.825,0.7976,0.79767,1.00,1.00
2016.10.27 09:50:13.929,0.79761,0.79769,1.00,2.44
2016.10.27 09:50:18.219,0.79759,0.79768,1.50,1.00
2016.10.27 09:50:18.603,0.79761,0.79769,1.00,2.81
2016.10.27 09:50:19.104,0.7976,0.79769,1.00,2.06
2016.10.27 09:50:21.862,0.79759,0.79768,1.12,1.00
2016.10.27 09:50:23.228,0.7976,0.79768,1.00,1.00
2016.10.27 09:50:30.096,0.79762,0.79768,1.00,1.00
2016.10.27 09:50:30.147,0.79764,0.79773,1.00,2.06
2016.10.27 09:50:32.053,0.79762,0.7977,1.50,1.00
2016.10.27 09:50:32.560,0.79761,0.79769,1.00,1.25
2016.10.27 09:50:33.294,0.7976,0.79768,1.87,1.00
2016.10.27 09:50:33.999,0.79761,0.79769,1.19,1.00
2016.10.27 09:50:34.304,0.79768,0.79777,1.00,3.19
2016.10.27 09:50:35.181,0.79769,0.79777,1.00,1.00
2016.10.27 09:50:36.808,0.79769,0.79778,1.00,1.69
2016.10.27 09:50:37.331,0.79768,0.79778,1.87,1.69
2016.10.27 09:50:39.378,0.79769,0.79778,1.00,1.69
2016.10.27 09:50:40.264,0.79768,0.79778,2.62,1.25
2016.10.27 09:50:41.475,0.79769,0.79779,1.00,2.25
2016.10.27 09:50:41.627,0.79772,0.7978,1.00,2.62
2016.10.27 09:50:42.134,0.79771,0.79779,1.50,1.00
2016.10.27 09:50:42.887,0.79771,0.7978,1.00,1.87
2016.10.27 09:50:43.394,0.79772,0.7978,1.00,1.00
2016.10.27 09:50:43.962,0.79772,0.79781,1.00,1.31
2016.10.27 09:50:44.476,0.79771,0.7978,1.00,1.00
2016.10.27 09:50:45.985,0.7977,0.7978,2.25,1.50
2016.10.27 09:50:46.442,0.79769,0.79777,2.06,1.00
2016.10.27 09:50:46.859,0.79764,0.79772,5.25,2.25
2016.10.27 09:50:46.919,0.79762,0.79769,1.00,1.00
2016.10.27 09:50:47.483,0.79761,0.79769,2.06,1.00
2016.10.27 09:50:48.027,0.79761,0.7977,1.69,1.50
2016.10.27 09:50:49.667,0.79762,0.7977,1.00,1.00
2016.10.27 09:50:50.399,0.79761,0.79771,3.19,1.50
2016.10.27 09:50:50.627,0.79761,0.79769,2.81,1.00
2016.10.27 09:50:51.185,0.7976,0.79766,1.00,1.00
2016.10.27 09:50:52.110,0.79761,0.79768,1.00,1.00
2016.10.27 09:50:52.645,0.7976,0.79769,1.00,1.00
2016.10.27 09:50:52.999,0.79762,0.79769,1.00,1.00
2016.10.27 09:50:53.666,0.79762,0.79768,1.00,1.00
2016.10.27 09:50:53.718,0.79759,0.79768,1.87,1.00
2016.10.27 09:50:53.769,0.79759,0.79766,2.44,1.00
2016.10.27 09:50:55.733,0.7976,0.79766,1.00,1.00
2016.10.27 09:50:57.871,0.7976,0.79768,1.00,1.50
2016.10.27 09:50:58.407,0.79761,0.79768,1.00,1.00
2016.10.27 09:50:58.915,0.7976,0.79768,1.00,1.00
2016.10.27 09:51:00.200,0.7976,0.79769,1.00,1.12
2016.10.27 09:51:00.708,0.79761,0.79769,1.00,1.87
2016.10.27 09:51:02.823,0.79761,0.79768,1.00,1.00
2016.10.27 09:51:02.924,0.79759,0.79768,2.25,1.00
2016.10.27 09:51:02.975,0.79759,0.79766,3.00,1.00
2016.10.27 09:51:03.831,0.79759,0.79767,1.87,1.00
2016.10.27 09:51:04.357,0.7976,0.79767,1.00,1.00
2016.10.27 09:51:04.958,0.79759,0.79767,1.12,1.00
2016.10.27 09:51:05.459,0.79758,0.79766,1.69,1.00
2016.10.27 09:51:06.601,0.79759,0.79767,1.87,1.00
2016.10.27 09:51:08.653,0.79759,0.79767,2.06,1.00
2016.10.27 09:51:09.578,0.79759,0.79766,2.81,1.00
2016.10.27 09:51:10.294,0.79759,0.79768,2.06,1.00
2016.10.27 09:51:11.463,0.79761,0.79768,1.00,1.00
2016.10.27 09:51:12.052,0.7976,0.79768,3.19,1.00
2016.10.27 09:51:12.104,0.79759,0.79766,2.81,1.00
2016.10.27 09:51:13.038,0.79759,0.79766,2.25,1.00
2016.10.27 09:51:13.567,0.79759,0.79766,1.50,1.00
2016.10.27 09:51:16.063,0.7976,0.79767,1.12,1.00
2016.10.27 09:51:18.392,0.79759,0.79767,1.87,1.00
2016.10.27 09:51:18.926,0.7976,0.79767,1.00,1.00
2016.10.27 09:51:19.459,0.79759,0.79767,2.62,1.00
2016.10.27 09:51:20.025,0.7976,0.79767,1.00,1.00
2016.10.27 09:51:20.678,0.79761,0.79767,1.00,1.00
2016.10.27 09:51:21.187,0.7976,0.79767,1.00,1.00
2016.10.27 09:51:22.500,0.7976,0.79768,1.87,1.00
2016.10.27 09:51:23.020,0.79761,0.79767,1.00,1.00
2016.10.27 09:51:23.529,0.79762,0.79767,1.00,1.00
2016.10.27 09:51:24.006,0.79759,0.79767,3.19,1.00
2016.10.27 09:51:24.514,0.79759,0.79766,1.69,1.00
2016.10.27 09:51:25.144,0.79759,0.79767,2.06,1.00
2016.10.27 09:51:26.468,0.79759,0.79766,1.00,1.00
2016.10.27 09:51:26.975,0.79759,0.79767,1.00,1.00
2016.10.27 09:51:27.779,0.7976,0.79766,1.00,1.00
2016.10.27 09:51:28.320,0.79759,0.79766,1.50,1.00
2016.10.27 09:51:28.828,0.79758,0.79766,3.00,1.00
2016.10.27 09:51:29.585,0.79759,0.79767,1.00,1.00
2016.10.27 09:51:30.184,0.79759,0.79766,1.00,1.00
2016.10.27 09:51:36.424,0.79758,0.79766,1.87,1.00
2016.10.27 09:51:38.738,0.7976,0.79766,1.00,1.00
2016.10.27 09:51:41.557,0.79759,0.79766,1.00,1.00
2016.10.27 09:51:42.216,0.79759,0.79765,1.00,1.00
2016.10.27 09:51:44.820,0.79758,0.79766,1.00,1.00
2016.10.27 09:51:45.327,0.79757,0.79765,1.87,1.00
2016.10.27 09:51:46.163,0.79758,0.79765,1.00,1.00
2016.10.27 09:51:46.675,0.79757,0.79765,1.50,1.00
2016.10.27 09:51:48.008,0.79758,0.79765,1.00,1.00
2016.10.27 09:51:48.678,0.79757,0.79765,1.50,1.00
2016.10.27 09:51:50.725,0.79759,0.79765,1.00,1.00
2016.10.27 09:51:50.826,0.79757,0.79765,1.00,1.00
2016.10.27 09:51:50.877,0.79757,0.79763,1.00,1.00
2016.10.27 09:51:51.382,0.79756,0.79763,1.25,1.00
2016.10.27 09:51:51.707,0.79757,0.79765,1.50,1.50
2016.10.27 09:51:51.758,0.79757,0.79765,1.50,1.50
2016.10.27 09:51:52.466,0.79757,0.79764,1.12,1.00
2016.10.27 09:51:53.587,0.79759,0.79764,1.00,1.00
2016.10.27 09:51:54.570,0.79758,0.79764,1.00,1.00
2016.10.27 09:51:56.820,0.79758,0.79765,1.00,1.00
2016.10.27 09:51:57.617,0.79759,0.79765,1.00,1.00
2016.10.27 09:51:58.167,0.79759,0.79766,1.00,1.00
2016.10.27 09:51:59.568,0.79759,0.79765,1.00,1.00
2016.10.27 09:52:01.527,0.79762,0.79769,1.00,2.62
2016.10.27 09:52:02.029,0.79762,0.79769,1.00,1.87
2016.10.27 09:52:02.575,0.79762,0.79768,1.00,1.00
2016.10.27 09:52:03.389,0.79762,0.79769,1.00,1.12
2016.10.27 09:52:04.503,0.79761,0.79769,1.00,1.87
2016.10.27 09:52:05.241,0.79761,0.7977,1.00,1.87
2016.10.27 09:52:05.567,0.7976,0.79768,1.50,1.00
2016.10.27 09:52:06.097,0.79759,0.79767,1.00,1.00
2016.10.27 09:52:07.623,0.7976,0.79769,1.50,1.00
2016.10.27 09:52:08.174,0.7976,0.79768,1.50,1.00
2016.10.27 09:52:10.155,0.7976,0.79769,1.00,1.00
2016.10.27 09:52:10.824,0.7976,0.79769,1.37,1.00
2016.10.27 09:52:11.327,0.7976,0.79769,1.00,1.00
2016.10.27 09:52:13.227,0.79762,0.79769,1.00,1.00
2016.10.27 09:52:13.328,0.79763,0.79771,1.00,1.50
2016.10.27 09:52:14.347,0.79763,0.79769,1.00,1.00
2016.10.27 09:52:14.850,0.79763,0.79771,1.00,2.25
2016.10.27 09:52:15.378,0.79763,0.7977,1.00,1.00
2016.10.27 09:52:15.429,0.79761,0.79769,1.50,1.00
2016.10.27 09:52:15.834,0.79762,0.79771,1.00,1.87
2016.10.27 09:52:15.986,0.79764,0.79771,1.00,1.00
2016.10.27 09:52:16.489,0.79764,0.79772,1.00,1.00
2016.10.27 09:52:17.480,0.79765,0.79772,1.00,1.00
2016.10.27 09:52:18.767,0.79765,0.79773,1.00,1.50
2016.10.27 09:52:19.926,0.79765,0.79772,1.00,1.50
2016.10.27 09:52:21.458,0.79765,0.79773,1.00,1.00
2016.10.27 09:52:21.763,0.79762,0.7977,1.50,1.00
2016.10.27 09:52:21.865,0.7976,0.79769,1.50,1.00
2016.10.27 09:52:21.967,0.7976,0.79767,1.00,1.00
2016.10.27 09:52:22.333,0.79764,0.7977,1.00,1.37
2016.10.27 09:52:22.424,0.79765,0.79774,1.00,1.00
2016.10.27 09:52:22.882,0.79773,0.79777,1.00,2.62
2016.10.27 09:52:22.984,0.79771,0.7978,1.50,1.87
2016.10.27 09:52:23.339,0.79774,0.7978,1.00,1.12
2016.10.27 09:52:23.391,0.79776,0.79786,1.50,1.50
2016.10.27 09:52:25.437,0.79778,0.79786,1.00,1.50
2016.10.27 09:52:25.590,0.79778,0.79788,1.00,1.00
2016.10.27 09:52:25.641,0.7978,0.79788,1.00,1.00
2016.10.27 09:52:28.686,0.7978,0.79787,1.00,1.00
2016.10.27 09:52:28.838,0.79779,0.79789,1.00,2.06
2016.10.27 09:52:30.066,0.79779,0.79788,1.37,1.50
2016.10.27 09:52:30.136,0.79778,0.79788,1.35,1.50
2016.10.27 09:52:30.188,0.79778,0.79786,1.00,1.00
2016.10.27 09:52:30.521,0.79776,0.79786,1.87,1.50
2016.10.27 09:52:31.028,0.79777,0.79786,1.00,1.00
2016.10.27 09:52:32.484,0.79778,0.79786,1.50,1.00
2016.10.27 09:52:32.872,0.79776,0.79786,1.87,1.00
2016.10.27 09:52:32.923,0.79778,0.79786,1.00,1.00
2016.10.27 09:52:34.122,0.79778,0.79787,1.50,1.12
2016.10.27 09:52:34.669,0.79779,0.79788,1.00,1.00
2016.10.27 09:52:35.459,0.79779,0.79789,2.06,1.87
2016.10.27 09:52:35.991,0.79779,0.79788,1.12,1.00
2016.10.27 09:52:36.602,0.79778,0.79788,1.35,1.00
2016.10.27 09:52:37.162,0.79779,0.79786,1.00,1.00
2016.10.27 09:52:37.705,0.79777,0.79787,2.10,1.69
2016.10.27 09:52:38.229,0.79778,0.79787,1.00,1.25
2016.10.27 09:52:39.509,0.79779,0.79788,1.00,1.31
2016.10.27 09:52:39.611,0.79782,0.79788,1.00,1.19
2016.10.27 09:52:39.713,0.79782,0.79789,1.00,1.00
2016.10.27 09:52:39.815,0.79784,0.79789,1.00,1.00
2016.10.27 09:52:39.917,0.79784,0.79791,1.00,1.25
2016.10.27 09:52:40.990,0.79783,0.79791,1.00,1.69
2016.10.27 09:52:43.007,0.79782,0.79791,1.00,1.19
2016.10.27 09:52:43.312,0.7978,0.79788,1.00,1.25
2016.10.27 09:52:43.516,0.79779,0.79787,1.00,1.19
2016.10.27 09:52:44.323,0.79779,0.79787,1.00,1.25
2016.10.27 09:52:44.628,0.79781,0.79788,1.00,1.19
2016.10.27 09:52:44.730,0.79781,0.79791,1.50,3.19
2016.10.27 09:52:44.781,0.79781,0.79788,1.00,1.19
2016.10.27 09:52:45.277,0.79778,0.79787,1.00,1.31
2016.10.27 09:52:45.430,0.7978,0.79789,1.00,1.69
2016.10.27 09:52:45.837,0.79778,0.79788,1.87,1.31
2016.10.27 09:52:46.378,0.79779,0.79787,1.00,1.19
2016.10.27 09:52:46.921,0.79779,0.79787,1.00,1.19
2016.10.27 09:52:47.275,0.79777,0.79787,2.85,1.19
2016.10.27 09:52:48.226,0.79778,0.79787,1.00,1.19
2016.10.27 09:52:49.826,0.79779,0.79789,1.37,3.56
2016.10.27 09:52:50.617,0.7978,0.79787,1.50,1.00
2016.10.27 09:52:50.670,0.79783,0.79789,1.12,1.00
2016.10.27 09:52:50.721,0.79784,0.79792,1.00,1.69
2016.10.27 09:52:51.228,0.79785,0.79794,1.12,1.19
2016.10.27 09:52:51.576,0.79787,0.79795,1.00,2.44
2016.10.27 09:52:53.533,0.79788,0.79798,1.00,2.44
2016.10.27 09:52:57.244,0.79789,0.79796,1.00,1.19
2016.10.27 09:52:57.838,0.79788,0.79796,1.00,1.19
2016.10.27 09:52:59.088,0.79789,0.79797,1.00,2.44
2016.10.27 09:53:00.356,0.79788,0.79796,1.50,1.19
2016.10.27 09:53:01.141,0.79788,0.79798,1.87,1.25
2016.10.27 09:53:02.315,0.79789,0.79798,1.00,1.31
2016.10.27 09:53:04.434,0.79789,0.79797,1.00,1.50
2016.10.27 09:53:05.184,0.7979,0.79797,1.00,1.00
2016.10.27 09:53:05.438,0.79788,0.79797,1.00,1.37
2016.10.27 09:53:06.603,0.79789,0.79797,1.00,1.00
2016.10.27 09:53:07.265,0.79789,0.79797,1.00,1.37
2016.10.27 09:53:07.671,0.79789,0.79799,1.50,2.44
2016.10.27 09:53:08.109,0.79787,0.79796,1.12,1.00
2016.10.27 09:53:09.020,0.79787,0.79797,1.50,1.12
2016.10.27 09:53:09.514,0.79787,0.79797,1.50,2.25
2016.10.27 09:53:10.107,0.79787,0.79794,1.00,1.00
2016.10.27 09:53:10.665,0.79787,0.79796,1.00,2.06
2016.10.27 09:53:11.223,0.79786,0.79795,1.12,1.25
2016.10.27 09:53:12.050,0.79787,0.79795,1.00,1.25
2016.10.27 09:53:12.980,0.79786,0.79796,1.87,1.31
2016.10.27 09:53:14.013,0.79787,0.79796,1.00,1.31
2016.10.27 09:53:14.583,0.79786,0.79796,2.25,1.31
2016.10.27 09:53:14.989,0.79788,0.79796,1.00,1.19
2016.10.27 09:53:15.506,0.79788,0.79796,1.00,1.00
2016.10.27 09:53:16.014,0.79789,0.79796,1.00,1.00
2016.10.27 09:53:17.205,0.79787,0.79797,1.50,2.44
2016.10.27 09:53:17.307,0.79787,0.79795,1.50,1.12
2016.10.27 09:53:19.487,0.79789,0.79795,1.00,1.25
2016.10.27 09:53:20.024,0.79788,0.79796,1.00,1.69
2016.10.27 09:53:20.936,0.79786,0.79795,1.50,1.25
2016.10.27 09:53:21.438,0.79786,0.79794,1.50,1.00
2016.10.27 09:53:22.136,0.79787,0.79794,1.00,1.00
2016.10.27 09:53:22.653,0.79787,0.79796,2.25,1.19
2016.10.27 09:53:23.163,0.79788,0.79796,1.00,2.06
2016.10.27 09:53:23.466,0.79786,0.79795,1.50,1.25
2016.10.27 09:53:25.531,0.79786,0.79793,2.25,1.00
2016.10.27 09:53:26.255,0.79786,0.79795,1.50,1.25
2016.10.27 09:53:26.786,0.79786,0.79794,1.12,1.00
2016.10.27 09:53:27.320,0.79786,0.79793,1.50,1.00
2016.10.27 09:53:27.880,0.79786,0.79795,1.87,2.06
2016.10.27 09:53:28.442,0.79787,0.79795,1.12,1.25
2016.10.27 09:53:33.725,0.79788,0.79795,1.00,1.25
2016.10.27 09:53:38.135,0.79787,0.79795,1.50,1.25
2016.10.27 09:53:38.714,0.79787,0.79793,1.00,1.00
2016.10.27 09:53:39.229,0.79786,0.79793,1.00,1.00
2016.10.27 09:53:39.944,0.79786,0.79792,1.50,1.00
2016.10.27 09:53:43.880,0.79786,0.79792,1.37,1.00
2016.10.27 09:53:43.931,0.79786,0.79794,1.37,1.00
2016.10.27 09:53:44.588,0.79786,0.79793,1.37,1.00
2016.10.27 09:53:45.512,0.79786,0.79793,1.00,1.00
2016.10.27 09:53:46.031,0.79786,0.79792,1.00,1.00
2016.10.27 09:53:47.080,0.79786,0.79793,1.00,1.00
2016.10.27 09:53:47.715,0.79787,0.79797,1.00,2.81
2016.10.27 09:53:49.299,0.79788,0.79796,1.00,1.19
2016.10.27 09:53:49.806,0.79789,0.79797,1.00,1.19
2016.10.27 09:53:50.315,0.79788,0.79795,1.50,1.19
2016.10.27 09:53:53.938,0.79786,0.79793,1.00,1.00
2016.10.27 09:53:55.175,0.79786,0.79794,1.00,1.25
2016.10.27 09:53:55.732,0.79786,0.79792,1.12,1.00
2016.10.27 09:53:56.283,0.79786,0.79793,1.12,1.00
2016.10.27 09:53:56.588,0.79782,0.79788,1.50,1.00
2016.10.27 09:53:56.892,0.7978,0.79785,1.00,1.00
2016.10.27 09:53:56.994,0.79778,0.79786,1.00,1.25
2016.10.27 09:53:57.589,0.79777,0.79785,1.50,1.00
2016.10.27 09:53:58.126,0.79777,0.79785,1.50,1.00
2016.10.27 09:54:00.200,0.79777,0.79785,1.50,1.00
2016.10.27 09:54:00.251,0.79777,0.79783,1.50,1.00
2016.10.27 09:54:00.782,0.79777,0.79783,3.00,1.00
2016.10.27 09:54:00.986,0.79777,0.79786,3.00,1.25
2016.10.27 09:54:01.748,0.79777,0.79785,2.25,1.00
2016.10.27 09:54:02.932,0.79777,0.79786,2.25,1.25
2016.10.27 09:54:03.237,0.79776,0.79785,1.12,1.00
2016.10.27 09:54:03.733,0.79776,0.79783,1.12,1.00
2016.10.27 09:54:03.936,0.79776,0.79785,1.87,1.00
2016.10.27 09:54:04.089,0.79776,0.79783,1.87,1.00
2016.10.27 09:54:04.434,0.79778,0.79783,1.00,1.00
2016.10.27 09:54:05.489,0.79776,0.79783,1.50,1.00
2016.10.27 09:54:06.047,0.79777,0.79784,1.50,1.00
2016.10.27 09:54:06.555,0.79778,0.79784,1.12,1.00
2016.10.27 09:54:07.062,0.79778,0.79783,1.12,1.00
2016.10.27 09:54:07.866,0.79777,0.79783,1.00,1.00
2016.10.27 09:54:08.841,0.79776,0.79783,1.50,1.00
2016.10.27 09:54:09.926,0.79778,0.79783,1.00,1.00
2016.10.27 09:54:15.728,0.79776,0.79783,1.50,1.00
2016.10.27 09:54:22.282,0.79776,0.79783,1.50,1.00
2016.10.27 09:54:23.821,0.79777,0.79783,1.00,1.00
2016.10.27 09:54:24.609,0.79777,0.79784,1.00,1.00
2016.10.27 09:54:30.779,0.79777,0.79784,1.37,1.00
2016.10.27 09:54:31.106,0.79777,0.79786,1.37,1.31
2016.10.27 09:54:31.208,0.7978,0.79788,1.12,1.12
2016.10.27 09:54:31.259,0.79781,0.79788,1.75,1.00
2016.10.27 09:54:31.462,0.7978,0.79786,1.00,1.00
2016.10.27 09:54:32.010,0.79779,0.79785,1.00,1.00
2016.10.27 09:54:32.529,0.79778,0.79785,1.50,1.00
2016.10.27 09:54:34.851,0.79779,0.79786,1.00,1.00
2016.10.27 09:54:35.925,0.79779,0.79786,1.37,1.00
2016.10.27 09:54:38.210,0.79781,0.79786,1.12,1.00
2016.10.27 09:54:38.312,0.79781,0.79788,1.50,1.00
2016.10.27 09:54:38.363,0.79781,0.79786,1.00,1.00
2016.10.27 09:54:39.007,0.79779,0.79786,1.50,1.00
2016.10.27 09:54:40.962,0.79781,0.79788,1.00,1.00
2016.10.27 09:54:41.565,0.79782,0.79788,1.00,1.00
2016.10.27 09:54:41.616,0.7978,0.79787,1.00,1.00
2016.10.27 09:54:41.768,0.79783,0.7979,1.00,1.31
2016.10.27 09:54:42.073,0.79785,0.7979,1.00,1.00
2016.10.27 09:54:42.175,0.79785,0.79792,1.00,1.69
2016.10.27 09:54:42.707,0.79786,0.79791,1.00,1.00
2016.10.27 09:54:42.860,0.79784,0.7979,1.00,1.56
2016.10.27 09:54:43.908,0.79782,0.7979,1.00,3.19
2016.10.27 09:54:48.848,0.79779,0.79786,1.00,1.31
2016.10.27 09:54:48.901,0.79779,0.79786,1.00,1.31
2016.10.27 09:54:48.952,0.79781,0.79786,1.00,1.31
2016.10.27 09:54:49.003,0.79779,0.79786,1.00,1.31
2016.10.27 09:54:49.054,0.7978,0.79786,1.00,1.62
2016.10.27 09:54:49.156,0.79778,0.79786,1.00,1.31
2016.10.27 09:54:49.875,0.79779,0.79787,1.00,1.69
2016.10.27 09:54:50.682,0.79779,0.79787,1.50,1.00
2016.10.27 09:54:51.054,0.79781,0.7979,1.00,1.69
2016.10.27 09:54:51.923,0.7978,0.79789,1.50,2.44
2016.10.27 09:54:52.538,0.79779,0.79788,1.50,1.31
2016.10.27 09:54:53.232,0.79781,0.79788,1.12,1.31
2016.10.27 09:54:53.739,0.79781,0.79787,1.50,1.00
2016.10.27 09:54:54.423,0.79781,0.79788,1.00,1.31
2016.10.27 09:54:54.884,0.79779,0.79787,1.00,1.12
2016.10.27 09:54:56.982,0.79779,0.79788,1.50,1.50
2016.10.27 09:54:57.935,0.79779,0.79787,1.50,1.00
2016.10.27 09:54:59.644,0.79779,0.79787,1.50,1.19
2016.10.27 09:54:59.798,0.79778,0.79785,1.87,1.00
2016.10.27 09:55:00.359,0.79777,0.79787,1.12,2.44
2016.10.27 09:55:00.410,0.7978,0.79787,1.00,1.25
2016.10.27 09:55:01.307,0.7978,0.79789,1.50,1.69
2016.10.27 09:55:02.233,0.79781,0.79788,1.00,1.25
2016.10.27 09:55:07.744,0.7978,0.79789,1.12,1.69
2016.10.27 09:55:09.031,0.79782,0.79788,1.00,1.31
2016.10.27 09:55:09.540,0.7978,0.79788,1.00,1.31
2016.10.27 09:55:10.736,0.7978,0.79786,1.00,1.00
2016.10.27 09:55:11.143,0.79777,0.79785,2.62,1.00
2016.10.27 09:55:12.444,0.79777,0.79786,2.62,1.12
2016.10.27 09:55:12.546,0.79777,0.79785,1.87,1.19
2016.10.27 09:55:12.699,0.79773,0.7978,1.12,1.19
2016.10.27 09:55:13.004,0.79771,0.7978,1.50,1.19
2016.10.27 09:55:13.542,0.79772,0.7978,1.12,1.19
2016.10.27 09:55:13.818,0.79774,0.79781,1.00,1.69
2016.10.27 09:55:13.869,0.79772,0.79781,1.87,1.31
2016.10.27 09:55:13.972,0.79774,0.79781,1.00,1.25
2016.10.27 09:55:14.225,0.79771,0.7978,2.62,1.00
2016.10.27 09:55:14.530,0.7977,0.79778,1.75,1.25
2016.10.27 09:55:14.581,0.79769,0.79778,3.00,1.25
2016.10.27 09:55:14.974,0.79773,0.79781,1.50,1.56
2016.10.27 09:55:15.792,0.79775,0.79783,1.00,1.50
2016.10.27 09:55:15.894,0.79776,0.79786,1.00,3.94
2016.10.27 09:55:15.945,0.79778,0.79786,1.00,1.31
2016.10.27 09:55:16.461,0.79777,0.79784,1.37,1.00
2016.10.27 09:55:16.665,0.79773,0.7978,1.12,1.00
2016.10.27 09:55:16.717,0.79774,0.79782,1.00,1.00
2016.10.27 09:55:16.768,0.79776,0.79783,1.00,1.00
2016.10.27 09:55:16.971,0.79776,0.79785,1.12,1.25
2016.10.27 09:55:20.681,0.79775,0.79784,3.00,1.19
2016.10.27 09:55:20.833,0.79777,0.79784,1.00,1.25
2016.10.27 09:55:21.171,0.79777,0.79784,3.00,1.00
2016.10.27 09:55:21.682,0.79778,0.79787,1.37,1.19
2016.10.27 09:55:24.785,0.79779,0.79788,2.25,1.25
2016.10.27 09:55:24.836,0.7978,0.79789,1.37,1.69
2016.10.27 09:55:25.141,0.79779,0.79788,3.00,1.19
2016.10.27 09:55:25.828,0.79779,0.79788,1.50,1.25
2016.10.27 09:55:26.081,0.79783,0.79787,1.00,1.00
2016.10.27 09:55:26.935,0.79781,0.79789,1.00,1.19
2016.10.27 09:55:27.481,0.7978,0.79789,1.12,1.19
2016.10.27 09:55:27.890,0.79782,0.79789,1.00,1.19
2016.10.27 09:55:28.450,0.79782,0.79789,1.50,1.25
2016.10.27 09:55:28.982,0.79781,0.79789,1.37,1.25
2016.10.27 09:55:29.886,0.79782,0.79788,1.12,1.00
2016.10.27 09:55:30.550,0.79782,0.7979,1.00,1.19
2016.10.27 09:55:31.004,0.79785,0.79791,1.00,1.25
2016.10.27 09:55:31.330,0.79782,0.79789,1.37,1.19
2016.10.27 09:55:31.382,0.7978,0.79788,1.87,1.19
2016.10.27 09:55:31.636,0.79779,0.79788,1.87,1.19
2016.10.27 09:55:31.688,0.79779,0.79785,1.00,1.19
2016.10.27 09:55:32.076,0.79774,0.79782,2.25,1.00
2016.10.27 09:55:32.229,0.79773,0.7978,1.50,1.00
2016.10.27 09:55:32.859,0.79772,0.7978,1.12,1.19
2016.10.27 09:55:34.518,0.7977,0.79779,2.62,1.69
2016.10.27 09:55:34.909,0.79768,0.79776,1.87,1.00
2016.10.27 09:55:36.699,0.79771,0.79776,1.00,1.00
2016.10.27 09:55:37.432,0.79771,0.79779,1.00,3.19
2016.10.27 09:55:40.571,0.79771,0.79777,1.37,1.69
2016.10.27 09:55:42.412,0.79772,0.79776,1.00,1.00
2016.10.27 09:55:43.104,0.7977,0.79776,1.37,1.00
2016.10.27 09:55:43.155,0.79769,0.79776,1.00,1.00
2016.10.27 09:55:45.110,0.79769,0.79776,1.37,1.00
2016.10.27 09:55:45.414,0.79771,0.79779,1.00,1.50
2016.10.27 09:55:45.770,0.79773,0.79782,1.50,1.12
2016.10.27 09:55:46.230,0.7977,0.79779,1.50,1.00
2016.10.27 09:55:46.721,0.79773,0.7978,1.00,1.00
2016.10.27 09:55:49.513,0.79769,0.79774,1.00,1.00
2016.10.27 09:55:49.592,0.79763,0.79773,2.25,1.00
2016.10.27 09:55:49.643,0.79764,0.79771,1.12,1.00
2016.10.27 09:55:50.178,0.79763,0.79771,1.50,1.00
2016.10.27 09:55:50.782,0.79762,0.7977,1.50,1.25
2016.10.27 09:55:50.884,0.79761,0.79769,1.12,1.00
2016.10.27 09:55:51.412,0.79761,0.7977,1.12,1.69
2016.10.27 09:55:53.046,0.79762,0.7977,1.00,1.69
2016.10.27 09:55:53.676,0.79763,0.7977,1.00,1.25
2016.10.27 09:55:54.755,0.79763,0.79771,1.37,1.69
2016.10.27 09:55:54.824,0.79766,0.79771,1.00,1.19
2016.10.27 09:55:56.180,0.79764,0.79771,1.12,1.19
2016.10.27 09:55:57.343,0.79763,0.79771,1.87,1.19
2016.10.27 09:56:00.412,0.79762,0.79771,2.25,1.69
2016.10.27 09:56:00.463,0.79764,0.79771,1.00,1.69
2016.10.27 09:56:01.124,0.79769,0.79775,1.00,1.00
2016.10.27 09:56:01.178,0.79769,0.79777,1.00,1.25
2016.10.27 09:56:01.686,0.79769,0.79776,1.50,1.00
2016.10.27 09:56:01.838,0.79767,0.79774,1.00,1.00
2016.10.27 09:56:02.315,0.79764,0.79771,1.50,1.00
2016.10.27 09:56:02.823,0.79762,0.79771,4.50,1.00
2016.10.27 09:56:03.752,0.79762,0.79771,2.25,1.00
2016.10.27 09:56:04.712,0.79763,0.79772,1.00,1.19
2016.10.27 09:56:05.794,0.79763,0.7977,1.12,1.00
2016.10.27 09:56:07.038,0.79764,0.7977,1.00,1.00
2016.10.27 09:56:07.089,0.79764,0.79772,1.00,1.25
2016.10.27 09:56:07.596,0.79764,0.79771,1.50,1.00
2016.10.27 09:56:08.965,0.79764,0.79772,1.00,1.25
2016.10.27 09:56:09.515,0.79763,0.79772,1.87,1.25
2016.10.27 09:56:10.734,0.79763,0.79771,1.12,1.00
2016.10.27 09:56:11.254,0.79764,0.79771,1.00,1.00
2016.10.27 09:56:11.909,0.79763,0.79771,1.12,1.00
2016.10.27 09:56:12.062,0.79766,0.79773,1.00,1.00
2016.10.27 09:56:12.572,0.79765,0.79772,1.00,1.00
2016.10.27 09:56:13.161,0.79762,0.79771,3.37,1.00
2016.10.27 09:56:13.712,0.79763,0.7977,1.12,1.00
2016.10.27 09:56:14.472,0.79762,0.79771,1.87,1.69
2016.10.27 09:56:15.096,0.79762,0.79769,1.87,1.00
2016.10.27 09:56:15.792,0.79762,0.79769,2.25,1.00
2016.10.27 09:56:16.652,0.79763,0.7977,1.87,1.25
2016.10.27 09:56:17.131,0.79763,0.7977,1.12,1.19
2016.10.27 09:56:17.639,0.79762,0.7977,1.12,1.19
2016.10.27 09:56:18.151,0.7976,0.79769,3.00,1.25
2016.10.27 09:56:18.568,0.79762,0.7977,1.37,1.69
2016.10.27 09:56:19.297,0.79764,0.7977,1.12,1.00
2016.10.27 09:56:19.351,0.79762,0.7977,1.50,1.00
2016.10.27 09:56:19.897,0.79762,0.79771,1.87,1.00
2016.10.27 09:56:20.987,0.79758,0.79765,2.25,1.00
2016.10.27 09:56:21.494,0.79758,0.79765,1.37,1.00
2016.10.27 09:56:21.697,0.79756,0.79764,1.00,1.50
2016.10.27 09:56:22.091,0.79757,0.79764,1.37,1.00
2016.10.27 09:56:22.142,0.79758,0.79766,1.50,1.00
2016.10.27 09:56:22.649,0.79758,0.79765,1.12,1.00
2016.10.27 09:56:23.579,0.79756,0.79763,1.75,1.00
2016.10.27 09:56:23.630,0.79756,0.79763,1.12,1.00
2016.10.27 09:56:24.140,0.79756,0.79763,1.37,1.00
2016.10.27 09:56:28.648,0.79756,0.79764,1.00,1.69
2016.10.27 09:56:28.699,0.79754,0.79759,1.00,1.19
2016.10.27 09:56:28.801,0.7975,0.79757,1.12,1.00
2016.10.27 09:56:28.904,0.79749,0.79755,1.37,1.25
2016.10.27 09:56:29.158,0.79748,0.79757,1.87,1.19
2016.10.27 09:56:29.209,0.79748,0.79758,2.25,1.12
2016.10.27 09:56:29.260,0.7975,0.79757,1.00,1.00
2016.10.27 09:56:29.803,0.7975,0.79757,1.87,1.19
2016.10.27 09:56:30.309,0.7975,0.79754,1.00,1.00
2016.10.27 09:56:30.360,0.79748,0.79755,1.00,1.00
2016.10.27 09:56:31.261,0.79747,0.79755,1.50,1.00
2016.10.27 09:56:31.785,0.79749,0.79754,1.00,1.00
2016.10.27 09:56:31.939,0.79749,0.79756,1.00,1.00
2016.10.27 09:56:32.861,0.79749,0.79758,1.50,1.00
2016.10.27 09:56:33.166,0.79751,0.79758,1.00,1.00
2016.10.27 09:56:34.163,0.7975,0.79758,1.12,1.00
2016.10.27 09:56:34.468,0.79751,0.79759,1.50,1.00
2016.10.27 09:56:34.968,0.79754,0.79761,1.00,1.19
2016.10.27 09:56:35.672,0.79755,0.79762,1.00,1.69
2016.10.27 09:56:36.655,0.79753,0.79761,1.00,1.19
2016.10.27 09:56:36.706,0.7975,0.79759,1.12,1.19
2016.10.27 09:56:37.399,0.79752,0.79759,1.00,1.19
2016.10.27 09:56:37.501,0.7975,0.79759,1.00,1.19
2016.10.27 09:56:37.855,0.79747,0.79755,1.87,1.00
2016.10.27 09:56:40.738,0.79748,0.79755,1.37,1.00
2016.10.27 09:56:41.283,0.7975,0.79757,1.75,1.25
2016.10.27 09:56:41.587,0.79751,0.79756,1.12,1.19
2016.10.27 09:56:42.133,0.7975,0.79758,1.50,1.19
2016.10.27 09:56:43.066,0.79748,0.79756,2.25,1.19
2016.10.27 09:56:43.913,0.79749,0.79756,1.00,1.00
2016.10.27 09:56:44.521,0.79749,0.79756,1.87,1.00
2016.10.27 09:56:45.653,0.79749,0.79756,1.12,1.00
2016.10.27 09:56:46.242,0.79749,0.79758,1.87,1.69
2016.10.27 09:56:46.294,0.79749,0.79758,1.87,1.69
2016.10.27 09:56:47.128,0.79748,0.79757,1.87,1.19
2016.10.27 09:56:47.639,0.79749,0.79757,1.00,1.19
2016.10.27 09:56:48.640,0.79748,0.79757,2.25,1.19
2016.10.27 09:56:50.586,0.79752,0.79759,1.00,1.12
2016.10.27 09:56:50.688,0.79752,0.79762,2.62,1.69
2016.10.27 09:56:50.739,0.79757,0.79763,1.00,1.19
2016.10.27 09:56:51.245,0.79757,0.79764,1.00,1.69
2016.10.27 09:56:52.152,0.79757,0.79763,1.00,1.69
2016.10.27 09:56:52.457,0.79755,0.7976,1.00,1.19
2016.10.27 09:56:52.508,0.79753,0.7976,1.00,1.19
2016.10.27 09:56:52.762,0.79751,0.79759,1.00,1.69
2016.10.27 09:56:52.864,0.7975,0.79758,1.00,1.19
2016.10.27 09:56:53.989,0.7975,0.79757,1.00,1.00
2016.10.27 09:56:54.578,0.7975,0.79756,1.00,1.00
2016.10.27 09:56:54.852,0.79748,0.79756,1.00,1.00
2016.10.27 09:56:55.547,0.79748,0.79757,1.00,3.37
2016.10.27 09:56:56.485,0.79749,0.79756,1.00,1.87
2016.10.27 09:56:56.739,0.7975,0.79758,1.00,1.87
2016.10.27 09:56:57.249,0.79751,0.79758,1.00,2.25
2016.10.27 09:56:57.503,0.79748,0.79757,1.00,1.69
2016.10.27 09:56:57.555,0.79748,0.79756,1.00,2.00
2016.10.27 09:56:57.860,0.79754,0.79758,1.00,1.00
2016.10.27 09:56:57.963,0.79752,0.7976,1.00,1.62
2016.10.27 09:56:58.014,0.79754,0.7976,1.00,2.06
2016.10.27 09:56:58.066,0.79751,0.7976,1.00,2.44
2016.10.27 09:56:58.593,0.79753,0.79759,1.00,1.00
2016.10.27 09:56:59.285,0.79753,0.7976,1.00,1.56
2016.10.27 09:57:00.294,0.79755,0.79761,1.00,1.37
2016.10.27 09:57:00.471,0.7976,0.79767,1.00,2.25
2016.10.27 09:57:00.573,0.79761,0.79769,1.00,1.37
2016.10.27 09:57:01.392,0.79763,0.79768,1.00,1.00
2016.10.27 09:57:01.493,0.79761,0.79768,1.00,1.00
2016.10.27 09:57:01.595,0.79759,0.79768,1.00,2.25
2016.10.27 09:57:02.849,0.7976,0.79768,1.00,3.00
2016.10.27 09:57:03.874,0.79759,0.79766,1.00,1.00
2016.10.27 09:57:04.607,0.79759,0.79768,1.12,2.44
2016.10.27 09:57:04.658,0.79764,0.79768,1.00,1.00
2016.10.27 09:57:04.760,0.79767,0.79774,1.00,3.94
2016.10.27 09:57:05.166,0.79765,0.79773,1.00,1.25
2016.10.27 09:57:05.222,0.79763,0.79772,1.00,1.19
2016.10.27 09:57:05.760,0.79761,0.7977,1.12,1.00
2016.10.27 09:57:06.277,0.79762,0.7977,1.00,1.00
2016.10.27 09:57:06.919,0.79761,0.79768,1.12,1.00
2016.10.27 09:57:07.453,0.79761,0.79769,1.00,1.00
2016.10.27 09:57:08.749,0.79761,0.7977,2.25,1.00
2016.10.27 09:57:09.054,0.79767,0.79775,1.00,1.19
2016.10.27 09:57:09.359,0.79765,0.79773,1.00,1.19
2016.10.27 09:57:09.912,0.79766,0.79773,1.00,4.69
2016.10.27 09:57:09.964,0.79764,0.79773,1.00,3.56
2016.10.27 09:57:10.503,0.79764,0.79769,1.00,1.00
2016.10.27 09:57:10.554,0.79762,0.79769,1.00,1.00
2016.10.27 09:57:11.547,0.79762,0.79771,1.00,2.81
2016.10.27 09:57:12.079,0.79763,0.7977,1.00,1.00
2016.10.27 09:57:12.601,0.79763,0.79771,1.00,2.06
2016.10.27 09:57:13.208,0.79766,0.79771,1.00,1.25
2016.10.27 09:57:13.512,0.79768,0.79775,1.00,2.81
2016.10.27 09:57:14.121,0.7977,0.79776,1.00,1.31
2016.10.27 09:57:15.518,0.79769,0.79776,1.00,1.31
2016.10.27 09:57:16.322,0.7977,0.79776,1.00,2.06
2016.10.27 09:57:16.968,0.79769,0.79776,1.00,1.31
2016.10.27 09:57:19.163,0.79771,0.79776,1.00,1.31
2016.10.27 09:57:19.930,0.7977,0.79776,1.00,1.19
2016.10.27 09:57:23.329,0.79768,0.79776,1.00,1.19
2016.10.27 09:57:24.734,0.79768,0.79777,1.00,1.19
2016.10.27 09:57:25.526,0.79769,0.79777,1.00,1.19
2016.10.27 09:57:25.648,0.7977,0.79779,1.37,1.69
2016.10.27 09:57:27.135,0.79772,0.79781,1.00,1.50
2016.10.27 09:57:27.645,0.79771,0.79779,1.87,1.00
2016.10.27 09:57:28.152,0.7977,0.79777,1.37,1.00
2016.10.27 09:57:28.658,0.79771,0.79778,1.12,1.00
2016.10.27 09:57:28.810,0.79768,0.79777,1.87,1.00
2016.10.27 09:57:29.854,0.79767,0.79776,1.00,1.00
2016.10.27 09:57:30.647,0.79768,0.79777,1.00,2.25
2016.10.27 09:57:31.304,0.79769,0.79778,1.00,1.00
2016.10.27 09:57:32.592,0.79769,0.79773,1.00,1.12
2016.10.27 09:57:32.967,0.79763,0.79771,1.00,2.34
2016.10.27 09:57:33.474,0.79762,0.79769,1.00,1.00
2016.10.27 09:57:34.222,0.79762,0.79769,1.00,1.53
2016.10.27 09:57:34.274,0.79759,0.79768,1.00,1.59
2016.10.27 09:57:34.730,0.79761,0.79768,1.00,1.25
2016.10.27 09:57:35.357,0.7976,0.79767,1.00,1.00
2016.10.27 09:57:36.331,0.7976,0.79768,1.00,1.25
2016.10.27 09:57:37.106,0.79759,0.79768,1.50,1.69
2016.10.27 09:57:38.768,0.7976,0.79769,1.00,1.31
2016.10.27 09:57:39.275,0.79761,0.79768,1.00,1.69
2016.10.27 09:57:39.631,0.79759,0.79768,1.87,1.69
2016.10.27 09:57:40.119,0.79761,0.7977,1.00,3.56
2016.10.27 09:57:40.222,0.79761,0.7977,1.00,1.87
2016.10.27 09:57:40.734,0.79762,0.79771,1.00,1.12
2016.10.27 09:57:41.401,0.79763,0.79772,1.00,2.81
2016.10.27 09:57:41.922,0.79762,0.79771,1.00,1.12
2016.10.27 09:57:41.973,0.79764,0.79771,1.00,1.12
2016.10.27 09:57:42.587,0.79762,0.79771,1.12,1.00
2016.10.27 09:57:43.278,0.79763,0.79772,1.00,2.06
2016.10.27 09:57:44.228,0.79763,0.79771,1.00,1.00
2016.10.27 09:57:44.330,0.79762,0.7977,1.00,1.19
2016.10.27 09:57:44.721,0.7976,0.79769,1.00,1.31
2016.10.27 09:57:46.041,0.7976,0.79768,1.00,1.19
2016.10.27 09:57:46.092,0.79758,0.79765,1.50,1.00
2016.10.27 09:57:46.838,0.79758,0.79767,1.00,1.19
2016.10.27 09:57:49.534,0.79759,0.79768,1.00,1.69
2016.10.27 09:57:50.722,0.79761,0.79769,1.00,1.31
2016.10.27 09:57:51.370,0.79762,0.7977,1.00,1.31
2016.10.27 09:57:51.472,0.79764,0.79771,1.00,2.06
2016.10.27 09:57:51.979,0.79763,0.7977,1.00,1.19
2016.10.27 09:57:52.314,0.79763,0.79769,1.00,1.19
2016.10.27 09:57:52.912,0.79761,0.79769,1.00,1.19
2016.10.27 09:57:53.707,0.7976,0.79767,1.00,1.25
2016.10.27 09:57:54.923,0.79762,0.79768,1.00,1.19
2016.10.27 09:57:55.650,0.79763,0.7977,1.00,2.06
2016.10.27 09:57:56.148,0.79765,0.79771,1.00,1.19
2016.10.27 09:57:57.180,0.79765,0.79769,1.00,1.00
2016.10.27 09:57:57.231,0.79762,0.79769,1.00,1.00
2016.10.27 09:57:57.781,0.79763,0.79769,1.00,1.00
2016.10.27 09:57:59.083,0.79761,0.79769,1.00,1.12
2016.10.27 09:58:00.390,0.7976,0.79769,1.00,2.62
2016.10.27 09:58:00.897,0.79761,0.79769,1.00,1.50
2016.10.27 09:58:01.420,0.79762,0.79769,1.00,3.00
2016.10.27 09:58:04.145,0.79763,0.79769,1.00,1.87
2016.10.27 09:58:04.552,0.79765,0.7977,1.00,1.50
2016.10.27 09:58:05.245,0.79765,0.79772,1.00,1.12
2016.10.27 09:58:06.014,0.79764,0.79771,1.00,1.00
2016.10.27 09:58:06.066,0.79761,0.7977,1.87,1.00
2016.10.27 09:58:08.024,0.79762,0.79769,1.37,1.00
2016.10.27 09:58:08.585,0.79762,0.79769,1.12,1.00
2016.10.27 09:58:10.527,0.79763,0.7977,1.00,1.00
2016.10.27 09:58:12.352,0.79761,0.79768,1.00,1.00
2016.10.27 09:58:12.875,0.79759,0.79768,3.00,1.00
2016.10.27 09:58:14.536,0.79759,0.79767,2.62,1.00
2016.10.27 09:58:14.841,0.79758,0.79764,1.50,1.00
2016.10.27 09:58:14.994,0.79759,0.79766,1.12,1.00
2016.10.27 09:58:15.474,0.79759,0.79768,1.12,1.31
2016.10.27 09:58:15.526,0.79758,0.79766,1.50,1.00
2016.10.27 09:58:19.876,0.79757,0.79764,2.25,1.00
2016.10.27 09:58:21.011,0.79757,0.79763,1.50,1.00
2016.10.27 09:58:21.113,0.79757,0.79766,1.00,1.69
2016.10.27 09:58:21.164,0.79759,0.79766,1.00,1.00
2016.10.27 09:58:21.316,0.79761,0.79771,1.50,2.06
2016.10.27 09:58:21.367,0.79763,0.7977,1.00,1.00
2016.10.27 09:58:22.205,0.79762,0.7977,1.12,1.00
2016.10.27 09:58:23.327,0.79763,0.7977,1.00,1.00
2016.10.27 09:58:24.785,0.79764,0.7977,1.00,1.00
2016.10.27 09:58:25.345,0.79764,0.79771,1.00,1.25
2016.10.27 09:58:26.090,0.79765,0.79771,1.00,1.25
2016.10.27 09:58:30.234,0.79764,0.79771,1.12,1.00
2016.10.27 09:58:30.768,0.79762,0.7977,1.75,1.00
2016.10.27 09:58:30.971,0.7976,0.7977,2.62,1.00
2016.10.27 09:58:31.174,0.7976,0.79766,1.37,1.00
2016.10.27 09:58:31.597,0.79757,0.79766,2.25,1.00
2016.10.27 09:58:31.650,0.79756,0.79763,2.25,1.00
2016.10.27 09:58:32.551,0.79758,0.79763,1.00,1.00
2016.10.27 09:58:33.231,0.79758,0.79764,1.00,1.00
2016.10.27 09:58:33.891,0.79758,0.79765,1.00,1.00
2016.10.27 09:58:34.198,0.79757,0.79763,1.12,1.00
2016.10.27 09:58:34.504,0.79756,0.79765,2.25,1.00
2016.10.27 09:58:35.335,0.79758,0.79765,1.12,1.00
2016.10.27 09:58:40.787,0.79758,0.79766,1.50,1.00
2016.10.27 09:58:42.680,0.79758,0.79764,1.00,1.00
2016.10.27 09:58:44.040,0.79761,0.79767,1.00,1.00
2016.10.27 09:58:44.142,0.79762,0.79769,1.00,1.00
2016.10.27 09:58:44.675,0.79762,0.79769,3.00,1.00
2016.10.27 09:58:44.941,0.79762,0.79771,3.00,1.00
2016.10.27 09:58:45.463,0.79763,0.7977,1.12,1.00
2016.10.27 09:58:47.273,0.79762,0.7977,1.12,1.00
2016.10.27 09:58:47.866,0.79762,0.79771,1.87,1.25
2016.10.27 09:58:51.333,0.79762,0.7977,1.50,1.00
2016.10.27 09:58:52.209,0.79761,0.79769,2.25,1.00
2016.10.27 09:58:56.304,0.79762,0.7977,1.12,1.25
2016.10.27 09:58:59.908,0.7976,0.79769,2.62,1.00
2016.10.27 09:58:59.959,0.7976,0.79767,3.37,1.00
2016.10.27 09:59:00.010,0.7976,0.79767,1.50,1.00
2016.10.27 09:59:00.113,0.79762,0.79768,1.50,1.00
2016.10.27 09:59:00.979,0.79761,0.79768,1.00,1.00
2016.10.27 09:59:01.584,0.7976,0.79768,1.87,1.00
2016.10.27 09:59:03.845,0.7976,0.79767,1.50,1.00
2016.10.27 09:59:05.967,0.79759,0.79767,1.12,1.00
2016.10.27 09:59:06.498,0.79762,0.79767,1.00,1.00
2016.10.27 09:59:06.549,0.79762,0.79769,1.12,1.00
2016.10.27 09:59:06.651,0.7976,0.79767,2.25,1.00
2016.10.27 09:59:06.854,0.79759,0.79767,1.87,1.00
2016.10.27 09:59:07.403,0.79759,0.79768,1.87,1.00
2016.10.27 09:59:07.555,0.7976,0.79767,1.50,1.00
2016.10.27 09:59:08.084,0.7976,0.79767,1.87,1.00
2016.10.27 09:59:09.196,0.79759,0.79766,2.25,1.00
2016.10.27 09:59:09.551,0.79758,0.79764,2.25,1.00
2016.10.27 09:59:10.064,0.79758,0.79764,1.00,1.00
2016.10.27 09:59:10.268,0.79756,0.79765,3.00,1.00
2016.10.27 09:59:10.371,0.79758,0.79765,1.00,1.00
2016.10.27 09:59:10.677,0.79753,0.7976,2.62,1.00
2016.10.27 09:59:11.204,0.79753,0.79759,1.12,1.00
2016.10.27 09:59:12.052,0.79753,0.7976,1.12,1.00
2016.10.27 09:59:12.636,0.79753,0.79761,1.00,1.00
2016.10.27 09:59:13.194,0.79753,0.79761,1.37,1.50
2016.10.27 09:59:13.538,0.79752,0.79761,1.87,1.50
2016.10.27 09:59:14.129,0.79752,0.7976,1.00,1.00
2016.10.27 09:59:14.905,0.79751,0.79759,1.87,1.00
2016.10.27 09:59:15.165,0.79751,0.79756,1.37,1.00
2016.10.27 09:59:15.217,0.79748,0.79756,1.50,1.00
2016.10.27 09:59:15.771,0.79748,0.79757,1.50,1.00
2016.10.27 09:59:16.310,0.79749,0.79757,1.00,1.00
2016.10.27 09:59:16.902,0.79749,0.79755,1.00,1.00
2016.10.27 09:59:17.516,0.7975,0.79756,1.00,1.00
2016.10.27 09:59:17.820,0.79751,0.79758,1.00,1.00
2016.10.27 09:59:17.973,0.79752,0.79761,1.00,1.12
2016.10.27 09:59:18.075,0.79753,0.79758,1.00,1.00
2016.10.27 09:59:18.510,0.79754,0.79763,1.00,1.00
2016.10.27 09:59:18.561,0.79752,0.79761,3.00,1.00
2016.10.27 09:59:19.068,0.79754,0.79763,1.00,1.00
2016.10.27 09:59:19.897,0.79755,0.79763,1.00,1.00
2016.10.27 09:59:20.684,0.79755,0.79764,1.50,1.00
2016.10.27 09:59:21.992,0.79755,0.79762,1.50,1.00
2016.10.27 09:59:23.282,0.79756,0.79763,1.00,1.00
2016.10.27 09:59:25.307,0.79755,0.79762,1.50,1.00
2016.10.27 09:59:25.841,0.79754,0.79763,1.50,1.00
2016.10.27 09:59:28.226,0.79754,0.79763,1.50,1.00
2016.10.27 09:59:30.835,0.79754,0.79763,1.00,1.00
2016.10.27 09:59:32.864,0.79755,0.79763,1.00,1.00
2016.10.27 09:59:33.371,0.79754,0.79763,1.12,1.00
2016.10.27 09:59:34.361,0.79753,0.79762,1.50,1.00
2016.10.27 09:59:34.413,0.79754,0.79764,1.00,1.87
2016.10.27 09:59:34.666,0.79756,0.79765,1.37,1.00
2016.10.27 09:59:35.184,0.79756,0.79765,1.00,1.00
2016.10.27 09:59:35.698,0.79755,0.79765,1.87,1.00
2016.10.27 09:59:37.856,0.79757,0.79764,1.00,1.00
2016.10.27 09:59:40.876,0.79756,0.79763,1.50,1.00
2016.10.27 09:59:40.928,0.79756,0.79765,1.50,1.00
2016.10.27 09:59:41.421,0.79758,0.79766,1.00,1.00
2016.10.27 09:59:41.727,0.79759,0.79768,1.12,1.00
2016.10.27 09:59:41.829,0.79757,0.79766,2.25,1.00
2016.10.27 09:59:42.582,0.79757,0.79766,2.25,1.00
2016.10.27 09:59:44.538,0.79765,0.79772,1.00,3.00
2016.10.27 09:59:44.600,0.79765,0.79772,1.00,1.00
2016.10.27 09:59:44.804,0.79762,0.79771,3.00,1.00
2016.10.27 09:59:45.553,0.79762,0.79771,1.50,1.00
2016.10.27 09:59:46.073,0.79763,0.79772,1.12,1.00
2016.10.27 09:59:46.722,0.79764,0.79773,1.00,1.00
2016.10.27 09:59:46.775,0.79768,0.79777,1.00,2.62
2016.10.27 09:59:46.826,0.79766,0.79775,1.12,1.00
2016.10.27 09:59:46.979,0.79769,0.79776,1.00,1.37
2016.10.27 09:59:47.672,0.79767,0.79772,1.00,1.03
2016.10.27 09:59:47.723,0.79761,0.7977,1.00,1.00
2016.10.27 09:59:48.230,0.79762,0.7977,1.00,1.00
2016.10.27 09:59:48.834,0.79761,0.7977,1.00,1.50
2016.10.27 09:59:49.089,0.79761,0.79768,1.00,1.00
2016.10.27 09:59:49.647,0.79761,0.7977,1.00,2.62
2016.10.27 09:59:50.714,0.79762,0.79771,1.00,1.50
2016.10.27 09:59:51.027,0.79765,0.79771,1.00,1.00
2016.10.27 09:59:51.078,0.79761,0.7977,1.00,1.00
2016.10.27 09:59:51.576,0.79772,0.79778,1.00,1.75
2016.10.27 09:59:51.728,0.79773,0.79782,1.00,3.75
2016.10.27 09:59:51.779,0.79773,0.79782,1.00,1.87
2016.10.27 09:59:51.881,0.79771,0.7978,1.00,1.00
2016.10.27 09:59:52.033,0.79773,0.7978,1.00,1.37
2016.10.27 09:59:52.084,0.7977,0.79779,1.00,1.12
2016.10.27 09:59:52.576,0.79771,0.79781,1.00,1.12
2016.10.27 09:59:53.083,0.79772,0.7978,1.00,1.00
2016.10.27 09:59:53.717,0.79774,0.79782,1.00,1.12
2016.10.27 09:59:54.224,0.79773,0.79782,1.00,1.12
2016.10.27 09:59:55.977,0.79774,0.79783,1.00,2.62
2016.10.27 09:59:57.335,0.79774,0.79781,1.00,1.00
2016.10.27 09:59:57.437,0.79772,0.79781,1.00,1.00
2016.10.27 09:59:58.080,0.79774,0.79781,1.00,1.00
2016.10.27 09:59:58.697,0.79773,0.79781,1.00,1.00
2016.10.27 09:59:59.003,0.79775,0.79782,1.00,1.00
2016.10.27 09:59:59.451,0.79776,0.79784,1.00,1.87
2016.10.27 09:59:59.908,0.79778,0.79785,1.00,1.00
