2016.03.22 15:00:00.107,0.85172,0.85186,1.75,1.50
2016.03.22 15:00:00.646,0.85172,0.85185,1.75,1.00
2016.03.22 15:00:00.903,0.85171,0.85182,1.00,1.35
2016.03.22 15:00:01.108,0.8517,0.85181,1.37,1.37
2016.03.22 15:00:01.658,0.85167,0.85181,1.75,1.12
2016.03.22 15:00:01.916,0.85167,0.85179,1.00,2.25
2016.03.22 15:00:02.432,0.85167,0.85178,1.00,1.00
2016.03.22 15:00:02.942,0.85165,0.85179,1.94,1.30
2016.03.22 15:00:03.517,0.85165,0.85178,3.19,1.00
2016.03.22 15:00:04.032,0.85165,0.85179,1.69,2.25
2016.03.22 15:00:05.495,0.85166,0.8518,1.00,1.75
2016.03.22 15:00:06.002,0.85164,0.85178,2.44,1.50
2016.03.22 15:00:06.717,0.85164,0.85178,1.00,1.75
2016.03.22 15:00:06.819,0.85164,0.85179,1.12,2.44
2016.03.22 15:00:07.732,0.85163,0.85174,1.00,1.00
2016.03.22 15:00:08.036,0.85161,0.85173,1.00,1.50
2016.03.22 15:00:09.006,0.8516,0.85173,1.12,1.50
2016.03.22 15:00:09.815,0.8516,0.85173,1.87,1.50
2016.03.22 15:00:10.402,0.8516,0.85173,1.75,1.31
2016.03.22 15:00:10.916,0.8516,0.85171,1.75,1.00
2016.03.22 15:00:11.069,0.85157,0.85172,2.81,3.60
2016.03.22 15:00:11.120,0.85157,0.85171,1.87,1.91
2016.03.22 15:00:11.221,0.85157,0.85168,1.00,1.69
2016.03.22 15:00:11.323,0.85155,0.85165,1.00,1.00
2016.03.22 15:00:11.840,0.85152,0.85166,3.00,1.31
2016.03.22 15:00:11.993,0.85152,0.85166,3.00,1.31
2016.03.22 15:00:13.141,0.85158,0.85169,1.00,1.25
2016.03.22 15:00:13.245,0.85157,0.85172,3.00,2.81
2016.03.22 15:00:13.448,0.85156,0.85171,3.75,1.69
2016.03.22 15:00:13.753,0.85156,0.8517,5.25,1.31
2016.03.22 15:00:14.333,0.85161,0.85172,1.00,1.69
2016.03.22 15:00:14.384,0.85161,0.85172,1.00,1.25
2016.03.22 15:00:14.435,0.85162,0.85173,1.87,1.56
2016.03.22 15:00:14.740,0.85169,0.85178,1.00,1.00
2016.03.22 15:00:15.061,0.85169,0.8518,1.00,2.29
2016.03.22 15:00:18.054,0.85169,0.85179,1.00,1.00
2016.03.22 15:00:18.362,0.85167,0.85178,1.00,1.00
2016.03.22 15:00:18.869,0.85167,0.85178,1.00,1.19
2016.03.22 15:00:19.475,0.85164,0.85177,1.50,1.69
2016.03.22 15:00:22.331,0.85163,0.85177,1.75,2.06
2016.03.22 15:00:22.890,0.85162,0.85177,3.00,1.19
2016.03.22 15:00:23.397,0.85163,0.85178,1.75,3.19
2016.03.22 15:00:23.905,0.85162,0.85177,4.87,1.69
2016.03.22 15:00:24.442,0.85165,0.85177,1.50,1.31
2016.03.22 15:00:24.695,0.85165,0.85179,2.25,2.44
2016.03.22 15:00:26.698,0.85168,0.85177,1.00,1.12
2016.03.22 15:00:26.857,0.85161,0.85175,3.75,1.75
2016.03.22 15:00:26.908,0.85161,0.85174,1.12,2.25
2016.03.22 15:00:27.010,0.85158,0.85173,3.75,3.19
2016.03.22 15:00:27.214,0.85156,0.85168,1.00,1.00
2016.03.22 15:00:33.654,0.85156,0.85171,1.50,3.60
2016.03.22 15:00:34.472,0.85156,0.8517,1.12,1.75
2016.03.22 15:00:34.676,0.85156,0.85167,1.00,2.29
2016.03.22 15:00:34.981,0.85152,0.85165,1.12,2.00
2016.03.22 15:00:35.085,0.85152,0.85166,1.75,1.94
2016.03.22 15:00:35.340,0.85156,0.85168,2.25,1.12
2016.03.22 15:00:35.846,0.85156,0.8517,2.25,3.19
2016.03.22 15:00:36.587,0.85158,0.85171,1.50,2.44
2016.03.22 15:00:37.195,0.85159,0.85172,1.50,1.69
2016.03.22 15:00:38.311,0.85159,0.8517,1.50,1.00
2016.03.22 15:00:40.798,0.85156,0.8517,3.00,2.25
2016.03.22 15:00:40.850,0.85158,0.85167,1.00,1.00
2016.03.22 15:00:40.901,0.85156,0.85167,1.87,1.00
2016.03.22 15:00:40.953,0.85156,0.85165,1.87,1.00
2016.03.22 15:00:41.608,0.85156,0.85166,1.87,1.00
2016.03.22 15:00:42.113,0.85156,0.85166,1.37,1.00
2016.03.22 15:00:42.611,0.85156,0.85165,1.75,1.00
2016.03.22 15:00:42.795,0.85157,0.85167,2.25,1.00
2016.03.22 15:00:42.948,0.85158,0.85169,1.75,1.12
2016.03.22 15:00:43.945,0.85159,0.85171,2.25,1.19
2016.03.22 15:00:44.048,0.85157,0.8517,1.12,1.94
2016.03.22 15:00:44.353,0.85159,0.8517,1.00,1.69
2016.03.22 15:00:44.901,0.85159,0.8517,1.00,1.50
2016.03.22 15:00:47.397,0.85159,0.8517,1.00,1.50
2016.03.22 15:00:48.556,0.85161,0.8517,1.00,1.00
2016.03.22 15:00:48.608,0.85161,0.85172,1.00,1.00
2016.03.22 15:00:50.136,0.85161,0.85171,1.00,1.00
2016.03.22 15:00:50.443,0.85161,0.85167,1.00,1.00
2016.03.22 15:00:51.231,0.85161,0.85168,1.00,1.00
2016.03.22 15:00:51.738,0.85161,0.85169,1.00,1.00
2016.03.22 15:00:52.279,0.85158,0.85172,3.00,1.19
2016.03.22 15:00:53.902,0.85156,0.85172,4.87,2.44
2016.03.22 15:00:54.054,0.85156,0.85172,4.12,2.81
2016.03.22 15:00:54.560,0.85156,0.85172,3.37,2.44
2016.03.22 15:00:58.455,0.85156,0.85167,1.00,1.00
2016.03.22 15:00:59.720,0.85156,0.8517,1.12,6.41
2016.03.22 15:01:00.226,0.85153,0.85168,1.75,2.44
2016.03.22 15:01:00.532,0.85154,0.85162,1.00,1.00
2016.03.22 15:01:00.839,0.85142,0.85155,2.25,1.87
2016.03.22 15:01:01.049,0.85141,0.85155,1.75,2.25
2016.03.22 15:01:01.458,0.85143,0.85157,2.44,1.50
2016.03.22 15:01:01.979,0.85143,0.85158,2.44,2.25
2016.03.22 15:01:02.283,0.85146,0.85159,2.06,1.50
2016.03.22 15:01:02.335,0.85146,0.85159,2.06,1.12
2016.03.22 15:01:02.487,0.85146,0.85162,3.19,2.25
2016.03.22 15:01:09.316,0.85151,0.85162,1.00,1.00
2016.03.22 15:01:10.702,0.8515,0.85165,1.37,1.75
2016.03.22 15:01:11.175,0.85148,0.85164,4.50,2.25
2016.03.22 15:01:17.088,0.85151,0.85164,1.87,1.00
2016.03.22 15:01:17.596,0.85151,0.85164,1.50,1.50
2016.03.22 15:01:18.108,0.85148,0.85162,3.00,1.00
2016.03.22 15:01:19.787,0.85148,0.85163,4.87,1.12
2016.03.22 15:01:25.138,0.85153,0.85164,1.50,1.00
2016.03.22 15:01:25.240,0.85153,0.85166,3.00,1.69
2016.03.22 15:01:25.746,0.85153,0.85167,3.00,1.56
2016.03.22 15:01:26.355,0.85153,0.85168,1.75,2.44
2016.03.22 15:01:31.437,0.85155,0.85166,1.19,1.50
2016.03.22 15:01:31.894,0.85154,0.85163,1.69,1.00
2016.03.22 15:01:32.923,0.85154,0.85164,1.69,1.00
2016.03.22 15:01:33.449,0.85154,0.85163,1.69,1.00
2016.03.22 15:01:33.986,0.85154,0.85164,1.69,1.00
2016.03.22 15:01:34.521,0.85154,0.85165,1.69,1.00
2016.03.22 15:01:35.058,0.85154,0.85167,1.69,1.50
2016.03.22 15:01:36.379,0.85154,0.85166,1.31,1.37
2016.03.22 15:01:36.482,0.85151,0.85161,1.12,1.00
2016.03.22 15:01:36.625,0.8515,0.85159,1.87,2.62
2016.03.22 15:01:36.676,0.85144,0.85157,1.31,1.75
2016.03.22 15:01:37.332,0.85143,0.85156,1.94,1.75
2016.03.22 15:01:38.059,0.85142,0.85153,1.69,1.00
2016.03.22 15:01:40.156,0.85142,0.85156,1.94,2.25
2016.03.22 15:01:41.310,0.85141,0.85156,2.44,2.25
2016.03.22 15:01:41.910,0.85141,0.85156,1.94,2.25
2016.03.22 15:01:45.209,0.85142,0.85157,1.00,1.75
2016.03.22 15:01:56.006,0.85143,0.85156,3.00,1.12
2016.03.22 15:01:56.107,0.85146,0.85157,1.00,1.00
2016.03.22 15:01:59.215,0.85149,0.8516,1.00,1.50
2016.03.22 15:01:59.368,0.85151,0.85166,2.25,2.25
2016.03.22 15:02:00.692,0.8515,0.85162,1.50,1.00
2016.03.22 15:02:00.844,0.8515,0.85161,1.00,1.00
2016.03.22 15:02:01.337,0.85149,0.85163,1.07,1.75
2016.03.22 15:02:01.865,0.85148,0.85161,1.94,1.12
2016.03.22 15:02:02.472,0.85147,0.85159,4.07,1.00
2016.03.22 15:02:02.574,0.85145,0.85157,2.46,1.37
2016.03.22 15:02:02.676,0.85144,0.85156,1.10,1.50
2016.03.22 15:02:02.727,0.8514,0.85156,1.53,2.25
2016.03.22 15:02:02.830,0.85142,0.85153,1.00,1.00
2016.03.22 15:02:03.636,0.85146,0.85153,1.19,1.00
2016.03.22 15:02:03.739,0.85147,0.85162,1.37,1.87
2016.03.22 15:02:03.841,0.85148,0.85163,2.44,2.25
2016.03.22 15:02:04.247,0.85152,0.85163,1.00,1.00
2016.03.22 15:02:05.347,0.85149,0.85163,2.20,1.12
2016.03.22 15:02:06.642,0.85149,0.85163,3.70,1.12
2016.03.22 15:02:07.140,0.85153,0.85164,1.55,1.00
2016.03.22 15:02:07.394,0.85157,0.85173,3.21,2.62
2016.03.22 15:02:07.649,0.85158,0.85172,2.25,1.75
2016.03.22 15:02:14.340,0.85158,0.85171,1.85,1.00
2016.03.22 15:02:14.545,0.8516,0.85171,2.25,1.00
2016.03.22 15:02:14.646,0.85161,0.85178,2.00,3.45
2016.03.22 15:02:15.242,0.85161,0.85177,1.09,1.75
2016.03.22 15:02:17.705,0.85166,0.8518,1.95,1.75
2016.03.22 15:02:17.757,0.85168,0.85181,1.00,1.75
2016.03.22 15:02:17.858,0.85166,0.85181,4.20,1.50
2016.03.22 15:02:22.070,0.85167,0.85182,2.44,2.25
2016.03.22 15:02:22.881,0.85174,0.85181,1.19,1.00
2016.03.22 15:02:23.186,0.852,0.85206,1.05,2.25
2016.03.22 15:02:23.293,0.85201,0.85205,1.00,1.00
2016.03.22 15:02:23.345,0.85192,0.85209,1.76,1.00
2016.03.22 15:02:23.753,0.85192,0.85208,1.39,1.50
2016.03.22 15:02:24.268,0.85192,0.85207,1.19,1.00
2016.03.22 15:02:24.421,0.85188,0.85203,2.81,1.00
2016.03.22 15:02:24.930,0.85188,0.85204,2.44,1.00
2016.03.22 15:02:27.056,0.85188,0.85203,1.29,1.00
2016.03.22 15:02:29.243,0.85188,0.85204,1.29,1.69
2016.03.22 15:02:29.676,0.85186,0.85202,3.56,1.00
2016.03.22 15:02:29.980,0.85187,0.85204,2.06,1.25
2016.03.22 15:02:30.921,0.85186,0.85201,2.25,2.10
2016.03.22 15:02:31.023,0.85184,0.85201,1.25,3.22
2016.03.22 15:02:31.074,0.85184,0.85197,1.00,1.35
2016.03.22 15:02:31.278,0.85179,0.85193,1.12,1.00
2016.03.22 15:02:32.028,0.85177,0.85193,2.57,1.00
2016.03.22 15:02:33.255,0.85177,0.85193,1.25,1.57
2016.03.22 15:02:33.560,0.85174,0.85191,1.12,1.12
2016.03.22 15:02:34.082,0.85172,0.8519,1.50,1.20
2016.03.22 15:02:34.337,0.85173,0.8519,1.00,1.75
2016.03.22 15:02:34.846,0.85172,0.85187,1.00,1.10
2016.03.22 15:02:35.353,0.8517,0.85188,1.82,1.95
2016.03.22 15:02:35.657,0.8517,0.85185,1.00,1.12
2016.03.22 15:02:35.860,0.85167,0.85185,1.19,2.32
2016.03.22 15:02:36.652,0.85167,0.85184,1.19,1.75
2016.03.22 15:02:37.057,0.85167,0.85184,1.19,1.20
2016.03.22 15:02:37.416,0.85165,0.85181,1.82,1.00
2016.03.22 15:02:37.937,0.85165,0.8518,2.44,1.50
2016.03.22 15:02:37.989,0.85164,0.8518,1.29,1.50
2016.03.22 15:02:38.040,0.85162,0.85177,4.31,1.00
2016.03.22 15:02:38.194,0.85161,0.85176,1.31,1.00
2016.03.22 15:02:38.245,0.85161,0.85173,1.31,1.00
2016.03.22 15:02:38.347,0.8516,0.85175,1.19,1.00
2016.03.22 15:02:38.861,0.8516,0.85176,1.19,1.00
2016.03.22 15:02:39.377,0.8516,0.85175,1.19,1.00
2016.03.22 15:02:40.587,0.8516,0.85176,1.19,1.00
2016.03.22 15:02:41.094,0.8516,0.85175,1.31,1.00
2016.03.22 15:02:41.629,0.8516,0.85176,1.39,1.50
2016.03.22 15:02:42.782,0.85161,0.85175,1.19,1.75
2016.03.22 15:02:42.837,0.85156,0.85173,2.25,1.37
2016.03.22 15:02:42.890,0.85155,0.85172,1.00,2.25
2016.03.22 15:02:42.993,0.85154,0.85165,1.50,1.00
2016.03.22 15:02:43.095,0.8515,0.85165,3.00,1.00
2016.03.22 15:02:43.602,0.85151,0.85168,1.12,1.57
2016.03.22 15:02:43.653,0.85151,0.85168,1.12,1.10
2016.03.22 15:02:44.070,0.85152,0.8517,1.00,1.20
2016.03.22 15:02:44.223,0.85152,0.85166,1.00,1.00
2016.03.22 15:02:44.427,0.85153,0.85171,1.00,3.45
2016.03.22 15:02:44.478,0.85158,0.85171,1.00,1.95
2016.03.22 15:02:44.681,0.8516,0.85175,1.00,1.37
2016.03.22 15:02:44.783,0.85161,0.85175,1.00,1.12
2016.03.22 15:02:45.699,0.85161,0.85175,1.00,2.47
2016.03.22 15:02:46.091,0.85148,0.85157,1.00,1.50
2016.03.22 15:02:46.146,0.8514,0.85154,1.12,1.50
2016.03.22 15:02:46.198,0.85134,0.85149,2.62,1.37
2016.03.22 15:02:46.250,0.85136,0.85149,1.00,1.37
2016.03.22 15:02:46.352,0.85134,0.85148,1.12,1.57
2016.03.22 15:02:46.557,0.85127,0.85143,1.25,1.12
2016.03.22 15:02:46.659,0.85127,0.85143,1.25,1.37
2016.03.22 15:02:46.761,0.85126,0.85144,1.87,1.12
2016.03.22 15:02:47.183,0.85127,0.85146,1.50,1.87
2016.03.22 15:02:47.438,0.85127,0.85144,2.25,1.00
2016.03.22 15:02:48.755,0.85129,0.85146,1.00,1.37
2016.03.22 15:02:49.260,0.85127,0.85144,1.50,1.50
2016.03.22 15:02:50.273,0.85126,0.85144,1.87,1.37
2016.03.22 15:02:50.622,0.85124,0.85142,1.20,1.12
2016.03.22 15:02:50.673,0.85124,0.85142,1.20,1.50
2016.03.22 15:02:51.786,0.85124,0.85143,1.20,1.47
2016.03.22 15:02:52.369,0.85127,0.85145,1.00,3.19
2016.03.22 15:02:53.431,0.85127,0.85142,1.00,1.37
2016.03.22 15:02:54.105,0.85124,0.8514,1.12,1.00
2016.03.22 15:02:55.229,0.85124,0.8514,1.00,1.37
2016.03.22 15:02:55.331,0.85122,0.85138,1.57,1.12
2016.03.22 15:02:55.882,0.85121,0.85138,1.00,1.87
2016.03.22 15:02:55.985,0.85119,0.85135,2.32,1.00
2016.03.22 15:02:56.492,0.85117,0.85135,2.14,1.10
2016.03.22 15:02:56.879,0.85122,0.85136,2.25,1.07
2016.03.22 15:02:57.186,0.85129,0.85145,3.00,1.12
2016.03.22 15:02:57.288,0.85129,0.85142,1.00,2.10
2016.03.22 15:02:57.593,0.85123,0.85136,2.62,1.50
2016.03.22 15:02:58.104,0.85124,0.85136,2.25,1.75
2016.03.22 15:02:58.309,0.85121,0.85132,1.00,1.00
2016.03.22 15:02:58.360,0.8512,0.85133,3.00,1.75
2016.03.22 15:03:00.482,0.85118,0.85133,3.37,1.75
2016.03.22 15:03:00.584,0.85119,0.85132,2.25,1.87
2016.03.22 15:03:00.990,0.85117,0.85132,2.62,2.47
2016.03.22 15:03:01.187,0.85117,0.85132,3.00,1.35
2016.03.22 15:03:01.290,0.85122,0.85133,1.00,2.17
2016.03.22 15:03:01.971,0.85118,0.85132,3.00,1.30
2016.03.22 15:03:02.431,0.85124,0.85132,1.00,1.12
2016.03.22 15:03:02.482,0.85124,0.85137,1.50,1.57
2016.03.22 15:03:02.584,0.85128,0.85137,1.00,1.00
2016.03.22 15:03:03.091,0.85127,0.85138,1.75,1.00
2016.03.22 15:03:03.448,0.85128,0.85141,1.75,1.30
2016.03.22 15:03:03.500,0.85128,0.85142,1.75,1.60
2016.03.22 15:03:03.856,0.85126,0.85142,3.75,1.97
2016.03.22 15:03:04.365,0.85125,0.85141,3.00,2.17
2016.03.22 15:03:04.571,0.85124,0.85138,3.00,1.00
2016.03.22 15:03:05.078,0.85126,0.85141,1.75,1.35
2016.03.22 15:03:05.281,0.85126,0.85141,1.75,1.67
2016.03.22 15:03:05.585,0.85128,0.85139,1.00,1.00
2016.03.22 15:03:05.803,0.85125,0.85141,1.50,2.85
2016.03.22 15:03:06.461,0.85126,0.85138,1.37,1.00
2016.03.22 15:03:07.508,0.85128,0.85138,1.00,2.47
2016.03.22 15:03:07.711,0.85123,0.85136,1.00,1.35
2016.03.22 15:03:08.295,0.85121,0.85136,3.75,1.35
2016.03.22 15:03:08.398,0.85121,0.85136,2.00,1.35
2016.03.22 15:03:08.500,0.85121,0.85136,1.31,1.42
2016.03.22 15:03:08.914,0.85123,0.85135,1.19,1.75
2016.03.22 15:03:09.642,0.8512,0.85133,3.94,1.37
2016.03.22 15:03:10.341,0.85122,0.85135,2.44,1.75
2016.03.22 15:03:10.392,0.85123,0.85135,1.69,1.50
2016.03.22 15:03:10.495,0.85124,0.85137,1.50,1.72
2016.03.22 15:03:10.596,0.85123,0.85137,1.50,2.10
2016.03.22 15:03:10.793,0.85121,0.85135,3.00,2.10
2016.03.22 15:03:10.894,0.8512,0.85135,6.00,2.47
2016.03.22 15:03:11.199,0.85122,0.85137,5.25,3.30
2016.03.22 15:03:11.776,0.85122,0.85139,7.12,2.17
2016.03.22 15:03:11.829,0.85125,0.85141,1.75,1.85
2016.03.22 15:03:11.880,0.85125,0.8514,1.75,1.00
2016.03.22 15:03:12.336,0.85128,0.8514,2.25,1.00
2016.03.22 15:03:12.641,0.85136,0.8515,3.75,1.35
2016.03.22 15:03:13.170,0.85135,0.8515,1.75,2.10
2016.03.22 15:03:13.474,0.85135,0.85151,4.87,1.90
2016.03.22 15:03:14.010,0.85138,0.85153,3.00,1.50
2016.03.22 15:03:15.743,0.85142,0.85152,1.00,1.37
2016.03.22 15:03:16.697,0.85143,0.85154,1.00,3.30
2016.03.22 15:03:17.012,0.85144,0.85152,1.00,1.00
2016.03.22 15:03:17.064,0.85139,0.85154,1.75,2.12
2016.03.22 15:03:17.709,0.8514,0.85154,1.50,1.50
2016.03.22 15:03:18.257,0.85143,0.85154,1.00,1.50
2016.03.22 15:03:19.000,0.8514,0.85154,1.75,1.67
2016.03.22 15:03:19.560,0.85142,0.85154,2.62,1.67
2016.03.22 15:03:20.505,0.85142,0.85154,1.37,1.35
2016.03.22 15:03:21.225,0.85143,0.85158,1.37,1.87
2016.03.22 15:03:21.429,0.85147,0.85162,1.75,1.42
2016.03.22 15:03:22.011,0.8515,0.85165,2.62,1.65
2016.03.22 15:03:22.062,0.85154,0.85165,1.00,1.57
2016.03.22 15:03:22.350,0.85154,0.85165,1.00,2.85
2016.03.22 15:03:22.452,0.85151,0.85162,1.00,1.00
2016.03.22 15:03:22.554,0.85147,0.85162,3.00,1.50
2016.03.22 15:03:24.189,0.85145,0.8516,3.00,1.05
2016.03.22 15:03:24.342,0.85143,0.8516,1.75,2.36
2016.03.22 15:03:24.867,0.85142,0.85158,3.00,1.12
2016.03.22 15:03:25.214,0.85146,0.85157,1.50,1.00
2016.03.22 15:03:25.750,0.85146,0.8516,1.50,1.35
2016.03.22 15:03:26.119,0.85145,0.85158,2.25,1.00
2016.03.22 15:03:26.221,0.85146,0.8516,1.50,1.99
2016.03.22 15:03:26.430,0.85146,0.85158,1.00,1.87
2016.03.22 15:03:27.494,0.85141,0.85154,4.50,1.00
2016.03.22 15:03:29.121,0.85144,0.85154,1.00,1.37
2016.03.22 15:03:29.838,0.8514,0.85151,1.75,1.00
2016.03.22 15:03:31.199,0.85139,0.85153,5.25,1.12
2016.03.22 15:03:32.014,0.85142,0.85153,1.00,1.37
2016.03.22 15:03:33.460,0.8514,0.85154,1.75,1.50
2016.03.22 15:03:33.511,0.8514,0.85154,1.75,1.50
2016.03.22 15:03:34.243,0.8514,0.85154,1.75,1.50
2016.03.22 15:03:34.788,0.85139,0.85152,2.00,1.12
2016.03.22 15:03:35.461,0.85139,0.85152,2.00,1.12
2016.03.22 15:03:39.765,0.85139,0.85152,1.62,1.50
2016.03.22 15:03:40.322,0.85141,0.85152,1.00,1.50
2016.03.22 15:03:40.830,0.85139,0.8515,1.19,1.37
2016.03.22 15:03:41.033,0.85138,0.8515,1.00,1.75
2016.03.22 15:03:41.279,0.85138,0.8515,1.31,1.12
2016.03.22 15:03:41.814,0.85139,0.85151,1.00,1.50
2016.03.22 15:03:42.316,0.85139,0.85151,1.50,1.50
2016.03.22 15:03:42.748,0.85141,0.85153,1.12,1.75
2016.03.22 15:03:43.259,0.8514,0.85153,1.12,1.75
2016.03.22 15:03:44.524,0.85141,0.85154,1.00,2.25
2016.03.22 15:03:45.027,0.8514,0.85155,2.25,1.75
2016.03.22 15:03:45.433,0.85143,0.85156,1.00,1.35
2016.03.22 15:03:45.484,0.85143,0.85158,1.50,1.75
2016.03.22 15:03:47.093,0.85145,0.85158,1.00,1.75
2016.03.22 15:03:47.145,0.85145,0.85158,1.37,1.50
2016.03.22 15:03:47.693,0.85143,0.85158,2.38,2.62
2016.03.22 15:03:47.895,0.85141,0.85157,1.82,3.75
2016.03.22 15:03:49.497,0.85141,0.85155,2.57,1.50
2016.03.22 15:03:49.699,0.85143,0.85155,1.69,1.37
2016.03.22 15:03:50.561,0.85142,0.85157,2.06,3.00
2016.03.22 15:03:51.054,0.85142,0.85155,1.00,1.50
2016.03.22 15:03:51.694,0.8514,0.85151,1.69,1.00
2016.03.22 15:03:52.011,0.8514,0.85151,1.19,1.00
2016.03.22 15:03:52.529,0.85139,0.85153,1.94,2.25
2016.03.22 15:03:53.180,0.85141,0.85153,1.56,1.12
2016.03.22 15:03:53.719,0.85141,0.85154,1.75,1.12
2016.03.22 15:03:56.258,0.85142,0.85153,1.50,1.00
2016.03.22 15:03:56.563,0.8514,0.85151,1.12,1.37
2016.03.22 15:03:57.880,0.85138,0.85151,1.00,1.37
2016.03.22 15:03:57.982,0.85136,0.85147,2.00,2.10
2016.03.22 15:03:58.286,0.85129,0.85138,1.00,1.12
2016.03.22 15:03:58.563,0.85125,0.85138,2.00,1.12
2016.03.22 15:03:59.070,0.85126,0.85138,1.00,1.50
2016.03.22 15:03:59.982,0.85125,0.85138,2.44,1.50
2016.03.22 15:04:00.490,0.85126,0.85138,1.37,1.37
2016.03.22 15:04:00.795,0.85127,0.85139,1.62,1.00
2016.03.22 15:04:01.048,0.85127,0.85142,1.94,2.25
2016.03.22 15:04:01.579,0.8513,0.85142,1.00,1.50
2016.03.22 15:04:02.107,0.8513,0.85142,1.50,1.50
2016.03.22 15:04:03.039,0.8513,0.85141,1.00,1.00
2016.03.22 15:04:03.192,0.85126,0.85138,1.69,1.37
2016.03.22 15:04:03.244,0.85126,0.85137,1.69,1.00
2016.03.22 15:04:05.303,0.85126,0.85137,1.69,1.00
2016.03.22 15:04:08.647,0.85129,0.85138,1.00,1.00
2016.03.22 15:04:09.226,0.85128,0.85141,2.00,1.75
2016.03.22 15:04:09.328,0.85128,0.85141,2.00,1.12
2016.03.22 15:04:09.934,0.85129,0.85143,1.69,3.00
2016.03.22 15:04:10.542,0.8513,0.85141,1.00,1.00
2016.03.22 15:04:12.350,0.8513,0.85141,1.19,1.00
2016.03.22 15:04:16.105,0.85133,0.85144,2.44,1.75
2016.03.22 15:04:16.156,0.85133,0.85146,2.81,1.85
2016.03.22 15:04:16.302,0.85138,0.85147,1.19,1.75
2016.03.22 15:04:16.353,0.85139,0.85149,1.75,1.00
2016.03.22 15:04:16.455,0.85138,0.85149,1.00,1.50
2016.03.22 15:04:16.557,0.85133,0.85148,3.56,1.85
2016.03.22 15:04:16.760,0.85135,0.85147,1.12,2.10
2016.03.22 15:04:16.862,0.85134,0.85142,1.00,1.00
2016.03.22 15:04:16.913,0.85132,0.85142,1.25,1.00
2016.03.22 15:04:17.420,0.85131,0.85142,1.50,1.00
2016.03.22 15:04:21.654,0.8513,0.85142,1.69,1.00
2016.03.22 15:04:21.954,0.8513,0.85145,2.00,3.00
2016.03.22 15:04:23.490,0.85135,0.85147,1.00,1.42
2016.03.22 15:04:23.592,0.85134,0.85148,2.25,1.87
2016.03.22 15:04:23.693,0.85136,0.85148,1.50,1.87
2016.03.22 15:04:24.722,0.85134,0.85146,1.75,1.00
2016.03.22 15:04:25.390,0.85134,0.85145,2.25,1.00
2016.03.22 15:04:25.941,0.85134,0.85146,2.25,1.50
2016.03.22 15:04:26.798,0.85137,0.85147,1.00,1.50
2016.03.22 15:04:27.705,0.85134,0.85147,1.75,1.37
2016.03.22 15:04:28.212,0.85134,0.85145,1.50,1.00
2016.03.22 15:04:31.679,0.85132,0.85145,1.69,1.50
2016.03.22 15:04:32.177,0.8513,0.85143,3.94,1.50
2016.03.22 15:04:32.481,0.85129,0.85143,2.44,1.75
2016.03.22 15:04:33.735,0.8513,0.85143,1.56,1.75
2016.03.22 15:04:34.364,0.85129,0.85143,1.69,2.25
2016.03.22 15:04:35.247,0.85131,0.85144,2.06,1.75
2016.03.22 15:04:35.298,0.85131,0.85144,2.44,1.50
2016.03.22 15:04:35.400,0.85131,0.85146,2.44,1.50
2016.03.22 15:04:35.885,0.85132,0.85143,1.19,1.00
2016.03.22 15:04:35.987,0.85128,0.85144,1.31,2.25
2016.03.22 15:04:39.540,0.85129,0.85141,1.69,1.12
2016.03.22 15:04:39.884,0.85127,0.8514,1.31,1.00
2016.03.22 15:04:40.417,0.85128,0.85139,1.25,1.50
2016.03.22 15:04:40.997,0.85128,0.85138,1.00,1.00
2016.03.22 15:04:41.415,0.85129,0.85139,1.69,1.00
2016.03.22 15:04:41.914,0.85129,0.85141,1.69,1.00
2016.03.22 15:04:42.418,0.85128,0.85141,1.31,1.00
2016.03.22 15:04:43.879,0.85128,0.85142,1.12,1.87
2016.03.22 15:04:44.910,0.8513,0.85142,1.31,1.87
2016.03.22 15:04:45.215,0.85136,0.85148,1.00,3.00
2016.03.22 15:04:45.419,0.85133,0.85147,1.75,1.50
2016.03.22 15:04:45.921,0.85132,0.85147,3.37,1.37
2016.03.22 15:04:47.538,0.85132,0.85146,1.12,1.12
2016.03.22 15:04:48.707,0.85133,0.85148,1.12,1.95
2016.03.22 15:04:49.112,0.85132,0.85146,1.12,1.12
2016.03.22 15:04:49.790,0.85132,0.85145,1.12,1.00
2016.03.22 15:04:49.924,0.8513,0.85136,1.00,1.37
2016.03.22 15:04:49.976,0.85128,0.85136,1.00,1.87
2016.03.22 15:04:50.027,0.85123,0.85134,1.62,1.00
2016.03.22 15:04:50.331,0.85123,0.85136,2.06,1.10
2016.03.22 15:04:50.889,0.85124,0.85139,1.94,2.25
2016.03.22 15:04:51.177,0.85126,0.85133,1.50,1.12
2016.03.22 15:04:51.229,0.85125,0.85131,1.87,1.10
2016.03.22 15:04:51.280,0.85129,0.85133,1.00,1.12
2016.03.22 15:04:51.331,0.85127,0.85136,1.00,1.57
2016.03.22 15:04:51.434,0.85125,0.85139,1.50,1.50
2016.03.22 15:04:51.866,0.85129,0.8514,1.25,1.85
2016.03.22 15:04:52.019,0.85135,0.85145,1.00,1.50
2016.03.22 15:04:52.121,0.85134,0.85146,1.75,1.00
2016.03.22 15:04:52.630,0.85134,0.85147,1.94,1.00
2016.03.22 15:04:53.222,0.85133,0.85149,4.31,1.12
2016.03.22 15:04:53.772,0.85137,0.85149,1.00,1.00
2016.03.22 15:04:55.343,0.85136,0.8515,1.12,1.37
2016.03.22 15:04:59.730,0.85136,0.8515,3.37,1.12
2016.03.22 15:05:01.862,0.85137,0.8515,1.75,1.50
2016.03.22 15:05:03.332,0.85136,0.85152,1.87,3.00
2016.03.22 15:05:03.843,0.85136,0.85151,1.56,3.00
2016.03.22 15:05:04.318,0.85136,0.85145,1.00,1.00
2016.03.22 15:05:04.420,0.85128,0.8514,1.00,1.00
2016.03.22 15:05:04.881,0.85125,0.8514,2.44,1.85
2016.03.22 15:05:05.444,0.85123,0.85136,2.44,1.12
2016.03.22 15:05:05.751,0.85126,0.85139,3.94,1.00
2016.03.22 15:05:06.785,0.85127,0.8514,1.94,1.12
2016.03.22 15:05:07.344,0.85127,0.85143,2.81,1.57
2016.03.22 15:05:07.848,0.85129,0.85145,2.25,1.85
2016.03.22 15:05:08.102,0.8513,0.85145,1.75,2.32
2016.03.22 15:05:10.216,0.85129,0.85143,2.25,1.00
2016.03.22 15:05:12.707,0.85129,0.85145,2.25,2.70
2016.03.22 15:05:14.098,0.85136,0.85146,1.50,1.37
2016.03.22 15:05:14.302,0.85139,0.85154,1.75,3.37
2016.03.22 15:05:14.657,0.85137,0.85151,2.25,1.00
2016.03.22 15:05:16.208,0.85138,0.85152,2.25,1.12
2016.03.22 15:05:16.531,0.85141,0.85155,1.75,1.75
2016.03.22 15:05:16.687,0.85141,0.85155,2.25,1.00
2016.03.22 15:05:17.196,0.85145,0.85155,1.00,1.00
2016.03.22 15:05:18.472,0.85145,0.85153,1.00,1.50
2016.03.22 15:05:18.675,0.8513,0.85144,3.19,1.00
2016.03.22 15:05:19.225,0.8513,0.85144,1.37,1.50
2016.03.22 15:05:19.276,0.8513,0.85144,1.12,1.75
2016.03.22 15:05:19.782,0.85129,0.85143,1.31,2.62
2016.03.22 15:05:21.970,0.85129,0.85142,1.56,1.50
2016.03.22 15:05:22.786,0.85129,0.85143,1.31,1.75
2016.03.22 15:05:23.216,0.85126,0.85141,2.25,2.25
2016.03.22 15:05:23.318,0.85124,0.8514,2.44,2.25
2016.03.22 15:05:23.572,0.85126,0.8514,1.50,2.25
2016.03.22 15:05:23.623,0.85127,0.8514,1.75,1.87
2016.03.22 15:05:23.877,0.85129,0.85141,1.56,1.00
2016.03.22 15:05:24.123,0.85132,0.85143,1.00,1.50
2016.03.22 15:05:25.310,0.85134,0.85144,1.69,1.00
2016.03.22 15:05:25.466,0.85138,0.85149,1.19,1.50
2016.03.22 15:05:25.517,0.85138,0.85153,1.94,1.37
2016.03.22 15:05:25.979,0.85138,0.85153,3.19,1.12
2016.03.22 15:05:28.059,0.85139,0.85152,2.00,1.00
2016.03.22 15:05:30.195,0.85139,0.85153,2.44,1.12
2016.03.22 15:05:31.019,0.85138,0.85149,1.75,1.00
2016.03.22 15:05:31.121,0.85133,0.85149,4.54,1.50
2016.03.22 15:05:31.223,0.85133,0.85148,2.44,1.75
2016.03.22 15:05:31.730,0.85133,0.85146,1.56,1.87
2016.03.22 15:05:32.317,0.8513,0.85145,3.79,1.50
2016.03.22 15:05:32.926,0.85131,0.85145,3.94,1.00
2016.03.22 15:05:33.130,0.85131,0.85145,3.19,1.12
2016.03.22 15:05:33.232,0.85135,0.85147,1.19,1.85
2016.03.22 15:05:33.437,0.85137,0.85149,2.81,1.50
2016.03.22 15:05:33.539,0.85139,0.85152,2.25,1.00
2016.03.22 15:05:35.255,0.8514,0.85151,1.00,1.50
2016.03.22 15:05:35.368,0.85135,0.85148,1.75,1.00
2016.03.22 15:05:35.876,0.85134,0.85149,2.29,1.50
2016.03.22 15:05:40.457,0.85133,0.85142,1.00,1.50
2016.03.22 15:05:40.559,0.85126,0.85138,1.12,1.50
2016.03.22 15:05:40.611,0.85123,0.85134,1.94,1.00
2016.03.22 15:05:40.865,0.85123,0.85134,1.00,1.50
2016.03.22 15:05:40.916,0.85126,0.85134,1.00,1.00
2016.03.22 15:05:41.133,0.85123,0.85138,1.69,1.75
2016.03.22 15:05:41.235,0.85125,0.85139,1.94,2.25
2016.03.22 15:05:41.337,0.85129,0.85143,2.25,2.32
2016.03.22 15:05:41.441,0.85133,0.85145,1.75,1.00
2016.03.22 15:05:41.645,0.85131,0.85143,2.44,1.12
2016.03.22 15:05:41.850,0.8513,0.85141,1.56,1.37
2016.03.22 15:05:42.450,0.85128,0.85143,2.00,1.75
2016.03.22 15:05:42.551,0.85132,0.85143,1.00,1.00
2016.03.22 15:05:42.653,0.8513,0.85144,4.50,1.12
2016.03.22 15:05:43.319,0.8513,0.85144,1.75,1.37
2016.03.22 15:05:45.221,0.85131,0.85143,1.00,1.12
2016.03.22 15:05:45.424,0.85131,0.85145,1.69,2.25
2016.03.22 15:05:45.576,0.85133,0.85147,2.44,1.50
2016.03.22 15:05:46.119,0.85133,0.85145,1.75,1.50
2016.03.22 15:05:46.170,0.85133,0.85143,1.00,1.00
2016.03.22 15:05:46.221,0.85131,0.85143,1.25,1.00
2016.03.22 15:05:47.346,0.85131,0.85143,1.25,1.50
2016.03.22 15:05:48.801,0.85131,0.85141,1.25,1.00
2016.03.22 15:05:49.322,0.85131,0.85142,1.25,2.62
2016.03.22 15:05:50.655,0.85129,0.85142,3.19,1.87
2016.03.22 15:05:51.161,0.8513,0.85143,1.94,1.12
2016.03.22 15:05:51.967,0.8513,0.85142,1.94,1.00
2016.03.22 15:05:52.068,0.8513,0.85146,3.19,2.32
2016.03.22 15:05:52.271,0.85131,0.85146,2.00,2.25
2016.03.22 15:05:52.774,0.8513,0.85143,3.19,1.00
2016.03.22 15:05:54.769,0.85131,0.85145,2.00,2.25
2016.03.22 15:05:56.170,0.8513,0.85143,2.44,1.00
2016.03.22 15:05:56.734,0.8513,0.85144,1.94,1.12
2016.03.22 15:05:57.745,0.8513,0.85142,2.00,1.00
2016.03.22 15:05:57.847,0.85131,0.85142,1.00,1.12
2016.03.22 15:05:58.018,0.85128,0.8514,1.75,1.00
2016.03.22 15:05:58.271,0.85127,0.85138,1.25,1.37
2016.03.22 15:05:58.637,0.85122,0.85132,3.26,1.50
2016.03.22 15:05:58.790,0.85124,0.85136,1.37,1.95
2016.03.22 15:05:58.892,0.8512,0.85136,4.69,4.57
2016.03.22 15:05:59.083,0.85124,0.85137,1.75,1.00
2016.03.22 15:05:59.489,0.85126,0.8514,2.44,1.37
2016.03.22 15:05:59.591,0.85127,0.85141,1.75,1.00
2016.03.22 15:05:59.794,0.85128,0.85143,2.00,1.12
2016.03.22 15:06:00.168,0.85131,0.85145,2.44,1.12
2016.03.22 15:06:00.270,0.85134,0.85145,1.00,1.12
2016.03.22 15:06:01.992,0.85133,0.85147,1.31,1.75
2016.03.22 15:06:02.549,0.85132,0.85147,1.56,1.75
2016.03.22 15:06:05.374,0.85133,0.85148,1.31,1.87
2016.03.22 15:06:08.709,0.85132,0.85145,1.31,1.75
2016.03.22 15:06:09.060,0.85132,0.85145,1.31,1.75
2016.03.22 15:06:09.414,0.85132,0.85146,1.31,1.75
2016.03.22 15:06:11.287,0.85133,0.85146,1.00,1.75
2016.03.22 15:06:12.619,0.85134,0.85146,1.00,1.50
2016.03.22 15:06:13.025,0.8513,0.85142,1.94,1.12
2016.03.22 15:06:13.432,0.85128,0.85142,3.00,1.50
2016.03.22 15:06:13.535,0.85129,0.85142,1.63,1.50
2016.03.22 15:06:13.586,0.85129,0.85136,1.50,1.00
2016.03.22 15:06:13.778,0.85127,0.85138,2.25,1.12
2016.03.22 15:06:13.831,0.85123,0.85137,1.50,1.75
2016.03.22 15:06:14.238,0.85126,0.85138,1.00,1.37
2016.03.22 15:06:16.474,0.85128,0.8514,1.00,1.85
2016.03.22 15:06:16.780,0.85135,0.85146,1.00,1.75
2016.03.22 15:06:17.113,0.85137,0.85148,1.37,1.12
2016.03.22 15:06:17.215,0.85137,0.8515,1.75,1.12
2016.03.22 15:06:18.629,0.85137,0.85151,3.88,1.00
2016.03.22 15:06:18.680,0.85138,0.85153,1.75,1.12
2016.03.22 15:06:19.223,0.85138,0.85153,3.00,1.12
2016.03.22 15:06:21.213,0.85138,0.85152,3.00,1.00
2016.03.22 15:06:21.527,0.85143,0.85155,1.00,1.00
2016.03.22 15:06:21.629,0.85141,0.85157,2.00,1.50
2016.03.22 15:06:22.136,0.8514,0.85157,3.28,1.75
2016.03.22 15:06:22.435,0.8514,0.85156,4.03,1.12
2016.03.22 15:06:22.740,0.85141,0.85153,1.75,1.00
2016.03.22 15:06:23.146,0.85143,0.85152,1.00,1.00
2016.03.22 15:06:24.368,0.85141,0.85156,2.00,1.75
2016.03.22 15:06:25.047,0.8514,0.85152,1.69,1.12
2016.03.22 15:06:25.555,0.85138,0.85152,1.94,1.12
2016.03.22 15:06:27.770,0.85137,0.85152,3.94,1.12
2016.03.22 15:06:28.278,0.85138,0.85152,2.44,1.12
2016.03.22 15:06:28.842,0.8514,0.85153,1.75,1.12
2016.03.22 15:06:29.574,0.85139,0.85152,3.19,1.00
2016.03.22 15:06:30.081,0.85139,0.85152,2.44,1.50
2016.03.22 15:06:31.421,0.85139,0.85153,2.00,1.00
2016.03.22 15:06:31.878,0.85142,0.85154,1.69,1.12
2016.03.22 15:06:32.406,0.85141,0.85154,3.19,1.00
2016.03.22 15:06:32.985,0.85142,0.85155,2.00,1.00
2016.03.22 15:06:35.090,0.85143,0.85154,1.00,1.00
2016.03.22 15:06:35.989,0.85139,0.85154,2.44,2.25
2016.03.22 15:06:36.295,0.85138,0.85151,1.62,1.75
2016.03.22 15:06:36.827,0.85136,0.8515,2.06,1.75
2016.03.22 15:06:37.133,0.85137,0.85146,1.00,1.50
2016.03.22 15:06:37.184,0.85134,0.85146,2.06,2.25
2016.03.22 15:06:37.694,0.85136,0.85145,1.00,1.00
2016.03.22 15:06:37.998,0.85136,0.85143,1.00,1.00
2016.03.22 15:06:38.100,0.85136,0.85145,1.00,1.00
2016.03.22 15:06:38.202,0.85134,0.85145,1.94,1.00
2016.03.22 15:06:38.304,0.85134,0.85144,1.69,1.00
2016.03.22 15:06:38.818,0.85134,0.85145,1.69,1.00
2016.03.22 15:06:39.327,0.85134,0.85144,1.12,1.00
2016.03.22 15:06:40.855,0.85134,0.85145,1.31,1.00
2016.03.22 15:06:42.403,0.85134,0.85144,1.69,1.00
2016.03.22 15:06:42.504,0.85134,0.85146,1.69,2.25
2016.03.22 15:06:43.052,0.85134,0.85144,1.69,1.00
2016.03.22 15:06:43.279,0.85134,0.85144,1.12,1.37
2016.03.22 15:06:43.382,0.85132,0.85139,1.37,1.00
2016.03.22 15:06:43.434,0.85131,0.85139,1.12,1.00
2016.03.22 15:06:43.942,0.85131,0.85138,1.00,1.00
2016.03.22 15:06:44.043,0.85127,0.85138,1.25,1.00
2016.03.22 15:06:45.115,0.85125,0.85139,3.19,1.00
2016.03.22 15:06:48.189,0.85125,0.85138,2.00,1.00
2016.03.22 15:06:48.588,0.85128,0.85142,3.00,1.00
2016.03.22 15:06:48.844,0.85129,0.85144,2.25,1.26
2016.03.22 15:06:49.431,0.85134,0.85145,1.00,1.00
2016.03.22 15:06:50.894,0.85132,0.85147,1.75,1.07
2016.03.22 15:06:51.415,0.8513,0.85145,2.51,1.12
2016.03.22 15:06:52.716,0.85132,0.85148,2.00,2.01
2016.03.22 15:06:54.008,0.8513,0.85146,4.69,1.55
2016.03.22 15:06:57.032,0.85132,0.85145,1.75,1.00
2016.03.22 15:06:57.559,0.85132,0.85147,1.75,1.07
2016.03.22 15:06:59.846,0.85137,0.85148,1.00,1.00
2016.03.22 15:07:00.151,0.85135,0.85151,3.75,1.51
2016.03.22 15:07:01.756,0.85136,0.85151,3.00,1.55
2016.03.22 15:07:02.300,0.85136,0.85151,1.75,1.63
2016.03.22 15:07:04.171,0.85135,0.85143,4.50,1.25
2016.03.22 15:07:04.222,0.85135,0.85143,1.37,1.62
2016.03.22 15:07:04.273,0.85131,0.85141,1.87,1.00
2016.03.22 15:07:04.324,0.85129,0.85141,1.37,1.51
2016.03.22 15:07:04.375,0.85129,0.85141,1.00,1.88
2016.03.22 15:07:04.426,0.85127,0.85137,1.37,1.00
2016.03.22 15:07:05.002,0.85125,0.85136,1.95,1.00
2016.03.22 15:07:05.054,0.85125,0.85136,1.47,1.12
2016.03.22 15:07:09.231,0.85126,0.8514,1.37,2.38
2016.03.22 15:07:09.941,0.85126,0.85137,1.00,1.00
2016.03.22 15:07:10.499,0.85127,0.85137,1.00,1.00
2016.03.22 15:07:10.653,0.85127,0.85142,2.00,2.38
2016.03.22 15:07:10.755,0.85129,0.85141,1.00,1.18
2016.03.22 15:07:13.140,0.85132,0.85143,1.00,1.13
2016.03.22 15:07:13.242,0.85132,0.85143,1.00,1.00
2016.03.22 15:07:14.875,0.85129,0.85144,1.12,1.88
2016.03.22 15:07:17.374,0.85129,0.85144,1.50,1.88
2016.03.22 15:07:17.476,0.85129,0.85144,1.12,1.07
2016.03.22 15:07:18.006,0.85129,0.85142,1.12,1.88
2016.03.22 15:07:18.949,0.85129,0.85139,1.12,1.00
2016.03.22 15:07:19.353,0.85129,0.85139,1.37,1.50
2016.03.22 15:07:21.455,0.85127,0.85139,1.87,1.87
2016.03.22 15:07:22.021,0.85126,0.85138,1.50,1.00
2016.03.22 15:07:22.073,0.85128,0.85138,1.37,1.00
2016.03.22 15:07:23.442,0.85128,0.8514,1.37,1.31
2016.03.22 15:07:23.954,0.85128,0.85142,1.37,5.14
2016.03.22 15:07:24.107,0.85128,0.85142,1.50,1.95
2016.03.22 15:07:24.159,0.85128,0.85142,1.37,1.85
2016.03.22 15:07:24.692,0.85128,0.85143,2.25,1.99
2016.03.22 15:07:25.001,0.85128,0.85143,2.25,3.49
2016.03.22 15:07:25.509,0.85128,0.85143,1.75,1.80
2016.03.22 15:07:26.569,0.85128,0.85139,1.75,1.00
2016.03.22 15:07:27.788,0.85128,0.85139,1.50,1.00
2016.03.22 15:07:28.337,0.8513,0.85139,1.00,1.00
2016.03.22 15:07:29.124,0.8513,0.8514,1.00,1.00
2016.03.22 15:07:29.378,0.85128,0.8514,1.37,1.50
2016.03.22 15:07:29.480,0.85126,0.85138,1.12,1.50
2016.03.22 15:07:29.582,0.85126,0.85137,1.00,1.75
2016.03.22 15:07:29.684,0.85126,0.85138,1.00,1.75
2016.03.22 15:07:29.786,0.85128,0.85141,1.00,2.32
2016.03.22 15:07:30.123,0.85127,0.85135,1.00,1.00
2016.03.22 15:07:30.429,0.85129,0.85135,1.00,1.00
2016.03.22 15:07:30.480,0.85128,0.85138,1.12,1.25
2016.03.22 15:07:30.937,0.85128,0.85142,1.50,2.25
2016.03.22 15:07:31.379,0.85129,0.85143,1.75,2.25
2016.03.22 15:07:31.481,0.85129,0.85142,1.12,1.12
2016.03.22 15:07:31.735,0.85127,0.85137,1.87,1.00
2016.03.22 15:07:31.837,0.85133,0.85145,1.50,1.87
2016.03.22 15:07:31.888,0.85137,0.85145,1.00,1.00
2016.03.22 15:07:31.939,0.85137,0.85147,1.00,1.00
2016.03.22 15:07:32.142,0.85139,0.85147,1.00,1.00
2016.03.22 15:07:32.295,0.85139,0.85151,1.50,1.10
2016.03.22 15:07:32.856,0.85136,0.85149,1.75,1.37
2016.03.22 15:07:32.907,0.85136,0.85149,1.50,2.32
2016.03.22 15:07:33.009,0.85135,0.8515,2.25,2.40
2016.03.22 15:07:33.111,0.85137,0.8515,1.50,1.50
2016.03.22 15:07:34.450,0.85138,0.85151,1.50,2.25
2016.03.22 15:07:36.885,0.85138,0.85147,1.75,1.00
2016.03.22 15:07:37.391,0.85138,0.85148,1.75,1.00
2016.03.22 15:07:39.085,0.85138,0.85147,1.75,1.00
2016.03.22 15:07:39.732,0.85139,0.85151,1.37,1.12
2016.03.22 15:07:39.884,0.85142,0.85154,1.00,2.25
2016.03.22 15:07:40.189,0.85146,0.8516,1.12,1.75
2016.03.22 15:07:41.147,0.85148,0.85158,1.00,1.69
2016.03.22 15:07:41.248,0.85142,0.85153,1.57,1.00
2016.03.22 15:07:41.402,0.85138,0.8515,1.95,1.37
2016.03.22 15:07:41.809,0.85141,0.85151,2.51,1.50
2016.03.22 15:07:41.962,0.85148,0.85161,1.75,2.10
2016.03.22 15:07:42.935,0.85148,0.85161,1.75,1.05
2016.03.22 15:07:44.316,0.8515,0.85163,1.50,1.95
2016.03.22 15:07:44.828,0.8515,0.85162,1.75,1.50
2016.03.22 15:07:45.653,0.8515,0.85162,1.50,1.50
2016.03.22 15:07:45.856,0.8515,0.85162,1.00,1.95
2016.03.22 15:07:47.461,0.8515,0.85159,1.00,1.00
2016.03.22 15:07:47.563,0.85148,0.85159,1.12,1.37
2016.03.22 15:07:51.730,0.85149,0.85159,1.31,1.37
2016.03.22 15:07:51.977,0.85159,0.85168,1.75,1.00
2016.03.22 15:07:52.080,0.85159,0.85172,1.75,1.00
2016.03.22 15:07:52.486,0.85162,0.8517,1.00,1.00
2016.03.22 15:07:53.329,0.8516,0.8517,2.25,1.00
2016.03.22 15:07:53.380,0.8516,0.85172,2.25,1.00
2016.03.22 15:07:56.172,0.8516,0.85172,1.50,1.50
2016.03.22 15:07:57.402,0.8516,0.85172,1.37,1.50
2016.03.22 15:07:57.944,0.8516,0.85172,1.37,1.37
2016.03.22 15:07:58.667,0.8516,0.85172,1.12,1.75
2016.03.22 15:08:00.287,0.85158,0.85172,1.00,1.75
2016.03.22 15:08:01.093,0.85157,0.85172,1.75,1.75
2016.03.22 15:08:01.144,0.85157,0.85172,1.75,1.50
2016.03.22 15:08:02.132,0.85157,0.85172,1.75,1.87
2016.03.22 15:08:02.650,0.85156,0.8517,2.00,1.87
2016.03.22 15:08:03.393,0.85156,0.8517,1.75,2.44
2016.03.22 15:08:03.720,0.85156,0.85169,1.00,3.00
2016.03.22 15:08:03.773,0.85154,0.85168,1.00,1.20
2016.03.22 15:08:04.488,0.85153,0.85167,1.50,1.85
2016.03.22 15:08:04.823,0.85154,0.85167,1.69,1.00
2016.03.22 15:08:05.372,0.85154,0.8517,2.00,1.85
2016.03.22 15:08:07.778,0.85156,0.85167,1.50,1.12
2016.03.22 15:08:08.286,0.85154,0.85167,1.69,1.50
2016.03.22 15:08:08.388,0.85154,0.85166,1.00,1.62
2016.03.22 15:08:08.593,0.85153,0.85165,1.37,1.10
2016.03.22 15:08:08.695,0.85153,0.85166,1.50,1.95
2016.03.22 15:08:09.024,0.85155,0.85168,1.75,1.37
2016.03.22 15:08:09.127,0.85156,0.85171,3.00,1.75
2016.03.22 15:08:09.179,0.85156,0.85171,3.75,1.12
2016.03.22 15:08:09.692,0.8516,0.85172,1.12,1.31
2016.03.22 15:08:11.858,0.8516,0.8517,1.12,1.00
2016.03.22 15:08:12.747,0.8516,0.85173,1.12,1.76
2016.03.22 15:08:13.551,0.85162,0.85174,1.00,2.51
2016.03.22 15:08:19.403,0.85166,0.85176,1.00,2.06
2016.03.22 15:08:19.706,0.85173,0.85183,2.25,1.87
2016.03.22 15:08:20.011,0.85174,0.85183,1.50,1.00
2016.03.22 15:08:20.568,0.85173,0.85183,1.00,1.00
2016.03.22 15:08:21.461,0.85173,0.85184,1.00,1.00
2016.03.22 15:08:22.005,0.85172,0.85183,1.00,1.00
2016.03.22 15:08:23.602,0.85172,0.85183,1.00,1.37
2016.03.22 15:08:24.198,0.85172,0.85183,1.00,1.00
2016.03.22 15:08:26.548,0.85168,0.85183,2.25,1.12
2016.03.22 15:08:26.650,0.85169,0.85182,1.00,1.87
2016.03.22 15:08:26.955,0.85168,0.8518,1.50,1.37
2016.03.22 15:08:28.241,0.85165,0.8518,1.75,2.25
2016.03.22 15:08:28.749,0.85166,0.85178,1.00,1.00
2016.03.22 15:08:29.931,0.85168,0.85181,1.37,1.75
2016.03.22 15:08:29.983,0.85169,0.85183,1.49,2.32
2016.03.22 15:08:30.035,0.85171,0.85184,1.75,1.87
2016.03.22 15:08:30.086,0.85172,0.85184,1.12,1.00
2016.03.22 15:08:30.137,0.85174,0.85185,3.00,1.00
2016.03.22 15:08:30.239,0.85177,0.85188,1.00,1.87
2016.03.22 15:08:30.340,0.85176,0.85188,2.25,1.12
2016.03.22 15:08:30.392,0.85179,0.8519,1.00,2.62
2016.03.22 15:08:30.910,0.85176,0.8519,1.50,2.62
2016.03.22 15:08:31.321,0.85176,0.85188,1.50,1.37
2016.03.22 15:08:31.677,0.85177,0.8519,1.12,2.25
2016.03.22 15:08:32.262,0.85177,0.8519,1.37,2.62
2016.03.22 15:08:35.230,0.85177,0.85189,1.37,1.75
2016.03.22 15:08:35.737,0.85177,0.85188,1.37,1.00
2016.03.22 15:08:36.854,0.85173,0.85188,3.19,1.12
2016.03.22 15:08:37.108,0.85174,0.85185,1.00,1.87
2016.03.22 15:08:37.159,0.85171,0.85183,1.50,1.00
2016.03.22 15:08:37.210,0.85171,0.85183,1.00,1.87
2016.03.22 15:08:37.389,0.8517,0.85184,1.50,1.12
2016.03.22 15:08:37.492,0.85171,0.85185,1.75,1.12
2016.03.22 15:08:37.646,0.85171,0.85186,1.75,1.37
2016.03.22 15:08:37.901,0.85168,0.8518,1.69,1.50
2016.03.22 15:08:37.953,0.85168,0.8518,1.25,1.87
2016.03.22 15:08:38.336,0.85166,0.85178,1.12,1.37
2016.03.22 15:08:38.837,0.85165,0.85178,1.50,1.25
2016.03.22 15:08:39.339,0.85166,0.85177,1.12,1.12
2016.03.22 15:08:39.846,0.85167,0.8518,1.12,2.51
2016.03.22 15:08:39.897,0.85168,0.85182,1.37,1.97
2016.03.22 15:08:39.999,0.85171,0.85181,1.00,1.00
2016.03.22 15:08:40.050,0.85171,0.85183,1.37,1.37
2016.03.22 15:08:40.101,0.85172,0.85183,1.50,1.00
2016.03.22 15:08:41.358,0.85172,0.85183,1.50,1.62
2016.03.22 15:08:41.560,0.85172,0.85184,1.50,1.00
2016.03.22 15:08:42.068,0.85172,0.85184,1.50,1.12
2016.03.22 15:08:45.278,0.85172,0.85185,1.50,1.25
2016.03.22 15:08:46.404,0.85172,0.85185,1.75,1.69
2016.03.22 15:08:46.976,0.85172,0.85184,1.75,1.19
2016.03.22 15:08:52.377,0.85171,0.85183,3.00,1.19
2016.03.22 15:08:52.916,0.85171,0.85184,3.00,1.69
2016.03.22 15:08:55.163,0.85171,0.85183,1.75,1.31
2016.03.22 15:08:55.367,0.8517,0.85183,1.75,2.06
2016.03.22 15:08:55.828,0.85172,0.85183,1.50,2.06
2016.03.22 15:08:56.788,0.85172,0.85183,1.00,2.44
2016.03.22 15:08:56.923,0.85167,0.85175,3.75,1.12
2016.03.22 15:08:56.974,0.85168,0.85175,1.00,1.12
2016.03.22 15:08:57.026,0.85164,0.85173,1.00,1.87
2016.03.22 15:08:57.079,0.85162,0.85173,1.00,1.87
2016.03.22 15:08:57.233,0.8516,0.85173,1.50,1.87
2016.03.22 15:08:57.740,0.85161,0.85173,1.50,2.25
2016.03.22 15:08:57.969,0.85162,0.85173,1.31,1.12
2016.03.22 15:08:58.490,0.85162,0.85174,1.12,1.50
2016.03.22 15:09:00.324,0.85161,0.85174,1.69,1.12
2016.03.22 15:09:00.763,0.85163,0.85174,1.00,1.50
2016.03.22 15:09:02.093,0.85163,0.85175,1.12,1.87
2016.03.22 15:09:02.548,0.85163,0.85171,1.00,1.00
2016.03.22 15:09:02.651,0.85161,0.85171,1.00,1.00
2016.03.22 15:09:03.869,0.85161,0.85172,1.00,1.00
2016.03.22 15:09:04.022,0.85167,0.85174,1.00,1.87
2016.03.22 15:09:04.225,0.85172,0.85183,1.50,2.25
2016.03.22 15:09:04.377,0.85172,0.85183,1.50,1.00
2016.03.22 15:09:04.952,0.85174,0.85184,1.12,1.00
2016.03.22 15:09:05.358,0.85175,0.85186,1.00,1.00
2016.03.22 15:09:05.459,0.85176,0.85186,1.12,1.00
2016.03.22 15:09:05.764,0.85183,0.85195,1.75,1.00
2016.03.22 15:09:06.305,0.85183,0.85196,2.25,1.50
2016.03.22 15:09:06.458,0.85185,0.85198,1.50,1.39
2016.03.22 15:09:06.610,0.85187,0.85198,1.50,1.50
2016.03.22 15:09:06.763,0.85189,0.85202,3.00,1.62
2016.03.22 15:09:06.814,0.85192,0.85202,1.37,1.00
2016.03.22 15:09:07.331,0.85192,0.85203,1.37,1.50
2016.03.22 15:09:11.567,0.85193,0.85205,2.25,1.37
2016.03.22 15:09:11.872,0.85198,0.85207,1.75,1.00
2016.03.22 15:09:12.453,0.85193,0.85206,3.37,1.12
2016.03.22 15:09:12.555,0.85193,0.85205,1.87,1.57
2016.03.22 15:09:12.766,0.85192,0.85205,1.12,2.70
2016.03.22 15:09:12.972,0.8519,0.85205,1.50,2.70
2016.03.22 15:09:13.478,0.85188,0.85203,1.75,2.44
2016.03.22 15:09:13.787,0.85191,0.85205,2.25,1.20
2016.03.22 15:09:14.314,0.85193,0.85207,3.75,1.76
2016.03.22 15:09:21.891,0.85193,0.85207,3.00,2.04
2016.03.22 15:09:25.094,0.85195,0.85206,1.50,1.69
2016.03.22 15:09:25.687,0.85194,0.85207,1.87,1.01
2016.03.22 15:09:26.674,0.85194,0.85205,1.50,1.50
2016.03.22 15:09:26.725,0.85191,0.85205,3.00,1.69
2016.03.22 15:09:26.776,0.85191,0.85202,2.25,1.37
2016.03.22 15:09:27.338,0.85191,0.85202,1.50,2.00
2016.03.22 15:09:28.008,0.85189,0.85202,2.25,2.00
2016.03.22 15:09:30.801,0.8519,0.85202,2.25,1.12
2016.03.22 15:09:31.217,0.85191,0.852,1.50,1.00
2016.03.22 15:09:31.688,0.85191,0.85199,1.50,3.19
2016.03.22 15:09:31.743,0.85185,0.85199,1.87,3.94
2016.03.22 15:09:31.794,0.85183,0.85197,1.50,2.44
2016.03.22 15:09:32.102,0.85185,0.85197,1.50,3.71
2016.03.22 15:09:32.609,0.85185,0.85196,1.87,1.75
2016.03.22 15:09:33.440,0.85184,0.85197,1.50,3.19
2016.03.22 15:09:33.542,0.85181,0.85193,1.87,1.37
2016.03.22 15:09:33.643,0.85185,0.85194,1.50,1.75
2016.03.22 15:09:33.695,0.85185,0.85197,1.50,1.85
2016.03.22 15:09:33.796,0.85185,0.85198,2.25,1.12
2016.03.22 15:09:34.101,0.85185,0.85198,2.25,1.12
2016.03.22 15:09:34.633,0.85186,0.85199,1.75,1.00
2016.03.22 15:09:34.939,0.85186,0.85198,1.50,1.87
2016.03.22 15:09:35.821,0.85186,0.85197,1.50,1.00
2016.03.22 15:09:36.801,0.85184,0.85197,1.50,1.50
2016.03.22 15:09:37.826,0.85186,0.85198,1.50,1.12
2016.03.22 15:09:38.006,0.85188,0.852,1.37,1.37
2016.03.22 15:09:38.057,0.85189,0.852,1.00,1.00
2016.03.22 15:09:38.261,0.85188,0.85201,1.37,1.87
2016.03.22 15:09:38.416,0.85186,0.85198,1.00,1.75
2016.03.22 15:09:38.825,0.85184,0.85197,1.12,1.75
2016.03.22 15:09:39.132,0.85183,0.85196,1.12,1.87
2016.03.22 15:09:40.759,0.85183,0.85193,1.12,2.05
2016.03.22 15:09:40.861,0.85178,0.85193,2.25,2.44
2016.03.22 15:09:40.963,0.85178,0.85192,1.50,2.06
2016.03.22 15:09:41.267,0.8518,0.85194,1.50,1.85
2016.03.22 15:09:41.947,0.8518,0.85194,1.50,1.75
2016.03.22 15:09:42.150,0.8518,0.85194,2.62,1.50
2016.03.22 15:09:42.353,0.85183,0.85196,1.37,1.69
2016.03.22 15:09:42.965,0.85183,0.85197,1.50,1.31
2016.03.22 15:09:43.455,0.85183,0.85197,2.25,1.50
2016.03.22 15:09:43.973,0.85183,0.85198,2.25,1.75
2016.03.22 15:09:44.480,0.85184,0.85195,1.50,1.00
2016.03.22 15:09:44.995,0.85184,0.85197,1.50,1.50
2016.03.22 15:09:45.351,0.85182,0.85193,1.00,1.37
2016.03.22 15:09:45.403,0.85182,0.85193,1.00,1.00
2016.03.22 15:09:45.455,0.8518,0.85193,1.12,1.75
2016.03.22 15:09:45.963,0.85179,0.85191,1.00,1.87
2016.03.22 15:09:46.268,0.8518,0.85193,1.50,1.87
2016.03.22 15:09:46.882,0.85181,0.85193,1.50,1.12
2016.03.22 15:09:50.149,0.85181,0.85193,1.37,1.37
2016.03.22 15:09:50.251,0.85176,0.8519,2.62,2.62
2016.03.22 15:09:50.353,0.85176,0.85187,1.12,1.50
2016.03.22 15:09:50.786,0.85177,0.8519,1.12,1.69
2016.03.22 15:09:50.938,0.85177,0.85191,1.50,1.69
2016.03.22 15:09:52.253,0.85177,0.85189,1.12,1.31
2016.03.22 15:09:52.304,0.85175,0.85187,1.75,1.00
2016.03.22 15:09:52.355,0.85175,0.85187,1.12,1.50
2016.03.22 15:09:52.457,0.85173,0.85187,1.87,1.87
2016.03.22 15:09:52.964,0.85171,0.85183,1.50,1.00
2016.03.22 15:09:53.480,0.85171,0.85183,1.50,1.50
2016.03.22 15:09:55.161,0.85172,0.85185,1.50,2.00
2016.03.22 15:09:55.466,0.85178,0.85187,1.00,1.19
2016.03.22 15:09:56.022,0.85178,0.85189,1.00,1.00
2016.03.22 15:09:56.775,0.85176,0.85189,3.37,1.12
2016.03.22 15:09:57.072,0.85178,0.85192,1.75,1.12
2016.03.22 15:09:57.179,0.85178,0.8519,1.75,1.00
2016.03.22 15:09:57.647,0.85178,0.8519,1.37,2.06
2016.03.22 15:09:57.698,0.85178,0.85187,1.00,1.00
2016.03.22 15:09:57.750,0.85175,0.85187,1.47,1.37
2016.03.22 15:09:58.356,0.85172,0.85187,1.85,1.12
2016.03.22 15:09:58.711,0.85176,0.85187,1.00,1.00
2016.03.22 15:09:59.017,0.85175,0.85188,1.75,1.37
2016.03.22 15:09:59.169,0.85175,0.8519,2.25,1.12
2016.03.22 15:09:59.374,0.8518,0.85192,1.00,2.62
2016.03.22 15:09:59.911,0.85178,0.85192,1.50,2.25
2016.03.22 15:10:00.316,0.85176,0.85189,2.25,1.00
2016.03.22 15:10:00.570,0.85179,0.85191,2.62,1.50
2016.03.22 15:10:00.949,0.85188,0.85199,1.00,1.69
2016.03.22 15:10:01.483,0.85188,0.85199,1.00,1.62
2016.03.22 15:10:02.096,0.85188,0.85199,1.00,2.14
2016.03.22 15:10:02.402,0.85189,0.85202,3.37,1.37
2016.03.22 15:10:02.454,0.85189,0.85203,3.75,1.20
2016.03.22 15:10:03.835,0.8519,0.85202,1.87,1.00
2016.03.22 15:10:04.393,0.85192,0.85202,1.50,1.00
2016.03.22 15:10:04.904,0.85192,0.85203,1.50,1.50
2016.03.22 15:10:05.444,0.85189,0.85201,1.75,1.19
2016.03.22 15:10:05.597,0.85187,0.85197,1.00,1.00
2016.03.22 15:10:07.604,0.85187,0.85198,1.00,4.57
2016.03.22 15:10:07.655,0.85184,0.85194,1.00,1.00
2016.03.22 15:10:07.808,0.85186,0.85198,1.00,2.62
2016.03.22 15:10:08.214,0.85188,0.852,1.12,2.25
2016.03.22 15:10:08.266,0.85188,0.852,1.50,2.25
2016.03.22 15:10:09.338,0.85188,0.85198,1.00,1.19
2016.03.22 15:10:09.490,0.85183,0.85197,1.87,1.69
2016.03.22 15:10:09.542,0.85183,0.85197,1.37,1.69
2016.03.22 15:10:10.067,0.85185,0.85195,1.00,1.00
2016.03.22 15:10:11.103,0.85185,0.85198,1.87,1.12
2016.03.22 15:10:13.304,0.85186,0.852,1.50,3.26
2016.03.22 15:10:13.612,0.85188,0.85198,1.50,1.00
2016.03.22 15:10:13.818,0.8519,0.85201,1.00,1.00
2016.03.22 15:10:14.312,0.85188,0.85202,1.37,2.81
2016.03.22 15:10:14.843,0.85188,0.85202,1.87,3.56
2016.03.22 15:10:15.832,0.85186,0.85201,3.75,1.12
2016.03.22 15:10:16.088,0.85184,0.85196,1.87,1.50
2016.03.22 15:10:16.292,0.85188,0.85194,1.00,1.00
2016.03.22 15:10:16.344,0.85186,0.85198,1.50,2.44
2016.03.22 15:10:16.395,0.85187,0.85199,1.00,1.94
2016.03.22 15:10:16.446,0.85189,0.852,1.00,1.50
2016.03.22 15:10:16.498,0.85189,0.852,1.00,1.00
2016.03.22 15:10:17.004,0.85188,0.85199,1.00,1.00
2016.03.22 15:10:17.658,0.85188,0.85199,1.00,1.56
2016.03.22 15:10:17.760,0.85185,0.85199,3.00,2.06
2016.03.22 15:10:17.863,0.85186,0.85198,1.37,1.00
2016.03.22 15:10:18.369,0.85188,0.85202,1.12,2.00
2016.03.22 15:10:19.263,0.85188,0.85203,1.50,4.31
2016.03.22 15:10:19.808,0.85187,0.85198,1.00,1.00
2016.03.22 15:10:20.316,0.85186,0.852,1.12,2.25
2016.03.22 15:10:21.872,0.85188,0.85201,1.00,2.25
2016.03.22 15:10:25.696,0.85187,0.85201,1.12,3.00
2016.03.22 15:10:25.848,0.85188,0.85203,1.12,3.64
2016.03.22 15:10:27.594,0.85186,0.85201,2.62,1.87
2016.03.22 15:10:27.646,0.85186,0.85201,1.87,1.87
2016.03.22 15:10:27.899,0.85188,0.85202,1.00,3.94
2016.03.22 15:10:27.950,0.85188,0.85202,1.87,2.00
2016.03.22 15:10:28.052,0.85188,0.85204,3.00,3.56
2016.03.22 15:10:28.825,0.85191,0.85204,1.00,2.44
2016.03.22 15:10:28.978,0.85192,0.85206,1.12,1.75
2016.03.22 15:10:36.935,0.85191,0.85206,1.75,2.25
2016.03.22 15:10:37.471,0.85193,0.85204,1.00,1.00
2016.03.22 15:10:39.068,0.85192,0.85207,1.12,3.75
2016.03.22 15:10:39.474,0.85189,0.85206,3.82,5.25
2016.03.22 15:10:41.996,0.85191,0.85204,1.00,2.00
2016.03.22 15:10:42.332,0.85186,0.85202,2.25,3.94
2016.03.22 15:10:42.949,0.85187,0.85202,1.50,2.44
2016.03.22 15:10:43.491,0.85186,0.85202,2.25,3.19
2016.03.22 15:10:44.229,0.85188,0.85201,1.00,1.75
2016.03.22 15:10:44.737,0.85186,0.85201,2.25,1.75
2016.03.22 15:10:47.915,0.85186,0.852,1.00,2.00
2016.03.22 15:10:48.017,0.85185,0.85198,1.50,1.50
2016.03.22 15:10:48.524,0.85185,0.85196,1.00,1.00
2016.03.22 15:10:49.088,0.85184,0.85196,2.25,1.00
2016.03.22 15:10:49.240,0.85184,0.852,2.25,2.00
2016.03.22 15:10:49.747,0.85187,0.85198,1.50,1.00
2016.03.22 15:10:51.210,0.85187,0.852,1.50,2.00
2016.03.22 15:10:51.413,0.85185,0.85199,1.12,1.75
2016.03.22 15:10:51.515,0.85185,0.85198,1.00,3.94
2016.03.22 15:10:52.025,0.85183,0.85198,1.87,2.00
2016.03.22 15:10:52.177,0.85186,0.85197,1.00,1.00
2016.03.22 15:10:52.684,0.85186,0.852,1.12,1.75
2016.03.22 15:10:52.735,0.85187,0.85199,1.87,1.00
2016.03.22 15:10:53.039,0.85196,0.85209,3.00,2.25
2016.03.22 15:10:53.090,0.85197,0.85211,1.00,1.75
2016.03.22 15:10:53.141,0.85197,0.85211,1.75,1.12
2016.03.22 15:10:53.446,0.85196,0.85211,2.62,1.50
2016.03.22 15:10:53.599,0.85198,0.85211,1.00,2.44
2016.03.22 15:10:53.752,0.85196,0.85208,1.12,1.12
2016.03.22 15:10:53.904,0.85196,0.85209,1.37,1.00
2016.03.22 15:10:55.919,0.852,0.85211,1.37,1.50
2016.03.22 15:10:59.611,0.85201,0.85211,1.00,1.62
2016.03.22 15:11:02.186,0.85201,0.85208,1.00,1.00
2016.03.22 15:11:02.238,0.85198,0.85208,1.00,2.06
2016.03.22 15:11:02.438,0.85196,0.85204,1.00,1.31
2016.03.22 15:11:03.551,0.85196,0.85204,1.00,1.00
2016.03.22 15:11:07.034,0.85196,0.85207,1.12,1.57
2016.03.22 15:11:07.540,0.85197,0.85209,1.00,1.94
2016.03.22 15:11:08.704,0.85198,0.8521,1.00,3.07
2016.03.22 15:11:08.755,0.852,0.8521,1.00,1.85
2016.03.22 15:11:08.926,0.85202,0.8521,1.00,1.00
2016.03.22 15:11:09.028,0.85202,0.85213,1.00,1.50
2016.03.22 15:11:10.461,0.85199,0.85212,1.75,1.12
2016.03.22 15:11:10.513,0.85199,0.85212,1.37,1.50
2016.03.22 15:11:10.564,0.85199,0.8521,1.00,1.00
2016.03.22 15:11:10.615,0.85202,0.85212,1.00,2.25
2016.03.22 15:11:11.211,0.85203,0.85214,1.00,1.62
2016.03.22 15:11:11.262,0.85207,0.85217,1.00,1.75
2016.03.22 15:11:11.863,0.85207,0.85217,1.00,1.75
2016.03.22 15:11:12.767,0.85208,0.85218,1.00,2.25
2016.03.22 15:11:13.370,0.85208,0.85218,1.00,2.25
2016.03.22 15:11:16.382,0.85209,0.85218,1.00,1.50
2016.03.22 15:11:16.535,0.85209,0.8522,1.00,3.19
2016.03.22 15:11:17.042,0.8521,0.8522,1.00,1.69
2016.03.22 15:11:17.548,0.85209,0.8522,1.12,2.81
2016.03.22 15:11:17.845,0.85209,0.85218,1.12,1.00
2016.03.22 15:11:18.464,0.85209,0.85221,1.12,1.69
2016.03.22 15:11:18.655,0.85211,0.85223,1.12,1.91
2016.03.22 15:11:18.707,0.85211,0.85223,1.50,1.91
2016.03.22 15:11:19.215,0.85211,0.85223,1.00,2.29
2016.03.22 15:11:19.927,0.85212,0.85224,1.00,1.94
2016.03.22 15:11:20.080,0.85215,0.85224,1.00,1.94
2016.03.22 15:11:21.162,0.85215,0.85224,1.00,1.69
2016.03.22 15:11:21.996,0.85215,0.85224,1.00,1.69
2016.03.22 15:11:22.296,0.85216,0.85226,1.00,1.69
2016.03.22 15:11:22.398,0.85218,0.85225,1.00,1.00
2016.03.22 15:11:22.903,0.85217,0.85227,1.12,1.37
2016.03.22 15:11:25.277,0.85217,0.85227,1.00,1.12
2016.03.22 15:11:29.251,0.85217,0.85229,1.00,1.94
2016.03.22 15:11:29.842,0.85217,0.85227,1.00,1.94
2016.03.22 15:11:30.672,0.85216,0.85227,1.12,1.94
2016.03.22 15:11:31.248,0.85216,0.85225,1.00,1.50
2016.03.22 15:11:31.569,0.85214,0.85225,1.00,1.50
2016.03.22 15:11:33.610,0.85214,0.85223,1.00,1.00
2016.03.22 15:11:34.838,0.85214,0.85225,1.00,1.76
2016.03.22 15:11:35.461,0.85214,0.85225,1.37,1.39
2016.03.22 15:11:35.966,0.85215,0.85225,1.00,1.25
2016.03.22 15:11:36.631,0.85215,0.85224,1.00,1.00
2016.03.22 15:11:37.170,0.85215,0.85226,1.00,2.06
2016.03.22 15:11:39.231,0.85217,0.85226,1.00,1.69
2016.03.22 15:11:39.333,0.85218,0.85229,1.00,1.50
2016.03.22 15:11:39.384,0.8522,0.85229,1.37,1.37
2016.03.22 15:11:39.436,0.8522,0.85232,1.75,1.25
2016.03.22 15:11:39.965,0.85224,0.85233,1.12,1.69
2016.03.22 15:11:40.517,0.85224,0.85235,1.12,2.44
2016.03.22 15:11:44.261,0.85225,0.85235,1.00,1.37
2016.03.22 15:11:44.312,0.85227,0.85237,1.00,1.50
2016.03.22 15:11:44.364,0.85229,0.85237,1.37,1.12
2016.03.22 15:11:44.517,0.85232,0.85244,1.75,1.50
2016.03.22 15:11:44.720,0.85232,0.85245,3.75,1.00
2016.03.22 15:11:45.251,0.85233,0.85245,1.75,1.00
2016.03.22 15:11:46.013,0.85237,0.85248,1.75,1.00
2016.03.22 15:11:46.115,0.85238,0.8525,1.75,1.12
2016.03.22 15:11:46.661,0.85238,0.8525,1.69,2.25
2016.03.22 15:11:46.712,0.85239,0.8525,1.69,1.87
2016.03.22 15:11:47.045,0.85248,0.85255,1.75,1.12
2016.03.22 15:11:47.452,0.85247,0.85259,1.75,2.47
2016.03.22 15:11:47.655,0.8524,0.85253,1.75,2.70
2016.03.22 15:11:47.707,0.85238,0.85249,3.00,1.00
2016.03.22 15:11:47.850,0.85236,0.85249,1.90,1.00
2016.03.22 15:11:48.458,0.85237,0.85249,1.37,1.50
2016.03.22 15:11:48.975,0.85233,0.85248,3.75,2.25
2016.03.22 15:11:49.953,0.85233,0.85247,1.93,1.87
2016.03.22 15:11:51.469,0.85231,0.85244,1.75,2.85
2016.03.22 15:11:51.777,0.85223,0.85238,3.00,2.25
2016.03.22 15:11:52.742,0.85223,0.85238,1.75,1.12
2016.03.22 15:11:53.356,0.85222,0.85239,1.88,2.62
2016.03.22 15:11:53.896,0.85222,0.85236,1.93,1.00
2016.03.22 15:11:54.523,0.85221,0.85235,1.88,1.00
2016.03.22 15:11:54.723,0.85219,0.85232,3.00,1.20
2016.03.22 15:11:54.875,0.85214,0.85231,3.88,1.75
2016.03.22 15:11:54.977,0.85214,0.8523,2.38,1.75
2016.03.22 15:11:55.079,0.85216,0.85227,1.00,1.00
2016.03.22 15:11:55.974,0.85218,0.85227,1.00,1.00
2016.03.22 15:11:56.076,0.85221,0.85232,1.00,1.00
2016.03.22 15:11:56.127,0.85221,0.85234,1.37,1.50
2016.03.22 15:11:56.280,0.85223,0.85234,1.00,1.50
2016.03.22 15:11:56.484,0.85221,0.85234,1.12,1.50
2016.03.22 15:11:56.687,0.85221,0.85234,1.75,1.37
2016.03.22 15:11:57.004,0.8522,0.85237,4.07,3.82
2016.03.22 15:11:57.462,0.85221,0.85235,1.75,1.50
2016.03.22 15:11:57.767,0.85221,0.85233,1.00,1.87
2016.03.22 15:11:57.818,0.85217,0.85233,1.82,2.62
2016.03.22 15:11:57.870,0.85217,0.85233,1.82,2.62
2016.03.22 15:11:58.421,0.85216,0.8523,1.82,1.50
2016.03.22 15:11:58.574,0.85216,0.85229,1.12,1.87
2016.03.22 15:11:59.080,0.85213,0.85227,2.57,1.07
2016.03.22 15:12:00.459,0.85213,0.85227,2.44,1.95
2016.03.22 15:12:01.363,0.85213,0.85229,3.19,2.32
2016.03.22 15:12:01.982,0.85214,0.85226,2.25,1.00
2016.03.22 15:12:02.084,0.85214,0.85226,1.12,1.87
2016.03.22 15:12:02.135,0.85211,0.85226,1.75,2.25
2016.03.22 15:12:02.682,0.85213,0.85224,1.00,1.00
2016.03.22 15:12:03.665,0.85213,0.85226,1.50,1.57
2016.03.22 15:12:04.823,0.85212,0.85225,1.37,1.50
2016.03.22 15:12:04.875,0.8521,0.85225,2.25,1.75
2016.03.22 15:12:05.077,0.85211,0.85225,2.00,1.00
2016.03.22 15:12:05.381,0.85217,0.8523,1.75,1.57
2016.03.22 15:12:05.686,0.85224,0.85237,1.75,1.00
2016.03.22 15:12:08.769,0.8523,0.85237,1.00,1.00
2016.03.22 15:12:08.871,0.8523,0.85239,1.00,1.00
2016.03.22 15:12:09.498,0.8523,0.85241,1.00,1.20
2016.03.22 15:12:09.651,0.85229,0.85242,3.00,1.95
2016.03.22 15:12:09.863,0.85236,0.85247,1.75,1.00
2016.03.22 15:12:10.370,0.85236,0.85248,1.75,1.00
2016.03.22 15:12:10.472,0.85241,0.85248,1.00,1.00
2016.03.22 15:12:10.675,0.85241,0.85252,1.00,2.62
2016.03.22 15:12:11.189,0.85236,0.85251,1.75,1.45
2016.03.22 15:12:11.918,0.85237,0.85251,1.75,2.32
2016.03.22 15:12:12.594,0.85236,0.85249,3.00,1.00
2016.03.22 15:12:12.797,0.85236,0.85249,1.87,1.50
2016.03.22 15:12:12.950,0.85235,0.85249,1.75,1.37
2016.03.22 15:12:13.469,0.85235,0.85247,2.25,1.12
2016.03.22 15:12:13.622,0.8523,0.85244,1.50,1.20
2016.03.22 15:12:13.673,0.85228,0.85242,2.06,1.75
2016.03.22 15:12:13.877,0.85227,0.85241,2.06,3.07
2016.03.22 15:12:14.284,0.85227,0.8524,3.56,1.12
2016.03.22 15:12:14.614,0.85236,0.85249,1.75,1.45
2016.03.22 15:12:14.818,0.85236,0.8525,2.25,1.10
2016.03.22 15:12:16.130,0.85236,0.85252,2.25,2.25
2016.03.22 15:12:16.397,0.85239,0.85254,1.75,1.95
2016.03.22 15:12:16.572,0.8524,0.85255,2.25,4.50
2016.03.22 15:12:17.102,0.85242,0.85253,1.00,1.00
2016.03.22 15:12:17.508,0.85242,0.85253,1.00,1.50
2016.03.22 15:12:17.828,0.85235,0.85248,1.75,1.00
2016.03.22 15:12:17.879,0.85231,0.85248,3.88,1.10
2016.03.22 15:12:17.931,0.85231,0.85249,2.38,3.37
2016.03.22 15:12:17.982,0.85231,0.85248,2.38,1.27
2016.03.22 15:12:18.084,0.85231,0.85247,1.75,1.67
2016.03.22 15:12:18.389,0.85227,0.85244,2.44,4.50
2016.03.22 15:12:19.696,0.85226,0.85241,1.75,1.50
2016.03.22 15:12:20.026,0.85224,0.85238,1.75,1.37
2016.03.22 15:12:20.594,0.85221,0.85236,2.25,1.37
2016.03.22 15:12:20.696,0.8522,0.85235,1.12,1.37
2016.03.22 15:12:21.035,0.85221,0.85235,1.50,1.50
2016.03.22 15:12:25.243,0.85218,0.85234,1.50,3.75
2016.03.22 15:12:25.855,0.85218,0.85234,1.75,2.25
2016.03.22 15:12:27.519,0.85218,0.85235,2.25,1.75
2016.03.22 15:12:28.026,0.85219,0.85234,1.75,1.37
2016.03.22 15:12:28.417,0.8522,0.85235,1.75,1.50
2016.03.22 15:12:31.432,0.85223,0.85236,1.00,2.25
2016.03.22 15:12:31.584,0.85219,0.85236,2.44,3.75
2016.03.22 15:12:34.282,0.85217,0.85232,1.94,2.25
2016.03.22 15:12:34.827,0.85215,0.85232,3.19,1.75
2016.03.22 15:12:35.182,0.8522,0.85233,1.31,2.32
2016.03.22 15:12:35.488,0.85222,0.85237,2.25,1.12
2016.03.22 15:12:37.774,0.85223,0.85236,1.50,1.37
2016.03.22 15:12:37.825,0.8522,0.85236,2.04,1.75
2016.03.22 15:12:38.344,0.8522,0.85236,4.69,1.50
2016.03.22 15:12:38.743,0.8522,0.85236,3.19,1.50
2016.03.22 15:12:39.256,0.8522,0.85236,1.69,3.75
2016.03.22 15:12:39.358,0.8522,0.85234,1.69,1.12
2016.03.22 15:12:39.663,0.85226,0.85239,1.94,1.00
2016.03.22 15:12:40.191,0.85227,0.85238,2.00,1.00
2016.03.22 15:12:40.444,0.85226,0.85242,1.94,1.75
2016.03.22 15:12:48.792,0.85226,0.85239,1.94,1.00
2016.03.22 15:12:50.298,0.85225,0.85237,1.94,1.00
2016.03.22 15:12:50.451,0.85222,0.85234,1.56,1.37
2016.03.22 15:12:50.502,0.85222,0.85234,1.19,2.62
2016.03.22 15:12:50.706,0.85218,0.8523,1.69,1.75
2016.03.22 15:12:50.807,0.85219,0.8523,1.87,1.50
2016.03.22 15:12:51.317,0.85218,0.85232,1.50,1.75
2016.03.22 15:12:52.128,0.85217,0.85232,1.50,2.25
2016.03.22 15:12:52.632,0.85216,0.85228,1.50,1.12
2016.03.22 15:12:53.174,0.85216,0.85227,1.50,1.00
2016.03.22 15:12:53.632,0.85212,0.85225,1.85,1.37
2016.03.22 15:12:53.835,0.85214,0.85227,1.93,1.87
2016.03.22 15:12:53.937,0.85215,0.85227,1.18,1.50
2016.03.22 15:12:53.989,0.85216,0.85227,1.13,1.00
2016.03.22 15:12:54.041,0.85216,0.85229,2.38,1.12
2016.03.22 15:12:54.652,0.85215,0.85225,1.63,1.00
2016.03.22 15:12:54.754,0.85214,0.85225,1.50,1.00
2016.03.22 15:12:55.262,0.85215,0.85224,1.12,1.00
2016.03.22 15:12:55.416,0.85215,0.85225,1.37,1.00
2016.03.22 15:12:55.856,0.85216,0.85226,1.75,1.00
2016.03.22 15:12:56.365,0.85217,0.85225,1.75,1.00
2016.03.22 15:12:56.886,0.85217,0.85226,1.75,1.00
2016.03.22 15:12:58.598,0.85218,0.85223,1.00,1.00
2016.03.22 15:12:58.802,0.85217,0.85224,3.00,1.00
2016.03.22 15:12:59.007,0.8522,0.85231,1.00,1.50
2016.03.22 15:12:59.477,0.85221,0.85232,1.00,1.50
2016.03.22 15:13:00.038,0.85219,0.85232,1.50,1.50
2016.03.22 15:13:00.140,0.85219,0.85233,1.75,2.32
2016.03.22 15:13:00.681,0.85219,0.85231,1.75,1.00
2016.03.22 15:13:01.232,0.85219,0.85233,1.75,2.32
2016.03.22 15:13:01.981,0.85219,0.85233,1.75,1.85
2016.03.22 15:13:05.192,0.85218,0.85234,1.87,1.57
2016.03.22 15:13:05.345,0.85219,0.85235,2.17,1.75
2016.03.22 15:13:05.877,0.8522,0.85235,1.87,1.75
2016.03.22 15:13:07.245,0.8522,0.85235,1.12,1.50
2016.03.22 15:13:07.296,0.85224,0.85235,1.00,1.00
2016.03.22 15:13:07.802,0.8522,0.85232,1.37,1.12
2016.03.22 15:13:07.955,0.8522,0.85231,1.12,1.50
2016.03.22 15:13:08.209,0.85216,0.85231,2.06,1.75
2016.03.22 15:13:08.735,0.85217,0.85228,1.00,1.00
2016.03.22 15:13:09.718,0.85216,0.85233,2.06,4.12
2016.03.22 15:13:10.024,0.85217,0.85229,1.37,2.25
2016.03.22 15:13:10.126,0.8522,0.85232,1.00,1.00
2016.03.22 15:13:10.178,0.85221,0.85233,1.87,1.00
2016.03.22 15:13:10.689,0.85221,0.85237,2.62,2.62
2016.03.22 15:13:10.892,0.85226,0.85236,1.00,1.00
2016.03.22 15:13:11.095,0.85224,0.8524,2.25,1.85
2016.03.22 15:13:11.603,0.85224,0.85239,1.75,1.50
2016.03.22 15:13:11.992,0.85222,0.85237,1.75,1.87
2016.03.22 15:13:12.195,0.85221,0.85237,3.75,1.75
2016.03.22 15:13:12.296,0.85221,0.85237,5.25,1.50
2016.03.22 15:13:13.035,0.85221,0.85237,1.75,1.75
2016.03.22 15:13:13.557,0.85221,0.85235,1.75,1.50
2016.03.22 15:13:13.710,0.85221,0.85235,2.25,1.12
2016.03.22 15:13:14.070,0.85225,0.85237,1.00,1.00
2016.03.22 15:13:14.223,0.85224,0.85239,2.25,1.50
2016.03.22 15:13:15.116,0.85224,0.85239,1.75,1.75
2016.03.22 15:13:17.240,0.85223,0.85239,2.25,1.50
2016.03.22 15:13:17.775,0.85222,0.85239,4.87,1.75
2016.03.22 15:13:18.302,0.85223,0.8524,1.50,4.57
2016.03.22 15:13:18.353,0.85223,0.8524,1.50,4.57
2016.03.22 15:13:18.404,0.85223,0.8524,1.75,3.82
2016.03.22 15:13:18.455,0.85223,0.8524,1.75,3.82
2016.03.22 15:13:19.369,0.85225,0.8524,1.75,1.85
2016.03.22 15:13:19.420,0.85228,0.85239,1.00,1.00
2016.03.22 15:13:21.943,0.85226,0.8524,1.12,1.75
2016.03.22 15:13:21.994,0.85228,0.8524,2.62,1.37
2016.03.22 15:13:22.045,0.8523,0.8524,1.00,1.00
2016.03.22 15:13:22.096,0.8523,0.8524,1.87,1.00
2016.03.22 15:13:22.147,0.85231,0.85245,1.12,1.87
2016.03.22 15:13:22.249,0.85232,0.85245,1.75,1.00
2016.03.22 15:13:22.300,0.85233,0.85247,1.75,2.92
2016.03.22 15:13:22.642,0.8523,0.85247,1.75,2.92
2016.03.22 15:13:23.675,0.85229,0.85245,3.00,2.25
2016.03.22 15:13:23.911,0.85226,0.85242,1.50,4.50
2016.03.22 15:13:24.064,0.85226,0.8524,1.50,1.75
2016.03.22 15:13:25.275,0.85226,0.85238,1.37,1.00
2016.03.22 15:13:25.721,0.85224,0.85234,1.75,1.00
2016.03.22 15:13:25.823,0.85223,0.85234,2.06,1.00
2016.03.22 15:13:26.142,0.85222,0.85236,1.31,1.12
2016.03.22 15:13:27.088,0.85222,0.85238,1.12,1.37
2016.03.22 15:13:34.700,0.85222,0.85237,2.32,1.50
2016.03.22 15:13:34.802,0.85223,0.85237,1.00,1.50
2016.03.22 15:13:35.342,0.85223,0.85238,1.50,1.12
2016.03.22 15:13:36.491,0.85225,0.85238,1.00,1.75
2016.03.22 15:13:36.593,0.85228,0.85239,1.00,1.75
2016.03.22 15:13:36.696,0.85228,0.85242,1.12,1.12
2016.03.22 15:13:36.899,0.85228,0.85242,1.50,1.12
2016.03.22 15:13:39.481,0.85228,0.85243,3.75,1.12
2016.03.22 15:13:39.583,0.85229,0.85244,1.50,2.25
2016.03.22 15:13:42.905,0.85229,0.85244,1.75,1.37
2016.03.22 15:13:43.210,0.85232,0.85246,1.37,1.12
2016.03.22 15:13:43.312,0.85232,0.85246,1.50,1.87
2016.03.22 15:13:47.747,0.85232,0.85247,1.75,2.25
2016.03.22 15:13:48.288,0.85232,0.85248,2.25,1.87
2016.03.22 15:13:52.728,0.85232,0.85247,1.75,2.25
2016.03.22 15:13:52.931,0.85232,0.85246,2.25,1.75
2016.03.22 15:13:56.282,0.85234,0.85245,1.00,1.00
2016.03.22 15:13:56.769,0.85232,0.85243,1.50,1.00
2016.03.22 15:13:57.276,0.85233,0.85243,1.00,1.00
2016.03.22 15:13:58.810,0.85232,0.85243,1.50,1.00
2016.03.22 15:14:00.967,0.85233,0.85243,1.00,1.00
2016.03.22 15:14:01.756,0.85232,0.85243,2.25,1.00
2016.03.22 15:14:02.075,0.85232,0.85247,2.25,3.00
2016.03.22 15:14:02.897,0.85234,0.85245,1.50,1.00
2016.03.22 15:14:05.291,0.85232,0.85249,3.75,4.69
2016.03.22 15:14:07.872,0.85233,0.85243,1.37,1.00
2016.03.22 15:14:08.177,0.85226,0.85235,1.00,1.50
2016.03.22 15:14:08.330,0.85219,0.85233,4.65,1.31
2016.03.22 15:14:08.483,0.85219,0.8523,4.65,1.00
2016.03.22 15:14:08.585,0.85219,0.85233,1.75,1.56
2016.03.22 15:14:08.688,0.85217,0.8523,1.75,1.31
2016.03.22 15:14:08.844,0.85216,0.8523,1.20,1.94
2016.03.22 15:14:08.895,0.85216,0.8523,1.75,1.31
2016.03.22 15:14:09.048,0.85216,0.8523,1.50,1.94
2016.03.22 15:14:09.675,0.85216,0.85229,1.00,1.69
2016.03.22 15:14:09.993,0.85217,0.85232,1.87,1.69
2016.03.22 15:14:10.297,0.8522,0.85235,1.37,3.19
2016.03.22 15:14:10.607,0.85224,0.85236,1.75,1.19
2016.03.22 15:14:10.826,0.85222,0.85236,1.75,1.31
2016.03.22 15:14:12.275,0.85223,0.85235,1.00,1.56
2016.03.22 15:14:12.377,0.85221,0.85235,1.00,2.44
2016.03.22 15:14:12.479,0.85218,0.85234,1.85,2.00
2016.03.22 15:14:14.701,0.85221,0.85232,1.00,1.19
2016.03.22 15:14:15.207,0.8522,0.85233,1.50,1.56
2016.03.22 15:14:15.811,0.8522,0.85234,1.50,2.44
2016.03.22 15:14:16.352,0.8522,0.85233,1.50,1.56
2016.03.22 15:14:17.023,0.85221,0.85233,1.75,1.31
2016.03.22 15:14:17.126,0.85225,0.85236,1.00,3.19
2016.03.22 15:14:18.411,0.85221,0.85236,2.25,2.44
2016.03.22 15:14:18.715,0.85221,0.85233,1.00,1.00
2016.03.22 15:14:19.243,0.8522,0.85235,1.12,2.00
2016.03.22 15:14:22.821,0.85218,0.85232,1.50,3.00
2016.03.22 15:14:23.530,0.85217,0.85229,1.50,1.50
2016.03.22 15:14:23.836,0.85217,0.85231,1.75,1.31
2016.03.22 15:14:24.343,0.85219,0.8523,1.00,1.25
2016.03.22 15:14:24.867,0.85219,0.85228,1.00,1.00
2016.03.22 15:14:25.020,0.85215,0.85226,1.00,1.25
2016.03.22 15:14:25.224,0.85214,0.85225,1.75,1.00
2016.03.22 15:14:25.428,0.85213,0.85226,1.75,1.12
2016.03.22 15:14:26.131,0.85214,0.85228,2.25,2.06
2016.03.22 15:14:26.234,0.85214,0.85229,3.00,1.94
2016.03.22 15:14:26.337,0.85218,0.85229,1.00,1.69
2016.03.22 15:14:26.591,0.85217,0.8523,1.50,2.81
2016.03.22 15:14:26.643,0.85217,0.8523,4.72,2.81
2016.03.22 15:14:26.957,0.85222,0.85235,1.12,1.31
2016.03.22 15:14:28.687,0.85223,0.85237,1.87,2.44
2016.03.22 15:14:28.739,0.85223,0.85238,1.87,3.32
2016.03.22 15:14:28.892,0.85225,0.85239,1.75,1.69
2016.03.22 15:14:29.045,0.85227,0.85239,1.50,1.31
2016.03.22 15:14:29.576,0.85229,0.85243,1.12,2.44
2016.03.22 15:14:29.882,0.85234,0.85247,1.50,1.69
2016.03.22 15:14:30.187,0.85235,0.8525,1.75,2.06
2016.03.22 15:14:31.256,0.85235,0.8525,1.75,1.69
2016.03.22 15:14:32.469,0.85235,0.8525,1.75,1.69
2016.03.22 15:14:33.849,0.85235,0.8525,1.75,1.69
2016.03.22 15:14:34.264,0.85235,0.8525,1.50,1.94
2016.03.22 15:14:34.814,0.85234,0.85249,1.75,1.94
2016.03.22 15:14:36.710,0.85235,0.85249,1.75,2.44
2016.03.22 15:14:39.270,0.85233,0.85245,2.32,1.19
2016.03.22 15:14:39.373,0.85233,0.85245,1.12,1.69
2016.03.22 15:14:40.285,0.85233,0.85245,3.75,1.25
2016.03.22 15:14:40.438,0.85237,0.85249,1.00,1.82
2016.03.22 15:14:40.742,0.85235,0.8525,3.37,2.12
2016.03.22 15:14:41.267,0.85237,0.85252,1.37,2.12
2016.03.22 15:14:43.256,0.85237,0.85247,1.12,1.00
2016.03.22 15:14:43.833,0.85239,0.85248,1.00,1.00
2016.03.22 15:14:44.340,0.85239,0.85249,1.00,1.00
2016.03.22 15:14:45.024,0.85239,0.8525,1.00,1.00
2016.03.22 15:14:45.146,0.85239,0.85252,1.50,1.00
2016.03.22 15:14:45.668,0.8524,0.85251,1.50,1.00
2016.03.22 15:14:47.301,0.85239,0.85252,2.25,1.12
2016.03.22 15:14:47.883,0.8524,0.85251,1.00,1.00
2016.03.22 15:14:47.985,0.8524,0.85251,1.00,1.55
2016.03.22 15:14:48.188,0.85238,0.85251,1.00,1.82
2016.03.22 15:14:48.690,0.85237,0.85251,1.00,2.22
2016.03.22 15:14:49.260,0.85235,0.85248,2.25,1.00
2016.03.22 15:14:49.686,0.85241,0.85253,1.37,1.82
2016.03.22 15:14:49.738,0.85242,0.85253,1.37,1.00
2016.03.22 15:14:49.790,0.85243,0.85253,1.37,1.00
2016.03.22 15:14:49.841,0.85245,0.85255,1.75,1.00
2016.03.22 15:14:50.362,0.85245,0.85254,1.50,1.00
2016.03.22 15:14:50.555,0.85242,0.85256,2.25,1.50
2016.03.22 15:14:50.657,0.85242,0.85256,1.87,1.75
2016.03.22 15:14:51.166,0.8524,0.85256,2.25,1.88
2016.03.22 15:14:51.218,0.85239,0.85252,1.50,2.25
2016.03.22 15:14:51.269,0.85239,0.85252,1.12,2.25
2016.03.22 15:14:51.604,0.85237,0.8525,1.50,1.75
2016.03.22 15:14:52.163,0.85234,0.85249,2.32,1.75
2016.03.22 15:14:52.470,0.85234,0.85249,2.32,1.75
2016.03.22 15:14:52.573,0.85238,0.85249,1.00,1.50
2016.03.22 15:14:53.187,0.85237,0.8525,1.75,1.50
2016.03.22 15:14:53.492,0.8524,0.85247,1.00,1.00
2016.03.22 15:14:54.027,0.85238,0.85249,1.37,1.12
2016.03.22 15:14:54.584,0.8524,0.85254,1.37,2.03
2016.03.22 15:14:55.133,0.8524,0.85254,1.50,1.93
2016.03.22 15:14:55.642,0.85241,0.85256,1.50,5.14
2016.03.22 15:14:55.845,0.85243,0.85256,1.50,1.09
2016.03.22 15:14:55.999,0.85243,0.85257,1.50,1.94
2016.03.22 15:14:56.330,0.85243,0.85258,2.62,1.37
2016.03.22 15:14:56.645,0.85249,0.8526,1.00,2.25
2016.03.22 15:14:58.286,0.85249,0.85261,1.00,1.50
2016.03.22 15:14:58.813,0.8525,0.85261,1.00,1.00
2016.03.22 15:14:58.864,0.8525,0.85264,1.51,2.14
2016.03.22 15:14:58.915,0.85252,0.85263,1.00,1.00
2016.03.22 15:14:59.017,0.85253,0.85264,1.37,1.00
2016.03.22 15:14:59.321,0.85253,0.85267,1.87,2.00
2016.03.22 15:15:00.080,0.85257,0.85268,1.86,1.00
2016.03.22 15:15:00.181,0.85258,0.85271,2.76,1.00
2016.03.22 15:15:00.233,0.8526,0.85273,3.13,1.12
2016.03.22 15:15:00.284,0.8526,0.85273,3.13,1.00
2016.03.22 15:15:00.588,0.85257,0.85271,1.26,2.00
2016.03.22 15:15:01.104,0.85252,0.85269,2.76,1.75
2016.03.22 15:15:02.046,0.85252,0.85268,3.51,1.75
2016.03.22 15:15:02.917,0.85252,0.85267,1.75,2.44
2016.03.22 15:15:03.517,0.85252,0.85267,1.50,1.94
2016.03.22 15:15:05.274,0.85253,0.85268,1.26,4.95
2016.03.22 15:15:05.426,0.85255,0.8527,2.76,3.75
2016.03.22 15:15:05.528,0.85258,0.85273,1.51,3.07
2016.03.22 15:15:05.788,0.85258,0.8527,2.01,1.00
2016.03.22 15:15:05.991,0.85258,0.85272,1.26,1.12
2016.03.22 15:15:06.400,0.85258,0.85275,5.38,2.44
2016.03.22 15:15:06.603,0.85259,0.85275,1.93,3.94
2016.03.22 15:15:07.129,0.8526,0.85275,1.75,2.44
2016.03.22 15:15:07.661,0.85258,0.85273,3.13,1.50
2016.03.22 15:15:08.013,0.85258,0.85268,2.01,1.00
2016.03.22 15:15:08.603,0.85256,0.85268,1.88,1.00
2016.03.22 15:15:09.140,0.85257,0.85268,2.01,1.00
2016.03.22 15:15:09.347,0.85258,0.8527,2.38,1.00
2016.03.22 15:15:09.551,0.85263,0.85273,1.12,1.00
2016.03.22 15:15:10.323,0.85263,0.85275,1.12,1.87
2016.03.22 15:15:12.600,0.85263,0.85274,1.12,1.00
2016.03.22 15:15:13.409,0.85263,0.85275,1.00,1.87
2016.03.22 15:15:14.068,0.85263,0.85274,1.00,1.00
2016.03.22 15:15:15.168,0.85259,0.85273,2.62,1.00
2016.03.22 15:15:15.269,0.85259,0.8527,2.62,1.00
2016.03.22 15:15:15.577,0.85259,0.85272,1.87,1.00
2016.03.22 15:15:16.067,0.85262,0.85274,1.37,1.12
2016.03.22 15:15:16.811,0.85262,0.85272,1.87,1.00
2016.03.22 15:15:19.101,0.85262,0.85274,1.87,1.12
2016.03.22 15:15:20.016,0.85262,0.85272,1.87,1.00
2016.03.22 15:15:20.118,0.85262,0.85277,2.70,2.00
2016.03.22 15:15:20.169,0.85262,0.85276,5.65,1.00
2016.03.22 15:15:20.478,0.85267,0.85278,3.37,1.12
2016.03.22 15:15:20.531,0.85267,0.85281,4.57,1.87
2016.03.22 15:15:20.784,0.85267,0.85282,2.32,1.50
2016.03.22 15:15:20.887,0.85268,0.85279,1.00,1.00
2016.03.22 15:15:21.192,0.8527,0.85282,1.87,1.50
2016.03.22 15:15:21.497,0.85274,0.85288,1.75,1.50
2016.03.22 15:15:21.700,0.85273,0.85286,2.70,2.25
2016.03.22 15:15:21.751,0.85273,0.85286,1.87,1.50
2016.03.22 15:15:21.904,0.85276,0.85291,1.75,1.01
2016.03.22 15:15:22.423,0.85277,0.85291,1.12,1.01
2016.03.22 15:15:22.829,0.85279,0.85294,1.50,1.85
2016.03.22 15:15:22.931,0.85282,0.85296,1.00,1.75
2016.03.22 15:15:22.982,0.85283,0.85297,1.37,1.87
2016.03.22 15:15:23.291,0.85285,0.85301,3.00,2.85
2016.03.22 15:15:23.985,0.85286,0.853,1.75,1.37
2016.03.22 15:15:24.086,0.85286,0.85301,3.75,1.30
2016.03.22 15:15:24.599,0.85286,0.853,1.75,1.00
2016.03.22 15:15:24.819,0.85288,0.85298,1.37,1.00
2016.03.22 15:15:24.921,0.85288,0.853,1.37,1.00
2016.03.22 15:15:25.074,0.85289,0.853,1.37,1.00
2016.03.22 15:15:25.367,0.85289,0.85299,1.75,1.00
2016.03.22 15:15:26.153,0.85289,0.85301,1.75,1.00
2016.03.22 15:15:26.662,0.85288,0.85301,2.62,1.37
2016.03.22 15:15:27.168,0.85288,0.85297,1.37,1.00
2016.03.22 15:15:27.371,0.85288,0.85299,1.37,1.00
2016.03.22 15:15:27.782,0.85286,0.85297,2.25,1.00
2016.03.22 15:15:28.351,0.85286,0.853,1.75,1.12
2016.03.22 15:15:28.856,0.85287,0.853,1.75,1.31
2016.03.22 15:15:31.572,0.85289,0.85301,1.12,1.19
2016.03.22 15:15:31.623,0.85289,0.85304,1.20,1.94
2016.03.22 15:15:31.674,0.8529,0.85306,1.87,3.56
2016.03.22 15:15:32.082,0.85291,0.853,1.12,1.19
2016.03.22 15:15:32.742,0.8529,0.85303,2.32,1.19
2016.03.22 15:15:33.048,0.85291,0.85303,1.12,1.69
2016.03.22 15:15:33.200,0.8529,0.85303,2.32,1.31
2016.03.22 15:15:33.713,0.8529,0.85302,2.32,1.19
2016.03.22 15:15:34.497,0.8529,0.85301,2.32,1.19
2016.03.22 15:15:35.021,0.8529,0.85302,1.75,1.19
2016.03.22 15:15:35.533,0.8529,0.85302,3.00,1.19
2016.03.22 15:15:36.044,0.8529,0.85302,1.75,1.19
2016.03.22 15:15:36.300,0.85289,0.853,1.12,1.19
2016.03.22 15:15:36.402,0.85289,0.85299,1.12,1.19
2016.03.22 15:15:36.555,0.85289,0.85301,1.12,1.69
2016.03.22 15:15:36.704,0.85293,0.85301,1.00,1.19
2016.03.22 15:15:36.808,0.85294,0.85305,1.00,1.00
2016.03.22 15:15:36.961,0.85294,0.85305,1.00,2.85
2016.03.22 15:15:37.265,0.85284,0.853,1.37,3.07
2016.03.22 15:15:37.317,0.85284,0.85299,1.37,3.00
2016.03.22 15:15:38.433,0.85283,0.85296,1.37,1.75
2016.03.22 15:15:38.946,0.85281,0.85297,1.87,1.85
2016.03.22 15:15:41.208,0.85283,0.85294,1.37,1.20
2016.03.22 15:15:41.463,0.85299,0.85309,4.87,1.37
2016.03.22 15:15:41.514,0.85302,0.8531,1.20,1.00
2016.03.22 15:15:41.718,0.85299,0.85308,1.95,1.00
2016.03.22 15:15:42.025,0.853,0.85312,1.00,1.75
2016.03.22 15:15:42.480,0.85299,0.85308,1.00,1.00
2016.03.22 15:15:42.986,0.85295,0.85307,1.12,1.00
2016.03.22 15:15:43.037,0.85295,0.85307,1.12,1.00
2016.03.22 15:15:43.240,0.85295,0.85303,1.12,1.00
2016.03.22 15:15:43.553,0.853,0.85305,1.12,1.00
2016.03.22 15:15:43.604,0.85299,0.85305,1.37,1.00
2016.03.22 15:15:43.808,0.85298,0.85307,2.25,1.00
2016.03.22 15:15:44.317,0.85299,0.85308,1.75,1.00
2016.03.22 15:15:45.904,0.85298,0.85307,2.25,1.00
2016.03.22 15:15:46.422,0.85298,0.85306,2.25,1.00
2016.03.22 15:15:46.985,0.85298,0.85308,2.25,1.00
2016.03.22 15:15:47.494,0.85296,0.85307,4.57,1.00
2016.03.22 15:15:48.044,0.85296,0.85306,3.82,1.00
2016.03.22 15:15:49.171,0.85296,0.85307,3.07,1.00
2016.03.22 15:15:49.691,0.85296,0.85306,3.00,1.00
2016.03.22 15:15:50.715,0.85297,0.85305,1.75,1.00
2016.03.22 15:15:51.430,0.85294,0.85305,5.40,1.00
2016.03.22 15:15:51.981,0.85294,0.85305,3.52,1.00
2016.03.22 15:15:52.941,0.85294,0.85305,1.95,1.00
2016.03.22 15:15:52.992,0.85296,0.85304,1.00,1.19
2016.03.22 15:15:53.145,0.85293,0.853,2.25,1.31
2016.03.22 15:15:53.368,0.85286,0.85297,1.00,1.19
2016.03.22 15:15:53.926,0.85285,0.85297,1.12,1.19
2016.03.22 15:15:55.095,0.85289,0.85295,1.00,1.19
2016.03.22 15:15:57.692,0.85289,0.85298,1.00,1.19
2016.03.22 15:15:59.053,0.85285,0.85296,4.50,1.25
2016.03.22 15:16:01.025,0.85287,0.85294,1.75,1.25
2016.03.22 15:16:01.177,0.8528,0.85293,2.38,2.06
2016.03.22 15:16:01.228,0.8528,0.85292,1.93,1.19
2016.03.22 15:16:01.432,0.85281,0.85296,1.88,3.19
2016.03.22 15:16:01.483,0.85286,0.85296,1.00,1.69
2016.03.22 15:16:01.788,0.85285,0.85296,1.93,1.00
2016.03.22 15:16:02.722,0.85286,0.85297,1.93,1.25
2016.03.22 15:16:05.246,0.85288,0.85296,1.00,1.00
2016.03.22 15:16:05.399,0.85284,0.85296,1.88,1.00
2016.03.22 15:16:06.778,0.85286,0.85298,1.12,2.44
2016.03.22 15:16:06.829,0.85286,0.85296,1.12,1.19
2016.03.22 15:16:07.134,0.85284,0.85295,1.50,1.19
2016.03.22 15:16:07.649,0.85282,0.85295,1.87,1.31
2016.03.22 15:16:07.973,0.85285,0.85295,1.37,1.31
2016.03.22 15:16:08.075,0.85285,0.85296,1.50,1.31
2016.03.22 15:16:08.582,0.85285,0.85296,1.50,1.69
2016.03.22 15:16:08.736,0.85285,0.85297,1.50,1.25
2016.03.22 15:16:13.407,0.85284,0.85297,1.50,1.75
2016.03.22 15:16:15.506,0.85282,0.85297,2.25,2.25
2016.03.22 15:16:15.810,0.85282,0.85296,1.12,1.94
2016.03.22 15:16:17.803,0.8528,0.85294,2.25,2.00
2016.03.22 15:16:18.348,0.8528,0.85294,2.25,1.69
2016.03.22 15:16:19.006,0.8528,0.85294,1.65,2.00
2016.03.22 15:16:19.618,0.8528,0.85293,1.37,1.75
2016.03.22 15:16:19.721,0.8528,0.85293,1.75,1.12
2016.03.22 15:16:20.094,0.8528,0.85294,1.75,1.69
2016.03.22 15:16:21.203,0.85282,0.85293,1.50,1.00
2016.03.22 15:16:23.503,0.85281,0.85293,1.50,1.12
2016.03.22 15:16:23.555,0.85281,0.85293,1.12,1.12
2016.03.22 15:16:24.079,0.85282,0.85293,1.10,1.12
2016.03.22 15:16:24.232,0.85283,0.85295,1.37,1.12
2016.03.22 15:16:25.290,0.85283,0.85295,1.37,1.37
2016.03.22 15:16:27.419,0.85282,0.85294,4.20,1.00
2016.03.22 15:16:28.743,0.85283,0.85293,1.87,1.00
2016.03.22 15:16:28.949,0.85279,0.85289,1.87,1.31
2016.03.22 15:16:29.001,0.85279,0.85289,1.87,1.19
2016.03.22 15:16:29.053,0.8528,0.8529,3.07,1.00
2016.03.22 15:16:29.105,0.8528,0.85291,3.07,1.00
2016.03.22 15:16:29.631,0.85282,0.85292,1.87,1.00
2016.03.22 15:16:30.612,0.85282,0.85292,1.50,1.00
2016.03.22 15:16:31.161,0.85282,0.85293,1.87,1.00
2016.03.22 15:16:35.000,0.8528,0.85294,1.75,1.56
2016.03.22 15:16:35.051,0.8528,0.85294,1.50,2.81
2016.03.22 15:16:35.520,0.8528,0.85294,1.50,2.44
2016.03.22 15:16:36.067,0.85284,0.85295,1.00,3.19
2016.03.22 15:16:41.052,0.85282,0.85294,3.00,1.31
2016.03.22 15:16:41.155,0.85282,0.85293,2.25,1.19
2016.03.22 15:16:42.256,0.85281,0.85293,1.12,1.31
2016.03.22 15:16:42.704,0.85279,0.85291,1.93,1.19
2016.03.22 15:16:42.857,0.85279,0.85291,1.26,1.69
2016.03.22 15:16:44.025,0.85279,0.8529,1.12,1.12
2016.03.22 15:16:45.252,0.85278,0.85291,1.63,1.00
2016.03.22 15:16:48.172,0.85279,0.85292,1.12,1.75
2016.03.22 15:16:50.756,0.85278,0.85292,1.50,2.00
2016.03.22 15:16:51.465,0.85279,0.85292,1.50,1.69
2016.03.22 15:16:51.567,0.85279,0.85291,1.37,1.00
2016.03.22 15:16:53.066,0.85278,0.85292,1.75,1.62
2016.03.22 15:16:53.917,0.85277,0.85292,4.26,1.56
2016.03.22 15:16:54.439,0.85277,0.85293,4.26,2.06
2016.03.22 15:16:58.533,0.85279,0.85293,1.75,1.82
2016.03.22 15:17:00.289,0.85279,0.85293,1.75,1.69
2016.03.22 15:17:00.798,0.85284,0.85293,1.00,1.19
2016.03.22 15:17:01.296,0.85284,0.85295,1.63,1.00
2016.03.22 15:17:01.398,0.85287,0.85298,1.33,1.37
2016.03.22 15:17:01.747,0.85293,0.85301,1.00,1.75
2016.03.22 15:17:01.799,0.85291,0.85301,1.93,1.00
2016.03.22 15:17:02.104,0.85292,0.85301,1.37,1.00
2016.03.22 15:17:02.549,0.8529,0.85303,1.88,1.00
2016.03.22 15:17:02.702,0.85293,0.85305,1.82,1.00
2016.03.22 15:17:02.806,0.85293,0.85305,3.32,1.00
2016.03.22 15:17:02.858,0.85294,0.85307,2.08,1.00
2016.03.22 15:17:03.369,0.85294,0.85306,2.83,1.00
2016.03.22 15:17:04.665,0.85293,0.85307,5.08,1.00
2016.03.22 15:17:06.793,0.85294,0.85309,2.38,1.87
2016.03.22 15:17:08.728,0.85294,0.85306,2.76,1.00
2016.03.22 15:17:09.366,0.85296,0.85308,1.50,1.00
2016.03.22 15:17:09.518,0.85295,0.85307,2.08,1.50
2016.03.22 15:17:10.745,0.85294,0.85306,4.33,1.00
2016.03.22 15:17:10.797,0.85294,0.85308,4.03,1.12
2016.03.22 15:17:11.330,0.85295,0.85308,3.00,1.00
2016.03.22 15:17:13.228,0.85295,0.85307,1.75,1.00
2016.03.22 15:17:13.380,0.85294,0.85307,1.85,2.06
2016.03.22 15:17:13.560,0.85294,0.85305,1.50,1.69
2016.03.22 15:17:14.125,0.85294,0.85304,1.50,1.00
2016.03.22 15:17:14.875,0.85294,0.85305,1.57,1.00
2016.03.22 15:17:15.530,0.85294,0.85306,1.57,1.31
2016.03.22 15:17:16.413,0.85294,0.85307,1.00,2.44
2016.03.22 15:17:16.719,0.85292,0.85305,2.51,1.12
2016.03.22 15:17:17.230,0.85294,0.85305,2.04,1.00
2016.03.22 15:17:17.757,0.85294,0.85304,1.94,1.00
2016.03.22 15:17:19.837,0.85294,0.85304,1.94,1.00
2016.03.22 15:17:21.931,0.85297,0.85306,1.00,1.00
2016.03.22 15:17:24.349,0.85293,0.85305,3.19,1.00
2016.03.22 15:17:24.893,0.85293,0.85304,2.44,1.00
2016.03.22 15:17:25.404,0.85292,0.85304,5.44,1.00
2016.03.22 15:17:25.568,0.85292,0.85306,5.44,1.00
2016.03.22 15:17:25.670,0.85292,0.85304,5.44,1.00
2016.03.22 15:17:27.222,0.85293,0.85303,1.94,1.00
2016.03.22 15:17:28.311,0.85292,0.85304,5.44,1.00
2016.03.22 15:17:28.623,0.85294,0.85306,2.00,1.00
2016.03.22 15:17:29.574,0.85295,0.85306,1.75,1.00
2016.03.22 15:17:30.129,0.85294,0.85306,3.94,1.00
2016.03.22 15:17:30.638,0.85296,0.85307,1.75,1.00
2016.03.22 15:17:31.605,0.85296,0.85309,2.44,1.00
2016.03.22 15:17:34.905,0.85298,0.85313,1.69,2.47
2016.03.22 15:17:35.412,0.85298,0.8531,2.44,1.00
2016.03.22 15:17:36.109,0.85298,0.85311,2.44,1.00
2016.03.22 15:17:36.570,0.85298,0.85309,2.44,1.00
2016.03.22 15:17:37.102,0.85298,0.8531,2.44,1.00
2016.03.22 15:17:37.781,0.85298,0.85313,3.37,2.47
2016.03.22 15:17:37.883,0.85298,0.8531,3.37,1.00
2016.03.22 15:17:37.985,0.85299,0.8531,1.50,1.00
2016.03.22 15:17:38.543,0.85299,0.85311,2.25,1.00
2016.03.22 15:17:38.851,0.85299,0.85309,1.50,1.00
2016.03.22 15:17:39.105,0.85297,0.85311,2.25,1.00
2016.03.22 15:17:39.511,0.85297,0.85309,3.00,1.00
2016.03.22 15:17:40.015,0.85299,0.8531,1.75,1.00
2016.03.22 15:17:40.327,0.853,0.85308,1.75,1.00
2016.03.22 15:17:40.841,0.85298,0.85311,3.88,1.00
2016.03.22 15:17:41.353,0.85299,0.8531,3.13,1.00
2016.03.22 15:17:42.695,0.853,0.85312,1.98,1.00
2016.03.22 15:17:43.607,0.85302,0.85312,1.55,1.00
2016.03.22 15:17:43.913,0.85308,0.85323,2.03,2.10
2016.03.22 15:17:44.117,0.85309,0.85321,1.00,1.00
2016.03.22 15:17:44.219,0.85308,0.85324,2.12,2.05
2016.03.22 15:17:44.755,0.85308,0.85321,1.07,1.00
2016.03.22 15:17:44.958,0.85306,0.85317,1.00,2.10
2016.03.22 15:17:45.009,0.85303,0.85317,2.44,2.10
2016.03.22 15:17:45.060,0.85303,0.85314,1.50,1.00
2016.03.22 15:17:45.111,0.853,0.85315,1.82,1.75
2016.03.22 15:17:45.163,0.853,0.85315,1.45,1.75
2016.03.22 15:17:45.423,0.85303,0.85315,1.00,1.00
2016.03.22 15:17:45.626,0.85302,0.85317,2.38,1.50
2016.03.22 15:17:45.779,0.85307,0.85318,1.00,1.00
2016.03.22 15:17:46.309,0.85308,0.85319,1.00,1.00
2016.03.22 15:17:46.811,0.85309,0.8532,1.00,1.00
2016.03.22 15:17:47.216,0.85307,0.85322,3.00,2.85
2016.03.22 15:17:47.268,0.85308,0.85322,1.94,2.47
2016.03.22 15:17:47.421,0.8531,0.85321,1.25,1.00
2016.03.22 15:17:47.839,0.85304,0.8532,4.01,2.10
2016.03.22 15:17:48.549,0.85304,0.85319,2.32,1.75
2016.03.22 15:17:49.842,0.85304,0.85319,1.75,4.35
2016.03.22 15:17:49.944,0.85307,0.85321,3.00,1.12
2016.03.22 15:17:49.995,0.85307,0.85319,3.00,1.00
2016.03.22 15:17:50.308,0.85307,0.85321,4.12,1.00
2016.03.22 15:17:50.663,0.85309,0.85322,1.75,1.50
2016.03.22 15:17:50.765,0.85307,0.85322,4.31,1.87
2016.03.22 15:17:50.917,0.85308,0.85321,3.00,1.00
2016.03.22 15:17:51.430,0.85309,0.85322,1.75,1.50
2016.03.22 15:17:51.531,0.85307,0.85321,1.76,1.00
2016.03.22 15:17:51.633,0.85307,0.85321,2.51,1.50
2016.03.22 15:17:51.988,0.85309,0.85322,1.35,1.75
2016.03.22 15:17:52.192,0.85326,0.85337,1.12,1.00
2016.03.22 15:17:52.243,0.85329,0.85342,2.32,1.35
2016.03.22 15:17:52.466,0.85327,0.85339,1.50,1.35
2016.03.22 15:17:52.517,0.85327,0.85336,1.50,1.00
2016.03.22 15:17:52.569,0.85321,0.85336,2.77,1.75
2016.03.22 15:17:53.076,0.85322,0.85333,1.00,1.00
2016.03.22 15:17:53.740,0.85321,0.85335,1.75,1.37
2016.03.22 15:17:54.246,0.85319,0.85332,1.32,1.50
2016.03.22 15:17:54.794,0.85319,0.85332,1.01,1.00
2016.03.22 15:17:54.999,0.85314,0.85326,2.06,1.12
2016.03.22 15:17:55.050,0.85311,0.85326,1.69,1.87
2016.03.22 15:17:55.101,0.8531,0.85326,1.95,1.87
2016.03.22 15:17:55.152,0.8531,0.85326,1.95,2.85
2016.03.22 15:17:55.499,0.85309,0.85321,3.64,1.00
2016.03.22 15:17:55.803,0.85309,0.85318,5.14,1.00
2016.03.22 15:17:56.310,0.85309,0.85319,4.39,1.00
2016.03.22 15:17:56.624,0.8531,0.85322,1.85,1.00
2016.03.22 15:17:57.125,0.85309,0.85321,3.64,1.00
2016.03.22 15:17:57.378,0.85317,0.85324,1.00,1.00
2016.03.22 15:17:57.658,0.85321,0.85335,1.12,1.72
2016.03.22 15:17:58.167,0.85319,0.85334,2.32,1.00
2016.03.22 15:17:58.370,0.85323,0.85335,1.12,1.35
2016.03.22 15:17:58.879,0.85321,0.85335,1.12,1.72
2016.03.22 15:18:00.165,0.85321,0.85332,1.00,1.00
2016.03.22 15:18:01.883,0.85318,0.85336,1.85,3.00
2016.03.22 15:18:02.583,0.85318,0.85334,2.51,1.75
2016.03.22 15:18:05.216,0.85318,0.85334,1.01,1.75
2016.03.22 15:18:05.318,0.85318,0.85334,1.01,1.75
2016.03.22 15:18:08.705,0.85318,0.85334,1.76,2.25
2016.03.22 15:18:09.212,0.85318,0.85333,1.47,2.25
2016.03.22 15:18:10.099,0.85316,0.85327,1.95,2.25
2016.03.22 15:18:10.202,0.85313,0.85326,1.00,3.75
2016.03.22 15:18:10.304,0.85313,0.85326,1.00,2.25
2016.03.22 15:18:10.812,0.85315,0.85327,1.75,1.00
2016.03.22 15:18:10.914,0.85316,0.85331,3.00,1.61
2016.03.22 15:18:11.226,0.85318,0.85329,1.00,1.00
2016.03.22 15:18:11.328,0.85316,0.85331,1.12,1.54
2016.03.22 15:18:11.531,0.85318,0.8533,1.00,1.80
2016.03.22 15:18:12.039,0.85315,0.8533,1.75,1.54
2016.03.22 15:18:14.005,0.85315,0.8533,1.75,1.35
2016.03.22 15:18:14.310,0.85319,0.85332,1.87,1.75
2016.03.22 15:18:14.502,0.85323,0.85336,1.50,2.25
2016.03.22 15:18:14.553,0.85323,0.85335,2.06,1.00
2016.03.22 15:18:14.604,0.85323,0.85338,1.31,1.75
2016.03.22 15:18:14.909,0.85321,0.85335,1.31,3.75
2016.03.22 15:18:15.011,0.85319,0.85335,1.76,1.75
2016.03.22 15:18:15.946,0.8532,0.85331,1.50,1.00
2016.03.22 15:18:16.251,0.85318,0.85334,2.04,3.00
2016.03.22 15:18:19.527,0.85319,0.85333,1.00,1.87
2016.03.22 15:18:20.038,0.85319,0.8533,1.50,1.00
2016.03.22 15:18:20.857,0.85317,0.85332,2.44,1.75
2016.03.22 15:18:21.163,0.85309,0.85325,1.50,1.85
2016.03.22 15:18:21.468,0.85308,0.85325,2.25,1.01
2016.03.22 15:18:21.833,0.8531,0.85325,2.25,1.50
2016.03.22 15:18:22.140,0.85309,0.85322,2.25,2.25
2016.03.22 15:18:22.242,0.85309,0.85323,1.75,2.29
2016.03.22 15:18:22.548,0.85314,0.85327,1.75,1.01
2016.03.22 15:18:23.006,0.85315,0.85325,1.50,1.00
2016.03.22 15:18:23.159,0.85313,0.85325,1.37,1.12
2016.03.22 15:18:23.564,0.85312,0.85323,1.75,1.00
2016.03.22 15:18:24.120,0.85313,0.85325,1.50,1.12
2016.03.22 15:18:25.244,0.85313,0.85325,1.00,1.50
2016.03.22 15:18:25.428,0.85313,0.85325,1.00,1.37
2016.03.22 15:18:25.976,0.85312,0.85327,1.50,3.19
2016.03.22 15:18:26.478,0.85312,0.85326,1.75,1.69
2016.03.22 15:18:26.846,0.85313,0.85326,3.00,1.00
2016.03.22 15:18:27.100,0.85314,0.85329,1.75,1.12
2016.03.22 15:18:27.633,0.85317,0.8533,1.00,1.35
2016.03.22 15:18:28.242,0.85317,0.8533,1.12,1.67
2016.03.22 15:18:28.649,0.85319,0.8533,1.00,1.00
2016.03.22 15:18:29.167,0.85316,0.85331,1.75,2.10
2016.03.22 15:18:29.681,0.85315,0.85331,3.82,2.25
2016.03.22 15:18:30.361,0.85317,0.85331,2.14,1.75
2016.03.22 15:18:30.666,0.85317,0.85331,2.06,2.10
2016.03.22 15:18:31.500,0.85317,0.85331,1.56,2.10
2016.03.22 15:18:32.236,0.85317,0.8533,1.62,1.00
2016.03.22 15:18:36.752,0.85317,0.8533,2.06,1.00
2016.03.22 15:18:38.022,0.85319,0.85333,1.31,3.75
2016.03.22 15:18:39.298,0.85319,0.85334,3.26,1.50
2016.03.22 15:18:39.399,0.85319,0.85335,4.01,1.50
2016.03.22 15:18:44.488,0.85326,0.85336,1.12,1.37
2016.03.22 15:18:44.677,0.85326,0.85342,1.85,1.87
2016.03.22 15:18:44.982,0.85327,0.85341,1.75,1.37
2016.03.22 15:18:45.084,0.85328,0.85339,1.00,1.37
2016.03.22 15:18:45.186,0.85323,0.85338,2.02,1.37
2016.03.22 15:18:45.490,0.85322,0.85336,1.12,1.75
2016.03.22 15:18:46.371,0.8532,0.85334,2.25,1.00
2016.03.22 15:18:46.798,0.8532,0.85336,2.25,3.75
2016.03.22 15:18:46.900,0.85322,0.85333,1.00,1.50
2016.03.22 15:18:47.777,0.85322,0.85332,1.00,1.00
2016.03.22 15:18:48.771,0.85322,0.85333,1.00,1.00
2016.03.22 15:18:48.872,0.85322,0.85332,1.00,2.44
2016.03.22 15:18:49.176,0.85313,0.85326,1.19,1.75
2016.03.22 15:18:49.329,0.85313,0.85327,1.31,1.75
2016.03.22 15:18:49.592,0.85313,0.85326,1.31,1.75
2016.03.22 15:18:50.087,0.85312,0.85324,1.31,1.00
2016.03.22 15:18:50.229,0.85312,0.85323,1.19,1.12
2016.03.22 15:18:50.999,0.85308,0.85324,2.81,1.75
2016.03.22 15:18:51.303,0.85308,0.8532,1.00,1.37
2016.03.22 15:18:51.851,0.85305,0.8532,2.00,1.75
2016.03.22 15:18:52.386,0.85305,0.85321,4.69,2.25
2016.03.22 15:18:53.189,0.85306,0.8532,1.50,1.50
2016.03.22 15:18:53.840,0.85305,0.8532,3.19,1.75
2016.03.22 15:18:53.891,0.85305,0.85318,3.19,1.00
2016.03.22 15:18:54.388,0.85312,0.85322,1.12,3.37
2016.03.22 15:18:54.440,0.85312,0.85322,1.50,2.25
2016.03.22 15:18:54.491,0.85316,0.85323,1.37,1.00
2016.03.22 15:18:54.593,0.85319,0.85328,1.00,1.00
2016.03.22 15:18:55.127,0.85319,0.85329,1.00,1.25
2016.03.22 15:18:55.652,0.85315,0.85329,1.87,1.25
2016.03.22 15:18:55.805,0.85317,0.85326,1.00,1.25
2016.03.22 15:18:56.008,0.85312,0.85326,2.91,1.31
2016.03.22 15:18:56.111,0.85313,0.85327,1.63,2.44
2016.03.22 15:18:56.417,0.85313,0.85326,1.98,1.12
2016.03.22 15:18:56.468,0.85313,0.85326,1.71,1.12
2016.03.22 15:19:00.263,0.85313,0.85326,1.71,1.12
2016.03.22 15:19:00.518,0.85313,0.85325,1.10,1.30
2016.03.22 15:19:00.620,0.85312,0.85322,1.45,1.00
2016.03.22 15:19:00.823,0.85303,0.85317,1.07,1.50
2016.03.22 15:19:01.409,0.85303,0.85315,1.07,1.00
2016.03.22 15:19:01.921,0.85303,0.85317,1.07,1.50
2016.03.22 15:19:09.006,0.85305,0.85315,1.00,1.00
2016.03.22 15:19:09.362,0.853,0.85314,1.37,1.75
2016.03.22 15:19:09.413,0.85298,0.85313,2.46,1.12
2016.03.22 15:19:09.465,0.85298,0.85313,1.63,2.62
2016.03.22 15:19:09.617,0.85295,0.85311,1.63,3.00
2016.03.22 15:19:09.802,0.85295,0.85311,1.26,3.00
2016.03.22 15:19:09.859,0.85294,0.8531,1.90,2.25
2016.03.22 15:19:10.366,0.85296,0.85308,1.38,1.00
2016.03.22 15:19:11.918,0.85296,0.85311,1.63,1.94
2016.03.22 15:19:12.223,0.85298,0.8531,2.46,1.25
2016.03.22 15:19:12.274,0.85298,0.8531,1.71,1.25
2016.03.22 15:19:12.923,0.85301,0.85312,1.00,1.69
2016.03.22 15:19:13.278,0.85298,0.85309,1.18,1.00
2016.03.22 15:19:14.420,0.85294,0.8531,3.21,3.19
2016.03.22 15:19:14.741,0.85296,0.85309,1.12,1.75
2016.03.22 15:19:16.873,0.85296,0.85309,1.63,1.75
2016.03.22 15:19:16.975,0.85297,0.85311,1.13,1.75
2016.03.22 15:19:17.077,0.85301,0.85312,1.18,1.25
2016.03.22 15:19:17.180,0.85297,0.85314,2.46,3.94
2016.03.22 15:19:17.485,0.85294,0.85307,1.26,1.75
2016.03.22 15:19:19.427,0.85296,0.85308,1.00,1.75
2016.03.22 15:19:19.961,0.85296,0.85308,1.13,1.75
2016.03.22 15:19:21.979,0.85296,0.85308,1.13,1.75
2016.03.22 15:19:22.875,0.85296,0.85308,1.63,1.00
2016.03.22 15:19:22.977,0.853,0.8531,1.13,1.00
2016.03.22 15:19:23.180,0.85299,0.85314,2.38,1.69
2016.03.22 15:19:23.441,0.85301,0.85314,1.63,1.69
2016.03.22 15:19:25.182,0.853,0.85311,2.46,1.19
2016.03.22 15:19:25.385,0.85297,0.85311,1.13,3.19
2016.03.22 15:19:25.487,0.85296,0.8531,1.00,3.19
2016.03.22 15:19:25.903,0.85299,0.85307,1.00,1.25
2016.03.22 15:19:26.157,0.85295,0.85306,2.25,1.00
2016.03.22 15:19:28.153,0.85295,0.85306,1.50,1.69
2016.03.22 15:19:29.586,0.85295,0.85306,1.00,1.19
2016.03.22 15:19:32.705,0.85293,0.85307,1.63,1.94
2016.03.22 15:19:33.219,0.85296,0.85307,1.00,1.94
2016.03.22 15:19:34.187,0.85293,0.85307,1.63,1.94
2016.03.22 15:19:34.391,0.85289,0.85303,3.82,1.31
2016.03.22 15:19:34.442,0.85289,0.85299,2.25,1.19
2016.03.22 15:19:34.696,0.85288,0.85299,1.26,1.31
2016.03.22 15:19:34.798,0.85289,0.85299,1.51,1.31
2016.03.22 15:19:35.002,0.8529,0.85303,1.51,1.31
2016.03.22 15:19:35.103,0.85288,0.853,1.65,1.19
2016.03.22 15:19:35.231,0.85288,0.85298,1.12,1.56
2016.03.22 15:19:35.282,0.85284,0.85297,2.01,1.69
2016.03.22 15:19:35.485,0.85285,0.85299,1.93,1.56
2016.03.22 15:19:35.841,0.85286,0.853,1.88,1.69
2016.03.22 15:19:36.918,0.85287,0.853,1.51,1.94
2016.03.22 15:19:41.957,0.85288,0.853,1.18,1.25
2016.03.22 15:19:42.613,0.85289,0.853,1.00,1.25
2016.03.22 15:19:43.982,0.85288,0.853,1.00,1.25
2016.03.22 15:19:44.870,0.85288,0.85299,1.00,1.19
2016.03.22 15:19:45.384,0.85287,0.85299,1.50,1.31
2016.03.22 15:19:45.888,0.85288,0.85299,1.75,1.31
2016.03.22 15:19:47.431,0.85288,0.85299,1.50,1.19
2016.03.22 15:19:48.938,0.85288,0.85297,1.50,1.19
2016.03.22 15:19:49.469,0.85288,0.85298,1.50,1.19
2016.03.22 15:19:50.802,0.85288,0.85298,1.50,1.19
2016.03.22 15:19:58.565,0.85288,0.85299,1.00,1.69
2016.03.22 15:19:59.556,0.85287,0.85299,1.75,1.19
2016.03.22 15:20:02.001,0.85287,0.85299,1.50,1.31
2016.03.22 15:20:02.618,0.85289,0.853,1.00,1.69
2016.03.22 15:20:02.770,0.85289,0.85296,1.00,1.50
2016.03.22 15:20:02.923,0.85281,0.85293,1.37,1.56
2016.03.22 15:20:03.061,0.85281,0.85293,1.12,1.94
2016.03.22 15:20:03.617,0.85281,0.85292,1.12,1.31
2016.03.22 15:20:05.173,0.8528,0.85291,1.50,1.31
2016.03.22 15:20:05.678,0.85279,0.85291,1.00,1.19
2016.03.22 15:20:06.184,0.85279,0.85291,1.00,1.69
2016.03.22 15:20:14.540,0.85282,0.85291,1.00,1.69
2016.03.22 15:20:14.591,0.85283,0.85293,1.00,1.69
2016.03.22 15:20:14.642,0.85283,0.85294,1.37,1.56
2016.03.22 15:20:14.985,0.85285,0.85294,1.75,1.19
2016.03.22 15:20:15.491,0.85285,0.85294,1.75,1.19
2016.03.22 15:20:15.594,0.85283,0.85294,1.37,1.56
2016.03.22 15:20:15.646,0.8528,0.85294,1.75,1.69
2016.03.22 15:20:15.697,0.8528,0.85292,1.75,1.19
2016.03.22 15:20:17.845,0.8528,0.85293,2.25,1.31
2016.03.22 15:20:18.352,0.85281,0.85293,1.75,1.19
2016.03.22 15:20:20.088,0.85282,0.85293,1.50,1.19
2016.03.22 15:20:20.392,0.85283,0.85293,3.00,1.19
2016.03.22 15:20:20.790,0.85286,0.85293,1.00,1.19
2016.03.22 15:20:20.991,0.8528,0.85293,1.87,1.19
2016.03.22 15:20:21.194,0.85277,0.85291,2.32,1.19
2016.03.22 15:20:21.245,0.8528,0.85291,1.00,1.19
2016.03.22 15:20:21.957,0.85275,0.85287,1.75,1.19
2016.03.22 15:20:22.385,0.85273,0.85279,1.50,1.19
2016.03.22 15:20:22.588,0.85264,0.85275,2.25,1.19
2016.03.22 15:20:22.640,0.85263,0.85275,2.25,1.19
2016.03.22 15:20:22.743,0.85263,0.85274,1.50,1.19
2016.03.22 15:20:24.007,0.85263,0.85275,1.00,1.94
2016.03.22 15:20:24.186,0.8526,0.85271,1.87,1.56
2016.03.22 15:20:24.493,0.85258,0.8527,1.00,1.19
2016.03.22 15:20:26.197,0.85257,0.85271,1.75,1.94
2016.03.22 15:20:27.872,0.85257,0.85271,1.75,1.69
2016.03.22 15:20:27.924,0.85257,0.85271,1.50,1.69
2016.03.22 15:20:28.117,0.85254,0.85269,1.75,2.44
2016.03.22 15:20:31.584,0.85256,0.85269,1.00,1.69
2016.03.22 15:20:37.404,0.85253,0.85269,1.75,1.94
2016.03.22 15:20:37.741,0.85272,0.85283,1.00,1.69
2016.03.22 15:20:37.844,0.85277,0.8529,1.12,1.01
2016.03.22 15:20:37.895,0.8528,0.85293,1.37,1.94
2016.03.22 15:20:38.048,0.85281,0.85294,1.75,1.62
2016.03.22 15:20:38.100,0.85284,0.85297,1.37,1.56
2016.03.22 15:20:38.456,0.85284,0.85293,1.75,1.19
2016.03.22 15:20:41.324,0.85286,0.85292,1.00,1.19
2016.03.22 15:20:41.871,0.85282,0.85292,1.75,1.19
2016.03.22 15:20:42.399,0.8528,0.85292,1.75,1.19
2016.03.22 15:20:42.908,0.85282,0.85292,1.50,1.19
2016.03.22 15:20:44.110,0.85284,0.85292,1.00,1.19
2016.03.22 15:20:45.603,0.85284,0.85291,1.00,1.19
2016.03.22 15:20:48.165,0.8528,0.85292,1.75,1.19
2016.03.22 15:20:48.267,0.85278,0.85288,1.50,1.19
2016.03.22 15:20:48.405,0.85278,0.85288,1.00,1.19
2016.03.22 15:20:48.912,0.85277,0.85288,2.25,1.19
2016.03.22 15:20:50.402,0.8528,0.85288,2.25,1.56
2016.03.22 15:20:50.707,0.85281,0.8529,3.00,1.69
2016.03.22 15:20:50.960,0.85281,0.8529,1.87,1.19
2016.03.22 15:20:51.860,0.8528,0.8529,1.75,1.19
2016.03.22 15:20:52.164,0.85276,0.8529,3.51,1.69
2016.03.22 15:20:52.693,0.85274,0.85288,1.93,2.06
2016.03.22 15:20:52.947,0.85274,0.85285,1.37,1.31
2016.03.22 15:20:53.466,0.85274,0.85285,1.00,1.69
2016.03.22 15:20:55.643,0.85274,0.85285,1.37,1.69
2016.03.22 15:20:58.081,0.85274,0.85286,1.50,2.44
2016.03.22 15:20:59.591,0.85275,0.85286,1.00,1.19
2016.03.22 15:21:00.888,0.85274,0.85286,1.12,3.19
2016.03.22 15:21:02.799,0.85271,0.85278,1.50,1.19
2016.03.22 15:21:02.850,0.85271,0.85278,1.00,1.19
2016.03.22 15:21:02.902,0.85268,0.8528,1.87,2.44
2016.03.22 15:21:03.423,0.85268,0.85278,1.50,1.31
2016.03.22 15:21:05.169,0.85269,0.85278,1.00,1.56
2016.03.22 15:21:06.764,0.8527,0.85282,1.00,3.94
2016.03.22 15:21:06.815,0.8527,0.8528,1.00,1.25
2016.03.22 15:21:06.867,0.8527,0.85279,1.00,1.19
2016.03.22 15:21:06.969,0.8527,0.85281,1.12,1.31
2016.03.22 15:21:07.167,0.85268,0.85278,2.25,1.19
2016.03.22 15:21:07.321,0.85268,0.85278,2.25,1.19
2016.03.22 15:21:10.912,0.85268,0.85278,1.00,1.69
2016.03.22 15:21:11.443,0.85265,0.85278,2.62,1.69
2016.03.22 15:21:11.677,0.85265,0.85279,2.25,3.94
2016.03.22 15:21:12.721,0.85266,0.85276,1.12,1.19
2016.03.22 15:21:14.170,0.85267,0.85276,1.00,1.19
2016.03.22 15:21:16.281,0.85269,0.85276,1.00,1.19
2016.03.22 15:21:16.333,0.85269,0.85279,1.50,1.31
2016.03.22 15:21:20.162,0.85267,0.85277,1.75,1.19
2016.03.22 15:21:20.214,0.85267,0.85277,1.37,1.31
2016.03.22 15:21:20.398,0.85269,0.85278,1.00,1.19
2016.03.22 15:21:20.855,0.85267,0.85278,1.12,1.31
2016.03.22 15:21:21.602,0.85266,0.85277,1.50,1.19
2016.03.22 15:21:22.113,0.85266,0.85277,1.12,1.31
2016.03.22 15:21:23.116,0.85266,0.85276,1.87,1.19
2016.03.22 15:21:23.927,0.85266,0.85277,1.87,1.56
2016.03.22 15:21:24.029,0.85266,0.85277,2.25,1.31
2016.03.22 15:21:24.927,0.85267,0.85277,1.00,1.31
2016.03.22 15:21:25.293,0.85265,0.85277,1.12,1.31
2016.03.22 15:21:25.345,0.85265,0.85275,1.12,1.19
2016.03.22 15:21:29.169,0.85268,0.85275,1.00,1.19
2016.03.22 15:21:30.506,0.85265,0.85275,2.25,1.19
2016.03.22 15:21:45.291,0.85265,0.85275,1.50,1.19
2016.03.22 15:21:48.152,0.85267,0.85275,1.00,1.19
2016.03.22 15:21:48.770,0.85266,0.85275,1.12,1.19
2016.03.22 15:21:49.871,0.85266,0.85275,1.37,1.19
2016.03.22 15:21:52.386,0.85266,0.85279,1.50,1.69
2016.03.22 15:21:59.100,0.85266,0.85279,1.50,1.19
2016.03.22 15:21:59.505,0.85267,0.85279,1.00,1.31
2016.03.22 15:22:00.392,0.85266,0.85278,1.00,1.56
2016.03.22 15:22:00.443,0.85264,0.85276,2.25,1.31
2016.03.22 15:22:01.087,0.85265,0.85276,4.12,1.19
2016.03.22 15:22:01.925,0.85265,0.85276,1.87,1.19
2016.03.22 15:22:02.717,0.85267,0.85276,1.00,1.19
2016.03.22 15:22:07.427,0.85265,0.85276,4.87,1.19
2016.03.22 15:22:07.681,0.85269,0.85279,1.75,1.19
2016.03.22 15:22:08.557,0.85269,0.85281,1.75,1.19
2016.03.22 15:22:12.432,0.85269,0.85281,1.87,1.19
2016.03.22 15:22:15.530,0.85271,0.85281,1.12,1.56
2016.03.22 15:22:16.019,0.85266,0.85279,1.12,1.31
2016.03.22 15:22:16.076,0.85263,0.85277,2.25,2.06
2016.03.22 15:22:16.533,0.85263,0.85277,1.50,2.44
2016.03.22 15:22:16.739,0.85263,0.85277,1.87,3.19
2016.03.22 15:22:17.250,0.85263,0.85273,1.00,1.56
2016.03.22 15:22:17.868,0.85262,0.85273,1.75,1.31
2016.03.22 15:22:18.172,0.85271,0.85283,1.75,1.19
2016.03.22 15:22:18.691,0.85274,0.85283,1.00,1.19
2016.03.22 15:22:24.089,0.85273,0.85287,1.50,2.44
2016.03.22 15:22:24.191,0.85276,0.85286,1.00,1.00
2016.03.22 15:22:24.344,0.85277,0.85288,1.37,1.19
2016.03.22 15:22:24.851,0.85277,0.85288,1.50,1.19
2016.03.22 15:22:25.197,0.85275,0.85286,1.75,1.19
2016.03.22 15:22:25.726,0.85274,0.85286,2.25,1.19
2016.03.22 15:22:26.048,0.85273,0.85286,1.50,1.56
2016.03.22 15:22:26.571,0.85273,0.85286,1.75,1.19
2016.03.22 15:22:31.421,0.85272,0.85284,1.75,1.31
2016.03.22 15:22:31.792,0.85272,0.85282,1.75,1.19
2016.03.22 15:22:32.896,0.85272,0.85284,1.75,1.31
2016.03.22 15:22:33.302,0.85274,0.85285,1.75,1.19
2016.03.22 15:22:35.987,0.85274,0.85285,1.12,1.31
2016.03.22 15:22:44.313,0.85273,0.85285,1.12,1.31
2016.03.22 15:22:44.856,0.85273,0.85283,1.00,1.69
2016.03.22 15:22:46.012,0.85271,0.85283,1.50,1.31
2016.03.22 15:22:46.535,0.85271,0.85281,1.50,1.19
2016.03.22 15:22:59.078,0.85271,0.85283,1.50,1.94
2016.03.22 15:23:00.244,0.85271,0.85283,1.00,1.94
2016.03.22 15:23:00.774,0.85271,0.85282,1.50,1.19
2016.03.22 15:23:01.793,0.85271,0.85282,1.00,1.25
2016.03.22 15:23:01.895,0.85272,0.85284,1.37,2.06
2016.03.22 15:23:02.442,0.85272,0.85286,1.50,2.44
2016.03.22 15:23:05.872,0.85274,0.85286,1.00,2.44
2016.03.22 15:23:06.635,0.85275,0.85286,1.00,2.44
2016.03.22 15:23:07.630,0.85274,0.85286,1.50,2.44
2016.03.22 15:23:11.512,0.85273,0.85286,1.12,2.44
2016.03.22 15:23:11.817,0.85272,0.85283,1.00,2.06
2016.03.22 15:23:12.830,0.85271,0.85283,1.12,2.06
2016.03.22 15:23:13.344,0.85271,0.8528,1.00,1.19
2016.03.22 15:23:14.035,0.8527,0.8528,1.00,1.19
2016.03.22 15:23:14.544,0.85269,0.8528,1.20,1.31
2016.03.22 15:23:15.294,0.85271,0.8528,1.00,1.19
2016.03.22 15:23:16.644,0.85272,0.85282,1.60,1.00
2016.03.22 15:23:16.695,0.85275,0.85286,1.12,1.62
2016.03.22 15:23:16.747,0.85277,0.85287,1.00,1.76
2016.03.22 15:23:17.052,0.8528,0.85292,1.50,1.31
2016.03.22 15:23:17.408,0.8528,0.85292,1.75,1.31
2016.03.22 15:23:19.188,0.85281,0.85292,1.00,1.19
2016.03.22 15:23:19.290,0.85279,0.85292,1.75,2.06
2016.03.22 15:23:19.949,0.85281,0.85291,1.00,1.19
2016.03.22 15:23:20.457,0.8528,0.85291,1.00,1.69
2016.03.22 15:23:20.986,0.85277,0.8529,1.50,2.06
2016.03.22 15:23:21.038,0.85277,0.85283,1.50,1.00
2016.03.22 15:23:21.090,0.85274,0.85283,1.10,1.75
2016.03.22 15:23:21.295,0.85271,0.85281,1.00,1.50
2016.03.22 15:23:21.904,0.85272,0.85281,1.00,2.00
2016.03.22 15:23:22.107,0.85267,0.85281,1.00,2.00
2016.03.22 15:23:23.197,0.85267,0.8528,1.37,1.00
2016.03.22 15:23:23.300,0.85269,0.8528,1.37,1.00
2016.03.22 15:23:24.023,0.85269,0.85283,1.50,3.94
2016.03.22 15:23:24.226,0.85267,0.85279,1.12,1.37
2016.03.22 15:23:24.744,0.85268,0.85279,1.00,1.50
2016.03.22 15:23:25.542,0.85268,0.85281,1.37,1.94
2016.03.22 15:23:26.052,0.8527,0.8528,1.00,1.19
2016.03.22 15:23:26.571,0.85269,0.85279,1.00,1.69
2016.03.22 15:23:26.673,0.85265,0.85279,2.25,1.31
2016.03.22 15:23:26.724,0.85265,0.85279,1.12,1.94
2016.03.22 15:23:27.029,0.8526,0.85273,2.25,1.31
2016.03.22 15:23:27.131,0.8526,0.85273,2.25,3.19
2016.03.22 15:23:27.233,0.85258,0.85273,3.37,3.19
2016.03.22 15:23:28.895,0.85258,0.85271,3.00,1.69
2016.03.22 15:23:29.438,0.85258,0.85271,1.50,1.94
2016.03.22 15:23:32.583,0.85258,0.85271,1.63,1.94
2016.03.22 15:23:35.928,0.85258,0.85271,1.12,3.19
2016.03.22 15:23:36.030,0.85257,0.85271,1.37,3.94
2016.03.22 15:23:36.535,0.85257,0.85271,1.00,6.19
2016.03.22 15:23:37.791,0.85257,0.85269,1.00,1.69
2016.03.22 15:23:38.297,0.85258,0.85269,1.00,2.44
2016.03.22 15:23:38.720,0.85256,0.85269,4.12,3.19
2016.03.22 15:23:40.020,0.85257,0.85268,2.25,1.56
2016.03.22 15:23:40.527,0.85256,0.85269,4.12,3.19
2016.03.22 15:23:41.725,0.85257,0.85269,1.00,3.19
2016.03.22 15:23:42.231,0.85256,0.85269,3.75,3.94
2016.03.22 15:23:42.949,0.85257,0.85269,2.25,3.94
2016.03.22 15:23:45.254,0.85257,0.85269,2.25,3.94
2016.03.22 15:23:46.134,0.85256,0.85269,3.75,4.69
2016.03.22 15:23:47.395,0.85257,0.85269,1.00,3.94
2016.03.22 15:23:48.277,0.85257,0.85269,3.37,2.44
2016.03.22 15:23:48.789,0.85257,0.85269,1.75,1.69
2016.03.22 15:23:49.467,0.85257,0.85267,1.00,1.25
2016.03.22 15:23:50.056,0.85257,0.85266,1.00,1.00
2016.03.22 15:23:50.562,0.85258,0.85266,1.00,1.00
2016.03.22 15:23:52.365,0.85257,0.85266,1.87,1.00
2016.03.22 15:23:52.890,0.85258,0.85266,1.00,1.00
2016.03.22 15:23:53.405,0.85258,0.8527,1.00,1.94
2016.03.22 15:23:53.954,0.85257,0.8527,1.12,1.94
2016.03.22 15:23:54.755,0.85257,0.85271,1.50,2.57
2016.03.22 15:23:57.481,0.85258,0.85271,1.00,1.07
2016.03.22 15:23:58.489,0.85257,0.85272,2.01,1.94
2016.03.22 15:23:59.575,0.8526,0.85271,1.00,1.19
2016.03.22 15:24:00.091,0.85259,0.8527,1.50,1.25
2016.03.22 15:24:01.784,0.85259,0.85272,1.00,1.94
2016.03.22 15:24:02.333,0.85259,0.85273,1.00,2.57
2016.03.22 15:24:03.461,0.85259,0.85272,1.00,2.44
2016.03.22 15:24:03.664,0.85257,0.8527,2.25,2.44
2016.03.22 15:24:03.816,0.85258,0.85269,1.50,1.19
2016.03.22 15:24:03.867,0.85258,0.85272,1.50,1.01
2016.03.22 15:24:05.282,0.85258,0.85272,1.75,1.69
2016.03.22 15:24:09.115,0.85259,0.85271,1.50,1.69
2016.03.22 15:24:10.183,0.85258,0.85271,1.50,1.82
2016.03.22 15:24:10.702,0.85258,0.85272,2.25,2.44
2016.03.22 15:24:11.250,0.85258,0.85272,2.25,2.44
2016.03.22 15:24:15.710,0.85259,0.85272,1.00,1.69
2016.03.22 15:24:15.761,0.85259,0.85271,1.00,1.31
2016.03.22 15:24:16.307,0.85258,0.85271,1.12,2.57
2016.03.22 15:24:16.819,0.85256,0.8527,1.87,2.12
2016.03.22 15:24:17.553,0.85257,0.8527,1.00,2.12
2016.03.22 15:24:17.858,0.85257,0.85268,1.00,1.31
2016.03.22 15:24:20.194,0.85258,0.85268,1.00,1.19
2016.03.22 15:24:20.516,0.85261,0.85268,1.00,1.19
2016.03.22 15:24:21.354,0.85261,0.8527,1.00,1.19
2016.03.22 15:24:22.017,0.8526,0.8527,1.00,1.19
2016.03.22 15:24:22.623,0.85259,0.8527,1.00,1.69
2016.03.22 15:24:22.724,0.85258,0.8527,2.25,1.31
2016.03.22 15:24:25.340,0.85259,0.8527,1.00,1.19
2016.03.22 15:24:26.210,0.85255,0.85264,3.37,1.19
2016.03.22 15:24:26.720,0.85256,0.85267,1.87,1.69
2016.03.22 15:24:26.822,0.85256,0.85267,2.25,1.25
2016.03.22 15:24:30.223,0.85258,0.85268,1.00,1.31
2016.03.22 15:24:40.360,0.85258,0.8527,1.50,1.94
2016.03.22 15:24:40.665,0.85258,0.85273,3.00,2.51
2016.03.22 15:24:40.868,0.85258,0.85273,3.00,2.51
2016.03.22 15:24:41.764,0.85261,0.85272,1.00,1.19
2016.03.22 15:24:48.436,0.85259,0.85265,1.75,1.25
2016.03.22 15:24:48.487,0.85258,0.85265,1.50,1.19
2016.03.22 15:24:48.589,0.85257,0.85265,1.50,1.31
2016.03.22 15:24:48.742,0.85255,0.85263,1.50,1.19
2016.03.22 15:24:49.186,0.85255,0.85261,1.50,1.19
2016.03.22 15:24:49.743,0.85256,0.85265,1.00,1.01
2016.03.22 15:24:50.299,0.85257,0.85266,1.50,1.31
2016.03.22 15:24:50.504,0.85258,0.85268,1.00,1.69
2016.03.22 15:24:50.606,0.85259,0.8527,1.12,1.19
2016.03.22 15:24:50.657,0.85259,0.8527,1.87,1.19
2016.03.22 15:24:51.786,0.85257,0.8527,2.25,1.31
2016.03.22 15:24:51.837,0.85257,0.85268,2.25,1.19
2016.03.22 15:24:51.888,0.85257,0.85268,2.25,1.69
2016.03.22 15:24:52.496,0.85256,0.85266,1.50,1.31
2016.03.22 15:24:53.002,0.85257,0.85265,1.00,1.00
2016.03.22 15:24:53.357,0.85256,0.85264,2.25,1.19
2016.03.22 15:24:55.029,0.85255,0.85264,2.25,1.31
2016.03.22 15:24:55.131,0.85255,0.85268,2.62,2.51
2016.03.22 15:25:00.196,0.85255,0.85268,3.75,2.44
2016.03.22 15:25:02.004,0.85256,0.85268,1.00,2.81
2016.03.22 15:25:04.210,0.85256,0.85268,1.87,1.94
2016.03.22 15:25:05.630,0.85255,0.85267,2.25,2.44
2016.03.22 15:25:05.950,0.85255,0.85265,1.00,1.31
2016.03.22 15:25:06.457,0.85256,0.85264,1.50,1.19
2016.03.22 15:25:06.974,0.85255,0.85266,2.25,1.69
2016.03.22 15:25:11.250,0.85257,0.85266,1.00,1.19
2016.03.22 15:25:18.609,0.85256,0.85266,2.25,1.19
2016.03.22 15:25:21.873,0.85258,0.85266,1.00,1.19
2016.03.22 15:25:24.470,0.85258,0.85267,1.00,1.19
2016.03.22 15:25:24.723,0.85258,0.85268,1.00,1.25
2016.03.22 15:25:24.775,0.85256,0.85268,4.12,1.25
2016.03.22 15:25:24.826,0.85258,0.8527,1.12,1.12
2016.03.22 15:25:25.018,0.8526,0.85271,2.32,1.00
2016.03.22 15:25:25.069,0.85259,0.85272,1.12,1.56
2016.03.22 15:25:25.171,0.85258,0.85272,1.75,2.06
2016.03.22 15:25:26.093,0.85259,0.85273,1.75,2.44
2016.03.22 15:25:26.602,0.85257,0.8527,1.75,1.00
2016.03.22 15:25:27.363,0.85257,0.8527,2.25,1.37
2016.03.22 15:25:27.465,0.85259,0.85274,3.75,3.26
2016.03.22 15:25:27.972,0.8526,0.85275,3.75,1.19
2016.03.22 15:25:28.193,0.8526,0.85272,1.75,1.69
2016.03.22 15:25:28.294,0.85259,0.8527,1.00,1.00
2016.03.22 15:25:28.651,0.85259,0.8527,1.00,1.69
2016.03.22 15:25:33.526,0.85258,0.85269,1.00,1.19
2016.03.22 15:25:46.469,0.85258,0.85269,1.00,1.19
2016.03.22 15:25:47.056,0.85255,0.85267,3.75,1.19
2016.03.22 15:25:47.461,0.85256,0.85269,1.87,1.31
2016.03.22 15:25:50.760,0.85255,0.85268,3.37,2.06
2016.03.22 15:25:52.886,0.85255,0.85269,3.75,2.44
2016.03.22 15:26:02.683,0.85255,0.85269,3.00,2.44
2016.03.22 15:26:02.784,0.85255,0.85268,3.00,1.19
2016.03.22 15:26:04.187,0.85255,0.85269,3.00,3.19
2016.03.22 15:26:07.289,0.85255,0.85269,3.75,1.94
2016.03.22 15:26:08.453,0.85255,0.85269,3.75,2.44
2016.03.22 15:26:11.806,0.85255,0.85268,3.00,1.94
2016.03.22 15:26:14.310,0.85255,0.85269,3.75,1.94
2016.03.22 15:26:14.838,0.85255,0.85268,3.00,1.94
2016.03.22 15:26:15.997,0.85255,0.85268,3.00,1.94
2016.03.22 15:26:16.200,0.85256,0.85267,1.50,2.44
2016.03.22 15:26:16.723,0.85255,0.85266,2.25,1.94
2016.03.22 15:26:19.084,0.85256,0.85266,1.00,1.94
2016.03.22 15:26:19.609,0.85255,0.85267,2.25,3.19
2016.03.22 15:26:20.489,0.85255,0.85267,2.62,3.19
2016.03.22 15:26:21.039,0.85256,0.85268,1.50,2.81
2016.03.22 15:26:22.292,0.85255,0.85268,2.62,1.94
2016.03.22 15:26:29.023,0.85256,0.85267,1.00,2.44
2016.03.22 15:26:29.574,0.85255,0.85267,2.25,3.19
2016.03.22 15:26:30.094,0.85255,0.85266,2.62,1.19
2016.03.22 15:26:32.582,0.85255,0.85267,2.62,1.37
2016.03.22 15:26:32.851,0.85255,0.85267,3.75,1.07
2016.03.22 15:26:32.953,0.85255,0.85268,2.62,2.57
2016.03.22 15:26:33.485,0.85255,0.85268,2.62,2.57
2016.03.22 15:26:33.992,0.85255,0.85267,3.00,1.74
2016.03.22 15:26:36.498,0.85256,0.85266,1.00,1.07
2016.03.22 15:26:37.400,0.85255,0.85266,1.00,1.82
2016.03.22 15:26:38.875,0.85255,0.85266,1.00,2.57
2016.03.22 15:26:40.051,0.85254,0.85266,2.25,2.57
2016.03.22 15:26:40.572,0.85255,0.85266,1.50,2.57
2016.03.22 15:26:41.079,0.85255,0.85265,1.50,1.94
2016.03.22 15:26:42.003,0.85255,0.85264,1.50,1.07
2016.03.22 15:26:42.557,0.85255,0.85265,1.50,1.69
2016.03.22 15:26:45.342,0.85256,0.85265,1.50,1.69
2016.03.22 15:26:46.346,0.85255,0.85265,1.00,1.69
2016.03.22 15:26:51.369,0.85255,0.85264,1.50,1.55
2016.03.22 15:26:51.733,0.85255,0.85264,2.25,1.82
2016.03.22 15:26:52.039,0.85255,0.85265,1.12,2.20
2016.03.22 15:26:52.293,0.85255,0.85267,1.87,1.31
2016.03.22 15:26:52.824,0.85255,0.85267,1.75,1.19
2016.03.22 15:26:53.401,0.85255,0.85267,1.50,1.74
2016.03.22 15:26:54.684,0.85255,0.85267,2.62,1.19
2016.03.22 15:26:54.990,0.85256,0.85267,1.87,1.19
2016.03.22 15:26:55.501,0.85255,0.85265,3.00,1.19
2016.03.22 15:26:55.552,0.85255,0.85265,1.75,1.19
2016.03.22 15:26:56.212,0.85255,0.85265,1.50,1.19
2016.03.22 15:26:56.364,0.85256,0.85263,1.00,1.19
2016.03.22 15:26:56.900,0.85255,0.85263,1.00,1.19
2016.03.22 15:26:58.359,0.85256,0.85263,1.37,1.19
2016.03.22 15:26:58.898,0.85255,0.85263,3.00,1.19
2016.03.22 15:26:59.205,0.85256,0.85264,1.37,1.19
2016.03.22 15:26:59.308,0.85256,0.85264,1.37,1.25
2016.03.22 15:27:00.422,0.85255,0.8527,3.37,2.42
2016.03.22 15:27:01.521,0.85255,0.85268,4.12,3.41
2016.03.22 15:27:01.624,0.85255,0.85264,1.50,1.19
2016.03.22 15:27:01.955,0.85253,0.85259,1.00,1.19
2016.03.22 15:27:02.158,0.85254,0.85262,2.25,1.19
2016.03.22 15:27:02.210,0.85256,0.85262,1.50,1.19
2016.03.22 15:27:02.261,0.85254,0.85264,1.12,1.31
2016.03.22 15:27:02.414,0.85256,0.85263,1.00,1.19
2016.03.22 15:27:10.090,0.85255,0.85264,1.50,1.19
2016.03.22 15:27:10.394,0.85254,0.85261,2.25,2.85
2016.03.22 15:27:10.547,0.8524,0.85248,1.00,1.19
2016.03.22 15:27:10.649,0.8524,0.85251,1.75,1.00
2016.03.22 15:27:11.157,0.85241,0.85254,1.50,1.69
2016.03.22 15:27:11.864,0.85241,0.85255,2.25,1.56
2016.03.22 15:27:12.472,0.85241,0.85255,2.25,1.94
2016.03.22 15:27:12.574,0.85241,0.85252,1.00,1.25
2016.03.22 15:27:12.684,0.85241,0.85252,1.00,1.19
2016.03.22 15:27:12.786,0.85239,0.85252,1.12,1.69
2016.03.22 15:27:12.837,0.85238,0.85251,1.50,1.31
2016.03.22 15:27:13.588,0.85238,0.85252,1.50,2.44
2016.03.22 15:27:14.117,0.85238,0.85252,1.75,2.44
2016.03.22 15:27:14.649,0.85238,0.85252,1.50,2.44
2016.03.22 15:27:17.330,0.8524,0.85252,1.00,2.44
2016.03.22 15:27:17.483,0.85241,0.85254,1.00,1.94
2016.03.22 15:27:17.585,0.85241,0.85256,1.50,1.94
2016.03.22 15:27:17.788,0.85241,0.85253,1.75,1.19
2016.03.22 15:27:18.403,0.85242,0.85254,1.75,1.19
2016.03.22 15:27:20.076,0.85241,0.85254,1.37,1.69
2016.03.22 15:27:21.897,0.85241,0.85254,1.75,1.56
2016.03.22 15:27:23.621,0.85241,0.85252,1.75,1.19
2016.03.22 15:27:24.610,0.85241,0.85252,1.50,1.19
2016.03.22 15:27:25.220,0.85243,0.85252,1.00,1.19
2016.03.22 15:27:26.262,0.85243,0.85254,1.00,1.69
2016.03.22 15:27:26.595,0.85239,0.85251,3.07,1.19
2016.03.22 15:27:26.798,0.85239,0.85252,2.32,1.31
2016.03.22 15:27:28.198,0.85242,0.85252,1.00,1.19
2016.03.22 15:27:31.613,0.8524,0.85255,2.25,1.69
2016.03.22 15:27:31.817,0.85242,0.85253,1.00,1.19
2016.03.22 15:27:32.336,0.85243,0.85253,1.00,1.19
2016.03.22 15:27:32.852,0.85242,0.85253,1.50,1.00
2016.03.22 15:27:32.904,0.85242,0.85255,1.75,1.31
2016.03.22 15:27:33.411,0.85241,0.85255,1.37,1.94
2016.03.22 15:27:35.405,0.85243,0.85254,1.00,1.19
2016.03.22 15:27:35.712,0.8525,0.85263,1.75,2.81
2016.03.22 15:27:37.472,0.85253,0.85265,1.12,1.31
2016.03.22 15:27:37.626,0.85253,0.85265,1.50,1.56
2016.03.22 15:27:38.011,0.85253,0.85266,1.75,1.19
2016.03.22 15:27:38.215,0.85255,0.85267,1.75,1.31
2016.03.22 15:27:38.520,0.85255,0.85266,1.50,1.19
2016.03.22 15:27:39.066,0.85254,0.85265,1.50,1.19
2016.03.22 15:27:39.819,0.85252,0.85265,2.32,1.19
2016.03.22 15:27:40.334,0.85252,0.85265,3.00,1.19
2016.03.22 15:27:40.538,0.85253,0.85265,1.00,1.69
2016.03.22 15:27:41.059,0.85254,0.85265,1.00,1.69
2016.03.22 15:27:41.110,0.85254,0.85262,1.00,1.19
2016.03.22 15:27:46.269,0.85251,0.85264,1.75,1.19
2016.03.22 15:27:47.940,0.85252,0.85264,1.57,1.69
2016.03.22 15:27:48.398,0.85251,0.85257,1.12,1.19
2016.03.22 15:27:48.450,0.8525,0.85257,1.00,1.19
2016.03.22 15:27:48.501,0.85241,0.85256,3.37,1.69
2016.03.22 15:27:48.552,0.85243,0.85255,1.00,1.19
2016.03.22 15:27:49.059,0.85242,0.85253,1.00,1.69
2016.03.22 15:27:49.951,0.85243,0.85253,2.10,1.00
2016.03.22 15:27:50.053,0.85245,0.85256,1.30,1.47
2016.03.22 15:27:50.257,0.85248,0.85258,1.00,2.44
2016.03.22 15:27:50.460,0.85252,0.85261,2.10,1.00
2016.03.22 15:27:50.512,0.85253,0.85265,1.12,2.44
2016.03.22 15:27:50.563,0.85253,0.85265,1.75,2.44
2016.03.22 15:27:50.871,0.85253,0.8527,1.95,3.94
2016.03.22 15:27:51.074,0.85254,0.85265,1.00,1.00
2016.03.22 15:27:51.963,0.85252,0.85267,1.57,2.44
2016.03.22 15:27:55.167,0.85253,0.85267,2.47,2.44
2016.03.22 15:27:57.374,0.85252,0.85266,1.57,1.94
2016.03.22 15:27:59.877,0.85252,0.85266,1.85,1.69
2016.03.22 15:28:01.704,0.85249,0.85262,1.12,1.19
2016.03.22 15:28:02.111,0.85247,0.85261,1.35,1.69
2016.03.22 15:28:02.658,0.85248,0.85261,1.37,2.06
2016.03.22 15:28:03.189,0.85246,0.85261,1.85,2.44
2016.03.22 15:28:03.291,0.85248,0.8526,1.00,1.19
2016.03.22 15:28:04.273,0.85244,0.8526,2.25,3.19
2016.03.22 15:28:04.324,0.85244,0.8526,2.25,3.19
2016.03.22 15:28:05.534,0.85244,0.85258,2.25,1.69
2016.03.22 15:28:06.206,0.85248,0.85259,1.00,1.69
2016.03.22 15:28:07.215,0.85244,0.85259,2.25,1.94
2016.03.22 15:28:07.526,0.85245,0.85257,1.00,1.25
2016.03.22 15:28:07.831,0.85245,0.85257,2.85,1.25
2016.03.22 15:28:08.187,0.85248,0.8526,2.10,2.00
2016.03.22 15:28:08.836,0.85251,0.85262,2.10,4.31
2016.03.22 15:28:09.040,0.85253,0.85268,2.25,3.19
2016.03.22 15:28:09.141,0.85255,0.85268,1.75,1.69
2016.03.22 15:28:14.879,0.85255,0.85269,1.75,1.12
2016.03.22 15:28:15.134,0.85254,0.85268,1.85,1.50
2016.03.22 15:28:16.738,0.85254,0.85268,2.25,2.00
2016.03.22 15:28:16.839,0.85254,0.85268,1.75,1.62
2016.03.22 15:28:17.345,0.85254,0.85269,1.75,1.31
2016.03.22 15:28:18.049,0.85254,0.85269,1.75,2.44
2016.03.22 15:28:18.430,0.85255,0.85266,1.00,1.00
2016.03.22 15:28:18.685,0.85252,0.85268,3.19,3.37
2016.03.22 15:28:20.661,0.85251,0.85266,3.79,1.75
2016.03.22 15:28:21.778,0.85251,0.85267,3.79,2.25
2016.03.22 15:28:22.338,0.85255,0.85267,1.19,2.25
2016.03.22 15:28:23.455,0.85255,0.85267,1.19,2.25
2016.03.22 15:28:23.986,0.85254,0.85268,1.94,1.50
2016.03.22 15:28:24.495,0.85253,0.85268,1.12,1.50
2016.03.22 15:28:25.659,0.85254,0.8527,3.75,3.00
2016.03.22 15:28:29.687,0.85254,0.85268,2.25,1.00
2016.03.22 15:28:30.310,0.85254,0.85267,1.75,1.00
2016.03.22 15:28:30.766,0.85252,0.85267,1.75,1.50
2016.03.22 15:28:31.283,0.85253,0.85265,1.50,1.00
2016.03.22 15:28:33.931,0.85253,0.85264,1.00,1.00
2016.03.22 15:28:34.234,0.85252,0.85262,1.00,1.50
2016.03.22 15:28:34.388,0.85246,0.85258,1.50,1.00
2016.03.22 15:28:34.998,0.85246,0.85258,1.69,1.00
2016.03.22 15:28:36.215,0.85251,0.85258,1.00,1.00
2016.03.22 15:28:36.418,0.85251,0.85263,1.62,1.50
2016.03.22 15:28:38.175,0.85251,0.85265,1.56,2.25
2016.03.22 15:28:38.619,0.85251,0.85263,1.25,1.87
2016.03.22 15:28:38.773,0.85249,0.85263,3.19,2.62
2016.03.22 15:28:38.824,0.85251,0.85263,1.00,2.62
2016.03.22 15:28:38.926,0.8525,0.85263,1.50,1.50
2016.03.22 15:28:40.906,0.85251,0.85264,1.00,2.25
2016.03.22 15:28:41.237,0.85246,0.85261,1.75,1.75
2016.03.22 15:28:42.017,0.85248,0.85261,1.37,1.75
2016.03.22 15:28:42.169,0.85249,0.85261,1.31,1.12
2016.03.22 15:28:44.382,0.85252,0.85262,1.19,1.50
2016.03.22 15:28:44.694,0.85254,0.85264,1.19,1.37
2016.03.22 15:28:47.645,0.85255,0.85265,1.19,1.75
2016.03.22 15:28:48.302,0.85259,0.85266,1.19,1.50
2016.03.22 15:28:48.354,0.85259,0.85269,1.56,1.87
2016.03.22 15:28:48.457,0.85263,0.85273,1.12,1.12
2016.03.22 15:28:48.508,0.85264,0.85274,1.37,1.00
2016.03.22 15:28:48.661,0.85266,0.8528,2.44,2.62
2016.03.22 15:28:49.328,0.85267,0.8528,2.44,1.87
2016.03.22 15:28:49.856,0.85267,0.85279,1.94,1.00
2016.03.22 15:28:50.535,0.85268,0.85281,1.69,2.62
2016.03.22 15:28:50.640,0.85273,0.85281,1.62,1.12
2016.03.22 15:28:51.149,0.85276,0.85287,1.00,3.00
2016.03.22 15:28:51.201,0.85276,0.85287,1.00,2.25
2016.03.22 15:28:51.353,0.85271,0.85285,3.26,1.00
2016.03.22 15:28:51.603,0.85271,0.85285,1.25,3.75
2016.03.22 15:28:51.959,0.85271,0.85283,1.62,1.00
2016.03.22 15:28:52.620,0.8527,0.85283,1.94,1.00
2016.03.22 15:28:53.417,0.85271,0.85282,1.19,1.00
2016.03.22 15:28:53.519,0.85269,0.85281,1.69,1.12
2016.03.22 15:28:53.723,0.85267,0.85281,2.44,1.87
2016.03.22 15:28:54.277,0.85268,0.8528,1.31,1.50
2016.03.22 15:28:54.779,0.85268,0.8528,2.44,1.00
2016.03.22 15:28:55.755,0.85268,0.85281,2.44,1.12
2016.03.22 15:29:00.777,0.85268,0.85281,1.69,1.37
2016.03.22 15:29:00.929,0.85268,0.85281,1.69,1.12
2016.03.22 15:29:05.270,0.85269,0.85282,2.06,1.50
2016.03.22 15:29:05.828,0.8527,0.85283,2.51,1.75
2016.03.22 15:29:05.879,0.8527,0.85283,2.51,1.50
2016.03.22 15:29:05.978,0.8527,0.85285,2.51,1.88
2016.03.22 15:29:06.486,0.85273,0.85285,2.14,1.75
2016.03.22 15:29:07.172,0.85273,0.85287,3.19,1.50
2016.03.22 15:29:07.223,0.85277,0.85287,1.19,1.50
2016.03.22 15:29:07.744,0.85278,0.85288,1.15,1.00
2016.03.22 15:29:08.251,0.85278,0.85288,1.24,1.00
2016.03.22 15:29:08.555,0.85282,0.85292,1.25,2.62
2016.03.22 15:29:08.708,0.85284,0.85295,1.50,1.12
2016.03.22 15:29:08.854,0.85286,0.85297,1.10,1.00
2016.03.22 15:29:09.159,0.85286,0.85299,1.82,1.51
2016.03.22 15:29:09.312,0.85285,0.85299,1.70,1.88
2016.03.22 15:29:09.414,0.85285,0.853,1.39,1.63
2016.03.22 15:29:09.769,0.85287,0.853,1.20,1.26
2016.03.22 15:29:14.662,0.85288,0.85301,1.01,1.63
2016.03.22 15:29:16.459,0.8529,0.85302,1.07,2.25
2016.03.22 15:29:17.039,0.8529,0.85303,1.45,1.87
2016.03.22 15:29:17.345,0.85308,0.85312,1.05,7.50
2016.03.22 15:29:17.449,0.8531,0.85321,1.15,4.50
2016.03.22 15:29:17.551,0.8531,0.85323,1.16,2.25
2016.03.22 15:29:17.603,0.8531,0.85322,1.42,1.00
2016.03.22 15:29:17.906,0.85308,0.85321,3.11,1.12
2016.03.22 15:29:19.876,0.85308,0.85318,1.66,1.12
2016.03.22 15:29:20.029,0.85304,0.85316,1.31,1.12
2016.03.22 15:29:20.312,0.85305,0.85317,1.56,1.37
2016.03.22 15:29:20.466,0.85306,0.85322,1.94,2.25
2016.03.22 15:29:20.517,0.85308,0.85322,2.85,2.25
2016.03.22 15:29:20.621,0.85308,0.85322,2.29,1.50
2016.03.22 15:29:20.672,0.85308,0.85319,2.29,1.00
2016.03.22 15:29:20.992,0.85308,0.85322,2.36,1.50
2016.03.22 15:29:21.448,0.85308,0.8532,2.36,1.00
2016.03.22 15:29:22.407,0.85308,0.85324,2.36,1.50
2016.03.22 15:29:22.560,0.85309,0.85324,1.31,1.00
2016.03.22 15:29:22.764,0.85311,0.85326,2.55,1.00
2016.03.22 15:29:23.273,0.85311,0.85328,3.30,2.44
2016.03.22 15:29:23.777,0.85311,0.85329,3.49,6.19
2016.03.22 15:29:24.317,0.85313,0.85328,1.00,1.31
2016.03.22 15:29:24.522,0.85313,0.85328,1.00,2.06
2016.03.22 15:29:24.732,0.85313,0.85328,1.00,2.44
2016.03.22 15:29:25.245,0.85312,0.85328,1.42,2.81
2016.03.22 15:29:25.601,0.85312,0.85328,2.10,1.69
2016.03.22 15:29:26.587,0.85311,0.85325,2.47,1.25
2016.03.22 15:29:26.689,0.85311,0.85324,1.37,1.00
2016.03.22 15:29:27.208,0.8531,0.85325,1.70,1.31
2016.03.22 15:29:27.556,0.8531,0.85325,1.70,2.44
2016.03.22 15:29:28.073,0.8531,0.85325,1.70,1.69
2016.03.22 15:29:28.824,0.85309,0.85324,3.97,1.19
2016.03.22 15:29:29.126,0.85309,0.85324,3.97,1.25
2016.03.22 15:29:29.633,0.8531,0.85324,1.70,1.69
2016.03.22 15:29:30.333,0.85313,0.85325,1.00,1.19
2016.03.22 15:29:30.436,0.85314,0.85327,1.19,1.12
2016.03.22 15:29:30.589,0.85319,0.85331,1.00,1.37
2016.03.22 15:29:30.742,0.85319,0.85332,1.12,1.62
2016.03.22 15:29:31.003,0.85319,0.85332,3.82,1.62
2016.03.22 15:29:31.512,0.8532,0.85332,1.12,1.00
2016.03.22 15:29:32.094,0.85317,0.85332,2.06,1.00
2016.03.22 15:29:33.191,0.85325,0.85333,1.50,2.44
2016.03.22 15:29:33.293,0.8533,0.85335,2.29,1.12
2016.03.22 15:29:33.448,0.8533,0.8534,3.04,1.12
2016.03.22 15:29:33.500,0.85331,0.85343,1.31,1.37
2016.03.22 15:29:33.551,0.85332,0.85345,1.24,1.00
2016.03.22 15:29:34.058,0.85332,0.85346,1.37,1.12
2016.03.22 15:29:34.582,0.85332,0.85345,1.27,1.00
2016.03.22 15:29:35.101,0.85331,0.85345,2.10,1.00
2016.03.22 15:29:35.622,0.85331,0.85346,2.17,1.12
2016.03.22 15:29:35.827,0.85331,0.85346,2.17,1.31
2016.03.22 15:29:36.717,0.8533,0.85346,1.80,1.69
2016.03.22 15:29:37.021,0.85335,0.85349,2.85,1.19
2016.03.22 15:29:37.072,0.85335,0.85349,2.10,1.00
2016.03.22 15:29:37.338,0.85337,0.85351,1.00,1.25
2016.03.22 15:29:37.592,0.85337,0.8535,1.10,1.19
2016.03.22 15:29:38.064,0.85338,0.8535,1.12,1.19
2016.03.22 15:29:38.369,0.8534,0.8535,1.07,1.19
2016.03.22 15:29:38.701,0.8534,0.85355,1.75,1.00
2016.03.22 15:29:38.752,0.85344,0.85358,1.27,1.19
2016.03.22 15:29:39.263,0.85345,0.8536,4.05,1.00
2016.03.22 15:29:39.315,0.85346,0.8536,2.70,1.00
2016.03.22 15:29:39.683,0.85349,0.85359,1.47,1.69
2016.03.22 15:29:39.785,0.85347,0.85358,1.07,1.00
2016.03.22 15:29:39.837,0.85347,0.85362,1.12,1.56
2016.03.22 15:29:39.989,0.85348,0.85362,1.12,1.69
2016.03.22 15:29:40.444,0.85348,0.85362,1.12,1.56
2016.03.22 15:29:40.546,0.85347,0.85362,1.20,1.56
2016.03.22 15:29:40.598,0.85345,0.8536,3.30,1.19
2016.03.22 15:29:40.905,0.85343,0.85358,1.72,1.19
2016.03.22 15:29:41.613,0.85342,0.85357,1.12,1.69
2016.03.22 15:29:41.664,0.85342,0.85354,1.12,1.19
2016.03.22 15:29:41.767,0.8534,0.85355,1.00,1.19
2016.03.22 15:29:41.820,0.85337,0.85351,3.22,1.00
2016.03.22 15:29:42.125,0.85336,0.85349,3.67,1.19
2016.03.22 15:29:42.669,0.85336,0.8535,3.22,1.19
2016.03.22 15:29:43.176,0.85336,0.85349,2.47,1.19
2016.03.22 15:29:43.694,0.85336,0.85347,2.10,1.00
2016.03.22 15:29:44.326,0.85336,0.85346,2.47,1.00
2016.03.22 15:29:44.639,0.85336,0.85346,3.60,1.00
2016.03.22 15:29:44.842,0.85336,0.85346,2.17,1.00
2016.03.22 15:29:45.592,0.85336,0.85344,2.17,1.00
2016.03.22 15:29:46.428,0.85336,0.85347,2.17,1.00
2016.03.22 15:29:46.632,0.85336,0.85347,3.30,1.25
2016.03.22 15:29:50.666,0.85336,0.85348,1.20,1.00
2016.03.22 15:29:51.168,0.85334,0.85348,1.47,1.00
2016.03.22 15:29:52.167,0.85338,0.85354,1.00,1.31
2016.03.22 15:29:52.270,0.85337,0.85349,1.00,1.00
2016.03.22 15:29:52.372,0.85336,0.85353,1.57,1.19
2016.03.22 15:29:53.021,0.85337,0.85352,1.20,1.19
2016.03.22 15:29:53.534,0.85338,0.85352,1.37,1.19
2016.03.22 15:29:54.396,0.85342,0.85354,2.10,1.19
2016.03.22 15:29:54.447,0.85342,0.85354,2.10,1.00
2016.03.22 15:29:54.498,0.85342,0.85354,3.22,1.00
2016.03.22 15:29:55.037,0.85342,0.85355,2.77,1.25
2016.03.22 15:29:55.189,0.85342,0.85356,1.27,1.00
2016.03.22 15:29:55.292,0.85341,0.85355,1.45,1.19
2016.03.22 15:29:55.495,0.85339,0.85354,2.17,1.50
2016.03.22 15:29:56.170,0.85339,0.85353,2.17,1.00
2016.03.22 15:29:56.492,0.85339,0.85356,3.30,1.25
2016.03.22 15:29:56.544,0.85339,0.85356,3.67,1.25
2016.03.22 15:29:57.001,0.85343,0.85357,1.00,1.69
2016.03.22 15:29:57.254,0.85348,0.85363,1.47,1.50
2016.03.22 15:29:57.307,0.85348,0.85364,1.95,2.44
2016.03.22 15:29:57.814,0.85349,0.85364,2.17,1.69
2016.03.22 15:29:59.511,0.85349,0.85366,2.17,2.44
2016.03.22 15:30:00.126,0.85352,0.85366,2.25,2.44
2016.03.22 15:30:00.380,0.85352,0.85363,2.25,1.00
2016.03.22 15:30:00.634,0.85352,0.85367,2.32,2.00
2016.03.22 15:30:01.067,0.85352,0.85364,1.95,1.12
2016.03.22 15:30:01.736,0.85352,0.85365,1.67,1.87
2016.03.22 15:30:02.136,0.85356,0.85369,1.35,2.44
2016.03.22 15:30:02.188,0.85353,0.85364,1.42,1.00
2016.03.22 15:30:02.392,0.85353,0.85367,1.35,1.50
2016.03.22 15:30:03.745,0.85353,0.85366,1.35,1.26
2016.03.22 15:30:04.354,0.85353,0.85367,1.35,1.51
2016.03.22 15:30:04.405,0.85353,0.85367,2.10,1.50
2016.03.22 15:30:04.931,0.85358,0.85367,1.00,1.00
2016.03.22 15:30:05.693,0.85355,0.85369,1.87,1.07
2016.03.22 15:30:06.362,0.85354,0.85366,3.79,1.00
2016.03.22 15:30:06.870,0.85355,0.85368,1.00,1.75
2016.03.22 15:30:07.044,0.85359,0.85366,1.67,1.00
2016.03.22 15:30:07.146,0.85359,0.85372,2.10,1.62
2016.03.22 15:30:07.695,0.8536,0.85371,1.75,1.12
2016.03.22 15:30:08.369,0.85359,0.8537,2.85,1.00
2016.03.22 15:30:08.420,0.85359,0.8537,2.10,1.00
2016.03.22 15:30:08.928,0.85359,0.85371,2.10,1.25
2016.03.22 15:30:09.662,0.85359,0.8537,2.10,1.00
2016.03.22 15:30:10.458,0.85359,0.85369,2.10,1.00
2016.03.22 15:30:10.960,0.85359,0.8537,1.35,1.00
2016.03.22 15:30:12.117,0.85358,0.85371,1.35,1.62
2016.03.22 15:30:15.327,0.85357,0.85368,1.50,1.00
2016.03.22 15:30:15.533,0.85357,0.85367,1.00,1.00
2016.03.22 15:30:15.788,0.85357,0.8537,2.25,1.37
2016.03.22 15:30:15.839,0.85357,0.8537,2.25,1.00
2016.03.22 15:30:16.838,0.85358,0.85368,1.12,1.00
2016.03.22 15:30:17.143,0.85359,0.8537,1.85,1.00
2016.03.22 15:30:17.700,0.85359,0.85371,1.85,1.25
2016.03.22 15:30:18.312,0.85366,0.85374,1.00,1.00
2016.03.22 15:30:18.414,0.85361,0.85373,1.95,1.00
2016.03.22 15:30:18.957,0.85361,0.85373,1.57,1.00
2016.03.22 15:30:20.292,0.85361,0.85375,1.50,1.37
2016.03.22 15:30:20.343,0.85365,0.85375,1.00,1.00
2016.03.22 15:30:20.850,0.85364,0.85376,1.67,1.75
2016.03.22 15:30:21.698,0.85361,0.85376,1.35,2.25
2016.03.22 15:30:21.749,0.85362,0.85375,1.30,1.75
2016.03.22 15:30:21.851,0.85362,0.85375,1.91,1.37
2016.03.22 15:30:22.155,0.85378,0.85388,1.69,1.10
2016.03.22 15:30:22.206,0.8538,0.85395,1.12,1.12
2016.03.22 15:30:22.257,0.8538,0.85396,3.00,1.00
2016.03.22 15:30:22.309,0.85384,0.85396,1.00,1.00
2016.03.22 15:30:22.628,0.85383,0.85393,1.00,3.64
2016.03.22 15:30:22.730,0.85371,0.85383,1.12,1.00
2016.03.22 15:30:22.782,0.85369,0.85383,1.60,1.00
2016.03.22 15:30:22.985,0.85368,0.85385,4.05,1.00
2016.03.22 15:30:23.037,0.85368,0.8538,4.42,1.00
2016.03.22 15:30:23.376,0.85371,0.85384,1.00,1.37
2016.03.22 15:30:23.631,0.85368,0.85384,2.10,2.25
2016.03.22 15:30:24.039,0.85368,0.85383,2.10,1.00
2016.03.22 15:30:24.587,0.85369,0.85384,1.60,1.50
2016.03.22 15:30:24.891,0.85369,0.85384,1.60,1.50
2016.03.22 15:30:25.484,0.85367,0.85383,1.20,1.12
2016.03.22 15:30:26.026,0.85366,0.85383,2.51,1.12
2016.03.22 15:30:26.128,0.85366,0.85381,2.89,1.00
2016.03.22 15:30:26.283,0.85366,0.85383,2.14,1.00
2016.03.22 15:30:26.739,0.8537,0.85385,1.00,1.57
2016.03.22 15:30:27.247,0.8537,0.85384,2.10,1.00
2016.03.22 15:30:27.762,0.8537,0.85385,2.10,1.75
2016.03.22 15:30:28.067,0.85369,0.85385,1.60,1.12
2016.03.22 15:30:28.172,0.85369,0.85385,1.72,1.50
2016.03.22 15:30:28.274,0.85369,0.85385,1.60,1.50
2016.03.22 15:30:29.109,0.8537,0.85385,1.72,1.00
2016.03.22 15:30:29.635,0.8537,0.85385,1.35,1.00
2016.03.22 15:30:30.193,0.8537,0.85386,2.47,1.37
2016.03.22 15:30:30.508,0.85367,0.85378,1.87,1.37
2016.03.22 15:30:30.610,0.85364,0.85377,1.35,1.37
2016.03.22 15:30:30.764,0.85363,0.85379,2.47,1.12
2016.03.22 15:30:31.374,0.85364,0.85381,1.80,1.75
2016.03.22 15:30:31.578,0.85363,0.85379,2.47,1.75
2016.03.22 15:30:31.883,0.85363,0.85376,2.47,1.37
2016.03.22 15:30:32.593,0.85363,0.85377,2.47,1.12
2016.03.22 15:30:33.099,0.85363,0.85375,2.10,1.00
2016.03.22 15:30:33.151,0.85361,0.85375,1.00,1.00
2016.03.22 15:30:33.202,0.8536,0.85376,1.42,1.12
2016.03.22 15:30:33.506,0.85364,0.85375,1.00,1.00
2016.03.22 15:30:33.790,0.85361,0.85376,2.10,1.20
2016.03.22 15:30:34.250,0.85362,0.85376,2.47,1.00
2016.03.22 15:30:34.403,0.85362,0.85377,3.22,1.12
2016.03.22 15:30:34.936,0.85361,0.85376,2.92,1.37
2016.03.22 15:30:36.093,0.85361,0.85376,2.92,1.87
2016.03.22 15:30:36.500,0.85363,0.85376,1.30,1.12
2016.03.22 15:30:37.007,0.85361,0.85375,2.25,1.00
2016.03.22 15:30:37.639,0.85364,0.85376,1.00,1.50
2016.03.22 15:30:37.842,0.85364,0.85377,1.00,1.00
2016.03.22 15:30:38.451,0.85361,0.85376,3.86,1.00
2016.03.22 15:30:38.706,0.85361,0.85375,3.30,1.37
2016.03.22 15:30:39.012,0.85365,0.85379,1.00,1.47
2016.03.22 15:30:39.164,0.85365,0.85378,2.25,1.00
2016.03.22 15:30:39.367,0.85366,0.8538,1.75,1.69
2016.03.22 15:30:39.867,0.85367,0.85379,1.35,1.00
2016.03.22 15:30:40.173,0.85368,0.85378,1.00,2.62
2016.03.22 15:30:40.224,0.85365,0.85377,1.20,1.87
2016.03.22 15:30:40.377,0.85363,0.85374,1.19,1.50
2016.03.22 15:30:40.800,0.85362,0.85376,1.12,1.75
2016.03.22 15:30:41.606,0.85359,0.85374,3.67,1.75
2016.03.22 15:30:42.126,0.8536,0.85372,2.62,1.50
2016.03.22 15:30:42.380,0.85356,0.85371,2.85,1.12
2016.03.22 15:30:42.686,0.8536,0.85372,1.12,1.37
2016.03.22 15:30:42.789,0.85358,0.85371,1.12,2.62
2016.03.22 15:30:43.124,0.85357,0.85371,2.47,3.37
2016.03.22 15:30:43.589,0.85357,0.85372,1.85,1.12
2016.03.22 15:30:43.893,0.85363,0.85374,1.00,3.19
2016.03.22 15:30:44.147,0.85363,0.85377,1.95,1.37
2016.03.22 15:30:44.570,0.85363,0.85377,1.07,1.75
2016.03.22 15:30:44.977,0.85362,0.85372,2.17,1.00
2016.03.22 15:30:45.484,0.85361,0.85372,1.35,1.00
2016.03.22 15:30:46.298,0.85363,0.85374,1.00,1.00
2016.03.22 15:30:46.603,0.85361,0.85373,1.05,1.50
2016.03.22 15:30:46.856,0.85364,0.85378,1.12,3.00
2016.03.22 15:30:47.384,0.85361,0.85375,2.92,1.00
2016.03.22 15:30:47.587,0.85361,0.85376,2.55,1.87
2016.03.22 15:30:47.689,0.85361,0.85376,1.42,2.62
2016.03.22 15:30:48.081,0.85361,0.85372,1.42,1.00
2016.03.22 15:30:48.994,0.85361,0.85374,1.67,1.87
2016.03.22 15:30:49.096,0.85364,0.85374,1.00,1.00
2016.03.22 15:30:49.603,0.8536,0.85374,5.10,1.37
2016.03.22 15:30:50.386,0.85361,0.85371,1.05,1.00
2016.03.22 15:30:50.997,0.85361,0.85373,1.42,1.00
2016.03.22 15:30:52.317,0.85361,0.85371,1.57,1.00
2016.03.22 15:30:52.655,0.85349,0.85363,1.35,1.87
2016.03.22 15:30:52.706,0.8535,0.85361,1.00,1.00
2016.03.22 15:30:53.429,0.85347,0.8536,3.00,1.50
2016.03.22 15:30:53.530,0.85346,0.85361,3.60,3.00
2016.03.22 15:30:53.835,0.85346,0.85361,6.60,1.94
2016.03.22 15:30:54.240,0.85347,0.85361,4.12,1.12
2016.03.22 15:30:54.393,0.85347,0.85363,4.50,1.69
2016.03.22 15:30:55.268,0.85347,0.85363,3.75,2.81
2016.03.22 15:30:55.319,0.85349,0.8536,1.00,1.00
2016.03.22 15:30:56.234,0.85348,0.85359,1.00,1.00
2016.03.22 15:30:56.741,0.85347,0.85361,2.62,2.25
2016.03.22 15:30:57.244,0.85346,0.85357,1.75,1.00
2016.03.22 15:30:57.345,0.85345,0.85357,3.75,1.00
2016.03.22 15:30:57.499,0.85345,0.85358,6.00,1.00
2016.03.22 15:30:58.006,0.85345,0.85359,3.75,1.12
2016.03.22 15:30:58.523,0.85346,0.8536,1.50,3.00
2016.03.22 15:30:59.039,0.85348,0.85359,1.00,1.00
2016.03.22 15:31:00.423,0.85346,0.85361,1.75,1.50
2016.03.22 15:31:01.925,0.85348,0.85361,1.67,1.50
2016.03.22 15:31:02.514,0.85348,0.85361,2.29,1.50
2016.03.22 15:31:04.743,0.85349,0.8536,1.00,1.00
2016.03.22 15:31:15.959,0.85346,0.8536,2.47,1.75
2016.03.22 15:31:16.276,0.85346,0.85356,1.00,1.20
2016.03.22 15:31:16.327,0.85346,0.85354,1.00,1.00
2016.03.22 15:31:16.480,0.85338,0.85352,1.42,1.75
2016.03.22 15:31:16.735,0.85344,0.85353,1.00,1.75
2016.03.22 15:31:16.787,0.85344,0.85353,1.00,1.12
2016.03.22 15:31:16.889,0.85344,0.85355,1.12,1.12
2016.03.22 15:31:16.940,0.85344,0.85355,1.37,1.00
2016.03.22 15:31:17.144,0.85344,0.85355,1.00,1.31
2016.03.22 15:31:17.323,0.85339,0.85351,2.62,1.00
2016.03.22 15:31:17.375,0.85337,0.85351,1.12,1.50
2016.03.22 15:31:17.881,0.85336,0.85349,1.95,1.00
2016.03.22 15:31:19.602,0.85336,0.8535,1.95,1.12
2016.03.22 15:31:21.978,0.85336,0.8535,1.65,1.50
2016.03.22 15:31:23.309,0.85336,0.85348,1.50,1.00
2016.03.22 15:31:23.363,0.85335,0.85348,1.67,1.87
2016.03.22 15:31:23.871,0.85335,0.85346,1.30,1.12
2016.03.22 15:31:24.889,0.85334,0.85345,1.00,1.50
2016.03.22 15:31:28.948,0.85334,0.85344,1.00,1.00
2016.03.22 15:31:29.101,0.85332,0.85343,1.00,1.18
2016.03.22 15:31:29.203,0.85328,0.85343,2.25,1.75
2016.03.22 15:31:29.306,0.85327,0.85343,1.95,1.50
2016.03.22 15:31:29.611,0.85326,0.85342,2.25,1.75
2016.03.22 15:31:30.890,0.85327,0.85342,2.32,1.87
2016.03.22 15:31:31.017,0.8533,0.85342,2.25,1.00
2016.03.22 15:31:31.072,0.8533,0.85344,2.25,1.00
2016.03.22 15:31:31.591,0.85331,0.85345,2.32,1.26
2016.03.22 15:31:32.801,0.8533,0.85343,1.87,1.00
2016.03.22 15:31:33.690,0.85332,0.85343,1.00,1.31
2016.03.22 15:31:34.578,0.85328,0.85343,2.25,1.62
2016.03.22 15:31:37.920,0.85328,0.85342,1.75,1.50
2016.03.22 15:31:40.073,0.85327,0.85342,3.75,1.12
2016.03.22 15:31:40.612,0.85328,0.85342,2.25,1.37
2016.03.22 15:31:41.605,0.85328,0.85343,3.00,1.69
2016.03.22 15:31:42.112,0.85332,0.85343,1.00,1.00
2016.03.22 15:31:43.242,0.85332,0.85342,1.00,1.00
2016.03.22 15:31:43.345,0.85326,0.85342,5.25,1.50
2016.03.22 15:31:44.056,0.85328,0.85342,1.50,1.50
2016.03.22 15:31:44.814,0.85328,0.85342,1.50,1.50
2016.03.22 15:31:45.148,0.85329,0.85343,3.75,1.37
2016.03.22 15:31:45.504,0.85331,0.85342,1.00,1.12
2016.03.22 15:31:46.021,0.85327,0.85341,3.37,1.12
2016.03.22 15:31:46.528,0.85329,0.85341,1.00,1.37
2016.03.22 15:31:47.078,0.85328,0.85341,1.50,1.12
2016.03.22 15:31:47.237,0.85328,0.85335,1.00,1.00
2016.03.22 15:31:47.339,0.85326,0.85335,1.00,1.07
2016.03.22 15:31:47.442,0.8532,0.85335,2.92,2.57
2016.03.22 15:31:47.493,0.8532,0.85333,1.35,1.12
2016.03.22 15:31:48.297,0.85321,0.85333,1.00,1.55
2016.03.22 15:31:49.039,0.85319,0.85332,2.10,1.56
2016.03.22 15:31:49.366,0.85323,0.85333,1.00,1.50
2016.03.22 15:31:49.418,0.85323,0.85333,1.37,1.50
2016.03.22 15:31:49.621,0.85325,0.85336,2.10,1.87
2016.03.22 15:31:49.931,0.85331,0.85337,1.00,2.44
2016.03.22 15:31:50.033,0.85331,0.85339,1.00,1.19
2016.03.22 15:31:52.361,0.8533,0.8534,1.50,1.19
2016.03.22 15:31:55.654,0.85328,0.8534,1.75,1.69
2016.03.22 15:31:55.755,0.85328,0.8534,1.50,1.69
2016.03.22 15:31:57.451,0.85328,0.85338,1.00,1.69
2016.03.22 15:31:57.553,0.85326,0.85338,1.00,1.82
2016.03.22 15:31:57.655,0.85324,0.85337,1.50,1.50
2016.03.22 15:31:57.706,0.85324,0.85337,1.95,1.12
2016.03.22 15:31:58.230,0.85328,0.8534,1.12,1.69
2016.03.22 15:31:59.605,0.85327,0.85338,1.50,1.19
2016.03.22 15:31:59.810,0.85324,0.85334,1.00,1.00
2016.03.22 15:31:59.963,0.8532,0.85332,2.62,1.56
2016.03.22 15:32:00.116,0.85317,0.85329,1.75,1.62
2016.03.22 15:32:00.260,0.85315,0.85326,2.05,1.19
2016.03.22 15:32:00.363,0.85312,0.85326,2.47,1.31
2016.03.22 15:32:00.569,0.85313,0.85326,1.87,1.56
2016.03.22 15:32:00.926,0.85312,0.85326,3.75,2.44
2016.03.22 15:32:01.277,0.85317,0.85327,2.62,2.44
2016.03.22 15:32:01.379,0.85317,0.85326,3.00,1.31
2016.03.22 15:32:01.582,0.85315,0.85328,3.00,2.44
2016.03.22 15:32:01.633,0.85314,0.85328,6.37,1.69
2016.03.22 15:32:02.145,0.8532,0.8533,1.12,1.19
2016.03.22 15:32:02.865,0.85319,0.8533,1.12,1.31
2016.03.22 15:32:05.330,0.85319,0.8533,3.37,1.56
2016.03.22 15:32:06.330,0.85319,0.85328,1.37,1.19
2016.03.22 15:32:06.482,0.85318,0.85328,1.00,1.19
2016.03.22 15:32:07.084,0.85316,0.85326,1.50,1.19
2016.03.22 15:32:07.338,0.85314,0.85325,1.75,1.31
2016.03.22 15:32:07.541,0.85314,0.85325,1.12,1.94
2016.03.22 15:32:07.744,0.85312,0.85323,3.37,1.31
2016.03.22 15:32:08.295,0.85312,0.85323,1.37,1.62
2016.03.22 15:32:08.990,0.85309,0.85318,1.50,1.00
2016.03.22 15:32:09.041,0.85306,0.85318,1.75,1.50
2016.03.22 15:32:09.164,0.85306,0.85317,1.50,1.37
2016.03.22 15:32:09.471,0.85307,0.85314,2.25,1.19
2016.03.22 15:32:09.732,0.85307,0.85321,1.50,2.70
2016.03.22 15:32:09.784,0.85311,0.85321,1.37,1.57
2016.03.22 15:32:09.936,0.85309,0.8532,1.75,1.19
2016.03.22 15:32:11.668,0.85312,0.8532,2.25,1.31
2016.03.22 15:32:12.074,0.8531,0.85318,1.00,1.19
2016.03.22 15:32:13.235,0.85308,0.85318,2.25,1.19
2016.03.22 15:32:13.388,0.85305,0.85313,1.37,1.19
2016.03.22 15:32:13.490,0.85301,0.85313,3.00,1.19
2016.03.22 15:32:13.592,0.85299,0.85313,3.75,1.69
2016.03.22 15:32:14.121,0.85298,0.85313,3.60,2.44
2016.03.22 15:32:14.663,0.85299,0.85312,1.12,1.69
2016.03.22 15:32:15.241,0.85299,0.85312,3.22,1.69
2016.03.22 15:32:15.293,0.85302,0.85313,2.62,1.94
2016.03.22 15:32:15.394,0.85303,0.85314,1.95,1.00
2016.03.22 15:32:15.446,0.85307,0.85314,1.00,1.00
2016.03.22 15:32:16.199,0.85303,0.85315,1.85,1.19
2016.03.22 15:32:16.505,0.85303,0.85314,1.37,1.31
2016.03.22 15:32:17.389,0.85301,0.85313,1.12,1.31
2016.03.22 15:32:17.981,0.85302,0.85313,1.00,1.56
2016.03.22 15:32:18.184,0.85297,0.85309,4.50,1.19
2016.03.22 15:32:18.694,0.85296,0.85309,3.60,1.31
2016.03.22 15:32:19.211,0.85298,0.85309,1.00,2.06
2016.03.22 15:32:19.414,0.85295,0.85306,1.35,1.19
2016.03.22 15:32:20.502,0.85294,0.85302,1.37,1.19
2016.03.22 15:32:20.604,0.85293,0.85302,1.00,1.19
2016.03.22 15:32:20.757,0.85291,0.85303,3.00,1.56
2016.03.22 15:32:20.808,0.85291,0.85303,3.00,1.19
2016.03.22 15:32:21.114,0.85293,0.85305,1.75,1.31
2016.03.22 15:32:21.623,0.85298,0.85305,1.00,1.19
2016.03.22 15:32:22.195,0.85295,0.85305,2.85,1.25
2016.03.22 15:32:22.297,0.85301,0.85312,1.00,3.94
2016.03.22 15:32:22.811,0.85298,0.85311,3.37,1.31
2016.03.22 15:32:23.064,0.85297,0.85314,5.25,3.19
2016.03.22 15:32:23.217,0.85297,0.85312,1.12,2.81
2016.03.22 15:32:23.525,0.85294,0.85308,3.00,2.06
2016.03.22 15:32:23.780,0.8529,0.85304,1.67,2.00
2016.03.22 15:32:24.185,0.85294,0.85304,2.10,2.00
2016.03.22 15:32:24.524,0.85295,0.8531,3.60,2.00
2016.03.22 15:32:25.328,0.85294,0.85307,1.35,1.37
2016.03.22 15:32:25.531,0.85294,0.85306,1.00,1.37
2016.03.22 15:32:26.221,0.85293,0.85299,1.00,1.19
2016.03.22 15:32:26.425,0.85287,0.85299,1.50,1.56
2016.03.22 15:32:26.772,0.85289,0.85303,3.37,2.00
2016.03.22 15:32:26.824,0.8529,0.85302,1.00,1.00
2016.03.22 15:32:27.378,0.85289,0.85304,1.12,2.06
2016.03.22 15:32:27.531,0.85289,0.85304,1.37,1.94
2016.03.22 15:32:28.046,0.85289,0.85304,3.75,2.06
2016.03.22 15:32:28.352,0.85291,0.85305,1.75,2.44
2016.03.22 15:32:28.709,0.8529,0.85304,1.75,1.75
2016.03.22 15:32:28.810,0.8529,0.85302,3.00,1.37
2016.03.22 15:32:28.912,0.8529,0.85302,2.62,2.25
2016.03.22 15:32:29.166,0.85289,0.85302,3.22,1.87
2016.03.22 15:32:29.678,0.85289,0.85302,3.97,1.12
2016.03.22 15:32:30.185,0.8529,0.85302,1.50,2.81
2016.03.22 15:32:30.715,0.8529,0.85304,1.72,2.44
2016.03.22 15:32:31.221,0.8529,0.85303,1.67,1.00
2016.03.22 15:32:31.733,0.85291,0.85302,1.50,1.25
2016.03.22 15:32:31.946,0.85293,0.85302,1.00,1.00
2016.03.22 15:32:32.197,0.85291,0.85302,2.10,1.00
2016.03.22 15:32:32.750,0.85291,0.85304,1.72,2.44
2016.03.22 15:32:33.431,0.85291,0.85304,1.30,2.06
2016.03.22 15:32:33.939,0.85291,0.85306,2.47,2.44
2016.03.22 15:32:35.658,0.85292,0.85304,1.00,1.31
2016.03.22 15:32:36.343,0.85291,0.85305,1.30,1.94
2016.03.22 15:32:36.648,0.85295,0.85307,1.00,1.31
2016.03.22 15:32:36.751,0.85293,0.85304,1.50,1.31
2016.03.22 15:32:38.452,0.85294,0.85305,1.50,1.31
2016.03.22 15:32:38.959,0.85294,0.85308,2.25,1.69
2016.03.22 15:32:39.010,0.85296,0.85309,1.72,2.44
2016.03.22 15:32:39.512,0.85296,0.8531,2.10,1.94
2016.03.22 15:32:40.134,0.85296,0.8531,2.10,1.69
2016.03.22 15:32:40.439,0.85306,0.85317,2.25,1.69
2016.03.22 15:32:40.491,0.85306,0.85317,3.00,1.19
2016.03.22 15:32:40.697,0.85308,0.85322,2.25,2.62
2016.03.22 15:32:40.752,0.85309,0.85324,3.60,2.44
2016.03.22 15:32:40.853,0.85312,0.85325,1.75,1.12
2016.03.22 15:32:40.955,0.85313,0.85328,4.72,1.87
2016.03.22 15:32:41.058,0.85318,0.85328,4.12,1.12
2016.03.22 15:32:41.160,0.85318,0.85332,3.37,3.00
2016.03.22 15:32:41.264,0.85318,0.85333,3.37,1.12
2016.03.22 15:32:41.712,0.85319,0.85331,3.00,1.00
2016.03.22 15:32:42.067,0.85318,0.85333,5.25,1.12
2016.03.22 15:32:42.321,0.85318,0.85332,3.75,1.19
2016.03.22 15:32:43.400,0.85318,0.85333,2.25,1.31
2016.03.22 15:32:43.923,0.85318,0.85333,2.25,1.31
2016.03.22 15:32:44.256,0.85319,0.8533,1.00,1.50
2016.03.22 15:32:45.270,0.85316,0.85332,1.75,2.44
2016.03.22 15:32:46.889,0.85317,0.85332,1.75,1.31
2016.03.22 15:32:47.348,0.85323,0.85332,2.25,1.31
2016.03.22 15:32:47.450,0.85318,0.85334,3.75,2.25
2016.03.22 15:32:47.961,0.85318,0.85333,1.75,1.00
2016.03.22 15:32:48.571,0.85325,0.85333,2.25,1.00
2016.03.22 15:32:48.775,0.85319,0.85334,3.00,1.12
2016.03.22 15:32:49.317,0.85318,0.85333,2.32,1.00
2016.03.22 15:32:49.867,0.85318,0.85332,3.07,1.00
2016.03.22 15:32:51.414,0.85324,0.85332,1.50,1.00
2016.03.22 15:32:51.516,0.85325,0.85334,1.50,1.12
2016.03.22 15:32:51.770,0.85327,0.85337,1.50,3.00
2016.03.22 15:32:52.147,0.85325,0.85337,1.87,2.25
2016.03.22 15:32:52.556,0.85331,0.85337,1.50,1.75
2016.03.22 15:32:52.608,0.85331,0.85339,2.25,1.00
2016.03.22 15:32:52.710,0.85333,0.85344,2.25,3.00
2016.03.22 15:32:52.963,0.85335,0.85344,1.50,1.00
2016.03.22 15:32:53.065,0.85335,0.85346,1.87,1.00
2016.03.22 15:32:53.634,0.85336,0.85345,1.50,1.12
2016.03.22 15:32:54.063,0.85339,0.85349,1.50,3.00
2016.03.22 15:32:54.370,0.8534,0.85352,1.75,1.25
2016.03.22 15:32:54.674,0.85345,0.85354,1.50,1.00
2016.03.22 15:32:55.179,0.85345,0.85357,1.87,1.69
2016.03.22 15:32:55.601,0.85352,0.85358,1.50,1.19
2016.03.22 15:32:55.652,0.85352,0.85362,1.50,1.31
2016.03.22 15:32:55.911,0.85347,0.85361,1.75,1.69
2016.03.22 15:32:56.573,0.85352,0.85361,1.50,2.44
2016.03.22 15:32:56.674,0.85347,0.85361,1.75,2.44
2016.03.22 15:32:56.979,0.85347,0.85359,1.50,1.12
2016.03.22 15:32:57.030,0.85346,0.85359,1.35,1.31
2016.03.22 15:32:57.184,0.85346,0.85357,1.00,1.25
2016.03.22 15:32:58.179,0.8535,0.85357,1.00,1.25
2016.03.22 15:32:58.282,0.85346,0.85357,1.00,1.69
2016.03.22 15:32:58.896,0.85349,0.85357,1.00,1.69
2016.03.22 15:32:59.104,0.85347,0.85357,1.00,1.69
2016.03.22 15:32:59.434,0.85346,0.85356,1.00,1.87
2016.03.22 15:32:59.485,0.85344,0.85356,1.30,2.25
2016.03.22 15:32:59.789,0.8534,0.85354,2.47,1.75
2016.03.22 15:33:00.337,0.85338,0.85354,2.10,1.75
2016.03.22 15:33:00.390,0.85338,0.85351,1.30,1.50
2016.03.22 15:33:00.695,0.85343,0.8535,1.50,1.12
2016.03.22 15:33:00.899,0.85344,0.85352,1.50,1.50
2016.03.22 15:33:01.324,0.85348,0.85353,1.50,1.37
2016.03.22 15:33:01.427,0.85342,0.85357,2.85,1.88
2016.03.22 15:33:01.833,0.85349,0.85358,1.50,1.94
2016.03.22 15:33:02.360,0.85349,0.85358,2.25,1.69
2016.03.22 15:33:02.888,0.85348,0.85358,1.50,1.82
2016.03.22 15:33:03.406,0.85349,0.85357,1.50,1.07
2016.03.22 15:33:03.939,0.85348,0.85358,1.50,1.00
2016.03.22 15:33:04.294,0.85348,0.85358,1.50,1.69
2016.03.22 15:33:04.345,0.85343,0.85358,1.75,2.12
2016.03.22 15:33:04.548,0.85348,0.85358,1.50,2.57
2016.03.22 15:33:05.036,0.85342,0.85358,2.10,2.57
2016.03.22 15:33:05.138,0.85348,0.85358,1.50,2.57
2016.03.22 15:33:07.309,0.85349,0.85358,1.00,2.57
2016.03.22 15:33:08.010,0.85342,0.85358,2.85,2.57
2016.03.22 15:33:08.112,0.85349,0.85358,1.00,1.37
2016.03.22 15:33:08.517,0.85346,0.85358,1.30,2.44
2016.03.22 15:33:08.619,0.85344,0.85358,3.60,1.37
2016.03.22 15:33:08.812,0.85344,0.85359,2.10,1.00
2016.03.22 15:33:09.321,0.85346,0.8536,1.35,1.82
2016.03.22 15:33:10.265,0.85346,0.8536,1.35,1.82
2016.03.22 15:33:13.565,0.85346,0.85359,2.10,1.31
2016.03.22 15:33:15.536,0.85346,0.8536,2.25,1.19
2016.03.22 15:33:15.638,0.85349,0.85361,3.75,1.00
2016.03.22 15:33:15.965,0.8537,0.85376,1.00,1.00
2016.03.22 15:33:16.017,0.85371,0.85383,2.47,2.44
2016.03.22 15:33:16.071,0.85375,0.85384,1.12,1.56
2016.03.22 15:33:16.225,0.85375,0.85384,1.10,1.19
2016.03.22 15:33:16.430,0.8537,0.85376,1.00,1.19
2016.03.22 15:33:16.482,0.85365,0.85372,2.02,1.00
2016.03.22 15:33:16.534,0.85362,0.85372,1.12,1.19
2016.03.22 15:33:16.586,0.85361,0.85372,1.12,1.19
2016.03.22 15:33:16.638,0.8536,0.85369,1.75,1.19
2016.03.22 15:33:16.847,0.85358,0.85372,3.45,1.19
2016.03.22 15:33:17.353,0.85358,0.85373,2.70,1.69
2016.03.22 15:33:17.857,0.85358,0.85372,2.70,1.19
2016.03.22 15:33:18.374,0.85358,0.85372,2.70,1.00
2016.03.22 15:33:20.720,0.85356,0.85372,4.12,1.00
2016.03.22 15:33:21.231,0.85356,0.85372,1.12,1.00
2016.03.22 15:33:21.688,0.85356,0.85372,1.12,1.69
2016.03.22 15:33:22.223,0.85357,0.85372,1.45,2.44
2016.03.22 15:33:22.934,0.85363,0.85373,1.00,3.19
2016.03.22 15:33:23.190,0.85385,0.85391,1.00,1.00
2016.03.22 15:33:23.242,0.85385,0.85391,1.12,1.00
2016.03.22 15:33:23.345,0.85386,0.85397,1.01,1.50
2016.03.22 15:33:23.554,0.85387,0.854,1.50,2.00
2016.03.22 15:33:23.605,0.85386,0.85398,1.00,2.25
2016.03.22 15:33:24.012,0.85383,0.85397,1.37,1.69
2016.03.22 15:33:24.266,0.85381,0.85397,1.20,1.69
2016.03.22 15:33:24.887,0.8538,0.85396,2.44,1.00
2016.03.22 15:33:25.716,0.85382,0.85396,2.10,1.25
2016.03.22 15:33:25.767,0.85384,0.85398,1.27,1.50
2016.03.22 15:33:25.819,0.85387,0.85398,1.00,1.00
2016.03.22 15:33:25.921,0.85388,0.85404,1.10,1.50
2016.03.22 15:33:25.972,0.85388,0.85405,1.12,1.00
2016.03.22 15:33:26.023,0.85388,0.85403,1.20,1.00
2016.03.22 15:33:27.214,0.85394,0.85403,1.00,1.00
2016.03.22 15:33:27.266,0.85394,0.85405,1.00,1.00
2016.03.22 15:33:27.471,0.85394,0.85403,1.00,1.00
2016.03.22 15:33:27.899,0.85388,0.854,1.12,1.00
2016.03.22 15:33:28.001,0.85388,0.85398,1.00,1.00
2016.03.22 15:33:28.353,0.85382,0.85397,2.92,1.00
2016.03.22 15:33:28.405,0.85387,0.85397,1.00,1.00
2016.03.22 15:33:28.710,0.85393,0.85402,1.00,1.00
2016.03.22 15:33:29.116,0.85388,0.85401,1.20,1.00
2016.03.22 15:33:29.218,0.85393,0.85401,1.00,1.00
2016.03.22 15:33:29.561,0.85393,0.85403,1.00,1.00
2016.03.22 15:33:29.764,0.85394,0.85405,1.00,1.12
2016.03.22 15:33:30.356,0.85393,0.85405,1.00,1.00
2016.03.22 15:33:30.761,0.85394,0.85407,1.00,1.50
2016.03.22 15:33:31.269,0.85394,0.85406,1.00,1.00
2016.03.22 15:33:31.320,0.85393,0.85404,1.00,1.00
2016.03.22 15:33:31.778,0.85393,0.85406,1.00,1.00
2016.03.22 15:33:32.222,0.85395,0.85406,1.00,1.00
2016.03.22 15:33:32.628,0.85395,0.85403,1.50,1.00
2016.03.22 15:33:33.135,0.85396,0.85404,1.50,1.00
2016.03.22 15:33:33.724,0.85395,0.85405,1.50,1.00
2016.03.22 15:33:34.230,0.85395,0.85404,1.50,1.00
2016.03.22 15:33:35.119,0.85394,0.85404,1.50,1.00
2016.03.22 15:33:35.821,0.85393,0.85404,2.25,1.00
2016.03.22 15:33:36.127,0.85393,0.85402,2.25,1.00
2016.03.22 15:33:36.179,0.85393,0.85404,2.25,1.00
2016.03.22 15:33:36.485,0.85393,0.85402,2.25,1.00
2016.03.22 15:33:36.739,0.8539,0.85402,2.25,1.00
2016.03.22 15:33:36.840,0.85391,0.85399,2.25,1.00
2016.03.22 15:33:36.981,0.85391,0.85403,2.25,1.00
2016.03.22 15:33:37.742,0.85392,0.85403,2.25,1.00
2016.03.22 15:33:38.348,0.85393,0.85403,2.25,1.00
2016.03.22 15:33:38.862,0.85393,0.85402,2.25,1.00
2016.03.22 15:33:40.131,0.85393,0.85403,2.25,1.00
2016.03.22 15:33:40.864,0.85393,0.85405,2.25,1.00
2016.03.22 15:33:41.382,0.85394,0.85405,2.25,1.00
2016.03.22 15:33:41.885,0.85393,0.85405,2.25,1.00
2016.03.22 15:33:42.341,0.85395,0.85405,2.25,1.00
2016.03.22 15:33:42.853,0.85394,0.85405,2.25,1.00
2016.03.22 15:33:43.844,0.85393,0.85405,2.25,1.00
2016.03.22 15:33:44.571,0.85394,0.85405,2.25,1.00
2016.03.22 15:33:45.099,0.85393,0.85405,2.25,1.00
2016.03.22 15:33:45.826,0.85393,0.85406,2.25,1.50
2016.03.22 15:33:46.140,0.85393,0.85403,2.25,1.00
2016.03.22 15:33:46.674,0.85393,0.85404,2.25,1.00
2016.03.22 15:33:46.978,0.85393,0.85402,2.25,1.00
2016.03.22 15:33:47.335,0.85386,0.85402,1.57,1.00
2016.03.22 15:33:47.386,0.85385,0.85396,1.20,1.00
2016.03.22 15:33:47.752,0.85385,0.85395,1.50,1.50
2016.03.22 15:33:48.057,0.85384,0.8539,1.50,1.00
2016.03.22 15:33:48.591,0.85383,0.85391,1.87,1.00
2016.03.22 15:33:49.254,0.85383,0.85392,1.87,1.50
2016.03.22 15:33:50.949,0.85384,0.85392,1.50,1.87
2016.03.22 15:33:51.494,0.85378,0.85392,2.51,1.87
2016.03.22 15:33:51.545,0.85379,0.85391,1.00,1.00
2016.03.22 15:33:52.171,0.85382,0.85391,1.50,1.00
2016.03.22 15:33:52.525,0.85366,0.85374,3.00,1.00
2016.03.22 15:33:52.577,0.85367,0.85374,1.00,1.00
2016.03.22 15:33:52.628,0.85365,0.85376,2.25,1.75
2016.03.22 15:33:52.730,0.85362,0.8537,2.25,1.00
2016.03.22 15:33:52.781,0.85358,0.8537,1.25,1.00
2016.03.22 15:33:52.834,0.85358,0.85366,1.00,1.00
2016.03.22 15:33:53.139,0.85362,0.8537,2.25,1.50
2016.03.22 15:33:53.488,0.8536,0.85368,2.25,1.00
2016.03.22 15:33:53.692,0.85357,0.85367,2.25,1.00
2016.03.22 15:33:53.743,0.85357,0.85365,2.25,1.00
2016.03.22 15:33:53.895,0.85352,0.85365,1.54,1.00
2016.03.22 15:33:54.200,0.85359,0.85365,2.25,1.00
2016.03.22 15:33:54.513,0.8536,0.85368,2.25,1.12
2016.03.22 15:33:54.818,0.8536,0.85371,2.25,1.00
2016.03.22 15:33:54.869,0.85363,0.85372,2.25,1.12
2016.03.22 15:33:55.377,0.85363,0.85373,1.00,1.12
2016.03.22 15:33:56.107,0.85365,0.85375,1.00,1.87
2016.03.22 15:33:56.411,0.85366,0.85377,1.00,1.00
2016.03.22 15:33:56.630,0.85368,0.85377,1.00,1.00
2016.03.22 15:33:57.039,0.85368,0.85379,1.00,1.50
2016.03.22 15:33:57.596,0.8537,0.85379,1.00,1.00
2016.03.22 15:33:57.799,0.85368,0.85379,1.00,1.00
2016.03.22 15:33:58.347,0.85368,0.85378,1.00,1.00
2016.03.22 15:33:58.500,0.85362,0.85371,1.50,1.00
2016.03.22 15:33:58.652,0.85359,0.85368,1.00,1.00
2016.03.22 15:33:58.703,0.85356,0.85368,1.25,1.00
2016.03.22 15:33:58.805,0.85358,0.85368,1.00,1.00
2016.03.22 15:33:59.318,0.85359,0.85368,1.00,1.00
2016.03.22 15:34:00.321,0.8536,0.85368,1.00,1.00
2016.03.22 15:34:00.833,0.85359,0.85368,1.00,1.00
2016.03.22 15:34:01.190,0.85355,0.85367,1.00,1.00
2016.03.22 15:34:01.241,0.85353,0.85363,2.25,1.00
2016.03.22 15:34:01.398,0.8535,0.85361,1.25,1.50
2016.03.22 15:34:02.833,0.85349,0.85361,1.19,1.00
2016.03.22 15:34:03.342,0.8535,0.8536,1.31,1.00
2016.03.22 15:34:03.948,0.8535,0.85359,1.31,1.00
2016.03.22 15:34:04.951,0.8535,0.8536,1.31,1.00
2016.03.22 15:34:06.604,0.8535,0.85361,1.19,1.00
2016.03.22 15:34:06.807,0.8535,0.85363,2.29,1.00
2016.03.22 15:34:06.909,0.85352,0.85366,2.44,1.00
2016.03.22 15:34:07.062,0.85356,0.85367,1.00,1.00
2016.03.22 15:34:07.550,0.85354,0.85366,1.00,1.00
2016.03.22 15:34:07.705,0.85352,0.85364,1.69,1.00
2016.03.22 15:34:08.241,0.85353,0.85365,1.00,1.00
2016.03.22 15:34:10.353,0.85353,0.85367,1.25,1.50
2016.03.22 15:34:10.556,0.85353,0.85365,1.20,1.00
2016.03.22 15:34:10.759,0.85353,0.85367,1.20,1.50
2016.03.22 15:34:12.159,0.85354,0.85368,1.10,1.00
2016.03.22 15:34:12.854,0.85355,0.85368,1.00,1.00
2016.03.22 15:34:13.366,0.85356,0.85368,1.00,1.00
2016.03.22 15:34:13.916,0.85355,0.85368,1.35,1.00
2016.03.22 15:34:14.437,0.85356,0.85368,1.00,1.00
2016.03.22 15:34:14.595,0.85357,0.8537,1.00,1.50
2016.03.22 15:34:14.697,0.85357,0.8537,1.12,1.37
2016.03.22 15:34:15.003,0.85358,0.8537,1.50,1.75
2016.03.22 15:34:15.308,0.85361,0.85372,1.00,1.75
2016.03.22 15:34:15.853,0.85363,0.85372,1.00,1.75
2016.03.22 15:34:16.006,0.85363,0.85373,1.00,1.75
2016.03.22 15:34:16.413,0.85364,0.85375,3.22,3.00
2016.03.22 15:34:16.719,0.85374,0.85384,1.00,1.50
2016.03.22 15:34:16.820,0.85374,0.85384,1.12,1.00
2016.03.22 15:34:17.338,0.85375,0.85385,1.00,1.37
2016.03.22 15:34:18.404,0.85377,0.85386,1.00,1.75
2016.03.22 15:34:18.507,0.85377,0.85385,1.00,1.00
2016.03.22 15:34:19.015,0.85377,0.85386,1.00,1.00
2016.03.22 15:34:19.326,0.85377,0.85388,1.25,1.00
2016.03.22 15:34:19.378,0.85383,0.85388,1.00,1.00
2016.03.22 15:34:19.430,0.85383,0.85392,1.00,2.44
2016.03.22 15:34:19.533,0.85382,0.85392,1.00,1.12
2016.03.22 15:34:20.041,0.85383,0.85393,1.00,2.62
2016.03.22 15:34:20.780,0.85386,0.85395,1.00,2.25
2016.03.22 15:34:20.933,0.85386,0.85395,1.00,1.75
2016.03.22 15:34:21.901,0.85386,0.85395,1.00,1.75
2016.03.22 15:34:22.408,0.85385,0.85394,1.00,2.25
2016.03.22 15:34:22.459,0.85385,0.8539,1.00,1.00
2016.03.22 15:34:22.510,0.8538,0.8539,1.37,1.12
2016.03.22 15:34:22.612,0.85379,0.85389,1.50,1.75
2016.03.22 15:34:23.139,0.8538,0.85391,1.00,3.75
2016.03.22 15:34:24.297,0.85378,0.85389,1.00,2.25
2016.03.22 15:34:24.348,0.85378,0.85389,1.00,2.25
2016.03.22 15:34:25.122,0.85379,0.85389,2.25,3.00
2016.03.22 15:34:25.412,0.85377,0.85388,2.25,1.75
2016.03.22 15:34:25.926,0.85376,0.85387,1.50,1.50
2016.03.22 15:34:26.280,0.85376,0.85384,1.50,1.00
2016.03.22 15:34:26.638,0.85375,0.85386,1.50,1.12
2016.03.22 15:34:27.614,0.85378,0.85387,1.50,1.50
2016.03.22 15:34:27.817,0.85373,0.85384,3.00,1.00
2016.03.22 15:34:27.868,0.85373,0.8538,2.25,1.00
2016.03.22 15:34:27.919,0.85372,0.8538,1.12,1.10
2016.03.22 15:34:27.970,0.85371,0.85378,2.25,1.00
2016.03.22 15:34:28.161,0.85367,0.85375,1.50,1.50
2016.03.22 15:34:28.416,0.85371,0.85379,3.00,1.75
2016.03.22 15:34:28.519,0.85376,0.85387,1.00,1.00
2016.03.22 15:34:28.621,0.85383,0.85392,1.50,2.25
2016.03.22 15:34:28.925,0.85382,0.85392,1.50,1.50
2016.03.22 15:34:29.301,0.85377,0.85391,1.75,1.12
2016.03.22 15:34:29.353,0.85377,0.85391,1.50,1.50
2016.03.22 15:34:29.455,0.85375,0.85391,1.75,2.25
2016.03.22 15:34:30.542,0.8538,0.85389,1.50,1.50
2016.03.22 15:34:31.710,0.8538,0.8539,2.25,1.75
2016.03.22 15:34:32.824,0.85379,0.85388,2.25,1.37
2016.03.22 15:34:33.226,0.85378,0.85388,2.25,3.75
2016.03.22 15:34:34.448,0.85379,0.85388,1.50,3.75
2016.03.22 15:34:35.363,0.85376,0.85386,1.50,1.50
2016.03.22 15:34:36.566,0.85376,0.85383,1.50,1.00
2016.03.22 15:34:36.668,0.85371,0.85383,1.50,1.87
2016.03.22 15:34:36.770,0.85371,0.85382,2.62,2.62
2016.03.22 15:34:37.074,0.85371,0.85382,1.50,2.25
2016.03.22 15:34:37.177,0.85371,0.85382,1.50,2.25
2016.03.22 15:34:37.727,0.85372,0.85382,1.50,2.25
2016.03.22 15:34:38.248,0.85372,0.8538,1.50,1.00
2016.03.22 15:34:38.796,0.85372,0.85381,1.50,1.00
2016.03.22 15:34:42.793,0.85373,0.85381,1.00,1.50
2016.03.22 15:34:43.352,0.85372,0.85381,1.00,1.50
2016.03.22 15:34:45.394,0.85373,0.85381,1.00,1.00
2016.03.22 15:34:45.901,0.85373,0.85382,1.00,1.00
2016.03.22 15:34:46.215,0.85377,0.85385,1.00,1.50
2016.03.22 15:34:46.572,0.85373,0.85385,1.37,1.37
2016.03.22 15:34:49.188,0.85374,0.85388,1.12,2.00
2016.03.22 15:34:49.769,0.85375,0.85386,1.00,1.00
2016.03.22 15:34:53.885,0.85375,0.85382,1.00,1.00
2016.03.22 15:34:54.191,0.85363,0.85375,3.00,1.00
2016.03.22 15:34:54.395,0.85359,0.85372,2.25,1.12
2016.03.22 15:34:55.774,0.8536,0.85375,2.25,2.25
2016.03.22 15:34:56.293,0.8536,0.85375,2.25,2.25
2016.03.22 15:34:56.395,0.85362,0.85375,1.75,1.12
2016.03.22 15:34:57.011,0.85362,0.85375,1.50,1.00
2016.03.22 15:34:57.908,0.85362,0.85376,1.12,1.00
2016.03.22 15:34:58.010,0.85364,0.8538,1.00,2.25
2016.03.22 15:34:58.285,0.85364,0.85377,1.00,1.00
2016.03.22 15:34:58.811,0.85363,0.85378,1.37,1.00
2016.03.22 15:34:59.166,0.85361,0.85376,3.60,1.12
2016.03.22 15:34:59.478,0.85361,0.85375,1.31,1.00
2016.03.22 15:34:59.581,0.85361,0.85378,2.51,2.44
2016.03.22 15:34:59.633,0.85363,0.85378,1.10,1.69
2016.03.22 15:34:59.988,0.85365,0.85378,1.00,1.00
2016.03.22 15:35:00.768,0.85364,0.85378,1.12,1.00
2016.03.22 15:35:02.158,0.85363,0.85375,1.50,1.00
2016.03.22 15:35:02.469,0.85363,0.85378,1.00,1.25
2016.03.22 15:35:02.520,0.85367,0.85379,1.00,1.69
2016.03.22 15:35:02.621,0.85367,0.85381,1.00,1.69
2016.03.22 15:35:03.020,0.85371,0.85382,1.00,1.19
2016.03.22 15:35:03.223,0.85371,0.85385,1.00,1.09
2016.03.22 15:35:03.274,0.85374,0.85386,1.00,1.19
2016.03.22 15:35:03.580,0.85367,0.8538,1.75,2.32
2016.03.22 15:35:03.733,0.85363,0.85378,1.50,1.75
2016.03.22 15:35:04.098,0.85364,0.85378,1.37,1.50
2016.03.22 15:35:04.605,0.85367,0.85378,1.00,1.50
2016.03.22 15:35:07.269,0.85367,0.85379,1.00,1.50
2016.03.22 15:35:07.776,0.85364,0.85379,2.32,1.50
2016.03.22 15:35:09.051,0.85364,0.85376,2.32,1.25
2016.03.22 15:35:09.254,0.85363,0.85376,1.12,2.00
2016.03.22 15:35:09.555,0.8536,0.85371,1.50,1.00
2016.03.22 15:35:09.657,0.85357,0.85369,1.00,1.50
2016.03.22 15:35:10.822,0.8536,0.85373,1.00,3.90
2016.03.22 15:35:11.126,0.85358,0.85372,2.25,2.06
2016.03.22 15:35:11.839,0.85359,0.85372,1.50,1.69
2016.03.22 15:35:11.951,0.85359,0.85369,1.50,1.00
2016.03.22 15:35:12.299,0.85354,0.85369,2.25,1.94
2016.03.22 15:35:13.530,0.85354,0.85366,1.00,1.25
2016.03.22 15:35:13.633,0.85351,0.85362,1.50,1.50
2016.03.22 15:35:13.736,0.85348,0.8536,1.12,1.50
2016.03.22 15:35:13.940,0.85348,0.8536,1.12,1.75
2016.03.22 15:35:14.476,0.85348,0.85361,1.00,2.44
2016.03.22 15:35:14.527,0.85348,0.85363,1.12,4.69
2016.03.22 15:35:14.629,0.8535,0.85362,1.00,2.44
2016.03.22 15:35:14.934,0.85345,0.85355,1.00,1.00
2016.03.22 15:35:15.477,0.85344,0.85356,1.00,1.00
2016.03.22 15:35:17.369,0.85343,0.85357,1.37,2.44
2016.03.22 15:35:19.871,0.85341,0.85352,1.75,1.00
2016.03.22 15:35:20.075,0.85338,0.85351,1.00,3.37
2016.03.22 15:35:20.177,0.85338,0.8535,1.87,1.87
2016.03.22 15:35:20.480,0.85338,0.85346,1.00,1.00
2016.03.22 15:35:20.785,0.85339,0.85347,1.00,1.87
2016.03.22 15:35:20.937,0.85332,0.85345,1.20,1.94
2016.03.22 15:35:21.431,0.85334,0.85344,1.00,1.00
2016.03.22 15:35:21.736,0.85337,0.85344,1.00,1.00
2016.03.22 15:35:21.789,0.85337,0.85347,1.00,1.00
2016.03.22 15:35:22.299,0.85337,0.85348,1.50,1.00
2016.03.22 15:35:22.815,0.85337,0.85352,1.50,2.57
2016.03.22 15:35:23.785,0.85338,0.85353,2.25,1.07
2016.03.22 15:35:24.194,0.85342,0.85354,1.37,1.31
2016.03.22 15:35:24.245,0.85342,0.85355,1.37,1.07
2016.03.22 15:35:24.399,0.8534,0.85355,1.50,1.07
2016.03.22 15:35:24.694,0.85343,0.85356,1.87,1.94
2016.03.22 15:35:24.998,0.85348,0.85358,1.00,1.45
2016.03.22 15:35:25.100,0.85348,0.85359,1.00,1.00
2016.03.22 15:35:25.661,0.85348,0.85358,1.00,1.00
2016.03.22 15:35:25.814,0.85345,0.85359,3.75,1.12
2016.03.22 15:35:26.070,0.85348,0.85361,1.75,1.12
2016.03.22 15:35:26.611,0.85351,0.85365,2.62,2.53
2016.03.22 15:35:26.931,0.85355,0.85368,2.25,2.20
2016.03.22 15:35:26.982,0.85355,0.85368,1.75,1.31
2016.03.22 15:35:27.849,0.85356,0.85363,2.25,1.25
2016.03.22 15:35:28.004,0.85348,0.8536,1.75,1.82
2016.03.22 15:35:28.055,0.85347,0.8536,1.75,1.26
2016.03.22 15:35:28.158,0.85348,0.8536,1.00,1.55
2016.03.22 15:35:28.310,0.85345,0.8536,3.07,1.18
2016.03.22 15:35:28.837,0.85346,0.8536,1.75,1.13
2016.03.22 15:35:29.571,0.85345,0.85361,2.25,1.26
2016.03.22 15:35:29.623,0.85346,0.85361,1.75,1.13
2016.03.22 15:35:29.777,0.85351,0.8536,1.00,1.18
2016.03.22 15:35:29.880,0.85348,0.85363,2.25,1.03
2016.03.22 15:35:30.375,0.85357,0.85367,1.00,3.00
2016.03.22 15:35:30.681,0.85363,0.85371,1.00,1.56
2016.03.22 15:35:31.037,0.85362,0.85373,1.00,1.25
2016.03.22 15:35:31.265,0.85361,0.85376,1.75,1.82
2016.03.22 15:35:31.389,0.85363,0.85376,1.37,1.45
2016.03.22 15:35:32.049,0.85363,0.85378,1.37,1.07
2016.03.22 15:35:33.070,0.85363,0.85378,2.62,2.44
2016.03.22 15:35:33.172,0.85363,0.85377,2.62,1.25
2016.03.22 15:35:34.792,0.85363,0.85378,1.75,2.12
2016.03.22 15:35:34.894,0.85362,0.85377,1.85,1.62
2016.03.22 15:35:35.397,0.85362,0.85377,2.25,1.69
2016.03.22 15:35:35.697,0.85363,0.85373,1.00,1.00
2016.03.22 15:35:37.814,0.85362,0.85373,1.00,1.00
2016.03.22 15:35:38.882,0.85367,0.85376,1.12,1.56
2016.03.22 15:35:38.933,0.85367,0.85378,1.12,1.56
2016.03.22 15:35:38.984,0.85367,0.8538,2.62,1.39
2016.03.22 15:35:39.086,0.8537,0.85381,1.00,1.45
2016.03.22 15:35:39.644,0.8537,0.85377,1.00,1.19
2016.03.22 15:35:40.159,0.85364,0.85377,3.00,1.19
2016.03.22 15:35:40.874,0.85368,0.85377,1.00,1.31
2016.03.22 15:35:41.078,0.85361,0.85376,5.25,1.37
2016.03.22 15:35:41.210,0.8536,0.85374,1.75,1.32
2016.03.22 15:35:41.262,0.8536,0.85374,1.75,1.82
2016.03.22 15:35:41.788,0.8536,0.85374,1.75,2.57
2016.03.22 15:35:42.295,0.85359,0.85373,3.07,1.07
2016.03.22 15:35:42.627,0.85368,0.85379,1.00,1.69
2016.03.22 15:35:42.831,0.85368,0.85382,1.12,1.07
2016.03.22 15:35:42.882,0.85367,0.85382,2.25,3.32
2016.03.22 15:35:42.933,0.85367,0.85382,1.12,4.07
2016.03.22 15:35:43.439,0.85367,0.85381,1.50,2.00
2016.03.22 15:35:44.907,0.85368,0.85381,1.37,1.07
2016.03.22 15:35:45.431,0.85368,0.85381,1.12,1.07
2016.03.22 15:35:47.395,0.85369,0.85381,1.00,1.07
2016.03.22 15:35:47.613,0.85369,0.85381,1.00,1.07
2016.03.22 15:35:48.120,0.85368,0.85381,1.12,1.82
2016.03.22 15:35:51.164,0.85369,0.85381,1.00,1.07
2016.03.22 15:35:52.935,0.85369,0.85381,1.50,1.62
2016.03.22 15:35:53.826,0.85368,0.85381,1.37,2.00
2016.03.22 15:35:54.333,0.85368,0.85381,1.37,2.00
2016.03.22 15:35:56.774,0.85368,0.85381,1.00,2.00
2016.03.22 15:35:57.285,0.85369,0.85381,1.12,2.44
2016.03.22 15:35:59.116,0.85368,0.85379,1.50,1.00
2016.03.22 15:35:59.667,0.85369,0.85378,1.00,1.00
2016.03.22 15:36:00.174,0.85367,0.85379,1.75,1.12
2016.03.22 15:36:02.470,0.85368,0.8538,1.50,1.12
2016.03.22 15:36:03.019,0.85369,0.8538,1.00,1.12
2016.03.22 15:36:03.121,0.85372,0.85381,1.00,1.00
2016.03.22 15:36:03.629,0.85371,0.85384,2.25,1.69
2016.03.22 15:36:04.417,0.85372,0.85384,1.37,1.69
2016.03.22 15:36:04.620,0.85373,0.85384,1.37,1.25
2016.03.22 15:36:07.629,0.85373,0.85389,2.25,4.69
2016.03.22 15:36:07.731,0.85374,0.85389,1.65,3.00
2016.03.22 15:36:08.242,0.85377,0.85389,1.12,1.50
2016.03.22 15:36:09.599,0.85377,0.85392,1.50,3.19
2016.03.22 15:36:09.804,0.85381,0.85395,1.37,3.94
2016.03.22 15:36:10.211,0.8538,0.85394,1.75,2.44
2016.03.22 15:36:10.314,0.8538,0.85392,1.00,2.44
2016.03.22 15:36:11.345,0.85378,0.8539,1.75,1.19
2016.03.22 15:36:11.748,0.85376,0.85388,2.32,1.31
2016.03.22 15:36:12.340,0.85374,0.85383,1.65,1.19
2016.03.22 15:36:12.391,0.85374,0.85383,1.65,1.19
2016.03.22 15:36:12.698,0.85371,0.85382,1.50,1.19
2016.03.22 15:36:12.985,0.85371,0.85383,1.00,1.25
2016.03.22 15:36:13.492,0.85372,0.85386,1.12,1.94
2016.03.22 15:36:13.758,0.85372,0.85386,1.37,1.94
2016.03.22 15:36:17.420,0.85372,0.85386,2.25,2.06
2016.03.22 15:36:17.522,0.85371,0.85386,1.50,3.56
2016.03.22 15:36:17.725,0.85369,0.85384,1.85,2.44
2016.03.22 15:36:18.234,0.85367,0.85381,2.70,1.25
2016.03.22 15:36:20.829,0.85368,0.85383,1.75,2.44
2016.03.22 15:36:23.477,0.85369,0.85381,1.00,1.50
2016.03.22 15:36:23.781,0.85365,0.85381,1.85,1.75
2016.03.22 15:36:27.072,0.85368,0.85381,1.00,3.19
2016.03.22 15:36:27.225,0.85368,0.85383,1.75,3.37
2016.03.22 15:36:28.874,0.85369,0.85385,2.32,3.19
2016.03.22 15:36:28.977,0.8537,0.85385,1.57,2.00
2016.03.22 15:36:29.129,0.85371,0.85385,2.25,1.25
2016.03.22 15:36:30.484,0.85371,0.85384,1.75,1.19
2016.03.22 15:36:30.800,0.85371,0.85384,3.75,1.19
2016.03.22 15:36:31.008,0.85371,0.85384,1.75,1.19
2016.03.22 15:36:31.284,0.85371,0.85384,3.75,1.19
2016.03.22 15:36:31.386,0.85374,0.85384,1.00,1.19
2016.03.22 15:36:32.884,0.85373,0.85384,1.00,1.31
2016.03.22 15:36:32.935,0.85373,0.85387,1.00,2.44
2016.03.22 15:36:33.037,0.85374,0.85386,1.50,1.00
2016.03.22 15:36:33.948,0.85374,0.85385,1.00,1.12
2016.03.22 15:36:35.313,0.85374,0.85385,1.00,2.44
2016.03.22 15:36:39.278,0.85373,0.85385,1.35,1.50
2016.03.22 15:36:39.329,0.85376,0.85387,2.25,1.00
2016.03.22 15:36:39.432,0.8538,0.85392,1.12,1.50
2016.03.22 15:36:39.534,0.8538,0.85394,3.00,2.25
2016.03.22 15:36:39.669,0.85382,0.85393,1.00,1.87
2016.03.22 15:36:39.720,0.85378,0.85392,2.70,1.72
2016.03.22 15:36:39.772,0.85378,0.85388,1.10,1.00
2016.03.22 15:36:39.824,0.85377,0.85387,1.47,1.37
2016.03.22 15:36:39.978,0.85371,0.85385,2.32,1.75
2016.03.22 15:36:40.485,0.85369,0.85384,3.07,1.75
2016.03.22 15:36:41.008,0.8537,0.85385,1.00,3.94
2016.03.22 15:36:41.272,0.85372,0.85384,1.00,2.25
2016.03.22 15:36:42.162,0.85373,0.85384,1.00,2.25
2016.03.22 15:36:42.214,0.85373,0.85383,1.00,1.00
2016.03.22 15:36:42.727,0.85372,0.85384,1.12,1.50
2016.03.22 15:36:42.778,0.85375,0.85384,1.00,1.50
2016.03.22 15:36:44.183,0.85374,0.85385,1.00,2.00
2016.03.22 15:36:45.289,0.85375,0.85385,1.00,2.44
2016.03.22 15:36:45.811,0.85376,0.85385,1.00,2.44
2016.03.22 15:36:46.319,0.85375,0.85385,1.00,2.44
2016.03.22 15:36:47.865,0.85371,0.85385,1.12,2.00
2016.03.22 15:36:48.276,0.85371,0.85385,1.50,2.00
2016.03.22 15:36:49.881,0.85375,0.85385,1.00,4.31
2016.03.22 15:36:50.185,0.8537,0.8538,1.00,1.00
2016.03.22 15:36:51.279,0.85371,0.8538,1.00,1.00
2016.03.22 15:36:53.276,0.8537,0.8538,1.50,1.00
2016.03.22 15:36:54.477,0.85371,0.8538,1.00,1.00
2016.03.22 15:36:54.933,0.85368,0.8538,1.87,1.00
2016.03.22 15:36:55.530,0.85368,0.8538,1.50,1.00
2016.03.22 15:36:58.061,0.85369,0.8538,1.00,1.00
2016.03.22 15:36:58.692,0.85369,0.85379,1.00,1.00
2016.03.22 15:36:58.814,0.85369,0.85378,1.00,1.87
2016.03.22 15:36:58.916,0.85363,0.85374,1.57,2.25
2016.03.22 15:36:59.018,0.8536,0.8537,1.42,1.00
2016.03.22 15:36:59.525,0.85359,0.8537,1.10,1.00
2016.03.22 15:37:00.057,0.85359,0.85372,1.20,1.50
2016.03.22 15:37:01.929,0.8536,0.85373,1.00,1.75
2016.03.22 15:37:02.442,0.85359,0.85373,1.20,1.75
2016.03.22 15:37:03.159,0.8536,0.85373,1.00,1.75
2016.03.22 15:37:04.363,0.85361,0.85374,1.00,2.25
2016.03.22 15:37:04.566,0.85359,0.85373,1.20,1.75
2016.03.22 15:37:04.617,0.85359,0.85373,1.20,3.00
2016.03.22 15:37:04.924,0.85363,0.85373,1.12,1.50
2016.03.22 15:37:05.229,0.85365,0.85379,1.85,1.75
2016.03.22 15:37:05.507,0.85366,0.85381,1.57,2.25
2016.03.22 15:37:07.780,0.85366,0.85376,1.57,1.00
2016.03.22 15:37:08.117,0.85359,0.85372,1.20,2.25
2016.03.22 15:37:08.220,0.85358,0.85371,1.00,2.00
2016.03.22 15:37:08.474,0.85355,0.85366,3.90,1.00
2016.03.22 15:37:08.730,0.85354,0.85367,1.10,1.75
2016.03.22 15:37:09.038,0.85352,0.85364,1.00,1.75
2016.03.22 15:37:09.752,0.85349,0.85362,1.31,1.50
2016.03.22 15:37:10.212,0.85349,0.85364,2.14,1.50
2016.03.22 15:37:10.517,0.85352,0.85364,3.04,1.00
2016.03.22 15:37:10.772,0.85359,0.85373,2.59,1.75
2016.03.22 15:37:12.625,0.85362,0.85374,1.00,2.25
2016.03.22 15:37:13.405,0.85363,0.85376,1.00,2.25
2016.03.22 15:37:13.507,0.85365,0.85376,1.00,1.75
2016.03.22 15:37:13.834,0.85371,0.85385,1.87,2.44
2016.03.22 15:37:15.123,0.85368,0.85382,1.00,1.75
2016.03.22 15:37:15.326,0.85366,0.8538,1.12,3.75
2016.03.22 15:37:15.479,0.85364,0.85377,1.75,1.87
2016.03.22 15:37:15.531,0.85364,0.85377,1.12,2.25
2016.03.22 15:37:15.836,0.85361,0.85376,2.25,1.75
2016.03.22 15:37:15.985,0.85362,0.85374,1.00,1.00
2016.03.22 15:37:16.747,0.85361,0.85374,1.12,1.75
2016.03.22 15:37:18.379,0.85362,0.85374,1.00,1.75
2016.03.22 15:37:18.681,0.85358,0.85374,4.72,2.25
2016.03.22 15:37:18.833,0.85358,0.85375,6.30,1.75
2016.03.22 15:37:19.036,0.85358,0.85374,1.45,3.00
2016.03.22 15:37:20.035,0.85356,0.85372,2.70,1.75
2016.03.22 15:37:20.745,0.85358,0.85373,1.95,1.50
2016.03.22 15:37:21.537,0.85361,0.85375,1.50,2.25
2016.03.22 15:37:22.089,0.85361,0.85375,1.75,1.50
2016.03.22 15:37:22.564,0.85358,0.85374,3.49,1.75
2016.03.22 15:37:23.093,0.8536,0.85371,1.00,1.00
2016.03.22 15:37:23.470,0.8536,0.85372,1.12,2.25
2016.03.22 15:37:25.246,0.85355,0.8537,2.36,1.12
2016.03.22 15:37:27.646,0.85365,0.8537,1.00,1.00
2016.03.22 15:37:27.799,0.85365,0.85378,1.50,3.19
2016.03.22 15:37:28.021,0.85365,0.85375,1.75,1.00
2016.03.22 15:37:28.073,0.85365,0.85375,1.12,1.37
2016.03.22 15:37:28.849,0.85363,0.85376,1.12,2.57
2016.03.22 15:37:29.976,0.85368,0.85374,1.00,1.00
2016.03.22 15:37:30.230,0.85368,0.85381,1.12,3.32
2016.03.22 15:37:30.855,0.85369,0.85381,1.00,2.44
2016.03.22 15:37:30.957,0.85369,0.85381,1.87,1.50
2016.03.22 15:37:31.009,0.85373,0.85383,1.00,2.25
2016.03.22 15:37:31.060,0.85373,0.85382,1.00,1.00
2016.03.22 15:37:31.111,0.85375,0.85382,1.00,1.00
2016.03.22 15:37:31.162,0.85375,0.85384,1.00,1.12
2016.03.22 15:37:31.214,0.85377,0.85387,1.00,1.75
2016.03.22 15:37:31.265,0.85377,0.85387,1.00,1.12
2016.03.22 15:37:31.316,0.85379,0.85391,1.00,3.32
2016.03.22 15:37:31.469,0.85379,0.8539,1.00,1.00
2016.03.22 15:37:32.967,0.85378,0.8539,1.00,1.00
2016.03.22 15:37:33.122,0.85378,0.85389,1.00,1.37
2016.03.22 15:37:33.174,0.85374,0.85387,2.32,1.07
2016.03.22 15:37:33.277,0.85371,0.85386,1.87,2.06
2016.03.22 15:37:33.379,0.85372,0.85383,1.00,1.00
2016.03.22 15:37:34.218,0.85375,0.85383,1.00,1.00
2016.03.22 15:37:34.523,0.85379,0.85389,1.00,1.94
2016.03.22 15:37:34.941,0.85375,0.85388,1.50,1.69
2016.03.22 15:37:35.365,0.85374,0.85384,1.02,1.25
2016.03.22 15:37:35.619,0.85374,0.85385,1.14,1.69
2016.03.22 15:37:35.823,0.85372,0.85383,1.64,1.19
2016.03.22 15:37:35.975,0.85366,0.85381,2.54,1.64
2016.03.22 15:37:36.077,0.85365,0.85381,2.14,2.76
2016.03.22 15:37:36.179,0.85366,0.85377,1.00,1.00
2016.03.22 15:37:36.523,0.85362,0.85376,1.26,3.00
2016.03.22 15:37:38.262,0.85363,0.85377,1.00,4.07
2016.03.22 15:37:38.567,0.85366,0.8538,1.12,2.44
2016.03.22 15:37:39.192,0.85366,0.8538,2.01,1.94
2016.03.22 15:37:39.497,0.85364,0.85377,1.12,3.19
2016.03.22 15:37:39.548,0.85364,0.85376,1.12,1.94
2016.03.22 15:37:40.081,0.85362,0.85373,1.14,1.25
2016.03.22 15:37:40.391,0.85365,0.85376,1.64,1.00
2016.03.22 15:37:40.797,0.85366,0.8538,1.12,1.94
2016.03.22 15:37:40.899,0.85364,0.85379,1.47,2.12
2016.03.22 15:37:41.255,0.85362,0.85377,2.39,2.44
2016.03.22 15:37:41.623,0.85361,0.85375,1.26,1.75
2016.03.22 15:37:41.928,0.85361,0.85376,2.39,2.44
2016.03.22 15:37:41.979,0.85363,0.85374,1.00,1.00
2016.03.22 15:37:42.891,0.85364,0.85374,1.14,1.00
2016.03.22 15:37:42.992,0.85364,0.85379,1.64,2.06
2016.03.22 15:37:43.771,0.85364,0.85377,1.37,2.39
2016.03.22 15:37:44.092,0.85363,0.85377,1.12,2.39
2016.03.22 15:37:44.702,0.85363,0.85378,3.14,1.75
2016.03.22 15:37:44.804,0.85364,0.85378,2.39,1.94
2016.03.22 15:37:44.906,0.85365,0.85381,1.69,4.15
2016.03.22 15:37:45.323,0.85361,0.85377,3.89,2.81
2016.03.22 15:37:45.425,0.85361,0.85377,2.39,3.19
2016.03.22 15:37:45.730,0.8536,0.85372,1.00,1.00
2016.03.22 15:37:46.187,0.85362,0.85372,1.00,1.00
2016.03.22 15:37:46.602,0.85363,0.85376,1.12,1.85
2016.03.22 15:37:47.137,0.85363,0.85378,1.87,2.12
2016.03.22 15:37:47.644,0.85363,0.85377,1.00,2.00
2016.03.22 15:37:49.007,0.85361,0.85376,2.39,1.75
2016.03.22 15:37:49.427,0.85363,0.85377,1.37,1.07
2016.03.22 15:37:49.935,0.85362,0.85377,2.25,1.07
2016.03.22 15:37:51.592,0.85364,0.85378,1.00,2.57
2016.03.22 15:37:51.947,0.85365,0.85379,1.12,1.07
2016.03.22 15:37:52.464,0.85366,0.8538,1.12,1.94
2016.03.22 15:37:52.996,0.85367,0.85381,1.00,4.45
2016.03.22 15:37:53.998,0.85367,0.85381,2.25,2.44
2016.03.22 15:37:54.049,0.85367,0.85381,2.25,2.44
2016.03.22 15:37:55.304,0.85371,0.85381,1.00,2.06
2016.03.22 15:37:55.456,0.85369,0.8538,1.00,1.31
2016.03.22 15:37:55.918,0.85367,0.85378,1.00,1.00
2016.03.22 15:37:56.458,0.85366,0.85378,2.25,1.00
2016.03.22 15:37:57.726,0.85364,0.85378,1.87,1.07
2016.03.22 15:37:58.441,0.85363,0.85376,1.12,1.69
2016.03.22 15:37:58.542,0.85359,0.85374,3.75,1.69
2016.03.22 15:37:59.051,0.85359,0.85374,2.25,2.00
2016.03.22 15:37:59.433,0.85361,0.85377,3.75,2.04
2016.03.22 15:37:59.535,0.85363,0.85377,1.75,1.56
2016.03.22 15:38:00.054,0.85364,0.85376,1.50,1.25
2016.03.22 15:38:00.388,0.85363,0.85374,1.37,1.12
2016.03.22 15:38:00.439,0.85362,0.85373,1.12,1.00
2016.03.22 15:38:00.490,0.85362,0.85372,1.12,1.87
2016.03.22 15:38:00.592,0.85356,0.85369,1.37,2.00
2016.03.22 15:38:00.643,0.85354,0.85369,3.75,2.00
2016.03.22 15:38:01.127,0.85354,0.8537,1.12,3.94
2016.03.22 15:38:01.909,0.85355,0.85369,1.00,2.44
2016.03.22 15:38:02.265,0.85356,0.85368,1.00,1.00
2016.03.22 15:38:03.024,0.85356,0.85371,2.25,1.75
2016.03.22 15:38:03.227,0.85362,0.85373,1.00,2.51
2016.03.22 15:38:03.336,0.85366,0.85376,1.00,1.31
2016.03.22 15:38:03.437,0.85366,0.85379,1.87,1.62
2016.03.22 15:38:04.440,0.85367,0.85379,1.00,2.06
2016.03.22 15:38:04.978,0.85368,0.85379,1.00,2.06
2016.03.22 15:38:07.273,0.85367,0.8538,1.12,2.44
2016.03.22 15:38:08.177,0.85369,0.8538,1.00,2.44
2016.03.22 15:38:09.382,0.85369,0.85381,1.00,5.25
2016.03.22 15:38:09.738,0.85374,0.85383,1.50,2.25
2016.03.22 15:38:09.878,0.85374,0.85385,1.50,2.81
2016.03.22 15:38:09.930,0.85377,0.85386,1.00,2.06
2016.03.22 15:38:09.981,0.85377,0.85386,1.00,2.06
2016.03.22 15:38:10.032,0.85377,0.85386,1.00,1.94
2016.03.22 15:38:10.134,0.85373,0.85385,1.12,1.31
2016.03.22 15:38:10.186,0.85372,0.85385,1.75,1.31
2016.03.22 15:38:10.287,0.85372,0.85385,1.12,1.31
2016.03.22 15:38:11.806,0.85371,0.85386,1.12,3.19
2016.03.22 15:38:13.628,0.85373,0.85386,1.00,2.81
2016.03.22 15:38:13.812,0.85373,0.85387,2.25,1.50
2016.03.22 15:38:14.420,0.85372,0.85385,1.87,1.31
2016.03.22 15:38:14.471,0.85371,0.85385,3.60,1.69
2016.03.22 15:38:14.876,0.85378,0.85385,1.69,1.50
2016.03.22 15:38:15.089,0.85382,0.85393,2.14,1.00
2016.03.22 15:38:15.191,0.85382,0.85397,2.14,1.87
2016.03.22 15:38:15.293,0.85382,0.85396,2.14,1.12
2016.03.22 15:38:15.598,0.85381,0.85396,1.57,1.75
2016.03.22 15:38:15.801,0.8538,0.85395,1.50,3.00
2016.03.22 15:38:15.903,0.85379,0.85395,1.50,3.00
2016.03.22 15:38:16.373,0.85378,0.85392,1.12,1.75
2016.03.22 15:38:17.085,0.85378,0.85392,1.37,1.75
2016.03.22 15:38:17.554,0.85377,0.85393,5.62,1.94
2016.03.22 15:38:17.606,0.85381,0.85392,1.00,1.25
2016.03.22 15:38:17.859,0.85382,0.85397,1.87,3.19
2016.03.22 15:38:17.910,0.85384,0.85396,1.50,1.19
2016.03.22 15:38:17.961,0.85387,0.85398,1.00,2.06
2016.03.22 15:38:18.114,0.85389,0.85398,1.87,1.25
2016.03.22 15:38:18.165,0.85393,0.85398,1.00,1.00
2016.03.22 15:38:18.216,0.85393,0.85403,1.00,2.04
2016.03.22 15:38:18.760,0.85392,0.85403,1.50,1.19
2016.03.22 15:38:19.319,0.85389,0.85403,2.25,2.06
2016.03.22 15:38:19.420,0.8539,0.85401,1.00,1.00
2016.03.22 15:38:19.639,0.85385,0.85399,1.75,1.69
2016.03.22 15:38:19.691,0.85386,0.85397,1.00,1.00
2016.03.22 15:38:20.199,0.85385,0.85396,1.00,1.00
2016.03.22 15:38:20.604,0.85381,0.85397,2.25,2.25
2016.03.22 15:38:21.008,0.85382,0.85396,1.12,2.62
2016.03.22 15:38:21.517,0.8538,0.85395,2.25,2.00
2016.03.22 15:38:23.238,0.85381,0.85393,1.50,1.56
2016.03.22 15:38:23.391,0.85376,0.85387,1.00,1.00
2016.03.22 15:38:23.442,0.85373,0.85385,1.50,1.19
2016.03.22 15:38:23.594,0.85372,0.85383,1.00,1.25
2016.03.22 15:38:23.826,0.8537,0.85382,1.12,1.50
2016.03.22 15:38:24.131,0.85372,0.85385,1.12,1.94
2016.03.22 15:38:24.646,0.85373,0.85382,1.00,1.00
2016.03.22 15:38:24.967,0.85371,0.85383,1.00,3.37
2016.03.22 15:38:25.018,0.85369,0.85381,1.50,1.50
2016.03.22 15:38:25.524,0.85369,0.85381,1.00,1.75
2016.03.22 15:38:27.638,0.85367,0.85381,2.25,2.44
2016.03.22 15:38:27.691,0.85367,0.8538,1.87,1.94
2016.03.22 15:38:28.159,0.85366,0.85377,1.50,1.00
2016.03.22 15:38:28.312,0.85366,0.85378,1.00,2.00
2016.03.22 15:38:28.515,0.85367,0.85379,1.00,2.44
2016.03.22 15:38:28.719,0.85365,0.85379,1.12,1.94
2016.03.22 15:38:32.572,0.85364,0.85379,1.87,1.94
2016.03.22 15:38:32.825,0.85364,0.85378,1.50,2.00
2016.03.22 15:38:33.356,0.85364,0.85375,1.50,1.00
2016.03.22 15:38:34.147,0.85365,0.85375,1.00,1.00
2016.03.22 15:38:34.724,0.85366,0.8538,1.12,3.94
2016.03.22 15:38:35.386,0.85366,0.8538,3.00,2.44
2016.03.22 15:38:35.437,0.85367,0.85378,1.00,1.00
2016.03.22 15:38:35.945,0.85368,0.85382,1.87,2.44
2016.03.22 15:38:36.885,0.85369,0.85382,1.00,2.44
2016.03.22 15:38:37.538,0.85371,0.85382,1.00,2.44
2016.03.22 15:38:37.994,0.85369,0.85382,1.00,3.19
2016.03.22 15:38:38.544,0.8537,0.85382,1.00,2.44
2016.03.22 15:38:39.197,0.85371,0.85382,1.00,2.44
2016.03.22 15:38:39.817,0.85373,0.85382,1.00,2.44
2016.03.22 15:38:39.927,0.85371,0.85382,1.00,2.44
2016.03.22 15:38:41.942,0.85371,0.85382,1.00,2.44
2016.03.22 15:38:44.004,0.85368,0.8538,1.00,1.94
2016.03.22 15:38:44.106,0.85368,0.85377,1.00,1.37
2016.03.22 15:38:44.412,0.85367,0.85375,1.00,2.04
2016.03.22 15:38:44.463,0.85365,0.85375,1.00,2.04
2016.03.22 15:38:45.582,0.85364,0.85373,1.00,1.00
2016.03.22 15:38:46.143,0.85362,0.85373,1.50,1.00
2016.03.22 15:38:46.339,0.85364,0.85373,1.00,1.00
2016.03.22 15:38:46.849,0.85363,0.85373,1.00,1.25
2016.03.22 15:38:47.438,0.85362,0.85373,1.50,1.25
2016.03.22 15:38:47.801,0.85365,0.85373,1.00,1.25
2016.03.22 15:38:49.102,0.85363,0.85373,1.00,1.25
2016.03.22 15:38:50.070,0.85362,0.85373,1.50,1.25
2016.03.22 15:38:51.478,0.85364,0.85373,1.00,1.25
2016.03.22 15:38:52.051,0.85364,0.85372,1.00,1.94
2016.03.22 15:38:52.153,0.8536,0.85371,1.00,2.00
2016.03.22 15:38:52.660,0.85361,0.85372,1.12,1.76
2016.03.22 15:38:53.166,0.85362,0.85373,1.00,2.06
2016.03.22 15:38:53.935,0.8536,0.85371,1.87,1.25
2016.03.22 15:38:54.464,0.8536,0.85372,1.00,1.01
2016.03.22 15:38:54.869,0.85357,0.85369,1.00,2.25
2016.03.22 15:38:54.920,0.85353,0.85368,2.25,1.75
2016.03.22 15:38:56.859,0.85352,0.85368,2.85,1.75
2016.03.22 15:38:59.957,0.85353,0.85366,1.00,1.94
2016.03.22 15:39:00.262,0.85351,0.85367,1.75,2.51
2016.03.22 15:39:02.466,0.85351,0.85365,2.06,1.75
2016.03.22 15:39:02.808,0.85352,0.85366,1.37,1.75
2016.03.22 15:39:04.195,0.85353,0.85366,1.69,1.75
2016.03.22 15:39:04.297,0.85353,0.85365,1.69,1.00
2016.03.22 15:39:04.804,0.85355,0.85365,1.00,1.00
2016.03.22 15:39:05.907,0.85357,0.85368,1.00,1.75
2016.03.22 15:39:06.486,0.85356,0.85368,1.25,1.75
2016.03.22 15:39:06.791,0.85357,0.85369,1.50,1.12
2016.03.22 15:39:06.994,0.85359,0.85371,1.00,2.25
2016.03.22 15:39:07.500,0.85359,0.8537,1.50,1.00
2016.03.22 15:39:08.035,0.85357,0.85371,3.00,1.75
2016.03.22 15:39:09.110,0.85357,0.85373,3.00,3.19
2016.03.22 15:39:09.620,0.85358,0.85369,1.50,1.00
2016.03.22 15:39:10.144,0.85359,0.8537,1.00,2.25
2016.03.22 15:39:11.081,0.85364,0.85371,1.00,1.12
2016.03.22 15:39:11.182,0.85359,0.85372,1.50,1.50
2016.03.22 15:39:11.688,0.85356,0.8537,3.75,1.12
2016.03.22 15:39:14.789,0.85357,0.85371,1.12,2.25
2016.03.22 15:39:14.891,0.85357,0.85371,1.12,2.25
2016.03.22 15:39:14.993,0.85357,0.85369,1.50,1.00
2016.03.22 15:39:16.184,0.85356,0.8537,1.87,2.25
2016.03.22 15:39:16.286,0.85354,0.85369,2.44,1.75
2016.03.22 15:39:17.222,0.85355,0.8537,2.44,1.75
2016.03.22 15:39:18.930,0.85356,0.85367,1.12,1.37
2016.03.22 15:39:19.033,0.85354,0.85365,1.50,1.00
2016.03.22 15:39:19.580,0.85354,0.85367,1.00,1.87
2016.03.22 15:39:20.382,0.85354,0.85367,1.87,1.12
2016.03.22 15:39:20.433,0.85355,0.85366,1.00,1.00
2016.03.22 15:39:20.983,0.85357,0.8537,1.00,1.75
2016.03.22 15:39:21.491,0.85357,0.8537,1.18,1.75
2016.03.22 15:39:22.301,0.85355,0.85369,1.63,1.94
2016.03.22 15:39:22.403,0.85354,0.85369,1.12,3.19
2016.03.22 15:39:22.608,0.85352,0.85366,2.01,2.25
2016.03.22 15:39:23.192,0.85354,0.85366,1.00,2.25
2016.03.22 15:39:23.616,0.85353,0.85369,5.57,2.25
2016.03.22 15:39:23.719,0.85357,0.85368,1.18,1.00
2016.03.22 15:39:24.477,0.85358,0.85368,1.00,1.00
2016.03.22 15:39:24.933,0.85356,0.85367,1.63,1.00
2016.03.22 15:39:25.035,0.85356,0.85369,1.93,1.75
2016.03.22 15:39:25.552,0.85356,0.85371,1.74,2.25
2016.03.22 15:39:26.102,0.85358,0.85371,1.00,2.25
2016.03.22 15:39:26.944,0.85357,0.8537,1.31,1.75
2016.03.22 15:39:30.527,0.85357,0.8537,1.00,5.25
2016.03.22 15:39:30.628,0.85355,0.85367,1.00,1.75
2016.03.22 15:39:31.130,0.85353,0.85367,1.38,3.00
2016.03.22 15:39:31.798,0.85353,0.85367,1.00,3.00
2016.03.22 15:39:33.061,0.85359,0.85367,1.00,3.00
2016.03.22 15:39:33.163,0.85359,0.85367,1.00,1.50
2016.03.22 15:39:33.318,0.85362,0.85369,1.00,1.50
2016.03.22 15:39:33.864,0.85364,0.85371,1.00,1.75
2016.03.22 15:39:33.915,0.85364,0.85374,1.00,1.69
2016.03.22 15:39:33.966,0.85366,0.85377,1.00,3.00
2016.03.22 15:39:34.017,0.85366,0.85377,1.00,1.50
2016.03.22 15:39:34.120,0.85366,0.85377,1.00,1.75
2016.03.22 15:39:34.171,0.85364,0.85376,1.18,1.94
2016.03.22 15:39:34.223,0.85364,0.85375,1.00,2.44
2016.03.22 15:39:34.274,0.85362,0.85375,1.00,3.19
2016.03.22 15:39:34.427,0.85362,0.8537,1.00,2.25
2016.03.22 15:39:34.951,0.85361,0.8537,1.00,1.50
2016.03.22 15:39:35.189,0.85359,0.8537,1.00,2.25
2016.03.22 15:39:35.294,0.85361,0.85369,1.00,1.75
2016.03.22 15:39:35.345,0.85361,0.85369,1.00,1.12
2016.03.22 15:39:35.852,0.8536,0.85369,1.00,1.75
2016.03.22 15:39:36.380,0.85361,0.8537,1.00,1.75
2016.03.22 15:39:37.240,0.85359,0.85368,1.00,1.75
2016.03.22 15:39:37.393,0.85354,0.85368,1.82,2.25
2016.03.22 15:39:37.495,0.85353,0.85367,1.87,1.75
2016.03.22 15:39:37.648,0.85351,0.85363,1.26,1.50
2016.03.22 15:39:38.668,0.85348,0.85362,1.95,1.69
2016.03.22 15:39:39.197,0.85348,0.85362,1.12,2.00
2016.03.22 15:39:41.962,0.85346,0.85361,3.19,1.75
2016.03.22 15:39:45.238,0.85347,0.85359,1.50,1.00
2016.03.22 15:39:45.730,0.85349,0.85362,1.00,1.31
2016.03.22 15:39:46.957,0.85349,0.85362,1.37,1.62
2016.03.22 15:39:47.680,0.85346,0.85362,3.00,2.00
2016.03.22 15:39:48.011,0.85344,0.85359,2.00,1.75
2016.03.22 15:39:50.671,0.85342,0.85357,2.25,1.12
2016.03.22 15:39:50.773,0.85342,0.85354,1.00,1.00
2016.03.22 15:39:50.875,0.85341,0.85354,1.50,1.75
2016.03.22 15:39:51.216,0.85334,0.85347,1.00,1.85
2016.03.22 15:39:51.267,0.85334,0.85347,1.37,1.57
2016.03.22 15:39:51.470,0.85332,0.85346,1.63,1.69
2016.03.22 15:39:51.572,0.8533,0.85346,1.88,1.94
2016.03.22 15:39:52.400,0.85332,0.85346,2.38,1.94
2016.03.22 15:39:52.452,0.85335,0.85349,1.63,2.32
2016.03.22 15:39:52.503,0.85338,0.8535,1.13,1.20
2016.03.22 15:39:52.555,0.85339,0.85352,2.38,1.50
2016.03.22 15:39:52.656,0.8534,0.85356,2.38,2.44
2016.03.22 15:39:52.758,0.8534,0.85355,1.93,1.69
2016.03.22 15:39:54.655,0.85343,0.85357,1.12,5.06
2016.03.22 15:39:54.757,0.85345,0.85354,1.00,1.00
2016.03.22 15:39:55.306,0.85344,0.85354,1.00,1.00
2016.03.22 15:39:55.740,0.85347,0.85357,1.13,2.81
2016.03.22 15:39:55.894,0.85351,0.85357,1.00,1.00
2016.03.22 15:39:55.998,0.85349,0.85361,1.50,1.25
2016.03.22 15:39:56.316,0.85349,0.85361,1.12,2.44
2016.03.22 15:40:00.508,0.85346,0.8536,1.88,1.69
2016.03.22 15:40:00.854,0.85341,0.85354,2.38,2.06
2016.03.22 15:40:01.474,0.85342,0.85354,1.37,1.37
2016.03.22 15:40:01.627,0.85339,0.8535,1.20,1.50
2016.03.22 15:40:01.679,0.85335,0.85346,1.13,1.00
2016.03.22 15:40:02.372,0.85335,0.85349,2.80,2.25
2016.03.22 15:40:02.577,0.85345,0.85358,1.63,1.50
2016.03.22 15:40:02.984,0.85343,0.8536,2.20,6.37
2016.03.22 15:40:03.201,0.85342,0.85354,1.07,1.50
2016.03.22 15:40:03.709,0.85342,0.85354,1.82,1.00
2016.03.22 15:40:03.761,0.85346,0.85354,1.18,1.00
2016.03.22 15:40:03.913,0.85348,0.85359,1.00,2.25
2016.03.22 15:40:04.014,0.85346,0.85358,1.12,1.50
2016.03.22 15:40:04.116,0.85343,0.85358,1.38,1.87
2016.03.22 15:40:04.167,0.85342,0.85356,1.82,1.37
2016.03.22 15:40:04.386,0.85342,0.85353,1.32,1.00
2016.03.22 15:40:06.762,0.85342,0.85353,1.45,1.00
2016.03.22 15:40:06.915,0.85346,0.85358,1.55,1.37
2016.03.22 15:40:07.017,0.85346,0.8536,1.93,2.25
2016.03.22 15:40:08.640,0.8535,0.85362,1.00,2.25
2016.03.22 15:40:08.944,0.85354,0.85363,1.00,2.25
2016.03.22 15:40:08.996,0.85354,0.85364,1.18,1.87
2016.03.22 15:40:09.098,0.85355,0.85366,1.00,1.00
2016.03.22 15:40:09.150,0.85363,0.85367,1.00,1.00
2016.03.22 15:40:09.201,0.85363,0.8537,1.00,3.75
2016.03.22 15:40:09.252,0.85366,0.8537,1.00,3.00
2016.03.22 15:40:09.303,0.85366,0.85374,1.37,1.75
2016.03.22 15:40:09.509,0.85369,0.85373,1.00,1.00
2016.03.22 15:40:09.611,0.85366,0.85375,1.00,2.62
2016.03.22 15:40:09.662,0.85366,0.85378,1.00,1.75
2016.03.22 15:40:10.240,0.85363,0.85379,1.45,5.25
2016.03.22 15:40:10.394,0.8536,0.85374,1.71,1.75
2016.03.22 15:40:10.500,0.85361,0.85374,1.88,1.00
2016.03.22 15:40:10.906,0.85361,0.85372,1.50,1.00
2016.03.22 15:40:11.898,0.8536,0.85372,1.00,1.12
2016.03.22 15:40:12.203,0.85357,0.85367,1.00,1.00
2016.03.22 15:40:12.305,0.85358,0.8537,1.12,1.50
2016.03.22 15:40:12.559,0.8536,0.85373,1.00,2.00
2016.03.22 15:40:14.261,0.85357,0.85372,2.44,1.12
2016.03.22 15:40:14.566,0.85355,0.85367,1.69,1.00
2016.03.22 15:40:14.769,0.85357,0.85367,1.00,1.00
2016.03.22 15:40:15.110,0.85359,0.85372,1.12,1.20
2016.03.22 15:40:15.619,0.85359,0.8537,1.50,1.00
2016.03.22 15:40:16.518,0.8536,0.85371,1.00,1.75
2016.03.22 15:40:16.620,0.85356,0.8537,1.69,1.75
2016.03.22 15:40:16.874,0.85358,0.8537,1.00,2.25
2016.03.22 15:40:17.242,0.85358,0.85371,1.00,2.25
2016.03.22 15:40:17.293,0.8536,0.85371,1.00,1.75
2016.03.22 15:40:17.836,0.85361,0.85371,1.00,2.25
2016.03.22 15:40:18.039,0.85361,0.85373,1.00,2.25
2016.03.22 15:40:18.703,0.85362,0.85373,1.00,1.75
2016.03.22 15:40:20.040,0.85363,0.85373,1.00,2.25
2016.03.22 15:40:21.048,0.85362,0.85373,1.00,2.25
2016.03.22 15:40:21.247,0.85359,0.85371,1.00,1.75
2016.03.22 15:40:21.350,0.85359,0.85369,1.00,1.75
2016.03.22 15:40:22.228,0.85359,0.85369,1.00,1.50
2016.03.22 15:40:23.231,0.85359,0.8537,1.00,2.25
2016.03.22 15:40:23.384,0.85356,0.85367,1.00,1.75
2016.03.22 15:40:23.932,0.85354,0.85367,1.37,1.85
2016.03.22 15:40:24.128,0.85354,0.85366,1.37,1.00
2016.03.22 15:40:24.230,0.85356,0.85367,1.31,1.50
2016.03.22 15:40:24.535,0.85364,0.85374,1.00,1.01
2016.03.22 15:40:24.637,0.85364,0.85375,1.00,2.81
2016.03.22 15:40:25.145,0.85362,0.85376,2.44,3.75
2016.03.22 15:40:27.061,0.85362,0.85376,3.56,1.75
2016.03.22 15:40:27.264,0.85362,0.85376,1.25,2.25
2016.03.22 15:40:27.810,0.85361,0.85375,1.31,2.25
2016.03.22 15:40:28.402,0.85363,0.85375,1.00,2.25
2016.03.22 15:40:28.908,0.85363,0.85376,1.37,1.75
2016.03.22 15:40:29.243,0.85365,0.85375,1.00,1.00
2016.03.22 15:40:29.345,0.85365,0.85374,1.00,1.37
2016.03.22 15:40:29.651,0.85363,0.85372,1.00,1.75
2016.03.22 15:40:30.162,0.8536,0.85372,1.00,1.75
2016.03.22 15:40:31.343,0.8536,0.85374,1.12,4.50
2016.03.22 15:40:31.919,0.85361,0.85374,1.00,3.00
2016.03.22 15:40:31.970,0.85361,0.85375,1.00,1.85
2016.03.22 15:40:32.073,0.85363,0.85374,1.00,1.00
2016.03.22 15:40:33.266,0.85364,0.85374,1.00,1.00
2016.03.22 15:40:34.672,0.85365,0.85374,1.00,1.00
2016.03.22 15:40:36.454,0.85365,0.85375,1.00,2.44
2016.03.22 15:40:36.506,0.85363,0.85373,1.00,1.12
2016.03.22 15:40:36.558,0.85363,0.85371,1.00,1.87
2016.03.22 15:40:36.610,0.85359,0.85371,2.25,1.12
2016.03.22 15:40:36.661,0.85359,0.85371,1.87,1.56
2016.03.22 15:40:38.290,0.85361,0.85372,1.00,1.75
2016.03.22 15:40:39.566,0.8536,0.85373,1.12,1.85
2016.03.22 15:40:39.870,0.85355,0.85366,1.00,2.25
2016.03.22 15:40:40.023,0.85353,0.85366,1.00,3.19
2016.03.22 15:40:40.374,0.85351,0.85365,1.87,1.75
2016.03.22 15:40:43.164,0.85349,0.85362,1.50,1.37
2016.03.22 15:40:43.534,0.85347,0.8536,1.69,1.50
2016.03.22 15:40:44.291,0.8535,0.85362,1.00,2.25
2016.03.22 15:40:44.837,0.8535,0.85363,1.87,2.25
2016.03.22 15:40:45.196,0.8535,0.85362,2.25,1.00
2016.03.22 15:40:45.500,0.8535,0.85361,1.00,1.75
2016.03.22 15:40:45.805,0.85345,0.85355,1.00,1.00
2016.03.22 15:40:46.311,0.85344,0.85355,2.25,1.00
2016.03.22 15:40:46.847,0.85345,0.85355,1.00,1.00
2016.03.22 15:40:47.000,0.85348,0.85359,1.19,1.75
2016.03.22 15:40:47.101,0.85351,0.85359,1.12,1.00
2016.03.22 15:40:47.253,0.85351,0.85364,1.12,1.50
2016.03.22 15:40:47.507,0.85349,0.85363,1.75,2.62
2016.03.22 15:40:47.710,0.85345,0.85359,1.50,1.75
2016.03.22 15:40:47.761,0.85345,0.85359,1.50,1.75
2016.03.22 15:40:48.826,0.85347,0.85358,1.00,1.75
2016.03.22 15:40:49.904,0.85345,0.85358,1.37,1.75
2016.03.22 15:40:50.107,0.85344,0.85354,1.00,1.00
2016.03.22 15:40:50.614,0.85342,0.85354,1.69,1.00
2016.03.22 15:40:51.717,0.85342,0.85354,1.00,1.00
2016.03.22 15:40:53.087,0.85343,0.85357,1.62,3.75
2016.03.22 15:40:53.138,0.85343,0.85357,2.44,3.00
2016.03.22 15:40:53.594,0.85346,0.8536,1.37,3.07
2016.03.22 15:40:54.137,0.85346,0.8536,1.75,2.25
2016.03.22 15:40:54.340,0.85346,0.8536,1.75,2.62
2016.03.22 15:41:01.903,0.85346,0.8536,1.50,1.50
2016.03.22 15:41:05.313,0.85346,0.8536,2.44,1.75
2016.03.22 15:41:14.308,0.85347,0.85361,1.87,1.50
2016.03.22 15:41:14.834,0.85355,0.85362,1.00,1.00
2016.03.22 15:41:14.936,0.85355,0.85366,1.50,1.12
2016.03.22 15:41:14.987,0.85355,0.85366,1.87,1.00
2016.03.22 15:41:16.521,0.85358,0.85369,1.50,1.00
2016.03.22 15:41:17.009,0.85361,0.85369,1.00,1.00
2016.03.22 15:41:17.316,0.85364,0.85373,1.00,2.25
2016.03.22 15:41:17.831,0.85363,0.85373,1.31,2.25
2016.03.22 15:41:18.638,0.85362,0.85375,2.44,1.87
2016.03.22 15:41:18.942,0.85361,0.85373,1.00,1.75
2016.03.22 15:41:19.247,0.85358,0.85371,1.69,1.12
2016.03.22 15:41:20.014,0.85357,0.85371,1.75,1.31
2016.03.22 15:41:20.269,0.85357,0.85368,1.75,1.37
2016.03.22 15:41:20.320,0.85357,0.85366,1.00,1.20
2016.03.22 15:41:20.422,0.85353,0.85364,1.00,2.62
2016.03.22 15:41:20.473,0.85348,0.85364,1.75,3.37
2016.03.22 15:41:21.146,0.85349,0.85364,2.25,1.87
2016.03.22 15:41:21.842,0.8535,0.85362,1.00,1.50
2016.03.22 15:41:22.351,0.85351,0.85361,1.00,1.00
2016.03.22 15:41:22.660,0.85352,0.85363,1.12,1.00
2016.03.22 15:41:23.249,0.85352,0.85364,1.50,1.50
2016.03.22 15:41:23.542,0.85351,0.85362,1.50,1.00
2016.03.22 15:41:24.055,0.85352,0.85362,1.00,1.00
2016.03.22 15:41:24.443,0.8535,0.85361,1.00,1.31
2016.03.22 15:41:24.750,0.85342,0.8535,1.75,1.00
2016.03.22 15:41:24.852,0.85342,0.85352,1.00,1.50
2016.03.22 15:41:24.955,0.8534,0.85351,1.00,1.50
2016.03.22 15:41:25.057,0.8534,0.85351,1.00,2.25
2016.03.22 15:41:25.160,0.8534,0.85351,1.00,2.25
2016.03.22 15:41:25.682,0.8534,0.85349,1.00,1.00
2016.03.22 15:41:25.835,0.85342,0.85352,1.19,1.00
2016.03.22 15:41:26.089,0.85344,0.85354,1.25,1.12
2016.03.22 15:41:26.190,0.85344,0.85354,1.69,1.12
2016.03.22 15:41:26.704,0.85346,0.85355,1.25,1.00
2016.03.22 15:41:27.210,0.85342,0.85357,2.44,1.50
2016.03.22 15:41:31.861,0.85341,0.85357,2.51,5.25
2016.03.22 15:41:34.524,0.85341,0.85355,1.69,1.50
2016.03.22 15:41:35.124,0.85341,0.85355,1.31,2.25
2016.03.22 15:41:35.678,0.85341,0.85356,1.94,2.25
2016.03.22 15:41:38.046,0.85339,0.85352,2.32,1.50
2016.03.22 15:41:38.301,0.85331,0.85343,1.19,1.00
2016.03.22 15:41:40.581,0.85332,0.85345,1.56,1.50
2016.03.22 15:41:41.099,0.85338,0.85345,1.00,1.00
2016.03.22 15:41:41.252,0.85341,0.85351,1.50,1.12
2016.03.22 15:41:41.303,0.85337,0.85348,1.12,1.12
2016.03.22 15:41:41.354,0.85335,0.85348,1.94,1.87
2016.03.22 15:41:41.405,0.85335,0.85349,1.19,2.62
2016.03.22 15:41:41.997,0.85334,0.85349,1.31,2.25
2016.03.22 15:41:43.476,0.85335,0.85346,1.25,1.00
2016.03.22 15:41:44.684,0.85336,0.85347,1.50,1.00
2016.03.22 15:41:44.996,0.85336,0.85351,1.87,1.87
2016.03.22 15:41:45.503,0.85339,0.85351,1.12,1.75
2016.03.22 15:41:45.813,0.85339,0.8535,1.50,1.00
2016.03.22 15:41:45.915,0.85339,0.85353,1.12,4.20
2016.03.22 15:41:46.624,0.8534,0.85353,1.79,2.25
2016.03.22 15:41:46.776,0.85348,0.85359,1.00,1.50
2016.03.22 15:41:47.068,0.85348,0.85359,1.50,1.00
2016.03.22 15:41:47.626,0.85349,0.85364,1.50,3.00
2016.03.22 15:41:47.829,0.85348,0.85364,1.50,3.37
2016.03.22 15:41:48.406,0.85348,0.85359,1.00,1.00
2016.03.22 15:41:48.710,0.85347,0.85363,3.37,2.25
2016.03.22 15:41:50.528,0.8535,0.85361,1.00,1.85
2016.03.22 15:41:50.731,0.85344,0.85358,1.50,1.50
2016.03.22 15:41:51.008,0.85347,0.85358,1.00,1.00
2016.03.22 15:41:51.212,0.85346,0.85358,1.75,1.00
2016.03.22 15:41:52.279,0.85348,0.85363,1.75,3.00
2016.03.22 15:41:52.330,0.85347,0.85363,1.75,2.32
2016.03.22 15:41:52.431,0.85348,0.85362,1.75,2.70
2016.03.22 15:41:52.533,0.85345,0.85361,2.44,2.62
2016.03.22 15:41:52.584,0.85345,0.85359,2.44,1.00
2016.03.22 15:41:52.636,0.85344,0.85359,3.19,1.50
2016.03.22 15:41:53.112,0.85347,0.85361,2.25,1.37
2016.03.22 15:41:53.625,0.85348,0.85363,2.25,1.75
2016.03.22 15:41:55.651,0.85347,0.85361,3.94,1.00
2016.03.22 15:41:55.863,0.85346,0.8536,1.94,1.50
2016.03.22 15:41:56.219,0.85347,0.85357,1.00,1.00
2016.03.22 15:41:56.534,0.85342,0.85356,1.62,1.75
2016.03.22 15:41:56.941,0.85341,0.85353,1.31,1.75
2016.03.22 15:41:57.489,0.85337,0.85351,2.44,1.37
2016.03.22 15:41:57.793,0.85337,0.85351,1.19,1.75
2016.03.22 15:41:58.107,0.85341,0.85352,1.19,2.25
2016.03.22 15:41:58.158,0.85341,0.85352,1.19,1.50
2016.03.22 15:41:58.456,0.85342,0.85353,1.19,1.00
2016.03.22 15:41:58.926,0.85345,0.85356,1.25,1.00
2016.03.22 15:41:59.613,0.85343,0.85359,3.56,3.37
2016.03.22 15:41:59.850,0.85344,0.85359,1.69,1.75
2016.03.22 15:42:00.054,0.85345,0.8536,1.69,1.75
2016.03.22 15:42:01.271,0.85344,0.85358,1.94,1.50
2016.03.22 15:42:01.322,0.85344,0.85359,1.94,1.75
2016.03.22 15:42:01.603,0.85342,0.85357,1.94,2.62
2016.03.22 15:42:01.655,0.85342,0.85356,1.31,3.37
2016.03.22 15:42:01.707,0.85342,0.85356,1.31,3.37
2016.03.22 15:42:01.861,0.85339,0.85354,2.44,1.75
2016.03.22 15:42:02.368,0.85339,0.8535,3.19,1.00
2016.03.22 15:42:02.898,0.85341,0.85355,1.31,1.75
2016.03.22 15:42:03.404,0.8534,0.85355,1.37,1.75
2016.03.22 15:42:07.463,0.8534,0.85356,1.50,3.07
2016.03.22 15:42:08.850,0.85341,0.85357,2.25,2.00
2016.03.22 15:42:11.273,0.85342,0.85356,2.06,1.75
2016.03.22 15:42:14.583,0.85346,0.85357,1.50,3.07
2016.03.22 15:42:14.635,0.85346,0.85357,2.25,1.20
2016.03.22 15:42:14.686,0.85348,0.8536,1.37,1.12
2016.03.22 15:42:14.788,0.85349,0.85362,1.75,1.31
2016.03.22 15:42:16.033,0.85349,0.85363,1.75,1.69
2016.03.22 15:42:17.688,0.8535,0.85363,2.25,2.00
2016.03.22 15:42:17.999,0.8535,0.85364,2.25,3.19
2016.03.22 15:42:18.659,0.8535,0.85364,1.00,3.94
2016.03.22 15:42:19.204,0.85349,0.85363,1.75,1.07
2016.03.22 15:42:20.051,0.85348,0.85363,2.25,2.57
2016.03.22 15:42:20.401,0.85347,0.85359,2.25,1.00
2016.03.22 15:42:20.553,0.85348,0.85361,1.37,1.01
2016.03.22 15:42:20.605,0.85348,0.85362,1.75,2.44
2016.03.22 15:42:21.112,0.85349,0.85364,3.75,1.69
2016.03.22 15:42:21.477,0.8535,0.85363,1.87,3.19
2016.03.22 15:42:21.984,0.85349,0.85363,2.25,1.94
2016.03.22 15:42:25.586,0.8535,0.85365,1.07,3.13
2016.03.22 15:42:25.813,0.85351,0.85366,1.93,2.25
2016.03.22 15:42:26.017,0.85355,0.85366,1.13,1.00
2016.03.22 15:42:26.373,0.85355,0.85366,1.88,1.00
2016.03.22 15:42:26.678,0.85355,0.85368,1.88,1.12
2016.03.22 15:42:27.681,0.85355,0.85368,1.63,1.12
2016.03.22 15:42:28.492,0.85355,0.85368,1.51,1.50
2016.03.22 15:42:28.601,0.85353,0.85368,3.32,1.75
2016.03.22 15:42:29.115,0.85351,0.85365,1.07,1.37
2016.03.22 15:42:29.217,0.85351,0.85365,1.07,1.75
2016.03.22 15:42:32.528,0.85353,0.85364,1.63,1.37
2016.03.22 15:42:32.580,0.85353,0.85366,1.88,1.87
2016.03.22 15:42:33.102,0.85352,0.85365,3.19,1.00
2016.03.22 15:42:33.204,0.85352,0.85366,2.00,1.50
2016.03.22 15:42:33.711,0.85353,0.85366,1.50,1.44
2016.03.22 15:42:34.406,0.85353,0.85366,1.63,1.12
2016.03.22 15:42:34.728,0.85359,0.85366,1.00,1.12
2016.03.22 15:42:34.830,0.8536,0.8537,1.00,1.95
2016.03.22 15:42:34.982,0.85361,0.85375,1.50,1.94
2016.03.22 15:42:35.084,0.85362,0.85376,1.75,2.32
2016.03.22 15:42:35.447,0.85364,0.85377,1.75,1.31
2016.03.22 15:42:35.595,0.85362,0.85378,5.76,2.06
2016.03.22 15:42:36.668,0.85363,0.85377,2.38,1.31
2016.03.22 15:42:39.987,0.85362,0.85372,3.00,1.31
2016.03.22 15:42:40.039,0.85361,0.85371,1.75,1.19
2016.03.22 15:42:40.141,0.85361,0.85371,1.12,2.06
2016.03.22 15:42:40.294,0.85356,0.8537,1.75,2.06
2016.03.22 15:42:40.396,0.85357,0.8537,1.00,1.69
2016.03.22 15:42:41.465,0.85356,0.85371,1.31,1.75
2016.03.22 15:42:41.988,0.85359,0.8537,1.00,1.00
2016.03.22 15:42:42.652,0.85357,0.85372,2.81,2.62
2016.03.22 15:42:42.704,0.85357,0.85372,2.81,2.62
2016.03.22 15:42:42.858,0.85363,0.85374,1.00,1.00
2016.03.22 15:42:43.112,0.85364,0.85376,1.62,1.87
2016.03.22 15:42:43.417,0.85369,0.85384,5.06,1.57
2016.03.22 15:42:43.469,0.85372,0.85385,1.12,1.37
2016.03.22 15:42:45.143,0.85373,0.85386,1.75,1.00
2016.03.22 15:42:45.550,0.85371,0.85386,1.75,2.62
2016.03.22 15:42:45.753,0.8537,0.85386,3.75,3.37
2016.03.22 15:42:47.211,0.8537,0.85386,2.25,2.62
2016.03.22 15:42:47.722,0.85373,0.85385,1.00,1.50
2016.03.22 15:42:50.024,0.85374,0.85385,1.37,1.50
2016.03.22 15:42:50.625,0.85374,0.85385,1.00,1.37
2016.03.22 15:42:51.133,0.85372,0.8538,1.00,1.00
2016.03.22 15:42:51.285,0.85364,0.85379,4.57,1.37
2016.03.22 15:42:51.951,0.85363,0.85378,1.87,2.25
2016.03.22 15:42:52.053,0.85363,0.85377,1.87,1.87
2016.03.22 15:42:53.166,0.85364,0.85379,1.75,1.50
2016.03.22 15:42:55.155,0.85367,0.8538,1.87,1.12
2016.03.22 15:42:55.689,0.85367,0.85381,3.37,1.12
2016.03.22 15:42:56.045,0.85368,0.85381,1.00,1.50
2016.03.22 15:43:00.124,0.85368,0.85378,1.00,1.00
2016.03.22 15:43:00.429,0.85362,0.85378,2.62,2.81
2016.03.22 15:43:00.936,0.85364,0.85375,1.00,1.00
2016.03.22 15:43:01.493,0.85361,0.85375,3.75,1.50
2016.03.22 15:43:02.585,0.85361,0.85374,3.00,1.50
2016.03.22 15:43:02.889,0.8536,0.85371,1.00,1.00
2016.03.22 15:43:03.203,0.85363,0.85374,1.50,1.00
2016.03.22 15:43:04.246,0.85364,0.85374,1.00,1.00
2016.03.22 15:43:04.298,0.85364,0.85378,1.12,2.44
2016.03.22 15:43:04.804,0.85364,0.85378,1.50,2.44
2016.03.22 15:43:05.311,0.85364,0.85379,1.75,3.94
2016.03.22 15:43:05.536,0.85366,0.85378,1.00,1.00
2016.03.22 15:43:06.044,0.85367,0.85378,1.00,1.00
2016.03.22 15:43:08.899,0.85366,0.85381,1.37,2.85
2016.03.22 15:43:09.101,0.85368,0.85379,1.00,1.00
2016.03.22 15:43:10.577,0.85366,0.8538,1.75,1.50
2016.03.22 15:43:10.678,0.85369,0.85381,1.00,1.67
2016.03.22 15:43:11.169,0.85368,0.85382,1.00,6.00
2016.03.22 15:43:12.353,0.8537,0.85381,1.19,1.75
2016.03.22 15:43:12.404,0.85371,0.85384,2.06,1.85
2016.03.22 15:43:12.506,0.85376,0.85385,1.00,1.00
2016.03.22 15:43:12.608,0.85376,0.85389,2.62,1.12
2016.03.22 15:43:12.709,0.85377,0.85388,1.37,1.00
2016.03.22 15:43:13.232,0.85377,0.85388,1.00,1.00
2016.03.22 15:43:13.537,0.85374,0.85389,1.50,1.75
2016.03.22 15:43:13.741,0.85374,0.85389,1.75,1.50
2016.03.22 15:43:20.112,0.85375,0.85384,1.19,1.50
2016.03.22 15:43:20.277,0.85371,0.85382,1.25,1.75
2016.03.22 15:43:20.786,0.85369,0.85382,1.31,2.25
2016.03.22 15:43:21.041,0.85367,0.85381,1.31,1.87
2016.03.22 15:43:22.746,0.85367,0.85382,1.94,2.62
2016.03.22 15:43:24.003,0.85371,0.85381,1.31,1.12
2016.03.22 15:43:24.157,0.85372,0.85385,1.56,1.87
2016.03.22 15:43:24.208,0.85372,0.85385,3.19,1.00
2016.03.22 15:43:24.715,0.85377,0.85386,1.00,1.00
2016.03.22 15:43:25.012,0.85377,0.85388,1.50,1.00
2016.03.22 15:43:25.418,0.85379,0.8539,1.31,1.00
2016.03.22 15:43:25.925,0.85379,0.85393,1.69,1.12
2016.03.22 15:43:26.427,0.85377,0.85392,1.75,1.87
2016.03.22 15:43:27.409,0.85376,0.85392,2.25,2.62
2016.03.22 15:43:27.460,0.85376,0.8539,1.50,1.75
2016.03.22 15:43:27.785,0.85375,0.85386,1.25,1.50
2016.03.22 15:43:27.888,0.85377,0.85391,1.00,2.25
2016.03.22 15:43:28.041,0.85375,0.85389,2.06,2.62
2016.03.22 15:43:29.012,0.85375,0.85389,1.56,2.25
2016.03.22 15:43:29.063,0.85376,0.85389,1.31,1.50
2016.03.22 15:43:29.114,0.85376,0.85391,2.06,1.12
2016.03.22 15:43:29.524,0.85376,0.8539,1.69,1.37
2016.03.22 15:43:29.931,0.85374,0.85385,1.87,3.37
2016.03.22 15:43:29.984,0.8537,0.85383,1.19,2.25
2016.03.22 15:43:30.517,0.85369,0.85383,1.19,2.62
2016.03.22 15:43:31.026,0.85369,0.85385,2.14,2.85
2016.03.22 15:43:31.531,0.85369,0.85385,2.51,2.85
2016.03.22 15:43:31.735,0.85369,0.85384,2.04,1.87
2016.03.22 15:43:33.331,0.85368,0.85384,2.81,1.75
2016.03.22 15:43:33.836,0.85368,0.85383,2.44,1.87
2016.03.22 15:43:34.929,0.85369,0.85382,1.69,1.50
2016.03.22 15:43:35.360,0.8537,0.85382,1.50,1.12
2016.03.22 15:43:35.716,0.85373,0.85386,1.25,1.87
2016.03.22 15:43:35.768,0.85376,0.85386,1.12,1.50
2016.03.22 15:43:35.921,0.85377,0.85392,2.06,1.75
2016.03.22 15:43:36.527,0.85377,0.85391,3.94,1.50
2016.03.22 15:43:36.680,0.85376,0.8539,2.44,1.12
2016.03.22 15:43:36.833,0.85376,0.85389,1.94,1.37
2016.03.22 15:43:37.375,0.85377,0.85392,2.25,1.50
2016.03.22 15:43:39.567,0.8538,0.8539,1.00,1.00
2016.03.22 15:43:39.669,0.85377,0.8539,1.37,2.25
2016.03.22 15:43:39.721,0.85377,0.85389,1.00,1.37
2016.03.22 15:43:40.051,0.85374,0.85387,2.44,1.37
2016.03.22 15:43:40.559,0.85375,0.85387,1.19,1.12
2016.03.22 15:43:41.066,0.85373,0.85387,2.44,1.50
2016.03.22 15:43:42.011,0.85372,0.85385,3.00,1.37
2016.03.22 15:43:42.400,0.85369,0.85381,1.56,2.62
2016.03.22 15:43:42.960,0.85369,0.85378,1.19,1.00
2016.03.22 15:43:43.011,0.85366,0.85378,1.94,1.00
2016.03.22 15:43:43.524,0.85366,0.85381,1.94,2.25
2016.03.22 15:43:45.983,0.85368,0.85381,1.50,1.50
2016.03.22 15:43:46.085,0.8537,0.85382,1.19,1.75
2016.03.22 15:43:46.187,0.85371,0.85385,1.69,2.25
2016.03.22 15:43:46.688,0.85371,0.85385,2.00,2.25
2016.03.22 15:43:47.217,0.85372,0.85383,1.00,1.00
2016.03.22 15:43:50.025,0.85372,0.85382,1.00,1.00
2016.03.22 15:43:50.076,0.85372,0.85379,1.00,1.00
2016.03.22 15:43:50.308,0.85368,0.85378,1.00,1.00
2016.03.22 15:43:50.513,0.85367,0.85376,1.00,1.00
2016.03.22 15:43:50.768,0.8536,0.85373,1.75,1.12
2016.03.22 15:43:51.763,0.85359,0.85372,1.75,1.00
2016.03.22 15:43:51.966,0.85359,0.85371,1.50,1.12
2016.03.22 15:43:52.169,0.85359,0.85369,1.00,1.00
2016.03.22 15:43:52.486,0.85355,0.85369,1.75,2.25
2016.03.22 15:43:54.214,0.85356,0.85369,1.75,1.37
2016.03.22 15:43:55.000,0.85356,0.85369,1.75,1.12
2016.03.22 15:43:55.528,0.85356,0.85369,1.75,1.37
2016.03.22 15:43:56.066,0.85354,0.85367,3.75,1.00
2016.03.22 15:43:57.817,0.85355,0.8537,1.75,1.50
2016.03.22 15:43:59.392,0.85354,0.85368,3.19,1.12
2016.03.22 15:43:59.905,0.85354,0.85367,1.94,1.00
2016.03.22 15:44:00.424,0.85355,0.8537,2.00,1.75
2016.03.22 15:44:00.967,0.8536,0.85369,1.00,1.37
2016.03.22 15:44:01.018,0.8536,0.85371,1.00,1.12
2016.03.22 15:44:01.070,0.85362,0.85371,1.00,1.12
2016.03.22 15:44:01.222,0.85365,0.85378,1.75,1.69
2016.03.22 15:44:01.997,0.85368,0.85379,1.00,1.69
2016.03.22 15:44:02.048,0.85368,0.85379,1.00,1.00
2016.03.22 15:44:02.100,0.85367,0.85381,1.75,1.69
2016.03.22 15:44:03.447,0.85372,0.85384,1.00,1.12
2016.03.22 15:44:03.752,0.85376,0.85387,1.50,1.31
2016.03.22 15:44:05.717,0.85378,0.85387,1.00,1.19
2016.03.22 15:44:08.767,0.85377,0.85387,1.00,1.19
2016.03.22 15:44:09.121,0.85379,0.85387,1.00,1.19
2016.03.22 15:44:10.067,0.85377,0.85387,1.00,1.19
2016.03.22 15:44:10.573,0.85376,0.85387,1.50,1.31
2016.03.22 15:44:11.091,0.85378,0.85386,1.00,1.19
2016.03.22 15:44:13.521,0.85375,0.85387,3.75,1.31
2016.03.22 15:44:14.774,0.85378,0.85382,1.00,1.00
2016.03.22 15:44:14.961,0.85368,0.85381,4.12,1.37
2016.03.22 15:44:15.064,0.85368,0.85379,3.75,1.00
2016.03.22 15:44:15.852,0.85369,0.85379,1.00,1.00
2016.03.22 15:44:15.954,0.85369,0.85383,1.87,1.12
2016.03.22 15:44:16.153,0.85372,0.85383,1.12,1.00
2016.03.22 15:44:16.458,0.85379,0.8539,1.50,1.00
2016.03.22 15:44:17.138,0.8538,0.8539,1.00,1.00
2016.03.22 15:44:18.003,0.85379,0.8539,1.50,1.00
2016.03.22 15:44:18.362,0.85382,0.8539,1.00,1.00
2016.03.22 15:44:19.224,0.85379,0.8539,1.00,1.00
2016.03.22 15:44:20.059,0.85378,0.85393,4.12,1.94
2016.03.22 15:44:21.461,0.8538,0.85394,1.75,3.19
2016.03.22 15:44:21.878,0.8538,0.85394,1.50,3.19
2016.03.22 15:44:25.149,0.8538,0.85393,1.00,1.01
2016.03.22 15:44:25.453,0.8538,0.85388,1.00,1.00
2016.03.22 15:44:25.505,0.85376,0.85388,1.50,1.50
2016.03.22 15:44:25.556,0.85375,0.85388,1.50,4.50
2016.03.22 15:44:25.881,0.85373,0.85385,1.12,2.32
2016.03.22 15:44:27.084,0.85373,0.85384,1.00,1.87
2016.03.22 15:44:27.189,0.85375,0.85389,1.50,3.37
2016.03.22 15:44:27.241,0.85375,0.85389,1.50,2.62
2016.03.22 15:44:27.546,0.85372,0.85387,3.00,1.75
2016.03.22 15:44:27.648,0.85373,0.85387,1.75,1.37
2016.03.22 15:44:28.175,0.85372,0.85384,1.37,3.37
2016.03.22 15:44:28.277,0.85366,0.8538,2.01,1.37
2016.03.22 15:44:28.379,0.85366,0.8538,1.87,1.87
2016.03.22 15:44:28.582,0.85366,0.85379,1.64,1.00
2016.03.22 15:44:28.939,0.85365,0.85377,1.12,1.12
2016.03.22 15:44:28.990,0.85362,0.85373,1.50,1.00
2016.03.22 15:44:29.143,0.85358,0.8537,1.00,1.75
2016.03.22 15:44:29.447,0.85356,0.8537,2.01,1.75
2016.03.22 15:44:29.498,0.85358,0.8537,1.00,1.75
2016.03.22 15:44:30.060,0.85358,0.85372,2.39,1.50
2016.03.22 15:44:30.571,0.8536,0.85372,1.00,1.50
2016.03.22 15:44:31.783,0.8536,0.85375,2.39,4.01
2016.03.22 15:44:31.884,0.85361,0.85375,1.64,1.94
2016.03.22 15:44:32.037,0.85363,0.85377,2.25,2.44
2016.03.22 15:44:32.290,0.85365,0.85377,1.00,1.69
2016.03.22 15:44:32.656,0.85372,0.85378,1.00,1.76
2016.03.22 15:44:32.859,0.85366,0.85378,1.50,1.31
2016.03.22 15:44:34.011,0.85367,0.85378,1.64,1.31
2016.03.22 15:44:34.062,0.85367,0.85382,3.14,2.44
2016.03.22 15:44:34.114,0.8537,0.85382,1.00,1.69
2016.03.22 15:44:34.418,0.85373,0.85384,1.00,2.14
2016.03.22 15:44:34.950,0.85374,0.85384,1.00,1.76
2016.03.22 15:44:35.619,0.85373,0.85382,1.00,1.25
2016.03.22 15:44:36.169,0.85372,0.85382,1.00,1.25
2016.03.22 15:44:36.684,0.85373,0.85383,1.12,1.62
2016.03.22 15:44:38.897,0.85372,0.85384,1.00,1.94
2016.03.22 15:44:39.450,0.85372,0.85384,1.12,1.69
2016.03.22 15:44:39.952,0.85372,0.85384,1.50,1.94
2016.03.22 15:44:41.380,0.85374,0.85384,1.00,1.94
2016.03.22 15:44:41.905,0.85374,0.85383,1.00,1.31
2016.03.22 15:44:43.338,0.85372,0.85383,1.12,1.39
2016.03.22 15:44:43.869,0.8537,0.8538,1.37,1.00
2016.03.22 15:44:44.022,0.85369,0.85382,1.00,3.94
2016.03.22 15:44:44.124,0.85365,0.85382,2.57,5.44
2016.03.22 15:44:44.175,0.85365,0.85381,2.14,2.00
2016.03.22 15:44:44.296,0.85365,0.85381,2.20,2.00
2016.03.22 15:44:44.397,0.85366,0.8538,2.39,1.50
2016.03.22 15:44:44.499,0.85368,0.85375,1.00,1.00
2016.03.22 15:44:44.601,0.85362,0.85375,2.25,1.69
2016.03.22 15:44:45.286,0.8536,0.85375,2.39,1.50
2016.03.22 15:44:46.995,0.85358,0.85371,1.75,1.00
2016.03.22 15:44:47.097,0.85359,0.8537,1.00,1.00
2016.03.22 15:44:47.199,0.85355,0.85371,2.25,2.25
2016.03.22 15:44:47.503,0.85355,0.85367,1.00,1.00
2016.03.22 15:44:48.015,0.85354,0.85369,2.25,1.12
2016.03.22 15:44:48.902,0.8536,0.85371,1.00,1.69
2016.03.22 15:44:49.208,0.85357,0.85372,3.75,1.37
2016.03.22 15:44:49.527,0.85358,0.85373,2.25,1.42
2016.03.22 15:44:49.882,0.85358,0.85374,2.25,2.32
2016.03.22 15:44:50.396,0.8536,0.85374,1.50,2.32
2016.03.22 15:44:51.435,0.8536,0.85373,1.50,1.69
2016.03.22 15:44:52.049,0.85362,0.85372,1.00,1.01
2016.03.22 15:44:52.354,0.8536,0.85369,1.00,1.10
2016.03.22 15:44:52.962,0.8536,0.8537,1.00,1.12
2016.03.22 15:44:53.216,0.85361,0.85372,1.00,2.51
2016.03.22 15:44:53.758,0.8536,0.85372,1.50,2.51
2016.03.22 15:44:54.304,0.8536,0.85372,1.00,4.76
2016.03.22 15:44:54.998,0.85361,0.85371,1.00,2.06
2016.03.22 15:44:55.100,0.85359,0.85371,1.12,2.44
2016.03.22 15:44:57.975,0.85361,0.85371,1.00,1.25
2016.03.22 15:44:58.303,0.85361,0.85373,1.50,2.66
2016.03.22 15:44:59.631,0.85361,0.85371,1.00,1.25
2016.03.22 15:45:00.264,0.85362,0.85371,1.00,1.25
2016.03.22 15:45:03.776,0.85362,0.85372,1.12,1.19
2016.03.22 15:45:04.265,0.85359,0.8537,1.00,1.00
2016.03.22 15:45:04.316,0.85357,0.85369,1.00,1.00
2016.03.22 15:45:04.418,0.85359,0.8537,1.00,1.00
2016.03.22 15:45:04.723,0.85362,0.85373,1.00,1.00
2016.03.22 15:45:05.430,0.85359,0.85375,1.75,2.00
2016.03.22 15:45:06.644,0.8536,0.85375,2.25,2.00
2016.03.22 15:45:07.096,0.85366,0.85374,1.00,1.12
2016.03.22 15:45:07.552,0.85362,0.85376,1.50,2.25
2016.03.22 15:45:07.654,0.8536,0.85374,1.75,1.37
2016.03.22 15:45:08.151,0.85361,0.8537,1.00,2.10
2016.03.22 15:45:08.458,0.85358,0.8537,1.00,2.29
2016.03.22 15:45:08.560,0.8536,0.85372,1.00,2.04
2016.03.22 15:45:08.967,0.85359,0.8537,1.00,1.94
2016.03.22 15:45:10.981,0.85358,0.85369,1.00,2.44
2016.03.22 15:45:12.189,0.8536,0.85369,1.00,3.19
2016.03.22 15:45:13.587,0.85362,0.85371,1.00,5.44
2016.03.22 15:45:15.643,0.85363,0.8537,1.00,1.94
2016.03.22 15:45:15.694,0.85361,0.8537,1.00,1.94
2016.03.22 15:45:16.244,0.8536,0.8537,1.00,1.94
2016.03.22 15:45:17.994,0.85357,0.85369,1.12,2.00
2016.03.22 15:45:18.096,0.85356,0.85366,1.37,3.41
2016.03.22 15:45:18.396,0.85351,0.85362,1.37,2.06
2016.03.22 15:45:18.449,0.8535,0.8536,1.00,1.00
2016.03.22 15:45:18.500,0.8535,0.85361,1.00,2.00
2016.03.22 15:45:18.754,0.85351,0.85362,1.00,2.04
2016.03.22 15:45:19.261,0.85345,0.85359,2.25,2.25
2016.03.22 15:45:19.471,0.85343,0.85356,1.12,1.12
2016.03.22 15:45:19.624,0.85341,0.85352,1.75,1.00
2016.03.22 15:45:19.675,0.85342,0.85352,1.00,1.00
2016.03.22 15:45:19.777,0.85338,0.85349,2.25,1.00
2016.03.22 15:45:19.880,0.85337,0.85348,1.00,1.00
2016.03.22 15:45:20.235,0.85334,0.85346,3.19,1.00
2016.03.22 15:45:20.287,0.85334,0.85346,1.50,1.00
2016.03.22 15:45:20.338,0.85335,0.85343,1.00,1.00
2016.03.22 15:45:20.551,0.85328,0.85341,2.06,1.37
2016.03.22 15:45:20.704,0.85329,0.85342,1.69,1.50
2016.03.22 15:45:20.755,0.85328,0.8534,1.56,1.12
2016.03.22 15:45:21.061,0.85326,0.8534,1.62,2.25
2016.03.22 15:45:21.682,0.85325,0.85339,1.94,1.75
2016.03.22 15:45:22.190,0.85325,0.85339,1.94,2.25
2016.03.22 15:45:22.292,0.85326,0.85339,1.69,1.12
2016.03.22 15:45:23.091,0.85326,0.85338,1.50,1.00
2016.03.22 15:45:23.601,0.85326,0.8534,3.00,1.69
2016.03.22 15:45:26.467,0.85325,0.85339,3.75,1.82
2016.03.22 15:45:27.694,0.85326,0.8534,1.50,2.38
2016.03.22 15:45:30.219,0.85325,0.8534,3.00,1.63
2016.03.22 15:45:30.753,0.85325,0.85337,2.62,1.50
2016.03.22 15:45:31.862,0.85328,0.85337,1.50,1.37
2016.03.22 15:45:31.914,0.85328,0.85339,1.87,1.31
2016.03.22 15:45:31.965,0.8533,0.8534,1.12,1.62
2016.03.22 15:45:32.220,0.85328,0.85338,1.00,1.31
2016.03.22 15:45:32.324,0.85327,0.85338,1.00,2.44
2016.03.22 15:45:32.426,0.85323,0.85338,3.00,2.00
2016.03.22 15:45:32.478,0.85323,0.85334,1.87,1.19
2016.03.22 15:45:32.730,0.85316,0.8533,1.50,3.37
2016.03.22 15:45:34.256,0.8532,0.8533,1.00,3.75
2016.03.22 15:45:34.410,0.85328,0.85338,1.12,1.29
2016.03.22 15:45:34.462,0.85328,0.85338,2.25,1.19
2016.03.22 15:45:34.716,0.85331,0.8534,1.50,1.19
2016.03.22 15:45:35.187,0.85329,0.8534,1.12,1.31
2016.03.22 15:45:35.695,0.85327,0.8534,3.00,1.31
2016.03.22 15:45:36.928,0.85329,0.8534,1.12,1.31
2016.03.22 15:45:37.030,0.8533,0.8534,1.37,1.19
2016.03.22 15:45:37.335,0.85331,0.85337,1.00,1.19
2016.03.22 15:45:37.880,0.85329,0.85337,1.50,1.19
2016.03.22 15:45:39.085,0.85329,0.85341,1.50,2.06
2016.03.22 15:45:39.243,0.85333,0.85341,1.00,1.31
2016.03.22 15:45:39.649,0.85333,0.85342,1.12,1.00
2016.03.22 15:45:39.802,0.85334,0.85345,1.12,1.69
2016.03.22 15:45:40.322,0.85335,0.85346,1.12,1.31
2016.03.22 15:45:40.870,0.85337,0.85345,1.00,1.00
2016.03.22 15:45:40.974,0.85337,0.85348,1.00,2.81
2016.03.22 15:45:41.127,0.85337,0.85348,1.75,1.69
2016.03.22 15:45:41.537,0.85337,0.85346,1.00,1.31
2016.03.22 15:45:41.640,0.85335,0.85346,1.12,1.31
2016.03.22 15:45:41.946,0.85336,0.85346,1.50,1.31
2016.03.22 15:45:42.150,0.85335,0.85346,1.00,2.44
2016.03.22 15:45:42.650,0.85334,0.85348,2.25,2.42
2016.03.22 15:45:43.188,0.85334,0.85347,1.87,1.75
2016.03.22 15:45:43.406,0.85332,0.85345,1.50,1.50
2016.03.22 15:45:43.968,0.85334,0.85345,1.00,1.50
2016.03.22 15:45:44.523,0.85333,0.85345,1.12,1.50
2016.03.22 15:45:45.059,0.85334,0.85345,1.50,2.25
2016.03.22 15:45:45.609,0.85336,0.85345,1.00,1.87
2016.03.22 15:45:45.893,0.85334,0.85347,1.50,1.12
2016.03.22 15:45:47.219,0.85333,0.85347,1.75,1.56
2016.03.22 15:45:47.769,0.85334,0.85345,1.00,1.00
2016.03.22 15:45:48.281,0.85335,0.85345,1.00,1.00
2016.03.22 15:45:48.433,0.85335,0.85345,1.00,1.69
2016.03.22 15:45:49.442,0.85335,0.85346,1.87,1.69
2016.03.22 15:45:49.761,0.85335,0.85347,1.75,1.74
2016.03.22 15:45:50.269,0.85336,0.85347,1.12,2.57
2016.03.22 15:45:50.523,0.85333,0.85347,2.25,2.57
2016.03.22 15:45:52.141,0.85335,0.85345,1.00,1.25
2016.03.22 15:45:52.642,0.85334,0.85345,1.00,1.25
2016.03.22 15:45:53.149,0.85333,0.85346,1.12,1.94
2016.03.22 15:45:53.693,0.85333,0.85345,1.50,1.31
2016.03.22 15:45:54.200,0.85332,0.85344,1.50,1.12
2016.03.22 15:45:54.252,0.85332,0.85344,1.12,1.62
2016.03.22 15:45:55.276,0.85332,0.85342,1.00,1.31
2016.03.22 15:45:55.800,0.85331,0.85342,1.00,1.31
2016.03.22 15:45:56.381,0.85332,0.85342,1.00,1.31
2016.03.22 15:45:59.995,0.8533,0.85342,1.12,1.31
2016.03.22 15:46:00.808,0.85333,0.85342,1.00,1.31
2016.03.22 15:46:01.858,0.85333,0.8534,1.00,1.19
2016.03.22 15:46:01.909,0.85331,0.8534,1.00,1.19
2016.03.22 15:46:02.440,0.85332,0.8534,1.00,1.19
2016.03.22 15:46:02.897,0.85335,0.85341,1.00,1.19
2016.03.22 15:46:03.404,0.85334,0.85341,1.00,1.19
2016.03.22 15:46:03.938,0.85333,0.85341,1.00,1.19
2016.03.22 15:46:04.472,0.85333,0.8534,1.00,1.31
2016.03.22 15:46:04.814,0.85331,0.85338,1.12,1.19
2016.03.22 15:46:06.114,0.85332,0.85338,1.00,1.19
2016.03.22 15:46:06.630,0.8533,0.85338,1.50,1.19
2016.03.22 15:46:07.266,0.8533,0.85335,1.50,1.25
2016.03.22 15:46:07.368,0.85328,0.85333,1.50,1.25
2016.03.22 15:46:07.470,0.85325,0.85331,1.87,1.19
2016.03.22 15:46:07.728,0.85322,0.8533,1.37,1.19
2016.03.22 15:46:08.539,0.85322,0.8533,1.00,1.19
2016.03.22 15:46:08.590,0.85322,0.85332,1.00,1.31
2016.03.22 15:46:09.192,0.85322,0.85332,1.87,1.31
2016.03.22 15:46:10.449,0.85323,0.85331,1.00,1.19
2016.03.22 15:46:10.957,0.85324,0.85331,1.00,1.19
2016.03.22 15:46:11.161,0.85322,0.85331,1.00,1.19
2016.03.22 15:46:11.263,0.8532,0.85331,1.12,1.19
2016.03.22 15:46:11.771,0.85321,0.8533,1.00,1.19
2016.03.22 15:46:12.469,0.85322,0.8533,1.00,1.19
2016.03.22 15:46:12.520,0.85322,0.85332,1.00,2.06
2016.03.22 15:46:13.079,0.85322,0.85332,1.00,2.06
2016.03.22 15:46:15.834,0.85321,0.85329,1.37,1.69
2016.03.22 15:46:15.885,0.85319,0.85329,1.12,1.69
2016.03.22 15:46:16.693,0.85319,0.85327,1.00,1.19
2016.03.22 15:46:16.897,0.85317,0.85327,1.00,1.31
2016.03.22 15:46:17.568,0.85318,0.85325,1.00,1.19
2016.03.22 15:46:18.089,0.85318,0.85325,1.00,1.00
2016.03.22 15:46:18.592,0.85319,0.85325,1.00,1.00
2016.03.22 15:46:19.098,0.85318,0.85325,1.00,1.00
2016.03.22 15:46:19.618,0.85319,0.85325,1.00,1.00
2016.03.22 15:46:22.704,0.8532,0.85325,1.00,1.00
2016.03.22 15:46:23.211,0.8532,0.85328,1.00,2.44
2016.03.22 15:46:23.431,0.8532,0.85327,1.00,1.69
2016.03.22 15:46:23.937,0.85319,0.85327,1.00,1.69
2016.03.22 15:46:25.037,0.85318,0.85327,1.00,1.69
2016.03.22 15:46:25.793,0.85317,0.85327,1.00,1.69
2016.03.22 15:46:26.148,0.85315,0.85327,1.87,1.69
2016.03.22 15:46:29.760,0.85318,0.85327,1.00,1.69
2016.03.22 15:46:30.308,0.85315,0.85327,1.12,1.69
2016.03.22 15:46:30.460,0.85314,0.85323,1.00,1.19
2016.03.22 15:46:30.766,0.85316,0.85324,1.00,2.44
2016.03.22 15:46:34.265,0.85314,0.85323,1.00,1.56
2016.03.22 15:46:34.520,0.85314,0.85321,1.00,1.19
2016.03.22 15:46:35.028,0.85315,0.85322,1.00,1.31
2016.03.22 15:46:35.367,0.85317,0.85322,1.00,1.31
2016.03.22 15:46:35.570,0.85315,0.85322,1.00,1.19
2016.03.22 15:46:38.719,0.85315,0.85325,1.00,2.44
2016.03.22 15:46:39.275,0.85314,0.85325,1.00,2.44
2016.03.22 15:46:39.782,0.85313,0.85325,1.00,3.19
2016.03.22 15:46:40.416,0.85312,0.85325,1.12,3.19
2016.03.22 15:46:40.739,0.85314,0.85325,1.00,3.19
2016.03.22 15:46:42.244,0.85314,0.85323,1.00,1.19
2016.03.22 15:46:42.722,0.85316,0.85323,1.00,1.19
2016.03.22 15:46:43.177,0.85314,0.85323,1.00,1.19
2016.03.22 15:46:44.131,0.85314,0.85324,1.00,1.69
2016.03.22 15:46:44.831,0.85316,0.85324,1.00,2.44
2016.03.22 15:46:45.388,0.85314,0.85324,1.50,2.06
2016.03.22 15:46:45.643,0.85314,0.85325,1.50,1.37
2016.03.22 15:46:45.694,0.8532,0.85327,1.00,1.37
2016.03.22 15:46:45.746,0.85324,0.85329,1.00,2.25
2016.03.22 15:46:45.797,0.85324,0.85329,1.00,1.37
2016.03.22 15:46:46.002,0.85328,0.85333,1.00,1.69
2016.03.22 15:46:46.054,0.85325,0.85333,1.00,1.19
2016.03.22 15:46:46.207,0.85325,0.85334,1.00,1.25
2016.03.22 15:46:46.714,0.85322,0.85336,2.25,3.94
2016.03.22 15:46:47.257,0.85322,0.85336,2.25,3.19
2016.03.22 15:46:50.223,0.8532,0.85333,2.25,1.50
2016.03.22 15:46:50.274,0.8532,0.85333,2.25,1.75
2016.03.22 15:46:50.528,0.85318,0.85325,2.25,2.10
2016.03.22 15:46:50.731,0.85311,0.85325,1.50,6.04
2016.03.22 15:46:51.250,0.85308,0.85322,3.00,1.75
2016.03.22 15:46:51.757,0.8531,0.85323,1.00,1.94
2016.03.22 15:46:52.264,0.85309,0.8532,1.00,3.19
2016.03.22 15:46:52.869,0.85308,0.85319,1.00,1.31
2016.03.22 15:46:54.049,0.85308,0.85319,1.00,2.44
2016.03.22 15:46:56.731,0.85307,0.85315,1.00,1.31
2016.03.22 15:46:56.837,0.85303,0.85314,1.12,2.06
2016.03.22 15:46:56.889,0.85303,0.85311,1.12,1.19
2016.03.22 15:46:56.941,0.85301,0.85312,1.12,4.69
2016.03.22 15:46:57.044,0.853,0.8531,1.00,2.00
2016.03.22 15:46:57.354,0.85299,0.85307,1.00,1.94
2016.03.22 15:46:57.852,0.85301,0.85309,1.00,1.94
2016.03.22 15:46:58.780,0.853,0.85308,1.00,1.19
2016.03.22 15:46:59.316,0.853,0.85308,1.00,1.00
2016.03.22 15:47:00.510,0.85301,0.85308,1.00,1.00
2016.03.22 15:47:00.966,0.85303,0.85312,1.00,3.94
2016.03.22 15:47:01.474,0.85304,0.85312,1.00,1.94
2016.03.22 15:47:01.858,0.85305,0.85312,1.00,1.25
2016.03.22 15:47:02.164,0.85307,0.85314,1.00,1.69
2016.03.22 15:47:02.267,0.85305,0.85314,1.00,1.69
2016.03.22 15:47:02.779,0.85304,0.85314,1.00,1.69
2016.03.22 15:47:03.030,0.85304,0.85314,1.00,1.25
2016.03.22 15:47:03.532,0.85305,0.85314,1.00,1.25
2016.03.22 15:47:03.941,0.85312,0.85318,1.00,1.75
2016.03.22 15:47:04.215,0.85318,0.85326,1.00,2.10
2016.03.22 15:47:04.266,0.85317,0.85326,1.00,1.67
2016.03.22 15:47:05.132,0.8532,0.85327,1.00,3.79
2016.03.22 15:47:05.335,0.85309,0.85319,1.75,1.00
2016.03.22 15:47:05.387,0.85309,0.85317,1.37,1.37
2016.03.22 15:47:05.552,0.85305,0.85317,1.37,1.50
2016.03.22 15:47:06.265,0.85309,0.85317,1.00,1.00
2016.03.22 15:47:06.578,0.85312,0.85324,2.25,1.91
2016.03.22 15:47:06.782,0.85312,0.85321,1.00,1.00
2016.03.22 15:47:06.937,0.85307,0.85317,1.00,1.12
2016.03.22 15:47:06.989,0.85305,0.85317,1.12,1.37
2016.03.22 15:47:07.533,0.85306,0.85317,1.12,1.50
2016.03.22 15:47:07.708,0.85305,0.85319,2.25,3.04
2016.03.22 15:47:08.247,0.85305,0.85319,1.50,3.41
2016.03.22 15:47:08.501,0.85304,0.85317,1.12,1.75
2016.03.22 15:47:08.815,0.85306,0.85319,1.12,2.29
2016.03.22 15:47:09.120,0.85313,0.85323,1.00,1.00
2016.03.22 15:47:09.576,0.85313,0.85323,1.00,1.35
2016.03.22 15:47:09.779,0.85306,0.85319,1.50,1.50
2016.03.22 15:47:10.287,0.85306,0.85319,1.12,2.25
2016.03.22 15:47:10.551,0.85308,0.85319,1.00,1.75
2016.03.22 15:47:11.442,0.85307,0.85319,1.00,1.75
2016.03.22 15:47:11.595,0.85303,0.85317,1.75,2.25
2016.03.22 15:47:11.646,0.85303,0.85315,1.37,1.37
2016.03.22 15:47:11.697,0.85303,0.85313,1.00,1.00
2016.03.22 15:47:12.208,0.85302,0.85313,2.62,1.00
2016.03.22 15:47:12.719,0.85303,0.85313,1.00,1.00
2016.03.22 15:47:12.871,0.85303,0.85317,1.50,3.00
2016.03.22 15:47:16.267,0.853,0.85315,2.25,1.50
2016.03.22 15:47:16.405,0.853,0.85314,1.75,1.50
2016.03.22 15:47:16.507,0.853,0.85314,1.37,1.75
2016.03.22 15:47:17.582,0.85302,0.85314,1.00,1.75
2016.03.22 15:47:18.568,0.85301,0.85314,1.12,1.75
2016.03.22 15:47:20.670,0.85298,0.85312,1.75,4.54
2016.03.22 15:47:21.011,0.85297,0.85308,1.00,2.25
2016.03.22 15:47:21.062,0.85294,0.85307,1.75,1.91
2016.03.22 15:47:21.114,0.85294,0.85306,1.50,1.54
2016.03.22 15:47:21.521,0.85293,0.85307,3.00,1.72
2016.03.22 15:47:22.061,0.85297,0.85308,1.00,1.75
2016.03.22 15:47:22.113,0.85297,0.85308,1.50,1.00
2016.03.22 15:47:22.164,0.853,0.85308,1.00,1.00
2016.03.22 15:47:22.318,0.853,0.85312,1.12,1.50
2016.03.22 15:47:22.851,0.85301,0.85313,1.00,2.00
2016.03.22 15:47:23.402,0.85302,0.85313,1.00,2.00
2016.03.22 15:47:26.561,0.85303,0.85313,1.00,2.00
2016.03.22 15:47:27.569,0.85304,0.85312,1.00,1.00
2016.03.22 15:47:27.621,0.85304,0.85315,1.00,2.44
2016.03.22 15:47:28.403,0.85304,0.85313,1.00,1.37
2016.03.22 15:47:28.707,0.85304,0.85311,1.00,1.50
2016.03.22 15:47:29.057,0.85303,0.8531,1.00,2.25
2016.03.22 15:47:29.566,0.85301,0.85305,1.00,1.00
2016.03.22 15:47:30.080,0.853,0.85304,1.00,1.00
2016.03.22 15:47:30.422,0.85298,0.85304,1.00,1.75
2016.03.22 15:47:30.676,0.85295,0.85304,1.00,1.75
2016.03.22 15:47:30.985,0.85292,0.85303,1.00,1.50
2016.03.22 15:47:31.036,0.8529,0.85303,1.12,1.75
2016.03.22 15:47:31.443,0.85292,0.85303,1.00,2.25
2016.03.22 15:47:32.262,0.85292,0.85304,1.00,1.80
2016.03.22 15:47:32.788,0.85292,0.85303,1.00,1.50
2016.03.22 15:47:33.669,0.8529,0.85303,1.75,1.12
2016.03.22 15:47:34.441,0.85289,0.85303,2.25,2.25
2016.03.22 15:47:34.953,0.85289,0.85301,1.75,1.00
2016.03.22 15:47:35.759,0.85289,0.85301,1.00,2.25
2016.03.22 15:47:36.265,0.85288,0.85301,2.06,2.25
2016.03.22 15:47:36.468,0.85288,0.85301,2.06,2.25
2016.03.22 15:47:37.063,0.85287,0.85295,1.69,1.00
2016.03.22 15:47:37.580,0.85286,0.85295,2.06,1.00
2016.03.22 15:47:37.682,0.85289,0.85298,1.00,1.37
2016.03.22 15:47:37.834,0.85286,0.85297,1.50,1.12
2016.03.22 15:47:38.350,0.85286,0.85298,2.25,1.87
2016.03.22 15:47:39.771,0.85286,0.85298,2.25,1.50
2016.03.22 15:47:41.481,0.85286,0.853,2.25,1.50
2016.03.22 15:47:41.982,0.85286,0.853,2.25,1.50
2016.03.22 15:47:42.523,0.85286,0.85299,1.37,1.50
2016.03.22 15:47:43.031,0.85285,0.85299,1.50,1.50
2016.03.22 15:47:45.300,0.85287,0.85298,1.00,1.00
2016.03.22 15:47:49.058,0.85295,0.853,1.00,1.37
2016.03.22 15:47:49.109,0.85295,0.85303,1.87,1.75
2016.03.22 15:47:49.161,0.85301,0.85305,1.00,3.37
2016.03.22 15:47:49.212,0.85301,0.85305,1.00,1.00
2016.03.22 15:47:49.264,0.85301,0.85311,1.00,1.37
2016.03.22 15:47:49.417,0.85301,0.85311,1.50,1.00
2016.03.22 15:47:49.519,0.85301,0.85312,1.00,1.00
2016.03.22 15:47:49.621,0.85298,0.85312,1.87,1.50
2016.03.22 15:47:50.129,0.85298,0.8531,1.50,1.00
2016.03.22 15:47:50.180,0.85298,0.8531,1.50,1.00
2016.03.22 15:47:50.384,0.85297,0.85312,1.75,1.63
2016.03.22 15:47:50.895,0.85296,0.85312,3.00,1.63
2016.03.22 15:47:51.407,0.853,0.85311,1.00,1.00
2016.03.22 15:47:51.971,0.85299,0.85312,1.50,1.50
2016.03.22 15:47:54.430,0.85299,0.85312,1.75,1.91
2016.03.22 15:47:58.041,0.85299,0.85314,2.25,3.19
2016.03.22 15:47:58.618,0.85299,0.85312,2.25,2.06
2016.03.22 15:47:58.872,0.85297,0.8531,1.12,2.44
2016.03.22 15:47:59.393,0.85295,0.85309,1.50,2.44
2016.03.22 15:48:01.508,0.85296,0.85311,1.50,3.56
2016.03.22 15:48:01.993,0.853,0.85307,1.00,1.00
2016.03.22 15:48:02.095,0.853,0.85311,1.50,1.50
2016.03.22 15:48:02.603,0.853,0.85313,1.12,2.06
2016.03.22 15:48:03.369,0.85298,0.8531,1.00,1.00
2016.03.22 15:48:03.979,0.85298,0.85311,1.00,1.75
2016.03.22 15:48:05.181,0.85296,0.85311,1.87,4.50
2016.03.22 15:48:05.233,0.85296,0.85308,1.87,1.00
2016.03.22 15:48:05.780,0.85297,0.85309,1.00,1.50
2016.03.22 15:48:06.287,0.85298,0.85309,1.00,1.00
2016.03.22 15:48:07.681,0.85298,0.8531,1.00,2.62
2016.03.22 15:48:08.087,0.85296,0.85307,1.50,1.00
2016.03.22 15:48:08.345,0.85296,0.85308,1.50,1.75
2016.03.22 15:48:10.373,0.85295,0.85309,1.50,2.44
2016.03.22 15:48:14.077,0.85294,0.85309,1.50,2.81
2016.03.22 15:48:14.179,0.85294,0.85305,1.00,1.00
2016.03.22 15:48:15.316,0.85295,0.85305,1.00,1.00
2016.03.22 15:48:16.167,0.85295,0.85309,2.25,2.44
2016.03.22 15:48:16.269,0.85296,0.8531,1.12,3.86
2016.03.22 15:48:18.513,0.85296,0.85309,1.00,1.94
2016.03.22 15:48:19.027,0.85294,0.85308,2.25,1.94
2016.03.22 15:48:21.778,0.85295,0.85309,1.31,2.25
2016.03.22 15:48:22.499,0.85295,0.8531,1.94,3.67
2016.03.22 15:48:23.006,0.85297,0.85312,1.87,2.44
2016.03.22 15:48:24.901,0.85297,0.85308,1.50,1.00
2016.03.22 15:48:25.460,0.85297,0.85311,1.00,5.62
2016.03.22 15:48:26.006,0.85295,0.8531,3.94,1.75
2016.03.22 15:48:28.124,0.85295,0.8531,1.12,5.10
2016.03.22 15:48:28.176,0.85294,0.85305,1.00,1.50
2016.03.22 15:48:28.713,0.85293,0.85305,1.00,3.75
2016.03.22 15:48:29.242,0.85291,0.85305,2.25,2.25
2016.03.22 15:48:29.546,0.8529,0.85304,2.44,1.75
2016.03.22 15:48:29.648,0.8529,0.85301,1.00,1.00
2016.03.22 15:48:29.953,0.8529,0.85298,1.00,1.00
2016.03.22 15:48:30.054,0.8529,0.853,1.00,1.00
2016.03.22 15:48:30.759,0.85288,0.853,3.00,1.00
2016.03.22 15:48:31.528,0.85288,0.85302,1.50,3.00
2016.03.22 15:48:32.438,0.85288,0.85302,1.37,2.44
2016.03.22 15:48:32.941,0.85288,0.85302,1.12,2.44
2016.03.22 15:48:34.343,0.85289,0.85303,1.00,3.86
2016.03.22 15:48:38.854,0.85289,0.85302,1.12,2.00
2016.03.22 15:48:39.253,0.8529,0.85301,1.00,1.00
2016.03.22 15:48:39.758,0.8529,0.85303,1.50,1.67
2016.03.22 15:48:39.859,0.8529,0.85304,1.75,1.54
2016.03.22 15:48:40.164,0.85291,0.85306,1.50,1.94
2016.03.22 15:48:40.699,0.85291,0.85306,1.75,2.10
2016.03.22 15:48:43.926,0.85291,0.85302,1.75,1.19
2016.03.22 15:48:44.432,0.85289,0.85302,2.25,1.19
2016.03.22 15:48:44.939,0.85289,0.85302,2.25,1.69
2016.03.22 15:48:45.277,0.85288,0.85302,3.75,2.44
2016.03.22 15:48:45.379,0.85291,0.85302,1.00,2.44
2016.03.22 15:48:45.683,0.85288,0.85302,1.50,2.81
2016.03.22 15:48:46.186,0.85288,0.85302,2.62,2.06
2016.03.22 15:48:47.641,0.85289,0.85302,1.87,1.69
2016.03.22 15:48:48.037,0.85292,0.85301,1.50,1.19
2016.03.22 15:48:48.529,0.85292,0.85304,1.50,2.85
2016.03.22 15:48:50.489,0.85289,0.85304,1.75,4.54
2016.03.22 15:48:50.896,0.85288,0.85303,3.00,1.75
2016.03.22 15:48:51.100,0.85289,0.85302,1.12,2.00
2016.03.22 15:48:51.640,0.85288,0.85301,1.50,1.75
2016.03.22 15:48:52.156,0.85288,0.85302,1.12,3.79
2016.03.22 15:48:52.561,0.85289,0.85302,1.12,2.29
2016.03.22 15:48:53.082,0.85288,0.85302,1.00,2.10
2016.03.22 15:48:57.989,0.85288,0.85302,2.25,2.29
2016.03.22 15:49:00.386,0.85293,0.85303,1.00,2.44
2016.03.22 15:49:00.589,0.85296,0.85309,1.37,1.50
2016.03.22 15:49:00.691,0.85296,0.85309,1.75,1.50
2016.03.22 15:49:00.995,0.85297,0.85309,1.12,2.06
2016.03.22 15:49:01.891,0.85296,0.85308,1.12,1.69
2016.03.22 15:49:02.393,0.85296,0.85308,1.12,1.69
2016.03.22 15:49:03.702,0.85295,0.85309,2.25,1.94
2016.03.22 15:49:04.253,0.85295,0.85308,1.12,1.94
2016.03.22 15:49:05.213,0.85294,0.85307,1.87,2.44
2016.03.22 15:49:05.559,0.85291,0.85302,1.00,1.69
2016.03.22 15:49:06.066,0.85289,0.85302,1.50,1.69
2016.03.22 15:49:06.583,0.85289,0.85302,1.75,1.31
2016.03.22 15:49:08.417,0.8529,0.85302,2.25,1.56
2016.03.22 15:49:08.947,0.85288,0.85299,1.31,1.50
2016.03.22 15:49:09.100,0.85281,0.85292,2.44,1.00
2016.03.22 15:49:09.356,0.85281,0.85292,3.19,1.00
2016.03.22 15:49:09.914,0.85282,0.85295,1.31,1.75
2016.03.22 15:49:10.117,0.85281,0.85295,2.06,3.00
2016.03.22 15:49:10.626,0.85279,0.85293,2.44,1.00
2016.03.22 15:49:11.151,0.8528,0.85295,2.00,2.25
2016.03.22 15:49:12.328,0.85279,0.85295,3.19,3.75
2016.03.22 15:49:13.045,0.85281,0.85294,1.50,1.69
2016.03.22 15:49:14.772,0.85282,0.85296,1.69,1.35
2016.03.22 15:49:14.976,0.85284,0.85297,1.50,2.10
2016.03.22 15:49:15.501,0.85284,0.85296,1.69,1.30
2016.03.22 15:49:17.309,0.85283,0.85296,1.69,2.10
2016.03.22 15:49:17.672,0.85283,0.85294,1.00,1.00
2016.03.22 15:49:18.180,0.8528,0.85294,2.25,1.12
2016.03.22 15:49:19.218,0.8528,0.85294,3.75,2.25
2016.03.22 15:49:19.270,0.8528,0.85294,3.75,2.25
2016.03.22 15:49:19.818,0.8528,0.85294,3.00,2.32
2016.03.22 15:49:19.869,0.85283,0.85294,1.00,1.50
2016.03.22 15:49:20.263,0.85282,0.85295,1.75,1.69
2016.03.22 15:49:20.568,0.85282,0.85295,1.50,1.69
2016.03.22 15:49:21.873,0.85281,0.85295,1.75,1.50
2016.03.22 15:49:22.177,0.85282,0.85295,1.75,1.12
2016.03.22 15:49:23.799,0.85282,0.85294,1.75,1.00
2016.03.22 15:49:24.306,0.85282,0.85295,1.75,1.31
2016.03.22 15:49:25.244,0.85281,0.85295,2.25,1.69
2016.03.22 15:49:25.295,0.85282,0.85293,1.00,1.00
2016.03.22 15:49:27.468,0.85282,0.85293,1.00,1.19
2016.03.22 15:49:28.688,0.85281,0.85294,1.75,3.79
2016.03.22 15:49:29.914,0.85282,0.85293,1.75,1.35
2016.03.22 15:49:29.966,0.85286,0.85296,1.00,2.66
2016.03.22 15:49:30.491,0.85283,0.85297,3.75,2.10
2016.03.22 15:49:32.324,0.85284,0.85296,1.50,1.30
2016.03.22 15:49:34.451,0.85283,0.85296,4.50,1.30
2016.03.22 15:49:35.459,0.85284,0.85296,1.75,1.67
2016.03.22 15:49:38.466,0.85285,0.85298,1.75,1.54
2016.03.22 15:49:38.922,0.85284,0.85298,1.12,1.80
2016.03.22 15:49:39.771,0.85282,0.85296,1.50,2.00
2016.03.22 15:49:40.077,0.85276,0.85289,2.25,2.51
2016.03.22 15:49:40.619,0.85276,0.85289,2.25,2.89
2016.03.22 15:49:41.945,0.85275,0.85289,4.50,2.81
2016.03.22 15:49:42.986,0.85275,0.85288,1.37,2.44
2016.03.22 15:49:43.037,0.85275,0.85285,1.12,2.47
2016.03.22 15:49:43.140,0.85273,0.85287,1.50,2.44
2016.03.22 15:49:43.242,0.85275,0.85286,1.00,1.00
2016.03.22 15:49:43.400,0.85276,0.85289,1.75,1.50
2016.03.22 15:49:44.059,0.8528,0.85291,1.00,2.10
2016.03.22 15:49:47.394,0.85277,0.85291,1.75,1.35
2016.03.22 15:49:48.771,0.85277,0.85292,3.00,3.04
2016.03.22 15:49:49.299,0.85281,0.85292,1.00,2.10
2016.03.22 15:49:50.386,0.85276,0.85292,3.75,4.54
2016.03.22 15:49:50.906,0.85276,0.85291,2.25,1.72
2016.03.22 15:49:51.211,0.85277,0.85289,1.00,2.25
2016.03.22 15:49:55.334,0.85272,0.85289,4.69,4.12
2016.03.22 15:49:55.385,0.85275,0.85286,1.25,1.00
2016.03.22 15:49:55.740,0.8527,0.85285,1.94,1.50
2016.03.22 15:49:55.994,0.85269,0.85285,3.19,1.50
2016.03.22 15:49:56.508,0.85272,0.85285,1.00,1.75
2016.03.22 15:49:57.116,0.85269,0.85284,2.44,2.25
2016.03.22 15:49:57.499,0.8527,0.85285,2.00,1.87
2016.03.22 15:50:00.363,0.85273,0.85282,1.00,1.37
2016.03.22 15:50:00.414,0.85269,0.85282,1.50,1.50
2016.03.22 15:50:00.770,0.85265,0.8528,3.00,4.42
2016.03.22 15:50:00.821,0.85265,0.85278,1.75,1.30
2016.03.22 15:50:02.050,0.85264,0.85278,2.44,1.67
2016.03.22 15:50:05.561,0.85265,0.85277,1.00,1.00
2016.03.22 15:50:07.176,0.85262,0.85277,1.75,1.35
2016.03.22 15:50:07.278,0.85262,0.85277,1.75,1.67
2016.03.22 15:50:07.785,0.85262,0.85276,1.75,1.67
2016.03.22 15:50:08.348,0.8526,0.85276,4.69,2.10
2016.03.22 15:50:10.743,0.85263,0.85277,2.00,1.35
2016.03.22 15:50:10.844,0.85265,0.85277,1.00,1.35
2016.03.22 15:50:12.205,0.85267,0.85277,1.00,1.00
2016.03.22 15:50:12.755,0.85267,0.85279,1.37,1.50
2016.03.22 15:50:13.059,0.85267,0.85281,1.75,2.25
2016.03.22 15:50:13.464,0.8527,0.85283,3.00,1.75
2016.03.22 15:50:13.678,0.85274,0.85285,1.00,1.00
2016.03.22 15:50:13.988,0.85277,0.85286,1.00,1.00
2016.03.22 15:50:14.506,0.85275,0.85287,1.75,1.00
2016.03.22 15:50:14.822,0.85275,0.85287,1.50,1.12
2016.03.22 15:50:15.380,0.85272,0.85286,2.44,1.50
2016.03.22 15:50:18.914,0.85271,0.85284,3.19,1.50
2016.03.22 15:50:18.965,0.8527,0.85283,2.00,2.85
2016.03.22 15:50:19.067,0.85267,0.85281,1.69,2.10
2016.03.22 15:50:19.893,0.85267,0.85279,1.69,1.00
2016.03.22 15:50:19.944,0.85266,0.85279,1.94,1.00
2016.03.22 15:50:19.995,0.85266,0.85279,1.69,1.50
2016.03.22 15:50:20.324,0.85263,0.85277,1.94,2.25
2016.03.22 15:50:20.831,0.85266,0.85279,1.00,4.35
2016.03.22 15:50:20.882,0.85266,0.85279,1.37,2.85
2016.03.22 15:50:20.984,0.85265,0.85276,1.75,1.10
2016.03.22 15:50:21.086,0.85264,0.85275,1.00,1.10
2016.03.22 15:50:21.189,0.85262,0.85274,1.12,1.75
2016.03.22 15:50:21.973,0.85262,0.85273,1.50,1.00
2016.03.22 15:50:23.986,0.85265,0.85276,1.00,1.75
2016.03.22 15:50:24.088,0.85265,0.85277,1.50,1.67
2016.03.22 15:50:26.570,0.85265,0.85277,1.31,1.50
2016.03.22 15:50:26.672,0.85265,0.85277,1.25,3.75
2016.03.22 15:50:27.328,0.85262,0.85276,2.06,1.75
2016.03.22 15:50:28.985,0.85263,0.85274,1.19,1.00
2016.03.22 15:50:29.516,0.85262,0.85273,2.44,1.00
2016.03.22 15:50:29.837,0.85262,0.85275,1.31,3.00
2016.03.22 15:50:30.285,0.85261,0.85272,1.00,1.00
2016.03.22 15:50:32.534,0.85258,0.85269,1.00,1.00
2016.03.22 15:50:32.839,0.8526,0.85272,2.25,1.47
2016.03.22 15:50:35.422,0.85259,0.85271,1.00,1.00
2016.03.22 15:50:35.524,0.85256,0.8527,1.75,2.25
2016.03.22 15:50:35.626,0.85256,0.8527,1.50,1.50
2016.03.22 15:50:35.727,0.85256,0.8527,1.12,1.75
2016.03.22 15:50:36.133,0.85251,0.85266,1.75,2.25
2016.03.22 15:50:36.466,0.85251,0.85266,1.94,3.75
2016.03.22 15:50:38.824,0.8525,0.85264,2.44,1.87
2016.03.22 15:50:38.925,0.8525,0.85264,2.44,2.25
2016.03.22 15:50:39.250,0.8525,0.85264,2.44,1.87
2016.03.22 15:50:39.926,0.8525,0.85264,2.44,1.50
2016.03.22 15:50:40.028,0.8525,0.85264,2.44,1.12
2016.03.22 15:50:40.079,0.8525,0.85264,1.94,1.12
2016.03.22 15:50:40.613,0.85251,0.85263,1.19,1.00
2016.03.22 15:50:42.850,0.85251,0.85263,1.00,1.00
2016.03.22 15:50:44.670,0.85249,0.85264,2.00,2.25
2016.03.22 15:50:44.924,0.85249,0.85262,1.25,1.50
2016.03.22 15:50:45.533,0.85249,0.85264,1.69,3.00
2016.03.22 15:50:46.938,0.85249,0.85262,1.25,2.25
2016.03.22 15:50:49.761,0.8525,0.85261,1.00,1.00
2016.03.22 15:50:50.470,0.85251,0.85263,1.00,1.50
2016.03.22 15:50:52.972,0.85249,0.85263,1.12,2.89
2016.03.22 15:50:53.276,0.85242,0.85257,2.44,1.75
2016.03.22 15:50:53.479,0.8524,0.85254,1.94,1.12
2016.03.22 15:50:54.778,0.85239,0.85254,1.94,1.75
2016.03.22 15:50:55.286,0.85238,0.85254,2.51,2.25
2016.03.22 15:50:57.469,0.85239,0.85255,1.94,2.25
2016.03.22 15:50:57.874,0.8524,0.85255,1.76,2.25
2016.03.22 15:50:59.172,0.85238,0.85255,1.09,3.00
2016.03.22 15:50:59.595,0.85238,0.85255,2.59,3.00
2016.03.22 15:51:00.101,0.85243,0.85254,1.25,1.50
2016.03.22 15:51:00.407,0.85245,0.85254,1.75,1.00
2016.03.22 15:51:00.720,0.85246,0.85254,2.25,1.00
2016.03.22 15:51:00.771,0.85246,0.85262,3.19,2.85
2016.03.22 15:51:01.278,0.85246,0.8526,2.44,1.75
2016.03.22 15:51:01.329,0.85246,0.8526,1.69,1.75
2016.03.22 15:51:02.669,0.85248,0.85261,1.00,3.00
2016.03.22 15:51:03.214,0.85249,0.85262,1.00,2.25
2016.03.22 15:51:03.783,0.8525,0.85262,1.00,2.25
2016.03.22 15:51:04.369,0.85248,0.85261,1.00,2.25
2016.03.22 15:51:04.623,0.85248,0.85261,1.50,1.50
2016.03.22 15:51:08.886,0.85248,0.85261,1.00,1.50
2016.03.22 15:51:12.396,0.85252,0.85261,1.31,1.37
2016.03.22 15:51:12.448,0.85252,0.85263,2.81,1.00
2016.03.22 15:51:12.500,0.85254,0.85265,2.62,1.00
2016.03.22 15:51:12.653,0.85257,0.85271,1.75,1.12
2016.03.22 15:51:13.304,0.85259,0.85272,1.01,2.25
2016.03.22 15:51:14.635,0.85259,0.85274,3.26,2.25
2016.03.22 15:51:15.531,0.85261,0.85276,2.00,2.10
2016.03.22 15:51:15.633,0.85261,0.85276,3.94,1.72
2016.03.22 15:51:19.118,0.85265,0.85277,1.37,1.00
2016.03.22 15:51:19.330,0.85263,0.85278,1.69,1.75
2016.03.22 15:51:20.498,0.8526,0.85274,3.75,1.12
2016.03.22 15:51:20.549,0.85259,0.85274,1.75,1.50
2016.03.22 15:51:20.915,0.85259,0.85273,1.50,2.25
2016.03.22 15:51:20.966,0.85259,0.85271,1.12,2.25
2016.03.22 15:51:21.069,0.85254,0.85268,1.75,1.30
2016.03.22 15:51:21.170,0.85255,0.85265,1.00,1.00
2016.03.22 15:51:21.424,0.85259,0.85272,1.12,1.16
2016.03.22 15:51:21.567,0.85261,0.85274,1.12,1.94
2016.03.22 15:51:22.428,0.8526,0.85272,1.12,1.56
2016.03.22 15:51:26.995,0.85261,0.85273,1.00,1.69
2016.03.22 15:51:27.843,0.85261,0.85273,1.00,1.69
2016.03.22 15:51:28.249,0.85262,0.85275,1.37,1.50
2016.03.22 15:51:28.373,0.85262,0.85275,1.75,1.12
2016.03.22 15:51:29.137,0.85264,0.85275,1.12,1.31
2016.03.22 15:51:30.315,0.85262,0.85273,1.75,1.00
2016.03.22 15:51:30.467,0.85261,0.85273,1.00,2.25
2016.03.22 15:51:30.771,0.85256,0.85265,1.12,1.75
2016.03.22 15:51:30.902,0.85251,0.85265,1.00,2.25
2016.03.22 15:51:31.419,0.8525,0.85264,1.00,1.75
2016.03.22 15:51:31.977,0.85251,0.85264,1.00,1.75
2016.03.22 15:51:32.982,0.8525,0.85263,1.00,2.25
2016.03.22 15:51:33.889,0.85246,0.85261,1.95,3.19
2016.03.22 15:51:33.991,0.85245,0.85256,1.37,2.00
2016.03.22 15:51:34.042,0.85243,0.85256,1.37,2.00
2016.03.22 15:51:34.094,0.85242,0.85256,1.12,2.44
2016.03.22 15:51:34.603,0.85242,0.85254,1.00,1.69
2016.03.22 15:51:35.150,0.85241,0.85254,1.87,1.69
2016.03.22 15:51:35.657,0.85242,0.85257,1.50,2.44
2016.03.22 15:51:36.272,0.85242,0.85257,2.25,1.94
2016.03.22 15:51:36.475,0.85244,0.85255,1.00,1.25
2016.03.22 15:51:37.018,0.85245,0.85255,1.00,1.19
2016.03.22 15:51:37.221,0.85243,0.85256,1.20,1.94
2016.03.22 15:51:37.272,0.85243,0.85256,1.00,2.44
2016.03.22 15:51:37.775,0.85242,0.85256,1.00,2.44
2016.03.22 15:51:38.297,0.85241,0.85255,1.87,1.94
2016.03.22 15:51:39.389,0.85241,0.85255,1.75,1.94
2016.03.22 15:51:39.694,0.85243,0.85258,2.25,4.76
2016.03.22 15:51:39.796,0.85245,0.85258,1.50,1.94
2016.03.22 15:51:42.116,0.85247,0.85258,1.00,1.69
2016.03.22 15:51:42.372,0.85244,0.85255,1.50,1.00
2016.03.22 15:51:44.622,0.85244,0.85258,1.87,2.44
2016.03.22 15:51:44.673,0.85244,0.85258,2.25,1.69
2016.03.22 15:51:45.177,0.85244,0.85258,1.50,2.51
2016.03.22 15:51:48.913,0.85245,0.85254,1.00,1.00
2016.03.22 15:51:49.231,0.85242,0.85255,1.50,2.44
2016.03.22 15:51:49.536,0.85251,0.85263,1.00,3.94
2016.03.22 15:51:49.588,0.85251,0.85263,1.12,2.06
2016.03.22 15:51:49.841,0.85251,0.85263,1.12,2.06
2016.03.22 15:51:50.457,0.85249,0.85262,3.00,1.19
2016.03.22 15:51:50.965,0.8525,0.85263,1.50,2.44
2016.03.22 15:51:56.199,0.8525,0.85264,1.87,1.94
2016.03.22 15:51:57.016,0.8525,0.8526,1.00,1.50
2016.03.22 15:51:57.168,0.85245,0.85258,1.37,1.57
2016.03.22 15:51:57.219,0.85243,0.85257,1.12,3.00
2016.03.22 15:51:57.321,0.85242,0.85256,1.87,2.51
2016.03.22 15:51:57.740,0.85242,0.85254,1.50,1.75
2016.03.22 15:51:59.099,0.85241,0.85254,1.87,1.75
2016.03.22 15:52:05.313,0.85241,0.85255,1.12,1.75
2016.03.22 15:52:06.271,0.85243,0.85256,1.00,3.26
2016.03.22 15:52:06.576,0.85245,0.85257,1.00,1.50
2016.03.22 15:52:06.628,0.85245,0.85257,1.12,1.50
2016.03.22 15:52:06.730,0.85243,0.85257,2.70,1.75
2016.03.22 15:52:06.831,0.85244,0.85256,1.69,1.00
2016.03.22 15:52:06.933,0.85245,0.85258,2.25,1.75
2016.03.22 15:52:07.544,0.85245,0.8526,1.12,6.75
2016.03.22 15:52:10.661,0.85244,0.85255,1.00,1.00
2016.03.22 15:52:11.163,0.85242,0.85255,1.75,1.69
2016.03.22 15:52:14.142,0.85244,0.85255,1.50,1.00
2016.03.22 15:52:14.676,0.85244,0.85258,2.25,1.86
2016.03.22 15:52:21.181,0.85244,0.85256,1.00,3.19
2016.03.22 15:52:21.283,0.85238,0.85254,7.50,2.44
2016.03.22 15:52:21.436,0.85238,0.85253,3.37,2.51
2016.03.22 15:52:21.948,0.85238,0.8525,1.37,1.00
2016.03.22 15:52:29.092,0.8524,0.85253,1.00,3.00
2016.03.22 15:52:29.397,0.85245,0.85257,1.50,1.19
2016.03.22 15:52:30.081,0.85245,0.85259,1.50,3.04
2016.03.22 15:52:38.053,0.85248,0.85259,1.00,2.29
2016.03.22 15:52:38.486,0.85246,0.85259,1.12,2.29
2016.03.22 15:52:38.802,0.85246,0.85259,2.25,1.30
2016.03.22 15:52:39.107,0.85246,0.8526,3.00,1.60
2016.03.22 15:52:39.990,0.85247,0.8526,2.25,1.00
2016.03.22 15:52:40.497,0.85247,0.8526,1.75,1.50
2016.03.22 15:52:42.351,0.85247,0.85262,1.75,3.94
2016.03.22 15:52:43.596,0.85246,0.8526,2.25,1.00
2016.03.22 15:52:44.071,0.85248,0.85262,1.50,3.00
2016.03.22 15:52:44.578,0.8525,0.85264,1.75,3.19
2016.03.22 15:52:45.972,0.85252,0.85264,1.37,1.72
2016.03.22 15:52:46.277,0.85254,0.85268,2.25,1.12
2016.03.22 15:52:50.112,0.85254,0.85269,1.75,2.25
2016.03.22 15:52:50.615,0.85254,0.85269,1.50,3.00
2016.03.22 15:52:51.501,0.85256,0.85267,1.12,1.00
2016.03.22 15:52:51.704,0.85255,0.85269,4.50,1.00
2016.03.22 15:52:52.228,0.85255,0.85271,3.75,3.79
2016.03.22 15:52:52.577,0.85256,0.85271,1.50,4.54
2016.03.22 15:52:55.090,0.85255,0.85271,3.00,3.94
2016.03.22 15:52:55.394,0.85255,0.8527,3.75,1.37
2016.03.22 15:52:56.293,0.85258,0.85268,1.00,1.00
2016.03.22 15:52:56.548,0.85254,0.85268,2.25,1.12
2016.03.22 15:52:56.903,0.85254,0.85268,1.75,4.12
2016.03.22 15:52:57.705,0.85255,0.85267,1.00,1.56
2016.03.22 15:52:57.806,0.85251,0.85266,1.12,2.06
2016.03.22 15:52:57.858,0.85252,0.85264,1.00,1.00
2016.03.22 15:53:00.120,0.85252,0.85266,1.50,1.75
2016.03.22 15:53:00.272,0.85252,0.85267,1.87,1.85
2016.03.22 15:53:00.884,0.85254,0.85265,1.00,1.00
2016.03.22 15:53:02.854,0.85252,0.85267,2.62,1.85
2016.03.22 15:53:02.905,0.85253,0.85266,1.37,1.12
2016.03.22 15:53:02.957,0.85257,0.85268,1.00,2.62
2016.03.22 15:53:03.161,0.85261,0.85273,1.50,1.30
2016.03.22 15:53:03.650,0.85263,0.85275,1.00,1.00
2016.03.22 15:53:03.922,0.85263,0.85276,1.12,3.60
2016.03.22 15:53:08.141,0.85263,0.85276,1.12,1.35
2016.03.22 15:53:08.659,0.85262,0.85276,2.62,1.67
2016.03.22 15:53:09.224,0.85264,0.85276,1.00,1.35
2016.03.22 15:53:10.166,0.85262,0.85276,7.50,1.30
2016.03.22 15:53:10.520,0.85265,0.85278,1.75,1.00
2016.03.22 15:53:11.066,0.85265,0.85279,1.75,1.75
2016.03.22 15:53:11.270,0.85263,0.85279,3.90,1.75
2016.03.22 15:53:11.727,0.85266,0.85278,1.00,3.00
2016.03.22 15:53:11.829,0.85264,0.85278,1.00,3.75
2016.03.22 15:53:12.827,0.85263,0.85277,1.00,3.00
2016.03.22 15:53:13.336,0.85261,0.85276,1.87,1.75
2016.03.22 15:53:15.201,0.85261,0.85275,1.12,2.25
2016.03.22 15:53:15.708,0.85259,0.85275,2.81,1.75
2016.03.22 15:53:16.235,0.85262,0.85273,1.00,1.00
2016.03.22 15:53:16.738,0.85261,0.85272,1.00,1.00
2016.03.22 15:53:18.473,0.85262,0.85273,1.00,1.00
2016.03.22 15:53:19.701,0.85261,0.85273,1.00,1.00
2016.03.22 15:53:20.169,0.85259,0.85274,2.81,1.75
2016.03.22 15:53:20.271,0.85261,0.85273,1.00,1.00
2016.03.22 15:53:20.846,0.85258,0.85274,1.95,1.94
2016.03.22 15:53:21.758,0.8526,0.85272,1.00,2.47
2016.03.22 15:53:21.920,0.85258,0.8527,1.00,1.00
2016.03.22 15:53:23.162,0.85256,0.85272,4.76,3.04
2016.03.22 15:53:23.674,0.8526,0.85271,1.00,1.00
2016.03.22 15:53:24.783,0.85259,0.8527,1.00,1.00
2016.03.22 15:53:26.976,0.85256,0.85272,3.26,3.79
2016.03.22 15:53:27.078,0.85256,0.85271,1.95,3.19
2016.03.22 15:53:27.796,0.85254,0.8527,3.26,2.10
2016.03.22 15:53:30.951,0.85253,0.85267,2.44,2.61
2016.03.22 15:53:31.459,0.85253,0.85268,2.44,2.23
2016.03.22 15:53:31.808,0.85254,0.85269,1.75,1.82
2016.03.22 15:53:32.215,0.85254,0.85269,1.50,2.57
2016.03.22 15:53:32.569,0.85254,0.85268,2.00,1.00
2016.03.22 15:53:32.901,0.85253,0.85268,1.94,1.75
2016.03.22 15:53:33.429,0.85253,0.85268,1.75,1.69
2016.03.22 15:53:33.733,0.85251,0.85267,2.25,2.20
2016.03.22 15:53:34.166,0.85253,0.85266,2.25,1.00
2016.03.22 15:53:35.542,0.85253,0.85268,3.00,3.32
2016.03.22 15:53:35.593,0.85252,0.85266,1.75,2.61
2016.03.22 15:53:35.644,0.85251,0.85265,2.25,1.26
2016.03.22 15:53:35.747,0.85252,0.85263,1.00,2.23
2016.03.22 15:53:35.798,0.85251,0.85259,1.00,1.50
2016.03.22 15:53:35.900,0.85247,0.85256,1.00,1.00
2016.03.22 15:53:35.952,0.85245,0.85256,1.00,1.00
2016.03.22 15:53:36.105,0.85244,0.85258,1.12,2.76
2016.03.22 15:53:36.206,0.85244,0.85258,1.37,2.76
2016.03.22 15:53:36.736,0.85244,0.85259,2.06,1.07
2016.03.22 15:53:37.477,0.85244,0.85259,2.06,2.57
2016.03.22 15:53:37.889,0.85249,0.85258,1.87,1.37
2016.03.22 15:53:37.940,0.85249,0.8526,2.44,1.00
2016.03.22 15:53:38.042,0.85251,0.85262,1.25,1.00
2016.03.22 15:53:38.194,0.85251,0.85264,1.00,1.82
2016.03.22 15:53:38.503,0.85249,0.85262,1.37,2.23
2016.03.22 15:53:39.218,0.85247,0.85261,1.12,1.75
2016.03.22 15:53:39.269,0.85246,0.8526,1.69,1.67
2016.03.22 15:53:39.320,0.85246,0.8526,2.00,1.35
2016.03.22 15:53:39.625,0.85246,0.8526,1.69,2.23
2016.03.22 15:53:40.132,0.85247,0.85258,1.50,1.00
2016.03.22 15:53:40.667,0.85247,0.85259,1.50,1.00
2016.03.22 15:53:41.192,0.85247,0.85258,1.50,1.00
2016.03.22 15:53:43.198,0.85247,0.85259,1.00,1.75
2016.03.22 15:53:43.446,0.85244,0.85256,1.50,1.50
2016.03.22 15:53:43.497,0.85242,0.85254,1.37,1.00
2016.03.22 15:53:46.241,0.85242,0.85256,1.37,3.13
2016.03.22 15:53:46.495,0.85243,0.85256,1.00,4.63
2016.03.22 15:53:47.004,0.85242,0.85256,1.12,3.88
2016.03.22 15:53:47.803,0.85243,0.85255,1.00,1.75
2016.03.22 15:53:50.139,0.85243,0.85255,1.50,1.93
2016.03.22 15:53:51.638,0.85242,0.85255,1.75,1.18
2016.03.22 15:53:52.165,0.85242,0.85256,1.75,1.12
2016.03.22 15:53:58.263,0.85242,0.85257,1.75,2.57
2016.03.22 15:53:59.780,0.85241,0.85254,1.75,1.00
2016.03.22 15:54:00.185,0.8524,0.85253,3.75,1.42
2016.03.22 15:54:00.514,0.85239,0.85249,1.50,1.00
2016.03.22 15:54:00.667,0.85241,0.85253,1.75,1.54
2016.03.22 15:54:00.769,0.85242,0.85253,1.75,1.05
2016.03.22 15:54:01.176,0.85243,0.85257,1.75,4.54
2016.03.22 15:54:01.927,0.85243,0.85257,1.75,4.91
2016.03.22 15:54:03.986,0.85241,0.85255,1.75,1.12
2016.03.22 15:54:04.500,0.85244,0.85255,1.00,1.19
2016.03.22 15:54:10.057,0.85244,0.85255,1.00,1.19
2016.03.22 15:54:12.262,0.85244,0.85255,1.00,1.19
2016.03.22 15:54:15.176,0.85242,0.85255,1.75,1.31
2016.03.22 15:54:15.777,0.85245,0.85256,1.00,1.01
2016.03.22 15:54:20.237,0.85244,0.85256,1.12,1.69
2016.03.22 15:54:20.288,0.85243,0.85255,1.50,2.06
2016.03.22 15:54:21.931,0.85243,0.85254,1.00,1.19
2016.03.22 15:54:22.499,0.85243,0.85254,1.00,1.19
2016.03.22 15:54:23.838,0.85239,0.85252,1.75,2.47
2016.03.22 15:54:23.939,0.85238,0.8525,1.31,2.10
2016.03.22 15:54:24.092,0.85234,0.85248,1.94,1.75
2016.03.22 15:54:24.607,0.85232,0.85245,1.94,1.12
2016.03.22 15:54:25.903,0.85232,0.85244,1.00,1.00
2016.03.22 15:54:27.690,0.85231,0.85244,2.44,1.12
2016.03.22 15:54:27.893,0.85234,0.85247,1.50,1.37
2016.03.22 15:54:28.047,0.85235,0.85249,2.25,1.57
2016.03.22 15:54:28.518,0.85236,0.8525,2.00,1.87
2016.03.22 15:54:28.620,0.85236,0.85251,2.44,2.92
2016.03.22 15:54:30.373,0.85238,0.85251,1.00,4.42
2016.03.22 15:54:30.916,0.85237,0.85246,1.00,1.00
2016.03.22 15:54:32.601,0.85236,0.85246,1.25,1.00
2016.03.22 15:54:34.752,0.85234,0.85244,1.82,1.00
2016.03.22 15:54:34.803,0.85233,0.85244,2.25,1.00
2016.03.22 15:54:34.854,0.85233,0.85242,1.00,1.67
2016.03.22 15:54:34.905,0.85228,0.85241,1.87,1.50
2016.03.22 15:54:34.957,0.85226,0.85241,2.95,2.25
2016.03.22 15:54:35.059,0.85228,0.85241,1.82,1.37
2016.03.22 15:54:35.365,0.85239,0.8525,1.00,3.60
2016.03.22 15:54:35.417,0.85239,0.8525,1.00,1.50
2016.03.22 15:54:35.684,0.85239,0.8525,1.00,1.69
2016.03.22 15:54:35.838,0.85236,0.85248,1.00,1.25
2016.03.22 15:54:37.922,0.85236,0.8525,1.50,2.44
2016.03.22 15:54:38.473,0.85236,0.85252,2.44,4.35
2016.03.22 15:54:38.974,0.85238,0.85252,1.00,4.35
2016.03.22 15:54:39.963,0.85238,0.85248,1.00,1.30
2016.03.22 15:54:41.326,0.85235,0.85248,1.75,1.30
2016.03.22 15:54:41.833,0.85233,0.85249,2.44,2.10
2016.03.22 15:54:42.037,0.85233,0.85247,2.44,1.00
2016.03.22 15:54:42.586,0.85234,0.85248,1.69,1.35
2016.03.22 15:54:43.142,0.85235,0.85247,1.62,1.00
2016.03.22 15:54:44.246,0.85235,0.8525,1.25,4.35
2016.03.22 15:54:45.322,0.85233,0.85243,2.25,1.00
2016.03.22 15:54:45.474,0.85231,0.85242,1.12,2.29
2016.03.22 15:54:45.526,0.85231,0.85237,1.12,2.10
2016.03.22 15:54:45.577,0.85229,0.85237,1.00,2.47
2016.03.22 15:54:45.628,0.85229,0.85237,1.00,3.22
2016.03.22 15:54:45.730,0.85222,0.85237,1.50,5.10
2016.03.22 15:54:45.940,0.85223,0.85237,1.12,4.72
2016.03.22 15:54:45.992,0.85231,0.85241,1.00,2.66
2016.03.22 15:54:46.147,0.85231,0.85245,1.75,4.35
2016.03.22 15:54:46.656,0.85231,0.85245,1.75,3.04
2016.03.22 15:54:46.707,0.85231,0.85244,1.75,1.31
2016.03.22 15:54:47.642,0.8523,0.85244,1.75,1.69
2016.03.22 15:54:48.624,0.85228,0.85238,3.00,1.50
2016.03.22 15:54:48.778,0.85224,0.85235,1.12,1.31
2016.03.22 15:54:48.982,0.85223,0.85234,1.50,1.25
2016.03.22 15:54:49.760,0.85221,0.85235,1.12,2.44
2016.03.22 15:54:50.348,0.85221,0.85235,1.50,3.19
2016.03.22 15:54:51.324,0.85219,0.85231,3.00,1.19
2016.03.22 15:54:52.977,0.85219,0.85231,1.75,1.69
2016.03.22 15:54:53.524,0.85218,0.85231,1.85,1.19
2016.03.22 15:54:53.985,0.85217,0.85231,3.45,1.31
2016.03.22 15:54:54.781,0.85221,0.85232,1.00,1.69
2016.03.22 15:55:01.668,0.85219,0.8523,1.00,1.31
2016.03.22 15:55:03.316,0.85217,0.85228,1.00,1.54
2016.03.22 15:55:03.421,0.85217,0.85225,1.00,1.19
2016.03.22 15:55:03.472,0.85214,0.85225,1.50,1.19
2016.03.22 15:55:03.624,0.85214,0.85227,1.50,1.69
2016.03.22 15:55:03.726,0.85214,0.85226,1.50,1.31
2016.03.22 15:55:04.280,0.85214,0.85227,2.25,1.69
2016.03.22 15:55:05.220,0.85214,0.85227,2.25,1.31
2016.03.22 15:55:07.619,0.85214,0.85227,1.75,1.31
2016.03.22 15:55:08.018,0.85215,0.85226,1.00,3.41
2016.03.22 15:55:08.221,0.85212,0.85224,1.50,1.69
2016.03.22 15:55:08.424,0.85212,0.85226,1.87,4.54
2016.03.22 15:55:08.577,0.85213,0.85226,1.12,4.54
2016.03.22 15:55:09.303,0.85214,0.85226,1.00,3.79
2016.03.22 15:55:09.405,0.85214,0.85227,1.75,1.56
2016.03.22 15:55:15.324,0.85217,0.8523,1.50,1.37
2016.03.22 15:55:15.426,0.85219,0.85231,1.12,1.16
2016.03.22 15:55:16.037,0.85217,0.85231,1.75,2.66
2016.03.22 15:55:16.139,0.85216,0.8523,1.50,3.79
2016.03.22 15:55:16.680,0.85216,0.85228,1.50,1.12
2016.03.22 15:55:17.101,0.85216,0.85228,1.75,1.12
2016.03.22 15:55:19.010,0.85219,0.8523,1.00,1.50
2016.03.22 15:55:24.958,0.8522,0.8523,1.00,1.00
2016.03.22 15:55:25.161,0.85222,0.85235,1.00,4.54
2016.03.22 15:55:25.314,0.85224,0.85236,1.00,1.69
2016.03.22 15:55:25.850,0.85222,0.85237,2.25,1.54
2016.03.22 15:55:26.357,0.8522,0.85235,3.07,1.69
2016.03.22 15:55:28.234,0.8522,0.85235,3.07,2.00
2016.03.22 15:55:28.812,0.8522,0.85235,2.32,1.69
2016.03.22 15:55:30.141,0.8522,0.85233,1.85,1.31
2016.03.22 15:55:30.243,0.8522,0.85231,1.50,1.25
2016.03.22 15:55:30.446,0.8522,0.85229,1.00,1.00
2016.03.22 15:55:30.649,0.85217,0.85231,1.12,2.00
2016.03.22 15:55:34.563,0.85217,0.85231,1.50,1.75
2016.03.22 15:55:34.969,0.85217,0.85233,3.90,2.00
2016.03.22 15:55:35.486,0.8522,0.85235,1.87,4.35
2016.03.22 15:55:35.853,0.85221,0.85236,1.50,2.25
2016.03.22 15:55:36.360,0.85222,0.85236,1.87,2.10
2016.03.22 15:55:36.513,0.85229,0.85238,1.69,2.25
2016.03.22 15:55:36.759,0.85234,0.85242,1.00,1.00
2016.03.22 15:55:36.810,0.85233,0.85247,1.12,1.75
2016.03.22 15:55:37.339,0.85234,0.85245,1.00,1.00
2016.03.22 15:55:37.907,0.85235,0.85245,1.00,1.00
2016.03.22 15:55:38.914,0.85234,0.85245,1.00,1.00
2016.03.22 15:55:39.425,0.85234,0.85248,1.12,2.00
2016.03.22 15:55:41.359,0.85236,0.85248,2.00,1.50
2016.03.22 15:55:41.564,0.85244,0.85257,1.75,1.87
2016.03.22 15:55:42.076,0.85243,0.85256,1.31,1.67
2016.03.22 15:55:42.128,0.85245,0.85256,1.00,1.67
2016.03.22 15:55:42.683,0.85245,0.85257,1.50,1.72
2016.03.22 15:55:44.008,0.85245,0.85256,1.00,1.30
2016.03.22 15:55:44.585,0.85245,0.85256,1.50,1.30
2016.03.22 15:55:44.991,0.85242,0.85255,1.00,1.75
2016.03.22 15:55:45.295,0.8524,0.85254,2.62,2.10
2016.03.22 15:55:45.507,0.8524,0.85253,2.25,1.75
2016.03.22 15:55:46.979,0.85241,0.85254,1.12,2.25
2016.03.22 15:55:47.578,0.85241,0.8525,1.00,2.10
2016.03.22 15:55:47.629,0.85239,0.85248,1.20,1.00
2016.03.22 15:55:47.680,0.85239,0.85248,1.00,1.75
2016.03.22 15:55:47.833,0.85233,0.85248,1.50,3.75
2016.03.22 15:55:49.558,0.85232,0.85246,1.37,1.75
2016.03.22 15:55:49.761,0.8523,0.85245,2.25,5.25
2016.03.22 15:55:49.863,0.8523,0.85243,1.12,1.50
2016.03.22 15:55:50.269,0.8523,0.85242,1.12,3.75
2016.03.22 15:55:55.761,0.85231,0.85241,1.00,2.25
2016.03.22 15:55:56.724,0.8523,0.85241,1.25,3.00
2016.03.22 15:55:56.928,0.85228,0.85237,1.00,1.12
2016.03.22 15:55:56.979,0.85228,0.85237,1.00,1.37
2016.03.22 15:55:57.081,0.85225,0.85238,1.69,3.75
2016.03.22 15:55:59.020,0.85223,0.85235,1.00,1.50
2016.03.22 15:55:59.072,0.85221,0.85232,3.00,1.00
2016.03.22 15:55:59.174,0.8522,0.85232,1.31,3.00
2016.03.22 15:55:59.225,0.85219,0.85231,1.19,1.75
2016.03.22 15:55:59.627,0.85218,0.85229,1.19,1.75
2016.03.22 15:56:00.202,0.85217,0.85229,1.31,1.50
2016.03.22 15:56:01.525,0.85217,0.85229,1.19,2.25
2016.03.22 15:56:01.728,0.85219,0.85228,1.19,1.00
2016.03.22 15:56:02.240,0.85218,0.85227,1.19,1.00
2016.03.22 15:56:03.043,0.8522,0.85232,1.69,1.75
2016.03.22 15:56:03.575,0.85219,0.85231,1.19,1.75
2016.03.22 15:56:03.677,0.85218,0.85228,1.50,1.00
2016.03.22 15:56:04.186,0.85218,0.8523,1.12,1.50
2016.03.22 15:56:04.501,0.85218,0.8523,1.00,3.75
2016.03.22 15:56:05.105,0.85216,0.8523,1.12,5.25
2016.03.22 15:56:05.410,0.85218,0.85229,1.00,2.25
2016.03.22 15:56:06.044,0.85218,0.85231,1.00,1.75
2016.03.22 15:56:07.276,0.85217,0.85228,1.25,1.50
2016.03.22 15:56:07.328,0.85215,0.85226,1.12,1.12
2016.03.22 15:56:07.430,0.85212,0.85225,1.69,1.50
2016.03.22 15:56:07.938,0.8521,0.85225,3.19,1.75
2016.03.22 15:56:08.480,0.85213,0.85225,1.12,1.50
2016.03.22 15:56:08.908,0.85213,0.85225,2.06,1.50
2016.03.22 15:56:09.112,0.85217,0.85233,3.19,3.22
2016.03.22 15:56:09.214,0.85219,0.85233,1.31,2.10
2016.03.22 15:56:09.759,0.85222,0.85232,1.00,1.00
2016.03.22 15:56:11.542,0.85222,0.85236,1.12,2.10
2016.03.22 15:56:11.644,0.85224,0.85236,1.00,2.10
2016.03.22 15:56:11.848,0.85223,0.85237,1.94,1.00
2016.03.22 15:56:12.197,0.85233,0.85247,1.75,2.10
2016.03.22 15:56:12.834,0.85234,0.85248,1.75,1.12
2016.03.22 15:56:16.904,0.85234,0.85248,1.75,1.31
2016.03.22 15:56:17.446,0.85233,0.85248,3.19,1.12
2016.03.22 15:56:18.263,0.85233,0.85246,1.94,1.00
2016.03.22 15:56:21.973,0.85232,0.85246,2.25,1.80
2016.03.22 15:56:25.285,0.85236,0.85246,1.00,1.42
2016.03.22 15:56:27.737,0.85236,0.85247,1.00,2.10
2016.03.22 15:56:33.015,0.85236,0.85246,1.00,1.00
2016.03.22 15:56:34.099,0.85232,0.85246,2.00,1.12
2016.03.22 15:56:34.252,0.85231,0.85245,2.32,1.19
2016.03.22 15:56:34.455,0.85228,0.85242,1.75,1.95
2016.03.22 15:56:34.658,0.85228,0.85241,1.12,2.10
2016.03.22 15:56:34.963,0.85222,0.85237,2.57,1.75
2016.03.22 15:56:36.404,0.85221,0.85235,2.44,1.75
2016.03.22 15:56:36.705,0.8522,0.8523,1.12,1.37
2016.03.22 15:56:36.807,0.85218,0.85228,1.50,1.12
2016.03.22 15:56:36.909,0.85218,0.85228,1.00,1.75
2016.03.22 15:56:37.432,0.85217,0.85228,1.00,1.75
2016.03.22 15:56:38.557,0.85218,0.85229,1.00,2.25
2016.03.22 15:56:38.608,0.85218,0.85229,1.00,1.75
2016.03.22 15:56:39.653,0.85219,0.85229,1.50,1.50
2016.03.22 15:56:39.705,0.85219,0.85231,1.50,1.75
2016.03.22 15:56:41.630,0.85218,0.85229,1.12,1.12
2016.03.22 15:56:41.681,0.85218,0.85229,1.00,2.25
2016.03.22 15:56:41.833,0.85216,0.85229,1.87,1.75
2016.03.22 15:56:43.928,0.85214,0.85226,1.12,1.50
2016.03.22 15:56:45.334,0.85218,0.85226,1.25,1.50
2016.03.22 15:56:45.389,0.85218,0.85229,1.25,1.50
2016.03.22 15:56:45.491,0.8522,0.85231,1.00,1.75
2016.03.22 15:56:45.797,0.85224,0.85236,1.00,1.69
2016.03.22 15:56:46.572,0.85223,0.85236,1.87,1.69
2016.03.22 15:56:47.864,0.85221,0.85234,2.25,1.00
2016.03.22 15:56:48.117,0.85221,0.85232,1.87,1.69
2016.03.22 15:56:48.424,0.85213,0.85225,2.06,1.75
2016.03.22 15:56:48.526,0.85216,0.85227,1.50,1.50
2016.03.22 15:56:48.728,0.85212,0.85225,2.81,1.12
2016.03.22 15:56:50.566,0.85212,0.85227,1.50,3.00
2016.03.22 15:56:50.618,0.85212,0.85223,1.12,1.87
2016.03.22 15:56:50.936,0.8521,0.8522,1.31,1.37
2016.03.22 15:56:54.657,0.8521,0.8522,1.57,1.00
2016.03.22 15:56:55.179,0.8521,0.8522,1.95,1.00
2016.03.22 15:56:57.335,0.8521,0.85222,1.57,1.50
2016.03.22 15:56:59.188,0.8521,0.85222,1.00,1.50
2016.03.22 15:56:59.840,0.8521,0.85222,1.87,1.00
2016.03.22 15:57:00.360,0.85212,0.85222,1.10,1.00
2016.03.22 15:57:01.691,0.85213,0.85222,1.00,1.00
2016.03.22 15:57:02.346,0.85211,0.85223,1.87,1.12
2016.03.22 15:57:03.586,0.85211,0.85223,1.50,1.50
2016.03.22 15:57:04.095,0.85211,0.85223,1.50,1.50
2016.03.22 15:57:04.146,0.85211,0.85225,3.00,3.00
2016.03.22 15:57:04.248,0.85213,0.85225,1.00,1.75
2016.03.22 15:57:04.300,0.85213,0.85224,1.00,1.00
2016.03.22 15:57:04.554,0.8521,0.85223,2.70,1.50
2016.03.22 15:57:04.859,0.8521,0.85223,1.10,1.75
2016.03.22 15:57:05.163,0.85215,0.85224,2.06,1.50
2016.03.22 15:57:05.316,0.85219,0.85231,2.25,1.37
2016.03.22 15:57:05.478,0.85221,0.85234,1.00,3.04
2016.03.22 15:57:06.189,0.85221,0.85234,1.37,1.31
2016.03.22 15:57:06.291,0.85221,0.85234,1.37,1.12
2016.03.22 15:57:06.481,0.85223,0.85234,1.87,1.00
2016.03.22 15:57:06.584,0.85225,0.85237,1.00,1.12
2016.03.22 15:57:06.686,0.85225,0.85239,1.20,2.66
2016.03.22 15:57:07.559,0.85229,0.85241,1.12,3.94
2016.03.22 15:57:07.610,0.85232,0.85241,1.00,1.50
2016.03.22 15:57:07.712,0.85232,0.85244,1.12,2.47
2016.03.22 15:57:08.017,0.85232,0.85244,1.12,3.22
2016.03.22 15:57:08.323,0.8523,0.85244,1.50,2.85
2016.03.22 15:57:10.284,0.85229,0.85244,1.46,2.85
2016.03.22 15:57:14.851,0.85228,0.85241,1.62,1.12
2016.03.22 15:57:18.958,0.85231,0.85244,1.00,2.25
2016.03.22 15:57:19.502,0.85231,0.85244,1.12,2.25
2016.03.22 15:57:20.073,0.85232,0.85244,1.12,1.75
2016.03.22 15:57:20.625,0.85232,0.85243,1.50,1.00
2016.03.22 15:57:22.267,0.8523,0.85244,1.57,1.75
2016.03.22 15:57:25.946,0.8523,0.85244,3.19,1.75
2016.03.22 15:57:30.386,0.85232,0.85244,1.00,1.12
2016.03.22 15:57:32.623,0.8523,0.85242,1.12,1.00
2016.03.22 15:57:33.032,0.8523,0.85244,1.12,1.31
2016.03.22 15:57:33.691,0.85229,0.85239,2.40,1.50
2016.03.22 15:57:33.978,0.85224,0.85237,1.37,2.01
2016.03.22 15:57:34.183,0.85221,0.85235,1.76,2.98
2016.03.22 15:57:34.487,0.85218,0.85233,2.70,1.93
2016.03.22 15:57:35.099,0.85218,0.8523,1.10,1.69
2016.03.22 15:57:35.558,0.85215,0.85228,2.25,2.10
2016.03.22 15:57:35.935,0.85216,0.8523,1.75,4.54
2016.03.22 15:57:36.445,0.85218,0.8523,1.00,2.25
2016.03.22 15:57:37.491,0.85217,0.85229,1.50,3.22
2016.03.22 15:57:37.695,0.85216,0.85227,1.00,1.69
2016.03.22 15:57:37.796,0.85212,0.85225,1.87,1.00
2016.03.22 15:57:38.000,0.8521,0.85224,1.00,1.75
2016.03.22 15:57:38.300,0.8521,0.85218,1.00,1.00
2016.03.22 15:57:38.808,0.85206,0.85218,2.70,1.00
2016.03.22 15:57:39.677,0.85206,0.85219,4.20,1.12
2016.03.22 15:57:40.714,0.85206,0.85218,1.12,1.00
2016.03.22 15:57:41.719,0.85206,0.85219,1.87,1.87
2016.03.22 15:57:42.504,0.85206,0.85219,3.37,1.12
2016.03.22 15:57:42.606,0.85206,0.85219,1.87,1.12
2016.03.22 15:57:43.147,0.85205,0.85219,4.12,1.72
2016.03.22 15:57:43.199,0.85205,0.85218,1.87,1.30
2016.03.22 15:57:43.431,0.85206,0.85219,1.75,1.60
2016.03.22 15:57:43.540,0.85206,0.85221,1.75,3.19
2016.03.22 15:57:44.148,0.8521,0.85224,1.37,4.69
2016.03.22 15:57:44.199,0.85213,0.85224,1.00,3.19
2016.03.22 15:57:44.250,0.85213,0.85224,1.69,2.25
2016.03.22 15:57:44.301,0.85216,0.85224,1.37,1.00
2016.03.22 15:57:44.352,0.85216,0.8523,1.87,2.10
2016.03.22 15:57:44.531,0.85216,0.8523,1.95,1.72
2016.03.22 15:57:45.090,0.85217,0.8523,1.85,1.35
2016.03.22 15:57:45.395,0.85221,0.85232,1.37,1.12
2016.03.22 15:57:45.913,0.85221,0.85234,1.31,3.60
2016.03.22 15:57:47.965,0.85221,0.85227,1.57,2.29
2016.03.22 15:57:48.016,0.8522,0.85227,1.00,2.29
2016.03.22 15:57:48.118,0.85218,0.85223,1.00,1.00
2016.03.22 15:57:48.321,0.8521,0.85222,1.50,1.75
2016.03.22 15:57:48.834,0.85207,0.85221,3.00,1.50
2016.03.22 15:57:49.430,0.85208,0.85222,1.31,1.87
2016.03.22 15:57:49.754,0.8521,0.85224,1.20,2.62
2016.03.22 15:57:49.805,0.8521,0.85224,3.52,1.87
2016.03.22 15:57:50.109,0.85213,0.85227,1.94,1.37
2016.03.22 15:57:50.313,0.85218,0.85231,1.12,1.50
2016.03.22 15:57:50.622,0.85221,0.85233,1.69,1.00
2016.03.22 15:57:50.927,0.85221,0.85234,1.20,3.00
2016.03.22 15:57:51.079,0.85222,0.85235,2.06,1.12
2016.03.22 15:57:51.538,0.85223,0.85235,1.20,1.12
2016.03.22 15:57:52.053,0.85223,0.85236,1.39,1.12
2016.03.22 15:57:53.722,0.85224,0.85239,1.09,2.62
2016.03.22 15:57:53.925,0.85227,0.85241,1.31,1.87
2016.03.22 15:57:54.428,0.85227,0.85241,2.06,1.87
2016.03.22 15:57:54.742,0.85227,0.85238,1.31,1.00
2016.03.22 15:57:54.843,0.85227,0.85238,1.62,1.00
2016.03.22 15:57:54.895,0.85227,0.85237,1.37,1.19
2016.03.22 15:57:55.150,0.85221,0.85235,1.85,4.91
2016.03.22 15:57:55.252,0.85219,0.85231,1.50,1.00
2016.03.22 15:57:55.384,0.85217,0.85229,3.19,1.65
2016.03.22 15:57:55.436,0.85216,0.85227,1.00,3.56
2016.03.22 15:57:55.487,0.8521,0.85225,1.87,1.69
2016.03.22 15:57:55.538,0.8521,0.85223,1.87,1.37
2016.03.22 15:57:55.641,0.85208,0.8522,1.25,1.37
2016.03.22 15:57:55.897,0.85209,0.85223,1.37,1.60
2016.03.22 15:57:56.175,0.85209,0.85224,2.62,1.16
2016.03.22 15:57:56.684,0.85209,0.85225,1.87,3.41
2016.03.22 15:57:56.786,0.8521,0.85225,1.50,1.35
2016.03.22 15:57:57.682,0.85211,0.85226,1.62,1.85
2016.03.22 15:57:58.394,0.85213,0.85227,1.00,2.85
2016.03.22 15:57:58.714,0.85214,0.85227,1.00,1.00
2016.03.22 15:57:58.918,0.85215,0.8523,1.00,2.14
2016.03.22 15:57:59.070,0.85218,0.8523,1.00,1.50
2016.03.22 15:57:59.422,0.85219,0.85234,1.19,5.10
2016.03.22 15:57:59.727,0.85227,0.85236,1.00,1.39
2016.03.22 15:57:59.881,0.85231,0.85242,1.00,1.56
2016.03.22 15:58:00.683,0.85231,0.85242,1.00,1.00
2016.03.22 15:58:01.354,0.85231,0.8524,1.00,1.00
2016.03.22 15:58:01.832,0.85229,0.8524,1.75,1.00
2016.03.22 15:58:01.883,0.85229,0.85243,2.25,2.10
2016.03.22 15:58:02.600,0.85229,0.8524,2.08,1.00
2016.03.22 15:58:03.463,0.85228,0.85242,1.93,1.12
2016.03.22 15:58:05.107,0.8523,0.85241,2.08,1.00
2016.03.22 15:58:05.614,0.8523,0.85242,1.78,1.00
2016.03.22 15:58:06.143,0.8523,0.85241,2.03,1.00
2016.03.22 15:58:06.648,0.8523,0.85242,2.03,1.00
2016.03.22 15:58:07.626,0.8523,0.85241,2.03,1.00
2016.03.22 15:58:08.303,0.85229,0.85243,5.57,1.12
2016.03.22 15:58:08.354,0.85229,0.8524,5.57,1.00
2016.03.22 15:58:09.635,0.8523,0.85243,1.75,1.87
2016.03.22 15:58:10.841,0.85235,0.85245,1.25,1.95
2016.03.22 15:58:10.893,0.85239,0.85245,1.00,1.00
2016.03.22 15:58:11.045,0.8524,0.85252,2.38,1.50
2016.03.22 15:58:11.205,0.8524,0.85255,3.21,3.41
2016.03.22 15:58:11.562,0.85243,0.85256,2.25,2.05
2016.03.22 15:58:11.868,0.85244,0.85258,2.25,1.61
2016.03.22 15:58:11.969,0.85244,0.85257,1.00,2.44
2016.03.22 15:58:12.072,0.85239,0.85253,1.75,1.75
2016.03.22 15:58:12.381,0.85241,0.85255,3.13,1.49
2016.03.22 15:58:12.585,0.85241,0.85254,2.38,1.25
2016.03.22 15:58:13.093,0.85241,0.85254,1.63,1.31
2016.03.22 15:58:13.768,0.85241,0.85254,1.88,1.31
2016.03.22 15:58:14.073,0.85243,0.85255,1.75,1.91
2016.03.22 15:58:14.175,0.8524,0.85255,2.38,2.29
2016.03.22 15:58:14.277,0.85239,0.85253,2.38,1.50
2016.03.22 15:58:14.770,0.85239,0.85253,4.63,1.00
2016.03.22 15:58:15.076,0.85246,0.85257,1.00,5.29
2016.03.22 15:58:15.381,0.85239,0.85255,2.38,2.29
2016.03.22 15:58:15.483,0.85241,0.85252,1.00,1.00
2016.03.22 15:58:15.853,0.85237,0.85251,1.88,1.99
2016.03.22 15:58:15.955,0.85238,0.85249,1.00,1.25
2016.03.22 15:58:17.377,0.85236,0.8525,4.82,1.00
2016.03.22 15:58:17.682,0.85235,0.85248,1.37,2.29
2016.03.22 15:58:17.987,0.85238,0.85251,2.38,1.39
2016.03.22 15:58:18.331,0.85239,0.85254,2.38,2.44
2016.03.22 15:58:18.838,0.85241,0.85255,2.25,4.42
2016.03.22 15:58:19.264,0.85243,0.85257,1.75,2.25
2016.03.22 15:58:19.569,0.85248,0.85262,3.00,1.95
2016.03.22 15:58:19.671,0.85248,0.85263,2.01,2.06
2016.03.22 15:58:19.875,0.85252,0.85267,1.88,2.44
2016.03.22 15:58:20.417,0.85253,0.85265,1.63,1.31
2016.03.22 15:58:20.876,0.85251,0.85262,2.25,1.29
2016.03.22 15:58:20.979,0.8525,0.8526,1.00,1.25
2016.03.22 15:58:21.132,0.85248,0.8526,1.26,1.25
2016.03.22 15:58:21.678,0.85247,0.85261,2.25,2.25
2016.03.22 15:58:22.290,0.85248,0.85259,1.26,1.00
2016.03.22 15:58:22.392,0.85248,0.85259,2.95,1.00
2016.03.22 15:58:22.596,0.85255,0.85268,1.63,3.19
2016.03.22 15:58:22.744,0.85254,0.85268,3.75,1.31
2016.03.22 15:58:23.051,0.85252,0.85262,2.25,1.00
2016.03.22 15:58:23.102,0.85252,0.85262,1.87,1.50
2016.03.22 15:58:23.204,0.85246,0.8526,1.75,1.50
2016.03.22 15:58:23.407,0.85243,0.85258,4.63,1.69
2016.03.22 15:58:23.509,0.85245,0.85256,1.00,1.31
2016.03.22 15:58:23.611,0.85242,0.85255,1.00,1.75
2016.03.22 15:58:24.579,0.85243,0.85256,1.13,1.01
2016.03.22 15:58:24.681,0.85243,0.85258,3.88,1.31
2016.03.22 15:58:24.886,0.85246,0.85261,3.13,1.76
2016.03.22 15:58:24.988,0.85248,0.85261,3.13,1.37
2016.03.22 15:58:25.121,0.85251,0.85262,1.00,1.00
2016.03.22 15:58:25.375,0.85251,0.85265,1.00,1.94
2016.03.22 15:58:25.478,0.85252,0.85265,1.50,1.69
2016.03.22 15:58:25.681,0.85256,0.85266,1.00,1.19
2016.03.22 15:58:26.529,0.85255,0.85267,3.13,1.19
2016.03.22 15:58:26.884,0.85254,0.85266,1.18,1.69
2016.03.22 15:58:26.936,0.85254,0.85264,1.18,1.19
2016.03.22 15:58:28.690,0.8525,0.85264,1.88,2.44
2016.03.22 15:58:29.199,0.85249,0.85262,1.93,1.19
2016.03.22 15:58:29.454,0.85248,0.85259,1.88,1.19
2016.03.22 15:58:29.609,0.85247,0.85259,1.75,1.19
2016.03.22 15:58:29.762,0.85246,0.85257,1.93,1.19
2016.03.22 15:58:29.813,0.85246,0.85257,1.50,1.19
2016.03.22 15:58:30.046,0.85244,0.8525,1.50,1.19
2016.03.22 15:58:30.097,0.85243,0.85249,1.00,1.19
2016.03.22 15:58:30.301,0.85238,0.85249,1.75,1.19
2016.03.22 15:58:30.810,0.85239,0.8525,1.00,2.14
2016.03.22 15:58:30.861,0.85239,0.8525,1.00,1.39
2016.03.22 15:58:30.913,0.85237,0.8525,1.50,1.01
2016.03.22 15:58:31.201,0.85233,0.85245,1.00,1.94
2016.03.22 15:58:31.304,0.85233,0.85244,1.00,2.44
2016.03.22 15:58:31.476,0.85231,0.85244,1.87,2.44
2016.03.22 15:58:32.588,0.85231,0.85244,3.00,1.94
2016.03.22 15:58:32.640,0.85233,0.85246,1.00,2.81
2016.03.22 15:58:32.741,0.85234,0.85248,1.50,1.12
2016.03.22 15:58:32.793,0.85234,0.85245,2.62,1.00
2016.03.22 15:58:32.896,0.85237,0.85251,2.62,1.94
2016.03.22 15:58:33.006,0.85241,0.85254,1.50,2.44
2016.03.22 15:58:33.312,0.85243,0.85257,2.25,1.31
2016.03.22 15:58:33.524,0.85241,0.85254,3.00,1.19
2016.03.22 15:58:33.626,0.85241,0.85252,1.00,1.25
2016.03.22 15:58:34.184,0.85237,0.8525,1.87,1.00
2016.03.22 15:58:34.286,0.85237,0.85253,1.87,2.44
2016.03.22 15:58:34.899,0.85239,0.85253,2.25,1.00
2016.03.22 15:58:35.304,0.85241,0.85253,1.00,1.00
2016.03.22 15:58:35.831,0.85241,0.85256,1.50,1.46
2016.03.22 15:58:36.338,0.8524,0.85256,3.00,2.14
2016.03.22 15:58:36.743,0.8524,0.85255,1.50,2.44
2016.03.22 15:58:38.807,0.8524,0.85254,1.50,1.09
2016.03.22 15:58:40.711,0.85239,0.85254,1.75,2.59
2016.03.22 15:58:41.038,0.85237,0.85252,3.00,1.01
2016.03.22 15:58:42.539,0.85237,0.85252,2.25,2.04
2016.03.22 15:58:42.793,0.85234,0.85248,1.75,1.19
2016.03.22 15:58:42.844,0.85234,0.85248,1.37,2.44
2016.03.22 15:58:43.048,0.85231,0.85247,1.87,2.51
2016.03.22 15:58:43.201,0.85235,0.85246,1.00,1.85
2016.03.22 15:58:43.252,0.85236,0.85246,1.00,1.00
2016.03.22 15:58:43.772,0.85235,0.85246,1.00,1.25
2016.03.22 15:58:44.127,0.85236,0.85248,1.50,1.00
2016.03.22 15:58:44.179,0.85239,0.85248,1.00,1.00
2016.03.22 15:58:44.433,0.85242,0.85255,3.00,1.69
2016.03.22 15:58:44.535,0.85244,0.85256,1.75,1.19
2016.03.22 15:58:44.767,0.85247,0.85259,1.00,1.37
2016.03.22 15:58:44.818,0.85247,0.85259,1.37,1.00
2016.03.22 15:58:45.022,0.85249,0.85261,1.12,1.25
2016.03.22 15:58:45.529,0.85249,0.85262,1.50,1.16
2016.03.22 15:58:46.435,0.8525,0.85264,1.75,1.49
2016.03.22 15:58:46.882,0.85249,0.85263,6.15,1.00
2016.03.22 15:58:46.985,0.8525,0.85265,2.25,1.31
2016.03.22 15:58:47.138,0.8525,0.85264,1.75,1.50
2016.03.22 15:58:47.671,0.85249,0.85265,2.25,3.79
2016.03.22 15:58:48.196,0.85249,0.85264,1.75,1.75
2016.03.22 15:58:48.947,0.85248,0.85262,2.25,1.00
2016.03.22 15:58:49.263,0.85248,0.85262,1.75,3.19
2016.03.22 15:58:50.448,0.85247,0.8526,1.75,1.31
2016.03.22 15:58:51.552,0.85249,0.85261,1.75,1.31
2016.03.22 15:58:52.095,0.85248,0.85261,1.75,2.44
2016.03.22 15:58:52.247,0.85246,0.8526,2.25,1.19
2016.03.22 15:58:52.754,0.85248,0.8526,1.00,2.06
2016.03.22 15:58:53.219,0.85244,0.85259,1.75,2.44
2016.03.22 15:58:53.371,0.85245,0.85256,1.00,1.31
2016.03.22 15:58:53.676,0.8524,0.85253,1.75,1.19
2016.03.22 15:58:53.778,0.85239,0.85252,1.75,1.25
2016.03.22 15:58:53.880,0.85239,0.85251,1.00,1.00
2016.03.22 15:58:54.083,0.85236,0.85252,1.75,3.56
2016.03.22 15:58:54.392,0.85236,0.85247,1.75,1.00
2016.03.22 15:58:54.697,0.85236,0.85246,2.25,1.00
2016.03.22 15:58:54.749,0.85234,0.85247,1.75,1.00
2016.03.22 15:58:55.318,0.85233,0.85247,1.75,1.12
2016.03.22 15:58:55.420,0.85233,0.85247,1.75,2.44
2016.03.22 15:58:57.268,0.85234,0.85247,1.75,1.31
2016.03.22 15:58:57.776,0.85233,0.85246,4.50,1.19
2016.03.22 15:58:58.116,0.85234,0.85243,1.00,1.19
2016.03.22 15:58:58.167,0.85231,0.85245,1.75,1.62
2016.03.22 15:58:58.725,0.85232,0.85247,2.25,3.49
2016.03.22 15:58:58.827,0.85232,0.85245,2.25,1.69
2016.03.22 15:58:58.980,0.85232,0.85242,1.00,1.19
2016.03.22 15:58:59.181,0.85229,0.8524,1.00,1.69
2016.03.22 15:58:59.337,0.85227,0.85238,1.00,1.25
2016.03.22 15:58:59.742,0.85227,0.85238,1.00,2.06
2016.03.22 15:58:59.794,0.85224,0.85238,1.50,2.06
2016.03.22 15:59:00.316,0.85223,0.85238,2.25,2.59
2016.03.22 15:59:00.529,0.85228,0.85238,1.00,1.94
2016.03.22 15:59:00.580,0.85228,0.8524,1.00,1.01
2016.03.22 15:59:00.682,0.85227,0.8524,1.75,1.25
2016.03.22 15:59:00.735,0.85228,0.8524,1.50,2.14
2016.03.22 15:59:00.888,0.85228,0.8524,1.12,1.25
2016.03.22 15:59:01.092,0.85229,0.85241,1.50,1.31
2016.03.22 15:59:01.498,0.85231,0.85242,1.50,1.19
2016.03.22 15:59:01.856,0.85235,0.85242,1.00,1.19
2016.03.22 15:59:02.405,0.85235,0.85242,1.50,1.19
2016.03.22 15:59:03.131,0.85235,0.85245,1.50,1.19
2016.03.22 15:59:03.284,0.85233,0.85245,1.12,1.31
2016.03.22 15:59:06.386,0.85231,0.85245,2.32,3.19
2016.03.22 15:59:07.476,0.85231,0.85244,1.87,1.91
2016.03.22 15:59:07.985,0.85232,0.85244,1.00,1.54
2016.03.22 15:59:09.615,0.85231,0.85244,1.37,3.11
2016.03.22 15:59:10.614,0.85229,0.85244,1.87,3.04
2016.03.22 15:59:10.868,0.85232,0.85242,1.00,1.00
2016.03.22 15:59:11.422,0.85231,0.85242,1.10,1.00
2016.03.22 15:59:11.730,0.85229,0.85242,3.00,1.69
2016.03.22 15:59:12.188,0.8523,0.85244,1.95,1.69
2016.03.22 15:59:12.702,0.85232,0.85244,1.00,1.19
2016.03.22 15:59:13.009,0.8523,0.85243,1.12,2.00
2016.03.22 15:59:13.667,0.85232,0.85243,1.00,2.00
2016.03.22 15:59:14.171,0.8523,0.85241,2.25,1.00
2016.03.22 15:59:14.425,0.85232,0.85243,1.00,1.50
2016.03.22 15:59:14.832,0.85228,0.85239,3.00,1.00
2016.03.22 15:59:14.934,0.85227,0.85237,1.10,1.00
2016.03.22 15:59:15.036,0.85225,0.85239,1.50,1.87
2016.03.22 15:59:16.706,0.85224,0.85237,1.31,1.50
2016.03.22 15:59:16.757,0.85224,0.85234,1.31,1.00
2016.03.22 15:59:17.651,0.85223,0.85235,3.34,1.00
2016.03.22 15:59:17.960,0.85228,0.85238,1.50,1.00
2016.03.22 15:59:18.011,0.85229,0.8524,1.00,2.62
2016.03.22 15:59:18.215,0.8523,0.85239,1.00,1.50
2016.03.22 15:59:18.420,0.85234,0.85242,1.00,1.12
2016.03.22 15:59:18.928,0.85233,0.85244,1.87,1.75
2016.03.22 15:59:19.233,0.85236,0.85245,1.00,1.00
2016.03.22 15:59:19.538,0.85238,0.85245,1.00,1.00
2016.03.22 15:59:19.779,0.85239,0.85248,1.12,1.00
2016.03.22 15:59:19.880,0.85239,0.8525,1.50,1.00
2016.03.22 15:59:20.237,0.85241,0.85252,1.00,1.12
2016.03.22 15:59:20.339,0.85242,0.85252,1.50,1.00
2016.03.22 15:59:20.644,0.85244,0.85254,1.00,1.50
2016.03.22 15:59:21.329,0.85244,0.85252,1.00,1.00
2016.03.22 15:59:22.975,0.85242,0.85253,1.37,1.37
2016.03.22 15:59:25.248,0.85242,0.85256,1.87,1.75
2016.03.22 15:59:26.418,0.85242,0.85253,1.12,1.37
2016.03.22 15:59:27.766,0.8524,0.85253,1.93,1.12
2016.03.22 15:59:28.071,0.85239,0.85252,1.87,1.50
2016.03.22 15:59:28.122,0.85239,0.85249,1.00,1.12
2016.03.22 15:59:28.226,0.85234,0.8525,1.93,2.51
2016.03.22 15:59:28.759,0.85233,0.85249,1.88,2.44
2016.03.22 15:59:29.164,0.85234,0.85249,3.13,1.12
2016.03.22 15:59:29.969,0.85234,0.85249,1.88,3.75
2016.03.22 15:59:30.274,0.8523,0.85246,2.38,1.75
2016.03.22 15:59:30.895,0.85233,0.85245,1.63,1.62
2016.03.22 15:59:30.946,0.85236,0.85247,1.00,1.76
2016.03.22 15:59:31.149,0.85233,0.85247,1.50,1.61
2016.03.22 15:59:31.251,0.85233,0.85247,2.25,1.86
2016.03.22 15:59:31.353,0.85232,0.85244,1.75,1.12
2016.03.22 15:59:31.558,0.85229,0.85243,1.75,2.25
2016.03.22 15:59:31.762,0.8523,0.85244,1.75,1.69
2016.03.22 15:59:32.162,0.85231,0.85242,1.00,1.00
2016.03.22 15:59:32.365,0.8523,0.85245,1.88,2.44
2016.03.22 15:59:32.518,0.85233,0.85247,1.63,3.56
2016.03.22 15:59:32.772,0.85234,0.85247,1.75,1.31
2016.03.22 15:59:33.129,0.85235,0.85247,2.38,1.12
2016.03.22 15:59:33.536,0.85235,0.85247,1.50,2.06
2016.03.22 15:59:34.044,0.85232,0.85246,2.32,2.06
2016.03.22 15:59:34.146,0.85232,0.85245,1.50,1.62
2016.03.22 15:59:34.601,0.85231,0.85242,1.00,1.00
2016.03.22 15:59:35.045,0.85229,0.85242,3.32,1.00
2016.03.22 15:59:35.146,0.85232,0.85245,1.50,1.57
2016.03.22 15:59:35.248,0.85232,0.85246,1.98,3.00
2016.03.22 15:59:35.970,0.85233,0.85245,1.00,1.87
2016.03.22 15:59:36.274,0.85235,0.85246,1.00,1.25
2016.03.22 15:59:36.879,0.85235,0.85245,1.00,1.00
2016.03.22 15:59:37.354,0.85235,0.85247,1.00,1.69
2016.03.22 15:59:40.269,0.85235,0.85248,2.38,1.12
2016.03.22 15:59:40.771,0.85237,0.85248,1.00,1.00
2016.03.22 15:59:41.176,0.85237,0.85249,1.88,1.00
2016.03.22 15:59:41.480,0.8524,0.85253,1.93,1.62
2016.03.22 15:59:42.028,0.85241,0.85253,1.50,1.12
2016.03.22 15:59:43.368,0.85241,0.85254,1.63,1.00
2016.03.22 15:59:43.886,0.85241,0.85254,1.50,1.12
2016.03.22 15:59:44.194,0.85239,0.85251,2.13,1.00
2016.03.22 15:59:44.398,0.85238,0.8525,2.38,1.00
2016.03.22 15:59:44.703,0.8524,0.85252,1.75,1.00
2016.03.22 15:59:45.237,0.85243,0.85255,1.00,3.94
2016.03.22 15:59:45.996,0.8524,0.85255,3.13,3.94
2016.03.22 15:59:46.302,0.85241,0.85252,1.00,1.19
2016.03.22 15:59:46.913,0.85241,0.85253,1.00,1.69
2016.03.22 15:59:48.287,0.85239,0.85253,3.00,1.31
2016.03.22 15:59:49.116,0.85242,0.85255,1.00,2.62
2016.03.22 15:59:49.625,0.85243,0.85255,1.50,1.50
2016.03.22 15:59:54.422,0.85241,0.85255,1.93,1.00
2016.03.22 15:59:54.931,0.85241,0.85255,1.93,1.19
2016.03.22 15:59:57.480,0.85243,0.85256,1.50,2.06
2016.03.22 15:59:59.115,0.85241,0.85255,3.75,1.12
2016.03.22 15:59:59.805,0.85242,0.85255,4.50,1.00
