2008.03.03 19:00:00.162,0.97205,0.97235,2.40,0.40
2008.03.03 19:00:00.448,0.97205,0.97235,2.40,0.40
2008.03.03 19:00:00.700,0.97205,0.97235,2.40,0.40
2008.03.03 19:00:00.969,0.97205,0.97235,2.40,1.90
2008.03.03 19:00:01.304,0.972,0.97235,0.10,4.30
2008.03.03 19:00:01.639,0.97195,0.9723,8.80,0.40
2008.03.03 19:00:01.973,0.97195,0.9723,4.80,0.40
2008.03.03 19:00:02.197,0.97195,0.9723,4.80,0.40
2008.03.03 19:00:02.425,0.97195,0.9723,4.80,0.40
2008.03.03 19:00:02.649,0.97195,0.9723,4.80,0.40
2008.03.03 19:00:02.873,0.97195,0.9723,4.80,0.40
2008.03.03 19:00:03.174,0.97195,0.97225,4.80,1.10
2008.03.03 19:00:03.474,0.97195,0.97225,2.40,1.90
2008.03.03 19:00:03.774,0.97195,0.97225,2.40,1.90
2008.03.03 19:00:04.071,0.97195,0.97225,2.40,1.10
2008.03.03 19:00:04.331,0.97195,0.97225,2.40,0.40
2008.03.03 19:00:04.589,0.97195,0.97225,2.40,0.40
2008.03.03 19:00:04.848,0.97195,0.97225,4.80,0.40
2008.03.03 19:00:05.111,0.97195,0.9723,4.80,0.40
2008.03.03 19:00:05.378,0.972,0.9723,0.20,0.40
2008.03.03 19:00:05.642,0.972,0.9723,0.20,0.40
2008.03.03 19:00:05.905,0.972,0.9723,0.20,0.40
2008.03.03 19:00:06.239,0.972,0.9723,0.20,0.40
2008.03.03 19:00:06.572,0.972,0.9723,0.20,0.40
2008.03.03 19:00:06.906,0.972,0.9723,0.20,0.40
2008.03.03 19:00:07.115,0.972,0.9723,0.20,0.40
2008.03.03 19:00:07.323,0.972,0.9723,0.20,0.40
2008.03.03 19:00:07.531,0.972,0.9723,0.20,0.40
2008.03.03 19:00:07.757,0.972,0.9723,0.20,0.40
2008.03.03 19:00:07.964,0.972,0.9723,0.20,0.40
2008.03.03 19:00:08.272,0.972,0.9723,0.20,0.40
2008.03.03 19:00:08.580,0.972,0.9723,0.20,0.40
2008.03.03 19:00:08.888,0.972,0.9723,0.20,0.40
2008.03.03 19:00:09.197,0.972,0.9723,0.20,0.40
2008.03.03 19:00:09.435,0.972,0.9723,0.20,0.40
2008.03.03 19:00:09.673,0.972,0.9723,0.20,0.40
2008.03.03 19:00:09.913,0.972,0.9723,0.20,0.40
2008.03.03 19:00:10.150,0.972,0.9723,0.20,0.40
2008.03.03 19:00:10.423,0.972,0.9723,0.20,0.40
2008.03.03 19:00:10.697,0.972,0.9723,0.20,0.40
2008.03.03 19:00:10.971,0.972,0.9723,0.20,0.40
2008.03.03 19:00:11.304,0.972,0.9723,0.20,0.40
2008.03.03 19:00:11.637,0.972,0.9723,0.20,0.40
2008.03.03 19:00:11.970,0.972,0.9723,0.20,0.40
2008.03.03 19:00:12.189,0.972,0.9723,0.20,0.40
2008.03.03 19:00:12.408,0.972,0.9723,0.20,0.40
2008.03.03 19:00:12.627,0.972,0.9723,0.20,0.40
2008.03.03 19:00:12.859,0.972,0.9723,0.20,0.40
2008.03.03 19:00:13.077,0.972,0.9723,0.20,0.40
2008.03.03 19:00:13.395,0.972,0.9723,0.20,0.40
2008.03.03 19:00:13.713,0.972,0.9723,0.20,0.40
2008.03.03 19:00:14.031,0.972,0.9723,0.20,0.40
2008.03.03 19:00:14.255,0.972,0.9723,0.20,0.40
2008.03.03 19:00:14.493,0.972,0.9723,0.20,0.40
2008.03.03 19:00:14.692,0.972,0.9723,0.20,0.40
2008.03.03 19:00:14.911,0.972,0.9723,0.20,0.40
2008.03.03 19:00:15.130,0.972,0.9723,0.20,1.10
2008.03.03 19:00:15.459,0.972,0.9723,0.20,1.10
2008.03.03 19:00:15.787,0.972,0.9723,0.20,1.10
2008.03.03 19:00:16.115,0.972,0.9723,0.20,1.10
2008.03.03 19:00:16.449,0.972,0.97225,0.20,1.60
2008.03.03 19:00:16.783,0.972,0.97225,0.20,1.60
2008.03.03 19:00:17.117,0.972,0.9723,0.20,1.10
2008.03.03 19:00:17.326,0.97195,0.97225,4.80,1.60
2008.03.03 19:00:17.534,0.97195,0.97225,2.40,0.40
2008.03.03 19:00:17.744,0.97195,0.97225,2.40,0.40
2008.03.03 19:00:17.952,0.97195,0.97225,2.40,0.40
2008.03.03 19:00:18.160,0.97195,0.97225,2.40,0.40
2008.03.03 19:00:18.494,0.97195,0.97225,2.40,0.40
2008.03.03 19:00:18.827,0.97195,0.97225,2.40,0.40
2008.03.03 19:00:19.162,0.97195,0.97225,2.40,0.40
2008.03.03 19:00:19.513,0.97195,0.97225,2.40,0.40
2008.03.03 19:00:19.720,0.97195,0.97225,2.40,0.40
2008.03.03 19:00:19.944,0.97195,0.97225,2.40,0.40
2008.03.03 19:00:20.168,0.97195,0.97225,2.40,0.40
2008.03.03 19:00:20.497,0.97195,0.97225,2.40,0.40
2008.03.03 19:00:20.827,0.97195,0.97225,2.40,0.40
2008.03.03 19:00:21.154,0.97195,0.97225,2.40,0.40
2008.03.03 19:00:21.483,0.97195,0.97225,2.40,0.40
2008.03.03 19:00:21.817,0.97195,0.97225,2.40,0.40
2008.03.03 19:00:22.150,0.97195,0.97225,2.40,0.40
2008.03.03 19:00:22.483,0.97195,0.97225,2.40,0.40
2008.03.03 19:00:22.691,0.97195,0.97225,2.40,0.40
2008.03.03 19:00:22.900,0.97195,0.97225,2.40,0.40
2008.03.03 19:00:23.109,0.97195,0.9723,4.80,0.40
2008.03.03 19:00:23.318,0.97195,0.9723,2.40,0.40
2008.03.03 19:00:23.646,0.97195,0.9723,2.40,0.40
2008.03.03 19:00:23.974,0.97195,0.9723,2.40,0.40
2008.03.03 19:00:24.303,0.97195,0.9723,2.40,0.40
2008.03.03 19:00:24.517,0.97195,0.9723,2.40,0.40
2008.03.03 19:00:24.731,0.97195,0.9723,2.40,0.40
2008.03.03 19:00:24.945,0.97195,0.9723,2.40,0.40
2008.03.03 19:00:25.158,0.97195,0.9723,2.40,0.40
2008.03.03 19:00:25.373,0.97195,0.9723,2.40,0.40
2008.03.03 19:00:25.682,0.97195,0.9723,2.40,0.40
2008.03.03 19:00:25.990,0.97195,0.9723,2.40,0.40
2008.03.03 19:00:26.298,0.97195,0.9723,2.40,0.40
2008.03.03 19:00:26.606,0.97195,0.9723,2.40,0.40
2008.03.03 19:00:26.939,0.97195,0.9723,2.40,0.40
2008.03.03 19:00:27.274,0.9719,0.97225,0.30,3.50
2008.03.03 19:00:27.607,0.9719,0.9722,0.20,0.40
2008.03.03 19:00:27.827,0.9719,0.9722,0.20,0.40
2008.03.03 19:00:28.045,0.9719,0.9722,0.20,0.40
2008.03.03 19:00:28.280,0.9719,0.9722,0.20,0.40
2008.03.03 19:00:28.498,0.9719,0.9722,0.20,0.40
2008.03.03 19:00:28.815,0.9719,0.9722,0.20,0.40
2008.03.03 19:00:29.134,0.9719,0.9722,0.20,0.40
2008.03.03 19:00:29.451,0.9719,0.9722,0.20,0.40
2008.03.03 19:00:29.681,0.9719,0.9722,0.20,0.40
2008.03.03 19:00:29.917,0.9719,0.97225,0.30,4.30
2008.03.03 19:00:30.165,0.97195,0.97225,2.40,1.90
2008.03.03 19:00:30.396,0.97195,0.9722,2.40,0.80
2008.03.03 19:00:30.623,0.97195,0.9722,2.40,0.80
2008.03.03 19:00:30.956,0.97195,0.9722,2.40,0.80
2008.03.03 19:00:31.289,0.97195,0.9722,2.40,0.80
2008.03.03 19:00:31.622,0.97195,0.9722,2.40,0.80
2008.03.03 19:00:31.840,0.97195,0.9722,2.40,0.80
2008.03.03 19:00:32.054,0.97195,0.9722,2.40,0.80
2008.03.03 19:00:32.268,0.97195,0.9722,2.40,0.80
2008.03.03 19:00:32.481,0.97195,0.9722,2.40,0.80
2008.03.03 19:00:32.779,0.97195,0.9722,2.40,0.80
2008.03.03 19:00:33.073,0.97195,0.9722,2.40,0.80
2008.03.03 19:00:33.367,0.97195,0.9722,2.40,0.80
2008.03.03 19:00:33.659,0.97195,0.9722,2.40,0.80
2008.03.03 19:00:33.912,0.97195,0.9722,2.40,0.80
2008.03.03 19:00:34.166,0.97195,0.9722,2.40,0.80
2008.03.03 19:00:34.421,0.97195,0.97215,2.40,0.80
2008.03.03 19:00:34.674,0.9719,0.97215,0.30,1.60
2008.03.03 19:00:34.939,0.9719,0.97215,0.20,1.60
2008.03.03 19:00:35.202,0.9719,0.97215,0.20,1.60
2008.03.03 19:00:35.466,0.9719,0.97215,0.20,1.60
2008.03.03 19:00:35.734,0.9719,0.97215,0.20,1.60
2008.03.03 19:00:36.085,0.9719,0.97215,0.20,1.60
2008.03.03 19:00:36.418,0.9719,0.97215,0.20,1.60
2008.03.03 19:00:36.751,0.9719,0.97215,0.20,0.80
2008.03.03 19:00:36.964,0.9719,0.9722,0.20,1.10
2008.03.03 19:00:37.177,0.9719,0.9722,0.20,1.10
2008.03.03 19:00:37.392,0.9719,0.9722,0.20,1.10
2008.03.03 19:00:37.622,0.9719,0.9722,0.20,1.10
2008.03.03 19:00:37.899,0.9719,0.9722,0.30,0.80
2008.03.03 19:00:38.194,0.9719,0.9722,0.20,1.10
2008.03.03 19:00:38.489,0.9719,0.9722,0.20,1.10
2008.03.03 19:00:38.782,0.9719,0.9722,0.20,1.10
2008.03.03 19:00:39.062,0.9719,0.9722,0.20,1.10
2008.03.03 19:00:39.340,0.9719,0.9722,0.20,1.10
2008.03.03 19:00:39.621,0.9719,0.9722,0.20,1.10
2008.03.03 19:00:39.855,0.9719,0.9722,0.20,1.10
2008.03.03 19:00:40.090,0.9719,0.97215,0.20,1.60
2008.03.03 19:00:40.330,0.9719,0.97215,0.20,1.60
2008.03.03 19:00:40.563,0.9719,0.97215,0.20,1.60
2008.03.03 19:00:40.805,0.9719,0.97215,0.20,1.60
2008.03.03 19:00:41.138,0.9719,0.97215,0.20,1.60
2008.03.03 19:00:41.472,0.9719,0.97215,0.20,1.60
2008.03.03 19:00:41.804,0.9719,0.97215,0.20,1.60
2008.03.03 19:00:42.007,0.9719,0.97215,0.20,1.60
2008.03.03 19:00:42.212,0.9719,0.97215,0.20,1.60
2008.03.03 19:00:42.414,0.9719,0.97215,0.20,1.60
2008.03.03 19:00:42.635,0.9719,0.97215,0.20,1.60
2008.03.03 19:00:42.821,0.9719,0.97215,0.20,1.60
2008.03.03 19:00:43.155,0.9719,0.97215,0.20,1.60
2008.03.03 19:00:43.488,0.9719,0.97215,0.20,1.60
2008.03.03 19:00:43.822,0.9719,0.97215,0.20,1.60
2008.03.03 19:00:44.049,0.9719,0.97215,0.20,1.60
2008.03.03 19:00:44.263,0.9719,0.97215,0.20,1.60
2008.03.03 19:00:44.477,0.9719,0.97215,0.20,1.60
2008.03.03 19:00:44.690,0.9719,0.97215,0.20,1.60
2008.03.03 19:00:45.014,0.9719,0.97215,0.20,1.60
2008.03.03 19:00:45.339,0.9719,0.97215,0.20,1.60
2008.03.03 19:00:45.662,0.9719,0.97215,0.20,1.60
2008.03.03 19:00:45.995,0.9719,0.97215,0.20,1.60
2008.03.03 19:00:46.329,0.9719,0.97215,0.20,1.60
2008.03.03 19:00:46.662,0.9719,0.97215,0.30,1.60
2008.03.03 19:00:46.997,0.972,0.9722,0.20,0.80
2008.03.03 19:00:47.226,0.972,0.97225,0.20,6.70
2008.03.03 19:00:47.450,0.972,0.97225,0.20,4.30
2008.03.03 19:00:47.674,0.972,0.97225,0.20,4.30
2008.03.03 19:00:47.978,0.972,0.97225,0.20,4.30
2008.03.03 19:00:48.281,0.972,0.97225,0.20,1.90
2008.03.03 19:00:48.585,0.972,0.97225,0.20,1.90
2008.03.03 19:00:48.888,0.972,0.97225,0.20,1.90
2008.03.03 19:00:49.138,0.972,0.9722,0.20,1.10
2008.03.03 19:00:49.387,0.9719,0.9722,0.20,1.10
2008.03.03 19:00:49.636,0.9719,0.9722,0.20,1.10
2008.03.03 19:00:49.883,0.9719,0.9722,0.20,1.10
2008.03.03 19:00:50.191,0.9719,0.9722,0.20,1.10
2008.03.03 19:00:50.500,0.9719,0.9722,0.20,1.10
2008.03.03 19:00:50.807,0.9719,0.9722,0.20,1.10
2008.03.03 19:00:51.141,0.9719,0.9722,0.20,1.10
2008.03.03 19:00:51.475,0.9719,0.9722,0.20,1.10
2008.03.03 19:00:51.825,0.9719,0.9722,0.20,1.10
2008.03.03 19:00:52.038,0.9719,0.9722,0.20,1.10
2008.03.03 19:00:52.267,0.9719,0.9722,0.20,1.10
2008.03.03 19:00:52.495,0.9719,0.9722,0.20,1.10
2008.03.03 19:00:52.725,0.9719,0.9722,0.20,1.10
2008.03.03 19:00:52.955,0.9719,0.97215,0.20,0.80
2008.03.03 19:00:53.279,0.97185,0.9721,2.40,0.40
2008.03.03 19:00:53.603,0.97185,0.9721,2.40,0.40
2008.03.03 19:00:53.927,0.97185,0.9721,2.40,0.40
2008.03.03 19:00:54.167,0.9718,0.9721,0.20,0.40
2008.03.03 19:00:54.406,0.9718,0.9721,0.20,0.40
2008.03.03 19:00:54.646,0.9718,0.9721,0.20,1.10
2008.03.03 19:00:54.884,0.9718,0.9721,0.20,1.10
2008.03.03 19:00:55.168,0.9718,0.9721,0.20,1.10
2008.03.03 19:00:55.452,0.9718,0.9721,0.20,1.10
2008.03.03 19:00:55.737,0.97175,0.9721,7.20,1.10
2008.03.03 19:00:56.034,0.97175,0.97205,4.80,1.90
2008.03.03 19:00:56.387,0.9717,0.972,0.30,0.40
2008.03.03 19:00:56.738,0.9717,0.972,0.30,0.40
2008.03.03 19:00:57.072,0.9717,0.972,0.30,0.40
2008.03.03 19:00:57.296,0.9717,0.972,0.30,1.10
2008.03.03 19:00:57.520,0.9717,0.972,0.30,1.10
2008.03.03 19:00:57.742,0.9717,0.972,0.30,1.10
2008.03.03 19:00:57.966,0.9717,0.972,0.30,1.10
2008.03.03 19:00:58.253,0.9717,0.972,0.30,1.10
2008.03.03 19:00:58.541,0.9717,0.972,0.30,1.10
2008.03.03 19:00:58.830,0.9717,0.972,0.30,1.10
2008.03.03 19:00:59.119,0.9717,0.972,0.30,1.10
2008.03.03 19:00:59.380,0.9717,0.972,0.30,1.10
2008.03.03 19:00:59.638,0.9717,0.972,0.30,1.10
2008.03.03 19:00:59.895,0.9717,0.972,0.30,1.10
2008.03.03 19:01:00.139,0.9717,0.972,0.30,1.10
2008.03.03 19:01:00.397,0.9717,0.972,0.30,1.10
2008.03.03 19:01:00.640,0.9717,0.972,0.30,1.10
2008.03.03 19:01:00.885,0.9717,0.972,0.30,1.10
2008.03.03 19:01:01.130,0.9717,0.972,0.30,1.10
2008.03.03 19:01:01.463,0.9717,0.972,0.30,1.10
2008.03.03 19:01:01.799,0.9717,0.972,0.30,1.10
2008.03.03 19:01:02.148,0.9717,0.972,0.30,1.10
2008.03.03 19:01:02.349,0.9717,0.972,0.30,1.10
2008.03.03 19:01:02.568,0.9717,0.972,0.30,1.10
2008.03.03 19:01:02.787,0.9717,0.972,0.30,1.10
2008.03.03 19:01:03.022,0.9717,0.972,0.30,1.10
2008.03.03 19:01:03.309,0.9717,0.972,0.30,1.10
2008.03.03 19:01:03.598,0.9717,0.972,0.30,1.10
2008.03.03 19:01:03.886,0.9717,0.972,0.30,1.10
2008.03.03 19:01:04.174,0.9717,0.972,0.30,1.10
2008.03.03 19:01:04.451,0.9717,0.972,0.30,1.10
2008.03.03 19:01:04.711,0.9717,0.972,0.30,1.10
2008.03.03 19:01:04.968,0.9717,0.972,0.30,1.10
2008.03.03 19:01:05.227,0.9717,0.97195,0.20,0.40
2008.03.03 19:01:05.486,0.9717,0.97195,0.20,0.40
2008.03.03 19:01:05.747,0.9717,0.9719,0.20,0.40
2008.03.03 19:01:06.006,0.9716,0.9719,0.30,0.50
2008.03.03 19:01:06.339,0.9716,0.97185,0.20,0.40
2008.03.03 19:01:06.673,0.9716,0.97185,0.20,1.10
2008.03.03 19:01:07.007,0.9716,0.97185,0.20,1.10
2008.03.03 19:01:07.226,0.9716,0.97185,0.20,1.90
2008.03.03 19:01:07.446,0.9716,0.97175,0.20,0.40
2008.03.03 19:01:07.664,0.9715,0.97175,0.20,0.80
2008.03.03 19:01:07.883,0.9715,0.97175,0.20,1.60
2008.03.03 19:01:08.101,0.9715,0.97175,0.20,1.60
2008.03.03 19:01:08.436,0.9715,0.97175,0.20,1.90
2008.03.03 19:01:08.769,0.9715,0.97175,0.20,1.90
2008.03.03 19:01:09.101,0.9715,0.97175,0.20,1.90
2008.03.03 19:01:09.336,0.9715,0.97175,0.20,1.90
2008.03.03 19:01:09.569,0.9715,0.97175,0.20,1.90
2008.03.03 19:01:09.802,0.9715,0.97175,0.20,1.90
2008.03.03 19:01:10.036,0.9715,0.97175,0.20,0.80
2008.03.03 19:01:10.319,0.9715,0.9718,0.20,0.40
2008.03.03 19:01:10.603,0.9715,0.9718,0.20,0.40
2008.03.03 19:01:10.886,0.97155,0.9718,2.40,0.40
2008.03.03 19:01:11.170,0.97155,0.97185,2.40,1.90
2008.03.03 19:01:11.504,0.9716,0.97185,0.20,1.90
2008.03.03 19:01:11.838,0.9716,0.97185,0.20,1.90
2008.03.03 19:01:12.189,0.9716,0.97185,0.20,1.90
2008.03.03 19:01:12.403,0.9716,0.97185,0.20,1.90
2008.03.03 19:01:12.616,0.9716,0.97185,0.20,1.90
2008.03.03 19:01:12.830,0.9716,0.97185,0.20,1.10
2008.03.03 19:01:13.044,0.9716,0.97185,0.20,1.10
2008.03.03 19:01:13.259,0.9716,0.97185,0.20,0.40
2008.03.03 19:01:13.579,0.9715,0.97175,0.20,0.40
2008.03.03 19:01:13.898,0.97155,0.9718,2.40,0.40
2008.03.03 19:01:14.217,0.97155,0.97185,2.40,1.90
2008.03.03 19:01:14.454,0.97155,0.9718,2.40,0.40
2008.03.03 19:01:14.693,0.97155,0.97185,2.40,1.90
2008.03.03 19:01:14.932,0.97155,0.97185,2.40,0.40
2008.03.03 19:01:15.177,0.97155,0.97185,2.40,0.40
2008.03.03 19:01:15.462,0.97155,0.9719,2.40,1.10
2008.03.03 19:01:15.747,0.97155,0.9719,2.40,1.10
2008.03.03 19:01:16.031,0.97155,0.9719,2.40,0.40
2008.03.03 19:01:16.334,0.97155,0.9719,2.40,0.40
2008.03.03 19:01:16.667,0.97155,0.9719,2.40,0.40
2008.03.03 19:01:17.001,0.97155,0.9719,2.40,0.40
2008.03.03 19:01:17.334,0.97155,0.9719,2.40,0.40
2008.03.03 19:01:17.543,0.97155,0.9719,2.40,0.40
2008.03.03 19:01:17.752,0.97155,0.9719,2.40,0.40
2008.03.03 19:01:17.960,0.97155,0.9719,2.40,0.40
2008.03.03 19:01:18.171,0.97165,0.97195,0.10,3.20
2008.03.03 19:01:18.381,0.9717,0.972,0.20,0.40
2008.03.03 19:01:18.725,0.9717,0.972,0.20,0.40
2008.03.03 19:01:19.073,0.9717,0.972,0.20,0.40
2008.03.03 19:01:19.383,0.9717,0.972,0.20,0.40
2008.03.03 19:01:19.602,0.9717,0.972,0.20,0.40
2008.03.03 19:01:19.822,0.9717,0.97195,0.20,0.40
2008.03.03 19:01:20.044,0.9717,0.97195,0.20,1.10
2008.03.03 19:01:20.263,0.9717,0.97195,0.20,1.90
2008.03.03 19:01:20.481,0.9717,0.97195,0.20,4.30
2008.03.03 19:01:20.815,0.9717,0.97195,0.20,4.30
2008.03.03 19:01:21.148,0.9717,0.97195,0.20,4.30
2008.03.03 19:01:21.482,0.9716,0.97185,0.50,0.40
2008.03.03 19:01:21.816,0.9716,0.97185,0.20,0.40
2008.03.03 19:01:22.150,0.9716,0.97185,0.20,0.40
2008.03.03 19:01:22.493,0.9716,0.97185,0.20,0.40
2008.03.03 19:01:22.730,0.9716,0.97185,0.20,0.40
2008.03.03 19:01:22.899,0.9716,0.97185,0.20,0.40
2008.03.03 19:01:23.103,0.9716,0.97185,0.20,0.40
2008.03.03 19:01:23.306,0.9716,0.97185,0.20,0.40
2008.03.03 19:01:23.510,0.9716,0.97185,0.20,0.40
2008.03.03 19:01:23.856,0.9716,0.97185,0.20,0.40
2008.03.03 19:01:24.184,0.9716,0.97185,0.20,0.40
2008.03.03 19:01:24.512,0.9716,0.97185,0.20,0.40
2008.03.03 19:01:24.727,0.9716,0.97185,0.20,0.40
2008.03.03 19:01:24.941,0.9716,0.97185,0.20,0.40
2008.03.03 19:01:25.157,0.9716,0.97185,0.20,0.40
2008.03.03 19:01:25.371,0.9716,0.97185,0.20,1.90
2008.03.03 19:01:25.583,0.9716,0.97185,0.20,1.90
2008.03.03 19:01:25.916,0.9716,0.97185,0.20,1.90
2008.03.03 19:01:26.249,0.9716,0.97185,0.20,1.90
2008.03.03 19:01:26.583,0.9716,0.97185,0.20,1.90
2008.03.03 19:01:26.796,0.9716,0.97185,0.20,1.90
2008.03.03 19:01:27.009,0.9716,0.97185,0.20,1.90
2008.03.03 19:01:27.223,0.9716,0.97185,0.20,1.90
2008.03.03 19:01:27.436,0.9716,0.97185,0.20,1.90
2008.03.03 19:01:27.649,0.9716,0.97185,0.20,1.90
2008.03.03 19:01:27.982,0.9716,0.97185,0.20,1.90
2008.03.03 19:01:28.315,0.9716,0.97185,0.20,1.90
2008.03.03 19:01:28.647,0.9716,0.97185,0.20,1.90
2008.03.03 19:01:28.866,0.9716,0.97185,0.20,1.90
2008.03.03 19:01:29.084,0.9716,0.97185,0.20,1.90
2008.03.03 19:01:29.303,0.9716,0.97185,0.20,1.90
2008.03.03 19:01:29.521,0.9716,0.97185,0.20,0.80
2008.03.03 19:01:29.740,0.9716,0.9719,0.20,0.40
2008.03.03 19:01:30.049,0.9716,0.9719,0.20,0.40
2008.03.03 19:01:30.357,0.9716,0.9719,0.20,0.40
2008.03.03 19:01:30.665,0.9716,0.9719,0.20,0.40
2008.03.03 19:01:30.973,0.9716,0.9719,0.20,0.40
2008.03.03 19:01:31.306,0.9716,0.9719,0.20,0.40
2008.03.03 19:01:31.639,0.9716,0.9719,0.20,0.40
2008.03.03 19:01:31.972,0.9716,0.9719,0.20,0.40
2008.03.03 19:01:32.200,0.9716,0.9719,0.20,0.40
2008.03.03 19:01:32.390,0.9716,0.9719,0.20,0.40
2008.03.03 19:01:32.599,0.9716,0.9719,0.20,0.40
2008.03.03 19:01:32.807,0.9716,0.9719,0.20,0.40
2008.03.03 19:01:33.130,0.9716,0.9719,0.20,0.40
2008.03.03 19:01:33.453,0.9716,0.9719,0.20,0.40
2008.03.03 19:01:33.776,0.9716,0.9719,0.20,0.40
2008.03.03 19:01:33.995,0.9716,0.9719,0.20,0.40
2008.03.03 19:01:34.220,0.9716,0.9719,0.20,0.40
2008.03.03 19:01:34.438,0.9716,0.9719,0.20,0.40
2008.03.03 19:01:34.657,0.9716,0.9719,0.20,0.40
2008.03.03 19:01:34.876,0.9716,0.9719,0.20,0.40
2008.03.03 19:01:35.190,0.9716,0.9719,0.20,0.40
2008.03.03 19:01:35.503,0.9716,0.9719,0.20,0.40
2008.03.03 19:01:35.816,0.9716,0.9719,0.20,0.40
2008.03.03 19:01:36.150,0.9716,0.9719,0.20,0.40
2008.03.03 19:01:36.485,0.9716,0.9719,0.20,0.40
2008.03.03 19:01:36.819,0.9716,0.97185,0.20,0.80
2008.03.03 19:01:37.028,0.9716,0.9719,0.20,1.10
2008.03.03 19:01:37.238,0.9716,0.97185,0.20,0.40
2008.03.03 19:01:37.457,0.9716,0.97185,0.20,0.40
2008.03.03 19:01:37.663,0.9716,0.97185,0.20,0.40
2008.03.03 19:01:37.873,0.9716,0.97185,0.20,0.40
2008.03.03 19:01:38.192,0.9716,0.97185,0.20,0.40
2008.03.03 19:01:38.511,0.9716,0.97185,0.20,0.40
2008.03.03 19:01:38.830,0.9716,0.97185,0.20,0.40
2008.03.03 19:01:39.148,0.9716,0.97185,0.20,0.40
2008.03.03 19:01:39.387,0.9716,0.97185,0.20,0.40
2008.03.03 19:01:39.625,0.9716,0.97185,0.20,0.40
2008.03.03 19:01:39.863,0.9716,0.97185,0.20,0.40
2008.03.03 19:01:40.133,0.9716,0.97185,0.20,0.40
2008.03.03 19:01:40.397,0.9716,0.97185,0.20,0.40
2008.03.03 19:01:40.659,0.9716,0.97185,0.20,0.40
2008.03.03 19:01:40.921,0.9716,0.97185,0.20,0.40
2008.03.03 19:01:41.257,0.9716,0.97185,0.20,0.40
2008.03.03 19:01:41.590,0.9716,0.97185,0.20,0.40
2008.03.03 19:01:41.936,0.9716,0.97185,0.20,0.40
2008.03.03 19:01:42.154,0.9716,0.97185,0.20,0.40
2008.03.03 19:01:42.373,0.9716,0.97185,0.20,0.40
2008.03.03 19:01:42.591,0.9716,0.97185,0.20,0.40
2008.03.03 19:01:42.810,0.9716,0.97185,0.20,1.90
2008.03.03 19:01:43.028,0.9716,0.97185,0.20,1.90
2008.03.03 19:01:43.326,0.9716,0.97185,0.20,1.90
2008.03.03 19:01:43.623,0.9716,0.97185,0.20,1.90
2008.03.03 19:01:43.922,0.9716,0.97185,0.20,1.90
2008.03.03 19:01:44.219,0.9716,0.97185,0.20,1.90
2008.03.03 19:01:44.448,0.9716,0.97185,0.20,1.90
2008.03.03 19:01:44.676,0.9716,0.97185,0.20,1.90
2008.03.03 19:01:44.904,0.9716,0.97185,0.20,1.90
2008.03.03 19:01:45.133,0.9716,0.97185,0.20,1.90
2008.03.03 19:01:45.455,0.9716,0.97185,0.20,1.90
2008.03.03 19:01:45.761,0.9716,0.97185,0.20,1.90
2008.03.03 19:01:46.063,0.9716,0.97185,0.20,1.90
2008.03.03 19:01:46.391,0.9716,0.97185,0.20,1.90
2008.03.03 19:01:46.718,0.9716,0.97185,0.20,1.90
2008.03.03 19:01:47.048,0.9716,0.97185,0.20,1.90
2008.03.03 19:01:47.272,0.9716,0.97185,0.20,1.90
2008.03.03 19:01:47.495,0.9716,0.97185,0.20,1.90
2008.03.03 19:01:47.719,0.9716,0.97185,0.20,1.90
2008.03.03 19:01:47.943,0.9716,0.97185,0.20,1.90
2008.03.03 19:01:48.166,0.9716,0.97185,0.20,1.90
2008.03.03 19:01:48.474,0.9716,0.97185,0.20,1.90
2008.03.03 19:01:48.781,0.9716,0.97185,0.20,1.90
2008.03.03 19:01:49.090,0.9716,0.97185,0.20,1.90
2008.03.03 19:01:49.313,0.9716,0.97185,0.20,1.90
2008.03.03 19:01:49.538,0.9716,0.97185,0.20,1.90
2008.03.03 19:01:49.779,0.9716,0.97185,0.20,1.60
2008.03.03 19:01:49.985,0.9716,0.97185,0.20,1.60
2008.03.03 19:01:50.209,0.9716,0.97185,0.20,1.60
2008.03.03 19:01:50.533,0.9716,0.97185,0.20,1.60
2008.03.03 19:01:50.857,0.9716,0.97185,0.20,1.60
2008.03.03 19:01:51.179,0.9716,0.97185,0.20,1.60
2008.03.03 19:01:51.516,0.9716,0.97185,0.20,1.60
2008.03.03 19:01:51.833,0.9716,0.97185,0.20,1.60
2008.03.03 19:01:52.152,0.9716,0.97185,0.20,0.80
2008.03.03 19:01:52.382,0.9716,0.97185,0.20,0.80
2008.03.03 19:01:52.609,0.9716,0.97185,0.20,1.60
2008.03.03 19:01:52.839,0.9716,0.97185,0.20,1.60
2008.03.03 19:01:53.069,0.9716,0.97185,0.20,1.60
2008.03.03 19:01:53.297,0.9716,0.9719,0.20,1.30
2008.03.03 19:01:53.606,0.9716,0.9719,0.20,0.50
2008.03.03 19:01:53.916,0.9716,0.9719,0.20,0.50
2008.03.03 19:01:54.241,0.9716,0.9719,0.20,0.50
2008.03.03 19:01:54.438,0.9716,0.9719,0.20,0.50
2008.03.03 19:01:54.652,0.9716,0.9719,0.20,0.50
2008.03.03 19:01:54.865,0.9716,0.9719,0.20,0.50
2008.03.03 19:01:55.078,0.9716,0.9719,0.20,0.50
2008.03.03 19:01:55.292,0.9716,0.9719,0.20,0.50
2008.03.03 19:01:55.605,0.9716,0.9719,0.20,0.50
2008.03.03 19:01:55.919,0.9716,0.9719,0.20,0.50
2008.03.03 19:01:56.232,0.9716,0.9719,0.20,0.50
2008.03.03 19:01:56.547,0.9717,0.97195,0.20,5.90
2008.03.03 19:01:56.881,0.9717,0.97195,0.20,2.40
2008.03.03 19:01:57.216,0.9717,0.97195,0.20,2.40
2008.03.03 19:01:57.549,0.9717,0.97195,0.20,2.40
2008.03.03 19:01:57.787,0.9717,0.97195,0.20,2.40
2008.03.03 19:01:58.016,0.9717,0.972,0.20,0.50
2008.03.03 19:01:58.250,0.9717,0.972,0.20,0.50
2008.03.03 19:01:58.483,0.9717,0.972,0.20,0.50
2008.03.03 19:01:58.736,0.9717,0.972,0.20,0.50
2008.03.03 19:01:58.989,0.9717,0.972,0.20,0.50
2008.03.03 19:01:59.243,0.9717,0.972,0.20,0.50
2008.03.03 19:01:59.497,0.9717,0.972,0.20,0.50
2008.03.03 19:01:59.771,0.9717,0.972,0.20,0.50
2008.03.03 19:02:00.062,0.9717,0.972,0.20,0.50
2008.03.03 19:02:00.336,0.9717,0.972,0.20,1.30
2008.03.03 19:02:00.609,0.9717,0.972,0.20,1.30
2008.03.03 19:02:00.873,0.9717,0.972,0.20,1.30
2008.03.03 19:02:01.137,0.9717,0.97195,0.20,1.60
2008.03.03 19:02:01.400,0.9717,0.97195,0.20,1.60
2008.03.03 19:02:01.733,0.9717,0.97195,0.20,1.60
2008.03.03 19:02:02.067,0.9717,0.97195,0.20,1.60
2008.03.03 19:02:02.401,0.9717,0.97195,0.20,1.60
2008.03.03 19:02:02.649,0.9717,0.97195,0.20,1.60
2008.03.03 19:02:02.876,0.9717,0.97195,0.20,1.60
2008.03.03 19:02:03.105,0.9717,0.97195,0.20,1.60
2008.03.03 19:02:03.334,0.9717,0.97195,0.20,1.60
2008.03.03 19:02:03.562,0.9717,0.97195,0.20,1.60
2008.03.03 19:02:03.855,0.9717,0.97195,0.20,1.60
2008.03.03 19:02:04.166,0.9717,0.97195,0.20,1.60
2008.03.03 19:02:04.460,0.9717,0.97195,0.20,1.60
2008.03.03 19:02:04.728,0.9717,0.97195,0.20,1.60
2008.03.03 19:02:04.996,0.9717,0.97195,0.20,1.60
2008.03.03 19:02:05.264,0.9717,0.97195,0.20,1.60
2008.03.03 19:02:05.532,0.9717,0.97195,0.20,1.60
2008.03.03 19:02:05.775,0.9717,0.97195,0.20,1.60
2008.03.03 19:02:06.019,0.9717,0.97195,0.20,1.60
2008.03.03 19:02:06.263,0.9717,0.97195,0.20,1.60
2008.03.03 19:02:06.506,0.9717,0.97195,0.20,1.60
2008.03.03 19:02:06.840,0.9717,0.97195,0.20,1.60
2008.03.03 19:02:07.190,0.9717,0.97195,0.20,1.60
2008.03.03 19:02:07.522,0.9717,0.97195,0.20,1.60
2008.03.03 19:02:07.735,0.9717,0.97195,0.20,1.60
2008.03.03 19:02:07.949,0.9717,0.97195,0.20,1.60
2008.03.03 19:02:08.163,0.9717,0.97195,0.30,1.60
2008.03.03 19:02:08.389,0.9717,0.97195,0.30,1.60
2008.03.03 19:02:08.603,0.9717,0.97195,0.30,1.60
2008.03.03 19:02:08.910,0.9717,0.97195,0.20,1.60
2008.03.03 19:02:09.218,0.9717,0.97195,0.20,1.60
2008.03.03 19:02:09.526,0.9717,0.97195,0.20,1.60
2008.03.03 19:02:09.785,0.9717,0.97195,0.20,1.60
2008.03.03 19:02:10.042,0.9717,0.97195,0.20,1.60
2008.03.03 19:02:10.300,0.9717,0.97195,0.20,0.80
2008.03.03 19:02:10.558,0.9717,0.972,0.20,0.50
2008.03.03 19:02:10.792,0.9717,0.972,0.20,0.50
2008.03.03 19:02:11.024,0.9717,0.972,0.20,0.50
2008.03.03 19:02:11.274,0.9717,0.972,0.20,0.50
2008.03.03 19:02:11.508,0.9717,0.972,0.20,0.50
2008.03.03 19:02:11.842,0.9717,0.972,0.20,0.50
2008.03.03 19:02:12.174,0.9717,0.972,0.20,0.50
2008.03.03 19:02:12.507,0.9717,0.972,0.20,0.50
2008.03.03 19:02:12.716,0.9717,0.972,0.20,0.50
2008.03.03 19:02:12.925,0.9717,0.972,0.20,0.50
2008.03.03 19:02:13.134,0.9717,0.972,0.20,0.50
2008.03.03 19:02:13.343,0.9717,0.972,0.20,0.50
2008.03.03 19:02:13.550,0.9717,0.972,0.20,0.50
2008.03.03 19:02:13.848,0.9717,0.972,0.20,0.50
2008.03.03 19:02:14.146,0.9717,0.972,0.20,0.50
2008.03.03 19:02:14.445,0.9717,0.972,0.20,0.50
2008.03.03 19:02:14.754,0.9717,0.972,0.20,0.50
2008.03.03 19:02:15.018,0.9717,0.972,0.20,0.50
2008.03.03 19:02:15.282,0.9717,0.972,0.20,0.50
2008.03.03 19:02:15.546,0.9717,0.972,0.20,0.50
2008.03.03 19:02:15.809,0.9717,0.972,0.20,0.50
2008.03.03 19:02:16.142,0.9717,0.972,0.20,0.50
2008.03.03 19:02:16.482,0.9717,0.972,0.20,0.50
2008.03.03 19:02:16.821,0.9717,0.972,0.20,0.50
2008.03.03 19:02:17.025,0.9717,0.972,0.20,0.50
2008.03.03 19:02:17.226,0.9717,0.972,0.20,0.50
2008.03.03 19:02:17.430,0.9717,0.972,0.20,0.50
2008.03.03 19:02:17.633,0.9717,0.972,0.20,0.50
2008.03.03 19:02:17.963,0.9717,0.972,0.20,0.50
2008.03.03 19:02:18.291,0.9717,0.972,0.20,0.50
2008.03.03 19:02:18.619,0.9717,0.972,0.20,0.50
2008.03.03 19:02:18.838,0.9717,0.972,0.20,0.50
2008.03.03 19:02:19.056,0.9717,0.972,0.20,0.50
2008.03.03 19:02:19.274,0.9717,0.972,0.20,0.50
2008.03.03 19:02:19.493,0.9717,0.972,0.20,0.50
2008.03.03 19:02:19.710,0.9717,0.972,0.20,0.50
2008.03.03 19:02:20.023,0.9717,0.972,0.20,0.50
2008.03.03 19:02:20.340,0.9717,0.972,0.20,1.30
2008.03.03 19:02:20.653,0.9717,0.972,0.20,1.30
2008.03.03 19:02:20.986,0.9717,0.972,0.20,1.30
2008.03.03 19:02:21.335,0.9717,0.972,0.20,1.30
2008.03.03 19:02:21.652,0.9717,0.972,0.20,1.30
2008.03.03 19:02:21.876,0.9717,0.97195,0.20,0.80
2008.03.03 19:02:22.099,0.9717,0.97195,0.20,1.60
2008.03.03 19:02:22.322,0.9717,0.97195,0.20,1.60
2008.03.03 19:02:22.545,0.9717,0.97195,0.20,1.60
2008.03.03 19:02:22.787,0.9717,0.97195,0.20,1.60
2008.03.03 19:02:23.082,0.9717,0.97195,0.20,1.60
2008.03.03 19:02:23.397,0.9718,0.972,0.20,0.80
2008.03.03 19:02:23.711,0.9718,0.97205,0.20,6.40
2008.03.03 19:02:23.924,0.9718,0.97205,0.20,2.40
2008.03.03 19:02:24.139,0.9718,0.9721,0.30,0.30
2008.03.03 19:02:24.353,0.9718,0.97215,1.00,5.90
2008.03.03 19:02:24.567,0.9718,0.97215,1.00,6.70
2008.03.03 19:02:24.781,0.9718,0.97215,1.00,6.70
2008.03.03 19:02:25.114,0.97185,0.97215,0.10,6.40
2008.03.03 19:02:25.448,0.97185,0.97215,0.10,6.40
2008.03.03 19:02:25.782,0.9718,0.97215,0.30,6.70
2008.03.03 19:02:26.115,0.9718,0.9721,0.30,0.80
2008.03.03 19:02:26.448,0.9718,0.97205,0.30,0.80
2008.03.03 19:02:26.781,0.9718,0.97205,0.30,0.80
2008.03.03 19:02:26.999,0.9718,0.97215,0.30,6.70
2008.03.03 19:02:27.216,0.9718,0.97215,0.30,6.70
2008.03.03 19:02:27.447,0.9718,0.97215,0.30,6.70
2008.03.03 19:02:27.665,0.9718,0.97215,0.30,6.70
2008.03.03 19:02:27.883,0.9718,0.97215,0.30,6.70
2008.03.03 19:02:28.215,0.9718,0.97215,0.30,6.70
2008.03.03 19:02:28.549,0.9718,0.97215,0.30,6.70
2008.03.03 19:02:28.882,0.9718,0.97215,0.30,6.70
2008.03.03 19:02:29.089,0.9718,0.97215,0.30,6.70
2008.03.03 19:02:29.297,0.9718,0.97215,0.30,6.70
2008.03.03 19:02:29.506,0.9718,0.97215,0.30,6.70
2008.03.03 19:02:29.714,0.9718,0.97215,0.30,6.70
2008.03.03 19:02:29.922,0.9718,0.97215,0.30,6.70
2008.03.03 19:02:30.247,0.9718,0.97205,0.20,3.50
2008.03.03 19:02:30.590,0.97165,0.972,2.40,0.40
2008.03.03 19:02:30.913,0.9717,0.9719,0.10,0.80
2008.03.03 19:02:31.247,0.9717,0.97205,0.30,4.30
2008.03.03 19:02:31.581,0.9717,0.97205,0.30,6.70
2008.03.03 19:02:31.914,0.9717,0.97205,0.30,6.70
2008.03.03 19:02:32.145,0.9717,0.97205,0.30,4.30
2008.03.03 19:02:32.374,0.9717,0.97205,0.30,4.30
2008.03.03 19:02:32.619,0.9717,0.97205,0.30,2.70
2008.03.03 19:02:32.865,0.97175,0.97205,0.10,2.40
2008.03.03 19:02:33.076,0.97175,0.97205,0.10,2.40
2008.03.03 19:02:33.404,0.97175,0.97205,0.10,2.40
2008.03.03 19:02:33.734,0.97175,0.97205,0.10,2.40
2008.03.03 19:02:34.065,0.97175,0.97205,0.10,4.00
2008.03.03 19:02:34.278,0.97175,0.97205,0.10,4.00
2008.03.03 19:02:34.506,0.9717,0.97205,0.10,4.30
2008.03.03 19:02:34.737,0.97165,0.972,2.40,0.40
2008.03.03 19:02:34.933,0.97165,0.972,2.40,0.40
2008.03.03 19:02:35.252,0.97165,0.972,2.40,0.40
2008.03.03 19:02:35.571,0.97165,0.972,2.40,0.40
2008.03.03 19:02:35.889,0.97165,0.97195,2.40,1.90
2008.03.03 19:02:36.207,0.9716,0.9719,0.60,0.80
2008.03.03 19:02:36.540,0.9716,0.97185,0.30,1.60
2008.03.03 19:02:36.874,0.9716,0.97185,0.30,1.60
2008.03.03 19:02:37.208,0.9716,0.97185,0.30,1.60
2008.03.03 19:02:37.442,0.9716,0.97185,0.30,1.60
2008.03.03 19:02:37.675,0.9716,0.97185,0.30,1.60
2008.03.03 19:02:37.907,0.9716,0.97185,0.30,1.60
2008.03.03 19:02:38.141,0.9716,0.97185,0.30,1.60
2008.03.03 19:02:38.415,0.9716,0.97185,0.30,0.80
2008.03.03 19:02:38.688,0.9716,0.97195,0.30,4.30
2008.03.03 19:02:38.962,0.9716,0.97195,0.30,4.30
2008.03.03 19:02:39.236,0.9716,0.97195,0.30,4.30
2008.03.03 19:02:39.490,0.9716,0.97195,0.30,4.30
2008.03.03 19:02:39.744,0.9716,0.97195,0.30,4.30
2008.03.03 19:02:40.014,0.97165,0.97195,0.10,4.00
2008.03.03 19:02:40.274,0.97165,0.972,2.40,1.10
2008.03.03 19:02:40.533,0.97165,0.972,2.40,0.40
2008.03.03 19:02:40.790,0.97165,0.972,2.40,0.40
2008.03.03 19:02:41.048,0.97165,0.97195,2.40,0.80
2008.03.03 19:02:41.383,0.97165,0.97195,2.40,1.90
2008.03.03 19:02:41.716,0.97165,0.9719,2.40,0.40
2008.03.03 19:02:42.051,0.97165,0.97195,2.40,0.40
2008.03.03 19:02:42.280,0.97165,0.97195,2.40,0.40
2008.03.03 19:02:42.508,0.97165,0.97195,2.40,0.40
2008.03.03 19:02:42.738,0.97165,0.97195,2.40,0.40
2008.03.03 19:02:42.966,0.97165,0.97195,2.40,0.40
2008.03.03 19:02:43.195,0.97165,0.97195,2.40,0.40
2008.03.03 19:02:43.513,0.97165,0.97195,2.40,0.40
2008.03.03 19:02:43.831,0.97165,0.97195,2.40,0.40
2008.03.03 19:02:44.149,0.97165,0.97195,2.40,0.40
2008.03.03 19:02:44.368,0.97165,0.97195,4.80,0.40
2008.03.03 19:02:44.587,0.97165,0.97195,4.80,0.40
2008.03.03 19:02:44.807,0.9717,0.972,0.30,0.40
2008.03.03 19:02:45.025,0.9717,0.972,0.30,0.40
2008.03.03 19:02:45.244,0.9717,0.972,0.30,0.40
2008.03.03 19:02:45.574,0.9717,0.972,0.30,0.40
2008.03.03 19:02:45.903,0.9717,0.972,0.30,0.40
2008.03.03 19:02:46.231,0.9717,0.972,0.30,0.40
2008.03.03 19:02:46.564,0.9717,0.972,0.30,0.40
2008.03.03 19:02:46.906,0.9717,0.972,0.30,0.40
2008.03.03 19:02:47.240,0.9717,0.972,0.30,0.40
2008.03.03 19:02:47.458,0.9717,0.972,0.30,0.40
2008.03.03 19:02:47.677,0.9717,0.972,0.30,0.40
2008.03.03 19:02:47.896,0.9717,0.972,0.30,0.40
2008.03.03 19:02:48.113,0.9717,0.972,0.30,0.40
2008.03.03 19:02:48.411,0.9717,0.972,0.30,0.40
2008.03.03 19:02:48.710,0.9717,0.972,0.30,0.40
2008.03.03 19:02:49.009,0.9717,0.972,0.30,0.40
2008.03.03 19:02:49.307,0.9717,0.972,0.30,0.40
2008.03.03 19:02:49.531,0.9717,0.972,0.30,0.40
2008.03.03 19:02:49.755,0.9717,0.972,0.30,0.40
2008.03.03 19:02:49.979,0.9717,0.972,0.30,0.40
2008.03.03 19:02:50.203,0.9717,0.972,0.30,0.40
2008.03.03 19:02:50.496,0.9717,0.972,0.30,0.40
2008.03.03 19:02:50.806,0.9717,0.972,0.30,0.40
2008.03.03 19:02:51.100,0.9717,0.972,0.30,0.40
2008.03.03 19:02:51.392,0.9717,0.972,0.30,0.40
2008.03.03 19:02:51.726,0.9717,0.972,0.30,0.40
2008.03.03 19:02:52.059,0.9717,0.972,0.30,0.40
2008.03.03 19:02:52.392,0.9717,0.972,0.30,0.40
2008.03.03 19:02:52.606,0.9717,0.972,0.30,0.40
2008.03.03 19:02:52.818,0.9717,0.972,0.30,0.40
2008.03.03 19:02:53.033,0.9717,0.972,0.30,0.40
2008.03.03 19:02:53.246,0.9717,0.972,0.30,0.40
2008.03.03 19:02:53.553,0.9717,0.972,0.30,0.40
2008.03.03 19:02:53.862,0.9717,0.972,0.30,0.40
2008.03.03 19:02:54.170,0.9717,0.972,0.30,0.40
2008.03.03 19:02:54.480,0.9717,0.972,0.30,0.40
2008.03.03 19:02:54.718,0.9717,0.972,0.30,0.40
2008.03.03 19:02:54.958,0.9717,0.972,0.30,0.40
2008.03.03 19:02:55.196,0.9717,0.972,0.30,0.40
2008.03.03 19:02:55.435,0.9717,0.972,0.30,0.40
2008.03.03 19:02:55.714,0.9717,0.972,0.30,1.10
2008.03.03 19:02:56.008,0.9717,0.972,0.30,1.10
2008.03.03 19:02:56.269,0.9717,0.972,0.30,1.10
2008.03.03 19:02:56.603,0.9717,0.972,0.30,0.40
2008.03.03 19:02:56.937,0.9717,0.972,0.30,1.10
2008.03.03 19:02:57.271,0.9717,0.972,0.30,1.10
2008.03.03 19:02:57.468,0.9717,0.972,0.30,1.10
2008.03.03 19:02:57.667,0.9717,0.972,0.30,1.10
2008.03.03 19:02:57.866,0.9717,0.972,0.30,1.10
2008.03.03 19:02:58.065,0.9717,0.972,0.30,1.10
2008.03.03 19:02:58.262,0.9717,0.972,0.30,1.10
2008.03.03 19:02:58.461,0.9717,0.972,0.30,1.10
2008.03.03 19:02:58.794,0.9717,0.972,0.30,1.10
2008.03.03 19:02:59.148,0.9717,0.972,0.30,0.40
2008.03.03 19:02:59.461,0.9717,0.972,0.30,1.10
2008.03.03 19:02:59.665,0.9717,0.972,0.30,0.40
2008.03.03 19:02:59.869,0.9717,0.972,0.30,0.40
2008.03.03 19:03:00.071,0.9717,0.972,0.30,1.10
2008.03.03 19:03:00.275,0.9717,0.972,0.30,1.10
2008.03.03 19:03:00.478,0.9717,0.972,0.30,1.10
2008.03.03 19:03:00.812,0.9717,0.972,0.30,1.10
2008.03.03 19:03:01.144,0.9717,0.972,0.30,1.10
2008.03.03 19:03:01.478,0.9717,0.972,0.30,1.10
2008.03.03 19:03:01.807,0.9717,0.972,0.30,1.10
2008.03.03 19:03:02.136,0.9717,0.972,0.30,1.10
2008.03.03 19:03:02.482,0.9717,0.972,0.30,1.10
2008.03.03 19:03:02.673,0.9717,0.972,0.30,1.10
2008.03.03 19:03:02.882,0.9717,0.972,0.30,1.10
2008.03.03 19:03:03.091,0.9717,0.972,0.30,1.10
2008.03.03 19:03:03.317,0.9717,0.972,0.30,1.10
2008.03.03 19:03:03.526,0.9717,0.972,0.30,1.10
2008.03.03 19:03:03.854,0.9717,0.972,0.30,1.10
2008.03.03 19:03:04.182,0.9717,0.972,0.30,1.10
2008.03.03 19:03:04.511,0.9717,0.972,0.30,1.10
2008.03.03 19:03:04.729,0.9717,0.972,0.30,1.10
2008.03.03 19:03:04.948,0.97175,0.972,0.10,0.80
2008.03.03 19:03:05.167,0.97175,0.97205,0.10,3.50
2008.03.03 19:03:05.385,0.97175,0.97205,2.40,0.40
2008.03.03 19:03:05.604,0.97175,0.97205,2.40,0.40
2008.03.03 19:03:05.923,0.97175,0.97205,2.40,0.40
2008.03.03 19:03:06.241,0.97175,0.97205,2.40,0.40
2008.03.03 19:03:06.564,0.97175,0.97205,2.40,0.40
2008.03.03 19:03:06.898,0.97175,0.97205,2.40,0.40
2008.03.03 19:03:07.231,0.97175,0.97205,2.40,0.40
2008.03.03 19:03:07.564,0.97175,0.97205,2.40,0.40
2008.03.03 19:03:07.788,0.97175,0.97205,2.40,1.90
2008.03.03 19:03:08.013,0.97175,0.97205,2.40,1.90
2008.03.03 19:03:08.236,0.97175,0.97205,2.40,1.90
2008.03.03 19:03:08.460,0.97175,0.97205,2.40,1.90
2008.03.03 19:03:08.684,0.97175,0.97205,2.40,1.90
2008.03.03 19:03:08.983,0.97175,0.97205,2.40,1.90
2008.03.03 19:03:09.284,0.97175,0.97195,2.40,0.80
2008.03.03 19:03:09.597,0.9717,0.9719,0.30,0.80
2008.03.03 19:03:09.839,0.9717,0.9719,0.30,0.80
2008.03.03 19:03:10.084,0.9717,0.97195,0.30,1.60
2008.03.03 19:03:10.327,0.9717,0.97195,0.30,1.60
2008.03.03 19:03:10.570,0.9717,0.97195,0.30,1.60
2008.03.03 19:03:10.867,0.9717,0.97195,0.30,1.60
2008.03.03 19:03:11.166,0.9717,0.97195,0.30,1.60
2008.03.03 19:03:11.465,0.9717,0.97195,0.30,1.60
2008.03.03 19:03:11.763,0.9717,0.97195,0.30,1.60
2008.03.03 19:03:12.096,0.9717,0.97195,0.30,1.60
2008.03.03 19:03:12.430,0.9717,0.972,0.30,1.10
2008.03.03 19:03:12.764,0.9717,0.972,0.30,0.40
2008.03.03 19:03:12.972,0.9717,0.972,0.30,0.40
2008.03.03 19:03:13.200,0.9717,0.972,0.30,0.40
2008.03.03 19:03:13.408,0.9717,0.972,0.30,0.40
2008.03.03 19:03:13.616,0.9717,0.972,0.30,0.40
2008.03.03 19:03:13.929,0.9717,0.972,0.30,0.40
2008.03.03 19:03:14.243,0.9717,0.972,0.30,0.40
2008.03.03 19:03:14.555,0.9717,0.972,0.30,0.40
2008.03.03 19:03:14.869,0.9717,0.972,0.30,0.40
2008.03.03 19:03:15.088,0.9717,0.972,0.30,0.40
2008.03.03 19:03:15.307,0.9717,0.972,0.30,0.40
2008.03.03 19:03:15.525,0.9717,0.972,0.30,0.40
2008.03.03 19:03:15.743,0.9717,0.972,0.30,0.40
2008.03.03 19:03:16.057,0.9717,0.972,0.30,0.40
2008.03.03 19:03:16.388,0.9717,0.972,0.30,0.40
2008.03.03 19:03:16.685,0.9717,0.972,0.30,0.40
2008.03.03 19:03:17.007,0.9717,0.972,0.30,0.40
2008.03.03 19:03:17.330,0.9717,0.972,0.30,0.40
2008.03.03 19:03:17.653,0.9717,0.972,0.30,0.40
2008.03.03 19:03:17.887,0.9717,0.972,0.30,0.40
2008.03.03 19:03:18.121,0.9717,0.972,0.30,0.40
2008.03.03 19:03:18.355,0.9717,0.972,0.30,0.40
2008.03.03 19:03:18.587,0.9717,0.972,0.30,0.40
2008.03.03 19:03:18.821,0.9717,0.972,0.30,0.40
2008.03.03 19:03:19.090,0.9717,0.972,0.30,0.40
2008.03.03 19:03:19.358,0.9717,0.972,0.30,0.40
2008.03.03 19:03:19.627,0.9717,0.972,0.30,0.40
2008.03.03 19:03:19.896,0.9717,0.972,0.30,0.40
2008.03.03 19:03:20.150,0.9717,0.972,0.30,0.40
2008.03.03 19:03:20.404,0.9717,0.972,0.30,0.40
2008.03.03 19:03:20.658,0.9717,0.972,0.30,0.40
2008.03.03 19:03:21.008,0.9717,0.972,0.30,0.40
2008.03.03 19:03:21.359,0.9717,0.972,0.30,0.40
2008.03.03 19:03:21.674,0.9717,0.972,0.30,0.40
2008.03.03 19:03:22.007,0.9717,0.972,0.30,0.40
2008.03.03 19:03:22.236,0.9717,0.972,0.30,0.40
2008.03.03 19:03:22.464,0.9717,0.972,0.30,0.40
2008.03.03 19:03:22.692,0.9717,0.972,0.30,0.40
2008.03.03 19:03:22.996,0.9717,0.972,0.30,0.40
2008.03.03 19:03:23.301,0.9717,0.972,0.30,0.40
2008.03.03 19:03:23.603,0.9717,0.972,0.30,0.40
2008.03.03 19:03:23.906,0.9717,0.972,0.30,0.40
2008.03.03 19:03:24.140,0.9717,0.972,0.30,0.40
2008.03.03 19:03:24.373,0.9717,0.972,0.30,0.40
2008.03.03 19:03:24.606,0.9717,0.972,0.30,0.40
2008.03.03 19:03:24.839,0.9717,0.972,0.30,0.40
2008.03.03 19:03:25.113,0.9717,0.972,0.30,0.40
2008.03.03 19:03:25.386,0.9717,0.972,0.30,0.40
2008.03.03 19:03:25.660,0.97165,0.97195,4.80,0.40
2008.03.03 19:03:25.933,0.97165,0.97195,2.40,0.40
2008.03.03 19:03:26.282,0.97165,0.97195,2.40,0.40
2008.03.03 19:03:26.615,0.97165,0.97195,2.40,0.40
2008.03.03 19:03:26.948,0.97165,0.97195,2.40,0.40
2008.03.03 19:03:27.156,0.97165,0.97195,2.40,0.40
2008.03.03 19:03:27.365,0.97165,0.97195,2.40,0.40
2008.03.03 19:03:27.573,0.97165,0.97195,2.40,0.40
2008.03.03 19:03:27.781,0.97165,0.97195,2.40,0.40
2008.03.03 19:03:28.094,0.97165,0.97195,2.40,0.40
2008.03.03 19:03:28.407,0.97165,0.97195,2.40,0.40
2008.03.03 19:03:28.721,0.97165,0.97195,2.40,0.40
2008.03.03 19:03:29.034,0.97165,0.97195,2.40,0.40
2008.03.03 19:03:29.267,0.97165,0.97195,2.40,0.40
2008.03.03 19:03:29.502,0.97165,0.97195,2.40,0.40
2008.03.03 19:03:29.735,0.97165,0.97195,2.40,0.40
2008.03.03 19:03:29.969,0.97165,0.97195,2.40,0.40
2008.03.03 19:03:30.248,0.9717,0.97205,0.10,8.30
2008.03.03 19:03:30.527,0.9717,0.97205,0.10,4.30
2008.03.03 19:03:30.805,0.9717,0.97205,0.30,4.30
2008.03.03 19:03:31.138,0.9717,0.97205,0.30,4.30
2008.03.03 19:03:31.471,0.9717,0.97205,0.30,4.30
2008.03.03 19:03:31.804,0.9717,0.97205,0.30,4.30
2008.03.03 19:03:32.137,0.9717,0.97205,0.30,4.30
2008.03.03 19:03:32.360,0.9717,0.97205,0.30,4.30
2008.03.03 19:03:32.584,0.9717,0.97205,0.30,4.30
2008.03.03 19:03:32.807,0.9717,0.97205,0.30,4.30
2008.03.03 19:03:33.030,0.9717,0.97205,0.30,4.30
2008.03.03 19:03:33.338,0.9717,0.97205,0.30,4.30
2008.03.03 19:03:33.647,0.9717,0.97205,0.30,4.30
2008.03.03 19:03:33.957,0.9717,0.97205,0.30,4.30
2008.03.03 19:03:34.193,0.9717,0.97205,0.30,4.30
2008.03.03 19:03:34.422,0.9717,0.97205,0.30,4.30
2008.03.03 19:03:34.651,0.9717,0.97205,0.30,4.30
2008.03.03 19:03:34.879,0.9717,0.97205,0.30,4.30
2008.03.03 19:03:35.180,0.9717,0.97205,0.30,4.30
2008.03.03 19:03:35.463,0.9717,0.97205,0.30,4.30
2008.03.03 19:03:35.745,0.9717,0.97205,0.30,4.30
2008.03.03 19:03:36.030,0.9717,0.97205,0.30,4.30
2008.03.03 19:03:36.363,0.9717,0.97205,0.30,4.30
2008.03.03 19:03:36.697,0.9717,0.97205,0.30,4.30
2008.03.03 19:03:37.030,0.9717,0.97205,0.30,4.30
2008.03.03 19:03:37.228,0.9717,0.97205,0.30,4.30
2008.03.03 19:03:37.425,0.9717,0.97205,0.30,4.30
2008.03.03 19:03:37.624,0.9717,0.97205,0.30,4.30
2008.03.03 19:03:37.823,0.9717,0.97205,0.30,4.30
2008.03.03 19:03:38.021,0.9717,0.97205,0.30,4.30
2008.03.03 19:03:38.350,0.9717,0.97205,0.30,4.30
2008.03.03 19:03:38.697,0.97175,0.97205,2.40,1.90
2008.03.03 19:03:39.009,0.97175,0.97205,2.40,1.90
2008.03.03 19:03:39.229,0.97175,0.97205,2.40,1.90
2008.03.03 19:03:39.447,0.97175,0.97205,2.40,1.90
2008.03.03 19:03:39.665,0.97175,0.97205,2.40,1.90
2008.03.03 19:03:39.899,0.97175,0.97205,2.40,1.90
2008.03.03 19:03:40.101,0.97175,0.97205,2.40,1.90
2008.03.03 19:03:40.416,0.97175,0.97205,2.40,1.90
2008.03.03 19:03:40.730,0.97175,0.97205,2.40,1.90
2008.03.03 19:03:41.042,0.97175,0.97205,2.40,1.90
2008.03.03 19:03:41.374,0.97175,0.97205,2.40,1.90
2008.03.03 19:03:41.708,0.97175,0.97205,2.40,1.90
2008.03.03 19:03:42.041,0.97175,0.97205,2.40,1.90
2008.03.03 19:03:42.259,0.97175,0.97205,2.40,1.90
2008.03.03 19:03:42.476,0.97175,0.97205,2.40,1.90
2008.03.03 19:03:42.695,0.97175,0.97205,2.40,1.90
2008.03.03 19:03:42.916,0.97175,0.97205,2.40,1.90
2008.03.03 19:03:43.150,0.97175,0.97205,2.40,1.90
2008.03.03 19:03:43.426,0.97175,0.97205,2.40,1.90
2008.03.03 19:03:43.719,0.97175,0.97205,2.40,1.90
2008.03.03 19:03:44.013,0.97175,0.97205,2.40,1.90
2008.03.03 19:03:44.258,0.97175,0.97205,2.40,1.90
2008.03.03 19:03:44.497,0.97175,0.97205,2.40,1.90
2008.03.03 19:03:44.736,0.9717,0.97205,0.10,4.30
2008.03.03 19:03:44.975,0.9717,0.97205,0.10,4.30
2008.03.03 19:03:45.262,0.9717,0.97205,0.10,4.30
2008.03.03 19:03:45.551,0.9717,0.97205,0.10,4.30
2008.03.03 19:03:45.838,0.9717,0.97205,0.10,4.30
2008.03.03 19:03:46.128,0.9717,0.97205,0.10,4.30
2008.03.03 19:03:46.461,0.9717,0.97205,0.10,4.30
2008.03.03 19:03:46.795,0.9717,0.97195,0.10,0.80
2008.03.03 19:03:47.128,0.97155,0.97185,2.40,0.40
2008.03.03 19:03:47.342,0.97155,0.97185,2.40,0.40
2008.03.03 19:03:47.556,0.97155,0.97185,2.40,1.90
2008.03.03 19:03:47.780,0.97155,0.97185,2.40,1.90
2008.03.03 19:03:47.993,0.97155,0.97185,2.40,1.90
2008.03.03 19:03:48.337,0.97155,0.97185,2.40,1.90
2008.03.03 19:03:48.641,0.97155,0.97185,2.40,1.90
2008.03.03 19:03:48.965,0.97155,0.97185,2.40,0.40
2008.03.03 19:03:49.288,0.97155,0.97185,2.40,0.40
2008.03.03 19:03:49.510,0.97155,0.97185,2.40,0.40
2008.03.03 19:03:49.734,0.97155,0.97185,2.40,0.40
2008.03.03 19:03:49.957,0.97155,0.97185,2.40,0.40
2008.03.03 19:03:50.180,0.97155,0.97185,2.40,0.40
2008.03.03 19:03:50.483,0.97155,0.97185,2.40,0.40
2008.03.03 19:03:50.785,0.97155,0.97185,2.40,0.40
2008.03.03 19:03:51.088,0.97155,0.97185,2.40,0.40
2008.03.03 19:03:51.421,0.97155,0.97185,2.40,0.40
2008.03.03 19:03:51.755,0.97155,0.97185,2.40,0.40
2008.03.03 19:03:52.088,0.97155,0.97185,2.40,0.40
2008.03.03 19:03:52.286,0.97155,0.97185,2.40,0.40
2008.03.03 19:03:52.485,0.97155,0.97185,2.40,0.40
2008.03.03 19:03:52.683,0.97155,0.97185,2.40,0.40
2008.03.03 19:03:52.883,0.97155,0.97185,2.40,1.90
2008.03.03 19:03:53.081,0.97155,0.97185,2.40,1.10
2008.03.03 19:03:53.410,0.97155,0.97185,2.40,1.90
2008.03.03 19:03:53.738,0.97155,0.97185,2.40,1.90
2008.03.03 19:03:54.066,0.97155,0.97185,2.40,1.90
2008.03.03 19:03:54.283,0.97155,0.97185,2.40,1.90
2008.03.03 19:03:54.497,0.97155,0.97185,2.40,1.90
2008.03.03 19:03:54.710,0.97155,0.97185,2.40,1.90
2008.03.03 19:03:54.923,0.97155,0.97185,2.40,1.90
2008.03.03 19:03:55.155,0.97155,0.97185,2.40,1.90
2008.03.03 19:03:55.445,0.97155,0.97185,2.40,1.90
2008.03.03 19:03:55.753,0.97155,0.97185,2.40,1.90
2008.03.03 19:03:56.062,0.97155,0.97185,2.40,1.90
2008.03.03 19:03:56.369,0.97155,0.97185,2.40,1.90
2008.03.03 19:03:56.703,0.9715,0.9717,0.20,0.40
2008.03.03 19:03:57.038,0.9714,0.9717,4.00,0.40
2008.03.03 19:03:57.371,0.97135,0.9717,2.40,0.40
2008.03.03 19:03:57.595,0.97135,0.9717,2.40,0.40
2008.03.03 19:03:57.826,0.97135,0.9717,2.40,0.40
2008.03.03 19:03:58.049,0.97135,0.9717,2.40,0.40
2008.03.03 19:03:58.289,0.97135,0.9717,2.40,0.40
2008.03.03 19:03:58.586,0.97135,0.9717,2.40,0.40
2008.03.03 19:03:58.915,0.97135,0.9717,2.40,0.40
2008.03.03 19:03:59.211,0.97135,0.9717,2.40,0.40
2008.03.03 19:03:59.435,0.97135,0.97165,2.40,0.80
2008.03.03 19:03:59.658,0.97135,0.97165,2.40,1.90
2008.03.03 19:03:59.882,0.97135,0.97165,2.40,1.90
2008.03.03 19:04:00.123,0.97135,0.97165,2.40,1.90
2008.03.03 19:04:00.345,0.97135,0.97165,2.40,1.90
2008.03.03 19:04:00.678,0.97135,0.97165,2.40,1.90
2008.03.03 19:04:01.012,0.97135,0.97165,2.40,1.90
2008.03.03 19:04:01.344,0.97135,0.97165,2.40,1.90
2008.03.03 19:04:01.678,0.97135,0.97165,2.40,0.40
2008.03.03 19:04:02.011,0.97135,0.97165,2.40,0.40
2008.03.03 19:04:02.345,0.97125,0.97155,8.80,0.40
2008.03.03 19:04:02.548,0.97125,0.97155,6.40,0.40
2008.03.03 19:04:02.752,0.97125,0.97155,2.40,0.40
2008.03.03 19:04:02.956,0.97125,0.9716,2.40,0.40
2008.03.03 19:04:03.160,0.97125,0.9716,2.40,0.40
2008.03.03 19:04:03.364,0.97125,0.9716,2.40,0.40
2008.03.03 19:04:03.698,0.9713,0.97165,0.10,6.70
2008.03.03 19:04:04.031,0.9713,0.97165,0.10,6.70
2008.03.03 19:04:04.365,0.9713,0.97165,0.10,6.70
2008.03.03 19:04:04.604,0.9713,0.97165,0.10,6.70
2008.03.03 19:04:04.843,0.9713,0.97165,0.10,6.70
2008.03.03 19:04:05.082,0.9713,0.97165,0.10,6.70
2008.03.03 19:04:05.321,0.9713,0.97165,0.10,6.70
2008.03.03 19:04:05.589,0.9713,0.97165,0.10,6.70
2008.03.03 19:04:05.856,0.9713,0.97165,0.10,6.70
2008.03.03 19:04:06.140,0.9713,0.97165,0.10,6.70
2008.03.03 19:04:06.393,0.9713,0.97165,0.10,6.70
2008.03.03 19:04:06.727,0.9713,0.97165,0.10,6.70
2008.03.03 19:04:07.060,0.9713,0.97165,0.10,6.70
2008.03.03 19:04:07.393,0.9713,0.97165,0.10,6.70
2008.03.03 19:04:07.606,0.97125,0.9716,2.40,0.40
2008.03.03 19:04:07.819,0.97125,0.9716,2.40,0.40
2008.03.03 19:04:08.032,0.97125,0.9716,2.40,0.40
2008.03.03 19:04:08.246,0.9714,0.97165,0.30,0.80
2008.03.03 19:04:08.460,0.9714,0.97175,0.30,4.30
2008.03.03 19:04:08.796,0.9714,0.97175,0.30,4.30
2008.03.03 19:04:09.129,0.9714,0.97175,0.30,4.30
2008.03.03 19:04:09.476,0.9714,0.97175,0.30,4.30
2008.03.03 19:04:09.704,0.9714,0.97175,0.30,4.30
2008.03.03 19:04:09.932,0.9714,0.97175,0.30,4.30
2008.03.03 19:04:10.163,0.9714,0.97175,0.30,4.30
2008.03.03 19:04:10.390,0.9714,0.97175,0.30,4.30
2008.03.03 19:04:10.679,0.9715,0.97175,0.10,0.80
2008.03.03 19:04:10.987,0.9715,0.97185,0.10,4.30
2008.03.03 19:04:11.293,0.97145,0.97175,4.80,0.80
2008.03.03 19:04:11.564,0.97145,0.97175,2.40,0.80
2008.03.03 19:04:11.898,0.97145,0.97175,2.40,1.60
2008.03.03 19:04:12.231,0.97145,0.97175,2.40,1.60
2008.03.03 19:04:12.565,0.97145,0.97175,2.40,0.80
2008.03.03 19:04:12.784,0.97145,0.9718,2.40,1.10
2008.03.03 19:04:13.020,0.97155,0.9718,0.10,0.80
2008.03.03 19:04:13.258,0.97155,0.97185,0.10,4.00
2008.03.03 19:04:13.475,0.97155,0.97185,0.10,4.00
2008.03.03 19:04:13.779,0.9715,0.9718,0.20,0.40
2008.03.03 19:04:14.084,0.97155,0.97185,0.10,4.00
2008.03.03 19:04:14.387,0.97155,0.97185,0.10,4.00
2008.03.03 19:04:14.640,0.97155,0.97185,0.10,4.00
2008.03.03 19:04:14.904,0.97155,0.97185,0.10,4.00
2008.03.03 19:04:15.158,0.97155,0.97185,0.10,4.00
2008.03.03 19:04:15.412,0.97155,0.97185,0.10,4.00
2008.03.03 19:04:15.660,0.97155,0.97185,0.10,4.00
2008.03.03 19:04:15.909,0.97155,0.97185,0.10,4.00
2008.03.03 19:04:16.158,0.97155,0.97185,0.10,4.00
2008.03.03 19:04:16.407,0.97155,0.97185,0.10,4.00
2008.03.03 19:04:16.739,0.9715,0.97185,0.10,4.30
2008.03.03 19:04:17.074,0.9715,0.97185,0.10,4.30
2008.03.03 19:04:17.407,0.9715,0.97185,0.10,4.30
2008.03.03 19:04:17.626,0.9715,0.97185,0.10,4.30
2008.03.03 19:04:17.843,0.9715,0.97185,0.10,4.30
2008.03.03 19:04:18.061,0.9715,0.97185,0.10,4.30
2008.03.03 19:04:18.293,0.9715,0.97185,0.10,4.30
2008.03.03 19:04:18.511,0.9715,0.97185,0.10,4.30
2008.03.03 19:04:18.796,0.97155,0.97185,2.40,1.60
2008.03.03 19:04:19.080,0.97155,0.97185,2.40,1.60
2008.03.03 19:04:19.367,0.97155,0.97185,2.40,1.60
2008.03.03 19:04:19.650,0.97155,0.97185,2.40,1.60
2008.03.03 19:04:19.923,0.97155,0.97185,2.40,1.60
2008.03.03 19:04:20.196,0.97155,0.97185,2.40,1.60
2008.03.03 19:04:20.469,0.97155,0.97185,2.40,1.60
2008.03.03 19:04:20.698,0.97155,0.97185,2.40,1.60
2008.03.03 19:04:20.940,0.97155,0.97185,2.40,1.60
2008.03.03 19:04:21.167,0.97155,0.97185,2.40,1.60
2008.03.03 19:04:21.395,0.97155,0.97185,2.40,1.60
2008.03.03 19:04:21.623,0.97155,0.97185,2.40,1.60
2008.03.03 19:04:21.957,0.97155,0.97185,2.40,1.60
2008.03.03 19:04:22.290,0.97155,0.97185,2.40,1.60
2008.03.03 19:04:22.624,0.97155,0.97185,2.40,1.90
2008.03.03 19:04:22.822,0.97155,0.97185,2.40,1.90
2008.03.03 19:04:23.020,0.97155,0.97185,2.40,1.90
2008.03.03 19:04:23.224,0.97155,0.97185,2.40,1.90
2008.03.03 19:04:23.422,0.97155,0.97185,2.40,1.90
2008.03.03 19:04:23.620,0.97155,0.97185,2.40,1.90
2008.03.03 19:04:23.956,0.97155,0.97185,2.40,1.90
2008.03.03 19:04:24.289,0.97155,0.97185,2.40,1.90
2008.03.03 19:04:24.622,0.97155,0.97185,2.40,1.90
2008.03.03 19:04:24.832,0.97155,0.97185,2.40,1.90
2008.03.03 19:04:25.056,0.97155,0.97185,2.40,1.90
2008.03.03 19:04:25.264,0.97155,0.97185,2.40,1.90
2008.03.03 19:04:25.473,0.97155,0.97185,2.40,1.90
2008.03.03 19:04:25.682,0.97155,0.97185,2.40,1.90
2008.03.03 19:04:26.005,0.97155,0.97185,2.40,1.90
2008.03.03 19:04:26.328,0.97155,0.97185,2.40,1.90
2008.03.03 19:04:26.652,0.97155,0.97185,2.40,1.90
2008.03.03 19:04:26.985,0.97145,0.97175,10.40,0.40
2008.03.03 19:04:27.320,0.9714,0.9717,0.20,0.40
2008.03.03 19:04:27.654,0.9714,0.9717,0.20,0.40
2008.03.03 19:04:27.891,0.9714,0.9717,0.20,0.40
2008.03.03 19:04:28.130,0.9714,0.9717,0.20,0.40
2008.03.03 19:04:28.368,0.9714,0.9717,0.20,0.40
2008.03.03 19:04:28.606,0.9714,0.9717,0.20,0.40
2008.03.03 19:04:28.844,0.9714,0.9717,0.20,0.40
2008.03.03 19:04:29.123,0.9714,0.9717,0.20,0.40
2008.03.03 19:04:29.401,0.9714,0.9717,0.20,0.40
2008.03.03 19:04:29.678,0.9714,0.9717,0.20,0.40
2008.03.03 19:04:29.957,0.9714,0.9717,0.20,0.40
2008.03.03 19:04:30.210,0.9714,0.9717,0.20,0.40
2008.03.03 19:04:30.465,0.9714,0.9717,0.20,0.40
2008.03.03 19:04:30.737,0.97135,0.9717,4.80,0.50
2008.03.03 19:04:31.028,0.97135,0.9716,2.40,0.40
2008.03.03 19:04:31.285,0.97135,0.9716,2.40,0.40
2008.03.03 19:04:31.559,0.97135,0.97165,2.40,0.40
2008.03.03 19:04:31.832,0.97135,0.97165,2.40,0.40
2008.03.03 19:04:32.166,0.9714,0.97175,0.10,6.70
2008.03.03 19:04:32.501,0.9714,0.97175,0.30,2.70
2008.03.03 19:04:32.834,0.9714,0.97175,0.30,2.70
2008.03.03 19:04:33.062,0.9714,0.97175,0.30,2.70
2008.03.03 19:04:33.291,0.97145,0.97175,2.40,0.40
2008.03.03 19:04:33.520,0.97145,0.97175,2.40,0.40
2008.03.03 19:04:33.749,0.97145,0.97175,2.40,4.30
2008.03.03 19:04:34.024,0.97145,0.97175,2.40,4.30
2008.03.03 19:04:34.299,0.97145,0.97175,2.40,6.70
2008.03.03 19:04:34.573,0.97145,0.97175,2.40,5.10
2008.03.03 19:04:34.847,0.97145,0.97175,2.40,0.40
2008.03.03 19:04:35.131,0.97145,0.97175,2.40,0.40
2008.03.03 19:04:35.415,0.97145,0.97175,2.40,0.40
2008.03.03 19:04:35.698,0.9714,0.97175,0.30,2.70
2008.03.03 19:04:35.982,0.9714,0.97175,0.30,2.70
2008.03.03 19:04:36.290,0.9714,0.97175,0.30,2.70
2008.03.03 19:04:36.599,0.9714,0.97175,0.30,2.70
2008.03.03 19:04:36.908,0.9714,0.97175,0.30,2.70
2008.03.03 19:04:37.221,0.9714,0.97175,0.30,2.70
2008.03.03 19:04:37.534,0.9714,0.97175,0.30,2.70
2008.03.03 19:04:37.847,0.9714,0.97175,0.30,2.70
2008.03.03 19:04:38.070,0.9714,0.97175,0.30,2.70
2008.03.03 19:04:38.295,0.9714,0.97175,0.30,2.70
2008.03.03 19:04:38.518,0.9714,0.97175,0.30,2.70
2008.03.03 19:04:38.742,0.9714,0.97175,0.30,2.70
2008.03.03 19:04:38.965,0.9714,0.97175,0.30,2.70
2008.03.03 19:04:39.254,0.9714,0.97175,0.30,2.70
2008.03.03 19:04:39.542,0.9714,0.97175,0.30,2.70
2008.03.03 19:04:39.830,0.9714,0.97175,0.30,2.70
2008.03.03 19:04:40.074,0.9714,0.97175,0.30,2.70
2008.03.03 19:04:40.318,0.9714,0.97175,0.30,2.70
2008.03.03 19:04:40.562,0.9714,0.97175,0.30,2.70
2008.03.03 19:04:40.806,0.9714,0.97175,0.30,2.70
2008.03.03 19:04:41.139,0.9714,0.97175,0.30,2.70
2008.03.03 19:04:41.473,0.9714,0.97175,0.30,2.70
2008.03.03 19:04:41.806,0.9714,0.97175,0.30,2.70
2008.03.03 19:04:42.139,0.9714,0.97175,0.30,2.70
2008.03.03 19:04:42.373,0.9714,0.97175,0.30,2.70
2008.03.03 19:04:42.607,0.9714,0.97175,0.30,2.70
2008.03.03 19:04:42.839,0.9714,0.97175,0.30,2.70
2008.03.03 19:04:43.123,0.9714,0.97175,0.30,2.70
2008.03.03 19:04:43.406,0.9714,0.97175,0.30,2.70
2008.03.03 19:04:43.689,0.9714,0.97175,0.30,2.70
2008.03.03 19:04:43.973,0.9714,0.97175,0.30,2.70
2008.03.03 19:04:44.206,0.9714,0.97175,0.30,2.70
2008.03.03 19:04:44.439,0.9714,0.97175,0.30,2.70
2008.03.03 19:04:44.671,0.9714,0.97175,0.30,2.70
2008.03.03 19:04:44.905,0.9714,0.97175,0.30,2.70
2008.03.03 19:04:45.190,0.9714,0.97175,0.30,2.70
2008.03.03 19:04:45.473,0.9714,0.97175,0.30,2.70
2008.03.03 19:04:45.757,0.9714,0.97175,0.30,2.70
2008.03.03 19:04:46.039,0.9714,0.97175,0.30,2.70
2008.03.03 19:04:46.373,0.9714,0.97165,0.20,0.40
2008.03.03 19:04:46.708,0.97135,0.97165,2.40,0.40
2008.03.03 19:04:47.042,0.97135,0.9717,2.40,0.40
2008.03.03 19:04:47.266,0.97135,0.9717,2.40,0.40
2008.03.03 19:04:47.492,0.97135,0.9717,2.40,0.40
2008.03.03 19:04:47.717,0.9714,0.97175,0.10,10.70
2008.03.03 19:04:47.940,0.9714,0.97175,0.10,10.70
2008.03.03 19:04:48.253,0.97135,0.9717,2.40,0.40
2008.03.03 19:04:48.572,0.9714,0.97175,0.10,9.90
2008.03.03 19:04:48.886,0.9714,0.97175,0.10,10.70
2008.03.03 19:04:49.120,0.9714,0.97175,0.10,10.70
2008.03.03 19:04:49.353,0.9714,0.97175,0.10,10.70
2008.03.03 19:04:49.587,0.9714,0.97175,0.10,10.70
2008.03.03 19:04:49.821,0.9714,0.97175,0.10,10.70
2008.03.03 19:04:50.054,0.9714,0.97175,0.10,10.70
2008.03.03 19:04:50.361,0.9714,0.97175,0.10,10.70
2008.03.03 19:04:50.654,0.9714,0.97175,0.10,10.70
2008.03.03 19:04:50.948,0.9714,0.97175,0.10,10.70
2008.03.03 19:04:51.282,0.9714,0.97175,0.10,10.70
2008.03.03 19:04:51.614,0.9714,0.97175,0.10,10.70
2008.03.03 19:04:51.949,0.9714,0.97175,0.10,10.70
2008.03.03 19:04:52.282,0.9714,0.97175,0.10,10.70
2008.03.03 19:04:52.491,0.9714,0.97175,0.10,10.70
2008.03.03 19:04:52.723,0.9714,0.97175,0.10,10.70
2008.03.03 19:04:52.907,0.9714,0.97175,0.10,10.70
2008.03.03 19:04:53.114,0.9714,0.97175,0.10,10.70
2008.03.03 19:04:53.428,0.9714,0.97175,0.10,10.70
2008.03.03 19:04:53.743,0.9714,0.97175,0.10,10.70
2008.03.03 19:04:54.056,0.9714,0.97175,0.10,10.70
2008.03.03 19:04:54.284,0.9714,0.97175,0.10,10.70
2008.03.03 19:04:54.521,0.9714,0.97175,0.10,10.70
2008.03.03 19:04:54.748,0.9714,0.97175,0.10,10.70
2008.03.03 19:04:54.975,0.9714,0.97175,0.10,10.70
2008.03.03 19:04:55.204,0.9714,0.97175,0.10,10.70
2008.03.03 19:04:55.498,0.9714,0.97175,0.10,10.70
2008.03.03 19:04:55.793,0.9714,0.97175,0.10,10.70
2008.03.03 19:04:56.086,0.9714,0.97175,0.10,10.70
2008.03.03 19:04:56.414,0.9714,0.97175,0.10,10.70
2008.03.03 19:04:56.743,0.9714,0.97175,0.10,10.70
2008.03.03 19:04:57.089,0.9714,0.97175,0.10,10.70
2008.03.03 19:04:57.304,0.9714,0.97175,0.10,10.70
2008.03.03 19:04:57.516,0.9714,0.97175,0.10,10.70
2008.03.03 19:04:57.734,0.9714,0.97175,0.10,10.70
2008.03.03 19:04:57.945,0.9714,0.97175,0.10,10.70
2008.03.03 19:04:58.159,0.9714,0.97175,0.10,10.70
2008.03.03 19:04:58.451,0.9714,0.97175,0.10,10.70
2008.03.03 19:04:58.744,0.9714,0.97175,0.10,10.70
2008.03.03 19:04:59.038,0.9714,0.97175,0.10,10.70
2008.03.03 19:04:59.330,0.9714,0.97175,0.10,10.70
2008.03.03 19:04:59.583,0.9714,0.97175,0.10,10.70
2008.03.03 19:04:59.836,0.9714,0.97175,0.10,10.70
2008.03.03 19:05:00.089,0.9714,0.97175,0.10,10.70
2008.03.03 19:05:00.343,0.9714,0.97175,0.10,10.70
2008.03.03 19:05:00.610,0.9714,0.97175,0.10,10.70
2008.03.03 19:05:00.878,0.9714,0.97175,0.10,10.70
2008.03.03 19:05:01.163,0.9714,0.97175,0.10,10.70
2008.03.03 19:05:01.432,0.9714,0.97175,0.10,10.70
2008.03.03 19:05:01.766,0.9714,0.97175,0.10,10.70
2008.03.03 19:05:02.099,0.9714,0.97175,0.10,10.70
2008.03.03 19:05:02.432,0.9714,0.97175,0.10,10.70
2008.03.03 19:05:02.650,0.97135,0.9717,2.40,0.40
2008.03.03 19:05:02.868,0.97135,0.9717,2.40,0.40
2008.03.03 19:05:03.086,0.97135,0.9717,2.40,0.40
2008.03.03 19:05:03.303,0.97135,0.9717,2.40,0.40
2008.03.03 19:05:03.521,0.97135,0.9717,2.40,0.40
2008.03.03 19:05:03.846,0.97135,0.97165,2.40,0.40
2008.03.03 19:05:04.173,0.97135,0.97165,2.40,0.40
2008.03.03 19:05:04.465,0.97135,0.97165,2.40,0.40
2008.03.03 19:05:04.719,0.97135,0.97165,2.40,0.40
2008.03.03 19:05:04.972,0.97135,0.97165,2.40,0.40
2008.03.03 19:05:05.226,0.97135,0.97165,2.40,0.40
2008.03.03 19:05:05.497,0.97135,0.97165,2.40,0.40
2008.03.03 19:05:05.775,0.97135,0.97165,2.40,0.40
2008.03.03 19:05:06.054,0.97135,0.97165,2.40,0.40
2008.03.03 19:05:06.332,0.97135,0.97165,2.40,0.40
2008.03.03 19:05:06.611,0.97135,0.97165,2.40,0.40
2008.03.03 19:05:06.945,0.97135,0.97165,2.40,0.40
2008.03.03 19:05:07.295,0.97135,0.97165,2.40,0.40
2008.03.03 19:05:07.628,0.97135,0.97165,2.40,0.40
2008.03.03 19:05:07.825,0.97135,0.97165,2.40,0.40
2008.03.03 19:05:08.024,0.97135,0.97165,2.40,0.40
2008.03.03 19:05:08.223,0.97125,0.97155,8.80,0.40
2008.03.03 19:05:08.439,0.97125,0.97155,6.40,0.40
2008.03.03 19:05:08.620,0.97125,0.97155,2.40,0.40
2008.03.03 19:05:08.953,0.97125,0.97155,2.40,0.40
2008.03.03 19:05:09.287,0.97125,0.97155,2.40,0.40
2008.03.03 19:05:09.619,0.97125,0.97155,2.40,0.40
2008.03.03 19:05:09.842,0.97125,0.97155,2.40,0.40
2008.03.03 19:05:10.066,0.97125,0.97155,2.40,0.40
2008.03.03 19:05:10.288,0.97125,0.97155,2.40,0.40
2008.03.03 19:05:10.512,0.97125,0.97155,2.40,0.40
2008.03.03 19:05:10.820,0.97125,0.97155,2.40,0.40
2008.03.03 19:05:11.129,0.97125,0.97155,2.40,0.40
2008.03.03 19:05:11.454,0.97125,0.97155,2.40,0.40
2008.03.03 19:05:11.762,0.97125,0.97155,2.40,0.40
2008.03.03 19:05:12.096,0.97125,0.97155,2.40,0.40
2008.03.03 19:05:12.429,0.97125,0.97155,2.40,0.40
2008.03.03 19:05:12.762,0.97125,0.97155,2.40,0.40
2008.03.03 19:05:12.975,0.97125,0.97155,2.40,0.40
2008.03.03 19:05:13.188,0.97125,0.97155,2.40,0.40
2008.03.03 19:05:13.401,0.97125,0.97155,2.40,0.40
2008.03.03 19:05:13.614,0.97125,0.97155,2.40,0.40
2008.03.03 19:05:13.898,0.97125,0.97155,2.40,0.40
2008.03.03 19:05:14.181,0.97125,0.97155,2.40,0.40
2008.03.03 19:05:14.464,0.97125,0.97155,2.40,0.40
2008.03.03 19:05:14.747,0.97125,0.97155,2.40,0.40
2008.03.03 19:05:15.000,0.97125,0.97155,2.40,0.40
2008.03.03 19:05:15.253,0.97125,0.97155,2.40,0.40
2008.03.03 19:05:15.507,0.97125,0.97155,2.40,0.40
2008.03.03 19:05:15.760,0.97125,0.97155,2.40,0.40
2008.03.03 19:05:16.023,0.97125,0.97155,2.40,0.40
2008.03.03 19:05:16.286,0.97125,0.97155,2.40,0.40
2008.03.03 19:05:16.553,0.97125,0.97155,2.40,0.40
2008.03.03 19:05:16.816,0.97125,0.97155,2.40,0.40
2008.03.03 19:05:17.150,0.97125,0.97155,2.40,0.40
2008.03.03 19:05:17.483,0.97125,0.97155,2.40,0.40
2008.03.03 19:05:17.816,0.9712,0.97155,0.30,2.70
2008.03.03 19:05:18.029,0.9712,0.97155,0.30,2.70
2008.03.03 19:05:18.243,0.9712,0.97155,0.30,2.70
2008.03.03 19:05:18.455,0.9712,0.97155,0.30,2.70
2008.03.03 19:05:18.670,0.97125,0.97155,0.10,2.40
2008.03.03 19:05:18.884,0.97125,0.9716,2.40,1.30
2008.03.03 19:05:19.192,0.97125,0.97155,2.40,0.40
2008.03.03 19:05:19.501,0.9712,0.97155,4.20,2.70
2008.03.03 19:05:19.809,0.9712,0.97155,0.30,2.70
2008.03.03 19:05:20.062,0.9712,0.97155,0.30,2.70
2008.03.03 19:05:20.319,0.9712,0.97155,0.30,2.70
2008.03.03 19:05:20.573,0.9712,0.97155,0.30,2.70
2008.03.03 19:05:20.826,0.9712,0.97155,0.30,2.70
2008.03.03 19:05:21.084,0.9712,0.97155,0.30,2.70
2008.03.03 19:05:21.343,0.9712,0.97155,0.30,2.70
2008.03.03 19:05:21.601,0.9712,0.97155,0.30,2.70
2008.03.03 19:05:21.859,0.9712,0.97155,0.30,2.70
2008.03.03 19:05:22.193,0.9712,0.97155,0.30,2.70
2008.03.03 19:05:22.526,0.9712,0.97155,0.30,4.30
2008.03.03 19:05:22.859,0.9712,0.97155,0.30,4.30
2008.03.03 19:05:23.063,0.9712,0.97155,0.30,4.30
2008.03.03 19:05:23.266,0.9712,0.97155,0.30,4.30
2008.03.03 19:05:23.470,0.9712,0.97155,0.30,4.30
2008.03.03 19:05:23.672,0.9712,0.97155,0.30,4.30
2008.03.03 19:05:23.876,0.9712,0.97155,0.30,4.30
2008.03.03 19:05:24.235,0.9712,0.97145,0.20,0.40
2008.03.03 19:05:24.569,0.9711,0.97145,0.30,4.30
2008.03.03 19:05:24.916,0.9711,0.97145,0.30,4.30
2008.03.03 19:05:25.144,0.9711,0.97145,0.30,4.30
2008.03.03 19:05:25.373,0.9711,0.97145,0.30,4.30
2008.03.03 19:05:25.604,0.9711,0.9714,0.30,0.80
2008.03.03 19:05:25.834,0.9711,0.9714,0.30,0.80
2008.03.03 19:05:26.132,0.9711,0.9714,0.30,0.80
2008.03.03 19:05:26.430,0.9711,0.9714,0.30,0.80
2008.03.03 19:05:26.729,0.9711,0.9714,0.30,0.80
2008.03.03 19:05:27.027,0.9711,0.9714,0.30,0.80
2008.03.03 19:05:27.360,0.9711,0.97145,0.30,4.30
2008.03.03 19:05:27.694,0.9711,0.97145,0.30,4.30
2008.03.03 19:05:28.028,0.9711,0.97145,0.30,4.30
2008.03.03 19:05:28.231,0.9711,0.97145,0.30,4.30
2008.03.03 19:05:28.434,0.9711,0.97145,0.30,4.30
2008.03.03 19:05:28.637,0.9711,0.97145,0.30,4.30
2008.03.03 19:05:28.840,0.9711,0.97145,0.30,4.30
2008.03.03 19:05:29.158,0.9711,0.97145,0.30,4.30
2008.03.03 19:05:29.476,0.9711,0.97145,0.30,4.30
2008.03.03 19:05:29.794,0.9711,0.97145,0.30,4.30
2008.03.03 19:05:30.129,0.9711,0.97145,0.30,4.30
2008.03.03 19:05:30.363,0.9711,0.97145,0.30,4.30
2008.03.03 19:05:30.596,0.9711,0.97145,0.30,4.30
2008.03.03 19:05:30.835,0.9711,0.97145,0.30,4.30
2008.03.03 19:05:31.070,0.9711,0.97145,0.30,4.30
2008.03.03 19:05:31.404,0.9711,0.97145,0.30,4.30
2008.03.03 19:05:31.738,0.9711,0.97145,0.30,4.30
2008.03.03 19:05:32.073,0.9711,0.97145,0.30,4.30
2008.03.03 19:05:32.285,0.9711,0.97145,0.30,4.30
2008.03.03 19:05:32.492,0.9711,0.97145,0.30,4.30
2008.03.03 19:05:32.706,0.9711,0.97145,0.30,4.30
2008.03.03 19:05:32.915,0.9711,0.97145,0.30,4.30
2008.03.03 19:05:33.214,0.97105,0.97135,6.40,0.40
2008.03.03 19:05:33.512,0.97105,0.9714,4.80,0.40
2008.03.03 19:05:33.811,0.9711,0.97145,0.10,4.30
2008.03.03 19:05:34.109,0.9711,0.97145,0.10,4.30
2008.03.03 19:05:34.388,0.9711,0.97145,0.10,4.30
2008.03.03 19:05:34.666,0.9711,0.97145,0.10,4.30
2008.03.03 19:05:34.960,0.9711,0.97145,0.10,4.30
2008.03.03 19:05:35.240,0.9711,0.97145,0.10,4.30
2008.03.03 19:05:35.456,0.9711,0.97145,0.10,4.30
2008.03.03 19:05:35.673,0.9711,0.97145,0.10,4.30
2008.03.03 19:05:35.893,0.9711,0.97145,0.10,4.30
2008.03.03 19:05:36.111,0.9711,0.97145,0.10,4.30
2008.03.03 19:05:36.460,0.9711,0.97145,0.10,4.30
2008.03.03 19:05:36.793,0.9711,0.97145,0.10,4.30
2008.03.03 19:05:37.128,0.9711,0.97145,0.10,4.30
2008.03.03 19:05:37.341,0.9711,0.97145,0.10,4.30
2008.03.03 19:05:37.569,0.9711,0.97145,0.10,4.30
2008.03.03 19:05:37.767,0.9711,0.97145,0.10,4.30
2008.03.03 19:05:37.981,0.9711,0.97145,0.10,4.30
2008.03.03 19:05:38.279,0.9711,0.97145,0.10,4.30
2008.03.03 19:05:38.578,0.9711,0.97145,0.10,4.30
2008.03.03 19:05:38.877,0.9711,0.97145,0.10,4.30
2008.03.03 19:05:39.176,0.9711,0.97145,0.10,4.30
2008.03.03 19:05:39.400,0.9711,0.97145,0.10,4.30
2008.03.03 19:05:39.623,0.9711,0.97145,0.10,4.30
2008.03.03 19:05:39.846,0.9711,0.97145,0.10,4.30
2008.03.03 19:05:40.070,0.9711,0.97145,0.10,4.30
2008.03.03 19:05:40.373,0.9711,0.97145,0.10,4.30
2008.03.03 19:05:40.676,0.9711,0.97145,0.10,4.30
2008.03.03 19:05:40.981,0.9711,0.97145,0.10,4.30
2008.03.03 19:05:41.284,0.97115,0.97145,0.10,4.30
2008.03.03 19:05:41.617,0.97115,0.97145,0.10,4.30
2008.03.03 19:05:41.950,0.97115,0.97145,0.10,4.30
2008.03.03 19:05:42.288,0.9712,0.97145,0.10,1.60
2008.03.03 19:05:42.496,0.9712,0.97145,0.10,1.60
2008.03.03 19:05:42.705,0.97115,0.97145,2.40,1.90
2008.03.03 19:05:42.914,0.97115,0.97145,0.10,3.50
2008.03.03 19:05:43.122,0.97115,0.97145,0.10,2.70
2008.03.03 19:05:43.456,0.97115,0.97145,0.10,2.70
2008.03.03 19:05:43.810,0.97115,0.97145,0.10,2.70
2008.03.03 19:05:44.142,0.97115,0.97145,0.10,2.70
2008.03.03 19:05:44.476,0.97115,0.97145,0.10,2.70
2008.03.03 19:05:44.688,0.97115,0.97145,0.10,2.70
2008.03.03 19:05:44.897,0.97115,0.97145,0.10,2.70
2008.03.03 19:05:45.105,0.97115,0.97145,0.10,2.70
2008.03.03 19:05:45.314,0.97115,0.97145,0.10,2.70
2008.03.03 19:05:45.648,0.97115,0.97145,0.10,2.70
2008.03.03 19:05:45.989,0.97115,0.97145,0.10,2.70
2008.03.03 19:05:46.294,0.97115,0.97145,0.10,2.70
2008.03.03 19:05:46.627,0.97115,0.97145,0.10,2.70
2008.03.03 19:05:46.960,0.97115,0.97145,0.10,2.70
2008.03.03 19:05:47.294,0.97115,0.97145,0.10,2.70
2008.03.03 19:05:47.501,0.97115,0.97145,0.10,2.70
2008.03.03 19:05:47.709,0.97115,0.97145,0.10,2.70
2008.03.03 19:05:47.918,0.97115,0.97145,0.10,2.70
2008.03.03 19:05:48.138,0.97115,0.97145,0.10,2.70
2008.03.03 19:05:48.345,0.97115,0.97145,0.10,2.70
2008.03.03 19:05:48.654,0.97115,0.97145,0.10,2.70
2008.03.03 19:05:48.962,0.97115,0.97145,0.10,2.70
2008.03.03 19:05:49.270,0.97115,0.97145,0.10,2.70
2008.03.03 19:05:49.509,0.97115,0.97145,0.10,2.70
2008.03.03 19:05:49.747,0.97115,0.97145,0.10,2.70
2008.03.03 19:05:49.984,0.97115,0.97145,0.10,2.70
2008.03.03 19:05:50.222,0.97115,0.97145,0.10,2.70
2008.03.03 19:05:50.461,0.97115,0.97145,0.10,2.70
2008.03.03 19:05:50.729,0.97115,0.97145,0.10,2.70
2008.03.03 19:05:50.996,0.97115,0.97145,0.10,2.70
2008.03.03 19:05:51.264,0.97115,0.97145,0.10,2.70
2008.03.03 19:05:51.597,0.97115,0.97145,0.10,2.70
2008.03.03 19:05:51.930,0.97115,0.97145,0.10,2.70
2008.03.03 19:05:52.265,0.97125,0.9715,0.10,0.30
2008.03.03 19:05:52.600,0.97125,0.97155,0.10,2.40
2008.03.03 19:05:52.818,0.97125,0.97155,0.10,2.40
2008.03.03 19:05:53.036,0.97125,0.97155,0.10,2.40
2008.03.03 19:05:53.256,0.97125,0.97155,0.10,2.40
2008.03.03 19:05:53.494,0.97125,0.97155,0.10,2.40
2008.03.03 19:05:53.785,0.97125,0.97155,0.10,2.40
2008.03.03 19:05:54.093,0.97125,0.97155,0.10,2.40
2008.03.03 19:05:54.403,0.97125,0.97155,0.10,2.40
2008.03.03 19:05:54.665,0.97125,0.97155,0.10,2.40
2008.03.03 19:05:54.928,0.97125,0.97155,0.10,2.40
2008.03.03 19:05:55.202,0.97125,0.97155,0.10,2.40
2008.03.03 19:05:55.485,0.9714,0.97165,0.20,9.10
2008.03.03 19:05:55.750,0.9714,0.97165,0.20,5.10
2008.03.03 19:05:56.005,0.9713,0.97165,4.00,5.10
2008.03.03 19:05:56.252,0.9713,0.97165,4.00,5.10
2008.03.03 19:05:56.501,0.9713,0.97165,0.10,2.70
2008.03.03 19:05:56.835,0.9713,0.97165,0.10,2.70
2008.03.03 19:05:57.169,0.9713,0.97165,0.10,5.10
2008.03.03 19:05:57.506,0.9713,0.97165,0.10,5.10
2008.03.03 19:05:57.718,0.9713,0.97165,0.10,5.10
2008.03.03 19:05:57.931,0.9713,0.97165,0.10,5.10
2008.03.03 19:05:58.145,0.9713,0.97165,0.10,5.10
2008.03.03 19:05:58.359,0.97125,0.9716,2.40,0.40
2008.03.03 19:05:58.572,0.97125,0.9716,2.40,0.40
2008.03.03 19:05:58.897,0.9714,0.97165,0.20,9.10
2008.03.03 19:05:59.220,0.9714,0.97165,0.20,5.10
2008.03.03 19:05:59.544,0.9713,0.97165,0.10,5.10
2008.03.03 19:05:59.783,0.9713,0.97165,0.10,5.10
2008.03.03 19:06:00.025,0.9713,0.97165,0.10,2.70
2008.03.03 19:06:00.282,0.9713,0.97165,0.10,2.70
2008.03.03 19:06:00.521,0.9713,0.97165,0.10,2.70
2008.03.03 19:06:00.825,0.9713,0.97165,0.10,2.70
2008.03.03 19:06:01.129,0.9713,0.97165,0.10,2.70
2008.03.03 19:06:01.432,0.9713,0.97165,0.10,2.70
2008.03.03 19:06:01.737,0.9713,0.97165,0.10,2.70
2008.03.03 19:06:02.074,0.97135,0.97165,0.10,2.70
2008.03.03 19:06:02.407,0.97135,0.97165,2.40,0.40
2008.03.03 19:06:02.741,0.97135,0.97165,2.40,0.40
2008.03.03 19:06:02.954,0.97135,0.97165,0.10,2.70
2008.03.03 19:06:03.181,0.97135,0.97165,0.10,2.70
2008.03.03 19:06:03.407,0.97135,0.97165,0.10,2.70
2008.03.03 19:06:03.598,0.97135,0.97165,0.10,2.70
2008.03.03 19:06:03.927,0.9714,0.97165,0.10,2.40
2008.03.03 19:06:04.256,0.9713,0.9716,4.20,0.40
2008.03.03 19:06:04.584,0.9713,0.9716,4.20,0.40
2008.03.03 19:06:04.824,0.9713,0.97155,0.20,0.40
2008.03.03 19:06:05.062,0.97125,0.97155,2.40,0.40
2008.03.03 19:06:05.300,0.9713,0.9716,0.10,0.50
2008.03.03 19:06:05.539,0.9713,0.9716,0.10,0.40
2008.03.03 19:06:05.778,0.9713,0.9716,0.10,0.40
2008.03.03 19:06:06.111,0.9713,0.9716,0.10,0.40
2008.03.03 19:06:06.444,0.9713,0.9716,0.10,0.40
2008.03.03 19:06:06.778,0.9713,0.9716,0.10,0.40
2008.03.03 19:06:07.111,0.9713,0.9716,0.10,0.40
2008.03.03 19:06:07.444,0.9713,0.9716,0.10,0.40
2008.03.03 19:06:07.778,0.9713,0.9716,0.10,0.40
2008.03.03 19:06:08.008,0.9713,0.9716,0.10,0.40
2008.03.03 19:06:08.236,0.9713,0.9716,0.10,0.40
2008.03.03 19:06:08.465,0.9713,0.9716,0.10,0.40
2008.03.03 19:06:08.694,0.9713,0.9716,0.10,0.40
2008.03.03 19:06:08.997,0.9713,0.9716,0.10,0.40
2008.03.03 19:06:09.301,0.9713,0.9716,0.10,0.40
2008.03.03 19:06:09.622,0.9713,0.9716,0.10,0.40
2008.03.03 19:06:09.833,0.9713,0.9716,0.10,0.40
2008.03.03 19:06:10.062,0.9713,0.9716,0.10,0.40
2008.03.03 19:06:10.290,0.9713,0.9716,0.10,0.40
2008.03.03 19:06:10.520,0.9713,0.9716,0.10,0.40
2008.03.03 19:06:10.750,0.9713,0.9716,0.10,0.40
2008.03.03 19:06:11.053,0.9713,0.9716,0.10,0.40
2008.03.03 19:06:11.355,0.9713,0.9716,0.10,0.40
2008.03.03 19:06:11.658,0.9713,0.9716,0.10,0.40
2008.03.03 19:06:11.992,0.9713,0.9716,0.10,0.40
2008.03.03 19:06:12.326,0.9713,0.9716,0.10,0.40
2008.03.03 19:06:12.683,0.9713,0.9716,0.10,0.40
2008.03.03 19:06:12.889,0.9713,0.9716,0.10,0.40
2008.03.03 19:06:13.097,0.9713,0.9716,0.10,0.40
2008.03.03 19:06:13.306,0.9713,0.9716,0.10,0.40
2008.03.03 19:06:13.529,0.9713,0.9716,0.10,0.40
2008.03.03 19:06:13.721,0.9713,0.9716,0.10,0.40
2008.03.03 19:06:14.039,0.9713,0.9716,0.10,0.40
2008.03.03 19:06:14.358,0.9713,0.9716,0.10,0.40
2008.03.03 19:06:14.676,0.97135,0.9716,2.40,0.40
2008.03.03 19:06:14.995,0.9714,0.97165,0.20,0.40
2008.03.03 19:06:15.229,0.9714,0.97165,0.20,0.40
2008.03.03 19:06:15.473,0.9714,0.9717,0.30,0.40
2008.03.03 19:06:15.725,0.9714,0.9717,0.30,0.40
2008.03.03 19:06:16.056,0.9714,0.9717,0.30,0.40
2008.03.03 19:06:16.369,0.9714,0.9717,0.30,0.40
2008.03.03 19:06:16.684,0.9714,0.9717,0.30,0.40
2008.03.03 19:06:16.998,0.9714,0.97165,0.20,0.40
2008.03.03 19:06:17.327,0.9714,0.97165,0.20,0.40
2008.03.03 19:06:17.655,0.9714,0.97165,0.20,0.40
2008.03.03 19:06:17.984,0.9714,0.97165,0.20,0.40
2008.03.03 19:06:18.213,0.9714,0.97165,0.20,0.40
2008.03.03 19:06:18.442,0.9714,0.97165,0.20,0.40
2008.03.03 19:06:18.670,0.9714,0.97165,0.20,0.40
2008.03.03 19:06:18.898,0.9714,0.97165,0.20,0.40
2008.03.03 19:06:19.206,0.9714,0.97165,0.20,0.40
2008.03.03 19:06:19.532,0.9714,0.97165,0.20,0.40
2008.03.03 19:06:19.839,0.9714,0.97165,0.20,0.40
2008.03.03 19:06:20.063,0.9714,0.97165,0.20,0.40
2008.03.03 19:06:20.286,0.9715,0.9717,0.10,0.30
2008.03.03 19:06:20.511,0.9715,0.9717,0.20,0.40
2008.03.03 19:06:20.747,0.9715,0.9717,0.20,0.40
2008.03.03 19:06:21.005,0.9714,0.9717,4.00,0.40
2008.03.03 19:06:21.343,0.97135,0.97165,0.10,2.70
2008.03.03 19:06:21.645,0.97135,0.97165,0.10,2.70
2008.03.03 19:06:21.963,0.97135,0.97165,0.10,2.70
2008.03.03 19:06:22.299,0.9713,0.9716,0.10,0.40
2008.03.03 19:06:22.633,0.9713,0.9716,0.10,0.40
2008.03.03 19:06:22.991,0.97125,0.9716,0.10,0.40
2008.03.03 19:06:23.242,0.97125,0.97155,0.10,2.40
2008.03.03 19:06:23.477,0.97125,0.97155,0.10,2.40
2008.03.03 19:06:23.711,0.97125,0.97155,0.10,2.40
2008.03.03 19:06:23.946,0.97125,0.97155,0.10,2.40
2008.03.03 19:06:25.684,0.97125,0.97155,0.10,9.60
2008.03.03 19:06:25.745,0.97115,0.97145,2.40,0.40
2008.03.03 19:06:25.780,0.97115,0.97145,2.40,0.40
2008.03.03 19:06:25.823,0.97115,0.97145,2.40,0.40
2008.03.03 19:06:25.869,0.97115,0.97145,2.40,0.40
2008.03.03 19:06:25.902,0.97115,0.97145,2.40,0.40
2008.03.03 19:06:25.973,0.97115,0.97145,2.40,0.40
2008.03.03 19:06:26.006,0.97115,0.97145,2.40,0.40
2008.03.03 19:06:26.054,0.97115,0.97145,2.40,0.40
2008.03.03 19:06:26.084,0.97115,0.97145,2.40,0.40
2008.03.03 19:06:26.117,0.97115,0.97145,2.40,0.40
2008.03.03 19:06:26.166,0.97115,0.97145,2.40,0.40
2008.03.03 19:06:26.198,0.97115,0.97145,2.40,0.40
2008.03.03 19:06:26.247,0.97115,0.97145,2.40,0.40
2008.03.03 19:06:26.269,0.97115,0.97145,2.40,0.40
2008.03.03 19:06:26.302,0.97115,0.97145,2.40,0.40
2008.03.03 19:06:26.336,0.97115,0.97145,2.40,0.40
2008.03.03 19:06:26.370,0.97115,0.97145,2.40,0.40
2008.03.03 19:06:26.420,0.97115,0.97145,2.40,0.40
2008.03.03 19:06:26.453,0.97115,0.97145,2.40,0.40
2008.03.03 19:06:26.487,0.97115,0.97145,2.40,0.40
2008.03.03 19:06:26.521,0.97115,0.97145,2.40,0.40
2008.03.03 19:06:26.554,0.97115,0.97145,2.40,0.40
2008.03.03 19:06:26.607,0.97115,0.97145,2.40,0.40
2008.03.03 19:06:26.643,0.97115,0.97145,2.40,0.40
2008.03.03 19:06:26.678,0.97115,0.97145,2.40,0.40
2008.03.03 19:06:27.011,0.97115,0.97145,2.40,0.40
2008.03.03 19:06:27.344,0.97115,0.97145,2.40,0.40
2008.03.03 19:06:27.677,0.97115,0.97145,2.40,0.40
2008.03.03 19:06:28.011,0.97115,0.97145,2.40,0.40
2008.03.03 19:06:28.234,0.97115,0.97145,2.40,0.40
2008.03.03 19:06:28.457,0.97115,0.97145,2.40,0.40
2008.03.03 19:06:28.682,0.97115,0.97145,2.40,0.40
2008.03.03 19:06:28.912,0.9712,0.9715,0.10,0.50
2008.03.03 19:06:29.227,0.9712,0.9715,0.10,0.40
2008.03.03 19:06:29.542,0.9712,0.9715,0.10,0.40
2008.03.03 19:06:29.856,0.9712,0.9715,0.10,0.40
2008.03.03 19:06:30.069,0.9712,0.9715,0.10,0.40
2008.03.03 19:06:30.285,0.9712,0.9715,0.10,0.40
2008.03.03 19:06:30.498,0.9712,0.9715,0.10,0.40
2008.03.03 19:06:30.711,0.9712,0.9715,0.10,0.40
2008.03.03 19:06:30.926,0.9712,0.9715,0.10,0.40
2008.03.03 19:06:31.253,0.9712,0.9715,0.10,0.40
2008.03.03 19:06:31.580,0.9712,0.9715,0.10,0.40
2008.03.03 19:06:31.910,0.9712,0.9715,0.10,0.40
2008.03.03 19:06:32.233,0.97125,0.9715,2.40,0.40
2008.03.03 19:06:32.556,0.9713,0.9716,0.10,0.40
2008.03.03 19:06:32.881,0.9713,0.9716,0.10,0.40
2008.03.03 19:06:33.120,0.9713,0.9716,0.10,0.40
2008.03.03 19:06:33.376,0.9713,0.9716,0.10,0.40
2008.03.03 19:06:33.614,0.9713,0.9716,0.10,0.40
2008.03.03 19:06:33.853,0.9713,0.9716,0.10,1.10
2008.03.03 19:06:34.111,0.9713,0.9716,0.10,1.10
2008.03.03 19:06:34.370,0.9713,0.9716,0.10,1.10
2008.03.03 19:06:34.629,0.9713,0.9716,0.10,1.10
2008.03.03 19:06:34.888,0.97125,0.97155,2.40,0.40
2008.03.03 19:06:35.151,0.97125,0.97155,2.40,0.40
2008.03.03 19:06:35.415,0.97125,0.97155,2.40,0.40
2008.03.03 19:06:35.679,0.97125,0.9715,2.40,0.40
2008.03.03 19:06:35.947,0.97125,0.9715,2.40,0.40
2008.03.03 19:06:36.236,0.97125,0.9715,2.40,0.40
2008.03.03 19:06:36.515,0.97125,0.9715,2.40,0.40
2008.03.03 19:06:36.797,0.97125,0.9715,2.40,0.40
2008.03.03 19:06:37.075,0.97125,0.9715,2.40,0.40
2008.03.03 19:06:37.410,0.97125,0.9715,2.40,0.40
2008.03.03 19:06:37.744,0.97125,0.9715,2.40,0.40
2008.03.03 19:06:38.077,0.97125,0.9715,2.40,0.40
2008.03.03 19:06:38.285,0.97125,0.9715,2.40,0.40
2008.03.03 19:06:38.493,0.97125,0.9715,2.40,0.40
2008.03.03 19:06:38.702,0.97125,0.9715,2.40,0.40
2008.03.03 19:06:38.911,0.97125,0.9715,2.40,0.40
2008.03.03 19:06:39.120,0.97125,0.9715,2.40,0.40
2008.03.03 19:06:39.454,0.97125,0.97155,2.40,0.40
2008.03.03 19:06:39.788,0.97125,0.97155,2.40,0.40
2008.03.03 19:06:40.120,0.9713,0.9716,0.10,1.10
2008.03.03 19:06:40.354,0.9713,0.9716,0.10,1.10
2008.03.03 19:06:40.590,0.9713,0.9716,0.10,1.10
2008.03.03 19:06:40.822,0.9713,0.9716,0.10,1.10
2008.03.03 19:06:41.056,0.9713,0.9716,0.10,1.10
2008.03.03 19:06:41.351,0.9713,0.9716,0.10,1.10
2008.03.03 19:06:41.645,0.9713,0.9716,0.10,1.10
2008.03.03 19:06:41.938,0.9713,0.9716,0.10,1.10
2008.03.03 19:06:42.230,0.9713,0.9716,0.10,1.10
2008.03.03 19:06:42.563,0.97125,0.9715,2.40,0.40
2008.03.03 19:06:42.898,0.97125,0.9715,2.40,0.40
2008.03.03 19:06:43.237,0.97125,0.9715,2.40,0.40
2008.03.03 19:06:43.457,0.97125,0.97155,2.40,2.70
2008.03.03 19:06:43.680,0.97125,0.9715,2.40,0.40
2008.03.03 19:06:43.906,0.97125,0.9715,2.40,0.40
2008.03.03 19:06:44.130,0.97125,0.9715,2.40,0.40
2008.03.03 19:06:44.435,0.97125,0.9715,2.40,0.40
2008.03.03 19:06:44.740,0.97125,0.97155,2.40,0.40
2008.03.03 19:06:45.042,0.97125,0.97155,2.40,0.40
2008.03.03 19:06:45.287,0.97125,0.9715,2.40,0.40
2008.03.03 19:06:45.531,0.97125,0.9715,2.40,0.40
2008.03.03 19:06:45.775,0.97125,0.9715,2.40,0.40
2008.03.03 19:06:46.018,0.97125,0.9715,2.40,0.40
2008.03.03 19:06:46.274,0.97125,0.97155,2.40,0.40
2008.03.03 19:06:46.606,0.97125,0.97155,2.40,0.40
2008.03.03 19:06:46.939,0.97125,0.97155,2.40,0.40
2008.03.03 19:06:47.272,0.97125,0.97155,2.40,0.40
2008.03.03 19:06:47.481,0.97125,0.97155,2.40,0.40
2008.03.03 19:06:47.701,0.97125,0.97155,2.40,0.40
2008.03.03 19:06:47.910,0.9713,0.9716,0.10,0.40
2008.03.03 19:06:48.119,0.9713,0.9716,0.10,0.40
2008.03.03 19:06:48.434,0.9713,0.9716,0.10,0.40
2008.03.03 19:06:48.748,0.9713,0.9716,0.10,0.40
2008.03.03 19:06:49.063,0.97135,0.97165,2.40,0.40
2008.03.03 19:06:49.322,0.9714,0.97165,0.10,2.40
2008.03.03 19:06:49.580,0.9714,0.97165,0.10,2.40
2008.03.03 19:06:49.858,0.9714,0.97165,0.10,2.40
2008.03.03 19:06:50.097,0.9714,0.97165,0.10,2.40
2008.03.03 19:06:50.355,0.9714,0.97165,0.10,2.40
2008.03.03 19:06:50.623,0.9714,0.97165,0.10,2.40
2008.03.03 19:06:50.892,0.9714,0.97165,0.10,2.40
2008.03.03 19:06:51.160,0.9714,0.97165,0.10,2.40
2008.03.03 19:06:51.493,0.9714,0.97165,0.10,2.40
2008.03.03 19:06:51.826,0.9714,0.97165,0.10,2.40
2008.03.03 19:06:52.159,0.9714,0.97165,0.10,2.40
2008.03.03 19:06:52.492,0.9714,0.97165,0.10,2.40
2008.03.03 19:06:52.690,0.9714,0.97165,0.10,2.40
2008.03.03 19:06:52.889,0.9714,0.97165,0.10,2.40
2008.03.03 19:06:53.088,0.9714,0.97165,0.10,2.40
2008.03.03 19:06:53.286,0.9714,0.97165,0.10,2.40
2008.03.03 19:06:53.634,0.9714,0.97165,0.10,2.40
2008.03.03 19:06:53.968,0.9714,0.97165,0.10,2.40
2008.03.03 19:06:54.301,0.9714,0.97165,0.10,2.40
2008.03.03 19:06:54.510,0.9714,0.97165,0.10,2.40
2008.03.03 19:06:54.717,0.9714,0.97165,0.10,2.40
2008.03.03 19:06:54.927,0.9714,0.97165,0.10,2.40
2008.03.03 19:06:55.135,0.9714,0.97165,0.10,2.40
2008.03.03 19:06:55.344,0.9714,0.97165,0.10,2.40
2008.03.03 19:06:55.667,0.9714,0.97165,0.10,2.40
2008.03.03 19:06:56.003,0.9714,0.97165,0.10,2.40
2008.03.03 19:06:56.326,0.9714,0.97165,0.10,2.40
2008.03.03 19:06:56.659,0.97135,0.97165,0.10,2.70
2008.03.03 19:06:56.992,0.97135,0.97165,0.10,2.70
2008.03.03 19:06:57.326,0.97135,0.97165,2.40,0.40
2008.03.03 19:06:57.554,0.97135,0.97165,2.40,0.40
2008.03.03 19:06:57.802,0.97135,0.97165,2.40,0.40
2008.03.03 19:06:58.030,0.97135,0.97165,2.40,0.40
2008.03.03 19:06:58.275,0.97135,0.97165,0.10,2.70
2008.03.03 19:06:58.546,0.97135,0.97165,0.10,2.70
2008.03.03 19:06:58.851,0.97135,0.97165,0.10,2.70
2008.03.03 19:06:59.121,0.97135,0.97165,0.10,2.70
2008.03.03 19:06:59.409,0.97135,0.97165,0.10,2.70
2008.03.03 19:06:59.662,0.97135,0.97165,0.10,2.70
2008.03.03 19:06:59.915,0.97135,0.97165,0.10,2.70
2008.03.03 19:07:00.168,0.97135,0.97165,0.10,2.70
2008.03.03 19:07:00.421,0.97135,0.97165,0.10,2.70
2008.03.03 19:07:00.720,0.97135,0.97165,0.10,2.70
2008.03.03 19:07:01.018,0.97135,0.97165,0.10,2.70
2008.03.03 19:07:01.316,0.97135,0.97165,0.10,2.70
2008.03.03 19:07:01.650,0.97135,0.97165,0.10,2.70
2008.03.03 19:07:01.984,0.9713,0.9716,0.10,0.40
2008.03.03 19:07:02.318,0.9713,0.9716,0.10,0.40
2008.03.03 19:07:02.542,0.9713,0.9716,0.10,0.40
2008.03.03 19:07:02.765,0.9713,0.9716,0.10,0.40
2008.03.03 19:07:02.990,0.9713,0.9716,0.10,0.40
2008.03.03 19:07:03.213,0.9713,0.9716,0.10,0.40
2008.03.03 19:07:03.437,0.9713,0.9716,0.10,0.40
2008.03.03 19:07:03.741,0.9713,0.9716,0.10,0.40
2008.03.03 19:07:04.045,0.9713,0.9716,0.10,0.40
2008.03.03 19:07:04.348,0.9713,0.9716,0.10,0.40
2008.03.03 19:07:04.586,0.9713,0.9716,0.10,0.40
2008.03.03 19:07:04.825,0.9713,0.9716,0.10,0.40
2008.03.03 19:07:05.062,0.9713,0.9716,0.10,0.40
2008.03.03 19:07:05.301,0.9713,0.9716,0.10,0.40
2008.03.03 19:07:05.604,0.9714,0.97165,0.10,4.80
2008.03.03 19:07:05.908,0.9714,0.97165,0.10,2.40
2008.03.03 19:07:06.212,0.9714,0.97165,0.10,2.40
2008.03.03 19:07:06.516,0.97135,0.9717,2.40,0.40
2008.03.03 19:07:06.849,0.97135,0.9717,2.40,0.40
2008.03.03 19:07:07.182,0.97135,0.9717,2.40,0.40
2008.03.03 19:07:07.516,0.9714,0.97175,0.10,6.70
2008.03.03 19:07:07.734,0.9714,0.97175,0.10,4.30
2008.03.03 19:07:07.953,0.9714,0.97175,0.10,4.30
2008.03.03 19:07:08.172,0.97145,0.97175,2.40,1.90
2008.03.03 19:07:08.391,0.97145,0.97175,2.40,1.90
2008.03.03 19:07:08.609,0.97145,0.97175,2.40,1.60
2008.03.03 19:07:08.937,0.97145,0.97175,2.40,1.60
2008.03.03 19:07:09.274,0.97145,0.97175,2.40,1.60
2008.03.03 19:07:09.596,0.97145,0.9717,2.40,0.40
2008.03.03 19:07:09.834,0.97135,0.9717,8.80,0.40
2008.03.03 19:07:10.072,0.97135,0.9717,8.80,0.40
2008.03.03 19:07:10.310,0.97135,0.9717,8.80,0.40
2008.03.03 19:07:10.548,0.97135,0.9717,8.80,0.40
2008.03.03 19:07:10.816,0.97135,0.9717,8.80,0.40
2008.03.03 19:07:11.084,0.97135,0.9717,8.80,0.40
2008.03.03 19:07:11.355,0.97135,0.9717,2.40,0.40
2008.03.03 19:07:11.641,0.97135,0.9717,2.40,0.40
2008.03.03 19:07:11.974,0.97135,0.9717,2.40,0.40
2008.03.03 19:07:12.308,0.97135,0.9717,2.40,0.40
2008.03.03 19:07:12.641,0.97135,0.9717,2.40,0.40
2008.03.03 19:07:12.869,0.97135,0.9717,2.40,0.40
2008.03.03 19:07:13.097,0.97135,0.9717,2.40,0.40
2008.03.03 19:07:13.346,0.97135,0.9717,2.40,0.40
2008.03.03 19:07:13.573,0.97135,0.9717,2.40,0.40
2008.03.03 19:07:13.871,0.97135,0.9717,2.40,0.40
2008.03.03 19:07:14.169,0.97135,0.9717,2.40,0.40
2008.03.03 19:07:14.467,0.97135,0.9717,2.40,0.40
2008.03.03 19:07:14.783,0.97135,0.9717,2.40,0.40
2008.03.03 19:07:15.025,0.97135,0.9717,2.40,0.40
2008.03.03 19:07:15.268,0.97135,0.9717,2.40,0.40
2008.03.03 19:07:15.511,0.97135,0.9717,2.40,0.40
2008.03.03 19:07:15.756,0.97135,0.9717,2.40,0.40
2008.03.03 19:07:16.039,0.97135,0.9717,2.40,0.40
2008.03.03 19:07:16.310,0.97135,0.9717,2.40,0.40
2008.03.03 19:07:16.584,0.97135,0.9717,2.40,0.40
2008.03.03 19:07:16.856,0.97135,0.9717,2.40,0.40
2008.03.03 19:07:17.189,0.97135,0.9717,2.40,0.40
2008.03.03 19:07:17.522,0.97135,0.9717,2.40,0.40
2008.03.03 19:07:17.855,0.97135,0.9717,2.40,0.40
2008.03.03 19:07:18.081,0.97135,0.9717,2.40,0.40
2008.03.03 19:07:18.295,0.97135,0.9717,2.40,0.40
2008.03.03 19:07:18.508,0.97135,0.9717,2.40,0.40
2008.03.03 19:07:18.721,0.97135,0.9717,2.40,0.40
2008.03.03 19:07:19.051,0.97135,0.9717,2.40,0.40
2008.03.03 19:07:19.380,0.97135,0.9717,2.40,0.40
2008.03.03 19:07:19.708,0.97135,0.9717,2.40,0.40
2008.03.03 19:07:19.917,0.97135,0.9717,2.40,0.40
2008.03.03 19:07:20.126,0.97135,0.9717,2.40,0.40
2008.03.03 19:07:20.333,0.97135,0.9717,2.40,0.40
2008.03.03 19:07:20.542,0.97135,0.9717,2.40,0.40
2008.03.03 19:07:20.750,0.97135,0.9717,2.40,0.40
2008.03.03 19:07:21.068,0.97135,0.9717,2.40,0.40
2008.03.03 19:07:21.387,0.97135,0.9717,2.40,0.40
2008.03.03 19:07:21.704,0.97135,0.9717,2.40,0.40
2008.03.03 19:07:22.022,0.97135,0.9717,2.40,0.40
2008.03.03 19:07:22.355,0.97135,0.9717,2.40,0.40
2008.03.03 19:07:22.689,0.97135,0.9717,2.40,0.40
2008.03.03 19:07:23.022,0.97135,0.9717,2.40,0.40
2008.03.03 19:07:23.240,0.97135,0.9717,2.40,0.40
2008.03.03 19:07:23.473,0.97135,0.9717,2.40,0.40
2008.03.03 19:07:23.691,0.97135,0.9717,2.40,0.40
2008.03.03 19:07:23.909,0.97135,0.9717,2.40,0.40
2008.03.03 19:07:24.203,0.97135,0.9717,2.40,0.40
2008.03.03 19:07:24.497,0.97135,0.9717,2.40,0.40
2008.03.03 19:07:24.791,0.97135,0.9717,2.40,0.40
2008.03.03 19:07:25.030,0.97135,0.9717,2.40,0.40
2008.03.03 19:07:25.267,0.97135,0.9717,2.40,0.40
2008.03.03 19:07:25.505,0.97135,0.9717,2.40,0.40
2008.03.03 19:07:25.743,0.97135,0.9717,2.40,0.40
2008.03.03 19:07:25.981,0.97135,0.9717,2.40,0.40
2008.03.03 19:07:26.254,0.97135,0.9717,2.40,0.40
2008.03.03 19:07:26.542,0.97135,0.9717,2.40,0.40
2008.03.03 19:07:26.815,0.97135,0.9717,2.40,0.40
2008.03.03 19:07:27.147,0.97135,0.9717,2.40,0.40
2008.03.03 19:07:27.480,0.97135,0.9717,2.40,0.40
2008.03.03 19:07:27.824,0.97135,0.9717,2.40,0.40
2008.03.03 19:07:28.146,0.97135,0.9717,2.40,0.40
2008.03.03 19:07:28.360,0.97135,0.9717,2.40,0.40
2008.03.03 19:07:28.574,0.97135,0.9717,2.40,0.40
2008.03.03 19:07:28.798,0.97135,0.9717,2.40,0.40
2008.03.03 19:07:29.008,0.97135,0.9717,2.40,0.40
2008.03.03 19:07:29.312,0.97135,0.9717,2.40,0.40
2008.03.03 19:07:29.616,0.97135,0.9717,2.40,0.40
2008.03.03 19:07:29.921,0.97135,0.9717,2.40,0.40
2008.03.03 19:07:30.173,0.97135,0.9717,2.40,0.40
2008.03.03 19:07:30.446,0.97135,0.9717,4.80,0.40
2008.03.03 19:07:30.691,0.9714,0.97175,0.10,4.30
2008.03.03 19:07:30.935,0.9714,0.97175,0.10,4.30
2008.03.03 19:07:31.224,0.9714,0.97175,0.10,4.30
2008.03.03 19:07:31.513,0.9714,0.97175,0.10,4.30
2008.03.03 19:07:31.801,0.97135,0.9717,8.80,0.40
2008.03.03 19:07:32.089,0.9714,0.97175,0.10,4.30
2008.03.03 19:07:34.405,0.97135,0.9717,6.40,0.40
2008.03.03 19:07:34.446,0.97135,0.9717,2.40,0.40
2008.03.03 19:07:34.488,0.97135,0.9717,2.40,0.40
2008.03.03 19:07:34.542,0.97135,0.9717,2.40,0.40
2008.03.03 19:07:34.583,0.97135,0.9717,2.40,0.40
2008.03.03 19:07:34.644,0.97135,0.9717,2.40,0.40
2008.03.03 19:07:34.687,0.97135,0.9717,2.40,0.40
2008.03.03 19:07:34.731,0.97135,0.9717,2.40,0.40
2008.03.03 19:07:34.788,0.97135,0.9717,2.40,0.40
2008.03.03 19:07:34.829,0.97135,0.9717,2.40,0.40
2008.03.03 19:07:34.882,0.97135,0.9717,2.40,0.40
2008.03.03 19:07:34.924,0.97135,0.9717,2.40,0.40
2008.03.03 19:07:34.984,0.97135,0.9717,2.40,0.40
2008.03.03 19:07:35.027,0.97135,0.9717,2.40,0.40
2008.03.03 19:07:35.071,0.97135,0.9717,2.40,0.40
2008.03.03 19:07:35.117,0.97135,0.9717,2.40,0.40
2008.03.03 19:07:35.160,0.97135,0.9717,2.40,0.40
2008.03.03 19:07:35.219,0.97135,0.9717,2.40,0.40
2008.03.03 19:07:35.260,0.97135,0.9717,2.40,0.40
2008.03.03 19:07:35.324,0.97135,0.9717,2.40,0.40
2008.03.03 19:07:35.367,0.97135,0.9717,2.40,0.40
2008.03.03 19:07:35.410,0.97135,0.9717,2.40,0.40
2008.03.03 19:07:35.742,0.97135,0.9717,2.40,0.40
2008.03.03 19:07:36.076,0.97135,0.9717,2.40,0.40
2008.03.03 19:07:36.410,0.97135,0.9717,2.40,0.40
2008.03.03 19:07:36.738,0.97135,0.9717,2.40,0.40
2008.03.03 19:07:37.066,0.97135,0.9717,2.40,0.40
2008.03.03 19:07:37.394,0.97135,0.9717,2.40,0.40
2008.03.03 19:07:37.739,0.97135,0.9717,2.40,0.40
2008.03.03 19:07:37.925,0.97135,0.9717,2.40,0.40
2008.03.03 19:07:38.129,0.97135,0.9717,2.40,0.40
2008.03.03 19:07:38.333,0.97135,0.9717,2.40,0.40
2008.03.03 19:07:38.536,0.97135,0.9717,2.40,0.40
2008.03.03 19:07:38.869,0.97135,0.9717,2.40,0.40
2008.03.03 19:07:39.202,0.97135,0.9717,2.40,0.40
2008.03.03 19:07:39.535,0.97135,0.9717,2.40,0.40
2008.03.03 19:07:39.755,0.97135,0.9717,2.40,0.40
2008.03.03 19:07:39.959,0.97135,0.9717,2.40,0.40
2008.03.03 19:07:40.163,0.97135,0.9717,2.40,0.40
2008.03.03 19:07:40.365,0.97135,0.9717,2.40,0.40
2008.03.03 19:07:40.567,0.97135,0.9717,2.40,0.40
2008.03.03 19:07:40.901,0.97135,0.9717,2.40,0.40
2008.03.03 19:07:41.233,0.97135,0.9717,2.40,0.40
2008.03.03 19:07:41.567,0.97135,0.9717,2.40,0.40
2008.03.03 19:07:41.903,0.97135,0.9717,2.40,0.40
2008.03.03 19:07:42.236,0.97135,0.9717,2.40,0.40
2008.03.03 19:07:42.569,0.97135,0.9717,2.40,0.40
2008.03.03 19:07:42.793,0.97135,0.9717,2.40,0.40
2008.03.03 19:07:43.017,0.97135,0.9717,2.40,0.40
2008.03.03 19:07:43.258,0.97135,0.9717,2.40,0.40
2008.03.03 19:07:43.483,0.97135,0.9717,2.40,0.40
2008.03.03 19:07:43.706,0.97135,0.9717,2.40,0.40
2008.03.03 19:07:44.020,0.97135,0.9717,2.40,0.40
2008.03.03 19:07:44.334,0.97135,0.9717,2.40,0.40
2008.03.03 19:07:44.646,0.97135,0.9717,2.40,0.40
2008.03.03 19:07:44.859,0.97135,0.9717,2.40,0.40
2008.03.03 19:07:45.072,0.97135,0.9717,2.40,0.40
2008.03.03 19:07:45.285,0.97135,0.9717,2.40,0.40
2008.03.03 19:07:45.502,0.97135,0.9717,2.40,0.40
2008.03.03 19:07:45.716,0.97135,0.9717,2.40,0.40
2008.03.03 19:07:46.044,0.97135,0.9717,2.40,0.40
2008.03.03 19:07:46.372,0.97135,0.9717,2.40,0.40
2008.03.03 19:07:46.699,0.97135,0.9717,2.40,0.40
2008.03.03 19:07:47.018,0.97135,0.9717,2.40,0.40
2008.03.03 19:07:47.335,0.97135,0.9717,2.40,0.40
2008.03.03 19:07:47.654,0.97135,0.9717,2.40,0.40
2008.03.03 19:07:47.898,0.97135,0.9717,2.40,0.40
2008.03.03 19:07:48.143,0.97135,0.9717,2.40,0.40
2008.03.03 19:07:48.384,0.97135,0.9717,2.40,0.40
2008.03.03 19:07:48.628,0.97135,0.9717,2.40,0.40
2008.03.03 19:07:48.888,0.97135,0.9717,2.40,0.40
2008.03.03 19:07:49.176,0.97145,0.97175,0.10,6.40
2008.03.03 19:07:49.465,0.97145,0.97175,2.40,1.60
2008.03.03 19:07:49.753,0.97145,0.97175,2.40,1.60
2008.03.03 19:07:50.011,0.97145,0.97175,2.40,0.80
2008.03.03 19:07:50.270,0.97145,0.97175,2.40,1.60
2008.03.03 19:07:50.528,0.97145,0.97175,3.20,1.60
2008.03.03 19:07:50.788,0.97145,0.97175,4.00,1.60
2008.03.03 19:07:51.081,0.97155,0.97185,2.40,9.10
2008.03.03 19:07:51.355,0.97155,0.97185,2.40,0.40
2008.03.03 19:07:51.628,0.97155,0.97185,2.40,1.10
2008.03.03 19:07:51.903,0.9715,0.97185,0.30,4.30
2008.03.03 19:07:52.238,0.9715,0.97185,0.30,4.30
2008.03.03 19:07:52.571,0.9715,0.97185,0.30,2.70
2008.03.03 19:07:52.905,0.9715,0.97185,0.30,2.70
2008.03.03 19:07:53.104,0.9715,0.97185,0.30,2.70
2008.03.03 19:07:53.303,0.9715,0.97185,0.30,2.70
2008.03.03 19:07:53.502,0.9715,0.97185,0.30,2.70
2008.03.03 19:07:53.702,0.97145,0.97175,11.20,0.40
2008.03.03 19:07:53.900,0.97145,0.97175,2.40,0.40
2008.03.03 19:07:54.233,0.97145,0.97175,2.40,0.40
2008.03.03 19:07:54.568,0.97145,0.9718,2.40,1.10
2008.03.03 19:07:54.901,0.97145,0.9718,2.40,0.40
2008.03.03 19:07:55.121,0.97145,0.97175,2.40,0.40
2008.03.03 19:07:55.347,0.97145,0.97175,2.40,0.40
2008.03.03 19:07:55.583,0.97145,0.97175,2.40,0.40
2008.03.03 19:07:55.786,0.97145,0.97175,2.40,0.40
2008.03.03 19:07:56.004,0.97145,0.97175,2.40,0.40
2008.03.03 19:07:56.339,0.97145,0.97175,2.40,0.40
2008.03.03 19:07:56.672,0.97145,0.9718,2.40,0.40
2008.03.03 19:07:57.006,0.97145,0.97175,2.40,0.40
2008.03.03 19:07:57.340,0.9714,0.97175,0.10,2.70
2008.03.03 19:07:57.673,0.9714,0.97175,0.10,2.70
2008.03.03 19:07:58.007,0.9714,0.97175,0.10,2.70
2008.03.03 19:07:58.231,0.9714,0.97175,0.10,2.70
2008.03.03 19:07:58.454,0.9714,0.97175,0.10,2.70
2008.03.03 19:07:58.679,0.97145,0.97175,0.10,2.40
2008.03.03 19:07:58.902,0.97145,0.97175,0.10,2.40
2008.03.03 19:07:59.196,0.97145,0.97175,0.10,2.40
2008.03.03 19:07:59.490,0.97145,0.97175,0.10,2.40
2008.03.03 19:07:59.783,0.97135,0.9717,2.40,0.40
2008.03.03 19:08:00.076,0.97135,0.9717,2.40,0.40
2008.03.03 19:08:00.329,0.97135,0.9717,2.40,0.40
2008.03.03 19:08:00.583,0.97135,0.9717,2.40,0.40
2008.03.03 19:08:00.838,0.9714,0.97175,0.80,5.10
2008.03.03 19:08:01.095,0.9715,0.97185,0.10,12.30
2008.03.03 19:08:01.378,0.9715,0.97185,0.10,7.50
2008.03.03 19:08:01.661,0.9715,0.97185,0.10,7.50
2008.03.03 19:08:01.945,0.9715,0.97185,0.10,7.50
2008.03.03 19:08:02.227,0.9715,0.97185,0.10,7.50
2008.03.03 19:08:02.561,0.9715,0.97185,0.10,7.50
2008.03.03 19:08:02.893,0.9715,0.97185,0.10,7.50
2008.03.03 19:08:03.227,0.9715,0.97185,0.10,7.50
2008.03.03 19:08:03.445,0.9715,0.97185,0.10,7.50
2008.03.03 19:08:03.682,0.9715,0.97185,0.10,7.50
2008.03.03 19:08:03.901,0.9715,0.97185,0.10,7.50
2008.03.03 19:08:04.121,0.9715,0.97185,0.10,7.50
2008.03.03 19:08:04.428,0.9715,0.97185,0.10,7.50
2008.03.03 19:08:04.736,0.9715,0.97185,0.10,7.50
2008.03.03 19:08:05.045,0.9715,0.97185,0.10,7.50
2008.03.03 19:08:05.273,0.9715,0.97185,0.10,7.50
2008.03.03 19:08:05.501,0.9715,0.97185,0.10,7.50
2008.03.03 19:08:05.730,0.9715,0.97185,0.10,7.50
2008.03.03 19:08:05.957,0.9715,0.97185,0.10,7.50
2008.03.03 19:08:06.185,0.9715,0.97185,0.10,7.50
2008.03.03 19:08:06.473,0.9715,0.97185,0.10,7.50
2008.03.03 19:08:06.762,0.9715,0.97185,0.10,8.30
2008.03.03 19:08:07.051,0.9715,0.9718,0.10,0.80
2008.03.03 19:08:07.384,0.97145,0.9718,2.40,0.40
2008.03.03 19:08:07.717,0.97145,0.9718,2.40,0.40
2008.03.03 19:08:08.050,0.97145,0.9718,2.40,0.40
2008.03.03 19:08:08.272,0.97145,0.9718,2.40,0.40
2008.03.03 19:08:08.495,0.97145,0.9718,2.40,0.40
2008.03.03 19:08:08.718,0.97145,0.9718,2.40,0.40
2008.03.03 19:08:08.942,0.97145,0.9718,2.40,0.40
2008.03.03 19:08:09.166,0.97145,0.9718,2.40,0.40
2008.03.03 19:08:09.471,0.97145,0.9718,2.40,1.10
2008.03.03 19:08:09.774,0.97145,0.97175,2.40,0.40
2008.03.03 19:08:10.078,0.97145,0.97175,2.40,0.40
2008.03.03 19:08:10.321,0.97145,0.97175,2.40,0.40
2008.03.03 19:08:12.230,0.97145,0.97175,2.40,0.40
2008.03.03 19:08:12.289,0.97145,0.97175,2.40,0.40
2008.03.03 19:08:12.333,0.97145,0.97175,2.40,0.40
2008.03.03 19:08:12.377,0.97145,0.97175,2.40,0.40
2008.03.03 19:08:12.435,0.97145,0.97175,2.40,0.40
2008.03.03 19:08:12.477,0.97145,0.97175,2.40,0.40
2008.03.03 19:08:13.630,0.97145,0.97175,2.40,0.40
2008.03.03 19:08:13.900,0.9715,0.97185,0.10,7.50
2008.03.03 19:08:14.177,0.9715,0.97185,0.10,8.30
2008.03.03 19:08:14.468,0.9715,0.97185,0.10,9.10
2008.03.03 19:08:14.762,0.9715,0.97185,0.10,9.10
2008.03.03 19:08:15.035,0.9715,0.97185,0.10,9.10
2008.03.03 19:08:15.307,0.9715,0.97185,0.10,9.10
2008.03.03 19:08:15.581,0.9715,0.97185,0.10,9.10
2008.03.03 19:08:15.856,0.9715,0.97185,0.10,9.10
2008.03.03 19:08:16.136,0.9715,0.97185,0.10,9.10
2008.03.03 19:08:16.400,0.9715,0.97185,0.10,9.10
2008.03.03 19:08:16.631,0.9715,0.97185,0.10,9.10
2008.03.03 19:08:16.880,0.9715,0.97185,0.10,9.10
2008.03.03 19:08:17.213,0.9715,0.97185,0.10,9.10
2008.03.03 19:08:17.552,0.9715,0.97185,0.10,9.10
2008.03.03 19:08:17.903,0.9715,0.97185,0.10,9.10
2008.03.03 19:08:18.103,0.97155,0.97185,0.10,6.40
2008.03.03 19:08:18.322,0.97155,0.97185,0.10,4.00
2008.03.03 19:08:18.541,0.97155,0.97185,0.10,4.00
2008.03.03 19:08:18.762,0.97155,0.97185,0.10,4.00
2008.03.03 19:08:18.979,0.97155,0.97185,0.10,4.00
2008.03.03 19:08:19.308,0.97155,0.97185,0.10,4.00
2008.03.03 19:08:19.637,0.97155,0.97185,0.10,4.00
2008.03.03 19:08:19.966,0.97155,0.97185,0.10,4.00
2008.03.03 19:08:20.170,0.97155,0.97185,0.10,4.00
2008.03.03 19:08:20.372,0.97155,0.97185,0.10,4.00
2008.03.03 19:08:20.576,0.97155,0.97185,0.10,4.00
2008.03.03 19:08:20.780,0.97155,0.97185,0.10,4.00
2008.03.03 19:08:20.982,0.97155,0.97185,0.10,4.00
2008.03.03 19:08:21.311,0.97155,0.97185,0.10,4.00
2008.03.03 19:08:21.639,0.97155,0.97185,0.10,4.00
2008.03.03 19:08:21.967,0.97155,0.97185,0.10,4.00
2008.03.03 19:08:22.300,0.97155,0.97185,0.10,4.00
2008.03.03 19:08:22.633,0.97155,0.97185,0.10,4.00
2008.03.03 19:08:22.966,0.97155,0.97185,0.10,4.00
2008.03.03 19:08:23.195,0.97155,0.97185,0.10,2.40
2008.03.03 19:08:23.431,0.97155,0.97185,0.10,2.40
2008.03.03 19:08:23.658,0.97155,0.97185,0.10,2.40
2008.03.03 19:08:23.887,0.97155,0.97185,0.10,2.40
2008.03.03 19:08:24.115,0.97155,0.97185,0.10,2.40
2008.03.03 19:08:24.403,0.97155,0.97185,0.10,4.00
2008.03.03 19:08:24.691,0.97155,0.97185,0.10,4.00
2008.03.03 19:08:24.979,0.97155,0.97185,0.10,4.00
2008.03.03 19:08:25.234,0.9715,0.97185,0.10,4.30
2008.03.03 19:08:25.488,0.9715,0.97185,0.10,6.70
2008.03.03 19:08:25.741,0.9715,0.97185,0.10,10.70
2008.03.03 19:08:25.994,0.9715,0.97185,0.10,10.70
2008.03.03 19:08:26.247,0.9715,0.97185,0.10,10.70
2008.03.03 19:08:26.530,0.9715,0.97185,0.10,10.70
2008.03.03 19:08:26.813,0.9715,0.97185,0.10,10.70
2008.03.03 19:08:27.097,0.9715,0.97185,0.10,10.70
2008.03.03 19:08:27.429,0.9715,0.97185,0.10,10.70
2008.03.03 19:08:27.762,0.9715,0.97185,0.10,10.70
2008.03.03 19:08:28.095,0.9715,0.97185,0.10,10.70
2008.03.03 19:08:28.289,0.9715,0.97185,0.10,10.70
2008.03.03 19:08:28.484,0.9715,0.97185,0.10,10.70
2008.03.03 19:08:28.678,0.9715,0.97185,0.10,10.70
2008.03.03 19:08:28.872,0.9715,0.97185,0.10,10.70
2008.03.03 19:08:29.064,0.9715,0.97185,0.10,10.70
2008.03.03 19:08:29.257,0.9715,0.97185,0.10,10.70
2008.03.03 19:08:29.591,0.9715,0.97185,0.10,10.70
2008.03.03 19:08:29.924,0.9715,0.97185,0.10,10.70
2008.03.03 19:08:30.258,0.9715,0.97185,0.10,10.70
2008.03.03 19:08:30.513,0.9715,0.97185,0.10,10.70
2008.03.03 19:08:30.776,0.9715,0.97185,0.10,10.70
2008.03.03 19:08:31.032,0.9715,0.97185,0.10,10.70
2008.03.03 19:08:31.292,0.9715,0.97185,0.10,10.70
2008.03.03 19:08:31.621,0.9715,0.97185,0.10,10.70
2008.03.03 19:08:31.944,0.9715,0.97185,0.10,10.70
2008.03.03 19:08:32.280,0.9715,0.97185,0.10,10.70
2008.03.03 19:08:32.632,0.9715,0.97185,0.10,10.70
2008.03.03 19:08:32.967,0.9715,0.97185,0.10,10.70
2008.03.03 19:08:33.300,0.9715,0.97185,0.10,10.70
2008.03.03 19:08:33.522,0.9715,0.97185,0.10,10.70
2008.03.03 19:08:33.745,0.9715,0.97185,0.10,10.70
2008.03.03 19:08:33.968,0.9715,0.97185,0.10,10.70
2008.03.03 19:08:34.192,0.9715,0.97185,0.10,9.90
2008.03.03 19:08:34.506,0.9715,0.97185,0.10,9.10
2008.03.03 19:08:34.820,0.9715,0.97185,0.10,9.10
2008.03.03 19:08:35.135,0.9715,0.97185,0.10,9.10
2008.03.03 19:08:35.448,0.9715,0.97185,0.10,9.10
2008.03.03 19:08:35.702,0.9715,0.97185,0.10,9.10
2008.03.03 19:08:35.956,0.9715,0.97185,0.10,9.10
2008.03.03 19:08:36.209,0.9715,0.97185,0.10,9.10
2008.03.03 19:08:36.478,0.9715,0.97185,0.10,9.10
2008.03.03 19:08:36.764,0.9715,0.97185,0.10,9.10
2008.03.03 19:08:37.015,0.9715,0.97185,0.10,9.10
2008.03.03 19:08:37.283,0.9715,0.97185,0.10,9.10
2008.03.03 19:08:37.617,0.9715,0.97185,0.10,9.10
2008.03.03 19:08:37.951,0.9715,0.97185,0.10,9.10
2008.03.03 19:08:38.285,0.9715,0.97185,0.10,9.10
2008.03.03 19:08:38.508,0.9715,0.97185,0.10,9.10
2008.03.03 19:08:38.731,0.9715,0.97185,0.10,9.10
2008.03.03 19:08:38.954,0.9715,0.97185,0.10,9.10
2008.03.03 19:08:39.177,0.9715,0.97185,0.10,9.10
2008.03.03 19:08:39.400,0.9715,0.97185,0.10,9.10
2008.03.03 19:08:39.698,0.9715,0.97185,0.10,9.10
2008.03.03 19:08:39.996,0.9715,0.97185,0.10,9.10
2008.03.03 19:08:40.311,0.9715,0.97185,0.10,9.10
2008.03.03 19:08:40.538,0.97155,0.97185,0.10,8.80
2008.03.03 19:08:40.767,0.97155,0.97185,0.10,6.40
2008.03.03 19:08:40.996,0.97155,0.97185,0.10,2.40
2008.03.03 19:08:41.226,0.97155,0.97185,0.10,2.40
2008.03.03 19:08:41.454,0.97155,0.97185,0.10,2.40
2008.03.03 19:08:41.809,0.97155,0.97185,0.10,2.40
2008.03.03 19:08:42.143,0.97155,0.97185,0.10,2.40
2008.03.03 19:08:42.476,0.97155,0.97185,0.10,2.40
2008.03.03 19:08:42.685,0.97155,0.97185,0.10,2.40
2008.03.03 19:08:42.894,0.97155,0.97185,0.10,2.40
2008.03.03 19:08:43.102,0.97155,0.97185,0.10,2.40
2008.03.03 19:08:43.310,0.97155,0.97185,0.10,2.40
2008.03.03 19:08:43.518,0.97155,0.97185,0.10,2.40
2008.03.03 19:08:43.844,0.97155,0.97185,0.10,2.40
2008.03.03 19:08:44.157,0.97155,0.97185,0.10,2.40
2008.03.03 19:08:44.469,0.97155,0.97185,0.10,2.40
2008.03.03 19:08:44.682,0.97155,0.97185,0.10,2.40
2008.03.03 19:08:44.896,0.97155,0.97185,0.10,2.40
2008.03.03 19:08:45.109,0.97155,0.97185,0.10,2.40
2008.03.03 19:08:45.322,0.97155,0.97185,0.10,2.40
2008.03.03 19:08:45.535,0.97155,0.97185,0.10,2.40
2008.03.03 19:08:45.868,0.97155,0.97185,0.10,2.40
2008.03.03 19:08:46.201,0.97155,0.97185,0.10,2.40
2008.03.03 19:08:46.544,0.97155,0.97185,0.10,2.40
2008.03.03 19:08:46.868,0.97155,0.97185,0.10,2.40
2008.03.03 19:08:47.192,0.97155,0.97185,0.10,2.40
2008.03.03 19:08:47.517,0.97155,0.97185,0.10,2.40
2008.03.03 19:08:47.724,0.97155,0.97185,0.10,2.40
2008.03.03 19:08:47.934,0.97155,0.97185,0.10,2.40
2008.03.03 19:08:48.143,0.97155,0.97185,0.10,2.40
2008.03.03 19:08:48.352,0.97155,0.97185,0.10,2.40
2008.03.03 19:08:48.580,0.97155,0.97185,0.10,2.40
2008.03.03 19:08:48.908,0.97155,0.97185,0.10,2.40
2008.03.03 19:08:49.239,0.97155,0.97185,0.10,2.40
2008.03.03 19:08:49.565,0.97155,0.97185,0.10,2.40
2008.03.03 19:08:49.774,0.97155,0.97185,0.10,2.40
2008.03.03 19:08:49.983,0.97155,0.97185,0.10,2.40
2008.03.03 19:08:50.191,0.97155,0.9719,2.40,0.50
2008.03.03 19:08:50.399,0.97155,0.9719,2.40,0.50
2008.03.03 19:08:50.621,0.97155,0.9719,2.40,0.50
2008.03.03 19:08:50.950,0.97155,0.9719,2.40,0.50
2008.03.03 19:08:51.278,0.97155,0.9719,2.40,0.50
2008.03.03 19:08:51.606,0.97155,0.9719,2.40,0.50
2008.03.03 19:08:51.924,0.97155,0.9719,2.40,0.50
2008.03.03 19:08:52.242,0.97155,0.9719,2.40,0.50
2008.03.03 19:08:52.580,0.97155,0.9719,2.40,0.50
2008.03.03 19:08:52.787,0.97155,0.9719,2.40,0.50
2008.03.03 19:08:52.996,0.97155,0.9719,2.40,0.50
2008.03.03 19:08:53.205,0.97155,0.9719,2.40,0.50
2008.03.03 19:08:53.414,0.97155,0.9719,2.40,0.50
2008.03.03 19:08:53.622,0.97155,0.9719,2.40,0.50
2008.03.03 19:08:53.955,0.97155,0.9719,2.40,0.50
2008.03.03 19:08:54.288,0.97155,0.9719,2.40,0.50
2008.03.03 19:08:54.622,0.97155,0.9719,2.40,0.50
2008.03.03 19:08:54.827,0.97155,0.9719,2.40,0.50
2008.03.03 19:08:55.032,0.97155,0.9719,2.40,0.50
2008.03.03 19:08:55.235,0.97155,0.97185,2.40,2.70
2008.03.03 19:08:55.439,0.9715,0.97185,0.10,9.10
2008.03.03 19:08:55.642,0.9715,0.97185,0.10,9.10
2008.03.03 19:08:55.975,0.9715,0.97185,0.10,9.10
2008.03.03 19:08:56.308,0.9715,0.97185,0.10,9.10
2008.03.03 19:08:56.642,0.9715,0.97185,0.10,9.10
2008.03.03 19:08:56.970,0.9715,0.97185,0.10,9.10
2008.03.03 19:08:57.299,0.9715,0.97185,0.10,9.10
2008.03.03 19:08:57.627,0.9715,0.97185,0.10,9.10
2008.03.03 19:08:57.955,0.9715,0.97185,0.10,9.10
2008.03.03 19:08:58.164,0.9715,0.97185,0.10,9.10
2008.03.03 19:08:58.375,0.9715,0.97185,0.10,9.10
2008.03.03 19:08:58.584,0.9715,0.97185,0.10,9.10
2008.03.03 19:08:58.803,0.9715,0.97185,0.10,9.10
2008.03.03 19:08:59.112,0.9715,0.97185,0.10,9.10
2008.03.03 19:08:59.431,0.9715,0.97185,0.10,9.10
2008.03.03 19:08:59.749,0.9715,0.97185,0.10,9.10
2008.03.03 19:08:59.974,0.9715,0.97185,0.10,9.90
2008.03.03 19:09:00.198,0.9715,0.97185,0.10,10.70
2008.03.03 19:09:00.421,0.9715,0.97185,0.10,10.70
2008.03.03 19:09:00.644,0.9715,0.97185,0.10,10.70
2008.03.03 19:09:00.869,0.97145,0.9718,2.40,0.40
2008.03.03 19:09:01.203,0.97145,0.97175,2.40,1.10
2008.03.03 19:09:01.536,0.9714,0.97175,0.10,6.70
2008.03.03 19:09:01.870,0.9714,0.97175,0.10,5.10
2008.03.03 19:09:02.204,0.9714,0.97175,0.10,5.10
2008.03.03 19:09:02.539,0.97145,0.97175,0.10,2.40
2008.03.03 19:09:02.873,0.97145,0.97175,0.10,2.40
2008.03.03 19:09:03.096,0.97145,0.97175,0.10,2.40
2008.03.03 19:09:03.319,0.97145,0.97175,0.10,2.40
2008.03.03 19:09:03.542,0.9714,0.97175,0.10,2.70
2008.03.03 19:09:03.766,0.9714,0.97175,0.10,5.10
2008.03.03 19:09:04.050,0.9714,0.97175,0.10,5.10
2008.03.03 19:09:04.332,0.9714,0.97175,0.10,5.10
2008.03.03 19:09:04.615,0.9714,0.97175,0.10,5.10
2008.03.03 19:09:04.898,0.9714,0.97175,0.10,5.10
2008.03.03 19:09:05.141,0.9714,0.97175,0.10,5.10
2008.03.03 19:09:05.384,0.9714,0.97175,0.10,5.10
2008.03.03 19:09:05.627,0.9714,0.97175,0.10,5.10
2008.03.03 19:09:05.870,0.9714,0.97175,0.10,5.10
2008.03.03 19:09:06.113,0.9714,0.97175,0.10,5.10
2008.03.03 19:09:06.387,0.9714,0.97175,0.10,5.10
2008.03.03 19:09:06.660,0.9714,0.97175,0.10,5.10
2008.03.03 19:09:06.953,0.9715,0.97175,0.10,2.40
2008.03.03 19:09:07.288,0.9715,0.97185,0.10,10.70
2008.03.03 19:09:07.622,0.9715,0.97185,0.10,10.70
2008.03.03 19:09:07.955,0.9715,0.97185,0.10,10.70
2008.03.03 19:09:08.174,0.9715,0.97185,0.10,10.70
2008.03.03 19:09:08.391,0.9715,0.97185,0.10,10.70
2008.03.03 19:09:08.609,0.9715,0.97185,0.10,10.70
2008.03.03 19:09:08.827,0.9715,0.97185,0.10,10.70
2008.03.03 19:09:09.045,0.9715,0.97185,0.10,10.70
2008.03.03 19:09:09.353,0.9715,0.97185,0.10,10.70
2008.03.03 19:09:09.661,0.9715,0.97185,0.10,10.70
2008.03.03 19:09:09.970,0.9715,0.97185,0.10,10.70
2008.03.03 19:09:10.280,0.9715,0.97185,0.10,10.70
2008.03.03 19:09:10.503,0.9715,0.97185,0.10,10.70
2008.03.03 19:09:10.727,0.9715,0.97185,0.10,10.70
2008.03.03 19:09:10.951,0.9715,0.97185,0.10,10.70
2008.03.03 19:09:11.175,0.9715,0.97185,0.10,10.70
2008.03.03 19:09:11.488,0.9715,0.97185,0.10,10.70
2008.03.03 19:09:11.802,0.9715,0.97185,0.10,10.70
2008.03.03 19:09:12.116,0.9715,0.97185,0.10,9.10
2008.03.03 19:09:12.446,0.9715,0.97185,0.10,9.10
2008.03.03 19:09:12.790,0.9715,0.97185,0.10,9.10
2008.03.03 19:09:13.117,0.9715,0.97185,0.10,9.10
2008.03.03 19:09:13.325,0.9715,0.97185,0.10,9.10
2008.03.03 19:09:13.533,0.9715,0.97185,0.10,9.10
2008.03.03 19:09:13.758,0.9715,0.97185,0.10,9.10
2008.03.03 19:09:13.967,0.9715,0.97185,0.10,9.10
2008.03.03 19:09:14.176,0.9715,0.97185,0.10,9.10
2008.03.03 19:09:14.499,0.9715,0.97185,0.10,9.10
2008.03.03 19:09:14.824,0.9715,0.97185,0.10,9.10
2008.03.03 19:09:15.147,0.9715,0.97185,0.10,9.10
2008.03.03 19:09:15.356,0.9715,0.97185,0.10,9.10
2008.03.03 19:09:15.565,0.9715,0.97185,0.10,9.10
2008.03.03 19:09:15.774,0.9715,0.97185,0.10,9.10
2008.03.03 19:09:16.001,0.9715,0.97185,0.10,9.10
2008.03.03 19:09:16.209,0.9715,0.97185,0.10,9.10
2008.03.03 19:09:16.541,0.9715,0.97185,0.10,9.10
2008.03.03 19:09:16.876,0.9715,0.97185,0.10,10.70
2008.03.03 19:09:17.210,0.9715,0.97185,0.10,10.70
2008.03.03 19:09:17.538,0.9715,0.97185,0.10,10.70
2008.03.03 19:09:17.867,0.97145,0.97175,2.40,0.40
2008.03.03 19:09:18.196,0.97145,0.97175,0.10,4.80
2008.03.03 19:09:18.426,0.97145,0.97175,0.10,2.40
2008.03.03 19:09:18.666,0.97145,0.97175,0.10,2.40
2008.03.03 19:09:18.895,0.97145,0.97175,0.10,2.40
2008.03.03 19:09:19.124,0.97145,0.97175,0.10,2.40
2008.03.03 19:09:19.353,0.9715,0.97175,0.10,2.40
2008.03.03 19:09:19.662,0.9715,0.97175,0.10,2.40
2008.03.03 19:09:19.971,0.9715,0.97175,0.10,2.40
2008.03.03 19:09:20.279,0.9715,0.97175,0.10,2.40
2008.03.03 19:09:20.536,0.9715,0.97175,0.10,2.40
2008.03.03 19:09:20.779,0.9715,0.97175,0.10,2.40
2008.03.03 19:09:21.023,0.9715,0.97175,0.10,2.40
2008.03.03 19:09:21.266,0.9715,0.97175,0.10,2.40
2008.03.03 19:09:21.553,0.9715,0.97175,0.10,2.40
2008.03.03 19:09:21.841,0.9715,0.97175,0.10,2.40
2008.03.03 19:09:22.130,0.9715,0.97175,0.10,2.40
2008.03.03 19:09:22.417,0.9715,0.97175,0.10,2.40
2008.03.03 19:09:22.750,0.9715,0.97175,0.10,2.40
2008.03.03 19:09:23.083,0.9715,0.97175,0.10,2.40
2008.03.03 19:09:23.417,0.9715,0.97175,0.10,2.40
2008.03.03 19:09:23.605,0.9715,0.97175,0.10,2.40
2008.03.03 19:09:23.793,0.9715,0.97175,0.10,2.40
2008.03.03 19:09:23.982,0.9715,0.97175,0.10,2.40
2008.03.03 19:09:24.193,0.9715,0.97185,0.10,10.70
2008.03.03 19:09:24.360,0.9715,0.97185,0.10,10.70
2008.03.03 19:09:24.694,0.9715,0.97185,0.10,10.70
2008.03.03 19:09:25.027,0.9715,0.97185,0.10,10.70
2008.03.03 19:09:25.361,0.9715,0.97185,0.10,10.70
2008.03.03 19:09:25.574,0.9715,0.97185,0.10,10.70
2008.03.03 19:09:25.787,0.9715,0.97185,0.10,10.70
2008.03.03 19:09:26.000,0.9715,0.97185,0.10,10.70
2008.03.03 19:09:26.214,0.9715,0.97185,0.10,10.70
2008.03.03 19:09:26.427,0.9715,0.97185,0.10,10.70
2008.03.03 19:09:26.761,0.9715,0.97185,0.10,10.70
2008.03.03 19:09:27.094,0.9715,0.97185,0.10,10.70
2008.03.03 19:09:27.427,0.9715,0.97185,0.10,10.70
2008.03.03 19:09:27.650,0.9715,0.97185,0.10,10.70
2008.03.03 19:09:27.873,0.9715,0.97185,0.10,10.70
2008.03.03 19:09:28.096,0.9715,0.97185,0.10,10.70
2008.03.03 19:09:28.320,0.9715,0.97185,0.10,10.70
2008.03.03 19:09:28.544,0.9714,0.97175,0.10,5.10
2008.03.03 19:09:28.849,0.9714,0.97175,0.10,5.10
2008.03.03 19:09:29.111,0.9714,0.97175,0.10,5.10
2008.03.03 19:09:29.395,0.9714,0.97175,0.10,5.10
2008.03.03 19:09:29.678,0.9714,0.97175,0.10,5.10
2008.03.03 19:09:29.962,0.97145,0.97175,0.10,2.40
2008.03.03 19:09:30.246,0.97145,0.97175,0.10,2.40
2008.03.03 19:09:30.530,0.97145,0.97175,0.10,2.40
2008.03.03 19:09:30.773,0.97145,0.97175,0.10,2.40
2008.03.03 19:09:31.016,0.97145,0.97175,0.10,2.40
2008.03.03 19:09:31.260,0.97145,0.97175,0.10,2.40
2008.03.03 19:09:31.503,0.97145,0.97175,0.10,2.40
2008.03.03 19:09:31.837,0.97145,0.9717,0.10,0.80
2008.03.03 19:09:32.171,0.97135,0.9717,8.80,0.40
2008.03.03 19:09:32.506,0.97135,0.97165,2.40,0.40
2008.03.03 19:09:34.435,0.97135,0.9717,2.40,0.50
2008.03.03 19:09:36.173,0.97135,0.97165,0.10,2.40
2008.03.03 19:09:36.228,0.9713,0.9716,4.00,0.40
2008.03.03 19:09:36.283,0.97125,0.9716,2.40,1.10
2008.03.03 19:09:36.353,0.97125,0.9716,2.40,1.30
2008.03.03 19:09:36.432,0.97125,0.9716,2.40,1.30
2008.03.03 19:09:36.489,0.9713,0.9716,0.10,1.00
2008.03.03 19:09:36.540,0.9713,0.9716,0.30,0.80
2008.03.03 19:09:36.613,0.9713,0.9716,0.30,0.80
2008.03.03 19:09:36.664,0.9713,0.9716,0.30,0.80
2008.03.03 19:09:36.716,0.9713,0.9716,0.30,0.80
2008.03.03 19:09:36.769,0.9713,0.9716,0.30,0.80
2008.03.03 19:09:36.823,0.9713,0.9716,0.30,0.80
2008.03.03 19:09:36.894,0.9713,0.9716,0.30,0.80
2008.03.03 19:09:36.949,0.9713,0.9716,0.30,0.80
2008.03.03 19:09:37.022,0.9713,0.9716,0.30,0.80
2008.03.03 19:09:37.080,0.9713,0.9716,0.30,0.80
2008.03.03 19:09:37.142,0.9713,0.9716,0.30,0.80
2008.03.03 19:09:37.196,0.9713,0.9716,0.30,0.80
2008.03.03 19:09:37.528,0.9713,0.9716,0.30,0.80
2008.03.03 19:09:37.862,0.9713,0.9716,0.30,0.80
2008.03.03 19:09:38.207,0.9713,0.9716,0.30,0.80
2008.03.03 19:09:38.436,0.9713,0.9716,0.30,0.80
2008.03.03 19:09:38.666,0.9713,0.97165,0.30,4.30
2008.03.03 19:09:38.895,0.9713,0.97165,0.30,4.30
2008.03.03 19:09:39.124,0.9713,0.9716,0.30,0.80
2008.03.03 19:09:39.356,0.9713,0.97155,0.30,0.80
2008.03.03 19:09:39.684,0.9713,0.97155,0.30,1.60
2008.03.03 19:09:40.012,0.9713,0.97155,0.30,1.60
2008.03.03 19:09:40.342,0.9713,0.97155,0.30,1.60
2008.03.03 19:09:40.562,0.9713,0.9716,0.30,0.80
2008.03.03 19:09:40.764,0.9713,0.9716,0.30,0.80
2008.03.03 19:09:40.969,0.9713,0.9716,0.30,0.80
2008.03.03 19:09:41.172,0.9713,0.9716,0.30,0.80
2008.03.03 19:09:41.376,0.9713,0.9716,0.30,0.80
2008.03.03 19:09:41.710,0.9713,0.9716,0.30,0.80
2008.03.03 19:09:42.044,0.9713,0.9716,0.10,1.00
2008.03.03 19:09:42.379,0.97125,0.97155,2.40,0.40
2008.03.03 19:09:42.626,0.97125,0.97155,2.40,0.40
2008.03.03 19:09:42.832,0.97125,0.97155,2.40,0.40
2008.03.03 19:09:43.055,0.97125,0.9716,2.40,1.10
2008.03.03 19:09:43.278,0.9713,0.9716,0.10,0.80
2008.03.03 19:09:43.503,0.9713,0.97165,0.10,5.10
2008.03.03 19:09:43.838,0.97135,0.97165,0.10,2.40
2008.03.03 19:09:44.171,0.97135,0.97165,2.40,0.40
2008.03.03 19:09:44.506,0.97135,0.97165,2.40,0.40
2008.03.03 19:09:44.739,0.97135,0.97165,2.40,0.40
2008.03.03 19:09:44.991,0.97135,0.97165,2.40,0.40
2008.03.03 19:09:45.224,0.97135,0.97165,2.40,0.40
2008.03.03 19:09:46.999,0.97135,0.97165,2.40,0.40
2008.03.03 19:09:47.104,0.9713,0.97165,0.30,2.70
2008.03.03 19:09:47.206,0.9713,0.97165,0.30,2.70
2008.03.03 19:09:47.310,0.9713,0.97165,0.30,2.70
2008.03.03 19:09:47.413,0.9713,0.97165,0.30,2.70
2008.03.03 19:09:47.518,0.9713,0.97165,0.30,2.70
2008.03.03 19:09:47.639,0.9713,0.97165,0.30,2.70
2008.03.03 19:09:47.742,0.9713,0.97165,0.30,2.70
2008.03.03 19:09:47.850,0.9713,0.97165,0.30,2.70
2008.03.03 19:09:47.952,0.9713,0.97165,0.30,2.70
2008.03.03 19:09:48.054,0.9713,0.97165,0.30,2.70
2008.03.03 19:09:48.387,0.9713,0.97165,0.30,2.70
2008.03.03 19:09:48.720,0.9713,0.97165,0.30,2.70
2008.03.03 19:09:49.054,0.9713,0.97165,0.30,2.70
2008.03.03 19:09:49.272,0.9713,0.97165,0.30,2.70
2008.03.03 19:09:49.490,0.9713,0.97165,0.30,2.70
2008.03.03 19:09:49.708,0.9713,0.97165,0.30,2.70
2008.03.03 19:09:49.927,0.9713,0.97165,0.30,2.70
2008.03.03 19:09:50.145,0.9713,0.97165,0.30,2.70
2008.03.03 19:09:50.464,0.9713,0.97165,0.30,2.70
2008.03.03 19:09:50.783,0.97125,0.97155,8.80,0.40
2008.03.03 19:09:51.103,0.97125,0.97155,2.40,0.40
2008.03.03 19:09:51.316,0.97125,0.97155,2.40,0.40
2008.03.03 19:09:51.529,0.97125,0.97155,2.40,0.40
2008.03.03 19:09:51.743,0.9713,0.97165,0.10,6.70
2008.03.03 19:09:51.957,0.9713,0.97165,0.10,6.70
2008.03.03 19:09:52.169,0.9713,0.97165,0.10,6.70
2008.03.03 19:09:52.503,0.9713,0.97165,0.30,2.70
2008.03.03 19:09:52.853,0.9713,0.97165,0.30,2.70
2008.03.03 19:09:53.185,0.9713,0.97165,0.30,2.70
2008.03.03 19:09:53.518,0.9713,0.97165,0.30,2.70
2008.03.03 19:09:53.728,0.9713,0.97165,0.30,2.70
2008.03.03 19:09:53.936,0.9713,0.97165,0.30,2.70
2008.03.03 19:09:54.144,0.9713,0.97165,0.30,2.70
2008.03.03 19:09:54.353,0.9713,0.97165,0.30,2.70
2008.03.03 19:09:54.686,0.9713,0.97165,0.30,2.70
2008.03.03 19:09:55.019,0.9713,0.97165,0.30,2.70
2008.03.03 19:09:55.353,0.9713,0.97165,0.30,2.70
2008.03.03 19:09:55.561,0.9713,0.97165,0.30,2.70
2008.03.03 19:09:55.769,0.9713,0.97165,0.30,2.70
2008.03.03 19:09:55.999,0.9713,0.97165,0.30,2.70
2008.03.03 19:09:56.208,0.9713,0.97165,0.30,2.70
2008.03.03 19:09:56.417,0.9713,0.97165,0.30,2.70
2008.03.03 19:09:56.750,0.9713,0.97165,0.30,2.70
2008.03.03 19:09:57.085,0.9713,0.97165,0.30,2.70
2008.03.03 19:09:57.417,0.9713,0.97165,0.30,2.70
2008.03.03 19:09:57.733,0.9713,0.97165,0.30,2.70
2008.03.03 19:09:58.062,0.9713,0.97165,0.30,2.70
2008.03.03 19:09:58.374,0.9713,0.97165,0.30,2.70
2008.03.03 19:09:58.613,0.9713,0.97165,0.30,2.70
2008.03.03 19:09:58.852,0.9713,0.97165,0.30,2.70
2008.03.03 19:09:59.088,0.9713,0.97165,0.30,2.70
2008.03.03 19:09:59.347,0.9713,0.97165,0.30,2.70
2008.03.03 19:09:59.586,0.9713,0.97165,0.30,2.70
2008.03.03 19:09:59.869,0.9713,0.97165,0.30,2.70
2008.03.03 19:10:00.157,0.9713,0.97165,0.30,2.70
2008.03.03 19:10:00.438,0.9713,0.97165,0.30,2.70
2008.03.03 19:10:00.651,0.9713,0.97165,0.30,2.70
2008.03.03 19:10:00.865,0.9713,0.97165,0.30,2.70
2008.03.03 19:10:01.080,0.9713,0.97165,0.30,2.70
2008.03.03 19:10:01.310,0.9713,0.97165,0.30,2.70
2008.03.03 19:10:01.507,0.9713,0.97165,0.30,2.70
2008.03.03 19:10:01.840,0.9713,0.97165,0.30,2.70
2008.03.03 19:10:02.174,0.9713,0.97165,0.30,2.70
2008.03.03 19:10:02.508,0.9713,0.97165,0.30,2.70
2008.03.03 19:10:02.742,0.9713,0.97165,0.30,2.70
2008.03.03 19:10:02.974,0.9713,0.97165,0.30,2.70
2008.03.03 19:10:03.208,0.9713,0.97165,0.30,2.70
2008.03.03 19:10:03.442,0.9713,0.97165,0.30,2.70
2008.03.03 19:10:03.676,0.9713,0.97165,0.30,2.70
2008.03.03 19:10:03.974,0.9713,0.97165,0.30,2.70
2008.03.03 19:10:04.287,0.9713,0.97165,0.30,2.70
2008.03.03 19:10:04.585,0.9713,0.97165,0.30,2.70
2008.03.03 19:10:04.818,0.9713,0.97165,0.30,2.70
2008.03.03 19:10:05.051,0.9713,0.97165,0.30,2.70
2008.03.03 19:10:05.285,0.9713,0.97165,0.30,2.70
2008.03.03 19:10:05.519,0.9713,0.97165,0.30,2.70
2008.03.03 19:10:05.751,0.9713,0.97165,0.30,2.70
2008.03.03 19:10:06.040,0.9713,0.97165,0.30,2.70
2008.03.03 19:10:06.329,0.9713,0.97165,0.30,2.70
2008.03.03 19:10:06.644,0.9713,0.97165,0.30,2.70
2008.03.03 19:10:06.977,0.9713,0.97165,0.30,2.70
2008.03.03 19:10:07.313,0.9713,0.97165,0.30,2.70
2008.03.03 19:10:07.646,0.9713,0.97165,0.30,2.70
2008.03.03 19:10:07.849,0.9713,0.97165,0.30,2.70
2008.03.03 19:10:08.053,0.9713,0.97165,0.30,2.70
2008.03.03 19:10:08.255,0.9713,0.97165,0.30,2.70
2008.03.03 19:10:08.458,0.9713,0.97165,0.30,2.70
2008.03.03 19:10:08.662,0.9713,0.97165,0.30,2.70
2008.03.03 19:10:08.981,0.9713,0.97165,0.30,2.70
2008.03.03 19:10:09.300,0.9713,0.97165,0.30,2.70
2008.03.03 19:10:09.620,0.9713,0.97165,0.30,2.70
2008.03.03 19:10:09.848,0.9713,0.97165,0.30,2.70
2008.03.03 19:10:10.076,0.9713,0.97165,0.30,2.70
2008.03.03 19:10:10.303,0.9713,0.97165,0.30,2.70
2008.03.03 19:10:10.531,0.9713,0.97165,0.30,2.70
2008.03.03 19:10:10.759,0.9713,0.97165,0.30,2.70
2008.03.03 19:10:12.838,0.9713,0.97165,0.30,2.70
2008.03.03 19:10:12.876,0.9713,0.97165,0.30,2.70
2008.03.03 19:10:12.929,0.9713,0.97165,0.30,2.70
2008.03.03 19:10:12.977,0.9713,0.97165,0.30,2.70
2008.03.03 19:10:13.001,0.9713,0.97165,0.30,2.70
2008.03.03 19:10:13.045,0.9713,0.97165,0.30,2.70
2008.03.03 19:10:13.066,0.9713,0.97165,0.30,2.70
2008.03.03 19:10:13.106,0.9713,0.97165,0.30,2.70
2008.03.03 19:10:13.140,0.9713,0.97165,0.30,2.70
2008.03.03 19:10:13.178,0.9713,0.97165,0.30,2.70
2008.03.03 19:10:13.201,0.9713,0.97165,0.30,2.70
2008.03.03 19:10:13.224,0.9713,0.97165,0.30,2.70
2008.03.03 19:10:13.277,0.9713,0.97165,0.30,2.70
2008.03.03 19:10:13.298,0.9713,0.97165,0.30,2.70
2008.03.03 19:10:13.320,0.9713,0.97165,0.30,2.70
2008.03.03 19:10:13.374,0.9713,0.97165,0.30,2.70
2008.03.03 19:10:13.383,0.9713,0.97165,0.30,2.70
2008.03.03 19:10:13.407,0.9713,0.97165,0.30,2.70
2008.03.03 19:10:13.430,0.9713,0.97165,0.30,2.70
2008.03.03 19:10:13.456,0.9713,0.97165,0.30,2.70
2008.03.03 19:10:13.481,0.9713,0.97165,0.30,2.70
2008.03.03 19:10:13.521,0.9713,0.97165,0.30,2.70
2008.03.03 19:10:13.529,0.9713,0.97165,0.30,2.70
2008.03.03 19:10:13.551,0.9713,0.97165,0.30,2.70
2008.03.03 19:10:13.584,0.9713,0.97165,0.30,2.70
2008.03.03 19:10:13.611,0.9713,0.97165,0.30,2.70
2008.03.03 19:10:13.635,0.9713,0.97165,0.30,2.70
2008.03.03 19:10:13.661,0.9713,0.97165,0.30,2.70
2008.03.03 19:10:14.607,0.9713,0.97165,0.30,2.70
2008.03.03 19:10:14.631,0.9713,0.97165,0.30,2.70
2008.03.03 19:10:14.965,0.9713,0.97165,0.30,2.70
2008.03.03 19:10:15.307,0.9713,0.97165,0.30,2.70
2008.03.03 19:10:15.659,0.9713,0.97165,0.30,2.70
2008.03.03 19:10:15.886,0.9713,0.97165,0.30,2.70
2008.03.03 19:10:16.115,0.9713,0.97165,0.30,2.70
2008.03.03 19:10:16.343,0.9713,0.97165,0.30,2.70
2008.03.03 19:10:16.572,0.9713,0.9716,0.10,0.30
2008.03.03 19:10:16.807,0.97125,0.97155,6.40,0.40
2008.03.03 19:10:17.152,0.97125,0.97155,2.40,0.40
2008.03.03 19:10:17.485,0.97125,0.97155,2.40,0.40
2008.03.03 19:10:17.819,0.9713,0.97165,0.30,8.30
2008.03.03 19:10:18.042,0.9713,0.97165,0.30,6.70
2008.03.03 19:10:18.266,0.9713,0.97165,0.30,2.70
2008.03.03 19:10:19.711,0.9713,0.97165,0.30,2.70
2008.03.03 19:10:19.816,0.9713,0.97165,0.30,2.70
2008.03.03 19:10:19.917,0.9713,0.97165,0.30,2.70
2008.03.03 19:10:20.021,0.9713,0.97165,0.30,2.70
2008.03.03 19:10:20.141,0.9713,0.97165,0.30,2.70
2008.03.03 19:10:20.246,0.9713,0.97165,0.30,2.70
2008.03.03 19:10:20.349,0.9713,0.97165,0.30,2.70
2008.03.03 19:10:20.468,0.9713,0.97165,0.30,2.70
2008.03.03 19:10:20.555,0.9713,0.97165,0.30,2.70
2008.03.03 19:10:20.660,0.97125,0.97155,8.80,0.40
2008.03.03 19:10:20.766,0.97125,0.97155,8.80,0.40
2008.03.03 19:10:21.118,0.97125,0.97155,2.40,0.40
2008.03.03 19:10:21.454,0.97125,0.97155,2.40,0.40
2008.03.03 19:10:21.788,0.97125,0.97155,2.40,0.40
2008.03.03 19:10:22.117,0.97125,0.97155,2.40,0.40
2008.03.03 19:10:22.446,0.97125,0.97155,2.40,0.40
2008.03.03 19:10:22.773,0.97125,0.97155,2.40,0.40
2008.03.03 19:10:22.986,0.97125,0.97155,2.40,0.40
2008.03.03 19:10:23.202,0.97125,0.97155,2.40,0.40
2008.03.03 19:10:23.414,0.97125,0.97155,2.40,0.40
2008.03.03 19:10:23.628,0.97125,0.97155,2.40,0.40
2008.03.03 19:10:23.842,0.97125,0.97155,2.40,0.40
2008.03.03 19:10:24.176,0.97125,0.97155,2.40,0.40
2008.03.03 19:10:24.510,0.97125,0.97155,2.40,1.90
2008.03.03 19:10:24.845,0.97115,0.97145,6.40,0.40
2008.03.03 19:10:25.058,0.97115,0.97145,2.40,0.40
2008.03.03 19:10:25.272,0.97115,0.97145,2.40,0.40
2008.03.03 19:10:25.486,0.97115,0.97145,2.40,0.40
2008.03.03 19:10:25.699,0.97115,0.97145,2.40,0.40
2008.03.03 19:10:25.912,0.97115,0.97145,2.40,0.40
2008.03.03 19:10:26.125,0.97115,0.97145,2.40,0.40
2008.03.03 19:10:26.460,0.97115,0.9715,2.40,0.40
2008.03.03 19:10:26.792,0.97115,0.9715,2.40,0.40
2008.03.03 19:10:27.127,0.97115,0.9715,2.40,0.40
2008.03.03 19:10:27.461,0.97115,0.9715,2.40,0.40
2008.03.03 19:10:27.794,0.97115,0.9715,2.40,0.40
2008.03.03 19:10:28.127,0.97115,0.9715,2.40,0.40
2008.03.03 19:10:28.335,0.97115,0.9715,2.40,0.40
2008.03.03 19:10:28.547,0.97115,0.9715,2.40,0.40
2008.03.03 19:10:28.755,0.97115,0.9715,2.40,0.40
2008.03.03 19:10:28.964,0.97115,0.9715,2.40,0.40
2008.03.03 19:10:29.172,0.97115,0.9715,2.40,0.40
2008.03.03 19:10:29.490,0.97115,0.9715,2.40,0.40
2008.03.03 19:10:29.808,0.97115,0.9715,2.40,0.40
2008.03.03 19:10:30.126,0.97115,0.9715,2.40,0.40
2008.03.03 19:10:30.349,0.97115,0.97145,2.40,0.40
2008.03.03 19:10:30.573,0.97115,0.97145,2.40,0.40
2008.03.03 19:10:30.813,0.97115,0.97145,2.40,0.40
2008.03.03 19:10:31.037,0.97115,0.97145,2.40,0.40
2008.03.03 19:10:31.355,0.97115,0.97145,2.40,2.70
2008.03.03 19:10:31.674,0.97115,0.9714,2.40,0.40
2008.03.03 19:10:31.993,0.97115,0.9714,2.40,0.50
2008.03.03 19:10:32.311,0.97115,0.9714,2.40,0.50
2008.03.03 19:10:32.644,0.97115,0.9714,2.40,0.50
2008.03.03 19:10:32.977,0.97115,0.9714,2.40,0.50
2008.03.03 19:10:33.312,0.97115,0.9714,2.40,0.50
2008.03.03 19:10:33.510,0.97115,0.9714,2.40,0.50
2008.03.03 19:10:33.711,0.9711,0.97125,0.20,0.40
2008.03.03 19:10:33.945,0.9711,0.97125,0.20,0.40
2008.03.03 19:10:34.157,0.971,0.9713,0.10,0.50
2008.03.03 19:10:34.491,0.971,0.9713,0.10,0.50
2008.03.03 19:10:34.825,0.97095,0.9713,2.40,0.50
2008.03.03 19:10:35.159,0.97095,0.97125,2.40,0.40
2008.03.03 19:10:35.403,0.97095,0.97125,0.10,0.40
2008.03.03 19:10:35.665,0.971,0.9713,0.10,0.50
2008.03.03 19:10:35.889,0.971,0.9713,0.10,0.50
2008.03.03 19:10:36.134,0.971,0.9713,0.10,0.50
2008.03.03 19:10:36.422,0.971,0.9713,0.10,0.50
2008.03.03 19:10:36.710,0.971,0.9713,0.10,0.50
2008.03.03 19:10:37.005,0.971,0.9713,0.10,0.50
2008.03.03 19:10:37.294,0.971,0.9713,0.10,0.50
2008.03.03 19:10:37.627,0.97095,0.97125,0.10,0.40
2008.03.03 19:10:37.962,0.97095,0.97125,0.10,0.40
2008.03.03 19:10:38.295,0.97095,0.97125,0.10,0.40
2008.03.03 19:10:38.540,0.97095,0.97125,0.10,0.40
2008.03.03 19:10:38.783,0.97095,0.97125,0.10,0.40
2008.03.03 19:10:39.027,0.97095,0.97125,0.10,0.40
2008.03.03 19:10:39.271,0.97095,0.97125,0.10,0.40
2008.03.03 19:10:39.534,0.97095,0.97125,0.10,0.40
2008.03.03 19:10:39.797,0.97095,0.97125,0.10,0.40
2008.03.03 19:10:40.062,0.97095,0.97125,0.10,0.40
2008.03.03 19:10:40.326,0.971,0.9713,0.10,0.50
2008.03.03 19:10:40.609,0.971,0.9713,0.10,0.50
2008.03.03 19:10:40.893,0.971,0.9713,0.30,0.50
2008.03.03 19:10:41.177,0.97105,0.9713,2.40,0.50
2008.03.03 19:10:41.460,0.97105,0.9713,2.40,0.50
2008.03.03 19:10:41.738,0.97105,0.9713,2.40,0.50
2008.03.03 19:10:42.027,0.97105,0.9713,2.40,0.50
2008.03.03 19:10:42.305,0.97105,0.9713,2.40,0.30
2008.03.03 19:10:42.638,0.97105,0.9713,2.40,0.30
2008.03.03 19:10:42.971,0.97105,0.9713,2.40,0.30
2008.03.03 19:10:43.303,0.97105,0.9713,2.40,0.30
2008.03.03 19:10:43.637,0.97105,0.9713,2.40,0.30
2008.03.03 19:10:43.850,0.97105,0.9713,2.40,0.30
2008.03.03 19:10:44.063,0.97105,0.9713,2.40,0.30
2008.03.03 19:10:44.277,0.97105,0.9713,2.40,0.50
2008.03.03 19:10:44.503,0.97105,0.9713,2.40,0.50
2008.03.03 19:10:44.849,0.971,0.9713,0.20,0.50
2008.03.03 19:10:45.177,0.971,0.9713,0.20,0.50
2008.03.03 19:10:45.505,0.971,0.9713,0.20,0.50
2008.03.03 19:10:45.723,0.971,0.9713,0.20,0.50
2008.03.03 19:10:45.940,0.971,0.9713,0.20,0.50
2008.03.03 19:10:46.159,0.971,0.9713,0.20,0.50
2008.03.03 19:10:46.378,0.971,0.9713,0.20,0.50
2008.03.03 19:10:46.696,0.971,0.9713,0.20,0.50
2008.03.03 19:10:47.016,0.971,0.9713,0.20,0.50
2008.03.03 19:10:47.334,0.971,0.9713,0.20,0.50
2008.03.03 19:10:47.653,0.971,0.9713,0.20,0.50
2008.03.03 19:10:47.986,0.971,0.9713,0.20,0.50
2008.03.03 19:10:48.321,0.971,0.9713,0.20,0.50
2008.03.03 19:10:48.654,0.971,0.9713,0.20,0.50
2008.03.03 19:10:48.858,0.971,0.9713,0.20,0.50
2008.03.03 19:10:49.062,0.971,0.9713,0.20,0.50
2008.03.03 19:10:49.265,0.971,0.9713,0.20,0.50
2008.03.03 19:10:49.470,0.971,0.9713,0.20,0.50
2008.03.03 19:10:49.784,0.971,0.9713,0.30,0.30
2008.03.03 19:10:50.099,0.971,0.9713,0.30,0.30
2008.03.03 19:10:50.415,0.97105,0.97135,2.40,0.40
2008.03.03 19:10:50.730,0.97105,0.97135,2.40,0.40
2008.03.03 19:10:51.017,0.97105,0.97135,2.40,0.40
2008.03.03 19:10:51.289,0.97105,0.97135,2.40,0.40
2008.03.03 19:10:51.563,0.97105,0.97135,2.40,0.40
2008.03.03 19:10:51.897,0.97105,0.97135,2.40,0.40
2008.03.03 19:10:52.231,0.97105,0.97135,2.40,0.40
2008.03.03 19:10:52.566,0.9711,0.9714,0.10,0.40
2008.03.03 19:10:52.779,0.9711,0.9714,0.10,0.40
2008.03.03 19:10:52.995,0.97115,0.97145,0.10,4.30
2008.03.03 19:10:53.209,0.97115,0.97145,0.10,4.30
2008.03.03 19:10:53.437,0.97115,0.97145,0.10,4.30
2008.03.03 19:10:53.668,0.97115,0.97145,0.10,4.30
2008.03.03 19:10:53.984,0.97115,0.97145,0.10,4.30
2008.03.03 19:10:54.318,0.97115,0.97145,0.10,4.30
2008.03.03 19:10:54.653,0.97115,0.97145,0.10,4.30
2008.03.03 19:10:54.860,0.97115,0.97145,0.10,4.30
2008.03.03 19:10:55.079,0.97115,0.97145,0.10,4.30
2008.03.03 19:10:55.289,0.9711,0.97135,0.20,0.40
2008.03.03 19:10:55.498,0.97105,0.97135,6.40,0.40
2008.03.03 19:10:55.706,0.971,0.97135,0.30,0.40
2008.03.03 19:10:56.041,0.971,0.97135,0.30,0.40
2008.03.03 19:10:56.387,0.971,0.97135,0.30,0.40
2008.03.03 19:10:56.721,0.97105,0.97135,2.40,0.40
2008.03.03 19:10:57.055,0.97105,0.97135,2.40,0.40
2008.03.03 19:10:57.387,0.97105,0.97135,2.40,0.40
2008.03.03 19:10:57.721,0.97105,0.97135,2.40,0.40
2008.03.03 19:10:57.935,0.97105,0.97135,2.40,0.40
2008.03.03 19:10:58.147,0.97105,0.97135,2.40,0.40
2008.03.03 19:10:58.361,0.97105,0.97135,2.40,0.40
2008.03.03 19:10:58.575,0.97105,0.9714,2.40,0.50
2008.03.03 19:10:58.806,0.97105,0.9714,2.40,0.50
2008.03.03 19:10:59.123,0.9711,0.9714,0.20,0.50
2008.03.03 19:10:59.456,0.9711,0.9714,0.20,0.50
2008.03.03 19:10:59.789,0.9711,0.9714,0.20,0.50
2008.03.03 19:11:00.008,0.9711,0.9714,0.20,0.50
2008.03.03 19:11:00.226,0.9711,0.9714,0.20,0.50
2008.03.03 19:11:00.444,0.9711,0.9714,0.20,0.50
2008.03.03 19:11:00.662,0.9711,0.9714,0.20,0.50
2008.03.03 19:11:00.880,0.9711,0.9714,0.20,0.50
2008.03.03 19:11:01.213,0.9711,0.9714,0.20,0.50
2008.03.03 19:11:01.546,0.9711,0.9714,0.20,0.50
2008.03.03 19:11:01.880,0.9711,0.9714,0.20,0.50
2008.03.03 19:11:02.199,0.9711,0.9714,0.20,0.50
2008.03.03 19:11:02.518,0.9711,0.9714,0.20,0.50
2008.03.03 19:11:02.853,0.9711,0.9714,0.20,0.50
2008.03.03 19:11:03.070,0.9711,0.9714,0.20,0.50
2008.03.03 19:11:03.288,0.9711,0.9714,0.20,0.50
2008.03.03 19:11:03.507,0.9711,0.9714,0.20,0.50
2008.03.03 19:11:03.726,0.9711,0.9714,0.20,0.50
2008.03.03 19:11:03.945,0.9711,0.9714,0.20,0.50
2008.03.03 19:11:04.163,0.9711,0.9714,0.20,0.50
2008.03.03 19:11:04.456,0.9711,0.9714,0.20,0.50
2008.03.03 19:11:04.749,0.9711,0.9714,0.20,0.50
2008.03.03 19:11:05.042,0.9711,0.9714,0.20,0.50
2008.03.03 19:11:05.285,0.9711,0.9714,0.20,0.50
2008.03.03 19:11:05.529,0.9711,0.9714,0.20,0.50
2008.03.03 19:11:05.771,0.9711,0.9714,0.20,0.50
2008.03.03 19:11:06.015,0.9711,0.9714,0.20,0.50
2008.03.03 19:11:06.258,0.9711,0.9714,0.20,0.50
2008.03.03 19:11:06.521,0.9711,0.9714,0.20,0.50
2008.03.03 19:11:06.801,0.9711,0.9714,0.20,0.50
2008.03.03 19:11:07.048,0.9711,0.9714,0.20,0.50
2008.03.03 19:11:07.310,0.9711,0.9714,0.20,0.50
2008.03.03 19:11:07.644,0.9711,0.9714,0.20,0.50
2008.03.03 19:11:07.977,0.9711,0.9714,0.20,0.50
2008.03.03 19:11:09.981,0.9711,0.9714,0.20,0.50
2008.03.03 19:11:10.001,0.9711,0.9714,0.20,0.50
2008.03.03 19:11:10.036,0.9711,0.9714,0.20,0.50
2008.03.03 19:11:10.054,0.9711,0.9714,0.20,0.50
2008.03.03 19:11:10.099,0.9711,0.9714,0.20,0.50
2008.03.03 19:11:10.119,0.9711,0.9714,0.20,0.50
2008.03.03 19:11:10.152,0.9711,0.9714,0.20,0.50
2008.03.03 19:11:10.166,0.9711,0.9714,0.20,0.50
2008.03.03 19:11:10.184,0.9711,0.9714,0.20,0.50
2008.03.03 19:11:10.205,0.9711,0.9714,0.20,0.50
2008.03.03 19:11:10.251,0.9711,0.9714,0.20,0.50
2008.03.03 19:11:10.268,0.9711,0.9714,0.20,0.50
2008.03.03 19:11:10.291,0.9711,0.9714,0.20,0.50
2008.03.03 19:11:10.308,0.9711,0.9714,0.20,0.50
2008.03.03 19:11:10.357,0.9711,0.9714,0.20,0.50
2008.03.03 19:11:10.378,0.9711,0.9714,0.20,0.50
2008.03.03 19:11:10.395,0.9711,0.9714,0.20,0.50
2008.03.03 19:11:10.414,0.9711,0.9714,0.20,0.50
2008.03.03 19:11:10.455,0.9711,0.9714,0.20,0.50
2008.03.03 19:11:10.473,0.9711,0.9714,0.20,0.50
2008.03.03 19:11:10.510,0.9711,0.9714,0.20,0.50
2008.03.03 19:11:10.540,0.9711,0.9714,0.20,0.50
2008.03.03 19:11:10.557,0.9711,0.9714,0.20,0.50
2008.03.03 19:11:10.590,0.9711,0.9714,0.20,0.50
2008.03.03 19:11:10.607,0.9711,0.9714,0.20,0.50
2008.03.03 19:11:10.628,0.9711,0.9714,0.20,0.50
2008.03.03 19:11:10.646,0.9711,0.9714,0.20,0.50
2008.03.03 19:11:10.675,0.9711,0.9714,0.20,0.50
2008.03.03 19:11:10.697,0.9711,0.9714,0.20,0.50
2008.03.03 19:11:10.714,0.9711,0.9714,0.20,0.50
2008.03.03 19:11:10.744,0.9711,0.9714,0.20,0.50
2008.03.03 19:11:10.769,0.9711,0.9714,0.20,0.50
2008.03.03 19:11:10.786,0.9711,0.9714,0.20,0.50
2008.03.03 19:11:10.814,0.9711,0.9714,0.20,0.50
2008.03.03 19:11:10.834,0.9711,0.9714,0.20,0.50
2008.03.03 19:11:10.852,0.9711,0.9714,0.20,0.50
2008.03.03 19:11:10.893,0.9711,0.9714,0.20,0.50
2008.03.03 19:11:10.910,0.9711,0.9714,0.20,0.50
2008.03.03 19:11:10.928,0.9711,0.9714,0.20,0.50
2008.03.03 19:11:10.960,0.9711,0.9714,0.20,0.50
2008.03.03 19:11:10.979,0.9711,0.9714,0.20,0.50
2008.03.03 19:11:11.310,0.9711,0.97135,0.20,0.40
2008.03.03 19:11:11.643,0.9711,0.97135,0.20,0.40
2008.03.03 19:11:11.977,0.9711,0.97135,0.20,0.40
2008.03.03 19:11:12.309,0.9711,0.97135,0.20,0.40
2008.03.03 19:11:12.642,0.9711,0.97135,0.20,0.40
2008.03.03 19:11:12.975,0.9711,0.97135,0.20,0.40
2008.03.03 19:11:13.308,0.9711,0.97135,0.20,0.40
2008.03.03 19:11:13.537,0.9711,0.97135,0.20,0.40
2008.03.03 19:11:13.766,0.9711,0.97135,0.20,0.40
2008.03.03 19:11:13.994,0.9711,0.97135,0.20,0.40
2008.03.03 19:11:14.313,0.9711,0.97135,0.20,0.40
2008.03.03 19:11:14.631,0.97115,0.9714,2.40,0.40
2008.03.03 19:11:14.952,0.97115,0.9714,2.40,0.40
2008.03.03 19:11:15.270,0.97115,0.9714,2.40,0.40
2008.03.03 19:11:15.502,0.97115,0.9714,2.40,0.40
2008.03.03 19:11:15.735,0.97115,0.9714,2.40,0.40
2008.03.03 19:11:15.968,0.97115,0.9714,2.40,0.40
2008.03.03 19:11:16.202,0.97115,0.9714,2.40,0.40
2008.03.03 19:11:16.466,0.97115,0.9714,2.40,0.40
2008.03.03 19:11:16.729,0.97115,0.9714,2.40,0.40
2008.03.03 19:11:17.005,0.97115,0.9714,2.40,0.40
2008.03.03 19:11:17.268,0.97115,0.9714,2.40,0.40
2008.03.03 19:11:17.603,0.97115,0.9714,2.40,0.40
2008.03.03 19:11:17.936,0.97115,0.9714,2.40,0.40
2008.03.03 19:11:18.269,0.97115,0.9714,2.40,0.40
2008.03.03 19:11:18.482,0.97115,0.9714,2.40,0.40
2008.03.03 19:11:18.696,0.97115,0.9714,2.40,0.40
2008.03.03 19:11:18.908,0.97115,0.9714,2.40,0.40
2008.03.03 19:11:19.122,0.97115,0.9714,2.40,0.40
2008.03.03 19:11:19.420,0.97115,0.9714,2.40,0.40
2008.03.03 19:11:19.721,0.97115,0.9714,2.40,0.40
2008.03.03 19:11:20.018,0.97115,0.9714,2.40,0.40
2008.03.03 19:11:20.317,0.97115,0.9714,2.40,0.40
2008.03.03 19:11:20.580,0.97115,0.9714,2.40,0.40
2008.03.03 19:11:20.843,0.97115,0.9714,2.40,0.40
2008.03.03 19:11:21.122,0.97115,0.9714,2.40,0.40
2008.03.03 19:11:23.376,0.97125,0.97155,0.10,2.70
2008.03.03 19:11:23.438,0.97125,0.97155,0.10,2.70
2008.03.03 19:11:23.474,0.97125,0.97155,0.10,2.70
2008.03.03 19:11:23.517,0.97125,0.97155,0.10,2.70
2008.03.03 19:11:23.554,0.97125,0.97155,0.10,2.70
2008.03.03 19:11:23.600,0.97125,0.97155,0.10,2.70
2008.03.03 19:11:23.646,0.97125,0.97155,2.40,0.40
2008.03.03 19:11:23.685,0.97125,0.97155,2.40,0.40
2008.03.03 19:11:23.723,0.97125,0.97155,2.40,0.40
2008.03.03 19:11:23.778,0.9713,0.97155,0.20,0.40
2008.03.03 19:11:23.815,0.9713,0.97155,0.20,0.40
2008.03.03 19:11:23.868,0.9713,0.97155,0.20,0.40
2008.03.03 19:11:23.906,0.9713,0.97155,0.20,0.40
2008.03.03 19:11:23.944,0.9713,0.97155,0.20,0.40
2008.03.03 19:11:23.982,0.9713,0.97155,0.20,0.40
2008.03.03 19:11:24.019,0.9713,0.97155,0.20,0.40
2008.03.03 19:11:24.073,0.9713,0.97155,0.20,0.40
2008.03.03 19:11:24.097,0.9713,0.97155,0.20,0.40
2008.03.03 19:11:24.135,0.9713,0.97155,0.20,0.40
2008.03.03 19:11:24.180,0.9713,0.97155,0.20,0.40
2008.03.03 19:11:24.219,0.9713,0.97155,0.20,0.40
2008.03.03 19:11:24.274,0.9713,0.97155,0.20,0.40
2008.03.03 19:11:24.312,0.9713,0.97155,0.20,0.40
2008.03.03 19:11:24.359,0.9713,0.97155,0.20,0.40
2008.03.03 19:11:24.693,0.9713,0.97155,0.20,0.40
2008.03.03 19:11:25.026,0.9713,0.97155,0.20,0.40
2008.03.03 19:11:25.359,0.9713,0.97155,0.20,0.40
2008.03.03 19:11:25.579,0.9713,0.97155,0.20,0.40
2008.03.03 19:11:25.814,0.9713,0.97155,0.20,0.40
2008.03.03 19:11:26.015,0.9713,0.97155,0.20,0.40
2008.03.03 19:11:26.233,0.9713,0.97155,0.20,0.40
2008.03.03 19:11:26.452,0.9713,0.97155,0.20,0.40
2008.03.03 19:11:26.750,0.9713,0.97155,0.20,0.40
2008.03.03 19:11:27.048,0.9713,0.97155,0.20,0.40
2008.03.03 19:11:27.346,0.9713,0.97155,0.20,0.40
2008.03.03 19:11:27.644,0.9713,0.97155,0.20,0.40
2008.03.03 19:11:27.978,0.9713,0.97155,0.20,0.40
2008.03.03 19:11:28.311,0.9713,0.97155,0.20,0.40
2008.03.03 19:11:28.644,0.9713,0.97155,0.20,0.40
2008.03.03 19:11:28.862,0.9713,0.97155,0.20,0.40
2008.03.03 19:11:29.071,0.9713,0.97155,0.20,0.40
2008.03.03 19:11:29.284,0.9713,0.97155,0.20,0.40
2008.03.03 19:11:29.498,0.9713,0.97155,0.20,0.40
2008.03.03 19:11:29.787,0.9713,0.97155,0.20,0.40
2008.03.03 19:11:30.076,0.9713,0.97155,0.20,0.40
2008.03.03 19:11:30.364,0.9713,0.97155,0.20,0.40
2008.03.03 19:11:30.653,0.9713,0.97155,0.20,0.40
2008.03.03 19:11:30.911,0.9713,0.97155,0.20,0.40
2008.03.03 19:11:31.169,0.9713,0.97155,0.20,0.40
2008.03.03 19:11:31.430,0.9713,0.97155,0.20,0.40
2008.03.03 19:11:31.687,0.9713,0.97155,0.20,0.40
2008.03.03 19:11:32.021,0.9713,0.97155,0.20,0.40
2008.03.03 19:11:32.353,0.9713,0.97155,0.20,0.40
2008.03.03 19:11:32.686,0.9713,0.97155,0.20,0.40
2008.03.03 19:11:32.889,0.9713,0.97155,0.20,0.40
2008.03.03 19:11:33.093,0.9713,0.97155,0.20,0.40
2008.03.03 19:11:33.296,0.9713,0.97155,0.20,0.40
2008.03.03 19:11:33.499,0.9713,0.97155,0.20,0.40
2008.03.03 19:11:33.703,0.9713,0.97155,0.20,0.40
2008.03.03 19:11:34.012,0.9713,0.97155,0.20,0.40
2008.03.03 19:11:34.320,0.9713,0.97155,0.20,0.40
2008.03.03 19:11:34.628,0.9713,0.97155,0.20,0.40
2008.03.03 19:11:34.906,0.9713,0.97155,0.20,0.40
2008.03.03 19:11:35.184,0.9713,0.97155,0.20,0.40
2008.03.03 19:11:35.462,0.9713,0.97155,0.20,0.40
2008.03.03 19:11:35.740,0.9713,0.97155,0.20,0.40
2008.03.03 19:11:35.993,0.9713,0.97155,0.20,0.40
2008.03.03 19:11:36.246,0.9713,0.97155,0.20,0.40
2008.03.03 19:11:36.500,0.9713,0.97155,0.20,0.40
2008.03.03 19:11:36.755,0.9713,0.97155,0.20,0.40
2008.03.03 19:11:37.088,0.9713,0.97155,0.20,0.40
2008.03.03 19:11:37.420,0.9713,0.97155,0.20,0.40
2008.03.03 19:11:37.754,0.9713,0.97155,0.20,0.40
2008.03.03 19:11:37.962,0.9713,0.97155,0.20,0.40
2008.03.03 19:11:38.170,0.9713,0.97155,0.20,0.40
2008.03.03 19:11:38.378,0.9713,0.97155,0.20,0.40
2008.03.03 19:11:38.587,0.9713,0.97155,0.20,0.40
2008.03.03 19:11:38.795,0.9713,0.97155,0.20,0.40
2008.03.03 19:11:39.118,0.9713,0.97155,0.20,0.40
2008.03.03 19:11:39.441,0.9713,0.97155,0.20,0.40
2008.03.03 19:11:39.764,0.9713,0.97155,0.20,0.40
2008.03.03 19:11:39.989,0.9713,0.97155,0.20,0.40
2008.03.03 19:11:40.213,0.9713,0.97155,0.20,0.40
2008.03.03 19:11:40.435,0.9713,0.97155,0.20,0.40
2008.03.03 19:11:40.659,0.9713,0.97155,0.20,0.40
2008.03.03 19:11:40.883,0.9713,0.97155,0.20,0.40
2008.03.03 19:11:41.192,0.9713,0.97155,0.20,0.40
2008.03.03 19:11:41.500,0.9713,0.97155,0.20,0.40
2008.03.03 19:11:41.810,0.9713,0.97155,0.20,0.40
2008.03.03 19:11:42.143,0.9713,0.97155,0.20,0.40
2008.03.03 19:11:42.476,0.9713,0.97155,0.20,0.40
2008.03.03 19:11:42.827,0.9713,0.97155,0.20,0.40
2008.03.03 19:11:43.035,0.9713,0.97155,0.20,0.40
2008.03.03 19:11:43.244,0.9713,0.97155,0.20,0.40
2008.03.03 19:11:43.451,0.9713,0.97155,0.20,0.40
2008.03.03 19:11:43.676,0.9713,0.97155,0.20,0.40
2008.03.03 19:11:43.885,0.9713,0.97155,0.20,0.40
2008.03.03 19:11:44.190,0.9713,0.97155,0.20,0.40
2008.03.03 19:11:44.491,0.9713,0.97155,0.20,0.40
2008.03.03 19:11:44.794,0.9713,0.97155,0.20,0.40
2008.03.03 19:11:45.038,0.9713,0.97155,0.20,0.40
2008.03.03 19:11:45.282,0.9713,0.97155,0.20,0.40
2008.03.03 19:11:45.527,0.9713,0.97155,0.20,0.40
2008.03.03 19:11:45.787,0.9713,0.97155,0.20,0.40
2008.03.03 19:11:46.050,0.9713,0.97155,0.20,0.40
2008.03.03 19:11:46.313,0.9713,0.97155,0.20,0.40
2008.03.03 19:11:46.577,0.9713,0.97155,0.20,0.40
2008.03.03 19:11:46.840,0.9713,0.97155,0.20,0.40
2008.03.03 19:11:47.173,0.9713,0.97155,0.20,0.40
2008.03.03 19:11:47.506,0.9713,0.97155,0.20,0.40
2008.03.03 19:11:47.839,0.9713,0.97155,0.20,0.40
2008.03.03 19:11:48.057,0.9713,0.97155,0.20,0.40
2008.03.03 19:11:48.276,0.9713,0.97155,0.20,0.40
2008.03.03 19:11:48.494,0.9713,0.97155,0.20,0.40
2008.03.03 19:11:48.712,0.9713,0.97155,0.20,0.40
2008.03.03 19:11:48.932,0.9713,0.97155,0.20,0.40
2008.03.03 19:11:49.226,0.9713,0.97155,0.20,0.40
2008.03.03 19:11:49.519,0.9713,0.97155,0.20,0.40
2008.03.03 19:11:49.811,0.9713,0.97155,0.20,0.40
2008.03.03 19:11:50.104,0.9713,0.97155,0.20,0.40
2008.03.03 19:11:50.359,0.9713,0.97155,0.20,0.40
2008.03.03 19:11:50.610,0.9713,0.97155,0.20,0.40
2008.03.03 19:11:50.864,0.9713,0.97155,0.20,0.40
2008.03.03 19:11:51.118,0.9713,0.97155,0.20,0.40
2008.03.03 19:11:51.386,0.9713,0.97155,0.20,0.40
2008.03.03 19:11:51.655,0.9713,0.97155,0.20,0.40
2008.03.03 19:11:51.924,0.9713,0.97155,0.20,0.40
2008.03.03 19:11:52.193,0.9713,0.97155,0.20,0.40
2008.03.03 19:11:52.527,0.9713,0.97155,0.20,0.40
2008.03.03 19:11:52.861,0.9713,0.97155,0.20,0.40
2008.03.03 19:11:53.195,0.9713,0.97155,0.20,0.40
2008.03.03 19:11:53.410,0.9713,0.97155,0.20,0.40
2008.03.03 19:11:53.622,0.9713,0.97155,0.20,0.40
2008.03.03 19:11:53.836,0.9713,0.97155,0.20,0.40
2008.03.03 19:11:54.050,0.9713,0.97155,0.20,0.40
2008.03.03 19:11:54.337,0.9713,0.97155,0.20,0.40
2008.03.03 19:11:54.625,0.9713,0.97155,0.20,0.40
2008.03.03 19:11:54.913,0.9713,0.97155,0.20,0.40
2008.03.03 19:11:55.217,0.9713,0.97155,0.20,0.40
2008.03.03 19:11:55.460,0.9713,0.97155,0.20,0.40
2008.03.03 19:11:55.703,0.9713,0.97155,0.20,0.40
2008.03.03 19:11:55.946,0.9713,0.97155,0.20,0.40
2008.03.03 19:11:56.189,0.9713,0.97155,0.20,0.40
2008.03.03 19:11:56.468,0.97135,0.9716,0.10,0.30
2008.03.03 19:11:56.748,0.9715,0.9717,0.20,4.00
2008.03.03 19:11:57.027,0.9715,0.97175,0.20,0.40
2008.03.03 19:11:57.306,0.9715,0.97175,0.20,0.40
2008.03.03 19:11:57.639,0.9715,0.97175,0.20,0.40
2008.03.03 19:11:57.973,0.9715,0.97175,0.20,0.40
2008.03.03 19:11:58.306,0.9715,0.97175,0.20,0.40
2008.03.03 19:11:58.536,0.9715,0.97175,0.20,0.40
2008.03.03 19:11:58.751,0.9715,0.97175,0.20,1.10
2008.03.03 19:11:58.981,0.9715,0.97175,0.20,1.90
2008.03.03 19:11:59.177,0.9715,0.9717,0.20,0.80
2008.03.03 19:11:59.475,0.9715,0.9717,0.20,0.80
2008.03.03 19:11:59.774,0.9715,0.9717,0.20,0.80
2008.03.03 19:12:00.072,0.9715,0.9717,0.20,0.80
2008.03.03 19:12:00.370,0.9715,0.9717,0.20,0.80
2008.03.03 19:12:00.633,0.9715,0.9717,0.20,0.80
2008.03.03 19:12:00.896,0.9715,0.9717,0.20,0.80
2008.03.03 19:12:01.158,0.9715,0.9717,0.20,0.80
2008.03.03 19:12:01.399,0.9715,0.9717,0.20,0.80
2008.03.03 19:12:01.622,0.9715,0.97175,0.20,1.90
2008.03.03 19:12:01.846,0.9715,0.9717,0.20,0.80
2008.03.03 19:12:02.069,0.9715,0.9717,0.20,0.80
2008.03.03 19:12:02.292,0.9715,0.9717,0.20,0.80
2008.03.03 19:12:02.625,0.9715,0.97165,0.20,1.60
2008.03.03 19:12:02.976,0.9715,0.97165,0.20,1.60
2008.03.03 19:12:03.329,0.9715,0.9717,0.20,0.80
2008.03.03 19:12:03.552,0.9715,0.9717,0.20,0.80
2008.03.03 19:12:03.776,0.9715,0.9717,0.20,0.80
2008.03.03 19:12:03.999,0.9715,0.9717,0.20,0.80
2008.03.03 19:12:04.224,0.9715,0.9717,0.20,0.80
2008.03.03 19:12:04.521,0.9715,0.97175,0.20,0.40
2008.03.03 19:12:04.819,0.9715,0.97175,0.20,0.40
2008.03.03 19:12:05.116,0.9715,0.97175,0.20,0.40
2008.03.03 19:12:05.414,0.9715,0.97175,0.20,0.40
2008.03.03 19:12:05.694,0.9715,0.97175,0.20,1.10
2008.03.03 19:12:05.958,0.9715,0.9717,0.20,0.80
2008.03.03 19:12:06.222,0.9715,0.97165,0.20,0.80
2008.03.03 19:12:06.469,0.9715,0.97165,0.20,1.60
2008.03.03 19:12:06.717,0.9715,0.97165,0.20,0.80
2008.03.03 19:12:06.965,0.9715,0.97175,0.20,0.40
2008.03.03 19:12:07.213,0.9715,0.97175,0.20,0.40
2008.03.03 19:12:07.460,0.9715,0.97175,0.20,0.40
2008.03.03 19:12:07.811,0.9715,0.97175,0.20,0.40
2008.03.03 19:12:08.127,0.9715,0.97175,0.20,0.40
2008.03.03 19:12:08.460,0.9715,0.97175,0.20,0.40
2008.03.03 19:12:08.698,0.9715,0.97175,0.20,0.40
2008.03.03 19:12:08.940,0.9715,0.97175,0.20,0.40
2008.03.03 19:12:09.177,0.9715,0.97175,0.20,0.40
2008.03.03 19:12:09.422,0.9715,0.97175,0.20,0.40
2008.03.03 19:12:09.716,0.9715,0.97175,0.20,1.10
2008.03.03 19:12:10.009,0.9715,0.97175,0.20,1.90
2008.03.03 19:12:10.303,0.9715,0.97175,0.20,1.90
2008.03.03 19:12:10.551,0.9715,0.97175,0.20,1.90
2008.03.03 19:12:10.800,0.9715,0.97175,0.20,1.90
2008.03.03 19:12:11.050,0.9715,0.97175,0.20,1.90
2008.03.03 19:12:11.299,0.9715,0.97175,0.20,1.90
2008.03.03 19:12:11.572,0.9715,0.97175,0.20,1.90
2008.03.03 19:12:11.846,0.9715,0.97175,0.20,0.40
2008.03.03 19:12:12.120,0.9715,0.97175,0.20,0.40
2008.03.03 19:12:12.394,0.9715,0.97175,0.20,0.40
2008.03.03 19:12:12.728,0.9715,0.97175,0.20,0.40
2008.03.03 19:12:13.061,0.9715,0.97175,0.20,1.10
2008.03.03 19:12:13.395,0.9715,0.97175,0.20,1.90
2008.03.03 19:12:13.599,0.9715,0.97175,0.20,1.90
2008.03.03 19:12:13.803,0.9715,0.9717,0.20,0.80
2008.03.03 19:12:14.006,0.9715,0.97175,0.20,1.90
2008.03.03 19:12:14.211,0.9715,0.97165,0.20,0.80
2008.03.03 19:12:14.415,0.9715,0.97165,0.20,1.60
2008.03.03 19:12:14.748,0.9715,0.97165,0.20,1.60
2008.03.03 19:12:15.103,0.9715,0.97165,0.20,1.60
2008.03.03 19:12:15.436,0.9715,0.97165,0.20,1.10
2008.03.03 19:12:15.665,0.9714,0.97165,4.10,0.40
2008.03.03 19:12:15.893,0.9714,0.97165,0.20,1.10
2008.03.03 19:12:16.123,0.97135,0.9716,6.40,0.40
2008.03.03 19:12:16.351,0.9713,0.9716,0.20,0.40
2008.03.03 19:12:16.660,0.9713,0.9716,0.20,0.40
2008.03.03 19:12:16.967,0.9713,0.9716,0.20,0.40
2008.03.03 19:12:17.276,0.9713,0.9716,0.20,0.40
2008.03.03 19:12:17.585,0.9713,0.9716,0.20,0.40
2008.03.03 19:12:17.919,0.9713,0.9716,0.20,0.40
2008.03.03 19:12:18.252,0.9713,0.97155,0.20,0.80
2008.03.03 19:12:18.602,0.9713,0.97155,0.20,1.90
2008.03.03 19:12:18.835,0.9713,0.97155,0.20,1.90
2008.03.03 19:12:19.032,0.9713,0.97155,0.20,1.90
2008.03.03 19:12:19.245,0.9713,0.97155,0.20,1.90
2008.03.03 19:12:19.459,0.9713,0.97155,0.20,1.90
2008.03.03 19:12:19.784,0.9713,0.97155,0.20,1.90
2008.03.03 19:12:20.107,0.9713,0.9715,0.20,0.80
2008.03.03 19:12:20.449,0.9713,0.97155,0.20,1.10
2008.03.03 19:12:20.774,0.9713,0.97155,0.20,0.40
2008.03.03 19:12:21.012,0.9713,0.97155,0.20,0.40
2008.03.03 19:12:21.244,0.9713,0.97155,0.20,0.40
2008.03.03 19:12:21.478,0.9713,0.97155,0.20,0.40
2008.03.03 19:12:21.756,0.9713,0.97155,0.20,0.40
2008.03.03 19:12:22.035,0.9713,0.97155,0.20,0.40
2008.03.03 19:12:22.315,0.9714,0.9716,0.20,0.40
2008.03.03 19:12:22.595,0.9714,0.9716,0.20,0.40
2008.03.03 19:12:22.928,0.9714,0.97165,0.20,1.90
2008.03.03 19:12:23.261,0.9714,0.97165,0.20,1.90
2008.03.03 19:12:23.594,0.9714,0.97165,0.20,1.90
2008.03.03 19:12:23.812,0.9714,0.97165,0.20,1.90
2008.03.03 19:12:24.032,0.97135,0.9716,2.40,0.40
2008.03.03 19:12:24.250,0.97135,0.97165,2.40,1.90
2008.03.03 19:12:24.469,0.97135,0.97165,2.40,1.90
2008.03.03 19:12:24.687,0.9714,0.97165,0.20,1.90
2008.03.03 19:12:25.022,0.9714,0.97155,0.20,0.80
2008.03.03 19:12:25.354,0.9714,0.97155,0.20,0.80
2008.03.03 19:12:25.697,0.9715,0.97165,0.20,0.80
2008.03.03 19:12:25.920,0.9715,0.97175,0.20,8.30
2008.03.03 19:12:26.143,0.9714,0.9717,0.20,0.40
2008.03.03 19:12:26.366,0.9714,0.9717,0.20,0.40
2008.03.03 19:12:26.590,0.9714,0.9717,0.20,0.40
2008.03.03 19:12:26.814,0.9714,0.9717,0.20,0.40
2008.03.03 19:12:27.147,0.9714,0.9717,0.20,0.40
2008.03.03 19:12:27.480,0.9714,0.9717,0.20,0.40
2008.03.03 19:12:27.832,0.9714,0.9717,0.20,0.40
2008.03.03 19:12:28.056,0.9714,0.9717,0.20,0.40
2008.03.03 19:12:28.276,0.97135,0.9717,4.80,0.50
2008.03.03 19:12:28.495,0.97135,0.9716,4.80,0.40
2008.03.03 19:12:28.714,0.97135,0.9716,2.40,0.40
2008.03.03 19:12:29.044,0.97135,0.9716,2.40,0.40
2008.03.03 19:12:29.340,0.97135,0.9716,2.40,0.40
2008.03.03 19:12:29.653,0.97135,0.9716,2.40,0.40
2008.03.03 19:12:29.901,0.97135,0.9716,2.40,0.40
2008.03.03 19:12:30.149,0.97135,0.9716,2.40,0.40
2008.03.03 19:12:30.397,0.97135,0.9716,2.40,0.40
2008.03.03 19:12:30.645,0.97135,0.9716,2.40,0.40
2008.03.03 19:12:30.919,0.97135,0.9716,2.40,0.40
2008.03.03 19:12:31.193,0.97135,0.9716,2.40,0.40
2008.03.03 19:12:31.467,0.97135,0.9716,2.40,0.40
2008.03.03 19:12:31.741,0.97135,0.9716,2.40,0.40
2008.03.03 19:12:32.075,0.97135,0.9716,2.40,0.40
2008.03.03 19:12:32.423,0.97135,0.9716,2.40,0.40
2008.03.03 19:12:32.756,0.97135,0.9716,2.40,0.40
2008.03.03 19:12:33.105,0.97135,0.9716,2.40,0.40
2008.03.03 19:12:33.307,0.97135,0.9716,2.40,0.40
2008.03.03 19:12:33.525,0.97135,0.9716,2.40,0.40
2008.03.03 19:12:33.744,0.97135,0.9716,2.40,0.40
2008.03.03 19:12:33.979,0.97135,0.9716,2.40,0.40
2008.03.03 19:12:34.260,0.9713,0.9716,0.20,0.40
2008.03.03 19:12:34.559,0.97125,0.97155,8.80,1.60
2008.03.03 19:12:34.858,0.97125,0.97155,2.40,1.90
2008.03.03 19:12:35.111,0.97125,0.9715,2.40,0.40
2008.03.03 19:12:35.364,0.97125,0.9715,2.40,0.40
2008.03.03 19:12:35.618,0.97125,0.9715,2.40,0.40
2008.03.03 19:12:35.881,0.97125,0.9715,2.40,0.40
2008.03.03 19:12:36.145,0.97125,0.9715,2.40,0.40
2008.03.03 19:12:36.407,0.97125,0.9715,2.40,0.40
2008.03.03 19:12:36.671,0.97125,0.9715,2.40,0.40
2008.03.03 19:12:36.933,0.97125,0.9715,2.40,0.40
2008.03.03 19:12:37.267,0.97125,0.9715,2.40,0.40
2008.03.03 19:12:37.621,0.9712,0.9715,0.30,0.40
2008.03.03 19:12:37.971,0.9712,0.9715,0.30,0.40
2008.03.03 19:12:38.163,0.9712,0.9715,0.30,1.10
2008.03.03 19:12:38.372,0.9712,0.9715,0.30,1.10
2008.03.03 19:12:38.581,0.9712,0.9715,0.30,1.10
2008.03.03 19:12:38.790,0.9712,0.9715,0.30,1.10
2008.03.03 19:12:38.999,0.9712,0.9715,0.30,1.10
2008.03.03 19:12:39.349,0.9712,0.9715,0.30,1.10
2008.03.03 19:12:39.700,0.9712,0.97145,0.30,0.80
2008.03.03 19:12:40.017,0.9712,0.97145,0.30,1.60
2008.03.03 19:12:40.237,0.9712,0.97145,0.20,1.90
2008.03.03 19:12:40.455,0.9712,0.97145,0.20,1.90
2008.03.03 19:12:40.675,0.9712,0.97145,0.20,1.90
2008.03.03 19:12:40.907,0.9712,0.97145,0.20,1.90
2008.03.03 19:12:41.125,0.9712,0.97145,0.20,1.90
2008.03.03 19:12:41.460,0.9712,0.97145,0.20,1.90
2008.03.03 19:12:41.793,0.9712,0.97145,0.20,1.90
2008.03.03 19:12:42.127,0.9712,0.97145,0.20,1.90
2008.03.03 19:12:42.451,0.9712,0.97145,0.20,1.90
2008.03.03 19:12:42.784,0.9712,0.97145,0.20,2.70
2008.03.03 19:12:43.126,0.9712,0.9714,0.20,0.80
2008.03.03 19:12:43.317,0.9712,0.9714,0.20,0.80
2008.03.03 19:12:43.527,0.9712,0.9714,0.20,0.80
2008.03.03 19:12:43.737,0.97115,0.97135,2.40,0.40
2008.03.03 19:12:43.946,0.97115,0.97135,2.40,0.40
2008.03.03 19:12:44.168,0.97115,0.97135,2.40,0.40
2008.03.03 19:12:44.518,0.97115,0.97135,2.40,0.40
2008.03.03 19:12:44.854,0.9712,0.9714,0.20,0.80
2008.03.03 19:12:45.189,0.9712,0.9714,0.20,0.80
2008.03.03 19:12:45.418,0.9712,0.9714,0.20,0.80
2008.03.03 19:12:45.645,0.9712,0.9714,0.20,0.80
2008.03.03 19:12:45.873,0.9712,0.9714,0.20,0.80
2008.03.03 19:12:46.101,0.9712,0.9714,0.20,0.80
2008.03.03 19:12:46.401,0.9712,0.9714,0.20,0.80
2008.03.03 19:12:46.718,0.9712,0.9714,0.20,0.80
2008.03.03 19:12:46.998,0.9712,0.9714,0.20,0.80
2008.03.03 19:12:47.298,0.9712,0.9714,0.20,0.80
2008.03.03 19:12:47.631,0.9712,0.9714,0.20,0.80
2008.03.03 19:12:47.964,0.9712,0.9714,0.20,0.80
2008.03.03 19:12:48.297,0.9712,0.9714,0.20,0.80
2008.03.03 19:12:48.515,0.9712,0.9714,0.20,0.80
2008.03.03 19:12:48.740,0.9712,0.9714,0.20,0.80
2008.03.03 19:12:48.958,0.9712,0.9714,0.20,0.80
2008.03.03 19:12:49.177,0.9712,0.9714,0.20,0.80
2008.03.03 19:12:49.475,0.9712,0.9714,0.20,0.80
2008.03.03 19:12:49.773,0.9712,0.9714,0.20,0.80
2008.03.03 19:12:50.073,0.9712,0.9714,0.20,0.80
2008.03.03 19:12:50.371,0.9712,0.9714,0.20,0.80
2008.03.03 19:12:50.630,0.9712,0.9714,0.20,0.80
2008.03.03 19:12:50.889,0.9712,0.9714,0.20,0.80
2008.03.03 19:12:51.147,0.9712,0.9714,0.20,0.80
2008.03.03 19:12:51.390,0.9712,0.9714,0.20,0.80
2008.03.03 19:12:51.633,0.9712,0.9714,0.20,0.80
2008.03.03 19:12:51.877,0.9712,0.9714,0.20,0.80
2008.03.03 19:12:52.120,0.9712,0.9714,0.20,0.80
2008.03.03 19:12:52.393,0.9712,0.9714,0.30,0.80
2008.03.03 19:12:52.668,0.9713,0.9715,0.20,0.80
2008.03.03 19:12:52.941,0.9713,0.9715,0.20,0.80
2008.03.03 19:12:53.215,0.9713,0.9715,0.20,0.80
2008.03.03 19:12:53.548,0.9713,0.9715,0.20,0.80
2008.03.03 19:12:53.887,0.9713,0.9715,0.20,0.80
2008.03.03 19:12:54.221,0.9713,0.9715,0.20,0.80
2008.03.03 19:12:54.445,0.9713,0.9715,0.20,0.80
2008.03.03 19:12:54.668,0.9713,0.9715,0.20,0.80
2008.03.03 19:12:54.891,0.9713,0.9715,0.20,0.80
2008.03.03 19:12:55.122,0.9713,0.9715,0.20,0.80
2008.03.03 19:12:55.346,0.9713,0.97145,0.20,1.60
2008.03.03 19:12:55.654,0.9713,0.97145,0.20,1.60
2008.03.03 19:12:55.963,0.9713,0.97145,0.20,1.60
2008.03.03 19:12:56.271,0.9713,0.97145,0.20,1.60
2008.03.03 19:12:56.520,0.9713,0.97145,0.20,1.60
2008.03.03 19:12:56.768,0.9713,0.97145,0.20,1.60
2008.03.03 19:12:57.034,0.9713,0.97145,0.20,1.60
2008.03.03 19:12:57.266,0.9713,0.97145,0.20,1.60
2008.03.03 19:12:57.540,0.9713,0.97145,0.20,1.60
2008.03.03 19:12:57.815,0.9713,0.9715,0.20,0.80
2008.03.03 19:12:58.088,0.9713,0.9715,0.20,0.80
2008.03.03 19:12:58.361,0.9713,0.9715,0.20,0.80
2008.03.03 19:12:58.694,0.9713,0.9715,0.20,0.80
2008.03.03 19:12:59.027,0.9713,0.9715,0.20,0.80
2008.03.03 19:12:59.360,0.9713,0.9715,0.20,0.80
2008.03.03 19:12:59.589,0.9713,0.9715,0.20,0.80
2008.03.03 19:12:59.817,0.9713,0.9715,0.20,0.80
2008.03.03 19:13:00.044,0.9713,0.9715,0.20,0.80
2008.03.03 19:13:00.275,0.9713,0.9715,0.20,0.80
2008.03.03 19:13:00.584,0.9713,0.97145,0.20,1.60
2008.03.03 19:13:00.901,0.9713,0.97145,0.20,1.60
2008.03.03 19:13:01.227,0.9713,0.97145,0.20,1.60
2008.03.03 19:13:01.518,0.9713,0.97145,0.20,1.60
2008.03.03 19:13:01.752,0.9713,0.97145,0.20,1.60
2008.03.03 19:13:01.986,0.9713,0.97145,0.20,1.60
2008.03.03 19:13:02.217,0.9713,0.97145,0.20,1.60
2008.03.03 19:13:02.450,0.9713,0.97145,0.20,1.60
2008.03.03 19:13:02.759,0.9713,0.97145,0.20,1.60
2008.03.03 19:13:03.068,0.9713,0.97145,0.20,1.60
2008.03.03 19:13:03.377,0.9713,0.97145,0.20,1.60
2008.03.03 19:13:03.710,0.9713,0.97145,0.20,1.60
2008.03.03 19:13:04.043,0.9713,0.97145,0.20,1.60
2008.03.03 19:13:04.379,0.9713,0.97145,0.20,1.60
2008.03.03 19:13:04.712,0.9713,0.97145,0.20,1.60
2008.03.03 19:13:04.924,0.9713,0.97145,0.20,1.60
2008.03.03 19:13:05.137,0.9713,0.97145,0.20,1.60
2008.03.03 19:13:05.352,0.9713,0.97145,0.20,1.60
2008.03.03 19:13:05.564,0.9713,0.97145,0.20,1.60
2008.03.03 19:13:05.879,0.9713,0.9715,0.20,0.80
2008.03.03 19:13:06.193,0.9713,0.9715,0.20,0.80
2008.03.03 19:13:06.525,0.9713,0.97155,0.20,1.90
2008.03.03 19:13:06.745,0.9713,0.97155,0.20,1.90
2008.03.03 19:13:06.983,0.9713,0.97155,0.20,1.90
2008.03.03 19:13:07.220,0.9713,0.97155,0.20,1.90
2008.03.03 19:13:07.459,0.9713,0.97155,0.20,1.90
2008.03.03 19:13:07.724,0.9713,0.97155,0.20,1.90
2008.03.03 19:13:07.988,0.9713,0.97155,0.20,1.90
2008.03.03 19:13:08.264,0.9713,0.97155,0.20,1.90
2008.03.03 19:13:08.542,0.9713,0.97155,0.20,1.90
2008.03.03 19:13:08.894,0.9713,0.97155,0.20,1.90
2008.03.03 19:13:09.243,0.9713,0.97155,0.20,1.90
2008.03.03 19:13:09.561,0.9714,0.97155,0.20,1.60
2008.03.03 19:13:09.774,0.9714,0.97155,0.20,1.60
2008.03.03 19:13:09.986,0.9714,0.97155,0.20,1.60
2008.03.03 19:13:10.200,0.9714,0.97155,0.20,1.60
2008.03.03 19:13:10.420,0.9714,0.97155,0.20,1.60
2008.03.03 19:13:10.633,0.9714,0.97155,0.20,1.60
2008.03.03 19:13:10.967,0.9714,0.97155,0.20,0.80
2008.03.03 19:13:11.301,0.9714,0.97165,0.20,1.10
2008.03.03 19:13:11.635,0.9714,0.97165,0.30,0.80
2008.03.03 19:13:11.834,0.9714,0.97165,0.30,0.80
2008.03.03 19:13:12.042,0.9714,0.97165,0.30,0.80
2008.03.03 19:13:12.241,0.9714,0.97165,0.30,0.80
2008.03.03 19:13:12.442,0.9714,0.97165,0.30,0.80
2008.03.03 19:13:12.641,0.9714,0.97165,0.30,0.80
2008.03.03 19:13:12.975,0.9714,0.97165,0.30,0.80
2008.03.03 19:13:13.326,0.9714,0.97165,0.30,0.80
2008.03.03 19:13:13.667,0.9714,0.97165,0.30,0.80
2008.03.03 19:13:13.875,0.9714,0.97165,0.30,0.80
2008.03.03 19:13:14.085,0.9714,0.97165,0.20,1.10
2008.03.03 19:13:14.295,0.9714,0.97165,0.20,1.90
2008.03.03 19:13:14.506,0.9715,0.97165,0.20,1.90
2008.03.03 19:13:14.716,0.9715,0.97165,0.20,0.80
2008.03.03 19:13:15.052,0.9715,0.97175,0.20,2.70
2008.03.03 19:13:15.389,0.9715,0.97175,0.20,0.40
2008.03.03 19:13:15.735,0.9715,0.97175,0.20,0.40
2008.03.03 19:13:15.976,0.9715,0.97175,0.20,0.40
2008.03.03 19:13:16.199,0.9715,0.97175,0.20,0.40
2008.03.03 19:13:16.423,0.9715,0.97175,0.20,0.40
2008.03.03 19:13:16.646,0.9715,0.97175,0.20,0.40
2008.03.03 19:13:16.949,0.9715,0.97175,0.20,0.40
2008.03.03 19:13:17.253,0.9715,0.97175,0.20,0.40
2008.03.03 19:13:17.556,0.9715,0.97175,0.20,0.40
2008.03.03 19:13:17.860,0.9715,0.97175,0.20,0.40
2008.03.03 19:13:18.113,0.9715,0.97175,0.20,0.40
2008.03.03 19:13:18.366,0.9715,0.97175,0.20,0.40
2008.03.03 19:13:18.620,0.9715,0.97175,0.20,0.40
2008.03.03 19:13:18.952,0.9715,0.97175,0.20,0.40
2008.03.03 19:13:19.286,0.9715,0.97175,0.20,0.40
2008.03.03 19:13:19.620,0.9715,0.97175,0.20,0.40
2008.03.03 19:13:19.953,0.9715,0.97175,0.20,0.40
2008.03.03 19:13:20.186,0.9715,0.97175,0.20,0.40
2008.03.03 19:13:20.424,0.9715,0.97175,0.20,0.40
2008.03.03 19:13:20.658,0.9715,0.97175,0.20,0.40
2008.03.03 19:13:20.936,0.9715,0.97175,0.20,0.40
2008.03.03 19:13:21.215,0.9715,0.97175,0.20,0.40
2008.03.03 19:13:21.492,0.9715,0.97175,0.20,0.40
2008.03.03 19:13:21.772,0.9715,0.97175,0.20,0.40
2008.03.03 19:13:22.020,0.9715,0.97175,0.20,0.40
2008.03.03 19:13:22.269,0.9715,0.97175,0.20,0.40
2008.03.03 19:13:22.517,0.9715,0.97175,0.20,0.40
2008.03.03 19:13:22.766,0.9715,0.97175,0.20,0.40
2008.03.03 19:13:23.049,0.9715,0.97175,0.20,0.40
2008.03.03 19:13:23.333,0.9715,0.97175,0.20,0.40
2008.03.03 19:13:23.617,0.9715,0.97175,0.20,0.40
2008.03.03 19:13:23.899,0.9715,0.97175,0.20,0.40
2008.03.03 19:13:24.233,0.9715,0.97175,0.20,0.40
2008.03.03 19:13:24.566,0.9715,0.97175,0.20,0.40
2008.03.03 19:13:24.900,0.9715,0.97175,0.20,0.40
2008.03.03 19:13:25.107,0.9715,0.97175,0.20,0.40
2008.03.03 19:13:25.316,0.9715,0.97175,0.20,0.40
2008.03.03 19:13:25.524,0.9715,0.97175,0.20,0.40
2008.03.03 19:13:25.733,0.9715,0.97175,0.20,0.40
2008.03.03 19:13:25.959,0.9715,0.97175,0.20,0.40
2008.03.03 19:13:26.264,0.9715,0.97175,0.20,0.40
2008.03.03 19:13:26.588,0.9715,0.97175,0.20,0.40
2008.03.03 19:13:26.912,0.97145,0.9717,2.40,0.40
2008.03.03 19:13:27.130,0.97145,0.97175,2.40,0.40
2008.03.03 19:13:27.349,0.97145,0.97175,2.40,0.40
2008.03.03 19:13:27.567,0.97145,0.97175,2.40,0.40
2008.03.03 19:13:27.786,0.97145,0.97175,2.40,0.40
2008.03.03 19:13:28.007,0.97145,0.97175,2.40,0.40
2008.03.03 19:13:28.340,0.97145,0.97175,2.40,0.40
2008.03.03 19:13:28.674,0.97145,0.97175,2.40,0.40
2008.03.03 19:13:29.008,0.97145,0.97175,2.40,0.40
2008.03.03 19:13:29.321,0.97145,0.97175,2.40,0.40
2008.03.03 19:13:29.634,0.97145,0.97175,2.40,0.40
2008.03.03 19:13:29.948,0.97145,0.97175,2.40,0.40
2008.03.03 19:13:30.201,0.97145,0.97175,2.40,0.40
2008.03.03 19:13:30.439,0.97145,0.97175,2.40,0.40
2008.03.03 19:13:30.677,0.97145,0.97175,2.40,0.40
2008.03.03 19:13:30.915,0.97145,0.97175,2.40,0.40
2008.03.03 19:13:31.190,0.97145,0.97175,2.40,0.40
2008.03.03 19:13:31.458,0.97145,0.97175,2.40,0.40
2008.03.03 19:13:31.727,0.97145,0.97175,2.40,0.40
2008.03.03 19:13:31.995,0.97145,0.97175,2.40,0.40
2008.03.03 19:13:32.242,0.97145,0.97175,2.40,0.40
2008.03.03 19:13:32.475,0.97145,0.97175,2.40,0.40
2008.03.03 19:13:32.707,0.97145,0.97175,2.40,0.40
2008.03.03 19:13:32.940,0.97145,0.97175,2.40,0.40
2008.03.03 19:13:33.173,0.97145,0.97175,2.40,0.40
2008.03.03 19:13:33.472,0.97145,0.97175,2.40,0.40
2008.03.03 19:13:33.773,0.97145,0.97175,2.40,0.40
2008.03.03 19:13:36.005,0.97145,0.97175,2.40,0.40
2008.03.03 19:13:36.118,0.97145,0.97175,2.40,0.40
2008.03.03 19:13:36.231,0.97145,0.97175,2.40,0.40
2008.03.03 19:13:36.344,0.97145,0.97175,2.40,0.40
2008.03.03 19:13:36.458,0.97145,0.97175,2.40,0.40
2008.03.03 19:13:36.571,0.97145,0.97175,2.40,0.40
2008.03.03 19:13:36.685,0.97145,0.97175,2.40,0.40
2008.03.03 19:13:36.798,0.97145,0.97175,2.40,0.40
2008.03.03 19:13:36.912,0.97145,0.97175,2.40,0.40
2008.03.03 19:13:37.040,0.97145,0.97175,2.40,0.40
2008.03.03 19:13:37.138,0.97145,0.97175,2.40,0.40
2008.03.03 19:13:37.471,0.97145,0.97175,2.40,0.40
2008.03.03 19:13:37.805,0.97145,0.97175,2.40,0.40
2008.03.03 19:13:38.138,0.97145,0.97175,2.40,0.40
2008.03.03 19:13:38.352,0.97145,0.97175,2.40,0.40
2008.03.03 19:13:38.565,0.97145,0.97175,2.40,0.40
2008.03.03 19:13:38.778,0.97145,0.97175,2.40,0.40
2008.03.03 19:13:39.007,0.97145,0.97175,2.40,0.40
2008.03.03 19:13:39.204,0.97145,0.97175,2.40,0.40
2008.03.03 19:13:39.538,0.97145,0.97175,2.40,0.40
2008.03.03 19:13:39.873,0.97145,0.97175,2.40,0.40
2008.03.03 19:13:40.207,0.97145,0.97175,2.40,0.40
2008.03.03 19:13:40.420,0.97145,0.97175,2.40,0.40
2008.03.03 19:13:40.634,0.97145,0.97175,2.40,0.40
2008.03.03 19:13:40.847,0.97145,0.97175,2.40,0.40
2008.03.03 19:13:41.060,0.97145,0.97175,2.40,0.40
2008.03.03 19:13:41.274,0.97145,0.97175,2.40,0.40
2008.03.03 19:13:41.592,0.97145,0.97175,2.40,0.40
2008.03.03 19:13:41.910,0.97145,0.97175,2.40,0.40
2008.03.03 19:13:42.228,0.97145,0.97175,2.40,0.40
2008.03.03 19:13:42.468,0.97145,0.97175,2.40,0.40
2008.03.03 19:13:42.706,0.97145,0.97175,2.40,0.40
2008.03.03 19:13:42.944,0.97145,0.97175,2.40,0.40
2008.03.03 19:13:43.182,0.97145,0.97175,2.40,0.40
2008.03.03 19:13:43.420,0.97145,0.97175,2.40,0.40
2008.03.03 19:13:43.715,0.97155,0.9718,4.80,0.40
2008.03.03 19:13:44.009,0.9716,0.9718,0.20,0.40
2008.03.03 19:13:44.303,0.9716,0.97185,0.20,0.40
2008.03.03 19:13:44.637,0.9716,0.97185,0.20,0.40
2008.03.03 19:13:44.972,0.97155,0.9718,2.40,0.40
2008.03.03 19:13:45.305,0.97155,0.9718,2.40,0.40
2008.03.03 19:13:45.518,0.97155,0.9718,2.40,0.40
2008.03.03 19:13:45.732,0.97155,0.9718,2.40,0.40
2008.03.03 19:13:45.945,0.97155,0.9718,2.40,0.40
2008.03.03 19:13:46.159,0.97155,0.9718,2.40,0.40
2008.03.03 19:13:46.373,0.97155,0.9718,2.40,0.40
2008.03.03 19:13:46.705,0.97155,0.9718,2.40,0.40
2008.03.03 19:13:47.038,0.97155,0.9718,2.40,0.40
2008.03.03 19:13:47.372,0.97155,0.97175,2.40,0.40
2008.03.03 19:13:47.586,0.9715,0.97175,0.20,0.40
2008.03.03 19:13:47.799,0.9715,0.97175,0.20,0.40
2008.03.03 19:13:48.014,0.9715,0.97175,0.20,0.40
2008.03.03 19:13:48.226,0.9715,0.97175,0.20,0.40
2008.03.03 19:13:48.455,0.9715,0.97175,0.20,0.40
2008.03.03 19:13:48.788,0.9715,0.97175,0.20,0.40
2008.03.03 19:13:49.121,0.9715,0.97175,0.20,0.40
2008.03.03 19:13:49.454,0.9715,0.9718,0.20,0.50
2008.03.03 19:13:49.782,0.9715,0.9718,0.20,0.50
2008.03.03 19:13:50.110,0.9715,0.9718,0.20,0.50
2008.03.03 19:13:50.438,0.9715,0.9718,0.20,0.50
2008.03.03 19:13:50.646,0.9715,0.9718,0.20,0.50
2008.03.03 19:13:50.855,0.9715,0.9718,0.20,0.50
2008.03.03 19:13:51.063,0.9715,0.9718,0.20,0.50
2008.03.03 19:13:51.274,0.9715,0.9718,0.20,0.50
2008.03.03 19:13:51.481,0.9715,0.9718,0.20,0.50
2008.03.03 19:13:51.810,0.9715,0.9718,0.20,0.50
2008.03.03 19:13:52.138,0.9715,0.9718,0.20,0.50
2008.03.03 19:13:52.466,0.9715,0.9718,0.20,0.50
2008.03.03 19:13:52.674,0.9715,0.9718,0.20,0.50
2008.03.03 19:13:52.882,0.9715,0.9718,0.20,0.50
2008.03.03 19:13:53.089,0.9715,0.9718,0.20,0.50
2008.03.03 19:13:53.298,0.9715,0.9718,0.20,0.50
2008.03.03 19:13:53.507,0.9715,0.9718,0.20,0.50
2008.03.03 19:13:53.825,0.9715,0.9718,0.20,0.50
2008.03.03 19:13:54.143,0.9715,0.9718,0.20,0.50
2008.03.03 19:13:54.461,0.9715,0.9718,0.20,0.50
2008.03.03 19:13:54.794,0.9715,0.9718,0.20,0.50
2008.03.03 19:13:55.128,0.9715,0.9718,0.20,0.50
2008.03.03 19:13:55.461,0.9715,0.9718,0.20,0.50
2008.03.03 19:13:55.796,0.9715,0.9718,0.20,0.50
2008.03.03 19:13:56.028,0.9715,0.9718,0.20,0.50
2008.03.03 19:13:56.240,0.9715,0.9718,0.20,0.40
2008.03.03 19:13:56.453,0.9715,0.97185,0.30,6.70
2008.03.03 19:13:56.666,0.9715,0.97185,0.30,2.70
2008.03.03 19:13:56.980,0.9715,0.97185,0.30,2.70
2008.03.03 19:13:57.296,0.9715,0.97185,0.30,2.70
2008.03.03 19:13:57.610,0.9715,0.97185,0.30,2.70
2008.03.03 19:13:57.844,0.9715,0.97185,0.30,2.70
2008.03.03 19:13:58.077,0.9715,0.97185,0.30,2.70
2008.03.03 19:13:58.311,0.9715,0.97185,0.30,2.70
2008.03.03 19:13:58.544,0.9715,0.97185,0.30,2.70
2008.03.03 19:13:58.854,0.9715,0.97185,0.30,2.70
2008.03.03 19:13:59.162,0.9715,0.97185,0.30,2.70
2008.03.03 19:13:59.470,0.9715,0.97185,0.30,2.70
2008.03.03 19:13:59.791,0.9715,0.97185,0.30,2.70
2008.03.03 19:14:00.125,0.9715,0.97185,0.30,2.70
2008.03.03 19:14:00.461,0.9715,0.97185,0.30,2.70
2008.03.03 19:14:00.793,0.9715,0.97185,0.30,2.70
2008.03.03 19:14:01.013,0.9715,0.97185,0.30,2.70
2008.03.03 19:14:01.232,0.9715,0.97185,0.30,5.10
2008.03.03 19:14:01.467,0.9715,0.97185,0.30,5.10
2008.03.03 19:14:01.669,0.9715,0.97185,0.30,5.10
2008.03.03 19:14:01.982,0.9715,0.97185,0.30,5.10
2008.03.03 19:14:02.296,0.9715,0.97185,0.30,5.10
2008.03.03 19:14:02.611,0.9715,0.97185,0.30,5.10
2008.03.03 19:14:02.924,0.9715,0.97185,0.30,5.10
2008.03.03 19:14:03.147,0.9715,0.97185,0.30,5.10
2008.03.03 19:14:03.371,0.9715,0.97185,0.30,5.10
2008.03.03 19:14:03.593,0.9715,0.97185,0.30,5.10
2008.03.03 19:14:03.816,0.9715,0.97185,0.30,5.10
2008.03.03 19:14:04.150,0.9715,0.97185,0.30,5.10
2008.03.03 19:14:04.482,0.9715,0.97185,0.30,5.10
2008.03.03 19:14:04.815,0.9715,0.97185,0.30,5.10
2008.03.03 19:14:05.044,0.9715,0.97185,0.30,6.70
2008.03.03 19:14:05.272,0.9715,0.97185,0.30,6.70
2008.03.03 19:14:05.500,0.9715,0.97185,0.30,6.70
2008.03.03 19:14:05.729,0.9715,0.97185,0.30,6.70
2008.03.03 19:14:05.957,0.9715,0.97185,0.30,6.70
2008.03.03 19:14:06.250,0.9715,0.97185,0.30,6.70
2008.03.03 19:14:06.544,0.9715,0.97185,0.30,6.70
2008.03.03 19:14:06.838,0.9715,0.97185,0.30,6.70
2008.03.03 19:14:07.086,0.9715,0.97185,0.30,6.70
2008.03.03 19:14:07.334,0.9715,0.97185,0.30,6.70
2008.03.03 19:14:07.583,0.9715,0.97185,0.30,10.70
2008.03.03 19:14:07.832,0.9715,0.9718,0.20,0.40
2008.03.03 19:14:08.101,0.9715,0.9718,0.20,0.50
2008.03.03 19:14:08.368,0.9715,0.9718,0.20,0.50
2008.03.03 19:14:08.637,0.9715,0.97185,0.30,6.70
2008.03.03 19:14:08.906,0.9715,0.97185,0.30,6.70
2008.03.03 19:14:09.239,0.9715,0.97185,0.30,6.70
2008.03.03 19:14:09.572,0.9715,0.97185,0.30,6.70
2008.03.03 19:14:09.905,0.9715,0.97185,0.30,6.70
2008.03.03 19:14:10.119,0.9715,0.97185,0.30,6.70
2008.03.03 19:14:10.332,0.9715,0.97185,0.30,6.70
2008.03.03 19:14:10.544,0.9715,0.97185,0.30,6.70
2008.03.03 19:14:10.758,0.9715,0.97185,0.30,6.70
2008.03.03 19:14:10.972,0.9715,0.97185,0.30,6.70
2008.03.03 19:14:11.296,0.9715,0.97185,0.30,6.70
2008.03.03 19:14:11.620,0.9715,0.97185,0.30,6.70
2008.03.03 19:14:11.942,0.9715,0.97185,0.30,6.70
2008.03.03 19:14:12.166,0.9715,0.97185,0.30,6.70
2008.03.03 19:14:12.389,0.9715,0.97185,0.30,6.70
2008.03.03 19:14:12.612,0.9715,0.97185,0.30,6.70
2008.03.03 19:14:12.836,0.9715,0.97185,0.30,6.70
2008.03.03 19:14:13.071,0.9715,0.97185,0.30,6.70
2008.03.03 19:14:13.388,0.9715,0.97185,0.30,6.70
2008.03.03 19:14:13.706,0.9715,0.97185,0.30,6.70
2008.03.03 19:14:14.024,0.9715,0.97185,0.30,6.70
2008.03.03 19:14:14.352,0.9715,0.97185,0.30,6.70
2008.03.03 19:14:14.681,0.9715,0.97185,0.30,6.70
2008.03.03 19:14:15.009,0.9715,0.97185,0.30,6.70
2008.03.03 19:14:15.208,0.9715,0.97185,0.30,6.70
2008.03.03 19:14:15.405,0.9715,0.97185,0.30,6.70
2008.03.03 19:14:15.604,0.9715,0.97185,0.30,6.70
2008.03.03 19:14:15.819,0.9715,0.97185,0.30,6.70
2008.03.03 19:14:16.017,0.9715,0.97185,0.30,6.70
2008.03.03 19:14:16.351,0.9715,0.97185,0.30,6.70
2008.03.03 19:14:16.684,0.9715,0.97185,0.30,6.70
2008.03.03 19:14:17.017,0.9715,0.97185,0.30,6.70
2008.03.03 19:14:17.240,0.9715,0.97185,0.30,6.70
2008.03.03 19:14:17.464,0.9715,0.97185,0.30,6.70
2008.03.03 19:14:17.687,0.9715,0.97185,0.30,6.70
2008.03.03 19:14:17.911,0.9715,0.97185,0.30,6.70
2008.03.03 19:14:18.134,0.9715,0.97185,0.30,6.70
2008.03.03 19:14:18.431,0.9715,0.97185,0.30,6.70
2008.03.03 19:14:18.730,0.9715,0.97185,0.30,6.70
2008.03.03 19:14:19.028,0.9715,0.97185,0.30,6.70
2008.03.03 19:14:19.362,0.9715,0.97185,0.30,6.70
2008.03.03 19:14:19.694,0.9715,0.97185,0.30,6.70
2008.03.03 19:14:20.028,0.9715,0.97185,0.30,6.70
2008.03.03 19:14:20.246,0.9715,0.97185,0.30,6.70
2008.03.03 19:14:20.463,0.9715,0.97185,0.30,6.70
2008.03.03 19:14:20.682,0.9715,0.97185,0.30,6.70
2008.03.03 19:14:20.899,0.9715,0.97185,0.30,6.70
2008.03.03 19:14:21.117,0.9715,0.97185,0.30,6.70
2008.03.03 19:14:21.410,0.9715,0.97185,0.30,6.70
2008.03.03 19:14:21.704,0.9715,0.97185,0.30,6.70
2008.03.03 19:14:21.998,0.9715,0.97185,0.30,4.30
2008.03.03 19:14:22.292,0.9715,0.97185,0.30,4.30
2008.03.03 19:14:22.548,0.9715,0.97185,0.30,4.30
2008.03.03 19:14:22.816,0.9715,0.97185,0.30,4.30
2008.03.03 19:14:23.088,0.9715,0.97185,0.30,4.30
2008.03.03 19:14:23.355,0.9715,0.97185,0.30,4.30
2008.03.03 19:14:23.618,0.9715,0.9718,0.30,0.30
2008.03.03 19:14:23.880,0.9715,0.9718,0.20,0.50
2008.03.03 19:14:24.145,0.9715,0.9718,0.20,0.50
2008.03.03 19:14:24.491,0.9715,0.9718,0.20,0.50
2008.03.03 19:14:24.824,0.9715,0.9718,0.20,0.50
2008.03.03 19:14:25.157,0.9715,0.9718,0.30,0.50
2008.03.03 19:14:25.375,0.9715,0.9718,0.30,0.50
2008.03.03 19:14:25.593,0.9715,0.9718,0.30,0.50
2008.03.03 19:14:25.811,0.9715,0.9718,0.30,0.50
2008.03.03 19:14:26.029,0.9715,0.9718,0.30,0.50
2008.03.03 19:14:26.248,0.9715,0.9718,0.30,0.50
2008.03.03 19:14:26.541,0.9715,0.9718,0.30,0.50
2008.03.03 19:14:26.852,0.9715,0.9718,0.30,0.50
2008.03.03 19:14:27.128,0.9715,0.97185,0.30,8.30
2008.03.03 19:14:27.376,0.9715,0.97185,0.30,4.30
2008.03.03 19:14:27.624,0.9715,0.97185,0.30,4.30
2008.03.03 19:14:27.873,0.9715,0.97185,0.30,4.30
2008.03.03 19:14:28.120,0.9715,0.97185,0.30,4.30
2008.03.03 19:14:28.393,0.9715,0.97185,0.30,4.30
2008.03.03 19:14:28.666,0.9715,0.97185,0.30,4.30
2008.03.03 19:14:28.939,0.9715,0.97185,0.30,4.30
2008.03.03 19:14:29.212,0.9715,0.97185,0.30,4.30
2008.03.03 19:14:29.545,0.9715,0.97185,0.30,4.30
2008.03.03 19:14:29.895,0.9715,0.97185,0.30,4.30
2008.03.03 19:14:30.229,0.9715,0.97185,0.30,4.30
2008.03.03 19:14:30.437,0.9715,0.97185,0.30,4.30
2008.03.03 19:14:30.645,0.9715,0.97185,0.30,4.30
2008.03.03 19:14:30.853,0.9715,0.97185,0.30,4.30
2008.03.03 19:14:31.062,0.9715,0.97185,0.30,4.30
2008.03.03 19:14:31.270,0.9715,0.97185,0.30,4.30
2008.03.03 19:14:31.564,0.9715,0.97185,0.30,4.30
2008.03.03 19:14:31.858,0.9715,0.97185,0.30,4.30
2008.03.03 19:14:32.152,0.9715,0.97185,0.30,4.30
2008.03.03 19:14:32.457,0.9715,0.97185,0.30,4.30
2008.03.03 19:14:32.705,0.9715,0.97185,0.30,4.30
2008.03.03 19:14:32.952,0.9715,0.97185,0.30,4.30
2008.03.03 19:14:33.200,0.9715,0.97185,0.30,4.30
2008.03.03 19:14:33.461,0.9715,0.97185,0.30,4.30
2008.03.03 19:14:33.742,0.9715,0.97185,0.30,4.30
2008.03.03 19:14:34.000,0.9715,0.97185,0.30,4.30
2008.03.03 19:14:34.258,0.9715,0.97185,0.30,4.30
2008.03.03 19:14:34.592,0.9715,0.97175,0.30,0.80
2008.03.03 19:14:34.926,0.9715,0.97175,0.30,1.60
2008.03.03 19:14:35.260,0.9715,0.97175,0.30,1.60
2008.03.03 19:14:35.507,0.9715,0.97175,0.30,1.60
2008.03.03 19:14:35.718,0.9715,0.97175,0.30,1.60
2008.03.03 19:14:35.946,0.9715,0.97175,0.30,1.60
2008.03.03 19:14:36.175,0.9715,0.97175,0.30,0.80
2008.03.03 19:14:36.405,0.9715,0.97175,0.30,1.60
2008.03.03 19:14:36.682,0.9715,0.97175,0.30,1.60
2008.03.03 19:14:36.960,0.9715,0.97175,0.30,1.60
2008.03.03 19:14:37.238,0.9715,0.97175,0.30,1.60
2008.03.03 19:14:37.501,0.9715,0.97175,0.30,1.60
2008.03.03 19:14:37.764,0.9715,0.97175,0.30,1.60
2008.03.03 19:14:38.029,0.9715,0.97175,0.30,1.60
2008.03.03 19:14:38.292,0.9715,0.97175,0.30,1.60
2008.03.03 19:14:38.545,0.9715,0.97175,0.30,1.60
2008.03.03 19:14:38.799,0.9715,0.97175,0.30,1.60
2008.03.03 19:14:39.053,0.9715,0.97175,0.30,1.60
2008.03.03 19:14:39.307,0.9715,0.97175,0.30,1.60
2008.03.03 19:14:39.640,0.9715,0.97175,0.30,1.60
2008.03.03 19:14:39.973,0.9715,0.97175,0.30,1.60
2008.03.03 19:14:40.307,0.9715,0.97175,0.30,1.60
2008.03.03 19:14:40.659,0.9715,0.97175,0.30,1.60
2008.03.03 19:14:40.883,0.9715,0.97175,0.30,1.60
2008.03.03 19:14:41.106,0.9715,0.97175,0.30,1.60
2008.03.03 19:14:41.330,0.9715,0.97175,0.30,1.60
2008.03.03 19:14:41.557,0.9715,0.97175,0.30,1.60
2008.03.03 19:14:41.850,0.9715,0.97175,0.30,1.60
2008.03.03 19:14:42.143,0.9715,0.97175,0.30,1.60
2008.03.03 19:14:42.438,0.9715,0.97175,0.30,1.60
2008.03.03 19:14:42.676,0.9715,0.97175,0.30,1.60
2008.03.03 19:14:42.935,0.9715,0.97175,0.30,1.60
2008.03.03 19:14:43.152,0.9715,0.97175,0.30,1.60
2008.03.03 19:14:43.390,0.9715,0.97175,0.30,1.60
2008.03.03 19:14:43.684,0.9715,0.97175,0.30,1.60
2008.03.03 19:14:43.977,0.9715,0.97175,0.30,1.60
2008.03.03 19:14:44.271,0.9715,0.97175,0.30,1.60
2008.03.03 19:14:44.564,0.9715,0.97175,0.30,1.60
2008.03.03 19:14:44.897,0.9715,0.97175,0.30,1.60
2008.03.03 19:14:45.232,0.9715,0.97175,0.30,1.60
2008.03.03 19:14:45.565,0.9715,0.97175,0.30,1.60
2008.03.03 19:14:45.773,0.9715,0.97175,0.30,1.60
2008.03.03 19:14:45.982,0.9715,0.97175,0.30,1.60
2008.03.03 19:14:46.190,0.9715,0.97175,0.30,1.60
2008.03.03 19:14:46.398,0.9715,0.97175,0.30,1.60
2008.03.03 19:14:46.607,0.9715,0.97175,0.30,1.60
2008.03.03 19:14:46.936,0.9715,0.97175,0.30,1.60
2008.03.03 19:14:47.264,0.9715,0.97175,0.30,1.60
2008.03.03 19:14:47.592,0.9715,0.97175,0.30,1.60
2008.03.03 19:14:47.800,0.97155,0.97175,0.10,1.60
2008.03.03 19:14:48.010,0.97155,0.9718,0.10,0.80
2008.03.03 19:14:48.219,0.97155,0.9718,0.10,0.80
2008.03.03 19:14:48.428,0.97155,0.9718,0.10,0.80
2008.03.03 19:14:48.636,0.97155,0.97185,0.10,4.30
2008.03.03 19:14:48.970,0.97155,0.97185,0.10,4.30
2008.03.03 19:14:49.303,0.97155,0.97185,0.10,4.30
2008.03.03 19:14:49.637,0.97155,0.97185,0.10,4.30
2008.03.03 19:14:49.965,0.97155,0.97185,0.10,4.30
2008.03.03 19:14:50.293,0.97155,0.97185,0.10,4.30
2008.03.03 19:14:50.623,0.97155,0.97185,0.10,4.30
2008.03.03 19:14:50.821,0.97155,0.97185,0.10,4.30
2008.03.03 19:14:51.019,0.97155,0.97185,0.10,4.30
2008.03.03 19:14:51.217,0.97155,0.97185,0.10,4.30
2008.03.03 19:14:51.415,0.97155,0.97185,0.10,4.30
2008.03.03 19:14:51.612,0.97155,0.97185,0.10,4.30
2008.03.03 19:14:51.954,0.97155,0.97185,0.10,4.30
2008.03.03 19:14:52.287,0.97155,0.97185,0.10,4.30
2008.03.03 19:14:52.620,0.97155,0.97185,0.10,4.30
2008.03.03 19:14:52.838,0.97155,0.97185,0.10,4.30
2008.03.03 19:14:53.056,0.97155,0.97185,0.10,4.30
2008.03.03 19:14:53.291,0.97155,0.97185,0.10,4.30
2008.03.03 19:14:53.509,0.97155,0.97185,0.10,4.30
2008.03.03 19:14:53.727,0.97155,0.97185,0.10,4.30
2008.03.03 19:14:54.015,0.97155,0.97185,0.10,4.30
2008.03.03 19:14:54.303,0.97155,0.97185,0.10,4.30
2008.03.03 19:14:54.591,0.97155,0.97185,0.10,4.30
2008.03.03 19:14:54.881,0.97155,0.97185,0.10,4.30
2008.03.03 19:14:55.232,0.97155,0.97185,0.10,4.30
2008.03.03 19:14:55.565,0.97155,0.97185,0.10,4.30
2008.03.03 19:14:55.898,0.97155,0.97185,0.10,4.30
2008.03.03 19:14:56.106,0.97155,0.97185,0.10,4.30
2008.03.03 19:14:56.314,0.97155,0.97185,0.10,4.30
2008.03.03 19:14:56.538,0.97155,0.97185,0.10,4.30
2008.03.03 19:14:56.729,0.97155,0.97185,0.10,4.30
2008.03.03 19:14:57.032,0.97155,0.97185,0.10,4.30
2008.03.03 19:14:57.337,0.97155,0.97185,0.10,4.30
2008.03.03 19:14:57.640,0.97155,0.97185,0.10,4.30
2008.03.03 19:14:57.873,0.97155,0.97185,0.10,4.30
2008.03.03 19:14:58.106,0.97155,0.97185,0.10,4.30
2008.03.03 19:14:58.339,0.97155,0.97185,0.10,4.30
2008.03.03 19:14:58.573,0.97155,0.97185,0.10,4.30
2008.03.03 19:14:58.806,0.97155,0.97185,0.10,4.30
2008.03.03 19:14:59.104,0.97155,0.97185,0.10,4.30
2008.03.03 19:14:59.401,0.97155,0.97185,0.10,4.30
2008.03.03 19:14:59.718,0.97155,0.97185,0.10,4.30
2008.03.03 19:15:00.035,0.97155,0.97185,0.10,4.30
2008.03.03 19:15:00.369,0.97155,0.97185,0.10,4.30
2008.03.03 19:15:00.702,0.97155,0.97185,0.10,4.30
2008.03.03 19:15:00.923,0.97155,0.97185,0.10,4.30
2008.03.03 19:15:01.126,0.97155,0.9718,0.10,0.80
2008.03.03 19:15:01.328,0.97155,0.9718,0.10,0.80
2008.03.03 19:15:01.532,0.97155,0.9718,0.10,0.80
2008.03.03 19:15:01.736,0.97155,0.9718,0.10,0.80
2008.03.03 19:15:02.059,0.97155,0.9718,0.10,0.80
2008.03.03 19:15:02.382,0.97155,0.9718,0.10,0.80
2008.03.03 19:15:02.706,0.97155,0.9718,0.10,0.80
2008.03.03 19:15:02.926,0.97155,0.9718,0.10,0.80
2008.03.03 19:15:03.143,0.97155,0.9718,0.10,0.80
2008.03.03 19:15:03.362,0.97155,0.9718,0.10,0.80
2008.03.03 19:15:03.580,0.97155,0.9718,0.10,0.80
2008.03.03 19:15:03.800,0.97155,0.9718,0.10,0.80
2008.03.03 19:15:04.116,0.97155,0.9718,0.10,0.80
2008.03.03 19:15:04.456,0.97155,0.9718,0.10,0.80
2008.03.03 19:15:04.773,0.97155,0.9718,0.10,0.80
2008.03.03 19:15:05.102,0.97155,0.9718,0.10,0.80
2008.03.03 19:15:05.431,0.97155,0.9718,0.10,0.80
2008.03.03 19:15:05.759,0.97155,0.9718,0.10,0.80
2008.03.03 19:15:06.087,0.97155,0.9718,0.10,0.80
2008.03.03 19:15:06.311,0.97155,0.9718,0.10,0.80
2008.03.03 19:15:06.534,0.97155,0.9718,0.10,0.80
2008.03.03 19:15:06.763,0.97155,0.9718,0.10,0.80
2008.03.03 19:15:07.080,0.97155,0.9718,0.10,0.80
2008.03.03 19:15:07.398,0.97155,0.97175,0.10,0.80
2008.03.03 19:15:07.717,0.97155,0.9718,0.10,0.80
2008.03.03 19:15:08.055,0.97155,0.9718,0.10,0.80
2008.03.03 19:15:08.293,0.97155,0.9718,0.10,0.80
2008.03.03 19:15:08.533,0.97155,0.9718,0.10,0.80
2008.03.03 19:15:08.773,0.97155,0.97175,0.10,0.80
2008.03.03 19:15:09.011,0.97155,0.9717,0.10,0.80
2008.03.03 19:15:09.345,0.97145,0.9717,2.40,0.80
2008.03.03 19:15:09.679,0.97145,0.9717,2.40,0.80
2008.03.03 19:15:10.012,0.97145,0.97165,0.10,0.80
2008.03.03 19:15:10.254,0.97145,0.9717,0.10,0.80
2008.03.03 19:15:10.460,0.97145,0.9717,0.10,0.80
2008.03.03 19:15:10.684,0.97145,0.9717,0.10,0.80
2008.03.03 19:15:10.909,0.97145,0.9717,0.10,0.80
2008.03.03 19:15:11.212,0.97145,0.9717,0.10,0.80
2008.03.03 19:15:11.517,0.97145,0.9717,0.10,0.80
2008.03.03 19:15:11.820,0.97145,0.9717,0.10,0.80
2008.03.03 19:15:12.124,0.97145,0.9717,0.10,0.80
2008.03.03 19:15:12.349,0.9714,0.9717,0.10,0.80
2008.03.03 19:15:12.574,0.9714,0.97165,0.10,4.00
2008.03.03 19:15:12.798,0.9714,0.97165,0.10,4.00
2008.03.03 19:15:13.040,0.97145,0.97165,0.10,4.00
2008.03.03 19:15:13.359,0.97145,0.9717,0.10,0.80
2008.03.03 19:15:13.693,0.97145,0.9717,0.10,0.80
2008.03.03 19:15:14.026,0.97145,0.9717,0.10,0.80
2008.03.03 19:15:14.360,0.97145,0.9717,0.10,0.80
2008.03.03 19:15:14.693,0.97145,0.9717,0.10,0.80
2008.03.03 19:15:15.027,0.97145,0.9717,0.10,0.80
2008.03.03 19:15:15.266,0.97145,0.97165,0.10,0.80
2008.03.03 19:15:15.505,0.9714,0.97165,0.30,1.60
2008.03.03 19:15:15.743,0.9714,0.97165,0.30,1.60
2008.03.03 19:15:15.981,0.9714,0.97165,0.30,1.60
2008.03.03 19:15:16.254,0.9714,0.97165,0.30,1.60
2008.03.03 19:15:16.527,0.9714,0.97165,0.30,1.60
2008.03.03 19:15:16.803,0.9714,0.9716,0.30,0.80
2008.03.03 19:15:17.078,0.9714,0.9716,0.30,0.80
2008.03.03 19:15:17.341,0.9714,0.9716,0.30,0.80
2008.03.03 19:15:17.605,0.9714,0.9716,0.30,0.80
2008.03.03 19:15:17.867,0.9714,0.9716,0.30,0.80
2008.03.03 19:15:18.150,0.9714,0.9716,0.30,0.80
2008.03.03 19:15:18.413,0.9714,0.9716,0.30,0.80
2008.03.03 19:15:18.677,0.9714,0.9716,0.30,0.80
2008.03.03 19:15:18.940,0.9714,0.9716,0.30,0.80
2008.03.03 19:15:19.204,0.9714,0.9716,0.30,0.80
2008.03.03 19:15:19.538,0.9714,0.9716,0.30,0.80
2008.03.03 19:15:19.871,0.9714,0.9716,0.30,0.80
2008.03.03 19:15:20.205,0.9714,0.9716,0.30,0.80
2008.03.03 19:15:20.424,0.9714,0.9716,0.30,0.80
2008.03.03 19:15:20.643,0.9714,0.9716,0.30,0.80
2008.03.03 19:15:20.861,0.9714,0.9716,0.30,0.80
2008.03.03 19:15:21.080,0.9714,0.9716,0.30,0.80
2008.03.03 19:15:21.387,0.9714,0.9716,0.30,0.80
2008.03.03 19:15:21.676,0.9714,0.9716,0.30,0.80
2008.03.03 19:15:21.965,0.9714,0.9716,0.30,0.80
2008.03.03 19:15:22.254,0.9714,0.9716,0.30,0.80
2008.03.03 19:15:22.506,0.9714,0.9716,0.30,0.80
2008.03.03 19:15:22.761,0.9714,0.9716,0.30,0.80
2008.03.03 19:15:23.027,0.9714,0.9716,0.30,0.80
2008.03.03 19:15:23.281,0.9714,0.9716,0.30,0.80
2008.03.03 19:15:23.535,0.9714,0.9716,0.30,0.80
2008.03.03 19:15:23.789,0.9714,0.97155,0.30,0.80
2008.03.03 19:15:24.045,0.97135,0.9716,4.80,0.80
2008.03.03 19:15:24.299,0.9713,0.97155,0.30,0.80
2008.03.03 19:15:24.633,0.9713,0.97145,0.30,1.60
2008.03.03 19:15:24.968,0.9713,0.97145,0.30,0.80
2008.03.03 19:15:25.302,0.97125,0.97145,2.40,1.60
2008.03.03 19:15:25.529,0.97125,0.97145,2.40,1.60
2008.03.03 19:15:25.759,0.9713,0.97145,0.10,1.60
2008.03.03 19:15:25.988,0.9713,0.97145,0.10,1.60
2008.03.03 19:15:26.214,0.9713,0.97145,0.10,1.60
2008.03.03 19:15:26.517,0.9713,0.97145,0.10,1.60
2008.03.03 19:15:26.821,0.9713,0.97145,0.10,1.60
2008.03.03 19:15:27.125,0.9713,0.97145,0.10,1.60
2008.03.03 19:15:27.431,0.9712,0.97135,0.30,1.60
2008.03.03 19:15:27.669,0.9712,0.97135,0.30,1.60
2008.03.03 19:15:27.910,0.9712,0.97135,0.30,1.60
2008.03.03 19:15:28.147,0.9712,0.97135,0.30,1.60
2008.03.03 19:15:28.458,0.9712,0.97135,0.30,1.60
2008.03.03 19:15:28.768,0.9712,0.97135,0.30,1.60
2008.03.03 19:15:29.077,0.9712,0.97135,0.30,1.60
2008.03.03 19:15:29.385,0.9712,0.97135,0.30,1.60
2008.03.03 19:15:29.719,0.9712,0.97135,0.30,0.80
2008.03.03 19:15:30.054,0.9712,0.97145,0.30,1.60
2008.03.03 19:15:30.388,0.9712,0.97145,0.30,1.60
2008.03.03 19:15:30.603,0.9713,0.97145,0.10,1.60
2008.03.03 19:15:30.817,0.9713,0.97145,0.10,1.60
2008.03.03 19:15:31.030,0.9713,0.97145,0.30,1.60
2008.03.03 19:15:31.244,0.9713,0.97145,0.30,1.60
2008.03.03 19:15:31.457,0.9713,0.97145,0.20,1.60
2008.03.03 19:15:31.791,0.9713,0.97145,0.10,1.60
2008.03.03 19:15:32.125,0.9713,0.97145,0.10,1.60
2008.03.03 19:15:32.458,0.9713,0.97145,0.10,1.60
2008.03.03 19:15:32.672,0.9713,0.97145,0.10,1.60
2008.03.03 19:15:32.886,0.9713,0.97145,0.10,1.60
2008.03.03 19:15:33.098,0.9713,0.97145,0.10,1.60
2008.03.03 19:15:33.329,0.9713,0.97145,0.10,1.60
2008.03.03 19:15:33.642,0.9713,0.97145,0.10,1.60
2008.03.03 19:15:33.954,0.9713,0.97145,0.10,1.60
2008.03.03 19:15:34.268,0.9713,0.97145,0.10,1.60
2008.03.03 19:15:34.582,0.9713,0.97145,0.10,1.60
2008.03.03 19:15:34.915,0.9713,0.97145,0.10,1.60
2008.03.03 19:15:35.248,0.9713,0.97145,0.10,1.60
2008.03.03 19:15:35.582,0.9713,0.97145,0.10,1.60
2008.03.03 19:15:35.795,0.9713,0.97145,0.10,1.60
2008.03.03 19:15:36.008,0.9713,0.97145,0.10,1.60
2008.03.03 19:15:36.222,0.9713,0.97145,0.10,1.60
2008.03.03 19:15:36.436,0.9713,0.97145,0.10,1.60
2008.03.03 19:15:36.740,0.9713,0.97145,0.10,1.60
2008.03.03 19:15:37.043,0.9713,0.97145,0.10,1.60
2008.03.03 19:15:37.347,0.9713,0.97145,0.10,1.60
2008.03.03 19:15:37.650,0.9713,0.97145,0.10,1.60
2008.03.03 19:15:37.903,0.9713,0.97145,0.10,1.60
2008.03.03 19:15:38.156,0.9713,0.97145,0.10,1.60
2008.03.03 19:15:38.413,0.9713,0.97145,0.10,1.60
2008.03.03 19:15:38.676,0.9713,0.97145,0.10,1.60
2008.03.03 19:15:38.940,0.9713,0.97145,0.10,1.60
2008.03.03 19:15:39.203,0.9713,0.97145,0.10,1.60
2008.03.03 19:15:39.467,0.9713,0.97145,0.10,1.60
2008.03.03 19:15:39.800,0.9713,0.97145,0.10,1.60
2008.03.03 19:15:40.150,0.9713,0.97145,0.10,1.60
2008.03.03 19:15:40.484,0.9713,0.97145,0.10,1.60
2008.03.03 19:15:40.703,0.9713,0.97145,0.10,1.60
2008.03.03 19:15:40.922,0.9713,0.97145,0.30,1.60
2008.03.03 19:15:41.147,0.9713,0.97145,0.30,1.60
2008.03.03 19:15:41.364,0.9713,0.97145,0.30,1.60
2008.03.03 19:15:41.583,0.9713,0.97145,0.30,1.60
2008.03.03 19:15:41.887,0.9713,0.97145,0.30,1.60
2008.03.03 19:15:42.192,0.9713,0.97145,0.30,1.60
2008.03.03 19:15:42.494,0.9713,0.97145,0.30,1.60
2008.03.03 19:15:42.718,0.9713,0.97145,0.30,1.60
2008.03.03 19:15:42.942,0.9713,0.97145,0.30,1.60
2008.03.03 19:15:43.172,0.9713,0.97145,0.30,1.60
2008.03.03 19:15:43.395,0.9713,0.97145,0.30,1.60
2008.03.03 19:15:43.619,0.9713,0.97145,0.30,1.60
2008.03.03 19:15:43.942,0.9713,0.97145,0.30,1.60
2008.03.03 19:15:44.267,0.9713,0.97145,0.30,1.60
2008.03.03 19:15:44.588,0.9713,0.97145,0.30,1.60
2008.03.03 19:15:44.892,0.9713,0.97145,0.30,1.60
2008.03.03 19:15:45.196,0.9713,0.97145,0.30,1.60
2008.03.03 19:15:45.500,0.9713,0.97145,0.30,1.60
2008.03.03 19:15:45.804,0.9713,0.97145,0.30,1.60
2008.03.03 19:15:46.063,0.9713,0.97145,0.30,1.60
2008.03.03 19:15:46.321,0.9713,0.97145,0.30,1.60
2008.03.03 19:15:46.579,0.9713,0.97145,0.30,1.60
2008.03.03 19:15:46.839,0.9713,0.97145,0.30,1.60
2008.03.03 19:15:47.061,0.9713,0.97145,0.30,1.60
2008.03.03 19:15:47.300,0.9713,0.97145,0.30,1.60
2008.03.03 19:15:47.524,0.9713,0.97145,0.30,1.60
2008.03.03 19:15:47.747,0.9713,0.97145,0.30,1.60
2008.03.03 19:15:48.046,0.9713,0.97145,0.30,1.60
2008.03.03 19:15:48.345,0.9713,0.97145,0.30,1.60
2008.03.03 19:15:48.642,0.9713,0.97145,0.30,1.60
2008.03.03 19:15:48.940,0.9713,0.97145,0.30,1.60
2008.03.03 19:15:49.199,0.9713,0.97145,0.30,1.60
2008.03.03 19:15:49.458,0.9713,0.97145,0.30,1.60
2008.03.03 19:15:49.732,0.9713,0.97145,0.30,1.60
2008.03.03 19:15:49.993,0.9713,0.97145,0.30,1.60
2008.03.03 19:15:50.326,0.9713,0.97145,0.30,1.60
2008.03.03 19:15:50.660,0.9713,0.97145,0.30,1.60
2008.03.03 19:15:50.993,0.9713,0.97145,0.30,1.60
2008.03.03 19:15:51.207,0.9713,0.97145,0.30,1.60
2008.03.03 19:15:51.420,0.9713,0.97145,0.30,1.60
2008.03.03 19:15:51.634,0.9713,0.97145,0.30,1.60
2008.03.03 19:15:51.849,0.9713,0.97145,0.30,1.60
2008.03.03 19:15:52.123,0.9713,0.97145,0.30,1.60
2008.03.03 19:15:52.396,0.9713,0.97145,0.30,1.60
2008.03.03 19:15:52.669,0.9713,0.97145,0.30,1.60
2008.03.03 19:15:52.942,0.9713,0.97145,0.30,1.60
2008.03.03 19:15:53.206,0.9713,0.97145,0.20,1.60
2008.03.03 19:15:53.471,0.97125,0.97145,0.10,1.60
2008.03.03 19:15:53.736,0.9713,0.97145,0.10,1.60
2008.03.03 19:15:53.999,0.9713,0.97145,0.10,1.60
2008.03.03 19:15:54.278,0.9713,0.97145,0.10,1.60
2008.03.03 19:15:54.568,0.9713,0.97145,0.10,1.60
2008.03.03 19:15:54.845,0.9713,0.97145,0.10,1.60
2008.03.03 19:15:55.178,0.9713,0.97145,0.10,1.60
2008.03.03 19:15:55.511,0.9713,0.97145,0.10,1.60
2008.03.03 19:15:55.844,0.9713,0.97145,0.10,1.60
2008.03.03 19:15:56.178,0.9713,0.97145,0.10,1.60
2008.03.03 19:15:56.391,0.9713,0.97145,0.10,1.60
2008.03.03 19:15:56.604,0.9713,0.97145,0.10,1.60
2008.03.03 19:15:56.817,0.9713,0.97145,0.10,1.60
2008.03.03 19:15:57.030,0.9713,0.97145,0.10,1.60
2008.03.03 19:15:57.344,0.9713,0.97145,0.10,1.60
2008.03.03 19:15:57.658,0.9713,0.97145,0.10,1.60
2008.03.03 19:15:57.973,0.9713,0.97145,0.10,1.60
2008.03.03 19:15:58.206,0.9713,0.97145,0.10,1.60
2008.03.03 19:15:58.439,0.9713,0.97145,0.10,1.60
2008.03.03 19:15:58.674,0.9713,0.97145,0.10,1.60
2008.03.03 19:15:58.908,0.9713,0.97145,0.10,1.60
2008.03.03 19:15:59.215,0.9713,0.97145,0.10,1.60
2008.03.03 19:15:59.524,0.9713,0.97145,0.10,1.60
2008.03.03 19:15:59.832,0.9713,0.97145,0.10,1.60
2008.03.03 19:16:00.140,0.9713,0.97145,0.10,1.60
2008.03.03 19:16:00.469,0.9713,0.97145,0.10,1.60
2008.03.03 19:16:00.797,0.9713,0.97145,0.10,1.60
2008.03.03 19:16:01.125,0.9713,0.97145,0.10,1.60
2008.03.03 19:16:01.328,0.9713,0.97145,0.10,1.60
2008.03.03 19:16:01.553,0.9713,0.97145,0.10,1.60
2008.03.03 19:16:01.757,0.9713,0.97145,0.10,1.60
2008.03.03 19:16:01.961,0.9713,0.97145,0.10,1.60
2008.03.03 19:16:02.163,0.9713,0.97145,0.10,1.60
2008.03.03 19:16:02.491,0.9713,0.97145,0.10,1.60
2008.03.03 19:16:02.820,0.9713,0.97145,0.10,1.60
2008.03.03 19:16:03.148,0.9713,0.97145,0.10,1.60
2008.03.03 19:16:03.362,0.9713,0.97145,0.10,1.60
2008.03.03 19:16:03.576,0.9713,0.97145,0.10,1.60
2008.03.03 19:16:03.789,0.9713,0.97145,0.10,1.60
2008.03.03 19:16:04.002,0.9713,0.97145,0.10,1.60
2008.03.03 19:16:04.335,0.9713,0.97145,0.10,1.60
2008.03.03 19:16:04.669,0.9713,0.97145,0.10,1.60
2008.03.03 19:16:05.003,0.9713,0.97145,0.10,1.60
2008.03.03 19:16:05.337,0.9713,0.97145,0.10,1.60
2008.03.03 19:16:05.558,0.9713,0.97145,0.10,1.60
2008.03.03 19:16:05.772,0.9713,0.97145,0.10,1.60
2008.03.03 19:16:05.985,0.9713,0.97145,0.10,1.60
2008.03.03 19:16:06.199,0.9713,0.97145,0.10,1.60
2008.03.03 19:16:06.519,0.9713,0.97145,0.10,1.60
2008.03.03 19:16:06.832,0.9713,0.97145,0.10,1.60
2008.03.03 19:16:07.146,0.9713,0.97145,0.10,1.60
2008.03.03 19:16:07.360,0.9713,0.97145,0.10,1.60
2008.03.03 19:16:07.572,0.9713,0.97145,0.10,1.60
2008.03.03 19:16:07.787,0.9713,0.97145,0.10,1.60
2008.03.03 19:16:08.000,0.9713,0.97145,0.10,1.60
2008.03.03 19:16:08.213,0.9713,0.97145,0.10,1.60
2008.03.03 19:16:08.549,0.9713,0.97145,0.10,1.60
2008.03.03 19:16:08.899,0.9713,0.97145,0.10,1.60
2008.03.03 19:16:09.207,0.9713,0.97145,0.10,1.60
2008.03.03 19:16:09.527,0.9713,0.97145,0.10,1.60
2008.03.03 19:16:09.846,0.9713,0.97145,0.10,1.60
2008.03.03 19:16:10.165,0.9713,0.97145,0.10,1.60
2008.03.03 19:16:10.378,0.9713,0.97145,0.10,1.60
2008.03.03 19:16:10.590,0.9713,0.97145,0.10,1.60
2008.03.03 19:16:10.804,0.9713,0.97145,0.10,1.60
2008.03.03 19:16:11.019,0.9713,0.97145,0.10,1.60
2008.03.03 19:16:11.232,0.9713,0.97145,0.10,1.60
2008.03.03 19:16:11.554,0.9713,0.97145,0.10,1.60
2008.03.03 19:16:11.872,0.9713,0.97145,0.10,1.60
2008.03.03 19:16:12.191,0.9713,0.97145,0.10,1.60
2008.03.03 19:16:12.410,0.9713,0.97145,0.10,1.60
2008.03.03 19:16:12.644,0.9713,0.97145,0.10,1.60
2008.03.03 19:16:12.864,0.9713,0.97145,0.30,1.60
2008.03.03 19:16:13.084,0.9713,0.97145,0.30,1.60
2008.03.03 19:16:13.300,0.9713,0.97145,0.30,1.60
2008.03.03 19:16:13.634,0.9713,0.97145,0.30,1.60
2008.03.03 19:16:13.967,0.9713,0.97145,0.30,1.60
2008.03.03 19:16:14.301,0.9713,0.97145,0.30,1.60
2008.03.03 19:16:14.634,0.9713,0.97145,0.30,1.60
2008.03.03 19:16:14.967,0.9713,0.97145,0.30,1.60
2008.03.03 19:16:15.301,0.9713,0.97145,0.30,1.60
2008.03.03 19:16:15.510,0.9713,0.97145,0.30,1.60
2008.03.03 19:16:15.719,0.9713,0.97145,0.30,1.60
2008.03.03 19:16:15.927,0.9713,0.97145,0.30,1.60
2008.03.03 19:16:16.137,0.9713,0.97145,0.30,1.60
2008.03.03 19:16:16.344,0.9713,0.97145,0.30,1.60
2008.03.03 19:16:16.667,0.9713,0.97145,0.30,1.60
2008.03.03 19:16:16.991,0.9713,0.97145,0.30,1.60
2008.03.03 19:16:17.314,0.9713,0.97145,0.30,1.60
2008.03.03 19:16:17.638,0.9713,0.97145,0.30,1.60
2008.03.03 19:16:17.871,0.9713,0.97145,0.30,1.60
2008.03.03 19:16:18.106,0.9713,0.97145,0.30,1.60
2008.03.03 19:16:18.339,0.9713,0.97145,0.30,1.60
2008.03.03 19:16:18.633,0.9713,0.97145,0.30,1.60
2008.03.03 19:16:18.926,0.9713,0.97145,0.30,1.60
2008.03.03 19:16:19.220,0.9713,0.97145,0.30,1.60
2008.03.03 19:16:19.519,0.9713,0.97145,0.30,1.60
2008.03.03 19:16:19.852,0.9713,0.97145,0.30,1.60
2008.03.03 19:16:20.187,0.9713,0.97145,0.30,1.60
2008.03.03 19:16:20.520,0.9713,0.97145,0.30,1.60
2008.03.03 19:16:20.723,0.9713,0.97145,0.30,1.60
2008.03.03 19:16:20.926,0.9713,0.97145,0.30,1.60
2008.03.03 19:16:21.131,0.9713,0.97145,0.30,1.60
2008.03.03 19:16:21.334,0.9713,0.97145,0.30,1.60
2008.03.03 19:16:21.539,0.9713,0.97145,0.30,1.60
2008.03.03 19:16:21.862,0.9713,0.97145,0.30,1.60
2008.03.03 19:16:22.185,0.9713,0.97145,0.30,1.60
2008.03.03 19:16:22.509,0.9713,0.97145,0.30,1.60
2008.03.03 19:16:22.726,0.9713,0.97145,0.30,1.60
2008.03.03 19:16:22.945,0.9713,0.97145,0.30,1.60
2008.03.03 19:16:23.180,0.9713,0.97145,0.30,1.60
2008.03.03 19:16:23.399,0.9713,0.97145,0.30,1.60
2008.03.03 19:16:23.617,0.9713,0.97145,0.30,1.60
2008.03.03 19:16:23.921,0.9713,0.97145,0.30,1.60
2008.03.03 19:16:24.224,0.9713,0.97145,0.30,1.60
2008.03.03 19:16:24.527,0.9713,0.97145,0.30,1.60
2008.03.03 19:16:24.876,0.9713,0.97145,0.30,1.60
2008.03.03 19:16:25.209,0.9713,0.97145,0.30,1.60
2008.03.03 19:16:25.543,0.9713,0.97145,0.30,1.60
2008.03.03 19:16:25.751,0.9713,0.97145,0.30,1.60
2008.03.03 19:16:25.960,0.9713,0.97145,0.30,1.60
2008.03.03 19:16:26.168,0.9713,0.97145,0.30,1.60
2008.03.03 19:16:26.376,0.9713,0.97145,0.30,1.60
2008.03.03 19:16:26.605,0.9713,0.97145,0.30,1.60
2008.03.03 19:16:26.883,0.9713,0.97145,0.30,1.60
2008.03.03 19:16:27.181,0.9713,0.97145,0.30,1.60
2008.03.03 19:16:27.479,0.9713,0.97145,0.30,1.60
2008.03.03 19:16:27.778,0.9713,0.97145,0.30,1.60
2008.03.03 19:16:28.027,0.9713,0.97145,0.30,1.60
2008.03.03 19:16:28.276,0.9713,0.97145,0.30,1.60
2008.03.03 19:16:28.542,0.9713,0.97145,0.30,1.60
2008.03.03 19:16:28.774,0.9713,0.97145,0.30,1.60
2008.03.03 19:16:29.036,0.9713,0.97145,0.30,1.60
2008.03.03 19:16:29.299,0.9713,0.97145,0.30,1.60
2008.03.03 19:16:29.563,0.9713,0.97145,0.30,1.60
2008.03.03 19:16:29.825,0.9713,0.97145,0.30,1.60
2008.03.03 19:16:30.158,0.9713,0.97145,0.30,1.60
2008.03.03 19:16:30.508,0.9713,0.97145,0.30,1.60
2008.03.03 19:16:30.839,0.9713,0.97145,0.30,1.60
2008.03.03 19:16:31.038,0.9713,0.97145,0.30,1.60
2008.03.03 19:16:31.236,0.9713,0.97145,0.30,1.60
2008.03.03 19:16:31.435,0.9713,0.97145,0.10,1.60
2008.03.03 19:16:31.636,0.97125,0.97145,0.10,1.60
2008.03.03 19:16:31.970,0.97125,0.97135,0.10,0.80
2008.03.03 19:16:32.304,0.9712,0.97135,0.10,1.60
2008.03.03 19:16:32.638,0.97115,0.97135,0.10,1.60
2008.03.03 19:16:32.856,0.97115,0.97135,0.10,1.60
2008.03.03 19:16:33.075,0.97115,0.9713,0.10,0.80
2008.03.03 19:16:33.294,0.9711,0.9713,0.30,0.80
2008.03.03 19:16:33.512,0.9711,0.97125,0.30,0.80
2008.03.03 19:16:33.731,0.9711,0.97125,0.30,1.60
2008.03.03 19:16:34.059,0.9711,0.97125,0.30,1.60
2008.03.03 19:16:34.388,0.9711,0.97125,0.20,1.60
2008.03.03 19:16:34.718,0.9712,0.97125,0.20,0.80
2008.03.03 19:16:35.066,0.9712,0.97135,0.20,1.60
2008.03.03 19:16:35.422,0.9711,0.97135,4.20,1.60
2008.03.03 19:16:35.754,0.97115,0.97135,2.40,1.60
2008.03.03 19:16:35.974,0.97115,0.97135,2.40,1.60
2008.03.03 19:16:36.194,0.9712,0.97135,0.20,1.60
2008.03.03 19:16:36.412,0.9712,0.97135,0.20,1.60
2008.03.03 19:16:36.631,0.9712,0.97135,0.20,1.60
2008.03.03 19:16:36.849,0.9712,0.97135,0.20,1.60
2008.03.03 19:16:37.201,0.9712,0.97135,0.20,1.60
2008.03.03 19:16:37.517,0.9711,0.97135,0.30,1.60
2008.03.03 19:16:37.852,0.9711,0.97125,0.30,1.60
2008.03.03 19:16:38.082,0.97105,0.97125,2.40,1.60
2008.03.03 19:16:38.311,0.97105,0.97115,0.10,0.80
2008.03.03 19:16:38.541,0.9711,0.97125,0.20,1.60
2008.03.03 19:16:38.771,0.97105,0.97125,0.10,1.60
2008.03.03 19:16:39.075,0.971,0.97125,4.20,1.60
2008.03.03 19:16:39.379,0.971,0.97125,0.30,1.60
2008.03.03 19:16:39.683,0.971,0.97125,0.20,2.40
2008.03.03 19:16:39.987,0.971,0.9712,0.20,0.80
2008.03.03 19:16:40.321,0.971,0.9712,0.20,0.80
2008.03.03 19:16:40.660,0.971,0.9712,0.20,0.80
2008.03.03 19:16:41.011,0.971,0.97125,0.20,1.60
2008.03.03 19:16:41.214,0.971,0.97125,0.20,2.40
2008.03.03 19:16:41.432,0.971,0.9712,0.20,0.80
2008.03.03 19:16:41.652,0.971,0.97115,0.20,1.60
2008.03.03 19:16:41.871,0.971,0.97115,0.20,1.60
2008.03.03 19:16:42.196,0.971,0.97115,0.20,1.60
2008.03.03 19:16:42.502,0.971,0.97115,0.20,1.60
2008.03.03 19:16:42.807,0.971,0.97115,0.20,1.60
2008.03.03 19:16:43.112,0.971,0.97115,0.20,1.60
2008.03.03 19:16:43.367,0.971,0.97115,0.20,1.60
2008.03.03 19:16:43.620,0.971,0.97115,0.20,1.60
2008.03.03 19:16:43.874,0.971,0.97115,0.20,1.60
2008.03.03 19:16:44.138,0.971,0.97115,0.20,1.60
2008.03.03 19:16:44.386,0.971,0.97115,0.20,1.60
2008.03.03 19:16:44.635,0.971,0.97115,0.20,1.60
2008.03.03 19:16:44.883,0.971,0.97115,0.20,1.60
2008.03.03 19:16:45.131,0.971,0.97115,0.20,1.60
2008.03.03 19:16:45.465,0.971,0.97115,0.20,1.60
2008.03.03 19:16:45.817,0.971,0.97115,0.20,1.60
2008.03.03 19:16:46.154,0.971,0.97115,0.20,1.60
2008.03.03 19:16:46.398,0.9709,0.97115,4.10,2.40
2008.03.03 19:16:46.641,0.9709,0.97105,0.20,1.60
2008.03.03 19:16:46.881,0.9709,0.97105,0.20,1.60
2008.03.03 19:16:47.125,0.9709,0.97105,0.20,1.60
2008.03.03 19:16:47.478,0.9709,0.97105,0.20,1.60
2008.03.03 19:16:47.829,0.9709,0.97105,0.20,1.60
2008.03.03 19:16:48.146,0.9709,0.97105,0.20,1.60
2008.03.03 19:16:48.371,0.9709,0.97105,0.20,1.60
2008.03.03 19:16:48.594,0.9709,0.97105,0.20,1.60
2008.03.03 19:16:48.831,0.9709,0.97105,0.20,1.60
2008.03.03 19:16:49.056,0.9709,0.97105,0.20,1.60
2008.03.03 19:16:49.389,0.9709,0.97105,0.20,1.60
2008.03.03 19:16:49.723,0.9709,0.97105,0.20,1.60
2008.03.03 19:16:50.057,0.9709,0.97105,0.20,1.60
2008.03.03 19:16:50.259,0.9709,0.97105,0.20,1.60
2008.03.03 19:16:50.463,0.9709,0.97105,0.20,1.60
2008.03.03 19:16:50.666,0.9709,0.97105,0.20,1.60
2008.03.03 19:16:50.870,0.9709,0.97105,0.20,1.60
2008.03.03 19:16:51.074,0.9709,0.97105,0.20,1.60
2008.03.03 19:16:51.277,0.9709,0.97105,0.20,1.60
2008.03.03 19:16:51.611,0.9709,0.97105,0.20,1.60
2008.03.03 19:16:51.944,0.9709,0.97105,0.20,1.60
2008.03.03 19:16:52.277,0.9709,0.97105,0.20,1.60
2008.03.03 19:16:52.506,0.9709,0.97105,0.20,1.60
2008.03.03 19:16:52.735,0.9709,0.97105,0.20,1.60
2008.03.03 19:16:52.963,0.9709,0.97105,0.20,1.60
2008.03.03 19:16:53.193,0.9709,0.97105,0.20,1.60
2008.03.03 19:16:53.476,0.9709,0.97105,0.20,1.60
2008.03.03 19:16:53.760,0.9709,0.97105,0.20,0.80
2008.03.03 19:16:54.044,0.9709,0.97115,0.20,4.00
2008.03.03 19:16:54.345,0.9709,0.97115,0.20,4.00
2008.03.03 19:16:54.680,0.9709,0.97115,0.20,1.60
2008.03.03 19:16:55.013,0.9709,0.97115,0.20,1.60
2008.03.03 19:16:55.347,0.971,0.97115,0.20,1.60
2008.03.03 19:16:55.560,0.971,0.97115,0.20,1.60
2008.03.03 19:16:55.774,0.971,0.97115,0.20,0.80
2008.03.03 19:16:55.988,0.971,0.9712,0.20,0.80
2008.03.03 19:16:56.202,0.971,0.9712,0.20,0.80
2008.03.03 19:16:56.533,0.971,0.97115,0.20,1.60
2008.03.03 19:16:56.858,0.971,0.97115,0.20,1.60
2008.03.03 19:16:57.183,0.971,0.97115,0.20,1.60
2008.03.03 19:16:57.406,0.971,0.97115,0.20,1.60
2008.03.03 19:16:57.629,0.971,0.97115,0.20,1.60
2008.03.03 19:16:57.870,0.971,0.97115,0.20,1.60
2008.03.03 19:16:58.092,0.971,0.97115,0.20,1.60
2008.03.03 19:16:58.317,0.971,0.97115,0.20,1.60
2008.03.03 19:16:58.625,0.971,0.97115,0.20,1.60
2008.03.03 19:16:58.934,0.971,0.97115,0.20,1.60
2008.03.03 19:16:59.244,0.9709,0.97115,4.10,1.60
2008.03.03 19:16:59.578,0.9709,0.97115,0.30,1.60
2008.03.03 19:16:59.911,0.97095,0.97115,0.10,1.60
2008.03.03 19:17:01.989,0.97095,0.97115,0.10,1.60
2008.03.03 19:17:02.070,0.97095,0.97115,0.10,1.60
2008.03.03 19:17:02.138,0.97095,0.97115,0.10,1.60
2008.03.03 19:17:02.212,0.97095,0.97115,0.10,1.60
2008.03.03 19:17:02.282,0.97095,0.97115,0.10,1.60
2008.03.03 19:17:02.347,0.97095,0.97115,0.10,1.60
2008.03.03 19:17:02.415,0.97095,0.97115,0.10,1.60
2008.03.03 19:17:02.483,0.97095,0.97115,0.10,1.60
2008.03.03 19:17:02.570,0.97095,0.97115,0.10,1.60
2008.03.03 19:17:02.621,0.9709,0.97115,0.20,1.60
2008.03.03 19:17:02.688,0.9709,0.97115,0.20,1.60
2008.03.03 19:17:02.758,0.9709,0.97115,0.20,1.60
2008.03.03 19:17:02.825,0.9709,0.97115,0.20,1.60
2008.03.03 19:17:02.906,0.9709,0.97115,0.20,1.60
2008.03.03 19:17:02.975,0.9709,0.97115,0.20,1.60
2008.03.03 19:17:03.308,0.9709,0.97115,0.20,1.60
2008.03.03 19:17:03.641,0.9709,0.97115,0.30,1.60
2008.03.03 19:17:03.983,0.9709,0.97115,0.30,1.60
2008.03.03 19:17:04.211,0.9709,0.97115,0.30,1.60
2008.03.03 19:17:04.438,0.9709,0.97115,0.30,1.60
2008.03.03 19:17:04.667,0.9709,0.97115,0.30,1.60
2008.03.03 19:17:04.895,0.9709,0.97115,0.30,1.60
2008.03.03 19:17:05.124,0.9709,0.97115,0.30,1.60
2008.03.03 19:17:05.457,0.9709,0.97115,0.30,1.60
2008.03.03 19:17:05.790,0.9709,0.97115,0.30,1.60
2008.03.03 19:17:06.142,0.9709,0.97115,0.30,1.60
2008.03.03 19:17:06.359,0.9709,0.97115,0.30,1.60
2008.03.03 19:17:06.578,0.9709,0.97115,0.30,1.60
2008.03.03 19:17:06.796,0.9709,0.97115,0.30,1.60
2008.03.03 19:17:07.015,0.9709,0.97115,0.30,1.60
2008.03.03 19:17:07.304,0.9709,0.97115,0.30,1.60
2008.03.03 19:17:07.592,0.9709,0.97115,0.30,1.60
2008.03.03 19:17:07.881,0.97095,0.97115,0.10,1.60
2008.03.03 19:17:08.169,0.97095,0.97115,0.10,1.60
2008.03.03 19:17:08.442,0.97095,0.97115,0.10,1.60
2008.03.03 19:17:08.715,0.97095,0.97115,0.10,1.60
2008.03.03 19:17:09.014,0.97095,0.97115,0.10,1.60
2008.03.03 19:17:09.287,0.97095,0.97115,0.10,1.60
2008.03.03 19:17:09.621,0.97095,0.97115,0.10,1.60
2008.03.03 19:17:09.954,0.97095,0.97115,0.10,1.60
2008.03.03 19:17:10.288,0.9709,0.97115,0.20,1.60
2008.03.03 19:17:10.491,0.9709,0.97115,0.20,1.60
2008.03.03 19:17:10.712,0.9709,0.97115,0.20,1.60
2008.03.03 19:17:10.914,0.9709,0.97115,0.20,1.60
2008.03.03 19:17:11.118,0.9709,0.97115,0.20,1.60
2008.03.03 19:17:11.452,0.9709,0.97115,0.20,1.60
2008.03.03 19:17:11.785,0.9709,0.97115,0.20,1.60
2008.03.03 19:17:12.118,0.9709,0.97115,0.20,1.60
2008.03.03 19:17:12.451,0.9709,0.97115,0.20,1.60
2008.03.03 19:17:12.674,0.9709,0.97115,0.20,1.60
2008.03.03 19:17:12.897,0.9709,0.97115,0.20,1.60
2008.03.03 19:17:13.121,0.9709,0.97115,0.20,1.60
2008.03.03 19:17:13.429,0.9709,0.97115,0.20,1.60
2008.03.03 19:17:13.738,0.9709,0.97115,0.20,1.60
2008.03.03 19:17:14.046,0.9709,0.97115,0.20,1.60
2008.03.03 19:17:14.354,0.9709,0.97115,0.20,1.60
2008.03.03 19:17:14.687,0.9709,0.97115,0.20,1.60
2008.03.03 19:17:15.041,0.971,0.97115,0.20,1.60
2008.03.03 19:17:15.374,0.971,0.97115,0.20,1.60
2008.03.03 19:17:15.578,0.9709,0.97115,0.20,1.60
2008.03.03 19:17:15.781,0.9709,0.97115,0.20,1.60
2008.03.03 19:17:15.985,0.9709,0.97115,0.20,1.60
2008.03.03 19:17:16.190,0.9709,0.97115,0.20,1.60
2008.03.03 19:17:16.523,0.9709,0.97115,0.20,1.60
2008.03.03 19:17:16.857,0.9709,0.97115,0.20,1.60
2008.03.03 19:17:17.190,0.9709,0.97115,0.20,1.60
2008.03.03 19:17:17.524,0.9709,0.97115,0.20,1.60
2008.03.03 19:17:17.757,0.9709,0.97115,0.20,1.60
2008.03.03 19:17:17.990,0.9709,0.97115,0.20,1.60
2008.03.03 19:17:18.225,0.9709,0.9711,0.20,0.80
2008.03.03 19:17:18.515,0.9709,0.9711,0.20,0.80
2008.03.03 19:17:18.791,0.9709,0.9711,0.20,0.80
2008.03.03 19:17:19.064,0.9709,0.97105,0.20,0.80
2008.03.03 19:17:19.339,0.9709,0.97105,0.20,1.60
2008.03.03 19:17:19.672,0.9709,0.97105,0.20,1.60
2008.03.03 19:17:20.005,0.9709,0.97105,0.20,1.60
2008.03.03 19:17:20.339,0.9709,0.97105,0.20,1.60
2008.03.03 19:17:20.562,0.9709,0.97105,0.20,1.60
2008.03.03 19:17:20.781,0.9709,0.97105,0.20,1.60
2008.03.03 19:17:21.000,0.9709,0.97105,0.20,1.60
2008.03.03 19:17:21.218,0.9709,0.97105,0.20,1.60
2008.03.03 19:17:21.456,0.9709,0.97105,0.20,1.60
2008.03.03 19:17:21.745,0.9708,0.97105,4.20,1.60
2008.03.03 19:17:22.053,0.9708,0.97105,0.30,1.60
2008.03.03 19:17:22.363,0.97085,0.97105,0.10,1.60
2008.03.03 19:17:22.601,0.97085,0.97105,0.10,1.60
2008.03.03 19:17:22.839,0.97085,0.97105,0.10,1.60
2008.03.03 19:17:23.078,0.9708,0.97105,0.30,1.60
2008.03.03 19:17:23.316,0.9708,0.97105,0.10,1.60
2008.03.03 19:17:23.554,0.9708,0.97105,0.10,1.60
2008.03.03 19:17:23.858,0.97075,0.9711,2.40,0.80
2008.03.03 19:17:24.179,0.97075,0.97105,2.40,1.60
2008.03.03 19:17:24.482,0.97075,0.97105,2.40,1.60
2008.03.03 19:17:24.816,0.97075,0.9711,2.40,0.80
2008.03.03 19:17:25.149,0.97075,0.9711,2.40,0.80
2008.03.03 19:17:25.482,0.97075,0.9711,2.40,0.80
2008.03.03 19:17:25.816,0.97075,0.9711,2.40,0.80
2008.03.03 19:17:26.014,0.97075,0.9711,2.40,0.80
2008.03.03 19:17:26.213,0.97075,0.9711,2.40,0.80
2008.03.03 19:17:26.410,0.97075,0.9711,2.40,0.80
2008.03.03 19:17:26.609,0.97075,0.9711,2.40,0.80
2008.03.03 19:17:26.942,0.97075,0.9711,2.40,0.80
2008.03.03 19:17:27.276,0.97075,0.97105,2.40,1.60
2008.03.03 19:17:27.609,0.97075,0.97105,2.40,1.60
2008.03.03 19:17:27.823,0.97075,0.97105,2.40,1.60
2008.03.03 19:17:28.040,0.97075,0.97105,2.40,1.60
2008.03.03 19:17:28.254,0.97075,0.97105,2.40,1.60
2008.03.03 19:17:28.468,0.97075,0.97105,2.40,1.60
2008.03.03 19:17:28.680,0.97075,0.97105,2.40,1.60
2008.03.03 19:17:29.032,0.97075,0.97105,2.40,1.60
2008.03.03 19:17:29.348,0.97075,0.97105,2.40,1.60
2008.03.03 19:17:29.687,0.97075,0.97105,2.40,1.60
2008.03.03 19:17:30.024,0.97075,0.97105,2.40,1.60
2008.03.03 19:17:30.357,0.97075,0.97105,2.40,1.60
2008.03.03 19:17:30.691,0.97075,0.97105,2.40,1.60
2008.03.03 19:17:30.915,0.97075,0.97105,2.40,1.60
2008.03.03 19:17:31.139,0.97075,0.97105,2.40,1.60
2008.03.03 19:17:31.363,0.97075,0.97105,2.40,1.60
2008.03.03 19:17:31.586,0.97075,0.97105,2.40,1.60
2008.03.03 19:17:31.889,0.97075,0.97105,2.40,1.60
2008.03.03 19:17:32.192,0.97075,0.97105,2.40,1.60
2008.03.03 19:17:32.496,0.97075,0.97105,2.40,1.60
2008.03.03 19:17:32.799,0.97075,0.97105,2.40,1.60
2008.03.03 19:17:33.038,0.97075,0.97105,2.40,1.60
2008.03.03 19:17:33.276,0.97075,0.97105,2.40,1.60
2008.03.03 19:17:33.515,0.97075,0.97105,2.40,1.60
2008.03.03 19:17:33.752,0.97075,0.97105,2.40,1.60
2008.03.03 19:17:34.011,0.97075,0.97105,2.40,1.60
2008.03.03 19:17:34.281,0.97075,0.97105,2.40,1.60
2008.03.03 19:17:34.535,0.97075,0.971,2.40,0.80
2008.03.03 19:17:34.789,0.97075,0.97095,2.40,0.80
2008.03.03 19:17:35.122,0.97075,0.97095,2.40,1.60
2008.03.03 19:17:35.455,0.9707,0.97095,0.20,1.60
2008.03.03 19:17:35.789,0.9707,0.97095,0.20,2.40
2008.03.03 19:17:36.008,0.9707,0.9709,0.20,0.80
2008.03.03 19:17:36.229,0.9707,0.9709,0.20,0.80
2008.03.03 19:17:36.449,0.9707,0.9709,0.20,0.80
2008.03.03 19:17:36.667,0.9707,0.9709,0.20,0.80
2008.03.03 19:17:36.987,0.9707,0.9709,0.20,0.80
2008.03.03 19:17:37.306,0.9706,0.9709,4.10,0.80
2008.03.03 19:17:37.626,0.9706,0.97085,4.10,0.80
2008.03.03 19:17:37.855,0.9706,0.9709,0.20,0.80
2008.03.03 19:17:38.084,0.9706,0.9709,0.20,1.00
2008.03.03 19:17:38.313,0.9706,0.97085,0.20,1.60
2008.03.03 19:17:38.540,0.9706,0.97085,0.20,1.60
2008.03.03 19:17:38.769,0.9706,0.97085,0.20,1.60
2008.03.03 19:17:39.078,0.9706,0.97085,0.20,1.60
2008.03.03 19:17:39.387,0.9706,0.9708,0.20,0.80
2008.03.03 19:17:39.697,0.9706,0.9708,0.20,0.80
2008.03.03 19:17:40.030,0.9706,0.9708,0.20,0.80
2008.03.03 19:17:40.363,0.9706,0.9708,0.20,0.80
2008.03.03 19:17:40.696,0.9706,0.9708,0.20,0.80
2008.03.03 19:17:41.030,0.9706,0.9708,0.20,0.80
2008.03.03 19:17:41.248,0.9706,0.97085,0.20,1.60
2008.03.03 19:17:41.467,0.9706,0.97085,0.20,1.60
2008.03.03 19:17:41.685,0.9706,0.97085,0.20,1.60
2008.03.03 19:17:41.904,0.9706,0.97085,0.20,4.00
2008.03.03 19:17:42.237,0.9705,0.9708,0.20,0.30
2008.03.03 19:17:42.576,0.9706,0.97085,0.20,1.60
2008.03.03 19:17:42.910,0.9706,0.97085,0.20,1.60
2008.03.03 19:17:43.133,0.97055,0.97085,2.40,1.60
2008.03.03 19:17:43.356,0.97055,0.97085,2.40,1.60
2008.03.03 19:17:43.579,0.97055,0.97085,2.40,1.60
2008.03.03 19:17:43.803,0.97055,0.97085,2.40,1.60
2008.03.03 19:17:44.136,0.97055,0.97085,2.40,1.60
2008.03.03 19:17:44.470,0.97055,0.97085,2.40,1.60
2008.03.03 19:17:44.802,0.97055,0.97085,2.40,1.60
2008.03.03 19:17:45.135,0.97055,0.97085,2.40,1.60
2008.03.03 19:17:45.470,0.97055,0.9708,2.40,0.80
2008.03.03 19:17:45.804,0.97055,0.9708,2.40,0.80
2008.03.03 19:17:46.049,0.97055,0.9708,2.40,0.80
2008.03.03 19:17:46.278,0.9706,0.9708,0.20,0.80
2008.03.03 19:17:46.505,0.9706,0.9708,0.20,0.80
2008.03.03 19:17:46.734,0.9706,0.9708,0.20,0.80
2008.03.03 19:17:46.962,0.9706,0.9708,0.20,0.80
2008.03.03 19:17:47.262,0.9706,0.9708,0.20,0.80
2008.03.03 19:17:47.559,0.9706,0.9708,0.20,0.80
2008.03.03 19:17:47.857,0.9706,0.9708,0.20,0.80
2008.03.03 19:17:48.115,0.9706,0.9708,0.20,0.80
2008.03.03 19:17:48.373,0.9706,0.9708,0.20,0.80
2008.03.03 19:17:48.632,0.9706,0.9708,0.20,0.80
2008.03.03 19:17:48.891,0.9706,0.9708,0.20,0.80
2008.03.03 19:17:49.165,0.9706,0.9708,0.20,0.80
2008.03.03 19:17:49.439,0.9706,0.9708,0.20,0.80
2008.03.03 19:17:49.713,0.9706,0.97075,0.20,1.60
2008.03.03 19:17:49.987,0.9705,0.97075,4.10,0.80
2008.03.03 19:17:50.322,0.97045,0.97065,2.40,0.80
2008.03.03 19:17:50.657,0.97045,0.97075,2.40,0.80
2008.03.03 19:17:50.992,0.97045,0.97075,2.40,1.60
2008.03.03 19:17:51.236,0.97045,0.97075,2.40,1.60
2008.03.03 19:17:51.481,0.97045,0.97075,2.40,1.60
2008.03.03 19:17:51.712,0.97045,0.97075,2.40,1.60
2008.03.03 19:17:51.942,0.97045,0.97075,6.40,1.60
2008.03.03 19:17:52.241,0.97055,0.97075,2.40,1.60
2008.03.03 19:17:52.543,0.9706,0.97075,0.20,1.60
2008.03.03 19:17:52.858,0.9706,0.97075,0.20,1.60
2008.03.03 19:17:53.155,0.9706,0.97075,0.20,1.60
2008.03.03 19:17:53.438,0.9706,0.97075,0.20,1.60
2008.03.03 19:17:53.725,0.97045,0.97075,2.40,1.60
2008.03.03 19:17:54.009,0.97045,0.97075,2.40,1.60
2008.03.03 19:17:54.247,0.97045,0.97075,2.40,1.60
2008.03.03 19:17:54.486,0.97045,0.97075,2.40,1.60
2008.03.03 19:17:54.725,0.97045,0.97075,2.40,1.60
2008.03.03 19:17:54.974,0.97045,0.97075,6.40,1.60
2008.03.03 19:17:55.309,0.97045,0.97075,2.40,1.60
2008.03.03 19:17:55.649,0.9705,0.97075,4.00,1.60
2008.03.03 19:17:55.982,0.97045,0.97075,2.40,1.60
2008.03.03 19:17:56.211,0.97045,0.97075,2.40,1.60
2008.03.03 19:17:56.440,0.97045,0.97075,2.40,1.60
2008.03.03 19:17:56.668,0.97045,0.97075,2.40,1.60
2008.03.03 19:17:56.913,0.97045,0.97075,2.40,1.60
2008.03.03 19:17:57.141,0.97045,0.97075,2.40,1.60
2008.03.03 19:17:57.439,0.97045,0.97075,2.40,1.60
2008.03.03 19:17:57.737,0.97045,0.97075,2.40,1.60
2008.03.03 19:17:58.034,0.97045,0.97075,2.40,1.60
2008.03.03 19:17:58.268,0.97045,0.97075,2.40,1.60
2008.03.03 19:17:58.501,0.97045,0.97075,2.40,1.60
2008.03.03 19:17:58.734,0.97045,0.97075,2.40,1.60
2008.03.03 19:17:58.981,0.97045,0.9707,2.40,0.80
2008.03.03 19:17:59.216,0.97045,0.97065,2.40,0.80
2008.03.03 19:17:59.525,0.97045,0.97065,2.40,1.60
2008.03.03 19:17:59.833,0.97045,0.97065,2.40,1.60
2008.03.03 19:18:00.147,0.97045,0.97065,2.40,1.60
2008.03.03 19:18:00.480,0.97045,0.97065,2.40,1.60
2008.03.03 19:18:00.813,0.9704,0.97065,0.20,1.60
2008.03.03 19:18:01.147,0.9704,0.97065,0.20,1.60
2008.03.03 19:18:01.360,0.9704,0.97065,0.20,1.60
2008.03.03 19:18:01.573,0.9704,0.97065,0.20,1.60
2008.03.03 19:18:01.792,0.9704,0.97065,0.20,1.60
2008.03.03 19:18:02.026,0.97035,0.9706,10.40,1.00
2008.03.03 19:18:02.238,0.97035,0.9706,4.00,1.00
2008.03.03 19:18:02.573,0.97025,0.97055,6.40,1.60
2008.03.03 19:18:02.916,0.97025,0.97055,2.40,4.00
2008.03.03 19:18:03.268,0.97025,0.97055,2.40,4.00
2008.03.03 19:18:03.490,0.97025,0.9705,2.40,0.80
2008.03.03 19:18:03.729,0.97015,0.97045,6.40,4.00
2008.03.03 19:18:03.968,0.97015,0.97045,6.40,4.00
2008.03.03 19:18:04.207,0.97015,0.97045,2.40,4.00
2008.03.03 19:18:04.495,0.97015,0.97045,2.40,4.00
2008.03.03 19:18:04.785,0.97015,0.97045,2.40,4.00
2008.03.03 19:18:05.074,0.97015,0.97045,2.40,4.00
2008.03.03 19:18:05.408,0.97015,0.97045,2.40,4.00
2008.03.03 19:18:05.748,0.97015,0.97045,4.80,1.60
2008.03.03 19:18:06.082,0.97015,0.97045,4.80,1.60
2008.03.03 19:18:06.416,0.9701,0.97045,4.00,4.00
2008.03.03 19:18:06.642,0.97005,0.97035,6.40,0.80
2008.03.03 19:18:06.866,0.97005,0.97035,6.40,1.60
2008.03.03 19:18:07.099,0.97005,0.97035,2.40,1.60
2008.03.03 19:18:07.324,0.97005,0.9704,2.40,0.80
2008.03.03 19:18:07.637,0.97005,0.9704,2.40,0.80
2008.03.03 19:18:07.951,0.97005,0.97035,2.40,1.60
2008.03.03 19:18:08.267,0.97005,0.97035,2.40,0.80
2008.03.03 19:18:08.512,0.97,0.97045,4.00,4.00
2008.03.03 19:18:08.755,0.97005,0.97045,2.40,4.00
2008.03.03 19:18:08.999,0.97005,0.97045,2.40,4.00
2008.03.03 19:18:09.243,0.97005,0.97045,2.40,4.00
2008.03.03 19:18:09.577,0.97005,0.97045,2.40,4.00
2008.03.03 19:18:09.911,0.97015,0.97045,2.40,4.00
2008.03.03 19:18:10.245,0.9701,0.97045,4.00,4.00
2008.03.03 19:18:10.484,0.97005,0.9704,2.40,0.80
2008.03.03 19:18:10.725,0.97005,0.97035,2.40,0.80
2008.03.03 19:18:10.964,0.97,0.97035,4.00,4.00
2008.03.03 19:18:11.205,0.96995,0.97035,6.40,4.00
2008.03.03 19:18:11.530,0.96995,0.97025,2.40,1.60
2008.03.03 19:18:11.867,0.96995,0.97025,2.40,1.60
2008.03.03 19:18:12.205,0.96995,0.97025,2.40,1.60
2008.03.03 19:18:12.465,0.96995,0.97015,2.40,0.80
2008.03.03 19:18:12.719,0.96995,0.97015,2.40,1.60
2008.03.03 19:18:12.942,0.96995,0.97025,2.40,1.60
2008.03.03 19:18:13.180,0.9699,0.97025,0.20,4.00
2008.03.03 19:18:13.419,0.9699,0.97025,0.20,4.00
2008.03.03 19:18:13.744,0.96985,0.97025,8.80,4.00
2008.03.03 19:18:14.067,0.96985,0.9702,6.40,0.80
2008.03.03 19:18:14.392,0.96985,0.97015,6.40,1.60
2008.03.03 19:18:14.726,0.96985,0.97015,2.40,1.60
2008.03.03 19:18:15.060,0.96975,0.97015,6.40,2.40
2008.03.03 19:18:15.395,0.96975,0.97015,2.40,4.00
2008.03.03 19:18:15.634,0.96975,0.9701,2.40,4.00
2008.03.03 19:18:15.880,0.96985,0.97015,2.40,2.40
2008.03.03 19:18:16.137,0.96985,0.97015,2.40,2.40
2008.03.03 19:18:16.395,0.97,0.97025,0.20,0.80
2008.03.03 19:18:16.730,0.97,0.9703,0.20,0.80
2008.03.03 19:18:17.065,0.97,0.9703,0.20,0.80
2008.03.03 19:18:17.399,0.97,0.9703,0.20,0.80
2008.03.03 19:18:17.628,0.97,0.9703,0.20,0.80
2008.03.03 19:18:17.857,0.96995,0.9703,6.40,0.80
2008.03.03 19:18:18.087,0.96995,0.97035,2.40,4.00
2008.03.03 19:18:18.316,0.96995,0.97035,2.40,4.00
2008.03.03 19:18:18.649,0.96995,0.97035,2.40,8.00
2008.03.03 19:18:18.983,0.96995,0.97035,2.40,8.00
2008.03.03 19:18:19.316,0.96995,0.97035,2.40,8.00
2008.03.03 19:18:19.649,0.96995,0.97035,2.40,8.00
2008.03.03 19:18:19.984,0.96995,0.97035,4.80,7.20
2008.03.03 19:18:20.317,0.97005,0.97035,2.40,1.60
2008.03.03 19:18:20.536,0.97005,0.97035,2.40,1.60
2008.03.03 19:18:20.754,0.97005,0.97035,2.40,1.60
2008.03.03 19:18:20.973,0.97005,0.97035,2.40,1.60
2008.03.03 19:18:21.192,0.97005,0.97035,2.40,4.00
2008.03.03 19:18:21.411,0.97005,0.97035,2.40,4.00
2008.03.03 19:18:21.728,0.97005,0.9703,2.40,0.30
2008.03.03 19:18:22.045,0.97005,0.9703,2.40,0.30
2008.03.03 19:18:22.375,0.97005,0.9703,2.40,0.30
2008.03.03 19:18:22.602,0.97005,0.9703,2.40,0.30
2008.03.03 19:18:22.846,0.97005,0.9703,2.40,0.30
2008.03.03 19:18:23.090,0.97005,0.9703,2.40,0.30
2008.03.03 19:18:23.334,0.97005,0.9703,2.40,0.30
2008.03.03 19:18:23.618,0.97005,0.9703,2.40,0.30
2008.03.03 19:18:23.902,0.97005,0.9703,2.40,0.30
2008.03.03 19:18:24.186,0.9701,0.97035,0.20,2.40
2008.03.03 19:18:24.470,0.9701,0.9704,0.20,5.00
2008.03.03 19:18:24.804,0.9701,0.9704,0.20,1.00
2008.03.03 19:18:25.137,0.9701,0.9704,0.20,1.00
2008.03.03 19:18:25.472,0.97,0.9703,4.10,0.30
2008.03.03 19:18:25.710,0.97,0.9703,0.20,0.30
2008.03.03 19:18:25.949,0.97,0.9703,0.20,0.30
2008.03.03 19:18:26.188,0.97,0.9703,0.20,0.30
2008.03.03 19:18:26.427,0.97,0.9703,0.20,0.30
2008.03.03 19:18:26.720,0.97,0.97035,0.20,4.00
2008.03.03 19:18:27.015,0.97005,0.97035,2.40,4.00
2008.03.03 19:18:27.309,0.97005,0.9702,2.40,0.30
2008.03.03 19:18:27.603,0.96985,0.9702,4.80,0.30
2008.03.03 19:18:27.862,0.96985,0.9702,4.80,0.30
2008.03.03 19:18:28.121,0.96985,0.9702,4.80,0.30
2008.03.03 19:18:28.379,0.96985,0.9702,4.80,0.30
2008.03.03 19:18:28.637,0.96985,0.9702,4.80,0.30
2008.03.03 19:18:28.909,0.96985,0.9702,4.80,0.30
2008.03.03 19:18:29.183,0.96985,0.97025,4.80,8.00
2008.03.03 19:18:29.456,0.96985,0.97025,4.80,6.40
2008.03.03 19:18:29.790,0.96985,0.97025,4.80,7.20
2008.03.03 19:18:30.126,0.96985,0.97025,4.80,4.00
2008.03.03 19:18:30.459,0.96985,0.97025,4.80,4.00
2008.03.03 19:18:30.812,0.96985,0.97025,4.80,4.00
2008.03.03 19:18:31.015,0.96985,0.97025,4.80,4.00
2008.03.03 19:18:31.241,0.96985,0.97025,4.80,4.00
2008.03.03 19:18:31.465,0.96985,0.97025,4.80,4.00
2008.03.03 19:18:31.687,0.96985,0.97025,4.80,3.20
2008.03.03 19:18:32.004,0.96995,0.9703,2.40,4.00
2008.03.03 19:18:32.316,0.96995,0.97035,2.40,4.00
2008.03.03 19:18:32.630,0.96995,0.9703,2.40,0.80
2008.03.03 19:18:32.902,0.9699,0.97025,4.00,3.20
2008.03.03 19:18:33.157,0.9699,0.97025,4.00,2.40
2008.03.03 19:18:33.426,0.96985,0.97025,6.40,3.20
2008.03.03 19:18:33.676,0.96985,0.97025,2.40,4.00
2008.03.03 19:18:33.976,0.96985,0.97025,2.40,3.20
2008.03.03 19:18:34.275,0.96985,0.97025,6.40,2.40
2008.03.03 19:18:34.575,0.96995,0.97035,2.40,4.00
2008.03.03 19:18:34.873,0.96995,0.97035,2.40,4.00
2008.03.03 19:18:35.207,0.96995,0.97035,6.40,4.00
2008.03.03 19:18:35.542,0.96995,0.97035,6.40,2.40
2008.03.03 19:18:35.875,0.96995,0.97035,6.40,2.40
2008.03.03 19:18:36.104,0.96995,0.97035,6.40,2.40
2008.03.03 19:18:36.332,0.96995,0.97035,6.40,2.40
2008.03.03 19:18:36.561,0.96995,0.97035,6.40,2.40
2008.03.03 19:18:36.788,0.96995,0.97035,6.40,2.40
2008.03.03 19:18:37.077,0.96995,0.97035,6.40,2.40
2008.03.03 19:18:37.368,0.97005,0.9704,2.40,0.80
2008.03.03 19:18:37.655,0.97005,0.9704,2.40,0.80
2008.03.03 19:18:37.919,0.97005,0.97035,2.40,0.80
2008.03.03 19:18:38.184,0.97,0.9703,4.10,0.80
2008.03.03 19:18:38.449,0.97,0.97035,0.20,2.40
2008.03.03 19:18:38.715,0.97,0.97035,0.20,2.40
2008.03.03 19:18:38.990,0.97,0.97035,4.00,2.40
2008.03.03 19:18:39.267,0.96995,0.97035,6.40,2.40
2008.03.03 19:18:39.543,0.96995,0.97035,6.40,3.20
2008.03.03 19:18:39.821,0.96995,0.97035,8.80,4.00
2008.03.03 19:18:40.157,0.96995,0.97035,2.40,4.00
2008.03.03 19:18:40.473,0.96995,0.97035,6.40,4.00
2008.03.03 19:18:40.807,0.96995,0.9703,2.40,0.80
2008.03.03 19:18:41.040,0.96995,0.9703,2.40,0.80
2008.03.03 19:18:41.274,0.96995,0.9703,2.40,0.80
2008.03.03 19:18:41.506,0.96995,0.9703,2.40,0.80
2008.03.03 19:18:41.739,0.96995,0.97025,2.40,0.80
2008.03.03 19:18:42.043,0.96995,0.97025,2.40,1.60
2008.03.03 19:18:42.362,0.96995,0.97025,2.40,1.60
2008.03.03 19:18:42.682,0.96995,0.97025,6.40,1.60
2008.03.03 19:18:42.970,0.96995,0.97025,6.40,1.60
2008.03.03 19:18:43.239,0.96995,0.97025,2.40,1.60
2008.03.03 19:18:43.508,0.96995,0.97025,2.40,1.60
2008.03.03 19:18:43.776,0.96995,0.97025,2.40,1.60
2008.03.03 19:18:44.035,0.96995,0.97025,2.40,1.60
2008.03.03 19:18:44.293,0.96995,0.97025,2.40,1.60
2008.03.03 19:18:44.562,0.96995,0.97025,2.40,1.60
2008.03.03 19:18:44.836,0.96995,0.97025,2.40,1.60
2008.03.03 19:18:45.171,0.96995,0.97025,2.40,1.60
2008.03.03 19:18:45.520,0.96995,0.97025,2.40,1.60
2008.03.03 19:18:45.856,0.96995,0.97025,2.40,1.60
2008.03.03 19:18:46.079,0.96995,0.97025,2.40,1.60
2008.03.03 19:18:46.304,0.96995,0.97025,2.40,1.60
2008.03.03 19:18:46.527,0.96995,0.97025,2.40,1.60
2008.03.03 19:18:46.750,0.96995,0.97025,2.40,1.60
2008.03.03 19:18:47.060,0.96995,0.97025,2.40,1.60
2008.03.03 19:18:47.369,0.96995,0.97025,2.40,1.60
2008.03.03 19:18:47.676,0.96995,0.97025,2.40,1.60
2008.03.03 19:18:47.984,0.96995,0.97025,2.40,1.60
2008.03.03 19:18:48.227,0.96995,0.97025,2.40,1.60
2008.03.03 19:18:48.470,0.96995,0.97025,2.40,1.60
2008.03.03 19:18:48.714,0.96995,0.97025,2.40,1.60
2008.03.03 19:18:48.958,0.96995,0.97025,2.40,1.60
2008.03.03 19:18:49.231,0.96995,0.97025,2.40,1.60
2008.03.03 19:18:49.505,0.96995,0.97025,2.40,1.60
2008.03.03 19:18:49.778,0.96995,0.97025,2.40,1.60
2008.03.03 19:18:50.111,0.96995,0.97025,2.40,1.60
2008.03.03 19:18:50.444,0.96995,0.97025,2.40,1.60
2008.03.03 19:18:50.778,0.96995,0.97025,2.40,1.60
2008.03.03 19:18:51.112,0.96995,0.97025,2.40,1.60
2008.03.03 19:18:51.345,0.96995,0.97025,2.40,1.60
2008.03.03 19:18:51.591,0.96995,0.97025,6.40,1.60
2008.03.03 19:18:51.803,0.97,0.97025,0.20,1.60
2008.03.03 19:18:52.117,0.96995,0.97025,4.00,4.00
2008.03.03 19:18:52.431,0.96995,0.97025,4.00,4.00
2008.03.03 19:18:54.346,0.9699,0.97025,0.20,4.00
2008.03.03 19:18:54.448,0.9699,0.97025,4.10,4.00
2008.03.03 19:18:54.540,0.9699,0.97025,4.10,4.00
2008.03.03 19:18:54.632,0.9699,0.97025,4.10,4.00
2008.03.03 19:18:54.726,0.9699,0.97025,4.10,4.00
2008.03.03 19:18:54.821,0.9699,0.97025,4.10,4.00
2008.03.03 19:18:54.931,0.9699,0.97025,4.10,4.00
2008.03.03 19:18:55.026,0.9699,0.97025,4.10,4.00
2008.03.03 19:18:55.122,0.9699,0.97025,4.10,4.00
2008.03.03 19:18:55.214,0.9699,0.97025,4.10,4.00
2008.03.03 19:18:55.307,0.9699,0.97025,4.10,4.00
2008.03.03 19:18:55.401,0.9699,0.97025,4.10,4.00
2008.03.03 19:18:55.754,0.97,0.97035,0.30,1.60
2008.03.03 19:18:56.088,0.97005,0.9704,2.40,0.80
2008.03.03 19:18:56.430,0.97005,0.9704,2.40,0.80
2008.03.03 19:18:56.658,0.97005,0.97045,2.40,1.60
2008.03.03 19:18:56.885,0.97005,0.97045,2.40,1.60
2008.03.03 19:18:57.113,0.97005,0.97045,2.40,1.60
2008.03.03 19:18:57.342,0.9701,0.97045,0.20,1.60
2008.03.03 19:18:57.569,0.9701,0.97045,0.20,1.60
2008.03.03 19:18:57.898,0.9701,0.97045,0.20,1.60
2008.03.03 19:18:58.226,0.9701,0.97045,0.20,1.60
2008.03.03 19:18:58.554,0.9701,0.97045,0.20,1.60
2008.03.03 19:18:58.804,0.9701,0.97045,0.20,1.60
2008.03.03 19:18:59.021,0.9701,0.97045,0.20,1.60
2008.03.03 19:18:59.267,0.9701,0.97045,0.20,1.60
2008.03.03 19:18:59.501,0.9701,0.97045,0.20,1.60
2008.03.03 19:18:59.834,0.9701,0.97045,0.20,1.60
2008.03.03 19:19:00.168,0.9701,0.97045,0.20,1.60
2008.03.03 19:19:00.501,0.9701,0.97045,0.20,1.60
2008.03.03 19:19:00.716,0.9701,0.97045,0.20,1.60
2008.03.03 19:19:00.930,0.9701,0.97045,0.20,1.60
2008.03.03 19:19:01.143,0.9701,0.97045,0.20,1.60
2008.03.03 19:19:01.356,0.9701,0.97045,0.20,1.60
2008.03.03 19:19:01.569,0.9701,0.97045,0.20,1.60
2008.03.03 19:19:01.882,0.9701,0.97045,0.20,1.60
2008.03.03 19:19:02.195,0.9701,0.97045,0.20,1.60
2008.03.03 19:19:02.508,0.9701,0.97045,0.20,1.60
2008.03.03 19:19:02.724,0.9701,0.97045,0.20,1.60
2008.03.03 19:19:02.937,0.9701,0.97045,0.20,1.60
2008.03.03 19:19:03.151,0.9701,0.97045,0.20,1.60
2008.03.03 19:19:03.364,0.9701,0.97045,0.20,1.60
2008.03.03 19:19:03.578,0.9701,0.97045,0.20,1.60
2008.03.03 19:19:03.910,0.9701,0.97045,0.20,1.60
2008.03.03 19:19:04.259,0.9701,0.97045,0.20,1.60
2008.03.03 19:19:04.613,0.9701,0.97045,0.20,1.60
2008.03.03 19:19:04.913,0.9701,0.97045,0.20,1.60
2008.03.03 19:19:05.231,0.9701,0.97045,0.20,1.60
2008.03.03 19:19:05.550,0.9701,0.97045,0.20,1.60
2008.03.03 19:19:05.799,0.9701,0.97045,0.20,1.60
2008.03.03 19:19:06.049,0.9701,0.97045,0.20,1.60
2008.03.03 19:19:06.298,0.9701,0.97045,4.10,1.60
2008.03.03 19:19:06.556,0.9701,0.97045,4.10,1.60
2008.03.03 19:19:06.846,0.9701,0.97045,4.10,1.60
2008.03.03 19:19:07.104,0.9701,0.97045,4.20,1.60
2008.03.03 19:19:07.378,0.9701,0.97045,4.20,1.60
2008.03.03 19:19:07.653,0.9701,0.97045,4.20,1.60
2008.03.03 19:19:07.930,0.9701,0.97045,4.20,1.60
2008.03.03 19:19:08.220,0.9701,0.97045,4.20,1.60
2008.03.03 19:19:08.518,0.97015,0.97045,6.40,1.60
2008.03.03 19:19:08.780,0.9702,0.97045,0.20,1.60
2008.03.03 19:19:09.068,0.9702,0.97045,0.20,1.60
2008.03.03 19:19:09.356,0.9702,0.97045,0.20,1.60
2008.03.03 19:19:09.644,0.9702,0.97045,0.20,1.60
2008.03.03 19:19:09.978,0.9702,0.97045,4.10,1.60
2008.03.03 19:19:10.312,0.9702,0.97045,4.10,1.60
2008.03.03 19:19:10.645,0.9703,0.97045,0.20,1.60
2008.03.03 19:19:10.863,0.9703,0.97045,0.20,1.60
2008.03.03 19:19:11.083,0.9703,0.97045,0.20,1.60
2008.03.03 19:19:11.304,0.9703,0.97045,0.20,1.60
2008.03.03 19:19:11.537,0.9703,0.97045,0.20,1.60
2008.03.03 19:19:11.755,0.9703,0.97045,0.20,1.60
2008.03.03 19:19:12.074,0.9703,0.97045,0.20,1.60
2008.03.03 19:19:12.393,0.9703,0.97045,0.20,1.60
2008.03.03 19:19:12.712,0.9703,0.97045,0.20,1.60
2008.03.03 19:19:12.925,0.9703,0.97045,0.20,1.60
2008.03.03 19:19:13.139,0.9703,0.97045,0.20,0.80
2008.03.03 19:19:13.352,0.9703,0.97055,0.20,4.00
2008.03.03 19:19:13.565,0.9703,0.97055,0.20,4.00
2008.03.03 19:19:13.779,0.9703,0.97055,0.20,1.60
2008.03.03 19:19:14.114,0.9703,0.97055,0.20,1.60
2008.03.03 19:19:14.448,0.9703,0.97055,0.20,1.60
2008.03.03 19:19:14.781,0.9703,0.97055,0.20,0.80
2008.03.03 19:19:15.105,0.9703,0.97055,0.20,0.80
2008.03.03 19:19:15.440,0.9703,0.97055,0.20,1.60
2008.03.03 19:19:15.764,0.9703,0.97055,0.20,0.80
2008.03.03 19:19:15.983,0.9703,0.97055,0.20,1.60
2008.03.03 19:19:16.201,0.9703,0.97055,0.20,1.60
2008.03.03 19:19:16.420,0.9703,0.97055,0.20,1.60
2008.03.03 19:19:16.638,0.9703,0.97055,0.20,1.60
2008.03.03 19:19:16.856,0.9703,0.97055,0.20,1.60
2008.03.03 19:19:17.190,0.9703,0.97055,0.20,0.80
2008.03.03 19:19:17.523,0.9703,0.97055,0.20,1.60
2008.03.03 19:19:17.855,0.9703,0.97055,0.20,1.60
2008.03.03 19:19:18.065,0.9703,0.97055,0.20,1.60
2008.03.03 19:19:18.273,0.9703,0.97055,0.20,1.60
2008.03.03 19:19:18.498,0.9703,0.97055,0.20,1.60
2008.03.03 19:19:18.708,0.9703,0.97055,0.20,1.60
2008.03.03 19:19:18.917,0.97025,0.97055,6.40,1.60
2008.03.03 19:19:19.251,0.97025,0.97055,2.40,1.60
2008.03.03 19:19:19.584,0.97025,0.97055,2.40,1.60
2008.03.03 19:19:19.917,0.97025,0.97055,2.40,1.60
2008.03.03 19:19:20.250,0.97025,0.97055,2.40,1.60
2008.03.03 19:19:20.583,0.97025,0.97055,2.40,1.60
2008.03.03 19:19:20.916,0.97025,0.97055,2.40,1.60
2008.03.03 19:19:21.249,0.97025,0.97055,2.40,1.60
2008.03.03 19:19:21.458,0.97025,0.97055,2.40,1.60
2008.03.03 19:19:21.673,0.97025,0.97055,2.40,1.60
2008.03.03 19:19:21.883,0.97025,0.97055,2.40,1.60
2008.03.03 19:19:22.092,0.97025,0.97055,2.40,1.60
2008.03.03 19:19:22.425,0.97025,0.97055,2.40,1.60
2008.03.03 19:19:22.758,0.97025,0.97055,2.40,1.60
2008.03.03 19:19:23.092,0.97025,0.97055,2.40,1.60
2008.03.03 19:19:23.306,0.97025,0.97055,2.40,1.60
2008.03.03 19:19:23.520,0.97025,0.97055,2.40,1.60
2008.03.03 19:19:23.734,0.97025,0.97055,2.40,1.60
2008.03.03 19:19:23.948,0.97025,0.97055,2.40,1.60
2008.03.03 19:19:24.172,0.97025,0.97055,2.40,1.60
2008.03.03 19:19:24.484,0.9702,0.9705,4.00,0.30
2008.03.03 19:19:24.820,0.97015,0.9705,2.40,5.00
2008.03.03 19:19:25.127,0.97015,0.9705,2.40,5.00
2008.03.03 19:19:25.461,0.97015,0.9705,2.40,5.00
2008.03.03 19:19:25.796,0.97015,0.9705,2.40,1.00
2008.03.03 19:19:26.129,0.97015,0.9705,2.40,1.00
2008.03.03 19:19:26.364,0.97015,0.9705,2.40,1.00
2008.03.03 19:19:26.598,0.97015,0.9705,2.40,5.00
2008.03.03 19:19:26.832,0.97015,0.9705,2.40,5.00
2008.03.03 19:19:27.068,0.97015,0.9705,2.40,1.00
2008.03.03 19:19:27.303,0.9702,0.9705,0.20,1.00
2008.03.03 19:19:27.602,0.9702,0.9705,0.20,1.00
2008.03.03 19:19:27.916,0.9702,0.9705,0.20,1.00
2008.03.03 19:19:28.215,0.9702,0.9705,0.20,1.00
2008.03.03 19:19:28.469,0.9702,0.9705,0.20,1.00
2008.03.03 19:19:28.724,0.97015,0.9705,2.40,5.00
2008.03.03 19:19:28.978,0.97015,0.9705,2.40,5.00
2008.03.03 19:19:29.234,0.97015,0.9705,2.40,5.00
2008.03.03 19:19:29.521,0.97015,0.9705,2.40,5.00
2008.03.03 19:19:29.811,0.97015,0.9705,2.40,5.00
2008.03.03 19:19:30.119,0.97015,0.9705,2.40,5.00
2008.03.03 19:19:30.390,0.97015,0.9705,2.40,5.00
2008.03.03 19:19:30.724,0.97015,0.9705,2.40,5.00
2008.03.03 19:19:31.057,0.97015,0.9705,2.40,5.00
2008.03.03 19:19:31.391,0.97015,0.9705,2.40,5.00
2008.03.03 19:19:31.636,0.97015,0.9705,2.40,1.00
2008.03.03 19:19:31.886,0.9702,0.9705,0.20,1.00
2008.03.03 19:19:32.112,0.9702,0.9705,0.20,1.00
2008.03.03 19:19:32.341,0.9702,0.9705,0.20,1.00
2008.03.03 19:19:32.674,0.9702,0.9705,0.20,1.00
2008.03.03 19:19:33.008,0.9702,0.9705,0.20,1.00
2008.03.03 19:19:33.344,0.9702,0.9705,0.20,1.00
2008.03.03 19:19:33.557,0.9702,0.9705,0.20,1.00
2008.03.03 19:19:33.769,0.9702,0.9705,0.20,1.00
2008.03.03 19:19:33.983,0.9702,0.9705,0.20,1.00
2008.03.03 19:19:34.196,0.9702,0.9705,0.20,1.00
2008.03.03 19:19:34.495,0.9702,0.9705,0.20,1.00
2008.03.03 19:19:34.797,0.9702,0.9705,0.20,1.00
2008.03.03 19:19:35.112,0.9702,0.9705,0.20,1.00
2008.03.03 19:19:35.394,0.9702,0.9705,0.20,1.00
2008.03.03 19:19:35.726,0.9702,0.9705,0.20,1.00
2008.03.03 19:19:36.061,0.9701,0.97045,0.20,4.00
2008.03.03 19:19:36.394,0.9701,0.97045,0.20,4.00
2008.03.03 19:19:36.632,0.9701,0.97045,0.20,4.00
2008.03.03 19:19:36.871,0.9701,0.97045,0.20,4.00
2008.03.03 19:19:37.110,0.9701,0.97045,0.20,4.00
2008.03.03 19:19:37.349,0.9701,0.97045,0.20,4.00
2008.03.03 19:19:37.658,0.9701,0.97045,0.20,4.00
2008.03.03 19:19:37.965,0.9701,0.97045,0.20,4.00
2008.03.03 19:19:38.273,0.9701,0.97045,0.20,4.00
2008.03.03 19:19:38.517,0.97,0.97035,4.10,2.40
2008.03.03 19:19:38.761,0.97,0.97035,0.20,2.40
2008.03.03 19:19:39.005,0.97,0.97035,0.30,2.40
2008.03.03 19:19:39.249,0.97,0.97035,0.30,2.40
2008.03.03 19:19:39.492,0.9701,0.97035,0.20,2.40
2008.03.03 19:19:39.796,0.9701,0.97035,0.20,2.40
2008.03.03 19:19:40.100,0.9701,0.97045,0.20,8.00
2008.03.03 19:19:40.404,0.9701,0.97035,0.20,1.60
2008.03.03 19:19:40.739,0.97005,0.9703,4.00,0.80
2008.03.03 19:19:41.073,0.97,0.97025,4.10,1.60
2008.03.03 19:19:41.406,0.97,0.97025,0.20,1.60
2008.03.03 19:19:41.641,0.97,0.97015,0.20,0.80
2008.03.03 19:19:41.876,0.97,0.97015,0.20,1.60
2008.03.03 19:19:42.110,0.96985,0.97015,2.40,1.60
2008.03.03 19:19:42.345,0.96985,0.97015,2.40,1.60
2008.03.03 19:19:42.659,0.96985,0.97015,2.40,1.60
2008.03.03 19:19:42.973,0.96985,0.97015,2.40,1.60
2008.03.03 19:19:43.304,0.96985,0.97015,2.40,0.80
2008.03.03 19:19:43.600,0.96985,0.97025,2.40,8.00
2008.03.03 19:19:43.849,0.96985,0.97025,2.40,8.00
2008.03.03 19:19:44.098,0.96985,0.97025,2.40,4.00
2008.03.03 19:19:44.347,0.96985,0.9702,2.40,0.80
2008.03.03 19:19:44.681,0.96985,0.9702,2.40,0.80
2008.03.03 19:19:45.014,0.96985,0.9702,2.40,0.80
2008.03.03 19:19:45.346,0.96985,0.9702,2.40,0.80
2008.03.03 19:19:45.594,0.96985,0.9702,2.40,0.80
2008.03.03 19:19:45.823,0.96985,0.9702,2.40,0.80
2008.03.03 19:19:46.052,0.96985,0.9702,2.40,0.80
2008.03.03 19:19:46.281,0.96985,0.9702,2.40,0.80
2008.03.03 19:19:46.508,0.96985,0.9702,2.40,0.80
2008.03.03 19:19:46.816,0.96985,0.97015,2.40,0.80
2008.03.03 19:19:47.131,0.96985,0.97005,2.40,1.60
2008.03.03 19:19:47.441,0.96975,0.96995,6.40,0.80
2008.03.03 19:19:47.705,0.96975,0.96995,2.40,0.80
2008.03.03 19:19:47.956,0.96975,0.97005,2.40,1.60
2008.03.03 19:19:48.199,0.96975,0.97005,2.40,1.60
2008.03.03 19:19:48.459,0.96975,0.97005,2.40,1.60
2008.03.03 19:19:48.750,0.96975,0.97005,2.40,1.60
2008.03.03 19:19:49.059,0.96975,0.97,2.40,0.80
2008.03.03 19:19:49.367,0.96975,0.97,2.40,0.80
2008.03.03 19:19:49.675,0.96975,0.97,2.40,0.80
2008.03.03 19:19:50.010,0.96975,0.97005,2.40,0.80
2008.03.03 19:19:50.343,0.96975,0.97005,2.40,1.60
2008.03.03 19:19:50.676,0.96975,0.97005,2.40,1.60
2008.03.03 19:19:50.894,0.96975,0.97005,2.40,1.60
2008.03.03 19:19:51.123,0.96975,0.97005,2.40,1.60
2008.03.03 19:19:51.341,0.96975,0.97005,2.40,1.60
2008.03.03 19:19:51.559,0.96975,0.97005,2.40,1.60
2008.03.03 19:19:51.852,0.96975,0.97005,2.40,1.60
2008.03.03 19:19:52.145,0.96975,0.97005,2.40,1.60
2008.03.03 19:19:52.438,0.96975,0.97005,2.40,1.60
2008.03.03 19:19:52.731,0.96975,0.97005,2.40,1.60
2008.03.03 19:19:52.994,0.96975,0.97005,2.40,1.60
2008.03.03 19:19:53.257,0.96975,0.97005,2.40,1.60
2008.03.03 19:19:53.522,0.96975,0.97005,2.40,1.60
2008.03.03 19:19:53.751,0.96975,0.97005,2.40,1.60
2008.03.03 19:19:53.975,0.96975,0.97005,2.40,1.60
2008.03.03 19:19:54.200,0.96975,0.97005,2.40,1.60
2008.03.03 19:19:54.423,0.96975,0.97005,2.40,1.60
2008.03.03 19:19:54.647,0.96975,0.97005,2.40,1.60
2008.03.03 19:19:54.998,0.96975,0.97005,2.40,1.60
2008.03.03 19:19:55.329,0.96975,0.97005,2.40,1.60
2008.03.03 19:19:55.663,0.96975,0.97005,2.40,1.60
2008.03.03 19:19:55.862,0.96975,0.97005,2.40,1.60
2008.03.03 19:19:56.062,0.96975,0.97005,2.40,1.60
2008.03.03 19:19:56.259,0.96975,0.97005,2.40,1.60
2008.03.03 19:19:56.459,0.96975,0.97005,2.40,1.60
2008.03.03 19:19:56.659,0.96975,0.97005,2.40,1.60
2008.03.03 19:19:56.992,0.96975,0.97005,2.40,1.60
2008.03.03 19:19:57.326,0.96975,0.97005,2.40,1.60
2008.03.03 19:19:57.674,0.96975,0.97005,2.40,1.60
2008.03.03 19:19:57.881,0.96975,0.97005,2.40,1.60
2008.03.03 19:19:58.090,0.96975,0.97005,2.40,1.60
2008.03.03 19:19:58.299,0.96975,0.97005,2.40,1.60
2008.03.03 19:19:58.507,0.96975,0.97005,2.40,1.60
2008.03.03 19:19:58.724,0.96975,0.97005,2.40,1.60
2008.03.03 19:19:59.053,0.96975,0.97005,2.40,1.60
2008.03.03 19:19:59.380,0.96975,0.97005,2.40,1.60
2008.03.03 19:19:59.709,0.96975,0.97005,2.40,1.60
2008.03.03 19:20:00.043,0.96975,0.97005,2.40,1.60
2008.03.03 19:20:00.376,0.96975,0.97005,2.40,1.60
2008.03.03 19:20:00.709,0.96975,0.97005,2.40,1.60
2008.03.03 19:20:01.043,0.96975,0.97005,2.40,1.60
2008.03.03 19:20:01.252,0.96975,0.97005,2.40,1.60
2008.03.03 19:20:01.460,0.96975,0.97005,2.40,1.60
2008.03.03 19:20:01.670,0.96975,0.97005,2.40,1.60
2008.03.03 19:20:01.877,0.96975,0.97005,2.40,1.60
2008.03.03 19:20:02.200,0.96975,0.97005,2.40,1.60
2008.03.03 19:20:02.526,0.96975,0.97005,2.40,1.60
2008.03.03 19:20:02.849,0.96975,0.97005,2.40,1.60
2008.03.03 19:20:03.072,0.96975,0.97005,2.40,1.60
2008.03.03 19:20:03.297,0.96975,0.97005,2.40,1.60
2008.03.03 19:20:03.521,0.96975,0.97005,2.40,1.60
2008.03.03 19:20:03.745,0.96975,0.97005,2.40,1.60
2008.03.03 19:20:04.057,0.96975,0.97005,2.40,1.60
2008.03.03 19:20:04.370,0.96975,0.97005,2.40,1.60
2008.03.03 19:20:04.683,0.96975,0.97005,2.40,1.60
2008.03.03 19:20:04.996,0.96975,0.97005,2.40,1.60
2008.03.03 19:20:05.324,0.96975,0.97005,2.40,1.60
2008.03.03 19:20:05.652,0.96975,0.97005,2.40,1.60
2008.03.03 19:20:05.981,0.96975,0.97005,2.40,1.60
2008.03.03 19:20:06.195,0.96975,0.97005,2.40,1.60
2008.03.03 19:20:06.423,0.96975,0.97005,2.40,1.60
2008.03.03 19:20:06.638,0.96975,0.97005,2.40,1.60
2008.03.03 19:20:06.852,0.96975,0.97005,2.40,1.60
2008.03.03 19:20:07.175,0.96975,0.97005,2.40,1.60
2008.03.03 19:20:07.500,0.96975,0.97005,2.40,1.60
2008.03.03 19:20:07.824,0.96975,0.97,2.40,0.80
2008.03.03 19:20:08.149,0.96975,0.97,2.40,0.80
2008.03.03 19:20:08.388,0.96975,0.97,2.40,0.80
2008.03.03 19:20:08.625,0.96975,0.97,2.40,0.80
2008.03.03 19:20:08.863,0.96975,0.97,2.40,0.80
2008.03.03 19:20:09.101,0.96975,0.97005,4.80,1.60
2008.03.03 19:20:09.382,0.96975,0.97005,2.40,1.60
2008.03.03 19:20:09.659,0.96975,0.97005,2.40,1.60
2008.03.03 19:20:09.938,0.96975,0.97005,2.40,1.60
2008.03.03 19:20:10.273,0.96975,0.97005,2.40,1.60
2008.03.03 19:20:10.613,0.96975,0.97005,2.40,1.60
2008.03.03 19:20:10.947,0.96975,0.97005,2.40,1.60
2008.03.03 19:20:11.165,0.96975,0.97005,2.40,1.60
2008.03.03 19:20:11.386,0.96975,0.97005,4.80,1.60
2008.03.03 19:20:11.605,0.96975,0.97015,4.80,4.00
2008.03.03 19:20:11.825,0.9698,0.97015,0.20,4.00
2008.03.03 19:20:12.046,0.96985,0.9702,2.40,4.80
2008.03.03 19:20:12.380,0.96985,0.9702,2.40,0.80
2008.03.03 19:20:12.714,0.96985,0.9702,2.40,0.80
2008.03.03 19:20:13.048,0.96985,0.9702,2.40,0.80
2008.03.03 19:20:13.288,0.96985,0.9702,2.40,0.80
2008.03.03 19:20:13.527,0.96985,0.9702,2.40,0.80
2008.03.03 19:20:13.765,0.96985,0.9702,2.40,0.80
2008.03.03 19:20:14.005,0.96985,0.9702,2.40,0.80
2008.03.03 19:20:14.338,0.96985,0.9702,2.40,0.80
2008.03.03 19:20:14.672,0.96985,0.9702,2.40,0.80
2008.03.03 19:20:15.006,0.96985,0.9702,2.40,0.80
2008.03.03 19:20:15.330,0.96985,0.97015,2.40,1.60
2008.03.03 19:20:15.653,0.96985,0.97015,2.40,1.60
2008.03.03 19:20:15.977,0.96985,0.97015,2.40,1.60
2008.03.03 19:20:16.202,0.96985,0.97015,2.40,1.60
2008.03.03 19:20:16.445,0.96985,0.97015,2.40,1.60
2008.03.03 19:20:16.650,0.96985,0.97015,2.40,1.60
2008.03.03 19:20:16.876,0.96985,0.97015,2.40,0.80
2008.03.03 19:20:17.100,0.96985,0.9702,2.40,0.80
2008.03.03 19:20:17.410,0.96985,0.97015,2.40,1.60
2008.03.03 19:20:17.719,0.96985,0.97015,4.80,0.80
2008.03.03 19:20:18.028,0.9699,0.9702,0.20,0.80
2008.03.03 19:20:18.298,0.9699,0.9702,0.20,0.80
2008.03.03 19:20:18.566,0.9699,0.9702,0.20,0.80
2008.03.03 19:20:18.835,0.9699,0.9702,0.20,0.80
2008.03.03 19:20:19.118,0.9699,0.9702,0.20,0.80
2008.03.03 19:20:19.373,0.9699,0.9702,0.20,0.80
2008.03.03 19:20:19.622,0.9699,0.9702,0.20,0.80
2008.03.03 19:20:19.872,0.9699,0.9702,0.20,0.80
2008.03.03 19:20:20.120,0.9699,0.9702,0.20,0.80
2008.03.03 19:20:20.454,0.9699,0.9702,0.20,0.80
2008.03.03 19:20:20.788,0.9699,0.9702,0.20,0.80
2008.03.03 19:20:21.122,0.9699,0.9702,0.20,0.80
2008.03.03 19:20:21.341,0.9699,0.9702,0.20,0.80
2008.03.03 19:20:21.559,0.9699,0.9702,0.20,0.80
2008.03.03 19:20:21.776,0.9699,0.9702,0.20,0.80
2008.03.03 19:20:21.997,0.9699,0.9702,0.20,0.80
2008.03.03 19:20:22.217,0.96985,0.9702,6.40,0.80
2008.03.03 19:20:22.539,0.96985,0.9702,6.40,0.80
2008.03.03 19:20:22.855,0.96985,0.97015,2.40,0.80
2008.03.03 19:20:23.174,0.96985,0.97015,2.40,1.60
2008.03.03 19:20:23.429,0.96985,0.97015,2.40,1.60
2008.03.03 19:20:23.691,0.96985,0.97015,2.40,1.60
2008.03.03 19:20:23.915,0.96985,0.97015,2.40,1.60
2008.03.03 19:20:24.160,0.96985,0.97015,2.40,1.60
2008.03.03 19:20:24.449,0.96985,0.97015,2.40,1.60
2008.03.03 19:20:24.737,0.96985,0.97015,2.40,1.60
2008.03.03 19:20:25.024,0.96985,0.97015,2.40,1.60
2008.03.03 19:20:25.313,0.96985,0.97015,2.40,1.60
2008.03.03 19:20:25.646,0.96985,0.97015,2.40,1.60
2008.03.03 19:20:25.980,0.96985,0.9702,2.40,1.00
2008.03.03 19:20:26.315,0.96985,0.9702,2.40,0.80
2008.03.03 19:20:26.543,0.96985,0.9702,4.80,0.80
2008.03.03 19:20:26.789,0.96985,0.9702,4.80,0.80
2008.03.03 19:20:27.002,0.9699,0.97025,0.10,3.20
2008.03.03 19:20:27.231,0.96995,0.9703,2.40,0.80
2008.03.03 19:20:27.459,0.96995,0.9703,2.40,0.80
2008.03.03 19:20:27.773,0.97,0.9703,0.20,0.80
2008.03.03 19:20:28.101,0.97,0.9703,0.30,0.80
2008.03.03 19:20:28.415,0.97,0.9703,0.20,0.80
2008.03.03 19:20:28.669,0.96995,0.97025,6.40,1.60
2008.03.03 19:20:28.940,0.96995,0.97025,6.40,1.60
2008.03.03 19:20:29.195,0.9699,0.97015,4.10,0.80
2008.03.03 19:20:29.450,0.9699,0.9702,4.10,0.80
2008.03.03 19:20:29.744,0.9699,0.9702,0.20,0.80
2008.03.03 19:20:30.037,0.9699,0.9702,0.20,0.80
2008.03.03 19:20:30.349,0.9699,0.97025,0.20,4.00
2008.03.03 19:20:30.681,0.9699,0.97025,0.20,4.00
2008.03.03 19:20:31.015,0.9699,0.97025,0.20,4.00
2008.03.03 19:20:31.348,0.9699,0.97025,0.20,4.00
2008.03.03 19:20:31.567,0.9699,0.97025,0.20,4.00
2008.03.03 19:20:31.779,0.96995,0.97025,2.40,1.60
2008.03.03 19:20:31.993,0.96995,0.97025,2.40,1.60
2008.03.03 19:20:32.207,0.96995,0.97025,2.40,1.60
2008.03.03 19:20:34.082,0.96995,0.97025,2.40,1.60
2008.03.03 19:20:34.127,0.96995,0.97025,2.40,0.80
2008.03.03 19:20:34.189,0.96995,0.9703,2.40,0.80
2008.03.03 19:20:34.215,0.96995,0.9703,2.40,0.80
2008.03.03 19:20:34.249,0.96995,0.9703,2.40,0.80
2008.03.03 19:20:34.308,0.96995,0.9703,2.40,0.80
2008.03.03 19:20:34.338,0.96995,0.9703,2.40,0.80
2008.03.03 19:20:34.392,0.96995,0.9703,2.40,0.80
2008.03.03 19:20:34.420,0.96995,0.9703,2.40,0.80
2008.03.03 19:20:34.467,0.96995,0.9703,2.40,0.80
2008.03.03 19:20:34.494,0.96995,0.9703,2.40,0.80
2008.03.03 19:20:34.522,0.96995,0.9703,2.40,0.80
2008.03.03 19:20:34.566,0.96995,0.9703,2.40,0.80
2008.03.03 19:20:34.593,0.96995,0.9703,2.40,0.80
2008.03.03 19:20:34.620,0.96995,0.9703,2.40,0.80
2008.03.03 19:20:34.657,0.96995,0.9703,2.40,0.80
2008.03.03 19:20:34.679,0.96995,0.9703,2.40,0.80
2008.03.03 19:20:34.727,0.96995,0.9703,2.40,0.80
2008.03.03 19:20:34.759,0.96995,0.9703,2.40,0.80
2008.03.03 19:20:34.802,0.96995,0.9703,2.40,0.80
2008.03.03 19:20:34.835,0.96995,0.9703,2.40,0.80
2008.03.03 19:20:34.864,0.96995,0.9703,2.40,0.80
2008.03.03 19:20:34.907,0.96995,0.9703,2.40,0.80
2008.03.03 19:20:34.935,0.96995,0.9703,2.40,0.80
2008.03.03 19:20:34.988,0.96995,0.9703,2.40,0.80
2008.03.03 19:20:35.015,0.96995,0.9703,2.40,0.80
2008.03.03 19:20:35.044,0.96995,0.9703,2.40,0.80
2008.03.03 19:20:35.090,0.96995,0.9703,2.40,0.80
2008.03.03 19:20:35.117,0.96995,0.9703,2.40,0.80
2008.03.03 19:20:35.455,0.96995,0.9703,2.40,0.80
2008.03.03 19:20:35.810,0.96995,0.9703,2.40,0.80
2008.03.03 19:20:36.159,0.96995,0.9703,2.40,0.80
2008.03.03 19:20:36.390,0.96995,0.9703,2.40,0.80
2008.03.03 19:20:36.619,0.96995,0.9703,2.40,0.80
2008.03.03 19:20:36.849,0.96995,0.9703,2.40,0.80
2008.03.03 19:20:37.080,0.96995,0.9703,2.40,0.80
2008.03.03 19:20:37.326,0.96995,0.9703,2.40,0.80
2008.03.03 19:20:37.656,0.96995,0.9703,2.40,0.80
2008.03.03 19:20:37.984,0.96995,0.9703,2.40,0.80
2008.03.03 19:20:38.312,0.96995,0.9703,2.40,0.80
2008.03.03 19:20:38.506,0.96995,0.9703,2.40,0.80
2008.03.03 19:20:38.707,0.96995,0.9703,2.40,0.80
2008.03.03 19:20:38.901,0.96995,0.9703,2.40,0.80
2008.03.03 19:20:39.094,0.96995,0.9703,2.40,0.80
2008.03.03 19:20:39.288,0.96995,0.9703,2.40,1.00
2008.03.03 19:20:39.623,0.96995,0.9703,2.40,0.80
2008.03.03 19:20:39.957,0.96995,0.9703,2.40,0.80
2008.03.03 19:20:40.289,0.96995,0.9703,2.40,0.80
2008.03.03 19:20:40.623,0.96995,0.9703,2.40,0.80
2008.03.03 19:20:40.956,0.96995,0.9703,2.40,0.80
2008.03.03 19:20:41.290,0.96995,0.9703,2.40,0.80
2008.03.03 19:20:41.515,0.9701,0.97035,0.20,3.20
2008.03.03 19:20:41.740,0.9701,0.9704,0.20,4.00
2008.03.03 19:20:41.963,0.9701,0.9704,0.20,0.80
2008.03.03 19:20:42.188,0.97005,0.9704,6.40,0.80
2008.03.03 19:20:42.412,0.97005,0.97045,2.40,4.00
2008.03.03 19:20:42.747,0.97015,0.97045,0.10,2.40
2008.03.03 19:20:43.081,0.9701,0.97045,4.00,2.40
2008.03.03 19:20:43.415,0.9701,0.97045,0.10,2.40
2008.03.03 19:20:43.662,0.9701,0.97045,0.10,2.40
2008.03.03 19:20:43.911,0.9701,0.97045,0.10,2.40
2008.03.03 19:20:44.162,0.9701,0.97045,0.10,2.40
2008.03.03 19:20:44.411,0.9701,0.97045,0.10,2.40
2008.03.03 19:20:44.681,0.9701,0.97045,0.10,2.40
2008.03.03 19:20:44.948,0.9701,0.97045,0.10,2.40
2008.03.03 19:20:45.217,0.9701,0.97045,0.10,2.40
2008.03.03 19:20:45.485,0.9701,0.97045,0.10,2.40
2008.03.03 19:20:45.819,0.9701,0.97045,0.10,2.40
2008.03.03 19:20:46.153,0.9701,0.97045,0.10,2.40
2008.03.03 19:20:46.503,0.9701,0.97045,0.10,2.40
2008.03.03 19:20:46.723,0.97015,0.9705,2.40,0.80
2008.03.03 19:20:46.940,0.97015,0.9705,2.40,0.80
2008.03.03 19:20:47.160,0.97015,0.9705,2.40,0.80
2008.03.03 19:20:47.378,0.97015,0.9705,2.40,0.80
2008.03.03 19:20:47.596,0.97015,0.97055,2.40,3.20
2008.03.03 19:20:47.930,0.97015,0.97055,2.40,4.00
2008.03.03 19:20:48.263,0.97015,0.9705,2.40,0.80
2008.03.03 19:20:48.597,0.97015,0.9705,2.40,0.80
2008.03.03 19:20:48.821,0.97015,0.97055,2.40,4.00
2008.03.03 19:20:49.044,0.97015,0.97055,2.40,4.00
2008.03.03 19:20:49.267,0.97015,0.97055,2.40,4.00
2008.03.03 19:20:49.490,0.9702,0.97055,0.10,8.00
2008.03.03 19:20:51.874,0.9702,0.97055,0.10,8.00
2008.03.03 19:20:52.130,0.9702,0.97055,0.10,4.00
2008.03.03 19:20:52.174,0.9702,0.97055,0.10,4.00
2008.03.03 19:20:52.219,0.9702,0.97055,0.10,4.00
2008.03.03 19:20:52.262,0.9702,0.97055,0.10,4.00
2008.03.03 19:20:53.370,0.9702,0.97055,0.10,4.00
2008.03.03 19:20:53.704,0.97015,0.97055,2.40,4.00
2008.03.03 19:20:54.037,0.9702,0.97055,0.10,4.00
2008.03.03 19:20:54.373,0.9702,0.97055,0.10,4.00
2008.03.03 19:20:54.660,0.9702,0.97055,0.10,4.00
2008.03.03 19:20:54.948,0.9702,0.97055,0.10,4.00
2008.03.03 19:20:55.237,0.9702,0.97055,0.10,4.00
2008.03.03 19:20:55.526,0.9702,0.97055,0.10,4.00
2008.03.03 19:20:55.844,0.9702,0.97055,0.10,4.00
2008.03.03 19:20:56.163,0.9702,0.97055,0.10,4.00
2008.03.03 19:20:56.481,0.9702,0.97055,0.10,4.00
2008.03.03 19:20:56.689,0.97015,0.97055,2.40,4.00
2008.03.03 19:20:56.898,0.97015,0.97055,2.40,4.00
2008.03.03 19:20:57.107,0.97015,0.97055,2.40,4.00
2008.03.03 19:20:57.315,0.97015,0.97055,2.40,4.00
2008.03.03 19:20:57.525,0.97015,0.97055,2.40,4.80
2008.03.03 19:20:57.859,0.97015,0.9705,2.40,0.80
2008.03.03 19:20:58.193,0.9701,0.9705,4.20,0.80
2008.03.03 19:20:58.528,0.97015,0.9705,0.10,0.80
2008.03.03 19:20:58.861,0.97015,0.97055,2.40,4.00
2008.03.03 19:20:59.095,0.97015,0.97055,2.40,4.00
2008.03.03 19:20:59.347,0.97015,0.97055,4.80,4.00
2008.03.03 19:20:59.581,0.97025,0.97055,0.10,4.00
2008.03.03 19:20:59.915,0.97025,0.97055,0.10,3.20
2008.03.03 19:21:00.265,0.97025,0.9706,2.40,0.80
2008.03.03 19:21:00.616,0.97025,0.9706,2.40,0.80
2008.03.03 19:21:00.832,0.97025,0.9706,2.40,0.80
2008.03.03 19:21:01.065,0.97025,0.9706,2.40,0.80
2008.03.03 19:21:01.298,0.97025,0.9706,2.40,0.80
2008.03.03 19:21:01.533,0.97025,0.9706,2.40,0.80
2008.03.03 19:21:01.785,0.9702,0.97055,0.30,3.20
2008.03.03 19:21:02.062,0.9702,0.97055,0.30,4.00
2008.03.03 19:21:02.355,0.9702,0.97055,0.30,4.00
2008.03.03 19:21:02.649,0.9702,0.97055,0.30,4.00
2008.03.03 19:21:02.913,0.9702,0.97055,0.30,4.00
2008.03.03 19:21:03.177,0.9702,0.97055,0.30,4.00
2008.03.03 19:21:03.439,0.9702,0.97055,0.30,4.00
2008.03.03 19:21:03.703,0.9702,0.97055,0.30,4.00
2008.03.03 19:21:06.113,0.97015,0.97045,2.40,0.80
2008.03.03 19:21:06.184,0.97015,0.97045,2.40,1.60
2008.03.03 19:21:06.224,0.97015,0.97045,2.40,1.60
2008.03.03 19:21:06.280,0.97015,0.97045,2.40,1.60
2008.03.03 19:21:06.317,0.97015,0.97045,2.40,1.60
2008.03.03 19:21:06.362,0.97015,0.97045,2.40,1.60
2008.03.03 19:21:06.399,0.97015,0.97045,2.40,1.60
2008.03.03 19:21:06.453,0.97015,0.97045,2.40,1.60
2008.03.03 19:21:06.491,0.97015,0.97045,2.40,1.60
2008.03.03 19:21:06.529,0.97015,0.97045,2.40,1.60
2008.03.03 19:21:06.573,0.97015,0.97045,2.40,1.60
2008.03.03 19:21:06.611,0.97015,0.97045,2.40,1.60
2008.03.03 19:21:06.663,0.97015,0.97045,2.40,1.60
2008.03.03 19:21:06.701,0.97015,0.97045,0.10,4.00
2008.03.03 19:21:06.758,0.97015,0.97045,0.10,4.00
2008.03.03 19:21:06.796,0.97015,0.97045,0.10,4.00
2008.03.03 19:21:06.836,0.97015,0.97045,0.10,4.00
2008.03.03 19:21:06.881,0.97015,0.97045,0.10,4.00
2008.03.03 19:21:06.933,0.97015,0.97045,0.10,4.00
2008.03.03 19:21:06.982,0.97015,0.97045,0.10,4.00
2008.03.03 19:21:07.034,0.97015,0.97045,0.10,4.00
2008.03.03 19:21:07.055,0.97015,0.97045,0.10,4.00
2008.03.03 19:21:07.095,0.97015,0.97045,0.10,4.00
2008.03.03 19:21:07.429,0.97015,0.97045,0.10,4.00
2008.03.03 19:21:07.769,0.97015,0.97045,0.10,4.00
2008.03.03 19:21:08.120,0.97015,0.97045,0.10,4.00
2008.03.03 19:21:08.358,0.97015,0.97045,0.10,4.00
2008.03.03 19:21:08.587,0.97005,0.97045,6.40,4.00
2008.03.03 19:21:08.826,0.97005,0.97035,4.00,2.40
2008.03.03 19:21:09.062,0.97005,0.97035,4.00,2.40
2008.03.03 19:21:09.300,0.97,0.97035,0.30,2.40
2008.03.03 19:21:09.637,0.97,0.97035,0.30,2.40
2008.03.03 19:21:09.987,0.97,0.97035,0.30,2.40
2008.03.03 19:21:10.337,0.97,0.97035,0.30,2.40
2008.03.03 19:21:10.656,0.97,0.97035,0.30,2.40
2008.03.03 19:21:10.974,0.97,0.97035,0.30,2.40
2008.03.03 19:21:11.293,0.97,0.97035,0.30,2.40
2008.03.03 19:21:11.530,0.97,0.97035,0.30,2.40
2008.03.03 19:21:11.768,0.97,0.97035,0.30,2.40
2008.03.03 19:21:12.014,0.97,0.97035,0.30,2.40
2008.03.03 19:21:12.252,0.97,0.97035,0.30,2.40
2008.03.03 19:21:12.492,0.97,0.97035,0.30,2.40
2008.03.03 19:21:12.789,0.97,0.97035,0.30,2.40
2008.03.03 19:21:13.088,0.97,0.97035,0.30,2.40
2008.03.03 19:21:13.387,0.97,0.97035,0.30,2.40
2008.03.03 19:21:13.628,0.97,0.97035,0.30,2.40
2008.03.03 19:21:13.852,0.97,0.97035,0.30,2.40
2008.03.03 19:21:14.076,0.97,0.97035,0.30,2.40
2008.03.03 19:21:14.301,0.97,0.97035,0.30,3.20
2008.03.03 19:21:14.541,0.97,0.97035,0.30,3.20
2008.03.03 19:21:14.865,0.97,0.97035,0.30,4.00
2008.03.03 19:21:15.202,0.97005,0.97035,0.10,3.20
2008.03.03 19:21:15.537,0.97005,0.9704,2.40,0.80
2008.03.03 19:21:15.870,0.97005,0.9704,2.40,0.80
2008.03.03 19:21:16.207,0.97005,0.9704,2.40,0.80
2008.03.03 19:21:16.540,0.97005,0.9704,2.40,0.80
2008.03.03 19:21:16.778,0.97005,0.9704,2.40,0.80
2008.03.03 19:21:17.017,0.97005,0.9704,2.40,0.80
2008.03.03 19:21:17.256,0.97005,0.9704,2.40,0.80
2008.03.03 19:21:17.494,0.97005,0.97045,2.40,8.00
2008.03.03 19:21:17.809,0.97005,0.97045,2.40,8.00
2008.03.03 19:21:18.131,0.97005,0.97045,2.40,8.00
2008.03.03 19:21:18.435,0.97005,0.97045,2.40,8.00
2008.03.03 19:21:18.694,0.97005,0.97045,2.40,8.00
2008.03.03 19:21:18.957,0.97005,0.97045,2.40,8.00
2008.03.03 19:21:19.215,0.97005,0.97045,2.40,8.00
2008.03.03 19:21:19.485,0.97005,0.97045,2.40,8.00
2008.03.03 19:21:19.756,0.97005,0.97045,2.40,8.00
2008.03.03 19:21:19.994,0.97005,0.97045,2.40,8.00
2008.03.03 19:21:20.247,0.97005,0.97045,2.40,8.00
2008.03.03 19:21:20.500,0.97005,0.97045,2.40,8.00
2008.03.03 19:21:20.835,0.97005,0.97045,2.40,8.00
2008.03.03 19:21:21.169,0.9701,0.97045,0.10,8.00
2008.03.03 19:21:21.505,0.9701,0.97045,0.10,8.00
2008.03.03 19:21:21.738,0.9701,0.97045,0.30,8.00
2008.03.03 19:21:21.988,0.9701,0.97045,0.30,4.00
2008.03.03 19:21:22.206,0.9701,0.97045,0.30,4.00
2008.03.03 19:21:22.439,0.9701,0.97045,0.30,4.00
2008.03.03 19:21:22.674,0.9701,0.97045,0.30,4.00
2008.03.03 19:21:22.983,0.9701,0.97045,0.30,4.00
2008.03.03 19:21:23.291,0.9701,0.97045,0.30,4.00
2008.03.03 19:21:23.599,0.9701,0.97045,0.30,4.00
2008.03.03 19:21:23.863,0.9701,0.97045,0.30,4.00
2008.03.03 19:21:24.142,0.9701,0.97045,0.30,4.00
2008.03.03 19:21:24.405,0.9701,0.97045,0.30,4.00
2008.03.03 19:21:24.670,0.9701,0.97045,0.30,4.00
2008.03.03 19:21:25.004,0.9701,0.97045,0.30,4.00
2008.03.03 19:21:25.337,0.9701,0.97045,0.30,4.00
2008.03.03 19:21:25.671,0.9701,0.97045,0.30,4.00
2008.03.03 19:21:25.874,0.9701,0.97045,0.30,4.00
2008.03.03 19:21:26.078,0.9701,0.97045,0.30,4.00
2008.03.03 19:21:26.299,0.9701,0.97045,0.30,4.00
2008.03.03 19:21:26.505,0.9701,0.97045,0.30,4.00
2008.03.03 19:21:26.709,0.9701,0.97045,0.30,4.00
2008.03.03 19:21:27.043,0.9701,0.97045,0.30,4.00
2008.03.03 19:21:27.377,0.9701,0.97045,0.20,4.00
2008.03.03 19:21:27.710,0.9701,0.97045,0.20,4.00
2008.03.03 19:21:27.947,0.9701,0.97045,0.20,4.00
2008.03.03 19:21:28.158,0.9701,0.97045,0.20,4.00
2008.03.03 19:21:28.381,0.9701,0.97045,0.20,4.00
2008.03.03 19:21:28.618,0.9701,0.97045,0.20,4.00
2008.03.03 19:21:28.951,0.9701,0.97045,0.20,4.00
2008.03.03 19:21:29.269,0.9701,0.97045,0.20,4.00
2008.03.03 19:21:29.588,0.9701,0.97045,0.20,4.00
2008.03.03 19:21:29.907,0.9701,0.97045,0.20,4.00
2008.03.03 19:21:30.241,0.9701,0.97045,0.20,4.00
2008.03.03 19:21:30.575,0.9701,0.97045,0.20,4.00
2008.03.03 19:21:30.908,0.9701,0.97045,0.20,4.00
2008.03.03 19:21:31.141,0.9701,0.97045,0.20,4.00
2008.03.03 19:21:31.374,0.9701,0.97045,0.20,4.00
2008.03.03 19:21:31.627,0.97005,0.97035,6.40,0.80
2008.03.03 19:21:31.877,0.97005,0.97035,6.40,1.60
2008.03.03 19:21:32.177,0.97005,0.97035,2.40,1.60
2008.03.03 19:21:32.478,0.97,0.97035,4.00,4.00
2008.03.03 19:21:32.797,0.97,0.97035,0.10,4.00
2008.03.03 19:21:33.056,0.97,0.97035,0.10,4.00
2008.03.03 19:21:33.314,0.97,0.97035,0.10,4.00
2008.03.03 19:21:33.574,0.97,0.97035,0.10,4.00
2008.03.03 19:21:33.833,0.97,0.97035,4.00,4.00
2008.03.03 19:21:34.113,0.97005,0.97035,0.10,4.00
2008.03.03 19:21:34.394,0.97005,0.97035,0.10,4.00
2008.03.03 19:21:34.673,0.97005,0.97035,0.10,4.00
2008.03.03 19:21:34.951,0.97005,0.97035,0.10,4.00
2008.03.03 19:21:35.285,0.97005,0.97035,0.10,4.00
2008.03.03 19:21:35.619,0.97005,0.97035,0.10,4.00
2008.03.03 19:21:35.954,0.97005,0.97035,0.10,4.00
2008.03.03 19:21:36.208,0.97005,0.97035,0.10,4.00
2008.03.03 19:21:36.446,0.97005,0.97035,0.10,4.00
2008.03.03 19:21:36.686,0.97,0.97035,4.10,4.00
2008.03.03 19:21:36.924,0.97,0.97035,0.20,4.00
2008.03.03 19:21:37.213,0.97,0.97035,0.20,4.00
2008.03.03 19:21:37.503,0.97,0.97035,0.20,4.00
2008.03.03 19:21:37.794,0.96995,0.97025,6.40,0.80
2008.03.03 19:21:38.084,0.96995,0.9703,2.40,0.80
2008.03.03 19:21:38.354,0.96995,0.9703,2.40,0.80
2008.03.03 19:21:38.635,0.96995,0.9703,2.40,1.00
2008.03.03 19:21:38.920,0.96995,0.97025,2.40,0.80
2008.03.03 19:21:39.183,0.96995,0.97025,2.40,1.60
2008.03.03 19:21:39.447,0.96995,0.97025,2.40,1.60
2008.03.03 19:21:39.711,0.96995,0.97025,2.40,1.60
2008.03.03 19:21:39.975,0.96995,0.97025,2.40,1.60
2008.03.03 19:21:40.309,0.96995,0.97025,2.40,1.60
2008.03.03 19:21:40.642,0.96995,0.97025,2.40,1.60
2008.03.03 19:21:40.974,0.96995,0.97025,2.40,1.60
2008.03.03 19:21:41.195,0.96995,0.97025,2.40,1.60
2008.03.03 19:21:41.412,0.96995,0.97025,2.40,1.60
2008.03.03 19:21:41.630,0.96995,0.97025,2.40,1.60
2008.03.03 19:21:41.848,0.96995,0.97025,2.40,1.60
2008.03.03 19:21:42.083,0.96995,0.97025,2.40,1.60
2008.03.03 19:21:42.410,0.96995,0.97025,2.40,1.60
2008.03.03 19:21:42.738,0.96995,0.97025,2.40,1.60
2008.03.03 19:21:43.067,0.96995,0.97025,2.40,1.60
2008.03.03 19:21:43.276,0.96995,0.97025,2.40,1.60
2008.03.03 19:21:43.486,0.96995,0.9702,2.40,0.80
2008.03.03 19:21:43.694,0.96995,0.9702,2.40,0.80
2008.03.03 19:21:43.903,0.96995,0.9702,2.40,0.80
2008.03.03 19:21:44.111,0.96995,0.9702,2.40,0.80
2008.03.03 19:21:44.440,0.96995,0.9702,2.40,0.80
2008.03.03 19:21:44.769,0.96995,0.9702,2.40,0.80
2008.03.03 19:21:45.098,0.96995,0.9702,2.40,0.80
2008.03.03 19:21:45.436,0.96995,0.9702,2.40,0.80
2008.03.03 19:21:45.787,0.96995,0.9702,2.40,0.80
2008.03.03 19:21:46.105,0.96995,0.97015,2.40,1.60
2008.03.03 19:21:46.319,0.96995,0.97015,2.40,1.60
2008.03.03 19:21:46.532,0.96995,0.97015,2.40,1.60
2008.03.03 19:21:46.746,0.9699,0.97015,0.30,1.60
2008.03.03 19:21:46.960,0.9699,0.97015,0.30,1.60
2008.03.03 19:21:47.174,0.9699,0.97015,0.30,1.60
2008.03.03 19:21:47.493,0.9699,0.97015,0.30,1.60
2008.03.03 19:21:47.812,0.9699,0.97015,0.30,1.60
2008.03.03 19:21:48.130,0.9699,0.97015,0.30,1.60
2008.03.03 19:21:48.354,0.9699,0.97015,0.30,1.60
2008.03.03 19:21:48.577,0.9699,0.97015,0.30,1.60
2008.03.03 19:21:48.801,0.9699,0.97015,0.30,1.60
2008.03.03 19:21:49.025,0.9699,0.97015,0.30,1.60
2008.03.03 19:21:49.249,0.96995,0.97015,2.40,1.60
2008.03.03 19:21:49.571,0.97005,0.97015,0.10,1.60
2008.03.03 19:21:49.856,0.97005,0.97015,0.10,1.60
2008.03.03 19:21:50.160,0.97005,0.97015,0.10,1.60
2008.03.03 19:21:50.493,0.97005,0.97015,0.10,1.60
2008.03.03 19:21:50.826,0.97005,0.97015,0.10,1.60
2008.03.03 19:21:51.159,0.97005,0.97015,0.10,1.60
2008.03.03 19:21:51.373,0.97005,0.97015,0.10,1.60
2008.03.03 19:21:51.586,0.97005,0.97015,0.10,1.60
2008.03.03 19:21:51.800,0.97005,0.97015,0.10,1.60
2008.03.03 19:21:52.031,0.97005,0.97015,0.10,0.80
2008.03.03 19:21:52.244,0.97005,0.97015,0.10,0.80
2008.03.03 19:21:52.553,0.97005,0.97015,0.10,1.60
2008.03.03 19:21:52.861,0.97005,0.97015,0.10,1.60
2008.03.03 19:21:53.170,0.97005,0.97015,0.10,0.80
2008.03.03 19:21:53.481,0.97,0.97015,0.10,1.60
2008.03.03 19:21:53.703,0.97,0.97015,0.10,1.60
2008.03.03 19:21:53.927,0.97,0.97015,0.10,1.60
2008.03.03 19:21:54.151,0.97,0.97015,0.10,1.60
2008.03.03 19:21:54.392,0.97,0.97015,0.10,1.60
2008.03.03 19:21:54.709,0.97,0.97015,0.10,1.60
2008.03.03 19:21:55.042,0.97,0.97015,0.10,1.60
2008.03.03 19:21:55.378,0.97005,0.97015,0.10,1.60
2008.03.03 19:21:55.687,0.97005,0.97015,0.10,1.60
2008.03.03 19:21:55.995,0.97005,0.97015,0.10,1.60
2008.03.03 19:21:56.307,0.97,0.97015,0.10,1.60
2008.03.03 19:21:56.553,0.97,0.97015,0.10,4.80
2008.03.03 19:21:56.798,0.96995,0.9701,0.10,0.80
2008.03.03 19:21:57.043,0.96995,0.9701,0.10,0.80
2008.03.03 19:21:57.288,0.96995,0.97005,0.10,0.80
2008.03.03 19:21:57.500,0.96995,0.97005,0.10,1.60
2008.03.03 19:21:57.828,0.96995,0.97005,0.10,1.60
2008.03.03 19:21:58.156,0.96995,0.97005,0.10,1.60
2008.03.03 19:21:58.486,0.96995,0.97005,0.10,1.60
2008.03.03 19:21:58.724,0.96985,0.97005,2.40,1.60
2008.03.03 19:21:58.964,0.9699,0.97,0.10,0.80
2008.03.03 19:21:59.204,0.9699,0.9701,0.10,0.80
2008.03.03 19:21:59.444,0.9699,0.9701,0.10,0.80
2008.03.03 19:21:59.769,0.96995,0.9701,0.10,0.80
2008.03.03 19:22:00.093,0.96995,0.9701,0.10,0.80
2008.03.03 19:22:00.418,0.96995,0.97,0.10,0.80
2008.03.03 19:22:00.751,0.96985,0.97,0.10,0.80
2008.03.03 19:22:01.086,0.96985,0.97005,0.10,0.80
2008.03.03 19:22:01.419,0.9699,0.9701,0.10,0.80
2008.03.03 19:22:01.643,0.9699,0.97005,0.10,1.60
2008.03.03 19:22:01.869,0.9699,0.97005,0.10,1.60
2008.03.03 19:22:02.112,0.9699,0.97005,0.10,1.60
2008.03.03 19:22:02.350,0.96985,0.96995,0.10,0.80
2008.03.03 19:22:02.680,0.9698,0.96985,0.10,1.60
2008.03.03 19:22:02.994,0.9698,0.97005,0.10,2.40
2008.03.03 19:22:03.327,0.9697,0.96985,0.10,0.80
2008.03.03 19:22:03.640,0.9698,0.96995,0.10,0.80
2008.03.03 19:22:03.885,0.9698,0.9699,0.10,0.80
2008.03.03 19:22:04.129,0.9698,0.9699,0.10,0.80
2008.03.03 19:22:04.373,0.9698,0.9699,0.10,0.80
2008.03.03 19:22:04.693,0.9698,0.97,0.10,0.80
2008.03.03 19:22:05.013,0.9698,0.97005,0.10,4.00
2008.03.03 19:22:05.348,0.96985,0.97005,0.10,4.00
2008.03.03 19:22:05.680,0.96985,0.97005,0.10,4.00
2008.03.03 19:22:06.020,0.9699,0.97005,0.10,3.20
2008.03.03 19:22:06.355,0.96985,0.9701,0.10,0.80
2008.03.03 19:22:06.610,0.96985,0.9701,0.10,0.80
2008.03.03 19:22:06.849,0.96985,0.9701,0.10,0.80
2008.03.03 19:22:07.088,0.96985,0.9701,0.10,0.80
2008.03.03 19:22:07.327,0.96985,0.97005,0.10,0.80
2008.03.03 19:22:07.565,0.96985,0.97005,0.10,1.60
2008.03.03 19:22:07.869,0.96985,0.97,0.10,0.80
2008.03.03 19:22:08.174,0.96975,0.97,4.80,0.80
2008.03.03 19:22:08.483,0.96975,0.96995,0.10,0.80
2008.03.03 19:22:08.744,0.9697,0.9699,0.10,0.80
2008.03.03 19:22:08.989,0.9697,0.9699,0.10,0.80
2008.03.03 19:22:09.233,0.96965,0.9699,0.10,0.80
2008.03.03 19:22:09.477,0.96965,0.9699,0.10,0.80
2008.03.03 19:22:09.770,0.9696,0.9699,0.10,0.80
2008.03.03 19:22:10.064,0.9696,0.9699,0.10,0.80
2008.03.03 19:22:10.358,0.9696,0.9699,0.10,0.80
2008.03.03 19:22:10.651,0.9696,0.96985,0.10,1.60
2008.03.03 19:22:10.985,0.9696,0.96985,0.10,1.60
2008.03.03 19:22:11.318,0.9696,0.96985,0.10,1.60
2008.03.03 19:22:11.652,0.9696,0.96985,0.10,1.60
2008.03.03 19:22:11.865,0.9696,0.96985,0.10,1.60
2008.03.03 19:22:12.078,0.9696,0.96985,0.10,1.60
2008.03.03 19:22:12.291,0.9696,0.96985,0.10,1.60
2008.03.03 19:22:12.504,0.9696,0.96985,0.10,1.60
2008.03.03 19:22:12.799,0.9696,0.96985,0.10,1.60
2008.03.03 19:22:13.117,0.9696,0.96985,0.10,1.60
2008.03.03 19:22:13.425,0.9696,0.96985,0.10,1.60
2008.03.03 19:22:13.736,0.9696,0.96985,0.10,1.60
2008.03.03 19:22:14.022,0.9696,0.96985,0.10,1.60
2008.03.03 19:22:14.289,0.9696,0.96985,0.10,1.60
2008.03.03 19:22:14.557,0.9696,0.9699,0.10,0.80
2008.03.03 19:22:14.815,0.9696,0.9699,0.10,0.80
2008.03.03 19:22:15.074,0.9696,0.9699,0.10,0.80
2008.03.03 19:22:15.331,0.9696,0.9699,0.10,0.80
2008.03.03 19:22:15.590,0.9696,0.9699,0.10,0.80
2008.03.03 19:22:15.923,0.9696,0.9699,0.10,0.80
2008.03.03 19:22:16.269,0.9696,0.9699,0.10,0.80
2008.03.03 19:22:16.603,0.9696,0.9699,0.10,0.80
2008.03.03 19:22:16.801,0.9696,0.9699,0.10,0.80
2008.03.03 19:22:17.000,0.9696,0.9699,0.10,0.80
2008.03.03 19:22:17.200,0.9696,0.9699,0.10,0.80
2008.03.03 19:22:17.398,0.9696,0.9699,0.10,0.80
2008.03.03 19:22:17.596,0.9696,0.9699,0.10,0.80
2008.03.03 19:22:17.948,0.9697,0.9699,0.10,0.80
2008.03.03 19:22:18.286,0.9697,0.9699,0.10,0.80
2008.03.03 19:22:18.619,0.96965,0.9699,0.10,0.80
2008.03.03 19:22:18.874,0.96965,0.9699,0.10,0.80
2008.03.03 19:22:19.089,0.96965,0.9699,0.10,0.80
2008.03.03 19:22:19.322,0.96965,0.9699,0.10,0.80
2008.03.03 19:22:19.556,0.96965,0.9699,0.10,0.80
2008.03.03 19:22:19.789,0.96965,0.9699,0.10,0.80
2008.03.03 19:22:20.122,0.96965,0.9699,0.10,0.80
2008.03.03 19:22:20.455,0.96955,0.9699,4.80,0.80
2008.03.03 19:22:20.789,0.96955,0.9699,2.40,0.80
2008.03.03 19:22:21.012,0.96955,0.9699,2.40,0.80
2008.03.03 19:22:21.234,0.96955,0.9699,2.40,0.80
2008.03.03 19:22:21.458,0.96955,0.9699,2.40,0.80
2008.03.03 19:22:21.682,0.96955,0.9699,2.40,0.80
2008.03.03 19:22:21.998,0.96955,0.96995,2.40,2.40
2008.03.03 19:22:22.281,0.96955,0.96995,2.40,2.40
2008.03.03 19:22:22.580,0.96955,0.96995,2.40,2.40
2008.03.03 19:22:22.880,0.96955,0.96995,6.40,4.00
2008.03.03 19:22:23.149,0.96955,0.96995,6.40,4.00
2008.03.03 19:22:23.428,0.96955,0.96995,6.40,4.00
2008.03.03 19:22:23.665,0.96955,0.96995,6.40,4.00
2008.03.03 19:22:23.948,0.96955,0.96995,6.40,4.00
2008.03.03 19:22:24.232,0.96955,0.96995,2.40,4.00
2008.03.03 19:22:24.517,0.96955,0.96995,2.40,4.00
2008.03.03 19:22:24.800,0.96955,0.96995,2.40,4.00
2008.03.03 19:22:25.133,0.96955,0.96995,2.40,4.00
2008.03.03 19:22:25.466,0.96955,0.96995,2.40,4.00
2008.03.03 19:22:25.801,0.96955,0.96995,2.40,4.00
2008.03.03 19:22:26.004,0.96955,0.96995,2.40,4.00
2008.03.03 19:22:26.208,0.96955,0.96995,2.40,4.00
2008.03.03 19:22:26.412,0.96955,0.96995,2.40,4.00
2008.03.03 19:22:26.617,0.96955,0.96995,2.40,8.00
2008.03.03 19:22:26.820,0.96955,0.96995,2.40,8.00
2008.03.03 19:22:27.154,0.96955,0.96995,2.40,4.00
2008.03.03 19:22:27.486,0.96955,0.96995,2.40,4.00
2008.03.03 19:22:27.820,0.96955,0.9699,2.40,0.80
2008.03.03 19:22:28.059,0.96955,0.9699,2.40,0.80
2008.03.03 19:22:28.298,0.96955,0.9699,2.40,0.80
2008.03.03 19:22:28.536,0.96955,0.9699,6.40,0.80
2008.03.03 19:22:28.776,0.9697,0.9699,0.10,0.80
2008.03.03 19:22:29.127,0.9697,0.9699,0.10,0.80
2008.03.03 19:22:29.462,0.9698,0.97,0.20,0.80
2008.03.03 19:22:29.795,0.9698,0.97,0.20,0.80
2008.03.03 19:22:30.129,0.9698,0.97,0.20,0.80
2008.03.03 19:22:30.464,0.96975,0.97,6.40,0.80
2008.03.03 19:22:30.798,0.9697,0.97,4.10,0.80
2008.03.03 19:22:31.044,0.9697,0.97,0.20,0.80
2008.03.03 19:22:31.301,0.9697,0.97,0.20,0.80
2008.03.03 19:22:31.522,0.9697,0.97,0.20,0.80
2008.03.03 19:22:31.760,0.9697,0.97,0.20,0.80
2008.03.03 19:22:31.998,0.9697,0.97,0.20,0.80
2008.03.03 19:22:32.317,0.9697,0.97,0.20,0.80
2008.03.03 19:22:32.635,0.9697,0.97,0.30,0.80
2008.03.03 19:22:32.955,0.9698,0.97005,0.20,1.60
2008.03.03 19:22:33.209,0.96975,0.97005,6.40,1.60
2008.03.03 19:22:33.462,0.96975,0.97005,2.40,1.60
2008.03.03 19:22:33.716,0.96975,0.97,2.40,0.80
2008.03.03 19:22:33.970,0.9696,0.96995,0.20,2.40
2008.03.03 19:22:34.259,0.9696,0.96995,0.20,2.40
2008.03.03 19:22:34.548,0.9696,0.96995,0.20,2.40
2008.03.03 19:22:34.837,0.9697,0.97,0.20,0.80
2008.03.03 19:22:35.126,0.9697,0.97,0.20,0.80
2008.03.03 19:22:35.460,0.9697,0.97,4.20,0.80
2008.03.03 19:22:35.794,0.9697,0.97,4.20,0.80
2008.03.03 19:22:36.127,0.9697,0.97,4.20,0.80
2008.03.03 19:22:36.356,0.9697,0.97005,4.20,4.00
2008.03.03 19:22:36.585,0.9697,0.97005,4.20,4.00
2008.03.03 19:22:36.832,0.96975,0.97005,2.40,1.60
2008.03.03 19:22:37.060,0.96975,0.97005,2.40,1.60
2008.03.03 19:22:37.359,0.96975,0.97005,2.40,1.60
2008.03.03 19:22:37.633,0.96975,0.97005,2.40,1.60
2008.03.03 19:22:37.906,0.96975,0.97005,2.40,1.60
2008.03.03 19:22:38.180,0.96975,0.97005,2.40,1.60
2008.03.03 19:22:38.454,0.96975,0.97005,2.40,1.60
2008.03.03 19:22:38.727,0.96975,0.97005,2.40,1.60
2008.03.03 19:22:39.000,0.96975,0.97005,2.40,1.60
2008.03.03 19:22:39.304,0.96975,0.97005,2.40,1.60
2008.03.03 19:22:39.592,0.96975,0.97005,6.40,1.60
2008.03.03 19:22:39.876,0.96975,0.97005,2.40,1.60
2008.03.03 19:22:40.158,0.96975,0.97005,2.40,1.60
2008.03.03 19:22:40.491,0.96975,0.97005,2.40,1.60
2008.03.03 19:22:40.825,0.96975,0.97005,2.40,1.60
2008.03.03 19:22:41.160,0.96975,0.97005,2.40,1.60
2008.03.03 19:22:41.394,0.96975,0.97005,2.40,1.60
2008.03.03 19:22:41.627,0.96975,0.97005,2.40,1.60
2008.03.03 19:22:41.860,0.96975,0.97005,2.40,1.60
2008.03.03 19:22:42.093,0.96975,0.97005,2.40,1.60
2008.03.03 19:22:42.383,0.96975,0.97,2.40,0.80
2008.03.03 19:22:42.671,0.96975,0.97,2.40,0.80
2008.03.03 19:22:42.960,0.96975,0.97,2.40,0.80
2008.03.03 19:22:43.229,0.96975,0.97,2.40,0.80
2008.03.03 19:22:43.514,0.96975,0.97,2.40,0.80
2008.03.03 19:22:43.765,0.96975,0.97,2.40,0.80
2008.03.03 19:22:44.034,0.96975,0.97,2.40,0.80
2008.03.03 19:22:44.282,0.96975,0.97,2.40,0.80
2008.03.03 19:22:44.547,0.96975,0.97,2.40,0.80
2008.03.03 19:22:44.780,0.96975,0.97,2.40,0.80
2008.03.03 19:22:45.028,0.96975,0.97,2.40,0.80
2008.03.03 19:22:45.363,0.96975,0.97,2.40,0.80
2008.03.03 19:22:45.696,0.96975,0.97,2.40,0.80
2008.03.03 19:22:46.030,0.96975,0.97,2.40,0.80
2008.03.03 19:22:46.233,0.96975,0.97,2.40,0.80
2008.03.03 19:22:46.437,0.96975,0.97,2.40,0.80
2008.03.03 19:22:46.641,0.96975,0.97,2.40,0.80
2008.03.03 19:22:46.845,0.96975,0.97,2.40,0.80
2008.03.03 19:22:47.049,0.96975,0.97,2.40,0.80
2008.03.03 19:22:47.373,0.96975,0.97,2.40,0.80
2008.03.03 19:22:47.697,0.96975,0.97,2.40,0.80
2008.03.03 19:22:48.020,0.96975,0.97,2.40,0.80
2008.03.03 19:22:48.246,0.96975,0.97,2.40,0.80
2008.03.03 19:22:48.470,0.96975,0.97,2.40,0.80
2008.03.03 19:22:48.694,0.96975,0.97,2.40,0.80
2008.03.03 19:22:48.917,0.96975,0.97,2.40,0.80
2008.03.03 19:22:49.142,0.96975,0.97,2.40,0.80
2008.03.03 19:22:49.445,0.96975,0.97,2.40,0.80
2008.03.03 19:22:49.749,0.96975,0.97,2.40,0.80
2008.03.03 19:22:50.053,0.96975,0.97,2.40,0.80
2008.03.03 19:22:50.382,0.96975,0.97,2.40,0.80
2008.03.03 19:22:50.710,0.96975,0.97,2.40,0.80
2008.03.03 19:22:51.039,0.96975,0.97,2.40,0.80
2008.03.03 19:22:51.371,0.96975,0.97,2.40,0.80
2008.03.03 19:22:51.616,0.96975,0.97,2.40,0.80
2008.03.03 19:22:51.849,0.96975,0.97,2.40,0.80
2008.03.03 19:22:52.083,0.96975,0.97,2.40,0.80
2008.03.03 19:22:52.357,0.96975,0.97,2.40,0.80
2008.03.03 19:22:52.631,0.96975,0.97,2.40,0.80
2008.03.03 19:22:52.905,0.96975,0.97,2.40,0.80
2008.03.03 19:22:53.179,0.96975,0.97,2.40,0.80
2008.03.03 19:22:53.464,0.96975,0.97,2.40,0.80
2008.03.03 19:22:53.732,0.96975,0.97005,2.40,0.80
2008.03.03 19:22:54.000,0.96975,0.9701,2.40,0.80
2008.03.03 19:22:54.268,0.96975,0.9701,2.40,0.80
2008.03.03 19:22:54.546,0.96975,0.9701,2.40,0.80
2008.03.03 19:22:54.824,0.96975,0.9701,2.40,0.80
2008.03.03 19:22:55.104,0.96975,0.9701,2.40,0.80
2008.03.03 19:22:55.438,0.96975,0.9701,2.40,0.80
2008.03.03 19:22:55.771,0.96975,0.9701,2.40,0.80
2008.03.03 19:22:56.105,0.96975,0.9701,2.40,0.80
2008.03.03 19:22:56.318,0.96975,0.9701,2.40,0.80
2008.03.03 19:22:56.534,0.96975,0.9701,2.40,0.80
2008.03.03 19:22:56.766,0.96975,0.97005,2.40,0.80
2008.03.03 19:22:56.962,0.96975,0.9701,6.40,0.80
2008.03.03 19:22:57.175,0.96975,0.9701,6.40,0.80
2008.03.03 19:22:57.498,0.9698,0.9701,0.20,0.80
2008.03.03 19:22:57.821,0.9698,0.9701,0.20,0.80
2008.03.03 19:22:58.144,0.9698,0.9701,0.20,0.80
2008.03.03 19:22:58.363,0.9698,0.9701,0.20,0.80
2008.03.03 19:22:58.581,0.9698,0.9701,0.20,0.80
2008.03.03 19:22:58.801,0.9698,0.97005,0.20,0.80
2008.03.03 19:22:59.019,0.96975,0.97005,6.40,0.80
2008.03.03 19:22:59.238,0.96975,0.97005,2.40,1.60
2008.03.03 19:22:59.571,0.9697,0.97005,4.20,4.00
2008.03.03 19:22:59.905,0.9697,0.97005,4.00,4.00
2008.03.03 19:23:00.239,0.96965,0.97005,6.40,4.00
2008.03.03 19:23:00.567,0.96965,0.97,6.40,0.80
2008.03.03 19:23:00.895,0.96965,0.97,6.40,0.80
2008.03.03 19:23:01.224,0.96975,0.97,0.10,0.80
2008.03.03 19:23:01.554,0.96975,0.97005,4.00,2.40
2008.03.03 19:23:01.773,0.96975,0.9701,6.40,0.80
2008.03.03 19:23:01.992,0.96975,0.9701,6.40,0.80
2008.03.03 19:23:02.210,0.96975,0.9701,6.40,0.80
2008.03.03 19:23:02.429,0.96975,0.9701,6.40,0.80
2008.03.03 19:23:02.757,0.96975,0.9701,6.40,0.80
2008.03.03 19:23:03.086,0.96975,0.9701,6.40,0.80
2008.03.03 19:23:03.415,0.96975,0.9701,6.40,0.80
2008.03.03 19:23:03.629,0.96975,0.9701,6.40,0.80
2008.03.03 19:23:03.842,0.96975,0.9701,6.40,0.80
2008.03.03 19:23:04.055,0.96975,0.9701,6.40,0.80
2008.03.03 19:23:04.269,0.9698,0.9701,0.10,0.80
2008.03.03 19:23:04.483,0.9698,0.9701,4.00,0.80
2008.03.03 19:23:04.808,0.9698,0.9701,4.00,0.80
2008.03.03 19:23:05.133,0.96975,0.9701,2.40,0.80
2008.03.03 19:23:05.457,0.96975,0.9701,2.40,0.80
2008.03.03 19:23:05.791,0.96975,0.9701,2.40,0.80
2008.03.03 19:23:06.126,0.96975,0.9701,2.40,0.80
2008.03.03 19:23:06.458,0.96975,0.9701,2.40,0.80
2008.03.03 19:23:06.663,0.96975,0.9701,2.40,0.80
2008.03.03 19:23:06.867,0.96975,0.9701,2.40,0.80
2008.03.03 19:23:07.072,0.96975,0.97015,6.40,4.00
2008.03.03 19:23:07.275,0.96975,0.97015,6.40,4.00
2008.03.03 19:23:07.480,0.96975,0.97015,6.40,4.00
2008.03.03 19:23:07.826,0.96975,0.97015,6.40,4.00
2008.03.03 19:23:08.177,0.96975,0.97015,6.40,4.00
2008.03.03 19:23:08.510,0.96975,0.97015,6.40,4.00
2008.03.03 19:23:08.738,0.96975,0.97015,6.40,4.00
2008.03.03 19:23:08.967,0.96975,0.97015,6.40,4.00
2008.03.03 19:23:09.199,0.96975,0.97015,6.40,4.00
2008.03.03 19:23:09.428,0.96975,0.97015,6.40,4.00
2008.03.03 19:23:09.657,0.96975,0.97015,6.40,4.00
2008.03.03 19:23:09.970,0.96975,0.97015,6.40,4.00
2008.03.03 19:23:10.285,0.96985,0.97015,4.80,0.80
2008.03.03 19:23:10.600,0.96985,0.9702,8.80,0.80
2008.03.03 19:23:10.935,0.96985,0.9702,6.40,0.80
2008.03.03 19:23:11.269,0.96985,0.9702,6.40,0.80
2008.03.03 19:23:11.603,0.96985,0.97015,2.40,1.60
2008.03.03 19:23:11.844,0.96975,0.97015,6.40,4.00
2008.03.03 19:23:12.082,0.96975,0.97015,6.40,4.00
2008.03.03 19:23:12.337,0.9698,0.97015,0.10,1.60
2008.03.03 19:23:12.575,0.9698,0.9702,4.00,0.80
2008.03.03 19:23:12.880,0.96985,0.9702,2.40,0.80
2008.03.03 19:23:13.183,0.96985,0.9702,6.40,0.80
2008.03.03 19:23:13.486,0.96985,0.97015,6.40,0.80
2008.03.03 19:23:13.791,0.96985,0.97015,2.40,1.60
2008.03.03 19:23:14.064,0.96985,0.97015,2.40,1.60
2008.03.03 19:23:14.352,0.96985,0.97015,2.40,1.60
2008.03.03 19:23:14.650,0.96985,0.97015,8.80,1.60
2008.03.03 19:23:14.889,0.96985,0.97015,8.80,1.60
2008.03.03 19:23:15.129,0.9699,0.97015,0.20,1.60
2008.03.03 19:23:15.367,0.9699,0.97015,0.20,1.60
2008.03.03 19:23:15.605,0.9699,0.97015,0.20,1.60
2008.03.03 19:23:15.938,0.9699,0.97015,0.20,1.60
2008.03.03 19:23:16.280,0.9699,0.97015,0.20,1.60
2008.03.03 19:23:16.622,0.9699,0.97015,0.20,4.00
2008.03.03 19:23:16.851,0.9699,0.97015,0.20,4.00
2008.03.03 19:23:17.079,0.9699,0.97015,0.20,4.00
2008.03.03 19:23:17.307,0.9699,0.97015,0.20,4.00
2008.03.03 19:23:17.537,0.9699,0.97015,0.20,4.00
2008.03.03 19:23:17.766,0.9699,0.97015,0.20,4.00
2008.03.03 19:23:18.085,0.9699,0.97015,0.20,2.40
2008.03.03 19:23:18.408,0.96985,0.97015,6.40,0.80
2008.03.03 19:23:18.738,0.96985,0.97015,2.40,1.60
2008.03.03 19:23:18.969,0.9698,0.97015,4.20,3.20
2008.03.03 19:23:19.217,0.9698,0.97015,4.10,2.40
2008.03.03 19:23:19.465,0.9698,0.97015,4.10,2.40
2008.03.03 19:23:19.714,0.9698,0.97015,0.30,2.40
2008.03.03 19:23:20.049,0.9698,0.97015,0.30,2.40
2008.03.03 19:23:20.383,0.9698,0.97015,4.20,2.40
2008.03.03 19:23:20.716,0.9698,0.97015,4.20,2.40
2008.03.03 19:23:20.951,0.9698,0.97015,4.20,2.40
2008.03.03 19:23:21.185,0.9698,0.97015,4.10,2.40
2008.03.03 19:23:21.419,0.9698,0.97015,4.00,2.40
2008.03.03 19:23:21.652,0.96975,0.97015,6.40,4.00
2008.03.03 19:23:21.893,0.96975,0.97015,6.40,4.00
2008.03.03 19:23:22.197,0.96975,0.97015,6.40,4.00
2008.03.03 19:23:22.501,0.9698,0.97015,0.20,4.00
2008.03.03 19:23:22.827,0.9698,0.97015,0.20,4.00
2008.03.03 19:23:23.058,0.96975,0.97015,2.40,7.20
2008.03.03 19:23:23.313,0.96975,0.97015,2.40,8.80
2008.03.03 19:23:23.567,0.96975,0.97015,2.40,8.80
2008.03.03 19:23:23.821,0.96975,0.97015,2.40,4.80
2008.03.03 19:23:24.129,0.96975,0.97015,2.40,4.80
2008.03.03 19:23:24.438,0.96975,0.9701,2.40,0.80
2008.03.03 19:23:24.747,0.96975,0.9701,2.40,0.80
2008.03.03 19:23:25.081,0.96975,0.9701,2.40,0.80
2008.03.03 19:23:25.415,0.96975,0.9701,2.40,0.80
2008.03.03 19:23:25.755,0.96975,0.9701,2.40,0.80
2008.03.03 19:23:25.980,0.96975,0.9701,2.40,0.80
2008.03.03 19:23:26.203,0.96975,0.9701,2.40,0.80
2008.03.03 19:23:26.427,0.96975,0.9701,2.40,0.80
2008.03.03 19:23:26.669,0.96975,0.9701,2.40,0.80
2008.03.03 19:23:26.875,0.96975,0.97005,2.40,0.80
2008.03.03 19:23:27.173,0.96975,0.97005,2.40,1.60
2008.03.03 19:23:27.472,0.96975,0.97015,2.40,4.80
2008.03.03 19:23:27.771,0.96975,0.9701,2.40,0.80
2008.03.03 19:23:28.004,0.96975,0.9701,2.40,0.80
2008.03.03 19:23:28.250,0.96975,0.9701,2.40,0.80
2008.03.03 19:23:28.484,0.96975,0.9701,2.40,0.80
2008.03.03 19:23:28.717,0.96975,0.9701,2.40,0.80
2008.03.03 19:23:28.950,0.96975,0.9701,2.40,0.80
2008.03.03 19:23:29.264,0.96975,0.9701,2.40,0.80
2008.03.03 19:23:29.578,0.96975,0.9701,2.40,0.80
2008.03.03 19:23:29.890,0.96975,0.9701,2.40,0.80
2008.03.03 19:23:30.223,0.96975,0.9701,2.40,0.80
2008.03.03 19:23:30.556,0.96975,0.9701,2.40,0.80
2008.03.03 19:23:30.890,0.96975,0.9701,2.40,0.80
2008.03.03 19:23:31.109,0.96975,0.9701,2.40,0.80
2008.03.03 19:23:31.328,0.96975,0.9701,2.40,0.80
2008.03.03 19:23:31.545,0.96975,0.9701,2.40,0.80
2008.03.03 19:23:31.763,0.96975,0.9701,2.40,0.80
2008.03.03 19:23:31.983,0.96975,0.9701,2.40,0.80
2008.03.03 19:23:32.317,0.9698,0.97015,0.30,4.00
2008.03.03 19:23:32.664,0.9698,0.97015,4.20,3.20
2008.03.03 19:23:33.020,0.96985,0.9702,2.40,1.20
2008.03.03 19:23:33.244,0.96985,0.9702,2.40,1.20
2008.03.03 19:23:33.467,0.96985,0.9702,2.40,1.20
2008.03.03 19:23:33.690,0.96985,0.9702,2.40,1.20
2008.03.03 19:23:33.930,0.96985,0.9702,2.40,1.20
2008.03.03 19:23:34.202,0.96985,0.9702,2.40,1.20
2008.03.03 19:23:34.477,0.96985,0.9702,2.40,0.80
2008.03.03 19:23:34.750,0.96985,0.9702,2.40,0.80
2008.03.03 19:23:35.023,0.96985,0.9702,2.40,0.80
2008.03.03 19:23:35.356,0.96985,0.9702,2.40,0.80
2008.03.03 19:23:35.705,0.96985,0.9702,2.40,0.80
2008.03.03 19:23:36.021,0.96985,0.9702,2.40,0.80
2008.03.03 19:23:36.225,0.96985,0.9702,2.40,0.80
2008.03.03 19:23:36.429,0.96985,0.9702,2.40,0.80
2008.03.03 19:23:36.632,0.96985,0.9702,2.40,0.80
2008.03.03 19:23:36.836,0.96985,0.97025,2.40,3.20
2008.03.03 19:23:37.040,0.96985,0.97025,2.40,3.20
2008.03.03 19:23:37.374,0.96985,0.97025,2.40,3.20
2008.03.03 19:23:37.708,0.96985,0.97025,8.80,2.40
2008.03.03 19:23:38.043,0.9699,0.97025,0.20,2.40
2008.03.03 19:23:38.286,0.9699,0.97025,0.20,2.40
2008.03.03 19:23:38.528,0.9699,0.97025,0.20,2.40
2008.03.03 19:23:38.772,0.9699,0.97025,0.20,2.40
2008.03.03 19:23:39.015,0.9699,0.97025,0.20,2.40
2008.03.03 19:23:39.299,0.9699,0.97025,0.20,2.40
2008.03.03 19:23:39.598,0.9699,0.97025,0.20,2.40
2008.03.03 19:23:39.866,0.9699,0.97025,0.20,2.40
2008.03.03 19:23:40.150,0.9699,0.97025,0.20,2.40
2008.03.03 19:23:40.484,0.9699,0.97025,0.20,2.40
2008.03.03 19:23:40.816,0.9699,0.97025,0.20,2.40
2008.03.03 19:23:41.149,0.9699,0.97025,0.20,2.40
2008.03.03 19:23:41.348,0.9699,0.97025,0.20,2.40
2008.03.03 19:23:41.547,0.9699,0.97025,0.20,2.40
2008.03.03 19:23:41.746,0.9699,0.97025,0.20,2.40
2008.03.03 19:23:41.943,0.9699,0.97025,0.20,2.40
2008.03.03 19:23:42.142,0.9699,0.97025,0.20,2.40
2008.03.03 19:23:42.475,0.9699,0.97025,0.20,2.40
2008.03.03 19:23:42.812,0.9701,0.97025,0.20,2.40
2008.03.03 19:23:43.148,0.9701,0.9703,0.20,0.80
2008.03.03 19:23:43.375,0.9701,0.9703,0.20,0.80
2008.03.03 19:23:43.599,0.9701,0.9703,0.20,0.80
2008.03.03 19:23:43.823,0.9701,0.9703,0.20,0.80
2008.03.03 19:23:44.046,0.9701,0.9703,0.20,0.80
2008.03.03 19:23:44.270,0.9701,0.9703,0.20,0.80
2008.03.03 19:23:44.598,0.9701,0.9703,0.20,0.80
2008.03.03 19:23:44.927,0.9701,0.9703,0.20,0.80
2008.03.03 19:23:45.272,0.9701,0.9703,0.20,0.80
2008.03.03 19:23:45.596,0.9701,0.9703,0.20,0.80
2008.03.03 19:23:45.919,0.9701,0.9703,0.20,0.80
2008.03.03 19:23:46.243,0.9701,0.9703,0.20,0.80
2008.03.03 19:23:46.462,0.9701,0.9703,0.20,0.80
2008.03.03 19:23:46.681,0.9701,0.9703,0.20,0.80
2008.03.03 19:23:46.898,0.9701,0.9703,0.20,0.80
2008.03.03 19:23:47.117,0.9701,0.9703,0.20,0.80
2008.03.03 19:23:47.337,0.9701,0.9703,0.20,0.80
2008.03.03 19:23:47.667,0.97,0.9703,0.20,0.80
2008.03.03 19:23:47.997,0.97,0.9703,0.20,0.80
2008.03.03 19:23:48.325,0.97,0.9703,0.20,0.80
2008.03.03 19:23:48.547,0.97,0.9703,0.20,0.80
2008.03.03 19:23:48.770,0.97,0.9703,0.20,0.80
2008.03.03 19:23:48.995,0.97,0.9703,0.20,0.80
2008.03.03 19:23:49.217,0.97,0.9703,0.20,0.80
2008.03.03 19:23:49.523,0.97,0.9703,0.20,0.80
2008.03.03 19:23:49.794,0.97,0.9703,0.20,0.80
2008.03.03 19:23:50.082,0.97,0.9703,0.20,0.80
2008.03.03 19:23:50.371,0.97,0.9703,0.20,0.80
2008.03.03 19:23:50.705,0.97,0.9703,0.20,0.80
2008.03.03 19:23:51.056,0.97,0.9703,0.20,0.80
2008.03.03 19:23:51.390,0.97,0.9703,0.20,0.80
2008.03.03 19:23:51.588,0.97,0.9703,0.20,0.80
2008.03.03 19:23:51.786,0.97,0.9703,0.20,0.80
2008.03.03 19:23:51.989,0.97,0.9703,0.20,0.80
2008.03.03 19:23:52.186,0.97,0.9703,0.20,0.80
2008.03.03 19:23:52.386,0.97,0.9703,0.20,0.80
2008.03.03 19:23:52.720,0.97,0.9703,0.20,0.80
2008.03.03 19:23:53.055,0.97,0.9703,0.20,0.80
2008.03.03 19:23:53.389,0.97,0.9703,0.30,0.80
2008.03.03 19:23:53.594,0.97,0.9703,4.20,0.80
2008.03.03 19:23:53.815,0.97,0.9703,4.20,0.80
2008.03.03 19:23:54.018,0.9701,0.9703,0.20,0.80
2008.03.03 19:23:54.221,0.9701,0.9703,0.20,0.80
2008.03.03 19:23:54.425,0.9701,0.9703,0.20,0.80
2008.03.03 19:23:54.760,0.9701,0.9703,0.20,0.80
2008.03.03 19:23:55.094,0.9701,0.9703,0.20,0.80
2008.03.03 19:23:55.444,0.9701,0.9703,0.20,0.80
2008.03.03 19:23:55.760,0.9701,0.97035,0.20,4.00
2008.03.03 19:23:56.073,0.9701,0.97035,0.20,4.00
2008.03.03 19:23:56.389,0.9701,0.97035,0.20,4.00
2008.03.03 19:23:56.622,0.9701,0.97035,0.20,4.00
2008.03.03 19:23:56.855,0.9701,0.97035,0.20,4.00
2008.03.03 19:23:57.088,0.9701,0.97035,0.20,4.00
2008.03.03 19:23:57.323,0.9701,0.97035,0.20,4.00
2008.03.03 19:23:57.555,0.9701,0.97035,0.20,4.00
2008.03.03 19:23:57.839,0.9701,0.97035,0.20,4.00
2008.03.03 19:23:58.123,0.9701,0.9704,0.20,0.30
2008.03.03 19:23:58.408,0.9701,0.97045,0.20,4.80
2008.03.03 19:23:58.647,0.9701,0.97045,0.20,2.40
2008.03.03 19:23:58.886,0.9701,0.97045,0.30,2.40
2008.03.03 19:23:59.126,0.97015,0.97055,2.40,4.00
2008.03.03 19:23:59.364,0.97015,0.97055,2.40,3.20
2008.03.03 19:23:59.603,0.97015,0.97055,2.40,2.40
2008.03.03 19:23:59.927,0.97015,0.97055,2.40,2.40
2008.03.03 19:24:00.251,0.97015,0.97055,10.40,2.40
2008.03.03 19:24:00.576,0.9702,0.97055,0.20,2.40
2008.03.03 19:24:00.927,0.9702,0.97055,0.20,2.40
2008.03.03 19:24:01.243,0.9702,0.97055,0.20,2.40
2008.03.03 19:24:01.577,0.9702,0.97055,0.20,2.40
2008.03.03 19:24:01.795,0.9702,0.97055,0.20,2.40
2008.03.03 19:24:02.013,0.9702,0.97055,0.20,2.40
2008.03.03 19:24:02.232,0.9702,0.97055,0.20,2.40
2008.03.03 19:24:02.475,0.9702,0.97055,0.20,2.40
2008.03.03 19:24:02.692,0.9702,0.97055,0.20,2.40
2008.03.03 19:24:02.965,0.9702,0.97055,0.20,2.40
2008.03.03 19:24:03.238,0.9702,0.97055,0.20,2.40
2008.03.03 19:24:03.511,0.9702,0.97055,0.20,2.40
2008.03.03 19:24:03.764,0.9702,0.97055,0.20,2.40
2008.03.03 19:24:04.017,0.9702,0.97055,0.20,2.40
2008.03.03 19:24:04.287,0.9702,0.97055,0.20,2.40
2008.03.03 19:24:04.540,0.9702,0.97055,0.20,2.40
2008.03.03 19:24:04.803,0.9702,0.97055,0.20,2.40
2008.03.03 19:24:05.066,0.9702,0.97055,0.20,2.40
2008.03.03 19:24:05.329,0.9702,0.97055,0.20,2.40
2008.03.03 19:24:05.593,0.97005,0.97045,6.40,2.40
2008.03.03 19:24:05.928,0.9701,0.97055,0.10,8.80
2008.03.03 19:24:06.261,0.9701,0.97055,4.00,4.00
2008.03.03 19:24:06.609,0.9701,0.97055,4.20,4.00
2008.03.03 19:24:06.843,0.97015,0.97055,2.40,4.00
2008.03.03 19:24:07.076,0.97015,0.97055,2.40,4.00
2008.03.03 19:24:07.309,0.97015,0.97055,2.40,4.00
2008.03.03 19:24:07.543,0.97015,0.97055,2.40,4.00
2008.03.03 19:24:07.852,0.97015,0.97055,2.40,4.00
2008.03.03 19:24:08.144,0.97015,0.97055,2.40,4.00
2008.03.03 19:24:08.438,0.97015,0.97055,2.40,4.00
2008.03.03 19:24:08.731,0.97015,0.97055,2.40,4.00
2008.03.03 19:24:08.985,0.97015,0.97055,2.40,4.00
2008.03.03 19:24:09.239,0.97015,0.97055,2.40,4.00
2008.03.03 19:24:09.492,0.97015,0.97055,2.40,4.00
2008.03.03 19:24:09.745,0.97015,0.97055,2.40,4.00
2008.03.03 19:24:10.023,0.97015,0.97055,2.40,4.00
2008.03.03 19:24:10.301,0.97015,0.97055,2.40,4.00
2008.03.03 19:24:10.595,0.97015,0.97055,2.40,4.00
2008.03.03 19:24:10.857,0.97015,0.97055,2.40,4.00
2008.03.03 19:24:11.190,0.97015,0.97055,2.40,4.00
2008.03.03 19:24:11.523,0.97015,0.97055,2.40,4.00
2008.03.03 19:24:11.856,0.97015,0.97055,2.40,4.00
2008.03.03 19:24:12.060,0.97015,0.97055,2.40,4.00
2008.03.03 19:24:12.263,0.97015,0.97055,2.40,4.00
2008.03.03 19:24:12.479,0.97015,0.97055,6.40,4.00
2008.03.03 19:24:12.682,0.97015,0.97055,6.40,4.00
2008.03.03 19:24:13.015,0.97015,0.97055,6.40,4.00
2008.03.03 19:24:13.348,0.97015,0.97055,6.40,4.00
2008.03.03 19:24:13.681,0.97015,0.97055,6.40,4.00
2008.03.03 19:24:14.014,0.97015,0.97055,6.40,4.00
2008.03.03 19:24:14.232,0.97015,0.97055,6.40,4.00
2008.03.03 19:24:14.450,0.97015,0.97055,6.40,4.00
2008.03.03 19:24:14.668,0.97015,0.97055,6.40,4.00
2008.03.03 19:24:14.886,0.97015,0.97055,6.40,4.00
2008.03.03 19:24:15.188,0.97015,0.97055,6.40,4.00
2008.03.03 19:24:15.492,0.97015,0.97055,6.40,4.00
2008.03.03 19:24:15.813,0.97015,0.97055,6.40,4.00
2008.03.03 19:24:16.129,0.97015,0.97055,6.40,4.00
2008.03.03 19:24:16.462,0.97015,0.97055,6.40,4.00
2008.03.03 19:24:16.796,0.97015,0.97055,6.40,4.00
2008.03.03 19:24:17.015,0.97015,0.97055,2.40,4.00
2008.03.03 19:24:17.239,0.97015,0.97055,2.40,4.00
2008.03.03 19:24:17.475,0.97015,0.97055,2.40,4.00
2008.03.03 19:24:17.677,0.97015,0.97055,2.40,4.00
2008.03.03 19:24:17.897,0.97015,0.97055,2.40,4.00
2008.03.03 19:24:18.222,0.97015,0.97055,2.40,4.00
2008.03.03 19:24:18.547,0.97015,0.97055,2.40,4.00
2008.03.03 19:24:18.884,0.97015,0.97055,2.40,4.00
2008.03.03 19:24:19.097,0.97015,0.97055,2.40,4.00
2008.03.03 19:24:19.310,0.97015,0.97055,2.40,4.00
2008.03.03 19:24:19.524,0.97015,0.97055,2.40,4.00
2008.03.03 19:24:19.737,0.97015,0.97055,2.40,4.00
2008.03.03 19:24:20.086,0.97015,0.97055,2.40,4.00
2008.03.03 19:24:20.403,0.97015,0.97055,2.40,4.00
2008.03.03 19:24:20.737,0.97015,0.97055,2.40,4.00
2008.03.03 19:24:20.991,0.97015,0.97055,2.40,4.00
2008.03.03 19:24:21.256,0.97015,0.97055,2.40,4.00
2008.03.03 19:24:21.508,0.97015,0.97055,2.40,4.00
2008.03.03 19:24:21.761,0.97015,0.97055,2.40,4.00
2008.03.03 19:24:22.014,0.97015,0.97055,2.40,4.00
2008.03.03 19:24:22.272,0.97015,0.97055,2.40,4.00
2008.03.03 19:24:22.531,0.97015,0.97055,2.40,4.00
2008.03.03 19:24:22.806,0.97015,0.97055,2.40,4.00
2008.03.03 19:24:23.063,0.97015,0.97055,2.40,4.00
2008.03.03 19:24:23.321,0.97015,0.97055,2.40,4.00
2008.03.03 19:24:23.580,0.97015,0.97055,2.40,2.40
2008.03.03 19:24:23.839,0.97015,0.97055,2.40,2.40
2008.03.03 19:24:24.113,0.97015,0.97055,8.80,2.40
2008.03.03 19:24:24.387,0.97015,0.97055,8.80,2.40
2008.03.03 19:24:24.659,0.9702,0.97055,0.20,2.40
2008.03.03 19:24:24.933,0.9702,0.97055,0.20,2.40
2008.03.03 19:24:25.266,0.9702,0.97055,0.20,2.40
2008.03.03 19:24:25.600,0.9702,0.97055,0.20,2.40
2008.03.03 19:24:25.933,0.9702,0.97055,0.20,2.40
2008.03.03 19:24:26.145,0.9702,0.97055,0.20,2.40
2008.03.03 19:24:26.359,0.9702,0.97055,0.20,2.40
2008.03.03 19:24:26.574,0.9702,0.97055,0.20,4.80
2008.03.03 19:24:26.787,0.9702,0.97055,0.20,4.80
2008.03.03 19:24:27.000,0.9702,0.97055,0.20,4.80
2008.03.03 19:24:27.327,0.9702,0.97055,0.20,4.80
2008.03.03 19:24:27.645,0.9702,0.97055,0.20,4.80
2008.03.03 19:24:27.980,0.9702,0.97055,0.20,4.80
2008.03.03 19:24:28.208,0.9702,0.97055,0.20,4.80
2008.03.03 19:24:28.438,0.9702,0.97055,0.20,4.80
2008.03.03 19:24:28.666,0.9702,0.97055,0.20,4.80
2008.03.03 19:24:28.912,0.9702,0.97055,0.20,4.80
2008.03.03 19:24:29.201,0.9702,0.97055,0.20,4.80
2008.03.03 19:24:29.507,0.9702,0.97055,0.20,4.80
2008.03.03 19:24:29.778,0.9702,0.97055,0.20,4.80
2008.03.03 19:24:30.066,0.9702,0.97055,0.20,4.80
2008.03.03 19:24:30.399,0.9702,0.97055,0.20,4.80
2008.03.03 19:24:30.733,0.9702,0.97055,0.20,4.80
2008.03.03 19:24:31.068,0.9702,0.97045,0.20,0.80
2008.03.03 19:24:31.277,0.9701,0.97045,4.10,4.80
2008.03.03 19:24:31.486,0.9701,0.97045,4.10,4.80
2008.03.03 19:24:31.695,0.9702,0.97045,0.20,2.40
2008.03.03 19:24:31.904,0.9702,0.9705,0.20,0.50
2008.03.03 19:24:32.224,0.9701,0.97045,0.20,4.00
2008.03.03 19:24:32.542,0.9701,0.97045,0.20,6.40
2008.03.03 19:24:32.862,0.9701,0.97045,0.20,6.40
2008.03.03 19:24:33.181,0.9701,0.97045,0.20,6.40
2008.03.03 19:24:33.430,0.9701,0.97045,0.20,6.40
2008.03.03 19:24:33.687,0.9701,0.97045,0.20,6.40
2008.03.03 19:24:33.933,0.9701,0.97045,0.20,6.40
2008.03.03 19:24:34.186,0.9701,0.97045,0.20,6.40
2008.03.03 19:24:34.440,0.9701,0.97045,0.20,4.80
2008.03.03 19:24:34.695,0.97015,0.9705,2.40,4.40
2008.03.03 19:24:34.949,0.97015,0.97055,2.40,4.00
2008.03.03 19:24:35.282,0.97015,0.97055,6.40,4.00
2008.03.03 19:24:35.615,0.97015,0.97055,2.40,4.00
2008.03.03 19:24:35.948,0.97015,0.97055,2.40,4.00
2008.03.03 19:24:36.282,0.97015,0.97055,2.40,4.00
2008.03.03 19:24:36.519,0.97015,0.97055,2.40,4.00
2008.03.03 19:24:36.742,0.97015,0.97055,2.40,4.00
2008.03.03 19:24:36.966,0.97015,0.97055,2.40,4.00
2008.03.03 19:24:37.189,0.97015,0.97055,2.40,4.00
2008.03.03 19:24:37.498,0.97015,0.97055,2.40,4.00
2008.03.03 19:24:37.807,0.97015,0.9705,2.40,0.80
2008.03.03 19:24:38.117,0.97015,0.9705,2.40,0.80
2008.03.03 19:24:38.340,0.97015,0.97045,2.40,1.60
2008.03.03 19:24:38.565,0.97005,0.97045,2.40,4.00
2008.03.03 19:24:38.789,0.97005,0.97045,2.40,6.80
2008.03.03 19:24:39.014,0.97025,0.9704,3.20,0.80
2008.03.03 19:24:39.348,0.97025,0.9704,3.20,0.80
2008.03.03 19:24:39.681,0.97025,0.97045,0.80,2.80
2008.03.03 19:24:40.016,0.97025,0.97035,0.80,2.40
2008.03.03 19:24:40.349,0.96995,0.97035,6.40,2.40
2008.03.03 19:24:40.684,0.96995,0.97035,6.40,3.20
2008.03.03 19:24:41.017,0.97005,0.97035,1.60,4.00
2008.03.03 19:24:41.239,0.97005,0.97035,1.60,4.00
2008.03.03 19:24:41.464,0.97005,0.97035,1.60,4.00
2008.03.03 19:24:41.688,0.97005,0.97035,1.60,3.20
2008.03.03 19:24:41.912,0.97005,0.97035,1.60,2.40
2008.03.03 19:24:42.135,0.97005,0.97035,1.60,2.40
2008.03.03 19:24:42.429,0.97005,0.97035,1.60,2.40
2008.03.03 19:24:42.721,0.97005,0.97035,1.60,2.40
2008.03.03 19:24:43.014,0.97005,0.97035,1.60,2.40
2008.03.03 19:24:43.308,0.97005,0.97035,1.60,2.40
2008.03.03 19:24:43.568,0.97005,0.97035,1.60,2.40
2008.03.03 19:24:43.806,0.97005,0.97035,1.60,2.40
2008.03.03 19:24:44.046,0.97,0.97035,0.20,2.40
2008.03.03 19:24:44.333,0.97,0.97035,0.20,2.40
2008.03.03 19:24:44.622,0.97,0.97035,0.20,2.40
2008.03.03 19:24:44.911,0.97,0.97035,0.20,2.40
2008.03.03 19:24:45.201,0.97,0.97035,0.20,2.40
2008.03.03 19:24:45.553,0.97,0.97035,0.20,2.40
2008.03.03 19:24:45.884,0.97,0.97035,0.20,2.40
2008.03.03 19:24:46.220,0.97,0.97035,0.20,2.40
2008.03.03 19:24:46.426,0.97,0.97035,0.20,2.40
2008.03.03 19:24:46.635,0.97,0.97035,0.20,2.40
2008.03.03 19:24:46.850,0.97,0.97035,0.20,2.40
2008.03.03 19:24:47.057,0.97,0.97035,0.20,2.40
2008.03.03 19:24:47.381,0.97,0.97035,0.20,2.40
2008.03.03 19:24:47.703,0.97,0.97035,0.20,2.40
2008.03.03 19:24:48.026,0.97,0.97035,0.20,2.40
2008.03.03 19:24:48.350,0.97,0.97035,0.20,2.40
2008.03.03 19:24:48.585,0.97,0.97035,0.20,2.40
2008.03.03 19:24:48.818,0.97,0.97035,0.20,2.40
2008.03.03 19:24:49.052,0.97,0.97035,0.20,2.40
2008.03.03 19:24:49.300,0.97,0.97035,0.20,2.40
2008.03.03 19:24:49.548,0.97,0.97035,0.20,2.40
2008.03.03 19:24:49.804,0.97,0.97035,0.20,2.40
2008.03.03 19:24:50.053,0.97,0.97035,0.20,2.40
2008.03.03 19:24:50.301,0.97,0.97035,0.20,2.40
2008.03.03 19:24:50.635,0.97,0.97035,0.20,2.40
2008.03.03 19:24:50.968,0.97,0.97035,0.20,2.40
2008.03.03 19:24:51.301,0.97,0.97035,0.20,2.40
2008.03.03 19:24:51.515,0.97,0.97035,0.20,2.40
2008.03.03 19:24:51.729,0.97,0.97035,0.20,2.40
2008.03.03 19:24:51.942,0.97,0.97035,0.20,2.40
2008.03.03 19:24:52.155,0.97,0.97035,0.20,2.40
2008.03.03 19:24:52.463,0.97,0.97035,0.20,2.40
2008.03.03 19:24:52.771,0.97,0.97035,0.20,2.40
2008.03.03 19:24:53.079,0.97,0.97035,0.20,2.40
2008.03.03 19:24:53.388,0.97,0.97035,0.20,2.40
2008.03.03 19:24:53.642,0.97,0.97035,0.20,2.40
2008.03.03 19:24:53.895,0.97,0.97035,0.20,2.40
2008.03.03 19:24:54.148,0.97,0.97035,0.20,2.40
2008.03.03 19:24:54.381,0.97,0.97035,0.20,2.40
2008.03.03 19:24:54.615,0.97,0.97035,0.20,2.40
2008.03.03 19:24:54.848,0.97,0.97035,0.20,2.40
2008.03.03 19:24:55.081,0.97,0.97035,0.20,2.40
2008.03.03 19:24:55.314,0.97,0.97035,0.20,2.40
2008.03.03 19:24:55.647,0.97,0.97035,0.20,2.40
2008.03.03 19:24:55.981,0.97,0.97035,0.20,2.40
2008.03.03 19:24:56.313,0.97,0.97035,0.20,2.40
2008.03.03 19:24:56.536,0.97,0.97035,0.20,2.40
2008.03.03 19:24:56.785,0.97,0.97035,0.20,2.40
2008.03.03 19:24:56.984,0.97,0.97035,0.20,2.40
2008.03.03 19:24:57.208,0.97,0.97035,0.20,2.40
2008.03.03 19:24:57.470,0.97,0.97035,0.20,2.40
2008.03.03 19:24:57.733,0.97,0.97035,0.20,2.40
2008.03.03 19:24:57.996,0.97,0.97035,0.20,2.40
2008.03.03 19:24:58.259,0.97,0.97035,0.20,2.40
2008.03.03 19:24:58.522,0.97,0.97035,0.20,2.40
2008.03.03 19:24:58.786,0.97,0.97035,0.20,2.40
2008.03.03 19:24:59.050,0.97,0.97035,0.20,2.40
2008.03.03 19:24:59.313,0.97,0.97035,0.20,2.40
2008.03.03 19:24:59.576,0.97,0.97035,0.20,2.40
2008.03.03 19:24:59.839,0.97,0.97035,0.20,2.40
2008.03.03 19:25:00.102,0.97,0.97035,0.20,2.40
2008.03.03 19:25:00.366,0.97,0.97035,0.20,2.40
2008.03.03 19:25:00.699,0.97,0.97035,0.20,2.40
2008.03.03 19:25:01.032,0.97,0.97035,0.20,2.40
2008.03.03 19:25:01.365,0.97,0.97035,0.20,2.40
2008.03.03 19:25:01.573,0.97,0.97035,0.20,2.40
2008.03.03 19:25:01.781,0.97,0.97035,0.20,2.40
2008.03.03 19:25:01.989,0.97,0.97035,0.20,2.40
2008.03.03 19:25:02.197,0.97,0.97035,0.20,2.40
2008.03.03 19:25:02.405,0.97,0.97035,0.20,2.40
2008.03.03 19:25:02.704,0.97,0.97035,0.20,2.40
2008.03.03 19:25:03.002,0.97,0.97035,0.20,2.40
2008.03.03 19:25:03.300,0.97,0.97035,0.20,2.40
2008.03.03 19:25:03.567,0.97,0.97035,0.20,2.40
2008.03.03 19:25:03.800,0.97,0.97035,0.20,2.40
2008.03.03 19:25:04.033,0.97,0.97035,0.20,2.40
2008.03.03 19:25:04.265,0.97,0.97035,0.20,2.40
2008.03.03 19:25:04.500,0.97005,0.9704,2.40,0.30
2008.03.03 19:25:04.789,0.97005,0.9704,2.40,0.30
2008.03.03 19:25:05.078,0.97005,0.9704,2.40,0.30
2008.03.03 19:25:05.367,0.97005,0.9704,2.40,0.30
2008.03.03 19:25:05.700,0.97005,0.9704,2.40,0.30
2008.03.03 19:25:06.033,0.97005,0.9704,2.40,0.30
2008.03.03 19:25:06.365,0.97005,0.9704,2.40,0.30
2008.03.03 19:25:06.584,0.97005,0.9704,2.40,0.30
2008.03.03 19:25:06.801,0.97005,0.9704,2.40,0.30
2008.03.03 19:25:07.020,0.97005,0.9704,2.40,0.30
2008.03.03 19:25:07.239,0.97005,0.9704,2.40,0.30
2008.03.03 19:25:07.458,0.97005,0.9704,2.40,0.30
2008.03.03 19:25:07.767,0.97005,0.9704,2.40,0.30
2008.03.03 19:25:08.075,0.97005,0.9704,2.40,0.30
2008.03.03 19:25:08.384,0.97005,0.9704,2.40,0.30
2008.03.03 19:25:08.597,0.97005,0.9704,2.40,0.30
2008.03.03 19:25:08.811,0.97005,0.9704,2.40,0.30
2008.03.03 19:25:09.024,0.97005,0.9704,2.40,0.30
2008.03.03 19:25:09.243,0.97005,0.9704,2.40,0.30
2008.03.03 19:25:09.458,0.97005,0.9704,2.40,0.30
2008.03.03 19:25:09.766,0.97005,0.9704,2.40,0.30
2008.03.03 19:25:10.077,0.97005,0.9704,2.40,0.30
2008.03.03 19:25:10.386,0.97005,0.9704,2.40,0.30
2008.03.03 19:25:10.696,0.97005,0.9704,2.40,0.30
2008.03.03 19:25:11.045,0.97005,0.9704,2.40,0.30
2008.03.03 19:25:11.397,0.97005,0.9704,2.40,0.30
2008.03.03 19:25:11.745,0.97005,0.9704,2.40,0.30
2008.03.03 19:25:11.947,0.97005,0.9704,2.40,0.30
2008.03.03 19:25:12.150,0.97005,0.9704,2.40,0.30
2008.03.03 19:25:12.353,0.97005,0.9704,2.40,0.30
2008.03.03 19:25:12.557,0.97005,0.9704,2.40,0.30
2008.03.03 19:25:12.845,0.97005,0.9704,2.40,0.30
2008.03.03 19:25:13.133,0.97005,0.9704,2.40,0.30
2008.03.03 19:25:13.422,0.97005,0.9704,2.40,0.30
2008.03.03 19:25:13.714,0.97005,0.9704,2.40,0.30
2008.03.03 19:25:13.972,0.97005,0.9704,2.40,0.30
2008.03.03 19:25:14.230,0.97005,0.9704,2.40,0.30
2008.03.03 19:25:14.488,0.97005,0.9704,2.40,0.30
2008.03.03 19:25:14.751,0.97005,0.9704,2.40,0.30
2008.03.03 19:25:15.034,0.97005,0.9704,2.40,0.30
2008.03.03 19:25:15.296,0.97005,0.9704,2.40,0.30
2008.03.03 19:25:15.562,0.97005,0.9704,2.40,0.30
2008.03.03 19:25:15.895,0.97005,0.9704,2.40,0.30
2008.03.03 19:25:16.229,0.97005,0.9704,2.40,0.30
2008.03.03 19:25:16.561,0.97005,0.9704,2.40,0.30
2008.03.03 19:25:16.765,0.97005,0.9704,2.40,0.30
2008.03.03 19:25:16.968,0.97005,0.9704,2.40,0.30
2008.03.03 19:25:17.172,0.97005,0.9704,2.40,0.30
2008.03.03 19:25:17.376,0.97005,0.9704,2.40,0.30
2008.03.03 19:25:17.579,0.97005,0.9704,2.40,0.30
2008.03.03 19:25:17.908,0.97005,0.9704,2.40,0.30
2008.03.03 19:25:18.237,0.97005,0.9704,2.40,0.30
2008.03.03 19:25:18.566,0.97005,0.9704,2.40,0.30
2008.03.03 19:25:18.798,0.97005,0.9704,2.40,0.30
2008.03.03 19:25:19.016,0.97005,0.9704,2.40,0.30
2008.03.03 19:25:19.234,0.97005,0.9704,2.40,0.30
2008.03.03 19:25:19.453,0.97005,0.9704,2.40,0.30
2008.03.03 19:25:19.670,0.97005,0.9704,2.40,0.30
2008.03.03 19:25:19.983,0.97005,0.9704,2.40,0.30
2008.03.03 19:25:20.300,0.97005,0.97035,2.40,0.80
2008.03.03 19:25:20.615,0.97,0.9703,0.20,0.80
2008.03.03 19:25:20.949,0.97,0.9703,0.20,1.00
2008.03.03 19:25:21.284,0.96995,0.97025,6.40,1.60
2008.03.03 19:25:21.618,0.96995,0.97025,2.40,1.60
2008.03.03 19:25:21.846,0.96995,0.97025,2.40,1.60
2008.03.03 19:25:22.075,0.96995,0.97025,2.40,1.60
2008.03.03 19:25:22.312,0.96995,0.97025,2.40,1.60
2008.03.03 19:25:22.540,0.96995,0.97025,2.40,1.60
2008.03.03 19:25:22.770,0.96995,0.97025,2.40,1.60
2008.03.03 19:25:23.073,0.96995,0.97025,2.40,1.60
2008.03.03 19:25:23.376,0.96995,0.97025,2.40,1.60
2008.03.03 19:25:23.679,0.96995,0.97025,2.40,1.60
2008.03.03 19:25:23.922,0.96995,0.97025,2.40,1.60
2008.03.03 19:25:24.183,0.96995,0.97025,2.40,1.60
2008.03.03 19:25:24.410,0.96995,0.97025,2.40,1.60
2008.03.03 19:25:24.653,0.96995,0.97025,2.40,1.60
2008.03.03 19:25:24.941,0.96995,0.97025,2.40,1.60
2008.03.03 19:25:25.229,0.96995,0.97025,2.40,1.60
2008.03.03 19:25:25.518,0.96995,0.97025,2.40,1.60
2008.03.03 19:25:25.807,0.96995,0.97025,2.40,1.60
2008.03.03 19:25:26.157,0.96995,0.97025,2.40,1.60
2008.03.03 19:25:26.474,0.96995,0.97025,2.40,1.60
2008.03.03 19:25:26.808,0.96995,0.97025,2.40,1.60
2008.03.03 19:25:27.012,0.96995,0.97025,2.40,1.60
2008.03.03 19:25:27.216,0.96995,0.97025,2.40,1.60
2008.03.03 19:25:27.419,0.96995,0.97025,2.40,1.60
2008.03.03 19:25:27.622,0.96995,0.97025,2.40,1.60
2008.03.03 19:25:27.826,0.96995,0.97025,2.40,1.60
2008.03.03 19:25:28.144,0.96995,0.97025,2.40,1.60
2008.03.03 19:25:28.462,0.96995,0.97025,2.40,1.60
2008.03.03 19:25:28.789,0.96995,0.97025,2.40,1.60
2008.03.03 19:25:29.019,0.96995,0.97025,2.40,1.60
2008.03.03 19:25:29.249,0.96995,0.97025,2.40,1.60
2008.03.03 19:25:29.477,0.96995,0.97025,2.40,1.60
2008.03.03 19:25:29.723,0.96995,0.97025,2.40,1.60
2008.03.03 19:25:29.974,0.96995,0.97025,2.40,1.60
2008.03.03 19:25:30.242,0.96995,0.97025,2.40,1.60
2008.03.03 19:25:30.530,0.96995,0.97025,2.40,1.60
2008.03.03 19:25:30.818,0.96995,0.97025,2.40,1.60
2008.03.03 19:25:31.152,0.96995,0.97025,2.40,1.60
2008.03.03 19:25:31.485,0.96995,0.97025,2.40,1.60
2008.03.03 19:25:31.818,0.96995,0.97025,2.40,1.60
2008.03.03 19:25:32.027,0.96995,0.97025,2.40,1.60
2008.03.03 19:25:32.235,0.96995,0.97025,2.40,1.60
2008.03.03 19:25:32.445,0.96995,0.97025,2.40,1.60
2008.03.03 19:25:32.653,0.96995,0.97025,2.40,1.60
2008.03.03 19:25:32.863,0.96995,0.97025,2.40,0.80
2008.03.03 19:25:34.360,0.96995,0.97025,2.40,0.80
2008.03.03 19:25:34.430,0.96995,0.97025,2.40,1.60
2008.03.03 19:25:34.478,0.96995,0.97025,2.40,1.60
2008.03.03 19:25:34.528,0.96995,0.97025,2.40,1.60
2008.03.03 19:25:34.578,0.96995,0.97025,2.40,1.60
2008.03.03 19:25:34.627,0.96995,0.97025,2.40,1.60
2008.03.03 19:25:34.676,0.96995,0.97025,2.40,1.60
2008.03.03 19:25:34.731,0.96995,0.97025,2.40,1.60
2008.03.03 19:25:34.779,0.96995,0.97025,2.40,1.60
2008.03.03 19:25:34.830,0.96995,0.97025,2.40,1.60
2008.03.03 19:25:34.877,0.96995,0.97025,2.40,1.60
2008.03.03 19:25:34.949,0.96995,0.97025,2.40,1.60
2008.03.03 19:25:34.978,0.96995,0.97025,2.40,1.60
2008.03.03 19:25:35.025,0.96995,0.97025,2.40,1.60
2008.03.03 19:25:35.076,0.96995,0.97025,2.40,1.60
2008.03.03 19:25:35.126,0.96995,0.97025,2.40,1.60
2008.03.03 19:25:35.187,0.96995,0.97025,2.40,1.60
2008.03.03 19:25:35.235,0.96995,0.97025,2.40,1.60
2008.03.03 19:25:37.116,0.96995,0.97025,2.40,1.60
2008.03.03 19:25:38.824,0.96995,0.97025,2.40,1.60
2008.03.03 19:25:38.890,0.9699,0.97025,4.10,4.00
2008.03.03 19:25:38.910,0.9699,0.97025,4.10,4.00
2008.03.03 19:25:38.964,0.9699,0.97025,4.10,4.00
2008.03.03 19:25:39.023,0.9699,0.97025,4.10,4.00
2008.03.03 19:25:39.048,0.9699,0.97025,4.10,4.00
2008.03.03 19:25:39.093,0.9699,0.97025,4.10,4.00
2008.03.03 19:25:39.138,0.9699,0.97025,4.10,4.00
2008.03.03 19:25:39.183,0.9699,0.97025,4.10,4.00
2008.03.03 19:25:39.247,0.9699,0.97025,4.10,4.00
2008.03.03 19:25:39.291,0.9699,0.97025,4.10,4.00
2008.03.03 19:25:39.352,0.9699,0.97025,4.10,4.00
2008.03.03 19:25:39.394,0.9699,0.97025,4.10,4.00
2008.03.03 19:25:39.439,0.9699,0.97025,4.10,4.00
2008.03.03 19:25:39.483,0.9699,0.97025,4.10,4.00
2008.03.03 19:25:39.526,0.9699,0.97025,4.10,4.00
2008.03.03 19:25:39.584,0.9699,0.97025,4.10,4.00
2008.03.03 19:25:39.627,0.9699,0.97025,4.10,4.00
2008.03.03 19:25:39.682,0.9699,0.97025,4.10,4.00
2008.03.03 19:25:39.724,0.9699,0.97025,4.10,4.00
2008.03.03 19:25:39.771,0.9699,0.97025,4.10,4.00
2008.03.03 19:25:39.813,0.9699,0.97025,4.10,4.00
2008.03.03 19:25:39.864,0.9699,0.97025,4.10,4.00
2008.03.03 19:25:40.194,0.9699,0.97025,4.10,4.00
2008.03.03 19:25:40.527,0.9699,0.97025,4.10,4.00
2008.03.03 19:25:40.862,0.9699,0.97025,4.10,4.00
2008.03.03 19:25:41.212,0.9699,0.97025,4.10,4.00
2008.03.03 19:25:41.545,0.9699,0.97025,4.10,4.00
2008.03.03 19:25:41.880,0.9699,0.97025,4.10,4.00
2008.03.03 19:25:42.075,0.9699,0.97025,4.10,4.00
2008.03.03 19:25:42.279,0.9699,0.97025,4.10,4.00
2008.03.03 19:25:42.478,0.9699,0.97025,4.10,4.00
2008.03.03 19:25:42.676,0.9699,0.97025,4.10,4.00
2008.03.03 19:25:42.875,0.9699,0.97025,4.10,4.00
2008.03.03 19:25:43.209,0.9699,0.97025,4.10,4.00
2008.03.03 19:25:43.560,0.9699,0.97025,4.10,4.00
2008.03.03 19:25:43.895,0.9699,0.97025,4.10,4.00
2008.03.03 19:25:44.108,0.9699,0.97025,4.10,4.00
2008.03.03 19:25:44.323,0.9699,0.97025,4.10,2.40
2008.03.03 19:25:44.538,0.96995,0.9703,2.40,0.80
2008.03.03 19:25:44.752,0.96995,0.97035,2.40,4.00
2008.03.03 19:25:44.965,0.96995,0.97035,6.40,4.00
2008.03.03 19:25:45.299,0.96995,0.97035,6.40,4.00
2008.03.03 19:25:45.642,0.96995,0.97035,6.40,4.00
2008.03.03 19:25:45.977,0.96995,0.97035,6.40,4.00
2008.03.03 19:25:46.309,0.96995,0.97035,6.40,4.00
2008.03.03 19:25:46.642,0.96995,0.97035,6.40,4.00
2008.03.03 19:25:46.975,0.96995,0.97035,6.40,4.00
2008.03.03 19:25:47.168,0.96995,0.97035,6.40,4.00
2008.03.03 19:25:47.361,0.96995,0.97035,6.40,4.00
2008.03.03 19:25:47.555,0.96995,0.97035,6.40,4.00
2008.03.03 19:25:47.748,0.96995,0.97035,6.40,4.00
2008.03.03 19:25:47.971,0.96995,0.97035,6.40,4.00
2008.03.03 19:25:48.163,0.96995,0.97035,6.40,4.00
2008.03.03 19:25:48.497,0.96995,0.97035,6.40,4.00
2008.03.03 19:25:48.831,0.97,0.97035,0.20,4.00
2008.03.03 19:25:49.164,0.97,0.97035,0.20,4.00
2008.03.03 19:25:49.392,0.97,0.97035,0.20,4.00
2008.03.03 19:25:49.620,0.97,0.97035,0.20,4.00
2008.03.03 19:25:49.848,0.97,0.97035,0.20,4.00
2008.03.03 19:25:50.076,0.97,0.97035,0.20,4.00
2008.03.03 19:25:50.409,0.97,0.97035,0.20,4.00
2008.03.03 19:25:50.742,0.97,0.97035,0.20,4.00
2008.03.03 19:25:51.075,0.97,0.97035,0.20,4.00
2008.03.03 19:25:51.283,0.97,0.97035,0.20,4.00
2008.03.03 19:25:51.491,0.97,0.97035,0.20,4.00
2008.03.03 19:25:51.700,0.97,0.97035,0.20,4.00
2008.03.03 19:25:51.909,0.97,0.97035,0.20,4.00
2008.03.03 19:25:52.118,0.97,0.97035,0.20,4.00
2008.03.03 19:25:52.431,0.97,0.97035,0.20,4.00
2008.03.03 19:25:52.745,0.97,0.9703,0.20,0.80
2008.03.03 19:25:53.058,0.97,0.9703,0.20,1.00
2008.03.03 19:25:53.372,0.97,0.9703,0.20,1.00
2008.03.03 19:25:53.610,0.97,0.9703,0.20,1.00
2008.03.03 19:25:53.852,0.97,0.9703,0.20,1.00
2008.03.03 19:25:54.089,0.97,0.9703,0.20,1.00
2008.03.03 19:25:54.357,0.97,0.9703,0.20,1.00
2008.03.03 19:25:54.626,0.97,0.9703,0.20,1.00
2008.03.03 19:25:54.897,0.97,0.9703,0.20,1.00
2008.03.03 19:25:55.165,0.97,0.9703,0.20,1.00
2008.03.03 19:25:55.499,0.97,0.9703,0.20,1.00
2008.03.03 19:25:55.832,0.97,0.9703,0.20,1.00
2008.03.03 19:25:56.165,0.97,0.9703,0.20,1.00
2008.03.03 19:25:56.374,0.97,0.9703,0.20,1.00
2008.03.03 19:25:56.600,0.97,0.9703,0.20,1.00
2008.03.03 19:25:56.791,0.97,0.9703,0.20,1.00
2008.03.03 19:25:57.000,0.97,0.9703,0.20,1.00
2008.03.03 19:25:57.209,0.97,0.97025,0.20,0.80
2008.03.03 19:25:57.528,0.97,0.97025,0.20,1.60
2008.03.03 19:25:57.846,0.97,0.97015,0.20,1.60
2008.03.03 19:25:58.167,0.96995,0.97015,2.40,0.80
2008.03.03 19:25:58.401,0.97,0.97025,0.20,1.60
2008.03.03 19:25:58.635,0.97,0.9702,0.20,0.80
2008.03.03 19:25:58.870,0.97,0.9702,0.20,0.80
2008.03.03 19:25:59.103,0.97,0.97025,0.20,1.60
2008.03.03 19:25:59.337,0.97,0.97025,0.20,1.60
2008.03.03 19:25:59.671,0.97,0.97025,0.20,1.60
2008.03.03 19:26:00.005,0.97,0.97025,0.20,1.60
2008.03.03 19:26:00.346,0.97,0.97025,0.20,1.60
2008.03.03 19:26:00.679,0.97,0.97025,0.20,1.60
2008.03.03 19:26:01.012,0.97,0.97025,0.20,1.60
2008.03.03 19:26:01.345,0.97,0.97025,0.20,1.60
2008.03.03 19:26:01.549,0.97,0.97035,0.20,2.40
2008.03.03 19:26:01.752,0.97,0.97035,0.20,2.40
2008.03.03 19:26:01.956,0.97,0.97035,0.20,2.40
2008.03.03 19:26:02.159,0.97,0.97035,0.20,2.40
2008.03.03 19:26:02.362,0.97,0.97035,0.20,2.40
2008.03.03 19:26:02.690,0.97,0.97035,0.20,2.40
2008.03.03 19:26:03.035,0.97,0.97035,0.20,2.40
2008.03.03 19:26:03.346,0.97,0.97035,0.20,2.40
2008.03.03 19:26:03.565,0.97,0.97035,0.20,2.40
2008.03.03 19:26:03.783,0.97,0.97035,0.20,2.40
2008.03.03 19:26:04.001,0.97,0.97035,0.20,2.40
2008.03.03 19:26:04.226,0.97,0.97035,0.20,2.40
2008.03.03 19:26:04.545,0.97,0.97035,4.20,2.40
2008.03.03 19:26:04.864,0.97005,0.97035,1.60,2.40
2008.03.03 19:26:05.183,0.97005,0.9703,1.60,0.30
2008.03.03 19:26:05.502,0.97005,0.9703,1.60,0.30
2008.03.03 19:26:05.836,0.97005,0.9703,1.60,0.30
2008.03.03 19:26:06.170,0.97005,0.9703,1.60,0.30
2008.03.03 19:26:06.503,0.97005,0.9703,1.60,0.30
2008.03.03 19:26:06.727,0.97005,0.9703,1.60,0.30
2008.03.03 19:26:06.955,0.97005,0.9703,1.60,0.30
2008.03.03 19:26:07.185,0.97005,0.97025,1.60,2.40
2008.03.03 19:26:07.408,0.9699,0.97025,0.20,2.40
2008.03.03 19:26:07.749,0.9699,0.9702,0.20,0.30
2008.03.03 19:26:08.071,0.9699,0.9702,0.20,0.30
2008.03.03 19:26:08.394,0.9699,0.9702,0.20,0.30
2008.03.03 19:26:08.637,0.9699,0.9702,0.20,0.30
2008.03.03 19:26:08.882,0.9699,0.9702,0.20,0.30
2008.03.03 19:26:09.129,0.9699,0.9702,0.20,0.30
2008.03.03 19:26:09.370,0.9699,0.9702,0.20,0.30
2008.03.03 19:26:09.653,0.9699,0.9702,0.20,0.30
2008.03.03 19:26:09.936,0.9699,0.9702,0.20,0.30
2008.03.03 19:26:10.219,0.9699,0.9702,0.20,0.30
2008.03.03 19:26:10.503,0.9699,0.97025,0.20,2.40
2008.03.03 19:26:10.837,0.9699,0.97025,0.20,2.40
2008.03.03 19:26:11.171,0.9699,0.97025,0.20,2.40
2008.03.03 19:26:11.505,0.9699,0.97025,0.20,2.40
2008.03.03 19:26:11.729,0.9699,0.97025,4.10,2.40
2008.03.03 19:26:11.953,0.9699,0.97025,4.10,2.40
2008.03.03 19:26:12.177,0.9699,0.97025,4.10,2.40
2008.03.03 19:26:12.401,0.9699,0.97025,4.10,2.40
2008.03.03 19:26:12.699,0.9699,0.97025,4.10,2.40
2008.03.03 19:26:12.997,0.9699,0.97025,4.10,2.40
2008.03.03 19:26:13.295,0.9699,0.97025,4.10,2.40
2008.03.03 19:26:13.593,0.9699,0.97025,4.10,2.40
2008.03.03 19:26:13.831,0.9699,0.97025,4.10,2.40
2008.03.03 19:26:14.069,0.9699,0.97025,4.10,2.40
2008.03.03 19:26:14.308,0.9699,0.97025,4.10,2.40
2008.03.03 19:26:14.591,0.9699,0.97025,4.20,2.40
2008.03.03 19:26:14.875,0.96995,0.9703,2.40,0.30
2008.03.03 19:26:15.159,0.96995,0.9703,2.40,0.30
2008.03.03 19:26:15.443,0.97,0.9703,0.20,0.30
2008.03.03 19:26:15.776,0.97,0.9703,0.20,0.30
2008.03.03 19:26:16.108,0.97,0.9703,0.20,0.30
2008.03.03 19:26:16.442,0.97,0.9703,0.20,0.30
2008.03.03 19:26:16.655,0.97,0.9703,0.20,0.30
2008.03.03 19:26:16.868,0.97,0.9703,0.20,0.30
2008.03.03 19:26:17.099,0.97,0.9703,0.20,0.30
2008.03.03 19:26:17.329,0.97,0.9703,0.20,0.30
2008.03.03 19:26:17.543,0.97,0.9703,0.20,0.30
2008.03.03 19:26:17.857,0.97,0.9703,0.20,0.30
2008.03.03 19:26:18.171,0.97,0.9703,0.20,0.30
2008.03.03 19:26:18.485,0.97,0.9703,0.20,0.30
2008.03.03 19:26:18.702,0.97,0.9703,0.20,0.30
2008.03.03 19:26:18.921,0.97,0.9703,0.20,0.30
2008.03.03 19:26:19.139,0.97,0.9703,0.20,0.30
2008.03.03 19:26:19.374,0.97,0.9703,0.20,0.30
2008.03.03 19:26:19.592,0.97,0.9703,0.20,0.30
2008.03.03 19:26:19.910,0.97,0.9703,0.20,0.30
2008.03.03 19:26:20.229,0.97,0.9703,0.20,0.30
2008.03.03 19:26:20.549,0.97,0.9703,0.20,0.30
2008.03.03 19:26:20.856,0.97,0.9703,0.20,0.30
2008.03.03 19:26:21.171,0.97,0.9703,0.20,0.30
2008.03.03 19:26:21.481,0.97,0.9703,0.20,0.30
2008.03.03 19:26:21.724,0.97,0.9703,0.20,0.30
2008.03.03 19:26:21.968,0.97,0.9703,0.20,0.30
2008.03.03 19:26:22.220,0.97,0.9703,0.20,0.30
2008.03.03 19:26:22.463,0.97,0.9703,0.20,0.30
2008.03.03 19:26:22.706,0.97,0.9703,0.20,0.30
2008.03.03 19:26:22.979,0.97,0.9703,0.20,0.30
2008.03.03 19:26:23.253,0.97,0.9703,0.20,0.30
2008.03.03 19:26:23.526,0.97,0.9703,0.20,0.30
2008.03.03 19:26:23.779,0.97,0.9703,0.20,0.30
2008.03.03 19:26:24.017,0.97,0.9703,0.20,0.30
2008.03.03 19:26:24.257,0.97,0.9703,0.20,0.30
2008.03.03 19:26:24.495,0.97,0.9703,0.20,0.30
2008.03.03 19:26:24.733,0.97,0.9703,0.20,0.30
2008.03.03 19:26:25.031,0.97,0.9703,0.20,0.30
2008.03.03 19:26:25.328,0.97,0.9703,0.20,0.30
2008.03.03 19:26:25.629,0.97,0.9703,0.20,0.30
2008.03.03 19:26:25.961,0.97,0.9703,0.20,0.30
2008.03.03 19:26:26.295,0.97,0.9703,0.20,0.30
2008.03.03 19:26:26.633,0.97,0.9703,0.20,0.30
2008.03.03 19:26:26.832,0.97,0.9703,0.20,0.30
2008.03.03 19:26:27.031,0.97,0.9703,0.20,0.30
2008.03.03 19:26:27.228,0.97,0.9703,0.20,0.30
2008.03.03 19:26:27.442,0.97,0.9703,0.20,0.30
2008.03.03 19:26:27.642,0.97,0.9703,0.20,0.30
2008.03.03 19:26:27.954,0.97,0.9703,0.20,0.30
2008.03.03 19:26:28.270,0.97,0.9703,0.20,0.30
2008.03.03 19:26:28.581,0.97,0.9703,0.20,0.30
2008.03.03 19:26:28.895,0.97,0.9703,0.20,0.30
2008.03.03 19:26:29.138,0.97,0.9703,0.20,0.30
2008.03.03 19:26:29.382,0.97,0.9703,0.20,0.30
2008.03.03 19:26:29.642,0.97,0.9703,0.20,0.30
2008.03.03 19:26:29.878,0.97,0.9703,0.20,0.30
2008.03.03 19:26:30.131,0.97,0.9703,0.20,0.30
2008.03.03 19:26:30.385,0.97,0.9703,0.20,0.30
2008.03.03 19:26:30.638,0.97,0.9703,0.20,0.30
2008.03.03 19:26:30.989,0.97,0.9703,0.20,0.30
2008.03.03 19:26:31.306,0.97,0.9703,0.20,0.30
2008.03.03 19:26:31.640,0.97,0.9703,0.20,0.30
2008.03.03 19:26:31.839,0.97,0.9703,0.20,0.30
2008.03.03 19:26:32.037,0.97,0.9703,0.20,0.30
2008.03.03 19:26:32.235,0.97,0.9703,0.20,0.30
2008.03.03 19:26:32.433,0.97,0.9703,0.20,0.30
2008.03.03 19:26:32.649,0.97,0.9703,0.20,0.30
2008.03.03 19:26:32.960,0.97,0.9703,0.20,0.30
2008.03.03 19:26:33.288,0.97,0.9703,0.20,0.30
2008.03.03 19:26:33.615,0.97,0.9703,0.20,0.30
2008.03.03 19:26:33.944,0.97,0.9703,0.20,0.30
2008.03.03 19:26:34.166,0.97,0.9703,0.20,0.30
2008.03.03 19:26:34.389,0.97,0.9703,0.20,0.30
2008.03.03 19:26:34.613,0.97,0.9703,0.20,0.30
2008.03.03 19:26:34.837,0.97,0.9703,0.20,0.30
2008.03.03 19:26:35.146,0.97,0.9703,0.20,0.30
2008.03.03 19:26:35.455,0.97,0.9703,0.20,0.30
2008.03.03 19:26:35.764,0.97,0.9703,0.20,0.30
2008.03.03 19:26:36.107,0.97,0.9703,0.20,0.30
2008.03.03 19:26:36.452,0.97,0.9703,0.20,0.30
2008.03.03 19:26:36.763,0.97,0.9703,0.20,0.30
2008.03.03 19:26:37.012,0.97,0.9703,0.20,0.30
2008.03.03 19:26:37.261,0.97,0.9703,0.20,0.30
2008.03.03 19:26:37.510,0.97,0.9703,0.20,0.30
2008.03.03 19:26:37.759,0.97,0.9703,0.20,0.30
2008.03.03 19:26:38.034,0.97,0.9703,0.20,0.30
2008.03.03 19:26:38.307,0.97,0.9703,0.20,0.30
2008.03.03 19:26:38.580,0.97,0.9703,0.20,0.30
2008.03.03 19:26:38.853,0.97,0.9703,0.20,0.30
2008.03.03 19:26:39.112,0.97,0.9703,0.20,0.30
2008.03.03 19:26:39.370,0.97,0.9703,0.20,0.30
2008.03.03 19:26:39.628,0.97,0.9703,0.20,0.30
2008.03.03 19:26:39.886,0.97,0.9703,0.20,0.30
2008.03.03 19:26:40.133,0.97,0.9703,0.20,0.30
2008.03.03 19:26:40.382,0.97,0.9703,0.20,0.30
2008.03.03 19:26:40.631,0.97,0.9703,0.20,0.30
2008.03.03 19:26:40.879,0.97,0.9703,0.20,0.30
2008.03.03 19:26:41.212,0.97,0.9703,0.20,0.30
2008.03.03 19:26:41.545,0.97,0.9703,0.20,0.30
2008.03.03 19:26:41.879,0.97,0.9703,0.20,0.30
2008.03.03 19:26:42.097,0.97,0.9703,0.20,0.30
2008.03.03 19:26:42.314,0.97,0.9703,0.20,0.30
2008.03.03 19:26:42.549,0.97,0.9703,0.20,0.30
2008.03.03 19:26:42.751,0.97,0.9703,0.20,0.30
2008.03.03 19:26:42.970,0.97,0.9703,0.20,0.30
2008.03.03 19:26:43.188,0.97,0.9703,0.20,0.30
2008.03.03 19:26:43.475,0.97,0.9703,0.20,0.30
2008.03.03 19:26:43.763,0.97,0.9703,0.20,0.30
2008.03.03 19:26:44.051,0.97,0.9703,0.20,0.30
2008.03.03 19:26:44.315,0.97,0.9703,0.20,0.30
2008.03.03 19:26:44.577,0.97,0.9703,0.20,0.30
2008.03.03 19:26:44.841,0.97,0.9703,0.20,0.30
2008.03.03 19:26:45.105,0.97,0.9703,0.20,0.30
2008.03.03 19:26:45.438,0.97,0.9703,0.20,0.30
2008.03.03 19:26:45.771,0.97,0.9703,0.20,0.30
2008.03.03 19:26:46.105,0.97,0.9703,0.20,0.30
2008.03.03 19:26:46.330,0.97,0.9703,0.20,0.30
2008.03.03 19:26:46.541,0.97,0.9703,0.20,0.30
2008.03.03 19:26:46.755,0.97,0.9703,0.20,0.30
2008.03.03 19:26:46.969,0.97,0.9703,0.20,0.30
2008.03.03 19:26:47.198,0.97,0.9703,0.20,0.30
2008.03.03 19:26:47.481,0.97,0.9703,0.20,0.30
2008.03.03 19:26:47.764,0.97,0.9703,0.20,0.30
2008.03.03 19:26:48.047,0.97,0.9703,0.20,0.30
2008.03.03 19:26:48.331,0.97,0.9703,0.20,0.30
2008.03.03 19:26:48.594,0.97,0.9703,0.20,0.30
2008.03.03 19:26:48.858,0.97,0.9703,0.20,0.30
2008.03.03 19:26:49.121,0.97,0.9703,0.20,0.30
2008.03.03 19:26:49.399,0.97,0.9703,0.20,0.30
2008.03.03 19:26:49.677,0.97,0.9703,0.20,0.30
2008.03.03 19:26:49.955,0.97,0.9703,0.20,0.30
2008.03.03 19:26:50.233,0.97,0.9703,0.20,0.30
2008.03.03 19:26:50.567,0.97,0.9703,0.20,0.30
2008.03.03 19:26:50.899,0.97,0.9703,0.20,0.30
2008.03.03 19:26:51.233,0.97,0.9703,0.20,0.30
2008.03.03 19:26:51.462,0.96995,0.9703,2.40,0.30
2008.03.03 19:26:51.700,0.96995,0.9703,2.40,0.30
2008.03.03 19:26:51.928,0.96995,0.9703,2.40,0.30
2008.03.03 19:26:52.156,0.96995,0.9703,2.40,0.30
2008.03.03 19:26:52.460,0.96995,0.9703,2.40,0.30
2008.03.03 19:26:52.763,0.96995,0.9703,2.40,0.30
2008.03.03 19:26:53.066,0.96995,0.9703,2.40,0.30
2008.03.03 19:26:53.370,0.9699,0.97025,0.20,4.00
2008.03.03 19:26:53.624,0.9699,0.97015,0.20,0.80
2008.03.03 19:26:53.879,0.96985,0.97015,2.40,1.60
2008.03.03 19:26:54.133,0.9698,0.9701,4.20,0.80
2008.03.03 19:26:54.386,0.9698,0.9701,4.20,0.80
2008.03.03 19:26:54.665,0.9698,0.9701,4.10,0.80
2008.03.03 19:26:54.944,0.9698,0.9701,4.10,0.80
2008.03.03 19:26:55.223,0.9698,0.96995,4.10,0.80
2008.03.03 19:26:55.556,0.9698,0.96995,0.20,0.80
2008.03.03 19:26:55.890,0.96975,0.96995,5.60,1.60
2008.03.03 19:26:56.224,0.96975,0.96995,1.60,1.60
2008.03.03 19:26:56.558,0.96975,0.96995,1.60,1.60
2008.03.03 19:26:56.787,0.96975,0.96995,1.60,1.60
2008.03.03 19:26:57.015,0.96975,0.96995,1.60,1.60
2008.03.03 19:26:57.242,0.96975,0.96995,1.60,1.60
2008.03.03 19:26:57.535,0.96975,0.96995,1.60,1.60
2008.03.03 19:26:57.828,0.9697,0.96995,4.20,1.60
2008.03.03 19:26:58.121,0.9697,0.96995,4.20,1.60
2008.03.03 19:26:58.414,0.9697,0.96995,4.20,1.60
2008.03.03 19:26:58.668,0.9697,0.96995,4.10,1.60
2008.03.03 19:26:58.921,0.9697,0.9699,4.10,0.80
2008.03.03 19:26:59.175,0.9697,0.9699,0.20,0.80
2008.03.03 19:26:59.429,0.9697,0.9699,0.20,0.80
2008.03.03 19:26:59.703,0.9697,0.9699,0.30,0.80
2008.03.03 19:26:59.977,0.9697,0.96995,0.30,1.60
2008.03.03 19:27:00.249,0.9697,0.96995,4.20,1.60
2008.03.03 19:27:00.523,0.9697,0.96995,4.20,1.60
2008.03.03 19:27:00.856,0.9697,0.96995,4.20,1.60
2008.03.03 19:27:01.189,0.9697,0.96995,4.20,1.60
2008.03.03 19:27:01.522,0.9697,0.96995,4.20,1.60
2008.03.03 19:27:01.746,0.9697,0.96995,4.20,1.60
2008.03.03 19:27:01.970,0.9697,0.96995,4.20,1.60
2008.03.03 19:27:02.193,0.9697,0.96995,4.20,1.60
2008.03.03 19:27:02.416,0.9697,0.96995,4.20,1.60
2008.03.03 19:27:02.758,0.9697,0.96995,4.20,1.60
2008.03.03 19:27:03.082,0.9697,0.9699,4.20,0.80
2008.03.03 19:27:03.406,0.9697,0.9699,4.20,0.80
2008.03.03 19:27:03.625,0.9697,0.9699,4.10,0.80
2008.03.03 19:27:03.844,0.9697,0.9699,4.10,0.80
2008.03.03 19:27:04.062,0.9697,0.9699,4.10,0.80
2008.03.03 19:27:04.282,0.96965,0.96985,6.40,1.60
2008.03.03 19:27:04.520,0.9696,0.96985,4.00,1.60
2008.03.03 19:27:04.837,0.96965,0.96985,1.60,1.60
2008.03.03 19:27:05.169,0.96955,0.96985,2.40,1.60
2008.03.03 19:27:05.502,0.96955,0.96985,2.40,1.60
2008.03.03 19:27:05.835,0.96955,0.96985,2.40,1.60
2008.03.03 19:27:06.185,0.96955,0.9699,2.40,0.80
2008.03.03 19:27:06.537,0.96955,0.9699,2.40,0.80
2008.03.03 19:27:06.757,0.96955,0.9699,2.40,0.80
2008.03.03 19:27:06.996,0.96955,0.9699,2.40,0.80
2008.03.03 19:27:07.235,0.96955,0.9699,2.40,0.80
2008.03.03 19:27:07.479,0.96955,0.9699,2.40,0.80
2008.03.03 19:27:07.742,0.96955,0.9699,2.40,0.80
2008.03.03 19:27:08.006,0.96955,0.9699,2.40,0.80
2008.03.03 19:27:08.268,0.96955,0.9699,2.40,0.80
2008.03.03 19:27:08.532,0.96955,0.9699,2.40,0.80
2008.03.03 19:27:08.792,0.96955,0.96985,2.40,0.80
2008.03.03 19:27:09.052,0.96955,0.96985,2.40,1.60
2008.03.03 19:27:09.311,0.96955,0.96985,2.40,1.60
2008.03.03 19:27:09.568,0.96955,0.96985,2.40,1.60
2008.03.03 19:27:09.846,0.96955,0.96985,2.40,1.60
2008.03.03 19:27:10.125,0.96955,0.96985,2.40,1.60
2008.03.03 19:27:10.404,0.96955,0.96985,2.40,1.60
2008.03.03 19:27:10.682,0.96955,0.96985,2.40,1.60
2008.03.03 19:27:11.016,0.96955,0.96985,2.40,0.80
2008.03.03 19:27:11.351,0.96955,0.96995,6.40,4.00
2008.03.03 19:27:11.685,0.96965,0.96995,2.40,1.60
2008.03.03 19:27:11.904,0.96965,0.96995,2.40,1.60
2008.03.03 19:27:12.123,0.96965,0.96995,2.40,0.80
2008.03.03 19:27:12.342,0.96965,0.97,6.40,0.80
2008.03.03 19:27:12.563,0.96965,0.96995,6.40,0.80
2008.03.03 19:27:12.897,0.96965,0.96995,8.00,1.60
2008.03.03 19:27:13.220,0.96965,0.96995,8.00,1.60
2008.03.03 19:27:13.543,0.96965,0.96995,8.00,1.60
2008.03.03 19:27:13.771,0.96965,0.96995,8.00,1.60
2008.03.03 19:27:13.999,0.96965,0.96995,4.00,1.60
2008.03.03 19:27:14.229,0.96965,0.96995,1.60,4.00
2008.03.03 19:27:14.457,0.96965,0.96995,1.60,4.00
2008.03.03 19:27:14.686,0.96965,0.96995,1.60,4.00
2008.03.03 19:27:15.007,0.96965,0.96995,1.60,4.00
2008.03.03 19:27:15.325,0.96965,0.96995,1.60,4.00
2008.03.03 19:27:15.661,0.96965,0.96995,1.60,4.00
2008.03.03 19:27:16.013,0.9697,0.96995,0.20,1.60
2008.03.03 19:27:16.359,0.9697,0.96995,0.10,1.60
2008.03.03 19:27:16.710,0.96965,0.96995,8.00,1.60
2008.03.03 19:27:16.935,0.96965,0.9699,8.00,0.80
2008.03.03 19:27:17.162,0.96965,0.96985,5.60,0.80
2008.03.03 19:27:17.408,0.96965,0.96985,1.60,1.60
2008.03.03 19:27:17.629,0.96965,0.9698,1.60,0.80
2008.03.03 19:27:17.947,0.96965,0.9698,1.60,0.80
2008.03.03 19:27:18.269,0.96945,0.96985,2.40,4.00
2008.03.03 19:27:18.600,0.96945,0.96985,2.40,4.00
2008.03.03 19:27:18.842,0.96945,0.96985,2.40,4.00
2008.03.03 19:27:19.087,0.96945,0.96985,2.40,4.00
2008.03.03 19:27:19.331,0.9695,0.96985,0.10,4.00
2008.03.03 19:27:19.576,0.9695,0.96985,4.00,4.00
2008.03.03 19:27:19.879,0.96945,0.96985,2.40,8.00
2008.03.03 19:27:20.183,0.96945,0.96985,2.40,8.00
2008.03.03 19:27:20.487,0.96945,0.9698,2.40,0.30
2008.03.03 19:27:20.790,0.9695,0.9698,0.20,0.30
2008.03.03 19:27:21.124,0.96955,0.9698,0.10,0.30
2008.03.03 19:27:21.458,0.96955,0.96985,0.10,2.40
2008.03.03 19:27:21.792,0.96955,0.96985,0.10,2.40
2008.03.03 19:27:22.020,0.96955,0.96985,0.10,2.40
2008.03.03 19:27:22.253,0.9695,0.96985,4.10,2.40
2008.03.03 19:27:22.481,0.9695,0.96985,4.10,4.00
2008.03.03 19:27:22.710,0.9694,0.96965,4.00,0.80
2008.03.03 19:27:23.015,0.96925,0.9696,6.80,0.80
2008.03.03 19:27:23.319,0.96925,0.96945,6.80,0.50
2008.03.03 19:27:23.623,0.96925,0.96945,6.40,0.50
2008.03.03 19:27:23.886,0.96925,0.96965,6.40,4.00
2008.03.03 19:27:24.151,0.9693,0.96965,4.00,4.00
2008.03.03 19:27:24.415,0.9693,0.96965,4.00,4.00
2008.03.03 19:27:24.678,0.96925,0.96965,6.40,4.00
2008.03.03 19:27:24.976,0.96925,0.96965,6.40,4.00
2008.03.03 19:27:25.274,0.96925,0.96965,6.40,4.00
2008.03.03 19:27:25.574,0.9693,0.96965,4.00,4.00
2008.03.03 19:27:25.872,0.9693,0.96965,4.00,2.40
2008.03.03 19:27:26.208,0.96935,0.96975,2.40,4.00
2008.03.03 19:27:26.547,0.96935,0.96975,7.20,4.00
2008.03.03 19:27:26.881,0.96935,0.96975,3.20,4.00
2008.03.03 19:27:27.111,0.96935,0.9697,3.20,0.80
2008.03.03 19:27:27.341,0.96935,0.9697,3.20,0.80
2008.03.03 19:27:27.570,0.9693,0.96965,4.00,4.00
2008.03.03 19:27:27.798,0.9693,0.96965,4.00,4.00
2008.03.03 19:27:28.131,0.9693,0.9696,4.00,0.80
2008.03.03 19:27:28.466,0.9693,0.9696,4.00,0.80
2008.03.03 19:27:28.799,0.96925,0.9696,2.40,0.80
2008.03.03 19:27:29.069,0.96925,0.9696,2.40,0.80
2008.03.03 19:27:29.287,0.96925,0.9696,6.40,0.80
2008.03.03 19:27:29.520,0.96925,0.9696,6.40,0.80
2008.03.03 19:27:29.754,0.96925,0.9696,6.40,0.80
2008.03.03 19:27:29.987,0.96925,0.9696,6.40,0.80
2008.03.03 19:27:30.281,0.96925,0.96955,6.40,0.80
2008.03.03 19:27:30.575,0.96925,0.96955,6.40,1.60
2008.03.03 19:27:30.869,0.96925,0.96955,2.40,1.60
2008.03.03 19:27:31.204,0.96925,0.96955,2.40,1.60
2008.03.03 19:27:31.536,0.96925,0.96955,2.40,1.60
2008.03.03 19:27:31.870,0.96925,0.96955,2.40,1.60
2008.03.03 19:27:32.099,0.96925,0.96955,2.40,1.60
2008.03.03 19:27:32.327,0.96925,0.96955,2.40,1.60
2008.03.03 19:27:32.555,0.96925,0.96955,2.40,1.60
2008.03.03 19:27:32.783,0.96925,0.96955,2.40,1.60
2008.03.03 19:27:33.019,0.96925,0.96955,2.40,1.60
2008.03.03 19:27:33.325,0.96925,0.9695,2.40,0.80
2008.03.03 19:27:33.630,0.96915,0.9695,6.40,0.80
2008.03.03 19:27:33.932,0.96915,0.9695,6.40,0.80
2008.03.03 19:27:34.186,0.96915,0.96945,6.40,0.80
2008.03.03 19:27:34.440,0.96915,0.96945,6.40,0.80
2008.03.03 19:27:34.694,0.96915,0.96945,2.40,1.60
2008.03.03 19:27:34.950,0.96915,0.96945,2.40,1.60
2008.03.03 19:27:35.243,0.96915,0.96945,2.40,1.60
2008.03.03 19:27:35.537,0.96915,0.96945,2.40,0.80
2008.03.03 19:27:35.831,0.96915,0.9695,2.40,0.80
2008.03.03 19:27:36.143,0.96915,0.9695,2.40,0.80
2008.03.03 19:27:36.475,0.96915,0.9695,2.40,0.80
2008.03.03 19:27:36.808,0.96915,0.9695,2.40,0.80
2008.03.03 19:27:37.141,0.96915,0.9695,2.40,0.80
2008.03.03 19:27:37.346,0.96915,0.9695,2.40,0.80
2008.03.03 19:27:37.562,0.96915,0.9695,2.40,0.80
2008.03.03 19:27:37.765,0.96915,0.9695,2.40,0.80
2008.03.03 19:27:37.969,0.96915,0.9695,2.40,0.80
2008.03.03 19:27:38.288,0.96915,0.9695,2.40,0.80
2008.03.03 19:27:38.606,0.96915,0.9695,2.40,0.80
2008.03.03 19:27:38.926,0.96915,0.96945,2.40,1.60
2008.03.03 19:27:39.244,0.96915,0.96945,2.40,1.60
2008.03.03 19:27:39.498,0.96915,0.96945,2.40,1.60
2008.03.03 19:27:39.735,0.96915,0.96945,2.40,1.60
2008.03.03 19:27:39.973,0.96915,0.96945,2.40,1.60
2008.03.03 19:27:40.262,0.96915,0.96945,2.40,1.60
2008.03.03 19:27:40.549,0.96915,0.96945,2.40,1.60
2008.03.03 19:27:40.841,0.96915,0.96945,2.40,1.60
2008.03.03 19:27:41.129,0.96915,0.96945,2.40,1.60
2008.03.03 19:27:41.464,0.9691,0.9694,4.00,0.80
2008.03.03 19:27:41.799,0.96915,0.96935,2.40,0.80
2008.03.03 19:27:42.134,0.96905,0.9694,6.50,0.80
2008.03.03 19:27:42.373,0.96905,0.9694,6.50,0.80
2008.03.03 19:27:42.597,0.96905,0.9694,2.50,0.80
2008.03.03 19:27:42.821,0.9691,0.9694,4.00,0.80
2008.03.03 19:27:43.044,0.9691,0.9694,4.00,0.80
2008.03.03 19:27:43.267,0.9691,0.9694,4.00,0.80
2008.03.03 19:27:43.586,0.96905,0.9694,6.50,0.80
2008.03.03 19:27:43.903,0.96905,0.9694,6.50,0.80
2008.03.03 19:27:44.222,0.96905,0.9694,6.50,0.80
2008.03.03 19:27:44.466,0.96905,0.9694,6.50,0.80
2008.03.03 19:27:44.710,0.96905,0.9694,6.50,0.80
2008.03.03 19:27:44.956,0.96905,0.9694,6.50,0.80
2008.03.03 19:27:45.199,0.96905,0.9694,6.90,0.80
2008.03.03 19:27:45.468,0.96915,0.9694,2.40,0.80
2008.03.03 19:27:45.737,0.96915,0.9694,6.40,0.80
2008.03.03 19:27:46.006,0.9692,0.9694,0.20,0.80
2008.03.03 19:27:46.274,0.9692,0.9694,0.20,0.80
2008.03.03 19:27:46.607,0.96915,0.9694,2.40,0.80
2008.03.03 19:27:46.941,0.96915,0.9694,2.40,0.80
2008.03.03 19:27:47.275,0.96915,0.9694,2.40,0.80
2008.03.03 19:27:47.503,0.96915,0.9694,2.40,0.80
2008.03.03 19:27:47.731,0.9691,0.9694,4.10,0.80
2008.03.03 19:27:47.960,0.9691,0.9694,4.10,0.80
2008.03.03 19:27:48.189,0.9691,0.9694,4.10,0.80
2008.03.03 19:27:48.504,0.9691,0.9694,4.10,0.80
2008.03.03 19:27:48.825,0.9691,0.9694,4.10,0.80
2008.03.03 19:27:49.148,0.9691,0.9694,4.10,0.80
2008.03.03 19:27:49.465,0.96915,0.9694,6.40,0.80
2008.03.03 19:27:49.743,0.9692,0.9694,0.20,0.80
2008.03.03 19:27:49.985,0.9692,0.9694,4.10,0.80
2008.03.03 19:27:50.244,0.9692,0.9694,4.10,0.80
2008.03.03 19:27:50.577,0.9692,0.9694,4.10,0.80
2008.03.03 19:27:50.909,0.9692,0.9694,4.10,0.80
2008.03.03 19:27:51.243,0.9692,0.9694,4.10,0.80
2008.03.03 19:27:51.468,0.9692,0.9694,4.10,0.80
2008.03.03 19:27:51.674,0.9692,0.9694,4.10,0.80
2008.03.03 19:27:51.883,0.9692,0.9694,4.10,0.80
2008.03.03 19:27:52.092,0.9692,0.9694,4.10,0.80
2008.03.03 19:27:52.303,0.9692,0.9694,4.10,0.80
2008.03.03 19:27:52.611,0.9692,0.9694,4.10,0.80
2008.03.03 19:27:52.918,0.9692,0.9694,4.10,0.80
2008.03.03 19:27:53.226,0.9692,0.9694,4.10,0.80
2008.03.03 19:27:53.534,0.9692,0.9694,4.10,0.80
2008.03.03 19:27:53.773,0.9692,0.9694,4.10,0.80
2008.03.03 19:27:54.012,0.9692,0.9694,4.10,0.80
2008.03.03 19:27:54.251,0.9692,0.9694,4.10,0.80
2008.03.03 19:27:54.490,0.9692,0.9694,4.10,0.80
2008.03.03 19:27:54.770,0.9692,0.9694,4.00,0.80
2008.03.03 19:27:55.049,0.96925,0.9694,0.80,0.80
2008.03.03 19:27:55.328,0.96925,0.9694,0.80,0.80
2008.03.03 19:27:55.662,0.96925,0.96955,4.80,3.20
2008.03.03 19:27:55.999,0.9693,0.9695,0.20,0.80
2008.03.03 19:27:56.333,0.96935,0.96955,0.80,1.60
2008.03.03 19:27:56.565,0.96935,0.96955,0.80,1.60
2008.03.03 19:27:56.816,0.96935,0.9695,0.80,0.80
2008.03.03 19:27:57.061,0.96935,0.9695,0.80,0.80
2008.03.03 19:27:57.273,0.96935,0.9695,0.80,0.80
2008.03.03 19:27:57.503,0.96935,0.9695,0.80,0.80
2008.03.03 19:27:57.827,0.96935,0.9695,0.80,0.80
2008.03.03 19:27:58.151,0.96935,0.9695,0.80,0.80
2008.03.03 19:27:58.473,0.96935,0.9695,0.80,0.80
2008.03.03 19:27:58.698,0.96935,0.9695,0.80,0.80
2008.03.03 19:27:58.935,0.96935,0.9695,0.80,0.80
2008.03.03 19:27:59.160,0.96935,0.96955,0.80,1.60
2008.03.03 19:27:59.384,0.96935,0.96955,0.80,1.60
2008.03.03 19:27:59.673,0.96935,0.96955,0.80,1.60
2008.03.03 19:27:59.963,0.96935,0.9696,3.20,0.80
2008.03.03 19:28:00.253,0.96935,0.96975,6.40,4.00
2008.03.03 19:28:00.561,0.96945,0.96975,4.00,4.00
2008.03.03 19:28:00.894,0.96945,0.96975,6.40,0.80
2008.03.03 19:28:01.264,0.96945,0.9698,6.40,0.80
2008.03.03 19:28:01.597,0.96945,0.96985,6.40,4.00
2008.03.03 19:28:01.862,0.9695,0.96985,4.00,4.00
2008.03.03 19:28:02.122,0.96955,0.96995,6.40,4.00
2008.03.03 19:28:02.384,0.96955,0.96995,6.40,4.00
2008.03.03 19:28:02.654,0.96955,0.96995,6.40,4.00
2008.03.03 19:28:02.943,0.96955,0.96995,6.40,4.00
2008.03.03 19:28:03.233,0.96955,0.96995,6.40,4.00
2008.03.03 19:28:03.522,0.96965,0.96995,2.40,1.60
2008.03.03 19:28:03.812,0.96965,0.96995,2.40,0.80
2008.03.03 19:28:04.101,0.96965,0.97,8.00,0.30
2008.03.03 19:28:04.391,0.9697,0.97005,0.20,2.40
2008.03.03 19:28:04.644,0.9697,0.97005,4.10,2.40
2008.03.03 19:28:04.899,0.9697,0.97005,4.10,2.40
2008.03.03 19:28:05.152,0.9697,0.97005,4.10,2.40
2008.03.03 19:28:05.406,0.96975,0.9701,2.40,1.00
2008.03.03 19:28:05.677,0.96975,0.9701,2.40,1.00
2008.03.03 19:28:05.993,0.96975,0.9701,2.40,1.00
2008.03.03 19:28:06.327,0.96975,0.9701,2.40,1.00
2008.03.03 19:28:06.660,0.96975,0.9701,2.40,1.00
2008.03.03 19:28:06.889,0.96975,0.9701,2.40,0.30
2008.03.03 19:28:07.117,0.96975,0.9701,2.40,0.30
2008.03.03 19:28:07.345,0.96975,0.9701,2.40,0.30
2008.03.03 19:28:07.573,0.96975,0.9701,2.40,0.30
2008.03.03 19:28:07.872,0.96975,0.9701,2.40,0.30
2008.03.03 19:28:08.171,0.96975,0.9701,2.40,1.00
2008.03.03 19:28:08.469,0.96975,0.9701,2.40,1.00
2008.03.03 19:28:08.767,0.96975,0.9701,2.40,1.00
2008.03.03 19:28:09.020,0.96975,0.9701,2.40,1.00
2008.03.03 19:28:09.263,0.96975,0.9701,2.40,0.30
2008.03.03 19:28:09.506,0.96975,0.9701,2.40,0.30
2008.03.03 19:28:09.794,0.96975,0.9701,2.40,0.30
2008.03.03 19:28:10.082,0.96975,0.9701,2.40,0.30
2008.03.03 19:28:10.370,0.96975,0.9701,2.40,0.30
2008.03.03 19:28:10.660,0.96975,0.97015,2.40,4.00
2008.03.03 19:28:10.994,0.96975,0.97015,2.40,0.80
2008.03.03 19:28:11.329,0.9698,0.9702,4.00,1.00
2008.03.03 19:28:11.663,0.96985,0.9702,2.40,1.00
2008.03.03 19:28:11.902,0.9699,0.9702,0.20,1.00
2008.03.03 19:28:12.141,0.9699,0.9702,0.20,1.00
2008.03.03 19:28:12.378,0.9699,0.9702,0.20,1.00
2008.03.03 19:28:12.616,0.9699,0.9702,0.20,1.00
2008.03.03 19:28:12.904,0.9699,0.9702,0.20,1.00
2008.03.03 19:28:13.192,0.9699,0.9702,0.20,1.00
2008.03.03 19:28:13.480,0.9699,0.9702,0.20,1.00
2008.03.03 19:28:13.769,0.9699,0.9702,0.20,1.00
2008.03.03 19:28:14.023,0.9699,0.9702,0.20,1.00
2008.03.03 19:28:14.277,0.9699,0.9702,0.20,1.00
2008.03.03 19:28:14.531,0.9699,0.9702,0.20,1.00
2008.03.03 19:28:14.785,0.9699,0.9702,0.20,1.00
2008.03.03 19:28:15.060,0.9699,0.97025,4.10,4.00
2008.03.03 19:28:15.333,0.9699,0.97025,4.10,4.00
2008.03.03 19:28:15.606,0.9699,0.97025,4.10,4.00
2008.03.03 19:28:15.941,0.9699,0.97025,4.10,2.40
2008.03.03 19:28:16.274,0.9699,0.97025,4.10,2.40
2008.03.03 19:28:16.608,0.9699,0.97025,4.10,2.40
2008.03.03 19:28:16.825,0.9699,0.97025,4.10,2.40
2008.03.03 19:28:17.043,0.9699,0.97025,4.10,2.40
2008.03.03 19:28:17.262,0.9699,0.97025,4.10,2.40
2008.03.03 19:28:17.479,0.9699,0.97025,4.10,2.40
2008.03.03 19:28:17.707,0.9699,0.97025,4.10,2.40
2008.03.03 19:28:18.015,0.9699,0.97025,4.10,3.20
2008.03.03 19:28:18.325,0.9699,0.97025,4.10,4.00
2008.03.03 19:28:18.632,0.9699,0.97025,4.10,4.00
2008.03.03 19:28:18.865,0.9699,0.97025,4.10,4.00
2008.03.03 19:28:19.105,0.9699,0.97025,4.10,4.00
2008.03.03 19:28:19.338,0.9699,0.97025,4.10,4.00
2008.03.03 19:28:19.572,0.9699,0.97025,4.10,4.00
2008.03.03 19:28:19.804,0.9699,0.97025,4.10,4.00
2008.03.03 19:28:20.103,0.9699,0.97025,4.10,4.00
2008.03.03 19:28:20.403,0.9699,0.97025,4.10,4.00
2008.03.03 19:28:20.700,0.9699,0.97025,4.10,4.00
2008.03.03 19:28:21.034,0.9699,0.97025,4.10,4.00
2008.03.03 19:28:21.367,0.9699,0.97025,4.10,4.00
2008.03.03 19:28:21.700,0.9699,0.97025,4.10,4.00
2008.03.03 19:28:21.924,0.9699,0.97025,4.10,4.00
2008.03.03 19:28:22.147,0.9699,0.97025,4.10,4.00
2008.03.03 19:28:22.370,0.9699,0.97025,4.10,4.00
2008.03.03 19:28:22.594,0.96985,0.97025,6.40,4.00
2008.03.03 19:28:22.817,0.96985,0.97025,6.40,4.00
2008.03.03 19:28:23.131,0.96985,0.97025,6.40,4.00
2008.03.03 19:28:23.445,0.96985,0.97025,6.40,4.00
2008.03.03 19:28:23.758,0.96985,0.97025,6.40,4.00
2008.03.03 19:28:23.976,0.96985,0.97025,6.40,4.00
2008.03.03 19:28:24.194,0.96985,0.97025,6.40,4.00
2008.03.03 19:28:24.412,0.96985,0.97025,6.40,4.00
2008.03.03 19:28:24.630,0.96985,0.97025,6.40,4.00
2008.03.03 19:28:24.849,0.96985,0.97025,6.40,4.00
2008.03.03 19:28:25.162,0.96985,0.97025,6.40,4.00
2008.03.03 19:28:25.460,0.96985,0.97025,6.40,4.00
2008.03.03 19:28:25.761,0.96985,0.97025,6.40,4.00
2008.03.03 19:28:26.059,0.96985,0.97025,6.40,4.00
2008.03.03 19:28:26.393,0.96985,0.97025,2.40,4.00
2008.03.03 19:28:26.728,0.96985,0.97025,2.40,4.00
2008.03.03 19:28:27.070,0.96985,0.97025,2.40,4.00
2008.03.03 19:28:27.316,0.96985,0.97025,2.40,4.00
2008.03.03 19:28:27.575,0.96985,0.97025,2.40,4.00
2008.03.03 19:28:27.812,0.96985,0.97025,2.40,4.00
2008.03.03 19:28:28.054,0.96985,0.97025,2.40,4.00
2008.03.03 19:28:28.323,0.96985,0.97025,2.40,4.00
2008.03.03 19:28:28.592,0.96985,0.97025,2.40,4.00
2008.03.03 19:28:28.860,0.96985,0.97025,2.40,4.00
2008.03.03 19:28:29.108,0.96985,0.97025,2.40,4.00
2008.03.03 19:28:29.355,0.96985,0.97025,2.40,4.00
2008.03.03 19:28:29.603,0.96985,0.97025,2.40,4.00
2008.03.03 19:28:29.852,0.96985,0.97025,2.40,4.00
2008.03.03 19:28:30.140,0.96985,0.97025,2.40,4.00
2008.03.03 19:28:30.428,0.96985,0.97025,2.40,4.00
2008.03.03 19:28:30.716,0.96985,0.97025,2.40,4.00
2008.03.03 19:28:31.004,0.96985,0.97025,2.40,4.00
2008.03.03 19:28:31.338,0.96985,0.97025,2.40,4.00
2008.03.03 19:28:31.671,0.96985,0.97025,2.40,4.80
2008.03.03 19:28:32.006,0.9698,0.97015,4.10,4.00
2008.03.03 19:28:32.227,0.9698,0.97015,4.10,4.00
2008.03.03 19:28:32.405,0.9698,0.97015,4.10,4.00
2008.03.03 19:28:32.605,0.9698,0.97015,4.10,4.00
2008.03.03 19:28:32.803,0.9698,0.97015,4.10,4.00
2008.03.03 19:28:33.001,0.9698,0.97015,4.10,4.00
2008.03.03 19:28:33.334,0.9698,0.97015,4.10,4.00
2008.03.03 19:28:33.668,0.9698,0.97015,4.10,4.00
2008.03.03 19:28:34.002,0.9698,0.97015,4.10,4.00
2008.03.03 19:28:34.221,0.9698,0.97015,4.10,2.40
2008.03.03 19:28:34.440,0.9698,0.97015,4.10,2.40
2008.03.03 19:28:34.660,0.96985,0.97025,2.40,4.00
2008.03.03 19:28:34.879,0.96985,0.97025,2.40,4.00
2008.03.03 19:28:35.109,0.96985,0.97025,2.40,4.00
2008.03.03 19:28:35.443,0.96985,0.97025,2.40,4.00
2008.03.03 19:28:35.776,0.96985,0.97025,2.40,4.00
2008.03.03 19:28:36.110,0.96985,0.97025,2.40,4.00
2008.03.03 19:28:36.443,0.96985,0.97025,2.40,4.00
2008.03.03 19:28:36.777,0.96985,0.97025,2.40,4.00
2008.03.03 19:28:37.109,0.96985,0.97025,2.40,4.00
2008.03.03 19:28:37.328,0.96985,0.97025,2.40,4.00
2008.03.03 19:28:37.546,0.96985,0.97025,2.40,4.00
2008.03.03 19:28:37.763,0.96985,0.97025,2.40,4.00
2008.03.03 19:28:37.982,0.96985,0.97025,2.40,4.00
2008.03.03 19:28:38.199,0.96985,0.97025,2.40,4.00
2008.03.03 19:28:38.483,0.96985,0.97025,2.40,4.00
2008.03.03 19:28:38.766,0.96985,0.97025,2.40,4.00
2008.03.03 19:28:39.050,0.96985,0.97025,2.40,4.00
2008.03.03 19:28:39.332,0.96985,0.97025,2.40,4.00
2008.03.03 19:28:39.601,0.96985,0.97025,2.40,4.00
2008.03.03 19:28:39.870,0.96985,0.97025,2.40,4.80
2008.03.03 19:28:40.138,0.9698,0.97015,4.10,2.40
2008.03.03 19:28:40.402,0.9698,0.97015,4.10,2.40
2008.03.03 19:28:40.666,0.9698,0.97015,4.10,2.40
2008.03.03 19:28:40.929,0.9698,0.9701,4.00,0.30
2008.03.03 19:28:41.193,0.9698,0.9701,4.00,0.30
2008.03.03 19:28:41.527,0.96975,0.9701,4.80,1.00
2008.03.03 19:28:41.861,0.96975,0.9701,4.80,1.00
2008.03.03 19:28:42.196,0.96975,0.97005,2.40,2.40
2008.03.03 19:28:42.426,0.96975,0.97005,2.40,2.40
2008.03.03 19:28:42.653,0.96975,0.97005,2.40,2.40
2008.03.03 19:28:42.881,0.96975,0.97005,2.40,2.40
2008.03.03 19:28:43.110,0.96975,0.97005,2.40,2.40
2008.03.03 19:28:43.415,0.96975,0.97005,2.40,2.40
2008.03.03 19:28:43.718,0.96975,0.97005,2.40,2.40
2008.03.03 19:28:44.022,0.96975,0.97005,2.40,2.40
2008.03.03 19:28:44.326,0.96975,0.97005,2.40,2.40
2008.03.03 19:28:44.553,0.96975,0.97005,2.40,2.40
2008.03.03 19:28:44.782,0.96975,0.97005,2.40,2.40
2008.03.03 19:28:45.011,0.96975,0.97005,2.40,2.40
2008.03.03 19:28:45.240,0.96975,0.97005,2.40,2.40
2008.03.03 19:28:45.544,0.96975,0.97005,2.40,2.40
2008.03.03 19:28:45.869,0.96975,0.97005,2.40,2.40
2008.03.03 19:28:46.151,0.96975,0.97005,2.40,2.40
2008.03.03 19:28:46.485,0.96975,0.97005,2.40,2.40
2008.03.03 19:28:46.818,0.96975,0.97005,2.40,2.40
2008.03.03 19:28:47.150,0.96975,0.97005,2.40,2.40
2008.03.03 19:28:47.485,0.96975,0.97005,2.40,2.40
2008.03.03 19:28:47.692,0.96975,0.97005,2.40,3.20
2008.03.03 19:28:47.902,0.96975,0.97005,2.40,4.00
2008.03.03 19:28:48.110,0.96975,0.97005,2.40,4.00
2008.03.03 19:28:48.319,0.96975,0.97005,2.40,4.00
2008.03.03 19:28:48.652,0.96975,0.97005,2.40,4.00
2008.03.03 19:28:48.985,0.96975,0.97005,2.40,4.00
2008.03.03 19:28:49.319,0.96975,0.97005,2.40,4.00
2008.03.03 19:28:49.523,0.96975,0.97005,2.40,4.00
2008.03.03 19:28:49.741,0.96975,0.97005,2.40,4.00
2008.03.03 19:28:49.943,0.96975,0.97005,2.40,4.00
2008.03.03 19:28:50.147,0.96975,0.97005,2.40,4.00
2008.03.03 19:28:50.350,0.96975,0.97005,2.40,4.00
2008.03.03 19:28:50.684,0.96975,0.97005,2.40,4.00
2008.03.03 19:28:51.018,0.96975,0.97005,2.40,4.00
2008.03.03 19:28:51.352,0.96975,0.9701,2.40,1.00
2008.03.03 19:28:51.572,0.9698,0.97015,4.10,4.00
2008.03.03 19:28:51.808,0.9698,0.97015,4.10,4.00
2008.03.03 19:28:52.025,0.9698,0.97015,4.10,4.00
2008.03.03 19:28:52.244,0.9698,0.97015,4.10,4.00
2008.03.03 19:28:52.463,0.9698,0.97015,4.10,4.00
2008.03.03 19:28:52.792,0.9698,0.9701,4.00,0.30
2008.03.03 19:28:53.120,0.96975,0.9701,4.80,1.00
2008.03.03 19:28:53.447,0.96975,0.9701,4.80,1.00
2008.03.03 19:28:53.661,0.96975,0.9701,4.80,1.00
2008.03.03 19:28:53.875,0.96975,0.9701,4.80,1.00
2008.03.03 19:28:54.089,0.96975,0.97005,4.80,1.60
2008.03.03 19:28:54.301,0.96975,0.97005,4.80,1.60
2008.03.03 19:28:54.515,0.96975,0.97005,4.80,1.60
2008.03.03 19:28:54.824,0.96975,0.97005,4.80,1.60
2008.03.03 19:28:55.133,0.96975,0.97005,2.40,4.00
2008.03.03 19:28:55.442,0.96975,0.97005,2.40,4.00
2008.03.03 19:28:55.775,0.96975,0.97005,2.40,4.00
2008.03.03 19:28:56.108,0.96975,0.97005,2.40,4.00
2008.03.03 19:28:56.442,0.9697,0.97005,4.00,4.00
2008.03.03 19:28:56.690,0.96965,0.97,2.40,0.80
2008.03.03 19:28:56.923,0.96965,0.97,2.40,0.80
2008.03.03 19:28:57.158,0.96965,0.97,2.40,0.80
2008.03.03 19:28:57.391,0.9696,0.96995,4.00,2.40
2008.03.03 19:28:57.625,0.9696,0.96995,4.00,2.40
2008.03.03 19:28:57.913,0.9696,0.96995,4.00,2.40
2008.03.03 19:28:58.202,0.9696,0.96995,4.00,2.40
2008.03.03 19:28:58.491,0.9696,0.96995,4.00,2.40
2008.03.03 19:28:58.740,0.9696,0.96995,4.00,2.40
2008.03.03 19:28:58.993,0.9696,0.96995,4.00,2.40
2008.03.03 19:28:59.259,0.9696,0.96995,4.00,2.40
2008.03.03 19:28:59.507,0.9696,0.96995,4.00,2.40
2008.03.03 19:28:59.786,0.9696,0.96995,4.00,2.40
2008.03.03 19:29:00.066,0.9696,0.96995,4.00,2.40
2008.03.03 19:29:00.344,0.9696,0.96995,4.00,2.40
2008.03.03 19:29:00.622,0.9696,0.96995,4.00,2.40
2008.03.03 19:29:00.973,0.96965,0.97,2.40,0.80
2008.03.03 19:29:01.305,0.96965,0.97,2.40,0.80
2008.03.03 19:29:01.640,0.96965,0.97,2.40,0.80
2008.03.03 19:29:01.859,0.96965,0.96995,2.40,1.60
2008.03.03 19:29:02.078,0.96965,0.96995,2.40,1.60
2008.03.03 19:29:02.296,0.96965,0.96995,2.40,1.60
2008.03.03 19:29:02.514,0.96965,0.96995,2.40,1.60
2008.03.03 19:29:02.750,0.96965,0.96995,2.40,1.60
2008.03.03 19:29:03.077,0.96965,0.96995,2.40,1.60
2008.03.03 19:29:03.411,0.96965,0.96995,2.40,1.60
2008.03.03 19:29:03.737,0.96965,0.96995,2.40,1.60
2008.03.03 19:29:03.951,0.96965,0.96995,2.40,1.60
2008.03.03 19:29:04.163,0.96965,0.96995,2.40,1.60
2008.03.03 19:29:04.376,0.96965,0.96995,2.40,1.60
2008.03.03 19:29:04.590,0.96965,0.96995,2.40,1.60
2008.03.03 19:29:04.803,0.96965,0.96995,2.40,1.60
2008.03.03 19:29:05.121,0.96965,0.96995,2.40,1.60
2008.03.03 19:29:05.440,0.96965,0.96995,2.40,1.60
2008.03.03 19:29:05.759,0.96965,0.96995,2.40,1.60
2008.03.03 19:29:06.092,0.96965,0.96995,2.40,1.60
2008.03.03 19:29:06.426,0.96965,0.96995,2.40,1.60
2008.03.03 19:29:06.760,0.96965,0.96995,2.40,1.60
2008.03.03 19:29:06.984,0.96965,0.9699,2.40,0.80
2008.03.03 19:29:07.206,0.96955,0.9699,8.80,0.80
2008.03.03 19:29:07.390,0.96955,0.9699,8.80,0.80
2008.03.03 19:29:07.594,0.96955,0.9699,8.80,0.80
2008.03.03 19:29:07.797,0.96955,0.9699,8.80,0.80
2008.03.03 19:29:08.130,0.96955,0.9699,8.80,0.80
2008.03.03 19:29:08.463,0.96955,0.96985,8.80,0.80
2008.03.03 19:29:08.798,0.96955,0.96985,8.80,1.60
2008.03.03 19:29:09.005,0.96955,0.96985,8.80,1.60
2008.03.03 19:29:09.213,0.96955,0.96985,8.80,0.80
2008.03.03 19:29:09.422,0.96955,0.96985,8.80,1.60
2008.03.03 19:29:09.630,0.96955,0.96985,8.80,1.60
2008.03.03 19:29:09.839,0.96955,0.96985,8.80,1.60
2008.03.03 19:29:10.190,0.96955,0.96985,8.80,1.60
2008.03.03 19:29:10.523,0.96955,0.96985,8.80,1.60
2008.03.03 19:29:10.856,0.96955,0.96985,8.80,1.60
2008.03.03 19:29:11.189,0.96955,0.96985,4.80,1.60
2008.03.03 19:29:11.523,0.96955,0.96985,4.80,1.60
2008.03.03 19:29:11.856,0.96955,0.96985,4.80,1.60
2008.03.03 19:29:12.084,0.96955,0.96985,4.80,1.60
2008.03.03 19:29:12.312,0.96955,0.96985,4.80,1.60
2008.03.03 19:29:12.557,0.96955,0.96985,4.80,1.60
2008.03.03 19:29:12.785,0.96955,0.96985,4.80,1.60
2008.03.03 19:29:13.013,0.96955,0.96985,4.80,1.60
2008.03.03 19:29:13.316,0.96955,0.96985,4.80,1.60
2008.03.03 19:29:13.619,0.96955,0.96985,4.80,1.60
2008.03.03 19:29:13.922,0.96955,0.96985,4.80,1.60
2008.03.03 19:29:14.155,0.96955,0.96985,4.80,1.60
2008.03.03 19:29:14.388,0.96955,0.96985,4.80,1.60
2008.03.03 19:29:14.622,0.96955,0.96985,4.80,1.60
2008.03.03 19:29:14.855,0.96955,0.96985,4.80,1.60
2008.03.03 19:29:15.148,0.96955,0.96985,4.80,1.60
2008.03.03 19:29:15.441,0.96955,0.96985,4.80,1.60
2008.03.03 19:29:15.734,0.96955,0.96985,4.80,1.60
2008.03.03 19:29:16.027,0.96955,0.96985,4.80,1.60
2008.03.03 19:29:16.360,0.96955,0.96985,4.80,1.60
2008.03.03 19:29:16.694,0.96955,0.96985,4.80,1.60
2008.03.03 19:29:17.027,0.96955,0.96985,4.80,1.60
2008.03.03 19:29:17.246,0.96955,0.96985,4.80,1.60
2008.03.03 19:29:17.434,0.96955,0.96985,4.80,1.60
2008.03.03 19:29:17.637,0.96955,0.96985,4.80,1.60
2008.03.03 19:29:17.840,0.96955,0.96985,4.80,1.60
2008.03.03 19:29:18.043,0.96955,0.96985,4.80,1.60
2008.03.03 19:29:18.373,0.96955,0.9699,4.80,1.00
2008.03.03 19:29:18.697,0.96955,0.9699,2.40,1.00
2008.03.03 19:29:19.024,0.96945,0.9698,2.40,0.30
2008.03.03 19:29:19.245,0.96945,0.9698,2.40,0.30
2008.03.03 19:29:19.469,0.96945,0.9698,2.40,1.00
2008.03.03 19:29:19.693,0.96945,0.9698,2.40,1.00
2008.03.03 19:29:19.919,0.96945,0.9698,2.40,1.00
2008.03.03 19:29:20.245,0.96945,0.9698,2.40,1.00
2008.03.03 19:29:20.535,0.96945,0.9698,2.40,1.00
2008.03.03 19:29:20.843,0.96945,0.9698,2.40,1.00
2008.03.03 19:29:21.153,0.96945,0.9698,2.40,1.00
2008.03.03 19:29:21.486,0.96945,0.9698,2.40,0.30
2008.03.03 19:29:21.821,0.96945,0.96985,6.40,4.00
2008.03.03 19:29:22.154,0.96945,0.96985,6.40,4.00
2008.03.03 19:29:22.373,0.96945,0.96985,6.40,4.00
2008.03.03 19:29:22.598,0.96945,0.96985,6.40,4.00
2008.03.03 19:29:22.816,0.96945,0.96985,6.40,4.00
2008.03.03 19:29:23.033,0.96945,0.96985,6.40,4.00
2008.03.03 19:29:23.342,0.96945,0.96985,6.40,4.00
2008.03.03 19:29:23.650,0.96945,0.96985,6.40,4.00
2008.03.03 19:29:23.960,0.96955,0.96985,2.40,4.00
2008.03.03 19:29:25.670,0.96955,0.96985,8.80,0.80
2008.03.03 19:29:25.709,0.96955,0.9699,8.80,0.80
2008.03.03 19:29:25.746,0.96955,0.9699,8.80,0.80
2008.03.03 19:29:25.791,0.96955,0.9699,8.80,0.80
2008.03.03 19:29:25.818,0.96955,0.9699,8.80,0.80
2008.03.03 19:29:25.846,0.96955,0.96985,8.80,0.80
2008.03.03 19:29:25.876,0.96955,0.96985,8.80,0.80
2008.03.03 19:29:25.916,0.96955,0.96985,8.80,0.80
2008.03.03 19:29:25.943,0.96955,0.96985,8.80,0.80
2008.03.03 19:29:25.973,0.96955,0.96985,8.80,0.80
2008.03.03 19:29:26.006,0.96955,0.96985,8.80,0.80
2008.03.03 19:29:26.032,0.96955,0.96985,8.80,0.80
2008.03.03 19:29:26.060,0.96955,0.96985,8.80,1.60
2008.03.03 19:29:26.090,0.96955,0.96985,8.80,1.60
2008.03.03 19:29:26.120,0.96955,0.96985,8.80,1.60
2008.03.03 19:29:26.167,0.96955,0.96985,8.80,1.60
2008.03.03 19:29:26.204,0.96955,0.96985,8.80,1.60
2008.03.03 19:29:26.244,0.96955,0.96985,8.80,1.60
2008.03.03 19:29:26.256,0.96955,0.96985,8.80,1.60
2008.03.03 19:29:26.284,0.96955,0.96985,8.80,1.60
2008.03.03 19:29:26.312,0.96955,0.96985,8.80,1.60
2008.03.03 19:29:26.352,0.96955,0.96985,8.80,1.60
2008.03.03 19:29:26.380,0.96955,0.96985,8.80,1.60
2008.03.03 19:29:26.444,0.96955,0.96985,8.80,1.60
2008.03.03 19:29:26.474,0.96955,0.96985,8.80,1.60
2008.03.03 19:29:26.504,0.96955,0.96985,8.80,1.60
2008.03.03 19:29:26.536,0.96955,0.96985,8.80,1.60
2008.03.03 19:29:26.581,0.96955,0.96985,8.80,1.60
2008.03.03 19:29:26.607,0.96955,0.96985,8.80,1.60
2008.03.03 19:29:26.637,0.96955,0.9698,4.80,0.80
2008.03.03 19:29:26.673,0.96955,0.9698,4.80,0.80
2008.03.03 19:29:27.023,0.96955,0.9698,4.80,0.80
2008.03.03 19:29:27.368,0.96955,0.9698,4.80,0.80
2008.03.03 19:29:27.715,0.96955,0.9698,4.80,0.80
2008.03.03 19:29:27.960,0.96955,0.9698,4.80,0.80
2008.03.03 19:29:28.212,0.96955,0.9698,4.80,0.80
2008.03.03 19:29:28.428,0.96955,0.9698,4.80,0.80
2008.03.03 19:29:28.662,0.96955,0.9698,4.80,0.80
2008.03.03 19:29:28.896,0.96955,0.9698,4.80,0.80
2008.03.03 19:29:29.201,0.96955,0.9698,4.80,0.80
2008.03.03 19:29:29.504,0.96955,0.9698,4.80,0.80
2008.03.03 19:29:29.824,0.96955,0.9698,4.80,0.80
2008.03.03 19:29:30.053,0.96955,0.9698,4.80,0.80
2008.03.03 19:29:30.282,0.96955,0.9698,4.80,0.80
2008.03.03 19:29:30.511,0.96955,0.9699,4.80,0.80
2008.03.03 19:29:30.740,0.96955,0.9699,8.80,0.80
2008.03.03 19:29:31.074,0.96955,0.9699,8.80,0.80
2008.03.03 19:29:31.407,0.96955,0.9699,8.80,0.80
2008.03.03 19:29:31.742,0.96955,0.96985,8.80,1.60
2008.03.03 19:29:31.960,0.96955,0.96985,8.80,0.80
2008.03.03 19:29:32.179,0.96955,0.9699,8.80,0.80
2008.03.03 19:29:32.397,0.96955,0.9699,8.80,0.80
2008.03.03 19:29:32.617,0.96955,0.9699,8.80,0.80
2008.03.03 19:29:32.835,0.96955,0.9699,8.80,0.80
2008.03.03 19:29:33.158,0.9695,0.96985,4.00,2.40
2008.03.03 19:29:33.468,0.9695,0.96985,4.00,2.40
2008.03.03 19:29:33.775,0.9695,0.96985,4.00,2.40
2008.03.03 19:29:34.014,0.9695,0.96985,4.00,2.40
2008.03.03 19:29:34.254,0.9695,0.96985,4.00,2.40
2008.03.03 19:29:34.508,0.9695,0.96985,4.00,2.40
2008.03.03 19:29:34.747,0.9695,0.96985,4.00,2.40
2008.03.03 19:29:34.985,0.9695,0.96985,4.00,2.40
2008.03.03 19:29:35.284,0.9695,0.96985,4.00,4.00
2008.03.03 19:29:35.583,0.96945,0.96985,6.40,4.00
2008.03.03 19:29:35.883,0.96945,0.96985,6.40,4.00
2008.03.03 19:29:36.216,0.96945,0.96985,6.40,4.00
2008.03.03 19:29:36.550,0.96945,0.96985,6.40,2.40
2008.03.03 19:29:36.903,0.96945,0.96985,6.40,2.40
2008.03.03 19:29:37.110,0.96945,0.96985,6.40,2.40
2008.03.03 19:29:37.319,0.96945,0.96985,6.40,2.40
2008.03.03 19:29:37.529,0.96945,0.96985,6.40,2.40
2008.03.03 19:29:37.737,0.96945,0.96985,6.40,2.40
2008.03.03 19:29:37.945,0.96945,0.96985,6.40,2.40
2008.03.03 19:29:38.290,0.96945,0.96985,6.40,2.40
2008.03.03 19:29:38.623,0.96945,0.96985,6.40,2.40
2008.03.03 19:29:38.957,0.96945,0.96985,6.40,2.40
2008.03.03 19:29:39.176,0.96945,0.96985,6.40,2.40
2008.03.03 19:29:39.394,0.96945,0.96985,6.40,2.40
2008.03.03 19:29:39.613,0.96945,0.96985,2.40,2.40
2008.03.03 19:29:39.852,0.96945,0.96985,2.40,2.40
2008.03.03 19:29:40.171,0.96945,0.96985,2.40,2.40
2008.03.03 19:29:40.489,0.96945,0.96985,2.40,2.40
2008.03.03 19:29:40.807,0.96945,0.96985,2.40,2.40
2008.03.03 19:29:41.126,0.96945,0.96985,2.40,2.40
2008.03.03 19:29:41.459,0.96945,0.96985,2.40,2.40
2008.03.03 19:29:41.792,0.96945,0.96985,2.40,2.40
2008.03.03 19:29:42.126,0.96945,0.96985,2.40,2.40
2008.03.03 19:29:42.334,0.96945,0.96985,2.40,2.40
2008.03.03 19:29:42.542,0.96945,0.96985,2.40,2.40
2008.03.03 19:29:42.750,0.96945,0.96985,2.40,2.40
2008.03.03 19:29:42.959,0.96945,0.96985,2.40,2.40
2008.03.03 19:29:43.268,0.96945,0.96985,2.40,3.20
2008.03.03 19:29:43.586,0.96945,0.9698,2.40,0.80
2008.03.03 19:29:43.905,0.96945,0.96975,2.40,1.60
2008.03.03 19:29:44.205,0.96935,0.96975,6.40,4.00
2008.03.03 19:29:44.493,0.96935,0.96975,6.40,4.00
2008.03.03 19:29:46.589,0.96945,0.96975,2.40,1.60
2008.03.03 19:29:46.855,0.96945,0.96975,2.40,1.60
2008.03.03 19:29:46.959,0.96945,0.96975,2.40,1.60
2008.03.03 19:29:47.056,0.96945,0.96975,2.40,1.60
2008.03.03 19:29:47.155,0.96945,0.96975,2.40,1.60
2008.03.03 19:29:47.258,0.96945,0.96975,2.40,1.60
2008.03.03 19:29:47.356,0.96945,0.96975,2.40,1.60
2008.03.03 19:29:47.454,0.96945,0.96975,2.40,1.60
2008.03.03 19:29:47.555,0.96945,0.96975,2.40,1.60
2008.03.03 19:29:47.670,0.96945,0.96975,2.40,1.60
2008.03.03 19:29:48.004,0.96945,0.96975,2.40,4.00
2008.03.03 19:29:48.337,0.96945,0.96975,2.40,4.00
2008.03.03 19:29:48.671,0.96945,0.96975,2.40,4.00
2008.03.03 19:29:48.894,0.96945,0.96975,2.40,4.00
2008.03.03 19:29:49.118,0.96945,0.96975,2.40,4.00
2008.03.03 19:29:49.340,0.96945,0.96975,2.40,4.00
2008.03.03 19:29:49.563,0.96945,0.96975,2.40,4.00
2008.03.03 19:29:49.813,0.96945,0.96975,2.40,4.00
2008.03.03 19:29:50.116,0.96945,0.96975,2.40,4.00
2008.03.03 19:29:50.421,0.96945,0.96975,2.40,4.00
2008.03.03 19:29:50.724,0.96945,0.96975,2.40,4.00
2008.03.03 19:29:51.058,0.96945,0.96975,2.40,4.00
2008.03.03 19:29:51.394,0.96945,0.96975,2.40,4.00
2008.03.03 19:29:51.727,0.96945,0.96975,2.40,4.00
2008.03.03 19:29:51.936,0.96945,0.96975,2.40,4.00
2008.03.03 19:29:52.144,0.96945,0.96975,2.40,4.00
2008.03.03 19:29:52.353,0.96945,0.96975,2.40,4.00
2008.03.03 19:29:52.561,0.96945,0.96975,2.40,4.00
2008.03.03 19:29:52.771,0.96945,0.96975,2.40,4.00
2008.03.03 19:29:53.107,0.96945,0.96975,2.40,4.00
2008.03.03 19:29:53.447,0.96945,0.96975,2.40,4.00
2008.03.03 19:29:53.781,0.96945,0.96975,2.40,4.00
2008.03.03 19:29:54.015,0.96945,0.96975,2.40,2.40
2008.03.03 19:29:54.245,0.96945,0.9698,4.70,0.30
2008.03.03 19:29:54.476,0.96945,0.9698,4.70,0.30
2008.03.03 19:29:54.715,0.96945,0.9698,4.70,0.30
2008.03.03 19:29:55.008,0.96945,0.9698,4.80,0.30
2008.03.03 19:29:55.303,0.96955,0.9699,4.70,0.30
2008.03.03 19:29:55.597,0.96955,0.96995,2.30,2.40
2008.03.03 19:29:55.890,0.96955,0.96995,6.30,2.40
2008.03.03 19:29:56.225,0.96965,0.96995,2.40,2.40
2008.03.03 19:29:56.560,0.96965,0.96995,2.40,2.40
2008.03.03 19:29:56.892,0.96965,0.96995,2.40,2.40
2008.03.03 19:29:57.136,0.96965,0.97,2.40,1.00
2008.03.03 19:29:57.381,0.96965,0.97,2.40,0.80
2008.03.03 19:29:57.624,0.96965,0.97,2.40,0.80
2008.03.03 19:29:57.868,0.96965,0.97,2.40,0.80
2008.03.03 19:29:58.147,0.96965,0.97,2.40,0.80
2008.03.03 19:29:58.426,0.96965,0.97,2.40,0.80
2008.03.03 19:29:58.705,0.96965,0.97,2.40,0.80
2008.03.03 19:29:58.984,0.96965,0.97,2.40,0.80
2008.03.03 19:29:59.242,0.96965,0.97,2.40,0.80
2008.03.03 19:29:59.501,0.96965,0.97,2.40,0.80
2008.03.03 19:29:59.760,0.96965,0.97,6.40,0.80
2008.03.03 19:30:00.019,0.96965,0.97,6.40,0.80
2008.03.03 19:30:00.304,0.96965,0.96995,6.40,1.60
2008.03.03 19:30:00.579,0.96965,0.96995,6.40,1.60
2008.03.03 19:30:00.852,0.96965,0.96995,6.40,1.60
2008.03.03 19:30:01.186,0.96965,0.96995,6.40,0.80
2008.03.03 19:30:01.519,0.96965,0.97005,6.40,4.00
2008.03.03 19:30:01.857,0.96965,0.97005,6.40,4.00
2008.03.03 19:30:02.070,0.96965,0.97005,6.40,4.00
2008.03.03 19:30:02.283,0.96965,0.97005,6.40,4.00
2008.03.03 19:30:02.496,0.96965,0.97005,6.40,4.00
2008.03.03 19:30:02.722,0.96965,0.97005,6.40,4.00
2008.03.03 19:30:02.936,0.96965,0.97005,6.40,4.00
2008.03.03 19:30:03.254,0.96965,0.97005,6.40,4.00
2008.03.03 19:30:03.571,0.96965,0.97005,6.40,4.00
2008.03.03 19:30:03.889,0.96965,0.97005,6.40,4.00
2008.03.03 19:30:04.117,0.96965,0.97005,6.40,4.00
2008.03.03 19:30:04.345,0.96965,0.97,6.40,0.80
2008.03.03 19:30:04.575,0.96965,0.97,6.40,0.80
2008.03.03 19:30:04.805,0.96965,0.97,3.20,0.80
2008.03.03 19:30:05.033,0.96965,0.97,2.40,0.80
2008.03.03 19:30:05.346,0.96965,0.97,3.20,0.80
2008.03.03 19:30:05.660,0.9696,0.96995,4.00,2.40
2008.03.03 19:30:05.973,0.9696,0.96995,4.00,2.40
2008.03.03 19:30:06.307,0.96965,0.97,7.20,0.80
2008.03.03 19:30:06.641,0.96965,0.97,6.40,0.80
2008.03.03 19:30:06.974,0.96965,0.97,6.40,0.80
2008.03.03 19:30:07.307,0.96965,0.97,6.40,0.80
2008.03.03 19:30:07.520,0.96965,0.97,6.40,0.80
2008.03.03 19:30:07.735,0.96975,0.97,2.40,0.80
2008.03.03 19:30:07.949,0.96975,0.97005,2.40,0.80
2008.03.03 19:30:08.162,0.96975,0.97015,2.40,7.20
2008.03.03 19:30:08.476,0.96975,0.9701,2.40,1.00
2008.03.03 19:30:08.790,0.96975,0.9701,2.40,0.30
2008.03.03 19:30:09.104,0.96975,0.9701,2.40,0.30
2008.03.03 19:30:09.372,0.96975,0.9701,2.40,1.00
2008.03.03 19:30:09.640,0.96975,0.9701,2.40,1.00
2008.03.03 19:30:09.909,0.96975,0.9701,2.40,1.00
2008.03.03 19:30:10.177,0.96975,0.9701,2.40,1.00
2008.03.03 19:30:10.411,0.96975,0.9701,2.40,1.00
2008.03.03 19:30:10.653,0.96975,0.9701,2.40,0.30
2008.03.03 19:30:10.886,0.96975,0.9701,2.40,0.30
2008.03.03 19:30:11.119,0.96975,0.9701,2.40,0.30
2008.03.03 19:30:11.453,0.96975,0.96995,2.40,0.80
2008.03.03 19:30:11.788,0.9697,0.97005,4.00,4.00
2008.03.03 19:30:12.123,0.96965,0.97005,2.40,4.00
2008.03.03 19:30:12.370,0.96965,0.97,2.40,0.30
2008.03.03 19:30:12.581,0.96965,0.97,2.40,0.30
2008.03.03 19:30:12.810,0.96965,0.97,6.40,0.30
2008.03.03 19:30:13.038,0.96965,0.97005,6.40,4.00
2008.03.03 19:30:13.267,0.96965,0.97005,6.40,4.00
2008.03.03 19:30:13.565,0.96965,0.97005,6.40,4.00
2008.03.03 19:30:13.870,0.96965,0.97005,6.40,4.00
2008.03.03 19:30:14.185,0.96965,0.97005,6.40,4.00
2008.03.03 19:30:14.406,0.96965,0.97005,6.40,4.00
2008.03.03 19:30:14.644,0.96965,0.97005,6.40,4.00
2008.03.03 19:30:14.882,0.96965,0.97005,6.40,3.20
2008.03.03 19:30:15.121,0.96965,0.97005,6.40,2.40
2008.03.03 19:30:15.367,0.96965,0.97005,6.40,2.40
2008.03.03 19:30:15.692,0.9697,0.97005,4.10,2.40
2008.03.03 19:30:16.001,0.9697,0.97005,4.10,2.40
2008.03.03 19:30:16.311,0.9697,0.97005,4.10,2.40
2008.03.03 19:30:16.643,0.9697,0.97005,4.10,2.40
2008.03.03 19:30:16.977,0.96975,0.97015,2.40,6.40
2008.03.03 19:30:17.313,0.96975,0.97015,2.40,4.00
2008.03.03 19:30:17.516,0.96975,0.97015,2.40,4.00
2008.03.03 19:30:17.721,0.96975,0.97015,2.40,6.40
2008.03.03 19:30:17.926,0.96975,0.9701,2.40,0.80
2008.03.03 19:30:18.129,0.96975,0.9701,2.40,0.80
2008.03.03 19:30:18.334,0.96975,0.9701,2.40,1.00
2008.03.03 19:30:18.662,0.96975,0.9701,2.40,1.00
2008.03.03 19:30:18.990,0.96975,0.9701,2.40,1.00
2008.03.03 19:30:19.330,0.96975,0.9701,2.40,1.00
2008.03.03 19:30:19.547,0.96975,0.9701,2.40,1.00
2008.03.03 19:30:19.765,0.96975,0.9701,2.40,0.30
2008.03.03 19:30:19.984,0.96975,0.9701,2.40,0.30
2008.03.03 19:30:20.202,0.96975,0.9701,2.40,1.00
2008.03.03 19:30:20.520,0.96975,0.9701,2.40,1.00
2008.03.03 19:30:20.838,0.96975,0.9701,2.40,1.00
2008.03.03 19:30:21.157,0.96975,0.9701,2.40,1.00
2008.03.03 19:30:21.476,0.96975,0.9701,2.40,1.00
2008.03.03 19:30:21.810,0.96975,0.9701,2.40,1.00
2008.03.03 19:30:22.143,0.96975,0.9701,2.40,1.00
2008.03.03 19:30:22.476,0.96975,0.9701,2.40,1.00
2008.03.03 19:30:22.694,0.96975,0.9701,2.40,1.00
2008.03.03 19:30:22.911,0.96975,0.9701,2.40,1.00
2008.03.03 19:30:23.131,0.96975,0.9701,2.40,1.00
2008.03.03 19:30:23.349,0.96975,0.9701,2.40,1.00
2008.03.03 19:30:23.568,0.96975,0.9701,2.40,1.00
2008.03.03 19:30:23.866,0.96975,0.9701,2.40,1.00
2008.03.03 19:30:24.164,0.96975,0.9701,2.40,1.00
2008.03.03 19:30:24.463,0.96975,0.9701,2.40,1.00
2008.03.03 19:30:24.727,0.96975,0.9701,2.40,1.00
2008.03.03 19:30:24.991,0.96975,0.9701,2.40,1.00
2008.03.03 19:30:25.255,0.96975,0.9701,2.40,1.00
2008.03.03 19:30:25.518,0.96975,0.9701,2.40,0.30
2008.03.03 19:30:25.852,0.96975,0.9701,2.40,1.00
2008.03.03 19:30:26.186,0.96975,0.9701,2.40,1.00
2008.03.03 19:30:26.519,0.96975,0.9701,2.40,1.00
2008.03.03 19:30:26.732,0.96975,0.9701,2.40,1.00
2008.03.03 19:30:26.945,0.96975,0.9701,2.40,1.00
2008.03.03 19:30:27.157,0.96975,0.9701,2.40,1.00
2008.03.03 19:30:27.371,0.96975,0.9701,2.40,1.00
2008.03.03 19:30:27.585,0.96975,0.9701,2.40,1.00
2008.03.03 19:30:27.908,0.96975,0.9701,2.40,1.00
2008.03.03 19:30:28.234,0.96975,0.9701,2.40,0.30
2008.03.03 19:30:28.573,0.96975,0.9701,2.40,0.30
2008.03.03 19:30:28.780,0.96975,0.9701,2.40,0.30
2008.03.03 19:30:28.989,0.96975,0.9701,2.40,0.30
2008.03.03 19:30:29.198,0.96975,0.9701,2.40,0.30
2008.03.03 19:30:29.405,0.96975,0.9701,2.40,0.30
2008.03.03 19:30:29.614,0.96975,0.9701,2.40,0.30
2008.03.03 19:30:29.947,0.96975,0.9701,2.40,0.30
2008.03.03 19:30:30.281,0.96975,0.9701,2.40,0.30
2008.03.03 19:30:30.614,0.96975,0.9701,2.40,0.30
2008.03.03 19:30:30.948,0.96975,0.9701,2.40,0.30
2008.03.03 19:30:31.283,0.96975,0.9701,2.40,0.30
2008.03.03 19:30:31.629,0.96975,0.9701,2.40,1.00
2008.03.03 19:30:31.871,0.96975,0.9701,2.40,0.30
2008.03.03 19:30:32.078,0.9698,0.97015,0.20,4.00
2008.03.03 19:30:32.303,0.96985,0.97015,2.40,1.60
2008.03.03 19:30:32.528,0.96985,0.97015,2.40,1.60
2008.03.03 19:30:32.861,0.96975,0.97015,2.40,4.00
2008.03.03 19:30:33.195,0.96975,0.97015,3.20,4.00
2008.03.03 19:30:33.529,0.96975,0.97015,3.20,4.00
2008.03.03 19:30:33.863,0.96975,0.97015,3.20,4.00
2008.03.03 19:30:34.107,0.96975,0.97015,3.20,4.00
2008.03.03 19:30:34.351,0.96975,0.97015,3.20,4.00
2008.03.03 19:30:34.595,0.96975,0.97015,3.20,6.40
2008.03.03 19:30:34.883,0.96975,0.97015,3.20,6.40
2008.03.03 19:30:35.181,0.96975,0.9701,3.20,0.30
2008.03.03 19:30:35.469,0.96975,0.9701,3.20,0.30
2008.03.03 19:30:35.775,0.96975,0.9701,3.20,4.20
2008.03.03 19:30:36.107,0.96975,0.97005,0.80,2.40
2008.03.03 19:30:36.441,0.96975,0.97005,0.80,2.40
2008.03.03 19:30:36.774,0.96975,0.97005,0.80,2.40
2008.03.03 19:30:36.997,0.96975,0.97005,0.80,2.40
2008.03.03 19:30:37.221,0.96975,0.97005,0.80,2.40
2008.03.03 19:30:37.444,0.96975,0.97005,0.80,2.40
2008.03.03 19:30:37.667,0.96975,0.97005,0.80,2.40
2008.03.03 19:30:37.966,0.96975,0.97005,0.80,2.40
2008.03.03 19:30:38.264,0.96975,0.97005,0.80,2.40
2008.03.03 19:30:38.562,0.96975,0.97005,0.80,2.40
2008.03.03 19:30:38.860,0.96975,0.97005,0.80,2.40
2008.03.03 19:30:39.098,0.96975,0.97005,0.80,2.40
2008.03.03 19:30:39.350,0.96975,0.97005,0.80,2.40
2008.03.03 19:30:39.589,0.96975,0.97005,0.80,2.40
2008.03.03 19:30:39.887,0.96975,0.97005,0.80,2.40
2008.03.03 19:30:40.186,0.96975,0.97,0.80,0.30
2008.03.03 19:30:40.485,0.96975,0.97005,0.80,4.00
2008.03.03 19:30:40.783,0.96965,0.97005,2.40,4.00
2008.03.03 19:30:41.117,0.96965,0.97,2.40,0.30
2008.03.03 19:30:41.451,0.96965,0.97,2.40,0.30
2008.03.03 19:30:41.783,0.96965,0.97,2.40,0.30
2008.03.03 19:30:41.997,0.96965,0.97,2.40,0.30
2008.03.03 19:30:42.209,0.96965,0.97,2.40,0.30
2008.03.03 19:30:42.422,0.96965,0.97,2.40,0.30
2008.03.03 19:30:42.635,0.96965,0.97,2.40,0.30
2008.03.03 19:30:42.848,0.96965,0.97,2.40,0.30
2008.03.03 19:30:43.172,0.96965,0.97,2.40,0.30
2008.03.03 19:30:43.496,0.96965,0.97005,2.40,3.20
2008.03.03 19:30:43.820,0.9697,0.97005,4.00,2.40
2008.03.03 19:30:44.049,0.9697,0.97005,4.10,2.40
2008.03.03 19:30:44.276,0.9697,0.97005,4.10,2.40
2008.03.03 19:30:44.504,0.9697,0.97005,4.10,2.40
2008.03.03 19:30:44.733,0.9697,0.97005,4.10,2.40
2008.03.03 19:30:44.961,0.9697,0.97005,4.10,2.40
2008.03.03 19:30:45.274,0.9697,0.97005,4.10,2.40
2008.03.03 19:30:45.586,0.9697,0.97005,4.10,2.40
2008.03.03 19:30:45.900,0.9697,0.97005,4.10,2.40
2008.03.03 19:30:46.231,0.9697,0.97005,4.10,2.40
2008.03.03 19:30:46.560,0.9697,0.97005,4.10,2.40
2008.03.03 19:30:46.889,0.9697,0.97005,4.10,2.40
2008.03.03 19:30:47.097,0.9697,0.97005,4.10,2.40
2008.03.03 19:30:47.304,0.9697,0.97005,4.10,2.40
2008.03.03 19:30:47.530,0.9697,0.97005,4.10,2.40
2008.03.03 19:30:47.739,0.9697,0.97005,4.10,2.40
2008.03.03 19:30:47.948,0.9697,0.97005,4.10,2.40
2008.03.03 19:30:48.282,0.9697,0.97005,4.10,2.40
2008.03.03 19:30:48.618,0.96965,0.97005,6.40,2.40
2008.03.03 19:30:48.951,0.96965,0.97005,6.40,2.40
2008.03.03 19:30:49.192,0.96965,0.97005,6.40,2.40
2008.03.03 19:30:49.397,0.96965,0.97005,6.40,2.40
2008.03.03 19:30:49.620,0.96965,0.97005,6.40,2.40
2008.03.03 19:30:49.844,0.96965,0.97005,6.40,2.40
2008.03.03 19:30:50.066,0.96965,0.97005,6.40,2.40
2008.03.03 19:30:50.395,0.96965,0.97005,6.40,2.40
2008.03.03 19:30:50.701,0.96965,0.97005,6.40,2.40
2008.03.03 19:30:51.011,0.96965,0.97005,6.40,2.40
2008.03.03 19:30:51.361,0.96965,0.97005,6.40,2.40
2008.03.03 19:30:51.713,0.96965,0.97005,6.40,2.40
2008.03.03 19:30:52.064,0.96965,0.97005,2.40,2.40
2008.03.03 19:30:52.278,0.96965,0.97005,2.40,2.40
2008.03.03 19:30:52.513,0.96965,0.97,2.40,0.30
2008.03.03 19:30:52.747,0.96965,0.97,6.40,1.00
2008.03.03 19:30:52.981,0.9697,0.97,0.20,1.00
2008.03.03 19:30:53.302,0.9696,0.96995,0.20,2.40
2008.03.03 19:30:53.619,0.9696,0.96995,0.20,2.40
2008.03.03 19:30:53.939,0.9697,0.97005,0.20,4.00
2008.03.03 19:30:54.257,0.9697,0.97005,0.20,4.00
2008.03.03 19:30:54.511,0.9697,0.97005,0.20,4.00
2008.03.03 19:30:54.765,0.9697,0.97005,0.20,4.00
2008.03.03 19:30:55.017,0.9697,0.97005,0.20,4.00
2008.03.03 19:30:55.309,0.9697,0.97005,0.20,3.20
2008.03.03 19:30:55.583,0.9697,0.97005,0.20,2.40
2008.03.03 19:30:55.857,0.9697,0.97005,0.20,2.40
2008.03.03 19:30:56.130,0.9697,0.97005,0.20,2.40
2008.03.03 19:30:56.464,0.9697,0.97005,0.20,2.40
2008.03.03 19:30:56.797,0.9697,0.97005,0.20,2.40
2008.03.03 19:30:57.130,0.9697,0.97005,0.20,2.40
2008.03.03 19:30:57.349,0.9697,0.97005,0.20,2.40
2008.03.03 19:30:57.567,0.9697,0.97005,0.20,2.40
2008.03.03 19:30:57.785,0.9697,0.97005,0.20,2.40
2008.03.03 19:30:58.004,0.9697,0.97005,0.20,2.40
2008.03.03 19:30:58.223,0.9697,0.97005,0.20,2.40
2008.03.03 19:30:58.525,0.9697,0.97005,0.20,2.40
2008.03.03 19:30:58.828,0.9697,0.97005,0.20,2.40
2008.03.03 19:30:59.131,0.9697,0.97005,0.20,2.40
2008.03.03 19:30:59.389,0.9697,0.97005,0.20,2.40
2008.03.03 19:30:59.648,0.9697,0.97005,0.20,2.40
2008.03.03 19:30:59.907,0.9697,0.97005,0.20,2.40
2008.03.03 19:31:00.165,0.9697,0.97005,0.20,2.40
2008.03.03 19:31:00.443,0.9697,0.97005,0.20,2.40
2008.03.03 19:31:00.707,0.9697,0.97005,0.20,2.40
2008.03.03 19:31:00.970,0.9697,0.97005,0.20,2.40
2008.03.03 19:31:01.233,0.9697,0.97005,0.20,2.40
2008.03.03 19:31:01.568,0.9697,0.97005,0.20,2.40
2008.03.03 19:31:01.901,0.96975,0.97015,2.40,2.40
2008.03.03 19:31:02.235,0.96975,0.97015,2.40,2.40
2008.03.03 19:31:02.462,0.96975,0.97015,2.40,4.00
2008.03.03 19:31:02.684,0.96975,0.97015,2.40,4.00
2008.03.03 19:31:02.908,0.96975,0.97015,2.40,4.00
2008.03.03 19:31:03.130,0.96975,0.97015,2.40,4.00
2008.03.03 19:31:03.353,0.96975,0.97015,2.40,4.00
2008.03.03 19:31:03.675,0.96975,0.97015,2.40,4.00
2008.03.03 19:31:04.005,0.96975,0.97015,2.40,4.00
2008.03.03 19:31:04.301,0.96975,0.97015,2.40,4.00
2008.03.03 19:31:04.550,0.96975,0.97015,2.40,4.00
2008.03.03 19:31:04.798,0.96975,0.97015,2.40,4.00
2008.03.03 19:31:05.047,0.96975,0.97015,2.40,4.00
2008.03.03 19:31:05.296,0.96975,0.97015,2.40,10.40
2008.03.03 19:31:05.586,0.96975,0.97015,2.40,10.40
2008.03.03 19:31:05.889,0.96975,0.9701,2.40,0.30
2008.03.03 19:31:06.178,0.96975,0.9701,2.40,0.30
2008.03.03 19:31:06.466,0.96975,0.9701,2.40,0.30
2008.03.03 19:31:06.800,0.96975,0.9701,2.40,0.30
2008.03.03 19:31:07.134,0.96975,0.9701,2.40,0.30
2008.03.03 19:31:07.466,0.96975,0.9701,2.40,0.30
2008.03.03 19:31:07.691,0.96975,0.9701,2.40,0.30
2008.03.03 19:31:07.914,0.96975,0.9701,2.40,0.30
2008.03.03 19:31:08.137,0.96975,0.9701,2.40,0.30
2008.03.03 19:31:08.360,0.96975,0.9701,2.40,0.30
2008.03.03 19:31:08.648,0.96975,0.9701,2.40,0.30
2008.03.03 19:31:08.938,0.9697,0.97005,0.20,2.40
2008.03.03 19:31:09.227,0.9697,0.97,0.20,0.30
2008.03.03 19:31:09.531,0.9697,0.97,0.20,0.30
2008.03.03 19:31:09.827,0.9697,0.97,0.20,0.30
2008.03.03 19:31:10.104,0.9697,0.97,0.20,0.30
2008.03.03 19:31:10.383,0.9697,0.97,0.20,0.30
2008.03.03 19:31:10.631,0.9697,0.97,0.20,0.30
2008.03.03 19:31:10.881,0.9697,0.97,0.20,0.30
2008.03.03 19:31:11.129,0.9697,0.97,0.20,0.30
2008.03.03 19:31:11.378,0.9697,0.97,0.20,0.30
2008.03.03 19:31:11.712,0.9697,0.97,0.20,0.30
2008.03.03 19:31:12.046,0.9697,0.97,0.20,0.30
2008.03.03 19:31:12.381,0.9697,0.97,0.20,0.30
2008.03.03 19:31:12.603,0.9697,0.97,0.20,0.30
2008.03.03 19:31:12.821,0.9697,0.97,0.20,0.30
2008.03.03 19:31:13.041,0.9697,0.97,0.20,0.30
2008.03.03 19:31:13.262,0.9697,0.97,0.20,0.30
2008.03.03 19:31:13.481,0.9697,0.97,0.20,0.30
2008.03.03 19:31:13.810,0.9697,0.97,0.20,0.30
2008.03.03 19:31:14.145,0.9697,0.97,0.20,0.30
2008.03.03 19:31:14.482,0.9697,0.97005,0.20,2.40
2008.03.03 19:31:14.727,0.9698,0.97005,0.20,2.40
2008.03.03 19:31:14.950,0.9698,0.97015,0.20,2.40
2008.03.03 19:31:15.173,0.96975,0.97015,6.40,2.40
2008.03.03 19:31:15.399,0.96975,0.97015,6.40,4.00
2008.03.03 19:31:15.621,0.96975,0.97015,2.40,4.00
2008.03.03 19:31:15.956,0.96975,0.97015,2.40,4.00
2008.03.03 19:31:16.291,0.96975,0.97015,2.40,10.40
2008.03.03 19:31:16.625,0.96975,0.9701,2.40,0.30
2008.03.03 19:31:16.958,0.96975,0.9701,2.40,0.30
2008.03.03 19:31:17.295,0.96975,0.9701,2.40,0.30
2008.03.03 19:31:17.628,0.96975,0.9701,2.40,0.30
2008.03.03 19:31:17.846,0.96975,0.9701,2.40,0.30
2008.03.03 19:31:18.065,0.96975,0.9701,2.40,0.30
2008.03.03 19:31:18.282,0.96975,0.9701,2.40,0.30
2008.03.03 19:31:18.504,0.96975,0.9701,2.40,0.30
2008.03.03 19:31:18.791,0.96975,0.9701,2.40,0.30
2008.03.03 19:31:19.079,0.96975,0.9701,2.40,0.30
2008.03.03 19:31:19.368,0.96975,0.9701,2.40,0.30
2008.03.03 19:31:19.657,0.96975,0.9701,2.40,0.30
2008.03.03 19:31:19.901,0.9697,0.97005,0.20,2.40
2008.03.03 19:31:20.145,0.9697,0.97005,0.20,2.40
2008.03.03 19:31:20.389,0.9697,0.97005,0.20,4.00
2008.03.03 19:31:20.632,0.9697,0.97005,0.20,4.00
2008.03.03 19:31:20.968,0.9697,0.97005,0.20,4.00
2008.03.03 19:31:21.319,0.9697,0.97,0.20,0.30
2008.03.03 19:31:21.659,0.9697,0.97,0.20,0.30
2008.03.03 19:31:21.893,0.9697,0.97,0.20,0.30
2008.03.03 19:31:22.127,0.9697,0.97,0.20,0.30
2008.03.03 19:31:22.361,0.9697,0.97005,0.20,2.40
2008.03.03 19:31:22.594,0.9697,0.97005,0.20,2.40
2008.03.03 19:31:22.877,0.9697,0.97005,0.20,2.40
2008.03.03 19:31:23.160,0.9697,0.97005,0.20,2.40
2008.03.03 19:31:23.444,0.9697,0.97005,0.20,2.40
2008.03.03 19:31:23.728,0.9697,0.97,0.20,0.30
2008.03.03 19:31:24.016,0.96975,0.9701,2.40,0.30
2008.03.03 19:31:24.305,0.96975,0.9701,2.40,0.30
2008.03.03 19:31:24.594,0.96975,0.9701,2.40,0.30
2008.03.03 19:31:24.843,0.96975,0.9701,2.40,0.30
2008.03.03 19:31:25.092,0.96975,0.9701,2.40,0.30
2008.03.03 19:31:25.341,0.9698,0.9701,0.20,0.30
2008.03.03 19:31:25.590,0.9698,0.9701,0.20,0.30
2008.03.03 19:31:25.923,0.9698,0.9701,0.20,0.30
2008.03.03 19:31:26.257,0.9698,0.9701,0.20,0.30
2008.03.03 19:31:26.592,0.9698,0.9701,0.20,0.30
2008.03.03 19:31:26.825,0.9698,0.9701,0.20,0.30
2008.03.03 19:31:27.058,0.9698,0.9701,0.20,0.30
2008.03.03 19:31:27.292,0.9698,0.9701,0.20,0.30
2008.03.03 19:31:27.523,0.9698,0.9701,0.20,0.30
2008.03.03 19:31:27.757,0.9698,0.9701,0.20,0.30
2008.03.03 19:31:28.057,0.9698,0.9701,0.20,0.30
2008.03.03 19:31:28.356,0.9698,0.9701,0.20,0.30
2008.03.03 19:31:28.653,0.9698,0.9701,0.20,0.30
2008.03.03 19:31:28.901,0.9698,0.9701,0.20,0.30
2008.03.03 19:31:29.149,0.9698,0.9701,0.20,0.30
2008.03.03 19:31:29.406,0.9698,0.9701,0.20,0.30
2008.03.03 19:31:29.672,0.9698,0.9701,0.20,0.30
2008.03.03 19:31:29.964,0.9698,0.9701,0.20,0.30
2008.03.03 19:31:30.260,0.9698,0.9701,0.20,0.30
2008.03.03 19:31:30.558,0.9698,0.9701,0.20,0.30
2008.03.03 19:31:30.857,0.9698,0.9701,0.20,0.30
2008.03.03 19:31:31.190,0.9698,0.9701,0.20,0.30
2008.03.03 19:31:31.525,0.9698,0.9701,0.20,0.30
2008.03.03 19:31:31.856,0.9698,0.9701,0.20,0.30
2008.03.03 19:31:32.079,0.9698,0.9701,0.20,0.30
2008.03.03 19:31:32.303,0.9698,0.9701,0.20,0.30
2008.03.03 19:31:32.526,0.9698,0.9701,0.20,0.30
2008.03.03 19:31:32.749,0.9698,0.9701,0.20,0.30
2008.03.03 19:31:33.062,0.9698,0.9701,0.20,0.30
2008.03.03 19:31:33.376,0.9698,0.9701,0.20,0.30
2008.03.03 19:31:33.688,0.9698,0.9701,0.20,0.30
2008.03.03 19:31:34.003,0.9698,0.9701,0.20,0.30
2008.03.03 19:31:34.250,0.9698,0.9701,0.20,0.30
2008.03.03 19:31:34.499,0.9698,0.9701,0.20,0.30
2008.03.03 19:31:34.747,0.9698,0.9701,0.20,0.30
2008.03.03 19:31:35.035,0.9698,0.9701,0.20,0.30
2008.03.03 19:31:35.325,0.9698,0.9701,0.20,0.30
2008.03.03 19:31:35.613,0.9698,0.9701,0.20,0.30
2008.03.03 19:31:35.902,0.9698,0.9701,0.20,0.30
2008.03.03 19:31:36.235,0.96975,0.9701,2.40,0.30
2008.03.03 19:31:36.569,0.96975,0.9701,2.40,0.30
2008.03.03 19:31:36.904,0.96975,0.9701,2.40,0.30
2008.03.03 19:31:37.141,0.96975,0.9701,2.40,0.30
2008.03.03 19:31:37.341,0.9698,0.9701,0.20,0.30
2008.03.03 19:31:37.559,0.9698,0.9701,0.20,0.30
2008.03.03 19:31:37.777,0.9698,0.9701,0.20,0.30
2008.03.03 19:31:38.086,0.9698,0.9701,0.20,0.30
2008.03.03 19:31:38.395,0.9698,0.9701,0.20,0.30
2008.03.03 19:31:38.702,0.9698,0.9701,0.20,0.30
2008.03.03 19:31:39.010,0.9698,0.9701,0.20,0.30
2008.03.03 19:31:39.268,0.9698,0.9701,0.20,0.30
2008.03.03 19:31:39.530,0.9698,0.9701,0.20,0.30
2008.03.03 19:31:39.789,0.9698,0.9701,0.20,0.30
2008.03.03 19:31:40.058,0.9698,0.9701,0.20,0.30
2008.03.03 19:31:40.326,0.9698,0.9701,0.20,0.30
2008.03.03 19:31:40.595,0.9698,0.9701,0.20,0.30
2008.03.03 19:31:40.865,0.9698,0.9701,0.20,0.30
2008.03.03 19:31:41.198,0.9698,0.9701,0.20,0.30
2008.03.03 19:31:41.550,0.9698,0.9701,0.20,1.00
2008.03.03 19:31:41.916,0.9698,0.9701,0.20,1.00
2008.03.03 19:31:42.139,0.9698,0.9701,0.20,1.00
2008.03.03 19:31:42.363,0.9698,0.97005,0.20,1.60
2008.03.03 19:31:42.586,0.9698,0.97,0.20,0.80
2008.03.03 19:31:42.809,0.9698,0.97,0.20,0.80
2008.03.03 19:31:43.033,0.9698,0.97,0.20,0.80
2008.03.03 19:31:43.351,0.9698,0.97,0.20,0.80
2008.03.03 19:31:43.669,0.9698,0.97,0.20,0.80
2008.03.03 19:31:43.988,0.9698,0.97,0.20,0.80
2008.03.03 19:31:44.228,0.9698,0.97,0.20,0.80
2008.03.03 19:31:44.466,0.9698,0.97,0.20,0.80
2008.03.03 19:31:44.704,0.9698,0.97,0.20,0.80
2008.03.03 19:31:44.942,0.9698,0.97,0.20,0.80
2008.03.03 19:31:45.211,0.9698,0.96995,0.20,0.80
2008.03.03 19:31:45.483,0.9698,0.96995,0.20,0.80
2008.03.03 19:31:45.751,0.9698,0.96995,0.20,0.80
2008.03.03 19:31:46.020,0.9697,0.96995,0.20,0.80
2008.03.03 19:31:46.354,0.9697,0.96995,0.20,1.60
2008.03.03 19:31:46.688,0.9697,0.97,0.20,0.80
2008.03.03 19:31:47.025,0.9697,0.97,0.20,0.80
2008.03.03 19:31:47.247,0.9697,0.96995,0.20,1.60
2008.03.03 19:31:47.471,0.9697,0.96995,0.20,1.60
2008.03.03 19:31:47.695,0.9697,0.96995,0.20,1.60
2008.03.03 19:31:47.919,0.96965,0.96995,7.20,1.60
2008.03.03 19:31:48.238,0.96965,0.96995,3.20,1.60
2008.03.03 19:31:48.555,0.96965,0.96995,3.20,1.60
2008.03.03 19:31:48.873,0.96965,0.96995,3.20,1.60
2008.03.03 19:31:49.192,0.96965,0.96995,3.20,1.60
2008.03.03 19:31:49.444,0.96965,0.96995,3.20,1.60
2008.03.03 19:31:49.698,0.96965,0.96995,3.20,1.60
2008.03.03 19:31:49.951,0.96965,0.96995,3.20,1.60
2008.03.03 19:31:50.216,0.96965,0.96995,3.20,1.60
2008.03.03 19:31:50.485,0.96965,0.96995,0.80,4.00
2008.03.03 19:31:50.749,0.96965,0.96995,0.80,4.00
2008.03.03 19:31:51.012,0.96965,0.96995,0.80,4.00
2008.03.03 19:31:51.345,0.96965,0.96995,0.80,4.00
2008.03.03 19:31:51.679,0.96965,0.96995,0.80,4.00
2008.03.03 19:31:52.013,0.96965,0.96995,0.80,4.00
2008.03.03 19:31:52.253,0.96965,0.96995,0.80,4.80
2008.03.03 19:31:52.495,0.96965,0.9699,0.80,0.80
2008.03.03 19:31:52.769,0.96965,0.9699,0.80,0.80
2008.03.03 19:31:52.973,0.96965,0.9699,0.80,0.80
2008.03.03 19:31:53.267,0.96965,0.96995,0.80,4.00
2008.03.03 19:31:53.560,0.96965,0.96995,0.80,4.00
2008.03.03 19:31:53.853,0.96965,0.96995,0.80,4.00
2008.03.03 19:31:54.146,0.96965,0.96995,0.80,4.00
2008.03.03 19:31:54.410,0.96965,0.96995,0.80,4.00
2008.03.03 19:31:54.674,0.96965,0.96995,0.80,4.00
2008.03.03 19:31:54.937,0.96965,0.96995,0.80,4.00
2008.03.03 19:31:55.201,0.96965,0.96995,0.80,4.00
2008.03.03 19:31:55.433,0.96965,0.96995,0.80,4.00
2008.03.03 19:31:55.667,0.96965,0.96995,0.80,4.00
2008.03.03 19:31:55.903,0.9696,0.96995,4.10,4.00
2008.03.03 19:31:56.137,0.9696,0.96995,4.10,4.00
2008.03.03 19:31:56.470,0.9696,0.96995,4.10,4.00
2008.03.03 19:31:56.804,0.9696,0.96995,4.10,4.00
2008.03.03 19:31:57.138,0.9696,0.96995,0.20,4.00
2008.03.03 19:31:57.362,0.9696,0.96995,0.20,4.00
2008.03.03 19:31:57.585,0.9696,0.96995,0.20,4.00
2008.03.03 19:31:57.809,0.9696,0.96995,0.20,4.00
2008.03.03 19:31:58.031,0.9696,0.96995,0.20,4.00
2008.03.03 19:31:58.339,0.9696,0.96995,0.20,4.00
2008.03.03 19:31:58.648,0.9696,0.96995,0.20,3.20
2008.03.03 19:31:58.956,0.96965,0.97005,2.40,6.40
2008.03.03 19:31:59.264,0.96965,0.97005,2.40,2.40
2008.03.03 19:31:59.508,0.96965,0.97005,6.40,2.40
2008.03.03 19:31:59.752,0.9697,0.97005,0.20,2.40
2008.03.03 19:32:00.013,0.9697,0.97005,0.20,2.40
2008.03.03 19:32:00.238,0.9697,0.97005,0.20,2.40
2008.03.03 19:32:00.541,0.9697,0.97005,0.20,2.40
2008.03.03 19:32:00.845,0.9697,0.97005,0.20,2.40
2008.03.03 19:32:01.149,0.9697,0.97005,0.20,2.40
2008.03.03 19:32:01.485,0.96975,0.9701,2.40,1.00
2008.03.03 19:32:01.819,0.9698,0.9701,0.20,1.00
2008.03.03 19:32:02.153,0.9698,0.9701,0.20,1.00
2008.03.03 19:32:02.392,0.9698,0.9701,0.20,1.00
2008.03.03 19:32:02.618,0.9698,0.9701,0.20,1.00
2008.03.03 19:32:02.846,0.9698,0.9701,0.20,1.00
2008.03.03 19:32:03.075,0.9698,0.9701,0.20,1.00
2008.03.03 19:32:03.303,0.9698,0.9701,0.20,1.00
2008.03.03 19:32:03.586,0.9698,0.9701,0.20,1.00
2008.03.03 19:32:03.869,0.9698,0.9701,0.20,1.00
2008.03.03 19:32:04.153,0.9698,0.9701,0.20,1.00
2008.03.03 19:32:04.421,0.9698,0.9701,0.20,1.00
2008.03.03 19:32:04.689,0.9698,0.9701,0.20,1.00
2008.03.03 19:32:04.957,0.9698,0.9701,0.20,1.00
2008.03.03 19:32:05.225,0.9698,0.9701,0.20,1.00
2008.03.03 19:32:05.473,0.9698,0.9701,0.20,1.00
2008.03.03 19:32:05.722,0.9698,0.9701,0.20,1.00
2008.03.03 19:32:05.971,0.9698,0.9701,0.20,1.00
2008.03.03 19:32:06.219,0.9698,0.9701,0.20,1.00
2008.03.03 19:32:06.553,0.9698,0.9701,0.20,1.00
2008.03.03 19:32:06.887,0.9698,0.9701,0.20,1.00
2008.03.03 19:32:07.222,0.9698,0.9701,0.20,1.00
2008.03.03 19:32:07.439,0.9698,0.9701,0.20,1.00
2008.03.03 19:32:07.657,0.9698,0.9701,0.20,1.00
2008.03.03 19:32:07.875,0.9698,0.9701,0.20,1.00
2008.03.03 19:32:08.094,0.9698,0.9701,0.20,1.00
2008.03.03 19:32:08.314,0.9698,0.9701,0.20,1.00
2008.03.03 19:32:08.645,0.9698,0.9701,0.20,1.00
2008.03.03 19:32:08.973,0.9698,0.9701,0.20,1.00
2008.03.03 19:32:09.301,0.9698,0.9701,0.20,1.00
2008.03.03 19:32:09.544,0.9698,0.9701,0.20,1.00
2008.03.03 19:32:09.787,0.9698,0.9701,0.20,1.00
2008.03.03 19:32:10.030,0.9698,0.9701,0.20,1.00
2008.03.03 19:32:10.275,0.9698,0.9701,0.20,1.00
2008.03.03 19:32:10.549,0.9698,0.9701,0.20,1.00
2008.03.03 19:32:10.833,0.9698,0.9701,0.20,1.00
2008.03.03 19:32:11.107,0.9698,0.9701,0.20,1.00
2008.03.03 19:32:11.382,0.9698,0.9701,0.20,1.00
2008.03.03 19:32:11.714,0.9698,0.9701,0.20,1.00
2008.03.03 19:32:12.048,0.9698,0.9701,0.20,1.00
2008.03.03 19:32:12.391,0.9698,0.9701,0.20,1.00
2008.03.03 19:32:12.583,0.9698,0.9701,0.20,1.00
2008.03.03 19:32:12.781,0.9698,0.9701,0.20,1.00
2008.03.03 19:32:12.974,0.9698,0.9701,0.20,1.00
2008.03.03 19:32:13.168,0.9698,0.9701,0.20,1.00
2008.03.03 19:32:13.361,0.9698,0.9701,0.20,1.00
2008.03.03 19:32:13.695,0.9698,0.9701,0.20,1.00
2008.03.03 19:32:14.030,0.9698,0.9701,0.20,0.30
2008.03.03 19:32:14.363,0.9698,0.9701,0.20,0.30
2008.03.03 19:32:14.581,0.9698,0.9701,0.20,0.30
2008.03.03 19:32:14.800,0.9698,0.9701,0.20,0.30
2008.03.03 19:32:15.020,0.9698,0.9701,0.20,0.30
2008.03.03 19:32:15.238,0.9698,0.9701,0.20,0.30
2008.03.03 19:32:15.456,0.9698,0.9701,0.20,0.30
2008.03.03 19:32:15.779,0.9698,0.9701,0.20,0.30
2008.03.03 19:32:16.101,0.9698,0.9701,0.20,0.30
2008.03.03 19:32:16.426,0.9698,0.9701,0.20,0.30
2008.03.03 19:32:16.759,0.9698,0.9701,0.20,0.30
2008.03.03 19:32:17.092,0.9698,0.9701,0.20,0.30
2008.03.03 19:32:17.427,0.9698,0.9701,0.20,0.30
2008.03.03 19:32:17.630,0.9698,0.9701,0.20,0.30
2008.03.03 19:32:17.845,0.9698,0.9701,0.20,0.30
2008.03.03 19:32:18.049,0.9699,0.97015,0.20,2.40
2008.03.03 19:32:18.253,0.9699,0.97015,0.20,2.40
2008.03.03 19:32:18.457,0.9699,0.97015,0.20,2.40
2008.03.03 19:32:18.785,0.9699,0.97015,0.20,2.40
2008.03.03 19:32:19.113,0.9699,0.9702,0.20,0.30
2008.03.03 19:32:19.462,0.9699,0.9702,0.20,0.30
2008.03.03 19:32:19.791,0.9699,0.9702,0.20,0.30
2008.03.03 19:32:20.010,0.9699,0.9702,0.20,0.30
2008.03.03 19:32:20.228,0.9699,0.9702,0.20,0.30
2008.03.03 19:32:20.446,0.9699,0.9702,0.20,0.30
2008.03.03 19:32:20.665,0.9699,0.9702,0.20,0.30
2008.03.03 19:32:20.974,0.9699,0.97025,0.20,4.00
2008.03.03 19:32:21.293,0.9699,0.97025,0.20,4.00
2008.03.03 19:32:21.596,0.9699,0.97025,0.20,4.00
2008.03.03 19:32:21.931,0.9699,0.97025,4.10,4.00
2008.03.03 19:32:22.268,0.97,0.97025,0.20,4.00
2008.03.03 19:32:22.603,0.97,0.97025,0.20,4.00
2008.03.03 19:32:22.821,0.97,0.97025,0.20,4.00
2008.03.03 19:32:23.038,0.97,0.97025,0.20,4.00
2008.03.03 19:32:23.258,0.9699,0.97025,4.10,4.00
2008.03.03 19:32:23.478,0.9699,0.97025,0.20,4.00
2008.03.03 19:32:23.712,0.9699,0.97025,0.20,4.00
2008.03.03 19:32:24.026,0.9699,0.97025,0.20,4.00
2008.03.03 19:32:24.339,0.9699,0.97025,0.20,4.00
2008.03.03 19:32:24.652,0.9699,0.97025,0.20,4.00
2008.03.03 19:32:24.876,0.9699,0.97025,0.20,4.00
2008.03.03 19:32:25.100,0.9699,0.97025,0.20,4.00
2008.03.03 19:32:25.342,0.9699,0.97025,0.20,4.00
2008.03.03 19:32:25.567,0.9699,0.97025,0.20,4.00
2008.03.03 19:32:25.790,0.9699,0.97025,0.20,4.00
2008.03.03 19:32:26.123,0.9699,0.97025,0.20,4.00
2008.03.03 19:32:26.458,0.9699,0.97025,0.20,4.00
2008.03.03 19:32:26.791,0.9699,0.97025,0.20,4.00
2008.03.03 19:32:27.026,0.9699,0.97025,0.20,4.00
2008.03.03 19:32:27.244,0.9699,0.97025,0.20,4.00
2008.03.03 19:32:27.463,0.9699,0.97025,0.20,4.00
2008.03.03 19:32:27.682,0.9699,0.97025,0.20,4.00
2008.03.03 19:32:27.900,0.9699,0.97025,0.20,4.00
2008.03.03 19:32:28.218,0.9699,0.97025,0.20,4.00
2008.03.03 19:32:28.535,0.9699,0.97025,0.20,4.00
2008.03.03 19:32:28.854,0.9699,0.97025,0.20,4.00
2008.03.03 19:32:29.077,0.9699,0.97025,0.20,4.00
2008.03.03 19:32:29.300,0.9699,0.97025,0.20,4.00
2008.03.03 19:32:29.523,0.9699,0.97025,0.20,4.00
2008.03.03 19:32:29.745,0.9699,0.97025,0.20,4.00
2008.03.03 19:32:29.969,0.9699,0.97025,0.20,4.00
2008.03.03 19:32:30.312,0.9699,0.97025,0.20,4.00
2008.03.03 19:32:30.644,0.9699,0.97025,0.20,4.00
2008.03.03 19:32:30.995,0.9699,0.97025,0.20,4.00
2008.03.03 19:32:31.336,0.9699,0.97025,0.20,4.00
2008.03.03 19:32:31.642,0.9699,0.97025,0.20,4.00
2008.03.03 19:32:31.966,0.9699,0.97025,0.20,7.20
2008.03.03 19:32:32.196,0.9699,0.9702,0.20,0.80
2008.03.03 19:32:32.425,0.9699,0.97025,0.20,6.40
2008.03.03 19:32:32.655,0.9699,0.9702,0.20,1.00
2008.03.03 19:32:32.884,0.9699,0.9702,0.20,1.00
2008.03.03 19:32:33.173,0.9699,0.9702,0.20,0.30
2008.03.03 19:32:33.462,0.9699,0.9702,0.20,1.00
2008.03.03 19:32:33.751,0.9699,0.9702,0.20,1.00
2008.03.03 19:32:34.039,0.9699,0.9702,0.20,1.00
2008.03.03 19:32:34.298,0.9699,0.9702,0.20,1.00
2008.03.03 19:32:34.557,0.9699,0.9702,0.20,1.00
2008.03.03 19:32:34.817,0.9699,0.9702,0.20,1.00
2008.03.03 19:32:35.075,0.9699,0.9702,0.20,1.00
2008.03.03 19:32:35.333,0.9699,0.9702,0.20,1.00
2008.03.03 19:32:35.592,0.9699,0.9702,0.20,1.00
2008.03.03 19:32:35.852,0.9699,0.9702,0.20,1.00
2008.03.03 19:32:36.110,0.9699,0.9702,0.20,1.00
2008.03.03 19:32:36.444,0.9699,0.9702,0.20,1.00
2008.03.03 19:32:36.777,0.9699,0.9702,0.20,1.00
2008.03.03 19:32:37.127,0.9699,0.9702,0.20,1.00
2008.03.03 19:32:37.324,0.9699,0.9702,0.20,1.00
2008.03.03 19:32:37.539,0.96985,0.9702,3.20,1.00
2008.03.03 19:32:37.753,0.96985,0.9702,3.20,1.00
2008.03.03 19:32:37.967,0.96985,0.9701,0.80,0.40
2008.03.03 19:32:38.291,0.96985,0.9701,0.80,1.10
2008.03.03 19:32:38.615,0.96985,0.9701,1.60,1.30
2008.03.03 19:32:38.938,0.96985,0.9701,1.60,0.50
2008.03.03 19:32:39.261,0.96985,0.9701,1.60,0.30
2008.03.03 19:32:39.496,0.96985,0.9702,4.00,4.50
2008.03.03 19:32:39.746,0.96985,0.9702,4.00,0.50
2008.03.03 19:32:39.961,0.96985,0.9702,4.00,0.50
2008.03.03 19:32:40.194,0.96985,0.9702,4.00,0.50
2008.03.03 19:32:40.528,0.96985,0.9702,4.00,0.50
2008.03.03 19:32:40.861,0.96985,0.9702,4.00,0.50
2008.03.03 19:32:41.197,0.96985,0.9702,4.00,0.50
2008.03.03 19:32:41.542,0.96985,0.9702,4.00,0.50
2008.03.03 19:32:41.872,0.96985,0.9702,4.00,1.30
2008.03.03 19:32:42.200,0.96985,0.9702,4.00,1.30
2008.03.03 19:32:42.418,0.96985,0.9702,4.00,1.30
2008.03.03 19:32:42.638,0.96985,0.9702,4.00,1.30
2008.03.03 19:32:42.875,0.96985,0.9702,4.00,1.30
2008.03.03 19:32:43.093,0.96985,0.9702,4.00,1.30
2008.03.03 19:32:43.401,0.96985,0.9702,4.00,0.50
2008.03.03 19:32:43.709,0.96985,0.9702,4.00,0.50
2008.03.03 19:32:44.019,0.9699,0.9702,0.10,0.40
2008.03.03 19:32:44.327,0.9699,0.9702,0.10,0.40
2008.03.03 19:32:44.561,0.96985,0.9702,4.00,0.40
2008.03.03 19:32:44.795,0.96985,0.9702,4.00,0.40
2008.03.03 19:32:45.029,0.96985,0.9702,4.00,0.50
2008.03.03 19:32:45.283,0.96985,0.9701,4.00,0.40
2008.03.03 19:32:45.606,0.96985,0.9701,4.00,0.40
2008.03.03 19:32:45.948,0.96985,0.97015,2.40,2.40
2008.03.03 19:32:46.272,0.96985,0.9702,2.40,0.50
2008.03.03 19:32:46.606,0.96985,0.9702,2.40,0.50
2008.03.03 19:32:46.939,0.96985,0.9702,2.40,0.50
2008.03.03 19:32:47.273,0.96985,0.9702,2.40,0.50
2008.03.03 19:32:47.480,0.96985,0.9702,2.40,0.50
2008.03.03 19:32:47.705,0.96985,0.9702,2.40,0.50
2008.03.03 19:32:47.897,0.96985,0.9702,2.40,0.50
2008.03.03 19:32:48.104,0.96985,0.9702,2.40,0.50
2008.03.03 19:32:48.313,0.96985,0.9702,2.40,0.50
2008.03.03 19:32:48.631,0.96985,0.9702,2.40,0.50
2008.03.03 19:32:48.949,0.96985,0.9702,2.40,0.50
2008.03.03 19:32:49.267,0.96985,0.9702,2.40,0.50
2008.03.03 19:32:49.511,0.96985,0.9702,2.40,0.50
2008.03.03 19:32:49.755,0.96985,0.9702,2.40,0.50
2008.03.03 19:32:49.999,0.9699,0.9702,0.10,0.40
2008.03.03 19:32:50.242,0.9699,0.9702,0.10,0.40
2008.03.03 19:32:50.501,0.9699,0.9702,0.10,0.40
2008.03.03 19:32:50.760,0.9699,0.9702,0.10,0.40
2008.03.03 19:32:51.017,0.9699,0.9702,0.10,0.40
2008.03.03 19:32:51.275,0.9699,0.9702,0.10,0.40
2008.03.03 19:32:51.609,0.96995,0.97025,0.10,6.70
2008.03.03 19:32:51.943,0.96995,0.97025,0.10,4.30
2008.03.03 19:32:52.277,0.96995,0.97025,0.10,4.30
2008.03.03 19:32:52.501,0.96995,0.97025,0.10,4.30
2008.03.03 19:32:52.726,0.96995,0.97025,0.10,4.30
2008.03.03 19:32:52.948,0.96995,0.97025,0.10,4.30
2008.03.03 19:32:53.172,0.96995,0.97025,0.10,4.30
2008.03.03 19:32:53.396,0.96995,0.97025,0.10,4.30
2008.03.03 19:32:53.689,0.96995,0.97025,0.10,4.30
2008.03.03 19:32:53.982,0.96995,0.97025,0.10,4.30
2008.03.03 19:32:54.274,0.96995,0.97025,0.10,4.30
2008.03.03 19:32:54.526,0.96995,0.97025,0.10,4.30
2008.03.03 19:32:54.771,0.96995,0.97025,0.10,4.30
2008.03.03 19:32:55.015,0.96995,0.97025,0.10,4.30
2008.03.03 19:32:55.258,0.96995,0.97025,0.10,4.30
2008.03.03 19:32:55.521,0.96995,0.97025,0.10,4.30
2008.03.03 19:32:55.792,0.96995,0.97025,0.10,4.30
2008.03.03 19:32:56.055,0.96995,0.97025,0.10,2.70
2008.03.03 19:32:56.318,0.96995,0.97025,2.40,0.40
2008.03.03 19:32:56.652,0.96995,0.97025,2.40,0.40
2008.03.03 19:32:56.985,0.96995,0.97025,2.40,0.40
2008.03.03 19:32:57.319,0.96995,0.97025,2.40,0.40
2008.03.03 19:32:57.560,0.96995,0.97025,2.40,0.40
2008.03.03 19:32:57.786,0.96995,0.97025,2.40,0.40
2008.03.03 19:32:58.010,0.97,0.9703,0.10,0.40
2008.03.03 19:32:58.236,0.97,0.9703,0.10,0.40
2008.03.03 19:32:58.461,0.97,0.9703,0.10,0.40
2008.03.03 19:32:58.770,0.97,0.9703,0.10,0.40
2008.03.03 19:32:59.078,0.97,0.9703,0.10,0.40
2008.03.03 19:32:59.387,0.97,0.9703,0.10,1.10
2008.03.03 19:32:59.606,0.96995,0.97025,2.40,0.40
2008.03.03 19:32:59.840,0.96995,0.97025,2.40,0.40
2008.03.03 19:33:00.057,0.96995,0.97025,2.40,0.40
2008.03.03 19:33:00.277,0.96995,0.97025,2.40,0.40
2008.03.03 19:33:00.495,0.96995,0.97025,2.40,0.40
2008.03.03 19:33:00.828,0.96995,0.97025,2.40,0.40
2008.03.03 19:33:01.186,0.96995,0.97025,2.40,0.40
2008.03.03 19:33:01.519,0.96995,0.97025,2.40,0.40
2008.03.03 19:33:01.827,0.96995,0.97025,2.40,0.40
2008.03.03 19:33:02.136,0.97,0.9703,0.10,0.50
2008.03.03 19:33:02.444,0.97,0.9703,0.10,0.40
2008.03.03 19:33:02.688,0.97,0.9703,0.10,0.40
2008.03.03 19:33:02.932,0.97,0.9703,0.10,0.40
2008.03.03 19:33:03.174,0.97,0.9703,0.10,0.40
2008.03.03 19:33:03.417,0.97,0.9703,0.10,0.40
2008.03.03 19:33:03.685,0.97,0.9703,0.10,0.40
2008.03.03 19:33:03.972,0.96995,0.9703,2.40,0.40
2008.03.03 19:33:04.240,0.96995,0.9703,2.40,0.40
2008.03.03 19:33:04.508,0.96995,0.9703,2.40,0.40
2008.03.03 19:33:04.771,0.96995,0.9703,2.40,0.50
2008.03.03 19:33:05.034,0.96995,0.9703,2.40,0.50
2008.03.03 19:33:05.297,0.96995,0.9703,2.40,0.50
2008.03.03 19:33:05.560,0.96995,0.9703,2.40,0.50
2008.03.03 19:33:05.823,0.96995,0.9703,2.40,0.50
2008.03.03 19:33:06.086,0.96995,0.9703,2.40,0.50
2008.03.03 19:33:06.350,0.96995,0.9703,2.40,0.50
2008.03.03 19:33:06.627,0.96995,0.9703,2.40,0.50
2008.03.03 19:33:06.959,0.96995,0.9703,2.40,0.50
2008.03.03 19:33:07.292,0.96995,0.9703,2.40,0.50
2008.03.03 19:33:07.626,0.96995,0.9703,2.40,0.50
2008.03.03 19:33:07.834,0.96995,0.9703,2.40,0.50
2008.03.03 19:33:08.043,0.96995,0.9703,2.40,0.50
2008.03.03 19:33:08.251,0.96995,0.9703,2.40,0.50
2008.03.03 19:33:08.459,0.96995,0.9703,2.40,0.50
2008.03.03 19:33:08.668,0.96995,0.97025,2.40,0.80
2008.03.03 19:33:08.995,0.96995,0.97025,2.40,1.60
2008.03.03 19:33:09.335,0.96995,0.97025,2.40,1.60
2008.03.03 19:33:09.684,0.96985,0.9702,2.40,0.50
2008.03.03 19:33:09.886,0.96985,0.9702,2.40,0.50
2008.03.03 19:33:10.110,0.96985,0.9702,2.40,0.50
2008.03.03 19:33:10.333,0.96985,0.9702,2.40,0.50
2008.03.03 19:33:10.558,0.9699,0.97025,0.10,6.70
2008.03.03 19:33:10.781,0.9699,0.97025,0.10,6.70
2008.03.03 19:33:11.099,0.9699,0.97025,0.10,6.70
2008.03.03 19:33:11.433,0.9699,0.97025,0.10,6.70
2008.03.03 19:33:11.735,0.9699,0.97025,0.10,6.70
2008.03.03 19:33:12.068,0.9699,0.97025,0.10,6.70
2008.03.03 19:33:12.401,0.9699,0.97025,0.10,6.70
2008.03.03 19:33:12.734,0.96985,0.9702,2.40,0.40
2008.03.03 19:33:12.953,0.96985,0.9702,2.40,0.40
2008.03.03 19:33:13.172,0.96985,0.9702,2.40,0.50
2008.03.03 19:33:13.390,0.96985,0.9702,2.40,1.30
2008.03.03 19:33:13.608,0.96985,0.9702,2.40,1.30
2008.03.03 19:33:13.826,0.96985,0.9702,2.40,1.30
2008.03.03 19:33:14.160,0.96985,0.9702,2.40,1.30
2008.03.03 19:33:14.499,0.96985,0.9702,2.40,1.30
2008.03.03 19:33:14.833,0.96985,0.9702,2.40,1.30
2008.03.03 19:33:15.036,0.96985,0.9702,2.40,1.30
2008.03.03 19:33:15.239,0.96985,0.9702,2.40,1.30
2008.03.03 19:33:15.442,0.96985,0.9702,2.40,1.30
2008.03.03 19:33:15.649,0.96985,0.9702,2.40,1.30
2008.03.03 19:33:15.853,0.96985,0.9702,2.40,1.30
2008.03.03 19:33:16.186,0.96985,0.9702,2.40,1.30
2008.03.03 19:33:16.519,0.96985,0.9702,2.40,1.30
2008.03.03 19:33:16.852,0.96985,0.9702,2.40,1.30
2008.03.03 19:33:17.071,0.96985,0.9702,2.40,1.30
2008.03.03 19:33:17.288,0.96985,0.9702,2.40,0.50
2008.03.03 19:33:17.505,0.96985,0.9702,2.40,0.50
2008.03.03 19:33:17.724,0.96985,0.9702,2.40,0.50
2008.03.03 19:33:17.957,0.96985,0.9702,2.40,0.50
2008.03.03 19:33:18.260,0.96985,0.9702,2.40,0.50
2008.03.03 19:33:18.564,0.96985,0.9702,2.40,0.50
2008.03.03 19:33:18.867,0.96985,0.9702,2.40,0.50
2008.03.03 19:33:19.171,0.96985,0.9702,2.40,0.50
2008.03.03 19:33:19.418,0.96995,0.97025,0.10,8.00
2008.03.03 19:33:19.662,0.96995,0.97025,2.40,1.90
2008.03.03 19:33:19.922,0.9699,0.97025,0.10,4.30
2008.03.03 19:33:20.215,0.9699,0.97025,0.10,6.70
2008.03.03 19:33:20.489,0.9699,0.97025,0.10,6.70
2008.03.03 19:33:20.762,0.9699,0.97025,0.10,6.70
2008.03.03 19:33:21.036,0.9699,0.97025,0.10,6.70
2008.03.03 19:33:21.370,0.9699,0.97025,0.10,6.70
2008.03.03 19:33:21.703,0.9699,0.97025,0.10,6.70
2008.03.03 19:33:22.038,0.9699,0.97025,0.10,5.90
2008.03.03 19:33:22.252,0.9699,0.97025,0.10,5.90
2008.03.03 19:33:22.466,0.9699,0.97025,0.10,6.70
2008.03.03 19:33:22.679,0.9699,0.97025,0.10,6.70
2008.03.03 19:33:22.893,0.9699,0.97025,0.10,6.70
2008.03.03 19:33:23.106,0.9699,0.97025,0.10,6.70
2008.03.03 19:33:23.430,0.9699,0.97025,0.10,6.70
2008.03.03 19:33:23.754,0.9699,0.97025,0.10,6.70
2008.03.03 19:33:24.079,0.9699,0.97025,0.10,6.70
2008.03.03 19:33:24.282,0.9699,0.97025,0.10,6.70
2008.03.03 19:33:24.498,0.9699,0.97025,0.10,6.70
2008.03.03 19:33:24.702,0.9699,0.97025,0.10,6.70
2008.03.03 19:33:24.907,0.9699,0.97025,0.10,6.70
2008.03.03 19:33:25.110,0.9699,0.97025,0.10,7.50
2008.03.03 19:33:25.444,0.9699,0.9702,0.10,0.80
2008.03.03 19:33:25.777,0.9699,0.9702,0.10,0.80
2008.03.03 19:33:26.110,0.9699,0.9702,0.10,0.80
2008.03.03 19:33:26.443,0.9699,0.9702,0.10,0.80
2008.03.03 19:33:26.779,0.9699,0.97025,0.10,5.90
2008.03.03 19:33:27.113,0.96995,0.97025,0.10,6.40
2008.03.03 19:33:27.331,0.96995,0.97025,0.10,4.00
2008.03.03 19:33:27.549,0.9699,0.97025,0.10,4.30
2008.03.03 19:33:27.782,0.96995,0.97025,0.10,4.00
2008.03.03 19:33:28.002,0.96995,0.97025,0.10,4.00
2008.03.03 19:33:28.239,0.96995,0.97025,0.10,4.00
2008.03.03 19:33:28.564,0.96995,0.97025,2.40,1.60
2008.03.03 19:33:28.889,0.96995,0.9703,2.40,1.30
2008.03.03 19:33:29.213,0.96995,0.9703,2.40,1.30
2008.03.03 19:33:29.436,0.96995,0.9703,2.40,1.30
2008.03.03 19:33:29.659,0.96995,0.9703,2.40,1.30
2008.03.03 19:33:29.882,0.96995,0.9703,2.40,1.30
2008.03.03 19:33:30.106,0.96995,0.9703,2.40,1.30
2008.03.03 19:33:30.327,0.96995,0.9703,2.40,1.30
2008.03.03 19:33:30.647,0.97,0.9703,0.10,1.00
2008.03.03 19:33:30.965,0.97,0.9703,0.30,1.00
2008.03.03 19:33:32.934,0.97,0.9703,0.30,1.00
2008.03.03 19:33:33.053,0.97,0.9703,0.30,1.00
2008.03.03 19:33:33.184,0.97,0.9703,0.30,1.00
2008.03.03 19:33:33.307,0.97,0.9703,0.30,1.00
2008.03.03 19:33:33.430,0.97,0.9703,0.30,1.00
2008.03.03 19:33:33.576,0.97,0.9703,0.30,1.00
2008.03.03 19:33:33.698,0.97,0.9703,0.30,1.00
2008.03.03 19:33:33.822,0.97,0.9703,0.30,1.00
2008.03.03 19:33:33.962,0.97,0.9703,0.30,1.00
2008.03.03 19:33:34.295,0.97,0.9703,0.30,1.00
2008.03.03 19:33:34.631,0.97,0.97025,0.10,1.60
2008.03.03 19:33:34.965,0.97,0.97025,0.10,1.60
2008.03.03 19:33:35.189,0.96995,0.97025,2.40,1.60
2008.03.03 19:33:35.412,0.96995,0.97025,2.40,1.60
2008.03.03 19:33:35.635,0.96995,0.97025,2.40,1.60
2008.03.03 19:33:35.871,0.96995,0.97025,2.40,1.60
2008.03.03 19:33:36.097,0.9699,0.97025,0.10,6.70
2008.03.03 19:33:36.432,0.96995,0.97025,0.10,6.40
2008.03.03 19:33:36.767,0.96995,0.97025,0.10,4.00
2008.03.03 19:33:37.100,0.96995,0.97025,0.10,4.00
2008.03.03 19:33:37.328,0.96995,0.97025,0.10,4.00
2008.03.03 19:33:37.573,0.96995,0.97025,0.10,4.00
2008.03.03 19:33:37.801,0.96995,0.97025,0.10,4.00
2008.03.03 19:33:38.030,0.96995,0.97025,0.10,4.00
2008.03.03 19:33:38.304,0.96995,0.97025,0.10,4.00
2008.03.03 19:33:38.578,0.96995,0.97025,0.10,4.00
2008.03.03 19:33:38.851,0.96995,0.97025,0.10,4.00
2008.03.03 19:33:39.125,0.96995,0.97025,0.10,4.00
2008.03.03 19:33:39.404,0.96995,0.97025,0.10,4.00
2008.03.03 19:33:39.683,0.96995,0.97025,0.10,4.00
2008.03.03 19:33:39.962,0.96995,0.97025,0.10,4.00
2008.03.03 19:33:40.240,0.96995,0.97025,0.10,4.00
2008.03.03 19:33:40.513,0.96995,0.97025,0.10,4.00
2008.03.03 19:33:40.785,0.96995,0.97025,0.10,4.00
2008.03.03 19:33:41.059,0.96995,0.97025,0.10,4.00
2008.03.03 19:33:41.392,0.96995,0.97025,0.10,4.00
2008.03.03 19:33:41.725,0.96995,0.97025,0.10,4.00
2008.03.03 19:33:42.060,0.96995,0.97025,0.80,4.00
2008.03.03 19:33:42.283,0.96995,0.97025,1.60,4.00
2008.03.03 19:33:42.507,0.96995,0.97025,1.60,4.00
2008.03.03 19:33:42.730,0.97,0.97025,0.30,1.60
2008.03.03 19:33:42.954,0.97,0.97025,0.30,1.60
2008.03.03 19:33:43.178,0.97,0.97025,0.30,1.60
2008.03.03 19:33:43.487,0.97,0.97025,0.30,1.60
2008.03.03 19:33:43.797,0.97,0.97025,0.20,1.60
2008.03.03 19:33:44.108,0.97,0.97025,0.10,1.60
2008.03.03 19:33:44.335,0.97,0.97025,0.10,1.60
2008.03.03 19:33:44.563,0.97,0.9702,0.10,0.80
2008.03.03 19:33:44.800,0.97,0.9702,0.10,0.80
2008.03.03 19:33:45.029,0.97,0.9702,0.10,0.80
2008.03.03 19:33:45.259,0.97,0.9702,0.10,0.80
2008.03.03 19:33:45.571,0.97,0.9702,0.10,0.80
2008.03.03 19:33:45.885,0.97,0.9702,0.10,0.80
2008.03.03 19:33:46.199,0.96995,0.97025,3.20,1.60
2008.03.03 19:33:46.547,0.96995,0.97025,3.20,1.60
2008.03.03 19:33:46.899,0.97,0.97025,0.30,1.60
2008.03.03 19:33:47.249,0.97,0.97025,0.30,1.60
2008.03.03 19:33:47.460,0.97,0.97025,0.30,1.60
2008.03.03 19:33:47.688,0.97,0.97025,0.30,1.60
2008.03.03 19:33:47.917,0.97,0.97025,0.30,1.60
2008.03.03 19:33:48.145,0.97,0.97025,0.30,1.60
2008.03.03 19:33:48.425,0.97,0.9702,0.10,0.30
2008.03.03 19:33:48.709,0.96995,0.9702,0.80,0.30
2008.03.03 19:33:48.960,0.96995,0.9702,0.80,0.30
2008.03.03 19:33:49.229,0.96995,0.9702,0.80,1.00
2008.03.03 19:33:49.513,0.96995,0.9702,0.80,0.30
2008.03.03 19:33:49.797,0.96995,0.9702,0.80,0.30
2008.03.03 19:33:50.082,0.96995,0.9702,0.80,0.30
2008.03.03 19:33:50.364,0.96995,0.9702,0.80,0.30
2008.03.03 19:33:50.623,0.96995,0.9702,0.80,0.30
2008.03.03 19:33:50.882,0.96995,0.9702,0.80,0.30
2008.03.03 19:33:51.141,0.96995,0.9702,0.80,0.30
2008.03.03 19:33:51.475,0.9699,0.9702,0.30,1.00
2008.03.03 19:33:51.809,0.9699,0.9702,0.30,1.00
2008.03.03 19:33:52.142,0.9699,0.9702,0.30,1.00
2008.03.03 19:33:52.476,0.9699,0.9702,0.30,1.00
2008.03.03 19:33:52.693,0.9699,0.9702,0.30,1.00
2008.03.03 19:33:52.912,0.9699,0.9702,0.30,1.00
2008.03.03 19:33:53.131,0.9699,0.9702,0.30,1.00
2008.03.03 19:33:53.356,0.9699,0.9702,0.30,1.00
2008.03.03 19:33:53.655,0.9699,0.9702,0.30,1.00
2008.03.03 19:33:53.954,0.9699,0.9702,0.30,1.00
2008.03.03 19:33:54.252,0.9699,0.9702,0.30,1.00
2008.03.03 19:33:54.499,0.9699,0.9702,0.30,1.00
2008.03.03 19:33:54.748,0.9699,0.9702,0.30,1.00
2008.03.03 19:33:54.997,0.9699,0.9702,0.30,1.00
2008.03.03 19:33:55.246,0.9699,0.9702,0.30,1.00
2008.03.03 19:33:55.508,0.9699,0.9702,1.00,0.30
2008.03.03 19:33:55.791,0.9699,0.9702,0.30,1.00
2008.03.03 19:33:56.064,0.9699,0.9702,0.30,1.00
2008.03.03 19:33:56.338,0.9699,0.9702,0.30,1.00
2008.03.03 19:33:56.671,0.9699,0.9702,0.30,1.00
2008.03.03 19:33:57.005,0.9699,0.9702,0.30,1.00
2008.03.03 19:33:57.338,0.9699,0.9702,0.30,0.30
2008.03.03 19:33:57.551,0.9699,0.9702,0.30,0.30
2008.03.03 19:33:57.764,0.9699,0.9702,0.30,0.30
2008.03.03 19:33:57.978,0.9699,0.9702,0.30,0.30
2008.03.03 19:33:58.192,0.9699,0.9702,0.30,0.30
2008.03.03 19:33:58.409,0.9699,0.9702,0.30,0.30
2008.03.03 19:33:58.723,0.9699,0.9702,0.30,0.30
2008.03.03 19:33:59.076,0.9699,0.9702,0.30,0.30
2008.03.03 19:33:59.352,0.9699,0.9702,0.30,0.30
2008.03.03 19:33:59.666,0.9699,0.9702,0.30,0.30
2008.03.03 19:33:59.920,0.9699,0.9702,0.30,0.30
2008.03.03 19:34:00.174,0.9699,0.9702,0.30,0.30
2008.03.03 19:34:00.428,0.9699,0.9702,0.30,0.30
2008.03.03 19:34:00.667,0.9699,0.9702,0.30,0.30
2008.03.03 19:34:00.905,0.9699,0.9702,0.30,0.30
2008.03.03 19:34:01.145,0.9699,0.9702,0.30,0.30
2008.03.03 19:34:01.403,0.9699,0.9702,0.30,0.30
2008.03.03 19:34:01.622,0.9699,0.9702,0.30,0.30
2008.03.03 19:34:01.955,0.9699,0.9702,0.30,0.30
2008.03.03 19:34:02.289,0.9699,0.9702,0.30,0.30
2008.03.03 19:34:02.621,0.9699,0.9702,0.30,0.30
2008.03.03 19:34:02.854,0.9699,0.9702,0.30,0.30
2008.03.03 19:34:03.077,0.9699,0.9702,0.30,0.30
2008.03.03 19:34:03.301,0.9699,0.9702,0.30,0.30
2008.03.03 19:34:03.523,0.9699,0.9702,0.30,0.30
2008.03.03 19:34:03.807,0.9699,0.9702,0.30,0.30
2008.03.03 19:34:04.110,0.9699,0.9702,0.30,0.30
2008.03.03 19:34:04.374,0.9699,0.9702,0.30,0.30
2008.03.03 19:34:04.657,0.9699,0.9702,0.30,0.30
2008.03.03 19:34:04.926,0.9699,0.9702,0.30,0.30
2008.03.03 19:34:05.194,0.9699,0.9702,0.30,0.30
2008.03.03 19:34:05.462,0.9699,0.9702,0.30,0.30
2008.03.03 19:34:05.736,0.9699,0.9702,0.30,0.30
2008.03.03 19:34:06.016,0.9699,0.9702,0.30,0.30
2008.03.03 19:34:06.270,0.9699,0.9702,0.30,0.30
2008.03.03 19:34:06.524,0.9699,0.9702,0.30,0.30
2008.03.03 19:34:06.856,0.9699,0.9702,0.30,0.30
2008.03.03 19:34:07.194,0.9699,0.9702,0.30,0.30
2008.03.03 19:34:07.526,0.9699,0.9702,0.30,0.30
2008.03.03 19:34:07.762,0.9699,0.9702,0.30,0.30
2008.03.03 19:34:07.979,0.9699,0.9702,0.30,0.30
2008.03.03 19:34:08.197,0.9699,0.9702,0.30,0.30
2008.03.03 19:34:08.416,0.9699,0.9702,0.30,0.30
2008.03.03 19:34:08.654,0.9699,0.9702,0.30,0.30
2008.03.03 19:34:08.977,0.9699,0.9702,0.30,0.30
2008.03.03 19:34:09.299,0.9699,0.9702,0.30,0.30
2008.03.03 19:34:09.622,0.9699,0.97015,0.30,0.80
2008.03.03 19:34:09.840,0.9699,0.97015,0.30,1.60
2008.03.03 19:34:10.059,0.9699,0.97015,0.10,1.60
2008.03.03 19:34:10.279,0.96985,0.97015,4.80,1.60
2008.03.03 19:34:10.513,0.96985,0.97015,2.40,1.60
2008.03.03 19:34:10.715,0.96985,0.97015,2.40,1.60
2008.03.03 19:34:11.061,0.96975,0.97005,6.40,0.40
2008.03.03 19:34:11.373,0.9697,0.97,4.00,1.30
2008.03.03 19:34:11.719,0.96965,0.97,3.20,0.50
2008.03.03 19:34:12.035,0.96965,0.97,3.20,0.50
2008.03.03 19:34:12.368,0.96965,0.97,3.20,0.50
2008.03.03 19:34:12.703,0.9697,0.97,0.10,0.30
2008.03.03 19:34:12.932,0.9697,0.97,0.10,0.30
2008.03.03 19:34:13.160,0.9697,0.97,0.10,0.30
2008.03.03 19:34:13.388,0.9697,0.97,0.30,0.30
2008.03.03 19:34:13.617,0.9697,0.97,0.30,0.30
2008.03.03 19:34:13.937,0.9697,0.97,0.30,0.30
2008.03.03 19:34:14.224,0.96965,0.97,5.60,0.50
2008.03.03 19:34:14.528,0.96975,0.97,0.10,0.30
2008.03.03 19:34:14.833,0.9698,0.97005,0.10,4.00
2008.03.03 19:34:15.081,0.9698,0.97005,0.10,4.00
2008.03.03 19:34:15.329,0.9698,0.97005,0.10,3.20
2008.03.03 19:34:15.578,0.9698,0.97005,0.10,2.40
2008.03.03 19:34:15.826,0.9698,0.97005,0.10,2.40
2008.03.03 19:34:16.129,0.9698,0.97005,0.10,2.40
2008.03.03 19:34:16.432,0.9698,0.97005,0.10,2.40
2008.03.03 19:34:16.735,0.96975,0.97005,0.10,2.40
2008.03.03 19:34:17.080,0.96975,0.97005,0.10,2.40
2008.03.03 19:34:17.413,0.96975,0.97005,0.10,2.40
2008.03.03 19:34:17.746,0.96975,0.97005,0.10,2.40
2008.03.03 19:34:18.080,0.96975,0.97005,0.10,2.40
2008.03.03 19:34:18.288,0.96975,0.97005,0.10,2.40
2008.03.03 19:34:18.496,0.96975,0.97005,0.10,2.40
2008.03.03 19:34:18.705,0.96975,0.97005,0.10,2.40
2008.03.03 19:34:18.912,0.96975,0.97005,0.10,2.40
2008.03.03 19:34:19.236,0.96975,0.97005,0.10,2.40
2008.03.03 19:34:19.559,0.96975,0.97005,0.10,2.40
2008.03.03 19:34:19.882,0.96975,0.97005,0.10,2.40
2008.03.03 19:34:20.100,0.96975,0.97005,0.10,2.40
2008.03.03 19:34:20.319,0.96975,0.97005,0.10,2.70
2008.03.03 19:34:20.555,0.96975,0.97005,0.10,4.30
2008.03.03 19:34:20.781,0.96975,0.97005,0.10,4.30
2008.03.03 19:34:20.999,0.96975,0.97005,0.10,4.30
2008.03.03 19:34:21.332,0.96975,0.97005,0.10,4.30
2008.03.03 19:34:21.665,0.96975,0.97005,0.10,4.30
2008.03.03 19:34:21.998,0.96975,0.97005,0.10,4.30
2008.03.03 19:34:22.216,0.96975,0.97005,0.10,4.30
2008.03.03 19:34:22.435,0.96975,0.97005,0.10,4.30
2008.03.03 19:34:22.653,0.96975,0.97005,0.10,4.30
2008.03.03 19:34:22.873,0.96975,0.96995,0.10,1.60
2008.03.03 19:34:23.168,0.9696,0.96985,4.00,5.90
2008.03.03 19:34:23.461,0.9695,0.96985,0.10,6.70
2008.03.03 19:34:23.754,0.9695,0.96985,0.10,6.70
2008.03.03 19:34:24.047,0.9695,0.96985,0.10,6.70
2008.03.03 19:34:24.320,0.9695,0.96985,0.10,6.70
2008.03.03 19:34:24.594,0.9695,0.96985,0.10,6.70
2008.03.03 19:34:24.869,0.9695,0.96985,0.10,6.70
2008.03.03 19:34:25.123,0.9695,0.96985,0.10,6.70
2008.03.03 19:34:25.392,0.9695,0.9698,0.10,0.80
2008.03.03 19:34:25.646,0.9695,0.9698,0.10,0.80
2008.03.03 19:34:25.899,0.9695,0.9698,0.10,0.80
2008.03.03 19:34:26.232,0.9695,0.9698,0.10,0.80
2008.03.03 19:34:26.565,0.9695,0.9698,0.10,0.80
2008.03.03 19:34:26.899,0.9695,0.9698,0.10,0.80
2008.03.03 19:34:27.103,0.9695,0.9698,0.10,0.80
2008.03.03 19:34:27.306,0.9695,0.9698,0.10,0.80
2008.03.03 19:34:27.509,0.9695,0.9698,0.10,0.80
2008.03.03 19:34:27.724,0.9695,0.9698,0.10,0.80
2008.03.03 19:34:27.929,0.9695,0.96975,0.10,2.40
2008.03.03 19:34:28.267,0.9694,0.9697,0.10,1.00
2008.03.03 19:34:28.602,0.9694,0.9697,0.10,1.00
2008.03.03 19:34:28.936,0.9694,0.9697,0.10,1.00
2008.03.03 19:34:29.174,0.9694,0.9697,0.10,1.00
2008.03.03 19:34:29.412,0.9694,0.9697,0.10,1.00
2008.03.03 19:34:29.653,0.9694,0.9697,0.10,1.00
2008.03.03 19:34:29.892,0.9694,0.9697,0.10,1.00
2008.03.03 19:34:30.130,0.9694,0.9697,0.10,1.00
2008.03.03 19:34:30.449,0.96945,0.9697,0.10,1.00
2008.03.03 19:34:30.789,0.96945,0.96975,2.40,0.40
2008.03.03 19:34:31.106,0.9695,0.9698,0.10,1.00
2008.03.03 19:34:31.440,0.96945,0.9698,2.40,1.30
2008.03.03 19:34:31.790,0.9695,0.9698,0.10,1.00
2008.03.03 19:34:32.107,0.9695,0.9698,0.10,1.00
2008.03.03 19:34:32.345,0.9695,0.9698,0.10,1.00
2008.03.03 19:34:32.584,0.9695,0.9698,0.10,1.00
2008.03.03 19:34:32.822,0.9695,0.9698,0.10,1.00
2008.03.03 19:34:33.078,0.9695,0.9698,0.10,1.00
2008.03.03 19:34:33.336,0.9695,0.9698,0.10,1.00
2008.03.03 19:34:33.595,0.9695,0.9698,0.10,1.00
2008.03.03 19:34:33.853,0.9695,0.9698,0.10,1.00
2008.03.03 19:34:34.112,0.96945,0.9698,2.40,1.30
2008.03.03 19:34:34.400,0.96945,0.9698,2.40,1.30
2008.03.03 19:34:34.689,0.96945,0.9698,2.40,1.30
2008.03.03 19:34:34.978,0.96945,0.96975,0.10,3.20
2008.03.03 19:34:35.232,0.9694,0.96975,0.30,4.30
2008.03.03 19:34:35.486,0.9694,0.9697,0.30,0.30
2008.03.03 19:34:35.740,0.9694,0.9697,0.30,0.30
2008.03.03 19:34:35.993,0.9694,0.9697,0.30,1.00
2008.03.03 19:34:36.328,0.96935,0.9696,3.20,0.30
2008.03.03 19:34:36.662,0.96935,0.9696,3.20,0.30
2008.03.03 19:34:36.995,0.96935,0.9696,3.20,0.30
2008.03.03 19:34:37.235,0.96935,0.9696,0.80,0.30
2008.03.03 19:34:37.490,0.96935,0.9696,0.80,0.30
2008.03.03 19:34:37.711,0.96935,0.9696,0.80,0.30
2008.03.03 19:34:37.950,0.96935,0.9696,0.80,0.30
2008.03.03 19:34:38.189,0.96935,0.9696,0.80,0.30
2008.03.03 19:34:38.487,0.96935,0.9696,0.80,0.30
2008.03.03 19:34:38.785,0.96935,0.9696,0.80,0.30
2008.03.03 19:34:39.090,0.96935,0.9696,0.80,0.30
2008.03.03 19:34:39.334,0.96935,0.9696,0.80,0.30
2008.03.03 19:34:39.577,0.96935,0.9696,0.80,0.30
2008.03.03 19:34:39.820,0.96935,0.9696,0.80,0.30
2008.03.03 19:34:40.065,0.96935,0.9696,0.80,0.30
2008.03.03 19:34:40.342,0.96935,0.9696,0.80,0.30
2008.03.03 19:34:40.620,0.96935,0.9696,0.80,0.30
2008.03.03 19:34:40.897,0.96935,0.9696,0.80,0.30
2008.03.03 19:34:41.175,0.96935,0.9696,0.80,0.30
2008.03.03 19:34:41.508,0.96935,0.9696,0.80,0.30
2008.03.03 19:34:41.842,0.96935,0.9696,0.80,0.30
2008.03.03 19:34:42.174,0.96935,0.9696,0.80,0.30
2008.03.03 19:34:42.398,0.96935,0.9696,0.80,0.30
2008.03.03 19:34:42.621,0.9694,0.9696,0.10,0.30
2008.03.03 19:34:42.863,0.9694,0.9696,0.10,0.30
2008.03.03 19:34:43.086,0.9694,0.9697,0.10,1.00
2008.03.03 19:34:43.401,0.9694,0.9697,0.30,1.00
2008.03.03 19:34:43.715,0.9694,0.9697,0.30,0.30
2008.03.03 19:34:44.030,0.96935,0.9696,0.80,0.30
2008.03.03 19:34:44.343,0.9694,0.9697,0.30,0.30
2008.03.03 19:34:44.607,0.9694,0.9697,0.30,0.30
2008.03.03 19:34:44.871,0.9694,0.9697,0.30,0.30
2008.03.03 19:34:45.135,0.9694,0.9697,0.30,0.30
2008.03.03 19:34:45.424,0.9694,0.9697,0.30,0.30
2008.03.03 19:34:45.712,0.9694,0.9697,0.30,0.30
2008.03.03 19:34:46.000,0.9694,0.9697,0.30,0.30
2008.03.03 19:34:46.288,0.9694,0.9697,0.30,0.30
2008.03.03 19:34:46.626,0.9694,0.9697,0.30,0.30
2008.03.03 19:34:46.958,0.9694,0.9697,0.30,0.30
2008.03.03 19:34:47.291,0.9694,0.9697,0.30,0.30
2008.03.03 19:34:47.520,0.9694,0.9697,0.30,0.30
2008.03.03 19:34:47.748,0.9694,0.9697,0.30,0.30
2008.03.03 19:34:47.977,0.9694,0.9697,0.30,0.30
2008.03.03 19:34:48.206,0.9694,0.9697,0.30,0.30
2008.03.03 19:34:48.484,0.9694,0.9697,0.30,0.30
2008.03.03 19:34:48.776,0.9694,0.9697,0.30,0.30
2008.03.03 19:34:49.054,0.9694,0.9697,0.30,0.30
2008.03.03 19:34:49.332,0.9694,0.9697,0.30,0.30
2008.03.03 19:34:49.581,0.9694,0.9697,0.30,0.30
2008.03.03 19:34:49.830,0.9694,0.9697,0.30,0.30
2008.03.03 19:34:50.079,0.96935,0.9696,2.40,0.30
2008.03.03 19:34:50.327,0.9693,0.9696,4.20,0.30
2008.03.03 19:34:50.597,0.9694,0.96965,0.20,2.40
2008.03.03 19:34:50.866,0.9694,0.9697,0.20,1.30
2008.03.03 19:34:51.134,0.9694,0.9697,0.20,1.30
2008.03.03 19:34:51.402,0.9694,0.9697,0.20,1.30
2008.03.03 19:34:51.750,0.9694,0.9697,0.20,1.30
2008.03.03 19:34:52.084,0.9694,0.9697,0.20,1.30
2008.03.03 19:34:52.417,0.9694,0.9697,0.20,1.30
2008.03.03 19:34:52.626,0.9694,0.9697,0.30,1.00
2008.03.03 19:34:52.835,0.9694,0.9697,0.30,0.30
2008.03.03 19:34:53.044,0.9694,0.9697,0.30,0.30
2008.03.03 19:34:53.251,0.9694,0.9697,0.30,0.30
2008.03.03 19:34:53.602,0.9694,0.9697,0.30,0.30
2008.03.03 19:34:53.935,0.9694,0.9697,0.30,0.30
2008.03.03 19:34:54.269,0.9694,0.9697,0.30,0.30
2008.03.03 19:34:54.494,0.9694,0.9697,0.30,0.30
2008.03.03 19:34:54.717,0.9694,0.9697,0.30,0.30
2008.03.03 19:34:54.956,0.9694,0.9697,0.30,0.30
2008.03.03 19:34:55.182,0.9694,0.9697,0.30,0.30
2008.03.03 19:34:55.406,0.9694,0.96965,0.10,1.60
2008.03.03 19:34:55.706,0.96925,0.9696,4.80,0.50
2008.03.03 19:34:56.006,0.96925,0.96955,2.40,1.60
2008.03.03 19:34:56.304,0.96925,0.96955,2.40,1.60
2008.03.03 19:34:56.638,0.96925,0.96955,2.40,1.60
2008.03.03 19:34:56.972,0.96925,0.96955,0.10,4.00
2008.03.03 19:34:57.306,0.9692,0.96955,4.20,4.30
2008.03.03 19:34:57.539,0.9692,0.96955,4.20,4.30
2008.03.03 19:34:57.775,0.9692,0.96955,4.20,4.30
2008.03.03 19:34:58.007,0.9692,0.96955,4.20,4.30
2008.03.03 19:34:58.241,0.9692,0.96955,4.20,4.30
2008.03.03 19:34:58.473,0.9692,0.96955,4.20,4.30
2008.03.03 19:34:58.777,0.9692,0.9695,4.10,0.40
2008.03.03 19:34:59.081,0.9692,0.9695,0.20,0.50
2008.03.03 19:34:59.386,0.9692,0.9695,0.20,0.50
2008.03.03 19:34:59.614,0.9692,0.9695,0.20,0.50
2008.03.03 19:34:59.842,0.9692,0.9695,0.20,0.50
2008.03.03 19:35:00.072,0.9692,0.9695,0.20,0.50
2008.03.03 19:35:00.300,0.9692,0.9695,0.20,0.50
2008.03.03 19:35:00.608,0.9692,0.9695,0.20,0.50
2008.03.03 19:35:00.916,0.9692,0.9695,0.20,0.50
2008.03.03 19:35:01.225,0.9692,0.9695,0.20,0.50
2008.03.03 19:35:01.551,0.9692,0.9695,0.20,1.30
2008.03.03 19:35:01.883,0.9692,0.9695,0.20,1.30
2008.03.03 19:35:02.221,0.9692,0.9695,0.20,1.30
2008.03.03 19:35:02.554,0.9692,0.9695,0.20,1.30
2008.03.03 19:35:02.762,0.9692,0.9695,0.20,1.30
2008.03.03 19:35:02.987,0.9692,0.9695,0.20,1.30
2008.03.03 19:35:03.179,0.9692,0.9695,0.20,1.30
2008.03.03 19:35:03.387,0.9692,0.9695,0.20,1.30
2008.03.03 19:35:03.691,0.9692,0.9695,0.20,0.50
2008.03.03 19:35:03.994,0.9692,0.9695,0.20,1.30
2008.03.03 19:35:04.298,0.96915,0.9694,0.80,0.30
2008.03.03 19:35:04.602,0.96915,0.9694,0.80,0.30
2008.03.03 19:35:04.870,0.96915,0.9694,0.80,0.30
2008.03.03 19:35:05.138,0.96915,0.9694,0.80,0.30
2008.03.03 19:35:05.406,0.96915,0.9694,0.80,0.30
2008.03.03 19:35:05.674,0.96915,0.9694,0.80,0.30
2008.03.03 19:35:05.942,0.96915,0.9694,0.80,0.30
2008.03.03 19:35:06.210,0.96915,0.9694,0.80,0.30
2008.03.03 19:35:06.478,0.96915,0.9694,0.80,0.30
2008.03.03 19:35:06.812,0.96915,0.9694,0.80,0.30
2008.03.03 19:35:07.145,0.96915,0.9694,0.80,0.30
2008.03.03 19:35:07.478,0.96915,0.9694,0.80,0.30
2008.03.03 19:35:07.710,0.96915,0.9694,0.80,0.30
2008.03.03 19:35:07.932,0.96915,0.9694,0.80,0.30
2008.03.03 19:35:08.156,0.9691,0.9694,0.30,0.30
2008.03.03 19:35:08.379,0.9691,0.9694,0.30,0.30
2008.03.03 19:35:08.604,0.9691,0.9694,0.30,0.30
2008.03.03 19:35:08.912,0.9691,0.9694,0.30,0.30
2008.03.03 19:35:09.220,0.9691,0.9694,0.30,0.30
2008.03.03 19:35:09.528,0.9691,0.9694,0.30,0.30
2008.03.03 19:35:09.761,0.9691,0.9694,0.30,0.30
2008.03.03 19:35:10.007,0.9691,0.9694,0.30,0.30
2008.03.03 19:35:10.265,0.9691,0.9694,0.30,0.30
2008.03.03 19:35:10.498,0.9691,0.9694,0.30,0.30
2008.03.03 19:35:10.731,0.9691,0.9694,0.30,0.30
2008.03.03 19:35:11.031,0.9691,0.9694,0.30,0.30
2008.03.03 19:35:11.329,0.9691,0.9694,0.30,0.30
2008.03.03 19:35:11.627,0.9691,0.9694,0.30,0.30
2008.03.03 19:35:11.960,0.9691,0.9694,0.30,0.30
2008.03.03 19:35:12.299,0.9691,0.9694,0.30,0.30
2008.03.03 19:35:12.633,0.9691,0.9694,0.30,1.00
2008.03.03 19:35:12.855,0.9691,0.9694,0.30,1.00
2008.03.03 19:35:13.079,0.9691,0.9694,0.30,0.30
2008.03.03 19:35:13.302,0.9691,0.9694,0.30,0.30
2008.03.03 19:35:13.525,0.9691,0.9694,0.30,0.30
2008.03.03 19:35:13.748,0.9691,0.9694,0.30,0.30
2008.03.03 19:35:14.031,0.9691,0.9694,0.30,0.30
2008.03.03 19:35:14.316,0.9691,0.9694,0.30,0.30
2008.03.03 19:35:14.600,0.9691,0.9694,0.30,0.30
2008.03.03 19:35:14.868,0.9691,0.9694,0.30,0.30
2008.03.03 19:35:15.136,0.9691,0.9694,0.30,0.30
2008.03.03 19:35:15.405,0.9691,0.9694,0.30,0.30
2008.03.03 19:35:15.673,0.9691,0.9694,0.30,0.30
2008.03.03 19:35:15.926,0.9691,0.9694,0.30,0.30
2008.03.03 19:35:16.180,0.9691,0.9694,0.30,0.30
2008.03.03 19:35:16.433,0.9691,0.9694,0.30,0.30
2008.03.03 19:35:16.686,0.9691,0.9694,0.30,0.30
2008.03.03 19:35:17.020,0.9691,0.9694,0.30,0.30
2008.03.03 19:35:17.355,0.9691,0.9694,0.30,0.30
2008.03.03 19:35:17.687,0.9691,0.9694,0.30,0.30
2008.03.03 19:35:17.936,0.9691,0.9694,0.30,0.30
2008.03.03 19:35:18.169,0.9691,0.9694,0.30,0.30
2008.03.03 19:35:18.403,0.9691,0.9694,0.30,0.30
2008.03.03 19:35:18.637,0.9691,0.9694,0.30,0.30
2008.03.03 19:35:18.887,0.9691,0.9694,0.30,0.30
2008.03.03 19:35:19.166,0.9691,0.9694,0.30,0.30
2008.03.03 19:35:19.444,0.9691,0.9694,0.30,0.30
2008.03.03 19:35:19.722,0.9691,0.9694,0.30,0.30
2008.03.03 19:35:19.984,0.9691,0.9694,0.30,0.30
2008.03.03 19:35:20.248,0.9691,0.9694,0.30,0.30
2008.03.03 19:35:20.512,0.9691,0.9694,0.30,0.30
2008.03.03 19:35:20.776,0.9691,0.9694,0.30,0.30
2008.03.03 19:35:21.015,0.9691,0.9694,0.30,0.30
2008.03.03 19:35:21.269,0.9691,0.9694,0.30,0.30
2008.03.03 19:35:21.507,0.9691,0.9694,0.30,0.30
2008.03.03 19:35:21.746,0.9691,0.9694,0.30,0.30
2008.03.03 19:35:22.079,0.9691,0.9694,0.30,0.30
2008.03.03 19:35:22.413,0.9691,0.9694,0.30,0.30
2008.03.03 19:35:22.765,0.9691,0.9694,0.30,0.30
2008.03.03 19:35:22.972,0.9691,0.9694,0.30,0.30
2008.03.03 19:35:23.201,0.9691,0.9694,0.30,0.30
2008.03.03 19:35:23.446,0.9691,0.9694,0.30,0.30
2008.03.03 19:35:23.657,0.9691,0.9694,0.30,0.30
2008.03.03 19:35:23.886,0.9691,0.9694,0.30,0.30
2008.03.03 19:35:24.199,0.9691,0.9694,0.30,0.30
2008.03.03 19:35:24.512,0.9691,0.9694,0.30,0.30
2008.03.03 19:35:24.834,0.9691,0.9694,0.30,0.30
2008.03.03 19:35:25.068,0.9691,0.9694,0.30,0.30
2008.03.03 19:35:25.300,0.9691,0.9694,0.30,0.30
2008.03.03 19:35:25.534,0.9691,0.9694,0.30,0.30
2008.03.03 19:35:25.767,0.9691,0.9694,0.30,0.30
2008.03.03 19:35:26.040,0.9691,0.9694,0.30,0.30
2008.03.03 19:35:26.313,0.9691,0.9694,0.30,0.30
2008.03.03 19:35:26.585,0.9691,0.9694,0.30,0.30
2008.03.03 19:35:26.859,0.96915,0.9694,0.10,0.30
2008.03.03 19:35:27.192,0.96915,0.96945,0.80,3.20
2008.03.03 19:35:27.526,0.9692,0.96945,0.10,2.40
2008.03.03 19:35:27.859,0.9692,0.96945,0.10,2.40
2008.03.03 19:35:28.077,0.9692,0.9695,0.10,0.30
2008.03.03 19:35:28.296,0.9692,0.9695,0.10,0.30
2008.03.03 19:35:28.526,0.9692,0.9695,0.30,0.30
2008.03.03 19:35:28.745,0.9692,0.9695,0.30,0.30
2008.03.03 19:35:28.964,0.9692,0.9695,0.30,0.30
2008.03.03 19:35:29.291,0.9692,0.9695,0.30,0.30
2008.03.03 19:35:29.618,0.9692,0.9695,0.30,0.30
2008.03.03 19:35:29.946,0.9692,0.9695,0.30,0.30
2008.03.03 19:35:30.180,0.9692,0.9695,0.30,0.30
2008.03.03 19:35:30.415,0.9692,0.9695,0.30,0.30
2008.03.03 19:35:30.660,0.96925,0.9695,0.10,0.30
2008.03.03 19:35:30.898,0.96925,0.96955,0.10,2.70
2008.03.03 19:35:31.208,0.96925,0.96955,0.10,4.00
2008.03.03 19:35:31.532,0.96925,0.96955,0.10,4.00
2008.03.03 19:35:31.837,0.96925,0.96955,0.10,4.00
2008.03.03 19:35:32.171,0.96925,0.96955,0.10,4.00
2008.03.03 19:35:32.504,0.96925,0.96955,0.10,4.00
2008.03.03 19:35:32.839,0.96925,0.96955,0.10,4.00
2008.03.03 19:35:33.067,0.96925,0.96955,0.10,4.00
2008.03.03 19:35:33.295,0.96925,0.96955,0.10,4.00
2008.03.03 19:35:33.524,0.96925,0.96955,0.10,4.00
2008.03.03 19:35:33.753,0.96925,0.96955,0.10,4.00
2008.03.03 19:35:33.985,0.96925,0.96955,0.10,4.00
2008.03.03 19:35:34.273,0.96925,0.96955,0.10,6.40
2008.03.03 19:35:34.563,0.96925,0.96945,0.10,1.60
2008.03.03 19:35:34.855,0.9692,0.96945,0.30,0.80
2008.03.03 19:35:35.088,0.9692,0.96945,0.30,1.60
2008.03.03 19:35:35.322,0.9692,0.96945,0.30,1.60
2008.03.03 19:35:35.558,0.9692,0.96945,0.30,1.60
2008.03.03 19:35:35.791,0.9692,0.96945,0.30,1.60
2008.03.03 19:35:36.025,0.9692,0.96945,0.30,1.60
2008.03.03 19:35:36.339,0.9692,0.96945,0.30,1.60
2008.03.03 19:35:36.654,0.9692,0.96945,0.30,1.60
2008.03.03 19:35:36.967,0.9692,0.96945,0.30,1.60
2008.03.03 19:35:37.301,0.96925,0.9695,0.10,0.80
2008.03.03 19:35:37.635,0.96925,0.9695,0.10,0.80
2008.03.03 19:35:37.969,0.96925,0.9695,0.10,0.80
2008.03.03 19:35:38.194,0.96925,0.9695,0.10,0.80
2008.03.03 19:35:38.419,0.96925,0.9695,0.10,0.80
2008.03.03 19:35:38.642,0.96925,0.9695,0.10,0.80
2008.03.03 19:35:38.882,0.96925,0.9695,0.10,0.80
2008.03.03 19:35:39.105,0.96925,0.9695,0.10,0.80
2008.03.03 19:35:39.408,0.96925,0.9695,0.10,0.80
2008.03.03 19:35:39.712,0.96925,0.9695,0.10,0.80
2008.03.03 19:35:40.015,0.96925,0.9695,0.10,0.80
2008.03.03 19:35:40.250,0.96925,0.9695,0.10,0.80
2008.03.03 19:35:40.483,0.96925,0.9695,0.10,0.80
2008.03.03 19:35:40.717,0.96925,0.9695,0.10,0.80
2008.03.03 19:35:40.950,0.96925,0.9695,0.10,0.80
2008.03.03 19:35:41.184,0.96925,0.9695,0.10,0.80
2008.03.03 19:35:41.535,0.96925,0.9695,0.10,0.80
2008.03.03 19:35:41.850,0.96925,0.9695,0.10,0.80
2008.03.03 19:35:42.183,0.96925,0.9695,0.10,0.80
2008.03.03 19:35:42.396,0.96925,0.9695,0.10,0.80
2008.03.03 19:35:42.625,0.96925,0.9695,0.10,0.80
2008.03.03 19:35:42.838,0.96925,0.9695,0.10,0.80
2008.03.03 19:35:43.051,0.96925,0.9695,0.10,0.80
2008.03.03 19:35:43.265,0.96925,0.9695,0.10,0.80
2008.03.03 19:35:43.578,0.96925,0.9695,0.10,0.80
2008.03.03 19:35:43.891,0.96925,0.9695,0.10,0.80
2008.03.03 19:35:44.205,0.96925,0.9695,0.10,0.80
2008.03.03 19:35:44.418,0.96925,0.9695,0.10,0.80
2008.03.03 19:35:44.632,0.96925,0.9695,0.10,0.80
2008.03.03 19:35:44.844,0.96925,0.9695,0.10,0.80
2008.03.03 19:35:45.058,0.96925,0.9695,0.10,0.80
2008.03.03 19:35:45.271,0.96925,0.9695,0.10,0.80
2008.03.03 19:35:45.605,0.9692,0.9695,0.30,0.80
2008.03.03 19:35:45.939,0.9692,0.9695,0.30,1.00
2008.03.03 19:35:46.273,0.9692,0.9695,0.30,1.00
2008.03.03 19:35:46.606,0.9692,0.9695,0.30,1.00
2008.03.03 19:35:46.939,0.9692,0.9695,0.30,0.30
2008.03.03 19:35:47.273,0.9692,0.9695,0.30,1.00
2008.03.03 19:35:47.502,0.9692,0.9695,0.30,1.00
2008.03.03 19:35:47.730,0.9692,0.9695,0.30,0.30
2008.03.03 19:35:47.957,0.9692,0.9695,0.30,0.30
2008.03.03 19:35:48.186,0.9692,0.96945,0.30,0.80
2008.03.03 19:35:48.415,0.9692,0.96945,0.30,1.60
2008.03.03 19:35:48.735,0.9693,0.9694,0.30,0.80
2008.03.03 19:35:49.071,0.9693,0.96955,0.20,4.00
2008.03.03 19:35:49.411,0.96925,0.96955,2.40,1.60
2008.03.03 19:35:49.669,0.96925,0.96955,2.40,1.60
2008.03.03 19:35:49.927,0.96925,0.96955,2.40,1.60
2008.03.03 19:35:50.185,0.96925,0.96955,2.40,0.80
2008.03.03 19:35:50.444,0.96925,0.96955,2.40,1.60
2008.03.03 19:35:50.708,0.96925,0.96955,2.40,1.60
2008.03.03 19:35:50.972,0.96925,0.96955,2.40,1.60
2008.03.03 19:35:51.236,0.9693,0.96955,0.10,1.60
2008.03.03 19:35:51.500,0.9693,0.96955,0.10,1.60
2008.03.03 19:35:51.833,0.9693,0.96955,0.10,1.60
2008.03.03 19:35:52.167,0.96925,0.96955,4.80,1.60
2008.03.03 19:35:52.500,0.96925,0.96955,2.40,1.60
2008.03.03 19:35:52.741,0.96925,0.96955,2.40,1.60
2008.03.03 19:35:52.948,0.96925,0.96955,2.40,1.60
2008.03.03 19:35:53.172,0.96925,0.96955,2.40,1.60
2008.03.03 19:35:53.396,0.96925,0.96955,2.40,1.60
2008.03.03 19:35:53.729,0.96925,0.96955,2.40,1.60
2008.03.03 19:35:54.063,0.96925,0.96955,2.40,1.60
2008.03.03 19:35:54.396,0.96925,0.96955,2.40,1.60
2008.03.03 19:35:54.625,0.96925,0.96955,2.40,1.60
2008.03.03 19:35:54.854,0.96925,0.96955,2.40,1.60
2008.03.03 19:35:55.082,0.96925,0.96955,2.40,1.60
2008.03.03 19:35:55.311,0.96925,0.96945,2.40,1.60
2008.03.03 19:35:55.599,0.96925,0.96945,2.40,1.60
2008.03.03 19:35:55.889,0.9692,0.96945,0.10,1.60
2008.03.03 19:35:56.179,0.9692,0.96945,0.10,1.60
2008.03.03 19:35:56.467,0.9692,0.96945,0.10,1.60
2008.03.03 19:35:56.802,0.96915,0.96945,3.20,1.60
2008.03.03 19:35:57.136,0.96915,0.96945,3.20,1.60
2008.03.03 19:35:57.486,0.9692,0.96945,0.10,1.60
2008.03.03 19:35:57.728,0.9692,0.96945,0.10,1.60
2008.03.03 19:35:57.934,0.9692,0.96945,0.10,1.60
2008.03.03 19:35:58.157,0.9692,0.96945,0.10,1.60
2008.03.03 19:35:58.381,0.9692,0.96945,0.10,1.60
2008.03.03 19:35:58.655,0.96915,0.96945,3.20,1.60
2008.03.03 19:35:58.929,0.9692,0.96945,0.10,1.60
2008.03.03 19:35:59.202,0.9692,0.96945,0.10,1.60
2008.03.03 19:35:59.476,0.9692,0.96945,0.10,1.60
2008.03.03 19:35:59.754,0.9692,0.96945,0.10,1.60
2008.03.03 19:36:00.033,0.9692,0.96945,0.10,1.60
2008.03.03 19:36:00.311,0.9692,0.9694,0.10,0.80
2008.03.03 19:36:00.590,0.9692,0.9694,0.10,0.80
2008.03.03 19:36:00.840,0.9692,0.9694,0.10,0.80
2008.03.03 19:36:01.088,0.9692,0.9694,0.10,0.80
2008.03.03 19:36:01.336,0.9692,0.9694,0.10,0.80
2008.03.03 19:36:01.585,0.9692,0.9694,0.10,0.80
2008.03.03 19:36:01.918,0.9692,0.9694,0.10,0.80
2008.03.03 19:36:02.252,0.9692,0.9694,0.10,0.80
2008.03.03 19:36:02.586,0.9692,0.9694,0.10,0.80
2008.03.03 19:36:02.793,0.9692,0.9694,0.10,0.80
2008.03.03 19:36:03.002,0.9692,0.9694,0.10,0.80
2008.03.03 19:36:03.210,0.9692,0.9694,0.10,0.80
2008.03.03 19:36:03.419,0.9692,0.9694,0.10,0.80
2008.03.03 19:36:03.717,0.9692,0.9694,0.10,0.80
2008.03.03 19:36:04.016,0.9692,0.9694,0.10,0.80
2008.03.03 19:36:04.314,0.9692,0.9694,0.10,0.80
2008.03.03 19:36:04.629,0.9692,0.9694,0.10,0.80
2008.03.03 19:36:04.866,0.9692,0.9694,0.10,0.80
2008.03.03 19:36:05.119,0.9692,0.9694,0.10,0.80
2008.03.03 19:36:05.373,0.9692,0.9694,0.10,0.80
2008.03.03 19:36:05.625,0.9692,0.9694,0.10,0.80
2008.03.03 19:36:05.879,0.9692,0.9694,0.10,0.80
2008.03.03 19:36:06.132,0.9692,0.9694,0.10,0.80
2008.03.03 19:36:06.384,0.9692,0.9694,0.10,0.80
2008.03.03 19:36:06.637,0.9692,0.9694,0.10,0.80
2008.03.03 19:36:06.971,0.9692,0.9694,0.10,0.80
2008.03.03 19:36:07.304,0.9692,0.9694,0.10,0.80
2008.03.03 19:36:07.636,0.9692,0.9694,0.10,0.80
2008.03.03 19:36:07.854,0.9692,0.9694,0.10,0.80
2008.03.03 19:36:08.073,0.9692,0.9694,0.10,0.80
2008.03.03 19:36:08.291,0.9692,0.9694,0.10,0.80
2008.03.03 19:36:08.526,0.9692,0.9694,0.10,0.80
2008.03.03 19:36:08.730,0.9692,0.9694,0.10,0.80
2008.03.03 19:36:09.033,0.9692,0.9694,0.10,0.80
2008.03.03 19:36:09.337,0.9692,0.9694,0.10,0.80
2008.03.03 19:36:09.640,0.9692,0.9694,0.10,0.80
2008.03.03 19:36:09.874,0.9692,0.9694,0.10,0.80
2008.03.03 19:36:10.107,0.9692,0.9694,0.10,0.80
2008.03.03 19:36:10.340,0.9692,0.9694,0.10,0.80
2008.03.03 19:36:10.573,0.9692,0.9694,0.10,0.80
2008.03.03 19:36:10.852,0.9692,0.9694,0.10,0.80
2008.03.03 19:36:11.130,0.9692,0.9694,0.10,0.80
2008.03.03 19:36:11.409,0.9692,0.9694,0.10,0.80
2008.03.03 19:36:11.687,0.9692,0.9694,0.10,0.80
2008.03.03 19:36:12.022,0.9692,0.9694,0.10,0.80
2008.03.03 19:36:12.355,0.9692,0.9694,0.10,0.80
2008.03.03 19:36:12.689,0.96915,0.9694,4.80,0.80
2008.03.03 19:36:12.913,0.96915,0.9694,0.10,0.80
2008.03.03 19:36:13.137,0.96915,0.9694,0.10,0.80
2008.03.03 19:36:13.361,0.96915,0.9694,0.10,0.80
2008.03.03 19:36:13.585,0.96915,0.9694,0.10,0.80
2008.03.03 19:36:13.913,0.96915,0.9694,0.10,0.80
2008.03.03 19:36:14.241,0.96915,0.9694,0.10,0.80
2008.03.03 19:36:14.569,0.96915,0.9694,0.10,0.80
2008.03.03 19:36:14.898,0.96915,0.9694,0.10,0.80
2008.03.03 19:36:15.116,0.96915,0.9694,0.10,0.80
2008.03.03 19:36:15.334,0.96915,0.9694,0.10,0.80
2008.03.03 19:36:15.551,0.96915,0.9694,0.10,0.80
2008.03.03 19:36:15.769,0.96915,0.9694,0.10,0.80
2008.03.03 19:36:16.048,0.96915,0.9694,0.10,0.80
2008.03.03 19:36:16.325,0.96915,0.96945,0.10,2.40
2008.03.03 19:36:16.603,0.96915,0.96945,0.10,2.40
2008.03.03 19:36:16.882,0.96925,0.96945,0.10,2.40
2008.03.03 19:36:17.216,0.9693,0.96945,0.10,2.40
2008.03.03 19:36:17.550,0.9693,0.9695,0.10,0.80
2008.03.03 19:36:17.885,0.9693,0.9695,0.10,0.80
2008.03.03 19:36:18.139,0.9693,0.9695,0.10,0.80
2008.03.03 19:36:18.360,0.9693,0.9695,0.10,0.80
2008.03.03 19:36:18.598,0.9693,0.9695,0.10,0.80
2008.03.03 19:36:18.836,0.9693,0.9695,0.10,0.80
2008.03.03 19:36:19.109,0.9693,0.9695,0.10,0.80
2008.03.03 19:36:19.382,0.9693,0.9695,0.10,0.80
2008.03.03 19:36:19.656,0.9693,0.9695,0.10,0.80
2008.03.03 19:36:19.915,0.96925,0.9695,0.10,0.80
2008.03.03 19:36:20.174,0.96925,0.9695,0.10,0.80
2008.03.03 19:36:20.433,0.96915,0.96945,0.10,2.40
2008.03.03 19:36:20.691,0.96915,0.96945,0.10,2.40
2008.03.03 19:36:20.979,0.96915,0.9694,0.10,0.30
2008.03.03 19:36:21.258,0.96925,0.96945,0.10,2.40
2008.03.03 19:36:21.537,0.96925,0.96945,0.10,2.40
2008.03.03 19:36:21.815,0.96925,0.96945,0.10,2.40
2008.03.03 19:36:22.149,0.96925,0.96945,0.10,2.40
2008.03.03 19:36:22.482,0.96925,0.96945,0.10,2.40
2008.03.03 19:36:22.816,0.96925,0.96945,0.10,2.40
2008.03.03 19:36:23.040,0.96925,0.96945,0.10,2.40
2008.03.03 19:36:23.264,0.9693,0.9695,0.10,0.80
2008.03.03 19:36:23.487,0.9693,0.9695,0.10,0.80
2008.03.03 19:36:23.711,0.9693,0.9695,0.10,0.80
2008.03.03 19:36:24.011,0.9693,0.9695,0.10,0.80
2008.03.03 19:36:24.308,0.9693,0.9695,0.10,0.80
2008.03.03 19:36:24.607,0.9693,0.9695,0.10,0.80
2008.03.03 19:36:24.906,0.96925,0.96945,0.10,2.40
2008.03.03 19:36:25.145,0.96925,0.96945,0.10,2.40
2008.03.03 19:36:25.385,0.96925,0.96945,0.10,2.40
2008.03.03 19:36:25.624,0.96925,0.96945,0.10,2.40
2008.03.03 19:36:25.863,0.96925,0.96945,0.10,2.40
2008.03.03 19:36:26.172,0.96925,0.96945,0.10,2.40
2008.03.03 19:36:26.481,0.96925,0.96945,0.10,2.40
2008.03.03 19:36:26.789,0.96925,0.96945,0.10,2.40
2008.03.03 19:36:27.119,0.96925,0.96945,0.10,2.40
2008.03.03 19:36:27.447,0.96925,0.96945,0.10,2.40
2008.03.03 19:36:27.776,0.96925,0.96945,0.10,2.40
2008.03.03 19:36:28.105,0.96925,0.96945,0.10,2.40
2008.03.03 19:36:28.334,0.9692,0.96945,0.10,2.40
2008.03.03 19:36:28.563,0.9692,0.96945,0.10,2.40
2008.03.03 19:36:28.791,0.9692,0.96945,0.10,2.40
2008.03.03 19:36:29.105,0.9692,0.96945,0.10,2.40
2008.03.03 19:36:29.418,0.9692,0.96945,0.10,2.40
2008.03.03 19:36:29.732,0.9692,0.96945,0.10,2.40
2008.03.03 19:36:30.046,0.9692,0.96945,0.10,2.40
2008.03.03 19:36:30.279,0.96925,0.96945,0.10,2.40
2008.03.03 19:36:30.513,0.96925,0.9695,0.10,1.00
2008.03.03 19:36:30.746,0.96925,0.9695,0.10,1.00
2008.03.03 19:36:30.981,0.96925,0.9695,0.10,1.00
2008.03.03 19:36:31.274,0.96925,0.9695,0.10,1.00
2008.03.03 19:36:31.567,0.96925,0.96945,0.10,0.80
2008.03.03 19:36:31.861,0.96925,0.9695,0.10,1.00
2008.03.03 19:36:32.194,0.96925,0.9695,0.10,1.00
2008.03.03 19:36:32.527,0.96925,0.9695,0.10,1.00
2008.03.03 19:36:32.860,0.96925,0.9695,0.10,1.00
2008.03.03 19:36:33.193,0.96925,0.9694,0.10,0.80
2008.03.03 19:36:33.391,0.96925,0.9694,0.10,0.80
2008.03.03 19:36:33.589,0.96925,0.9694,0.10,0.80
2008.03.03 19:36:33.788,0.96925,0.96945,0.10,4.00
2008.03.03 19:36:33.987,0.96925,0.96945,0.10,4.00
2008.03.03 19:36:34.320,0.96925,0.96945,0.10,2.40
2008.03.03 19:36:34.654,0.96925,0.9694,0.10,0.80
2008.03.03 19:36:34.988,0.9692,0.96935,0.10,1.60
2008.03.03 19:36:35.208,0.96915,0.96935,0.10,1.60
2008.03.03 19:36:35.426,0.96915,0.96935,0.10,1.60
2008.03.03 19:36:35.644,0.96915,0.96935,0.10,1.60
2008.03.03 19:36:35.863,0.96915,0.96925,0.10,0.80
2008.03.03 19:36:36.081,0.96915,0.96925,0.10,1.60
2008.03.03 19:36:36.406,0.96915,0.96925,0.10,1.60
2008.03.03 19:36:36.698,0.96905,0.96925,8.80,1.60
2008.03.03 19:36:37.007,0.96905,0.96925,4.00,1.60
2008.03.03 19:36:37.340,0.969,0.96925,0.10,1.60
2008.03.03 19:36:37.673,0.969,0.96925,0.10,1.60
2008.03.03 19:36:38.007,0.96905,0.96925,0.10,1.60
2008.03.03 19:36:38.230,0.96905,0.96925,0.10,1.60
2008.03.03 19:36:38.453,0.96905,0.96925,0.10,1.60
2008.03.03 19:36:38.677,0.96905,0.9692,0.10,0.80
2008.03.03 19:36:38.901,0.96905,0.96915,0.10,1.60
2008.03.03 19:36:39.124,0.96905,0.96915,0.10,1.60
2008.03.03 19:36:39.432,0.969,0.96915,0.10,1.60
2008.03.03 19:36:39.742,0.969,0.96915,0.10,1.60
2008.03.03 19:36:40.051,0.96895,0.9691,0.10,0.80
2008.03.03 19:36:40.290,0.96895,0.9691,0.10,0.80
2008.03.03 19:36:40.529,0.96895,0.9691,0.10,0.80
2008.03.03 19:36:40.767,0.96895,0.9691,0.10,0.80
2008.03.03 19:36:41.006,0.96895,0.9691,0.10,0.80
2008.03.03 19:36:41.309,0.96895,0.9691,0.10,0.80
2008.03.03 19:36:41.644,0.96895,0.9692,0.10,0.80
2008.03.03 19:36:41.951,0.969,0.9692,0.10,0.80
2008.03.03 19:36:42.255,0.969,0.9692,0.10,0.80
2008.03.03 19:36:42.591,0.96895,0.9692,0.10,0.80
2008.03.03 19:36:42.925,0.969,0.9692,0.10,0.80
2008.03.03 19:36:43.260,0.969,0.9692,0.10,0.80
2008.03.03 19:36:43.512,0.969,0.96915,0.10,1.60
2008.03.03 19:36:43.768,0.96895,0.96915,0.10,0.80
2008.03.03 19:36:43.990,0.96895,0.96925,0.10,5.60
2008.03.03 19:36:44.230,0.969,0.9692,0.10,0.80
2008.03.03 19:36:44.538,0.969,0.9692,0.10,0.80
2008.03.03 19:36:44.847,0.969,0.9692,0.10,0.80
2008.03.03 19:36:45.156,0.969,0.9692,0.10,0.80
2008.03.03 19:36:45.410,0.969,0.9692,0.10,0.80
2008.03.03 19:36:45.667,0.969,0.9692,0.10,0.80
2008.03.03 19:36:45.920,0.969,0.9692,0.10,0.80
2008.03.03 19:36:46.175,0.969,0.9692,0.10,0.80
2008.03.03 19:36:46.509,0.96895,0.9692,0.10,0.80
2008.03.03 19:36:46.843,0.96895,0.9692,0.10,0.80
2008.03.03 19:36:47.179,0.96895,0.9692,0.10,0.80
2008.03.03 19:36:47.418,0.96895,0.9692,0.10,0.80
2008.03.03 19:36:47.656,0.96895,0.9692,0.10,0.80
2008.03.03 19:36:47.894,0.96895,0.9692,0.10,0.80
2008.03.03 19:36:48.133,0.96895,0.9692,0.10,0.80
2008.03.03 19:36:48.384,0.96895,0.9692,0.10,0.80
2008.03.03 19:36:48.698,0.96895,0.9692,0.10,0.80
2008.03.03 19:36:49.012,0.96895,0.9692,0.10,0.80
2008.03.03 19:36:49.325,0.96895,0.9692,0.10,0.80
2008.03.03 19:36:49.548,0.96895,0.9692,0.10,0.80
2008.03.03 19:36:49.774,0.96895,0.9692,0.10,0.80
2008.03.03 19:36:49.996,0.96895,0.9692,0.10,0.80
2008.03.03 19:36:50.219,0.96895,0.9692,0.10,0.80
2008.03.03 19:36:50.497,0.96895,0.9692,0.10,0.80
2008.03.03 19:36:50.776,0.96895,0.9692,0.10,0.80
2008.03.03 19:36:51.073,0.969,0.9692,0.10,0.80
2008.03.03 19:36:51.351,0.969,0.9692,0.10,0.80
2008.03.03 19:36:51.684,0.96895,0.9692,0.10,0.80
2008.03.03 19:36:52.018,0.96895,0.9692,0.10,0.80
2008.03.03 19:36:52.353,0.96895,0.9692,0.10,0.80
2008.03.03 19:36:52.576,0.96895,0.9692,0.10,0.80
2008.03.03 19:36:52.799,0.96895,0.9692,0.10,0.80
2008.03.03 19:36:53.022,0.96895,0.96925,0.10,2.40
2008.03.03 19:36:53.245,0.96895,0.96925,0.10,2.40
2008.03.03 19:36:53.534,0.969,0.96925,0.10,2.40
2008.03.03 19:36:53.838,0.969,0.96925,0.10,2.40
2008.03.03 19:36:54.127,0.969,0.96925,0.10,2.40
2008.03.03 19:36:54.416,0.969,0.96925,0.10,2.40
2008.03.03 19:36:54.701,0.96905,0.96925,0.10,2.40
2008.03.03 19:36:54.984,0.96905,0.96925,0.10,2.40
2008.03.03 19:36:55.267,0.96905,0.96925,0.10,2.40
2008.03.03 19:36:55.501,0.96905,0.96925,0.10,2.40
2008.03.03 19:36:55.736,0.96905,0.96925,0.10,2.40
2008.03.03 19:36:55.969,0.96905,0.96925,0.10,2.40
2008.03.03 19:36:56.203,0.96905,0.96925,0.10,2.40
2008.03.03 19:36:56.436,0.96905,0.96925,0.10,2.40
2008.03.03 19:36:56.788,0.96905,0.96925,0.10,2.40
2008.03.03 19:36:57.137,0.96905,0.96925,0.10,2.40
2008.03.03 19:36:57.455,0.96905,0.96925,0.10,2.40
2008.03.03 19:36:57.664,0.96905,0.96925,0.10,2.40
2008.03.03 19:36:57.873,0.96905,0.96925,0.10,2.40
2008.03.03 19:36:58.081,0.96905,0.96925,0.10,2.40
2008.03.03 19:36:58.289,0.96905,0.96925,0.10,2.40
2008.03.03 19:36:58.611,0.96905,0.96925,0.10,2.40
2008.03.03 19:36:58.915,0.96905,0.96925,0.10,2.40
2008.03.03 19:36:59.234,0.96905,0.96925,0.10,2.40
2008.03.03 19:36:59.522,0.96905,0.96925,0.10,2.40
2008.03.03 19:36:59.765,0.96905,0.96925,0.10,2.40
2008.03.03 19:37:00.008,0.96905,0.96925,0.10,2.40
2008.03.03 19:37:00.266,0.96905,0.96925,0.10,2.40
2008.03.03 19:37:00.509,0.96905,0.96925,0.10,2.40
2008.03.03 19:37:00.774,0.9691,0.96925,0.10,2.40
2008.03.03 19:37:01.037,0.9691,0.9693,0.10,0.80
2008.03.03 19:37:01.301,0.9691,0.9693,0.10,0.80
2008.03.03 19:37:01.565,0.9691,0.9693,0.10,0.80
2008.03.03 19:37:01.915,0.9691,0.9693,0.10,0.80
2008.03.03 19:37:02.249,0.969,0.9693,0.10,0.80
2008.03.03 19:37:02.584,0.969,0.9693,0.10,0.80
2008.03.03 19:37:02.802,0.969,0.9693,0.10,0.80
2008.03.03 19:37:03.022,0.969,0.9693,0.10,0.80
2008.03.03 19:37:03.242,0.96905,0.96925,0.10,2.40
2008.03.03 19:37:03.473,0.96905,0.96925,0.10,2.40
2008.03.03 19:37:03.816,0.96905,0.96925,0.10,2.40
2008.03.03 19:37:04.139,0.969,0.9692,0.10,0.80
2008.03.03 19:37:04.464,0.969,0.9692,0.10,0.80
2008.03.03 19:37:04.687,0.96895,0.96915,0.10,2.40
2008.03.03 19:37:04.911,0.96895,0.96915,0.10,2.40
2008.03.03 19:37:05.135,0.96895,0.96915,0.10,2.40
2008.03.03 19:37:05.360,0.96885,0.96915,0.10,2.40
2008.03.03 19:37:05.586,0.9689,0.96915,0.10,2.40
2008.03.03 19:37:05.919,0.9689,0.96915,0.10,2.40
2008.03.03 19:37:06.251,0.9689,0.96915,0.10,2.40
2008.03.03 19:37:06.586,0.9689,0.96915,0.10,2.40
2008.03.03 19:37:06.920,0.9689,0.96915,0.10,2.40
2008.03.03 19:37:07.254,0.9689,0.96915,0.10,2.40
2008.03.03 19:37:07.586,0.9689,0.96915,0.10,2.40
2008.03.03 19:37:07.809,0.9689,0.96915,0.10,2.40
2008.03.03 19:37:08.033,0.96895,0.96915,0.10,2.40
2008.03.03 19:37:08.257,0.96895,0.96915,0.10,2.40
2008.03.03 19:37:08.480,0.96895,0.96915,0.10,2.40
2008.03.03 19:37:08.789,0.96895,0.96915,0.10,2.40
2008.03.03 19:37:09.104,0.96895,0.96915,0.10,2.40
2008.03.03 19:37:09.427,0.96895,0.96915,0.10,2.40
2008.03.03 19:37:09.720,0.96895,0.96915,0.10,2.40
2008.03.03 19:37:09.985,0.96895,0.96915,0.10,2.40
2008.03.03 19:37:10.248,0.96895,0.96915,0.10,2.40
2008.03.03 19:37:10.512,0.96895,0.96915,0.10,2.40
2008.03.03 19:37:10.767,0.96895,0.96915,0.10,2.40
2008.03.03 19:37:11.011,0.96895,0.96915,0.10,2.40
2008.03.03 19:37:11.260,0.96895,0.96915,0.10,2.40
2008.03.03 19:37:11.505,0.96895,0.96915,0.10,2.40
2008.03.03 19:37:11.838,0.96895,0.96915,0.10,2.40
2008.03.03 19:37:12.171,0.96895,0.96915,0.10,2.40
2008.03.03 19:37:12.504,0.96895,0.96915,0.10,2.40
2008.03.03 19:37:12.722,0.96895,0.96915,0.10,2.40
2008.03.03 19:37:12.940,0.96895,0.96915,0.10,2.40
2008.03.03 19:37:13.159,0.96895,0.96915,0.10,4.00
2008.03.03 19:37:13.394,0.96895,0.96915,0.10,4.00
2008.03.03 19:37:13.615,0.96895,0.96915,0.10,4.00
2008.03.03 19:37:13.916,0.96895,0.96915,0.10,4.00
2008.03.03 19:37:14.219,0.96895,0.96915,0.10,4.00
2008.03.03 19:37:14.523,0.96895,0.96915,0.10,2.40
2008.03.03 19:37:14.826,0.96895,0.96915,0.10,2.40
2008.03.03 19:37:15.111,0.96895,0.96915,0.10,2.40
2008.03.03 19:37:15.363,0.96895,0.96915,0.10,2.40
2008.03.03 19:37:15.632,0.96895,0.96915,0.10,2.40
2008.03.03 19:37:15.901,0.96895,0.96915,0.10,2.40
2008.03.03 19:37:16.134,0.96895,0.96915,0.10,2.40
2008.03.03 19:37:16.367,0.96895,0.96915,0.10,2.40
2008.03.03 19:37:16.613,0.96895,0.96915,0.10,2.40
2008.03.03 19:37:16.845,0.96895,0.96915,0.10,2.40
2008.03.03 19:37:17.179,0.96895,0.96915,0.10,2.40
2008.03.03 19:37:17.512,0.96895,0.96915,0.10,2.40
2008.03.03 19:37:17.846,0.96895,0.96915,0.10,2.40
2008.03.03 19:37:18.075,0.96895,0.96915,0.10,2.40
2008.03.03 19:37:18.303,0.96895,0.96915,0.10,2.40
2008.03.03 19:37:18.532,0.96895,0.96915,0.10,2.40
2008.03.03 19:37:18.761,0.96895,0.96915,0.10,2.40
2008.03.03 19:37:18.991,0.96895,0.96915,0.10,2.40
2008.03.03 19:37:19.305,0.96895,0.96915,0.10,2.40
2008.03.03 19:37:19.617,0.96895,0.96915,0.10,2.40
2008.03.03 19:37:19.930,0.96895,0.96915,0.10,2.40
2008.03.03 19:37:20.174,0.96895,0.96915,0.10,2.40
2008.03.03 19:37:20.417,0.96895,0.96915,0.10,2.40
2008.03.03 19:37:20.661,0.96895,0.96915,0.10,2.40
2008.03.03 19:37:20.904,0.96895,0.96915,0.10,2.40
2008.03.03 19:37:21.177,0.96895,0.96915,0.10,2.40
2008.03.03 19:37:21.451,0.96895,0.96915,0.10,2.40
2008.03.03 19:37:21.724,0.96895,0.96915,0.10,2.40
2008.03.03 19:37:22.015,0.96895,0.96915,0.10,2.40
2008.03.03 19:37:22.351,0.96895,0.96915,0.10,2.40
2008.03.03 19:37:22.686,0.96895,0.96915,0.10,2.40
2008.03.03 19:37:23.038,0.96895,0.96915,0.10,2.40
2008.03.03 19:37:23.262,0.96895,0.96915,0.10,2.40
2008.03.03 19:37:23.486,0.96895,0.96915,0.10,2.40
2008.03.03 19:37:23.709,0.96895,0.96915,0.10,2.40
2008.03.03 19:37:23.932,0.96895,0.96915,0.10,2.40
2008.03.03 19:37:24.221,0.96895,0.96915,0.10,2.40
2008.03.03 19:37:24.526,0.96895,0.96915,0.10,2.40
2008.03.03 19:37:24.815,0.96895,0.96915,0.10,2.40
2008.03.03 19:37:25.104,0.96895,0.96915,0.10,2.40
2008.03.03 19:37:25.362,0.96895,0.96915,0.10,2.40
2008.03.03 19:37:25.622,0.96895,0.96915,0.10,2.40
2008.03.03 19:37:25.882,0.96895,0.96915,0.10,2.40
2008.03.03 19:37:26.141,0.96895,0.96915,0.10,2.40
2008.03.03 19:37:26.403,0.96895,0.96915,0.10,2.40
2008.03.03 19:37:26.666,0.96895,0.96915,0.10,2.40
2008.03.03 19:37:26.929,0.96895,0.96915,0.10,2.40
2008.03.03 19:37:27.262,0.96895,0.96915,0.10,2.40
2008.03.03 19:37:27.596,0.96895,0.96915,0.10,2.40
2008.03.03 19:37:27.930,0.96895,0.96915,0.10,2.40
2008.03.03 19:37:28.263,0.96895,0.96915,0.10,2.40
2008.03.03 19:37:28.481,0.96895,0.96915,0.10,2.40
2008.03.03 19:37:28.700,0.96895,0.96915,0.10,3.20
2008.03.03 19:37:28.919,0.96895,0.96915,0.10,4.00
2008.03.03 19:37:29.138,0.96895,0.96915,0.10,3.20
2008.03.03 19:37:29.446,0.96895,0.96915,0.10,2.40
2008.03.03 19:37:29.755,0.96895,0.96915,0.10,2.40
2008.03.03 19:37:30.083,0.96895,0.96915,0.10,2.40
2008.03.03 19:37:30.325,0.96895,0.96915,0.10,2.40
2008.03.03 19:37:30.569,0.96895,0.96915,0.10,2.40
2008.03.03 19:37:30.812,0.969,0.96915,0.10,2.40
2008.03.03 19:37:31.057,0.969,0.9692,0.10,1.00
2008.03.03 19:37:31.333,0.96905,0.9692,0.10,0.80
2008.03.03 19:37:31.607,0.96905,0.9692,0.10,0.80
2008.03.03 19:37:31.885,0.969,0.9692,0.10,0.80
2008.03.03 19:37:32.157,0.969,0.9692,0.10,0.80
2008.03.03 19:37:32.491,0.969,0.96915,0.10,0.80
2008.03.03 19:37:32.825,0.969,0.9691,0.10,0.80
2008.03.03 19:37:33.159,0.969,0.9691,0.10,0.80
2008.03.03 19:37:33.378,0.969,0.9691,0.10,0.80
2008.03.03 19:37:33.609,0.969,0.9691,0.10,0.80
2008.03.03 19:37:33.827,0.969,0.9691,0.10,0.80
2008.03.03 19:37:34.047,0.969,0.9691,0.10,0.80
2008.03.03 19:37:34.351,0.969,0.9691,0.10,0.80
2008.03.03 19:37:34.655,0.969,0.9691,0.10,0.80
2008.03.03 19:37:34.959,0.969,0.9691,0.10,0.80
2008.03.03 19:37:35.265,0.96895,0.9691,0.10,0.80
2008.03.03 19:37:35.509,0.96885,0.9691,4.00,1.00
2008.03.03 19:37:35.757,0.96885,0.9691,0.10,1.00
2008.03.03 19:37:36.018,0.96885,0.9691,0.10,1.00
2008.03.03 19:37:36.241,0.96885,0.9691,0.10,1.00
2008.03.03 19:37:36.575,0.96885,0.9691,0.10,1.00
2008.03.03 19:37:36.908,0.96885,0.9691,0.10,1.00
2008.03.03 19:37:37.258,0.96885,0.9691,0.10,1.00
2008.03.03 19:37:37.486,0.96885,0.9691,0.10,1.00
2008.03.03 19:37:37.714,0.96885,0.9691,0.10,1.00
2008.03.03 19:37:37.943,0.96885,0.9691,0.10,1.00
2008.03.03 19:37:38.171,0.96885,0.9691,0.10,1.00
2008.03.03 19:37:38.479,0.9688,0.9691,0.10,1.00
2008.03.03 19:37:38.788,0.9688,0.9691,0.10,1.00
2008.03.03 19:37:39.097,0.9688,0.9691,0.10,1.00
2008.03.03 19:37:39.411,0.9688,0.9691,0.10,1.00
2008.03.03 19:37:39.670,0.9688,0.9691,0.10,1.00
2008.03.03 19:37:39.928,0.9688,0.9691,0.10,1.00
2008.03.03 19:37:40.187,0.9688,0.9691,0.10,1.00
2008.03.03 19:37:40.446,0.9688,0.96905,0.10,2.40
2008.03.03 19:37:40.705,0.9688,0.96905,0.10,2.40
2008.03.03 19:37:40.963,0.9688,0.96905,0.10,2.40
2008.03.03 19:37:41.221,0.9688,0.96905,0.10,2.40
2008.03.03 19:37:41.555,0.9688,0.96905,0.10,2.40
2008.03.03 19:37:41.888,0.9688,0.96905,0.10,2.40
2008.03.03 19:37:42.221,0.9688,0.96905,0.10,2.40
2008.03.03 19:37:42.554,0.9688,0.96905,0.10,2.40
2008.03.03 19:37:42.778,0.9688,0.96905,0.10,2.40
2008.03.03 19:37:43.000,0.9688,0.96905,0.10,2.40
2008.03.03 19:37:43.224,0.9688,0.96905,0.10,2.40
2008.03.03 19:37:43.448,0.96875,0.96905,0.10,2.40
2008.03.03 19:37:43.771,0.96875,0.96905,0.10,2.40
2008.03.03 19:37:44.098,0.9688,0.96905,0.10,2.40
2008.03.03 19:37:44.422,0.96875,0.96905,0.10,2.40
2008.03.03 19:37:44.677,0.96875,0.96905,0.10,2.40
2008.03.03 19:37:44.931,0.96875,0.969,0.10,0.30
2008.03.03 19:37:45.184,0.96875,0.969,0.10,0.30
2008.03.03 19:37:45.437,0.96875,0.969,0.10,0.30
2008.03.03 19:37:45.725,0.96875,0.969,0.10,0.30
2008.03.03 19:37:46.013,0.96875,0.969,0.10,0.30
2008.03.03 19:37:46.303,0.96875,0.969,0.10,0.30
2008.03.03 19:37:46.643,0.96875,0.969,0.10,0.30
2008.03.03 19:37:46.996,0.96875,0.969,0.10,0.30
2008.03.03 19:37:47.312,0.9688,0.969,0.10,0.30
2008.03.03 19:37:47.529,0.9688,0.969,0.10,0.30
2008.03.03 19:37:47.748,0.9688,0.969,0.10,0.30
2008.03.03 19:37:47.967,0.96875,0.969,0.10,0.30
2008.03.03 19:37:48.186,0.96875,0.969,0.10,1.00
2008.03.03 19:37:48.406,0.9688,0.969,0.10,0.80
2008.03.03 19:37:48.740,0.9688,0.969,0.10,0.80
2008.03.03 19:37:49.074,0.9688,0.969,0.10,0.80
2008.03.03 19:37:49.426,0.9688,0.969,0.10,0.80
2008.03.03 19:37:49.639,0.9688,0.969,0.10,0.80
2008.03.03 19:37:49.853,0.9688,0.969,0.10,0.80
2008.03.03 19:37:50.066,0.9688,0.969,0.10,0.80
2008.03.03 19:37:50.281,0.9688,0.969,0.10,0.80
2008.03.03 19:37:50.496,0.9688,0.969,0.10,0.80
2008.03.03 19:37:50.829,0.9688,0.969,0.10,0.80
2008.03.03 19:37:51.161,0.9688,0.969,0.10,0.80
2008.03.03 19:37:51.495,0.9688,0.969,0.10,0.80
2008.03.03 19:37:51.828,0.9688,0.969,0.10,0.80
2008.03.03 19:37:52.178,0.9688,0.969,0.10,0.80
2008.03.03 19:37:52.511,0.9688,0.969,0.10,0.80
2008.03.03 19:37:52.714,0.9688,0.969,0.10,0.80
2008.03.03 19:37:52.917,0.9688,0.969,0.10,0.80
2008.03.03 19:37:53.121,0.9688,0.969,0.10,0.80
2008.03.03 19:37:53.323,0.9688,0.969,0.10,0.80
2008.03.03 19:37:53.527,0.9688,0.969,0.10,0.80
2008.03.03 19:37:53.861,0.9688,0.969,0.10,0.80
2008.03.03 19:37:54.195,0.9688,0.969,0.10,0.80
2008.03.03 19:37:54.528,0.9688,0.969,0.10,0.80
2008.03.03 19:37:54.766,0.9688,0.969,0.10,0.80
2008.03.03 19:37:55.004,0.9688,0.969,0.10,0.80
2008.03.03 19:37:55.242,0.9688,0.969,0.10,0.80
2008.03.03 19:37:55.480,0.9688,0.969,0.10,0.80
2008.03.03 19:37:55.774,0.9688,0.969,0.10,0.80
2008.03.03 19:37:56.066,0.9688,0.969,0.10,0.80
2008.03.03 19:37:56.360,0.9688,0.969,0.10,0.80
2008.03.03 19:37:56.654,0.9688,0.969,0.10,0.80
2008.03.03 19:37:56.988,0.9688,0.969,0.10,0.80
2008.03.03 19:37:57.322,0.9689,0.969,0.10,0.80
2008.03.03 19:37:57.657,0.96885,0.96905,0.10,1.60
2008.03.03 19:37:57.890,0.96885,0.96905,0.10,1.60
2008.03.03 19:37:58.133,0.96885,0.96905,0.10,1.60
2008.03.03 19:37:58.384,0.96885,0.96905,0.10,1.60
2008.03.03 19:37:58.603,0.96885,0.96905,0.10,1.60
2008.03.03 19:37:58.920,0.96885,0.96905,0.10,1.60
2008.03.03 19:37:59.239,0.96885,0.96905,0.10,1.60
2008.03.03 19:37:59.558,0.96885,0.96905,0.10,1.60
2008.03.03 19:37:59.788,0.96885,0.9691,0.10,0.80
2008.03.03 19:38:00.016,0.96885,0.9691,0.10,0.80
2008.03.03 19:38:00.245,0.96885,0.9691,0.10,0.80
2008.03.03 19:38:00.475,0.96885,0.96905,0.10,3.20
2008.03.03 19:38:00.779,0.9688,0.969,0.10,0.80
2008.03.03 19:38:01.083,0.9688,0.969,0.10,0.80
2008.03.03 19:38:01.387,0.9688,0.969,0.10,0.80
2008.03.03 19:38:01.691,0.9688,0.969,0.10,0.80
2008.03.03 19:38:02.026,0.96875,0.969,0.10,0.80
2008.03.03 19:38:02.360,0.96875,0.969,0.10,0.80
2008.03.03 19:38:02.694,0.96875,0.969,0.10,0.80
2008.03.03 19:38:02.930,0.96875,0.969,0.10,0.80
2008.03.03 19:38:03.153,0.96875,0.969,0.10,0.80
2008.03.03 19:38:03.377,0.96875,0.969,0.10,0.80
2008.03.03 19:38:03.601,0.96875,0.969,0.10,0.80
2008.03.03 19:38:03.904,0.96875,0.969,0.10,0.80
2008.03.03 19:38:04.207,0.96875,0.969,0.10,0.80
2008.03.03 19:38:04.510,0.96875,0.969,0.10,0.80
2008.03.03 19:38:04.814,0.96875,0.969,0.10,0.80
2008.03.03 19:38:05.043,0.96875,0.969,0.10,0.80
2008.03.03 19:38:05.272,0.96875,0.969,0.10,0.80
2008.03.03 19:38:05.500,0.96875,0.969,0.10,0.80
2008.03.03 19:38:05.729,0.96875,0.969,0.10,0.80
2008.03.03 19:38:06.032,0.96875,0.969,0.10,0.80
2008.03.03 19:38:06.336,0.96875,0.969,0.10,0.80
2008.03.03 19:38:06.641,0.96875,0.969,0.10,0.80
2008.03.03 19:38:06.974,0.96875,0.969,0.10,0.80
2008.03.03 19:38:07.308,0.96875,0.969,0.10,0.80
2008.03.03 19:38:07.642,0.96875,0.969,0.10,0.80
2008.03.03 19:38:07.850,0.96875,0.969,0.10,0.80
2008.03.03 19:38:08.058,0.96875,0.969,0.10,0.80
2008.03.03 19:38:08.266,0.96875,0.969,0.10,0.80
2008.03.03 19:38:08.475,0.9688,0.969,0.10,0.80
2008.03.03 19:38:08.683,0.9688,0.969,0.10,0.80
2008.03.03 19:38:09.011,0.9688,0.969,0.10,0.80
2008.03.03 19:38:09.342,0.9688,0.96895,0.10,1.60
2008.03.03 19:38:09.670,0.9688,0.96895,0.10,1.60
2008.03.03 19:38:09.999,0.9688,0.96895,0.10,1.60
2008.03.03 19:38:10.235,0.9688,0.96895,0.10,1.60
2008.03.03 19:38:10.468,0.9688,0.96895,0.10,1.60
2008.03.03 19:38:10.702,0.9688,0.96895,0.10,1.60
2008.03.03 19:38:10.971,0.9688,0.96895,0.10,1.60
2008.03.03 19:38:11.241,0.9687,0.96895,4.20,4.00
2008.03.03 19:38:11.527,0.9687,0.96895,4.00,4.00
2008.03.03 19:38:11.813,0.9687,0.96895,0.10,4.00
2008.03.03 19:38:12.128,0.9687,0.9689,0.10,0.80
2008.03.03 19:38:12.461,0.9687,0.9689,0.10,0.80
2008.03.03 19:38:12.795,0.9687,0.9689,0.10,0.80
2008.03.03 19:38:13.003,0.96865,0.9689,0.10,0.80
2008.03.03 19:38:13.212,0.96865,0.9689,0.10,0.80
2008.03.03 19:38:13.437,0.96865,0.9689,0.10,0.80
2008.03.03 19:38:13.628,0.96865,0.9689,0.10,0.80
2008.03.03 19:38:13.837,0.96865,0.9689,0.10,0.80
2008.03.03 19:38:14.170,0.96865,0.9689,0.10,0.80
2008.03.03 19:38:14.504,0.96865,0.9689,0.10,0.80
2008.03.03 19:38:14.838,0.9687,0.96895,0.10,4.00
2008.03.03 19:38:15.057,0.9687,0.96895,0.10,4.00
2008.03.03 19:38:15.276,0.9687,0.96895,0.10,4.00
2008.03.03 19:38:15.496,0.9687,0.96895,0.10,4.00
2008.03.03 19:38:15.714,0.9687,0.9689,0.10,0.80
2008.03.03 19:38:15.932,0.9687,0.9689,0.10,0.80
2008.03.03 19:38:16.267,0.9687,0.9689,0.10,0.80
2008.03.03 19:38:16.601,0.96875,0.9689,0.10,0.80
2008.03.03 19:38:16.934,0.96875,0.9689,0.10,0.80
2008.03.03 19:38:17.270,0.96875,0.9689,0.10,0.80
2008.03.03 19:38:17.603,0.96865,0.9689,0.10,0.80
2008.03.03 19:38:17.937,0.96865,0.9689,0.10,0.80
2008.03.03 19:38:18.166,0.96865,0.9689,0.10,0.80
2008.03.03 19:38:18.374,0.96865,0.9689,0.10,0.80
2008.03.03 19:38:18.583,0.96865,0.9689,0.10,0.80
2008.03.03 19:38:18.792,0.96865,0.9689,0.10,0.80
2008.03.03 19:38:19.001,0.96865,0.9689,0.10,0.80
2008.03.03 19:38:19.334,0.96865,0.9689,0.10,0.80
2008.03.03 19:38:19.668,0.96865,0.9689,0.10,0.80
2008.03.03 19:38:20.020,0.96865,0.9689,0.10,0.80
2008.03.03 19:38:20.242,0.96865,0.9689,0.10,0.80
2008.03.03 19:38:20.465,0.96865,0.9689,0.10,0.80
2008.03.03 19:38:20.689,0.96865,0.9689,0.10,0.80
2008.03.03 19:38:20.913,0.96865,0.9689,0.10,0.80
2008.03.03 19:38:21.141,0.96865,0.9689,0.10,0.80
2008.03.03 19:38:21.483,0.96865,0.9689,0.10,0.80
2008.03.03 19:38:21.817,0.96865,0.9689,0.10,0.80
2008.03.03 19:38:22.149,0.96865,0.9689,0.10,0.80
2008.03.03 19:38:22.482,0.96865,0.9689,0.10,0.80
2008.03.03 19:38:22.816,0.96865,0.9689,0.10,0.80
2008.03.03 19:38:23.148,0.96865,0.9689,0.10,0.80
2008.03.03 19:38:23.346,0.96865,0.9689,0.10,0.80
2008.03.03 19:38:23.547,0.96865,0.9689,0.10,0.80
2008.03.03 19:38:23.744,0.96865,0.9689,0.10,0.80
2008.03.03 19:38:23.943,0.96865,0.9689,0.10,0.80
2008.03.03 19:38:24.141,0.96865,0.9689,0.10,0.80
2008.03.03 19:38:24.454,0.96865,0.9689,0.10,0.80
2008.03.03 19:38:24.768,0.96865,0.9689,0.10,0.80
2008.03.03 19:38:25.082,0.96865,0.9689,0.10,0.80
2008.03.03 19:38:25.356,0.96865,0.9689,0.10,0.80
2008.03.03 19:38:25.598,0.96865,0.9689,0.10,0.80
2008.03.03 19:38:25.857,0.96865,0.9689,0.10,0.80
2008.03.03 19:38:26.116,0.96865,0.96885,0.10,1.60
2008.03.03 19:38:26.384,0.96865,0.9688,0.10,0.80
2008.03.03 19:38:26.652,0.96865,0.9688,0.10,0.80
2008.03.03 19:38:26.940,0.96865,0.9688,0.10,0.80
2008.03.03 19:38:27.208,0.96865,0.9688,0.10,0.80
2008.03.03 19:38:27.541,0.96865,0.9688,0.10,0.80
2008.03.03 19:38:27.874,0.96865,0.9688,0.10,0.80
2008.03.03 19:38:28.223,0.9686,0.9688,0.10,0.80
2008.03.03 19:38:28.465,0.9686,0.9688,0.10,0.80
2008.03.03 19:38:28.689,0.96865,0.9688,0.10,0.80
2008.03.03 19:38:28.911,0.96865,0.9688,0.10,0.80
2008.03.03 19:38:29.135,0.9686,0.9688,0.10,0.80
2008.03.03 19:38:29.449,0.9686,0.9688,0.10,0.80
2008.03.03 19:38:29.763,0.9686,0.9688,0.10,0.80
2008.03.03 19:38:30.076,0.96865,0.9689,0.10,0.80
2008.03.03 19:38:30.390,0.96865,0.9689,0.10,0.80
2008.03.03 19:38:30.639,0.96865,0.9689,0.10,0.80
2008.03.03 19:38:30.894,0.96865,0.96895,0.10,2.40
2008.03.03 19:38:31.159,0.96865,0.96895,0.10,2.40
2008.03.03 19:38:31.427,0.96865,0.96895,0.10,2.40
2008.03.03 19:38:31.679,0.9687,0.96895,0.10,2.40
2008.03.03 19:38:31.948,0.9687,0.96895,0.10,2.40
2008.03.03 19:38:32.216,0.9687,0.96895,0.10,2.40
2008.03.03 19:38:32.550,0.9687,0.96895,0.10,2.40
2008.03.03 19:38:32.883,0.9687,0.96895,0.10,2.40
2008.03.03 19:38:33.218,0.9687,0.969,0.10,0.80
2008.03.03 19:38:33.432,0.9687,0.969,0.10,0.80
2008.03.03 19:38:33.646,0.9687,0.969,0.10,0.80
2008.03.03 19:38:33.860,0.9687,0.969,0.10,0.80
2008.03.03 19:38:34.073,0.9687,0.969,0.10,0.80
2008.03.03 19:38:34.287,0.9688,0.969,0.10,0.80
2008.03.03 19:38:34.615,0.9688,0.96905,0.10,4.00
2008.03.03 19:38:34.963,0.9688,0.96905,0.10,4.00
2008.03.03 19:38:35.290,0.9688,0.96905,0.10,4.00
2008.03.03 19:38:35.509,0.9688,0.96905,0.10,4.00
2008.03.03 19:38:35.727,0.9688,0.96905,0.10,4.00
2008.03.03 19:38:35.945,0.9688,0.96905,0.10,4.00
2008.03.03 19:38:36.175,0.9688,0.96905,0.10,4.00
2008.03.03 19:38:36.411,0.9688,0.96905,0.10,4.00
2008.03.03 19:38:36.728,0.9688,0.96905,0.10,4.00
2008.03.03 19:38:37.063,0.9687,0.969,0.10,0.80
2008.03.03 19:38:37.397,0.9687,0.969,0.10,0.80
2008.03.03 19:38:37.625,0.9687,0.969,0.10,1.00
2008.03.03 19:38:37.854,0.9687,0.969,0.10,1.00
2008.03.03 19:38:38.100,0.9687,0.969,0.10,1.00
2008.03.03 19:38:38.328,0.9687,0.969,0.10,1.00
2008.03.03 19:38:38.601,0.9687,0.969,0.10,1.00
2008.03.03 19:38:38.873,0.9687,0.969,0.10,1.00
2008.03.03 19:38:39.147,0.9687,0.969,0.10,1.00
2008.03.03 19:38:39.421,0.9687,0.969,0.10,1.00
2008.03.03 19:38:39.678,0.9687,0.969,0.10,1.00
2008.03.03 19:38:39.939,0.9687,0.9688,0.10,0.80
2008.03.03 19:38:40.201,0.96865,0.9688,0.10,0.80
2008.03.03 19:38:40.460,0.96855,0.9688,8.80,0.80
2008.03.03 19:38:40.743,0.96855,0.9688,4.00,0.80
2008.03.03 19:38:41.027,0.96855,0.96875,0.10,0.80
2008.03.03 19:38:41.310,0.96855,0.96875,0.10,0.80
2008.03.03 19:38:41.593,0.96855,0.9688,0.10,0.80
2008.03.03 19:38:41.927,0.96855,0.9688,0.10,0.80
2008.03.03 19:38:42.267,0.96855,0.9688,0.10,0.80
2008.03.03 19:38:42.600,0.96855,0.9688,0.10,0.80
2008.03.03 19:38:42.823,0.96855,0.9688,0.10,0.80
2008.03.03 19:38:43.047,0.96855,0.9688,0.10,0.80
2008.03.03 19:38:43.271,0.96855,0.9688,0.10,0.80
2008.03.03 19:38:43.494,0.96855,0.9688,0.10,0.80
2008.03.03 19:38:43.787,0.96855,0.9688,0.10,0.80
2008.03.03 19:38:44.080,0.96855,0.9688,0.10,0.80
2008.03.03 19:38:44.373,0.96855,0.9688,0.10,0.80
2008.03.03 19:38:44.622,0.96855,0.9688,0.10,0.80
2008.03.03 19:38:44.857,0.96855,0.9688,0.10,0.80
2008.03.03 19:38:45.092,0.96845,0.96875,0.10,6.40
2008.03.03 19:38:45.326,0.96845,0.96875,0.10,4.00
2008.03.03 19:38:45.560,0.96845,0.96875,0.10,2.40
2008.03.03 19:38:45.859,0.96845,0.96875,0.10,2.40
2008.03.03 19:38:46.159,0.96845,0.96875,0.10,2.40
2008.03.03 19:38:46.456,0.96845,0.96875,0.10,2.40
2008.03.03 19:38:46.790,0.96845,0.9688,2.40,1.10
2008.03.03 19:38:47.125,0.9685,0.9688,0.10,0.80
2008.03.03 19:38:47.458,0.9685,0.9688,0.10,0.80
2008.03.03 19:38:47.697,0.9685,0.9688,0.10,0.80
2008.03.03 19:38:47.936,0.9685,0.9688,0.10,0.80
2008.03.03 19:38:48.176,0.9685,0.96875,0.10,1.60
2008.03.03 19:38:48.414,0.9685,0.96875,0.10,1.60
2008.03.03 19:38:48.653,0.9685,0.9687,0.10,0.80
2008.03.03 19:38:48.957,0.9685,0.9687,0.10,0.80
2008.03.03 19:38:49.262,0.96855,0.9687,0.10,0.80
2008.03.03 19:38:49.565,0.96855,0.9687,0.10,0.80
2008.03.03 19:38:49.804,0.96855,0.9687,0.10,0.80
2008.03.03 19:38:50.043,0.96855,0.9687,0.10,0.80
2008.03.03 19:38:50.291,0.96845,0.9687,2.40,0.80
2008.03.03 19:38:50.531,0.96845,0.9687,2.40,0.80
2008.03.03 19:38:50.835,0.96845,0.9687,2.40,0.80
2008.03.03 19:38:51.138,0.96845,0.9687,2.40,0.80
2008.03.03 19:38:51.441,0.96845,0.9687,2.40,0.80
2008.03.03 19:38:51.744,0.96845,0.9687,2.40,0.80
2008.03.03 19:38:52.077,0.96845,0.9687,2.40,0.80
2008.03.03 19:38:52.412,0.9685,0.9687,0.10,0.80
2008.03.03 19:38:52.746,0.9685,0.9687,0.10,0.80
2008.03.03 19:38:52.992,0.9685,0.96875,0.10,1.60
2008.03.03 19:38:53.203,0.9685,0.96875,0.10,1.60
2008.03.03 19:38:53.430,0.9685,0.96875,0.10,1.60
2008.03.03 19:38:53.659,0.9685,0.96875,0.10,1.60
2008.03.03 19:38:53.953,0.9685,0.96875,0.10,1.60
2008.03.03 19:38:54.246,0.9685,0.96875,0.10,1.60
2008.03.03 19:38:54.539,0.9685,0.96875,0.10,1.60
2008.03.03 19:38:54.833,0.9685,0.96875,0.10,1.60
2008.03.03 19:38:55.076,0.9685,0.9687,0.10,0.80
2008.03.03 19:38:55.332,0.9685,0.9687,0.10,0.80
2008.03.03 19:38:55.574,0.9685,0.96865,0.10,0.80
2008.03.03 19:38:55.818,0.9685,0.9686,0.10,0.80
2008.03.03 19:38:56.081,0.9685,0.9686,0.10,0.80
2008.03.03 19:38:56.346,0.9685,0.9686,0.10,0.80
2008.03.03 19:38:56.609,0.9685,0.9686,0.10,0.80
2008.03.03 19:38:56.944,0.9685,0.9686,0.10,0.80
2008.03.03 19:38:57.279,0.96845,0.9686,0.10,0.80
2008.03.03 19:38:57.613,0.9685,0.9686,0.10,0.80
2008.03.03 19:38:57.969,0.9685,0.9686,0.10,0.80
2008.03.03 19:38:58.190,0.96845,0.9686,0.10,0.80
2008.03.03 19:38:58.413,0.96845,0.96865,0.10,1.60
2008.03.03 19:38:58.637,0.96845,0.96865,0.10,1.60
2008.03.03 19:38:58.965,0.96845,0.96865,0.10,1.60
2008.03.03 19:38:59.294,0.96845,0.96865,0.10,1.60
2008.03.03 19:38:59.625,0.96845,0.96865,0.10,1.60
2008.03.03 19:38:59.843,0.96845,0.96865,0.10,1.60
2008.03.03 19:39:00.062,0.96845,0.96865,0.10,1.60
2008.03.03 19:39:00.282,0.96845,0.96865,0.10,1.60
2008.03.03 19:39:00.499,0.96845,0.96865,0.10,1.60
2008.03.03 19:39:00.718,0.96845,0.96865,0.10,1.60
2008.03.03 19:39:01.032,0.96845,0.96865,0.10,1.60
2008.03.03 19:39:01.346,0.9684,0.9686,0.10,0.80
2008.03.03 19:39:01.660,0.9684,0.9686,0.10,0.80
2008.03.03 19:39:01.994,0.9684,0.9686,0.10,0.80
2008.03.03 19:39:02.327,0.9684,0.9686,0.10,0.80
2008.03.03 19:39:02.661,0.9684,0.9686,0.10,0.80
2008.03.03 19:39:02.891,0.9684,0.9686,0.10,0.80
2008.03.03 19:39:03.120,0.9684,0.9686,0.10,0.80
2008.03.03 19:39:03.348,0.9684,0.9686,0.10,0.80
2008.03.03 19:39:03.578,0.9684,0.9686,0.10,0.80
2008.03.03 19:39:03.807,0.9684,0.9686,0.10,0.80
2008.03.03 19:39:04.109,0.9684,0.9686,0.10,0.80
2008.03.03 19:39:04.399,0.9684,0.9686,0.10,0.80
2008.03.03 19:39:04.687,0.9684,0.9686,0.10,0.80
2008.03.03 19:39:04.976,0.9684,0.9686,0.10,0.80
2008.03.03 19:39:05.229,0.9684,0.9686,0.10,0.80
2008.03.03 19:39:05.484,0.9684,0.9686,0.10,0.80
2008.03.03 19:39:05.754,0.9684,0.9686,0.10,0.80
2008.03.03 19:39:05.991,0.9684,0.9686,0.10,0.80
2008.03.03 19:39:06.251,0.9684,0.9686,0.10,0.80
2008.03.03 19:39:06.504,0.9684,0.9686,0.10,0.80
2008.03.03 19:39:06.758,0.9684,0.9686,0.10,0.80
2008.03.03 19:39:07.092,0.9684,0.9686,0.10,0.80
2008.03.03 19:39:07.426,0.9684,0.9686,0.10,0.80
2008.03.03 19:39:07.759,0.9684,0.9686,0.10,0.80
2008.03.03 19:39:08.002,0.96835,0.9686,4.80,0.80
2008.03.03 19:39:08.251,0.96835,0.9686,0.10,0.80
2008.03.03 19:39:08.497,0.96835,0.9686,0.10,0.80
2008.03.03 19:39:08.710,0.96835,0.9686,0.10,0.80
2008.03.03 19:39:08.938,0.96835,0.9686,0.10,0.80
2008.03.03 19:39:09.267,0.96835,0.9686,0.10,0.80
2008.03.03 19:39:09.596,0.96835,0.9686,0.10,0.80
2008.03.03 19:39:09.924,0.96835,0.9686,0.10,0.80
2008.03.03 19:39:10.148,0.96835,0.9686,0.10,0.80
2008.03.03 19:39:10.371,0.96835,0.9686,0.10,0.80
2008.03.03 19:39:10.595,0.96835,0.9686,0.10,0.80
2008.03.03 19:39:10.833,0.96835,0.9686,0.10,0.80
2008.03.03 19:39:11.112,0.96835,0.9686,0.10,0.80
2008.03.03 19:39:11.390,0.96835,0.9686,0.10,0.80
2008.03.03 19:39:11.669,0.96835,0.9686,0.10,0.80
2008.03.03 19:39:11.947,0.96835,0.9686,0.10,0.80
2008.03.03 19:39:12.282,0.96835,0.9686,0.10,0.80
2008.03.03 19:39:12.616,0.96835,0.9686,0.10,0.80
2008.03.03 19:39:12.949,0.96835,0.9686,0.10,0.80
2008.03.03 19:39:13.163,0.96835,0.9686,0.10,0.80
2008.03.03 19:39:13.377,0.96835,0.9686,0.10,0.80
2008.03.03 19:39:13.590,0.96835,0.9686,0.10,0.80
2008.03.03 19:39:13.804,0.96835,0.9686,0.10,0.80
2008.03.03 19:39:14.018,0.96835,0.9686,0.10,0.80
2008.03.03 19:39:14.326,0.96835,0.9686,0.10,0.80
2008.03.03 19:39:14.633,0.96835,0.9686,0.10,0.80
2008.03.03 19:39:14.942,0.96835,0.9686,0.10,0.80
2008.03.03 19:39:15.190,0.96835,0.9686,0.10,0.80
2008.03.03 19:39:15.423,0.96835,0.9686,0.10,0.80
2008.03.03 19:39:15.657,0.96835,0.9686,0.10,0.80
2008.03.03 19:39:15.891,0.96835,0.9686,0.10,0.80
2008.03.03 19:39:16.184,0.96835,0.9686,0.10,0.80
2008.03.03 19:39:16.478,0.9684,0.9686,0.10,0.80
2008.03.03 19:39:16.772,0.9684,0.9686,0.10,0.80
2008.03.03 19:39:17.065,0.9684,0.9686,0.10,0.80
2008.03.03 19:39:17.407,0.9684,0.9686,0.10,0.80
2008.03.03 19:39:17.740,0.9684,0.9686,0.10,0.80
2008.03.03 19:39:18.072,0.9684,0.9686,0.10,0.80
2008.03.03 19:39:18.286,0.9684,0.9686,0.10,0.80
2008.03.03 19:39:18.500,0.9684,0.9686,0.10,0.80
2008.03.03 19:39:18.714,0.9684,0.9686,0.10,0.80
2008.03.03 19:39:18.927,0.9684,0.9686,0.10,0.80
2008.03.03 19:39:19.140,0.9684,0.9686,0.10,0.80
2008.03.03 19:39:19.449,0.9684,0.9686,0.10,0.80
2008.03.03 19:39:19.758,0.9684,0.9686,0.10,0.80
2008.03.03 19:39:20.066,0.9684,0.9686,0.10,0.80
2008.03.03 19:39:20.309,0.9684,0.9686,0.10,0.80
2008.03.03 19:39:20.552,0.9684,0.9686,0.10,0.80
2008.03.03 19:39:20.795,0.9684,0.9686,0.10,0.80
2008.03.03 19:39:21.039,0.9684,0.9686,0.10,0.80
2008.03.03 19:39:21.328,0.96845,0.96875,0.10,5.70
2008.03.03 19:39:21.617,0.96855,0.96875,0.10,2.40
2008.03.03 19:39:21.906,0.96855,0.9688,0.10,0.80
2008.03.03 19:39:22.197,0.96865,0.9688,0.10,0.80
2008.03.03 19:39:22.534,0.96855,0.96875,2.40,1.60
2008.03.03 19:39:22.868,0.96855,0.96875,0.10,1.60
2008.03.03 19:39:23.203,0.96855,0.9687,0.10,0.80
2008.03.03 19:39:23.437,0.96855,0.9687,0.10,0.80
2008.03.03 19:39:23.670,0.96855,0.9687,0.10,0.80
2008.03.03 19:39:23.915,0.96855,0.9687,0.10,0.80
2008.03.03 19:39:24.149,0.96855,0.9687,0.10,0.80
2008.03.03 19:39:24.464,0.96855,0.9687,0.10,0.80
2008.03.03 19:39:24.778,0.96855,0.9687,0.10,0.80
2008.03.03 19:39:25.092,0.96855,0.9687,0.10,0.80
2008.03.03 19:39:25.335,0.96855,0.9687,0.10,0.80
2008.03.03 19:39:25.558,0.96855,0.9687,0.10,0.80
2008.03.03 19:39:25.782,0.96855,0.9687,0.10,0.80
2008.03.03 19:39:26.006,0.96855,0.9687,0.10,0.80
2008.03.03 19:39:26.230,0.96845,0.9687,4.00,0.80
2008.03.03 19:39:26.564,0.96845,0.9687,0.10,0.80
2008.03.03 19:39:26.896,0.96845,0.9687,0.10,0.80
2008.03.03 19:39:27.230,0.96845,0.9687,0.10,0.80
2008.03.03 19:39:27.581,0.96845,0.9687,0.10,0.80
2008.03.03 19:39:27.917,0.96845,0.9687,0.10,0.80
2008.03.03 19:39:28.252,0.96845,0.9687,0.10,0.80
2008.03.03 19:39:28.488,0.96845,0.9687,0.10,0.80
2008.03.03 19:39:28.706,0.96845,0.9687,0.10,0.80
2008.03.03 19:39:28.924,0.96845,0.9687,0.10,0.80
2008.03.03 19:39:29.143,0.96845,0.9687,0.10,0.80
2008.03.03 19:39:29.432,0.96845,0.9687,0.10,0.80
2008.03.03 19:39:29.719,0.96845,0.9687,0.10,0.80
2008.03.03 19:39:30.007,0.96845,0.9687,0.10,0.80
2008.03.03 19:39:30.295,0.96845,0.9687,0.10,0.80
2008.03.03 19:39:30.548,0.96845,0.9687,0.10,0.80
2008.03.03 19:39:30.802,0.96845,0.9687,0.10,0.80
2008.03.03 19:39:31.056,0.96845,0.9687,0.10,0.80
2008.03.03 19:39:31.311,0.96845,0.96865,0.10,1.60
2008.03.03 19:39:31.584,0.9684,0.96865,0.10,1.60
2008.03.03 19:39:31.859,0.9684,0.96865,0.10,4.00
2008.03.03 19:39:32.133,0.9684,0.96865,0.10,4.00
2008.03.03 19:39:32.415,0.9684,0.96865,0.10,4.00
2008.03.03 19:39:32.748,0.9684,0.96865,0.10,4.00
2008.03.03 19:39:33.082,0.9684,0.96865,0.10,4.00
2008.03.03 19:39:33.416,0.9684,0.9686,0.10,0.80
2008.03.03 19:39:33.629,0.9684,0.9686,0.10,0.80
2008.03.03 19:39:33.852,0.9684,0.9686,0.10,0.80
2008.03.03 19:39:34.066,0.9684,0.9686,0.10,0.80
2008.03.03 19:39:34.282,0.9684,0.9686,0.10,0.80
2008.03.03 19:39:34.580,0.96835,0.9686,0.10,0.80
2008.03.03 19:39:34.880,0.96835,0.9685,0.10,0.80
2008.03.03 19:39:35.179,0.96835,0.9685,0.10,0.80
2008.03.03 19:39:35.478,0.9684,0.9685,0.10,0.80
2008.03.03 19:39:35.736,0.9684,0.96855,0.10,1.60
2008.03.03 19:39:35.995,0.9684,0.96855,0.10,1.60
2008.03.03 19:39:36.253,0.9684,0.96855,0.10,1.60
2008.03.03 19:39:36.511,0.9684,0.96855,0.10,1.60
2008.03.03 19:39:36.779,0.9684,0.96855,0.10,1.60
2008.03.03 19:39:37.048,0.9684,0.96855,0.10,1.60
2008.03.03 19:39:37.316,0.9684,0.96855,0.10,1.60
2008.03.03 19:39:37.649,0.96835,0.96855,0.10,1.60
2008.03.03 19:39:37.983,0.96835,0.96855,0.10,1.60
2008.03.03 19:39:38.316,0.96835,0.96855,0.10,1.60
2008.03.03 19:39:38.649,0.96835,0.96855,0.10,1.60
2008.03.03 19:39:38.874,0.96835,0.9686,0.10,0.80
2008.03.03 19:39:39.097,0.96835,0.9686,0.10,0.80
2008.03.03 19:39:39.320,0.96835,0.9686,0.10,0.80
2008.03.03 19:39:39.543,0.96835,0.9686,0.10,0.80
2008.03.03 19:39:39.821,0.96835,0.9686,0.10,0.80
2008.03.03 19:39:40.100,0.96835,0.9686,0.10,0.80
2008.03.03 19:39:40.380,0.96835,0.9686,0.10,0.80
2008.03.03 19:39:40.637,0.96835,0.9686,0.10,0.80
2008.03.03 19:39:40.897,0.96835,0.96865,0.10,2.40
2008.03.03 19:39:41.174,0.9685,0.96865,0.10,2.40
2008.03.03 19:39:41.416,0.9685,0.96875,0.10,5.60
2008.03.03 19:39:41.762,0.9685,0.96875,0.10,1.60
2008.03.03 19:39:42.113,0.9685,0.96875,0.10,1.60
2008.03.03 19:39:42.430,0.9685,0.96875,0.10,1.60
2008.03.03 19:39:42.650,0.96855,0.96875,0.10,0.80
2008.03.03 19:39:42.869,0.96855,0.96875,0.10,0.80
2008.03.03 19:39:43.088,0.96855,0.96885,0.10,4.00
2008.03.03 19:39:43.307,0.96855,0.96885,0.10,4.00
2008.03.03 19:39:43.527,0.9685,0.9688,4.00,0.50
2008.03.03 19:39:43.862,0.96845,0.9688,4.80,1.30
2008.03.03 19:39:44.192,0.96845,0.9688,4.80,1.30
2008.03.03 19:39:44.524,0.96845,0.9687,2.40,0.30
2008.03.03 19:39:44.795,0.9684,0.9687,4.00,0.50
2008.03.03 19:39:45.033,0.9684,0.96865,4.00,0.40
2008.03.03 19:39:45.286,0.9684,0.96865,4.00,2.70
2008.03.03 19:39:45.541,0.9683,0.96865,4.00,2.70
2008.03.03 19:39:45.804,0.9683,0.96865,0.10,2.70
2008.03.03 19:39:46.069,0.9683,0.96865,0.10,2.70
2008.03.03 19:39:46.334,0.9683,0.96865,0.10,4.30
2008.03.03 19:39:46.596,0.9683,0.96865,0.10,4.30
2008.03.03 19:39:46.930,0.9683,0.96865,0.10,4.30
2008.03.03 19:39:47.263,0.9683,0.96865,0.10,2.70
2008.03.03 19:39:47.596,0.96825,0.9686,8.80,0.40
2008.03.03 19:39:47.815,0.96825,0.9686,4.80,0.40
2008.03.03 19:39:48.034,0.96825,0.96855,4.80,0.40
2008.03.03 19:39:48.253,0.96825,0.96855,2.40,0.40
2008.03.03 19:39:48.473,0.9683,0.96865,0.10,10.50
2008.03.03 19:39:48.706,0.9683,0.96865,0.10,10.90
2008.03.03 19:39:49.056,0.9683,0.96865,0.10,4.30
2008.03.03 19:39:50.666,0.9683,0.96865,0.10,4.30
2008.03.03 19:39:50.762,0.9683,0.96865,0.10,4.30
2008.03.03 19:39:50.861,0.9683,0.96865,0.10,4.30
2008.03.03 19:39:50.959,0.9683,0.96865,0.10,4.30
2008.03.03 19:39:51.057,0.9683,0.96865,0.10,4.30
2008.03.03 19:39:51.156,0.9683,0.96865,0.10,4.30
2008.03.03 19:39:51.255,0.9683,0.96865,0.10,4.30
2008.03.03 19:39:51.358,0.9683,0.96865,0.10,4.30
2008.03.03 19:39:51.456,0.9683,0.96865,0.10,4.30
2008.03.03 19:39:51.555,0.9683,0.96865,0.10,4.30
2008.03.03 19:39:51.681,0.9683,0.96865,0.10,4.30
2008.03.03 19:39:51.780,0.9683,0.96865,0.10,4.30
2008.03.03 19:39:52.112,0.9683,0.96865,0.10,2.70
2008.03.03 19:39:52.446,0.9683,0.96865,0.10,2.70
2008.03.03 19:39:52.781,0.9683,0.96865,0.10,2.70
2008.03.03 19:39:52.993,0.9683,0.96865,0.10,2.70
2008.03.03 19:39:53.206,0.9683,0.96865,0.10,2.70
2008.03.03 19:39:53.420,0.9683,0.96865,0.10,2.70
2008.03.03 19:39:53.632,0.9683,0.96865,0.10,2.70
2008.03.03 19:39:53.846,0.9683,0.96865,0.10,2.70
2008.03.03 19:39:54.161,0.9683,0.96865,0.10,2.70
2008.03.03 19:39:54.475,0.9683,0.96865,0.10,2.70
2008.03.03 19:39:54.786,0.9683,0.96865,0.10,2.70
2008.03.03 19:39:55.028,0.9683,0.96865,0.10,2.70
2008.03.03 19:39:55.268,0.96835,0.9687,4.80,0.50
2008.03.03 19:39:55.508,0.96835,0.9687,4.80,0.50
2008.03.03 19:39:55.748,0.96835,0.9687,4.80,0.50
2008.03.03 19:39:56.021,0.96835,0.9687,4.80,0.50
2008.03.03 19:39:56.295,0.9684,0.9687,0.10,0.30
2008.03.03 19:39:56.568,0.9684,0.9687,0.10,0.30
2008.03.03 19:39:56.843,0.9684,0.9687,0.30,0.30
2008.03.03 19:39:57.177,0.9684,0.9687,0.30,0.30
2008.03.03 19:39:57.512,0.9684,0.9687,0.30,0.30
2008.03.03 19:39:57.845,0.9684,0.9687,0.30,0.30
2008.03.03 19:39:58.071,0.96835,0.96865,0.10,2.40
2008.03.03 19:39:58.295,0.9684,0.96865,0.10,2.40
2008.03.03 19:39:58.518,0.9684,0.96865,0.10,2.40
2008.03.03 19:39:58.741,0.9684,0.96865,0.10,2.40
2008.03.03 19:39:58.966,0.9684,0.96865,0.10,2.40
2008.03.03 19:39:59.284,0.9684,0.96865,0.10,2.40
2008.03.03 19:39:59.602,0.9684,0.96865,0.10,2.40
2008.03.03 19:39:59.920,0.9684,0.96865,0.10,2.40
2008.03.03 19:40:00.152,0.9684,0.96865,0.10,2.40
2008.03.03 19:40:00.372,0.9684,0.96865,0.10,2.40
2008.03.03 19:40:00.591,0.9684,0.96865,0.10,2.40
2008.03.03 19:40:00.810,0.9684,0.96865,0.10,2.40
2008.03.03 19:40:01.029,0.9684,0.96865,0.10,2.40
2008.03.03 19:40:01.351,0.9684,0.96865,0.10,2.40
2008.03.03 19:40:01.653,0.9684,0.96865,0.10,2.40
2008.03.03 19:40:01.957,0.9684,0.96865,0.10,2.40
2008.03.03 19:40:02.260,0.9684,0.96865,0.10,2.40
2008.03.03 19:40:02.594,0.9684,0.96865,0.10,2.40
2008.03.03 19:40:02.927,0.9684,0.96865,0.10,2.40
2008.03.03 19:40:03.261,0.9684,0.96865,0.10,2.40
2008.03.03 19:40:03.492,0.9684,0.96865,0.10,2.40
2008.03.03 19:40:03.706,0.9684,0.96865,0.10,2.40
2008.03.03 19:40:03.920,0.9684,0.96865,0.10,4.00
2008.03.03 19:40:04.133,0.9684,0.96865,0.10,4.00
2008.03.03 19:40:04.407,0.9684,0.96865,0.10,2.40
2008.03.03 19:40:04.680,0.9684,0.96865,0.10,2.40
2008.03.03 19:40:04.955,0.9684,0.96865,0.10,2.40
2008.03.03 19:40:05.227,0.9684,0.96865,0.10,2.40
2008.03.03 19:40:05.498,0.9684,0.96865,0.10,2.40
2008.03.03 19:40:05.777,0.9684,0.9687,0.10,1.00
2008.03.03 19:40:06.064,0.9684,0.9687,0.30,0.30
2008.03.03 19:40:06.349,0.9684,0.9687,0.30,0.30
2008.03.03 19:40:06.622,0.9684,0.9687,0.30,0.30
2008.03.03 19:40:06.895,0.9684,0.9687,0.30,0.30
2008.03.03 19:40:07.169,0.9684,0.9687,0.30,0.30
2008.03.03 19:40:07.502,0.9684,0.96865,0.20,2.40
2008.03.03 19:40:07.836,0.9684,0.96865,0.10,2.40
2008.03.03 19:40:08.170,0.9684,0.96865,0.10,2.40
2008.03.03 19:40:08.387,0.9684,0.96865,0.10,2.40
2008.03.03 19:40:08.624,0.9684,0.96865,0.10,2.40
2008.03.03 19:40:08.825,0.9684,0.96865,0.10,2.40
2008.03.03 19:40:09.044,0.9684,0.96865,0.10,2.40
2008.03.03 19:40:09.262,0.9684,0.96865,0.10,2.40
2008.03.03 19:40:09.545,0.9684,0.96865,0.10,2.40
2008.03.03 19:40:09.829,0.9684,0.96865,0.10,2.40
2008.03.03 19:40:10.112,0.9684,0.96865,0.10,2.40
2008.03.03 19:40:10.396,0.9684,0.96865,0.10,2.40
2008.03.03 19:40:10.665,0.9684,0.96865,0.10,2.40
2008.03.03 19:40:10.923,0.9684,0.96865,0.10,2.40
2008.03.03 19:40:11.181,0.9684,0.96865,0.10,2.40
2008.03.03 19:40:11.439,0.9684,0.96865,0.10,2.40
2008.03.03 19:40:11.713,0.9684,0.96865,0.10,2.40
2008.03.03 19:40:12.000,0.9684,0.9687,0.10,0.30
2008.03.03 19:40:12.274,0.9684,0.9687,0.10,0.30
2008.03.03 19:40:12.606,0.9684,0.9687,0.30,0.30
2008.03.03 19:40:12.940,0.9684,0.9687,0.30,0.30
2008.03.03 19:40:13.272,0.9684,0.9687,0.30,0.30
2008.03.03 19:40:13.608,0.9684,0.9687,0.30,1.00
2008.03.03 19:40:13.831,0.9684,0.9687,0.30,1.00
2008.03.03 19:40:14.054,0.9684,0.9687,0.30,1.00
2008.03.03 19:40:14.277,0.9684,0.9687,0.30,1.00
2008.03.03 19:40:14.500,0.9684,0.9687,0.30,1.00
2008.03.03 19:40:14.823,0.9684,0.9687,0.30,1.00
2008.03.03 19:40:15.146,0.9684,0.9687,0.30,1.00
2008.03.03 19:40:15.470,0.9684,0.9687,0.30,1.00
2008.03.03 19:40:15.688,0.9684,0.9687,0.30,1.00
2008.03.03 19:40:15.906,0.9684,0.9687,0.30,1.00
2008.03.03 19:40:16.124,0.9684,0.9687,0.30,1.00
2008.03.03 19:40:16.343,0.9684,0.9687,0.30,1.00
2008.03.03 19:40:16.636,0.9684,0.96865,0.20,0.40
2008.03.03 19:40:16.931,0.9683,0.96865,0.10,2.70
2008.03.03 19:40:17.224,0.9683,0.96865,0.10,3.50
2008.03.03 19:40:17.520,0.9683,0.96865,0.10,4.30
2008.03.03 19:40:17.871,0.9683,0.96865,0.10,4.30
2008.03.03 19:40:18.187,0.9683,0.96865,0.10,4.30
2008.03.03 19:40:18.520,0.9683,0.96865,0.10,4.30
2008.03.03 19:40:18.734,0.9683,0.96865,0.10,4.30
2008.03.03 19:40:18.947,0.9683,0.96865,0.10,4.30
2008.03.03 19:40:19.161,0.9683,0.96865,0.10,4.30
2008.03.03 19:40:19.389,0.9683,0.96865,0.10,4.30
2008.03.03 19:40:19.741,0.9683,0.96865,0.10,4.30
2008.03.03 19:40:20.054,0.9683,0.96865,0.10,4.30
2008.03.03 19:40:20.388,0.9683,0.96865,0.10,4.30
2008.03.03 19:40:20.721,0.9683,0.96865,0.10,4.30
2008.03.03 19:40:20.939,0.9683,0.96865,0.10,4.30
2008.03.03 19:40:21.157,0.9683,0.96865,0.10,4.30
2008.03.03 19:40:21.375,0.9683,0.96865,0.10,4.30
2008.03.03 19:40:21.593,0.9683,0.96865,0.10,4.30
2008.03.03 19:40:21.926,0.9683,0.96865,0.10,4.30
2008.03.03 19:40:22.259,0.9683,0.96865,0.10,4.30
2008.03.03 19:40:22.592,0.9683,0.96865,0.10,4.30
2008.03.03 19:40:22.876,0.9683,0.96865,0.10,4.30
2008.03.03 19:40:23.159,0.9683,0.96865,0.10,4.30
2008.03.03 19:40:23.443,0.9683,0.96865,0.10,4.30
2008.03.03 19:40:23.705,0.9683,0.96865,0.10,4.30
2008.03.03 19:40:23.968,0.9683,0.96865,0.10,4.30
2008.03.03 19:40:24.231,0.9683,0.96865,0.10,4.30
2008.03.03 19:40:24.494,0.9683,0.96865,0.10,4.30
2008.03.03 19:40:24.757,0.9683,0.96865,0.10,4.30
2008.03.03 19:40:25.020,0.9683,0.96865,0.10,4.30
2008.03.03 19:40:25.283,0.9683,0.96865,0.10,4.30
2008.03.03 19:40:25.546,0.9683,0.96865,0.10,4.30
2008.03.03 19:40:25.800,0.9683,0.96865,0.10,4.30
2008.03.03 19:40:26.053,0.9683,0.96865,0.10,4.30
2008.03.03 19:40:26.306,0.9683,0.96865,0.10,4.30
2008.03.03 19:40:26.559,0.9683,0.96865,0.10,4.30
2008.03.03 19:40:26.893,0.9683,0.96865,0.10,4.30
2008.03.03 19:40:27.226,0.9683,0.96865,0.10,4.30
2008.03.03 19:40:27.559,0.9683,0.96865,0.10,4.30
2008.03.03 19:40:27.787,0.9683,0.96865,0.10,4.30
2008.03.03 19:40:28.015,0.9683,0.96865,0.10,4.30
2008.03.03 19:40:28.244,0.9683,0.96865,0.10,4.30
2008.03.03 19:40:28.473,0.9683,0.96855,0.10,0.80
2008.03.03 19:40:28.717,0.96825,0.96855,8.80,1.60
2008.03.03 19:40:29.016,0.96825,0.96855,2.40,1.60
2008.03.03 19:40:29.317,0.96825,0.96855,2.40,1.90
2008.03.03 19:40:29.617,0.9683,0.96855,0.10,1.60
2008.03.03 19:40:29.876,0.9683,0.96855,0.10,1.60
2008.03.03 19:40:30.147,0.96825,0.96855,2.40,1.60
2008.03.03 19:40:30.423,0.96825,0.96855,2.40,1.60
2008.03.03 19:40:30.681,0.96825,0.96855,2.40,1.60
2008.03.03 19:40:30.968,0.96825,0.96855,2.40,1.60
2008.03.03 19:40:31.258,0.96825,0.96855,2.40,1.60
2008.03.03 19:40:31.544,0.96825,0.96855,2.40,1.60
2008.03.03 19:40:31.832,0.96825,0.96855,2.40,1.60
2008.03.03 19:40:32.166,0.96825,0.96855,2.40,1.60
2008.03.03 19:40:32.518,0.96825,0.96855,2.40,1.60
2008.03.03 19:40:32.850,0.96825,0.96855,2.40,1.60
2008.03.03 19:40:33.073,0.96825,0.96855,2.40,1.60
2008.03.03 19:40:33.297,0.96825,0.96855,2.40,1.60
2008.03.03 19:40:33.520,0.96825,0.96855,2.40,1.60
2008.03.03 19:40:33.743,0.96825,0.96855,2.40,1.60
2008.03.03 19:40:34.027,0.96825,0.96855,2.40,1.60
2008.03.03 19:40:34.310,0.96825,0.9685,2.40,0.80
2008.03.03 19:40:34.593,0.96825,0.9685,2.40,0.80
2008.03.03 19:40:34.877,0.96825,0.9685,2.40,0.80
2008.03.03 19:40:35.126,0.96825,0.9685,2.40,0.80
2008.03.03 19:40:35.385,0.96825,0.9685,2.40,0.80
2008.03.03 19:40:35.634,0.96825,0.9685,2.40,0.80
2008.03.03 19:40:35.893,0.96825,0.96855,2.40,0.80
2008.03.03 19:40:36.152,0.96825,0.96855,2.40,1.60
2008.03.03 19:40:36.416,0.96825,0.96855,2.40,1.60
2008.03.03 19:40:36.678,0.9683,0.96855,0.10,0.80
2008.03.03 19:40:37.014,0.9683,0.96865,0.10,4.30
2008.03.03 19:40:37.367,0.9683,0.96865,0.10,4.30
2008.03.03 19:40:37.716,0.9683,0.96865,0.10,4.30
2008.03.03 19:40:37.922,0.9683,0.96865,0.10,4.30
2008.03.03 19:40:38.146,0.9683,0.96865,0.10,4.30
2008.03.03 19:40:38.369,0.9683,0.96865,0.10,4.30
2008.03.03 19:40:38.592,0.9683,0.96865,0.10,4.30
2008.03.03 19:40:38.815,0.9683,0.96865,0.10,4.30
2008.03.03 19:40:39.133,0.96825,0.9686,8.80,0.40
2008.03.03 19:40:39.452,0.96825,0.9686,6.40,0.40
2008.03.03 19:40:39.772,0.96825,0.9686,2.40,0.50
2008.03.03 19:40:40.000,0.96825,0.9686,2.40,0.50
2008.03.03 19:40:40.228,0.96825,0.9686,2.40,0.50
2008.03.03 19:40:40.456,0.96825,0.9686,2.40,0.50
2008.03.03 19:40:40.683,0.96825,0.9686,2.40,0.50
2008.03.03 19:40:40.992,0.96825,0.9686,2.40,0.50
2008.03.03 19:40:41.300,0.96825,0.9686,2.40,0.50
2008.03.03 19:40:43.167,0.96825,0.9686,2.40,0.50
2008.03.03 19:40:43.259,0.96825,0.9686,2.40,0.50
2008.03.03 19:40:43.358,0.96825,0.9686,2.40,0.50
2008.03.03 19:40:43.441,0.96825,0.9686,2.40,0.50
2008.03.03 19:40:43.526,0.96825,0.9686,2.40,0.50
2008.03.03 19:40:43.609,0.96825,0.9686,2.40,0.50
2008.03.03 19:40:43.692,0.96825,0.9686,2.40,0.50
2008.03.03 19:40:43.777,0.96825,0.9686,2.40,0.50
2008.03.03 19:40:43.860,0.96825,0.9686,2.40,0.50
2008.03.03 19:40:43.943,0.96825,0.9686,2.40,0.50
2008.03.03 19:40:44.036,0.96825,0.9686,2.40,0.50
2008.03.03 19:40:44.119,0.96825,0.9686,2.40,0.50
2008.03.03 19:40:44.202,0.96825,0.9686,2.40,0.50
2008.03.03 19:40:44.535,0.96825,0.9686,2.40,0.50
2008.03.03 19:40:44.869,0.96825,0.9686,2.40,0.50
2008.03.03 19:40:45.207,0.96825,0.9686,2.40,0.50
2008.03.03 19:40:45.430,0.96825,0.9686,2.40,0.50
2008.03.03 19:40:45.655,0.96825,0.9686,2.40,0.50
2008.03.03 19:40:45.878,0.96825,0.9686,2.40,0.50
2008.03.03 19:40:46.101,0.96825,0.9686,2.40,0.50
2008.03.03 19:40:46.324,0.96825,0.9686,2.40,0.50
2008.03.03 19:40:46.646,0.96825,0.9686,2.40,0.50
2008.03.03 19:40:46.986,0.96825,0.9686,2.40,0.50
2008.03.03 19:40:47.292,0.96825,0.9686,2.40,0.50
2008.03.03 19:40:47.626,0.96825,0.9686,2.40,0.50
2008.03.03 19:40:47.960,0.96825,0.9686,2.40,0.50
2008.03.03 19:40:48.293,0.96825,0.9686,2.40,0.90
2008.03.03 19:40:48.508,0.96825,0.9686,2.40,0.90
2008.03.03 19:40:48.722,0.96825,0.9685,2.40,0.40
2008.03.03 19:40:48.936,0.9682,0.9685,4.00,0.50
2008.03.03 19:40:49.150,0.96815,0.96845,2.40,0.40
2008.03.03 19:40:49.364,0.96815,0.96845,2.40,0.40
2008.03.03 19:40:49.697,0.96815,0.9685,2.40,0.50
2008.03.03 19:40:50.032,0.96815,0.9685,2.40,0.50
2008.03.03 19:40:50.367,0.9682,0.96855,0.10,9.10
2008.03.03 19:40:50.600,0.9682,0.96855,0.10,5.10
2008.03.03 19:40:50.833,0.9682,0.96855,0.10,5.10
2008.03.03 19:40:51.067,0.9682,0.96855,0.10,5.10
2008.03.03 19:40:51.301,0.9682,0.96855,0.10,5.10
2008.03.03 19:40:51.589,0.9682,0.96855,0.10,5.10
2008.03.03 19:40:51.877,0.9682,0.96855,0.10,5.10
2008.03.03 19:40:52.166,0.9682,0.96855,0.10,5.10
2008.03.03 19:40:52.454,0.9682,0.96855,0.10,2.70
2008.03.03 19:40:52.788,0.9682,0.96855,0.10,2.70
2008.03.03 19:40:53.123,0.9682,0.96855,0.10,2.70
2008.03.03 19:40:53.457,0.9682,0.96855,0.10,2.70
2008.03.03 19:40:53.675,0.9682,0.96855,0.10,2.70
2008.03.03 19:40:53.895,0.96825,0.9686,2.40,0.40
2008.03.03 19:40:54.115,0.96825,0.9686,2.40,0.40
2008.03.03 19:40:54.335,0.9682,0.9685,4.00,0.40
2008.03.03 19:40:54.628,0.96815,0.9685,2.40,0.40
2008.03.03 19:40:54.936,0.96815,0.9685,2.40,0.40
2008.03.03 19:40:55.230,0.96815,0.9685,2.40,0.50
2008.03.03 19:40:55.523,0.96815,0.9685,2.40,0.50
2008.03.03 19:40:55.806,0.96815,0.9685,2.40,0.50
2008.03.03 19:40:56.090,0.96815,0.9685,2.40,0.50
2008.03.03 19:40:56.374,0.96815,0.9685,2.40,0.50
2008.03.03 19:40:56.603,0.96815,0.9685,2.40,0.50
2008.03.03 19:40:56.832,0.96815,0.9685,2.40,0.50
2008.03.03 19:40:57.061,0.96815,0.9685,2.40,0.50
2008.03.03 19:40:57.289,0.96815,0.9685,2.40,0.50
2008.03.03 19:40:57.517,0.96815,0.9685,2.40,0.50
2008.03.03 19:40:57.850,0.96815,0.9685,2.40,0.50
2008.03.03 19:40:58.186,0.96815,0.9685,2.40,0.50
2008.03.03 19:40:58.519,0.9683,0.96865,0.10,2.70
2008.03.03 19:40:58.733,0.9683,0.96865,0.10,2.70
2008.03.03 19:40:58.947,0.9683,0.96865,0.10,2.70
2008.03.03 19:40:59.161,0.9683,0.96865,0.10,2.70
2008.03.03 19:40:59.374,0.9683,0.96865,0.10,2.70
2008.03.03 19:40:59.588,0.9683,0.96865,0.10,2.70
2008.03.03 19:40:59.901,0.9683,0.96865,0.10,2.70
2008.03.03 19:41:00.215,0.9683,0.96865,0.10,2.70
2008.03.03 19:41:00.528,0.9683,0.96865,0.10,2.70
2008.03.03 19:41:00.772,0.9683,0.96865,0.10,2.70
2008.03.03 19:41:01.016,0.9683,0.96865,0.10,2.70
2008.03.03 19:41:01.259,0.9683,0.96865,0.10,2.70
2008.03.03 19:41:01.502,0.9683,0.96865,0.10,2.70
2008.03.03 19:41:01.766,0.9683,0.96865,0.10,2.70
2008.03.03 19:41:02.011,0.9683,0.96865,0.10,2.70
2008.03.03 19:41:02.264,0.9683,0.96865,0.10,2.70
2008.03.03 19:41:02.517,0.9683,0.96865,0.10,2.70
2008.03.03 19:41:02.856,0.9683,0.96865,0.10,2.70
2008.03.03 19:41:03.190,0.9683,0.96865,0.10,2.70
2008.03.03 19:41:03.523,0.9683,0.96865,0.10,2.70
2008.03.03 19:41:03.738,0.9683,0.96865,0.10,2.70
2008.03.03 19:41:03.941,0.9683,0.96865,0.10,2.70
2008.03.03 19:41:04.144,0.9683,0.96865,0.10,2.70
2008.03.03 19:41:04.347,0.9683,0.96865,0.10,2.70
2008.03.03 19:41:04.556,0.9683,0.96865,0.10,2.70
2008.03.03 19:41:04.876,0.9683,0.96865,0.10,2.70
2008.03.03 19:41:05.194,0.9683,0.96865,0.10,2.70
2008.03.03 19:41:05.513,0.9683,0.96865,0.10,2.70
2008.03.03 19:41:05.770,0.9683,0.96865,0.10,2.70
2008.03.03 19:41:05.992,0.9683,0.96865,0.10,2.70
2008.03.03 19:41:06.232,0.9683,0.96865,0.10,2.70
2008.03.03 19:41:06.472,0.9683,0.96865,0.10,2.70
2008.03.03 19:41:06.719,0.9683,0.96865,0.10,2.70
2008.03.03 19:41:07.052,0.9683,0.96865,0.10,2.70
2008.03.03 19:41:07.387,0.9683,0.96865,0.10,3.50
2008.03.03 19:41:07.719,0.9683,0.96865,0.10,2.70
2008.03.03 19:41:07.939,0.96825,0.9686,8.80,0.40
2008.03.03 19:41:08.158,0.9683,0.96865,0.10,5.10
2008.03.03 19:41:08.386,0.9683,0.96865,0.10,5.10
2008.03.03 19:41:08.606,0.9683,0.96865,0.10,5.90
2008.03.03 19:41:08.901,0.9683,0.96865,0.10,6.70
2008.03.03 19:41:09.195,0.9683,0.96865,0.10,6.70
2008.03.03 19:41:09.489,0.9683,0.96865,0.10,6.70
2008.03.03 19:41:09.798,0.9683,0.96865,0.10,5.10
2008.03.03 19:41:10.062,0.9683,0.96865,0.10,5.10
2008.03.03 19:41:10.326,0.9683,0.96865,0.10,5.10
2008.03.03 19:41:10.590,0.9683,0.96865,0.10,5.10
2008.03.03 19:41:10.850,0.9683,0.96865,0.10,5.10
2008.03.03 19:41:11.093,0.9683,0.96865,0.10,5.10
2008.03.03 19:41:11.336,0.9683,0.96865,0.10,5.10
2008.03.03 19:41:11.578,0.9683,0.96865,0.10,5.10
2008.03.03 19:41:11.823,0.9683,0.96865,0.10,5.10
2008.03.03 19:41:12.156,0.9683,0.96865,0.10,5.10
2008.03.03 19:41:12.488,0.9683,0.96865,0.10,5.10
2008.03.03 19:41:12.822,0.9683,0.96865,0.10,5.10
2008.03.03 19:41:13.032,0.9683,0.96865,0.10,5.10
2008.03.03 19:41:13.240,0.9683,0.96865,0.10,5.10
2008.03.03 19:41:13.450,0.9683,0.96865,0.10,5.10
2008.03.03 19:41:13.658,0.9683,0.96865,0.10,5.10
2008.03.03 19:41:13.951,0.9683,0.96865,0.10,5.10
2008.03.03 19:41:14.243,0.9683,0.96865,0.10,5.10
2008.03.03 19:41:14.555,0.9683,0.96865,0.10,5.10
2008.03.03 19:41:14.848,0.9683,0.96865,0.10,5.10
2008.03.03 19:41:15.107,0.9683,0.96865,0.10,5.10
2008.03.03 19:41:15.365,0.9683,0.96865,0.10,5.10
2008.03.03 19:41:15.631,0.9683,0.96865,0.10,5.10
2008.03.03 19:41:15.888,0.9683,0.96865,0.10,5.10
2008.03.03 19:41:16.141,0.9683,0.96865,0.10,5.10
2008.03.03 19:41:16.395,0.9683,0.96865,0.10,5.10
2008.03.03 19:41:16.647,0.9683,0.96865,0.10,5.10
2008.03.03 19:41:16.919,0.9683,0.96865,0.10,5.10
2008.03.03 19:41:17.236,0.9683,0.96865,0.10,5.10
2008.03.03 19:41:17.569,0.9683,0.96865,0.10,5.10
2008.03.03 19:41:17.903,0.9683,0.96865,0.10,5.10
2008.03.03 19:41:18.107,0.9683,0.96865,0.10,5.10
2008.03.03 19:41:18.312,0.9683,0.96865,0.10,5.10
2008.03.03 19:41:18.514,0.9683,0.96865,0.10,5.10
2008.03.03 19:41:18.719,0.9683,0.96865,0.10,2.70
2008.03.03 19:41:18.922,0.9683,0.96865,0.10,2.70
2008.03.03 19:41:19.251,0.9683,0.96865,0.10,2.70
2008.03.03 19:41:19.580,0.9683,0.96865,0.10,2.70
2008.03.03 19:41:19.908,0.9683,0.96865,0.10,2.70
2008.03.03 19:41:20.126,0.9683,0.96865,0.10,2.70
2008.03.03 19:41:20.345,0.9683,0.96865,0.10,2.70
2008.03.03 19:41:20.582,0.9683,0.96865,0.10,2.70
2008.03.03 19:41:20.784,0.96825,0.9686,6.40,0.40
2008.03.03 19:41:21.005,0.96825,0.9686,6.40,0.40
2008.03.03 19:41:21.310,0.96825,0.9686,2.40,0.50
2008.03.03 19:41:21.613,0.96825,0.9686,2.40,0.50
2008.03.03 19:41:21.916,0.96825,0.96855,0.10,2.40
2008.03.03 19:41:22.267,0.96825,0.96855,0.10,2.40
2008.03.03 19:41:22.583,0.96825,0.96855,0.10,2.40
2008.03.03 19:41:22.915,0.96825,0.96855,0.10,2.40
2008.03.03 19:41:23.124,0.96825,0.96855,0.10,2.40
2008.03.03 19:41:23.334,0.96825,0.96855,0.10,2.40
2008.03.03 19:41:23.541,0.96825,0.96855,0.10,2.40
2008.03.03 19:41:23.749,0.96825,0.96855,0.10,2.40
2008.03.03 19:41:23.957,0.96825,0.96855,0.10,2.40
2008.03.03 19:41:24.276,0.96825,0.96855,0.10,2.40
2008.03.03 19:41:24.606,0.96825,0.96855,0.10,2.40
2008.03.03 19:41:24.925,0.96825,0.96855,0.10,2.40
2008.03.03 19:41:25.149,0.96825,0.96855,0.10,2.40
2008.03.03 19:41:25.374,0.96825,0.96855,0.10,2.40
2008.03.03 19:41:25.596,0.96825,0.96855,0.10,2.40
2008.03.03 19:41:25.820,0.96825,0.96855,0.10,2.40
2008.03.03 19:41:26.043,0.96825,0.96855,0.10,2.40
2008.03.03 19:41:26.351,0.96825,0.96855,0.10,2.40
2008.03.03 19:41:26.660,0.96825,0.96855,0.10,2.40
2008.03.03 19:41:26.967,0.96825,0.96855,0.10,2.40
2008.03.03 19:41:27.303,0.96825,0.96855,0.10,2.40
2008.03.03 19:41:27.637,0.96825,0.96855,0.10,2.40
2008.03.03 19:41:27.978,0.96825,0.96855,0.10,2.40
2008.03.03 19:41:28.183,0.96825,0.96855,0.10,2.40
2008.03.03 19:41:28.387,0.96825,0.96855,0.10,2.40
2008.03.03 19:41:28.592,0.96825,0.96855,0.10,2.40
2008.03.03 19:41:28.794,0.96825,0.96855,0.10,2.40
2008.03.03 19:41:28.998,0.96825,0.96855,0.10,2.40
2008.03.03 19:41:29.310,0.96825,0.96855,0.10,2.40
2008.03.03 19:41:29.624,0.96825,0.96855,0.10,3.20
2008.03.03 19:41:29.940,0.9684,0.96855,0.10,0.80
2008.03.03 19:41:30.254,0.9683,0.96865,4.20,4.30
2008.03.03 19:41:30.520,0.9683,0.9684,0.10,0.80
2008.03.03 19:41:30.793,0.96825,0.9684,2.40,0.80
2008.03.03 19:41:31.058,0.9682,0.96845,0.10,1.60
2008.03.03 19:41:31.306,0.96815,0.9684,6.40,0.40
2008.03.03 19:41:31.555,0.9681,0.96845,0.10,5.10
2008.03.03 19:41:31.805,0.9681,0.96845,0.10,5.10
2008.03.03 19:41:32.070,0.9681,0.96845,0.10,5.10
2008.03.03 19:41:32.422,0.9681,0.96845,0.10,5.10
2008.03.03 19:41:32.776,0.9681,0.96845,0.10,2.70
2008.03.03 19:41:33.128,0.9681,0.96845,0.10,2.70
2008.03.03 19:41:33.339,0.9681,0.96845,0.10,2.70
2008.03.03 19:41:33.566,0.9681,0.96845,0.10,2.70
2008.03.03 19:41:33.795,0.9681,0.96845,0.10,2.70
2008.03.03 19:41:34.025,0.9681,0.96845,0.10,2.70
2008.03.03 19:41:34.253,0.9681,0.96845,0.10,2.70
2008.03.03 19:41:34.577,0.9681,0.96845,0.10,2.70
2008.03.03 19:41:34.902,0.9681,0.96845,0.10,2.70
2008.03.03 19:41:35.224,0.9681,0.96845,0.10,2.70
2008.03.03 19:41:35.427,0.9681,0.96845,0.10,2.70
2008.03.03 19:41:35.630,0.9681,0.96845,0.10,2.70
2008.03.03 19:41:35.834,0.9681,0.96845,0.10,2.70
2008.03.03 19:41:36.053,0.9681,0.96845,0.10,2.70
2008.03.03 19:41:36.255,0.9681,0.96845,0.10,2.70
2008.03.03 19:41:36.580,0.9681,0.96845,0.10,2.70
2008.03.03 19:41:36.905,0.96805,0.9684,6.40,0.40
2008.03.03 19:41:37.231,0.96805,0.9684,2.40,1.10
2008.03.03 19:41:37.565,0.96805,0.96835,0.10,2.40
2008.03.03 19:41:37.899,0.968,0.96835,4.00,3.50
2008.03.03 19:41:38.232,0.96795,0.9683,8.80,0.40
2008.03.03 19:41:38.472,0.96795,0.9683,6.40,0.40
2008.03.03 19:41:38.668,0.96795,0.9683,2.40,1.10
2008.03.03 19:41:38.886,0.96795,0.9683,2.40,1.10
2008.03.03 19:41:39.104,0.96795,0.9683,2.40,1.10
2008.03.03 19:41:39.323,0.96795,0.9683,2.40,1.10
2008.03.03 19:41:39.651,0.96795,0.9683,2.40,1.10
2008.03.03 19:41:39.980,0.96795,0.9683,2.40,1.10
2008.03.03 19:41:40.308,0.96795,0.9683,2.40,1.10
2008.03.03 19:41:40.506,0.96795,0.9683,2.40,1.10
2008.03.03 19:41:40.706,0.96795,0.9683,2.40,1.10
2008.03.03 19:41:40.921,0.96795,0.9683,2.40,1.10
2008.03.03 19:41:41.101,0.96795,0.9683,2.40,1.10
2008.03.03 19:41:41.300,0.96795,0.9683,2.40,1.10
2008.03.03 19:41:41.498,0.96795,0.9683,2.40,1.10
2008.03.03 19:41:41.831,0.96795,0.9683,2.40,1.10
2008.03.03 19:41:42.164,0.96795,0.9683,2.40,1.10
2008.03.03 19:41:42.498,0.96795,0.9683,2.40,1.10
2008.03.03 19:41:42.826,0.96795,0.9683,2.40,1.10
2008.03.03 19:41:43.154,0.96795,0.9683,2.40,1.10
2008.03.03 19:41:43.482,0.96795,0.9683,2.40,1.10
2008.03.03 19:41:43.696,0.96795,0.9683,2.40,1.10
2008.03.03 19:41:43.909,0.96795,0.9683,2.40,1.10
2008.03.03 19:41:44.123,0.96795,0.9683,2.40,1.10
2008.03.03 19:41:44.338,0.96795,0.9683,2.40,1.10
2008.03.03 19:41:44.549,0.96795,0.9683,2.40,1.10
2008.03.03 19:41:44.853,0.96795,0.9683,2.40,1.10
2008.03.03 19:41:45.157,0.96795,0.9683,2.40,1.10
2008.03.03 19:41:45.461,0.96795,0.9683,2.40,1.10
2008.03.03 19:41:45.697,0.96795,0.96825,2.40,0.40
2008.03.03 19:41:45.934,0.96795,0.96825,2.40,0.40
2008.03.03 19:41:46.187,0.96795,0.9683,2.40,1.10
2008.03.03 19:41:46.400,0.96795,0.9683,2.40,1.10
2008.03.03 19:41:46.699,0.96795,0.9683,2.40,1.10
2008.03.03 19:41:46.997,0.96795,0.9683,2.40,1.10
2008.03.03 19:41:47.296,0.96795,0.9682,0.10,0.80
2008.03.03 19:41:47.595,0.96795,0.9682,0.10,0.80
2008.03.03 19:41:47.929,0.96775,0.9681,6.40,0.40
2008.03.03 19:41:48.262,0.96775,0.96805,2.40,0.40
2008.03.03 19:41:48.596,0.96775,0.96805,2.40,0.40
2008.03.03 19:41:48.835,0.96765,0.968,8.80,0.40
2008.03.03 19:41:49.075,0.96765,0.968,6.40,1.10
2008.03.03 19:41:49.313,0.96765,0.968,2.40,1.10
2008.03.03 19:41:49.552,0.96765,0.968,2.40,1.10
2008.03.03 19:41:49.856,0.96765,0.968,2.40,1.10
2008.03.03 19:41:50.159,0.96765,0.968,2.40,1.10
2008.03.03 19:41:50.463,0.96765,0.968,2.40,1.10
2008.03.03 19:41:50.766,0.96765,0.968,2.40,1.10
2008.03.03 19:41:51.014,0.96765,0.968,2.40,1.10
2008.03.03 19:41:51.271,0.96765,0.968,2.40,1.10
2008.03.03 19:41:51.519,0.96765,0.968,2.40,1.10
2008.03.03 19:41:51.772,0.96765,0.968,2.40,1.10
2008.03.03 19:41:52.025,0.96765,0.968,2.40,1.10
2008.03.03 19:41:52.278,0.96765,0.9679,2.40,0.40
2008.03.03 19:41:52.532,0.96765,0.9679,2.40,0.40
2008.03.03 19:41:52.885,0.96765,0.9679,2.40,0.40
2008.03.03 19:41:53.233,0.96765,0.96795,6.40,0.40
2008.03.03 19:41:53.586,0.9677,0.96805,0.10,5.10
2008.03.03 19:41:53.793,0.96775,0.96805,2.40,0.40
2008.03.03 19:41:54.017,0.96775,0.96805,2.40,0.40
2008.03.03 19:41:54.240,0.96775,0.96805,2.40,0.40
2008.03.03 19:41:54.464,0.96775,0.9681,5.60,0.40
2008.03.03 19:41:54.689,0.96785,0.9681,0.80,0.40
2008.03.03 19:41:55.024,0.96805,0.96825,0.10,4.00
2008.03.03 19:41:55.358,0.96815,0.9682,0.10,0.30
2008.03.03 19:41:55.710,0.96815,0.96835,0.10,4.00
2008.03.03 19:41:55.946,0.9682,0.96845,0.10,4.00
2008.03.03 19:41:56.197,0.9682,0.96855,0.10,9.50
2008.03.03 19:41:56.458,0.96825,0.96855,0.10,2.40
2008.03.03 19:41:56.690,0.96825,0.96855,0.10,2.40
2008.03.03 19:41:57.024,0.96825,0.96855,0.10,2.40
2008.03.03 19:41:57.357,0.96825,0.96855,0.10,2.40
2008.03.03 19:41:57.690,0.96825,0.96855,0.10,2.40
2008.03.03 19:41:57.943,0.9682,0.9685,4.00,0.40
2008.03.03 19:41:58.158,0.96815,0.9683,0.10,0.80
2008.03.03 19:41:58.393,0.96805,0.9683,8.80,1.10
2008.03.03 19:41:58.644,0.96795,0.9683,2.40,1.10
2008.03.03 19:41:58.946,0.96795,0.9683,2.40,1.30
2008.03.03 19:41:59.267,0.968,0.9683,0.10,1.00
2008.03.03 19:41:59.599,0.968,0.96835,0.10,6.70
2008.03.03 19:41:59.837,0.968,0.96835,0.10,6.70
2008.03.03 19:42:00.075,0.968,0.96835,0.10,6.70
2008.03.03 19:42:00.313,0.968,0.96835,0.10,6.70
2008.03.03 19:42:00.552,0.968,0.96835,0.10,6.70
2008.03.03 19:42:00.790,0.968,0.96835,0.10,6.70
2008.03.03 19:42:01.088,0.968,0.96835,0.10,6.70
2008.03.03 19:42:01.387,0.968,0.96835,0.10,6.70
2008.03.03 19:42:01.687,0.968,0.96835,0.10,5.10
2008.03.03 19:42:02.021,0.9681,0.9684,0.10,4.80
2008.03.03 19:42:02.354,0.9681,0.96845,0.10,6.70
2008.03.03 19:42:02.687,0.9681,0.96845,0.10,5.10
2008.03.03 19:42:02.906,0.9681,0.96845,0.10,5.10
2008.03.03 19:42:03.127,0.96815,0.96845,0.10,2.40
2008.03.03 19:42:03.354,0.96815,0.96845,0.10,2.40
2008.03.03 19:42:03.590,0.96815,0.96845,0.10,2.40
2008.03.03 19:42:03.829,0.96815,0.96845,0.10,2.40
2008.03.03 19:42:04.145,0.96815,0.96845,0.10,2.40
2008.03.03 19:42:04.478,0.96815,0.96845,0.10,2.40
2008.03.03 19:42:04.813,0.96815,0.96845,0.10,2.40
2008.03.03 19:42:05.045,0.96815,0.96845,0.10,2.40
2008.03.03 19:42:05.290,0.96815,0.96845,0.10,2.40
2008.03.03 19:42:05.523,0.96815,0.96845,0.10,2.40
2008.03.03 19:42:05.757,0.96815,0.96845,0.10,2.40
2008.03.03 19:42:06.022,0.96815,0.96845,0.10,2.40
2008.03.03 19:42:06.285,0.96815,0.96845,0.10,2.40
2008.03.03 19:42:06.549,0.96815,0.96845,0.10,2.40
2008.03.03 19:42:06.826,0.96815,0.96845,0.10,2.40
2008.03.03 19:42:07.178,0.96815,0.9685,2.40,5.30
2008.03.03 19:42:07.495,0.96815,0.9685,2.40,1.30
2008.03.03 19:42:07.828,0.96815,0.9685,2.40,1.30
2008.03.03 19:42:08.048,0.96815,0.9685,2.40,1.30
2008.03.03 19:42:08.266,0.96815,0.9685,2.40,1.30
2008.03.03 19:42:08.496,0.96815,0.9685,2.40,1.30
2008.03.03 19:42:08.715,0.96815,0.9685,2.40,1.30
2008.03.03 19:42:08.931,0.96815,0.9685,2.40,1.30
2008.03.03 19:42:09.255,0.96815,0.9685,2.40,1.30
2008.03.03 19:42:09.578,0.96815,0.9685,2.40,1.30
2008.03.03 19:42:09.901,0.96815,0.9685,2.40,1.30
2008.03.03 19:42:10.129,0.96815,0.9685,2.40,1.30
2008.03.03 19:42:10.357,0.96815,0.9685,2.40,1.30
2008.03.03 19:42:10.585,0.96815,0.9685,2.40,1.30
2008.03.03 19:42:10.813,0.96815,0.9685,2.40,1.30
2008.03.03 19:42:11.041,0.96815,0.9685,2.40,1.30
2008.03.03 19:42:11.326,0.96815,0.9685,2.40,1.30
2008.03.03 19:42:11.609,0.96815,0.9685,2.40,1.30
2008.03.03 19:42:11.893,0.96815,0.9685,2.40,1.30
2008.03.03 19:42:12.226,0.96815,0.9685,2.40,1.30
2008.03.03 19:42:12.559,0.96815,0.9685,2.40,1.30
2008.03.03 19:42:12.893,0.96815,0.9685,2.40,1.30
2008.03.03 19:42:13.227,0.96815,0.9685,2.40,1.30
2008.03.03 19:42:13.436,0.96815,0.9685,2.40,1.30
2008.03.03 19:42:13.644,0.96815,0.9685,2.40,1.30
2008.03.03 19:42:13.853,0.96815,0.9685,2.40,1.30
2008.03.03 19:42:14.063,0.96815,0.9685,2.40,1.30
2008.03.03 19:42:14.390,0.96815,0.96845,2.40,1.60
2008.03.03 19:42:14.720,0.96815,0.96845,0.10,4.00
2008.03.03 19:42:15.049,0.96815,0.9684,0.10,0.80
2008.03.03 19:42:15.272,0.96815,0.96835,0.10,0.80
2008.03.03 19:42:15.496,0.96815,0.96835,0.10,1.60
2008.03.03 19:42:15.720,0.96815,0.96835,0.10,1.60
2008.03.03 19:42:15.943,0.96815,0.96835,0.10,1.60
2008.03.03 19:42:16.178,0.96805,0.96835,4.80,1.60
2008.03.03 19:42:16.503,0.96805,0.96835,2.40,1.60
2008.03.03 19:42:16.827,0.96805,0.96835,2.40,1.60
2008.03.03 19:42:17.149,0.96805,0.96835,0.10,4.00
2008.03.03 19:42:17.484,0.96805,0.96835,0.10,4.00
2008.03.03 19:42:17.817,0.96805,0.96835,0.10,4.00
2008.03.03 19:42:18.150,0.96805,0.96835,0.10,4.00
2008.03.03 19:42:18.374,0.96805,0.96835,0.10,4.00
2008.03.03 19:42:18.599,0.96805,0.96835,0.10,4.00
2008.03.03 19:42:18.825,0.96805,0.96835,0.10,3.20
2008.03.03 19:42:19.067,0.96815,0.96835,0.10,2.40
2008.03.03 19:42:19.346,0.96815,0.96845,0.10,4.00
2008.03.03 19:42:19.624,0.96815,0.96845,0.10,4.00
2008.03.03 19:42:19.903,0.9682,0.96845,0.10,2.40
2008.03.03 19:42:20.182,0.96825,0.96855,0.10,4.80
2008.03.03 19:42:20.461,0.96825,0.96855,0.10,2.40
2008.03.03 19:42:20.740,0.9683,0.9685,0.10,0.30
2008.03.03 19:42:21.020,0.96815,0.9685,2.40,1.30
2008.03.03 19:42:21.298,0.9682,0.9685,0.10,1.00
2008.03.03 19:42:21.576,0.9682,0.9685,0.10,1.00
2008.03.03 19:42:21.854,0.9682,0.9685,0.10,1.00
2008.03.03 19:42:22.132,0.9682,0.9685,0.10,1.00
2008.03.03 19:42:22.465,0.9682,0.9685,0.10,1.00
2008.03.03 19:42:22.805,0.9682,0.9685,0.10,1.00
2008.03.03 19:42:23.133,0.9682,0.9685,0.10,1.00
2008.03.03 19:42:23.369,0.9682,0.9685,0.10,1.00
2008.03.03 19:42:23.589,0.9682,0.9685,0.10,1.00
2008.03.03 19:42:23.808,0.9682,0.9685,0.10,1.00
2008.03.03 19:42:24.026,0.9682,0.9685,0.10,1.00
2008.03.03 19:42:24.254,0.9682,0.9685,0.10,1.00
2008.03.03 19:42:24.580,0.9682,0.96845,0.10,2.40
2008.03.03 19:42:24.872,0.9681,0.96845,0.10,5.10
2008.03.03 19:42:25.182,0.9681,0.9684,0.10,0.30
2008.03.03 19:42:25.410,0.9681,0.9684,0.10,0.30
2008.03.03 19:42:25.638,0.9681,0.9684,0.10,0.30
2008.03.03 19:42:25.866,0.9681,0.9684,0.10,0.30
2008.03.03 19:42:26.094,0.9681,0.9684,0.10,0.30
2008.03.03 19:42:26.377,0.9681,0.9684,0.10,0.30
2008.03.03 19:42:26.660,0.9681,0.9684,0.10,0.30
2008.03.03 19:42:26.943,0.9681,0.9684,0.10,0.30
2008.03.03 19:42:27.226,0.9681,0.9684,0.10,0.30
2008.03.03 19:42:27.560,0.9681,0.9684,0.10,0.30
2008.03.03 19:42:27.894,0.9681,0.9684,0.10,0.30
2008.03.03 19:42:28.227,0.9681,0.96845,0.10,5.10
2008.03.03 19:42:28.446,0.96815,0.96845,2.40,2.40
2008.03.03 19:42:28.665,0.9682,0.9685,0.10,0.30
2008.03.03 19:42:28.883,0.9682,0.9685,0.10,0.30
2008.03.03 19:42:29.102,0.9682,0.9685,0.10,0.30
2008.03.03 19:42:29.320,0.9682,0.9685,0.10,0.30
2008.03.03 19:42:29.654,0.9682,0.9685,0.10,0.30
2008.03.03 19:42:29.988,0.9682,0.9685,0.10,0.30
2008.03.03 19:42:30.321,0.9682,0.9685,0.10,0.30
2008.03.03 19:42:30.530,0.9682,0.9685,0.10,0.30
2008.03.03 19:42:30.739,0.9682,0.9685,0.10,0.30
2008.03.03 19:42:30.946,0.9682,0.9685,0.10,0.30
2008.03.03 19:42:31.154,0.9682,0.9685,0.10,0.30
2008.03.03 19:42:31.490,0.9682,0.9685,0.10,0.30
2008.03.03 19:42:31.830,0.9682,0.9685,0.10,0.30
2008.03.03 19:42:32.155,0.9682,0.9685,0.10,0.30
2008.03.03 19:42:32.489,0.96825,0.9685,4.80,0.30
2008.03.03 19:42:32.842,0.96835,0.9687,0.10,0.50
2008.03.03 19:42:33.167,0.9685,0.96875,0.10,8.40
2008.03.03 19:42:33.415,0.96845,0.96875,0.10,4.00
2008.03.03 19:42:33.665,0.9685,0.96875,0.10,2.40
2008.03.03 19:42:33.914,0.9685,0.96875,0.10,2.40
2008.03.03 19:42:34.163,0.9685,0.96875,0.10,2.40
2008.03.03 19:42:34.411,0.9685,0.9688,0.10,0.30
2008.03.03 19:42:34.704,0.9686,0.9688,0.10,0.30
2008.03.03 19:42:34.999,0.9686,0.9689,0.10,0.40
2008.03.03 19:42:35.293,0.96865,0.96895,0.10,7.20
2008.03.03 19:42:35.552,0.96865,0.9689,0.10,0.30
2008.03.03 19:42:35.812,0.9686,0.96895,0.10,5.10
2008.03.03 19:42:36.074,0.9687,0.96895,0.10,2.40
2008.03.03 19:42:36.350,0.9687,0.969,0.10,0.30
2008.03.03 19:42:36.635,0.9687,0.96895,0.10,2.40
2008.03.03 19:42:36.919,0.9687,0.96895,0.10,2.40
2008.03.03 19:42:37.206,0.9687,0.96895,0.10,2.40
2008.03.03 19:42:37.506,0.9687,0.96895,0.10,2.40
2008.03.03 19:42:37.855,0.9687,0.96895,0.10,4.80
2008.03.03 19:42:38.188,0.9686,0.96895,0.10,7.50
2008.03.03 19:42:38.522,0.9686,0.96895,0.10,7.50
2008.03.03 19:42:38.752,0.9686,0.96895,0.10,7.50
2008.03.03 19:42:38.966,0.9686,0.96895,0.10,7.50
2008.03.03 19:42:39.180,0.9686,0.9689,0.10,0.30
2008.03.03 19:42:39.395,0.9686,0.9689,0.10,0.30
2008.03.03 19:42:39.729,0.96855,0.96885,0.10,2.40
2008.03.03 19:42:40.064,0.9686,0.96885,0.10,2.40
2008.03.03 19:42:40.397,0.9686,0.96885,0.10,2.40
2008.03.03 19:42:40.605,0.9686,0.96885,0.10,2.40
2008.03.03 19:42:40.815,0.9686,0.96885,0.10,2.40
2008.03.03 19:42:41.040,0.9685,0.96885,0.80,2.70
2008.03.03 19:42:41.251,0.9685,0.9688,0.80,0.30
2008.03.03 19:42:41.459,0.96855,0.9688,0.10,0.30
2008.03.03 19:42:41.793,0.9686,0.96885,0.10,2.40
2008.03.03 19:42:42.144,0.96865,0.96895,0.10,4.80
2008.03.03 19:42:42.477,0.9686,0.96895,0.10,5.10
2008.03.03 19:42:42.812,0.9686,0.9689,0.10,0.80
2008.03.03 19:42:43.146,0.96855,0.9687,4.00,0.30
2008.03.03 19:42:43.480,0.9686,0.9687,0.10,0.30
2008.03.03 19:42:43.724,0.9686,0.96885,0.10,4.00
2008.03.03 19:42:43.967,0.96855,0.9689,8.80,0.40
2008.03.03 19:42:44.218,0.96855,0.9689,2.40,0.40
2008.03.03 19:42:44.463,0.9687,0.96895,0.10,4.80
2008.03.03 19:42:44.791,0.9687,0.96895,0.10,2.40
2008.03.03 19:42:45.117,0.9687,0.96895,0.10,2.40
2008.03.03 19:42:45.446,0.96865,0.9688,8.80,0.40
2008.03.03 19:42:45.724,0.96865,0.9688,4.00,0.50
2008.03.03 19:42:45.999,0.9686,0.96885,0.30,2.40
2008.03.03 19:42:46.274,0.9686,0.96895,4.20,2.70
2008.03.03 19:42:46.552,0.96865,0.96895,0.10,2.70
2008.03.03 19:42:46.826,0.96865,0.96895,0.10,2.70
2008.03.03 19:42:47.126,0.96865,0.96895,0.10,2.40
2008.03.03 19:42:47.393,0.96865,0.96895,0.10,2.40
2008.03.03 19:42:47.726,0.96855,0.9689,8.80,0.40
2008.03.03 19:42:48.062,0.96855,0.9689,6.40,0.40
2008.03.03 19:42:48.395,0.96855,0.9689,6.40,1.10
2008.03.03 19:42:48.729,0.96855,0.96885,0.10,2.70
2008.03.03 19:42:48.962,0.9685,0.96885,4.00,2.70
2008.03.03 19:42:49.197,0.96855,0.96885,0.10,2.40
2008.03.03 19:42:49.431,0.96855,0.96885,0.10,2.40
2008.03.03 19:42:49.760,0.9685,0.96885,0.10,2.70
2008.03.03 19:42:50.088,0.9685,0.96885,0.10,2.70
2008.03.03 19:42:50.416,0.9685,0.96885,0.10,2.70
2008.03.03 19:42:50.746,0.96855,0.96885,0.10,2.40
2008.03.03 19:42:50.990,0.96855,0.96885,0.10,2.40
2008.03.03 19:42:51.233,0.96855,0.96885,0.10,2.40
2008.03.03 19:42:51.478,0.96855,0.96885,0.10,2.40
2008.03.03 19:42:51.771,0.96855,0.96885,0.10,2.40
2008.03.03 19:42:52.065,0.96855,0.96885,0.10,2.70
2008.03.03 19:42:52.357,0.96855,0.96885,0.10,2.70
2008.03.03 19:42:52.650,0.9685,0.96875,4.00,0.40
2008.03.03 19:42:52.985,0.9685,0.9688,0.10,1.30
2008.03.03 19:42:53.320,0.9685,0.9688,0.30,0.50
2008.03.03 19:42:53.654,0.9686,0.96885,0.30,0.80
2008.03.03 19:42:53.876,0.9686,0.9689,0.30,0.30
2008.03.03 19:42:54.100,0.96865,0.96895,0.10,2.40
2008.03.03 19:42:54.324,0.96865,0.96895,0.10,2.40
2008.03.03 19:42:54.548,0.9686,0.9689,4.00,0.50
2008.03.03 19:42:54.875,0.96855,0.9689,2.40,0.50
2008.03.03 19:42:55.203,0.96855,0.9689,2.40,0.50
2008.03.03 19:42:55.531,0.96855,0.9689,2.40,0.50
2008.03.03 19:42:55.761,0.9685,0.96885,4.00,2.70
2008.03.03 19:42:56.004,0.9685,0.9687,4.00,0.50
2008.03.03 19:42:56.253,0.9685,0.9687,4.00,0.30
2008.03.03 19:42:56.481,0.9685,0.9687,0.10,0.30
2008.03.03 19:42:56.709,0.9685,0.96885,0.10,6.70
2008.03.03 19:42:57.046,0.9685,0.96885,0.10,6.70
2008.03.03 19:42:57.379,0.9685,0.96885,0.10,6.70
2008.03.03 19:42:57.713,0.9685,0.96885,0.10,6.70
2008.03.03 19:42:58.046,0.9685,0.96885,0.10,6.70
2008.03.03 19:42:58.381,0.9685,0.96885,0.10,6.70
2008.03.03 19:42:58.714,0.9685,0.96885,0.10,6.70
2008.03.03 19:42:58.923,0.9685,0.96885,0.10,6.70
2008.03.03 19:42:59.131,0.9685,0.96885,0.10,6.70
2008.03.03 19:42:59.340,0.9685,0.96885,0.10,6.70
2008.03.03 19:42:59.548,0.96855,0.96885,0.10,4.00
2008.03.03 19:42:59.883,0.96855,0.9687,4.00,1.10
2008.03.03 19:43:00.216,0.9685,0.9687,4.00,0.40
2008.03.03 19:43:00.551,0.96845,0.9687,2.40,1.10
2008.03.03 19:43:00.885,0.96835,0.9687,6.80,1.10
2008.03.03 19:43:01.124,0.96835,0.9687,0.10,1.10
2008.03.03 19:43:01.364,0.96835,0.9687,0.10,1.10
2008.03.03 19:43:01.602,0.96835,0.9687,0.10,1.10
2008.03.03 19:43:01.934,0.96835,0.9687,0.10,1.10
2008.03.03 19:43:02.268,0.96835,0.9687,4.00,1.10
2008.03.03 19:43:02.602,0.96835,0.9687,4.00,0.40
2008.03.03 19:43:02.936,0.96835,0.9687,6.40,0.40
2008.03.03 19:43:03.270,0.96835,0.9687,6.40,0.40
2008.03.03 19:43:03.604,0.96835,0.9687,6.40,0.40
2008.03.03 19:43:03.839,0.96835,0.9687,6.40,0.40
2008.03.03 19:43:04.063,0.96845,0.96875,0.10,2.40
2008.03.03 19:43:04.287,0.96845,0.9688,0.10,1.30
2008.03.03 19:43:04.511,0.96845,0.9688,0.10,1.30
2008.03.03 19:43:04.734,0.9684,0.96875,0.10,0.40
2008.03.03 19:43:05.039,0.96835,0.9687,6.40,0.40
2008.03.03 19:43:05.343,0.9684,0.96875,0.10,2.70
2008.03.03 19:43:05.648,0.96835,0.9687,0.10,0.40
2008.03.03 19:43:05.919,0.96835,0.96865,0.10,1.60
2008.03.03 19:43:06.204,0.9683,0.9686,4.10,0.40
2008.03.03 19:43:06.471,0.96825,0.9686,4.00,0.50
2008.03.03 19:43:06.741,0.9683,0.9686,0.10,0.30
2008.03.03 19:43:07.035,0.9683,0.9686,0.10,0.30
2008.03.03 19:43:07.342,0.9683,0.9686,0.10,0.30
2008.03.03 19:43:07.653,0.9683,0.9686,0.10,0.30
2008.03.03 19:43:07.987,0.9683,0.9686,0.10,0.30
2008.03.03 19:43:08.318,0.9683,0.9686,0.10,0.30
2008.03.03 19:43:08.669,0.9683,0.9686,0.10,0.30
2008.03.03 19:43:09.004,0.9683,0.9686,0.10,0.30
2008.03.03 19:43:09.225,0.9683,0.9686,0.10,0.30
2008.03.03 19:43:09.463,0.9683,0.96865,4.00,4.30
2008.03.03 19:43:09.702,0.9683,0.96865,4.00,4.30
2008.03.03 19:43:10.001,0.9683,0.96865,4.00,4.30
2008.03.03 19:43:10.299,0.9683,0.96865,4.00,4.30
2008.03.03 19:43:10.597,0.9684,0.96875,0.10,1.10
2008.03.03 19:43:10.913,0.9684,0.9687,4.00,0.80
2008.03.03 19:43:11.130,0.9684,0.9687,4.00,0.80
2008.03.03 19:43:11.364,0.9684,0.9687,4.00,0.80
2008.03.03 19:43:11.596,0.9684,0.9687,4.00,0.80
2008.03.03 19:43:11.829,0.9684,0.9687,4.00,0.80
2008.03.03 19:43:12.163,0.9684,0.96875,4.00,1.90
2008.03.03 19:43:12.503,0.9684,0.96875,4.00,1.10
2008.03.03 19:43:12.837,0.9684,0.96875,4.00,0.40
2008.03.03 19:43:13.062,0.9684,0.96875,4.00,1.90
2008.03.03 19:43:13.284,0.9684,0.96875,4.00,1.90
2008.03.03 19:43:13.508,0.9684,0.9687,4.00,0.80
2008.03.03 19:43:13.732,0.9684,0.9687,0.10,0.80
2008.03.03 19:43:14.062,0.96845,0.9687,2.40,1.00
2008.03.03 19:43:14.390,0.96845,0.9687,2.40,1.30
2008.03.03 19:43:14.721,0.96835,0.9687,8.80,1.30
2008.03.03 19:43:15.049,0.96835,0.96865,2.40,0.40
2008.03.03 19:43:15.288,0.9683,0.96865,4.20,4.30
2008.03.03 19:43:15.527,0.9683,0.96865,0.30,3.50
2008.03.03 19:43:15.782,0.9683,0.9686,0.30,0.30
2008.03.03 19:43:16.082,0.9683,0.9686,0.30,1.00
2008.03.03 19:43:16.380,0.9683,0.9686,0.30,1.00
2008.03.03 19:43:16.679,0.9683,0.9686,0.30,1.00
2008.03.03 19:43:16.978,0.9683,0.9686,0.30,0.30
2008.03.03 19:43:17.311,0.9683,0.9686,0.30,0.30
2008.03.03 19:43:17.644,0.9683,0.9686,0.30,0.30
2008.03.03 19:43:17.979,0.96825,0.9686,10.40,0.50
2008.03.03 19:43:18.203,0.9683,0.9686,0.10,0.30
2008.03.03 19:43:18.426,0.9683,0.9686,0.10,0.30
2008.03.03 19:43:18.669,0.9683,0.9686,0.10,0.30
2008.03.03 19:43:18.892,0.9683,0.9686,0.10,0.30
2008.03.03 19:43:19.200,0.9683,0.9686,0.10,0.30
2008.03.03 19:43:19.511,0.96825,0.9686,4.00,0.50
2008.03.03 19:43:19.819,0.96825,0.9686,0.10,0.50
2008.03.03 19:43:20.047,0.96825,0.9686,0.10,0.50
2008.03.03 19:43:20.276,0.96825,0.9686,0.10,0.50
2008.03.03 19:43:20.505,0.96825,0.9686,0.10,0.50
2008.03.03 19:43:20.735,0.96825,0.9686,0.10,1.30
2008.03.03 19:43:20.964,0.96825,0.9686,0.10,1.30
2008.03.03 19:43:21.291,0.96825,0.9686,0.10,0.50
2008.03.03 19:43:21.584,0.96825,0.9686,0.80,1.30
2008.03.03 19:43:21.911,0.96825,0.9686,0.10,0.40
2008.03.03 19:43:22.240,0.96825,0.9686,0.10,0.40
2008.03.03 19:43:22.569,0.9683,0.96865,0.10,5.10
2008.03.03 19:43:22.899,0.9683,0.96865,0.10,2.70
2008.03.03 19:43:23.227,0.9683,0.96865,0.10,2.70
2008.03.03 19:43:23.466,0.9683,0.96865,0.10,2.70
2008.03.03 19:43:23.703,0.9683,0.96865,0.10,2.70
2008.03.03 19:43:23.941,0.9683,0.96865,0.10,2.70
2008.03.03 19:43:24.245,0.9683,0.96865,0.10,2.70
2008.03.03 19:43:24.548,0.9683,0.96865,0.10,2.70
2008.03.03 19:43:24.851,0.9683,0.96865,0.10,2.70
2008.03.03 19:43:25.155,0.9683,0.96865,0.10,2.70
2008.03.03 19:43:25.419,0.9683,0.96865,0.10,2.70
2008.03.03 19:43:25.683,0.9683,0.96865,0.10,2.70
2008.03.03 19:43:25.946,0.9683,0.96865,0.10,2.70
2008.03.03 19:43:26.210,0.9683,0.96865,0.10,2.70
2008.03.03 19:43:26.474,0.9683,0.96865,0.10,4.30
2008.03.03 19:43:26.738,0.9683,0.9686,0.10,0.80
2008.03.03 19:43:27.002,0.9683,0.9686,0.10,0.80
2008.03.03 19:43:27.335,0.9683,0.9686,4.00,0.80
2008.03.03 19:43:27.679,0.9683,0.9686,4.20,0.80
2008.03.03 19:43:28.013,0.9683,0.9686,4.20,0.80
2008.03.03 19:43:28.237,0.9683,0.9686,4.20,0.80
2008.03.03 19:43:28.468,0.9683,0.96855,4.20,0.80
2008.03.03 19:43:28.690,0.9683,0.96855,4.20,1.60
2008.03.03 19:43:28.914,0.9683,0.96855,4.20,1.60
2008.03.03 19:43:29.138,0.9683,0.96855,4.00,1.60
2008.03.03 19:43:29.473,0.9683,0.96855,4.00,1.60
2008.03.03 19:43:29.807,0.9683,0.96855,4.00,1.60
2008.03.03 19:43:30.141,0.9683,0.96855,4.00,1.60
2008.03.03 19:43:30.365,0.9683,0.96855,4.00,1.60
2008.03.03 19:43:30.590,0.9683,0.96855,4.00,1.60
2008.03.03 19:43:30.815,0.9683,0.96855,4.00,1.60
2008.03.03 19:43:31.055,0.9683,0.96855,4.20,1.60
2008.03.03 19:43:31.383,0.9683,0.96855,4.20,1.60
2008.03.03 19:43:31.712,0.9683,0.96855,4.20,1.60
2008.03.03 19:43:32.040,0.9683,0.96855,4.20,1.60
2008.03.03 19:43:32.368,0.9683,0.96855,4.20,1.60
2008.03.03 19:43:32.702,0.9683,0.96855,4.20,1.60
2008.03.03 19:43:33.037,0.9683,0.96855,4.20,1.60
2008.03.03 19:43:33.370,0.9683,0.96855,4.20,1.60
2008.03.03 19:43:33.585,0.9683,0.96855,4.20,1.60
2008.03.03 19:43:33.817,0.9683,0.96855,4.00,1.60
2008.03.03 19:43:34.013,0.9683,0.96855,0.10,1.60
2008.03.03 19:43:34.226,0.9683,0.96855,0.10,1.60
2008.03.03 19:43:34.548,0.9683,0.96855,0.10,1.60
2008.03.03 19:43:34.872,0.9683,0.96855,0.10,1.60
2008.03.03 19:43:35.195,0.9683,0.96855,0.10,1.60
2008.03.03 19:43:35.424,0.9683,0.96855,0.10,1.60
2008.03.03 19:43:35.651,0.9683,0.96855,0.10,1.60
2008.03.03 19:43:35.879,0.9683,0.96855,0.10,1.60
2008.03.03 19:43:36.107,0.9683,0.96855,0.10,1.60
2008.03.03 19:43:36.336,0.9683,0.96855,0.10,1.60
2008.03.03 19:43:36.654,0.9683,0.96855,0.10,1.60
2008.03.03 19:43:36.973,0.9683,0.96855,0.10,1.60
2008.03.03 19:43:37.292,0.9683,0.96855,0.10,1.60
2008.03.03 19:43:37.626,0.9683,0.96855,0.10,1.60
2008.03.03 19:43:37.958,0.9683,0.96855,0.10,1.60
2008.03.03 19:43:38.293,0.9684,0.96865,4.00,0.80
2008.03.03 19:43:38.527,0.9684,0.96865,4.00,0.40
2008.03.03 19:43:38.762,0.9684,0.96865,4.00,0.40
2008.03.03 19:43:38.995,0.96835,0.9687,0.10,0.50
2008.03.03 19:43:39.230,0.96835,0.9687,0.10,0.40
2008.03.03 19:43:39.536,0.96835,0.9687,0.10,0.40
2008.03.03 19:43:39.822,0.96835,0.9687,0.10,0.40
2008.03.03 19:43:40.110,0.96835,0.9687,0.10,0.40
2008.03.03 19:43:40.399,0.96835,0.9687,0.10,0.40
2008.03.03 19:43:40.658,0.96835,0.9687,0.10,0.40
2008.03.03 19:43:40.915,0.96835,0.9687,0.10,0.40
2008.03.03 19:43:41.174,0.96835,0.9687,0.10,0.40
2008.03.03 19:43:41.432,0.96835,0.9687,0.10,0.40
2008.03.03 19:43:41.710,0.96835,0.9687,0.10,0.40
2008.03.03 19:43:41.988,0.96835,0.9687,0.10,0.40
2008.03.03 19:43:42.266,0.96835,0.9687,0.10,0.40
2008.03.03 19:43:42.607,0.96835,0.9687,0.10,0.40
2008.03.03 19:43:42.941,0.96835,0.9687,0.10,0.40
2008.03.03 19:43:43.274,0.96835,0.9687,0.10,0.40
2008.03.03 19:43:43.478,0.96835,0.9687,0.10,0.40
2008.03.03 19:43:43.681,0.96835,0.9687,0.10,0.40
2008.03.03 19:43:43.886,0.96835,0.9687,0.10,0.40
2008.03.03 19:43:44.088,0.96835,0.9687,0.10,0.40
2008.03.03 19:43:44.291,0.96835,0.9687,0.10,0.40
2008.03.03 19:43:44.604,0.96835,0.9687,0.10,0.40
2008.03.03 19:43:44.917,0.96835,0.9687,0.10,0.40
2008.03.03 19:43:45.230,0.96835,0.9687,0.10,0.40
2008.03.03 19:43:45.544,0.96835,0.9687,0.10,0.40
2008.03.03 19:43:45.778,0.96835,0.9687,0.10,0.40
2008.03.03 19:43:46.011,0.96835,0.9687,0.10,0.40
2008.03.03 19:43:46.244,0.96835,0.9687,0.10,0.40
2008.03.03 19:43:46.477,0.96835,0.9687,0.10,0.40
2008.03.03 19:43:46.765,0.96835,0.9687,0.10,0.40
2008.03.03 19:43:47.054,0.96835,0.9687,0.10,0.40
2008.03.03 19:43:47.343,0.96835,0.9687,4.00,0.40
2008.03.03 19:43:47.678,0.96835,0.9687,6.40,0.40
2008.03.03 19:43:48.012,0.96835,0.9687,2.40,1.30
2008.03.03 19:43:48.345,0.96835,0.9687,2.40,1.30
2008.03.03 19:43:48.680,0.96835,0.96865,2.40,0.40
2008.03.03 19:43:48.924,0.96835,0.96865,2.40,0.40
2008.03.03 19:43:49.167,0.96835,0.9686,2.40,0.30
2008.03.03 19:43:49.413,0.96835,0.9686,2.40,0.30
2008.03.03 19:43:49.701,0.96835,0.9686,2.40,0.30
2008.03.03 19:43:49.989,0.96835,0.9686,2.40,0.30
2008.03.03 19:43:50.279,0.96835,0.9686,2.40,0.50
2008.03.03 19:43:50.570,0.96835,0.9686,0.10,0.30
2008.03.03 19:43:50.849,0.96835,0.9687,0.10,5.30
2008.03.03 19:43:51.128,0.96835,0.9687,0.10,1.30
2008.03.03 19:43:51.408,0.96835,0.9687,0.10,1.30
2008.03.03 19:43:51.682,0.96835,0.9687,0.10,1.30
2008.03.03 19:43:51.956,0.96835,0.9687,0.10,1.30
2008.03.03 19:43:52.229,0.96835,0.9687,0.10,1.30
2008.03.03 19:43:52.503,0.96835,0.9687,0.10,1.30
2008.03.03 19:43:52.837,0.96835,0.9687,0.10,1.30
2008.03.03 19:43:53.172,0.9683,0.96865,4.00,2.70
2008.03.03 19:43:53.508,0.96835,0.96865,0.10,2.40
2008.03.03 19:43:53.722,0.96835,0.9687,0.10,5.30
2008.03.03 19:43:53.947,0.96835,0.9687,0.10,5.30
2008.03.03 19:43:54.180,0.96835,0.9687,0.10,5.30
2008.03.03 19:43:54.374,0.96825,0.9686,9.60,1.10
2008.03.03 19:43:54.590,0.96825,0.9686,7.20,0.40
2008.03.03 19:43:54.923,0.96825,0.9686,2.40,0.40
2008.03.03 19:43:55.258,0.96825,0.9686,2.40,0.40
2008.03.03 19:43:55.594,0.96825,0.9686,2.40,0.50
2008.03.03 19:43:55.821,0.96825,0.9686,2.40,0.50
2008.03.03 19:43:56.049,0.96825,0.9686,2.40,0.50
2008.03.03 19:43:56.277,0.9682,0.9685,4.00,0.40
2008.03.03 19:43:56.506,0.96815,0.9685,11.20,0.40
2008.03.03 19:43:56.737,0.96815,0.9685,6.40,0.40
2008.03.03 19:43:57.071,0.96815,0.96845,6.40,0.40
2008.03.03 19:43:57.406,0.9682,0.96855,0.10,0.40
2008.03.03 19:43:57.739,0.9682,0.9685,4.00,0.40
2008.03.03 19:43:58.090,0.9682,0.9685,4.00,0.40
2008.03.03 19:43:58.423,0.9682,0.9685,4.00,0.40
2008.03.03 19:43:58.746,0.9684,0.9687,0.10,4.80
2008.03.03 19:43:58.984,0.9684,0.9687,0.10,4.80
2008.03.03 19:43:59.194,0.9684,0.9687,0.10,0.80
2008.03.03 19:43:59.423,0.9684,0.9687,4.00,0.80
2008.03.03 19:43:59.647,0.96835,0.96865,2.40,0.40
2008.03.03 19:43:59.981,0.96835,0.9686,2.40,0.30
2008.03.03 19:44:00.322,0.9683,0.96865,4.00,2.70
2008.03.03 19:44:00.656,0.9683,0.96865,4.00,2.70
2008.03.03 19:44:00.913,0.9683,0.96865,4.00,2.70
2008.03.03 19:44:01.134,0.9683,0.96865,4.00,2.70
2008.03.03 19:44:01.372,0.9683,0.96865,4.00,2.70
2008.03.03 19:44:01.609,0.9683,0.96865,4.00,2.70
2008.03.03 19:44:01.849,0.9683,0.96865,0.10,2.70
2008.03.03 19:44:02.159,0.9683,0.96865,0.10,2.70
2008.03.03 19:44:02.467,0.9683,0.96865,0.10,5.10
2008.03.03 19:44:02.776,0.9683,0.96865,0.10,5.10
2008.03.03 19:44:03.128,0.9683,0.96865,0.10,5.10
2008.03.03 19:44:03.479,0.9683,0.96865,0.10,5.10
2008.03.03 19:44:03.813,0.9683,0.96865,0.10,5.10
2008.03.03 19:44:04.018,0.9683,0.96865,0.10,5.10
2008.03.03 19:44:04.242,0.9683,0.96865,0.10,5.10
2008.03.03 19:44:04.466,0.9683,0.96865,0.10,5.10
2008.03.03 19:44:04.691,0.96825,0.9686,2.40,0.40
2008.03.03 19:44:04.994,0.9683,0.96865,0.10,5.10
2008.03.03 19:44:05.297,0.9683,0.96865,0.10,5.10
2008.03.03 19:44:05.601,0.96835,0.96865,0.10,4.80
2008.03.03 19:44:05.906,0.96835,0.96865,0.10,2.40
2008.03.03 19:44:06.165,0.96835,0.96865,0.10,2.40
2008.03.03 19:44:06.433,0.96835,0.96865,0.10,2.40
2008.03.03 19:44:06.694,0.9684,0.9687,0.10,1.00
2008.03.03 19:44:06.983,0.9684,0.9687,0.10,1.00
2008.03.03 19:44:07.239,0.9684,0.9687,0.10,1.00
2008.03.03 19:44:07.513,0.9684,0.9687,0.10,1.00
2008.03.03 19:44:07.786,0.9684,0.9687,0.10,1.00
2008.03.03 19:44:08.119,0.9684,0.9687,4.00,1.00
2008.03.03 19:44:08.454,0.9684,0.9687,4.00,1.00
2008.03.03 19:44:08.787,0.9684,0.9687,4.20,1.00
2008.03.03 19:44:09.010,0.9684,0.9687,4.20,1.00
2008.03.03 19:44:09.235,0.9684,0.9687,4.20,1.00
2008.03.03 19:44:09.470,0.9684,0.9687,4.20,1.00
2008.03.03 19:44:09.712,0.9685,0.9687,0.30,0.80
2008.03.03 19:44:09.935,0.9685,0.9687,4.20,0.80
2008.03.03 19:44:10.250,0.9685,0.9687,4.00,1.00
2008.03.03 19:44:10.563,0.96845,0.9687,2.40,1.00
2008.03.03 19:44:10.877,0.9684,0.9687,4.20,1.00
2008.03.03 19:44:11.126,0.9685,0.9687,0.10,1.00
2008.03.03 19:44:11.375,0.9685,0.9688,4.00,0.80
2008.03.03 19:44:11.624,0.9685,0.9688,4.00,1.10
2008.03.03 19:44:11.881,0.96845,0.9688,8.80,1.10
2008.03.03 19:44:12.155,0.96845,0.9688,8.80,1.30
2008.03.03 19:44:12.428,0.96845,0.9688,8.80,1.30
2008.03.03 19:44:12.703,0.96845,0.9688,8.80,1.30
2008.03.03 19:44:12.976,0.96845,0.9688,8.80,1.30
2008.03.03 19:44:13.310,0.96845,0.9688,8.80,1.30
2008.03.03 19:44:13.643,0.96845,0.9688,8.80,1.30
2008.03.03 19:44:13.976,0.96845,0.9688,8.80,1.30
2008.03.03 19:44:14.183,0.96845,0.9688,8.80,1.30
2008.03.03 19:44:14.392,0.96845,0.9688,8.80,1.30
2008.03.03 19:44:14.600,0.96845,0.9688,8.80,1.30
2008.03.03 19:44:14.808,0.96845,0.9688,8.80,1.30
2008.03.03 19:44:15.034,0.96845,0.9688,8.80,1.30
2008.03.03 19:44:15.335,0.96845,0.9688,8.80,1.30
2008.03.03 19:44:15.654,0.96845,0.9688,8.80,1.30
2008.03.03 19:44:15.973,0.96845,0.96875,4.00,4.30
2008.03.03 19:44:16.211,0.9684,0.96875,4.00,4.30
2008.03.03 19:44:16.449,0.96855,0.96875,0.10,0.80
2008.03.03 19:44:16.688,0.96855,0.9688,0.10,0.80
2008.03.03 19:44:16.927,0.96855,0.96885,4.00,2.40
2008.03.03 19:44:17.261,0.96855,0.96885,6.40,2.40
2008.03.03 19:44:17.595,0.96855,0.96885,4.00,2.40
2008.03.03 19:44:17.928,0.96855,0.96885,4.00,2.40
2008.03.03 19:44:18.167,0.96855,0.96885,6.40,2.40
2008.03.03 19:44:18.405,0.96855,0.96885,6.40,2.40
2008.03.03 19:44:18.644,0.96855,0.96885,6.40,2.40
2008.03.03 19:44:18.883,0.96855,0.96885,6.40,2.40
2008.03.03 19:44:19.196,0.96855,0.96885,6.40,2.40
2008.03.03 19:44:19.519,0.96855,0.96885,6.40,2.40
2008.03.03 19:44:19.832,0.96855,0.96885,6.40,2.40
2008.03.03 19:44:20.145,0.96855,0.96885,6.40,2.40
2008.03.03 19:44:20.364,0.96855,0.96885,6.40,2.40
2008.03.03 19:44:20.582,0.96855,0.96885,6.40,2.40
2008.03.03 19:44:20.818,0.96855,0.96885,6.40,2.40
2008.03.03 19:44:21.020,0.96855,0.96885,6.40,2.40
2008.03.03 19:44:21.328,0.96855,0.96885,4.00,2.40
2008.03.03 19:44:21.636,0.96855,0.96885,4.00,2.40
2008.03.03 19:44:21.945,0.96855,0.96885,4.00,2.40
2008.03.03 19:44:22.254,0.96855,0.96885,6.40,2.40
2008.03.03 19:44:22.587,0.96855,0.96885,6.40,2.40
2008.03.03 19:44:22.921,0.96855,0.96885,6.40,2.40
2008.03.03 19:44:23.254,0.96855,0.96885,6.40,2.40
2008.03.03 19:44:23.477,0.96855,0.96885,6.40,2.40
2008.03.03 19:44:23.702,0.96855,0.96885,6.40,2.40
2008.03.03 19:44:23.926,0.96855,0.96885,6.40,2.40
2008.03.03 19:44:24.150,0.96855,0.96885,6.40,2.40
2008.03.03 19:44:24.458,0.96855,0.96885,6.40,2.40
2008.03.03 19:44:24.769,0.96855,0.96885,6.40,2.40
2008.03.03 19:44:25.078,0.96855,0.96885,6.40,3.20
2008.03.03 19:44:25.301,0.96855,0.96885,6.40,4.00
2008.03.03 19:44:25.526,0.96855,0.96885,6.40,4.00
2008.03.03 19:44:25.748,0.96855,0.96885,6.40,4.00
2008.03.03 19:44:25.971,0.96855,0.96885,6.40,4.00
2008.03.03 19:44:26.208,0.96855,0.96885,6.40,4.00
2008.03.03 19:44:26.537,0.96855,0.96885,6.40,4.00
2008.03.03 19:44:26.884,0.96855,0.96885,6.40,2.40
2008.03.03 19:44:27.213,0.96855,0.96885,6.40,2.40
2008.03.03 19:44:27.530,0.96855,0.96885,6.40,2.40
2008.03.03 19:44:27.864,0.96855,0.96885,6.40,2.40
2008.03.03 19:44:28.195,0.96855,0.96885,6.40,2.40
2008.03.03 19:44:28.429,0.96855,0.96885,6.40,2.40
2008.03.03 19:44:28.659,0.96855,0.96885,6.40,4.00
2008.03.03 19:44:28.887,0.96855,0.96885,6.40,4.00
2008.03.03 19:44:29.115,0.96855,0.96885,6.40,4.00
2008.03.03 19:44:29.409,0.96855,0.96885,6.40,4.00
2008.03.03 19:44:29.703,0.96855,0.96885,6.40,4.00
2008.03.03 19:44:29.996,0.96855,0.96885,6.40,4.00
2008.03.03 19:44:30.289,0.96855,0.96885,6.40,4.00
2008.03.03 19:44:30.558,0.96855,0.96885,6.40,4.00
2008.03.03 19:44:30.828,0.9686,0.96885,0.10,0.80
2008.03.03 19:44:31.099,0.96865,0.9689,0.10,0.80
2008.03.03 19:44:31.368,0.96865,0.96895,0.10,4.00
2008.03.03 19:44:31.645,0.96865,0.96895,0.10,4.00
2008.03.03 19:44:31.911,0.96865,0.96895,0.10,4.00
2008.03.03 19:44:32.175,0.96865,0.96895,0.10,4.00
2008.03.03 19:44:32.508,0.96865,0.96895,0.10,4.00
2008.03.03 19:44:32.860,0.96865,0.96895,0.10,4.00
2008.03.03 19:44:33.176,0.96865,0.96895,0.10,4.00
2008.03.03 19:44:33.389,0.96865,0.96895,0.10,4.00
2008.03.03 19:44:33.602,0.96865,0.96895,0.10,2.40
2008.03.03 19:44:33.816,0.96865,0.96895,0.10,2.40
2008.03.03 19:44:34.029,0.96865,0.96895,0.10,2.40
2008.03.03 19:44:34.242,0.96865,0.96895,0.10,3.20
2008.03.03 19:44:34.575,0.96865,0.96895,0.10,4.00
2008.03.03 19:44:34.908,0.96865,0.96895,0.10,4.00
2008.03.03 19:44:35.241,0.96865,0.96895,0.10,4.00
2008.03.03 19:44:35.575,0.96865,0.9689,0.10,0.80
2008.03.03 19:44:35.785,0.96855,0.96885,2.00,5.10
2008.03.03 19:44:35.994,0.96855,0.96885,1.60,5.10
2008.03.03 19:44:36.202,0.96855,0.96885,1.60,5.10
2008.03.03 19:44:36.411,0.96855,0.96885,1.60,5.10
2008.03.03 19:44:36.744,0.96855,0.96885,1.60,5.10
2008.03.03 19:44:37.079,0.96855,0.96885,1.60,5.10
2008.03.03 19:44:37.412,0.96855,0.96885,1.60,5.10
2008.03.03 19:44:37.740,0.96855,0.96885,1.60,5.10
2008.03.03 19:44:38.069,0.96855,0.96885,1.60,5.10
2008.03.03 19:44:38.398,0.96855,0.96885,1.60,5.10
2008.03.03 19:44:38.591,0.96855,0.96885,1.60,5.10
2008.03.03 19:44:38.804,0.96855,0.96885,0.80,5.10
2008.03.03 19:44:38.999,0.9685,0.96885,0.10,5.10
2008.03.03 19:44:39.192,0.9685,0.96885,0.10,5.10
2008.03.03 19:44:39.386,0.9685,0.96885,0.10,5.10
2008.03.03 19:44:39.720,0.9685,0.96885,0.10,5.90
2008.03.03 19:44:40.072,0.96845,0.9688,4.00,1.10
2008.03.03 19:44:40.404,0.96845,0.9688,4.00,1.10
2008.03.03 19:44:40.623,0.96845,0.9688,4.00,1.10
2008.03.03 19:44:40.841,0.96845,0.9688,4.00,1.10
2008.03.03 19:44:41.059,0.96845,0.9688,4.00,1.10
2008.03.03 19:44:41.278,0.96845,0.9688,4.00,1.10
2008.03.03 19:44:41.496,0.96845,0.9688,4.00,1.10
2008.03.03 19:44:41.824,0.96845,0.9688,4.00,1.10
2008.03.03 19:44:42.154,0.9685,0.9688,0.10,0.80
2008.03.03 19:44:42.483,0.9685,0.9688,0.10,0.80
2008.03.03 19:44:42.817,0.9685,0.9688,0.10,0.80
2008.03.03 19:44:43.150,0.9685,0.96875,0.10,0.80
2008.03.03 19:44:43.484,0.96845,0.96875,10.40,0.80
2008.03.03 19:44:43.713,0.96845,0.9688,9.60,1.10
2008.03.03 19:44:43.952,0.96845,0.9688,9.20,1.10
2008.03.03 19:44:44.198,0.96845,0.96875,2.40,3.20
2008.03.03 19:44:44.413,0.9684,0.9687,4.40,0.80
2008.03.03 19:44:44.721,0.9684,0.9687,4.40,1.10
2008.03.03 19:44:45.030,0.9684,0.9687,4.00,1.10
2008.03.03 19:44:45.339,0.96835,0.9687,8.80,1.30
2008.03.03 19:44:45.647,0.96835,0.9687,8.80,1.30
2008.03.03 19:44:45.906,0.96835,0.9687,8.80,1.30
2008.03.03 19:44:46.165,0.96835,0.9687,8.80,1.30
2008.03.03 19:44:46.424,0.96835,0.9687,8.80,1.30
2008.03.03 19:44:46.682,0.96835,0.9687,8.80,1.30
2008.03.03 19:44:46.930,0.96835,0.9687,8.80,1.30
2008.03.03 19:44:47.177,0.96835,0.9687,8.80,1.30
2008.03.03 19:44:47.426,0.96835,0.9687,8.80,1.30
2008.03.03 19:44:47.674,0.96835,0.9687,8.80,1.30
2008.03.03 19:44:48.007,0.96835,0.9687,8.80,1.30
2008.03.03 19:44:48.339,0.96835,0.9687,8.80,1.30
2008.03.03 19:44:48.672,0.96835,0.9687,8.80,1.30
2008.03.03 19:44:48.882,0.96835,0.9687,8.80,1.30
2008.03.03 19:44:49.090,0.96835,0.9687,8.80,1.30
2008.03.03 19:44:49.312,0.96835,0.9687,8.80,1.30
2008.03.03 19:44:49.521,0.96835,0.9687,8.80,1.30
2008.03.03 19:44:49.839,0.96835,0.9687,8.80,1.30
2008.03.03 19:44:50.158,0.96835,0.9687,8.80,1.30
2008.03.03 19:44:50.475,0.96835,0.9687,8.80,1.30
2008.03.03 19:44:50.693,0.96835,0.9687,8.80,1.30
2008.03.03 19:44:50.911,0.96835,0.9687,8.80,1.30
2008.03.03 19:44:51.130,0.96835,0.9687,8.80,1.30
2008.03.03 19:44:51.350,0.96835,0.9687,6.40,1.30
2008.03.03 19:44:51.588,0.96835,0.9687,4.00,1.30
2008.03.03 19:44:51.880,0.96835,0.9687,8.00,1.10
2008.03.03 19:44:52.189,0.9684,0.9687,0.10,0.80
2008.03.03 19:44:52.499,0.96845,0.96875,0.10,2.40
2008.03.03 19:44:52.808,0.96845,0.96875,4.00,2.70
2008.03.03 19:44:53.144,0.96845,0.96875,0.10,2.40
2008.03.03 19:44:53.478,0.96845,0.9688,2.40,1.30
2008.03.03 19:44:53.811,0.96845,0.9688,2.40,1.30
2008.03.03 19:44:54.055,0.96845,0.9688,2.40,1.30
2008.03.03 19:44:54.299,0.96845,0.9688,2.40,1.30
2008.03.03 19:44:54.543,0.96845,0.9688,2.40,1.30
2008.03.03 19:44:54.787,0.96845,0.9688,2.40,1.30
2008.03.03 19:44:55.084,0.96845,0.9688,2.40,1.30
2008.03.03 19:44:55.384,0.96845,0.9688,2.40,1.30
2008.03.03 19:44:55.682,0.96845,0.9688,2.40,1.30
2008.03.03 19:44:55.916,0.96845,0.9688,2.40,1.30
2008.03.03 19:44:56.149,0.96845,0.9688,2.40,1.30
2008.03.03 19:44:56.382,0.96845,0.9688,2.40,0.50
2008.03.03 19:44:56.615,0.96845,0.9688,2.40,0.50
2008.03.03 19:44:56.858,0.9685,0.96885,0.10,6.70
2008.03.03 19:44:57.177,0.9685,0.96885,0.10,6.70
2008.03.03 19:44:57.508,0.9685,0.96885,0.10,6.70
2008.03.03 19:44:57.826,0.9685,0.96885,0.10,6.70
2008.03.03 19:44:58.159,0.9685,0.96885,0.10,6.70
2008.03.03 19:44:58.492,0.9685,0.96885,0.10,6.70
2008.03.03 19:44:58.842,0.9685,0.96885,0.10,6.70
2008.03.03 19:44:59.046,0.9685,0.96885,0.10,6.70
2008.03.03 19:44:59.260,0.9685,0.96885,0.10,6.70
2008.03.03 19:44:59.473,0.9685,0.96885,0.10,6.70
2008.03.03 19:44:59.687,0.9685,0.96885,0.10,6.70
2008.03.03 19:44:59.900,0.9685,0.96885,0.10,6.70
2008.03.03 19:45:00.204,0.96845,0.9688,6.40,0.40
2008.03.03 19:45:00.507,0.96845,0.9688,6.40,0.40
2008.03.03 19:45:00.826,0.96845,0.9688,2.40,0.40
2008.03.03 19:45:01.090,0.96845,0.9688,2.40,0.40
2008.03.03 19:45:01.353,0.96845,0.9688,4.00,0.40
2008.03.03 19:45:01.617,0.96845,0.9688,4.00,0.40
2008.03.03 19:45:01.881,0.96845,0.9688,4.00,0.40
2008.03.03 19:45:02.130,0.96845,0.9688,2.40,0.40
2008.03.03 19:45:02.378,0.96845,0.9688,2.40,0.40
2008.03.03 19:45:02.627,0.96845,0.9688,2.40,0.40
2008.03.03 19:45:02.875,0.96845,0.9688,2.40,0.40
2008.03.03 19:45:03.209,0.96845,0.9688,2.40,0.40
2008.03.03 19:45:03.543,0.96845,0.9688,2.40,0.40
2008.03.03 19:45:03.876,0.96845,0.9688,2.40,0.40
2008.03.03 19:45:04.099,0.96845,0.9688,2.40,0.40
2008.03.03 19:45:04.321,0.96845,0.9688,2.40,0.40
2008.03.03 19:45:04.545,0.96845,0.9688,2.40,0.40
2008.03.03 19:45:04.768,0.96845,0.9688,2.40,0.40
2008.03.03 19:45:05.008,0.96845,0.9688,2.40,0.40
2008.03.03 19:45:05.296,0.96845,0.9688,2.40,0.40
2008.03.03 19:45:05.599,0.96845,0.9688,2.40,0.40
2008.03.03 19:45:05.902,0.96845,0.9688,2.40,0.40
2008.03.03 19:45:06.136,0.96845,0.9688,2.40,0.40
2008.03.03 19:45:06.369,0.96845,0.9688,2.40,0.40
2008.03.03 19:45:06.603,0.96845,0.9688,2.40,0.40
2008.03.03 19:45:06.836,0.96845,0.9688,2.40,0.40
2008.03.03 19:45:07.130,0.96845,0.9688,2.40,0.40
2008.03.03 19:45:07.424,0.96845,0.9688,2.40,0.40
2008.03.03 19:45:07.718,0.96845,0.9688,2.40,0.40
2008.03.03 19:45:08.012,0.96845,0.9688,2.40,0.40
2008.03.03 19:45:08.345,0.96845,0.9688,2.40,0.40
2008.03.03 19:45:08.678,0.96845,0.9688,2.40,0.40
2008.03.03 19:45:09.012,0.96845,0.9688,2.40,0.40
2008.03.03 19:45:09.216,0.96845,0.9688,2.40,0.40
2008.03.03 19:45:09.421,0.96845,0.9688,2.40,0.40
2008.03.03 19:45:09.625,0.96845,0.96875,2.40,1.10
2008.03.03 19:45:09.830,0.9684,0.9687,0.10,0.80
2008.03.03 19:45:10.033,0.9684,0.9687,0.10,1.10
2008.03.03 19:45:10.368,0.96835,0.96865,5.20,0.40
2008.03.03 19:45:10.702,0.9684,0.9687,0.10,1.10
2008.03.03 19:45:11.038,0.9684,0.9687,0.10,1.10
2008.03.03 19:45:11.280,0.96835,0.96865,5.60,0.40
2008.03.03 19:45:11.524,0.96835,0.96865,4.80,0.40
2008.03.03 19:45:11.767,0.96835,0.96865,4.80,0.40
2008.03.03 19:45:12.016,0.96835,0.96865,4.80,0.40
2008.03.03 19:45:12.366,0.96835,0.96865,4.80,0.40
2008.03.03 19:45:12.697,0.96835,0.96865,4.80,0.40
2008.03.03 19:45:13.031,0.96835,0.96865,4.80,0.40
2008.03.03 19:45:13.261,0.96835,0.96865,4.80,0.40
2008.03.03 19:45:13.489,0.96835,0.96865,4.80,0.40
2008.03.03 19:45:13.716,0.96835,0.96865,4.80,0.40
2008.03.03 19:45:13.946,0.96835,0.96865,4.80,0.40
2008.03.03 19:45:14.255,0.96835,0.9687,2.40,0.50
2008.03.03 19:45:14.565,0.96835,0.9687,2.40,0.40
2008.03.03 19:45:14.873,0.96835,0.9687,4.80,0.40
2008.03.03 19:45:15.182,0.96845,0.96875,0.10,2.70
2008.03.03 19:45:15.426,0.96845,0.96875,0.10,2.70
2008.03.03 19:45:15.669,0.96845,0.96875,0.10,2.70
2008.03.03 19:45:15.912,0.96845,0.96875,0.10,2.70
2008.03.03 19:45:16.156,0.96845,0.96875,2.40,0.40
2008.03.03 19:45:16.473,0.96845,0.96875,2.40,0.40
2008.03.03 19:45:16.754,0.96845,0.96875,2.40,0.40
2008.03.03 19:45:17.052,0.96845,0.96875,2.40,0.40
2008.03.03 19:45:17.385,0.96845,0.96875,2.40,0.40
2008.03.03 19:45:17.719,0.96845,0.96875,2.40,0.40
2008.03.03 19:45:18.060,0.96845,0.96875,5.20,0.40
2008.03.03 19:45:18.395,0.96855,0.96885,2.40,0.40
2008.03.03 19:45:18.634,0.96855,0.96885,2.40,0.40
2008.03.03 19:45:18.874,0.9686,0.9689,0.10,0.40
2008.03.03 19:45:19.126,0.9686,0.9689,4.00,0.40
2008.03.03 19:45:19.440,0.9686,0.9689,0.10,0.40
2008.03.03 19:45:19.756,0.96865,0.96895,2.80,2.70
2008.03.03 19:45:20.063,0.96865,0.96895,2.80,0.40
2008.03.03 19:45:20.367,0.96865,0.96895,2.80,0.40
2008.03.03 19:45:20.680,0.96865,0.96895,2.80,0.40
2008.03.03 19:45:20.993,0.96865,0.96895,2.80,0.40
2008.03.03 19:45:21.304,0.96865,0.96895,2.80,0.40
2008.03.03 19:45:21.563,0.96865,0.96895,2.80,0.40
2008.03.03 19:45:21.783,0.9687,0.969,0.10,0.40
2008.03.03 19:45:22.022,0.9687,0.969,0.10,0.40
2008.03.03 19:45:22.261,0.9687,0.969,0.10,0.40
2008.03.03 19:45:22.598,0.9687,0.969,0.10,0.40
2008.03.03 19:45:22.931,0.9687,0.969,0.10,0.40
2008.03.03 19:45:23.265,0.96875,0.969,2.40,0.40
2008.03.03 19:45:23.494,0.96875,0.969,2.40,0.40
2008.03.03 19:45:23.723,0.96875,0.969,2.40,0.40
2008.03.03 19:45:23.951,0.96875,0.969,2.40,0.40
2008.03.03 19:45:24.178,0.96875,0.969,2.40,0.40
2008.03.03 19:45:24.497,0.96875,0.969,2.40,0.40
2008.03.03 19:45:24.815,0.96875,0.969,2.40,0.40
2008.03.03 19:45:25.134,0.96875,0.969,2.40,0.40
2008.03.03 19:45:25.451,0.96875,0.969,2.40,0.40
2008.03.03 19:45:25.689,0.96875,0.969,2.40,0.40
2008.03.03 19:45:25.930,0.96875,0.969,2.40,0.40
2008.03.03 19:45:26.169,0.96875,0.969,2.40,0.40
2008.03.03 19:45:26.478,0.96875,0.969,2.40,0.40
2008.03.03 19:45:26.787,0.96875,0.96905,2.40,2.70
2008.03.03 19:45:27.095,0.96875,0.96905,2.40,2.70
2008.03.03 19:45:27.404,0.96875,0.96905,2.40,2.70
2008.03.03 19:45:27.738,0.96875,0.969,2.40,0.40
2008.03.03 19:45:28.072,0.96875,0.96905,2.40,2.70
2008.03.03 19:45:28.405,0.96875,0.96905,2.40,2.70
2008.03.03 19:45:28.638,0.96875,0.96905,2.40,2.70
2008.03.03 19:45:28.872,0.96875,0.96905,2.40,2.70
2008.03.03 19:45:29.105,0.96875,0.96905,2.40,2.70
2008.03.03 19:45:29.339,0.96875,0.96905,2.40,2.70
2008.03.03 19:45:29.635,0.96875,0.96905,2.40,2.70
2008.03.03 19:45:29.924,0.9687,0.96905,0.10,5.10
2008.03.03 19:45:30.213,0.9687,0.969,0.10,0.30
2008.03.03 19:45:30.502,0.9687,0.969,0.10,0.30
2008.03.03 19:45:30.776,0.96875,0.96905,0.10,4.80
2008.03.03 19:45:31.051,0.96875,0.96905,0.10,2.40
2008.03.03 19:45:31.324,0.96875,0.96905,0.10,2.40
2008.03.03 19:45:31.587,0.96875,0.96905,0.10,2.40
2008.03.03 19:45:31.866,0.96875,0.96905,0.10,2.40
2008.03.03 19:45:32.129,0.96875,0.96905,0.10,2.40
2008.03.03 19:45:32.392,0.96875,0.96905,0.10,2.40
2008.03.03 19:45:32.725,0.96875,0.96905,0.10,2.40
2008.03.03 19:45:33.058,0.96875,0.96905,0.10,2.40
2008.03.03 19:45:33.392,0.96875,0.96905,0.10,2.40
2008.03.03 19:45:33.615,0.96875,0.96905,0.10,2.40
2008.03.03 19:45:33.822,0.9687,0.96905,0.10,2.70
2008.03.03 19:45:34.031,0.9687,0.96905,0.10,5.10
2008.03.03 19:45:34.242,0.9687,0.96905,0.10,5.10
2008.03.03 19:45:34.450,0.9687,0.969,0.10,0.30
2008.03.03 19:45:34.784,0.9687,0.969,0.10,0.30
2008.03.03 19:45:35.117,0.9687,0.969,0.10,0.30
2008.03.03 19:45:35.451,0.9687,0.969,0.10,0.30
2008.03.03 19:45:35.669,0.9687,0.969,0.10,0.30
2008.03.03 19:45:35.887,0.9687,0.969,0.10,0.30
2008.03.03 19:45:36.122,0.9687,0.969,0.10,0.30
2008.03.03 19:45:36.341,0.9687,0.969,0.10,0.30
2008.03.03 19:45:36.558,0.9687,0.969,0.10,0.30
2008.03.03 19:45:36.856,0.9687,0.969,0.10,0.30
2008.03.03 19:45:37.154,0.9687,0.969,0.10,0.30
2008.03.03 19:45:37.453,0.9687,0.969,0.10,0.30
2008.03.03 19:45:37.786,0.9687,0.969,0.10,0.30
2008.03.03 19:45:38.119,0.9687,0.969,0.10,0.30
2008.03.03 19:45:38.452,0.9687,0.969,0.10,0.30
2008.03.03 19:45:38.672,0.9687,0.969,0.10,0.30
2008.03.03 19:45:38.891,0.9687,0.969,0.10,0.30
2008.03.03 19:45:39.110,0.9687,0.969,0.10,0.30
2008.03.03 19:45:39.327,0.9687,0.969,0.10,0.30
2008.03.03 19:45:39.547,0.9687,0.969,0.10,0.30
2008.03.03 19:45:39.831,0.9687,0.969,0.10,0.30
2008.03.03 19:45:40.114,0.9687,0.969,0.10,0.30
2008.03.03 19:45:40.397,0.9687,0.969,0.10,0.30
2008.03.03 19:45:40.680,0.9687,0.969,0.10,0.30
2008.03.03 19:45:40.934,0.9687,0.969,0.10,0.30
2008.03.03 19:45:41.187,0.9687,0.969,0.10,0.30
2008.03.03 19:45:41.440,0.9687,0.969,0.10,0.30
2008.03.03 19:45:41.694,0.9687,0.969,0.10,0.30
2008.03.03 19:45:41.960,0.9687,0.969,0.10,0.30
2008.03.03 19:45:42.222,0.9687,0.969,0.10,0.30
2008.03.03 19:45:42.486,0.9687,0.969,0.10,0.30
2008.03.03 19:45:42.750,0.9687,0.969,0.10,0.30
2008.03.03 19:45:43.084,0.96865,0.9689,2.40,0.40
2008.03.03 19:45:43.419,0.9686,0.9689,0.20,0.40
2008.03.03 19:45:43.752,0.96865,0.9689,2.40,0.50
2008.03.03 19:45:43.993,0.9686,0.9689,0.20,0.50
2008.03.03 19:45:44.216,0.9686,0.9689,0.20,0.50
2008.03.03 19:45:44.439,0.9686,0.9689,0.20,0.50
2008.03.03 19:45:44.664,0.9686,0.9689,0.20,0.50
2008.03.03 19:45:44.952,0.9686,0.9689,0.20,0.50
2008.03.03 19:45:45.257,0.9686,0.9689,0.20,0.50
2008.03.03 19:45:45.545,0.9686,0.9689,0.20,0.50
2008.03.03 19:45:45.835,0.9686,0.9688,0.20,0.40
2008.03.03 19:45:46.116,0.96855,0.9688,6.40,0.50
2008.03.03 19:45:46.396,0.96855,0.9688,2.40,0.40
2008.03.03 19:45:46.675,0.96855,0.9688,2.40,0.40
2008.03.03 19:45:46.944,0.96855,0.9688,2.40,0.40
2008.03.03 19:45:47.212,0.96855,0.9688,2.40,0.40
2008.03.03 19:45:47.481,0.96855,0.9688,2.40,0.40
2008.03.03 19:45:47.749,0.96855,0.9688,2.40,0.40
2008.03.03 19:45:48.083,0.96855,0.9688,2.40,0.40
2008.03.03 19:45:48.416,0.96855,0.9688,2.40,0.40
2008.03.03 19:45:48.766,0.96855,0.9688,2.40,0.40
2008.03.03 19:45:48.994,0.96855,0.9688,2.40,0.40
2008.03.03 19:45:49.222,0.96855,0.9688,2.40,0.40
2008.03.03 19:45:49.450,0.96855,0.9688,2.40,0.40
2008.03.03 19:45:49.679,0.96855,0.9688,2.40,0.40
2008.03.03 19:45:49.957,0.96855,0.9688,2.40,0.40
2008.03.03 19:45:50.235,0.96855,0.9688,2.40,0.40
2008.03.03 19:45:50.513,0.96855,0.9688,2.40,0.40
2008.03.03 19:45:50.791,0.96855,0.9688,2.40,0.40
2008.03.03 19:45:51.044,0.96855,0.9688,2.40,0.40
2008.03.03 19:45:51.298,0.96855,0.9688,2.40,0.40
2008.03.03 19:45:51.551,0.96855,0.9688,2.40,0.40
2008.03.03 19:45:51.806,0.96855,0.9688,2.40,0.40
2008.03.03 19:45:52.064,0.96855,0.9688,2.40,0.40
2008.03.03 19:45:52.323,0.96855,0.9688,2.40,0.40
2008.03.03 19:45:52.582,0.96855,0.9688,2.40,0.40
2008.03.03 19:45:52.841,0.96855,0.9688,2.40,0.40
2008.03.03 19:45:53.174,0.96855,0.9688,2.40,0.40
2008.03.03 19:45:53.512,0.96855,0.9688,2.40,0.40
2008.03.03 19:45:53.845,0.96855,0.9688,2.40,0.40
2008.03.03 19:45:54.069,0.96855,0.9688,2.40,0.40
2008.03.03 19:45:54.292,0.96855,0.9688,2.40,0.40
2008.03.03 19:45:54.515,0.96855,0.9688,2.40,0.40
2008.03.03 19:45:54.738,0.96855,0.9688,2.40,0.40
2008.03.03 19:45:55.041,0.96855,0.9688,2.40,0.40
2008.03.03 19:45:55.344,0.96855,0.9688,2.40,0.40
2008.03.03 19:45:55.649,0.96855,0.9688,2.40,0.40
2008.03.03 19:45:55.952,0.96855,0.9688,2.40,0.40
2008.03.03 19:45:56.196,0.96855,0.9688,2.40,0.40
2008.03.03 19:45:56.439,0.96855,0.9688,2.40,0.40
2008.03.03 19:45:56.684,0.96855,0.9688,2.40,0.40
2008.03.03 19:45:56.927,0.96855,0.9688,2.40,0.40
2008.03.03 19:45:57.186,0.96855,0.9688,2.40,0.40
2008.03.03 19:45:57.444,0.96855,0.9688,2.40,0.40
2008.03.03 19:45:57.702,0.96855,0.9688,2.40,0.40
2008.03.03 19:45:57.988,0.96855,0.9688,2.40,0.40
2008.03.03 19:45:58.293,0.96855,0.9688,2.40,0.40
2008.03.03 19:45:58.626,0.96855,0.9688,2.40,0.40
2008.03.03 19:45:58.960,0.96855,0.9688,2.40,0.40
2008.03.03 19:45:59.174,0.96855,0.9688,2.40,0.40
2008.03.03 19:45:59.388,0.96845,0.9688,9.60,0.40
2008.03.03 19:45:59.602,0.96845,0.9688,9.60,0.40
2008.03.03 19:45:59.834,0.96845,0.96875,9.60,0.40
2008.03.03 19:46:00.030,0.96845,0.96875,6.80,1.10
2008.03.03 19:46:00.355,0.9684,0.96865,4.00,1.90
2008.03.03 19:46:00.678,0.96835,0.9686,2.40,1.10
2008.03.03 19:46:01.021,0.96825,0.96855,2.40,1.10
2008.03.03 19:46:01.284,0.9682,0.96855,4.00,1.90
2008.03.03 19:46:01.509,0.9682,0.9685,0.10,0.80
2008.03.03 19:46:01.752,0.96815,0.96845,8.80,0.40
2008.03.03 19:46:01.996,0.96815,0.96845,4.80,0.40
2008.03.03 19:46:02.306,0.96815,0.96845,4.80,0.40
2008.03.03 19:46:02.614,0.96815,0.96845,4.80,0.40
2008.03.03 19:46:02.922,0.96815,0.96845,4.80,0.40
2008.03.03 19:46:03.257,0.96815,0.96845,2.40,0.40
2008.03.03 19:46:03.590,0.96815,0.96845,2.40,0.40
2008.03.03 19:46:03.923,0.96815,0.96845,2.40,0.40
2008.03.03 19:46:04.258,0.96815,0.96845,2.40,0.40
2008.03.03 19:46:04.471,0.96815,0.96845,2.40,0.40
2008.03.03 19:46:04.685,0.96815,0.96845,6.40,0.40
2008.03.03 19:46:04.897,0.96815,0.96845,6.40,0.40
2008.03.03 19:46:05.111,0.96815,0.96845,6.40,0.40
2008.03.03 19:46:05.415,0.96815,0.96845,6.40,0.40
2008.03.03 19:46:05.719,0.96815,0.96845,6.40,0.40
2008.03.03 19:46:06.025,0.96815,0.96845,6.40,0.40
2008.03.03 19:46:06.273,0.96815,0.96845,6.40,0.40
2008.03.03 19:46:06.521,0.96815,0.96845,6.40,0.40
2008.03.03 19:46:06.770,0.96815,0.96845,6.40,0.40
2008.03.03 19:46:07.019,0.96815,0.96845,6.40,0.40
2008.03.03 19:46:07.319,0.9682,0.9685,0.10,0.40
2008.03.03 19:46:07.622,0.9682,0.9685,4.00,0.40
2008.03.03 19:46:07.926,0.96825,0.9685,2.40,0.40
2008.03.03 19:46:08.209,0.96825,0.96855,2.40,0.40
2008.03.03 19:46:08.563,0.96825,0.9686,6.40,0.40
2008.03.03 19:46:08.906,0.96825,0.9686,8.80,0.40
2008.03.03 19:46:09.247,0.96825,0.9686,8.80,0.40
2008.03.03 19:46:09.495,0.96825,0.96855,8.80,0.40
2008.03.03 19:46:09.747,0.96825,0.9686,6.40,0.40
2008.03.03 19:46:09.974,0.96825,0.9686,2.40,0.40
2008.03.03 19:46:10.203,0.96825,0.9686,2.40,0.40
2008.03.03 19:46:10.511,0.96825,0.9686,2.40,0.40
2008.03.03 19:46:10.820,0.96825,0.9686,2.40,0.40
2008.03.03 19:46:11.129,0.96825,0.9686,2.40,0.40
2008.03.03 19:46:11.368,0.96825,0.9686,2.40,0.40
2008.03.03 19:46:11.606,0.96825,0.9686,2.40,0.40
2008.03.03 19:46:11.843,0.96825,0.9686,2.40,0.40
2008.03.03 19:46:12.081,0.96825,0.9686,2.40,0.40
2008.03.03 19:46:12.415,0.96825,0.9686,2.40,0.40
2008.03.03 19:46:12.758,0.96825,0.9686,2.40,0.40
2008.03.03 19:46:13.092,0.96825,0.9686,8.80,0.40
2008.03.03 19:46:13.311,0.96825,0.9686,8.80,0.40
2008.03.03 19:46:13.529,0.96825,0.9686,8.80,0.40
2008.03.03 19:46:13.748,0.96825,0.9686,8.80,0.40
2008.03.03 19:46:13.967,0.96825,0.9686,8.80,0.40
2008.03.03 19:46:14.184,0.96825,0.9686,8.80,0.40
2008.03.03 19:46:14.499,0.96825,0.9686,8.80,0.40
2008.03.03 19:46:14.813,0.96825,0.9686,8.80,0.40
2008.03.03 19:46:15.126,0.96825,0.9686,8.80,0.40
2008.03.03 19:46:15.362,0.96825,0.9686,8.80,0.40
2008.03.03 19:46:15.595,0.96825,0.9686,8.80,0.40
2008.03.03 19:46:15.828,0.96825,0.9686,8.80,0.40
2008.03.03 19:46:16.072,0.96825,0.9686,8.80,0.40
2008.03.03 19:46:16.306,0.96825,0.9686,8.80,0.40
2008.03.03 19:46:16.599,0.96825,0.9686,8.80,0.40
2008.03.03 19:46:16.894,0.96825,0.9686,8.80,0.40
2008.03.03 19:46:17.188,0.96825,0.9686,8.80,0.40
2008.03.03 19:46:17.520,0.96825,0.9686,8.80,0.40
2008.03.03 19:46:17.853,0.96825,0.9686,8.80,0.40
2008.03.03 19:46:18.186,0.96825,0.9686,8.80,0.40
2008.03.03 19:46:18.405,0.96825,0.9686,8.80,0.40
2008.03.03 19:46:18.623,0.96825,0.9686,8.80,0.40
2008.03.03 19:46:18.842,0.96825,0.9686,8.80,0.40
2008.03.03 19:46:19.060,0.96825,0.9686,8.80,0.40
2008.03.03 19:46:19.278,0.96825,0.9686,8.80,0.40
2008.03.03 19:46:19.595,0.96825,0.9686,8.80,0.40
2008.03.03 19:46:19.922,0.96825,0.9686,8.80,0.40
2008.03.03 19:46:20.240,0.96825,0.9686,8.80,0.40
2008.03.03 19:46:20.476,0.96825,0.9686,8.80,0.40
2008.03.03 19:46:20.694,0.96825,0.9686,8.80,0.40
2008.03.03 19:46:20.913,0.96825,0.9686,8.80,0.40
2008.03.03 19:46:21.131,0.9683,0.9686,4.00,0.40
2008.03.03 19:46:21.348,0.9683,0.9686,4.00,0.40
2008.03.03 19:46:21.667,0.9683,0.9686,4.00,0.40
2008.03.03 19:46:21.985,0.9683,0.9686,4.00,0.40
2008.03.03 19:46:22.304,0.9683,0.9686,4.00,0.40
2008.03.03 19:46:22.632,0.9683,0.96855,4.00,0.40
2008.03.03 19:46:22.962,0.96825,0.96855,6.40,0.40
2008.03.03 19:46:23.290,0.96825,0.9686,6.40,0.40
2008.03.03 19:46:23.503,0.96825,0.9686,6.40,0.40
2008.03.03 19:46:23.730,0.96825,0.9686,6.40,0.40
2008.03.03 19:46:23.943,0.96825,0.9686,2.40,0.40
2008.03.03 19:46:24.157,0.96825,0.9686,2.40,0.40
2008.03.03 19:46:24.369,0.96825,0.9686,2.40,0.40
2008.03.03 19:46:24.687,0.96825,0.9686,2.40,0.40
2008.03.03 19:46:25.006,0.96825,0.9686,2.40,0.40
2008.03.03 19:46:25.324,0.96825,0.9686,2.40,1.10
2008.03.03 19:46:25.642,0.96825,0.9686,2.40,1.10
2008.03.03 19:46:25.876,0.96825,0.9686,2.40,1.10
2008.03.03 19:46:26.111,0.96825,0.96855,2.40,0.40
2008.03.03 19:46:26.344,0.96825,0.96855,2.40,0.40
2008.03.03 19:46:26.654,0.96825,0.96855,2.40,0.40
2008.03.03 19:46:26.962,0.96825,0.96855,2.40,0.40
2008.03.03 19:46:27.271,0.96825,0.96855,2.40,0.40
2008.03.03 19:46:27.579,0.96825,0.96855,2.40,0.40
2008.03.03 19:46:27.911,0.96825,0.96855,2.40,0.40
2008.03.03 19:46:28.244,0.96825,0.96855,2.40,0.40
2008.03.03 19:46:28.577,0.96825,0.96855,2.40,0.40
2008.03.03 19:46:28.781,0.96825,0.96855,2.40,0.40
2008.03.03 19:46:28.988,0.96825,0.96855,2.40,0.40
2008.03.03 19:46:29.186,0.96825,0.96855,2.40,0.40
2008.03.03 19:46:29.390,0.96825,0.96855,2.40,0.40
2008.03.03 19:46:29.594,0.96825,0.96855,2.40,0.40
2008.03.03 19:46:29.928,0.96825,0.96855,2.40,0.40
2008.03.03 19:46:30.261,0.96825,0.96855,2.40,0.40
2008.03.03 19:46:30.593,0.96825,0.96855,2.40,0.40
2008.03.03 19:46:30.806,0.96825,0.96855,2.40,0.40
2008.03.03 19:46:31.019,0.96825,0.96855,2.40,0.40
2008.03.03 19:46:31.239,0.96825,0.96855,2.40,0.40
2008.03.03 19:46:31.452,0.96825,0.96855,2.40,0.40
2008.03.03 19:46:31.756,0.96825,0.96855,2.40,0.40
2008.03.03 19:46:32.059,0.96825,0.96855,2.40,0.40
2008.03.03 19:46:32.362,0.96825,0.96855,2.40,0.40
2008.03.03 19:46:32.666,0.96825,0.96855,2.40,0.40
2008.03.03 19:46:33.000,0.96825,0.96855,2.40,0.40
2008.03.03 19:46:33.334,0.96825,0.96855,2.40,0.40
2008.03.03 19:46:33.668,0.96825,0.96855,2.40,0.40
2008.03.03 19:46:33.871,0.96825,0.96855,2.40,0.40
2008.03.03 19:46:34.084,0.96825,0.96855,2.40,0.40
2008.03.03 19:46:34.288,0.96825,0.96855,2.40,0.40
2008.03.03 19:46:34.491,0.96825,0.96855,2.40,0.40
2008.03.03 19:46:34.694,0.96825,0.96855,2.40,0.40
2008.03.03 19:46:35.013,0.96825,0.96855,2.40,0.40
2008.03.03 19:46:35.331,0.96825,0.96855,2.40,0.40
2008.03.03 19:46:35.667,0.96825,0.9685,2.40,0.40
2008.03.03 19:46:35.898,0.96825,0.9685,2.40,0.40
2008.03.03 19:46:36.147,0.96825,0.9685,2.40,0.40
2008.03.03 19:46:36.396,0.96825,0.9685,2.40,0.40
2008.03.03 19:46:36.644,0.96825,0.9685,2.40,0.40
2008.03.03 19:46:36.933,0.96825,0.9685,2.40,0.40
2008.03.03 19:46:37.221,0.96825,0.9685,2.40,0.40
2008.03.03 19:46:37.509,0.96825,0.9685,2.40,0.40
2008.03.03 19:46:37.797,0.96825,0.9685,2.40,0.40
2008.03.03 19:46:38.133,0.96825,0.9685,2.40,0.40
2008.03.03 19:46:38.466,0.96825,0.9685,2.40,0.40
2008.03.03 19:46:38.803,0.96825,0.9685,2.40,0.40
2008.03.03 19:46:39.015,0.96825,0.9685,2.40,0.40
2008.03.03 19:46:39.230,0.96825,0.9685,2.40,0.40
2008.03.03 19:46:40.645,0.96825,0.9685,2.40,0.40
2008.03.03 19:46:40.782,0.96825,0.9685,2.40,0.40
2008.03.03 19:46:40.910,0.96825,0.96845,2.40,0.40
2008.03.03 19:46:41.039,0.96825,0.96845,2.40,0.40
2008.03.03 19:46:41.166,0.96825,0.96845,2.40,0.40
2008.03.03 19:46:41.294,0.96825,0.96845,2.40,0.40
2008.03.03 19:46:41.422,0.96825,0.96845,2.40,0.40
2008.03.03 19:46:41.551,0.96825,0.96845,2.40,0.40
2008.03.03 19:46:41.680,0.96825,0.96845,2.40,0.40
2008.03.03 19:46:42.028,0.96825,0.96845,2.40,0.40
2008.03.03 19:46:42.361,0.96825,0.96845,2.40,0.40
2008.03.03 19:46:42.694,0.96825,0.96845,2.40,0.40
2008.03.03 19:46:43.022,0.96825,0.96845,2.40,0.40
2008.03.03 19:46:43.350,0.96825,0.96845,2.40,0.40
2008.03.03 19:46:43.679,0.96825,0.96845,2.40,0.40
2008.03.03 19:46:43.882,0.96825,0.96845,2.40,0.40
2008.03.03 19:46:44.085,0.96825,0.96845,2.40,0.40
2008.03.03 19:46:44.288,0.96825,0.96845,2.40,0.40
2008.03.03 19:46:44.491,0.96825,0.96845,2.40,0.40
2008.03.03 19:46:44.696,0.96825,0.96845,2.40,0.40
2008.03.03 19:46:44.899,0.96825,0.96845,2.40,0.40
2008.03.03 19:46:45.228,0.96825,0.96845,2.40,0.40
2008.03.03 19:46:45.557,0.96825,0.96845,2.40,0.40
2008.03.03 19:46:45.886,0.96825,0.96845,2.40,0.40
2008.03.03 19:46:46.104,0.96825,0.96845,2.40,0.40
2008.03.03 19:46:46.324,0.96825,0.96845,2.40,0.40
2008.03.03 19:46:46.543,0.96825,0.96845,2.40,0.40
2008.03.03 19:46:46.761,0.96825,0.96845,2.40,0.40
2008.03.03 19:46:46.979,0.96825,0.96845,2.40,0.40
2008.03.03 19:46:47.288,0.96825,0.96845,2.40,0.40
2008.03.03 19:46:47.598,0.96825,0.96845,2.40,0.40
2008.03.03 19:46:47.907,0.96825,0.96845,2.40,0.40
2008.03.03 19:46:48.240,0.96825,0.96845,2.40,0.40
2008.03.03 19:46:48.574,0.96825,0.96845,2.40,0.40
2008.03.03 19:46:48.907,0.96815,0.96845,4.80,0.40
2008.03.03 19:46:49.123,0.96815,0.96845,4.80,0.40
2008.03.03 19:46:49.335,0.96815,0.96845,4.80,0.40
2008.03.03 19:46:49.548,0.96815,0.96845,4.80,0.40
2008.03.03 19:46:49.761,0.96815,0.96845,4.80,0.40
2008.03.03 19:46:49.974,0.96815,0.96845,4.80,0.40
2008.03.03 19:46:50.263,0.96815,0.96845,4.80,0.40
2008.03.03 19:46:50.552,0.96815,0.96845,4.80,0.40
2008.03.03 19:46:50.840,0.96815,0.96845,4.80,0.40
2008.03.03 19:46:51.128,0.96815,0.96845,4.80,0.40
2008.03.03 19:46:51.398,0.96815,0.96845,4.80,0.40
2008.03.03 19:46:51.666,0.96815,0.96845,4.80,0.40
2008.03.03 19:46:51.934,0.96815,0.96845,4.80,0.40
2008.03.03 19:46:52.172,0.96815,0.96845,4.80,0.40
2008.03.03 19:46:52.410,0.96815,0.96845,4.80,0.40
2008.03.03 19:46:52.648,0.96815,0.96845,4.80,0.40
2008.03.03 19:46:52.886,0.96815,0.96845,4.80,0.40
2008.03.03 19:46:53.124,0.96815,0.96845,4.80,0.40
2008.03.03 19:46:53.465,0.96815,0.96845,4.80,0.40
2008.03.03 19:46:53.815,0.96815,0.96845,2.40,0.40
2008.03.03 19:46:54.148,0.96815,0.96845,2.40,0.40
2008.03.03 19:46:54.356,0.96815,0.96845,4.80,0.40
2008.03.03 19:46:54.565,0.96815,0.96845,4.80,0.40
2008.03.03 19:46:54.773,0.96815,0.96845,4.80,0.40
2008.03.03 19:46:54.981,0.96815,0.96845,4.80,0.40
2008.03.03 19:46:55.191,0.96815,0.96845,4.80,0.40
2008.03.03 19:46:55.524,0.96815,0.96845,4.80,0.40
2008.03.03 19:46:55.857,0.96815,0.96845,4.80,0.40
2008.03.03 19:46:56.191,0.96815,0.96845,4.80,0.40
2008.03.03 19:46:56.413,0.96815,0.96845,4.80,0.40
2008.03.03 19:46:56.626,0.96815,0.96845,4.80,0.40
2008.03.03 19:46:56.839,0.96815,0.96845,4.80,0.40
2008.03.03 19:46:57.052,0.96815,0.96845,4.80,0.40
2008.03.03 19:46:57.340,0.96815,0.96845,4.80,0.40
2008.03.03 19:46:57.629,0.96815,0.96845,4.80,0.40
2008.03.03 19:46:57.918,0.96815,0.96845,4.80,0.40
2008.03.03 19:46:58.207,0.96815,0.96845,4.80,0.40
2008.03.03 19:46:58.542,0.96815,0.96845,4.80,0.40
2008.03.03 19:46:58.875,0.96815,0.96845,4.80,0.40
2008.03.03 19:46:59.209,0.96815,0.9685,4.80,0.40
2008.03.03 19:46:59.422,0.96815,0.9685,8.80,0.40
2008.03.03 19:46:59.635,0.96815,0.9685,8.80,0.40
2008.03.03 19:46:59.848,0.96815,0.9685,8.80,0.40
2008.03.03 19:47:00.063,0.96815,0.9685,8.80,0.40
2008.03.03 19:47:00.276,0.96815,0.9685,8.80,0.40
2008.03.03 19:47:00.604,0.96815,0.9685,8.80,0.40
2008.03.03 19:47:00.932,0.96815,0.9685,8.80,0.40
2008.03.03 19:47:01.260,0.96815,0.9685,8.80,0.40
2008.03.03 19:47:01.491,0.96815,0.9685,8.80,0.40
2008.03.03 19:47:01.719,0.96815,0.9685,8.80,0.40
2008.03.03 19:47:01.947,0.96815,0.9685,8.80,0.40
2008.03.03 19:47:02.176,0.96815,0.9685,8.80,0.40
2008.03.03 19:47:02.510,0.96815,0.9685,8.80,0.40
2008.03.03 19:47:02.844,0.96815,0.9685,8.80,0.40
2008.03.03 19:47:03.182,0.96815,0.9685,8.80,0.40
2008.03.03 19:47:03.396,0.96815,0.9685,8.80,0.40
2008.03.03 19:47:03.610,0.96815,0.9685,8.80,0.40
2008.03.03 19:47:03.823,0.96815,0.9685,8.80,0.40
2008.03.03 19:47:04.035,0.96815,0.9685,8.80,0.40
2008.03.03 19:47:04.250,0.96815,0.9685,8.80,0.40
2008.03.03 19:47:04.584,0.96815,0.9685,8.80,0.40
2008.03.03 19:47:04.917,0.96815,0.9685,8.80,0.40
2008.03.03 19:47:05.251,0.96815,0.9685,8.80,0.40
2008.03.03 19:47:05.465,0.96815,0.9685,8.80,0.40
2008.03.03 19:47:05.678,0.96815,0.9685,8.80,0.40
2008.03.03 19:47:05.892,0.96815,0.9685,8.80,0.40
2008.03.03 19:47:06.106,0.96815,0.9685,8.80,0.40
2008.03.03 19:47:06.318,0.96815,0.9685,8.80,0.40
2008.03.03 19:47:06.640,0.96815,0.9685,8.80,0.40
2008.03.03 19:47:06.965,0.96815,0.9685,8.80,0.40
2008.03.03 19:47:07.289,0.96815,0.9685,8.80,0.40
2008.03.03 19:47:07.623,0.96815,0.9685,8.80,0.40
2008.03.03 19:47:07.974,0.96815,0.9685,8.80,0.40
2008.03.03 19:47:08.308,0.96815,0.9685,8.80,0.40
2008.03.03 19:47:08.531,0.96815,0.9685,8.80,0.40
2008.03.03 19:47:08.755,0.96815,0.9685,8.80,0.40
2008.03.03 19:47:08.978,0.96815,0.9685,8.80,0.40
2008.03.03 19:47:09.220,0.96815,0.9685,8.80,0.40
2008.03.03 19:47:09.442,0.96815,0.9685,8.80,0.40
2008.03.03 19:47:09.754,0.96815,0.9685,8.80,0.40
2008.03.03 19:47:10.067,0.96815,0.9685,8.80,0.40
2008.03.03 19:47:10.380,0.96815,0.9685,8.80,0.40
2008.03.03 19:47:10.604,0.96815,0.9685,8.80,0.40
2008.03.03 19:47:10.826,0.96815,0.9685,8.80,0.40
2008.03.03 19:47:11.050,0.96815,0.9685,8.80,0.40
2008.03.03 19:47:11.292,0.96815,0.9685,8.80,0.40
2008.03.03 19:47:11.498,0.96815,0.9685,8.80,0.40
2008.03.03 19:47:11.831,0.96815,0.9685,11.20,0.40
2008.03.03 19:47:12.165,0.9682,0.96855,0.10,2.70
2008.03.03 19:47:12.499,0.9682,0.96855,0.10,2.70
2008.03.03 19:47:12.833,0.96825,0.96855,2.40,0.40
2008.03.03 19:47:13.169,0.96825,0.96855,2.40,0.40
2008.03.03 19:47:13.502,0.96825,0.96855,2.40,0.40
2008.03.03 19:47:13.736,0.96825,0.96855,2.40,0.40
2008.03.03 19:47:13.970,0.96825,0.96855,2.40,0.40
2008.03.03 19:47:14.203,0.96825,0.96855,2.40,0.40
2008.03.03 19:47:14.453,0.9683,0.9686,0.10,0.40
2008.03.03 19:47:14.735,0.9683,0.9686,0.10,0.40
2008.03.03 19:47:15.018,0.9683,0.9686,0.10,0.40
2008.03.03 19:47:15.303,0.9683,0.9686,0.10,0.40
2008.03.03 19:47:15.586,0.9683,0.9686,0.10,0.40
2008.03.03 19:47:15.841,0.9683,0.9686,0.10,0.40
2008.03.03 19:47:16.103,0.9683,0.9686,0.10,0.40
2008.03.03 19:47:16.355,0.9683,0.9686,0.10,0.40
2008.03.03 19:47:16.609,0.9683,0.9686,0.10,0.40
2008.03.03 19:47:16.862,0.9683,0.9686,0.10,0.40
2008.03.03 19:47:17.116,0.9683,0.9686,0.10,0.40
2008.03.03 19:47:17.369,0.9683,0.9686,0.10,0.40
2008.03.03 19:47:17.623,0.96835,0.96865,2.40,0.40
2008.03.03 19:47:17.976,0.96835,0.96865,2.40,0.40
2008.03.03 19:47:18.326,0.96835,0.96865,2.40,0.40
2008.03.03 19:47:18.644,0.96835,0.96865,2.40,0.40
2008.03.03 19:47:18.872,0.96835,0.96865,2.40,0.40
2008.03.03 19:47:19.101,0.96835,0.96865,2.40,0.40
2008.03.03 19:47:19.330,0.96835,0.96865,2.40,0.40
2008.03.03 19:47:19.573,0.96835,0.96865,2.40,0.40
2008.03.03 19:47:19.876,0.96835,0.9686,2.40,0.80
2008.03.03 19:47:20.195,0.96835,0.96865,2.40,1.90
2008.03.03 19:47:20.515,0.96835,0.96865,2.40,1.60
2008.03.03 19:47:20.739,0.96835,0.96865,8.80,1.60
2008.03.03 19:47:20.964,0.96855,0.9687,2.40,0.80
2008.03.03 19:47:21.189,0.96855,0.9687,2.40,0.80
2008.03.03 19:47:21.413,0.96855,0.9688,2.40,0.80
2008.03.03 19:47:21.636,0.96855,0.96885,0.10,2.70
2008.03.03 19:47:21.960,0.96865,0.9689,0.10,0.30
2008.03.03 19:47:22.285,0.9686,0.96895,4.20,2.70
2008.03.03 19:47:22.610,0.9687,0.96895,0.10,3.20
2008.03.03 19:47:22.943,0.9687,0.96885,0.10,0.80
2008.03.03 19:47:23.278,0.96865,0.96885,0.10,1.60
2008.03.03 19:47:23.613,0.9686,0.9688,4.00,0.80
2008.03.03 19:47:23.853,0.9686,0.96875,4.00,0.40
2008.03.03 19:47:24.092,0.96845,0.96875,6.40,0.40
2008.03.03 19:47:24.331,0.96845,0.96875,2.40,0.40
2008.03.03 19:47:24.571,0.96845,0.96875,2.40,0.40
2008.03.03 19:47:24.893,0.96845,0.96875,2.40,0.40
2008.03.03 19:47:25.216,0.96845,0.96875,2.40,0.40
2008.03.03 19:47:25.540,0.96845,0.96875,2.40,0.40
2008.03.03 19:47:25.865,0.96845,0.96875,2.40,0.40
2008.03.03 19:47:26.100,0.96845,0.96875,2.40,0.80
2008.03.03 19:47:26.337,0.96865,0.96875,0.10,0.80
2008.03.03 19:47:26.571,0.96865,0.9688,0.10,0.80
2008.03.03 19:47:26.870,0.96865,0.9689,0.10,0.80
2008.03.03 19:47:27.169,0.9686,0.9689,4.20,1.10
2008.03.03 19:47:27.468,0.9686,0.9689,4.20,1.10
2008.03.03 19:47:27.766,0.9686,0.9689,0.30,1.10
2008.03.03 19:47:28.101,0.9686,0.9689,0.30,1.30
2008.03.03 19:47:28.434,0.9686,0.9689,0.30,1.30
2008.03.03 19:47:28.768,0.9686,0.9689,0.30,1.30
2008.03.03 19:47:28.991,0.9686,0.9689,0.30,1.30
2008.03.03 19:47:29.205,0.9686,0.9689,0.30,1.30
2008.03.03 19:47:29.424,0.9686,0.9689,0.30,1.30
2008.03.03 19:47:29.643,0.9686,0.9689,0.30,1.30
2008.03.03 19:47:29.952,0.9686,0.9689,0.30,1.30
2008.03.03 19:47:30.261,0.9686,0.9689,0.30,1.30
2008.03.03 19:47:30.570,0.9686,0.9689,0.30,1.30
2008.03.03 19:47:30.878,0.9686,0.9689,0.30,1.30
2008.03.03 19:47:31.110,0.9686,0.9689,0.30,1.30
2008.03.03 19:47:31.343,0.9686,0.9689,0.30,1.30
2008.03.03 19:47:31.577,0.9686,0.9689,0.30,1.30
2008.03.03 19:47:31.810,0.9686,0.9689,0.30,1.30
2008.03.03 19:47:32.114,0.9686,0.9689,0.30,1.30
2008.03.03 19:47:32.417,0.9686,0.9688,0.20,0.40
2008.03.03 19:47:32.722,0.96855,0.9688,2.40,0.40
2008.03.03 19:47:33.055,0.96855,0.9688,2.40,0.40
2008.03.03 19:47:33.405,0.96855,0.9688,2.40,0.40
2008.03.03 19:47:33.721,0.96855,0.9688,2.40,0.40
2008.03.03 19:47:34.054,0.96855,0.9688,2.40,0.40
2008.03.03 19:47:34.282,0.96855,0.9688,2.40,0.40
2008.03.03 19:47:34.511,0.96855,0.9688,2.40,0.40
2008.03.03 19:47:34.740,0.96855,0.9688,2.40,0.40
2008.03.03 19:47:35.044,0.96855,0.9688,2.40,0.40
2008.03.03 19:47:35.362,0.96855,0.9688,2.40,0.40
2008.03.03 19:47:35.666,0.9685,0.9688,0.10,0.40
2008.03.03 19:47:35.969,0.9685,0.9688,0.10,0.40
2008.03.03 19:47:36.200,0.9685,0.9688,0.10,0.40
2008.03.03 19:47:36.429,0.96845,0.96875,8.80,0.40
2008.03.03 19:47:36.663,0.9685,0.9688,0.10,0.40
2008.03.03 19:47:36.890,0.9685,0.9688,0.10,0.40
2008.03.03 19:47:37.194,0.9685,0.9688,0.10,0.40
2008.03.03 19:47:37.498,0.9685,0.9688,0.10,0.40
2008.03.03 19:47:37.802,0.9685,0.9688,0.10,0.40
2008.03.03 19:47:38.105,0.9685,0.9688,0.10,0.40
2008.03.03 19:47:38.439,0.9686,0.96885,0.10,4.80
2008.03.03 19:47:38.773,0.9686,0.9689,0.10,0.50
2008.03.03 19:47:39.108,0.9686,0.9689,0.30,0.50
2008.03.03 19:47:39.338,0.9686,0.9689,0.30,1.30
2008.03.03 19:47:39.582,0.96855,0.9688,8.80,0.40
2008.03.03 19:47:39.831,0.96855,0.9688,6.40,0.40
2008.03.03 19:47:40.144,0.96855,0.9688,2.40,0.40
2008.03.03 19:47:40.451,0.96855,0.9688,2.40,0.40
2008.03.03 19:47:40.766,0.96855,0.96885,2.40,0.40
2008.03.03 19:47:41.074,0.96855,0.96885,2.40,0.40
2008.03.03 19:47:41.320,0.96855,0.96885,2.40,0.40
2008.03.03 19:47:41.583,0.96855,0.96885,2.40,0.40
2008.03.03 19:47:41.845,0.96855,0.96885,2.40,0.40
2008.03.03 19:47:42.099,0.9686,0.9689,0.10,1.10
2008.03.03 19:47:42.352,0.9686,0.9689,0.10,1.10
2008.03.03 19:47:42.606,0.96855,0.96885,6.40,1.10
2008.03.03 19:47:42.878,0.96855,0.9688,2.40,0.80
2008.03.03 19:47:43.230,0.96845,0.9688,8.80,1.10
2008.03.03 19:47:43.546,0.96845,0.9688,4.80,1.10
2008.03.03 19:47:43.880,0.96845,0.9688,4.80,1.10
2008.03.03 19:47:44.104,0.96845,0.96875,4.80,0.40
2008.03.03 19:47:44.328,0.96845,0.96875,2.40,0.40
2008.03.03 19:47:44.553,0.96845,0.96875,2.40,0.40
2008.03.03 19:47:44.777,0.96845,0.96875,2.40,0.40
2008.03.03 19:47:45.020,0.96845,0.96875,2.40,0.40
2008.03.03 19:47:45.335,0.96845,0.96875,2.40,0.40
2008.03.03 19:47:45.668,0.96845,0.96875,2.40,0.40
2008.03.03 19:47:46.002,0.96845,0.96875,2.40,0.40
2008.03.03 19:47:46.207,0.96845,0.96875,2.40,0.40
2008.03.03 19:47:46.410,0.96845,0.96875,2.40,0.40
2008.03.03 19:47:46.612,0.96845,0.96875,2.40,0.40
2008.03.03 19:47:46.815,0.96845,0.96875,2.40,0.40
2008.03.03 19:47:47.019,0.96845,0.96875,2.40,0.40
2008.03.03 19:47:47.353,0.96845,0.96875,2.40,0.40
2008.03.03 19:47:47.703,0.96845,0.96875,2.40,0.40
2008.03.03 19:47:48.020,0.96845,0.96875,2.40,0.40
2008.03.03 19:47:48.343,0.96845,0.96875,2.40,0.40
2008.03.03 19:47:48.667,0.96845,0.96875,2.40,0.40
2008.03.03 19:47:48.990,0.96845,0.96875,2.40,0.40
2008.03.03 19:47:49.198,0.96845,0.96875,2.40,0.40
2008.03.03 19:47:49.407,0.96845,0.96875,2.40,0.40
2008.03.03 19:47:49.616,0.96845,0.96875,2.40,0.40
2008.03.03 19:47:49.824,0.96845,0.96875,2.40,0.40
2008.03.03 19:47:50.033,0.96845,0.96875,2.40,0.40
2008.03.03 19:47:50.356,0.96845,0.96875,2.40,0.40
2008.03.03 19:47:50.679,0.96845,0.96875,2.40,0.40
2008.03.03 19:47:51.002,0.96845,0.96875,2.40,0.40
2008.03.03 19:47:51.325,0.96845,0.96875,2.40,0.40
2008.03.03 19:47:51.524,0.96845,0.96875,2.40,0.40
2008.03.03 19:47:51.723,0.96845,0.96865,2.40,0.40
2008.03.03 19:47:51.922,0.9684,0.96865,4.00,0.40
2008.03.03 19:47:52.130,0.96835,0.96865,4.80,0.40
2008.03.03 19:47:52.463,0.96835,0.96865,4.80,0.40
2008.03.03 19:47:52.797,0.96835,0.96865,4.80,0.40
2008.03.03 19:47:53.131,0.96835,0.96865,4.80,0.40
2008.03.03 19:47:53.483,0.96835,0.9686,4.80,0.40
2008.03.03 19:47:53.832,0.96835,0.9686,4.80,0.40
2008.03.03 19:47:54.148,0.96835,0.9686,4.80,0.50
2008.03.03 19:47:54.372,0.96835,0.9686,4.80,0.50
2008.03.03 19:47:54.595,0.96835,0.9686,4.80,0.50
2008.03.03 19:47:54.819,0.96835,0.9686,4.80,0.50
2008.03.03 19:47:55.043,0.96835,0.9686,4.80,0.50
2008.03.03 19:47:55.267,0.96835,0.9686,4.80,0.50
2008.03.03 19:47:55.584,0.96835,0.9686,4.80,0.50
2008.03.03 19:47:55.904,0.96835,0.9686,4.80,0.50
2008.03.03 19:47:56.223,0.96835,0.9686,4.80,0.50
2008.03.03 19:47:56.442,0.96835,0.96855,4.80,0.40
2008.03.03 19:47:56.679,0.96825,0.96855,6.40,0.40
2008.03.03 19:47:56.900,0.96825,0.96855,2.40,0.40
2008.03.03 19:47:57.120,0.96825,0.96855,2.40,0.40
2008.03.03 19:47:57.453,0.96825,0.96855,2.40,0.40
2008.03.03 19:47:57.786,0.96825,0.96855,2.40,0.40
2008.03.03 19:47:58.121,0.96825,0.96855,2.40,0.40
2008.03.03 19:47:58.452,0.96825,0.96855,2.40,0.40
2008.03.03 19:47:58.781,0.96825,0.96855,2.40,0.40
2008.03.03 19:47:59.111,0.96825,0.96855,2.40,0.40
2008.03.03 19:47:59.325,0.96825,0.96855,2.40,0.40
2008.03.03 19:47:59.539,0.96825,0.9686,4.80,0.40
2008.03.03 19:47:59.753,0.96825,0.9686,8.80,0.40
2008.03.03 19:47:59.967,0.96825,0.9686,8.80,0.40
2008.03.03 19:48:00.199,0.9683,0.9686,0.10,0.40
2008.03.03 19:48:00.509,0.9683,0.9686,0.10,0.40
2008.03.03 19:48:00.838,0.9683,0.9686,0.10,0.40
2008.03.03 19:48:01.166,0.96835,0.96865,0.10,2.70
2008.03.03 19:48:01.384,0.96825,0.9686,8.80,0.40
2008.03.03 19:48:01.603,0.96825,0.9686,6.40,0.40
2008.03.03 19:48:01.821,0.96825,0.9686,2.40,0.40
2008.03.03 19:48:02.040,0.96825,0.9686,2.40,0.50
2008.03.03 19:48:02.277,0.96825,0.9686,2.40,0.50
2008.03.03 19:48:02.605,0.96825,0.9686,2.40,0.50
2008.03.03 19:48:02.933,0.96825,0.9686,2.40,0.50
2008.03.03 19:48:03.261,0.96825,0.9686,2.40,0.50
2008.03.03 19:48:03.594,0.96825,0.9686,2.40,0.50
2008.03.03 19:48:03.926,0.96825,0.9686,2.40,0.50
2008.03.03 19:48:04.260,0.96825,0.9686,2.40,0.50
2008.03.03 19:48:04.474,0.96825,0.9686,2.40,0.50
2008.03.03 19:48:04.676,0.96825,0.9686,2.40,1.30
2008.03.03 19:48:04.874,0.96825,0.9686,2.40,1.30
2008.03.03 19:48:05.074,0.96825,0.9686,2.40,1.30
2008.03.03 19:48:05.274,0.9682,0.9685,4.00,0.50
2008.03.03 19:48:05.608,0.96815,0.9685,4.80,0.50
2008.03.03 19:48:05.952,0.96815,0.9685,4.80,1.30
2008.03.03 19:48:06.304,0.96815,0.9685,4.80,1.30
2008.03.03 19:48:06.530,0.96815,0.9685,4.80,1.30
2008.03.03 19:48:06.758,0.96815,0.9685,4.80,1.30
2008.03.03 19:48:06.987,0.96815,0.9685,4.80,1.30
2008.03.03 19:48:07.215,0.96815,0.9685,4.80,1.30
2008.03.03 19:48:07.543,0.96815,0.9685,4.80,1.30
2008.03.03 19:48:07.852,0.96815,0.9685,4.80,1.30
2008.03.03 19:48:08.160,0.96815,0.9685,4.80,1.30
2008.03.03 19:48:08.469,0.96815,0.96845,4.80,0.40
2008.03.03 19:48:08.804,0.96815,0.96845,4.80,0.40
2008.03.03 19:48:09.140,0.96805,0.9684,6.40,1.10
2008.03.03 19:48:09.473,0.96805,0.96835,4.80,0.40
2008.03.03 19:48:09.695,0.96805,0.96835,2.40,0.40
2008.03.03 19:48:09.931,0.96805,0.96835,2.40,0.40
2008.03.03 19:48:10.148,0.96805,0.96835,2.40,0.40
2008.03.03 19:48:10.368,0.96805,0.96835,2.40,0.40
2008.03.03 19:48:10.672,0.96805,0.96835,2.40,0.40
2008.03.03 19:48:10.976,0.96805,0.96835,2.40,0.40
2008.03.03 19:48:11.285,0.96805,0.96835,2.40,1.10
2008.03.03 19:48:11.531,0.96805,0.96835,2.40,1.90
2008.03.03 19:48:11.786,0.968,0.96835,0.10,4.30
2008.03.03 19:48:12.048,0.96795,0.9683,6.40,0.40
2008.03.03 19:48:12.297,0.968,0.96835,0.10,6.70
2008.03.03 19:48:12.644,0.968,0.96835,0.10,6.70
2008.03.03 19:48:12.994,0.968,0.9683,0.10,0.80
2008.03.03 19:48:13.346,0.9679,0.96825,0.10,2.70
2008.03.03 19:48:13.570,0.9679,0.96825,0.10,2.70
2008.03.03 19:48:13.792,0.9679,0.96825,0.10,2.70
2008.03.03 19:48:14.016,0.9679,0.96825,0.10,3.50
2008.03.03 19:48:14.241,0.9679,0.96825,0.10,4.30
2008.03.03 19:48:14.466,0.9679,0.96825,0.10,4.30
2008.03.03 19:48:14.800,0.9679,0.96825,0.10,5.10
2008.03.03 19:48:15.134,0.96795,0.96825,2.40,0.40
2008.03.03 19:48:15.481,0.96795,0.96825,2.40,0.40
2008.03.03 19:48:15.711,0.96795,0.96825,2.40,0.40
2008.03.03 19:48:15.934,0.96785,0.9682,8.80,0.40
2008.03.03 19:48:16.159,0.9679,0.96825,0.10,5.90
2008.03.03 19:48:16.383,0.9679,0.96825,0.10,5.10
2008.03.03 19:48:16.673,0.9679,0.96825,0.10,6.70
2008.03.03 19:48:16.972,0.96795,0.96825,0.10,6.40
2008.03.03 19:48:17.262,0.96795,0.96825,0.10,2.40
2008.03.03 19:48:17.551,0.96795,0.96825,0.10,2.40
2008.03.03 19:48:17.901,0.96795,0.96825,0.10,2.40
2008.03.03 19:48:18.216,0.96795,0.96825,0.10,2.40
2008.03.03 19:48:18.551,0.96795,0.9683,4.80,0.50
2008.03.03 19:48:18.770,0.96795,0.9683,4.80,0.50
2008.03.03 19:48:18.988,0.96795,0.9683,4.80,0.50
2008.03.03 19:48:19.205,0.96795,0.9683,4.80,0.50
2008.03.03 19:48:19.424,0.96795,0.9683,4.80,0.50
2008.03.03 19:48:19.748,0.96795,0.9683,4.80,0.50
2008.03.03 19:48:20.071,0.96795,0.9683,4.80,0.50
2008.03.03 19:48:20.395,0.96795,0.9683,4.80,0.50
2008.03.03 19:48:20.718,0.96795,0.9683,4.80,0.50
2008.03.03 19:48:20.946,0.96795,0.9683,4.80,0.50
2008.03.03 19:48:21.174,0.96795,0.9683,4.80,0.50
2008.03.03 19:48:21.403,0.96805,0.9683,2.40,0.50
2008.03.03 19:48:21.702,0.96805,0.96835,0.10,2.40
2008.03.03 19:48:22.001,0.968,0.96835,4.00,0.40
2008.03.03 19:48:22.300,0.96805,0.96835,0.10,2.40
2008.03.03 19:48:22.599,0.96805,0.96835,0.10,2.40
2008.03.03 19:48:22.933,0.96805,0.96835,0.10,2.40
2008.03.03 19:48:23.266,0.96805,0.96835,0.10,2.40
2008.03.03 19:48:23.599,0.96805,0.96835,0.10,2.40
2008.03.03 19:48:23.813,0.96805,0.96835,0.10,4.00
2008.03.03 19:48:24.026,0.96805,0.96835,0.10,4.00
2008.03.03 19:48:24.239,0.96805,0.96835,0.10,4.00
2008.03.03 19:48:24.452,0.96805,0.96835,0.10,4.00
2008.03.03 19:48:24.666,0.96805,0.96835,0.10,4.00
2008.03.03 19:48:24.985,0.96805,0.96835,0.10,4.00
2008.03.03 19:48:25.303,0.96805,0.96835,0.10,4.00
2008.03.03 19:48:25.621,0.96795,0.96825,8.80,0.40
2008.03.03 19:48:25.845,0.96805,0.96835,0.10,7.00
2008.03.03 19:48:26.069,0.96805,0.96835,0.10,4.00
2008.03.03 19:48:26.292,0.968,0.96835,0.10,4.30
2008.03.03 19:48:26.516,0.968,0.96835,0.10,4.30
2008.03.03 19:48:26.741,0.968,0.96835,0.10,4.30
2008.03.03 19:48:27.069,0.96805,0.96835,0.10,4.00
2008.03.03 19:48:27.398,0.96805,0.96835,0.10,4.00
2008.03.03 19:48:27.728,0.968,0.96835,0.10,4.30
2008.03.03 19:48:28.063,0.96795,0.9683,11.20,1.10
2008.03.03 19:48:28.396,0.96795,0.9683,4.80,1.10
2008.03.03 19:48:28.746,0.96795,0.9683,4.80,1.30
2008.03.03 19:48:28.974,0.96795,0.9683,4.80,1.30
2008.03.03 19:48:29.202,0.96795,0.9683,4.80,1.30
2008.03.03 19:48:29.432,0.96795,0.9683,4.80,1.30
2008.03.03 19:48:29.660,0.96795,0.9683,4.80,1.30
2008.03.03 19:48:29.953,0.96795,0.9683,4.80,1.30
2008.03.03 19:48:30.246,0.96795,0.9683,4.80,1.30
2008.03.03 19:48:30.540,0.96795,0.9683,4.80,1.30
2008.03.03 19:48:30.834,0.96795,0.9683,4.80,1.30
2008.03.03 19:48:31.113,0.96795,0.9683,4.80,1.30
2008.03.03 19:48:31.392,0.96795,0.9683,4.80,1.30
2008.03.03 19:48:31.670,0.96795,0.9683,4.80,1.30
2008.03.03 19:48:31.913,0.96795,0.9683,4.80,1.30
2008.03.03 19:48:32.156,0.96795,0.9683,4.80,1.30
2008.03.03 19:48:32.399,0.96795,0.9683,4.80,1.30
2008.03.03 19:48:32.642,0.96795,0.9683,4.80,1.30
2008.03.03 19:48:32.978,0.96795,0.9683,4.80,1.30
2008.03.03 19:48:33.312,0.96795,0.9683,4.80,1.30
2008.03.03 19:48:33.646,0.96795,0.9683,4.80,1.30
2008.03.03 19:48:33.854,0.96795,0.9683,4.80,1.30
2008.03.03 19:48:34.063,0.96795,0.96825,4.80,0.40
2008.03.03 19:48:34.272,0.96795,0.96825,4.80,0.40
2008.03.03 19:48:34.499,0.96795,0.96825,4.80,0.40
2008.03.03 19:48:34.708,0.96795,0.9682,4.80,0.30
2008.03.03 19:48:35.042,0.96795,0.9682,4.80,0.30
2008.03.03 19:48:35.376,0.96795,0.9682,4.80,0.30
2008.03.03 19:48:35.709,0.96795,0.9682,4.80,0.30
2008.03.03 19:48:35.927,0.96795,0.9682,4.80,0.30
2008.03.03 19:48:36.146,0.96795,0.9682,4.80,0.30
2008.03.03 19:48:36.364,0.96795,0.9682,4.80,0.30
2008.03.03 19:48:36.581,0.96795,0.9682,4.80,0.30
2008.03.03 19:48:36.799,0.96795,0.9682,4.80,0.30
2008.03.03 19:48:37.132,0.96795,0.9682,4.80,0.30
2008.03.03 19:48:37.466,0.96795,0.9682,4.80,0.30
2008.03.03 19:48:37.799,0.96795,0.9682,4.80,0.30
2008.03.03 19:48:38.131,0.9679,0.9682,0.10,0.30
2008.03.03 19:48:38.461,0.96785,0.9682,8.80,0.50
2008.03.03 19:48:38.792,0.9679,0.9682,0.10,0.30
2008.03.03 19:48:39.021,0.9679,0.9682,0.10,0.30
2008.03.03 19:48:39.266,0.96785,0.96815,4.80,0.40
2008.03.03 19:48:39.498,0.96785,0.9681,2.40,0.30
2008.03.03 19:48:39.727,0.96785,0.9681,2.40,0.30
2008.03.03 19:48:40.046,0.96785,0.9682,2.40,0.50
2008.03.03 19:48:40.366,0.9679,0.9682,0.10,0.30
2008.03.03 19:48:40.686,0.96795,0.9682,4.80,0.30
2008.03.03 19:48:40.934,0.96795,0.9682,4.80,0.30
2008.03.03 19:48:41.185,0.96795,0.9682,4.80,0.30
2008.03.03 19:48:41.433,0.96795,0.9682,4.80,0.30
2008.03.03 19:48:41.700,0.96795,0.9682,4.80,0.30
2008.03.03 19:48:41.946,0.96795,0.9682,4.80,0.30
2008.03.03 19:48:42.208,0.96795,0.9682,4.80,0.30
2008.03.03 19:48:42.471,0.96795,0.9682,4.80,0.30
2008.03.03 19:48:42.736,0.96795,0.9682,4.80,0.30
2008.03.03 19:48:43.070,0.96795,0.9683,4.80,1.30
2008.03.03 19:48:43.403,0.96795,0.9683,4.80,1.30
2008.03.03 19:48:43.744,0.96795,0.9683,4.80,1.30
2008.03.03 19:48:43.962,0.96795,0.9683,4.80,1.30
2008.03.03 19:48:44.180,0.96795,0.9683,4.80,1.30
2008.03.03 19:48:44.398,0.96795,0.9683,4.80,1.30
2008.03.03 19:48:44.616,0.96795,0.9683,4.80,1.30
2008.03.03 19:48:44.835,0.96795,0.9683,4.80,1.30
2008.03.03 19:48:45.154,0.96795,0.9683,4.80,1.30
2008.03.03 19:48:45.473,0.96795,0.9683,4.80,1.30
2008.03.03 19:48:45.792,0.96795,0.9683,4.80,1.30
2008.03.03 19:48:46.109,0.96795,0.9683,4.80,1.30
2008.03.03 19:48:46.339,0.96795,0.9683,4.80,1.30
2008.03.03 19:48:46.551,0.96795,0.9683,4.80,1.30
2008.03.03 19:48:46.765,0.96795,0.9683,4.80,1.30
2008.03.03 19:48:46.978,0.96795,0.9683,4.80,1.30
2008.03.03 19:48:47.301,0.96795,0.9683,4.80,1.30
2008.03.03 19:48:47.624,0.96795,0.9683,4.80,1.30
2008.03.03 19:48:47.948,0.96795,0.9683,4.80,1.30
2008.03.03 19:48:48.282,0.96795,0.9683,4.80,1.30
2008.03.03 19:48:48.633,0.96795,0.9683,4.80,1.30
2008.03.03 19:48:48.969,0.96795,0.9682,0.10,0.30
2008.03.03 19:48:49.212,0.96785,0.9682,4.80,0.50
2008.03.03 19:48:49.430,0.96785,0.9682,4.80,0.50
2008.03.03 19:48:49.650,0.96785,0.9682,4.80,0.50
2008.03.03 19:48:49.868,0.96785,0.9682,4.80,0.50
2008.03.03 19:48:50.086,0.96785,0.9682,4.80,0.50
2008.03.03 19:48:50.421,0.96785,0.9682,4.80,0.50
2008.03.03 19:48:50.769,0.96785,0.9682,4.80,1.30
2008.03.03 19:48:51.103,0.96785,0.9682,4.80,1.30
2008.03.03 19:48:51.337,0.96785,0.9682,2.40,1.30
2008.03.03 19:48:51.572,0.96785,0.9682,2.40,1.30
2008.03.03 19:48:51.805,0.96785,0.9682,2.40,1.30
2008.03.03 19:48:52.039,0.96785,0.9682,2.40,1.30
2008.03.03 19:48:52.330,0.96785,0.9682,2.40,1.30
2008.03.03 19:48:52.618,0.96785,0.9682,2.40,1.30
2008.03.03 19:48:52.874,0.96785,0.9682,2.40,1.30
2008.03.03 19:48:53.166,0.96775,0.968,6.40,0.30
2008.03.03 19:48:53.483,0.96775,0.968,4.80,0.30
2008.03.03 19:48:53.817,0.9678,0.96815,0.10,8.30
2008.03.03 19:48:54.151,0.9678,0.96815,0.10,4.30
2008.03.03 19:48:54.390,0.96775,0.9681,8.80,0.40
2008.03.03 19:48:54.629,0.9678,0.96815,0.10,6.70
2008.03.03 19:48:54.868,0.9678,0.96815,0.10,6.70
2008.03.03 19:48:55.107,0.9678,0.96815,0.10,10.70
2008.03.03 19:48:55.395,0.9678,0.96815,0.10,10.70
2008.03.03 19:48:55.698,0.9678,0.96815,0.10,10.70
2008.03.03 19:48:55.986,0.9678,0.96815,0.10,10.70
2008.03.03 19:48:56.274,0.9678,0.96815,0.10,10.70
2008.03.03 19:48:56.542,0.9678,0.96815,0.10,10.70
2008.03.03 19:48:56.811,0.9678,0.96815,0.10,4.30
2008.03.03 19:48:57.081,0.9678,0.96815,0.10,4.30
2008.03.03 19:48:57.329,0.9678,0.96815,0.10,4.30
2008.03.03 19:48:57.578,0.9678,0.96815,0.10,4.30
2008.03.03 19:48:57.827,0.9678,0.96815,0.10,4.30
2008.03.03 19:48:58.076,0.9678,0.96815,0.10,4.30
2008.03.03 19:48:58.409,0.9678,0.96815,0.10,4.30
2008.03.03 19:48:58.743,0.9678,0.96815,0.10,4.30
2008.03.03 19:48:59.076,0.9678,0.96815,0.10,4.30
2008.03.03 19:48:59.289,0.9678,0.96815,0.10,4.30
2008.03.03 19:48:59.504,0.9678,0.96815,0.10,4.30
2008.03.03 19:48:59.716,0.9678,0.96815,0.10,4.30
2008.03.03 19:48:59.930,0.9678,0.96815,0.10,4.30
2008.03.03 19:49:00.143,0.9678,0.96815,0.10,4.30
2008.03.03 19:49:00.451,0.9678,0.96815,0.10,4.30
2008.03.03 19:49:00.759,0.9678,0.96815,0.10,4.30
2008.03.03 19:49:01.068,0.9678,0.96815,0.10,4.30
2008.03.03 19:49:01.376,0.9678,0.96815,0.10,4.30
2008.03.03 19:49:01.625,0.9678,0.96815,0.10,4.30
2008.03.03 19:49:01.873,0.9678,0.96815,0.10,4.30
2008.03.03 19:49:02.123,0.9678,0.96815,0.10,4.30
2008.03.03 19:49:02.398,0.9678,0.96815,0.10,4.30
2008.03.03 19:49:02.640,0.9678,0.96815,0.10,4.30
2008.03.03 19:49:02.899,0.9678,0.96815,0.10,4.30
2008.03.03 19:49:03.157,0.9678,0.96815,0.10,4.30
2008.03.03 19:49:03.491,0.9678,0.96815,0.10,4.30
2008.03.03 19:49:03.824,0.96775,0.9681,7.20,0.40
2008.03.03 19:49:04.158,0.96775,0.9681,4.80,0.40
2008.03.03 19:49:04.387,0.96775,0.9681,4.80,0.50
2008.03.03 19:49:04.616,0.96775,0.9681,4.80,0.50
2008.03.03 19:49:04.844,0.96775,0.9681,4.80,0.50
2008.03.03 19:49:05.072,0.96775,0.9681,4.80,0.50
2008.03.03 19:49:05.311,0.96775,0.9681,4.80,0.50
2008.03.03 19:49:05.620,0.96775,0.9681,4.80,0.50
2008.03.03 19:49:05.928,0.96775,0.9681,4.80,0.50
2008.03.03 19:49:06.236,0.96775,0.9681,4.80,0.50
2008.03.03 19:49:06.460,0.96775,0.9681,4.80,0.50
2008.03.03 19:49:06.684,0.96775,0.9681,4.80,0.50
2008.03.03 19:49:06.907,0.96775,0.9681,4.80,0.50
2008.03.03 19:49:07.133,0.96765,0.968,4.80,0.50
2008.03.03 19:49:07.357,0.96765,0.968,4.80,0.50
2008.03.03 19:49:07.676,0.96765,0.968,4.80,0.50
2008.03.03 19:49:07.995,0.96765,0.968,4.80,0.50
2008.03.03 19:49:08.316,0.96765,0.968,4.80,0.50
2008.03.03 19:49:08.650,0.96775,0.96805,2.40,6.70
2008.03.03 19:49:09.000,0.96775,0.96805,2.40,4.30
2008.03.03 19:49:09.333,0.96775,0.96805,2.40,0.40
2008.03.03 19:49:09.552,0.96775,0.96805,2.40,0.40
2008.03.03 19:49:09.770,0.96775,0.96805,2.40,0.40
2008.03.03 19:49:10.008,0.96775,0.96805,2.40,0.40
2008.03.03 19:49:10.208,0.96775,0.96805,2.40,0.40
2008.03.03 19:49:10.426,0.96775,0.96805,2.40,0.40
2008.03.03 19:49:10.739,0.96775,0.96805,2.40,0.40
2008.03.03 19:49:11.053,0.96775,0.96805,2.40,0.40
2008.03.03 19:49:11.366,0.96775,0.96805,2.40,0.40
2008.03.03 19:49:11.600,0.96775,0.96805,2.40,0.40
2008.03.03 19:49:11.834,0.96775,0.96805,2.40,0.40
2008.03.03 19:49:12.068,0.96775,0.96805,2.40,0.40
2008.03.03 19:49:12.300,0.96775,0.96805,2.40,0.40
2008.03.03 19:49:12.535,0.96775,0.96805,2.40,0.40
2008.03.03 19:49:12.868,0.96775,0.96805,2.40,0.40
2008.03.03 19:49:13.200,0.96775,0.96805,2.40,0.40
2008.03.03 19:49:13.534,0.96775,0.96805,2.40,0.40
2008.03.03 19:49:13.742,0.96775,0.96805,2.40,0.40
2008.03.03 19:49:13.949,0.96775,0.96805,2.40,0.40
2008.03.03 19:49:14.158,0.96775,0.96805,2.40,0.40
2008.03.03 19:49:14.366,0.96775,0.96805,2.40,0.40
2008.03.03 19:49:14.700,0.9677,0.96805,0.10,2.70
2008.03.03 19:49:15.035,0.96775,0.9681,4.80,4.50
2008.03.03 19:49:15.386,0.96775,0.9681,4.80,0.50
2008.03.03 19:49:15.719,0.96775,0.9681,4.80,0.50
2008.03.03 19:49:15.951,0.96775,0.9681,4.80,0.50
2008.03.03 19:49:16.185,0.96775,0.9681,4.80,0.50
2008.03.03 19:49:16.419,0.96775,0.9681,4.80,0.50
2008.03.03 19:49:16.742,0.96775,0.9681,4.80,0.50
2008.03.03 19:49:17.066,0.96775,0.9681,4.80,0.50
2008.03.03 19:49:17.389,0.96775,0.9681,4.80,0.50
2008.03.03 19:49:17.713,0.96775,0.9681,4.80,0.50
2008.03.03 19:49:18.046,0.96775,0.9681,4.80,0.50
2008.03.03 19:49:18.380,0.96775,0.9681,4.80,0.50
2008.03.03 19:49:18.712,0.96775,0.9681,4.80,0.50
2008.03.03 19:49:18.936,0.96775,0.9681,4.80,0.50
2008.03.03 19:49:19.161,0.9678,0.9681,0.10,0.30
2008.03.03 19:49:19.384,0.96785,0.9681,2.40,0.30
2008.03.03 19:49:19.608,0.96775,0.9681,7.20,0.50
2008.03.03 19:49:19.937,0.96775,0.9681,4.80,0.50
2008.03.03 19:49:20.266,0.96775,0.9681,4.80,0.50
2008.03.03 19:49:20.595,0.96775,0.9681,2.40,4.50
2008.03.03 19:49:20.828,0.96775,0.9681,2.40,4.50
2008.03.03 19:49:21.062,0.96775,0.9681,2.40,4.50
2008.03.03 19:49:21.307,0.96775,0.9681,2.40,4.50
2008.03.03 19:49:21.540,0.96775,0.9681,2.40,4.50
2008.03.03 19:49:21.823,0.96775,0.9681,2.40,4.50
2008.03.03 19:49:22.106,0.96775,0.9681,2.40,4.50
2008.03.03 19:49:22.389,0.96775,0.9681,2.40,4.50
2008.03.03 19:49:22.673,0.96775,0.9681,2.40,4.50
2008.03.03 19:49:23.007,0.96775,0.9681,2.40,4.50
2008.03.03 19:49:23.342,0.9678,0.9681,0.10,4.00
2008.03.03 19:49:23.676,0.96785,0.96815,2.40,0.40
2008.03.03 19:49:23.894,0.96785,0.96815,4.80,0.40
2008.03.03 19:49:24.113,0.96785,0.9682,4.80,0.50
2008.03.03 19:49:24.332,0.96785,0.9682,4.80,0.50
2008.03.03 19:49:24.552,0.9679,0.9682,0.10,0.40
2008.03.03 19:49:24.859,0.96785,0.9682,4.80,0.40
2008.03.03 19:49:25.168,0.9679,0.9682,0.10,0.40
2008.03.03 19:49:25.476,0.9679,0.9682,0.10,0.40
2008.03.03 19:49:25.785,0.96795,0.9682,2.40,0.40
2008.03.03 19:49:26.028,0.96795,0.9682,2.40,0.40
2008.03.03 19:49:26.272,0.96795,0.9682,2.40,0.40
2008.03.03 19:49:26.515,0.96795,0.9682,2.40,0.40
2008.03.03 19:49:26.759,0.96795,0.96825,2.40,0.40
2008.03.03 19:49:27.052,0.96785,0.96815,2.40,0.40
2008.03.03 19:49:27.347,0.96785,0.9681,2.40,0.40
2008.03.03 19:49:27.641,0.96785,0.96815,2.40,0.40
2008.03.03 19:49:27.977,0.96785,0.96815,2.40,0.40
2008.03.03 19:49:28.307,0.96785,0.96815,2.40,0.40
2008.03.03 19:49:28.641,0.96785,0.96815,2.40,0.40
2008.03.03 19:49:28.974,0.96785,0.96815,2.40,0.40
2008.03.03 19:49:29.193,0.96785,0.96815,2.40,0.40
2008.03.03 19:49:29.411,0.96785,0.96815,2.40,0.40
2008.03.03 19:49:29.628,0.96785,0.96815,2.40,0.40
2008.03.03 19:49:29.849,0.96785,0.96815,2.40,0.40
2008.03.03 19:49:30.157,0.96785,0.96815,2.40,0.40
2008.03.03 19:49:30.467,0.96785,0.96815,2.40,0.40
2008.03.03 19:49:30.775,0.96785,0.96815,2.40,0.40
2008.03.03 19:49:31.029,0.96785,0.96815,2.40,0.40
2008.03.03 19:49:31.283,0.96785,0.96815,2.40,0.40
2008.03.03 19:49:31.544,0.96785,0.96815,2.40,0.40
2008.03.03 19:49:31.798,0.96785,0.96815,2.40,0.40
2008.03.03 19:49:32.030,0.96785,0.96815,2.40,0.40
2008.03.03 19:49:32.263,0.96785,0.96815,2.40,0.40
2008.03.03 19:49:32.498,0.96785,0.96815,2.40,0.40
2008.03.03 19:49:32.731,0.96785,0.96815,2.40,4.30
2008.03.03 19:49:33.065,0.96785,0.96815,2.40,0.40
2008.03.03 19:49:33.399,0.96785,0.96815,2.40,0.40
2008.03.03 19:49:33.751,0.96785,0.96815,2.40,0.40
2008.03.03 19:49:33.984,0.96785,0.96815,2.40,0.40
2008.03.03 19:49:34.217,0.96785,0.96815,2.40,0.40
2008.03.03 19:49:34.450,0.96785,0.96815,2.40,0.40
2008.03.03 19:49:34.684,0.96785,0.96815,2.40,0.40
2008.03.03 19:49:34.916,0.96785,0.96815,2.40,0.40
2008.03.03 19:49:35.204,0.96785,0.96815,2.40,0.40
2008.03.03 19:49:35.492,0.96785,0.96815,2.40,0.40
2008.03.03 19:49:35.781,0.96785,0.96815,2.40,0.40
2008.03.03 19:49:36.034,0.96785,0.96815,2.40,0.40
2008.03.03 19:49:36.287,0.96785,0.96815,2.40,0.40
2008.03.03 19:49:36.541,0.96785,0.96815,2.40,0.40
2008.03.03 19:49:36.795,0.96785,0.96815,2.40,0.40
2008.03.03 19:49:37.044,0.96785,0.96815,2.40,0.40
2008.03.03 19:49:37.293,0.96785,0.96815,2.40,0.40
2008.03.03 19:49:37.540,0.96785,0.96815,2.40,0.40
2008.03.03 19:49:37.789,0.96785,0.96815,2.40,0.40
2008.03.03 19:49:38.123,0.96785,0.96815,2.40,0.40
2008.03.03 19:49:38.457,0.96785,0.96815,2.40,0.40
2008.03.03 19:49:38.790,0.96785,0.96815,2.40,0.40
2008.03.03 19:49:38.999,0.96785,0.96815,2.40,0.40
2008.03.03 19:49:39.208,0.96785,0.96815,2.40,0.40
2008.03.03 19:49:39.425,0.96785,0.96815,2.40,0.40
2008.03.03 19:49:39.633,0.96785,0.96815,4.80,0.40
2008.03.03 19:49:39.841,0.96785,0.96815,4.80,0.40
2008.03.03 19:49:40.156,0.96785,0.96815,4.80,0.40
2008.03.03 19:49:40.470,0.96785,0.96815,4.80,0.40
2008.03.03 19:49:40.784,0.96785,0.96815,4.80,0.40
2008.03.03 19:49:41.024,0.96785,0.96815,4.80,0.40
2008.03.03 19:49:41.262,0.96785,0.96815,4.80,0.40
2008.03.03 19:49:41.500,0.96785,0.96815,4.80,0.40
2008.03.03 19:49:41.740,0.96785,0.96815,4.80,0.40
2008.03.03 19:49:41.978,0.96785,0.96815,4.80,0.40
2008.03.03 19:49:42.266,0.9679,0.9682,0.10,1.30
2008.03.03 19:49:42.556,0.96785,0.968,2.40,0.30
2008.03.03 19:49:42.844,0.96775,0.968,4.00,1.00
2008.03.03 19:49:43.178,0.96775,0.96805,2.40,0.40
2008.03.03 19:49:43.522,0.9677,0.968,0.30,0.80
2008.03.03 19:49:43.855,0.9677,0.968,0.30,0.80
2008.03.03 19:49:44.078,0.9677,0.968,0.30,1.00
2008.03.03 19:49:44.302,0.9677,0.968,0.30,1.00
2008.03.03 19:49:44.526,0.9677,0.968,0.30,1.00
2008.03.03 19:49:44.751,0.9678,0.9681,0.20,5.30
2008.03.03 19:49:44.973,0.9678,0.9681,0.20,5.30
2008.03.03 19:49:45.302,0.9678,0.9681,0.30,1.30
2008.03.03 19:49:45.630,0.9678,0.9681,0.30,1.30
2008.03.03 19:49:45.958,0.9678,0.9681,0.30,1.30
2008.03.03 19:49:46.171,0.9678,0.9681,0.30,1.30
2008.03.03 19:49:46.385,0.9678,0.9681,0.30,1.30
2008.03.03 19:49:46.598,0.9678,0.9681,0.30,1.30
2008.03.03 19:49:46.811,0.9678,0.9681,0.30,1.30
2008.03.03 19:49:47.024,0.9678,0.9681,0.30,1.30
2008.03.03 19:49:47.358,0.9678,0.9681,0.30,1.30
2008.03.03 19:49:47.692,0.9678,0.9681,0.30,1.30
2008.03.03 19:49:48.026,0.9678,0.9681,0.20,1.30
2008.03.03 19:49:48.360,0.96775,0.968,0.10,1.00
2008.03.03 19:49:48.694,0.9677,0.968,0.10,1.00
2008.03.03 19:49:49.027,0.9677,0.968,0.10,1.00
2008.03.03 19:49:49.266,0.9677,0.968,0.10,1.00
2008.03.03 19:49:49.465,0.9677,0.968,0.10,1.00
2008.03.03 19:49:49.684,0.9677,0.968,0.10,1.00
2008.03.03 19:49:49.902,0.9677,0.968,0.10,1.00
2008.03.03 19:49:50.121,0.9677,0.968,0.10,1.00
2008.03.03 19:49:50.435,0.96765,0.96795,2.40,0.40
2008.03.03 19:49:50.749,0.9677,0.968,0.10,1.30
2008.03.03 19:49:51.063,0.9676,0.9679,4.20,0.30
2008.03.03 19:49:51.317,0.9676,0.9679,0.30,0.30
2008.03.03 19:49:51.571,0.9676,0.9679,0.30,0.30
2008.03.03 19:49:51.824,0.9676,0.9679,0.30,0.30
2008.03.03 19:49:52.076,0.9676,0.9679,0.30,0.30
2008.03.03 19:49:52.349,0.9676,0.9679,0.30,0.30
2008.03.03 19:49:52.614,0.9676,0.9679,0.30,0.30
2008.03.03 19:49:52.882,0.9676,0.9679,0.30,0.30
2008.03.03 19:49:53.150,0.9676,0.9679,0.30,0.30
2008.03.03 19:49:53.483,0.9676,0.9679,0.30,0.30
2008.03.03 19:49:53.818,0.96765,0.96795,0.10,2.70
2008.03.03 19:49:54.152,0.96765,0.96795,2.40,0.40
2008.03.03 19:49:54.360,0.96765,0.96795,2.40,0.40
2008.03.03 19:49:54.569,0.9677,0.968,0.10,1.30
2008.03.03 19:49:54.794,0.9677,0.968,0.10,1.30
2008.03.03 19:49:55.002,0.9677,0.968,0.10,1.30
2008.03.03 19:49:55.210,0.9677,0.968,0.10,1.30
2008.03.03 19:49:55.538,0.9677,0.968,0.10,1.30
2008.03.03 19:49:55.867,0.9677,0.968,0.10,1.30
2008.03.03 19:49:56.195,0.9677,0.968,0.10,1.30
2008.03.03 19:49:56.419,0.9677,0.968,0.10,0.50
2008.03.03 19:49:56.643,0.9677,0.968,0.10,0.50
2008.03.03 19:49:56.867,0.9677,0.968,0.10,0.50
2008.03.03 19:49:57.102,0.9677,0.968,0.30,0.50
2008.03.03 19:49:57.414,0.9677,0.968,0.30,0.50
2008.03.03 19:49:57.727,0.9677,0.968,0.30,0.50
2008.03.03 19:49:58.057,0.9677,0.968,0.30,0.50
2008.03.03 19:49:58.353,0.9677,0.968,0.30,0.50
2008.03.03 19:49:58.689,0.9677,0.968,0.30,0.50
2008.03.03 19:49:59.022,0.9677,0.968,0.30,0.50
2008.03.03 19:49:59.356,0.9677,0.968,0.30,0.50
2008.03.03 19:49:59.563,0.9677,0.968,0.30,0.50
2008.03.03 19:49:59.772,0.9677,0.968,0.30,0.50
2008.03.03 19:49:59.980,0.9677,0.968,0.30,0.50
2008.03.03 19:50:00.188,0.9677,0.968,0.30,1.30
2008.03.03 19:50:00.396,0.9677,0.968,0.30,1.30
2008.03.03 19:50:00.707,0.9677,0.968,0.30,1.30
2008.03.03 19:50:01.016,0.9677,0.968,0.30,1.30
2008.03.03 19:50:01.323,0.9677,0.968,0.30,1.30
2008.03.03 19:50:01.567,0.9677,0.968,0.30,1.30
2008.03.03 19:50:01.811,0.9677,0.968,0.30,1.30
2008.03.03 19:50:02.055,0.9677,0.968,0.30,1.30
2008.03.03 19:50:02.300,0.9677,0.968,0.30,1.30
2008.03.03 19:50:02.558,0.9677,0.968,0.30,1.30
2008.03.03 19:50:02.816,0.9677,0.968,0.30,1.30
2008.03.03 19:50:03.075,0.9677,0.968,0.30,1.30
2008.03.03 19:50:03.332,0.9677,0.968,0.30,1.30
2008.03.03 19:50:03.666,0.9677,0.96795,0.30,2.40
2008.03.03 19:50:04.001,0.96765,0.9679,2.40,0.30
2008.03.03 19:50:04.333,0.9676,0.9679,0.30,0.30
2008.03.03 19:50:04.561,0.9676,0.9679,0.30,0.30
2008.03.03 19:50:04.796,0.9676,0.9679,0.30,0.30
2008.03.03 19:50:05.024,0.9676,0.9679,0.30,0.30
2008.03.03 19:50:05.252,0.9676,0.9679,0.30,0.30
2008.03.03 19:50:05.556,0.9676,0.9679,0.30,0.30
2008.03.03 19:50:05.859,0.9676,0.9679,0.30,0.30
2008.03.03 19:50:06.162,0.9676,0.9679,0.30,0.30
2008.03.03 19:50:06.464,0.9676,0.9679,0.30,0.30
2008.03.03 19:50:06.677,0.9676,0.9679,0.30,0.30
2008.03.03 19:50:06.891,0.9676,0.9679,0.30,0.30
2008.03.03 19:50:07.104,0.9676,0.9679,0.30,0.30
2008.03.03 19:50:07.317,0.9676,0.9679,0.30,0.30
2008.03.03 19:50:07.650,0.9676,0.9679,0.30,0.30
2008.03.03 19:50:07.984,0.9676,0.9679,0.30,0.30
2008.03.03 19:50:08.317,0.9676,0.9679,0.30,0.30
2008.03.03 19:50:08.635,0.9676,0.9679,0.30,0.30
2008.03.03 19:50:08.955,0.9676,0.9679,0.30,0.30
2008.03.03 19:50:09.272,0.9676,0.9679,0.30,0.30
2008.03.03 19:50:09.591,0.9676,0.9679,0.30,0.30
2008.03.03 19:50:09.798,0.9676,0.9679,0.30,0.30
2008.03.03 19:50:10.007,0.9676,0.96785,0.20,2.70
2008.03.03 19:50:10.217,0.9676,0.96785,0.20,2.70
2008.03.03 19:50:10.425,0.9676,0.96785,0.20,2.70
2008.03.03 19:50:10.760,0.9676,0.96785,0.20,3.50
2008.03.03 19:50:11.112,0.9676,0.96785,0.20,4.30
2008.03.03 19:50:11.425,0.9676,0.96785,0.20,4.30
2008.03.03 19:50:11.649,0.9676,0.96785,0.20,4.30
2008.03.03 19:50:11.873,0.9675,0.9678,0.20,0.40
2008.03.03 19:50:12.097,0.9675,0.9678,0.20,0.40
2008.03.03 19:50:12.320,0.9675,0.9678,0.20,0.40
2008.03.03 19:50:12.543,0.9675,0.9678,0.20,0.40
2008.03.03 19:50:12.877,0.9675,0.9678,0.20,0.40
2008.03.03 19:50:13.230,0.9675,0.9678,0.20,0.40
2008.03.03 19:50:13.543,0.9675,0.9678,0.20,0.40
2008.03.03 19:50:13.837,0.9675,0.9678,0.20,0.40
2008.03.03 19:50:14.131,0.9675,0.9678,0.20,0.40
2008.03.03 19:50:14.426,0.9675,0.9678,0.20,0.40
2008.03.03 19:50:14.649,0.9675,0.9678,0.20,0.40
2008.03.03 19:50:14.873,0.9675,0.9678,0.20,0.40
2008.03.03 19:50:15.095,0.9675,0.9678,0.20,0.40
2008.03.03 19:50:15.319,0.9675,0.9678,0.20,0.40
2008.03.03 19:50:15.543,0.9675,0.9678,0.20,0.40
2008.03.03 19:50:15.876,0.9675,0.9678,0.20,0.40
2008.03.03 19:50:16.210,0.9675,0.9678,0.20,0.40
2008.03.03 19:50:16.543,0.9675,0.9678,0.20,0.40
2008.03.03 19:50:16.742,0.9675,0.9678,0.20,0.40
2008.03.03 19:50:16.942,0.96745,0.9678,7.20,0.50
2008.03.03 19:50:17.141,0.96745,0.9677,2.40,0.80
2008.03.03 19:50:17.339,0.9674,0.9677,0.20,0.40
2008.03.03 19:50:17.538,0.9674,0.9677,0.20,0.40
2008.03.03 19:50:17.736,0.9674,0.9677,0.20,0.40
2008.03.03 19:50:18.071,0.96735,0.96765,2.40,0.40
2008.03.03 19:50:18.404,0.96735,0.96765,2.40,0.40
2008.03.03 19:50:18.738,0.96735,0.96765,2.40,0.40
2008.03.03 19:50:18.967,0.96735,0.96765,2.40,0.40
2008.03.03 19:50:19.195,0.96735,0.96765,2.40,0.40
2008.03.03 19:50:19.422,0.96735,0.96765,2.40,0.40
2008.03.03 19:50:19.651,0.96735,0.96765,2.40,0.40
2008.03.03 19:50:19.949,0.96735,0.96765,2.40,0.40
2008.03.03 19:50:20.266,0.96735,0.96765,2.40,0.40
2008.03.03 19:50:20.545,0.96735,0.96765,2.40,0.40
2008.03.03 19:50:20.844,0.9673,0.9676,0.20,1.10
2008.03.03 19:50:21.093,0.9673,0.9676,0.20,0.40
2008.03.03 19:50:21.342,0.9673,0.9676,0.20,0.40
2008.03.03 19:50:21.591,0.96735,0.96765,2.40,0.40
2008.03.03 19:50:21.840,0.96735,0.96765,2.40,0.40
2008.03.03 19:50:22.128,0.96735,0.9677,2.40,0.40
2008.03.03 19:50:22.418,0.96735,0.9677,2.40,0.40
2008.03.03 19:50:22.707,0.96735,0.9677,2.40,0.40
2008.03.03 19:50:23.039,0.96735,0.9677,2.40,0.40
2008.03.03 19:50:23.372,0.96735,0.9677,2.40,1.10
2008.03.03 19:50:23.706,0.96735,0.96765,2.40,0.40
2008.03.03 19:50:23.935,0.96735,0.96765,2.40,0.40
2008.03.03 19:50:24.179,0.96735,0.9677,7.20,0.40
2008.03.03 19:50:24.384,0.96735,0.9677,7.20,1.10
2008.03.03 19:50:24.609,0.96735,0.96765,2.40,0.40
2008.03.03 19:50:24.833,0.96735,0.9676,2.40,0.40
2008.03.03 19:50:25.152,0.96725,0.9675,2.40,0.40
2008.03.03 19:50:25.470,0.96725,0.9675,2.40,0.40
2008.03.03 19:50:25.790,0.96725,0.96755,2.40,0.40
2008.03.03 19:50:26.043,0.96725,0.96755,2.40,0.40
2008.03.03 19:50:26.297,0.96725,0.96755,2.40,0.40
2008.03.03 19:50:26.551,0.96725,0.96755,2.40,0.40
2008.03.03 19:50:26.804,0.96725,0.96755,2.40,0.40
2008.03.03 19:50:27.097,0.96725,0.96755,2.40,0.40
2008.03.03 19:50:27.370,0.96725,0.96755,2.40,0.40
2008.03.03 19:50:27.644,0.96725,0.96755,2.40,0.40
2008.03.03 19:50:27.917,0.96725,0.96755,2.40,0.40
2008.03.03 19:50:28.250,0.96725,0.96755,2.40,0.40
2008.03.03 19:50:28.599,0.9672,0.96755,0.10,4.30
2008.03.03 19:50:28.933,0.9672,0.96755,0.10,4.30
2008.03.03 19:50:29.160,0.9672,0.96755,0.10,4.30
2008.03.03 19:50:29.389,0.9672,0.96755,0.10,4.30
2008.03.03 19:50:29.620,0.9672,0.96755,0.10,2.70
2008.03.03 19:50:29.846,0.9672,0.96755,0.10,2.70
2008.03.03 19:50:30.129,0.9672,0.96755,0.10,2.70
2008.03.03 19:50:30.413,0.9672,0.96755,0.10,2.70
2008.03.03 19:50:30.696,0.9672,0.96755,0.10,2.70
2008.03.03 19:50:30.979,0.96725,0.96755,0.10,2.40
2008.03.03 19:50:31.254,0.96725,0.9676,4.80,0.40
2008.03.03 19:50:31.526,0.96725,0.9676,4.80,0.40
2008.03.03 19:50:31.800,0.96725,0.96755,2.40,0.40
2008.03.03 19:50:32.078,0.96725,0.96755,2.40,0.40
2008.03.03 19:50:32.356,0.96725,0.96755,2.40,0.40
2008.03.03 19:50:32.635,0.96725,0.96755,2.40,0.40
2008.03.03 19:50:32.912,0.96725,0.96755,2.40,0.40
2008.03.03 19:50:33.246,0.96725,0.96755,2.40,0.40
2008.03.03 19:50:33.579,0.96725,0.96755,2.40,0.40
2008.03.03 19:50:33.913,0.96725,0.96755,2.40,0.40
2008.03.03 19:50:34.132,0.96725,0.96755,2.40,0.40
2008.03.03 19:50:34.360,0.96725,0.96755,2.40,0.40
2008.03.03 19:50:34.580,0.96725,0.96755,2.40,0.40
2008.03.03 19:50:34.797,0.96725,0.96755,2.40,0.40
2008.03.03 19:50:35.016,0.96725,0.9676,4.80,0.40
2008.03.03 19:50:35.315,0.96725,0.9676,4.80,0.40
2008.03.03 19:50:35.613,0.9673,0.96765,0.10,6.70
2008.03.03 19:50:35.911,0.9673,0.96765,0.10,2.70
2008.03.03 19:50:36.160,0.96725,0.9676,4.80,0.40
2008.03.03 19:50:36.409,0.96725,0.9676,5.60,0.40
2008.03.03 19:50:36.680,0.96735,0.96765,2.40,4.30
2008.03.03 19:50:36.940,0.96735,0.9676,2.40,0.40
2008.03.03 19:50:37.239,0.96735,0.9676,2.40,0.40
2008.03.03 19:50:37.536,0.96735,0.96765,2.40,0.40
2008.03.03 19:50:37.841,0.96735,0.96765,2.40,0.40
2008.03.03 19:50:38.157,0.96735,0.96765,2.40,0.40
2008.03.03 19:50:38.473,0.96735,0.96765,2.40,0.40
2008.03.03 19:50:38.807,0.96735,0.96765,2.40,0.40
2008.03.03 19:50:39.140,0.96735,0.96765,2.40,0.40
2008.03.03 19:50:39.348,0.96735,0.96765,2.40,0.40
2008.03.03 19:50:39.556,0.96735,0.96765,2.40,0.40
2008.03.03 19:50:39.765,0.96735,0.96765,2.40,0.40
2008.03.03 19:50:39.990,0.96735,0.96765,2.40,0.40
2008.03.03 19:50:40.288,0.96735,0.96765,4.80,0.40
2008.03.03 19:50:40.602,0.96735,0.96765,4.80,0.40
2008.03.03 19:50:40.915,0.96735,0.9677,7.20,0.40
2008.03.03 19:50:41.227,0.96735,0.9677,7.20,0.40
2008.03.03 19:50:41.480,0.9674,0.9677,0.20,0.40
2008.03.03 19:50:41.734,0.9674,0.9676,0.20,0.40
2008.03.03 19:50:41.988,0.96735,0.9676,2.40,0.40
2008.03.03 19:50:42.243,0.96735,0.96765,2.40,0.40
2008.03.03 19:50:42.537,0.96735,0.96765,2.40,0.40
2008.03.03 19:50:42.832,0.96735,0.9677,2.40,0.40
2008.03.03 19:50:43.125,0.96735,0.9677,2.40,0.40
2008.03.03 19:50:43.459,0.96735,0.9676,2.40,0.40
2008.03.03 19:50:43.793,0.96735,0.9676,2.40,0.40
2008.03.03 19:50:44.127,0.96735,0.9676,2.40,0.40
2008.03.03 19:50:44.355,0.96735,0.9676,2.40,0.40
2008.03.03 19:50:44.584,0.96735,0.9676,2.40,0.40
2008.03.03 19:50:44.812,0.96735,0.9676,2.40,0.40
2008.03.03 19:50:45.040,0.96735,0.9676,2.40,0.40
2008.03.03 19:50:45.268,0.96735,0.9676,2.40,0.40
2008.03.03 19:50:45.556,0.96735,0.9676,2.40,0.40
2008.03.03 19:50:45.845,0.96735,0.9676,2.40,0.40
2008.03.03 19:50:46.134,0.96735,0.9676,2.40,0.40
2008.03.03 19:50:46.398,0.96735,0.9676,2.40,0.40
2008.03.03 19:50:46.661,0.96735,0.9676,2.40,0.40
2008.03.03 19:50:46.925,0.96735,0.9676,2.40,0.40
2008.03.03 19:50:47.190,0.96735,0.9676,2.40,0.40
2008.03.03 19:50:47.460,0.96735,0.9676,2.40,0.40
2008.03.03 19:50:47.728,0.96735,0.9676,2.40,0.40
2008.03.03 19:50:47.999,0.96725,0.96755,2.40,0.40
2008.03.03 19:50:48.267,0.96725,0.96755,2.40,0.40
2008.03.03 19:50:48.601,0.96725,0.96755,2.40,0.40
2008.03.03 19:50:48.935,0.96725,0.96755,2.40,0.40
2008.03.03 19:50:49.268,0.96725,0.96755,2.40,0.40
2008.03.03 19:50:49.497,0.96725,0.96755,2.40,0.40
2008.03.03 19:50:49.726,0.96725,0.96755,2.40,0.40
2008.03.03 19:50:49.955,0.96725,0.96755,2.40,0.40
2008.03.03 19:50:50.184,0.96725,0.96755,2.40,0.40
2008.03.03 19:50:50.412,0.96725,0.96755,2.40,0.40
2008.03.03 19:50:50.716,0.96725,0.96755,2.40,0.40
2008.03.03 19:50:51.020,0.96725,0.96755,2.40,0.40
2008.03.03 19:50:51.325,0.96725,0.96755,2.40,0.40
2008.03.03 19:50:51.565,0.96725,0.96755,2.40,0.40
2008.03.03 19:50:51.799,0.96725,0.9676,4.80,0.40
2008.03.03 19:50:52.033,0.96735,0.96765,2.40,0.40
2008.03.03 19:50:52.267,0.96735,0.96765,2.40,0.40
2008.03.03 19:50:52.552,0.96735,0.9676,2.40,0.40
2008.03.03 19:50:52.853,0.96735,0.9676,2.40,0.40
2008.03.03 19:50:53.119,0.96735,0.96765,2.40,0.40
2008.03.03 19:50:53.404,0.96735,0.96765,2.40,0.40
2008.03.03 19:50:53.737,0.96735,0.96765,2.40,0.40
2008.03.03 19:50:54.071,0.96735,0.96765,2.40,0.40
2008.03.03 19:50:54.405,0.96735,0.96765,2.40,0.40
2008.03.03 19:50:54.599,0.96735,0.96765,2.40,0.40
2008.03.03 19:50:54.791,0.96735,0.9676,2.40,0.40
2008.03.03 19:50:54.985,0.96735,0.9676,2.40,0.40
2008.03.03 19:50:55.193,0.96735,0.9676,2.40,0.40
2008.03.03 19:50:55.386,0.96735,0.9676,2.40,0.40
2008.03.03 19:50:55.718,0.96735,0.9676,2.40,0.40
2008.03.03 19:50:56.051,0.96735,0.9676,2.40,0.40
2008.03.03 19:50:56.384,0.96735,0.9676,2.40,0.40
2008.03.03 19:50:56.614,0.96735,0.96765,2.40,0.40
2008.03.03 19:50:56.833,0.96735,0.96765,2.40,0.40
2008.03.03 19:50:57.052,0.96735,0.96765,2.40,0.40
2008.03.03 19:50:57.270,0.96735,0.96765,2.40,0.40
2008.03.03 19:50:57.491,0.96735,0.96765,2.40,0.40
2008.03.03 19:50:57.820,0.96735,0.96765,2.40,0.40
2008.03.03 19:50:58.147,0.96735,0.96765,2.40,0.40
2008.03.03 19:50:58.475,0.96735,0.96765,2.40,0.40
2008.03.03 19:50:58.810,0.96735,0.96765,2.40,0.40
2008.03.03 19:50:59.142,0.96735,0.96765,2.40,0.40
2008.03.03 19:50:59.475,0.96735,0.96765,2.40,0.40
2008.03.03 19:50:59.708,0.96735,0.96765,2.40,0.40
2008.03.03 19:50:59.937,0.96735,0.96765,2.40,0.40
2008.03.03 19:51:00.167,0.96735,0.96765,2.40,0.40
2008.03.03 19:51:00.396,0.96735,0.96765,2.40,0.40
2008.03.03 19:51:00.625,0.96735,0.96765,2.40,0.40
2008.03.03 19:51:00.951,0.96735,0.96765,2.40,0.40
2008.03.03 19:51:01.259,0.96735,0.96765,2.40,0.40
2008.03.03 19:51:01.567,0.96735,0.96765,2.40,0.40
2008.03.03 19:51:01.791,0.96735,0.96765,2.40,0.40
2008.03.03 19:51:02.014,0.96735,0.96765,2.40,0.40
2008.03.03 19:51:02.236,0.96735,0.96765,2.40,0.40
2008.03.03 19:51:02.479,0.96735,0.96765,2.40,0.40
2008.03.03 19:51:02.701,0.96735,0.96765,2.40,0.40
2008.03.03 19:51:03.034,0.96735,0.96765,2.40,0.40
2008.03.03 19:51:03.367,0.96735,0.96765,2.40,0.40
2008.03.03 19:51:03.701,0.96735,0.96765,2.40,0.40
2008.03.03 19:51:03.989,0.96735,0.96765,2.40,0.40
2008.03.03 19:51:04.279,0.96735,0.96765,2.40,0.40
2008.03.03 19:51:04.584,0.96735,0.96765,2.40,0.40
2008.03.03 19:51:04.820,0.96735,0.96765,2.40,0.40
2008.03.03 19:51:05.053,0.96735,0.96765,2.40,0.40
2008.03.03 19:51:05.286,0.96735,0.96765,2.40,0.40
2008.03.03 19:51:05.519,0.96735,0.96765,2.40,0.40
2008.03.03 19:51:05.753,0.96735,0.96765,2.40,0.40
2008.03.03 19:51:06.040,0.96735,0.96765,2.40,0.40
2008.03.03 19:51:06.329,0.96735,0.96765,2.40,0.40
2008.03.03 19:51:06.619,0.96735,0.96765,2.40,0.40
2008.03.03 19:51:06.848,0.96735,0.96765,2.40,0.40
2008.03.03 19:51:07.077,0.96735,0.96765,2.40,0.40
2008.03.03 19:51:07.306,0.96735,0.96765,2.40,0.40
2008.03.03 19:51:07.533,0.96735,0.96765,2.40,0.40
2008.03.03 19:51:07.762,0.96735,0.96765,2.40,0.40
2008.03.03 19:51:08.095,0.96735,0.96765,2.40,0.40
2008.03.03 19:51:08.428,0.96735,0.96765,2.40,0.40
2008.03.03 19:51:08.761,0.96735,0.96765,2.40,0.40
2008.03.03 19:51:08.979,0.96735,0.96765,2.40,0.40
2008.03.03 19:51:09.199,0.96735,0.9676,2.40,0.40
2008.03.03 19:51:09.418,0.96735,0.9676,2.40,0.40
2008.03.03 19:51:09.636,0.96735,0.9676,2.40,0.40
2008.03.03 19:51:09.940,0.96735,0.9676,2.40,0.40
2008.03.03 19:51:10.243,0.96735,0.9676,2.40,0.40
2008.03.03 19:51:10.547,0.96735,0.9676,2.40,0.40
2008.03.03 19:51:10.851,0.96735,0.9676,2.40,0.40
2008.03.03 19:51:11.116,0.96735,0.9676,2.40,0.40
2008.03.03 19:51:11.380,0.96735,0.9676,2.40,0.40
2008.03.03 19:51:11.657,0.96735,0.9676,2.40,0.40
2008.03.03 19:51:11.885,0.96735,0.9676,2.40,0.40
2008.03.03 19:51:12.113,0.96735,0.9676,2.40,0.40
2008.03.03 19:51:12.342,0.96735,0.9676,2.40,0.40
2008.03.03 19:51:12.571,0.96725,0.9676,4.80,0.40
2008.03.03 19:51:12.799,0.9672,0.96745,4.00,0.40
2008.03.03 19:51:13.133,0.96715,0.96745,2.40,0.40
2008.03.03 19:51:13.468,0.96715,0.9675,3.20,0.40
2008.03.03 19:51:13.801,0.96715,0.9675,5.60,0.40
2008.03.03 19:51:14.031,0.96715,0.9675,5.60,0.40
2008.03.03 19:51:14.260,0.96715,0.9675,5.60,0.40
2008.03.03 19:51:14.488,0.96715,0.9675,5.60,0.40
2008.03.03 19:51:14.718,0.96715,0.9675,5.60,0.40
2008.03.03 19:51:15.031,0.96715,0.9675,5.60,0.40
2008.03.03 19:51:15.344,0.96715,0.9675,5.60,0.40
2008.03.03 19:51:15.657,0.96715,0.9675,5.60,0.40
2008.03.03 19:51:15.972,0.96715,0.9675,4.80,1.30
2008.03.03 19:51:16.231,0.96715,0.96735,2.40,0.40
2008.03.03 19:51:17.934,0.96715,0.9674,2.40,0.40
2008.03.03 19:51:18.156,0.96715,0.96745,2.40,0.40
2008.03.03 19:51:18.254,0.96715,0.96745,2.40,0.40
2008.03.03 19:51:18.356,0.96715,0.96745,2.40,0.40
2008.03.03 19:51:18.469,0.96715,0.96745,2.40,0.40
2008.03.03 19:51:18.568,0.96715,0.96745,2.40,0.40
2008.03.03 19:51:18.665,0.96715,0.96745,2.40,0.40
2008.03.03 19:51:18.764,0.96715,0.96745,2.40,0.40
2008.03.03 19:51:18.862,0.96715,0.96745,2.40,0.40
2008.03.03 19:51:18.961,0.96715,0.96745,2.40,0.40
2008.03.03 19:51:19.294,0.96715,0.96745,2.40,0.40
2008.03.03 19:51:19.628,0.96715,0.96745,2.40,0.40
2008.03.03 19:51:19.978,0.96715,0.96745,2.40,0.40
2008.03.03 19:51:20.190,0.96715,0.96745,2.40,0.40
2008.03.03 19:51:20.403,0.96715,0.96745,2.40,0.40
2008.03.03 19:51:20.616,0.96715,0.96745,2.40,0.40
2008.03.03 19:51:20.830,0.96715,0.96745,2.40,0.40
2008.03.03 19:51:21.045,0.96715,0.9674,2.40,0.40
2008.03.03 19:51:21.391,0.96715,0.96745,2.40,0.40
2008.03.03 19:51:21.702,0.96715,0.96745,2.40,0.40
2008.03.03 19:51:22.029,0.96715,0.96745,2.40,0.40
2008.03.03 19:51:22.253,0.96715,0.96745,2.40,0.40
2008.03.03 19:51:22.477,0.96715,0.96745,2.40,0.40
2008.03.03 19:51:22.705,0.96715,0.96745,2.40,0.40
2008.03.03 19:51:22.928,0.96715,0.96745,2.40,0.40
2008.03.03 19:51:23.152,0.96715,0.96745,2.40,0.40
2008.03.03 19:51:23.485,0.96715,0.96745,2.40,0.40
2008.03.03 19:51:23.818,0.96715,0.96745,2.40,0.40
2008.03.03 19:51:24.152,0.96715,0.96745,2.40,0.40
2008.03.03 19:51:24.371,0.96715,0.96745,2.40,0.40
2008.03.03 19:51:24.590,0.96715,0.96745,2.40,0.40
2008.03.03 19:51:24.808,0.96715,0.96745,2.40,0.40
2008.03.03 19:51:25.026,0.96715,0.96745,2.40,0.40
2008.03.03 19:51:25.309,0.96715,0.96745,2.40,0.40
2008.03.03 19:51:25.594,0.96715,0.96745,2.40,0.40
2008.03.03 19:51:25.895,0.96715,0.9675,4.80,0.40
2008.03.03 19:51:26.178,0.96715,0.9675,4.80,0.40
2008.03.03 19:51:26.440,0.96715,0.9675,4.80,0.40
2008.03.03 19:51:26.704,0.96715,0.9675,4.80,0.40
2008.03.03 19:51:26.966,0.96715,0.9675,4.80,0.40
2008.03.03 19:51:27.230,0.96715,0.9675,4.80,0.40
2008.03.03 19:51:27.490,0.96715,0.9675,4.80,0.40
2008.03.03 19:51:27.748,0.96715,0.9675,4.80,0.40
2008.03.03 19:51:28.008,0.96715,0.9675,4.80,0.40
2008.03.03 19:51:28.266,0.96715,0.9675,4.80,0.40
2008.03.03 19:51:28.599,0.96715,0.9675,4.80,0.40
2008.03.03 19:51:28.932,0.96715,0.9675,4.80,0.40
2008.03.03 19:51:29.266,0.96715,0.9675,4.80,0.40
2008.03.03 19:51:29.489,0.96725,0.96755,2.40,0.40
2008.03.03 19:51:29.713,0.96725,0.96755,2.40,0.40
2008.03.03 19:51:29.937,0.96725,0.96755,2.40,0.40
2008.03.03 19:51:30.161,0.96725,0.96755,2.40,0.40
2008.03.03 19:51:30.385,0.96725,0.96755,2.40,0.40
2008.03.03 19:51:30.689,0.96725,0.96755,2.40,0.40
2008.03.03 19:51:30.992,0.96725,0.96755,2.40,0.40
2008.03.03 19:51:31.295,0.96725,0.96755,2.40,0.40
2008.03.03 19:51:31.549,0.96725,0.96755,2.40,0.40
2008.03.03 19:51:31.801,0.96725,0.96755,2.40,0.40
2008.03.03 19:51:32.056,0.96725,0.96755,2.40,0.40
2008.03.03 19:51:32.309,0.96725,0.96755,2.40,0.40
2008.03.03 19:51:32.570,0.96725,0.96755,2.40,0.40
2008.03.03 19:51:32.822,0.96725,0.96755,2.40,0.40
2008.03.03 19:51:33.092,0.96725,0.96755,2.40,0.40
2008.03.03 19:51:33.328,0.96725,0.96755,2.40,0.40
2008.03.03 19:51:33.661,0.96725,0.96755,2.40,0.40
2008.03.03 19:51:33.995,0.96725,0.96755,2.40,0.40
2008.03.03 19:51:34.329,0.96725,0.96755,2.40,0.40
2008.03.03 19:51:34.543,0.96725,0.96755,2.40,0.40
2008.03.03 19:51:34.757,0.96725,0.96755,2.40,0.40
2008.03.03 19:51:34.970,0.96725,0.96755,2.40,0.40
2008.03.03 19:51:35.190,0.96725,0.96755,2.40,0.40
2008.03.03 19:51:35.403,0.96725,0.96755,2.40,0.40
2008.03.03 19:51:35.712,0.96725,0.96755,2.40,0.40
2008.03.03 19:51:36.022,0.96725,0.9675,2.40,0.40
2008.03.03 19:51:36.332,0.96725,0.9675,2.40,0.40
2008.03.03 19:51:36.574,0.96725,0.96745,2.40,0.40
2008.03.03 19:51:36.829,0.96725,0.96745,2.40,0.40
2008.03.03 19:51:37.066,0.96725,0.96745,2.40,0.40
2008.03.03 19:51:37.305,0.96725,0.96745,2.40,0.40
2008.03.03 19:51:37.543,0.96725,0.96745,2.40,0.40
2008.03.03 19:51:37.827,0.96725,0.96745,2.40,0.40
2008.03.03 19:51:38.110,0.96725,0.96745,2.40,0.40
2008.03.03 19:51:38.395,0.96725,0.96745,2.40,0.40
2008.03.03 19:51:38.746,0.96725,0.96745,2.40,0.40
2008.03.03 19:51:39.080,0.96725,0.96745,2.40,0.40
2008.03.03 19:51:39.413,0.96725,0.96745,2.40,0.40
2008.03.03 19:51:39.632,0.96725,0.96745,2.40,0.40
2008.03.03 19:51:39.851,0.96725,0.96745,2.40,0.40
2008.03.03 19:51:40.069,0.96725,0.96745,2.40,0.40
2008.03.03 19:51:40.286,0.96725,0.96745,2.40,0.40
2008.03.03 19:51:40.505,0.96725,0.96745,2.40,0.40
2008.03.03 19:51:40.823,0.96725,0.96745,2.40,0.40
2008.03.03 19:51:41.141,0.96725,0.96745,2.40,0.40
2008.03.03 19:51:41.460,0.96725,0.96745,2.40,0.40
2008.03.03 19:51:41.687,0.96725,0.96745,2.40,0.40
2008.03.03 19:51:41.919,0.96725,0.96745,2.40,0.40
2008.03.03 19:51:42.148,0.96725,0.96745,2.40,0.40
2008.03.03 19:51:42.376,0.96725,0.96745,2.40,0.40
2008.03.03 19:51:42.605,0.96725,0.96745,2.40,0.40
2008.03.03 19:51:42.908,0.96725,0.96745,2.40,0.40
2008.03.03 19:51:43.214,0.96725,0.96745,2.40,0.40
2008.03.03 19:51:43.519,0.96725,0.96745,2.40,0.40
2008.03.03 19:51:43.866,0.96725,0.96745,2.40,0.40
2008.03.03 19:51:44.223,0.96725,0.96755,2.40,4.30
2008.03.03 19:51:44.577,0.96725,0.96755,2.40,0.40
2008.03.03 19:51:44.792,0.96725,0.96755,2.40,0.40
2008.03.03 19:51:45.005,0.96725,0.96755,2.40,0.40
2008.03.03 19:51:45.218,0.96725,0.96755,2.40,0.40
2008.03.03 19:51:45.433,0.96725,0.96755,2.40,0.40
2008.03.03 19:51:45.647,0.96725,0.96745,2.40,0.40
2008.03.03 19:51:45.976,0.96725,0.9675,2.40,0.40
2008.03.03 19:51:46.321,0.96725,0.9675,2.40,0.40
2008.03.03 19:51:46.649,0.96725,0.9675,2.40,0.40
2008.03.03 19:51:46.877,0.96725,0.9675,2.40,0.40
2008.03.03 19:51:47.107,0.96725,0.9675,2.40,0.40
2008.03.03 19:51:47.334,0.96725,0.9675,2.40,0.40
2008.03.03 19:51:47.575,0.96725,0.96755,2.40,0.40
2008.03.03 19:51:47.879,0.96725,0.96755,2.40,0.40
2008.03.03 19:51:48.182,0.96725,0.96755,2.40,0.40
2008.03.03 19:51:48.487,0.96725,0.96755,2.40,0.40
2008.03.03 19:51:48.790,0.96725,0.96755,2.40,0.40
2008.03.03 19:51:49.123,0.96725,0.96755,2.40,0.40
2008.03.03 19:51:49.456,0.96725,0.96755,2.40,0.40
2008.03.03 19:51:49.790,0.96725,0.96755,2.40,0.40
2008.03.03 19:51:50.004,0.96725,0.96755,2.40,0.40
2008.03.03 19:51:50.236,0.96725,0.96755,2.40,0.40
2008.03.03 19:51:50.448,0.96725,0.96755,2.40,1.10
2008.03.03 19:51:50.663,0.96725,0.9675,2.40,1.10
2008.03.03 19:51:50.973,0.9672,0.9675,0.20,0.40
2008.03.03 19:51:51.281,0.9672,0.9675,0.20,1.10
2008.03.03 19:51:51.590,0.9672,0.9675,0.20,1.10
2008.03.03 19:51:51.898,0.9672,0.9675,0.20,1.10
2008.03.03 19:51:52.152,0.9672,0.9675,0.20,1.10
2008.03.03 19:51:52.423,0.9672,0.9675,0.20,1.10
2008.03.03 19:51:52.680,0.9672,0.9675,0.20,1.10
2008.03.03 19:51:53.013,0.9672,0.9675,0.20,1.10
2008.03.03 19:51:53.354,0.9672,0.9675,0.20,1.10
2008.03.03 19:51:53.689,0.9672,0.9675,0.20,1.10
2008.03.03 19:51:53.909,0.9672,0.9675,0.20,0.40
2008.03.03 19:51:54.127,0.9672,0.9675,0.20,0.40
2008.03.03 19:51:54.344,0.9672,0.9675,0.20,0.40
2008.03.03 19:51:54.564,0.9672,0.9675,0.20,0.40
2008.03.03 19:51:54.783,0.9672,0.9675,0.20,0.40
2008.03.03 19:51:55.118,0.9672,0.96755,0.30,2.70
2008.03.03 19:51:55.452,0.9672,0.9675,0.20,0.40
2008.03.03 19:51:55.787,0.9672,0.9675,0.20,0.40
2008.03.03 19:51:56.020,0.9672,0.9675,0.20,0.40
2008.03.03 19:51:56.255,0.9672,0.9675,0.20,0.40
2008.03.03 19:51:56.503,0.9672,0.9675,0.20,0.40
2008.03.03 19:51:56.720,0.9672,0.9675,0.20,0.40
2008.03.03 19:51:57.003,0.9672,0.9675,0.20,0.40
2008.03.03 19:51:57.287,0.9672,0.9675,0.20,0.40
2008.03.03 19:51:57.574,0.9672,0.9675,0.20,0.40
2008.03.03 19:51:57.856,0.9672,0.9675,0.20,0.40
2008.03.03 19:51:58.190,0.9672,0.9675,0.20,0.40
2008.03.03 19:51:58.523,0.9672,0.9675,0.20,0.40
2008.03.03 19:51:58.857,0.9672,0.9675,0.20,0.40
2008.03.03 19:51:59.072,0.9672,0.9675,0.20,0.40
2008.03.03 19:51:59.284,0.9672,0.9675,0.20,0.40
2008.03.03 19:51:59.499,0.96715,0.96745,4.80,0.40
2008.03.03 19:51:59.731,0.96715,0.9675,4.80,0.40
2008.03.03 19:51:59.944,0.96715,0.9675,4.80,0.40
2008.03.03 19:52:00.278,0.9672,0.9675,0.20,0.40
2008.03.03 19:52:00.612,0.9672,0.9675,0.20,0.40
2008.03.03 19:52:00.946,0.9672,0.9675,0.20,0.40
2008.03.03 19:52:01.160,0.9672,0.9675,0.20,0.40
2008.03.03 19:52:01.374,0.9672,0.9675,0.20,0.40
2008.03.03 19:52:01.587,0.9672,0.9675,0.20,0.40
2008.03.03 19:52:01.801,0.9672,0.9675,0.20,0.40
2008.03.03 19:52:02.016,0.9672,0.9675,0.20,0.40
2008.03.03 19:52:02.354,0.9672,0.9675,0.20,0.40
2008.03.03 19:52:02.687,0.9672,0.9675,0.20,0.40
2008.03.03 19:52:03.021,0.9672,0.9675,0.20,0.40
2008.03.03 19:52:03.355,0.9672,0.9675,0.20,0.40
2008.03.03 19:52:03.690,0.9672,0.96755,0.30,2.70
2008.03.03 19:52:04.024,0.96715,0.9675,9.40,0.40
2008.03.03 19:52:04.243,0.96715,0.9675,8.80,0.40
2008.03.03 19:52:04.462,0.96715,0.9675,4.80,0.40
2008.03.03 19:52:04.691,0.96715,0.9675,4.80,0.40
2008.03.03 19:52:04.909,0.96715,0.9675,4.80,0.40
2008.03.03 19:52:05.212,0.96715,0.9675,4.80,0.40
2008.03.03 19:52:05.516,0.96715,0.9675,4.80,0.40
2008.03.03 19:52:05.820,0.96715,0.9675,4.80,0.40
2008.03.03 19:52:06.124,0.96715,0.9675,4.80,0.40
2008.03.03 19:52:06.387,0.96715,0.9675,4.80,0.40
2008.03.03 19:52:06.650,0.96715,0.9675,4.80,0.40
2008.03.03 19:52:06.914,0.96715,0.9675,4.80,0.40
2008.03.03 19:52:07.176,0.96715,0.9675,4.80,0.40
2008.03.03 19:52:07.435,0.96715,0.9675,4.80,0.40
2008.03.03 19:52:07.706,0.96715,0.9675,4.80,0.40
2008.03.03 19:52:07.964,0.96715,0.9675,4.80,0.40
2008.03.03 19:52:08.297,0.96715,0.9675,4.80,0.40
2008.03.03 19:52:08.632,0.96715,0.9675,4.80,0.40
2008.03.03 19:52:08.966,0.96715,0.9674,2.40,0.40
2008.03.03 19:52:09.184,0.96715,0.96745,2.40,4.30
2008.03.03 19:52:09.403,0.96715,0.96745,2.40,0.40
2008.03.03 19:52:09.622,0.96715,0.9674,2.40,0.40
2008.03.03 19:52:09.840,0.96715,0.9674,2.40,0.40
2008.03.03 19:52:10.061,0.96715,0.96745,2.40,0.40
2008.03.03 19:52:10.380,0.96715,0.96745,2.40,0.40
2008.03.03 19:52:10.698,0.96715,0.96745,2.40,0.40
2008.03.03 19:52:11.017,0.96715,0.96745,2.40,0.40
2008.03.03 19:52:11.336,0.96715,0.96745,2.40,0.40
2008.03.03 19:52:11.603,0.96715,0.96745,2.40,0.40
2008.03.03 19:52:11.851,0.96715,0.96745,2.40,0.40
2008.03.03 19:52:12.100,0.96715,0.96745,2.40,0.40
2008.03.03 19:52:12.359,0.96715,0.96745,2.40,0.40
2008.03.03 19:52:12.617,0.96715,0.96745,2.40,0.40
2008.03.03 19:52:12.878,0.96715,0.96745,2.40,0.40
2008.03.03 19:52:13.136,0.96715,0.96745,2.40,0.40
2008.03.03 19:52:13.469,0.96715,0.96745,2.40,0.40
2008.03.03 19:52:13.803,0.96715,0.96745,2.40,0.40
2008.03.03 19:52:14.138,0.96715,0.96745,2.40,0.40
2008.03.03 19:52:14.347,0.96715,0.96745,2.40,0.40
2008.03.03 19:52:14.577,0.96715,0.9675,7.20,0.40
2008.03.03 19:52:14.783,0.96715,0.9675,7.20,0.40
2008.03.03 19:52:14.991,0.96715,0.9675,7.20,0.40
2008.03.03 19:52:15.199,0.9672,0.9675,0.20,0.40
2008.03.03 19:52:15.534,0.9672,0.9675,0.20,0.40
2008.03.03 19:52:15.866,0.9672,0.9675,0.20,0.40
2008.03.03 19:52:16.200,0.9672,0.9675,0.20,0.40
2008.03.03 19:52:16.443,0.9672,0.9675,0.20,0.40
2008.03.03 19:52:16.672,0.9672,0.9675,0.20,0.40
2008.03.03 19:52:16.901,0.9672,0.9675,0.20,0.40
2008.03.03 19:52:17.129,0.9672,0.9675,0.20,0.40
2008.03.03 19:52:17.356,0.9672,0.9675,0.20,0.40
2008.03.03 19:52:17.680,0.9672,0.9675,0.20,0.40
2008.03.03 19:52:18.009,0.9672,0.9675,0.20,0.40
2008.03.03 19:52:18.317,0.9672,0.9675,0.20,0.40
2008.03.03 19:52:18.651,0.9672,0.9675,0.20,0.40
2008.03.03 19:52:18.984,0.9672,0.9675,0.20,0.40
2008.03.03 19:52:19.317,0.9672,0.9675,0.20,0.40
2008.03.03 19:52:19.517,0.9672,0.9675,0.20,0.40
2008.03.03 19:52:19.717,0.9672,0.9675,0.20,0.40
2008.03.03 19:52:21.269,0.9672,0.9675,0.20,0.40
2008.03.03 19:52:21.361,0.9672,0.9675,0.20,0.40
2008.03.03 19:52:21.451,0.9672,0.9675,0.20,0.40
2008.03.03 19:52:21.545,0.9672,0.9675,0.20,0.40
2008.03.03 19:52:21.638,0.9672,0.9675,0.20,0.40
2008.03.03 19:52:21.731,0.9672,0.9675,0.20,0.40
2008.03.03 19:52:21.825,0.9672,0.9675,0.20,0.40
2008.03.03 19:52:21.939,0.9672,0.9675,0.20,0.40
2008.03.03 19:52:22.032,0.9672,0.9675,0.20,0.40
2008.03.03 19:52:22.129,0.9672,0.9675,0.20,0.40
2008.03.03 19:52:22.220,0.9672,0.9675,0.20,0.40
2008.03.03 19:52:22.313,0.9672,0.9675,0.20,0.40
2008.03.03 19:52:22.647,0.9672,0.9675,0.20,0.40
2008.03.03 19:52:22.980,0.9672,0.9675,0.20,0.40
2008.03.03 19:52:23.314,0.9672,0.9675,0.20,0.40
2008.03.03 19:52:23.647,0.96715,0.9675,7.20,0.40
2008.03.03 19:52:23.981,0.96715,0.9675,7.20,0.40
2008.03.03 19:52:24.321,0.96715,0.9675,7.20,0.40
2008.03.03 19:52:24.534,0.96715,0.9675,7.20,0.40
2008.03.03 19:52:24.747,0.96715,0.9675,7.20,0.40
2008.03.03 19:52:24.966,0.9672,0.96755,0.10,4.30
2008.03.03 19:52:25.180,0.9672,0.96755,0.10,4.30
2008.03.03 19:52:25.393,0.9672,0.96755,0.10,4.30
2008.03.03 19:52:25.722,0.9673,0.96755,0.20,4.30
2008.03.03 19:52:26.053,0.96725,0.96755,0.10,3.50
2008.03.03 19:52:26.384,0.96725,0.96755,0.10,4.30
2008.03.03 19:52:26.612,0.96725,0.96755,0.10,4.30
2008.03.03 19:52:26.842,0.96725,0.96755,0.10,1.90
2008.03.03 19:52:27.070,0.96725,0.96755,0.10,1.10
2008.03.03 19:52:27.300,0.96725,0.96755,0.10,2.70
2008.03.03 19:52:27.529,0.96725,0.96755,0.10,2.70
2008.03.03 19:52:27.863,0.96725,0.96755,0.10,2.70
2008.03.03 19:52:28.197,0.96725,0.96755,0.10,2.70
2008.03.03 19:52:28.531,0.9673,0.96755,0.20,2.70
2008.03.03 19:52:28.865,0.9673,0.96755,0.20,2.70
2008.03.03 19:52:29.199,0.9673,0.96755,0.20,2.70
2008.03.03 19:52:29.543,0.9673,0.96755,0.20,2.70
2008.03.03 19:52:29.741,0.9673,0.96755,0.20,2.70
2008.03.03 19:52:29.941,0.9673,0.96755,0.20,2.70
2008.03.03 19:52:30.140,0.9673,0.96755,0.20,2.70
2008.03.03 19:52:30.353,0.9673,0.96755,0.20,2.70
2008.03.03 19:52:30.554,0.9673,0.9675,0.20,0.40
2008.03.03 19:52:30.889,0.9672,0.9675,0.30,0.40
2008.03.03 19:52:31.222,0.9672,0.9675,0.30,0.40
2008.03.03 19:52:31.557,0.9672,0.9675,0.30,0.40
2008.03.03 19:52:31.781,0.9672,0.9675,0.30,0.40
2008.03.03 19:52:31.995,0.9672,0.96745,0.20,0.40
2008.03.03 19:52:32.209,0.9672,0.96745,0.20,0.40
2008.03.03 19:52:32.422,0.9672,0.96745,0.20,0.40
2008.03.03 19:52:32.635,0.9672,0.96745,0.20,0.40
2008.03.03 19:52:32.977,0.9672,0.96745,0.20,0.40
2008.03.03 19:52:33.299,0.9672,0.96745,0.20,0.40
2008.03.03 19:52:35.530,0.9672,0.96755,0.30,9.10
2008.03.03 19:52:35.633,0.96725,0.96755,2.40,0.40
2008.03.03 19:52:35.739,0.96725,0.96755,2.40,0.40
2008.03.03 19:52:35.851,0.96725,0.96755,2.40,0.40
2008.03.03 19:52:35.975,0.96725,0.96755,2.40,0.40
2008.03.03 19:52:36.084,0.96725,0.96755,2.40,0.40
2008.03.03 19:52:36.192,0.96725,0.96755,2.40,0.40
2008.03.03 19:52:36.317,0.96725,0.96755,2.40,0.40
2008.03.03 19:52:36.426,0.96725,0.96755,2.40,0.40
2008.03.03 19:52:36.539,0.96725,0.96755,2.40,0.40
2008.03.03 19:52:36.870,0.96725,0.96755,2.40,0.40
2008.03.03 19:52:37.215,0.96725,0.96755,2.40,0.40
2008.03.03 19:52:37.549,0.96725,0.96755,2.40,0.40
2008.03.03 19:52:37.768,0.96725,0.96755,2.40,0.40
2008.03.03 19:52:37.988,0.96725,0.9676,2.40,0.40
2008.03.03 19:52:38.206,0.96725,0.9676,7.20,0.40
2008.03.03 19:52:38.424,0.96725,0.9676,7.20,0.40
2008.03.03 19:52:38.643,0.9673,0.9676,0.20,0.40
2008.03.03 19:52:38.994,0.9673,0.9676,0.20,0.40
2008.03.03 19:52:39.310,0.9673,0.9676,0.20,0.40
2008.03.03 19:52:39.644,0.9673,0.9676,0.20,0.40
2008.03.03 19:52:39.851,0.9673,0.9676,0.20,0.40
2008.03.03 19:52:40.076,0.9673,0.9676,0.20,0.40
2008.03.03 19:52:40.284,0.9673,0.9676,0.20,0.40
2008.03.03 19:52:40.493,0.9673,0.9676,0.20,0.40
2008.03.03 19:52:40.702,0.9673,0.9676,0.20,0.40
2008.03.03 19:52:41.020,0.9673,0.9676,0.20,0.40
2008.03.03 19:52:41.339,0.9673,0.9676,0.20,0.40
2008.03.03 19:52:41.657,0.9673,0.9676,0.20,0.40
2008.03.03 19:52:41.977,0.9673,0.9676,0.20,0.40
2008.03.03 19:52:42.212,0.9673,0.9676,0.20,0.40
2008.03.03 19:52:42.445,0.9673,0.9676,0.20,0.40
2008.03.03 19:52:42.679,0.9673,0.9676,0.20,0.40
2008.03.03 19:52:43.012,0.9673,0.9676,0.20,0.40
2008.03.03 19:52:43.344,0.9673,0.9676,0.20,0.40
2008.03.03 19:52:43.677,0.9673,0.9676,0.20,0.40
2008.03.03 19:52:44.010,0.9673,0.9676,0.20,0.40
2008.03.03 19:52:44.252,0.9673,0.9676,0.20,0.40
2008.03.03 19:52:44.459,0.9673,0.9676,0.20,0.40
2008.03.03 19:52:44.682,0.9673,0.9676,0.20,0.40
2008.03.03 19:52:44.995,0.9673,0.9676,0.20,0.40
2008.03.03 19:52:45.308,0.9673,0.9676,0.20,0.40
2008.03.03 19:52:45.622,0.9673,0.9676,0.20,0.40
2008.03.03 19:52:45.935,0.9673,0.9676,0.20,0.40
2008.03.03 19:52:46.163,0.9673,0.9676,0.20,0.40
2008.03.03 19:52:46.391,0.9673,0.9676,0.20,0.40
2008.03.03 19:52:46.619,0.9673,0.9676,0.20,0.40
2008.03.03 19:52:46.847,0.9673,0.9676,0.20,0.40
2008.03.03 19:52:47.140,0.9673,0.9676,0.20,0.40
2008.03.03 19:52:47.433,0.9673,0.9676,0.20,0.40
2008.03.03 19:52:47.727,0.9673,0.9676,0.20,0.40
2008.03.03 19:52:48.020,0.9673,0.9676,0.20,0.40
2008.03.03 19:52:48.353,0.9673,0.9676,0.20,0.40
2008.03.03 19:52:48.687,0.9673,0.9676,0.20,0.40
2008.03.03 19:52:49.034,0.9673,0.9676,0.20,0.40
2008.03.03 19:52:49.236,0.9673,0.9676,0.20,0.40
2008.03.03 19:52:49.441,0.9673,0.9676,0.20,0.40
2008.03.03 19:52:49.644,0.9673,0.9676,0.20,0.40
2008.03.03 19:52:49.848,0.9673,0.9676,0.20,0.40
2008.03.03 19:52:50.185,0.9673,0.96765,0.30,2.70
2008.03.03 19:52:50.517,0.9673,0.96765,0.30,2.70
2008.03.03 19:52:50.867,0.9673,0.96765,0.30,2.70
2008.03.03 19:52:51.097,0.9673,0.96765,0.30,2.70
2008.03.03 19:52:51.330,0.9673,0.96765,0.30,2.70
2008.03.03 19:52:51.563,0.9673,0.96765,0.30,2.70
2008.03.03 19:52:51.797,0.9673,0.96765,0.30,2.70
2008.03.03 19:52:52.112,0.96725,0.9676,8.80,0.40
2008.03.03 19:52:52.424,0.96725,0.9676,4.80,0.40
2008.03.03 19:52:52.750,0.96725,0.9676,4.80,0.40
2008.03.03 19:52:53.092,0.9673,0.96765,0.10,6.70
2008.03.03 19:52:53.445,0.9673,0.96765,0.80,2.70
2008.03.03 19:52:56.395,0.96735,0.96765,2.40,0.40
2008.03.03 19:52:56.460,0.96735,0.96765,2.40,0.40
2008.03.03 19:52:56.519,0.96735,0.96765,2.40,0.40
2008.03.03 19:52:56.577,0.96735,0.96765,2.40,0.40
2008.03.03 19:52:56.635,0.96735,0.96765,2.40,0.40
2008.03.03 19:52:56.693,0.96735,0.96765,2.40,0.40
2008.03.03 19:52:56.752,0.96735,0.96765,2.40,0.40
2008.03.03 19:52:56.810,0.96735,0.96765,2.40,0.40
2008.03.03 19:52:56.869,0.96735,0.96765,2.40,0.40
2008.03.03 19:52:56.927,0.96735,0.96765,2.40,0.40
2008.03.03 19:52:56.993,0.96735,0.96765,2.40,0.40
2008.03.03 19:52:57.050,0.96735,0.96765,2.40,0.40
2008.03.03 19:52:57.108,0.96735,0.96765,2.40,0.40
2008.03.03 19:52:57.168,0.96735,0.96765,2.40,0.40
2008.03.03 19:52:57.227,0.96735,0.96765,2.40,0.40
2008.03.03 19:52:57.284,0.96735,0.96765,2.40,0.40
2008.03.03 19:52:57.343,0.96735,0.96765,2.40,0.40
2008.03.03 19:52:57.401,0.96735,0.96765,2.40,0.40
2008.03.03 19:52:57.736,0.96735,0.96765,2.40,0.40
2008.03.03 19:52:58.067,0.96735,0.96765,2.40,0.40
2008.03.03 19:52:58.401,0.96735,0.96765,2.40,0.40
2008.03.03 19:52:58.736,0.96735,0.96765,2.40,0.40
2008.03.03 19:52:59.069,0.96735,0.96765,2.40,0.40
2008.03.03 19:52:59.404,0.96735,0.96765,2.40,0.40
2008.03.03 19:52:59.738,0.96735,0.96765,4.00,0.40
2008.03.03 19:52:59.947,0.9674,0.96765,0.80,0.40
2008.03.03 19:53:00.155,0.9674,0.9677,1.00,0.40
2008.03.03 19:53:00.364,0.9674,0.9677,1.00,0.40
2008.03.03 19:53:00.586,0.9674,0.9677,1.00,0.40
2008.03.03 19:53:00.920,0.9674,0.9677,1.00,0.40
2008.03.03 19:53:01.253,0.9674,0.9677,1.00,0.40
2008.03.03 19:53:01.586,0.9674,0.9677,1.00,0.40
2008.03.03 19:53:01.805,0.9674,0.9677,0.30,0.40
2008.03.03 19:53:02.023,0.9674,0.9677,0.30,0.40
2008.03.03 19:53:02.242,0.9674,0.9677,0.30,0.40
2008.03.03 19:53:02.460,0.9674,0.9677,0.30,0.40
2008.03.03 19:53:02.679,0.9674,0.9677,0.30,0.40
2008.03.03 19:53:03.002,0.9674,0.9677,0.30,0.40
2008.03.03 19:53:03.326,0.9674,0.9677,0.30,0.40
2008.03.03 19:53:03.650,0.9674,0.9677,0.10,0.50
2008.03.03 19:53:03.984,0.9674,0.9677,0.30,0.40
2008.03.03 19:53:04.318,0.9674,0.96765,0.20,0.40
2008.03.03 19:53:04.651,0.9674,0.9677,0.30,0.40
2008.03.03 19:53:04.879,0.9674,0.96765,0.20,0.40
2008.03.03 19:53:05.121,0.9674,0.9677,1.00,0.40
2008.03.03 19:53:05.345,0.9674,0.9677,1.00,0.40
2008.03.03 19:53:05.569,0.9674,0.9677,1.00,0.40
2008.03.03 19:53:05.902,0.9674,0.9677,1.00,0.40
2008.03.03 19:53:06.235,0.9674,0.9677,1.00,0.40
2008.03.03 19:53:06.571,0.9674,0.9677,1.00,0.40
2008.03.03 19:53:06.902,0.9674,0.9677,1.00,0.40
2008.03.03 19:53:07.120,0.9674,0.9677,1.00,0.40
2008.03.03 19:53:07.340,0.9674,0.9677,1.00,0.40
2008.03.03 19:53:07.557,0.9674,0.9677,1.00,0.40
2008.03.03 19:53:07.774,0.9674,0.9677,1.00,0.40
2008.03.03 19:53:08.063,0.9674,0.9677,1.00,0.40
2008.03.03 19:53:08.352,0.9674,0.9677,1.00,0.40
2008.03.03 19:53:08.640,0.9674,0.9677,1.00,0.40
2008.03.03 19:53:08.929,0.96745,0.9677,1.60,0.40
2008.03.03 19:53:09.263,0.9675,0.96775,0.80,0.40
2008.03.03 19:53:09.596,0.9675,0.96775,0.80,0.40
2008.03.03 19:53:09.932,0.9675,0.96775,0.90,0.40
2008.03.03 19:53:10.160,0.9675,0.96775,0.90,0.40
2008.03.03 19:53:10.388,0.9675,0.96775,0.90,0.40
2008.03.03 19:53:10.615,0.9675,0.96775,0.90,0.40
2008.03.03 19:53:10.844,0.9675,0.96775,0.90,0.40
2008.03.03 19:53:11.127,0.9675,0.96775,0.90,0.40
2008.03.03 19:53:11.411,0.9675,0.96775,0.90,0.40
2008.03.03 19:53:11.694,0.9675,0.96775,0.90,0.40
2008.03.03 19:53:11.977,0.9675,0.96775,0.90,0.40
2008.03.03 19:53:12.229,0.9675,0.96775,0.90,0.40
2008.03.03 19:53:12.482,0.9675,0.96775,0.90,0.40
2008.03.03 19:53:12.736,0.9675,0.96775,0.90,0.40
2008.03.03 19:53:13.049,0.9675,0.96775,0.90,0.40
2008.03.03 19:53:13.362,0.9675,0.96775,0.90,0.40
2008.03.03 19:53:13.675,0.9675,0.96775,0.90,0.40
2008.03.03 19:53:13.988,0.9675,0.96775,0.90,0.40
2008.03.03 19:53:14.291,0.9675,0.96775,0.90,0.40
2008.03.03 19:53:14.595,0.9675,0.96775,0.90,0.40
2008.03.03 19:53:14.898,0.9675,0.96775,0.90,0.40
2008.03.03 19:53:15.126,0.9675,0.96775,0.90,0.40
2008.03.03 19:53:15.353,0.9675,0.96775,0.90,0.40
2008.03.03 19:53:15.584,0.9675,0.96775,0.90,0.40
2008.03.03 19:53:15.812,0.9675,0.96775,0.90,0.40
2008.03.03 19:53:16.106,0.9675,0.96775,0.90,0.40
2008.03.03 19:53:16.398,0.9675,0.96775,0.90,0.40
2008.03.03 19:53:16.691,0.9675,0.96775,0.90,0.40
2008.03.03 19:53:16.984,0.9675,0.96775,0.90,0.40
2008.03.03 19:53:17.228,0.9675,0.96775,0.90,0.40
2008.03.03 19:53:17.470,0.9675,0.96775,0.90,0.40
2008.03.03 19:53:17.744,0.9675,0.96775,0.90,0.40
2008.03.03 19:53:18.007,0.9675,0.96775,0.90,0.40
2008.03.03 19:53:18.288,0.9675,0.96775,0.90,0.40
2008.03.03 19:53:18.551,0.9675,0.96775,0.90,0.40
2008.03.03 19:53:18.813,0.9675,0.96775,0.90,0.40
2008.03.03 19:53:19.147,0.9675,0.96775,0.90,0.40
2008.03.03 19:53:19.481,0.9675,0.9678,0.90,0.40
2008.03.03 19:53:19.816,0.9675,0.9678,0.90,0.40
2008.03.03 19:53:20.049,0.9675,0.9678,0.90,0.40
2008.03.03 19:53:20.282,0.9675,0.9678,0.90,0.40
2008.03.03 19:53:20.533,0.9675,0.9678,0.90,0.40
2008.03.03 19:53:20.765,0.9675,0.9678,0.90,0.40
2008.03.03 19:53:20.998,0.9675,0.9678,0.90,0.40
2008.03.03 19:53:21.311,0.9676,0.9678,0.80,0.40
2008.03.03 19:53:21.625,0.9676,0.96785,0.80,0.40
2008.03.03 19:53:21.938,0.9676,0.96785,0.90,0.40
2008.03.03 19:53:22.177,0.9676,0.96785,0.90,0.40
2008.03.03 19:53:22.415,0.9676,0.96785,0.90,0.40
2008.03.03 19:53:22.653,0.9676,0.96785,0.90,0.40
2008.03.03 19:53:22.891,0.9676,0.96785,0.90,0.40
2008.03.03 19:53:23.224,0.9676,0.96785,0.90,0.40
2008.03.03 19:53:23.557,0.9676,0.96785,0.90,0.40
2008.03.03 19:53:23.889,0.9676,0.96785,0.90,0.40
2008.03.03 19:53:24.125,0.9676,0.96785,0.90,0.40
2008.03.03 19:53:24.327,0.9676,0.96785,0.90,0.40
2008.03.03 19:53:24.545,0.9676,0.96785,0.90,0.40
2008.03.03 19:53:24.763,0.9676,0.96785,0.90,0.40
2008.03.03 19:53:24.982,0.9676,0.96785,0.20,1.10
2008.03.03 19:53:25.302,0.96745,0.9678,2.40,1.10
2008.03.03 19:53:25.620,0.96735,0.9677,4.80,1.10
2008.03.03 19:53:25.939,0.9674,0.96775,0.10,2.70
2008.03.03 19:53:26.189,0.96735,0.96765,6.40,0.40
2008.03.03 19:53:26.439,0.96735,0.96765,2.40,0.40
2008.03.03 19:53:26.687,0.96735,0.9676,2.40,0.40
2008.03.03 19:53:26.936,0.96725,0.9676,4.80,0.40
2008.03.03 19:53:27.234,0.96725,0.9676,4.80,0.40
2008.03.03 19:53:27.538,0.96725,0.9676,4.80,0.40
2008.03.03 19:53:27.854,0.96725,0.9676,4.80,0.40
2008.03.03 19:53:28.134,0.96725,0.9676,4.80,0.40
2008.03.03 19:53:28.468,0.96725,0.9676,4.80,0.40
2008.03.03 19:53:28.812,0.96725,0.9676,4.80,0.40
2008.03.03 19:53:29.146,0.96725,0.9676,4.80,0.40
2008.03.03 19:53:29.363,0.96725,0.9676,4.80,0.40
2008.03.03 19:53:29.582,0.96725,0.9676,4.80,0.40
2008.03.03 19:53:29.799,0.96725,0.9676,4.80,0.40
2008.03.03 19:53:30.018,0.96735,0.9676,2.40,0.40
2008.03.03 19:53:30.299,0.96735,0.9677,4.80,0.40
2008.03.03 19:53:30.577,0.9674,0.96775,0.10,2.70
2008.03.03 19:53:30.856,0.9674,0.96775,0.10,2.70
2008.03.03 19:53:31.135,0.9674,0.96775,0.80,2.70
2008.03.03 19:53:31.438,0.9674,0.96775,1.00,2.70
2008.03.03 19:53:31.733,0.96745,0.96775,2.40,0.40
2008.03.03 19:53:32.026,0.96745,0.96775,2.40,0.40
2008.03.03 19:53:32.320,0.96745,0.96775,2.40,0.40
2008.03.03 19:53:32.564,0.96745,0.96775,2.40,0.40
2008.03.03 19:53:32.808,0.96745,0.9678,8.80,0.40
2008.03.03 19:53:33.052,0.96745,0.9678,8.80,0.40
2008.03.03 19:53:33.386,0.9675,0.9678,0.20,0.40
2008.03.03 19:53:33.727,0.9675,0.9678,0.90,0.40
2008.03.03 19:53:34.062,0.9675,0.9678,0.90,0.40
2008.03.03 19:53:34.288,0.9675,0.9678,0.90,0.40
2008.03.03 19:53:34.516,0.9675,0.9678,0.90,0.40
2008.03.03 19:53:34.757,0.9675,0.9678,0.90,0.40
2008.03.03 19:53:34.985,0.9675,0.9678,0.90,0.40
2008.03.03 19:53:35.214,0.9675,0.9678,0.90,0.40
2008.03.03 19:53:35.506,0.9675,0.9678,0.90,0.40
2008.03.03 19:53:35.799,0.9675,0.9678,0.90,0.40
2008.03.03 19:53:36.093,0.9675,0.9678,0.90,0.40
2008.03.03 19:53:36.326,0.9675,0.9678,0.90,0.40
2008.03.03 19:53:36.558,0.9675,0.9678,0.90,0.40
2008.03.03 19:53:36.810,0.9675,0.9678,0.90,0.40
2008.03.03 19:53:37.024,0.9675,0.9678,0.90,0.40
2008.03.03 19:53:37.258,0.9675,0.9678,0.90,0.40
2008.03.03 19:53:37.545,0.9675,0.9678,0.90,0.40
2008.03.03 19:53:37.834,0.9675,0.9678,0.90,0.40
2008.03.03 19:53:38.140,0.9675,0.9678,0.90,0.40
2008.03.03 19:53:38.484,0.9675,0.9678,0.90,0.40
2008.03.03 19:53:38.816,0.9675,0.9678,0.20,0.40
2008.03.03 19:53:39.150,0.9675,0.9678,0.20,0.40
2008.03.03 19:53:39.483,0.9675,0.9678,0.20,0.40
2008.03.03 19:53:39.711,0.9675,0.9678,0.20,0.40
2008.03.03 19:53:39.939,0.9675,0.9678,0.20,0.40
2008.03.03 19:53:40.167,0.9675,0.9678,0.20,0.40
2008.03.03 19:53:40.395,0.9675,0.9678,0.20,0.40
2008.03.03 19:53:40.689,0.9675,0.9678,0.20,0.40
2008.03.03 19:53:40.981,0.9675,0.9678,0.20,0.40
2008.03.03 19:53:41.274,0.9675,0.9678,0.20,0.40
2008.03.03 19:53:41.502,0.9675,0.9678,0.20,0.40
2008.03.03 19:53:41.730,0.9675,0.9678,0.20,0.40
2008.03.03 19:53:41.958,0.9675,0.9678,0.20,0.40
2008.03.03 19:53:42.186,0.9675,0.9678,0.20,0.40
2008.03.03 19:53:42.415,0.9675,0.9678,0.20,0.40
2008.03.03 19:53:42.723,0.9675,0.9678,0.20,0.40
2008.03.03 19:53:43.031,0.9675,0.9678,0.20,0.40
2008.03.03 19:53:43.339,0.9675,0.9678,0.20,0.40
2008.03.03 19:53:43.673,0.9675,0.9678,0.20,0.40
2008.03.03 19:53:44.006,0.9675,0.9678,0.20,0.40
2008.03.03 19:53:44.339,0.9675,0.9678,0.20,0.40
2008.03.03 19:53:44.558,0.9675,0.9678,0.20,0.40
2008.03.03 19:53:44.792,0.9675,0.9678,0.20,0.40
2008.03.03 19:53:45.029,0.9675,0.9678,0.20,0.40
2008.03.03 19:53:45.230,0.9675,0.9678,0.20,0.40
2008.03.03 19:53:45.449,0.96745,0.9678,2.40,0.40
2008.03.03 19:53:45.768,0.96745,0.96775,2.40,0.40
2008.03.03 19:53:46.086,0.96745,0.96775,2.40,0.40
2008.03.03 19:53:46.404,0.96745,0.96775,2.40,0.40
2008.03.03 19:53:46.678,0.96745,0.96775,2.40,0.40
2008.03.03 19:53:46.964,0.96745,0.96775,2.40,0.40
2008.03.03 19:53:47.216,0.96745,0.96775,2.40,0.40
2008.03.03 19:53:47.486,0.96745,0.96775,2.40,0.40
2008.03.03 19:53:47.720,0.96745,0.96775,2.40,0.40
2008.03.03 19:53:47.972,0.96745,0.96775,2.40,0.40
2008.03.03 19:53:48.225,0.96745,0.9678,2.40,0.40
2008.03.03 19:53:48.476,0.96745,0.9678,4.80,0.40
2008.03.03 19:53:48.810,0.9675,0.9678,0.20,0.40
2008.03.03 19:53:49.161,0.9675,0.9678,0.20,0.40
2008.03.03 19:53:49.477,0.9675,0.9678,0.20,0.40
2008.03.03 19:53:49.812,0.9675,0.9678,0.20,0.40
2008.03.03 19:53:50.045,0.9675,0.9678,0.20,0.40
2008.03.03 19:53:50.280,0.9675,0.9678,0.20,0.40
2008.03.03 19:53:50.513,0.9675,0.9678,0.20,0.40
2008.03.03 19:53:50.746,0.9675,0.9678,0.20,0.40
2008.03.03 19:53:51.019,0.9675,0.9678,0.20,0.40
2008.03.03 19:53:51.292,0.9675,0.9678,0.20,0.40
2008.03.03 19:53:51.566,0.9675,0.9678,0.20,0.40
2008.03.03 19:53:51.829,0.9675,0.9678,0.20,0.40
2008.03.03 19:53:52.092,0.9675,0.9678,0.20,0.40
2008.03.03 19:53:52.355,0.9675,0.9678,0.20,0.40
2008.03.03 19:53:52.619,0.9675,0.9678,0.20,0.40
2008.03.03 19:53:52.866,0.9675,0.9678,0.20,0.40
2008.03.03 19:53:53.114,0.9675,0.9678,0.20,0.40
2008.03.03 19:53:53.363,0.9675,0.9678,0.20,0.40
2008.03.03 19:53:53.611,0.9675,0.9678,0.20,0.40
2008.03.03 19:53:53.945,0.9675,0.9678,0.20,0.40
2008.03.03 19:53:54.280,0.9676,0.9678,0.20,0.40
2008.03.03 19:53:54.614,0.9676,0.96785,0.20,2.70
2008.03.03 19:53:54.844,0.9676,0.96785,0.20,2.70
2008.03.03 19:53:55.073,0.9676,0.96785,0.20,2.70
2008.03.03 19:53:55.301,0.9676,0.96785,0.20,2.70
2008.03.03 19:53:55.530,0.9676,0.96785,0.20,2.70
2008.03.03 19:53:55.772,0.9676,0.96785,0.20,2.70
2008.03.03 19:53:56.085,0.9676,0.96785,0.20,2.70
2008.03.03 19:53:56.402,0.9676,0.96785,0.20,2.70
2008.03.03 19:53:56.715,0.9676,0.96785,0.20,2.70
2008.03.03 19:53:56.934,0.9676,0.96785,0.20,2.70
2008.03.03 19:53:57.153,0.9676,0.96785,0.20,2.70
2008.03.03 19:53:57.383,0.9676,0.96785,0.20,2.70
2008.03.03 19:53:57.602,0.9676,0.96785,0.20,2.70
2008.03.03 19:53:57.820,0.9676,0.96785,0.20,2.70
2008.03.03 19:53:58.124,0.9676,0.96785,0.20,2.70
2008.03.03 19:53:58.426,0.9676,0.96785,0.20,2.70
2008.03.03 19:53:58.729,0.9676,0.96785,0.20,2.70
2008.03.03 19:53:59.079,0.9676,0.96785,0.20,2.70
2008.03.03 19:53:59.397,0.9676,0.96785,0.20,2.70
2008.03.03 19:53:59.730,0.9676,0.96785,0.20,2.70
2008.03.03 19:53:59.939,0.9676,0.96785,0.20,2.70
2008.03.03 19:54:00.163,0.9676,0.96785,0.20,2.70
2008.03.03 19:54:00.355,0.9676,0.96785,0.20,2.70
2008.03.03 19:54:00.564,0.9676,0.96785,0.20,2.70
2008.03.03 19:54:00.772,0.9676,0.96785,0.20,2.70
2008.03.03 19:54:01.085,0.9676,0.96785,0.20,2.70
2008.03.03 19:54:01.400,0.9676,0.96785,0.20,2.70
2008.03.03 19:54:01.712,0.9676,0.96785,0.20,2.70
2008.03.03 19:54:01.956,0.9676,0.96785,0.20,2.70
2008.03.03 19:54:02.198,0.9676,0.96785,0.20,2.70
2008.03.03 19:54:02.441,0.9676,0.96785,0.20,2.70
2008.03.03 19:54:02.686,0.9676,0.9678,0.20,0.40
2008.03.03 19:54:02.955,0.9675,0.9678,0.20,0.40
2008.03.03 19:54:04.865,0.9675,0.9678,0.20,0.40
2008.03.03 19:54:04.963,0.9675,0.9678,0.20,0.40
2008.03.03 19:54:05.075,0.9675,0.9678,0.20,0.40
2008.03.03 19:54:05.173,0.9675,0.9678,0.20,0.40
2008.03.03 19:54:05.271,0.9675,0.9678,0.20,0.40
2008.03.03 19:54:05.370,0.9675,0.9678,0.20,0.40
2008.03.03 19:54:05.469,0.9675,0.9678,0.20,0.40
2008.03.03 19:54:05.567,0.9675,0.9678,0.20,0.40
2008.03.03 19:54:05.667,0.9675,0.9678,0.20,0.40
2008.03.03 19:54:05.796,0.9675,0.9678,0.20,0.40
2008.03.03 19:54:05.863,0.9675,0.9678,0.20,0.40
2008.03.03 19:54:06.198,0.9675,0.9678,0.20,0.40
2008.03.03 19:54:06.532,0.9675,0.9678,0.20,0.40
2008.03.03 19:54:08.075,0.9675,0.9678,0.20,0.40
2008.03.03 19:54:08.158,0.9675,0.9678,0.20,0.40
2008.03.03 19:54:08.242,0.9675,0.9678,0.20,0.40
2008.03.03 19:54:08.334,0.9675,0.9678,0.20,0.40
2008.03.03 19:54:08.417,0.9675,0.9678,0.20,0.40
2008.03.03 19:54:08.503,0.9675,0.9678,0.20,0.40
2008.03.03 19:54:08.586,0.9675,0.9678,0.20,0.40
2008.03.03 19:54:08.669,0.9675,0.9678,0.20,0.40
2008.03.03 19:54:08.754,0.9675,0.9678,0.20,0.40
2008.03.03 19:54:08.838,0.9675,0.9678,0.20,0.40
2008.03.03 19:54:08.926,0.9675,0.9678,0.20,0.40
2008.03.03 19:54:09.008,0.9675,0.9678,0.20,0.40
2008.03.03 19:54:09.094,0.9675,0.9678,0.20,0.40
2008.03.03 19:54:09.427,0.9675,0.9678,0.20,0.40
2008.03.03 19:54:09.760,0.9675,0.9678,0.20,0.40
2008.03.03 19:54:10.110,0.9675,0.9678,0.20,0.40
2008.03.03 19:54:10.327,0.9675,0.9678,0.20,0.40
2008.03.03 19:54:10.547,0.9675,0.9678,0.20,0.40
2008.03.03 19:54:10.766,0.9675,0.9678,0.20,0.40
2008.03.03 19:54:10.986,0.96755,0.9678,0.80,0.40
2008.03.03 19:54:11.225,0.96755,0.96785,1.60,2.70
2008.03.03 19:54:11.554,0.9676,0.96785,0.20,2.70
2008.03.03 19:54:11.883,0.9676,0.96785,0.20,2.40
2008.03.03 19:54:12.229,0.9676,0.96785,0.20,2.40
2008.03.03 19:54:12.440,0.9676,0.96785,0.20,2.40
2008.03.03 19:54:12.668,0.9676,0.96785,0.20,2.40
2008.03.03 19:54:12.898,0.9676,0.96785,0.20,2.40
2008.03.03 19:54:13.127,0.9676,0.96785,0.20,2.40
2008.03.03 19:54:13.373,0.9676,0.9679,0.20,0.50
2008.03.03 19:54:13.690,0.9676,0.9679,0.20,0.50
2008.03.03 19:54:14.023,0.9676,0.9679,0.20,0.50
2008.03.03 19:54:14.356,0.9676,0.9679,0.20,0.50
2008.03.03 19:54:14.555,0.9676,0.9679,0.20,0.50
2008.03.03 19:54:14.754,0.9676,0.9679,0.20,0.50
2008.03.03 19:54:14.952,0.9676,0.9679,0.20,0.50
2008.03.03 19:54:15.149,0.9676,0.9679,0.20,0.50
2008.03.03 19:54:15.348,0.9676,0.9679,0.20,0.50
2008.03.03 19:54:15.682,0.9676,0.9679,0.20,0.50
2008.03.03 19:54:16.015,0.9676,0.9679,0.20,0.50
2008.03.03 19:54:16.348,0.9676,0.9679,0.20,0.50
2008.03.03 19:54:16.567,0.9676,0.9679,0.20,0.50
2008.03.03 19:54:16.786,0.9676,0.9679,0.20,0.50
2008.03.03 19:54:17.016,0.9676,0.9679,0.20,0.50
2008.03.03 19:54:17.234,0.9676,0.9679,0.20,0.50
2008.03.03 19:54:17.452,0.9676,0.9679,0.20,0.50
2008.03.03 19:54:17.765,0.9676,0.9679,0.20,0.50
2008.03.03 19:54:18.078,0.9676,0.9679,0.20,0.50
2008.03.03 19:54:18.392,0.9676,0.9679,0.20,0.50
2008.03.03 19:54:18.726,0.9676,0.9679,0.20,0.50
2008.03.03 19:54:19.059,0.9676,0.9679,0.20,0.50
2008.03.03 19:54:19.393,0.9676,0.9679,0.20,0.50
2008.03.03 19:54:19.726,0.9676,0.9679,0.20,0.50
2008.03.03 19:54:19.945,0.9676,0.9679,0.20,0.50
2008.03.03 19:54:20.163,0.9676,0.9679,0.20,0.50
2008.03.03 19:54:20.399,0.9676,0.9679,0.20,0.50
2008.03.03 19:54:20.599,0.9676,0.9679,0.20,0.50
2008.03.03 19:54:20.923,0.9676,0.9679,0.20,0.50
2008.03.03 19:54:21.246,0.9676,0.9679,0.20,0.50
2008.03.03 19:54:21.569,0.9676,0.9679,0.20,0.50
2008.03.03 19:54:21.819,0.9676,0.9679,0.20,0.50
2008.03.03 19:54:22.053,0.9676,0.9679,0.20,0.50
2008.03.03 19:54:22.287,0.9676,0.9679,0.20,0.50
2008.03.03 19:54:22.521,0.9676,0.9679,0.20,0.50
2008.03.03 19:54:22.811,0.9676,0.9679,0.20,0.50
2008.03.03 19:54:23.100,0.9676,0.9679,0.20,0.50
2008.03.03 19:54:23.412,0.9676,0.9679,0.20,0.50
2008.03.03 19:54:23.700,0.9676,0.9679,0.20,0.50
2008.03.03 19:54:24.033,0.9676,0.9679,0.20,0.50
2008.03.03 19:54:24.366,0.9676,0.9679,0.20,0.50
2008.03.03 19:54:24.700,0.9676,0.9679,0.20,0.50
2008.03.03 19:54:24.918,0.9676,0.9679,0.20,0.50
2008.03.03 19:54:25.136,0.9676,0.9679,0.20,0.50
2008.03.03 19:54:25.354,0.9676,0.9679,0.20,0.50
2008.03.03 19:54:25.573,0.9676,0.9679,0.20,0.50
2008.03.03 19:54:25.861,0.9676,0.9679,0.20,0.50
2008.03.03 19:54:26.149,0.9676,0.9679,0.20,0.50
2008.03.03 19:54:26.438,0.9676,0.9679,0.20,0.50
2008.03.03 19:54:26.727,0.9676,0.9679,0.20,0.50
2008.03.03 19:54:26.986,0.9676,0.9679,0.20,0.50
2008.03.03 19:54:27.244,0.9676,0.9679,0.20,0.50
2008.03.03 19:54:27.501,0.9676,0.9679,0.20,0.50
2008.03.03 19:54:27.759,0.9676,0.9679,0.20,0.50
2008.03.03 19:54:28.007,0.9676,0.9679,0.20,0.50
2008.03.03 19:54:28.256,0.9676,0.9679,0.20,0.50
2008.03.03 19:54:28.504,0.9676,0.9679,0.20,0.50
2008.03.03 19:54:28.762,0.9676,0.9679,0.20,0.50
2008.03.03 19:54:29.101,0.9676,0.9679,0.20,0.50
2008.03.03 19:54:29.428,0.9676,0.9679,0.20,0.50
2008.03.03 19:54:29.760,0.9676,0.9679,0.20,0.50
2008.03.03 19:54:29.974,0.9676,0.9679,0.20,0.50
2008.03.03 19:54:30.188,0.9676,0.9679,0.20,0.50
2008.03.03 19:54:30.401,0.9676,0.9679,0.20,0.50
2008.03.03 19:54:30.613,0.9676,0.9679,0.20,0.50
2008.03.03 19:54:30.902,0.9676,0.9679,0.20,0.50
2008.03.03 19:54:31.189,0.9676,0.9679,0.20,0.50
2008.03.03 19:54:31.477,0.9676,0.9679,0.20,0.50
2008.03.03 19:54:31.765,0.9676,0.9679,0.20,0.50
2008.03.03 19:54:32.033,0.9676,0.9679,0.20,0.50
2008.03.03 19:54:32.301,0.9676,0.9679,0.20,0.50
2008.03.03 19:54:32.569,0.9676,0.9679,0.20,0.50
2008.03.03 19:54:32.841,0.9676,0.9679,0.20,0.50
2008.03.03 19:54:33.084,0.9676,0.9679,0.20,0.50
2008.03.03 19:54:33.326,0.9676,0.9679,0.20,0.50
2008.03.03 19:54:33.569,0.9676,0.9679,0.20,0.50
2008.03.03 19:54:33.812,0.9676,0.9679,0.20,0.50
2008.03.03 19:54:34.146,0.9676,0.9679,0.20,0.50
2008.03.03 19:54:34.479,0.9676,0.9679,0.20,0.50
2008.03.03 19:54:34.812,0.9676,0.9679,0.20,0.50
2008.03.03 19:54:35.019,0.9676,0.9679,0.20,0.50
2008.03.03 19:54:35.228,0.9676,0.9679,0.20,0.50
2008.03.03 19:54:35.439,0.9676,0.9679,0.20,0.50
2008.03.03 19:54:35.648,0.9676,0.9679,0.20,0.50
2008.03.03 19:54:35.855,0.9676,0.9679,0.20,0.50
2008.03.03 19:54:36.183,0.9676,0.9679,0.20,0.50
2008.03.03 19:54:36.513,0.9676,0.9679,0.20,0.50
2008.03.03 19:54:36.843,0.9676,0.9679,0.20,1.30
2008.03.03 19:54:37.050,0.9676,0.9679,0.20,1.30
2008.03.03 19:54:37.259,0.9676,0.96785,0.20,2.40
2008.03.03 19:54:37.467,0.9676,0.96785,0.20,2.40
2008.03.03 19:54:37.690,0.9676,0.96785,0.20,2.40
2008.03.03 19:54:37.898,0.9676,0.96785,0.20,2.40
2008.03.03 19:54:38.230,0.9676,0.96785,0.20,2.40
2008.03.03 19:54:38.564,0.9676,0.96785,0.20,2.40
2008.03.03 19:54:38.897,0.9676,0.96785,0.20,2.40
2008.03.03 19:54:39.225,0.9676,0.96785,0.20,2.40
2008.03.03 19:54:39.554,0.9676,0.96785,0.20,2.40
2008.03.03 19:54:39.882,0.9676,0.96785,0.20,2.40
2008.03.03 19:54:40.099,0.9676,0.96785,0.20,2.40
2008.03.03 19:54:40.317,0.9676,0.96785,0.20,2.40
2008.03.03 19:54:40.536,0.9676,0.96785,0.20,2.40
2008.03.03 19:54:40.753,0.9676,0.96785,0.20,2.40
2008.03.03 19:54:41.046,0.9676,0.96785,0.20,2.40
2008.03.03 19:54:41.340,0.9676,0.96785,0.20,2.40
2008.03.03 19:54:41.632,0.9676,0.96785,0.20,2.40
2008.03.03 19:54:41.933,0.9676,0.96785,0.20,2.40
2008.03.03 19:54:42.166,0.9676,0.96785,0.20,2.40
2008.03.03 19:54:42.400,0.96755,0.96785,0.10,2.40
2008.03.03 19:54:42.634,0.9675,0.96785,0.30,2.70
2008.03.03 19:54:42.867,0.9675,0.96785,0.30,2.70
2008.03.03 19:54:43.175,0.9675,0.96785,0.30,4.30
2008.03.03 19:54:43.483,0.9675,0.96785,0.30,4.30
2008.03.03 19:54:43.791,0.9675,0.96785,0.30,4.30
2008.03.03 19:54:44.100,0.9675,0.96785,0.30,4.30
2008.03.03 19:54:44.432,0.9675,0.96785,0.30,4.30
2008.03.03 19:54:44.765,0.9675,0.96785,0.30,4.30
2008.03.03 19:54:45.098,0.9675,0.96785,0.30,4.30
2008.03.03 19:54:45.307,0.9675,0.96785,0.30,4.30
2008.03.03 19:54:45.515,0.9675,0.96785,0.30,4.30
2008.03.03 19:54:45.723,0.9675,0.9678,0.20,0.40
2008.03.03 19:54:45.932,0.9675,0.9678,0.20,0.40
2008.03.03 19:54:46.257,0.9675,0.9678,0.20,0.40
2008.03.03 19:54:46.580,0.9675,0.9678,0.20,0.40
2008.03.03 19:54:46.903,0.9675,0.9678,0.20,0.40
2008.03.03 19:54:47.137,0.9675,0.9678,0.20,0.40
2008.03.03 19:54:47.370,0.9675,0.9678,0.20,0.40
2008.03.03 19:54:47.605,0.9675,0.9678,0.20,0.40
2008.03.03 19:54:47.837,0.9675,0.9678,0.20,0.40
2008.03.03 19:54:48.071,0.9675,0.9678,0.20,0.40
2008.03.03 19:54:48.404,0.9675,0.9678,0.20,0.40
2008.03.03 19:54:48.739,0.9675,0.96765,0.20,0.40
2008.03.03 19:54:49.073,0.96735,0.96765,4.00,2.70
2008.03.03 19:54:49.307,0.9673,0.96765,0.10,14.70
2008.03.03 19:54:49.541,0.9673,0.96765,0.10,14.70
2008.03.03 19:54:49.775,0.96725,0.96755,2.40,0.40
2008.03.03 19:54:50.010,0.96725,0.96755,2.40,0.40
2008.03.03 19:54:50.329,0.96725,0.96755,2.40,1.90
2008.03.03 19:54:50.648,0.96725,0.96755,2.40,1.90
2008.03.03 19:54:50.967,0.96725,0.96755,2.40,1.90
2008.03.03 19:54:51.286,0.96725,0.96755,2.40,1.90
2008.03.03 19:54:51.524,0.96725,0.96755,2.40,1.90
2008.03.03 19:54:51.762,0.96725,0.96755,2.40,1.60
2008.03.03 19:54:52.003,0.96725,0.9676,2.40,1.10
2008.03.03 19:54:52.295,0.96725,0.9676,2.40,1.10
2008.03.03 19:54:52.590,0.96725,0.96755,2.40,0.40
2008.03.03 19:54:52.885,0.96725,0.96755,2.40,0.40
2008.03.03 19:54:53.196,0.96725,0.96755,2.40,0.40
2008.03.03 19:54:53.530,0.96725,0.96755,2.40,0.40
2008.03.03 19:54:53.863,0.96725,0.96755,2.40,0.40
2008.03.03 19:54:54.197,0.96725,0.96755,2.40,0.40
2008.03.03 19:54:54.421,0.96725,0.96755,2.40,0.40
2008.03.03 19:54:54.664,0.96725,0.96755,2.40,0.40
2008.03.03 19:54:54.886,0.96725,0.96755,2.40,0.40
2008.03.03 19:54:55.110,0.96725,0.96755,2.40,0.40
2008.03.03 19:54:55.388,0.96725,0.96755,2.40,0.40
2008.03.03 19:54:55.666,0.96725,0.96755,2.40,0.40
2008.03.03 19:54:55.944,0.96725,0.96755,2.40,0.40
2008.03.03 19:54:56.222,0.96725,0.96755,2.40,0.40
2008.03.03 19:54:56.491,0.96725,0.9676,4.80,5.30
2008.03.03 19:54:56.759,0.9673,0.9676,0.20,0.50
2008.03.03 19:54:57.028,0.9673,0.9676,0.20,0.50
2008.03.03 19:54:57.297,0.9673,0.9676,0.20,0.50
2008.03.03 19:54:57.575,0.9673,0.9676,0.20,0.50
2008.03.03 19:54:57.855,0.9673,0.9676,0.20,0.50
2008.03.03 19:54:58.133,0.9673,0.9676,0.20,0.50
2008.03.03 19:54:58.466,0.9673,0.9676,0.20,0.50
2008.03.03 19:54:58.802,0.9673,0.9676,0.20,0.50
2008.03.03 19:54:59.135,0.9673,0.9676,0.20,0.50
2008.03.03 19:54:59.470,0.9673,0.9676,0.20,0.50
2008.03.03 19:54:59.682,0.9673,0.9676,0.20,0.50
2008.03.03 19:54:59.894,0.9673,0.9676,0.20,0.50
2008.03.03 19:55:00.108,0.9673,0.9676,0.20,0.50
2008.03.03 19:55:00.321,0.9673,0.9676,0.30,0.30
2008.03.03 19:55:00.630,0.9673,0.96765,0.30,2.70
2008.03.03 19:55:00.939,0.9673,0.96765,0.30,2.70
2008.03.03 19:55:01.264,0.9673,0.96765,0.30,2.70
2008.03.03 19:55:01.518,0.96735,0.96765,2.40,0.40
2008.03.03 19:55:01.773,0.9674,0.9677,0.10,4.00
2008.03.03 19:55:02.026,0.9674,0.96775,0.10,4.30
2008.03.03 19:55:02.281,0.96735,0.9677,2.40,0.40
2008.03.03 19:55:02.569,0.96735,0.9677,2.40,0.40
2008.03.03 19:55:02.857,0.96735,0.9677,2.40,0.40
2008.03.03 19:55:03.145,0.96735,0.9677,2.40,0.40
2008.03.03 19:55:03.434,0.96745,0.96775,0.10,10.40
2008.03.03 19:55:03.768,0.96745,0.96775,0.10,2.40
2008.03.03 19:55:04.102,0.96745,0.96775,0.10,2.40
2008.03.03 19:55:04.452,0.96745,0.96775,0.10,2.40
2008.03.03 19:55:04.658,0.96745,0.96775,0.10,2.40
2008.03.03 19:55:04.882,0.96745,0.96775,0.10,2.40
2008.03.03 19:55:05.105,0.96745,0.96775,0.10,2.40
2008.03.03 19:55:05.343,0.96745,0.96775,0.10,2.40
2008.03.03 19:55:05.631,0.96745,0.96775,0.10,2.40
2008.03.03 19:55:05.921,0.96745,0.96775,0.10,2.40
2008.03.03 19:55:06.211,0.9675,0.96785,0.10,10.70
2008.03.03 19:55:06.500,0.9675,0.96785,0.10,5.90
2008.03.03 19:55:06.773,0.9675,0.96785,0.30,3.50
2008.03.03 19:55:07.046,0.9675,0.96785,0.30,4.30
2008.03.03 19:55:07.320,0.96755,0.96785,0.10,4.00
2008.03.03 19:55:07.594,0.96755,0.96785,0.10,4.00
2008.03.03 19:55:07.872,0.96755,0.96785,0.10,4.00
2008.03.03 19:55:08.152,0.9676,0.96785,0.20,4.00
2008.03.03 19:55:08.431,0.9676,0.96785,0.20,4.00
2008.03.03 19:55:08.767,0.9676,0.96785,0.20,4.00
2008.03.03 19:55:09.116,0.9676,0.96785,0.20,4.00
2008.03.03 19:55:09.466,0.9676,0.96785,0.20,2.40
2008.03.03 19:55:09.662,0.9676,0.96785,0.20,2.40
2008.03.03 19:55:09.875,0.9676,0.96785,0.20,2.40
2008.03.03 19:55:10.090,0.9675,0.9678,0.30,1.30
2008.03.03 19:55:10.312,0.9675,0.96775,0.30,2.40
2008.03.03 19:55:10.542,0.9675,0.96775,0.30,2.40
2008.03.03 19:55:10.888,0.9675,0.96775,0.20,2.70
2008.03.03 19:55:11.216,0.9675,0.96775,0.20,4.30
2008.03.03 19:55:11.561,0.96735,0.96765,2.40,0.40
2008.03.03 19:55:11.784,0.96735,0.96765,2.40,0.40
2008.03.03 19:55:12.022,0.96735,0.96765,2.40,0.40
2008.03.03 19:55:12.259,0.96735,0.96765,2.40,0.40
2008.03.03 19:55:12.498,0.96735,0.96765,2.40,0.40
2008.03.03 19:55:12.824,0.96735,0.96765,2.40,0.40
2008.03.03 19:55:13.132,0.96735,0.96765,2.40,0.40
2008.03.03 19:55:13.442,0.96735,0.9677,2.40,4.30
2008.03.03 19:55:13.750,0.96735,0.9676,2.40,0.40
2008.03.03 19:55:14.084,0.9673,0.9676,0.20,0.40
2008.03.03 19:55:14.416,0.9673,0.9676,0.20,0.40
2008.03.03 19:55:14.750,0.9673,0.9676,0.20,0.50
2008.03.03 19:55:14.970,0.96735,0.96765,0.10,5.60
2008.03.03 19:55:15.188,0.96735,0.9677,2.40,0.40
2008.03.03 19:55:15.407,0.9673,0.9676,0.20,0.40
2008.03.03 19:55:15.630,0.9673,0.9676,0.20,0.40
2008.03.03 19:55:15.980,0.9673,0.9676,0.20,0.50
2008.03.03 19:55:16.296,0.96725,0.96755,2.40,0.40
2008.03.03 19:55:16.629,0.96725,0.9676,2.40,0.50
2008.03.03 19:55:16.873,0.96725,0.9676,2.40,0.50
2008.03.03 19:55:17.116,0.96725,0.96755,2.40,0.40
2008.03.03 19:55:17.359,0.9673,0.9676,0.10,0.50
2008.03.03 19:55:17.603,0.9673,0.9676,0.10,0.40
2008.03.03 19:55:17.846,0.9673,0.9676,0.10,0.40
2008.03.03 19:55:18.130,0.9673,0.9676,0.10,0.40
2008.03.03 19:55:18.439,0.9673,0.9676,0.10,0.40
2008.03.03 19:55:18.722,0.9673,0.9676,0.10,0.40
2008.03.03 19:55:19.055,0.9673,0.96765,0.10,9.10
2008.03.03 19:55:19.389,0.9673,0.96765,0.10,13.10
2008.03.03 19:55:19.723,0.9673,0.96765,0.10,9.10
2008.03.03 19:55:19.941,0.9673,0.96765,0.10,2.70
2008.03.03 19:55:20.160,0.9673,0.96765,0.30,2.70
2008.03.03 19:55:20.379,0.9673,0.96765,0.30,2.70
2008.03.03 19:55:20.597,0.9673,0.96765,0.30,2.70
2008.03.03 19:55:20.816,0.9673,0.96765,0.30,2.70
2008.03.03 19:55:21.110,0.9673,0.96765,0.30,4.30
2008.03.03 19:55:21.404,0.96725,0.9676,4.80,0.40
2008.03.03 19:55:21.698,0.96725,0.9676,2.40,0.40
2008.03.03 19:55:21.976,0.9672,0.96755,0.30,2.70
2008.03.03 19:55:22.267,0.9672,0.96755,0.30,0.40
2008.03.03 19:55:22.542,0.9672,0.96755,0.30,0.40
2008.03.03 19:55:22.815,0.96725,0.9676,2.40,5.30
2008.03.03 19:55:23.085,0.96725,0.9676,2.40,1.10
2008.03.03 19:55:23.354,0.96725,0.9676,2.40,0.40
2008.03.03 19:55:23.623,0.96725,0.9676,2.40,0.40
2008.03.03 19:55:23.890,0.96725,0.9676,2.40,0.40
2008.03.03 19:55:24.224,0.96725,0.9676,2.40,0.40
2008.03.03 19:55:24.557,0.96725,0.9676,2.40,0.40
2008.03.03 19:55:24.891,0.96725,0.9676,2.40,0.40
2008.03.03 19:55:25.095,0.96725,0.9676,2.40,0.40
2008.03.03 19:55:25.299,0.96725,0.9676,2.40,0.40
2008.03.03 19:55:25.504,0.96715,0.9675,9.40,0.40
2008.03.03 19:55:25.708,0.96715,0.9675,6.40,0.40
2008.03.03 19:55:25.929,0.96715,0.9675,2.40,1.10
2008.03.03 19:55:26.266,0.96715,0.9675,2.40,1.10
2008.03.03 19:55:26.602,0.9672,0.9675,0.10,0.80
2008.03.03 19:55:26.936,0.9672,0.9675,0.10,0.80
2008.03.03 19:55:27.169,0.9672,0.9675,0.10,0.80
2008.03.03 19:55:27.402,0.9672,0.9675,0.10,0.80
2008.03.03 19:55:27.635,0.9672,0.96745,0.10,0.80
2008.03.03 19:55:27.869,0.9672,0.96725,0.10,0.50
2008.03.03 19:55:28.172,0.96715,0.96745,2.40,1.90
2008.03.03 19:55:28.476,0.96715,0.96745,2.40,1.90
2008.03.03 19:55:28.781,0.96715,0.96745,2.40,1.10
2008.03.03 19:55:29.084,0.96715,0.96745,2.40,1.10
2008.03.03 19:55:29.418,0.96715,0.96745,2.40,0.40
2008.03.03 19:55:29.751,0.96715,0.9675,2.40,1.10
2008.03.03 19:55:30.085,0.96715,0.9675,2.40,1.10
2008.03.03 19:55:30.293,0.96715,0.9675,2.40,1.10
2008.03.03 19:55:30.502,0.96715,0.9675,2.40,1.10
2008.03.03 19:55:30.716,0.96715,0.9675,2.40,1.10
2008.03.03 19:55:30.925,0.96715,0.9675,2.40,1.10
2008.03.03 19:55:31.259,0.96715,0.9675,2.40,1.10
2008.03.03 19:55:31.594,0.96715,0.96745,2.40,0.40
2008.03.03 19:55:31.928,0.9671,0.96745,0.30,2.70
2008.03.03 19:55:32.262,0.96705,0.9674,7.20,0.40
2008.03.03 19:55:32.475,0.96705,0.9674,2.40,0.40
2008.03.03 19:55:32.689,0.9671,0.96745,0.10,13.90
2008.03.03 19:55:32.903,0.9671,0.9674,0.10,0.80
2008.03.03 19:55:33.118,0.96705,0.96735,2.40,0.40
2008.03.03 19:55:33.452,0.967,0.96725,0.30,2.40
2008.03.03 19:55:33.787,0.967,0.96715,0.10,2.40
2008.03.03 19:55:34.121,0.9668,0.9671,0.20,0.50
2008.03.03 19:55:34.364,0.9668,0.9671,0.20,0.50
2008.03.03 19:55:34.608,0.9668,0.9671,0.20,0.50
2008.03.03 19:55:34.851,0.9668,0.9671,0.20,0.50
2008.03.03 19:55:35.095,0.9668,0.9671,0.20,0.50
2008.03.03 19:55:35.410,0.9668,0.9671,0.20,0.50
2008.03.03 19:55:35.709,0.9668,0.9671,0.20,0.50
2008.03.03 19:55:36.007,0.9668,0.9671,0.20,0.50
2008.03.03 19:55:36.265,0.9668,0.9671,0.20,0.50
2008.03.03 19:55:36.524,0.9668,0.9671,0.20,0.50
2008.03.03 19:55:36.784,0.9668,0.9671,0.20,0.50
2008.03.03 19:55:37.055,0.9668,0.9671,0.20,0.50
2008.03.03 19:55:37.344,0.9668,0.9671,0.20,0.50
2008.03.03 19:55:37.629,0.9668,0.9671,0.20,0.50
2008.03.03 19:55:37.881,0.9668,0.9671,0.30,0.30
2008.03.03 19:55:38.151,0.9669,0.96715,0.20,0.40
2008.03.03 19:55:38.485,0.9669,0.9672,0.20,4.30
2008.03.03 19:55:38.836,0.9669,0.96725,0.10,2.70
2008.03.03 19:55:39.152,0.9669,0.96725,0.10,2.70
2008.03.03 19:55:39.396,0.9669,0.96725,0.10,2.70
2008.03.03 19:55:39.640,0.9669,0.96725,0.30,2.70
2008.03.03 19:55:39.882,0.9669,0.96725,0.30,2.70
2008.03.03 19:55:40.126,0.9669,0.96725,0.30,2.70
2008.03.03 19:55:40.415,0.9669,0.96725,0.30,2.70
2008.03.03 19:55:40.710,0.9669,0.96725,0.30,2.70
2008.03.03 19:55:41.001,0.967,0.96725,0.30,2.40
2008.03.03 19:55:41.307,0.967,0.9673,0.30,0.80
2008.03.03 19:55:41.577,0.967,0.96735,0.30,4.30
2008.03.03 19:55:41.846,0.967,0.96735,0.30,4.30
2008.03.03 19:55:42.116,0.96695,0.96725,2.40,0.40
2008.03.03 19:55:42.394,0.96695,0.96725,2.40,0.40
2008.03.03 19:55:42.673,0.96695,0.9673,2.40,0.40
2008.03.03 19:55:42.953,0.96695,0.9673,2.40,1.10
2008.03.03 19:55:43.231,0.9669,0.96725,0.30,2.70
2008.03.03 19:55:43.565,0.9669,0.96725,0.30,2.70
2008.03.03 19:55:43.897,0.9669,0.96725,0.30,2.70
2008.03.03 19:55:44.230,0.9669,0.96725,0.30,2.70
2008.03.03 19:55:44.459,0.9669,0.96725,0.30,2.70
2008.03.03 19:55:44.696,0.9669,0.96725,0.30,2.70
2008.03.03 19:55:44.896,0.9669,0.96725,0.30,2.70
2008.03.03 19:55:45.116,0.9669,0.96725,0.30,2.70
2008.03.03 19:55:45.451,0.9669,0.96725,0.30,2.70
2008.03.03 19:55:45.784,0.9669,0.96725,0.30,2.70
2008.03.03 19:55:46.118,0.9669,0.96725,0.30,2.70
2008.03.03 19:55:46.322,0.9669,0.96725,0.30,2.70
2008.03.03 19:55:46.525,0.9669,0.96725,0.30,2.70
2008.03.03 19:55:46.727,0.9669,0.96725,0.30,2.70
2008.03.03 19:55:46.930,0.9669,0.96725,0.30,2.70
2008.03.03 19:55:47.133,0.9669,0.96725,0.30,2.70
2008.03.03 19:55:47.467,0.9669,0.96725,0.30,2.70
2008.03.03 19:55:47.801,0.96695,0.96725,0.10,2.40
2008.03.03 19:55:48.135,0.96695,0.96725,0.10,2.40
2008.03.03 19:55:48.469,0.96695,0.96725,0.10,2.40
2008.03.03 19:55:48.805,0.96695,0.9673,2.40,4.30
2008.03.03 19:55:49.138,0.967,0.96735,0.10,9.10
2008.03.03 19:55:49.352,0.96705,0.9673,2.40,0.40
2008.03.03 19:55:49.567,0.96695,0.9673,2.40,0.40
2008.03.03 19:55:49.782,0.967,0.9673,0.20,0.40
2008.03.03 19:55:50.000,0.967,0.9673,0.20,0.50
2008.03.03 19:55:50.214,0.967,0.9673,0.20,0.50
2008.03.03 19:55:50.548,0.967,0.9673,0.20,0.50
2008.03.03 19:55:50.882,0.967,0.9673,0.20,0.50
2008.03.03 19:55:51.214,0.967,0.9673,0.20,0.50
2008.03.03 19:55:51.423,0.967,0.9673,0.20,0.50
2008.03.03 19:55:51.633,0.967,0.9673,0.20,0.50
2008.03.03 19:55:51.842,0.967,0.9673,0.20,0.50
2008.03.03 19:55:52.051,0.967,0.9673,0.30,0.50
2008.03.03 19:55:52.259,0.967,0.9673,0.30,0.50
2008.03.03 19:55:52.585,0.967,0.9673,0.30,0.50
2008.03.03 19:55:52.876,0.967,0.9673,0.30,0.50
2008.03.03 19:55:53.184,0.967,0.9673,0.30,0.50
2008.03.03 19:55:53.510,0.967,0.9673,0.30,0.50
2008.03.03 19:55:53.842,0.967,0.9673,0.30,0.50
2008.03.03 19:55:54.175,0.967,0.9673,0.30,0.50
2008.03.03 19:55:54.508,0.967,0.9673,0.30,0.50
2008.03.03 19:55:54.722,0.967,0.9673,0.20,0.50
2008.03.03 19:55:54.945,0.967,0.9673,0.20,0.50
2008.03.03 19:55:55.158,0.967,0.9673,0.20,0.50
2008.03.03 19:55:55.372,0.967,0.9673,0.20,0.50
2008.03.03 19:55:55.679,0.967,0.9673,0.20,0.50
2008.03.03 19:55:55.987,0.967,0.9673,0.20,0.50
2008.03.03 19:55:56.295,0.967,0.9673,0.20,0.50
2008.03.03 19:55:56.603,0.967,0.9673,0.20,0.50
2008.03.03 19:55:56.851,0.967,0.9673,0.20,0.50
2008.03.03 19:55:57.100,0.9671,0.96735,0.20,6.40
2008.03.03 19:55:57.349,0.9671,0.96735,0.20,4.00
2008.03.03 19:55:57.617,0.9671,0.9674,0.20,1.30
2008.03.03 19:55:57.885,0.9671,0.9674,0.20,1.30
2008.03.03 19:55:58.153,0.9671,0.9674,0.20,1.30
2008.03.03 19:55:58.421,0.9671,0.9674,0.20,1.30
2008.03.03 19:55:58.754,0.9671,0.9674,0.20,1.30
2008.03.03 19:55:59.087,0.9671,0.9674,0.20,1.30
2008.03.03 19:55:59.421,0.9671,0.9674,0.20,0.50
2008.03.03 19:55:59.650,0.9671,0.9674,0.20,1.30
2008.03.03 19:55:59.879,0.9671,0.9674,0.20,0.50
2008.03.03 19:56:00.108,0.9671,0.9674,0.20,1.30
2008.03.03 19:56:00.337,0.9671,0.9673,0.20,0.80
2008.03.03 19:56:00.565,0.9671,0.9673,0.20,0.80
2008.03.03 19:56:00.848,0.9671,0.9673,0.20,0.80
2008.03.03 19:56:01.132,0.9671,0.9673,0.20,0.80
2008.03.03 19:56:01.416,0.9671,0.9673,0.20,0.80
2008.03.03 19:56:01.664,0.9671,0.9673,0.20,0.80
2008.03.03 19:56:01.913,0.9671,0.9673,0.20,0.80
2008.03.03 19:56:02.161,0.9671,0.96735,0.20,4.00
2008.03.03 19:56:02.411,0.9671,0.96735,0.20,4.00
2008.03.03 19:56:02.678,0.9671,0.96735,0.20,4.00
2008.03.03 19:56:02.955,0.9671,0.96735,0.20,4.00
2008.03.03 19:56:03.223,0.9671,0.96735,0.20,4.00
2008.03.03 19:56:03.492,0.9671,0.96735,0.20,4.00
2008.03.03 19:56:03.825,0.9671,0.9673,0.20,0.80
2008.03.03 19:56:04.176,0.9671,0.96735,0.20,4.00
2008.03.03 19:56:04.494,0.9671,0.9674,0.30,0.80
2008.03.03 19:56:04.718,0.9671,0.96745,0.30,10.70
2008.03.03 19:56:04.940,0.9671,0.96745,0.30,10.70
2008.03.03 19:56:05.164,0.9671,0.96745,0.30,10.70
2008.03.03 19:56:05.388,0.9671,0.96745,0.30,10.70
2008.03.03 19:56:05.612,0.9671,0.96745,0.30,10.70
2008.03.03 19:56:05.937,0.9671,0.9674,0.30,0.30
2008.03.03 19:56:06.263,0.9671,0.9674,0.20,0.50
2008.03.03 19:56:06.586,0.9671,0.9674,0.20,0.50
2008.03.03 19:56:06.820,0.9671,0.9674,0.20,0.50
2008.03.03 19:56:07.054,0.9671,0.9674,0.20,0.50
2008.03.03 19:56:07.290,0.9672,0.9674,0.20,0.40
2008.03.03 19:56:07.524,0.9672,0.96745,0.20,10.40
2008.03.03 19:56:07.836,0.9672,0.96745,0.20,4.00
2008.03.03 19:56:08.145,0.9672,0.96745,0.20,4.00
2008.03.03 19:56:08.473,0.9672,0.96745,0.20,2.40
2008.03.03 19:56:08.824,0.9672,0.96745,0.20,2.40
2008.03.03 19:56:09.156,0.9672,0.96745,0.20,2.40
2008.03.03 19:56:09.490,0.9672,0.96745,0.20,2.40
2008.03.03 19:56:09.713,0.9672,0.96745,0.20,2.40
2008.03.03 19:56:09.937,0.9672,0.96745,0.20,2.40
2008.03.03 19:56:10.160,0.9672,0.96745,0.20,2.40
2008.03.03 19:56:10.384,0.9672,0.96745,0.20,2.40
2008.03.03 19:56:10.608,0.9672,0.96745,0.20,2.40
2008.03.03 19:56:10.902,0.9672,0.96745,0.20,2.40
2008.03.03 19:56:11.197,0.9672,0.96755,0.30,8.30
2008.03.03 19:56:11.502,0.9672,0.96755,0.30,8.30
2008.03.03 19:56:11.746,0.9672,0.96755,0.30,8.30
2008.03.03 19:56:11.988,0.9672,0.96755,0.30,8.30
2008.03.03 19:56:12.232,0.9672,0.96755,0.30,8.30
2008.03.03 19:56:12.477,0.96715,0.96745,2.40,0.40
2008.03.03 19:56:12.722,0.9671,0.96745,0.30,6.70
2008.03.03 19:56:13.015,0.9671,0.96745,0.30,6.70
2008.03.03 19:56:13.325,0.9671,0.96745,0.30,6.70
2008.03.03 19:56:13.618,0.9671,0.96745,0.30,8.30
2008.03.03 19:56:13.952,0.9671,0.9674,0.30,0.30
2008.03.03 19:56:14.288,0.9671,0.9674,0.30,0.30
2008.03.03 19:56:14.621,0.9671,0.9674,0.20,1.30
2008.03.03 19:56:14.844,0.9671,0.9674,0.20,1.30
2008.03.03 19:56:15.068,0.9671,0.9674,0.20,1.30
2008.03.03 19:56:15.292,0.9671,0.9674,0.20,1.30
2008.03.03 19:56:15.517,0.9671,0.9674,0.20,1.30
2008.03.03 19:56:15.741,0.9671,0.9674,0.30,0.30
2008.03.03 19:56:16.046,0.96715,0.96745,0.10,6.40
2008.03.03 19:56:16.351,0.9672,0.9675,0.10,5.00
2008.03.03 19:56:16.655,0.96715,0.96745,4.80,0.40
2008.03.03 19:56:16.921,0.96715,0.96745,2.40,0.40
2008.03.03 19:56:17.186,0.96715,0.96745,2.40,0.40
2008.03.03 19:56:17.450,0.96715,0.96745,2.40,0.40
2008.03.03 19:56:17.727,0.96715,0.96745,2.40,0.40
2008.03.03 19:56:18.025,0.96715,0.96745,2.40,0.40
2008.03.03 19:56:18.308,0.96715,0.96745,2.40,0.40
2008.03.03 19:56:18.593,0.96715,0.96745,2.40,0.40
2008.03.03 19:56:18.926,0.9671,0.96745,0.30,2.70
2008.03.03 19:56:19.276,0.9671,0.96745,0.30,2.70
2008.03.03 19:56:19.627,0.9671,0.96745,0.30,2.70
2008.03.03 19:56:19.837,0.9671,0.96745,0.30,2.70
2008.03.03 19:56:20.065,0.9671,0.96745,0.30,2.70
2008.03.03 19:56:20.293,0.9671,0.96745,0.30,2.70
2008.03.03 19:56:20.520,0.9671,0.96745,0.30,2.70
2008.03.03 19:56:20.750,0.9671,0.96745,0.30,2.70
2008.03.03 19:56:21.048,0.9671,0.96745,0.30,2.70
2008.03.03 19:56:21.347,0.9671,0.96745,0.30,2.70
2008.03.03 19:56:21.644,0.9671,0.96745,0.30,2.70
2008.03.03 19:56:21.867,0.9671,0.96745,0.30,2.70
2008.03.03 19:56:22.090,0.9671,0.96745,0.30,2.70
2008.03.03 19:56:22.333,0.9671,0.96745,0.30,2.70
2008.03.03 19:56:22.557,0.9671,0.96745,0.30,2.70
2008.03.03 19:56:22.781,0.9671,0.96745,0.30,2.70
2008.03.03 19:56:23.083,0.9671,0.96745,0.30,2.70
2008.03.03 19:56:23.386,0.9671,0.96745,0.30,2.70
2008.03.03 19:56:23.690,0.9671,0.96745,0.30,2.70
2008.03.03 19:56:23.993,0.9671,0.96745,0.30,2.70
2008.03.03 19:56:24.327,0.9671,0.96745,0.30,2.70
2008.03.03 19:56:24.661,0.9671,0.96745,0.30,2.70
2008.03.03 19:56:24.994,0.9671,0.96745,0.30,2.70
2008.03.03 19:56:25.212,0.9671,0.96745,0.30,2.70
2008.03.03 19:56:25.430,0.96715,0.96745,0.10,2.40
2008.03.03 19:56:25.650,0.96715,0.9675,2.40,5.10
2008.03.03 19:56:25.869,0.96715,0.9675,2.40,0.40
2008.03.03 19:56:26.203,0.96715,0.9675,2.40,0.40
2008.03.03 19:56:26.537,0.96715,0.9675,2.40,0.40
2008.03.03 19:56:26.871,0.96715,0.9675,2.40,0.40
2008.03.03 19:56:27.099,0.96715,0.9675,2.40,0.40
2008.03.03 19:56:27.317,0.96715,0.9675,2.40,0.40
2008.03.03 19:56:27.535,0.96715,0.9675,2.40,0.40
2008.03.03 19:56:27.754,0.96715,0.9675,2.40,0.40
2008.03.03 19:56:27.983,0.96715,0.9675,2.40,0.40
2008.03.03 19:56:28.306,0.96715,0.9675,2.40,0.40
2008.03.03 19:56:28.640,0.96715,0.9675,2.40,0.40
2008.03.03 19:56:28.974,0.96715,0.9675,2.40,0.40
2008.03.03 19:56:29.292,0.96715,0.9675,2.40,0.40
2008.03.03 19:56:29.610,0.96715,0.9675,2.40,0.40
2008.03.03 19:56:29.931,0.96715,0.9675,2.40,0.40
2008.03.03 19:56:30.164,0.96715,0.9675,2.40,0.40
2008.03.03 19:56:30.398,0.96715,0.9675,2.40,0.40
2008.03.03 19:56:30.632,0.9672,0.96755,0.10,8.30
2008.03.03 19:56:30.866,0.9672,0.96755,0.10,3.50
2008.03.03 19:56:31.117,0.9672,0.96755,0.30,2.70
2008.03.03 19:56:31.450,0.9672,0.96755,0.30,2.70
2008.03.03 19:56:31.782,0.9672,0.96755,0.30,2.70
2008.03.03 19:56:32.116,0.9672,0.96755,0.30,2.70
2008.03.03 19:56:32.334,0.9672,0.96755,0.30,2.70
2008.03.03 19:56:32.554,0.9672,0.96755,0.30,2.70
2008.03.03 19:56:32.773,0.9672,0.96755,0.30,2.70
2008.03.03 19:56:32.993,0.9672,0.96755,0.30,2.70
2008.03.03 19:56:33.272,0.9672,0.96755,0.30,2.70
2008.03.03 19:56:33.548,0.9672,0.96755,0.30,2.70
2008.03.03 19:56:33.828,0.9672,0.96755,0.30,2.70
2008.03.03 19:56:34.106,0.9672,0.96755,0.30,2.70
2008.03.03 19:56:34.441,0.96725,0.9676,2.40,5.10
2008.03.03 19:56:34.774,0.96725,0.9676,2.40,0.40
2008.03.03 19:56:35.108,0.96725,0.9676,2.40,0.40
2008.03.03 19:56:35.330,0.96725,0.9676,2.40,0.40
2008.03.03 19:56:35.570,0.96725,0.9676,2.40,0.40
2008.03.03 19:56:35.793,0.96725,0.9676,2.40,0.40
2008.03.03 19:56:36.016,0.96725,0.9676,2.40,0.40
2008.03.03 19:56:36.290,0.96725,0.9676,2.40,0.40
2008.03.03 19:56:36.562,0.96725,0.9676,2.40,0.40
2008.03.03 19:56:36.835,0.96725,0.9676,2.40,0.40
2008.03.03 19:56:37.109,0.96725,0.9676,2.40,0.40
2008.03.03 19:56:37.362,0.96725,0.9676,2.40,0.40
2008.03.03 19:56:37.616,0.96725,0.9676,2.40,0.40
2008.03.03 19:56:37.869,0.96725,0.9676,2.40,0.40
2008.03.03 19:56:38.123,0.96725,0.9676,2.40,0.40
2008.03.03 19:56:38.456,0.96725,0.9676,2.40,0.40
2008.03.03 19:56:38.791,0.9674,0.96765,0.30,4.80
2008.03.03 19:56:39.125,0.9674,0.96775,0.30,8.30
2008.03.03 19:56:39.338,0.9674,0.96775,0.30,4.30
2008.03.03 19:56:39.555,0.9674,0.96775,0.30,4.30
2008.03.03 19:56:39.770,0.9674,0.96775,0.30,4.30
2008.03.03 19:56:39.983,0.9674,0.96775,0.30,4.30
2008.03.03 19:56:40.196,0.9674,0.96775,0.30,4.30
2008.03.03 19:56:40.529,0.9674,0.96775,0.30,4.30
2008.03.03 19:56:40.896,0.9674,0.96775,0.30,4.30
2008.03.03 19:56:41.250,0.9674,0.9677,0.10,0.80
2008.03.03 19:56:41.442,0.96735,0.9677,4.80,1.10
2008.03.03 19:56:41.651,0.96735,0.9677,2.40,1.10
2008.03.03 19:56:41.860,0.96735,0.96765,0.10,4.00
2008.03.03 19:56:42.068,0.9673,0.96765,0.30,4.30
2008.03.03 19:56:42.296,0.9673,0.96765,0.30,4.30
2008.03.03 19:56:42.610,0.9673,0.96765,0.30,4.30
2008.03.03 19:56:42.943,0.9673,0.96765,0.30,4.30
2008.03.03 19:56:43.277,0.9673,0.96765,0.30,4.30
2008.03.03 19:56:43.596,0.9673,0.96765,0.30,4.30
2008.03.03 19:56:43.915,0.9673,0.96765,0.30,4.30
2008.03.03 19:56:44.234,0.9673,0.96765,0.30,3.50
2008.03.03 19:56:44.553,0.9673,0.96765,0.30,4.30
2008.03.03 19:56:44.810,0.96725,0.9676,7.20,0.40
2008.03.03 19:56:45.072,0.96725,0.9676,2.40,0.40
2008.03.03 19:56:45.299,0.96725,0.9676,2.40,0.40
2008.03.03 19:56:45.563,0.96725,0.9676,2.40,0.40
2008.03.03 19:56:45.828,0.96725,0.9676,2.40,0.40
2008.03.03 19:56:46.107,0.96725,0.9676,2.40,0.40
2008.03.03 19:56:46.371,0.96725,0.9676,2.40,0.40
2008.03.03 19:56:46.638,0.9672,0.96755,0.30,2.70
2008.03.03 19:56:46.908,0.9672,0.96755,0.30,2.70
2008.03.03 19:56:47.176,0.9672,0.96755,0.30,2.70
2008.03.03 19:56:47.445,0.9672,0.96755,0.30,2.70
2008.03.03 19:56:47.743,0.9672,0.96755,0.30,2.70
2008.03.03 19:56:48.039,0.9672,0.96755,0.30,2.70
2008.03.03 19:56:48.338,0.9672,0.96755,0.30,2.70
2008.03.03 19:56:48.617,0.9672,0.96755,0.30,2.70
2008.03.03 19:56:48.949,0.9672,0.96755,0.30,2.70
2008.03.03 19:56:49.282,0.9672,0.96755,0.30,2.70
2008.03.03 19:56:49.616,0.9672,0.96755,0.30,2.70
2008.03.03 19:56:49.829,0.9672,0.96755,0.30,2.70
2008.03.03 19:56:50.037,0.9672,0.96755,0.30,2.70
2008.03.03 19:56:50.244,0.9672,0.96755,0.30,2.70
2008.03.03 19:56:50.452,0.9672,0.96755,0.30,2.70
2008.03.03 19:56:50.661,0.9672,0.96755,0.30,2.70
2008.03.03 19:56:50.955,0.9672,0.96755,0.30,2.70
2008.03.03 19:56:51.248,0.9672,0.96755,0.30,2.70
2008.03.03 19:56:51.543,0.9672,0.9675,0.20,0.40
2008.03.03 19:56:51.837,0.9672,0.9675,0.20,0.40
2008.03.03 19:56:52.096,0.9672,0.9675,0.20,0.50
2008.03.03 19:56:52.355,0.9672,0.9675,0.20,0.50
2008.03.03 19:56:52.634,0.9672,0.9675,0.20,0.50
2008.03.03 19:56:52.891,0.9672,0.9675,0.20,0.50
2008.03.03 19:56:53.190,0.9672,0.9675,0.20,0.50
2008.03.03 19:56:53.505,0.9672,0.9675,0.20,0.50
2008.03.03 19:56:53.787,0.9672,0.9675,0.20,0.50
2008.03.03 19:56:54.120,0.9672,0.9675,0.20,0.50
2008.03.03 19:56:54.453,0.9672,0.9675,0.20,0.50
2008.03.03 19:56:54.786,0.9672,0.9675,0.20,0.50
2008.03.03 19:56:55.017,0.9672,0.9675,0.20,0.50
2008.03.03 19:56:55.212,0.9672,0.9675,0.20,0.50
2008.03.03 19:56:55.425,0.9672,0.9675,0.20,0.50
2008.03.03 19:56:55.638,0.9672,0.9675,0.20,0.50
2008.03.03 19:56:55.852,0.9672,0.9675,0.20,0.50
2008.03.03 19:56:56.200,0.9672,0.9675,0.20,0.50
2008.03.03 19:56:56.533,0.9672,0.9675,0.20,0.50
2008.03.03 19:56:56.869,0.9672,0.9675,0.20,0.40
2008.03.03 19:56:57.088,0.9672,0.9675,0.20,0.40
2008.03.03 19:56:57.306,0.9672,0.9675,0.20,0.40
2008.03.03 19:56:57.531,0.9672,0.9675,0.20,0.50
2008.03.03 19:56:57.749,0.9672,0.9675,0.20,0.50
2008.03.03 19:56:57.967,0.9672,0.9675,0.20,0.50
2008.03.03 19:56:58.318,0.9672,0.9675,0.20,0.50
2008.03.03 19:56:58.635,0.9672,0.9675,0.20,0.50
2008.03.03 19:56:58.969,0.9672,0.9675,0.20,0.50
2008.03.03 19:56:59.302,0.9672,0.9675,0.20,0.50
2008.03.03 19:56:59.636,0.9671,0.9674,0.20,0.50
2008.03.03 19:56:59.969,0.9671,0.9674,0.20,0.50
2008.03.03 19:57:00.183,0.9671,0.9674,0.20,0.50
2008.03.03 19:57:00.396,0.9671,0.9674,0.20,0.50
2008.03.03 19:57:00.626,0.9671,0.9674,0.20,0.50
2008.03.03 19:57:00.839,0.9671,0.9674,0.20,0.50
2008.03.03 19:57:01.142,0.9671,0.9674,0.20,0.50
2008.03.03 19:57:01.446,0.9671,0.9674,0.20,0.50
2008.03.03 19:57:01.749,0.9671,0.9674,0.20,0.50
2008.03.03 19:57:02.052,0.9671,0.9674,0.20,0.50
2008.03.03 19:57:02.325,0.9671,0.9674,0.20,0.50
2008.03.03 19:57:02.598,0.9671,0.9674,0.20,0.50
2008.03.03 19:57:02.871,0.9671,0.9674,0.20,0.50
2008.03.03 19:57:03.124,0.9671,0.9674,0.20,0.50
2008.03.03 19:57:03.377,0.9671,0.9674,0.20,0.50
2008.03.03 19:57:03.642,0.9671,0.9674,0.20,0.50
2008.03.03 19:57:03.897,0.9671,0.9674,0.20,0.50
2008.03.03 19:57:04.230,0.9671,0.9674,0.20,0.50
2008.03.03 19:57:04.563,0.9671,0.9674,0.20,0.50
2008.03.03 19:57:04.897,0.9671,0.9674,0.20,0.50
2008.03.03 19:57:05.104,0.9671,0.9674,0.20,0.50
2008.03.03 19:57:05.313,0.9671,0.9674,0.20,0.50
2008.03.03 19:57:05.522,0.9671,0.9674,0.20,0.50
2008.03.03 19:57:05.731,0.9671,0.9674,0.20,0.50
2008.03.03 19:57:05.939,0.9671,0.9674,0.20,0.50
2008.03.03 19:57:06.268,0.9671,0.9674,0.20,0.50
2008.03.03 19:57:06.596,0.9671,0.9674,0.20,0.50
2008.03.03 19:57:06.944,0.9671,0.9674,0.20,0.50
2008.03.03 19:57:07.253,0.9671,0.9674,0.20,0.50
2008.03.03 19:57:07.468,0.9671,0.9674,0.20,0.50
2008.03.03 19:57:07.681,0.9671,0.9674,0.20,0.50
2008.03.03 19:57:07.895,0.9671,0.9674,0.20,0.50
2008.03.03 19:57:08.109,0.9671,0.9674,0.20,0.50
2008.03.03 19:57:08.437,0.9671,0.9674,0.20,0.50
2008.03.03 19:57:08.766,0.9671,0.9674,0.20,0.50
2008.03.03 19:57:09.093,0.9671,0.9674,0.20,0.50
2008.03.03 19:57:09.417,0.9671,0.9674,0.20,0.50
2008.03.03 19:57:09.741,0.9671,0.9674,0.20,0.50
2008.03.03 19:57:10.066,0.9671,0.9674,0.20,1.30
2008.03.03 19:57:10.284,0.9671,0.9674,0.20,1.30
2008.03.03 19:57:10.502,0.9671,0.9674,0.20,1.30
2008.03.03 19:57:10.720,0.9671,0.9674,0.20,1.30
2008.03.03 19:57:10.955,0.9671,0.9674,0.20,1.30
2008.03.03 19:57:11.173,0.9671,0.9674,0.20,1.30
2008.03.03 19:57:11.481,0.9671,0.9674,0.20,1.30
2008.03.03 19:57:11.790,0.9671,0.9674,0.20,1.30
2008.03.03 19:57:12.099,0.9671,0.9674,0.20,1.30
2008.03.03 19:57:12.326,0.9671,0.9674,0.20,1.30
2008.03.03 19:57:12.555,0.96705,0.9673,4.80,0.50
2008.03.03 19:57:12.784,0.967,0.9673,0.20,0.50
2008.03.03 19:57:13.012,0.967,0.9673,0.20,0.50
2008.03.03 19:57:13.240,0.967,0.9673,0.20,0.50
2008.03.03 19:57:13.566,0.96695,0.96725,4.80,0.40
2008.03.03 19:57:13.898,0.96695,0.96725,2.40,0.40
2008.03.03 19:57:14.211,0.96695,0.96725,2.40,0.40
2008.03.03 19:57:14.544,0.96695,0.96725,2.40,0.40
2008.03.03 19:57:14.879,0.96695,0.96725,2.40,0.40
2008.03.03 19:57:15.213,0.96695,0.96725,2.40,0.40
2008.03.03 19:57:15.417,0.96695,0.96725,2.40,0.40
2008.03.03 19:57:15.620,0.96695,0.96725,2.40,0.40
2008.03.03 19:57:15.823,0.96695,0.96725,2.40,0.40
2008.03.03 19:57:16.027,0.96695,0.9672,2.40,0.40
2008.03.03 19:57:16.248,0.9669,0.9672,0.20,0.40
2008.03.03 19:57:16.564,0.9669,0.9672,0.20,0.40
2008.03.03 19:57:16.897,0.9669,0.9672,0.20,0.50
2008.03.03 19:57:17.230,0.9669,0.9672,0.20,0.50
2008.03.03 19:57:17.454,0.9669,0.9672,0.20,0.50
2008.03.03 19:57:17.676,0.9669,0.9672,0.20,0.50
2008.03.03 19:57:17.899,0.9669,0.9672,0.20,0.50
2008.03.03 19:57:18.125,0.9669,0.9672,0.20,0.50
2008.03.03 19:57:18.347,0.9669,0.9672,0.20,0.50
2008.03.03 19:57:18.680,0.967,0.9672,0.20,0.30
2008.03.03 19:57:19.014,0.967,0.9672,0.20,0.30
2008.03.03 19:57:19.348,0.967,0.9672,0.20,0.30
2008.03.03 19:57:19.566,0.967,0.9672,0.20,0.30
2008.03.03 19:57:19.783,0.967,0.9672,0.20,0.30
2008.03.03 19:57:20.002,0.967,0.9672,0.20,0.30
2008.03.03 19:57:20.221,0.967,0.9672,0.20,0.30
2008.03.03 19:57:20.547,0.967,0.9672,0.20,0.30
2008.03.03 19:57:20.838,0.967,0.9672,0.20,0.30
2008.03.03 19:57:21.146,0.967,0.9672,0.20,0.50
2008.03.03 19:57:21.455,0.9669,0.9672,0.30,0.50
2008.03.03 19:57:21.690,0.9669,0.9672,0.30,0.50
2008.03.03 19:57:21.923,0.9669,0.9672,0.30,0.50
2008.03.03 19:57:22.156,0.9669,0.9672,0.30,0.50
2008.03.03 19:57:22.401,0.9669,0.9672,0.30,0.50
2008.03.03 19:57:22.719,0.9669,0.96715,0.20,0.80
2008.03.03 19:57:23.017,0.9669,0.9672,0.20,1.30
2008.03.03 19:57:23.317,0.9669,0.96715,0.20,1.60
2008.03.03 19:57:23.650,0.9669,0.96715,0.20,1.60
2008.03.03 19:57:24.001,0.9669,0.96715,0.20,1.60
2008.03.03 19:57:24.316,0.9669,0.96715,0.20,1.60
2008.03.03 19:57:24.519,0.9669,0.96715,0.20,1.60
2008.03.03 19:57:24.723,0.9669,0.96715,0.20,1.60
2008.03.03 19:57:24.927,0.9669,0.96715,0.20,1.60
2008.03.03 19:57:25.130,0.9669,0.96715,0.20,1.60
2008.03.03 19:57:25.334,0.9669,0.96715,0.20,1.60
2008.03.03 19:57:25.667,0.9669,0.96715,0.20,1.60
2008.03.03 19:57:26.000,0.9669,0.96715,0.20,1.60
2008.03.03 19:57:26.350,0.9668,0.96705,0.20,0.40
2008.03.03 19:57:26.569,0.9668,0.96705,0.20,0.40
2008.03.03 19:57:26.786,0.9668,0.96705,0.20,0.40
2008.03.03 19:57:27.005,0.9668,0.96705,0.20,0.40
2008.03.03 19:57:27.223,0.9668,0.96705,0.20,0.40
2008.03.03 19:57:27.441,0.9668,0.96705,0.20,0.40
2008.03.03 19:57:27.759,0.9668,0.96705,0.20,0.40
2008.03.03 19:57:28.078,0.9668,0.96705,0.20,0.40
2008.03.03 19:57:28.415,0.96685,0.9671,0.10,0.30
2008.03.03 19:57:28.736,0.9668,0.96705,0.20,0.40
2008.03.03 19:57:29.103,0.9668,0.96705,0.20,0.40
2008.03.03 19:57:29.422,0.9668,0.96705,0.20,0.40
2008.03.03 19:57:29.634,0.9668,0.96705,0.20,0.40
2008.03.03 19:57:29.847,0.9668,0.96705,0.20,0.40
2008.03.03 19:57:30.060,0.9668,0.96705,0.20,0.40
2008.03.03 19:57:30.275,0.9668,0.96705,0.20,0.40
2008.03.03 19:57:30.500,0.9668,0.96705,0.20,0.40
2008.03.03 19:57:30.812,0.9668,0.96705,0.20,0.40
2008.03.03 19:57:31.124,0.9668,0.96705,0.20,0.40
2008.03.03 19:57:31.438,0.9668,0.96705,0.20,0.40
2008.03.03 19:57:31.751,0.9668,0.96705,0.20,0.40
2008.03.03 19:57:32.004,0.9668,0.96705,0.20,0.40
2008.03.03 19:57:32.258,0.9668,0.96705,0.20,0.40
2008.03.03 19:57:32.520,0.9668,0.96705,0.20,0.40
2008.03.03 19:57:32.768,0.9668,0.96705,0.20,0.40
2008.03.03 19:57:33.017,0.9668,0.96705,0.20,0.40
2008.03.03 19:57:33.266,0.9668,0.96705,0.20,0.40
2008.03.03 19:57:33.514,0.9668,0.96705,0.20,0.40
2008.03.03 19:57:33.854,0.9668,0.9671,0.30,0.50
2008.03.03 19:57:34.198,0.96685,0.9671,0.10,0.30
2008.03.03 19:57:34.548,0.96685,0.9671,0.10,0.30
2008.03.03 19:57:34.777,0.96685,0.9671,0.10,0.30
2008.03.03 19:57:35.006,0.96685,0.9671,0.10,0.30
2008.03.03 19:57:35.234,0.96685,0.9671,0.10,0.30
2008.03.03 19:57:35.470,0.96685,0.9671,0.10,0.30
2008.03.03 19:57:35.699,0.9668,0.9671,0.30,0.50
2008.03.03 19:57:36.009,0.9668,0.9671,0.30,0.50
2008.03.03 19:57:36.317,0.9668,0.9671,0.30,0.50
2008.03.03 19:57:36.624,0.9668,0.9671,0.30,0.50
2008.03.03 19:57:36.868,0.9668,0.9671,0.30,0.50
2008.03.03 19:57:37.111,0.96685,0.9671,0.10,0.30
2008.03.03 19:57:37.370,0.96685,0.9671,0.10,0.30
2008.03.03 19:57:37.614,0.96685,0.9671,0.10,0.30
2008.03.03 19:57:37.898,0.9668,0.96705,0.20,0.40
2008.03.03 19:57:38.183,0.96675,0.9669,4.00,0.30
2008.03.03 19:57:38.468,0.9667,0.9669,0.20,0.30
2008.03.03 19:57:38.750,0.9667,0.9669,0.20,0.30
2008.03.03 19:57:39.084,0.9667,0.9669,0.20,0.30
2008.03.03 19:57:39.419,0.9667,0.967,0.20,0.40
2008.03.03 19:57:39.754,0.9667,0.967,0.20,0.40
2008.03.03 19:57:39.997,0.9667,0.967,0.20,0.40
2008.03.03 19:57:40.240,0.9667,0.967,0.20,0.40
2008.03.03 19:57:40.485,0.9667,0.967,0.20,0.40
2008.03.03 19:57:40.728,0.9667,0.967,0.20,0.40
2008.03.03 19:57:41.031,0.9667,0.967,0.20,0.40
2008.03.03 19:57:41.336,0.96665,0.96695,2.40,0.40
2008.03.03 19:57:41.641,0.96665,0.96695,2.40,2.70
2008.03.03 19:57:41.870,0.96665,0.96695,2.40,2.70
2008.03.03 19:57:42.110,0.96665,0.96695,2.40,2.70
2008.03.03 19:57:42.339,0.9667,0.96695,0.20,2.70
2008.03.03 19:57:42.569,0.9667,0.96695,0.20,2.40
2008.03.03 19:57:42.878,0.9667,0.967,0.20,0.40
2008.03.03 19:57:43.187,0.9667,0.96695,0.20,0.40
2008.03.03 19:57:43.496,0.96665,0.96695,2.40,0.40
2008.03.03 19:57:43.805,0.96665,0.96695,2.40,0.40
2008.03.03 19:57:44.138,0.96665,0.96695,4.80,0.40
2008.03.03 19:57:44.472,0.96665,0.96695,4.80,0.40
2008.03.03 19:57:44.807,0.9667,0.96695,0.20,0.40
2008.03.03 19:57:45.031,0.9667,0.96695,0.20,0.40
2008.03.03 19:57:45.268,0.9667,0.96695,0.20,0.40
2008.03.03 19:57:45.491,0.9667,0.96695,0.20,0.40
2008.03.03 19:57:45.714,0.9667,0.96695,0.20,0.40
2008.03.03 19:57:46.004,0.9667,0.96695,0.20,0.40
2008.03.03 19:57:46.295,0.9667,0.967,0.20,0.40
2008.03.03 19:57:46.583,0.9667,0.967,0.20,0.40
2008.03.03 19:57:46.874,0.9668,0.9671,0.20,5.10
2008.03.03 19:57:47.144,0.9668,0.9671,0.20,1.10
2008.03.03 19:57:47.435,0.9668,0.9671,0.20,1.10
2008.03.03 19:57:47.705,0.9668,0.9671,0.20,1.10
2008.03.03 19:57:47.963,0.9668,0.9671,0.20,1.10
2008.03.03 19:57:48.222,0.9668,0.96705,0.20,0.40
2008.03.03 19:57:48.482,0.96675,0.96705,2.40,0.40
2008.03.03 19:57:48.741,0.96675,0.967,2.40,0.40
2008.03.03 19:57:49.080,0.96675,0.967,2.40,0.40
2008.03.03 19:57:49.413,0.96675,0.967,2.40,0.40
2008.03.03 19:57:49.747,0.96675,0.967,2.40,0.40
2008.03.03 19:57:49.976,0.96675,0.967,2.40,0.40
2008.03.03 19:57:50.205,0.96675,0.967,2.40,1.10
2008.03.03 19:57:50.454,0.96675,0.967,2.40,1.10
2008.03.03 19:57:50.662,0.96675,0.967,2.40,1.10
2008.03.03 19:57:50.890,0.96675,0.967,2.40,1.10
2008.03.03 19:57:51.208,0.96675,0.967,2.40,1.10
2008.03.03 19:57:51.526,0.96675,0.967,2.40,1.10
2008.03.03 19:57:51.847,0.96665,0.96695,2.40,0.40
2008.03.03 19:57:52.065,0.96665,0.96695,2.40,0.40
2008.03.03 19:57:52.284,0.96665,0.96695,2.40,0.40
2008.03.03 19:57:52.501,0.96665,0.96695,2.40,0.40
2008.03.03 19:57:52.720,0.96665,0.96695,2.40,0.40
2008.03.03 19:57:52.939,0.96665,0.96695,2.40,0.40
2008.03.03 19:57:53.257,0.96665,0.96695,2.40,0.40
2008.03.03 19:57:53.576,0.96665,0.96695,2.40,0.40
2008.03.03 19:57:53.896,0.96665,0.96695,2.40,0.40
2008.03.03 19:57:54.228,0.96655,0.9668,4.80,0.40
2008.03.03 19:57:54.559,0.96665,0.9669,2.40,4.80
2008.03.03 19:57:54.905,0.9666,0.9669,0.30,4.00
2008.03.03 19:57:55.123,0.9666,0.96695,0.30,4.30
2008.03.03 19:57:55.340,0.9666,0.96695,0.30,4.30
2008.03.03 19:57:55.558,0.9666,0.96695,0.30,4.30
2008.03.03 19:57:55.777,0.9666,0.96695,0.30,4.30
2008.03.03 19:57:55.995,0.9666,0.96695,0.30,4.30
2008.03.03 19:57:56.308,0.9666,0.96695,0.30,4.30
2008.03.03 19:57:56.621,0.9666,0.96695,0.30,4.30
2008.03.03 19:57:56.934,0.9666,0.96695,0.30,4.30
2008.03.03 19:57:57.249,0.9666,0.96695,0.30,4.30
2008.03.03 19:57:57.492,0.9666,0.96695,0.30,4.30
2008.03.03 19:57:57.735,0.9666,0.96695,0.30,4.30
2008.03.03 19:57:58.006,0.9666,0.96695,0.30,4.30
2008.03.03 19:57:58.273,0.9666,0.96695,0.30,4.30
2008.03.03 19:57:58.556,0.9666,0.96695,0.30,4.30
2008.03.03 19:57:58.854,0.9666,0.96695,0.30,4.30
2008.03.03 19:57:59.138,0.9666,0.96695,0.30,4.30
2008.03.03 19:57:59.472,0.9666,0.96695,0.30,4.30
2008.03.03 19:57:59.806,0.9666,0.96695,0.30,4.30
2008.03.03 19:58:00.140,0.9666,0.96695,0.30,5.10
2008.03.03 19:58:00.340,0.9666,0.9669,0.30,0.80
2008.03.03 19:58:00.541,0.9666,0.9669,0.30,0.80
2008.03.03 19:58:00.741,0.9666,0.96685,0.20,2.40
2008.03.03 19:58:00.938,0.9666,0.96685,0.20,2.40
2008.03.03 19:58:01.137,0.9666,0.96685,0.20,2.40
2008.03.03 19:58:01.471,0.9666,0.96685,0.20,2.40
2008.03.03 19:58:01.805,0.9666,0.96685,0.20,2.40
2008.03.03 19:58:02.138,0.9666,0.96685,0.20,2.40
2008.03.03 19:58:02.352,0.9666,0.96685,0.20,2.40
2008.03.03 19:58:02.566,0.9666,0.96685,0.20,2.40
2008.03.03 19:58:02.779,0.9666,0.96685,0.20,2.40
2008.03.03 19:58:02.992,0.9666,0.96685,0.20,2.40
2008.03.03 19:58:03.205,0.9666,0.96685,0.20,2.40
2008.03.03 19:58:03.547,0.9666,0.96685,0.20,2.40
2008.03.03 19:58:03.871,0.9666,0.96685,0.20,2.40
2008.03.03 19:58:04.194,0.9666,0.96685,0.20,2.40
2008.03.03 19:58:04.523,0.9666,0.96685,0.20,2.40
2008.03.03 19:58:04.851,0.9666,0.96685,0.20,2.40
2008.03.03 19:58:05.180,0.9665,0.9668,0.20,0.50
2008.03.03 19:58:05.399,0.9665,0.9668,0.20,0.50
2008.03.03 19:58:05.618,0.9665,0.9668,0.30,0.30
2008.03.03 19:58:05.838,0.9665,0.96685,0.30,2.70
2008.03.03 19:58:06.056,0.9665,0.96685,0.30,2.70
2008.03.03 19:58:06.281,0.9665,0.96685,0.30,2.70
2008.03.03 19:58:06.610,0.9665,0.96685,0.30,2.70
2008.03.03 19:58:06.938,0.9665,0.96685,0.30,2.70
2008.03.03 19:58:07.266,0.9665,0.96685,0.30,2.70
2008.03.03 19:58:07.466,0.9665,0.96685,0.30,2.70
2008.03.03 19:58:07.663,0.9665,0.96685,0.30,2.70
2008.03.03 19:58:07.862,0.9665,0.96685,0.30,2.70
2008.03.03 19:58:08.061,0.9665,0.96685,0.30,2.70
2008.03.03 19:58:08.260,0.9665,0.96685,0.30,2.70
2008.03.03 19:58:08.593,0.9665,0.96685,0.30,2.70
2008.03.03 19:58:08.925,0.9665,0.96685,0.30,2.70
2008.03.03 19:58:09.259,0.9665,0.96685,0.30,2.70
2008.03.03 19:58:09.473,0.9665,0.96685,0.30,2.70
2008.03.03 19:58:09.686,0.9665,0.96685,0.30,2.70
2008.03.03 19:58:09.899,0.9665,0.96685,0.30,2.70
2008.03.03 19:58:10.113,0.9665,0.96685,0.30,2.70
2008.03.03 19:58:10.326,0.9665,0.96685,0.30,2.70
2008.03.03 19:58:10.634,0.9665,0.96685,0.30,2.70
2008.03.03 19:58:10.942,0.9665,0.96685,0.30,2.70
2008.03.03 19:58:11.250,0.9665,0.96685,0.30,2.70
2008.03.03 19:58:11.559,0.9665,0.96685,0.30,4.30
2008.03.03 19:58:11.808,0.9665,0.96685,0.30,4.30
2008.03.03 19:58:12.057,0.9665,0.96685,0.30,4.30
2008.03.03 19:58:12.305,0.9665,0.96685,0.30,4.30
2008.03.03 19:58:12.552,0.9665,0.96685,0.30,4.30
2008.03.03 19:58:12.817,0.9665,0.96685,0.30,4.30
2008.03.03 19:58:13.090,0.9665,0.96685,0.30,4.30
2008.03.03 19:58:13.354,0.9665,0.96685,0.30,4.30
2008.03.03 19:58:13.618,0.9665,0.96685,0.30,4.30
2008.03.03 19:58:13.951,0.9665,0.96685,0.30,4.30
2008.03.03 19:58:14.285,0.9665,0.96685,0.30,4.30
2008.03.03 19:58:14.620,0.96655,0.96685,0.10,4.00
2008.03.03 19:58:14.854,0.9665,0.96685,0.30,2.70
2008.03.03 19:58:15.099,0.96655,0.96685,0.10,2.40
2008.03.03 19:58:15.313,0.96655,0.9669,2.40,4.30
2008.03.03 19:58:15.543,0.96665,0.9669,0.10,4.00
2008.03.03 19:58:15.857,0.96665,0.96695,0.10,2.40
2008.03.03 19:58:16.171,0.96665,0.96695,0.10,2.40
2008.03.03 19:58:16.484,0.96665,0.96695,0.10,2.40
2008.03.03 19:58:16.724,0.96665,0.96695,0.10,2.40
2008.03.03 19:58:16.961,0.96665,0.96695,0.10,2.40
2008.03.03 19:58:17.199,0.96665,0.96695,0.10,2.40
2008.03.03 19:58:17.438,0.96665,0.96695,0.10,2.40
2008.03.03 19:58:17.717,0.96665,0.96695,0.10,2.40
2008.03.03 19:58:18.013,0.96665,0.96695,0.10,2.40
2008.03.03 19:58:18.290,0.96665,0.96695,0.10,2.40
2008.03.03 19:58:18.586,0.96665,0.96695,0.10,2.40
2008.03.03 19:58:18.918,0.96665,0.96695,0.10,2.40
2008.03.03 19:58:19.252,0.96665,0.96695,0.10,2.40
2008.03.03 19:58:19.586,0.96665,0.96695,0.10,2.40
2008.03.03 19:58:19.795,0.96665,0.96695,0.10,2.40
2008.03.03 19:58:20.011,0.9666,0.9669,0.30,0.40
2008.03.03 19:58:20.222,0.9666,0.9669,0.10,0.40
2008.03.03 19:58:20.430,0.9666,0.9669,0.10,0.40
2008.03.03 19:58:20.640,0.9667,0.96695,0.10,2.40
2008.03.03 19:58:20.974,0.9667,0.96695,0.10,2.40
2008.03.03 19:58:21.307,0.96665,0.96695,0.10,2.40
2008.03.03 19:58:21.640,0.96665,0.96695,0.10,2.40
2008.03.03 19:58:21.879,0.96665,0.96695,0.10,2.40
2008.03.03 19:58:22.117,0.96665,0.96695,0.10,2.40
2008.03.03 19:58:22.356,0.96665,0.96695,0.10,2.40
2008.03.03 19:58:22.595,0.9667,0.967,0.10,1.10
2008.03.03 19:58:22.884,0.9667,0.967,0.10,1.10
2008.03.03 19:58:23.174,0.9667,0.967,0.30,1.10
2008.03.03 19:58:23.461,0.9667,0.967,0.30,1.10
2008.03.03 19:58:23.749,0.9667,0.967,0.30,1.10
2008.03.03 19:58:24.083,0.96665,0.967,4.80,1.10
2008.03.03 19:58:24.417,0.96665,0.967,2.40,1.10
2008.03.03 19:58:24.750,0.96665,0.967,2.40,1.10
2008.03.03 19:58:24.993,0.96665,0.967,2.40,1.10
2008.03.03 19:58:25.215,0.96665,0.967,2.40,1.10
2008.03.03 19:58:25.437,0.96665,0.967,2.40,1.10
2008.03.03 19:58:25.661,0.96665,0.967,2.40,1.10
2008.03.03 19:58:25.959,0.96665,0.967,2.40,1.10
2008.03.03 19:58:26.275,0.96665,0.967,2.40,1.10
2008.03.03 19:58:26.556,0.96665,0.967,2.40,1.10
2008.03.03 19:58:26.855,0.96665,0.967,2.40,1.10
2008.03.03 19:58:27.118,0.96665,0.967,2.40,1.10
2008.03.03 19:58:27.382,0.96665,0.967,2.40,1.10
2008.03.03 19:58:27.660,0.96665,0.967,2.40,1.10
2008.03.03 19:58:27.920,0.96665,0.967,2.40,1.10
2008.03.03 19:58:28.158,0.96665,0.967,2.40,1.10
2008.03.03 19:58:28.397,0.96665,0.967,2.40,1.10
2008.03.03 19:58:28.635,0.96665,0.967,2.40,1.10
2008.03.03 19:58:28.968,0.96665,0.967,2.40,1.10
2008.03.03 19:58:29.301,0.96665,0.967,2.40,1.10
2008.03.03 19:58:29.635,0.96665,0.967,2.40,1.10
2008.03.03 19:58:29.969,0.96665,0.967,2.40,1.10
2008.03.03 19:58:30.188,0.96665,0.967,2.40,1.10
2008.03.03 19:58:30.406,0.96665,0.967,2.40,1.10
2008.03.03 19:58:30.624,0.96665,0.967,2.40,1.10
2008.03.03 19:58:30.842,0.96665,0.967,2.40,1.10
2008.03.03 19:58:31.132,0.9666,0.96695,0.30,2.70
2008.03.03 19:58:31.422,0.9666,0.96695,0.30,2.70
2008.03.03 19:58:31.713,0.9666,0.96695,0.30,2.70
2008.03.03 19:58:32.000,0.9666,0.96695,0.30,2.70
2008.03.03 19:58:32.280,0.9666,0.96695,0.30,3.50
2008.03.03 19:58:32.558,0.9666,0.9669,0.30,0.80
2008.03.03 19:58:32.854,0.9666,0.9669,0.30,0.80
2008.03.03 19:58:33.078,0.9666,0.9669,0.30,0.80
2008.03.03 19:58:33.301,0.9666,0.9669,0.30,0.80
2008.03.03 19:58:33.524,0.9666,0.9669,0.30,0.80
2008.03.03 19:58:33.747,0.9666,0.9669,0.30,0.80
2008.03.03 19:58:34.080,0.9666,0.9669,0.30,0.80
2008.03.03 19:58:34.413,0.9666,0.9669,0.30,0.80
2008.03.03 19:58:34.746,0.9666,0.9669,0.30,0.80
2008.03.03 19:58:35.079,0.9666,0.9669,0.30,0.80
2008.03.03 19:58:35.313,0.9666,0.9669,0.30,0.80
2008.03.03 19:58:35.547,0.9666,0.9669,0.30,0.80
2008.03.03 19:58:35.780,0.9666,0.9669,0.30,0.80
2008.03.03 19:58:36.054,0.9666,0.9669,0.30,0.80
2008.03.03 19:58:36.327,0.9666,0.9669,0.30,0.80
2008.03.03 19:58:36.601,0.9666,0.9669,0.30,0.80
2008.03.03 19:58:36.874,0.9666,0.9669,0.30,0.80
2008.03.03 19:58:37.139,0.9666,0.9669,0.30,0.80
2008.03.03 19:58:37.401,0.9666,0.9669,0.30,0.80
2008.03.03 19:58:37.663,0.9666,0.9669,0.30,0.80
2008.03.03 19:58:37.936,0.9666,0.9669,0.30,0.80
2008.03.03 19:58:38.199,0.9666,0.9669,0.30,0.80
2008.03.03 19:58:38.462,0.9666,0.9669,0.30,0.80
2008.03.03 19:58:38.725,0.9666,0.9669,0.30,0.80
2008.03.03 19:58:38.988,0.9666,0.9669,0.30,0.80
2008.03.03 19:58:39.321,0.9666,0.9669,0.30,0.80
2008.03.03 19:58:39.654,0.9666,0.9669,0.30,0.80
2008.03.03 19:58:39.987,0.9666,0.9669,0.30,0.80
2008.03.03 19:58:40.206,0.9666,0.9669,0.30,0.80
2008.03.03 19:58:40.425,0.9666,0.9669,0.30,0.80
2008.03.03 19:58:40.644,0.9666,0.9669,0.30,0.80
2008.03.03 19:58:40.878,0.9666,0.9669,0.30,0.80
2008.03.03 19:58:41.170,0.9666,0.9669,0.30,0.80
2008.03.03 19:58:41.478,0.9666,0.9669,0.30,0.80
2008.03.03 19:58:41.787,0.9666,0.9669,0.30,0.80
2008.03.03 19:58:42.096,0.9666,0.9669,0.30,0.80
2008.03.03 19:58:42.325,0.9666,0.9669,0.30,0.80
2008.03.03 19:58:42.565,0.9666,0.9669,0.30,0.80
2008.03.03 19:58:42.792,0.9666,0.9669,0.30,0.80
2008.03.03 19:58:43.022,0.9666,0.9669,0.30,0.80
2008.03.03 19:58:43.341,0.9666,0.9669,0.30,0.80
2008.03.03 19:58:43.660,0.9666,0.9669,0.30,0.80
2008.03.03 19:58:43.980,0.9666,0.9669,0.20,1.30
2008.03.03 19:58:44.313,0.9666,0.9669,0.20,1.30
2008.03.03 19:58:44.647,0.9666,0.9669,0.20,1.30
2008.03.03 19:58:44.981,0.9665,0.96685,0.30,2.70
2008.03.03 19:58:45.232,0.9665,0.96685,0.30,2.70
2008.03.03 19:58:45.460,0.9665,0.96685,0.30,2.70
2008.03.03 19:58:45.687,0.9665,0.96685,0.30,2.70
2008.03.03 19:58:45.915,0.9665,0.96685,0.30,2.70
2008.03.03 19:58:46.199,0.9665,0.96685,0.30,2.70
2008.03.03 19:58:46.483,0.9665,0.96685,0.30,2.70
2008.03.03 19:58:46.766,0.9665,0.96685,0.30,2.70
2008.03.03 19:58:47.050,0.9665,0.96685,0.30,2.70
2008.03.03 19:58:47.309,0.9665,0.96685,0.30,2.70
2008.03.03 19:58:47.568,0.9665,0.96685,0.30,2.70
2008.03.03 19:58:47.827,0.9665,0.96685,0.30,2.70
2008.03.03 19:58:48.084,0.9665,0.96685,0.30,2.70
2008.03.03 19:58:48.363,0.9665,0.96685,0.30,2.70
2008.03.03 19:58:48.642,0.9665,0.9668,0.20,0.40
2008.03.03 19:58:48.921,0.9665,0.9668,0.20,0.40
2008.03.03 19:58:49.198,0.9665,0.9668,0.20,0.40
2008.03.03 19:58:49.532,0.9665,0.9668,0.20,0.40
2008.03.03 19:58:49.879,0.96655,0.9668,2.40,0.40
2008.03.03 19:58:50.214,0.96655,0.9668,2.40,0.40
2008.03.03 19:58:50.423,0.9666,0.9668,0.20,0.40
2008.03.03 19:58:50.632,0.9666,0.9668,0.20,0.40
2008.03.03 19:58:50.840,0.9666,0.9668,0.20,0.40
2008.03.03 19:58:51.048,0.9666,0.9668,0.20,0.40
2008.03.03 19:58:51.367,0.9666,0.9668,0.20,0.40
2008.03.03 19:58:51.687,0.96655,0.96675,2.40,0.40
2008.03.03 19:58:52.008,0.9665,0.96675,0.20,0.40
2008.03.03 19:58:52.327,0.9665,0.96675,0.20,0.40
2008.03.03 19:58:52.575,0.9665,0.96675,0.20,0.40
2008.03.03 19:58:52.825,0.9665,0.96675,0.20,0.40
2008.03.03 19:58:53.074,0.9665,0.96675,0.20,0.40
2008.03.03 19:58:53.342,0.9665,0.96675,0.20,0.40
2008.03.03 19:58:53.610,0.9665,0.96675,0.20,0.40
2008.03.03 19:58:53.899,0.9665,0.9668,0.20,0.40
2008.03.03 19:58:54.168,0.9665,0.9668,0.20,0.40
2008.03.03 19:58:54.503,0.9665,0.9668,0.20,0.40
2008.03.03 19:58:54.836,0.9665,0.9668,0.20,0.40
2008.03.03 19:58:55.170,0.9665,0.9668,0.20,0.40
2008.03.03 19:58:55.404,0.9665,0.9668,0.20,0.40
2008.03.03 19:58:55.646,0.9665,0.9668,0.20,0.40
2008.03.03 19:58:55.881,0.9665,0.9668,0.20,0.40
2008.03.03 19:58:56.114,0.9665,0.9668,0.20,0.40
2008.03.03 19:58:56.348,0.96655,0.96685,2.40,0.40
2008.03.03 19:58:56.653,0.96655,0.96685,2.40,0.40
2008.03.03 19:58:56.956,0.9666,0.96685,0.20,0.40
2008.03.03 19:58:57.273,0.9666,0.9669,0.20,0.40
2008.03.03 19:58:57.539,0.9666,0.9669,0.20,0.40
2008.03.03 19:58:57.786,0.9666,0.9669,0.20,0.40
2008.03.03 19:58:58.053,0.9666,0.9669,0.20,0.40
2008.03.03 19:58:58.319,0.9666,0.96695,0.30,2.70
2008.03.03 19:58:58.636,0.9667,0.96695,0.20,2.70
2008.03.03 19:58:58.915,0.9667,0.96695,0.20,2.70
2008.03.03 19:58:59.231,0.9667,0.96695,0.20,2.70
2008.03.03 19:58:59.513,0.9667,0.96695,0.20,2.70
2008.03.03 19:58:59.845,0.9667,0.96695,0.20,2.70
2008.03.03 19:59:00.179,0.9667,0.96695,0.20,2.70
2008.03.03 19:59:00.513,0.9667,0.96695,0.20,2.70
2008.03.03 19:59:00.738,0.9667,0.96695,0.20,2.70
2008.03.03 19:59:00.962,0.9667,0.96695,0.20,2.70
2008.03.03 19:59:01.184,0.9667,0.96695,0.20,2.70
2008.03.03 19:59:01.410,0.9667,0.96695,0.20,2.70
2008.03.03 19:59:01.718,0.9667,0.96685,0.20,0.40
2008.03.03 19:59:02.028,0.9666,0.96685,0.20,0.40
2008.03.03 19:59:02.337,0.9666,0.9669,0.20,0.40
2008.03.03 19:59:02.577,0.9666,0.96685,0.20,0.40
2008.03.03 19:59:02.827,0.9666,0.96685,0.20,0.40
2008.03.03 19:59:03.082,0.9666,0.96685,0.20,0.40
2008.03.03 19:59:03.304,0.9666,0.96685,0.20,0.40
2008.03.03 19:59:03.542,0.9666,0.96685,0.20,0.40
2008.03.03 19:59:03.875,0.9666,0.96685,0.20,0.40
2008.03.03 19:59:04.211,0.9666,0.96685,0.20,0.40
2008.03.03 19:59:04.556,0.9666,0.96685,0.20,0.40
2008.03.03 19:59:04.774,0.9666,0.96685,0.20,0.40
2008.03.03 19:59:04.992,0.9666,0.96685,0.20,0.40
2008.03.03 19:59:05.210,0.9666,0.96685,0.20,0.40
2008.03.03 19:59:05.428,0.9666,0.96685,0.20,0.40
2008.03.03 19:59:05.706,0.9666,0.96685,0.20,0.40
2008.03.03 19:59:05.984,0.9666,0.96685,0.20,0.40
2008.03.03 19:59:06.263,0.9666,0.96685,0.20,0.40
2008.03.03 19:59:06.541,0.9666,0.96685,0.20,0.40
2008.03.03 19:59:06.815,0.9666,0.96685,0.20,0.40
2008.03.03 19:59:07.089,0.9666,0.96685,0.20,0.40
2008.03.03 19:59:07.363,0.9666,0.96685,0.20,0.40
2008.03.03 19:59:07.636,0.9666,0.96685,0.20,0.40
2008.03.03 19:59:07.912,0.9666,0.96685,0.20,0.40
2008.03.03 19:59:08.154,0.9666,0.96685,0.20,0.40
2008.03.03 19:59:08.412,0.9666,0.96685,0.20,0.40
2008.03.03 19:59:08.670,0.9666,0.96685,0.20,2.70
2008.03.03 19:59:09.004,0.9666,0.96685,0.20,2.70
2008.03.03 19:59:09.337,0.9666,0.96685,0.20,2.70
2008.03.03 19:59:09.687,0.9666,0.96685,0.20,2.70
2008.03.03 19:59:09.894,0.9666,0.96685,0.20,2.70
2008.03.03 19:59:10.103,0.9666,0.96685,0.20,2.70
2008.03.03 19:59:10.310,0.9666,0.96685,0.20,2.70
2008.03.03 19:59:10.519,0.9666,0.96685,0.20,2.70
2008.03.03 19:59:10.841,0.9666,0.96685,0.20,2.70
2008.03.03 19:59:11.150,0.9666,0.96685,0.20,2.70
2008.03.03 19:59:11.460,0.9666,0.96685,0.20,2.70
2008.03.03 19:59:11.697,0.9666,0.96685,0.20,2.70
2008.03.03 19:59:11.954,0.9666,0.96685,0.20,2.70
2008.03.03 19:59:12.174,0.9666,0.96685,0.20,2.70
2008.03.03 19:59:12.413,0.9666,0.96685,0.20,2.70
2008.03.03 19:59:12.650,0.9666,0.96685,0.20,2.70
2008.03.03 19:59:12.944,0.9666,0.96685,0.20,2.70
2008.03.03 19:59:13.238,0.9666,0.96685,0.20,2.70
2008.03.03 19:59:13.532,0.9666,0.96685,0.20,2.70
2008.03.03 19:59:13.866,0.9666,0.96685,0.20,2.70
2008.03.03 19:59:14.200,0.9666,0.96685,0.20,2.70
2008.03.03 19:59:14.535,0.9665,0.96675,0.20,0.40
2008.03.03 19:59:14.744,0.9665,0.96675,0.20,0.40
2008.03.03 19:59:14.952,0.9665,0.96675,0.20,0.40
2008.03.03 19:59:15.160,0.9665,0.96675,0.20,0.40
2008.03.03 19:59:15.369,0.9665,0.96675,0.20,2.70
2008.03.03 19:59:15.578,0.9665,0.96675,0.20,2.70
2008.03.03 19:59:15.787,0.9665,0.9668,0.20,0.40
2008.03.03 19:59:16.120,0.9665,0.96685,0.30,2.70
2008.03.03 19:59:16.455,0.9665,0.96685,0.30,2.70
2008.03.03 19:59:16.789,0.9666,0.96685,0.20,2.70
2008.03.03 19:59:17.017,0.9666,0.96685,0.20,2.70
2008.03.03 19:59:17.246,0.9666,0.96685,0.20,2.70
2008.03.03 19:59:17.475,0.9666,0.96685,0.20,2.70
2008.03.03 19:59:17.703,0.9666,0.96685,0.20,5.10
2008.03.03 19:59:17.992,0.9665,0.96685,0.30,2.70
2008.03.03 19:59:18.281,0.9665,0.96685,0.30,5.10
2008.03.03 19:59:18.571,0.9665,0.96665,0.20,0.40
2008.03.03 19:59:18.861,0.96645,0.9667,0.10,0.30
2008.03.03 19:59:19.197,0.9665,0.9667,0.20,0.40
2008.03.03 19:59:19.532,0.9664,0.96665,0.20,0.40
2008.03.03 19:59:19.865,0.9665,0.9667,0.20,0.40
2008.03.03 19:59:20.079,0.9664,0.9667,4.20,0.40
2008.03.03 19:59:20.292,0.9664,0.9667,0.30,0.40
2008.03.03 19:59:20.505,0.9664,0.9667,0.30,0.40
2008.03.03 19:59:20.718,0.9664,0.9667,0.30,0.40
2008.03.03 19:59:21.052,0.9664,0.9667,0.30,0.40
2008.03.03 19:59:21.384,0.9664,0.9667,0.30,0.40
2008.03.03 19:59:21.718,0.9664,0.9667,0.30,0.40
2008.03.03 19:59:22.051,0.9664,0.9667,0.30,0.40
2008.03.03 19:59:22.265,0.9664,0.9667,0.30,0.40
2008.03.03 19:59:22.479,0.9664,0.9667,0.30,0.40
2008.03.03 19:59:22.691,0.9664,0.9667,0.30,0.40
2008.03.03 19:59:22.905,0.9664,0.9667,0.30,0.40
2008.03.03 19:59:23.228,0.9664,0.9667,0.30,0.40
2008.03.03 19:59:23.552,0.9664,0.9667,0.30,0.40
2008.03.03 19:59:23.894,0.9664,0.9667,0.30,0.40
2008.03.03 19:59:24.210,0.9664,0.9667,0.30,0.40
2008.03.03 19:59:24.544,0.96645,0.96675,2.40,0.40
2008.03.03 19:59:24.877,0.96645,0.96675,2.40,0.40
2008.03.03 19:59:25.106,0.96645,0.96675,2.40,0.40
2008.03.03 19:59:25.333,0.96645,0.96675,2.40,0.40
2008.03.03 19:59:25.563,0.9665,0.9668,0.10,0.40
2008.03.03 19:59:25.793,0.96655,0.96685,0.10,2.70
2008.03.03 19:59:26.086,0.96655,0.96685,0.10,2.70
2008.03.03 19:59:26.381,0.96655,0.96685,0.10,2.70
2008.03.03 19:59:26.674,0.9665,0.96675,4.10,0.40
2008.03.03 19:59:26.968,0.96655,0.96685,0.10,5.10
2008.03.03 19:59:27.227,0.96655,0.96685,2.40,0.40
2008.03.03 19:59:27.486,0.9665,0.9668,0.30,0.40
2008.03.03 19:59:27.746,0.96655,0.96685,0.10,2.70
2008.03.03 19:59:28.004,0.96655,0.96685,0.10,2.70
2008.03.03 19:59:28.283,0.96655,0.96685,2.40,0.40
2008.03.03 19:59:28.563,0.96655,0.96685,2.40,0.40
2008.03.03 19:59:28.841,0.96655,0.96685,2.40,0.40
2008.03.03 19:59:29.173,0.96655,0.96685,2.40,0.40
2008.03.03 19:59:29.507,0.96655,0.96685,2.40,0.40
2008.03.03 19:59:29.840,0.96655,0.96685,2.40,0.40
2008.03.03 19:59:30.068,0.96655,0.96685,2.40,0.40
2008.03.03 19:59:30.297,0.96655,0.96685,2.40,0.40
2008.03.03 19:59:30.541,0.96655,0.96685,2.40,0.40
2008.03.03 19:59:30.753,0.96655,0.96685,2.40,0.40
2008.03.03 19:59:30.982,0.96655,0.96685,2.40,0.40
2008.03.03 19:59:31.250,0.96655,0.96685,2.40,0.40
2008.03.03 19:59:31.518,0.96655,0.96685,0.10,2.70
2008.03.03 19:59:31.788,0.96655,0.96685,0.10,2.70
2008.03.03 19:59:32.056,0.96655,0.96685,0.10,2.70
2008.03.03 19:59:32.335,0.96655,0.96685,0.10,2.70
2008.03.03 19:59:32.614,0.96655,0.96685,0.10,2.70
2008.03.03 19:59:32.892,0.96655,0.96685,0.10,2.70
2008.03.03 19:59:33.171,0.96655,0.96685,0.10,2.70
2008.03.03 19:59:33.444,0.96655,0.96685,0.10,2.70
2008.03.03 19:59:33.719,0.96655,0.96685,0.10,2.70
2008.03.03 19:59:33.991,0.9665,0.9668,0.30,0.40
2008.03.03 19:59:34.326,0.96655,0.96685,0.10,2.70
2008.03.03 19:59:34.675,0.9666,0.9669,0.30,4.00
2008.03.03 19:59:35.008,0.9666,0.96695,0.30,2.70
2008.03.03 19:59:35.252,0.9666,0.96695,0.30,2.70
2008.03.03 19:59:35.487,0.9666,0.9669,0.30,0.30
2008.03.03 19:59:35.720,0.9666,0.9669,0.30,0.30
2008.03.03 19:59:35.952,0.9666,0.9669,0.30,0.30
2008.03.03 19:59:36.260,0.9666,0.9669,0.30,0.30
2008.03.03 19:59:36.569,0.9666,0.9669,0.30,0.30
2008.03.03 19:59:36.876,0.9666,0.9669,0.30,0.30
2008.03.03 19:59:37.184,0.9666,0.9669,0.30,0.30
2008.03.03 19:59:37.459,0.9666,0.9669,0.30,0.30
2008.03.03 19:59:37.717,0.9666,0.9669,0.30,0.30
2008.03.03 19:59:37.975,0.9666,0.9669,0.30,0.30
2008.03.03 19:59:38.248,0.9666,0.9669,0.30,0.30
2008.03.03 19:59:38.522,0.9666,0.9669,0.30,0.30
2008.03.03 19:59:38.795,0.9666,0.9669,0.30,0.30
2008.03.03 19:59:39.069,0.9666,0.96695,0.30,2.70
2008.03.03 19:59:39.402,0.9666,0.96695,0.30,2.70
2008.03.03 19:59:39.736,0.9666,0.96695,0.30,2.70
2008.03.03 19:59:40.072,0.9666,0.96695,0.30,2.70
2008.03.03 19:59:40.302,0.9666,0.96695,0.30,2.70
2008.03.03 19:59:40.529,0.9666,0.96695,0.30,4.30
2008.03.03 19:59:40.759,0.9666,0.96695,0.30,4.30
2008.03.03 19:59:40.987,0.9666,0.96695,0.30,4.30
2008.03.03 19:59:41.300,0.9666,0.96695,0.30,4.30
2008.03.03 19:59:41.613,0.9666,0.96695,0.30,4.30
2008.03.03 19:59:41.927,0.9666,0.96695,0.30,4.30
2008.03.03 19:59:42.242,0.9666,0.96695,0.30,4.30
2008.03.03 19:59:42.515,0.9666,0.96695,0.30,4.30
2008.03.03 19:59:42.769,0.9666,0.9669,0.30,0.80
2008.03.03 19:59:43.021,0.9666,0.9669,0.30,0.80
2008.03.03 19:59:43.274,0.9666,0.9669,0.30,0.80
2008.03.03 19:59:43.549,0.9668,0.9669,0.20,0.80
2008.03.03 19:59:43.823,0.9667,0.96685,4.10,0.70
2008.03.03 19:59:44.097,0.9667,0.96685,0.20,0.40
2008.03.03 19:59:44.370,0.9667,0.96695,0.20,2.70
2008.03.03 19:59:44.704,0.9667,0.96695,0.20,2.70
2008.03.03 19:59:45.037,0.9667,0.96695,0.20,2.70
2008.03.03 19:59:45.370,0.9667,0.96695,0.20,2.70
2008.03.03 19:59:45.608,0.9667,0.96695,0.20,2.70
2008.03.03 19:59:45.846,0.9667,0.96695,0.20,2.70
2008.03.03 19:59:46.103,0.9667,0.96695,0.20,2.70
2008.03.03 19:59:46.341,0.9667,0.96695,0.20,2.70
2008.03.03 19:59:46.659,0.9667,0.96695,0.20,2.70
2008.03.03 19:59:46.978,0.9667,0.967,0.30,1.10
2008.03.03 19:59:47.297,0.9667,0.967,0.30,1.10
2008.03.03 19:59:47.544,0.9667,0.967,0.30,1.10
2008.03.03 19:59:47.794,0.9667,0.967,0.30,0.40
2008.03.03 19:59:48.043,0.9667,0.967,0.30,0.40
2008.03.03 19:59:48.291,0.9667,0.967,0.30,0.40
2008.03.03 19:59:48.553,0.9667,0.967,0.30,0.40
2008.03.03 19:59:48.817,0.96665,0.96695,6.40,0.40
2008.03.03 19:59:49.081,0.9667,0.967,0.10,1.10
2008.03.03 19:59:49.345,0.9667,0.967,0.10,0.40
2008.03.03 19:59:49.680,0.96675,0.967,2.40,0.40
2008.03.03 19:59:50.013,0.96675,0.967,2.40,0.40
2008.03.03 19:59:50.349,0.96675,0.967,2.40,0.40
2008.03.03 19:59:50.573,0.96675,0.9671,6.80,1.30
2008.03.03 19:59:50.797,0.9668,0.9671,0.20,1.10
2008.03.03 19:59:51.020,0.9668,0.9671,0.20,1.10
2008.03.03 19:59:51.243,0.9668,0.9671,0.20,1.10
2008.03.03 19:59:51.546,0.9668,0.9671,0.20,1.10
2008.03.03 19:59:51.850,0.9668,0.9671,0.20,1.10
2008.03.03 19:59:52.177,0.9668,0.9671,0.20,1.10
2008.03.03 19:59:52.482,0.9668,0.9671,0.20,1.10
2008.03.03 19:59:52.745,0.9668,0.9671,0.20,1.10
2008.03.03 19:59:53.009,0.9668,0.9671,0.20,1.10
2008.03.03 19:59:53.274,0.9668,0.9671,0.20,1.10
2008.03.03 19:59:53.522,0.9668,0.9671,0.20,1.10
2008.03.03 19:59:53.772,0.9668,0.9671,0.20,1.10
2008.03.03 19:59:54.043,0.9668,0.9671,0.20,0.40
2008.03.03 19:59:54.309,0.9668,0.9671,0.20,0.40
2008.03.03 19:59:54.642,0.9668,0.9671,0.20,0.40
2008.03.03 19:59:54.957,0.9668,0.9671,0.20,0.40
2008.03.03 19:59:55.290,0.9668,0.9671,0.20,0.40
2008.03.03 19:59:55.508,0.9668,0.9671,0.20,0.40
2008.03.03 19:59:55.727,0.9668,0.9671,0.20,0.40
2008.03.03 19:59:55.946,0.96695,0.96715,0.10,2.40
2008.03.03 19:59:56.166,0.967,0.96725,0.10,4.00
2008.03.03 19:59:56.386,0.96705,0.96735,0.10,2.70
2008.03.03 19:59:56.719,0.96705,0.96735,0.10,2.70
2008.03.03 19:59:57.054,0.96715,0.96745,0.10,2.70
2008.03.03 19:59:57.388,0.96705,0.96735,2.40,0.40
2008.03.03 19:59:57.627,0.96705,0.96735,2.40,0.40
2008.03.03 19:59:57.867,0.96715,0.96745,0.10,4.70
2008.03.03 19:59:58.107,0.96715,0.96745,2.40,0.40
2008.03.03 19:59:58.345,0.96715,0.96745,2.40,0.40
2008.03.03 19:59:58.663,0.96715,0.96745,2.40,0.40
2008.03.03 19:59:58.982,0.96715,0.96745,2.40,0.40
2008.03.03 19:59:59.312,0.96715,0.96745,2.40,0.40
2008.03.03 19:59:59.649,0.96715,0.96745,2.40,0.40
