2013.01.07 20:00:00.561,0.92169,0.92185,1.50,1.35
2013.01.07 20:00:00.871,0.92172,0.92189,2.25,1.73
2013.01.07 20:00:01.671,0.9217,0.92187,1.50,1.73
2013.01.07 20:00:08.991,0.9217,0.92187,2.25,1.73
2013.01.07 20:00:10.046,0.92169,0.92188,1.73,2.48
2013.01.07 20:00:10.694,0.9217,0.92187,1.50,1.73
2013.01.07 20:00:11.372,0.9217,0.92187,1.50,1.73
2013.01.07 20:00:24.081,0.92169,0.92187,1.73,2.48
2013.01.07 20:00:24.211,0.92169,0.92182,1.73,1.50
2013.01.07 20:00:24.760,0.92162,0.92179,2.48,1.50
2013.01.07 20:00:24.819,0.92162,0.92179,2.48,1.73
2013.01.07 20:00:36.892,0.92161,0.92178,2.10,1.35
2013.01.07 20:00:37.240,0.92162,0.92179,1.73,7.35
2013.01.07 20:00:41.491,0.92159,0.92178,2.48,1.73
2013.01.07 20:00:46.010,0.92157,0.92173,2.10,1.50
2013.01.07 20:00:46.420,0.92157,0.92173,1.13,1.73
2013.01.07 20:00:54.689,0.92157,0.92175,1.50,1.73
2013.01.07 20:00:54.749,0.92157,0.92175,1.73,1.73
2013.01.07 20:00:55.059,0.92157,0.92172,1.13,1.73
2013.01.07 20:00:56.887,0.92158,0.92176,2.25,1.35
2013.01.07 20:00:57.010,0.92158,0.92177,2.48,3.83
2013.01.07 20:01:02.400,0.92159,0.92177,2.10,2.33
2013.01.07 20:01:04.511,0.92161,0.92178,3.98,2.48
2013.01.07 20:01:04.820,0.92169,0.92186,1.50,2.10
2013.01.07 20:01:05.120,0.92171,0.92188,1.35,1.35
2013.01.07 20:01:05.179,0.92171,0.92189,1.35,3.98
2013.01.07 20:01:05.700,0.92169,0.92188,2.33,2.48
2013.01.07 20:01:05.820,0.92169,0.92188,1.58,2.48
2013.01.07 20:01:06.144,0.92169,0.92187,3.08,1.50
2013.01.07 20:01:06.211,0.92169,0.92187,1.73,1.35
2013.01.07 20:01:06.729,0.92167,0.92187,2.48,2.10
2013.01.07 20:01:07.642,0.92166,0.92183,3.75,2.48
2013.01.07 20:01:08.041,0.92166,0.92183,2.25,2.48
2013.01.07 20:01:09.665,0.92166,0.9218,1.88,1.50
2013.01.07 20:01:09.849,0.92166,0.9218,1.13,1.73
2013.01.07 20:01:09.969,0.92166,0.9218,1.13,1.50
2013.01.07 20:01:10.501,0.92168,0.92184,1.13,1.73
2013.01.07 20:01:10.561,0.92165,0.92175,2.48,2.25
2013.01.07 20:01:10.680,0.92164,0.92175,1.13,2.48
2013.01.07 20:01:10.741,0.92164,0.92179,1.13,2.48
2013.01.07 20:01:11.129,0.92162,0.92179,2.48,1.73
2013.01.07 20:01:12.790,0.92159,0.92176,2.85,2.25
2013.01.07 20:01:13.010,0.92161,0.9218,2.85,3.98
2013.01.07 20:01:13.830,0.92162,0.9218,3.23,3.98
2013.01.07 20:01:14.236,0.92162,0.9218,2.25,4.73
2013.01.07 20:01:14.300,0.92159,0.92178,2.48,2.48
2013.01.07 20:01:14.360,0.92161,0.9218,2.25,5.10
2013.01.07 20:01:14.420,0.92161,0.92178,2.48,1.73
2013.01.07 20:01:14.876,0.9216,0.92175,1.35,2.25
2013.01.07 20:01:15.119,0.92158,0.92175,6.23,2.48
2013.01.07 20:01:15.689,0.92159,0.92175,1.50,2.48
2013.01.07 20:01:15.750,0.92162,0.92179,2.48,1.73
2013.01.07 20:01:16.289,0.92161,0.9218,2.85,2.48
2013.01.07 20:01:16.640,0.92165,0.92181,1.50,2.85
2013.01.07 20:01:16.760,0.92165,0.92181,2.25,2.48
2013.01.07 20:01:17.690,0.92162,0.92177,1.95,1.50
2013.01.07 20:01:17.870,0.92161,0.92177,3.23,1.73
2013.01.07 20:01:18.281,0.92164,0.92182,1.50,1.73
2013.01.07 20:01:18.400,0.92164,0.92183,1.73,4.35
2013.01.07 20:01:19.540,0.92163,0.92179,1.35,1.50
2013.01.07 20:01:20.050,0.92164,0.92181,1.50,2.85
2013.01.07 20:01:20.306,0.92165,0.92181,1.73,2.48
2013.01.07 20:01:21.980,0.92163,0.92178,1.35,1.50
2013.01.07 20:01:22.040,0.92161,0.92178,2.33,1.73
2013.01.07 20:01:22.926,0.92165,0.9218,1.50,1.73
2013.01.07 20:01:23.130,0.92165,0.92182,1.50,2.48
2013.01.07 20:01:24.250,0.92162,0.92177,1.58,1.50
2013.01.07 20:01:24.370,0.92161,0.92177,2.48,1.73
2013.01.07 20:01:24.879,0.9216,0.92177,2.85,1.73
2013.01.07 20:01:28.940,0.9216,0.92175,3.60,2.10
2013.01.07 20:01:29.300,0.9216,0.92174,2.25,1.58
2013.01.07 20:01:29.480,0.92156,0.92174,2.10,3.08
2013.01.07 20:01:37.569,0.92156,0.92174,2.10,3.08
2013.01.07 20:01:38.149,0.92156,0.92174,1.35,3.08
2013.01.07 20:01:38.493,0.92156,0.92174,1.13,3.08
2013.01.07 20:01:39.119,0.92155,0.92171,1.50,1.73
2013.01.07 20:01:40.596,0.92155,0.92171,1.50,1.73
2013.01.07 20:01:52.330,0.92155,0.92171,1.50,1.73
2013.01.07 20:01:53.830,0.92155,0.92171,3.38,2.48
2013.01.07 20:01:53.890,0.92156,0.92171,1.73,2.25
2013.01.07 20:01:53.950,0.92159,0.92175,1.13,1.73
2013.01.07 20:01:54.129,0.92159,0.92176,1.13,2.48
2013.01.07 20:01:54.310,0.92157,0.92173,1.13,1.73
2013.01.07 20:01:54.822,0.92157,0.92173,1.13,1.73
2013.01.07 20:02:02.470,0.92158,0.92173,2.85,1.50
2013.01.07 20:02:02.983,0.92158,0.92176,2.85,1.73
2013.01.07 20:02:03.489,0.92158,0.92176,3.60,1.73
2013.01.07 20:02:03.790,0.92158,0.92176,2.25,1.73
2013.01.07 20:02:04.030,0.92157,0.92173,1.88,1.73
2013.01.07 20:02:06.789,0.92157,0.92173,2.25,1.73
2013.01.07 20:02:09.730,0.92158,0.92173,1.13,1.73
2013.01.07 20:02:12.600,0.92158,0.92173,1.50,1.73
2013.01.07 20:02:12.779,0.92161,0.92177,1.50,1.35
2013.01.07 20:02:12.839,0.92161,0.92178,1.13,2.48
2013.01.07 20:02:12.959,0.92162,0.9218,1.13,3.23
2013.01.07 20:02:16.340,0.92164,0.92178,1.13,1.73
2013.01.07 20:02:16.739,0.92164,0.92181,3.23,1.73
2013.01.07 20:02:17.280,0.92165,0.92182,1.35,1.73
2013.01.07 20:02:17.721,0.92165,0.92182,1.13,2.10
2013.01.07 20:02:18.453,0.92164,0.92178,1.13,1.73
2013.01.07 20:02:19.980,0.92165,0.92182,1.13,1.73
2013.01.07 20:02:20.741,0.92165,0.92182,1.50,1.73
2013.01.07 20:02:22.561,0.92163,0.92179,3.00,1.73
2013.01.07 20:02:22.809,0.92161,0.92178,3.75,2.48
2013.01.07 20:02:23.012,0.92161,0.92178,4.50,2.48
2013.01.07 20:02:23.202,0.92161,0.92178,4.73,2.48
2013.01.07 20:02:23.800,0.92163,0.92178,1.50,2.48
2013.01.07 20:02:24.311,0.92164,0.92179,1.88,2.48
2013.01.07 20:02:24.551,0.92165,0.92179,2.48,2.25
2013.01.07 20:02:24.991,0.92166,0.92184,3.23,2.85
2013.01.07 20:02:30.219,0.92168,0.92184,1.13,2.85
2013.01.07 20:02:30.340,0.92169,0.92183,1.88,1.73
2013.01.07 20:02:30.399,0.92169,0.92187,2.10,2.70
2013.01.07 20:02:33.241,0.92169,0.92186,3.23,2.10
2013.01.07 20:02:33.301,0.92169,0.92184,1.73,2.25
2013.01.07 20:02:33.659,0.92165,0.92182,1.73,1.73
2013.01.07 20:02:34.090,0.92165,0.92182,1.73,1.73
2013.01.07 20:02:35.748,0.92164,0.92179,1.58,1.73
2013.01.07 20:03:05.320,0.92164,0.92178,1.50,1.73
2013.01.07 20:03:22.321,0.92163,0.92179,1.13,2.48
2013.01.07 20:03:22.639,0.92163,0.92179,1.88,2.48
2013.01.07 20:03:26.962,0.92165,0.92179,2.48,2.48
2013.01.07 20:03:27.470,0.92165,0.92182,1.73,2.48
2013.01.07 20:03:28.150,0.92166,0.92184,3.00,3.08
2013.01.07 20:03:28.210,0.92166,0.92184,3.23,3.08
2013.01.07 20:03:30.056,0.92167,0.92184,2.48,2.48
2013.01.07 20:03:30.390,0.92166,0.92181,1.88,1.73
2013.01.07 20:03:31.099,0.92165,0.92181,1.35,1.73
2013.01.07 20:03:31.159,0.92165,0.92181,1.35,1.73
2013.01.07 20:03:46.649,0.92164,0.92181,3.60,1.73
2013.01.07 20:03:51.180,0.92167,0.9218,1.50,1.73
2013.01.07 20:03:51.241,0.92167,0.92184,1.73,3.23
2013.01.07 20:03:51.833,0.92168,0.92182,3.23,1.50
2013.01.07 20:03:52.251,0.92162,0.92176,3.23,1.50
2013.01.07 20:03:52.372,0.92161,0.92176,1.88,1.73
2013.01.07 20:03:52.920,0.9216,0.92176,4.35,1.73
2013.01.07 20:04:01.270,0.92159,0.92178,5.10,1.73
2013.01.07 20:04:11.830,0.92162,0.92179,1.95,3.23
2013.01.07 20:04:12.132,0.92165,0.92183,2.63,1.73
2013.01.07 20:04:12.381,0.92165,0.92183,2.63,1.73
2013.01.07 20:04:13.059,0.92165,0.92183,1.88,1.73
2013.01.07 20:04:22.421,0.92167,0.92182,1.73,1.73
2013.01.07 20:04:22.551,0.92169,0.92187,2.48,2.48
2013.01.07 20:04:22.903,0.92171,0.92188,1.50,2.48
2013.01.07 20:04:23.677,0.92171,0.92187,1.50,1.73
2013.01.07 20:04:23.860,0.92171,0.92187,2.10,1.50
2013.01.07 20:04:24.369,0.92172,0.92191,1.73,3.98
2013.01.07 20:04:26.860,0.92172,0.92191,2.48,4.35
2013.01.07 20:04:27.399,0.92171,0.9219,4.73,1.58
2013.01.07 20:04:28.150,0.92171,0.9219,3.75,1.58
2013.01.07 20:04:28.269,0.9217,0.92187,2.48,1.73
2013.01.07 20:04:41.260,0.92171,0.92187,1.50,1.73
2013.01.07 20:04:42.960,0.9217,0.92187,1.73,2.48
2013.01.07 20:04:47.981,0.92166,0.92184,1.73,2.48
2013.01.07 20:04:51.863,0.9217,0.92187,1.50,4.73
2013.01.07 20:04:52.000,0.9217,0.92187,1.73,2.10
2013.01.07 20:05:01.091,0.92167,0.92184,1.73,2.25
2013.01.07 20:05:01.271,0.92169,0.92186,1.73,2.48
2013.01.07 20:05:01.810,0.9217,0.92187,2.25,1.73
2013.01.07 20:05:11.891,0.92169,0.92186,3.23,2.48
2013.01.07 20:05:11.961,0.9217,0.92186,1.50,2.48
2013.01.07 20:05:12.081,0.9217,0.92188,1.50,3.45
2013.01.07 20:05:12.440,0.9217,0.92188,1.73,2.85
2013.01.07 20:05:12.620,0.92171,0.9219,3.23,2.48
2013.01.07 20:05:13.550,0.92171,0.9219,2.25,1.73
2013.01.07 20:05:13.670,0.92171,0.9219,2.48,1.73
2013.01.07 20:05:16.830,0.9217,0.92187,3.00,1.73
2013.01.07 20:05:46.951,0.92169,0.92183,2.48,2.25
2013.01.07 20:05:47.369,0.92167,0.92183,1.50,2.48
2013.01.07 20:05:47.875,0.92168,0.92183,2.48,2.25
2013.01.07 20:05:48.051,0.92169,0.92187,1.73,1.73
2013.01.07 20:05:49.691,0.92168,0.92184,2.48,2.25
2013.01.07 20:05:50.170,0.92165,0.92184,3.23,2.48
2013.01.07 20:05:51.190,0.92168,0.92184,2.25,2.48
2013.01.07 20:05:51.371,0.92169,0.92188,1.73,4.95
2013.01.07 20:05:55.698,0.92169,0.92188,2.48,4.20
2013.01.07 20:05:56.246,0.92168,0.92187,4.73,1.35
2013.01.07 20:05:57.021,0.9217,0.92187,2.25,2.10
2013.01.07 20:05:57.340,0.92168,0.92187,4.73,1.35
2013.01.07 20:05:58.080,0.9217,0.92187,1.50,2.10
2013.01.07 20:05:59.222,0.92173,0.92188,2.25,1.95
2013.01.07 20:05:59.411,0.92173,0.92189,3.23,1.35
2013.01.07 20:05:59.920,0.9217,0.92187,3.23,3.00
2013.01.07 20:06:00.350,0.9217,0.92187,2.48,3.23
2013.01.07 20:06:01.681,0.9217,0.92187,1.73,4.35
2013.01.07 20:06:01.742,0.9217,0.92187,1.50,4.35
2013.01.07 20:06:02.051,0.9217,0.92185,1.50,2.10
2013.01.07 20:06:02.230,0.92166,0.92185,2.63,3.60
2013.01.07 20:06:02.796,0.92165,0.92182,2.10,1.73
2013.01.07 20:06:03.342,0.92164,0.92182,3.23,1.73
2013.01.07 20:06:15.230,0.92164,0.92182,1.73,1.73
2013.01.07 20:06:15.550,0.92164,0.92183,1.73,6.60
2013.01.07 20:06:19.371,0.92165,0.92182,3.98,1.73
2013.01.07 20:06:19.557,0.92173,0.92188,1.73,1.35
2013.01.07 20:06:20.330,0.92173,0.92189,1.73,1.73
2013.01.07 20:06:20.811,0.92169,0.92186,2.10,1.73
2013.01.07 20:06:22.022,0.92167,0.92183,1.50,2.48
2013.01.07 20:06:22.571,0.92169,0.92186,1.50,2.10
2013.01.07 20:06:25.721,0.92167,0.92187,4.35,2.48
2013.01.07 20:06:31.991,0.92167,0.92183,1.73,1.13
2013.01.07 20:06:32.350,0.92163,0.92181,1.13,3.23
2013.01.07 20:06:32.651,0.92165,0.92183,2.63,1.73
2013.01.07 20:06:32.841,0.92165,0.92184,2.85,2.33
2013.01.07 20:06:32.902,0.92165,0.92184,2.85,1.58
2013.01.07 20:06:33.690,0.92163,0.92182,4.95,2.48
2013.01.07 20:06:33.992,0.92163,0.92181,1.50,4.58
2013.01.07 20:06:34.110,0.92163,0.92181,1.50,2.48
2013.01.07 20:06:34.340,0.92163,0.92181,1.50,2.10
2013.01.07 20:06:34.760,0.92164,0.92181,1.50,3.23
2013.01.07 20:06:36.231,0.92162,0.92181,5.70,1.73
2013.01.07 20:06:36.742,0.92163,0.92181,2.48,3.23
2013.01.07 20:06:38.063,0.92163,0.92181,1.73,1.35
2013.01.07 20:06:38.131,0.92162,0.92181,5.85,1.35
2013.01.07 20:06:38.670,0.92163,0.92181,2.85,1.35
2013.01.07 20:06:39.840,0.92164,0.92181,1.50,2.85
2013.01.07 20:06:40.100,0.92161,0.92176,1.13,1.73
2013.01.07 20:06:41.369,0.9216,0.92176,3.98,1.73
2013.01.07 20:06:42.209,0.92158,0.92174,1.13,1.73
2013.01.07 20:06:42.461,0.92157,0.92174,5.10,1.73
2013.01.07 20:06:43.771,0.92156,0.92175,3.98,2.48
2013.01.07 20:06:45.731,0.92155,0.92172,1.73,2.25
2013.01.07 20:06:46.040,0.92155,0.92172,1.50,3.23
2013.01.07 20:06:47.060,0.92153,0.92172,2.48,3.23
2013.01.07 20:06:49.051,0.92154,0.92172,1.35,2.10
2013.01.07 20:06:49.230,0.92156,0.92173,1.73,2.48
2013.01.07 20:06:49.513,0.92156,0.92173,1.50,3.08
2013.01.07 20:06:49.701,0.92154,0.92171,1.73,2.48
2013.01.07 20:06:50.751,0.92151,0.92168,3.23,1.50
2013.01.07 20:06:50.811,0.92151,0.92168,2.48,1.73
2013.01.07 20:06:51.460,0.92152,0.92169,1.50,1.73
2013.01.07 20:06:52.183,0.92151,0.9217,3.23,3.45
2013.01.07 20:06:54.370,0.92151,0.92169,2.85,2.25
2013.01.07 20:06:54.550,0.92157,0.92172,1.73,2.10
2013.01.07 20:06:55.030,0.92155,0.9217,1.88,1.20
2013.01.07 20:06:55.091,0.92151,0.92168,3.23,1.73
2013.01.07 20:06:55.672,0.92151,0.92168,1.73,3.83
2013.01.07 20:06:55.729,0.92151,0.92168,2.48,3.83
2013.01.07 20:06:55.790,0.92151,0.92168,1.73,3.83
2013.01.07 20:06:59.590,0.92155,0.92171,1.50,3.12
2013.01.07 20:07:00.070,0.9215,0.92169,6.23,3.83
2013.01.07 20:07:00.430,0.9215,0.92168,6.23,1.58
2013.01.07 20:07:05.260,0.92153,0.92168,1.50,1.58
2013.01.07 20:07:05.931,0.92151,0.92168,1.73,1.58
2013.01.07 20:07:09.422,0.92152,0.92169,1.73,1.73
2013.01.07 20:07:22.050,0.92153,0.92169,1.50,2.10
2013.01.07 20:07:23.900,0.92153,0.92169,1.73,1.50
2013.01.07 20:07:24.140,0.92156,0.92172,1.50,1.73
2013.01.07 20:07:24.590,0.92156,0.92174,1.73,2.10
2013.01.07 20:07:26.310,0.92159,0.92174,1.50,2.85
2013.01.07 20:07:26.662,0.92159,0.92177,3.98,1.35
2013.01.07 20:07:32.427,0.92159,0.92178,4.73,3.45
2013.01.07 20:07:32.640,0.9216,0.92176,1.50,1.73
2013.01.07 20:07:32.946,0.92163,0.92177,2.25,1.73
2013.01.07 20:07:33.131,0.92162,0.92177,3.75,1.73
2013.01.07 20:07:33.550,0.9216,0.92177,1.50,1.73
2013.01.07 20:07:33.749,0.92162,0.92177,1.50,1.73
2013.01.07 20:07:35.123,0.9216,0.92177,1.50,1.73
2013.01.07 20:07:39.220,0.92159,0.92177,2.63,1.35
2013.01.07 20:07:39.640,0.92159,0.92177,1.35,3.83
2013.01.07 20:07:39.700,0.92157,0.92173,3.60,3.60
2013.01.07 20:07:40.120,0.92159,0.92177,2.48,3.83
2013.01.07 20:07:41.450,0.92156,0.92175,3.23,3.60
2013.01.07 20:07:44.689,0.92156,0.92172,3.23,1.73
2013.01.07 20:07:45.114,0.92154,0.92171,1.50,2.10
2013.01.07 20:07:45.180,0.92154,0.92171,3.23,1.88
2013.01.07 20:07:45.301,0.92157,0.92173,1.73,2.48
2013.01.07 20:08:11.670,0.92156,0.92173,1.73,1.73
2013.01.07 20:08:12.581,0.92159,0.92175,2.25,3.98
2013.01.07 20:08:12.761,0.92159,0.92176,2.48,2.48
2013.01.07 20:08:23.910,0.92159,0.92178,1.73,4.35
2013.01.07 20:08:41.290,0.92159,0.92177,1.73,2.48
2013.01.07 20:08:43.291,0.9216,0.92175,1.73,1.35
2013.01.07 20:08:43.349,0.9216,0.92176,1.73,1.58
2013.01.07 20:08:43.901,0.92159,0.92176,2.48,1.73
2013.01.07 20:09:00.901,0.92167,0.92178,1.50,1.20
2013.01.07 20:09:01.081,0.92167,0.92183,1.73,2.25
2013.01.07 20:09:01.321,0.92164,0.92181,2.85,2.48
2013.01.07 20:09:01.840,0.92164,0.92181,2.10,2.48
2013.01.07 20:09:18.670,0.92167,0.92186,2.48,1.73
2013.01.07 20:09:20.090,0.92168,0.92185,4.35,1.73
2013.01.07 20:09:21.172,0.92168,0.92185,4.35,1.73
2013.01.07 20:09:38.673,0.92175,0.92188,1.50,1.73
2013.01.07 20:09:38.861,0.92175,0.92192,2.10,1.88
2013.01.07 20:09:39.400,0.92175,0.92194,2.85,1.58
2013.01.07 20:09:39.911,0.92175,0.92195,2.85,2.70
2013.01.07 20:09:44.357,0.92177,0.9219,1.73,1.50
2013.01.07 20:09:44.672,0.9217,0.92186,1.35,2.63
2013.01.07 20:09:44.741,0.9217,0.92186,1.35,2.85
2013.01.07 20:09:44.861,0.92169,0.92186,2.48,3.60
2013.01.07 20:09:48.393,0.92168,0.92184,3.23,2.25
2013.01.07 20:09:48.701,0.92166,0.9218,1.13,1.35
2013.01.07 20:09:49.391,0.92167,0.92183,2.85,1.50
2013.01.07 20:09:50.930,0.92167,0.92184,2.63,2.33
2013.01.07 20:09:51.251,0.92167,0.92185,2.85,2.48
2013.01.07 20:09:53.071,0.92165,0.92181,1.35,1.50
2013.01.07 20:09:53.131,0.92165,0.92181,1.35,1.73
2013.01.07 20:09:53.652,0.92168,0.92185,1.73,2.48
2013.01.07 20:09:55.505,0.92165,0.92182,1.35,1.50
2013.01.07 20:09:56.191,0.92168,0.92185,2.25,2.48
2013.01.07 20:09:56.251,0.92168,0.92185,2.48,2.48
2013.01.07 20:09:56.801,0.92167,0.92186,2.48,2.48
2013.01.07 20:09:57.552,0.92167,0.92186,2.48,2.48
2013.01.07 20:09:57.801,0.92165,0.92182,1.35,1.50
2013.01.07 20:09:57.861,0.92165,0.92182,1.35,1.73
2013.01.07 20:10:04.352,0.92166,0.92182,1.35,1.50
2013.01.07 20:10:04.662,0.92167,0.92186,3.23,1.73
2013.01.07 20:10:06.191,0.92166,0.92181,1.35,1.50
2013.01.07 20:10:06.311,0.92166,0.92181,1.13,1.73
2013.01.07 20:10:10.900,0.92164,0.92177,1.73,2.25
2013.01.07 20:10:11.082,0.92163,0.92177,1.50,2.48
2013.01.07 20:10:14.793,0.92164,0.92182,2.48,2.48
2013.01.07 20:10:15.392,0.92164,0.92182,2.48,2.48
2013.01.07 20:10:17.210,0.92164,0.92182,1.73,2.48
2013.01.07 20:10:18.871,0.92165,0.92182,2.10,2.25
2013.01.07 20:10:23.550,0.92166,0.92182,2.10,1.73
2013.01.07 20:10:24.530,0.92168,0.92185,1.50,3.45
2013.01.07 20:10:25.660,0.92166,0.92183,2.48,2.48
2013.01.07 20:10:49.191,0.92165,0.9218,1.73,1.50
2013.01.07 20:10:49.780,0.92165,0.92184,3.60,3.23
2013.01.07 20:10:49.960,0.92165,0.92184,3.60,3.23
2013.01.07 20:10:50.714,0.92162,0.92178,2.48,1.50
2013.01.07 20:10:50.841,0.92162,0.92178,2.10,1.73
2013.01.07 20:10:51.150,0.92164,0.92183,2.48,3.23
2013.01.07 20:10:52.711,0.92164,0.92181,3.60,1.50
2013.01.07 20:10:52.830,0.92164,0.92181,2.10,1.73
2013.01.07 20:10:53.382,0.92164,0.92181,2.48,1.50
2013.01.07 20:10:53.630,0.92168,0.92184,2.48,2.48
2013.01.07 20:10:54.970,0.92163,0.92182,3.60,1.50
2013.01.07 20:10:55.150,0.92164,0.92182,1.35,1.73
2013.01.07 20:10:55.271,0.92167,0.92183,1.50,1.73
2013.01.07 20:10:55.624,0.92167,0.92184,1.73,1.50
2013.01.07 20:10:56.261,0.92167,0.92184,1.73,1.50
2013.01.07 20:10:56.672,0.92168,0.92181,1.73,1.88
2013.01.07 20:10:56.851,0.9216,0.92178,1.35,1.73
2013.01.07 20:10:57.442,0.9216,0.92178,2.48,2.10
2013.01.07 20:10:58.911,0.9216,0.92175,1.73,1.50
2013.01.07 20:10:58.972,0.92159,0.92175,2.25,1.73
2013.01.07 20:11:00.121,0.9216,0.92177,1.50,2.48
2013.01.07 20:11:00.601,0.9216,0.92178,1.73,3.45
2013.01.07 20:11:02.719,0.92159,0.92175,1.73,1.73
2013.01.07 20:11:15.671,0.92157,0.92171,1.35,1.50
2013.01.07 20:11:17.241,0.92157,0.92172,1.35,1.73
2013.01.07 20:11:28.141,0.92159,0.92177,2.85,2.48
2013.01.07 20:11:31.331,0.92161,0.92176,2.48,1.73
2013.01.07 20:11:31.640,0.92161,0.92176,2.48,1.73
2013.01.07 20:11:31.831,0.92161,0.92176,2.48,1.73
2013.01.07 20:11:37.130,0.92161,0.92177,2.48,2.48
2013.01.07 20:11:37.811,0.92161,0.92177,2.48,1.73
2013.01.07 20:11:38.180,0.92162,0.92177,1.05,1.73
2013.01.07 20:11:45.671,0.92162,0.92176,1.05,1.73
2013.01.07 20:11:46.161,0.92161,0.92177,1.73,2.48
2013.01.07 20:12:33.160,0.92162,0.92177,1.05,1.73
2013.01.07 20:12:47.152,0.92164,0.92177,1.50,1.73
2013.01.07 20:12:47.390,0.92162,0.92177,1.05,1.73
2013.01.07 20:12:47.570,0.92168,0.92183,1.50,2.10
2013.01.07 20:12:47.691,0.92168,0.92183,1.73,1.13
2013.01.07 20:12:47.750,0.92165,0.92182,2.48,2.25
2013.01.07 20:12:47.817,0.92164,0.92182,1.35,2.48
2013.01.07 20:12:48.741,0.92164,0.92182,1.73,2.48
2013.01.07 20:12:50.700,0.92164,0.92177,1.73,1.50
2013.01.07 20:12:50.881,0.92161,0.92177,2.55,1.73
2013.01.07 20:12:53.040,0.92163,0.92181,2.48,1.73
2013.01.07 20:12:53.291,0.92164,0.9218,1.73,1.50
2013.01.07 20:13:00.370,0.92163,0.92177,3.23,1.50
2013.01.07 20:13:00.671,0.92163,0.92177,1.13,1.73
2013.01.07 20:13:17.131,0.92161,0.92176,1.73,1.73
2013.01.07 20:13:23.181,0.92161,0.92177,2.85,2.48
2013.01.07 20:13:27.152,0.92161,0.92178,2.85,2.85
2013.01.07 20:13:30.171,0.92162,0.92177,1.05,1.73
2013.01.07 20:13:32.261,0.92162,0.92178,1.05,2.85
2013.01.07 20:13:40.282,0.92165,0.92182,1.35,2.48
2013.01.07 20:13:42.481,0.92165,0.92178,2.48,2.25
2013.01.07 20:13:42.792,0.92162,0.92178,2.48,2.48
2013.01.07 20:13:42.851,0.92162,0.92178,2.48,2.48
2013.01.07 20:14:04.343,0.92159,0.92177,6.60,1.73
2013.01.07 20:14:04.411,0.92159,0.92175,5.63,1.73
2013.01.07 20:14:04.650,0.92159,0.92175,1.50,1.73
2013.01.07 20:14:04.811,0.92157,0.92175,6.60,1.73
2013.01.07 20:14:07.822,0.92157,0.92175,1.35,1.73
2013.01.07 20:14:08.722,0.92157,0.92175,1.35,1.73
2013.01.07 20:14:08.980,0.92158,0.92175,1.05,1.73
2013.01.07 20:14:09.221,0.92158,0.92175,5.10,1.73
2013.01.07 20:15:02.121,0.92159,0.92174,1.20,2.48
2013.01.07 20:15:02.423,0.92162,0.92176,1.05,1.20
2013.01.07 20:15:16.911,0.92164,0.92177,1.50,2.33
2013.01.07 20:15:17.214,0.92165,0.92182,1.88,2.48
2013.01.07 20:15:17.490,0.92167,0.92182,1.13,2.48
2013.01.07 20:15:20.134,0.92166,0.92182,1.35,2.48
2013.01.07 20:15:28.902,0.92169,0.92182,1.13,1.73
2013.01.07 20:15:29.204,0.92172,0.92189,2.85,1.35
2013.01.07 20:15:30.403,0.92172,0.9219,4.35,2.48
2013.01.07 20:15:30.462,0.92172,0.92185,2.85,1.50
2013.01.07 20:15:30.522,0.92172,0.92185,1.13,1.73
2013.01.07 20:15:34.211,0.92171,0.92186,2.10,1.73
2013.01.07 20:15:38.341,0.92169,0.92183,1.35,2.25
2013.01.07 20:15:38.403,0.92168,0.92183,3.00,2.48
2013.01.07 20:15:38.961,0.92168,0.92183,2.25,2.48
2013.01.07 20:15:42.905,0.92168,0.92183,1.73,2.25
2013.01.07 20:15:43.212,0.92176,0.92193,2.10,1.58
2013.01.07 20:15:43.451,0.92177,0.92196,2.70,1.88
2013.01.07 20:15:43.571,0.92176,0.92196,1.35,2.70
2013.01.07 20:15:44.112,0.92176,0.92194,1.73,3.23
2013.01.07 20:15:44.232,0.92174,0.92191,1.73,2.25
2013.01.07 20:15:44.352,0.92173,0.92191,2.10,2.48
2013.01.07 20:15:44.881,0.92172,0.92187,2.48,1.13
2013.01.07 20:15:45.121,0.92172,0.92187,1.50,1.95
2013.01.07 20:15:45.481,0.92168,0.92185,3.00,3.45
2013.01.07 20:15:45.982,0.92167,0.92182,1.13,1.73
2013.01.07 20:15:46.344,0.92171,0.9219,2.85,3.98
2013.01.07 20:15:47.042,0.92171,0.9219,2.85,1.73
2013.01.07 20:15:47.367,0.92168,0.92186,2.48,1.50
2013.01.07 20:15:47.801,0.92167,0.92186,2.48,1.73
2013.01.07 20:15:49.813,0.92172,0.92186,1.50,2.85
2013.01.07 20:15:49.873,0.92168,0.92183,1.73,3.00
2013.01.07 20:15:50.291,0.92169,0.92186,1.50,1.73
2013.01.07 20:15:50.351,0.92169,0.92186,1.73,1.73
2013.01.07 20:15:51.443,0.92169,0.92178,1.73,1.50
2013.01.07 20:15:51.744,0.92168,0.92183,1.50,3.23
2013.01.07 20:15:51.812,0.92168,0.92183,1.73,1.50
2013.01.07 20:15:55.101,0.92168,0.92185,3.23,3.75
2013.01.07 20:16:00.711,0.92172,0.92189,1.50,3.60
2013.01.07 20:16:01.015,0.92173,0.92189,1.73,2.25
2013.01.07 20:16:01.141,0.9217,0.92186,1.58,1.50
2013.01.07 20:16:02.178,0.92169,0.92186,1.35,1.50
2013.01.07 20:16:02.672,0.92172,0.92189,1.50,1.73
2013.01.07 20:16:03.031,0.92169,0.92185,2.85,1.50
2013.01.07 20:16:03.091,0.92169,0.92185,2.85,1.50
2013.01.07 20:16:04.771,0.92171,0.9219,2.85,3.23
2013.01.07 20:16:04.891,0.92171,0.9219,3.60,2.48
2013.01.07 20:16:13.372,0.92176,0.92192,1.50,1.73
2013.01.07 20:16:13.493,0.92176,0.9219,1.73,2.25
2013.01.07 20:16:13.613,0.92177,0.9219,1.50,2.48
2013.01.07 20:16:14.341,0.92174,0.9219,3.23,2.48
2013.01.07 20:16:16.241,0.92173,0.9219,5.48,2.48
2013.01.07 20:16:21.472,0.92177,0.92194,1.50,4.73
2013.01.07 20:16:22.033,0.92177,0.92194,3.23,3.00
2013.01.07 20:16:22.916,0.92177,0.92195,1.73,3.08
2013.01.07 20:16:23.701,0.92177,0.92195,2.48,2.33
2013.01.07 20:16:23.922,0.92177,0.92194,3.23,2.25
2013.01.07 20:16:24.511,0.92179,0.92194,1.50,2.25
2013.01.07 20:16:24.931,0.92179,0.92195,1.50,2.33
2013.01.07 20:16:24.992,0.92179,0.92194,1.50,2.25
2013.01.07 20:16:32.652,0.92179,0.92196,3.23,2.85
2013.01.07 20:16:33.531,0.92179,0.92197,3.23,1.50
2013.01.07 20:16:36.361,0.92179,0.92197,3.00,2.10
2013.01.07 20:16:37.142,0.92177,0.92195,1.35,1.73
2013.01.07 20:16:38.481,0.92178,0.92195,2.48,1.73
2013.01.07 20:16:39.024,0.92178,0.92195,2.48,1.73
2013.01.07 20:16:40.062,0.92179,0.92198,2.48,2.85
2013.01.07 20:16:40.482,0.92184,0.92199,1.50,2.48
2013.01.07 20:16:40.992,0.92184,0.922,1.73,1.13
2013.01.07 20:16:41.892,0.92183,0.92202,3.60,2.85
2013.01.07 20:16:42.193,0.9218,0.92197,3.98,2.25
2013.01.07 20:16:42.492,0.9218,0.92197,2.48,2.25
2013.01.07 20:16:43.059,0.92179,0.92197,2.10,1.50
2013.01.07 20:16:43.563,0.92179,0.92198,2.10,1.50
2013.01.07 20:16:46.449,0.92179,0.92198,1.73,2.25
2013.01.07 20:16:46.516,0.92178,0.92195,1.73,1.50
2013.01.07 20:16:50.393,0.92182,0.92195,1.50,1.50
2013.01.07 20:16:50.524,0.92184,0.922,1.50,2.85
2013.01.07 20:16:51.071,0.92184,0.92201,3.98,2.25
2013.01.07 20:16:54.022,0.92184,0.92199,2.10,1.50
2013.01.07 20:16:54.442,0.92183,0.92197,4.35,1.50
2013.01.07 20:16:54.562,0.92183,0.92197,1.35,1.50
2013.01.07 20:16:55.851,0.92183,0.92198,1.35,1.50
2013.01.07 20:16:56.391,0.92184,0.92199,1.50,2.25
2013.01.07 20:16:56.911,0.92184,0.92199,1.13,2.25
2013.01.07 20:16:57.693,0.92184,0.92198,1.88,1.50
2013.01.07 20:16:57.752,0.92186,0.92203,2.25,3.60
2013.01.07 20:16:58.301,0.92186,0.92203,2.48,2.25
2013.01.07 20:16:58.961,0.92185,0.92204,2.85,3.00
2013.01.07 20:16:59.621,0.92185,0.92203,2.85,1.13
2013.01.07 20:17:00.161,0.92185,0.92204,2.48,3.00
2013.01.07 20:17:00.832,0.92185,0.92203,3.23,1.13
2013.01.07 20:17:00.952,0.92185,0.92202,3.23,1.50
2013.01.07 20:17:01.013,0.92185,0.92202,2.25,1.35
2013.01.07 20:17:01.515,0.92184,0.922,1.35,2.48
2013.01.07 20:17:02.441,0.92184,0.922,1.35,2.48
2013.01.07 20:17:02.987,0.92184,0.92199,1.35,2.25
2013.01.07 20:17:05.852,0.92184,0.922,1.35,1.73
2013.01.07 20:17:06.897,0.92183,0.92198,1.35,1.50
2013.01.07 20:17:08.202,0.92183,0.922,1.35,2.48
2013.01.07 20:17:13.674,0.92184,0.92199,1.35,2.25
2013.01.07 20:17:15.464,0.92184,0.92199,1.35,1.50
2013.01.07 20:17:16.581,0.92184,0.92198,1.35,1.50
2013.01.07 20:17:17.291,0.92184,0.92199,1.35,1.50
2013.01.07 20:17:18.532,0.92184,0.92198,1.35,1.50
2013.01.07 20:17:24.192,0.92184,0.92202,2.48,1.73
2013.01.07 20:17:24.371,0.92184,0.92202,2.48,1.73
2013.01.07 20:17:24.432,0.92186,0.92203,3.98,2.25
2013.01.07 20:17:24.551,0.92186,0.92203,3.23,2.25
2013.01.07 20:17:24.619,0.92186,0.92203,5.48,2.48
2013.01.07 20:17:25.273,0.92186,0.92201,2.48,1.50
2013.01.07 20:17:32.244,0.92186,0.92201,2.48,1.50
2013.01.07 20:17:32.803,0.92186,0.92201,1.73,1.50
2013.01.07 20:18:01.552,0.92184,0.92201,2.25,2.48
2013.01.07 20:18:01.741,0.92184,0.92201,3.98,1.50
2013.01.07 20:18:05.143,0.92185,0.92201,2.48,1.50
2013.01.07 20:18:05.483,0.92192,0.92205,1.50,2.10
2013.01.07 20:18:05.783,0.92195,0.9221,2.25,2.48
2013.01.07 20:18:06.331,0.92195,0.92211,1.50,2.48
2013.01.07 20:18:06.391,0.92195,0.92211,1.73,2.25
2013.01.07 20:18:06.463,0.92195,0.92211,1.73,2.48
2013.01.07 20:18:06.862,0.92195,0.92211,1.73,2.10
2013.01.07 20:18:07.681,0.92195,0.9221,2.48,1.50
2013.01.07 20:18:08.124,0.92198,0.9221,1.20,1.50
2013.01.07 20:18:08.371,0.92198,0.92216,3.68,2.10
2013.01.07 20:18:12.010,0.92198,0.92214,3.68,1.50
2013.01.07 20:18:14.236,0.92201,0.92216,2.10,1.73
2013.01.07 20:18:14.361,0.92201,0.92218,3.08,1.13
2013.01.07 20:18:14.975,0.92203,0.92221,1.73,4.35
2013.01.07 20:18:16.352,0.92203,0.92221,1.73,4.73
2013.01.07 20:18:16.591,0.92199,0.92216,3.38,2.48
2013.01.07 20:18:17.440,0.92199,0.92214,2.78,1.50
2013.01.07 20:18:20.331,0.92199,0.92214,2.40,2.25
2013.01.07 20:18:21.012,0.92199,0.92215,2.40,1.50
2013.01.07 20:18:21.705,0.92199,0.92214,2.40,1.50
2013.01.07 20:18:23.629,0.92199,0.92215,2.25,1.50
2013.01.07 20:18:24.311,0.92199,0.92215,3.00,1.50
2013.01.07 20:18:31.412,0.92198,0.92215,1.80,1.50
2013.01.07 20:18:31.532,0.922,0.92217,3.23,1.88
2013.01.07 20:18:31.852,0.92198,0.92213,1.80,2.10
2013.01.07 20:18:31.912,0.92198,0.9221,1.58,1.50
2013.01.07 20:18:33.322,0.92198,0.92211,1.20,1.73
2013.01.07 20:18:33.811,0.92198,0.9221,1.20,2.25
2013.01.07 20:18:33.933,0.92198,0.92214,1.20,2.10
2013.01.07 20:18:34.052,0.92199,0.92214,1.20,1.50
2013.01.07 20:18:34.291,0.92201,0.92218,1.73,1.88
2013.01.07 20:18:34.472,0.922,0.92214,3.00,1.50
2013.01.07 20:18:36.461,0.922,0.92218,3.38,1.73
2013.01.07 20:18:36.582,0.922,0.92219,5.85,3.08
2013.01.07 20:18:36.881,0.922,0.92215,1.13,1.73
2013.01.07 20:18:38.496,0.92199,0.92215,2.18,1.50
2013.01.07 20:18:38.685,0.92204,0.92218,2.25,1.73
2013.01.07 20:18:38.871,0.92204,0.9222,3.23,1.50
2013.01.07 20:18:39.541,0.92202,0.92219,4.50,2.25
2013.01.07 20:18:41.532,0.92205,0.92214,1.05,1.50
2013.01.07 20:18:46.601,0.92201,0.92214,1.13,1.50
2013.01.07 20:18:48.462,0.92201,0.92214,1.13,1.50
2013.01.07 20:18:49.193,0.92199,0.92211,2.25,2.25
2013.01.07 20:18:49.572,0.92196,0.9221,3.75,1.50
2013.01.07 20:18:49.982,0.92197,0.92215,1.35,3.75
2013.01.07 20:18:50.841,0.92197,0.92215,1.35,3.75
2013.01.07 20:18:51.201,0.92196,0.9221,3.23,1.50
2013.01.07 20:18:51.383,0.92193,0.92207,1.35,1.50
2013.01.07 20:18:51.442,0.92193,0.92207,1.52,1.50
2013.01.07 20:18:52.033,0.92195,0.92207,1.07,1.50
2013.01.07 20:18:54.503,0.92195,0.92207,1.07,1.50
2013.01.07 20:18:58.073,0.92194,0.92207,1.14,1.50
2013.01.07 20:19:02.630,0.9219,0.92203,1.28,2.25
2013.01.07 20:19:02.789,0.92187,0.92203,2.63,2.25
2013.01.07 20:19:02.912,0.92187,0.92203,2.10,2.25
2013.01.07 20:19:03.452,0.92188,0.92203,1.13,2.25
2013.01.07 20:19:03.671,0.92188,0.92204,1.13,2.25
2013.01.07 20:19:04.279,0.92187,0.92203,3.23,1.50
2013.01.07 20:19:04.463,0.92185,0.92199,2.48,1.35
2013.01.07 20:19:04.661,0.92183,0.92199,3.60,1.35
2013.01.07 20:19:05.416,0.92183,0.922,2.10,1.50
2013.01.07 20:19:08.171,0.92182,0.92199,2.10,2.25
2013.01.07 20:19:09.525,0.92185,0.92199,1.50,3.00
2013.01.07 20:19:09.783,0.92186,0.92202,2.63,1.35
2013.01.07 20:19:09.843,0.92186,0.92202,2.85,1.13
2013.01.07 20:19:10.865,0.92187,0.92203,1.73,3.00
2013.01.07 20:19:13.133,0.9219,0.92203,1.50,3.00
2013.01.07 20:19:13.316,0.9219,0.92206,3.75,1.73
2013.01.07 20:19:13.442,0.92191,0.92207,1.35,2.25
2013.01.07 20:19:14.411,0.92195,0.92209,1.88,1.50
2013.01.07 20:19:14.712,0.92195,0.9221,1.35,1.88
2013.01.07 20:19:15.940,0.92195,0.92209,1.35,1.50
2013.01.07 20:19:16.002,0.92195,0.92209,1.13,1.73
2013.01.07 20:19:16.141,0.92195,0.92209,1.13,1.73
2013.01.07 20:19:16.201,0.92192,0.92207,1.35,1.50
2013.01.07 20:19:16.321,0.92191,0.92207,2.10,1.50
2013.01.07 20:19:16.743,0.92194,0.92209,1.50,1.73
2013.01.07 20:19:16.934,0.92193,0.9221,1.73,2.25
2013.01.07 20:19:17.062,0.92193,0.9221,1.73,2.48
2013.01.07 20:19:21.747,0.92192,0.92206,1.73,2.25
2013.01.07 20:19:22.001,0.92189,0.92206,1.35,2.48
2013.01.07 20:19:23.652,0.92192,0.92208,1.50,1.73
2013.01.07 20:19:23.771,0.92192,0.92208,3.23,1.50
2013.01.07 20:19:23.832,0.92194,0.92209,1.50,1.73
2013.01.07 20:19:23.953,0.92197,0.92209,2.10,1.73
2013.01.07 20:19:24.012,0.92197,0.92214,3.83,1.35
2013.01.07 20:19:24.075,0.92197,0.92215,4.58,2.10
2013.01.07 20:19:24.202,0.92199,0.92215,1.13,1.73
2013.01.07 20:19:24.321,0.92199,0.92215,2.85,1.50
2013.01.07 20:19:24.872,0.92203,0.92218,2.33,2.48
2013.01.07 20:19:25.052,0.92203,0.92219,3.83,1.50
2013.01.07 20:19:25.473,0.92203,0.92221,3.23,2.25
2013.01.07 20:19:25.655,0.92205,0.92221,1.13,2.48
2013.01.07 20:19:25.784,0.92205,0.92223,2.85,1.73
2013.01.07 20:19:25.913,0.92206,0.92224,1.35,1.73
2013.01.07 20:19:26.273,0.92209,0.92228,1.73,1.73
2013.01.07 20:19:26.631,0.92206,0.92225,3.60,1.73
2013.01.07 20:19:29.252,0.92206,0.92218,1.73,1.50
2013.01.07 20:19:29.312,0.92204,0.92218,1.13,1.73
2013.01.07 20:19:30.852,0.92203,0.92218,1.73,1.73
2013.01.07 20:19:33.692,0.92203,0.92218,2.48,2.48
2013.01.07 20:19:33.993,0.92211,0.92225,1.50,1.73
2013.01.07 20:19:34.642,0.9221,0.92227,4.73,1.73
2013.01.07 20:19:34.887,0.92211,0.92227,1.50,1.73
2013.01.07 20:19:35.132,0.92213,0.92231,2.10,1.73
2013.01.07 20:19:35.683,0.92213,0.92229,1.13,1.73
2013.01.07 20:19:35.872,0.92215,0.92233,1.73,1.73
2013.01.07 20:19:36.243,0.92215,0.92232,1.50,1.73
2013.01.07 20:19:36.363,0.92216,0.92232,1.73,1.35
2013.01.07 20:19:36.966,0.92213,0.92229,3.23,1.50
2013.01.07 20:19:37.448,0.92221,0.92234,1.50,1.73
2013.01.07 20:19:37.519,0.92221,0.92236,1.50,2.48
2013.01.07 20:19:37.585,0.92221,0.92236,1.50,2.48
2013.01.07 20:19:38.004,0.92219,0.92236,1.73,2.48
2013.01.07 20:19:45.781,0.92216,0.92236,2.10,3.98
2013.01.07 20:19:47.712,0.92215,0.92227,1.35,1.50
2013.01.07 20:19:47.972,0.92212,0.92227,1.13,1.73
2013.01.07 20:19:48.717,0.92211,0.92227,3.98,1.73
2013.01.07 20:19:50.883,0.92211,0.92227,1.35,1.73
2013.01.07 20:20:32.161,0.92211,0.92226,2.48,1.50
2013.01.07 20:20:32.464,0.92212,0.92227,1.35,1.50
2013.01.07 20:20:32.581,0.92211,0.92227,1.73,1.73
2013.01.07 20:20:33.165,0.92211,0.92227,3.83,1.73
2013.01.07 20:20:37.142,0.9221,0.92227,2.85,1.73
2013.01.07 20:20:43.845,0.92211,0.92226,1.73,1.50
2013.01.07 20:21:08.901,0.92211,0.92226,3.08,1.50
2013.01.07 20:21:09.971,0.92211,0.92227,3.08,1.73
2013.01.07 20:21:11.195,0.92211,0.92222,3.08,1.50
2013.01.07 20:21:11.267,0.92207,0.92222,1.13,1.73
2013.01.07 20:21:11.391,0.92205,0.92222,2.33,1.73
2013.01.07 20:21:13.123,0.92204,0.92222,1.73,1.73
2013.01.07 20:21:22.652,0.92203,0.92219,2.48,2.63
2013.01.07 20:21:22.892,0.92201,0.92214,1.50,2.10
2013.01.07 20:21:23.022,0.92199,0.92217,2.48,6.00
2013.01.07 20:21:23.152,0.92197,0.92213,1.73,1.50
2013.01.07 20:21:23.660,0.92197,0.92213,1.13,3.00
2013.01.07 20:21:24.244,0.92195,0.92213,3.98,3.00
2013.01.07 20:21:25.205,0.92196,0.92213,1.73,2.25
2013.01.07 20:21:25.272,0.92195,0.92214,3.23,2.10
2013.01.07 20:21:25.393,0.92196,0.92213,1.73,2.25
2013.01.07 20:21:25.912,0.92196,0.92213,2.48,1.50
2013.01.07 20:21:26.456,0.92196,0.92213,3.08,2.25
2013.01.07 20:21:27.121,0.92196,0.92213,2.33,1.50
2013.01.07 20:21:27.874,0.92196,0.92213,1.73,1.50
2013.01.07 20:21:32.001,0.92196,0.92212,1.73,2.25
2013.01.07 20:21:34.912,0.92195,0.92212,2.48,1.50
2013.01.07 20:21:35.884,0.92195,0.92212,2.25,2.33
2013.01.07 20:21:36.223,0.92192,0.92209,1.35,1.50
2013.01.07 20:21:38.641,0.92191,0.92209,3.98,1.50
2013.01.07 20:21:38.702,0.92194,0.92211,2.25,1.35
2013.01.07 20:21:39.015,0.92195,0.92211,2.48,1.13
2013.01.07 20:21:39.942,0.92196,0.92212,1.73,3.23
2013.01.07 20:21:40.857,0.92196,0.92212,1.73,2.48
2013.01.07 20:21:53.762,0.92195,0.92209,1.35,1.50
2013.01.07 20:21:53.943,0.92195,0.92213,2.85,2.48
2013.01.07 20:21:54.503,0.92195,0.92213,2.85,1.73
2013.01.07 20:22:14.612,0.92196,0.92213,1.05,1.73
2013.01.07 20:22:14.732,0.92197,0.92213,2.33,1.73
2013.01.07 20:22:15.153,0.922,0.92217,1.50,1.35
2013.01.07 20:22:15.392,0.92199,0.92216,2.10,2.25
2013.01.07 20:22:15.452,0.92203,0.92219,2.10,1.13
2013.01.07 20:22:15.512,0.92201,0.92219,1.73,2.10
2013.01.07 20:22:15.754,0.922,0.92215,2.25,2.25
2013.01.07 20:22:17.075,0.922,0.92215,1.13,2.25
2013.01.07 20:22:34.893,0.92199,0.92216,1.35,1.73
2013.01.07 20:22:47.882,0.92199,0.92216,1.35,2.10
2013.01.07 20:22:48.002,0.92198,0.92214,2.48,2.25
2013.01.07 20:22:48.364,0.92197,0.92211,1.50,2.10
2013.01.07 20:22:48.512,0.92194,0.92211,2.48,2.10
2013.01.07 20:22:48.785,0.92194,0.92211,2.48,2.10
2013.01.07 20:22:50.831,0.92194,0.92211,2.48,2.85
2013.01.07 20:22:51.252,0.92194,0.92211,1.73,2.85
2013.01.07 20:23:00.129,0.92194,0.92209,1.73,1.50
2013.01.07 20:23:09.028,0.92194,0.92211,1.73,2.48
2013.01.07 20:23:24.901,0.92196,0.92212,2.25,1.20
2013.01.07 20:23:25.023,0.92197,0.92215,1.35,1.73
2013.01.07 20:23:25.202,0.92197,0.92214,2.10,2.25
2013.01.07 20:23:27.252,0.92197,0.92213,2.10,1.50
2013.01.07 20:23:27.553,0.92196,0.92209,1.50,1.50
2013.01.07 20:23:28.442,0.92194,0.92209,2.48,1.50
2013.01.07 20:23:33.861,0.92194,0.92209,2.48,1.50
2013.01.07 20:23:34.286,0.92194,0.92211,2.48,2.10
2013.01.07 20:23:36.083,0.92194,0.92211,2.48,2.85
2013.01.07 20:23:36.895,0.92194,0.92211,2.48,2.85
2013.01.07 20:23:43.851,0.92195,0.92211,1.13,2.48
2013.01.07 20:23:44.152,0.92198,0.92215,1.95,1.50
2013.01.07 20:23:44.885,0.92199,0.92216,1.35,2.48
2013.01.07 20:23:50.832,0.92199,0.92216,1.35,1.73
2013.01.07 20:23:56.501,0.92199,0.92216,1.73,2.48
2013.01.07 20:24:23.537,0.922,0.92215,1.13,2.48
2013.01.07 20:24:24.472,0.922,0.92216,1.13,2.48
2013.01.07 20:24:31.953,0.922,0.92215,1.13,1.58
2013.01.07 20:24:32.015,0.92197,0.92215,3.75,1.58
2013.01.07 20:24:32.144,0.92194,0.92211,4.35,2.63
2013.01.07 20:24:32.672,0.92196,0.92212,3.98,1.73
2013.01.07 20:24:38.107,0.92197,0.92216,3.23,1.73
2013.01.07 20:24:38.633,0.92198,0.92215,3.23,2.48
2013.01.07 20:24:39.203,0.92198,0.92216,3.60,1.73
2013.01.07 20:25:06.221,0.92199,0.92216,1.35,2.48
2013.01.07 20:25:07.573,0.92202,0.92218,3.00,2.48
2013.01.07 20:25:07.642,0.92203,0.92218,1.50,1.73
2013.01.07 20:25:22.496,0.92204,0.92219,1.50,1.73
2013.01.07 20:25:22.563,0.92206,0.92219,1.50,1.73
2013.01.07 20:25:22.863,0.92206,0.92219,2.10,1.50
2013.01.07 20:25:23.173,0.92206,0.92223,2.10,3.23
2013.01.07 20:25:25.069,0.92205,0.92222,3.23,3.23
2013.01.07 20:25:25.525,0.92203,0.92219,1.73,2.10
2013.01.07 20:25:26.832,0.92203,0.92221,2.48,1.73
2013.01.07 20:25:27.892,0.92203,0.92221,2.25,2.48
2013.01.07 20:25:28.614,0.92202,0.92219,3.98,1.73
2013.01.07 20:25:30.482,0.92203,0.92221,1.50,1.73
2013.01.07 20:25:30.854,0.92203,0.92221,1.73,1.73
2013.01.07 20:25:32.643,0.92207,0.92221,2.48,1.50
2013.01.07 20:25:32.908,0.92208,0.92221,1.13,1.50
2013.01.07 20:25:33.033,0.92211,0.92227,1.73,3.60
2013.01.07 20:25:33.154,0.92209,0.92223,1.73,1.50
2013.01.07 20:25:33.343,0.92206,0.92223,3.08,1.73
2013.01.07 20:25:34.084,0.92206,0.92223,2.48,1.73
2013.01.07 20:25:35.141,0.92208,0.92224,1.88,2.10
2013.01.07 20:25:35.473,0.92215,0.92227,3.98,2.25
2013.01.07 20:25:35.725,0.92215,0.92227,3.08,1.50
2013.01.07 20:25:35.793,0.92218,0.92227,1.50,1.50
2013.01.07 20:25:36.244,0.92219,0.92227,2.85,1.50
2013.01.07 20:25:36.625,0.92219,0.92239,2.85,3.23
2013.01.07 20:25:36.813,0.92222,0.9224,2.18,6.00
2013.01.07 20:25:37.306,0.92224,0.92242,2.48,2.48
2013.01.07 20:25:37.894,0.92222,0.92241,7.35,1.95
2013.01.07 20:25:38.024,0.92222,0.92239,4.88,4.73
2013.01.07 20:25:38.213,0.9222,0.92239,2.10,4.73
2013.01.07 20:25:38.273,0.92221,0.92239,1.50,1.73
2013.01.07 20:25:38.573,0.92224,0.92242,4.35,1.73
2013.01.07 20:25:39.442,0.92225,0.92242,1.35,1.73
2013.01.07 20:25:40.954,0.92225,0.92243,1.35,2.85
2013.01.07 20:25:49.933,0.92227,0.9224,1.13,1.73
2013.01.07 20:25:50.123,0.9223,0.92249,2.10,1.73
2013.01.07 20:25:50.701,0.9223,0.92249,1.35,1.73
2013.01.07 20:25:51.943,0.9223,0.92241,1.35,2.25
2013.01.07 20:25:52.122,0.92228,0.92241,1.50,2.48
2013.01.07 20:25:52.363,0.92228,0.92247,1.35,2.48
2013.01.07 20:25:52.666,0.92229,0.92242,1.35,2.25
2013.01.07 20:25:52.796,0.92226,0.92242,2.63,2.48
2013.01.07 20:25:59.473,0.92227,0.92242,1.88,2.48
2013.01.07 20:25:59.593,0.9223,0.92249,1.35,1.73
2013.01.07 20:26:00.613,0.9223,0.9225,1.35,3.23
2013.01.07 20:26:06.367,0.92229,0.92246,2.10,2.48
2013.01.07 20:26:08.003,0.92232,0.92249,1.50,1.73
2013.01.07 20:26:08.182,0.92232,0.92249,2.48,1.73
2013.01.07 20:26:08.694,0.92233,0.92249,1.73,1.73
2013.01.07 20:26:09.211,0.92232,0.92249,2.48,1.73
2013.01.07 20:26:09.883,0.92233,0.92248,1.73,1.50
2013.01.07 20:26:10.062,0.9223,0.92246,1.88,2.48
2013.01.07 20:26:10.654,0.92228,0.92246,1.35,2.48
2013.01.07 20:26:11.701,0.92228,0.92246,1.35,2.48
2013.01.07 20:26:12.053,0.92225,0.92241,2.10,1.50
2013.01.07 20:26:12.353,0.92227,0.92246,5.10,2.48
2013.01.07 20:26:12.983,0.92228,0.92246,1.35,2.48
2013.01.07 20:26:13.724,0.92227,0.92246,5.10,2.48
2013.01.07 20:26:19.182,0.92231,0.92249,2.25,3.83
2013.01.07 20:26:19.364,0.92231,0.92249,3.23,1.73
2013.01.07 20:26:21.423,0.92231,0.92249,3.23,1.58
2013.01.07 20:26:21.489,0.9223,0.92245,1.35,2.25
2013.01.07 20:26:21.613,0.92229,0.92245,1.73,2.48
2013.01.07 20:26:23.642,0.92232,0.92249,2.25,5.33
2013.01.07 20:26:23.784,0.92233,0.92249,2.48,2.48
2013.01.07 20:26:23.852,0.92235,0.92249,1.50,2.48
2013.01.07 20:26:24.381,0.92232,0.92249,2.48,2.48
2013.01.07 20:26:25.502,0.92228,0.92245,5.48,2.25
2013.01.07 20:26:25.572,0.92228,0.92245,5.48,2.48
2013.01.07 20:26:34.203,0.92228,0.92241,1.73,1.50
2013.01.07 20:26:34.513,0.92228,0.92245,1.88,2.48
2013.01.07 20:26:34.572,0.92229,0.92245,1.35,2.48
2013.01.07 20:26:40.020,0.92227,0.92243,1.73,2.48
2013.01.07 20:26:40.782,0.92227,0.92243,2.48,2.48
2013.01.07 20:26:41.325,0.92228,0.92245,2.85,2.48
2013.01.07 20:26:54.794,0.92227,0.92241,1.50,1.73
2013.01.07 20:26:55.033,0.92228,0.92245,2.10,2.48
2013.01.07 20:26:55.363,0.92227,0.92242,2.85,2.25
2013.01.07 20:26:55.602,0.92227,0.92242,1.50,2.48
2013.01.07 20:26:56.324,0.92222,0.92238,3.98,2.48
2013.01.07 20:26:56.945,0.92222,0.92238,3.98,2.48
2013.01.07 20:26:57.572,0.92223,0.92238,1.73,2.48
2013.01.07 20:26:57.937,0.92226,0.92242,1.73,1.73
2013.01.07 20:26:59.833,0.92225,0.92242,3.60,2.48
2013.01.07 20:27:00.664,0.92225,0.92242,3.98,2.48
2013.01.07 20:27:00.722,0.9223,0.92247,1.50,5.48
2013.01.07 20:27:00.963,0.9223,0.92247,1.73,3.23
2013.01.07 20:27:07.202,0.9223,0.92247,2.85,2.48
2013.01.07 20:27:07.506,0.92229,0.92244,3.23,1.50
2013.01.07 20:27:09.273,0.92229,0.92248,2.48,4.35
2013.01.07 20:27:11.065,0.92229,0.92247,2.48,3.23
2013.01.07 20:27:11.432,0.92225,0.92241,3.83,1.50
2013.01.07 20:27:13.895,0.92225,0.92243,1.58,2.48
2013.01.07 20:27:15.392,0.92225,0.92241,2.33,1.50
2013.01.07 20:27:15.906,0.92224,0.92238,1.73,2.25
2013.01.07 20:27:16.093,0.92224,0.9224,1.73,1.50
2013.01.07 20:27:16.212,0.92224,0.9224,1.35,1.50
2013.01.07 20:27:16.273,0.92226,0.92242,1.73,1.73
2013.01.07 20:27:16.753,0.92224,0.92239,1.50,1.73
2013.01.07 20:27:17.413,0.92223,0.92238,1.13,2.25
2013.01.07 20:27:18.613,0.92221,0.92238,4.73,2.25
2013.01.07 20:27:19.652,0.92229,0.9224,1.50,1.73
2013.01.07 20:27:19.832,0.92229,0.92243,2.48,1.50
2013.01.07 20:27:21.473,0.92229,0.92246,2.48,3.98
2013.01.07 20:27:23.642,0.92229,0.92245,2.48,1.50
2013.01.07 20:27:23.762,0.92226,0.92243,1.73,1.50
2013.01.07 20:27:23.840,0.92226,0.92243,1.73,1.73
2013.01.07 20:27:27.475,0.92229,0.92246,1.50,3.23
2013.01.07 20:27:27.543,0.92229,0.92246,1.73,1.50
2013.01.07 20:27:29.454,0.92229,0.92246,1.73,2.10
2013.01.07 20:27:29.573,0.92226,0.92243,1.73,1.50
2013.01.07 20:27:29.633,0.92226,0.92243,1.73,1.73
2013.01.07 20:27:30.802,0.92225,0.92242,4.73,1.50
2013.01.07 20:27:54.365,0.92226,0.92242,2.85,1.50
2013.01.07 20:27:54.613,0.92228,0.92246,2.48,2.10
2013.01.07 20:27:54.741,0.92228,0.92246,2.48,2.10
2013.01.07 20:27:58.082,0.92226,0.92242,1.35,2.48
2013.01.07 20:27:58.907,0.92226,0.92242,1.35,1.73
2013.01.07 20:28:03.283,0.9223,0.92246,1.73,3.00
2013.01.07 20:28:03.344,0.9223,0.92246,1.73,1.50
2013.01.07 20:28:03.475,0.92234,0.92247,1.50,1.35
2013.01.07 20:28:03.907,0.92232,0.92247,1.73,1.35
2013.01.07 20:28:25.054,0.9223,0.92245,2.48,1.50
2013.01.07 20:28:27.192,0.92229,0.92248,3.23,5.48
2013.01.07 20:28:30.003,0.92226,0.92242,2.48,1.50
2013.01.07 20:28:30.063,0.92225,0.92242,4.35,1.73
2013.01.07 20:28:35.622,0.92229,0.92247,1.50,3.60
2013.01.07 20:28:35.802,0.92229,0.92247,1.73,2.48
2013.01.07 20:28:36.692,0.92227,0.92243,2.85,1.50
2013.01.07 20:28:36.812,0.92227,0.92243,1.35,1.73
2013.01.07 20:28:36.872,0.92226,0.92243,1.95,1.73
2013.01.07 20:28:39.454,0.92225,0.92243,3.23,2.10
2013.01.07 20:28:39.514,0.92225,0.92239,2.48,2.25
2013.01.07 20:28:39.573,0.92224,0.92239,1.13,2.48
2013.01.07 20:28:40.157,0.92224,0.92239,1.13,2.48
2013.01.07 20:28:41.593,0.92224,0.92239,1.50,2.48
2013.01.07 20:28:41.953,0.92229,0.92247,1.73,3.23
2013.01.07 20:28:42.712,0.92226,0.92243,3.60,1.50
2013.01.07 20:28:42.832,0.92226,0.92243,2.48,1.73
2013.01.07 20:29:02.922,0.92227,0.92239,1.73,2.25
2013.01.07 20:29:03.045,0.92224,0.92239,3.00,2.48
2013.01.07 20:29:04.036,0.92224,0.92239,2.25,2.48
2013.01.07 20:29:08.003,0.92223,0.92239,1.35,2.48
2013.01.07 20:29:12.102,0.92221,0.92238,2.85,2.48
2013.01.07 20:29:12.223,0.92221,0.92235,1.35,2.25
2013.01.07 20:29:12.403,0.92218,0.92235,1.73,2.48
2013.01.07 20:29:12.644,0.92222,0.92235,1.88,2.48
2013.01.07 20:29:12.823,0.92225,0.92241,2.10,2.25
2013.01.07 20:29:13.404,0.92225,0.92243,2.10,3.23
2013.01.07 20:29:13.490,0.92225,0.92243,2.10,2.48
2013.01.07 20:29:19.348,0.92226,0.92243,3.23,1.73
2013.01.07 20:29:19.536,0.9223,0.92246,2.48,2.48
2013.01.07 20:29:20.733,0.92226,0.92242,1.73,1.50
2013.01.07 20:29:21.167,0.92225,0.92242,3.60,1.73
2013.01.07 20:29:22.542,0.9223,0.92246,1.50,3.23
2013.01.07 20:29:23.006,0.9223,0.92246,1.73,3.23
2013.01.07 20:29:24.407,0.9223,0.92246,2.48,1.35
2013.01.07 20:29:28.493,0.92233,0.92249,1.50,3.23
2013.01.07 20:29:28.672,0.92233,0.92251,1.73,2.63
2013.01.07 20:29:28.867,0.92233,0.92251,1.73,2.63
2013.01.07 20:29:31.233,0.92236,0.92251,1.50,1.88
2013.01.07 20:29:32.050,0.92234,0.92251,2.48,1.88
2013.01.07 20:29:32.329,0.92234,0.92251,2.48,3.00
2013.01.07 20:29:32.523,0.92233,0.92247,1.50,1.73
2013.01.07 20:29:33.055,0.9223,0.92247,2.10,1.73
2013.01.07 20:29:33.684,0.9223,0.92247,1.73,1.73
2013.01.07 20:29:37.462,0.9223,0.92247,3.23,2.48
2013.01.07 20:29:38.672,0.92231,0.92246,2.48,1.50
2013.01.07 20:29:39.335,0.92231,0.92247,2.48,1.73
2013.01.07 20:29:43.493,0.92231,0.92246,1.73,1.50
2013.01.07 20:29:44.119,0.9223,0.92248,1.73,2.10
2013.01.07 20:29:47.613,0.9223,0.92247,2.48,2.48
2013.01.07 20:29:50.975,0.9223,0.92247,2.48,2.48
2013.01.07 20:29:51.103,0.92226,0.92243,3.23,1.73
2013.01.07 20:29:51.642,0.92228,0.92245,1.73,2.33
2013.01.07 20:29:53.354,0.92228,0.92245,1.73,3.98
2013.01.07 20:29:53.724,0.92226,0.92241,2.25,2.48
2013.01.07 20:29:54.622,0.92226,0.92241,1.13,2.48
2013.01.07 20:29:55.613,0.92226,0.92241,1.13,1.73
2013.01.07 20:30:01.365,0.92226,0.9224,1.50,1.50
2013.01.07 20:30:02.753,0.92224,0.9224,2.63,2.10
2013.01.07 20:30:03.093,0.92221,0.92237,5.33,2.48
2013.01.07 20:30:03.694,0.92221,0.92237,1.13,2.48
2013.01.07 20:30:03.933,0.9222,0.92237,2.85,2.48
2013.01.07 20:30:06.375,0.92221,0.92236,2.63,1.73
2013.01.07 20:30:06.444,0.92223,0.92241,1.50,2.48
2013.01.07 20:30:06.633,0.92223,0.92241,2.48,3.23
2013.01.07 20:30:14.453,0.92222,0.92239,2.85,2.25
2013.01.07 20:30:14.574,0.92222,0.92239,2.48,2.48
2013.01.07 20:30:18.503,0.92221,0.92238,2.85,2.25
2013.01.07 20:30:19.051,0.92221,0.92239,2.10,1.73
2013.01.07 20:30:20.725,0.92223,0.92239,1.50,1.73
2013.01.07 20:30:21.285,0.92222,0.92238,2.48,1.50
2013.01.07 20:30:21.855,0.92222,0.92239,3.23,1.73
2013.01.07 20:30:24.221,0.92223,0.92239,1.88,1.73
2013.01.07 20:30:24.292,0.92225,0.92241,1.50,1.73
2013.01.07 20:30:24.963,0.92225,0.92241,1.50,2.10
2013.01.07 20:30:25.083,0.92221,0.92238,5.48,1.73
2013.01.07 20:30:25.732,0.92221,0.92237,5.48,1.50
2013.01.07 20:30:31.562,0.92221,0.92239,3.98,1.73
2013.01.07 20:30:51.143,0.92223,0.92238,1.35,1.73
2013.01.07 20:30:52.670,0.92223,0.92237,1.35,1.50
2013.01.07 20:31:00.533,0.92222,0.92238,2.70,1.73
2013.01.07 20:31:00.592,0.92222,0.92238,2.70,1.73
2013.01.07 20:31:10.873,0.92223,0.92238,1.35,1.73
2013.01.07 20:31:24.640,0.92223,0.92237,1.35,1.50
2013.01.07 20:31:25.143,0.92223,0.92237,1.35,1.50
2013.01.07 20:31:26.402,0.92222,0.92239,1.58,2.48
2013.01.07 20:31:26.713,0.9222,0.92234,1.73,1.50
2013.01.07 20:31:26.773,0.9222,0.92234,1.13,1.73
2013.01.07 20:31:27.752,0.92218,0.92234,2.10,1.73
2013.01.07 20:31:31.952,0.9222,0.92237,2.25,1.73
2013.01.07 20:31:32.374,0.92221,0.92237,1.73,1.50
2013.01.07 20:31:33.783,0.92218,0.92233,1.35,1.50
2013.01.07 20:31:33.904,0.92218,0.92233,1.35,1.50
2013.01.07 20:31:34.104,0.92219,0.92233,1.50,1.50
2013.01.07 20:31:34.409,0.92226,0.92237,1.73,1.50
2013.01.07 20:31:34.474,0.92226,0.92241,1.73,1.50
2013.01.07 20:31:34.954,0.92226,0.92242,1.73,3.60
2013.01.07 20:31:35.514,0.92226,0.92242,2.48,1.73
2013.01.07 20:31:39.933,0.92229,0.92242,1.88,2.10
2013.01.07 20:31:40.113,0.92229,0.92245,3.60,1.73
2013.01.07 20:31:43.913,0.92229,0.92246,2.10,2.48
2013.01.07 20:31:44.103,0.92232,0.92249,2.48,2.10
2013.01.07 20:31:55.683,0.9223,0.92245,2.48,1.50
2013.01.07 20:31:55.862,0.92228,0.92245,4.95,1.73
2013.01.07 20:31:56.095,0.92229,0.92245,1.58,1.73
2013.01.07 20:31:56.333,0.92232,0.9225,2.10,2.85
2013.01.07 20:31:56.952,0.92232,0.9225,2.10,3.60
2013.01.07 20:31:57.474,0.92232,0.9225,1.73,2.85
2013.01.07 20:31:58.044,0.92232,0.9225,1.73,3.98
2013.01.07 20:31:58.130,0.92231,0.92246,1.35,1.50
2013.01.07 20:31:58.325,0.92229,0.92246,1.58,1.73
2013.01.07 20:32:00.334,0.92233,0.92246,1.50,1.73
2013.01.07 20:32:02.302,0.92229,0.92246,3.23,1.73
2013.01.07 20:32:03.253,0.92233,0.92249,2.25,2.10
2013.01.07 20:32:03.401,0.92233,0.92249,2.48,2.10
2013.01.07 20:32:07.569,0.92234,0.92251,3.23,1.50
2013.01.07 20:32:07.872,0.92234,0.92252,4.73,1.50
2013.01.07 20:32:10.124,0.92235,0.92252,2.48,2.25
2013.01.07 20:32:11.883,0.92237,0.92254,2.25,3.23
2013.01.07 20:32:12.484,0.92237,0.92254,2.48,3.00
2013.01.07 20:32:14.094,0.92237,0.92254,3.23,3.00
2013.01.07 20:32:14.624,0.92235,0.92253,1.73,3.23
2013.01.07 20:32:30.263,0.92234,0.92252,3.98,2.10
2013.01.07 20:32:30.442,0.92233,0.92249,4.73,1.50
2013.01.07 20:32:35.573,0.92235,0.92252,1.50,3.23
2013.01.07 20:32:35.812,0.92235,0.92252,2.48,2.25
2013.01.07 20:32:40.318,0.92235,0.92252,3.75,2.10
2013.01.07 20:32:40.878,0.92234,0.92249,1.50,1.50
2013.01.07 20:32:41.404,0.92233,0.92249,4.35,1.50
2013.01.07 20:32:42.004,0.92233,0.9225,4.35,1.73
2013.01.07 20:32:44.064,0.92233,0.92249,5.10,1.50
2013.01.07 20:32:48.285,0.92233,0.9225,3.98,1.73
2013.01.07 20:32:49.616,0.92234,0.92253,3.23,2.10
2013.01.07 20:33:00.968,0.92235,0.92251,4.58,1.50
2013.01.07 20:33:02.343,0.92236,0.92252,1.73,1.73
2013.01.07 20:33:02.955,0.92235,0.92251,4.58,1.50
2013.01.07 20:33:03.498,0.92235,0.92252,4.58,1.73
2013.01.07 20:33:04.094,0.92234,0.92247,1.13,1.50
2013.01.07 20:33:04.398,0.92233,0.92247,1.95,1.50
2013.01.07 20:33:04.525,0.92235,0.92252,2.48,3.23
2013.01.07 20:33:05.874,0.92233,0.92247,1.95,1.50
2013.01.07 20:33:06.053,0.92233,0.92247,1.20,1.73
2013.01.07 20:33:06.293,0.92235,0.92252,2.25,4.73
2013.01.07 20:33:06.413,0.92235,0.92252,2.48,3.23
2013.01.07 20:33:08.064,0.92235,0.92251,1.50,1.73
2013.01.07 20:33:08.123,0.92231,0.92248,3.60,1.73
2013.01.07 20:33:08.243,0.92235,0.92251,1.50,3.23
2013.01.07 20:33:08.604,0.92235,0.92251,1.73,1.50
2013.01.07 20:33:09.974,0.92232,0.92248,4.20,1.50
2013.01.07 20:33:10.035,0.92232,0.92248,1.73,1.73
2013.01.07 20:33:10.407,0.92234,0.92252,2.48,1.50
2013.01.07 20:33:12.053,0.92231,0.92247,2.85,1.50
2013.01.07 20:33:12.113,0.92232,0.92247,2.70,1.50
2013.01.07 20:33:12.415,0.92234,0.92252,3.08,1.73
2013.01.07 20:33:13.994,0.92231,0.92248,1.73,1.50
2013.01.07 20:33:14.112,0.92231,0.92248,1.35,1.73
2013.01.07 20:33:14.233,0.92234,0.92252,1.73,2.10
2013.01.07 20:33:16.010,0.9223,0.92248,6.83,1.50
2013.01.07 20:33:16.076,0.9223,0.92248,4.58,1.73
2013.01.07 20:33:16.205,0.92235,0.92251,1.50,1.73
2013.01.07 20:33:16.333,0.92235,0.92251,1.73,1.50
2013.01.07 20:33:16.393,0.92232,0.92248,2.33,1.50
2013.01.07 20:33:16.453,0.92231,0.92248,1.73,1.73
2013.01.07 20:33:32.353,0.92233,0.92248,1.50,2.48
2013.01.07 20:33:32.473,0.92235,0.92251,1.50,1.73
2013.01.07 20:33:32.538,0.92235,0.92251,1.73,1.50
2013.01.07 20:33:33.705,0.92233,0.92247,1.35,1.50
2013.01.07 20:33:33.836,0.92231,0.92247,2.85,1.73
2013.01.07 20:33:37.115,0.92231,0.92247,2.48,2.48
2013.01.07 20:33:37.303,0.92228,0.92244,1.20,1.73
2013.01.07 20:34:03.067,0.92227,0.92244,1.35,4.73
2013.01.07 20:34:06.123,0.92227,0.9224,1.58,1.50
2013.01.07 20:34:06.303,0.92225,0.9224,1.35,1.73
2013.01.07 20:34:07.811,0.92225,0.9224,1.35,1.73
2013.01.07 20:34:09.854,0.92225,0.9224,1.35,1.73
2013.01.07 20:34:12.013,0.92225,0.9224,1.35,1.73
2013.01.07 20:34:14.403,0.92225,0.9224,2.48,1.73
2013.01.07 20:34:17.193,0.92227,0.92243,1.50,1.35
2013.01.07 20:34:17.313,0.92227,0.92243,1.73,1.13
2013.01.07 20:34:17.793,0.92225,0.92241,1.73,1.50
2013.01.07 20:34:17.852,0.92224,0.92241,2.33,1.73
2013.01.07 20:34:19.655,0.92225,0.92241,1.35,1.73
2013.01.07 20:34:19.723,0.92228,0.92243,1.50,1.35
2013.01.07 20:34:19.963,0.92227,0.92244,2.48,1.35
2013.01.07 20:34:20.843,0.92227,0.92244,2.48,1.35
2013.01.07 20:34:21.844,0.92228,0.92244,1.73,1.35
2013.01.07 20:34:21.964,0.92226,0.92243,1.58,2.85
2013.01.07 20:34:28.234,0.92225,0.92242,3.83,3.00
2013.01.07 20:34:31.038,0.92225,0.92243,3.08,2.85
2013.01.07 20:34:32.115,0.92225,0.92243,3.08,1.73
2013.01.07 20:34:37.802,0.92225,0.92243,1.35,2.48
2013.01.07 20:34:37.983,0.92223,0.9224,2.85,2.48
2013.01.07 20:35:02.834,0.92223,0.9224,1.50,4.73
2013.01.07 20:35:03.023,0.9222,0.92237,4.95,1.73
2013.01.07 20:35:14.593,0.9222,0.92237,3.45,1.73
2013.01.07 20:35:15.184,0.9222,0.92237,2.70,1.73
2013.01.07 20:35:15.624,0.92221,0.92237,1.35,1.50
2013.01.07 20:35:16.260,0.92222,0.9224,3.98,2.48
2013.01.07 20:35:21.114,0.92222,0.9224,3.45,2.48
2013.01.07 20:35:27.733,0.9222,0.92238,2.48,1.50
2013.01.07 20:35:28.634,0.92222,0.92241,2.85,5.48
2013.01.07 20:35:31.113,0.92222,0.92235,1.73,1.50
2013.01.07 20:35:31.656,0.92222,0.92235,1.73,1.50
2013.01.07 20:35:31.994,0.92223,0.9224,2.10,4.73
2013.01.07 20:35:51.374,0.92223,0.9224,2.10,3.23
2013.01.07 20:35:51.434,0.92227,0.92242,1.50,1.73
2013.01.07 20:35:51.974,0.92227,0.92243,1.73,1.73
2013.01.07 20:35:52.103,0.92227,0.92243,1.73,1.73
2013.01.07 20:35:54.873,0.92227,0.92243,3.23,3.23
2013.01.07 20:35:55.053,0.92226,0.92242,1.35,1.73
2013.01.07 20:35:55.324,0.92226,0.92239,1.13,1.73
2013.01.07 20:35:55.625,0.92224,0.92239,1.73,1.73
2013.01.07 20:35:55.863,0.92222,0.92239,1.35,1.73
2013.01.07 20:35:57.524,0.92219,0.92235,2.10,1.73
2013.01.07 20:35:57.644,0.92219,0.92235,1.73,1.73
2013.01.07 20:35:57.704,0.92217,0.92232,2.48,1.50
2013.01.07 20:35:58.243,0.92217,0.92233,1.35,3.23
2013.01.07 20:35:58.766,0.92216,0.92233,1.73,3.23
2013.01.07 20:36:01.674,0.92217,0.92233,1.35,3.23
2013.01.07 20:36:02.004,0.92219,0.92234,2.10,1.13
2013.01.07 20:36:02.063,0.92219,0.92235,2.10,1.73
2013.01.07 20:36:02.664,0.92219,0.92237,1.35,1.73
2013.01.07 20:36:07.114,0.9222,0.92235,1.35,1.73
2013.01.07 20:36:07.294,0.92216,0.92233,2.33,3.75
2013.01.07 20:36:07.354,0.92217,0.92233,1.73,3.98
2013.01.07 20:36:08.264,0.92215,0.92233,3.97,3.98
2013.01.07 20:36:16.474,0.92217,0.92233,1.73,2.48
2013.01.07 20:36:16.653,0.92219,0.92235,2.48,2.85
2013.01.07 20:36:18.465,0.92218,0.92233,1.35,2.25
2013.01.07 20:36:18.533,0.92216,0.92233,2.10,3.23
2013.01.07 20:36:20.052,0.92217,0.92233,2.85,4.73
2013.01.07 20:36:20.382,0.92219,0.92235,1.20,2.48
2013.01.07 20:36:22.153,0.92218,0.92232,1.35,2.25
2013.01.07 20:36:22.274,0.92216,0.92232,1.35,2.48
2013.01.07 20:36:35.454,0.92219,0.92234,1.35,2.85
2013.01.07 20:36:35.988,0.92219,0.92234,1.58,2.63
2013.01.07 20:36:38.308,0.9222,0.92232,1.35,1.50
2013.01.07 20:36:38.435,0.92215,0.92232,1.73,2.85
2013.01.07 20:36:38.495,0.92215,0.92227,1.73,1.50
2013.01.07 20:36:39.326,0.92215,0.92227,1.87,1.73
2013.01.07 20:36:40.733,0.92214,0.92227,1.12,1.73
2013.01.07 20:36:42.263,0.92214,0.9223,4.12,1.35
2013.01.07 20:36:42.324,0.92215,0.9223,1.34,1.13
2013.01.07 20:36:43.838,0.92219,0.92233,2.48,1.13
2013.01.07 20:36:43.904,0.92219,0.92233,2.48,1.13
2013.01.07 20:36:48.264,0.92219,0.92235,2.25,1.35
2013.01.07 20:36:50.024,0.92219,0.92236,2.48,4.13
2013.01.07 20:36:50.264,0.92224,0.92238,2.10,2.48
2013.01.07 20:36:50.505,0.92227,0.92239,2.48,1.13
2013.01.07 20:36:51.426,0.92227,0.92241,2.48,3.00
2013.01.07 20:36:54.115,0.92227,0.92241,2.25,3.23
2013.01.07 20:36:54.184,0.92223,0.92238,1.95,2.25
2013.01.07 20:36:54.364,0.9222,0.92238,2.85,2.48
2013.01.07 20:36:55.203,0.9222,0.92237,3.38,1.73
2013.01.07 20:36:55.618,0.92218,0.92234,2.10,1.73
2013.01.07 20:36:56.004,0.92216,0.92233,2.10,2.63
2013.01.07 20:36:56.322,0.92215,0.92233,2.33,3.60
2013.01.07 20:37:02.254,0.92215,0.92227,2.69,1.50
2013.01.07 20:37:02.806,0.92211,0.92227,2.35,1.73
2013.01.07 20:37:03.723,0.92211,0.92227,2.18,1.73
2013.01.07 20:37:03.783,0.92211,0.92227,2.10,1.73
2013.01.07 20:37:12.533,0.9221,0.92228,2.48,3.23
2013.01.07 20:37:13.203,0.9221,0.92226,2.48,2.48
2013.01.07 20:37:13.262,0.9221,0.92226,1.50,2.48
2013.01.07 20:37:13.453,0.92207,0.92223,4.35,1.73
2013.01.07 20:37:20.854,0.92206,0.92222,2.48,2.85
2013.01.07 20:37:21.214,0.92206,0.92218,1.50,4.35
2013.01.07 20:37:21.394,0.92201,0.92217,1.15,2.10
2013.01.07 20:37:21.514,0.92201,0.92218,3.63,3.23
2013.01.07 20:37:22.007,0.92201,0.92215,1.15,3.23
2013.01.07 20:37:22.313,0.92199,0.92211,1.23,2.10
2013.01.07 20:37:22.613,0.92199,0.92214,1.23,2.10
2013.01.07 20:37:22.864,0.92199,0.92216,1.40,3.98
2013.01.07 20:37:26.686,0.92198,0.92214,3.57,1.50
2013.01.07 20:37:27.314,0.92198,0.92214,3.57,1.50
2013.01.07 20:37:28.694,0.92198,0.92215,3.57,1.35
2013.01.07 20:37:29.326,0.92198,0.92215,3.57,1.35
2013.01.07 20:37:29.763,0.92199,0.92212,2.07,1.50
2013.01.07 20:37:30.217,0.92199,0.92212,1.85,1.73
2013.01.07 20:37:31.813,0.92199,0.92215,2.07,3.23
2013.01.07 20:37:32.335,0.92199,0.92215,2.07,3.23
2013.01.07 20:37:33.504,0.92199,0.92215,2.07,3.23
2013.01.07 20:37:34.638,0.92199,0.92215,2.07,3.23
2013.01.07 20:37:41.283,0.92198,0.92215,3.57,1.73
2013.01.07 20:37:41.568,0.92198,0.92215,7.32,1.73
2013.01.07 20:37:44.655,0.92198,0.92216,3.57,1.35
2013.01.07 20:37:45.801,0.92199,0.92216,1.32,1.35
2013.01.07 20:37:47.863,0.92198,0.92215,3.57,1.73
2013.01.07 20:37:50.657,0.92199,0.92215,2.48,1.73
2013.01.07 20:37:50.857,0.92199,0.92215,1.73,1.73
2013.01.07 20:37:53.593,0.92198,0.92216,3.57,2.85
2013.01.07 20:37:56.745,0.922,0.92216,1.50,3.23
2013.01.07 20:38:02.285,0.92199,0.92216,2.82,1.73
2013.01.07 20:38:02.963,0.92199,0.92216,3.57,3.23
2013.01.07 20:38:03.712,0.92199,0.92216,2.82,3.23
2013.01.07 20:38:10.071,0.92199,0.92215,2.07,1.73
2013.01.07 20:38:10.293,0.92199,0.92215,2.82,1.73
2013.01.07 20:38:11.623,0.92199,0.92215,1.71,1.73
2013.01.07 20:38:13.694,0.92197,0.92213,1.04,2.25
2013.01.07 20:38:14.337,0.92195,0.92213,2.31,3.98
2013.01.07 20:38:15.121,0.92195,0.92213,2.31,4.35
2013.01.07 20:38:17.623,0.92197,0.92215,2.16,3.23
2013.01.07 20:38:18.509,0.92197,0.92214,2.16,1.35
2013.01.07 20:38:24.234,0.92201,0.92215,1.50,1.73
2013.01.07 20:38:24.294,0.92201,0.92215,2.48,1.50
2013.01.07 20:38:25.887,0.92201,0.92214,2.48,1.13
2013.01.07 20:38:31.058,0.92201,0.92215,2.48,3.75
2013.01.07 20:38:31.360,0.92201,0.92218,2.48,2.48
2013.01.07 20:38:31.423,0.92201,0.92215,2.48,3.15
2013.01.07 20:38:31.994,0.92201,0.92217,1.73,1.35
2013.01.07 20:38:33.547,0.92201,0.92217,1.73,1.35
2013.01.07 20:38:47.318,0.92201,0.92216,1.73,2.25
2013.01.07 20:38:47.973,0.92199,0.92215,3.23,1.73
2013.01.07 20:39:00.543,0.92198,0.92216,2.48,3.60
2013.01.07 20:39:01.093,0.92198,0.92213,2.48,1.50
2013.01.07 20:39:08.793,0.92198,0.92213,2.48,2.25
2013.01.07 20:39:09.397,0.92198,0.92212,1.73,1.13
2013.01.07 20:39:09.726,0.92198,0.92212,1.73,1.13
2013.01.07 20:39:20.114,0.92194,0.9221,1.73,1.73
2013.01.07 20:39:20.263,0.92194,0.9221,1.73,1.73
2013.01.07 20:39:21.716,0.92195,0.9221,1.73,1.73
2013.01.07 20:39:22.024,0.92194,0.9221,2.48,5.63
2013.01.07 20:39:22.084,0.92194,0.9221,2.48,5.85
2013.01.07 20:39:23.854,0.92191,0.92205,1.35,1.50
2013.01.07 20:39:24.165,0.92191,0.92205,1.35,1.50
2013.01.07 20:39:25.095,0.92187,0.92203,3.00,1.73
2013.01.07 20:39:27.264,0.92187,0.92203,1.50,2.48
2013.01.07 20:39:27.566,0.92187,0.92199,1.73,1.50
2013.01.07 20:39:27.890,0.92186,0.92202,1.50,1.35
2013.01.07 20:39:28.026,0.92186,0.922,1.50,1.50
2013.01.07 20:39:28.429,0.92184,0.922,3.98,1.50
2013.01.07 20:39:28.557,0.92186,0.922,2.25,1.50
2013.01.07 20:39:28.684,0.92185,0.922,4.73,1.50
2013.01.07 20:39:29.925,0.92186,0.92201,1.73,5.25
2013.01.07 20:39:30.665,0.92184,0.92201,2.48,6.08
2013.01.07 20:39:30.727,0.92184,0.92201,2.48,6.08
2013.01.07 20:39:31.314,0.92181,0.92199,1.73,2.85
2013.01.07 20:39:31.448,0.92184,0.92199,1.50,1.35
2013.01.07 20:39:31.753,0.92184,0.92199,1.73,5.25
2013.01.07 20:39:33.324,0.9218,0.92198,2.48,3.08
2013.01.07 20:39:33.684,0.92185,0.92199,1.50,1.73
2013.01.07 20:39:33.744,0.92185,0.92199,1.50,5.10
2013.01.07 20:39:35.008,0.92185,0.922,1.73,1.73
2013.01.07 20:39:43.154,0.92185,0.922,2.10,1.50
2013.01.07 20:39:45.043,0.92185,0.922,2.48,1.50
2013.01.07 20:39:51.559,0.92181,0.92197,1.73,2.48
2013.01.07 20:39:51.833,0.92181,0.92197,1.73,2.48
2013.01.07 20:39:54.454,0.9218,0.92196,2.48,2.48
2013.01.07 20:39:54.526,0.92184,0.92196,2.48,2.25
2013.01.07 20:39:58.159,0.92185,0.92199,1.73,8.63
2013.01.07 20:39:58.464,0.9218,0.92193,1.73,1.50
2013.01.07 20:39:58.525,0.9218,0.92193,1.73,1.50
2013.01.07 20:39:59.054,0.9218,0.92193,1.73,5.25
2013.01.07 20:39:59.575,0.92183,0.92193,1.73,1.88
2013.01.07 20:40:00.354,0.92183,0.92193,1.73,1.50
2013.01.07 20:40:00.474,0.9218,0.92193,1.73,1.50
2013.01.07 20:40:02.224,0.92179,0.92191,1.73,1.13
2013.01.07 20:40:03.245,0.92179,0.92193,1.73,1.50
2013.01.07 20:40:11.009,0.92179,0.92193,1.73,6.38
2013.01.07 20:40:12.877,0.92179,0.9219,1.73,1.13
2013.01.07 20:40:27.934,0.92176,0.92192,2.48,3.38
2013.01.07 20:40:28.054,0.92176,0.9219,1.73,4.88
2013.01.07 20:40:37.620,0.92171,0.92187,2.48,1.73
2013.01.07 20:40:37.924,0.92175,0.9219,1.50,2.48
2013.01.07 20:40:38.225,0.92175,0.9219,1.73,4.88
2013.01.07 20:40:38.803,0.92175,0.9219,2.48,4.88
2013.01.07 20:40:41.676,0.92176,0.9219,1.73,4.88
2013.01.07 20:40:43.877,0.92174,0.9219,2.48,5.63
2013.01.07 20:40:45.654,0.92176,0.9219,1.73,1.50
2013.01.07 20:40:46.650,0.92178,0.92192,1.73,4.88
2013.01.07 20:40:48.223,0.92176,0.92192,1.73,1.73
2013.01.07 20:40:48.444,0.92176,0.9219,1.73,4.88
2013.01.07 20:40:53.995,0.92174,0.92191,2.48,5.48
2013.01.07 20:41:00.697,0.92175,0.92192,1.73,1.95
2013.01.07 20:41:00.943,0.9218,0.9219,1.50,4.50
2013.01.07 20:41:01.184,0.92179,0.92192,1.73,1.13
2013.01.07 20:41:02.344,0.92179,0.92197,2.48,2.10
2013.01.07 20:41:02.824,0.9218,0.92197,1.73,1.73
2013.01.07 20:41:03.004,0.9218,0.92197,1.73,1.73
2013.01.07 20:41:04.265,0.9218,0.92197,1.73,1.73
2013.01.07 20:41:04.593,0.9218,0.92197,2.48,1.73
2013.01.07 20:41:06.055,0.92183,0.92198,1.88,1.35
2013.01.07 20:41:06.585,0.92183,0.92199,2.10,2.48
2013.01.07 20:41:07.376,0.92183,0.92199,2.10,2.48
2013.01.07 20:41:08.165,0.92181,0.92197,1.35,1.73
2013.01.07 20:41:08.703,0.92179,0.92197,3.23,1.73
2013.01.07 20:41:09.035,0.92179,0.92197,2.48,1.73
2013.01.07 20:41:11.783,0.92179,0.92197,2.33,1.73
2013.01.07 20:41:12.343,0.92181,0.92197,1.73,1.50
2013.01.07 20:41:12.883,0.92182,0.922,2.33,2.48
2013.01.07 20:41:13.405,0.92182,0.92199,3.08,2.48
2013.01.07 20:41:13.524,0.92182,0.92199,2.48,3.60
2013.01.07 20:41:14.885,0.92182,0.92199,1.73,6.23
2013.01.07 20:41:15.407,0.92183,0.92199,1.50,7.73
2013.01.07 20:41:16.306,0.92181,0.92199,1.73,6.98
2013.01.07 20:41:16.789,0.92183,0.92198,1.50,4.73
2013.01.07 20:41:17.455,0.92182,0.92197,1.73,4.88
2013.01.07 20:41:19.495,0.92182,0.92197,2.48,4.88
2013.01.07 20:41:20.060,0.92181,0.92197,2.48,4.88
2013.01.07 20:41:21.434,0.92182,0.92197,2.48,4.88
2013.01.07 20:41:23.654,0.92182,0.92197,2.48,4.88
2013.01.07 20:41:24.445,0.92182,0.92198,1.73,5.48
2013.01.07 20:41:28.036,0.92183,0.92199,1.50,3.60
2013.01.07 20:41:28.615,0.92183,0.92199,1.50,7.35
2013.01.07 20:41:28.974,0.92179,0.92195,2.10,2.25
2013.01.07 20:41:29.096,0.92179,0.92195,1.88,2.48
2013.01.07 20:41:29.449,0.92178,0.92194,1.50,1.73
2013.01.07 20:41:30.080,0.92178,0.92194,2.25,1.73
2013.01.07 20:41:30.385,0.92183,0.92195,1.50,1.35
2013.01.07 20:41:30.940,0.92183,0.92195,1.73,1.13
2013.01.07 20:41:31.366,0.92182,0.92198,1.73,5.10
2013.01.07 20:41:32.067,0.92183,0.92199,1.73,2.85
2013.01.07 20:41:32.661,0.92183,0.92199,1.73,2.48
2013.01.07 20:41:36.196,0.92183,0.92199,1.73,2.48
2013.01.07 20:41:36.685,0.92183,0.92195,1.50,1.73
2013.01.07 20:41:36.814,0.9218,0.92195,1.88,2.48
2013.01.07 20:41:37.323,0.9218,0.92196,2.10,1.73
2013.01.07 20:41:39.664,0.9218,0.92196,1.73,1.73
2013.01.07 20:41:40.537,0.9218,0.92196,1.73,2.48
2013.01.07 20:41:42.857,0.9218,0.92196,2.48,2.48
2013.01.07 20:41:42.984,0.92182,0.92196,2.25,1.73
2013.01.07 20:41:43.046,0.92182,0.92196,2.48,1.50
2013.01.07 20:41:43.604,0.92187,0.922,1.73,2.25
2013.01.07 20:41:43.911,0.92187,0.922,1.73,1.50
2013.01.07 20:41:44.845,0.92191,0.922,1.73,1.50
2013.01.07 20:41:45.548,0.92191,0.92203,1.73,1.13
2013.01.07 20:41:46.136,0.92191,0.92205,1.73,1.13
2013.01.07 20:41:46.635,0.92191,0.92206,1.73,6.23
2013.01.07 20:41:47.013,0.92191,0.92206,1.73,2.48
2013.01.07 20:41:47.855,0.92191,0.92206,2.48,1.35
2013.01.07 20:41:48.094,0.92187,0.92203,1.50,1.73
2013.01.07 20:41:48.274,0.9219,0.92204,2.25,3.23
2013.01.07 20:41:48.825,0.9219,0.92204,2.85,1.50
2013.01.07 20:41:49.184,0.92193,0.92208,1.73,6.00
2013.01.07 20:41:50.314,0.92193,0.92208,2.10,1.88
2013.01.07 20:41:50.873,0.92193,0.92211,2.10,6.60
2013.01.07 20:41:50.933,0.92197,0.92211,1.50,5.85
2013.01.07 20:41:51.055,0.92194,0.92208,1.73,1.13
2013.01.07 20:42:28.233,0.92194,0.92209,1.73,5.48
2013.01.07 20:42:28.354,0.92197,0.92209,1.50,1.13
2013.01.07 20:42:29.018,0.92197,0.92209,1.50,1.13
2013.01.07 20:42:31.214,0.92197,0.92211,1.50,1.50
2013.01.07 20:42:31.833,0.92197,0.92211,1.50,1.50
2013.01.07 20:42:32.474,0.92197,0.92212,1.50,1.73
2013.01.07 20:42:32.805,0.92197,0.92212,1.50,1.73
2013.01.07 20:42:32.926,0.92193,0.92211,2.70,2.48
2013.01.07 20:42:34.585,0.92193,0.92211,1.73,2.48
2013.01.07 20:42:39.204,0.92193,0.92211,1.73,6.98
2013.01.07 20:42:51.370,0.92194,0.92209,1.73,1.73
2013.01.07 20:42:57.015,0.92194,0.92208,1.73,1.50
2013.01.07 20:43:21.143,0.92194,0.92208,1.73,1.50
2013.01.07 20:43:21.503,0.92198,0.92213,1.50,5.85
2013.01.07 20:43:21.624,0.92198,0.92214,1.73,6.60
2013.01.07 20:43:22.246,0.92198,0.92214,1.73,1.73
2013.01.07 20:43:30.266,0.92198,0.92212,1.73,1.50
2013.01.07 20:43:31.704,0.92198,0.9221,1.73,1.50
2013.01.07 20:43:32.004,0.92194,0.92211,1.35,2.48
2013.01.07 20:43:32.554,0.92193,0.92211,4.73,2.48
2013.01.07 20:43:33.764,0.92193,0.92211,3.98,2.48
2013.01.07 20:43:38.544,0.92194,0.9221,1.73,2.48
2013.01.07 20:43:38.784,0.92193,0.92211,3.98,2.48
2013.01.07 20:43:42.245,0.92193,0.92211,3.98,2.48
2013.01.07 20:43:57.495,0.92195,0.92211,1.50,2.48
2013.01.07 20:44:00.665,0.92194,0.92211,2.48,2.48
2013.01.07 20:44:01.375,0.92193,0.92211,1.73,2.48
2013.01.07 20:44:04.253,0.92193,0.92211,1.73,2.48
2013.01.07 20:44:04.454,0.92194,0.92211,2.48,3.75
2013.01.07 20:44:07.175,0.92194,0.9221,1.73,1.73
2013.01.07 20:44:17.654,0.92194,0.92211,2.48,2.48
2013.01.07 20:44:24.472,0.92194,0.92211,2.48,2.48
2013.01.07 20:44:27.885,0.92194,0.9221,1.73,1.73
2013.01.07 20:44:35.317,0.92194,0.92211,2.48,2.48
2013.01.07 20:44:37.915,0.92194,0.9221,1.73,1.73
2013.01.07 20:44:46.943,0.92194,0.9221,1.73,1.73
2013.01.07 20:44:48.550,0.92194,0.9221,1.73,1.73
2013.01.07 20:44:49.085,0.92195,0.92211,1.50,2.48
2013.01.07 20:44:49.720,0.92193,0.92211,2.48,2.48
2013.01.07 20:44:49.914,0.92193,0.92211,2.48,2.48
2013.01.07 20:44:50.727,0.92193,0.92211,2.48,2.48
2013.01.07 20:44:55.055,0.92195,0.92211,1.50,2.48
2013.01.07 20:44:55.414,0.92188,0.92202,2.25,1.73
2013.01.07 20:44:55.775,0.92196,0.92202,1.50,1.50
2013.01.07 20:44:55.894,0.92196,0.92208,1.50,1.13
2013.01.07 20:44:56.095,0.92196,0.92209,1.50,2.48
2013.01.07 20:44:57.215,0.92195,0.92209,1.73,2.48
2013.01.07 20:44:57.274,0.92195,0.92208,1.73,1.50
2013.01.07 20:45:05.945,0.92194,0.92208,1.73,1.50
2013.01.07 20:45:06.454,0.92194,0.92208,1.73,1.88
2013.01.07 20:45:07.294,0.92194,0.92208,1.73,1.50
2013.01.07 20:45:11.644,0.92189,0.92204,1.73,1.88
2013.01.07 20:45:11.715,0.92187,0.92204,1.73,1.88
2013.01.07 20:45:11.850,0.92187,0.92203,1.73,2.48
2013.01.07 20:45:12.164,0.92187,0.92203,1.73,1.50
2013.01.07 20:45:12.739,0.92192,0.92207,1.50,1.35
2013.01.07 20:45:20.674,0.92187,0.92204,2.85,2.63
2013.01.07 20:45:20.855,0.92186,0.92204,2.10,2.10
2013.01.07 20:45:21.045,0.92191,0.92207,2.25,2.10
2013.01.07 20:45:21.164,0.92191,0.92207,2.48,1.35
2013.01.07 20:45:22.227,0.92189,0.92205,1.73,1.88
2013.01.07 20:45:22.295,0.92189,0.92205,1.50,2.85
2013.01.07 20:45:22.355,0.92188,0.92205,1.50,2.70
2013.01.07 20:45:22.559,0.92186,0.92201,3.23,1.73
2013.01.07 20:45:22.756,0.92186,0.922,1.73,2.25
2013.01.07 20:45:28.266,0.92187,0.922,1.50,2.25
2013.01.07 20:45:29.375,0.92186,0.922,1.73,2.25
2013.01.07 20:45:32.674,0.92186,0.922,2.48,2.25
2013.01.07 20:45:33.523,0.92186,0.922,1.73,2.25
2013.01.07 20:45:36.205,0.92191,0.92201,1.50,2.48
2013.01.07 20:45:36.455,0.92191,0.92204,1.50,5.63
2013.01.07 20:45:36.694,0.92185,0.92204,2.48,1.73
2013.01.07 20:45:41.746,0.92186,0.92204,1.35,1.73
2013.01.07 20:45:42.165,0.92188,0.92206,2.63,2.48
2013.01.07 20:45:42.528,0.9219,0.92206,1.50,2.48
2013.01.07 20:45:42.596,0.9219,0.92206,1.73,2.48
2013.01.07 20:45:44.865,0.92195,0.92208,1.50,1.73
2013.01.07 20:45:45.055,0.92195,0.92208,1.50,1.50
2013.01.07 20:45:45.874,0.92195,0.9221,1.50,1.73
2013.01.07 20:45:45.956,0.92194,0.92212,1.73,2.48
2013.01.07 20:45:46.274,0.92197,0.92214,1.73,1.35
2013.01.07 20:45:46.876,0.92197,0.92214,1.73,1.35
2013.01.07 20:45:52.394,0.92199,0.92213,2.48,1.13
2013.01.07 20:45:54.004,0.92196,0.92213,1.73,3.00
2013.01.07 20:45:54.064,0.92196,0.92212,1.73,1.13
2013.01.07 20:45:54.722,0.92196,0.92212,2.48,1.13
2013.01.07 20:45:55.883,0.92196,0.92212,2.48,1.13
2013.01.07 20:45:56.415,0.92196,0.92213,2.48,6.98
2013.01.07 20:45:59.113,0.92196,0.92213,2.48,3.23
2013.01.07 20:45:59.785,0.92196,0.92213,2.48,4.73
2013.01.07 20:46:00.114,0.92194,0.9221,1.73,1.73
2013.01.07 20:46:01.535,0.9219,0.92206,2.25,1.73
2013.01.07 20:46:03.815,0.92191,0.92206,1.50,1.73
2013.01.07 20:46:04.442,0.92192,0.92206,2.25,1.73
2013.01.07 20:46:06.805,0.92194,0.9221,3.23,2.10
2013.01.07 20:46:06.864,0.92194,0.9221,3.23,2.10
2013.01.07 20:46:07.395,0.92195,0.92211,1.50,2.10
2013.01.07 20:46:07.514,0.92193,0.92211,3.98,2.10
2013.01.07 20:46:12.777,0.92194,0.92208,2.25,2.48
2013.01.07 20:46:12.906,0.9219,0.92203,2.25,1.50
2013.01.07 20:46:13.036,0.92186,0.92203,3.23,1.50
2013.01.07 20:46:13.095,0.92186,0.92203,4.73,2.10
2013.01.07 20:46:13.454,0.92191,0.92207,1.73,2.48
2013.01.07 20:46:13.884,0.92191,0.92208,1.73,1.88
2013.01.07 20:46:14.394,0.92195,0.92209,1.73,1.50
2013.01.07 20:46:15.485,0.9219,0.92208,1.73,2.25
2013.01.07 20:46:16.194,0.92195,0.92209,1.73,1.50
2013.01.07 20:46:17.475,0.92191,0.92208,1.50,2.48
2013.01.07 20:46:18.369,0.9219,0.92208,1.73,2.48
2013.01.07 20:46:18.504,0.9219,0.92208,1.73,2.48
2013.01.07 20:46:19.655,0.9219,0.92206,1.73,4.13
2013.01.07 20:46:19.715,0.9219,0.92205,1.50,1.35
2013.01.07 20:46:20.060,0.92186,0.92205,2.85,1.35
2013.01.07 20:46:20.932,0.92187,0.92204,1.73,2.48
2013.01.07 20:46:21.325,0.92189,0.92206,1.73,1.50
2013.01.07 20:46:21.565,0.92191,0.92207,1.50,2.48
2013.01.07 20:46:32.283,0.92191,0.92207,1.50,2.48
2013.01.07 20:46:32.505,0.92191,0.92207,1.50,2.48
2013.01.07 20:46:38.255,0.92191,0.92207,1.50,1.73
2013.01.07 20:46:38.705,0.92191,0.92207,1.50,2.48
2013.01.07 20:46:39.077,0.92188,0.92204,1.50,2.10
2013.01.07 20:46:39.475,0.92186,0.92204,2.85,2.10
2013.01.07 20:46:41.962,0.92186,0.92204,3.23,2.48
2013.01.07 20:46:42.085,0.92186,0.92204,5.85,1.73
2013.01.07 20:46:42.386,0.92193,0.92206,1.50,1.50
2013.01.07 20:46:42.514,0.92193,0.92208,1.50,1.13
2013.01.07 20:46:43.114,0.92193,0.92209,1.50,1.73
2013.01.07 20:46:43.866,0.92193,0.92209,1.50,2.48
2013.01.07 20:46:44.045,0.92188,0.92206,5.33,2.48
2013.01.07 20:46:45.936,0.92189,0.92206,4.73,1.73
2013.01.07 20:46:46.440,0.92201,0.9221,2.10,2.48
2013.01.07 20:46:46.524,0.92203,0.92218,2.33,1.20
2013.01.07 20:46:47.054,0.92206,0.92218,1.50,1.20
2013.01.07 20:46:47.562,0.92203,0.92218,2.70,1.20
2013.01.07 20:46:48.056,0.92203,0.92221,1.88,2.48
2013.01.07 20:46:48.294,0.922,0.92216,1.50,2.48
2013.01.07 20:46:48.479,0.92199,0.92216,1.50,1.73
2013.01.07 20:46:48.664,0.92197,0.92213,2.85,1.50
2013.01.07 20:46:49.252,0.92197,0.92213,1.88,1.73
2013.01.07 20:46:51.686,0.92197,0.92213,3.23,1.50
2013.01.07 20:46:51.806,0.92199,0.92213,1.88,1.73
2013.01.07 20:46:51.876,0.92201,0.92217,3.75,1.73
2013.01.07 20:46:52.184,0.92196,0.92211,1.88,2.48
2013.01.07 20:47:12.074,0.92195,0.92212,2.25,2.48
2013.01.07 20:47:12.135,0.92199,0.92212,1.50,2.48
2013.01.07 20:47:15.683,0.92194,0.92212,1.35,3.98
2013.01.07 20:47:17.566,0.92196,0.92212,1.50,3.98
2013.01.07 20:47:18.026,0.92198,0.92212,1.50,2.48
2013.01.07 20:47:18.254,0.92195,0.92212,2.25,2.48
2013.01.07 20:47:18.314,0.92199,0.92212,1.50,2.48
2013.01.07 20:47:19.074,0.92196,0.92212,1.50,2.48
2013.01.07 20:47:21.215,0.92197,0.92212,1.50,2.48
2013.01.07 20:47:27.026,0.92196,0.92212,1.50,2.48
2013.01.07 20:47:27.095,0.92198,0.92212,1.50,2.48
2013.01.07 20:47:27.642,0.92195,0.92212,3.38,2.48
2013.01.07 20:47:30.357,0.92195,0.92212,2.70,2.25
2013.01.07 20:47:30.428,0.92199,0.92214,1.50,1.73
2013.01.07 20:47:30.735,0.92201,0.92215,2.48,1.50
2013.01.07 20:47:32.366,0.92202,0.92215,1.73,2.25
2013.01.07 20:47:32.664,0.92205,0.92218,1.50,2.48
2013.01.07 20:47:32.785,0.92205,0.92218,1.73,2.25
2013.01.07 20:47:32.964,0.92205,0.92218,1.50,2.25
2013.01.07 20:47:40.205,0.92205,0.92217,1.50,1.13
2013.01.07 20:47:40.390,0.92199,0.92215,1.73,1.50
2013.01.07 20:47:40.457,0.92199,0.92215,1.73,2.25
2013.01.07 20:47:40.766,0.92199,0.9221,1.50,1.50
2013.01.07 20:47:41.096,0.92198,0.9221,1.50,3.23
2013.01.07 20:47:41.155,0.92198,0.9221,1.50,3.00
2013.01.07 20:47:41.334,0.92199,0.9221,2.25,2.25
2013.01.07 20:47:41.694,0.92196,0.9221,1.50,3.00
2013.01.07 20:47:42.846,0.92196,0.92209,1.50,2.25
2013.01.07 20:47:43.404,0.92195,0.9221,1.50,1.50
2013.01.07 20:47:45.756,0.92195,0.9221,2.25,1.50
2013.01.07 20:47:47.516,0.92196,0.9221,1.35,1.50
2013.01.07 20:47:48.134,0.92198,0.9221,1.50,1.50
2013.01.07 20:47:48.835,0.92197,0.92211,2.85,1.50
2013.01.07 20:47:49.828,0.92199,0.92211,1.50,1.50
2013.01.07 20:47:50.547,0.92198,0.92215,1.50,1.35
2013.01.07 20:47:50.615,0.92198,0.92215,1.50,1.35
2013.01.07 20:47:50.924,0.92199,0.92215,2.25,2.85
2013.01.07 20:47:51.126,0.92203,0.92216,1.88,1.50
2013.01.07 20:47:52.054,0.92202,0.92218,1.88,3.23
2013.01.07 20:47:55.915,0.92201,0.92217,1.13,2.48
2013.01.07 20:47:58.955,0.922,0.92217,2.25,3.98
2013.01.07 20:47:59.074,0.92202,0.92218,1.88,1.73
2013.01.07 20:48:00.227,0.92203,0.92219,2.85,1.73
2013.01.07 20:48:00.546,0.92207,0.92221,2.25,1.13
2013.01.07 20:48:00.857,0.92212,0.92221,2.85,1.13
2013.01.07 20:48:01.045,0.9221,0.92226,1.35,3.60
2013.01.07 20:48:01.165,0.92206,0.92225,2.48,2.63
2013.01.07 20:48:01.286,0.92206,0.92225,2.48,3.60
2013.01.07 20:48:01.526,0.92206,0.92223,1.73,3.23
2013.01.07 20:48:01.841,0.92206,0.92221,1.73,1.50
2013.01.07 20:48:02.325,0.92203,0.92219,2.10,4.50
2013.01.07 20:48:02.384,0.92203,0.92219,1.88,4.73
2013.01.07 20:48:02.506,0.92206,0.92219,2.25,1.50
2013.01.07 20:48:03.005,0.92203,0.92218,2.10,2.25
2013.01.07 20:48:03.064,0.92203,0.92218,1.88,2.48
2013.01.07 20:48:04.155,0.92203,0.92217,1.88,1.73
2013.01.07 20:48:04.335,0.922,0.92217,1.88,2.48
2013.01.07 20:48:04.997,0.922,0.92215,1.88,1.50
2013.01.07 20:48:05.654,0.922,0.92216,1.88,2.48
2013.01.07 20:48:06.965,0.922,0.92215,1.88,1.50
2013.01.07 20:48:07.780,0.922,0.92216,2.48,1.13
2013.01.07 20:48:08.356,0.92203,0.92217,1.50,3.98
2013.01.07 20:48:09.695,0.92203,0.92217,1.50,3.23
2013.01.07 20:48:13.231,0.92203,0.92215,1.50,1.50
2013.01.07 20:48:13.534,0.92203,0.92215,1.50,1.73
2013.01.07 20:48:13.845,0.92195,0.92212,1.13,1.73
2013.01.07 20:48:14.735,0.92193,0.9221,1.73,1.50
2013.01.07 20:48:14.795,0.92193,0.9221,1.50,3.23
2013.01.07 20:48:15.334,0.92191,0.9221,2.48,3.23
2013.01.07 20:48:18.494,0.92197,0.92211,1.50,2.10
2013.01.07 20:48:18.557,0.92197,0.92211,1.50,1.35
2013.01.07 20:48:19.515,0.92197,0.92211,1.50,1.35
2013.01.07 20:48:20.155,0.92196,0.92211,1.50,1.35
2013.01.07 20:48:23.236,0.92197,0.92211,1.50,1.35
2013.01.07 20:48:24.245,0.92197,0.92212,1.50,2.48
2013.01.07 20:48:25.075,0.92197,0.92211,1.50,1.35
2013.01.07 20:48:28.367,0.92197,0.92212,2.25,2.10
2013.01.07 20:48:28.555,0.92198,0.92212,2.25,1.88
2013.01.07 20:48:29.085,0.92198,0.92212,1.50,3.60
2013.01.07 20:48:29.145,0.92196,0.92212,1.50,3.60
2013.01.07 20:48:29.295,0.92196,0.92212,1.50,3.60
2013.01.07 20:48:30.255,0.92196,0.92212,1.50,3.60
2013.01.07 20:48:30.845,0.92196,0.92212,2.25,3.60
2013.01.07 20:48:31.204,0.92199,0.92214,2.25,2.48
2013.01.07 20:48:31.267,0.92197,0.92213,1.50,1.73
2013.01.07 20:48:31.464,0.92197,0.92213,1.50,4.73
2013.01.07 20:48:32.636,0.92196,0.92211,1.88,1.13
2013.01.07 20:48:32.947,0.92201,0.92211,1.50,1.13
2013.01.07 20:48:33.023,0.92201,0.92213,1.50,1.50
2013.01.07 20:48:33.178,0.92201,0.92215,1.50,2.48
2013.01.07 20:48:33.380,0.92203,0.92217,2.48,3.00
2013.01.07 20:48:33.505,0.92201,0.92217,1.50,4.73
2013.01.07 20:48:33.985,0.92197,0.92213,1.73,1.50
2013.01.07 20:48:34.045,0.92197,0.92213,1.50,1.73
2013.01.07 20:48:37.185,0.92196,0.92213,1.50,2.48
2013.01.07 20:48:37.696,0.92196,0.92213,2.25,3.98
2013.01.07 20:48:38.254,0.92195,0.92213,1.88,3.23
2013.01.07 20:48:38.476,0.92197,0.92213,1.50,3.98
2013.01.07 20:48:39.125,0.92197,0.92213,1.50,3.98
2013.01.07 20:48:40.757,0.92198,0.92215,2.48,2.48
2013.01.07 20:48:44.306,0.92204,0.92217,1.50,1.50
2013.01.07 20:48:44.375,0.92204,0.92219,1.88,1.50
2013.01.07 20:48:44.495,0.92207,0.92219,1.50,1.50
2013.01.07 20:48:44.796,0.92207,0.92221,1.50,1.50
2013.01.07 20:48:45.452,0.92209,0.92221,1.50,1.50
2013.01.07 20:48:45.815,0.92206,0.92224,3.23,2.48
2013.01.07 20:48:46.354,0.92206,0.92224,1.73,2.48
2013.01.07 20:48:48.810,0.92205,0.92224,2.48,2.48
2013.01.07 20:48:51.005,0.92206,0.92224,1.73,2.25
2013.01.07 20:48:51.185,0.92206,0.92224,2.25,2.48
2013.01.07 20:48:51.365,0.9221,0.92225,2.25,2.85
2013.01.07 20:48:51.555,0.92205,0.92224,2.63,2.48
2013.01.07 20:48:52.592,0.92205,0.92224,2.63,2.48
2013.01.07 20:48:53.904,0.92205,0.92224,1.88,3.23
2013.01.07 20:48:54.416,0.92206,0.92222,1.50,1.73
2013.01.07 20:48:54.497,0.92206,0.92222,1.73,1.50
2013.01.07 20:48:54.684,0.92208,0.92225,2.48,1.35
2013.01.07 20:48:56.236,0.92208,0.92226,1.73,2.48
2013.01.07 20:48:56.380,0.92208,0.92226,1.50,3.98
2013.01.07 20:48:56.505,0.92204,0.92221,2.48,2.48
2013.01.07 20:48:57.054,0.92204,0.92221,2.10,2.48
2013.01.07 20:48:57.296,0.92201,0.92219,1.95,2.63
2013.01.07 20:48:57.655,0.92201,0.92217,2.48,1.73
2013.01.07 20:48:59.445,0.92202,0.92218,1.50,2.48
2013.01.07 20:48:59.988,0.92201,0.92218,1.50,3.23
2013.01.07 20:49:00.537,0.922,0.92218,1.50,1.73
2013.01.07 20:49:01.007,0.92201,0.92218,2.25,2.48
2013.01.07 20:49:01.708,0.92201,0.92217,1.50,1.73
2013.01.07 20:49:02.166,0.92203,0.92219,2.25,2.48
2013.01.07 20:49:02.297,0.922,0.92218,2.10,2.48
2013.01.07 20:49:03.478,0.92201,0.92218,1.50,3.60
2013.01.07 20:49:04.148,0.92202,0.92218,1.50,2.85
2013.01.07 20:49:05.908,0.92201,0.92218,1.50,3.60
2013.01.07 20:49:06.276,0.92198,0.92213,1.35,1.50
2013.01.07 20:49:06.626,0.92197,0.92213,3.00,1.73
2013.01.07 20:49:08.334,0.92201,0.92217,1.50,1.35
2013.01.07 20:49:08.407,0.92201,0.92217,1.50,1.35
2013.01.07 20:49:11.395,0.92198,0.92215,2.48,1.73
2013.01.07 20:49:11.924,0.92198,0.92215,2.25,3.23
2013.01.07 20:49:12.105,0.92202,0.92215,1.50,1.73
2013.01.07 20:49:12.705,0.92202,0.92218,1.50,3.60
2013.01.07 20:49:13.525,0.922,0.92218,1.50,3.60
2013.01.07 20:49:14.055,0.92201,0.92217,1.50,1.73
2013.01.07 20:49:14.465,0.92197,0.92214,2.25,1.73
2013.01.07 20:49:15.835,0.92198,0.92216,3.00,1.73
2013.01.07 20:49:15.895,0.92201,0.92216,1.50,1.73
2013.01.07 20:49:17.059,0.92201,0.92216,2.25,1.73
2013.01.07 20:49:17.366,0.92204,0.92218,1.50,1.73
2013.01.07 20:49:17.855,0.92203,0.92221,1.50,3.60
2013.01.07 20:49:18.757,0.92203,0.92221,2.25,2.10
2013.01.07 20:49:19.685,0.92206,0.92223,2.25,1.73
2013.01.07 20:49:21.277,0.92206,0.92224,1.50,1.73
2013.01.07 20:49:22.115,0.92205,0.92224,1.50,2.48
2013.01.07 20:49:22.901,0.92207,0.92223,1.50,1.73
2013.01.07 20:49:23.467,0.92205,0.92224,2.25,1.73
2013.01.07 20:49:25.755,0.92207,0.92223,1.50,1.73
2013.01.07 20:49:26.277,0.92206,0.92222,1.50,1.73
2013.01.07 20:49:27.227,0.92207,0.92223,1.50,1.73
2013.01.07 20:49:28.987,0.92205,0.92224,2.25,1.73
2013.01.07 20:49:30.337,0.92205,0.92224,2.25,2.48
2013.01.07 20:49:32.325,0.92208,0.92225,1.50,1.73
2013.01.07 20:49:32.876,0.92208,0.92226,1.50,2.48
2013.01.07 20:49:42.365,0.92208,0.92226,1.73,2.48
2013.01.07 20:49:47.255,0.92209,0.92225,1.73,1.50
2013.01.07 20:49:47.751,0.92211,0.92228,1.73,3.23
2013.01.07 20:49:48.615,0.92212,0.92228,1.50,1.73
2013.01.07 20:49:55.376,0.92212,0.92228,1.50,3.23
2013.01.07 20:49:55.552,0.92212,0.92228,1.50,2.48
2013.01.07 20:49:57.138,0.92211,0.92229,2.10,3.98
2013.01.07 20:50:01.846,0.92211,0.92229,3.23,2.48
2013.01.07 20:50:02.155,0.9222,0.92233,1.73,1.50
2013.01.07 20:50:02.396,0.92216,0.92233,4.13,2.48
2013.01.07 20:50:03.225,0.92217,0.92233,1.50,2.48
2013.01.07 20:50:03.775,0.92219,0.92236,2.63,3.08
2013.01.07 20:50:03.895,0.92219,0.92236,2.85,1.58
2013.01.07 20:50:05.032,0.9222,0.92237,2.85,3.23
2013.01.07 20:50:05.786,0.9222,0.92237,2.85,3.23
2013.01.07 20:50:08.690,0.92221,0.92237,1.50,3.23
2013.01.07 20:50:09.296,0.9222,0.92237,1.35,2.48
2013.01.07 20:50:11.665,0.9222,0.92237,3.60,3.23
2013.01.07 20:50:12.175,0.9222,0.92237,2.10,1.73
2013.01.07 20:50:12.761,0.9222,0.92237,3.60,3.23
2013.01.07 20:50:15.892,0.9222,0.92237,2.10,1.73
2013.01.07 20:50:17.657,0.9222,0.92237,3.60,3.23
2013.01.07 20:50:34.547,0.92219,0.92237,2.10,2.48
2013.01.07 20:50:38.113,0.92221,0.92237,1.50,3.23
2013.01.07 20:50:44.227,0.92219,0.92237,3.23,2.48
2013.01.07 20:50:45.000,0.9222,0.92237,2.85,3.23
2013.01.07 20:51:07.461,0.92221,0.92238,1.13,4.58
2013.01.07 20:51:08.122,0.9222,0.92238,1.35,3.83
2013.01.07 20:51:10.115,0.92221,0.92237,1.88,1.73
2013.01.07 20:51:12.346,0.92221,0.92237,1.13,1.73
2013.01.07 20:51:15.527,0.92223,0.92239,1.50,4.73
2013.01.07 20:51:16.234,0.92223,0.92239,2.25,1.73
2013.01.07 20:51:16.476,0.92221,0.92237,1.50,1.73
2013.01.07 20:51:20.906,0.9222,0.92237,1.88,2.48
2013.01.07 20:51:20.975,0.9222,0.92237,2.63,2.48
2013.01.07 20:51:21.352,0.9222,0.92237,2.63,2.48
2013.01.07 20:51:23.436,0.9222,0.92237,3.38,2.33
2013.01.07 20:51:24.166,0.9222,0.92238,2.63,2.33
2013.01.07 20:51:25.260,0.9222,0.92237,3.38,2.33
2013.01.07 20:51:26.017,0.9222,0.92238,2.63,2.33
2013.01.07 20:51:28.160,0.9222,0.92237,3.38,2.33
2013.01.07 20:51:28.967,0.9222,0.92238,1.13,2.33
2013.01.07 20:51:30.737,0.9222,0.92237,1.13,1.58
2013.01.07 20:51:38.459,0.9222,0.92237,2.25,3.08
2013.01.07 20:51:40.437,0.92221,0.92237,1.50,2.33
2013.01.07 20:51:41.145,0.92219,0.92237,3.23,1.58
2013.01.07 20:51:43.875,0.9222,0.92238,1.50,2.33
2013.01.07 20:51:46.176,0.92222,0.92238,2.63,1.73
2013.01.07 20:51:46.365,0.92225,0.9224,1.35,1.35
2013.01.07 20:51:49.886,0.92227,0.92242,1.35,2.10
2013.01.07 20:51:49.946,0.92227,0.92242,1.73,1.50
2013.01.07 20:51:50.364,0.92228,0.92244,2.85,3.08
2013.01.07 20:51:56.055,0.92228,0.92246,2.10,2.33
2013.01.07 20:52:04.914,0.92228,0.92246,2.85,1.73
2013.01.07 20:52:20.135,0.92228,0.92245,2.10,1.73
2013.01.07 20:52:24.996,0.92229,0.92245,1.50,1.73
2013.01.07 20:52:25.546,0.92227,0.92246,2.10,3.98
2013.01.07 20:52:29.867,0.92227,0.92244,1.73,3.08
2013.01.07 20:52:30.175,0.92225,0.9224,1.13,2.48
2013.01.07 20:52:31.229,0.92224,0.9224,1.35,2.48
2013.01.07 20:52:31.765,0.92225,0.9224,1.13,2.48
2013.01.07 20:52:32.135,0.92223,0.9224,2.48,2.48
2013.01.07 20:52:45.727,0.92223,0.9224,2.48,2.48
2013.01.07 20:52:58.136,0.92223,0.9224,2.85,2.48
2013.01.07 20:52:58.791,0.92223,0.92239,6.23,1.73
2013.01.07 20:53:09.576,0.92222,0.9224,2.48,1.58
2013.01.07 20:53:11.406,0.92222,0.9224,1.73,2.33
2013.01.07 20:53:14.936,0.92223,0.92241,1.35,2.33
2013.01.07 20:53:16.115,0.92223,0.92241,1.13,2.33
2013.01.07 20:53:16.175,0.92223,0.9224,1.13,1.20
2013.01.07 20:53:16.595,0.92221,0.92237,1.13,1.73
2013.01.07 20:53:31.175,0.92217,0.92233,3.60,2.25
2013.01.07 20:53:31.296,0.92217,0.92233,1.50,2.48
2013.01.07 20:53:31.845,0.9222,0.92236,1.88,1.58
2013.01.07 20:53:37.515,0.92216,0.92234,2.48,2.25
2013.01.07 20:53:37.816,0.92216,0.92234,2.25,2.48
2013.01.07 20:54:01.426,0.92224,0.92236,1.50,1.58
2013.01.07 20:54:01.546,0.92224,0.92237,1.73,1.50
2013.01.07 20:54:01.725,0.9222,0.92238,1.35,2.25
2013.01.07 20:54:01.786,0.9222,0.92238,2.10,1.73
2013.01.07 20:54:09.175,0.9222,0.92231,2.10,1.50
2013.01.07 20:54:11.215,0.9222,0.92236,1.35,1.73
2013.01.07 20:54:40.498,0.92219,0.92234,3.23,4.66
2013.01.07 20:54:40.861,0.92213,0.92231,1.13,2.48
2013.01.07 20:54:40.995,0.92212,0.92231,1.73,2.48
2013.01.07 20:54:51.761,0.9221,0.92225,1.73,1.50
2013.01.07 20:54:51.886,0.92209,0.92225,2.25,1.73
2013.01.07 20:54:52.585,0.92209,0.92225,1.50,1.73
2013.01.07 20:54:55.376,0.92209,0.92224,1.13,1.73
2013.01.07 20:54:55.435,0.92212,0.92229,2.25,1.73
2013.01.07 20:54:55.617,0.92212,0.92229,2.48,1.73
2013.01.07 20:54:58.593,0.92209,0.92225,2.48,1.73
2013.01.07 20:54:59.406,0.92209,0.92226,1.35,1.73
2013.01.07 20:55:05.081,0.92209,0.92225,1.73,2.48
2013.01.07 20:55:05.386,0.92213,0.92229,1.50,1.73
2013.01.07 20:55:06.356,0.92212,0.92229,2.48,1.73
2013.01.07 20:55:11.208,0.92212,0.92231,2.48,2.48
2013.01.07 20:55:13.096,0.92213,0.92231,1.50,2.48
2013.01.07 20:55:13.456,0.92213,0.92229,1.50,1.73
2013.01.07 20:55:14.267,0.92212,0.9223,1.73,1.58
2013.01.07 20:55:14.636,0.92212,0.92229,1.50,1.73
2013.01.07 20:55:14.935,0.92209,0.92228,2.48,2.48
2013.01.07 20:55:15.057,0.92209,0.92226,2.25,2.48
2013.01.07 20:55:15.127,0.92207,0.92224,3.23,1.73
2013.01.07 20:55:15.636,0.92207,0.92224,2.48,1.73
2013.01.07 20:55:16.271,0.92207,0.92224,2.48,3.23
2013.01.07 20:55:21.467,0.92206,0.92221,3.23,1.50
2013.01.07 20:55:21.596,0.92206,0.92221,3.00,1.73
2013.01.07 20:55:22.094,0.92201,0.9222,5.10,1.73
2013.01.07 20:55:22.815,0.922,0.9222,4.73,2.48
2013.01.07 20:55:22.996,0.92198,0.92218,1.35,3.83
2013.01.07 20:55:23.676,0.92198,0.92218,2.10,3.23
2013.01.07 20:55:31.579,0.92198,0.92216,3.38,1.73
2013.01.07 20:55:32.146,0.92196,0.92215,2.10,2.33
2013.01.07 20:55:32.566,0.92195,0.92212,1.50,1.73
2013.01.07 20:55:32.872,0.92193,0.92212,2.85,2.33
2013.01.07 20:55:34.635,0.92192,0.92211,1.13,2.48
2013.01.07 20:55:34.756,0.92192,0.92211,1.13,2.48
2013.01.07 20:55:36.746,0.92194,0.92209,1.50,1.73
2013.01.07 20:55:37.049,0.92199,0.92215,1.50,1.73
2013.01.07 20:55:40.876,0.92202,0.92216,1.50,1.35
2013.01.07 20:55:41.116,0.92202,0.92217,1.50,1.35
2013.01.07 20:55:41.365,0.922,0.92217,2.25,2.85
2013.01.07 20:55:44.316,0.922,0.92218,1.73,2.48
2013.01.07 20:55:49.043,0.922,0.92217,3.23,1.73
2013.01.07 20:55:53.692,0.92199,0.92218,3.98,2.48
2013.01.07 20:55:55.213,0.922,0.92217,2.63,1.73
2013.01.07 20:55:57.405,0.92197,0.92215,3.60,1.73
2013.01.07 20:56:04.147,0.92196,0.92215,2.85,2.48
2013.01.07 20:56:04.326,0.92196,0.9221,2.85,3.75
2013.01.07 20:56:04.798,0.92196,0.9221,2.85,4.50
2013.01.07 20:56:06.488,0.92196,0.9221,2.85,3.75
2013.01.07 20:56:07.015,0.92196,0.92215,2.48,2.48
2013.01.07 20:56:07.596,0.92198,0.92214,1.50,1.73
2013.01.07 20:56:09.866,0.92196,0.92215,1.73,2.48
2013.01.07 20:56:13.987,0.92198,0.92215,1.50,6.60
2013.01.07 20:56:18.865,0.92198,0.92214,1.50,1.73
2013.01.07 20:56:19.612,0.92198,0.92214,1.50,1.73
2013.01.07 20:56:21.799,0.92196,0.92215,1.73,2.48
2013.01.07 20:56:25.105,0.92197,0.92214,1.73,2.48
2013.01.07 20:56:25.757,0.92197,0.92214,2.48,2.48
2013.01.07 20:56:26.506,0.92196,0.92215,1.73,6.60
2013.01.07 20:56:27.420,0.92198,0.92214,1.50,1.73
2013.01.07 20:56:27.806,0.92198,0.92214,1.50,1.73
2013.01.07 20:56:28.316,0.92197,0.92214,1.73,2.48
2013.01.07 20:56:31.655,0.92198,0.92214,1.50,1.73
2013.01.07 20:56:32.636,0.92196,0.92215,1.73,6.60
2013.01.07 20:56:34.016,0.92198,0.92215,1.50,6.60
2013.01.07 20:56:34.618,0.92196,0.92215,2.48,2.48
2013.01.07 20:56:38.845,0.92197,0.92215,1.73,5.48
2013.01.07 20:56:39.477,0.92197,0.92215,1.73,5.85
2013.01.07 20:56:44.105,0.92197,0.92214,2.48,2.48
2013.01.07 20:56:44.756,0.92198,0.92214,1.13,2.48
2013.01.07 20:56:44.936,0.92201,0.92214,1.50,2.48
2013.01.07 20:56:45.056,0.92201,0.92218,3.98,1.73
2013.01.07 20:56:45.176,0.92202,0.92219,1.35,6.68
2013.01.07 20:56:45.417,0.92205,0.92219,1.35,4.95
2013.01.07 20:56:45.967,0.92205,0.92221,1.73,1.73
2013.01.07 20:56:47.006,0.92206,0.92224,1.73,3.98
2013.01.07 20:56:47.718,0.92206,0.92223,2.48,5.85
2013.01.07 20:56:48.331,0.92205,0.92223,2.48,6.60
2013.01.07 20:56:50.218,0.92206,0.92222,3.08,1.73
2013.01.07 20:56:50.531,0.92208,0.92224,2.10,1.50
2013.01.07 20:56:52.056,0.9221,0.92224,1.35,1.88
2013.01.07 20:56:52.608,0.9221,0.92222,1.13,1.88
2013.01.07 20:56:53.040,0.92207,0.92222,1.73,1.88
2013.01.07 20:56:53.227,0.92207,0.92221,3.23,1.13
2013.01.07 20:56:55.546,0.92205,0.92222,2.48,2.85
2013.01.07 20:56:55.666,0.92205,0.92222,1.73,2.85
2013.01.07 20:56:55.785,0.92205,0.92221,1.73,1.35
2013.01.07 20:56:55.998,0.92205,0.92221,1.73,1.35
2013.01.07 20:56:56.417,0.92206,0.92222,2.48,1.88
2013.01.07 20:56:56.836,0.92206,0.9222,2.48,1.13
2013.01.07 20:56:57.075,0.92202,0.92219,2.10,1.73
2013.01.07 20:57:01.036,0.92206,0.92222,1.50,2.48
2013.01.07 20:57:01.555,0.92205,0.92222,1.73,2.48
2013.01.07 20:57:02.066,0.92206,0.92222,1.50,2.48
2013.01.07 20:57:03.116,0.92207,0.92223,1.50,2.10
2013.01.07 20:57:03.175,0.92205,0.92223,1.73,1.35
2013.01.07 20:57:04.004,0.92206,0.92223,1.50,2.85
2013.01.07 20:57:04.627,0.92205,0.92223,1.73,1.35
2013.01.07 20:57:05.556,0.92207,0.92223,1.50,2.10
2013.01.07 20:57:05.676,0.92205,0.92223,1.73,1.35
2013.01.07 20:57:06.315,0.92206,0.92223,1.50,2.85
2013.01.07 20:57:07.595,0.92207,0.92223,1.50,2.10
2013.01.07 20:57:07.655,0.92205,0.92223,1.73,2.10
2013.01.07 20:57:08.266,0.92206,0.92223,1.50,2.48
2013.01.07 20:57:08.926,0.92205,0.92224,1.73,4.35
2013.01.07 20:57:09.467,0.92206,0.92222,1.50,1.73
2013.01.07 20:57:12.715,0.92205,0.92222,2.25,1.35
2013.01.07 20:57:13.246,0.92203,0.92221,1.73,1.73
2013.01.07 20:57:18.905,0.92203,0.92221,2.48,1.73
2013.01.07 20:57:19.097,0.92205,0.92223,1.73,3.23
2013.01.07 20:57:22.526,0.92201,0.9222,2.48,3.23
2013.01.07 20:57:22.595,0.92201,0.92219,2.48,2.48
2013.01.07 20:57:22.835,0.92201,0.92219,1.73,2.85
2013.01.07 20:57:26.136,0.92201,0.92217,1.50,1.35
2013.01.07 20:57:26.465,0.92201,0.92219,1.73,2.85
2013.01.07 20:57:29.445,0.92201,0.92218,1.50,1.35
2013.01.07 20:57:29.995,0.92199,0.92216,2.48,1.73
2013.01.07 20:57:31.775,0.92198,0.92217,4.58,3.23
2013.01.07 20:57:32.264,0.92202,0.92218,1.73,1.73
2013.01.07 20:57:34.205,0.92201,0.92217,1.73,1.35
2013.01.07 20:57:35.595,0.92202,0.92218,1.73,1.73
2013.01.07 20:57:39.205,0.92202,0.92218,1.73,1.50
2013.01.07 20:57:39.387,0.92202,0.92218,1.73,1.50
2013.01.07 20:57:58.466,0.92199,0.92217,2.10,3.60
2013.01.07 20:57:59.121,0.922,0.92216,1.35,1.50
2013.01.07 20:58:01.706,0.92199,0.92216,2.48,1.50
2013.01.07 20:58:05.814,0.92201,0.92218,1.73,2.48
2013.01.07 20:58:06.055,0.92201,0.92218,1.73,2.25
2013.01.07 20:58:07.025,0.92199,0.92216,2.85,1.50
2013.01.07 20:58:09.295,0.92199,0.92216,2.85,2.48
2013.01.07 20:58:12.335,0.92199,0.92216,2.63,2.48
2013.01.07 20:58:12.515,0.92199,0.92216,2.85,2.25
2013.01.07 20:58:13.625,0.92199,0.92216,1.73,2.25
2013.01.07 20:58:14.292,0.92199,0.92214,1.73,2.25
2013.01.07 20:58:16.814,0.92196,0.92213,1.73,2.25
2013.01.07 20:58:18.570,0.92199,0.92213,2.48,2.25
2013.01.07 20:58:19.143,0.92199,0.92213,2.48,2.25
2013.01.07 20:58:20.265,0.92199,0.92213,2.48,2.25
2013.01.07 20:58:20.604,0.92194,0.92211,1.73,2.25
2013.01.07 20:58:20.664,0.92194,0.92211,1.73,2.25
2013.01.07 20:58:23.656,0.92194,0.9221,1.73,1.13
2013.01.07 20:58:25.966,0.92194,0.9221,1.73,1.13
2013.01.07 20:58:27.424,0.92194,0.9221,1.73,1.13
2013.01.07 20:58:29.074,0.92194,0.9221,1.73,1.50
2013.01.07 20:58:29.686,0.92194,0.9221,1.73,1.50
2013.01.07 20:58:30.205,0.92194,0.9221,1.73,1.50
2013.01.07 20:58:33.454,0.92194,0.9221,2.48,1.50
2013.01.07 20:58:38.056,0.92195,0.9221,1.73,1.88
2013.01.07 20:58:38.177,0.92195,0.92206,1.50,1.50
2013.01.07 20:58:38.356,0.92195,0.92206,1.50,1.73
2013.01.07 20:58:38.634,0.92188,0.92204,1.50,1.73
2013.01.07 20:58:39.136,0.92187,0.92204,1.35,2.48
2013.01.07 20:58:40.125,0.92185,0.92204,1.35,2.48
2013.01.07 20:58:44.785,0.92189,0.92205,1.50,1.35
2013.01.07 20:58:45.131,0.92189,0.92205,1.73,1.13
2013.01.07 20:58:46.284,0.92188,0.92204,1.73,1.50
2013.01.07 20:58:46.800,0.92188,0.92204,1.73,1.50
2013.01.07 20:58:50.764,0.92188,0.92204,1.73,1.50
2013.01.07 20:58:52.794,0.92187,0.92205,1.73,2.10
2013.01.07 20:58:53.355,0.92187,0.92205,1.73,2.10
2013.01.07 20:58:56.614,0.92187,0.92205,1.73,2.10
2013.01.07 20:59:00.306,0.92187,0.92205,1.73,2.85
2013.01.07 20:59:01.096,0.92187,0.92203,1.73,1.50
2013.01.07 20:59:02.294,0.92189,0.92204,0.23,0.23
2013.01.07 20:59:02.634,0.92191,0.92204,0.75,0.23
2013.01.07 20:59:02.694,0.92192,0.92206,0.23,1.88
2013.01.07 20:59:02.814,0.92191,0.92204,0.75,0.23
2013.01.07 20:59:03.124,0.92192,0.92206,0.23,1.88
2013.01.07 20:59:03.304,0.92188,0.92205,0.23,1.35
2013.01.07 20:59:03.859,0.92188,0.92204,0.23,0.38
2013.01.07 20:59:04.709,0.92189,0.92204,0.75,0.38
2013.01.07 20:59:05.544,0.92189,0.92205,0.75,2.48
2013.01.07 20:59:07.976,0.92189,0.92203,0.75,0.38
2013.01.07 20:59:08.867,0.92188,0.92203,1.73,0.38
2013.01.07 20:59:16.175,0.92189,0.92203,0.75,0.38
2013.01.07 20:59:16.715,0.92188,0.92203,0.98,0.38
2013.01.07 20:59:17.245,0.92188,0.92202,0.98,1.50
2013.01.07 20:59:18.191,0.92189,0.92202,0.75,1.50
2013.01.07 20:59:18.724,0.92188,0.92202,0.98,1.50
2013.01.07 20:59:20.734,0.92188,0.92204,1.73,2.63
2013.01.07 20:59:21.274,0.92188,0.92203,0.23,0.38
2013.01.07 20:59:22.075,0.92188,0.92204,0.23,1.50
2013.01.07 20:59:22.260,0.92188,0.92202,0.23,0.38
2013.01.07 20:59:26.996,0.92187,0.92202,0.75,1.88
2013.01.07 20:59:27.533,0.92186,0.92202,0.23,1.88
2013.01.07 20:59:27.994,0.92189,0.92202,0.23,0.38
2013.01.07 20:59:28.768,0.92189,0.92203,0.23,0.75
2013.01.07 20:59:29.315,0.92189,0.92202,0.23,1.50
2013.01.07 20:59:31.565,0.92189,0.92203,0.23,0.38
2013.01.07 20:59:33.279,0.92189,0.922,0.23,0.38
2013.01.07 20:59:33.403,0.92183,0.92199,0.23,1.50
2013.01.07 20:59:33.905,0.92183,0.922,0.23,4.35
2013.01.07 20:59:36.305,0.92183,0.92199,0.23,0.38
2013.01.07 20:59:36.954,0.92186,0.92199,1.50,0.38
2013.01.07 20:59:37.014,0.92187,0.92202,0.23,1.88
2013.01.07 20:59:37.923,0.92187,0.922,0.23,1.88
2013.01.07 20:59:38.044,0.92184,0.92199,0.23,0.83
2013.01.07 20:59:38.944,0.92186,0.92199,1.50,0.23
2013.01.07 20:59:39.064,0.92188,0.92202,0.23,1.50
2013.01.07 20:59:39.593,0.92188,0.92203,0.23,0.75
2013.01.07 20:59:41.403,0.92188,0.92201,0.23,1.50
2013.01.07 20:59:42.623,0.92188,0.92203,0.23,2.25
2013.01.07 20:59:45.224,0.92188,0.92203,0.23,1.88
2013.01.07 20:59:46.234,0.92188,0.92201,0.23,1.50
2013.01.07 20:59:46.994,0.92188,0.92203,0.23,3.38
2013.01.07 20:59:47.054,0.92189,0.92201,0.23,1.50
2013.01.07 20:59:47.474,0.92189,0.92203,0.23,1.88
2013.01.07 20:59:51.344,0.92189,0.92202,0.23,1.50
2013.01.07 20:59:52.173,0.92189,0.92203,0.23,1.88
2013.01.07 20:59:52.634,0.92189,0.92201,0.23,1.50
2013.01.07 20:59:53.894,0.92189,0.922,0.23,0.38
2013.01.07 20:59:54.133,0.92186,0.92199,1.50,0.60
2013.01.07 20:59:54.747,0.92186,0.922,1.50,0.38
2013.01.07 20:59:59.084,0.92186,0.92199,1.50,1.50
2013.01.07 20:59:59.384,0.92184,0.92199,0.23,1.50
2013.01.07 20:59:59.773,0.92186,0.92199,1.50,1.50
