2009.02.03 11:00:00.616,0.56825,0.56845,2.80,4.20
2009.02.03 11:00:04.055,0.56825,0.56845,2.80,3.40
2009.02.03 11:00:06.255,0.56835,0.5685,2.80,4.20
2009.02.03 11:00:06.424,0.56835,0.5685,2.80,3.40
2009.02.03 11:00:07.544,0.5684,0.56855,2.80,4.20
2009.02.03 11:00:07.604,0.56845,0.5686,2.80,4.20
2009.02.03 11:00:07.944,0.56845,0.5686,2.80,3.40
2009.02.03 11:00:09.364,0.5684,0.5686,2.80,3.40
2009.02.03 11:00:13.413,0.56835,0.56855,2.80,3.40
2009.02.03 11:00:16.572,0.5684,0.5686,2.80,4.20
2009.02.03 11:00:16.682,0.56845,0.56865,2.80,3.40
2009.02.03 11:00:22.261,0.56845,0.56865,5.20,3.40
2009.02.03 11:00:22.671,0.5685,0.56875,2.80,4.20
2009.02.03 11:00:23.261,0.5685,0.5688,2.80,3.40
2009.02.03 11:00:24.590,0.56865,0.56885,2.80,3.40
2009.02.03 11:00:25.060,0.5685,0.5688,2.80,3.40
2009.02.03 11:00:25.410,0.56855,0.56885,2.80,6.20
2009.02.03 11:00:26.310,0.56855,0.5689,2.80,10.40
2009.02.03 11:00:27.300,0.5686,0.56885,2.80,1.00
2009.02.03 11:00:28.599,0.5685,0.56885,9.80,4.20
2009.02.03 11:00:28.899,0.5685,0.56865,2.40,3.40
2009.02.03 11:00:29.639,0.56845,0.56865,3.00,3.40
2009.02.03 11:00:31.009,0.56865,0.5687,2.80,1.00
2009.02.03 11:00:31.069,0.56865,0.56885,2.80,13.60
2009.02.03 11:00:31.299,0.56865,0.56885,2.80,12.20
2009.02.03 11:00:31.419,0.56865,0.56885,2.80,1.80
2009.02.03 11:00:31.699,0.56865,0.5689,2.80,10.40
2009.02.03 11:00:32.458,0.56865,0.5689,2.80,4.20
2009.02.03 11:00:40.476,0.5686,0.56885,2.80,3.40
2009.02.03 11:00:43.597,0.56865,0.5689,2.80,1.00
2009.02.03 11:00:45.705,0.5686,0.56885,2.80,3.40
2009.02.03 11:00:50.254,0.5686,0.56885,2.80,8.20
2009.02.03 11:00:50.484,0.5686,0.56885,2.80,3.40
2009.02.03 11:00:51.694,0.56865,0.5689,2.80,1.00
2009.02.03 11:00:53.813,0.5686,0.56885,2.80,3.40
2009.02.03 11:00:55.443,0.56855,0.56875,3.00,3.40
2009.02.03 11:00:58.392,0.5686,0.56875,2.20,3.40
2009.02.03 11:00:58.632,0.5687,0.5689,2.80,4.20
2009.02.03 11:00:59.272,0.5686,0.56885,5.20,3.40
2009.02.03 11:00:59.502,0.56855,0.56875,2.80,3.40
2009.02.03 11:01:00.582,0.56855,0.56875,5.20,3.40
2009.02.03 11:01:21.956,0.5687,0.56885,2.80,4.80
2009.02.03 11:01:22.246,0.5687,0.5689,2.80,6.20
2009.02.03 11:01:22.366,0.5686,0.56885,2.80,3.40
2009.02.03 11:01:24.266,0.56865,0.5689,2.80,4.20
2009.02.03 11:01:24.786,0.5686,0.56885,2.80,3.40
2009.02.03 11:01:27.285,0.5686,0.56885,7.20,3.40
2009.02.03 11:01:27.905,0.5687,0.5689,2.80,4.20
2009.02.03 11:02:02.617,0.5687,0.56885,2.80,3.40
2009.02.03 11:02:02.967,0.5687,0.5689,2.80,4.20
2009.02.03 11:02:04.306,0.5687,0.56885,2.80,3.40
2009.02.03 11:02:05.146,0.56865,0.56885,2.80,3.40
2009.02.03 11:02:07.186,0.56865,0.5688,2.80,3.40
2009.02.03 11:02:15.333,0.56865,0.56885,2.80,3.40
2009.02.03 11:02:15.853,0.5687,0.56885,2.80,3.40
2009.02.03 11:02:16.553,0.56865,0.5688,2.80,3.40
2009.02.03 11:02:30.460,0.5687,0.56885,2.80,3.40
2009.02.03 11:02:32.719,0.56865,0.5688,5.20,3.40
2009.02.03 11:02:32.889,0.56865,0.5688,2.80,3.40
2009.02.03 11:02:45.276,0.5686,0.5688,2.80,3.40
2009.02.03 11:02:46.046,0.5686,0.56875,2.80,3.40
2009.02.03 11:02:57.423,0.56865,0.5688,2.80,3.40
2009.02.03 11:02:59.923,0.5686,0.56875,2.80,3.40
2009.02.03 11:03:11.630,0.56865,0.5688,2.80,3.40
2009.02.03 11:03:12.030,0.5686,0.56875,2.80,3.40
2009.02.03 11:03:14.160,0.56865,0.5688,2.80,3.40
2009.02.03 11:03:14.660,0.5686,0.56875,2.80,3.40
2009.02.03 11:03:16.499,0.56855,0.56875,2.80,4.20
2009.02.03 11:03:19.088,0.5686,0.56875,2.80,3.40
2009.02.03 11:03:24.017,0.56845,0.56875,10.00,3.40
2009.02.03 11:03:24.517,0.56845,0.56875,5.20,3.40
2009.02.03 11:03:27.246,0.56845,0.56875,2.80,3.40
2009.02.03 11:03:37.104,0.56845,0.56875,5.40,3.40
2009.02.03 11:03:37.164,0.5685,0.56875,2.80,3.40
2009.02.03 11:03:46.191,0.5686,0.56875,2.80,3.40
2009.02.03 11:04:00.648,0.5685,0.56875,2.80,3.40
2009.02.03 11:04:07.676,0.5686,0.56875,2.80,3.40
2009.02.03 11:04:09.456,0.5686,0.56885,2.80,9.60
2009.02.03 11:04:09.636,0.5686,0.56885,2.80,3.40
2009.02.03 11:04:10.166,0.56865,0.56885,2.80,3.40
2009.02.03 11:04:11.045,0.5686,0.56885,5.20,3.40
2009.02.03 11:04:11.155,0.5686,0.56885,2.80,3.40
2009.02.03 11:04:25.842,0.5687,0.56885,2.80,3.40
2009.02.03 11:04:28.011,0.5687,0.5689,2.80,4.20
2009.02.03 11:04:31.531,0.5686,0.5687,2.40,3.40
2009.02.03 11:04:31.711,0.56855,0.5687,12.00,3.40
2009.02.03 11:04:32.231,0.56865,0.56885,2.80,2.80
2009.02.03 11:04:32.591,0.56865,0.56885,2.80,1.00
2009.02.03 11:04:33.090,0.56865,0.5689,2.80,4.20
2009.02.03 11:04:34.080,0.5686,0.56885,2.80,3.40
2009.02.03 11:04:34.490,0.5687,0.56885,2.80,3.40
2009.02.03 11:04:36.989,0.5687,0.5689,2.80,3.40
2009.02.03 11:04:46.657,0.56865,0.5689,2.80,4.20
2009.02.03 11:04:47.047,0.5686,0.56885,2.80,4.20
2009.02.03 11:04:48.506,0.5686,0.56885,2.80,3.40
2009.02.03 11:04:48.667,0.56865,0.5689,2.80,3.40
2009.02.03 11:04:50.716,0.56865,0.56885,2.80,6.20
2009.02.03 11:04:50.826,0.5685,0.5687,2.80,3.40
2009.02.03 11:04:54.505,0.56855,0.56875,2.80,1.00
2009.02.03 11:04:55.065,0.56855,0.5688,2.80,4.20
2009.02.03 11:04:57.155,0.56855,0.56875,2.80,3.40
2009.02.03 11:05:03.833,0.5686,0.56875,2.80,3.40
2009.02.03 11:05:11.471,0.5686,0.56885,2.80,4.20
2009.02.03 11:05:11.531,0.5686,0.56885,2.80,3.40
2009.02.03 11:05:12.381,0.56865,0.56885,2.80,3.40
2009.02.03 11:05:12.431,0.56865,0.5689,2.80,1.00
2009.02.03 11:05:13.740,0.56865,0.56895,5.40,3.40
2009.02.03 11:05:14.380,0.56875,0.56895,2.80,1.00
2009.02.03 11:05:14.710,0.56875,0.56905,2.80,4.20
2009.02.03 11:05:14.950,0.5688,0.56905,2.80,1.00
2009.02.03 11:05:15.350,0.56885,0.5691,2.80,4.20
2009.02.03 11:05:17.390,0.56885,0.56905,2.80,3.40
2009.02.03 11:05:17.909,0.56885,0.5691,2.80,4.20
2009.02.03 11:05:18.149,0.56885,0.56905,2.80,3.40
2009.02.03 11:05:27.047,0.56885,0.5691,2.80,4.20
2009.02.03 11:05:32.956,0.56885,0.56905,2.80,3.40
2009.02.03 11:05:33.286,0.56885,0.5691,2.80,3.40
2009.02.03 11:05:35.815,0.5689,0.5691,2.80,3.40
2009.02.03 11:05:36.675,0.5688,0.56885,1.00,3.40
2009.02.03 11:05:37.065,0.56875,0.56885,4.40,3.40
2009.02.03 11:05:37.355,0.5687,0.56885,5.20,3.40
2009.02.03 11:05:38.105,0.56865,0.56885,5.20,3.40
2009.02.03 11:05:38.505,0.56865,0.5688,5.20,3.40
2009.02.03 11:05:38.734,0.56865,0.56885,5.20,3.40
2009.02.03 11:05:39.134,0.56865,0.5688,5.20,3.40
2009.02.03 11:05:39.574,0.5686,0.5688,2.80,3.40
2009.02.03 11:05:39.864,0.56885,0.56895,2.80,1.80
2009.02.03 11:05:40.334,0.56885,0.56905,2.80,5.00
2009.02.03 11:05:40.564,0.5687,0.56905,4.60,3.40
2009.02.03 11:05:40.964,0.5687,0.56905,1.00,3.40
2009.02.03 11:05:41.124,0.5687,0.56905,2.80,3.40
2009.02.03 11:05:41.244,0.56865,0.56905,1.00,3.40
2009.02.03 11:05:41.474,0.56865,0.56905,1.00,9.60
2009.02.03 11:05:41.764,0.5687,0.56905,2.80,6.20
2009.02.03 11:05:42.234,0.56865,0.56905,3.00,10.40
2009.02.03 11:05:42.643,0.5686,0.5689,3.00,3.40
2009.02.03 11:05:43.053,0.5686,0.5689,2.80,3.40
2009.02.03 11:05:44.663,0.56865,0.5689,4.40,3.40
2009.02.03 11:05:44.943,0.56865,0.5689,2.80,3.40
2009.02.03 11:05:45.293,0.5686,0.5689,7.40,3.40
2009.02.03 11:05:45.573,0.5686,0.5689,3.00,3.40
2009.02.03 11:05:47.322,0.5685,0.56875,2.20,5.40
2009.02.03 11:05:47.493,0.5685,0.5688,5.20,9.60
2009.02.03 11:05:47.843,0.5685,0.5688,5.20,3.40
2009.02.03 11:05:51.142,0.5685,0.5688,2.80,3.40
2009.02.03 11:05:55.360,0.5685,0.5688,3.00,3.40
2009.02.03 11:05:57.370,0.5685,0.56875,2.80,3.40
2009.02.03 11:05:59.719,0.56865,0.5688,2.80,3.40
2009.02.03 11:06:06.448,0.56865,0.5689,2.80,3.40
2009.02.03 11:06:21.924,0.56865,0.56885,5.20,3.40
2009.02.03 11:06:22.264,0.56865,0.56885,2.80,3.40
2009.02.03 11:06:22.654,0.56865,0.5689,2.80,3.40
2009.02.03 11:06:24.294,0.56865,0.56885,2.80,3.40
2009.02.03 11:06:27.043,0.56865,0.5688,2.80,3.40
2009.02.03 11:06:27.623,0.56865,0.56885,2.80,3.40
2009.02.03 11:06:31.312,0.56875,0.5689,2.80,3.40
2009.02.03 11:06:31.902,0.56875,0.56895,2.80,3.40
2009.02.03 11:06:32.252,0.56875,0.569,2.80,3.40
2009.02.03 11:06:32.421,0.56875,0.569,5.20,3.40
2009.02.03 11:06:32.761,0.56875,0.569,2.80,3.40
2009.02.03 11:06:42.289,0.56875,0.56895,2.80,3.40
2009.02.03 11:06:56.246,0.56875,0.569,2.80,3.40
2009.02.03 11:06:56.706,0.56875,0.56895,2.80,3.40
2009.02.03 11:06:57.236,0.56875,0.56905,2.80,4.20
2009.02.03 11:07:04.404,0.5689,0.56905,2.80,4.20
2009.02.03 11:07:06.823,0.56895,0.5691,2.80,3.40
2009.02.03 11:07:07.063,0.5689,0.56905,2.80,3.40
2009.02.03 11:07:13.512,0.5689,0.5691,2.80,3.40
2009.02.03 11:07:14.611,0.5688,0.5691,1.20,3.40
2009.02.03 11:07:14.991,0.5688,0.5691,1.00,3.40
2009.02.03 11:07:15.221,0.56875,0.5691,3.00,3.40
2009.02.03 11:07:15.601,0.569,0.5692,2.80,9.60
2009.02.03 11:07:15.771,0.56905,0.5692,2.80,4.20
2009.02.03 11:07:16.181,0.56885,0.5691,6.60,3.40
2009.02.03 11:07:16.701,0.56885,0.56915,2.80,3.40
2009.02.03 11:07:17.061,0.56875,0.5691,3.00,3.40
2009.02.03 11:07:17.171,0.56875,0.5691,7.40,3.40
2009.02.03 11:07:17.580,0.56875,0.5691,3.00,3.40
2009.02.03 11:07:18.960,0.56875,0.5691,7.40,3.40
2009.02.03 11:07:19.360,0.5688,0.56915,2.80,3.40
2009.02.03 11:07:19.740,0.56875,0.5691,3.00,3.40
2009.02.03 11:07:21.870,0.56875,0.5691,7.40,3.40
2009.02.03 11:07:24.459,0.56885,0.5691,2.80,1.00
2009.02.03 11:07:24.879,0.56885,0.5692,2.80,10.40
2009.02.03 11:07:26.988,0.5688,0.56915,2.80,3.40
2009.02.03 11:07:27.388,0.56885,0.5692,2.80,10.40
2009.02.03 11:07:27.978,0.5688,0.56915,2.80,3.40
2009.02.03 11:07:28.968,0.56885,0.5692,2.80,10.40
2009.02.03 11:07:29.448,0.5688,0.56915,2.80,3.40
2009.02.03 11:07:31.228,0.56885,0.5692,2.80,10.40
2009.02.03 11:07:32.627,0.5688,0.56915,2.80,3.40
2009.02.03 11:07:34.587,0.56885,0.5692,2.80,10.40
2009.02.03 11:07:35.276,0.5688,0.5691,2.80,1.00
2009.02.03 11:07:35.736,0.5688,0.56915,2.80,3.40
2009.02.03 11:07:40.045,0.56885,0.56915,2.20,3.40
2009.02.03 11:07:40.285,0.56895,0.5692,2.80,4.20
2009.02.03 11:07:41.025,0.56895,0.5692,5.20,3.40
2009.02.03 11:07:41.765,0.56895,0.5692,2.80,3.40
2009.02.03 11:07:41.935,0.56895,0.5692,5.20,3.40
2009.02.03 11:07:42.404,0.56895,0.5692,2.80,3.40
2009.02.03 11:07:42.694,0.56895,0.5692,5.20,3.40
2009.02.03 11:07:45.344,0.56895,0.5692,2.80,3.40
2009.02.03 11:07:45.464,0.56895,0.5692,5.20,3.40
2009.02.03 11:07:48.293,0.5689,0.56915,2.80,3.40
2009.02.03 11:07:48.763,0.5689,0.56915,5.20,3.40
2009.02.03 11:07:48.943,0.56895,0.56915,2.80,3.40
2009.02.03 11:07:49.363,0.56895,0.5692,2.80,3.40
2009.02.03 11:07:49.953,0.56895,0.5692,5.20,3.40
2009.02.03 11:07:50.293,0.56895,0.5692,2.80,3.40
2009.02.03 11:07:54.252,0.56895,0.5692,5.20,3.40
2009.02.03 11:07:54.702,0.5689,0.56915,2.80,3.40
2009.02.03 11:07:55.401,0.5689,0.56915,3.00,3.40
2009.02.03 11:08:08.538,0.56905,0.56925,2.80,3.40
2009.02.03 11:08:10.208,0.569,0.5692,5.20,3.40
2009.02.03 11:08:10.768,0.569,0.5692,2.80,3.40
2009.02.03 11:08:11.058,0.56895,0.56915,2.20,3.40
2009.02.03 11:08:11.178,0.5689,0.56915,3.00,3.40
2009.02.03 11:08:13.987,0.56895,0.56915,2.20,3.40
2009.02.03 11:08:14.337,0.569,0.5692,2.80,3.40
2009.02.03 11:08:20.905,0.569,0.5692,2.80,4.20
2009.02.03 11:08:21.235,0.569,0.5692,2.80,3.40
2009.02.03 11:08:27.114,0.569,0.5692,2.80,4.20
2009.02.03 11:08:28.514,0.569,0.5692,2.80,3.40
2009.02.03 11:08:34.172,0.56885,0.56905,8.80,3.40
2009.02.03 11:08:34.284,0.56885,0.56905,4.00,3.40
2009.02.03 11:08:34.932,0.56885,0.56905,2.80,3.40
2009.02.03 11:08:35.105,0.56875,0.569,7.00,3.40
2009.02.03 11:08:35.322,0.56875,0.569,5.40,3.40
2009.02.03 11:08:35.792,0.56875,0.569,5.20,3.40
2009.02.03 11:08:37.081,0.569,0.5691,2.80,9.00
2009.02.03 11:08:37.242,0.569,0.5692,2.80,4.20
2009.02.03 11:08:38.831,0.5689,0.569,2.20,3.40
2009.02.03 11:08:38.951,0.5688,0.569,4.20,3.40
2009.02.03 11:08:39.171,0.5688,0.569,3.00,3.40
2009.02.03 11:08:39.561,0.5688,0.569,2.80,3.40
2009.02.03 11:08:44.530,0.5688,0.56895,2.80,3.40
2009.02.03 11:08:49.528,0.56885,0.56905,2.80,1.00
2009.02.03 11:08:49.638,0.56885,0.56915,2.80,3.40
2009.02.03 11:08:54.517,0.5689,0.56915,2.80,3.40
2009.02.03 11:08:55.467,0.56885,0.56905,5.40,3.40
2009.02.03 11:08:55.707,0.56885,0.56905,3.00,3.40
2009.02.03 11:08:55.937,0.5689,0.56915,2.80,3.40
2009.02.03 11:08:56.557,0.56885,0.56905,3.00,3.40
2009.02.03 11:08:56.967,0.5689,0.56915,2.80,8.20
2009.02.03 11:08:57.027,0.56885,0.56915,2.80,3.40
2009.02.03 11:08:59.396,0.56885,0.5691,2.80,1.00
2009.02.03 11:08:59.746,0.56885,0.5691,2.80,4.20
2009.02.03 11:09:00.996,0.56885,0.56915,2.80,12.40
2009.02.03 11:09:01.446,0.56885,0.5691,2.80,4.20
2009.02.03 11:09:02.745,0.56885,0.56895,2.80,1.00
2009.02.03 11:09:03.325,0.56875,0.5689,5.20,3.40
2009.02.03 11:09:03.965,0.5688,0.56895,2.80,4.20
2009.02.03 11:09:05.784,0.56885,0.56905,2.80,1.80
2009.02.03 11:09:05.894,0.56885,0.5691,2.80,1.00
2009.02.03 11:09:14.702,0.56875,0.56895,5.40,4.20
2009.02.03 11:09:15.092,0.56885,0.5691,2.80,1.00
2009.02.03 11:09:15.272,0.56885,0.56915,2.80,12.40
2009.02.03 11:09:15.612,0.5689,0.56915,2.80,12.40
2009.02.03 11:09:15.732,0.5689,0.56915,2.80,4.20
2009.02.03 11:09:18.172,0.5689,0.56915,2.80,3.40
2009.02.03 11:09:23.660,0.5689,0.5691,2.80,3.40
2009.02.03 11:09:31.009,0.56885,0.5691,5.20,3.40
2009.02.03 11:09:31.128,0.56885,0.5691,2.80,3.40
2009.02.03 11:09:38.247,0.5688,0.5691,2.80,3.40
2009.02.03 11:09:40.646,0.56875,0.56905,3.00,3.40
2009.02.03 11:09:42.336,0.56875,0.56905,2.80,3.40
2009.02.03 11:09:43.215,0.5687,0.56905,3.00,3.40
2009.02.03 11:09:43.385,0.56875,0.569,2.80,3.40
2009.02.03 11:09:43.855,0.5687,0.569,2.80,3.40
2009.02.03 11:09:45.605,0.56875,0.56905,2.80,3.40
2009.02.03 11:09:47.135,0.56875,0.56905,2.80,4.20
2009.02.03 11:09:47.535,0.56875,0.569,2.80,3.40
2009.02.03 11:09:48.064,0.5687,0.569,5.20,3.40
2009.02.03 11:09:48.334,0.5687,0.569,2.80,3.40
2009.02.03 11:09:48.794,0.5687,0.56905,2.80,5.40
2009.02.03 11:09:48.914,0.5687,0.56905,2.80,3.40
2009.02.03 11:09:53.773,0.5687,0.569,2.80,3.40
2009.02.03 11:10:07.010,0.56875,0.569,2.20,3.40
2009.02.03 11:10:07.300,0.5688,0.569,2.80,3.40
2009.02.03 11:10:14.608,0.5688,0.569,5.20,3.40
2009.02.03 11:10:14.998,0.5688,0.56905,5.20,3.40
2009.02.03 11:10:18.247,0.56885,0.5691,2.80,3.40
2009.02.03 11:10:20.746,0.56885,0.56905,2.80,3.40
2009.02.03 11:10:21.146,0.5688,0.56905,2.80,3.40
2009.02.03 11:10:23.616,0.56885,0.56905,2.80,3.40
2009.02.03 11:10:36.253,0.5688,0.56905,5.20,3.40
2009.02.03 11:10:36.763,0.56885,0.56905,2.80,3.40
2009.02.03 11:10:37.582,0.5688,0.56905,2.80,3.40
2009.02.03 11:10:38.922,0.56885,0.56905,2.80,3.40
2009.02.03 11:10:41.021,0.5688,0.56905,2.80,3.40
2009.02.03 11:10:41.811,0.5688,0.56905,3.00,3.40
2009.02.03 11:10:42.101,0.5688,0.56905,5.40,3.40
2009.02.03 11:10:43.071,0.5689,0.5691,2.80,3.40
2009.02.03 11:10:44.580,0.56885,0.56905,2.80,3.40
2009.02.03 11:10:45.211,0.56895,0.56925,7.20,2.80
2009.02.03 11:10:45.560,0.569,0.5693,2.20,1.00
2009.02.03 11:10:51.050,0.569,0.5694,1.00,11.60
2009.02.03 11:10:51.409,0.56905,0.5694,5.20,3.40
2009.02.03 11:10:51.639,0.5691,0.5694,1.00,3.40
2009.02.03 11:10:51.939,0.56905,0.56935,2.20,3.40
2009.02.03 11:10:52.279,0.56915,0.5694,3.00,3.40
2009.02.03 11:10:53.330,0.56915,0.5695,3.00,3.40
2009.02.03 11:10:55.089,0.5691,0.56945,3.00,3.40
2009.02.03 11:10:55.388,0.56915,0.56945,1.00,3.40
2009.02.03 11:10:55.738,0.56915,0.5695,3.00,3.40
2009.02.03 11:10:55.908,0.56915,0.5695,2.80,3.40
2009.02.03 11:10:56.288,0.5691,0.56945,3.00,3.40
2009.02.03 11:10:59.297,0.5692,0.5695,2.80,3.40
2009.02.03 11:10:59.747,0.56915,0.56945,3.00,3.40
2009.02.03 11:11:00.157,0.56925,0.5695,2.80,9.60
2009.02.03 11:11:00.487,0.56915,0.56945,5.20,3.40
2009.02.03 11:11:00.997,0.56915,0.56945,3.00,3.40
2009.02.03 11:11:02.026,0.56915,0.56945,5.40,3.40
2009.02.03 11:11:02.466,0.56915,0.56945,3.00,3.40
2009.02.03 11:11:03.086,0.5692,0.56945,2.20,3.40
2009.02.03 11:11:04.116,0.56925,0.56945,2.20,3.40
2009.02.03 11:11:05.496,0.5692,0.5695,3.00,1.00
2009.02.03 11:11:07.045,0.5692,0.56945,2.80,3.40
2009.02.03 11:11:16.783,0.5692,0.56955,2.80,5.20
2009.02.03 11:11:21.172,0.5692,0.5695,2.80,4.20
2009.02.03 11:11:21.752,0.5692,0.56945,2.80,3.40
2009.02.03 11:11:22.282,0.5692,0.56955,2.80,9.60
2009.02.03 11:11:28.311,0.5693,0.56955,5.20,3.40
2009.02.03 11:11:28.780,0.56935,0.56955,2.20,3.40
2009.02.03 11:11:29.460,0.56935,0.5697,5.20,15.40
2009.02.03 11:11:29.970,0.56935,0.56965,2.80,3.40
2009.02.03 11:11:30.909,0.56935,0.56975,3.00,12.40
2009.02.03 11:11:31.189,0.56935,0.5697,3.00,3.40
2009.02.03 11:11:32.349,0.5694,0.5698,2.80,11.60
2009.02.03 11:11:32.469,0.5694,0.5698,3.00,11.60
2009.02.03 11:11:32.750,0.5694,0.5698,3.00,9.60
2009.02.03 11:11:35.818,0.56955,0.5698,2.80,6.20
2009.02.03 11:11:36.158,0.56955,0.5699,2.80,10.40
2009.02.03 11:11:37.778,0.56955,0.56975,2.80,3.40
2009.02.03 11:11:38.427,0.56955,0.56975,5.20,3.40
2009.02.03 11:11:38.877,0.56955,0.56975,2.80,4.20
2009.02.03 11:11:39.278,0.56935,0.5696,17.20,1.00
2009.02.03 11:11:39.797,0.56935,0.5697,3.00,7.40
2009.02.03 11:11:40.307,0.56925,0.56965,4.60,3.40
2009.02.03 11:11:40.787,0.5693,0.56965,2.80,3.40
2009.02.03 11:11:49.585,0.5693,0.56955,2.80,1.00
2009.02.03 11:11:49.815,0.56935,0.56965,2.80,4.40
2009.02.03 11:11:51.614,0.56935,0.5696,2.80,4.20
2009.02.03 11:11:53.984,0.56935,0.5696,2.80,3.40
2009.02.03 11:11:55.124,0.56935,0.5697,2.80,3.40
2009.02.03 11:11:58.153,0.56925,0.56955,15.60,3.40
2009.02.03 11:11:58.613,0.5693,0.56955,2.80,3.40
2009.02.03 11:11:59.632,0.5692,0.56955,3.00,3.40
2009.02.03 11:12:04.333,0.56925,0.56955,5.20,3.40
2009.02.03 11:12:05.191,0.5693,0.56955,2.20,3.40
2009.02.03 11:12:07.271,0.5692,0.56955,9.80,3.40
2009.02.03 11:12:07.690,0.5693,0.56955,2.80,3.40
2009.02.03 11:12:08.200,0.5693,0.56965,2.80,3.40
2009.02.03 11:12:08.620,0.5693,0.56955,2.80,3.40
2009.02.03 11:12:10.280,0.5692,0.56955,7.40,3.40
2009.02.03 11:12:11.619,0.56925,0.56955,2.80,3.40
2009.02.03 11:12:12.409,0.56915,0.5695,6.40,3.40
2009.02.03 11:12:12.530,0.56925,0.5696,2.80,9.60
2009.02.03 11:12:12.819,0.56915,0.5695,10.80,3.40
2009.02.03 11:12:13.239,0.5692,0.5695,5.40,3.40
2009.02.03 11:12:13.989,0.56925,0.56945,2.40,3.40
2009.02.03 11:12:14.329,0.5692,0.56955,9.80,4.40
2009.02.03 11:12:14.749,0.5692,0.5695,3.00,3.40
2009.02.03 11:12:16.159,0.56925,0.5695,1.00,3.40
2009.02.03 11:12:16.609,0.56925,0.5696,3.00,3.40
2009.02.03 11:12:17.509,0.56925,0.56955,3.00,4.20
2009.02.03 11:12:21.027,0.56915,0.5694,6.40,3.40
2009.02.03 11:12:21.327,0.5692,0.5694,3.00,3.40
2009.02.03 11:12:23.227,0.5691,0.56935,5.40,3.40
2009.02.03 11:12:23.757,0.569,0.56935,5.20,4.20
2009.02.03 11:12:24.177,0.569,0.56925,2.20,3.40
2009.02.03 11:12:24.647,0.56905,0.56925,2.80,3.40
2009.02.03 11:12:25.106,0.56895,0.5692,14.40,3.40
2009.02.03 11:12:26.196,0.569,0.5692,2.80,3.40
2009.02.03 11:12:26.606,0.569,0.5692,3.00,3.40
2009.02.03 11:12:27.296,0.56905,0.5693,2.80,4.40
2009.02.03 11:12:27.476,0.56905,0.56925,5.20,3.40
2009.02.03 11:12:28.326,0.56905,0.5692,2.20,3.40
2009.02.03 11:12:28.726,0.5691,0.5692,2.80,1.00
2009.02.03 11:12:29.245,0.56905,0.56935,5.20,4.40
2009.02.03 11:12:29.645,0.56915,0.56935,2.80,4.20
2009.02.03 11:12:31.335,0.5692,0.56935,2.80,1.00
2009.02.03 11:12:32.145,0.569,0.56925,12.40,3.40
2009.02.03 11:12:32.485,0.56905,0.56925,5.20,3.40
2009.02.03 11:12:33.374,0.56905,0.56925,5.40,3.40
2009.02.03 11:12:33.654,0.56915,0.5694,2.80,6.20
2009.02.03 11:12:34.304,0.56915,0.56935,2.80,1.00
2009.02.03 11:12:35.154,0.56915,0.56935,2.80,4.20
2009.02.03 11:12:37.053,0.56915,0.56945,2.80,10.40
2009.02.03 11:12:38.974,0.56915,0.56935,2.80,4.20
2009.02.03 11:12:39.323,0.56915,0.56935,2.80,3.40
2009.02.03 11:12:39.443,0.56905,0.5693,5.20,4.20
2009.02.03 11:12:40.073,0.5691,0.5693,5.20,3.40
2009.02.03 11:12:41.162,0.56915,0.5694,2.80,4.40
2009.02.03 11:12:53.999,0.56915,0.56935,2.80,1.00
2009.02.03 11:12:54.539,0.56915,0.56945,2.80,4.20
2009.02.03 11:12:55.939,0.56915,0.5694,2.80,3.40
2009.02.03 11:13:05.287,0.5692,0.5695,2.80,4.20
2009.02.03 11:13:05.467,0.5691,0.56935,5.20,3.40
2009.02.03 11:13:05.927,0.56915,0.56945,2.80,3.40
2009.02.03 11:13:06.326,0.56905,0.5693,10.80,3.40
2009.02.03 11:13:07.316,0.56905,0.56925,3.00,3.40
2009.02.03 11:13:07.886,0.5691,0.5692,2.80,1.00
2009.02.03 11:13:08.176,0.56905,0.5693,2.80,4.40
2009.02.03 11:13:11.065,0.5689,0.5692,14.40,3.40
2009.02.03 11:13:11.485,0.56895,0.5692,3.00,3.40
2009.02.03 11:13:13.065,0.56905,0.5693,2.80,4.40
2009.02.03 11:13:14.045,0.56905,0.56925,5.20,3.40
2009.02.03 11:13:14.335,0.5689,0.5692,9.80,3.40
2009.02.03 11:13:15.604,0.569,0.5692,2.80,3.40
2009.02.03 11:13:16.764,0.56905,0.5693,2.80,4.40
2009.02.03 11:13:17.534,0.56895,0.5692,5.20,3.40
2009.02.03 11:13:18.733,0.569,0.5692,5.20,3.40
2009.02.03 11:13:19.253,0.56905,0.5693,2.80,4.40
2009.02.03 11:13:19.893,0.5691,0.56925,2.80,3.40
2009.02.03 11:13:20.313,0.569,0.56925,5.20,3.40
2009.02.03 11:13:20.593,0.5691,0.56925,2.80,3.40
2009.02.03 11:13:20.943,0.56895,0.5692,5.20,3.40
2009.02.03 11:13:21.303,0.56905,0.5693,2.80,4.40
2009.02.03 11:13:24.912,0.56895,0.5692,10.00,3.40
2009.02.03 11:13:25.252,0.569,0.5692,2.80,3.40
2009.02.03 11:13:26.481,0.569,0.5692,5.20,3.40
2009.02.03 11:13:26.891,0.569,0.5692,2.80,3.40
2009.02.03 11:13:27.242,0.569,0.5692,5.20,3.40
2009.02.03 11:13:27.581,0.569,0.5692,2.80,3.40
2009.02.03 11:13:28.171,0.5691,0.5693,2.80,3.40
2009.02.03 11:13:28.682,0.569,0.56925,5.00,3.40
2009.02.03 11:13:29.941,0.56905,0.56925,2.80,4.20
2009.02.03 11:13:30.351,0.56895,0.5692,5.20,3.40
2009.02.03 11:13:30.761,0.56905,0.5693,5.20,4.40
2009.02.03 11:13:31.171,0.56905,0.5693,5.20,4.20
2009.02.03 11:13:32.410,0.56905,0.5693,2.80,4.20
2009.02.03 11:13:32.810,0.56905,0.56925,2.80,4.20
2009.02.03 11:13:33.680,0.56895,0.5692,5.00,4.20
2009.02.03 11:13:34.650,0.569,0.5693,3.00,4.20
2009.02.03 11:13:35.071,0.5691,0.5693,2.80,3.40
2009.02.03 11:13:35.929,0.56915,0.5694,2.80,3.40
2009.02.03 11:13:37.539,0.56915,0.5693,2.80,3.40
2009.02.03 11:13:38.399,0.5692,0.5695,2.80,9.60
2009.02.03 11:13:38.679,0.56925,0.56945,2.80,3.40
2009.02.03 11:13:46.597,0.56925,0.56945,5.20,3.40
2009.02.03 11:13:46.887,0.5693,0.56955,2.80,3.40
2009.02.03 11:13:51.345,0.56915,0.56945,8.80,3.40
2009.02.03 11:13:51.815,0.5692,0.56945,1.00,3.40
2009.02.03 11:13:52.915,0.5691,0.56945,9.60,3.40
2009.02.03 11:13:53.155,0.5692,0.56955,5.20,4.40
2009.02.03 11:13:53.435,0.5691,0.56945,9.60,3.40
2009.02.03 11:13:56.624,0.5692,0.56955,5.20,4.40
2009.02.03 11:13:56.865,0.56935,0.56955,5.20,3.40
2009.02.03 11:14:01.063,0.56925,0.56955,10.00,3.40
2009.02.03 11:14:05.882,0.56935,0.5695,5.20,3.40
2009.02.03 11:14:08.482,0.5694,0.5696,2.80,3.40
2009.02.03 11:14:09.172,0.5694,0.5696,2.80,3.40
2009.02.03 11:14:09.531,0.56945,0.5697,2.80,10.40
2009.02.03 11:14:10.241,0.56935,0.5696,5.20,3.40
2009.02.03 11:14:10.711,0.56935,0.5695,5.20,3.40
2009.02.03 11:14:20.379,0.56935,0.5696,5.20,3.40
2009.02.03 11:14:22.178,0.56925,0.56955,10.00,3.40
2009.02.03 11:14:23.778,0.5693,0.5695,2.80,3.40
2009.02.03 11:14:24.248,0.56935,0.5696,2.20,3.40
2009.02.03 11:14:24.638,0.56935,0.56955,5.20,3.40
2009.02.03 11:14:26.307,0.56945,0.56975,2.80,16.00
2009.02.03 11:14:26.747,0.56945,0.56975,2.80,10.40
2009.02.03 11:14:28.027,0.56945,0.56975,2.80,4.20
2009.02.03 11:14:28.527,0.56955,0.56975,2.80,4.20
2009.02.03 11:14:29.157,0.56945,0.5697,5.00,3.40
2009.02.03 11:14:29.676,0.56945,0.5697,2.80,4.20
2009.02.03 11:14:30.486,0.56945,0.5698,2.80,9.60
2009.02.03 11:14:31.486,0.5695,0.5697,2.80,3.40
2009.02.03 11:14:31.936,0.56965,0.5699,2.80,12.40
2009.02.03 11:14:32.466,0.5695,0.56985,9.60,1.00
2009.02.03 11:14:32.816,0.56955,0.56995,2.80,14.60
2009.02.03 11:14:33.285,0.56955,0.56985,2.80,3.40
2009.02.03 11:14:35.095,0.56945,0.5698,5.20,3.40
2009.02.03 11:14:36.065,0.56955,0.5699,2.80,9.60
2009.02.03 11:14:36.585,0.56965,0.56985,2.80,3.40
2009.02.03 11:14:39.824,0.56965,0.5698,2.80,3.40
2009.02.03 11:14:41.164,0.56955,0.5698,5.00,3.40
2009.02.03 11:14:42.883,0.56965,0.5698,2.80,3.40
2009.02.03 11:14:45.642,0.5695,0.5698,14.40,3.40
2009.02.03 11:14:46.032,0.56955,0.5698,2.20,3.40
2009.02.03 11:14:52.521,0.56945,0.5698,5.20,3.40
2009.02.03 11:14:55.111,0.5695,0.5697,2.80,3.40
2009.02.03 11:14:57.580,0.5695,0.56985,2.80,4.20
2009.02.03 11:14:57.860,0.5695,0.5698,2.80,3.40
2009.02.03 11:14:59.889,0.5695,0.5698,3.00,3.40
2009.02.03 11:15:02.300,0.5695,0.56975,3.00,3.40
2009.02.03 11:15:02.878,0.5695,0.56985,3.00,5.20
2009.02.03 11:15:03.698,0.5695,0.56975,3.00,3.40
2009.02.03 11:15:04.148,0.5695,0.56975,2.80,3.40
2009.02.03 11:15:10.636,0.5695,0.56985,3.00,3.40
2009.02.03 11:15:12.146,0.5695,0.5698,3.00,4.20
2009.02.03 11:15:12.666,0.56955,0.5698,2.80,3.40
2009.02.03 11:15:13.286,0.5694,0.56975,9.80,3.40
2009.02.03 11:15:13.466,0.5695,0.56985,3.00,3.40
2009.02.03 11:15:20.245,0.5695,0.56975,3.00,3.40
2009.02.03 11:15:27.722,0.5695,0.5697,3.00,3.40
2009.02.03 11:15:28.122,0.5695,0.5698,3.00,3.40
2009.02.03 11:15:30.892,0.5695,0.56975,3.00,4.20
2009.02.03 11:15:31.761,0.5694,0.56965,5.40,3.40
2009.02.03 11:15:33.141,0.5695,0.56975,2.80,3.40
2009.02.03 11:15:33.971,0.5695,0.56975,2.80,3.40
2009.02.03 11:15:35.581,0.5695,0.5697,2.80,3.40
2009.02.03 11:15:36.810,0.5694,0.56965,3.00,3.40
2009.02.03 11:15:37.420,0.5694,0.5696,3.00,3.40
2009.02.03 11:15:37.870,0.5694,0.5697,7.00,4.40
2009.02.03 11:15:38.230,0.5695,0.5697,5.20,3.40
2009.02.03 11:15:38.650,0.5694,0.56965,5.40,3.40
2009.02.03 11:15:39.319,0.56945,0.56965,2.20,3.40
2009.02.03 11:15:39.650,0.56935,0.56965,11.20,3.40
2009.02.03 11:15:40.059,0.56945,0.56975,2.80,3.40
2009.02.03 11:15:40.459,0.5695,0.5697,2.80,3.40
2009.02.03 11:15:42.579,0.56935,0.56965,15.60,3.40
2009.02.03 11:15:43.549,0.5694,0.56965,2.80,4.20
2009.02.03 11:15:44.279,0.5694,0.56965,5.20,3.40
2009.02.03 11:15:47.008,0.5694,0.56965,5.40,3.40
2009.02.03 11:15:47.527,0.5694,0.56965,3.00,3.40
2009.02.03 11:15:47.647,0.56945,0.56975,2.80,3.40
2009.02.03 11:15:47.987,0.5695,0.5697,2.80,3.40
2009.02.03 11:15:50.537,0.5695,0.5698,2.80,3.40
2009.02.03 11:15:52.227,0.5696,0.5698,5.20,3.40
2009.02.03 11:15:52.526,0.56945,0.56975,10.80,3.40
2009.02.03 11:15:54.496,0.56955,0.56975,2.80,3.40
2009.02.03 11:15:55.336,0.5696,0.56975,2.20,3.40
2009.02.03 11:15:56.155,0.56965,0.5699,2.80,4.40
2009.02.03 11:15:56.456,0.56965,0.5699,5.20,3.40
2009.02.03 11:15:56.925,0.56965,0.56985,2.80,3.40
2009.02.03 11:15:59.805,0.56965,0.56985,5.20,3.40
2009.02.03 11:16:01.144,0.5697,0.56995,5.20,3.40
2009.02.03 11:16:03.634,0.5697,0.5699,2.80,3.40
2009.02.03 11:16:03.864,0.5697,0.5699,5.40,3.40
2009.02.03 11:16:04.403,0.56975,0.57,2.80,3.40
2009.02.03 11:16:04.733,0.56985,0.57,5.20,3.40
2009.02.03 11:16:07.143,0.56985,0.56995,2.20,3.40
2009.02.03 11:16:07.663,0.5697,0.56995,5.20,3.40
2009.02.03 11:16:20.780,0.56975,0.5701,3.00,4.20
2009.02.03 11:16:27.038,0.5698,0.57005,2.80,4.20
2009.02.03 11:16:27.218,0.5697,0.57005,5.20,4.20
2009.02.03 11:16:31.847,0.56975,0.57005,3.00,3.40
2009.02.03 11:16:32.816,0.56975,0.56995,3.00,3.40
2009.02.03 11:16:41.095,0.56975,0.56995,2.80,3.40
2009.02.03 11:16:41.445,0.56965,0.5699,6.40,3.40
2009.02.03 11:16:41.914,0.5697,0.5699,2.80,3.40
2009.02.03 11:16:42.144,0.5696,0.56985,5.40,3.40
2009.02.03 11:16:43.524,0.56965,0.56995,5.40,3.40
2009.02.03 11:16:44.104,0.5697,0.56995,2.80,3.40
2009.02.03 11:16:44.444,0.56975,0.56995,2.80,3.40
2009.02.03 11:16:46.813,0.56965,0.5699,10.00,3.40
2009.02.03 11:16:46.923,0.56965,0.5699,5.40,3.40
2009.02.03 11:16:47.783,0.56965,0.5699,2.20,3.40
2009.02.03 11:16:47.953,0.56955,0.5698,5.40,3.40
2009.02.03 11:16:49.852,0.5696,0.56995,5.20,9.00
2009.02.03 11:16:50.232,0.56965,0.56985,2.20,3.40
2009.02.03 11:16:50.512,0.56965,0.56995,2.20,3.40
2009.02.03 11:16:56.521,0.56955,0.56975,5.20,3.40
2009.02.03 11:16:58.770,0.5697,0.56975,2.20,3.40
2009.02.03 11:16:59.290,0.56975,0.57,2.80,4.40
2009.02.03 11:17:02.010,0.56965,0.5699,5.20,3.40
2009.02.03 11:17:07.968,0.5699,0.57015,2.80,12.40
2009.02.03 11:17:10.268,0.5699,0.57005,2.80,1.00
2009.02.03 11:17:12.467,0.56995,0.57015,2.80,4.20
2009.02.03 11:17:15.876,0.56995,0.5701,2.80,3.40
2009.02.03 11:17:22.075,0.56985,0.5701,5.00,3.40
2009.02.03 11:17:22.535,0.56995,0.5701,2.80,3.40
2009.02.03 11:17:30.203,0.56985,0.5701,5.20,3.40
2009.02.03 11:17:39.902,0.5699,0.5701,2.80,3.40
2009.02.03 11:17:39.960,0.5699,0.5701,5.20,3.40
2009.02.03 11:17:41.560,0.56995,0.5702,2.80,4.40
2009.02.03 11:17:43.280,0.56995,0.57015,5.20,3.40
2009.02.03 11:17:43.739,0.56995,0.57025,5.20,9.60
2009.02.03 11:17:44.079,0.56995,0.57015,2.80,3.40
2009.02.03 11:17:45.569,0.5702,0.5704,2.80,17.00
2009.02.03 11:17:46.090,0.5702,0.5704,2.80,10.40
2009.02.03 11:17:46.549,0.57005,0.57035,5.00,1.00
2009.02.03 11:17:47.399,0.57015,0.57045,2.80,13.60
2009.02.03 11:17:47.968,0.57005,0.5703,10.00,3.40
2009.02.03 11:17:49.188,0.5701,0.57025,2.80,3.40
2009.02.03 11:17:54.237,0.5701,0.57025,5.20,3.40
2009.02.03 11:17:54.517,0.5701,0.57035,5.20,3.40
2009.02.03 11:17:57.046,0.57015,0.57035,7.60,3.40
2009.02.03 11:17:57.456,0.57015,0.57035,2.80,3.40
2009.02.03 11:18:04.154,0.5702,0.5705,2.80,10.40
2009.02.03 11:18:07.494,0.5703,0.5705,2.80,9.60
2009.02.03 11:18:07.773,0.5703,0.5705,5.20,9.60
2009.02.03 11:18:08.634,0.5703,0.5705,5.20,3.40
2009.02.03 11:18:19.651,0.5703,0.57045,2.20,3.40
2009.02.03 11:18:21.870,0.5702,0.57045,14.40,3.40
2009.02.03 11:18:22.330,0.57025,0.57045,3.00,3.40
2009.02.03 11:18:22.670,0.57025,0.57045,2.80,3.40
2009.02.03 11:18:24.590,0.5703,0.57045,2.20,3.40
2009.02.03 11:18:24.940,0.5702,0.57045,5.00,3.40
2009.02.03 11:18:26.089,0.5703,0.57055,5.20,4.40
2009.02.03 11:18:28.719,0.57015,0.57045,10.80,3.40
2009.02.03 11:18:29.178,0.5702,0.57045,2.20,3.40
2009.02.03 11:18:31.508,0.5701,0.57045,6.40,3.40
2009.02.03 11:18:35.877,0.5701,0.5704,3.00,3.40
2009.02.03 11:18:36.677,0.5702,0.5705,2.80,3.40
2009.02.03 11:18:37.517,0.5701,0.57045,9.40,3.40
2009.02.03 11:18:37.636,0.5701,0.57045,2.80,3.40
2009.02.03 11:18:42.955,0.5701,0.5703,2.80,3.40
2009.02.03 11:18:52.853,0.56995,0.57025,15.60,3.40
2009.02.03 11:18:53.383,0.57005,0.57025,5.20,3.40
2009.02.03 11:18:54.313,0.5701,0.57035,2.80,3.40
2009.02.03 11:19:06.130,0.5699,0.57005,4.40,3.40
2009.02.03 11:19:06.310,0.5698,0.57005,5.20,3.40
2009.02.03 11:19:06.819,0.56985,0.57015,5.20,10.40
2009.02.03 11:19:07.959,0.56985,0.57005,5.20,3.40
2009.02.03 11:19:08.349,0.56985,0.56995,2.20,3.40
2009.02.03 11:19:08.689,0.57,0.57015,2.20,5.20
2009.02.03 11:19:11.078,0.56985,0.57,4.80,3.40
2009.02.03 11:19:13.168,0.56975,0.56995,6.20,3.40
2009.02.03 11:19:13.408,0.56985,0.57005,2.80,3.40
2009.02.03 11:19:14.088,0.56985,0.57005,2.80,3.40
2009.02.03 11:19:15.837,0.56975,0.57,5.40,3.40
2009.02.03 11:19:16.247,0.56985,0.5701,2.80,4.40
2009.02.03 11:19:16.927,0.56975,0.57,5.20,3.40
2009.02.03 11:19:19.956,0.56975,0.57,2.20,3.40
2009.02.03 11:19:23.445,0.56975,0.5699,2.20,3.40
2009.02.03 11:19:24.435,0.5698,0.5699,2.20,3.40
2009.02.03 11:19:24.885,0.5698,0.57,2.20,9.60
2009.02.03 11:19:26.844,0.5697,0.56995,2.20,3.40
2009.02.03 11:19:28.334,0.56975,0.5699,2.20,3.40
2009.02.03 11:19:32.743,0.56975,0.57005,2.20,12.40
2009.02.03 11:19:34.992,0.56975,0.5699,2.20,3.40
2009.02.03 11:19:35.942,0.5696,0.5699,7.80,3.40
2009.02.03 11:19:36.102,0.5697,0.5699,2.20,3.40
2009.02.03 11:19:39.122,0.56975,0.5699,2.20,3.40
2009.02.03 11:19:45.080,0.56975,0.57,2.20,11.60
2009.02.03 11:19:45.260,0.56975,0.56995,2.20,3.40
2009.02.03 11:19:48.160,0.56975,0.5699,2.20,3.40
2009.02.03 11:19:48.729,0.56975,0.57,2.20,11.60
2009.02.03 11:19:49.589,0.56975,0.56985,2.20,3.40
2009.02.03 11:19:51.129,0.56975,0.56995,2.20,3.40
2009.02.03 11:19:51.689,0.56975,0.56995,5.20,3.40
2009.02.03 11:19:51.969,0.5698,0.57005,2.80,4.20
2009.02.03 11:19:52.468,0.5698,0.57,5.20,3.40
2009.02.03 11:19:56.687,0.56985,0.57,2.80,3.40
2009.02.03 11:19:57.817,0.56975,0.56995,5.00,3.40
2009.02.03 11:20:00.067,0.5698,0.5701,2.80,4.40
2009.02.03 11:20:00.596,0.5698,0.57,2.80,3.40
2009.02.03 11:20:02.036,0.5698,0.5701,5.40,3.40
2009.02.03 11:20:02.396,0.56985,0.5701,2.80,3.40
2009.02.03 11:20:03.846,0.56985,0.5702,2.80,4.40
2009.02.03 11:20:06.245,0.5699,0.57015,2.20,3.40
2009.02.03 11:20:06.635,0.57,0.57015,2.80,3.40
2009.02.03 11:20:10.104,0.57,0.57025,2.80,3.40
2009.02.03 11:20:11.084,0.57005,0.57025,2.80,3.40
2009.02.03 11:20:11.554,0.5701,0.57035,2.80,3.40
2009.02.03 11:20:12.134,0.5701,0.57035,5.20,3.40
2009.02.03 11:20:12.424,0.5702,0.57035,2.80,3.40
2009.02.03 11:20:14.173,0.57005,0.57035,5.20,3.40
2009.02.03 11:20:15.033,0.5701,0.57035,2.80,3.40
2009.02.03 11:20:15.483,0.5701,0.5703,2.80,3.40
2009.02.03 11:20:19.652,0.5702,0.5703,2.20,3.40
2009.02.03 11:20:20.052,0.5702,0.57045,2.80,12.40
2009.02.03 11:20:21.341,0.5702,0.57035,2.80,3.40
2009.02.03 11:20:24.541,0.5702,0.57035,2.80,3.40
2009.02.03 11:20:25.791,0.5702,0.5705,2.80,10.40
2009.02.03 11:20:26.210,0.5702,0.57045,2.80,1.00
2009.02.03 11:20:28.380,0.5702,0.57045,2.80,4.20
2009.02.03 11:20:28.660,0.5702,0.57045,2.80,1.00
2009.02.03 11:20:29.529,0.5702,0.5704,2.80,1.00
2009.02.03 11:20:30.389,0.57035,0.5706,2.80,10.40
2009.02.03 11:20:31.149,0.57015,0.5705,5.20,3.40
2009.02.03 11:20:37.437,0.5702,0.57045,2.80,3.40
2009.02.03 11:20:37.978,0.5702,0.57055,2.80,9.60
2009.02.03 11:20:40.007,0.57025,0.57055,2.80,9.60
2009.02.03 11:20:41.267,0.57025,0.57055,2.80,3.40
2009.02.03 11:20:42.636,0.5703,0.57065,2.80,13.60
2009.02.03 11:20:43.036,0.5703,0.57055,2.80,1.00
2009.02.03 11:20:43.476,0.5702,0.57055,5.20,4.20
2009.02.03 11:20:43.896,0.5703,0.57055,2.80,3.40
2009.02.03 11:20:44.516,0.57035,0.57065,2.80,12.40
2009.02.03 11:20:51.644,0.57035,0.57055,2.80,3.40
2009.02.03 11:21:01.952,0.57035,0.57065,2.80,10.60
2009.02.03 11:21:02.521,0.57035,0.5706,2.80,3.40
2009.02.03 11:21:02.921,0.57035,0.57055,2.80,3.40
2009.02.03 11:21:05.781,0.57035,0.5707,2.80,11.40
2009.02.03 11:21:06.181,0.57045,0.5707,2.80,9.60
2009.02.03 11:21:07.220,0.57045,0.5707,5.20,9.60
2009.02.03 11:21:07.571,0.5705,0.5707,2.80,3.40
2009.02.03 11:21:10.331,0.57055,0.57085,2.80,12.40
2009.02.03 11:21:11.079,0.57055,0.57075,2.80,3.40
2009.02.03 11:21:11.359,0.57045,0.5707,5.00,3.40
2009.02.03 11:21:11.859,0.5706,0.57095,5.20,14.00
2009.02.03 11:21:12.159,0.57065,0.5709,2.80,3.40
2009.02.03 11:21:12.789,0.5706,0.571,2.80,9.60
2009.02.03 11:21:13.379,0.5705,0.5709,8.40,3.40
2009.02.03 11:21:13.819,0.57055,0.57085,3.00,3.40
2009.02.03 11:21:14.159,0.57055,0.57085,2.80,3.40
2009.02.03 11:21:15.058,0.57065,0.57085,2.80,3.40
2009.02.03 11:21:16.178,0.5705,0.5708,5.00,3.40
2009.02.03 11:21:16.688,0.5706,0.57075,2.80,3.40
2009.02.03 11:21:17.338,0.5706,0.57085,2.80,10.40
2009.02.03 11:21:17.868,0.5706,0.57075,2.80,3.40
2009.02.03 11:21:18.727,0.5706,0.57085,2.80,10.40
2009.02.03 11:21:19.427,0.5705,0.5707,5.00,3.40
2009.02.03 11:21:20.537,0.57055,0.5707,5.20,3.40
2009.02.03 11:21:20.707,0.5706,0.5708,2.80,4.40
2009.02.03 11:21:22.357,0.5706,0.57075,5.20,3.40
2009.02.03 11:21:22.886,0.57065,0.57085,2.80,4.40
2009.02.03 11:21:26.585,0.57055,0.57075,10.00,3.40
2009.02.03 11:21:26.826,0.5706,0.57075,2.80,3.40
2009.02.03 11:21:36.153,0.5706,0.57075,5.20,3.40
2009.02.03 11:21:36.623,0.57065,0.57095,5.20,4.20
2009.02.03 11:21:37.043,0.5707,0.5709,2.80,4.20
2009.02.03 11:21:37.383,0.57075,0.5709,2.80,4.20
2009.02.03 11:21:38.093,0.57075,0.571,2.80,4.20
2009.02.03 11:21:38.363,0.57075,0.5709,2.80,4.20
2009.02.03 11:21:39.213,0.5708,0.571,2.80,4.40
2009.02.03 11:21:39.442,0.5707,0.5709,2.80,4.20
2009.02.03 11:21:45.331,0.57075,0.5709,2.80,1.00
2009.02.03 11:21:45.801,0.57075,0.571,2.80,6.20
2009.02.03 11:21:46.081,0.5708,0.57095,2.80,1.00
2009.02.03 11:21:46.701,0.5708,0.5709,1.60,1.00
2009.02.03 11:21:47.221,0.57085,0.57105,2.20,8.40
2009.02.03 11:21:47.571,0.571,0.5713,2.20,2.60
2009.02.03 11:21:48.020,0.5709,0.57115,8.00,3.40
2009.02.03 11:21:48.490,0.5711,0.5713,5.20,1.80
2009.02.03 11:21:49.000,0.571,0.5713,9.60,3.40
2009.02.03 11:21:49.650,0.5709,0.57125,7.20,3.40
2009.02.03 11:21:50.040,0.57095,0.5712,4.40,3.40
2009.02.03 11:21:50.390,0.5708,0.5712,12.20,3.40
2009.02.03 11:21:51.070,0.5707,0.5711,7.40,3.40
2009.02.03 11:21:51.420,0.57075,0.5711,3.00,3.40
2009.02.03 11:21:53.099,0.57075,0.5711,5.40,3.40
2009.02.03 11:21:53.519,0.57075,0.5711,3.00,3.40
2009.02.03 11:21:53.909,0.57075,0.5711,5.40,4.20
2009.02.03 11:21:56.239,0.57075,0.5711,4.00,3.40
2009.02.03 11:21:57.148,0.57075,0.5711,5.20,4.20
2009.02.03 11:21:57.668,0.57075,0.57105,2.20,3.40
2009.02.03 11:21:58.868,0.5706,0.57105,12.40,3.40
2009.02.03 11:21:59.448,0.57065,0.57105,5.40,3.40
2009.02.03 11:22:01.307,0.5707,0.57105,1.00,3.40
2009.02.03 11:22:01.937,0.57075,0.571,2.20,3.40
2009.02.03 11:22:02.337,0.57075,0.57085,2.20,3.40
2009.02.03 11:22:03.487,0.57075,0.571,2.20,9.60
2009.02.03 11:22:03.777,0.57075,0.571,2.20,3.40
2009.02.03 11:22:05.876,0.57075,0.57095,2.20,3.40
2009.02.03 11:22:06.176,0.57075,0.5709,2.20,3.40
2009.02.03 11:22:09.035,0.57065,0.5709,2.20,3.40
2009.02.03 11:22:09.655,0.5705,0.57085,11.00,3.40
2009.02.03 11:22:10.185,0.57055,0.57095,7.40,3.40
2009.02.03 11:22:10.515,0.57055,0.57085,1.00,3.40
2009.02.03 11:22:11.085,0.57055,0.57095,3.00,3.40
2009.02.03 11:22:11.475,0.5706,0.5709,1.00,3.40
2009.02.03 11:22:12.285,0.5706,0.5709,1.20,3.40
2009.02.03 11:22:12.585,0.5705,0.5709,11.00,3.40
2009.02.03 11:22:12.814,0.57055,0.5708,1.00,3.40
2009.02.03 11:22:13.205,0.57045,0.5708,4.00,3.40
2009.02.03 11:22:14.024,0.5705,0.5709,5.40,3.40
2009.02.03 11:22:14.354,0.57055,0.5709,3.00,3.40
2009.02.03 11:22:14.704,0.57055,0.57075,1.00,3.40
2009.02.03 11:22:18.883,0.5706,0.57075,2.20,3.40
2009.02.03 11:22:19.753,0.5706,0.57075,5.20,3.40
2009.02.03 11:22:24.042,0.57045,0.5706,11.20,3.40
2009.02.03 11:22:24.441,0.5705,0.5708,5.40,3.40
2009.02.03 11:22:25.701,0.5705,0.57065,5.40,3.40
2009.02.03 11:22:28.581,0.57065,0.5709,1.00,3.40
2009.02.03 11:22:28.811,0.57065,0.5708,1.00,3.40
2009.02.03 11:22:31.270,0.57055,0.5708,6.40,3.40
2009.02.03 11:22:31.930,0.57065,0.5708,2.20,3.40
2009.02.03 11:22:32.500,0.57055,0.5708,6.40,3.40
2009.02.03 11:22:33.650,0.5706,0.57075,5.40,3.40
2009.02.03 11:22:34.449,0.5706,0.57085,5.40,3.40
2009.02.03 11:22:37.088,0.57065,0.57095,1.00,3.40
2009.02.03 11:22:37.558,0.57065,0.57085,1.00,3.40
2009.02.03 11:22:38.298,0.5707,0.5711,5.20,10.40
2009.02.03 11:22:38.878,0.5707,0.571,2.40,3.40
2009.02.03 11:22:39.288,0.5707,0.571,1.00,3.40
2009.02.03 11:22:40.728,0.5707,0.57115,1.00,12.60
2009.02.03 11:22:41.488,0.5707,0.571,1.20,3.40
2009.02.03 11:22:42.008,0.5708,0.57115,5.20,10.40
2009.02.03 11:22:43.037,0.5708,0.57115,2.80,3.40
2009.02.03 11:22:43.677,0.5708,0.57115,3.00,3.40
2009.02.03 11:22:44.657,0.57095,0.57115,2.20,3.40
2009.02.03 11:22:45.127,0.57095,0.57105,2.20,3.40
2009.02.03 11:22:45.456,0.5707,0.5709,9.80,3.40
2009.02.03 11:22:46.256,0.57075,0.5709,2.40,3.40
2009.02.03 11:22:47.246,0.5708,0.57105,2.80,4.20
2009.02.03 11:22:47.816,0.5708,0.57095,2.20,3.40
2009.02.03 11:22:49.036,0.5707,0.5709,2.20,3.40
2009.02.03 11:22:49.496,0.57075,0.571,2.20,3.40
2009.02.03 11:22:49.896,0.57065,0.57095,5.20,3.40
2009.02.03 11:22:50.315,0.5707,0.5709,2.20,3.40
2009.02.03 11:22:51.685,0.5706,0.5709,5.40,3.40
2009.02.03 11:22:52.135,0.5707,0.5709,2.20,3.40
2009.02.03 11:22:52.595,0.5705,0.5708,8.40,3.40
2009.02.03 11:22:53.005,0.5705,0.5708,3.00,3.40
2009.02.03 11:22:53.575,0.5705,0.57075,1.00,3.40
2009.02.03 11:22:54.154,0.5704,0.57075,4.20,3.40
2009.02.03 11:22:54.444,0.57045,0.57085,3.00,5.20
2009.02.03 11:22:54.964,0.57065,0.57085,2.80,5.40
2009.02.03 11:22:55.765,0.5704,0.5707,5.20,3.40
2009.02.03 11:22:56.334,0.5704,0.57055,1.00,3.40
2009.02.03 11:22:56.574,0.5703,0.57055,5.40,3.40
2009.02.03 11:22:57.204,0.57035,0.57065,5.40,3.40
2009.02.03 11:22:57.973,0.57045,0.57065,5.20,3.40
2009.02.03 11:22:59.833,0.57045,0.5706,5.20,3.40
2009.02.03 11:23:00.123,0.57045,0.5706,2.80,3.40
2009.02.03 11:23:00.933,0.57045,0.5707,5.20,3.40
2009.02.03 11:23:02.273,0.57055,0.5707,5.20,3.40
2009.02.03 11:23:02.622,0.57055,0.5707,2.80,3.40
2009.02.03 11:23:03.522,0.5704,0.57065,5.40,3.40
2009.02.03 11:23:03.912,0.57045,0.5706,5.20,3.40
2009.02.03 11:23:04.322,0.5705,0.5707,5.20,3.40
2009.02.03 11:23:04.762,0.5704,0.57065,10.00,3.40
2009.02.03 11:23:05.292,0.5705,0.5706,2.20,3.40
2009.02.03 11:23:05.802,0.57055,0.57075,5.20,3.40
2009.02.03 11:23:06.601,0.57055,0.57075,5.20,3.40
2009.02.03 11:23:07.701,0.57045,0.5707,9.80,3.40
2009.02.03 11:23:10.660,0.57035,0.5707,17.20,3.40
2009.02.03 11:23:10.831,0.5704,0.5707,1.20,3.40
2009.02.03 11:23:11.180,0.5704,0.57065,1.20,3.40
2009.02.03 11:23:12.660,0.5704,0.57075,1.20,3.40
2009.02.03 11:23:14.569,0.5704,0.57065,1.20,3.40
2009.02.03 11:23:17.799,0.5704,0.57065,1.00,3.40
2009.02.03 11:23:18.678,0.57025,0.57065,10.80,3.40
2009.02.03 11:23:22.368,0.5703,0.5706,5.40,3.40
2009.02.03 11:23:23.537,0.5703,0.5705,2.20,3.40
2009.02.03 11:23:26.676,0.57015,0.5705,12.40,3.40
2009.02.03 11:23:27.246,0.57025,0.5705,2.20,3.40
2009.02.03 11:23:27.707,0.57015,0.5705,10.80,3.40
2009.02.03 11:23:28.636,0.5702,0.57045,3.00,3.40
2009.02.03 11:23:29.926,0.5703,0.57045,2.20,3.40
2009.02.03 11:23:31.086,0.5703,0.57045,5.20,3.40
2009.02.03 11:23:31.815,0.57015,0.5704,6.40,3.40
2009.02.03 11:23:32.215,0.5702,0.5704,5.40,3.40
2009.02.03 11:23:33.395,0.5702,0.5705,5.40,3.40
2009.02.03 11:23:36.814,0.57025,0.57045,2.20,3.40
2009.02.03 11:23:39.434,0.57015,0.57045,6.40,3.40
2009.02.03 11:23:39.553,0.5702,0.5704,3.00,3.40
2009.02.03 11:23:40.063,0.57025,0.5705,2.20,3.40
2009.02.03 11:23:49.851,0.57025,0.57045,5.20,3.40
2009.02.03 11:23:50.851,0.57025,0.5704,2.20,3.40
2009.02.03 11:23:54.250,0.5703,0.5705,2.20,3.40
2009.02.03 11:23:57.309,0.5702,0.57045,6.40,3.40
2009.02.03 11:24:00.629,0.57025,0.57045,5.40,3.40
2009.02.03 11:24:01.208,0.5703,0.57055,2.20,3.40
2009.02.03 11:24:01.728,0.5702,0.57045,8.00,3.40
2009.02.03 11:24:03.338,0.5703,0.57045,2.20,3.40
2009.02.03 11:24:04.467,0.5703,0.57045,5.20,3.40
2009.02.03 11:24:06.757,0.57045,0.57065,5.20,3.40
2009.02.03 11:24:07.167,0.57045,0.5706,10.00,3.40
2009.02.03 11:24:08.277,0.57045,0.5706,5.20,3.40
2009.02.03 11:24:08.637,0.57045,0.5706,10.00,3.40
2009.02.03 11:24:08.816,0.5703,0.57055,12.40,3.40
2009.02.03 11:24:18.304,0.5703,0.5705,5.40,3.40
2009.02.03 11:24:18.834,0.57035,0.5706,2.80,4.40
2009.02.03 11:24:19.764,0.57035,0.5705,2.80,3.40
2009.02.03 11:24:20.264,0.5704,0.5706,5.20,3.40
2009.02.03 11:24:20.723,0.5702,0.5705,9.80,3.40
2009.02.03 11:24:21.134,0.57025,0.5705,5.40,3.40
2009.02.03 11:24:24.633,0.5703,0.5705,2.20,3.40
2009.02.03 11:24:25.253,0.57035,0.5705,2.20,3.40
2009.02.03 11:24:25.652,0.57035,0.5706,2.20,3.40
2009.02.03 11:24:26.632,0.5702,0.57055,9.80,3.40
2009.02.03 11:24:27.332,0.57025,0.57055,3.00,3.40
2009.02.03 11:24:28.492,0.5703,0.5705,2.20,3.40
2009.02.03 11:24:28.723,0.57025,0.5706,5.40,3.40
2009.02.03 11:24:29.642,0.57025,0.57055,9.80,3.40
2009.02.03 11:24:30.631,0.57025,0.57055,5.40,3.40
2009.02.03 11:24:32.451,0.5703,0.5705,2.20,3.40
2009.02.03 11:24:33.720,0.5702,0.57045,5.20,3.40
2009.02.03 11:24:35.100,0.5703,0.57055,2.20,3.40
2009.02.03 11:24:38.189,0.5702,0.5705,5.20,3.40
2009.02.03 11:24:38.659,0.57025,0.57045,2.20,3.40
2009.02.03 11:24:39.119,0.5703,0.57045,2.20,3.40
2009.02.03 11:24:40.529,0.5702,0.57045,6.40,3.40
2009.02.03 11:24:41.329,0.5702,0.57045,5.40,3.40
2009.02.03 11:24:43.438,0.5703,0.57045,2.20,3.40
2009.02.03 11:24:43.618,0.5702,0.57045,15.60,3.40
2009.02.03 11:24:44.028,0.57025,0.57045,5.80,3.40
2009.02.03 11:24:44.898,0.5703,0.5706,5.20,4.40
2009.02.03 11:24:45.078,0.57035,0.57055,2.80,3.40
2009.02.03 11:24:45.417,0.57025,0.57055,6.40,3.40
2009.02.03 11:24:46.067,0.57035,0.57055,5.20,3.40
2009.02.03 11:24:47.367,0.57035,0.5705,2.80,3.40
2009.02.03 11:24:49.397,0.57035,0.5705,5.20,3.40
2009.02.03 11:24:49.517,0.57035,0.5706,10.00,4.40
2009.02.03 11:24:49.807,0.57035,0.57055,5.20,3.40
2009.02.03 11:24:50.156,0.5704,0.57055,2.80,3.40
2009.02.03 11:24:51.696,0.5704,0.57055,5.20,3.40
2009.02.03 11:24:51.926,0.5704,0.57055,2.20,3.40
2009.02.03 11:24:53.246,0.5703,0.57055,5.40,3.40
2009.02.03 11:24:55.005,0.57035,0.57055,10.00,3.40
2009.02.03 11:24:55.475,0.57035,0.57055,5.20,3.40
2009.02.03 11:24:55.815,0.5704,0.57055,2.20,3.40
2009.02.03 11:24:56.915,0.57045,0.57055,2.20,3.40
2009.02.03 11:24:58.124,0.57035,0.57055,5.20,3.40
2009.02.03 11:24:58.465,0.5704,0.5705,2.20,3.40
2009.02.03 11:24:58.824,0.5704,0.5706,2.20,3.40
2009.02.03 11:24:59.534,0.5704,0.5705,2.20,3.40
2009.02.03 11:25:00.994,0.5703,0.5705,5.40,3.40
2009.02.03 11:25:01.574,0.5704,0.5706,5.20,4.40
2009.02.03 11:25:01.803,0.57045,0.5706,5.20,3.40
2009.02.03 11:25:02.144,0.57045,0.5706,4.80,3.40
2009.02.03 11:25:02.204,0.57045,0.5706,2.80,3.40
2009.02.03 11:25:02.544,0.57045,0.5706,10.00,3.40
2009.02.03 11:25:02.654,0.57045,0.5706,7.00,3.40
2009.02.03 11:25:03.033,0.57045,0.5706,4.80,3.40
2009.02.03 11:25:03.673,0.57045,0.5706,10.00,3.40
2009.02.03 11:25:05.213,0.57045,0.5706,4.80,3.40
2009.02.03 11:25:05.673,0.57045,0.5706,10.00,3.40
2009.02.03 11:25:05.793,0.57045,0.5706,4.80,3.40
2009.02.03 11:25:06.202,0.57035,0.5706,12.80,3.40
2009.02.03 11:25:08.562,0.57045,0.5707,5.20,3.40
2009.02.03 11:25:12.371,0.5705,0.57065,2.80,3.40
2009.02.03 11:25:12.661,0.5704,0.57065,10.00,3.40
2009.02.03 11:25:13.411,0.57045,0.57065,2.80,3.40
2009.02.03 11:25:18.530,0.57045,0.57075,2.80,4.40
2009.02.03 11:25:18.870,0.5705,0.5707,2.20,3.40
2009.02.03 11:25:20.319,0.5705,0.5707,5.20,3.40
2009.02.03 11:25:21.199,0.57055,0.5708,2.20,3.40
2009.02.03 11:25:21.659,0.57055,0.5708,5.20,3.40
2009.02.03 11:25:22.069,0.57045,0.5707,9.80,3.40
2009.02.03 11:25:23.018,0.5706,0.5708,2.20,3.40
2009.02.03 11:25:24.988,0.5705,0.57075,5.00,3.40
2009.02.03 11:25:25.378,0.5705,0.5706,2.20,3.40
2009.02.03 11:25:25.818,0.5704,0.5706,8.00,3.40
2009.02.03 11:25:26.378,0.57045,0.57055,2.20,3.40
2009.02.03 11:25:26.848,0.5705,0.5707,5.20,3.40
2009.02.03 11:25:27.078,0.5705,0.57065,5.40,3.40
2009.02.03 11:25:27.568,0.5706,0.5708,2.20,3.40
2009.02.03 11:25:28.307,0.5706,0.5707,2.20,3.40
2009.02.03 11:25:28.657,0.5706,0.5708,2.20,3.40
2009.02.03 11:25:30.387,0.5705,0.57075,11.20,3.40
2009.02.03 11:25:30.797,0.5705,0.5707,2.80,3.40
2009.02.03 11:25:31.207,0.5704,0.5707,5.40,3.40
2009.02.03 11:25:32.376,0.57045,0.5708,3.00,3.40
2009.02.03 11:25:32.846,0.5705,0.5708,2.80,4.20
2009.02.03 11:25:33.286,0.5705,0.57075,2.20,3.40
2009.02.03 11:25:33.687,0.5705,0.57085,2.80,3.40
2009.02.03 11:25:34.386,0.5705,0.5708,3.00,3.40
2009.02.03 11:25:35.706,0.5707,0.5708,2.20,3.40
2009.02.03 11:25:36.115,0.5705,0.5708,12.40,3.40
2009.02.03 11:25:36.745,0.5705,0.5708,3.00,3.40
2009.02.03 11:25:37.315,0.5705,0.57075,1.00,3.40
2009.02.03 11:25:38.235,0.5704,0.5707,5.40,3.40
2009.02.03 11:25:38.825,0.57045,0.5708,3.00,3.40
2009.02.03 11:25:41.234,0.57045,0.5707,3.00,3.40
2009.02.03 11:25:41.394,0.57045,0.5707,5.40,3.40
2009.02.03 11:25:45.373,0.5705,0.5707,2.20,3.40
2009.02.03 11:25:51.372,0.5705,0.5707,5.20,3.40
2009.02.03 11:25:51.922,0.5705,0.57065,2.20,3.40
2009.02.03 11:25:52.132,0.57045,0.57075,5.40,3.40
2009.02.03 11:25:57.120,0.5705,0.5707,5.20,3.40
2009.02.03 11:25:59.010,0.5705,0.5707,2.80,3.40
2009.02.03 11:25:59.360,0.5704,0.57065,10.20,3.40
2009.02.03 11:25:59.650,0.5705,0.57075,2.80,4.40
2009.02.03 11:26:00.449,0.57055,0.5707,2.80,3.40
2009.02.03 11:26:01.479,0.57045,0.5707,9.80,4.20
2009.02.03 11:26:01.969,0.5705,0.5707,2.80,3.40
2009.02.03 11:26:03.009,0.57055,0.5707,2.80,3.40
2009.02.03 11:26:03.989,0.57055,0.5707,5.20,3.40
2009.02.03 11:26:04.329,0.5706,0.5708,2.80,3.40
2009.02.03 11:26:04.678,0.5705,0.5707,2.80,3.40
2009.02.03 11:26:05.259,0.57055,0.5708,5.20,4.20
2009.02.03 11:26:05.968,0.5706,0.57075,2.80,4.20
2009.02.03 11:26:06.198,0.5706,0.57075,2.80,8.20
2009.02.03 11:26:06.778,0.5705,0.57075,5.20,4.20
2009.02.03 11:26:07.298,0.5705,0.5707,2.80,3.40
2009.02.03 11:26:07.538,0.5705,0.5707,2.80,4.20
2009.02.03 11:26:07.828,0.57055,0.5708,5.20,16.80
2009.02.03 11:26:08.067,0.57055,0.57075,5.20,4.20
2009.02.03 11:26:09.237,0.57055,0.57075,2.80,4.20
2009.02.03 11:26:09.357,0.57055,0.57075,2.80,9.00
2009.02.03 11:26:10.117,0.57055,0.5707,2.80,3.40
2009.02.03 11:26:10.937,0.57045,0.5707,5.00,4.20
2009.02.03 11:26:11.977,0.5705,0.5707,2.80,3.40
2009.02.03 11:26:12.207,0.57055,0.5708,5.20,10.40
2009.02.03 11:26:15.136,0.5706,0.57075,2.80,3.40
2009.02.03 11:26:17.595,0.57065,0.5709,2.80,7.40
2009.02.03 11:26:18.405,0.57055,0.5708,10.00,3.40
2009.02.03 11:26:18.525,0.57065,0.5709,2.80,5.80
2009.02.03 11:26:19.445,0.5707,0.5709,2.80,3.40
2009.02.03 11:26:19.905,0.5707,0.57085,2.80,3.40
2009.02.03 11:26:20.205,0.5707,0.57095,2.80,4.40
2009.02.03 11:26:21.005,0.5707,0.5709,2.80,4.20
2009.02.03 11:26:21.285,0.5707,0.57085,2.80,3.40
2009.02.03 11:26:21.744,0.57055,0.5708,5.40,3.40
2009.02.03 11:26:22.074,0.5706,0.57075,2.80,3.40
2009.02.03 11:26:22.474,0.57065,0.57085,2.80,6.20
2009.02.03 11:26:24.414,0.57065,0.57085,2.80,3.40
2009.02.03 11:26:26.463,0.5707,0.57085,2.80,3.40
2009.02.03 11:26:26.743,0.5706,0.57085,5.00,3.40
2009.02.03 11:26:27.753,0.5707,0.57085,2.80,3.40
2009.02.03 11:26:28.093,0.5707,0.57095,2.80,3.40
2009.02.03 11:26:28.563,0.57075,0.5709,2.80,3.40
2009.02.03 11:26:28.972,0.57075,0.571,2.80,9.60
2009.02.03 11:26:31.962,0.5708,0.571,2.80,3.40
2009.02.03 11:26:32.312,0.5707,0.57095,5.00,3.40
2009.02.03 11:26:33.052,0.5707,0.5709,5.20,3.40
2009.02.03 11:26:33.442,0.5707,0.5709,2.80,3.40
2009.02.03 11:26:36.251,0.57045,0.5709,5.60,9.60
2009.02.03 11:26:36.661,0.5705,0.5708,3.00,3.40
2009.02.03 11:26:37.070,0.5704,0.57075,7.40,3.40
2009.02.03 11:26:37.411,0.57045,0.57075,2.80,9.60
2009.02.03 11:26:40.160,0.57055,0.57075,2.80,6.20
2009.02.03 11:26:40.890,0.57055,0.57085,2.80,10.60
2009.02.03 11:26:41.759,0.57055,0.5708,2.80,3.40
2009.02.03 11:26:44.499,0.57055,0.5708,5.20,3.40
2009.02.03 11:26:44.919,0.57055,0.57075,2.80,3.40
2009.02.03 11:26:45.738,0.57055,0.57085,2.80,10.40
2009.02.03 11:26:46.428,0.57055,0.5708,5.20,3.40
2009.02.03 11:26:46.598,0.57055,0.5708,2.80,3.40
2009.02.03 11:26:47.158,0.57055,0.5708,5.20,3.40
2009.02.03 11:26:47.448,0.5706,0.5709,2.80,10.40
2009.02.03 11:26:48.768,0.57065,0.57085,2.80,3.40
2009.02.03 11:26:54.956,0.57055,0.5708,5.00,3.40
2009.02.03 11:26:59.765,0.57075,0.57095,2.80,6.20
2009.02.03 11:27:00.165,0.5708,0.57095,2.80,1.60
2009.02.03 11:27:00.865,0.5708,0.5711,2.80,7.40
2009.02.03 11:27:01.255,0.57085,0.5711,2.80,4.20
2009.02.03 11:27:01.365,0.57075,0.57105,1.20,3.40
2009.02.03 11:27:01.724,0.5708,0.57105,1.00,3.40
2009.02.03 11:27:04.494,0.5708,0.571,1.00,3.40
2009.02.03 11:27:04.964,0.57065,0.571,6.40,3.40
2009.02.03 11:27:05.424,0.57065,0.571,5.40,3.40
2009.02.03 11:27:06.354,0.57065,0.571,1.00,3.40
2009.02.03 11:27:07.003,0.57065,0.571,3.00,3.40
2009.02.03 11:27:07.293,0.57065,0.571,5.40,3.40
2009.02.03 11:27:07.813,0.57065,0.57095,2.40,3.40
2009.02.03 11:27:08.273,0.57065,0.57095,5.40,3.40
2009.02.03 11:27:08.623,0.57065,0.57095,1.00,3.40
2009.02.03 11:27:09.963,0.57055,0.57095,6.40,3.40
2009.02.03 11:27:10.263,0.5706,0.5709,1.00,3.40
2009.02.03 11:27:11.182,0.57065,0.571,5.20,10.40
2009.02.03 11:27:11.712,0.57065,0.5711,2.80,11.40
2009.02.03 11:27:12.972,0.57065,0.57105,3.00,9.60
2009.02.03 11:27:14.132,0.57065,0.571,1.00,3.40
2009.02.03 11:27:15.851,0.57065,0.57095,1.00,1.00
2009.02.03 11:27:16.251,0.57055,0.57095,6.40,1.00
2009.02.03 11:27:19.820,0.57065,0.5711,3.00,12.20
2009.02.03 11:27:20.170,0.57065,0.57105,5.40,1.80
2009.02.03 11:27:20.681,0.5707,0.57115,2.80,18.60
2009.02.03 11:27:21.200,0.5707,0.571,1.00,1.00
2009.02.03 11:27:21.660,0.57065,0.57115,3.00,18.80
2009.02.03 11:27:24.049,0.57065,0.57105,3.00,6.20
2009.02.03 11:27:25.379,0.57065,0.57095,3.00,1.00
2009.02.03 11:27:25.849,0.57065,0.57095,1.00,1.00
2009.02.03 11:27:26.009,0.57065,0.5711,3.00,12.20
2009.02.03 11:27:26.409,0.57065,0.5711,3.00,12.40
2009.02.03 11:27:26.579,0.57075,0.5711,2.20,6.20
2009.02.03 11:27:27.678,0.57075,0.5711,2.20,4.20
2009.02.03 11:27:28.148,0.57075,0.5711,5.20,1.00
2009.02.03 11:27:28.528,0.5708,0.5712,5.40,12.40
2009.02.03 11:27:28.828,0.5708,0.57115,3.00,1.80
2009.02.03 11:27:29.408,0.5708,0.57115,1.00,1.00
2009.02.03 11:27:30.398,0.5708,0.57125,3.00,12.40
2009.02.03 11:27:30.798,0.5708,0.57115,1.00,1.00
2009.02.03 11:27:34.127,0.5708,0.57115,2.40,1.00
2009.02.03 11:27:34.587,0.57085,0.57125,2.80,12.40
2009.02.03 11:27:34.877,0.57095,0.57125,2.80,7.00
2009.02.03 11:27:35.277,0.57095,0.57135,2.80,11.40
2009.02.03 11:27:35.957,0.5708,0.5712,7.40,9.60
2009.02.03 11:27:36.466,0.5708,0.57115,2.80,3.40
2009.02.03 11:27:36.526,0.5708,0.57115,2.80,9.60
2009.02.03 11:27:38.026,0.5709,0.57125,2.80,15.20
2009.02.03 11:27:38.426,0.5708,0.5712,3.00,9.60
2009.02.03 11:27:39.896,0.5709,0.5713,2.80,11.60
2009.02.03 11:27:40.375,0.5709,0.57125,2.80,9.60
2009.02.03 11:27:41.355,0.57095,0.57125,2.80,6.20
2009.02.03 11:27:41.875,0.5708,0.5712,3.00,3.40
2009.02.03 11:27:42.655,0.5709,0.5713,2.80,11.60
2009.02.03 11:27:42.885,0.5709,0.57125,2.80,9.60
2009.02.03 11:27:47.304,0.57095,0.57125,2.80,6.20
2009.02.03 11:27:47.653,0.57095,0.57135,2.80,12.40
2009.02.03 11:27:49.663,0.57095,0.5713,5.20,9.60
2009.02.03 11:27:49.783,0.57095,0.5713,2.80,9.60
2009.02.03 11:27:50.203,0.57095,0.5714,2.80,11.60
2009.02.03 11:27:50.853,0.57095,0.57135,2.80,8.20
2009.02.03 11:27:51.143,0.57095,0.57135,2.80,6.20
2009.02.03 11:27:52.292,0.57095,0.57135,2.80,11.60
2009.02.03 11:27:52.833,0.57105,0.57135,2.20,5.40
2009.02.03 11:27:53.222,0.57105,0.57135,2.80,1.80
2009.02.03 11:27:53.612,0.57105,0.57145,5.20,14.40
2009.02.03 11:27:54.062,0.57105,0.5714,2.80,9.60
2009.02.03 11:27:54.702,0.57105,0.5714,5.20,12.40
2009.02.03 11:27:55.462,0.57105,0.57135,5.20,1.80
2009.02.03 11:27:55.572,0.57105,0.57135,5.20,6.20
2009.02.03 11:27:55.921,0.57105,0.57135,2.80,6.20
2009.02.03 11:27:56.281,0.57105,0.57135,5.20,6.20
2009.02.03 11:27:56.921,0.5711,0.57145,2.20,14.40
2009.02.03 11:27:57.251,0.571,0.57135,5.20,9.60
2009.02.03 11:28:00.971,0.57105,0.57135,2.80,9.60
2009.02.03 11:28:01.141,0.57095,0.57135,5.00,9.60
2009.02.03 11:28:01.940,0.57105,0.57145,5.20,14.40
2009.02.03 11:28:02.640,0.57105,0.5714,2.80,9.60
2009.02.03 11:28:03.340,0.57105,0.57135,5.20,9.60
2009.02.03 11:28:03.740,0.5709,0.5713,3.00,9.60
2009.02.03 11:28:06.069,0.571,0.5713,2.80,6.20
2009.02.03 11:28:07.209,0.57105,0.5713,2.20,6.20
2009.02.03 11:28:07.549,0.57105,0.5714,5.20,10.60
2009.02.03 11:28:08.438,0.57095,0.5713,5.40,4.20
2009.02.03 11:28:09.408,0.571,0.5713,2.20,4.20
2009.02.03 11:28:12.837,0.57105,0.5713,2.20,3.40
2009.02.03 11:28:13.527,0.57105,0.5714,2.20,10.60
2009.02.03 11:28:14.167,0.57105,0.57135,2.20,3.40
2009.02.03 11:28:14.527,0.57095,0.57135,11.20,3.40
2009.02.03 11:28:14.927,0.571,0.5713,2.20,3.40
2009.02.03 11:28:15.627,0.57105,0.5714,2.80,12.40
2009.02.03 11:28:16.267,0.57105,0.5713,2.80,1.00
2009.02.03 11:28:16.496,0.57095,0.5713,10.00,4.20
2009.02.03 11:28:17.816,0.571,0.57125,5.20,3.40
2009.02.03 11:28:18.216,0.571,0.57125,2.80,3.40
2009.02.03 11:28:19.826,0.5709,0.57125,5.20,4.20
2009.02.03 11:28:20.466,0.571,0.57125,2.80,4.20
2009.02.03 11:28:20.646,0.571,0.57125,2.80,3.40
2009.02.03 11:28:21.006,0.571,0.57135,2.80,11.60
2009.02.03 11:28:21.535,0.5709,0.5713,3.00,9.60
2009.02.03 11:28:21.985,0.571,0.5713,2.80,6.20
2009.02.03 11:28:23.845,0.57085,0.57125,9.60,3.40
2009.02.03 11:28:24.605,0.5709,0.57125,2.80,9.60
2009.02.03 11:28:25.175,0.5709,0.57115,5.20,3.40
2009.02.03 11:28:25.884,0.5709,0.57115,2.20,9.60
2009.02.03 11:28:26.404,0.57075,0.5711,7.80,9.60
2009.02.03 11:28:28.404,0.5709,0.5711,2.80,7.00
2009.02.03 11:28:28.874,0.5709,0.5711,2.80,6.20
2009.02.03 11:28:30.623,0.5708,0.571,2.80,4.20
2009.02.03 11:28:30.983,0.5708,0.57095,2.80,3.40
2009.02.03 11:28:31.093,0.57075,0.57105,5.20,13.80
2009.02.03 11:28:31.323,0.5708,0.57105,2.20,13.00
2009.02.03 11:28:31.563,0.5708,0.57105,2.20,6.20
2009.02.03 11:28:33.052,0.5707,0.57105,5.20,6.20
2009.02.03 11:28:33.232,0.57075,0.57105,2.20,9.60
2009.02.03 11:28:34.282,0.57075,0.57105,2.20,3.40
2009.02.03 11:28:34.512,0.5708,0.57115,2.20,12.40
2009.02.03 11:28:39.831,0.5707,0.5711,5.20,9.60
2009.02.03 11:28:43.560,0.5708,0.5711,5.20,6.20
2009.02.03 11:28:43.920,0.5707,0.5711,5.20,9.60
2009.02.03 11:28:44.450,0.57075,0.571,2.80,3.40
2009.02.03 11:28:44.870,0.57075,0.571,5.20,3.40
2009.02.03 11:28:45.260,0.57065,0.571,5.00,9.60
2009.02.03 11:28:46.139,0.57075,0.571,2.80,3.40
2009.02.03 11:28:46.799,0.57075,0.571,5.20,3.40
2009.02.03 11:28:47.079,0.57075,0.5711,2.80,11.60
2009.02.03 11:28:47.519,0.5708,0.5711,2.80,9.60
2009.02.03 11:28:48.389,0.5707,0.57105,5.40,4.20
2009.02.03 11:28:48.899,0.57075,0.57105,2.80,9.60
2009.02.03 11:28:50.448,0.5708,0.57105,5.20,6.20
2009.02.03 11:28:50.858,0.5708,0.571,2.80,1.00
2009.02.03 11:28:51.318,0.57065,0.5709,5.40,3.40
2009.02.03 11:28:51.668,0.5707,0.5709,2.80,3.40
2009.02.03 11:28:52.988,0.5709,0.57115,2.80,18.80
2009.02.03 11:28:56.317,0.5709,0.57105,2.80,3.40
2009.02.03 11:28:56.557,0.5709,0.57115,2.80,17.20
2009.02.03 11:28:57.437,0.5709,0.571,2.80,1.00
2009.02.03 11:29:02.365,0.5709,0.57115,2.80,17.20
2009.02.03 11:29:02.585,0.5709,0.57105,2.80,3.40
2009.02.03 11:29:03.385,0.5709,0.57115,2.80,15.20
2009.02.03 11:29:05.505,0.5709,0.57105,2.80,3.40
2009.02.03 11:29:06.035,0.57075,0.57105,2.80,8.20
2009.02.03 11:29:06.545,0.5708,0.57105,2.80,7.00
2009.02.03 11:29:07.005,0.5708,0.57115,2.80,12.40
2009.02.03 11:29:07.294,0.5708,0.5711,2.80,3.40
2009.02.03 11:29:15.062,0.57085,0.5711,2.20,3.40
2009.02.03 11:29:18.391,0.57085,0.5711,2.20,5.40
2009.02.03 11:29:18.971,0.57085,0.5711,5.20,5.40
2009.02.03 11:29:19.551,0.57085,0.5711,5.20,3.40
2009.02.03 11:29:20.021,0.57085,0.5711,2.80,3.40
2009.02.03 11:29:21.571,0.57085,0.571,2.80,1.00
2009.02.03 11:29:22.960,0.57085,0.57115,2.80,14.20
2009.02.03 11:29:24.060,0.5709,0.5711,2.20,3.40
2009.02.03 11:29:24.330,0.57095,0.57125,2.80,19.20
2009.02.03 11:29:24.390,0.57095,0.57115,2.80,4.20
2009.02.03 11:29:24.850,0.57095,0.57115,2.80,1.00
2009.02.03 11:29:25.190,0.57095,0.57125,2.80,10.40
2009.02.03 11:29:27.109,0.57095,0.5712,2.80,4.20
2009.02.03 11:29:27.629,0.57105,0.5713,2.80,10.60
2009.02.03 11:29:28.069,0.5709,0.57115,5.20,3.40
2009.02.03 11:29:28.829,0.5709,0.57115,2.80,4.20
2009.02.03 11:29:29.249,0.5709,0.57115,2.80,3.40
2009.02.03 11:29:30.059,0.57105,0.57125,2.80,13.40
2009.02.03 11:29:30.229,0.57095,0.5712,2.80,3.40
2009.02.03 11:29:30.629,0.57095,0.57115,2.80,3.40
2009.02.03 11:29:31.198,0.57085,0.57115,2.80,3.40
2009.02.03 11:29:31.428,0.5709,0.5711,2.80,3.40
2009.02.03 11:29:31.888,0.5709,0.5711,2.80,4.20
2009.02.03 11:29:32.218,0.57075,0.57105,5.00,4.20
2009.02.03 11:29:32.458,0.57085,0.57105,2.80,4.20
2009.02.03 11:29:33.098,0.5709,0.57115,2.80,12.40
2009.02.03 11:29:33.608,0.5708,0.5711,2.80,5.40
2009.02.03 11:29:33.998,0.5709,0.5712,2.80,14.40
2009.02.03 11:29:34.458,0.5709,0.57105,2.80,3.40
2009.02.03 11:29:34.798,0.5709,0.57115,2.80,12.40
2009.02.03 11:29:35.937,0.5708,0.5711,2.80,3.40
2009.02.03 11:29:37.267,0.571,0.57125,2.80,16.20
2009.02.03 11:29:37.827,0.571,0.5712,2.80,3.40
2009.02.03 11:29:38.347,0.5709,0.57115,2.80,3.40
2009.02.03 11:29:38.687,0.57095,0.5711,2.80,3.40
2009.02.03 11:29:39.207,0.57085,0.5711,2.80,3.40
2009.02.03 11:29:40.176,0.57085,0.5711,2.80,10.40
2009.02.03 11:29:40.586,0.57075,0.57095,2.80,4.20
2009.02.03 11:29:40.946,0.5709,0.57115,2.80,15.20
2009.02.03 11:29:44.705,0.5709,0.57105,2.80,3.40
2009.02.03 11:29:48.154,0.5709,0.57115,2.80,15.20
2009.02.03 11:29:50.334,0.5709,0.57105,2.80,3.40
2009.02.03 11:29:50.754,0.5709,0.57115,2.80,15.20
2009.02.03 11:29:52.693,0.5708,0.57105,2.80,3.40
2009.02.03 11:29:53.263,0.5709,0.57115,2.80,17.20
2009.02.03 11:29:54.713,0.57095,0.5711,2.80,3.40
2009.02.03 11:30:00.811,0.57085,0.5711,5.00,3.40
2009.02.03 11:30:01.171,0.57095,0.5711,2.80,3.40
2009.02.03 11:30:02.181,0.57085,0.5711,2.80,3.40
2009.02.03 11:30:03.581,0.57095,0.5711,2.80,3.40
2009.02.03 11:30:04.080,0.57085,0.5711,2.80,3.40
2009.02.03 11:30:06.840,0.571,0.5712,2.80,10.40
2009.02.03 11:30:07.230,0.5709,0.5711,2.80,3.40
2009.02.03 11:30:07.920,0.57105,0.57125,2.80,17.20
2009.02.03 11:30:09.419,0.57105,0.57125,2.80,3.40
2009.02.03 11:30:09.759,0.57095,0.5712,7.60,3.40
2009.02.03 11:30:13.288,0.57105,0.5713,2.80,10.40
2009.02.03 11:30:14.088,0.57105,0.57125,2.80,4.20
2009.02.03 11:30:15.148,0.57105,0.57125,2.80,3.40
2009.02.03 11:30:15.628,0.57095,0.57125,2.80,3.40
2009.02.03 11:30:17.137,0.57105,0.57125,2.80,4.20
2009.02.03 11:30:17.497,0.57105,0.57135,2.80,12.40
2009.02.03 11:30:18.137,0.57105,0.5713,2.80,4.20
2009.02.03 11:30:18.887,0.57105,0.5713,2.80,10.40
2009.02.03 11:30:19.727,0.57105,0.57125,2.80,3.40
2009.02.03 11:30:20.247,0.5709,0.5712,5.00,3.40
2009.02.03 11:30:20.546,0.57095,0.57115,2.80,3.40
2009.02.03 11:30:21.047,0.57085,0.5711,5.00,3.40
2009.02.03 11:30:21.556,0.57095,0.5712,2.80,4.40
2009.02.03 11:30:21.836,0.57085,0.57115,2.80,3.40
2009.02.03 11:30:23.486,0.5709,0.5711,2.80,3.40
2009.02.03 11:30:24.306,0.57095,0.5712,2.80,10.40
2009.02.03 11:30:24.655,0.57095,0.57115,2.80,3.40
2009.02.03 11:30:26.065,0.57095,0.57125,2.80,10.40
2009.02.03 11:30:26.345,0.57085,0.5711,5.00,3.40
2009.02.03 11:30:28.305,0.57095,0.5712,2.80,10.40
2009.02.03 11:30:29.804,0.57095,0.57105,2.80,1.00
2009.02.03 11:30:30.284,0.5708,0.57105,5.00,3.40
2009.02.03 11:30:30.694,0.57085,0.57115,2.80,10.40
2009.02.03 11:30:31.364,0.5709,0.5711,2.80,3.40
2009.02.03 11:30:31.774,0.5708,0.5711,5.00,4.20
2009.02.03 11:30:32.644,0.5709,0.5711,2.80,3.40
2009.02.03 11:30:33.554,0.5709,0.5712,2.80,10.40
2009.02.03 11:30:33.723,0.5708,0.5711,5.00,4.20
2009.02.03 11:30:36.773,0.57095,0.5711,2.80,1.00
2009.02.03 11:30:37.253,0.57095,0.5712,2.80,10.40
2009.02.03 11:30:38.062,0.57095,0.5711,2.80,3.40
2009.02.03 11:30:39.332,0.5711,0.5713,2.80,7.40
2009.02.03 11:30:40.252,0.57115,0.5714,2.80,4.20
2009.02.03 11:30:41.601,0.57115,0.5713,2.80,1.00
2009.02.03 11:30:42.162,0.5711,0.5714,2.80,4.20
2009.02.03 11:30:43.781,0.57115,0.57135,2.80,3.40
2009.02.03 11:30:44.521,0.57115,0.57145,2.80,4.20
2009.02.03 11:30:44.861,0.57115,0.5714,2.80,3.40
2009.02.03 11:30:46.370,0.57105,0.5714,5.20,4.20
2009.02.03 11:30:46.830,0.57125,0.5715,2.80,10.40
2009.02.03 11:30:47.170,0.57115,0.5714,7.00,3.40
2009.02.03 11:30:47.870,0.57105,0.5714,5.20,4.20
2009.02.03 11:30:49.399,0.5711,0.5714,3.00,3.40
2009.02.03 11:30:49.630,0.57115,0.5714,2.80,3.40
2009.02.03 11:30:51.689,0.57105,0.5714,10.80,4.20
2009.02.03 11:30:52.199,0.57115,0.5715,2.80,10.40
2009.02.03 11:30:53.019,0.57115,0.5714,2.80,1.00
2009.02.03 11:30:53.259,0.57105,0.5714,6.40,4.20
2009.02.03 11:30:53.808,0.57115,0.5714,2.80,3.40
2009.02.03 11:30:54.458,0.57115,0.57135,2.80,3.40
2009.02.03 11:30:55.498,0.57105,0.5713,5.20,3.40
2009.02.03 11:30:56.608,0.57105,0.5713,3.00,3.40
2009.02.03 11:30:58.507,0.57115,0.5714,2.80,4.40
2009.02.03 11:31:02.916,0.571,0.57135,9.80,3.40
2009.02.03 11:31:04.206,0.5711,0.57135,2.20,3.40
2009.02.03 11:31:04.716,0.571,0.57135,5.20,9.60
2009.02.03 11:31:05.126,0.57105,0.5713,2.80,3.40
2009.02.03 11:31:11.184,0.57095,0.5713,5.20,3.40
2009.02.03 11:31:11.644,0.57105,0.5713,2.80,3.40
2009.02.03 11:31:15.983,0.57095,0.5713,5.20,3.40
2009.02.03 11:31:16.323,0.57105,0.5713,2.80,3.40
2009.02.03 11:31:16.963,0.5709,0.57115,9.60,3.40
2009.02.03 11:31:18.283,0.57095,0.5711,2.80,4.20
2009.02.03 11:31:18.733,0.5708,0.57105,2.80,3.40
2009.02.03 11:31:19.492,0.5708,0.571,2.80,3.40
2009.02.03 11:31:19.892,0.5707,0.57095,5.20,3.40
2009.02.03 11:31:21.582,0.5708,0.5709,2.20,3.40
2009.02.03 11:31:21.752,0.57085,0.5711,2.80,4.40
2009.02.03 11:31:22.512,0.57085,0.57105,5.20,3.40
2009.02.03 11:31:23.391,0.5709,0.57115,2.80,9.00
2009.02.03 11:31:23.791,0.5708,0.571,5.20,3.40
2009.02.03 11:31:24.311,0.57095,0.57115,2.80,3.40
2009.02.03 11:31:25.331,0.57095,0.57115,2.80,3.40
2009.02.03 11:31:27.331,0.57085,0.57105,9.60,3.40
2009.02.03 11:31:29.380,0.571,0.57125,2.80,8.20
2009.02.03 11:31:29.660,0.57105,0.57125,2.80,3.40
2009.02.03 11:31:33.509,0.57095,0.57115,5.00,3.40
2009.02.03 11:31:34.888,0.5708,0.571,12.20,3.40
2009.02.03 11:31:35.448,0.57085,0.571,2.80,3.40
2009.02.03 11:31:36.049,0.57085,0.5711,2.80,4.40
2009.02.03 11:31:36.568,0.5709,0.5711,2.80,3.40
2009.02.03 11:31:37.148,0.5709,0.57105,2.80,1.00
2009.02.03 11:31:37.668,0.5708,0.57105,5.20,3.40
2009.02.03 11:31:38.418,0.57085,0.57105,2.80,4.20
2009.02.03 11:31:38.828,0.57085,0.57105,2.80,3.40
2009.02.03 11:31:39.607,0.5709,0.57115,2.80,4.20
2009.02.03 11:31:40.917,0.5708,0.57105,2.80,3.40
2009.02.03 11:31:41.677,0.5708,0.57095,2.80,3.40
2009.02.03 11:31:42.357,0.5708,0.57105,2.80,4.40
2009.02.03 11:31:42.877,0.57095,0.57115,2.80,5.20
2009.02.03 11:31:44.536,0.57095,0.5711,5.20,3.40
2009.02.03 11:31:45.166,0.571,0.5712,2.80,10.40
2009.02.03 11:31:45.617,0.5709,0.5711,5.00,3.40
2009.02.03 11:31:45.946,0.571,0.5712,2.80,4.40
2009.02.03 11:31:47.286,0.5709,0.5711,5.00,3.40
2009.02.03 11:31:49.675,0.571,0.5712,2.80,4.40
2009.02.03 11:31:52.024,0.5708,0.571,11.20,3.40
2009.02.03 11:31:52.374,0.5708,0.57095,5.40,3.40
2009.02.03 11:31:52.714,0.5708,0.57095,5.20,3.40
2009.02.03 11:31:53.604,0.5708,0.57095,2.80,3.40
2009.02.03 11:31:54.184,0.5707,0.5709,5.40,3.40
2009.02.03 11:31:54.524,0.57075,0.571,5.40,3.40
2009.02.03 11:31:56.424,0.5708,0.57095,2.80,3.40
2009.02.03 11:31:56.663,0.5708,0.57095,5.20,3.40
2009.02.03 11:31:58.183,0.5707,0.57095,5.40,3.40
2009.02.03 11:31:59.023,0.57075,0.5709,5.40,3.40
2009.02.03 11:31:59.263,0.57085,0.57105,5.40,3.40
2009.02.03 11:32:00.003,0.5709,0.57105,5.20,3.40
2009.02.03 11:32:00.402,0.5709,0.5712,5.20,4.20
2009.02.03 11:32:01.842,0.5709,0.57115,5.20,3.40
2009.02.03 11:32:02.402,0.5709,0.57125,2.80,18.40
2009.02.03 11:32:02.792,0.5709,0.57115,2.80,3.40
2009.02.03 11:32:02.952,0.5708,0.57115,3.00,3.40
2009.02.03 11:32:03.182,0.571,0.5713,2.80,16.80
2009.02.03 11:32:03.992,0.571,0.5713,2.80,4.20
2009.02.03 11:32:05.921,0.5709,0.5713,5.20,4.20
2009.02.03 11:32:06.391,0.57095,0.57125,2.80,3.40
2009.02.03 11:32:07.091,0.57095,0.57125,2.80,4.20
2009.02.03 11:32:08.350,0.57095,0.57115,2.80,3.40
2009.02.03 11:32:08.851,0.57085,0.57115,9.80,3.40
2009.02.03 11:32:12.329,0.57085,0.5711,9.60,3.40
2009.02.03 11:32:12.909,0.57075,0.5711,9.80,3.40
2009.02.03 11:32:13.129,0.5708,0.5711,3.00,3.40
2009.02.03 11:32:17.028,0.57085,0.5712,2.80,3.40
2009.02.03 11:32:19.458,0.5709,0.57115,2.80,3.40
2009.02.03 11:32:19.689,0.5709,0.5711,2.80,3.40
2009.02.03 11:32:20.378,0.5709,0.5711,3.00,3.40
2009.02.03 11:32:20.837,0.5709,0.57125,3.00,7.40
2009.02.03 11:32:22.687,0.57095,0.5712,3.00,3.40
2009.02.03 11:32:23.657,0.57095,0.57115,1.00,3.40
2009.02.03 11:32:24.597,0.57085,0.57115,15.60,3.40
2009.02.03 11:32:25.426,0.57095,0.57115,2.20,3.40
2009.02.03 11:32:25.896,0.57095,0.57115,2.80,3.40
2009.02.03 11:32:26.726,0.57085,0.57115,14.60,3.40
2009.02.03 11:32:30.035,0.5709,0.57115,5.40,3.40
2009.02.03 11:32:30.445,0.571,0.5713,5.20,3.40
2009.02.03 11:32:31.755,0.571,0.57115,5.20,3.40
2009.02.03 11:32:32.215,0.571,0.57115,2.80,3.40
2009.02.03 11:32:32.384,0.5709,0.57115,10.00,3.40
2009.02.03 11:32:32.845,0.57095,0.57115,2.80,3.40
2009.02.03 11:32:33.814,0.5708,0.5711,5.20,3.40
2009.02.03 11:32:34.164,0.57085,0.5712,2.80,3.40
2009.02.03 11:32:35.724,0.5709,0.57115,2.20,3.40
2009.02.03 11:32:35.894,0.5709,0.57115,5.20,3.40
2009.02.03 11:32:38.023,0.5708,0.57115,5.20,3.40
2009.02.03 11:32:40.353,0.57085,0.571,2.80,1.00
2009.02.03 11:32:40.703,0.5707,0.57095,12.40,3.40
2009.02.03 11:32:41.163,0.57075,0.57095,5.40,3.40
2009.02.03 11:32:41.742,0.5708,0.57095,2.80,3.40
2009.02.03 11:32:42.072,0.5707,0.5709,9.60,3.40
2009.02.03 11:32:42.302,0.57075,0.571,5.20,4.40
2009.02.03 11:32:43.064,0.57095,0.57115,2.80,7.40
2009.02.03 11:32:43.282,0.57085,0.5711,5.00,4.20
2009.02.03 11:32:44.122,0.5708,0.5712,2.80,10.40
2009.02.03 11:32:45.532,0.5707,0.571,9.80,3.40
2009.02.03 11:32:46.102,0.57075,0.5709,3.00,3.40
2009.02.03 11:32:46.851,0.57075,0.5709,2.80,3.40
2009.02.03 11:32:48.541,0.5708,0.5711,2.80,12.60
2009.02.03 11:32:48.661,0.5707,0.571,9.80,3.40
2009.02.03 11:32:48.961,0.57075,0.57115,5.40,10.40
2009.02.03 11:32:49.131,0.57085,0.5711,2.80,4.20
2009.02.03 11:32:49.841,0.5707,0.57095,2.80,1.00
2009.02.03 11:32:50.370,0.57075,0.5711,2.80,10.40
2009.02.03 11:32:50.490,0.57075,0.571,2.80,4.20
2009.02.03 11:32:51.970,0.57075,0.5711,2.80,10.40
2009.02.03 11:32:52.310,0.57075,0.57105,5.20,3.40
2009.02.03 11:32:52.660,0.5708,0.57115,2.80,10.40
2009.02.03 11:32:53.830,0.5707,0.57105,5.40,3.40
2009.02.03 11:32:54.289,0.57075,0.57105,2.80,4.20
2009.02.03 11:32:55.369,0.57075,0.57095,2.80,3.40
2009.02.03 11:32:56.029,0.5708,0.57095,2.20,3.40
2009.02.03 11:32:56.499,0.57085,0.57105,2.80,3.40
2009.02.03 11:32:58.178,0.5709,0.57105,2.80,3.40
2009.02.03 11:32:58.578,0.57075,0.57105,5.20,3.40
2009.02.03 11:33:00.928,0.571,0.57105,2.20,3.40
2009.02.03 11:33:01.208,0.57105,0.57125,2.80,10.40
2009.02.03 11:33:06.106,0.5709,0.5711,6.20,3.40
2009.02.03 11:33:09.726,0.5709,0.5711,5.20,3.40
2009.02.03 11:33:10.066,0.5709,0.57105,5.20,3.40
2009.02.03 11:33:10.886,0.57095,0.57115,5.20,3.40
2009.02.03 11:33:11.295,0.571,0.57125,5.20,3.40
2009.02.03 11:33:11.935,0.5712,0.5714,5.20,3.40
2009.02.03 11:33:13.005,0.5712,0.57135,2.80,3.40
2009.02.03 11:33:13.825,0.5712,0.57135,5.20,3.40
2009.02.03 11:33:14.455,0.5711,0.5713,4.20,3.40
2009.02.03 11:33:14.914,0.57095,0.5713,9.60,3.40
2009.02.03 11:33:15.444,0.571,0.5712,3.00,3.40
2009.02.03 11:33:15.974,0.571,0.5712,2.80,3.40
2009.02.03 11:33:23.772,0.5709,0.57115,5.20,3.40
2009.02.03 11:33:26.022,0.5709,0.5711,2.80,3.40
2009.02.03 11:33:26.542,0.57095,0.5712,2.80,3.40
2009.02.03 11:33:27.111,0.57085,0.5711,5.20,3.40
2009.02.03 11:33:27.451,0.57085,0.5711,10.00,3.40
2009.02.03 11:33:27.741,0.57085,0.5711,5.20,3.40
2009.02.03 11:33:29.181,0.5709,0.5711,2.20,3.40
2009.02.03 11:33:30.611,0.5708,0.5711,5.40,3.40
2009.02.03 11:33:32.620,0.57085,0.571,2.80,3.40
2009.02.03 11:33:34.390,0.5709,0.5711,5.20,4.40
2009.02.03 11:33:37.129,0.5709,0.571,2.20,3.40
2009.02.03 11:33:37.299,0.5708,0.571,5.20,3.40
2009.02.03 11:33:37.979,0.57085,0.57115,2.80,9.00
2009.02.03 11:33:38.209,0.57085,0.5711,5.20,3.40
2009.02.03 11:33:39.408,0.57085,0.5711,2.80,4.20
2009.02.03 11:33:39.509,0.57085,0.57105,2.80,3.40
2009.02.03 11:33:39.899,0.57075,0.571,12.40,3.40
2009.02.03 11:33:40.018,0.5708,0.571,5.20,3.40
2009.02.03 11:33:43.837,0.5709,0.57105,5.20,3.40
2009.02.03 11:33:44.537,0.57095,0.57115,2.80,3.40
2009.02.03 11:33:44.997,0.57085,0.5711,5.40,3.40
2009.02.03 11:33:46.817,0.5709,0.5711,2.80,4.20
2009.02.03 11:33:47.337,0.5709,0.57105,2.80,3.40
2009.02.03 11:33:47.616,0.5709,0.57115,5.20,4.40
2009.02.03 11:33:50.806,0.5709,0.57105,5.20,3.40
2009.02.03 11:33:51.426,0.5709,0.57105,2.80,3.40
2009.02.03 11:33:54.975,0.5709,0.57105,5.20,3.40
2009.02.03 11:33:56.234,0.5709,0.57115,5.20,9.00
2009.02.03 11:33:57.044,0.5709,0.57105,5.20,3.40
2009.02.03 11:33:57.535,0.5709,0.57105,2.80,3.40
2009.02.03 11:33:57.994,0.5708,0.571,5.40,3.40
2009.02.03 11:33:59.204,0.5708,0.57095,2.80,3.40
2009.02.03 11:33:59.594,0.5707,0.5709,9.80,3.40
2009.02.03 11:34:00.124,0.5708,0.5709,2.20,3.40
2009.02.03 11:34:02.383,0.5708,0.571,2.20,4.40
2009.02.03 11:34:04.662,0.5708,0.5709,2.20,3.40
2009.02.03 11:34:06.342,0.5708,0.571,2.20,3.40
2009.02.03 11:34:09.551,0.5706,0.57095,10.80,3.40
2009.02.03 11:34:09.771,0.57065,0.57095,7.40,3.40
2009.02.03 11:34:10.221,0.57065,0.57095,2.80,3.40
2009.02.03 11:34:14.180,0.57065,0.57085,2.80,3.40
2009.02.03 11:34:17.359,0.57065,0.57085,3.00,3.40
2009.02.03 11:34:18.189,0.57065,0.571,3.00,3.40
2009.02.03 11:34:19.949,0.57065,0.57095,3.00,4.20
2009.02.03 11:34:23.398,0.57075,0.57095,2.80,4.20
2009.02.03 11:34:23.628,0.57075,0.57095,2.80,3.40
2009.02.03 11:34:27.037,0.5708,0.57105,2.80,4.20
2009.02.03 11:34:29.857,0.5708,0.571,2.80,3.40
2009.02.03 11:34:33.675,0.5708,0.571,2.80,4.20
2009.02.03 11:34:34.065,0.5708,0.57095,2.80,3.40
2009.02.03 11:34:35.235,0.5707,0.5709,9.60,3.40
2009.02.03 11:34:37.424,0.57075,0.571,5.20,4.40
2009.02.03 11:34:37.884,0.57075,0.5709,5.20,3.40
2009.02.03 11:34:38.124,0.57075,0.5709,2.80,3.40
2009.02.03 11:34:39.494,0.57065,0.57085,8.00,3.40
2009.02.03 11:34:39.904,0.57075,0.57085,2.20,3.40
2009.02.03 11:34:40.024,0.57075,0.571,5.20,4.40
2009.02.03 11:34:40.354,0.57075,0.57095,2.80,3.40
2009.02.03 11:34:40.524,0.57075,0.5709,2.80,3.40
2009.02.03 11:34:57.600,0.57075,0.5709,5.20,3.40
2009.02.03 11:34:58.010,0.57075,0.571,5.20,3.40
2009.02.03 11:35:02.519,0.5708,0.571,2.80,3.40
2009.02.03 11:35:02.818,0.57085,0.571,5.20,3.40
2009.02.03 11:35:03.638,0.5709,0.57115,5.20,4.40
2009.02.03 11:35:04.268,0.5709,0.57105,2.80,3.40
2009.02.03 11:35:05.658,0.5708,0.571,5.40,3.40
2009.02.03 11:35:06.128,0.57085,0.5711,2.80,4.40
2009.02.03 11:35:07.047,0.57075,0.571,5.20,3.40
2009.02.03 11:35:07.637,0.57075,0.57095,5.40,3.40
2009.02.03 11:35:08.087,0.5708,0.57105,2.80,3.40
2009.02.03 11:35:10.077,0.5707,0.57095,9.80,3.40
2009.02.03 11:35:11.676,0.57075,0.5709,2.80,3.40
2009.02.03 11:35:12.066,0.57065,0.57085,6.40,3.40
2009.02.03 11:35:18.634,0.5707,0.5708,2.20,3.40
2009.02.03 11:35:27.272,0.5706,0.5708,8.00,3.40
2009.02.03 11:35:29.972,0.5707,0.5708,2.20,3.40
2009.02.03 11:35:30.252,0.5707,0.5709,5.20,3.40
2009.02.03 11:35:32.691,0.57075,0.5709,2.20,3.40
2009.02.03 11:35:33.561,0.57075,0.5709,5.20,3.40
2009.02.03 11:35:38.290,0.5708,0.571,2.80,4.40
2009.02.03 11:35:38.820,0.5707,0.5709,5.40,3.40
2009.02.03 11:35:39.549,0.5708,0.571,2.80,3.40
2009.02.03 11:35:40.199,0.57085,0.57095,2.20,3.40
2009.02.03 11:35:40.729,0.57075,0.57095,5.20,3.40
2009.02.03 11:35:41.999,0.57085,0.57105,5.20,3.40
2009.02.03 11:35:42.289,0.57085,0.571,10.00,3.40
2009.02.03 11:36:01.034,0.57085,0.57095,7.00,3.40
2009.02.03 11:36:01.384,0.57085,0.57095,2.20,3.40
2009.02.03 11:36:13.141,0.5707,0.57095,5.40,3.40
2009.02.03 11:36:15.941,0.57075,0.57085,2.20,3.40
2009.02.03 11:36:16.350,0.57065,0.57085,5.40,3.40
2009.02.03 11:36:17.610,0.5708,0.571,2.80,4.20
2009.02.03 11:36:18.000,0.5708,0.57095,2.80,3.40
2009.02.03 11:36:32.257,0.5707,0.5709,5.00,3.40
2009.02.03 11:36:37.035,0.5706,0.57085,10.80,3.40
2009.02.03 11:36:37.775,0.57065,0.5708,5.40,3.40
2009.02.03 11:36:39.415,0.57065,0.5708,5.20,3.40
2009.02.03 11:36:44.634,0.57065,0.57075,2.20,3.40
2009.02.03 11:36:44.814,0.5705,0.57075,11.20,3.40
2009.02.03 11:36:44.933,0.57055,0.57075,4.80,3.40
2009.02.03 11:36:46.143,0.57055,0.57085,4.80,4.40
2009.02.03 11:36:46.653,0.57055,0.5708,1.00,3.40
2009.02.03 11:36:51.952,0.5706,0.5708,2.20,3.40
2009.02.03 11:36:52.582,0.5706,0.5708,5.20,3.40
2009.02.03 11:36:56.971,0.5705,0.5708,14.60,3.40
2009.02.03 11:36:57.021,0.5706,0.5708,5.20,3.40
2009.02.03 11:37:07.318,0.5706,0.5709,5.20,3.40
2009.02.03 11:37:07.888,0.571,0.5711,2.80,3.40
2009.02.03 11:37:07.998,0.571,0.57105,2.80,1.60
2009.02.03 11:37:08.048,0.571,0.57115,2.80,9.20
2009.02.03 11:37:08.388,0.571,0.57115,2.80,1.60
2009.02.03 11:37:08.728,0.571,0.5713,2.80,3.40
2009.02.03 11:37:09.188,0.571,0.57125,3.00,3.40
2009.02.03 11:37:09.348,0.571,0.57125,7.40,3.40
2009.02.03 11:37:13.657,0.571,0.57135,9.80,3.40
2009.02.03 11:37:13.717,0.57105,0.5713,4.40,3.40
2009.02.03 11:37:14.166,0.57095,0.5713,15.60,3.40
2009.02.03 11:37:16.096,0.5711,0.5713,2.80,3.40
2009.02.03 11:37:17.626,0.57115,0.5714,2.80,4.40
2009.02.03 11:37:19.905,0.5712,0.57135,2.80,3.40
2009.02.03 11:37:20.425,0.5711,0.57135,2.80,3.40
2009.02.03 11:37:20.895,0.5712,0.57145,2.80,15.20
2009.02.03 11:37:21.065,0.5712,0.5714,2.80,3.40
2009.02.03 11:37:21.645,0.5711,0.5714,5.00,3.40
2009.02.03 11:37:25.154,0.5712,0.5714,2.80,3.40
2009.02.03 11:37:25.504,0.5711,0.5714,5.20,3.40
2009.02.03 11:37:26.004,0.5711,0.57115,2.20,3.40
2009.02.03 11:37:26.344,0.571,0.57115,6.40,3.40
2009.02.03 11:37:26.514,0.57105,0.57135,5.40,3.40
2009.02.03 11:37:27.373,0.5711,0.57135,2.20,3.40
2009.02.03 11:37:28.173,0.5711,0.57145,5.20,10.40
2009.02.03 11:37:28.583,0.57115,0.5714,2.20,3.40
2009.02.03 11:37:29.583,0.571,0.57135,18.80,3.40
2009.02.03 11:37:29.873,0.57105,0.57135,5.40,3.40
2009.02.03 11:37:30.163,0.57105,0.57135,3.00,3.40
2009.02.03 11:37:31.202,0.5712,0.57135,2.80,3.40
2009.02.03 11:37:34.312,0.57095,0.5712,5.20,3.40
2009.02.03 11:37:34.762,0.57105,0.5713,2.80,1.00
2009.02.03 11:37:35.351,0.5709,0.57115,5.20,3.40
2009.02.03 11:37:35.531,0.57095,0.57115,2.80,3.40
2009.02.03 11:37:36.591,0.57105,0.5713,2.80,4.20
2009.02.03 11:37:36.701,0.57095,0.5712,5.20,3.40
2009.02.03 11:37:37.981,0.57095,0.5712,5.20,3.40
2009.02.03 11:37:38.321,0.57095,0.57115,2.20,3.40
2009.02.03 11:37:38.811,0.57095,0.5713,2.20,12.20
2009.02.03 11:37:40.270,0.5708,0.57125,3.00,9.60
2009.02.03 11:37:42.220,0.57095,0.57125,2.80,9.60
2009.02.03 11:37:42.620,0.57095,0.57125,2.80,10.40
2009.02.03 11:37:47.218,0.57105,0.57125,2.20,9.60
2009.02.03 11:37:47.518,0.57105,0.57125,2.20,6.20
2009.02.03 11:37:51.528,0.571,0.5712,7.80,3.40
2009.02.03 11:37:52.107,0.57105,0.5714,2.20,12.40
2009.02.03 11:37:52.617,0.57115,0.57135,2.20,3.40
2009.02.03 11:38:08.383,0.57125,0.57145,5.20,9.60
2009.02.03 11:38:08.553,0.57125,0.57145,5.20,3.40
2009.02.03 11:38:13.952,0.57125,0.57145,2.80,9.60
2009.02.03 11:38:14.062,0.5711,0.57135,11.00,3.40
2009.02.03 11:38:15.442,0.57125,0.57145,2.20,9.60
2009.02.03 11:38:16.132,0.57125,0.5714,2.20,3.40
2009.02.03 11:38:17.041,0.57125,0.57135,2.20,3.40
2009.02.03 11:38:17.151,0.5711,0.57135,11.00,3.40
2009.02.03 11:38:17.851,0.5712,0.57145,2.20,9.60
2009.02.03 11:38:18.141,0.57125,0.57145,2.20,9.60
2009.02.03 11:38:23.250,0.57125,0.5714,2.20,3.40
2009.02.03 11:38:23.670,0.5711,0.57135,5.00,3.40
2009.02.03 11:38:25.129,0.57125,0.57145,2.20,9.60
2009.02.03 11:38:25.479,0.5711,0.5714,6.20,9.60
2009.02.03 11:38:25.719,0.57115,0.57135,2.20,3.40
2009.02.03 11:38:28.659,0.57115,0.57145,2.20,9.60
2009.02.03 11:38:29.188,0.57125,0.5714,2.20,9.60
2009.02.03 11:38:29.248,0.5711,0.57135,5.00,3.40
2009.02.03 11:38:34.187,0.57125,0.57145,2.20,14.40
2009.02.03 11:38:35.797,0.57125,0.57145,2.20,9.60
2009.02.03 11:38:36.087,0.57125,0.57145,2.20,3.40
2009.02.03 11:38:36.596,0.57125,0.57155,2.20,11.40
2009.02.03 11:38:37.477,0.5713,0.5715,2.20,9.60
2009.02.03 11:38:37.936,0.5713,0.5715,2.20,3.40
2009.02.03 11:38:42.475,0.5712,0.5715,5.40,3.40
2009.02.03 11:38:54.043,0.57125,0.5715,2.20,3.40
2009.02.03 11:38:55.172,0.57115,0.57145,5.40,3.40
2009.02.03 11:38:55.702,0.5712,0.5714,5.20,3.40
2009.02.03 11:38:56.272,0.5712,0.5714,2.80,3.40
2009.02.03 11:38:57.962,0.5712,0.5714,2.80,4.20
2009.02.03 11:38:58.182,0.5712,0.5714,2.80,3.40
2009.02.03 11:39:01.201,0.5712,0.5715,2.80,4.40
2009.02.03 11:39:01.491,0.5712,0.5714,2.80,3.40
2009.02.03 11:39:02.000,0.57125,0.5715,2.80,4.40
2009.02.03 11:39:02.360,0.57125,0.5715,5.20,3.40
2009.02.03 11:39:02.650,0.5713,0.5716,5.20,4.40
2009.02.03 11:39:03.170,0.5712,0.5715,10.20,3.40
2009.02.03 11:39:03.690,0.57135,0.57165,2.80,3.40
2009.02.03 11:39:04.200,0.57135,0.57165,2.80,1.00
2009.02.03 11:39:05.010,0.57135,0.57175,3.00,15.20
2009.02.03 11:39:05.800,0.57145,0.5717,2.20,3.40
2009.02.03 11:39:06.400,0.5715,0.57185,2.20,9.60
2009.02.03 11:39:07.549,0.5714,0.5718,5.40,3.40
2009.02.03 11:39:09.009,0.57145,0.5718,5.20,9.60
2009.02.03 11:39:11.488,0.57145,0.5718,2.80,9.60
2009.02.03 11:39:11.538,0.57135,0.57175,9.60,3.40
2009.02.03 11:39:12.488,0.57135,0.5717,5.20,3.40
2009.02.03 11:39:13.008,0.57135,0.5717,5.20,9.60
2009.02.03 11:39:13.178,0.57125,0.57165,10.80,3.40
2009.02.03 11:39:13.648,0.57145,0.5718,2.80,15.20
2009.02.03 11:39:13.938,0.57135,0.5717,5.20,3.40
2009.02.03 11:39:14.398,0.57145,0.5718,2.80,9.60
2009.02.03 11:39:15.037,0.57145,0.57175,2.80,3.40
2009.02.03 11:39:15.438,0.57145,0.5717,2.80,1.00
2009.02.03 11:39:16.137,0.57145,0.57165,2.80,3.40
2009.02.03 11:39:17.187,0.5715,0.57175,2.80,10.40
2009.02.03 11:39:17.587,0.57125,0.57155,9.60,3.40
2009.02.03 11:39:17.826,0.57135,0.57155,2.20,3.40
2009.02.03 11:39:18.117,0.57125,0.57155,5.20,3.40
2009.02.03 11:39:18.767,0.5713,0.5715,5.20,3.40
2009.02.03 11:39:19.066,0.5713,0.5715,6.20,3.40
2009.02.03 11:39:19.226,0.57145,0.5717,2.80,12.40
2009.02.03 11:39:19.626,0.57135,0.5716,5.00,3.40
2009.02.03 11:39:20.146,0.57135,0.5716,2.20,3.40
2009.02.03 11:39:20.906,0.5714,0.5716,2.20,3.40
2009.02.03 11:39:21.126,0.5714,0.57155,2.20,1.60
2009.02.03 11:39:22.156,0.5713,0.57155,5.20,1.60
2009.02.03 11:39:24.275,0.5713,0.57155,5.40,5.00
2009.02.03 11:39:25.375,0.5713,0.5715,5.40,3.40
2009.02.03 11:39:29.084,0.57135,0.5716,2.20,5.00
2009.02.03 11:39:29.424,0.57125,0.5715,8.00,3.40
2009.02.03 11:39:30.344,0.57135,0.5716,2.20,5.00
2009.02.03 11:39:32.623,0.5714,0.57155,2.20,1.60
2009.02.03 11:39:33.383,0.5713,0.57155,5.40,1.60
2009.02.03 11:39:33.783,0.57135,0.57155,2.20,1.60
2009.02.03 11:39:39.392,0.57125,0.57155,10.80,1.60
2009.02.03 11:39:39.812,0.57135,0.57155,2.20,1.60
2009.02.03 11:39:42.601,0.57135,0.57155,5.20,1.60
2009.02.03 11:39:46.510,0.5714,0.57155,5.20,1.60
2009.02.03 11:40:01.346,0.5714,0.57155,2.20,1.60
2009.02.03 11:40:11.214,0.5714,0.57155,5.20,1.60
2009.02.03 11:40:15.213,0.5713,0.57155,9.80,1.60
2009.02.03 11:40:32.679,0.5714,0.57155,2.20,1.60
2009.02.03 11:40:33.259,0.5713,0.57155,5.40,1.60
2009.02.03 11:40:34.018,0.57135,0.57155,2.80,1.60
2009.02.03 11:40:35.458,0.57125,0.57155,6.40,5.00
2009.02.03 11:40:38.267,0.57125,0.57145,3.00,3.40
2009.02.03 11:40:41.106,0.57125,0.57155,3.00,5.80
2009.02.03 11:40:41.586,0.57125,0.57155,3.00,5.00
2009.02.03 11:40:42.796,0.57125,0.57155,3.00,5.80
2009.02.03 11:40:43.326,0.57125,0.57145,3.00,3.40
2009.02.03 11:40:43.786,0.57125,0.57145,2.80,3.40
2009.02.03 11:40:54.294,0.57125,0.5714,2.80,1.00
2009.02.03 11:40:54.413,0.57125,0.5715,2.80,7.80
2009.02.03 11:40:54.693,0.57125,0.57145,2.80,3.40
2009.02.03 11:40:56.413,0.5711,0.57135,9.60,3.40
2009.02.03 11:40:56.523,0.57125,0.5715,2.80,7.80
2009.02.03 11:40:56.933,0.57125,0.57145,2.80,3.40
2009.02.03 11:41:00.342,0.57125,0.57155,2.80,5.80
2009.02.03 11:41:00.872,0.5713,0.57155,2.80,5.00
2009.02.03 11:41:01.282,0.5714,0.57155,2.80,1.60
2009.02.03 11:41:02.831,0.5713,0.57155,5.20,5.80
2009.02.03 11:41:03.061,0.5713,0.5715,2.80,3.40
2009.02.03 11:41:03.391,0.57135,0.5716,2.80,5.80
2009.02.03 11:41:03.801,0.57125,0.5715,5.00,3.40
2009.02.03 11:41:04.381,0.57135,0.5716,2.80,6.00
2009.02.03 11:41:04.491,0.57125,0.5715,5.20,3.40
2009.02.03 11:41:04.901,0.57135,0.5716,2.80,6.00
2009.02.03 11:41:05.840,0.57125,0.5715,5.20,3.40
2009.02.03 11:41:06.071,0.57135,0.5716,5.20,5.80
2009.02.03 11:41:07.040,0.5714,0.57155,2.80,1.60
2009.02.03 11:41:07.381,0.5713,0.57155,5.00,5.00
2009.02.03 11:41:07.730,0.5713,0.5715,2.80,3.40
2009.02.03 11:41:07.960,0.57135,0.5716,2.80,6.00
2009.02.03 11:41:08.530,0.57125,0.5715,5.20,3.40
2009.02.03 11:41:09.210,0.5714,0.5715,2.20,3.40
2009.02.03 11:41:09.620,0.5714,0.5716,2.80,5.00
2009.02.03 11:41:17.448,0.57125,0.57155,6.40,5.00
2009.02.03 11:41:17.558,0.5713,0.57155,2.80,5.00
2009.02.03 11:41:30.115,0.5712,0.5715,5.20,3.40
2009.02.03 11:41:32.964,0.57125,0.5715,2.80,4.20
2009.02.03 11:41:33.374,0.57125,0.5715,2.80,3.40
2009.02.03 11:41:34.864,0.5713,0.5716,2.80,10.40
2009.02.03 11:41:39.512,0.5712,0.57145,5.20,3.40
2009.02.03 11:41:39.623,0.5713,0.57155,2.80,4.40
2009.02.03 11:41:40.082,0.5712,0.5715,5.20,3.40
2009.02.03 11:41:40.982,0.5713,0.5716,2.80,10.40
2009.02.03 11:41:41.392,0.5713,0.57155,2.80,3.40
2009.02.03 11:41:41.802,0.5712,0.5715,5.20,3.40
2009.02.03 11:41:51.699,0.57125,0.5715,5.20,3.40
2009.02.03 11:41:55.409,0.5713,0.5716,5.20,10.40
2009.02.03 11:41:56.618,0.5713,0.57155,2.80,4.20
2009.02.03 11:41:56.898,0.5712,0.5715,5.40,3.40
2009.02.03 11:41:57.878,0.5714,0.5716,2.80,10.40
2009.02.03 11:42:03.447,0.5713,0.5715,5.20,3.40
2009.02.03 11:42:05.866,0.5713,0.57145,5.20,3.40
2009.02.03 11:42:05.976,0.57135,0.57155,2.80,4.40
2009.02.03 11:42:07.596,0.57135,0.5715,5.20,3.40
2009.02.03 11:42:07.766,0.5714,0.5716,2.80,4.40
2009.02.03 11:42:11.015,0.5713,0.57155,5.00,3.40
2009.02.03 11:42:12.964,0.57135,0.57165,5.20,15.20
2009.02.03 11:42:20.003,0.57125,0.5715,5.00,3.40
2009.02.03 11:42:21.702,0.57125,0.57145,7.60,3.40
2009.02.03 11:42:21.872,0.57125,0.57145,2.80,3.40
2009.02.03 11:42:28.681,0.5713,0.57145,2.20,3.40
2009.02.03 11:42:29.150,0.5713,0.57155,2.20,10.40
2009.02.03 11:42:30.800,0.5712,0.57145,5.00,3.40
2009.02.03 11:42:35.229,0.5713,0.57145,2.20,3.40
2009.02.03 11:42:35.339,0.5713,0.57155,2.20,10.40
2009.02.03 11:42:37.068,0.5712,0.57145,5.00,3.40
2009.02.03 11:42:41.357,0.57125,0.57155,2.80,10.60
2009.02.03 11:42:41.478,0.5713,0.5715,2.20,9.60
2009.02.03 11:42:45.556,0.5712,0.5715,5.00,9.60
2009.02.03 11:42:45.717,0.5713,0.5715,2.20,9.60
2009.02.03 11:42:48.236,0.5713,0.57145,2.20,3.40
2009.02.03 11:42:48.885,0.5713,0.57155,2.20,14.40
2009.02.03 11:42:50.895,0.5712,0.5715,5.00,9.60
2009.02.03 11:42:51.315,0.57125,0.57145,2.80,3.40
2009.02.03 11:42:53.415,0.5713,0.57145,2.20,3.40
2009.02.03 11:42:53.635,0.5713,0.57155,2.20,12.40
2009.02.03 11:42:58.224,0.5713,0.57145,2.20,3.40
2009.02.03 11:43:00.433,0.5713,0.57155,2.20,12.40
2009.02.03 11:43:01.013,0.57115,0.57145,5.20,3.40
2009.02.03 11:43:07.861,0.57115,0.57135,2.80,3.40
2009.02.03 11:43:08.321,0.57105,0.57135,5.00,3.40
2009.02.03 11:43:09.421,0.5711,0.57145,5.20,9.60
2009.02.03 11:43:12.260,0.57115,0.5714,5.20,3.40
2009.02.03 11:43:14.490,0.5713,0.5715,2.80,9.60
2009.02.03 11:43:16.269,0.5713,0.5715,5.20,3.40
2009.02.03 11:43:16.509,0.5713,0.57145,2.80,3.40
2009.02.03 11:43:18.488,0.5713,0.57145,5.20,3.40
2009.02.03 11:43:18.658,0.57135,0.57155,2.80,10.40
2009.02.03 11:43:25.697,0.57125,0.57145,5.20,3.40
2009.02.03 11:43:25.807,0.5713,0.57145,2.80,3.40
2009.02.03 11:43:26.387,0.5712,0.5714,5.00,3.40
2009.02.03 11:43:34.275,0.5712,0.5714,5.00,3.40
2009.02.03 11:43:36.364,0.5713,0.5715,2.80,9.60
2009.02.03 11:43:42.353,0.5712,0.5714,2.80,3.40
2009.02.03 11:43:42.823,0.5711,0.5714,5.20,3.40
2009.02.03 11:43:45.812,0.5713,0.5715,2.80,10.40
2009.02.03 11:43:48.581,0.5712,0.57145,5.20,3.40
2009.02.03 11:43:49.051,0.5712,0.5714,2.80,3.40
2009.02.03 11:43:52.150,0.5713,0.5715,2.80,3.40
2009.02.03 11:43:59.668,0.57115,0.57145,5.00,3.40
2009.02.03 11:43:59.968,0.57115,0.5714,5.20,3.40
2009.02.03 11:44:19.634,0.57115,0.5714,2.20,3.40
2009.02.03 11:44:22.213,0.571,0.57135,16.20,3.40
2009.02.03 11:44:22.613,0.5711,0.57135,2.20,3.40
2009.02.03 11:44:24.623,0.57115,0.57145,2.20,10.40
2009.02.03 11:44:33.070,0.5712,0.5714,2.80,3.40
2009.02.03 11:44:33.890,0.5711,0.5714,5.20,3.40
2009.02.03 11:44:34.240,0.57115,0.5714,2.80,3.40
2009.02.03 11:44:35.920,0.57105,0.57135,9.80,3.40
2009.02.03 11:44:36.270,0.57115,0.57145,5.20,10.40
2009.02.03 11:44:37.679,0.5712,0.5714,2.80,3.40
2009.02.03 11:44:41.238,0.5711,0.5714,5.20,3.40
2009.02.03 11:44:41.468,0.57115,0.5713,5.20,3.40
2009.02.03 11:44:48.357,0.57115,0.5713,2.20,3.40
2009.02.03 11:44:48.647,0.57115,0.5714,2.20,4.40
2009.02.03 11:44:48.927,0.57105,0.57135,5.00,3.40
2009.02.03 11:44:49.167,0.57105,0.5713,5.20,3.40
2009.02.03 11:44:50.256,0.5712,0.5714,2.80,4.40
2009.02.03 11:44:54.915,0.5712,0.5714,2.80,3.40
2009.02.03 11:44:55.435,0.5712,0.57135,2.80,3.40
2009.02.03 11:44:56.235,0.5711,0.5713,5.20,3.40
2009.02.03 11:44:56.695,0.57115,0.5713,2.80,3.40
2009.02.03 11:44:58.594,0.5712,0.5714,2.80,4.40
2009.02.03 11:45:00.964,0.5712,0.5714,2.80,3.40
2009.02.03 11:45:04.513,0.5711,0.57135,5.20,3.40
2009.02.03 11:45:05.073,0.57115,0.5713,2.20,3.40
2009.02.03 11:45:06.804,0.57115,0.57125,2.20,3.40
2009.02.03 11:45:07.153,0.57115,0.57135,2.20,4.40
2009.02.03 11:45:07.512,0.57115,0.57135,2.20,3.40
2009.02.03 11:45:09.332,0.5712,0.57145,2.20,10.40
2009.02.03 11:45:09.851,0.5712,0.57135,2.80,3.40
2009.02.03 11:45:13.161,0.5711,0.57135,5.00,3.40
2009.02.03 11:45:13.691,0.57115,0.5713,2.20,3.40
2009.02.03 11:45:16.330,0.57105,0.5713,7.80,3.40
2009.02.03 11:45:16.850,0.57105,0.5713,6.20,3.40
2009.02.03 11:45:17.250,0.57105,0.5713,5.20,3.40
2009.02.03 11:45:17.640,0.57115,0.5713,2.80,3.40
2009.02.03 11:45:21.089,0.57105,0.5713,5.00,3.40
2009.02.03 11:45:21.669,0.5711,0.5713,2.80,4.20
2009.02.03 11:45:22.019,0.5711,0.57125,2.80,3.40
2009.02.03 11:45:22.548,0.571,0.5712,5.00,3.40
2009.02.03 11:45:23.468,0.5711,0.5713,2.80,4.40
2009.02.03 11:45:25.078,0.57095,0.5712,10.00,3.40
2009.02.03 11:45:27.027,0.5711,0.5713,2.80,10.40
2009.02.03 11:45:34.505,0.57095,0.5712,9.80,3.40
2009.02.03 11:45:35.086,0.571,0.5712,5.20,3.40
2009.02.03 11:45:41.074,0.571,0.5712,2.20,3.40
2009.02.03 11:45:49.432,0.5709,0.57115,5.00,3.40
2009.02.03 11:45:53.481,0.5709,0.57115,5.20,3.40
2009.02.03 11:45:58.360,0.57095,0.57115,2.20,3.40
2009.02.03 11:45:59.080,0.571,0.57115,2.20,3.40
2009.02.03 11:45:59.489,0.5709,0.57115,6.20,3.40
2009.02.03 11:45:59.600,0.5709,0.57115,6.20,3.40
2009.02.03 11:46:00.069,0.5709,0.57115,5.20,3.40
2009.02.03 11:46:00.589,0.57095,0.57115,2.20,3.40
2009.02.03 11:46:04.538,0.571,0.57115,2.20,3.40
2009.02.03 11:46:05.098,0.5709,0.57115,5.00,3.40
2009.02.03 11:46:07.927,0.5709,0.57115,5.20,3.40
2009.02.03 11:46:08.268,0.57095,0.57115,2.20,3.40
2009.02.03 11:46:12.347,0.571,0.57115,2.20,3.40
2009.02.03 11:46:14.266,0.57085,0.5711,5.20,3.40
2009.02.03 11:46:14.486,0.571,0.5712,2.20,3.40
2009.02.03 11:46:14.726,0.57085,0.57115,5.40,3.40
2009.02.03 11:46:17.625,0.57095,0.57115,2.20,3.40
2009.02.03 11:46:18.125,0.57095,0.57115,5.20,3.40
2009.02.03 11:46:18.525,0.57095,0.57115,2.20,3.40
2009.02.03 11:46:18.625,0.57085,0.5711,5.20,3.40
2009.02.03 11:46:18.735,0.57095,0.5712,2.80,4.40
2009.02.03 11:46:19.075,0.571,0.57115,2.20,3.40
2009.02.03 11:46:19.775,0.57085,0.57115,6.40,3.40
2009.02.03 11:46:20.345,0.571,0.57115,2.20,3.40
2009.02.03 11:46:21.024,0.57085,0.5711,6.40,3.40
2009.02.03 11:46:21.485,0.571,0.5712,2.20,3.40
2009.02.03 11:46:22.064,0.57085,0.57115,5.40,3.40
2009.02.03 11:46:22.424,0.5709,0.5711,2.20,3.40
2009.02.03 11:46:22.774,0.5709,0.5712,5.20,3.40
2009.02.03 11:46:23.714,0.571,0.57115,2.20,3.40
2009.02.03 11:46:26.183,0.5709,0.57115,6.20,3.40
2009.02.03 11:46:26.603,0.5708,0.57105,7.80,3.40
2009.02.03 11:46:26.953,0.57085,0.571,5.20,3.40
2009.02.03 11:46:27.413,0.57085,0.5711,5.20,3.40
2009.02.03 11:46:28.393,0.5709,0.57105,5.20,3.40
2009.02.03 11:46:29.482,0.5709,0.57105,2.20,3.40
2009.02.03 11:46:30.103,0.5709,0.57105,5.20,3.40
2009.02.03 11:46:30.852,0.5709,0.57115,2.20,3.40
2009.02.03 11:46:33.131,0.5709,0.57105,2.20,3.40
2009.02.03 11:46:35.041,0.57095,0.5712,2.20,3.40
2009.02.03 11:46:35.441,0.57085,0.57105,5.20,3.40
2009.02.03 11:46:36.081,0.5709,0.57105,2.80,3.40
2009.02.03 11:46:36.950,0.57075,0.57095,6.40,3.40
2009.02.03 11:46:38.270,0.57075,0.5709,6.20,3.40
2009.02.03 11:46:38.940,0.5708,0.571,2.20,3.40
2009.02.03 11:46:40.690,0.5708,0.5711,2.20,15.40
2009.02.03 11:46:41.100,0.5707,0.57095,1.00,1.80
2009.02.03 11:46:41.769,0.5706,0.57095,2.40,3.40
2009.02.03 11:46:42.789,0.5705,0.5709,4.00,3.40
2009.02.03 11:46:42.959,0.5704,0.5708,3.00,3.40
2009.02.03 11:46:45.548,0.57055,0.5709,2.80,9.60
2009.02.03 11:46:45.839,0.5707,0.5709,2.80,3.40
2009.02.03 11:46:49.028,0.57075,0.571,2.80,4.40
2009.02.03 11:46:49.388,0.5706,0.57085,9.40,3.40
2009.02.03 11:46:49.887,0.5707,0.57095,2.80,4.40
2009.02.03 11:46:50.237,0.5706,0.57085,5.00,3.40
2009.02.03 11:46:50.917,0.5707,0.571,2.80,9.20
2009.02.03 11:46:51.437,0.5707,0.571,2.80,7.00
2009.02.03 11:46:52.777,0.5707,0.571,2.80,6.20
2009.02.03 11:46:53.706,0.5707,0.5711,2.80,10.60
2009.02.03 11:46:56.496,0.5707,0.571,2.80,4.20
2009.02.03 11:46:58.315,0.5707,0.57095,2.80,3.40
2009.02.03 11:46:58.476,0.5707,0.57105,2.80,10.40
2009.02.03 11:46:59.345,0.5707,0.57095,2.80,3.40
2009.02.03 11:46:59.755,0.5707,0.57105,2.80,14.40
2009.02.03 11:47:00.255,0.57075,0.57105,2.80,11.60
2009.02.03 11:47:00.605,0.57075,0.57105,2.80,9.60
2009.02.03 11:47:04.284,0.57075,0.57105,5.20,9.60
2009.02.03 11:47:08.503,0.57075,0.57105,5.20,3.40
2009.02.03 11:47:10.503,0.57075,0.57105,5.20,9.60
2009.02.03 11:47:12.192,0.57075,0.57105,5.20,3.40
2009.02.03 11:47:12.952,0.57075,0.57105,5.20,9.60
2009.02.03 11:47:13.702,0.5706,0.571,5.40,4.20
2009.02.03 11:47:14.051,0.57065,0.571,2.80,3.40
2009.02.03 11:47:14.662,0.57065,0.571,5.20,3.40
2009.02.03 11:47:14.941,0.57075,0.5711,2.80,12.60
2009.02.03 11:47:15.351,0.57075,0.57105,2.80,9.60
2009.02.03 11:47:16.261,0.57075,0.57105,2.80,3.40
2009.02.03 11:47:18.561,0.57065,0.57105,3.00,3.40
2009.02.03 11:47:19.020,0.5707,0.57105,2.80,9.60
2009.02.03 11:47:22.869,0.57075,0.57105,2.80,9.60
2009.02.03 11:47:23.449,0.57065,0.57105,3.00,9.60
2009.02.03 11:47:23.919,0.57055,0.571,5.20,9.60
2009.02.03 11:47:24.559,0.5709,0.5711,2.80,12.20
2009.02.03 11:47:24.729,0.5709,0.5711,2.80,10.40
2009.02.03 11:47:25.059,0.5709,0.57105,2.80,1.00
2009.02.03 11:47:25.579,0.5709,0.57105,2.80,10.40
2009.02.03 11:47:29.698,0.5708,0.571,2.80,3.40
2009.02.03 11:47:32.927,0.5709,0.5711,2.80,10.40
2009.02.03 11:47:33.737,0.5709,0.57105,2.80,1.00
2009.02.03 11:47:34.317,0.5709,0.57115,2.80,15.20
2009.02.03 11:47:36.466,0.5709,0.57105,2.80,1.00
2009.02.03 11:47:36.626,0.5709,0.57105,2.80,4.20
2009.02.03 11:47:38.016,0.5708,0.57105,5.00,4.20
2009.02.03 11:47:40.775,0.57085,0.571,2.80,3.40
2009.02.03 11:47:41.305,0.5708,0.5711,5.20,4.20
2009.02.03 11:47:41.825,0.5707,0.57105,5.40,4.20
2009.02.03 11:47:42.295,0.57075,0.571,2.20,3.40
2009.02.03 11:47:42.714,0.57075,0.57095,5.20,3.40
2009.02.03 11:47:43.305,0.5708,0.57105,2.80,4.40
2009.02.03 11:47:43.765,0.5707,0.57085,5.00,3.40
2009.02.03 11:47:44.394,0.57075,0.57095,2.80,3.40
2009.02.03 11:47:44.854,0.5708,0.57095,2.80,3.40
2009.02.03 11:47:45.264,0.5707,0.57095,5.00,3.40
2009.02.03 11:47:45.844,0.5708,0.57095,2.80,3.40
2009.02.03 11:47:46.544,0.5707,0.5709,5.00,3.40
2009.02.03 11:47:47.014,0.5707,0.57085,5.20,3.40
2009.02.03 11:47:48.613,0.57075,0.571,2.80,3.40
2009.02.03 11:47:49.163,0.57065,0.57095,9.80,3.40
2009.02.03 11:47:49.573,0.5707,0.57095,9.60,3.40
2009.02.03 11:47:51.293,0.5707,0.5709,9.60,3.40
2009.02.03 11:47:51.742,0.5707,0.571,9.60,3.40
2009.02.03 11:47:52.412,0.5707,0.57095,5.20,3.40
2009.02.03 11:47:56.541,0.5707,0.57095,2.20,3.40
2009.02.03 11:48:13.097,0.57075,0.57095,2.20,3.40
2009.02.03 11:48:13.457,0.5708,0.57105,2.80,3.40
2009.02.03 11:48:14.827,0.5707,0.57095,5.40,3.40
2009.02.03 11:48:15.637,0.5708,0.57105,5.20,3.40
2009.02.03 11:48:17.016,0.57085,0.57105,5.20,3.40
2009.02.03 11:48:17.896,0.57085,0.57115,5.20,4.40
2009.02.03 11:48:18.346,0.571,0.57125,2.80,4.40
2009.02.03 11:48:18.816,0.5711,0.57125,2.80,3.40
2009.02.03 11:48:19.326,0.5711,0.57135,2.80,7.40
2009.02.03 11:48:20.246,0.5711,0.5713,2.80,3.40
2009.02.03 11:48:20.645,0.57095,0.57115,13.20,3.40
2009.02.03 11:48:21.096,0.571,0.57125,5.20,4.40
2009.02.03 11:48:21.635,0.57105,0.57125,2.80,4.20
2009.02.03 11:48:21.815,0.57105,0.57125,2.80,3.40
2009.02.03 11:48:25.574,0.57105,0.5714,2.80,10.40
2009.02.03 11:48:27.524,0.57105,0.5713,2.80,1.00
2009.02.03 11:48:27.814,0.5709,0.57115,5.20,3.40
2009.02.03 11:48:28.314,0.571,0.57135,2.80,18.40
2009.02.03 11:48:29.213,0.57105,0.57125,2.80,3.40
2009.02.03 11:48:29.793,0.57105,0.57135,2.80,13.60
2009.02.03 11:48:30.303,0.57115,0.57135,2.80,4.20
2009.02.03 11:48:33.752,0.57115,0.57145,5.20,11.00
2009.02.03 11:48:34.282,0.5712,0.5714,2.80,4.20
2009.02.03 11:48:34.692,0.5712,0.57135,2.80,3.40
2009.02.03 11:48:35.442,0.5711,0.5713,2.80,3.40
2009.02.03 11:48:35.722,0.57115,0.5714,2.80,4.40
2009.02.03 11:48:39.821,0.5712,0.57135,2.80,3.40
2009.02.03 11:48:40.291,0.57115,0.57145,2.80,9.00
2009.02.03 11:48:40.461,0.5713,0.5714,2.80,1.00
2009.02.03 11:48:40.521,0.5713,0.5715,2.80,14.20
2009.02.03 11:48:40.881,0.5711,0.5714,10.00,3.40
2009.02.03 11:48:41.100,0.5712,0.5715,2.80,4.40
2009.02.03 11:48:42.770,0.5711,0.57135,3.00,3.40
2009.02.03 11:48:45.060,0.57115,0.5713,2.80,3.40
2009.02.03 11:48:49.899,0.5712,0.5714,2.80,4.20
2009.02.03 11:48:50.079,0.5712,0.5714,2.80,4.20
2009.02.03 11:48:54.077,0.57125,0.5714,2.80,1.00
2009.02.03 11:48:54.417,0.57125,0.5715,2.80,4.40
2009.02.03 11:48:54.987,0.5713,0.5715,2.80,4.20
2009.02.03 11:48:55.517,0.5713,0.5715,5.20,3.40
2009.02.03 11:48:55.977,0.57135,0.57165,2.80,12.40
2009.02.03 11:48:56.727,0.5714,0.57165,2.80,1.00
2009.02.03 11:48:57.197,0.57145,0.57165,2.80,4.20
2009.02.03 11:48:58.936,0.57135,0.5716,5.00,4.20
2009.02.03 11:48:59.166,0.5714,0.57155,2.80,3.40
2009.02.03 11:49:01.076,0.57145,0.57165,2.80,4.40
2009.02.03 11:49:04.435,0.5715,0.57165,2.80,4.20
2009.02.03 11:49:11.533,0.57155,0.57175,2.80,12.20
2009.02.03 11:49:13.313,0.57155,0.5717,2.80,4.20
2009.02.03 11:49:13.613,0.57165,0.5717,2.80,1.00
2009.02.03 11:49:13.893,0.57165,0.57185,2.80,14.40
2009.02.03 11:49:14.482,0.57155,0.57175,2.20,3.40
2009.02.03 11:49:14.703,0.57145,0.57175,3.00,3.40
2009.02.03 11:49:18.831,0.5715,0.5717,2.80,1.00
2009.02.03 11:49:19.581,0.5714,0.5717,5.20,4.20
2009.02.03 11:49:22.381,0.57145,0.5717,5.20,3.40
2009.02.03 11:49:23.020,0.5715,0.5717,2.80,3.40
2009.02.03 11:49:26.069,0.5715,0.57165,2.80,4.20
2009.02.03 11:49:32.088,0.57135,0.5716,5.20,3.40
2009.02.03 11:49:32.418,0.5714,0.5716,2.20,3.40
2009.02.03 11:49:32.768,0.5713,0.5716,5.00,3.40
2009.02.03 11:49:32.998,0.5714,0.5716,2.20,3.40
2009.02.03 11:49:34.728,0.5714,0.57145,2.20,3.40
2009.02.03 11:49:35.367,0.57125,0.57145,5.00,3.40
2009.02.03 11:49:35.877,0.57125,0.57145,2.80,3.40
2009.02.03 11:49:40.376,0.57125,0.5714,2.80,3.40
2009.02.03 11:49:41.346,0.57125,0.5714,2.80,4.20
2009.02.03 11:49:42.026,0.57105,0.5713,3.00,3.40
2009.02.03 11:49:44.505,0.5711,0.5714,2.80,4.40
2009.02.03 11:49:45.005,0.5711,0.5714,2.80,3.40
2009.02.03 11:49:46.235,0.5711,0.57135,2.80,1.00
2009.02.03 11:49:48.374,0.5711,0.5713,2.80,3.40
2009.02.03 11:49:49.344,0.5711,0.5714,2.80,4.40
2009.02.03 11:49:50.784,0.5711,0.5713,2.80,3.40
2009.02.03 11:49:53.473,0.57125,0.57145,2.80,12.40
2009.02.03 11:49:53.703,0.57115,0.57135,9.80,3.40
2009.02.03 11:49:54.503,0.57105,0.5713,2.80,3.40
2009.02.03 11:49:59.102,0.57115,0.5714,2.80,4.40
2009.02.03 11:49:59.801,0.57105,0.5713,2.80,3.40
2009.02.03 11:50:03.411,0.5712,0.5714,2.80,4.20
2009.02.03 11:50:03.521,0.5712,0.57135,2.80,3.40
2009.02.03 11:50:08.180,0.57105,0.5713,2.80,3.40
2009.02.03 11:50:13.868,0.5712,0.5714,2.80,4.40
2009.02.03 11:50:22.616,0.571,0.5712,10.20,3.40
2009.02.03 11:50:22.856,0.57105,0.5712,5.20,3.40
2009.02.03 11:50:22.966,0.57105,0.5712,2.80,4.20
2009.02.03 11:50:23.206,0.57085,0.57115,14.80,3.40
2009.02.03 11:50:23.866,0.5709,0.57115,2.80,3.40
2009.02.03 11:50:29.034,0.5709,0.57115,5.20,3.40
2009.02.03 11:50:34.843,0.571,0.57135,5.20,12.40
2009.02.03 11:50:35.243,0.571,0.57125,2.80,1.00
2009.02.03 11:50:35.773,0.5709,0.57125,9.60,1.00
2009.02.03 11:50:40.652,0.571,0.57135,5.20,12.40
2009.02.03 11:50:40.992,0.571,0.5713,2.20,10.40
2009.02.03 11:50:41.451,0.5709,0.57125,5.20,1.00
2009.02.03 11:50:41.791,0.57095,0.57135,2.80,11.60
2009.02.03 11:50:44.631,0.571,0.5713,5.20,6.20
2009.02.03 11:50:47.570,0.571,0.5713,5.20,7.00
2009.02.03 11:50:47.910,0.571,0.57125,2.20,3.40
2009.02.03 11:50:51.660,0.5709,0.57125,10.00,4.20
2009.02.03 11:50:51.779,0.571,0.57125,2.20,3.40
2009.02.03 11:50:52.239,0.5709,0.57125,10.00,4.20
2009.02.03 11:50:52.359,0.57095,0.57125,2.80,4.20
2009.02.03 11:50:56.038,0.57095,0.57135,2.80,11.60
2009.02.03 11:50:57.708,0.571,0.5713,2.80,6.20
2009.02.03 11:50:58.048,0.5709,0.5713,14.40,9.60
2009.02.03 11:50:59.007,0.57095,0.5713,2.80,9.60
2009.02.03 11:51:31.189,0.57095,0.5713,2.80,3.40
2009.02.03 11:51:42.107,0.571,0.5713,2.80,3.40
2009.02.03 11:51:47.595,0.571,0.57125,2.80,1.00
2009.02.03 11:52:02.772,0.571,0.57135,2.80,9.60
2009.02.03 11:52:04.541,0.571,0.5713,2.80,4.20
2009.02.03 11:52:29.975,0.57105,0.57125,2.80,3.40
2009.02.03 11:52:30.605,0.57095,0.5712,12.80,3.40
2009.02.03 11:52:31.405,0.57105,0.5714,2.80,12.40
2009.02.03 11:52:35.734,0.5712,0.57135,2.20,9.60
2009.02.03 11:52:38.563,0.5711,0.5713,2.20,3.40
2009.02.03 11:52:39.193,0.57115,0.5714,5.20,12.40
2009.02.03 11:52:41.123,0.57115,0.57135,2.80,10.40
2009.02.03 11:52:41.342,0.57105,0.5713,2.80,3.40
2009.02.03 11:52:42.222,0.57105,0.5714,2.80,12.40
2009.02.03 11:52:42.922,0.57105,0.57135,2.80,3.40
2009.02.03 11:52:43.742,0.57095,0.5713,3.00,3.40
2009.02.03 11:52:45.511,0.57105,0.5714,2.80,12.40
2009.02.03 11:52:50.440,0.5711,0.57135,2.80,3.40
2009.02.03 11:52:50.610,0.571,0.57135,3.00,3.40
2009.02.03 11:52:50.951,0.5712,0.57135,2.20,3.40
2009.02.03 11:52:57.969,0.57105,0.57125,6.20,3.40
2009.02.03 11:52:58.538,0.57115,0.57135,2.80,3.40
2009.02.03 11:52:59.118,0.5712,0.57135,5.20,3.40
2009.02.03 11:52:59.528,0.5711,0.57135,5.20,3.40
2009.02.03 11:53:05.747,0.57115,0.5713,5.20,3.40
2009.02.03 11:53:06.616,0.57115,0.5713,2.80,3.40
2009.02.03 11:53:07.126,0.57115,0.5713,5.20,3.40
2009.02.03 11:53:09.246,0.57105,0.57125,5.00,3.40
2009.02.03 11:53:10.666,0.57115,0.57135,2.80,10.40
2009.02.03 11:53:11.225,0.571,0.5713,5.00,3.40
2009.02.03 11:53:11.685,0.57115,0.5713,2.20,3.40
2009.02.03 11:53:12.985,0.57115,0.5713,5.20,3.40
2009.02.03 11:53:17.404,0.57115,0.5713,2.20,3.40
2009.02.03 11:53:17.754,0.57105,0.5713,5.00,3.40
2009.02.03 11:53:21.683,0.57105,0.5713,2.80,3.40
2009.02.03 11:53:22.192,0.57095,0.57125,2.80,3.40
2009.02.03 11:53:30.881,0.571,0.5712,2.80,3.40
2009.02.03 11:53:41.968,0.57115,0.57135,2.80,6.20
2009.02.03 11:53:42.718,0.57115,0.57135,2.80,4.20
2009.02.03 11:53:45.837,0.57105,0.57135,7.60,4.20
2009.02.03 11:53:52.946,0.5711,0.57135,2.80,3.40
2009.02.03 11:53:53.775,0.5712,0.57145,2.80,12.40
2009.02.03 11:53:54.575,0.57125,0.57155,2.80,1.00
2009.02.03 11:53:58.654,0.57115,0.57145,3.00,3.40
2009.02.03 11:54:01.303,0.5714,0.57155,2.80,9.20
2009.02.03 11:54:01.753,0.5714,0.57155,2.80,2.80
2009.02.03 11:54:02.203,0.5714,0.57165,2.80,7.80
2009.02.03 11:54:03.143,0.57145,0.57165,2.80,3.40
2009.02.03 11:54:03.942,0.57145,0.5716,2.80,10.40
2009.02.03 11:54:04.512,0.5713,0.5716,5.20,9.60
2009.02.03 11:54:12.340,0.57135,0.5716,5.20,3.40
2009.02.03 11:54:13.230,0.5714,0.5717,2.80,12.40
2009.02.03 11:54:13.690,0.5714,0.57165,5.20,9.60
2009.02.03 11:54:15.370,0.5714,0.5716,2.20,9.60
2009.02.03 11:54:17.089,0.57155,0.57175,2.80,13.60
2009.02.03 11:54:17.559,0.57155,0.5717,2.80,9.60
2009.02.03 11:54:17.899,0.5716,0.5718,2.80,9.00
2009.02.03 11:54:20.268,0.57165,0.57175,2.80,4.00
2009.02.03 11:54:20.438,0.57165,0.5717,2.80,3.20
2009.02.03 11:54:22.328,0.5717,0.57185,2.80,6.00
2009.02.03 11:54:25.697,0.5717,0.5718,2.80,1.00
2009.02.03 11:54:27.087,0.5717,0.5719,2.80,4.40
2009.02.03 11:54:37.784,0.57155,0.57185,2.80,4.20
2009.02.03 11:54:45.342,0.5717,0.57185,2.80,3.40
2009.02.03 11:54:48.392,0.5717,0.57195,2.80,9.00
2009.02.03 11:54:49.761,0.5717,0.5719,2.80,3.40
2009.02.03 11:54:50.241,0.57175,0.5719,2.80,3.40
2009.02.03 11:54:50.871,0.57165,0.5719,2.80,3.40
2009.02.03 11:55:04.808,0.57175,0.5721,2.80,15.20
2009.02.03 11:55:05.138,0.57175,0.57205,2.80,11.60
2009.02.03 11:55:05.368,0.57175,0.57205,2.80,9.60
2009.02.03 11:55:05.478,0.5716,0.57205,7.40,9.60
2009.02.03 11:55:05.898,0.5718,0.57205,2.80,9.60
2009.02.03 11:55:06.917,0.5718,0.572,2.80,6.20
2009.02.03 11:55:07.087,0.5717,0.572,2.80,6.20
2009.02.03 11:55:07.667,0.5717,0.572,2.80,3.40
2009.02.03 11:55:11.036,0.5718,0.572,2.80,3.40
2009.02.03 11:55:11.456,0.5718,0.5721,2.80,13.60
2009.02.03 11:55:11.746,0.5718,0.57205,2.80,3.40
2009.02.03 11:55:12.316,0.5719,0.57215,2.80,17.60
2009.02.03 11:55:12.826,0.5718,0.57205,2.80,3.40
2009.02.03 11:55:13.276,0.57185,0.57205,5.20,3.40
2009.02.03 11:55:13.566,0.57195,0.57215,2.80,17.20
2009.02.03 11:55:14.845,0.57195,0.5721,2.80,3.40
2009.02.03 11:55:15.375,0.5719,0.57225,2.80,11.60
2009.02.03 11:55:17.435,0.57205,0.57235,2.80,15.20
2009.02.03 11:55:17.845,0.57195,0.5722,2.80,3.40
2009.02.03 11:55:23.683,0.57195,0.5722,2.80,4.20
2009.02.03 11:55:24.103,0.57185,0.57215,2.80,6.20
2009.02.03 11:55:24.453,0.5719,0.57225,2.80,11.60
2009.02.03 11:55:24.803,0.5718,0.5721,3.00,3.40
2009.02.03 11:55:25.323,0.5719,0.5721,2.80,1.00
2009.02.03 11:55:25.843,0.57205,0.57225,1.00,4.40
2009.02.03 11:55:26.133,0.57215,0.57235,2.80,1.80
2009.02.03 11:55:26.593,0.57215,0.5725,2.80,12.40
2009.02.03 11:55:27.003,0.5723,0.5725,2.80,7.00
2009.02.03 11:55:27.532,0.57215,0.57245,2.80,2.80
2009.02.03 11:55:28.062,0.57215,0.5724,2.80,3.40
2009.02.03 11:55:28.412,0.57205,0.57235,2.80,3.40
2009.02.03 11:55:29.162,0.5721,0.57235,2.80,5.40
2009.02.03 11:55:31.951,0.57195,0.57235,7.60,11.60
2009.02.03 11:55:32.531,0.572,0.5723,2.80,1.80
2009.02.03 11:55:34.670,0.57205,0.5724,2.80,11.60
2009.02.03 11:55:35.071,0.57205,0.57235,2.80,9.60
2009.02.03 11:55:36.160,0.57205,0.57235,2.80,6.20
2009.02.03 11:55:46.288,0.57205,0.5723,2.80,3.40
2009.02.03 11:55:49.837,0.57215,0.5723,2.80,3.40
2009.02.03 11:55:50.857,0.57205,0.57225,2.80,4.20
2009.02.03 11:55:53.536,0.5721,0.57225,2.80,3.40
2009.02.03 11:55:54.046,0.572,0.5722,2.80,3.40
2009.02.03 11:55:55.176,0.5719,0.5722,5.40,3.40
2009.02.03 11:55:57.735,0.57205,0.5722,2.80,3.40
2009.02.03 11:56:00.974,0.57195,0.5722,5.00,4.20
2009.02.03 11:56:01.424,0.57205,0.5722,2.80,3.40
2009.02.03 11:56:06.403,0.572,0.57215,2.80,4.20
2009.02.03 11:56:08.622,0.5719,0.5721,2.80,3.40
2009.02.03 11:56:10.822,0.5718,0.5721,5.00,4.20
2009.02.03 11:56:11.272,0.5718,0.5721,2.80,3.40
2009.02.03 11:56:11.663,0.5718,0.5721,2.80,9.60
2009.02.03 11:56:16.060,0.5718,0.5721,2.80,10.40
2009.02.03 11:56:16.930,0.5718,0.572,2.80,3.40
2009.02.03 11:56:22.069,0.57185,0.5721,2.80,10.40
2009.02.03 11:56:28.018,0.57175,0.572,5.20,4.20
2009.02.03 11:56:28.367,0.57185,0.5721,2.80,4.40
2009.02.03 11:56:33.186,0.5719,0.5721,2.80,4.20
2009.02.03 11:56:46.213,0.5718,0.5721,2.80,4.20
2009.02.03 11:56:51.232,0.5719,0.5721,2.80,1.00
2009.02.03 11:56:52.382,0.572,0.5722,2.80,13.60
2009.02.03 11:56:52.911,0.57185,0.57215,5.00,4.20
2009.02.03 11:56:53.261,0.5719,0.5721,2.80,1.00
2009.02.03 11:56:57.870,0.572,0.5722,2.80,17.20
2009.02.03 11:56:58.270,0.572,0.57215,2.80,4.20
2009.02.03 11:57:01.050,0.57205,0.57225,2.80,9.00
2009.02.03 11:57:01.730,0.5719,0.5722,5.20,4.20
2009.02.03 11:57:02.780,0.57195,0.57215,2.80,3.40
2009.02.03 11:57:04.169,0.57195,0.57225,2.80,15.20
2009.02.03 11:57:04.629,0.57185,0.57215,5.40,4.20
2009.02.03 11:57:04.989,0.5719,0.5721,5.20,3.40
2009.02.03 11:57:06.228,0.57205,0.57225,2.80,20.40
2009.02.03 11:57:06.788,0.57195,0.5722,5.00,4.20
2009.02.03 11:57:07.258,0.57195,0.5722,2.80,4.20
2009.02.03 11:57:08.358,0.57195,0.57215,2.80,3.40
2009.02.03 11:57:08.968,0.57185,0.57215,5.20,3.40
2009.02.03 11:57:31.652,0.57185,0.5721,3.00,3.40
2009.02.03 11:57:31.823,0.57185,0.5721,2.80,4.20
2009.02.03 11:57:39.760,0.5719,0.5721,2.80,4.20
2009.02.03 11:57:44.949,0.5719,0.5721,2.80,3.40
2009.02.03 11:57:45.519,0.5719,0.5721,2.80,4.20
2009.02.03 11:57:48.048,0.572,0.5722,2.80,4.20
2009.02.03 11:57:48.328,0.572,0.5721,2.80,1.00
2009.02.03 11:57:48.438,0.57185,0.5721,3.00,4.20
2009.02.03 11:57:49.198,0.5719,0.572,2.80,1.00
2009.02.03 11:57:49.418,0.5719,0.57215,2.80,5.80
2009.02.03 11:57:50.448,0.5719,0.5721,2.80,3.40
2009.02.03 11:57:50.678,0.57195,0.5722,2.80,10.40
2009.02.03 11:57:52.607,0.57175,0.572,19.80,4.20
2009.02.03 11:57:53.067,0.5719,0.57215,2.80,6.40
2009.02.03 11:57:53.637,0.5719,0.5721,2.80,4.20
2009.02.03 11:57:57.136,0.57195,0.5722,2.80,6.20
2009.02.03 11:57:57.816,0.57185,0.5721,3.00,4.20
2009.02.03 11:57:59.036,0.57195,0.5722,2.80,4.20
2009.02.03 11:58:05.814,0.572,0.57215,2.20,3.40
2009.02.03 11:58:06.424,0.572,0.57225,5.20,4.40
2009.02.03 11:58:07.004,0.572,0.5722,2.80,4.20
2009.02.03 11:58:10.133,0.5721,0.5723,2.80,12.40
2009.02.03 11:58:10.913,0.5721,0.5723,2.80,10.40
2009.02.03 11:58:11.652,0.5721,0.57225,2.80,1.00
2009.02.03 11:58:11.942,0.572,0.57225,2.80,4.20
2009.02.03 11:58:12.982,0.57205,0.57225,2.80,9.00
2009.02.03 11:58:14.242,0.5719,0.5722,6.20,3.40
2009.02.03 11:58:14.762,0.57195,0.5722,2.80,4.20
2009.02.03 11:58:17.221,0.57185,0.57215,2.80,4.20
2009.02.03 11:58:22.480,0.5719,0.57215,2.80,3.40
2009.02.03 11:58:23.110,0.572,0.57215,2.80,3.40
2009.02.03 11:58:24.400,0.57205,0.57225,2.80,15.20
2009.02.03 11:58:25.119,0.57195,0.57215,2.80,3.40
2009.02.03 11:58:26.739,0.57205,0.57225,2.80,4.20
2009.02.03 11:58:26.849,0.57205,0.57225,2.80,3.40
2009.02.03 11:58:27.409,0.5721,0.57235,2.80,4.40
2009.02.03 11:58:29.818,0.5721,0.5723,2.80,4.20
2009.02.03 11:58:30.108,0.572,0.5722,2.80,4.20
2009.02.03 11:58:30.678,0.572,0.57215,2.80,3.40
2009.02.03 11:58:31.188,0.57205,0.5723,2.80,4.40
2009.02.03 11:58:32.328,0.5721,0.5723,2.80,4.20
2009.02.03 11:58:32.848,0.572,0.57225,5.00,3.40
2009.02.03 11:58:34.567,0.5721,0.57235,2.80,10.40
2009.02.03 11:58:37.586,0.572,0.57225,5.00,3.40
2009.02.03 11:58:37.926,0.572,0.57225,5.20,3.40
2009.02.03 11:58:39.666,0.572,0.57225,2.80,3.40
2009.02.03 11:58:40.176,0.572,0.57225,5.20,3.40
2009.02.03 11:58:42.485,0.572,0.5722,5.20,3.40
2009.02.03 11:58:42.845,0.572,0.5723,5.20,15.20
2009.02.03 11:58:43.365,0.572,0.57225,5.20,3.40
2009.02.03 11:58:55.142,0.57205,0.57235,2.80,16.00
2009.02.03 11:58:55.312,0.57205,0.5723,5.20,10.40
2009.02.03 11:58:56.422,0.57205,0.57225,2.20,3.40
2009.02.03 11:58:56.532,0.57195,0.57225,5.20,3.40
2009.02.03 11:59:01.361,0.5721,0.57225,2.20,3.40
2009.02.03 11:59:02.130,0.57205,0.57235,2.80,4.40
2009.02.03 11:59:03.420,0.5721,0.57225,2.80,4.20
2009.02.03 11:59:03.980,0.57215,0.57235,2.80,4.40
2009.02.03 11:59:06.709,0.57215,0.57225,2.80,1.00
2009.02.03 11:59:07.109,0.57205,0.57225,2.80,3.40
2009.02.03 11:59:07.229,0.57215,0.57235,2.80,4.40
2009.02.03 11:59:11.048,0.57215,0.57225,2.80,1.00
2009.02.03 11:59:11.328,0.57205,0.57225,2.80,4.20
2009.02.03 11:59:13.977,0.5721,0.57225,2.80,3.40
2009.02.03 11:59:14.377,0.57215,0.5724,2.80,10.40
2009.02.03 11:59:16.207,0.5722,0.5724,2.80,10.40
2009.02.03 11:59:17.127,0.5721,0.57235,2.80,3.40
2009.02.03 11:59:18.546,0.57215,0.5723,2.80,3.40
2009.02.03 11:59:24.695,0.57215,0.5724,2.80,10.40
2009.02.03 11:59:25.195,0.57215,0.5723,2.80,3.40
2009.02.03 11:59:29.714,0.57215,0.5724,2.80,10.40
2009.02.03 11:59:32.223,0.57215,0.5723,2.80,3.40
2009.02.03 11:59:36.342,0.57215,0.5724,2.80,10.40
2009.02.03 11:59:36.872,0.57215,0.5723,2.80,3.40
2009.02.03 11:59:38.681,0.57215,0.5724,2.80,10.40
2009.02.03 11:59:41.171,0.57215,0.5723,2.80,3.40
2009.02.03 11:59:41.561,0.57215,0.5724,2.80,10.40
2009.02.03 11:59:42.041,0.57215,0.5723,2.80,3.40
2009.02.03 11:59:42.330,0.572,0.57225,2.80,3.40
2009.02.03 11:59:49.969,0.57205,0.5722,2.80,3.40
2009.02.03 11:59:50.269,0.57205,0.5722,2.80,4.20
2009.02.03 11:59:51.580,0.5721,0.57235,2.80,16.00
2009.02.03 11:59:52.419,0.57215,0.5723,2.80,3.40
2009.02.03 11:59:52.838,0.5722,0.5724,2.80,10.40
2009.02.03 11:59:54.088,0.5722,0.5724,2.80,4.20
2009.02.03 11:59:55.028,0.5721,0.57235,2.80,3.40
2009.02.03 11:59:57.417,0.57215,0.57235,2.80,4.20
