2009.02.17 19:00:00.815,0.5893,0.58955,1.20,4.80
2009.02.17 19:00:04.504,0.58935,0.58955,1.20,4.80
2009.02.17 19:00:07.863,0.5894,0.5896,1.20,4.80
2009.02.17 19:00:10.112,0.58945,0.5896,1.20,4.80
2009.02.17 19:00:14.391,0.5895,0.5896,1.20,4.80
2009.02.17 19:00:15.142,0.58945,0.5896,1.20,4.80
2009.02.17 19:00:42.115,0.58945,0.58965,1.20,4.80
2009.02.17 19:00:57.261,0.58935,0.5896,3.20,4.80
2009.02.17 19:00:57.551,0.58935,0.5896,1.60,4.80
2009.02.17 19:00:57.781,0.58935,0.5896,1.20,4.80
2009.02.17 19:01:07.118,0.58935,0.58955,1.20,4.80
2009.02.17 19:01:16.386,0.5893,0.58955,1.20,4.80
2009.02.17 19:01:26.294,0.58935,0.58955,1.20,4.80
2009.02.17 19:01:27.805,0.5893,0.58955,1.20,4.80
2009.02.17 19:01:29.964,0.5892,0.58945,1.20,4.80
2009.02.17 19:01:31.033,0.58915,0.5893,1.20,4.80
2009.02.17 19:01:37.161,0.58915,0.58935,1.20,4.80
2009.02.17 19:01:39.391,0.58915,0.5894,1.20,4.80
2009.02.17 19:01:56.417,0.5892,0.5895,1.20,4.80
2009.02.17 19:02:00.755,0.58925,0.5895,1.20,4.80
2009.02.17 19:02:08.834,0.5893,0.5895,1.20,4.80
2009.02.17 19:02:10.483,0.58925,0.5895,1.20,4.80
2009.02.17 19:02:13.173,0.5894,0.58955,1.20,4.80
2009.02.17 19:02:13.792,0.58925,0.5895,11.00,4.80
2009.02.17 19:02:14.192,0.58925,0.5895,1.20,4.80
2009.02.17 19:02:15.442,0.5892,0.58945,1.20,4.80
2009.02.17 19:02:16.312,0.58925,0.5895,1.20,4.80
2009.02.17 19:02:41.726,0.5892,0.5894,1.20,4.80
2009.02.17 19:02:41.955,0.58925,0.58945,1.20,4.80
2009.02.17 19:02:42.675,0.58925,0.5894,1.20,4.80
2009.02.17 19:02:44.765,0.5892,0.58935,1.20,4.80
2009.02.17 19:02:48.624,0.58915,0.5893,3.20,4.80
2009.02.17 19:02:48.744,0.58915,0.5893,1.20,4.80
2009.02.17 19:03:10.069,0.5891,0.58925,1.20,4.80
2009.02.17 19:03:10.488,0.58915,0.5893,1.20,4.80
2009.02.17 19:03:30.674,0.5891,0.58925,1.20,4.80
2009.02.17 19:03:31.533,0.58915,0.5893,1.20,4.80
2009.02.17 19:03:32.683,0.5891,0.5893,1.20,4.80
2009.02.17 19:03:37.112,0.58905,0.5892,3.20,4.80
2009.02.17 19:03:37.562,0.58905,0.5892,2.80,4.80
2009.02.17 19:03:37.732,0.58905,0.5892,1.20,4.80
2009.02.17 19:03:41.971,0.589,0.58915,1.20,4.80
2009.02.17 19:03:42.711,0.58895,0.58915,3.20,4.80
2009.02.17 19:03:43.410,0.58895,0.58915,1.20,4.80
2009.02.17 19:03:47.199,0.58895,0.5891,1.20,4.80
2009.02.17 19:03:50.679,0.58895,0.58915,1.20,4.80
2009.02.17 19:03:51.029,0.589,0.58915,1.20,4.80
2009.02.17 19:03:53.048,0.58895,0.58915,1.20,4.80
2009.02.17 19:03:56.747,0.58895,0.5891,1.20,4.80
2009.02.17 19:04:02.646,0.58895,0.58915,1.20,4.80
2009.02.17 19:04:07.855,0.589,0.58915,1.20,4.80
2009.02.17 19:04:13.303,0.58895,0.5891,1.20,4.80
2009.02.17 19:04:16.782,0.58895,0.5891,2.00,4.80
2009.02.17 19:04:17.012,0.589,0.58915,1.20,4.80
2009.02.17 19:04:17.303,0.58895,0.5891,3.20,4.80
2009.02.17 19:04:17.822,0.58895,0.58905,1.60,4.80
2009.02.17 19:04:18.242,0.5889,0.58905,1.60,4.80
2009.02.17 19:04:18.582,0.5889,0.58905,1.20,4.80
2009.02.17 19:04:19.812,0.58885,0.58905,1.20,4.80
2009.02.17 19:04:20.102,0.58875,0.58905,1.20,4.80
2009.02.17 19:04:20.512,0.58875,0.58905,6.00,4.80
2009.02.17 19:04:22.361,0.58885,0.58905,1.20,4.80
2009.02.17 19:04:24.281,0.5888,0.589,1.20,4.80
2009.02.17 19:04:27.080,0.5888,0.5889,1.20,4.80
2009.02.17 19:04:28.469,0.5888,0.589,1.20,4.80
2009.02.17 19:04:30.819,0.5888,0.5889,1.20,4.80
2009.02.17 19:04:31.169,0.58875,0.5889,1.20,4.80
2009.02.17 19:04:33.289,0.5889,0.58905,1.20,4.80
2009.02.17 19:04:33.683,0.5889,0.5891,3.20,4.80
2009.02.17 19:04:34.038,0.589,0.5892,1.20,4.80
2009.02.17 19:04:34.548,0.58905,0.5892,1.20,4.80
2009.02.17 19:04:34.898,0.5891,0.58925,1.20,4.80
2009.02.17 19:04:35.528,0.58905,0.5892,1.20,4.80
2009.02.17 19:04:37.388,0.5891,0.58925,1.20,4.80
2009.02.17 19:04:37.677,0.58915,0.58935,1.20,4.80
2009.02.17 19:04:38.607,0.58915,0.5894,1.20,4.80
2009.02.17 19:04:40.696,0.5892,0.58945,1.20,4.80
2009.02.17 19:04:40.986,0.58925,0.58945,1.20,4.80
2009.02.17 19:04:41.677,0.5893,0.58955,1.20,8.00
2009.02.17 19:04:41.906,0.5893,0.58955,1.20,6.40
2009.02.17 19:04:42.376,0.58935,0.58965,1.20,6.40
2009.02.17 19:04:42.786,0.58935,0.58965,1.20,4.80
2009.02.17 19:04:45.006,0.5894,0.58965,1.20,4.80
2009.02.17 19:04:46.995,0.5895,0.58975,1.20,4.80
2009.02.17 19:04:47.275,0.58955,0.58975,1.20,4.80
2009.02.17 19:04:47.515,0.5895,0.58965,1.20,4.80
2009.02.17 19:04:48.135,0.58945,0.5896,3.20,4.80
2009.02.17 19:04:48.815,0.5894,0.58955,1.20,4.80
2009.02.17 19:04:51.644,0.5894,0.58955,2.00,4.80
2009.02.17 19:04:51.914,0.5894,0.58955,3.20,4.80
2009.02.17 19:04:52.624,0.58935,0.5895,1.20,4.80
2009.02.17 19:04:54.563,0.58935,0.5895,3.20,4.80
2009.02.17 19:04:56.783,0.58935,0.5895,1.20,4.80
2009.02.17 19:04:58.333,0.58935,0.58955,1.20,4.80
2009.02.17 19:05:01.912,0.58935,0.5895,1.20,4.80
2009.02.17 19:05:04.441,0.5894,0.58955,1.20,4.80
2009.02.17 19:05:06.711,0.5892,0.58925,1.60,4.80
2009.02.17 19:05:07.120,0.58905,0.5892,1.20,4.80
2009.02.17 19:05:07.410,0.5889,0.5892,4.00,4.80
2009.02.17 19:05:07.690,0.58895,0.5892,1.20,4.80
2009.02.17 19:05:08.960,0.589,0.5892,1.20,4.80
2009.02.17 19:05:09.749,0.589,0.58915,1.20,4.80
2009.02.17 19:05:10.619,0.58905,0.5892,1.20,4.80
2009.02.17 19:05:12.129,0.58915,0.58925,1.20,4.80
2009.02.17 19:05:13.569,0.5891,0.58925,1.20,4.80
2009.02.17 19:05:13.859,0.58915,0.5894,1.20,4.80
2009.02.17 19:05:13.979,0.5892,0.58945,1.20,4.80
2009.02.17 19:05:15.178,0.58915,0.5893,1.20,4.80
2009.02.17 19:05:17.778,0.5892,0.58935,1.20,4.80
2009.02.17 19:05:17.888,0.58915,0.5893,1.20,4.80
2009.02.17 19:05:18.108,0.5892,0.58945,1.20,4.80
2009.02.17 19:05:18.518,0.58915,0.5894,1.20,4.80
2009.02.17 19:05:18.637,0.58915,0.5894,5.60,4.80
2009.02.17 19:05:18.747,0.5892,0.58945,1.20,4.80
2009.02.17 19:05:19.317,0.58915,0.58925,4.40,4.80
2009.02.17 19:05:19.487,0.5891,0.58925,3.20,4.80
2009.02.17 19:05:20.187,0.58915,0.5894,1.20,4.80
2009.02.17 19:05:23.656,0.5892,0.5894,1.20,4.80
2009.02.17 19:05:24.276,0.58915,0.5894,1.20,4.80
2009.02.17 19:05:40.272,0.58915,0.5893,1.20,4.80
2009.02.17 19:05:49.810,0.58915,0.5893,2.00,4.80
2009.02.17 19:05:50.150,0.5892,0.58935,3.20,4.80
2009.02.17 19:05:50.500,0.5893,0.58945,1.20,4.80
2009.02.17 19:05:50.910,0.58935,0.58955,3.20,4.80
2009.02.17 19:05:51.190,0.5895,0.5896,1.60,4.80
2009.02.17 19:05:51.540,0.58955,0.5897,1.20,6.60
2009.02.17 19:05:51.990,0.58955,0.5897,1.20,4.80
2009.02.17 19:05:53.430,0.5896,0.58975,1.20,4.80
2009.02.17 19:05:53.759,0.58955,0.5897,1.20,4.80
2009.02.17 19:05:54.739,0.58955,0.58975,1.20,4.80
2009.02.17 19:05:56.538,0.58955,0.5898,1.20,4.80
2009.02.17 19:05:57.038,0.5896,0.5898,1.20,4.80
2009.02.17 19:06:01.457,0.5896,0.58975,1.20,4.80
2009.02.17 19:06:01.637,0.58955,0.5897,1.20,4.80
2009.02.17 19:06:08.245,0.58945,0.58955,4.80,4.80
2009.02.17 19:06:08.706,0.5893,0.5895,3.20,4.80
2009.02.17 19:06:08.985,0.58925,0.5895,1.20,4.80
2009.02.17 19:06:11.395,0.5893,0.5895,1.20,4.80
2009.02.17 19:06:25.022,0.58925,0.5895,1.20,4.80
2009.02.17 19:06:27.811,0.58925,0.58955,1.20,4.80
2009.02.17 19:06:28.481,0.5892,0.58945,1.20,4.80
2009.02.17 19:06:29.071,0.58925,0.58955,1.20,4.80
2009.02.17 19:06:32.410,0.58925,0.5895,1.20,4.80
2009.02.17 19:06:38.258,0.5892,0.58945,1.20,4.80
2009.02.17 19:06:39.808,0.58925,0.58955,1.20,4.80
2009.02.17 19:06:39.988,0.58925,0.5895,1.20,4.80
2009.02.17 19:06:40.997,0.5892,0.58945,1.20,4.80
2009.02.17 19:06:44.797,0.58925,0.58955,1.20,4.80
2009.02.17 19:06:50.225,0.5892,0.58935,1.20,4.80
2009.02.17 19:06:51.665,0.58935,0.5895,1.20,11.00
2009.02.17 19:06:51.955,0.5894,0.5895,1.20,3.40
2009.02.17 19:06:52.065,0.5894,0.58955,1.20,4.80
2009.02.17 19:06:55.384,0.5894,0.58965,1.20,4.80
2009.02.17 19:06:58.204,0.5893,0.58945,1.20,4.80
2009.02.17 19:06:58.663,0.58935,0.58955,1.20,4.80
2009.02.17 19:06:59.503,0.58935,0.58955,2.00,4.80
2009.02.17 19:06:59.903,0.5894,0.58955,1.00,4.80
2009.02.17 19:07:00.423,0.58935,0.58955,12.60,4.80
2009.02.17 19:07:00.713,0.5895,0.58975,1.20,4.80
2009.02.17 19:07:01.113,0.5896,0.5899,1.20,10.20
2009.02.17 19:07:01.513,0.5897,0.59005,1.20,8.00
2009.02.17 19:07:02.202,0.5898,0.59005,1.20,8.00
2009.02.17 19:07:02.592,0.58985,0.59,1.20,4.80
2009.02.17 19:07:04.722,0.5899,0.59005,1.20,4.80
2009.02.17 19:07:06.151,0.58975,0.59005,12.20,4.80
2009.02.17 19:07:06.941,0.5898,0.59,1.00,4.80
2009.02.17 19:07:07.281,0.5897,0.5899,1.20,4.80
2009.02.17 19:07:07.841,0.58975,0.59,1.20,4.80
2009.02.17 19:07:08.391,0.5897,0.58995,1.20,4.80
2009.02.17 19:07:08.731,0.58975,0.59,1.20,4.80
2009.02.17 19:07:13.860,0.5897,0.5899,1.20,4.80
2009.02.17 19:07:15.969,0.5899,0.59005,1.20,8.00
2009.02.17 19:07:16.189,0.5899,0.59005,1.20,3.20
2009.02.17 19:07:16.479,0.58995,0.59005,1.20,1.60
2009.02.17 19:07:16.939,0.58995,0.5902,1.20,4.80
2009.02.17 19:07:18.029,0.58995,0.59025,1.20,4.80
2009.02.17 19:07:18.378,0.59005,0.5903,1.20,4.80
2009.02.17 19:07:18.959,0.59,0.59015,1.20,4.80
2009.02.17 19:07:19.368,0.59,0.5902,1.20,4.80
2009.02.17 19:07:19.598,0.59,0.5902,1.60,4.80
2009.02.17 19:07:20.068,0.59015,0.59035,1.20,8.00
2009.02.17 19:07:20.288,0.59005,0.59025,1.20,4.80
2009.02.17 19:07:21.368,0.59,0.5902,1.00,4.80
2009.02.17 19:07:21.828,0.58995,0.5902,1.20,4.80
2009.02.17 19:07:22.218,0.59,0.5902,1.20,4.80
2009.02.17 19:07:22.458,0.58995,0.5902,1.20,4.80
2009.02.17 19:07:22.798,0.58995,0.59015,1.20,4.80
2009.02.17 19:07:24.777,0.58985,0.59015,1.20,4.80
2009.02.17 19:07:25.937,0.59,0.5902,1.20,4.80
2009.02.17 19:07:27.256,0.5901,0.5902,1.20,4.80
2009.02.17 19:07:27.546,0.59,0.5902,1.20,4.80
2009.02.17 19:07:28.746,0.59005,0.5902,1.20,4.80
2009.02.17 19:07:30.006,0.59,0.59015,1.20,4.80
2009.02.17 19:07:30.396,0.59,0.5901,1.20,4.80
2009.02.17 19:07:30.956,0.5901,0.5902,1.20,4.80
2009.02.17 19:07:31.185,0.5901,0.59025,1.20,7.40
2009.02.17 19:07:31.425,0.5901,0.59025,1.20,4.80
2009.02.17 19:07:32.115,0.59015,0.5903,1.20,4.80
2009.02.17 19:07:32.575,0.5901,0.59025,1.20,4.80
2009.02.17 19:07:34.285,0.59015,0.5904,1.20,10.60
2009.02.17 19:07:34.575,0.59025,0.5904,1.20,1.60
2009.02.17 19:07:34.925,0.59025,0.5905,1.20,7.40
2009.02.17 19:07:36.305,0.59025,0.5905,1.20,4.80
2009.02.17 19:07:36.744,0.5902,0.59045,1.20,4.80
2009.02.17 19:07:37.204,0.59025,0.59045,1.20,4.80
2009.02.17 19:07:38.504,0.59025,0.5905,1.20,4.80
2009.02.17 19:07:38.954,0.59035,0.59055,1.20,4.80
2009.02.17 19:07:40.043,0.59025,0.5905,1.20,4.80
2009.02.17 19:07:40.383,0.5904,0.5906,1.20,4.80
2009.02.17 19:07:40.723,0.5903,0.59055,4.80,4.80
2009.02.17 19:07:40.883,0.5904,0.5906,1.20,4.80
2009.02.17 19:07:41.163,0.59035,0.5906,1.20,4.80
2009.02.17 19:07:41.433,0.5903,0.5906,1.20,4.80
2009.02.17 19:07:41.723,0.59045,0.59065,1.20,4.80
2009.02.17 19:07:42.163,0.59035,0.5906,10.40,4.80
2009.02.17 19:07:42.633,0.59035,0.5906,1.20,4.80
2009.02.17 19:07:43.043,0.5905,0.5907,1.20,4.80
2009.02.17 19:07:43.323,0.59055,0.59075,1.20,4.80
2009.02.17 19:07:43.992,0.5905,0.5907,1.20,4.80
2009.02.17 19:07:44.682,0.59045,0.59065,1.20,4.80
2009.02.17 19:07:45.042,0.5904,0.59065,3.20,4.80
2009.02.17 19:07:45.772,0.5904,0.59065,1.20,4.80
2009.02.17 19:07:46.642,0.59035,0.5906,1.60,4.80
2009.02.17 19:07:46.922,0.5903,0.5906,1.20,4.80
2009.02.17 19:07:47.781,0.5903,0.59055,1.20,4.80
2009.02.17 19:07:48.701,0.59025,0.59055,1.20,4.80
2009.02.17 19:07:49.921,0.5902,0.59045,3.20,4.80
2009.02.17 19:07:51.631,0.5902,0.5904,1.60,4.80
2009.02.17 19:07:52.030,0.5902,0.5904,1.20,4.80
2009.02.17 19:07:56.489,0.5903,0.5905,1.20,4.80
2009.02.17 19:07:57.119,0.59025,0.59045,1.20,4.80
2009.02.17 19:07:57.599,0.5902,0.5904,1.20,4.80
2009.02.17 19:07:59.349,0.5903,0.59045,1.20,4.80
2009.02.17 19:07:59.908,0.59015,0.5904,6.40,4.80
2009.02.17 19:08:00.178,0.59015,0.5904,1.20,4.80
2009.02.17 19:08:00.558,0.59005,0.5904,1.20,4.80
2009.02.17 19:08:04.088,0.59,0.5904,7.80,4.80
2009.02.17 19:08:09.306,0.59005,0.5904,1.20,4.80
2009.02.17 19:08:12.085,0.5901,0.59045,1.20,4.80
2009.02.17 19:08:12.965,0.59015,0.59045,1.20,4.80
2009.02.17 19:08:13.195,0.59015,0.5905,1.20,4.80
2009.02.17 19:08:13.555,0.59015,0.59045,1.20,4.80
2009.02.17 19:08:13.725,0.5901,0.59045,5.60,4.80
2009.02.17 19:08:14.005,0.5901,0.59045,1.20,4.80
2009.02.17 19:08:16.964,0.59005,0.5904,5.60,4.80
2009.02.17 19:08:17.384,0.59005,0.5904,1.20,4.80
2009.02.17 19:08:17.734,0.59005,0.59035,1.20,4.80
2009.02.17 19:08:18.814,0.59005,0.5904,1.20,4.80
2009.02.17 19:08:21.623,0.59005,0.59035,1.20,4.80
2009.02.17 19:08:23.563,0.59005,0.59025,1.20,4.80
2009.02.17 19:08:24.193,0.59,0.5902,2.80,4.80
2009.02.17 19:08:24.303,0.59,0.5902,3.20,4.80
2009.02.17 19:08:24.362,0.59015,0.5903,1.20,4.80
2009.02.17 19:08:25.302,0.58995,0.5902,1.20,4.80
2009.02.17 19:08:27.082,0.58995,0.59025,1.20,4.80
2009.02.17 19:08:30.281,0.58985,0.59015,7.20,4.80
2009.02.17 19:08:30.721,0.5898,0.59015,14.20,4.80
2009.02.17 19:08:31.301,0.5897,0.5901,9.60,4.80
2009.02.17 19:08:31.661,0.5897,0.5901,5.60,4.80
2009.02.17 19:08:32.301,0.5897,0.5901,1.20,4.80
2009.02.17 19:08:35.750,0.5898,0.59015,1.20,4.80
2009.02.17 19:08:36.960,0.58975,0.5899,5.60,4.80
2009.02.17 19:08:37.410,0.58975,0.5899,1.20,4.80
2009.02.17 19:08:37.579,0.58975,0.58995,1.20,4.80
2009.02.17 19:08:38.449,0.5898,0.59005,1.20,4.80
2009.02.17 19:08:44.788,0.58965,0.59,6.20,4.80
2009.02.17 19:08:45.068,0.5896,0.5899,1.60,4.80
2009.02.17 19:08:45.548,0.5896,0.58985,1.20,4.80
2009.02.17 19:08:46.757,0.58965,0.58985,1.20,4.80
2009.02.17 19:08:47.317,0.5897,0.58995,1.20,4.80
2009.02.17 19:08:47.657,0.58965,0.5898,1.20,4.80
2009.02.17 19:08:48.177,0.5897,0.58985,1.20,4.80
2009.02.17 19:08:49.427,0.58965,0.58985,1.20,4.80
2009.02.17 19:08:50.186,0.58965,0.5898,1.20,4.80
2009.02.17 19:08:50.536,0.58975,0.5899,1.20,4.80
2009.02.17 19:08:51.176,0.5897,0.58985,1.20,4.80
2009.02.17 19:08:52.566,0.58975,0.5899,1.20,4.80
2009.02.17 19:08:53.296,0.5897,0.58985,1.20,4.80
2009.02.17 19:08:54.575,0.58975,0.5899,1.20,4.80
2009.02.17 19:08:55.335,0.58975,0.58995,1.20,4.80
2009.02.17 19:08:56.075,0.58985,0.59,1.20,4.80
2009.02.17 19:09:01.444,0.58975,0.58985,2.00,4.80
2009.02.17 19:09:01.684,0.5897,0.58985,1.20,4.80
2009.02.17 19:09:01.973,0.5897,0.5899,1.20,4.80
2009.02.17 19:09:02.393,0.5897,0.58985,1.20,4.80
2009.02.17 19:09:02.683,0.58975,0.5899,1.20,4.80
2009.02.17 19:09:03.653,0.5898,0.58995,1.20,4.80
2009.02.17 19:09:04.503,0.58975,0.58995,1.20,4.80
2009.02.17 19:09:06.573,0.5897,0.5899,1.20,4.80
2009.02.17 19:09:07.032,0.58975,0.58995,1.20,4.80
2009.02.17 19:09:07.823,0.5897,0.58985,1.20,4.80
2009.02.17 19:09:09.652,0.5898,0.58995,1.20,6.40
2009.02.17 19:09:10.052,0.5898,0.58995,1.20,4.80
2009.02.17 19:09:10.392,0.58975,0.58995,1.20,4.80
2009.02.17 19:09:11.821,0.5898,0.59,1.20,9.60
2009.02.17 19:09:12.421,0.5898,0.59,1.20,8.00
2009.02.17 19:09:13.381,0.5898,0.59,1.20,9.60
2009.02.17 19:09:13.541,0.58975,0.58995,1.20,4.80
2009.02.17 19:09:14.011,0.5898,0.58995,1.20,4.80
2009.02.17 19:09:14.520,0.58985,0.59,1.20,3.20
2009.02.17 19:09:15.030,0.58985,0.59005,1.20,4.80
2009.02.17 19:09:19.679,0.58985,0.59,1.20,4.80
2009.02.17 19:09:26.148,0.5899,0.59005,1.20,4.80
2009.02.17 19:09:29.327,0.58965,0.5897,4.20,1.00
2009.02.17 19:09:29.507,0.58965,0.5897,4.80,1.00
2009.02.17 19:09:30.037,0.58965,0.5897,1.20,1.00
2009.02.17 19:09:31.307,0.58955,0.5897,5.20,1.00
2009.02.17 19:09:31.608,0.58965,0.5897,7.60,1.00
2009.02.17 19:09:31.886,0.58985,0.59,1.20,1.60
2009.02.17 19:09:32.126,0.58985,0.59005,1.20,4.80
2009.02.17 19:09:33.366,0.58985,0.59,1.20,4.80
2009.02.17 19:09:33.716,0.5898,0.58995,1.20,4.80
2009.02.17 19:09:34.066,0.58965,0.58995,5.20,4.80
2009.02.17 19:09:34.536,0.5896,0.58985,5.60,4.80
2009.02.17 19:09:35.125,0.5896,0.58985,1.20,4.80
2009.02.17 19:09:35.586,0.58965,0.58995,1.20,4.80
2009.02.17 19:09:36.285,0.58975,0.58995,1.20,4.80
2009.02.17 19:09:37.785,0.5898,0.59,1.20,4.80
2009.02.17 19:09:38.015,0.58975,0.58995,1.20,4.80
2009.02.17 19:09:39.185,0.5898,0.59,1.20,4.80
2009.02.17 19:09:41.464,0.5898,0.59005,1.20,4.80
2009.02.17 19:09:42.054,0.5899,0.59005,1.20,4.80
2009.02.17 19:09:43.903,0.58995,0.5901,1.20,4.80
2009.02.17 19:09:44.373,0.59,0.59015,1.20,4.80
2009.02.17 19:09:45.173,0.5899,0.59005,1.20,4.80
2009.02.17 19:09:45.583,0.58995,0.5901,1.20,4.80
2009.02.17 19:09:46.133,0.58985,0.59005,1.20,4.80
2009.02.17 19:09:46.603,0.5898,0.5902,4.80,6.20
2009.02.17 19:09:47.023,0.5898,0.5902,2.00,6.20
2009.02.17 19:09:47.422,0.59,0.59025,1.20,4.80
2009.02.17 19:09:48.052,0.58995,0.59025,1.20,4.80
2009.02.17 19:09:50.682,0.5899,0.5901,1.20,4.80
2009.02.17 19:09:51.561,0.58995,0.5901,1.20,4.80
2009.02.17 19:09:53.821,0.5899,0.5901,1.20,4.80
2009.02.17 19:09:59.369,0.58995,0.5901,1.20,4.80
2009.02.17 19:10:01.459,0.59,0.5902,1.20,3.20
2009.02.17 19:10:01.979,0.59,0.59025,1.20,4.80
2009.02.17 19:10:05.218,0.58995,0.5902,1.20,4.80
2009.02.17 19:10:05.508,0.58995,0.59015,1.20,4.80
2009.02.17 19:10:05.678,0.59,0.5902,1.20,4.80
2009.02.17 19:10:09.128,0.58995,0.59015,1.20,4.80
2009.02.17 19:10:12.267,0.58985,0.59015,1.20,4.80
2009.02.17 19:10:15.386,0.5898,0.59005,3.20,4.80
2009.02.17 19:10:15.856,0.5898,0.5901,3.20,4.80
2009.02.17 19:10:18.625,0.58985,0.59015,1.20,4.80
2009.02.17 19:10:23.694,0.5898,0.5901,3.20,4.80
2009.02.17 19:10:24.443,0.5898,0.59005,3.20,4.80
2009.02.17 19:10:25.433,0.59,0.59015,1.20,4.80
2009.02.17 19:10:35.581,0.58995,0.5901,1.20,4.80
2009.02.17 19:10:41.280,0.58995,0.5901,3.20,4.80
2009.02.17 19:10:41.449,0.5901,0.59025,1.20,4.80
2009.02.17 19:10:44.419,0.59005,0.5902,1.20,4.80
2009.02.17 19:10:45.178,0.59,0.59015,1.20,4.80
2009.02.17 19:10:46.488,0.59005,0.5902,1.20,4.80
2009.02.17 19:10:47.128,0.5901,0.59025,1.20,4.80
2009.02.17 19:10:57.976,0.58995,0.5902,3.20,4.80
2009.02.17 19:10:58.545,0.58995,0.59025,1.20,4.80
2009.02.17 19:11:00.985,0.58995,0.5903,1.20,4.80
2009.02.17 19:11:02.204,0.59,0.5903,1.20,4.80
2009.02.17 19:11:02.854,0.58995,0.5903,1.20,4.80
2009.02.17 19:11:04.534,0.59,0.59035,1.20,4.80
2009.02.17 19:11:05.184,0.59,0.5903,1.20,4.80
2009.02.17 19:11:05.473,0.58995,0.5903,1.20,4.80
2009.02.17 19:11:06.724,0.59,0.5903,1.20,4.80
2009.02.17 19:11:09.083,0.59,0.59035,1.20,4.80
2009.02.17 19:11:12.072,0.5902,0.59045,1.20,8.20
2009.02.17 19:11:12.472,0.5902,0.59045,1.20,4.80
2009.02.17 19:11:15.901,0.59015,0.59045,1.20,4.80
2009.02.17 19:11:16.481,0.5901,0.5904,1.20,4.80
2009.02.17 19:11:18.081,0.59015,0.59045,1.20,4.80
2009.02.17 19:11:18.550,0.59015,0.59055,1.20,9.80
2009.02.17 19:11:18.721,0.59025,0.59065,1.20,6.40
2009.02.17 19:11:19.110,0.59025,0.59065,1.20,4.80
2009.02.17 19:11:19.460,0.5903,0.59065,1.20,4.80
2009.02.17 19:11:23.160,0.59035,0.59065,1.20,4.80
2009.02.17 19:11:23.559,0.59035,0.5907,1.20,4.80
2009.02.17 19:11:27.878,0.5904,0.5907,1.20,4.80
2009.02.17 19:11:28.868,0.59035,0.5907,1.20,4.80
2009.02.17 19:11:40.745,0.5903,0.5907,1.20,4.80
2009.02.17 19:11:40.855,0.59035,0.5907,1.20,4.80
2009.02.17 19:11:41.935,0.5904,0.5907,1.20,4.80
2009.02.17 19:11:42.385,0.59045,0.59075,1.20,4.80
2009.02.17 19:11:44.474,0.5904,0.5907,1.20,4.80
2009.02.17 19:11:44.654,0.59055,0.59075,1.20,4.80
2009.02.17 19:11:48.453,0.5904,0.5907,4.80,4.80
2009.02.17 19:11:48.513,0.5904,0.5907,1.20,4.80
2009.02.17 19:11:48.563,0.5906,0.59075,1.20,4.80
2009.02.17 19:11:52.402,0.59055,0.59075,1.20,4.80
2009.02.17 19:11:52.802,0.59065,0.5908,1.20,4.80
2009.02.17 19:11:53.032,0.59055,0.59075,1.20,4.80
2009.02.17 19:11:56.421,0.59055,0.59085,1.20,6.40
2009.02.17 19:11:56.751,0.59055,0.59085,1.20,4.80
2009.02.17 19:11:57.311,0.59055,0.5908,1.20,4.80
2009.02.17 19:11:59.191,0.59055,0.59085,1.20,6.40
2009.02.17 19:12:08.468,0.59055,0.5908,1.20,4.80
2009.02.17 19:12:10.578,0.59055,0.59085,1.20,6.40
2009.02.17 19:12:12.427,0.59055,0.59085,1.20,4.80
2009.02.17 19:12:12.987,0.59055,0.5908,1.20,4.80
2009.02.17 19:12:17.216,0.5906,0.5909,1.20,6.40
2009.02.17 19:12:22.205,0.59065,0.5909,1.20,4.80
2009.02.17 19:12:22.955,0.5907,0.59095,1.20,6.40
2009.02.17 19:12:23.295,0.59065,0.5909,1.20,4.80
2009.02.17 19:12:23.755,0.5905,0.5908,9.20,4.80
2009.02.17 19:12:24.274,0.59045,0.5908,1.20,4.80
2009.02.17 19:12:25.174,0.5905,0.59085,1.20,4.80
2009.02.17 19:12:25.654,0.59055,0.59085,1.20,4.80
2009.02.17 19:12:31.163,0.59055,0.5909,1.20,4.80
2009.02.17 19:12:32.493,0.59055,0.59085,1.20,4.80
2009.02.17 19:12:38.391,0.59045,0.5908,3.20,4.80
2009.02.17 19:12:40.341,0.59045,0.5908,1.20,4.80
2009.02.17 19:12:43.900,0.59045,0.5908,2.00,4.80
2009.02.17 19:12:44.130,0.5906,0.5908,1.20,4.80
2009.02.17 19:12:57.247,0.59055,0.59075,1.20,4.80
2009.02.17 19:12:58.227,0.5905,0.59075,1.20,4.80
2009.02.17 19:13:01.056,0.59055,0.59085,1.20,4.80
2009.02.17 19:13:02.335,0.5905,0.59085,1.20,4.80
2009.02.17 19:13:03.815,0.5906,0.59085,1.20,4.80
2009.02.17 19:13:07.394,0.59045,0.5908,3.20,4.80
2009.02.17 19:13:08.714,0.59045,0.5908,1.20,4.80
2009.02.17 19:13:10.093,0.5905,0.5908,1.20,4.80
2009.02.17 19:13:10.843,0.5904,0.5907,7.80,4.80
2009.02.17 19:13:11.173,0.5904,0.5907,3.20,4.80
2009.02.17 19:13:11.683,0.59055,0.5908,1.20,6.40
2009.02.17 19:13:12.023,0.5905,0.5908,1.20,4.80
2009.02.17 19:13:14.562,0.59055,0.5908,1.20,4.80
2009.02.17 19:13:20.741,0.5905,0.5908,1.20,4.80
2009.02.17 19:13:21.621,0.59035,0.5907,1.20,4.80
2009.02.17 19:13:24.110,0.5904,0.59075,1.20,4.80
2009.02.17 19:13:27.249,0.59035,0.5907,1.20,4.80
2009.02.17 19:13:33.708,0.5905,0.59075,1.20,4.80
2009.02.17 19:14:00.701,0.59055,0.5908,1.20,6.40
2009.02.17 19:14:01.061,0.59055,0.5908,1.20,4.80
2009.02.17 19:14:02.153,0.5905,0.59075,1.20,4.80
2009.02.17 19:14:03.480,0.59055,0.5908,1.20,6.40
2009.02.17 19:14:03.891,0.59055,0.5908,1.20,4.80
2009.02.17 19:14:06.500,0.5905,0.59075,1.20,4.80
2009.02.17 19:14:11.229,0.59035,0.59065,6.80,4.80
2009.02.17 19:14:11.749,0.59045,0.59065,1.20,4.80
2009.02.17 19:14:13.278,0.5905,0.5907,1.20,4.80
2009.02.17 19:14:13.728,0.5905,0.5908,1.20,4.80
2009.02.17 19:14:36.483,0.59055,0.5908,1.20,4.80
2009.02.17 19:14:37.932,0.59045,0.5907,1.20,4.80
2009.02.17 19:14:38.282,0.5903,0.5907,7.80,4.80
2009.02.17 19:14:38.692,0.59035,0.5907,1.20,6.40
2009.02.17 19:14:39.112,0.5903,0.5907,5.60,4.80
2009.02.17 19:14:39.342,0.5904,0.59075,1.20,4.80
2009.02.17 19:14:43.391,0.59035,0.59075,1.20,4.80
2009.02.17 19:14:43.501,0.59035,0.59075,1.20,6.60
2009.02.17 19:14:44.081,0.59035,0.59075,1.20,4.80
2009.02.17 19:14:45.980,0.59035,0.5907,1.20,4.80
2009.02.17 19:14:52.819,0.59035,0.59065,1.20,4.80
2009.02.17 19:15:00.807,0.59035,0.5907,1.20,4.80
2009.02.17 19:15:02.036,0.5905,0.5907,1.20,4.80
2009.02.17 19:15:02.486,0.59045,0.59075,1.20,4.80
2009.02.17 19:15:02.716,0.5905,0.5908,1.20,4.80
2009.02.17 19:15:11.794,0.59045,0.5908,1.20,4.80
2009.02.17 19:15:13.114,0.59045,0.5907,1.20,4.80
2009.02.17 19:15:13.583,0.59045,0.5908,1.20,6.40
2009.02.17 19:15:13.934,0.59045,0.5908,1.20,4.80
2009.02.17 19:15:15.053,0.5905,0.5908,1.20,4.80
2009.02.17 19:15:15.843,0.59045,0.5908,1.20,4.80
2009.02.17 19:15:16.363,0.59045,0.5908,1.20,6.40
2009.02.17 19:15:18.093,0.59045,0.5908,1.20,4.80
2009.02.17 19:15:19.592,0.59045,0.5907,1.20,4.80
2009.02.17 19:15:21.362,0.59045,0.5908,1.20,6.40
2009.02.17 19:15:21.541,0.59045,0.5908,1.20,4.80
2009.02.17 19:15:21.812,0.59045,0.5907,1.20,4.80
2009.02.17 19:15:30.690,0.5905,0.59075,1.20,4.80
2009.02.17 19:15:31.439,0.59045,0.5907,1.20,4.80
2009.02.17 19:15:32.899,0.59035,0.5907,1.20,4.80
2009.02.17 19:15:52.534,0.59035,0.59065,1.20,4.80
2009.02.17 19:15:54.214,0.59035,0.5907,1.20,4.80
2009.02.17 19:16:01.122,0.59035,0.59065,1.20,4.80
2009.02.17 19:16:01.362,0.5904,0.5907,1.20,4.80
2009.02.17 19:16:01.542,0.59045,0.5907,1.20,4.80
2009.02.17 19:16:02.222,0.5904,0.59065,1.20,4.80
2009.02.17 19:16:02.972,0.5904,0.5907,1.20,4.80
2009.02.17 19:16:04.581,0.5904,0.59065,1.20,4.80
2009.02.17 19:16:07.131,0.5903,0.59055,2.80,4.80
2009.02.17 19:16:07.471,0.5903,0.59055,1.20,4.80
2009.02.17 19:16:11.440,0.5902,0.59055,3.20,4.80
2009.02.17 19:16:21.937,0.59025,0.59055,1.20,4.80
2009.02.17 19:16:26.716,0.5902,0.59055,1.20,4.80
2009.02.17 19:16:27.046,0.5902,0.59055,10.60,4.80
2009.02.17 19:16:27.386,0.59035,0.5906,1.20,4.80
2009.02.17 19:16:31.475,0.5904,0.5906,1.20,4.80
2009.02.17 19:16:32.645,0.59035,0.5906,1.20,4.80
2009.02.17 19:16:36.533,0.5904,0.5906,1.20,4.80
2009.02.17 19:16:51.530,0.5905,0.5907,1.20,4.80
2009.02.17 19:16:56.949,0.5904,0.59055,2.00,4.80
2009.02.17 19:16:57.229,0.59035,0.59055,1.20,4.80
2009.02.17 19:17:03.067,0.59035,0.5906,1.20,4.80
2009.02.17 19:17:03.487,0.59035,0.5906,3.80,4.80
2009.02.17 19:17:03.877,0.59055,0.59075,1.20,4.80
2009.02.17 19:17:04.407,0.5906,0.5908,1.20,8.00
2009.02.17 19:17:04.917,0.5906,0.5908,1.20,4.80
2009.02.17 19:17:05.487,0.59065,0.5909,1.20,4.80
2009.02.17 19:17:05.986,0.59065,0.59095,1.20,4.80
2009.02.17 19:17:13.495,0.5907,0.59095,1.20,4.80
2009.02.17 19:17:19.423,0.59075,0.59095,1.20,4.80
2009.02.17 19:17:19.953,0.5907,0.59095,1.20,4.80
2009.02.17 19:17:22.063,0.5909,0.59105,1.20,4.80
2009.02.17 19:17:22.282,0.5908,0.591,1.20,4.80
2009.02.17 19:17:25.542,0.5908,0.59095,1.20,4.80
2009.02.17 19:17:26.632,0.5908,0.591,1.20,4.80
2009.02.17 19:17:27.221,0.5908,0.5911,1.20,6.40
2009.02.17 19:17:27.551,0.5908,0.5911,5.60,4.80
2009.02.17 19:17:30.111,0.5909,0.5911,1.20,4.80
2009.02.17 19:17:32.110,0.59085,0.59105,1.20,4.80
2009.02.17 19:17:32.460,0.591,0.59115,1.20,4.80
2009.02.17 19:17:33.520,0.59095,0.59115,1.20,4.80
2009.02.17 19:17:35.120,0.5909,0.59105,1.20,4.80
2009.02.17 19:17:35.589,0.59085,0.591,2.00,4.80
2009.02.17 19:17:35.879,0.5908,0.591,1.20,4.80
2009.02.17 19:17:36.159,0.59075,0.59105,1.20,4.80
2009.02.17 19:17:36.279,0.59075,0.59105,5.60,4.80
2009.02.17 19:17:36.729,0.59075,0.59105,1.20,4.80
2009.02.17 19:17:38.679,0.59075,0.5911,1.20,4.80
2009.02.17 19:17:39.078,0.59075,0.5911,5.60,4.80
2009.02.17 19:17:40.008,0.59075,0.59105,5.60,4.80
2009.02.17 19:17:40.248,0.59075,0.59105,1.20,4.80
2009.02.17 19:17:40.420,0.5908,0.5911,1.20,4.80
2009.02.17 19:17:46.376,0.5908,0.59105,1.20,4.80
2009.02.17 19:17:46.657,0.59085,0.5911,1.20,6.40
2009.02.17 19:17:46.896,0.59085,0.5911,1.20,4.80
2009.02.17 19:17:50.056,0.5908,0.591,1.20,4.80
2009.02.17 19:17:54.375,0.59085,0.59105,1.20,4.80
2009.02.17 19:17:55.814,0.5908,0.591,1.20,4.80
2009.02.17 19:17:58.953,0.59075,0.59095,1.20,4.80
2009.02.17 19:17:59.634,0.5908,0.591,1.20,4.80
2009.02.17 19:18:14.060,0.5907,0.591,1.20,4.80
2009.02.17 19:18:15.259,0.5907,0.59085,1.20,4.80
2009.02.17 19:18:16.059,0.5906,0.59085,1.20,4.80
2009.02.17 19:18:39.814,0.59055,0.59075,1.20,4.80
2009.02.17 19:18:40.793,0.5905,0.59075,1.20,4.80
2009.02.17 19:18:41.343,0.5905,0.5907,1.20,4.80
2009.02.17 19:18:47.532,0.59055,0.59075,1.20,4.80
2009.02.17 19:18:51.161,0.5906,0.5908,1.20,4.80
2009.02.17 19:18:51.401,0.5905,0.5907,1.20,4.80
2009.02.17 19:18:52.121,0.5905,0.59075,1.20,4.80
2009.02.17 19:18:53.840,0.5905,0.5907,1.20,4.80
2009.02.17 19:18:54.470,0.59055,0.59075,1.20,4.80
2009.02.17 19:18:55.450,0.59055,0.5908,1.20,4.80
2009.02.17 19:18:58.250,0.59055,0.59085,1.20,4.80
2009.02.17 19:18:58.639,0.5906,0.5909,1.20,4.80
2009.02.17 19:18:59.459,0.59055,0.5909,1.20,4.80
2009.02.17 19:19:00.039,0.5906,0.59095,1.20,4.80
2009.02.17 19:19:00.549,0.5906,0.5909,1.20,4.80
2009.02.17 19:19:13.336,0.59085,0.591,2.00,4.80
2009.02.17 19:19:13.555,0.59075,0.591,1.20,4.80
2009.02.17 19:19:13.955,0.59065,0.591,3.20,4.80
2009.02.17 19:19:14.115,0.59065,0.591,1.20,4.80
2009.02.17 19:19:16.095,0.59065,0.59095,1.20,4.80
2009.02.17 19:19:21.124,0.59065,0.591,1.20,4.80
2009.02.17 19:19:21.694,0.5907,0.59105,1.20,4.80
2009.02.17 19:19:21.864,0.59065,0.591,1.20,4.80
2009.02.17 19:19:22.573,0.59085,0.59105,1.20,4.80
2009.02.17 19:19:24.133,0.59085,0.5911,1.20,4.80
2009.02.17 19:19:28.892,0.59085,0.59105,1.20,4.80
2009.02.17 19:19:29.921,0.5908,0.59095,1.20,4.80
2009.02.17 19:19:32.101,0.5908,0.591,1.20,4.80
2009.02.17 19:19:33.961,0.5908,0.59095,1.20,4.80
2009.02.17 19:19:37.770,0.59085,0.59105,1.20,4.80
2009.02.17 19:19:43.738,0.5909,0.59105,1.20,4.80
2009.02.17 19:19:45.478,0.59085,0.59105,1.20,4.80
2009.02.17 19:19:46.367,0.59085,0.591,1.20,4.80
2009.02.17 19:19:55.446,0.5909,0.59105,1.20,4.80
2009.02.17 19:19:56.965,0.59085,0.59105,1.20,4.80
2009.02.17 19:19:57.955,0.59085,0.591,1.20,4.80
2009.02.17 19:20:00.614,0.59085,0.5911,1.20,4.80
2009.02.17 19:20:04.373,0.59085,0.591,1.20,4.80
2009.02.17 19:20:11.232,0.59085,0.591,1.20,6.40
2009.02.17 19:20:11.462,0.59065,0.5908,1.20,4.80
2009.02.17 19:20:12.721,0.59085,0.59095,1.20,2.60
2009.02.17 19:20:13.121,0.59085,0.591,1.20,4.80
2009.02.17 19:20:14.441,0.5909,0.59105,1.20,4.80
2009.02.17 19:20:17.690,0.59075,0.59105,1.60,4.80
2009.02.17 19:20:17.910,0.59075,0.59105,1.20,4.80
2009.02.17 19:20:26.728,0.5908,0.59105,1.20,4.80
2009.02.17 19:20:27.008,0.5908,0.5911,1.20,4.80
2009.02.17 19:20:27.298,0.5908,0.59105,1.20,4.80
2009.02.17 19:20:27.818,0.5908,0.5911,1.20,4.80
2009.02.17 19:20:29.917,0.5908,0.59105,1.20,4.80
2009.02.17 19:20:31.228,0.5908,0.5911,1.20,4.80
2009.02.17 19:20:31.578,0.5908,0.59105,1.20,4.80
2009.02.17 19:20:34.047,0.5908,0.59115,1.20,4.80
2009.02.17 19:20:34.506,0.59075,0.5911,3.20,4.80
2009.02.17 19:20:34.916,0.59075,0.5911,1.20,4.80
2009.02.17 19:20:35.306,0.5908,0.5911,1.20,4.80
2009.02.17 19:20:39.175,0.59085,0.5911,1.20,4.80
2009.02.17 19:20:40.105,0.59075,0.5911,1.20,4.80
2009.02.17 19:20:42.504,0.5908,0.59115,1.20,4.80
2009.02.17 19:20:44.473,0.59075,0.5911,1.20,4.80
2009.02.17 19:20:46.853,0.59075,0.59105,1.20,4.80
2009.02.17 19:20:47.593,0.5908,0.59105,1.20,4.80
2009.02.17 19:20:49.392,0.59075,0.59105,1.20,4.80
2009.02.17 19:20:50.782,0.59075,0.591,1.20,4.80
2009.02.17 19:20:51.012,0.5907,0.59095,1.20,4.80
2009.02.17 19:20:55.081,0.5908,0.591,1.20,4.80
2009.02.17 19:20:55.841,0.59085,0.59105,1.20,4.80
2009.02.17 19:20:59.340,0.5908,0.591,1.20,4.80
2009.02.17 19:21:01.919,0.59095,0.5911,1.20,6.40
2009.02.17 19:21:02.259,0.5908,0.591,4.40,4.80
2009.02.17 19:21:02.429,0.5908,0.591,1.60,4.80
2009.02.17 19:21:02.769,0.5908,0.591,1.20,4.80
2009.02.17 19:21:03.449,0.59085,0.59105,1.20,4.80
2009.02.17 19:21:03.849,0.59095,0.59115,1.20,6.40
2009.02.17 19:21:04.139,0.59095,0.59115,1.20,4.80
2009.02.17 19:21:04.529,0.5909,0.5911,1.20,4.80
2009.02.17 19:21:06.020,0.5909,0.59115,1.20,4.80
2009.02.17 19:21:06.488,0.59105,0.5912,1.20,6.40
2009.02.17 19:21:06.779,0.59105,0.5912,1.20,4.80
2009.02.17 19:21:09.087,0.5911,0.59125,1.20,4.80
2009.02.17 19:21:09.377,0.59105,0.5912,1.20,4.80
2009.02.17 19:21:11.467,0.591,0.59115,1.20,4.80
2009.02.17 19:21:11.987,0.5911,0.59125,1.20,4.80
2009.02.17 19:21:14.297,0.59105,0.59125,1.20,4.80
2009.02.17 19:21:33.782,0.59105,0.59125,1.20,5.60
2009.02.17 19:21:34.172,0.59095,0.59105,2.00,4.80
2009.02.17 19:21:34.351,0.59085,0.59105,1.20,4.80
2009.02.17 19:21:37.171,0.59075,0.591,1.20,4.80
2009.02.17 19:21:38.601,0.59075,0.59095,1.20,4.80
2009.02.17 19:21:46.049,0.59075,0.59105,1.20,6.40
2009.02.17 19:21:46.219,0.59085,0.5911,6.00,4.80
2009.02.17 19:21:46.848,0.59085,0.5911,1.20,4.80
2009.02.17 19:21:59.515,0.5908,0.59105,1.20,4.80
2009.02.17 19:22:04.414,0.59085,0.5911,1.20,4.80
2009.02.17 19:22:11.772,0.59085,0.59115,1.20,4.80
2009.02.17 19:22:12.242,0.59085,0.59105,1.20,4.80
2009.02.17 19:22:23.830,0.5908,0.59105,1.20,6.40
2009.02.17 19:22:24.060,0.5908,0.59105,1.20,4.80
2009.02.17 19:22:27.988,0.5908,0.59105,1.20,5.60
2009.02.17 19:22:28.148,0.59075,0.5908,2.00,4.80
2009.02.17 19:22:28.309,0.59075,0.5909,1.60,1.60
2009.02.17 19:22:28.598,0.59075,0.5909,1.20,1.60
2009.02.17 19:22:28.718,0.59075,0.591,1.20,4.80
2009.02.17 19:22:30.518,0.5908,0.59105,1.20,4.80
2009.02.17 19:22:35.367,0.5909,0.59105,1.20,4.80
2009.02.17 19:22:36.556,0.59085,0.591,1.20,4.80
2009.02.17 19:22:37.076,0.5909,0.59105,1.20,4.80
2009.02.17 19:22:38.336,0.5909,0.59105,1.20,9.60
2009.02.17 19:22:38.796,0.5908,0.59095,1.20,4.80
2009.02.17 19:22:54.682,0.59075,0.5909,1.20,4.80
2009.02.17 19:22:55.332,0.5908,0.59095,1.20,4.80
2009.02.17 19:22:58.971,0.5907,0.59095,1.20,4.80
2009.02.17 19:22:59.431,0.59075,0.59095,1.20,4.80
2009.02.17 19:23:04.490,0.5907,0.59095,1.20,4.80
2009.02.17 19:23:05.769,0.5908,0.59095,1.20,4.80
2009.02.17 19:23:06.529,0.59075,0.5909,1.20,4.80
2009.02.17 19:23:08.099,0.5908,0.59095,1.20,4.80
2009.02.17 19:23:10.268,0.59075,0.5909,1.20,4.80
2009.02.17 19:23:13.827,0.5907,0.59085,1.20,1.60
2009.02.17 19:23:14.167,0.5907,0.5909,1.20,4.80
2009.02.17 19:23:14.567,0.5906,0.5909,1.20,4.80
2009.02.17 19:23:17.417,0.59065,0.5909,1.20,4.80
2009.02.17 19:23:27.484,0.59065,0.59095,1.20,4.80
2009.02.17 19:23:28.064,0.59065,0.5909,1.20,4.80
2009.02.17 19:23:34.932,0.5906,0.59075,1.20,4.80
2009.02.17 19:23:37.792,0.5906,0.59085,1.20,4.80
2009.02.17 19:23:40.191,0.59045,0.5908,10.60,4.80
2009.02.17 19:23:40.301,0.59045,0.5908,7.80,4.80
2009.02.17 19:23:40.471,0.59045,0.5908,1.20,4.80
2009.02.17 19:23:44.650,0.59045,0.5907,1.20,4.80
2009.02.17 19:23:48.009,0.59045,0.59065,1.20,4.80
2009.02.17 19:23:52.788,0.59035,0.5906,1.20,4.80
2009.02.17 19:23:53.178,0.59035,0.59055,1.20,4.80
2009.02.17 19:23:54.358,0.59025,0.59055,3.20,4.80
2009.02.17 19:23:54.698,0.5903,0.59055,1.20,4.80
2009.02.17 19:23:57.447,0.59025,0.59055,1.20,4.80
2009.02.17 19:24:00.596,0.59025,0.5905,1.20,4.80
2009.02.17 19:24:01.046,0.5902,0.59045,1.20,4.80
2009.02.17 19:24:01.396,0.59015,0.59045,1.20,4.80
2009.02.17 19:24:04.306,0.59005,0.59045,5.60,4.80
2009.02.17 19:24:05.115,0.59005,0.59035,1.20,4.80
2009.02.17 19:24:05.515,0.5899,0.59025,1.20,4.80
2009.02.17 19:24:07.684,0.58995,0.59025,1.20,4.80
2009.02.17 19:24:10.454,0.5899,0.59025,1.20,4.80
2009.02.17 19:24:11.074,0.5898,0.59015,3.20,4.80
2009.02.17 19:24:11.584,0.5898,0.59015,1.20,4.80
2009.02.17 19:24:14.513,0.5899,0.59025,1.20,4.80
2009.02.17 19:24:15.033,0.58985,0.5902,1.20,4.80
2009.02.17 19:24:16.592,0.5898,0.59015,1.20,4.80
2009.02.17 19:24:18.992,0.58985,0.59015,1.20,4.80
2009.02.17 19:24:22.221,0.5898,0.59015,1.20,4.80
2009.02.17 19:24:24.980,0.58985,0.5902,1.20,4.80
2009.02.17 19:24:35.138,0.58985,0.59015,1.20,4.80
2009.02.17 19:24:35.658,0.58985,0.5902,1.20,4.80
2009.02.17 19:24:37.707,0.5899,0.59025,1.20,4.80
2009.02.17 19:24:38.007,0.59,0.59035,1.20,6.60
2009.02.17 19:24:38.407,0.59,0.59035,1.20,4.80
2009.02.17 19:24:38.807,0.59005,0.5904,1.20,4.80
2009.02.17 19:24:46.725,0.59,0.59035,1.20,4.80
2009.02.17 19:24:46.845,0.59005,0.5904,1.20,4.80
2009.02.17 19:24:47.255,0.5901,0.5904,1.20,4.80
2009.02.17 19:24:51.144,0.58995,0.5903,5.60,4.80
2009.02.17 19:24:51.384,0.58995,0.59025,1.20,4.80
2009.02.17 19:24:56.353,0.5899,0.5902,1.20,4.80
2009.02.17 19:25:01.271,0.58995,0.59025,1.20,4.80
2009.02.17 19:25:03.591,0.58995,0.5903,1.20,4.80
2009.02.17 19:25:07.240,0.5899,0.59025,1.20,4.80
2009.02.17 19:25:10.959,0.58985,0.5902,3.20,4.80
2009.02.17 19:25:12.209,0.58985,0.5902,7.80,4.80
2009.02.17 19:25:12.679,0.58995,0.5902,1.20,4.80
2009.02.17 19:25:13.259,0.58995,0.59025,1.20,4.80
2009.02.17 19:25:13.619,0.59005,0.59025,1.20,4.80
2009.02.17 19:25:14.028,0.58995,0.5902,3.20,4.80
2009.02.17 19:25:14.488,0.58995,0.59015,3.20,4.80
2009.02.17 19:25:14.888,0.58995,0.5902,1.20,4.80
2009.02.17 19:25:19.307,0.59015,0.5903,1.20,4.80
2009.02.17 19:25:19.767,0.59005,0.5902,1.00,4.80
2009.02.17 19:25:19.997,0.58995,0.5902,1.20,4.80
2009.02.17 19:25:20.337,0.58995,0.59025,1.20,4.80
2009.02.17 19:25:35.433,0.58995,0.5903,1.20,4.80
2009.02.17 19:25:42.582,0.58995,0.59025,1.20,4.80
2009.02.17 19:25:47.680,0.58995,0.5902,1.20,4.80
2009.02.17 19:25:48.850,0.58995,0.59025,1.20,4.80
2009.02.17 19:25:50.890,0.58995,0.59035,1.20,4.80
2009.02.17 19:25:52.439,0.58985,0.5902,5.60,4.80
2009.02.17 19:25:52.779,0.5899,0.5903,1.20,4.80
2009.02.17 19:25:56.428,0.5899,0.59025,1.20,4.80
2009.02.17 19:25:57.688,0.5899,0.5902,1.20,4.80
2009.02.17 19:26:00.697,0.5899,0.59025,1.20,4.80
2009.02.17 19:26:03.676,0.58995,0.59025,1.20,4.80
2009.02.17 19:26:04.196,0.58995,0.5902,1.20,4.80
2009.02.17 19:26:09.405,0.59005,0.59035,1.20,4.80
2009.02.17 19:26:09.815,0.5901,0.5904,1.20,4.80
2009.02.17 19:26:10.225,0.59015,0.5904,1.20,4.80
2009.02.17 19:26:10.575,0.59015,0.59035,1.20,4.80
2009.02.17 19:26:11.144,0.5902,0.59045,2.00,4.80
2009.02.17 19:26:11.644,0.5903,0.59065,1.20,16.80
2009.02.17 19:26:12.044,0.59035,0.5907,5.60,4.80
2009.02.17 19:26:12.565,0.59035,0.5907,1.20,4.80
2009.02.17 19:26:16.483,0.59035,0.59065,1.20,4.80
2009.02.17 19:26:25.381,0.59025,0.59065,1.20,4.80
2009.02.17 19:26:29.690,0.59025,0.59065,1.20,6.60
2009.02.17 19:26:30.220,0.59015,0.5905,1.20,4.80
2009.02.17 19:26:32.749,0.59005,0.5904,1.20,4.80
2009.02.17 19:26:34.169,0.59005,0.5904,1.20,6.60
2009.02.17 19:26:34.579,0.59005,0.5904,1.20,4.80
2009.02.17 19:26:35.438,0.59005,0.5903,1.20,4.80
2009.02.17 19:26:36.248,0.59015,0.59035,1.20,4.80
2009.02.17 19:26:37.048,0.5902,0.5904,1.20,4.80
2009.02.17 19:26:37.278,0.59015,0.5904,1.20,4.80
2009.02.17 19:26:40.797,0.59005,0.59035,1.20,4.80
2009.02.17 19:26:46.526,0.59005,0.59045,1.20,11.40
2009.02.17 19:26:46.986,0.59005,0.59045,1.20,4.80
2009.02.17 19:26:54.544,0.59005,0.5904,1.20,4.80
2009.02.17 19:26:59.523,0.5903,0.59045,1.20,4.80
2009.02.17 19:27:00.173,0.5903,0.5905,1.20,4.80
2009.02.17 19:27:00.973,0.5901,0.5905,1.60,4.80
2009.02.17 19:27:01.373,0.5901,0.5904,1.20,1.80
2009.02.17 19:27:01.712,0.59025,0.5904,1.00,6.60
2009.02.17 19:27:02.122,0.59005,0.59045,1.60,6.60
2009.02.17 19:27:02.592,0.59005,0.5904,1.20,4.80
2009.02.17 19:27:04.772,0.58995,0.5904,1.20,4.80
2009.02.17 19:27:05.052,0.58995,0.5904,1.20,6.60
2009.02.17 19:27:05.221,0.58995,0.5904,1.20,1.80
2009.02.17 19:27:05.571,0.59,0.5904,1.00,1.80
2009.02.17 19:27:05.621,0.59025,0.5904,1.20,1.80
2009.02.17 19:27:05.912,0.59015,0.59045,4.40,4.80
2009.02.17 19:27:06.251,0.59015,0.5904,4.40,4.80
2009.02.17 19:27:06.761,0.59005,0.5905,1.20,9.80
2009.02.17 19:27:07.161,0.5899,0.59035,1.20,4.80
2009.02.17 19:27:07.691,0.58985,0.59025,1.20,4.80
2009.02.17 19:27:09.230,0.5899,0.59025,1.00,4.80
2009.02.17 19:27:09.461,0.59015,0.5903,1.20,6.60
2009.02.17 19:27:09.810,0.59,0.59025,3.00,4.80
2009.02.17 19:27:09.990,0.59,0.59025,1.00,4.80
2009.02.17 19:27:10.210,0.58985,0.59025,4.40,4.80
2009.02.17 19:27:10.440,0.5898,0.59025,1.20,6.60
2009.02.17 19:27:10.850,0.5898,0.59025,5.60,4.80
2009.02.17 19:27:11.140,0.58985,0.59025,4.40,4.80
2009.02.17 19:27:11.480,0.5899,0.5903,1.20,4.80
2009.02.17 19:27:12.790,0.58985,0.5903,1.20,4.80
2009.02.17 19:27:13.080,0.58985,0.5903,1.20,6.60
2009.02.17 19:27:13.430,0.58985,0.5903,1.20,4.80
2009.02.17 19:27:15.209,0.5899,0.5903,1.20,4.80
2009.02.17 19:27:19.038,0.58995,0.5902,1.20,4.80
2009.02.17 19:27:19.388,0.5898,0.5901,1.20,4.80
2009.02.17 19:27:19.848,0.59,0.5902,1.00,4.80
2009.02.17 19:27:20.408,0.5899,0.5903,1.20,4.80
2009.02.17 19:27:20.908,0.5899,0.5902,1.20,4.80
2009.02.17 19:27:21.298,0.5898,0.5902,1.20,4.80
2009.02.17 19:27:22.587,0.5898,0.5901,1.20,4.80
2009.02.17 19:27:23.387,0.58975,0.58995,1.20,4.80
2009.02.17 19:27:29.185,0.58975,0.5899,1.20,4.80
2009.02.17 19:27:29.576,0.5897,0.5899,1.20,4.80
2009.02.17 19:27:32.445,0.58975,0.5899,1.20,4.80
2009.02.17 19:27:36.005,0.5897,0.5899,1.20,4.80
2009.02.17 19:27:37.623,0.5898,0.59,1.20,4.80
2009.02.17 19:27:37.903,0.5898,0.59005,1.20,4.80
2009.02.17 19:27:44.902,0.58975,0.58995,2.00,4.80
2009.02.17 19:27:45.312,0.5898,0.59,1.20,4.80
2009.02.17 19:28:04.747,0.58975,0.58995,1.20,4.80
2009.02.17 19:28:05.027,0.5897,0.58995,1.20,4.80
2009.02.17 19:28:05.477,0.5897,0.5899,1.20,4.80
2009.02.17 19:28:07.147,0.5896,0.58985,1.20,4.80
2009.02.17 19:28:09.176,0.5895,0.58975,1.20,4.80
2009.02.17 19:28:11.555,0.5894,0.5896,1.20,4.80
2009.02.17 19:28:12.335,0.58935,0.58945,2.00,4.80
2009.02.17 19:28:12.625,0.58925,0.58945,1.20,4.80
2009.02.17 19:28:13.536,0.58915,0.58945,3.20,4.80
2009.02.17 19:28:14.965,0.5892,0.58945,1.20,4.80
2009.02.17 19:28:15.494,0.5891,0.58945,1.20,4.80
2009.02.17 19:28:21.133,0.5891,0.5894,1.20,4.80
2009.02.17 19:28:24.182,0.5892,0.5894,1.20,4.80
2009.02.17 19:28:30.171,0.5892,0.5895,1.20,4.80
2009.02.17 19:28:37.379,0.58925,0.5895,1.20,4.80
2009.02.17 19:28:37.959,0.5892,0.5895,1.20,4.80
2009.02.17 19:28:42.078,0.5892,0.58945,1.20,4.80
2009.02.17 19:28:45.537,0.58915,0.58945,1.20,4.80
2009.02.17 19:28:45.887,0.58915,0.5894,1.20,4.80
2009.02.17 19:28:49.766,0.5891,0.58925,1.20,4.80
2009.02.17 19:28:50.626,0.58915,0.5893,1.20,4.80
2009.02.17 19:28:51.386,0.5892,0.58935,1.20,3.20
2009.02.17 19:28:51.506,0.58925,0.58945,1.20,4.80
2009.02.17 19:28:51.726,0.58915,0.58945,1.20,4.80
2009.02.17 19:28:52.016,0.5891,0.5894,1.20,4.80
2009.02.17 19:28:55.155,0.58915,0.58945,1.20,4.80
2009.02.17 19:29:05.732,0.58925,0.58945,1.20,4.80
2009.02.17 19:29:06.032,0.58915,0.58945,1.20,4.80
2009.02.17 19:29:11.871,0.58925,0.58945,1.20,4.80
2009.02.17 19:29:12.041,0.58915,0.58945,1.20,4.80
2009.02.17 19:29:12.161,0.58925,0.58945,1.20,4.80
2009.02.17 19:29:12.570,0.5893,0.58945,1.20,4.80
2009.02.17 19:29:14.690,0.58925,0.58945,1.20,4.80
2009.02.17 19:29:28.117,0.5893,0.58945,1.20,4.80
2009.02.17 19:29:31.176,0.58925,0.58945,1.20,4.80
2009.02.17 19:29:32.206,0.58925,0.5895,1.20,4.80
2009.02.17 19:29:32.726,0.58935,0.5895,1.20,4.80
2009.02.17 19:29:35.525,0.5894,0.58955,1.20,4.80
2009.02.17 19:29:36.095,0.58935,0.5895,1.20,4.80
2009.02.17 19:29:38.044,0.5895,0.5896,1.20,5.80
2009.02.17 19:29:38.155,0.58955,0.5896,1.20,1.60
2009.02.17 19:29:38.334,0.58955,0.5897,1.20,3.60
2009.02.17 19:29:38.445,0.58955,0.5897,1.20,3.20
2009.02.17 19:29:39.014,0.5896,0.5897,1.20,3.20
2009.02.17 19:29:39.354,0.5896,0.5897,1.20,1.60
2009.02.17 19:29:39.634,0.58955,0.58975,1.20,4.80
2009.02.17 19:29:40.444,0.5896,0.58975,1.20,4.80
2009.02.17 19:29:40.664,0.5894,0.5897,3.20,4.80
2009.02.17 19:29:40.834,0.5894,0.5897,1.60,4.80
2009.02.17 19:29:41.054,0.5894,0.5897,1.60,6.60
2009.02.17 19:29:41.234,0.5894,0.5897,1.20,6.60
2009.02.17 19:29:41.454,0.5894,0.5897,1.20,4.80
2009.02.17 19:29:42.783,0.58945,0.58975,1.20,4.80
2009.02.17 19:29:43.023,0.58945,0.5897,4.80,4.80
2009.02.17 19:29:43.243,0.5894,0.5897,1.20,4.80
2009.02.17 19:29:45.113,0.58935,0.5897,1.20,4.80
2009.02.17 19:29:47.852,0.58935,0.58975,1.20,6.60
2009.02.17 19:29:48.072,0.58935,0.58975,1.20,4.80
2009.02.17 19:29:50.231,0.5893,0.58965,1.20,4.80
2009.02.17 19:29:50.731,0.58935,0.58975,1.20,9.60
2009.02.17 19:29:50.851,0.58935,0.58975,1.20,4.80
2009.02.17 19:29:56.360,0.5893,0.58965,1.20,4.80
2009.02.17 19:29:56.660,0.58935,0.5897,1.20,4.80
2009.02.17 19:30:04.008,0.58955,0.5897,1.20,4.80
2009.02.17 19:30:04.458,0.5894,0.58965,1.00,4.80
2009.02.17 19:30:05.138,0.5896,0.58975,1.20,11.40
2009.02.17 19:30:05.478,0.5896,0.58975,1.20,9.60
2009.02.17 19:30:05.768,0.58965,0.58975,1.20,4.80
2009.02.17 19:30:05.988,0.58945,0.58975,6.80,4.80
2009.02.17 19:30:06.348,0.5894,0.58975,6.20,4.80
2009.02.17 19:30:06.757,0.5896,0.58975,1.20,4.80
2009.02.17 19:30:07.098,0.58965,0.5898,1.20,9.00
2009.02.17 19:30:07.437,0.5897,0.5898,1.20,3.20
2009.02.17 19:30:07.727,0.5897,0.5898,1.20,1.60
2009.02.17 19:30:08.057,0.5897,0.58985,1.20,4.80
2009.02.17 19:30:09.837,0.58955,0.58985,6.80,4.80
2009.02.17 19:30:10.127,0.58955,0.58985,1.00,4.80
2009.02.17 19:30:10.517,0.5896,0.58985,1.60,4.80
2009.02.17 19:30:10.976,0.58965,0.58985,1.00,4.80
2009.02.17 19:30:11.447,0.5896,0.5899,1.20,4.80
2009.02.17 19:30:11.626,0.5895,0.5899,5.60,4.80
2009.02.17 19:30:11.916,0.5895,0.5899,1.20,4.80
2009.02.17 19:30:12.126,0.5895,0.58985,1.20,4.80
2009.02.17 19:30:12.586,0.58955,0.58985,1.20,4.80
2009.02.17 19:30:35.620,0.58955,0.5899,1.20,4.80
2009.02.17 19:30:36.180,0.58965,0.59,1.20,4.80
2009.02.17 19:30:39.410,0.5897,0.59005,1.20,8.00
2009.02.17 19:30:40.050,0.58975,0.5901,1.20,4.80
2009.02.17 19:30:42.799,0.58975,0.59005,1.20,1.00
2009.02.17 19:30:43.129,0.58965,0.58985,5.60,4.80
2009.02.17 19:30:43.189,0.58965,0.58985,1.20,4.80
2009.02.17 19:30:43.309,0.58965,0.5899,1.20,1.60
2009.02.17 19:30:43.599,0.58965,0.58995,1.20,2.60
2009.02.17 19:30:43.658,0.58965,0.59,1.20,4.80
2009.02.17 19:30:45.998,0.5898,0.59005,1.20,4.80
2009.02.17 19:30:46.238,0.5898,0.5901,1.20,8.00
2009.02.17 19:30:46.828,0.5898,0.5901,1.20,6.40
2009.02.17 19:30:47.218,0.5898,0.5901,1.20,4.80
2009.02.17 19:30:50.427,0.58975,0.5901,1.20,4.80
2009.02.17 19:30:57.785,0.5898,0.59015,1.20,1.80
2009.02.17 19:30:58.195,0.58985,0.5902,1.20,4.80
2009.02.17 19:30:59.525,0.5898,0.5902,1.20,4.80
2009.02.17 19:31:01.884,0.58985,0.5902,1.20,4.80
2009.02.17 19:31:02.224,0.5898,0.5902,1.20,4.80
2009.02.17 19:31:03.044,0.58985,0.5902,1.20,4.80
2009.02.17 19:31:04.024,0.5898,0.5902,1.20,4.80
2009.02.17 19:31:11.182,0.5898,0.59015,1.20,4.80
2009.02.17 19:31:11.542,0.5898,0.5902,1.20,4.80
2009.02.17 19:31:16.201,0.5898,0.5901,1.20,4.80
2009.02.17 19:31:16.261,0.5898,0.5901,1.20,6.40
2009.02.17 19:31:16.870,0.5897,0.59005,5.60,4.80
2009.02.17 19:31:17.380,0.5897,0.59005,1.20,4.80
2009.02.17 19:31:19.760,0.5897,0.5899,1.20,4.80
2009.02.17 19:31:20.490,0.58965,0.58985,1.20,4.80
2009.02.17 19:31:20.900,0.5896,0.5899,1.20,4.80
2009.02.17 19:31:25.478,0.58965,0.5899,1.20,4.80
2009.02.17 19:31:29.928,0.5896,0.5899,1.20,4.80
2009.02.17 19:31:30.598,0.58965,0.5899,1.20,4.80
2009.02.17 19:31:31.017,0.58965,0.58985,1.20,4.80
2009.02.17 19:31:40.335,0.58965,0.5899,1.20,4.80
2009.02.17 19:31:50.413,0.58965,0.59,1.20,4.80
2009.02.17 19:31:56.141,0.5897,0.59005,1.20,3.20
2009.02.17 19:32:03.530,0.5897,0.59005,1.20,1.60
2009.02.17 19:32:04.279,0.58975,0.59015,1.20,4.80
2009.02.17 19:32:05.190,0.5897,0.59015,1.20,6.60
2009.02.17 19:32:06.059,0.5897,0.59015,1.20,8.20
2009.02.17 19:32:06.179,0.5897,0.59015,1.20,9.80
2009.02.17 19:32:14.577,0.58985,0.59015,1.20,8.00
2009.02.17 19:32:15.326,0.5898,0.59005,1.20,4.80
2009.02.17 19:32:15.736,0.58985,0.59015,1.20,9.80
2009.02.17 19:32:16.076,0.58985,0.59015,1.20,8.00
2009.02.17 19:32:16.706,0.58985,0.5901,1.20,4.80
2009.02.17 19:32:19.126,0.5898,0.59005,1.20,4.80
2009.02.17 19:32:23.255,0.58985,0.59015,1.20,3.20
2009.02.17 19:32:23.654,0.58985,0.59025,1.20,4.80
2009.02.17 19:32:24.334,0.5899,0.5903,1.20,4.80
2009.02.17 19:32:25.164,0.58985,0.5902,5.60,4.80
2009.02.17 19:32:25.516,0.5899,0.5903,1.20,4.80
2009.02.17 19:32:25.864,0.5899,0.5903,1.20,6.60
2009.02.17 19:32:26.154,0.5899,0.5903,1.20,4.80
2009.02.17 19:32:26.264,0.58985,0.5903,5.60,4.80
2009.02.17 19:32:26.504,0.58985,0.5903,1.20,4.80
2009.02.17 19:32:27.244,0.58995,0.5903,1.20,4.80
2009.02.17 19:32:27.714,0.58995,0.59025,1.20,4.80
2009.02.17 19:32:27.943,0.59015,0.5903,1.20,1.80
2009.02.17 19:32:28.753,0.59015,0.59035,1.20,4.80
2009.02.17 19:32:29.113,0.5903,0.59065,1.20,9.80
2009.02.17 19:32:29.443,0.5903,0.5907,1.20,4.80
2009.02.17 19:32:29.783,0.59035,0.59075,1.20,6.60
2009.02.17 19:32:30.363,0.59035,0.59075,1.20,4.80
2009.02.17 19:32:30.753,0.5905,0.59075,1.20,4.80
2009.02.17 19:32:31.142,0.5904,0.59065,1.20,4.80
2009.02.17 19:32:31.662,0.5905,0.59075,1.20,6.60
2009.02.17 19:32:32.122,0.5905,0.59075,1.20,4.80
2009.02.17 19:32:32.512,0.59045,0.59075,1.20,4.80
2009.02.17 19:32:44.459,0.59035,0.59075,1.20,4.80
2009.02.17 19:32:46.129,0.59035,0.5907,1.20,4.80
2009.02.17 19:32:48.119,0.5904,0.5907,1.20,4.80
2009.02.17 19:32:48.938,0.59045,0.59075,1.20,4.80
2009.02.17 19:32:50.008,0.5905,0.59075,1.20,4.80
2009.02.17 19:32:51.218,0.59045,0.59075,1.20,4.80
2009.02.17 19:32:52.847,0.59045,0.5908,1.20,4.80
2009.02.17 19:32:53.357,0.59045,0.59075,1.20,4.80
2009.02.17 19:32:56.296,0.59045,0.5908,1.20,4.80
2009.02.17 19:32:57.017,0.59045,0.59075,1.20,4.80
2009.02.17 19:32:58.576,0.5905,0.5908,1.20,4.80
2009.02.17 19:33:00.675,0.5906,0.5909,1.20,6.40
2009.02.17 19:33:01.185,0.59075,0.591,1.20,4.80
2009.02.17 19:33:02.485,0.5908,0.59105,1.20,4.80
2009.02.17 19:33:02.895,0.59075,0.591,1.20,4.80
2009.02.17 19:33:03.185,0.59075,0.59095,1.20,4.80
2009.02.17 19:33:04.854,0.59065,0.591,1.20,6.40
2009.02.17 19:33:06.674,0.5906,0.59095,1.20,4.80
2009.02.17 19:33:06.954,0.59065,0.591,1.20,6.40
2009.02.17 19:33:07.464,0.59065,0.591,1.20,4.80
2009.02.17 19:33:09.243,0.5907,0.59105,1.20,4.80
2009.02.17 19:33:09.694,0.5907,0.59105,1.20,6.40
2009.02.17 19:33:11.353,0.59075,0.59105,1.20,1.60
2009.02.17 19:33:11.753,0.59075,0.5911,1.20,4.80
2009.02.17 19:33:14.282,0.59075,0.5911,1.20,6.40
2009.02.17 19:33:16.522,0.59085,0.5911,1.20,6.40
2009.02.17 19:33:16.582,0.59085,0.5911,1.20,4.80
2009.02.17 19:33:20.261,0.5908,0.59105,1.20,4.80
2009.02.17 19:33:25.159,0.59085,0.5911,1.20,6.40
2009.02.17 19:33:25.599,0.59085,0.5911,1.20,4.80
2009.02.17 19:33:31.338,0.5908,0.59105,1.20,4.80
2009.02.17 19:33:31.738,0.5908,0.591,1.20,4.80
2009.02.17 19:33:32.028,0.5908,0.59105,1.20,4.80
2009.02.17 19:33:32.418,0.5907,0.59105,1.20,4.80
2009.02.17 19:33:33.408,0.5907,0.59105,1.20,9.60
2009.02.17 19:33:33.987,0.5907,0.59105,1.20,6.40
2009.02.17 19:33:34.727,0.5907,0.59105,1.20,4.80
2009.02.17 19:33:37.516,0.5907,0.59105,1.20,8.00
2009.02.17 19:33:37.907,0.5906,0.59095,1.20,4.80
2009.02.17 19:33:38.476,0.5907,0.591,1.20,4.80
2009.02.17 19:33:39.556,0.5907,0.5911,1.20,9.80
2009.02.17 19:33:40.126,0.5907,0.5911,1.20,9.60
2009.02.17 19:33:41.056,0.59075,0.5911,1.20,8.00
2009.02.17 19:33:41.696,0.59075,0.5911,1.20,8.40
2009.02.17 19:33:41.985,0.59075,0.59105,1.20,1.60
2009.02.17 19:33:44.375,0.5907,0.59105,1.20,6.40
2009.02.17 19:33:44.555,0.5907,0.59105,1.20,4.80
2009.02.17 19:33:45.025,0.5907,0.59105,1.20,6.40
2009.02.17 19:33:47.864,0.59075,0.59105,1.20,1.60
2009.02.17 19:33:48.034,0.59075,0.5911,1.20,8.00
2009.02.17 19:33:48.474,0.59075,0.5911,1.20,1.60
2009.02.17 19:33:48.874,0.59075,0.59115,1.20,6.40
2009.02.17 19:33:49.494,0.59085,0.59115,1.20,6.40
2009.02.17 19:33:49.944,0.59085,0.5911,1.20,4.80
2009.02.17 19:33:50.394,0.59075,0.5911,1.20,4.80
2009.02.17 19:33:52.213,0.59075,0.59105,1.20,4.80
2009.02.17 19:33:52.733,0.5908,0.59105,1.20,4.80
2009.02.17 19:33:54.392,0.59075,0.59105,1.20,4.80
2009.02.17 19:33:55.482,0.59085,0.59105,1.20,4.80
2009.02.17 19:33:56.432,0.59085,0.5911,1.20,4.80
2009.02.17 19:33:58.791,0.5909,0.59105,1.20,4.80
2009.02.17 19:33:59.611,0.5909,0.5911,1.20,4.80
2009.02.17 19:34:01.211,0.59095,0.5911,1.20,4.80
2009.02.17 19:34:02.530,0.5909,0.5911,1.20,4.80
2009.02.17 19:34:10.328,0.59095,0.5911,1.20,4.80
2009.02.17 19:34:15.547,0.5909,0.59105,1.20,4.80
2009.02.17 19:34:16.117,0.59095,0.5911,1.20,4.80
2009.02.17 19:34:19.916,0.5909,0.59105,1.20,4.80
2009.02.17 19:34:20.386,0.59095,0.5911,1.20,4.80
2009.02.17 19:34:22.146,0.5909,0.59105,1.20,4.80
2009.02.17 19:34:22.486,0.59095,0.5911,1.20,4.80
2009.02.17 19:34:24.545,0.59095,0.59115,1.20,4.80
2009.02.17 19:34:25.115,0.5909,0.59115,1.20,4.80
2009.02.17 19:34:27.045,0.59095,0.59115,1.20,4.80
2009.02.17 19:34:31.443,0.59095,0.5911,1.20,4.80
2009.02.17 19:34:32.423,0.59095,0.59115,1.20,4.80
2009.02.17 19:34:33.053,0.59095,0.5911,1.20,4.80
2009.02.17 19:34:37.002,0.591,0.59115,1.20,4.80
2009.02.17 19:34:43.930,0.5909,0.5911,3.20,4.80
2009.02.17 19:34:44.091,0.5909,0.5911,2.80,4.80
2009.02.17 19:34:44.321,0.5909,0.5911,1.20,4.80
2009.02.17 19:34:47.419,0.591,0.5912,1.20,8.00
2009.02.17 19:34:47.590,0.591,0.5912,1.20,4.80
2009.02.17 19:34:48.049,0.59105,0.5912,1.20,4.80
2009.02.17 19:34:48.629,0.591,0.59115,1.20,4.80
2009.02.17 19:34:52.459,0.59095,0.5911,1.20,4.80
2009.02.17 19:34:52.848,0.591,0.59115,1.20,4.80
2009.02.17 19:34:53.708,0.591,0.5912,1.20,4.80
2009.02.17 19:34:54.108,0.591,0.59115,1.20,4.80
2009.02.17 19:35:07.515,0.59095,0.5911,1.20,4.80
2009.02.17 19:35:07.855,0.5909,0.5911,1.20,4.80
2009.02.17 19:35:12.393,0.5909,0.59115,1.20,4.80
2009.02.17 19:35:15.683,0.5909,0.59105,1.20,4.80
2009.02.17 19:35:22.891,0.59095,0.5911,1.20,4.80
2009.02.17 19:35:25.180,0.59105,0.59115,1.20,4.80
2009.02.17 19:35:26.240,0.591,0.59115,1.20,4.80
2009.02.17 19:35:28.770,0.5909,0.5911,1.20,4.80
2009.02.17 19:35:33.479,0.591,0.59115,1.20,4.80
2009.02.17 19:35:34.818,0.5909,0.5911,1.20,4.80
2009.02.17 19:35:35.798,0.59095,0.5911,1.20,4.80
2009.02.17 19:35:36.498,0.5909,0.59105,1.20,4.80
2009.02.17 19:35:39.717,0.59095,0.5911,1.20,4.80
2009.02.17 19:35:43.246,0.591,0.59115,1.20,4.80
2009.02.17 19:35:43.416,0.591,0.5912,1.20,9.60
2009.02.17 19:35:44.736,0.591,0.5912,1.20,8.00
2009.02.17 19:35:45.026,0.591,0.5912,1.20,4.80
2009.02.17 19:35:47.865,0.59095,0.59115,1.20,4.80
2009.02.17 19:35:52.254,0.5909,0.59115,1.20,4.80
2009.02.17 19:35:53.154,0.59085,0.5911,3.20,4.80
2009.02.17 19:35:53.574,0.5908,0.591,1.20,4.80
2009.02.17 19:35:58.432,0.59075,0.591,3.20,4.80
2009.02.17 19:35:59.312,0.59075,0.591,1.20,4.80
2009.02.17 19:35:59.593,0.59065,0.5909,3.20,4.80
2009.02.17 19:35:59.932,0.5907,0.5909,1.20,4.80
2009.02.17 19:36:00.232,0.59065,0.59085,1.20,4.80
2009.02.17 19:36:02.322,0.59065,0.5909,1.20,4.80
2009.02.17 19:36:02.781,0.59065,0.5909,3.20,4.80
2009.02.17 19:36:03.052,0.5907,0.5909,1.20,4.80
2009.02.17 19:36:04.261,0.59065,0.59085,1.20,4.80
2009.02.17 19:36:04.681,0.5907,0.5909,1.20,4.80
2009.02.17 19:36:04.971,0.59065,0.5909,1.20,4.80
2009.02.17 19:36:07.660,0.59065,0.59085,1.20,4.80
2009.02.17 19:36:09.740,0.5906,0.5908,1.20,4.80
2009.02.17 19:36:11.030,0.59065,0.59085,1.20,6.40
2009.02.17 19:36:11.539,0.59065,0.59085,1.20,4.80
2009.02.17 19:36:16.278,0.59065,0.5909,1.20,6.40
2009.02.17 19:36:16.738,0.59065,0.5909,1.20,4.80
2009.02.17 19:36:19.597,0.5907,0.5909,1.20,4.80
2009.02.17 19:36:19.887,0.59065,0.5909,1.20,4.80
2009.02.17 19:36:24.886,0.59065,0.59085,1.20,4.80
2009.02.17 19:36:28.425,0.5906,0.59085,1.20,4.80
2009.02.17 19:36:28.705,0.5906,0.59085,1.20,6.40
2009.02.17 19:36:28.945,0.5906,0.59085,1.20,4.80
2009.02.17 19:36:36.393,0.5906,0.59085,1.20,6.40
2009.02.17 19:36:39.882,0.5906,0.59085,1.20,4.80
2009.02.17 19:36:47.770,0.59065,0.59085,1.20,4.80
2009.02.17 19:36:54.379,0.59055,0.5908,1.60,4.80
2009.02.17 19:36:54.789,0.59055,0.5908,1.20,4.80
2009.02.17 19:36:57.268,0.59065,0.59085,1.20,4.80
2009.02.17 19:36:57.558,0.5907,0.5909,1.20,4.80
2009.02.17 19:36:58.538,0.59075,0.5909,1.20,4.80
2009.02.17 19:36:59.208,0.5908,0.59095,3.20,4.80
2009.02.17 19:37:00.188,0.5909,0.59105,1.20,4.80
2009.02.17 19:37:01.637,0.59085,0.591,1.20,4.80
2009.02.17 19:37:01.977,0.59105,0.59115,1.20,4.80
2009.02.17 19:37:02.489,0.59105,0.59125,1.20,4.80
2009.02.17 19:37:06.676,0.59115,0.5913,1.20,4.80
2009.02.17 19:37:09.305,0.59105,0.59125,1.20,4.80
2009.02.17 19:37:10.495,0.591,0.59115,1.20,4.80
2009.02.17 19:37:10.895,0.5909,0.59115,1.20,4.80
2009.02.17 19:37:11.255,0.5909,0.59125,1.20,4.80
2009.02.17 19:37:13.054,0.59095,0.5913,1.20,4.80
2009.02.17 19:37:13.464,0.59105,0.5913,1.60,4.80
2009.02.17 19:37:13.984,0.5911,0.59145,1.20,4.80
2009.02.17 19:37:14.464,0.5912,0.59145,1.20,9.60
2009.02.17 19:37:14.964,0.59125,0.5914,1.20,4.80
2009.02.17 19:37:15.366,0.5913,0.5915,1.20,4.80
2009.02.17 19:37:16.464,0.59125,0.5914,1.20,4.80
2009.02.17 19:37:16.873,0.5913,0.5915,1.20,4.80
2009.02.17 19:37:18.503,0.5912,0.59145,1.20,4.80
2009.02.17 19:37:18.963,0.5911,0.59145,1.20,4.80
2009.02.17 19:37:20.093,0.5913,0.5915,1.20,4.80
2009.02.17 19:37:22.102,0.5913,0.59155,1.60,4.80
2009.02.17 19:37:22.622,0.5913,0.59155,1.20,4.80
2009.02.17 19:37:24.422,0.5913,0.5916,1.20,8.00
2009.02.17 19:37:24.761,0.5913,0.5916,1.20,6.40
2009.02.17 19:37:24.992,0.5913,0.5916,1.20,4.80
2009.02.17 19:37:28.730,0.5913,0.5915,1.20,4.80
2009.02.17 19:37:29.041,0.59135,0.59165,1.20,4.80
2009.02.17 19:37:29.381,0.5915,0.59175,1.20,1.80
2009.02.17 19:37:29.601,0.5915,0.59185,1.20,4.80
2009.02.17 19:37:31.370,0.5916,0.59185,1.20,4.80
2009.02.17 19:37:32.530,0.59155,0.5918,1.20,4.80
2009.02.17 19:37:34.939,0.5917,0.592,1.20,4.80
2009.02.17 19:37:35.289,0.5919,0.5921,1.20,4.80
2009.02.17 19:37:35.639,0.5918,0.592,1.20,4.80
2009.02.17 19:37:35.989,0.5918,0.59205,1.20,4.80
2009.02.17 19:37:36.289,0.5918,0.592,1.20,4.80
2009.02.17 19:37:36.878,0.59175,0.592,1.20,4.80
2009.02.17 19:37:37.149,0.5917,0.592,1.20,4.80
2009.02.17 19:37:37.968,0.59165,0.59195,1.20,4.80
2009.02.17 19:37:39.178,0.5916,0.5919,1.20,4.80
2009.02.17 19:37:40.968,0.59165,0.592,7.20,4.80
2009.02.17 19:37:41.418,0.5918,0.59205,1.20,4.80
2009.02.17 19:37:41.827,0.5918,0.5921,1.20,4.80
2009.02.17 19:37:43.549,0.5918,0.59205,1.20,4.80
2009.02.17 19:37:43.947,0.59175,0.59205,2.00,4.80
2009.02.17 19:37:44.397,0.5917,0.59205,1.20,4.80
2009.02.17 19:37:44.926,0.59165,0.592,1.20,4.80
2009.02.17 19:37:47.126,0.5917,0.592,1.20,4.80
2009.02.17 19:37:50.446,0.5917,0.5919,1.20,1.00
2009.02.17 19:37:51.735,0.5917,0.59195,1.20,13.60
2009.02.17 19:37:52.325,0.59165,0.5919,1.20,4.80
2009.02.17 19:37:55.574,0.59165,0.5919,1.20,1.00
2009.02.17 19:37:57.304,0.5917,0.5919,1.20,1.00
2009.02.17 19:37:59.263,0.5917,0.59195,1.20,13.60
2009.02.17 19:38:01.353,0.5917,0.5919,1.20,1.00
2009.02.17 19:38:02.492,0.5917,0.5919,1.20,4.80
2009.02.17 19:38:06.441,0.5916,0.5919,3.20,4.80
2009.02.17 19:38:06.612,0.5916,0.5919,1.20,4.80
2009.02.17 19:38:08.661,0.59165,0.59195,1.20,13.60
2009.02.17 19:38:16.589,0.5916,0.5919,1.20,4.80
2009.02.17 19:38:21.488,0.5916,0.5918,1.20,4.80
2009.02.17 19:38:26.967,0.5916,0.59175,1.20,4.80
2009.02.17 19:38:27.967,0.5915,0.5917,1.20,4.80
2009.02.17 19:38:28.136,0.59145,0.59175,1.20,4.80
2009.02.17 19:38:28.726,0.5915,0.59175,1.20,4.80
2009.02.17 19:38:29.136,0.59145,0.59175,1.20,4.80
2009.02.17 19:38:29.466,0.5915,0.59175,1.20,4.80
2009.02.17 19:38:30.396,0.5915,0.5918,1.20,4.80
2009.02.17 19:38:32.935,0.5915,0.59175,1.20,4.80
2009.02.17 19:38:33.615,0.59145,0.59175,1.20,4.80
2009.02.17 19:38:34.025,0.5915,0.59175,1.20,4.80
2009.02.17 19:38:36.804,0.5915,0.5917,1.20,4.80
2009.02.17 19:38:38.684,0.59165,0.5918,1.20,4.80
2009.02.17 19:38:38.904,0.5917,0.5918,1.20,1.60
2009.02.17 19:38:39.194,0.59165,0.59185,1.20,9.60
2009.02.17 19:38:39.474,0.59165,0.59185,1.20,4.80
2009.02.17 19:38:41.223,0.5917,0.5919,1.20,4.80
2009.02.17 19:38:41.743,0.5916,0.59185,1.20,4.80
2009.02.17 19:38:42.363,0.59155,0.59185,1.20,4.80
2009.02.17 19:38:43.013,0.5915,0.5918,1.20,4.80
2009.02.17 19:38:43.352,0.59155,0.59185,1.20,4.80
2009.02.17 19:38:46.242,0.5915,0.5918,1.20,4.80
2009.02.17 19:38:47.171,0.59155,0.59185,1.20,4.80
2009.02.17 19:38:50.041,0.5916,0.5919,1.20,4.80
2009.02.17 19:38:50.491,0.59155,0.5918,1.20,4.80
2009.02.17 19:38:51.231,0.5915,0.59175,1.20,4.80
2009.02.17 19:39:03.168,0.5915,0.5917,1.20,4.80
2009.02.17 19:39:03.568,0.59145,0.5916,1.20,4.80
2009.02.17 19:39:04.248,0.5915,0.5917,1.20,9.00
2009.02.17 19:39:04.457,0.5915,0.5917,1.20,4.80
2009.02.17 19:39:04.917,0.5915,0.59175,1.20,4.80
2009.02.17 19:39:07.187,0.5915,0.5917,1.20,4.80
2009.02.17 19:39:11.186,0.59145,0.5916,1.20,4.80
2009.02.17 19:39:12.395,0.5914,0.5916,1.20,4.80
2009.02.17 19:39:13.805,0.59145,0.5916,1.20,4.80
2009.02.17 19:39:14.605,0.5915,0.59165,1.20,4.80
2009.02.17 19:39:14.905,0.59145,0.5916,1.20,4.80
2009.02.17 19:39:15.245,0.5915,0.59165,1.20,4.80
2009.02.17 19:39:18.204,0.59145,0.59165,1.20,4.80
2009.02.17 19:39:18.314,0.59145,0.59155,1.20,4.80
2009.02.17 19:39:20.004,0.5914,0.59155,1.20,4.80
2009.02.17 19:39:22.853,0.59145,0.5916,1.20,4.80
2009.02.17 19:39:24.073,0.5915,0.59165,1.20,4.80
2009.02.17 19:39:25.773,0.59155,0.5917,1.20,1.60
2009.02.17 19:39:26.112,0.5915,0.5918,1.20,4.80
2009.02.17 19:39:26.502,0.5914,0.5917,2.00,4.80
2009.02.17 19:39:26.792,0.59135,0.59165,1.20,4.80
2009.02.17 19:39:28.882,0.59135,0.5917,1.20,4.80
2009.02.17 19:39:29.731,0.59135,0.5917,1.20,6.60
2009.02.17 19:39:30.071,0.59135,0.5917,1.20,4.80
2009.02.17 19:39:31.581,0.59135,0.59165,1.20,4.80
2009.02.17 19:39:32.281,0.59135,0.5917,1.20,4.80
2009.02.17 19:39:40.209,0.59135,0.59165,1.20,4.80
2009.02.17 19:39:48.617,0.5913,0.5916,1.20,4.80
2009.02.17 19:39:49.577,0.5913,0.59165,1.20,4.80
2009.02.17 19:39:50.287,0.5913,0.5917,1.20,4.80
2009.02.17 19:39:51.716,0.5913,0.5916,1.20,4.80
2009.02.17 19:39:53.785,0.5913,0.59155,1.20,4.80
2009.02.17 19:39:58.614,0.59125,0.59155,1.20,4.80
2009.02.17 19:39:59.804,0.5912,0.59145,1.20,4.80
2009.02.17 19:40:02.344,0.5912,0.5914,1.20,4.80
2009.02.17 19:40:05.902,0.5912,0.59135,1.20,4.80
2009.02.17 19:40:06.732,0.5912,0.5914,1.20,4.80
2009.02.17 19:40:08.452,0.5912,0.59135,1.20,4.80
2009.02.17 19:40:11.381,0.59115,0.59135,1.20,4.80
2009.02.17 19:40:13.661,0.59115,0.5913,1.20,4.80
2009.02.17 19:40:19.329,0.59105,0.59125,1.20,4.80
2009.02.17 19:40:20.599,0.591,0.5912,1.20,4.80
2009.02.17 19:40:21.689,0.59105,0.59125,1.20,4.80
2009.02.17 19:40:21.979,0.59095,0.5912,4.40,4.80
2009.02.17 19:40:22.378,0.5908,0.59105,8.40,4.80
2009.02.17 19:40:22.858,0.5908,0.59105,1.20,4.80
2009.02.17 19:40:23.538,0.5907,0.59105,1.20,4.80
2009.02.17 19:40:24.108,0.59075,0.5911,1.20,4.80
2009.02.17 19:40:24.348,0.5907,0.59105,1.20,4.80
2009.02.17 19:40:25.268,0.59075,0.5911,1.20,4.80
2009.02.17 19:40:27.417,0.5909,0.59115,1.20,4.80
2009.02.17 19:40:27.657,0.5908,0.591,1.20,4.80
2009.02.17 19:40:28.987,0.5908,0.59095,1.20,4.80
2009.02.17 19:40:30.507,0.59085,0.5911,1.20,7.40
2009.02.17 19:40:30.847,0.59085,0.5911,1.20,4.80
2009.02.17 19:40:31.766,0.591,0.59115,1.20,4.80
2009.02.17 19:40:32.106,0.591,0.5912,1.20,4.80
2009.02.17 19:40:32.406,0.59105,0.59125,1.20,7.40
2009.02.17 19:40:32.906,0.59105,0.59125,1.20,4.80
2009.02.17 19:40:33.256,0.59105,0.5913,1.20,4.80
2009.02.17 19:40:35.245,0.59105,0.59125,1.20,4.80
2009.02.17 19:40:36.945,0.591,0.59115,1.20,4.80
2009.02.17 19:40:39.474,0.59105,0.5912,1.20,4.80
2009.02.17 19:40:40.185,0.5911,0.59125,1.20,8.00
2009.02.17 19:40:48.012,0.5911,0.59125,1.20,4.80
2009.02.17 19:40:48.763,0.59105,0.5912,1.20,4.80
2009.02.17 19:40:53.541,0.59105,0.59125,1.20,4.80
2009.02.17 19:41:11.656,0.5911,0.5913,1.20,4.80
2009.02.17 19:41:16.155,0.59105,0.5913,1.20,4.80
2009.02.17 19:41:16.746,0.59105,0.59125,1.20,4.80
2009.02.17 19:41:16.805,0.591,0.5912,1.20,4.80
2009.02.17 19:41:17.686,0.5909,0.5911,4.80,4.80
2009.02.17 19:41:17.796,0.5909,0.5911,3.20,4.80
2009.02.17 19:41:18.345,0.59095,0.59115,1.20,4.80
2009.02.17 19:41:18.735,0.591,0.5912,1.20,4.80
2009.02.17 19:41:20.584,0.59095,0.59115,1.20,4.80
2009.02.17 19:41:22.184,0.591,0.5912,1.20,4.80
2009.02.17 19:41:30.102,0.59095,0.5912,1.20,4.80
2009.02.17 19:41:37.131,0.59095,0.59115,1.20,4.80
2009.02.17 19:41:39.870,0.59095,0.5911,1.20,4.80
2009.02.17 19:41:42.999,0.591,0.5912,1.20,4.80
2009.02.17 19:41:45.938,0.591,0.5912,1.20,6.40
2009.02.17 19:41:46.438,0.59095,0.5911,1.20,4.80
2009.02.17 19:41:50.247,0.59095,0.5911,1.20,6.40
2009.02.17 19:41:50.647,0.59095,0.59105,1.20,4.80
2009.02.17 19:41:51.107,0.5909,0.59105,1.20,4.80
2009.02.17 19:41:51.627,0.59085,0.59095,1.20,4.80
2009.02.17 19:41:52.597,0.59085,0.591,1.20,3.20
2009.02.17 19:41:52.887,0.59085,0.59105,1.20,4.80
2009.02.17 19:41:53.226,0.5909,0.59105,1.20,4.80
2009.02.17 19:41:53.736,0.59095,0.5911,1.20,4.80
2009.02.17 19:41:58.405,0.591,0.59115,1.20,4.80
2009.02.17 19:42:04.334,0.59095,0.5911,1.20,4.80
2009.02.17 19:42:04.454,0.5909,0.59105,1.20,4.80
2009.02.17 19:42:18.350,0.59085,0.591,6.00,4.80
2009.02.17 19:42:18.700,0.59085,0.591,1.20,4.80
2009.02.17 19:42:18.820,0.59075,0.59095,1.20,4.80
2009.02.17 19:42:20.280,0.59075,0.59105,1.20,4.80
2009.02.17 19:42:24.649,0.59085,0.59105,1.20,4.80
2009.02.17 19:42:35.926,0.59085,0.5911,1.20,4.80
2009.02.17 19:42:38.536,0.59085,0.59105,1.20,4.80
2009.02.17 19:42:39.936,0.59085,0.5911,1.20,4.80
2009.02.17 19:42:52.752,0.5909,0.5911,1.20,4.80
2009.02.17 19:42:57.061,0.59085,0.5911,1.20,4.80
2009.02.17 19:42:57.411,0.5909,0.5911,1.20,4.80
2009.02.17 19:43:22.865,0.59095,0.59115,1.20,4.80
2009.02.17 19:43:24.454,0.59085,0.59115,3.20,4.80
2009.02.17 19:43:24.855,0.59085,0.59115,1.60,4.80
2009.02.17 19:43:25.024,0.59085,0.59115,1.20,4.80
2009.02.17 19:43:30.523,0.59095,0.59115,1.20,4.80
2009.02.17 19:43:37.022,0.591,0.5912,1.20,4.80
2009.02.17 19:43:37.601,0.59105,0.59125,1.20,4.80
2009.02.17 19:43:46.469,0.591,0.5912,1.20,4.80
2009.02.17 19:43:49.739,0.591,0.59115,1.20,4.80
2009.02.17 19:43:50.758,0.591,0.5912,1.20,4.80
2009.02.17 19:44:10.194,0.5911,0.59125,1.20,4.80
2009.02.17 19:44:16.142,0.591,0.5912,1.20,4.80
2009.02.17 19:44:24.720,0.5909,0.59105,5.60,4.80
2009.02.17 19:44:25.020,0.5909,0.59105,1.20,4.80
2009.02.17 19:44:25.550,0.5909,0.5911,1.20,4.80
2009.02.17 19:44:28.919,0.59095,0.5911,1.20,4.80
2009.02.17 19:44:30.539,0.5909,0.5911,1.20,4.80
2009.02.17 19:44:30.828,0.5908,0.59105,1.20,4.80
2009.02.17 19:44:31.408,0.59085,0.5911,1.20,4.80
2009.02.17 19:44:32.648,0.59075,0.591,9.40,4.80
2009.02.17 19:44:33.168,0.59075,0.591,3.20,4.80
2009.02.17 19:44:33.348,0.59075,0.591,1.20,4.80
2009.02.17 19:44:35.797,0.59075,0.59095,1.20,4.80
2009.02.17 19:44:37.537,0.5907,0.59095,1.20,4.80
2009.02.17 19:44:40.286,0.59075,0.59095,1.20,4.80
2009.02.17 19:44:43.186,0.59075,0.591,1.20,4.80
2009.02.17 19:44:44.945,0.59085,0.5911,1.20,4.80
2009.02.17 19:44:48.784,0.5909,0.5911,1.20,4.80
2009.02.17 19:44:54.533,0.59095,0.59115,1.20,4.80
2009.02.17 19:45:20.596,0.59095,0.59125,1.20,4.80
2009.02.17 19:45:23.206,0.59095,0.59115,1.20,4.80
2009.02.17 19:45:25.015,0.59095,0.59125,1.20,4.80
2009.02.17 19:45:26.375,0.5909,0.5912,1.20,4.80
2009.02.17 19:45:27.355,0.59095,0.59125,1.20,4.80
2009.02.17 19:45:27.865,0.59095,0.59115,1.20,4.80
2009.02.17 19:45:28.394,0.591,0.59115,1.20,4.80
2009.02.17 19:45:39.872,0.59095,0.59115,8.00,4.80
2009.02.17 19:45:39.982,0.59095,0.59115,3.20,4.80
2009.02.17 19:45:45.890,0.591,0.59115,1.20,4.80
2009.02.17 19:45:55.218,0.591,0.5911,1.20,1.00
2009.02.17 19:45:55.388,0.59095,0.5911,6.80,1.00
2009.02.17 19:45:55.508,0.59095,0.5911,6.80,2.20
2009.02.17 19:45:55.798,0.59085,0.591,4.40,4.80
2009.02.17 19:45:56.148,0.5906,0.59075,1.20,4.80
2009.02.17 19:45:56.488,0.59055,0.5907,2.00,4.80
2009.02.17 19:45:56.898,0.59045,0.5907,1.60,4.80
2009.02.17 19:45:57.068,0.59045,0.5906,1.60,4.80
2009.02.17 19:45:57.358,0.59045,0.5906,1.20,4.80
2009.02.17 19:45:57.928,0.5904,0.5906,3.20,4.80
2009.02.17 19:45:58.508,0.5904,0.5906,1.20,4.80
2009.02.17 19:45:58.787,0.59045,0.5906,1.20,4.80
2009.02.17 19:46:00.167,0.5904,0.59055,1.20,4.80
2009.02.17 19:46:00.527,0.59045,0.5906,1.20,4.80
2009.02.17 19:46:00.707,0.5904,0.5906,1.20,4.80
2009.02.17 19:46:04.456,0.59035,0.5905,1.20,4.80
2009.02.17 19:46:04.866,0.5903,0.59045,3.20,4.80
2009.02.17 19:46:05.086,0.5903,0.59045,1.20,4.80
2009.02.17 19:46:09.485,0.59025,0.5904,1.20,4.80
2009.02.17 19:46:12.064,0.5903,0.5905,1.20,4.80
2009.02.17 19:46:12.534,0.5902,0.5904,1.20,4.80
2009.02.17 19:46:15.433,0.59025,0.5904,1.20,4.80
2009.02.17 19:46:17.643,0.5903,0.5905,1.20,8.00
2009.02.17 19:46:18.452,0.5903,0.5905,1.20,4.80
2009.02.17 19:46:22.422,0.59035,0.59055,1.20,4.80
2009.02.17 19:46:23.392,0.59035,0.5906,1.20,4.80
2009.02.17 19:46:26.920,0.5904,0.59065,1.20,4.80
2009.02.17 19:46:27.250,0.59025,0.59055,12.80,4.80
2009.02.17 19:46:27.480,0.59025,0.5905,8.00,4.80
2009.02.17 19:46:27.661,0.5902,0.5904,1.00,4.80
2009.02.17 19:46:28.020,0.5901,0.5904,4.40,4.80
2009.02.17 19:46:28.240,0.59005,0.5904,1.20,4.80
2009.02.17 19:46:29.100,0.59005,0.5903,1.20,4.80
2009.02.17 19:46:29.440,0.59,0.5903,1.20,4.80
2009.02.17 19:46:31.099,0.59,0.59025,1.20,4.80
2009.02.17 19:46:31.259,0.58995,0.59025,1.20,4.80
2009.02.17 19:46:32.769,0.59,0.59025,1.20,8.00
2009.02.17 19:46:32.989,0.59,0.59025,1.20,4.80
2009.02.17 19:46:33.799,0.59005,0.59025,1.20,4.80
2009.02.17 19:46:45.466,0.59005,0.5903,1.20,4.80
2009.02.17 19:47:05.711,0.59005,0.59025,1.20,4.80
2009.02.17 19:47:08.250,0.59005,0.5902,1.20,4.80
2009.02.17 19:47:14.859,0.59005,0.5902,2.00,4.80
2009.02.17 19:47:15.009,0.5903,0.59035,1.20,4.80
2009.02.17 19:47:15.229,0.5903,0.5904,1.20,3.40
2009.02.17 19:47:15.579,0.5903,0.5905,1.20,4.80
2009.02.17 19:47:17.718,0.5905,0.59065,1.20,13.80
2009.02.17 19:47:17.988,0.5905,0.59065,1.20,9.00
2009.02.17 19:47:18.278,0.59055,0.59075,1.20,2.60
2009.02.17 19:47:18.568,0.59055,0.5908,1.20,4.80
2009.02.17 19:47:18.798,0.59055,0.5909,1.20,4.80
2009.02.17 19:47:25.636,0.59055,0.59095,1.20,4.80
2009.02.17 19:47:26.086,0.59055,0.5908,1.20,4.80
2009.02.17 19:47:31.914,0.5905,0.5908,1.20,4.80
2009.02.17 19:47:34.744,0.5904,0.5908,7.40,4.80
2009.02.17 19:47:34.924,0.5904,0.5908,5.60,4.80
2009.02.17 19:47:35.734,0.59035,0.59075,6.40,4.80
2009.02.17 19:47:36.314,0.5903,0.5907,4.80,4.80
2009.02.17 19:47:36.664,0.59025,0.5907,5.60,4.80
2009.02.17 19:47:38.263,0.59025,0.5907,6.40,4.80
2009.02.17 19:47:38.553,0.5904,0.5907,1.20,4.80
2009.02.17 19:47:39.313,0.59035,0.5907,1.20,4.80
2009.02.17 19:47:40.123,0.59035,0.5906,1.20,4.80
2009.02.17 19:47:46.291,0.59025,0.5905,1.20,4.80
2009.02.17 19:47:46.741,0.5904,0.5906,1.20,4.80
2009.02.17 19:47:47.031,0.5903,0.5906,1.20,4.80
2009.02.17 19:47:47.711,0.59025,0.5905,1.20,4.80
2009.02.17 19:47:48.361,0.59025,0.59045,1.20,4.80
2009.02.17 19:47:51.350,0.5902,0.59045,1.20,4.80
2009.02.17 19:47:51.690,0.5902,0.5904,1.20,4.80
2009.02.17 19:47:52.090,0.59015,0.5904,6.40,4.80
2009.02.17 19:47:54.479,0.59015,0.59035,6.40,4.80
2009.02.17 19:47:55.849,0.59015,0.59035,1.60,4.80
2009.02.17 19:47:56.409,0.5901,0.5903,1.20,4.80
2009.02.17 19:47:58.739,0.59005,0.5902,1.20,4.80
2009.02.17 19:47:59.138,0.59,0.59015,1.20,4.80
2009.02.17 19:48:00.098,0.5899,0.5901,3.20,4.80
2009.02.17 19:48:00.508,0.58985,0.5901,1.20,4.80
2009.02.17 19:48:02.707,0.5899,0.59015,1.20,4.80
2009.02.17 19:48:05.146,0.58985,0.59005,1.20,4.80
2009.02.17 19:48:05.267,0.58995,0.5901,1.20,4.80
2009.02.17 19:48:07.476,0.5899,0.59005,1.20,4.80
2009.02.17 19:48:10.445,0.58995,0.59015,1.20,11.20
2009.02.17 19:48:10.615,0.58995,0.59015,1.20,4.80
2009.02.17 19:48:13.115,0.58995,0.5901,1.20,4.80
2009.02.17 19:48:18.443,0.5898,0.59005,1.00,4.80
2009.02.17 19:48:18.724,0.58975,0.59005,1.00,4.80
2009.02.17 19:48:18.893,0.5897,0.59005,1.20,4.80
2009.02.17 19:48:19.393,0.58975,0.59005,1.20,4.80
2009.02.17 19:48:23.312,0.58975,0.59015,1.20,4.80
2009.02.17 19:48:23.812,0.58975,0.5901,1.20,4.80
2009.02.17 19:48:25.462,0.58985,0.5901,1.20,4.80
2009.02.17 19:48:28.521,0.5899,0.59015,1.20,4.80
2009.02.17 19:48:29.031,0.5899,0.5902,1.20,4.80
2009.02.17 19:48:29.431,0.5899,0.59015,1.20,4.80
2009.02.17 19:48:31.240,0.5899,0.5902,1.20,4.80
2009.02.17 19:48:31.870,0.5899,0.59015,1.20,4.80
2009.02.17 19:48:35.439,0.59005,0.5902,1.20,4.80
2009.02.17 19:48:36.909,0.5899,0.59015,1.60,4.80
2009.02.17 19:48:37.299,0.5899,0.59015,1.20,4.80
2009.02.17 19:48:39.649,0.58985,0.5901,1.20,4.80
2009.02.17 19:48:42.168,0.58985,0.59005,1.20,4.80
2009.02.17 19:48:42.927,0.5897,0.58985,7.20,4.80
2009.02.17 19:48:43.537,0.5897,0.58985,2.00,4.80
2009.02.17 19:48:43.867,0.5895,0.58985,1.20,4.80
2009.02.17 19:48:44.378,0.5895,0.5898,1.20,4.80
2009.02.17 19:48:45.007,0.58965,0.5898,1.00,4.80
2009.02.17 19:48:45.647,0.58975,0.59005,1.20,4.80
2009.02.17 19:48:46.017,0.58975,0.59015,1.20,4.80
2009.02.17 19:48:46.307,0.58975,0.59005,1.20,4.80
2009.02.17 19:48:46.777,0.58995,0.59015,1.20,1.80
2009.02.17 19:48:47.366,0.58995,0.5902,1.20,4.80
2009.02.17 19:48:51.705,0.59005,0.5902,1.20,4.80
2009.02.17 19:48:54.705,0.5899,0.59015,1.60,4.80
2009.02.17 19:48:54.984,0.58985,0.58995,2.00,4.80
2009.02.17 19:48:55.325,0.5898,0.58995,1.20,4.80
2009.02.17 19:48:55.794,0.5896,0.58985,1.60,4.80
2009.02.17 19:48:56.364,0.58955,0.58985,4.80,6.40
2009.02.17 19:48:56.774,0.5895,0.58985,1.20,6.40
2009.02.17 19:48:57.114,0.5895,0.58985,1.20,4.80
2009.02.17 19:48:58.964,0.58955,0.5899,1.20,1.60
2009.02.17 19:48:59.304,0.5896,0.59,1.20,6.60
2009.02.17 19:48:59.534,0.5897,0.59005,1.20,6.60
2009.02.17 19:48:59.813,0.5897,0.59005,1.20,4.80
2009.02.17 19:49:01.073,0.5898,0.59015,1.20,11.40
2009.02.17 19:49:01.493,0.58975,0.59005,1.20,4.80
2009.02.17 19:49:02.194,0.58965,0.59,1.20,4.80
2009.02.17 19:49:02.553,0.58955,0.59,4.40,4.80
2009.02.17 19:49:03.172,0.5895,0.58995,1.20,4.80
2009.02.17 19:49:06.132,0.5895,0.5899,1.20,4.80
2009.02.17 19:49:07.842,0.5897,0.5899,1.20,4.80
2009.02.17 19:49:08.081,0.58975,0.58995,1.20,4.80
2009.02.17 19:49:10.451,0.5897,0.5899,1.20,4.80
2009.02.17 19:49:18.449,0.58975,0.58995,1.20,4.80
2009.02.17 19:49:20.229,0.5897,0.5899,1.20,4.80
2009.02.17 19:49:25.867,0.5896,0.5898,3.20,4.80
2009.02.17 19:49:26.327,0.58965,0.5899,1.20,4.80
2009.02.17 19:49:26.907,0.5896,0.5898,1.20,4.80
2009.02.17 19:49:29.616,0.58955,0.5898,1.20,4.80
2009.02.17 19:49:30.506,0.58965,0.5899,1.20,4.80
2009.02.17 19:49:32.385,0.5896,0.5899,1.20,4.80
2009.02.17 19:49:33.226,0.58965,0.5899,1.20,4.80
2009.02.17 19:49:36.674,0.5896,0.5899,1.20,4.80
2009.02.17 19:49:39.364,0.58965,0.5899,1.20,4.80
2009.02.17 19:49:42.243,0.5898,0.58995,1.20,4.80
2009.02.17 19:49:43.193,0.58985,0.59,1.20,4.80
2009.02.17 19:49:43.643,0.5897,0.58995,1.60,4.80
2009.02.17 19:49:44.093,0.5897,0.58995,1.20,4.80
2009.02.17 19:49:44.833,0.5897,0.59,1.20,4.80
2009.02.17 19:49:51.051,0.5897,0.5899,1.20,4.80
2009.02.17 19:49:51.281,0.5896,0.58985,1.20,4.80
2009.02.17 19:49:56.750,0.5895,0.5898,1.20,4.80
2009.02.17 19:49:57.929,0.5895,0.58975,1.20,4.80
2009.02.17 19:49:58.660,0.58945,0.58975,1.20,4.80
2009.02.17 19:50:01.418,0.58935,0.58975,1.60,4.80
2009.02.17 19:50:01.589,0.58935,0.58975,1.20,4.80
2009.02.17 19:50:04.798,0.58935,0.58975,2.00,4.80
2009.02.17 19:50:04.978,0.5896,0.5898,1.20,4.80
2009.02.17 19:50:06.137,0.5896,0.58975,1.20,4.80
2009.02.17 19:50:07.917,0.5896,0.5898,1.20,4.80
2009.02.17 19:50:11.136,0.58965,0.5898,1.20,4.80
2009.02.17 19:50:31.271,0.58955,0.58975,1.20,4.80
2009.02.17 19:50:32.811,0.5895,0.58975,3.20,4.80
2009.02.17 19:50:35.690,0.5895,0.5897,3.20,4.80
2009.02.17 19:50:36.770,0.5895,0.58975,3.20,4.80
2009.02.17 19:50:40.899,0.5895,0.58975,2.00,4.80
2009.02.17 19:50:41.069,0.58945,0.58975,1.20,4.80
2009.02.17 19:50:43.918,0.5894,0.58985,3.20,6.60
2009.02.17 19:50:44.388,0.5894,0.58985,3.20,4.80
2009.02.17 19:50:46.518,0.58945,0.58985,1.20,4.80
2009.02.17 19:50:47.368,0.5896,0.58985,1.20,4.80
2009.02.17 19:50:52.166,0.58965,0.58985,1.20,4.80
2009.02.17 19:50:54.426,0.58965,0.5899,1.20,4.80
2009.02.17 19:50:54.826,0.58975,0.58995,1.20,4.80
2009.02.17 19:50:55.865,0.5897,0.58995,1.20,4.80
2009.02.17 19:50:58.415,0.58975,0.59,1.20,4.80
2009.02.17 19:51:01.174,0.5898,0.59,1.20,4.80
2009.02.17 19:51:05.873,0.5898,0.59005,1.20,4.80
2009.02.17 19:51:06.503,0.5898,0.59,1.20,4.80
2009.02.17 19:51:07.413,0.5898,0.59005,1.20,4.80
2009.02.17 19:51:11.682,0.5898,0.59,1.20,4.80
2009.02.17 19:51:12.201,0.5898,0.59005,1.20,4.80
2009.02.17 19:51:13.611,0.5898,0.59,1.20,4.80
2009.02.17 19:51:14.531,0.58975,0.59,1.20,4.80
2009.02.17 19:51:38.065,0.5898,0.59,1.20,4.80
2009.02.17 19:51:38.525,0.58985,0.59,1.20,4.80
2009.02.17 19:51:39.245,0.5899,0.59025,1.20,12.80
2009.02.17 19:51:39.575,0.59,0.59025,1.20,4.80
2009.02.17 19:51:41.204,0.5899,0.59025,1.20,4.80
2009.02.17 19:51:43.694,0.58985,0.59015,1.20,4.80
2009.02.17 19:51:48.933,0.5899,0.59015,1.20,4.80
2009.02.17 19:51:54.071,0.58985,0.59015,1.20,4.80
2009.02.17 19:51:56.581,0.5899,0.59015,1.20,4.80
2009.02.17 19:52:07.158,0.58985,0.59015,1.20,4.80
2009.02.17 19:52:07.508,0.5899,0.59015,1.20,4.80
2009.02.17 19:52:13.687,0.5898,0.59015,1.20,4.80
2009.02.17 19:52:16.526,0.5898,0.5901,1.20,1.00
2009.02.17 19:52:16.926,0.58975,0.5899,1.20,4.80
2009.02.17 19:52:17.675,0.58955,0.5898,7.80,4.80
2009.02.17 19:52:17.966,0.58955,0.5898,1.20,4.80
2009.02.17 19:52:20.645,0.58955,0.5899,1.20,4.80
2009.02.17 19:52:21.915,0.5895,0.58985,1.20,4.80
2009.02.17 19:52:23.064,0.58975,0.5899,1.20,4.80
2009.02.17 19:52:23.174,0.58975,0.58995,1.20,4.80
2009.02.17 19:52:25.544,0.5897,0.58985,1.20,4.80
2009.02.17 19:52:42.859,0.58975,0.5899,1.20,4.80
2009.02.17 19:52:43.769,0.5898,0.59,1.20,9.00
2009.02.17 19:52:44.179,0.5898,0.59,1.20,4.80
2009.02.17 19:52:44.499,0.5901,0.5902,1.20,6.20
2009.02.17 19:52:45.029,0.5901,0.59025,1.20,7.40
2009.02.17 19:52:45.259,0.5901,0.59025,1.20,4.80
2009.02.17 19:52:47.069,0.5902,0.59035,1.20,9.00
2009.02.17 19:52:47.588,0.5902,0.5904,1.20,5.20
2009.02.17 19:52:47.948,0.5902,0.5904,1.20,4.80
2009.02.17 19:52:49.078,0.59025,0.5904,1.20,4.80
2009.02.17 19:52:53.347,0.5901,0.59025,1.20,4.80
2009.02.17 19:53:07.983,0.59005,0.5902,1.20,4.80
2009.02.17 19:53:15.042,0.59,0.59015,1.20,4.80
2009.02.17 19:53:15.392,0.59005,0.5902,1.20,4.80
2009.02.17 19:53:22.830,0.5901,0.59025,1.20,4.80
2009.02.17 19:53:36.326,0.5901,0.59025,1.20,4.80
2009.02.17 19:53:45.404,0.59005,0.5902,1.20,4.80
2009.02.17 19:53:50.983,0.59005,0.5901,1.20,1.60
2009.02.17 19:53:51.333,0.5898,0.58995,1.20,4.80
2009.02.17 19:53:51.973,0.5897,0.58985,1.60,4.80
2009.02.17 19:53:52.383,0.58975,0.58995,1.20,4.80
2009.02.17 19:53:53.302,0.5897,0.5899,1.60,4.80
2009.02.17 19:53:53.692,0.5897,0.5899,1.20,4.80
2009.02.17 19:53:54.192,0.5896,0.58985,1.00,4.80
2009.02.17 19:53:54.592,0.58945,0.58985,9.20,4.80
2009.02.17 19:53:55.062,0.5897,0.58995,1.20,6.40
2009.02.17 19:53:55.402,0.5897,0.59005,1.20,4.80
2009.02.17 19:53:55.702,0.58965,0.58995,3.20,4.80
2009.02.17 19:53:56.362,0.58965,0.58995,1.60,4.80
2009.02.17 19:53:56.601,0.58965,0.58995,1.20,4.80
2009.02.17 19:54:00.631,0.58965,0.59,1.20,4.80
2009.02.17 19:54:00.861,0.5897,0.59005,1.20,4.80
2009.02.17 19:54:03.460,0.5897,0.5901,1.20,4.80
2009.02.17 19:54:05.549,0.5898,0.5901,1.20,4.80
2009.02.17 19:54:13.078,0.5898,0.5901,1.20,8.00
2009.02.17 19:54:13.197,0.5898,0.59005,1.20,4.80
2009.02.17 19:54:14.197,0.58975,0.58995,1.20,4.80
2009.02.17 19:54:14.437,0.5898,0.59005,1.20,4.80
2009.02.17 19:54:15.217,0.58975,0.58995,1.20,4.80
2009.02.17 19:54:17.946,0.5896,0.5899,1.20,4.80
2009.02.17 19:54:22.135,0.58965,0.5899,1.20,4.80
2009.02.17 19:54:37.562,0.58965,0.58985,1.20,4.80
2009.02.17 19:54:48.129,0.5896,0.58985,1.20,4.80
2009.02.17 19:54:51.828,0.5896,0.5898,1.20,4.80
2009.02.17 19:54:57.097,0.58955,0.5898,1.20,4.80
2009.02.17 19:55:04.855,0.58955,0.58985,1.20,4.80
2009.02.17 19:55:05.205,0.58955,0.58995,1.20,4.80
2009.02.17 19:55:05.495,0.58965,0.59005,1.20,5.00
2009.02.17 19:55:05.855,0.58965,0.59005,1.20,1.60
2009.02.17 19:55:06.255,0.58965,0.59005,1.20,6.40
2009.02.17 19:55:06.435,0.58975,0.59005,1.20,4.80
2009.02.17 19:55:07.134,0.58975,0.59015,1.20,9.80
2009.02.17 19:55:07.355,0.58985,0.59015,1.20,4.80
2009.02.17 19:55:08.524,0.5898,0.59005,1.20,4.80
2009.02.17 19:55:08.924,0.58975,0.59,1.20,4.80
2009.02.17 19:55:09.264,0.58955,0.5899,14.20,4.80
2009.02.17 19:55:09.654,0.5895,0.5898,1.20,4.80
2009.02.17 19:55:10.714,0.58945,0.58975,1.20,4.80
2009.02.17 19:55:10.954,0.5894,0.5897,1.20,4.80
2009.02.17 19:55:11.583,0.5894,0.58955,1.20,4.80
2009.02.17 19:55:12.303,0.58945,0.5896,1.20,4.80
2009.02.17 19:55:14.023,0.5894,0.58955,1.20,4.80
2009.02.17 19:55:20.001,0.58935,0.5895,1.20,4.80
2009.02.17 19:55:20.221,0.5894,0.58955,1.20,4.80
2009.02.17 19:55:28.619,0.58935,0.5895,1.20,4.80
2009.02.17 19:55:36.587,0.5893,0.58945,1.20,4.80
2009.02.17 19:55:36.827,0.58935,0.5895,1.20,4.80
2009.02.17 19:55:54.533,0.58935,0.58955,1.20,4.80
2009.02.17 19:55:57.583,0.5892,0.58935,2.00,4.80
2009.02.17 19:55:58.002,0.5892,0.58935,1.00,4.80
2009.02.17 19:55:58.232,0.589,0.5893,9.00,4.80
2009.02.17 19:55:58.452,0.589,0.5893,6.00,4.80
2009.02.17 19:55:58.972,0.589,0.5893,2.00,4.80
2009.02.17 19:55:59.412,0.5889,0.5893,1.60,4.80
2009.02.17 19:55:59.932,0.5889,0.5893,1.20,4.80
2009.02.17 19:56:00.541,0.58895,0.58935,1.20,4.80
2009.02.17 19:56:02.471,0.589,0.58935,1.20,4.80
2009.02.17 19:56:09.619,0.5889,0.5893,5.60,4.80
2009.02.17 19:56:09.840,0.5889,0.5893,1.20,4.80
2009.02.17 19:56:13.828,0.58885,0.5893,7.80,4.80
2009.02.17 19:56:21.156,0.58885,0.58925,7.80,4.80
2009.02.17 19:56:21.387,0.58885,0.58925,3.20,4.80
2009.02.17 19:56:24.116,0.58885,0.58925,1.20,4.80
2009.02.17 19:56:27.855,0.589,0.58925,1.20,4.80
2009.02.17 19:56:36.453,0.58905,0.58925,1.20,4.80
2009.02.17 19:57:01.178,0.589,0.58925,3.20,4.80
2009.02.17 19:57:01.627,0.5891,0.5893,1.20,4.80
2009.02.17 19:57:04.976,0.5891,0.58925,1.20,4.80
2009.02.17 19:57:09.325,0.58905,0.5892,1.20,4.80
2009.02.17 19:57:14.054,0.5891,0.58925,1.20,4.80
2009.02.17 19:57:15.683,0.58905,0.5892,1.20,4.80
2009.02.17 19:57:18.303,0.5891,0.58925,1.20,4.80
2009.02.17 19:57:24.211,0.58905,0.58925,1.20,4.80
2009.02.17 19:57:34.189,0.5891,0.58925,1.20,4.80
2009.02.17 19:57:36.109,0.58905,0.5892,1.20,4.80
2009.02.17 19:57:38.888,0.58905,0.58925,1.20,4.80
2009.02.17 19:57:43.437,0.58915,0.5893,1.20,4.80
2009.02.17 19:57:46.836,0.5891,0.5893,3.20,4.80
2009.02.17 19:57:47.426,0.5891,0.5893,1.20,4.80
2009.02.17 19:57:49.045,0.5891,0.58925,1.20,4.80
2009.02.17 19:57:49.215,0.58915,0.5893,1.20,4.80
2009.02.17 19:58:03.872,0.58905,0.58925,1.20,4.80
2009.02.17 19:58:04.652,0.589,0.5892,1.20,4.80
2009.02.17 19:58:09.690,0.589,0.58925,1.20,4.80
2009.02.17 19:58:16.919,0.589,0.5892,1.20,4.80
2009.02.17 19:58:18.438,0.589,0.58925,1.20,4.80
2009.02.17 19:58:18.968,0.58905,0.58925,1.20,4.80
2009.02.17 19:58:21.668,0.589,0.5892,1.20,4.80
2009.02.17 19:58:26.426,0.589,0.58915,1.20,4.80
2009.02.17 19:58:30.126,0.58905,0.5892,1.20,4.80
2009.02.17 19:58:40.223,0.589,0.58915,3.20,4.80
2009.02.17 19:58:41.433,0.58905,0.5892,1.20,4.80
2009.02.17 19:58:43.252,0.5889,0.58915,1.20,4.80
2009.02.17 19:58:44.002,0.58885,0.5891,3.20,4.80
2009.02.17 19:58:50.800,0.58885,0.5891,1.20,4.80
2009.02.17 19:58:52.670,0.58885,0.58915,1.20,4.80
2009.02.17 19:58:56.999,0.58875,0.58905,1.20,4.80
2009.02.17 19:58:57.589,0.58875,0.5889,1.20,4.80
2009.02.17 19:59:00.438,0.58875,0.58905,1.20,9.00
2009.02.17 19:59:00.738,0.58875,0.58905,1.20,4.80
2009.02.17 19:59:01.248,0.58875,0.589,1.20,4.80
2009.02.17 19:59:02.258,0.58875,0.58905,1.20,4.80
2009.02.17 19:59:02.877,0.58875,0.58905,1.20,6.60
2009.02.17 19:59:03.227,0.58875,0.58905,1.20,4.80
2009.02.17 19:59:04.277,0.5888,0.58905,1.20,4.80
2009.02.17 19:59:04.627,0.58875,0.58905,1.20,4.80
2009.02.17 19:59:05.437,0.58875,0.589,1.20,4.80
2009.02.17 19:59:05.847,0.58875,0.58895,1.20,4.80
2009.02.17 19:59:06.486,0.58875,0.589,1.20,4.80
2009.02.17 19:59:08.156,0.58875,0.58895,1.20,4.80
2009.02.17 19:59:08.396,0.58875,0.589,1.20,4.80
2009.02.17 19:59:09.706,0.5888,0.58895,1.20,9.60
2009.02.17 19:59:10.106,0.5888,0.58895,1.20,4.80
2009.02.17 19:59:13.395,0.58885,0.589,1.20,4.80
2009.02.17 19:59:15.454,0.5889,0.58905,1.20,4.80
2009.02.17 19:59:16.034,0.5889,0.5891,1.20,8.00
2009.02.17 19:59:17.134,0.5889,0.58905,1.20,4.80
2009.02.17 19:59:17.414,0.5888,0.589,3.20,4.80
2009.02.17 19:59:17.924,0.5888,0.589,1.20,4.80
2009.02.17 19:59:18.744,0.5888,0.58895,1.20,4.80
2009.02.17 19:59:22.173,0.5888,0.58895,2.00,4.80
2009.02.17 19:59:22.463,0.58885,0.589,1.20,4.80
2009.02.17 19:59:23.003,0.5889,0.5891,1.20,4.80
2009.02.17 19:59:26.612,0.58895,0.58915,1.20,4.80
2009.02.17 19:59:30.741,0.5889,0.58915,1.20,4.80
2009.02.17 19:59:33.780,0.58885,0.5891,3.20,4.80
2009.02.17 19:59:34.230,0.5889,0.58915,1.20,4.80
2009.02.17 19:59:34.640,0.58895,0.58915,1.20,4.80
2009.02.17 19:59:35.400,0.58915,0.5893,1.20,8.00
2009.02.17 19:59:35.689,0.58915,0.5893,1.20,4.80
2009.02.17 19:59:36.459,0.58905,0.58915,2.00,4.80
2009.02.17 19:59:36.699,0.5889,0.589,4.60,4.80
2009.02.17 19:59:37.219,0.58905,0.58915,1.20,4.80
2009.02.17 19:59:37.549,0.5889,0.5891,2.00,4.80
2009.02.17 19:59:37.999,0.58885,0.5891,1.20,4.80
2009.02.17 19:59:38.299,0.5888,0.58905,1.20,4.80
2009.02.17 19:59:39.799,0.5888,0.58905,2.00,4.80
2009.02.17 19:59:40.258,0.5889,0.5891,1.00,4.80
2009.02.17 19:59:40.648,0.5888,0.58905,1.20,4.80
2009.02.17 19:59:41.008,0.5888,0.589,1.20,4.80
2009.02.17 19:59:44.178,0.58885,0.58905,1.20,4.80
2009.02.17 19:59:44.687,0.5888,0.589,3.20,4.80
2009.02.17 19:59:45.847,0.5888,0.589,1.20,4.80
2009.02.17 19:59:48.746,0.58885,0.58905,1.20,4.80
2009.02.17 19:59:49.716,0.58885,0.5891,1.20,4.80
2009.02.17 19:59:50.456,0.58885,0.5891,9.20,4.80
2009.02.17 19:59:50.856,0.58885,0.5891,10.00,4.80
2009.02.17 19:59:52.405,0.5889,0.58915,2.00,4.80
2009.02.17 19:59:55.345,0.58895,0.58915,1.20,4.80
2009.02.17 19:59:55.795,0.58905,0.58925,1.20,4.80
2009.02.17 19:59:57.364,0.58895,0.5892,1.20,4.80
2009.02.17 19:59:59.584,0.58895,0.5892,2.80,4.80
