2012.09.30 22:00:00.455,0.80828,0.80847,0.75,1.43
2012.09.30 22:00:01.203,0.80828,0.80846,0.75,1.43
2012.09.30 22:00:01.504,0.80817,0.80829,1.43,0.23
2012.09.30 22:00:01.683,0.80818,0.80843,0.75,0.98
2012.09.30 22:00:01.994,0.8082,0.80843,1.43,0.98
2012.09.30 22:00:02.398,0.80818,0.80833,0.75,1.43
2012.09.30 22:00:02.723,0.80818,0.80829,0.75,1.50
2012.09.30 22:00:03.253,0.80818,0.80828,0.75,1.50
2012.09.30 22:00:03.623,0.80802,0.80808,1.50,1.50
2012.09.30 22:00:03.863,0.80795,0.80802,0.23,0.75
2012.09.30 22:00:03.923,0.80782,0.80806,0.75,0.23
2012.09.30 22:00:03.983,0.80799,0.80806,0.75,0.23
2012.09.30 22:00:04.463,0.80801,0.80807,0.75,1.50
2012.09.30 22:00:05.003,0.80801,0.80808,0.75,1.50
2012.09.30 22:00:05.123,0.80801,0.8081,0.75,1.50
2012.09.30 22:00:05.184,0.80801,0.80815,0.75,1.50
2012.09.30 22:00:05.243,0.80804,0.8083,1.50,1.50
2012.09.30 22:00:06.173,0.80807,0.80832,1.50,0.75
2012.09.30 22:00:06.486,0.80809,0.80813,1.50,1.50
2012.09.30 22:00:06.733,0.80808,0.80813,0.75,1.50
2012.09.30 22:00:07.244,0.80808,0.80819,0.75,1.50
2012.09.30 22:00:08.634,0.80808,0.80821,0.75,1.50
2012.09.30 22:00:08.753,0.80808,0.80823,0.75,1.50
2012.09.30 22:00:09.466,0.80808,0.80821,0.75,1.50
2012.09.30 22:00:10.264,0.80819,0.80825,0.75,0.75
2012.09.30 22:00:10.333,0.80822,0.80838,1.50,0.75
2012.09.30 22:00:10.393,0.80824,0.80846,0.75,1.95
2012.09.30 22:00:10.572,0.80819,0.80827,1.50,1.50
2012.09.30 22:00:10.897,0.80824,0.80845,0.75,0.45
2012.09.30 22:00:11.024,0.80824,0.80849,0.75,1.50
2012.09.30 22:00:11.154,0.80824,0.80846,0.75,0.75
2012.09.30 22:00:11.866,0.80827,0.8084,0.75,0.75
2012.09.30 22:00:12.495,0.80827,0.80837,0.75,0.75
2012.09.30 22:00:12.685,0.80822,0.8084,0.75,0.75
2012.09.30 22:00:12.864,0.80822,0.80834,0.75,1.50
2012.09.30 22:00:13.224,0.80828,0.80833,0.75,0.75
2012.09.30 22:00:13.515,0.80828,0.80835,0.75,0.75
2012.09.30 22:00:13.696,0.80828,0.80833,0.75,1.50
2012.09.30 22:00:13.886,0.80828,0.80836,0.69,0.75
2012.09.30 22:00:14.074,0.80828,0.80834,0.75,1.50
2012.09.30 22:00:14.195,0.80828,0.80836,0.75,0.75
2012.09.30 22:00:14.505,0.80828,0.80832,0.75,1.50
2012.09.30 22:00:14.574,0.80828,0.80834,0.75,1.50
2012.09.30 22:00:14.943,0.80828,0.80837,0.75,1.50
2012.09.30 22:00:15.435,0.8083,0.80836,0.75,1.50
2012.09.30 22:00:15.724,0.80829,0.8084,0.75,1.50
2012.09.30 22:00:16.228,0.80829,0.80839,0.75,0.75
2012.09.30 22:00:16.297,0.80833,0.80839,0.75,0.75
2012.09.30 22:00:17.433,0.80823,0.80835,2.16,0.75
2012.09.30 22:00:17.734,0.80823,0.80835,0.75,0.75
2012.09.30 22:00:18.033,0.80823,0.80837,0.75,0.75
2012.09.30 22:00:19.302,0.80823,0.80835,0.75,0.75
2012.09.30 22:00:22.914,0.80823,0.80841,0.75,0.23
2012.09.30 22:00:23.094,0.80823,0.80838,0.75,0.75
2012.09.30 22:00:23.444,0.80823,0.80834,0.75,0.75
2012.09.30 22:00:23.766,0.80823,0.80837,0.75,0.75
2012.09.30 22:00:24.290,0.80824,0.80837,0.75,0.75
2012.09.30 22:00:26.035,0.80824,0.80836,0.75,1.50
2012.09.30 22:00:26.104,0.80818,0.80835,0.75,0.75
2012.09.30 22:00:27.194,0.80818,0.8084,0.75,1.73
2012.09.30 22:00:27.984,0.80823,0.8084,0.75,1.73
2012.09.30 22:00:28.595,0.80823,0.80836,0.75,0.75
2012.09.30 22:00:30.454,0.80823,0.80837,0.75,0.75
2012.09.30 22:00:30.683,0.80823,0.8084,0.75,1.73
2012.09.30 22:00:31.453,0.80823,0.80837,0.75,0.75
2012.09.30 22:00:32.937,0.80823,0.8084,0.75,0.23
2012.09.30 22:00:33.154,0.80823,0.80838,0.75,0.75
2012.09.30 22:00:36.676,0.80823,0.8084,0.75,0.23
2012.09.30 22:00:36.745,0.80823,0.80838,0.75,0.75
2012.09.30 22:00:43.677,0.80823,0.8084,0.75,0.23
2012.09.30 22:00:46.635,0.80823,0.80839,0.75,0.75
2012.09.30 22:00:47.196,0.80823,0.80838,0.75,0.75
2012.09.30 22:00:52.256,0.80823,0.8084,0.75,0.23
2012.09.30 22:00:52.515,0.80823,0.80838,0.75,0.75
2012.09.30 22:00:58.685,0.80823,0.8084,2.25,0.23
2012.09.30 22:01:01.259,0.80824,0.8084,1.50,0.23
2012.09.30 22:01:02.806,0.80823,0.8084,0.75,0.23
2012.09.30 22:01:02.876,0.80825,0.8084,1.50,0.23
2012.09.30 22:01:04.117,0.80823,0.8084,0.75,0.23
2012.09.30 22:01:04.436,0.80823,0.80845,2.25,0.75
2012.09.30 22:01:04.628,0.80825,0.80846,1.50,2.25
2012.09.30 22:01:05.029,0.80827,0.80848,2.25,0.98
2012.09.30 22:01:05.607,0.80831,0.80848,0.75,0.98
2012.09.30 22:01:09.037,0.80831,0.80845,0.75,0.23
2012.09.30 22:01:09.108,0.80829,0.80845,0.75,0.98
2012.09.30 22:01:09.800,0.80828,0.80845,0.75,0.23
2012.09.30 22:01:15.916,0.80828,0.8084,0.75,0.75
2012.09.30 22:01:16.235,0.80811,0.80819,0.75,1.73
2012.09.30 22:01:16.366,0.80801,0.80817,0.75,0.75
2012.09.30 22:01:17.075,0.80801,0.80815,0.75,0.75
2012.09.30 22:01:17.988,0.80801,0.80814,0.75,1.50
2012.09.30 22:01:18.537,0.80801,0.80809,0.75,1.50
2012.09.30 22:01:18.666,0.80801,0.80811,0.75,1.50
2012.09.30 22:01:18.975,0.80801,0.80813,0.75,1.50
2012.09.30 22:01:19.236,0.80803,0.80818,1.50,0.75
2012.09.30 22:01:19.307,0.80803,0.80816,1.50,0.75
2012.09.30 22:01:19.615,0.80801,0.80813,0.75,2.25
2012.09.30 22:01:20.166,0.80801,0.80814,0.75,1.50
2012.09.30 22:01:20.295,0.80805,0.80819,0.75,0.75
2012.09.30 22:01:20.354,0.80813,0.80819,1.50,0.75
2012.09.30 22:01:20.535,0.80805,0.80817,0.75,1.50
2012.09.30 22:01:20.715,0.80817,0.80821,0.75,1.50
2012.09.30 22:01:21.577,0.80817,0.80829,0.75,0.75
2012.09.30 22:01:21.944,0.80817,0.80831,0.75,1.50
2012.09.30 22:01:22.004,0.80817,0.80833,0.75,1.50
2012.09.30 22:01:22.064,0.80817,0.80831,0.75,0.75
2012.09.30 22:01:22.714,0.80817,0.80833,0.75,1.50
2012.09.30 22:01:23.246,0.80817,0.80832,0.75,0.75
2012.09.30 22:01:25.670,0.80817,0.80836,0.75,1.50
2012.09.30 22:01:25.794,0.80817,0.80832,0.75,0.75
2012.09.30 22:01:27.025,0.80817,0.80834,0.75,1.50
2012.09.30 22:01:27.084,0.80817,0.80836,0.75,1.50
2012.09.30 22:01:28.145,0.80817,0.80838,0.75,1.73
2012.09.30 22:01:37.986,0.80817,0.80837,0.75,1.50
2012.09.30 22:01:40.564,0.80817,0.80835,0.75,0.75
2012.09.30 22:01:41.364,0.80817,0.80838,0.75,0.98
2012.09.30 22:01:55.384,0.80824,0.80838,0.75,0.23
2012.09.30 22:01:57.337,0.80819,0.80838,0.75,0.23
2012.09.30 22:01:57.540,0.80821,0.80838,1.50,0.23
2012.09.30 22:01:57.880,0.80827,0.80838,0.75,0.23
2012.09.30 22:02:00.376,0.80823,0.80838,0.75,0.23
2012.09.30 22:02:00.685,0.80825,0.80838,0.75,0.23
2012.09.30 22:02:00.836,0.80823,0.80838,0.75,0.23
2012.09.30 22:02:01.555,0.80825,0.80838,0.75,0.23
2012.09.30 22:02:01.628,0.80823,0.80838,0.75,0.23
2012.09.30 22:02:02.644,0.80823,0.8084,2.25,0.75
2012.09.30 22:02:02.705,0.80825,0.80843,0.75,0.75
2012.09.30 22:02:02.774,0.8083,0.80843,0.75,0.75
2012.09.30 22:02:04.354,0.80826,0.80843,1.50,0.75
2012.09.30 22:02:04.704,0.80828,0.80843,0.75,0.75
2012.09.30 22:02:12.936,0.8083,0.80847,0.75,0.75
2012.09.30 22:02:16.685,0.80833,0.80847,0.75,0.75
2012.09.30 22:02:27.026,0.80833,0.80849,0.75,0.75
2012.09.30 22:02:28.326,0.80834,0.80849,0.75,0.75
2012.09.30 22:02:28.675,0.80829,0.80849,0.75,0.75
2012.09.30 22:02:28.866,0.80831,0.80849,0.75,0.75
2012.09.30 22:02:33.376,0.80831,0.80846,0.75,0.75
2012.09.30 22:02:33.506,0.80829,0.80846,0.75,0.75
2012.09.30 22:02:35.712,0.80828,0.80846,0.75,0.75
2012.09.30 22:02:40.846,0.80831,0.80849,0.75,1.50
2012.09.30 22:02:41.156,0.80833,0.8085,0.75,0.75
2012.09.30 22:02:43.755,0.80831,0.8085,0.75,0.75
2012.09.30 22:02:44.435,0.80832,0.8085,0.75,0.75
2012.09.30 22:02:45.955,0.80831,0.8085,0.75,0.75
2012.09.30 22:02:46.506,0.8083,0.8085,2.25,0.75
2012.09.30 22:02:46.575,0.80832,0.8085,0.75,0.75
2012.09.30 22:02:46.874,0.80829,0.8085,2.25,0.75
2012.09.30 22:02:48.164,0.80828,0.8085,0.75,0.75
2012.09.30 22:02:57.874,0.80829,0.8085,0.75,0.75
2012.09.30 22:03:10.734,0.80832,0.8085,0.75,0.75
2012.09.30 22:03:13.484,0.80827,0.8085,2.25,0.75
2012.09.30 22:03:13.664,0.80829,0.8085,0.75,0.75
2012.09.30 22:03:15.296,0.80833,0.8085,1.50,0.75
2012.09.30 22:03:15.365,0.80833,0.80856,3.00,0.75
2012.09.30 22:03:17.487,0.80836,0.80859,0.75,3.00
2012.09.30 22:03:18.306,0.80836,0.80857,0.75,0.75
2012.09.30 22:03:18.727,0.80833,0.80851,1.50,0.75
2012.09.30 22:03:18.796,0.80831,0.80851,0.75,0.75
2012.09.30 22:03:19.864,0.8083,0.80851,0.75,0.75
2012.09.30 22:03:19.927,0.8083,0.80848,0.75,0.75
2012.09.30 22:03:22.545,0.80828,0.80848,1.50,0.75
2012.09.30 22:03:23.289,0.80829,0.80848,0.75,0.75
2012.09.30 22:03:27.434,0.80831,0.80848,0.75,0.75
2012.09.30 22:03:35.957,0.80833,0.80848,1.50,0.75
2012.09.30 22:03:36.345,0.80834,0.80851,2.25,0.75
2012.09.30 22:03:36.705,0.80835,0.80853,0.75,0.75
2012.09.30 22:03:36.775,0.80837,0.80853,0.75,0.75
2012.09.30 22:03:38.437,0.80839,0.80853,0.75,0.75
2012.09.30 22:03:40.294,0.80837,0.80853,0.75,0.75
2012.09.30 22:03:41.114,0.80838,0.80853,1.50,0.75
2012.09.30 22:03:41.174,0.80841,0.80853,0.75,0.75
2012.09.30 22:03:48.305,0.80836,0.80853,0.75,0.75
2012.09.30 22:03:48.437,0.80839,0.80853,0.75,0.75
2012.09.30 22:03:48.564,0.80839,0.80858,0.75,1.50
2012.09.30 22:03:49.324,0.80838,0.80858,1.50,1.50
2012.09.30 22:03:49.504,0.80838,0.80856,0.75,0.75
2012.09.30 22:03:49.806,0.80841,0.80856,0.75,0.75
2012.09.30 22:03:50.525,0.80838,0.80856,1.50,0.75
2012.09.30 22:03:51.937,0.80837,0.80856,1.50,0.75
2012.09.30 22:03:52.005,0.8084,0.80856,1.50,0.75
2012.09.30 22:03:52.315,0.80843,0.80856,1.50,0.75
2012.09.30 22:03:52.865,0.80845,0.80861,0.75,0.75
2012.09.30 22:03:52.934,0.80845,0.80863,0.75,1.50
2012.09.30 22:03:53.437,0.80844,0.80863,1.50,2.25
2012.09.30 22:03:54.704,0.80844,0.80862,1.50,1.50
2012.09.30 22:04:03.194,0.8084,0.80861,1.50,1.50
2012.09.30 22:04:04.404,0.80841,0.80862,3.00,1.50
2012.09.30 22:04:20.835,0.80842,0.80865,3.00,2.25
2012.09.30 22:04:21.477,0.80845,0.80865,1.50,2.25
2012.09.30 22:04:23.635,0.80845,0.80865,2.25,2.25
2012.09.30 22:04:24.504,0.80845,0.80865,1.50,2.25
2012.09.30 22:04:27.315,0.80842,0.80864,3.00,2.25
2012.09.30 22:04:27.556,0.80842,0.80859,1.50,1.50
2012.09.30 22:04:27.864,0.80835,0.80857,1.50,1.50
2012.09.30 22:04:27.936,0.80835,0.80857,1.50,1.50
2012.09.30 22:04:28.276,0.80835,0.80857,1.50,1.50
2012.09.30 22:04:28.834,0.80835,0.80857,1.50,1.50
2012.09.30 22:04:29.165,0.80838,0.80858,2.25,2.25
2012.09.30 22:04:29.715,0.80838,0.80858,2.25,2.25
2012.09.30 22:04:33.335,0.80839,0.8086,1.50,2.25
2012.09.30 22:04:35.758,0.80842,0.80862,1.50,2.25
2012.09.30 22:04:36.466,0.80839,0.80859,1.50,2.25
2012.09.30 22:04:44.426,0.80841,0.80863,1.50,2.25
2012.09.30 22:05:03.146,0.80841,0.80863,2.25,2.25
2012.09.30 22:05:04.407,0.80844,0.80865,1.50,3.98
2012.09.30 22:05:04.925,0.80842,0.80864,2.25,2.48
2012.09.30 22:05:06.115,0.80841,0.80862,1.50,2.25
2012.09.30 22:05:11.596,0.80839,0.8086,1.50,2.25
2012.09.30 22:05:13.099,0.8084,0.80861,1.50,3.75
2012.09.30 22:05:21.436,0.80837,0.8086,2.25,2.25
2012.09.30 22:05:21.745,0.80837,0.8086,2.25,2.25
2012.09.30 22:05:22.635,0.80836,0.80857,1.50,1.50
2012.09.30 22:05:24.748,0.80836,0.80857,2.25,1.50
2012.09.30 22:05:24.876,0.80841,0.80857,1.50,1.50
2012.09.30 22:05:25.006,0.80843,0.80864,2.25,2.25
2012.09.30 22:05:25.345,0.80844,0.80866,2.25,2.48
2012.09.30 22:05:26.095,0.80844,0.80866,2.25,3.23
2012.09.30 22:05:29.410,0.80845,0.80863,1.50,1.50
2012.09.30 22:05:29.926,0.8084,0.80863,2.25,1.50
2012.09.30 22:05:30.088,0.80841,0.80864,2.25,2.25
2012.09.30 22:05:30.156,0.80841,0.80863,2.25,1.50
2012.09.30 22:05:32.434,0.80841,0.80864,3.00,2.25
2012.09.30 22:05:32.855,0.8084,0.80861,2.25,1.50
2012.09.30 22:05:35.994,0.80842,0.80863,2.25,3.00
2012.09.30 22:05:36.696,0.80842,0.80863,2.25,2.25
2012.09.30 22:05:37.203,0.80842,0.80863,2.25,3.00
2012.09.30 22:05:42.435,0.80841,0.80862,1.50,1.50
2012.09.30 22:05:42.977,0.80838,0.80861,1.50,1.50
2012.09.30 22:05:43.529,0.80839,0.80862,2.25,1.50
2012.09.30 22:05:46.547,0.80837,0.80861,2.25,1.50
2012.09.30 22:05:52.226,0.80838,0.8086,3.00,1.50
2012.09.30 22:05:55.715,0.80838,0.8086,1.50,2.25
2012.09.30 22:05:55.896,0.80838,0.8086,2.25,1.50
2012.09.30 22:06:09.038,0.80838,0.80857,1.50,1.50
2012.09.30 22:06:13.198,0.80838,0.8086,3.00,1.50
2012.09.30 22:06:13.385,0.80838,0.80856,1.50,1.50
2012.09.30 22:06:38.197,0.80836,0.80856,4.28,1.50
2012.09.30 22:06:44.715,0.80838,0.80857,1.50,1.50
2012.09.30 22:06:46.717,0.80841,0.80862,1.50,1.50
2012.09.30 22:06:47.076,0.80841,0.80862,2.78,1.50
2012.09.30 22:06:47.386,0.80841,0.80859,1.50,3.00
2012.09.30 22:06:48.006,0.80839,0.80858,1.50,1.50
2012.09.30 22:06:48.686,0.80839,0.80858,1.50,1.50
2012.09.30 22:06:50.016,0.8084,0.80861,2.25,1.50
2012.09.30 22:06:50.805,0.80842,0.80862,3.00,1.50
2012.09.30 22:06:51.497,0.8084,0.80861,1.50,1.50
2012.09.30 22:06:51.566,0.8084,0.8086,1.50,1.50
2012.09.30 22:07:06.166,0.8084,0.80859,1.50,1.50
2012.09.30 22:07:11.966,0.80837,0.80857,1.50,1.50
2012.09.30 22:07:12.377,0.80834,0.80853,2.40,1.50
2012.09.30 22:07:13.105,0.80834,0.80851,2.40,1.50
2012.09.30 22:07:13.946,0.80837,0.80853,1.50,1.50
2012.09.30 22:07:14.016,0.80837,0.80855,1.50,1.50
2012.09.30 22:07:19.366,0.80834,0.80853,1.65,1.50
2012.09.30 22:07:20.095,0.80835,0.80855,2.25,1.50
2012.09.30 22:07:22.947,0.80834,0.80854,1.65,1.50
2012.09.30 22:07:24.734,0.80834,0.80853,1.65,1.50
2012.09.30 22:07:26.645,0.80834,0.80855,3.15,2.25
2012.09.30 22:07:27.185,0.80834,0.80854,1.65,1.50
2012.09.30 22:07:28.035,0.80834,0.80851,1.65,1.50
2012.09.30 22:07:28.094,0.80834,0.80853,1.65,1.50
2012.09.30 22:07:31.887,0.80834,0.80852,1.65,1.50
2012.09.30 22:07:32.424,0.80834,0.80853,1.65,1.50
2012.09.30 22:07:33.680,0.80834,0.80851,1.65,1.50
2012.09.30 22:07:35.797,0.80834,0.80853,1.65,1.50
2012.09.30 22:07:42.997,0.80834,0.80855,1.65,2.25
2012.09.30 22:07:44.368,0.80833,0.80855,3.53,1.50
2012.09.30 22:07:45.956,0.80833,0.80852,2.03,1.50
2012.09.30 22:07:46.027,0.80834,0.80854,2.25,1.50
2012.09.30 22:07:46.557,0.80833,0.80853,2.03,1.50
2012.09.30 22:07:46.985,0.80833,0.80855,4.28,1.50
2012.09.30 22:07:47.514,0.80834,0.80855,2.55,1.50
2012.09.30 22:08:00.554,0.80834,0.80853,2.55,1.50
2012.09.30 22:08:05.725,0.80834,0.80854,2.55,1.50
2012.09.30 22:08:06.026,0.80834,0.8085,2.55,1.50
2012.09.30 22:08:06.574,0.80834,0.80852,2.55,1.50
2012.09.30 22:08:07.109,0.80834,0.80851,2.55,1.50
2012.09.30 22:08:08.615,0.80834,0.80849,2.55,1.50
2012.09.30 22:08:09.127,0.80834,0.80846,1.80,1.50
2012.09.30 22:08:13.536,0.80829,0.80846,1.95,1.50
2012.09.30 22:08:13.846,0.80835,0.80849,1.88,2.25
2012.09.30 22:08:16.047,0.80835,0.80844,1.13,1.50
2012.09.30 22:08:16.403,0.80835,0.80844,1.13,1.50
2012.09.30 22:08:16.601,0.80835,0.80846,1.13,1.50
2012.09.30 22:08:16.785,0.80835,0.80854,1.13,2.25
2012.09.30 22:08:17.025,0.80835,0.80848,1.13,1.50
2012.09.30 22:08:17.538,0.80835,0.80849,1.13,1.50
2012.09.30 22:08:20.351,0.80835,0.80848,1.13,1.50
2012.09.30 22:08:22.307,0.80831,0.80848,2.70,1.50
2012.09.30 22:08:25.096,0.80835,0.8085,2.70,1.50
2012.09.30 22:08:30.237,0.80835,0.80845,1.95,1.50
2012.09.30 22:08:30.684,0.80829,0.80844,1.80,1.50
2012.09.30 22:08:30.817,0.80827,0.80844,3.90,1.50
2012.09.30 22:08:31.066,0.80827,0.80842,3.90,1.50
2012.09.30 22:08:31.446,0.80827,0.80845,1.73,2.25
2012.09.30 22:08:35.835,0.80827,0.80849,2.48,2.25
2012.09.30 22:08:35.896,0.80827,0.80849,2.48,2.25
2012.09.30 22:08:38.337,0.80826,0.80843,3.08,1.50
2012.09.30 22:08:38.645,0.80826,0.8084,3.08,1.50
2012.09.30 22:08:38.707,0.80826,0.80848,3.08,2.25
2012.09.30 22:08:38.936,0.80828,0.80848,2.48,2.25
2012.09.30 22:08:39.187,0.80832,0.80855,2.25,2.78
2012.09.30 22:08:39.346,0.80832,0.80855,2.25,2.78
2012.09.30 22:08:40.056,0.80833,0.80856,2.25,1.20
2012.09.30 22:08:41.517,0.80831,0.80847,2.25,1.50
2012.09.30 22:08:41.871,0.80827,0.80847,2.48,2.25
2012.09.30 22:08:42.374,0.80833,0.80844,2.25,1.50
2012.09.30 22:08:42.497,0.80833,0.80855,2.25,1.28
2012.09.30 22:08:42.688,0.80833,0.80855,2.25,1.28
2012.09.30 22:08:44.087,0.80829,0.8085,2.48,2.25
2012.09.30 22:08:44.295,0.80829,0.8085,2.48,2.25
2012.09.30 22:08:44.356,0.80829,0.8085,2.48,2.25
2012.09.30 22:08:44.666,0.80827,0.80842,2.48,1.50
2012.09.30 22:08:44.736,0.80829,0.8085,2.48,2.25
2012.09.30 22:08:46.276,0.80829,0.80843,2.48,1.50
2012.09.30 22:08:46.836,0.80828,0.80848,2.25,2.25
2012.09.30 22:08:46.896,0.80828,0.80848,2.25,2.25
2012.09.30 22:08:47.517,0.80826,0.80842,2.85,1.50
2012.09.30 22:08:49.097,0.80819,0.80842,2.48,2.25
2012.09.30 22:08:49.169,0.80818,0.80836,1.95,1.50
2012.09.30 22:08:49.525,0.80817,0.80836,1.73,2.25
2012.09.30 22:08:49.955,0.80818,0.80832,1.73,1.50
2012.09.30 22:08:50.465,0.80817,0.80832,1.73,2.25
2012.09.30 22:08:50.886,0.80817,0.80832,1.73,2.25
2012.09.30 22:08:51.765,0.80817,0.80832,1.73,2.25
2012.09.30 22:08:52.965,0.80811,0.80825,1.95,1.50
2012.09.30 22:08:54.495,0.80818,0.80827,2.03,1.50
2012.09.30 22:08:58.225,0.80818,0.80827,2.03,2.25
2012.09.30 22:09:04.996,0.80818,0.80831,2.03,1.50
2012.09.30 22:09:06.436,0.80818,0.80831,2.03,2.25
2012.09.30 22:09:08.097,0.80818,0.80831,2.03,1.50
2012.09.30 22:09:08.406,0.80818,0.80833,3.00,2.25
2012.09.30 22:09:08.466,0.80818,0.80834,2.03,2.25
2012.09.30 22:09:08.527,0.80818,0.80834,2.03,1.50
2012.09.30 22:09:08.656,0.80818,0.80834,3.00,1.50
2012.09.30 22:09:08.967,0.80824,0.80838,1.80,3.00
2012.09.30 22:09:09.336,0.80811,0.80832,4.13,1.50
2012.09.30 22:09:09.905,0.80812,0.80834,2.25,2.25
2012.09.30 22:09:11.750,0.80812,0.80832,2.25,1.50
2012.09.30 22:09:11.817,0.80823,0.80838,2.33,1.50
2012.09.30 22:09:14.088,0.80823,0.80837,2.33,1.50
2012.09.30 22:09:14.426,0.80828,0.80842,2.40,1.50
2012.09.30 22:09:15.615,0.80828,0.80844,2.40,1.50
2012.09.30 22:09:15.736,0.80833,0.80848,2.78,2.25
2012.09.30 22:09:17.936,0.80832,0.80846,2.33,1.50
2012.09.30 22:09:18.006,0.80827,0.80843,1.73,1.50
2012.09.30 22:09:18.316,0.80826,0.80838,1.73,1.50
2012.09.30 22:09:19.378,0.80831,0.80842,2.10,2.25
2012.09.30 22:09:19.963,0.80831,0.80843,2.10,1.50
2012.09.30 22:09:21.747,0.80831,0.80841,2.10,1.50
2012.09.30 22:09:22.280,0.80831,0.80841,2.10,1.50
2012.09.30 22:09:24.276,0.80831,0.80843,2.10,1.50
2012.09.30 22:09:28.117,0.80831,0.80845,2.10,2.25
2012.09.30 22:09:28.497,0.80831,0.80843,2.10,1.50
2012.09.30 22:09:30.728,0.80828,0.80843,2.33,1.50
2012.09.30 22:09:30.798,0.80828,0.80845,2.33,3.00
2012.09.30 22:09:31.346,0.80828,0.80846,2.33,1.50
2012.09.30 22:09:31.927,0.80828,0.80844,2.33,1.50
2012.09.30 22:09:37.097,0.80828,0.80843,2.33,1.50
2012.09.30 22:09:38.028,0.80828,0.8084,1.58,1.50
2012.09.30 22:09:38.156,0.80821,0.8084,1.50,1.50
2012.09.30 22:09:39.016,0.8082,0.80841,1.50,1.50
2012.09.30 22:09:39.641,0.8082,0.80842,1.50,1.50
2012.09.30 22:09:45.079,0.8082,0.8084,3.45,1.50
2012.09.30 22:09:55.876,0.80818,0.80839,3.00,1.50
2012.09.30 22:10:00.037,0.80818,0.80838,1.50,1.50
2012.09.30 22:10:00.167,0.80817,0.80838,1.50,1.50
2012.09.30 22:10:06.426,0.80814,0.80836,2.25,1.50
2012.09.30 22:10:09.656,0.80817,0.80839,1.50,1.50
2012.09.30 22:10:10.233,0.80818,0.8084,2.25,1.50
2012.09.30 22:10:10.496,0.80818,0.80837,2.25,1.50
2012.09.30 22:10:12.157,0.80819,0.80839,2.25,1.50
2012.09.30 22:10:17.531,0.80816,0.80837,3.00,1.50
2012.09.30 22:10:21.268,0.80821,0.80839,1.50,3.00
2012.09.30 22:10:22.337,0.80817,0.80837,1.50,1.50
2012.09.30 22:10:25.456,0.80819,0.80838,2.25,1.50
2012.09.30 22:10:30.628,0.80817,0.80835,2.25,1.50
2012.09.30 22:10:32.598,0.80817,0.80836,2.25,1.50
2012.09.30 22:10:36.557,0.80819,0.80838,2.25,1.50
2012.09.30 22:10:36.687,0.80821,0.80842,2.25,1.50
2012.09.30 22:10:36.998,0.8082,0.80838,1.50,1.50
2012.09.30 22:10:40.706,0.80821,0.8084,1.50,1.50
2012.09.30 22:10:41.307,0.80817,0.80837,2.25,1.50
2012.09.30 22:10:41.436,0.80821,0.80839,2.25,1.50
2012.09.30 22:10:41.757,0.80821,0.80843,2.25,1.73
2012.09.30 22:10:43.411,0.80819,0.80839,3.75,1.50
2012.09.30 22:10:43.926,0.80821,0.8084,2.25,1.50
2012.09.30 22:10:46.946,0.80818,0.80839,2.25,1.50
2012.09.30 22:10:47.491,0.80817,0.80838,3.00,1.50
2012.09.30 22:10:48.936,0.80819,0.80839,2.25,1.50
2012.09.30 22:10:54.406,0.80819,0.80838,2.25,1.50
2012.09.30 22:10:54.961,0.80816,0.80837,2.85,1.50
2012.09.30 22:10:59.546,0.80816,0.80835,2.85,1.50
2012.09.30 22:11:00.227,0.80816,0.80832,2.85,1.50
2012.09.30 22:11:01.756,0.80816,0.80835,2.85,1.50
2012.09.30 22:11:21.081,0.80816,0.80833,2.85,1.50
2012.09.30 22:11:25.007,0.80816,0.80829,2.10,1.50
2012.09.30 22:11:25.076,0.80811,0.80829,2.93,1.50
2012.09.30 22:11:25.567,0.80811,0.80832,2.70,1.50
2012.09.30 22:11:26.167,0.80812,0.80833,2.10,1.50
2012.09.30 22:11:29.988,0.80812,0.80832,3.60,1.50
2012.09.30 22:11:30.530,0.80812,0.80831,2.10,1.50
2012.09.30 22:11:34.518,0.80815,0.80831,1.50,1.50
2012.09.30 22:11:34.645,0.80815,0.80833,1.50,1.50
2012.09.30 22:11:34.954,0.80815,0.80831,1.50,1.50
2012.09.30 22:11:36.997,0.80815,0.8083,2.48,1.50
2012.09.30 22:11:39.697,0.80813,0.8083,1.65,1.50
2012.09.30 22:11:40.114,0.80813,0.80828,1.65,1.50
2012.09.30 22:11:40.429,0.80812,0.80821,1.65,1.50
2012.09.30 22:11:40.748,0.80809,0.80825,1.50,2.25
2012.09.30 22:11:40.815,0.80809,0.80828,1.50,1.50
2012.09.30 22:11:44.287,0.8081,0.8083,2.25,3.00
2012.09.30 22:11:44.476,0.80813,0.8083,2.78,1.50
2012.09.30 22:11:44.928,0.80813,0.80828,2.78,1.50
2012.09.30 22:11:45.486,0.80813,0.80827,1.95,1.50
2012.09.30 22:11:45.666,0.80809,0.80827,2.48,1.50
2012.09.30 22:11:46.348,0.80811,0.80827,1.50,1.50
2012.09.30 22:11:46.596,0.80808,0.80827,2.33,1.50
2012.09.30 22:11:53.527,0.80808,0.80822,2.33,1.50
2012.09.30 22:11:53.777,0.80808,0.80826,1.58,1.50
2012.09.30 22:11:53.846,0.80808,0.80824,1.58,1.50
2012.09.30 22:11:53.908,0.80806,0.80824,2.93,1.50
2012.09.30 22:11:54.117,0.80806,0.80826,4.43,1.50
2012.09.30 22:12:06.149,0.80807,0.80828,2.25,1.50
2012.09.30 22:12:07.981,0.80806,0.80827,4.43,1.50
2012.09.30 22:12:08.637,0.80809,0.80829,2.25,1.50
2012.09.30 22:12:09.968,0.80808,0.80827,2.25,1.50
2012.09.30 22:12:30.246,0.80807,0.80829,2.25,1.50
2012.09.30 22:12:48.997,0.80807,0.80829,2.25,1.50
2012.09.30 22:12:49.517,0.80805,0.80828,3.75,1.50
2012.09.30 22:12:50.498,0.80807,0.80829,2.25,1.50
2012.09.30 22:12:54.186,0.80806,0.80827,2.25,1.50
2012.09.30 22:12:55.758,0.80805,0.80825,3.75,1.50
2012.09.30 22:12:59.976,0.80807,0.80829,2.25,1.50
2012.09.30 22:13:02.158,0.80807,0.80828,1.50,1.50
2012.09.30 22:13:05.526,0.80807,0.80829,3.00,1.50
2012.09.30 22:13:09.105,0.80811,0.80829,1.50,1.50
2012.09.30 22:13:11.475,0.80809,0.80829,1.50,1.50
2012.09.30 22:13:22.786,0.80806,0.80827,4.50,1.50
2012.09.30 22:13:23.308,0.80807,0.80829,2.25,1.50
2012.09.30 22:13:24.566,0.80808,0.80828,2.25,1.50
2012.09.30 22:13:25.579,0.80807,0.80829,2.25,3.00
2012.09.30 22:13:29.236,0.80808,0.80828,2.25,1.50
2012.09.30 22:13:29.855,0.80806,0.80827,3.00,1.50
2012.09.30 22:13:35.778,0.80806,0.80827,3.00,2.25
2012.09.30 22:13:36.098,0.80805,0.80813,1.13,1.50
2012.09.30 22:13:36.167,0.80804,0.80813,2.25,1.50
2012.09.30 22:13:36.238,0.80804,0.80813,1.50,2.48
2012.09.30 22:13:36.366,0.8079,0.80813,2.25,2.48
2012.09.30 22:13:36.427,0.80788,0.80807,1.50,1.50
2012.09.30 22:13:36.736,0.80785,0.80805,1.50,3.00
2012.09.30 22:13:37.058,0.80785,0.80803,2.63,1.50
2012.09.30 22:13:37.186,0.80786,0.80806,1.88,1.50
2012.09.30 22:13:37.377,0.80787,0.80809,2.25,2.25
2012.09.30 22:13:37.447,0.80786,0.80806,3.38,1.50
2012.09.30 22:13:41.406,0.80788,0.80806,2.93,1.50
2012.09.30 22:13:43.148,0.80788,0.80808,2.40,1.50
2012.09.30 22:13:45.615,0.80788,0.80806,2.40,1.50
2012.09.30 22:13:46.226,0.80788,0.80808,2.40,3.00
2012.09.30 22:13:46.517,0.80788,0.80808,2.40,2.25
2012.09.30 22:13:46.768,0.80788,0.80808,2.40,1.73
2012.09.30 22:13:46.839,0.80788,0.80808,2.40,2.48
2012.09.30 22:13:47.148,0.80785,0.8079,1.50,1.50
2012.09.30 22:13:47.578,0.80776,0.80793,2.03,1.50
2012.09.30 22:13:47.653,0.80776,0.80795,2.03,1.50
2012.09.30 22:13:47.718,0.80776,0.80795,2.03,2.25
2012.09.30 22:13:48.097,0.80776,0.80787,1.28,1.50
2012.09.30 22:13:48.677,0.80776,0.80792,2.03,1.50
2012.09.30 22:13:48.750,0.80776,0.80794,2.03,1.50
2012.09.30 22:13:49.176,0.80776,0.80797,2.03,1.50
2012.09.30 22:13:50.196,0.80773,0.80791,1.50,1.50
2012.09.30 22:13:50.555,0.80772,0.80793,5.33,1.50
2012.09.30 22:13:50.615,0.80773,0.80795,2.25,1.50
2012.09.30 22:13:50.737,0.80775,0.80797,2.25,1.50
2012.09.30 22:13:51.167,0.80779,0.80799,2.25,3.00
2012.09.30 22:13:51.296,0.80775,0.80797,2.25,1.50
2012.09.30 22:13:52.008,0.80776,0.80795,1.50,1.50
2012.09.30 22:13:52.317,0.80777,0.80799,2.25,1.50
2012.09.30 22:13:54.766,0.80776,0.80796,3.00,1.50
2012.09.30 22:13:58.036,0.80778,0.80798,3.00,1.50
2012.09.30 22:13:58.641,0.80778,0.80797,1.50,1.50
2012.09.30 22:14:01.765,0.80776,0.80796,2.25,1.50
2012.09.30 22:14:02.983,0.80776,0.80796,3.00,1.50
2012.09.30 22:14:03.747,0.80776,0.80793,1.50,1.50
2012.09.30 22:14:10.259,0.80776,0.80795,3.00,1.50
2012.09.30 22:14:10.821,0.80776,0.80796,3.00,1.50
2012.09.30 22:14:20.606,0.80775,0.80794,1.50,1.50
2012.09.30 22:14:22.439,0.80776,0.80791,1.50,1.50
2012.09.30 22:14:22.627,0.80776,0.80794,1.50,1.50
2012.09.30 22:14:27.598,0.80778,0.80797,1.50,1.50
2012.09.30 22:14:27.857,0.80774,0.80793,2.25,1.50
2012.09.30 22:14:39.618,0.80776,0.80796,2.25,1.50
2012.09.30 22:14:40.210,0.80775,0.80794,2.25,1.50
2012.09.30 22:14:50.377,0.80775,0.80794,2.25,1.50
2012.09.30 22:14:54.961,0.80776,0.80798,3.00,1.73
2012.09.30 22:14:58.487,0.80775,0.80797,2.25,1.50
2012.09.30 22:15:00.886,0.80776,0.80795,1.50,1.50
2012.09.30 22:15:01.237,0.80776,0.80797,1.50,3.00
2012.09.30 22:15:01.426,0.80776,0.80794,1.50,1.50
2012.09.30 22:15:01.829,0.80776,0.80796,3.00,1.50
2012.09.30 22:15:02.875,0.80776,0.80795,1.50,1.50
2012.09.30 22:15:03.478,0.80776,0.80796,3.00,1.50
2012.09.30 22:15:05.718,0.8078,0.808,1.50,1.73
2012.09.30 22:15:05.847,0.8078,0.80801,1.50,3.23
2012.09.30 22:15:05.967,0.80779,0.80801,3.00,2.48
2012.09.30 22:15:06.497,0.8078,0.80803,2.25,3.23
2012.09.30 22:15:06.808,0.80779,0.808,1.50,2.48
2012.09.30 22:15:06.950,0.80777,0.80797,3.00,1.50
2012.09.30 22:15:07.496,0.80778,0.80798,2.25,2.48
2012.09.30 22:15:07.783,0.80778,0.80798,2.25,2.48
2012.09.30 22:15:07.918,0.80776,0.80798,3.00,2.25
2012.09.30 22:15:08.287,0.80776,0.80798,2.25,2.25
2012.09.30 22:15:08.717,0.80776,0.80798,2.25,2.25
2012.09.30 22:15:09.271,0.80779,0.80799,2.25,3.00
2012.09.30 22:15:09.335,0.80779,0.80799,2.25,2.25
2012.09.30 22:15:10.346,0.80779,0.80799,2.25,1.50
2012.09.30 22:15:10.837,0.80781,0.80801,2.25,2.25
2012.09.30 22:15:11.656,0.80782,0.80801,2.25,2.25
2012.09.30 22:15:13.296,0.80779,0.80799,1.50,1.50
2012.09.30 22:15:13.804,0.80778,0.80799,2.25,1.50
2012.09.30 22:15:13.927,0.80777,0.80794,1.50,1.50
2012.09.30 22:15:14.312,0.80775,0.80796,3.00,1.50
2012.09.30 22:15:14.964,0.80775,0.80797,2.25,2.25
2012.09.30 22:15:15.417,0.80775,0.80794,2.25,1.50
2012.09.30 22:15:15.727,0.8077,0.80785,1.50,1.50
2012.09.30 22:15:15.787,0.80771,0.80788,2.25,1.50
2012.09.30 22:15:15.917,0.80774,0.80793,1.50,1.73
2012.09.30 22:15:16.047,0.80774,0.80793,1.50,1.50
2012.09.30 22:15:16.107,0.80776,0.80793,1.50,1.50
2012.09.30 22:15:16.347,0.80776,0.80796,2.25,2.25
2012.09.30 22:15:16.898,0.80778,0.80799,1.50,1.50
2012.09.30 22:15:17.030,0.80782,0.80802,2.25,1.50
2012.09.30 22:15:17.538,0.80782,0.80802,3.00,1.50
2012.09.30 22:15:18.087,0.80779,0.80801,2.25,2.25
2012.09.30 22:15:18.429,0.80779,0.80801,2.25,2.25
2012.09.30 22:15:18.672,0.80779,0.80801,2.25,2.25
2012.09.30 22:15:19.537,0.80782,0.80803,2.25,2.25
2012.09.30 22:15:19.607,0.80782,0.80803,2.25,2.25
2012.09.30 22:15:20.307,0.80784,0.80805,2.25,1.50
2012.09.30 22:15:20.377,0.80784,0.80805,2.25,2.25
2012.09.30 22:15:20.917,0.80784,0.80801,1.50,1.50
2012.09.30 22:15:21.048,0.80784,0.80803,1.50,3.00
2012.09.30 22:15:21.121,0.80782,0.80801,2.25,1.50
2012.09.30 22:15:21.427,0.8078,0.80797,2.25,1.50
2012.09.30 22:15:21.497,0.80782,0.80803,2.25,2.25
2012.09.30 22:15:22.037,0.80782,0.80803,2.25,1.50
2012.09.30 22:15:23.388,0.80782,0.80802,2.25,1.50
2012.09.30 22:15:23.947,0.80779,0.80801,2.25,2.25
2012.09.30 22:15:27.306,0.80779,0.808,3.75,1.50
2012.09.30 22:15:30.477,0.80781,0.80801,2.25,1.50
2012.09.30 22:15:30.758,0.80781,0.80801,2.25,2.25
2012.09.30 22:15:31.206,0.80781,0.80801,2.25,2.25
2012.09.30 22:15:32.221,0.80781,0.80801,2.25,2.25
2012.09.30 22:15:32.577,0.80781,0.80801,2.25,2.25
2012.09.30 22:15:32.990,0.80781,0.80801,2.25,2.48
2012.09.30 22:15:34.158,0.80778,0.80796,2.25,1.50
2012.09.30 22:15:34.467,0.80775,0.80779,1.50,1.50
2012.09.30 22:15:34.719,0.8076,0.80779,2.25,1.50
2012.09.30 22:15:35.087,0.8076,0.80779,2.25,1.50
2012.09.30 22:15:36.338,0.8076,0.80779,2.25,2.25
2012.09.30 22:15:36.407,0.8076,0.80779,2.25,2.25
2012.09.30 22:15:36.596,0.8076,0.80779,2.25,2.25
2012.09.30 22:15:38.787,0.8076,0.80779,2.25,2.25
2012.09.30 22:15:38.988,0.80765,0.80787,1.50,3.23
2012.09.30 22:15:39.175,0.80768,0.80787,1.50,1.50
2012.09.30 22:15:39.358,0.8077,0.80789,1.50,1.50
2012.09.30 22:15:39.732,0.8077,0.80792,2.25,2.25
2012.09.30 22:15:39.804,0.8077,0.80792,2.25,2.25
2012.09.30 22:15:39.872,0.8077,0.80792,2.25,2.25
2012.09.30 22:15:40.188,0.8077,0.80792,2.25,2.25
2012.09.30 22:15:42.636,0.8077,0.80792,2.25,2.25
2012.09.30 22:15:43.280,0.80773,0.80793,1.50,1.50
2012.09.30 22:15:43.875,0.80772,0.80794,2.25,2.25
2012.09.30 22:15:44.227,0.80774,0.80794,1.50,1.50
2012.09.30 22:15:44.359,0.80774,0.80796,3.00,2.25
2012.09.30 22:15:44.726,0.80774,0.80793,1.50,1.50
2012.09.30 22:15:45.677,0.80774,0.80793,2.33,1.50
2012.09.30 22:15:45.746,0.80776,0.80798,2.25,2.25
2012.09.30 22:15:45.868,0.80778,0.80797,2.25,1.50
2012.09.30 22:15:48.857,0.80778,0.80798,2.25,2.25
2012.09.30 22:15:49.276,0.8078,0.808,2.25,2.48
2012.09.30 22:15:49.617,0.8078,0.808,2.25,2.48
2012.09.30 22:15:49.983,0.80785,0.80802,1.50,1.50
2012.09.30 22:15:50.520,0.8078,0.80802,3.00,3.00
2012.09.30 22:15:50.589,0.8078,0.80802,2.25,3.00
2012.09.30 22:15:51.579,0.80779,0.80798,2.25,1.50
2012.09.30 22:15:52.145,0.80777,0.80797,2.25,2.25
2012.09.30 22:15:55.247,0.80779,0.80798,2.25,2.25
2012.09.30 22:15:55.438,0.80779,0.80798,1.50,3.23
2012.09.30 22:15:55.697,0.80776,0.80795,2.25,2.48
2012.09.30 22:15:56.039,0.80773,0.80791,2.25,2.25
2012.09.30 22:15:56.309,0.80772,0.80794,2.25,2.25
2012.09.30 22:15:56.947,0.80771,0.80792,1.50,1.50
2012.09.30 22:15:57.566,0.8077,0.80792,2.25,2.25
2012.09.30 22:16:02.499,0.80772,0.80792,1.50,1.50
2012.09.30 22:16:02.935,0.80772,0.80792,1.50,1.50
2012.09.30 22:16:03.540,0.80771,0.80791,4.20,1.50
2012.09.30 22:16:05.456,0.80771,0.80791,2.25,1.50
2012.09.30 22:16:05.927,0.80774,0.80793,2.25,1.50
2012.09.30 22:16:11.307,0.80772,0.80792,3.00,1.50
2012.09.30 22:16:14.156,0.80772,0.80792,2.25,2.25
2012.09.30 22:16:14.457,0.80765,0.80778,2.78,1.50
2012.09.30 22:16:14.699,0.80758,0.80779,1.50,3.00
2012.09.30 22:16:14.767,0.80757,0.80779,2.25,3.00
2012.09.30 22:16:15.316,0.8076,0.80779,1.50,3.00
2012.09.30 22:16:15.816,0.80761,0.80779,1.50,2.25
2012.09.30 22:16:16.480,0.8077,0.80789,1.50,1.50
2012.09.30 22:16:16.727,0.80773,0.80794,3.00,1.50
2012.09.30 22:16:17.062,0.80773,0.80794,3.00,1.50
2012.09.30 22:16:21.716,0.80774,0.80796,3.00,2.25
2012.09.30 22:16:24.357,0.80777,0.80797,2.25,3.75
2012.09.30 22:16:24.608,0.80775,0.80795,2.25,1.50
2012.09.30 22:16:24.858,0.80775,0.80795,2.25,1.50
2012.09.30 22:16:24.929,0.80774,0.80793,2.25,1.50
2012.09.30 22:16:25.058,0.80771,0.80793,4.50,1.50
2012.09.30 22:16:25.586,0.80771,0.80793,3.00,1.50
2012.09.30 22:16:28.829,0.80771,0.8079,2.25,1.50
2012.09.30 22:16:29.077,0.80769,0.80789,2.25,1.50
2012.09.30 22:16:29.685,0.80771,0.8079,1.50,1.50
2012.09.30 22:16:30.620,0.80771,0.80788,1.50,1.50
2012.09.30 22:16:30.938,0.80771,0.80782,1.50,1.50
2012.09.30 22:16:31.009,0.80765,0.80782,1.50,3.00
2012.09.30 22:16:31.457,0.80765,0.80783,1.50,1.50
2012.09.30 22:16:33.437,0.80763,0.80781,1.50,1.50
2012.09.30 22:16:33.507,0.8076,0.80779,3.00,1.50
2012.09.30 22:16:34.096,0.8076,0.80779,2.25,2.25
2012.09.30 22:16:34.639,0.8076,0.80779,2.25,1.50
2012.09.30 22:16:35.018,0.80762,0.80784,2.25,2.25
2012.09.30 22:16:35.148,0.80765,0.80787,2.25,2.25
2012.09.30 22:16:35.398,0.80769,0.80789,2.25,2.25
2012.09.30 22:16:35.587,0.80769,0.80789,2.25,1.50
2012.09.30 22:16:35.857,0.80771,0.8079,1.50,2.25
2012.09.30 22:16:36.198,0.80771,0.8079,2.25,2.25
2012.09.30 22:16:38.457,0.80768,0.8079,2.25,3.00
2012.09.30 22:16:38.518,0.80767,0.80787,2.25,1.50
2012.09.30 22:16:39.428,0.80766,0.80787,2.25,2.25
2012.09.30 22:16:40.391,0.80766,0.80787,2.25,2.25
2012.09.30 22:16:40.662,0.80765,0.80785,2.25,1.50
2012.09.30 22:16:41.230,0.80765,0.80785,2.25,2.25
2012.09.30 22:16:41.817,0.80763,0.80783,2.25,1.50
2012.09.30 22:16:41.948,0.80763,0.80783,2.25,1.50
2012.09.30 22:16:45.816,0.80761,0.80781,2.25,1.50
2012.09.30 22:16:48.979,0.80759,0.80776,2.25,1.50
2012.09.30 22:16:50.286,0.8076,0.8078,1.50,1.50
2012.09.30 22:16:54.200,0.8076,0.80778,1.50,1.50
2012.09.30 22:16:54.627,0.80761,0.80779,1.58,1.50
2012.09.30 22:16:54.808,0.80763,0.80784,1.50,1.50
2012.09.30 22:16:55.167,0.80765,0.80786,1.50,1.50
2012.09.30 22:16:59.527,0.80766,0.80785,1.50,1.50
2012.09.30 22:17:02.746,0.80766,0.80787,3.00,1.50
2012.09.30 22:17:02.867,0.80767,0.80789,2.25,1.50
2012.09.30 22:17:02.927,0.80767,0.80789,2.25,1.50
2012.09.30 22:17:04.608,0.80767,0.80787,1.50,1.50
2012.09.30 22:17:06.076,0.80767,0.80786,3.00,1.50
2012.09.30 22:17:06.196,0.80766,0.80782,1.50,1.50
2012.09.30 22:17:06.637,0.80761,0.8078,2.78,1.50
2012.09.30 22:17:10.068,0.80761,0.80778,2.78,1.50
2012.09.30 22:17:11.177,0.80761,0.80781,2.78,2.25
2012.09.30 22:17:11.687,0.80763,0.80781,1.50,1.50
2012.09.30 22:17:12.387,0.80765,0.80785,2.25,1.50
2012.09.30 22:17:13.219,0.80767,0.80786,2.25,1.50
2012.09.30 22:17:13.418,0.80769,0.8079,2.25,1.50
2012.09.30 22:17:13.488,0.80769,0.8079,2.25,1.50
2012.09.30 22:17:13.798,0.80767,0.80788,1.73,1.50
2012.09.30 22:17:14.699,0.80769,0.80788,1.50,1.50
2012.09.30 22:17:15.218,0.80769,0.8079,1.50,1.50
2012.09.30 22:17:15.349,0.80767,0.80786,2.85,1.50
2012.09.30 22:17:15.417,0.80767,0.80786,1.50,1.50
2012.09.30 22:17:17.774,0.80767,0.80786,1.95,1.50
2012.09.30 22:17:17.980,0.80769,0.8079,2.25,2.25
2012.09.30 22:17:18.216,0.80769,0.8079,3.00,1.50
2012.09.30 22:17:18.460,0.80769,0.80788,1.50,1.50
2012.09.30 22:17:23.367,0.80771,0.8079,2.25,1.50
2012.09.30 22:17:23.870,0.80769,0.80789,3.00,1.50
2012.09.30 22:17:24.377,0.8077,0.80791,2.25,2.25
2012.09.30 22:17:25.297,0.8077,0.80791,2.25,2.25
2012.09.30 22:17:25.896,0.80769,0.8079,1.50,1.50
2012.09.30 22:17:31.999,0.8077,0.80792,3.00,1.50
2012.09.30 22:17:39.857,0.8077,0.80789,1.50,1.50
2012.09.30 22:17:40.377,0.80769,0.80788,1.50,2.25
2012.09.30 22:17:40.438,0.80769,0.80784,1.50,1.50
2012.09.30 22:17:41.087,0.80763,0.80783,2.48,1.50
2012.09.30 22:17:41.397,0.80763,0.80781,2.48,1.50
2012.09.30 22:17:42.329,0.80763,0.8078,2.48,1.50
2012.09.30 22:17:43.378,0.80763,0.80783,2.48,2.25
2012.09.30 22:17:44.476,0.80763,0.80783,2.48,2.25
2012.09.30 22:17:46.087,0.80763,0.80781,2.48,1.50
2012.09.30 22:17:47.117,0.80763,0.80779,2.48,1.50
2012.09.30 22:17:47.669,0.80762,0.80779,1.65,1.50
2012.09.30 22:17:48.849,0.80764,0.80779,2.85,1.50
2012.09.30 22:17:48.917,0.80762,0.80779,2.03,1.50
2012.09.30 22:17:49.289,0.80762,0.80782,2.03,2.25
2012.09.30 22:17:49.359,0.80762,0.80776,2.03,1.50
2012.09.30 22:17:49.489,0.80759,0.80777,3.45,1.50
2012.09.30 22:17:49.987,0.80759,0.80779,4.20,1.50
2012.09.30 22:17:50.060,0.80765,0.80781,3.75,2.25
2012.09.30 22:17:50.511,0.80765,0.80783,1.50,1.50
2012.09.30 22:17:50.580,0.80769,0.80783,1.50,1.50
2012.09.30 22:17:50.829,0.80767,0.80783,1.50,1.73
2012.09.30 22:17:50.898,0.80767,0.80782,1.50,1.50
2012.09.30 22:17:51.206,0.80759,0.80775,2.25,1.50
2012.09.30 22:17:51.787,0.80756,0.80774,1.50,1.50
2012.09.30 22:17:53.117,0.80754,0.80774,2.55,1.50
2012.09.30 22:17:55.858,0.80755,0.80774,2.03,1.50
2012.09.30 22:17:56.538,0.80758,0.80775,1.50,1.50
2012.09.30 22:17:56.607,0.8076,0.80778,2.25,1.50
2012.09.30 22:17:56.667,0.8076,0.8078,2.25,1.50
2012.09.30 22:17:56.797,0.8076,0.8078,2.25,1.50
2012.09.30 22:17:57.098,0.8076,0.80778,1.50,1.50
2012.09.30 22:17:57.437,0.80761,0.80777,2.55,1.50
2012.09.30 22:17:58.620,0.80766,0.80787,2.25,2.25
2012.09.30 22:17:58.687,0.80765,0.80787,2.25,2.25
2012.09.30 22:17:58.757,0.80766,0.80787,1.50,1.50
2012.09.30 22:17:58.823,0.80766,0.80787,1.50,1.50
2012.09.30 22:18:01.066,0.80766,0.80784,1.50,1.50
2012.09.30 22:18:03.438,0.80762,0.80784,4.43,2.25
2012.09.30 22:18:04.148,0.80765,0.80784,2.25,1.50
2012.09.30 22:18:04.518,0.80763,0.80781,1.50,1.50
2012.09.30 22:18:05.068,0.80762,0.80781,2.93,2.25
2012.09.30 22:18:05.617,0.80762,0.80781,2.93,1.50
2012.09.30 22:18:06.028,0.80763,0.80784,2.25,2.25
2012.09.30 22:18:14.289,0.80762,0.80782,2.93,1.50
2012.09.30 22:18:14.359,0.80762,0.8078,2.93,1.50
2012.09.30 22:18:14.668,0.80762,0.80777,2.93,1.50
2012.09.30 22:18:14.858,0.80756,0.80777,3.00,1.50
2012.09.30 22:18:15.393,0.80757,0.80776,2.25,1.50
2012.09.30 22:18:15.939,0.80755,0.80775,1.50,1.50
2012.09.30 22:18:16.971,0.80754,0.80775,2.25,2.25
2012.09.30 22:18:17.258,0.80753,0.80772,2.63,1.50
2012.09.30 22:18:20.379,0.80753,0.80774,2.63,2.25
2012.09.30 22:18:20.568,0.80753,0.80772,2.63,1.50
2012.09.30 22:18:21.549,0.80756,0.80773,2.55,1.50
2012.09.30 22:18:26.138,0.80756,0.80774,2.55,1.50
2012.09.30 22:18:27.749,0.80756,0.80776,3.30,1.50
2012.09.30 22:18:28.268,0.80756,0.80775,2.55,1.50
2012.09.30 22:18:34.158,0.80756,0.80775,2.55,2.25
2012.09.30 22:18:36.488,0.80756,0.80773,2.55,1.50
2012.09.30 22:18:43.256,0.80756,0.80774,2.55,2.25
2012.09.30 22:18:43.879,0.80756,0.80773,2.55,1.50
2012.09.30 22:18:46.036,0.80756,0.80774,2.55,2.25
2012.09.30 22:18:46.227,0.80756,0.80771,2.55,1.50
2012.09.30 22:18:46.846,0.80756,0.80772,2.55,1.50
2012.09.30 22:18:47.381,0.80756,0.8077,2.55,1.50
2012.09.30 22:18:51.287,0.80756,0.80773,2.55,1.50
2012.09.30 22:18:51.419,0.80756,0.80771,2.55,1.50
2012.09.30 22:18:51.967,0.80756,0.80774,2.55,1.50
2012.09.30 22:19:02.317,0.80756,0.80774,2.55,2.25
2012.09.30 22:19:02.838,0.80756,0.80774,2.55,2.25
2012.09.30 22:19:07.337,0.80756,0.80772,2.55,2.25
2012.09.30 22:19:07.970,0.80756,0.8077,2.55,1.50
2012.09.30 22:19:08.628,0.80756,0.80773,2.55,2.25
2012.09.30 22:19:09.498,0.80756,0.80773,2.55,2.25
2012.09.30 22:19:11.156,0.80756,0.80773,2.70,2.25
2012.09.30 22:19:11.690,0.80756,0.80773,2.70,2.25
2012.09.30 22:19:15.277,0.80756,0.80773,2.70,1.50
2012.09.30 22:19:16.818,0.80757,0.80773,2.03,1.50
2012.09.30 22:19:21.249,0.80757,0.80773,2.03,2.25
2012.09.30 22:19:21.807,0.80757,0.80773,2.03,2.25
2012.09.30 22:19:24.488,0.80757,0.80773,1.28,2.25
2012.09.30 22:19:24.797,0.80754,0.80773,1.65,2.25
2012.09.30 22:19:25.350,0.80754,0.80771,1.65,2.25
2012.09.30 22:19:26.287,0.80753,0.80771,2.70,2.25
2012.09.30 22:19:30.336,0.80753,0.8077,2.70,2.25
2012.09.30 22:19:42.326,0.80753,0.80771,2.70,2.25
2012.09.30 22:19:43.658,0.80753,0.80771,1.95,2.25
2012.09.30 22:19:44.232,0.8075,0.80768,2.18,2.25
2012.09.30 22:19:44.298,0.80748,0.80768,2.25,2.25
2012.09.30 22:19:44.966,0.80748,0.80768,2.25,2.25
2012.09.30 22:19:48.208,0.80748,0.80768,2.25,1.50
2012.09.30 22:19:48.338,0.8075,0.80771,3.75,2.25
2012.09.30 22:19:48.839,0.80752,0.80772,2.25,2.25
2012.09.30 22:19:49.046,0.80752,0.80772,2.25,2.25
2012.09.30 22:19:49.247,0.80752,0.80772,2.25,2.25
2012.09.30 22:19:49.757,0.8075,0.80771,3.75,1.50
2012.09.30 22:19:50.282,0.80753,0.80775,2.25,2.25
2012.09.30 22:19:54.197,0.80753,0.80775,2.25,2.25
2012.09.30 22:19:54.256,0.80753,0.80775,2.25,2.25
2012.09.30 22:19:57.758,0.80755,0.80777,1.50,2.25
2012.09.30 22:19:57.828,0.80758,0.80777,1.50,2.25
2012.09.30 22:19:58.519,0.80758,0.80777,1.50,2.25
2012.09.30 22:20:00.436,0.80756,0.80772,3.00,1.50
2012.09.30 22:20:00.557,0.80753,0.8077,3.00,1.50
2012.09.30 22:20:00.738,0.80748,0.8077,2.25,2.25
2012.09.30 22:20:00.927,0.80748,0.8077,2.25,2.25
2012.09.30 22:20:00.998,0.80753,0.80772,1.50,2.25
2012.09.30 22:20:01.187,0.80751,0.80771,2.25,2.25
2012.09.30 22:20:01.307,0.80751,0.80771,2.25,2.25
2012.09.30 22:20:01.367,0.80751,0.80771,2.25,2.25
2012.09.30 22:20:01.667,0.80752,0.80773,1.50,2.25
2012.09.30 22:20:01.907,0.8075,0.80772,2.25,2.25
2012.09.30 22:20:02.418,0.8075,0.80772,2.25,3.00
2012.09.30 22:20:03.330,0.8075,0.80769,1.50,1.50
2012.09.30 22:20:04.288,0.80746,0.80767,2.25,2.25
2012.09.30 22:20:13.567,0.80747,0.80767,1.50,1.50
2012.09.30 22:20:14.788,0.80747,0.80765,1.50,1.50
2012.09.30 22:20:15.150,0.80745,0.80763,1.50,1.50
2012.09.30 22:20:15.276,0.80744,0.80763,3.00,1.50
2012.09.30 22:20:15.768,0.80746,0.80767,1.50,2.25
2012.09.30 22:20:15.837,0.80747,0.80768,1.50,2.48
2012.09.30 22:20:15.957,0.80747,0.80768,2.25,1.50
2012.09.30 22:20:16.941,0.80746,0.80766,2.25,1.50
2012.09.30 22:20:18.728,0.80749,0.80768,1.50,3.00
2012.09.30 22:20:25.644,0.80749,0.80768,2.25,1.50
2012.09.30 22:20:26.390,0.8075,0.8077,2.25,2.25
2012.09.30 22:20:29.697,0.80746,0.80768,3.75,1.50
2012.09.30 22:20:30.790,0.80747,0.80767,2.25,1.50
2012.09.30 22:20:30.995,0.80745,0.80767,2.25,1.50
2012.09.30 22:20:38.228,0.80747,0.80768,2.25,1.50
2012.09.30 22:20:38.598,0.8075,0.80769,1.50,1.50
2012.09.30 22:20:39.937,0.80748,0.80769,1.50,1.50
2012.09.30 22:20:41.198,0.80751,0.80769,1.50,1.50
2012.09.30 22:20:41.529,0.80749,0.80769,1.50,3.00
2012.09.30 22:20:42.507,0.80749,0.80769,1.50,3.00
2012.09.30 22:20:46.698,0.80749,0.80764,1.50,1.50
2012.09.30 22:20:46.887,0.80743,0.80761,3.75,1.50
2012.09.30 22:20:46.948,0.80743,0.80763,5.25,1.73
2012.09.30 22:20:49.296,0.80744,0.80762,3.00,1.50
2012.09.30 22:20:58.013,0.80743,0.8076,3.00,1.50
2012.09.30 22:20:58.318,0.80744,0.80757,1.92,1.50
2012.09.30 22:20:58.857,0.80743,0.80757,2.55,1.50
2012.09.30 22:20:59.219,0.80743,0.80757,2.55,1.50
2012.09.30 22:21:01.677,0.80743,0.80757,1.80,1.50
2012.09.30 22:21:01.857,0.80744,0.80759,1.80,2.25
2012.09.30 22:21:01.990,0.80743,0.80761,2.55,1.50
2012.09.30 22:21:06.300,0.80743,0.80763,2.55,2.25
2012.09.30 22:21:13.677,0.80746,0.80764,1.50,1.50
2012.09.30 22:21:14.777,0.80743,0.80764,1.80,3.23
2012.09.30 22:21:15.137,0.80745,0.80764,1.50,1.50
2012.09.30 22:21:15.647,0.80744,0.80764,1.50,1.50
2012.09.30 22:21:16.163,0.80744,0.80762,1.50,1.50
2012.09.30 22:21:16.487,0.80747,0.80762,1.50,1.50
2012.09.30 22:21:16.607,0.80747,0.80766,1.50,2.25
2012.09.30 22:21:16.786,0.80747,0.80767,1.50,2.48
2012.09.30 22:21:16.907,0.8075,0.80768,1.50,1.50
2012.09.30 22:21:17.457,0.8075,0.8077,1.50,3.00
2012.09.30 22:21:20.243,0.8075,0.8077,1.50,3.00
2012.09.30 22:21:20.558,0.80744,0.80764,2.25,2.48
2012.09.30 22:21:21.150,0.80744,0.80764,2.25,1.50
2012.09.30 22:21:21.652,0.80744,0.80764,2.25,1.50
2012.09.30 22:21:24.336,0.80746,0.80768,3.75,3.23
2012.09.30 22:21:24.396,0.80749,0.80768,1.50,1.50
2012.09.30 22:21:25.228,0.80749,0.80768,1.50,1.50
2012.09.30 22:21:25.536,0.80752,0.80769,1.50,1.50
2012.09.30 22:21:26.149,0.80752,0.80771,1.50,1.50
2012.09.30 22:21:26.609,0.80755,0.80771,1.50,1.50
2012.09.30 22:21:26.738,0.80755,0.80772,1.50,1.50
2012.09.30 22:21:29.701,0.80754,0.80772,1.50,1.50
2012.09.30 22:21:30.798,0.8075,0.80771,1.50,2.25
2012.09.30 22:21:30.867,0.80749,0.80771,2.25,3.00
2012.09.30 22:21:31.107,0.80748,0.80768,1.50,3.00
2012.09.30 22:21:31.286,0.80748,0.80768,1.50,3.00
2012.09.30 22:21:31.949,0.80749,0.80768,1.50,1.50
2012.09.30 22:21:32.701,0.80749,0.80768,1.50,1.50
2012.09.30 22:21:36.478,0.80747,0.80768,1.50,1.50
2012.09.30 22:21:37.029,0.8075,0.80768,1.50,1.50
2012.09.30 22:21:41.481,0.80747,0.80768,1.50,1.50
2012.09.30 22:21:41.997,0.80748,0.80768,1.50,1.50
2012.09.30 22:21:42.187,0.80749,0.80768,1.50,1.50
2012.09.30 22:21:42.807,0.80747,0.80768,1.50,1.50
2012.09.30 22:21:46.867,0.80747,0.80768,2.25,1.50
2012.09.30 22:21:46.927,0.80747,0.80769,2.25,3.00
2012.09.30 22:21:47.358,0.80751,0.80769,1.50,1.50
2012.09.30 22:21:49.758,0.80748,0.80768,2.25,2.25
2012.09.30 22:21:50.308,0.80751,0.80769,1.50,1.50
2012.09.30 22:21:53.819,0.80751,0.80768,1.50,1.50
2012.09.30 22:21:54.020,0.80748,0.80768,1.50,3.00
2012.09.30 22:21:54.445,0.80748,0.80768,1.50,2.25
2012.09.30 22:21:54.568,0.8075,0.80769,1.50,1.73
2012.09.30 22:22:15.107,0.80749,0.80769,1.50,3.23
2012.09.30 22:22:15.997,0.80749,0.80768,1.50,1.50
2012.09.30 22:22:16.499,0.8075,0.80768,1.50,1.50
2012.09.30 22:22:17.748,0.80754,0.80768,1.50,1.50
2012.09.30 22:22:25.018,0.8075,0.80768,1.50,1.50
2012.09.30 22:22:25.086,0.8075,0.80768,1.50,1.50
2012.09.30 22:22:27.448,0.80749,0.80768,1.50,3.00
2012.09.30 22:22:27.516,0.80747,0.80768,2.25,3.00
2012.09.30 22:22:27.637,0.80747,0.80768,1.50,3.00
2012.09.30 22:22:30.437,0.80747,0.80768,1.50,3.00
2012.09.30 22:22:35.889,0.80747,0.80768,1.50,3.00
2012.09.30 22:22:37.548,0.80744,0.80764,2.25,2.25
2012.09.30 22:22:37.737,0.80743,0.80761,2.55,1.50
2012.09.30 22:22:38.197,0.80745,0.80763,1.50,1.50
2012.09.30 22:22:38.626,0.80743,0.80761,3.30,3.00
2012.09.30 22:22:41.544,0.80744,0.80761,1.80,1.50
2012.09.30 22:22:41.801,0.80744,0.80761,1.80,1.50
2012.09.30 22:23:01.966,0.80743,0.8076,1.80,2.25
2012.09.30 22:23:02.506,0.80743,0.80759,1.80,2.25
2012.09.30 22:23:10.596,0.80744,0.80759,1.80,2.25
2012.09.30 22:23:11.159,0.80743,0.8076,1.80,2.25
2012.09.30 22:23:15.416,0.80743,0.8076,1.80,2.25
2012.09.30 22:23:16.677,0.80744,0.8076,1.80,2.25
2012.09.30 22:23:17.226,0.80744,0.8076,1.80,2.25
2012.09.30 22:23:26.636,0.80745,0.80761,1.50,1.50
2012.09.30 22:23:37.018,0.80744,0.80762,1.80,1.50
2012.09.30 22:23:45.402,0.80744,0.80764,1.80,3.00
2012.09.30 22:23:46.012,0.80743,0.80764,3.30,3.00
2012.09.30 22:23:52.549,0.80744,0.80763,1.50,2.25
2012.09.30 22:24:03.787,0.80744,0.80763,3.30,1.50
2012.09.30 22:24:04.580,0.80745,0.80763,1.50,1.50
2012.09.30 22:24:05.350,0.80746,0.80765,1.50,1.50
2012.09.30 22:24:20.609,0.80749,0.80765,1.50,1.50
2012.09.30 22:24:20.918,0.80755,0.80765,1.50,1.50
2012.09.30 22:24:21.107,0.80755,0.80772,1.50,1.50
2012.09.30 22:24:21.228,0.80758,0.80772,1.50,1.50
2012.09.30 22:24:21.358,0.80758,0.80774,1.50,1.50
2012.09.30 22:24:21.417,0.8076,0.80778,1.50,1.50
2012.09.30 22:24:21.768,0.80762,0.80778,1.50,1.50
2012.09.30 22:24:21.840,0.80762,0.80781,1.50,1.50
2012.09.30 22:24:26.609,0.80758,0.80779,2.25,2.25
2012.09.30 22:24:27.048,0.80762,0.80775,1.50,1.50
2012.09.30 22:24:27.369,0.80763,0.80778,1.50,2.78
2012.09.30 22:24:27.567,0.80744,0.80774,1.73,2.25
2012.09.30 22:24:27.688,0.80756,0.80774,1.50,2.25
2012.09.30 22:24:27.758,0.80754,0.80774,3.00,3.75
2012.09.30 22:24:29.029,0.80751,0.80769,3.00,1.50
2012.09.30 22:24:33.360,0.80751,0.80768,1.50,1.50
2012.09.30 22:24:33.608,0.80744,0.80763,3.30,2.48
2012.09.30 22:24:33.678,0.80743,0.80763,2.48,2.48
2012.09.30 22:24:33.747,0.80746,0.80765,1.50,1.73
2012.09.30 22:24:34.062,0.80749,0.80766,1.50,1.50
2012.09.30 22:24:34.393,0.80743,0.8076,2.48,1.50
2012.09.30 22:24:37.207,0.80744,0.80762,1.73,2.25
2012.09.30 22:24:37.395,0.80746,0.80764,1.50,1.50
2012.09.30 22:24:41.107,0.80745,0.80764,1.50,3.00
2012.09.30 22:24:43.638,0.80744,0.80764,1.73,3.00
2012.09.30 22:24:44.173,0.80744,0.80764,2.48,3.00
2012.09.30 22:24:51.230,0.80744,0.80764,3.23,1.50
2012.09.30 22:24:54.127,0.80743,0.80762,3.98,2.25
2012.09.30 22:25:08.090,0.80747,0.80765,1.50,3.75
2012.09.30 22:25:08.812,0.80746,0.80765,1.50,3.75
2012.09.30 22:25:10.078,0.80748,0.80768,1.50,2.25
2012.09.30 22:25:10.518,0.80748,0.80768,1.50,1.50
2012.09.30 22:25:11.132,0.80748,0.80769,2.25,3.00
2012.09.30 22:25:13.119,0.80748,0.80769,3.00,2.25
2012.09.30 22:25:13.308,0.80749,0.80769,1.50,1.50
2012.09.30 22:25:13.628,0.80755,0.80774,1.50,1.50
2012.09.30 22:25:13.699,0.80755,0.80774,1.50,1.50
2012.09.30 22:25:16.655,0.80753,0.80774,2.25,1.50
2012.09.30 22:25:17.737,0.80757,0.80774,1.50,1.50
2012.09.30 22:25:18.028,0.80754,0.80774,1.50,1.50
2012.09.30 22:25:18.090,0.80754,0.80774,1.50,1.50
2012.09.30 22:25:18.431,0.80754,0.80775,2.25,2.25
2012.09.30 22:25:36.340,0.80752,0.80774,2.25,3.00
2012.09.30 22:25:58.197,0.80755,0.80774,1.50,3.00
2012.09.30 22:25:58.728,0.80756,0.80774,1.50,1.50
2012.09.30 22:26:00.781,0.80754,0.80774,3.00,1.50
2012.09.30 22:26:01.118,0.80754,0.80774,1.50,1.50
2012.09.30 22:26:09.614,0.80754,0.80774,1.50,1.50
2012.09.30 22:26:21.097,0.80754,0.80774,1.50,1.50
2012.09.30 22:26:21.278,0.80754,0.80775,2.25,2.70
2012.09.30 22:26:22.527,0.80756,0.80776,2.25,2.25
2012.09.30 22:26:22.767,0.80758,0.80777,1.50,1.50
2012.09.30 22:26:23.127,0.80761,0.80778,1.50,1.73
2012.09.30 22:26:23.537,0.80758,0.80778,3.75,1.73
2012.09.30 22:26:24.108,0.80757,0.80777,2.25,2.25
2012.09.30 22:26:27.017,0.80753,0.80773,2.25,2.25
2012.09.30 22:26:27.266,0.80753,0.80773,2.25,2.25
2012.09.30 22:26:35.759,0.80753,0.80774,1.50,1.50
2012.09.30 22:26:35.829,0.80747,0.80774,2.25,1.50
2012.09.30 22:26:42.540,0.80747,0.80774,2.25,1.50
2012.09.30 22:26:54.707,0.8075,0.80776,2.25,1.20
2012.09.30 22:26:56.417,0.8075,0.80777,2.25,2.25
2012.09.30 22:27:05.900,0.8075,0.80777,2.25,1.50
2012.09.30 22:27:06.208,0.80756,0.80777,2.25,1.50
2012.09.30 22:27:06.568,0.80756,0.80778,2.25,1.50
2012.09.30 22:27:06.688,0.80756,0.80778,2.25,2.48
2012.09.30 22:27:06.808,0.80755,0.80778,1.50,1.73
2012.09.30 22:27:07.374,0.80755,0.80778,1.50,1.73
2012.09.30 22:27:08.007,0.80755,0.80778,1.50,1.73
2012.09.30 22:27:14.824,0.80753,0.80778,2.25,1.73
2012.09.30 22:27:19.457,0.80753,0.80778,2.25,1.73
2012.09.30 22:27:24.170,0.80753,0.80778,2.25,1.73
2012.09.30 22:27:25.809,0.80753,0.80777,2.25,1.50
2012.09.30 22:27:26.240,0.80753,0.80776,2.25,1.50
2012.09.30 22:27:30.940,0.80751,0.80776,2.25,2.03
2012.09.30 22:27:31.187,0.80751,0.80776,2.25,1.50
2012.09.30 22:27:33.878,0.80752,0.80776,2.25,1.50
2012.09.30 22:27:37.998,0.80745,0.80772,4.20,1.50
2012.09.30 22:27:38.259,0.80744,0.80772,3.23,1.50
2012.09.30 22:27:38.392,0.80743,0.80768,3.98,1.50
2012.09.30 22:27:40.648,0.80746,0.80768,2.25,1.50
2012.09.30 22:27:43.900,0.80744,0.80765,3.23,1.50
2012.09.30 22:27:44.211,0.80744,0.80764,3.98,1.50
2012.09.30 22:27:44.808,0.80744,0.80764,2.48,1.50
2012.09.30 22:27:45.310,0.80744,0.80764,1.73,1.50
2012.09.30 22:27:47.382,0.80744,0.80764,1.73,1.50
2012.09.30 22:27:47.969,0.80744,0.80761,1.73,2.25
2012.09.30 22:27:48.479,0.80743,0.80761,2.48,2.48
2012.09.30 22:27:51.849,0.80743,0.80765,2.48,2.48
2012.09.30 22:27:52.991,0.80743,0.80761,2.48,1.73
2012.09.30 22:27:53.299,0.80742,0.80757,1.67,1.50
2012.09.30 22:27:53.369,0.80742,0.80761,1.67,1.73
2012.09.30 22:27:53.678,0.80743,0.80765,1.67,4.05
2012.09.30 22:27:53.798,0.80743,0.80765,1.67,2.48
2012.09.30 22:27:54.349,0.80743,0.80769,1.67,1.73
2012.09.30 22:27:54.689,0.80743,0.80769,3.54,1.73
2012.09.30 22:27:55.492,0.80744,0.80769,1.35,1.73
2012.09.30 22:27:56.471,0.80744,0.80769,1.35,1.73
2012.09.30 22:27:56.949,0.80744,0.80769,1.67,1.73
2012.09.30 22:27:57.622,0.80744,0.80764,1.67,1.73
2012.09.30 22:27:59.238,0.80744,0.80759,1.67,1.50
2012.09.30 22:27:59.550,0.80737,0.80765,4.38,2.63
2012.09.30 22:27:59.622,0.80737,0.80765,2.36,2.63
2012.09.30 22:27:59.811,0.80738,0.80768,1.61,4.58
2012.09.30 22:27:59.880,0.80738,0.80768,1.61,1.73
2012.09.30 22:28:00.288,0.80741,0.80768,2.43,1.73
2012.09.30 22:28:06.046,0.80741,0.80768,1.61,3.23
2012.09.30 22:28:06.710,0.80743,0.80766,2.36,1.73
2012.09.30 22:28:07.089,0.80743,0.80768,2.36,2.48
2012.09.30 22:28:07.270,0.80745,0.8077,1.50,1.73
2012.09.30 22:28:07.460,0.80745,0.8077,3.00,1.73
2012.09.30 22:28:08.898,0.80745,0.80772,1.50,2.48
2012.09.30 22:28:09.762,0.80745,0.80772,1.50,2.48
2012.09.30 22:28:09.988,0.80745,0.80772,1.95,2.48
2012.09.30 22:28:10.670,0.80745,0.80768,1.50,1.73
2012.09.30 22:28:11.220,0.80742,0.80767,3.11,1.73
2012.09.30 22:28:11.854,0.80742,0.80767,3.11,1.73
2012.09.30 22:28:13.659,0.80742,0.80767,3.11,1.73
2012.09.30 22:28:14.209,0.80742,0.80767,3.11,1.73
2012.09.30 22:28:15.379,0.80742,0.80767,1.61,1.73
2012.09.30 22:28:16.109,0.80742,0.80772,3.11,3.98
2012.09.30 22:28:16.359,0.80742,0.8077,1.61,2.48
2012.09.30 22:28:16.728,0.80742,0.8077,1.61,1.73
2012.09.30 22:28:19.278,0.80742,0.8077,1.61,1.73
2012.09.30 22:28:19.550,0.80742,0.80768,1.61,1.73
2012.09.30 22:28:19.679,0.80742,0.80766,1.61,1.38
2012.09.30 22:28:20.040,0.8073,0.80756,1.50,1.73
2012.09.30 22:28:20.349,0.8073,0.80756,1.50,1.73
2012.09.30 22:28:20.998,0.8073,0.80756,1.50,2.48
2012.09.30 22:28:21.118,0.80727,0.80756,1.95,2.48
2012.09.30 22:28:21.541,0.80727,0.80756,1.95,1.73
2012.09.30 22:28:22.758,0.80728,0.80756,2.55,2.48
2012.09.30 22:28:22.881,0.8073,0.80759,3.00,2.25
2012.09.30 22:28:23.014,0.8073,0.80758,1.50,2.48
2012.09.30 22:28:23.318,0.80731,0.80758,1.28,2.48
2012.09.30 22:28:23.808,0.8073,0.80758,2.10,2.48
2012.09.30 22:28:24.059,0.8073,0.80756,1.50,3.23
2012.09.30 22:28:24.400,0.8073,0.80758,1.50,3.23
2012.09.30 22:28:24.721,0.8073,0.80758,2.03,1.73
2012.09.30 22:28:24.849,0.80734,0.80758,1.50,1.73
2012.09.30 22:28:24.920,0.80734,0.80758,1.50,1.73
2012.09.30 22:28:26.568,0.80735,0.80758,1.50,1.73
2012.09.30 22:28:26.938,0.80735,0.80758,1.50,1.73
2012.09.30 22:28:27.239,0.80732,0.80758,1.50,2.48
2012.09.30 22:28:27.310,0.80732,0.80757,1.50,2.48
2012.09.30 22:28:27.798,0.80729,0.80757,1.50,3.23
2012.09.30 22:28:28.993,0.80729,0.80753,1.50,1.73
2012.09.30 22:28:29.514,0.80725,0.80753,1.50,1.73
2012.09.30 22:28:30.899,0.8073,0.80753,1.50,1.73
2012.09.30 22:28:31.389,0.80726,0.80752,1.50,1.73
2012.09.30 22:28:31.519,0.80726,0.80752,1.50,1.73
2012.09.30 22:28:31.589,0.80726,0.80751,1.50,1.73
2012.09.30 22:28:32.095,0.80724,0.80748,1.50,1.50
2012.09.30 22:28:32.200,0.80724,0.80752,1.50,2.48
2012.09.30 22:28:32.508,0.80723,0.80751,1.50,1.73
2012.09.30 22:28:33.193,0.80723,0.80749,1.50,1.50
2012.09.30 22:28:34.048,0.80722,0.80746,1.50,1.50
2012.09.30 22:28:34.349,0.80723,0.80745,1.50,1.73
2012.09.30 22:28:34.669,0.80716,0.80744,1.50,1.73
2012.09.30 22:28:36.042,0.80716,0.80739,1.50,1.73
2012.09.30 22:28:36.608,0.80712,0.8074,1.50,2.48
2012.09.30 22:28:37.158,0.80712,0.8074,1.50,2.48
2012.09.30 22:28:37.517,0.80714,0.80741,1.50,1.50
2012.09.30 22:28:37.638,0.80714,0.80741,1.50,3.98
2012.09.30 22:28:39.609,0.80714,0.80741,1.50,3.23
2012.09.30 22:28:42.958,0.80716,0.80741,1.50,1.73
2012.09.30 22:28:44.159,0.80714,0.80742,1.28,1.73
2012.09.30 22:28:44.935,0.80715,0.80746,2.25,3.23
2012.09.30 22:28:45.448,0.80714,0.80746,1.28,4.73
2012.09.30 22:28:50.445,0.80716,0.80746,1.50,2.48
2012.09.30 22:28:50.509,0.80717,0.80746,1.35,1.73
2012.09.30 22:28:50.940,0.80716,0.80746,1.50,2.48
2012.09.30 22:28:51.188,0.80716,0.80746,1.50,3.98
2012.09.30 22:28:55.169,0.80716,0.80747,1.50,3.23
2012.09.30 22:28:56.099,0.80718,0.80747,1.35,1.73
2012.09.30 22:28:56.159,0.80718,0.80747,1.35,1.73
2012.09.30 22:28:56.988,0.80717,0.80747,2.55,1.73
2012.09.30 22:29:04.408,0.80721,0.80751,1.20,3.23
2012.09.30 22:29:04.484,0.80722,0.80751,1.20,1.73
2012.09.30 22:29:04.620,0.80723,0.80754,1.50,3.23
2012.09.30 22:29:05.260,0.80725,0.80754,1.20,3.23
2012.09.30 22:29:16.620,0.80725,0.80753,1.20,3.23
2012.09.30 22:29:16.929,0.80722,0.8075,1.20,1.73
2012.09.30 22:29:16.989,0.8072,0.8075,2.03,1.73
2012.09.30 22:29:27.921,0.8072,0.80749,1.50,3.23
2012.09.30 22:29:28.168,0.80718,0.80747,1.50,1.73
2012.09.30 22:29:35.639,0.80718,0.80748,1.50,1.73
2012.09.30 22:29:35.898,0.80719,0.80747,2.25,1.73
2012.09.30 22:29:56.439,0.80719,0.80747,2.25,2.48
2012.09.30 22:29:56.723,0.80718,0.80747,1.50,2.48
2012.09.30 22:29:57.250,0.80716,0.80745,3.53,3.23
2012.09.30 22:29:57.379,0.80716,0.80744,3.00,1.73
2012.09.30 22:29:59.970,0.80716,0.80744,1.50,1.73
2012.09.30 22:30:03.396,0.80717,0.80743,2.25,1.35
2012.09.30 22:30:03.778,0.80717,0.80743,2.25,1.35
2012.09.30 22:30:04.319,0.80717,0.80745,2.25,3.23
2012.09.30 22:30:09.011,0.80716,0.80741,1.50,1.13
2012.09.30 22:30:09.079,0.80716,0.80741,1.50,1.13
2012.09.30 22:30:09.330,0.80712,0.80741,3.00,2.48
2012.09.30 22:30:22.598,0.80712,0.80739,2.03,1.73
2012.09.30 22:30:22.838,0.80716,0.80744,2.25,1.35
2012.09.30 22:30:22.901,0.80719,0.80745,2.25,1.13
2012.09.30 22:30:23.030,0.8072,0.80747,2.25,1.73
2012.09.30 22:30:23.338,0.80725,0.80752,1.50,1.73
2012.09.30 22:30:23.518,0.80725,0.80752,1.50,1.50
2012.09.30 22:30:24.399,0.80725,0.80752,2.03,1.50
2012.09.30 22:30:26.969,0.80726,0.80755,1.28,1.73
2012.09.30 22:30:32.098,0.80725,0.80755,1.50,3.23
2012.09.30 22:30:32.853,0.80725,0.80755,3.00,2.48
2012.09.30 22:30:33.220,0.80732,0.8076,1.50,2.25
2012.09.30 22:30:33.410,0.80732,0.80763,1.50,1.73
2012.09.30 22:30:33.948,0.80732,0.80761,1.50,1.73
2012.09.30 22:30:34.908,0.80732,0.8076,1.50,2.25
2012.09.30 22:30:36.379,0.80732,0.8076,1.50,2.25
2012.09.30 22:30:37.266,0.80732,0.8076,1.50,1.50
2012.09.30 22:30:42.440,0.80735,0.80761,1.50,1.73
2012.09.30 22:30:42.691,0.80739,0.80764,1.35,2.25
2012.09.30 22:30:42.880,0.80739,0.80767,1.35,3.23
2012.09.30 22:30:42.948,0.80739,0.80768,2.85,1.50
2012.09.30 22:30:43.069,0.80742,0.8077,1.50,1.73
2012.09.30 22:30:47.918,0.80742,0.80769,2.03,1.50
2012.09.30 22:30:48.038,0.8074,0.80767,1.20,1.50
2012.09.30 22:30:48.588,0.80737,0.80764,1.28,1.73
2012.09.30 22:30:49.666,0.80737,0.80762,1.28,1.50
2012.09.30 22:30:49.979,0.80733,0.80758,2.63,1.73
2012.09.30 22:30:50.049,0.80732,0.80758,1.35,1.73
2012.09.30 22:30:51.968,0.8073,0.80756,1.50,1.73
2012.09.30 22:30:52.549,0.8073,0.80756,1.50,1.73
2012.09.30 22:30:54.246,0.8073,0.80755,1.80,1.73
2012.09.30 22:30:54.322,0.80731,0.80755,1.20,1.50
2012.09.30 22:30:54.388,0.80731,0.80755,1.20,1.50
2012.09.30 22:30:57.199,0.80729,0.80755,2.85,1.50
2012.09.30 22:30:57.508,0.80729,0.80751,2.25,1.73
2012.09.30 22:30:57.831,0.80729,0.80748,2.25,1.73
2012.09.30 22:30:58.019,0.80721,0.80745,1.50,1.73
2012.09.30 22:31:08.773,0.80718,0.80743,1.50,1.73
2012.09.30 22:31:08.958,0.80716,0.80743,1.50,1.73
2012.09.30 22:31:11.423,0.80718,0.80743,1.28,1.73
2012.09.30 22:31:12.210,0.80716,0.80741,3.00,1.50
2012.09.30 22:31:12.518,0.80716,0.80741,2.25,1.73
2012.09.30 22:31:12.578,0.80716,0.80741,2.25,1.73
2012.09.30 22:31:12.699,0.80716,0.80741,2.25,1.73
2012.09.30 22:31:13.229,0.80713,0.80739,3.53,1.73
2012.09.30 22:31:13.498,0.80713,0.80739,3.00,1.73
2012.09.30 22:31:13.559,0.80713,0.80741,4.58,1.73
2012.09.30 22:31:14.218,0.80715,0.80743,3.00,2.48
2012.09.30 22:31:14.790,0.80718,0.80746,2.25,2.25
2012.09.30 22:31:14.859,0.80718,0.80746,2.25,2.25
2012.09.30 22:31:16.589,0.80723,0.80749,3.00,2.25
2012.09.30 22:31:16.660,0.80725,0.80749,1.50,2.25
2012.09.30 22:31:16.790,0.80725,0.80749,1.50,1.50
2012.09.30 22:31:17.159,0.80726,0.80751,2.25,2.25
2012.09.30 22:31:20.870,0.80727,0.80751,3.00,1.50
2012.09.30 22:31:20.941,0.80727,0.80751,3.00,1.50
2012.09.30 22:31:21.478,0.80727,0.8075,2.25,1.73
2012.09.30 22:31:25.508,0.8072,0.80749,3.00,1.73
2012.09.30 22:31:25.688,0.8072,0.80746,1.50,1.73
2012.09.30 22:31:30.158,0.8072,0.80748,1.50,1.73
2012.09.30 22:31:30.218,0.8072,0.8075,2.25,1.73
2012.09.30 22:31:30.278,0.80721,0.8075,2.25,1.73
2012.09.30 22:31:30.980,0.80723,0.80751,2.25,1.73
2012.09.30 22:31:33.571,0.80724,0.80751,2.78,1.50
2012.09.30 22:31:33.890,0.80728,0.80756,1.50,2.48
2012.09.30 22:31:34.089,0.80728,0.80756,1.50,1.73
2012.09.30 22:31:34.650,0.80728,0.80756,1.50,1.73
2012.09.30 22:31:35.198,0.80729,0.80757,1.50,2.48
2012.09.30 22:31:36.390,0.80728,0.80757,3.30,1.73
2012.09.30 22:31:36.852,0.8073,0.80758,1.35,1.73
2012.09.30 22:31:36.980,0.8073,0.80759,2.10,1.73
2012.09.30 22:31:37.529,0.8073,0.80759,1.50,1.73
2012.09.30 22:31:41.018,0.80729,0.80759,2.25,2.48
2012.09.30 22:31:41.789,0.80729,0.80757,2.25,2.25
2012.09.30 22:31:41.866,0.80729,0.80757,2.25,3.00
2012.09.30 22:31:47.019,0.80726,0.80755,3.00,2.48
2012.09.30 22:31:47.208,0.80724,0.80753,1.35,1.50
2012.09.30 22:31:51.619,0.80728,0.80754,1.50,1.50
2012.09.30 22:31:51.860,0.80728,0.80756,1.50,2.48
2012.09.30 22:32:03.657,0.80726,0.80756,1.28,2.48
2012.09.30 22:32:07.110,0.80728,0.80756,1.50,1.73
2012.09.30 22:32:07.238,0.80728,0.80758,2.25,1.50
2012.09.30 22:32:07.759,0.8073,0.80759,2.25,3.00
2012.09.30 22:32:08.286,0.8073,0.80759,2.25,3.00
2012.09.30 22:32:11.730,0.8073,0.80759,2.25,1.50
2012.09.30 22:32:12.143,0.80731,0.8076,1.50,1.73
2012.09.30 22:32:17.518,0.80731,0.80762,3.75,3.23
2012.09.30 22:32:21.841,0.80734,0.80762,1.50,2.48
2012.09.30 22:32:25.591,0.80735,0.80765,1.20,1.73
2012.09.30 22:32:25.664,0.80738,0.80765,2.25,1.50
2012.09.30 22:32:25.729,0.80738,0.80767,2.25,1.73
2012.09.30 22:32:30.179,0.80739,0.80767,1.50,1.73
2012.09.30 22:32:30.240,0.80739,0.80767,1.50,1.73
2012.09.30 22:32:36.118,0.80736,0.80766,2.25,1.73
2012.09.30 22:32:48.383,0.80738,0.80767,3.75,1.73
2012.09.30 22:32:48.698,0.80738,0.80767,4.28,1.73
2012.09.30 22:32:53.400,0.80743,0.80768,2.25,2.48
2012.09.30 22:32:53.530,0.80742,0.80769,1.50,1.73
2012.09.30 22:32:55.502,0.80742,0.80769,1.95,1.73
2012.09.30 22:32:59.330,0.80743,0.80769,1.28,2.48
2012.09.30 22:32:59.935,0.80742,0.80769,1.50,2.48
2012.09.30 22:33:00.441,0.80742,0.80768,1.50,1.73
2012.09.30 22:33:00.991,0.80742,0.80768,1.50,1.73
2012.09.30 22:33:17.630,0.80741,0.80768,1.20,1.73
2012.09.30 22:33:17.759,0.80741,0.80765,1.20,1.73
2012.09.30 22:33:20.599,0.80738,0.80765,3.00,2.48
2012.09.30 22:33:22.689,0.80738,0.80765,3.00,1.73
2012.09.30 22:33:23.254,0.8074,0.80767,2.25,1.50
2012.09.30 22:33:24.949,0.80741,0.80767,1.28,1.50
2012.09.30 22:33:25.959,0.80741,0.80767,1.28,1.50
2012.09.30 22:33:31.429,0.80741,0.80768,3.00,1.73
2012.09.30 22:33:31.789,0.80741,0.80771,6.15,1.73
2012.09.30 22:33:33.609,0.80745,0.80772,1.28,1.73
2012.09.30 22:33:34.940,0.80746,0.80771,1.50,1.50
2012.09.30 22:33:35.418,0.80747,0.80773,1.35,1.73
2012.09.30 22:33:36.240,0.80749,0.80775,1.50,2.48
2012.09.30 22:33:39.059,0.8075,0.80775,1.20,1.73
2012.09.30 22:33:39.130,0.80752,0.80777,1.50,1.73
2012.09.30 22:33:43.230,0.80752,0.80778,2.25,1.73
2012.09.30 22:33:43.970,0.80752,0.80779,2.70,3.23
2012.09.30 22:33:46.439,0.80752,0.80779,1.50,3.23
2012.09.30 22:33:48.009,0.80752,0.80778,1.50,2.48
2012.09.30 22:33:48.382,0.8075,0.80775,1.28,1.50
2012.09.30 22:33:48.451,0.8075,0.80775,1.28,2.25
2012.09.30 22:33:49.062,0.80749,0.80774,2.25,1.73
2012.09.30 22:33:49.130,0.80748,0.80774,1.50,1.73
2012.09.30 22:33:51.029,0.80746,0.80771,1.35,1.50
2012.09.30 22:33:51.149,0.80745,0.80768,1.35,1.50
2012.09.30 22:33:51.339,0.80741,0.80768,2.25,1.73
2012.09.30 22:33:52.109,0.8074,0.80767,2.85,1.73
2012.09.30 22:34:01.098,0.8074,0.80767,2.85,1.50
2012.09.30 22:34:02.421,0.8074,0.80768,2.25,1.50
2012.09.30 22:34:02.609,0.80741,0.80768,1.35,1.50
2012.09.30 22:34:07.550,0.80746,0.80771,1.50,2.25
2012.09.30 22:34:08.269,0.80746,0.80774,1.50,1.73
2012.09.30 22:34:08.849,0.80747,0.80775,2.25,1.50
2012.09.30 22:34:08.920,0.80748,0.80776,1.50,1.50
2012.09.30 22:34:09.049,0.80748,0.80776,1.50,1.50
2012.09.30 22:34:09.118,0.80748,0.80776,1.50,1.50
2012.09.30 22:34:09.879,0.80748,0.80776,1.50,1.50
2012.09.30 22:34:17.578,0.80749,0.80777,1.50,1.50
2012.09.30 22:34:24.120,0.80749,0.80778,1.50,1.73
2012.09.30 22:34:45.699,0.80749,0.80777,2.25,1.50
2012.09.30 22:34:45.940,0.8075,0.80777,1.28,1.50
2012.09.30 22:34:49.050,0.8075,0.80776,1.28,1.50
2012.09.30 22:34:49.121,0.80748,0.80775,1.50,1.73
2012.09.30 22:34:49.189,0.80746,0.80773,1.65,1.50
2012.09.30 22:34:49.319,0.80745,0.80773,2.03,1.50
2012.09.30 22:34:49.880,0.80742,0.80771,1.50,1.73
2012.09.30 22:34:53.259,0.80743,0.8077,1.20,2.25
2012.09.30 22:34:53.630,0.80741,0.80769,2.25,2.25
2012.09.30 22:34:54.659,0.80741,0.80767,1.50,2.25
2012.09.30 22:34:55.190,0.80741,0.80767,1.50,2.25
2012.09.30 22:34:57.569,0.80738,0.80767,3.38,2.48
2012.09.30 22:34:57.900,0.8074,0.80765,1.20,2.25
2012.09.30 22:35:00.460,0.80738,0.80764,2.25,1.50
2012.09.30 22:35:00.589,0.80738,0.80764,2.25,1.50
2012.09.30 22:35:01.228,0.80738,0.80764,4.35,1.50
2012.09.30 22:35:01.440,0.80739,0.80767,1.20,1.73
2012.09.30 22:35:01.749,0.80741,0.80769,1.50,1.50
2012.09.30 22:35:04.059,0.80741,0.80769,1.95,2.48
2012.09.30 22:35:05.599,0.80741,0.80768,1.50,1.73
2012.09.30 22:35:05.749,0.8074,0.80766,1.35,1.50
2012.09.30 22:35:06.300,0.80739,0.80766,2.25,1.50
2012.09.30 22:35:08.749,0.80739,0.80765,1.20,1.50
2012.09.30 22:35:09.594,0.80741,0.80767,1.50,1.73
2012.09.30 22:35:11.200,0.8074,0.80767,1.28,1.73
2012.09.30 22:35:13.531,0.80739,0.80768,1.28,2.48
2012.09.30 22:35:15.070,0.80738,0.80767,1.28,2.48
2012.09.30 22:35:15.616,0.80737,0.80767,3.00,2.48
2012.09.30 22:35:18.745,0.80737,0.80765,2.85,1.50
2012.09.30 22:35:20.229,0.80737,0.80765,1.35,1.50
2012.09.30 22:35:20.559,0.80739,0.80765,3.98,1.50
2012.09.30 22:35:22.670,0.80743,0.8077,1.35,2.48
2012.09.30 22:35:22.741,0.80743,0.8077,1.35,1.73
2012.09.30 22:35:23.289,0.80743,0.8077,1.35,1.50
2012.09.30 22:35:23.410,0.80741,0.8077,1.20,2.48
2012.09.30 22:35:23.481,0.80741,0.8077,1.20,3.23
2012.09.30 22:35:23.729,0.8074,0.80763,1.28,2.25
2012.09.30 22:35:23.982,0.80739,0.80759,1.28,2.48
2012.09.30 22:35:28.080,0.80732,0.80759,1.95,2.48
2012.09.30 22:35:29.799,0.80736,0.80761,1.50,1.73
2012.09.30 22:35:29.859,0.80738,0.80762,1.50,1.50
2012.09.30 22:35:29.929,0.80738,0.80762,1.50,1.50
2012.09.30 22:35:30.290,0.80739,0.80767,1.28,3.23
2012.09.30 22:35:30.798,0.80738,0.80767,1.50,2.48
2012.09.30 22:35:31.596,0.80738,0.80767,1.50,2.48
2012.09.30 22:35:31.926,0.8074,0.80767,1.20,2.48
2012.09.30 22:35:35.370,0.80744,0.8077,1.50,3.23
2012.09.30 22:35:35.954,0.80746,0.8077,1.50,2.48
2012.09.30 22:35:36.200,0.80746,0.80774,3.45,1.50
2012.09.30 22:35:36.570,0.80745,0.80771,1.20,3.00
2012.09.30 22:35:36.639,0.80742,0.80771,1.50,3.23
2012.09.30 22:35:37.159,0.80742,0.80769,1.50,2.48
2012.09.30 22:35:44.941,0.80741,0.80763,1.50,1.50
2012.09.30 22:35:45.210,0.80738,0.80761,1.28,1.73
2012.09.30 22:35:54.179,0.80732,0.80757,2.10,1.50
2012.09.30 22:35:54.541,0.80731,0.80756,2.25,3.23
2012.09.30 22:35:54.611,0.80731,0.80756,2.25,2.48
2012.09.30 22:35:54.869,0.80731,0.80755,2.25,1.73
2012.09.30 22:35:54.948,0.80731,0.80751,2.25,1.50
2012.09.30 22:35:58.221,0.80728,0.80754,1.50,1.73
2012.09.30 22:35:58.300,0.80728,0.80754,1.50,1.73
2012.09.30 22:35:58.371,0.80728,0.80756,2.25,1.50
2012.09.30 22:35:58.680,0.80728,0.80757,4.50,2.48
2012.09.30 22:35:58.991,0.8073,0.80757,2.25,1.50
2012.09.30 22:35:59.060,0.80736,0.80758,1.50,1.50
2012.09.30 22:35:59.130,0.80736,0.80761,1.50,1.73
2012.09.30 22:35:59.319,0.80736,0.8076,1.50,2.48
2012.09.30 22:35:59.381,0.80733,0.80759,3.00,1.73
2012.09.30 22:35:59.690,0.80731,0.80756,1.20,1.73
2012.09.30 22:35:59.760,0.80731,0.80756,1.20,3.23
2012.09.30 22:35:59.832,0.80731,0.80756,2.70,3.23
2012.09.30 22:36:01.569,0.80729,0.80756,3.00,2.48
2012.09.30 22:36:02.599,0.80729,0.80754,1.50,1.73
2012.09.30 22:36:02.778,0.80727,0.80751,1.20,1.73
2012.09.30 22:36:08.210,0.80724,0.80749,3.60,1.73
2012.09.30 22:36:08.420,0.80724,0.80749,3.00,1.73
2012.09.30 22:36:08.789,0.80724,0.80747,2.25,1.73
2012.09.30 22:36:12.282,0.80721,0.80747,1.50,2.25
2012.09.30 22:36:12.351,0.80722,0.80747,1.28,2.25
2012.09.30 22:36:12.422,0.80722,0.80749,1.28,1.73
2012.09.30 22:36:12.729,0.80721,0.80747,1.50,1.73
2012.09.30 22:36:12.910,0.80721,0.80741,1.50,1.73
2012.09.30 22:36:12.980,0.80722,0.80749,2.25,1.73
2012.09.30 22:36:13.291,0.80722,0.8075,2.25,3.98
2012.09.30 22:36:13.600,0.80722,0.80741,2.25,1.73
2012.09.30 22:36:13.729,0.80721,0.8075,1.50,2.48
2012.09.30 22:36:13.850,0.80722,0.8075,2.25,2.48
2012.09.30 22:36:13.979,0.80722,0.8075,2.25,2.48
2012.09.30 22:36:14.291,0.80722,0.80742,1.35,1.73
2012.09.30 22:36:14.799,0.80722,0.80748,1.28,1.73
2012.09.30 22:36:14.919,0.80722,0.80749,2.78,1.73
2012.09.30 22:36:15.051,0.80724,0.80749,1.20,1.73
2012.09.30 22:36:22.291,0.80723,0.80739,1.20,1.50
2012.09.30 22:36:22.363,0.80723,0.80739,1.50,1.50
2012.09.30 22:36:22.560,0.80716,0.80736,2.10,1.50
2012.09.30 22:36:22.749,0.80716,0.80736,1.35,1.73
2012.09.30 22:36:28.000,0.80712,0.80738,1.50,1.73
2012.09.30 22:36:28.070,0.80712,0.80738,1.50,1.73
2012.09.30 22:36:28.589,0.80712,0.80735,3.60,1.50
2012.09.30 22:36:35.840,0.80714,0.80736,2.25,1.50
2012.09.30 22:36:36.290,0.80712,0.80736,2.10,1.50
2012.09.30 22:36:40.541,0.80712,0.80734,1.50,1.50
2012.09.30 22:36:40.670,0.80712,0.80733,1.50,2.25
2012.09.30 22:36:41.001,0.80705,0.80731,1.35,1.73
2012.09.30 22:36:41.133,0.80705,0.80731,1.35,2.48
2012.09.30 22:36:41.442,0.80698,0.80726,2.03,1.50
2012.09.30 22:36:41.570,0.80698,0.80726,2.03,1.50
2012.09.30 22:36:41.759,0.80699,0.80727,2.25,1.73
2012.09.30 22:36:41.882,0.80699,0.80726,1.50,1.50
2012.09.30 22:36:48.710,0.80699,0.80723,2.25,1.50
2012.09.30 22:36:49.093,0.80696,0.80722,1.50,3.00
2012.09.30 22:36:49.650,0.80696,0.80721,1.50,1.50
2012.09.30 22:36:49.899,0.80696,0.80721,1.50,1.50
2012.09.30 22:36:52.859,0.80696,0.80721,3.00,1.50
2012.09.30 22:36:53.189,0.80696,0.80722,3.00,2.25
2012.09.30 22:36:53.802,0.80699,0.80723,2.25,1.50
2012.09.30 22:36:57.270,0.80697,0.80722,2.25,1.50
2012.09.30 22:36:57.910,0.80696,0.80721,1.50,1.50
2012.09.30 22:36:58.050,0.80696,0.80721,1.50,1.50
2012.09.30 22:37:00.530,0.80697,0.80721,2.25,1.50
2012.09.30 22:37:01.099,0.80696,0.80723,3.75,2.25
2012.09.30 22:37:04.325,0.80696,0.80722,3.75,2.25
2012.09.30 22:37:07.104,0.80696,0.80722,3.75,1.50
2012.09.30 22:37:14.450,0.80698,0.80724,2.25,2.25
2012.09.30 22:37:14.639,0.80698,0.80723,2.25,2.25
2012.09.30 22:37:31.170,0.80697,0.80721,2.25,1.50
2012.09.30 22:37:31.619,0.80693,0.80721,2.25,2.25
2012.09.30 22:37:31.749,0.80691,0.80721,3.00,3.75
2012.09.30 22:37:32.633,0.80692,0.80719,2.25,1.50
2012.09.30 22:37:33.172,0.80692,0.8072,1.50,1.50
2012.09.30 22:37:35.991,0.80687,0.80717,3.60,1.50
2012.09.30 22:37:36.310,0.80686,0.80714,3.00,1.73
2012.09.30 22:37:36.379,0.80686,0.80714,3.00,1.73
2012.09.30 22:37:36.749,0.80686,0.80714,3.00,1.73
2012.09.30 22:37:37.282,0.80686,0.80714,3.00,1.73
2012.09.30 22:37:39.560,0.80691,0.80715,1.50,3.23
2012.09.30 22:37:39.943,0.80693,0.80718,2.25,3.23
2012.09.30 22:37:40.781,0.80694,0.80719,1.50,1.73
2012.09.30 22:37:41.480,0.80694,0.8072,1.50,1.50
2012.09.30 22:37:43.820,0.80694,0.80717,1.50,1.50
2012.09.30 22:37:44.693,0.80694,0.80717,1.50,1.50
2012.09.30 22:37:47.226,0.80696,0.80719,2.25,1.73
2012.09.30 22:37:47.292,0.80696,0.8072,2.25,1.50
2012.09.30 22:37:47.363,0.80698,0.8072,2.25,1.50
2012.09.30 22:37:47.691,0.807,0.80724,2.25,1.73
2012.09.30 22:38:12.390,0.80698,0.80722,2.25,1.50
2012.09.30 22:38:12.890,0.80695,0.80722,1.35,1.50
2012.09.30 22:38:13.321,0.80694,0.80722,4.28,1.73
2012.09.30 22:38:13.977,0.80694,0.80721,4.28,1.50
2012.09.30 22:38:14.220,0.80694,0.80721,3.75,2.25
2012.09.30 22:38:17.859,0.80696,0.80724,2.25,3.23
2012.09.30 22:38:17.919,0.80696,0.80724,2.25,2.48
2012.09.30 22:38:27.361,0.80698,0.80724,2.25,1.50
2012.09.30 22:38:32.440,0.80697,0.80723,2.25,1.50
2012.09.30 22:38:32.679,0.80696,0.80723,1.50,1.50
2012.09.30 22:38:32.798,0.80696,0.80723,1.50,1.50
2012.09.30 22:38:33.012,0.80696,0.80723,1.50,1.50
2012.09.30 22:38:55.940,0.80696,0.80723,3.00,1.50
2012.09.30 22:38:56.500,0.80696,0.80723,3.00,1.50
2012.09.30 22:39:01.789,0.807,0.80724,2.25,1.50
2012.09.30 22:39:04.319,0.807,0.80725,2.25,1.50
2012.09.30 22:39:04.830,0.80703,0.80726,2.25,1.50
2012.09.30 22:39:04.899,0.80703,0.80726,2.25,1.50
2012.09.30 22:39:07.171,0.80703,0.80729,3.00,1.73
2012.09.30 22:39:07.980,0.80704,0.80731,1.50,1.73
2012.09.30 22:39:08.053,0.80704,0.80731,1.50,1.73
2012.09.30 22:39:08.121,0.80707,0.80731,2.25,1.73
2012.09.30 22:39:08.662,0.80709,0.80731,2.25,1.73
2012.09.30 22:39:11.932,0.80707,0.80731,3.75,1.73
2012.09.30 22:39:32.931,0.80706,0.80732,2.25,1.73
2012.09.30 22:39:33.251,0.80701,0.80729,2.25,2.48
2012.09.30 22:39:33.381,0.80699,0.80725,1.50,1.73
2012.09.30 22:39:35.613,0.80701,0.80724,3.60,1.73
2012.09.30 22:39:35.870,0.80702,0.80728,2.25,1.73
2012.09.30 22:39:36.060,0.80705,0.80728,2.25,1.73
2012.09.30 22:39:38.123,0.80705,0.80726,2.25,1.73
2012.09.30 22:39:38.670,0.80698,0.80724,2.25,1.73
2012.09.30 22:39:46.940,0.80697,0.80725,3.45,1.73
2012.09.30 22:39:47.480,0.80699,0.80727,1.35,2.48
2012.09.30 22:39:47.930,0.80701,0.80727,2.25,2.48
2012.09.30 22:39:48.300,0.80702,0.80727,2.25,1.50
2012.09.30 22:39:53.380,0.80704,0.80727,2.25,1.73
2012.09.30 22:39:53.750,0.80703,0.80727,2.25,1.50
2012.09.30 22:39:54.090,0.80703,0.80728,2.25,1.50
2012.09.30 22:39:57.930,0.80704,0.8073,2.25,1.50
2012.09.30 22:39:58.230,0.80708,0.80732,1.50,1.50
2012.09.30 22:39:58.590,0.8071,0.80734,2.25,1.50
2012.09.30 22:39:58.650,0.8071,0.80734,2.25,1.50
2012.09.30 22:39:58.890,0.8071,0.80734,2.25,1.50
2012.09.30 22:39:59.210,0.80711,0.80735,1.50,1.73
2012.09.30 22:39:59.794,0.80711,0.80737,1.50,2.48
2012.09.30 22:40:03.239,0.8071,0.80735,4.05,1.73
2012.09.30 22:40:03.600,0.8071,0.8073,3.53,1.73
2012.09.30 22:40:03.670,0.8071,0.8073,2.25,1.73
2012.09.30 22:40:03.800,0.80706,0.80731,2.25,1.50
2012.09.30 22:40:04.251,0.8071,0.80733,2.25,1.73
2012.09.30 22:40:04.319,0.8071,0.80735,2.25,1.73
2012.09.30 22:40:04.380,0.8071,0.80736,2.25,1.73
2012.09.30 22:40:04.851,0.8071,0.80736,2.25,1.73
2012.09.30 22:40:05.179,0.80712,0.80736,1.20,2.48
2012.09.30 22:40:05.369,0.80712,0.80736,1.20,1.73
2012.09.30 22:40:08.390,0.80715,0.80739,1.50,2.48
2012.09.30 22:40:08.520,0.80715,0.80739,1.50,1.50
2012.09.30 22:40:08.580,0.80717,0.80742,2.25,1.73
2012.09.30 22:40:08.651,0.80717,0.80742,2.25,1.50
2012.09.30 22:40:09.181,0.80717,0.80742,2.25,1.50
2012.09.30 22:40:12.000,0.80717,0.80739,2.25,1.50
2012.09.30 22:40:12.179,0.80714,0.80739,2.70,1.73
2012.09.30 22:40:19.189,0.80716,0.80741,1.50,1.73
2012.09.30 22:40:19.311,0.80717,0.80743,2.25,2.48
2012.09.30 22:40:19.440,0.80717,0.80743,2.25,2.48
2012.09.30 22:40:19.963,0.80717,0.80743,2.25,2.48
2012.09.30 22:40:22.261,0.80717,0.80743,2.25,2.48
2012.09.30 22:40:22.630,0.80717,0.80743,2.25,1.50
2012.09.30 22:40:23.252,0.80718,0.80743,2.25,1.50
2012.09.30 22:40:30.140,0.80717,0.80743,2.25,1.50
2012.09.30 22:40:36.860,0.80717,0.80743,2.25,1.50
2012.09.30 22:40:36.991,0.80717,0.8074,2.25,1.50
2012.09.30 22:40:37.309,0.80713,0.8074,1.95,1.73
2012.09.30 22:40:37.490,0.80716,0.80742,1.50,1.73
2012.09.30 22:40:37.670,0.80716,0.80742,3.08,1.73
2012.09.30 22:40:37.855,0.80716,0.80742,1.50,1.73
2012.09.30 22:40:40.670,0.80712,0.80738,2.25,2.25
2012.09.30 22:40:40.930,0.80711,0.80738,1.50,2.25
2012.09.30 22:40:41.120,0.80711,0.80738,1.88,2.25
2012.09.30 22:40:41.369,0.8071,0.80738,1.20,2.25
2012.09.30 22:40:43.199,0.80709,0.80738,3.45,2.48
2012.09.30 22:40:43.559,0.80709,0.80737,2.25,1.73
2012.09.30 22:40:44.089,0.80709,0.80737,2.25,1.73
2012.09.30 22:40:45.581,0.80712,0.80737,1.50,1.50
2012.09.30 22:40:45.830,0.80711,0.80737,2.25,2.25
2012.09.30 22:40:48.460,0.80707,0.80736,2.85,1.73
2012.09.30 22:40:48.820,0.80706,0.80732,3.75,1.73
2012.09.30 22:40:53.613,0.80706,0.80732,5.03,1.73
2012.09.30 22:40:53.680,0.80708,0.80735,1.50,1.73
2012.09.30 22:40:53.860,0.8071,0.80737,2.25,3.23
2012.09.30 22:40:54.361,0.8071,0.80737,2.25,3.23
2012.09.30 22:40:56.914,0.8071,0.80737,2.25,2.48
2012.09.30 22:41:14.119,0.8071,0.80737,2.25,2.48
2012.09.30 22:41:14.342,0.8071,0.80736,2.25,1.73
2012.09.30 22:41:14.469,0.8071,0.80737,2.25,2.48
2012.09.30 22:41:18.661,0.80711,0.80737,1.28,1.73
2012.09.30 22:41:26.256,0.80715,0.80739,2.25,2.48
2012.09.30 22:41:26.891,0.80715,0.80739,2.25,1.73
2012.09.30 22:41:37.940,0.80715,0.80742,2.25,1.73
2012.09.30 22:41:38.001,0.80717,0.80742,2.25,1.73
2012.09.30 22:41:38.319,0.80717,0.80742,2.70,1.50
2012.09.30 22:41:41.290,0.80718,0.80742,2.40,1.50
2012.09.30 22:41:55.961,0.80719,0.80745,2.63,1.73
2012.09.30 22:41:56.159,0.80718,0.80745,1.28,1.73
2012.09.30 22:41:56.990,0.80719,0.80745,1.20,1.73
2012.09.30 22:41:57.645,0.80719,0.80744,1.20,1.73
2012.09.30 22:42:00.669,0.80722,0.80744,1.20,1.73
2012.09.30 22:42:01.161,0.80722,0.80746,1.20,1.50
2012.09.30 22:42:01.291,0.80723,0.8075,3.00,1.73
2012.09.30 22:42:01.600,0.80727,0.8075,1.28,1.50
2012.09.30 22:42:01.662,0.80727,0.80753,1.28,1.73
2012.09.30 22:42:01.851,0.80726,0.80753,2.18,1.73
2012.09.30 22:42:02.369,0.80726,0.80753,1.35,1.73
2012.09.30 22:42:03.229,0.80725,0.80751,2.78,1.73
2012.09.30 22:42:07.420,0.80726,0.80751,1.28,1.73
2012.09.30 22:42:07.539,0.80726,0.80751,1.28,1.50
2012.09.30 22:42:09.932,0.80727,0.80751,2.25,1.50
2012.09.30 22:42:11.179,0.80728,0.80752,1.20,1.73
2012.09.30 22:42:11.483,0.80729,0.80753,1.28,2.48
2012.09.30 22:42:11.850,0.8073,0.80756,3.00,1.50
2012.09.30 22:42:11.969,0.8073,0.80756,3.00,1.50
2012.09.30 22:42:22.992,0.80729,0.80757,3.00,1.73
2012.09.30 22:42:23.709,0.80729,0.80756,1.50,1.73
2012.09.30 22:42:27.719,0.80729,0.80757,1.50,2.48
2012.09.30 22:42:35.430,0.80731,0.80757,3.00,1.50
2012.09.30 22:42:35.551,0.80731,0.80757,3.00,1.50
2012.09.30 22:42:35.870,0.80731,0.80757,3.00,1.50
2012.09.30 22:42:43.860,0.80731,0.80757,3.00,1.50
2012.09.30 22:42:44.153,0.80731,0.80757,3.00,1.50
2012.09.30 22:42:44.500,0.80732,0.80757,3.23,1.50
2012.09.30 22:42:45.560,0.80732,0.80757,2.10,1.50
2012.09.30 22:42:48.398,0.80734,0.80757,1.35,1.50
2012.09.30 22:42:48.931,0.80732,0.80757,2.03,1.50
2012.09.30 22:42:50.500,0.80732,0.80757,4.05,1.50
2012.09.30 22:42:57.343,0.80732,0.80757,1.50,1.50
2012.09.30 22:43:08.493,0.80735,0.80754,2.25,1.50
2012.09.30 22:43:08.800,0.80735,0.80749,1.50,1.73
2012.09.30 22:43:08.921,0.80735,0.80752,1.50,2.48
2012.09.30 22:43:09.050,0.80727,0.80751,1.50,1.73
2012.09.30 22:43:09.181,0.80726,0.8075,1.35,1.73
2012.09.30 22:43:09.369,0.80725,0.8075,1.20,2.48
2012.09.30 22:43:14.113,0.80725,0.8075,1.20,3.23
2012.09.30 22:43:15.150,0.80722,0.8075,3.45,2.48
2012.09.30 22:43:16.111,0.8073,0.80751,2.25,1.50
2012.09.30 22:43:16.479,0.8073,0.80754,2.25,1.73
2012.09.30 22:43:16.720,0.8073,0.80756,2.25,1.73
2012.09.30 22:43:16.790,0.8073,0.80755,2.25,1.73
2012.09.30 22:43:17.099,0.80727,0.80752,2.25,1.73
2012.09.30 22:43:28.540,0.80727,0.80752,1.95,3.75
2012.09.30 22:43:34.496,0.80727,0.80751,1.95,1.50
2012.09.30 22:43:34.560,0.80727,0.80752,1.20,2.25
2012.09.30 22:43:34.619,0.80727,0.80752,1.20,2.25
2012.09.30 22:43:38.204,0.80728,0.80752,1.28,3.00
2012.09.30 22:43:39.892,0.80726,0.80751,3.53,1.50
2012.09.30 22:43:40.200,0.80726,0.80751,3.00,1.50
2012.09.30 22:43:40.581,0.80728,0.80754,1.50,1.50
2012.09.30 22:43:40.723,0.80728,0.80755,1.50,1.50
2012.09.30 22:43:40.912,0.80728,0.80757,1.50,3.75
2012.09.30 22:43:41.102,0.80733,0.80757,1.50,3.00
2012.09.30 22:43:41.172,0.80733,0.80755,3.00,1.50
2012.09.30 22:43:41.242,0.80734,0.80757,2.25,1.50
2012.09.30 22:43:41.312,0.80733,0.80755,3.00,1.50
2012.09.30 22:43:50.281,0.80734,0.80757,2.25,2.25
2012.09.30 22:43:50.522,0.80734,0.80758,3.00,1.50
2012.09.30 22:43:50.597,0.80734,0.80758,3.00,2.25
2012.09.30 22:43:51.641,0.80738,0.80758,1.50,1.50
2012.09.30 22:43:52.450,0.80735,0.80758,2.25,1.50
2012.09.30 22:43:52.690,0.80738,0.80758,1.50,1.50
2012.09.30 22:43:54.080,0.80736,0.80758,1.50,3.00
2012.09.30 22:44:14.323,0.80736,0.80758,2.25,2.25
2012.09.30 22:44:26.903,0.80736,0.80758,2.25,2.25
2012.09.30 22:44:33.672,0.80737,0.80759,1.50,2.25
2012.09.30 22:44:33.931,0.8074,0.80759,1.50,2.25
2012.09.30 22:44:34.061,0.8074,0.80762,1.50,1.50
2012.09.30 22:44:35.061,0.80739,0.80762,1.50,3.00
2012.09.30 22:44:36.090,0.80738,0.80762,3.00,3.00
2012.09.30 22:44:42.823,0.80739,0.80762,1.50,1.50
2012.09.30 22:44:43.504,0.80742,0.80765,2.25,1.50
2012.09.30 22:44:49.242,0.80743,0.80766,2.25,2.25
2012.09.30 22:44:49.690,0.80744,0.80767,2.25,1.50
2012.09.30 22:44:50.423,0.80743,0.80765,3.75,1.50
2012.09.30 22:44:57.972,0.80743,0.80765,2.25,1.50
2012.09.30 22:44:59.031,0.80743,0.80765,2.25,1.50
2012.09.30 22:45:05.413,0.80745,0.80767,2.25,1.50
2012.09.30 22:45:05.802,0.80742,0.80765,2.25,1.50
2012.09.30 22:45:09.792,0.80741,0.80765,3.00,2.25
2012.09.30 22:45:09.981,0.80741,0.80765,3.00,1.50
2012.09.30 22:45:10.042,0.80741,0.80762,1.50,1.50
2012.09.30 22:45:12.501,0.80739,0.80762,2.25,1.50
2012.09.30 22:45:12.870,0.80737,0.80761,3.68,2.25
2012.09.30 22:45:13.450,0.80739,0.80762,2.25,1.50
2012.09.30 22:45:15.352,0.80737,0.8076,1.20,3.00
2012.09.30 22:45:16.471,0.80735,0.80757,2.48,2.25
2012.09.30 22:45:16.722,0.80733,0.80755,2.85,2.25
2012.09.30 22:45:21.172,0.80733,0.80755,2.25,1.50
2012.09.30 22:45:21.240,0.80735,0.80757,2.25,1.50
2012.09.30 22:45:21.762,0.80735,0.80754,2.48,1.13
2012.09.30 22:45:22.103,0.8073,0.8075,1.95,1.50
2012.09.30 22:45:22.177,0.80732,0.80756,2.25,2.25
2012.09.30 22:45:22.246,0.80732,0.80756,2.25,2.25
2012.09.30 22:45:22.534,0.80732,0.80756,2.25,1.50
2012.09.30 22:45:22.612,0.80732,0.80756,2.25,1.50
2012.09.30 22:45:23.105,0.80732,0.80756,2.78,1.50
2012.09.30 22:45:24.262,0.80732,0.80756,2.25,1.50
2012.09.30 22:45:26.351,0.80735,0.80756,1.28,1.50
2012.09.30 22:45:26.463,0.80735,0.80756,1.28,1.50
2012.09.30 22:45:27.891,0.80733,0.80756,2.48,1.50
2012.09.30 22:45:27.961,0.80735,0.80759,2.85,3.00
2012.09.30 22:45:28.091,0.80735,0.80759,2.48,3.00
2012.09.30 22:45:28.390,0.80735,0.80759,2.48,1.50
2012.09.30 22:45:29.765,0.80739,0.80761,2.25,3.75
2012.09.30 22:45:30.611,0.80739,0.80761,3.00,1.50
2012.09.30 22:45:30.873,0.80745,0.80764,2.25,2.25
2012.09.30 22:45:31.121,0.80745,0.80765,2.25,1.50
2012.09.30 22:45:32.471,0.8074,0.80762,2.25,1.50
2012.09.30 22:45:33.073,0.8074,0.80762,2.25,1.50
2012.09.30 22:45:36.934,0.80737,0.80759,4.50,1.50
2012.09.30 22:45:37.781,0.8074,0.80762,2.25,1.50
2012.09.30 22:45:38.971,0.80736,0.80758,5.03,2.25
2012.09.30 22:45:39.031,0.80736,0.80758,3.00,2.25
2012.09.30 22:45:39.220,0.80736,0.80757,1.50,1.50
2012.09.30 22:45:39.539,0.80733,0.80757,2.48,1.50
2012.09.30 22:45:40.391,0.80735,0.80759,2.48,2.25
2012.09.30 22:45:43.763,0.80735,0.80758,2.48,1.50
2012.09.30 22:45:44.102,0.80735,0.80758,3.23,1.50
2012.09.30 22:45:44.352,0.80735,0.80759,3.83,2.25
2012.09.30 22:45:47.081,0.80735,0.80756,1.73,1.50
2012.09.30 22:45:47.141,0.80735,0.80756,1.73,1.50
2012.09.30 22:45:47.401,0.80735,0.80759,3.83,2.25
2012.09.30 22:45:47.461,0.80735,0.80759,3.83,2.25
2012.09.30 22:45:48.721,0.80735,0.80757,3.08,1.50
2012.09.30 22:45:48.791,0.80735,0.80757,3.08,1.50
2012.09.30 22:45:48.863,0.80732,0.80755,1.43,1.50
2012.09.30 22:45:49.110,0.8073,0.80752,2.25,1.50
2012.09.30 22:45:49.351,0.8073,0.80752,2.25,3.75
2012.09.30 22:45:49.591,0.80728,0.80748,1.50,1.50
2012.09.30 22:45:50.163,0.80726,0.80748,2.25,1.50
2012.09.30 22:45:51.310,0.80726,0.80748,2.25,1.50
2012.09.30 22:45:53.322,0.8073,0.80752,1.50,3.00
2012.09.30 22:45:53.630,0.80731,0.80752,2.48,2.25
2012.09.30 22:45:53.811,0.80731,0.80755,2.48,2.25
2012.09.30 22:45:53.873,0.80731,0.80755,2.48,1.50
2012.09.30 22:45:54.181,0.80731,0.80755,2.48,1.50
2012.09.30 22:45:58.711,0.80733,0.80756,2.25,2.25
2012.09.30 22:45:59.051,0.80732,0.80754,2.48,1.50
2012.09.30 22:46:01.252,0.80732,0.80754,3.08,2.25
2012.09.30 22:46:01.763,0.80732,0.80752,1.35,1.50
2012.09.30 22:46:57.571,0.80732,0.80752,1.35,1.50
2012.09.30 22:46:57.960,0.80733,0.80755,2.25,1.50
2012.09.30 22:47:00.605,0.80734,0.80754,2.25,1.50
2012.09.30 22:47:01.111,0.80732,0.80754,3.00,2.25
2012.09.30 22:47:07.032,0.80734,0.80756,2.25,1.50
2012.09.30 22:47:15.931,0.8073,0.80751,2.03,2.25
2012.09.30 22:47:15.998,0.80729,0.80751,2.85,2.25
2012.09.30 22:47:16.512,0.80729,0.80751,2.25,3.00
2012.09.30 22:47:20.144,0.80729,0.80751,3.00,3.00
2012.09.30 22:47:27.322,0.80729,0.80751,3.00,3.00
2012.09.30 22:47:30.543,0.80727,0.80749,1.28,1.50
2012.09.30 22:47:37.462,0.80725,0.80749,2.25,1.50
2012.09.30 22:47:38.013,0.80725,0.80749,2.25,1.50
2012.09.30 22:47:38.461,0.80725,0.80749,2.25,2.25
2012.09.30 22:47:40.683,0.80723,0.80747,3.00,3.00
2012.09.30 22:47:40.812,0.80723,0.80747,3.98,2.25
2012.09.30 22:47:41.441,0.80725,0.80749,2.48,3.00
2012.09.30 22:48:19.381,0.80725,0.80749,2.48,3.00
2012.09.30 22:48:19.741,0.80724,0.80746,2.48,2.25
2012.09.30 22:48:21.410,0.80726,0.80749,1.50,2.25
2012.09.30 22:48:22.150,0.80726,0.80749,1.50,2.25
2012.09.30 22:48:25.843,0.80727,0.80749,1.35,2.25
2012.09.30 22:48:27.161,0.80726,0.80749,1.95,2.25
2012.09.30 22:48:40.252,0.80732,0.80752,3.00,1.50
2012.09.30 22:48:40.381,0.80732,0.80754,3.00,2.25
2012.09.30 22:48:40.621,0.80735,0.80757,2.25,2.25
2012.09.30 22:48:41.063,0.80735,0.80757,2.25,2.25
2012.09.30 22:48:50.711,0.80738,0.80756,2.25,2.25
2012.09.30 22:48:51.080,0.80742,0.80757,1.73,2.25
2012.09.30 22:48:51.342,0.80744,0.80762,3.00,2.25
2012.09.30 22:48:51.411,0.80744,0.80765,3.00,2.25
2012.09.30 22:48:52.400,0.80744,0.80765,3.00,1.50
2012.09.30 22:48:53.750,0.80742,0.80763,3.00,1.50
2012.09.30 22:48:54.270,0.80743,0.80764,2.25,1.50
2012.09.30 22:48:57.415,0.80744,0.80766,2.25,2.48
2012.09.30 22:48:58.241,0.80743,0.80764,2.25,1.50
2012.09.30 22:48:59.890,0.80744,0.80766,2.25,3.23
2012.09.30 22:49:00.532,0.80743,0.80764,2.25,1.50
2012.09.30 22:49:06.370,0.80743,0.80767,2.25,5.48
2012.09.30 22:49:10.461,0.80745,0.80767,1.50,3.98
2012.09.30 22:49:18.392,0.80746,0.80769,1.50,2.48
2012.09.30 22:49:18.461,0.80748,0.80769,1.50,2.48
2012.09.30 22:49:18.641,0.80751,0.80769,1.20,2.48
2012.09.30 22:49:18.701,0.80752,0.80769,1.20,1.73
2012.09.30 22:49:19.062,0.80753,0.80775,2.25,3.23
2012.09.30 22:49:19.160,0.80753,0.80775,2.25,3.23
2012.09.30 22:49:20.550,0.80753,0.80775,2.25,3.23
2012.09.30 22:49:24.616,0.80748,0.80768,2.10,1.73
2012.09.30 22:49:24.681,0.80748,0.80768,1.50,1.73
2012.09.30 22:49:25.811,0.80748,0.80768,1.50,2.48
2012.09.30 22:49:30.324,0.80751,0.80771,1.50,1.73
2012.09.30 22:49:30.393,0.80751,0.80771,1.50,1.50
2012.09.30 22:49:30.582,0.80752,0.80772,3.38,2.25
2012.09.30 22:49:42.370,0.80754,0.80776,2.10,2.48
2012.09.30 22:49:43.831,0.80753,0.80776,1.28,2.48
2012.09.30 22:49:45.124,0.80757,0.80776,1.50,2.25
2012.09.30 22:49:45.431,0.80757,0.80776,1.50,2.25
2012.09.30 22:49:45.771,0.80757,0.80776,1.50,2.25
2012.09.30 22:49:46.292,0.80757,0.8078,1.50,2.25
2012.09.30 22:49:47.530,0.80758,0.8078,2.25,2.25
2012.09.30 22:49:48.781,0.80758,0.80779,1.50,1.50
2012.09.30 22:49:49.989,0.80758,0.80779,1.50,1.50
2012.09.30 22:49:56.131,0.80759,0.80781,2.25,3.23
2012.09.30 22:50:01.270,0.80757,0.80779,3.00,1.50
2012.09.30 22:50:03.231,0.80758,0.8078,2.25,2.25
2012.09.30 22:50:17.903,0.80759,0.80782,2.48,1.50
2012.09.30 22:50:18.151,0.80759,0.80783,2.78,1.50
2012.09.30 22:50:18.211,0.80759,0.80783,2.78,1.50
2012.09.30 22:50:37.452,0.8076,0.80783,2.48,1.50
2012.09.30 22:50:42.380,0.80761,0.80785,2.25,3.23
2012.09.30 22:50:43.051,0.80761,0.80785,2.25,3.23
2012.09.30 22:50:52.510,0.8076,0.80783,1.73,1.50
2012.09.30 22:50:55.552,0.80761,0.80784,2.25,2.48
2012.09.30 22:50:57.722,0.8076,0.80782,5.33,1.50
2012.09.30 22:50:59.711,0.8076,0.80782,3.83,1.88
2012.09.30 22:51:00.356,0.8076,0.80781,2.25,2.10
2012.09.30 22:51:03.504,0.80758,0.80779,1.50,1.50
2012.09.30 22:51:05.171,0.80758,0.80781,3.00,2.10
2012.09.30 22:51:07.961,0.80758,0.80781,3.00,1.73
2012.09.30 22:51:39.431,0.80761,0.80783,2.25,2.48
2012.09.30 22:51:47.430,0.80759,0.80781,2.25,3.23
2012.09.30 22:52:01.672,0.80759,0.80781,2.25,3.23
2012.09.30 22:52:02.061,0.80759,0.80781,2.25,3.23
2012.09.30 22:52:02.182,0.80759,0.8078,2.25,2.48
2012.09.30 22:52:11.311,0.80757,0.80779,2.25,2.48
2012.09.30 22:52:11.673,0.8076,0.80782,3.00,2.25
2012.09.30 22:52:11.801,0.8076,0.80782,3.00,2.25
2012.09.30 22:52:16.311,0.8076,0.80782,5.03,2.25
2012.09.30 22:52:16.832,0.80762,0.80782,1.35,1.50
2012.09.30 22:52:18.742,0.80763,0.80785,2.25,2.48
2012.09.30 22:52:36.951,0.80765,0.80787,2.25,2.48
2012.09.30 22:52:37.011,0.80765,0.80787,2.25,2.48
2012.09.30 22:52:37.192,0.80763,0.80785,2.25,1.73
2012.09.30 22:53:02.471,0.80767,0.80789,2.25,2.48
2012.09.30 22:53:03.841,0.80767,0.80789,2.25,2.48
2012.09.30 22:53:13.491,0.80767,0.80789,2.25,2.48
2012.09.30 22:53:14.041,0.80767,0.80786,2.25,1.35
2012.09.30 22:53:14.101,0.80767,0.80786,2.25,1.35
2012.09.30 22:53:14.161,0.80765,0.80781,2.25,1.73
2012.09.30 22:53:14.222,0.80765,0.80781,2.25,1.50
2012.09.30 22:53:14.293,0.80765,0.80781,1.50,1.50
2012.09.30 22:53:14.362,0.80765,0.80784,1.50,1.73
2012.09.30 22:53:14.482,0.80768,0.80787,1.50,1.73
2012.09.30 22:53:14.551,0.80768,0.80792,2.48,3.00
2012.09.30 22:53:14.672,0.80768,0.80792,2.48,3.00
2012.09.30 22:53:14.732,0.80768,0.80792,2.48,2.25
2012.09.30 22:53:15.901,0.80769,0.8079,2.25,1.50
2012.09.30 22:53:16.221,0.80766,0.8079,4.88,1.73
2012.09.30 22:53:16.411,0.8077,0.80792,2.25,2.48
2012.09.30 22:53:17.991,0.8077,0.80792,2.25,2.48
2012.09.30 22:53:18.341,0.8077,0.80792,2.25,2.48
2012.09.30 22:53:21.803,0.8077,0.80792,2.25,3.23
2012.09.30 22:53:23.762,0.80768,0.8079,2.25,1.73
2012.09.30 22:53:28.538,0.80768,0.8079,2.25,1.73
2012.09.30 22:53:45.402,0.80765,0.80788,2.48,2.48
2012.09.30 22:53:45.472,0.80765,0.80788,2.25,2.48
2012.09.30 22:53:53.262,0.80765,0.80787,2.25,2.48
2012.09.30 22:53:53.394,0.80765,0.80786,2.25,1.73
2012.09.30 22:53:53.743,0.80765,0.80785,2.25,1.73
2012.09.30 22:53:54.152,0.80765,0.80785,2.25,1.73
2012.09.30 22:53:54.424,0.80762,0.80783,2.03,1.73
2012.09.30 22:53:54.641,0.80762,0.80783,2.03,2.48
2012.09.30 22:53:55.712,0.80762,0.80783,1.28,2.48
2012.09.30 22:53:55.784,0.80762,0.80783,1.28,2.48
2012.09.30 22:53:57.301,0.80762,0.80781,1.28,1.20
2012.09.30 22:53:57.424,0.80761,0.80778,1.28,2.85
2012.09.30 22:53:57.612,0.80761,0.80778,1.28,2.48
2012.09.30 22:53:58.310,0.80761,0.80778,1.28,1.73
2012.09.30 22:53:59.813,0.80762,0.8078,1.28,2.48
2012.09.30 22:54:03.511,0.8076,0.80781,1.28,3.23
2012.09.30 22:54:04.241,0.80758,0.80781,1.73,3.23
2012.09.30 22:54:06.653,0.80755,0.80779,3.23,2.25
2012.09.30 22:54:07.565,0.80754,0.80775,1.20,2.25
2012.09.30 22:54:07.703,0.80753,0.80775,2.48,3.00
2012.09.30 22:54:07.772,0.80753,0.80774,2.25,1.73
2012.09.30 22:54:08.204,0.80753,0.80768,1.50,1.73
2012.09.30 22:54:08.643,0.80749,0.80766,1.28,3.23
2012.09.30 22:54:08.892,0.80749,0.80764,1.28,2.25
2012.09.30 22:54:14.482,0.80741,0.80763,1.50,1.50
2012.09.30 22:54:14.552,0.80741,0.80763,1.50,1.50
2012.09.30 22:54:14.732,0.8074,0.80762,2.25,1.73
2012.09.30 22:54:14.983,0.80738,0.8076,2.25,2.85
2012.09.30 22:54:15.052,0.80738,0.80759,2.25,1.73
2012.09.30 22:54:15.353,0.80732,0.80755,1.50,1.73
2012.09.30 22:54:15.423,0.80732,0.80754,1.50,1.73
2012.09.30 22:54:15.732,0.80732,0.80749,1.50,1.50
2012.09.30 22:54:15.853,0.80732,0.80749,1.50,1.50
2012.09.30 22:54:15.922,0.80732,0.80749,1.50,1.73
2012.09.30 22:54:18.232,0.80729,0.8075,2.78,1.73
2012.09.30 22:54:18.744,0.80733,0.8075,2.25,1.73
2012.09.30 22:54:18.818,0.80733,0.80751,2.25,1.50
2012.09.30 22:54:18.884,0.80733,0.80751,2.25,1.50
2012.09.30 22:54:19.552,0.80734,0.80755,2.25,1.13
2012.09.30 22:54:21.071,0.80734,0.80755,2.25,1.35
2012.09.30 22:54:24.242,0.80732,0.80753,2.25,1.35
2012.09.30 22:54:24.302,0.80732,0.80751,2.25,1.13
2012.09.30 22:54:24.422,0.8073,0.8075,2.25,1.35
2012.09.30 22:54:24.493,0.8073,0.8075,2.25,1.35
2012.09.30 22:54:24.982,0.80729,0.80746,1.28,1.35
2012.09.30 22:54:26.025,0.8073,0.80746,2.25,1.35
2012.09.30 22:54:26.562,0.80728,0.80746,1.28,1.35
2012.09.30 22:54:28.122,0.80728,0.80746,1.28,1.35
2012.09.30 22:54:28.632,0.80728,0.8074,1.28,1.50
2012.09.30 22:54:30.112,0.80721,0.8074,1.35,2.25
2012.09.30 22:54:30.362,0.8072,0.80739,1.50,1.50
2012.09.30 22:54:30.874,0.8072,0.80742,1.50,2.10
2012.09.30 22:54:31.162,0.8072,0.8074,1.50,1.13
2012.09.30 22:54:31.711,0.80716,0.80738,3.45,1.35
2012.09.30 22:54:33.771,0.80716,0.80738,3.00,1.35
2012.09.30 22:54:40.652,0.80718,0.80741,1.50,2.48
2012.09.30 22:54:40.963,0.80718,0.80738,1.50,1.13
2012.09.30 22:54:41.392,0.80715,0.80738,1.80,1.13
2012.09.30 22:54:41.898,0.80715,0.80738,1.58,1.13
2012.09.30 22:54:44.317,0.80713,0.80738,4.50,1.35
2012.09.30 22:54:44.843,0.80713,0.80738,3.00,1.35
2012.09.30 22:54:45.041,0.80713,0.80738,3.00,1.35
2012.09.30 22:54:45.431,0.80713,0.80739,3.00,1.35
2012.09.30 22:54:48.772,0.80712,0.80741,3.75,3.23
2012.09.30 22:55:04.034,0.80712,0.80737,2.48,1.13
2012.09.30 22:55:09.151,0.80715,0.8074,1.28,1.13
2012.09.30 22:55:09.511,0.80716,0.8074,2.48,1.13
2012.09.30 22:55:09.573,0.80716,0.8074,2.48,1.13
2012.09.30 22:55:13.549,0.80716,0.80738,2.48,1.50
2012.09.30 22:55:14.078,0.80716,0.80738,2.25,1.73
2012.09.30 22:55:27.058,0.80717,0.80738,2.25,1.73
2012.09.30 22:55:32.782,0.80721,0.80744,2.48,2.25
2012.09.30 22:55:32.858,0.80721,0.80744,2.48,2.25
2012.09.30 22:55:33.363,0.80722,0.80746,2.25,3.23
2012.09.30 22:55:34.232,0.8072,0.80745,2.78,2.48
2012.09.30 22:55:36.821,0.80724,0.80746,2.25,1.73
2012.09.30 22:55:37.144,0.80724,0.80746,2.25,1.73
2012.09.30 22:55:47.261,0.80724,0.80746,2.25,1.73
2012.09.30 22:55:47.321,0.80724,0.80746,2.25,1.73
2012.09.30 22:55:47.913,0.80724,0.80746,2.25,1.73
2012.09.30 22:55:48.161,0.80724,0.80747,2.25,2.48
2012.09.30 22:55:55.551,0.80724,0.80746,2.25,1.35
2012.09.30 22:55:55.852,0.80724,0.80742,2.25,1.50
2012.09.30 22:55:56.042,0.80717,0.80742,2.48,1.50
2012.09.30 22:55:56.163,0.80717,0.80742,2.25,2.48
2012.09.30 22:56:01.113,0.80716,0.80741,1.50,2.85
2012.09.30 22:56:01.182,0.80716,0.80739,1.50,1.73
2012.09.30 22:56:02.323,0.80715,0.80739,3.00,2.48
2012.09.30 22:56:12.391,0.80715,0.80739,3.00,2.48
2012.09.30 22:56:12.511,0.80715,0.80741,3.23,3.98
2012.09.30 22:56:17.767,0.80717,0.80741,1.50,3.23
2012.09.30 22:56:18.273,0.80718,0.80742,2.25,3.98
2012.09.30 22:56:19.673,0.80718,0.80741,2.25,2.10
2012.09.30 22:56:19.803,0.80718,0.8074,2.25,1.73
2012.09.30 22:56:23.504,0.80714,0.80739,1.50,2.48
2012.09.30 22:56:23.752,0.80714,0.80739,1.50,2.48
2012.09.30 22:56:24.273,0.80718,0.80739,1.35,2.25
2012.09.30 22:56:24.402,0.80722,0.80743,1.73,1.50
2012.09.30 22:56:24.473,0.80723,0.80744,2.48,3.00
2012.09.30 22:56:24.541,0.80723,0.80744,2.48,1.50
2012.09.30 22:56:24.904,0.80721,0.80744,1.50,1.73
2012.09.30 22:56:25.212,0.80721,0.80739,1.50,1.73
2012.09.30 22:56:25.271,0.80721,0.80739,1.50,1.73
2012.09.30 22:56:29.335,0.80719,0.80741,3.00,1.73
2012.09.30 22:56:29.582,0.80719,0.8074,1.50,1.73
2012.09.30 22:56:32.711,0.80719,0.80741,3.00,1.73
2012.09.30 22:56:47.542,0.80719,0.80741,3.00,2.85
2012.09.30 22:56:47.811,0.80719,0.80739,1.50,1.73
2012.09.30 22:56:48.051,0.80719,0.80739,1.50,1.73
2012.09.30 22:56:50.251,0.80718,0.80742,2.25,2.85
2012.09.30 22:56:56.773,0.80718,0.80742,2.25,2.85
2012.09.30 22:57:03.592,0.80718,0.80742,2.25,2.85
2012.09.30 22:57:09.792,0.8072,0.80742,2.25,2.48
2012.09.30 22:57:10.214,0.80721,0.80743,2.25,1.73
2012.09.30 22:57:10.640,0.80721,0.80743,2.25,1.73
2012.09.30 22:57:15.173,0.80721,0.80743,2.25,1.73
2012.09.30 22:57:15.812,0.80719,0.80743,3.00,3.23
2012.09.30 22:57:16.062,0.80719,0.80743,3.00,3.23
2012.09.30 22:57:16.324,0.80719,0.80743,3.60,3.23
2012.09.30 22:57:16.452,0.80719,0.80743,3.00,3.23
2012.09.30 22:57:16.801,0.80719,0.80743,3.00,3.23
2012.09.30 22:57:18.152,0.80722,0.80743,1.50,1.73
2012.09.30 22:57:18.463,0.80724,0.80743,1.50,1.73
2012.09.30 22:57:18.712,0.80722,0.80743,1.50,2.48
2012.09.30 22:57:19.231,0.80724,0.80743,1.50,1.73
2012.09.30 22:57:19.765,0.80724,0.80745,2.25,1.73
2012.09.30 22:57:19.832,0.80724,0.80745,2.25,1.73
2012.09.30 22:57:20.354,0.80724,0.80745,2.25,1.73
2012.09.30 22:57:20.624,0.80722,0.80744,3.75,1.73
2012.09.30 22:57:20.884,0.8072,0.80742,1.50,2.48
2012.09.30 22:57:21.521,0.80717,0.80739,3.75,1.73
2012.09.30 22:57:26.995,0.80718,0.80742,2.25,2.48
2012.09.30 22:57:27.431,0.8072,0.80744,2.25,3.23
2012.09.30 22:57:28.633,0.8072,0.80744,3.00,2.48
2012.09.30 22:57:28.706,0.8072,0.80744,3.75,2.25
2012.09.30 22:57:28.774,0.80724,0.80745,1.50,3.00
2012.09.30 22:57:29.363,0.80724,0.80745,1.50,2.25
2012.09.30 22:57:30.163,0.80726,0.80747,1.50,3.23
2012.09.30 22:57:32.003,0.80726,0.80747,1.50,3.23
2012.09.30 22:57:34.313,0.80725,0.80745,1.50,1.50
2012.09.30 22:57:36.822,0.80727,0.80746,1.50,1.50
2012.09.30 22:57:45.993,0.80728,0.80749,1.50,2.48
2012.09.30 22:57:54.591,0.80728,0.80749,2.25,2.25
2012.09.30 22:57:59.402,0.80728,0.80749,2.25,2.25
2012.09.30 22:58:01.531,0.80725,0.8075,2.25,1.73
2012.09.30 22:58:11.165,0.80727,0.80751,3.00,1.73
2012.09.30 22:58:11.476,0.80729,0.80753,1.50,1.73
2012.09.30 22:58:11.661,0.8073,0.80754,1.50,1.73
2012.09.30 22:58:12.022,0.8073,0.80756,2.25,1.73
2012.09.30 22:58:12.525,0.80732,0.80756,1.50,1.73
2012.09.30 22:58:13.521,0.80732,0.80756,2.25,1.73
2012.09.30 22:58:14.443,0.8073,0.80756,2.25,1.73
2012.09.30 22:58:14.692,0.80731,0.80756,1.50,1.73
2012.09.30 22:58:16.173,0.80732,0.80756,2.25,1.73
2012.09.30 22:58:16.955,0.80732,0.80756,2.25,1.73
2012.09.30 22:58:17.023,0.80732,0.80756,2.25,1.73
2012.09.30 22:58:21.120,0.80731,0.80756,2.25,1.73
2012.09.30 22:58:21.251,0.80731,0.80756,1.50,1.73
2012.09.30 22:58:22.574,0.8073,0.80756,2.25,1.73
2012.09.30 22:58:26.019,0.8073,0.80753,1.50,2.10
2012.09.30 22:58:26.088,0.80728,0.80748,1.50,1.50
2012.09.30 22:58:26.158,0.80726,0.8075,1.50,3.23
2012.09.30 22:58:26.222,0.80724,0.80749,1.50,1.73
2012.09.30 22:58:26.404,0.80722,0.80749,2.25,1.73
2012.09.30 22:58:26.971,0.80723,0.8075,1.50,1.73
2012.09.30 22:58:27.561,0.80725,0.8075,1.50,1.73
2012.09.30 22:58:32.621,0.80726,0.8075,2.25,1.73
2012.09.30 22:58:32.681,0.80727,0.8075,1.50,1.73
2012.09.30 22:58:32.978,0.80728,0.8075,1.50,1.73
2012.09.30 22:58:33.635,0.80728,0.80754,3.00,1.73
2012.09.30 22:58:34.141,0.80728,0.80754,3.00,1.73
2012.09.30 22:58:34.912,0.80728,0.8075,1.50,1.73
2012.09.30 22:58:36.272,0.80726,0.8075,1.50,1.73
2012.09.30 22:58:36.331,0.80726,0.8075,1.50,1.73
2012.09.30 22:58:39.973,0.80726,0.8075,1.50,1.73
2012.09.30 22:58:43.903,0.80726,0.8075,1.50,1.73
2012.09.30 22:58:44.491,0.80727,0.80753,3.00,1.73
2012.09.30 22:58:44.996,0.80727,0.80753,3.00,1.73
2012.09.30 22:58:45.301,0.80729,0.80756,3.00,2.48
2012.09.30 22:58:45.671,0.80731,0.80756,1.58,1.73
2012.09.30 22:58:46.193,0.80731,0.80758,1.35,2.13
2012.09.30 22:58:46.382,0.80732,0.80756,2.03,1.73
2012.09.30 22:58:46.501,0.80733,0.8076,1.65,1.35
2012.09.30 22:58:46.811,0.80735,0.80757,1.35,1.73
2012.09.30 22:58:47.355,0.80734,0.80755,1.28,1.35
2012.09.30 22:58:48.737,0.80734,0.80757,1.28,1.73
2012.09.30 22:58:48.922,0.80734,0.80755,1.28,1.73
2012.09.30 22:58:49.054,0.80733,0.80756,1.28,1.73
2012.09.30 22:58:59.691,0.80732,0.80756,1.95,1.73
2012.09.30 22:59:01.391,0.80732,0.80758,1.20,1.73
2012.09.30 22:59:01.571,0.80735,0.8076,1.50,2.48
2012.09.30 22:59:03.705,0.80736,0.8076,1.95,1.73
2012.09.30 22:59:06.961,0.80736,0.80758,1.35,1.73
2012.09.30 22:59:07.263,0.80733,0.80751,1.35,2.10
2012.09.30 22:59:07.332,0.80734,0.80751,1.28,2.10
2012.09.30 22:59:07.871,0.80724,0.80748,2.03,1.35
2012.09.30 22:59:11.272,0.80723,0.80746,3.68,1.73
2012.09.30 22:59:11.611,0.80724,0.80745,1.28,1.35
2012.09.30 22:59:12.868,0.80725,0.80745,1.28,1.35
2012.09.30 22:59:12.952,0.80721,0.80745,1.50,2.10
2012.09.30 22:59:15.181,0.8072,0.80744,1.35,1.35
2012.09.30 22:59:15.362,0.8072,0.80744,1.35,2.10
2012.09.30 22:59:15.821,0.80723,0.80744,1.50,2.10
2012.09.30 22:59:20.021,0.80726,0.80752,1.35,1.35
2012.09.30 22:59:20.341,0.80728,0.80753,2.03,1.73
2012.09.30 22:59:20.822,0.80734,0.80757,1.50,2.48
2012.09.30 22:59:21.003,0.80733,0.80759,1.50,1.73
2012.09.30 22:59:21.071,0.80735,0.80759,1.20,1.73
2012.09.30 22:59:21.432,0.80736,0.8076,2.10,1.35
2012.09.30 22:59:21.673,0.80741,0.80762,1.50,1.73
2012.09.30 22:59:21.803,0.80741,0.80766,2.25,1.73
2012.09.30 22:59:32.671,0.80742,0.80767,2.70,1.73
2012.09.30 22:59:34.963,0.80743,0.80771,3.15,1.73
2012.09.30 22:59:40.863,0.80743,0.80768,2.25,2.10
2012.09.30 22:59:41.172,0.80743,0.80766,2.25,1.73
2012.09.30 22:59:52.161,0.80744,0.80769,1.50,1.73
