2012.01.16 10:00:00.514,0.79183,0.79198,3.00,1.88
2012.01.16 10:00:00.590,0.79183,0.79196,1.50,1.50
2012.01.16 10:00:00.667,0.79181,0.79196,1.88,1.50
2012.01.16 10:00:02.826,0.79184,0.79198,1.50,3.38
2012.01.16 10:00:03.589,0.79187,0.79198,1.50,1.88
2012.01.16 10:00:05.924,0.79187,0.79201,1.50,3.38
2012.01.16 10:00:06.317,0.79183,0.79195,1.50,1.50
2012.01.16 10:00:06.598,0.79181,0.79195,2.25,1.50
2012.01.16 10:00:07.459,0.79182,0.79195,1.50,1.50
2012.01.16 10:00:07.734,0.79183,0.79199,2.25,1.50
2012.01.16 10:00:08.136,0.79187,0.79201,1.50,3.00
2012.01.16 10:00:08.873,0.79183,0.79199,3.00,1.50
2012.01.16 10:00:11.379,0.79182,0.79194,2.25,1.50
2012.01.16 10:00:11.458,0.7918,0.79194,2.25,1.50
2012.01.16 10:00:11.593,0.79182,0.79196,1.50,3.00
2012.01.16 10:00:11.941,0.79177,0.79192,1.13,1.50
2012.01.16 10:00:12.631,0.79176,0.79192,3.00,3.38
2012.01.16 10:00:14.249,0.79177,0.79192,1.50,1.50
2012.01.16 10:00:14.894,0.79177,0.79192,1.50,1.50
2012.01.16 10:00:21.942,0.79177,0.79192,2.25,1.50
2012.01.16 10:00:22.465,0.79179,0.79193,2.25,1.88
2012.01.16 10:00:22.544,0.79182,0.79196,2.25,1.50
2012.01.16 10:00:23.014,0.79184,0.792,2.25,4.13
2012.01.16 10:00:23.309,0.79183,0.79197,3.00,1.50
2012.01.16 10:00:27.086,0.79184,0.79197,1.50,1.50
2012.01.16 10:00:27.153,0.79185,0.79199,2.25,1.50
2012.01.16 10:00:28.382,0.79185,0.79199,4.13,1.50
2012.01.16 10:00:30.564,0.79185,0.79199,4.13,1.50
2012.01.16 10:00:30.849,0.79183,0.79196,1.50,1.50
2012.01.16 10:00:31.538,0.79182,0.79196,2.25,1.50
2012.01.16 10:00:31.725,0.79181,0.79194,3.38,1.50
2012.01.16 10:00:32.606,0.7918,0.79194,2.33,1.50
2012.01.16 10:00:32.681,0.79178,0.7919,1.58,1.50
2012.01.16 10:00:32.826,0.79176,0.7919,1.95,1.50
2012.01.16 10:00:33.374,0.79175,0.79189,1.20,1.50
2012.01.16 10:00:33.502,0.79175,0.79191,2.70,1.50
2012.01.16 10:00:35.589,0.79175,0.79189,1.20,1.50
2012.01.16 10:00:36.839,0.79175,0.79189,1.13,1.50
2012.01.16 10:00:48.226,0.79175,0.79191,2.25,1.50
2012.01.16 10:00:48.299,0.79177,0.79191,2.63,1.50
2012.01.16 10:00:48.642,0.79179,0.79193,2.25,1.50
2012.01.16 10:00:50.329,0.79182,0.79195,1.50,1.88
2012.01.16 10:00:50.833,0.79182,0.79196,2.25,1.50
2012.01.16 10:00:51.250,0.79183,0.79196,2.25,1.50
2012.01.16 10:00:51.398,0.79184,0.792,2.25,4.88
2012.01.16 10:00:51.547,0.79183,0.79197,2.25,1.50
2012.01.16 10:00:52.343,0.79181,0.79197,2.25,1.50
2012.01.16 10:00:56.161,0.79185,0.792,1.88,2.25
2012.01.16 10:01:01.764,0.79185,0.79197,2.63,1.50
2012.01.16 10:01:02.296,0.79184,0.79197,1.50,1.50
2012.01.16 10:01:02.803,0.79183,0.79194,2.25,1.88
2012.01.16 10:01:03.163,0.7918,0.79191,2.63,1.50
2012.01.16 10:01:03.244,0.7918,0.79193,2.63,1.50
2012.01.16 10:01:04.353,0.7918,0.79193,1.88,1.50
2012.01.16 10:01:04.887,0.79179,0.79193,2.25,1.50
2012.01.16 10:01:04.956,0.79177,0.79191,4.43,1.50
2012.01.16 10:01:05.758,0.79178,0.79194,2.25,1.50
2012.01.16 10:01:07.731,0.79181,0.79196,4.13,2.25
2012.01.16 10:01:07.877,0.79181,0.79194,4.13,1.50
2012.01.16 10:01:08.155,0.79174,0.79187,1.50,2.25
2012.01.16 10:01:08.556,0.79171,0.79182,1.50,1.50
2012.01.16 10:01:08.824,0.79167,0.7918,1.50,1.50
2012.01.16 10:01:09.459,0.79164,0.7918,2.25,1.50
2012.01.16 10:01:09.540,0.79163,0.79176,2.25,1.50
2012.01.16 10:01:09.622,0.79162,0.79176,2.25,1.50
2012.01.16 10:01:10.041,0.79159,0.79174,2.25,1.50
2012.01.16 10:01:10.177,0.79158,0.79174,4.88,1.50
2012.01.16 10:01:10.805,0.79158,0.79174,4.13,2.25
2012.01.16 10:01:11.023,0.79158,0.79174,3.38,2.25
2012.01.16 10:01:11.768,0.79158,0.79174,1.50,1.50
2012.01.16 10:01:16.256,0.79158,0.79174,2.25,3.00
2012.01.16 10:01:16.401,0.79158,0.79172,2.25,1.50
2012.01.16 10:01:16.757,0.79156,0.79169,2.25,2.63
2012.01.16 10:01:16.831,0.79156,0.79169,1.50,1.88
2012.01.16 10:01:16.975,0.79156,0.79169,1.50,3.38
2012.01.16 10:01:17.047,0.79156,0.79169,1.50,2.63
2012.01.16 10:01:17.254,0.79156,0.79169,1.50,3.38
2012.01.16 10:01:17.637,0.79153,0.79167,3.00,1.50
2012.01.16 10:01:17.979,0.79153,0.79167,1.50,2.25
2012.01.16 10:01:18.518,0.7915,0.79164,2.25,1.50
2012.01.16 10:01:18.966,0.79152,0.79164,3.38,1.50
2012.01.16 10:01:19.407,0.79152,0.79166,2.25,1.50
2012.01.16 10:01:19.480,0.7915,0.79164,2.25,1.50
2012.01.16 10:01:19.991,0.7915,0.79164,2.25,1.50
2012.01.16 10:01:20.410,0.79147,0.79161,2.25,1.50
2012.01.16 10:01:20.992,0.79148,0.79164,2.25,1.50
2012.01.16 10:01:21.294,0.79147,0.79162,2.63,1.50
2012.01.16 10:01:21.856,0.79147,0.79162,2.63,1.50
2012.01.16 10:01:23.425,0.79149,0.79163,2.25,1.50
2012.01.16 10:01:23.746,0.7915,0.79163,2.63,1.50
2012.01.16 10:01:23.883,0.79152,0.79166,1.50,2.25
2012.01.16 10:01:24.161,0.79152,0.79161,1.50,1.88
2012.01.16 10:01:24.448,0.79143,0.79156,1.50,1.50
2012.01.16 10:01:25.029,0.79142,0.79155,2.25,1.88
2012.01.16 10:01:25.116,0.79142,0.79156,2.25,2.25
2012.01.16 10:01:27.259,0.79145,0.79158,1.50,4.13
2012.01.16 10:01:27.605,0.79145,0.79159,2.25,3.38
2012.01.16 10:01:28.098,0.79147,0.79159,2.25,1.88
2012.01.16 10:01:28.239,0.79149,0.79163,2.25,1.50
2012.01.16 10:01:28.897,0.7915,0.79163,4.13,2.18
2012.01.16 10:01:28.975,0.7915,0.79164,4.88,1.50
2012.01.16 10:01:29.116,0.7915,0.79164,4.13,1.50
2012.01.16 10:01:29.260,0.7915,0.79164,4.88,1.50
2012.01.16 10:01:29.544,0.79151,0.79166,2.25,1.50
2012.01.16 10:01:29.993,0.79151,0.79167,2.25,3.60
2012.01.16 10:01:30.718,0.79151,0.79167,2.25,3.60
2012.01.16 10:01:32.375,0.79151,0.79167,3.00,2.85
2012.01.16 10:01:32.624,0.79151,0.79167,2.25,3.00
2012.01.16 10:01:32.764,0.79151,0.79167,2.25,3.00
2012.01.16 10:01:33.095,0.79151,0.79167,2.25,3.00
2012.01.16 10:01:33.609,0.79151,0.79167,1.50,3.00
2012.01.16 10:01:34.213,0.79151,0.79167,2.25,3.00
2012.01.16 10:01:35.069,0.79151,0.79167,2.25,2.25
2012.01.16 10:01:35.513,0.79155,0.79168,1.50,1.50
2012.01.16 10:01:36.260,0.79152,0.79167,3.75,1.50
2012.01.16 10:01:36.775,0.79152,0.79167,2.25,2.63
2012.01.16 10:01:38.226,0.79152,0.79165,2.25,1.88
2012.01.16 10:01:38.591,0.79149,0.79163,2.25,4.50
2012.01.16 10:01:38.668,0.79149,0.79163,2.25,3.00
2012.01.16 10:01:38.809,0.79149,0.79163,2.25,2.25
2012.01.16 10:01:39.375,0.79146,0.79162,2.25,1.50
2012.01.16 10:01:40.510,0.7915,0.79162,2.63,1.50
2012.01.16 10:01:40.660,0.79152,0.79167,2.25,3.60
2012.01.16 10:01:40.743,0.79152,0.7916,1.50,1.88
2012.01.16 10:01:41.306,0.79147,0.79161,2.25,2.85
2012.01.16 10:01:41.579,0.79149,0.79161,1.50,1.35
2012.01.16 10:01:41.929,0.7915,0.79163,1.50,4.13
2012.01.16 10:01:42.275,0.79151,0.79164,2.25,3.00
2012.01.16 10:01:42.653,0.79151,0.79167,2.25,6.38
2012.01.16 10:01:42.996,0.79153,0.79167,1.50,2.25
2012.01.16 10:01:43.352,0.79155,0.79168,1.50,1.50
2012.01.16 10:01:44.548,0.79158,0.79171,1.50,3.75
2012.01.16 10:01:44.614,0.79158,0.79171,1.50,2.25
2012.01.16 10:01:44.686,0.79158,0.79167,1.50,1.88
2012.01.16 10:01:44.759,0.79156,0.79167,3.68,2.63
2012.01.16 10:01:44.982,0.79153,0.79167,2.25,4.13
2012.01.16 10:01:45.378,0.79155,0.79169,1.50,3.00
2012.01.16 10:01:45.724,0.7915,0.79164,3.00,1.50
2012.01.16 10:01:47.594,0.79151,0.79166,2.25,1.50
2012.01.16 10:01:47.934,0.79151,0.79166,2.25,1.50
2012.01.16 10:01:48.464,0.79148,0.79164,2.25,4.13
2012.01.16 10:01:49.015,0.79148,0.79164,2.25,3.38
2012.01.16 10:01:50.754,0.79148,0.79164,2.25,3.38
2012.01.16 10:01:51.877,0.79148,0.79161,3.38,1.50
2012.01.16 10:01:52.022,0.79148,0.79164,3.00,1.50
2012.01.16 10:01:52.103,0.79146,0.79162,2.25,1.50
2012.01.16 10:01:52.614,0.79146,0.79162,2.63,1.50
2012.01.16 10:01:53.167,0.79148,0.79162,1.13,2.25
2012.01.16 10:01:53.686,0.79149,0.79163,1.50,2.25
2012.01.16 10:01:54.087,0.79146,0.79162,2.25,4.13
2012.01.16 10:01:54.613,0.79146,0.79162,1.50,4.13
2012.01.16 10:01:55.500,0.79147,0.79162,1.88,2.25
2012.01.16 10:01:55.645,0.79148,0.79164,1.50,2.25
2012.01.16 10:01:58.756,0.79148,0.79163,2.25,1.88
2012.01.16 10:01:58.901,0.79146,0.7916,2.25,2.25
2012.01.16 10:01:59.271,0.79146,0.79154,1.50,2.63
2012.01.16 10:01:59.643,0.79141,0.79154,1.50,2.63
2012.01.16 10:01:59.728,0.79137,0.79151,2.63,1.50
2012.01.16 10:01:59.805,0.7914,0.79154,1.50,4.13
2012.01.16 10:02:01.060,0.79138,0.7915,2.25,1.88
2012.01.16 10:02:01.613,0.79138,0.79151,4.13,2.18
2012.01.16 10:02:01.954,0.79139,0.79155,2.25,1.50
2012.01.16 10:02:02.094,0.79139,0.79155,2.25,1.50
2012.01.16 10:02:02.497,0.79137,0.79153,2.25,1.50
2012.01.16 10:02:02.757,0.79143,0.79156,1.50,5.93
2012.01.16 10:02:03.643,0.7914,0.79156,3.75,3.00
2012.01.16 10:02:05.786,0.7914,0.79156,1.50,2.25
2012.01.16 10:02:06.345,0.79143,0.79157,1.50,4.13
2012.01.16 10:02:06.416,0.7914,0.79156,1.50,2.25
2012.01.16 10:02:07.052,0.7914,0.79155,1.50,1.88
2012.01.16 10:02:07.363,0.7914,0.79155,1.50,2.63
2012.01.16 10:02:07.871,0.79137,0.79149,2.25,3.00
2012.01.16 10:02:08.195,0.79131,0.79147,3.75,2.25
2012.01.16 10:02:08.473,0.79131,0.79146,2.25,2.63
2012.01.16 10:02:09.916,0.79129,0.79143,2.25,2.25
2012.01.16 10:02:10.066,0.79131,0.79143,2.63,1.50
2012.01.16 10:02:10.586,0.79133,0.79143,3.38,1.50
2012.01.16 10:02:10.684,0.79133,0.79145,4.13,1.50
2012.01.16 10:02:11.171,0.79134,0.79149,2.93,2.25
2012.01.16 10:02:11.262,0.79133,0.79144,2.25,1.50
2012.01.16 10:02:11.346,0.79133,0.79146,2.25,4.80
2012.01.16 10:02:11.429,0.79132,0.79146,2.25,2.25
2012.01.16 10:02:11.953,0.79133,0.79148,3.00,2.63
2012.01.16 10:02:12.112,0.79138,0.79151,1.50,5.55
2012.01.16 10:02:12.358,0.79138,0.79151,1.50,1.88
2012.01.16 10:02:12.736,0.79138,0.79151,1.50,3.38
2012.01.16 10:02:12.874,0.79138,0.79151,1.50,4.13
2012.01.16 10:02:13.408,0.79138,0.79151,2.25,2.63
2012.01.16 10:02:13.889,0.79135,0.7915,2.25,2.25
2012.01.16 10:02:13.973,0.79135,0.7915,2.25,3.38
2012.01.16 10:02:14.368,0.79134,0.79145,3.00,2.19
2012.01.16 10:02:14.448,0.79131,0.79142,2.25,1.88
2012.01.16 10:02:14.517,0.79131,0.79142,2.25,2.63
2012.01.16 10:02:14.987,0.79128,0.79141,1.50,3.68
2012.01.16 10:02:15.340,0.7913,0.79144,2.25,4.88
2012.01.16 10:02:16.050,0.7913,0.79144,2.25,4.13
2012.01.16 10:02:16.506,0.7913,0.79144,2.25,4.13
2012.01.16 10:02:17.067,0.7913,0.79143,2.25,2.93
2012.01.16 10:02:17.792,0.7913,0.79142,2.25,2.63
2012.01.16 10:02:18.351,0.7913,0.79139,2.25,2.63
2012.01.16 10:02:18.714,0.79123,0.79133,1.22,1.50
2012.01.16 10:02:18.790,0.7912,0.79133,4.80,1.50
2012.01.16 10:02:18.869,0.79119,0.79131,3.00,1.88
2012.01.16 10:02:19.137,0.79117,0.79131,2.25,1.88
2012.01.16 10:02:19.670,0.79122,0.79134,1.50,1.50
2012.01.16 10:02:19.890,0.79122,0.79137,1.50,1.50
2012.01.16 10:02:20.168,0.79122,0.79137,1.50,1.50
2012.01.16 10:02:20.729,0.79119,0.79133,2.25,1.50
2012.01.16 10:02:20.812,0.79122,0.79136,1.50,2.25
2012.01.16 10:02:21.428,0.79122,0.79136,1.50,1.50
2012.01.16 10:02:21.976,0.79122,0.79136,2.25,1.50
2012.01.16 10:02:22.303,0.79125,0.79139,1.50,3.38
2012.01.16 10:02:22.507,0.79128,0.79141,1.50,2.93
2012.01.16 10:02:23.033,0.79128,0.79142,1.50,1.50
2012.01.16 10:02:23.547,0.79128,0.79142,1.50,2.25
2012.01.16 10:02:24.246,0.79125,0.79141,4.13,2.25
2012.01.16 10:02:24.631,0.79128,0.79142,1.50,2.25
2012.01.16 10:02:24.838,0.79128,0.79142,1.50,1.50
2012.01.16 10:02:26.935,0.79129,0.79142,2.18,1.50
2012.01.16 10:02:27.148,0.79133,0.79146,1.50,1.50
2012.01.16 10:02:27.496,0.79133,0.79148,1.50,1.50
2012.01.16 10:02:28.057,0.79135,0.79149,1.50,1.50
2012.01.16 10:02:28.372,0.7914,0.79151,1.50,1.50
2012.01.16 10:02:28.730,0.79138,0.79151,2.25,1.50
2012.01.16 10:02:28.948,0.79138,0.79152,2.25,2.25
2012.01.16 10:02:29.495,0.79138,0.79152,1.50,2.25
2012.01.16 10:02:31.525,0.79138,0.79152,1.50,2.25
2012.01.16 10:02:32.480,0.79138,0.79152,3.75,1.50
2012.01.16 10:02:32.562,0.79139,0.79155,2.25,1.50
2012.01.16 10:02:32.710,0.79142,0.79158,1.50,4.13
2012.01.16 10:02:33.054,0.79145,0.7916,1.50,4.05
2012.01.16 10:02:33.617,0.79145,0.79161,1.50,2.63
2012.01.16 10:02:34.184,0.79145,0.79161,1.50,1.88
2012.01.16 10:02:35.065,0.79145,0.79161,2.25,1.88
2012.01.16 10:02:35.413,0.79148,0.79162,1.50,2.25
2012.01.16 10:02:35.484,0.79146,0.79162,2.25,3.75
2012.01.16 10:02:35.831,0.79149,0.79163,1.50,1.50
2012.01.16 10:02:36.225,0.79146,0.79162,2.25,1.50
2012.01.16 10:02:36.293,0.79146,0.79162,2.25,2.25
2012.01.16 10:02:36.945,0.79146,0.79161,2.63,1.50
2012.01.16 10:02:37.414,0.79146,0.79159,1.88,1.50
2012.01.16 10:02:37.884,0.79145,0.79161,2.25,1.88
2012.01.16 10:02:38.646,0.79149,0.79162,1.50,2.25
2012.01.16 10:02:38.861,0.79149,0.79163,1.50,1.50
2012.01.16 10:02:38.941,0.79153,0.79163,1.50,1.50
2012.01.16 10:02:39.268,0.79156,0.79166,1.50,1.50
2012.01.16 10:02:39.344,0.79156,0.79167,1.50,1.50
2012.01.16 10:02:39.492,0.79152,0.79166,1.50,1.50
2012.01.16 10:02:39.709,0.79152,0.79166,2.25,2.25
2012.01.16 10:02:40.061,0.79148,0.79161,5.18,2.25
2012.01.16 10:02:40.138,0.79148,0.79161,3.00,2.25
2012.01.16 10:02:40.615,0.79148,0.7916,1.50,2.25
2012.01.16 10:02:41.154,0.79145,0.79158,1.50,2.25
2012.01.16 10:02:41.324,0.79144,0.79158,3.75,2.25
2012.01.16 10:02:41.742,0.79145,0.79161,2.25,1.50
2012.01.16 10:02:41.960,0.79149,0.79161,1.88,1.50
2012.01.16 10:02:42.177,0.79152,0.79166,1.50,3.75
2012.01.16 10:02:43.008,0.79152,0.79165,1.50,2.63
2012.01.16 10:02:43.206,0.79149,0.79165,2.25,4.13
2012.01.16 10:02:43.749,0.79149,0.79165,2.25,4.13
2012.01.16 10:02:43.955,0.79152,0.79165,1.50,2.63
2012.01.16 10:02:44.545,0.79149,0.79165,2.25,4.13
2012.01.16 10:02:45.045,0.79149,0.79165,2.25,4.13
2012.01.16 10:02:45.376,0.79149,0.79164,2.25,2.19
2012.01.16 10:02:45.734,0.7915,0.79159,2.63,3.68
2012.01.16 10:02:46.232,0.79152,0.79163,1.50,1.50
2012.01.16 10:02:46.318,0.79154,0.79168,1.50,3.00
2012.01.16 10:02:47.019,0.79154,0.7917,2.25,1.50
2012.01.16 10:02:47.239,0.79154,0.7917,2.25,2.25
2012.01.16 10:02:47.668,0.79152,0.79168,3.00,2.25
2012.01.16 10:02:48.202,0.79152,0.79168,2.25,2.25
2012.01.16 10:02:48.347,0.79151,0.79165,2.25,1.50
2012.01.16 10:02:48.755,0.79151,0.79165,1.50,2.25
2012.01.16 10:02:48.829,0.79151,0.79167,3.00,2.25
2012.01.16 10:02:48.906,0.79151,0.79167,2.25,2.25
2012.01.16 10:02:49.279,0.79153,0.79167,2.63,2.25
2012.01.16 10:02:49.365,0.79155,0.79169,1.50,1.50
2012.01.16 10:02:51.883,0.79157,0.79172,1.50,5.55
2012.01.16 10:02:52.653,0.79157,0.79172,1.50,1.88
2012.01.16 10:02:53.009,0.7916,0.79174,3.38,1.50
2012.01.16 10:02:53.498,0.7916,0.79176,2.25,4.13
2012.01.16 10:02:54.137,0.7916,0.79176,2.25,4.13
2012.01.16 10:02:54.276,0.7916,0.79176,2.25,2.63
2012.01.16 10:02:54.351,0.79159,0.79174,2.25,1.50
2012.01.16 10:02:54.710,0.79156,0.79168,2.18,2.25
2012.01.16 10:02:55.049,0.79153,0.79168,1.50,1.50
2012.01.16 10:02:56.814,0.79152,0.79168,7.80,1.50
2012.01.16 10:02:57.496,0.79153,0.79168,1.50,1.50
2012.01.16 10:02:57.851,0.79156,0.7917,3.00,1.50
2012.01.16 10:02:58.134,0.79157,0.79172,2.25,1.88
2012.01.16 10:03:04.234,0.79157,0.79172,2.25,1.88
2012.01.16 10:03:10.258,0.79162,0.79175,1.50,2.93
2012.01.16 10:03:11.106,0.79169,0.79183,1.50,3.38
2012.01.16 10:03:11.730,0.79169,0.79183,1.50,1.50
2012.01.16 10:03:13.224,0.79169,0.79182,1.50,1.50
2012.01.16 10:03:13.490,0.79166,0.7918,2.25,1.50
2012.01.16 10:03:14.506,0.79166,0.79179,1.50,1.88
2012.01.16 10:03:14.633,0.79163,0.79177,2.25,1.50
2012.01.16 10:03:15.193,0.79165,0.79177,2.63,1.50
2012.01.16 10:03:15.705,0.79165,0.79181,4.13,1.50
2012.01.16 10:03:17.028,0.79165,0.79181,2.25,3.00
2012.01.16 10:03:17.096,0.79165,0.7918,2.25,3.00
2012.01.16 10:03:17.444,0.7916,0.79174,2.25,1.50
2012.01.16 10:03:17.803,0.79159,0.79172,2.63,1.50
2012.01.16 10:03:17.940,0.79159,0.79174,4.13,1.50
2012.01.16 10:03:18.760,0.79159,0.79175,4.13,1.50
2012.01.16 10:03:22.379,0.79159,0.79175,4.13,2.25
2012.01.16 10:03:22.715,0.79159,0.79173,1.50,1.35
2012.01.16 10:03:23.238,0.79157,0.79171,2.25,2.25
2012.01.16 10:03:23.563,0.79157,0.7917,1.50,2.63
2012.01.16 10:03:23.850,0.79154,0.79168,2.25,2.25
2012.01.16 10:03:24.139,0.79154,0.79166,2.25,1.50
2012.01.16 10:03:24.798,0.79152,0.79165,1.50,2.25
2012.01.16 10:03:25.318,0.79151,0.79165,2.25,1.50
2012.01.16 10:03:25.845,0.79151,0.79165,2.25,1.50
2012.01.16 10:03:27.665,0.79151,0.79165,2.25,3.38
2012.01.16 10:03:29.764,0.79151,0.79165,3.00,1.50
2012.01.16 10:03:31.362,0.79148,0.79163,1.50,1.50
2012.01.16 10:03:31.582,0.79148,0.79163,1.50,2.85
2012.01.16 10:03:32.146,0.79147,0.79163,1.50,6.23
2012.01.16 10:03:32.228,0.79145,0.79159,2.25,1.50
2012.01.16 10:03:32.446,0.79145,0.79159,3.00,2.25
2012.01.16 10:03:32.591,0.79145,0.79159,2.25,1.50
2012.01.16 10:03:33.618,0.79147,0.79162,1.50,1.50
2012.01.16 10:03:33.681,0.79145,0.79158,4.13,2.10
2012.01.16 10:03:33.766,0.79141,0.79157,3.38,2.25
2012.01.16 10:03:33.911,0.79141,0.7915,2.63,1.88
2012.01.16 10:03:34.275,0.79139,0.79148,1.50,2.18
2012.01.16 10:03:34.432,0.79135,0.79147,2.25,1.50
2012.01.16 10:03:34.513,0.79136,0.7915,2.25,2.25
2012.01.16 10:03:34.870,0.79136,0.7915,1.50,2.25
2012.01.16 10:03:34.960,0.79133,0.79147,2.63,4.13
2012.01.16 10:03:35.248,0.79133,0.79147,2.25,3.38
2012.01.16 10:03:35.464,0.79133,0.79143,3.00,2.48
2012.01.16 10:03:35.822,0.79128,0.79141,2.25,1.50
2012.01.16 10:03:36.301,0.79128,0.79139,1.50,2.63
2012.01.16 10:03:36.527,0.79122,0.79138,2.25,3.68
2012.01.16 10:03:36.673,0.79122,0.79138,2.25,4.43
2012.01.16 10:03:37.638,0.79122,0.79138,2.25,4.43
2012.01.16 10:03:37.706,0.79122,0.79134,2.25,1.50
2012.01.16 10:03:38.077,0.79116,0.7913,1.50,1.50
2012.01.16 10:03:38.293,0.79112,0.79128,2.25,2.25
2012.01.16 10:03:38.649,0.7911,0.79124,3.00,1.50
2012.01.16 10:03:39.003,0.79113,0.79128,2.25,1.50
2012.01.16 10:03:39.085,0.79115,0.7913,2.25,3.68
2012.01.16 10:03:39.474,0.79115,0.79131,3.60,2.25
2012.01.16 10:03:39.982,0.79118,0.7913,2.18,1.50
2012.01.16 10:03:40.199,0.79116,0.79132,2.25,1.50
2012.01.16 10:03:40.404,0.79116,0.79132,1.50,1.50
2012.01.16 10:03:40.545,0.79118,0.79133,1.50,2.18
2012.01.16 10:03:41.095,0.79119,0.79133,3.38,2.18
2012.01.16 10:03:41.891,0.79119,0.79134,5.55,2.25
2012.01.16 10:03:43.415,0.79119,0.79129,2.93,1.88
2012.01.16 10:03:43.843,0.79113,0.79127,4.88,2.25
2012.01.16 10:03:43.989,0.79116,0.7913,1.50,1.50
2012.01.16 10:03:44.326,0.79114,0.79128,2.25,1.50
2012.01.16 10:03:44.676,0.79118,0.79133,1.50,2.19
2012.01.16 10:03:44.748,0.79118,0.79134,1.50,1.88
2012.01.16 10:03:45.748,0.79118,0.79131,1.50,1.88
2012.01.16 10:03:46.285,0.79116,0.79132,1.50,1.50
2012.01.16 10:03:46.475,0.79118,0.79134,2.25,1.50
2012.01.16 10:03:47.710,0.79119,0.79134,1.88,1.50
2012.01.16 10:03:48.105,0.79121,0.79136,1.50,1.50
2012.01.16 10:03:48.478,0.79121,0.79135,2.25,1.50
2012.01.16 10:03:48.657,0.79121,0.79137,1.50,3.75
2012.01.16 10:03:48.725,0.79121,0.79137,1.50,3.75
2012.01.16 10:03:49.045,0.79121,0.79137,3.00,3.00
2012.01.16 10:03:49.575,0.79121,0.79137,3.00,3.00
2012.01.16 10:03:50.080,0.79125,0.79141,2.25,4.43
2012.01.16 10:03:50.157,0.79125,0.79141,2.25,1.50
2012.01.16 10:03:50.307,0.79128,0.79142,2.25,1.50
2012.01.16 10:03:50.863,0.79125,0.79141,2.25,1.50
2012.01.16 10:03:52.044,0.79128,0.79142,2.25,1.50
2012.01.16 10:03:52.386,0.79133,0.79147,1.50,2.25
2012.01.16 10:03:52.796,0.7913,0.79144,2.25,1.50
2012.01.16 10:03:53.314,0.7913,0.79144,2.25,1.50
2012.01.16 10:03:53.916,0.79127,0.79142,1.13,1.50
2012.01.16 10:03:54.666,0.79126,0.79141,2.63,1.50
2012.01.16 10:03:55.022,0.79124,0.79139,1.50,1.50
2012.01.16 10:03:55.497,0.79127,0.79141,2.25,3.38
2012.01.16 10:03:56.595,0.79127,0.79141,1.50,3.00
2012.01.16 10:03:56.807,0.79123,0.79137,2.25,1.35
2012.01.16 10:03:57.149,0.79123,0.79132,2.25,1.88
2012.01.16 10:03:57.229,0.79123,0.79131,2.25,1.50
2012.01.16 10:03:57.774,0.79122,0.79136,3.00,1.50
2012.01.16 10:03:57.852,0.79125,0.79138,1.50,3.38
2012.01.16 10:03:58.194,0.79125,0.79139,1.50,1.50
2012.01.16 10:03:58.384,0.79125,0.79139,2.25,2.25
2012.01.16 10:03:58.615,0.79125,0.79139,2.25,1.50
2012.01.16 10:03:59.315,0.79125,0.79139,1.50,2.25
2012.01.16 10:03:59.383,0.79125,0.79139,1.50,1.50
2012.01.16 10:03:59.635,0.79125,0.79139,1.50,2.25
2012.01.16 10:03:59.845,0.79127,0.79143,1.50,3.75
2012.01.16 10:04:03.727,0.79126,0.7914,2.25,1.50
2012.01.16 10:04:03.933,0.79126,0.7914,2.25,2.25
2012.01.16 10:04:04.123,0.79126,0.7914,1.50,1.50
2012.01.16 10:04:04.313,0.79126,0.7914,1.50,2.25
2012.01.16 10:04:04.536,0.79126,0.7914,1.50,1.50
2012.01.16 10:04:04.890,0.79128,0.79142,1.50,2.25
2012.01.16 10:04:05.234,0.79126,0.79138,1.50,2.63
2012.01.16 10:04:05.770,0.79126,0.79138,2.25,2.18
2012.01.16 10:04:05.989,0.79126,0.7914,2.63,1.50
2012.01.16 10:04:06.054,0.79127,0.79142,2.25,1.50
2012.01.16 10:04:06.126,0.79129,0.79143,1.88,1.50
2012.01.16 10:04:06.454,0.79133,0.79147,2.25,2.94
2012.01.16 10:04:07.077,0.79128,0.79144,2.25,2.25
2012.01.16 10:04:07.284,0.79127,0.79141,1.50,1.50
2012.01.16 10:04:07.540,0.79125,0.79141,1.50,2.25
2012.01.16 10:04:07.615,0.79125,0.7914,1.50,1.50
2012.01.16 10:04:07.815,0.79125,0.79141,1.50,4.13
2012.01.16 10:04:08.095,0.79123,0.79137,2.25,1.50
2012.01.16 10:04:08.433,0.79124,0.79137,2.63,1.50
2012.01.16 10:04:08.577,0.79126,0.7914,1.50,1.50
2012.01.16 10:04:08.646,0.79128,0.79142,1.50,1.50
2012.01.16 10:04:11.038,0.79131,0.79145,1.50,1.50
2012.01.16 10:04:11.958,0.79131,0.79145,2.25,1.50
2012.01.16 10:04:12.189,0.79138,0.79153,1.50,1.50
2012.01.16 10:04:12.338,0.79138,0.79154,1.50,1.58
2012.01.16 10:04:12.824,0.79141,0.79156,1.50,1.95
2012.01.16 10:04:16.876,0.7914,0.79154,2.63,1.58
2012.01.16 10:04:16.948,0.79138,0.79154,4.13,1.58
2012.01.16 10:04:20.437,0.79138,0.79152,3.75,2.63
2012.01.16 10:04:21.067,0.79135,0.79151,4.88,1.50
2012.01.16 10:04:21.146,0.79138,0.79154,3.60,1.50
2012.01.16 10:04:22.496,0.79139,0.79154,1.50,1.50
2012.01.16 10:04:24.201,0.79144,0.79154,3.38,1.50
2012.01.16 10:04:24.279,0.79144,0.79157,3.38,2.25
2012.01.16 10:04:24.348,0.79146,0.7916,1.50,3.00
2012.01.16 10:04:25.322,0.79146,0.79158,1.50,1.88
2012.01.16 10:04:25.397,0.79146,0.7916,1.50,1.50
2012.01.16 10:04:25.466,0.79144,0.79157,1.50,1.50
2012.01.16 10:04:27.137,0.79145,0.79161,1.50,1.50
2012.01.16 10:04:28.003,0.79145,0.79161,2.25,1.50
2012.01.16 10:04:28.605,0.79145,0.79161,2.25,2.25
2012.01.16 10:04:30.422,0.79145,0.79161,2.25,2.25
2012.01.16 10:04:30.863,0.79145,0.79161,2.25,2.25
2012.01.16 10:04:31.247,0.79144,0.79158,2.25,2.25
2012.01.16 10:04:31.599,0.79144,0.79152,1.50,2.25
2012.01.16 10:04:31.684,0.79139,0.7915,1.88,2.19
2012.01.16 10:04:31.967,0.79135,0.79147,2.25,1.50
2012.01.16 10:04:32.138,0.79135,0.79145,1.50,2.19
2012.01.16 10:04:32.216,0.79131,0.79143,1.50,2.25
2012.01.16 10:04:32.295,0.79129,0.79143,3.00,2.25
2012.01.16 10:04:32.373,0.79128,0.7914,1.50,1.50
2012.01.16 10:04:32.523,0.79126,0.7914,2.25,1.50
2012.01.16 10:04:34.403,0.79133,0.79143,1.88,1.50
2012.01.16 10:04:34.775,0.79133,0.79146,1.88,2.94
2012.01.16 10:04:35.028,0.79131,0.79145,1.50,1.88
2012.01.16 10:04:35.379,0.79129,0.79143,2.25,1.50
2012.01.16 10:04:36.045,0.79129,0.79143,4.13,1.50
2012.01.16 10:04:36.183,0.79131,0.79145,1.50,1.50
2012.01.16 10:04:37.639,0.79131,0.79143,1.50,1.88
2012.01.16 10:04:37.968,0.79128,0.79139,1.88,1.50
2012.01.16 10:04:38.379,0.79123,0.79136,3.00,1.50
2012.01.16 10:04:38.450,0.79125,0.79136,1.88,1.50
2012.01.16 10:04:38.977,0.79122,0.79136,2.25,2.25
2012.01.16 10:04:39.807,0.79122,0.79136,2.25,2.25
2012.01.16 10:04:40.908,0.79122,0.79136,2.25,1.50
2012.01.16 10:04:44.279,0.79124,0.79136,1.88,1.50
2012.01.16 10:04:44.351,0.79125,0.79139,2.25,1.50
2012.01.16 10:04:44.429,0.79129,0.79139,1.88,1.50
2012.01.16 10:04:44.576,0.79129,0.79142,1.88,4.50
2012.01.16 10:04:44.722,0.79132,0.79142,1.88,1.50
2012.01.16 10:04:44.800,0.79129,0.79142,2.63,1.50
2012.01.16 10:04:45.331,0.79132,0.79146,1.50,1.50
2012.01.16 10:04:45.618,0.79132,0.79146,4.13,1.50
2012.01.16 10:04:45.833,0.79138,0.79152,1.50,4.13
2012.01.16 10:04:46.389,0.79138,0.79152,1.50,3.38
2012.01.16 10:04:47.461,0.79138,0.79152,2.25,3.38
2012.01.16 10:04:48.086,0.79138,0.79152,3.00,1.50
2012.01.16 10:04:48.316,0.79138,0.79152,3.00,1.50
2012.01.16 10:04:48.959,0.79139,0.79155,2.25,2.25
2012.01.16 10:04:49.516,0.79139,0.79155,2.25,2.25
2012.01.16 10:04:50.260,0.79139,0.79155,2.25,2.25
2012.01.16 10:04:50.892,0.79139,0.79155,2.25,2.25
2012.01.16 10:04:51.428,0.79138,0.79152,3.00,1.50
2012.01.16 10:04:51.695,0.7914,0.79154,2.25,1.50
2012.01.16 10:04:52.110,0.79139,0.79152,1.50,1.50
2012.01.16 10:04:52.319,0.79138,0.79152,2.25,1.50
2012.01.16 10:04:52.457,0.79138,0.79152,2.25,1.50
2012.01.16 10:04:52.525,0.79138,0.79152,3.00,1.50
2012.01.16 10:04:55.756,0.79138,0.79152,1.50,4.88
2012.01.16 10:04:55.955,0.79136,0.79149,2.25,2.25
2012.01.16 10:04:57.558,0.79135,0.79149,3.00,1.50
2012.01.16 10:04:57.628,0.79135,0.79149,1.50,2.25
2012.01.16 10:04:57.814,0.79135,0.79149,1.50,1.50
2012.01.16 10:04:58.564,0.79135,0.79149,2.25,2.25
2012.01.16 10:04:59.251,0.79135,0.79149,2.25,2.25
2012.01.16 10:04:59.650,0.79135,0.79149,2.25,1.50
2012.01.16 10:05:00.485,0.79136,0.79149,2.25,1.50
2012.01.16 10:05:00.556,0.79138,0.79152,1.50,2.25
2012.01.16 10:05:01.087,0.79138,0.79152,1.50,1.50
2012.01.16 10:05:01.158,0.79138,0.79152,2.25,1.50
2012.01.16 10:05:01.659,0.79138,0.79152,2.25,1.50
2012.01.16 10:05:04.017,0.79135,0.79149,1.88,3.00
2012.01.16 10:05:04.351,0.79132,0.79146,1.50,3.00
2012.01.16 10:05:08.399,0.79132,0.79143,1.50,1.88
2012.01.16 10:05:08.538,0.79128,0.79142,2.25,1.50
2012.01.16 10:05:08.962,0.79125,0.79141,3.38,1.50
2012.01.16 10:05:09.415,0.79127,0.79141,1.50,1.88
2012.01.16 10:05:09.557,0.79125,0.79141,1.50,3.38
2012.01.16 10:05:11.206,0.7913,0.79141,1.88,2.25
2012.01.16 10:05:11.746,0.79129,0.79142,1.50,1.88
2012.01.16 10:05:11.819,0.79126,0.79142,1.50,3.38
2012.01.16 10:05:12.017,0.79129,0.79144,1.50,1.50
2012.01.16 10:05:17.792,0.79129,0.79145,1.50,2.25
2012.01.16 10:05:19.399,0.79131,0.79145,1.50,1.50
2012.01.16 10:05:19.753,0.79137,0.79148,1.50,1.50
2012.01.16 10:05:19.905,0.79137,0.7915,1.50,1.50
2012.01.16 10:05:20.048,0.79139,0.79153,1.50,1.88
2012.01.16 10:05:20.572,0.79139,0.79153,1.50,1.50
2012.01.16 10:05:20.937,0.79141,0.79155,1.50,1.88
2012.01.16 10:05:21.316,0.79139,0.79153,1.50,1.50
2012.01.16 10:05:22.712,0.79143,0.79157,1.50,3.00
2012.01.16 10:05:23.002,0.79134,0.79149,1.50,1.88
2012.01.16 10:05:23.083,0.79134,0.79149,1.50,2.63
2012.01.16 10:05:23.648,0.79132,0.79146,2.25,1.50
2012.01.16 10:05:24.166,0.79132,0.79146,1.50,1.50
2012.01.16 10:05:24.524,0.79132,0.79143,3.00,1.88
2012.01.16 10:05:24.815,0.79126,0.7914,3.00,1.50
2012.01.16 10:05:25.494,0.79125,0.79141,1.50,2.63
2012.01.16 10:05:25.851,0.79123,0.79137,1.50,2.25
2012.01.16 10:05:26.282,0.79125,0.79139,1.50,3.75
2012.01.16 10:05:26.643,0.79122,0.79134,1.50,1.88
2012.01.16 10:05:27.004,0.79118,0.79127,3.00,1.88
2012.01.16 10:05:27.416,0.79114,0.79127,1.50,2.63
2012.01.16 10:05:28.138,0.79114,0.79127,1.50,1.88
2012.01.16 10:05:29.586,0.79116,0.79127,1.50,1.88
2012.01.16 10:05:29.958,0.79114,0.79124,3.00,1.88
2012.01.16 10:05:30.239,0.79107,0.79123,2.25,1.50
2012.01.16 10:05:30.313,0.79106,0.79119,3.38,1.50
2012.01.16 10:05:30.515,0.79105,0.79119,1.50,3.38
2012.01.16 10:05:30.863,0.7911,0.79124,1.50,5.63
2012.01.16 10:05:31.339,0.79113,0.79127,1.50,3.00
2012.01.16 10:05:31.475,0.79113,0.79127,1.50,3.00
2012.01.16 10:05:32.098,0.79111,0.79125,2.25,1.50
2012.01.16 10:05:32.649,0.79113,0.79127,1.50,1.50
2012.01.16 10:05:33.083,0.79115,0.79128,1.88,1.88
2012.01.16 10:05:33.159,0.79115,0.79131,1.88,1.50
2012.01.16 10:05:33.678,0.79115,0.7913,1.88,1.88
2012.01.16 10:05:34.420,0.79115,0.79128,1.88,1.35
2012.01.16 10:05:34.907,0.7911,0.79124,3.75,2.10
2012.01.16 10:05:34.989,0.79107,0.79121,1.88,1.50
2012.01.16 10:05:35.316,0.79109,0.79123,1.50,1.50
2012.01.16 10:05:35.888,0.79106,0.7912,2.63,1.50
2012.01.16 10:05:35.961,0.79105,0.7912,1.50,1.50
2012.01.16 10:05:36.456,0.79102,0.79116,2.25,1.50
2012.01.16 10:05:36.881,0.79098,0.79114,4.88,2.25
2012.01.16 10:05:36.964,0.79102,0.79114,1.88,2.25
2012.01.16 10:05:37.106,0.79102,0.79117,1.88,2.25
2012.01.16 10:05:37.610,0.79101,0.79116,1.50,1.50
2012.01.16 10:05:38.158,0.79101,0.79113,1.50,1.88
2012.01.16 10:05:38.368,0.79096,0.7911,1.50,1.50
2012.01.16 10:05:38.745,0.79098,0.7911,1.88,1.50
2012.01.16 10:05:39.102,0.791,0.7911,2.18,1.50
2012.01.16 10:05:39.317,0.791,0.79115,3.68,1.50
2012.01.16 10:05:39.603,0.79098,0.79113,1.88,1.88
2012.01.16 10:05:39.808,0.79098,0.79113,1.50,3.23
2012.01.16 10:05:40.102,0.79095,0.79109,1.50,1.50
2012.01.16 10:05:40.566,0.79092,0.79106,1.88,1.50
2012.01.16 10:05:40.707,0.79094,0.79108,1.50,1.50
2012.01.16 10:05:40.778,0.79094,0.7911,3.38,2.25
2012.01.16 10:05:40.918,0.79094,0.79103,1.88,1.50
2012.01.16 10:05:40.995,0.79091,0.79103,2.93,1.50
2012.01.16 10:05:41.352,0.79089,0.791,2.25,1.88
2012.01.16 10:05:41.898,0.79085,0.79097,1.50,1.50
2012.01.16 10:05:41.978,0.79088,0.79104,1.50,2.25
2012.01.16 10:05:42.056,0.79092,0.79105,1.50,3.38
2012.01.16 10:05:42.605,0.79092,0.79106,1.50,2.25
2012.01.16 10:05:43.346,0.79095,0.79108,1.50,1.50
2012.01.16 10:05:43.490,0.79092,0.79106,3.75,2.25
2012.01.16 10:05:43.816,0.79095,0.79108,1.50,2.93
2012.01.16 10:05:44.168,0.79095,0.79109,1.50,3.38
2012.01.16 10:05:44.683,0.79094,0.79108,1.50,2.85
2012.01.16 10:05:45.028,0.79094,0.79105,1.50,1.88
2012.01.16 10:05:45.105,0.79091,0.79105,1.50,3.38
2012.01.16 10:05:45.707,0.79091,0.79105,1.50,4.13
2012.01.16 10:05:46.272,0.79091,0.79105,1.50,4.13
2012.01.16 10:05:46.487,0.79091,0.79105,1.50,4.13
2012.01.16 10:05:47.047,0.79091,0.79105,1.50,4.13
2012.01.16 10:05:47.559,0.79092,0.79105,1.50,1.88
2012.01.16 10:05:47.841,0.79096,0.79108,1.50,2.63
2012.01.16 10:05:47.990,0.79096,0.7911,1.50,1.88
2012.01.16 10:05:48.057,0.79098,0.79112,1.50,1.13
2012.01.16 10:05:48.524,0.79098,0.79114,2.25,4.35
2012.01.16 10:05:48.889,0.79098,0.79111,2.25,1.88
2012.01.16 10:05:49.280,0.79098,0.79111,1.50,3.23
2012.01.16 10:05:49.755,0.79098,0.79111,1.50,1.88
2012.01.16 10:05:49.949,0.79096,0.7911,2.25,1.50
2012.01.16 10:05:51.494,0.79096,0.7911,1.50,3.00
2012.01.16 10:05:51.964,0.79093,0.79109,3.75,2.25
2012.01.16 10:05:52.505,0.79093,0.79107,3.38,2.25
2012.01.16 10:05:52.720,0.79098,0.79109,1.50,1.50
2012.01.16 10:05:52.787,0.79099,0.79111,1.50,3.38
2012.01.16 10:05:52.929,0.791,0.79111,1.88,1.50
2012.01.16 10:05:53.211,0.79099,0.79107,3.68,1.88
2012.01.16 10:05:53.550,0.79094,0.79107,3.00,1.88
2012.01.16 10:05:53.658,0.79095,0.7911,2.63,2.63
2012.01.16 10:05:53.872,0.79095,0.7911,1.88,3.38
2012.01.16 10:05:54.092,0.79096,0.7911,1.50,4.13
2012.01.16 10:05:54.176,0.79097,0.79109,1.50,1.50
2012.01.16 10:05:54.529,0.79097,0.79103,1.50,2.48
2012.01.16 10:05:54.598,0.79095,0.79103,1.50,2.48
2012.01.16 10:05:54.926,0.79086,0.79098,2.25,1.50
2012.01.16 10:05:55.007,0.79084,0.79098,3.38,2.25
2012.01.16 10:05:55.152,0.79084,0.79098,2.25,1.50
2012.01.16 10:05:55.228,0.79083,0.79096,1.50,1.50
2012.01.16 10:05:55.367,0.79084,0.79098,1.50,1.50
2012.01.16 10:05:56.134,0.79087,0.79103,1.50,5.25
2012.01.16 10:05:56.207,0.79087,0.79103,1.50,5.25
2012.01.16 10:05:56.592,0.79087,0.79095,1.50,1.88
2012.01.16 10:05:56.680,0.79081,0.79095,1.50,1.88
2012.01.16 10:05:57.227,0.79078,0.79094,3.00,1.50
2012.01.16 10:05:57.778,0.7908,0.79095,2.25,1.88
2012.01.16 10:05:58.301,0.79079,0.79094,1.13,1.50
2012.01.16 10:05:58.909,0.79078,0.79094,2.25,3.69
2012.01.16 10:05:59.285,0.79078,0.79094,3.00,1.50
2012.01.16 10:05:59.596,0.79081,0.79096,2.63,1.50
2012.01.16 10:06:00.202,0.79081,0.79096,2.63,3.69
2012.01.16 10:06:00.835,0.7908,0.79096,1.50,4.07
2012.01.16 10:06:00.906,0.79079,0.79093,1.50,1.50
2012.01.16 10:06:01.466,0.79081,0.79095,1.50,1.50
2012.01.16 10:06:01.958,0.79081,0.79095,1.50,2.25
2012.01.16 10:06:02.445,0.79081,0.79095,2.25,2.25
2012.01.16 10:06:03.382,0.79081,0.79095,1.50,2.25
2012.01.16 10:06:04.455,0.79081,0.79095,1.50,2.25
2012.01.16 10:06:04.914,0.79081,0.79095,1.50,2.25
2012.01.16 10:06:05.600,0.79081,0.79093,1.50,1.88
2012.01.16 10:06:06.005,0.79078,0.7909,3.68,1.50
2012.01.16 10:06:06.080,0.79076,0.79089,2.25,1.88
2012.01.16 10:06:06.626,0.79076,0.79089,1.50,1.88
2012.01.16 10:06:07.189,0.79076,0.7909,1.50,2.25
2012.01.16 10:06:10.296,0.79081,0.79093,1.50,3.68
2012.01.16 10:06:11.154,0.79081,0.79095,1.50,1.50
2012.01.16 10:06:11.679,0.79081,0.79095,1.50,4.13
2012.01.16 10:06:12.218,0.79081,0.79095,2.25,1.50
2012.01.16 10:06:13.521,0.79081,0.79095,1.50,4.13
2012.01.16 10:06:14.088,0.79081,0.79095,2.25,2.25
2012.01.16 10:06:14.615,0.79081,0.79095,1.50,2.25
2012.01.16 10:06:17.196,0.79081,0.79095,2.25,2.25
2012.01.16 10:06:17.746,0.79082,0.79096,2.25,3.00
2012.01.16 10:06:18.241,0.79082,0.79096,3.00,2.25
2012.01.16 10:06:18.598,0.79085,0.79097,1.50,1.50
2012.01.16 10:06:18.877,0.79081,0.79096,3.75,1.50
2012.01.16 10:06:19.016,0.79083,0.79096,1.50,1.50
2012.01.16 10:06:19.391,0.79086,0.79101,3.38,1.50
2012.01.16 10:06:19.600,0.79086,0.79101,1.50,1.50
2012.01.16 10:06:20.270,0.79086,0.79102,3.38,3.75
2012.01.16 10:06:21.226,0.7909,0.79102,1.88,3.00
2012.01.16 10:06:21.765,0.7909,0.79104,1.88,1.50
2012.01.16 10:06:22.705,0.79089,0.79104,1.88,2.25
2012.01.16 10:06:22.906,0.79087,0.79103,1.50,2.25
2012.01.16 10:06:23.179,0.7909,0.79104,1.50,3.00
2012.01.16 10:06:23.250,0.7909,0.79104,1.50,3.00
2012.01.16 10:06:23.845,0.79088,0.79102,3.75,1.50
2012.01.16 10:06:24.689,0.7909,0.79104,3.38,3.00
2012.01.16 10:06:26.487,0.7909,0.79098,1.88,1.88
2012.01.16 10:06:26.910,0.79087,0.79097,1.50,1.50
2012.01.16 10:06:27.051,0.79083,0.79097,1.50,3.00
2012.01.16 10:06:28.911,0.79087,0.79099,1.88,2.25
2012.01.16 10:06:28.988,0.79085,0.79099,1.50,2.25
2012.01.16 10:06:29.296,0.79087,0.79101,1.50,3.00
2012.01.16 10:06:30.138,0.79087,0.79101,1.50,3.00
2012.01.16 10:06:30.620,0.79084,0.79098,1.88,1.50
2012.01.16 10:06:30.816,0.79083,0.79096,2.25,1.50
2012.01.16 10:06:33.261,0.7908,0.79096,6.68,2.85
2012.01.16 10:06:33.780,0.79079,0.79093,1.50,3.75
2012.01.16 10:06:34.118,0.79076,0.7909,1.50,1.50
2012.01.16 10:06:34.781,0.79078,0.79092,1.50,2.25
2012.01.16 10:06:35.406,0.79079,0.79092,2.63,1.50
2012.01.16 10:06:35.484,0.79079,0.79092,1.88,1.50
2012.01.16 10:06:35.563,0.79081,0.79095,2.25,2.25
2012.01.16 10:06:35.779,0.79081,0.79095,1.50,1.35
2012.01.16 10:06:35.846,0.79079,0.79093,3.00,2.25
2012.01.16 10:06:36.378,0.79079,0.79093,1.50,2.25
2012.01.16 10:06:36.454,0.79079,0.79093,4.13,2.25
2012.01.16 10:06:36.674,0.7908,0.79096,2.25,3.75
2012.01.16 10:06:37.250,0.79078,0.79091,1.88,1.50
2012.01.16 10:06:37.601,0.79075,0.79088,1.88,1.50
2012.01.16 10:06:37.750,0.79072,0.79088,3.75,1.50
2012.01.16 10:06:37.887,0.79072,0.79088,3.75,3.00
2012.01.16 10:06:38.228,0.79075,0.79089,1.50,2.25
2012.01.16 10:06:39.033,0.79075,0.79088,1.50,1.50
2012.01.16 10:06:39.590,0.79073,0.79087,1.50,3.00
2012.01.16 10:06:39.727,0.79075,0.79087,1.50,1.50
2012.01.16 10:06:39.987,0.79075,0.79089,1.50,2.25
2012.01.16 10:06:43.428,0.79078,0.79091,1.50,2.25
2012.01.16 10:06:44.177,0.79081,0.79094,1.50,2.25
2012.01.16 10:06:44.519,0.79078,0.79094,3.00,4.13
2012.01.16 10:06:44.800,0.79078,0.79094,2.25,3.75
2012.01.16 10:06:45.150,0.7908,0.79096,4.13,2.25
2012.01.16 10:06:45.500,0.79078,0.79094,4.50,2.25
2012.01.16 10:06:45.761,0.79078,0.79094,1.50,2.25
2012.01.16 10:06:45.834,0.79081,0.79095,1.50,3.38
2012.01.16 10:06:45.913,0.79078,0.79093,2.93,2.25
2012.01.16 10:06:46.435,0.79077,0.79093,3.38,2.25
2012.01.16 10:06:46.787,0.79077,0.79087,1.50,2.25
2012.01.16 10:06:46.857,0.79072,0.79086,1.50,1.50
2012.01.16 10:06:47.115,0.79071,0.79084,2.63,1.50
2012.01.16 10:06:47.378,0.79071,0.79084,1.88,2.25
2012.01.16 10:06:47.962,0.7907,0.79084,1.50,2.25
2012.01.16 10:06:48.970,0.7907,0.7908,1.50,1.88
2012.01.16 10:06:49.043,0.79065,0.79079,3.00,1.50
2012.01.16 10:06:49.594,0.79065,0.79079,1.50,2.25
2012.01.16 10:06:51.549,0.79065,0.79079,2.25,1.50
2012.01.16 10:06:52.110,0.79067,0.79083,1.50,2.25
2012.01.16 10:06:52.666,0.79065,0.79079,1.50,2.25
2012.01.16 10:06:54.271,0.79065,0.79079,1.50,2.25
2012.01.16 10:06:54.629,0.79065,0.79079,1.50,2.25
2012.01.16 10:06:55.158,0.79065,0.79079,1.50,2.25
2012.01.16 10:06:55.486,0.79068,0.7908,1.50,1.50
2012.01.16 10:06:55.825,0.7907,0.79084,1.50,1.50
2012.01.16 10:06:56.042,0.7907,0.79083,1.50,2.63
2012.01.16 10:06:56.118,0.79068,0.79082,3.00,2.25
2012.01.16 10:06:57.161,0.79068,0.7908,1.50,1.88
2012.01.16 10:06:57.367,0.79065,0.79079,1.50,1.50
2012.01.16 10:06:57.687,0.79065,0.79079,1.50,3.00
2012.01.16 10:06:58.267,0.79065,0.79078,1.50,1.50
2012.01.16 10:06:59.242,0.79065,0.79079,1.50,3.00
2012.01.16 10:06:59.460,0.79065,0.79079,1.50,1.50
2012.01.16 10:06:59.847,0.79068,0.79082,1.50,4.35
2012.01.16 10:07:00.776,0.79068,0.7908,1.50,3.38
2012.01.16 10:07:00.850,0.79065,0.79079,1.50,2.25
2012.01.16 10:07:01.415,0.79065,0.79079,1.50,2.25
2012.01.16 10:07:01.490,0.79068,0.79081,1.50,2.25
2012.01.16 10:07:01.559,0.79068,0.79082,1.50,1.35
2012.01.16 10:07:01.974,0.79065,0.79079,1.50,1.50
2012.01.16 10:07:02.317,0.79061,0.79077,4.13,1.50
2012.01.16 10:07:02.583,0.79061,0.79077,3.38,1.50
2012.01.16 10:07:07.455,0.79065,0.79078,1.50,2.63
2012.01.16 10:07:08.486,0.79065,0.79079,2.25,2.25
2012.01.16 10:07:08.805,0.79067,0.79082,1.50,2.48
2012.01.16 10:07:09.321,0.79065,0.79075,1.50,1.88
2012.01.16 10:07:09.822,0.79061,0.79072,1.50,1.50
2012.01.16 10:07:09.898,0.79063,0.79077,1.50,3.00
2012.01.16 10:07:12.026,0.79061,0.79076,2.25,2.25
2012.01.16 10:07:12.748,0.7906,0.79076,3.38,4.73
2012.01.16 10:07:13.254,0.7906,0.79073,1.88,2.25
2012.01.16 10:07:13.400,0.79057,0.79073,2.25,2.25
2012.01.16 10:07:13.585,0.7906,0.79074,1.50,4.13
2012.01.16 10:07:14.124,0.7906,0.79074,1.50,4.13
2012.01.16 10:07:14.386,0.7906,0.79074,1.50,4.13
2012.01.16 10:07:15.121,0.7906,0.79074,2.25,4.13
2012.01.16 10:07:18.206,0.7906,0.79074,1.50,2.25
2012.01.16 10:07:18.779,0.79063,0.79076,1.50,3.00
2012.01.16 10:07:19.107,0.79063,0.79076,1.50,1.50
2012.01.16 10:07:19.457,0.7906,0.79074,1.50,1.88
2012.01.16 10:07:19.995,0.7906,0.79074,1.50,2.63
2012.01.16 10:07:20.761,0.79061,0.79076,1.50,3.75
2012.01.16 10:07:21.106,0.79062,0.79076,2.25,1.50
2012.01.16 10:07:24.937,0.79062,0.79078,2.25,4.13
2012.01.16 10:07:25.663,0.79062,0.79078,2.25,4.13
2012.01.16 10:07:25.860,0.79062,0.79078,2.25,4.13
2012.01.16 10:07:26.460,0.79062,0.79078,2.25,2.25
2012.01.16 10:07:26.775,0.79062,0.79078,2.25,2.25
2012.01.16 10:07:26.849,0.79062,0.79078,2.25,2.25
2012.01.16 10:07:27.060,0.79069,0.7908,1.50,1.50
2012.01.16 10:07:27.393,0.79072,0.79085,2.25,1.50
2012.01.16 10:07:27.658,0.79072,0.79086,1.50,5.63
2012.01.16 10:07:28.148,0.79072,0.79085,1.50,4.13
2012.01.16 10:07:28.356,0.79069,0.79083,2.25,2.25
2012.01.16 10:07:28.502,0.79071,0.79086,1.50,1.50
2012.01.16 10:07:28.724,0.79068,0.79084,1.50,4.13
2012.01.16 10:07:28.800,0.79071,0.79084,1.50,2.63
2012.01.16 10:07:29.226,0.79071,0.79087,1.50,2.85
2012.01.16 10:07:29.301,0.79075,0.79087,1.50,1.35
2012.01.16 10:07:32.247,0.79075,0.79089,1.50,2.25
2012.01.16 10:07:32.603,0.79077,0.79092,1.50,2.63
2012.01.16 10:07:32.684,0.79077,0.79092,1.50,1.88
2012.01.16 10:07:33.239,0.79077,0.79093,1.50,2.10
2012.01.16 10:07:36.495,0.79081,0.79094,1.50,3.00
2012.01.16 10:07:36.918,0.79081,0.79094,1.50,3.00
2012.01.16 10:07:37.298,0.79074,0.79085,1.88,2.25
2012.01.16 10:07:37.447,0.79078,0.79085,1.50,2.25
2012.01.16 10:07:37.525,0.79068,0.79084,6.30,2.25
2012.01.16 10:07:37.728,0.79068,0.79084,3.68,4.13
2012.01.16 10:07:38.294,0.79067,0.79081,2.25,1.50
2012.01.16 10:07:39.781,0.79069,0.79083,1.50,2.25
2012.01.16 10:07:40.137,0.79074,0.79085,1.50,1.50
2012.01.16 10:07:40.489,0.79076,0.79088,1.50,1.50
2012.01.16 10:07:40.558,0.79076,0.7909,2.25,1.50
2012.01.16 10:07:41.076,0.79076,0.79092,1.50,4.88
2012.01.16 10:07:41.145,0.79076,0.79092,1.50,4.88
2012.01.16 10:07:45.053,0.79076,0.79092,1.50,4.88
2012.01.16 10:07:45.336,0.79073,0.79087,3.68,1.50
2012.01.16 10:07:45.552,0.79071,0.79085,2.18,3.38
2012.01.16 10:07:45.884,0.79069,0.79085,1.50,3.38
2012.01.16 10:07:46.428,0.79069,0.79085,2.25,4.13
2012.01.16 10:07:47.359,0.79069,0.79085,2.25,4.13
2012.01.16 10:07:47.576,0.79071,0.79085,1.50,2.63
2012.01.16 10:07:48.541,0.79074,0.79086,1.50,1.50
2012.01.16 10:07:48.877,0.79078,0.7909,1.50,3.98
2012.01.16 10:07:49.383,0.79075,0.7909,1.50,3.98
2012.01.16 10:07:49.730,0.79079,0.7909,1.50,3.23
2012.01.16 10:07:50.435,0.79079,0.7909,1.50,3.23
2012.01.16 10:07:50.636,0.79079,0.79087,1.50,2.19
2012.01.16 10:07:50.785,0.79077,0.79085,1.50,2.63
2012.01.16 10:07:50.864,0.79073,0.79085,1.50,2.63
2012.01.16 10:07:51.366,0.79068,0.79084,4.13,1.50
2012.01.16 10:07:51.447,0.79073,0.79085,1.50,1.50
2012.01.16 10:07:51.784,0.79071,0.79085,1.50,3.00
2012.01.16 10:07:51.990,0.79073,0.79086,1.50,1.50
2012.01.16 10:07:54.110,0.79073,0.79087,1.50,2.63
2012.01.16 10:07:54.310,0.79077,0.79087,1.50,2.63
2012.01.16 10:07:54.521,0.79077,0.7909,3.38,1.50
2012.01.16 10:07:54.603,0.7908,0.79092,1.50,2.25
2012.01.16 10:07:55.080,0.7908,0.79095,1.50,4.13
2012.01.16 10:07:59.040,0.7908,0.79092,1.50,4.13
2012.01.16 10:07:59.260,0.79079,0.79091,1.50,1.50
2012.01.16 10:07:59.327,0.79075,0.79091,1.50,3.00
2012.01.16 10:07:59.466,0.79075,0.79091,1.50,3.00
2012.01.16 10:07:59.808,0.79077,0.79091,1.50,1.50
2012.01.16 10:08:01.408,0.79077,0.79092,1.50,1.50
2012.01.16 10:08:01.690,0.79077,0.79088,1.50,1.88
2012.01.16 10:08:01.831,0.79075,0.79088,1.50,2.63
2012.01.16 10:08:01.983,0.79078,0.79092,1.50,3.75
2012.01.16 10:08:02.829,0.7908,0.79092,1.50,2.25
2012.01.16 10:08:03.148,0.79082,0.79089,1.50,1.88
2012.01.16 10:08:03.349,0.79079,0.79089,1.50,1.88
2012.01.16 10:08:05.109,0.79076,0.79089,1.50,1.88
2012.01.16 10:08:05.610,0.79077,0.7909,1.50,3.38
2012.01.16 10:08:09.487,0.79078,0.79093,1.88,3.75
2012.01.16 10:08:09.631,0.79081,0.79093,1.50,2.25
2012.01.16 10:08:09.774,0.79081,0.79094,1.50,1.50
2012.01.16 10:08:12.487,0.79081,0.79094,1.50,1.50
2012.01.16 10:08:13.731,0.79081,0.79092,1.50,3.38
2012.01.16 10:08:13.813,0.79077,0.79091,1.50,2.25
2012.01.16 10:08:13.952,0.79077,0.79089,1.50,1.50
2012.01.16 10:08:14.028,0.79075,0.79088,1.50,2.25
2012.01.16 10:08:14.358,0.79074,0.79088,1.50,2.25
2012.01.16 10:08:14.913,0.79074,0.79086,1.50,1.50
2012.01.16 10:08:27.689,0.79074,0.79086,2.25,2.63
2012.01.16 10:08:28.072,0.7907,0.7908,1.50,1.88
2012.01.16 10:08:28.486,0.79067,0.7908,1.50,1.88
2012.01.16 10:08:29.033,0.79067,0.79083,1.50,2.25
2012.01.16 10:08:29.113,0.79071,0.79084,1.50,1.50
2012.01.16 10:08:29.195,0.79071,0.79085,1.50,4.88
2012.01.16 10:08:29.804,0.79071,0.79084,1.50,1.50
2012.01.16 10:08:29.887,0.79068,0.79082,1.50,4.13
2012.01.16 10:08:30.028,0.79071,0.79084,1.50,1.50
2012.01.16 10:08:30.566,0.79069,0.79082,1.50,2.25
2012.01.16 10:08:31.115,0.79068,0.79081,1.50,2.63
2012.01.16 10:08:34.147,0.79068,0.79082,1.50,2.25
2012.01.16 10:08:35.181,0.79068,0.7908,1.50,1.88
2012.01.16 10:08:36.925,0.79068,0.7908,1.50,1.50
2012.01.16 10:08:37.997,0.79063,0.79077,1.50,4.13
2012.01.16 10:08:38.214,0.79063,0.79072,1.50,1.88
2012.01.16 10:08:38.370,0.79061,0.79072,1.50,1.88
2012.01.16 10:08:38.648,0.79058,0.79072,1.50,4.13
2012.01.16 10:08:38.788,0.79058,0.79071,1.50,1.50
2012.01.16 10:08:39.355,0.79059,0.79071,1.50,1.50
2012.01.16 10:08:39.559,0.79059,0.79072,1.50,2.63
2012.01.16 10:08:40.126,0.79059,0.79072,1.50,3.38
2012.01.16 10:08:40.646,0.79059,0.79071,1.50,1.50
2012.01.16 10:08:40.720,0.79058,0.7907,1.50,1.50
2012.01.16 10:08:40.788,0.79055,0.79069,1.50,2.25
2012.01.16 10:08:41.377,0.79056,0.79068,1.50,1.50
2012.01.16 10:08:41.758,0.79056,0.79072,1.50,3.00
2012.01.16 10:08:42.019,0.7906,0.79072,1.50,1.50
2012.01.16 10:08:42.435,0.79056,0.79071,1.50,1.50
2012.01.16 10:08:42.581,0.79056,0.79069,1.50,1.50
2012.01.16 10:08:43.546,0.79053,0.79065,2.25,1.88
2012.01.16 10:08:43.899,0.79051,0.79065,2.25,3.38
2012.01.16 10:08:45.567,0.79051,0.79065,1.50,2.25
2012.01.16 10:08:45.840,0.79049,0.79063,1.50,1.50
2012.01.16 10:08:46.362,0.79049,0.79063,1.50,2.25
2012.01.16 10:08:47.138,0.79049,0.79063,1.50,2.25
2012.01.16 10:08:47.461,0.79051,0.79064,1.50,2.93
2012.01.16 10:08:47.824,0.79053,0.79066,1.50,3.00
2012.01.16 10:08:48.111,0.79056,0.79069,1.50,1.13
2012.01.16 10:08:48.189,0.79056,0.79069,1.50,1.13
2012.01.16 10:08:48.670,0.79054,0.79069,1.50,1.13
2012.01.16 10:08:48.877,0.79054,0.79067,1.50,3.38
2012.01.16 10:08:49.008,0.79052,0.79063,1.50,1.88
2012.01.16 10:08:49.963,0.79049,0.79063,1.50,2.25
2012.01.16 10:08:50.044,0.79047,0.7906,1.50,1.50
2012.01.16 10:08:50.119,0.79044,0.7906,4.13,1.50
2012.01.16 10:08:50.191,0.79044,0.7906,3.38,2.48
2012.01.16 10:08:50.555,0.79043,0.79055,1.50,1.88
2012.01.16 10:08:52.710,0.79039,0.79055,1.50,4.13
2012.01.16 10:08:52.785,0.79039,0.7905,1.50,1.88
2012.01.16 10:08:53.149,0.79039,0.79045,1.50,1.50
2012.01.16 10:08:53.563,0.79037,0.79043,1.50,1.50
2012.01.16 10:08:53.650,0.7903,0.79043,2.25,1.50
2012.01.16 10:08:53.729,0.79035,0.79046,1.50,1.50
2012.01.16 10:08:54.281,0.79035,0.79049,1.50,3.00
2012.01.16 10:08:55.902,0.79037,0.7905,1.50,1.88
2012.01.16 10:08:56.247,0.79037,0.7905,1.50,2.63
2012.01.16 10:08:56.512,0.79037,0.7905,1.50,2.63
2012.01.16 10:08:58.756,0.79037,0.7905,1.50,2.63
2012.01.16 10:09:01.082,0.79034,0.7905,2.25,4.13
2012.01.16 10:09:01.612,0.79034,0.79049,2.25,2.10
2012.01.16 10:09:02.132,0.79038,0.79052,1.50,3.00
2012.01.16 10:09:02.928,0.79038,0.79052,3.38,1.50
2012.01.16 10:09:03.073,0.79038,0.79052,5.48,1.50
2012.01.16 10:09:03.221,0.79041,0.79055,2.25,3.75
2012.01.16 10:09:03.371,0.79041,0.79055,1.50,1.50
2012.01.16 10:09:03.459,0.79045,0.79058,1.50,2.63
2012.01.16 10:09:03.946,0.79045,0.79059,1.50,1.50
2012.01.16 10:09:04.538,0.79046,0.7906,1.50,1.50
2012.01.16 10:09:04.740,0.79046,0.79057,1.50,1.88
2012.01.16 10:09:04.880,0.79042,0.79057,2.25,2.63
2012.01.16 10:09:05.210,0.79044,0.7906,2.25,2.25
2012.01.16 10:09:05.587,0.79048,0.7906,1.50,2.25
2012.01.16 10:09:05.932,0.79051,0.79062,1.50,1.50
2012.01.16 10:09:06.647,0.79051,0.79065,1.50,4.13
2012.01.16 10:09:07.206,0.79051,0.79065,1.50,3.38
2012.01.16 10:09:09.118,0.79051,0.79065,3.00,3.38
2012.01.16 10:09:09.208,0.79057,0.79065,1.35,1.50
2012.01.16 10:09:09.566,0.79061,0.79075,2.25,3.00
2012.01.16 10:09:09.645,0.79062,0.79076,1.50,1.04
2012.01.16 10:09:09.720,0.79062,0.79077,1.50,4.73
2012.01.16 10:09:09.938,0.79062,0.79073,1.50,1.88
2012.01.16 10:09:10.395,0.79061,0.79075,2.25,2.25
2012.01.16 10:09:10.952,0.79063,0.79076,1.50,1.88
2012.01.16 10:09:11.477,0.79063,0.79077,2.25,1.50
2012.01.16 10:09:13.214,0.79063,0.79076,2.25,1.88
2012.01.16 10:09:13.765,0.79063,0.79077,2.25,1.50
2012.01.16 10:09:14.170,0.79063,0.79073,1.50,1.88
2012.01.16 10:09:14.620,0.79057,0.79073,1.50,1.50
2012.01.16 10:09:16.169,0.79057,0.79073,1.50,3.00
2012.01.16 10:09:16.486,0.79057,0.7907,1.50,1.88
2012.01.16 10:09:17.297,0.79057,0.79065,1.50,1.88
2012.01.16 10:09:17.827,0.79054,0.79065,2.25,1.88
2012.01.16 10:09:18.181,0.79051,0.79066,1.50,1.88
2012.01.16 10:09:18.259,0.79051,0.79066,2.25,1.88
2012.01.16 10:09:18.595,0.79049,0.7906,1.50,1.88
2012.01.16 10:09:19.124,0.7905,0.7906,1.50,1.88
2012.01.16 10:09:20.575,0.7905,0.79062,1.50,1.88
2012.01.16 10:09:21.945,0.7905,0.79066,1.50,6.30
2012.01.16 10:09:22.017,0.79053,0.79066,1.50,4.80
2012.01.16 10:09:22.280,0.79053,0.79066,1.50,3.38
2012.01.16 10:09:22.900,0.79053,0.79066,1.50,2.63
2012.01.16 10:09:30.966,0.79053,0.79063,2.25,1.88
2012.01.16 10:09:31.044,0.7905,0.79063,1.50,2.63
2012.01.16 10:09:31.120,0.79048,0.7906,1.50,2.18
2012.01.16 10:09:31.330,0.79049,0.79064,1.50,2.25
2012.01.16 10:09:31.543,0.79052,0.79066,1.50,2.25
2012.01.16 10:09:31.886,0.79052,0.79066,2.25,1.50
2012.01.16 10:09:32.341,0.79052,0.79066,1.50,2.63
2012.01.16 10:09:33.858,0.79056,0.79066,1.50,2.63
2012.01.16 10:09:35.046,0.79056,0.79069,1.50,1.50
2012.01.16 10:09:35.372,0.79056,0.79069,1.50,1.50
2012.01.16 10:09:36.627,0.79056,0.79066,1.50,1.88
2012.01.16 10:09:36.762,0.79053,0.79066,1.50,1.88
2012.01.16 10:09:36.913,0.79053,0.79066,1.50,3.38
2012.01.16 10:09:37.000,0.79049,0.79062,1.88,1.35
2012.01.16 10:09:37.073,0.79047,0.79061,1.50,1.50
2012.01.16 10:09:37.371,0.79047,0.79058,1.50,1.88
2012.01.16 10:09:37.450,0.79044,0.79058,1.50,3.98
2012.01.16 10:09:37.529,0.79044,0.79055,1.50,1.88
2012.01.16 10:09:38.089,0.7904,0.79055,3.00,1.88
2012.01.16 10:09:38.159,0.7904,0.79055,3.00,2.63
2012.01.16 10:09:40.758,0.7904,0.79055,2.25,1.88
2012.01.16 10:09:41.289,0.79042,0.79056,2.25,1.50
2012.01.16 10:09:41.496,0.79045,0.79059,1.50,1.50
2012.01.16 10:09:58.437,0.79045,0.79059,2.25,2.25
2012.01.16 10:09:58.807,0.79042,0.79058,1.50,2.25
2012.01.16 10:10:01.277,0.7904,0.79054,3.00,1.50
2012.01.16 10:10:01.617,0.79037,0.79051,1.50,1.88
2012.01.16 10:10:02.117,0.79039,0.79053,1.50,1.50
2012.01.16 10:10:04.786,0.79037,0.79051,3.75,1.50
2012.01.16 10:10:05.354,0.79037,0.7905,1.50,3.98
2012.01.16 10:10:05.893,0.79036,0.7905,2.25,1.88
2012.01.16 10:10:06.247,0.79031,0.79045,2.25,1.50
2012.01.16 10:10:07.186,0.79034,0.79045,1.88,1.50
2012.01.16 10:10:07.529,0.79034,0.79047,2.63,1.50
2012.01.16 10:10:08.183,0.79034,0.79047,2.63,2.25
2012.01.16 10:10:08.707,0.79034,0.79047,2.63,2.25
2012.01.16 10:10:09.761,0.7903,0.79045,3.38,1.50
2012.01.16 10:10:09.838,0.7903,0.79045,2.63,1.50
2012.01.16 10:10:12.071,0.7903,0.79042,1.88,1.50
2012.01.16 10:10:12.282,0.79029,0.79045,2.25,4.35
2012.01.16 10:10:12.681,0.79025,0.7904,2.25,2.25
2012.01.16 10:10:13.253,0.79027,0.79041,2.25,2.25
2012.01.16 10:10:13.925,0.79027,0.79041,2.25,2.25
2012.01.16 10:10:14.420,0.79028,0.79042,1.50,2.25
2012.01.16 10:10:15.050,0.79028,0.79042,1.50,1.50
2012.01.16 10:10:17.229,0.79028,0.79038,1.50,1.88
2012.01.16 10:10:17.303,0.79025,0.79038,2.25,1.88
2012.01.16 10:10:17.840,0.79025,0.79039,2.25,3.38
2012.01.16 10:10:18.122,0.79025,0.79039,1.50,2.25
2012.01.16 10:10:18.491,0.79022,0.79029,2.18,2.25
2012.01.16 10:10:18.564,0.79017,0.79029,1.50,1.50
2012.01.16 10:10:19.253,0.79018,0.79032,1.50,1.50
2012.01.16 10:10:19.760,0.79021,0.79035,1.50,4.13
2012.01.16 10:10:20.049,0.79018,0.79031,1.50,2.63
2012.01.16 10:10:20.556,0.79015,0.79031,3.00,3.38
2012.01.16 10:10:21.118,0.79015,0.79031,1.50,4.73
2012.01.16 10:10:21.475,0.79015,0.79031,1.50,4.73
2012.01.16 10:10:21.852,0.79015,0.79031,1.50,3.98
2012.01.16 10:10:22.466,0.79018,0.79031,1.50,1.88
2012.01.16 10:10:23.010,0.79019,0.79031,4.05,1.50
2012.01.16 10:10:23.222,0.79022,0.79035,1.50,3.38
2012.01.16 10:10:23.745,0.79022,0.79036,1.50,1.50
2012.01.16 10:10:24.205,0.79022,0.79035,1.50,4.13
2012.01.16 10:10:24.281,0.79019,0.79033,2.25,1.50
2012.01.16 10:10:24.838,0.79019,0.79033,2.25,2.25
2012.01.16 10:10:25.542,0.79019,0.7903,2.25,1.88
2012.01.16 10:10:26.038,0.79016,0.79031,1.13,1.50
2012.01.16 10:10:26.110,0.79017,0.79033,2.25,2.25
2012.01.16 10:10:26.669,0.79017,0.79032,2.25,1.50
2012.01.16 10:10:27.213,0.79018,0.79034,1.50,2.10
2012.01.16 10:10:27.459,0.79018,0.7903,1.50,1.88
2012.01.16 10:10:27.529,0.79016,0.7903,3.00,3.38
2012.01.16 10:10:28.392,0.79018,0.79034,1.50,4.88
2012.01.16 10:10:28.471,0.79018,0.79032,1.50,1.88
2012.01.16 10:10:29.070,0.79018,0.7903,1.50,1.88
2012.01.16 10:10:29.211,0.79018,0.79034,1.50,4.73
2012.01.16 10:10:29.348,0.7902,0.79034,1.50,3.23
2012.01.16 10:10:30.767,0.79019,0.79033,2.25,1.50
2012.01.16 10:10:32.060,0.7902,0.79036,2.25,1.50
2012.01.16 10:10:33.178,0.79021,0.79036,1.88,1.50
2012.01.16 10:10:33.326,0.79024,0.79038,1.50,3.00
2012.01.16 10:10:33.679,0.79027,0.79041,1.50,2.48
2012.01.16 10:10:34.154,0.7903,0.79043,1.50,2.48
2012.01.16 10:10:34.583,0.7903,0.79043,3.00,2.10
2012.01.16 10:10:34.660,0.7903,0.79043,2.25,2.10
2012.01.16 10:10:35.482,0.79027,0.79041,2.25,2.48
2012.01.16 10:10:36.251,0.7903,0.79042,1.50,2.48
2012.01.16 10:10:36.668,0.79028,0.79042,1.50,2.85
2012.01.16 10:10:37.161,0.79024,0.79039,2.25,5.55
2012.01.16 10:10:37.720,0.79024,0.79039,1.50,5.55
2012.01.16 10:10:38.476,0.79024,0.79039,1.50,5.93
2012.01.16 10:10:38.688,0.79027,0.79039,1.50,2.93
2012.01.16 10:10:39.235,0.79027,0.79041,1.50,1.50
2012.01.16 10:10:40.708,0.7903,0.79041,1.50,1.50
2012.01.16 10:10:41.253,0.7903,0.79042,1.50,1.13
2012.01.16 10:10:41.475,0.79026,0.79042,1.50,2.63
2012.01.16 10:10:41.698,0.79026,0.79042,2.25,2.25
2012.01.16 10:10:42.487,0.79026,0.79042,1.50,3.00
2012.01.16 10:10:43.045,0.79027,0.79042,2.25,3.00
2012.01.16 10:10:43.116,0.7903,0.79042,1.50,1.50
2012.01.16 10:10:43.515,0.7903,0.79043,1.50,3.00
2012.01.16 10:10:43.587,0.79028,0.79042,1.50,1.50
2012.01.16 10:10:43.802,0.79029,0.79045,1.50,7.80
2012.01.16 10:10:43.960,0.79029,0.79041,1.50,2.19
2012.01.16 10:10:44.435,0.79023,0.79038,2.25,2.63
2012.01.16 10:10:44.940,0.79023,0.79038,2.25,2.63
2012.01.16 10:10:45.632,0.79023,0.79038,1.50,1.88
2012.01.16 10:10:46.089,0.79025,0.79039,1.50,1.50
2012.01.16 10:10:46.437,0.7903,0.79041,1.50,1.13
2012.01.16 10:10:47.420,0.7903,0.79041,1.50,3.98
2012.01.16 10:10:47.702,0.79025,0.79035,1.50,1.50
2012.01.16 10:10:47.779,0.79019,0.79035,3.00,1.50
2012.01.16 10:10:47.990,0.79023,0.79036,1.50,4.80
2012.01.16 10:10:49.136,0.79019,0.79035,1.50,6.17
2012.01.16 10:10:49.677,0.79019,0.79031,1.50,1.88
2012.01.16 10:10:50.222,0.79019,0.79032,1.50,2.63
2012.01.16 10:10:51.516,0.79019,0.79035,1.50,5.18
2012.01.16 10:10:51.586,0.79021,0.79035,1.50,3.00
2012.01.16 10:10:51.656,0.79021,0.79035,1.50,2.25
2012.01.16 10:10:52.156,0.79022,0.79036,1.50,5.57
2012.01.16 10:10:52.760,0.79019,0.79032,1.50,1.88
2012.01.16 10:10:52.896,0.79016,0.79032,3.00,3.38
2012.01.16 10:10:53.549,0.79016,0.79032,1.50,4.88
2012.01.16 10:10:53.722,0.79016,0.79032,1.50,4.88
2012.01.16 10:10:54.540,0.79016,0.79032,1.50,4.88
2012.01.16 10:10:54.609,0.79016,0.79032,1.50,4.88
2012.01.16 10:10:54.981,0.79016,0.79032,1.50,4.88
2012.01.16 10:10:55.715,0.79016,0.79032,1.50,4.88
2012.01.16 10:10:56.244,0.79016,0.79032,1.50,4.88
2012.01.16 10:10:57.774,0.79019,0.79032,1.88,3.00
2012.01.16 10:10:58.135,0.79026,0.79039,1.50,1.50
2012.01.16 10:10:58.409,0.79025,0.7904,2.25,5.55
2012.01.16 10:10:59.198,0.79028,0.7904,1.50,2.63
2012.01.16 10:10:59.978,0.79028,0.79042,1.50,3.38
2012.01.16 10:11:01.872,0.79028,0.79042,1.50,3.38
2012.01.16 10:11:02.090,0.79025,0.79039,2.25,3.38
2012.01.16 10:11:02.637,0.79026,0.79039,2.25,1.88
2012.01.16 10:11:03.384,0.79026,0.79039,2.25,1.88
2012.01.16 10:11:03.997,0.79026,0.79041,2.25,2.25
2012.01.16 10:11:07.460,0.79026,0.79041,2.25,2.25
2012.01.16 10:11:08.880,0.79026,0.79041,2.25,1.88
2012.01.16 10:11:09.445,0.79027,0.79042,3.23,1.50
2012.01.16 10:11:09.592,0.7903,0.79044,2.25,3.00
2012.01.16 10:11:09.746,0.79035,0.79045,1.50,2.63
2012.01.16 10:11:10.017,0.79033,0.79045,2.25,2.63
2012.01.16 10:11:10.747,0.79033,0.79047,2.25,1.50
2012.01.16 10:11:11.752,0.79035,0.79047,1.50,1.50
2012.01.16 10:11:13.277,0.79033,0.79047,2.25,3.38
2012.01.16 10:11:13.626,0.79036,0.79049,1.50,1.50
2012.01.16 10:11:14.456,0.79036,0.7905,1.50,4.13
2012.01.16 10:11:15.070,0.79036,0.7905,1.50,3.38
2012.01.16 10:11:15.417,0.79038,0.79052,1.50,1.50
2012.01.16 10:11:16.843,0.79038,0.79053,2.25,2.19
2012.01.16 10:11:16.924,0.79038,0.79054,2.25,2.25
2012.01.16 10:11:17.307,0.79043,0.79055,1.50,2.63
2012.01.16 10:11:17.391,0.79043,0.79056,1.50,1.50
2012.01.16 10:11:19.478,0.79043,0.79057,1.50,2.25
2012.01.16 10:11:23.371,0.79044,0.79059,1.50,4.88
2012.01.16 10:11:23.451,0.79042,0.79058,1.50,4.13
2012.01.16 10:11:23.601,0.79042,0.79057,1.50,1.50
2012.01.16 10:11:23.918,0.79044,0.79058,1.50,2.63
2012.01.16 10:11:24.300,0.79042,0.79058,1.50,4.13
2012.01.16 10:11:24.546,0.79039,0.79055,2.25,1.50
2012.01.16 10:11:25.112,0.79042,0.79056,1.50,1.50
2012.01.16 10:11:25.458,0.7904,0.79054,1.50,1.50
2012.01.16 10:11:25.809,0.79042,0.79056,1.50,3.00
2012.01.16 10:11:27.319,0.79039,0.79053,1.50,1.50
2012.01.16 10:11:27.644,0.79041,0.79057,2.25,2.25
2012.01.16 10:11:34.258,0.79041,0.79057,2.25,1.50
2012.01.16 10:11:34.667,0.79045,0.79058,1.50,1.88
2012.01.16 10:11:35.022,0.79048,0.79058,1.50,1.88
2012.01.16 10:11:35.490,0.79043,0.79057,2.25,3.38
2012.01.16 10:11:36.355,0.79043,0.79057,2.25,3.38
2012.01.16 10:11:36.961,0.79043,0.79057,2.25,4.13
2012.01.16 10:11:37.531,0.7904,0.79054,3.75,3.38
2012.01.16 10:11:37.777,0.7904,0.79054,1.50,3.38
2012.01.16 10:11:37.922,0.7904,0.79054,2.25,1.50
2012.01.16 10:11:38.231,0.7904,0.79054,1.50,1.50
2012.01.16 10:11:38.376,0.79042,0.79055,2.25,2.63
2012.01.16 10:11:38.589,0.7904,0.79054,1.50,3.38
2012.01.16 10:11:40.165,0.79041,0.79057,2.25,4.88
2012.01.16 10:11:40.804,0.79041,0.79057,3.00,4.88
2012.01.16 10:11:41.366,0.79044,0.79058,2.25,2.25
2012.01.16 10:11:41.440,0.79044,0.7906,2.25,2.25
2012.01.16 10:11:42.038,0.79048,0.79061,1.50,3.38
2012.01.16 10:11:42.375,0.79048,0.79061,1.50,4.13
2012.01.16 10:11:42.740,0.79044,0.7906,2.25,2.25
2012.01.16 10:11:50.447,0.79044,0.7906,1.50,2.25
2012.01.16 10:11:50.655,0.79044,0.79058,2.25,1.88
2012.01.16 10:11:50.851,0.79044,0.7906,2.25,2.25
2012.01.16 10:11:50.988,0.79044,0.79057,2.25,1.88
2012.01.16 10:11:51.602,0.79045,0.79059,1.50,2.25
2012.01.16 10:11:52.272,0.79045,0.79059,3.38,1.50
2012.01.16 10:11:53.290,0.79042,0.79056,2.25,1.50
2012.01.16 10:11:53.359,0.79042,0.79056,1.50,1.50
2012.01.16 10:11:54.385,0.79045,0.79056,1.88,2.25
2012.01.16 10:11:54.933,0.79045,0.79058,1.88,1.50
2012.01.16 10:11:55.366,0.79043,0.79057,1.50,3.00
2012.01.16 10:11:58.439,0.79044,0.79057,1.88,3.00
2012.01.16 10:11:58.706,0.79044,0.7906,4.13,2.25
2012.01.16 10:11:59.213,0.79044,0.79059,3.38,1.35
2012.01.16 10:11:59.364,0.79043,0.79057,1.50,1.50
2012.01.16 10:11:59.728,0.7904,0.79054,1.50,2.18
2012.01.16 10:12:00.047,0.79038,0.79051,2.25,1.50
2012.01.16 10:12:00.194,0.79035,0.79049,1.88,1.50
2012.01.16 10:12:01.199,0.79033,0.79048,1.50,1.50
2012.01.16 10:12:01.759,0.79032,0.79045,1.88,1.50
2012.01.16 10:12:02.277,0.79031,0.79045,4.13,1.50
2012.01.16 10:12:02.701,0.79028,0.79042,3.00,1.50
2012.01.16 10:12:04.260,0.79028,0.79041,1.50,1.50
2012.01.16 10:12:04.332,0.79025,0.79039,1.50,2.25
2012.01.16 10:12:04.781,0.79026,0.79042,3.38,3.00
2012.01.16 10:12:05.191,0.79026,0.79042,3.38,4.50
2012.01.16 10:12:05.827,0.79025,0.79039,2.25,2.25
2012.01.16 10:12:05.957,0.79025,0.79039,2.25,1.50
2012.01.16 10:12:06.027,0.79025,0.79039,2.25,2.25
2012.01.16 10:12:06.238,0.79025,0.79039,1.50,1.50
2012.01.16 10:12:06.368,0.79025,0.79039,1.50,2.25
2012.01.16 10:12:06.770,0.79027,0.79039,1.88,2.25
2012.01.16 10:12:06.837,0.79027,0.79039,1.88,1.50
2012.01.16 10:12:07.124,0.79027,0.79041,3.38,1.50
2012.01.16 10:12:09.956,0.79027,0.79041,1.50,4.88
2012.01.16 10:12:10.168,0.79028,0.79041,1.88,1.50
2012.01.16 10:12:10.237,0.7903,0.79041,1.50,1.50
2012.01.16 10:12:10.446,0.79031,0.79046,1.50,1.50
2012.01.16 10:12:11.448,0.79031,0.79044,1.50,3.38
2012.01.16 10:12:11.517,0.79028,0.79042,2.25,1.50
2012.01.16 10:12:12.171,0.79028,0.79042,1.50,2.25
2012.01.16 10:12:12.727,0.79027,0.79041,1.50,1.50
2012.01.16 10:12:16.129,0.79027,0.7904,1.50,1.50
2012.01.16 10:12:16.269,0.79027,0.79036,1.50,1.88
2012.01.16 10:12:16.418,0.79024,0.79034,1.50,1.50
2012.01.16 10:12:16.493,0.7902,0.79034,2.25,2.25
2012.01.16 10:12:16.640,0.79023,0.79035,1.50,4.37
2012.01.16 10:12:16.990,0.79023,0.79037,1.50,3.00
2012.01.16 10:12:17.988,0.79023,0.79037,1.50,3.00
2012.01.16 10:12:22.139,0.79023,0.79037,1.50,3.00
2012.01.16 10:12:23.319,0.79023,0.79037,1.50,3.00
2012.01.16 10:12:23.567,0.79023,0.79036,1.50,1.50
2012.01.16 10:12:23.711,0.7902,0.79034,2.25,4.13
2012.01.16 10:12:23.777,0.79019,0.79031,2.63,1.50
2012.01.16 10:12:23.978,0.79019,0.79035,4.13,2.25
2012.01.16 10:12:24.248,0.79021,0.79035,1.50,1.50
2012.01.16 10:12:24.618,0.79023,0.79037,1.50,1.50
2012.01.16 10:12:25.344,0.79023,0.79037,1.50,2.25
2012.01.16 10:12:25.889,0.79017,0.79032,2.93,1.50
2012.01.16 10:12:26.155,0.79017,0.79032,2.93,1.50
2012.01.16 10:12:26.677,0.79017,0.79032,4.43,1.50
2012.01.16 10:12:27.028,0.79019,0.79035,1.50,1.50
2012.01.16 10:12:27.656,0.79022,0.79037,1.50,2.63
2012.01.16 10:12:27.987,0.7902,0.79034,1.50,1.50
2012.01.16 10:12:29.761,0.79023,0.79037,1.50,2.25
2012.01.16 10:12:30.313,0.79025,0.7904,1.50,1.50
2012.01.16 10:12:30.906,0.79025,0.7904,1.50,2.25
2012.01.16 10:12:31.097,0.79022,0.79038,2.63,2.25
2012.01.16 10:12:31.636,0.79022,0.79038,3.00,1.50
2012.01.16 10:12:32.806,0.79023,0.79038,3.00,1.50
2012.01.16 10:12:33.151,0.79026,0.7904,1.50,2.25
2012.01.16 10:12:35.029,0.79026,0.7904,1.50,3.00
2012.01.16 10:12:35.590,0.79026,0.7904,1.50,1.50
2012.01.16 10:12:36.322,0.79026,0.7904,3.00,1.50
2012.01.16 10:12:36.728,0.79028,0.79042,1.50,1.88
2012.01.16 10:12:36.855,0.79026,0.79041,1.50,1.50
2012.01.16 10:12:37.553,0.79025,0.79041,2.25,1.50
2012.01.16 10:12:37.687,0.79028,0.79043,1.50,1.50
2012.01.16 10:12:38.365,0.79028,0.79044,1.50,1.50
2012.01.16 10:12:38.877,0.79032,0.79045,1.50,1.50
2012.01.16 10:12:39.236,0.79033,0.79047,1.50,1.50
2012.01.16 10:12:39.828,0.79033,0.79048,2.25,2.63
2012.01.16 10:12:42.465,0.79033,0.79047,1.50,2.63
2012.01.16 10:12:43.010,0.79033,0.79047,2.25,1.88
2012.01.16 10:12:43.576,0.79033,0.79047,2.25,2.63
2012.01.16 10:12:44.283,0.79033,0.79047,2.25,2.63
2012.01.16 10:12:46.636,0.79033,0.79047,3.00,1.88
2012.01.16 10:12:47.197,0.79033,0.79047,2.25,2.63
2012.01.16 10:12:48.188,0.79033,0.79048,3.00,1.88
2012.01.16 10:12:51.054,0.79033,0.79048,1.50,2.63
2012.01.16 10:12:51.407,0.79036,0.7905,1.50,1.50
2012.01.16 10:12:52.217,0.79036,0.7905,2.25,1.50
2012.01.16 10:12:52.688,0.79038,0.79054,3.38,2.25
2012.01.16 10:12:53.390,0.79038,0.79054,4.13,1.50
2012.01.16 10:12:54.438,0.79038,0.79054,4.13,1.50
2012.01.16 10:12:54.924,0.79039,0.79054,3.00,1.50
2012.01.16 10:12:55.008,0.79042,0.79056,1.50,1.50
2012.01.16 10:12:55.349,0.79044,0.7906,1.50,3.00
2012.01.16 10:12:55.526,0.79043,0.79057,1.50,1.50
2012.01.16 10:12:56.456,0.79044,0.7906,1.50,1.50
2012.01.16 10:12:58.022,0.79043,0.79054,2.93,1.50
2012.01.16 10:12:58.489,0.7904,0.79054,3.68,1.50
2012.01.16 10:12:58.699,0.79038,0.79052,1.50,1.50
2012.01.16 10:12:59.239,0.79037,0.79052,3.75,1.50
2012.01.16 10:12:59.758,0.79037,0.79052,2.63,1.50
2012.01.16 10:13:00.517,0.79036,0.7905,2.25,1.50
2012.01.16 10:13:00.587,0.79034,0.79049,1.50,1.50
2012.01.16 10:13:01.214,0.79034,0.79049,2.25,1.50
2012.01.16 10:13:01.688,0.79033,0.79047,2.63,2.25
2012.01.16 10:13:01.832,0.79032,0.79046,2.25,2.25
2012.01.16 10:13:02.119,0.79031,0.79046,1.50,1.50
2012.01.16 10:13:02.471,0.7903,0.79043,1.88,1.50
2012.01.16 10:13:02.559,0.79027,0.79042,1.50,3.38
2012.01.16 10:13:02.701,0.79027,0.79039,1.50,1.50
2012.01.16 10:13:02.774,0.79025,0.79038,2.25,1.50
2012.01.16 10:13:03.392,0.79024,0.79038,4.88,1.50
2012.01.16 10:13:03.656,0.79028,0.79041,1.88,1.50
2012.01.16 10:13:04.202,0.79028,0.79042,1.88,1.50
2012.01.16 10:13:08.456,0.79026,0.79039,1.35,1.50
2012.01.16 10:13:08.587,0.79026,0.79042,2.85,1.50
2012.01.16 10:13:08.717,0.79026,0.79042,2.85,2.25
2012.01.16 10:13:09.317,0.79026,0.79042,2.85,1.50
2012.01.16 10:13:11.258,0.79025,0.79039,3.00,1.50
2012.01.16 10:13:11.447,0.79025,0.79039,2.25,1.50
2012.01.16 10:13:11.975,0.79025,0.79039,1.50,1.50
2012.01.16 10:13:14.696,0.79025,0.79039,2.25,2.25
2012.01.16 10:13:15.398,0.79025,0.79039,2.25,2.25
2012.01.16 10:13:16.228,0.79025,0.79039,2.25,2.25
2012.01.16 10:13:16.358,0.79025,0.79039,2.25,1.50
2012.01.16 10:13:16.431,0.79028,0.79042,1.88,1.50
2012.01.16 10:13:18.676,0.79031,0.79042,1.88,1.50
2012.01.16 10:13:18.822,0.79032,0.79046,5.63,2.63
2012.01.16 10:13:19.037,0.79034,0.7905,1.50,4.50
2012.01.16 10:13:19.246,0.79039,0.7905,1.88,2.63
2012.01.16 10:13:19.468,0.79039,0.79053,1.88,2.25
2012.01.16 10:13:19.612,0.7904,0.79055,1.50,1.50
2012.01.16 10:13:19.940,0.79037,0.79053,2.25,1.50
2012.01.16 10:13:21.894,0.79037,0.79053,2.25,1.50
2012.01.16 10:13:22.588,0.79041,0.79055,1.50,2.25
2012.01.16 10:13:23.482,0.79041,0.79055,3.00,1.50
2012.01.16 10:13:23.955,0.79052,0.79058,1.88,1.50
2012.01.16 10:13:24.038,0.79051,0.79061,1.50,2.18
2012.01.16 10:13:24.599,0.79052,0.79061,3.60,2.18
2012.01.16 10:13:24.741,0.79052,0.79068,3.60,1.50
2012.01.16 10:13:25.069,0.79052,0.79068,3.60,2.25
2012.01.16 10:13:25.256,0.79053,0.79068,1.50,1.50
2012.01.16 10:13:25.685,0.79053,0.79068,2.63,2.25
2012.01.16 10:13:26.568,0.79049,0.79065,4.13,1.50
2012.01.16 10:13:27.118,0.79049,0.79065,1.50,4.13
2012.01.16 10:13:27.738,0.79049,0.79065,4.88,1.50
2012.01.16 10:13:27.942,0.79052,0.79067,1.50,2.63
2012.01.16 10:13:28.161,0.79052,0.79065,2.25,1.50
2012.01.16 10:13:28.358,0.79052,0.79067,3.00,1.88
2012.01.16 10:13:28.556,0.79052,0.79067,2.25,1.88
2012.01.16 10:13:28.943,0.79052,0.79068,2.25,3.38
2012.01.16 10:13:29.986,0.79052,0.79068,1.50,3.38
2012.01.16 10:13:30.478,0.79052,0.79066,1.50,2.25
2012.01.16 10:13:30.899,0.7905,0.79064,4.13,1.50
2012.01.16 10:13:31.718,0.7905,0.79064,2.25,1.50
2012.01.16 10:13:32.239,0.79057,0.79064,1.88,1.50
2012.01.16 10:13:32.315,0.79057,0.79068,1.88,2.18
2012.01.16 10:13:32.391,0.79058,0.79071,1.50,1.50
2012.01.16 10:13:32.612,0.79056,0.7907,1.50,4.88
2012.01.16 10:13:32.762,0.79057,0.79066,1.88,1.50
2012.01.16 10:13:32.838,0.79057,0.79068,1.88,1.50
2012.01.16 10:13:32.914,0.79057,0.79071,2.63,1.50
2012.01.16 10:13:33.134,0.79059,0.79073,2.25,1.50
2012.01.16 10:13:35.135,0.79059,0.79073,3.00,2.25
2012.01.16 10:13:36.086,0.79059,0.79073,3.00,2.25
2012.01.16 10:13:37.000,0.79059,0.79073,3.00,4.88
2012.01.16 10:13:37.139,0.79056,0.7907,1.50,1.50
2012.01.16 10:13:45.677,0.79058,0.7907,1.88,1.50
2012.01.16 10:13:45.746,0.79059,0.79072,1.50,1.50
2012.01.16 10:13:46.253,0.79059,0.79073,1.50,2.25
2012.01.16 10:13:47.008,0.79059,0.79073,1.50,3.00
2012.01.16 10:13:48.580,0.79057,0.7907,2.93,1.50
2012.01.16 10:13:49.696,0.79056,0.7907,2.25,2.25
2012.01.16 10:13:51.229,0.79056,0.7907,2.25,1.50
2012.01.16 10:13:51.298,0.79058,0.79073,1.50,2.63
2012.01.16 10:13:54.026,0.79058,0.79074,2.25,2.25
2012.01.16 10:13:55.488,0.79059,0.79072,1.50,1.88
2012.01.16 10:13:55.755,0.79055,0.79071,2.25,1.50
2012.01.16 10:13:59.797,0.79055,0.79071,2.25,1.50
2012.01.16 10:14:00.350,0.79058,0.79072,1.50,1.88
2012.01.16 10:14:00.880,0.79055,0.79071,2.25,1.50
2012.01.16 10:14:02.308,0.79056,0.79071,1.50,1.50
2012.01.16 10:14:02.746,0.7906,0.79071,1.50,1.50
2012.01.16 10:14:02.829,0.79062,0.79076,1.50,7.65
2012.01.16 10:14:06.891,0.79062,0.79075,1.50,1.88
2012.01.16 10:14:07.153,0.79058,0.79074,3.75,1.50
2012.01.16 10:14:08.344,0.79058,0.79074,2.25,4.50
2012.01.16 10:14:08.552,0.79058,0.79073,2.25,2.48
2012.01.16 10:14:09.053,0.79056,0.7907,1.50,1.50
2012.01.16 10:14:09.664,0.79056,0.7907,2.25,1.50
2012.01.16 10:14:10.947,0.79056,0.7907,2.25,2.25
2012.01.16 10:14:15.519,0.79056,0.7907,1.50,2.25
2012.01.16 10:14:15.946,0.79049,0.79064,1.50,1.50
2012.01.16 10:14:16.387,0.79048,0.79064,4.13,1.50
2012.01.16 10:14:16.458,0.79051,0.79063,1.50,1.50
2012.01.16 10:14:16.816,0.79043,0.79057,3.00,4.13
2012.01.16 10:14:16.887,0.79043,0.79057,2.25,4.13
2012.01.16 10:14:17.655,0.79042,0.79057,3.00,1.88
2012.01.16 10:14:17.798,0.79042,0.79057,2.25,2.63
2012.01.16 10:14:17.869,0.79045,0.79057,1.50,1.88
2012.01.16 10:14:18.193,0.79045,0.79059,2.25,1.50
2012.01.16 10:14:18.274,0.79048,0.79061,1.50,3.38
2012.01.16 10:14:18.774,0.79048,0.79062,1.50,2.25
2012.01.16 10:14:19.284,0.7905,0.79065,2.25,1.13
2012.01.16 10:14:20.781,0.7905,0.79065,2.25,1.13
2012.01.16 10:14:21.340,0.7905,0.79064,1.50,1.88
2012.01.16 10:14:21.953,0.7905,0.79064,2.25,1.88
2012.01.16 10:14:22.386,0.79054,0.79068,2.25,2.25
2012.01.16 10:14:22.789,0.79056,0.7907,1.50,3.38
2012.01.16 10:14:23.410,0.79054,0.79068,1.50,1.50
2012.01.16 10:14:23.479,0.79054,0.7907,1.50,4.13
2012.01.16 10:14:24.174,0.79051,0.79065,2.25,1.88
2012.01.16 10:14:24.256,0.79051,0.79065,2.25,1.88
2012.01.16 10:14:24.591,0.79053,0.79065,1.50,1.88
2012.01.16 10:14:25.376,0.79051,0.79065,1.50,1.88
2012.01.16 10:14:25.524,0.79049,0.79064,2.25,1.50
2012.01.16 10:14:27.197,0.79048,0.79064,2.25,1.50
2012.01.16 10:14:27.782,0.79048,0.79064,2.25,2.10
2012.01.16 10:14:27.857,0.79048,0.7906,2.25,1.88
2012.01.16 10:14:28.446,0.79046,0.7906,2.25,3.38
2012.01.16 10:14:29.890,0.79048,0.7906,1.88,1.50
2012.01.16 10:14:29.959,0.79049,0.79063,1.50,2.85
2012.01.16 10:14:30.030,0.79051,0.79065,1.50,1.50
2012.01.16 10:14:30.537,0.79051,0.79066,1.50,2.63
2012.01.16 10:14:31.318,0.79051,0.79067,2.25,1.50
2012.01.16 10:14:32.495,0.79053,0.79069,1.50,3.38
2012.01.16 10:14:33.838,0.79054,0.79069,1.88,3.00
2012.01.16 10:14:37.052,0.79054,0.79069,2.63,2.25
2012.01.16 10:14:37.851,0.79056,0.79072,1.50,4.13
2012.01.16 10:14:38.060,0.79054,0.7907,3.38,2.25
2012.01.16 10:14:38.586,0.79054,0.7907,3.38,2.25
2012.01.16 10:14:39.908,0.79054,0.79069,3.38,1.50
2012.01.16 10:14:40.442,0.79053,0.79066,1.88,2.85
2012.01.16 10:14:40.527,0.79053,0.79061,1.88,1.50
2012.01.16 10:14:40.605,0.7905,0.79061,3.68,1.50
2012.01.16 10:14:40.986,0.79045,0.79061,4.88,2.25
2012.01.16 10:14:41.321,0.79048,0.79062,1.50,1.50
2012.01.16 10:14:42.928,0.79047,0.79061,1.88,2.25
2012.01.16 10:14:45.555,0.79045,0.79061,3.38,2.25
2012.01.16 10:14:45.626,0.79045,0.79061,3.38,2.25
2012.01.16 10:14:46.099,0.79042,0.79058,2.25,1.50
2012.01.16 10:14:46.619,0.79042,0.79058,1.50,2.25
2012.01.16 10:14:49.309,0.79042,0.79056,1.50,1.50
2012.01.16 10:14:50.371,0.79042,0.79057,1.50,3.69
2012.01.16 10:14:50.832,0.7904,0.79055,1.50,1.50
2012.01.16 10:14:51.121,0.7904,0.79055,2.25,1.50
2012.01.16 10:14:51.194,0.79041,0.79057,2.25,2.63
2012.01.16 10:14:51.581,0.79041,0.79057,1.50,3.00
2012.01.16 10:14:52.558,0.79041,0.79057,4.13,1.50
2012.01.16 10:14:53.007,0.79041,0.79057,1.50,2.25
2012.01.16 10:14:53.196,0.79041,0.79057,2.25,1.50
2012.01.16 10:14:53.623,0.79041,0.79057,1.50,2.63
2012.01.16 10:14:53.915,0.79041,0.79057,2.25,1.88
2012.01.16 10:14:54.831,0.79041,0.79057,2.25,1.88
2012.01.16 10:14:56.087,0.79041,0.79057,1.50,2.63
2012.01.16 10:14:56.472,0.79041,0.79057,2.25,1.88
2012.01.16 10:14:58.036,0.79041,0.79057,2.25,1.88
2012.01.16 10:15:02.899,0.79041,0.79057,4.88,1.50
2012.01.16 10:15:03.266,0.79045,0.79059,1.50,4.13
2012.01.16 10:15:04.998,0.79045,0.79058,1.50,1.88
2012.01.16 10:15:05.556,0.79045,0.79059,2.25,2.25
2012.01.16 10:15:05.635,0.79047,0.79061,1.50,2.25
2012.01.16 10:15:06.026,0.79051,0.79063,1.50,3.75
2012.01.16 10:15:06.558,0.79049,0.79063,3.00,3.00
2012.01.16 10:15:07.086,0.79049,0.79063,1.50,2.25
2012.01.16 10:15:08.712,0.79049,0.79063,2.25,2.25
2012.01.16 10:15:10.129,0.7905,0.79065,1.50,2.63
2012.01.16 10:15:10.794,0.79049,0.79064,1.50,2.25
2012.01.16 10:15:11.316,0.7905,0.79065,1.50,2.63
2012.01.16 10:15:12.409,0.79049,0.79063,1.50,1.50
2012.01.16 10:15:12.988,0.79049,0.79063,1.50,2.25
2012.01.16 10:15:17.848,0.79049,0.79059,1.50,1.50
2012.01.16 10:15:18.060,0.79043,0.79058,4.13,1.50
2012.01.16 10:15:18.741,0.79042,0.79058,3.38,1.50
2012.01.16 10:15:19.828,0.79042,0.79058,1.50,3.00
2012.01.16 10:15:20.121,0.79042,0.79058,2.25,2.25
2012.01.16 10:15:21.235,0.79042,0.79058,1.50,3.00
2012.01.16 10:15:22.888,0.79042,0.79058,1.50,3.00
2012.01.16 10:15:23.474,0.79042,0.79058,2.25,2.25
2012.01.16 10:15:24.717,0.79042,0.79057,1.50,1.50
2012.01.16 10:15:25.358,0.79042,0.79057,1.50,1.50
2012.01.16 10:15:27.844,0.79042,0.79058,2.25,3.00
2012.01.16 10:15:28.262,0.79047,0.7906,1.50,1.50
2012.01.16 10:15:28.799,0.79046,0.79058,1.50,2.63
2012.01.16 10:15:29.333,0.79048,0.79061,1.50,1.50
2012.01.16 10:15:29.479,0.79048,0.79062,1.50,8.93
2012.01.16 10:15:30.168,0.79051,0.79062,1.50,1.88
2012.01.16 10:15:30.453,0.79055,0.79067,1.50,1.13
2012.01.16 10:15:30.530,0.79051,0.79066,1.50,1.13
2012.01.16 10:15:30.805,0.79049,0.79063,2.25,1.50
2012.01.16 10:15:31.145,0.79054,0.79067,2.25,1.13
2012.01.16 10:15:32.617,0.79054,0.79068,3.00,1.50
2012.01.16 10:15:33.600,0.79054,0.79068,2.25,2.25
2012.01.16 10:15:34.073,0.79052,0.79066,1.50,1.50
2012.01.16 10:15:34.696,0.79048,0.79064,3.60,1.50
2012.01.16 10:15:37.160,0.79048,0.79064,2.25,1.50
2012.01.16 10:15:46.288,0.7905,0.79066,1.50,1.50
2012.01.16 10:15:46.681,0.7905,0.79066,2.25,1.50
2012.01.16 10:15:46.974,0.79055,0.7907,1.50,1.88
2012.01.16 10:15:47.489,0.79055,0.79071,3.38,1.50
2012.01.16 10:15:49.734,0.79058,0.79072,2.25,1.50
2012.01.16 10:15:49.809,0.79058,0.79074,2.25,2.25
2012.01.16 10:15:49.951,0.79062,0.79075,1.88,1.50
2012.01.16 10:15:50.302,0.79064,0.79077,1.50,1.50
2012.01.16 10:15:50.450,0.79064,0.79079,1.50,3.38
2012.01.16 10:15:50.587,0.79062,0.79076,2.25,1.50
2012.01.16 10:15:52.474,0.79063,0.79076,2.63,1.50
2012.01.16 10:15:52.689,0.79063,0.79076,1.88,1.50
2012.01.16 10:15:53.206,0.79063,0.79076,2.63,1.50
2012.01.16 10:15:54.266,0.79063,0.79076,4.13,1.50
2012.01.16 10:15:55.014,0.79062,0.79076,2.25,1.50
2012.01.16 10:15:55.238,0.79059,0.79073,1.50,1.50
2012.01.16 10:15:55.580,0.79056,0.79071,3.38,1.50
2012.01.16 10:15:55.721,0.79056,0.79071,3.38,1.50
2012.01.16 10:15:55.790,0.79056,0.79071,2.63,1.50
2012.01.16 10:15:56.005,0.79059,0.79074,2.25,1.88
2012.01.16 10:15:56.548,0.79061,0.79074,1.50,1.88
2012.01.16 10:15:56.902,0.79061,0.79072,1.50,1.88
2012.01.16 10:15:57.235,0.79061,0.79075,1.50,1.50
2012.01.16 10:15:58.909,0.79062,0.79078,1.50,1.50
2012.01.16 10:15:59.560,0.79062,0.79076,1.50,1.88
2012.01.16 10:15:59.900,0.79061,0.79073,1.50,1.88
2012.01.16 10:16:00.042,0.79058,0.79072,6.30,1.50
2012.01.16 10:16:00.391,0.79058,0.79072,2.25,1.50
2012.01.16 10:16:00.603,0.79062,0.79075,2.18,1.50
2012.01.16 10:16:00.988,0.79062,0.79077,2.18,1.50
2012.01.16 10:16:01.507,0.79061,0.79076,2.25,1.88
2012.01.16 10:16:03.029,0.79062,0.79077,2.63,2.25
2012.01.16 10:16:03.534,0.79062,0.79077,4.80,1.50
2012.01.16 10:16:04.467,0.79063,0.79077,1.88,1.50
2012.01.16 10:16:04.817,0.79065,0.7908,2.55,3.00
2012.01.16 10:16:05.848,0.79065,0.7908,3.30,1.50
2012.01.16 10:16:06.166,0.79068,0.79082,1.50,2.25
2012.01.16 10:16:07.210,0.79068,0.7908,1.50,1.88
2012.01.16 10:16:07.669,0.79064,0.7908,1.88,3.38
2012.01.16 10:16:09.232,0.79065,0.7908,1.88,1.50
2012.01.16 10:16:09.382,0.79068,0.79082,1.50,3.00
2012.01.16 10:16:10.035,0.79068,0.79082,1.50,1.50
2012.01.16 10:16:12.421,0.79071,0.79085,1.50,4.88
2012.01.16 10:16:12.773,0.79073,0.79086,1.50,1.50
2012.01.16 10:16:13.146,0.79073,0.79088,1.50,1.88
2012.01.16 10:16:14.985,0.79073,0.79088,1.50,2.63
2012.01.16 10:16:15.119,0.7907,0.79086,3.38,1.50
2012.01.16 10:16:16.022,0.7907,0.79086,4.13,2.25
2012.01.16 10:16:16.552,0.79074,0.79088,1.50,1.88
2012.01.16 10:16:21.414,0.79073,0.79088,1.50,3.38
2012.01.16 10:16:21.748,0.79075,0.79088,1.50,1.88
2012.01.16 10:16:22.078,0.79077,0.79088,1.50,1.88
2012.01.16 10:16:22.585,0.79076,0.79089,1.50,1.88
2012.01.16 10:16:24.032,0.79076,0.7909,3.00,1.50
2012.01.16 10:16:24.184,0.79077,0.79093,1.50,4.13
2012.01.16 10:16:24.878,0.79081,0.79093,1.50,1.88
2012.01.16 10:16:24.961,0.79082,0.79095,2.85,1.50
2012.01.16 10:16:25.036,0.79082,0.79095,3.60,1.50
2012.01.16 10:16:25.454,0.79085,0.79099,1.88,3.75
2012.01.16 10:16:25.532,0.79083,0.79095,1.50,1.88
2012.01.16 10:16:25.949,0.79084,0.79098,3.38,1.50
2012.01.16 10:16:26.091,0.79087,0.791,1.50,1.50
2012.01.16 10:16:26.426,0.79085,0.79095,1.50,1.88
2012.01.16 10:16:26.709,0.79085,0.79099,1.50,1.50
2012.01.16 10:16:26.919,0.79085,0.79095,1.50,1.88
2012.01.16 10:16:27.132,0.79082,0.79094,2.25,1.50
2012.01.16 10:16:27.216,0.7908,0.79091,1.13,1.88
2012.01.16 10:16:27.364,0.79078,0.79091,1.50,1.88
2012.01.16 10:16:27.652,0.79077,0.79093,2.10,3.00
2012.01.16 10:16:27.872,0.7908,0.79096,1.50,6.38
2012.01.16 10:16:28.698,0.7908,0.79096,1.50,6.38
2012.01.16 10:16:29.197,0.79081,0.79096,2.18,4.13
2012.01.16 10:16:29.737,0.7908,0.79096,1.50,4.13
2012.01.16 10:16:31.900,0.7908,0.79096,2.25,3.38
2012.01.16 10:16:32.684,0.79083,0.79096,1.50,2.25
2012.01.16 10:16:32.764,0.79085,0.79099,1.50,2.25
2012.01.16 10:16:34.238,0.79086,0.791,1.50,2.63
2012.01.16 10:16:35.860,0.79085,0.79099,1.50,1.50
2012.01.16 10:16:37.463,0.79086,0.791,1.50,2.63
2012.01.16 10:16:38.012,0.79085,0.79099,3.00,1.50
2012.01.16 10:16:38.288,0.79087,0.79101,1.50,3.38
2012.01.16 10:16:39.279,0.79085,0.79099,3.00,1.50
2012.01.16 10:16:39.479,0.79086,0.79101,1.50,3.38
2012.01.16 10:16:39.829,0.79085,0.79099,1.50,1.50
2012.01.16 10:16:40.156,0.79082,0.79096,4.50,1.50
2012.01.16 10:16:40.965,0.79079,0.79094,2.57,1.50
2012.01.16 10:16:41.110,0.79082,0.79097,1.50,2.63
2012.01.16 10:16:41.659,0.79082,0.79097,1.50,3.38
2012.01.16 10:16:44.525,0.79082,0.79097,1.50,3.38
2012.01.16 10:16:45.028,0.79082,0.79098,2.25,2.25
2012.01.16 10:16:45.168,0.79085,0.79099,1.50,1.50
2012.01.16 10:16:45.359,0.79085,0.79101,1.50,4.13
2012.01.16 10:16:45.696,0.79085,0.79097,1.50,1.88
2012.01.16 10:16:45.974,0.79082,0.79097,2.25,2.63
2012.01.16 10:16:46.259,0.79086,0.79098,1.88,2.25
2012.01.16 10:16:46.328,0.79086,0.791,3.38,3.00
2012.01.16 10:16:46.866,0.79086,0.791,3.38,2.25
2012.01.16 10:16:47.636,0.79086,0.79096,1.50,1.88
2012.01.16 10:16:47.710,0.79083,0.79096,1.50,1.88
2012.01.16 10:16:49.056,0.7908,0.79094,1.50,1.50
2012.01.16 10:16:57.004,0.7908,0.79093,1.50,1.88
2012.01.16 10:16:57.152,0.7908,0.79088,1.50,1.88
2012.01.16 10:16:57.646,0.79076,0.79088,1.50,4.13
2012.01.16 10:16:57.731,0.79071,0.79084,1.50,1.50
2012.01.16 10:16:58.011,0.7907,0.79084,3.38,2.25
2012.01.16 10:17:00.971,0.79072,0.79086,1.50,1.50
2012.01.16 10:17:02.777,0.79072,0.79086,1.50,1.50
2012.01.16 10:17:03.373,0.79074,0.79086,1.50,1.50
2012.01.16 10:17:03.729,0.79078,0.79093,3.38,1.50
2012.01.16 10:17:04.216,0.79078,0.79094,3.38,2.25
2012.01.16 10:17:05.447,0.79078,0.79089,1.50,1.88
2012.01.16 10:17:05.640,0.79078,0.79091,1.50,1.50
2012.01.16 10:17:06.147,0.79075,0.79089,1.50,3.00
2012.01.16 10:17:06.229,0.79073,0.79087,1.50,2.25
2012.01.16 10:17:08.394,0.79073,0.79087,1.50,2.25
2012.01.16 10:17:08.707,0.79074,0.79088,2.25,1.88
2012.01.16 10:17:08.914,0.79078,0.7909,1.88,2.25
2012.01.16 10:17:09.226,0.79078,0.79092,1.88,1.50
2012.01.16 10:17:11.447,0.79078,0.79093,1.88,1.50
2012.01.16 10:17:12.648,0.79078,0.79093,1.88,2.25
2012.01.16 10:17:12.778,0.79075,0.79091,3.38,3.00
2012.01.16 10:17:12.849,0.79075,0.79091,3.38,3.00
2012.01.16 10:17:13.389,0.79075,0.79088,1.88,1.50
2012.01.16 10:17:13.914,0.79074,0.79088,1.88,1.50
2012.01.16 10:17:15.309,0.79074,0.79089,3.38,1.50
2012.01.16 10:17:15.637,0.79078,0.79092,1.50,4.13
2012.01.16 10:17:15.710,0.79078,0.79092,1.50,3.38
2012.01.16 10:17:15.847,0.7908,0.79096,1.50,4.50
2012.01.16 10:17:16.096,0.79078,0.79094,1.50,1.50
2012.01.16 10:17:19.966,0.79082,0.79095,1.50,2.25
2012.01.16 10:17:21.796,0.79082,0.79096,1.50,1.50
2012.01.16 10:17:28.919,0.79082,0.79096,1.50,2.25
2012.01.16 10:17:29.432,0.79082,0.79096,1.50,1.50
2012.01.16 10:17:31.750,0.79082,0.79094,1.50,1.50
2012.01.16 10:17:31.823,0.79079,0.79093,1.88,1.50
2012.01.16 10:17:32.453,0.79083,0.79093,1.88,1.50
2012.01.16 10:17:32.741,0.79084,0.79098,1.50,3.75
2012.01.16 10:17:32.947,0.79086,0.791,1.50,1.13
2012.01.16 10:17:33.091,0.79084,0.791,2.25,2.63
2012.01.16 10:17:33.660,0.79084,0.79098,2.25,1.88
2012.01.16 10:17:34.317,0.79085,0.791,1.50,2.25
2012.01.16 10:17:34.858,0.79085,0.79099,1.50,1.50
2012.01.16 10:17:36.950,0.79082,0.79096,2.25,3.00
2012.01.16 10:17:37.148,0.79078,0.79094,4.13,1.50
2012.01.16 10:17:38.049,0.79078,0.79094,3.38,2.25
2012.01.16 10:17:38.123,0.79075,0.7909,3.00,1.88
2012.01.16 10:17:38.341,0.79073,0.79088,1.50,2.25
2012.01.16 10:17:38.583,0.79072,0.79084,2.25,1.88
2012.01.16 10:17:38.735,0.79072,0.79088,1.50,2.25
2012.01.16 10:17:39.666,0.79074,0.79088,1.50,1.50
2012.01.16 10:17:39.806,0.79074,0.79089,1.50,2.63
2012.01.16 10:17:41.596,0.79074,0.7909,1.50,1.50
2012.01.16 10:17:41.812,0.79074,0.79089,1.50,1.50
2012.01.16 10:17:42.507,0.79073,0.79087,2.25,2.25
2012.01.16 10:17:44.166,0.79073,0.79087,1.50,3.00
2012.01.16 10:17:44.495,0.79073,0.79086,1.50,2.63
2012.01.16 10:17:44.575,0.7907,0.79084,1.50,2.25
2012.01.16 10:17:45.082,0.7907,0.79084,1.50,2.25
2012.01.16 10:17:45.967,0.79072,0.79086,1.50,4.13
2012.01.16 10:17:46.564,0.79073,0.79086,1.50,2.25
2012.01.16 10:17:46.641,0.79075,0.79089,1.50,3.75
2012.01.16 10:17:47.196,0.79073,0.79087,2.25,2.25
2012.01.16 10:17:47.977,0.79075,0.79089,1.50,3.75
2012.01.16 10:17:49.684,0.79075,0.79089,1.50,3.00
2012.01.16 10:17:55.005,0.79072,0.79088,2.25,2.25
2012.01.16 10:17:55.210,0.79073,0.79088,1.50,1.50
2012.01.16 10:17:55.543,0.7907,0.79084,2.25,2.25
2012.01.16 10:17:56.063,0.7907,0.79084,1.50,2.25
2012.01.16 10:17:56.588,0.7907,0.79083,3.00,2.63
2012.01.16 10:17:56.925,0.79071,0.79086,1.50,2.63
2012.01.16 10:17:58.968,0.79071,0.79086,1.50,2.63
2012.01.16 10:17:59.289,0.7907,0.79083,3.00,2.63
2012.01.16 10:18:00.253,0.79067,0.79082,2.25,2.25
2012.01.16 10:18:00.798,0.79069,0.79083,1.50,4.13
2012.01.16 10:18:01.350,0.79069,0.79083,1.50,3.38
2012.01.16 10:18:04.448,0.79071,0.79087,1.50,6.23
2012.01.16 10:18:04.587,0.79074,0.79087,1.50,4.73
2012.01.16 10:18:05.212,0.79074,0.79087,1.50,1.88
2012.01.16 10:18:05.780,0.79072,0.79087,1.50,2.63
2012.01.16 10:18:07.567,0.79072,0.79085,1.50,1.88
2012.01.16 10:18:10.620,0.79072,0.79088,1.50,2.25
2012.01.16 10:18:10.689,0.79075,0.79089,1.50,2.63
2012.01.16 10:18:10.829,0.79075,0.79089,1.50,1.50
2012.01.16 10:18:14.138,0.79075,0.79089,1.50,2.25
2012.01.16 10:18:14.665,0.79075,0.79089,1.50,1.50
2012.01.16 10:18:15.056,0.79073,0.79087,1.50,1.50
2012.01.16 10:18:15.839,0.79073,0.79087,1.50,3.00
2012.01.16 10:18:16.194,0.7907,0.79084,1.50,2.25
2012.01.16 10:18:16.345,0.79067,0.79081,3.75,1.50
2012.01.16 10:18:16.747,0.79067,0.79081,2.25,2.25
2012.01.16 10:18:17.198,0.79063,0.79079,3.00,4.13
2012.01.16 10:18:17.755,0.79063,0.79079,3.00,4.13
2012.01.16 10:18:18.252,0.79063,0.79077,4.43,2.25
2012.01.16 10:18:18.934,0.79061,0.79075,2.25,1.50
2012.01.16 10:18:19.084,0.79064,0.79078,3.00,2.25
2012.01.16 10:18:19.166,0.79066,0.7908,1.50,3.38
2012.01.16 10:18:19.711,0.79064,0.79078,2.25,1.50
2012.01.16 10:18:21.189,0.79066,0.79079,1.50,1.88
2012.01.16 10:18:21.756,0.79066,0.79078,2.25,1.88
2012.01.16 10:18:27.627,0.79064,0.79078,1.50,3.38
2012.01.16 10:18:38.397,0.79062,0.79078,4.50,3.38
2012.01.16 10:18:38.758,0.7907,0.79083,1.50,1.50
2012.01.16 10:18:39.237,0.79066,0.79082,3.00,1.50
2012.01.16 10:18:39.309,0.79069,0.79083,1.50,1.50
2012.01.16 10:18:39.649,0.79069,0.7908,1.50,1.88
2012.01.16 10:18:39.927,0.79069,0.79083,1.50,4.13
2012.01.16 10:18:40.072,0.79067,0.79081,1.50,4.44
2012.01.16 10:18:40.600,0.79066,0.7908,2.25,1.50
2012.01.16 10:18:40.907,0.79069,0.79083,1.50,4.13
2012.01.16 10:18:41.259,0.79064,0.79078,3.00,4.13
2012.01.16 10:18:41.795,0.79064,0.79078,1.50,4.88
2012.01.16 10:18:42.967,0.79064,0.79078,1.50,3.75
2012.01.16 10:18:43.107,0.79061,0.79076,3.38,1.50
2012.01.16 10:18:43.320,0.79059,0.79073,3.00,1.50
2012.01.16 10:18:43.829,0.79059,0.79073,1.50,1.50
2012.01.16 10:18:44.158,0.7906,0.79074,3.00,1.50
2012.01.16 10:18:44.879,0.7906,0.79074,2.25,1.50
2012.01.16 10:18:46.259,0.7906,0.79073,2.25,1.88
2012.01.16 10:18:46.597,0.79057,0.79071,2.25,1.50
2012.01.16 10:18:46.727,0.79058,0.79071,1.50,1.50
2012.01.16 10:18:48.417,0.79056,0.7907,3.00,1.50
2012.01.16 10:18:48.565,0.79056,0.7907,1.50,1.50
2012.01.16 10:18:49.108,0.79054,0.7907,2.25,2.25
2012.01.16 10:18:49.335,0.79054,0.7907,1.50,2.25
2012.01.16 10:18:50.000,0.79054,0.79068,3.38,1.50
2012.01.16 10:18:50.476,0.79051,0.79067,2.25,2.25
2012.01.16 10:18:50.618,0.79051,0.79067,2.25,2.25
2012.01.16 10:18:51.212,0.79053,0.79067,1.50,1.50
2012.01.16 10:18:52.591,0.79055,0.79068,1.50,1.50
2012.01.16 10:18:53.115,0.79055,0.79069,1.50,3.38
2012.01.16 10:18:54.038,0.79057,0.79069,1.50,2.63
2012.01.16 10:18:54.460,0.79057,0.79071,1.50,1.50
2012.01.16 10:18:54.536,0.79057,0.79071,2.25,1.50
2012.01.16 10:18:54.989,0.79057,0.79071,2.25,1.50
2012.01.16 10:18:55.808,0.79057,0.79071,2.25,1.50
2012.01.16 10:18:56.645,0.79057,0.79071,2.25,1.50
2012.01.16 10:18:58.729,0.79057,0.79071,2.25,1.50
2012.01.16 10:19:02.170,0.79061,0.79071,1.88,1.50
2012.01.16 10:19:02.299,0.79061,0.79075,1.88,1.50
2012.01.16 10:19:02.637,0.79062,0.79077,1.50,2.25
2012.01.16 10:19:03.291,0.79062,0.79078,1.50,3.00
2012.01.16 10:19:03.438,0.79064,0.79078,1.88,1.50
2012.01.16 10:19:03.779,0.79066,0.7908,1.50,1.50
2012.01.16 10:19:05.476,0.79064,0.79078,5.55,1.50
2012.01.16 10:19:09.518,0.79065,0.79081,1.50,1.50
2012.01.16 10:19:09.705,0.79065,0.79079,1.50,1.88
2012.01.16 10:19:10.257,0.79064,0.79078,1.50,1.50
2012.01.16 10:19:19.811,0.79064,0.79078,1.50,3.00
2012.01.16 10:19:22.499,0.79064,0.79078,2.25,2.25
2012.01.16 10:19:23.056,0.79064,0.79078,1.50,3.00
2012.01.16 10:19:29.850,0.79064,0.79078,2.25,3.00
2012.01.16 10:19:30.296,0.79064,0.79078,1.50,1.50
2012.01.16 10:19:33.596,0.79065,0.79078,1.50,1.50
2012.01.16 10:19:33.672,0.79067,0.79078,3.38,1.50
2012.01.16 10:19:33.954,0.79072,0.79085,1.50,1.50
2012.01.16 10:19:34.528,0.7907,0.79084,1.50,1.50
2012.01.16 10:19:35.086,0.79069,0.79085,1.50,2.25
2012.01.16 10:19:35.773,0.79069,0.79084,1.50,1.88
2012.01.16 10:19:36.250,0.79069,0.79082,1.50,2.63
2012.01.16 10:19:36.335,0.79066,0.79082,3.00,3.38
2012.01.16 10:19:36.838,0.79069,0.79083,2.25,2.25
2012.01.16 10:19:37.210,0.79071,0.79084,1.50,1.50
2012.01.16 10:19:37.625,0.79071,0.79087,1.50,3.38
2012.01.16 10:19:38.753,0.79071,0.79087,1.50,4.13
2012.01.16 10:19:38.834,0.7907,0.79083,2.25,1.88
2012.01.16 10:19:39.390,0.7907,0.79084,1.50,1.50
2012.01.16 10:19:42.079,0.7907,0.79084,2.25,1.50
2012.01.16 10:19:42.529,0.79071,0.79087,2.25,5.63
2012.01.16 10:19:43.040,0.79071,0.79087,2.25,4.88
2012.01.16 10:19:43.480,0.79071,0.79085,1.50,1.50
2012.01.16 10:19:43.829,0.79067,0.79081,6.68,1.50
2012.01.16 10:19:43.905,0.79067,0.79081,2.25,1.50
2012.01.16 10:19:44.053,0.79068,0.79084,3.38,3.00
2012.01.16 10:19:44.134,0.79068,0.79084,4.13,1.50
2012.01.16 10:19:47.083,0.79067,0.79081,2.25,1.50
2012.01.16 10:19:47.156,0.79067,0.79081,1.50,1.50
2012.01.16 10:19:52.034,0.7907,0.79081,1.88,1.50
2012.01.16 10:19:52.184,0.79072,0.79086,1.50,2.25
2012.01.16 10:19:52.744,0.79072,0.79086,1.50,1.50
2012.01.16 10:19:53.278,0.79073,0.79086,1.88,1.50
2012.01.16 10:19:55.271,0.79073,0.79086,2.63,1.50
2012.01.16 10:19:55.827,0.79073,0.79086,1.88,1.50
2012.01.16 10:19:56.208,0.79075,0.7909,1.50,1.13
2012.01.16 10:19:56.291,0.79078,0.79091,1.50,2.63
2012.01.16 10:19:56.646,0.79073,0.79086,2.63,1.50
2012.01.16 10:19:56.722,0.79078,0.79091,1.50,2.63
2012.01.16 10:19:57.531,0.79076,0.79088,1.50,1.50
2012.01.16 10:19:57.603,0.79076,0.79092,1.50,2.63
2012.01.16 10:19:58.285,0.79074,0.7909,1.50,1.88
2012.01.16 10:19:58.367,0.79074,0.7909,2.25,1.88
2012.01.16 10:19:58.982,0.79079,0.7909,2.48,1.50
2012.01.16 10:19:59.063,0.7908,0.79092,2.10,2.25
2012.01.16 10:19:59.348,0.7908,0.79096,2.85,3.00
2012.01.16 10:19:59.677,0.7908,0.79096,3.60,1.50
2012.01.16 10:19:59.756,0.7908,0.79096,3.60,1.50
2012.01.16 10:20:00.321,0.7908,0.79096,3.60,1.50
2012.01.16 10:20:00.996,0.79087,0.79099,1.50,2.25
2012.01.16 10:20:01.076,0.79087,0.79101,4.13,2.25
2012.01.16 10:20:01.341,0.7909,0.79103,1.50,2.25
2012.01.16 10:20:01.436,0.79087,0.79101,3.75,1.88
2012.01.16 10:20:01.980,0.79087,0.79102,1.88,1.50
2012.01.16 10:20:03.960,0.79088,0.79102,4.13,1.50
2012.01.16 10:20:04.316,0.79093,0.79107,2.25,1.50
2012.01.16 10:20:04.396,0.79095,0.79108,1.50,3.38
2012.01.16 10:20:04.614,0.79095,0.79111,3.38,3.00
2012.01.16 10:20:05.248,0.79099,0.79111,1.88,2.25
2012.01.16 10:20:05.325,0.79099,0.79113,1.88,2.25
2012.01.16 10:20:05.403,0.79101,0.79114,1.50,1.50
2012.01.16 10:20:05.749,0.79101,0.7911,1.50,1.88
2012.01.16 10:20:05.957,0.79094,0.79109,1.50,1.50
2012.01.16 10:20:06.498,0.79096,0.7911,1.50,3.38
2012.01.16 10:20:13.507,0.79096,0.7911,2.25,1.50
2012.01.16 10:20:13.639,0.79098,0.79113,1.50,1.88
2012.01.16 10:20:13.972,0.79099,0.79114,3.00,1.50
2012.01.16 10:20:14.328,0.791,0.79116,3.00,1.50
2012.01.16 10:20:14.401,0.791,0.79114,1.50,1.50
2012.01.16 10:20:14.935,0.791,0.79114,1.50,1.50
2012.01.16 10:20:15.565,0.79098,0.79114,3.00,3.38
2012.01.16 10:20:15.919,0.79096,0.7911,3.75,1.50
2012.01.16 10:20:23.877,0.79094,0.79109,3.38,1.50
2012.01.16 10:20:24.436,0.79093,0.79109,2.25,3.38
2012.01.16 10:20:25.694,0.79093,0.79107,2.25,1.50
2012.01.16 10:20:26.056,0.79089,0.79098,1.50,1.50
2012.01.16 10:20:26.136,0.79085,0.79097,2.25,1.50
2012.01.16 10:20:26.490,0.79084,0.79097,3.00,1.88
2012.01.16 10:20:26.719,0.79082,0.79096,3.00,1.50
2012.01.16 10:20:26.803,0.79082,0.79096,3.00,1.50
2012.01.16 10:20:27.091,0.79082,0.79096,2.25,3.38
2012.01.16 10:20:27.377,0.79083,0.79096,1.50,1.50
2012.01.16 10:20:27.716,0.79083,0.79099,3.00,1.50
2012.01.16 10:20:28.227,0.79083,0.79099,3.00,1.50
2012.01.16 10:20:28.304,0.79083,0.79099,2.25,2.25
2012.01.16 10:20:28.383,0.79083,0.79099,2.25,1.50
2012.01.16 10:20:29.082,0.79087,0.791,1.50,2.25
2012.01.16 10:20:29.465,0.79087,0.79101,3.75,1.50
2012.01.16 10:20:29.546,0.7909,0.79104,1.50,3.00
2012.01.16 10:20:29.903,0.79088,0.791,1.50,1.88
2012.01.16 10:20:29.980,0.79088,0.79102,1.50,3.38
2012.01.16 10:20:30.462,0.79084,0.791,3.00,1.50
2012.01.16 10:20:31.147,0.79084,0.791,2.25,1.50
2012.01.16 10:20:31.576,0.79086,0.79102,1.50,6.38
2012.01.16 10:20:32.152,0.79086,0.79101,1.50,1.88
2012.01.16 10:20:32.681,0.79086,0.79102,1.50,4.88
2012.01.16 10:20:33.643,0.79084,0.791,3.75,1.50
2012.01.16 10:20:37.236,0.79086,0.79102,1.50,6.38
2012.01.16 10:20:40.308,0.79086,0.79102,2.25,4.13
2012.01.16 10:20:42.256,0.79087,0.79102,1.50,2.25
2012.01.16 10:20:43.377,0.79087,0.79102,1.50,2.25
2012.01.16 10:20:44.013,0.79093,0.79104,1.50,2.25
2012.01.16 10:20:44.298,0.79093,0.79107,3.00,1.50
2012.01.16 10:20:44.825,0.79093,0.79107,4.50,1.50
2012.01.16 10:20:44.903,0.79094,0.79107,3.38,1.50
2012.01.16 10:20:45.277,0.79096,0.7911,2.25,1.50
2012.01.16 10:20:45.366,0.79099,0.79113,1.50,1.50
2012.01.16 10:20:47.084,0.79096,0.79111,3.00,1.50
2012.01.16 10:20:50.328,0.79097,0.79111,1.50,1.50
2012.01.16 10:20:51.219,0.79095,0.79109,2.25,1.50
2012.01.16 10:20:51.622,0.79094,0.79108,2.25,1.50
2012.01.16 10:20:55.426,0.79095,0.79108,1.50,1.50
2012.01.16 10:20:56.357,0.79094,0.79108,1.50,1.50
2012.01.16 10:20:57.309,0.79093,0.79105,2.25,1.50
2012.01.16 10:20:57.538,0.79093,0.79105,4.13,1.50
2012.01.16 10:20:57.795,0.7909,0.79102,2.63,1.50
2012.01.16 10:20:57.875,0.7909,0.79102,1.88,1.50
2012.01.16 10:20:58.029,0.79088,0.79102,2.25,4.13
2012.01.16 10:20:58.103,0.79086,0.79096,3.00,1.50
2012.01.16 10:20:59.150,0.79085,0.79096,3.45,1.50
2012.01.16 10:20:59.219,0.79086,0.79102,1.58,2.25
2012.01.16 10:20:59.369,0.79085,0.79096,1.95,1.50
2012.01.16 10:20:59.915,0.79085,0.79096,1.95,1.50
2012.01.16 10:21:00.754,0.79085,0.79098,2.70,1.50
2012.01.16 10:21:02.580,0.79085,0.79098,2.70,1.50
2012.01.16 10:21:02.930,0.79085,0.79098,4.95,1.50
2012.01.16 10:21:03.006,0.7909,0.79102,2.63,1.50
2012.01.16 10:21:03.487,0.7909,0.79102,1.88,1.50
2012.01.16 10:21:03.841,0.7909,0.79104,1.50,1.50
2012.01.16 10:21:05.099,0.7909,0.79103,1.88,1.50
2012.01.16 10:21:09.787,0.79089,0.79103,1.88,1.50
2012.01.16 10:21:14.773,0.79087,0.79103,2.25,1.50
2012.01.16 10:21:16.526,0.79087,0.79101,1.58,1.50
2012.01.16 10:21:16.893,0.79084,0.79097,3.45,1.50
2012.01.16 10:21:17.044,0.79081,0.79097,5.03,2.25
2012.01.16 10:21:17.323,0.79081,0.79094,3.53,1.50
2012.01.16 10:21:17.647,0.79081,0.79094,2.03,1.50
2012.01.16 10:21:18.447,0.79078,0.79093,1.65,1.88
2012.01.16 10:21:18.719,0.79073,0.79087,2.25,1.50
2012.01.16 10:21:18.989,0.79078,0.79089,1.88,2.93
2012.01.16 10:21:19.128,0.79078,0.7909,1.88,1.50
2012.01.16 10:21:19.198,0.79073,0.79088,1.50,3.38
2012.01.16 10:21:19.486,0.79073,0.79087,2.63,1.50
2012.01.16 10:21:20.129,0.79073,0.79087,1.50,3.00
2012.01.16 10:21:21.758,0.79073,0.79087,2.25,2.25
2012.01.16 10:21:22.322,0.79073,0.79087,1.50,2.25
2012.01.16 10:21:23.868,0.7907,0.79084,3.38,1.50
2012.01.16 10:21:24.068,0.7907,0.79084,3.38,3.75
2012.01.16 10:21:24.372,0.79067,0.79081,1.50,1.50
2012.01.16 10:21:25.735,0.79067,0.79081,1.50,2.25
2012.01.16 10:21:32.169,0.79067,0.7908,1.50,1.50
2012.01.16 10:21:32.312,0.79063,0.79079,4.13,2.25
2012.01.16 10:21:32.522,0.79063,0.79075,2.63,1.50
2012.01.16 10:21:33.052,0.79063,0.79077,3.38,2.25
2012.01.16 10:21:33.985,0.79063,0.79076,1.50,1.50
2012.01.16 10:21:34.064,0.79061,0.79074,1.50,2.18
2012.01.16 10:21:34.202,0.79063,0.79074,1.88,2.18
2012.01.16 10:21:34.459,0.79063,0.79077,3.38,2.25
2012.01.16 10:21:34.991,0.79063,0.79077,3.00,1.50
2012.01.16 10:21:35.550,0.79063,0.79077,3.75,1.50
2012.01.16 10:21:35.622,0.79067,0.79079,1.88,1.50
2012.01.16 10:21:35.978,0.79067,0.7908,1.88,2.25
2012.01.16 10:21:37.799,0.79067,0.7908,1.88,2.25
2012.01.16 10:21:37.869,0.79067,0.7908,1.88,3.00
2012.01.16 10:21:38.010,0.79066,0.7908,1.50,3.00
2012.01.16 10:21:38.556,0.79063,0.79079,4.88,1.50
2012.01.16 10:21:38.700,0.79066,0.7908,1.50,1.50
2012.01.16 10:21:39.065,0.7907,0.79084,3.38,3.00
2012.01.16 10:21:39.140,0.7907,0.79084,3.38,3.00
2012.01.16 10:21:42.758,0.7907,0.79083,1.50,1.50
2012.01.16 10:21:42.840,0.79067,0.79082,1.88,2.25
2012.01.16 10:21:45.990,0.79066,0.79082,3.38,3.75
2012.01.16 10:21:48.952,0.79069,0.79082,1.88,3.00
2012.01.16 10:21:49.448,0.79066,0.79082,2.25,2.25
2012.01.16 10:21:52.480,0.7907,0.79082,1.88,3.00
2012.01.16 10:21:53.041,0.7907,0.79084,1.88,2.25
2012.01.16 10:21:53.602,0.7907,0.79084,2.63,2.25
2012.01.16 10:21:53.893,0.79078,0.79089,3.38,1.50
2012.01.16 10:21:54.417,0.79078,0.79092,3.38,2.25
2012.01.16 10:21:54.491,0.79078,0.79092,3.38,1.50
2012.01.16 10:21:54.621,0.79076,0.7909,3.00,1.50
2012.01.16 10:21:55.943,0.79077,0.79092,1.50,1.50
2012.01.16 10:21:56.470,0.79077,0.79093,1.50,2.25
2012.01.16 10:21:59.140,0.79077,0.79093,2.25,2.25
2012.01.16 10:22:00.169,0.79077,0.79093,2.25,1.50
2012.01.16 10:22:00.774,0.79079,0.79092,3.38,1.50
2012.01.16 10:22:00.993,0.79076,0.7909,1.50,1.50
2012.01.16 10:22:01.134,0.79074,0.7909,4.13,1.50
2012.01.16 10:22:02.071,0.79074,0.79089,1.50,1.50
2012.01.16 10:22:02.139,0.79072,0.79088,1.50,1.50
2012.01.16 10:22:02.720,0.79073,0.79088,1.50,1.50
2012.01.16 10:22:02.787,0.79075,0.79089,1.50,1.50
2012.01.16 10:22:03.931,0.79077,0.79089,1.50,1.50
2012.01.16 10:22:04.007,0.79079,0.79093,3.38,4.43
2012.01.16 10:22:04.222,0.79075,0.79091,5.55,1.50
2012.01.16 10:22:04.813,0.79075,0.79091,3.75,1.50
2012.01.16 10:22:07.319,0.79075,0.7909,3.75,1.50
2012.01.16 10:22:07.580,0.79075,0.79091,3.38,2.25
2012.01.16 10:22:07.709,0.79075,0.79088,1.88,1.50
2012.01.16 10:22:08.664,0.79075,0.79089,3.38,1.50
2012.01.16 10:22:18.863,0.79075,0.79089,3.38,2.25
2012.01.16 10:22:19.283,0.79071,0.79085,1.88,1.50
2012.01.16 10:22:19.892,0.79072,0.79088,2.25,1.50
2012.01.16 10:22:20.320,0.79075,0.79089,1.50,3.38
2012.01.16 10:22:24.882,0.79072,0.79088,2.25,1.50
2012.01.16 10:22:25.219,0.79071,0.79085,1.88,1.50
2012.01.16 10:22:26.421,0.79071,0.79087,3.38,1.50
2012.01.16 10:22:26.684,0.79079,0.79089,1.88,2.25
2012.01.16 10:22:26.970,0.79079,0.79091,1.88,1.50
2012.01.16 10:22:27.233,0.79077,0.79091,1.50,1.50
2012.01.16 10:22:27.763,0.79078,0.79092,3.38,2.25
2012.01.16 10:22:28.449,0.79078,0.79092,1.50,3.00
2012.01.16 10:22:28.596,0.79076,0.7909,1.50,1.50
2012.01.16 10:22:28.670,0.79074,0.7909,3.38,1.50
2012.01.16 10:22:29.275,0.79073,0.79087,1.50,1.50
2012.01.16 10:22:33.067,0.79073,0.79087,1.50,2.25
2012.01.16 10:22:33.339,0.7907,0.79084,3.38,1.50
2012.01.16 10:22:33.558,0.79072,0.79086,1.50,2.25
2012.01.16 10:22:37.130,0.7907,0.79084,3.38,1.50
2012.01.16 10:22:37.671,0.79071,0.79084,1.88,1.50
2012.01.16 10:22:45.100,0.79071,0.79084,3.38,1.50
2012.01.16 10:22:45.301,0.79071,0.79084,2.63,1.50
2012.01.16 10:22:45.730,0.79072,0.79086,2.25,1.50
2012.01.16 10:22:45.813,0.79074,0.7909,1.50,4.88
2012.01.16 10:22:45.889,0.79074,0.7909,1.50,3.75
2012.01.16 10:22:46.203,0.79075,0.7909,1.50,1.50
2012.01.16 10:22:46.532,0.79079,0.7909,1.88,1.50
2012.01.16 10:22:46.956,0.79079,0.79093,1.50,5.18
2012.01.16 10:22:47.225,0.79079,0.79091,1.50,1.50
2012.01.16 10:22:47.311,0.79075,0.79089,4.43,1.50
2012.01.16 10:22:50.204,0.79074,0.79087,2.63,1.50
2012.01.16 10:22:50.603,0.79072,0.79084,5.55,1.50
2012.01.16 10:22:51.068,0.79072,0.79087,3.38,1.50
2012.01.16 10:22:51.429,0.79072,0.79085,2.63,1.50
2012.01.16 10:22:52.025,0.79072,0.79085,1.88,1.50
2012.01.16 10:22:52.170,0.79072,0.79081,1.88,1.50
2012.01.16 10:22:52.239,0.79072,0.79083,1.88,1.50
2012.01.16 10:22:56.313,0.79072,0.79086,3.38,2.25
2012.01.16 10:22:56.929,0.79072,0.79084,1.88,1.50
2012.01.16 10:23:04.978,0.79073,0.79084,1.88,1.50
2012.01.16 10:23:07.179,0.79073,0.79086,1.88,2.25
2012.01.16 10:23:14.487,0.79073,0.79087,1.88,3.00
2012.01.16 10:23:17.688,0.79073,0.79087,1.88,2.25
2012.01.16 10:23:18.309,0.79073,0.79087,1.88,2.25
2012.01.16 10:23:18.629,0.79071,0.79087,1.50,3.00
2012.01.16 10:23:18.833,0.7907,0.79084,2.25,1.50
2012.01.16 10:23:20.679,0.79073,0.79087,2.25,3.00
2012.01.16 10:23:20.821,0.79074,0.79088,2.25,2.63
2012.01.16 10:23:20.967,0.7908,0.7909,1.88,1.13
2012.01.16 10:23:21.252,0.79081,0.79093,1.50,1.50
2012.01.16 10:23:21.810,0.7908,0.79093,1.88,1.50
2012.01.16 10:23:22.341,0.79079,0.79093,1.50,3.00
2012.01.16 10:23:25.701,0.79081,0.79094,1.50,1.50
2012.01.16 10:23:26.288,0.79081,0.79095,1.50,1.50
2012.01.16 10:23:26.637,0.79083,0.79099,3.38,4.44
2012.01.16 10:23:27.350,0.79083,0.79099,3.38,1.50
2012.01.16 10:23:27.880,0.79083,0.79099,4.13,1.50
2012.01.16 10:23:33.895,0.79083,0.79099,4.13,1.50
2012.01.16 10:23:34.931,0.79083,0.79099,3.38,1.50
2012.01.16 10:23:38.417,0.79083,0.79099,3.38,2.25
2012.01.16 10:23:38.928,0.79082,0.79096,1.50,2.25
2012.01.16 10:23:39.994,0.79082,0.79096,2.25,2.25
2012.01.16 10:23:40.201,0.79084,0.79098,1.50,1.50
2012.01.16 10:23:40.461,0.79088,0.791,1.50,1.50
2012.01.16 10:23:40.528,0.79088,0.79102,1.50,3.75
2012.01.16 10:23:41.190,0.79084,0.791,1.50,3.38
2012.01.16 10:23:41.461,0.79086,0.791,1.88,1.50
2012.01.16 10:23:41.718,0.79086,0.79102,3.38,3.00
2012.01.16 10:23:41.981,0.79086,0.791,1.50,1.88
2012.01.16 10:23:42.358,0.79086,0.79102,1.50,3.00
2012.01.16 10:23:42.813,0.79085,0.79099,1.50,1.50
2012.01.16 10:23:44.721,0.79086,0.79101,1.50,1.50
2012.01.16 10:23:45.879,0.79086,0.79101,1.50,1.50
2012.01.16 10:23:49.478,0.79086,0.79102,1.50,3.75
2012.01.16 10:23:51.792,0.79086,0.79102,1.50,5.19
2012.01.16 10:23:52.455,0.79086,0.79101,1.50,1.50
2012.01.16 10:23:53.729,0.79086,0.79102,1.50,3.69
2012.01.16 10:23:56.422,0.79086,0.791,1.50,1.88
2012.01.16 10:23:56.553,0.79084,0.791,1.50,3.38
2012.01.16 10:23:57.208,0.79085,0.791,1.88,2.25
2012.01.16 10:23:57.770,0.79086,0.79101,1.50,2.19
2012.01.16 10:23:57.958,0.79086,0.79102,1.50,1.50
2012.01.16 10:23:58.534,0.79086,0.79102,2.25,1.50
2012.01.16 10:23:59.078,0.79086,0.79102,2.25,2.25
2012.01.16 10:23:59.658,0.79086,0.79102,1.50,2.25
2012.01.16 10:24:03.552,0.79086,0.79102,2.25,2.25
2012.01.16 10:24:04.557,0.79086,0.79102,2.25,2.25
2012.01.16 10:24:05.205,0.79086,0.79102,2.25,4.44
2012.01.16 10:24:05.842,0.7909,0.79102,1.50,2.19
2012.01.16 10:24:05.908,0.7909,0.79104,1.50,3.75
2012.01.16 10:24:06.529,0.7909,0.79104,2.85,1.50
2012.01.16 10:24:06.996,0.79099,0.79109,1.50,1.50
2012.01.16 10:24:07.137,0.79099,0.79112,1.50,1.50
2012.01.16 10:24:08.332,0.79096,0.79112,1.50,3.38
2012.01.16 10:24:11.084,0.79096,0.7911,1.50,1.50
2012.01.16 10:24:11.432,0.79094,0.79108,1.50,1.50
2012.01.16 10:24:16.442,0.79094,0.79105,1.50,1.88
2012.01.16 10:24:16.521,0.79091,0.79103,2.18,1.50
2012.01.16 10:24:16.665,0.79087,0.79102,3.75,2.10
2012.01.16 10:24:16.918,0.79087,0.79102,2.25,2.10
2012.01.16 10:24:17.006,0.79085,0.79096,1.88,1.50
2012.01.16 10:24:17.222,0.79081,0.79096,2.63,1.50
2012.01.16 10:24:17.783,0.79082,0.79096,1.50,1.50
2012.01.16 10:24:18.969,0.79082,0.79096,1.50,1.50
2012.01.16 10:24:19.781,0.79084,0.79097,1.88,1.50
2012.01.16 10:24:19.848,0.79084,0.79099,1.88,2.25
2012.01.16 10:24:19.987,0.79084,0.79099,1.88,3.00
2012.01.16 10:24:23.173,0.79084,0.79099,2.63,2.25
2012.01.16 10:24:23.934,0.79084,0.79099,2.63,2.25
2012.01.16 10:24:25.667,0.79084,0.79099,2.63,2.25
2012.01.16 10:24:26.800,0.79084,0.79099,2.63,2.25
2012.01.16 10:24:27.449,0.79084,0.79099,2.63,2.25
2012.01.16 10:24:30.049,0.79084,0.79099,2.63,2.25
2012.01.16 10:24:31.259,0.79084,0.79099,3.38,1.50
2012.01.16 10:24:31.399,0.79084,0.79099,1.88,2.25
2012.01.16 10:24:34.649,0.79083,0.79099,3.38,3.00
2012.01.16 10:24:35.161,0.79082,0.79096,1.50,3.38
2012.01.16 10:24:41.696,0.79082,0.79095,1.50,1.88
2012.01.16 10:24:42.044,0.79082,0.79086,1.50,1.35
2012.01.16 10:24:42.271,0.79073,0.79082,1.50,1.50
2012.01.16 10:24:42.419,0.79072,0.79082,1.50,1.50
2012.01.16 10:24:42.564,0.79067,0.79082,3.00,1.50
2012.01.16 10:24:43.072,0.79067,0.79078,1.50,3.38
2012.01.16 10:24:43.144,0.79064,0.79078,2.25,3.38
2012.01.16 10:24:43.292,0.79064,0.79078,2.25,3.38
2012.01.16 10:24:44.830,0.79064,0.79078,3.00,1.50
2012.01.16 10:24:46.436,0.79066,0.7908,2.25,3.38
2012.01.16 10:24:46.513,0.79066,0.7908,3.00,3.38
2012.01.16 10:24:46.923,0.7907,0.79084,1.50,1.50
2012.01.16 10:24:47.059,0.79072,0.79086,1.50,2.25
2012.01.16 10:24:48.633,0.79069,0.79085,3.75,1.50
2012.01.16 10:24:48.767,0.79068,0.79081,2.63,1.50
2012.01.16 10:24:48.970,0.79068,0.79081,1.88,1.50
2012.01.16 10:24:49.041,0.79069,0.79083,2.25,1.50
2012.01.16 10:24:52.051,0.79069,0.79083,2.25,1.50
2012.01.16 10:24:53.796,0.79069,0.79083,2.25,1.50
2012.01.16 10:24:53.943,0.79067,0.79081,2.25,1.50
2012.01.16 10:24:54.468,0.79067,0.79081,1.50,1.50
2012.01.16 10:24:55.285,0.79068,0.79084,1.50,3.38
2012.01.16 10:24:55.576,0.7907,0.79084,3.38,1.50
2012.01.16 10:24:55.657,0.7907,0.79084,2.63,1.50
2012.01.16 10:24:55.870,0.79071,0.79087,2.25,2.25
2012.01.16 10:24:58.940,0.79074,0.79088,1.50,2.63
2012.01.16 10:24:59.172,0.79074,0.7909,2.25,2.25
2012.01.16 10:24:59.429,0.79074,0.7909,2.25,2.25
2012.01.16 10:25:00.411,0.79074,0.7909,2.25,1.50
2012.01.16 10:25:01.393,0.79074,0.7909,1.50,2.25
2012.01.16 10:25:04.668,0.79074,0.7909,2.25,2.25
2012.01.16 10:25:05.229,0.79074,0.7909,1.50,3.00
2012.01.16 10:25:05.768,0.79074,0.7909,2.25,2.25
2012.01.16 10:25:06.138,0.79074,0.7909,2.25,1.50
2012.01.16 10:25:06.651,0.79074,0.7909,1.50,2.25
2012.01.16 10:25:06.992,0.79078,0.79092,1.50,3.75
2012.01.16 10:25:07.569,0.79078,0.79092,1.50,3.00
2012.01.16 10:25:08.627,0.79077,0.7909,1.88,1.50
2012.01.16 10:25:09.219,0.79078,0.7909,1.88,1.50
2012.01.16 10:25:10.481,0.79076,0.7909,1.50,1.50
2012.01.16 10:25:19.407,0.79076,0.7909,1.50,2.10
2012.01.16 10:25:19.764,0.79076,0.79086,1.50,2.85
2012.01.16 10:25:19.989,0.79071,0.79083,1.88,4.29
2012.01.16 10:25:20.294,0.79066,0.7908,2.25,1.50
2012.01.16 10:25:20.372,0.79066,0.7908,1.50,2.10
2012.01.16 10:25:20.583,0.79064,0.79078,1.88,1.50
2012.01.16 10:25:21.288,0.79064,0.79078,2.63,1.50
2012.01.16 10:25:22.447,0.79069,0.79081,1.88,1.50
2012.01.16 10:25:22.769,0.79069,0.79084,4.13,1.13
2012.01.16 10:25:22.921,0.79073,0.79087,2.25,2.63
2012.01.16 10:25:23.481,0.79074,0.79088,3.00,1.50
2012.01.16 10:25:23.553,0.79074,0.79088,2.25,1.50
2012.01.16 10:25:23.762,0.79074,0.79088,1.50,1.50
2012.01.16 10:25:23.888,0.79074,0.79088,1.50,2.25
2012.01.16 10:25:25.301,0.79074,0.79088,2.25,2.25
2012.01.16 10:25:27.099,0.79074,0.79088,2.25,1.50
2012.01.16 10:25:27.715,0.79074,0.79088,1.50,2.85
2012.01.16 10:25:27.999,0.7907,0.79085,2.63,1.50
2012.01.16 10:25:31.431,0.7907,0.79085,4.07,1.50
2012.01.16 10:25:31.500,0.79071,0.79085,1.50,1.50
2012.01.16 10:25:32.044,0.79071,0.79085,2.25,1.50
2012.01.16 10:25:32.605,0.79075,0.79089,1.50,2.25
2012.01.16 10:25:33.145,0.79075,0.79089,1.50,1.50
2012.01.16 10:25:33.229,0.79075,0.79088,1.50,2.48
2012.01.16 10:25:33.308,0.79073,0.79087,3.75,2.10
2012.01.16 10:25:33.386,0.7907,0.79084,7.07,1.50
2012.01.16 10:25:33.464,0.7907,0.79084,5.63,1.50
2012.01.16 10:25:38.106,0.79067,0.79081,2.25,1.50
2012.01.16 10:25:38.441,0.79069,0.79083,3.38,1.50
2012.01.16 10:25:38.847,0.79067,0.79082,2.18,1.50
2012.01.16 10:25:39.051,0.79069,0.79083,1.50,1.50
2012.01.16 10:25:39.497,0.79067,0.79081,2.18,1.50
2012.01.16 10:25:39.572,0.79065,0.79081,4.88,1.50
2012.01.16 10:25:39.840,0.79065,0.79078,2.63,1.50
2012.01.16 10:25:40.369,0.79064,0.79078,2.25,1.50
2012.01.16 10:25:43.499,0.79065,0.79081,1.50,3.38
2012.01.16 10:25:44.179,0.79069,0.79081,1.88,1.50
2012.01.16 10:25:44.260,0.7907,0.79086,1.50,4.50
2012.01.16 10:25:44.529,0.7907,0.79086,2.25,3.75
2012.01.16 10:25:45.015,0.7907,0.79084,1.50,1.88
2012.01.16 10:25:45.092,0.79069,0.79082,1.88,1.50
2012.01.16 10:25:45.736,0.79068,0.79082,1.50,1.50
2012.01.16 10:25:52.731,0.79068,0.79082,2.25,1.50
2012.01.16 10:26:01.750,0.79068,0.79081,2.25,1.88
2012.01.16 10:26:02.071,0.79065,0.79079,3.00,1.50
2012.01.16 10:26:02.755,0.79065,0.79079,2.25,1.50
2012.01.16 10:26:02.838,0.79064,0.79076,1.50,1.50
2012.01.16 10:26:03.180,0.79062,0.79076,2.25,1.50
2012.01.16 10:26:03.704,0.79061,0.79073,2.25,2.10
2012.01.16 10:26:03.996,0.79059,0.79066,2.18,1.50
2012.01.16 10:26:04.436,0.79054,0.79068,3.00,2.25
2012.01.16 10:26:04.935,0.79054,0.79068,2.25,1.50
2012.01.16 10:26:05.296,0.79054,0.79068,2.25,1.50
2012.01.16 10:26:06.033,0.79054,0.79068,2.25,3.38
2012.01.16 10:26:06.665,0.79054,0.79068,2.25,2.25
2012.01.16 10:26:06.950,0.79054,0.79068,3.00,1.50
2012.01.16 10:26:07.561,0.79054,0.79068,2.25,1.50
2012.01.16 10:26:09.440,0.79054,0.79068,1.50,1.50
2012.01.16 10:26:12.153,0.79056,0.79072,1.50,5.25
2012.01.16 10:26:12.218,0.79056,0.79071,1.50,1.88
2012.01.16 10:26:12.553,0.79056,0.79072,1.50,2.25
2012.01.16 10:26:12.906,0.79059,0.79072,1.50,1.50
2012.01.16 10:26:13.280,0.79059,0.79075,3.00,1.50
2012.01.16 10:26:13.742,0.79059,0.79075,3.00,1.50
2012.01.16 10:26:22.269,0.79061,0.79074,2.25,1.88
2012.01.16 10:26:22.588,0.79063,0.79074,1.50,1.88
2012.01.16 10:26:24.169,0.79063,0.79076,1.50,2.63
2012.01.16 10:26:24.712,0.79063,0.79076,2.25,2.63
2012.01.16 10:26:33.623,0.79063,0.79076,2.25,2.63
2012.01.16 10:26:33.695,0.79063,0.7907,2.25,1.88
2012.01.16 10:26:34.093,0.79057,0.7907,1.50,3.38
2012.01.16 10:26:34.161,0.79057,0.7907,1.50,3.38
2012.01.16 10:26:34.360,0.79056,0.7907,2.25,3.38
2012.01.16 10:26:34.832,0.79056,0.7907,2.25,3.38
2012.01.16 10:26:36.406,0.79059,0.7907,3.00,1.88
2012.01.16 10:26:36.690,0.79059,0.79073,4.88,1.50
2012.01.16 10:26:36.961,0.79061,0.79077,2.25,4.13
2012.01.16 10:26:38.153,0.79061,0.79077,3.00,4.13
2012.01.16 10:26:44.107,0.79061,0.79077,2.25,4.13
2012.01.16 10:26:44.192,0.79061,0.79074,2.25,1.88
2012.01.16 10:26:44.745,0.79059,0.79073,2.25,1.50
2012.01.16 10:26:49.061,0.79059,0.79073,2.25,3.38
2012.01.16 10:26:50.280,0.79059,0.79073,2.25,1.50
2012.01.16 10:26:51.650,0.79057,0.79071,2.25,2.25
2012.01.16 10:26:51.796,0.79056,0.7907,1.50,1.35
2012.01.16 10:26:51.947,0.79056,0.7907,1.50,3.60
2012.01.16 10:26:52.497,0.79053,0.79067,2.25,2.25
2012.01.16 10:26:53.664,0.79053,0.79067,2.25,4.13
2012.01.16 10:26:54.211,0.79053,0.79067,2.25,4.13
2012.01.16 10:26:55.037,0.79053,0.79067,2.25,3.38
2012.01.16 10:27:01.668,0.79057,0.79068,2.25,2.63
2012.01.16 10:27:02.105,0.79057,0.79071,2.25,1.50
2012.01.16 10:27:02.324,0.7906,0.79074,2.25,1.50
2012.01.16 10:27:02.730,0.79057,0.79072,2.25,2.63
2012.01.16 10:27:03.260,0.79056,0.79071,2.25,1.50
2012.01.16 10:27:03.782,0.79056,0.79072,2.25,1.50
2012.01.16 10:27:06.609,0.79054,0.7907,3.00,1.50
2012.01.16 10:27:07.127,0.79054,0.7907,3.00,2.25
2012.01.16 10:27:13.012,0.79054,0.7907,3.00,2.25
2012.01.16 10:27:16.042,0.79056,0.7907,2.63,2.25
2012.01.16 10:27:16.432,0.79057,0.79073,2.25,1.50
2012.01.16 10:27:24.395,0.79061,0.79074,1.88,1.50
2012.01.16 10:27:24.494,0.79062,0.79078,1.50,3.00
2012.01.16 10:27:24.571,0.79063,0.79078,2.63,1.50
2012.01.16 10:27:24.859,0.79067,0.79079,1.50,1.50
2012.01.16 10:27:24.933,0.79067,0.79082,1.50,3.00
2012.01.16 10:27:25.411,0.79067,0.79083,1.50,2.25
2012.01.16 10:27:26.263,0.79067,0.79083,2.25,2.25
2012.01.16 10:27:26.927,0.79067,0.79081,2.25,1.88
2012.01.16 10:27:27.079,0.79067,0.79083,2.25,3.38
2012.01.16 10:27:27.294,0.79071,0.79085,1.50,1.50
2012.01.16 10:27:27.912,0.79074,0.79086,1.50,2.63
2012.01.16 10:27:27.993,0.79075,0.79088,2.63,1.50
2012.01.16 10:27:28.206,0.79078,0.79088,1.88,1.50
2012.01.16 10:27:28.496,0.79078,0.79092,2.25,2.25
2012.01.16 10:27:28.647,0.79082,0.79093,1.50,1.50
2012.01.16 10:27:28.730,0.79079,0.79093,2.25,1.50
2012.01.16 10:27:29.013,0.79075,0.79091,2.25,1.50
2012.01.16 10:27:31.645,0.79078,0.79092,1.50,1.50
2012.01.16 10:27:32.210,0.7908,0.79094,1.50,1.88
2012.01.16 10:27:34.689,0.79078,0.79094,2.25,3.38
2012.01.16 10:27:35.968,0.79078,0.79094,2.25,3.38
2012.01.16 10:27:36.038,0.79078,0.79094,2.25,3.38
2012.01.16 10:27:42.215,0.79076,0.7909,3.75,1.50
2012.01.16 10:27:42.501,0.79076,0.7909,2.25,1.50
2012.01.16 10:27:43.982,0.79076,0.79087,1.50,1.88
2012.01.16 10:27:44.180,0.79073,0.79087,1.50,1.88
2012.01.16 10:27:44.368,0.79072,0.79087,2.25,1.88
2012.01.16 10:27:44.561,0.79072,0.79087,3.00,1.88
2012.01.16 10:27:44.822,0.79072,0.79087,2.25,1.88
2012.01.16 10:27:46.621,0.79072,0.79088,2.25,4.13
2012.01.16 10:27:48.468,0.79072,0.79088,2.25,4.88
2012.01.16 10:27:48.612,0.79069,0.79085,2.63,1.50
2012.01.16 10:27:49.011,0.79067,0.79081,2.25,1.50
2012.01.16 10:27:49.566,0.79067,0.79081,1.50,1.50
2012.01.16 10:27:49.641,0.79068,0.79084,1.50,4.88
2012.01.16 10:27:50.238,0.79068,0.79084,2.25,1.50
2012.01.16 10:27:50.905,0.79068,0.79083,2.25,3.38
2012.01.16 10:27:50.993,0.79067,0.79081,2.25,1.50
2012.01.16 10:27:51.063,0.79069,0.79083,1.50,1.50
2012.01.16 10:27:51.590,0.79066,0.79082,2.25,1.50
2012.01.16 10:27:51.729,0.79066,0.79082,1.50,2.25
2012.01.16 10:27:51.930,0.79066,0.7908,1.50,1.88
2012.01.16 10:27:54.458,0.79064,0.79078,3.00,1.50
2012.01.16 10:27:55.670,0.79066,0.7908,1.50,1.50
2012.01.16 10:27:55.989,0.79068,0.79083,1.50,2.63
2012.01.16 10:27:56.310,0.79071,0.79084,1.88,1.50
2012.01.16 10:27:56.522,0.79068,0.79084,2.25,3.38
2012.01.16 10:27:56.651,0.79071,0.79084,1.50,4.13
2012.01.16 10:27:56.793,0.79068,0.79084,1.50,8.25
2012.01.16 10:27:56.923,0.79068,0.7908,1.50,1.88
2012.01.16 10:27:57.245,0.79066,0.7908,1.50,1.88
2012.01.16 10:27:59.088,0.79064,0.79078,3.00,1.50
2012.01.16 10:28:03.302,0.79066,0.79078,1.88,1.50
2012.01.16 10:28:03.370,0.79066,0.79081,1.50,2.25
2012.01.16 10:28:03.514,0.79068,0.79083,3.98,2.25
2012.01.16 10:28:03.840,0.79071,0.79083,1.50,1.50
2012.01.16 10:28:04.053,0.79071,0.79086,1.50,1.13
2012.01.16 10:28:04.557,0.79072,0.79087,1.50,1.88
2012.01.16 10:28:06.946,0.79072,0.79087,1.50,1.50
2012.01.16 10:28:07.607,0.79071,0.79087,2.25,2.25
2012.01.16 10:28:09.346,0.79071,0.79087,2.25,1.50
2012.01.16 10:28:18.703,0.79071,0.79087,2.25,1.50
2012.01.16 10:28:19.195,0.7907,0.79084,2.25,3.75
2012.01.16 10:28:19.285,0.79067,0.79081,1.50,1.50
2012.01.16 10:28:19.714,0.79063,0.79079,4.88,1.50
2012.01.16 10:28:24.422,0.79063,0.79071,3.00,1.88
2012.01.16 10:28:24.619,0.79061,0.79071,2.93,1.88
2012.01.16 10:28:24.693,0.79059,0.79072,1.50,2.18
2012.01.16 10:28:25.289,0.79057,0.79073,2.25,1.50
2012.01.16 10:28:25.598,0.79059,0.79075,2.25,4.73
2012.01.16 10:28:26.324,0.79059,0.79075,2.25,4.13
2012.01.16 10:28:26.850,0.79061,0.79075,1.50,3.38
2012.01.16 10:28:27.042,0.79059,0.79075,4.13,1.50
2012.01.16 10:28:27.434,0.79062,0.79075,1.50,1.50
2012.01.16 10:28:27.919,0.79059,0.79075,2.25,1.50
2012.01.16 10:28:28.455,0.79059,0.79075,2.25,1.50
2012.01.16 10:28:28.802,0.79061,0.79075,2.25,2.25
2012.01.16 10:28:29.349,0.79061,0.79075,2.25,1.50
2012.01.16 10:28:31.298,0.79061,0.79075,2.25,1.50
2012.01.16 10:28:31.590,0.79061,0.79075,2.25,1.50
2012.01.16 10:28:31.859,0.79058,0.79073,1.50,1.50
2012.01.16 10:28:32.477,0.79057,0.79073,2.25,1.50
2012.01.16 10:28:33.600,0.79057,0.79072,2.25,1.88
2012.01.16 10:28:33.736,0.79057,0.79072,2.25,1.88
2012.01.16 10:28:34.007,0.79056,0.7907,2.25,1.50
2012.01.16 10:28:34.499,0.79057,0.79071,2.25,1.50
2012.01.16 10:28:34.829,0.79057,0.79071,2.25,1.50
2012.01.16 10:28:41.578,0.79057,0.79071,2.25,1.50
2012.01.16 10:28:43.728,0.79055,0.79069,7.80,1.50
2012.01.16 10:28:43.805,0.79055,0.79069,6.30,1.50
2012.01.16 10:28:44.331,0.79057,0.79071,2.25,1.50
2012.01.16 10:28:44.987,0.79057,0.79071,2.25,3.38
2012.01.16 10:28:45.062,0.79055,0.79069,2.25,1.50
2012.01.16 10:28:47.536,0.79055,0.79069,2.25,1.50
2012.01.16 10:28:48.003,0.79055,0.79064,1.50,1.88
2012.01.16 10:28:48.215,0.79053,0.79064,1.50,1.88
2012.01.16 10:28:48.301,0.7905,0.79061,1.50,1.50
2012.01.16 10:28:48.657,0.79049,0.79061,1.50,1.50
2012.01.16 10:28:48.964,0.7905,0.79061,1.50,1.50
2012.01.16 10:28:49.227,0.79053,0.79066,1.50,2.25
2012.01.16 10:28:49.519,0.79054,0.79066,1.50,2.25
2012.01.16 10:28:50.168,0.79054,0.79066,1.50,2.25
2012.01.16 10:28:50.850,0.79054,0.79066,1.50,1.50
2012.01.16 10:28:51.754,0.79048,0.79064,2.25,1.50
2012.01.16 10:28:52.278,0.79048,0.79064,2.25,1.50
2012.01.16 10:28:55.152,0.79048,0.79064,4.13,1.50
2012.01.16 10:28:55.228,0.79053,0.79067,2.25,1.50
2012.01.16 10:28:55.730,0.79053,0.79068,2.25,2.63
2012.01.16 10:28:56.327,0.79053,0.79068,2.25,2.63
2012.01.16 10:28:56.741,0.79054,0.79069,1.50,1.50
2012.01.16 10:28:56.818,0.79054,0.79069,1.50,1.50
2012.01.16 10:28:57.368,0.7906,0.79074,2.25,4.13
2012.01.16 10:28:57.592,0.79059,0.79075,2.25,1.50
2012.01.16 10:28:57.667,0.79062,0.79078,3.00,3.75
2012.01.16 10:28:57.811,0.79062,0.79078,2.25,6.00
2012.01.16 10:28:58.029,0.79062,0.79078,3.00,4.13
2012.01.16 10:28:58.164,0.79061,0.79075,2.25,2.25
2012.01.16 10:28:58.363,0.79058,0.79073,2.63,2.25
2012.01.16 10:29:00.928,0.79057,0.79073,2.25,2.25
2012.01.16 10:29:01.058,0.79057,0.79073,2.25,1.50
2012.01.16 10:29:01.640,0.79057,0.79072,2.25,1.88
2012.01.16 10:29:09.194,0.7906,0.79074,2.25,1.50
2012.01.16 10:29:09.888,0.7906,0.79074,2.25,1.50
2012.01.16 10:29:11.876,0.79063,0.79077,1.50,2.10
2012.01.16 10:29:12.020,0.79063,0.79077,2.25,1.50
2012.01.16 10:29:12.424,0.79063,0.79077,3.00,1.50
2012.01.16 10:29:12.950,0.79064,0.79077,2.63,1.50
2012.01.16 10:29:13.493,0.79064,0.79077,4.13,1.50
2012.01.16 10:29:16.431,0.79061,0.79075,3.00,1.50
2012.01.16 10:29:18.691,0.79062,0.79074,1.50,1.88
2012.01.16 10:29:18.760,0.79061,0.79074,1.50,3.38
2012.01.16 10:29:19.289,0.7906,0.79073,1.50,1.50
2012.01.16 10:29:23.478,0.7906,0.79075,2.94,1.50
2012.01.16 10:29:23.621,0.79064,0.79078,1.50,2.25
2012.01.16 10:29:24.162,0.79064,0.79078,2.25,1.50
2012.01.16 10:29:26.678,0.79064,0.79078,1.50,2.25
2012.01.16 10:29:27.227,0.79063,0.79076,1.50,1.50
2012.01.16 10:29:27.733,0.7906,0.79074,2.25,2.25
2012.01.16 10:29:27.943,0.79057,0.79073,3.00,1.50
2012.01.16 10:29:34.291,0.79057,0.79073,2.25,1.50
2012.01.16 10:29:34.676,0.79057,0.7907,2.25,1.88
2012.01.16 10:29:35.276,0.79055,0.79069,2.25,1.50
2012.01.16 10:29:36.561,0.7906,0.7907,2.25,1.88
2012.01.16 10:29:36.772,0.7906,0.79074,2.25,4.13
2012.01.16 10:29:37.188,0.79062,0.79074,1.50,1.88
2012.01.16 10:29:37.324,0.79062,0.79077,3.38,3.00
2012.01.16 10:29:37.860,0.79063,0.79076,2.63,1.50
2012.01.16 10:29:38.864,0.79062,0.79076,1.88,2.25
2012.01.16 10:29:38.937,0.7906,0.79072,2.25,1.88
2012.01.16 10:29:39.086,0.79058,0.79072,1.50,3.38
2012.01.16 10:29:39.512,0.79057,0.7907,1.50,1.50
2012.01.16 10:29:39.840,0.79056,0.79072,2.25,1.50
2012.01.16 10:29:40.373,0.79056,0.79072,2.25,2.25
2012.01.16 10:29:41.258,0.79056,0.79072,2.25,1.50
2012.01.16 10:29:48.217,0.7906,0.79073,1.50,3.38
2012.01.16 10:29:48.547,0.79062,0.79075,2.25,1.50
2012.01.16 10:29:48.770,0.7906,0.79074,3.00,1.50
2012.01.16 10:29:49.544,0.79061,0.79075,1.50,3.00
2012.01.16 10:29:51.670,0.79061,0.79075,2.25,1.50
2012.01.16 10:29:51.871,0.79061,0.79075,1.50,1.50
2012.01.16 10:29:53.352,0.79063,0.79077,1.50,2.25
2012.01.16 10:29:53.878,0.79063,0.79077,3.00,1.50
2012.01.16 10:29:54.238,0.79063,0.79077,3.00,1.50
2012.01.16 10:29:54.595,0.79069,0.79077,1.50,1.50
2012.01.16 10:29:55.062,0.79072,0.79085,1.50,1.88
2012.01.16 10:29:55.551,0.79073,0.79086,1.50,1.50
2012.01.16 10:29:55.754,0.7907,0.79081,2.25,1.88
2012.01.16 10:29:55.892,0.79068,0.79081,3.00,1.88
2012.01.16 10:29:56.363,0.79071,0.79085,1.50,1.50
2012.01.16 10:29:56.443,0.79074,0.79085,1.50,3.00
2012.01.16 10:29:56.776,0.79073,0.79089,4.88,1.50
2012.01.16 10:29:57.202,0.79073,0.79089,4.13,2.25
2012.01.16 10:29:58.752,0.79073,0.79088,2.25,2.25
2012.01.16 10:30:00.308,0.79072,0.79086,1.50,2.25
2012.01.16 10:30:00.454,0.79073,0.79089,3.00,1.50
2012.01.16 10:30:01.950,0.79074,0.79089,1.50,1.50
2012.01.16 10:30:02.094,0.79077,0.79091,1.50,1.50
2012.01.16 10:30:02.616,0.79077,0.79091,1.50,2.25
2012.01.16 10:30:02.832,0.79077,0.79091,1.50,1.50
2012.01.16 10:30:03.188,0.79079,0.79094,4.50,2.63
2012.01.16 10:30:03.659,0.79082,0.79098,3.00,4.13
2012.01.16 10:30:04.431,0.79082,0.79097,3.00,1.88
2012.01.16 10:30:04.964,0.79082,0.79097,3.00,1.88
2012.01.16 10:30:05.351,0.79082,0.79095,3.00,1.88
2012.01.16 10:30:05.905,0.7908,0.79094,1.50,1.50
2012.01.16 10:30:09.150,0.7908,0.79092,1.50,1.88
2012.01.16 10:30:09.294,0.79076,0.79092,2.25,5.55
2012.01.16 10:30:09.598,0.79079,0.79092,2.63,1.50
2012.01.16 10:30:13.851,0.7908,0.79092,1.50,1.50
2012.01.16 10:30:14.060,0.79079,0.79095,3.00,1.50
2012.01.16 10:30:14.265,0.79082,0.79095,1.50,1.50
2012.01.16 10:30:14.341,0.79083,0.79097,2.25,3.38
2012.01.16 10:30:15.140,0.79082,0.79093,2.63,1.50
2012.01.16 10:30:15.228,0.79082,0.79093,1.88,1.50
2012.01.16 10:30:15.861,0.7908,0.79094,2.25,1.50
2012.01.16 10:30:16.360,0.79083,0.79097,1.50,3.98
2012.01.16 10:30:17.530,0.79083,0.79097,2.25,2.10
2012.01.16 10:30:18.078,0.79083,0.79097,2.25,2.10
2012.01.16 10:30:19.205,0.79083,0.79094,2.25,1.88
2012.01.16 10:30:19.490,0.7908,0.79093,2.25,1.50
2012.01.16 10:30:20.035,0.79077,0.79092,2.25,1.50
2012.01.16 10:30:20.397,0.79078,0.79092,2.63,2.10
2012.01.16 10:30:20.734,0.79078,0.79088,1.88,1.50
2012.01.16 10:30:20.879,0.79074,0.79088,2.25,2.25
2012.01.16 10:30:20.960,0.79074,0.79088,3.00,1.50
2012.01.16 10:30:21.109,0.79074,0.79087,3.00,1.88
2012.01.16 10:30:21.474,0.79073,0.79086,1.50,1.50
2012.01.16 10:30:22.913,0.79071,0.79086,1.13,4.13
2012.01.16 10:30:22.990,0.79074,0.79088,1.50,2.25
2012.01.16 10:30:23.528,0.79074,0.79088,4.13,2.25
2012.01.16 10:30:24.690,0.79074,0.79088,4.88,1.50
2012.01.16 10:30:25.048,0.79078,0.79088,3.38,1.50
2012.01.16 10:30:25.126,0.79079,0.79095,1.50,2.25
2012.01.16 10:30:25.671,0.79079,0.79095,2.25,1.50
2012.01.16 10:30:26.183,0.79079,0.79094,2.25,1.35
2012.01.16 10:30:26.258,0.79077,0.79089,1.50,1.50
2012.01.16 10:30:26.614,0.79074,0.79087,1.50,1.50
2012.01.16 10:30:26.686,0.79074,0.79087,1.50,1.50
2012.01.16 10:30:27.240,0.79073,0.79087,1.50,3.00
2012.01.16 10:30:27.388,0.79071,0.79085,1.13,1.50
2012.01.16 10:30:28.255,0.79069,0.79085,2.63,1.50
2012.01.16 10:30:31.820,0.79071,0.79087,3.38,2.25
2012.01.16 10:30:32.155,0.79074,0.79087,1.88,2.25
2012.01.16 10:30:32.689,0.79075,0.79089,2.25,2.25
2012.01.16 10:30:32.760,0.79075,0.79089,2.25,1.50
2012.01.16 10:30:35.159,0.79075,0.79089,2.25,1.50
2012.01.16 10:30:38.849,0.79075,0.79089,2.25,1.50
2012.01.16 10:30:40.841,0.79078,0.79092,4.13,1.50
2012.01.16 10:30:44.752,0.79078,0.79092,4.13,1.50
2012.01.16 10:30:45.110,0.79075,0.79085,1.50,1.50
2012.01.16 10:30:45.946,0.79071,0.79086,2.25,1.50
2012.01.16 10:30:46.459,0.79071,0.79087,2.25,3.00
2012.01.16 10:30:46.792,0.7907,0.79085,3.00,1.50
2012.01.16 10:30:49.841,0.79073,0.79086,1.50,3.00
2012.01.16 10:30:50.450,0.79074,0.79084,1.50,1.50
2012.01.16 10:30:50.861,0.79072,0.79086,2.25,1.50
2012.01.16 10:30:51.121,0.79072,0.79086,2.25,1.50
2012.01.16 10:30:53.022,0.79074,0.7909,2.25,1.50
2012.01.16 10:30:53.551,0.79077,0.7909,1.50,1.50
2012.01.16 10:30:55.111,0.79078,0.79092,2.25,3.00
2012.01.16 10:30:57.069,0.79076,0.7909,3.00,1.50
2012.01.16 10:30:57.402,0.79073,0.79088,4.88,1.50
2012.01.16 10:30:57.476,0.79073,0.79088,4.13,1.50
2012.01.16 10:30:57.686,0.79075,0.79088,2.63,1.50
2012.01.16 10:30:57.769,0.79073,0.79087,1.88,1.35
2012.01.16 10:30:58.112,0.79073,0.79081,1.50,1.50
2012.01.16 10:30:58.479,0.79067,0.79079,1.13,1.50
2012.01.16 10:30:58.623,0.79066,0.79079,1.50,1.50
2012.01.16 10:30:58.974,0.79066,0.79079,1.50,2.25
2012.01.16 10:30:59.433,0.79064,0.79079,1.50,2.25
2012.01.16 10:31:01.026,0.79066,0.7908,1.50,3.75
2012.01.16 10:31:01.173,0.79066,0.7908,1.50,1.50
2012.01.16 10:31:01.472,0.79066,0.7908,2.25,1.50
2012.01.16 10:31:01.822,0.79069,0.7908,1.50,1.50
2012.01.16 10:31:02.410,0.79068,0.7908,2.25,1.50
2012.01.16 10:31:02.950,0.79067,0.7908,3.38,1.50
2012.01.16 10:31:03.580,0.79071,0.79086,2.25,1.50
2012.01.16 10:31:04.082,0.79072,0.79087,1.50,1.50
2012.01.16 10:31:04.596,0.79074,0.79087,1.50,1.50
2012.01.16 10:31:05.879,0.79071,0.79087,3.75,2.25
2012.01.16 10:31:06.402,0.79073,0.79087,1.50,1.50
2012.01.16 10:31:07.791,0.79071,0.79087,3.00,2.25
2012.01.16 10:31:08.416,0.79072,0.79085,1.50,1.50
2012.01.16 10:31:08.923,0.79069,0.79085,5.63,1.50
2012.01.16 10:31:09.470,0.79072,0.79085,2.63,1.50
2012.01.16 10:31:10.030,0.79073,0.79086,1.50,1.50
2012.01.16 10:31:11.034,0.79074,0.79086,1.50,2.25
2012.01.16 10:31:11.454,0.79072,0.79084,1.88,2.25
2012.01.16 10:31:11.981,0.79071,0.79087,2.25,4.50
2012.01.16 10:31:12.522,0.79069,0.79085,2.25,2.25
2012.01.16 10:31:12.661,0.7907,0.79085,1.50,2.25
2012.01.16 10:31:12.940,0.79069,0.79085,2.25,2.25
2012.01.16 10:31:13.143,0.7907,0.79085,1.50,2.25
2012.01.16 10:31:15.987,0.7907,0.79085,2.25,1.50
2012.01.16 10:31:16.070,0.79071,0.79087,2.25,4.88
2012.01.16 10:31:16.141,0.79071,0.79087,1.50,5.63
2012.01.16 10:31:16.339,0.79072,0.79087,1.50,3.38
2012.01.16 10:31:17.112,0.79071,0.79087,2.25,4.13
2012.01.16 10:31:18.081,0.79071,0.79087,2.25,2.25
2012.01.16 10:31:19.447,0.79074,0.79089,1.50,3.38
2012.01.16 10:31:20.257,0.79088,0.79101,1.50,1.50
2012.01.16 10:31:21.648,0.79088,0.79101,1.50,3.00
2012.01.16 10:31:22.689,0.79084,0.791,2.25,4.13
2012.01.16 10:31:23.263,0.79084,0.791,2.25,4.13
2012.01.16 10:31:23.776,0.79084,0.791,2.25,4.13
2012.01.16 10:31:27.021,0.79084,0.791,2.25,4.13
2012.01.16 10:31:28.958,0.79084,0.79099,2.25,1.50
2012.01.16 10:31:30.629,0.79084,0.79097,1.50,1.50
2012.01.16 10:31:32.341,0.79082,0.79096,2.25,2.25
2012.01.16 10:31:32.692,0.79079,0.79093,3.00,1.50
2012.01.16 10:31:33.049,0.79076,0.79087,1.50,3.00
2012.01.16 10:31:33.127,0.79076,0.79087,1.50,3.00
2012.01.16 10:31:33.419,0.79076,0.79087,1.50,2.25
2012.01.16 10:31:33.917,0.79076,0.79089,1.88,2.25
2012.01.16 10:31:34.201,0.79077,0.79091,2.25,3.00
2012.01.16 10:31:34.755,0.79076,0.79091,2.63,2.25
2012.01.16 10:31:34.831,0.79075,0.79091,2.25,4.43
2012.01.16 10:31:35.126,0.79077,0.79091,1.88,3.68
2012.01.16 10:31:36.455,0.79075,0.79085,1.50,1.88
2012.01.16 10:31:36.675,0.7907,0.79084,1.50,2.18
2012.01.16 10:31:36.753,0.79069,0.79084,2.25,2.18
2012.01.16 10:31:37.086,0.7907,0.79085,3.00,3.38
2012.01.16 10:31:37.371,0.79075,0.79089,1.50,3.68
2012.01.16 10:31:37.779,0.79075,0.79089,1.50,2.25
2012.01.16 10:31:38.649,0.79075,0.79089,1.50,1.50
2012.01.16 10:31:38.880,0.79075,0.79089,1.50,2.25
2012.01.16 10:31:40.001,0.79075,0.79087,1.50,3.38
2012.01.16 10:31:41.010,0.79075,0.79087,1.50,3.38
2012.01.16 10:31:41.290,0.79075,0.79087,1.50,3.38
2012.01.16 10:31:41.579,0.79076,0.79089,1.88,1.50
2012.01.16 10:31:41.724,0.79077,0.79092,1.50,2.25
2012.01.16 10:31:42.000,0.79077,0.79093,1.50,2.25
2012.01.16 10:31:44.360,0.79078,0.79093,1.50,2.25
2012.01.16 10:31:44.431,0.79081,0.79094,1.50,2.63
2012.01.16 10:31:45.218,0.79081,0.79093,1.50,1.88
2012.01.16 10:31:45.751,0.79081,0.79096,2.63,2.25
2012.01.16 10:31:45.894,0.79081,0.79096,1.50,1.50
2012.01.16 10:31:46.228,0.79079,0.79093,2.25,1.50
2012.01.16 10:31:50.738,0.79081,0.79093,1.88,1.50
2012.01.16 10:31:50.816,0.79081,0.79095,3.38,1.50
2012.01.16 10:31:50.893,0.79081,0.79095,4.13,1.50
2012.01.16 10:31:51.444,0.79081,0.79095,4.13,1.50
2012.01.16 10:31:52.160,0.79081,0.79095,2.25,1.50
2012.01.16 10:31:58.920,0.79081,0.79095,2.25,1.50
2012.01.16 10:31:59.624,0.79079,0.79094,1.35,1.50
2012.01.16 10:31:59.766,0.79079,0.79094,1.35,1.50
2012.01.16 10:32:01.316,0.79079,0.79092,2.63,1.50
2012.01.16 10:32:04.140,0.79078,0.79092,2.63,1.50
2012.01.16 10:32:11.853,0.79078,0.79092,5.85,1.50
2012.01.16 10:32:12.208,0.79086,0.79097,1.50,1.50
2012.01.16 10:32:12.426,0.79089,0.79104,2.25,1.88
2012.01.16 10:32:12.510,0.79092,0.79105,1.50,1.50
2012.01.16 10:32:12.884,0.79093,0.79105,1.50,1.50
2012.01.16 10:32:13.170,0.79088,0.79101,2.63,1.50
2012.01.16 10:32:13.454,0.79087,0.79101,1.50,1.50
2012.01.16 10:32:13.532,0.79087,0.79099,1.50,2.63
2012.01.16 10:32:14.267,0.79082,0.79096,2.25,3.38
2012.01.16 10:32:14.802,0.79082,0.79096,1.50,4.13
2012.01.16 10:32:16.864,0.7908,0.79092,2.25,1.50
2012.01.16 10:32:17.319,0.79074,0.79086,2.25,1.50
2012.01.16 10:32:17.408,0.79072,0.79084,1.13,3.38
2012.01.16 10:32:17.834,0.79069,0.79084,2.25,1.50
2012.01.16 10:32:17.903,0.79072,0.79085,2.25,1.50
2012.01.16 10:32:18.441,0.79072,0.79086,2.25,1.50
2012.01.16 10:32:20.681,0.79072,0.79086,2.25,2.25
2012.01.16 10:32:24.228,0.79072,0.79086,3.00,1.50
2012.01.16 10:32:27.841,0.79072,0.79086,2.25,2.25
2012.01.16 10:32:29.019,0.79072,0.79086,3.00,1.50
2012.01.16 10:32:29.534,0.79074,0.79086,1.50,1.50
2012.01.16 10:32:30.516,0.79074,0.79084,1.50,2.10
2012.01.16 10:32:30.820,0.79066,0.79078,2.63,1.50
2012.01.16 10:32:31.153,0.79066,0.7908,4.13,1.50
2012.01.16 10:32:34.777,0.79066,0.7908,4.13,1.50
2012.01.16 10:32:36.465,0.79066,0.7908,5.63,1.50
2012.01.16 10:32:36.947,0.79075,0.7908,1.88,1.50
2012.01.16 10:32:37.032,0.79075,0.79086,1.88,2.25
2012.01.16 10:32:40.462,0.79072,0.79086,4.13,1.50
2012.01.16 10:32:42.261,0.79072,0.79085,2.63,1.50
2012.01.16 10:32:45.419,0.79071,0.79085,1.88,1.50
2012.01.16 10:32:46.172,0.79072,0.79085,1.88,1.50
2012.01.16 10:32:46.710,0.79073,0.79086,1.50,3.00
2012.01.16 10:32:57.403,0.79074,0.79084,1.88,1.50
2012.01.16 10:32:57.687,0.79069,0.79082,3.38,1.50
2012.01.16 10:32:59.598,0.7907,0.79082,1.88,1.50
2012.01.16 10:33:01.641,0.79066,0.79082,4.43,1.50
2012.01.16 10:33:05.386,0.79066,0.79082,2.25,1.50
2012.01.16 10:33:05.742,0.79072,0.79086,1.50,2.25
2012.01.16 10:33:06.406,0.79072,0.79086,4.13,1.50
2012.01.16 10:33:06.982,0.79074,0.79086,1.50,1.50
2012.01.16 10:33:08.384,0.79075,0.79089,2.25,1.50
2012.01.16 10:33:08.751,0.79079,0.79092,1.50,2.63
2012.01.16 10:33:08.967,0.79079,0.79093,2.25,1.50
2012.01.16 10:33:09.856,0.79079,0.79093,2.25,1.50
2012.01.16 10:33:11.479,0.79079,0.79093,2.25,1.50
2012.01.16 10:33:12.920,0.79079,0.79093,2.25,1.50
2012.01.16 10:33:13.500,0.79079,0.79093,2.25,1.50
2012.01.16 10:33:18.191,0.79081,0.79095,2.25,3.38
2012.01.16 10:33:18.268,0.79082,0.79095,3.23,1.50
2012.01.16 10:33:18.763,0.79084,0.79098,3.00,1.50
2012.01.16 10:33:19.114,0.79082,0.79097,3.38,2.25
2012.01.16 10:33:19.443,0.79083,0.79099,3.00,1.50
2012.01.16 10:33:19.572,0.79083,0.79099,2.25,2.25
2012.01.16 10:33:19.789,0.79083,0.79099,3.00,1.50
2012.01.16 10:33:20.368,0.79083,0.79098,3.00,1.50
2012.01.16 10:33:20.441,0.79083,0.79097,2.63,2.25
2012.01.16 10:33:21.204,0.79083,0.79097,2.63,2.25
2012.01.16 10:33:21.762,0.79084,0.79098,2.25,2.25
2012.01.16 10:33:22.279,0.79084,0.79098,2.25,2.25
2012.01.16 10:33:22.978,0.79084,0.79098,2.25,2.25
2012.01.16 10:33:26.322,0.79084,0.79098,2.25,2.25
2012.01.16 10:33:27.044,0.79084,0.79098,2.25,2.25
2012.01.16 10:33:30.857,0.79081,0.79095,2.25,1.50
2012.01.16 10:33:31.076,0.79079,0.79093,3.00,1.50
2012.01.16 10:33:31.292,0.79079,0.79093,2.25,1.50
2012.01.16 10:33:31.670,0.79075,0.79091,4.88,1.50
2012.01.16 10:33:31.993,0.79081,0.79095,1.50,3.38
2012.01.16 10:33:32.180,0.79081,0.79095,2.25,3.38
2012.01.16 10:33:35.943,0.79079,0.79094,3.00,1.50
2012.01.16 10:33:36.321,0.79076,0.7909,2.25,1.50
2012.01.16 10:33:36.402,0.79076,0.7909,2.25,3.38
2012.01.16 10:33:36.691,0.79074,0.79088,1.50,1.50
2012.01.16 10:33:37.256,0.79076,0.79089,2.63,1.50
2012.01.16 10:33:37.336,0.79078,0.79091,1.50,1.50
2012.01.16 10:33:38.004,0.79078,0.79092,2.25,1.50
2012.01.16 10:33:38.529,0.79078,0.79092,2.25,1.50
2012.01.16 10:33:38.602,0.79081,0.79094,1.50,1.88
2012.01.16 10:33:39.150,0.79081,0.79095,2.25,1.50
2012.01.16 10:33:39.743,0.79081,0.79095,2.25,1.50
2012.01.16 10:33:40.960,0.79081,0.79094,2.25,1.88
2012.01.16 10:33:41.352,0.79078,0.79093,3.00,2.25
2012.01.16 10:33:41.561,0.79075,0.79087,1.50,1.50
2012.01.16 10:33:41.762,0.79075,0.79087,1.50,1.50
2012.01.16 10:33:45.311,0.79075,0.79089,2.25,1.50
2012.01.16 10:33:45.382,0.79077,0.79091,1.50,1.88
2012.01.16 10:33:45.575,0.79077,0.79093,1.50,1.50
2012.01.16 10:33:46.219,0.79077,0.79093,2.25,1.50
2012.01.16 10:33:46.764,0.79077,0.79093,1.50,1.50
2012.01.16 10:33:47.641,0.79081,0.79095,2.25,1.50
2012.01.16 10:33:47.848,0.79081,0.79095,1.50,1.50
2012.01.16 10:33:48.410,0.79084,0.79098,1.50,5.63
2012.01.16 10:33:48.542,0.79084,0.79098,1.50,4.13
2012.01.16 10:33:49.553,0.79086,0.791,1.50,2.55
2012.01.16 10:33:49.690,0.79086,0.79102,1.50,3.75
2012.01.16 10:33:50.238,0.79086,0.79102,1.50,3.75
2012.01.16 10:33:54.477,0.79086,0.79102,1.50,1.50
2012.01.16 10:33:55.446,0.79086,0.79101,1.50,2.25
2012.01.16 10:33:55.958,0.79085,0.79099,1.50,4.13
2012.01.16 10:33:56.722,0.79085,0.79099,1.50,4.13
2012.01.16 10:33:56.993,0.79085,0.79099,1.50,4.13
2012.01.16 10:33:57.535,0.79085,0.79099,1.50,4.13
2012.01.16 10:33:58.072,0.79085,0.79099,1.50,6.30
2012.01.16 10:33:58.499,0.79083,0.79096,1.50,3.00
2012.01.16 10:33:58.782,0.79082,0.79096,3.00,2.25
2012.01.16 10:33:58.911,0.79082,0.79096,2.25,2.25
2012.01.16 10:33:59.754,0.79082,0.79096,1.50,3.00
2012.01.16 10:34:00.259,0.79082,0.79096,1.50,2.25
2012.01.16 10:34:03.470,0.79082,0.79096,2.25,2.25
2012.01.16 10:34:04.458,0.79082,0.79096,1.50,2.25
2012.01.16 10:34:05.055,0.79083,0.79097,1.50,1.50
2012.01.16 10:34:08.790,0.79083,0.79097,1.50,1.50
2012.01.16 10:34:08.990,0.79083,0.79098,2.25,2.63
2012.01.16 10:34:09.669,0.79083,0.79098,2.25,1.88
2012.01.16 10:34:11.123,0.79082,0.79096,2.25,1.50
2012.01.16 10:34:11.404,0.7908,0.79094,1.50,1.50
2012.01.16 10:34:11.544,0.79078,0.79094,1.50,1.50
2012.01.16 10:34:15.021,0.79078,0.79094,1.50,3.00
2012.01.16 10:34:15.093,0.79078,0.79094,1.50,3.00
2012.01.16 10:34:15.616,0.79078,0.79094,1.50,3.00
2012.01.16 10:34:16.185,0.79078,0.79094,1.50,3.00
2012.01.16 10:34:16.393,0.79076,0.7909,3.75,1.50
2012.01.16 10:34:16.676,0.79076,0.7909,3.00,2.25
2012.01.16 10:34:17.215,0.79076,0.79088,1.50,2.63
2012.01.16 10:34:17.285,0.79073,0.79087,1.50,2.25
2012.01.16 10:34:17.352,0.79071,0.79084,3.00,1.50
2012.01.16 10:34:17.891,0.7907,0.79084,1.50,1.50
2012.01.16 10:34:18.552,0.7907,0.79082,1.50,1.88
2012.01.16 10:34:20.305,0.79067,0.79081,2.25,2.25
2012.01.16 10:34:20.446,0.79067,0.79079,1.50,1.88
2012.01.16 10:34:20.667,0.79064,0.79078,2.25,1.50
2012.01.16 10:34:21.330,0.79064,0.79078,2.25,2.25
2012.01.16 10:34:21.831,0.79064,0.79078,1.50,1.50
2012.01.16 10:34:21.965,0.79066,0.7908,1.50,4.50
2012.01.16 10:34:22.245,0.79068,0.79083,1.50,3.38
2012.01.16 10:34:22.961,0.79071,0.79086,1.50,3.75
2012.01.16 10:34:23.474,0.79071,0.79086,1.50,3.38
2012.01.16 10:34:23.984,0.79069,0.79085,1.50,1.50
2012.01.16 10:34:24.123,0.79069,0.79085,1.50,2.25
2012.01.16 10:34:25.671,0.79069,0.79082,1.50,2.63
2012.01.16 10:34:25.745,0.79066,0.79082,1.50,4.13
2012.01.16 10:34:26.512,0.79066,0.79082,1.50,4.13
2012.01.16 10:34:26.654,0.79069,0.79082,1.50,2.63
2012.01.16 10:34:27.182,0.79069,0.79082,1.50,1.88
2012.01.16 10:34:31.720,0.79069,0.79082,2.25,1.88
2012.01.16 10:34:32.728,0.79069,0.79082,2.25,1.88
2012.01.16 10:34:33.423,0.79069,0.79083,1.50,1.50
2012.01.16 10:34:53.463,0.79069,0.79082,1.50,1.88
2012.01.16 10:34:53.798,0.79062,0.79078,4.88,1.50
2012.01.16 10:34:53.943,0.79062,0.79078,4.13,1.50
2012.01.16 10:34:56.449,0.79066,0.79079,1.50,1.50
2012.01.16 10:34:56.988,0.79067,0.7908,1.88,1.50
2012.01.16 10:34:57.532,0.79066,0.7908,1.50,2.25
2012.01.16 10:34:58.079,0.79067,0.7908,1.88,2.25
2012.01.16 10:34:58.467,0.79069,0.79083,1.50,3.00
2012.01.16 10:34:58.758,0.79067,0.79081,3.38,2.25
2012.01.16 10:34:58.963,0.79064,0.79078,3.00,1.50
2012.01.16 10:35:06.171,0.79061,0.79075,4.13,1.50
2012.01.16 10:35:08.069,0.79063,0.79077,1.50,1.50
2012.01.16 10:35:08.552,0.79066,0.79077,1.88,1.50
2012.01.16 10:35:08.653,0.79066,0.7908,3.38,1.50
2012.01.16 10:35:08.794,0.79069,0.79083,1.50,3.75
2012.01.16 10:35:08.867,0.79069,0.79083,1.50,3.00
2012.01.16 10:35:09.437,0.79067,0.79081,1.50,1.50
2012.01.16 10:35:10.090,0.79068,0.79084,1.50,2.25
2012.01.16 10:35:10.614,0.79068,0.79084,1.50,2.25
2012.01.16 10:35:11.012,0.7907,0.79084,1.88,2.25
2012.01.16 10:35:11.351,0.79072,0.79086,1.50,2.63
2012.01.16 10:35:11.551,0.79072,0.79086,1.50,2.63
2012.01.16 10:35:12.247,0.79072,0.79086,1.50,1.88
2012.01.16 10:35:19.166,0.7907,0.79084,4.88,1.50
2012.01.16 10:35:20.187,0.79067,0.79082,2.63,1.50
2012.01.16 10:35:20.742,0.79067,0.79082,1.88,2.25
2012.01.16 10:35:24.948,0.79067,0.79082,1.88,1.50
2012.01.16 10:35:31.241,0.79068,0.79084,1.50,3.00
2012.01.16 10:35:31.768,0.79068,0.79083,1.50,1.50
2012.01.16 10:35:31.846,0.79067,0.79081,3.38,1.50
2012.01.16 10:35:32.772,0.79068,0.79084,1.50,1.50
2012.01.16 10:35:33.242,0.7907,0.79084,1.88,1.50
2012.01.16 10:35:33.325,0.79072,0.79088,1.50,2.25
2012.01.16 10:35:33.403,0.79075,0.79088,1.88,2.25
2012.01.16 10:35:33.942,0.79075,0.7909,1.88,3.60
2012.01.16 10:35:34.014,0.79072,0.79086,1.50,1.50
2012.01.16 10:35:34.744,0.79071,0.79085,1.88,1.50
2012.01.16 10:35:35.162,0.79069,0.79085,1.50,1.50
2012.01.16 10:35:35.303,0.79068,0.79081,4.80,1.50
2012.01.16 10:35:35.685,0.7907,0.79084,1.50,2.25
2012.01.16 10:35:44.823,0.79072,0.79085,1.50,1.13
2012.01.16 10:35:45.175,0.79075,0.79088,3.38,1.50
2012.01.16 10:35:45.327,0.79075,0.79089,3.38,1.13
2012.01.16 10:35:46.582,0.79075,0.79088,1.88,1.50
2012.01.16 10:35:46.965,0.79072,0.79085,2.25,1.88
2012.01.16 10:35:47.036,0.79069,0.79085,4.43,3.38
2012.01.16 10:35:47.610,0.79069,0.79084,1.50,1.13
2012.01.16 10:35:48.843,0.79069,0.79084,1.50,1.13
2012.01.16 10:35:59.353,0.79067,0.79081,1.50,1.50
2012.01.16 10:36:00.894,0.79064,0.79078,3.75,1.50
2012.01.16 10:36:01.454,0.7907,0.79078,1.88,1.50
2012.01.16 10:36:01.805,0.79067,0.79078,1.50,1.50
2012.01.16 10:36:01.961,0.79066,0.79081,1.50,4.05
2012.01.16 10:36:02.035,0.79063,0.79079,1.50,1.50
2012.01.16 10:36:02.746,0.79064,0.79079,2.63,2.25
2012.01.16 10:36:03.009,0.79064,0.79079,4.13,2.25
2012.01.16 10:36:03.351,0.79069,0.79082,1.50,1.13
2012.01.16 10:36:04.251,0.79066,0.79082,2.25,2.63
2012.01.16 10:36:04.832,0.79065,0.79079,1.50,3.00
2012.01.16 10:36:04.913,0.79063,0.79079,2.25,3.00
2012.01.16 10:36:05.531,0.79066,0.79079,1.88,2.25
2012.01.16 10:36:06.701,0.79069,0.79083,1.50,2.25
2012.01.16 10:36:07.056,0.79069,0.79083,1.50,1.50
2012.01.16 10:36:07.254,0.79066,0.79082,4.13,2.25
2012.01.16 10:36:11.293,0.79068,0.79083,1.50,4.13
2012.01.16 10:36:12.004,0.79068,0.79083,1.50,2.63
2012.01.16 10:36:12.523,0.79068,0.79082,1.50,1.88
2012.01.16 10:36:14.715,0.79067,0.79081,1.50,1.50
2012.01.16 10:36:14.804,0.79062,0.79077,1.50,1.50
2012.01.16 10:36:14.873,0.79061,0.79077,5.19,1.50
2012.01.16 10:36:15.351,0.79065,0.79079,1.50,2.25
2012.01.16 10:36:29.322,0.79068,0.7908,1.50,1.88
2012.01.16 10:36:29.672,0.79071,0.79083,1.50,1.88
2012.01.16 10:36:30.376,0.7907,0.79086,1.50,2.25
2012.01.16 10:36:33.050,0.7907,0.79086,3.75,1.50
2012.01.16 10:36:33.179,0.79073,0.79086,1.88,1.50
2012.01.16 10:36:33.254,0.79074,0.79088,1.50,3.00
2012.01.16 10:36:35.533,0.79074,0.79088,1.50,4.13
2012.01.16 10:36:35.609,0.79071,0.79084,1.50,1.50
2012.01.16 10:36:36.125,0.7907,0.79084,4.13,1.50
2012.01.16 10:36:36.481,0.7907,0.7908,2.25,1.88
2012.01.16 10:36:37.388,0.79067,0.79081,1.50,1.50
2012.01.16 10:36:37.712,0.79069,0.79083,1.50,1.50
2012.01.16 10:36:38.054,0.79072,0.79085,1.50,3.38
2012.01.16 10:36:38.405,0.79074,0.79089,3.38,2.25
2012.01.16 10:36:38.604,0.79074,0.79089,3.38,1.50
2012.01.16 10:36:39.138,0.79073,0.79087,1.50,2.25
2012.01.16 10:36:39.650,0.79074,0.79089,3.38,1.50
2012.01.16 10:36:42.512,0.79073,0.79087,1.50,2.25
2012.01.16 10:36:43.293,0.79073,0.79086,1.50,1.50
2012.01.16 10:36:43.712,0.7907,0.79085,1.50,3.00
2012.01.16 10:36:44.256,0.79069,0.79085,3.75,3.00
2012.01.16 10:36:44.687,0.79069,0.79082,1.88,1.50
2012.01.16 10:36:47.124,0.79069,0.79083,3.38,2.25
2012.01.16 10:36:47.932,0.79066,0.79082,1.50,1.50
2012.01.16 10:36:48.517,0.79066,0.79082,1.50,2.25
2012.01.16 10:36:53.993,0.79067,0.79082,1.50,2.25
2012.01.16 10:36:54.510,0.79069,0.79084,1.50,2.25
2012.01.16 10:36:54.591,0.7907,0.79084,1.88,2.25
2012.01.16 10:36:55.144,0.79071,0.79086,1.50,1.50
2012.01.16 10:36:55.209,0.79071,0.79087,1.50,3.75
2012.01.16 10:37:09.193,0.7907,0.79084,3.38,1.50
2012.01.16 10:37:12.426,0.7907,0.79084,1.50,4.13
2012.01.16 10:37:12.639,0.79067,0.79081,2.25,1.50
2012.01.16 10:37:13.411,0.79068,0.79084,1.50,4.13
2012.01.16 10:37:18.780,0.79068,0.79084,1.50,4.88
2012.01.16 10:37:21.169,0.79068,0.79084,1.50,4.88
2012.01.16 10:37:22.503,0.79068,0.79084,1.50,4.13
2012.01.16 10:37:27.881,0.79068,0.79083,1.50,2.25
2012.01.16 10:37:27.950,0.79066,0.79082,3.75,1.50
2012.01.16 10:37:28.260,0.79066,0.79079,1.88,1.50
2012.01.16 10:37:28.870,0.79063,0.79079,3.23,1.50
2012.01.16 10:37:29.382,0.79063,0.79079,3.38,2.25
2012.01.16 10:37:30.253,0.79063,0.79079,3.38,2.25
2012.01.16 10:37:31.951,0.79063,0.79077,1.88,1.50
2012.01.16 10:37:33.273,0.79063,0.79079,3.00,2.25
2012.01.16 10:37:33.343,0.79065,0.7908,1.50,3.38
2012.01.16 10:37:33.681,0.7907,0.79081,1.88,1.50
2012.01.16 10:37:33.966,0.7907,0.79084,3.38,1.50
2012.01.16 10:37:34.608,0.7907,0.79085,1.88,1.50
2012.01.16 10:37:46.519,0.79069,0.79084,1.50,1.88
2012.01.16 10:37:55.991,0.79067,0.79081,3.00,1.50
2012.01.16 10:37:56.597,0.79067,0.79081,1.50,2.25
2012.01.16 10:37:57.149,0.79065,0.79078,1.50,2.25
2012.01.16 10:37:57.351,0.79064,0.79078,1.50,2.25
2012.01.16 10:37:57.420,0.79064,0.79078,1.50,3.00
2012.01.16 10:37:58.375,0.79061,0.79075,1.50,1.50
2012.01.16 10:37:59.075,0.79061,0.79075,1.50,1.50
2012.01.16 10:37:59.477,0.79063,0.79077,1.50,2.25
2012.01.16 10:38:01.140,0.79063,0.79077,2.25,1.50
2012.01.16 10:38:02.430,0.79063,0.79077,2.25,2.25
2012.01.16 10:38:03.150,0.79063,0.79077,1.50,3.00
2012.01.16 10:38:03.742,0.79063,0.79077,2.25,1.50
2012.01.16 10:38:04.310,0.79066,0.7908,1.50,4.13
2012.01.16 10:38:04.439,0.79066,0.7908,1.50,3.38
2012.01.16 10:38:09.716,0.79067,0.7908,1.50,1.50
2012.01.16 10:38:09.799,0.79069,0.79083,1.50,1.50
2012.01.16 10:38:09.945,0.79072,0.79086,1.50,2.63
2012.01.16 10:38:10.669,0.79072,0.79086,1.50,2.25
2012.01.16 10:38:11.031,0.79072,0.79086,2.25,2.25
2012.01.16 10:38:11.190,0.79072,0.79086,1.50,2.25
2012.01.16 10:38:11.916,0.79072,0.79086,2.25,2.25
2012.01.16 10:38:12.063,0.79074,0.79089,1.50,2.25
2012.01.16 10:38:12.715,0.79074,0.79088,1.50,1.50
2012.01.16 10:38:13.468,0.79074,0.7909,1.50,3.00
2012.01.16 10:38:16.651,0.79074,0.7909,1.50,3.00
2012.01.16 10:38:19.660,0.79074,0.7909,2.25,2.25
2012.01.16 10:38:24.699,0.79074,0.7909,1.50,3.00
2012.01.16 10:38:24.960,0.79074,0.79089,1.50,2.63
2012.01.16 10:38:25.473,0.79074,0.79089,1.50,2.63
2012.01.16 10:38:25.675,0.79073,0.79087,1.50,3.00
2012.01.16 10:38:25.758,0.79071,0.79085,1.50,2.25
2012.01.16 10:38:25.836,0.79071,0.79085,2.25,2.25
2012.01.16 10:38:25.919,0.79071,0.79085,1.50,2.25
2012.01.16 10:38:26.453,0.79067,0.79082,2.94,2.25
2012.01.16 10:38:26.600,0.79066,0.79082,5.57,2.25
2012.01.16 10:38:28.692,0.79066,0.79082,5.57,3.00
2012.01.16 10:38:29.044,0.79064,0.79078,5.18,2.25
2012.01.16 10:38:29.604,0.79064,0.79078,2.25,1.50
2012.01.16 10:38:31.377,0.79064,0.79078,1.50,3.00
2012.01.16 10:38:34.997,0.79062,0.79076,1.50,3.00
2012.01.16 10:38:35.074,0.79062,0.79072,1.50,1.50
2012.01.16 10:38:35.480,0.79059,0.79072,5.18,1.50
2012.01.16 10:38:36.277,0.79059,0.79075,4.50,2.25
2012.01.16 10:38:42.662,0.79059,0.79075,3.75,2.25
2012.01.16 10:38:43.203,0.79059,0.79075,3.38,2.25
2012.01.16 10:38:43.764,0.79059,0.79075,3.38,3.00
2012.01.16 10:38:45.594,0.79062,0.79076,1.50,3.38
2012.01.16 10:38:45.935,0.79066,0.79078,1.50,1.50
2012.01.16 10:38:46.217,0.79066,0.7908,1.50,3.00
2012.01.16 10:38:46.771,0.79066,0.79079,3.38,1.50
2012.01.16 10:38:47.404,0.79066,0.7908,2.25,1.50
2012.01.16 10:38:47.820,0.79066,0.79078,1.50,1.50
2012.01.16 10:38:48.100,0.79064,0.79078,2.25,1.50
2012.01.16 10:38:48.372,0.79064,0.79078,2.25,2.25
2012.01.16 10:38:48.515,0.79064,0.79078,3.00,2.25
2012.01.16 10:38:49.191,0.79064,0.79078,2.25,2.25
2012.01.16 10:38:51.725,0.79065,0.7908,1.50,1.50
2012.01.16 10:38:52.251,0.79065,0.79081,3.38,3.00
2012.01.16 10:38:52.634,0.79065,0.79079,3.38,1.50
2012.01.16 10:38:53.211,0.79065,0.79079,3.38,1.50
2012.01.16 10:38:55.620,0.79065,0.79079,3.38,1.50
2012.01.16 10:38:55.749,0.79065,0.79081,3.38,3.00
2012.01.16 10:38:55.930,0.79065,0.79079,3.38,1.50
2012.01.16 10:38:57.130,0.79065,0.79081,3.38,3.00
2012.01.16 10:38:57.381,0.79065,0.79081,3.38,4.50
2012.01.16 10:38:57.667,0.79065,0.79081,4.13,2.25
2012.01.16 10:38:58.008,0.79071,0.79082,1.50,1.50
2012.01.16 10:38:58.229,0.79071,0.79083,1.50,2.63
2012.01.16 10:38:59.213,0.79071,0.79086,1.50,1.50
2012.01.16 10:38:59.704,0.79069,0.79084,2.25,2.63
2012.01.16 10:38:59.779,0.79066,0.79082,3.00,1.50
2012.01.16 10:39:00.063,0.79066,0.79081,1.50,4.13
2012.01.16 10:39:00.133,0.79066,0.79081,1.50,2.63
2012.01.16 10:39:00.671,0.79066,0.79082,1.50,2.25
2012.01.16 10:39:00.870,0.79066,0.79082,2.25,1.50
2012.01.16 10:39:01.842,0.79066,0.79082,2.25,1.50
2012.01.16 10:39:14.359,0.79066,0.79082,1.50,2.10
2012.01.16 10:39:14.714,0.79064,0.79079,1.50,2.25
2012.01.16 10:39:14.784,0.79064,0.79079,1.50,1.50
2012.01.16 10:39:15.315,0.79062,0.79075,3.00,1.50
2012.01.16 10:39:15.806,0.79061,0.79075,1.50,1.50
2012.01.16 10:39:16.770,0.79061,0.79075,4.88,1.50
2012.01.16 10:39:17.150,0.79063,0.79077,2.25,1.50
2012.01.16 10:39:20.491,0.79065,0.79077,1.88,1.50
2012.01.16 10:39:20.561,0.79066,0.7908,1.50,2.25
2012.01.16 10:39:21.311,0.79066,0.7908,1.50,1.50
2012.01.16 10:39:21.504,0.79063,0.79077,2.18,2.25
2012.01.16 10:39:22.010,0.79061,0.79077,4.13,2.25
2012.01.16 10:39:24.299,0.79062,0.79077,2.25,2.25
2012.01.16 10:39:24.826,0.79062,0.79077,3.00,1.50
2012.01.16 10:39:25.057,0.79062,0.79077,2.25,2.25
2012.01.16 10:39:25.589,0.79062,0.79077,1.50,2.25
2012.01.16 10:39:25.911,0.79062,0.79077,2.25,1.50
2012.01.16 10:39:25.980,0.79062,0.79077,1.50,2.25
2012.01.16 10:39:26.471,0.79066,0.79077,1.88,2.25
2012.01.16 10:39:26.546,0.79066,0.7908,3.38,2.25
2012.01.16 10:39:26.627,0.79068,0.79083,1.50,4.28
2012.01.16 10:39:27.172,0.79071,0.79087,1.50,3.75
2012.01.16 10:39:27.253,0.79071,0.79087,1.50,3.00
2012.01.16 10:39:27.760,0.7907,0.79084,1.50,2.25
2012.01.16 10:39:29.916,0.7907,0.79084,1.50,2.25
2012.01.16 10:39:31.448,0.79071,0.79086,1.50,3.38
2012.01.16 10:39:32.213,0.79072,0.79087,1.50,1.50
2012.01.16 10:39:32.763,0.79072,0.79088,4.13,2.25
2012.01.16 10:39:33.265,0.79074,0.7909,1.50,3.00
2012.01.16 10:39:37.688,0.79074,0.79087,1.50,1.50
2012.01.16 10:39:38.410,0.79074,0.7909,1.50,3.00
2012.01.16 10:39:38.723,0.79072,0.79087,3.38,1.50
2012.01.16 10:39:46.611,0.79075,0.79087,1.50,1.50
2012.01.16 10:39:47.119,0.79075,0.79089,1.50,2.25
2012.01.16 10:39:54.452,0.79073,0.79087,1.50,2.25
2012.01.16 10:40:00.873,0.79073,0.79087,2.25,1.50
2012.01.16 10:40:01.207,0.79075,0.79087,2.25,2.25
2012.01.16 10:40:01.568,0.7908,0.79092,1.50,1.50
2012.01.16 10:40:01.920,0.79082,0.79096,1.50,2.25
2012.01.16 10:40:02.002,0.79087,0.79098,1.50,1.35
2012.01.16 10:40:02.521,0.79088,0.791,1.88,1.50
2012.01.16 10:40:02.591,0.79088,0.79102,1.88,3.75
2012.01.16 10:40:03.120,0.79085,0.791,1.13,1.50
2012.01.16 10:40:03.320,0.79084,0.791,3.38,1.50
2012.01.16 10:40:03.830,0.79084,0.791,2.63,2.25
2012.01.16 10:40:04.394,0.79084,0.791,2.63,1.50
2012.01.16 10:40:04.921,0.79085,0.791,2.25,1.50
2012.01.16 10:40:05.063,0.79087,0.79101,1.50,1.50
2012.01.16 10:40:08.100,0.79085,0.79099,2.25,1.50
2012.01.16 10:40:10.642,0.79083,0.79097,4.13,2.25
2012.01.16 10:40:10.896,0.79083,0.79097,1.88,2.25
2012.01.16 10:40:10.975,0.79083,0.79094,1.88,1.50
2012.01.16 10:40:11.789,0.79083,0.79097,2.25,1.50
2012.01.16 10:40:16.089,0.79083,0.79097,2.25,1.50
2012.01.16 10:40:17.342,0.79083,0.79097,2.25,2.25
2012.01.16 10:40:17.990,0.79083,0.79097,1.50,3.00
2012.01.16 10:40:19.894,0.79083,0.79097,1.50,2.25
2012.01.16 10:40:21.441,0.79083,0.79097,1.50,3.00
2012.01.16 10:40:26.276,0.7908,0.79095,1.88,1.50
2012.01.16 10:40:26.800,0.79079,0.79095,4.13,1.50
2012.01.16 10:40:27.368,0.79079,0.79095,4.13,2.25
2012.01.16 10:40:27.899,0.79079,0.79095,4.13,2.25
2012.01.16 10:40:28.201,0.79081,0.79095,1.50,1.50
2012.01.16 10:40:28.509,0.79083,0.79097,1.50,2.25
2012.01.16 10:40:33.953,0.79083,0.79096,4.13,1.50
2012.01.16 10:40:35.874,0.79083,0.79097,3.38,3.00
2012.01.16 10:40:37.880,0.79083,0.79097,4.88,2.25
2012.01.16 10:40:38.397,0.79083,0.79097,4.88,1.50
2012.01.16 10:40:38.736,0.79085,0.79099,1.50,1.50
2012.01.16 10:40:39.308,0.79085,0.79101,2.25,2.25
2012.01.16 10:40:42.511,0.79085,0.791,1.50,3.60
2012.01.16 10:40:42.795,0.79083,0.79098,1.88,2.25
2012.01.16 10:40:43.350,0.79083,0.79098,2.63,2.25
2012.01.16 10:40:50.117,0.79081,0.79094,1.50,1.50
2012.01.16 10:40:50.191,0.79079,0.79094,2.63,1.50
2012.01.16 10:40:50.909,0.79082,0.79094,2.63,1.50
2012.01.16 10:40:51.379,0.79076,0.79086,1.50,2.63
2012.01.16 10:40:51.739,0.7907,0.79085,3.00,1.50
2012.01.16 10:40:51.816,0.7907,0.79082,1.50,1.50
2012.01.16 10:40:52.353,0.79072,0.79086,3.38,2.25
2012.01.16 10:40:52.858,0.79072,0.79086,1.50,3.00
2012.01.16 10:40:53.131,0.79072,0.79086,2.25,1.50
2012.01.16 10:40:53.681,0.79072,0.79086,1.50,1.50
2012.01.16 10:40:54.364,0.79071,0.79084,3.38,1.50
2012.01.16 10:40:56.663,0.79071,0.79084,2.63,1.50
2012.01.16 10:40:56.733,0.79071,0.79084,3.38,1.50
2012.01.16 10:40:57.000,0.79071,0.79084,3.38,1.50
2012.01.16 10:40:57.746,0.79071,0.79087,4.88,2.25
2012.01.16 10:41:01.766,0.79071,0.79087,4.88,2.25
2012.01.16 10:41:03.518,0.79072,0.79087,1.50,2.25
2012.01.16 10:41:04.083,0.79072,0.79086,1.50,2.25
2012.01.16 10:41:04.337,0.79072,0.79086,2.25,2.25
2012.01.16 10:41:04.751,0.79071,0.79085,1.50,1.50
2012.01.16 10:41:05.270,0.79071,0.79087,2.25,3.75
2012.01.16 10:41:05.412,0.79071,0.79087,3.00,3.00
2012.01.16 10:41:05.621,0.79071,0.79087,1.50,3.75
2012.01.16 10:41:08.119,0.79071,0.79086,2.25,1.50
2012.01.16 10:41:08.378,0.79071,0.79086,2.25,2.25
2012.01.16 10:41:11.186,0.79071,0.79086,3.00,1.50
2012.01.16 10:41:11.716,0.79071,0.79086,3.00,1.50
2012.01.16 10:41:12.249,0.79071,0.79086,3.00,1.50
2012.01.16 10:41:12.797,0.79069,0.79085,2.25,2.25
2012.01.16 10:41:16.146,0.7907,0.79085,1.50,2.25
2012.01.16 10:41:16.231,0.79072,0.79086,1.88,1.50
2012.01.16 10:41:16.545,0.79075,0.79086,1.50,1.50
2012.01.16 10:41:16.643,0.79075,0.79089,1.50,1.50
2012.01.16 10:41:17.284,0.79076,0.79089,1.50,1.50
2012.01.16 10:41:17.976,0.79076,0.7909,1.50,2.25
2012.01.16 10:41:18.510,0.79076,0.7909,1.50,3.00
2012.01.16 10:41:19.033,0.79076,0.7909,1.50,2.25
2012.01.16 10:41:28.182,0.79073,0.79087,1.50,1.50
2012.01.16 10:41:54.088,0.79075,0.79089,1.50,2.25
2012.01.16 10:42:12.156,0.79073,0.79087,3.00,1.50
2012.01.16 10:42:12.508,0.7907,0.79084,2.25,1.50
2012.01.16 10:42:12.961,0.79067,0.79081,3.75,1.50
2012.01.16 10:42:13.453,0.79068,0.79084,1.50,2.25
2012.01.16 10:42:20.408,0.79067,0.79081,4.13,1.50
2012.01.16 10:42:20.917,0.79071,0.79081,1.50,1.50
2012.01.16 10:42:20.993,0.79076,0.79087,1.88,1.50
2012.01.16 10:42:21.138,0.79078,0.7909,1.50,1.50
2012.01.16 10:42:21.662,0.79078,0.79092,1.50,2.25
2012.01.16 10:42:35.216,0.79076,0.79091,3.38,1.50
2012.01.16 10:42:35.725,0.79076,0.79091,1.88,2.25
2012.01.16 10:42:36.152,0.79072,0.79088,4.50,2.25
2012.01.16 10:42:36.230,0.79075,0.79089,3.38,2.25
2012.01.16 10:42:36.306,0.79075,0.7909,3.38,1.50
2012.01.16 10:42:36.965,0.79075,0.7909,3.38,2.25
2012.01.16 10:42:37.431,0.79075,0.79091,1.50,4.13
2012.01.16 10:42:39.435,0.79075,0.79089,1.50,2.10
2012.01.16 10:42:39.774,0.79069,0.79082,1.50,1.50
2012.01.16 10:42:39.847,0.7907,0.79086,2.25,2.25
2012.01.16 10:42:39.924,0.79078,0.79087,1.88,1.50
2012.01.16 10:42:40.243,0.7908,0.79088,1.50,2.18
2012.01.16 10:42:40.323,0.79077,0.79091,3.68,2.25
2012.01.16 10:42:40.875,0.79077,0.79091,1.50,1.50
2012.01.16 10:42:41.262,0.79074,0.79088,1.88,1.50
2012.01.16 10:42:42.210,0.79074,0.79087,1.88,1.88
2012.01.16 10:42:42.354,0.79071,0.79086,1.50,1.50
2012.01.16 10:42:42.917,0.7907,0.79086,3.00,1.50
2012.01.16 10:42:43.666,0.7907,0.79086,2.25,1.50
2012.01.16 10:42:44.963,0.7907,0.79086,2.25,3.00
2012.01.16 10:42:45.037,0.79069,0.79082,2.25,1.50
2012.01.16 10:42:45.302,0.7907,0.79086,1.50,2.25
2012.01.16 10:42:51.371,0.79071,0.79086,1.88,1.50
2012.01.16 10:42:51.571,0.79073,0.79087,1.50,1.50
2012.01.16 10:42:51.641,0.79073,0.79089,1.50,4.43
2012.01.16 10:42:52.161,0.79073,0.79087,1.50,1.88
2012.01.16 10:42:52.515,0.79069,0.79082,1.50,1.50
2012.01.16 10:42:53.061,0.79071,0.79083,1.50,1.88
2012.01.16 10:42:53.470,0.79071,0.79085,1.50,1.50
2012.01.16 10:42:53.745,0.79074,0.79087,1.50,3.68
2012.01.16 10:42:54.000,0.79074,0.79088,1.50,2.25
2012.01.16 10:42:58.452,0.79074,0.79087,1.50,1.88
2012.01.16 10:42:58.585,0.7907,0.79086,2.25,2.25
2012.01.16 10:42:58.724,0.7907,0.79083,2.25,1.88
2012.01.16 10:42:59.228,0.79065,0.79077,3.00,2.10
2012.01.16 10:42:59.317,0.79056,0.7907,4.82,1.50
2012.01.16 10:42:59.886,0.79056,0.7907,1.88,2.25
2012.01.16 10:42:59.964,0.79056,0.7907,1.88,3.00
2012.01.16 10:43:00.174,0.79053,0.79066,2.25,1.50
2012.01.16 10:43:00.243,0.79053,0.79064,2.25,1.88
2012.01.16 10:43:00.456,0.79049,0.79063,1.50,1.50
2012.01.16 10:43:00.925,0.79046,0.7906,1.50,1.50
2012.01.16 10:43:02.556,0.79048,0.79062,1.50,2.25
2012.01.16 10:43:02.622,0.79045,0.79061,1.50,1.50
2012.01.16 10:43:03.218,0.79045,0.79061,2.25,1.50
2012.01.16 10:43:04.918,0.79045,0.79061,2.25,1.50
2012.01.16 10:43:05.419,0.79047,0.79063,2.25,3.00
2012.01.16 10:43:06.297,0.79047,0.79063,1.50,3.00
2012.01.16 10:43:06.654,0.79046,0.7906,1.50,1.50
2012.01.16 10:43:09.522,0.79047,0.79062,1.50,3.00
2012.01.16 10:43:10.529,0.79046,0.7906,1.50,1.50
2012.01.16 10:43:15.024,0.79046,0.7906,1.50,2.25
2012.01.16 10:43:15.373,0.79039,0.79051,1.50,3.38
2012.01.16 10:43:15.587,0.79041,0.79057,1.50,3.00
2012.01.16 10:43:15.721,0.79043,0.79057,1.88,3.00
2012.01.16 10:43:16.282,0.79043,0.79056,1.50,2.63
2012.01.16 10:43:16.801,0.79043,0.79057,1.50,2.25
2012.01.16 10:43:18.497,0.79043,0.79056,1.50,1.88
2012.01.16 10:43:18.994,0.7904,0.79055,1.50,1.50
2012.01.16 10:43:19.680,0.79042,0.79055,1.50,1.88
2012.01.16 10:43:19.756,0.79046,0.79055,1.50,1.88
2012.01.16 10:43:19.826,0.79046,0.79058,1.50,1.50
2012.01.16 10:43:19.954,0.79046,0.7906,1.50,2.25
2012.01.16 10:43:20.503,0.79048,0.7906,1.88,1.50
2012.01.16 10:43:20.831,0.79047,0.79063,2.25,3.38
2012.01.16 10:43:25.230,0.79047,0.79063,4.13,1.50
2012.01.16 10:43:29.121,0.79047,0.79063,3.75,1.50
2012.01.16 10:43:34.405,0.79047,0.79061,1.88,1.88
2012.01.16 10:43:34.612,0.79045,0.79061,1.50,3.38
2012.01.16 10:43:34.686,0.79045,0.79056,1.50,1.88
2012.01.16 10:43:34.754,0.79043,0.79056,1.50,1.88
2012.01.16 10:43:34.965,0.7904,0.79055,1.50,1.50
2012.01.16 10:43:35.450,0.79042,0.79056,1.50,4.13
2012.01.16 10:43:35.987,0.79042,0.79055,1.50,1.88
2012.01.16 10:43:36.559,0.79042,0.79056,4.88,1.50
2012.01.16 10:43:36.907,0.79048,0.79061,1.50,2.18
2012.01.16 10:43:37.401,0.79053,0.79062,2.25,1.50
2012.01.16 10:43:37.482,0.79055,0.79068,1.50,1.88
2012.01.16 10:43:37.560,0.79055,0.79071,1.50,2.25
2012.01.16 10:43:38.122,0.79055,0.7907,1.50,1.50
2012.01.16 10:43:38.342,0.79055,0.79071,1.50,3.75
2012.01.16 10:43:38.417,0.79055,0.79069,1.50,3.00
2012.01.16 10:43:38.971,0.79055,0.79061,1.50,2.93
2012.01.16 10:43:39.055,0.79045,0.79061,1.50,2.25
2012.01.16 10:43:39.129,0.79048,0.79062,1.50,3.00
2012.01.16 10:43:39.768,0.79048,0.79062,1.50,2.25
2012.01.16 10:43:40.512,0.79048,0.79062,1.50,2.25
2012.01.16 10:43:42.728,0.79048,0.79062,1.50,2.25
2012.01.16 10:43:52.298,0.79046,0.7906,2.25,1.50
2012.01.16 10:43:59.589,0.79048,0.79062,1.50,2.25
2012.01.16 10:44:00.152,0.79052,0.79067,2.63,3.38
2012.01.16 10:44:00.236,0.79053,0.79067,1.50,1.50
2012.01.16 10:44:01.085,0.79057,0.79071,1.50,1.50
2012.01.16 10:44:04.323,0.79053,0.79071,1.50,1.35
2012.01.16 10:44:04.391,0.79053,0.79071,1.50,2.10
2012.01.16 10:44:04.795,0.7905,0.79067,3.30,2.10
2012.01.16 10:44:04.932,0.79049,0.79063,2.63,1.88
2012.01.16 10:44:05.262,0.79047,0.7906,1.50,1.50
2012.01.16 10:44:05.333,0.79046,0.7906,3.00,1.50
2012.01.16 10:44:05.874,0.79046,0.7906,2.25,1.50
2012.01.16 10:44:06.154,0.79044,0.79058,1.13,1.50
2012.01.16 10:44:06.730,0.79043,0.79056,2.19,1.88
2012.01.16 10:44:06.814,0.79043,0.79056,1.50,1.88
2012.01.16 10:44:07.091,0.79041,0.79055,1.13,1.50
2012.01.16 10:44:07.303,0.79041,0.79055,3.38,1.50
2012.01.16 10:44:07.644,0.79042,0.79056,1.50,2.25
2012.01.16 10:44:11.029,0.79042,0.79056,3.00,1.50
2012.01.16 10:44:11.632,0.79045,0.79059,1.50,1.50
2012.01.16 10:44:12.256,0.79045,0.79059,4.88,1.50
2012.01.16 10:44:12.790,0.79045,0.79059,4.88,1.50
2012.01.16 10:44:14.254,0.79045,0.79059,3.38,1.50
2012.01.16 10:44:14.774,0.79045,0.79056,1.50,1.88
2012.01.16 10:44:15.259,0.79043,0.79057,1.50,3.00
2012.01.16 10:44:15.334,0.79041,0.79053,1.88,1.50
2012.01.16 10:44:15.406,0.79041,0.79057,3.38,2.25
2012.01.16 10:44:16.272,0.79041,0.79057,4.13,2.25
2012.01.16 10:44:18.733,0.79044,0.7906,1.50,4.88
2012.01.16 10:44:18.804,0.79044,0.7906,1.50,3.38
2012.01.16 10:44:19.064,0.79046,0.7906,1.50,3.38
2012.01.16 10:44:19.412,0.7905,0.79066,1.50,3.00
2012.01.16 10:44:19.836,0.79048,0.79064,3.38,1.50
2012.01.16 10:44:24.825,0.79049,0.79064,2.19,1.50
2012.01.16 10:44:25.178,0.79051,0.79065,4.13,1.50
2012.01.16 10:44:25.468,0.79054,0.79068,1.50,2.25
2012.01.16 10:44:25.881,0.79056,0.7907,1.50,2.25
2012.01.16 10:44:26.439,0.79055,0.79069,1.50,2.25
2012.01.16 10:44:26.796,0.79061,0.79073,1.88,1.50
2012.01.16 10:44:27.142,0.79063,0.79077,1.50,4.13
2012.01.16 10:44:30.049,0.79063,0.79075,1.50,1.50
2012.01.16 10:44:30.133,0.79059,0.79073,1.50,1.50
2012.01.16 10:44:33.802,0.79059,0.79073,1.50,2.25
2012.01.16 10:44:34.612,0.79061,0.79073,1.88,2.25
2012.01.16 10:44:34.881,0.79061,0.79077,3.38,3.00
2012.01.16 10:44:41.931,0.79061,0.79076,3.38,2.25
2012.01.16 10:44:42.003,0.79059,0.79074,1.50,1.50
2012.01.16 10:44:42.327,0.79058,0.79074,2.25,2.10
2012.01.16 10:44:42.855,0.79058,0.79074,1.50,2.25
2012.01.16 10:45:09.685,0.79057,0.7907,1.50,1.50
2012.01.16 10:45:09.824,0.79054,0.7907,1.50,2.25
2012.01.16 10:45:10.353,0.79054,0.7907,2.25,3.00
2012.01.16 10:45:10.590,0.79054,0.79068,1.50,1.88
2012.01.16 10:45:11.092,0.79053,0.79067,1.50,4.13
2012.01.16 10:45:11.163,0.79051,0.79067,1.50,4.13
2012.01.16 10:45:11.493,0.79051,0.79065,1.50,2.63
2012.01.16 10:45:12.082,0.79051,0.79065,1.50,3.38
2012.01.16 10:45:12.212,0.79049,0.79064,1.50,2.25
2012.01.16 10:45:12.770,0.79048,0.79064,1.50,2.25
2012.01.16 10:45:15.402,0.79048,0.79064,2.25,2.25
2012.01.16 10:45:15.476,0.79051,0.79064,1.88,2.25
2012.01.16 10:45:15.824,0.79054,0.79067,1.50,1.50
2012.01.16 10:45:15.955,0.79052,0.79067,3.00,2.25
2012.01.16 10:45:16.164,0.79051,0.79066,3.38,1.50
2012.01.16 10:45:18.242,0.79051,0.79064,2.85,1.88
2012.01.16 10:45:18.383,0.79053,0.79067,2.63,2.25
2012.01.16 10:45:18.763,0.79055,0.79069,1.50,2.25
2012.01.16 10:45:18.832,0.79055,0.79069,1.50,2.25
2012.01.16 10:45:23.395,0.79057,0.79071,1.50,4.13
2012.01.16 10:45:25.094,0.79054,0.7907,1.50,1.50
2012.01.16 10:45:26.710,0.79057,0.7907,1.88,1.50
2012.01.16 10:45:27.196,0.79062,0.79076,1.50,3.00
2012.01.16 10:45:27.556,0.79065,0.79077,1.50,1.50
2012.01.16 10:45:27.840,0.79065,0.79078,1.50,2.63
2012.01.16 10:45:27.983,0.79065,0.79077,1.50,4.13
2012.01.16 10:45:28.332,0.79061,0.79075,1.50,2.25
2012.01.16 10:45:28.641,0.79059,0.79075,2.25,2.25
2012.01.16 10:45:29.704,0.79059,0.79075,1.50,2.25
2012.01.16 10:45:30.459,0.79059,0.79075,2.25,1.50
2012.01.16 10:45:31.002,0.79059,0.79074,1.50,1.88
2012.01.16 10:45:31.208,0.79058,0.79072,1.50,1.50
2012.01.16 10:45:31.287,0.79055,0.7907,1.50,1.50
2012.01.16 10:45:31.509,0.79058,0.79071,1.50,2.25
2012.01.16 10:45:32.224,0.79054,0.79069,2.63,2.25
2012.01.16 10:45:32.436,0.79054,0.79069,2.63,1.50
2012.01.16 10:45:32.641,0.79056,0.79069,1.88,2.25
2012.01.16 10:45:32.991,0.79057,0.79073,1.50,3.00
2012.01.16 10:45:38.680,0.79057,0.79073,1.50,5.63
2012.01.16 10:45:39.443,0.7906,0.79073,1.50,1.50
2012.01.16 10:45:40.001,0.7906,0.79074,1.50,2.25
2012.01.16 10:45:42.842,0.7906,0.79074,1.50,2.25
2012.01.16 10:45:44.222,0.7906,0.79074,1.50,1.50
2012.01.16 10:45:46.472,0.7906,0.79074,1.50,2.25
2012.01.16 10:45:47.796,0.7906,0.79074,1.50,2.25
2012.01.16 10:45:57.205,0.79057,0.79073,4.13,1.50
2012.01.16 10:45:57.349,0.79057,0.79069,2.63,1.50
2012.01.16 10:45:57.497,0.79055,0.79069,4.43,2.25
2012.01.16 10:45:58.216,0.79053,0.79069,3.00,1.50
2012.01.16 10:45:58.780,0.79055,0.79069,1.88,2.25
2012.01.16 10:45:58.994,0.79053,0.79069,1.50,2.25
2012.01.16 10:45:59.464,0.79052,0.79066,4.88,1.50
2012.01.16 10:46:00.663,0.79054,0.79066,1.88,1.50
2012.01.16 10:46:00.804,0.79057,0.79071,1.50,5.93
2012.01.16 10:46:01.289,0.7906,0.79073,1.50,2.25
2012.01.16 10:46:01.368,0.7906,0.79074,1.50,3.75
2012.01.16 10:46:01.913,0.7906,0.79074,1.50,2.25
2012.01.16 10:46:02.052,0.7906,0.79074,2.25,2.25
2012.01.16 10:46:02.571,0.7906,0.79074,2.25,2.25
2012.01.16 10:46:03.273,0.7906,0.79074,2.25,2.25
2012.01.16 10:46:04.350,0.7906,0.79074,1.50,1.50
2012.01.16 10:46:04.764,0.79056,0.79072,2.25,1.50
2012.01.16 10:46:05.294,0.79056,0.79071,1.50,3.38
2012.01.16 10:46:05.830,0.79055,0.79069,1.50,1.50
2012.01.16 10:46:06.913,0.79056,0.79069,1.88,1.50
2012.01.16 10:46:07.461,0.79057,0.79071,1.50,2.25
2012.01.16 10:46:08.234,0.79055,0.79069,1.50,2.25
2012.01.16 10:46:08.740,0.79056,0.79072,1.50,2.25
2012.01.16 10:46:08.991,0.79054,0.7907,2.25,4.13
2012.01.16 10:46:20.881,0.79051,0.79067,3.00,1.50
2012.01.16 10:46:21.239,0.79049,0.79063,3.69,1.50
2012.01.16 10:46:22.011,0.79048,0.7906,1.50,2.25
2012.01.16 10:46:22.095,0.79044,0.79059,1.50,4.13
2012.01.16 10:46:22.660,0.79043,0.79059,2.25,2.25
2012.01.16 10:46:23.211,0.79043,0.79058,2.25,3.38
2012.01.16 10:46:25.150,0.79043,0.79058,2.25,3.38
2012.01.16 10:46:25.940,0.79043,0.79057,2.25,1.50
2012.01.16 10:46:26.642,0.79041,0.79055,2.25,1.50
2012.01.16 10:46:26.980,0.79041,0.79055,3.38,1.50
2012.01.16 10:46:27.406,0.79041,0.79055,4.13,1.50
2012.01.16 10:46:27.860,0.79041,0.79055,3.38,1.50
2012.01.16 10:46:27.933,0.79041,0.79055,4.13,1.50
2012.01.16 10:46:28.762,0.79041,0.79055,3.38,1.50
2012.01.16 10:46:29.014,0.79041,0.79055,4.13,1.50
2012.01.16 10:46:29.354,0.79041,0.79055,3.38,1.50
2012.01.16 10:46:29.562,0.79041,0.79055,4.13,1.50
2012.01.16 10:46:29.955,0.79041,0.79055,1.50,2.25
2012.01.16 10:46:30.036,0.79039,0.79053,1.88,1.50
2012.01.16 10:46:30.450,0.79039,0.7905,1.88,2.25
2012.01.16 10:46:30.528,0.79033,0.79048,1.50,3.38
2012.01.16 10:46:30.813,0.79032,0.79048,2.25,3.38
2012.01.16 10:46:31.528,0.79033,0.79048,4.82,1.50
2012.01.16 10:46:38.062,0.79033,0.79048,3.38,1.50
2012.01.16 10:46:38.600,0.79033,0.79048,3.38,1.50
2012.01.16 10:46:45.986,0.79037,0.79048,1.88,1.50
2012.01.16 10:46:46.211,0.79039,0.79053,1.50,2.25
2012.01.16 10:46:46.356,0.79037,0.79051,3.38,2.25
2012.01.16 10:46:48.212,0.79039,0.79053,1.50,1.50
2012.01.16 10:46:49.111,0.79039,0.79053,2.25,1.50
2012.01.16 10:46:50.631,0.79039,0.79053,1.50,1.50
2012.01.16 10:46:50.734,0.79039,0.79053,3.00,1.50
2012.01.16 10:46:50.874,0.79039,0.79053,1.50,1.50
2012.01.16 10:46:50.951,0.79036,0.79052,3.75,1.50
2012.01.16 10:46:51.892,0.79037,0.79052,1.88,2.25
2012.01.16 10:46:53.395,0.79036,0.79052,3.38,1.50
2012.01.16 10:46:56.594,0.79035,0.79049,1.50,1.50
2012.01.16 10:46:57.151,0.79034,0.79049,1.88,1.50
2012.01.16 10:47:08.864,0.79033,0.79044,2.25,1.88
2012.01.16 10:47:09.053,0.7903,0.79041,2.18,2.25
2012.01.16 10:47:09.196,0.79026,0.79039,1.35,1.50
2012.01.16 10:47:09.267,0.79025,0.79039,1.50,1.50
2012.01.16 10:47:09.874,0.79025,0.79039,1.50,2.25
2012.01.16 10:47:10.253,0.79028,0.79042,1.50,2.25
2012.01.16 10:47:10.653,0.79029,0.79045,1.50,4.88
2012.01.16 10:47:11.203,0.79028,0.79042,1.50,2.25
2012.01.16 10:47:14.364,0.7903,0.79044,1.50,2.25
2012.01.16 10:47:14.811,0.7903,0.79044,1.50,1.50
2012.01.16 10:47:14.882,0.7903,0.79042,1.50,1.88
2012.01.16 10:47:15.026,0.79027,0.79042,2.85,1.88
2012.01.16 10:47:15.428,0.7903,0.79042,1.50,1.88
2012.01.16 10:47:15.779,0.7903,0.79044,2.85,2.25
2012.01.16 10:47:16.355,0.7903,0.79044,2.10,2.25
2012.01.16 10:47:16.921,0.79031,0.79045,1.50,4.13
2012.01.16 10:47:17.068,0.79028,0.79042,1.50,1.50
2012.01.16 10:47:19.193,0.79028,0.79041,1.50,1.88
2012.01.16 10:47:20.735,0.79029,0.79043,1.50,2.93
2012.01.16 10:47:21.170,0.79029,0.79045,1.50,4.13
2012.01.16 10:47:21.915,0.79029,0.79045,2.10,3.38
2012.01.16 10:47:23.383,0.79029,0.79045,2.10,4.13
2012.01.16 10:47:23.742,0.79033,0.79044,1.50,1.50
2012.01.16 10:47:24.083,0.79033,0.79047,2.25,4.43
2012.01.16 10:47:24.159,0.79035,0.79051,1.50,4.50
2012.01.16 10:47:25.310,0.79035,0.79051,1.50,4.13
2012.01.16 10:47:27.291,0.79035,0.79051,1.50,4.13
2012.01.16 10:47:28.869,0.79035,0.79049,1.50,1.88
2012.01.16 10:47:29.922,0.79035,0.7905,1.50,2.63
2012.01.16 10:47:35.704,0.79033,0.79047,4.50,1.50
2012.01.16 10:47:36.045,0.79031,0.79045,3.98,1.50
2012.01.16 10:47:36.243,0.79033,0.79047,2.25,1.50
2012.01.16 10:47:36.762,0.79033,0.79047,1.50,2.25
2012.01.16 10:47:37.490,0.79033,0.79047,2.25,1.50
2012.01.16 10:47:38.811,0.79033,0.79047,3.38,3.00
2012.01.16 10:47:39.480,0.79033,0.79047,4.13,2.25
2012.01.16 10:47:39.731,0.79035,0.79051,1.50,3.00
2012.01.16 10:47:40.962,0.79035,0.79051,1.50,3.00
2012.01.16 10:47:42.062,0.79034,0.79049,2.63,1.50
2012.01.16 10:47:42.581,0.79033,0.79049,1.50,2.25
2012.01.16 10:47:45.732,0.79031,0.79045,3.75,1.50
2012.01.16 10:47:46.056,0.79027,0.79043,4.13,2.25
2012.01.16 10:47:46.656,0.79027,0.79043,1.50,4.88
2012.01.16 10:47:46.726,0.79029,0.79044,1.50,1.50
2012.01.16 10:47:47.124,0.79029,0.79045,1.50,2.25
2012.01.16 10:47:47.643,0.79029,0.79045,2.25,2.25
2012.01.16 10:47:51.290,0.79029,0.79045,2.25,1.50
2012.01.16 10:47:53.179,0.79029,0.79045,3.75,1.50
2012.01.16 10:47:54.433,0.79029,0.79045,3.75,1.50
2012.01.16 10:47:54.953,0.79032,0.79045,1.88,1.50
2012.01.16 10:47:55.089,0.79033,0.79047,1.50,2.63
2012.01.16 10:47:55.658,0.79033,0.79047,1.50,2.25
2012.01.16 10:47:58.690,0.79031,0.79045,2.25,1.50
2012.01.16 10:48:00.893,0.79031,0.79045,4.13,1.50
2012.01.16 10:48:01.175,0.79033,0.79045,2.25,1.50
2012.01.16 10:48:01.251,0.79037,0.7905,1.88,1.50
2012.01.16 10:48:01.397,0.79039,0.79053,1.50,2.25
2012.01.16 10:48:01.924,0.79039,0.79053,1.50,2.25
2012.01.16 10:48:09.844,0.79039,0.79053,1.50,2.25
2012.01.16 10:48:10.189,0.79031,0.79044,1.50,1.88
2012.01.16 10:48:10.263,0.79031,0.79044,1.88,1.88
2012.01.16 10:48:10.406,0.79034,0.7905,1.50,2.63
2012.01.16 10:48:10.483,0.79034,0.7905,1.50,2.63
2012.01.16 10:48:10.696,0.79034,0.7905,2.25,2.63
2012.01.16 10:48:13.253,0.79035,0.7905,1.88,1.50
2012.01.16 10:48:15.673,0.79037,0.79053,1.50,3.75
2012.01.16 10:48:15.744,0.79037,0.79053,1.50,3.75
2012.01.16 10:48:19.892,0.79039,0.79053,1.88,1.50
2012.01.16 10:48:29.222,0.79037,0.79053,1.50,2.25
2012.01.16 10:48:29.705,0.79037,0.79053,1.50,2.25
2012.01.16 10:48:30.102,0.79035,0.79049,1.50,2.25
2012.01.16 10:48:33.669,0.79035,0.79049,1.50,2.25
2012.01.16 10:48:34.466,0.79035,0.79049,1.50,1.50
2012.01.16 10:48:39.851,0.79036,0.79049,1.88,1.50
2012.01.16 10:48:49.107,0.79035,0.79049,4.13,1.50
2012.01.16 10:48:49.186,0.79036,0.79049,2.19,1.50
2012.01.16 10:48:49.524,0.79042,0.79049,1.88,1.50
2012.01.16 10:48:49.599,0.79042,0.79052,1.88,1.50
2012.01.16 10:48:49.747,0.79042,0.79056,1.88,2.25
2012.01.16 10:48:49.824,0.79042,0.79056,2.63,2.25
2012.01.16 10:48:50.390,0.79042,0.79056,2.63,1.50
2012.01.16 10:48:51.926,0.79042,0.79056,1.88,1.50
2012.01.16 10:48:52.065,0.7904,0.79056,2.25,1.50
2012.01.16 10:48:52.532,0.79039,0.79053,2.63,1.50
2012.01.16 10:48:54.034,0.79044,0.79053,1.88,1.50
2012.01.16 10:48:54.642,0.79049,0.79053,1.88,1.50
2012.01.16 10:48:54.718,0.79043,0.79053,7.05,1.50
2012.01.16 10:48:54.865,0.79043,0.79058,2.63,1.50
2012.01.16 10:48:57.205,0.79044,0.7906,1.50,1.50
2012.01.16 10:48:59.072,0.79044,0.7906,3.00,4.13
2012.01.16 10:48:59.360,0.79043,0.79056,2.25,1.50
2012.01.16 10:48:59.621,0.79044,0.79059,2.25,1.50
2012.01.16 10:49:03.041,0.79045,0.79059,1.50,1.50
2012.01.16 10:49:03.650,0.79045,0.79059,1.88,1.50
2012.01.16 10:49:04.593,0.79044,0.79059,2.25,1.50
2012.01.16 10:49:08.727,0.79046,0.79059,1.88,1.50
2012.01.16 10:49:11.357,0.79047,0.79061,1.50,1.50
2012.01.16 10:49:14.705,0.79051,0.79061,1.88,1.50
2012.01.16 10:49:14.899,0.79051,0.79065,1.88,1.50
2012.01.16 10:49:16.597,0.79053,0.79067,1.50,1.50
2012.01.16 10:49:16.956,0.79059,0.79069,1.50,2.18
2012.01.16 10:49:17.110,0.79058,0.79072,1.50,2.25
2012.01.16 10:49:21.063,0.79058,0.79072,2.25,1.50
2012.01.16 10:49:21.202,0.79062,0.79072,1.88,1.50
2012.01.16 10:49:21.713,0.79058,0.79072,1.50,1.50
2012.01.16 10:49:22.681,0.79065,0.79072,1.88,1.50
2012.01.16 10:49:23.298,0.79065,0.79077,1.88,2.25
2012.01.16 10:49:23.856,0.79065,0.79075,1.88,1.50
2012.01.16 10:49:23.934,0.79061,0.79074,1.50,1.88
2012.01.16 10:49:24.009,0.79061,0.79071,1.50,2.18
2012.01.16 10:49:24.295,0.79056,0.79069,1.50,1.50
2012.01.16 10:49:26.189,0.79057,0.79069,1.88,1.50
2012.01.16 10:49:26.529,0.79057,0.79071,3.38,1.50
2012.01.16 10:49:27.166,0.79062,0.79071,1.88,1.50
2012.01.16 10:49:27.840,0.79057,0.79071,4.13,1.50
2012.01.16 10:49:27.985,0.79062,0.79071,1.88,1.50
2012.01.16 10:49:31.615,0.79062,0.79075,1.88,1.50
2012.01.16 10:49:32.445,0.79066,0.79075,1.88,1.50
2012.01.16 10:49:32.523,0.79066,0.79077,1.88,1.50
2012.01.16 10:49:32.664,0.79066,0.79079,1.88,2.10
2012.01.16 10:49:32.733,0.79066,0.79079,1.88,2.85
2012.01.16 10:49:32.860,0.79066,0.79079,1.88,2.85
2012.01.16 10:49:33.206,0.79063,0.79079,4.13,2.85
2012.01.16 10:49:33.615,0.79063,0.79079,4.13,2.85
2012.01.16 10:49:34.196,0.79063,0.79075,2.63,1.50
2012.01.16 10:49:34.985,0.79063,0.79075,1.88,1.50
2012.01.16 10:49:35.339,0.79065,0.79077,2.63,1.50
2012.01.16 10:49:44.623,0.79065,0.79076,1.50,2.63
2012.01.16 10:49:44.913,0.79065,0.79071,1.50,2.25
2012.01.16 10:49:45.133,0.7906,0.79071,1.50,1.50
2012.01.16 10:49:45.210,0.79056,0.7907,1.50,1.50
2012.01.16 10:49:45.292,0.79059,0.79071,1.88,2.25
2012.01.16 10:49:45.720,0.79064,0.79071,1.88,1.50
2012.01.16 10:49:45.801,0.79061,0.79074,3.38,1.50
2012.01.16 10:49:45.879,0.79061,0.79074,2.63,1.50
2012.01.16 10:49:45.963,0.79062,0.79076,2.25,3.68
2012.01.16 10:49:46.384,0.79066,0.79076,1.50,1.50
2012.01.16 10:49:46.714,0.79068,0.79077,1.88,1.50
2012.01.16 10:49:46.923,0.79066,0.79078,3.38,1.50
2012.01.16 10:49:46.993,0.79066,0.79078,3.38,1.50
2012.01.16 10:49:47.423,0.79066,0.7908,3.38,3.00
2012.01.16 10:49:47.494,0.79066,0.7908,3.38,3.00
2012.01.16 10:49:47.703,0.79066,0.7908,3.38,2.25
2012.01.16 10:49:48.417,0.79066,0.7908,3.38,3.00
2012.01.16 10:49:48.498,0.79066,0.7908,3.38,2.25
2012.01.16 10:49:49.452,0.79064,0.79078,4.13,1.50
2012.01.16 10:49:50.985,0.79066,0.79078,1.88,1.50
2012.01.16 10:49:51.326,0.7907,0.79083,1.50,2.10
2012.01.16 10:49:51.864,0.7907,0.79084,1.50,2.25
2012.01.16 10:49:52.701,0.7907,0.79084,1.50,3.00
2012.01.16 10:49:52.987,0.79067,0.7908,1.50,2.25
2012.01.16 10:49:53.071,0.79064,0.79078,2.25,1.50
2012.01.16 10:49:53.847,0.79064,0.79077,1.50,1.35
2012.01.16 10:49:54.201,0.79064,0.79076,1.50,2.85
2012.01.16 10:49:54.284,0.79059,0.79073,2.63,1.50
2012.01.16 10:49:54.799,0.79057,0.79071,3.00,2.25
2012.01.16 10:49:55.088,0.79056,0.7907,2.63,1.50
2012.01.16 10:49:55.167,0.79056,0.7907,1.88,1.50
2012.01.16 10:49:55.671,0.79054,0.79067,1.50,1.50
2012.01.16 10:49:55.955,0.79051,0.79067,4.13,1.50
2012.01.16 10:49:56.869,0.79051,0.79067,3.38,2.25
2012.01.16 10:49:57.386,0.79053,0.79067,1.50,2.10
2012.01.16 10:49:57.734,0.79057,0.79069,1.50,2.25
2012.01.16 10:49:58.095,0.79059,0.7907,1.50,1.50
2012.01.16 10:49:58.236,0.79059,0.79071,3.38,1.50
2012.01.16 10:49:58.737,0.79059,0.79073,3.38,2.10
2012.01.16 10:49:58.815,0.79059,0.79073,3.38,1.35
2012.01.16 10:49:59.941,0.79059,0.79075,3.38,3.75
2012.01.16 10:50:00.297,0.79062,0.79075,1.50,1.50
2012.01.16 10:50:00.853,0.79061,0.79075,1.50,3.00
2012.01.16 10:50:02.136,0.79062,0.79075,1.50,1.50
2012.01.16 10:50:02.501,0.79067,0.79078,1.50,1.50
2012.01.16 10:50:03.003,0.7907,0.79079,1.50,2.25
2012.01.16 10:50:03.074,0.7907,0.79083,1.50,1.50
2012.01.16 10:50:03.623,0.7907,0.79086,3.38,2.25
2012.01.16 10:50:03.699,0.79074,0.79086,1.88,1.50
2012.01.16 10:50:04.295,0.79072,0.79085,4.13,1.50
2012.01.16 10:50:04.485,0.79069,0.79083,2.25,1.50
2012.01.16 10:50:04.838,0.79067,0.79081,5.63,1.50
2012.01.16 10:50:05.646,0.79067,0.79081,4.13,1.50
2012.01.16 10:50:05.926,0.79069,0.79083,1.50,3.00
2012.01.16 10:50:07.078,0.79067,0.79081,2.25,1.50
2012.01.16 10:50:07.623,0.79067,0.79081,1.50,2.25
2012.01.16 10:50:08.061,0.79066,0.7908,3.38,2.25
2012.01.16 10:50:10.620,0.79069,0.79083,1.50,3.75
2012.01.16 10:50:10.968,0.79072,0.79085,1.88,1.50
2012.01.16 10:50:11.053,0.79074,0.79089,2.25,1.50
2012.01.16 10:50:11.268,0.79072,0.79086,3.38,1.50
2012.01.16 10:50:11.347,0.79072,0.79088,4.13,2.25
2012.01.16 10:50:11.499,0.79072,0.79086,1.50,2.93
2012.01.16 10:50:11.860,0.79072,0.79084,1.88,1.50
2012.01.16 10:50:12.441,0.7907,0.79084,1.50,1.50
2012.01.16 10:50:12.784,0.79074,0.79084,1.88,1.50
2012.01.16 10:50:13.661,0.79074,0.79086,1.88,1.50
2012.01.16 10:50:13.894,0.79071,0.79086,1.50,1.50
2012.01.16 10:50:14.229,0.7907,0.79084,3.38,1.50
2012.01.16 10:50:15.124,0.7907,0.79084,4.13,1.50
2012.01.16 10:50:15.475,0.79075,0.79088,1.50,1.50
2012.01.16 10:50:15.757,0.79072,0.79086,6.38,1.50
2012.01.16 10:50:16.329,0.79075,0.79089,1.50,3.00
2012.01.16 10:50:16.545,0.79075,0.79089,1.50,2.25
2012.01.16 10:50:17.084,0.79076,0.79089,1.88,1.50
2012.01.16 10:50:17.482,0.79076,0.79089,1.88,2.25
2012.01.16 10:50:17.932,0.79076,0.79089,1.88,1.50
2012.01.16 10:50:18.002,0.79078,0.79089,1.88,1.50
2012.01.16 10:50:21.757,0.79079,0.79092,1.50,2.25
2012.01.16 10:50:21.989,0.7908,0.79093,2.25,2.25
2012.01.16 10:50:22.350,0.79088,0.79093,1.88,1.50
2012.01.16 10:50:22.511,0.79088,0.79101,2.63,2.25
2012.01.16 10:50:22.591,0.79089,0.79103,1.50,3.68
2012.01.16 10:50:23.156,0.79089,0.79103,1.50,3.00
2012.01.16 10:50:24.482,0.79089,0.79103,1.50,1.50
2012.01.16 10:50:25.013,0.79092,0.79105,1.50,2.25
2012.01.16 10:50:25.356,0.79092,0.79106,1.50,1.50
2012.01.16 10:50:31.361,0.7909,0.79103,1.88,1.50
2012.01.16 10:50:32.495,0.7909,0.79103,2.63,1.50
2012.01.16 10:50:32.757,0.79089,0.79103,2.25,1.50
2012.01.16 10:50:32.838,0.79088,0.791,1.50,1.50
2012.01.16 10:50:39.095,0.7909,0.791,1.88,1.50
2012.01.16 10:50:39.174,0.7909,0.79103,1.88,1.50
2012.01.16 10:50:39.247,0.79094,0.79107,1.88,2.25
2012.01.16 10:50:39.809,0.79094,0.79106,1.88,1.50
2012.01.16 10:50:40.209,0.79094,0.79105,1.88,2.25
2012.01.16 10:50:40.499,0.79085,0.79096,2.25,2.25
2012.01.16 10:50:40.787,0.79085,0.79096,1.50,2.25
2012.01.16 10:50:40.996,0.7908,0.79093,3.00,2.25
2012.01.16 10:50:41.074,0.7908,0.79093,1.50,2.25
2012.01.16 10:50:41.592,0.79079,0.79093,2.85,1.50
2012.01.16 10:50:41.734,0.79081,0.79095,1.50,1.50
2012.01.16 10:50:42.270,0.79085,0.79096,1.50,1.50
2012.01.16 10:50:42.485,0.79085,0.79099,1.50,3.00
2012.01.16 10:50:43.316,0.79083,0.79096,1.50,1.50
2012.01.16 10:50:43.879,0.79082,0.79096,1.88,1.50
2012.01.16 10:50:55.041,0.79086,0.79096,2.93,2.25
2012.01.16 10:50:55.402,0.7909,0.79104,2.25,2.25
2012.01.16 10:50:56.022,0.79088,0.79102,1.50,2.25
2012.01.16 10:50:56.095,0.79088,0.79102,1.50,1.50
2012.01.16 10:50:59.724,0.79085,0.79097,2.63,1.50
2012.01.16 10:50:59.949,0.79081,0.79096,2.25,1.50
2012.01.16 10:51:00.273,0.7908,0.79094,1.50,1.50
2012.01.16 10:51:00.812,0.79081,0.79095,1.50,2.25
2012.01.16 10:51:02.255,0.79081,0.79095,4.13,1.50
2012.01.16 10:51:06.541,0.79081,0.79095,1.50,1.50
2012.01.16 10:51:06.685,0.7908,0.79093,3.38,1.50
2012.01.16 10:51:07.143,0.79078,0.79091,2.19,2.25
2012.01.16 10:51:07.235,0.79075,0.79089,2.25,1.50
2012.01.16 10:51:07.525,0.79074,0.79088,3.38,1.50
2012.01.16 10:51:08.042,0.79075,0.79089,1.50,1.50
2012.01.16 10:51:08.181,0.79077,0.79089,1.88,1.50
2012.01.16 10:51:10.705,0.79075,0.79089,3.38,1.50
2012.01.16 10:51:10.776,0.79075,0.79087,1.88,1.50
2012.01.16 10:51:11.322,0.79074,0.7909,3.69,1.50
2012.01.16 10:51:11.455,0.79077,0.7909,1.88,1.50
2012.01.16 10:51:11.776,0.79078,0.79092,1.50,1.50
2012.01.16 10:51:12.347,0.79078,0.79092,3.00,1.50
2012.01.16 10:51:12.546,0.79081,0.79095,1.50,1.50
2012.01.16 10:51:13.236,0.79082,0.79095,1.88,1.50
2012.01.16 10:51:13.790,0.79081,0.79095,1.50,1.50
2012.01.16 10:51:15.263,0.79081,0.79095,2.25,1.50
2012.01.16 10:51:20.850,0.79081,0.79095,2.63,1.50
2012.01.16 10:51:21.362,0.79082,0.79095,1.50,1.50
2012.01.16 10:51:22.123,0.79084,0.79098,1.50,3.00
2012.01.16 10:51:22.493,0.79086,0.79101,1.50,3.00
2012.01.16 10:51:22.573,0.79086,0.79102,1.50,3.00
2012.01.16 10:51:22.883,0.79085,0.79099,1.50,1.50
2012.01.16 10:51:23.736,0.79085,0.79098,1.50,1.88
2012.01.16 10:51:24.190,0.79081,0.79097,1.50,3.00
2012.01.16 10:51:27.673,0.79084,0.79097,1.50,1.50
2012.01.16 10:51:27.814,0.79084,0.79098,1.50,1.50
2012.01.16 10:51:31.901,0.79083,0.79097,1.13,1.50
2012.01.16 10:51:34.297,0.79081,0.79095,2.63,1.50
2012.01.16 10:51:34.514,0.7908,0.79093,1.88,1.50
2012.01.16 10:51:36.500,0.79081,0.79095,1.88,1.50
2012.01.16 10:51:46.436,0.79081,0.79095,2.63,1.50
2012.01.16 10:51:46.541,0.79085,0.79095,1.50,1.50
2012.01.16 10:51:46.762,0.79085,0.79098,4.13,1.50
2012.01.16 10:51:46.832,0.79085,0.79098,4.13,1.50
2012.01.16 10:51:46.907,0.79086,0.79102,2.25,2.25
2012.01.16 10:51:47.476,0.79086,0.79102,2.25,1.50
2012.01.16 10:51:49.773,0.79088,0.79102,2.19,1.50
2012.01.16 10:51:49.853,0.79089,0.79105,2.25,3.38
2012.01.16 10:51:50.223,0.79092,0.79105,2.25,1.88
2012.01.16 10:51:50.306,0.79094,0.79108,2.25,1.50
2012.01.16 10:51:50.383,0.79097,0.79108,1.50,1.50
2012.01.16 10:51:50.741,0.791,0.79108,1.88,1.50
2012.01.16 10:51:50.963,0.791,0.79112,1.88,1.50
2012.01.16 10:51:51.041,0.791,0.79115,1.88,2.25
2012.01.16 10:51:51.356,0.79103,0.79116,1.50,1.50
2012.01.16 10:51:52.136,0.79103,0.79116,1.50,1.50
2012.01.16 10:51:52.347,0.79097,0.79109,2.55,1.50
2012.01.16 10:51:52.824,0.79095,0.79109,1.88,1.50
2012.01.16 10:51:54.033,0.79097,0.79111,1.50,2.63
2012.01.16 10:51:54.378,0.79101,0.79113,1.88,1.50
2012.01.16 10:51:54.460,0.79102,0.79116,1.50,1.50
2012.01.16 10:51:54.747,0.79102,0.79118,2.25,2.25
2012.01.16 10:51:55.125,0.79102,0.79116,1.50,5.63
2012.01.16 10:51:55.779,0.79099,0.79113,2.25,1.50
2012.01.16 10:51:56.112,0.79103,0.79113,1.50,1.88
2012.01.16 10:51:56.427,0.79105,0.79118,2.25,2.63
2012.01.16 10:51:56.513,0.79106,0.79118,1.50,1.50
2012.01.16 10:51:56.590,0.79104,0.79118,1.50,1.50
2012.01.16 10:51:57.059,0.79104,0.7912,3.00,1.50
2012.01.16 10:51:57.403,0.79104,0.7912,2.25,2.25
2012.01.16 10:51:58.154,0.79104,0.7912,1.50,3.00
2012.01.16 10:51:58.363,0.79104,0.7912,2.25,2.25
2012.01.16 10:51:58.580,0.79106,0.7912,1.50,1.88
2012.01.16 10:51:58.937,0.79106,0.7912,2.25,1.88
2012.01.16 10:51:59.249,0.7911,0.79122,2.63,1.50
2012.01.16 10:51:59.635,0.7911,0.79126,3.38,3.00
2012.01.16 10:51:59.919,0.7911,0.79122,1.50,1.88
2012.01.16 10:52:00.069,0.79108,0.79122,1.50,4.13
2012.01.16 10:52:00.150,0.79105,0.79119,1.13,2.10
2012.01.16 10:52:00.511,0.79105,0.79112,1.50,1.50
2012.01.16 10:52:00.993,0.79098,0.79112,3.38,3.38
2012.01.16 10:52:01.477,0.79098,0.79112,1.50,3.38
2012.01.16 10:52:02.196,0.79098,0.79108,1.50,1.88
2012.01.16 10:52:02.268,0.79094,0.79108,1.50,3.38
2012.01.16 10:52:02.348,0.79094,0.79108,2.25,3.38
2012.01.16 10:52:03.429,0.791,0.79112,1.50,1.88
2012.01.16 10:52:03.529,0.79101,0.79115,3.38,1.50
2012.01.16 10:52:04.364,0.79102,0.79115,1.88,1.50
2012.01.16 10:52:04.991,0.79101,0.79115,1.50,1.50
2012.01.16 10:52:05.077,0.79099,0.79114,1.50,1.50
2012.01.16 10:52:05.285,0.79098,0.79114,4.88,1.50
2012.01.16 10:52:05.784,0.79099,0.79114,1.50,1.50
2012.01.16 10:52:06.556,0.79098,0.79114,4.88,1.50
2012.01.16 10:52:06.966,0.79098,0.7911,1.88,1.50
2012.01.16 10:52:07.802,0.79099,0.79113,1.50,1.50
2012.01.16 10:52:08.995,0.79096,0.7911,3.38,1.50
2012.01.16 10:52:13.483,0.79098,0.7911,1.88,2.25
2012.01.16 10:52:14.392,0.79098,0.7911,2.48,2.25
2012.01.16 10:52:14.497,0.79103,0.79116,1.88,1.50
2012.01.16 10:52:15.051,0.79102,0.79115,1.50,1.50
2012.01.16 10:52:15.123,0.791,0.79114,2.10,1.50
2012.01.16 10:52:15.684,0.79101,0.79115,1.50,1.50
2012.01.16 10:52:19.875,0.79099,0.79114,1.88,1.50
2012.01.16 10:52:20.136,0.79099,0.7911,1.88,1.50
2012.01.16 10:52:20.203,0.79096,0.7911,3.23,4.88
2012.01.16 10:52:20.274,0.79095,0.79108,2.55,1.50
2012.01.16 10:52:20.613,0.79094,0.79106,1.50,1.50
2012.01.16 10:52:20.970,0.79106,0.7911,1.88,1.50
2012.01.16 10:52:21.400,0.79106,0.7911,2.25,1.50
2012.01.16 10:52:21.545,0.79107,0.79123,2.25,2.25
2012.01.16 10:52:22.086,0.79105,0.79119,4.50,1.50
2012.01.16 10:52:22.754,0.79105,0.79119,1.50,1.50
2012.01.16 10:52:24.682,0.79107,0.79119,1.88,1.50
2012.01.16 10:52:24.896,0.79107,0.79121,3.38,1.50
2012.01.16 10:52:24.967,0.79105,0.79119,3.00,1.50
2012.01.16 10:52:25.576,0.79105,0.79119,2.25,1.50
2012.01.16 10:52:27.934,0.79107,0.79119,1.88,1.50
2012.01.16 10:52:28.065,0.79107,0.79121,1.88,1.50
2012.01.16 10:52:28.140,0.79107,0.79122,2.63,2.25
2012.01.16 10:52:28.609,0.79113,0.79122,4.50,1.50
2012.01.16 10:52:28.910,0.79118,0.79126,1.50,2.25
2012.01.16 10:52:29.067,0.79117,0.79131,2.25,2.25
2012.01.16 10:52:29.151,0.79119,0.79133,1.50,2.25
2012.01.16 10:52:29.229,0.79119,0.79133,2.25,3.00
2012.01.16 10:52:29.461,0.7912,0.79133,2.25,1.50
2012.01.16 10:52:29.906,0.79121,0.79133,1.50,1.50
2012.01.16 10:52:29.996,0.79123,0.79136,2.25,1.50
2012.01.16 10:52:30.496,0.79123,0.79136,2.25,1.50
2012.01.16 10:52:31.024,0.79123,0.79136,1.50,1.50
2012.01.16 10:52:31.339,0.79123,0.79138,1.50,2.25
2012.01.16 10:52:31.702,0.79122,0.79137,1.50,1.50
2012.01.16 10:52:31.854,0.79119,0.79135,2.25,1.50
2012.01.16 10:52:32.004,0.79117,0.79131,3.38,1.50
2012.01.16 10:52:32.553,0.79117,0.7913,2.25,2.93
2012.01.16 10:52:32.634,0.79117,0.79131,2.25,3.00
2012.01.16 10:52:32.848,0.79117,0.79131,2.25,3.00
2012.01.16 10:52:33.244,0.79114,0.79128,2.25,1.50
2012.01.16 10:52:33.822,0.79114,0.79128,2.25,1.50
2012.01.16 10:52:35.164,0.79115,0.79131,1.50,3.75
2012.01.16 10:52:35.442,0.79115,0.79131,2.25,2.25
2012.01.16 10:52:36.002,0.79114,0.79128,2.25,1.50
2012.01.16 10:52:36.322,0.79114,0.79128,1.50,1.50
2012.01.16 10:52:36.393,0.79114,0.79128,1.50,2.25
2012.01.16 10:52:36.653,0.79114,0.79128,2.25,1.50
2012.01.16 10:52:36.789,0.79116,0.79129,1.50,2.63
2012.01.16 10:52:37.132,0.79116,0.7913,2.25,2.25
2012.01.16 10:52:38.830,0.79116,0.7913,2.25,1.50
2012.01.16 10:52:39.184,0.79122,0.7913,1.50,1.50
2012.01.16 10:52:39.799,0.7912,0.79134,2.25,1.50
2012.01.16 10:52:39.876,0.79123,0.79136,2.25,3.38
2012.01.16 10:52:40.403,0.79124,0.79138,1.50,3.38
2012.01.16 10:52:40.546,0.79122,0.79134,2.25,1.88
2012.01.16 10:52:40.753,0.79119,0.79134,4.35,1.88
2012.01.16 10:52:41.336,0.7912,0.79134,1.50,1.88
2012.01.16 10:52:41.665,0.79121,0.79137,1.50,2.25
2012.01.16 10:52:42.472,0.7912,0.79134,3.00,1.50
2012.01.16 10:52:44.556,0.7912,0.79134,3.75,1.50
2012.01.16 10:52:44.968,0.79122,0.79137,1.50,1.50
2012.01.16 10:52:45.364,0.79124,0.79137,1.50,1.50
2012.01.16 10:52:46.169,0.79122,0.79137,1.50,2.25
2012.01.16 10:52:46.264,0.79128,0.79141,1.50,1.50
2012.01.16 10:52:46.343,0.79128,0.79142,1.50,2.25
2012.01.16 10:52:46.899,0.79128,0.79142,2.25,1.50
2012.01.16 10:52:47.454,0.79128,0.79142,1.50,1.50
2012.01.16 10:52:48.012,0.79126,0.79138,1.50,2.25
2012.01.16 10:52:48.090,0.79124,0.79138,1.50,1.50
2012.01.16 10:52:48.163,0.79121,0.79136,2.93,2.25
2012.01.16 10:52:48.233,0.7912,0.79136,2.25,3.00
2012.01.16 10:52:48.744,0.79123,0.79139,1.50,3.75
2012.01.16 10:52:49.098,0.79118,0.79132,1.50,1.50
2012.01.16 10:52:49.245,0.79117,0.79132,2.94,1.50
2012.01.16 10:52:49.799,0.79117,0.79132,2.63,1.50
2012.01.16 10:52:51.566,0.79116,0.79132,1.50,1.50
2012.01.16 10:52:52.393,0.79116,0.79132,2.25,1.50
2012.01.16 10:52:53.133,0.79116,0.79132,2.25,1.50
2012.01.16 10:52:53.998,0.79116,0.79132,2.25,1.50
2012.01.16 10:52:54.532,0.79116,0.79132,1.50,2.85
2012.01.16 10:52:54.603,0.79116,0.79132,1.50,3.60
2012.01.16 10:52:54.955,0.7911,0.79125,2.25,1.88
2012.01.16 10:52:55.222,0.7911,0.79125,2.25,1.88
2012.01.16 10:52:55.664,0.79113,0.79126,1.50,1.50
2012.01.16 10:52:55.739,0.79113,0.79128,1.50,2.25
2012.01.16 10:52:55.815,0.79113,0.79126,1.50,1.50
2012.01.16 10:52:56.025,0.7911,0.79125,2.25,1.88
2012.01.16 10:52:56.550,0.7911,0.79125,3.00,1.88
2012.01.16 10:52:57.998,0.79117,0.79129,2.63,2.25
2012.01.16 10:52:58.294,0.79118,0.79134,1.50,3.00
2012.01.16 10:52:58.441,0.79118,0.7913,1.50,2.63
2012.01.16 10:52:58.944,0.79117,0.7913,1.50,3.38
2012.01.16 10:52:59.396,0.79114,0.79126,1.13,1.50
2012.01.16 10:53:00.243,0.79114,0.79121,1.13,1.50
2012.01.16 10:53:01.126,0.7911,0.79118,1.50,1.50
2012.01.16 10:53:01.440,0.79109,0.79116,1.50,2.25
2012.01.16 10:53:01.525,0.79102,0.79114,1.50,1.50
2012.01.16 10:53:01.604,0.79102,0.79117,1.50,2.63
2012.01.16 10:53:02.115,0.79102,0.79117,1.50,2.63
2012.01.16 10:53:06.213,0.79102,0.79118,1.50,1.50
2012.01.16 10:53:07.232,0.79102,0.79118,1.50,2.25
2012.01.16 10:53:07.931,0.79101,0.79115,1.50,1.50
2012.01.16 10:53:08.002,0.79099,0.79115,4.88,1.50
2012.01.16 10:53:10.036,0.79099,0.79112,2.63,1.50
2012.01.16 10:53:10.385,0.79097,0.79112,1.88,1.50
2012.01.16 10:53:10.740,0.79093,0.79109,5.18,3.38
2012.01.16 10:53:11.150,0.79092,0.79105,1.50,1.50
2012.01.16 10:53:11.229,0.79091,0.79105,4.88,1.50
2012.01.16 10:53:11.307,0.79092,0.79108,2.25,1.50
2012.01.16 10:53:11.922,0.79092,0.79108,2.25,2.25
2012.01.16 10:53:12.964,0.79093,0.79108,1.88,2.25
2012.01.16 10:53:13.472,0.79093,0.79108,2.63,1.50
2012.01.16 10:53:21.672,0.79093,0.79108,1.50,1.50
2012.01.16 10:53:22.382,0.79092,0.79106,4.82,2.25
2012.01.16 10:53:22.738,0.79087,0.79101,3.00,1.50
2012.01.16 10:53:24.895,0.7909,0.79101,1.88,1.50
2012.01.16 10:53:24.981,0.7909,0.79103,3.38,1.50
2012.01.16 10:53:25.269,0.79086,0.79099,1.50,1.50
2012.01.16 10:53:25.624,0.79085,0.79099,3.00,1.50
2012.01.16 10:53:26.136,0.79085,0.79099,2.25,1.50
2012.01.16 10:53:26.215,0.79085,0.79099,1.50,1.50
2012.01.16 10:53:26.998,0.79085,0.79099,3.00,1.50
2012.01.16 10:53:27.065,0.79086,0.79102,2.25,2.25
2012.01.16 10:53:27.136,0.79088,0.79102,1.88,2.25
2012.01.16 10:53:27.483,0.7909,0.79106,1.50,2.25
2012.01.16 10:53:27.556,0.79088,0.79103,2.63,1.50
2012.01.16 10:53:28.289,0.79087,0.79102,3.38,1.50
2012.01.16 10:53:28.372,0.79087,0.79099,1.88,1.50
2012.01.16 10:53:29.054,0.79087,0.79099,2.63,1.50
2012.01.16 10:53:29.124,0.79087,0.79101,4.13,1.50
2012.01.16 10:53:29.544,0.7909,0.79104,1.50,2.25
2012.01.16 10:53:34.279,0.79088,0.79102,3.75,1.50
2012.01.16 10:53:34.638,0.79088,0.79099,1.50,2.25
2012.01.16 10:53:34.928,0.79086,0.79099,1.88,3.75
2012.01.16 10:53:35.006,0.79086,0.79097,1.88,1.50
2012.01.16 10:53:35.077,0.79086,0.79099,1.88,3.75
2012.01.16 10:53:35.645,0.79087,0.79101,1.50,1.50
2012.01.16 10:53:36.183,0.79087,0.79101,2.25,1.50
2012.01.16 10:53:36.744,0.79089,0.79101,1.88,1.50
2012.01.16 10:53:36.888,0.79089,0.79105,3.38,2.25
2012.01.16 10:53:36.972,0.79094,0.79108,1.50,1.13
2012.01.16 10:53:37.692,0.79095,0.79109,1.88,1.50
2012.01.16 10:53:38.050,0.79097,0.79111,1.50,1.50
2012.01.16 10:53:38.692,0.79097,0.79112,1.50,1.50
2012.01.16 10:53:44.469,0.79101,0.79115,3.38,3.75
2012.01.16 10:53:44.738,0.79101,0.79115,3.38,3.00
2012.01.16 10:53:45.205,0.79104,0.79115,1.88,2.25
2012.01.16 10:53:45.744,0.79103,0.79115,1.50,1.50
2012.01.16 10:53:45.955,0.79101,0.79115,4.88,1.50
2012.01.16 10:53:46.022,0.79104,0.79118,2.25,2.25
2012.01.16 10:53:46.560,0.79102,0.79116,2.25,1.50
2012.01.16 10:53:47.354,0.79102,0.79116,3.38,2.25
2012.01.16 10:53:47.752,0.79104,0.79118,1.50,2.25
2012.01.16 10:53:48.084,0.79104,0.79118,1.50,2.25
2012.01.16 10:53:48.184,0.79104,0.79118,1.50,1.50
2012.01.16 10:53:48.732,0.79104,0.79118,1.50,2.25
2012.01.16 10:53:49.238,0.79104,0.79118,2.25,1.50
2012.01.16 10:53:58.991,0.79105,0.79118,1.88,1.50
2012.01.16 10:53:59.065,0.79107,0.79123,2.25,5.18
2012.01.16 10:53:59.276,0.79109,0.79123,1.50,2.93
2012.01.16 10:53:59.593,0.79109,0.79125,4.50,2.25
2012.01.16 10:53:59.798,0.7911,0.79125,1.50,2.25
2012.01.16 10:54:00.051,0.79109,0.79125,3.75,2.25
2012.01.16 10:54:00.248,0.7911,0.79125,1.50,2.25
2012.01.16 10:54:00.460,0.79109,0.79125,3.00,2.25
2012.01.16 10:54:01.944,0.7911,0.79125,1.35,1.50
2012.01.16 10:54:02.157,0.79113,0.79125,1.50,1.50
2012.01.16 10:54:02.376,0.79116,0.7913,1.50,1.50
2012.01.16 10:54:02.657,0.79119,0.79133,1.50,2.25
2012.01.16 10:54:02.803,0.79119,0.79133,1.50,2.25
2012.01.16 10:54:04.005,0.79116,0.79131,3.75,2.63
2012.01.16 10:54:04.149,0.79114,0.79128,1.88,1.50
2012.01.16 10:54:06.135,0.79114,0.79128,1.50,3.60
2012.01.16 10:54:06.499,0.79109,0.7912,1.50,1.50
2012.01.16 10:54:06.930,0.79106,0.7912,1.88,1.50
2012.01.16 10:54:07.285,0.79109,0.7912,1.88,1.50
2012.01.16 10:54:07.633,0.79114,0.79124,1.88,1.50
2012.01.16 10:54:08.145,0.79115,0.79124,1.50,1.50
2012.01.16 10:54:08.286,0.79113,0.79124,1.50,1.50
2012.01.16 10:54:08.428,0.79117,0.79122,1.50,1.88
2012.01.16 10:54:08.509,0.79105,0.7912,1.13,1.50
2012.01.16 10:54:08.705,0.79104,0.7912,3.38,2.25
2012.01.16 10:54:08.915,0.79104,0.7912,4.13,1.50
2012.01.16 10:54:10.766,0.79105,0.7912,2.19,1.50
2012.01.16 10:54:11.121,0.79109,0.7912,1.88,1.50
2012.01.16 10:54:11.327,0.79109,0.79124,3.38,1.50
2012.01.16 10:54:11.868,0.79108,0.79122,1.50,1.50
2012.01.16 10:54:12.534,0.79105,0.79119,3.75,1.50
2012.01.16 10:54:16.705,0.79108,0.79121,1.88,3.75
2012.01.16 10:54:17.313,0.79108,0.79121,1.88,1.50
2012.01.16 10:54:18.759,0.79109,0.79125,1.50,2.25
2012.01.16 10:54:21.618,0.79108,0.79122,3.38,1.50
2012.01.16 10:54:22.233,0.79108,0.79122,6.38,1.50
2012.01.16 10:54:22.367,0.7911,0.79124,2.25,1.50
2012.01.16 10:54:22.877,0.7911,0.79124,2.25,1.50
2012.01.16 10:54:23.165,0.79112,0.79124,2.63,1.50
2012.01.16 10:54:24.201,0.79112,0.79124,1.88,1.50
2012.01.16 10:54:24.275,0.79112,0.79126,3.38,1.50
2012.01.16 10:54:24.344,0.79112,0.79128,4.13,2.25
2012.01.16 10:54:25.056,0.79112,0.79128,4.88,1.50
2012.01.16 10:54:27.354,0.79112,0.79128,1.50,3.38
2012.01.16 10:54:27.424,0.79112,0.79128,1.50,4.88
2012.01.16 10:54:27.554,0.79109,0.79125,3.75,1.50
2012.01.16 10:54:28.023,0.79108,0.79122,1.50,1.50
2012.01.16 10:54:28.942,0.79108,0.79121,1.50,1.88
2012.01.16 10:54:31.664,0.79108,0.79122,3.00,1.50
2012.01.16 10:54:32.006,0.79108,0.7912,1.50,1.88
2012.01.16 10:54:32.514,0.79107,0.7912,1.50,1.88
2012.01.16 10:54:36.889,0.79109,0.79125,3.38,3.69
2012.01.16 10:54:37.038,0.79112,0.79127,1.50,2.25
2012.01.16 10:54:37.399,0.79112,0.79127,2.25,1.50
2012.01.16 10:54:37.546,0.79112,0.79128,2.25,2.25
2012.01.16 10:54:38.651,0.79112,0.79128,4.13,2.25
2012.01.16 10:54:38.846,0.79112,0.79125,1.88,1.50
2012.01.16 10:54:39.203,0.79108,0.79123,1.13,1.50
2012.01.16 10:54:39.841,0.7911,0.79123,1.13,1.50
2012.01.16 10:54:39.914,0.79107,0.79123,4.50,1.50
2012.01.16 10:54:40.346,0.79105,0.79119,2.25,1.50
2012.01.16 10:54:40.902,0.79108,0.79122,1.88,3.75
2012.01.16 10:54:41.224,0.79108,0.79122,1.88,3.00
2012.01.16 10:54:41.312,0.7911,0.79122,1.50,1.88
2012.01.16 10:54:41.656,0.79108,0.79122,1.50,1.50
2012.01.16 10:54:48.342,0.79109,0.79125,1.50,2.25
2012.01.16 10:54:48.692,0.79111,0.79125,2.63,2.25
2012.01.16 10:54:49.013,0.79111,0.79125,2.63,2.25
2012.01.16 10:54:49.232,0.79111,0.79125,1.88,2.25
2012.01.16 10:54:50.464,0.79109,0.79125,2.63,2.25
2012.01.16 10:54:50.742,0.79109,0.79125,3.38,2.25
2012.01.16 10:54:50.973,0.79109,0.79125,1.88,2.25
2012.01.16 10:54:51.699,0.79109,0.79124,1.88,1.50
2012.01.16 10:54:51.778,0.79107,0.79123,1.50,1.50
2012.01.16 10:54:51.857,0.79108,0.79123,1.50,1.50
2012.01.16 10:54:52.201,0.79109,0.79121,1.50,2.25
2012.01.16 10:54:52.338,0.79107,0.79121,2.25,2.25
2012.01.16 10:54:53.642,0.79105,0.79119,1.58,1.50
2012.01.16 10:54:58.109,0.79105,0.79118,1.58,2.25
2012.01.16 10:54:58.675,0.79103,0.79116,1.95,1.50
2012.01.16 10:55:03.081,0.79102,0.79116,1.58,2.25
2012.01.16 10:55:03.640,0.79102,0.79116,2.33,2.25
2012.01.16 10:55:04.671,0.79102,0.79116,2.33,2.25
2012.01.16 10:55:05.143,0.79099,0.79113,5.33,1.50
2012.01.16 10:55:05.292,0.79099,0.79108,1.88,1.50
2012.01.16 10:55:05.577,0.79094,0.79108,1.50,2.25
2012.01.16 10:55:05.646,0.79094,0.79108,2.25,1.50
2012.01.16 10:55:05.916,0.79095,0.7911,1.50,3.38
2012.01.16 10:55:06.602,0.79095,0.79111,1.50,2.25
2012.01.16 10:55:07.247,0.79095,0.7911,1.50,1.88
2012.01.16 10:55:07.872,0.79094,0.79108,1.50,1.50
2012.01.16 10:55:15.473,0.79094,0.79108,5.63,1.50
2012.01.16 10:55:15.722,0.79096,0.7911,1.50,2.25
2012.01.16 10:55:16.287,0.79098,0.79113,1.50,1.50
2012.01.16 10:55:16.430,0.79098,0.79114,1.50,2.25
2012.01.16 10:55:16.932,0.79098,0.79114,2.25,2.25
2012.01.16 10:55:17.473,0.79097,0.7911,2.63,1.50
2012.01.16 10:55:18.006,0.79098,0.79114,1.50,2.25
2012.01.16 10:55:18.075,0.79098,0.79114,1.50,2.25
2012.01.16 10:55:18.666,0.79096,0.79109,2.25,1.50
2012.01.16 10:55:18.809,0.79095,0.79109,2.25,1.50
2012.01.16 10:55:19.229,0.79093,0.79106,1.13,1.50
2012.01.16 10:55:19.641,0.79092,0.79106,1.50,1.50
2012.01.16 10:55:25.343,0.79092,0.79106,2.25,1.50
2012.01.16 10:55:28.024,0.79092,0.79105,2.25,2.63
2012.01.16 10:55:28.346,0.79092,0.79104,1.50,1.50
2012.01.16 10:55:28.437,0.79087,0.791,1.50,1.88
2012.01.16 10:55:28.599,0.79085,0.79099,2.25,1.50
2012.01.16 10:55:28.818,0.79083,0.79096,1.50,1.50
2012.01.16 10:55:29.038,0.79082,0.79096,1.50,2.25
2012.01.16 10:55:29.327,0.79082,0.79096,2.25,1.50
2012.01.16 10:55:29.694,0.79082,0.79096,1.50,2.25
2012.01.16 10:55:30.039,0.79084,0.79096,1.88,1.50
2012.01.16 10:55:30.119,0.79084,0.79098,1.88,1.50
2012.01.16 10:55:30.621,0.79084,0.79099,1.88,1.50
2012.01.16 10:55:30.812,0.79086,0.791,1.50,2.25
2012.01.16 10:55:31.573,0.79086,0.79102,1.50,2.63
2012.01.16 10:55:31.913,0.79085,0.79099,1.50,1.50
2012.01.16 10:55:35.042,0.79082,0.79097,1.50,1.50
2012.01.16 10:55:35.603,0.79083,0.79099,2.25,4.88
2012.01.16 10:55:36.138,0.79083,0.79099,2.25,4.88
2012.01.16 10:55:36.903,0.79083,0.79099,4.13,2.25
2012.01.16 10:55:37.044,0.79088,0.79101,1.50,3.00
2012.01.16 10:55:37.553,0.79088,0.79102,1.50,2.25
2012.01.16 10:55:37.622,0.79088,0.79102,1.50,1.50
2012.01.16 10:55:41.012,0.79088,0.79102,1.50,4.50
2012.01.16 10:55:41.225,0.79088,0.79102,3.38,2.25
2012.01.16 10:55:43.212,0.79088,0.79102,1.50,4.13
2012.01.16 10:55:47.953,0.79088,0.79099,1.50,2.63
2012.01.16 10:55:48.294,0.79085,0.79099,1.50,2.25
2012.01.16 10:55:48.790,0.79085,0.79098,1.50,1.50
2012.01.16 10:55:49.342,0.79085,0.79099,1.50,2.25
2012.01.16 10:55:51.165,0.79085,0.79098,1.50,1.50
2012.01.16 10:55:53.773,0.79082,0.79096,3.00,1.50
2012.01.16 10:55:54.093,0.79082,0.79096,3.00,1.50
2012.01.16 10:55:54.281,0.79082,0.79096,2.25,2.25
2012.01.16 10:55:54.843,0.79082,0.79095,2.25,1.88
2012.01.16 10:55:56.758,0.79082,0.79095,3.00,1.88
2012.01.16 10:55:57.122,0.79088,0.79097,1.50,2.93
2012.01.16 10:55:57.483,0.79091,0.79104,4.80,1.50
2012.01.16 10:55:57.559,0.79091,0.79104,2.18,1.50
2012.01.16 10:55:57.779,0.79092,0.79106,1.50,4.88
2012.01.16 10:55:58.038,0.79088,0.79104,4.88,1.50
2012.01.16 10:55:58.554,0.79088,0.79104,3.38,1.50
2012.01.16 10:55:59.094,0.79088,0.79104,4.13,1.50
2012.01.16 10:55:59.731,0.7909,0.79104,1.88,1.50
2012.01.16 10:55:59.816,0.7909,0.79104,4.13,1.50
2012.01.16 10:55:59.889,0.79092,0.79106,1.50,2.25
2012.01.16 10:55:59.965,0.79092,0.79106,2.25,2.25
2012.01.16 10:56:00.483,0.79092,0.79106,2.25,2.25
2012.01.16 10:56:07.355,0.79094,0.79106,1.88,1.50
2012.01.16 10:56:07.633,0.79095,0.79109,1.50,2.25
2012.01.16 10:56:07.847,0.79098,0.79111,1.50,1.50
2012.01.16 10:56:08.055,0.79098,0.79112,1.50,2.25
2012.01.16 10:56:10.917,0.79095,0.7911,1.50,1.50
2012.01.16 10:56:10.995,0.79094,0.79108,2.25,1.50
2012.01.16 10:56:11.475,0.7909,0.79104,2.25,1.50
2012.01.16 10:56:19.747,0.7909,0.79104,2.25,1.50
2012.01.16 10:56:20.276,0.7909,0.79104,2.25,1.50
2012.01.16 10:56:22.815,0.7909,0.79104,2.25,1.50
2012.01.16 10:56:22.881,0.7909,0.79104,2.25,1.50
2012.01.16 10:56:23.084,0.79093,0.79107,1.50,5.63
2012.01.16 10:56:23.427,0.79094,0.79107,2.93,3.38
2012.01.16 10:56:23.640,0.79098,0.79112,1.50,1.50
2012.01.16 10:56:23.717,0.79099,0.79112,2.25,1.50
2012.01.16 10:56:24.071,0.79103,0.79118,4.13,1.50
2012.01.16 10:56:24.287,0.79103,0.79118,4.13,1.50
2012.01.16 10:56:24.804,0.79103,0.79119,4.13,2.25
2012.01.16 10:56:24.887,0.79103,0.79119,4.88,2.25
2012.01.16 10:56:25.167,0.79103,0.79119,5.63,2.25
2012.01.16 10:56:25.322,0.79103,0.79119,4.13,3.75
2012.01.16 10:56:25.468,0.79103,0.79114,2.25,1.88
2012.01.16 10:56:25.968,0.79103,0.79116,1.50,3.75
2012.01.16 10:56:26.328,0.79106,0.79116,1.50,3.00
2012.01.16 10:56:26.770,0.79106,0.79121,1.50,1.50
2012.01.16 10:56:27.285,0.79106,0.79122,1.50,4.13
2012.01.16 10:56:29.374,0.79105,0.79119,1.50,1.50
2012.01.16 10:56:31.850,0.79107,0.79121,1.50,2.25
2012.01.16 10:56:32.681,0.79107,0.79119,1.50,1.88
2012.01.16 10:56:33.623,0.79105,0.79119,1.50,1.88
2012.01.16 10:56:34.122,0.79104,0.79118,1.50,1.50
2012.01.16 10:56:34.660,0.79104,0.79117,2.25,1.50
2012.01.16 10:56:35.723,0.79104,0.79118,2.25,1.50
2012.01.16 10:56:36.383,0.79104,0.79117,2.25,1.50
2012.01.16 10:56:36.994,0.79106,0.79119,1.50,3.38
2012.01.16 10:56:37.415,0.79106,0.79119,1.50,1.88
2012.01.16 10:56:38.446,0.79106,0.79122,2.25,2.25
2012.01.16 10:56:43.780,0.79106,0.79122,1.50,2.25
2012.01.16 10:56:43.971,0.79105,0.79119,1.50,1.50
2012.01.16 10:56:45.253,0.79105,0.79119,1.50,4.88
2012.01.16 10:56:45.809,0.79105,0.79116,1.50,1.13
2012.01.16 10:56:45.898,0.79099,0.79112,1.50,1.88
2012.01.16 10:56:46.190,0.791,0.79116,1.50,2.25
2012.01.16 10:56:46.712,0.791,0.79116,1.50,1.50
2012.01.16 10:56:46.914,0.79098,0.79114,1.50,1.50
2012.01.16 10:56:49.218,0.79098,0.79114,1.50,3.00
2012.01.16 10:56:49.575,0.79098,0.79104,1.50,1.88
2012.01.16 10:56:49.997,0.79096,0.79104,1.50,1.88
2012.01.16 10:56:50.088,0.79093,0.79109,1.50,2.25
2012.01.16 10:56:50.307,0.79093,0.79109,2.25,2.25
2012.01.16 10:56:51.145,0.79093,0.79109,2.25,2.25
2012.01.16 10:56:52.435,0.79093,0.79106,1.50,1.88
2012.01.16 10:56:53.099,0.79093,0.79106,1.50,2.63
2012.01.16 10:56:53.468,0.79095,0.79106,2.85,2.63
2012.01.16 10:56:53.550,0.79097,0.79109,1.88,2.25
2012.01.16 10:56:53.997,0.7909,0.79106,2.25,3.38
2012.01.16 10:56:54.593,0.7909,0.79106,1.50,4.13
2012.01.16 10:56:55.263,0.7909,0.79106,2.25,4.13
2012.01.16 10:56:55.675,0.79093,0.79106,1.50,2.63
2012.01.16 10:56:55.874,0.79093,0.79107,2.25,1.50
2012.01.16 10:56:56.251,0.79096,0.79109,1.50,1.50
2012.01.16 10:56:56.443,0.79093,0.79109,1.50,3.00
2012.01.16 10:56:56.875,0.79091,0.79106,2.63,1.50
2012.01.16 10:56:57.230,0.79088,0.79102,1.50,1.50
2012.01.16 10:56:57.709,0.79088,0.79102,1.50,2.25
2012.01.16 10:56:59.865,0.79088,0.79102,1.50,2.25
2012.01.16 10:57:00.006,0.79084,0.791,4.50,1.50
2012.01.16 10:57:00.559,0.79084,0.791,2.25,1.50
2012.01.16 10:57:00.844,0.79092,0.79102,1.50,1.50
2012.01.16 10:57:01.244,0.79092,0.79106,1.50,3.38
2012.01.16 10:57:01.919,0.79093,0.79106,1.50,1.50
2012.01.16 10:57:02.000,0.79093,0.79107,1.50,3.00
2012.01.16 10:57:02.073,0.79091,0.79105,4.88,1.50
2012.01.16 10:57:02.425,0.79091,0.79103,1.88,1.50
2012.01.16 10:57:02.491,0.79087,0.79103,2.25,3.38
2012.01.16 10:57:08.916,0.7909,0.79103,1.50,1.88
2012.01.16 10:57:09.272,0.7909,0.79104,4.13,1.50
2012.01.16 10:57:09.351,0.79092,0.79108,2.25,2.25
2012.01.16 10:57:09.797,0.7909,0.79104,1.50,1.50
2012.01.16 10:57:11.856,0.7909,0.79104,1.50,2.25
2012.01.16 10:57:11.996,0.79087,0.79103,1.50,2.25
2012.01.16 10:57:12.333,0.79084,0.791,2.25,1.50
2012.01.16 10:57:16.466,0.79084,0.791,1.50,3.75
2012.01.16 10:57:18.506,0.79084,0.79098,1.50,2.63
2012.01.16 10:57:18.578,0.79081,0.79097,1.50,1.50
2012.01.16 10:57:18.654,0.79079,0.79093,3.00,1.50
2012.01.16 10:57:19.007,0.7908,0.79096,2.25,2.25
2012.01.16 10:57:19.083,0.7908,0.79096,1.50,3.00
2012.01.16 10:57:25.818,0.7908,0.79094,1.88,1.50
2012.01.16 10:57:25.966,0.79078,0.79094,2.25,2.25
2012.01.16 10:57:26.446,0.79078,0.79089,1.50,1.50
2012.01.16 10:57:26.602,0.79074,0.79087,1.50,2.25
2012.01.16 10:57:26.889,0.79075,0.79089,1.50,1.50
2012.01.16 10:57:32.123,0.79075,0.79089,3.75,1.50
2012.01.16 10:57:34.605,0.79075,0.79089,3.75,1.50
2012.01.16 10:57:37.565,0.79075,0.79087,2.25,1.50
2012.01.16 10:57:37.639,0.79074,0.79089,3.75,1.50
2012.01.16 10:57:38.187,0.79074,0.7909,3.75,1.50
2012.01.16 10:57:38.734,0.79075,0.79089,2.25,2.25
2012.01.16 10:57:39.846,0.79077,0.79091,2.25,1.88
2012.01.16 10:57:40.388,0.79077,0.79092,2.25,1.35
2012.01.16 10:57:40.605,0.79077,0.79092,2.25,1.35
2012.01.16 10:57:42.385,0.79077,0.79093,2.25,3.75
2012.01.16 10:57:42.533,0.79075,0.79091,2.25,1.50
2012.01.16 10:57:42.608,0.79074,0.79087,3.00,1.50
2012.01.16 10:57:43.224,0.79075,0.79089,2.25,1.50
2012.01.16 10:57:44.438,0.79075,0.79088,2.25,1.88
2012.01.16 10:57:47.107,0.79074,0.79086,2.25,2.10
2012.01.16 10:57:47.434,0.79071,0.7908,1.71,1.50
2012.01.16 10:57:47.646,0.79074,0.79082,1.50,1.50
2012.01.16 10:57:47.714,0.79075,0.79086,1.50,1.50
2012.01.16 10:57:48.336,0.79075,0.79089,3.00,2.25
2012.01.16 10:57:48.858,0.79075,0.79089,3.00,2.25
2012.01.16 10:57:48.933,0.79075,0.79087,1.50,1.50
2012.01.16 10:57:52.363,0.79075,0.79087,1.50,2.25
2012.01.16 10:57:55.947,0.79075,0.79089,3.00,2.25
2012.01.16 10:57:56.365,0.79075,0.79089,2.25,1.50
2012.01.16 10:57:57.066,0.79079,0.79093,2.25,1.50
2012.01.16 10:57:57.275,0.79081,0.79094,2.25,2.63
2012.01.16 10:57:57.855,0.79081,0.79095,2.25,3.00
2012.01.16 10:58:03.212,0.79078,0.79092,2.25,2.63
2012.01.16 10:58:03.761,0.79078,0.79092,2.25,1.88
2012.01.16 10:58:08.522,0.79078,0.79094,2.25,3.60
2012.01.16 10:58:16.681,0.79078,0.79094,2.25,3.75
2012.01.16 10:58:19.462,0.79078,0.79094,2.25,3.00
2012.01.16 10:58:21.292,0.79081,0.79094,3.00,1.50
2012.01.16 10:58:21.504,0.79083,0.79097,2.25,3.98
2012.01.16 10:58:21.973,0.79083,0.79098,3.00,1.88
2012.01.16 10:58:22.175,0.79083,0.79098,2.25,2.63
2012.01.16 10:58:22.683,0.79083,0.79099,2.25,4.88
2012.01.16 10:58:22.812,0.79083,0.79099,3.00,4.13
2012.01.16 10:58:23.003,0.79083,0.79099,2.25,4.88
2012.01.16 10:58:23.478,0.79083,0.79099,2.25,4.88
2012.01.16 10:58:24.025,0.79083,0.79099,3.00,4.13
2012.01.16 10:58:24.590,0.79083,0.79098,2.25,1.50
2012.01.16 10:58:25.851,0.79083,0.79099,3.00,4.13
2012.01.16 10:58:26.351,0.79083,0.79098,2.25,1.50
2012.01.16 10:58:27.425,0.79083,0.79097,2.25,1.50
2012.01.16 10:58:28.504,0.79083,0.79097,2.25,1.50
2012.01.16 10:58:29.561,0.79083,0.79097,2.25,1.50
2012.01.16 10:58:30.162,0.79083,0.79097,1.50,2.25
2012.01.16 10:58:30.481,0.79083,0.79097,1.50,2.25
2012.01.16 10:58:33.694,0.79083,0.79097,1.50,3.00
2012.01.16 10:58:34.227,0.79083,0.79097,1.50,3.00
2012.01.16 10:58:35.057,0.79084,0.79096,1.50,1.50
2012.01.16 10:58:35.661,0.79083,0.79097,1.50,3.00
2012.01.16 10:58:39.418,0.79081,0.79096,3.00,1.50
2012.01.16 10:58:39.983,0.79082,0.79097,1.50,3.00
2012.01.16 10:58:40.340,0.79087,0.791,1.50,1.88
2012.01.16 10:58:40.659,0.79089,0.79103,1.50,1.50
2012.01.16 10:58:40.945,0.79089,0.79105,1.50,1.50
2012.01.16 10:58:41.013,0.79092,0.79106,1.50,4.13
2012.01.16 10:58:41.567,0.7909,0.79106,2.25,3.38
2012.01.16 10:58:45.376,0.79091,0.79105,1.50,1.88
2012.01.16 10:58:45.956,0.79089,0.79101,2.25,1.88
2012.01.16 10:58:46.119,0.79091,0.79104,1.50,1.50
2012.01.16 10:58:46.336,0.79091,0.79105,1.50,2.25
2012.01.16 10:58:48.356,0.79087,0.79103,2.25,1.50
2012.01.16 10:58:48.765,0.79087,0.79101,2.25,1.88
2012.01.16 10:58:49.117,0.79083,0.79096,1.50,1.50
2012.01.16 10:58:49.327,0.79084,0.79098,2.25,3.00
2012.01.16 10:58:50.076,0.79084,0.79098,1.50,1.50
2012.01.16 10:58:50.484,0.79086,0.791,1.50,1.50
2012.01.16 10:58:51.267,0.79086,0.79102,2.25,5.25
2012.01.16 10:58:51.625,0.79077,0.79091,2.63,1.50
2012.01.16 10:58:52.191,0.79081,0.79096,1.50,3.00
2012.01.16 10:58:52.269,0.79081,0.79096,1.50,2.25
2012.01.16 10:58:52.352,0.79084,0.79096,1.50,1.50
2012.01.16 10:58:52.656,0.79087,0.79101,1.50,2.25
2012.01.16 10:58:53.243,0.79084,0.791,2.25,2.25
2012.01.16 10:58:53.485,0.79084,0.79098,2.25,3.38
2012.01.16 10:58:53.833,0.79082,0.79096,2.25,2.25
2012.01.16 10:58:54.532,0.79082,0.79096,2.25,3.00
2012.01.16 10:58:55.458,0.79083,0.79096,1.50,1.50
2012.01.16 10:58:58.833,0.79083,0.79096,1.50,2.25
2012.01.16 10:58:59.090,0.79082,0.79096,2.25,2.25
2012.01.16 10:58:59.600,0.79083,0.79096,1.50,2.25
2012.01.16 10:59:00.524,0.79082,0.79096,2.25,1.50
2012.01.16 10:59:00.854,0.79079,0.79093,3.00,1.50
2012.01.16 10:59:01.101,0.7908,0.79096,2.25,2.25
2012.01.16 10:59:02.256,0.7908,0.79096,2.25,1.50
2012.01.16 10:59:02.844,0.7908,0.79096,2.25,1.50
2012.01.16 10:59:09.763,0.7908,0.79096,2.25,1.50
2012.01.16 10:59:15.980,0.7908,0.79096,2.25,2.25
2012.01.16 10:59:16.869,0.7908,0.79096,2.25,2.25
2012.01.16 10:59:17.391,0.7908,0.79096,2.25,1.50
2012.01.16 10:59:18.414,0.7908,0.79096,2.25,1.50
2012.01.16 10:59:20.065,0.79079,0.79093,2.25,2.25
2012.01.16 10:59:20.347,0.79077,0.79089,2.93,1.88
2012.01.16 10:59:20.643,0.79075,0.79088,2.25,1.50
2012.01.16 10:59:20.725,0.79077,0.79088,1.50,2.25
2012.01.16 10:59:20.804,0.79077,0.79087,1.50,1.50
2012.01.16 10:59:20.884,0.79077,0.79084,1.50,1.50
2012.01.16 10:59:21.383,0.79074,0.79084,1.50,1.50
2012.01.16 10:59:21.934,0.79074,0.79083,1.50,1.50
2012.01.16 10:59:24.562,0.79074,0.79087,1.50,1.50
2012.01.16 10:59:24.994,0.79075,0.79089,2.25,1.50
2012.01.16 10:59:25.065,0.79075,0.79089,2.25,1.50
2012.01.16 10:59:26.381,0.79074,0.79088,2.25,1.50
2012.01.16 10:59:28.054,0.79075,0.79087,1.50,1.88
2012.01.16 10:59:28.393,0.79072,0.79079,1.71,1.50
2012.01.16 10:59:28.653,0.79064,0.79079,1.73,1.50
2012.01.16 10:59:29.006,0.79065,0.79081,2.25,4.13
2012.01.16 10:59:29.392,0.79065,0.79081,2.25,3.38
2012.01.16 10:59:30.188,0.79065,0.79081,2.25,3.38
2012.01.16 10:59:31.355,0.79064,0.79078,3.00,1.50
2012.01.16 10:59:31.427,0.79064,0.79078,2.25,1.50
2012.01.16 10:59:33.925,0.79066,0.7908,1.50,1.50
2012.01.16 10:59:36.208,0.79063,0.79073,2.25,1.88
2012.01.16 10:59:36.426,0.7906,0.79073,2.25,1.88
2012.01.16 10:59:36.953,0.79057,0.79073,2.25,3.38
2012.01.16 10:59:37.770,0.79057,0.79073,1.50,4.13
2012.01.16 10:59:39.991,0.79057,0.79073,2.25,4.13
2012.01.16 10:59:40.513,0.79059,0.79073,2.25,1.88
2012.01.16 10:59:41.393,0.79059,0.79073,3.00,1.88
2012.01.16 10:59:44.750,0.79059,0.79073,3.00,1.88
2012.01.16 10:59:45.340,0.79059,0.79072,1.50,1.50
2012.01.16 10:59:45.948,0.7906,0.79073,1.50,1.88
2012.01.16 10:59:46.629,0.7906,0.79073,2.25,1.88
2012.01.16 10:59:47.494,0.7906,0.79074,3.00,1.50
2012.01.16 10:59:47.708,0.79062,0.79078,1.50,1.88
2012.01.16 10:59:47.858,0.79065,0.7908,1.50,1.35
2012.01.16 10:59:48.215,0.79063,0.79076,1.50,2.63
2012.01.16 10:59:48.735,0.79061,0.79075,3.00,1.50
2012.01.16 10:59:49.550,0.79061,0.79075,2.25,1.50
2012.01.16 10:59:50.653,0.79061,0.79075,2.25,1.50
2012.01.16 10:59:50.869,0.79063,0.79077,3.00,1.50
2012.01.16 10:59:51.396,0.79064,0.79077,1.50,1.50
2012.01.16 10:59:53.986,0.79063,0.79077,2.25,2.25
2012.01.16 10:59:56.153,0.79063,0.79077,2.25,2.25
2012.01.16 10:59:56.713,0.79063,0.79077,2.25,2.25
2012.01.16 10:59:57.249,0.79064,0.79077,1.50,2.25
2012.01.16 10:59:57.327,0.79064,0.79077,1.50,2.25
2012.01.16 10:59:58.050,0.79063,0.79077,4.13,2.25
2012.01.16 10:59:58.549,0.79063,0.79077,2.63,2.25
2012.01.16 10:59:58.904,0.79061,0.79074,2.25,1.50
2012.01.16 10:59:59.267,0.79057,0.79073,2.25,2.10
2012.01.16 10:59:59.714,0.79054,0.79067,2.25,3.00
