2014.08.01 18:00:00.410,0.95463,0.95472,1.50,3.00
2014.08.01 18:00:00.924,0.95464,0.95472,1.00,2.25
2014.08.01 18:00:01.227,0.95466,0.95472,1.00,2.25
2014.08.01 18:00:01.329,0.95464,0.95473,1.00,1.00
2014.08.01 18:00:01.858,0.95464,0.95474,1.29,1.88
2014.08.01 18:00:02.374,0.95463,0.95474,2.44,2.25
2014.08.01 18:00:14.111,0.95466,0.95474,1.69,1.00
2014.08.01 18:00:14.677,0.95467,0.95475,1.25,1.00
2014.08.01 18:00:14.728,0.95467,0.95477,1.25,1.00
2014.08.01 18:00:15.432,0.95467,0.95477,1.69,1.00
2014.08.01 18:00:16.282,0.95467,0.95478,1.69,1.50
2014.08.01 18:00:17.234,0.95468,0.95479,1.77,1.50
2014.08.01 18:00:17.335,0.9547,0.95479,1.00,1.00
2014.08.01 18:00:17.639,0.95476,0.95484,1.25,1.00
2014.08.01 18:00:17.942,0.95476,0.95486,1.00,1.50
2014.08.01 18:00:19.419,0.95477,0.95486,1.00,1.00
2014.08.01 18:00:20.442,0.95477,0.95488,1.00,1.58
2014.08.01 18:00:21.372,0.95477,0.95487,1.00,1.00
2014.08.01 18:00:23.117,0.95477,0.95486,1.10,2.25
2014.08.01 18:00:26.051,0.95477,0.95488,1.00,9.00
2014.08.01 18:00:27.652,0.95478,0.95488,1.00,9.00
2014.08.01 18:00:28.173,0.95477,0.95488,1.00,9.00
2014.08.01 18:00:29.048,0.95477,0.95487,1.00,1.00
2014.08.01 18:00:29.564,0.95476,0.95487,1.20,1.50
2014.08.01 18:00:30.247,0.95476,0.95485,1.10,1.00
2014.08.01 18:00:31.934,0.95476,0.95487,1.58,1.00
2014.08.01 18:00:31.985,0.95483,0.95488,1.00,1.10
2014.08.01 18:00:32.238,0.95485,0.95496,1.00,1.58
2014.08.01 18:00:32.491,0.95487,0.95496,1.00,1.50
2014.08.01 18:00:36.525,0.95487,0.95495,1.00,1.00
2014.08.01 18:00:37.040,0.95486,0.95495,1.00,1.50
2014.08.01 18:00:38.677,0.95483,0.95492,1.18,1.00
2014.08.01 18:00:39.007,0.95481,0.9549,1.10,1.00
2014.08.01 18:00:39.210,0.95479,0.9549,1.00,1.50
2014.08.01 18:00:39.723,0.95478,0.95488,1.25,1.00
2014.08.01 18:00:40.291,0.95478,0.95488,1.33,1.00
2014.08.01 18:00:40.829,0.9548,0.95489,1.00,1.00
2014.08.01 18:00:41.249,0.95481,0.9549,1.39,1.00
2014.08.01 18:00:41.759,0.95483,0.95491,1.00,1.00
2014.08.01 18:00:42.062,0.95486,0.95495,1.25,1.00
2014.08.01 18:00:42.603,0.95486,0.95496,1.69,1.00
2014.08.01 18:00:46.914,0.95492,0.95496,1.00,1.00
2014.08.01 18:00:47.016,0.95493,0.95499,1.10,1.08
2014.08.01 18:00:47.118,0.95495,0.95501,1.00,1.00
2014.08.01 18:00:47.219,0.95495,0.95504,1.00,1.50
2014.08.01 18:00:47.422,0.95497,0.95505,1.00,1.00
2014.08.01 18:00:47.928,0.95496,0.95505,1.25,1.00
2014.08.01 18:00:48.231,0.95499,0.95507,1.25,1.00
2014.08.01 18:00:48.655,0.95498,0.95504,1.69,1.00
2014.08.01 18:00:48.876,0.95498,0.95506,1.69,1.00
2014.08.01 18:00:49.391,0.95499,0.95506,1.19,1.00
2014.08.01 18:00:49.644,0.95497,0.95504,1.19,1.00
2014.08.01 18:00:49.745,0.95496,0.95504,1.00,1.00
2014.08.01 18:00:49.846,0.95494,0.95502,1.00,1.00
2014.08.01 18:00:50.352,0.95493,0.95501,1.69,1.00
2014.08.01 18:00:50.715,0.95494,0.95503,1.25,1.00
2014.08.01 18:00:51.241,0.95494,0.95503,1.69,1.00
2014.08.01 18:00:52.335,0.95494,0.95503,1.25,1.00
2014.08.01 18:00:53.874,0.95493,0.95502,1.00,1.00
2014.08.01 18:00:54.026,0.95492,0.95499,1.69,1.00
2014.08.01 18:00:54.177,0.9549,0.95499,1.13,1.00
2014.08.01 18:00:54.721,0.9549,0.95498,1.00,1.00
2014.08.01 18:00:54.772,0.95491,0.95498,1.19,1.00
2014.08.01 18:00:55.292,0.95492,0.95498,1.69,1.00
2014.08.01 18:00:55.343,0.95492,0.955,1.69,1.00
2014.08.01 18:00:55.697,0.95494,0.95503,1.00,1.00
2014.08.01 18:00:56.577,0.95496,0.95503,1.00,1.00
2014.08.01 18:00:57.293,0.95497,0.95503,1.00,1.00
2014.08.01 18:00:57.798,0.95497,0.95504,1.00,1.00
2014.08.01 18:00:58.099,0.95495,0.95503,1.02,1.00
2014.08.01 18:00:58.201,0.95495,0.95505,1.02,1.00
2014.08.01 18:00:59.858,0.95495,0.95502,1.25,1.00
2014.08.01 18:01:00.164,0.95494,0.955,1.19,1.00
2014.08.01 18:01:00.601,0.95492,0.955,1.50,1.00
2014.08.01 18:01:00.703,0.95491,0.95498,1.25,1.00
2014.08.01 18:01:01.208,0.95492,0.95498,1.09,1.00
2014.08.01 18:01:02.123,0.95492,0.95498,1.84,1.00
2014.08.01 18:01:03.102,0.95493,0.95498,1.19,1.00
2014.08.01 18:01:04.101,0.95492,0.95498,1.84,1.00
2014.08.01 18:01:05.135,0.95495,0.95503,1.00,1.00
2014.08.01 18:01:05.800,0.95493,0.95498,1.00,1.00
2014.08.01 18:01:06.324,0.95495,0.95503,1.00,1.00
2014.08.01 18:01:09.353,0.95493,0.95498,2.14,1.00
2014.08.01 18:01:10.942,0.95493,0.95498,1.00,1.00
2014.08.01 18:01:11.608,0.95496,0.95504,1.00,1.00
2014.08.01 18:01:12.131,0.95496,0.95505,1.00,1.10
2014.08.01 18:01:15.936,0.95494,0.95505,1.69,1.00
2014.08.01 18:01:16.038,0.95494,0.95503,1.00,1.00
2014.08.01 18:01:16.139,0.95494,0.95505,1.00,1.65
2014.08.01 18:01:16.658,0.95495,0.95506,1.00,1.58
2014.08.01 18:01:18.236,0.95495,0.95505,1.00,1.25
2014.08.01 18:01:20.467,0.95495,0.95504,1.50,1.00
2014.08.01 18:01:23.031,0.95496,0.95504,1.00,1.00
2014.08.01 18:01:26.111,0.95495,0.95504,1.50,1.25
2014.08.01 18:01:27.264,0.95493,0.95503,1.75,1.50
2014.08.01 18:01:27.365,0.95492,0.95501,4.50,1.19
2014.08.01 18:01:27.467,0.95491,0.955,1.00,1.25
2014.08.01 18:01:29.671,0.95491,0.955,1.50,1.69
2014.08.01 18:01:32.603,0.9549,0.955,1.50,1.00
2014.08.01 18:01:34.764,0.95491,0.955,1.00,1.00
2014.08.01 18:01:34.865,0.95493,0.955,1.00,1.00
2014.08.01 18:01:35.374,0.95493,0.95501,1.00,1.00
2014.08.01 18:01:40.900,0.95491,0.95501,1.00,1.10
2014.08.01 18:01:41.404,0.95491,0.955,1.00,1.00
2014.08.01 18:01:44.862,0.95491,0.95497,1.00,1.00
2014.08.01 18:01:44.913,0.95488,0.95497,1.50,1.00
2014.08.01 18:01:45.630,0.95488,0.95495,1.00,1.00
2014.08.01 18:01:50.463,0.95488,0.95497,1.50,1.25
2014.08.01 18:01:53.789,0.95488,0.95496,1.50,1.25
2014.08.01 18:01:53.891,0.95485,0.95494,1.10,1.25
2014.08.01 18:01:54.397,0.95486,0.95495,1.13,1.00
2014.08.01 18:01:56.292,0.95486,0.95496,1.50,1.10
2014.08.01 18:01:57.946,0.95486,0.95495,1.00,1.00
2014.08.01 18:01:58.519,0.95485,0.95494,1.00,1.00
2014.08.01 18:02:00.219,0.95485,0.95495,1.00,1.00
2014.08.01 18:02:00.781,0.95485,0.95494,1.00,1.00
2014.08.01 18:02:01.651,0.95485,0.95493,1.00,1.00
2014.08.01 18:02:02.005,0.95485,0.9549,1.00,1.00
2014.08.01 18:02:02.055,0.95481,0.9549,1.10,1.50
2014.08.01 18:02:02.510,0.95478,0.95489,3.00,3.27
2014.08.01 18:02:02.662,0.95478,0.95488,1.00,1.32
2014.08.01 18:02:02.822,0.9548,0.95488,1.00,1.32
2014.08.01 18:02:03.098,0.9548,0.9549,1.00,1.50
2014.08.01 18:02:03.631,0.9548,0.95488,1.00,1.00
2014.08.01 18:02:04.435,0.9548,0.9549,1.00,1.50
2014.08.01 18:02:05.151,0.95482,0.9549,1.00,1.50
2014.08.01 18:02:05.751,0.95482,0.95488,1.00,1.00
2014.08.01 18:02:06.562,0.95481,0.95488,1.00,1.00
2014.08.01 18:02:07.031,0.95481,0.9549,1.00,2.25
2014.08.01 18:02:10.480,0.95481,0.95491,1.00,1.25
2014.08.01 18:02:10.582,0.95484,0.95491,1.00,1.00
2014.08.01 18:02:10.699,0.95484,0.95494,1.00,1.13
2014.08.01 18:02:11.254,0.95485,0.95494,1.00,1.00
2014.08.01 18:02:11.557,0.95486,0.95496,1.00,1.50
2014.08.01 18:02:12.065,0.95487,0.95496,1.00,1.00
2014.08.01 18:02:12.604,0.95487,0.95497,3.00,1.00
2014.08.01 18:02:13.881,0.95488,0.95499,1.13,3.72
2014.08.01 18:02:14.950,0.95488,0.95496,1.13,1.00
2014.08.01 18:02:16.265,0.95488,0.95496,1.13,1.69
2014.08.01 18:02:17.062,0.95488,0.95494,1.00,1.69
2014.08.01 18:02:17.264,0.95484,0.95492,1.00,1.69
2014.08.01 18:02:17.774,0.95484,0.95492,1.00,1.69
2014.08.01 18:02:18.321,0.95483,0.95492,1.13,1.69
2014.08.01 18:02:19.298,0.95481,0.95492,1.58,1.69
2014.08.01 18:02:19.399,0.95481,0.9549,1.50,1.25
2014.08.01 18:02:19.703,0.9548,0.95489,1.00,1.25
2014.08.01 18:02:20.229,0.9548,0.95489,1.00,2.44
2014.08.01 18:02:20.752,0.9548,0.95489,1.00,2.44
2014.08.01 18:02:20.889,0.95483,0.95489,1.00,1.00
2014.08.01 18:02:20.940,0.95483,0.95491,1.00,2.59
2014.08.01 18:02:21.043,0.95483,0.95493,1.00,1.88
2014.08.01 18:02:21.094,0.95485,0.95493,1.00,1.88
2014.08.01 18:02:21.599,0.95485,0.95494,1.00,1.00
2014.08.01 18:02:24.630,0.95487,0.95494,1.00,1.00
2014.08.01 18:02:25.281,0.95487,0.95495,1.00,1.25
2014.08.01 18:02:25.796,0.95487,0.95496,1.00,1.69
2014.08.01 18:02:26.333,0.95488,0.95496,1.00,1.69
2014.08.01 18:02:32.513,0.95486,0.95496,1.50,1.69
2014.08.01 18:02:36.620,0.95486,0.95496,1.00,1.69
2014.08.01 18:02:37.422,0.95486,0.95496,1.00,1.69
2014.08.01 18:02:38.551,0.95487,0.95496,1.00,1.00
2014.08.01 18:02:39.573,0.95489,0.95496,1.00,1.50
2014.08.01 18:02:39.725,0.95492,0.95501,1.00,1.00
2014.08.01 18:02:42.057,0.95493,0.95501,1.50,1.00
2014.08.01 18:02:42.260,0.95495,0.95501,1.00,1.00
2014.08.01 18:02:43.780,0.95493,0.95501,1.77,1.00
2014.08.01 18:02:44.390,0.95493,0.95501,1.10,1.00
2014.08.01 18:02:51.084,0.95495,0.95501,1.00,1.00
2014.08.01 18:02:51.590,0.95495,0.95502,1.15,1.00
2014.08.01 18:02:52.278,0.95497,0.95502,1.00,1.00
2014.08.01 18:02:53.904,0.95498,0.95502,1.00,1.00
2014.08.01 18:02:53.955,0.95498,0.95504,1.00,1.00
2014.08.01 18:02:54.481,0.95497,0.95504,1.20,1.00
2014.08.01 18:02:54.887,0.955,0.95504,1.00,1.00
2014.08.01 18:02:55.089,0.95498,0.95504,1.10,1.00
2014.08.01 18:02:55.699,0.95497,0.95504,1.50,1.00
2014.08.01 18:02:57.090,0.95498,0.95504,1.00,1.00
2014.08.01 18:02:57.192,0.95501,0.95508,1.00,1.25
2014.08.01 18:02:57.243,0.95501,0.95507,1.00,1.00
2014.08.01 18:02:57.446,0.95502,0.95507,1.08,1.00
2014.08.01 18:02:57.970,0.95502,0.95513,4.65,1.69
2014.08.01 18:02:58.123,0.95505,0.95509,1.00,1.00
2014.08.01 18:02:58.325,0.95503,0.95509,1.00,1.00
2014.08.01 18:02:58.848,0.95501,0.95509,1.50,1.00
2014.08.01 18:02:59.385,0.95501,0.95509,1.00,1.00
2014.08.01 18:03:00.209,0.955,0.95509,1.00,1.00
2014.08.01 18:03:00.664,0.95499,0.95507,1.00,1.00
2014.08.01 18:03:00.815,0.95497,0.95507,1.00,1.20
2014.08.01 18:03:03.836,0.95497,0.95506,1.00,1.00
2014.08.01 18:03:05.783,0.95497,0.95504,1.00,1.00
2014.08.01 18:03:05.834,0.95495,0.95504,1.00,1.00
2014.08.01 18:03:05.936,0.95494,0.95502,2.33,1.00
2014.08.01 18:03:06.238,0.95496,0.95502,1.00,1.00
2014.08.01 18:03:09.400,0.95497,0.95502,1.00,1.00
2014.08.01 18:03:12.148,0.95496,0.95502,1.50,1.00
2014.08.01 18:03:13.531,0.95497,0.95502,1.00,1.00
2014.08.01 18:03:14.540,0.95496,0.95502,1.00,1.00
2014.08.01 18:03:16.328,0.95495,0.95502,1.77,1.00
2014.08.01 18:03:17.319,0.95497,0.95502,1.00,1.00
2014.08.01 18:03:21.811,0.95496,0.95502,1.25,1.00
2014.08.01 18:03:24.273,0.95495,0.95502,1.10,1.00
2014.08.01 18:03:24.627,0.95497,0.95502,1.00,1.00
2014.08.01 18:03:25.349,0.95495,0.95502,1.69,1.00
2014.08.01 18:03:29.693,0.95494,0.95502,2.33,1.00
2014.08.01 18:03:31.398,0.95496,0.95502,1.00,1.00
2014.08.01 18:03:32.103,0.95498,0.95502,1.00,1.00
2014.08.01 18:03:32.954,0.955,0.95508,1.00,1.00
2014.08.01 18:03:33.258,0.95502,0.95506,1.00,1.00
2014.08.01 18:03:33.511,0.955,0.95506,2.25,1.00
2014.08.01 18:03:35.171,0.95499,0.95506,1.58,1.00
2014.08.01 18:03:36.669,0.95498,0.95505,1.50,1.00
2014.08.01 18:03:37.188,0.95497,0.95505,1.58,1.00
2014.08.01 18:03:37.700,0.95497,0.95504,1.58,1.00
2014.08.01 18:03:38.785,0.95496,0.95504,1.00,1.00
2014.08.01 18:03:39.292,0.95495,0.95504,1.58,1.00
2014.08.01 18:03:39.548,0.95495,0.95504,1.18,1.00
2014.08.01 18:03:47.429,0.95495,0.95504,1.00,1.00
2014.08.01 18:03:47.480,0.95493,0.95502,1.18,1.69
2014.08.01 18:03:47.790,0.95493,0.955,1.10,1.00
2014.08.01 18:03:48.423,0.95493,0.95504,1.20,2.44
2014.08.01 18:03:48.677,0.95494,0.95501,1.00,1.25
2014.08.01 18:03:48.829,0.95492,0.95501,1.50,1.10
2014.08.01 18:03:48.931,0.9549,0.955,1.00,1.32
2014.08.01 18:03:49.032,0.95494,0.955,1.00,1.00
2014.08.01 18:03:49.234,0.95491,0.95499,1.00,1.25
2014.08.01 18:03:49.767,0.95491,0.95498,1.00,1.25
2014.08.01 18:03:50.283,0.9549,0.95499,1.00,1.25
2014.08.01 18:03:50.803,0.9549,0.95499,1.00,1.19
2014.08.01 18:03:51.415,0.9549,0.95499,1.00,1.25
2014.08.01 18:03:51.927,0.9549,0.95499,1.00,1.19
2014.08.01 18:03:56.914,0.9549,0.95496,1.00,1.25
2014.08.01 18:03:57.168,0.95487,0.95494,1.00,1.25
2014.08.01 18:03:57.825,0.95487,0.95493,1.00,1.00
2014.08.01 18:03:58.028,0.95485,0.95493,1.50,1.69
2014.08.01 18:03:58.737,0.95484,0.95493,1.00,1.69
2014.08.01 18:03:59.040,0.95481,0.9549,1.75,1.19
2014.08.01 18:03:59.243,0.95481,0.9549,1.00,1.69
2014.08.01 18:03:59.915,0.95481,0.9549,1.00,1.69
2014.08.01 18:04:00.514,0.95481,0.9549,1.00,1.69
2014.08.01 18:04:01.222,0.95481,0.9549,1.00,1.69
2014.08.01 18:04:02.348,0.95481,0.95489,1.50,1.25
2014.08.01 18:04:02.656,0.95479,0.95488,1.00,1.25
2014.08.01 18:04:02.758,0.95477,0.95486,1.00,1.25
2014.08.01 18:04:03.263,0.95478,0.95486,1.00,1.25
2014.08.01 18:04:03.769,0.95478,0.95488,1.50,1.19
2014.08.01 18:04:04.438,0.95478,0.95488,1.50,1.25
2014.08.01 18:04:04.998,0.9548,0.95488,1.50,1.25
2014.08.01 18:04:05.402,0.95481,0.9549,1.13,1.69
2014.08.01 18:04:05.937,0.95481,0.9549,1.50,1.25
2014.08.01 18:04:08.907,0.95481,0.9549,1.00,1.25
2014.08.01 18:04:09.556,0.95481,0.9549,1.00,1.19
2014.08.01 18:04:11.762,0.95481,0.95491,1.50,1.19
2014.08.01 18:04:14.202,0.95481,0.95489,1.00,1.19
2014.08.01 18:04:15.247,0.9548,0.95489,1.20,1.19
2014.08.01 18:04:16.518,0.9548,0.95487,1.00,1.25
2014.08.01 18:04:17.481,0.9548,0.95488,1.00,1.25
2014.08.01 18:04:20.230,0.95479,0.95487,1.50,1.25
2014.08.01 18:04:21.378,0.95481,0.95487,1.00,1.25
2014.08.01 18:04:21.428,0.95481,0.95489,1.00,1.69
2014.08.01 18:04:22.595,0.95481,0.95487,1.00,1.25
2014.08.01 18:04:23.914,0.95481,0.95488,1.00,1.25
2014.08.01 18:04:26.135,0.9548,0.95488,1.50,1.19
2014.08.01 18:04:27.212,0.9548,0.95488,1.50,1.25
2014.08.01 18:04:27.775,0.9548,0.95488,1.50,1.25
2014.08.01 18:04:31.559,0.95479,0.95488,1.50,1.19
2014.08.01 18:04:32.777,0.95479,0.95488,1.50,1.69
2014.08.01 18:04:34.035,0.95478,0.95488,1.00,1.69
2014.08.01 18:04:34.603,0.95477,0.95487,1.50,1.25
2014.08.01 18:04:35.424,0.95477,0.95486,1.50,1.00
2014.08.01 18:04:38.562,0.95477,0.95487,1.50,1.69
2014.08.01 18:04:39.068,0.95476,0.95486,1.00,1.25
2014.08.01 18:04:39.642,0.95477,0.95487,1.00,2.07
2014.08.01 18:04:47.204,0.95477,0.95486,1.00,1.25
2014.08.01 18:04:47.924,0.95475,0.95485,1.50,1.25
2014.08.01 18:04:48.329,0.95477,0.95485,1.00,1.25
2014.08.01 18:04:48.836,0.95477,0.95486,1.00,2.82
2014.08.01 18:04:49.927,0.95475,0.95486,1.13,2.44
2014.08.01 18:04:50.462,0.95476,0.95486,1.00,1.69
2014.08.01 18:04:51.631,0.95476,0.95486,1.00,1.69
2014.08.01 18:04:54.041,0.95476,0.95485,1.20,1.25
2014.08.01 18:04:54.575,0.95478,0.95485,1.00,1.25
2014.08.01 18:04:54.937,0.95475,0.95484,1.00,1.19
2014.08.01 18:04:55.038,0.95473,0.95481,2.33,1.25
2014.08.01 18:04:55.139,0.95471,0.95481,1.10,1.25
2014.08.01 18:04:56.104,0.95471,0.9548,1.00,1.25
2014.08.01 18:04:57.231,0.95471,0.95479,1.00,1.25
2014.08.01 18:05:04.363,0.95471,0.9548,1.00,1.25
2014.08.01 18:05:04.565,0.95475,0.95483,1.00,1.50
2014.08.01 18:05:04.869,0.95477,0.95485,1.00,1.02
2014.08.01 18:05:05.072,0.95477,0.95487,1.00,1.00
2014.08.01 18:05:05.603,0.95477,0.95486,1.00,1.25
2014.08.01 18:05:06.131,0.95478,0.95487,1.00,1.00
2014.08.01 18:05:08.328,0.95478,0.95488,1.00,1.25
2014.08.01 18:05:09.153,0.95478,0.95487,1.00,1.25
2014.08.01 18:05:10.253,0.95478,0.95488,1.00,1.25
2014.08.01 18:05:11.658,0.95478,0.95487,1.00,1.25
2014.08.01 18:05:13.063,0.95477,0.95487,1.50,1.25
2014.08.01 18:05:15.127,0.95477,0.95487,1.88,1.02
2014.08.01 18:05:17.274,0.95477,0.95487,1.88,1.29
2014.08.01 18:05:17.900,0.95477,0.95488,1.88,1.77
2014.08.01 18:05:19.486,0.95477,0.95486,1.88,1.25
2014.08.01 18:05:19.692,0.95475,0.95484,2.25,1.69
2014.08.01 18:05:19.795,0.95473,0.95484,1.10,1.69
2014.08.01 18:05:20.338,0.95473,0.95483,1.10,1.25
2014.08.01 18:05:20.878,0.95472,0.95483,1.13,1.77
2014.08.01 18:05:21.322,0.95472,0.95481,1.13,1.25
2014.08.01 18:05:22.406,0.95472,0.95483,1.00,1.77
2014.08.01 18:05:29.010,0.95472,0.95481,1.13,1.19
2014.08.01 18:05:32.017,0.95472,0.95481,1.13,1.25
2014.08.01 18:05:37.541,0.95472,0.95481,1.13,1.69
2014.08.01 18:05:43.102,0.95472,0.95481,1.00,1.25
2014.08.01 18:05:43.657,0.95472,0.9548,1.00,1.25
2014.08.01 18:05:44.704,0.95472,0.95481,1.00,1.25
2014.08.01 18:05:47.892,0.95472,0.9548,1.00,1.19
2014.08.01 18:05:49.704,0.95472,0.95481,1.00,1.25
2014.08.01 18:05:57.204,0.95472,0.95481,1.10,1.19
2014.08.01 18:05:59.840,0.95472,0.95482,1.00,1.25
2014.08.01 18:06:03.021,0.95472,0.95481,1.00,1.25
2014.08.01 18:06:12.656,0.95471,0.95481,1.20,1.19
2014.08.01 18:06:13.177,0.9547,0.95481,2.40,1.69
2014.08.01 18:06:13.740,0.95475,0.95483,1.00,1.10
2014.08.01 18:06:13.943,0.95476,0.95486,1.20,1.25
2014.08.01 18:06:14.398,0.95479,0.95489,1.00,1.25
2014.08.01 18:06:14.904,0.95478,0.95488,1.00,1.25
2014.08.01 18:06:16.507,0.95478,0.95487,1.00,1.19
2014.08.01 18:06:17.543,0.95478,0.95487,1.00,1.25
2014.08.01 18:06:18.475,0.95478,0.95488,1.00,1.25
2014.08.01 18:06:20.280,0.95478,0.95488,1.10,1.19
2014.08.01 18:06:23.990,0.95478,0.95486,1.10,1.25
2014.08.01 18:06:26.097,0.95478,0.95488,1.10,1.19
2014.08.01 18:06:27.799,0.95478,0.95486,1.10,1.25
2014.08.01 18:06:30.406,0.95478,0.95488,1.10,1.19
2014.08.01 18:06:34.018,0.95478,0.95487,1.10,1.19
2014.08.01 18:06:35.121,0.95478,0.95487,1.10,1.25
2014.08.01 18:06:38.780,0.95477,0.95487,1.13,1.25
2014.08.01 18:06:39.383,0.95477,0.95486,1.13,1.00
2014.08.01 18:06:40.638,0.95475,0.95485,3.08,1.00
2014.08.01 18:06:40.688,0.95475,0.95483,2.33,1.25
2014.08.01 18:06:40.739,0.95473,0.95483,2.25,1.25
2014.08.01 18:06:41.244,0.95472,0.95482,1.50,1.25
2014.08.01 18:06:43.399,0.95472,0.9548,1.00,1.00
2014.08.01 18:06:43.837,0.95472,0.95483,1.00,2.44
2014.08.01 18:06:44.358,0.95472,0.95483,1.00,2.44
2014.08.01 18:06:47.506,0.95472,0.95482,1.00,1.25
2014.08.01 18:06:48.475,0.95472,0.95481,1.00,1.19
2014.08.01 18:06:49.001,0.95471,0.95481,1.00,1.19
2014.08.01 18:06:49.571,0.95471,0.95481,1.58,1.25
2014.08.01 18:06:50.012,0.95473,0.95481,1.00,1.25
2014.08.01 18:06:50.403,0.95471,0.95481,1.58,1.25
2014.08.01 18:06:50.961,0.95471,0.9548,1.58,1.25
2014.08.01 18:06:51.728,0.95471,0.95481,1.58,1.25
2014.08.01 18:06:54.831,0.95471,0.95481,1.58,1.19
2014.08.01 18:06:55.391,0.95471,0.95481,1.58,1.19
2014.08.01 18:06:56.025,0.95471,0.95482,1.58,1.69
2014.08.01 18:06:57.046,0.95472,0.9548,1.10,1.25
2014.08.01 18:06:57.575,0.95472,0.95482,1.10,1.19
2014.08.01 18:06:59.406,0.95472,0.95482,1.10,1.69
2014.08.01 18:07:01.554,0.95472,0.95481,1.10,1.25
2014.08.01 18:07:02.754,0.95474,0.95482,1.00,1.25
2014.08.01 18:07:03.819,0.95474,0.95482,1.00,1.19
2014.08.01 18:07:04.067,0.95474,0.95483,1.00,2.44
2014.08.01 18:07:04.498,0.95475,0.95486,1.20,1.69
2014.08.01 18:07:04.650,0.95479,0.95487,1.00,1.32
2014.08.01 18:07:05.932,0.95476,0.95487,3.15,1.00
2014.08.01 18:07:06.481,0.95478,0.95489,1.10,1.69
2014.08.01 18:07:07.016,0.95478,0.95489,1.10,1.69
2014.08.01 18:07:10.590,0.95478,0.95489,1.20,1.25
2014.08.01 18:07:11.133,0.95481,0.9549,1.00,2.14
2014.08.01 18:07:11.386,0.95481,0.95492,1.10,2.33
2014.08.01 18:07:11.437,0.95483,0.95492,1.00,1.58
2014.08.01 18:07:11.639,0.95484,0.95495,1.10,2.59
2014.08.01 18:07:12.987,0.95483,0.95494,1.69,1.00
2014.08.01 18:07:13.548,0.95484,0.95495,1.00,3.42
2014.08.01 18:07:15.009,0.95484,0.95494,1.00,1.39
2014.08.01 18:07:15.776,0.95487,0.95496,1.00,1.02
2014.08.01 18:07:15.877,0.95487,0.95498,1.00,1.84
2014.08.01 18:07:16.080,0.95489,0.95498,1.00,1.00
2014.08.01 18:07:16.181,0.95489,0.955,1.50,1.09
2014.08.01 18:07:16.711,0.95489,0.95499,1.50,1.10
2014.08.01 18:07:18.071,0.9549,0.95499,1.00,1.84
2014.08.01 18:07:18.448,0.95492,0.95499,1.00,1.84
2014.08.01 18:07:18.701,0.95496,0.95504,1.00,1.00
2014.08.01 18:07:19.228,0.95496,0.95506,1.50,1.19
2014.08.01 18:07:19.897,0.95496,0.95507,1.50,1.28
2014.08.01 18:07:20.430,0.95496,0.95505,1.00,1.00
2014.08.01 18:07:20.855,0.95498,0.95504,2.25,1.00
2014.08.01 18:07:20.906,0.95498,0.95508,2.25,1.77
2014.08.01 18:07:23.083,0.95497,0.95508,1.13,1.77
2014.08.01 18:07:23.293,0.95497,0.95506,1.13,1.00
2014.08.01 18:07:23.800,0.95496,0.95507,1.00,2.44
2014.08.01 18:07:25.035,0.95496,0.95507,1.00,2.25
2014.08.01 18:07:34.634,0.95494,0.95505,2.52,1.00
2014.08.01 18:07:34.837,0.95492,0.95503,1.50,1.13
2014.08.01 18:07:35.427,0.95491,0.95502,1.25,1.00
2014.08.01 18:07:45.000,0.95491,0.95502,1.13,2.52
2014.08.01 18:07:48.689,0.95491,0.95502,1.00,1.02
2014.08.01 18:08:00.812,0.95491,0.95502,1.50,1.00
2014.08.01 18:08:03.768,0.95491,0.95502,1.13,1.10
2014.08.01 18:08:06.216,0.95491,0.95498,1.13,1.00
2014.08.01 18:08:07.895,0.95491,0.95502,1.00,1.58
2014.08.01 18:08:08.326,0.95494,0.95502,1.00,1.20
2014.08.01 18:08:08.832,0.95494,0.95503,1.00,1.00
2014.08.01 18:08:09.550,0.95494,0.95504,1.00,1.77
2014.08.01 18:08:10.065,0.95495,0.95504,1.10,1.50
2014.08.01 18:08:11.411,0.95495,0.95506,1.10,1.39
2014.08.01 18:08:12.468,0.95496,0.95507,1.00,2.59
2014.08.01 18:08:25.457,0.95497,0.95508,1.00,3.72
2014.08.01 18:08:25.609,0.95497,0.95508,1.00,2.52
2014.08.01 18:08:26.163,0.95496,0.95507,1.10,1.00
2014.08.01 18:08:32.793,0.95496,0.95506,1.25,1.00
2014.08.01 18:08:33.302,0.95495,0.95506,1.25,1.00
2014.08.01 18:08:34.787,0.95496,0.95507,1.88,1.02
2014.08.01 18:08:34.889,0.955,0.95509,1.00,1.58
2014.08.01 18:08:35.091,0.95498,0.95509,1.25,1.00
2014.08.01 18:08:35.395,0.955,0.95509,1.00,1.00
2014.08.01 18:08:35.699,0.95498,0.95507,1.00,1.50
2014.08.01 18:08:36.002,0.955,0.95507,1.00,1.00
2014.08.01 18:08:36.306,0.95498,0.95507,1.00,1.00
2014.08.01 18:08:43.426,0.95496,0.95507,1.69,1.10
2014.08.01 18:08:43.629,0.95494,0.95503,1.58,1.00
2014.08.01 18:08:44.248,0.95492,0.95503,2.44,1.00
2014.08.01 18:08:44.762,0.95492,0.95502,1.00,1.00
2014.08.01 18:08:45.263,0.95491,0.95502,1.25,1.00
2014.08.01 18:08:45.954,0.95493,0.95502,1.00,1.00
2014.08.01 18:08:46.156,0.95495,0.95505,1.00,1.02
2014.08.01 18:08:46.668,0.95495,0.95506,1.69,1.00
2014.08.01 18:08:47.320,0.95496,0.95507,1.00,1.50
2014.08.01 18:08:48.963,0.95495,0.95506,1.69,1.00
2014.08.01 18:08:49.504,0.95494,0.95503,1.50,1.00
2014.08.01 18:08:50.011,0.95493,0.95502,1.00,1.10
2014.08.01 18:08:50.458,0.95495,0.95504,1.00,2.59
2014.08.01 18:08:50.812,0.95494,0.95504,1.88,1.00
2014.08.01 18:08:50.913,0.95494,0.95506,3.38,1.58
2014.08.01 18:08:50.964,0.95495,0.95504,1.00,1.00
2014.08.01 18:08:51.065,0.95496,0.95506,1.00,1.20
2014.08.01 18:08:51.387,0.95494,0.95505,1.00,1.00
2014.08.01 18:08:51.889,0.95495,0.95505,1.00,1.10
2014.08.01 18:08:55.066,0.95494,0.95505,1.77,1.10
2014.08.01 18:08:55.614,0.95494,0.95506,2.52,1.20
2014.08.01 18:08:56.073,0.95494,0.95503,1.77,1.00
2014.08.01 18:08:56.225,0.95493,0.95502,1.00,1.00
2014.08.01 18:08:56.377,0.95491,0.95502,1.25,1.18
2014.08.01 18:09:00.581,0.9549,0.95501,1.50,1.10
2014.08.01 18:09:01.503,0.95491,0.95501,1.00,1.10
2014.08.01 18:09:04.593,0.9549,0.95501,1.50,1.10
2014.08.01 18:09:04.791,0.95492,0.95501,1.00,1.10
2014.08.01 18:09:05.095,0.95495,0.95506,1.00,2.25
2014.08.01 18:09:05.196,0.95495,0.95504,1.00,1.00
2014.08.01 18:09:05.398,0.95495,0.95506,1.00,1.50
2014.08.01 18:09:06.201,0.95495,0.95505,1.19,1.00
2014.08.01 18:09:06.904,0.95494,0.95504,1.69,1.00
2014.08.01 18:09:07.226,0.95494,0.95502,1.00,1.00
2014.08.01 18:09:07.479,0.95491,0.95502,1.25,1.00
2014.08.01 18:09:12.133,0.9549,0.955,1.00,1.00
2014.08.01 18:09:12.724,0.95489,0.955,1.20,1.00
2014.08.01 18:09:13.704,0.95489,0.955,2.97,1.00
2014.08.01 18:09:14.007,0.95493,0.95503,1.00,1.00
2014.08.01 18:09:14.545,0.95494,0.95504,1.00,1.00
2014.08.01 18:09:15.084,0.95494,0.95505,1.69,1.10
2014.08.01 18:09:16.012,0.95494,0.95505,1.25,1.10
2014.08.01 18:09:16.366,0.95496,0.95505,1.00,1.10
2014.08.01 18:09:23.683,0.95495,0.95506,1.25,1.65
2014.08.01 18:09:24.642,0.95494,0.95505,1.50,1.00
2014.08.01 18:09:25.263,0.95495,0.95506,1.00,3.15
2014.08.01 18:09:27.685,0.95494,0.95505,1.00,1.00
2014.08.01 18:09:28.195,0.95495,0.95505,1.00,1.00
2014.08.01 18:09:30.815,0.95493,0.95503,1.00,1.00
2014.08.01 18:09:31.018,0.95491,0.95502,1.00,1.58
2014.08.01 18:09:31.170,0.9549,0.95501,1.00,1.18
2014.08.01 18:09:31.482,0.95493,0.95501,1.00,1.65
2014.08.01 18:09:31.583,0.95493,0.95501,1.00,1.50
2014.08.01 18:09:32.627,0.95489,0.955,1.77,1.00
2014.08.01 18:09:37.302,0.9549,0.95501,1.00,3.83
2014.08.01 18:09:44.404,0.9549,0.95501,1.13,1.50
2014.08.01 18:09:44.556,0.95496,0.95503,1.00,1.00
2014.08.01 18:09:44.759,0.95497,0.95506,1.00,1.50
2014.08.01 18:09:46.673,0.95496,0.95507,1.10,1.88
2014.08.01 18:09:47.237,0.95498,0.95509,1.00,2.59
2014.08.01 18:09:47.843,0.95499,0.95509,1.13,1.29
2014.08.01 18:09:48.735,0.95499,0.9551,1.13,2.44
2014.08.01 18:09:49.269,0.95499,0.9551,1.13,1.50
2014.08.01 18:09:49.930,0.95499,0.9551,1.50,1.00
2014.08.01 18:09:50.261,0.95503,0.95514,1.20,1.10
2014.08.01 18:09:50.803,0.95503,0.95513,1.10,1.00
2014.08.01 18:09:53.683,0.95503,0.95514,1.13,1.58
2014.08.01 18:09:58.510,0.95501,0.95512,2.44,1.00
2014.08.01 18:09:59.182,0.95503,0.95512,1.00,1.00
2014.08.01 18:10:00.213,0.95503,0.95513,1.00,1.02
2014.08.01 18:10:00.902,0.95503,0.95514,1.00,1.58
2014.08.01 18:10:04.642,0.95503,0.95512,1.00,1.00
2014.08.01 18:10:05.046,0.95501,0.95512,1.00,1.02
2014.08.01 18:10:05.248,0.95503,0.95512,1.00,1.84
2014.08.01 18:10:06.055,0.95503,0.95513,1.00,1.00
2014.08.01 18:10:06.651,0.95502,0.95513,1.00,1.58
2014.08.01 18:10:07.035,0.95504,0.95513,1.00,1.58
2014.08.01 18:10:08.764,0.95502,0.95513,1.00,1.00
2014.08.01 18:10:09.068,0.95501,0.95512,1.00,1.09
2014.08.01 18:10:11.343,0.95502,0.95511,1.00,1.08
2014.08.01 18:10:11.697,0.95503,0.95512,1.00,1.69
2014.08.01 18:10:12.220,0.95504,0.95514,1.10,2.44
2014.08.01 18:10:12.730,0.95505,0.95514,1.00,3.19
2014.08.01 18:10:13.345,0.95503,0.95514,1.00,2.44
2014.08.01 18:10:13.560,0.95507,0.95515,1.00,1.32
2014.08.01 18:10:14.273,0.95505,0.95516,1.10,3.94
2014.08.01 18:10:14.798,0.95505,0.95516,1.02,3.00
2014.08.01 18:10:15.678,0.95505,0.95514,1.10,1.25
2014.08.01 18:10:15.779,0.95502,0.95513,1.77,1.00
2014.08.01 18:10:16.082,0.95501,0.95512,1.00,1.58
2014.08.01 18:10:17.159,0.95502,0.95512,1.00,1.25
2014.08.01 18:10:17.904,0.95504,0.95512,1.00,1.00
2014.08.01 18:10:18.258,0.95501,0.95512,1.69,1.50
2014.08.01 18:10:18.764,0.95501,0.95512,1.69,1.65
2014.08.01 18:10:19.507,0.95501,0.95512,1.25,1.50
2014.08.01 18:10:20.184,0.955,0.95511,1.25,1.00
2014.08.01 18:10:21.816,0.95501,0.95511,1.00,1.10
2014.08.01 18:10:22.373,0.955,0.95511,1.00,1.65
2014.08.01 18:10:23.135,0.955,0.95511,1.00,2.59
2014.08.01 18:10:24.068,0.95501,0.9551,1.00,1.77
2014.08.01 18:10:24.531,0.955,0.95508,1.00,1.00
2014.08.01 18:10:25.053,0.955,0.95509,1.00,1.69
2014.08.01 18:10:25.414,0.95497,0.95508,1.00,1.69
2014.08.01 18:10:25.931,0.95497,0.95508,1.00,1.77
2014.08.01 18:10:26.436,0.95496,0.95507,1.10,1.58
2014.08.01 18:10:29.583,0.95495,0.95501,1.08,1.00
2014.08.01 18:10:29.685,0.95494,0.95501,1.00,1.00
2014.08.01 18:10:29.736,0.95492,0.95498,1.00,7.50
2014.08.01 18:10:29.786,0.9549,0.95498,1.58,7.50
2014.08.01 18:10:29.938,0.95488,0.95498,1.10,7.69
2014.08.01 18:10:31.111,0.95489,0.95498,1.00,8.25
2014.08.01 18:10:31.675,0.95489,0.95498,1.00,9.34
2014.08.01 18:10:32.183,0.95488,0.95496,1.00,1.00
2014.08.01 18:10:33.700,0.95488,0.95497,1.00,1.02
2014.08.01 18:10:36.401,0.95489,0.95497,1.00,1.10
2014.08.01 18:10:37.583,0.95489,0.95498,1.00,7.58
2014.08.01 18:10:37.633,0.95491,0.95498,1.00,7.58
2014.08.01 18:10:39.010,0.95491,0.95499,1.08,1.00
2014.08.01 18:10:39.314,0.95495,0.95499,1.00,1.00
2014.08.01 18:10:39.415,0.95493,0.95499,1.00,1.00
2014.08.01 18:10:40.418,0.95494,0.95499,1.00,1.00
2014.08.01 18:10:41.673,0.95493,0.95499,1.00,1.00
2014.08.01 18:10:45.278,0.95494,0.95499,1.00,1.00
2014.08.01 18:10:46.044,0.95492,0.95499,1.00,1.00
2014.08.01 18:10:46.450,0.9549,0.95499,1.00,1.00
2014.08.01 18:10:52.455,0.95489,0.95499,1.00,1.00
2014.08.01 18:10:55.358,0.95491,0.95499,1.00,1.50
2014.08.01 18:10:58.967,0.9549,0.95499,1.00,9.00
2014.08.01 18:11:03.874,0.95489,0.95499,1.00,9.19
2014.08.01 18:11:04.415,0.95489,0.95497,1.00,1.00
2014.08.01 18:11:05.691,0.95489,0.95498,1.00,1.00
2014.08.01 18:11:06.217,0.9549,0.95498,1.00,1.00
2014.08.01 18:11:08.663,0.9549,0.95496,1.00,1.00
2014.08.01 18:11:09.288,0.95489,0.95496,1.00,1.00
2014.08.01 18:11:10.213,0.95488,0.95496,1.50,1.00
2014.08.01 18:11:11.666,0.95488,0.95498,1.50,1.69
2014.08.01 18:11:12.904,0.95489,0.95498,1.00,1.00
2014.08.01 18:11:14.319,0.95489,0.95499,1.00,1.77
2014.08.01 18:11:15.022,0.95489,0.95498,1.00,1.25
2014.08.01 18:11:18.044,0.95489,0.95499,1.00,1.02
2014.08.01 18:11:18.603,0.9549,0.95499,1.00,1.00
2014.08.01 18:11:19.820,0.95491,0.95499,1.00,1.00
2014.08.01 18:11:19.921,0.95493,0.95499,1.00,1.00
2014.08.01 18:11:20.224,0.95495,0.95499,1.00,1.00
2014.08.01 18:11:20.787,0.95494,0.95499,1.00,1.00
2014.08.01 18:11:23.934,0.95493,0.95499,1.58,1.00
2014.08.01 18:11:26.534,0.95494,0.95499,1.00,1.00
2014.08.01 18:11:28.746,0.95493,0.95499,1.50,1.00
2014.08.01 18:11:31.075,0.95495,0.95499,1.00,1.00
2014.08.01 18:11:45.155,0.95495,0.95506,1.18,2.44
2014.08.01 18:11:45.458,0.95495,0.95505,1.10,1.00
2014.08.01 18:11:47.469,0.95494,0.95505,1.20,1.00
2014.08.01 18:11:48.028,0.95494,0.95505,1.15,1.00
2014.08.01 18:11:48.513,0.95495,0.95506,1.18,1.69
2014.08.01 18:11:49.022,0.95495,0.95506,1.18,1.69
2014.08.01 18:11:49.536,0.95495,0.95506,1.28,1.69
2014.08.01 18:11:53.779,0.95495,0.95506,1.13,1.00
2014.08.01 18:11:54.033,0.95495,0.95504,1.00,1.00
2014.08.01 18:11:54.288,0.95493,0.95504,1.00,1.69
2014.08.01 18:12:02.676,0.95493,0.95504,1.65,1.69
2014.08.01 18:12:03.459,0.95493,0.95504,1.50,1.69
2014.08.01 18:12:04.009,0.95494,0.95505,1.00,1.25
2014.08.01 18:12:05.901,0.95495,0.95506,1.00,1.77
2014.08.01 18:12:06.205,0.95497,0.95506,1.00,1.25
2014.08.01 18:12:06.609,0.95497,0.95504,1.00,1.00
2014.08.01 18:12:25.730,0.95495,0.95504,1.10,1.00
2014.08.01 18:12:26.316,0.95494,0.95504,1.20,1.00
2014.08.01 18:12:26.694,0.95496,0.95504,1.00,1.00
2014.08.01 18:12:27.213,0.95495,0.95504,1.00,1.00
2014.08.01 18:12:45.160,0.95492,0.95504,1.02,1.50
2014.08.01 18:12:45.211,0.95492,0.95501,1.02,1.50
2014.08.01 18:12:45.363,0.95494,0.95503,1.00,3.00
2014.08.01 18:12:45.565,0.95492,0.95501,1.77,1.00
2014.08.01 18:12:46.070,0.95495,0.95504,1.00,1.25
2014.08.01 18:12:46.576,0.95495,0.95505,1.00,1.25
2014.08.01 18:12:47.361,0.95496,0.95505,1.00,1.25
2014.08.01 18:12:52.856,0.95496,0.95504,1.00,1.25
2014.08.01 18:12:53.407,0.95496,0.95505,1.00,1.25
2014.08.01 18:12:53.840,0.95494,0.95505,1.00,2.44
2014.08.01 18:12:53.891,0.95494,0.95503,1.00,1.69
2014.08.01 18:12:53.993,0.9549,0.95501,1.58,3.19
2014.08.01 18:12:54.245,0.95487,0.95498,1.75,1.15
2014.08.01 18:12:54.498,0.95487,0.95498,1.00,2.59
2014.08.01 18:12:55.027,0.95488,0.95498,1.00,1.00
2014.08.01 18:12:55.693,0.95488,0.95499,1.00,1.10
2014.08.01 18:12:56.778,0.95488,0.95499,1.00,1.77
2014.08.01 18:12:59.799,0.95488,0.95497,1.00,1.25
2014.08.01 18:13:00.812,0.95488,0.95499,1.00,3.27
2014.08.01 18:13:03.292,0.95488,0.95498,1.00,1.19
2014.08.01 18:13:04.395,0.95488,0.95498,1.00,1.25
2014.08.01 18:13:05.458,0.95489,0.95498,1.00,1.69
2014.08.01 18:13:06.844,0.95489,0.955,1.00,1.00
2014.08.01 18:13:06.895,0.95491,0.95501,1.00,2.44
2014.08.01 18:13:07.401,0.95491,0.955,1.00,1.00
2014.08.01 18:13:11.516,0.9549,0.955,1.00,1.69
2014.08.01 18:13:12.028,0.9549,0.95499,1.00,1.10
2014.08.01 18:13:12.589,0.95488,0.95499,1.50,1.02
2014.08.01 18:13:12.893,0.95488,0.95498,1.00,1.33
2014.08.01 18:13:14.437,0.95488,0.95498,1.00,1.09
2014.08.01 18:13:15.081,0.95488,0.95498,1.00,1.84
2014.08.01 18:13:15.621,0.95488,0.95497,1.00,3.27
2014.08.01 18:13:21.698,0.95488,0.95495,1.00,1.69
2014.08.01 18:13:21.749,0.95486,0.95495,1.00,2.44
2014.08.01 18:13:22.256,0.95486,0.95494,1.00,1.69
2014.08.01 18:13:25.210,0.95486,0.95494,1.00,1.25
2014.08.01 18:13:30.082,0.95486,0.95494,1.00,2.44
2014.08.01 18:13:30.285,0.95483,0.95492,1.00,1.77
2014.08.01 18:13:30.792,0.95483,0.95492,1.58,1.25
2014.08.01 18:13:31.618,0.95485,0.95493,1.00,1.25
2014.08.01 18:13:32.338,0.95485,0.95492,1.00,1.25
2014.08.01 18:13:32.542,0.95485,0.95494,1.00,1.69
2014.08.01 18:13:37.208,0.95485,0.95495,1.00,1.69
2014.08.01 18:13:39.448,0.95485,0.95495,1.00,2.44
2014.08.01 18:13:40.522,0.95485,0.95495,1.00,1.69
2014.08.01 18:13:42.128,0.95485,0.95494,1.00,1.25
2014.08.01 18:13:43.131,0.95485,0.95495,1.00,1.25
2014.08.01 18:13:47.347,0.95485,0.95494,1.50,1.25
2014.08.01 18:13:48.349,0.95485,0.95496,1.50,1.69
2014.08.01 18:13:52.275,0.95485,0.95496,1.50,1.69
2014.08.01 18:13:55.800,0.95485,0.95496,1.50,1.69
2014.08.01 18:13:58.388,0.95486,0.95495,1.00,1.25
2014.08.01 18:14:00.090,0.95486,0.95497,1.13,2.52
2014.08.01 18:14:02.196,0.95486,0.95495,1.13,1.25
2014.08.01 18:14:03.942,0.95486,0.95497,1.13,2.52
2014.08.01 18:14:04.449,0.95486,0.95496,1.13,1.19
2014.08.01 18:14:06.129,0.95486,0.95497,1.13,1.00
2014.08.01 18:14:06.440,0.95488,0.95497,1.00,1.00
2014.08.01 18:14:16.741,0.95486,0.95497,8.52,1.00
2014.08.01 18:14:29.672,0.95486,0.95497,9.27,1.00
2014.08.01 18:14:31.077,0.95486,0.95497,8.52,1.00
2014.08.01 18:14:36.848,0.95488,0.95497,1.00,1.00
2014.08.01 18:14:39.771,0.95488,0.95499,1.00,1.69
2014.08.01 18:14:39.872,0.9549,0.95499,1.00,1.25
2014.08.01 18:14:40.175,0.95495,0.95501,1.00,1.00
2014.08.01 18:14:40.377,0.95492,0.95502,1.00,1.69
2014.08.01 18:14:40.580,0.95494,0.95504,1.00,1.50
2014.08.01 18:14:41.362,0.95495,0.95504,1.00,1.00
2014.08.01 18:14:42.979,0.955,0.95506,4.75,2.44
2014.08.01 18:14:43.234,0.95502,0.95508,1.10,1.00
2014.08.01 18:14:43.285,0.95502,0.9551,1.00,1.00
2014.08.01 18:14:43.386,0.95497,0.95508,2.59,1.00
2014.08.01 18:14:43.690,0.95499,0.9551,1.00,1.32
2014.08.01 18:14:44.230,0.95498,0.95509,1.00,1.10
2014.08.01 18:14:44.741,0.95497,0.95508,1.58,1.00
2014.08.01 18:14:45.378,0.95497,0.95506,1.00,1.00
2014.08.01 18:14:45.580,0.95495,0.95506,2.33,1.00
2014.08.01 18:14:48.387,0.95496,0.95507,1.00,1.69
2014.08.01 18:14:49.514,0.95495,0.95506,2.33,1.00
2014.08.01 18:14:54.410,0.95497,0.95506,1.50,1.50
2014.08.01 18:14:56.104,0.95497,0.95505,1.00,1.00
2014.08.01 18:14:58.555,0.95497,0.95507,1.10,1.00
2014.08.01 18:14:58.605,0.955,0.95507,1.00,1.00
2014.08.01 18:14:59.123,0.955,0.95508,1.00,1.00
2014.08.01 18:14:59.854,0.955,0.95505,1.00,1.00
2014.08.01 18:14:59.904,0.95496,0.95505,1.65,1.00
2014.08.01 18:15:00.457,0.95496,0.95505,1.00,1.00
2014.08.01 18:15:00.761,0.95498,0.95507,1.00,1.00
2014.08.01 18:15:01.417,0.95499,0.95507,1.00,1.00
2014.08.01 18:15:02.761,0.95499,0.95508,1.50,1.00
2014.08.01 18:15:03.752,0.95498,0.95507,1.77,1.00
2014.08.01 18:15:04.045,0.95498,0.95509,1.02,1.00
2014.08.01 18:15:04.474,0.955,0.9551,1.00,1.19
2014.08.01 18:15:04.727,0.955,0.95511,1.10,1.13
2014.08.01 18:15:05.030,0.95498,0.95509,3.08,1.00
2014.08.01 18:15:05.131,0.955,0.9551,1.00,1.00
2014.08.01 18:15:05.536,0.95501,0.9551,1.18,1.00
2014.08.01 18:15:06.042,0.95501,0.95509,1.10,1.00
2014.08.01 18:15:06.567,0.95501,0.9551,1.00,1.00
2014.08.01 18:15:07.941,0.955,0.95511,1.00,1.25
2014.08.01 18:15:08.464,0.95501,0.9551,1.00,1.00
2014.08.01 18:15:14.548,0.95501,0.95509,1.10,1.00
2014.08.01 18:15:18.845,0.95501,0.95508,1.00,1.00
2014.08.01 18:15:19.516,0.95501,0.95507,1.00,1.00
2014.08.01 18:15:20.090,0.95501,0.95506,1.00,1.00
2014.08.01 18:15:20.192,0.95501,0.95508,1.00,1.00
2014.08.01 18:15:20.293,0.95501,0.95506,1.00,1.00
2014.08.01 18:15:20.799,0.95498,0.95506,1.65,1.00
2014.08.01 18:15:21.153,0.95497,0.95504,1.09,1.00
2014.08.01 18:15:21.683,0.95497,0.95504,1.25,1.00
2014.08.01 18:15:23.148,0.95497,0.95505,1.10,1.00
2014.08.01 18:15:23.569,0.95497,0.95507,1.10,1.00
2014.08.01 18:15:24.214,0.95497,0.95508,1.10,1.50
2014.08.01 18:15:25.596,0.95497,0.95507,1.10,1.00
2014.08.01 18:15:27.409,0.95499,0.95507,1.00,1.00
2014.08.01 18:15:27.611,0.95499,0.95509,1.00,1.00
2014.08.01 18:15:32.918,0.95499,0.9551,1.10,1.00
2014.08.01 18:15:34.343,0.95501,0.9551,1.00,1.00
2014.08.01 18:15:37.530,0.95502,0.95512,1.50,1.69
2014.08.01 18:15:37.835,0.95505,0.95512,1.00,1.00
2014.08.01 18:15:37.886,0.95501,0.95512,2.59,1.00
2014.08.01 18:15:38.342,0.955,0.95511,1.13,1.10
2014.08.01 18:15:38.912,0.95499,0.9551,1.00,1.13
2014.08.01 18:15:39.960,0.95501,0.9551,1.00,1.00
2014.08.01 18:15:40.263,0.95499,0.9551,1.13,1.00
2014.08.01 18:15:47.109,0.955,0.9551,1.00,1.69
2014.08.01 18:15:49.308,0.95499,0.9551,1.00,1.58
2014.08.01 18:15:50.545,0.955,0.9551,1.00,1.10
2014.08.01 18:15:51.068,0.95501,0.95511,1.00,1.84
2014.08.01 18:15:54.906,0.95501,0.95511,1.00,2.40
2014.08.01 18:15:55.426,0.955,0.95511,1.00,1.85
2014.08.01 18:16:04.474,0.95498,0.95509,1.25,1.00
2014.08.01 18:16:04.977,0.95498,0.95509,1.25,1.08
2014.08.01 18:16:05.475,0.955,0.95509,1.00,1.08
2014.08.01 18:16:14.538,0.95498,0.95509,1.00,1.33
2014.08.01 18:16:17.524,0.95498,0.95509,1.00,1.02
2014.08.01 18:16:20.840,0.95498,0.95509,1.00,1.65
2014.08.01 18:16:20.942,0.95496,0.95507,1.50,1.08
2014.08.01 18:16:21.246,0.95494,0.95504,1.00,1.33
2014.08.01 18:16:21.405,0.95492,0.95503,1.00,1.10
2014.08.01 18:16:22.450,0.95492,0.95501,1.00,1.00
2014.08.01 18:16:30.049,0.95491,0.955,1.00,1.00
2014.08.01 18:16:30.655,0.9549,0.95501,1.00,1.09
2014.08.01 18:16:31.161,0.95492,0.95501,1.00,1.20
2014.08.01 18:16:43.993,0.95493,0.95501,1.00,1.00
2014.08.01 18:16:45.848,0.95492,0.95501,1.50,1.00
2014.08.01 18:16:50.188,0.95492,0.95503,1.50,1.77
2014.08.01 18:16:51.490,0.95492,0.95501,1.50,1.00
2014.08.01 18:16:52.295,0.95492,0.95503,1.50,1.10
2014.08.01 18:16:52.901,0.95493,0.95503,1.00,1.10
2014.08.01 18:16:53.003,0.95495,0.95503,1.50,1.00
2014.08.01 18:16:53.205,0.95496,0.95507,1.00,1.25
2014.08.01 18:16:53.408,0.95498,0.95507,1.00,1.00
2014.08.01 18:17:00.138,0.95498,0.95509,1.00,2.52
2014.08.01 18:17:00.659,0.95499,0.9551,1.00,2.22
2014.08.01 18:17:04.045,0.95498,0.95509,1.10,1.10
2014.08.01 18:17:06.758,0.95497,0.95508,1.84,1.00
2014.08.01 18:17:06.859,0.95496,0.95507,1.58,1.00
2014.08.01 18:17:07.397,0.95497,0.95508,1.00,3.27
2014.08.01 18:17:07.940,0.95497,0.95508,1.00,2.33
2014.08.01 18:17:24.060,0.95498,0.95508,1.00,1.00
2014.08.01 18:17:24.597,0.95498,0.95509,1.00,1.10
2014.08.01 18:17:44.250,0.95499,0.95509,1.00,1.00
2014.08.01 18:17:46.308,0.95498,0.95509,1.50,1.00
2014.08.01 18:17:49.354,0.95499,0.95509,1.00,1.00
2014.08.01 18:17:52.146,0.95499,0.9551,1.50,1.58
2014.08.01 18:17:52.817,0.955,0.9551,1.00,1.10
2014.08.01 18:17:53.311,0.95502,0.95511,1.00,1.00
2014.08.01 18:17:53.615,0.95509,0.95517,1.00,1.00
2014.08.01 18:17:53.918,0.95515,0.95519,1.00,1.00
2014.08.01 18:17:53.969,0.95509,0.95519,1.08,1.10
2014.08.01 18:17:54.070,0.95507,0.95518,1.69,1.10
2014.08.01 18:17:55.052,0.95508,0.95518,1.00,1.50
2014.08.01 18:17:55.727,0.95508,0.95517,1.00,1.00
2014.08.01 18:17:55.828,0.95507,0.95516,1.00,1.58
2014.08.01 18:17:56.030,0.95504,0.95513,1.00,1.10
2014.08.01 18:17:58.278,0.95503,0.95512,1.00,1.00
2014.08.01 18:18:04.162,0.95503,0.95514,1.00,1.65
2014.08.01 18:18:05.460,0.95503,0.95514,1.38,1.65
2014.08.01 18:18:05.715,0.95508,0.95517,1.00,1.00
2014.08.01 18:18:05.766,0.95508,0.95519,1.00,1.09
2014.08.01 18:18:05.969,0.9551,0.9552,1.00,2.22
2014.08.01 18:18:06.272,0.9551,0.95519,1.00,1.65
2014.08.01 18:18:06.779,0.9551,0.95519,1.00,1.18
2014.08.01 18:18:08.677,0.95507,0.95518,1.13,1.10
2014.08.01 18:18:08.728,0.95507,0.95518,1.00,1.48
2014.08.01 18:18:09.040,0.95503,0.95512,1.69,1.15
2014.08.01 18:18:09.142,0.95501,0.95512,1.69,1.18
2014.08.01 18:18:20.138,0.95501,0.95512,3.19,1.18
2014.08.01 18:18:21.253,0.95501,0.95512,2.25,1.18
2014.08.01 18:18:27.327,0.95502,0.95513,1.00,1.65
2014.08.01 18:18:36.330,0.95503,0.95514,1.00,1.15
2014.08.01 18:18:36.432,0.95503,0.95514,1.00,1.10
2014.08.01 18:18:37.299,0.95503,0.95514,1.00,1.08
2014.08.01 18:18:38.203,0.95505,0.95514,1.00,1.08
2014.08.01 18:18:38.506,0.95508,0.95517,1.00,3.83
2014.08.01 18:18:38.610,0.95508,0.95517,1.50,1.50
2014.08.01 18:18:38.813,0.9551,0.95517,1.00,1.00
2014.08.01 18:18:38.864,0.9551,0.95519,1.00,1.00
2014.08.01 18:18:39.167,0.9551,0.95519,1.00,1.65
2014.08.01 18:18:39.269,0.9551,0.95519,1.00,1.58
2014.08.01 18:18:41.021,0.95507,0.95515,1.00,1.00
2014.08.01 18:18:41.123,0.95507,0.95517,1.00,1.10
2014.08.01 18:18:41.225,0.95507,0.95515,1.00,1.00
2014.08.01 18:18:41.478,0.95504,0.95515,1.50,1.20
2014.08.01 18:18:42.022,0.95504,0.95515,1.50,1.65
2014.08.01 18:18:42.587,0.95504,0.95514,1.00,1.18
2014.08.01 18:18:44.414,0.95503,0.95514,1.50,1.18
2014.08.01 18:18:51.366,0.95502,0.95513,1.13,1.10
2014.08.01 18:18:51.569,0.95501,0.95512,1.50,1.69
2014.08.01 18:18:54.084,0.95501,0.9551,1.00,1.00
2014.08.01 18:19:07.909,0.95501,0.95512,1.00,1.33
2014.08.01 18:19:17.552,0.95502,0.95512,1.00,1.08
2014.08.01 18:19:23.574,0.95501,0.95512,1.50,1.77
2014.08.01 18:19:25.537,0.95502,0.95513,1.00,1.18
2014.08.01 18:19:25.846,0.95504,0.95513,1.00,1.18
2014.08.01 18:19:28.524,0.95503,0.95513,1.00,1.18
2014.08.01 18:19:29.116,0.95503,0.95513,1.00,1.18
2014.08.01 18:19:31.308,0.95501,0.95512,1.50,1.10
2014.08.01 18:19:34.286,0.95501,0.95512,1.50,1.20
2014.08.01 18:19:37.214,0.95502,0.95512,1.00,1.20
2014.08.01 18:19:37.814,0.95503,0.95512,1.00,1.20
2014.08.01 18:19:42.021,0.95501,0.95512,1.50,1.20
2014.08.01 18:19:46.124,0.95502,0.95512,1.00,1.20
2014.08.01 18:19:49.129,0.95503,0.95512,1.00,1.20
2014.08.01 18:19:52.090,0.95502,0.95512,1.00,1.20
2014.08.01 18:19:55.065,0.95501,0.95512,1.50,1.20
2014.08.01 18:19:58.752,0.95502,0.95513,1.00,1.84
2014.08.01 18:20:01.088,0.95502,0.95511,1.00,1.00
2014.08.01 18:20:01.645,0.95503,0.95512,1.00,1.20
2014.08.01 18:20:02.168,0.95502,0.95513,1.00,1.40
2014.08.01 18:20:02.671,0.95502,0.95511,1.50,1.00
2014.08.01 18:20:03.500,0.95502,0.95513,1.50,1.15
2014.08.01 18:20:04.988,0.95502,0.95511,1.00,1.00
2014.08.01 18:20:05.517,0.95501,0.95512,1.50,1.09
2014.08.01 18:20:06.018,0.95502,0.95513,1.00,1.84
2014.08.01 18:20:08.765,0.95502,0.95513,1.58,1.08
2014.08.01 18:20:09.119,0.95503,0.95514,1.50,1.10
2014.08.01 18:20:09.220,0.95503,0.95511,1.00,1.00
2014.08.01 18:20:09.676,0.95501,0.95512,1.69,1.00
2014.08.01 18:20:10.311,0.95502,0.95513,1.00,1.02
2014.08.01 18:20:11.139,0.95503,0.95514,1.00,1.20
2014.08.01 18:20:11.294,0.95502,0.95513,1.69,1.08
2014.08.01 18:20:22.696,0.95502,0.95513,1.58,1.65
2014.08.01 18:20:25.308,0.95502,0.95513,1.00,2.59
2014.08.01 18:20:26.310,0.95502,0.95513,1.00,1.84
2014.08.01 18:20:33.370,0.95501,0.95512,1.69,1.00
2014.08.01 18:20:36.168,0.95502,0.95513,1.00,1.84
2014.08.01 18:20:38.265,0.95502,0.95513,1.50,1.65
2014.08.01 18:20:41.234,0.95502,0.95513,1.00,1.65
2014.08.01 18:20:42.595,0.95501,0.95512,1.00,1.00
2014.08.01 18:20:42.943,0.95503,0.95512,1.00,1.00
2014.08.01 18:20:43.292,0.95501,0.95512,1.00,1.00
2014.08.01 18:20:45.069,0.95502,0.95513,1.00,1.84
2014.08.01 18:20:45.976,0.95501,0.95512,1.50,1.00
2014.08.01 18:20:46.077,0.95501,0.9551,1.00,1.00
2014.08.01 18:20:58.303,0.95501,0.95509,1.00,2.25
2014.08.01 18:20:58.405,0.95499,0.95507,1.00,1.00
2014.08.01 18:20:58.963,0.95497,0.95507,1.77,1.50
2014.08.01 18:20:59.880,0.95497,0.95508,1.33,1.00
2014.08.01 18:21:00.032,0.955,0.95509,1.00,1.32
2014.08.01 18:21:00.133,0.95497,0.95508,2.14,1.00
2014.08.01 18:21:02.192,0.95497,0.95507,1.58,1.00
2014.08.01 18:21:03.003,0.95497,0.95508,1.77,1.13
2014.08.01 18:21:03.256,0.95497,0.95508,1.84,1.13
2014.08.01 18:21:03.801,0.95497,0.95508,2.59,1.00
2014.08.01 18:21:05.526,0.95499,0.9551,1.00,2.44
2014.08.01 18:21:06.044,0.95499,0.9551,1.00,1.50
2014.08.01 18:21:07.630,0.955,0.95511,1.00,1.32
2014.08.01 18:21:13.741,0.955,0.95509,1.00,1.00
2014.08.01 18:21:14.045,0.95497,0.95506,1.00,1.50
2014.08.01 18:21:14.487,0.95495,0.95504,1.00,1.00
2014.08.01 18:21:14.992,0.95495,0.95505,1.08,1.13
2014.08.01 18:21:15.554,0.95495,0.95506,1.08,1.50
2014.08.01 18:21:16.064,0.95496,0.95507,1.10,1.00
2014.08.01 18:21:16.766,0.95497,0.95508,1.00,1.02
2014.08.01 18:21:20.582,0.95497,0.95508,1.00,1.77
2014.08.01 18:21:20.684,0.95495,0.95506,1.95,1.00
2014.08.01 18:21:20.946,0.95497,0.95508,1.00,3.27
2014.08.01 18:21:21.351,0.95498,0.95509,1.00,1.25
2014.08.01 18:21:21.875,0.95496,0.95507,2.03,1.00
2014.08.01 18:21:22.186,0.95496,0.95505,1.13,1.00
2014.08.01 18:21:23.418,0.95496,0.95507,1.69,1.00
2014.08.01 18:21:23.921,0.95497,0.95508,1.10,1.32
2014.08.01 18:21:29.258,0.95496,0.95507,2.59,1.00
2014.08.01 18:21:29.764,0.95496,0.95507,1.10,1.00
2014.08.01 18:21:29.865,0.95495,0.95503,1.08,1.00
2014.08.01 18:21:30.118,0.95492,0.95502,1.08,1.25
2014.08.01 18:21:30.371,0.95491,0.95502,1.00,1.77
2014.08.01 18:21:30.574,0.95491,0.955,1.00,1.00
2014.08.01 18:21:33.218,0.95495,0.95502,1.00,1.00
2014.08.01 18:21:33.421,0.95496,0.95505,1.10,1.00
2014.08.01 18:21:33.857,0.95496,0.95507,1.20,1.13
2014.08.01 18:21:35.006,0.95497,0.95508,1.00,1.58
2014.08.01 18:21:37.709,0.95497,0.95507,1.00,1.00
2014.08.01 18:21:37.911,0.95496,0.95502,1.00,1.00
2014.08.01 18:21:38.883,0.95496,0.95503,1.00,1.00
2014.08.01 18:21:39.150,0.95496,0.95505,1.00,1.50
2014.08.01 18:21:39.506,0.95496,0.95507,1.00,1.32
2014.08.01 18:21:42.422,0.95497,0.95507,1.00,1.00
2014.08.01 18:21:42.938,0.95496,0.95507,1.10,1.00
2014.08.01 18:21:45.853,0.95496,0.95504,1.10,1.00
2014.08.01 18:21:46.408,0.95493,0.95502,1.84,1.50
2014.08.01 18:21:46.926,0.95492,0.95503,1.00,1.25
2014.08.01 18:21:56.219,0.95491,0.95502,1.50,1.10
2014.08.01 18:21:58.179,0.95491,0.95502,1.00,1.77
2014.08.01 18:21:59.068,0.95493,0.95502,1.00,1.77
2014.08.01 18:21:59.587,0.95493,0.95502,1.00,1.10
2014.08.01 18:22:00.053,0.9549,0.95501,1.10,1.50
2014.08.01 18:22:00.104,0.9549,0.955,1.10,1.19
2014.08.01 18:22:00.457,0.95492,0.955,1.00,1.19
2014.08.01 18:22:01.430,0.95492,0.95501,1.00,2.44
2014.08.01 18:22:02.458,0.95492,0.955,1.00,1.00
2014.08.01 18:22:02.660,0.95492,0.95498,1.00,1.00
2014.08.01 18:22:03.170,0.95491,0.95499,1.00,1.00
2014.08.01 18:22:07.373,0.95491,0.955,1.00,1.25
2014.08.01 18:22:12.694,0.95493,0.95502,1.00,1.84
2014.08.01 18:22:12.897,0.95494,0.95505,1.58,2.25
2014.08.01 18:22:12.998,0.95492,0.95501,1.00,1.00
2014.08.01 18:22:13.705,0.9549,0.95501,1.50,1.02
2014.08.01 18:22:13.756,0.9549,0.95501,1.00,1.84
2014.08.01 18:22:14.288,0.95488,0.95499,1.00,1.13
2014.08.01 18:22:18.685,0.95489,0.955,1.00,1.84
2014.08.01 18:22:24.363,0.95489,0.955,1.00,2.22
2014.08.01 18:22:27.125,0.95491,0.955,1.00,1.20
2014.08.01 18:22:27.650,0.95489,0.95498,1.00,1.00
2014.08.01 18:22:29.234,0.95491,0.955,1.00,1.00
2014.08.01 18:22:39.237,0.95491,0.95502,1.00,1.28
2014.08.01 18:22:40.632,0.95487,0.95493,1.95,1.00
2014.08.01 18:22:40.834,0.95485,0.95499,1.50,2.59
2014.08.01 18:22:40.986,0.95485,0.95499,2.40,2.44
2014.08.01 18:22:41.037,0.95489,0.95498,1.00,1.25
2014.08.01 18:22:41.442,0.95489,0.955,1.00,1.77
2014.08.01 18:22:44.586,0.95488,0.955,1.00,1.58
2014.08.01 18:22:48.281,0.95489,0.955,1.00,1.77
2014.08.01 18:22:49.654,0.95486,0.95494,1.02,1.00
2014.08.01 18:22:49.958,0.95483,0.95491,1.00,1.69
2014.08.01 18:22:50.261,0.95481,0.95491,1.00,1.69
2014.08.01 18:22:50.566,0.95483,0.95491,1.00,1.19
2014.08.01 18:22:50.677,0.95481,0.95491,1.00,1.19
2014.08.01 18:22:50.892,0.95483,0.95491,1.00,1.19
2014.08.01 18:22:51.095,0.95481,0.95491,1.00,1.19
2014.08.01 18:22:51.297,0.95481,0.95493,1.18,2.44
2014.08.01 18:22:51.804,0.95483,0.95493,1.10,2.44
2014.08.01 18:22:53.902,0.95483,0.95492,1.00,1.39
2014.08.01 18:22:54.621,0.95484,0.95492,1.00,1.39
2014.08.01 18:22:55.504,0.95481,0.95492,1.00,1.77
2014.08.01 18:22:55.807,0.95486,0.95492,1.00,1.00
2014.08.01 18:22:56.107,0.95481,0.95492,1.18,1.00
2014.08.01 18:22:56.418,0.95484,0.95494,1.00,3.19
2014.08.01 18:22:56.721,0.95481,0.95492,1.18,1.19
2014.08.01 18:22:57.270,0.95481,0.95492,1.20,1.19
2014.08.01 18:22:57.597,0.95484,0.95492,1.00,1.19
2014.08.01 18:22:58.588,0.95484,0.95494,1.00,1.84
2014.08.01 18:22:59.138,0.95483,0.95492,1.00,1.13
2014.08.01 18:22:59.240,0.95481,0.95492,1.00,1.13
2014.08.01 18:23:01.492,0.95481,0.95491,1.00,1.00
2014.08.01 18:23:04.451,0.95481,0.95492,1.00,1.32
2014.08.01 18:23:08.819,0.95481,0.95492,1.00,2.44
2014.08.01 18:23:09.361,0.95481,0.95492,1.00,3.19
2014.08.01 18:23:10.549,0.95481,0.95492,1.00,3.19
2014.08.01 18:23:13.234,0.95484,0.95491,1.00,1.32
2014.08.01 18:23:13.775,0.95483,0.95491,1.00,1.13
2014.08.01 18:23:14.560,0.95482,0.95491,1.00,1.13
2014.08.01 18:23:14.878,0.9548,0.95487,1.00,1.88
2014.08.01 18:23:15.448,0.9548,0.95485,1.00,1.00
2014.08.01 18:23:15.992,0.9548,0.95487,1.00,1.88
2014.08.01 18:23:16.331,0.9548,0.95488,1.00,1.25
2014.08.01 18:23:16.483,0.9548,0.9549,1.00,1.25
2014.08.01 18:23:17.352,0.9548,0.95491,1.00,1.13
2014.08.01 18:23:17.921,0.9548,0.95491,1.08,1.13
2014.08.01 18:23:18.023,0.95481,0.95491,1.20,1.32
2014.08.01 18:23:18.524,0.95481,0.95491,1.00,1.32
2014.08.01 18:23:19.462,0.95481,0.95492,1.00,2.59
2014.08.01 18:23:20.360,0.95482,0.95492,1.00,1.84
2014.08.01 18:23:22.492,0.95482,0.95492,1.00,1.84
2014.08.01 18:23:31.116,0.95482,0.95491,1.00,1.69
2014.08.01 18:23:36.513,0.95484,0.9549,1.00,1.00
2014.08.01 18:23:37.022,0.95483,0.95491,1.00,1.25
2014.08.01 18:23:43.745,0.95483,0.95492,1.00,1.25
2014.08.01 18:23:44.048,0.95486,0.95492,1.00,1.00
2014.08.01 18:23:44.099,0.95486,0.95495,1.50,1.32
2014.08.01 18:23:45.443,0.95488,0.95496,1.00,1.00
2014.08.01 18:23:45.494,0.95488,0.95499,1.00,3.15
2014.08.01 18:23:45.646,0.9549,0.95499,1.00,1.69
2014.08.01 18:23:45.857,0.95488,0.95499,1.10,1.25
2014.08.01 18:23:46.373,0.95487,0.95497,1.08,1.69
2014.08.01 18:23:46.677,0.95486,0.95495,1.50,1.69
2014.08.01 18:23:48.978,0.95486,0.95494,1.00,1.00
2014.08.01 18:23:49.512,0.95486,0.95494,1.00,1.50
2014.08.01 18:23:51.675,0.95483,0.95494,1.00,1.50
2014.08.01 18:23:59.670,0.95483,0.95494,1.00,1.00
2014.08.01 18:24:03.144,0.95484,0.95494,1.00,1.25
2014.08.01 18:24:07.004,0.95485,0.95494,1.00,1.00
2014.08.01 18:24:07.997,0.95485,0.95496,1.00,1.84
2014.08.01 18:24:08.048,0.95488,0.95496,1.00,1.84
2014.08.01 18:24:08.200,0.95488,0.95497,1.50,1.25
2014.08.01 18:24:08.711,0.95488,0.95496,1.00,1.10
2014.08.01 18:24:10.221,0.95488,0.95494,1.00,1.13
2014.08.01 18:24:10.272,0.95486,0.95493,1.00,1.25
2014.08.01 18:24:10.820,0.95486,0.95493,1.00,1.77
2014.08.01 18:24:12.224,0.95489,0.95493,1.00,1.10
2014.08.01 18:24:12.769,0.95489,0.95493,1.00,1.77
2014.08.01 18:24:13.277,0.95489,0.95494,1.00,1.20
2014.08.01 18:24:13.328,0.95489,0.95496,1.00,1.09
2014.08.01 18:24:13.530,0.95485,0.95493,1.00,1.00
2014.08.01 18:24:13.631,0.9549,0.95496,1.00,2.07
2014.08.01 18:24:14.494,0.9549,0.95494,1.00,1.00
2014.08.01 18:24:14.848,0.9549,0.95496,1.00,1.00
2014.08.01 18:24:14.899,0.95492,0.95497,1.00,1.25
2014.08.01 18:24:15.405,0.95492,0.95498,1.00,1.00
2014.08.01 18:24:15.455,0.95493,0.95501,1.00,1.25
2014.08.01 18:24:15.556,0.95494,0.95502,1.00,1.32
2014.08.01 18:24:15.658,0.95489,0.95499,3.08,1.38
2014.08.01 18:24:15.759,0.95491,0.95499,1.00,1.38
2014.08.01 18:24:16.205,0.95493,0.95497,1.00,1.00
2014.08.01 18:24:16.307,0.95493,0.95499,1.00,1.00
2014.08.01 18:24:16.859,0.95492,0.95499,1.00,1.00
2014.08.01 18:24:17.203,0.95493,0.95501,1.00,1.00
2014.08.01 18:24:17.797,0.95494,0.95502,1.00,1.25
2014.08.01 18:24:19.434,0.95494,0.95503,1.00,1.69
2014.08.01 18:24:20.363,0.95494,0.95502,1.00,1.25
2014.08.01 18:24:21.364,0.95494,0.95503,1.00,1.00
2014.08.01 18:24:25.676,0.95494,0.95503,1.00,1.69
2014.08.01 18:24:26.680,0.95494,0.95503,1.00,1.25
2014.08.01 18:24:27.682,0.95494,0.95503,1.00,1.69
2014.08.01 18:24:28.887,0.95494,0.95503,1.00,1.00
2014.08.01 18:24:36.457,0.95497,0.95505,1.00,1.20
2014.08.01 18:24:36.994,0.95497,0.95506,1.00,2.82
2014.08.01 18:24:37.613,0.95497,0.95506,1.00,1.32
2014.08.01 18:24:38.617,0.95497,0.95505,1.00,1.19
2014.08.01 18:24:38.769,0.95494,0.95502,1.00,1.00
2014.08.01 18:24:39.072,0.95496,0.95506,1.00,1.77
2014.08.01 18:24:39.123,0.95496,0.95506,1.00,1.77
2014.08.01 18:24:39.326,0.95497,0.95508,1.50,2.89
2014.08.01 18:24:39.832,0.95497,0.95506,1.50,1.00
2014.08.01 18:24:46.344,0.95495,0.95504,1.00,1.88
2014.08.01 18:24:46.886,0.95494,0.95502,1.00,1.13
2014.08.01 18:24:51.825,0.95494,0.95501,1.00,1.00
2014.08.01 18:25:03.420,0.95488,0.95496,1.90,1.00
2014.08.01 18:25:03.521,0.95491,0.95497,1.10,1.25
2014.08.01 18:25:03.824,0.95488,0.95497,1.00,1.25
2014.08.01 18:25:04.828,0.95488,0.95496,1.00,1.00
2014.08.01 18:25:09.769,0.95486,0.95497,1.00,1.50
2014.08.01 18:25:09.871,0.95486,0.95493,1.00,1.00
2014.08.01 18:25:10.124,0.95484,0.95493,1.50,1.00
2014.08.01 18:25:10.327,0.95482,0.95493,1.50,1.58
2014.08.01 18:25:10.377,0.95482,0.95489,1.00,1.25
2014.08.01 18:25:10.529,0.9548,0.95488,1.50,1.00
2014.08.01 18:25:10.839,0.9548,0.9549,1.50,1.13
2014.08.01 18:25:11.150,0.95482,0.95492,1.00,1.48
2014.08.01 18:25:11.201,0.95482,0.95492,1.50,1.10
2014.08.01 18:25:11.353,0.95483,0.95489,1.00,1.00
2014.08.01 18:25:14.200,0.9548,0.95489,1.00,1.00
2014.08.01 18:25:17.160,0.9548,0.9549,1.00,1.00
2014.08.01 18:25:17.700,0.95481,0.95491,1.00,1.25
2014.08.01 18:25:18.491,0.95482,0.95492,1.00,1.00
2014.08.01 18:25:18.542,0.95482,0.95494,1.10,1.69
2014.08.01 18:25:18.593,0.95484,0.95493,1.00,1.00
2014.08.01 18:25:20.158,0.95488,0.95494,1.00,1.13
2014.08.01 18:25:20.310,0.95488,0.95497,1.10,2.25
2014.08.01 18:25:20.901,0.95488,0.95498,1.50,1.25
2014.08.01 18:25:22.393,0.95488,0.95499,1.50,2.44
2014.08.01 18:25:23.966,0.95488,0.95498,1.50,1.00
2014.08.01 18:25:27.035,0.95488,0.95495,1.00,1.00
2014.08.01 18:25:28.164,0.95488,0.95497,1.00,1.50
2014.08.01 18:25:28.366,0.95487,0.95496,1.00,1.18
2014.08.01 18:25:28.710,0.95487,0.95493,1.00,1.00
2014.08.01 18:25:28.822,0.95485,0.95492,1.00,1.00
2014.08.01 18:25:29.405,0.95484,0.95493,1.00,1.50
2014.08.01 18:25:30.070,0.95484,0.95493,1.00,2.07
2014.08.01 18:25:30.222,0.9548,0.95488,1.00,1.00
2014.08.01 18:25:30.475,0.95478,0.95488,1.00,1.58
2014.08.01 18:25:30.678,0.95478,0.95484,1.00,1.00
2014.08.01 18:25:30.982,0.95476,0.9548,1.00,1.00
2014.08.01 18:25:31.033,0.95474,0.9548,1.00,1.00
2014.08.01 18:25:31.420,0.95473,0.95477,1.00,1.00
2014.08.01 18:25:31.572,0.95474,0.95479,1.00,1.00
2014.08.01 18:25:33.659,0.95474,0.9548,1.00,1.00
2014.08.01 18:25:33.730,0.95474,0.95482,1.00,1.00
2014.08.01 18:25:34.299,0.95474,0.95483,1.00,1.25
2014.08.01 18:25:35.259,0.95474,0.95483,1.00,2.44
2014.08.01 18:25:36.334,0.95474,0.95483,1.00,1.69
2014.08.01 18:25:37.934,0.95474,0.95481,1.00,1.00
2014.08.01 18:25:46.406,0.95474,0.95483,1.00,1.69
2014.08.01 18:25:46.458,0.95476,0.95483,1.00,1.25
2014.08.01 18:25:46.560,0.95477,0.95485,1.13,1.00
2014.08.01 18:25:46.762,0.95478,0.95487,1.00,1.00
2014.08.01 18:25:46.914,0.95478,0.95489,1.50,1.25
2014.08.01 18:25:46.965,0.9548,0.95489,1.00,1.25
2014.08.01 18:25:47.341,0.95482,0.9549,1.00,1.19
2014.08.01 18:25:47.870,0.95482,0.95491,1.00,1.25
2014.08.01 18:25:52.042,0.9548,0.95491,1.50,1.00
2014.08.01 18:25:52.358,0.95479,0.95488,1.00,1.00
2014.08.01 18:25:52.862,0.95478,0.95488,1.00,1.00
2014.08.01 18:25:53.439,0.95477,0.95488,1.20,1.13
2014.08.01 18:25:53.961,0.95478,0.95489,1.00,1.69
2014.08.01 18:25:54.265,0.95478,0.95487,1.50,1.00
2014.08.01 18:25:55.698,0.95479,0.9549,1.00,2.44
2014.08.01 18:25:56.640,0.95479,0.9549,1.50,1.50
2014.08.01 18:26:28.289,0.95479,0.95489,1.00,1.00
2014.08.01 18:26:33.349,0.95478,0.95488,1.10,1.00
2014.08.01 18:26:33.872,0.95476,0.95487,1.84,1.00
2014.08.01 18:26:34.940,0.95477,0.95488,1.20,1.13
2014.08.01 18:26:35.143,0.95479,0.9549,1.13,1.95
2014.08.01 18:26:35.446,0.9548,0.95491,1.08,3.19
2014.08.01 18:26:35.667,0.9548,0.95491,1.08,1.25
2014.08.01 18:26:37.087,0.95479,0.9549,2.03,1.00
2014.08.01 18:26:39.842,0.95479,0.9549,2.14,1.00
2014.08.01 18:26:44.354,0.95479,0.9549,2.89,1.00
2014.08.01 18:26:45.410,0.95479,0.9549,2.14,1.00
2014.08.01 18:26:46.433,0.95479,0.9549,2.14,1.50
2014.08.01 18:26:49.526,0.95479,0.9549,1.95,1.13
2014.08.01 18:26:54.079,0.95479,0.95488,1.13,1.00
2014.08.01 18:26:54.585,0.95477,0.95488,1.77,1.50
2014.08.01 18:26:55.088,0.95477,0.95488,1.10,1.50
2014.08.01 18:26:55.649,0.95477,0.95488,1.48,1.50
2014.08.01 18:26:55.700,0.95479,0.9549,1.00,1.69
2014.08.01 18:27:02.048,0.95479,0.9549,1.00,2.07
2014.08.01 18:27:02.099,0.95479,0.95487,1.00,1.00
2014.08.01 18:27:02.402,0.95477,0.95487,1.10,1.00
2014.08.01 18:27:03.701,0.95479,0.95488,1.00,1.25
2014.08.01 18:27:04.617,0.9548,0.95489,1.00,1.00
2014.08.01 18:27:10.604,0.95478,0.95489,1.00,1.25
2014.08.01 18:27:11.151,0.95478,0.95489,1.00,2.44
2014.08.01 18:27:11.712,0.95478,0.95489,1.18,2.44
2014.08.01 18:27:12.220,0.95478,0.95489,1.18,1.32
2014.08.01 18:27:13.512,0.95478,0.95489,1.65,1.25
2014.08.01 18:27:17.338,0.95479,0.9549,1.10,1.32
2014.08.01 18:27:25.354,0.95479,0.9549,1.10,1.69
2014.08.01 18:27:27.290,0.95478,0.95488,1.58,1.00
2014.08.01 18:27:28.415,0.95478,0.95489,1.08,1.00
2014.08.01 18:27:29.039,0.95479,0.9549,1.10,1.50
2014.08.01 18:27:33.877,0.9548,0.9549,1.00,1.00
2014.08.01 18:27:34.538,0.9548,0.95491,1.00,1.10
2014.08.01 18:27:34.855,0.9548,0.95491,1.00,3.64
2014.08.01 18:27:36.498,0.9548,0.9549,1.00,1.00
2014.08.01 18:27:37.947,0.9548,0.95489,1.00,1.00
2014.08.01 18:27:55.573,0.95481,0.9549,1.00,1.50
2014.08.01 18:27:56.819,0.95479,0.9549,1.77,1.50
2014.08.01 18:27:57.359,0.95479,0.9549,2.52,1.50
2014.08.01 18:27:57.411,0.95482,0.9549,1.00,1.00
2014.08.01 18:27:57.462,0.95482,0.95492,1.00,1.25
2014.08.01 18:27:58.042,0.95482,0.95492,1.00,1.09
2014.08.01 18:28:00.297,0.9548,0.95489,1.00,1.00
2014.08.01 18:28:05.009,0.95482,0.95493,1.00,1.40
2014.08.01 18:28:05.060,0.95482,0.95493,1.00,1.02
2014.08.01 18:28:05.161,0.95482,0.95493,1.00,1.40
2014.08.01 18:28:06.412,0.9548,0.9549,1.00,1.00
2014.08.01 18:28:08.086,0.95479,0.9549,1.25,1.00
2014.08.01 18:28:11.228,0.9548,0.95491,1.00,1.02
2014.08.01 18:28:13.631,0.95479,0.9549,1.50,1.00
2014.08.01 18:28:15.867,0.95482,0.9549,1.00,1.25
2014.08.01 18:28:16.221,0.95484,0.95496,1.00,3.15
2014.08.01 18:28:16.323,0.95486,0.95496,1.00,1.58
2014.08.01 18:28:16.626,0.95482,0.95493,2.25,1.10
2014.08.01 18:28:16.948,0.9548,0.95491,2.40,1.00
2014.08.01 18:28:17.523,0.95479,0.9549,1.95,1.00
2014.08.01 18:28:25.627,0.95479,0.9549,1.08,1.69
2014.08.01 18:28:25.728,0.95475,0.95486,1.95,1.69
2014.08.01 18:28:25.830,0.95474,0.95482,1.58,1.00
2014.08.01 18:28:25.981,0.95472,0.95481,1.00,1.50
2014.08.01 18:28:27.958,0.95473,0.95484,1.00,1.77
2014.08.01 18:28:28.479,0.95473,0.95484,1.08,1.25
2014.08.01 18:28:28.581,0.95476,0.95486,1.00,1.58
2014.08.01 18:28:28.632,0.95476,0.95487,1.08,2.82
2014.08.01 18:28:29.174,0.95478,0.95487,1.10,1.00
2014.08.01 18:28:30.594,0.95481,0.95489,1.00,1.29
2014.08.01 18:28:30.897,0.95481,0.95489,1.15,1.19
2014.08.01 18:28:30.948,0.95481,0.95491,1.15,1.19
2014.08.01 18:28:32.639,0.9548,0.95491,1.65,1.69
2014.08.01 18:28:34.653,0.95481,0.95491,1.15,1.19
2014.08.01 18:28:34.805,0.95484,0.95492,1.18,1.69
2014.08.01 18:28:35.058,0.95482,0.95491,1.18,1.25
2014.08.01 18:28:35.261,0.95483,0.95493,1.15,1.00
2014.08.01 18:28:35.769,0.95484,0.95492,1.15,1.00
2014.08.01 18:28:36.808,0.95481,0.9549,6.08,1.00
2014.08.01 18:28:36.910,0.95481,0.9549,3.83,1.00
2014.08.01 18:28:37.416,0.95485,0.9549,1.00,1.00
2014.08.01 18:28:37.631,0.95485,0.95493,1.08,1.19
2014.08.01 18:28:37.682,0.95485,0.95494,1.08,1.25
2014.08.01 18:28:38.603,0.95483,0.95492,1.15,1.69
2014.08.01 18:28:38.754,0.95481,0.95492,1.88,2.44
2014.08.01 18:28:39.376,0.95481,0.9549,1.13,1.00
2014.08.01 18:28:39.906,0.9548,0.9549,1.00,1.69
2014.08.01 18:28:40.807,0.9548,0.9549,1.00,1.25
2014.08.01 18:28:46.698,0.9548,0.95489,1.10,1.19
2014.08.01 18:28:46.799,0.95477,0.95487,1.00,1.25
2014.08.01 18:28:46.901,0.95476,0.95485,1.58,1.00
2014.08.01 18:29:02.580,0.95476,0.95487,1.00,1.00
2014.08.01 18:29:03.604,0.95476,0.95487,1.00,1.69
2014.08.01 18:29:04.583,0.95476,0.95487,1.00,1.25
2014.08.01 18:29:05.586,0.95476,0.95487,1.00,1.69
2014.08.01 18:29:09.795,0.95476,0.95486,1.00,1.19
2014.08.01 18:29:13.810,0.95477,0.95486,1.00,1.25
2014.08.01 18:29:16.377,0.95477,0.95488,1.00,1.10
2014.08.01 18:29:18.525,0.95477,0.95488,1.77,1.00
2014.08.01 18:29:18.931,0.9548,0.9549,1.00,1.19
2014.08.01 18:29:18.982,0.9548,0.95491,1.10,1.25
2014.08.01 18:29:23.346,0.9548,0.95491,1.18,1.25
2014.08.01 18:29:29.700,0.9548,0.95491,1.65,1.69
2014.08.01 18:29:34.072,0.9548,0.95491,1.65,1.00
2014.08.01 18:29:41.876,0.95479,0.9549,1.15,1.00
2014.08.01 18:29:41.977,0.95478,0.95489,2.33,1.00
2014.08.01 18:29:42.331,0.95477,0.95488,1.00,1.69
2014.08.01 18:29:42.844,0.95477,0.95486,1.00,1.00
2014.08.01 18:29:47.281,0.95476,0.95485,1.00,1.00
2014.08.01 18:29:49.392,0.95477,0.95486,1.00,1.00
2014.08.01 18:29:51.482,0.95475,0.95486,1.58,1.00
2014.08.01 18:29:52.186,0.95476,0.95487,1.00,1.69
2014.08.01 18:29:54.071,0.95476,0.95487,1.00,1.25
2014.08.01 18:29:54.632,0.95477,0.95488,1.00,1.02
2014.08.01 18:29:55.143,0.95476,0.95487,1.00,1.00
2014.08.01 18:29:56.237,0.95476,0.95487,1.00,1.33
2014.08.01 18:30:03.040,0.95478,0.95487,1.00,1.69
2014.08.01 18:30:03.980,0.95478,0.95487,1.00,1.00
2014.08.01 18:30:12.399,0.95478,0.95487,1.00,1.69
2014.08.01 18:30:13.404,0.95478,0.95487,1.00,1.00
2014.08.01 18:30:15.442,0.95479,0.95489,1.25,1.08
2014.08.01 18:30:15.644,0.95482,0.95493,1.00,2.40
2014.08.01 18:30:16.402,0.95482,0.95493,1.50,1.38
2014.08.01 18:30:16.453,0.95479,0.9549,1.33,1.00
2014.08.01 18:30:16.757,0.95478,0.95488,1.15,1.00
2014.08.01 18:30:16.859,0.95478,0.95488,1.00,1.00
2014.08.01 18:30:16.961,0.95481,0.95491,1.00,1.84
2014.08.01 18:30:17.467,0.9548,0.95489,1.00,1.25
2014.08.01 18:30:17.670,0.95477,0.95488,1.50,1.10
2014.08.01 18:30:18.175,0.95477,0.95487,1.00,1.10
2014.08.01 18:30:18.687,0.95476,0.95487,1.00,1.10
2014.08.01 18:30:18.940,0.95478,0.95487,1.00,1.00
2014.08.01 18:30:20.445,0.95479,0.9549,1.00,2.59
2014.08.01 18:30:20.597,0.95479,0.9549,1.10,1.25
2014.08.01 18:30:21.102,0.95478,0.95489,1.58,1.00
2014.08.01 18:30:21.637,0.95477,0.95488,2.22,1.00
2014.08.01 18:30:22.960,0.95479,0.95488,1.00,1.00
2014.08.01 18:30:23.783,0.95479,0.9549,1.20,1.00
2014.08.01 18:30:24.697,0.95481,0.9549,1.00,1.00
2014.08.01 18:30:30.361,0.95481,0.9549,1.08,1.00
2014.08.01 18:30:41.002,0.95481,0.9549,1.00,1.00
2014.08.01 18:30:54.728,0.95482,0.95491,1.00,1.25
2014.08.01 18:31:05.725,0.95482,0.95493,1.00,1.25
2014.08.01 18:31:10.756,0.95482,0.95493,1.00,1.69
2014.08.01 18:31:12.485,0.95482,0.95493,1.00,1.25
2014.08.01 18:31:19.889,0.95482,0.95492,1.00,1.19
2014.08.01 18:31:24.225,0.95482,0.95493,1.00,1.77
2014.08.01 18:31:26.803,0.95482,0.95493,1.00,1.02
2014.08.01 18:31:27.528,0.95481,0.95492,1.10,1.00
2014.08.01 18:31:33.385,0.9548,0.95489,1.33,1.00
2014.08.01 18:31:33.588,0.9548,0.95491,1.25,1.58
2014.08.01 18:31:38.416,0.95481,0.95492,1.00,1.00
2014.08.01 18:31:42.811,0.95481,0.9549,1.10,1.00
2014.08.01 18:31:44.615,0.95479,0.95489,1.33,1.00
2014.08.01 18:31:44.918,0.95477,0.95487,1.33,1.00
2014.08.01 18:31:45.510,0.95477,0.95488,1.33,1.50
2014.08.01 18:31:46.475,0.95479,0.9549,1.00,1.77
2014.08.01 18:31:46.778,0.95479,0.9549,1.18,1.00
2014.08.01 18:31:47.383,0.9548,0.95491,1.08,1.00
2014.08.01 18:32:03.335,0.95484,0.95494,1.00,1.28
2014.08.01 18:32:03.436,0.95486,0.95495,1.00,1.00
2014.08.01 18:32:03.538,0.95486,0.95497,1.15,1.50
2014.08.01 18:32:03.690,0.95487,0.95498,1.18,1.50
2014.08.01 18:32:05.705,0.95488,0.95499,1.08,1.25
2014.08.01 18:32:06.248,0.95488,0.95499,1.09,1.00
2014.08.01 18:32:06.450,0.95487,0.95498,2.52,1.00
2014.08.01 18:32:07.638,0.95489,0.95498,1.00,1.00
2014.08.01 18:32:07.739,0.9549,0.95501,1.00,1.33
2014.08.01 18:32:08.092,0.95488,0.95499,1.10,1.58
2014.08.01 18:32:08.143,0.95488,0.95497,1.10,1.00
2014.08.01 18:32:09.038,0.95487,0.95496,1.00,1.00
2014.08.01 18:32:09.291,0.95481,0.95492,2.33,1.00
2014.08.01 18:32:09.444,0.95484,0.95495,1.00,2.14
2014.08.01 18:32:09.698,0.95486,0.95497,1.58,1.69
2014.08.01 18:32:10.214,0.95486,0.95496,1.50,1.00
2014.08.01 18:32:11.848,0.95488,0.95497,1.00,1.00
2014.08.01 18:32:12.353,0.95488,0.95496,1.00,1.00
2014.08.01 18:32:14.394,0.95488,0.95497,1.00,1.25
2014.08.01 18:32:15.195,0.95488,0.95499,1.20,2.07
2014.08.01 18:32:16.142,0.95487,0.95497,1.65,1.13
2014.08.01 18:32:16.673,0.95486,0.95497,1.58,2.07
2014.08.01 18:32:18.476,0.95488,0.95498,1.00,1.19
2014.08.01 18:32:18.833,0.95488,0.95498,1.18,1.19
2014.08.01 18:32:19.138,0.95488,0.95497,1.00,1.25
2014.08.01 18:32:19.189,0.95486,0.95497,1.00,1.25
2014.08.01 18:32:19.392,0.95485,0.95495,1.20,1.00
2014.08.01 18:32:19.914,0.95485,0.95494,1.50,1.10
2014.08.01 18:32:20.493,0.95483,0.95494,1.10,1.10
2014.08.01 18:32:20.908,0.95483,0.95492,1.10,1.00
2014.08.01 18:32:21.413,0.95484,0.95493,1.00,1.00
2014.08.01 18:32:22.189,0.95483,0.95494,1.00,2.22
2014.08.01 18:32:24.085,0.95482,0.95492,1.10,1.00
2014.08.01 18:32:24.439,0.9548,0.95491,2.25,1.00
2014.08.01 18:32:25.716,0.95482,0.95493,1.00,1.20
2014.08.01 18:32:26.880,0.95483,0.95494,1.00,1.69
2014.08.01 18:32:32.105,0.95481,0.95491,2.59,1.00
2014.08.01 18:32:32.644,0.95481,0.95491,1.50,1.00
2014.08.01 18:32:33.155,0.9548,0.95491,1.95,1.50
2014.08.01 18:32:37.347,0.9548,0.95491,1.95,2.44
2014.08.01 18:32:37.651,0.95477,0.95488,1.77,1.00
2014.08.01 18:32:38.254,0.95477,0.95488,1.84,1.00
2014.08.01 18:32:39.480,0.95477,0.95488,1.20,1.50
2014.08.01 18:32:48.254,0.95477,0.95486,1.09,1.00
2014.08.01 18:32:48.558,0.95475,0.95484,1.13,1.50
2014.08.01 18:32:48.861,0.95472,0.95482,1.77,1.00
2014.08.01 18:32:49.455,0.95472,0.95482,1.10,1.00
2014.08.01 18:32:49.992,0.95472,0.95482,1.08,1.00
2014.08.01 18:32:51.093,0.95472,0.95483,1.08,1.69
2014.08.01 18:32:51.657,0.95472,0.95482,1.08,1.00
2014.08.01 18:32:55.645,0.95472,0.95483,1.08,1.00
2014.08.01 18:32:59.083,0.95475,0.95484,1.00,1.00
2014.08.01 18:32:59.184,0.95475,0.95486,3.90,2.25
2014.08.01 18:32:59.285,0.95477,0.95486,1.08,1.50
2014.08.01 18:32:59.335,0.95477,0.95488,1.58,1.50
2014.08.01 18:32:59.848,0.95479,0.95488,1.00,1.00
2014.08.01 18:33:00.384,0.95477,0.95487,1.08,1.00
2014.08.01 18:33:04.056,0.95476,0.95487,1.65,1.00
2014.08.01 18:33:09.671,0.95479,0.95488,1.10,1.00
2014.08.01 18:33:10.151,0.95479,0.9549,1.20,1.00
2014.08.01 18:33:10.582,0.95481,0.95492,1.00,1.25
2014.08.01 18:33:10.888,0.95484,0.95493,1.00,1.00
2014.08.01 18:33:11.230,0.95482,0.95491,1.00,1.00
2014.08.01 18:33:11.744,0.95481,0.95491,1.00,1.50
2014.08.01 18:33:13.102,0.9548,0.95491,1.00,1.50
2014.08.01 18:33:17.004,0.95479,0.9549,1.32,1.00
2014.08.01 18:33:18.116,0.95479,0.95488,1.32,1.00
2014.08.01 18:33:20.057,0.95479,0.95488,1.40,1.00
2014.08.01 18:33:20.564,0.9548,0.95489,1.20,1.00
2014.08.01 18:33:20.997,0.9548,0.95491,1.20,1.88
2014.08.01 18:33:22.310,0.9548,0.95491,1.65,2.82
2014.08.01 18:33:23.306,0.9548,0.95491,1.65,1.50
2014.08.01 18:33:24.445,0.95481,0.95491,1.10,1.00
2014.08.01 18:33:26.667,0.95481,0.95489,1.10,1.00
2014.08.01 18:33:28.195,0.9548,0.95489,1.00,1.00
2014.08.01 18:33:28.535,0.9548,0.95491,1.00,1.50
2014.08.01 18:33:29.075,0.9548,0.9549,1.00,1.00
2014.08.01 18:33:30.819,0.9548,0.95489,1.00,1.00
2014.08.01 18:33:31.283,0.9548,0.95491,1.00,1.50
2014.08.01 18:33:31.847,0.9548,0.95491,1.00,2.44
2014.08.01 18:33:33.122,0.9548,0.95491,1.00,1.69
2014.08.01 18:33:41.687,0.95479,0.9549,1.58,1.00
2014.08.01 18:33:42.655,0.95479,0.9549,1.69,1.15
2014.08.01 18:33:43.271,0.95479,0.9549,1.69,1.00
2014.08.01 18:33:48.381,0.9548,0.9549,1.00,1.00
2014.08.01 18:33:48.896,0.9548,0.95491,1.50,1.25
2014.08.01 18:33:49.424,0.95481,0.95492,1.00,2.44
2014.08.01 18:33:49.971,0.95481,0.95492,1.00,1.69
2014.08.01 18:33:53.171,0.95482,0.95492,1.00,1.00
2014.08.01 18:33:53.676,0.95483,0.95492,1.00,1.00
2014.08.01 18:33:54.218,0.95482,0.95491,1.10,1.00
2014.08.01 18:33:54.371,0.95482,0.95493,1.10,1.58
2014.08.01 18:33:54.885,0.95481,0.95492,1.20,1.00
2014.08.01 18:33:55.394,0.95482,0.95493,1.10,1.50
2014.08.01 18:33:55.907,0.95483,0.95492,1.00,1.00
2014.08.01 18:33:56.426,0.95482,0.95492,1.10,1.00
2014.08.01 18:33:56.928,0.95483,0.95492,1.00,1.00
2014.08.01 18:33:57.478,0.95481,0.95491,1.20,1.00
2014.08.01 18:33:59.554,0.9548,0.95491,1.84,1.50
2014.08.01 18:34:00.388,0.9548,0.95491,1.58,1.50
2014.08.01 18:34:05.232,0.9548,0.95489,1.10,1.00
2014.08.01 18:34:06.882,0.9548,0.95491,1.10,1.50
2014.08.01 18:34:07.134,0.9548,0.95489,1.10,1.00
2014.08.01 18:34:11.425,0.9548,0.9549,1.10,1.25
2014.08.01 18:34:11.773,0.95478,0.95486,1.10,1.00
2014.08.01 18:34:11.875,0.95477,0.95488,1.18,1.50
2014.08.01 18:34:12.501,0.95477,0.95486,1.18,1.00
2014.08.01 18:34:13.007,0.95477,0.95486,1.00,1.50
2014.08.01 18:34:15.189,0.95477,0.95486,1.18,1.00
2014.08.01 18:34:15.698,0.95477,0.95485,1.18,1.00
2014.08.01 18:34:22.982,0.95477,0.95487,1.15,1.00
2014.08.01 18:34:25.344,0.95477,0.95487,1.10,1.00
2014.08.01 18:34:30.971,0.95477,0.95486,1.58,1.00
2014.08.01 18:34:45.464,0.95478,0.95486,1.00,1.00
2014.08.01 18:34:49.258,0.95478,0.95487,1.00,1.00
2014.08.01 18:34:49.825,0.95478,0.95488,1.20,1.00
2014.08.01 18:34:50.671,0.95478,0.95488,1.00,1.50
2014.08.01 18:34:58.181,0.95478,0.95489,1.50,2.25
2014.08.01 18:35:02.679,0.95478,0.95488,1.50,1.00
2014.08.01 18:35:06.641,0.95478,0.95487,1.50,1.00
2014.08.01 18:35:16.339,0.95478,0.95485,1.00,1.00
2014.08.01 18:35:16.441,0.95476,0.95484,1.50,1.00
2014.08.01 18:35:16.644,0.95474,0.95483,1.00,1.00
2014.08.01 18:35:16.745,0.95474,0.95481,1.00,1.00
2014.08.01 18:35:16.897,0.95472,0.95481,1.00,1.00
2014.08.01 18:35:17.946,0.95471,0.9548,1.50,1.00
2014.08.01 18:35:18.859,0.95472,0.95482,1.00,1.32
2014.08.01 18:35:25.632,0.95472,0.95482,1.00,2.00
2014.08.01 18:35:31.067,0.95472,0.95481,1.50,1.25
2014.08.01 18:35:34.284,0.95473,0.95482,1.00,1.69
2014.08.01 18:35:34.588,0.95474,0.95483,1.00,1.25
2014.08.01 18:35:36.092,0.95474,0.95485,1.50,2.14
2014.08.01 18:35:37.357,0.95474,0.95486,1.65,2.44
2014.08.01 18:35:37.559,0.95477,0.95486,1.10,1.00
2014.08.01 18:35:38.065,0.95477,0.95487,1.10,1.25
2014.08.01 18:35:44.006,0.95478,0.95489,1.00,1.32
2014.08.01 18:35:44.531,0.95479,0.95489,1.58,1.25
2014.08.01 18:35:44.582,0.95481,0.95489,1.00,1.25
2014.08.01 18:35:44.936,0.95482,0.95492,1.00,1.00
2014.08.01 18:35:44.987,0.95482,0.95492,1.18,1.00
2014.08.01 18:35:53.174,0.95481,0.95488,1.65,1.00
2014.08.01 18:35:54.679,0.95481,0.95492,2.03,1.25
2014.08.01 18:35:55.390,0.95484,0.95493,1.00,3.19
2014.08.01 18:35:58.141,0.95484,0.95493,1.00,2.44
2014.08.01 18:35:59.614,0.95484,0.95492,1.00,1.00
2014.08.01 18:36:00.632,0.95482,0.95486,1.10,1.00
2014.08.01 18:36:00.683,0.95482,0.95486,1.10,1.00
2014.08.01 18:36:01.743,0.95479,0.95486,1.18,1.13
2014.08.01 18:36:01.795,0.95479,0.95486,1.00,1.13
2014.08.01 18:36:02.302,0.95479,0.95487,1.00,1.50
2014.08.01 18:36:03.616,0.95476,0.95487,1.58,1.00
2014.08.01 18:36:03.768,0.95476,0.95485,1.58,1.00
2014.08.01 18:36:04.659,0.95477,0.95486,1.00,1.69
2014.08.01 18:36:05.187,0.95478,0.95487,1.00,1.00
2014.08.01 18:36:05.699,0.95479,0.95487,1.00,1.00
2014.08.01 18:36:06.244,0.95479,0.95488,1.50,1.00
2014.08.01 18:36:06.780,0.9548,0.95488,1.00,1.00
2014.08.01 18:36:08.096,0.9548,0.95486,1.00,1.00
2014.08.01 18:36:08.198,0.95478,0.95486,1.00,1.00
2014.08.01 18:36:08.400,0.95478,0.95488,1.00,1.00
2014.08.01 18:36:08.922,0.95479,0.95488,1.00,1.00
2014.08.01 18:36:09.636,0.95479,0.95489,1.00,1.00
2014.08.01 18:36:10.147,0.95479,0.9549,1.50,1.77
2014.08.01 18:36:13.695,0.95479,0.95489,1.20,1.00
2014.08.01 18:36:14.758,0.95479,0.95489,1.00,2.07
2014.08.01 18:36:15.732,0.95479,0.95489,1.00,1.32
2014.08.01 18:36:17.470,0.95479,0.95489,1.15,1.13
2014.08.01 18:36:17.786,0.95482,0.95492,1.00,1.69
2014.08.01 18:36:18.296,0.95482,0.95492,1.00,1.00
2014.08.01 18:36:19.877,0.95482,0.95493,1.50,1.00
2014.08.01 18:36:20.630,0.95482,0.95491,1.50,1.00
2014.08.01 18:36:22.202,0.95482,0.95492,1.00,1.32
2014.08.01 18:36:23.218,0.95482,0.95493,1.50,1.20
2014.08.01 18:36:26.122,0.95485,0.95495,1.00,2.59
2014.08.01 18:36:26.173,0.95485,0.95495,1.10,1.00
2014.08.01 18:36:26.224,0.95487,0.95495,1.00,1.00
2014.08.01 18:36:26.326,0.95488,0.95497,1.00,1.39
2014.08.01 18:36:26.427,0.95489,0.95498,1.08,1.50
2014.08.01 18:36:26.478,0.95489,0.955,1.08,1.50
2014.08.01 18:36:26.630,0.95491,0.955,1.08,1.00
2014.08.01 18:36:26.935,0.95491,0.95498,1.10,1.00
2014.08.01 18:36:27.458,0.95491,0.95499,1.10,1.00
2014.08.01 18:36:27.804,0.95489,0.95495,1.00,1.00
2014.08.01 18:36:27.956,0.95486,0.95495,1.58,1.00
2014.08.01 18:36:28.108,0.95486,0.95497,1.58,1.00
2014.08.01 18:36:29.152,0.95487,0.95498,1.00,1.69
2014.08.01 18:36:30.100,0.95487,0.95498,1.00,1.00
2014.08.01 18:36:30.655,0.95488,0.95499,1.00,1.69
2014.08.01 18:36:34.584,0.95488,0.95499,1.00,2.82
2014.08.01 18:36:34.888,0.95484,0.95493,3.75,1.65
2014.08.01 18:36:34.939,0.95483,0.95491,1.00,1.00
2014.08.01 18:36:35.485,0.95482,0.95491,1.00,1.00
2014.08.01 18:36:36.565,0.95481,0.9549,1.00,1.00
2014.08.01 18:36:37.086,0.95479,0.9549,1.50,1.10
2014.08.01 18:36:37.702,0.95479,0.9549,1.00,1.02
2014.08.01 18:36:43.411,0.95478,0.95489,1.77,1.00
2014.08.01 18:36:43.815,0.95478,0.95487,1.00,1.00
2014.08.01 18:36:44.321,0.95477,0.95486,1.00,1.00
2014.08.01 18:36:45.876,0.95479,0.95488,1.00,1.50
2014.08.01 18:36:46.380,0.9548,0.95489,1.00,1.00
2014.08.01 18:36:46.888,0.9548,0.95491,1.00,2.44
2014.08.01 18:36:47.492,0.9548,0.95491,1.00,1.25
2014.08.01 18:36:48.478,0.9548,0.95491,1.00,1.69
2014.08.01 18:36:52.423,0.95482,0.9549,1.00,1.25
2014.08.01 18:36:54.095,0.95481,0.9549,1.00,1.50
2014.08.01 18:36:55.134,0.95481,0.95492,1.00,2.44
2014.08.01 18:36:55.656,0.95481,0.95491,1.00,1.00
2014.08.01 18:36:56.162,0.95481,0.95492,1.00,1.69
2014.08.01 18:37:15.146,0.95482,0.95493,1.00,2.44
2014.08.01 18:37:16.848,0.95484,0.95493,1.00,2.44
2014.08.01 18:37:17.653,0.95484,0.95493,1.50,1.25
2014.08.01 18:37:20.668,0.95487,0.95495,1.00,1.10
2014.08.01 18:37:20.971,0.95491,0.95497,1.50,1.00
2014.08.01 18:37:21.022,0.95491,0.955,1.50,1.00
2014.08.01 18:37:21.124,0.95491,0.95498,1.50,1.00
2014.08.01 18:37:21.640,0.95491,0.95499,1.50,1.00
2014.08.01 18:37:22.712,0.95491,0.95502,2.25,1.84
2014.08.01 18:37:23.095,0.95492,0.95503,1.58,1.77
2014.08.01 18:37:23.603,0.95492,0.95503,1.50,1.09
2014.08.01 18:37:33.015,0.95494,0.95503,1.00,1.18
2014.08.01 18:37:33.722,0.95495,0.95504,1.00,1.15
2014.08.01 18:37:34.581,0.95495,0.95504,1.50,1.08
2014.08.01 18:37:34.682,0.95495,0.95506,1.50,1.84
2014.08.01 18:37:41.549,0.95498,0.95507,1.00,1.65
2014.08.01 18:37:41.964,0.95497,0.95506,1.50,1.08
2014.08.01 18:37:43.922,0.95495,0.95506,1.50,1.40
2014.08.01 18:38:01.280,0.95498,0.95506,1.00,1.15
2014.08.01 18:38:01.331,0.95498,0.95506,1.00,1.00
2014.08.01 18:38:01.382,0.95497,0.95508,1.00,1.09
2014.08.01 18:38:01.786,0.95496,0.95507,1.50,1.40
2014.08.01 18:38:05.649,0.95497,0.95507,1.00,1.34
2014.08.01 18:38:05.902,0.955,0.95511,1.00,4.02
2014.08.01 18:38:06.422,0.95499,0.95509,1.00,1.58
2014.08.01 18:38:06.584,0.95499,0.95507,1.00,1.50
2014.08.01 18:38:06.736,0.95496,0.95507,1.13,1.65
2014.08.01 18:38:06.887,0.95496,0.95505,1.13,1.00
2014.08.01 18:38:07.392,0.95496,0.95505,1.13,1.58
2014.08.01 18:38:27.295,0.95495,0.95506,1.50,1.18
2014.08.01 18:38:48.406,0.95495,0.95506,1.50,1.10
2014.08.01 18:38:48.457,0.95497,0.95506,1.00,1.00
2014.08.01 18:38:59.091,0.95497,0.95507,1.00,1.02
2014.08.01 18:39:00.490,0.95497,0.95507,1.00,1.33
2014.08.01 18:39:01.364,0.95497,0.95507,1.10,1.00
2014.08.01 18:39:01.668,0.955,0.95509,1.50,2.07
2014.08.01 18:39:02.354,0.955,0.95509,1.50,1.00
2014.08.01 18:39:02.989,0.955,0.95508,1.00,1.00
2014.08.01 18:39:03.147,0.95497,0.95508,2.33,1.10
2014.08.01 18:39:03.855,0.95499,0.95508,1.00,1.00
2014.08.01 18:39:06.461,0.955,0.95509,1.00,1.00
2014.08.01 18:39:06.785,0.95502,0.95511,1.00,1.10
2014.08.01 18:39:07.299,0.95502,0.95513,1.00,1.33
2014.08.01 18:39:07.614,0.95501,0.9551,1.00,1.00
2014.08.01 18:39:08.119,0.95501,0.95512,1.00,1.09
2014.08.01 18:39:15.507,0.95501,0.95512,1.00,1.25
2014.08.01 18:39:16.205,0.95503,0.95512,1.00,1.00
2014.08.01 18:39:19.219,0.95503,0.95514,1.00,2.07
2014.08.01 18:39:20.300,0.95503,0.95513,1.00,1.19
2014.08.01 18:39:20.841,0.95502,0.95513,1.00,1.69
2014.08.01 18:39:21.731,0.95501,0.95512,1.10,1.00
2014.08.01 18:39:22.337,0.95502,0.95513,1.00,2.44
2014.08.01 18:39:32.551,0.95502,0.95513,1.50,2.59
2014.08.01 18:39:33.329,0.95502,0.95513,1.50,2.59
2014.08.01 18:39:38.763,0.955,0.95511,1.00,1.18
2014.08.01 18:39:38.864,0.955,0.95511,1.00,1.58
2014.08.01 18:39:38.965,0.955,0.95509,1.00,1.00
2014.08.01 18:39:39.027,0.955,0.95511,1.00,1.58
2014.08.01 18:39:39.601,0.95501,0.95512,1.00,1.09
2014.08.01 18:39:40.179,0.95501,0.95512,1.50,1.10
2014.08.01 18:39:42.797,0.95502,0.95512,1.00,1.10
2014.08.01 18:39:45.073,0.95503,0.95513,1.00,1.09
2014.08.01 18:39:48.767,0.95502,0.95513,1.50,1.15
2014.08.01 18:39:55.499,0.95501,0.95511,1.00,1.10
2014.08.01 18:39:56.007,0.95502,0.95513,1.00,1.40
2014.08.01 18:39:56.774,0.95501,0.95512,1.50,1.20
2014.08.01 18:39:58.661,0.95502,0.95513,1.00,1.40
2014.08.01 18:40:00.675,0.95502,0.95513,1.00,1.40
2014.08.01 18:40:18.780,0.95502,0.95513,1.00,1.15
2014.08.01 18:40:19.964,0.95502,0.95511,1.00,1.15
2014.08.01 18:40:20.324,0.955,0.95511,1.00,1.15
2014.08.01 18:40:24.217,0.955,0.95511,1.00,1.15
2014.08.01 18:40:24.772,0.955,0.95511,1.00,1.02
2014.08.01 18:40:26.108,0.955,0.95511,1.00,1.18
2014.08.01 18:40:26.706,0.95499,0.9551,1.00,1.18
2014.08.01 18:40:46.683,0.95499,0.9551,1.25,1.00
2014.08.01 18:40:50.466,0.955,0.95511,1.00,1.10
2014.08.01 18:41:02.408,0.95501,0.95512,1.00,1.77
2014.08.01 18:41:10.514,0.95504,0.95513,1.00,1.02
2014.08.01 18:41:22.121,0.95504,0.95515,1.00,2.33
2014.08.01 18:41:22.222,0.95506,0.95515,1.00,1.00
2014.08.01 18:41:22.774,0.95505,0.95516,1.00,1.00
2014.08.01 18:41:25.326,0.95505,0.95514,1.00,1.00
2014.08.01 18:41:26.137,0.95503,0.95514,1.50,1.00
2014.08.01 18:41:40.927,0.95504,0.95515,1.00,3.90
2014.08.01 18:41:49.131,0.95504,0.95515,1.50,1.58
2014.08.01 18:41:51.092,0.95509,0.95515,1.00,1.33
2014.08.01 18:41:51.246,0.95509,0.95518,1.00,2.33
2014.08.01 18:41:53.391,0.95508,0.95517,1.00,1.00
2014.08.01 18:41:53.492,0.95507,0.95515,1.00,1.00
2014.08.01 18:41:54.482,0.95506,0.95515,1.00,1.00
2014.08.01 18:42:00.084,0.95504,0.95516,1.58,1.00
2014.08.01 18:42:00.630,0.95504,0.95515,1.50,1.10
2014.08.01 18:42:02.813,0.95508,0.95517,1.00,1.18
2014.08.01 18:42:02.915,0.95508,0.95518,1.00,1.02
2014.08.01 18:42:03.443,0.95508,0.95517,1.00,1.00
2014.08.01 18:42:04.017,0.95509,0.95518,1.00,1.00
2014.08.01 18:42:06.802,0.95508,0.95517,1.50,1.00
2014.08.01 18:42:07.307,0.95508,0.95515,1.00,1.00
2014.08.01 18:42:07.358,0.95506,0.95515,1.00,1.00
2014.08.01 18:42:08.325,0.95505,0.95515,1.00,1.00
2014.08.01 18:42:10.353,0.95504,0.95515,1.00,1.00
2014.08.01 18:42:11.294,0.95504,0.95515,1.18,1.25
2014.08.01 18:42:11.395,0.95503,0.95514,1.65,1.00
2014.08.01 18:42:11.447,0.95506,0.95514,1.00,1.00
2014.08.01 18:42:11.885,0.95504,0.95514,1.00,1.00
2014.08.01 18:42:12.459,0.95504,0.95513,1.00,1.10
2014.08.01 18:42:14.858,0.95503,0.95513,1.00,1.02
2014.08.01 18:42:23.874,0.95502,0.95513,1.50,1.00
2014.08.01 18:42:28.437,0.95502,0.95513,2.44,1.00
2014.08.01 18:42:30.486,0.95502,0.95513,1.69,1.00
2014.08.01 18:42:32.365,0.95503,0.95514,1.00,1.00
2014.08.01 18:42:35.510,0.95503,0.95514,1.00,1.08
2014.08.01 18:42:37.536,0.95503,0.95514,1.00,1.00
2014.08.01 18:42:45.398,0.95503,0.95514,1.00,1.69
2014.08.01 18:42:51.544,0.95503,0.95514,1.00,1.00
2014.08.01 18:43:22.322,0.95503,0.95514,1.50,1.77
2014.08.01 18:43:23.447,0.95503,0.95514,1.50,1.02
2014.08.01 18:43:51.037,0.95505,0.95515,1.00,1.37
2014.08.01 18:43:51.138,0.95506,0.95516,1.00,1.50
2014.08.01 18:43:51.189,0.95506,0.95514,1.00,1.00
2014.08.01 18:43:51.695,0.95505,0.95514,1.00,1.10
2014.08.01 18:43:52.254,0.95504,0.95514,1.00,1.10
2014.08.01 18:43:52.822,0.95503,0.95514,2.44,1.10
2014.08.01 18:44:30.744,0.95504,0.95515,1.00,1.08
2014.08.01 18:44:43.646,0.95504,0.95515,1.00,1.00
2014.08.01 18:44:46.111,0.95505,0.95515,1.00,1.00
2014.08.01 18:44:51.285,0.95507,0.95516,1.00,1.00
2014.08.01 18:44:51.631,0.95509,0.95518,1.10,1.00
2014.08.01 18:45:01.762,0.95508,0.95517,2.33,1.00
2014.08.01 18:45:01.813,0.95507,0.95517,1.00,1.00
2014.08.01 18:45:03.593,0.95506,0.95517,1.10,1.25
2014.08.01 18:45:04.135,0.95506,0.95517,1.00,1.47
2014.08.01 18:45:04.556,0.95504,0.95515,1.50,1.00
2014.08.01 18:45:07.637,0.95505,0.95516,1.00,1.00
2014.08.01 18:45:08.174,0.95506,0.95517,1.50,2.07
2014.08.01 18:45:08.831,0.95506,0.95513,1.00,1.13
2014.08.01 18:45:08.882,0.95502,0.95512,10.09,1.00
2014.08.01 18:45:08.983,0.95502,0.95511,8.33,1.00
2014.08.01 18:45:09.236,0.95502,0.95508,7.50,1.00
2014.08.01 18:45:09.682,0.95502,0.9551,7.50,1.00
2014.08.01 18:45:09.733,0.95499,0.9551,1.65,1.00
2014.08.01 18:45:10.239,0.95501,0.95511,1.00,1.00
2014.08.01 18:45:10.766,0.955,0.95509,2.33,1.00
2014.08.01 18:45:11.177,0.95501,0.95512,1.00,1.00
2014.08.01 18:45:13.092,0.95501,0.95509,1.00,1.00
2014.08.01 18:45:13.707,0.95501,0.95508,1.00,1.00
2014.08.01 18:45:13.859,0.95501,0.9551,1.00,1.00
2014.08.01 18:45:14.067,0.95499,0.9551,1.50,1.32
2014.08.01 18:45:14.529,0.95499,0.9551,1.50,1.95
2014.08.01 18:45:14.782,0.95502,0.95512,1.00,1.50
2014.08.01 18:45:15.288,0.95503,0.95513,1.00,1.00
2014.08.01 18:45:15.817,0.95503,0.95514,1.00,1.10
2014.08.01 18:45:16.572,0.95504,0.95514,1.00,1.10
2014.08.01 18:45:18.017,0.95504,0.95515,1.50,1.00
2014.08.01 18:45:19.118,0.95505,0.95516,1.00,1.09
2014.08.01 18:45:20.303,0.95505,0.95516,1.50,1.84
2014.08.01 18:45:22.582,0.95506,0.95516,1.00,1.69
2014.08.01 18:45:27.440,0.95506,0.95516,1.00,1.25
2014.08.01 18:45:28.517,0.95507,0.95517,1.00,1.19
2014.08.01 18:45:29.544,0.95507,0.95518,1.00,2.89
2014.08.01 18:45:30.262,0.95507,0.95518,1.00,1.32
2014.08.01 18:45:30.312,0.95509,0.95519,1.00,2.07
2014.08.01 18:45:31.080,0.95509,0.95517,1.00,1.19
2014.08.01 18:45:31.597,0.95508,0.95517,1.00,2.52
2014.08.01 18:45:31.713,0.95506,0.95517,1.50,2.52
2014.08.01 18:45:34.242,0.95507,0.95517,1.00,2.59
2014.08.01 18:45:37.153,0.95507,0.95516,1.00,1.19
2014.08.01 18:45:37.655,0.95506,0.95516,1.50,1.19
2014.08.01 18:45:40.595,0.95506,0.95517,1.50,2.59
2014.08.01 18:45:41.347,0.95506,0.95515,1.00,1.00
2014.08.01 18:45:41.550,0.95504,0.95515,1.69,1.20
2014.08.01 18:45:42.711,0.95504,0.95514,1.50,1.19
2014.08.01 18:45:44.322,0.95503,0.95514,1.00,1.69
2014.08.01 18:45:44.637,0.95502,0.95512,1.50,1.77
2014.08.01 18:45:44.940,0.95502,0.95509,1.00,1.00
2014.08.01 18:45:45.042,0.955,0.95509,1.00,1.00
2014.08.01 18:45:45.877,0.955,0.95511,1.00,2.59
2014.08.01 18:45:46.895,0.95502,0.95511,1.00,2.59
2014.08.01 18:45:47.461,0.955,0.95509,1.58,1.00
2014.08.01 18:45:48.975,0.95499,0.9551,1.50,1.02
2014.08.01 18:45:49.585,0.95499,0.95507,1.50,1.10
2014.08.01 18:45:50.090,0.95498,0.95507,1.00,1.29
2014.08.01 18:45:52.721,0.95498,0.95508,1.58,1.02
2014.08.01 18:45:53.712,0.95498,0.95508,1.50,1.19
2014.08.01 18:45:54.044,0.95499,0.9551,1.50,1.25
2014.08.01 18:45:55.029,0.95499,0.9551,1.50,1.69
2014.08.01 18:45:55.742,0.95498,0.95509,1.00,1.39
2014.08.01 18:45:56.253,0.95499,0.9551,1.00,1.25
2014.08.01 18:45:56.762,0.955,0.95511,1.00,1.77
2014.08.01 18:45:58.143,0.955,0.95509,1.00,1.00
2014.08.01 18:45:58.739,0.95499,0.9551,1.50,1.25
2014.08.01 18:45:59.250,0.95499,0.9551,1.50,1.69
2014.08.01 18:46:01.069,0.95499,0.9551,1.00,1.25
2014.08.01 18:46:02.131,0.95501,0.9551,1.00,1.25
2014.08.01 18:46:05.854,0.95502,0.95511,1.00,1.00
2014.08.01 18:46:06.479,0.955,0.95511,1.00,1.33
2014.08.01 18:46:06.529,0.95498,0.95509,2.63,1.08
2014.08.01 18:46:07.063,0.95498,0.95507,1.00,1.25
2014.08.01 18:46:07.168,0.95496,0.95507,1.00,1.25
2014.08.01 18:46:07.782,0.95495,0.95506,1.50,1.00
2014.08.01 18:46:08.313,0.95496,0.95507,1.00,1.84
2014.08.01 18:46:11.865,0.95496,0.95505,1.00,1.33
2014.08.01 18:46:12.402,0.95495,0.95504,1.00,1.08
2014.08.01 18:46:15.680,0.95494,0.95504,1.00,1.08
2014.08.01 18:46:16.192,0.95493,0.95504,1.00,1.08
2014.08.01 18:46:18.294,0.95494,0.95505,1.00,1.84
2014.08.01 18:46:19.008,0.95494,0.95505,1.00,1.77
2014.08.01 18:46:20.594,0.95495,0.95505,1.00,1.02
2014.08.01 18:46:20.745,0.95495,0.95504,1.00,1.19
2014.08.01 18:46:20.998,0.95489,0.955,1.00,1.09
2014.08.01 18:46:21.050,0.95489,0.955,1.00,1.09
2014.08.01 18:46:21.555,0.95487,0.95498,1.69,1.20
2014.08.01 18:46:21.858,0.95486,0.95495,1.13,1.00
2014.08.01 18:46:22.212,0.95484,0.95495,1.20,1.00
2014.08.01 18:46:23.733,0.95483,0.95494,1.58,1.00
2014.08.01 18:46:24.256,0.95483,0.95494,1.00,1.02
2014.08.01 18:46:24.307,0.95482,0.95491,1.69,1.00
2014.08.01 18:46:24.509,0.95479,0.9549,2.14,1.00
2014.08.01 18:46:24.977,0.95478,0.95489,1.20,1.50
2014.08.01 18:46:25.919,0.95478,0.95489,1.18,1.69
2014.08.01 18:46:26.360,0.95479,0.9549,1.10,1.00
2014.08.01 18:46:27.129,0.9548,0.95491,1.00,1.00
2014.08.01 18:46:27.180,0.9548,0.95491,1.08,1.00
2014.08.01 18:46:27.685,0.95481,0.95492,1.65,1.50
2014.08.01 18:46:29.752,0.95484,0.95493,1.00,1.00
2014.08.01 18:46:30.055,0.95485,0.95496,1.00,1.69
2014.08.01 18:46:30.989,0.95485,0.95496,1.00,1.25
2014.08.01 18:46:31.248,0.95487,0.95498,1.10,1.00
2014.08.01 18:46:35.254,0.95489,0.95498,1.00,1.00
2014.08.01 18:46:35.759,0.9549,0.95499,1.00,1.00
2014.08.01 18:46:46.851,0.9549,0.95501,1.00,1.77
2014.08.01 18:46:47.155,0.95497,0.95506,1.00,2.25
2014.08.01 18:46:47.307,0.95498,0.95509,1.00,1.77
2014.08.01 18:46:47.661,0.955,0.95509,1.00,1.10
2014.08.01 18:46:48.166,0.955,0.95511,1.00,1.77
2014.08.01 18:46:49.399,0.955,0.95509,1.00,1.00
2014.08.01 18:46:51.212,0.95501,0.9551,1.00,1.10
2014.08.01 18:47:00.499,0.955,0.95509,1.13,1.00
2014.08.01 18:47:02.897,0.95499,0.95508,1.10,1.00
2014.08.01 18:47:03.201,0.95496,0.95505,2.40,1.50
2014.08.01 18:47:03.594,0.95494,0.95505,1.00,1.58
2014.08.01 18:47:04.903,0.95493,0.95504,1.50,1.13
2014.08.01 18:47:06.437,0.95494,0.95505,1.00,1.77
2014.08.01 18:47:06.952,0.95494,0.95505,1.00,1.39
2014.08.01 18:47:07.722,0.95494,0.95505,1.10,2.07
2014.08.01 18:47:08.691,0.95497,0.95505,1.00,1.00
2014.08.01 18:47:08.792,0.95497,0.95507,1.00,2.07
2014.08.01 18:47:09.298,0.95498,0.95508,1.00,1.00
2014.08.01 18:47:09.827,0.95498,0.95507,1.50,1.00
2014.08.01 18:47:16.939,0.95498,0.95509,1.00,1.84
2014.08.01 18:47:18.070,0.95498,0.95509,1.00,1.09
2014.08.01 18:47:20.051,0.95498,0.95509,1.00,1.77
2014.08.01 18:47:21.434,0.95498,0.95509,1.00,1.02
2014.08.01 18:47:21.753,0.95497,0.95508,1.00,1.09
2014.08.01 18:47:22.299,0.95497,0.95508,1.00,1.09
2014.08.01 18:47:22.811,0.95498,0.95509,1.00,1.84
2014.08.01 18:47:23.314,0.95498,0.95509,1.00,2.67
2014.08.01 18:47:23.822,0.95498,0.95509,1.00,1.10
2014.08.01 18:47:24.327,0.95498,0.95509,1.00,1.73
2014.08.01 18:47:25.555,0.95498,0.95509,1.50,1.20
2014.08.01 18:47:25.880,0.955,0.9551,1.00,1.84
2014.08.01 18:47:26.442,0.95501,0.9551,1.00,1.00
2014.08.01 18:47:30.509,0.95498,0.95509,2.25,1.10
2014.08.01 18:47:30.712,0.95497,0.95508,1.50,1.33
2014.08.01 18:47:31.220,0.95495,0.95506,1.50,1.25
2014.08.01 18:47:42.315,0.95495,0.95506,1.50,1.69
2014.08.01 18:47:44.436,0.95495,0.95506,1.50,1.25
2014.08.01 18:47:45.842,0.95496,0.95507,1.00,1.77
2014.08.01 18:47:46.929,0.95496,0.95507,1.00,1.10
2014.08.01 18:47:47.435,0.95497,0.95507,1.00,1.10
2014.08.01 18:47:47.946,0.95496,0.95507,1.00,1.18
2014.08.01 18:47:51.130,0.95498,0.95508,8.25,1.47
2014.08.01 18:47:51.231,0.955,0.95508,1.00,1.25
2014.08.01 18:47:51.333,0.955,0.9551,1.00,2.44
2014.08.01 18:47:51.885,0.955,0.95511,1.00,1.02
2014.08.01 18:47:52.391,0.955,0.95511,1.00,1.40
2014.08.01 18:48:01.202,0.955,0.9551,1.00,1.84
2014.08.01 18:48:02.200,0.95499,0.95509,1.50,1.09
2014.08.01 18:48:05.279,0.95498,0.95509,2.25,1.09
2014.08.01 18:48:05.883,0.95498,0.95509,2.25,1.84
2014.08.01 18:48:09.084,0.95498,0.95507,1.00,1.10
2014.08.01 18:48:09.607,0.95498,0.95506,1.00,1.25
2014.08.01 18:48:10.373,0.95496,0.95506,1.00,1.25
2014.08.01 18:48:24.390,0.95496,0.95506,1.00,1.77
2014.08.01 18:48:25.650,0.95497,0.95506,1.00,1.77
2014.08.01 18:48:26.661,0.95497,0.95506,1.00,1.02
2014.08.01 18:48:32.677,0.95497,0.95506,1.00,1.77
2014.08.01 18:48:34.382,0.95497,0.95506,1.00,1.02
2014.08.01 18:48:42.448,0.95496,0.95506,1.00,1.00
2014.08.01 18:48:42.963,0.95496,0.95507,1.00,1.02
2014.08.01 18:48:46.418,0.95495,0.95507,2.25,1.02
2014.08.01 18:48:48.847,0.95495,0.95507,1.50,1.77
2014.08.01 18:48:52.540,0.95495,0.95507,1.50,1.10
2014.08.01 18:48:52.656,0.95497,0.95506,1.00,1.00
2014.08.01 18:48:55.980,0.95495,0.95506,1.50,1.00
2014.08.01 18:48:56.529,0.95496,0.95507,1.00,1.10
2014.08.01 18:48:58.787,0.95498,0.95506,1.00,1.00
2014.08.01 18:49:00.169,0.95497,0.95506,1.00,1.00
2014.08.01 18:49:03.101,0.95497,0.95508,1.00,2.22
2014.08.01 18:49:03.254,0.95499,0.9551,1.00,1.10
2014.08.01 18:49:03.305,0.95497,0.95508,1.20,1.00
2014.08.01 18:49:03.711,0.95496,0.95505,1.50,1.00
2014.08.01 18:49:04.309,0.95497,0.95508,1.00,1.08
2014.08.01 18:49:05.353,0.955,0.95509,1.00,1.18
2014.08.01 18:49:05.404,0.955,0.95509,1.00,1.10
2014.08.01 18:49:05.663,0.95499,0.95511,1.00,1.50
2014.08.01 18:49:06.119,0.95499,0.95508,2.25,1.00
2014.08.01 18:49:06.270,0.95497,0.95508,2.25,1.10
2014.08.01 18:49:06.422,0.95497,0.95506,1.00,1.00
2014.08.01 18:49:11.071,0.95497,0.95508,1.00,1.25
2014.08.01 18:49:15.167,0.95498,0.95508,1.00,1.00
2014.08.01 18:49:16.092,0.95499,0.9551,1.00,1.58
2014.08.01 18:49:16.143,0.95499,0.9551,1.15,1.00
2014.08.01 18:49:16.789,0.955,0.9551,1.00,1.00
2014.08.01 18:49:17.335,0.955,0.95509,1.00,1.00
2014.08.01 18:49:17.844,0.95499,0.95509,1.00,1.00
2014.08.01 18:49:18.362,0.955,0.95509,1.00,1.25
2014.08.01 18:49:19.499,0.955,0.95509,1.00,1.69
2014.08.01 18:49:21.698,0.955,0.95509,1.00,1.25
2014.08.01 18:49:26.185,0.955,0.95509,1.00,1.69
2014.08.01 18:49:27.423,0.955,0.95509,1.00,1.25
2014.08.01 18:49:28.128,0.955,0.95511,1.50,2.07
2014.08.01 18:49:28.229,0.95504,0.95511,1.00,1.00
2014.08.01 18:49:28.280,0.95504,0.95513,1.00,3.19
2014.08.01 18:49:28.331,0.95505,0.95515,1.00,2.44
2014.08.01 18:49:28.534,0.95507,0.95516,1.00,1.32
2014.08.01 18:49:31.338,0.95505,0.95516,1.58,1.00
2014.08.01 18:49:31.936,0.95505,0.95516,1.50,1.25
2014.08.01 18:49:33.131,0.95505,0.95516,1.50,2.44
2014.08.01 18:49:34.449,0.95505,0.95516,1.00,1.69
2014.08.01 18:49:36.406,0.95504,0.95515,1.50,1.00
2014.08.01 18:49:36.709,0.95505,0.95513,1.00,1.25
2014.08.01 18:49:36.861,0.95501,0.95512,1.65,2.82
2014.08.01 18:49:37.265,0.95499,0.9551,1.50,2.07
2014.08.01 18:49:37.787,0.95498,0.95509,1.13,1.00
2014.08.01 18:49:40.718,0.95497,0.95508,1.15,1.00
2014.08.01 18:49:42.095,0.95497,0.95508,1.65,1.00
2014.08.01 18:49:42.247,0.95501,0.9551,1.20,1.00
2014.08.01 18:49:42.450,0.95499,0.9551,1.10,1.50
2014.08.01 18:49:43.563,0.95499,0.95509,1.10,1.00
2014.08.01 18:49:44.080,0.955,0.95509,1.00,1.88
2014.08.01 18:49:44.384,0.95501,0.95512,1.00,1.77
2014.08.01 18:49:44.434,0.95503,0.95513,1.00,2.82
2014.08.01 18:49:45.541,0.95504,0.95513,1.00,2.07
2014.08.01 18:49:46.610,0.95504,0.95513,1.00,1.25
2014.08.01 18:49:47.408,0.95504,0.95512,1.50,1.00
2014.08.01 18:49:48.286,0.95504,0.95513,1.50,1.69
2014.08.01 18:49:48.715,0.95502,0.95512,1.00,1.00
2014.08.01 18:49:49.357,0.95502,0.9551,1.10,1.00
2014.08.01 18:49:49.597,0.95502,0.95512,1.10,1.25
2014.08.01 18:49:50.902,0.95502,0.95511,1.10,1.00
2014.08.01 18:49:51.210,0.955,0.95511,1.10,1.50
2014.08.01 18:49:51.261,0.955,0.95509,1.10,1.00
2014.08.01 18:49:54.593,0.955,0.95511,1.00,1.77
2014.08.01 18:49:55.736,0.955,0.95511,1.00,1.38
2014.08.01 18:49:55.837,0.95498,0.95509,4.58,2.07
2014.08.01 18:49:56.936,0.95498,0.95509,1.00,1.39
2014.08.01 18:50:05.019,0.95498,0.95507,1.00,1.00
2014.08.01 18:50:05.677,0.95497,0.95507,1.13,1.00
2014.08.01 18:50:06.187,0.95497,0.95506,1.13,1.00
2014.08.01 18:50:07.508,0.95497,0.95508,1.13,1.77
2014.08.01 18:50:09.252,0.95497,0.95508,3.00,1.02
2014.08.01 18:50:09.555,0.95502,0.95511,1.00,1.50
2014.08.01 18:50:10.286,0.95501,0.9551,1.50,1.00
2014.08.01 18:50:10.589,0.95498,0.95507,1.00,1.00
2014.08.01 18:50:13.584,0.95498,0.95506,1.00,1.00
2014.08.01 18:50:15.360,0.95498,0.95507,1.00,1.00
2014.08.01 18:50:15.891,0.95498,0.95506,1.00,1.00
2014.08.01 18:50:16.429,0.95498,0.95507,1.00,1.00
2014.08.01 18:50:16.894,0.95501,0.95508,1.00,1.00
2014.08.01 18:50:16.995,0.95501,0.95511,1.00,1.50
2014.08.01 18:50:17.648,0.95501,0.95511,1.00,1.00
2014.08.01 18:50:18.438,0.95501,0.95512,1.00,1.32
2014.08.01 18:50:18.970,0.95502,0.95513,1.00,2.07
2014.08.01 18:50:21.915,0.95501,0.95512,1.00,2.07
2014.08.01 18:50:33.940,0.95502,0.95513,1.00,1.77
2014.08.01 18:50:36.321,0.95502,0.95514,1.50,2.59
2014.08.01 18:50:36.910,0.95504,0.95513,1.00,1.25
2014.08.01 18:50:37.064,0.95501,0.9551,2.25,1.10
2014.08.01 18:50:37.115,0.95499,0.9551,2.70,1.58
2014.08.01 18:50:37.892,0.95502,0.9551,1.00,1.00
2014.08.01 18:50:38.408,0.95502,0.95511,1.00,1.00
2014.08.01 18:50:43.962,0.955,0.95511,1.00,1.25
2014.08.01 18:50:44.877,0.955,0.95511,1.00,1.69
2014.08.01 18:50:45.682,0.95499,0.9551,1.65,1.25
2014.08.01 18:50:46.400,0.955,0.95511,1.00,1.18
2014.08.01 18:50:49.987,0.955,0.95509,1.00,1.00
2014.08.01 18:50:50.604,0.95498,0.95507,1.00,1.25
2014.08.01 18:50:50.654,0.95496,0.95507,1.95,1.25
2014.08.01 18:50:51.920,0.95498,0.95509,1.00,3.64
2014.08.01 18:50:52.223,0.955,0.95509,1.00,1.00
2014.08.01 18:50:52.764,0.955,0.95511,1.00,1.77
2014.08.01 18:50:53.282,0.955,0.95511,1.00,1.25
2014.08.01 18:50:53.587,0.95495,0.95506,1.50,1.09
2014.08.01 18:50:53.891,0.95494,0.95503,1.00,1.00
2014.08.01 18:50:54.398,0.95493,0.95502,1.00,1.50
2014.08.01 18:50:54.931,0.95493,0.95501,1.10,1.00
2014.08.01 18:50:55.257,0.95494,0.95503,1.00,1.00
2014.08.01 18:50:55.409,0.95494,0.95505,1.50,1.50
2014.08.01 18:50:55.916,0.95494,0.95503,1.50,1.00
2014.08.01 18:50:56.425,0.95492,0.95503,1.77,1.58
2014.08.01 18:50:56.938,0.95492,0.95503,1.02,1.58
2014.08.01 18:50:57.460,0.95492,0.95502,1.02,1.00
2014.08.01 18:51:00.263,0.95492,0.95503,1.10,1.58
2014.08.01 18:51:00.827,0.95491,0.95502,2.14,1.00
2014.08.01 18:51:05.490,0.95491,0.95502,1.25,1.00
2014.08.01 18:51:07.642,0.95491,0.95502,1.69,1.00
2014.08.01 18:51:08.746,0.95491,0.95502,1.00,1.00
2014.08.01 18:51:10.007,0.95491,0.95502,1.00,1.75
2014.08.01 18:51:10.058,0.95489,0.955,1.10,1.13
2014.08.01 18:51:10.581,0.95488,0.95499,1.58,1.88
2014.08.01 18:51:11.106,0.95488,0.95498,1.58,1.00
2014.08.01 18:51:11.616,0.95488,0.95499,1.10,1.13
2014.08.01 18:51:11.667,0.95487,0.95496,1.65,1.00
2014.08.01 18:51:12.189,0.95487,0.95496,1.00,1.50
2014.08.01 18:51:12.988,0.95487,0.95495,1.00,1.00
2014.08.01 18:51:13.530,0.95487,0.95496,1.00,1.58
2014.08.01 18:51:15.477,0.95488,0.95497,1.00,1.13
2014.08.01 18:51:15.990,0.95488,0.95496,1.25,1.00
2014.08.01 18:51:16.504,0.95487,0.95497,1.19,1.13
2014.08.01 18:51:16.808,0.9549,0.95497,1.00,1.00
2014.08.01 18:51:16.859,0.9549,0.955,1.00,1.00
2014.08.01 18:51:17.162,0.95491,0.95502,1.00,1.58
2014.08.01 18:51:17.365,0.95493,0.95502,1.00,1.58
2014.08.01 18:51:27.879,0.95495,0.95504,1.00,1.00
2014.08.01 18:51:27.980,0.95495,0.95506,1.10,1.58
2014.08.01 18:51:28.493,0.95496,0.95507,1.00,1.10
2014.08.01 18:51:28.696,0.95495,0.95504,1.00,1.00
2014.08.01 18:51:29.201,0.95496,0.95506,1.00,2.44
2014.08.01 18:51:29.303,0.95497,0.95508,1.20,1.50
2014.08.01 18:51:30.089,0.95496,0.95507,1.65,1.00
2014.08.01 18:51:30.653,0.95496,0.95507,1.18,2.44
2014.08.01 18:51:30.704,0.95495,0.95504,1.58,1.00
2014.08.01 18:51:31.211,0.95496,0.95505,1.00,1.00
2014.08.01 18:51:31.788,0.95497,0.95506,1.00,1.00
2014.08.01 18:51:32.091,0.95499,0.95508,1.65,1.00
2014.08.01 18:51:32.618,0.95498,0.95509,3.15,1.69
2014.08.01 18:51:33.795,0.95498,0.95509,1.20,1.00
2014.08.01 18:51:35.328,0.95498,0.95511,1.20,2.59
2014.08.01 18:51:35.379,0.95502,0.95511,1.00,1.65
2014.08.01 18:51:35.934,0.95502,0.95512,1.00,1.69
2014.08.01 18:51:36.092,0.955,0.95511,1.10,1.00
2014.08.01 18:51:36.598,0.95502,0.95512,1.00,1.00
2014.08.01 18:51:37.162,0.95502,0.95511,1.00,1.00
2014.08.01 18:51:37.687,0.95501,0.95512,1.00,1.65
2014.08.01 18:51:38.303,0.95499,0.95508,2.33,1.00
2014.08.01 18:51:38.759,0.95501,0.9551,1.00,1.50
2014.08.01 18:51:39.293,0.955,0.95509,1.00,1.00
2014.08.01 18:51:39.344,0.95498,0.95509,1.50,1.50
2014.08.01 18:51:40.066,0.95498,0.95508,1.50,1.00
2014.08.01 18:51:40.567,0.95498,0.95509,1.50,1.50
2014.08.01 18:51:40.770,0.955,0.95511,1.00,1.84
2014.08.01 18:51:41.310,0.95501,0.95512,1.00,2.59
2014.08.01 18:51:41.851,0.95502,0.95512,1.00,2.59
2014.08.01 18:51:44.726,0.95501,0.95511,1.50,1.20
2014.08.01 18:51:50.201,0.95501,0.95511,1.13,1.39
2014.08.01 18:51:51.303,0.95501,0.95512,1.13,1.40
2014.08.01 18:52:00.545,0.955,0.95511,1.13,1.65
2014.08.01 18:52:01.322,0.955,0.95511,1.13,1.18
2014.08.01 18:52:01.372,0.95498,0.9551,1.95,1.77
2014.08.01 18:52:01.474,0.95498,0.95507,1.88,1.10
2014.08.01 18:52:01.993,0.95496,0.95507,1.75,1.18
2014.08.01 18:52:02.326,0.95496,0.95507,1.00,1.18
2014.08.01 18:52:15.707,0.95496,0.95507,1.13,1.02
2014.08.01 18:52:16.222,0.95498,0.95507,1.00,1.10
2014.08.01 18:52:16.424,0.95496,0.95507,1.00,1.00
2014.08.01 18:52:35.072,0.95495,0.95506,2.07,1.00
2014.08.01 18:52:35.599,0.95496,0.95507,1.25,1.50
2014.08.01 18:52:47.187,0.95495,0.95506,1.25,1.00
2014.08.01 18:52:52.796,0.95499,0.95507,1.00,1.20
2014.08.01 18:52:52.948,0.955,0.9551,1.00,1.00
2014.08.01 18:52:53.521,0.955,0.95511,1.00,1.10
2014.08.01 18:52:57.101,0.955,0.95509,1.00,1.00
2014.08.01 18:52:58.183,0.95498,0.95509,1.77,1.13
2014.08.01 18:53:00.105,0.95498,0.95509,1.10,1.13
2014.08.01 18:53:00.807,0.955,0.95511,1.00,2.00
2014.08.01 18:53:01.175,0.955,0.95511,1.25,1.00
2014.08.01 18:53:01.714,0.95498,0.95509,1.69,1.10
2014.08.01 18:53:03.979,0.95498,0.95509,1.08,1.25
2014.08.01 18:53:04.181,0.955,0.95511,1.00,1.50
2014.08.01 18:53:05.895,0.95499,0.9551,1.84,1.00
2014.08.01 18:53:06.445,0.95499,0.9551,1.00,1.00
2014.08.01 18:53:07.775,0.95499,0.9551,1.00,1.50
2014.08.01 18:53:10.860,0.95499,0.9551,1.00,1.13
2014.08.01 18:53:11.368,0.955,0.95511,1.00,2.14
2014.08.01 18:53:12.097,0.955,0.95511,1.00,1.32
2014.08.01 18:53:13.143,0.95501,0.95512,1.00,3.64
2014.08.01 18:53:13.669,0.955,0.95511,1.13,1.00
2014.08.01 18:53:14.652,0.95501,0.95511,1.00,1.00
2014.08.01 18:53:15.175,0.95502,0.95512,1.00,1.39
2014.08.01 18:53:15.972,0.955,0.95511,1.25,1.00
2014.08.01 18:53:16.513,0.95501,0.95511,1.00,1.00
2014.08.01 18:53:21.248,0.95498,0.95512,4.39,1.95
2014.08.01 18:53:21.299,0.95498,0.95512,3.00,2.52
2014.08.01 18:53:21.602,0.95496,0.95507,1.02,1.50
2014.08.01 18:53:21.905,0.95498,0.95509,1.00,1.00
2014.08.01 18:53:22.209,0.955,0.95509,1.00,1.00
2014.08.01 18:53:24.203,0.95498,0.95507,1.00,1.00
2014.08.01 18:53:25.274,0.95498,0.95509,1.00,1.02
2014.08.01 18:53:25.779,0.95498,0.95509,1.10,1.69
2014.08.01 18:53:26.307,0.95498,0.95509,1.10,1.25
2014.08.01 18:53:28.796,0.95499,0.9551,1.00,1.25
2014.08.01 18:53:33.345,0.955,0.9551,1.00,1.58
2014.08.01 18:53:33.396,0.95502,0.9551,1.00,1.10
2014.08.01 18:53:33.947,0.95502,0.95511,1.00,1.25
2014.08.01 18:53:41.812,0.955,0.95513,1.50,2.14
2014.08.01 18:53:44.755,0.955,0.95513,1.25,2.89
2014.08.01 18:53:46.722,0.95499,0.95512,1.95,1.25
2014.08.01 18:53:47.435,0.95499,0.95511,1.20,1.00
2014.08.01 18:53:47.940,0.955,0.95512,1.00,1.32
2014.08.01 18:53:49.505,0.955,0.95511,1.00,1.39
2014.08.01 18:53:49.556,0.95498,0.95511,1.50,2.14
2014.08.01 18:53:50.560,0.95498,0.9551,1.00,1.63
2014.08.01 18:53:51.188,0.95497,0.9551,1.50,1.47
2014.08.01 18:53:55.628,0.95497,0.9551,1.50,1.47
2014.08.01 18:53:55.947,0.95501,0.95512,1.00,2.14
2014.08.01 18:53:56.476,0.95498,0.9551,1.77,1.00
2014.08.01 18:54:00.984,0.95498,0.9551,1.20,1.00
2014.08.01 18:54:01.574,0.955,0.9551,1.00,1.00
2014.08.01 18:54:02.113,0.955,0.95512,1.10,1.77
2014.08.01 18:54:02.916,0.955,0.95512,1.10,1.02
2014.08.01 18:54:04.570,0.95499,0.95512,1.65,1.32
2014.08.01 18:54:04.874,0.95502,0.95514,1.15,1.25
2014.08.01 18:54:05.380,0.95504,0.95516,1.58,1.69
2014.08.01 18:54:05.684,0.95507,0.95518,1.00,1.84
2014.08.01 18:54:06.199,0.95508,0.95519,1.00,1.77
2014.08.01 18:54:14.148,0.95507,0.95519,1.50,1.33
2014.08.01 18:54:14.663,0.95506,0.95519,2.44,1.40
2014.08.01 18:54:15.088,0.95506,0.95519,2.59,1.09
2014.08.01 18:54:17.063,0.95506,0.95518,1.95,1.88
2014.08.01 18:54:17.113,0.95506,0.95515,1.20,1.00
2014.08.01 18:54:19.105,0.95505,0.95515,1.00,1.13
2014.08.01 18:54:19.409,0.95504,0.95514,1.10,1.69
2014.08.01 18:54:19.612,0.955,0.95512,2.07,2.03
2014.08.01 18:54:20.505,0.95499,0.95511,1.57,1.00
2014.08.01 18:54:27.102,0.955,0.95511,1.32,1.00
2014.08.01 18:54:28.240,0.95499,0.95511,2.14,1.00
2014.08.01 18:54:29.156,0.95499,0.95511,1.10,1.25
2014.08.01 18:54:29.840,0.955,0.95512,1.00,1.69
2014.08.01 18:54:31.947,0.955,0.95512,1.00,1.25
2014.08.01 18:54:38.846,0.955,0.95512,1.13,1.69
2014.08.01 18:54:43.674,0.955,0.95512,1.13,1.69
2014.08.01 18:54:45.681,0.95499,0.95512,1.95,3.19
2014.08.01 18:54:46.190,0.95499,0.95512,1.58,4.02
2014.08.01 18:54:46.993,0.955,0.95512,1.00,3.19
2014.08.01 18:54:49.964,0.95499,0.95511,1.20,1.00
2014.08.01 18:54:52.862,0.95499,0.95511,1.39,1.77
2014.08.01 18:54:53.015,0.95498,0.95508,1.50,1.00
2014.08.01 18:54:53.318,0.95494,0.95505,1.70,1.00
2014.08.01 18:54:53.862,0.95493,0.95507,4.84,2.52
2014.08.01 18:54:54.373,0.95493,0.95507,2.44,2.59
2014.08.01 18:54:54.985,0.95493,0.95507,1.50,2.59
2014.08.01 18:54:56.163,0.95493,0.95506,2.25,1.02
2014.08.01 18:54:56.725,0.95493,0.95506,2.63,1.02
2014.08.01 18:54:57.885,0.95496,0.95507,1.00,2.59
2014.08.01 18:54:58.787,0.95494,0.95507,1.38,2.59
2014.08.01 18:54:59.390,0.95494,0.95507,1.63,2.40
2014.08.01 18:55:04.607,0.95494,0.95505,1.38,1.00
2014.08.01 18:55:05.155,0.95494,0.95506,1.00,1.20
2014.08.01 18:55:06.156,0.95494,0.95504,1.00,1.00
2014.08.01 18:55:06.757,0.95493,0.95504,1.00,1.50
2014.08.01 18:55:07.266,0.95492,0.95503,1.50,1.00
2014.08.01 18:55:08.447,0.95493,0.95504,1.00,1.25
2014.08.01 18:55:09.138,0.95492,0.95504,1.25,1.25
2014.08.01 18:55:10.812,0.95492,0.95505,1.00,2.89
2014.08.01 18:55:11.155,0.95492,0.95505,1.00,3.27
2014.08.01 18:55:12.954,0.95492,0.95505,1.00,3.64
2014.08.01 18:55:13.849,0.95492,0.95505,1.00,2.89
2014.08.01 18:55:14.726,0.95492,0.95503,1.00,1.00
2014.08.01 18:55:21.979,0.95493,0.95503,1.00,1.25
2014.08.01 18:55:22.862,0.95493,0.95506,1.20,5.59
2014.08.01 18:55:23.115,0.95494,0.95505,1.08,1.25
2014.08.01 18:55:24.181,0.95495,0.95506,1.65,1.25
2014.08.01 18:55:24.514,0.95497,0.95507,1.15,1.32
2014.08.01 18:55:24.943,0.95497,0.95509,1.15,1.69
2014.08.01 18:55:25.692,0.95497,0.95508,1.00,1.32
2014.08.01 18:55:26.197,0.95496,0.95507,1.25,1.00
2014.08.01 18:55:26.789,0.95495,0.95506,2.52,1.00
2014.08.01 18:55:27.779,0.95495,0.95506,1.58,1.00
2014.08.01 18:55:28.702,0.95496,0.95509,1.10,2.89
2014.08.01 18:55:29.684,0.95496,0.95509,1.65,2.44
2014.08.01 18:55:29.836,0.95498,0.95509,1.00,1.69
2014.08.01 18:55:30.352,0.95497,0.95508,1.00,1.13
2014.08.01 18:55:33.119,0.95498,0.95508,1.00,1.50
2014.08.01 18:55:33.646,0.95497,0.95508,1.69,1.50
2014.08.01 18:55:35.454,0.95498,0.95508,1.00,1.00
2014.08.01 18:55:36.034,0.95498,0.95509,1.50,1.50
2014.08.01 18:55:38.128,0.95496,0.95509,1.84,1.50
2014.08.01 18:55:39.053,0.95497,0.95509,1.00,1.50
2014.08.01 18:55:39.556,0.95496,0.95509,1.84,1.50
2014.08.01 18:55:41.334,0.95496,0.95509,4.09,1.00
2014.08.01 18:55:41.538,0.95498,0.95511,2.40,1.09
2014.08.01 18:55:42.062,0.95499,0.95512,1.20,1.77
2014.08.01 18:55:43.734,0.95497,0.9551,2.22,1.00
2014.08.01 18:55:43.786,0.95497,0.95508,1.65,1.00
2014.08.01 18:55:43.837,0.95497,0.95508,1.65,1.50
2014.08.01 18:55:44.060,0.95499,0.95508,1.00,1.00
2014.08.01 18:55:44.729,0.95496,0.95508,2.59,1.00
2014.08.01 18:55:45.451,0.95498,0.9551,1.08,1.32
2014.08.01 18:55:51.352,0.95498,0.95511,1.65,2.07
2014.08.01 18:55:51.858,0.955,0.95511,1.00,1.69
2014.08.01 18:55:55.384,0.955,0.95513,1.00,1.84
2014.08.01 18:56:00.173,0.955,0.95512,1.10,1.32
2014.08.01 18:56:01.674,0.95499,0.95512,1.25,3.34
2014.08.01 18:56:03.366,0.95499,0.95512,1.88,1.02
2014.08.01 18:56:03.671,0.95503,0.95513,1.00,2.44
2014.08.01 18:56:03.924,0.95501,0.95513,1.00,1.50
2014.08.01 18:56:04.440,0.95501,0.95513,1.00,1.58
2014.08.01 18:56:05.208,0.955,0.95513,1.10,1.77
2014.08.01 18:56:09.383,0.955,0.95512,1.10,1.02
2014.08.01 18:56:16.941,0.955,0.95513,1.10,1.77
2014.08.01 18:56:17.042,0.955,0.95513,1.65,1.77
2014.08.01 18:56:19.550,0.95502,0.95513,1.10,1.25
2014.08.01 18:56:31.502,0.95502,0.95513,1.10,1.50
2014.08.01 18:56:39.889,0.95502,0.95513,1.10,1.25
2014.08.01 18:56:48.777,0.955,0.95513,2.97,1.32
2014.08.01 18:56:49.422,0.955,0.95513,3.72,1.69
2014.08.01 18:56:49.946,0.955,0.95513,2.97,1.50
2014.08.01 18:56:50.527,0.95501,0.95513,1.00,1.50
2014.08.01 18:56:51.089,0.95503,0.95514,1.00,1.02
2014.08.01 18:56:51.394,0.95504,0.95511,1.00,1.00
2014.08.01 18:56:51.498,0.955,0.9551,1.00,1.00
2014.08.01 18:56:52.005,0.955,0.95511,1.69,1.50
2014.08.01 18:56:52.511,0.95502,0.95511,1.10,1.00
2014.08.01 18:56:53.065,0.95502,0.95512,1.00,1.00
2014.08.01 18:56:53.732,0.95502,0.95513,1.00,2.25
2014.08.01 18:56:57.325,0.95501,0.95514,3.08,1.02
2014.08.01 18:56:57.869,0.95503,0.95514,1.00,1.02
2014.08.01 18:57:00.517,0.95503,0.95515,1.00,1.69
2014.08.01 18:57:00.567,0.95507,0.95515,1.00,1.25
2014.08.01 18:57:01.078,0.95507,0.95516,1.00,1.00
2014.08.01 18:57:02.123,0.95505,0.95516,1.02,1.00
2014.08.01 18:57:05.084,0.95506,0.95517,1.13,2.52
2014.08.01 18:57:05.236,0.95507,0.95517,1.18,1.00
2014.08.01 18:57:05.286,0.95507,0.9552,1.18,1.69
2014.08.01 18:57:05.793,0.95507,0.95519,1.18,1.00
2014.08.01 18:57:06.633,0.95507,0.95519,1.10,1.02
2014.08.01 18:57:07.252,0.95507,0.95519,1.15,1.25
2014.08.01 18:57:12.212,0.95507,0.95519,1.15,1.69
2014.08.01 18:57:16.269,0.95508,0.95519,1.39,1.00
2014.08.01 18:57:16.319,0.95509,0.95517,1.25,1.00
2014.08.01 18:57:16.421,0.95509,0.95519,1.10,1.00
2014.08.01 18:57:16.927,0.95508,0.9552,1.09,1.00
2014.08.01 18:57:17.838,0.95507,0.9552,2.59,1.00
2014.08.01 18:57:19.814,0.95507,0.9552,2.59,1.20
2014.08.01 18:57:19.915,0.95507,0.95518,2.59,1.00
2014.08.01 18:57:20.635,0.95507,0.9552,1.84,1.58
2014.08.01 18:57:21.141,0.95508,0.95519,1.08,1.00
2014.08.01 18:57:23.672,0.95509,0.9552,1.00,1.65
2014.08.01 18:57:26.646,0.95509,0.95519,1.00,1.00
2014.08.01 18:57:33.641,0.95509,0.9552,1.00,1.65
2014.08.01 18:57:35.528,0.95509,0.9552,1.00,1.95
2014.08.01 18:57:35.578,0.95507,0.95518,2.59,1.13
2014.08.01 18:57:36.135,0.95507,0.95518,1.77,1.13
2014.08.01 18:57:49.381,0.95507,0.95517,1.08,1.50
2014.08.01 18:57:49.533,0.95506,0.95517,1.10,1.50
2014.08.01 18:57:49.878,0.95506,0.95512,1.00,1.00
2014.08.01 18:57:50.182,0.95503,0.95515,1.02,1.75
2014.08.01 18:57:50.687,0.95504,0.95516,1.00,1.75
2014.08.01 18:57:50.738,0.95504,0.95516,1.00,1.50
2014.08.01 18:57:53.703,0.95504,0.95516,1.25,1.75
2014.08.01 18:57:57.687,0.95503,0.95516,1.77,1.75
2014.08.01 18:57:58.258,0.95502,0.95515,2.52,1.65
2014.08.01 18:57:58.772,0.95504,0.95515,1.00,1.84
2014.08.01 18:57:59.315,0.95505,0.95516,1.00,1.83
2014.08.01 18:57:59.905,0.95505,0.95516,1.00,1.58
2014.08.01 18:58:00.618,0.95504,0.95516,1.25,1.08
2014.08.01 18:58:01.233,0.95504,0.95516,1.25,1.58
2014.08.01 18:58:02.354,0.95504,0.95515,1.25,1.00
2014.08.01 18:58:02.871,0.95503,0.95515,1.77,1.58
2014.08.01 18:58:03.377,0.95502,0.95515,2.59,1.00
2014.08.01 18:58:04.010,0.95503,0.95515,1.29,1.00
2014.08.01 18:58:05.736,0.95503,0.95516,1.19,2.22
2014.08.01 18:58:07.403,0.95502,0.95516,1.02,2.22
2014.08.01 18:58:07.681,0.95501,0.95513,1.69,1.28
2014.08.01 18:58:07.732,0.955,0.95513,1.69,1.28
2014.08.01 18:58:08.237,0.95499,0.95511,1.00,2.40
2014.08.01 18:58:08.865,0.95497,0.9551,2.44,1.18
2014.08.01 18:58:17.341,0.95499,0.9551,1.00,1.65
2014.08.01 18:58:23.731,0.95499,0.95511,1.25,2.40
2014.08.01 18:58:28.025,0.955,0.95509,1.00,1.10
2014.08.01 18:58:33.202,0.95499,0.95509,1.00,1.20
2014.08.01 18:58:37.603,0.955,0.9551,1.00,1.65
2014.08.01 18:58:38.642,0.955,0.95507,1.00,1.00
2014.08.01 18:58:39.184,0.95499,0.9551,1.00,1.65
2014.08.01 18:58:45.507,0.95499,0.95509,1.00,1.15
2014.08.01 18:58:46.514,0.95499,0.95509,1.00,1.15
2014.08.01 18:58:51.112,0.955,0.9551,1.00,2.59
2014.08.01 18:58:55.309,0.95497,0.95507,1.00,1.58
2014.08.01 18:58:55.613,0.95499,0.95506,1.00,1.10
2014.08.01 18:58:55.714,0.955,0.95509,1.00,1.00
2014.08.01 18:58:55.815,0.95503,0.95512,1.00,1.18
2014.08.01 18:58:55.917,0.95503,0.95514,1.00,1.15
2014.08.01 18:58:56.018,0.95503,0.95516,1.18,3.27
2014.08.01 18:58:56.119,0.95503,0.95516,1.10,3.27
2014.08.01 18:58:56.627,0.95502,0.95515,1.09,1.00
2014.08.01 18:58:56.804,0.95501,0.95513,1.58,1.00
2014.08.01 18:58:57.402,0.95499,0.95512,3.57,1.65
2014.08.01 18:58:57.920,0.955,0.95513,1.20,1.69
2014.08.01 18:58:58.808,0.955,0.95512,1.58,1.00
2014.08.01 18:58:59.727,0.95502,0.95512,1.25,1.00
2014.08.01 18:58:59.778,0.95502,0.95515,1.25,2.89
2014.08.01 18:59:00.284,0.95503,0.95513,1.00,1.25
2014.08.01 18:59:00.335,0.95504,0.95515,1.00,1.69
2014.08.01 18:59:00.639,0.95502,0.95513,1.10,1.25
2014.08.01 18:59:01.185,0.95501,0.95512,1.25,1.00
2014.08.01 18:59:01.710,0.95499,0.95512,3.34,1.69
2014.08.01 18:59:01.812,0.955,0.95513,1.20,1.13
2014.08.01 18:59:02.122,0.955,0.95511,1.10,1.00
2014.08.01 18:59:02.426,0.95495,0.95507,1.15,1.25
2014.08.01 18:59:02.578,0.95494,0.95507,1.20,2.82
2014.08.01 18:59:03.607,0.95494,0.95507,2.40,1.69
2014.08.01 18:59:03.759,0.95497,0.95508,1.00,2.82
2014.08.01 18:59:04.517,0.95497,0.95506,1.00,1.00
2014.08.01 18:59:04.671,0.95495,0.95506,1.20,1.50
2014.08.01 18:59:05.734,0.95495,0.95506,1.28,1.25
2014.08.01 18:59:05.886,0.95495,0.95506,2.40,1.25
2014.08.01 18:59:06.200,0.95496,0.95507,1.15,1.19
2014.08.01 18:59:06.632,0.95496,0.95508,1.15,1.32
2014.08.01 18:59:07.070,0.95495,0.95507,1.15,1.13
2014.08.01 18:59:07.121,0.95494,0.95504,2.22,1.00
2014.08.01 18:59:07.424,0.95494,0.95503,1.02,1.00
2014.08.01 18:59:07.955,0.95495,0.95503,1.00,1.00
2014.08.01 18:59:08.401,0.95495,0.95501,1.00,1.00
2014.08.01 18:59:08.691,0.95493,0.95501,1.20,1.00
2014.08.01 18:59:08.923,0.95492,0.95501,3.34,1.00
2014.08.01 18:59:09.501,0.95496,0.95501,1.10,1.00
2014.08.01 18:59:10.179,0.95493,0.95501,2.03,1.00
2014.08.01 18:59:10.382,0.95491,0.95499,4.69,1.00
2014.08.01 18:59:10.534,0.95491,0.95497,3.90,1.00
2014.08.01 18:59:10.686,0.95493,0.95501,1.00,1.00
2014.08.01 18:59:10.990,0.95493,0.95504,1.65,1.00
2014.08.01 18:59:11.527,0.95494,0.95507,1.15,3.19
2014.08.01 18:59:12.231,0.95492,0.95505,2.40,1.25
2014.08.01 18:59:12.736,0.95493,0.95505,1.02,1.00
2014.08.01 18:59:13.123,0.95495,0.95506,1.10,1.13
2014.08.01 18:59:14.154,0.95493,0.95505,2.59,1.00
2014.08.01 18:59:14.659,0.95492,0.95505,2.52,1.58
2014.08.01 18:59:15.162,0.95492,0.95505,2.59,1.50
2014.08.01 18:59:15.821,0.95497,0.95508,1.00,1.65
2014.08.01 18:59:15.973,0.95498,0.95511,2.52,3.19
2014.08.01 18:59:16.430,0.95497,0.95508,1.18,1.25
2014.08.01 18:59:17.189,0.95497,0.9551,1.40,1.88
2014.08.01 18:59:17.787,0.95499,0.9551,1.00,1.95
2014.08.01 18:59:18.141,0.95499,0.9551,1.10,2.33
2014.08.01 18:59:18.790,0.955,0.9551,1.00,2.25
2014.08.01 18:59:19.020,0.955,0.9551,1.00,1.50
2014.08.01 18:59:20.182,0.955,0.95511,1.00,1.50
2014.08.01 18:59:21.493,0.95499,0.9551,1.25,1.00
2014.08.01 18:59:22.253,0.95498,0.9551,1.20,1.13
2014.08.01 18:59:22.455,0.95497,0.95505,1.65,1.00
2014.08.01 18:59:22.557,0.95495,0.95505,4.32,1.00
2014.08.01 18:59:22.759,0.95497,0.95505,1.65,1.00
2014.08.01 18:59:22.911,0.95497,0.95509,1.65,1.32
2014.08.01 18:59:23.417,0.95499,0.95512,1.18,3.19
2014.08.01 18:59:23.639,0.95499,0.95512,1.65,1.69
2014.08.01 18:59:24.222,0.95498,0.9551,2.59,1.00
2014.08.01 18:59:24.728,0.95498,0.95511,2.78,1.25
2014.08.01 18:59:26.357,0.95498,0.95511,3.72,1.00
2014.08.01 18:59:26.926,0.95498,0.95511,2.59,1.00
2014.08.01 18:59:28.343,0.955,0.95511,1.00,2.52
2014.08.01 18:59:28.799,0.95497,0.9551,2.03,1.25
2014.08.01 18:59:29.731,0.95496,0.95509,2.97,1.00
2014.08.01 18:59:29.934,0.95496,0.95507,1.65,1.00
2014.08.01 18:59:30.238,0.95498,0.9551,1.20,2.14
2014.08.01 18:59:30.390,0.955,0.95511,1.50,1.25
2014.08.01 18:59:30.491,0.955,0.95512,1.58,1.19
2014.08.01 18:59:31.167,0.955,0.95513,2.59,1.10
2014.08.01 18:59:31.319,0.955,0.95513,1.84,1.10
2014.08.01 18:59:31.883,0.95499,0.95512,2.59,1.00
2014.08.01 18:59:32.416,0.95499,0.95512,1.00,1.02
2014.08.01 18:59:32.468,0.95499,0.9551,1.00,1.00
2014.08.01 18:59:34.181,0.95498,0.95509,1.58,1.00
2014.08.01 18:59:34.282,0.95498,0.95512,1.10,1.77
2014.08.01 18:59:34.849,0.95499,0.95512,1.00,1.77
2014.08.01 18:59:36.134,0.955,0.95512,1.00,1.77
2014.08.01 18:59:36.286,0.955,0.95513,1.95,1.09
2014.08.01 18:59:36.387,0.95502,0.95513,1.00,1.02
2014.08.01 18:59:38.191,0.95501,0.95513,1.39,1.25
2014.08.01 18:59:39.125,0.95502,0.95513,1.00,1.25
2014.08.01 18:59:39.638,0.95501,0.95514,1.88,1.84
2014.08.01 18:59:40.187,0.95501,0.95513,1.95,1.19
2014.08.01 18:59:40.717,0.95501,0.95511,1.00,1.00
2014.08.01 18:59:40.921,0.95498,0.95511,1.77,1.20
2014.08.01 18:59:41.439,0.95499,0.95512,1.40,2.44
2014.08.01 18:59:42.119,0.95498,0.95507,1.18,1.00
2014.08.01 18:59:42.169,0.95498,0.95507,1.10,1.58
2014.08.01 18:59:42.271,0.95495,0.95506,1.58,1.00
2014.08.01 18:59:42.322,0.95496,0.95507,1.08,1.00
2014.08.01 18:59:42.828,0.95495,0.95507,1.09,1.00
2014.08.01 18:59:43.132,0.95496,0.95509,1.58,1.25
2014.08.01 18:59:43.637,0.95497,0.95508,1.15,1.00
2014.08.01 18:59:43.940,0.95497,0.95507,1.00,2.25
2014.08.01 18:59:44.446,0.95496,0.95507,1.65,2.25
2014.08.01 18:59:44.547,0.95496,0.95509,1.65,1.32
2014.08.01 18:59:45.635,0.95497,0.9551,1.02,2.52
2014.08.01 18:59:46.081,0.95497,0.95507,1.09,1.00
2014.08.01 18:59:46.233,0.95496,0.95506,1.58,1.00
2014.08.01 18:59:46.486,0.95494,0.95505,1.00,1.50
2014.08.01 18:59:46.688,0.95496,0.95505,1.10,1.00
2014.08.01 18:59:46.890,0.95496,0.95507,1.20,1.00
2014.08.01 18:59:47.044,0.95498,0.95508,1.00,1.00
2014.08.01 18:59:47.647,0.95497,0.95508,1.28,1.00
2014.08.01 18:59:48.158,0.95496,0.95508,1.50,2.40
2014.08.01 18:59:48.462,0.95496,0.95505,1.00,1.00
2014.08.01 18:59:48.513,0.95493,0.95505,3.27,1.00
2014.08.01 18:59:48.614,0.95493,0.95505,2.44,1.10
2014.08.01 18:59:49.069,0.95495,0.95507,1.13,1.25
2014.08.01 18:59:49.424,0.95493,0.95506,1.69,1.28
2014.08.01 18:59:49.778,0.95495,0.95506,1.00,1.28
2014.08.01 18:59:49.879,0.95493,0.95505,1.69,1.00
2014.08.01 18:59:50.393,0.95493,0.95506,2.82,1.09
2014.08.01 18:59:51.141,0.95493,0.95506,1.88,1.09
2014.08.01 18:59:52.151,0.95493,0.95506,1.88,2.22
2014.08.01 18:59:52.663,0.95492,0.95505,1.25,1.65
2014.08.01 18:59:53.166,0.95493,0.95505,1.00,1.65
2014.08.01 18:59:53.271,0.95493,0.95504,1.00,1.19
2014.08.01 18:59:54.192,0.95493,0.95505,1.00,1.84
2014.08.01 18:59:54.723,0.95492,0.95505,1.50,1.84
2014.08.01 18:59:55.039,0.95494,0.95505,1.00,1.69
2014.08.01 18:59:55.545,0.95493,0.95505,1.28,1.50
2014.08.01 18:59:59.136,0.95492,0.95504,1.15,1.00
2014.08.01 18:59:59.442,0.95489,0.95495,1.84,1.00
2014.08.01 18:59:59.746,0.95484,0.95489,1.00,1.50
2014.08.01 18:59:59.849,0.95482,0.9549,1.00,1.25
2014.08.01 18:59:59.951,0.95483,0.95492,1.00,1.50
