2011.08.12 02:00:00.292,0.79301,0.79326,1.50,1.50
2011.08.12 02:00:06.195,0.79301,0.79326,1.50,1.50
2011.08.12 02:00:06.428,0.79301,0.79326,2.25,1.50
2011.08.12 02:00:06.653,0.79301,0.79326,2.25,1.50
2011.08.12 02:00:06.883,0.79301,0.79326,2.25,1.50
2011.08.12 02:00:07.703,0.79301,0.79328,3.00,2.25
2011.08.12 02:00:08.044,0.79303,0.79328,1.35,1.50
2011.08.12 02:00:08.272,0.79306,0.79329,1.13,1.50
2011.08.12 02:00:08.826,0.79305,0.79327,1.50,1.13
2011.08.12 02:00:08.944,0.79303,0.79327,1.35,1.13
2011.08.12 02:00:09.731,0.79303,0.79327,1.35,1.13
2011.08.12 02:00:11.514,0.79305,0.7933,1.88,2.85
2011.08.12 02:00:12.072,0.79305,0.7933,1.88,1.50
2011.08.12 02:00:12.292,0.79306,0.79331,1.50,1.13
2011.08.12 02:00:12.954,0.79309,0.79333,1.13,1.50
2011.08.12 02:00:13.073,0.7931,0.79332,1.50,1.13
2011.08.12 02:00:13.413,0.79311,0.79335,1.50,1.35
2011.08.12 02:00:13.863,0.7931,0.79335,1.50,1.35
2011.08.12 02:00:13.972,0.79309,0.79335,1.13,1.35
2011.08.12 02:00:14.532,0.79308,0.79332,1.13,1.50
2011.08.12 02:00:16.324,0.79308,0.79334,1.13,1.50
2011.08.12 02:00:17.364,0.79309,0.79334,1.35,1.50
2011.08.12 02:00:18.035,0.79308,0.79334,2.63,1.50
2011.08.12 02:00:19.843,0.79308,0.79333,1.50,1.50
2011.08.12 02:00:20.402,0.79307,0.79333,1.88,1.50
2011.08.12 02:00:22.052,0.79307,0.79333,1.13,1.50
2011.08.12 02:00:22.643,0.79308,0.79333,1.13,1.50
2011.08.12 02:00:25.036,0.79306,0.79331,1.50,1.88
2011.08.12 02:00:25.916,0.79304,0.79328,2.10,1.88
2011.08.12 02:00:26.142,0.79304,0.79328,2.10,1.88
2011.08.12 02:00:26.362,0.79304,0.79328,1.35,1.88
2011.08.12 02:00:30.736,0.79306,0.79328,1.50,1.50
2011.08.12 02:00:31.294,0.79308,0.79332,1.13,1.50
2011.08.12 02:00:32.563,0.79308,0.79332,1.88,1.50
2011.08.12 02:00:32.675,0.79308,0.79332,1.13,1.50
2011.08.12 02:00:33.416,0.79306,0.79332,1.50,1.88
2011.08.12 02:00:33.922,0.79307,0.79332,1.88,1.50
2011.08.12 02:00:34.472,0.79308,0.79335,1.88,1.50
2011.08.12 02:00:35.344,0.79308,0.79336,1.13,2.48
2011.08.12 02:00:37.213,0.79308,0.79334,1.13,1.50
2011.08.12 02:00:40.525,0.79308,0.79335,3.23,1.50
2011.08.12 02:00:41.983,0.79309,0.79335,1.50,1.50
2011.08.12 02:00:42.532,0.7931,0.79336,1.50,1.88
2011.08.12 02:00:43.082,0.7931,0.79336,1.88,1.13
2011.08.12 02:00:43.194,0.7931,0.79336,1.88,1.13
2011.08.12 02:00:43.754,0.79313,0.79338,1.88,2.25
2011.08.12 02:00:44.092,0.79317,0.79338,1.50,1.50
2011.08.12 02:00:44.313,0.79316,0.79343,4.13,1.50
2011.08.12 02:00:44.864,0.79317,0.7934,1.50,1.88
2011.08.12 02:00:44.984,0.79317,0.7934,1.50,1.88
2011.08.12 02:00:46.652,0.79318,0.79339,1.50,1.35
2011.08.12 02:00:46.873,0.7932,0.79339,1.50,1.35
2011.08.12 02:00:47.212,0.7932,0.79339,1.50,1.35
2011.08.12 02:00:47.787,0.7932,0.79339,1.50,1.35
2011.08.12 02:00:48.302,0.7932,0.79339,1.50,1.35
2011.08.12 02:00:50.842,0.7932,0.7934,1.50,1.13
2011.08.12 02:00:51.393,0.7932,0.79341,2.25,1.73
2011.08.12 02:00:51.504,0.7932,0.7934,2.25,1.13
2011.08.12 02:00:52.474,0.7932,0.7934,2.25,1.13
2011.08.12 02:00:53.033,0.79322,0.7934,1.50,1.13
2011.08.12 02:00:53.263,0.79322,0.7934,1.50,1.13
2011.08.12 02:00:53.486,0.79322,0.7934,1.50,1.13
2011.08.12 02:00:54.053,0.79322,0.7934,1.50,1.13
2011.08.12 02:00:54.505,0.79323,0.79345,2.25,4.05
2011.08.12 02:00:54.627,0.79324,0.79345,1.50,1.13
2011.08.12 02:00:54.963,0.79327,0.79346,1.50,1.13
2011.08.12 02:00:55.522,0.79327,0.79346,2.25,1.13
2011.08.12 02:00:55.865,0.79327,0.79343,1.50,1.13
2011.08.12 02:00:55.985,0.79323,0.79343,1.50,1.13
2011.08.12 02:00:56.104,0.79323,0.79343,1.50,1.13
2011.08.12 02:00:59.455,0.79324,0.79343,1.50,1.13
2011.08.12 02:00:59.795,0.79326,0.7935,1.50,2.25
2011.08.12 02:01:00.022,0.79326,0.7935,1.50,2.25
2011.08.12 02:01:00.662,0.79326,0.7935,1.50,2.25
2011.08.12 02:01:01.212,0.79323,0.79347,3.00,1.13
2011.08.12 02:01:03.101,0.79325,0.79347,2.25,1.13
2011.08.12 02:01:04.423,0.79326,0.79347,1.50,1.50
2011.08.12 02:01:05.203,0.79326,0.79347,1.50,1.50
2011.08.12 02:01:06.483,0.79325,0.79344,1.50,1.50
2011.08.12 02:01:06.714,0.79325,0.79343,1.50,1.50
2011.08.12 02:01:06.942,0.79325,0.79343,1.50,1.50
2011.08.12 02:01:07.494,0.79325,0.79343,1.50,1.50
2011.08.12 02:01:07.723,0.79325,0.79343,1.50,1.50
2011.08.12 02:01:09.002,0.79325,0.79343,1.50,1.50
2011.08.12 02:01:09.343,0.79326,0.79346,1.50,3.30
2011.08.12 02:01:18.757,0.79325,0.79345,2.25,1.13
2011.08.12 02:01:20.753,0.79327,0.79345,1.50,1.50
2011.08.12 02:01:25.314,0.79327,0.79345,1.50,1.50
2011.08.12 02:01:25.978,0.79325,0.79345,2.25,1.50
2011.08.12 02:01:26.092,0.79324,0.79345,2.25,1.50
2011.08.12 02:01:27.724,0.79324,0.79346,1.50,1.13
2011.08.12 02:01:28.284,0.79326,0.79347,1.50,1.13
2011.08.12 02:01:28.843,0.79326,0.79347,1.50,1.13
2011.08.12 02:01:29.975,0.79326,0.79347,1.50,1.13
2011.08.12 02:01:30.203,0.79324,0.79347,2.25,1.13
2011.08.12 02:01:30.655,0.79322,0.79344,3.00,1.13
2011.08.12 02:01:30.992,0.79322,0.79344,3.00,1.13
2011.08.12 02:01:31.652,0.79322,0.79344,2.25,1.13
2011.08.12 02:01:32.314,0.79322,0.79346,3.75,1.50
2011.08.12 02:01:32.433,0.79322,0.79346,3.75,1.50
2011.08.12 02:01:36.154,0.79325,0.79347,1.50,1.13
2011.08.12 02:01:37.132,0.79324,0.79348,2.63,1.50
2011.08.12 02:01:37.514,0.79325,0.79348,1.50,1.50
2011.08.12 02:01:38.373,0.79323,0.79346,3.00,1.13
2011.08.12 02:01:38.486,0.79323,0.79344,1.50,1.13
2011.08.12 02:01:38.602,0.79323,0.79344,1.50,1.13
2011.08.12 02:01:39.152,0.79323,0.79344,1.50,1.13
2011.08.12 02:01:39.592,0.79323,0.79344,1.50,1.13
2011.08.12 02:01:39.813,0.79323,0.79344,1.50,1.13
2011.08.12 02:01:40.032,0.79323,0.79344,1.50,1.13
2011.08.12 02:01:41.032,0.79323,0.79344,1.50,1.13
2011.08.12 02:01:41.442,0.79323,0.79344,1.50,1.13
2011.08.12 02:01:45.741,0.79325,0.79344,1.50,1.13
2011.08.12 02:01:46.066,0.79344,0.79361,3.75,4.50
2011.08.12 02:01:46.185,0.79344,0.79361,3.75,3.75
2011.08.12 02:01:46.414,0.79345,0.79371,1.50,1.13
2011.08.12 02:01:46.972,0.79346,0.79371,1.50,1.13
2011.08.12 02:01:49.013,0.79345,0.79364,2.25,1.13
2011.08.12 02:01:49.595,0.79345,0.79364,1.50,1.88
2011.08.12 02:01:49.720,0.79341,0.79364,1.50,1.88
2011.08.12 02:01:50.053,0.79343,0.79364,1.50,1.13
2011.08.12 02:01:50.288,0.79344,0.79369,1.50,4.05
2011.08.12 02:01:50.406,0.79345,0.79369,1.50,1.13
2011.08.12 02:01:50.746,0.79343,0.79368,1.50,1.88
2011.08.12 02:01:51.194,0.79341,0.79368,3.38,1.88
2011.08.12 02:01:51.756,0.79339,0.7936,1.50,1.13
2011.08.12 02:01:51.875,0.79338,0.7936,1.50,1.13
2011.08.12 02:01:51.993,0.79338,0.7936,1.50,1.13
2011.08.12 02:01:52.542,0.79337,0.7936,1.50,1.13
2011.08.12 02:01:53.717,0.79339,0.79362,1.50,1.88
2011.08.12 02:01:56.812,0.79339,0.79362,1.50,1.88
2011.08.12 02:01:57.767,0.7934,0.79362,1.50,1.50
2011.08.12 02:01:57.886,0.79342,0.79365,1.50,1.13
2011.08.12 02:01:58.112,0.79342,0.79365,2.25,1.13
2011.08.12 02:01:59.123,0.79342,0.79365,1.50,1.13
2011.08.12 02:01:59.343,0.79343,0.79365,1.50,1.13
2011.08.12 02:01:59.673,0.79345,0.79369,2.25,2.10
2011.08.12 02:01:59.895,0.79346,0.79369,1.50,1.35
2011.08.12 02:02:01.921,0.79347,0.7937,1.50,1.88
2011.08.12 02:02:02.039,0.79347,0.7937,2.25,1.50
2011.08.12 02:02:02.264,0.79349,0.79374,2.25,3.60
2011.08.12 02:02:02.500,0.79351,0.79376,1.13,1.50
2011.08.12 02:02:02.614,0.79352,0.79376,1.50,1.50
2011.08.12 02:02:03.624,0.79355,0.79376,3.00,1.50
2011.08.12 02:02:03.744,0.79353,0.79378,1.50,1.13
2011.08.12 02:02:03.974,0.79353,0.79377,1.50,1.50
2011.08.12 02:02:04.962,0.79352,0.79377,2.25,1.50
2011.08.12 02:02:06.013,0.79352,0.79377,2.25,1.50
2011.08.12 02:02:06.562,0.79354,0.79377,1.50,1.50
2011.08.12 02:02:07.470,0.79351,0.79377,4.28,1.50
2011.08.12 02:02:08.052,0.79351,0.79377,3.60,1.50
2011.08.12 02:02:08.383,0.79354,0.79376,1.50,1.50
2011.08.12 02:02:08.494,0.79354,0.79376,1.50,1.50
2011.08.12 02:02:08.723,0.79357,0.79376,1.13,1.50
2011.08.12 02:02:08.845,0.79357,0.79382,1.88,3.68
2011.08.12 02:02:09.184,0.7936,0.79383,1.50,1.13
2011.08.12 02:02:09.744,0.79361,0.79384,1.13,1.50
2011.08.12 02:02:10.623,0.79361,0.79384,1.13,1.50
2011.08.12 02:02:11.762,0.79361,0.79385,1.88,1.88
2011.08.12 02:02:12.322,0.79362,0.79385,1.13,1.88
2011.08.12 02:02:13.393,0.79362,0.79385,1.13,1.13
2011.08.12 02:02:14.694,0.79361,0.79385,1.13,1.13
2011.08.12 02:02:15.272,0.7936,0.79385,2.63,1.13
2011.08.12 02:02:16.176,0.79362,0.79386,1.88,1.13
2011.08.12 02:02:16.524,0.79366,0.79388,1.13,1.50
2011.08.12 02:02:16.754,0.79368,0.79391,1.13,1.50
2011.08.12 02:02:17.093,0.79368,0.79391,1.13,1.50
2011.08.12 02:02:17.433,0.79369,0.79394,1.50,2.48
2011.08.12 02:02:18.012,0.79369,0.79394,1.50,2.48
2011.08.12 02:02:18.344,0.79369,0.79394,1.50,2.48
2011.08.12 02:02:20.145,0.79371,0.79395,1.50,2.63
2011.08.12 02:02:22.293,0.79371,0.79395,1.13,1.50
2011.08.12 02:02:22.404,0.7937,0.79391,2.25,1.50
2011.08.12 02:02:22.525,0.79369,0.79388,1.50,4.50
2011.08.12 02:02:22.867,0.79359,0.79382,1.50,1.13
2011.08.12 02:02:23.095,0.79358,0.79382,1.50,1.13
2011.08.12 02:02:23.545,0.79359,0.79382,1.50,1.13
2011.08.12 02:02:26.247,0.79357,0.7938,2.25,1.50
2011.08.12 02:02:26.694,0.79353,0.79377,1.50,1.50
2011.08.12 02:02:27.032,0.79354,0.79376,1.50,1.50
2011.08.12 02:02:27.934,0.79351,0.79374,1.35,1.50
2011.08.12 02:02:28.276,0.79349,0.79371,1.50,1.50
2011.08.12 02:02:28.615,0.79345,0.79367,2.25,1.35
2011.08.12 02:02:28.955,0.79345,0.79367,1.50,1.35
2011.08.12 02:02:29.074,0.79345,0.79367,2.25,1.35
2011.08.12 02:02:29.523,0.79342,0.79367,1.50,1.35
2011.08.12 02:02:30.088,0.79342,0.79367,1.50,5.10
2011.08.12 02:02:31.524,0.79342,0.79367,1.50,2.10
2011.08.12 02:02:31.973,0.79339,0.79366,1.50,2.93
2011.08.12 02:02:32.645,0.7934,0.79366,1.50,2.93
2011.08.12 02:02:33.103,0.7934,0.79366,1.50,2.93
2011.08.12 02:02:35.165,0.79338,0.79365,2.25,1.50
2011.08.12 02:02:37.736,0.7934,0.79367,1.50,1.50
2011.08.12 02:02:38.294,0.7934,0.79367,1.50,1.50
2011.08.12 02:02:38.632,0.7934,0.79367,1.50,3.68
2011.08.12 02:02:38.853,0.7934,0.79367,1.50,3.68
2011.08.12 02:02:40.356,0.7934,0.79366,1.50,2.93
2011.08.12 02:02:41.284,0.79342,0.79366,1.50,2.93
2011.08.12 02:02:41.395,0.79343,0.79366,1.50,1.88
2011.08.12 02:02:41.515,0.79346,0.79369,1.50,3.68
2011.08.12 02:02:42.623,0.79347,0.79369,1.13,1.50
2011.08.12 02:02:43.182,0.79347,0.7937,1.13,2.25
2011.08.12 02:02:44.003,0.79347,0.79369,1.13,1.50
2011.08.12 02:02:44.335,0.79345,0.79367,1.88,1.13
2011.08.12 02:02:44.892,0.79345,0.79367,1.88,1.13
2011.08.12 02:02:47.030,0.79345,0.79368,2.63,1.13
2011.08.12 02:02:47.256,0.79347,0.7937,1.50,4.05
2011.08.12 02:02:47.707,0.79346,0.79369,2.63,1.50
2011.08.12 02:02:49.181,0.79346,0.79369,2.63,1.88
2011.08.12 02:02:49.733,0.79345,0.79368,1.50,1.13
2011.08.12 02:02:50.324,0.79342,0.79363,1.88,1.13
2011.08.12 02:02:50.883,0.79342,0.79365,1.88,1.50
2011.08.12 02:02:51.225,0.79344,0.79367,1.13,1.88
2011.08.12 02:02:51.342,0.79344,0.79367,1.13,1.88
2011.08.12 02:02:51.675,0.79346,0.79369,1.88,1.13
2011.08.12 02:02:52.934,0.79346,0.7937,1.13,1.50
2011.08.12 02:02:53.383,0.79348,0.79372,1.50,1.88
2011.08.12 02:02:53.606,0.79355,0.79373,1.50,1.35
2011.08.12 02:02:53.948,0.7935,0.79373,1.88,2.10
2011.08.12 02:02:54.064,0.7935,0.79375,1.88,1.13
2011.08.12 02:02:54.294,0.7935,0.79375,1.88,1.13
2011.08.12 02:02:54.413,0.7935,0.79375,1.50,1.13
2011.08.12 02:02:56.664,0.7935,0.79375,2.25,1.88
2011.08.12 02:02:57.328,0.7935,0.79375,1.50,1.88
2011.08.12 02:03:04.613,0.79351,0.79376,1.13,2.10
2011.08.12 02:03:04.837,0.79352,0.79376,1.50,2.10
2011.08.12 02:03:08.802,0.79355,0.79378,1.50,1.13
2011.08.12 02:03:11.306,0.79355,0.79378,1.50,1.13
2011.08.12 02:03:12.202,0.79355,0.79376,1.50,1.50
2011.08.12 02:03:13.184,0.79355,0.79378,1.50,1.13
2011.08.12 02:03:20.900,0.79356,0.79381,1.50,2.78
2011.08.12 02:03:21.244,0.79356,0.79382,1.88,1.73
2011.08.12 02:03:21.756,0.79359,0.79384,1.50,2.25
2011.08.12 02:03:21.986,0.79362,0.79386,1.50,2.10
2011.08.12 02:03:22.656,0.79362,0.79385,1.88,1.13
2011.08.12 02:03:22.774,0.79361,0.79383,1.13,2.25
2011.08.12 02:03:22.894,0.79361,0.79383,1.13,1.50
2011.08.12 02:03:23.234,0.79357,0.79383,1.50,1.88
2011.08.12 02:03:23.792,0.79358,0.79383,1.50,1.88
2011.08.12 02:03:24.343,0.79357,0.79381,1.13,1.50
2011.08.12 02:03:25.032,0.79357,0.79381,1.13,1.50
2011.08.12 02:03:27.912,0.79357,0.79381,1.13,1.50
2011.08.12 02:03:28.463,0.79357,0.79381,1.13,2.48
2011.08.12 02:03:29.330,0.79355,0.79378,1.50,2.25
2011.08.12 02:03:29.449,0.79352,0.79376,1.50,1.13
2011.08.12 02:03:30.000,0.79352,0.79376,1.50,1.13
2011.08.12 02:03:30.563,0.79353,0.79378,1.50,2.63
2011.08.12 02:03:30.676,0.79356,0.79378,1.50,1.13
2011.08.12 02:03:30.906,0.79357,0.79382,1.50,3.30
2011.08.12 02:03:31.482,0.79357,0.79382,1.50,1.13
2011.08.12 02:03:32.004,0.79357,0.79382,1.50,1.88
2011.08.12 02:03:33.673,0.79357,0.79382,2.25,1.13
2011.08.12 02:03:36.733,0.79358,0.79382,1.50,2.63
2011.08.12 02:03:38.262,0.79358,0.79381,1.50,1.50
2011.08.12 02:03:40.053,0.79358,0.79381,1.50,1.50
2011.08.12 02:03:40.602,0.79358,0.79381,1.50,1.50
2011.08.12 02:03:43.689,0.79357,0.79382,1.50,1.88
2011.08.12 02:03:43.805,0.79359,0.79382,1.50,1.88
2011.08.12 02:03:44.363,0.7936,0.79381,1.50,1.50
2011.08.12 02:03:47.112,0.7936,0.79381,1.50,1.50
2011.08.12 02:03:48.526,0.7936,0.79384,1.88,2.25
2011.08.12 02:03:49.083,0.79361,0.79385,1.50,2.10
2011.08.12 02:03:51.264,0.79364,0.79385,1.13,1.50
2011.08.12 02:03:51.604,0.79364,0.79389,1.88,1.50
2011.08.12 02:03:52.313,0.79364,0.79389,1.88,1.88
2011.08.12 02:03:52.653,0.79362,0.79386,1.50,1.88
2011.08.12 02:03:53.389,0.79361,0.79386,1.13,1.88
2011.08.12 02:03:54.236,0.79361,0.79386,1.13,1.88
2011.08.12 02:03:55.852,0.79361,0.79386,1.13,1.88
2011.08.12 02:03:56.187,0.7936,0.79382,1.88,1.13
2011.08.12 02:03:56.307,0.7936,0.79381,1.13,1.50
2011.08.12 02:03:56.424,0.79355,0.7938,1.50,1.50
2011.08.12 02:03:57.203,0.79352,0.79377,1.88,1.88
2011.08.12 02:03:57.313,0.79352,0.79377,1.88,2.63
2011.08.12 02:03:58.272,0.79352,0.79376,1.88,1.50
2011.08.12 02:03:59.219,0.79356,0.79379,1.50,1.50
2011.08.12 02:03:59.554,0.79359,0.79383,1.13,2.25
2011.08.12 02:03:59.673,0.79359,0.79383,1.50,2.25
2011.08.12 02:04:00.872,0.7936,0.79383,1.50,2.25
2011.08.12 02:04:01.864,0.7936,0.79383,1.50,2.25
2011.08.12 02:04:02.313,0.79359,0.79383,1.88,2.25
2011.08.12 02:04:02.642,0.79359,0.79383,1.88,2.25
2011.08.12 02:04:03.142,0.79359,0.79382,1.88,1.50
2011.08.12 02:04:06.682,0.79359,0.79382,1.50,1.50
2011.08.12 02:04:07.532,0.7936,0.79383,1.50,1.50
2011.08.12 02:04:08.224,0.7936,0.79382,1.50,1.50
2011.08.12 02:04:08.846,0.79362,0.79384,1.13,1.50
2011.08.12 02:04:08.963,0.79362,0.79385,1.13,2.25
2011.08.12 02:04:09.914,0.79362,0.79385,1.13,1.50
2011.08.12 02:04:10.932,0.79361,0.79385,2.25,2.63
2011.08.12 02:04:11.043,0.79361,0.79383,1.50,2.25
2011.08.12 02:04:11.592,0.7936,0.79383,1.50,1.50
2011.08.12 02:04:11.703,0.7936,0.79382,1.50,1.73
2011.08.12 02:04:11.924,0.79358,0.79381,1.50,3.38
2011.08.12 02:04:12.375,0.79356,0.79379,1.50,1.50
2011.08.12 02:04:12.715,0.79354,0.79377,2.25,2.85
2011.08.12 02:04:12.835,0.79352,0.79371,1.50,1.50
2011.08.12 02:04:13.064,0.79347,0.7937,1.50,1.13
2011.08.12 02:04:14.224,0.79346,0.79369,1.50,1.50
2011.08.12 02:04:14.343,0.79346,0.79369,1.50,1.50
2011.08.12 02:04:15.475,0.79346,0.79369,1.50,1.50
2011.08.12 02:04:17.503,0.79345,0.79369,1.50,1.50
2011.08.12 02:04:18.174,0.79345,0.7937,1.50,1.13
2011.08.12 02:04:18.403,0.79347,0.79372,1.13,1.50
2011.08.12 02:04:18.527,0.79347,0.79373,1.13,5.55
2011.08.12 02:04:19.171,0.79354,0.79375,1.50,1.35
2011.08.12 02:04:21.133,0.79354,0.79376,1.50,1.50
2011.08.12 02:04:24.994,0.79348,0.79374,1.50,1.50
2011.08.12 02:04:25.115,0.79348,0.79374,1.50,2.25
2011.08.12 02:04:25.792,0.79348,0.79372,1.50,1.50
2011.08.12 02:04:27.103,0.79348,0.79372,1.50,1.50
2011.08.12 02:04:29.829,0.79351,0.79374,1.13,1.50
2011.08.12 02:04:30.385,0.79355,0.79376,1.88,1.50
2011.08.12 02:04:30.723,0.79357,0.79379,1.50,1.88
2011.08.12 02:04:31.175,0.7936,0.79381,1.50,2.25
2011.08.12 02:04:31.296,0.7936,0.79383,1.50,1.50
2011.08.12 02:04:31.413,0.7936,0.79385,1.50,1.73
2011.08.12 02:04:31.744,0.7936,0.79385,1.50,1.73
2011.08.12 02:04:32.307,0.7936,0.79382,1.50,1.13
2011.08.12 02:04:32.537,0.7936,0.79384,1.50,1.50
2011.08.12 02:04:32.874,0.7936,0.79384,1.50,1.50
2011.08.12 02:04:44.403,0.79363,0.79388,1.13,1.35
2011.08.12 02:04:47.423,0.79362,0.79387,1.50,1.50
2011.08.12 02:04:47.763,0.79361,0.79387,2.25,1.50
2011.08.12 02:04:48.092,0.79361,0.79387,2.25,1.50
2011.08.12 02:04:51.138,0.79361,0.79385,2.25,1.13
2011.08.12 02:04:51.256,0.79361,0.79383,1.50,1.13
2011.08.12 02:04:52.251,0.79361,0.79384,1.50,1.13
2011.08.12 02:04:53.373,0.7936,0.79384,3.00,1.88
2011.08.12 02:04:53.705,0.7936,0.79383,2.25,1.73
2011.08.12 02:04:54.050,0.79357,0.79378,1.50,1.13
2011.08.12 02:04:54.394,0.79354,0.79378,1.50,1.88
2011.08.12 02:04:55.174,0.79354,0.79379,1.50,1.13
2011.08.12 02:04:56.746,0.79357,0.7938,1.13,1.50
2011.08.12 02:04:57.204,0.79358,0.79382,2.25,2.25
2011.08.12 02:04:57.894,0.79358,0.79381,2.25,1.13
2011.08.12 02:04:58.006,0.79358,0.7938,1.50,1.88
2011.08.12 02:05:01.730,0.79359,0.7938,1.50,1.50
2011.08.12 02:05:01.845,0.79359,0.79382,1.50,1.50
2011.08.12 02:05:02.483,0.79359,0.79382,1.50,2.25
2011.08.12 02:05:02.706,0.79358,0.79376,1.50,1.13
2011.08.12 02:05:03.046,0.79354,0.79376,1.50,2.63
2011.08.12 02:05:03.605,0.79354,0.79375,1.50,1.88
2011.08.12 02:05:04.468,0.79351,0.7937,1.50,1.13
2011.08.12 02:05:04.585,0.7935,0.7937,1.50,1.88
2011.08.12 02:05:05.220,0.79344,0.79368,2.25,2.25
2011.08.12 02:05:05.665,0.79346,0.79369,1.50,1.50
2011.08.12 02:05:06.233,0.79346,0.79371,1.50,2.63
2011.08.12 02:05:06.858,0.79347,0.79371,1.50,1.88
2011.08.12 02:05:07.414,0.79347,0.79371,1.50,1.88
2011.08.12 02:05:07.963,0.79347,0.79371,2.25,1.88
2011.08.12 02:05:10.097,0.79355,0.79371,1.50,1.88
2011.08.12 02:05:10.222,0.79355,0.79377,2.25,1.13
2011.08.12 02:05:10.336,0.79355,0.79377,1.50,1.13
2011.08.12 02:05:10.456,0.79355,0.79381,1.88,1.50
2011.08.12 02:05:10.576,0.79355,0.79379,2.25,1.13
2011.08.12 02:05:11.135,0.79355,0.79379,1.50,1.13
2011.08.12 02:05:12.025,0.79353,0.79374,2.25,2.93
2011.08.12 02:05:12.149,0.79354,0.79374,1.50,1.35
2011.08.12 02:05:12.924,0.79354,0.79378,1.50,1.13
2011.08.12 02:05:13.473,0.79355,0.79378,1.50,1.13
2011.08.12 02:05:13.693,0.79355,0.7938,1.50,1.13
2011.08.12 02:05:15.934,0.79355,0.7938,1.50,1.13
2011.08.12 02:05:17.154,0.79353,0.79376,1.50,5.63
2011.08.12 02:05:17.758,0.79354,0.79376,1.50,1.35
2011.08.12 02:05:17.874,0.79354,0.7938,1.50,1.13
2011.08.12 02:05:18.424,0.79356,0.7938,1.50,1.13
2011.08.12 02:05:19.104,0.79355,0.7938,1.13,1.13
2011.08.12 02:05:19.215,0.79355,0.79377,1.13,1.13
2011.08.12 02:05:19.993,0.79352,0.79377,2.25,1.88
2011.08.12 02:05:21.375,0.79354,0.79376,1.50,1.13
2011.08.12 02:05:22.415,0.79354,0.79378,2.25,1.50
2011.08.12 02:05:22.536,0.79359,0.79379,1.50,1.50
2011.08.12 02:05:23.093,0.79358,0.79383,1.50,1.13
2011.08.12 02:05:23.435,0.79356,0.7938,1.88,1.13
2011.08.12 02:05:23.994,0.79355,0.7938,2.25,1.13
2011.08.12 02:05:27.103,0.79356,0.79382,1.88,1.35
2011.08.12 02:05:28.785,0.79357,0.79383,1.88,1.88
2011.08.12 02:05:29.344,0.79358,0.79383,1.50,1.88
2011.08.12 02:05:32.545,0.79356,0.79379,1.13,1.13
2011.08.12 02:05:32.884,0.79353,0.79379,1.88,1.88
2011.08.12 02:05:35.083,0.79353,0.79379,1.88,1.13
2011.08.12 02:05:37.084,0.79354,0.79379,1.50,1.13
2011.08.12 02:05:37.425,0.79357,0.7938,1.50,1.13
2011.08.12 02:05:37.653,0.79357,0.79382,2.63,1.88
2011.08.12 02:05:38.095,0.79362,0.79385,1.13,2.25
2011.08.12 02:05:38.653,0.79362,0.79386,1.13,1.13
2011.08.12 02:05:43.062,0.79362,0.79387,1.13,1.88
2011.08.12 02:05:45.157,0.79362,0.79386,1.13,1.13
2011.08.12 02:05:45.277,0.79362,0.79384,1.13,1.13
2011.08.12 02:05:46.344,0.7936,0.79384,1.50,2.63
2011.08.12 02:05:46.453,0.79363,0.79384,1.50,2.63
2011.08.12 02:05:47.361,0.79364,0.79384,1.50,1.88
2011.08.12 02:05:47.922,0.79364,0.79384,1.50,1.88
2011.08.12 02:05:48.473,0.79364,0.79384,1.50,1.88
2011.08.12 02:05:49.715,0.79368,0.79384,1.50,1.13
2011.08.12 02:05:50.477,0.79371,0.79394,2.25,1.50
2011.08.12 02:05:53.163,0.79371,0.79394,1.50,1.50
2011.08.12 02:05:54.064,0.79371,0.79393,1.50,1.50
2011.08.12 02:05:54.614,0.79371,0.79391,1.50,1.13
2011.08.12 02:05:55.173,0.79368,0.79391,1.50,1.88
2011.08.12 02:05:56.377,0.79368,0.79391,1.50,1.88
2011.08.12 02:05:56.717,0.79374,0.79393,1.13,2.25
2011.08.12 02:05:56.839,0.79378,0.79399,1.50,1.50
2011.08.12 02:05:57.720,0.79378,0.79402,1.50,2.63
2011.08.12 02:05:58.455,0.79378,0.794,1.50,1.13
2011.08.12 02:05:58.579,0.79378,0.79398,1.50,1.13
2011.08.12 02:05:58.699,0.79373,0.79398,1.88,2.63
2011.08.12 02:05:59.524,0.79372,0.79394,1.13,1.88
2011.08.12 02:06:00.073,0.79372,0.79398,1.13,1.88
2011.08.12 02:06:00.426,0.79379,0.79399,1.50,2.25
2011.08.12 02:06:00.765,0.79382,0.79404,1.13,1.50
2011.08.12 02:06:00.885,0.79381,0.79404,1.13,1.50
2011.08.12 02:06:01.116,0.79381,0.79405,1.13,1.50
2011.08.12 02:06:01.666,0.7938,0.79406,3.98,2.63
2011.08.12 02:06:02.224,0.7938,0.79404,3.98,1.50
2011.08.12 02:06:02.883,0.7938,0.79404,1.13,1.50
2011.08.12 02:06:03.585,0.7938,0.79404,1.13,1.50
2011.08.12 02:06:03.815,0.79383,0.79404,1.50,1.50
2011.08.12 02:06:04.048,0.79387,0.79408,2.25,2.93
2011.08.12 02:06:04.164,0.79389,0.7941,1.50,1.88
2011.08.12 02:06:04.723,0.79388,0.79412,1.50,1.88
2011.08.12 02:06:06.534,0.79387,0.79413,1.50,1.50
2011.08.12 02:06:07.196,0.79393,0.79416,1.50,2.25
2011.08.12 02:06:07.313,0.79393,0.79416,1.50,2.25
2011.08.12 02:06:07.754,0.79393,0.79416,1.50,2.25
2011.08.12 02:06:08.303,0.79392,0.79416,1.50,3.00
2011.08.12 02:06:08.854,0.7939,0.79412,1.50,1.13
2011.08.12 02:06:09.567,0.79397,0.79418,1.50,1.13
2011.08.12 02:06:09.798,0.79392,0.79415,1.50,2.25
2011.08.12 02:06:10.026,0.79392,0.79413,1.50,1.13
2011.08.12 02:06:10.362,0.79386,0.79412,3.23,1.88
2011.08.12 02:06:11.886,0.79391,0.79412,1.50,1.50
2011.08.12 02:06:12.225,0.79395,0.79417,1.50,1.13
2011.08.12 02:06:12.894,0.79392,0.79415,1.50,1.50
2011.08.12 02:06:13.344,0.79392,0.79414,1.50,1.50
2011.08.12 02:06:14.195,0.79391,0.79414,1.88,1.50
2011.08.12 02:06:15.966,0.79393,0.79418,1.13,2.25
2011.08.12 02:06:16.084,0.79394,0.79418,1.13,1.50
2011.08.12 02:06:16.778,0.79394,0.79418,1.13,1.50
2011.08.12 02:06:17.118,0.79393,0.79417,1.50,1.13
2011.08.12 02:06:17.344,0.79392,0.79417,1.50,1.13
2011.08.12 02:06:19.274,0.79391,0.79413,1.50,1.88
2011.08.12 02:06:19.494,0.79386,0.79412,1.88,1.50
2011.08.12 02:06:19.823,0.79386,0.79409,1.50,1.13
2011.08.12 02:06:20.651,0.79388,0.79409,1.50,1.13
2011.08.12 02:06:20.987,0.79393,0.79417,1.50,1.13
2011.08.12 02:06:21.214,0.79392,0.79417,1.50,1.88
2011.08.12 02:06:21.554,0.79392,0.79415,1.50,1.50
2011.08.12 02:06:22.277,0.7939,0.79414,1.50,1.13
2011.08.12 02:06:22.504,0.79387,0.79414,1.50,1.13
2011.08.12 02:06:22.613,0.79386,0.79412,1.50,1.50
2011.08.12 02:06:23.415,0.79386,0.79412,2.25,1.50
2011.08.12 02:06:23.876,0.79385,0.79409,1.35,1.50
2011.08.12 02:06:24.434,0.79385,0.79409,1.35,1.50
2011.08.12 02:06:26.086,0.79386,0.79412,1.50,1.50
2011.08.12 02:06:27.287,0.79388,0.79414,1.50,1.50
2011.08.12 02:06:27.626,0.79387,0.79413,1.88,1.50
2011.08.12 02:06:28.425,0.79391,0.79414,1.13,1.50
2011.08.12 02:06:28.984,0.79395,0.79418,1.13,2.25
2011.08.12 02:06:29.094,0.79396,0.79419,1.50,1.50
2011.08.12 02:06:29.316,0.79396,0.79419,1.50,1.50
2011.08.12 02:06:30.011,0.79396,0.79418,1.50,1.50
2011.08.12 02:06:30.564,0.79394,0.79418,1.35,1.50
2011.08.12 02:06:31.895,0.79396,0.79419,1.13,2.25
2011.08.12 02:06:33.229,0.79396,0.79419,1.13,2.25
2011.08.12 02:06:33.675,0.79394,0.79418,1.50,2.85
2011.08.12 02:06:33.794,0.79391,0.79417,2.63,1.50
2011.08.12 02:06:34.016,0.79391,0.79414,1.88,1.50
2011.08.12 02:06:34.244,0.79391,0.79414,1.13,1.50
2011.08.12 02:06:34.795,0.79392,0.79414,1.50,1.13
2011.08.12 02:06:35.430,0.79392,0.79414,1.13,1.50
2011.08.12 02:06:36.364,0.79392,0.79417,1.13,2.25
2011.08.12 02:06:36.485,0.7939,0.79416,1.50,1.88
2011.08.12 02:06:36.604,0.7939,0.79414,1.50,1.13
2011.08.12 02:06:36.936,0.79391,0.79414,1.88,2.25
2011.08.12 02:06:37.166,0.79395,0.79414,1.50,1.88
2011.08.12 02:06:37.394,0.7939,0.79414,1.50,3.38
2011.08.12 02:06:38.755,0.79393,0.79414,1.50,1.88
2011.08.12 02:06:38.875,0.79395,0.79415,1.50,1.13
2011.08.12 02:06:38.998,0.79393,0.79414,1.50,1.13
2011.08.12 02:06:39.225,0.79393,0.79416,2.48,1.50
2011.08.12 02:06:39.348,0.79398,0.79421,1.50,1.50
2011.08.12 02:06:40.782,0.79399,0.79421,1.50,1.50
2011.08.12 02:06:40.897,0.79393,0.79419,1.50,1.88
2011.08.12 02:06:41.343,0.79393,0.79419,1.50,1.88
2011.08.12 02:06:42.727,0.79394,0.79418,1.50,1.13
2011.08.12 02:06:42.956,0.79393,0.79418,1.50,1.13
2011.08.12 02:06:43.405,0.79397,0.79422,1.50,3.53
2011.08.12 02:06:43.853,0.79397,0.79421,1.50,1.50
2011.08.12 02:06:44.694,0.79397,0.79422,2.25,1.35
2011.08.12 02:06:46.136,0.79396,0.79418,2.25,1.88
2011.08.12 02:06:46.474,0.79392,0.79418,2.63,1.88
2011.08.12 02:06:47.706,0.79391,0.79416,2.63,1.50
2011.08.12 02:06:48.045,0.79389,0.79416,2.85,5.25
2011.08.12 02:06:48.273,0.79389,0.79413,2.10,1.50
2011.08.12 02:06:49.112,0.79388,0.79413,3.23,1.50
2011.08.12 02:06:49.664,0.79389,0.79416,2.10,4.50
2011.08.12 02:06:51.324,0.7939,0.79415,1.50,1.50
2011.08.12 02:06:55.816,0.79392,0.79417,1.13,1.50
2011.08.12 02:06:58.984,0.79392,0.79416,1.88,1.50
2011.08.12 02:06:59.775,0.79392,0.79418,2.63,1.50
2011.08.12 02:07:00.225,0.79393,0.79418,1.50,1.50
2011.08.12 02:07:00.455,0.79394,0.79418,1.50,1.50
2011.08.12 02:07:00.578,0.79393,0.79418,1.50,1.50
2011.08.12 02:07:01.426,0.79394,0.79418,1.50,2.10
2011.08.12 02:07:01.545,0.79397,0.79418,1.88,2.10
2011.08.12 02:07:01.665,0.79397,0.79418,3.38,1.35
2011.08.12 02:07:02.887,0.79391,0.79414,1.50,1.50
2011.08.12 02:07:03.224,0.7939,0.79414,1.13,1.50
2011.08.12 02:07:07.515,0.79391,0.79414,2.10,1.50
2011.08.12 02:07:07.855,0.79399,0.7942,1.50,2.25
2011.08.12 02:07:08.194,0.79395,0.7942,1.50,2.25
2011.08.12 02:07:13.126,0.79395,0.79419,1.50,1.50
2011.08.12 02:07:13.465,0.79394,0.79418,1.50,1.50
2011.08.12 02:07:13.587,0.79391,0.79415,2.85,1.50
2011.08.12 02:07:13.706,0.79391,0.79414,2.10,1.50
2011.08.12 02:07:14.375,0.79391,0.79414,1.50,2.25
2011.08.12 02:07:14.935,0.79391,0.79414,1.50,2.25
2011.08.12 02:07:16.656,0.79391,0.79414,1.50,2.25
2011.08.12 02:07:16.776,0.79392,0.79414,1.50,2.25
2011.08.12 02:07:17.339,0.79389,0.79411,1.50,1.50
2011.08.12 02:07:17.896,0.79387,0.7941,1.35,1.50
2011.08.12 02:07:18.125,0.79387,0.7941,1.35,1.50
2011.08.12 02:07:20.293,0.79387,0.7941,1.35,1.50
2011.08.12 02:07:22.816,0.79387,0.79412,2.10,1.50
2011.08.12 02:07:23.449,0.79391,0.79416,1.50,1.50
2011.08.12 02:07:24.736,0.7939,0.79413,1.50,1.50
2011.08.12 02:07:24.855,0.79388,0.79412,1.50,1.50
2011.08.12 02:07:27.564,0.79386,0.7941,1.50,1.88
2011.08.12 02:07:27.795,0.79385,0.7941,1.35,1.88
2011.08.12 02:07:34.430,0.79385,0.79409,1.35,1.88
2011.08.12 02:07:37.944,0.79385,0.79409,1.35,1.13
2011.08.12 02:07:39.023,0.79385,0.79409,2.48,1.50
2011.08.12 02:07:41.734,0.79387,0.79408,2.25,1.50
2011.08.12 02:07:51.967,0.79388,0.79409,2.25,1.50
2011.08.12 02:07:53.238,0.79382,0.79404,1.88,1.50
2011.08.12 02:07:53.467,0.79382,0.79404,1.50,1.50
2011.08.12 02:07:54.023,0.79381,0.79406,1.50,2.25
2011.08.12 02:07:54.805,0.79381,0.79405,1.50,1.13
2011.08.12 02:07:55.364,0.79381,0.79405,1.50,1.13
2011.08.12 02:07:55.803,0.79379,0.79405,1.50,1.13
2011.08.12 02:07:56.023,0.79379,0.79405,1.50,1.13
2011.08.12 02:07:57.080,0.79379,0.79402,1.50,1.13
2011.08.12 02:07:58.767,0.7938,0.79403,1.13,1.50
2011.08.12 02:08:01.407,0.79379,0.79401,1.50,1.50
2011.08.12 02:08:01.636,0.79379,0.794,1.50,1.50
2011.08.12 02:08:01.978,0.79382,0.79406,1.50,1.13
2011.08.12 02:08:02.099,0.79381,0.79404,1.50,1.13
2011.08.12 02:08:04.324,0.79379,0.79402,1.73,1.50
2011.08.12 02:08:05.027,0.7938,0.79405,2.48,1.88
2011.08.12 02:08:05.255,0.79382,0.79405,1.13,1.88
2011.08.12 02:08:05.789,0.79383,0.79405,1.13,1.50
2011.08.12 02:08:06.125,0.79383,0.79406,1.88,1.50
2011.08.12 02:08:07.656,0.79383,0.79406,1.13,1.50
2011.08.12 02:08:08.544,0.79383,0.79407,1.88,1.50
2011.08.12 02:08:08.772,0.79385,0.79408,1.50,2.25
2011.08.12 02:08:08.889,0.79386,0.79408,1.50,1.50
2011.08.12 02:08:09.426,0.79387,0.79409,1.73,1.20
2011.08.12 02:08:09.656,0.79388,0.79409,1.35,1.20
2011.08.12 02:08:10.333,0.79389,0.7941,1.13,1.20
2011.08.12 02:08:10.680,0.79392,0.79412,2.10,1.20
2011.08.12 02:08:11.237,0.79392,0.79412,1.35,1.20
2011.08.12 02:08:11.574,0.79392,0.79413,2.85,1.20
2011.08.12 02:08:11.685,0.79392,0.79413,2.10,1.20
2011.08.12 02:08:13.215,0.79392,0.79414,1.35,2.25
2011.08.12 02:08:14.104,0.7939,0.79413,1.50,1.13
2011.08.12 02:08:14.216,0.7939,0.79409,1.50,1.50
2011.08.12 02:08:15.479,0.79387,0.7941,1.50,1.88
2011.08.12 02:08:16.296,0.79384,0.79408,1.50,1.88
2011.08.12 02:08:16.964,0.79384,0.79408,1.88,1.13
2011.08.12 02:08:17.303,0.79388,0.79409,1.50,1.50
2011.08.12 02:08:18.043,0.79388,0.79407,1.50,1.50
2011.08.12 02:08:18.509,0.79388,0.79407,1.50,1.50
2011.08.12 02:08:18.955,0.79387,0.79408,1.50,1.50
2011.08.12 02:08:20.708,0.79393,0.79416,1.88,1.50
2011.08.12 02:08:21.267,0.79394,0.79417,1.50,1.88
2011.08.12 02:08:21.605,0.79396,0.79416,1.50,1.50
2011.08.12 02:08:22.501,0.79395,0.79416,2.25,1.50
2011.08.12 02:08:22.617,0.79393,0.79416,1.50,1.88
2011.08.12 02:08:24.655,0.79392,0.79415,1.88,1.13
2011.08.12 02:08:25.433,0.79392,0.79415,1.13,1.88
2011.08.12 02:08:26.893,0.79389,0.79415,1.50,1.88
2011.08.12 02:08:27.463,0.79388,0.79415,3.23,1.88
2011.08.12 02:08:28.173,0.79389,0.79414,1.50,1.13
2011.08.12 02:08:29.253,0.79388,0.79414,3.23,1.13
2011.08.12 02:08:30.024,0.79389,0.79415,1.50,1.13
2011.08.12 02:08:32.164,0.79389,0.79414,1.88,1.50
2011.08.12 02:08:32.527,0.79389,0.79413,1.50,1.13
2011.08.12 02:08:32.758,0.79384,0.79407,2.85,1.13
2011.08.12 02:08:38.926,0.79384,0.79407,1.35,2.63
2011.08.12 02:08:39.155,0.79382,0.79405,2.85,1.13
2011.08.12 02:08:40.374,0.79382,0.79405,1.50,1.13
2011.08.12 02:08:42.074,0.79387,0.7941,1.88,1.35
2011.08.12 02:08:42.184,0.79387,0.7941,1.88,1.35
2011.08.12 02:08:43.464,0.7939,0.79409,1.50,1.50
2011.08.12 02:08:43.685,0.79384,0.79409,3.23,1.50
2011.08.12 02:08:43.807,0.79384,0.79409,2.63,1.50
2011.08.12 02:08:43.924,0.79384,0.7941,1.88,2.48
2011.08.12 02:08:44.473,0.79384,0.79409,1.88,1.50
2011.08.12 02:08:46.594,0.79382,0.79407,2.25,1.13
2011.08.12 02:08:47.184,0.79383,0.79404,1.50,1.13
2011.08.12 02:08:47.404,0.79379,0.79404,1.35,2.63
2011.08.12 02:08:48.389,0.79377,0.79402,1.88,1.13
2011.08.12 02:08:48.944,0.79377,0.79402,1.50,1.50
2011.08.12 02:08:49.056,0.79376,0.79402,2.25,1.50
2011.08.12 02:08:49.617,0.79378,0.79403,1.50,1.13
2011.08.12 02:08:51.394,0.79378,0.79403,1.50,1.13
2011.08.12 02:08:55.126,0.79378,0.79404,1.50,1.88
2011.08.12 02:08:58.967,0.79377,0.79401,1.13,2.63
2011.08.12 02:08:59.195,0.79377,0.79401,1.13,1.50
2011.08.12 02:08:59.753,0.79377,0.79401,1.13,1.50
2011.08.12 02:09:03.888,0.79377,0.79402,1.88,1.50
2011.08.12 02:09:04.786,0.7938,0.79404,1.50,1.50
2011.08.12 02:09:05.504,0.79378,0.79403,1.50,1.50
2011.08.12 02:09:05.723,0.79378,0.79403,1.50,1.50
2011.08.12 02:09:09.275,0.79377,0.79403,1.13,1.50
2011.08.12 02:09:09.614,0.79377,0.79403,1.13,1.50
2011.08.12 02:09:09.944,0.79377,0.79403,1.13,1.50
2011.08.12 02:09:13.695,0.79378,0.79403,1.88,1.50
2011.08.12 02:09:14.027,0.79376,0.79401,1.88,1.13
2011.08.12 02:09:14.254,0.79378,0.79402,1.50,2.25
2011.08.12 02:09:16.136,0.79377,0.794,1.88,1.50
2011.08.12 02:09:16.585,0.79377,0.79401,2.63,1.50
2011.08.12 02:09:17.144,0.79379,0.79401,1.88,1.50
2011.08.12 02:09:18.485,0.79379,0.79402,1.13,1.50
2011.08.12 02:09:18.824,0.79379,0.79405,1.88,1.88
2011.08.12 02:09:18.937,0.79381,0.79405,1.13,1.88
2011.08.12 02:09:19.274,0.79379,0.79404,2.63,1.50
2011.08.12 02:09:19.935,0.79379,0.794,1.88,1.50
2011.08.12 02:09:21.914,0.79378,0.79399,1.88,1.50
2011.08.12 02:09:24.514,0.79378,0.79399,1.88,1.50
2011.08.12 02:09:25.757,0.79376,0.79398,1.13,1.50
2011.08.12 02:09:30.145,0.79376,0.79398,1.13,1.50
2011.08.12 02:09:31.565,0.79374,0.79397,1.50,1.50
2011.08.12 02:09:32.171,0.79369,0.79391,1.50,1.50
2011.08.12 02:09:32.724,0.79367,0.79391,2.25,2.25
2011.08.12 02:09:33.275,0.79367,0.79389,2.25,1.50
2011.08.12 02:09:33.835,0.79366,0.79388,1.88,1.50
2011.08.12 02:09:34.403,0.79366,0.79388,1.50,1.50
2011.08.12 02:09:34.945,0.79366,0.79388,1.50,1.50
2011.08.12 02:09:36.533,0.79366,0.79388,1.50,2.10
2011.08.12 02:09:37.255,0.79366,0.79388,1.50,1.50
2011.08.12 02:09:39.807,0.79366,0.79388,1.50,1.50
2011.08.12 02:09:43.416,0.79369,0.79383,1.50,1.13
2011.08.12 02:09:43.647,0.79359,0.7938,1.50,1.13
2011.08.12 02:09:43.767,0.79356,0.79377,1.50,1.50
2011.08.12 02:09:43.885,0.79354,0.79377,1.35,2.25
2011.08.12 02:09:45.140,0.79357,0.79379,1.50,1.50
2011.08.12 02:09:45.861,0.7936,0.7938,1.13,1.50
2011.08.12 02:09:45.978,0.7936,0.79382,1.88,1.50
2011.08.12 02:09:47.214,0.7936,0.79383,1.88,1.50
2011.08.12 02:09:48.485,0.7936,0.79382,1.88,1.50
2011.08.12 02:09:48.704,0.7936,0.79382,1.88,1.50
2011.08.12 02:09:51.275,0.79361,0.79384,1.50,1.50
2011.08.12 02:09:51.824,0.79361,0.79387,2.25,1.88
2011.08.12 02:09:52.739,0.79364,0.79388,1.88,2.63
2011.08.12 02:09:53.294,0.79366,0.79389,1.50,1.50
2011.08.12 02:09:55.395,0.79367,0.7939,1.50,2.25
2011.08.12 02:09:55.944,0.79368,0.7939,1.50,1.50
2011.08.12 02:09:56.273,0.79366,0.79391,1.50,2.63
2011.08.12 02:09:58.515,0.79366,0.79391,1.50,2.63
2011.08.12 02:10:05.346,0.79366,0.79389,1.50,1.88
2011.08.12 02:10:05.686,0.79364,0.79387,1.50,1.13
2011.08.12 02:10:06.185,0.79362,0.79387,1.50,1.13
2011.08.12 02:10:07.215,0.79364,0.79388,2.25,1.43
2011.08.12 02:10:07.338,0.79366,0.79388,1.50,1.43
2011.08.12 02:10:07.455,0.79365,0.79387,1.50,1.50
2011.08.12 02:10:08.014,0.79364,0.79387,1.50,1.88
2011.08.12 02:10:09.714,0.79365,0.79387,1.88,1.88
2011.08.12 02:10:11.053,0.79365,0.79387,1.50,1.88
2011.08.12 02:10:13.354,0.79368,0.79388,2.63,1.05
2011.08.12 02:10:13.576,0.79368,0.7939,1.50,1.43
2011.08.12 02:10:14.084,0.79367,0.79389,2.25,1.05
2011.08.12 02:10:14.797,0.79368,0.79389,1.50,1.05
2011.08.12 02:10:16.936,0.79368,0.79391,1.50,1.13
2011.08.12 02:10:17.544,0.79368,0.79391,1.50,1.13
2011.08.12 02:10:18.364,0.79368,0.79392,1.50,1.13
2011.08.12 02:10:20.465,0.79372,0.79392,1.13,1.13
2011.08.12 02:10:20.575,0.79373,0.79392,1.50,1.13
2011.08.12 02:10:21.292,0.79372,0.79394,1.50,1.88
2011.08.12 02:10:21.411,0.79369,0.79394,1.88,1.88
2011.08.12 02:10:21.636,0.79368,0.79392,1.50,1.13
2011.08.12 02:10:22.084,0.79368,0.79392,1.50,1.13
2011.08.12 02:10:23.125,0.79365,0.79389,1.50,1.13
2011.08.12 02:10:23.684,0.79363,0.79388,2.25,1.13
2011.08.12 02:10:24.255,0.79365,0.79388,1.50,1.13
2011.08.12 02:10:27.846,0.79365,0.79386,1.50,1.50
2011.08.12 02:10:30.561,0.79365,0.79386,1.50,1.50
2011.08.12 02:10:31.006,0.79362,0.79384,1.50,1.13
2011.08.12 02:10:31.456,0.7936,0.79385,2.25,1.50
2011.08.12 02:10:31.903,0.7936,0.79385,2.25,1.50
2011.08.12 02:10:32.807,0.7936,0.79385,2.25,1.13
2011.08.12 02:10:33.147,0.79365,0.79383,1.50,1.13
2011.08.12 02:10:33.265,0.7936,0.79383,1.50,1.13
2011.08.12 02:10:33.384,0.79359,0.79383,1.50,1.13
2011.08.12 02:10:33.605,0.79359,0.79382,1.50,1.13
2011.08.12 02:10:38.112,0.7936,0.79382,1.50,1.13
2011.08.12 02:10:38.444,0.79359,0.79382,1.50,1.13
2011.08.12 02:10:39.515,0.79361,0.79382,1.13,1.13
2011.08.12 02:10:39.624,0.79361,0.79384,1.88,1.13
2011.08.12 02:10:39.735,0.79363,0.79386,1.50,1.50
2011.08.12 02:10:41.105,0.79363,0.79387,1.50,1.73
2011.08.12 02:10:44.094,0.79364,0.79385,1.50,1.35
2011.08.12 02:10:56.117,0.79364,0.79385,2.25,1.35
2011.08.12 02:10:56.455,0.79368,0.7939,1.50,1.13
2011.08.12 02:11:00.246,0.79368,0.79387,1.50,1.35
2011.08.12 02:11:00.804,0.79366,0.79391,1.50,1.13
2011.08.12 02:11:01.244,0.79367,0.79391,1.50,1.88
2011.08.12 02:11:01.357,0.7937,0.79391,1.50,1.88
2011.08.12 02:11:04.090,0.79371,0.79394,1.50,1.88
2011.08.12 02:11:04.534,0.79371,0.79394,1.50,1.50
2011.08.12 02:11:05.304,0.7937,0.79394,1.50,1.50
2011.08.12 02:11:06.664,0.7937,0.79391,1.50,1.13
2011.08.12 02:11:06.776,0.79367,0.7939,2.25,1.13
2011.08.12 02:11:07.257,0.79369,0.79391,1.50,1.13
2011.08.12 02:11:07.487,0.79372,0.79394,1.50,1.13
2011.08.12 02:11:07.828,0.79381,0.79397,1.50,3.15
2011.08.12 02:11:07.948,0.79381,0.79404,1.50,1.88
2011.08.12 02:11:08.068,0.79381,0.79405,1.50,4.05
2011.08.12 02:11:10.078,0.7938,0.79401,1.50,1.88
2011.08.12 02:11:10.305,0.79382,0.79405,1.50,1.28
2011.08.12 02:11:10.978,0.7938,0.79404,1.50,3.08
2011.08.12 02:11:11.534,0.7938,0.79406,2.25,1.28
2011.08.12 02:11:12.346,0.79378,0.79402,1.50,1.65
2011.08.12 02:11:12.573,0.79378,0.79402,1.50,2.03
2011.08.12 02:11:14.704,0.79377,0.794,1.50,1.13
2011.08.12 02:11:17.094,0.79376,0.79401,1.50,1.13
2011.08.12 02:11:18.193,0.79376,0.79401,1.50,1.13
2011.08.12 02:11:26.523,0.79376,0.794,1.50,1.50
2011.08.12 02:11:27.967,0.79378,0.794,1.50,1.13
2011.08.12 02:11:28.307,0.7938,0.79401,1.50,2.93
2011.08.12 02:11:28.428,0.79381,0.79402,1.50,1.28
2011.08.12 02:11:28.771,0.79382,0.79404,2.25,1.28
2011.08.12 02:11:29.329,0.79382,0.79404,1.50,1.28
2011.08.12 02:11:30.556,0.79383,0.79408,2.25,2.40
2011.08.12 02:11:32.525,0.79383,0.79408,2.25,2.40
2011.08.12 02:11:33.501,0.79381,0.79405,2.25,1.28
2011.08.12 02:11:33.729,0.79378,0.79402,2.25,1.28
2011.08.12 02:11:33.848,0.79378,0.79401,1.50,1.28
2011.08.12 02:11:34.935,0.79378,0.79401,1.50,1.13
2011.08.12 02:11:35.857,0.79378,0.79401,1.50,1.13
2011.08.12 02:11:38.913,0.79377,0.794,1.50,1.50
2011.08.12 02:11:39.139,0.79375,0.79397,2.10,1.88
2011.08.12 02:11:39.584,0.79377,0.79402,1.50,2.03
2011.08.12 02:11:40.905,0.79377,0.794,1.50,1.50
2011.08.12 02:11:41.684,0.79377,0.79402,1.50,2.03
2011.08.12 02:11:42.126,0.79378,0.79403,1.88,1.65
2011.08.12 02:11:44.055,0.79377,0.79401,2.25,1.28
2011.08.12 02:11:44.394,0.79377,0.79401,1.50,1.13
2011.08.12 02:11:52.207,0.79377,0.79401,2.10,1.13
2011.08.12 02:11:53.620,0.79379,0.79401,1.35,1.13
2011.08.12 02:11:56.515,0.79377,0.79401,1.50,1.13
2011.08.12 02:11:58.695,0.7938,0.79401,1.50,1.13
2011.08.12 02:12:04.488,0.79378,0.794,1.50,1.13
2011.08.12 02:12:04.606,0.79378,0.794,2.10,1.13
2011.08.12 02:12:04.951,0.79382,0.79402,1.13,1.65
2011.08.12 02:12:05.297,0.79386,0.79409,1.73,1.65
2011.08.12 02:12:05.857,0.79387,0.79412,2.10,3.18
2011.08.12 02:12:07.148,0.79384,0.79409,1.35,1.28
2011.08.12 02:12:07.596,0.79386,0.79412,3.98,1.31
2011.08.12 02:12:08.811,0.79391,0.79412,1.50,1.31
2011.08.12 02:12:10.927,0.79391,0.79412,2.10,1.31
2011.08.12 02:12:11.158,0.79397,0.79416,1.35,2.93
2011.08.12 02:12:11.277,0.79399,0.7942,1.50,1.50
2011.08.12 02:12:11.395,0.794,0.79424,1.50,1.50
2011.08.12 02:12:11.520,0.79401,0.79423,1.50,1.13
2011.08.12 02:12:11.748,0.794,0.79423,2.25,1.50
2011.08.12 02:12:12.198,0.79408,0.79425,1.35,2.25
2011.08.12 02:12:12.318,0.79408,0.79425,1.35,1.50
2011.08.12 02:12:13.065,0.79404,0.79427,1.50,1.50
2011.08.12 02:12:13.191,0.79402,0.79425,1.88,1.50
2011.08.12 02:12:13.531,0.794,0.79423,1.13,1.50
2011.08.12 02:12:13.651,0.79401,0.79424,1.50,1.50
2011.08.12 02:12:13.766,0.794,0.79425,2.63,1.50
2011.08.12 02:12:14.440,0.79397,0.79422,3.38,1.50
2011.08.12 02:12:16.326,0.79394,0.79419,1.50,1.50
2011.08.12 02:12:16.665,0.79394,0.79419,1.50,1.50
2011.08.12 02:12:17.555,0.79396,0.79421,1.50,1.88
2011.08.12 02:12:17.895,0.79395,0.79421,1.50,1.88
2011.08.12 02:12:18.454,0.79394,0.79417,1.50,1.50
2011.08.12 02:12:21.446,0.79395,0.79417,1.88,1.50
2011.08.12 02:12:22.551,0.79393,0.79417,2.25,1.50
2011.08.12 02:12:23.105,0.79393,0.79417,1.50,1.50
2011.08.12 02:12:24.767,0.79395,0.79419,1.50,2.25
2011.08.12 02:12:25.107,0.79397,0.79419,1.35,1.50
2011.08.12 02:12:25.447,0.79398,0.79423,1.35,1.13
2011.08.12 02:12:26.456,0.794,0.79425,1.88,3.68
2011.08.12 02:12:26.578,0.79403,0.79425,1.35,3.68
2011.08.12 02:12:27.134,0.79402,0.79425,1.35,1.50
2011.08.12 02:12:27.358,0.79402,0.79422,1.35,1.13
2011.08.12 02:12:27.971,0.79399,0.79415,2.10,1.13
2011.08.12 02:12:28.105,0.79386,0.79408,4.50,2.93
2011.08.12 02:12:28.666,0.79384,0.79407,1.50,1.13
2011.08.12 02:12:29.336,0.79382,0.79407,2.10,1.88
2011.08.12 02:12:30.995,0.79382,0.79407,1.50,1.88
2011.08.12 02:12:31.226,0.79381,0.79405,1.50,1.13
2011.08.12 02:12:31.785,0.79381,0.79405,1.50,1.13
2011.08.12 02:12:33.199,0.79378,0.79402,3.00,3.00
2011.08.12 02:12:33.322,0.79378,0.79399,2.25,1.13
2011.08.12 02:12:33.439,0.79378,0.79399,2.25,1.88
2011.08.12 02:12:33.780,0.79371,0.79394,1.50,1.13
2011.08.12 02:12:33.898,0.79371,0.79393,1.50,1.13
2011.08.12 02:12:34.020,0.79367,0.79385,4.50,1.13
2011.08.12 02:12:34.360,0.79364,0.79385,1.50,1.50
2011.08.12 02:12:34.940,0.79361,0.79386,1.50,1.88
2011.08.12 02:12:35.696,0.79361,0.79385,1.50,1.50
2011.08.12 02:12:37.118,0.79361,0.79386,2.25,1.13
2011.08.12 02:12:38.507,0.79369,0.7939,1.73,3.68
2011.08.12 02:12:38.630,0.79372,0.79391,1.35,3.75
2011.08.12 02:12:38.747,0.79372,0.79397,1.35,2.25
2011.08.12 02:12:39.531,0.79372,0.79392,1.35,1.50
2011.08.12 02:12:39.977,0.79372,0.79396,1.35,1.50
2011.08.12 02:12:40.096,0.79372,0.79397,1.35,1.88
2011.08.12 02:12:41.204,0.79372,0.79396,1.35,1.50
2011.08.12 02:12:42.705,0.79372,0.79395,2.10,1.13
2011.08.12 02:12:43.044,0.79372,0.79393,1.50,1.13
2011.08.12 02:12:43.814,0.79372,0.79393,1.50,1.13
2011.08.12 02:12:43.924,0.79371,0.79393,1.50,1.50
2011.08.12 02:12:44.701,0.79369,0.79393,1.50,1.13
2011.08.12 02:12:45.147,0.7937,0.79393,1.50,1.13
2011.08.12 02:12:45.376,0.79373,0.79398,2.10,3.30
2011.08.12 02:12:45.499,0.79377,0.79398,2.25,1.13
2011.08.12 02:12:45.838,0.79381,0.79402,1.35,3.75
2011.08.12 02:12:46.287,0.79381,0.79406,2.10,1.88
2011.08.12 02:12:46.844,0.79385,0.79406,1.35,1.13
2011.08.12 02:12:46.957,0.79385,0.79409,1.35,4.05
2011.08.12 02:12:47.076,0.79388,0.79409,1.35,4.80
2011.08.12 02:12:47.635,0.79387,0.79409,1.35,2.63
2011.08.12 02:12:50.057,0.79387,0.79405,1.35,1.13
2011.08.12 02:12:50.396,0.79389,0.79411,3.60,1.50
2011.08.12 02:12:50.628,0.79389,0.79411,2.10,1.50
2011.08.12 02:12:51.186,0.7939,0.7941,1.50,1.50
2011.08.12 02:12:51.745,0.7939,0.79412,2.25,2.25
2011.08.12 02:12:52.077,0.79385,0.79405,1.13,1.50
2011.08.12 02:12:52.196,0.79382,0.79405,1.13,1.50
2011.08.12 02:12:52.754,0.7938,0.79406,1.50,1.88
2011.08.12 02:12:54.630,0.79383,0.79406,1.50,1.50
2011.08.12 02:12:55.076,0.79389,0.7941,1.50,1.50
2011.08.12 02:12:55.311,0.7939,0.79414,1.50,1.50
2011.08.12 02:12:59.227,0.7939,0.79412,1.50,1.50
2011.08.12 02:12:59.345,0.7939,0.79415,1.50,3.38
2011.08.12 02:13:00.021,0.79386,0.79411,1.50,1.13
2011.08.12 02:13:00.471,0.79395,0.79417,1.50,1.50
2011.08.12 02:13:00.806,0.79394,0.79415,1.50,1.13
2011.08.12 02:13:01.036,0.79392,0.79414,1.50,1.50
2011.08.12 02:13:01.924,0.79391,0.79414,1.50,1.50
2011.08.12 02:13:02.585,0.79391,0.79414,1.50,1.50
2011.08.12 02:13:02.925,0.79394,0.79418,2.25,1.50
2011.08.12 02:13:03.045,0.79394,0.79419,1.50,1.13
2011.08.12 02:13:07.078,0.79397,0.79421,1.13,1.50
2011.08.12 02:13:09.282,0.79397,0.79423,1.88,2.10
2011.08.12 02:13:12.074,0.79396,0.79422,1.50,1.50
2011.08.12 02:13:12.514,0.79396,0.79422,1.50,1.50
2011.08.12 02:13:13.425,0.79396,0.79418,1.50,1.13
2011.08.12 02:13:13.764,0.79395,0.79418,1.50,1.88
2011.08.12 02:13:17.588,0.79395,0.79415,1.50,1.50
2011.08.12 02:13:17.709,0.79386,0.79414,2.25,1.50
2011.08.12 02:13:17.936,0.79386,0.79413,1.88,1.50
2011.08.12 02:13:19.535,0.79386,0.79411,1.13,1.50
2011.08.12 02:13:19.876,0.79383,0.79411,1.88,1.88
2011.08.12 02:13:20.766,0.79383,0.7941,1.50,1.13
2011.08.12 02:13:21.765,0.79384,0.7941,1.50,1.88
2011.08.12 02:13:22.314,0.79384,0.79411,1.50,1.73
2011.08.12 02:13:23.168,0.79388,0.79408,1.13,2.25
2011.08.12 02:13:23.286,0.79386,0.79408,1.73,1.50
2011.08.12 02:13:24.404,0.79383,0.79409,1.13,1.88
2011.08.12 02:13:24.758,0.79384,0.79409,1.50,1.88
2011.08.12 02:13:29.575,0.79384,0.79408,1.50,1.88
2011.08.12 02:13:29.914,0.79384,0.79407,1.50,1.50
2011.08.12 02:13:30.603,0.79384,0.79407,1.50,1.50
2011.08.12 02:13:31.206,0.79384,0.79408,1.50,1.13
2011.08.12 02:13:31.435,0.79384,0.79408,1.50,1.13
2011.08.12 02:13:32.794,0.79385,0.79408,2.25,1.13
2011.08.12 02:13:33.754,0.79385,0.79408,1.50,1.88
2011.08.12 02:13:33.867,0.79385,0.79408,1.50,1.88
2011.08.12 02:13:35.725,0.79383,0.79408,1.50,1.88
2011.08.12 02:13:36.397,0.79385,0.79411,1.13,1.50
2011.08.12 02:13:38.635,0.79385,0.79411,2.25,1.50
2011.08.12 02:13:39.307,0.79385,0.7941,3.00,1.13
2011.08.12 02:13:41.278,0.79387,0.79409,1.50,1.13
2011.08.12 02:13:41.725,0.79382,0.79408,3.00,1.13
2011.08.12 02:13:43.068,0.79386,0.7941,1.13,1.50
2011.08.12 02:13:43.628,0.79386,0.79408,1.50,1.13
2011.08.12 02:13:43.965,0.79385,0.79408,1.50,1.13
2011.08.12 02:13:44.504,0.79384,0.79408,1.50,1.13
2011.08.12 02:13:47.384,0.79383,0.79408,2.10,1.13
2011.08.12 02:13:47.838,0.79388,0.7941,1.50,1.88
2011.08.12 02:13:48.461,0.79383,0.79408,2.10,1.13
2011.08.12 02:13:51.461,0.79388,0.79411,1.50,1.50
2011.08.12 02:13:51.577,0.79385,0.79411,1.50,1.88
2011.08.12 02:13:51.696,0.79388,0.79411,1.50,1.88
2011.08.12 02:13:51.925,0.79388,0.7941,1.50,1.50
2011.08.12 02:13:53.374,0.79383,0.79409,3.23,1.13
2011.08.12 02:13:53.854,0.79383,0.79409,3.23,1.13
2011.08.12 02:14:00.595,0.79383,0.79409,1.73,1.13
2011.08.12 02:14:00.926,0.79383,0.79406,1.13,1.13
2011.08.12 02:14:01.045,0.79381,0.79404,2.25,1.13
2011.08.12 02:14:01.266,0.79383,0.79408,1.13,1.13
2011.08.12 02:14:01.714,0.79383,0.79408,1.13,1.13
2011.08.12 02:14:02.264,0.79384,0.79408,1.50,1.13
2011.08.12 02:14:04.435,0.79382,0.79408,2.63,1.13
2011.08.12 02:14:06.416,0.79386,0.79411,2.25,1.88
2011.08.12 02:14:07.056,0.79387,0.79411,1.50,1.13
2011.08.12 02:14:07.286,0.79386,0.79408,2.25,1.13
2011.08.12 02:14:07.844,0.79386,0.79408,1.50,1.13
2011.08.12 02:14:08.326,0.79384,0.79405,1.50,1.13
2011.08.12 02:14:08.446,0.79383,0.79407,1.50,1.50
2011.08.12 02:14:08.679,0.79384,0.79408,1.50,1.13
2011.08.12 02:14:09.018,0.79383,0.79404,1.50,1.13
2011.08.12 02:14:09.575,0.79383,0.79407,2.25,1.13
2011.08.12 02:14:10.125,0.79383,0.79407,1.50,1.13
2011.08.12 02:14:11.425,0.79384,0.7941,1.88,1.88
2011.08.12 02:14:11.655,0.79384,0.7941,1.88,1.88
2011.08.12 02:14:12.896,0.79384,0.79408,1.88,1.50
2011.08.12 02:14:13.239,0.79383,0.79406,1.50,1.13
2011.08.12 02:14:16.708,0.79383,0.79402,1.50,2.25
2011.08.12 02:14:17.344,0.79376,0.79398,2.55,1.13
2011.08.12 02:14:17.816,0.79376,0.79398,3.30,1.13
2011.08.12 02:14:18.156,0.79378,0.794,1.50,1.13
2011.08.12 02:14:18.500,0.7938,0.79402,1.50,3.30
2011.08.12 02:14:18.835,0.79383,0.79407,1.50,1.13
2011.08.12 02:14:19.394,0.79382,0.79407,2.25,1.13
2011.08.12 02:14:19.724,0.79383,0.79407,1.88,1.13
2011.08.12 02:14:19.834,0.79383,0.79407,1.88,1.13
2011.08.12 02:14:24.154,0.79382,0.79403,2.25,1.13
2011.08.12 02:14:24.268,0.79381,0.79402,1.50,1.13
2011.08.12 02:14:24.387,0.79379,0.79402,1.88,1.88
2011.08.12 02:14:33.785,0.79377,0.79401,2.25,1.50
2011.08.12 02:14:34.567,0.79375,0.79397,1.80,1.13
2011.08.12 02:14:35.128,0.79375,0.79397,2.25,1.13
2011.08.12 02:14:35.884,0.79375,0.79396,1.50,1.50
2011.08.12 02:14:36.216,0.79373,0.79394,1.50,1.50
2011.08.12 02:14:38.316,0.79372,0.79393,1.50,1.50
2011.08.12 02:14:38.875,0.79371,0.79393,1.50,1.50
2011.08.12 02:14:42.366,0.79371,0.79393,1.50,1.50
2011.08.12 02:14:42.705,0.79372,0.79394,1.50,1.35
2011.08.12 02:14:43.271,0.79373,0.79395,1.50,1.35
2011.08.12 02:14:43.961,0.79372,0.79394,1.50,2.48
2011.08.12 02:14:44.816,0.79372,0.79394,2.25,2.10
2011.08.12 02:14:45.376,0.79374,0.79395,1.50,1.35
2011.08.12 02:14:46.458,0.79374,0.79397,2.25,1.13
2011.08.12 02:14:47.707,0.79376,0.79398,2.25,1.50
2011.08.12 02:14:48.048,0.79382,0.79405,1.50,1.88
2011.08.12 02:14:48.275,0.79385,0.79406,1.50,1.88
2011.08.12 02:14:48.886,0.79383,0.79406,1.50,1.13
2011.08.12 02:14:49.245,0.79382,0.79406,2.25,1.13
2011.08.12 02:14:49.906,0.79382,0.79406,2.25,7.50
2011.08.12 02:14:50.136,0.7938,0.794,3.00,1.13
2011.08.12 02:14:50.696,0.7938,0.79401,1.50,1.88
2011.08.12 02:14:50.816,0.79377,0.794,1.50,1.50
2011.08.12 02:14:51.268,0.79376,0.79397,1.50,1.13
2011.08.12 02:14:51.826,0.79374,0.79397,1.50,1.13
2011.08.12 02:14:54.847,0.79374,0.79399,3.38,1.50
2011.08.12 02:14:55.407,0.79374,0.79397,2.25,1.13
2011.08.12 02:14:56.517,0.79381,0.79399,1.50,1.50
2011.08.12 02:14:56.745,0.79381,0.794,1.50,1.13
2011.08.12 02:14:56.975,0.79379,0.794,1.50,1.50
2011.08.12 02:14:57.206,0.79376,0.79397,1.50,1.13
2011.08.12 02:14:57.437,0.79378,0.794,2.25,1.13
2011.08.12 02:14:57.557,0.79381,0.79403,2.25,1.50
2011.08.12 02:14:57.786,0.79381,0.79405,2.25,1.13
2011.08.12 02:14:59.865,0.79381,0.79405,2.25,1.13
2011.08.12 02:15:00.696,0.79382,0.79406,1.50,1.13
2011.08.12 02:15:02.685,0.79382,0.79407,2.25,2.10
2011.08.12 02:15:02.915,0.79385,0.79407,2.25,1.88
2011.08.12 02:15:03.038,0.79384,0.79405,1.13,1.13
2011.08.12 02:15:03.270,0.79381,0.794,1.50,1.13
2011.08.12 02:15:03.825,0.79378,0.79401,2.25,1.13
2011.08.12 02:15:04.416,0.79378,0.79401,1.50,1.13
2011.08.12 02:15:04.974,0.79381,0.79403,2.25,1.73
2011.08.12 02:15:05.755,0.79381,0.79404,2.25,2.10
2011.08.12 02:15:06.086,0.79388,0.79407,1.13,2.55
2011.08.12 02:15:06.930,0.79394,0.79418,1.50,1.50
2011.08.12 02:15:07.053,0.79395,0.79418,1.50,1.50
2011.08.12 02:15:07.938,0.79395,0.79416,1.50,1.73
2011.08.12 02:15:08.055,0.79395,0.79415,1.50,1.73
2011.08.12 02:15:10.537,0.79395,0.79417,1.50,2.10
2011.08.12 02:15:10.987,0.79395,0.7942,2.63,5.10
2011.08.12 02:15:11.106,0.79401,0.79422,1.50,3.30
2011.08.12 02:15:12.328,0.79401,0.79425,1.50,2.48
2011.08.12 02:15:13.439,0.79402,0.79425,1.50,1.13
2011.08.12 02:15:13.668,0.794,0.79425,3.00,1.13
2011.08.12 02:15:13.788,0.794,0.79425,1.50,1.13
2011.08.12 02:15:13.906,0.79403,0.79425,1.50,1.13
2011.08.12 02:15:14.466,0.79403,0.79422,1.50,1.13
2011.08.12 02:15:14.586,0.79398,0.79421,1.50,1.13
2011.08.12 02:15:16.545,0.794,0.79421,1.13,1.13
2011.08.12 02:15:16.775,0.79403,0.79426,1.50,1.73
2011.08.12 02:15:17.258,0.79407,0.79429,1.88,2.18
2011.08.12 02:15:18.253,0.79403,0.79429,1.88,1.13
2011.08.12 02:15:20.412,0.79405,0.7943,1.13,1.50
2011.08.12 02:15:20.638,0.79407,0.79431,1.50,1.73
2011.08.12 02:15:23.445,0.79411,0.79431,1.50,1.73
2011.08.12 02:15:23.666,0.79411,0.79431,1.50,1.13
2011.08.12 02:15:24.116,0.79412,0.79436,1.50,1.13
2011.08.12 02:15:24.457,0.79412,0.79433,1.50,1.35
2011.08.12 02:15:24.580,0.7941,0.79431,1.50,1.13
2011.08.12 02:15:24.807,0.79409,0.79431,2.25,1.13
2011.08.12 02:15:27.167,0.7941,0.79434,1.50,2.93
2011.08.12 02:15:27.287,0.79413,0.79434,2.25,2.18
2011.08.12 02:15:27.407,0.79413,0.79435,2.25,1.13
2011.08.12 02:15:27.634,0.79413,0.79435,2.25,1.13
2011.08.12 02:15:28.185,0.79413,0.79435,1.50,1.13
2011.08.12 02:15:28.856,0.79414,0.79435,1.50,1.13
2011.08.12 02:15:29.435,0.79413,0.79434,1.50,1.50
2011.08.12 02:15:30.616,0.79416,0.79438,1.50,1.73
2011.08.12 02:15:31.174,0.79416,0.79438,1.50,1.13
2011.08.12 02:15:31.397,0.79416,0.79438,1.50,1.13
2011.08.12 02:15:31.516,0.79419,0.79441,1.50,2.63
2011.08.12 02:15:33.584,0.7942,0.79442,1.50,1.50
2011.08.12 02:15:34.539,0.79421,0.79444,1.50,1.50
2011.08.12 02:15:34.987,0.79423,0.79446,1.50,1.50
2011.08.12 02:15:35.107,0.79426,0.7945,1.50,2.48
2011.08.12 02:15:41.125,0.79425,0.79449,2.25,1.50
2011.08.12 02:15:41.685,0.79425,0.79447,1.50,1.13
2011.08.12 02:15:48.595,0.79422,0.79444,1.50,1.50
2011.08.12 02:15:48.716,0.7942,0.79444,1.50,1.50
2011.08.12 02:15:49.274,0.79419,0.79444,1.50,1.88
2011.08.12 02:15:52.247,0.79421,0.79445,2.25,1.13
2011.08.12 02:15:53.934,0.79421,0.79444,1.50,1.13
2011.08.12 02:15:54.625,0.79419,0.79444,2.25,1.88
2011.08.12 02:15:55.885,0.7942,0.79444,1.50,1.88
2011.08.12 02:15:56.214,0.79416,0.79442,1.50,2.25
2011.08.12 02:15:56.326,0.79416,0.79442,1.50,3.00
2011.08.12 02:16:00.454,0.79418,0.79442,1.50,1.50
2011.08.12 02:16:00.565,0.79419,0.79444,2.25,2.25
2011.08.12 02:16:01.016,0.79422,0.79445,1.50,1.50
2011.08.12 02:16:01.246,0.79422,0.79448,1.50,1.73
2011.08.12 02:16:02.025,0.79423,0.79449,1.50,1.13
2011.08.12 02:16:02.576,0.79426,0.7945,1.50,1.13
2011.08.12 02:16:03.235,0.79426,0.7945,1.50,1.13
2011.08.12 02:16:03.794,0.79426,0.7945,1.50,1.88
2011.08.12 02:16:04.127,0.79428,0.79449,1.50,1.50
2011.08.12 02:16:05.063,0.79428,0.7945,1.50,1.13
2011.08.12 02:16:08.067,0.79428,0.79451,1.50,1.50
2011.08.12 02:16:08.300,0.79435,0.79455,1.13,1.50
2011.08.12 02:16:08.418,0.79437,0.79454,1.50,1.35
2011.08.12 02:16:08.757,0.79434,0.79453,1.50,1.13
2011.08.12 02:16:08.988,0.7943,0.79454,1.50,1.35
2011.08.12 02:16:09.326,0.79428,0.79451,1.50,1.13
2011.08.12 02:16:14.856,0.79428,0.79449,1.50,1.50
2011.08.12 02:16:17.229,0.79426,0.79449,1.50,1.50
2011.08.12 02:16:17.995,0.79423,0.79447,2.10,1.13
2011.08.12 02:16:19.436,0.79429,0.79455,1.50,2.48
2011.08.12 02:16:19.555,0.79429,0.79453,1.50,1.13
2011.08.12 02:16:19.887,0.79428,0.7945,1.50,1.13
2011.08.12 02:16:20.554,0.79422,0.7945,3.38,1.88
2011.08.12 02:16:21.234,0.79422,0.7945,3.38,1.88
2011.08.12 02:16:21.795,0.79424,0.7945,1.50,1.13
2011.08.12 02:16:23.555,0.79426,0.79449,1.50,1.13
2011.08.12 02:16:24.002,0.79422,0.79449,1.50,3.00
2011.08.12 02:16:24.335,0.79421,0.79445,1.50,1.50
2011.08.12 02:16:26.011,0.79419,0.79442,1.50,1.13
2011.08.12 02:16:26.527,0.79419,0.79443,1.50,2.85
2011.08.12 02:16:27.845,0.79416,0.79441,2.25,1.13
2011.08.12 02:16:29.218,0.79415,0.7944,1.50,2.25
2011.08.12 02:16:29.449,0.79414,0.79436,2.25,1.13
2011.08.12 02:16:30.326,0.79428,0.7944,1.35,2.93
2011.08.12 02:16:30.559,0.79433,0.79456,1.50,1.35
2011.08.12 02:16:30.677,0.79433,0.79454,1.50,1.50
2011.08.12 02:16:30.907,0.79429,0.79456,1.50,1.35
2011.08.12 02:16:31.028,0.79429,0.79456,1.50,2.10
2011.08.12 02:16:31.917,0.79429,0.79456,1.50,1.13
2011.08.12 02:16:32.722,0.79428,0.79453,2.25,1.13
2011.08.12 02:16:33.057,0.79428,0.79455,2.63,1.88
2011.08.12 02:16:33.667,0.79431,0.79457,1.50,1.88
2011.08.12 02:16:33.786,0.79431,0.79457,1.50,1.50
2011.08.12 02:16:33.912,0.79432,0.79458,1.50,1.88
2011.08.12 02:16:34.137,0.79431,0.79457,1.50,2.25
2011.08.12 02:16:34.256,0.79431,0.79457,1.50,1.88
2011.08.12 02:16:34.595,0.79431,0.79457,1.50,1.88
2011.08.12 02:16:37.838,0.79431,0.79458,1.50,1.13
2011.08.12 02:16:38.394,0.79432,0.79458,1.50,1.13
2011.08.12 02:16:39.475,0.79432,0.79455,1.50,1.13
2011.08.12 02:16:39.597,0.79432,0.79455,1.50,1.88
2011.08.12 02:16:39.936,0.7943,0.79454,2.25,1.13
2011.08.12 02:16:40.495,0.7943,0.79454,1.50,1.88
2011.08.12 02:16:41.947,0.7943,0.79454,1.50,2.63
2011.08.12 02:16:44.074,0.79429,0.79453,2.25,1.50
2011.08.12 02:16:45.064,0.79429,0.79453,1.50,1.50
2011.08.12 02:16:45.646,0.79426,0.79452,2.25,1.50
2011.08.12 02:16:45.874,0.79426,0.79452,3.00,1.50
2011.08.12 02:16:46.555,0.79428,0.79452,1.50,1.50
2011.08.12 02:16:48.706,0.79426,0.79447,2.25,1.13
2011.08.12 02:16:48.826,0.79424,0.79446,1.50,1.13
2011.08.12 02:16:48.948,0.79421,0.79446,1.50,1.13
2011.08.12 02:16:49.066,0.7942,0.79446,3.75,1.13
2011.08.12 02:16:49.807,0.79421,0.79447,1.50,1.13
2011.08.12 02:16:50.906,0.79421,0.79447,2.25,1.13
2011.08.12 02:16:51.027,0.79425,0.79447,2.85,1.13
2011.08.12 02:16:51.146,0.79427,0.79449,1.50,1.50
2011.08.12 02:16:51.376,0.79427,0.79452,1.50,1.50
2011.08.12 02:16:51.934,0.79426,0.79452,2.63,1.50
2011.08.12 02:16:52.446,0.79426,0.7945,1.88,1.50
2011.08.12 02:16:52.784,0.79428,0.79454,1.50,2.63
2011.08.12 02:16:54.377,0.79422,0.79448,1.13,2.10
2011.08.12 02:16:54.497,0.79421,0.79447,1.88,1.50
2011.08.12 02:16:55.072,0.79421,0.79446,1.13,1.50
2011.08.12 02:16:55.192,0.79422,0.79446,1.50,1.50
2011.08.12 02:16:55.525,0.79423,0.79449,1.50,1.50
2011.08.12 02:16:57.184,0.79425,0.7945,1.13,1.50
2011.08.12 02:16:57.405,0.79423,0.7945,1.50,2.25
2011.08.12 02:16:58.287,0.79421,0.79446,1.88,1.50
2011.08.12 02:16:59.965,0.79419,0.79445,2.25,2.63
2011.08.12 02:17:00.086,0.79417,0.79441,1.88,2.25
2011.08.12 02:17:00.204,0.79415,0.79441,3.00,2.25
2011.08.12 02:17:00.645,0.79415,0.7944,2.25,1.50
2011.08.12 02:17:01.255,0.79415,0.7944,2.25,1.50
2011.08.12 02:17:01.915,0.79415,0.79439,1.50,1.50
2011.08.12 02:17:02.905,0.79414,0.79437,1.50,1.50
2011.08.12 02:17:03.457,0.79413,0.79435,1.13,1.50
2011.08.12 02:17:04.444,0.79416,0.79438,1.50,1.50
2011.08.12 02:17:04.777,0.79416,0.79441,1.50,1.50
2011.08.12 02:17:05.446,0.79417,0.79441,3.00,1.50
2011.08.12 02:17:05.568,0.79419,0.79443,2.25,1.50
2011.08.12 02:17:05.798,0.79419,0.79443,2.25,1.50
2011.08.12 02:17:06.135,0.79422,0.79446,3.00,2.25
2011.08.12 02:17:07.016,0.7942,0.79441,1.13,1.50
2011.08.12 02:17:07.247,0.79422,0.79441,1.50,2.25
2011.08.12 02:17:07.369,0.79422,0.79441,2.25,1.50
2011.08.12 02:17:08.785,0.7942,0.79444,2.63,1.50
2011.08.12 02:17:13.165,0.79419,0.79442,1.50,1.13
2011.08.12 02:17:13.278,0.79418,0.79438,1.13,1.50
2011.08.12 02:17:13.507,0.79415,0.79438,1.50,1.50
2011.08.12 02:17:14.066,0.79414,0.79438,1.88,1.50
2011.08.12 02:17:14.744,0.79414,0.79438,1.88,2.25
2011.08.12 02:17:15.965,0.79414,0.79438,1.88,1.50
2011.08.12 02:17:16.195,0.79421,0.7944,1.13,1.50
2011.08.12 02:17:16.539,0.79425,0.79447,1.13,1.50
2011.08.12 02:17:17.097,0.79423,0.79446,1.50,1.50
2011.08.12 02:17:18.524,0.79425,0.79446,1.13,1.50
2011.08.12 02:17:22.755,0.79425,0.79446,1.13,1.50
2011.08.12 02:17:23.477,0.79423,0.79444,2.25,2.93
2011.08.12 02:17:23.598,0.79421,0.79444,1.88,2.93
2011.08.12 02:17:23.717,0.79424,0.79444,1.50,2.93
2011.08.12 02:17:23.838,0.79424,0.79446,2.25,1.50
2011.08.12 02:17:24.175,0.79424,0.79445,1.50,1.50
2011.08.12 02:17:28.115,0.79423,0.79445,2.18,1.50
2011.08.12 02:17:28.447,0.79418,0.79441,2.25,1.50
2011.08.12 02:17:28.565,0.79417,0.79441,3.30,1.50
2011.08.12 02:17:29.125,0.79417,0.79441,3.30,1.50
2011.08.12 02:17:32.115,0.79417,0.79439,1.13,1.50
2011.08.12 02:17:38.976,0.79415,0.79439,3.30,1.50
2011.08.12 02:17:39.427,0.79413,0.79434,2.18,1.50
2011.08.12 02:17:39.655,0.79411,0.79434,2.63,1.50
2011.08.12 02:17:42.977,0.79411,0.79434,2.63,1.50
2011.08.12 02:17:43.204,0.79411,0.79434,2.63,1.50
2011.08.12 02:17:43.774,0.79411,0.79434,1.88,1.50
2011.08.12 02:17:46.907,0.79413,0.79434,1.50,1.50
2011.08.12 02:17:47.245,0.79414,0.79436,2.93,2.25
2011.08.12 02:17:47.923,0.79414,0.79434,2.93,1.50
2011.08.12 02:17:49.318,0.79418,0.79439,2.25,3.68
2011.08.12 02:17:53.076,0.79419,0.7944,2.93,1.50
2011.08.12 02:17:56.585,0.79418,0.7944,2.25,2.25
2011.08.12 02:17:56.807,0.79417,0.7944,1.35,2.25
2011.08.12 02:17:57.036,0.79415,0.79439,1.13,1.50
2011.08.12 02:17:57.266,0.79417,0.79439,2.25,3.68
2011.08.12 02:17:57.776,0.79417,0.79439,2.25,1.50
2011.08.12 02:18:00.126,0.79415,0.79439,1.88,2.25
2011.08.12 02:18:00.467,0.79412,0.79439,1.50,2.25
2011.08.12 02:18:00.697,0.79412,0.79437,1.88,2.93
2011.08.12 02:18:04.094,0.79412,0.79437,1.88,3.68
2011.08.12 02:18:06.918,0.79411,0.79436,2.25,2.25
2011.08.12 02:18:08.259,0.79409,0.79432,2.25,1.50
2011.08.12 02:18:08.380,0.79408,0.79431,1.13,1.50
2011.08.12 02:18:08.718,0.79409,0.79431,1.50,1.50
2011.08.12 02:18:09.492,0.7941,0.79434,1.50,1.50
2011.08.12 02:18:11.017,0.79409,0.79433,1.13,2.25
2011.08.12 02:18:11.137,0.79409,0.79433,1.13,2.25
2011.08.12 02:18:14.648,0.79408,0.79428,1.50,1.13
2011.08.12 02:18:14.988,0.79401,0.79424,1.88,2.93
2011.08.12 02:18:15.698,0.79401,0.79424,2.63,2.93
2011.08.12 02:18:16.304,0.79402,0.79424,1.13,2.93
2011.08.12 02:18:17.814,0.79399,0.79422,2.25,2.93
2011.08.12 02:18:18.154,0.79401,0.79422,3.00,2.93
2011.08.12 02:18:18.378,0.79405,0.79422,1.88,2.18
2011.08.12 02:18:18.497,0.79406,0.79422,1.50,2.18
2011.08.12 02:18:18.615,0.79406,0.79429,1.50,3.68
2011.08.12 02:18:18.949,0.79406,0.79429,1.50,3.68
2011.08.12 02:18:19.179,0.79408,0.79431,1.13,3.68
2011.08.12 02:18:19.409,0.79409,0.79431,1.35,1.50
2011.08.12 02:18:20.817,0.79409,0.79434,2.10,2.93
2011.08.12 02:18:26.095,0.79409,0.79434,1.88,2.93
2011.08.12 02:18:27.686,0.7941,0.79434,1.13,2.93
2011.08.12 02:18:33.516,0.79404,0.79428,1.50,1.50
2011.08.12 02:18:33.647,0.79404,0.79429,3.00,2.93
2011.08.12 02:18:34.207,0.79405,0.7943,2.63,2.93
2011.08.12 02:18:35.314,0.79408,0.7943,1.13,2.93
2011.08.12 02:18:35.538,0.79408,0.7943,2.63,2.93
2011.08.12 02:18:35.765,0.7941,0.79432,1.13,2.93
2011.08.12 02:18:36.317,0.79409,0.79434,2.63,3.68
2011.08.12 02:18:42.657,0.79409,0.79434,1.50,4.43
2011.08.12 02:18:46.247,0.7941,0.79434,1.13,3.68
2011.08.12 02:18:46.826,0.79409,0.79434,1.88,3.68
2011.08.12 02:18:47.415,0.79411,0.79434,1.35,3.68
2011.08.12 02:18:47.526,0.79413,0.79434,1.13,3.68
2011.08.12 02:18:47.756,0.79414,0.79437,1.50,3.68
2011.08.12 02:18:47.875,0.79413,0.79437,1.13,3.68
2011.08.12 02:18:50.935,0.79416,0.79436,2.25,1.50
2011.08.12 02:18:51.158,0.79416,0.79436,3.00,1.50
2011.08.12 02:18:51.735,0.79418,0.7944,1.13,1.35
2011.08.12 02:18:53.466,0.79416,0.7944,1.50,2.10
2011.08.12 02:18:53.696,0.79413,0.79436,1.13,3.68
2011.08.12 02:18:54.144,0.79413,0.79436,1.88,3.68
2011.08.12 02:18:54.474,0.79413,0.79435,1.13,1.50
2011.08.12 02:18:55.195,0.79413,0.79436,1.88,2.93
2011.08.12 02:18:58.695,0.79415,0.79436,1.50,2.93
2011.08.12 02:19:04.917,0.79413,0.79436,1.50,2.93
2011.08.12 02:19:05.038,0.79413,0.79433,1.50,2.93
2011.08.12 02:19:05.156,0.7941,0.79433,1.13,2.93
2011.08.12 02:19:05.386,0.79409,0.79433,1.13,3.68
2011.08.12 02:19:05.505,0.79409,0.79433,1.13,3.68
2011.08.12 02:19:06.385,0.79409,0.79433,1.88,3.68
2011.08.12 02:19:06.875,0.7941,0.79433,1.50,3.68
2011.08.12 02:19:16.266,0.79412,0.79433,2.25,2.18
2011.08.12 02:19:16.495,0.79412,0.79433,2.25,2.18
2011.08.12 02:19:17.176,0.79408,0.79429,1.50,2.18
2011.08.12 02:19:17.846,0.79413,0.79429,1.50,2.18
2011.08.12 02:19:17.965,0.79413,0.79434,1.50,4.28
2011.08.12 02:19:18.439,0.79412,0.79434,1.50,4.28
2011.08.12 02:19:22.294,0.79413,0.79434,1.50,4.28
2011.08.12 02:19:22.516,0.79414,0.79435,2.10,1.50
2011.08.12 02:19:23.075,0.79415,0.79437,1.50,2.93
2011.08.12 02:19:24.616,0.79414,0.79436,3.60,1.50
2011.08.12 02:19:25.177,0.7942,0.79437,1.50,1.50
2011.08.12 02:19:25.408,0.79422,0.79442,1.13,1.50
2011.08.12 02:19:25.969,0.79418,0.79442,2.25,7.35
2011.08.12 02:19:26.088,0.79416,0.79436,2.55,1.50
2011.08.12 02:19:26.740,0.79413,0.79435,1.50,1.50
2011.08.12 02:19:27.076,0.79412,0.79433,1.50,3.68
2011.08.12 02:19:28.628,0.7941,0.79431,1.50,1.88
2011.08.12 02:19:28.966,0.79408,0.79428,1.50,1.50
2011.08.12 02:19:29.526,0.79408,0.79428,1.50,1.50
2011.08.12 02:19:30.085,0.79409,0.79428,1.50,1.50
2011.08.12 02:19:30.636,0.79407,0.79429,1.50,3.68
2011.08.12 02:19:34.335,0.79407,0.79429,2.25,3.68
2011.08.12 02:19:44.529,0.7941,0.79429,2.10,2.93
2011.08.12 02:19:44.865,0.79413,0.79432,2.63,1.50
2011.08.12 02:19:46.026,0.79411,0.79432,1.35,1.50
2011.08.12 02:19:46.366,0.7941,0.7943,1.50,1.50
2011.08.12 02:19:47.236,0.79408,0.79428,1.50,2.18
2011.08.12 02:19:47.796,0.79407,0.79428,1.50,2.18
2011.08.12 02:19:49.166,0.7941,0.79428,1.50,2.18
2011.08.12 02:19:49.508,0.79419,0.79437,1.35,1.50
2011.08.12 02:19:49.846,0.79419,0.79443,2.85,3.00
2011.08.12 02:19:50.508,0.79421,0.79443,1.13,2.25
2011.08.12 02:19:52.586,0.79421,0.79443,1.13,1.50
2011.08.12 02:19:53.476,0.79422,0.79443,1.13,1.50
2011.08.12 02:19:53.600,0.79422,0.79443,1.13,1.50
2011.08.12 02:19:54.155,0.79422,0.79444,1.13,3.68
2011.08.12 02:19:54.709,0.79422,0.79444,1.13,3.68
2011.08.12 02:19:55.268,0.79422,0.79442,1.13,1.50
2011.08.12 02:19:55.391,0.79422,0.79441,1.13,1.50
2011.08.12 02:19:55.508,0.79416,0.79439,1.13,2.93
2011.08.12 02:19:57.485,0.79417,0.79439,1.13,1.35
2011.08.12 02:20:00.665,0.79415,0.7944,1.73,2.93
2011.08.12 02:20:02.036,0.79417,0.7944,1.50,2.93
2011.08.12 02:20:02.159,0.79417,0.79442,1.50,5.55
2011.08.12 02:20:03.186,0.79416,0.79442,2.25,5.93
2011.08.12 02:20:03.642,0.79415,0.79436,1.35,1.50
2011.08.12 02:20:03.759,0.79415,0.79438,1.13,1.13
2011.08.12 02:20:03.877,0.79415,0.79439,1.13,4.05
2011.08.12 02:20:04.435,0.79415,0.79439,1.88,4.05
2011.08.12 02:20:06.836,0.79415,0.79439,1.13,4.05
2011.08.12 02:20:13.384,0.79415,0.79439,1.88,4.05
2011.08.12 02:20:18.187,0.79414,0.79439,2.63,2.93
2011.08.12 02:20:18.987,0.79412,0.79434,2.25,1.35
2011.08.12 02:20:19.107,0.79409,0.79427,1.50,2.18
2011.08.12 02:20:19.338,0.79409,0.79431,2.25,2.93
2011.08.12 02:20:19.566,0.79409,0.79431,1.50,2.18
2011.08.12 02:20:32.031,0.79409,0.79431,1.35,2.18
2011.08.12 02:20:44.212,0.79408,0.79432,1.50,2.93
2011.08.12 02:20:53.345,0.79408,0.79432,1.50,3.68
2011.08.12 02:20:54.805,0.79408,0.79432,1.50,2.93
2011.08.12 02:20:57.647,0.79408,0.79432,1.50,3.68
2011.08.12 02:20:58.307,0.79408,0.79432,1.50,2.93
2011.08.12 02:20:59.327,0.79408,0.7943,1.50,2.18
2011.08.12 02:20:59.886,0.79407,0.7943,1.50,2.93
2011.08.12 02:21:04.965,0.79407,0.7943,1.50,2.93
2011.08.12 02:21:05.296,0.79406,0.79427,1.50,2.18
2011.08.12 02:21:05.417,0.79406,0.79427,1.50,2.93
2011.08.12 02:21:05.539,0.79401,0.79424,1.50,2.55
2011.08.12 02:21:05.656,0.79401,0.7942,1.50,2.18
2011.08.12 02:21:06.769,0.79401,0.79424,1.50,2.93
2011.08.12 02:21:06.887,0.79401,0.79424,1.50,2.18
2011.08.12 02:21:10.927,0.79404,0.79428,1.50,2.93
2011.08.12 02:21:11.495,0.79404,0.79428,1.50,2.18
2011.08.12 02:21:13.885,0.79405,0.79428,1.13,2.18
2011.08.12 02:21:13.995,0.79409,0.7943,1.50,2.93
2011.08.12 02:21:14.545,0.79408,0.79432,1.50,3.30
2011.08.12 02:21:14.877,0.79409,0.79432,1.50,3.30
2011.08.12 02:21:16.565,0.79408,0.79432,1.50,3.30
2011.08.12 02:21:20.528,0.79407,0.79431,2.25,1.73
2011.08.12 02:21:21.086,0.79405,0.79428,1.50,2.93
2011.08.12 02:21:36.815,0.79405,0.79428,1.50,2.93
2011.08.12 02:21:38.540,0.79406,0.79428,1.50,3.68
2011.08.12 02:21:41.406,0.79406,0.79429,1.50,3.68
2011.08.12 02:21:43.806,0.79401,0.79422,2.10,2.93
2011.08.12 02:21:45.527,0.79402,0.79422,2.10,2.18
2011.08.12 02:21:45.647,0.79403,0.79427,1.50,4.43
2011.08.12 02:21:47.094,0.79402,0.79424,1.35,1.50
2011.08.12 02:21:47.211,0.79398,0.79422,1.50,2.93
2011.08.12 02:21:47.727,0.79405,0.79422,1.50,2.18
2011.08.12 02:21:47.956,0.79405,0.79425,1.50,2.25
2011.08.12 02:21:48.848,0.794,0.79424,1.50,1.13
2011.08.12 02:21:49.405,0.79399,0.79422,1.35,2.93
2011.08.12 02:21:57.795,0.79398,0.79418,1.50,2.93
2011.08.12 02:21:58.345,0.79398,0.79418,1.50,2.18
2011.08.12 02:21:58.896,0.79397,0.79418,1.35,2.93
2011.08.12 02:21:59.887,0.79398,0.79421,1.50,1.50
2011.08.12 02:22:00.217,0.79398,0.79422,2.25,1.50
2011.08.12 02:22:01.226,0.79399,0.79423,1.50,2.93
2011.08.12 02:22:01.746,0.794,0.79423,1.50,2.93
2011.08.12 02:22:01.967,0.794,0.79419,1.50,2.18
2011.08.12 02:22:02.087,0.79398,0.79419,1.50,2.93
2011.08.12 02:22:02.745,0.79398,0.79419,1.50,2.93
2011.08.12 02:22:02.987,0.79398,0.79419,1.50,3.68
2011.08.12 02:22:05.027,0.79396,0.79419,2.25,3.68
2011.08.12 02:22:05.585,0.79396,0.79419,2.25,3.68
2011.08.12 02:22:06.148,0.79396,0.79418,1.50,3.68
2011.08.12 02:22:20.386,0.79398,0.79416,2.25,2.18
2011.08.12 02:22:20.724,0.794,0.7942,1.50,2.18
2011.08.12 02:22:20.948,0.79401,0.79424,1.50,2.18
2011.08.12 02:22:21.397,0.79401,0.79424,1.50,2.18
2011.08.12 02:22:32.178,0.79399,0.79424,2.10,2.93
2011.08.12 02:22:32.300,0.79399,0.7942,2.10,2.18
2011.08.12 02:22:32.833,0.79399,0.7942,2.10,2.18
2011.08.12 02:22:33.717,0.79398,0.7942,1.50,2.18
2011.08.12 02:22:35.437,0.79398,0.79419,1.50,2.18
2011.08.12 02:22:39.637,0.79399,0.79418,1.50,2.18
2011.08.12 02:22:52.618,0.79399,0.79418,1.50,2.18
2011.08.12 02:22:52.738,0.79399,0.79422,1.50,2.18
2011.08.12 02:22:53.296,0.79399,0.79422,1.50,3.68
2011.08.12 02:22:53.845,0.794,0.79422,1.50,3.68
2011.08.12 02:22:55.265,0.79398,0.79422,1.50,3.68
2011.08.12 02:22:55.376,0.79398,0.79421,1.50,1.50
2011.08.12 02:22:55.709,0.79394,0.79416,1.50,1.13
2011.08.12 02:22:55.832,0.79394,0.79415,1.50,1.35
2011.08.12 02:22:55.950,0.79387,0.79413,1.13,2.25
2011.08.12 02:22:56.068,0.79386,0.79411,1.13,1.50
2011.08.12 02:22:56.299,0.79385,0.7941,2.10,2.93
2011.08.12 02:22:56.420,0.79385,0.7941,1.35,4.43
2011.08.12 02:22:57.172,0.79378,0.79402,1.13,3.30
2011.08.12 02:22:57.291,0.79376,0.79402,1.50,4.65
2011.08.12 02:22:57.955,0.79376,0.794,1.50,1.50
2011.08.12 02:22:58.867,0.79378,0.79405,1.88,6.15
2011.08.12 02:22:59.385,0.79384,0.79405,1.50,4.28
2011.08.12 02:23:00.157,0.79384,0.79404,1.50,1.50
2011.08.12 02:23:00.716,0.79384,0.79403,1.50,2.18
2011.08.12 02:23:01.394,0.79384,0.79403,1.50,2.93
2011.08.12 02:23:01.840,0.79385,0.79408,1.50,3.68
2011.08.12 02:23:02.178,0.79384,0.79408,1.50,2.93
2011.08.12 02:23:03.186,0.79385,0.79408,1.50,2.93
2011.08.12 02:23:03.298,0.79387,0.79408,2.25,2.93
2011.08.12 02:23:03.419,0.79388,0.7941,1.50,1.13
2011.08.12 02:23:03.645,0.79385,0.79408,3.38,2.93
2011.08.12 02:23:04.859,0.79391,0.79408,1.50,2.93
2011.08.12 02:23:05.417,0.79389,0.79411,3.00,2.93
2011.08.12 02:23:09.067,0.79389,0.79412,2.25,2.93
2011.08.12 02:23:10.289,0.79389,0.79408,1.50,1.13
2011.08.12 02:23:10.517,0.79387,0.79408,1.50,3.30
2011.08.12 02:23:11.076,0.79385,0.79408,1.50,3.30
2011.08.12 02:23:11.516,0.79384,0.79408,1.50,3.90
2011.08.12 02:23:11.737,0.79384,0.79408,1.50,3.90
2011.08.12 02:23:14.477,0.79384,0.79408,1.88,3.53
2011.08.12 02:23:14.599,0.79385,0.79408,1.50,1.35
2011.08.12 02:23:14.717,0.79386,0.79408,1.50,1.73
2011.08.12 02:23:14.838,0.79384,0.79407,2.25,2.93
2011.08.12 02:23:16.687,0.79384,0.79407,2.25,2.93
2011.08.12 02:23:17.569,0.79383,0.79406,1.50,2.93
2011.08.12 02:23:23.857,0.79384,0.79404,1.50,1.50
2011.08.12 02:23:24.406,0.79384,0.79406,1.50,2.93
2011.08.12 02:23:24.516,0.79384,0.79406,2.25,2.18
2011.08.12 02:23:24.747,0.79384,0.79407,1.50,1.50
2011.08.12 02:23:26.166,0.79383,0.79409,1.50,3.90
2011.08.12 02:23:26.717,0.79381,0.79403,2.25,2.93
2011.08.12 02:23:28.981,0.79377,0.79398,1.73,1.50
2011.08.12 02:23:29.576,0.79377,0.79398,1.35,1.50
2011.08.12 02:23:30.349,0.79374,0.79396,1.35,1.50
2011.08.12 02:23:30.579,0.79371,0.79396,1.50,2.25
2011.08.12 02:23:32.227,0.79374,0.79395,1.50,1.50
2011.08.12 02:23:32.962,0.79371,0.7939,1.35,1.50
2011.08.12 02:23:33.479,0.79368,0.79391,1.35,3.68
2011.08.12 02:23:33.789,0.79367,0.7939,1.35,1.50
2011.08.12 02:23:35.309,0.79368,0.7939,1.35,1.50
2011.08.12 02:23:35.540,0.79372,0.79391,1.50,1.50
2011.08.12 02:23:36.096,0.79369,0.79394,6.00,1.50
2011.08.12 02:23:38.297,0.79371,0.79394,1.50,1.50
2011.08.12 02:23:39.296,0.79369,0.79394,2.25,1.50
2011.08.12 02:23:42.086,0.79369,0.7939,1.50,1.50
2011.08.12 02:23:42.197,0.79367,0.7939,1.50,1.50
2011.08.12 02:23:42.307,0.79367,0.7939,1.50,1.50
2011.08.12 02:23:43.618,0.79369,0.79393,1.88,1.50
2011.08.12 02:23:43.957,0.79367,0.79388,1.50,2.93
2011.08.12 02:23:44.407,0.79366,0.79388,1.50,2.93
2011.08.12 02:23:44.966,0.79365,0.79385,2.25,2.18
2011.08.12 02:23:45.668,0.79365,0.79385,2.25,2.18
2011.08.12 02:23:46.229,0.79365,0.79386,1.50,2.93
2011.08.12 02:23:47.447,0.79365,0.79387,2.25,2.93
2011.08.12 02:23:47.958,0.79365,0.79386,1.50,3.68
2011.08.12 02:23:48.296,0.79365,0.79386,1.50,3.68
2011.08.12 02:23:48.989,0.79365,0.79385,1.50,2.93
2011.08.12 02:23:49.217,0.79363,0.79382,1.50,1.50
2011.08.12 02:23:49.337,0.79361,0.79382,1.73,1.50
2011.08.12 02:23:49.458,0.79359,0.79382,1.50,1.50
2011.08.12 02:23:50.470,0.79358,0.79381,1.50,1.13
2011.08.12 02:23:51.025,0.79359,0.79378,1.50,2.93
2011.08.12 02:23:51.577,0.7936,0.79378,1.50,2.18
2011.08.12 02:23:51.697,0.7936,0.79383,1.50,2.93
2011.08.12 02:23:52.257,0.7936,0.79383,2.25,2.93
2011.08.12 02:23:53.577,0.79361,0.79383,1.50,2.93
2011.08.12 02:23:54.248,0.79363,0.79383,1.13,2.18
2011.08.12 02:23:54.366,0.79363,0.79386,1.88,3.68
2011.08.12 02:23:54.926,0.79365,0.79386,1.50,2.93
2011.08.12 02:23:56.386,0.79365,0.79386,2.25,2.93
2011.08.12 02:23:56.505,0.79367,0.79388,1.13,1.50
2011.08.12 02:23:57.937,0.79365,0.79389,1.88,1.35
2011.08.12 02:23:58.058,0.79365,0.79389,1.88,1.35
2011.08.12 02:23:59.327,0.79365,0.79386,1.50,1.50
2011.08.12 02:23:59.437,0.79361,0.79384,1.50,1.50
2011.08.12 02:23:59.996,0.79362,0.79383,1.50,2.93
2011.08.12 02:24:00.546,0.79362,0.79383,1.50,2.93
2011.08.12 02:24:00.878,0.79362,0.79381,1.50,2.93
2011.08.12 02:24:01.107,0.79364,0.79383,1.50,1.50
2011.08.12 02:24:01.888,0.79361,0.79379,1.50,2.93
2011.08.12 02:24:02.598,0.79359,0.79379,1.50,6.68
2011.08.12 02:24:02.718,0.79361,0.79379,1.50,5.93
2011.08.12 02:24:02.947,0.79361,0.79379,1.50,3.75
2011.08.12 02:24:03.289,0.79361,0.7938,1.50,4.05
2011.08.12 02:24:03.736,0.79352,0.79378,2.85,1.50
2011.08.12 02:24:03.957,0.79352,0.79377,2.85,1.50
2011.08.12 02:24:04.296,0.79353,0.79377,1.50,1.50
2011.08.12 02:24:04.977,0.79354,0.79378,1.50,1.50
2011.08.12 02:24:05.528,0.79352,0.79373,1.50,1.88
2011.08.12 02:24:05.867,0.7935,0.79371,1.50,2.18
2011.08.12 02:24:08.205,0.79349,0.79366,3.00,2.18
2011.08.12 02:24:08.745,0.7935,0.79366,1.50,2.18
2011.08.12 02:24:09.190,0.7935,0.79366,1.50,3.15
2011.08.12 02:24:09.313,0.79344,0.79359,1.13,2.18
2011.08.12 02:24:09.430,0.79344,0.79359,2.25,2.18
2011.08.12 02:24:09.660,0.7935,0.79366,1.50,2.18
2011.08.12 02:24:10.826,0.79349,0.79369,1.50,3.68
2011.08.12 02:24:11.719,0.7935,0.79369,1.50,2.18
2011.08.12 02:24:12.381,0.79351,0.7937,1.50,3.68
2011.08.12 02:24:12.717,0.79349,0.7937,2.25,2.93
2011.08.12 02:24:13.157,0.79349,0.79369,1.50,1.13
2011.08.12 02:24:13.267,0.79349,0.79366,1.50,2.18
2011.08.12 02:24:13.390,0.79345,0.79368,1.50,2.18
2011.08.12 02:24:13.508,0.79349,0.7937,1.50,2.93
2011.08.12 02:24:14.065,0.7935,0.7937,1.50,3.68
2011.08.12 02:24:16.307,0.7935,0.79371,1.50,2.93
2011.08.12 02:24:19.994,0.79349,0.7937,1.50,1.50
2011.08.12 02:24:22.577,0.79344,0.79369,1.50,1.88
2011.08.12 02:24:22.698,0.79343,0.79367,1.13,2.93
2011.08.12 02:24:27.207,0.79343,0.79365,1.73,1.50
2011.08.12 02:24:27.428,0.79341,0.7936,1.50,1.50
2011.08.12 02:24:27.657,0.79335,0.79358,1.13,1.50
2011.08.12 02:24:27.777,0.79335,0.79358,1.13,1.50
2011.08.12 02:24:31.279,0.79332,0.79357,2.48,2.25
2011.08.12 02:24:31.620,0.79335,0.79355,1.50,3.53
2011.08.12 02:24:33.407,0.79335,0.79354,1.50,1.50
2011.08.12 02:24:33.529,0.79331,0.79353,1.50,1.50
2011.08.12 02:24:33.758,0.79326,0.79351,4.50,3.30
2011.08.12 02:24:34.430,0.79327,0.79348,1.50,2.18
2011.08.12 02:24:34.769,0.79334,0.79354,1.50,2.18
2011.08.12 02:24:37.197,0.79334,0.79354,1.13,2.18
2011.08.12 02:24:37.430,0.79334,0.79359,1.88,1.50
2011.08.12 02:24:37.986,0.79334,0.79359,1.88,1.50
2011.08.12 02:24:40.879,0.79337,0.7936,1.13,3.68
2011.08.12 02:24:41.221,0.79339,0.7936,1.50,2.93
2011.08.12 02:24:41.448,0.79336,0.79359,2.10,1.50
2011.08.12 02:24:43.086,0.79335,0.79359,1.50,1.50
2011.08.12 02:24:45.499,0.79333,0.79357,2.25,2.25
2011.08.12 02:24:45.837,0.79333,0.79354,2.25,2.18
2011.08.12 02:24:46.024,0.79333,0.79354,2.25,2.18
2011.08.12 02:24:46.760,0.79334,0.79354,1.50,2.18
2011.08.12 02:24:47.486,0.79334,0.79356,1.50,2.93
2011.08.12 02:24:48.317,0.79333,0.79356,1.50,3.68
2011.08.12 02:24:48.660,0.79332,0.79354,1.35,2.93
2011.08.12 02:24:48.996,0.79333,0.79355,1.50,1.50
2011.08.12 02:24:49.978,0.79333,0.79355,1.50,2.63
2011.08.12 02:24:50.206,0.79331,0.79354,2.10,2.93
2011.08.12 02:24:51.807,0.79332,0.79354,2.10,2.93
2011.08.12 02:24:53.491,0.79332,0.79354,2.10,3.68
2011.08.12 02:24:54.788,0.7933,0.79353,1.50,2.93
2011.08.12 02:24:55.237,0.7933,0.79353,1.50,2.93
2011.08.12 02:25:00.478,0.7933,0.79351,1.50,1.13
2011.08.12 02:25:01.219,0.79329,0.79347,1.50,2.18
2011.08.12 02:25:01.341,0.7933,0.79353,1.50,2.93
2011.08.12 02:25:01.856,0.79331,0.79353,1.50,2.93
2011.08.12 02:25:02.316,0.79331,0.79353,1.50,2.93
2011.08.12 02:25:05.196,0.79331,0.79353,1.50,2.93
2011.08.12 02:25:06.191,0.79331,0.79353,1.50,2.93
2011.08.12 02:25:09.196,0.79331,0.79353,1.50,2.93
2011.08.12 02:25:10.706,0.79332,0.79353,1.50,2.93
2011.08.12 02:25:10.843,0.79334,0.79356,1.50,4.28
2011.08.12 02:25:11.906,0.79334,0.79356,1.50,4.28
2011.08.12 02:25:13.669,0.79336,0.79357,1.13,2.93
2011.08.12 02:25:14.007,0.79339,0.79357,1.50,2.18
2011.08.12 02:25:14.128,0.79339,0.79361,1.50,3.30
2011.08.12 02:25:14.361,0.7934,0.79361,1.50,3.30
2011.08.12 02:25:14.917,0.79341,0.79364,4.05,3.68
2011.08.12 02:25:17.506,0.79342,0.79364,1.50,2.93
2011.08.12 02:25:17.839,0.79349,0.79369,2.93,1.50
2011.08.12 02:25:18.178,0.79352,0.79374,1.13,1.50
2011.08.12 02:25:18.740,0.79354,0.79377,1.50,3.68
2011.08.12 02:25:18.860,0.79355,0.79377,1.50,1.50
2011.08.12 02:25:19.088,0.79356,0.79377,1.13,1.50
2011.08.12 02:25:19.318,0.79357,0.79379,1.88,1.13
2011.08.12 02:25:19.437,0.79359,0.79381,2.93,4.50
2011.08.12 02:25:20.108,0.79359,0.79383,2.93,1.13
2011.08.12 02:25:20.666,0.79359,0.79383,2.93,1.13
2011.08.12 02:25:24.507,0.79359,0.79379,2.18,1.13
2011.08.12 02:25:24.738,0.79357,0.79379,1.13,1.13
2011.08.12 02:25:25.305,0.79356,0.79379,4.05,1.13
2011.08.12 02:25:27.400,0.79356,0.79375,3.68,1.13
2011.08.12 02:25:27.956,0.79353,0.79375,1.13,1.13
2011.08.12 02:25:28.177,0.79353,0.79375,1.13,1.13
2011.08.12 02:25:31.147,0.79353,0.79375,1.13,1.13
2011.08.12 02:25:31.597,0.79353,0.79375,1.13,1.13
2011.08.12 02:25:33.988,0.79356,0.79376,1.13,2.93
2011.08.12 02:25:34.219,0.79356,0.79377,4.05,1.50
2011.08.12 02:25:34.561,0.79358,0.79377,1.35,1.50
2011.08.12 02:25:34.791,0.7936,0.79383,1.88,1.50
2011.08.12 02:25:35.349,0.7936,0.79383,2.63,1.50
2011.08.12 02:25:39.287,0.7936,0.79383,1.13,1.50
2011.08.12 02:25:42.207,0.7936,0.79383,1.50,2.25
2011.08.12 02:25:42.327,0.79364,0.79385,1.13,3.68
2011.08.12 02:25:42.668,0.7936,0.79383,1.88,2.63
2011.08.12 02:25:43.226,0.7936,0.79382,1.13,1.13
2011.08.12 02:25:44.027,0.7936,0.79382,1.13,1.13
2011.08.12 02:25:44.247,0.79359,0.79381,2.93,1.50
2011.08.12 02:25:44.367,0.79357,0.79378,3.30,1.13
2011.08.12 02:25:44.938,0.79357,0.79375,2.18,1.13
2011.08.12 02:25:45.065,0.79352,0.79375,1.13,1.88
2011.08.12 02:25:46.218,0.79351,0.79372,1.50,1.13
2011.08.12 02:25:46.344,0.7935,0.79371,2.93,1.13
2011.08.12 02:25:46.462,0.79345,0.7937,1.35,2.25
2011.08.12 02:25:46.690,0.79345,0.79367,1.35,3.30
2011.08.12 02:25:55.487,0.79346,0.79367,2.48,1.50
2011.08.12 02:25:55.719,0.7935,0.7937,1.13,1.50
2011.08.12 02:25:55.838,0.79351,0.79372,1.13,3.68
2011.08.12 02:25:56.397,0.79351,0.79373,3.30,1.50
2011.08.12 02:25:56.728,0.79347,0.79372,5.25,1.13
2011.08.12 02:25:56.847,0.79347,0.79371,4.88,1.50
2011.08.12 02:25:58.061,0.79351,0.79372,4.05,1.50
2011.08.12 02:25:58.661,0.79355,0.79376,1.13,4.43
2011.08.12 02:25:58.784,0.79358,0.79378,3.30,1.50
2011.08.12 02:26:01.007,0.79358,0.79377,3.30,1.50
2011.08.12 02:26:01.556,0.79358,0.79377,3.30,1.50
2011.08.12 02:26:03.767,0.79358,0.79377,4.05,1.50
2011.08.12 02:26:04.895,0.79358,0.79377,3.30,1.50
2011.08.12 02:26:05.622,0.79358,0.79377,3.30,1.50
2011.08.12 02:26:05.959,0.79358,0.79377,2.55,1.50
2011.08.12 02:26:06.080,0.79354,0.79374,2.18,2.25
2011.08.12 02:26:06.638,0.79355,0.79374,2.18,1.50
2011.08.12 02:26:07.197,0.79355,0.79374,2.93,1.50
2011.08.12 02:26:07.797,0.79355,0.79376,2.18,2.25
2011.08.12 02:26:08.129,0.79353,0.7937,2.18,1.50
2011.08.12 02:26:08.467,0.7935,0.7937,3.30,1.50
2011.08.12 02:26:09.056,0.7935,0.79371,3.30,1.50
2011.08.12 02:26:09.656,0.7935,0.7937,3.30,1.50
2011.08.12 02:26:10.100,0.7935,0.7937,4.05,1.50
2011.08.12 02:26:10.965,0.79352,0.79373,1.50,1.13
2011.08.12 02:26:11.848,0.79352,0.79374,1.50,2.25
2011.08.12 02:26:13.097,0.79352,0.79374,1.50,2.25
2011.08.12 02:26:13.538,0.79352,0.79374,1.50,2.25
2011.08.12 02:26:13.876,0.79351,0.79373,1.50,1.50
2011.08.12 02:26:14.426,0.79351,0.79372,1.50,1.50
2011.08.12 02:26:14.647,0.79348,0.79369,1.50,1.13
2011.08.12 02:26:20.856,0.79351,0.79373,1.35,1.50
2011.08.12 02:26:21.187,0.79349,0.79371,1.88,3.68
2011.08.12 02:26:21.308,0.7935,0.79372,2.93,1.50
2011.08.12 02:26:21.646,0.7935,0.79373,2.18,1.13
2011.08.12 02:26:21.977,0.79349,0.79369,1.50,1.13
2011.08.12 02:26:24.776,0.79348,0.79369,1.50,1.13
2011.08.12 02:26:28.035,0.79347,0.79369,3.68,1.13
2011.08.12 02:26:35.506,0.79347,0.79368,3.30,1.13
2011.08.12 02:26:35.727,0.79347,0.7937,3.30,2.25
2011.08.12 02:26:38.057,0.79349,0.79369,1.50,1.13
2011.08.12 02:26:38.397,0.79348,0.79369,1.50,1.50
2011.08.12 02:26:38.848,0.79345,0.79367,1.88,1.13
2011.08.12 02:26:39.626,0.79345,0.79366,1.88,1.50
2011.08.12 02:26:40.282,0.79345,0.79366,1.88,1.50
2011.08.12 02:26:41.037,0.79345,0.79365,1.50,1.50
2011.08.12 02:26:50.985,0.79345,0.79365,1.13,1.50
2011.08.12 02:26:52.277,0.79343,0.79365,2.93,1.88
2011.08.12 02:26:53.379,0.79342,0.79364,2.93,4.05
2011.08.12 02:26:54.711,0.79343,0.79363,1.13,3.68
2011.08.12 02:26:55.267,0.79342,0.79365,2.25,3.30
2011.08.12 02:26:57.288,0.79344,0.79367,1.50,2.25
2011.08.12 02:26:57.628,0.79349,0.7937,2.25,1.50
2011.08.12 02:26:58.186,0.7935,0.7937,1.50,1.50
2011.08.12 02:26:58.738,0.79349,0.7937,2.25,1.50
2011.08.12 02:26:59.366,0.79351,0.79371,1.13,1.35
2011.08.12 02:27:01.247,0.79352,0.79373,4.05,1.50
2011.08.12 02:27:08.455,0.7935,0.79372,1.50,2.25
2011.08.12 02:27:10.606,0.79348,0.79372,4.80,2.25
2011.08.12 02:27:11.158,0.79349,0.79373,2.25,4.80
2011.08.12 02:27:12.392,0.7935,0.79372,1.50,1.50
2011.08.12 02:27:14.608,0.79349,0.79372,3.68,3.68
2011.08.12 02:27:16.758,0.7935,0.79372,2.10,2.93
2011.08.12 02:27:17.099,0.79352,0.79375,1.50,4.43
2011.08.12 02:27:17.326,0.79355,0.79376,3.68,1.50
2011.08.12 02:27:17.667,0.79355,0.79376,2.25,1.50
2011.08.12 02:27:20.972,0.79355,0.79377,1.50,2.48
2011.08.12 02:27:21.091,0.79354,0.79376,1.50,2.93
2011.08.12 02:27:21.804,0.79353,0.79375,1.88,1.50
2011.08.12 02:27:21.921,0.79353,0.79375,1.13,1.88
2011.08.12 02:27:22.747,0.79352,0.79375,1.13,1.88
2011.08.12 02:27:23.307,0.79351,0.79372,1.13,2.93
2011.08.12 02:27:25.227,0.79351,0.79373,1.88,3.30
2011.08.12 02:27:26.897,0.79351,0.79372,2.63,2.18
2011.08.12 02:27:27.867,0.79353,0.79372,1.13,2.18
2011.08.12 02:27:27.987,0.79353,0.79375,1.13,5.03
2011.08.12 02:27:28.107,0.79352,0.79373,1.13,2.93
2011.08.12 02:27:28.776,0.79352,0.79374,1.13,4.05
2011.08.12 02:27:29.479,0.7935,0.7937,2.25,1.13
2011.08.12 02:27:30.039,0.79349,0.7937,1.50,3.30
2011.08.12 02:27:40.307,0.79348,0.7937,1.88,3.90
2011.08.12 02:27:41.475,0.79345,0.79368,1.50,1.50
2011.08.12 02:27:41.594,0.79344,0.79366,2.63,2.93
2011.08.12 02:27:42.480,0.79347,0.79366,1.13,2.18
2011.08.12 02:27:42.817,0.79348,0.79366,1.50,2.18
2011.08.12 02:27:43.147,0.79348,0.7937,2.25,1.13
2011.08.12 02:27:45.031,0.79349,0.79371,1.13,3.68
2011.08.12 02:27:48.857,0.79348,0.79369,1.50,1.13
2011.08.12 02:27:48.968,0.79346,0.79369,1.50,1.13
2011.08.12 02:27:49.089,0.79345,0.79369,2.63,1.13
2011.08.12 02:27:50.748,0.79344,0.79367,1.88,2.93
2011.08.12 02:27:51.306,0.79344,0.79366,1.88,2.93
2011.08.12 02:27:52.877,0.79344,0.79366,2.63,2.93
2011.08.12 02:27:55.327,0.79344,0.79367,2.63,3.30
2011.08.12 02:27:55.441,0.79348,0.79367,1.50,2.93
2011.08.12 02:27:55.668,0.79347,0.7937,1.88,3.30
2011.08.12 02:27:55.900,0.79349,0.79371,1.50,3.68
2011.08.12 02:27:56.500,0.79352,0.79371,1.13,2.93
2011.08.12 02:27:58.888,0.7935,0.79373,1.50,1.88
2011.08.12 02:27:59.007,0.79349,0.79373,1.73,2.63
2011.08.12 02:27:59.227,0.79349,0.79372,1.13,1.50
2011.08.12 02:28:00.587,0.79351,0.7937,1.13,1.50
2011.08.12 02:28:00.696,0.79351,0.7937,1.88,1.50
2011.08.12 02:28:01.789,0.79349,0.79371,1.13,1.88
2011.08.12 02:28:01.909,0.79346,0.79371,2.85,2.63
2011.08.12 02:28:02.030,0.79346,0.7937,2.85,1.50
2011.08.12 02:28:02.700,0.79346,0.79369,3.60,2.93
2011.08.12 02:28:02.822,0.7935,0.79369,1.13,2.93
2011.08.12 02:28:03.050,0.79351,0.79372,1.13,1.50
2011.08.12 02:28:11.255,0.79352,0.79374,1.13,1.50
2011.08.12 02:28:11.808,0.79356,0.79377,1.13,2.25
2011.08.12 02:28:12.554,0.79355,0.79377,1.50,1.88
2011.08.12 02:28:12.887,0.79352,0.79375,1.73,3.68
2011.08.12 02:28:13.117,0.79352,0.79375,1.73,3.68
2011.08.12 02:28:18.662,0.79352,0.79375,1.13,4.43
2011.08.12 02:28:19.217,0.79351,0.79375,1.13,4.43
2011.08.12 02:28:21.409,0.79351,0.79374,1.50,1.50
2011.08.12 02:28:22.086,0.79352,0.79374,1.88,1.50
2011.08.12 02:28:38.137,0.79351,0.79374,1.50,1.50
2011.08.12 02:28:45.724,0.79352,0.79375,1.88,1.50
2011.08.12 02:28:46.317,0.79352,0.79375,2.25,1.50
2011.08.12 02:28:46.876,0.79353,0.79376,1.88,1.50
2011.08.12 02:28:52.999,0.79353,0.79376,2.25,1.50
2011.08.12 02:28:53.558,0.79354,0.79379,2.48,1.50
2011.08.12 02:28:54.967,0.79354,0.79381,4.35,4.05
2011.08.12 02:28:55.711,0.79359,0.79381,1.13,1.13
2011.08.12 02:28:56.268,0.79361,0.79382,1.13,2.93
2011.08.12 02:28:56.826,0.79361,0.79384,1.13,3.68
2011.08.12 02:28:57.267,0.79361,0.79384,1.13,3.68
2011.08.12 02:28:57.489,0.79357,0.79381,1.35,3.30
2011.08.12 02:28:58.087,0.79357,0.79381,1.35,3.30
2011.08.12 02:28:58.198,0.79357,0.79381,2.85,2.93
2011.08.12 02:28:58.318,0.7936,0.79384,1.50,3.30
2011.08.12 02:28:59.587,0.7936,0.79384,1.50,3.30
2011.08.12 02:29:02.429,0.7936,0.79381,1.50,1.13
2011.08.12 02:29:02.770,0.79354,0.79377,1.13,2.93
2011.08.12 02:29:03.408,0.79354,0.79378,1.13,3.30
2011.08.12 02:29:03.748,0.79354,0.79378,1.13,3.30
2011.08.12 02:29:03.869,0.79352,0.79375,2.85,1.13
2011.08.12 02:29:04.429,0.79351,0.79374,2.63,2.93
2011.08.12 02:29:06.287,0.79351,0.79374,2.63,2.93
2011.08.12 02:29:06.398,0.79354,0.79374,1.50,2.93
2011.08.12 02:29:06.629,0.79355,0.79378,1.13,3.30
2011.08.12 02:29:06.861,0.79358,0.79378,1.13,2.18
2011.08.12 02:29:07.374,0.79358,0.79381,1.88,2.25
2011.08.12 02:29:07.494,0.79359,0.79383,1.50,1.50
2011.08.12 02:29:08.387,0.79367,0.79383,1.35,1.50
2011.08.12 02:29:09.937,0.79366,0.79389,1.50,1.88
2011.08.12 02:29:10.283,0.79366,0.79383,1.50,2.93
2011.08.12 02:29:10.401,0.79362,0.79381,1.50,3.30
2011.08.12 02:29:10.630,0.7936,0.79381,1.50,3.30
2011.08.12 02:29:10.858,0.79359,0.7938,1.50,1.13
2011.08.12 02:29:11.092,0.79361,0.79381,1.88,2.18
2011.08.12 02:29:11.316,0.79361,0.79383,2.63,2.93
2011.08.12 02:29:11.866,0.79361,0.79383,1.88,2.93
2011.08.12 02:29:12.589,0.79361,0.79383,2.63,2.93
2011.08.12 02:29:12.997,0.79365,0.79383,1.50,2.18
2011.08.12 02:29:13.546,0.79367,0.79386,1.50,2.93
2011.08.12 02:29:15.507,0.79367,0.79386,1.50,2.93
2011.08.12 02:29:17.218,0.79367,0.79386,1.50,2.93
2011.08.12 02:29:18.788,0.79367,0.79386,1.50,2.93
2011.08.12 02:29:20.926,0.79367,0.79386,1.50,2.93
2011.08.12 02:29:26.716,0.79367,0.79386,1.50,2.93
2011.08.12 02:29:37.759,0.79367,0.79384,1.50,1.13
2011.08.12 02:29:37.878,0.79364,0.79384,1.50,1.13
2011.08.12 02:29:37.998,0.79364,0.79384,1.50,3.30
2011.08.12 02:29:39.220,0.79363,0.79382,2.25,1.35
2011.08.12 02:29:39.340,0.79357,0.79377,2.25,1.13
2011.08.12 02:29:39.571,0.79352,0.79373,1.50,1.13
2011.08.12 02:29:40.019,0.79352,0.79374,2.10,1.13
2011.08.12 02:29:40.250,0.79352,0.79374,1.50,3.30
2011.08.12 02:29:41.450,0.79352,0.79374,1.50,3.30
2011.08.12 02:29:41.573,0.79351,0.79374,2.25,3.30
2011.08.12 02:29:42.126,0.79351,0.79372,2.25,1.13
2011.08.12 02:29:43.827,0.79351,0.79372,1.50,1.13
2011.08.12 02:29:45.369,0.79351,0.7937,1.50,3.00
2011.08.12 02:29:45.709,0.79348,0.79366,1.50,1.13
2011.08.12 02:29:45.937,0.79343,0.79364,1.50,3.68
2011.08.12 02:29:48.086,0.7934,0.79362,1.50,1.13
2011.08.12 02:29:48.739,0.7934,0.79362,1.50,1.13
2011.08.12 02:29:49.188,0.79338,0.79362,3.23,1.13
2011.08.12 02:29:49.747,0.79338,0.79361,1.13,4.43
2011.08.12 02:29:49.969,0.79337,0.79359,1.50,1.50
2011.08.12 02:29:50.527,0.79336,0.79357,2.25,1.50
2011.08.12 02:29:51.528,0.79337,0.79357,1.50,3.00
2011.08.12 02:29:54.106,0.79336,0.79355,1.50,2.93
2011.08.12 02:29:57.858,0.79336,0.79357,1.50,1.13
2011.08.12 02:29:57.976,0.79334,0.79357,2.25,1.13
2011.08.12 02:30:02.676,0.79334,0.79356,1.50,1.13
2011.08.12 02:30:03.337,0.79334,0.79356,1.50,1.13
2011.08.12 02:30:04.670,0.79334,0.79359,2.63,1.50
2011.08.12 02:30:04.787,0.79335,0.7936,2.63,2.25
2011.08.12 02:30:05.318,0.79335,0.7936,2.63,1.88
2011.08.12 02:30:08.268,0.79335,0.7936,1.88,1.88
2011.08.12 02:30:15.637,0.79335,0.79356,1.50,1.13
2011.08.12 02:30:19.996,0.79335,0.79356,1.50,1.13
2011.08.12 02:30:25.220,0.79335,0.79358,1.50,2.25
2011.08.12 02:30:25.349,0.79336,0.79356,2.10,1.13
2011.08.12 02:30:26.486,0.79336,0.79356,1.35,1.13
2011.08.12 02:30:29.359,0.79334,0.79355,1.50,1.50
2011.08.12 02:30:30.140,0.79335,0.79356,1.50,2.93
2011.08.12 02:30:39.896,0.79337,0.79356,1.50,2.93
2011.08.12 02:30:47.860,0.79331,0.79354,6.38,2.93
2011.08.12 02:30:47.988,0.79342,0.79364,1.50,1.88
2011.08.12 02:30:48.098,0.79342,0.79364,3.00,1.13
2011.08.12 02:30:50.279,0.79345,0.79367,2.48,2.93
2011.08.12 02:30:50.508,0.79345,0.79367,2.10,3.68
2011.08.12 02:31:03.641,0.79345,0.79364,2.10,1.13
2011.08.12 02:31:14.711,0.79345,0.79364,1.35,1.13
2011.08.12 02:31:15.268,0.79345,0.79365,1.35,1.13
2011.08.12 02:31:26.929,0.79345,0.79365,1.35,1.13
2011.08.12 02:31:50.906,0.79345,0.79365,1.50,1.13
2011.08.12 02:31:52.317,0.79344,0.79365,1.50,1.13
2011.08.12 02:31:52.649,0.79344,0.79365,1.50,5.18
2011.08.12 02:31:52.877,0.79341,0.79362,1.50,1.13
2011.08.12 02:32:03.337,0.79341,0.79362,1.50,1.50
2011.08.12 02:32:03.902,0.79341,0.79361,1.50,1.13
2011.08.12 02:32:08.796,0.79341,0.79362,1.50,1.13
2011.08.12 02:32:09.519,0.79342,0.79363,2.10,2.93
2011.08.12 02:32:09.749,0.79345,0.79365,1.13,1.13
2011.08.12 02:32:09.871,0.79347,0.79369,1.50,1.50
2011.08.12 02:32:09.990,0.79348,0.7937,1.88,1.50
2011.08.12 02:32:10.967,0.79356,0.79375,1.50,1.13
2011.08.12 02:32:13.587,0.79355,0.79375,2.25,1.13
2011.08.12 02:32:16.209,0.79355,0.79376,2.25,1.13
2011.08.12 02:32:16.549,0.79355,0.79376,1.50,1.13
2011.08.12 02:32:17.447,0.79353,0.79376,1.50,1.13
2011.08.12 02:32:19.245,0.79352,0.79371,3.30,1.50
2011.08.12 02:32:19.365,0.79342,0.79363,1.50,1.13
2011.08.12 02:32:19.479,0.79341,0.7936,1.50,1.13
2011.08.12 02:32:19.820,0.79338,0.7936,2.25,1.13
2011.08.12 02:32:20.159,0.79338,0.7936,2.25,1.13
2011.08.12 02:32:20.789,0.79338,0.7936,1.50,1.13
2011.08.12 02:32:21.029,0.79338,0.7936,1.50,1.13
2011.08.12 02:32:24.426,0.79338,0.79359,1.50,1.13
2011.08.12 02:32:26.706,0.79338,0.79359,2.25,1.13
2011.08.12 02:32:27.038,0.79341,0.79363,1.35,3.30
2011.08.12 02:32:27.158,0.79342,0.79364,2.25,1.13
2011.08.12 02:32:27.807,0.79347,0.79367,1.50,1.13
2011.08.12 02:32:28.377,0.79347,0.79367,1.50,1.13
2011.08.12 02:32:28.726,0.79347,0.79367,2.25,1.13
2011.08.12 02:32:29.549,0.79347,0.79367,1.50,1.13
2011.08.12 02:32:31.858,0.79347,0.79369,1.50,1.50
2011.08.12 02:32:31.970,0.7935,0.79371,1.13,3.30
2011.08.12 02:32:32.308,0.79354,0.79376,1.50,1.13
2011.08.12 02:32:32.537,0.79354,0.79376,1.50,1.13
2011.08.12 02:32:34.217,0.79354,0.79376,1.50,1.13
2011.08.12 02:32:34.329,0.79354,0.79376,1.50,1.13
2011.08.12 02:32:34.567,0.79357,0.79378,1.13,2.93
2011.08.12 02:32:34.803,0.79358,0.79379,2.93,1.13
2011.08.12 02:32:38.774,0.79354,0.79375,1.50,1.13
2011.08.12 02:32:38.888,0.79354,0.79375,2.25,1.13
2011.08.12 02:32:40.048,0.79354,0.79377,2.63,2.93
2011.08.12 02:32:40.500,0.79359,0.7938,1.50,3.30
2011.08.12 02:32:40.620,0.79359,0.7938,3.00,1.13
2011.08.12 02:32:49.499,0.79361,0.79383,2.25,3.90
2011.08.12 02:32:49.838,0.79363,0.79383,3.68,1.73
2011.08.12 02:32:54.459,0.79363,0.79381,3.68,1.13
2011.08.12 02:32:54.578,0.79361,0.7938,1.50,1.13
2011.08.12 02:32:54.698,0.7936,0.7938,1.50,1.13
2011.08.12 02:33:01.347,0.79359,0.7938,3.00,1.13
2011.08.12 02:33:01.567,0.79358,0.7938,3.68,1.13
2011.08.12 02:33:13.729,0.79361,0.79382,1.50,2.25
2011.08.12 02:33:14.069,0.79359,0.79382,1.50,1.13
2011.08.12 02:33:19.217,0.79359,0.79382,1.13,1.50
2011.08.12 02:33:20.802,0.79358,0.79378,2.93,1.13
2011.08.12 02:33:42.647,0.79356,0.79378,2.63,1.13
2011.08.12 02:34:04.443,0.79356,0.79375,2.25,1.13
2011.08.12 02:34:04.670,0.79353,0.79374,1.35,1.13
2011.08.12 02:34:05.291,0.79351,0.79374,1.13,1.88
2011.08.12 02:34:14.701,0.79356,0.79378,2.93,2.93
2011.08.12 02:34:24.100,0.79356,0.79378,2.93,2.93
2011.08.12 02:34:24.439,0.7936,0.7938,1.88,2.93
2011.08.12 02:34:24.777,0.7936,0.79381,1.13,2.93
2011.08.12 02:34:24.998,0.79357,0.79379,1.50,1.13
2011.08.12 02:34:25.998,0.79355,0.79379,2.63,1.13
2011.08.12 02:34:26.860,0.79356,0.79379,1.13,1.13
2011.08.12 02:34:27.311,0.79356,0.79379,1.13,1.13
2011.08.12 02:34:27.430,0.79356,0.79379,1.13,1.13
2011.08.12 02:34:27.549,0.79355,0.79379,4.80,1.13
2011.08.12 02:34:28.001,0.79354,0.79376,2.10,1.13
2011.08.12 02:34:28.339,0.79352,0.79376,2.63,1.13
2011.08.12 02:34:28.678,0.79352,0.79376,1.88,1.13
2011.08.12 02:34:29.557,0.79352,0.79374,1.13,1.13
2011.08.12 02:34:30.218,0.79351,0.79371,1.50,1.13
2011.08.12 02:34:31.648,0.7935,0.79371,2.25,1.13
2011.08.12 02:34:32.299,0.7935,0.79371,2.25,1.13
2011.08.12 02:34:32.857,0.79351,0.79371,1.50,1.13
2011.08.12 02:34:33.567,0.7935,0.79371,2.25,1.13
2011.08.12 02:34:33.678,0.7935,0.79371,2.25,1.13
2011.08.12 02:34:34.509,0.79348,0.79371,2.48,1.13
2011.08.12 02:34:36.540,0.79348,0.79369,1.50,1.13
2011.08.12 02:34:36.769,0.79347,0.79369,1.50,1.13
2011.08.12 02:34:38.050,0.79348,0.79369,1.50,1.13
2011.08.12 02:34:38.936,0.79349,0.79369,2.25,1.13
2011.08.12 02:34:44.767,0.7935,0.79368,1.50,2.18
2011.08.12 02:34:45.316,0.79348,0.79367,1.50,1.13
2011.08.12 02:34:50.716,0.79346,0.79367,1.50,1.13
2011.08.12 02:34:51.268,0.79348,0.79371,1.88,1.13
2011.08.12 02:34:52.277,0.79349,0.79371,1.50,1.13
2011.08.12 02:34:52.619,0.79348,0.79371,1.13,1.88
2011.08.12 02:34:52.740,0.79347,0.79367,2.93,1.73
2011.08.12 02:34:52.860,0.79345,0.79367,1.13,1.13
2011.08.12 02:34:53.087,0.79344,0.79367,1.88,1.13
2011.08.12 02:34:53.751,0.79345,0.79367,1.13,1.88
2011.08.12 02:34:54.308,0.79345,0.79367,1.13,1.13
2011.08.12 02:34:54.639,0.79346,0.79367,1.50,1.13
2011.08.12 02:34:56.148,0.79346,0.79368,1.88,1.13
2011.08.12 02:34:57.233,0.79346,0.79368,1.88,1.13
2011.08.12 02:34:58.051,0.79346,0.79368,1.88,1.13
2011.08.12 02:34:59.638,0.79345,0.79367,2.63,1.13
2011.08.12 02:35:03.222,0.79345,0.79366,1.50,1.50
2011.08.12 02:35:03.339,0.79344,0.79365,2.18,1.13
2011.08.12 02:35:04.180,0.79343,0.79365,1.13,1.50
2011.08.12 02:35:07.540,0.79343,0.79366,1.13,2.25
2011.08.12 02:35:07.880,0.79339,0.79356,2.93,1.13
2011.08.12 02:35:07.998,0.79333,0.79355,1.13,1.13
2011.08.12 02:35:08.228,0.79333,0.79351,2.93,1.73
2011.08.12 02:35:08.458,0.79328,0.79351,1.50,3.90
2011.08.12 02:35:08.787,0.79328,0.79351,1.50,2.55
2011.08.12 02:35:09.117,0.79327,0.79351,4.65,4.05
2011.08.12 02:35:09.232,0.79327,0.79351,4.65,4.05
2011.08.12 02:35:09.458,0.79327,0.79349,4.65,1.50
2011.08.12 02:35:11.359,0.79328,0.79349,4.05,1.50
2011.08.12 02:35:11.483,0.79328,0.79349,5.93,1.50
2011.08.12 02:35:12.147,0.79333,0.79353,2.55,1.50
2011.08.12 02:35:12.479,0.79333,0.79353,2.93,1.50
2011.08.12 02:35:12.708,0.79335,0.79354,3.30,1.50
2011.08.12 02:35:12.938,0.79335,0.79354,2.55,1.50
2011.08.12 02:35:13.798,0.79335,0.79357,2.55,1.50
2011.08.12 02:35:14.129,0.79335,0.79357,2.55,1.50
2011.08.12 02:35:19.949,0.79335,0.7936,3.68,4.05
2011.08.12 02:35:20.068,0.79335,0.7936,4.43,4.05
2011.08.12 02:35:20.628,0.79337,0.7936,1.88,1.13
2011.08.12 02:35:20.862,0.79337,0.79362,2.25,1.13
2011.08.12 02:35:21.386,0.79337,0.79362,2.25,1.13
2011.08.12 02:35:23.597,0.79338,0.79362,1.13,1.50
2011.08.12 02:35:25.328,0.79337,0.79358,3.68,1.13
2011.08.12 02:35:25.451,0.79336,0.79358,1.13,1.13
2011.08.12 02:35:26.009,0.79335,0.79356,1.13,1.50
2011.08.12 02:35:26.908,0.79331,0.79352,2.25,1.50
2011.08.12 02:35:27.140,0.7933,0.79352,1.13,1.50
2011.08.12 02:35:27.259,0.79332,0.79352,1.50,1.50
2011.08.12 02:35:27.599,0.79331,0.79354,2.25,1.88
2011.08.12 02:35:27.719,0.79332,0.79352,1.50,1.50
2011.08.12 02:35:27.947,0.79335,0.79355,3.30,1.35
2011.08.12 02:35:28.828,0.79335,0.79356,2.93,1.88
2011.08.12 02:35:29.387,0.79334,0.79356,3.30,4.05
2011.08.12 02:35:30.529,0.79334,0.79356,3.30,3.68
2011.08.12 02:35:31.347,0.79334,0.79357,4.05,1.88
2011.08.12 02:35:31.802,0.79336,0.79358,3.68,1.50
2011.08.12 02:35:33.318,0.79336,0.79357,2.93,1.13
2011.08.12 02:35:33.657,0.79334,0.79355,1.13,2.93
2011.08.12 02:35:34.319,0.79333,0.79353,2.93,1.88
2011.08.12 02:35:34.549,0.79328,0.79348,3.68,1.13
2011.08.12 02:35:34.670,0.79328,0.79349,1.50,2.93
2011.08.12 02:35:34.899,0.7933,0.79352,1.50,2.93
2011.08.12 02:35:35.019,0.79333,0.79349,1.88,1.50
2011.08.12 02:35:35.684,0.79333,0.79354,4.05,1.50
2011.08.12 02:35:36.998,0.79333,0.79352,3.68,1.13
2011.08.12 02:35:37.118,0.79333,0.79352,2.18,1.13
2011.08.12 02:35:37.228,0.7933,0.79352,1.88,3.30
2011.08.12 02:35:39.229,0.7933,0.79352,1.88,3.30
2011.08.12 02:35:39.797,0.79334,0.79355,1.13,2.93
2011.08.12 02:35:43.078,0.79334,0.79355,1.13,2.93
2011.08.12 02:35:43.419,0.79329,0.79352,1.88,1.13
2011.08.12 02:35:43.868,0.79326,0.79349,1.88,4.05
2011.08.12 02:35:44.208,0.79329,0.79353,1.88,3.30
2011.08.12 02:35:44.908,0.79329,0.79353,2.63,3.30
2011.08.12 02:35:48.020,0.79331,0.79352,1.50,1.50
2011.08.12 02:35:48.916,0.79332,0.79353,1.88,1.50
2011.08.12 02:35:49.037,0.79336,0.79358,1.13,1.50
2011.08.12 02:35:58.387,0.79332,0.79356,3.98,3.30
2011.08.12 02:35:59.947,0.79332,0.79356,3.23,4.05
2011.08.12 02:36:04.498,0.79334,0.79356,1.13,3.68
2011.08.12 02:36:04.617,0.79336,0.79357,2.18,1.50
2011.08.12 02:36:11.857,0.79336,0.79357,2.18,1.50
2011.08.12 02:36:13.199,0.79336,0.79357,2.18,1.50
2011.08.12 02:36:13.966,0.79335,0.79357,2.63,1.50
2011.08.12 02:36:14.747,0.79335,0.79357,2.25,1.50
2011.08.12 02:36:15.077,0.79341,0.79362,1.50,2.48
2011.08.12 02:36:15.760,0.79341,0.79362,1.50,1.88
2011.08.12 02:36:15.987,0.79341,0.79362,1.50,1.88
2011.08.12 02:36:18.029,0.79341,0.79358,1.50,1.50
2011.08.12 02:36:18.152,0.79336,0.79357,1.88,1.50
2011.08.12 02:36:18.273,0.79337,0.79358,1.50,1.50
2011.08.12 02:36:19.530,0.79339,0.79358,1.13,2.10
2011.08.12 02:36:19.869,0.79334,0.79358,2.25,1.50
2011.08.12 02:36:20.209,0.79336,0.79358,1.50,1.50
2011.08.12 02:36:22.219,0.79341,0.7936,1.13,2.03
2011.08.12 02:36:24.889,0.79339,0.7936,1.50,2.03
2011.08.12 02:36:25.448,0.79339,0.7936,1.50,1.28
2011.08.12 02:36:28.727,0.79342,0.7936,1.13,1.28
2011.08.12 02:36:30.138,0.79341,0.79363,1.88,1.28
2011.08.12 02:36:30.689,0.79343,0.79364,1.50,1.28
2011.08.12 02:36:31.247,0.79345,0.79364,1.13,1.28
2011.08.12 02:36:31.689,0.79345,0.79367,1.13,1.13
2011.08.12 02:36:32.752,0.79346,0.79368,1.88,3.68
2011.08.12 02:36:34.301,0.79346,0.79368,1.13,1.13
2011.08.12 02:36:34.750,0.79345,0.79369,1.13,3.30
2011.08.12 02:36:35.306,0.79345,0.79369,1.13,3.30
2011.08.12 02:36:35.419,0.79349,0.79369,3.00,2.93
2011.08.12 02:36:35.758,0.79352,0.79373,1.35,1.50
2011.08.12 02:36:36.317,0.79353,0.79376,1.13,1.50
2011.08.12 02:36:37.661,0.79345,0.79369,1.88,3.30
2011.08.12 02:36:37.778,0.79345,0.79369,1.13,4.05
2011.08.12 02:36:37.899,0.79345,0.79369,1.13,4.05
2011.08.12 02:36:39.227,0.79345,0.79369,1.13,5.18
2011.08.12 02:36:43.067,0.79345,0.79369,1.13,4.43
2011.08.12 02:36:46.439,0.79346,0.79368,2.10,1.13
2011.08.12 02:36:46.566,0.79349,0.79371,1.88,1.13
2011.08.12 02:36:48.148,0.79349,0.79371,1.13,1.13
2011.08.12 02:36:56.066,0.79349,0.79371,1.13,1.13
2011.08.12 02:36:56.408,0.79349,0.79371,1.13,1.13
2011.08.12 02:36:56.520,0.79348,0.79367,1.50,1.13
2011.08.12 02:36:56.747,0.79346,0.79367,1.50,1.13
2011.08.12 02:36:57.388,0.79346,0.79367,1.50,1.13
2011.08.12 02:36:59.123,0.79344,0.79367,1.88,1.13
2011.08.12 02:37:05.089,0.79341,0.79364,2.48,3.30
2011.08.12 02:37:05.317,0.79341,0.79363,2.48,1.50
2011.08.12 02:37:05.914,0.79341,0.79362,1.73,1.50
2011.08.12 02:37:09.848,0.79341,0.79362,1.35,1.50
2011.08.12 02:37:21.928,0.79339,0.79362,1.35,1.50
2011.08.12 02:37:23.559,0.7934,0.79362,2.10,1.50
2011.08.12 02:37:24.008,0.79342,0.79366,1.88,3.30
2011.08.12 02:37:24.461,0.79345,0.79366,1.50,2.93
2011.08.12 02:37:24.581,0.79349,0.79369,1.13,1.50
2011.08.12 02:37:24.918,0.79349,0.79371,1.13,3.30
2011.08.12 02:37:26.555,0.79348,0.79368,1.50,1.88
2011.08.12 02:37:26.779,0.79339,0.79361,2.25,1.13
2011.08.12 02:37:27.339,0.79336,0.79358,2.25,3.30
2011.08.12 02:37:27.788,0.79336,0.79358,2.25,3.30
2011.08.12 02:37:29.999,0.79338,0.79358,1.13,2.93
2011.08.12 02:37:30.118,0.79339,0.7936,1.50,1.50
2011.08.12 02:37:32.941,0.79339,0.79362,3.00,3.30
2011.08.12 02:37:33.584,0.79341,0.79362,1.50,2.93
2011.08.12 02:37:33.703,0.79346,0.79369,1.13,2.48
2011.08.12 02:37:34.148,0.79345,0.79365,1.50,1.13
2011.08.12 02:37:34.917,0.79343,0.79365,1.88,1.13
2011.08.12 02:37:37.397,0.79343,0.79365,1.88,1.88
2011.08.12 02:37:37.727,0.79341,0.79365,2.25,1.88
2011.08.12 02:37:39.041,0.79339,0.79361,1.88,1.13
2011.08.12 02:37:39.159,0.79339,0.79361,1.13,1.88
2011.08.12 02:37:40.961,0.79339,0.79365,2.10,1.50
2011.08.12 02:37:41.408,0.79341,0.79365,1.88,1.50
2011.08.12 02:37:43.999,0.79342,0.79368,2.85,1.13
2011.08.12 02:37:49.772,0.79344,0.79366,1.88,1.13
2011.08.12 02:37:50.379,0.79344,0.79366,1.88,1.13
2011.08.12 02:37:52.039,0.79344,0.79366,1.88,1.13
2011.08.12 02:37:52.598,0.79341,0.79365,3.00,1.50
2011.08.12 02:37:53.621,0.79343,0.79365,2.55,1.50
2011.08.12 02:37:55.938,0.79343,0.79366,2.55,1.13
2011.08.12 02:38:01.039,0.79344,0.79366,1.13,1.88
2011.08.12 02:38:01.159,0.79346,0.79366,1.50,1.13
2011.08.12 02:38:01.612,0.79347,0.79367,2.93,1.73
2011.08.12 02:38:02.165,0.79346,0.79367,1.50,1.73
2011.08.12 02:38:02.609,0.79344,0.79367,1.50,1.73
2011.08.12 02:38:04.189,0.79345,0.79368,1.50,4.65
2011.08.12 02:38:08.179,0.79345,0.79367,1.50,1.73
2011.08.12 02:38:09.607,0.79343,0.79366,1.50,1.13
2011.08.12 02:38:10.461,0.79344,0.79368,1.50,2.85
2011.08.12 02:38:10.579,0.79347,0.79369,1.13,1.88
2011.08.12 02:38:10.700,0.79347,0.79366,1.13,2.18
2011.08.12 02:38:10.818,0.79347,0.79369,1.13,1.88
2011.08.12 02:38:11.367,0.79347,0.79371,1.88,3.68
2011.08.12 02:38:11.827,0.79347,0.79371,1.88,3.30
2011.08.12 02:38:12.597,0.7935,0.79372,1.50,3.30
2011.08.12 02:38:14.331,0.7935,0.79371,1.50,1.13
2011.08.12 02:38:22.748,0.79348,0.7937,1.13,1.13
2011.08.12 02:38:23.078,0.79348,0.7937,1.13,1.13
2011.08.12 02:38:23.300,0.79348,0.79371,1.13,3.30
2011.08.12 02:38:30.369,0.79348,0.7937,1.13,1.88
2011.08.12 02:38:30.931,0.79348,0.79369,1.13,1.50
2011.08.12 02:38:31.162,0.79347,0.79367,2.18,1.13
2011.08.12 02:38:31.500,0.7934,0.79364,1.13,3.68
2011.08.12 02:38:32.057,0.7934,0.79363,1.13,1.13
2011.08.12 02:38:33.398,0.7934,0.79362,1.13,1.13
2011.08.12 02:38:36.127,0.7934,0.79363,1.13,1.88
2011.08.12 02:38:37.415,0.79347,0.79365,2.18,1.50
2011.08.12 02:38:37.538,0.79347,0.79368,2.93,1.13
2011.08.12 02:38:37.870,0.79348,0.7937,1.13,1.13
2011.08.12 02:38:38.100,0.79351,0.79373,1.13,2.10
2011.08.12 02:38:38.748,0.79351,0.79373,1.13,1.35
2011.08.12 02:38:40.568,0.79351,0.79374,1.13,1.73
2011.08.12 02:38:42.658,0.79351,0.79373,1.13,1.35
2011.08.12 02:38:50.667,0.79353,0.79375,2.25,1.13
2011.08.12 02:38:50.777,0.79353,0.79376,2.25,3.30
2011.08.12 02:38:56.381,0.79356,0.79376,1.50,2.93
2011.08.12 02:38:56.499,0.79357,0.79376,1.50,2.18
2011.08.12 02:38:56.620,0.79359,0.7938,2.63,1.50
2011.08.12 02:38:56.739,0.79359,0.79384,4.80,2.55
2011.08.12 02:39:00.767,0.7936,0.79385,4.43,1.35
2011.08.12 02:39:01.317,0.79362,0.79385,1.13,1.73
2011.08.12 02:39:06.761,0.7936,0.79381,2.93,1.13
2011.08.12 02:39:06.883,0.79358,0.79381,2.25,1.13
2011.08.12 02:39:07.440,0.79357,0.7938,1.88,1.13
2011.08.12 02:39:08.098,0.79357,0.79381,1.88,2.48
2011.08.12 02:39:09.356,0.79357,0.7938,1.88,1.88
2011.08.12 02:39:09.689,0.79351,0.79374,1.50,1.35
2011.08.12 02:39:09.801,0.79351,0.79372,1.50,1.35
2011.08.12 02:39:10.358,0.7935,0.79372,1.50,2.10
2011.08.12 02:39:14.168,0.79349,0.79372,1.13,1.35
2011.08.12 02:39:14.809,0.79348,0.79372,3.68,2.10
2011.08.12 02:39:14.930,0.79347,0.79369,1.50,1.13
2011.08.12 02:39:15.269,0.79344,0.79369,1.50,2.25
2011.08.12 02:39:15.599,0.79345,0.79367,1.50,1.13
2011.08.12 02:39:17.449,0.79344,0.79366,1.88,1.13
2011.08.12 02:39:19.310,0.79343,0.79363,2.55,1.50
2011.08.12 02:39:19.431,0.79343,0.79365,2.18,1.13
2011.08.12 02:39:20.238,0.79341,0.79362,1.50,1.13
2011.08.12 02:39:20.354,0.79338,0.79362,1.13,1.88
2011.08.12 02:39:20.912,0.79338,0.79362,1.13,1.88
2011.08.12 02:39:21.252,0.79338,0.79359,1.13,2.25
2011.08.12 02:39:21.595,0.79335,0.79356,1.50,1.50
2011.08.12 02:39:22.148,0.79333,0.79355,1.35,1.13
2011.08.12 02:39:22.682,0.79333,0.79355,1.35,1.50
2011.08.12 02:39:22.803,0.79331,0.79352,2.93,1.13
2011.08.12 02:39:23.365,0.79328,0.79349,2.10,1.13
2011.08.12 02:39:24.367,0.79326,0.79349,1.50,1.13
2011.08.12 02:39:24.918,0.79325,0.79349,3.38,1.13
2011.08.12 02:39:26.148,0.79325,0.79346,2.25,1.13
2011.08.12 02:39:26.480,0.79322,0.79345,5.10,1.13
2011.08.12 02:39:26.714,0.79322,0.79343,1.35,1.50
2011.08.12 02:39:27.049,0.79319,0.79341,1.50,1.13
2011.08.12 02:39:27.160,0.79319,0.79339,1.50,1.50
2011.08.12 02:39:27.499,0.79314,0.79337,1.13,1.88
2011.08.12 02:39:31.449,0.79312,0.79337,6.30,2.48
2011.08.12 02:39:31.558,0.79312,0.79333,2.25,1.13
2011.08.12 02:39:32.441,0.79312,0.79334,1.50,2.25
2011.08.12 02:39:32.669,0.79314,0.79337,1.13,1.88
2011.08.12 02:39:33.011,0.79317,0.7934,1.13,2.25
2011.08.12 02:39:33.349,0.79316,0.79337,1.50,1.13
2011.08.12 02:39:33.680,0.7931,0.79334,3.00,1.13
2011.08.12 02:39:36.239,0.79309,0.79331,1.50,1.13
2011.08.12 02:39:36.801,0.79308,0.79331,4.05,1.13
2011.08.12 02:39:37.307,0.79308,0.7933,1.13,1.50
2011.08.12 02:39:37.849,0.79308,0.7933,1.88,1.50
2011.08.12 02:39:39.000,0.7931,0.79332,1.13,1.50
2011.08.12 02:39:39.231,0.7931,0.79335,1.13,4.05
2011.08.12 02:39:39.791,0.79314,0.79339,1.13,1.88
2011.08.12 02:39:40.129,0.79314,0.79339,1.88,1.88
2011.08.12 02:39:40.460,0.79317,0.7934,3.00,1.50
2011.08.12 02:39:41.109,0.79319,0.79337,2.93,1.88
2011.08.12 02:39:41.233,0.79315,0.79336,1.13,1.50
2011.08.12 02:39:41.462,0.79314,0.79334,1.13,1.50
2011.08.12 02:39:42.680,0.79314,0.79334,1.13,1.50
2011.08.12 02:39:46.481,0.79312,0.79333,1.35,1.13
2011.08.12 02:39:46.598,0.79311,0.79333,1.73,1.13
2011.08.12 02:39:47.148,0.79312,0.79333,1.35,1.13
2011.08.12 02:39:48.717,0.7931,0.79333,1.73,1.88
2011.08.12 02:39:51.339,0.79311,0.79333,1.13,1.13
2011.08.12 02:39:51.680,0.79314,0.79334,1.13,2.25
2011.08.12 02:39:52.350,0.79312,0.79335,1.50,1.50
2011.08.12 02:39:53.026,0.79313,0.79337,2.25,1.13
2011.08.12 02:39:54.314,0.79314,0.79335,1.50,1.50
2011.08.12 02:39:55.090,0.79315,0.79337,1.13,1.50
2011.08.12 02:39:55.208,0.79314,0.79337,1.50,1.50
2011.08.12 02:39:55.550,0.79317,0.79336,2.93,1.50
2011.08.12 02:39:55.674,0.79319,0.79337,1.13,1.50
2011.08.12 02:39:55.795,0.79313,0.79334,1.50,1.50
2011.08.12 02:39:55.912,0.7931,0.79332,1.13,1.13
2011.08.12 02:39:56.473,0.79311,0.79332,1.50,1.13
2011.08.12 02:40:01.123,0.7931,0.79329,1.50,2.93
2011.08.12 02:40:01.351,0.79308,0.79329,1.50,2.93
2011.08.12 02:40:02.243,0.79309,0.79329,1.50,2.93
2011.08.12 02:40:04.920,0.7931,0.79333,1.88,3.68
2011.08.12 02:40:06.019,0.7931,0.79333,1.88,2.93
2011.08.12 02:40:07.458,0.79309,0.7933,1.50,3.68
2011.08.12 02:40:09.499,0.79308,0.79329,1.50,1.13
2011.08.12 02:40:09.838,0.7931,0.79329,1.50,1.13
2011.08.12 02:40:10.280,0.7931,0.79329,1.50,1.88
2011.08.12 02:40:10.511,0.79306,0.79325,1.50,2.25
2011.08.12 02:40:10.630,0.79303,0.79324,1.50,1.50
2011.08.12 02:40:14.159,0.79301,0.79324,2.48,2.93
2011.08.12 02:40:14.268,0.79301,0.79322,2.10,1.13
2011.08.12 02:40:14.931,0.79301,0.79321,1.50,1.13
2011.08.12 02:40:16.260,0.79299,0.79321,1.13,1.13
2011.08.12 02:40:16.488,0.79299,0.79321,1.13,3.30
2011.08.12 02:40:17.038,0.79299,0.79321,1.13,3.30
2011.08.12 02:40:21.259,0.79298,0.79319,1.50,1.13
2011.08.12 02:40:22.038,0.79299,0.7932,1.50,2.93
2011.08.12 02:40:22.588,0.79299,0.79321,1.50,2.18
2011.08.12 02:40:31.969,0.793,0.79323,2.93,1.88
2011.08.12 02:40:35.445,0.79304,0.79324,1.13,2.93
2011.08.12 02:40:35.670,0.79297,0.7932,1.88,4.05
2011.08.12 02:40:36.230,0.79297,0.7932,1.13,1.13
2011.08.12 02:40:37.232,0.79301,0.7932,1.50,2.18
2011.08.12 02:40:37.352,0.793,0.79323,1.88,2.10
2011.08.12 02:40:37.474,0.793,0.79322,1.88,1.13
2011.08.12 02:40:38.030,0.793,0.79322,1.88,1.13
2011.08.12 02:40:38.919,0.793,0.79323,2.63,1.13
2011.08.12 02:40:39.621,0.793,0.79323,2.63,1.88
2011.08.12 02:40:39.748,0.79296,0.7932,1.88,1.13
2011.08.12 02:40:40.078,0.79296,0.7932,1.88,1.13
2011.08.12 02:40:41.369,0.79296,0.7932,1.13,1.13
2011.08.12 02:40:41.928,0.79296,0.7932,1.13,1.13
2011.08.12 02:40:43.119,0.79296,0.7932,1.13,1.88
2011.08.12 02:40:43.232,0.79295,0.79316,2.25,1.13
2011.08.12 02:40:45.600,0.79293,0.79316,1.13,2.25
2011.08.12 02:40:45.941,0.79292,0.79313,1.50,1.13
2011.08.12 02:40:48.043,0.79291,0.79312,2.25,2.55
2011.08.12 02:40:48.268,0.79293,0.79315,1.88,1.73
2011.08.12 02:40:49.520,0.79297,0.79317,1.50,3.30
2011.08.12 02:40:50.490,0.79297,0.79316,1.50,2.25
2011.08.12 02:40:50.721,0.79291,0.79311,2.63,2.18
2011.08.12 02:40:50.839,0.79291,0.79311,1.13,2.18
2011.08.12 02:40:50.960,0.79291,0.79315,1.13,2.55
2011.08.12 02:40:53.441,0.79296,0.79315,1.50,2.55
2011.08.12 02:40:53.779,0.79299,0.79321,1.50,1.13
2011.08.12 02:40:53.889,0.79299,0.79323,1.50,3.68
2011.08.12 02:40:56.201,0.793,0.79319,1.50,1.13
2011.08.12 02:40:56.320,0.793,0.79317,1.50,2.18
2011.08.12 02:40:56.661,0.79298,0.79317,1.50,2.93
2011.08.12 02:40:57.002,0.79291,0.79314,4.13,2.18
2011.08.12 02:40:57.451,0.79291,0.7931,1.50,2.55
2011.08.12 02:40:57.570,0.7929,0.7931,1.50,2.55
2011.08.12 02:40:58.130,0.79289,0.7931,2.85,2.55
2011.08.12 02:41:00.499,0.79288,0.79309,1.88,2.18
2011.08.12 02:41:00.730,0.79288,0.79307,1.13,1.13
2011.08.12 02:41:01.370,0.79286,0.79307,1.50,4.05
2011.08.12 02:41:01.931,0.79285,0.79307,1.50,4.05
2011.08.12 02:41:02.271,0.79285,0.79306,1.50,2.93
2011.08.12 02:41:02.392,0.79285,0.79306,1.50,2.93
2011.08.12 02:41:04.958,0.79284,0.79307,1.50,3.30
2011.08.12 02:41:05.288,0.79283,0.79307,3.38,4.80
2011.08.12 02:41:05.510,0.79284,0.79305,1.50,1.13
2011.08.12 02:41:05.740,0.79285,0.79305,1.50,3.30
2011.08.12 02:41:06.289,0.79286,0.79305,1.50,2.55
2011.08.12 02:41:06.628,0.79288,0.79309,1.50,2.55
2011.08.12 02:41:06.958,0.79289,0.79313,1.13,1.13
2011.08.12 02:41:07.178,0.79289,0.79313,1.88,1.13
2011.08.12 02:41:09.241,0.79289,0.7931,1.50,1.13
2011.08.12 02:41:09.364,0.79288,0.79308,1.50,2.18
2011.08.12 02:41:10.568,0.79288,0.79307,1.50,2.18
2011.08.12 02:41:12.211,0.79287,0.79307,1.50,3.30
2011.08.12 02:41:17.059,0.79287,0.79307,1.50,3.68
2011.08.12 02:41:18.002,0.79287,0.79305,1.50,2.18
2011.08.12 02:41:19.111,0.79287,0.79305,1.50,2.93
2011.08.12 02:41:19.343,0.79282,0.79301,1.50,1.50
2011.08.12 02:41:19.463,0.79279,0.793,2.63,1.50
2011.08.12 02:41:19.799,0.79277,0.79295,1.50,2.18
2011.08.12 02:41:20.361,0.79272,0.79294,1.88,1.88
2011.08.12 02:41:20.482,0.79271,0.79293,1.50,1.35
2011.08.12 02:41:20.603,0.79269,0.79293,1.50,1.35
2011.08.12 02:41:21.972,0.79275,0.79295,1.13,4.65
2011.08.12 02:41:22.313,0.79276,0.79293,1.50,1.88
2011.08.12 02:41:22.429,0.79271,0.79293,1.13,1.13
2011.08.12 02:41:23.008,0.79271,0.79293,2.63,1.50
2011.08.12 02:41:23.480,0.79271,0.79291,1.50,1.13
2011.08.12 02:41:26.059,0.7927,0.79288,1.50,2.18
2011.08.12 02:41:26.176,0.79267,0.79288,1.50,2.93
2011.08.12 02:41:26.993,0.79266,0.79288,1.50,3.00
2011.08.12 02:41:27.554,0.79266,0.79287,1.50,2.18
2011.08.12 02:41:28.369,0.79266,0.79287,1.50,2.93
2011.08.12 02:41:28.928,0.79265,0.79284,1.88,2.55
2011.08.12 02:41:29.150,0.79265,0.79286,1.88,1.73
2011.08.12 02:41:29.710,0.79265,0.79284,1.50,1.13
2011.08.12 02:41:30.271,0.79265,0.79282,1.50,2.93
2011.08.12 02:41:30.390,0.79264,0.79278,1.88,2.18
2011.08.12 02:41:30.511,0.79264,0.79286,2.63,4.05
2011.08.12 02:41:30.630,0.79265,0.79286,1.50,3.30
2011.08.12 02:41:30.748,0.79265,0.79286,1.50,2.55
2011.08.12 02:41:31.300,0.79265,0.79286,1.50,2.93
2011.08.12 02:41:31.418,0.79265,0.79284,1.50,2.18
2011.08.12 02:41:35.033,0.79265,0.7928,1.50,2.18
2011.08.12 02:41:35.274,0.79262,0.7927,1.50,2.18
2011.08.12 02:41:35.505,0.79257,0.79271,1.88,2.55
2011.08.12 02:41:35.623,0.79257,0.79279,2.63,2.55
2011.08.12 02:41:35.850,0.7926,0.79284,1.13,5.18
2011.08.12 02:41:36.080,0.79262,0.79284,1.50,3.68
2011.08.12 02:41:36.422,0.79265,0.79287,1.50,1.13
2011.08.12 02:41:37.121,0.79265,0.79287,1.50,1.13
2011.08.12 02:41:37.680,0.79264,0.79287,1.88,1.88
2011.08.12 02:41:38.021,0.79259,0.7928,1.50,3.30
2011.08.12 02:41:38.360,0.79259,0.7928,1.50,3.68
2011.08.12 02:41:38.918,0.79258,0.79278,2.25,2.55
2011.08.12 02:41:39.691,0.79258,0.79278,2.25,2.55
2011.08.12 02:41:39.812,0.79258,0.79281,3.00,1.13
2011.08.12 02:41:40.040,0.79265,0.79282,1.13,2.93
2011.08.12 02:41:40.270,0.79265,0.79287,1.13,2.25
2011.08.12 02:41:41.206,0.79265,0.79287,1.13,2.93
2011.08.12 02:41:41.327,0.79265,0.79287,1.88,2.18
2011.08.12 02:41:41.442,0.79265,0.79287,1.88,2.93
2011.08.12 02:41:41.561,0.79265,0.79287,1.88,2.93
2011.08.12 02:41:43.201,0.79265,0.79287,1.88,2.93
2011.08.12 02:41:43.429,0.79268,0.79289,1.50,1.50
2011.08.12 02:41:43.550,0.79268,0.79291,3.00,4.65
2011.08.12 02:41:44.471,0.79268,0.79286,2.25,1.50
2011.08.12 02:41:44.700,0.79263,0.79284,1.50,3.68
2011.08.12 02:41:45.700,0.79263,0.79284,1.13,2.93
2011.08.12 02:41:45.820,0.79264,0.79284,1.13,2.93
2011.08.12 02:41:46.164,0.79264,0.79286,1.88,1.88
2011.08.12 02:41:46.807,0.79276,0.79291,1.13,2.93
2011.08.12 02:41:47.038,0.79279,0.79298,1.13,1.05
2011.08.12 02:41:47.151,0.79279,0.79302,1.13,1.80
2011.08.12 02:41:48.041,0.79283,0.79304,1.88,3.98
2011.08.12 02:41:48.598,0.79284,0.79304,1.50,1.05
2011.08.12 02:41:49.039,0.7928,0.793,1.50,1.05
2011.08.12 02:41:49.600,0.79278,0.79298,1.50,1.05
2011.08.12 02:41:50.233,0.79278,0.79298,1.50,2.48
2011.08.12 02:41:51.681,0.79279,0.79303,1.88,3.45
2011.08.12 02:41:52.239,0.79282,0.79303,1.50,3.60
2011.08.12 02:41:53.851,0.79279,0.79303,1.88,2.55
2011.08.12 02:41:54.948,0.79279,0.79303,1.13,2.55
2011.08.12 02:41:56.889,0.7928,0.79303,1.50,2.55
2011.08.12 02:41:59.550,0.7928,0.79299,1.50,2.18
2011.08.12 02:41:59.680,0.79279,0.79298,1.13,1.13
2011.08.12 02:41:59.801,0.79278,0.79297,1.50,1.88
2011.08.12 02:42:00.031,0.79272,0.79296,2.63,3.68
2011.08.12 02:42:00.811,0.79274,0.79296,1.13,2.93
2011.08.12 02:42:01.370,0.79277,0.79297,1.50,2.55
2011.08.12 02:42:01.928,0.79277,0.79297,1.50,3.30
2011.08.12 02:42:02.148,0.79277,0.79301,1.13,2.25
2011.08.12 02:42:03.812,0.79274,0.79294,1.13,3.53
2011.08.12 02:42:04.042,0.7927,0.79293,1.88,1.73
2011.08.12 02:42:04.380,0.7927,0.79292,1.88,2.48
2011.08.12 02:42:04.501,0.7927,0.79291,1.50,1.50
2011.08.12 02:42:04.733,0.79267,0.79289,2.25,1.13
2011.08.12 02:42:06.289,0.7927,0.79291,1.13,1.13
2011.08.12 02:42:06.858,0.7927,0.79292,1.13,1.73
2011.08.12 02:42:07.968,0.7927,0.79292,1.13,1.73
2011.08.12 02:42:09.741,0.7927,0.79292,2.48,1.13
2011.08.12 02:42:11.652,0.79271,0.79295,1.50,3.68
2011.08.12 02:42:12.208,0.79273,0.79297,1.88,1.50
2011.08.12 02:42:15.140,0.79273,0.79295,1.50,1.13
2011.08.12 02:42:15.670,0.79274,0.79295,1.50,1.13
2011.08.12 02:42:17.132,0.79276,0.79295,2.18,1.13
2011.08.12 02:42:17.485,0.79287,0.7931,1.50,1.13
2011.08.12 02:42:17.931,0.79288,0.7931,1.50,1.13
2011.08.12 02:42:19.271,0.79288,0.79311,1.13,1.50
2011.08.12 02:42:19.911,0.79287,0.79308,1.13,1.50
2011.08.12 02:42:20.140,0.79285,0.79308,1.50,4.43
2011.08.12 02:42:20.369,0.79284,0.79304,1.50,1.13
2011.08.12 02:42:20.590,0.79283,0.79303,1.50,1.50
2011.08.12 02:42:22.537,0.79282,0.79304,1.13,1.88
2011.08.12 02:42:23.423,0.79282,0.79303,1.13,1.50
2011.08.12 02:42:23.988,0.79281,0.79303,1.13,1.50
2011.08.12 02:42:28.429,0.79282,0.79303,1.13,1.50
2011.08.12 02:42:29.244,0.7928,0.79303,2.10,2.25
2011.08.12 02:42:29.473,0.79279,0.793,2.25,2.93
2011.08.12 02:42:30.378,0.79278,0.79299,2.25,1.50
2011.08.12 02:42:30.928,0.79279,0.79299,1.50,1.50
2011.08.12 02:42:32.140,0.79278,0.79299,2.25,1.50
2011.08.12 02:42:34.085,0.79278,0.79299,1.50,1.50
2011.08.12 02:42:34.202,0.79278,0.79294,1.50,1.50
2011.08.12 02:42:34.321,0.79275,0.79294,2.93,1.50
2011.08.12 02:42:34.550,0.7927,0.79292,1.88,3.30
2011.08.12 02:42:34.781,0.79273,0.79292,1.13,1.50
2011.08.12 02:42:35.008,0.79269,0.79292,1.88,1.88
2011.08.12 02:42:57.429,0.79272,0.79293,2.25,1.50
2011.08.12 02:42:58.164,0.79277,0.79298,1.88,1.50
2011.08.12 02:42:58.501,0.79277,0.79296,1.50,1.50
2011.08.12 02:42:58.621,0.79275,0.79296,3.68,1.50
2011.08.12 02:42:58.740,0.79273,0.79296,1.88,2.25
2011.08.12 02:42:59.299,0.7927,0.79293,1.50,1.88
2011.08.12 02:42:59.630,0.79269,0.79293,1.13,1.88
2011.08.12 02:42:59.749,0.79269,0.79293,1.13,1.88
2011.08.12 02:43:04.340,0.79271,0.79294,1.35,1.50
2011.08.12 02:43:04.462,0.79274,0.79294,1.13,1.50
2011.08.12 02:43:09.359,0.79274,0.79296,1.88,1.13
2011.08.12 02:43:18.379,0.79274,0.79296,1.13,1.88
2011.08.12 02:43:35.119,0.79274,0.79296,1.13,1.13
2011.08.12 02:43:35.449,0.79271,0.79292,1.50,1.13
2011.08.12 02:43:36.660,0.7927,0.79292,1.13,1.13
2011.08.12 02:43:36.781,0.79269,0.79289,2.85,1.13
2011.08.12 02:43:37.012,0.79269,0.79287,1.50,2.25
2011.08.12 02:43:37.130,0.79267,0.79287,1.50,3.00
2011.08.12 02:43:37.359,0.79263,0.79285,1.50,1.88
2011.08.12 02:43:37.909,0.79262,0.79285,3.38,1.88
2011.08.12 02:43:43.879,0.79264,0.79285,1.50,1.13
2011.08.12 02:43:44.100,0.79263,0.79285,1.50,1.13
2011.08.12 02:43:44.329,0.79262,0.79285,1.13,2.25
2011.08.12 02:43:44.659,0.79262,0.79285,1.13,2.25
2011.08.12 02:43:45.219,0.79262,0.79285,1.13,2.25
2011.08.12 02:43:45.917,0.79262,0.79285,1.13,2.25
2011.08.12 02:43:48.049,0.79262,0.79285,2.63,1.13
2011.08.12 02:43:50.221,0.79265,0.79287,1.13,1.50
2011.08.12 02:43:50.778,0.79266,0.79288,1.13,2.25
2011.08.12 02:43:50.888,0.79266,0.79288,1.13,1.50
2011.08.12 02:43:51.108,0.79268,0.79288,1.50,1.13
2011.08.12 02:43:51.335,0.7927,0.79292,1.13,1.88
2011.08.12 02:43:51.456,0.7927,0.79294,1.50,1.13
2011.08.12 02:43:51.573,0.79273,0.79294,1.88,1.13
2011.08.12 02:43:55.110,0.79274,0.79296,1.13,1.13
2011.08.12 02:43:55.709,0.79274,0.79296,1.13,1.13
2011.08.12 02:43:56.088,0.79274,0.79295,1.13,1.50
2011.08.12 02:43:56.230,0.79274,0.79295,1.13,1.50
2011.08.12 02:43:56.679,0.79274,0.79296,1.13,1.13
2011.08.12 02:43:57.023,0.79278,0.793,1.50,1.50
2011.08.12 02:43:58.472,0.79277,0.793,1.88,1.50
2011.08.12 02:43:59.431,0.79277,0.793,1.88,1.50
2011.08.12 02:44:01.109,0.79274,0.79297,1.50,1.50
2011.08.12 02:44:01.658,0.79273,0.79297,1.13,1.50
2011.08.12 02:44:02.000,0.79272,0.79291,1.50,1.50
2011.08.12 02:44:02.110,0.7927,0.79289,1.50,1.13
2011.08.12 02:44:02.340,0.7927,0.79289,1.50,1.13
2011.08.12 02:44:02.459,0.7927,0.79289,1.50,1.13
2011.08.12 02:44:02.570,0.79268,0.79289,1.50,1.13
2011.08.12 02:44:07.960,0.79267,0.79289,1.88,1.13
2011.08.12 02:44:08.469,0.79267,0.79289,1.88,1.13
2011.08.12 02:44:09.899,0.79267,0.79289,1.13,1.88
2011.08.12 02:44:10.449,0.79267,0.79289,1.13,1.88
2011.08.12 02:44:15.911,0.79268,0.79289,1.13,1.50
2011.08.12 02:44:18.960,0.79267,0.79291,1.88,1.50
2011.08.12 02:44:22.390,0.79269,0.79291,1.88,1.13
2011.08.12 02:44:28.013,0.79269,0.79291,1.88,1.13
2011.08.12 02:44:28.242,0.79269,0.79291,1.88,1.13
2011.08.12 02:44:33.721,0.79268,0.79289,2.63,1.50
2011.08.12 02:44:34.279,0.79268,0.79288,1.88,1.50
2011.08.12 02:44:35.081,0.79268,0.79288,1.13,1.50
2011.08.12 02:44:36.679,0.79268,0.79288,1.13,1.50
2011.08.12 02:44:39.659,0.79268,0.79288,1.13,1.50
2011.08.12 02:44:40.922,0.79266,0.79284,1.50,2.25
2011.08.12 02:44:41.044,0.79264,0.79282,2.93,1.13
2011.08.12 02:44:41.602,0.79263,0.79282,1.50,1.88
2011.08.12 02:44:42.359,0.79263,0.79282,1.50,1.88
2011.08.12 02:44:42.929,0.79263,0.79282,1.50,1.88
2011.08.12 02:44:43.371,0.79263,0.79275,1.50,1.50
2011.08.12 02:44:43.491,0.79259,0.79272,1.28,1.13
2011.08.12 02:44:43.611,0.79256,0.79272,2.93,1.13
2011.08.12 02:44:44.208,0.79253,0.79272,2.25,1.13
2011.08.12 02:44:44.327,0.79252,0.79272,1.50,1.13
2011.08.12 02:44:45.419,0.79253,0.79277,1.50,2.48
2011.08.12 02:44:45.861,0.79256,0.79278,1.50,1.50
2011.08.12 02:44:46.418,0.79255,0.79279,1.88,1.13
2011.08.12 02:44:47.701,0.7926,0.79281,1.50,2.48
2011.08.12 02:44:47.819,0.79261,0.79281,1.50,2.48
2011.08.12 02:44:51.983,0.7926,0.79281,1.50,1.13
2011.08.12 02:44:53.970,0.7926,0.79279,1.50,1.50
2011.08.12 02:44:54.530,0.7926,0.79281,1.50,2.63
2011.08.12 02:44:57.129,0.7926,0.79281,1.50,1.88
2011.08.12 02:44:57.349,0.7926,0.79281,1.50,1.13
2011.08.12 02:45:05.811,0.79261,0.79281,1.50,1.13
2011.08.12 02:45:10.160,0.79261,0.79282,1.50,1.13
2011.08.12 02:45:18.719,0.79262,0.79282,1.50,1.13
2011.08.12 02:45:23.780,0.79261,0.79282,1.50,1.13
2011.08.12 02:45:33.729,0.7926,0.79281,2.25,2.25
2011.08.12 02:45:52.169,0.7926,0.79282,2.25,4.43
2011.08.12 02:45:52.688,0.7926,0.79281,1.50,1.13
2011.08.12 02:45:52.800,0.79258,0.7928,1.13,1.13
2011.08.12 02:45:53.361,0.79258,0.79281,1.88,1.13
2011.08.12 02:45:54.600,0.79258,0.79282,1.88,1.13
2011.08.12 02:45:56.050,0.7926,0.79283,2.25,3.68
2011.08.12 02:45:56.611,0.79262,0.79285,1.13,1.50
2011.08.12 02:46:02.150,0.79263,0.79286,1.50,1.13
2011.08.12 02:46:02.955,0.79262,0.79286,1.88,1.13
2011.08.12 02:46:03.509,0.79264,0.79287,1.13,1.13
2011.08.12 02:46:04.563,0.79265,0.79287,1.13,1.13
2011.08.12 02:46:04.682,0.79267,0.79288,1.50,1.13
2011.08.12 02:46:05.239,0.79268,0.79291,1.73,1.50
2011.08.12 02:46:10.860,0.79267,0.79291,2.10,1.50
2011.08.12 02:46:11.313,0.79267,0.79291,1.13,1.50
2011.08.12 02:46:11.929,0.79264,0.79287,1.13,1.13
2011.08.12 02:46:13.030,0.79264,0.79286,1.88,1.13
2011.08.12 02:46:13.814,0.79264,0.79286,1.88,1.13
2011.08.12 02:46:14.712,0.79267,0.79288,1.50,2.25
2011.08.12 02:46:15.052,0.79269,0.79288,1.13,1.50
2011.08.12 02:46:15.390,0.79269,0.79288,1.13,1.50
2011.08.12 02:46:17.021,0.79267,0.79288,2.48,1.13
2011.08.12 02:46:17.579,0.79269,0.7929,1.13,2.25
2011.08.12 02:46:21.616,0.79267,0.7929,2.10,2.25
2011.08.12 02:46:23.630,0.79267,0.79291,1.73,1.88
2011.08.12 02:46:23.750,0.79267,0.79291,2.85,1.88
2011.08.12 02:46:24.206,0.79268,0.79291,2.48,1.50
2011.08.12 02:46:24.323,0.7927,0.79291,1.13,1.50
2011.08.12 02:46:24.880,0.79269,0.79293,1.13,1.50
2011.08.12 02:46:25.221,0.79274,0.79293,1.13,1.50
2011.08.12 02:46:30.230,0.79274,0.79294,4.35,1.50
2011.08.12 02:46:30.463,0.79279,0.79298,1.73,1.50
2011.08.12 02:46:31.260,0.79279,0.793,1.73,1.50
2011.08.12 02:46:36.978,0.79279,0.79303,1.73,2.63
2011.08.12 02:46:49.610,0.79278,0.79303,1.73,2.63
2011.08.12 02:46:52.658,0.79278,0.79302,1.73,1.50
2011.08.12 02:47:00.009,0.79277,0.793,4.28,1.50
2011.08.12 02:47:01.720,0.79279,0.79301,1.35,1.50
2011.08.12 02:47:01.841,0.79282,0.79307,1.88,2.25
2011.08.12 02:47:02.070,0.7928,0.79303,4.43,1.13
2011.08.12 02:47:02.576,0.7928,0.79303,1.50,1.13
2011.08.12 02:47:05.424,0.7928,0.79304,2.25,1.13
2011.08.12 02:47:25.262,0.79282,0.79304,1.50,1.13
2011.08.12 02:47:26.201,0.79282,0.79304,1.50,1.13
2011.08.12 02:47:27.339,0.79282,0.79305,1.88,1.13
2011.08.12 02:47:27.560,0.79283,0.79305,2.25,1.13
2011.08.12 02:47:27.891,0.79286,0.79308,1.88,2.10
2011.08.12 02:47:29.199,0.79286,0.7931,1.13,1.88
2011.08.12 02:47:29.639,0.79285,0.7931,1.13,2.63
2011.08.12 02:47:31.321,0.79284,0.79308,2.25,1.50
2011.08.12 02:47:31.554,0.79282,0.79305,2.93,1.13
2011.08.12 02:47:32.109,0.79282,0.79305,1.50,1.13
2011.08.12 02:47:34.730,0.79281,0.79305,1.13,1.13
2011.08.12 02:47:37.991,0.7928,0.79305,1.88,1.13
2011.08.12 02:47:40.501,0.79281,0.79305,1.13,1.13
2011.08.12 02:47:40.621,0.79284,0.79307,1.50,1.13
2011.08.12 02:47:40.853,0.79282,0.79304,3.68,1.13
2011.08.12 02:47:41.592,0.7928,0.79304,1.88,1.13
2011.08.12 02:47:43.150,0.79281,0.79305,1.13,1.13
2011.08.12 02:47:46.353,0.79281,0.79305,1.50,1.88
2011.08.12 02:47:46.910,0.7928,0.79304,1.50,1.50
2011.08.12 02:47:48.460,0.79281,0.79304,1.13,1.50
2011.08.12 02:47:49.138,0.7928,0.79304,1.88,1.50
2011.08.12 02:47:54.192,0.7928,0.79304,1.13,1.50
2011.08.12 02:47:55.950,0.79279,0.793,1.50,1.13
2011.08.12 02:47:56.509,0.79279,0.79304,1.13,1.88
2011.08.12 02:48:02.179,0.7928,0.79304,1.13,1.13
2011.08.12 02:48:02.741,0.79276,0.793,2.10,1.50
2011.08.12 02:48:03.852,0.79279,0.79303,2.25,1.50
2011.08.12 02:48:16.962,0.79281,0.79305,1.13,1.13
2011.08.12 02:48:17.194,0.79283,0.79305,1.50,1.13
2011.08.12 02:48:17.430,0.79284,0.79308,1.50,1.73
2011.08.12 02:48:17.983,0.79289,0.7931,1.13,1.50
2011.08.12 02:48:18.101,0.79289,0.79312,1.13,1.13
2011.08.12 02:48:18.333,0.7929,0.79312,1.50,1.13
2011.08.12 02:48:18.455,0.79292,0.79315,1.13,1.35
2011.08.12 02:48:19.074,0.79296,0.79316,1.50,1.13
2011.08.12 02:48:19.415,0.79303,0.79324,2.25,1.13
2011.08.12 02:48:19.867,0.79304,0.79325,1.50,1.50
2011.08.12 02:48:20.425,0.79306,0.79328,1.13,1.35
2011.08.12 02:48:20.980,0.79307,0.79329,2.25,1.13
2011.08.12 02:48:21.320,0.79306,0.79329,1.13,1.73
2011.08.12 02:48:21.660,0.79303,0.79327,2.63,1.13
2011.08.12 02:48:22.719,0.79305,0.79327,1.50,1.13
2011.08.12 02:48:23.842,0.79307,0.79328,1.50,1.13
2011.08.12 02:48:23.961,0.79307,0.79328,1.50,1.13
2011.08.12 02:48:24.299,0.79307,0.79328,1.50,1.13
2011.08.12 02:48:24.521,0.79311,0.79332,2.25,1.13
2011.08.12 02:48:24.864,0.79314,0.79337,1.50,1.13
2011.08.12 02:48:24.982,0.79318,0.79337,1.13,1.50
2011.08.12 02:48:25.105,0.79318,0.7934,1.88,1.13
2011.08.12 02:48:25.332,0.79315,0.79336,1.50,1.13
2011.08.12 02:48:25.561,0.79314,0.79336,1.13,1.13
2011.08.12 02:48:26.010,0.79314,0.79336,1.13,1.13
2011.08.12 02:48:26.626,0.79314,0.79336,2.63,1.13
2011.08.12 02:48:26.747,0.79315,0.79336,2.25,1.13
2011.08.12 02:48:27.410,0.79317,0.79336,1.50,1.13
2011.08.12 02:48:27.739,0.79322,0.79342,1.13,1.35
2011.08.12 02:48:28.400,0.79322,0.79344,1.13,1.13
2011.08.12 02:48:28.519,0.79322,0.79344,1.13,1.13
2011.08.12 02:48:29.301,0.79323,0.79344,2.25,1.13
2011.08.12 02:48:29.426,0.79324,0.79344,1.50,1.13
2011.08.12 02:48:29.761,0.79321,0.79341,1.50,1.13
2011.08.12 02:48:29.990,0.79322,0.79344,1.13,1.88
2011.08.12 02:48:30.112,0.79322,0.79344,1.88,1.13
2011.08.12 02:48:31.171,0.79324,0.79346,3.00,1.13
2011.08.12 02:48:31.294,0.79324,0.79346,3.00,1.13
2011.08.12 02:48:31.751,0.79324,0.79346,2.25,1.13
2011.08.12 02:48:32.091,0.79327,0.79348,1.50,1.13
2011.08.12 02:48:32.211,0.79327,0.79348,1.50,1.13
2011.08.12 02:48:32.442,0.79326,0.79349,1.50,1.13
2011.08.12 02:48:32.672,0.79323,0.79346,1.50,1.13
2011.08.12 02:48:33.229,0.79321,0.79346,3.90,1.13
2011.08.12 02:48:37.702,0.79322,0.79347,1.13,1.88
2011.08.12 02:48:37.820,0.79323,0.79347,2.55,1.50
2011.08.12 02:48:37.943,0.79327,0.79347,2.85,1.50
2011.08.12 02:48:38.283,0.79329,0.79352,2.25,1.13
2011.08.12 02:48:38.919,0.79328,0.79352,3.00,1.13
2011.08.12 02:48:39.152,0.79327,0.79347,2.93,1.13
2011.08.12 02:48:39.270,0.79325,0.79347,2.25,1.13
2011.08.12 02:48:41.451,0.79327,0.7935,1.13,2.25
2011.08.12 02:48:41.577,0.79329,0.79351,1.50,1.13
2011.08.12 02:48:41.694,0.79331,0.79352,1.88,1.13
2011.08.12 02:48:41.812,0.79332,0.79354,1.50,2.93
2011.08.12 02:48:42.260,0.79334,0.79355,1.50,1.13
2011.08.12 02:48:45.360,0.79335,0.79357,1.50,1.13
2011.08.12 02:48:45.481,0.79335,0.79357,1.50,1.13
2011.08.12 02:48:45.712,0.79337,0.79357,1.50,1.13
2011.08.12 02:48:45.831,0.79345,0.79361,1.13,1.13
2011.08.12 02:48:45.952,0.79345,0.79369,1.88,1.13
2011.08.12 02:48:46.402,0.79342,0.79364,1.13,1.13
2011.08.12 02:48:46.522,0.7934,0.79362,1.50,1.50
2011.08.12 02:48:47.198,0.79342,0.79363,1.50,1.50
2011.08.12 02:48:47.421,0.79343,0.79364,1.50,1.13
2011.08.12 02:48:47.651,0.79342,0.79364,2.63,1.13
2011.08.12 02:48:48.100,0.79342,0.79364,1.88,1.13
2011.08.12 02:48:48.224,0.79339,0.79361,2.63,1.35
2011.08.12 02:48:48.343,0.79337,0.79357,4.43,1.13
2011.08.12 02:48:48.459,0.79337,0.79357,1.50,1.13
2011.08.12 02:48:48.900,0.79336,0.79357,2.25,1.13
2011.08.12 02:48:49.356,0.79335,0.79355,1.50,1.13
2011.08.12 02:48:49.472,0.79335,0.79355,2.25,1.13
2011.08.12 02:48:49.923,0.79335,0.79357,4.43,1.50
2011.08.12 02:48:50.266,0.79344,0.79361,2.18,1.13
2011.08.12 02:48:50.885,0.79345,0.79369,1.13,1.13
2011.08.12 02:48:51.731,0.79346,0.7937,2.25,1.50
2011.08.12 02:48:51.850,0.79346,0.79369,2.25,1.13
2011.08.12 02:48:52.081,0.79346,0.79369,1.50,1.13
2011.08.12 02:48:52.311,0.7935,0.79372,1.13,1.13
2011.08.12 02:48:52.433,0.79347,0.79369,1.50,1.50
2011.08.12 02:48:52.552,0.79345,0.79365,1.50,1.13
2011.08.12 02:48:52.670,0.79347,0.79369,1.50,1.88
2011.08.12 02:48:52.780,0.79347,0.79369,1.50,1.88
2011.08.12 02:48:53.110,0.79346,0.79368,1.13,1.13
2011.08.12 02:48:53.339,0.79346,0.79369,1.13,1.13
2011.08.12 02:48:54.550,0.79345,0.79369,1.88,1.13
2011.08.12 02:48:55.211,0.79344,0.79367,3.68,1.35
2011.08.12 02:48:55.847,0.79344,0.79365,2.18,1.13
2011.08.12 02:48:56.520,0.79342,0.79366,2.93,1.88
2011.08.12 02:48:57.178,0.79342,0.79366,2.93,2.63
2011.08.12 02:48:57.511,0.79347,0.79367,1.50,1.50
2011.08.12 02:48:57.743,0.7935,0.7937,2.55,1.50
2011.08.12 02:48:57.972,0.7935,0.79372,2.55,1.88
2011.08.12 02:48:58.531,0.79351,0.79373,1.50,1.73
2011.08.12 02:48:58.762,0.79356,0.79374,1.13,1.50
2011.08.12 02:48:58.992,0.79357,0.79381,3.53,1.13
2011.08.12 02:48:59.112,0.79362,0.79387,1.50,1.88
2011.08.12 02:48:59.341,0.79365,0.79387,1.13,1.88
2011.08.12 02:49:00.018,0.79362,0.79384,1.50,1.13
2011.08.12 02:49:00.246,0.79371,0.79386,1.50,1.50
2011.08.12 02:49:00.366,0.79371,0.79389,1.50,1.73
2011.08.12 02:49:00.485,0.79368,0.79389,1.13,1.35
2011.08.12 02:49:01.375,0.79369,0.79391,1.13,1.13
2011.08.12 02:49:03.278,0.79367,0.79389,2.93,1.13
2011.08.12 02:49:03.393,0.79364,0.79388,5.78,1.13
2011.08.12 02:49:04.061,0.79366,0.79388,2.25,1.13
2011.08.12 02:49:04.620,0.79364,0.79388,4.05,1.13
2011.08.12 02:49:06.860,0.79364,0.79388,4.05,1.13
2011.08.12 02:49:07.422,0.79367,0.79391,2.93,2.25
2011.08.12 02:49:07.546,0.79369,0.79391,1.13,1.13
2011.08.12 02:49:08.210,0.79367,0.79391,2.93,2.85
2011.08.12 02:49:08.330,0.79367,0.79391,2.93,2.85
2011.08.12 02:49:08.451,0.79366,0.79385,2.25,3.00
2011.08.12 02:49:08.679,0.7936,0.7938,1.50,1.13
2011.08.12 02:49:08.791,0.79361,0.79384,1.13,1.73
2011.08.12 02:49:12.195,0.79361,0.79384,2.18,1.13
2011.08.12 02:49:12.312,0.79361,0.79385,2.93,1.13
2011.08.12 02:49:15.951,0.79361,0.79383,2.93,1.50
2011.08.12 02:49:16.072,0.79358,0.79381,5.93,1.13
2011.08.12 02:49:18.040,0.79355,0.79376,1.50,1.50
2011.08.12 02:49:18.595,0.79353,0.79377,2.93,1.13
2011.08.12 02:49:18.930,0.79353,0.79374,2.55,2.10
2011.08.12 02:49:19.049,0.79351,0.79374,3.75,2.10
2011.08.12 02:49:19.162,0.79353,0.79374,2.18,1.35
2011.08.12 02:49:19.282,0.79349,0.79375,5.03,1.50
2011.08.12 02:49:19.403,0.79349,0.79375,5.03,2.25
2011.08.12 02:49:19.969,0.79349,0.79375,4.28,1.50
2011.08.12 02:49:20.263,0.79349,0.79375,4.28,1.50
2011.08.12 02:49:20.490,0.79351,0.79375,1.13,1.50
2011.08.12 02:49:22.071,0.79349,0.7937,4.28,1.13
2011.08.12 02:49:22.409,0.79348,0.7937,2.55,1.13
2011.08.12 02:49:23.743,0.79349,0.79371,1.50,1.13
2011.08.12 02:49:24.300,0.7935,0.79372,1.88,1.50
2011.08.12 02:49:24.860,0.7935,0.79372,1.88,2.25
2011.08.12 02:49:25.960,0.7935,0.79372,1.13,2.25
2011.08.12 02:49:26.078,0.7935,0.79372,1.13,2.25
2011.08.12 02:49:26.520,0.79353,0.79372,1.50,1.50
2011.08.12 02:49:27.158,0.7935,0.79372,1.88,2.25
2011.08.12 02:49:30.396,0.79351,0.79374,1.50,1.50
2011.08.12 02:49:30.511,0.79354,0.79374,1.13,1.50
2011.08.12 02:49:35.491,0.79354,0.79373,2.93,1.50
2011.08.12 02:49:35.610,0.79351,0.7937,1.50,1.13
2011.08.12 02:49:36.061,0.79348,0.79369,2.85,1.13
2011.08.12 02:49:36.517,0.79346,0.79365,1.50,1.13
2011.08.12 02:49:36.634,0.79345,0.79365,1.50,1.88
2011.08.12 02:49:36.864,0.79341,0.79363,3.68,1.50
2011.08.12 02:49:37.203,0.79341,0.79362,2.93,1.50
2011.08.12 02:49:37.835,0.79339,0.7936,3.53,1.50
2011.08.12 02:49:38.389,0.79339,0.7936,2.78,1.50
2011.08.12 02:49:38.831,0.79341,0.79364,3.30,1.50
2011.08.12 02:49:39.060,0.7934,0.79362,1.35,1.50
2011.08.12 02:49:45.490,0.7934,0.79362,2.10,2.25
2011.08.12 02:49:45.611,0.79341,0.79362,3.68,1.50
2011.08.12 02:49:46.501,0.79342,0.79364,1.13,1.50
2011.08.12 02:49:50.243,0.79346,0.79365,3.68,1.13
2011.08.12 02:49:50.470,0.79346,0.79368,1.88,1.50
2011.08.12 02:49:50.813,0.79346,0.79366,1.88,1.50
2011.08.12 02:49:51.151,0.79343,0.79366,1.13,1.88
2011.08.12 02:49:54.021,0.79341,0.79364,1.50,1.50
2011.08.12 02:49:54.252,0.79343,0.79367,1.50,1.50
2011.08.12 02:49:54.591,0.79348,0.79367,1.50,1.50
2011.08.12 02:49:56.027,0.79346,0.79368,1.13,2.25
2011.08.12 02:49:56.146,0.79343,0.79366,2.63,1.50
2011.08.12 02:49:56.699,0.79342,0.79366,1.13,2.25
2011.08.12 02:49:58.712,0.79342,0.79365,2.25,1.50
2011.08.12 02:49:59.050,0.79347,0.79365,2.55,1.50
2011.08.12 02:49:59.601,0.79345,0.79367,2.93,1.50
2011.08.12 02:49:59.830,0.79345,0.79367,2.55,1.50
2011.08.12 02:50:00.611,0.79345,0.79366,2.55,1.50
2011.08.12 02:50:01.390,0.79343,0.79364,2.18,1.13
2011.08.12 02:50:02.960,0.79344,0.79364,2.18,1.13
2011.08.12 02:50:03.069,0.79344,0.79363,2.18,1.50
2011.08.12 02:50:03.291,0.7934,0.79361,2.93,1.13
2011.08.12 02:50:03.850,0.7934,0.79361,2.93,1.13
2011.08.12 02:50:04.294,0.7934,0.79358,2.18,2.10
2011.08.12 02:50:04.412,0.79337,0.79358,1.50,2.10
2011.08.12 02:50:04.533,0.79335,0.79357,1.50,1.88
2011.08.12 02:50:04.761,0.79338,0.79358,2.18,1.73
2011.08.12 02:50:04.991,0.79338,0.79358,2.93,1.13
2011.08.12 02:50:05.549,0.79338,0.79362,1.13,1.88
2011.08.12 02:50:08.723,0.79337,0.79359,2.18,1.13
2011.08.12 02:50:09.630,0.79335,0.79359,1.88,1.13
2011.08.12 02:50:09.974,0.79339,0.79364,3.30,1.88
2011.08.12 02:50:10.093,0.79342,0.79364,2.18,1.88
2011.08.12 02:50:10.213,0.79342,0.79364,2.93,1.50
2011.08.12 02:50:10.550,0.79343,0.79364,2.55,2.25
2011.08.12 02:50:11.001,0.79342,0.79364,2.93,1.50
2011.08.12 02:50:12.800,0.79345,0.79367,2.18,2.25
2011.08.12 02:50:13.460,0.79345,0.79367,2.93,1.50
2011.08.12 02:50:13.692,0.79347,0.79368,2.93,1.50
2011.08.12 02:50:37.822,0.79345,0.7937,1.13,1.13
2011.08.12 02:50:38.380,0.79345,0.7937,1.13,1.13
2011.08.12 02:50:39.512,0.79344,0.7937,1.13,1.13
2011.08.12 02:50:45.224,0.79345,0.79371,2.25,1.88
2011.08.12 02:50:45.342,0.79345,0.79371,3.38,1.50
2011.08.12 02:50:47.132,0.79346,0.79372,2.25,1.73
2011.08.12 02:50:47.689,0.79347,0.79371,1.50,1.50
2011.08.12 02:50:52.530,0.7935,0.79372,1.13,1.73
2011.08.12 02:50:54.413,0.7935,0.79372,1.13,1.73
2011.08.12 02:50:54.534,0.79353,0.79376,1.13,1.13
2011.08.12 02:50:55.090,0.79353,0.79376,1.88,1.13
2011.08.12 02:50:57.611,0.79353,0.79375,1.88,1.13
2011.08.12 02:51:04.680,0.79353,0.79372,1.13,1.50
2011.08.12 02:51:05.353,0.79352,0.79372,1.13,1.50
2011.08.12 02:51:05.694,0.79351,0.79372,1.50,1.50
2011.08.12 02:51:06.139,0.7935,0.79372,3.68,1.50
2011.08.12 02:51:07.039,0.7935,0.79372,3.68,1.50
2011.08.12 02:51:07.671,0.7935,0.79372,2.93,1.50
2011.08.12 02:51:07.789,0.7935,0.79372,2.93,1.50
2011.08.12 02:51:09.151,0.7935,0.79372,2.18,1.13
2011.08.12 02:51:09.271,0.7935,0.79372,2.18,1.13
2011.08.12 02:51:09.390,0.79347,0.79371,1.13,1.50
2011.08.12 02:51:11.200,0.79347,0.79372,1.73,1.13
2011.08.12 02:51:13.040,0.79347,0.79371,1.73,1.50
2011.08.12 02:51:13.482,0.79344,0.79367,2.93,1.50
2011.08.12 02:51:13.604,0.79344,0.79364,2.18,1.13
2011.08.12 02:51:13.943,0.79342,0.79364,1.50,1.13
2011.08.12 02:51:17.632,0.79341,0.79364,2.63,1.13
2011.08.12 02:51:17.754,0.79339,0.7936,1.35,1.50
2011.08.12 02:51:17.873,0.79336,0.79358,1.50,1.13
2011.08.12 02:51:17.994,0.79336,0.79358,1.50,3.38
2011.08.12 02:51:18.114,0.79335,0.79354,1.50,2.55
2011.08.12 02:51:18.568,0.79329,0.79349,1.50,1.13
2011.08.12 02:51:18.686,0.79327,0.79349,2.25,1.13
2011.08.12 02:51:19.790,0.79329,0.7935,1.88,1.50
2011.08.12 02:51:20.433,0.79329,0.79352,1.88,1.88
2011.08.12 02:51:20.542,0.79329,0.79352,1.88,1.13
2011.08.12 02:51:22.660,0.79329,0.79354,1.88,2.93
2011.08.12 02:51:22.772,0.79332,0.79354,1.13,2.18
2011.08.12 02:51:23.111,0.79334,0.79356,2.25,1.73
2011.08.12 02:51:23.452,0.79341,0.7936,1.50,1.13
2011.08.12 02:51:23.574,0.79343,0.79365,2.55,1.35
2011.08.12 02:51:23.690,0.79345,0.79365,1.50,1.35
2011.08.12 02:51:24.240,0.79341,0.79364,1.50,1.13
2011.08.12 02:51:24.941,0.79341,0.79364,1.50,1.13
2011.08.12 02:51:26.580,0.79344,0.79366,1.13,1.13
2011.08.12 02:51:29.113,0.79342,0.79366,2.25,1.13
2011.08.12 02:51:33.731,0.79343,0.79365,1.13,1.13
2011.08.12 02:51:41.810,0.79343,0.79366,1.13,1.13
2011.08.12 02:51:45.534,0.79346,0.7937,1.50,1.13
2011.08.12 02:51:45.657,0.79347,0.7937,1.50,1.13
2011.08.12 02:51:47.100,0.79349,0.79372,1.13,1.88
2011.08.12 02:51:52.801,0.7935,0.79372,1.13,1.88
2011.08.12 02:51:53.030,0.79351,0.79372,1.50,1.13
2011.08.12 02:51:54.019,0.7935,0.79372,1.88,1.13
2011.08.12 02:51:54.570,0.7935,0.79372,1.88,1.13
2011.08.12 02:51:54.801,0.7935,0.79372,1.88,1.13
2011.08.12 02:51:55.772,0.7935,0.79373,1.88,1.13
2011.08.12 02:51:59.751,0.79352,0.79373,1.50,1.13
2011.08.12 02:52:00.310,0.7935,0.79372,1.13,1.13
2011.08.12 02:52:00.640,0.7935,0.79372,1.13,1.13
2011.08.12 02:52:01.330,0.79349,0.79371,1.13,1.35
2011.08.12 02:52:01.440,0.79347,0.79369,1.50,1.13
2011.08.12 02:52:01.561,0.79347,0.79369,1.50,1.13
2011.08.12 02:52:02.188,0.79347,0.79369,1.50,1.50
2011.08.12 02:52:03.801,0.79344,0.79366,1.50,1.13
2011.08.12 02:52:04.250,0.79345,0.79368,1.13,1.35
2011.08.12 02:52:04.481,0.79345,0.79369,1.13,1.13
2011.08.12 02:52:05.043,0.79345,0.79369,1.13,1.13
2011.08.12 02:52:12.639,0.79347,0.79369,1.50,1.13
2011.08.12 02:52:14.763,0.79343,0.79364,3.68,1.13
2011.08.12 02:52:15.319,0.79342,0.79364,1.73,1.13
2011.08.12 02:52:23.693,0.79343,0.79363,1.13,2.25
2011.08.12 02:52:23.921,0.79343,0.79366,1.13,1.50
2011.08.12 02:52:24.040,0.79343,0.79366,1.13,1.50
2011.08.12 02:52:27.973,0.79343,0.79367,1.13,1.88
2011.08.12 02:52:28.201,0.79344,0.79367,1.50,1.13
2011.08.12 02:52:28.541,0.79347,0.79369,1.50,1.13
2011.08.12 02:52:29.268,0.7935,0.79373,1.13,1.13
2011.08.12 02:52:29.850,0.7935,0.79373,1.13,1.13
2011.08.12 02:52:36.655,0.7935,0.79373,1.13,1.13
2011.08.12 02:52:45.081,0.7935,0.79372,1.13,1.13
2011.08.12 02:52:52.337,0.7935,0.79372,1.13,1.88
2011.08.12 02:52:52.673,0.79346,0.79368,1.50,2.25
2011.08.12 02:52:52.791,0.79348,0.79368,1.13,1.50
2011.08.12 02:52:53.024,0.79346,0.79368,1.13,2.63
2011.08.12 02:52:53.142,0.79342,0.79365,3.23,1.13
2011.08.12 02:52:53.265,0.79342,0.79364,1.13,1.13
2011.08.12 02:52:58.950,0.79342,0.79364,1.13,1.88
2011.08.12 02:53:05.272,0.79343,0.79365,2.63,1.13
2011.08.12 02:53:05.829,0.79345,0.79366,1.13,1.35
2011.08.12 02:53:07.151,0.79345,0.79366,1.13,1.35
2011.08.12 02:53:08.752,0.79345,0.79366,1.13,2.10
2011.08.12 02:53:08.980,0.79345,0.79366,1.13,1.35
2011.08.12 02:53:13.141,0.79345,0.79367,1.13,1.13
2011.08.12 02:53:14.819,0.79345,0.79367,1.13,1.88
2011.08.12 02:53:15.434,0.79345,0.79367,1.13,1.13
2011.08.12 02:53:15.549,0.79345,0.79367,1.13,1.13
2011.08.12 02:53:16.833,0.79344,0.79367,1.13,1.88
2011.08.12 02:53:17.060,0.79345,0.79367,1.13,1.88
2011.08.12 02:53:18.809,0.79345,0.79367,1.13,1.88
2011.08.12 02:53:19.539,0.79345,0.79367,1.13,1.13
2011.08.12 02:53:20.962,0.79344,0.79367,1.13,2.63
2011.08.12 02:53:21.580,0.79345,0.79367,1.13,2.63
2011.08.12 02:53:29.951,0.79345,0.79369,1.13,2.10
2011.08.12 02:53:30.540,0.79345,0.79367,1.13,1.13
2011.08.12 02:53:31.309,0.79345,0.79369,1.13,2.85
2011.08.12 02:53:32.900,0.79346,0.79368,1.50,1.73
2011.08.12 02:53:33.120,0.79346,0.79368,1.50,1.73
2011.08.12 02:53:37.599,0.79347,0.79368,1.50,1.73
2011.08.12 02:53:39.794,0.79347,0.79368,1.50,1.73
2011.08.12 02:53:40.683,0.79349,0.79369,1.88,1.35
2011.08.12 02:53:41.023,0.79352,0.79373,1.50,1.13
2011.08.12 02:53:41.580,0.79354,0.79373,1.50,1.13
2011.08.12 02:53:42.830,0.79354,0.79373,1.50,1.13
2011.08.12 02:53:43.689,0.79354,0.79373,1.50,1.13
2011.08.12 02:53:44.491,0.79358,0.79375,1.35,1.50
2011.08.12 02:53:44.612,0.79366,0.79379,1.50,1.88
2011.08.12 02:53:44.732,0.79366,0.79381,1.88,2.93
2011.08.12 02:53:44.851,0.79366,0.79389,1.88,1.35
2011.08.12 02:53:45.398,0.79366,0.79389,1.88,1.35
2011.08.12 02:53:46.540,0.79375,0.79395,1.50,1.13
2011.08.12 02:53:49.300,0.79372,0.79395,1.50,1.13
2011.08.12 02:53:52.139,0.79376,0.79396,1.13,2.25
2011.08.12 02:53:52.472,0.79376,0.79399,1.88,1.88
2011.08.12 02:53:53.304,0.7938,0.79403,1.50,2.63
2011.08.12 02:53:53.860,0.7938,0.79403,1.13,3.38
2011.08.12 02:53:56.252,0.7938,0.79403,4.05,1.50
2011.08.12 02:53:56.703,0.79384,0.79406,1.88,1.50
2011.08.12 02:53:56.932,0.79384,0.79407,1.88,1.50
2011.08.12 02:53:57.490,0.79384,0.79407,1.88,1.50
2011.08.12 02:53:59.521,0.79388,0.79408,1.13,1.35
2011.08.12 02:53:59.750,0.79391,0.79412,1.50,1.13
2011.08.12 02:53:59.973,0.79392,0.79414,1.50,2.10
2011.08.12 02:54:00.770,0.79394,0.79416,1.50,1.13
2011.08.12 02:54:01.320,0.79393,0.79416,1.50,1.88
2011.08.12 02:54:07.841,0.79395,0.79415,1.50,1.13
2011.08.12 02:54:07.962,0.79397,0.79419,1.13,1.13
2011.08.12 02:54:08.933,0.79397,0.79419,1.13,1.13
2011.08.12 02:54:10.171,0.79397,0.79419,1.13,1.13
2011.08.12 02:54:10.513,0.79401,0.79423,1.88,1.88
2011.08.12 02:54:11.179,0.79401,0.79422,1.13,1.50
2011.08.12 02:54:12.412,0.794,0.79422,1.13,2.25
2011.08.12 02:54:12.533,0.79397,0.79417,1.50,1.13
2011.08.12 02:54:12.655,0.79394,0.79417,1.50,2.48
2011.08.12 02:54:12.774,0.79388,0.79411,1.13,1.13
2011.08.12 02:54:12.894,0.79388,0.79411,1.13,1.88
2011.08.12 02:54:13.342,0.79385,0.79409,1.50,1.50
2011.08.12 02:54:13.681,0.79382,0.79405,1.13,1.88
2011.08.12 02:54:14.541,0.79393,0.79413,1.50,4.13
2011.08.12 02:54:15.445,0.79393,0.79412,1.50,2.25
2011.08.12 02:54:15.567,0.79387,0.7941,1.50,1.88
2011.08.12 02:54:15.792,0.79388,0.79412,1.88,2.25
2011.08.12 02:54:16.791,0.79391,0.79414,1.50,1.13
2011.08.12 02:54:17.133,0.79396,0.79416,1.13,1.35
2011.08.12 02:54:17.936,0.79397,0.79417,1.50,1.35
2011.08.12 02:54:18.271,0.79398,0.79419,1.13,2.85
2011.08.12 02:54:20.393,0.79396,0.7942,1.13,1.13
2011.08.12 02:54:20.516,0.794,0.79423,1.13,3.60
2011.08.12 02:54:21.070,0.794,0.79422,1.13,1.50
2011.08.12 02:54:21.871,0.79398,0.79421,2.25,2.63
2011.08.12 02:54:22.680,0.79398,0.7942,1.50,1.50
2011.08.12 02:54:22.798,0.79397,0.79418,1.13,1.50
2011.08.12 02:54:26.053,0.79397,0.79421,1.13,2.63
2011.08.12 02:54:26.280,0.79397,0.79421,1.13,1.13
2011.08.12 02:54:27.140,0.79397,0.79421,1.13,1.88
2011.08.12 02:54:27.739,0.79397,0.79419,1.13,1.88
2011.08.12 02:54:28.302,0.79397,0.79419,1.13,1.88
2011.08.12 02:54:29.255,0.79397,0.79419,1.13,1.88
2011.08.12 02:54:29.376,0.79397,0.79419,1.13,2.63
2011.08.12 02:54:30.110,0.79397,0.79419,1.13,1.88
2011.08.12 02:54:30.450,0.79397,0.79421,1.13,1.50
2011.08.12 02:54:30.782,0.79397,0.7942,1.13,1.13
2011.08.12 02:54:32.680,0.79397,0.79421,1.13,1.50
2011.08.12 02:54:38.982,0.79396,0.7942,1.13,1.50
2011.08.12 02:54:39.103,0.79396,0.79419,1.13,1.13
2011.08.12 02:54:39.662,0.79396,0.79418,1.13,1.88
2011.08.12 02:54:39.890,0.79396,0.79418,1.13,1.13
2011.08.12 02:54:40.004,0.79399,0.7942,1.13,2.25
2011.08.12 02:54:40.341,0.79396,0.79417,3.30,1.50
2011.08.12 02:54:42.791,0.79403,0.79421,1.73,1.13
2011.08.12 02:54:43.254,0.794,0.79419,1.13,1.50
2011.08.12 02:54:43.481,0.79397,0.7942,2.25,1.88
2011.08.12 02:54:44.040,0.79397,0.79418,1.50,1.50
2011.08.12 02:54:44.601,0.79396,0.79416,1.13,2.10
2011.08.12 02:54:44.722,0.79393,0.79415,1.50,1.13
2011.08.12 02:54:44.951,0.79391,0.79415,1.13,1.88
2011.08.12 02:54:45.730,0.7939,0.79411,1.88,1.50
2011.08.12 02:54:47.631,0.79388,0.79411,2.25,1.50
2011.08.12 02:54:49.992,0.79396,0.79414,1.13,2.93
2011.08.12 02:54:50.560,0.79396,0.79415,1.13,1.50
2011.08.12 02:54:51.221,0.79396,0.79418,1.13,1.50
2011.08.12 02:54:51.911,0.79397,0.79418,1.13,1.50
2011.08.12 02:54:53.321,0.79397,0.79419,1.88,1.13
2011.08.12 02:55:01.952,0.794,0.79419,1.35,1.13
2011.08.12 02:55:02.074,0.79403,0.79426,1.88,1.50
2011.08.12 02:55:02.192,0.79405,0.79426,2.25,1.13
2011.08.12 02:55:02.750,0.79407,0.79428,2.25,1.50
2011.08.12 02:55:03.522,0.79409,0.7943,2.25,3.30
2011.08.12 02:55:03.644,0.79412,0.79434,1.13,1.50
2011.08.12 02:55:04.319,0.79419,0.79441,1.13,1.13
2011.08.12 02:55:10.012,0.79422,0.79443,1.35,1.13
2011.08.12 02:55:10.352,0.79424,0.79446,3.00,1.35
2011.08.12 02:55:10.582,0.79426,0.79447,2.25,1.35
2011.08.12 02:55:11.207,0.79423,0.79444,1.88,1.50
2011.08.12 02:55:11.794,0.79424,0.79446,1.50,1.13
2011.08.12 02:55:11.911,0.79426,0.79447,2.25,1.13
2011.08.12 02:55:12.362,0.79422,0.79443,2.25,1.50
2011.08.12 02:55:12.811,0.79419,0.79442,1.13,1.13
2011.08.12 02:55:13.040,0.79418,0.7944,1.13,1.50
2011.08.12 02:55:14.270,0.79422,0.79443,1.13,3.68
2011.08.12 02:55:14.603,0.79422,0.79442,1.13,1.50
2011.08.12 02:55:14.721,0.79419,0.79439,1.50,1.50
2011.08.12 02:55:14.840,0.79418,0.79441,1.88,1.50
2011.08.12 02:55:16.283,0.7942,0.79443,1.50,1.50
2011.08.12 02:55:16.620,0.79423,0.79444,1.50,2.25
2011.08.12 02:55:17.901,0.79424,0.79445,2.25,1.50
2011.08.12 02:55:18.032,0.79432,0.79451,1.50,1.50
2011.08.12 02:55:18.591,0.7943,0.79452,2.63,1.50
2011.08.12 02:55:20.423,0.79432,0.79452,1.50,1.50
2011.08.12 02:55:20.542,0.79433,0.79454,1.13,1.50
2011.08.12 02:55:20.662,0.79433,0.79454,1.88,3.68
2011.08.12 02:55:20.782,0.79433,0.79454,3.75,1.50
2011.08.12 02:55:21.121,0.79438,0.79458,1.13,2.25
2011.08.12 02:55:22.922,0.79439,0.79458,1.13,1.50
2011.08.12 02:55:23.041,0.7944,0.79461,1.13,2.10
2011.08.12 02:55:23.492,0.79438,0.79461,2.25,2.25
2011.08.12 02:55:24.095,0.79434,0.79454,2.10,1.50
2011.08.12 02:55:24.212,0.79433,0.79454,1.50,1.88
2011.08.12 02:55:24.332,0.7943,0.79454,3.60,1.88
2011.08.12 02:55:24.672,0.7943,0.7945,2.85,1.50
2011.08.12 02:55:25.014,0.79426,0.79449,2.48,1.50
2011.08.12 02:55:26.640,0.79426,0.79448,2.10,1.50
2011.08.12 02:55:26.753,0.79426,0.79447,1.35,1.50
2011.08.12 02:55:27.530,0.79425,0.79445,1.50,1.50
2011.08.12 02:55:28.500,0.79425,0.79448,1.50,3.68
2011.08.12 02:55:29.053,0.79424,0.79442,1.35,1.13
2011.08.12 02:55:29.394,0.79425,0.79445,1.35,1.50
2011.08.12 02:55:29.843,0.7943,0.79445,1.13,1.50
2011.08.12 02:55:29.963,0.7943,0.79451,1.13,3.68
2011.08.12 02:55:30.412,0.7943,0.79451,3.00,1.50
2011.08.12 02:55:33.427,0.7943,0.79449,1.50,1.50
2011.08.12 02:55:33.551,0.79424,0.79447,2.25,1.50
2011.08.12 02:55:34.331,0.79424,0.79447,2.63,1.50
2011.08.12 02:55:34.562,0.79426,0.79448,2.63,1.88
2011.08.12 02:55:34.899,0.79426,0.79447,1.13,1.50
2011.08.12 02:55:35.753,0.7943,0.79448,1.50,1.50
2011.08.12 02:55:35.870,0.79429,0.79448,1.50,2.25
2011.08.12 02:55:35.992,0.79425,0.79448,2.48,2.25
2011.08.12 02:55:36.439,0.79425,0.79448,3.23,1.50
2011.08.12 02:55:36.991,0.79425,0.79448,2.25,1.50
2011.08.12 02:55:37.112,0.7943,0.79452,1.88,2.25
2011.08.12 02:55:37.836,0.7943,0.79452,1.88,2.25
2011.08.12 02:55:39.271,0.79432,0.79454,1.88,2.93
2011.08.12 02:55:39.501,0.79432,0.79455,1.13,2.25
2011.08.12 02:55:39.841,0.7943,0.79452,1.13,1.50
2011.08.12 02:55:42.723,0.79431,0.79454,1.35,2.93
2011.08.12 02:55:43.266,0.79433,0.79454,1.13,2.93
2011.08.12 02:55:43.391,0.7943,0.79453,2.25,1.50
2011.08.12 02:55:43.621,0.7943,0.79453,1.50,1.50
2011.08.12 02:55:43.962,0.79431,0.79453,1.50,1.50
2011.08.12 02:55:44.300,0.79431,0.79453,1.50,1.50
2011.08.12 02:55:46.271,0.7943,0.79454,2.10,1.88
2011.08.12 02:55:46.390,0.79431,0.79454,1.50,1.88
2011.08.12 02:55:46.500,0.79432,0.79454,1.50,1.50
2011.08.12 02:55:47.793,0.79434,0.79457,1.50,2.25
2011.08.12 02:55:48.129,0.79438,0.79458,1.88,1.50
2011.08.12 02:55:48.806,0.79438,0.79458,1.88,1.50
2011.08.12 02:55:51.455,0.79433,0.79455,1.50,2.25
2011.08.12 02:55:51.683,0.79438,0.79457,1.50,1.50
2011.08.12 02:55:51.913,0.79432,0.79455,1.73,1.13
2011.08.12 02:55:52.428,0.79433,0.79455,1.13,1.13
2011.08.12 02:55:53.251,0.79431,0.79453,1.50,1.88
2011.08.12 02:55:53.482,0.7943,0.79453,1.50,1.88
2011.08.12 02:55:54.040,0.7943,0.79453,1.50,1.88
2011.08.12 02:55:54.480,0.79429,0.79453,1.35,1.88
2011.08.12 02:55:55.697,0.7943,0.79453,1.50,1.88
2011.08.12 02:55:55.819,0.79438,0.7946,1.13,6.00
2011.08.12 02:55:56.151,0.79435,0.79458,2.10,1.50
2011.08.12 02:55:56.274,0.79434,0.79458,1.35,2.25
2011.08.12 02:55:56.611,0.79431,0.79456,2.25,1.50
2011.08.12 02:55:57.502,0.79431,0.79453,1.50,1.50
2011.08.12 02:55:58.062,0.79427,0.7945,2.10,3.68
2011.08.12 02:55:58.183,0.79426,0.79449,1.73,1.50
2011.08.12 02:55:58.302,0.79427,0.79449,1.35,1.50
2011.08.12 02:55:58.421,0.79427,0.79449,1.35,1.50
2011.08.12 02:55:58.763,0.79426,0.7945,2.25,2.93
2011.08.12 02:56:00.244,0.79428,0.7945,1.13,2.93
2011.08.12 02:56:01.009,0.79432,0.79454,1.50,1.50
2011.08.12 02:56:01.671,0.79431,0.79455,2.25,2.25
2011.08.12 02:56:01.899,0.7943,0.79455,2.85,2.25
2011.08.12 02:56:02.780,0.7943,0.79454,1.50,2.25
2011.08.12 02:56:03.329,0.79431,0.79454,1.88,2.63
2011.08.12 02:56:04.029,0.79429,0.79453,3.00,1.50
2011.08.12 02:56:06.909,0.7943,0.79453,3.00,1.50
2011.08.12 02:56:07.250,0.7943,0.7945,1.13,1.50
2011.08.12 02:56:07.369,0.79427,0.79449,1.13,1.13
2011.08.12 02:56:07.491,0.79427,0.79449,1.50,1.88
2011.08.12 02:56:08.106,0.79426,0.79447,1.13,1.13
2011.08.12 02:56:08.225,0.79422,0.79442,1.88,2.93
2011.08.12 02:56:08.669,0.79423,0.79446,1.73,3.00
2011.08.12 02:56:08.780,0.79427,0.79446,1.13,1.50
2011.08.12 02:56:08.901,0.79427,0.79447,1.50,2.93
2011.08.12 02:56:09.459,0.79427,0.79449,1.13,1.50
2011.08.12 02:56:09.789,0.79427,0.79451,1.88,1.50
2011.08.12 02:56:10.149,0.79428,0.79451,1.50,1.50
2011.08.12 02:56:10.701,0.79427,0.79451,3.23,1.50
2011.08.12 02:56:10.932,0.79432,0.79454,1.50,1.50
2011.08.12 02:56:11.051,0.79432,0.79455,1.50,2.25
2011.08.12 02:56:11.170,0.79433,0.79455,1.50,1.50
2011.08.12 02:56:17.459,0.79434,0.79456,2.25,2.25
2011.08.12 02:56:17.569,0.79435,0.79459,1.50,4.05
2011.08.12 02:56:18.338,0.79439,0.7946,1.13,2.25
2011.08.12 02:56:18.558,0.79438,0.7946,1.88,2.25
2011.08.12 02:56:19.658,0.79438,0.7946,1.13,1.50
2011.08.12 02:56:23.338,0.79439,0.79459,1.88,1.50
2011.08.12 02:56:23.897,0.79439,0.79459,1.13,1.50
2011.08.12 02:56:30.000,0.79436,0.79458,1.88,1.88
2011.08.12 02:56:30.558,0.79435,0.79458,1.13,1.88
2011.08.12 02:56:33.500,0.79436,0.79458,1.13,1.13
2011.08.12 02:56:33.623,0.79438,0.79459,1.13,1.50
2011.08.12 02:56:35.337,0.79438,0.79461,1.13,1.50
2011.08.12 02:56:35.892,0.79441,0.79462,1.50,1.50
2011.08.12 02:56:36.121,0.79442,0.79462,1.13,1.50
2011.08.12 02:56:36.245,0.79445,0.79466,1.35,1.50
2011.08.12 02:56:36.362,0.79445,0.79467,1.35,1.50
2011.08.12 02:56:37.309,0.79446,0.79468,1.73,1.50
2011.08.12 02:56:37.642,0.7945,0.7947,1.13,1.50
2011.08.12 02:56:37.980,0.79447,0.79469,1.13,1.13
2011.08.12 02:56:39.090,0.79447,0.79469,1.13,1.88
2011.08.12 02:56:40.372,0.79451,0.79472,1.50,1.88
2011.08.12 02:56:40.711,0.79454,0.79475,1.13,2.10
2011.08.12 02:56:41.048,0.79454,0.79475,1.13,1.35
2011.08.12 02:56:41.267,0.79454,0.79475,1.88,1.35
2011.08.12 02:56:41.601,0.79451,0.79473,1.50,1.13
2011.08.12 02:56:41.720,0.7945,0.79473,1.88,4.80
2011.08.12 02:56:42.060,0.79448,0.79469,1.50,1.13
2011.08.12 02:56:42.618,0.79447,0.7947,1.13,3.30
2011.08.12 02:56:42.728,0.79446,0.79469,1.88,1.13
2011.08.12 02:56:43.639,0.79446,0.7947,2.25,3.30
2011.08.12 02:56:44.364,0.79449,0.7947,1.50,2.93
2011.08.12 02:56:44.485,0.79451,0.79474,1.88,1.13
2011.08.12 02:56:46.990,0.79455,0.79474,1.13,1.13
2011.08.12 02:56:47.220,0.79455,0.79478,1.88,1.50
2011.08.12 02:56:47.452,0.79455,0.79475,1.50,1.13
2011.08.12 02:56:47.789,0.79453,0.79475,1.50,1.50
2011.08.12 02:56:48.019,0.79454,0.79478,1.13,1.50
2011.08.12 02:56:48.459,0.79454,0.79479,1.88,1.50
2011.08.12 02:56:49.009,0.79456,0.7948,1.50,3.30
2011.08.12 02:56:49.341,0.79468,0.79482,1.13,2.93
2011.08.12 02:56:50.108,0.79467,0.79486,1.13,1.50
2011.08.12 02:56:50.333,0.79464,0.79486,1.13,1.13
2011.08.12 02:56:50.563,0.79467,0.79489,1.13,1.50
2011.08.12 02:56:50.679,0.79468,0.79488,1.13,1.50
2011.08.12 02:56:51.232,0.79463,0.79487,1.13,4.05
2011.08.12 02:56:51.352,0.79461,0.79486,2.10,2.93
2011.08.12 02:56:51.472,0.79461,0.79486,2.85,2.93
2011.08.12 02:56:52.474,0.79465,0.79485,1.50,1.50
2011.08.12 02:56:53.031,0.79465,0.79487,1.13,1.13
2011.08.12 02:56:54.251,0.79467,0.79489,1.13,3.68
2011.08.12 02:56:54.806,0.79468,0.79489,1.13,1.50
2011.08.12 02:56:55.046,0.79464,0.79488,1.13,1.13
2011.08.12 02:56:55.270,0.79464,0.79488,1.13,3.30
2011.08.12 02:56:56.421,0.79467,0.79488,1.50,3.68
2011.08.12 02:56:56.541,0.79469,0.79488,1.13,2.18
2011.08.12 02:56:56.769,0.79469,0.7949,1.13,1.35
2011.08.12 02:56:57.101,0.79468,0.79491,2.85,2.25
2011.08.12 02:56:57.442,0.79473,0.79492,1.50,1.88
2011.08.12 02:56:58.003,0.79475,0.79492,1.50,1.50
2011.08.12 02:56:58.609,0.79475,0.79494,1.50,1.50
2011.08.12 02:56:59.390,0.79473,0.79492,1.13,1.50
2011.08.12 02:56:59.514,0.79469,0.79491,1.50,2.93
2011.08.12 02:57:00.949,0.79468,0.7949,2.25,1.50
2011.08.12 02:57:01.280,0.79469,0.7949,1.50,1.50
2011.08.12 02:57:01.620,0.79469,0.79491,1.50,1.13
2011.08.12 02:57:01.960,0.79468,0.7949,1.50,1.50
2011.08.12 02:57:02.890,0.79466,0.79488,1.13,1.13
2011.08.12 02:57:03.857,0.79467,0.7949,1.13,2.25
2011.08.12 02:57:03.975,0.79469,0.79491,1.50,3.30
2011.08.12 02:57:04.529,0.79468,0.7949,1.50,2.93
2011.08.12 02:57:05.088,0.79467,0.7949,2.25,2.93
2011.08.12 02:57:05.421,0.79467,0.79487,2.25,2.25
2011.08.12 02:57:05.650,0.79462,0.79482,1.50,1.13
2011.08.12 02:57:05.878,0.79462,0.79483,1.50,2.55
2011.08.12 02:57:06.970,0.79463,0.79483,1.13,2.18
2011.08.12 02:57:07.199,0.79463,0.79487,1.13,4.80
2011.08.12 02:57:07.748,0.79463,0.79487,1.13,4.05
2011.08.12 02:57:08.737,0.79463,0.79487,1.13,3.30
2011.08.12 02:57:08.849,0.79461,0.79486,1.50,1.50
2011.08.12 02:57:09.179,0.79468,0.79486,1.50,1.13
2011.08.12 02:57:09.915,0.79466,0.79486,1.50,2.93
2011.08.12 02:57:10.472,0.79464,0.79488,1.35,1.50
2011.08.12 02:57:10.702,0.79468,0.79487,1.50,1.13
2011.08.12 02:57:11.260,0.79468,0.79488,1.50,1.13
2011.08.12 02:57:11.710,0.79471,0.79491,1.50,1.50
2011.08.12 02:57:11.939,0.79469,0.79489,1.50,1.13
2011.08.12 02:57:12.390,0.79467,0.79488,1.50,1.13
2011.08.12 02:57:13.828,0.79467,0.79488,1.50,1.13
2011.08.12 02:57:15.040,0.79467,0.79488,1.50,1.13
2011.08.12 02:57:15.378,0.79465,0.79488,2.25,1.13
2011.08.12 02:57:15.492,0.79467,0.79488,1.50,1.13
2011.08.12 02:57:16.160,0.79468,0.79488,1.50,1.13
2011.08.12 02:57:16.389,0.79465,0.79484,2.25,1.50
2011.08.12 02:57:16.501,0.79464,0.79482,1.50,1.50
2011.08.12 02:57:16.621,0.79459,0.7948,2.10,1.13
2011.08.12 02:57:16.739,0.79458,0.7948,1.35,1.13
2011.08.12 02:57:17.299,0.79458,0.79482,2.48,1.88
2011.08.12 02:57:17.534,0.79452,0.79474,5.85,1.13
2011.08.12 02:57:17.762,0.79451,0.79471,2.25,1.13
2011.08.12 02:57:17.880,0.79449,0.79471,1.50,1.13
2011.08.12 02:57:19.128,0.79448,0.79471,1.88,1.13
2011.08.12 02:57:19.243,0.79447,0.79468,1.50,1.50
2011.08.12 02:57:19.363,0.79446,0.79468,1.50,1.50
2011.08.12 02:57:19.591,0.79441,0.79466,2.48,1.13
2011.08.12 02:57:19.821,0.79441,0.79466,1.73,1.13
2011.08.12 02:57:20.712,0.79441,0.79463,2.48,1.50
2011.08.12 02:57:21.283,0.79438,0.7946,1.88,1.13
2011.08.12 02:57:21.730,0.79444,0.79462,1.13,2.93
2011.08.12 02:57:22.071,0.79446,0.79465,1.50,1.88
2011.08.12 02:57:22.190,0.79443,0.79464,1.50,1.50
2011.08.12 02:57:22.928,0.79439,0.79459,1.50,1.13
2011.08.12 02:57:23.370,0.79437,0.79458,2.25,1.50
2011.08.12 02:57:23.712,0.79436,0.7946,1.88,1.50
2011.08.12 02:57:23.938,0.79436,0.7946,3.38,1.50
2011.08.12 02:57:24.049,0.79436,0.7946,3.38,1.50
2011.08.12 02:57:24.380,0.79438,0.79461,2.25,1.13
2011.08.12 02:57:24.501,0.79441,0.79462,1.13,1.13
2011.08.12 02:57:24.843,0.79446,0.79466,1.50,1.50
2011.08.12 02:57:25.183,0.79444,0.79466,1.50,1.88
2011.08.12 02:57:25.409,0.79445,0.79466,2.25,1.13
2011.08.12 02:57:25.960,0.79445,0.79468,3.00,1.50
2011.08.12 02:57:26.585,0.79446,0.79469,1.88,3.00
2011.08.12 02:57:28.019,0.79445,0.79468,1.88,1.50
2011.08.12 02:57:28.361,0.79444,0.79463,2.25,1.13
2011.08.12 02:57:28.701,0.79441,0.79463,1.88,1.13
2011.08.12 02:57:30.148,0.79441,0.79463,1.13,1.13
2011.08.12 02:57:30.919,0.7944,0.79462,1.88,1.88
2011.08.12 02:57:31.581,0.7944,0.79462,2.25,1.50
2011.08.12 02:57:31.920,0.79441,0.79465,1.88,1.88
2011.08.12 02:57:32.370,0.79439,0.79464,3.00,1.50
2011.08.12 02:57:32.601,0.79439,0.79463,1.13,1.88
2011.08.12 02:57:33.293,0.79438,0.79462,3.23,1.50
2011.08.12 02:57:33.830,0.79438,0.79462,2.48,1.50
2011.08.12 02:57:34.502,0.79438,0.79457,1.35,1.13
2011.08.12 02:57:34.950,0.79437,0.79458,2.85,1.13
2011.08.12 02:57:35.511,0.79437,0.79458,2.10,1.13
2011.08.12 02:57:36.179,0.79437,0.79458,2.10,1.13
2011.08.12 02:57:36.728,0.79437,0.79458,1.50,1.13
2011.08.12 02:57:37.280,0.79436,0.79458,1.50,1.13
2011.08.12 02:57:37.509,0.79436,0.79458,1.50,1.13
2011.08.12 02:57:37.959,0.79436,0.79458,1.50,1.88
2011.08.12 02:57:39.031,0.79436,0.79457,1.50,1.50
2011.08.12 02:57:39.590,0.79435,0.79453,1.50,1.13
2011.08.12 02:57:39.713,0.79433,0.79455,1.50,3.30
2011.08.12 02:57:39.830,0.79435,0.79455,1.50,1.13
2011.08.12 02:57:40.168,0.79435,0.79455,1.50,1.13
2011.08.12 02:57:41.420,0.79435,0.79451,1.50,1.13
2011.08.12 02:57:41.541,0.79434,0.7945,1.50,1.13
2011.08.12 02:57:41.660,0.7943,0.7945,1.50,1.13
2011.08.12 02:57:42.943,0.7943,0.7945,1.50,1.50
2011.08.12 02:57:43.499,0.79428,0.79448,1.50,1.13
2011.08.12 02:57:44.064,0.79432,0.79452,1.50,2.18
2011.08.12 02:57:44.400,0.79436,0.79455,1.50,1.13
2011.08.12 02:57:44.962,0.79436,0.79451,1.50,1.13
2011.08.12 02:57:45.081,0.79428,0.79451,2.63,1.13
2011.08.12 02:57:48.348,0.7943,0.79452,1.13,2.93
2011.08.12 02:57:48.459,0.79431,0.79452,1.13,2.93
2011.08.12 02:57:49.011,0.79435,0.79454,1.50,3.30
2011.08.12 02:57:49.241,0.79434,0.79456,1.88,1.88
2011.08.12 02:57:49.469,0.79437,0.79457,1.13,1.50
2011.08.12 02:57:50.690,0.79437,0.79459,1.13,1.50
2011.08.12 02:57:50.922,0.79432,0.79455,1.35,1.50
2011.08.12 02:57:51.043,0.7943,0.79451,1.50,1.13
2011.08.12 02:57:51.493,0.79428,0.79451,2.25,1.13
2011.08.12 02:57:52.109,0.79428,0.79451,1.50,1.13
2011.08.12 02:57:53.028,0.79428,0.79453,2.25,4.80
2011.08.12 02:57:53.252,0.79433,0.79455,1.50,1.13
2011.08.12 02:57:59.283,0.79437,0.79457,1.88,1.50
2011.08.12 02:58:00.401,0.79437,0.79457,1.88,1.50
2011.08.12 02:58:02.759,0.79437,0.79457,1.88,1.50
2011.08.12 02:58:03.199,0.79439,0.79459,1.88,1.50
2011.08.12 02:58:03.749,0.79439,0.79459,1.88,1.50
2011.08.12 02:58:04.309,0.79439,0.79458,1.13,1.50
2011.08.12 02:58:05.469,0.79439,0.79459,1.13,1.50
2011.08.12 02:58:06.030,0.79437,0.79458,1.50,1.50
2011.08.12 02:58:07.216,0.79439,0.7946,1.88,1.50
2011.08.12 02:58:07.768,0.79438,0.79459,1.88,1.50
2011.08.12 02:58:08.326,0.79438,0.79459,1.13,1.50
2011.08.12 02:58:12.414,0.79436,0.79457,1.88,1.50
2011.08.12 02:58:12.531,0.79436,0.79457,1.13,1.50
2011.08.12 02:58:12.761,0.79436,0.79457,2.63,1.50
2011.08.12 02:58:16.340,0.79436,0.79457,2.63,1.50
2011.08.12 02:58:16.908,0.79436,0.79456,2.63,1.50
2011.08.12 02:58:17.569,0.79436,0.79457,2.63,1.50
2011.08.12 02:58:17.680,0.79436,0.79457,2.63,1.50
2011.08.12 02:58:18.129,0.79434,0.79453,1.50,1.13
2011.08.12 02:58:18.239,0.79432,0.79453,2.25,1.13
2011.08.12 02:58:18.349,0.79432,0.79453,1.50,1.13
2011.08.12 02:58:20.599,0.79432,0.79453,2.25,1.88
2011.08.12 02:58:21.407,0.79429,0.7945,2.10,1.50
2011.08.12 02:58:22.331,0.79427,0.79449,3.00,1.50
2011.08.12 02:58:22.672,0.79422,0.79443,1.50,1.13
2011.08.12 02:58:23.012,0.79418,0.79439,1.50,1.13
2011.08.12 02:58:23.133,0.79417,0.79439,2.48,1.13
2011.08.12 02:58:23.800,0.79417,0.79439,2.48,1.13
2011.08.12 02:58:24.739,0.79417,0.79439,2.48,1.13
2011.08.12 02:58:25.311,0.79417,0.79439,2.48,1.13
2011.08.12 02:58:25.650,0.79414,0.79436,1.13,1.13
2011.08.12 02:58:26.100,0.79414,0.79436,1.13,1.13
2011.08.12 02:58:26.770,0.79415,0.79436,1.50,1.13
2011.08.12 02:58:27.109,0.79418,0.79441,2.25,1.88
2011.08.12 02:58:28.213,0.79419,0.79443,1.50,1.50
2011.08.12 02:58:28.438,0.79421,0.79443,1.13,1.88
2011.08.12 02:58:30.979,0.79423,0.79445,2.10,1.50
2011.08.12 02:58:31.100,0.79425,0.79447,2.48,1.13
2011.08.12 02:58:31.660,0.79426,0.79447,1.50,4.43
2011.08.12 02:58:31.891,0.79425,0.79444,2.48,1.13
2011.08.12 02:58:32.011,0.79427,0.79446,1.50,1.50
2011.08.12 02:58:32.130,0.79427,0.79449,1.50,1.13
2011.08.12 02:58:32.360,0.79428,0.7945,1.88,1.13
2011.08.12 02:58:33.139,0.79429,0.7945,1.50,1.13
2011.08.12 02:58:34.945,0.79429,0.7945,2.25,1.13
2011.08.12 02:58:35.064,0.79429,0.7945,2.25,1.13
2011.08.12 02:58:35.407,0.79428,0.79449,1.13,2.25
2011.08.12 02:58:35.523,0.79424,0.79446,1.35,1.13
2011.08.12 02:58:36.411,0.79423,0.79444,1.35,1.50
2011.08.12 02:58:36.753,0.7942,0.79442,1.35,1.88
2011.08.12 02:58:37.642,0.7942,0.79441,1.35,1.50
2011.08.12 02:58:38.612,0.79416,0.79439,2.10,1.88
2011.08.12 02:58:38.948,0.79416,0.79439,2.10,1.88
2011.08.12 02:58:39.061,0.7942,0.79439,1.35,1.13
2011.08.12 02:58:39.622,0.79414,0.79439,1.88,2.63
2011.08.12 02:58:40.181,0.79413,0.79435,2.10,1.13
2011.08.12 02:58:40.412,0.79413,0.79435,1.50,1.13
2011.08.12 02:58:41.250,0.79414,0.79438,1.13,4.80
2011.08.12 02:58:41.370,0.79414,0.79438,1.13,3.68
2011.08.12 02:58:41.713,0.7942,0.79441,1.13,2.25
2011.08.12 02:58:41.835,0.7942,0.79441,1.88,1.50
2011.08.12 02:58:42.669,0.79426,0.79446,1.50,2.93
2011.08.12 02:58:42.790,0.79429,0.79451,1.50,1.13
2011.08.12 02:58:43.132,0.79428,0.7945,1.50,1.50
2011.08.12 02:58:43.255,0.79426,0.79447,1.50,1.13
2011.08.12 02:58:43.808,0.79424,0.79447,1.35,1.88
2011.08.12 02:58:44.489,0.79426,0.79447,1.50,1.88
2011.08.12 02:58:44.940,0.79426,0.79448,1.50,2.93
2011.08.12 02:58:45.498,0.79426,0.79447,1.50,1.88
2011.08.12 02:58:46.601,0.79425,0.79447,1.50,1.13
2011.08.12 02:58:47.159,0.79425,0.79448,1.50,2.93
2011.08.12 02:58:47.977,0.79424,0.79445,1.50,1.50
2011.08.12 02:58:48.095,0.7942,0.79441,1.35,3.68
2011.08.12 02:58:52.308,0.79415,0.79439,1.13,1.50
2011.08.12 02:58:52.639,0.79415,0.7944,1.13,1.50
2011.08.12 02:58:52.979,0.79414,0.79438,1.50,1.50
2011.08.12 02:58:53.802,0.79408,0.79433,1.88,2.93
2011.08.12 02:58:57.931,0.79407,0.7943,2.48,1.13
2011.08.12 02:58:58.499,0.79407,0.7943,1.73,1.88
2011.08.12 02:59:00.859,0.79409,0.79431,1.13,2.25
2011.08.12 02:59:01.310,0.79409,0.79431,1.13,2.25
2011.08.12 02:59:01.542,0.79406,0.79427,1.88,1.50
2011.08.12 02:59:02.259,0.79406,0.79429,1.88,4.80
2011.08.12 02:59:02.809,0.79406,0.79428,1.88,1.88
2011.08.12 02:59:03.448,0.79406,0.79428,1.88,1.13
2011.08.12 02:59:03.893,0.79406,0.79428,1.88,1.13
2011.08.12 02:59:06.898,0.79406,0.79428,1.50,1.88
2011.08.12 02:59:07.449,0.79406,0.79428,1.50,1.88
2011.08.12 02:59:08.391,0.79406,0.79428,1.50,2.63
2011.08.12 02:59:10.763,0.79408,0.79428,1.13,2.25
2011.08.12 02:59:11.100,0.79408,0.79429,1.13,1.50
2011.08.12 02:59:11.220,0.79407,0.79428,1.50,1.88
2011.08.12 02:59:11.792,0.79407,0.79428,1.50,3.30
2011.08.12 02:59:12.459,0.79407,0.79428,1.50,4.05
2011.08.12 02:59:12.900,0.79407,0.79427,1.50,1.88
2011.08.12 02:59:14.870,0.79407,0.79427,1.50,2.25
2011.08.12 02:59:15.983,0.79407,0.79428,1.50,2.18
2011.08.12 02:59:16.101,0.79407,0.7943,1.50,1.88
2011.08.12 02:59:18.829,0.79411,0.79432,1.13,2.25
2011.08.12 02:59:19.410,0.79411,0.79432,1.50,2.25
2011.08.12 02:59:19.630,0.79414,0.79437,1.50,1.13
2011.08.12 02:59:20.198,0.79414,0.79437,1.50,1.88
2011.08.12 02:59:21.920,0.79414,0.79435,1.50,1.50
2011.08.12 02:59:22.152,0.79412,0.79433,1.35,1.13
2011.08.12 02:59:23.039,0.79412,0.79433,1.35,1.13
2011.08.12 02:59:27.437,0.79412,0.79433,1.35,1.13
2011.08.12 02:59:29.870,0.79411,0.79433,1.13,1.13
2011.08.12 02:59:30.643,0.79411,0.79433,1.13,1.13
2011.08.12 02:59:33.020,0.79411,0.79433,1.13,1.88
2011.08.12 02:59:38.859,0.79409,0.79433,1.13,1.88
2011.08.12 02:59:39.300,0.79414,0.79435,1.88,2.18
2011.08.12 02:59:39.859,0.79414,0.79436,1.88,1.88
2011.08.12 02:59:40.420,0.79414,0.79436,1.88,1.13
2011.08.12 02:59:40.978,0.79414,0.79437,1.13,1.13
2011.08.12 02:59:43.778,0.79414,0.79437,1.13,1.13
2011.08.12 02:59:45.841,0.79414,0.79437,1.88,1.13
2011.08.12 02:59:46.400,0.79414,0.79437,1.88,1.88
2011.08.12 02:59:47.288,0.79414,0.79436,2.25,1.13
2011.08.12 02:59:50.459,0.79414,0.79435,1.50,2.25
2011.08.12 02:59:51.135,0.79412,0.79433,1.50,2.25
2011.08.12 02:59:53.240,0.7941,0.79433,1.13,1.13
2011.08.12 02:59:53.908,0.7941,0.79433,1.88,1.88
2011.08.12 02:59:55.099,0.7941,0.79433,1.88,1.13
2011.08.12 02:59:55.554,0.7941,0.79433,1.88,1.13
2011.08.12 02:59:56.109,0.79406,0.79429,2.85,1.13
2011.08.12 02:59:56.658,0.79406,0.79431,2.85,2.93
2011.08.12 02:59:56.769,0.79409,0.79431,1.88,2.18
2011.08.12 02:59:57.298,0.79409,0.79432,1.88,1.13
2011.08.12 02:59:58.560,0.79409,0.79432,1.88,1.13
