2011.12.29 03:00:02.431,0.78476,0.78494,2.25,3.00
2011.12.29 03:00:02.571,0.78473,0.78489,1.50,1.50
2011.12.29 03:00:03.238,0.78471,0.78489,2.25,2.25
2011.12.29 03:00:06.088,0.78473,0.78491,1.50,4.50
2011.12.29 03:00:06.160,0.78477,0.78491,1.50,4.50
2011.12.29 03:00:06.292,0.78477,0.78491,2.25,3.75
2011.12.29 03:00:06.766,0.78476,0.78495,3.75,2.25
2011.12.29 03:00:06.982,0.78476,0.78492,1.50,1.50
2011.12.29 03:00:07.489,0.78474,0.78492,2.25,2.25
2011.12.29 03:00:10.449,0.78472,0.78492,3.00,2.25
2011.12.29 03:00:10.526,0.78472,0.78492,3.00,2.25
2011.12.29 03:00:11.162,0.78472,0.78492,3.00,2.25
2011.12.29 03:00:13.538,0.7847,0.78488,3.00,3.00
2011.12.29 03:00:13.624,0.78468,0.78486,1.50,2.25
2011.12.29 03:00:14.183,0.78468,0.78486,1.50,2.25
2011.12.29 03:00:14.663,0.78466,0.78486,2.25,3.75
2011.12.29 03:00:14.913,0.78466,0.78486,2.25,3.75
2011.12.29 03:00:15.359,0.78469,0.78486,1.50,1.50
2011.12.29 03:00:16.562,0.78469,0.78487,3.00,2.25
2011.12.29 03:00:16.835,0.78474,0.7849,3.00,1.50
2011.12.29 03:00:17.022,0.78474,0.78494,3.75,2.25
2011.12.29 03:00:22.708,0.78474,0.78494,3.75,2.25
2011.12.29 03:00:31.620,0.78474,0.78494,3.75,2.25
2011.12.29 03:00:32.043,0.78474,0.78494,3.75,2.25
2011.12.29 03:00:37.214,0.78474,0.78494,3.75,2.25
2011.12.29 03:00:38.734,0.78477,0.78495,3.00,2.25
2011.12.29 03:00:39.061,0.78478,0.78495,1.50,2.25
2011.12.29 03:00:46.923,0.7848,0.78495,1.50,2.25
2011.12.29 03:00:47.124,0.78484,0.785,1.50,3.00
2011.12.29 03:00:47.196,0.78484,0.78504,1.50,3.75
2011.12.29 03:00:47.274,0.78484,0.78504,2.25,3.75
2011.12.29 03:00:47.583,0.78482,0.78499,2.25,2.25
2011.12.29 03:00:47.864,0.78485,0.78503,2.25,3.00
2011.12.29 03:00:48.062,0.78485,0.78503,3.00,1.50
2011.12.29 03:00:48.521,0.78488,0.78505,2.25,1.50
2011.12.29 03:00:49.063,0.78488,0.78505,2.25,1.50
2011.12.29 03:00:49.571,0.78484,0.78504,2.25,3.00
2011.12.29 03:00:50.082,0.78484,0.78504,3.00,3.00
2011.12.29 03:00:50.724,0.78489,0.78505,1.50,1.50
2011.12.29 03:00:50.973,0.7849,0.7851,2.25,2.25
2011.12.29 03:00:51.041,0.7849,0.7851,2.25,2.25
2011.12.29 03:00:51.416,0.7849,0.7851,2.25,2.25
2011.12.29 03:00:52.722,0.7849,0.78509,2.25,1.50
2011.12.29 03:00:53.065,0.78489,0.78505,1.50,1.50
2011.12.29 03:00:53.136,0.7849,0.78506,1.50,1.50
2011.12.29 03:00:53.354,0.78491,0.78509,2.25,1.50
2011.12.29 03:00:53.423,0.78491,0.7851,2.25,1.50
2011.12.29 03:00:53.491,0.78491,0.78511,2.25,3.00
2011.12.29 03:00:53.679,0.78491,0.78511,1.50,3.00
2011.12.29 03:00:59.978,0.78491,0.78511,2.25,2.25
2011.12.29 03:01:00.551,0.7849,0.78509,2.25,1.50
2011.12.29 03:01:00.859,0.7849,0.78509,2.25,2.25
2011.12.29 03:01:02.117,0.78491,0.78511,1.50,3.00
2011.12.29 03:01:02.263,0.78491,0.78511,3.00,3.00
2011.12.29 03:01:02.337,0.78491,0.78511,3.00,3.00
2011.12.29 03:01:02.487,0.78494,0.78511,3.00,1.50
2011.12.29 03:01:02.995,0.78494,0.78513,3.75,1.50
2011.12.29 03:01:03.347,0.78494,0.7851,3.00,1.50
2011.12.29 03:01:05.258,0.78498,0.78512,2.85,1.50
2011.12.29 03:01:05.593,0.78501,0.7852,1.50,3.15
2011.12.29 03:01:05.794,0.78506,0.78523,1.50,1.50
2011.12.29 03:01:06.143,0.78509,0.78524,1.50,1.50
2011.12.29 03:01:06.710,0.78509,0.78527,1.50,1.88
2011.12.29 03:01:07.063,0.78508,0.78526,2.25,2.25
2011.12.29 03:01:07.535,0.78508,0.78526,2.25,2.25
2011.12.29 03:01:08.497,0.78509,0.78527,1.50,1.88
2011.12.29 03:01:10.550,0.78509,0.78526,2.25,1.88
2011.12.29 03:01:10.621,0.78513,0.78526,1.50,1.50
2011.12.29 03:01:10.693,0.78513,0.78526,1.50,1.50
2011.12.29 03:01:11.201,0.78521,0.78533,1.50,3.00
2011.12.29 03:01:11.358,0.78521,0.78532,1.50,2.25
2011.12.29 03:01:11.437,0.78521,0.7854,2.25,1.50
2011.12.29 03:01:11.516,0.78523,0.78539,1.50,2.25
2011.12.29 03:01:11.725,0.78522,0.7854,1.50,2.25
2011.12.29 03:01:11.989,0.78522,0.7854,2.25,2.25
2011.12.29 03:01:12.856,0.78521,0.78538,1.50,1.50
2011.12.29 03:01:13.205,0.78521,0.78536,1.50,1.50
2011.12.29 03:01:13.533,0.78522,0.78536,1.50,1.50
2011.12.29 03:01:13.602,0.78519,0.78536,1.50,1.50
2011.12.29 03:01:14.621,0.78518,0.78536,3.00,2.25
2011.12.29 03:01:15.748,0.78515,0.78533,1.50,2.25
2011.12.29 03:01:15.891,0.78516,0.78533,1.50,2.25
2011.12.29 03:01:15.963,0.78517,0.78533,1.50,2.25
2011.12.29 03:01:16.362,0.78515,0.78535,2.25,2.25
2011.12.29 03:01:17.011,0.78515,0.78535,2.25,2.25
2011.12.29 03:01:18.124,0.78519,0.78535,1.50,2.25
2011.12.29 03:01:18.553,0.78521,0.7854,2.25,1.50
2011.12.29 03:01:19.080,0.78519,0.78534,2.25,2.25
2011.12.29 03:01:19.213,0.78519,0.78534,1.50,2.25
2011.12.29 03:01:19.752,0.78519,0.78534,1.50,2.25
2011.12.29 03:01:19.823,0.78517,0.78534,1.50,2.25
2011.12.29 03:01:20.409,0.78518,0.78536,2.25,2.25
2011.12.29 03:01:23.680,0.7852,0.78538,2.25,2.25
2011.12.29 03:01:26.481,0.78519,0.78536,3.00,2.25
2011.12.29 03:01:26.739,0.78517,0.78536,1.50,2.25
2011.12.29 03:01:27.389,0.78518,0.78538,1.50,2.25
2011.12.29 03:01:29.741,0.78518,0.78537,2.25,1.50
2011.12.29 03:01:32.421,0.78517,0.78533,2.25,1.50
2011.12.29 03:01:34.270,0.78517,0.78535,2.25,3.75
2011.12.29 03:01:35.163,0.78519,0.78535,1.50,1.50
2011.12.29 03:01:35.518,0.78519,0.78537,2.25,2.25
2011.12.29 03:01:36.259,0.78519,0.78537,2.25,2.25
2011.12.29 03:01:37.001,0.78521,0.78541,2.25,2.25
2011.12.29 03:01:37.273,0.78521,0.78541,4.50,1.50
2011.12.29 03:01:37.731,0.78525,0.78541,4.35,1.50
2011.12.29 03:01:38.103,0.78526,0.78544,2.25,1.50
2011.12.29 03:01:40.970,0.78526,0.78546,2.25,3.75
2011.12.29 03:01:41.173,0.78529,0.78547,2.25,2.25
2011.12.29 03:01:41.308,0.78529,0.78547,2.25,1.50
2011.12.29 03:01:41.387,0.78533,0.78548,2.25,1.50
2011.12.29 03:01:41.536,0.78533,0.7855,3.00,1.50
2011.12.29 03:01:41.618,0.78537,0.78555,1.50,2.25
2011.12.29 03:01:41.696,0.78539,0.78556,1.50,1.50
2011.12.29 03:01:41.906,0.78539,0.78558,3.00,2.25
2011.12.29 03:01:42.484,0.78539,0.78555,1.50,1.50
2011.12.29 03:01:42.672,0.78537,0.78555,3.75,2.25
2011.12.29 03:01:42.802,0.78537,0.78555,3.75,2.25
2011.12.29 03:01:43.052,0.78537,0.78555,3.00,2.25
2011.12.29 03:01:45.701,0.78537,0.78555,2.25,2.25
2011.12.29 03:01:46.365,0.78537,0.78555,2.25,2.25
2011.12.29 03:01:50.579,0.78537,0.78555,2.25,2.25
2011.12.29 03:01:50.829,0.78537,0.78555,2.25,2.25
2011.12.29 03:01:50.898,0.78539,0.78559,1.50,3.75
2011.12.29 03:01:52.082,0.78537,0.78557,2.25,2.25
2011.12.29 03:01:55.048,0.78537,0.78557,2.25,3.00
2011.12.29 03:01:55.619,0.7854,0.78557,1.50,1.50
2011.12.29 03:01:59.322,0.7854,0.78558,1.50,3.00
2011.12.29 03:02:00.651,0.78543,0.78557,1.50,1.50
2011.12.29 03:02:01.131,0.78541,0.78557,1.50,1.50
2011.12.29 03:02:01.611,0.78541,0.78557,1.50,1.50
2011.12.29 03:02:01.744,0.78538,0.78555,1.50,1.50
2011.12.29 03:02:02.889,0.78538,0.78555,2.10,1.50
2011.12.29 03:02:02.959,0.78541,0.78556,1.35,2.25
2011.12.29 03:02:03.822,0.78541,0.78558,1.35,2.63
2011.12.29 03:02:04.650,0.78541,0.78558,1.35,1.13
2011.12.29 03:02:05.260,0.78543,0.78559,3.00,1.50
2011.12.29 03:02:05.779,0.78543,0.78561,2.25,2.25
2011.12.29 03:02:06.832,0.78543,0.78561,3.00,2.25
2011.12.29 03:02:06.974,0.78546,0.78563,1.50,1.50
2011.12.29 03:02:07.043,0.78548,0.78565,1.50,2.25
2011.12.29 03:02:07.187,0.78551,0.7857,2.25,1.50
2011.12.29 03:02:07.404,0.78557,0.78571,1.50,1.50
2011.12.29 03:02:07.615,0.78557,0.78575,2.25,1.50
2011.12.29 03:02:08.020,0.78558,0.78574,1.50,1.50
2011.12.29 03:02:08.573,0.78558,0.78577,3.00,3.00
2011.12.29 03:02:09.112,0.78557,0.78577,2.25,3.00
2011.12.29 03:02:09.880,0.78556,0.78574,3.00,2.25
2011.12.29 03:02:10.695,0.78556,0.78574,3.00,2.25
2011.12.29 03:02:10.903,0.78555,0.78569,2.25,1.50
2011.12.29 03:02:11.463,0.78555,0.78573,1.50,2.25
2011.12.29 03:02:11.999,0.78555,0.78573,2.25,2.25
2011.12.29 03:02:12.729,0.78555,0.78575,2.25,3.00
2011.12.29 03:02:13.256,0.78553,0.78571,2.25,3.75
2011.12.29 03:02:13.463,0.78553,0.78571,1.50,3.75
2011.12.29 03:02:13.684,0.78554,0.78571,2.25,2.25
2011.12.29 03:02:14.009,0.7856,0.78576,1.50,2.25
2011.12.29 03:02:14.351,0.7856,0.78576,1.50,1.50
2011.12.29 03:02:14.682,0.78556,0.78574,2.25,2.25
2011.12.29 03:02:14.942,0.78558,0.78576,1.50,3.00
2011.12.29 03:02:16.130,0.78556,0.78574,1.50,2.25
2011.12.29 03:02:22.192,0.78558,0.78574,1.50,1.50
2011.12.29 03:02:22.329,0.78558,0.78574,1.50,1.50
2011.12.29 03:02:23.772,0.78556,0.78574,2.25,3.00
2011.12.29 03:02:23.898,0.78556,0.78574,2.25,3.00
2011.12.29 03:02:26.248,0.78556,0.78574,2.25,3.00
2011.12.29 03:02:27.062,0.78557,0.78574,2.25,1.50
2011.12.29 03:02:27.268,0.78552,0.7857,4.50,2.25
2011.12.29 03:02:27.633,0.78552,0.78568,3.00,1.50
2011.12.29 03:02:27.986,0.78544,0.78561,2.25,1.50
2011.12.29 03:02:28.684,0.78544,0.78562,1.50,2.25
2011.12.29 03:02:33.680,0.78544,0.78558,1.50,1.50
2011.12.29 03:02:34.226,0.78542,0.78558,3.00,1.50
2011.12.29 03:02:35.464,0.78542,0.78557,2.25,1.50
2011.12.29 03:02:35.983,0.78541,0.78554,2.25,2.25
2011.12.29 03:02:36.234,0.78538,0.78551,1.50,1.50
2011.12.29 03:02:36.301,0.78534,0.78551,1.50,1.50
2011.12.29 03:02:41.532,0.78532,0.7855,2.25,1.50
2011.12.29 03:02:42.083,0.78532,0.7855,2.25,2.25
2011.12.29 03:02:42.616,0.78532,0.7855,1.50,2.25
2011.12.29 03:02:42.929,0.78532,0.7855,2.25,2.25
2011.12.29 03:02:51.242,0.78533,0.78553,1.50,3.00
2011.12.29 03:02:51.311,0.78533,0.78553,2.25,3.00
2011.12.29 03:02:51.559,0.78534,0.78552,1.50,1.50
2011.12.29 03:02:52.396,0.78534,0.78552,1.50,1.50
2011.12.29 03:02:54.952,0.78534,0.78553,1.50,2.25
2011.12.29 03:03:01.405,0.78534,0.78553,1.50,2.25
2011.12.29 03:03:01.964,0.78537,0.78555,5.25,2.25
2011.12.29 03:03:04.523,0.78537,0.78555,4.50,2.25
2011.12.29 03:03:04.725,0.78537,0.78555,3.00,2.25
2011.12.29 03:03:05.399,0.78538,0.78555,2.25,2.25
2011.12.29 03:03:05.967,0.78538,0.78553,2.25,1.50
2011.12.29 03:03:06.569,0.78538,0.78556,2.25,2.25
2011.12.29 03:03:08.859,0.78536,0.78555,2.25,1.50
2011.12.29 03:03:09.360,0.78534,0.78554,4.50,3.00
2011.12.29 03:03:13.852,0.78536,0.78555,1.50,1.50
2011.12.29 03:03:14.182,0.78537,0.78556,1.50,2.25
2011.12.29 03:03:14.659,0.78537,0.78556,1.50,2.25
2011.12.29 03:03:15.383,0.78536,0.78556,3.00,2.25
2011.12.29 03:03:15.898,0.78537,0.78555,1.50,2.25
2011.12.29 03:03:17.631,0.78534,0.78554,5.25,2.25
2011.12.29 03:03:18.552,0.78536,0.78556,2.25,2.25
2011.12.29 03:03:19.063,0.78536,0.78555,2.25,1.50
2011.12.29 03:03:19.136,0.78534,0.78553,2.25,1.50
2011.12.29 03:03:19.213,0.78533,0.7855,1.50,1.50
2011.12.29 03:03:19.923,0.78533,0.7855,1.50,1.50
2011.12.29 03:03:20.441,0.78533,0.7855,1.50,2.25
2011.12.29 03:03:23.516,0.78531,0.7855,3.75,2.25
2011.12.29 03:03:23.725,0.78531,0.7855,2.25,3.75
2011.12.29 03:03:24.232,0.7853,0.78547,2.25,2.25
2011.12.29 03:03:24.793,0.78529,0.78547,2.25,2.25
2011.12.29 03:03:25.338,0.7853,0.78549,1.50,1.50
2011.12.29 03:03:25.870,0.78528,0.78548,4.50,2.25
2011.12.29 03:03:29.191,0.78531,0.78549,1.50,2.25
2011.12.29 03:03:29.811,0.78528,0.78548,1.50,2.25
2011.12.29 03:03:30.235,0.78524,0.78544,3.00,6.00
2011.12.29 03:03:30.492,0.78524,0.78544,1.50,4.50
2011.12.29 03:03:31.033,0.78523,0.78541,2.25,2.25
2011.12.29 03:03:32.688,0.78528,0.78545,1.50,1.50
2011.12.29 03:03:32.770,0.78528,0.78546,2.25,2.25
2011.12.29 03:03:33.671,0.78531,0.78549,1.50,3.00
2011.12.29 03:03:33.802,0.78528,0.78546,2.25,2.25
2011.12.29 03:03:35.667,0.78528,0.78546,1.50,1.50
2011.12.29 03:03:36.562,0.78524,0.78542,2.25,2.25
2011.12.29 03:03:36.772,0.78524,0.7854,2.25,1.50
2011.12.29 03:03:37.233,0.78526,0.78544,2.25,1.50
2011.12.29 03:03:38.890,0.78524,0.78541,3.00,1.50
2011.12.29 03:03:39.152,0.78524,0.78542,2.25,2.25
2011.12.29 03:03:39.497,0.78527,0.78538,1.50,1.50
2011.12.29 03:03:39.871,0.78523,0.78539,2.25,1.50
2011.12.29 03:03:40.014,0.78521,0.78538,1.50,1.50
2011.12.29 03:03:40.224,0.78521,0.78539,2.25,2.25
2011.12.29 03:03:40.991,0.78521,0.78539,3.00,2.25
2011.12.29 03:03:41.530,0.78521,0.78539,3.00,2.25
2011.12.29 03:03:42.039,0.78521,0.78538,2.25,1.50
2011.12.29 03:03:43.411,0.78521,0.78539,3.00,2.25
2011.12.29 03:03:43.973,0.78521,0.78539,2.25,3.00
2011.12.29 03:03:44.101,0.7852,0.78536,1.50,1.50
2011.12.29 03:03:44.295,0.78522,0.7854,1.50,5.25
2011.12.29 03:03:44.621,0.78525,0.78542,1.50,1.50
2011.12.29 03:03:44.700,0.78525,0.78542,1.50,1.50
2011.12.29 03:03:46.258,0.78522,0.7854,2.25,3.00
2011.12.29 03:03:46.531,0.78522,0.78539,2.25,1.50
2011.12.29 03:03:47.037,0.7852,0.78539,1.50,3.00
2011.12.29 03:03:47.258,0.78519,0.78539,1.50,4.50
2011.12.29 03:03:47.469,0.78516,0.78536,2.25,2.25
2011.12.29 03:03:48.079,0.78519,0.78537,1.50,3.00
2011.12.29 03:03:49.551,0.78519,0.78537,1.50,2.25
2011.12.29 03:03:50.781,0.78519,0.78537,2.25,2.25
2011.12.29 03:03:51.289,0.78522,0.78539,1.50,3.00
2011.12.29 03:04:01.631,0.78524,0.78541,1.50,1.50
2011.12.29 03:04:01.957,0.78524,0.78541,1.50,1.50
2011.12.29 03:04:02.556,0.78524,0.78542,1.50,1.50
2011.12.29 03:04:05.927,0.78524,0.78544,2.25,2.85
2011.12.29 03:04:06.632,0.78524,0.78544,1.50,2.85
2011.12.29 03:04:11.714,0.78524,0.78544,1.50,3.60
2011.12.29 03:04:11.900,0.78521,0.78541,2.25,2.25
2011.12.29 03:04:12.421,0.78521,0.78541,2.25,3.00
2011.12.29 03:04:12.616,0.78522,0.78541,1.50,3.00
2011.12.29 03:04:12.986,0.78524,0.78542,1.50,1.50
2011.12.29 03:04:19.763,0.78524,0.78544,2.25,3.75
2011.12.29 03:04:20.070,0.78528,0.78545,2.25,3.00
2011.12.29 03:04:20.392,0.7853,0.78547,1.50,1.50
2011.12.29 03:04:20.904,0.78529,0.78547,1.50,3.00
2011.12.29 03:04:21.232,0.78526,0.78544,2.25,2.25
2011.12.29 03:04:21.701,0.78531,0.78548,1.50,1.50
2011.12.29 03:04:21.772,0.78531,0.78548,1.50,1.50
2011.12.29 03:04:21.899,0.78531,0.78546,1.50,2.25
2011.12.29 03:04:22.033,0.78528,0.78544,1.50,1.50
2011.12.29 03:04:22.220,0.78526,0.78544,2.25,3.00
2011.12.29 03:04:24.227,0.78528,0.78546,2.25,3.00
2011.12.29 03:04:24.545,0.78532,0.78546,1.50,2.25
2011.12.29 03:04:25.377,0.78532,0.78547,1.50,1.50
2011.12.29 03:04:31.289,0.78532,0.78547,1.50,1.50
2011.12.29 03:04:31.366,0.78528,0.78547,2.25,1.50
2011.12.29 03:04:31.609,0.78526,0.78544,2.25,2.25
2011.12.29 03:04:34.125,0.78526,0.78544,1.50,2.25
2011.12.29 03:04:35.555,0.78529,0.78546,1.50,1.50
2011.12.29 03:04:38.000,0.78529,0.78543,1.50,1.50
2011.12.29 03:04:38.071,0.78523,0.78541,1.50,2.25
2011.12.29 03:04:38.200,0.78523,0.78541,2.25,2.25
2011.12.29 03:04:38.521,0.78527,0.78543,1.50,1.50
2011.12.29 03:04:38.591,0.78527,0.78543,1.50,1.50
2011.12.29 03:04:39.050,0.7853,0.78545,1.50,1.50
2011.12.29 03:04:41.011,0.78526,0.78544,1.50,2.25
2011.12.29 03:04:47.311,0.78528,0.78545,1.50,1.50
2011.12.29 03:04:47.382,0.78528,0.78547,1.50,1.50
2011.12.29 03:04:47.511,0.7853,0.78548,1.50,1.50
2011.12.29 03:04:47.880,0.7853,0.78548,1.50,1.50
2011.12.29 03:04:51.118,0.7853,0.78548,2.25,1.50
2011.12.29 03:04:53.340,0.78531,0.78548,2.25,1.50
2011.12.29 03:04:53.861,0.78528,0.78548,2.25,3.00
2011.12.29 03:04:56.005,0.78529,0.78545,1.50,1.50
2011.12.29 03:04:56.141,0.78527,0.78544,1.50,2.25
2011.12.29 03:04:56.218,0.78527,0.78544,1.50,2.25
2011.12.29 03:04:56.763,0.78526,0.78541,1.50,1.50
2011.12.29 03:04:57.316,0.78527,0.78543,1.50,1.50
2011.12.29 03:04:59.910,0.78527,0.78543,1.50,1.50
2011.12.29 03:05:00.670,0.7853,0.78543,1.50,1.50
2011.12.29 03:05:01.203,0.78528,0.78544,2.25,1.50
2011.12.29 03:05:01.739,0.78525,0.78543,3.00,1.50
2011.12.29 03:05:01.940,0.78527,0.78544,1.50,1.50
2011.12.29 03:05:03.364,0.78527,0.78546,1.50,2.25
2011.12.29 03:05:04.791,0.78525,0.78545,2.25,2.25
2011.12.29 03:05:05.051,0.78525,0.78544,1.50,1.88
2011.12.29 03:05:06.166,0.78522,0.7854,3.00,2.25
2011.12.29 03:05:06.675,0.78522,0.7854,2.25,2.25
2011.12.29 03:05:07.544,0.78522,0.7854,1.50,4.04
2011.12.29 03:05:07.612,0.78519,0.78539,1.50,3.00
2011.12.29 03:05:07.811,0.78519,0.78538,1.50,1.50
2011.12.29 03:05:08.211,0.78521,0.7854,1.50,4.13
2011.12.29 03:05:10.254,0.78521,0.7854,1.50,4.13
2011.12.29 03:05:10.931,0.78521,0.78537,1.50,1.50
2011.12.29 03:05:11.181,0.78521,0.78537,1.50,1.50
2011.12.29 03:05:12.320,0.78525,0.78541,1.50,1.50
2011.12.29 03:05:15.303,0.78525,0.78541,1.50,1.50
2011.12.29 03:05:15.639,0.78525,0.78541,1.50,1.50
2011.12.29 03:05:15.722,0.78527,0.78546,2.25,2.25
2011.12.29 03:05:15.930,0.78527,0.78546,3.00,1.50
2011.12.29 03:05:16.701,0.78527,0.78545,1.50,2.25
2011.12.29 03:05:17.240,0.78526,0.78544,1.50,2.25
2011.12.29 03:05:17.754,0.78527,0.78545,1.50,2.25
2011.12.29 03:05:21.210,0.78527,0.78543,1.50,1.35
2011.12.29 03:05:21.285,0.78523,0.78538,1.50,1.50
2011.12.29 03:05:21.353,0.78519,0.78538,3.00,1.50
2011.12.29 03:05:21.560,0.78519,0.78538,1.50,1.50
2011.12.29 03:05:21.870,0.78522,0.78538,1.50,1.50
2011.12.29 03:05:35.462,0.78522,0.78533,1.50,1.50
2011.12.29 03:05:35.592,0.78516,0.78533,2.25,1.50
2011.12.29 03:05:35.803,0.78519,0.78537,1.50,1.79
2011.12.29 03:05:35.992,0.78519,0.78537,1.50,1.50
2011.12.29 03:05:37.942,0.78519,0.78537,2.85,1.50
2011.12.29 03:05:38.015,0.78522,0.78537,1.50,1.50
2011.12.29 03:05:38.580,0.78526,0.78542,1.50,1.50
2011.12.29 03:05:38.661,0.78526,0.78545,1.50,1.50
2011.12.29 03:05:38.792,0.78526,0.78545,1.50,1.50
2011.12.29 03:05:39.692,0.78526,0.78543,1.50,1.50
2011.12.29 03:05:39.763,0.78526,0.78542,1.50,1.50
2011.12.29 03:05:40.222,0.78524,0.78541,1.50,1.50
2011.12.29 03:05:45.351,0.78524,0.7854,1.50,1.50
2011.12.29 03:05:46.329,0.78524,0.78538,1.50,1.50
2011.12.29 03:05:48.693,0.78524,0.78538,1.50,1.50
2011.12.29 03:05:54.243,0.78524,0.78538,1.50,1.50
2011.12.29 03:05:54.793,0.78524,0.78538,1.50,1.50
2011.12.29 03:06:05.076,0.78524,0.78542,1.50,2.25
2011.12.29 03:06:09.573,0.78524,0.78542,2.25,2.25
2011.12.29 03:06:09.640,0.78527,0.78544,1.50,1.50
2011.12.29 03:06:10.199,0.78527,0.78545,1.50,2.25
2011.12.29 03:06:19.762,0.7853,0.78545,1.50,1.50
2011.12.29 03:06:19.903,0.78532,0.78547,1.50,1.50
2011.12.29 03:06:20.042,0.78532,0.7855,1.50,4.50
2011.12.29 03:06:23.993,0.78532,0.78547,1.50,1.50
2011.12.29 03:06:24.059,0.7853,0.78546,1.50,1.50
2011.12.29 03:06:24.191,0.7853,0.78546,1.50,1.50
2011.12.29 03:06:24.442,0.78527,0.78545,2.25,2.25
2011.12.29 03:06:26.951,0.78527,0.78545,3.00,2.25
2011.12.29 03:06:28.053,0.78531,0.78546,1.50,1.50
2011.12.29 03:06:28.312,0.78531,0.78547,1.50,1.50
2011.12.29 03:06:28.513,0.78528,0.78547,3.00,2.25
2011.12.29 03:06:29.093,0.7853,0.7855,1.50,3.75
2011.12.29 03:06:29.542,0.7853,0.78546,1.50,2.25
2011.12.29 03:06:29.873,0.78528,0.78546,1.50,3.75
2011.12.29 03:06:48.010,0.78525,0.78544,2.25,1.50
2011.12.29 03:06:48.579,0.78525,0.78544,1.50,1.50
2011.12.29 03:06:49.289,0.78525,0.78544,1.50,1.50
2011.12.29 03:06:52.778,0.78523,0.78541,1.50,2.25
2011.12.29 03:06:53.240,0.78523,0.78541,2.25,3.00
2011.12.29 03:06:58.311,0.78523,0.78541,2.25,3.00
2011.12.29 03:07:01.363,0.78523,0.78541,3.00,3.00
2011.12.29 03:07:01.432,0.78526,0.78541,2.25,1.50
2011.12.29 03:07:01.621,0.78526,0.78544,3.00,2.25
2011.12.29 03:07:01.752,0.78529,0.78545,1.50,1.35
2011.12.29 03:07:08.681,0.78529,0.78544,1.50,1.50
2011.12.29 03:07:08.936,0.78522,0.78541,2.25,2.25
2011.12.29 03:07:09.013,0.78522,0.78541,1.50,3.00
2011.12.29 03:07:09.201,0.78522,0.78541,1.50,3.00
2011.12.29 03:07:09.733,0.78521,0.78541,3.00,3.00
2011.12.29 03:07:10.165,0.78521,0.78539,3.00,1.50
2011.12.29 03:07:10.829,0.78519,0.78538,2.25,1.50
2011.12.29 03:07:11.114,0.78519,0.78539,1.50,3.00
2011.12.29 03:07:14.779,0.78519,0.78539,2.25,2.25
2011.12.29 03:07:21.039,0.78521,0.78541,1.50,3.00
2011.12.29 03:07:21.242,0.78522,0.78541,1.50,2.25
2011.12.29 03:07:21.763,0.78524,0.78543,1.50,1.50
2011.12.29 03:07:21.921,0.78522,0.78542,3.00,2.25
2011.12.29 03:07:22.264,0.78524,0.78543,1.50,1.50
2011.12.29 03:07:22.691,0.78522,0.78541,1.50,1.50
2011.12.29 03:07:27.153,0.78519,0.78536,3.00,1.50
2011.12.29 03:07:31.504,0.78519,0.78537,3.00,2.25
2011.12.29 03:07:33.371,0.78516,0.78536,3.75,2.25
2011.12.29 03:07:33.440,0.78516,0.78536,3.75,3.00
2011.12.29 03:07:34.582,0.78516,0.78536,3.00,2.25
2011.12.29 03:07:34.853,0.78519,0.78537,3.00,2.25
2011.12.29 03:07:35.782,0.78517,0.78535,2.25,1.50
2011.12.29 03:07:35.910,0.78517,0.78535,2.25,2.25
2011.12.29 03:07:38.792,0.78515,0.78533,1.50,2.25
2011.12.29 03:07:45.189,0.78513,0.78533,3.75,2.25
2011.12.29 03:07:45.749,0.78513,0.78533,3.75,2.25
2011.12.29 03:07:51.649,0.78513,0.78533,3.00,2.25
2011.12.29 03:07:59.142,0.78514,0.78533,3.00,2.25
2011.12.29 03:07:59.270,0.78515,0.78533,2.10,2.25
2011.12.29 03:07:59.664,0.78517,0.78535,1.50,2.25
2011.12.29 03:08:00.980,0.78515,0.78532,1.50,1.50
2011.12.29 03:08:01.501,0.78514,0.78532,3.00,1.50
2011.12.29 03:08:02.783,0.78514,0.78532,3.00,2.25
2011.12.29 03:08:02.856,0.78514,0.78531,3.00,1.50
2011.12.29 03:08:03.358,0.7851,0.78528,2.25,3.00
2011.12.29 03:08:03.881,0.78511,0.78529,3.00,1.50
2011.12.29 03:08:04.191,0.78512,0.7853,1.50,1.50
2011.12.29 03:08:04.722,0.78512,0.78531,1.50,2.25
2011.12.29 03:08:07.196,0.78514,0.78531,2.25,2.25
2011.12.29 03:08:07.331,0.78516,0.78534,1.50,2.25
2011.12.29 03:08:08.053,0.78515,0.78534,1.50,2.25
2011.12.29 03:08:08.511,0.78515,0.78534,2.25,2.25
2011.12.29 03:08:08.955,0.78514,0.78532,3.00,1.50
2011.12.29 03:08:09.283,0.78509,0.78525,1.50,2.25
2011.12.29 03:08:09.473,0.78512,0.78525,2.25,1.50
2011.12.29 03:08:09.603,0.78513,0.78533,2.25,2.25
2011.12.29 03:08:09.851,0.78513,0.78533,2.25,3.00
2011.12.29 03:08:11.045,0.78514,0.78533,1.50,2.25
2011.12.29 03:08:13.339,0.78515,0.78533,1.50,2.25
2011.12.29 03:08:15.111,0.78515,0.78533,1.50,2.25
2011.12.29 03:08:15.672,0.78514,0.78533,1.50,2.25
2011.12.29 03:08:16.074,0.78512,0.7853,1.50,1.50
2011.12.29 03:08:18.324,0.78514,0.7853,1.50,1.50
2011.12.29 03:08:18.395,0.78514,0.78532,3.00,2.25
2011.12.29 03:08:19.023,0.78514,0.78532,2.25,1.50
2011.12.29 03:08:19.677,0.78514,0.78532,2.25,2.25
2011.12.29 03:08:21.141,0.78514,0.78532,2.25,2.25
2011.12.29 03:08:21.850,0.78514,0.78532,1.50,2.25
2011.12.29 03:08:21.980,0.78512,0.78528,1.50,2.25
2011.12.29 03:08:22.367,0.78514,0.78532,1.50,2.25
2011.12.29 03:08:22.501,0.78514,0.78532,3.00,2.25
2011.12.29 03:08:23.384,0.78513,0.78529,1.50,1.50
2011.12.29 03:08:23.453,0.78512,0.78529,1.50,1.50
2011.12.29 03:08:23.981,0.78512,0.78529,1.50,2.25
2011.12.29 03:08:26.952,0.78512,0.78529,1.50,2.25
2011.12.29 03:08:27.469,0.78512,0.78529,1.50,1.50
2011.12.29 03:08:28.472,0.78512,0.78529,1.50,2.25
2011.12.29 03:08:29.042,0.7851,0.78526,2.25,1.50
2011.12.29 03:08:29.599,0.7851,0.78526,1.50,1.50
2011.12.29 03:08:29.983,0.78512,0.78526,1.50,1.50
2011.12.29 03:08:30.443,0.78509,0.78526,1.50,1.50
2011.12.29 03:08:37.884,0.78508,0.78526,2.25,2.25
2011.12.29 03:08:38.332,0.78508,0.78526,2.25,2.25
2011.12.29 03:08:38.583,0.78508,0.78526,2.25,2.25
2011.12.29 03:08:38.982,0.7851,0.78528,2.25,1.50
2011.12.29 03:08:39.784,0.78508,0.78527,2.25,3.00
2011.12.29 03:08:40.100,0.78504,0.78518,3.00,1.50
2011.12.29 03:08:40.230,0.78504,0.78522,1.50,2.25
2011.12.29 03:08:43.982,0.78504,0.78522,2.25,2.25
2011.12.29 03:08:44.831,0.78506,0.78522,1.50,2.25
2011.12.29 03:08:48.242,0.78504,0.78522,1.50,2.25
2011.12.29 03:08:48.452,0.78502,0.78522,3.75,2.25
2011.12.29 03:08:48.522,0.78502,0.78522,3.75,2.25
2011.12.29 03:08:57.920,0.78502,0.78521,2.25,1.50
2011.12.29 03:08:58.112,0.78499,0.78517,3.00,1.50
2011.12.29 03:08:58.632,0.78496,0.78514,2.25,2.25
2011.12.29 03:08:58.946,0.78498,0.78516,2.25,2.25
2011.12.29 03:08:59.282,0.78498,0.78513,2.25,1.50
2011.12.29 03:08:59.360,0.78498,0.78513,1.50,1.50
2011.12.29 03:08:59.438,0.78496,0.78513,2.25,1.50
2011.12.29 03:09:00.169,0.78496,0.78514,1.50,2.25
2011.12.29 03:09:00.710,0.78495,0.78512,2.25,1.50
2011.12.29 03:09:01.171,0.78495,0.78513,2.25,2.25
2011.12.29 03:09:01.643,0.78495,0.78512,2.25,1.50
2011.12.29 03:09:01.953,0.78495,0.78515,2.25,3.75
2011.12.29 03:09:02.153,0.78495,0.78512,1.50,1.50
2011.12.29 03:09:02.658,0.78495,0.78512,2.25,1.50
2011.12.29 03:09:02.995,0.78495,0.78515,2.25,3.00
2011.12.29 03:09:03.126,0.78495,0.78514,2.25,2.25
2011.12.29 03:09:03.834,0.78495,0.78512,2.25,1.50
2011.12.29 03:09:03.973,0.78495,0.78515,2.25,5.25
2011.12.29 03:09:04.293,0.78498,0.78515,1.50,1.50
2011.12.29 03:09:04.613,0.78498,0.78516,2.25,3.00
2011.12.29 03:09:04.944,0.78501,0.78519,2.25,2.25
2011.12.29 03:09:06.034,0.78501,0.78519,2.25,1.50
2011.12.29 03:09:06.589,0.78503,0.78523,2.25,3.75
2011.12.29 03:09:07.793,0.78502,0.7852,2.25,2.25
2011.12.29 03:09:12.904,0.78504,0.78519,1.50,1.50
2011.12.29 03:09:13.161,0.78504,0.78522,3.00,3.00
2011.12.29 03:09:13.694,0.78505,0.78522,1.50,3.00
2011.12.29 03:09:13.895,0.78504,0.78522,2.25,3.00
2011.12.29 03:09:14.415,0.78505,0.78522,1.50,3.00
2011.12.29 03:09:15.332,0.78506,0.78522,1.50,3.00
2011.12.29 03:09:23.241,0.78505,0.78522,1.50,3.00
2011.12.29 03:09:23.743,0.78506,0.78526,3.00,2.25
2011.12.29 03:09:23.817,0.78506,0.78526,3.00,2.25
2011.12.29 03:09:24.264,0.78511,0.78526,1.50,1.50
2011.12.29 03:09:24.723,0.78507,0.78523,1.50,2.25
2011.12.29 03:09:27.760,0.78505,0.78523,3.00,2.25
2011.12.29 03:09:28.151,0.78504,0.78521,1.50,1.50
2011.12.29 03:09:28.531,0.78501,0.78521,3.00,2.25
2011.12.29 03:09:29.685,0.78501,0.78521,2.25,2.25
2011.12.29 03:09:30.032,0.78501,0.78517,1.50,1.50
2011.12.29 03:09:30.314,0.78499,0.78517,2.25,3.75
2011.12.29 03:09:31.284,0.78499,0.78517,2.25,3.00
2011.12.29 03:09:31.723,0.78504,0.78517,1.50,1.50
2011.12.29 03:09:31.862,0.78504,0.7852,1.50,3.75
2011.12.29 03:09:31.937,0.78505,0.78523,2.25,1.50
2011.12.29 03:09:32.382,0.78503,0.78522,1.50,2.25
2011.12.29 03:09:33.763,0.78502,0.7852,3.00,1.50
2011.12.29 03:09:34.542,0.78506,0.7852,1.50,1.50
2011.12.29 03:09:34.675,0.78506,0.78524,2.25,3.00
2011.12.29 03:09:35.093,0.78502,0.78522,2.25,2.25
2011.12.29 03:09:37.732,0.78507,0.78522,1.50,2.25
2011.12.29 03:09:38.246,0.78508,0.78527,1.50,1.50
2011.12.29 03:09:40.152,0.78515,0.78528,1.50,2.25
2011.12.29 03:09:40.285,0.78515,0.78528,1.50,2.25
2011.12.29 03:09:40.484,0.78512,0.7853,2.25,3.75
2011.12.29 03:09:40.692,0.78512,0.7853,1.50,3.00
2011.12.29 03:09:41.456,0.78511,0.78527,1.50,2.25
2011.12.29 03:09:45.511,0.78515,0.78527,1.50,2.25
2011.12.29 03:09:46.572,0.78515,0.78527,1.50,1.50
2011.12.29 03:09:49.010,0.78515,0.7853,1.50,1.50
2011.12.29 03:09:51.323,0.78515,0.7853,1.50,2.25
2011.12.29 03:09:51.684,0.78511,0.7853,2.25,2.25
2011.12.29 03:09:51.756,0.78511,0.7853,1.50,2.25
2011.12.29 03:09:52.023,0.78511,0.78529,1.50,1.50
2011.12.29 03:09:54.504,0.78511,0.78527,1.50,1.50
2011.12.29 03:09:54.814,0.78511,0.78528,3.00,1.50
2011.12.29 03:09:55.446,0.78511,0.78528,3.00,1.50
2011.12.29 03:09:55.977,0.78512,0.78528,1.50,1.50
2011.12.29 03:09:59.311,0.78512,0.78527,1.50,1.50
2011.12.29 03:09:59.926,0.78512,0.78527,2.25,1.50
2011.12.29 03:10:06.353,0.78515,0.78527,1.50,1.50
2011.12.29 03:10:06.737,0.7852,0.78532,1.50,1.50
2011.12.29 03:10:06.881,0.7852,0.78534,1.50,1.50
2011.12.29 03:10:07.202,0.78518,0.78534,1.50,1.50
2011.12.29 03:10:07.361,0.78516,0.78534,3.83,1.50
2011.12.29 03:10:09.621,0.78517,0.78534,1.58,2.25
2011.12.29 03:10:10.062,0.78517,0.78534,1.50,2.25
2011.12.29 03:10:10.455,0.78526,0.78534,1.50,2.25
2011.12.29 03:10:10.585,0.78526,0.78538,1.50,2.25
2011.12.29 03:10:10.721,0.78526,0.78545,1.50,3.75
2011.12.29 03:10:10.792,0.78525,0.78545,1.50,3.75
2011.12.29 03:10:11.002,0.7852,0.78538,3.75,1.50
2011.12.29 03:10:11.252,0.7852,0.78535,1.50,1.50
2011.12.29 03:10:11.499,0.7852,0.78537,1.50,1.50
2011.12.29 03:10:12.388,0.7852,0.78537,1.50,2.25
2011.12.29 03:10:12.736,0.78516,0.78536,3.38,2.25
2011.12.29 03:10:13.241,0.78516,0.78532,1.50,2.25
2011.12.29 03:10:13.562,0.78515,0.78532,2.25,2.25
2011.12.29 03:10:16.921,0.7852,0.78532,1.50,2.25
2011.12.29 03:10:17.052,0.7852,0.78534,1.50,2.25
2011.12.29 03:10:17.122,0.78517,0.78534,1.50,2.25
2011.12.29 03:10:17.252,0.78516,0.78534,3.38,2.25
2011.12.29 03:10:21.708,0.78513,0.78532,2.25,1.50
2011.12.29 03:10:21.797,0.78513,0.78532,1.50,1.50
2011.12.29 03:10:22.287,0.78508,0.78526,4.50,2.25
2011.12.29 03:10:22.425,0.78508,0.78526,3.00,2.25
2011.12.29 03:10:22.903,0.78508,0.78526,3.75,2.25
2011.12.29 03:10:23.480,0.78508,0.78526,3.00,2.25
2011.12.29 03:10:24.012,0.78508,0.78526,3.00,2.25
2011.12.29 03:10:25.153,0.78508,0.78526,3.75,2.25
2011.12.29 03:10:25.225,0.7851,0.78526,1.50,2.25
2011.12.29 03:10:29.715,0.7851,0.78528,2.25,2.25
2011.12.29 03:10:29.783,0.78513,0.78531,1.50,3.75
2011.12.29 03:10:29.978,0.78513,0.78531,2.25,3.00
2011.12.29 03:10:30.056,0.78515,0.78531,1.50,1.50
2011.12.29 03:10:30.323,0.78515,0.78535,2.25,3.00
2011.12.29 03:10:33.211,0.78515,0.78535,3.00,2.25
2011.12.29 03:10:33.280,0.78516,0.78535,2.25,2.25
2011.12.29 03:10:33.792,0.78519,0.78537,1.50,2.25
2011.12.29 03:10:36.405,0.78517,0.78534,2.25,2.25
2011.12.29 03:10:36.919,0.78516,0.78534,3.00,2.25
2011.12.29 03:10:37.540,0.78516,0.78534,1.50,2.25
2011.12.29 03:10:40.462,0.78518,0.78534,1.50,2.25
2011.12.29 03:10:40.535,0.78519,0.78537,2.25,3.00
2011.12.29 03:10:40.722,0.78519,0.78537,2.25,2.25
2011.12.29 03:10:41.218,0.78517,0.78535,1.50,2.25
2011.12.29 03:10:41.415,0.78513,0.78533,2.25,2.25
2011.12.29 03:10:41.482,0.78513,0.78533,2.25,2.25
2011.12.29 03:10:41.792,0.78513,0.78533,2.25,2.25
2011.12.29 03:10:44.763,0.78513,0.78529,1.50,1.50
2011.12.29 03:10:44.834,0.7851,0.78529,1.50,1.50
2011.12.29 03:10:53.501,0.7851,0.78529,3.75,1.50
2011.12.29 03:10:53.945,0.78513,0.78531,1.50,2.25
2011.12.29 03:10:56.062,0.78511,0.78529,2.25,2.25
2011.12.29 03:10:56.991,0.78511,0.78529,2.25,2.25
2011.12.29 03:11:00.290,0.78511,0.78529,2.25,2.25
2011.12.29 03:11:00.925,0.78511,0.78529,1.50,2.25
2011.12.29 03:11:03.805,0.78511,0.78529,1.50,2.25
2011.12.29 03:11:05.003,0.78511,0.78529,2.25,2.25
2011.12.29 03:11:05.512,0.78516,0.78533,1.50,1.50
2011.12.29 03:11:05.962,0.78513,0.78532,1.50,1.50
2011.12.29 03:11:08.444,0.78514,0.78533,1.50,3.00
2011.12.29 03:11:08.973,0.78515,0.78533,1.50,2.25
2011.12.29 03:11:11.211,0.78518,0.78537,1.50,2.91
2011.12.29 03:11:13.421,0.78518,0.78537,1.50,1.88
2011.12.29 03:11:18.690,0.78518,0.78537,2.25,1.88
2011.12.29 03:11:18.954,0.78519,0.78538,1.50,3.00
2011.12.29 03:11:19.084,0.78522,0.78539,1.50,1.50
2011.12.29 03:11:19.903,0.78519,0.78538,1.50,2.25
2011.12.29 03:11:21.051,0.78521,0.78538,1.50,1.50
2011.12.29 03:11:22.780,0.78519,0.78538,3.00,1.50
2011.12.29 03:11:23.072,0.78516,0.78534,4.50,2.25
2011.12.29 03:11:23.203,0.78518,0.78534,1.50,2.25
2011.12.29 03:11:26.654,0.78518,0.78538,2.25,3.00
2011.12.29 03:11:27.022,0.78517,0.78535,1.50,1.50
2011.12.29 03:11:35.211,0.78525,0.78536,1.50,2.25
2011.12.29 03:11:35.296,0.78525,0.78536,1.50,2.25
2011.12.29 03:11:35.494,0.78525,0.78539,1.50,1.50
2011.12.29 03:11:35.701,0.78521,0.78537,3.00,1.50
2011.12.29 03:11:37.880,0.78521,0.78536,1.50,1.50
2011.12.29 03:11:37.953,0.78517,0.78536,3.00,1.50
2011.12.29 03:11:38.460,0.78517,0.78535,3.00,1.50
2011.12.29 03:11:41.933,0.78521,0.78535,1.50,1.50
2011.12.29 03:11:42.347,0.78521,0.78539,1.50,2.25
2011.12.29 03:11:45.755,0.78528,0.78539,1.50,2.25
2011.12.29 03:11:45.956,0.78527,0.78544,1.50,2.18
2011.12.29 03:11:46.086,0.78525,0.78542,1.50,1.50
2011.12.29 03:11:46.270,0.78525,0.78542,1.50,1.50
2011.12.29 03:11:46.810,0.78525,0.78542,2.25,1.50
2011.12.29 03:11:47.340,0.78525,0.78542,2.25,1.50
2011.12.29 03:11:47.908,0.78523,0.78542,1.50,3.00
2011.12.29 03:11:48.753,0.78522,0.78542,1.50,3.75
2011.12.29 03:11:49.310,0.7852,0.78538,3.00,2.25
2011.12.29 03:11:49.560,0.78522,0.7854,1.50,2.25
2011.12.29 03:11:53.021,0.78522,0.78538,1.50,1.50
2011.12.29 03:11:56.439,0.7852,0.78538,2.25,3.00
2011.12.29 03:12:04.393,0.78522,0.78538,1.50,3.00
2011.12.29 03:12:12.473,0.78524,0.7854,1.50,2.25
2011.12.29 03:12:12.726,0.78525,0.78543,3.00,4.13
2011.12.29 03:12:13.188,0.78525,0.78543,3.00,3.38
2011.12.29 03:12:13.270,0.78528,0.78543,3.00,1.88
2011.12.29 03:12:13.552,0.78528,0.78546,3.00,2.25
2011.12.29 03:12:17.551,0.78528,0.78546,2.25,2.25
2011.12.29 03:12:23.092,0.78528,0.78546,3.00,2.25
2011.12.29 03:12:37.184,0.7853,0.78546,1.50,2.25
2011.12.29 03:12:42.671,0.7853,0.7855,1.50,2.25
2011.12.29 03:12:43.201,0.78529,0.78547,1.50,2.25
2011.12.29 03:12:58.911,0.78529,0.78544,1.50,2.25
2011.12.29 03:12:59.426,0.7852,0.78537,1.50,1.50
2011.12.29 03:12:59.500,0.78519,0.78537,3.00,1.50
2011.12.29 03:13:03.402,0.78524,0.78537,1.50,1.50
2011.12.29 03:13:03.961,0.78525,0.78541,1.50,2.25
2011.12.29 03:13:14.267,0.78525,0.78543,1.50,1.50
2011.12.29 03:13:17.828,0.78525,0.78543,1.50,1.50
2011.12.29 03:13:18.180,0.78533,0.78547,1.50,3.00
2011.12.29 03:13:18.330,0.78533,0.78547,1.50,2.25
2011.12.29 03:13:18.680,0.78533,0.78547,1.50,2.25
2011.12.29 03:13:18.965,0.78537,0.78552,1.50,1.50
2011.12.29 03:13:19.048,0.78537,0.78553,1.50,2.25
2011.12.29 03:13:19.461,0.7854,0.78558,1.50,1.50
2011.12.29 03:13:19.535,0.7854,0.78559,1.50,2.25
2011.12.29 03:13:21.663,0.7854,0.78558,1.50,2.25
2011.12.29 03:13:21.995,0.78539,0.78557,3.00,1.50
2011.12.29 03:13:22.077,0.78536,0.7855,2.25,2.25
2011.12.29 03:13:22.216,0.78534,0.78553,3.00,1.50
2011.12.29 03:13:22.285,0.78537,0.78553,1.50,1.50
2011.12.29 03:13:22.422,0.78537,0.78554,1.50,1.50
2011.12.29 03:13:22.922,0.78537,0.78556,1.50,2.25
2011.12.29 03:13:26.999,0.78534,0.78554,2.25,2.25
2011.12.29 03:13:27.522,0.78533,0.78551,1.50,1.50
2011.12.29 03:13:28.205,0.78533,0.78553,3.00,3.00
2011.12.29 03:13:29.590,0.78533,0.78553,2.25,3.00
2011.12.29 03:13:36.071,0.78532,0.78551,1.50,2.25
2011.12.29 03:13:37.824,0.78534,0.78552,1.50,3.00
2011.12.29 03:13:38.140,0.78534,0.78552,1.50,2.25
2011.12.29 03:13:41.892,0.78535,0.78552,1.50,2.25
2011.12.29 03:13:42.461,0.78535,0.78552,1.50,2.25
2011.12.29 03:13:47.444,0.78531,0.78551,2.25,3.00
2011.12.29 03:13:47.517,0.78531,0.78551,2.25,3.00
2011.12.29 03:13:47.857,0.7853,0.78547,1.50,2.25
2011.12.29 03:13:50.553,0.78531,0.78549,1.50,3.00
2011.12.29 03:13:50.683,0.78531,0.78549,2.25,3.00
2011.12.29 03:13:55.031,0.78532,0.78549,1.50,3.00
2011.12.29 03:13:55.350,0.78532,0.78549,1.50,3.00
2011.12.29 03:13:56.515,0.78532,0.78549,1.50,3.00
2011.12.29 03:13:56.714,0.78532,0.78549,1.50,2.25
2011.12.29 03:14:02.111,0.78532,0.78549,1.50,2.25
2011.12.29 03:14:04.834,0.78531,0.78549,1.50,2.25
2011.12.29 03:14:05.342,0.7853,0.78549,2.25,1.50
2011.12.29 03:14:13.850,0.7853,0.7855,3.00,5.25
2011.12.29 03:14:14.361,0.78531,0.7855,1.50,2.25
2011.12.29 03:14:15.738,0.7853,0.7855,3.00,2.25
2011.12.29 03:14:16.673,0.7853,0.7855,3.75,2.25
2011.12.29 03:14:17.321,0.78531,0.7855,1.50,2.25
2011.12.29 03:14:18.272,0.78531,0.7855,1.50,2.25
2011.12.29 03:14:18.593,0.78534,0.78551,2.25,1.50
2011.12.29 03:14:18.804,0.78535,0.78552,1.50,1.50
2011.12.29 03:14:19.641,0.78535,0.78552,1.50,1.50
2011.12.29 03:14:22.732,0.78535,0.78552,1.50,3.00
2011.12.29 03:14:23.296,0.78535,0.78552,1.50,3.00
2011.12.29 03:14:33.660,0.78535,0.78552,1.50,3.00
2011.12.29 03:14:34.174,0.78535,0.78552,1.50,3.00
2011.12.29 03:14:40.392,0.78535,0.78552,2.25,3.00
2011.12.29 03:14:43.643,0.78535,0.78552,1.50,3.00
2011.12.29 03:14:47.494,0.78537,0.78552,1.50,3.00
2011.12.29 03:14:47.744,0.78536,0.78556,3.75,2.25
2011.12.29 03:14:50.790,0.78536,0.78556,3.00,2.25
2011.12.29 03:14:50.980,0.78536,0.78556,3.00,2.25
2011.12.29 03:14:53.657,0.78536,0.78556,3.75,2.25
2011.12.29 03:14:53.961,0.78536,0.78556,3.75,2.25
2011.12.29 03:14:56.681,0.78531,0.78551,2.25,2.25
2011.12.29 03:14:56.953,0.78531,0.78551,2.25,2.25
2011.12.29 03:14:58.501,0.78531,0.78551,1.50,2.25
2011.12.29 03:15:01.809,0.7853,0.78548,1.50,2.25
2011.12.29 03:15:02.759,0.78526,0.78544,2.25,2.25
2011.12.29 03:15:03.167,0.78524,0.78542,1.50,2.25
2011.12.29 03:15:04.262,0.78525,0.78544,1.50,2.25
2011.12.29 03:15:04.818,0.78525,0.78544,1.50,2.25
2011.12.29 03:15:08.593,0.78524,0.78542,1.50,1.50
2011.12.29 03:15:09.249,0.78525,0.78543,2.25,1.50
2011.12.29 03:15:22.358,0.78525,0.78543,1.50,2.25
2011.12.29 03:15:22.425,0.78522,0.7854,3.00,1.50
2011.12.29 03:15:22.564,0.78521,0.78538,2.25,2.25
2011.12.29 03:15:23.455,0.78522,0.78538,1.50,1.50
2011.12.29 03:15:23.807,0.7851,0.78528,1.88,2.25
2011.12.29 03:15:23.948,0.78508,0.78526,1.88,2.25
2011.12.29 03:15:24.027,0.78509,0.78526,2.25,2.25
2011.12.29 03:15:28.354,0.78512,0.78532,1.50,3.75
2011.12.29 03:15:28.480,0.78512,0.78532,1.50,3.75
2011.12.29 03:15:29.977,0.7851,0.7853,2.25,2.25
2011.12.29 03:15:30.325,0.78517,0.7853,3.75,1.50
2011.12.29 03:15:30.663,0.78517,0.7853,3.75,1.50
2011.12.29 03:15:30.804,0.78517,0.78535,6.00,2.25
2011.12.29 03:15:31.577,0.78517,0.78532,3.75,1.50
2011.12.29 03:15:31.660,0.78516,0.78534,2.25,2.25
2011.12.29 03:15:33.964,0.78516,0.78533,2.25,1.50
2011.12.29 03:15:34.032,0.78516,0.78532,1.50,1.50
2011.12.29 03:15:34.105,0.78514,0.78532,1.50,3.00
2011.12.29 03:15:34.594,0.78516,0.78534,1.50,2.25
2011.12.29 03:15:34.856,0.78516,0.78534,2.25,2.25
2011.12.29 03:15:35.213,0.78516,0.78534,1.50,2.25
2011.12.29 03:15:35.858,0.78516,0.78534,2.25,2.25
2011.12.29 03:15:41.134,0.78516,0.78534,1.50,2.25
2011.12.29 03:15:41.272,0.78513,0.78533,3.00,2.25
2011.12.29 03:15:41.468,0.78516,0.78534,1.50,2.25
2011.12.29 03:15:41.543,0.78516,0.78534,1.50,2.25
2011.12.29 03:15:41.673,0.78519,0.78537,1.50,3.75
2011.12.29 03:15:41.921,0.78519,0.78537,1.50,3.75
2011.12.29 03:15:41.993,0.78516,0.78536,2.25,2.25
2011.12.29 03:15:47.040,0.78516,0.78536,1.50,2.25
2011.12.29 03:15:47.543,0.78516,0.78532,1.50,1.50
2011.12.29 03:15:48.106,0.78513,0.78531,1.50,2.25
2011.12.29 03:16:07.880,0.78511,0.7853,1.50,2.25
2011.12.29 03:16:09.511,0.78511,0.78528,1.50,1.50
2011.12.29 03:16:09.821,0.78509,0.78526,2.25,2.25
2011.12.29 03:16:10.338,0.78508,0.78526,2.25,3.00
2011.12.29 03:16:10.956,0.78508,0.78526,2.25,3.00
2011.12.29 03:16:12.423,0.78508,0.78526,2.25,3.75
2011.12.29 03:16:12.904,0.78504,0.78522,2.25,1.50
2011.12.29 03:16:13.549,0.78504,0.78522,2.25,1.50
2011.12.29 03:16:17.235,0.78507,0.78524,1.50,2.25
2011.12.29 03:16:17.361,0.78509,0.78525,1.50,1.50
2011.12.29 03:16:17.683,0.78507,0.78524,1.50,1.50
2011.12.29 03:16:17.991,0.78507,0.78526,2.25,1.50
2011.12.29 03:16:19.013,0.78507,0.78527,2.25,3.00
2011.12.29 03:16:20.547,0.78509,0.78528,2.25,1.50
2011.12.29 03:16:20.732,0.78509,0.78528,2.25,1.50
2011.12.29 03:16:21.542,0.78508,0.78526,3.00,3.75
2011.12.29 03:16:21.971,0.78508,0.78524,2.25,1.50
2011.12.29 03:16:22.113,0.78505,0.78523,2.25,1.50
2011.12.29 03:16:22.662,0.78506,0.78523,1.50,1.50
2011.12.29 03:16:23.163,0.78506,0.78523,2.25,1.50
2011.12.29 03:16:23.591,0.78504,0.78523,2.25,1.50
2011.12.29 03:16:24.093,0.78504,0.78523,2.25,1.50
2011.12.29 03:16:25.611,0.78504,0.78523,2.25,1.50
2011.12.29 03:16:30.632,0.78507,0.78523,1.50,1.50
2011.12.29 03:16:30.952,0.78509,0.78526,2.25,1.50
2011.12.29 03:16:31.021,0.78509,0.78526,2.25,1.50
2011.12.29 03:16:34.465,0.7851,0.78526,2.25,3.00
2011.12.29 03:16:34.652,0.78512,0.78529,2.25,3.00
2011.12.29 03:16:35.190,0.78508,0.78527,3.75,2.25
2011.12.29 03:16:35.666,0.78511,0.78529,1.50,3.00
2011.12.29 03:16:36.202,0.78509,0.78528,5.25,1.50
2011.12.29 03:16:39.933,0.7851,0.78528,2.25,1.50
2011.12.29 03:16:40.302,0.7851,0.78529,1.50,2.25
2011.12.29 03:16:45.006,0.78509,0.78529,4.50,3.00
2011.12.29 03:16:45.514,0.78513,0.78529,1.50,2.25
2011.12.29 03:16:45.584,0.78514,0.78531,3.00,1.50
2011.12.29 03:16:45.727,0.78514,0.7853,2.25,1.50
2011.12.29 03:16:45.793,0.78511,0.78528,3.00,1.50
2011.12.29 03:16:46.182,0.78508,0.78527,1.50,1.50
2011.12.29 03:16:51.036,0.78508,0.78527,3.00,1.50
2011.12.29 03:16:51.433,0.7851,0.78528,1.50,2.25
2011.12.29 03:16:51.502,0.78511,0.78528,1.50,1.50
2011.12.29 03:16:52.022,0.78511,0.78531,3.75,3.00
2011.12.29 03:16:52.092,0.78514,0.78531,1.50,1.50
2011.12.29 03:16:52.425,0.78514,0.78531,2.25,1.50
2011.12.29 03:16:53.698,0.78514,0.78532,2.25,1.50
2011.12.29 03:16:54.059,0.78523,0.78541,2.25,1.50
2011.12.29 03:16:54.274,0.78523,0.78542,2.25,1.50
2011.12.29 03:16:54.345,0.78523,0.78542,1.50,1.50
2011.12.29 03:16:54.917,0.78523,0.78543,2.25,3.75
2011.12.29 03:16:55.589,0.78524,0.78542,1.50,2.25
2011.12.29 03:16:56.113,0.78524,0.78542,2.25,2.25
2011.12.29 03:16:57.202,0.78524,0.78542,2.25,3.00
2011.12.29 03:16:57.273,0.78521,0.78539,3.00,2.25
2011.12.29 03:16:57.461,0.78521,0.78539,2.25,2.25
2011.12.29 03:16:59.911,0.7852,0.78537,2.25,3.00
2011.12.29 03:17:00.360,0.78519,0.78532,1.13,1.50
2011.12.29 03:17:00.437,0.78514,0.78532,2.25,1.50
2011.12.29 03:17:00.584,0.78517,0.78536,1.50,1.50
2011.12.29 03:17:01.379,0.78517,0.78537,3.75,2.25
2011.12.29 03:17:03.116,0.78518,0.78537,1.50,2.25
2011.12.29 03:17:03.184,0.78521,0.78539,1.50,3.00
2011.12.29 03:17:03.721,0.78521,0.78539,1.50,2.25
2011.12.29 03:17:04.122,0.78524,0.7854,1.50,2.25
2011.12.29 03:17:04.253,0.78525,0.78542,1.50,2.25
2011.12.29 03:17:04.468,0.78525,0.7854,2.25,1.50
2011.12.29 03:17:04.672,0.78521,0.78538,1.50,1.50
2011.12.29 03:17:05.244,0.7852,0.78538,1.50,2.25
2011.12.29 03:17:07.761,0.7852,0.78538,1.50,3.00
2011.12.29 03:17:10.785,0.78517,0.78535,3.00,2.25
2011.12.29 03:17:11.527,0.78517,0.78535,1.50,2.25
2011.12.29 03:17:18.471,0.78514,0.78533,1.50,2.25
2011.12.29 03:17:18.961,0.78514,0.78533,1.50,2.25
2011.12.29 03:17:20.850,0.78514,0.78533,1.50,2.25
2011.12.29 03:17:22.891,0.78516,0.78534,1.50,2.25
2011.12.29 03:17:22.963,0.78518,0.78534,1.50,2.25
2011.12.29 03:17:23.509,0.78519,0.78537,2.25,2.25
2011.12.29 03:17:25.092,0.78519,0.78537,2.25,2.25
2011.12.29 03:17:25.708,0.78519,0.78537,3.00,2.25
2011.12.29 03:17:25.972,0.78519,0.78536,1.50,1.50
2011.12.29 03:17:26.047,0.78517,0.78535,2.25,2.25
2011.12.29 03:17:31.719,0.78518,0.78535,1.50,2.25
2011.12.29 03:17:32.220,0.7852,0.78537,1.50,1.50
2011.12.29 03:17:32.441,0.7852,0.78537,1.50,1.50
2011.12.29 03:17:32.728,0.78523,0.7854,1.13,1.50
2011.12.29 03:17:33.265,0.78525,0.78543,3.00,2.25
2011.12.29 03:17:33.782,0.78525,0.78543,3.00,2.25
2011.12.29 03:17:38.993,0.78525,0.78543,1.50,3.00
2011.12.29 03:17:39.697,0.78523,0.78541,2.25,2.25
2011.12.29 03:17:51.704,0.78524,0.78541,1.50,2.25
2011.12.29 03:17:51.892,0.78524,0.78544,3.00,2.25
2011.12.29 03:17:55.291,0.78528,0.78546,1.50,2.25
2011.12.29 03:17:55.753,0.78529,0.78546,1.50,2.25
2011.12.29 03:17:55.825,0.78529,0.78546,1.50,2.25
2011.12.29 03:18:03.686,0.78528,0.78546,5.25,2.25
2011.12.29 03:18:04.025,0.78525,0.78545,4.50,2.25
2011.12.29 03:18:04.153,0.78525,0.78545,4.50,2.25
2011.12.29 03:18:04.327,0.78525,0.78545,4.50,2.25
2011.12.29 03:18:10.695,0.78525,0.78544,4.50,1.50
2011.12.29 03:18:10.765,0.78525,0.78543,3.75,2.25
2011.12.29 03:18:11.267,0.78522,0.7854,2.25,1.50
2011.12.29 03:18:19.767,0.78524,0.7854,2.25,2.25
2011.12.29 03:18:19.835,0.78525,0.78543,3.00,2.25
2011.12.29 03:18:20.374,0.78524,0.78544,3.00,2.25
2011.12.29 03:18:22.398,0.78524,0.78544,2.25,3.00
2011.12.29 03:18:22.476,0.78524,0.78541,2.25,1.50
2011.12.29 03:18:23.198,0.78522,0.78541,2.25,1.50
2011.12.29 03:18:25.819,0.78522,0.78541,2.25,1.50
2011.12.29 03:18:26.155,0.78522,0.78538,1.50,1.50
2011.12.29 03:18:26.805,0.78522,0.78536,1.50,1.50
2011.12.29 03:18:26.887,0.78519,0.78538,2.25,1.50
2011.12.29 03:18:29.655,0.78519,0.78539,2.25,3.00
2011.12.29 03:18:29.905,0.78522,0.78538,1.50,1.50
2011.12.29 03:18:30.743,0.78522,0.78537,1.50,1.50
2011.12.29 03:18:31.297,0.7852,0.78538,3.00,3.00
2011.12.29 03:18:37.703,0.7852,0.78538,3.00,3.00
2011.12.29 03:18:39.266,0.78522,0.7854,2.25,2.25
2011.12.29 03:18:39.549,0.78525,0.78543,2.25,1.50
2011.12.29 03:18:39.699,0.78525,0.78545,2.25,3.00
2011.12.29 03:18:40.183,0.78528,0.78545,1.50,1.50
2011.12.29 03:18:40.279,0.78537,0.78551,1.50,1.50
2011.12.29 03:18:40.358,0.78537,0.78554,1.50,1.50
2011.12.29 03:18:40.743,0.78534,0.78553,2.25,1.50
2011.12.29 03:18:45.940,0.78534,0.78552,2.25,1.50
2011.12.29 03:18:49.693,0.78534,0.78553,2.25,2.25
2011.12.29 03:18:50.664,0.78531,0.78549,1.50,1.50
2011.12.29 03:18:50.923,0.78533,0.78551,3.00,1.50
2011.12.29 03:18:51.457,0.78533,0.78553,2.25,3.00
2011.12.29 03:18:51.792,0.78533,0.78553,2.25,3.00
2011.12.29 03:18:54.161,0.78529,0.78545,2.25,1.50
2011.12.29 03:18:54.244,0.78529,0.78545,2.25,2.25
2011.12.29 03:18:54.752,0.78529,0.78547,2.25,1.50
2011.12.29 03:18:54.883,0.78529,0.78547,2.25,1.50
2011.12.29 03:18:55.323,0.7853,0.7855,2.25,2.25
2011.12.29 03:18:56.278,0.78531,0.7855,1.50,1.50
2011.12.29 03:18:56.423,0.78533,0.78553,2.25,4.50
2011.12.29 03:18:57.453,0.78536,0.78553,1.50,2.25
2011.12.29 03:18:57.998,0.78536,0.78554,2.63,3.00
2011.12.29 03:18:58.274,0.7854,0.78557,3.00,1.50
2011.12.29 03:18:58.401,0.78537,0.78557,3.00,3.00
2011.12.29 03:19:02.415,0.78537,0.78557,3.00,2.25
2011.12.29 03:19:04.044,0.78537,0.78556,1.50,1.50
2011.12.29 03:19:04.172,0.78534,0.78552,2.25,2.25
2011.12.29 03:19:04.362,0.78534,0.78552,2.25,2.25
2011.12.29 03:19:04.844,0.78537,0.78554,1.50,1.50
2011.12.29 03:19:05.041,0.78537,0.78555,2.25,2.25
2011.12.29 03:19:05.416,0.78537,0.78555,2.25,2.25
2011.12.29 03:19:05.950,0.7854,0.78555,1.50,1.50
2011.12.29 03:19:06.316,0.78538,0.78554,1.50,1.50
2011.12.29 03:19:06.834,0.78538,0.78556,1.50,2.25
2011.12.29 03:19:11.830,0.78535,0.78554,1.50,2.25
2011.12.29 03:19:12.967,0.78535,0.78554,3.75,2.25
2011.12.29 03:19:13.180,0.78538,0.78556,3.00,1.50
2011.12.29 03:19:13.385,0.78541,0.78558,1.50,1.50
2011.12.29 03:19:16.253,0.78541,0.78558,1.50,1.50
2011.12.29 03:19:18.953,0.78541,0.78558,1.50,1.50
2011.12.29 03:19:19.143,0.78541,0.78556,1.50,1.50
2011.12.29 03:19:19.663,0.78541,0.78556,1.50,1.50
2011.12.29 03:19:20.214,0.7854,0.78556,2.25,2.25
2011.12.29 03:19:24.482,0.7854,0.78557,3.00,1.50
2011.12.29 03:19:24.672,0.7854,0.78556,2.25,1.50
2011.12.29 03:19:25.173,0.78538,0.78556,3.00,2.25
2011.12.29 03:19:25.682,0.78538,0.78556,3.00,1.50
2011.12.29 03:19:26.219,0.78538,0.78556,3.00,2.25
2011.12.29 03:19:26.705,0.78538,0.78555,1.50,1.50
2011.12.29 03:19:26.773,0.78536,0.78553,2.25,3.00
2011.12.29 03:19:27.275,0.78535,0.78553,3.00,3.00
2011.12.29 03:19:27.814,0.78535,0.78552,3.00,1.50
2011.12.29 03:19:27.974,0.78535,0.78549,2.25,1.50
2011.12.29 03:19:28.115,0.78531,0.78544,3.00,1.50
2011.12.29 03:19:28.247,0.78527,0.78544,1.50,2.25
2011.12.29 03:19:28.635,0.78527,0.78544,1.50,3.00
2011.12.29 03:19:29.090,0.7853,0.78544,1.50,2.25
2011.12.29 03:19:29.173,0.78527,0.78544,1.50,2.25
2011.12.29 03:19:30.721,0.78526,0.78544,3.75,2.25
2011.12.29 03:19:31.077,0.78526,0.78541,1.50,1.50
2011.12.29 03:19:31.206,0.78523,0.78541,3.38,1.50
2011.12.29 03:19:31.965,0.78523,0.78541,3.00,2.25
2011.12.29 03:19:36.943,0.78523,0.78541,3.00,1.50
2011.12.29 03:19:37.738,0.78526,0.78544,1.50,2.25
2011.12.29 03:19:38.076,0.7853,0.78544,1.50,2.25
2011.12.29 03:19:38.143,0.7853,0.78546,2.25,1.50
2011.12.29 03:19:38.726,0.78528,0.78546,2.25,2.25
2011.12.29 03:19:38.921,0.78525,0.78542,2.25,2.25
2011.12.29 03:19:39.431,0.78523,0.78542,1.88,2.25
2011.12.29 03:19:39.943,0.78523,0.78542,1.13,2.25
2011.12.29 03:19:40.134,0.78522,0.78542,3.00,2.25
2011.12.29 03:19:40.483,0.78522,0.78542,3.00,2.25
2011.12.29 03:19:41.623,0.78528,0.78542,1.50,2.25
2011.12.29 03:19:41.953,0.78528,0.78544,1.50,2.25
2011.12.29 03:19:42.142,0.78529,0.78547,1.50,2.25
2011.12.29 03:19:42.483,0.78529,0.78544,1.50,1.50
2011.12.29 03:19:50.184,0.78529,0.78547,1.50,2.25
2011.12.29 03:19:50.749,0.78529,0.78547,1.50,1.50
2011.12.29 03:19:51.411,0.78529,0.78545,1.50,1.50
2011.12.29 03:19:52.474,0.78527,0.78545,1.88,2.25
2011.12.29 03:19:52.615,0.78527,0.78541,1.50,1.50
2011.12.29 03:19:52.934,0.78523,0.78541,3.00,2.25
2011.12.29 03:19:54.229,0.78523,0.78541,3.00,2.25
2011.12.29 03:19:54.522,0.78527,0.78541,1.50,1.50
2011.12.29 03:19:54.597,0.78527,0.78544,1.50,2.25
2011.12.29 03:19:55.362,0.78527,0.78542,1.50,1.50
2011.12.29 03:19:56.065,0.78524,0.78538,1.13,1.50
2011.12.29 03:19:56.254,0.78523,0.78538,1.50,1.50
2011.12.29 03:19:56.727,0.78523,0.78541,1.50,2.25
2011.12.29 03:19:59.741,0.78523,0.78539,1.50,1.50
2011.12.29 03:20:04.167,0.78523,0.78539,2.25,1.50
2011.12.29 03:20:04.716,0.78523,0.7854,2.25,1.50
2011.12.29 03:20:07.697,0.78524,0.7854,1.50,1.50
2011.12.29 03:20:07.766,0.78524,0.78544,3.00,2.25
2011.12.29 03:20:08.292,0.78524,0.78544,3.00,2.25
2011.12.29 03:20:08.772,0.78524,0.78542,1.50,1.50
2011.12.29 03:20:09.083,0.78527,0.78542,1.50,1.50
2011.12.29 03:20:09.986,0.78531,0.78543,1.50,1.50
2011.12.29 03:20:10.865,0.78531,0.78546,1.50,3.00
2011.12.29 03:20:11.005,0.78531,0.78546,1.50,3.00
2011.12.29 03:20:11.109,0.78531,0.78546,1.50,3.00
2011.12.29 03:20:11.258,0.78531,0.78546,1.50,3.00
2011.12.29 03:20:11.337,0.78528,0.78545,4.50,1.50
2011.12.29 03:20:13.352,0.78528,0.78544,1.50,1.50
2011.12.29 03:20:17.533,0.78528,0.78544,1.50,1.50
2011.12.29 03:20:17.870,0.78525,0.78544,1.50,3.00
2011.12.29 03:20:18.145,0.78525,0.78541,1.50,3.00
2011.12.29 03:20:19.113,0.78536,0.78541,3.00,1.50
2011.12.29 03:20:19.196,0.78536,0.78547,2.25,1.50
2011.12.29 03:20:19.270,0.78536,0.78544,2.25,1.50
2011.12.29 03:20:19.350,0.78528,0.78543,1.88,1.50
2011.12.29 03:20:19.424,0.78526,0.78543,2.25,1.50
2011.12.29 03:20:19.565,0.78524,0.78542,2.25,2.25
2011.12.29 03:20:19.976,0.78525,0.78542,1.50,2.25
2011.12.29 03:20:20.327,0.78525,0.78538,1.50,1.50
2011.12.29 03:20:20.398,0.78525,0.78542,1.50,2.25
2011.12.29 03:20:20.921,0.78526,0.78542,1.50,1.50
2011.12.29 03:20:23.223,0.7853,0.78542,1.50,1.50
2011.12.29 03:20:23.354,0.7853,0.78544,1.50,1.50
2011.12.29 03:20:23.935,0.7853,0.78544,1.50,2.25
2011.12.29 03:20:24.193,0.78527,0.78544,1.50,2.25
2011.12.29 03:20:25.836,0.78526,0.78541,1.50,1.50
2011.12.29 03:20:25.967,0.78524,0.78541,3.75,1.50
2011.12.29 03:20:26.105,0.78524,0.78539,3.75,1.50
2011.12.29 03:20:26.242,0.78523,0.78539,1.50,1.50
2011.12.29 03:20:30.142,0.78525,0.78539,1.50,2.25
2011.12.29 03:20:30.342,0.78526,0.78542,1.50,2.25
2011.12.29 03:20:34.524,0.78525,0.78542,2.25,2.25
2011.12.29 03:20:34.594,0.78523,0.78539,1.88,1.50
2011.12.29 03:20:35.173,0.78526,0.78543,1.50,2.25
2011.12.29 03:20:35.312,0.78526,0.78543,2.25,1.50
2011.12.29 03:20:35.832,0.78527,0.78543,1.50,1.50
2011.12.29 03:20:41.552,0.78527,0.78541,1.50,1.50
2011.12.29 03:20:44.862,0.78527,0.78541,1.50,1.50
2011.12.29 03:20:45.178,0.78527,0.78543,3.00,2.25
2011.12.29 03:20:49.994,0.78534,0.78544,1.50,1.50
2011.12.29 03:20:50.063,0.78534,0.78548,1.50,1.50
2011.12.29 03:20:50.272,0.78533,0.78548,2.25,2.25
2011.12.29 03:20:50.472,0.78531,0.78548,1.50,3.00
2011.12.29 03:20:51.015,0.78527,0.78544,1.50,1.50
2011.12.29 03:20:51.381,0.78522,0.78542,3.00,3.00
2011.12.29 03:20:51.894,0.78526,0.78542,1.50,3.00
2011.12.29 03:20:51.962,0.78526,0.78542,1.50,3.00
2011.12.29 03:20:52.482,0.78527,0.78544,1.50,2.25
2011.12.29 03:20:54.008,0.78523,0.78542,1.50,2.25
2011.12.29 03:20:54.562,0.78523,0.78539,1.50,1.50
2011.12.29 03:20:55.112,0.78523,0.78539,1.50,2.25
2011.12.29 03:20:58.479,0.78525,0.7854,1.50,1.50
2011.12.29 03:20:58.745,0.78525,0.78543,3.75,3.00
2011.12.29 03:21:01.037,0.78527,0.78542,1.50,2.25
2011.12.29 03:21:03.342,0.78527,0.78544,2.25,3.00
2011.12.29 03:21:04.106,0.78527,0.78544,2.25,1.50
2011.12.29 03:21:04.405,0.78527,0.78544,2.25,3.00
2011.12.29 03:21:12.476,0.78525,0.78544,3.00,3.00
2011.12.29 03:21:12.618,0.78522,0.78542,3.75,2.25
2011.12.29 03:21:12.694,0.78522,0.78537,2.25,1.50
2011.12.29 03:21:17.194,0.78521,0.78537,3.00,1.50
2011.12.29 03:21:17.467,0.78519,0.78537,3.75,3.00
2011.12.29 03:21:17.664,0.78519,0.78537,3.75,3.00
2011.12.29 03:21:18.556,0.7852,0.78537,1.50,2.25
2011.12.29 03:21:19.173,0.7852,0.78537,1.50,1.50
2011.12.29 03:21:19.376,0.78523,0.78541,1.50,2.25
2011.12.29 03:21:19.448,0.78527,0.78542,1.50,1.50
2011.12.29 03:21:19.670,0.78529,0.78547,1.13,2.25
2011.12.29 03:21:25.090,0.78529,0.78547,1.50,2.25
2011.12.29 03:21:25.693,0.78531,0.78547,1.50,2.25
2011.12.29 03:21:26.211,0.78532,0.78547,2.25,2.25
2011.12.29 03:21:27.654,0.78533,0.78547,1.50,2.25
2011.12.29 03:21:28.255,0.78533,0.78549,2.25,2.25
2011.12.29 03:21:29.191,0.78533,0.78549,2.25,1.50
2011.12.29 03:21:38.782,0.78532,0.78549,2.25,2.25
2011.12.29 03:21:39.042,0.78532,0.78549,1.50,2.25
2011.12.29 03:21:41.256,0.78533,0.78549,1.50,2.25
2011.12.29 03:21:41.502,0.78533,0.78549,1.50,2.25
2011.12.29 03:21:43.773,0.78531,0.78549,3.38,2.25
2011.12.29 03:21:44.392,0.78531,0.78549,3.00,2.25
2011.12.29 03:21:45.004,0.78531,0.78549,2.25,2.25
2011.12.29 03:21:57.789,0.78534,0.78552,1.50,2.25
2011.12.29 03:21:59.353,0.78532,0.7855,2.25,2.25
2011.12.29 03:22:22.542,0.78529,0.78547,3.00,1.50
2011.12.29 03:22:22.682,0.78529,0.78547,2.25,2.25
2011.12.29 03:22:23.651,0.78529,0.78545,1.50,1.50
2011.12.29 03:22:32.162,0.78529,0.78546,1.50,1.50
2011.12.29 03:22:43.142,0.78529,0.78546,1.50,1.50
2011.12.29 03:22:43.894,0.7853,0.78546,1.50,1.50
2011.12.29 03:22:44.439,0.7853,0.78549,2.25,3.00
2011.12.29 03:22:47.733,0.78529,0.78546,2.25,1.50
2011.12.29 03:22:47.802,0.78529,0.78546,1.50,2.25
2011.12.29 03:22:48.246,0.78529,0.78547,2.25,3.00
2011.12.29 03:22:48.384,0.78534,0.7855,1.50,1.50
2011.12.29 03:22:48.514,0.78534,0.7855,1.50,1.50
2011.12.29 03:22:49.052,0.78534,0.78552,1.50,2.25
2011.12.29 03:22:49.562,0.78534,0.78552,1.50,3.00
2011.12.29 03:22:53.476,0.78534,0.78552,3.00,2.25
2011.12.29 03:22:53.544,0.78536,0.78552,1.50,1.50
2011.12.29 03:22:54.198,0.78537,0.78553,3.75,1.50
2011.12.29 03:22:56.239,0.78537,0.7855,2.25,1.50
2011.12.29 03:22:56.529,0.78533,0.78549,2.25,1.50
2011.12.29 03:22:56.603,0.78535,0.78549,2.25,1.50
2011.12.29 03:22:56.734,0.78537,0.78552,1.50,1.50
2011.12.29 03:22:56.934,0.78537,0.78551,1.50,1.50
2011.12.29 03:22:57.074,0.78531,0.78551,2.25,3.00
2011.12.29 03:22:57.263,0.78531,0.7855,2.25,1.50
2011.12.29 03:22:57.852,0.78531,0.78547,1.50,1.50
2011.12.29 03:23:04.292,0.78531,0.78549,2.25,1.50
2011.12.29 03:23:04.743,0.78533,0.78552,1.50,1.50
2011.12.29 03:23:05.291,0.78533,0.78552,2.25,1.50
2011.12.29 03:23:06.581,0.78533,0.78551,2.25,1.50
2011.12.29 03:23:06.945,0.78533,0.78549,1.50,1.50
2011.12.29 03:23:07.014,0.78531,0.78549,4.50,1.50
2011.12.29 03:23:07.533,0.78531,0.78548,1.50,2.25
2011.12.29 03:23:07.722,0.78531,0.78548,1.50,2.25
2011.12.29 03:23:08.241,0.78531,0.78547,2.25,1.50
2011.12.29 03:23:12.902,0.78534,0.78551,1.50,2.25
2011.12.29 03:23:13.355,0.78534,0.78551,1.50,1.50
2011.12.29 03:23:13.603,0.78534,0.78552,2.25,3.00
2011.12.29 03:23:15.378,0.78534,0.78552,1.50,2.25
2011.12.29 03:23:20.093,0.78534,0.78551,1.50,1.50
2011.12.29 03:23:20.423,0.78534,0.7855,1.50,1.50
2011.12.29 03:23:20.854,0.78532,0.78549,2.25,1.50
2011.12.29 03:23:21.415,0.78532,0.7855,3.00,3.00
2011.12.29 03:23:21.662,0.78532,0.7855,3.00,2.25
2011.12.29 03:23:21.800,0.78534,0.78552,2.25,2.25
2011.12.29 03:23:22.067,0.78539,0.78552,1.50,1.50
2011.12.29 03:23:22.333,0.78536,0.78552,2.25,1.50
2011.12.29 03:23:22.475,0.78537,0.78554,1.50,3.00
2011.12.29 03:23:22.755,0.78536,0.78554,3.00,3.00
2011.12.29 03:23:26.183,0.78536,0.78553,2.25,1.50
2011.12.29 03:23:26.532,0.78537,0.78554,1.50,3.00
2011.12.29 03:23:26.884,0.78537,0.78553,1.50,1.50
2011.12.29 03:23:27.896,0.78536,0.78553,2.25,1.50
2011.12.29 03:23:28.233,0.78536,0.78554,2.25,2.25
2011.12.29 03:23:28.482,0.78536,0.78554,1.50,2.25
2011.12.29 03:23:33.850,0.78536,0.78554,1.50,2.25
2011.12.29 03:23:34.373,0.78536,0.78554,2.25,3.75
2011.12.29 03:23:35.061,0.78536,0.78554,1.50,3.75
2011.12.29 03:23:36.094,0.78536,0.78553,1.50,1.50
2011.12.29 03:23:36.680,0.78536,0.78551,1.50,1.50
2011.12.29 03:23:37.313,0.78536,0.78551,1.50,1.50
2011.12.29 03:23:38.222,0.78532,0.78551,4.50,1.50
2011.12.29 03:23:38.573,0.78532,0.78551,4.50,1.50
2011.12.29 03:23:40.727,0.78532,0.78549,3.75,1.50
2011.12.29 03:23:41.369,0.7853,0.78548,2.25,2.25
2011.12.29 03:23:41.711,0.78528,0.78545,2.25,2.25
2011.12.29 03:23:46.812,0.78528,0.78545,2.25,2.25
2011.12.29 03:23:49.425,0.78528,0.78545,3.75,2.25
2011.12.29 03:23:49.555,0.7853,0.7855,2.25,3.00
2011.12.29 03:23:49.624,0.78532,0.7855,2.25,2.25
2011.12.29 03:23:49.934,0.78531,0.7855,1.50,2.25
2011.12.29 03:23:50.004,0.78533,0.78553,2.25,3.75
2011.12.29 03:23:50.252,0.78533,0.78553,1.50,3.00
2011.12.29 03:23:50.325,0.78531,0.78549,3.75,2.25
2011.12.29 03:23:50.826,0.78531,0.78549,3.00,1.50
2011.12.29 03:23:58.712,0.78531,0.78549,3.00,1.50
2011.12.29 03:24:03.630,0.78531,0.78549,3.00,2.25
2011.12.29 03:24:07.243,0.78532,0.78549,1.50,2.25
2011.12.29 03:24:15.212,0.78532,0.78549,1.50,1.50
2011.12.29 03:24:29.142,0.78532,0.78549,1.50,2.25
2011.12.29 03:24:29.624,0.78529,0.78547,2.25,3.00
2011.12.29 03:24:30.194,0.78529,0.78547,2.25,3.00
2011.12.29 03:24:31.140,0.78529,0.78547,3.00,3.00
2011.12.29 03:24:31.347,0.78532,0.7855,3.00,2.25
2011.12.29 03:24:31.422,0.78536,0.7855,1.50,1.50
2011.12.29 03:24:31.627,0.78533,0.78551,2.25,3.75
2011.12.29 03:24:31.697,0.78531,0.78548,1.50,1.50
2011.12.29 03:24:31.763,0.7853,0.78548,1.50,2.25
2011.12.29 03:24:32.083,0.78532,0.7855,4.50,2.25
2011.12.29 03:24:32.285,0.78532,0.78548,1.50,1.50
2011.12.29 03:24:32.886,0.78529,0.78547,2.25,2.25
2011.12.29 03:24:35.674,0.78532,0.78547,1.50,1.50
2011.12.29 03:24:35.746,0.78532,0.78552,3.00,2.25
2011.12.29 03:24:35.813,0.78536,0.78553,1.50,1.50
2011.12.29 03:24:36.014,0.78536,0.78554,1.50,2.25
2011.12.29 03:24:36.492,0.78536,0.78554,2.25,2.25
2011.12.29 03:24:37.242,0.78536,0.78554,2.25,2.25
2011.12.29 03:24:37.372,0.78535,0.78551,2.25,2.25
2011.12.29 03:24:37.885,0.78533,0.78551,2.25,2.25
2011.12.29 03:24:38.225,0.78537,0.78551,1.50,2.25
2011.12.29 03:24:38.355,0.78539,0.78555,1.50,2.25
2011.12.29 03:24:38.424,0.78543,0.7856,1.50,3.00
2011.12.29 03:24:38.745,0.78541,0.78558,3.00,1.50
2011.12.29 03:24:51.492,0.78541,0.78557,3.00,1.50
2011.12.29 03:24:51.768,0.78541,0.78556,2.25,1.50
2011.12.29 03:24:54.785,0.78541,0.78554,2.25,1.50
2011.12.29 03:24:54.924,0.78538,0.78553,3.75,1.50
2011.12.29 03:24:55.763,0.78538,0.78552,3.75,1.50
2011.12.29 03:24:56.106,0.78541,0.78556,2.25,2.25
2011.12.29 03:25:12.563,0.78542,0.78556,1.50,1.50
2011.12.29 03:25:12.634,0.78542,0.78558,1.50,1.50
2011.12.29 03:25:13.161,0.78541,0.78556,3.75,1.50
2011.12.29 03:25:14.736,0.78542,0.78558,1.50,1.50
2011.12.29 03:25:14.805,0.78542,0.78558,1.50,1.50
2011.12.29 03:25:30.302,0.78542,0.78559,1.50,1.50
2011.12.29 03:25:31.112,0.78541,0.78559,2.25,2.25
2011.12.29 03:25:31.728,0.78541,0.78558,1.50,1.50
2011.12.29 03:25:55.080,0.78543,0.78558,1.50,1.50
2011.12.29 03:25:59.042,0.78543,0.78557,1.50,1.88
2011.12.29 03:25:59.232,0.7854,0.78554,1.50,1.50
2011.12.29 03:26:20.684,0.7854,0.78554,1.50,1.50
2011.12.29 03:26:20.763,0.78537,0.78554,1.50,1.50
2011.12.29 03:26:20.839,0.78533,0.78553,5.25,2.25
2011.12.29 03:26:21.741,0.78533,0.78553,4.50,2.25
2011.12.29 03:26:22.384,0.78533,0.78553,6.00,2.25
2011.12.29 03:26:26.343,0.78533,0.78553,5.25,2.25
2011.12.29 03:26:26.971,0.78533,0.78553,6.00,2.25
2011.12.29 03:26:29.142,0.78533,0.78553,5.25,2.25
2011.12.29 03:26:29.574,0.78533,0.78551,4.50,1.50
2011.12.29 03:26:29.883,0.78531,0.78551,2.25,3.00
2011.12.29 03:26:30.628,0.78533,0.78551,1.50,1.50
2011.12.29 03:26:30.698,0.78533,0.78551,1.50,1.50
2011.12.29 03:26:31.006,0.78533,0.7855,1.50,2.25
2011.12.29 03:26:31.530,0.78532,0.7855,3.00,2.25
2011.12.29 03:26:31.863,0.78536,0.78556,1.50,3.00
2011.12.29 03:26:32.373,0.78535,0.78553,1.50,3.00
2011.12.29 03:26:32.682,0.78537,0.78555,1.50,2.25
2011.12.29 03:26:33.513,0.78534,0.78552,2.25,1.50
2011.12.29 03:26:34.017,0.78534,0.78554,2.25,2.25
2011.12.29 03:26:34.565,0.78537,0.78555,1.50,2.25
2011.12.29 03:26:35.053,0.78535,0.78553,1.50,3.00
2011.12.29 03:26:35.306,0.78537,0.78553,1.50,1.50
2011.12.29 03:26:35.994,0.78537,0.78553,1.50,2.25
2011.12.29 03:26:36.793,0.78537,0.78552,1.50,1.50
2011.12.29 03:26:37.390,0.78537,0.78555,2.25,2.25
2011.12.29 03:26:37.465,0.78537,0.78555,3.00,2.25
2011.12.29 03:26:39.056,0.78538,0.78555,1.50,2.25
2011.12.29 03:26:41.376,0.78537,0.78555,3.00,2.25
2011.12.29 03:26:41.516,0.78537,0.78553,2.25,1.50
2011.12.29 03:26:42.084,0.78535,0.78552,2.25,1.50
2011.12.29 03:26:42.646,0.78535,0.78552,2.25,1.50
2011.12.29 03:26:42.987,0.78535,0.78553,2.25,3.00
2011.12.29 03:26:48.499,0.78537,0.78553,2.25,1.50
2011.12.29 03:26:49.422,0.78537,0.78555,2.25,3.00
2011.12.29 03:26:49.566,0.7854,0.78556,1.50,2.25
2011.12.29 03:26:49.636,0.7854,0.78556,2.25,1.50
2011.12.29 03:26:49.835,0.78543,0.78559,1.50,2.25
2011.12.29 03:26:50.254,0.78539,0.78559,2.25,3.75
2011.12.29 03:26:50.574,0.78539,0.78559,2.25,3.00
2011.12.29 03:26:50.923,0.78542,0.78561,2.25,1.50
2011.12.29 03:26:51.386,0.78542,0.78559,2.25,1.50
2011.12.29 03:26:51.458,0.78541,0.78559,2.25,2.25
2011.12.29 03:26:51.704,0.78542,0.78561,2.25,2.25
2011.12.29 03:26:52.230,0.78542,0.78561,2.25,1.50
2011.12.29 03:26:52.690,0.78542,0.78559,2.25,1.50
2011.12.29 03:26:54.462,0.7854,0.78558,2.25,1.50
2011.12.29 03:26:54.982,0.7854,0.78557,2.25,1.50
2011.12.29 03:26:58.152,0.7854,0.78557,2.25,2.25
2011.12.29 03:26:58.792,0.7854,0.78557,2.25,2.25
2011.12.29 03:26:59.321,0.78538,0.78556,2.25,2.25
2011.12.29 03:26:59.724,0.78538,0.78556,2.25,3.00
2011.12.29 03:26:59.926,0.78535,0.78554,1.50,2.25
2011.12.29 03:27:00.126,0.78532,0.7855,2.25,1.50
2011.12.29 03:27:01.002,0.78534,0.78552,2.25,3.00
2011.12.29 03:27:01.262,0.78534,0.78552,2.25,3.00
2011.12.29 03:27:01.424,0.78534,0.78552,2.25,3.00
2011.12.29 03:27:07.732,0.78534,0.78552,2.25,1.50
2011.12.29 03:27:08.292,0.78536,0.78555,3.00,1.50
2011.12.29 03:27:10.456,0.78539,0.78556,1.50,1.50
2011.12.29 03:27:10.862,0.78541,0.78557,2.25,3.00
2011.12.29 03:27:11.588,0.78537,0.78557,2.25,3.00
2011.12.29 03:27:12.352,0.78537,0.78556,2.25,1.50
2011.12.29 03:27:17.870,0.78537,0.78556,2.25,2.25
2011.12.29 03:27:18.078,0.78535,0.78553,4.50,2.25
2011.12.29 03:27:18.262,0.78535,0.78553,1.50,2.25
2011.12.29 03:27:32.792,0.78535,0.78553,3.00,2.25
2011.12.29 03:27:32.864,0.78536,0.78555,2.25,1.50
2011.12.29 03:27:33.412,0.78539,0.78558,2.25,2.25
2011.12.29 03:27:34.722,0.78537,0.78557,2.25,2.25
2011.12.29 03:27:35.087,0.78534,0.78554,2.25,3.00
2011.12.29 03:27:35.827,0.78536,0.78554,1.50,2.25
2011.12.29 03:27:36.108,0.78538,0.78554,1.50,2.63
2011.12.29 03:27:36.445,0.78541,0.78556,3.00,1.50
2011.12.29 03:27:36.521,0.78541,0.78559,4.50,2.25
2011.12.29 03:27:36.600,0.78542,0.7856,2.25,2.25
2011.12.29 03:27:36.986,0.78542,0.78562,2.25,3.00
2011.12.29 03:27:37.127,0.78546,0.78562,1.50,1.50
2011.12.29 03:27:37.464,0.78546,0.78564,2.25,2.25
2011.12.29 03:27:37.595,0.78546,0.78564,2.25,1.50
2011.12.29 03:27:40.274,0.78546,0.78564,2.25,2.25
2011.12.29 03:27:40.907,0.78546,0.78564,2.25,1.50
2011.12.29 03:27:43.114,0.78548,0.78564,1.50,1.50
2011.12.29 03:27:43.383,0.78549,0.78568,3.75,2.25
2011.12.29 03:27:45.960,0.78549,0.78568,4.50,1.50
2011.12.29 03:27:46.162,0.78546,0.78566,3.75,2.25
2011.12.29 03:27:46.412,0.78544,0.78563,5.25,1.50
2011.12.29 03:27:46.604,0.78545,0.78565,2.25,2.25
2011.12.29 03:27:52.418,0.78547,0.78565,1.50,2.25
2011.12.29 03:27:53.186,0.78546,0.78565,1.50,2.25
2011.12.29 03:27:53.696,0.78547,0.78565,1.50,2.25
2011.12.29 03:27:54.248,0.78549,0.78567,3.75,2.25
2011.12.29 03:27:54.388,0.7855,0.78567,1.50,2.25
2011.12.29 03:28:00.191,0.78551,0.78569,3.00,1.13
2011.12.29 03:28:00.529,0.78556,0.78574,2.25,4.50
2011.12.29 03:28:00.985,0.78556,0.78574,3.00,1.50
2011.12.29 03:28:01.551,0.78557,0.78577,2.25,2.25
2011.12.29 03:28:02.051,0.78563,0.78577,1.50,1.50
2011.12.29 03:28:02.132,0.78564,0.78582,2.25,2.25
2011.12.29 03:28:03.754,0.78562,0.78581,1.50,2.25
2011.12.29 03:28:07.462,0.78562,0.7858,2.25,2.25
2011.12.29 03:28:09.449,0.7856,0.78577,3.00,2.25
2011.12.29 03:28:09.895,0.7856,0.78579,4.50,1.50
2011.12.29 03:28:09.967,0.7856,0.78579,4.50,1.50
2011.12.29 03:28:10.719,0.78559,0.78577,2.25,2.25
2011.12.29 03:28:12.826,0.78559,0.78577,2.25,2.25
2011.12.29 03:28:13.450,0.78559,0.78577,2.25,2.25
2011.12.29 03:28:15.587,0.78558,0.78574,1.50,1.50
2011.12.29 03:28:15.658,0.78556,0.78574,2.25,1.50
2011.12.29 03:28:16.474,0.78556,0.78574,2.25,2.25
2011.12.29 03:28:17.160,0.78556,0.78574,1.50,2.25
2011.12.29 03:28:18.566,0.78553,0.78571,2.25,2.25
2011.12.29 03:28:18.699,0.78553,0.78569,2.25,1.50
2011.12.29 03:28:19.856,0.78553,0.78567,1.50,1.50
2011.12.29 03:28:23.525,0.7855,0.78568,1.50,2.25
2011.12.29 03:28:26.646,0.78555,0.78568,1.50,2.25
2011.12.29 03:28:26.847,0.78558,0.78573,1.50,1.88
2011.12.29 03:28:27.118,0.78556,0.78571,2.25,1.50
2011.12.29 03:28:27.189,0.78552,0.7857,2.25,2.25
2011.12.29 03:28:27.568,0.78555,0.78572,1.50,1.13
2011.12.29 03:28:28.082,0.78555,0.78575,2.25,3.00
2011.12.29 03:28:38.591,0.78555,0.78575,2.25,3.00
2011.12.29 03:28:42.029,0.78555,0.78569,1.50,1.50
2011.12.29 03:28:42.572,0.78554,0.78569,1.50,2.25
2011.12.29 03:28:42.648,0.78552,0.78569,1.50,2.25
2011.12.29 03:28:50.592,0.7855,0.78569,4.50,2.25
2011.12.29 03:28:50.667,0.7855,0.78569,3.00,2.25
2011.12.29 03:28:51.275,0.78548,0.78566,1.50,2.25
2011.12.29 03:28:51.652,0.78547,0.78562,1.50,1.50
2011.12.29 03:28:52.152,0.78547,0.78562,1.50,1.50
2011.12.29 03:28:52.285,0.78547,0.78565,1.50,2.25
2011.12.29 03:28:53.015,0.78547,0.78565,1.50,2.25
2011.12.29 03:28:57.196,0.78548,0.78565,1.13,1.50
2011.12.29 03:29:00.831,0.78549,0.78563,1.50,1.50
2011.12.29 03:29:01.053,0.78542,0.78559,1.50,1.50
2011.12.29 03:29:03.388,0.78544,0.78559,1.50,1.50
2011.12.29 03:29:03.458,0.78546,0.78561,1.50,1.50
2011.12.29 03:29:03.585,0.78546,0.78564,3.75,2.63
2011.12.29 03:29:04.112,0.78547,0.78564,1.50,2.25
2011.12.29 03:29:04.699,0.78552,0.7857,1.50,2.25
2011.12.29 03:29:05.253,0.7855,0.78568,3.75,2.25
2011.12.29 03:29:05.720,0.78552,0.78568,1.50,2.25
2011.12.29 03:29:11.065,0.78553,0.78568,1.50,1.50
2011.12.29 03:29:11.255,0.78553,0.7857,1.50,1.50
2011.12.29 03:29:11.671,0.78556,0.7857,1.50,1.50
2011.12.29 03:29:11.808,0.78558,0.78574,1.50,2.25
2011.12.29 03:29:12.424,0.78558,0.78574,1.50,1.50
2011.12.29 03:29:13.788,0.78554,0.78571,1.88,1.50
2011.12.29 03:29:14.455,0.78554,0.78574,3.00,3.00
2011.12.29 03:29:14.597,0.78555,0.78574,1.13,2.25
2011.12.29 03:29:17.436,0.78561,0.78574,1.50,2.25
2011.12.29 03:29:17.568,0.78563,0.78577,1.50,1.50
2011.12.29 03:29:18.131,0.78563,0.78582,1.50,2.25
2011.12.29 03:29:37.936,0.78562,0.78578,4.50,1.50
2011.12.29 03:29:38.198,0.78559,0.78577,2.25,1.50
2011.12.29 03:29:38.675,0.78558,0.78575,1.50,1.50
2011.12.29 03:29:38.750,0.78558,0.78576,1.50,1.50
2011.12.29 03:29:39.086,0.78558,0.78574,1.50,1.50
2011.12.29 03:29:39.971,0.78556,0.78574,4.88,2.25
2011.12.29 03:29:40.240,0.78558,0.78574,1.50,1.50
2011.12.29 03:29:40.764,0.78558,0.78576,3.00,2.25
2011.12.29 03:29:43.849,0.78558,0.78575,3.00,1.50
2011.12.29 03:29:44.048,0.78556,0.78574,4.50,3.00
2011.12.29 03:29:44.585,0.78554,0.78571,3.75,1.50
2011.12.29 03:29:47.644,0.78555,0.78571,1.50,2.25
2011.12.29 03:29:48.273,0.78556,0.78571,1.50,2.25
2011.12.29 03:29:54.919,0.78554,0.78571,3.75,2.25
2011.12.29 03:29:55.259,0.78551,0.78567,1.50,1.50
2011.12.29 03:29:55.506,0.78551,0.78567,1.50,1.50
2011.12.29 03:29:56.224,0.7855,0.78567,1.50,2.25
2011.12.29 03:29:57.417,0.78549,0.78567,3.75,2.25
2011.12.29 03:29:57.677,0.78549,0.78567,2.25,3.00
2011.12.29 03:29:57.748,0.78549,0.78566,1.50,1.50
2011.12.29 03:29:57.818,0.78547,0.78565,4.50,2.25
2011.12.29 03:29:58.230,0.78547,0.78565,3.00,2.25
2011.12.29 03:29:58.302,0.78547,0.78565,3.00,2.25
2011.12.29 03:29:58.508,0.7855,0.78565,1.50,1.50
2011.12.29 03:29:59.019,0.7855,0.78567,1.50,2.25
2011.12.29 03:30:00.966,0.78549,0.78567,3.00,1.50
2011.12.29 03:30:01.530,0.78549,0.78567,3.75,2.25
2011.12.29 03:30:03.069,0.78551,0.78571,3.00,2.25
2011.12.29 03:30:03.198,0.78551,0.78571,3.75,2.25
2011.12.29 03:30:03.557,0.78559,0.78573,1.50,1.50
2011.12.29 03:30:04.054,0.78561,0.78579,1.50,2.25
2011.12.29 03:30:04.606,0.78561,0.78579,1.50,2.25
2011.12.29 03:30:08.957,0.78561,0.78579,1.50,2.25
2011.12.29 03:30:09.490,0.78559,0.78577,2.25,2.25
2011.12.29 03:30:09.616,0.78559,0.78577,1.50,2.25
2011.12.29 03:30:10.475,0.78559,0.78577,1.50,3.00
2011.12.29 03:30:13.184,0.78559,0.78577,1.50,2.25
2011.12.29 03:30:13.792,0.78559,0.78577,1.50,2.25
2011.12.29 03:30:18.387,0.78559,0.78577,3.00,2.25
2011.12.29 03:30:18.655,0.78563,0.7858,1.50,2.25
2011.12.29 03:30:19.311,0.78563,0.7858,1.50,1.50
2011.12.29 03:30:21.957,0.78563,0.7858,2.25,1.50
2011.12.29 03:30:22.149,0.78566,0.78581,2.25,1.50
2011.12.29 03:30:22.488,0.78569,0.78586,1.50,1.50
2011.12.29 03:30:22.561,0.78568,0.78586,1.50,3.00
2011.12.29 03:30:23.135,0.78568,0.78586,1.50,2.25
2011.12.29 03:30:23.647,0.78568,0.78585,1.50,1.13
2011.12.29 03:30:24.516,0.78568,0.78585,3.00,1.13
2011.12.29 03:30:24.921,0.78569,0.78588,2.25,1.50
2011.12.29 03:30:25.069,0.78567,0.78587,4.50,2.25
2011.12.29 03:30:25.208,0.78564,0.78584,2.63,2.25
2011.12.29 03:30:26.233,0.78564,0.78584,3.00,2.25
2011.12.29 03:30:26.802,0.78564,0.78584,3.00,2.25
2011.12.29 03:30:27.338,0.78567,0.78585,1.50,2.25
2011.12.29 03:30:28.800,0.78564,0.78584,1.50,3.38
2011.12.29 03:30:28.986,0.78564,0.78582,2.25,1.13
2011.12.29 03:30:29.056,0.78567,0.78585,1.50,6.00
2011.12.29 03:30:29.545,0.78564,0.78584,1.50,3.00
2011.12.29 03:30:29.745,0.78564,0.78584,1.50,3.00
2011.12.29 03:30:30.186,0.78562,0.7858,1.50,3.00
2011.12.29 03:30:30.513,0.78562,0.7858,1.50,3.38
2011.12.29 03:30:32.447,0.78559,0.78577,1.50,2.25
2011.12.29 03:30:33.217,0.78559,0.78577,1.50,2.25
2011.12.29 03:30:33.904,0.78559,0.78577,2.25,2.25
2011.12.29 03:30:38.588,0.78559,0.78576,1.50,1.50
2011.12.29 03:30:38.659,0.78555,0.78575,2.25,2.25
2011.12.29 03:30:38.922,0.78554,0.78572,1.50,2.25
2011.12.29 03:30:39.447,0.78555,0.78572,2.25,1.88
2011.12.29 03:30:39.862,0.78553,0.7857,1.50,1.88
2011.12.29 03:30:40.073,0.78553,0.7857,1.50,1.88
2011.12.29 03:30:40.149,0.78556,0.7857,1.50,1.88
2011.12.29 03:30:40.656,0.78556,0.78576,2.25,2.25
2011.12.29 03:30:42.357,0.78557,0.78576,1.50,2.25
2011.12.29 03:30:42.626,0.78561,0.78576,1.50,1.50
2011.12.29 03:30:42.846,0.78561,0.78579,3.00,2.25
2011.12.29 03:30:42.977,0.78564,0.78581,1.50,1.50
2011.12.29 03:30:43.320,0.78566,0.78582,4.50,1.13
2011.12.29 03:30:43.599,0.78569,0.78587,2.25,1.13
2011.12.29 03:30:43.796,0.78569,0.78588,2.25,1.88
2011.12.29 03:30:44.341,0.78569,0.78588,1.50,1.88
2011.12.29 03:30:45.603,0.78569,0.78588,1.50,1.50
2011.12.29 03:30:45.940,0.78568,0.78584,1.50,1.13
2011.12.29 03:30:46.259,0.78568,0.78582,1.50,1.13
2011.12.29 03:30:48.798,0.78564,0.78582,3.75,1.88
2011.12.29 03:30:48.998,0.78561,0.78578,2.25,1.50
2011.12.29 03:30:49.067,0.78561,0.78578,1.50,1.50
2011.12.29 03:30:49.438,0.78561,0.78578,1.50,1.50
2011.12.29 03:30:53.149,0.78561,0.78576,1.50,1.50
2011.12.29 03:30:56.785,0.78561,0.78576,1.50,1.50
2011.12.29 03:30:58.154,0.78561,0.78576,1.50,1.50
2011.12.29 03:30:59.928,0.78561,0.78576,1.50,1.50
2011.12.29 03:31:00.059,0.78563,0.78579,1.50,1.50
2011.12.29 03:31:00.771,0.78561,0.78579,1.50,1.50
2011.12.29 03:31:01.137,0.78561,0.78576,1.50,1.88
2011.12.29 03:31:01.211,0.78558,0.78576,1.50,1.88
2011.12.29 03:31:01.494,0.78561,0.78576,1.50,1.13
2011.12.29 03:31:01.888,0.78557,0.78577,1.50,2.25
2011.12.29 03:31:02.076,0.78559,0.78577,2.25,2.25
2011.12.29 03:31:02.598,0.78558,0.78577,2.25,2.25
2011.12.29 03:31:03.113,0.78559,0.78575,1.50,1.50
2011.12.29 03:31:04.186,0.78559,0.78577,1.50,2.25
2011.12.29 03:31:06.466,0.78559,0.78577,1.50,3.00
2011.12.29 03:31:06.596,0.78556,0.78574,1.88,2.25
2011.12.29 03:31:06.802,0.78558,0.78576,1.50,2.25
2011.12.29 03:31:07.020,0.78558,0.78573,1.50,1.50
2011.12.29 03:31:07.206,0.78556,0.78573,1.50,1.50
2011.12.29 03:31:07.958,0.78555,0.78575,2.25,3.00
2011.12.29 03:31:10.557,0.78555,0.78575,1.50,3.00
2011.12.29 03:31:14.826,0.78555,0.78575,3.00,2.25
2011.12.29 03:31:14.896,0.78556,0.78575,1.50,2.25
2011.12.29 03:31:15.026,0.78557,0.78575,1.50,2.25
2011.12.29 03:31:15.215,0.7856,0.78578,3.75,1.50
2011.12.29 03:31:15.569,0.7856,0.78577,2.25,3.00
2011.12.29 03:31:15.640,0.78557,0.78577,2.25,3.00
2011.12.29 03:31:15.777,0.78558,0.78577,1.50,2.25
2011.12.29 03:31:15.975,0.7856,0.78577,2.25,2.25
2011.12.29 03:31:16.610,0.78555,0.78575,3.75,2.25
2011.12.29 03:31:17.497,0.78557,0.78573,1.50,1.50
2011.12.29 03:31:17.825,0.78557,0.78573,1.50,1.50
2011.12.29 03:31:18.089,0.78553,0.78571,2.25,2.25
2011.12.29 03:31:29.625,0.78555,0.78573,1.50,3.00
2011.12.29 03:31:29.815,0.78555,0.78573,1.50,3.00
2011.12.29 03:31:30.620,0.78555,0.78573,2.25,3.00
2011.12.29 03:31:30.877,0.78557,0.78577,1.50,3.00
2011.12.29 03:31:36.576,0.7856,0.78577,1.50,1.50
2011.12.29 03:31:36.928,0.7856,0.78579,1.50,1.13
2011.12.29 03:31:40.827,0.78559,0.78577,1.50,3.00
2011.12.29 03:31:41.675,0.7856,0.7858,2.25,3.00
2011.12.29 03:31:42.308,0.7856,0.7858,2.25,3.00
2011.12.29 03:31:46.848,0.78559,0.78577,1.50,2.25
2011.12.29 03:31:47.177,0.78561,0.78579,1.50,2.25
2011.12.29 03:31:47.889,0.78561,0.78579,2.25,2.25
2011.12.29 03:31:48.302,0.78564,0.78582,1.50,3.00
2011.12.29 03:31:48.378,0.78564,0.78582,1.50,3.00
2011.12.29 03:31:48.506,0.78562,0.7858,4.50,2.25
2011.12.29 03:31:51.269,0.78562,0.7858,4.50,2.25
2011.12.29 03:31:56.735,0.78564,0.78582,1.50,3.00
2011.12.29 03:32:02.060,0.78564,0.78582,1.50,2.25
2011.12.29 03:32:02.186,0.78561,0.78581,1.50,2.63
2011.12.29 03:32:02.376,0.78564,0.78582,1.50,2.25
2011.12.29 03:32:02.638,0.78562,0.78581,1.50,2.63
2011.12.29 03:32:03.162,0.78561,0.78579,1.50,1.13
2011.12.29 03:32:04.736,0.78561,0.7858,2.25,1.13
2011.12.29 03:32:05.254,0.78561,0.7858,1.50,1.13
2011.12.29 03:32:08.535,0.78561,0.78581,3.00,2.63
2011.12.29 03:32:14.415,0.78565,0.78581,1.50,1.13
2011.12.29 03:32:17.161,0.78565,0.78581,2.25,1.13
2011.12.29 03:32:19.445,0.7856,0.78578,3.00,2.25
2011.12.29 03:32:19.724,0.7856,0.78574,2.25,1.50
2011.12.29 03:32:20.052,0.78554,0.78571,1.50,2.25
2011.12.29 03:32:20.398,0.78559,0.78577,1.50,2.25
2011.12.29 03:32:20.469,0.78559,0.78577,1.50,2.25
2011.12.29 03:32:21.733,0.78559,0.78577,1.50,2.25
2011.12.29 03:32:22.067,0.78555,0.78575,3.00,3.38
2011.12.29 03:32:22.196,0.78555,0.78575,3.00,3.38
2011.12.29 03:32:22.705,0.78555,0.78575,2.25,3.38
2011.12.29 03:32:24.966,0.78555,0.78571,2.25,1.50
2011.12.29 03:32:25.038,0.78551,0.78569,2.40,2.25
2011.12.29 03:32:25.109,0.7855,0.78566,3.90,1.50
2011.12.29 03:32:25.921,0.78549,0.78566,2.40,1.50
2011.12.29 03:32:28.455,0.78549,0.78566,2.40,1.50
2011.12.29 03:32:29.004,0.78549,0.78566,1.65,2.25
2011.12.29 03:32:32.967,0.78548,0.78566,1.65,2.25
2011.12.29 03:32:35.449,0.78548,0.78566,2.40,2.25
2011.12.29 03:32:35.976,0.78548,0.78566,3.15,2.25
2011.12.29 03:32:36.580,0.78549,0.78566,1.65,1.50
2011.12.29 03:32:43.465,0.78549,0.78566,1.65,2.25
2011.12.29 03:32:44.112,0.78549,0.78566,1.65,2.25
2011.12.29 03:32:45.414,0.78549,0.78566,1.65,2.25
2011.12.29 03:32:45.974,0.78549,0.78566,1.65,1.50
2011.12.29 03:32:51.296,0.78551,0.7857,1.65,3.00
2011.12.29 03:32:53.107,0.78551,0.78566,1.65,1.50
2011.12.29 03:32:59.105,0.78549,0.78566,1.65,2.25
2011.12.29 03:33:02.721,0.78549,0.78566,1.65,2.25
2011.12.29 03:33:04.814,0.78549,0.78566,1.65,2.25
2011.12.29 03:33:05.377,0.78556,0.78573,1.50,1.13
2011.12.29 03:33:05.657,0.78559,0.78578,1.50,2.25
2011.12.29 03:33:06.245,0.78561,0.7858,2.25,2.25
2011.12.29 03:33:19.035,0.7856,0.78579,3.00,1.50
2011.12.29 03:33:25.805,0.78561,0.7858,1.50,2.25
2011.12.29 03:33:26.679,0.78564,0.78581,1.50,1.50
2011.12.29 03:33:27.054,0.78567,0.78583,1.50,1.50
2011.12.29 03:33:27.130,0.78567,0.78584,1.50,1.50
2011.12.29 03:33:27.638,0.78565,0.78584,1.50,2.25
2011.12.29 03:33:29.906,0.78564,0.78581,2.25,1.50
2011.12.29 03:33:30.120,0.78559,0.78579,2.63,3.00
2011.12.29 03:33:30.256,0.78558,0.78575,1.50,2.25
2011.12.29 03:33:30.386,0.78558,0.78575,1.50,2.25
2011.12.29 03:33:35.734,0.78557,0.78575,4.50,2.25
2011.12.29 03:33:43.208,0.78557,0.78575,2.25,2.25
2011.12.29 03:33:43.515,0.78557,0.78575,4.50,3.00
2011.12.29 03:33:46.796,0.78557,0.78573,3.75,1.50
2011.12.29 03:33:47.987,0.78557,0.78572,1.50,1.88
2011.12.29 03:33:48.067,0.78554,0.78572,1.50,4.13
2011.12.29 03:33:49.049,0.78554,0.78572,2.25,3.00
2011.12.29 03:33:52.165,0.78554,0.78572,2.25,2.25
2011.12.29 03:33:52.725,0.78556,0.78576,3.75,3.75
2011.12.29 03:34:04.254,0.78556,0.78576,4.50,3.00
2011.12.29 03:34:15.534,0.78556,0.78576,4.50,1.50
2011.12.29 03:34:15.856,0.7856,0.78578,1.50,3.00
2011.12.29 03:34:16.298,0.78557,0.78575,2.25,2.25
2011.12.29 03:34:34.910,0.78557,0.78575,2.25,2.25
2011.12.29 03:34:35.396,0.78557,0.78574,2.25,1.13
2011.12.29 03:34:35.915,0.78557,0.78575,5.25,2.25
2011.12.29 03:34:44.968,0.78557,0.78575,5.25,2.25
2011.12.29 03:35:03.398,0.78557,0.78575,5.25,2.25
2011.12.29 03:35:03.946,0.7856,0.78578,1.50,2.25
2011.12.29 03:35:04.018,0.7856,0.78578,2.25,2.25
2011.12.29 03:35:04.275,0.7856,0.78578,5.25,2.25
2011.12.29 03:35:04.346,0.78561,0.78578,1.50,2.25
2011.12.29 03:35:15.697,0.78562,0.78579,1.50,1.50
2011.12.29 03:35:16.103,0.78559,0.78576,1.50,1.50
2011.12.29 03:35:16.178,0.78556,0.78573,3.00,2.25
2011.12.29 03:35:16.546,0.78555,0.78573,1.50,2.25
2011.12.29 03:35:16.854,0.78557,0.78576,2.25,1.88
2011.12.29 03:35:17.398,0.78558,0.78576,2.25,1.88
2011.12.29 03:35:17.468,0.78558,0.78576,2.25,1.88
2011.12.29 03:35:17.660,0.78559,0.78576,1.50,1.50
2011.12.29 03:35:17.727,0.78561,0.78576,2.25,1.50
2011.12.29 03:35:18.269,0.78561,0.78578,2.25,1.50
2011.12.29 03:35:18.336,0.78561,0.78578,2.25,1.50
2011.12.29 03:35:21.669,0.78561,0.78579,2.25,2.25
2011.12.29 03:35:22.529,0.78561,0.78576,2.25,1.50
2011.12.29 03:35:22.717,0.78557,0.78574,1.50,1.50
2011.12.29 03:35:22.859,0.78557,0.78574,2.25,1.50
2011.12.29 03:35:23.069,0.78558,0.78575,3.00,2.25
2011.12.29 03:35:23.466,0.7856,0.78578,2.25,2.25
2011.12.29 03:35:23.775,0.78561,0.78578,3.00,2.25
2011.12.29 03:35:24.311,0.78561,0.78578,3.00,2.25
2011.12.29 03:35:28.366,0.78561,0.78578,3.00,2.25
2011.12.29 03:36:00.298,0.78561,0.78578,3.00,2.25
2011.12.29 03:36:00.426,0.7856,0.78578,4.50,2.25
2011.12.29 03:36:00.965,0.7856,0.78578,5.25,2.25
2011.12.29 03:36:10.724,0.7856,0.78578,5.25,2.25
2011.12.29 03:36:15.688,0.7856,0.78578,3.00,2.25
2011.12.29 03:36:26.304,0.7856,0.7858,1.50,1.88
2011.12.29 03:36:34.115,0.78558,0.78579,3.75,1.13
2011.12.29 03:36:40.468,0.78562,0.78582,2.25,1.88
2011.12.29 03:36:44.256,0.78562,0.78582,3.00,1.88
2011.12.29 03:36:45.588,0.78562,0.78578,2.25,1.50
2011.12.29 03:36:45.838,0.78559,0.78575,1.50,1.50
2011.12.29 03:37:45.704,0.78559,0.7858,2.25,2.25
2011.12.29 03:37:48.595,0.78559,0.78579,3.00,1.50
2011.12.29 03:37:49.145,0.78559,0.78579,3.00,1.50
2011.12.29 03:37:52.654,0.78559,0.78579,3.00,1.50
2011.12.29 03:37:52.964,0.78559,0.78579,3.00,1.50
2011.12.29 03:37:53.304,0.78559,0.78579,3.00,1.50
2011.12.29 03:37:53.494,0.78559,0.78579,3.00,1.50
2011.12.29 03:38:01.687,0.78559,0.78579,4.50,1.50
2011.12.29 03:38:01.924,0.78559,0.78579,3.75,1.50
2011.12.29 03:38:17.677,0.7856,0.78579,1.50,1.50
2011.12.29 03:38:20.935,0.78559,0.78579,2.25,2.25
2011.12.29 03:38:21.012,0.78559,0.78582,3.75,3.00
2011.12.29 03:38:21.269,0.78562,0.78579,3.00,2.25
2011.12.29 03:38:35.625,0.78561,0.78579,3.00,2.25
2011.12.29 03:38:39.787,0.78561,0.78576,3.75,1.50
2011.12.29 03:38:39.917,0.78561,0.78579,3.75,2.25
2011.12.29 03:38:39.986,0.78561,0.78579,3.75,2.25
2011.12.29 03:38:48.094,0.78561,0.78579,4.50,2.25
2011.12.29 03:38:48.657,0.78559,0.78579,3.00,2.25
2011.12.29 03:39:03.038,0.7856,0.78579,1.50,2.25
2011.12.29 03:39:04.048,0.7856,0.78579,1.50,1.50
2011.12.29 03:39:04.555,0.78561,0.78579,3.00,1.50
2011.12.29 03:39:37.975,0.78561,0.78579,3.00,2.25
2011.12.29 03:39:38.236,0.7856,0.78579,1.50,3.00
2011.12.29 03:39:42.714,0.7856,0.78579,1.50,2.25
2011.12.29 03:39:43.234,0.78559,0.78578,1.50,1.50
2011.12.29 03:39:49.819,0.78559,0.78579,1.50,2.25
2011.12.29 03:39:52.744,0.78559,0.78579,1.50,1.50
2011.12.29 03:39:54.045,0.78559,0.78579,2.25,1.50
2011.12.29 03:39:59.178,0.7856,0.78581,1.50,2.25
2011.12.29 03:40:09.687,0.78559,0.78579,2.25,1.50
2011.12.29 03:40:10.191,0.78559,0.78581,2.25,3.00
2011.12.29 03:40:26.123,0.78559,0.7858,1.50,1.50
2011.12.29 03:40:26.538,0.78559,0.78577,1.50,1.50
2011.12.29 03:40:29.937,0.78559,0.78576,4.50,1.50
2011.12.29 03:40:30.249,0.78557,0.78568,1.50,1.50
2011.12.29 03:40:30.318,0.78555,0.78568,2.25,1.50
2011.12.29 03:40:30.446,0.78553,0.78568,1.50,1.50
2011.12.29 03:40:30.576,0.78553,0.78565,1.50,1.50
2011.12.29 03:40:31.327,0.78552,0.78565,1.50,1.50
2011.12.29 03:40:33.977,0.78551,0.78563,3.75,1.50
2011.12.29 03:40:34.057,0.7855,0.78563,1.50,1.50
2011.12.29 03:40:36.126,0.78549,0.78563,2.25,1.50
2011.12.29 03:40:36.686,0.78549,0.78563,1.50,2.25
2011.12.29 03:40:37.226,0.78549,0.78563,2.25,2.25
2011.12.29 03:40:37.742,0.78548,0.78561,1.50,1.50
2011.12.29 03:40:38.269,0.78548,0.78563,1.50,2.25
2011.12.29 03:40:55.959,0.78548,0.7856,1.50,1.50
2011.12.29 03:40:56.091,0.78544,0.78558,1.50,1.50
2011.12.29 03:40:56.164,0.78542,0.78558,2.25,1.50
2011.12.29 03:40:56.241,0.7854,0.78554,3.00,1.50
2011.12.29 03:40:56.434,0.78537,0.78552,2.10,1.50
2011.12.29 03:40:57.541,0.78539,0.78553,1.50,2.25
2011.12.29 03:41:00.690,0.78541,0.78553,1.50,2.25
2011.12.29 03:41:00.888,0.78542,0.78556,3.00,2.25
2011.12.29 03:41:02.262,0.78543,0.78556,1.50,1.50
2011.12.29 03:41:02.836,0.78543,0.78556,1.50,1.50
2011.12.29 03:41:03.087,0.78541,0.78554,1.50,1.50
2011.12.29 03:41:03.674,0.7854,0.78554,3.75,1.50
2011.12.29 03:41:06.285,0.7854,0.78554,3.75,1.50
2011.12.29 03:41:06.881,0.7854,0.78554,3.75,1.50
2011.12.29 03:41:09.016,0.7854,0.78554,3.75,1.50
2011.12.29 03:41:09.207,0.78543,0.78557,2.25,1.50
2011.12.29 03:41:09.716,0.78544,0.78557,1.50,1.50
2011.12.29 03:41:10.236,0.78544,0.78557,1.50,1.50
2011.12.29 03:41:10.519,0.78543,0.78557,2.25,1.50
2011.12.29 03:41:13.687,0.78544,0.78557,3.00,1.50
2011.12.29 03:41:13.757,0.78545,0.78559,1.50,1.50
2011.12.29 03:41:14.260,0.78545,0.78559,2.25,1.50
2011.12.29 03:41:15.957,0.78544,0.78558,3.75,1.50
2011.12.29 03:41:16.028,0.78544,0.78558,3.75,1.50
2011.12.29 03:41:16.627,0.78542,0.78558,6.75,2.25
2011.12.29 03:41:23.486,0.78543,0.78558,1.50,1.50
2011.12.29 03:41:30.809,0.78542,0.7855,2.25,1.50
2011.12.29 03:41:30.951,0.78539,0.7855,1.50,1.50
2011.12.29 03:41:31.223,0.78537,0.7855,3.00,1.50
2011.12.29 03:41:31.495,0.78538,0.78552,2.25,1.50
2011.12.29 03:41:31.819,0.7854,0.78556,1.50,2.25
2011.12.29 03:41:32.145,0.78541,0.78556,1.50,2.25
2011.12.29 03:41:32.360,0.78543,0.78559,3.00,2.25
2011.12.29 03:41:32.493,0.78545,0.78559,1.50,2.25
2011.12.29 03:41:36.998,0.78545,0.78559,3.00,1.50
2011.12.29 03:41:37.206,0.78543,0.78559,3.00,2.25
2011.12.29 03:41:37.336,0.78543,0.78555,1.50,1.50
2011.12.29 03:41:37.588,0.78544,0.78558,1.50,1.50
2011.12.29 03:41:37.729,0.78544,0.78557,1.50,1.50
2011.12.29 03:41:37.799,0.78542,0.78555,2.25,2.25
2011.12.29 03:41:37.869,0.78537,0.78551,2.25,1.50
2011.12.29 03:41:38.137,0.78538,0.78554,2.25,2.25
2011.12.29 03:41:38.589,0.78542,0.78556,1.50,2.25
2011.12.29 03:41:38.662,0.78542,0.78556,1.50,2.25
2011.12.29 03:41:39.136,0.7854,0.78554,2.25,1.50
2011.12.29 03:41:44.176,0.78541,0.78557,1.50,2.25
2011.12.29 03:41:44.595,0.78539,0.78555,3.75,1.50
2011.12.29 03:41:44.666,0.78539,0.78555,3.00,1.50
2011.12.29 03:41:57.568,0.78539,0.78555,2.25,2.25
2011.12.29 03:42:02.296,0.78539,0.78555,1.50,2.25
2011.12.29 03:42:02.618,0.78537,0.78551,3.00,1.50
2011.12.29 03:42:04.248,0.78537,0.78551,1.50,2.25
2011.12.29 03:42:04.797,0.78537,0.78551,1.50,1.50
2011.12.29 03:42:05.446,0.78537,0.78551,1.50,2.25
2011.12.29 03:42:08.852,0.78534,0.78548,2.25,1.50
2011.12.29 03:42:09.110,0.78531,0.78545,2.25,1.50
2011.12.29 03:42:09.441,0.78533,0.78547,1.50,1.50
2011.12.29 03:42:09.834,0.78535,0.78551,2.25,2.25
2011.12.29 03:42:10.183,0.78535,0.78551,3.60,1.50
2011.12.29 03:42:13.729,0.78535,0.78551,1.50,3.00
2011.12.29 03:42:13.797,0.78534,0.78548,3.00,1.50
2011.12.29 03:42:14.132,0.78528,0.78544,3.60,1.50
2011.12.29 03:42:14.199,0.78528,0.78544,4.35,1.50
2011.12.29 03:42:15.276,0.78529,0.78544,1.50,1.50
2011.12.29 03:42:19.288,0.78529,0.78544,1.50,1.50
2011.12.29 03:42:19.807,0.78528,0.78544,3.00,1.50
2011.12.29 03:42:20.148,0.78532,0.78546,2.25,2.25
2011.12.29 03:42:20.496,0.78533,0.78546,2.25,1.50
2011.12.29 03:42:20.868,0.78534,0.7855,2.25,1.50
2011.12.29 03:42:36.037,0.78534,0.7855,3.00,2.25
2011.12.29 03:42:38.035,0.78534,0.7855,3.00,1.50
2011.12.29 03:42:51.238,0.78538,0.78552,1.50,2.25
2011.12.29 03:42:51.590,0.7854,0.78556,1.50,2.25
2011.12.29 03:42:51.928,0.7854,0.78556,2.25,1.50
2011.12.29 03:42:59.877,0.7854,0.78556,2.25,2.25
2011.12.29 03:43:05.359,0.7854,0.78556,2.25,3.00
2011.12.29 03:43:05.688,0.78537,0.78551,2.25,1.50
2011.12.29 03:43:06.997,0.78538,0.78554,2.25,2.25
2011.12.29 03:43:17.226,0.78538,0.78554,1.50,2.25
2011.12.29 03:43:17.477,0.78538,0.78554,2.25,1.50
2011.12.29 03:43:22.013,0.78538,0.78554,3.75,2.25
2011.12.29 03:43:22.090,0.78538,0.7855,2.25,1.50
2011.12.29 03:43:22.162,0.78533,0.78549,5.25,1.50
2011.12.29 03:43:22.230,0.78533,0.78549,4.50,2.25
2011.12.29 03:43:22.507,0.78536,0.7855,1.50,2.25
2011.12.29 03:43:23.098,0.78539,0.78553,1.50,2.25
2011.12.29 03:43:23.166,0.78539,0.78553,1.50,2.25
2011.12.29 03:43:23.357,0.78539,0.78553,1.50,1.50
2011.12.29 03:43:23.897,0.78539,0.78553,1.50,2.25
2011.12.29 03:43:23.967,0.78537,0.78551,2.25,1.50
2011.12.29 03:43:53.953,0.78537,0.78551,2.25,2.25
2011.12.29 03:43:54.020,0.78539,0.78553,2.25,2.25
2011.12.29 03:43:54.669,0.78539,0.78553,2.25,1.50
2011.12.29 03:43:55.228,0.78539,0.78553,1.50,1.50
2011.12.29 03:44:00.220,0.78536,0.78552,3.00,1.50
2011.12.29 03:44:00.828,0.78536,0.78552,1.50,2.25
2011.12.29 03:44:04.148,0.78536,0.78552,3.00,1.50
2011.12.29 03:44:04.610,0.78539,0.78552,1.50,1.50
2011.12.29 03:44:04.752,0.78539,0.78552,1.50,1.50
2011.12.29 03:44:05.116,0.78542,0.78556,1.50,1.50
2011.12.29 03:44:05.190,0.78539,0.78555,2.25,1.50
2011.12.29 03:44:09.177,0.78539,0.78555,3.00,1.50
2011.12.29 03:44:09.508,0.78541,0.78557,2.25,2.25
2011.12.29 03:44:15.756,0.78542,0.78557,1.50,1.50
2011.12.29 03:44:15.946,0.78544,0.7856,1.50,2.25
2011.12.29 03:44:16.447,0.78543,0.78558,1.50,1.50
2011.12.29 03:44:26.221,0.78542,0.78558,3.00,1.50
2011.12.29 03:44:26.766,0.78542,0.78558,3.00,2.25
2011.12.29 03:44:27.717,0.78542,0.78558,2.25,2.25
2011.12.29 03:44:28.256,0.78541,0.78555,1.50,1.50
2011.12.29 03:44:31.746,0.78542,0.78555,1.50,1.50
2011.12.29 03:44:31.881,0.78544,0.7856,1.50,2.25
2011.12.29 03:44:32.253,0.78544,0.7856,1.50,2.25
2011.12.29 03:44:32.987,0.78544,0.7856,3.00,1.50
2011.12.29 03:44:33.510,0.78544,0.7856,2.25,1.50
2011.12.29 03:44:33.757,0.78544,0.7856,2.25,1.50
2011.12.29 03:44:34.319,0.78544,0.7856,2.25,2.25
2011.12.29 03:44:34.461,0.78544,0.78559,1.50,1.50
2011.12.29 03:44:34.714,0.78536,0.78552,2.25,1.50
2011.12.29 03:44:35.628,0.78534,0.78549,2.25,1.50
2011.12.29 03:44:39.855,0.78536,0.7855,2.25,1.50
2011.12.29 03:44:44.197,0.78534,0.78548,3.00,1.50
2011.12.29 03:44:44.552,0.78534,0.78548,2.25,1.50
2011.12.29 03:44:44.690,0.78531,0.78546,1.50,1.50
2011.12.29 03:44:44.831,0.78529,0.78543,1.50,1.50
2011.12.29 03:44:45.219,0.78525,0.78539,3.75,1.50
2011.12.29 03:44:45.289,0.78527,0.78541,2.25,1.50
2011.12.29 03:44:45.704,0.78525,0.78539,2.25,1.50
2011.12.29 03:44:46.052,0.78522,0.78537,1.50,1.50
2011.12.29 03:44:46.571,0.78521,0.78537,2.25,2.25
2011.12.29 03:44:48.189,0.78524,0.78538,1.50,2.25
2011.12.29 03:44:48.697,0.78524,0.78538,1.50,2.25
2011.12.29 03:44:51.767,0.78527,0.78541,1.50,4.50
2011.12.29 03:44:51.839,0.78527,0.78541,1.50,4.50
2011.12.29 03:44:55.178,0.78524,0.78538,1.50,1.50
2011.12.29 03:44:56.109,0.78524,0.78538,3.00,1.50
2011.12.29 03:44:56.368,0.78527,0.78541,1.50,1.50
2011.12.29 03:45:04.728,0.78527,0.78541,1.50,2.25
2011.12.29 03:45:07.145,0.78524,0.7854,2.25,2.25
2011.12.29 03:45:11.299,0.78526,0.78542,1.50,2.25
2011.12.29 03:45:14.366,0.78526,0.78542,2.25,2.25
2011.12.29 03:45:14.694,0.78529,0.78545,2.25,1.50
2011.12.29 03:45:14.769,0.78532,0.78548,1.50,2.25
2011.12.29 03:45:15.284,0.78532,0.78548,1.50,2.25
2011.12.29 03:45:16.813,0.7853,0.78546,3.00,1.50
2011.12.29 03:45:17.327,0.7853,0.78546,1.50,2.25
2011.12.29 03:45:20.105,0.7853,0.78546,2.25,2.25
2011.12.29 03:45:22.018,0.7853,0.78546,2.25,2.25
2011.12.29 03:45:22.359,0.78533,0.78547,1.50,2.25
2011.12.29 03:45:24.214,0.78531,0.78546,1.50,3.00
2011.12.29 03:45:24.545,0.7853,0.78545,1.50,3.00
2011.12.29 03:45:26.379,0.78528,0.78542,1.50,1.50
2011.12.29 03:45:32.156,0.7853,0.78544,1.50,1.50
2011.12.29 03:45:41.802,0.7853,0.78544,1.50,2.25
2011.12.29 03:45:42.372,0.7853,0.78544,1.50,1.50
2011.12.29 03:45:48.547,0.78527,0.78543,2.25,1.50
2011.12.29 03:45:48.801,0.78527,0.78542,1.50,1.50
2011.12.29 03:45:49.417,0.78525,0.78539,3.00,1.50
2011.12.29 03:45:49.487,0.78526,0.78542,2.25,4.50
2011.12.29 03:45:49.949,0.78525,0.78539,3.00,1.50
2011.12.29 03:45:50.534,0.78525,0.78539,3.00,1.50
2011.12.29 03:46:05.059,0.78527,0.78541,1.50,2.25
2011.12.29 03:46:05.652,0.78527,0.78541,1.50,1.50
2011.12.29 03:46:13.866,0.78525,0.78539,1.50,1.50
2011.12.29 03:46:15.018,0.78525,0.78539,2.25,1.50
2011.12.29 03:46:18.265,0.78525,0.78539,2.25,1.50
2011.12.29 03:46:48.386,0.78525,0.78538,2.25,1.50
2011.12.29 03:46:48.919,0.78522,0.78536,3.00,1.50
2011.12.29 03:47:02.258,0.78522,0.78536,2.25,2.25
2011.12.29 03:47:02.809,0.78518,0.78534,3.00,1.50
2011.12.29 03:47:03.959,0.78518,0.78534,3.00,2.25
2011.12.29 03:47:04.387,0.78518,0.78532,3.00,1.50
2011.12.29 03:47:06.327,0.78518,0.78532,3.00,3.00
2011.12.29 03:47:06.850,0.78518,0.7853,1.50,1.50
2011.12.29 03:47:24.933,0.78517,0.7853,2.25,2.25
2011.12.29 03:47:25.011,0.78517,0.7853,1.50,2.25
2011.12.29 03:47:25.219,0.78517,0.78529,1.50,2.25
2011.12.29 03:47:25.495,0.78509,0.78525,2.25,2.25
2011.12.29 03:47:25.575,0.78511,0.78526,1.50,2.25
2011.12.29 03:47:26.059,0.78515,0.78526,1.50,1.50
2011.12.29 03:47:32.264,0.78512,0.78528,1.50,3.00
2011.12.29 03:47:38.651,0.78509,0.78525,1.50,1.50
2011.12.29 03:47:38.726,0.78506,0.78522,2.25,2.25
2011.12.29 03:47:39.081,0.78504,0.78519,3.00,1.50
2011.12.29 03:47:39.277,0.78503,0.78519,1.50,1.50
2011.12.29 03:47:42.436,0.78505,0.7852,1.50,1.50
2011.12.29 03:47:49.363,0.78505,0.78521,2.25,2.25
2011.12.29 03:47:49.687,0.78509,0.78523,1.50,2.25
2011.12.29 03:47:54.276,0.78507,0.78521,2.25,2.25
2011.12.29 03:48:03.648,0.78507,0.78521,1.50,2.25
2011.12.29 03:48:05.798,0.78503,0.78519,4.50,1.50
2011.12.29 03:48:06.204,0.78501,0.78515,2.25,1.50
2011.12.29 03:48:06.707,0.78502,0.78518,1.50,2.25
2011.12.29 03:48:08.072,0.78499,0.78513,1.50,1.50
2011.12.29 03:48:08.267,0.785,0.78516,2.25,2.25
2011.12.29 03:48:08.801,0.785,0.78516,3.00,2.25
2011.12.29 03:48:13.556,0.78501,0.78515,2.25,2.25
2011.12.29 03:48:14.789,0.78502,0.78515,1.50,2.25
2011.12.29 03:48:17.188,0.78506,0.7852,1.50,2.25
2011.12.29 03:48:17.628,0.78509,0.78522,1.50,1.50
2011.12.29 03:48:17.702,0.78509,0.78522,1.50,1.50
2011.12.29 03:48:18.148,0.78509,0.78523,1.50,2.25
2011.12.29 03:48:19.409,0.78509,0.78523,1.50,1.50
2011.12.29 03:48:19.599,0.78512,0.78526,1.50,2.25
2011.12.29 03:48:19.917,0.78512,0.78526,1.50,2.25
2011.12.29 03:48:20.906,0.78512,0.78526,1.50,3.00
2011.12.29 03:48:21.577,0.7851,0.78524,1.50,2.25
2011.12.29 03:48:21.708,0.7851,0.78524,1.50,2.25
2011.12.29 03:48:22.197,0.78507,0.78521,1.50,1.50
2011.12.29 03:48:22.487,0.78504,0.78519,1.50,1.50
2011.12.29 03:48:23.008,0.78504,0.78519,1.50,2.25
2011.12.29 03:48:23.337,0.78506,0.7852,1.50,2.25
2011.12.29 03:48:24.622,0.78506,0.78519,1.50,2.25
2011.12.29 03:48:25.276,0.78497,0.78511,2.25,1.50
2011.12.29 03:48:26.300,0.78497,0.78511,2.25,1.50
2011.12.29 03:48:27.608,0.78501,0.78515,1.50,3.00
2011.12.29 03:48:28.161,0.78501,0.78515,1.50,1.50
2011.12.29 03:48:31.246,0.78501,0.78515,1.50,2.25
2011.12.29 03:48:31.780,0.78501,0.78515,1.50,1.50
2011.12.29 03:48:32.137,0.78499,0.78511,1.50,1.50
2011.12.29 03:48:36.272,0.785,0.78514,1.50,2.25
2011.12.29 03:48:37.036,0.785,0.78514,2.25,1.50
2011.12.29 03:48:37.557,0.785,0.78514,2.25,1.50
2011.12.29 03:48:38.077,0.785,0.78514,2.25,1.50
2011.12.29 03:48:38.590,0.785,0.78514,2.25,1.50
2011.12.29 03:48:39.053,0.78501,0.78514,2.25,1.50
2011.12.29 03:48:39.201,0.78503,0.78519,2.25,2.25
2011.12.29 03:48:39.708,0.78503,0.78519,2.25,2.25
2011.12.29 03:48:40.597,0.78503,0.78519,2.25,2.25
2011.12.29 03:48:42.238,0.78503,0.78519,1.50,2.25
2011.12.29 03:48:42.430,0.78499,0.78515,3.00,1.50
2011.12.29 03:48:42.750,0.78499,0.78513,1.50,1.50
2011.12.29 03:48:43.454,0.785,0.78514,3.00,1.50
2011.12.29 03:48:47.760,0.78497,0.78513,2.25,1.50
2011.12.29 03:48:47.899,0.78497,0.78513,2.25,1.50
2011.12.29 03:48:52.480,0.785,0.78513,1.50,1.50
2011.12.29 03:48:52.619,0.78502,0.78516,2.25,3.00
2011.12.29 03:48:52.692,0.78506,0.7852,1.50,2.25
2011.12.29 03:48:52.761,0.78506,0.7852,1.50,2.25
2011.12.29 03:48:54.729,0.78506,0.7852,3.00,2.25
2011.12.29 03:48:56.121,0.78506,0.7852,1.50,2.25
2011.12.29 03:48:56.632,0.78503,0.78517,2.25,2.25
2011.12.29 03:49:08.590,0.78502,0.78515,1.50,1.50
2011.12.29 03:49:09.149,0.78501,0.78515,1.50,2.25
2011.12.29 03:49:14.878,0.78501,0.78515,1.50,3.75
2011.12.29 03:49:15.023,0.78497,0.78513,2.25,1.50
2011.12.29 03:49:15.095,0.78494,0.7851,3.00,1.50
2011.12.29 03:49:15.169,0.78494,0.7851,2.25,2.25
2011.12.29 03:49:16.277,0.78494,0.7851,2.25,2.25
2011.12.29 03:49:20.178,0.78494,0.7851,2.25,1.50
2011.12.29 03:49:20.254,0.78497,0.78513,2.25,1.50
2011.12.29 03:49:30.204,0.78497,0.78512,2.25,1.50
2011.12.29 03:49:30.278,0.78497,0.78511,2.25,1.50
2011.12.29 03:49:30.610,0.78491,0.78505,2.12,1.50
2011.12.29 03:49:31.121,0.78491,0.78505,2.12,1.50
2011.12.29 03:49:31.604,0.78492,0.78508,2.25,1.88
2011.12.29 03:49:32.139,0.78492,0.78508,2.25,1.50
2011.12.29 03:49:32.600,0.78493,0.78508,1.50,1.50
2011.12.29 03:49:33.118,0.78492,0.78508,4.37,1.50
2011.12.29 03:49:33.730,0.78497,0.78511,2.25,1.50
2011.12.29 03:49:34.337,0.78495,0.78509,2.25,1.50
2011.12.29 03:49:35.645,0.78492,0.78507,2.12,1.50
2011.12.29 03:49:36.000,0.78492,0.78503,2.12,1.50
2011.12.29 03:49:36.068,0.78492,0.78506,2.12,1.50
2011.12.29 03:49:36.137,0.78492,0.78506,2.12,1.50
2011.12.29 03:49:36.518,0.7849,0.78506,1.65,2.25
2011.12.29 03:49:37.103,0.7849,0.78506,1.65,2.25
2011.12.29 03:49:37.971,0.78494,0.78508,1.50,2.25
2011.12.29 03:49:38.450,0.78497,0.7851,1.50,1.13
2011.12.29 03:49:38.520,0.78497,0.78511,1.50,2.25
2011.12.29 03:49:41.146,0.78498,0.78512,1.50,2.25
2011.12.29 03:49:43.399,0.78498,0.78512,1.50,2.25
2011.12.29 03:49:44.987,0.78498,0.78512,2.25,2.25
2011.12.29 03:49:45.487,0.78498,0.78512,1.50,2.25
2011.12.29 03:50:13.926,0.78499,0.78515,1.50,3.00
2011.12.29 03:50:19.758,0.78499,0.78515,1.50,3.00
2011.12.29 03:50:19.967,0.78497,0.78513,1.50,2.25
2011.12.29 03:50:22.757,0.78497,0.78513,2.25,1.50
2011.12.29 03:50:23.109,0.785,0.78514,1.50,2.25
2011.12.29 03:50:24.122,0.78502,0.78518,1.50,2.25
2011.12.29 03:50:24.249,0.78502,0.78518,1.50,2.25
2011.12.29 03:50:24.521,0.78501,0.78515,1.50,1.50
2011.12.29 03:50:26.789,0.78501,0.78515,1.50,2.25
2011.12.29 03:50:31.088,0.78501,0.78515,1.50,1.50
2011.12.29 03:50:31.733,0.785,0.78514,1.50,1.50
2011.12.29 03:50:32.367,0.785,0.78514,1.50,2.25
2011.12.29 03:50:40.922,0.785,0.78514,2.25,1.50
2011.12.29 03:50:41.060,0.78503,0.78517,1.50,1.50
2011.12.29 03:50:41.129,0.78505,0.7852,1.50,1.50
2011.12.29 03:50:41.268,0.78505,0.78519,1.50,1.50
2011.12.29 03:50:41.458,0.785,0.78516,2.25,2.25
2011.12.29 03:50:42.452,0.78498,0.78512,2.25,1.50
2011.12.29 03:50:42.590,0.78498,0.78512,1.50,1.50
2011.12.29 03:50:43.316,0.78493,0.78507,1.50,1.50
2011.12.29 03:50:43.655,0.7849,0.78504,1.65,1.50
2011.12.29 03:50:43.980,0.78488,0.78504,3.15,2.25
2011.12.29 03:50:44.168,0.78488,0.78504,2.40,2.25
2011.12.29 03:50:44.863,0.78488,0.78504,2.40,2.25
2011.12.29 03:50:45.441,0.78488,0.78504,1.65,2.25
2011.12.29 03:50:51.129,0.78488,0.78504,2.40,3.00
2011.12.29 03:50:51.272,0.78485,0.78501,2.40,1.50
2011.12.29 03:50:52.765,0.78485,0.78501,1.50,3.38
2011.12.29 03:50:55.212,0.78485,0.78501,1.50,3.00
2011.12.29 03:51:05.964,0.78483,0.78497,3.00,2.25
2011.12.29 03:51:06.099,0.78484,0.785,1.50,2.25
2011.12.29 03:51:07.686,0.78484,0.785,2.25,2.25
2011.12.29 03:51:21.631,0.78483,0.78495,1.50,1.50
2011.12.29 03:51:21.768,0.78481,0.78495,2.25,1.50
2011.12.29 03:51:22.034,0.78483,0.78499,1.50,2.63
2011.12.29 03:51:22.379,0.78486,0.78502,1.50,2.25
2011.12.29 03:51:22.959,0.78487,0.78502,1.50,2.25
2011.12.29 03:51:23.370,0.78489,0.78505,1.50,5.25
2011.12.29 03:51:26.222,0.78489,0.78505,2.25,2.25
2011.12.29 03:51:26.538,0.78493,0.78509,1.50,4.50
2011.12.29 03:51:26.867,0.78497,0.78511,1.50,2.25
2011.12.29 03:51:27.129,0.78494,0.7851,2.25,2.25
2011.12.29 03:51:29.108,0.78491,0.78507,3.00,2.25
2011.12.29 03:51:29.321,0.78489,0.78503,1.50,1.50
2011.12.29 03:51:47.501,0.78491,0.78505,1.50,2.25
2011.12.29 03:51:48.742,0.78491,0.78505,2.25,1.50
2011.12.29 03:51:48.813,0.78494,0.78508,3.00,2.25
2011.12.29 03:51:48.883,0.78497,0.78511,1.50,1.50
2011.12.29 03:51:49.018,0.78497,0.78513,1.50,3.00
2011.12.29 03:51:49.288,0.78494,0.7851,3.00,2.25
2011.12.29 03:51:51.065,0.78491,0.78507,1.50,2.25
2011.12.29 03:52:03.677,0.78488,0.78504,1.50,2.25
2011.12.29 03:52:04.120,0.7849,0.78506,1.50,2.25
2011.12.29 03:52:04.636,0.7849,0.78506,1.50,2.25
2011.12.29 03:52:05.779,0.7849,0.78506,2.25,1.50
2011.12.29 03:52:06.227,0.78494,0.78508,1.50,2.25
2011.12.29 03:52:08.031,0.78494,0.78508,1.50,2.25
2011.12.29 03:52:08.588,0.78494,0.78508,1.50,2.25
2011.12.29 03:52:08.657,0.78491,0.78507,1.50,2.25
2011.12.29 03:52:11.647,0.78491,0.78507,1.50,2.25
2011.12.29 03:52:20.335,0.78491,0.78507,1.50,2.25
2011.12.29 03:52:23.149,0.78491,0.78507,3.00,2.25
2011.12.29 03:52:23.289,0.78491,0.78507,3.75,2.25
2011.12.29 03:52:23.812,0.78494,0.7851,1.50,2.25
2011.12.29 03:52:27.368,0.78492,0.78506,2.25,2.25
2011.12.29 03:52:28.026,0.78493,0.78509,2.25,2.25
2011.12.29 03:52:30.059,0.78498,0.78512,1.50,2.25
2011.12.29 03:52:30.618,0.78498,0.78512,1.50,2.25
2011.12.29 03:52:33.129,0.78498,0.78512,1.50,2.25
2011.12.29 03:52:39.875,0.78498,0.78512,1.50,2.25
2011.12.29 03:52:47.761,0.78501,0.78515,1.50,2.25
2011.12.29 03:52:47.898,0.78501,0.78515,1.50,2.25
2011.12.29 03:52:56.649,0.78502,0.78515,1.50,2.25
2011.12.29 03:52:56.911,0.78503,0.78517,2.25,2.25
2011.12.29 03:53:00.017,0.78503,0.78517,2.25,1.50
2011.12.29 03:53:09.610,0.78503,0.78517,1.50,1.50
2011.12.29 03:53:09.797,0.78499,0.78515,4.50,1.50
2011.12.29 03:53:10.377,0.78499,0.78515,2.25,2.25
2011.12.29 03:53:10.711,0.78502,0.78515,1.50,2.25
2011.12.29 03:53:10.918,0.78503,0.78517,2.25,2.25
2011.12.29 03:53:14.649,0.78505,0.78521,1.50,2.25
2011.12.29 03:53:15.201,0.78505,0.78521,1.50,2.25
2011.12.29 03:53:22.122,0.78504,0.78518,2.25,2.25
2011.12.29 03:53:22.190,0.78507,0.78521,1.50,2.25
2011.12.29 03:53:23.339,0.78504,0.78518,1.50,2.25
2011.12.29 03:53:23.879,0.78506,0.7852,1.50,2.25
2011.12.29 03:53:30.401,0.78503,0.78519,2.25,2.25
2011.12.29 03:53:38.211,0.78504,0.78519,1.50,1.50
2011.12.29 03:53:38.481,0.78504,0.78518,1.50,2.25
2011.12.29 03:53:39.369,0.78501,0.78515,2.25,1.50
2011.12.29 03:53:39.878,0.78501,0.78515,1.50,1.50
2011.12.29 03:53:40.408,0.78501,0.78515,1.50,2.25
2011.12.29 03:53:40.979,0.78501,0.78515,1.50,2.25
2011.12.29 03:53:43.252,0.78498,0.78512,2.25,1.50
2011.12.29 03:53:43.568,0.78494,0.78507,2.25,1.50
2011.12.29 03:53:44.089,0.78496,0.7851,1.50,2.25
2011.12.29 03:53:45.957,0.78493,0.78507,2.25,1.50
2011.12.29 03:53:46.546,0.78493,0.78507,1.50,2.25
2011.12.29 03:53:47.123,0.78495,0.78511,1.50,2.25
2011.12.29 03:53:53.189,0.78495,0.78511,2.25,2.25
2011.12.29 03:53:53.258,0.78495,0.78511,2.25,2.25
2011.12.29 03:53:53.629,0.78495,0.78511,1.50,2.25
2011.12.29 03:53:53.817,0.78492,0.78508,1.50,2.25
2011.12.29 03:53:55.189,0.78495,0.78511,3.00,2.25
2011.12.29 03:53:55.257,0.78495,0.78511,3.00,2.25
2011.12.29 03:53:55.648,0.78495,0.78511,1.50,2.25
2011.12.29 03:53:55.958,0.78498,0.78514,1.50,2.25
2011.12.29 03:54:02.925,0.78498,0.78514,1.50,2.25
2011.12.29 03:54:20.569,0.78496,0.7851,1.50,2.25
2011.12.29 03:54:24.376,0.78496,0.7851,1.50,2.25
2011.12.29 03:54:27.337,0.78496,0.7851,1.50,2.25
2011.12.29 03:54:30.127,0.78493,0.78508,1.50,1.50
2011.12.29 03:54:30.379,0.78492,0.78508,1.50,2.25
2011.12.29 03:54:30.689,0.78495,0.78508,1.50,2.25
2011.12.29 03:54:30.820,0.78498,0.78514,1.50,3.29
2011.12.29 03:54:31.068,0.78498,0.78514,1.50,2.25
2011.12.29 03:54:31.138,0.78494,0.78508,1.50,1.50
2011.12.29 03:54:32.770,0.78494,0.78508,2.25,2.25
2011.12.29 03:54:35.173,0.78494,0.78508,1.50,2.25
2011.12.29 03:54:35.712,0.78494,0.78508,2.25,1.50
2011.12.29 03:54:40.889,0.78493,0.78507,1.50,1.50
2011.12.29 03:54:40.957,0.78492,0.78507,1.50,1.50
2011.12.29 03:54:41.467,0.78492,0.78507,1.50,2.25
2011.12.29 03:54:47.158,0.78494,0.78508,1.50,2.25
2011.12.29 03:54:47.892,0.78491,0.78507,3.75,2.25
2011.12.29 03:54:52.568,0.78491,0.78505,3.75,1.50
2011.12.29 03:54:52.950,0.78491,0.78505,2.25,1.50
2011.12.29 03:54:57.198,0.78488,0.78504,3.00,2.25
2011.12.29 03:54:57.271,0.78488,0.78504,2.25,2.25
2011.12.29 03:54:57.707,0.78491,0.78505,1.50,2.25
2011.12.29 03:54:57.779,0.78491,0.78505,1.50,2.25
2011.12.29 03:54:58.246,0.78489,0.78503,2.25,1.50
2011.12.29 03:54:58.381,0.78485,0.78501,3.00,1.50
2011.12.29 03:55:00.731,0.78485,0.78501,1.50,2.25
2011.12.29 03:55:01.998,0.78485,0.78501,3.00,2.25
2011.12.29 03:55:02.188,0.78488,0.78502,1.50,2.25
2011.12.29 03:55:02.507,0.78485,0.78501,3.00,2.25
2011.12.29 03:55:03.127,0.78485,0.78501,2.25,2.25
2011.12.29 03:55:03.969,0.78485,0.78501,3.00,2.25
2011.12.29 03:55:04.622,0.78485,0.78501,2.25,2.25
2011.12.29 03:55:04.939,0.78488,0.78502,1.50,1.50
2011.12.29 03:55:13.902,0.78488,0.78502,1.50,2.25
2011.12.29 03:55:14.231,0.78486,0.78496,1.50,1.50
2011.12.29 03:55:14.435,0.78486,0.785,1.50,3.75
2011.12.29 03:55:16.917,0.78484,0.785,2.25,2.25
2011.12.29 03:55:17.570,0.78482,0.78498,2.25,1.50
2011.12.29 03:55:17.840,0.7848,0.78494,2.25,1.50
2011.12.29 03:55:24.318,0.78481,0.78497,2.25,1.50
2011.12.29 03:55:24.964,0.78481,0.78497,3.00,1.50
2011.12.29 03:55:25.597,0.78481,0.78494,1.50,1.50
2011.12.29 03:55:32.078,0.78481,0.78497,2.25,2.25
2011.12.29 03:55:35.069,0.78481,0.78497,3.00,1.50
2011.12.29 03:55:35.143,0.78484,0.785,2.25,3.75
2011.12.29 03:55:37.258,0.78484,0.785,2.25,3.00
2011.12.29 03:55:42.457,0.78482,0.78498,2.25,1.50
2011.12.29 03:55:42.788,0.7848,0.78494,2.25,1.50
2011.12.29 03:55:47.468,0.7848,0.78494,2.25,1.50
2011.12.29 03:55:47.539,0.78477,0.78491,3.00,1.50
2011.12.29 03:55:48.107,0.78479,0.78493,2.25,1.50
2011.12.29 03:55:48.657,0.78477,0.78492,1.50,1.50
2011.12.29 03:55:48.798,0.78478,0.78494,2.25,1.50
2011.12.29 03:55:57.486,0.78478,0.78494,2.25,1.50
2011.12.29 03:55:58.919,0.78482,0.78496,2.25,1.50
2011.12.29 03:56:00.677,0.7848,0.78494,2.25,1.50
2011.12.29 03:56:02.211,0.78481,0.78497,2.25,1.50
2011.12.29 03:56:02.398,0.7848,0.78494,2.25,1.50
2011.12.29 03:56:02.796,0.78482,0.78496,2.25,1.50
2011.12.29 03:56:03.547,0.78482,0.78496,1.50,2.25
2011.12.29 03:56:05.497,0.78482,0.78496,1.50,2.25
2011.12.29 03:56:06.303,0.78484,0.78498,1.50,1.50
2011.12.29 03:56:06.977,0.78483,0.78497,1.50,2.25
2011.12.29 03:56:12.209,0.78483,0.78497,1.50,2.25
2011.12.29 03:56:12.469,0.78484,0.785,1.50,3.00
2011.12.29 03:56:12.609,0.78482,0.78498,1.50,2.25
2011.12.29 03:56:12.738,0.78482,0.78498,2.25,2.25
2011.12.29 03:56:13.057,0.78487,0.78501,1.50,1.50
2011.12.29 03:56:13.585,0.78486,0.785,1.50,2.25
2011.12.29 03:56:15.231,0.78486,0.785,2.25,2.25
2011.12.29 03:56:15.299,0.78488,0.78501,1.50,1.50
2011.12.29 03:56:15.630,0.7849,0.78501,1.50,1.50
2011.12.29 03:56:15.837,0.78488,0.78501,2.25,1.50
2011.12.29 03:56:21.930,0.78488,0.78504,1.50,2.25
2011.12.29 03:56:22.178,0.78486,0.785,2.25,2.25
2011.12.29 03:56:22.770,0.78486,0.785,1.50,2.25
2011.12.29 03:56:24.358,0.78486,0.78499,1.50,1.50
2011.12.29 03:56:24.488,0.78482,0.78496,1.50,2.25
2011.12.29 03:56:26.040,0.7848,0.78494,1.50,1.50
2011.12.29 03:56:26.549,0.78481,0.78497,1.50,3.00
2011.12.29 03:56:40.257,0.78485,0.78499,1.50,5.25
2011.12.29 03:56:41.481,0.78481,0.78497,1.50,3.00
2011.12.29 03:56:41.683,0.78481,0.78497,1.50,5.63
2011.12.29 03:56:46.158,0.78479,0.78495,2.25,2.25
2011.12.29 03:56:51.695,0.78479,0.78495,3.75,2.25
2011.12.29 03:56:51.828,0.78481,0.78497,1.50,4.50
2011.12.29 03:56:52.088,0.78484,0.785,1.50,2.63
2011.12.29 03:56:52.498,0.78482,0.78498,1.50,2.25
2011.12.29 03:56:55.198,0.78484,0.785,1.50,2.25
2011.12.29 03:56:59.460,0.78483,0.78497,1.50,2.25
2011.12.29 03:57:07.827,0.78479,0.78495,2.25,1.50
2011.12.29 03:57:12.375,0.78483,0.78497,1.50,3.00
2011.12.29 03:57:21.336,0.78483,0.78497,1.50,2.25
2011.12.29 03:57:26.895,0.78483,0.78497,1.50,2.25
2011.12.29 03:57:26.973,0.78478,0.7849,3.75,1.50
2011.12.29 03:57:30.055,0.78478,0.7849,2.25,1.50
2011.12.29 03:57:30.131,0.78478,0.78494,3.75,1.50
2011.12.29 03:57:31.680,0.78478,0.78494,3.00,1.50
2011.12.29 03:57:33.251,0.78478,0.7849,1.50,1.50
2011.12.29 03:57:35.713,0.78476,0.7849,2.25,2.25
2011.12.29 03:57:35.850,0.78474,0.78484,3.00,1.50
2011.12.29 03:57:36.352,0.78468,0.78484,2.25,2.25
2011.12.29 03:57:36.421,0.78468,0.78484,2.25,2.25
2011.12.29 03:57:36.492,0.78466,0.7848,2.25,1.50
2011.12.29 03:57:36.960,0.78467,0.78483,2.25,4.50
2011.12.29 03:57:38.379,0.78465,0.7848,1.50,1.50
2011.12.29 03:57:38.699,0.78468,0.78482,1.50,5.25
2011.12.29 03:57:38.771,0.78468,0.78482,1.50,2.25
2011.12.29 03:57:39.018,0.7847,0.78485,1.50,3.75
2011.12.29 03:57:39.558,0.78468,0.78484,2.25,2.25
2011.12.29 03:57:40.069,0.78468,0.78483,2.25,1.50
2011.12.29 03:57:41.398,0.78468,0.78484,1.50,2.25
2011.12.29 03:57:41.921,0.78468,0.78484,1.50,5.25
2011.12.29 03:57:46.630,0.78464,0.7848,1.50,2.25
2011.12.29 03:57:50.549,0.78462,0.78478,1.50,2.25
2011.12.29 03:57:50.680,0.78462,0.78476,1.50,1.50
2011.12.29 03:57:50.751,0.78459,0.78473,1.50,2.25
2011.12.29 03:57:51.916,0.78462,0.78474,1.50,1.50
2011.12.29 03:57:52.460,0.78462,0.78476,2.25,3.75
2011.12.29 03:57:52.531,0.78465,0.78478,1.50,1.50
2011.12.29 03:57:52.598,0.78465,0.78479,1.50,3.00
2011.12.29 03:57:53.001,0.78463,0.78476,1.50,1.50
2011.12.29 03:57:53.368,0.7846,0.78475,1.50,2.25
2011.12.29 03:57:53.440,0.7846,0.78475,1.50,2.25
2011.12.29 03:57:53.639,0.78464,0.78478,1.50,3.00
2011.12.29 03:57:54.213,0.78464,0.78478,1.50,2.25
2011.12.29 03:58:01.349,0.78467,0.78481,1.50,1.50
2011.12.29 03:58:02.038,0.78466,0.7848,1.50,2.25
2011.12.29 03:58:02.367,0.78468,0.78481,1.50,1.50
2011.12.29 03:58:04.538,0.78471,0.78485,1.50,2.25
2011.12.29 03:58:05.058,0.78471,0.78485,1.50,2.25
2011.12.29 03:58:05.839,0.78468,0.78484,1.50,2.25
2011.12.29 03:58:06.579,0.7847,0.78485,1.50,1.50
2011.12.29 03:58:07.998,0.7847,0.78486,1.50,2.25
2011.12.29 03:58:10.237,0.78469,0.78483,1.50,2.25
2011.12.29 03:58:11.406,0.78469,0.78483,1.50,2.25
2011.12.29 03:58:13.148,0.78471,0.78485,1.50,2.25
2011.12.29 03:58:14.427,0.78471,0.78485,1.50,2.25
2011.12.29 03:58:15.672,0.78471,0.78485,1.50,2.25
2011.12.29 03:58:15.798,0.78468,0.78484,1.50,2.25
2011.12.29 03:58:32.140,0.78472,0.78486,1.50,2.25
2011.12.29 03:58:37.326,0.78472,0.78486,1.50,2.25
2011.12.29 03:58:44.074,0.78474,0.78489,1.50,3.75
2011.12.29 03:58:44.220,0.78474,0.78489,2.25,1.50
2011.12.29 03:58:47.810,0.78474,0.78488,1.50,1.50
2011.12.29 03:58:53.057,0.78474,0.7849,1.50,2.25
2011.12.29 03:58:55.531,0.78474,0.7849,3.75,2.25
2011.12.29 03:58:56.504,0.78477,0.78493,2.25,2.25
2011.12.29 03:58:57.220,0.78477,0.78493,1.50,2.25
2011.12.29 03:58:57.419,0.78481,0.78495,1.50,2.25
2011.12.29 03:58:57.728,0.78483,0.78497,1.50,3.00
2011.12.29 03:58:57.863,0.78483,0.78497,1.50,3.00
2011.12.29 03:58:58.263,0.78483,0.78499,3.00,2.25
2011.12.29 03:58:58.333,0.78489,0.78502,1.50,1.50
2011.12.29 03:58:58.922,0.78489,0.78501,1.50,1.50
2011.12.29 03:58:59.423,0.78489,0.78501,1.50,1.50
2011.12.29 03:58:59.956,0.78489,0.78501,1.50,1.50
2011.12.29 03:59:02.398,0.78489,0.78501,1.50,1.50
2011.12.29 03:59:04.158,0.78489,0.78502,1.50,1.50
2011.12.29 03:59:04.231,0.78492,0.78501,1.50,1.50
2011.12.29 03:59:04.368,0.78492,0.78501,1.50,1.50
2011.12.29 03:59:07.608,0.78492,0.78507,1.50,1.50
2011.12.29 03:59:09.537,0.78495,0.78508,1.50,1.50
2011.12.29 03:59:09.953,0.78495,0.78508,1.50,1.50
2011.12.29 03:59:10.208,0.78499,0.78507,1.50,1.50
2011.12.29 03:59:10.734,0.78499,0.78507,2.25,1.50
2011.12.29 03:59:14.057,0.78499,0.78507,2.25,1.50
2011.12.29 03:59:14.256,0.78499,0.78507,2.25,1.50
2011.12.29 03:59:15.931,0.78499,0.78507,1.50,1.50
2011.12.29 03:59:16.060,0.78499,0.78507,1.50,1.50
2011.12.29 03:59:17.089,0.78499,0.78513,1.50,2.25
2011.12.29 03:59:17.337,0.78499,0.78513,1.50,2.25
2011.12.29 03:59:24.066,0.78499,0.78513,1.50,2.25
2011.12.29 03:59:29.390,0.78496,0.7851,2.25,1.50
2011.12.29 03:59:29.894,0.78496,0.7851,1.50,2.25
2011.12.29 03:59:33.644,0.78493,0.78507,1.50,1.50
2011.12.29 03:59:33.839,0.78496,0.7851,1.50,2.25
2011.12.29 03:59:38.670,0.78498,0.7851,1.50,2.25
2011.12.29 03:59:39.209,0.78499,0.78513,1.50,2.25
2011.12.29 03:59:43.976,0.78499,0.78513,1.50,2.25
2011.12.29 03:59:48.451,0.78499,0.78513,2.25,2.25
2011.12.29 03:59:49.084,0.78499,0.78513,2.25,2.25
2011.12.29 03:59:49.170,0.78499,0.78513,2.25,2.25
2011.12.29 03:59:49.733,0.78499,0.78513,2.25,2.25
2011.12.29 03:59:52.729,0.78499,0.78513,2.25,2.25
2011.12.29 03:59:54.438,0.78503,0.78517,1.50,2.25
2011.12.29 03:59:54.753,0.78505,0.78521,1.50,4.50
2011.12.29 03:59:55.309,0.78505,0.78521,3.00,2.25
2011.12.29 03:59:59.476,0.78508,0.78522,2.25,1.50
2011.12.29 03:59:59.867,0.78508,0.78521,2.25,1.50
