2011.12.14 11:00:00.041,0.78017,0.78027,1.50,2.10
2011.12.14 11:00:00.529,0.7801,0.78023,3.00,1.88
2011.12.14 11:00:01.029,0.78011,0.78025,1.50,2.25
2011.12.14 11:00:01.867,0.7801,0.78026,3.00,7.13
2011.12.14 11:00:01.951,0.7801,0.78026,1.50,7.13
2011.12.14 11:00:04.023,0.7801,0.78025,2.25,2.63
2011.12.14 11:00:07.241,0.78011,0.78025,1.88,1.35
2011.12.14 11:00:07.775,0.78016,0.78027,1.50,3.98
2011.12.14 11:00:07.859,0.78014,0.78027,1.50,5.48
2011.12.14 11:00:08.140,0.78009,0.78025,2.25,2.10
2011.12.14 11:00:08.687,0.78009,0.78025,2.25,1.50
2011.12.14 11:00:08.769,0.78014,0.78027,1.50,1.88
2011.12.14 11:00:08.982,0.78014,0.7803,1.50,5.25
2011.12.14 11:00:09.464,0.78018,0.78031,1.50,3.38
2011.12.14 11:00:09.760,0.7802,0.78032,1.50,1.88
2011.12.14 11:00:10.112,0.78015,0.78031,2.25,1.50
2011.12.14 11:00:10.872,0.78018,0.78032,4.88,1.50
2011.12.14 11:00:10.958,0.78019,0.7803,1.50,1.88
2011.12.14 11:00:11.315,0.78018,0.78033,2.25,1.50
2011.12.14 11:00:11.821,0.78021,0.78035,1.50,2.25
2011.12.14 11:00:12.448,0.78022,0.78036,3.38,3.00
2011.12.14 11:00:12.546,0.78021,0.78029,2.25,1.50
2011.12.14 11:00:12.905,0.78015,0.78029,2.25,2.25
2011.12.14 11:00:13.197,0.78015,0.78029,4.13,1.50
2011.12.14 11:00:13.275,0.78015,0.78029,4.13,1.50
2011.12.14 11:00:13.990,0.78016,0.78029,1.50,1.50
2011.12.14 11:00:14.070,0.78015,0.78029,4.13,1.50
2011.12.14 11:00:14.213,0.78015,0.78029,4.13,1.50
2011.12.14 11:00:14.910,0.78016,0.78029,2.63,1.50
2011.12.14 11:00:15.736,0.78016,0.78029,1.88,1.50
2011.12.14 11:00:16.601,0.78016,0.78029,2.63,1.50
2011.12.14 11:00:17.887,0.78017,0.78033,2.25,1.50
2011.12.14 11:00:17.971,0.7802,0.78034,1.50,2.63
2011.12.14 11:00:20.458,0.78021,0.78036,1.50,1.50
2011.12.14 11:00:20.540,0.78023,0.78037,1.50,4.13
2011.12.14 11:00:20.895,0.78027,0.78039,1.50,2.25
2011.12.14 11:00:21.202,0.78029,0.78042,1.50,1.50
2011.12.14 11:00:21.766,0.78029,0.78041,1.50,2.25
2011.12.14 11:00:21.842,0.78026,0.78041,1.50,3.75
2011.12.14 11:00:22.392,0.78025,0.78041,2.25,1.50
2011.12.14 11:00:23.693,0.78029,0.78043,2.25,1.50
2011.12.14 11:00:24.063,0.78032,0.78046,1.50,4.13
2011.12.14 11:00:24.497,0.78029,0.78041,2.25,2.25
2011.12.14 11:00:24.717,0.78026,0.7804,1.50,3.38
2011.12.14 11:00:25.353,0.78027,0.7804,1.50,1.50
2011.12.14 11:00:25.429,0.78028,0.78043,1.50,1.88
2011.12.14 11:00:27.649,0.78027,0.7804,2.25,1.50
2011.12.14 11:00:33.460,0.78029,0.78043,1.50,3.38
2011.12.14 11:00:41.180,0.78031,0.78044,1.50,1.88
2011.12.14 11:00:42.942,0.78028,0.78044,2.25,3.38
2011.12.14 11:00:43.503,0.78028,0.78044,2.25,6.38
2011.12.14 11:00:44.710,0.78028,0.78044,1.50,6.38
2011.12.14 11:00:44.981,0.78028,0.78044,1.50,6.38
2011.12.14 11:00:47.745,0.78028,0.78044,1.50,7.13
2011.12.14 11:00:48.002,0.78028,0.78042,1.50,3.00
2011.12.14 11:00:48.607,0.78028,0.78042,1.50,3.00
2011.12.14 11:00:50.218,0.78028,0.78035,1.50,1.88
2011.12.14 11:00:50.647,0.78024,0.78034,1.50,2.25
2011.12.14 11:00:50.730,0.78024,0.78031,1.50,1.50
2011.12.14 11:00:50.804,0.78016,0.78031,1.13,2.25
2011.12.14 11:00:51.029,0.78013,0.78026,4.50,1.88
2011.12.14 11:00:51.178,0.78013,0.78026,3.00,1.88
2011.12.14 11:00:51.612,0.78013,0.78026,3.00,1.88
2011.12.14 11:00:51.698,0.78018,0.7803,1.50,1.26
2011.12.14 11:00:51.914,0.78016,0.7803,1.50,2.25
2011.12.14 11:00:51.998,0.78018,0.78032,1.50,1.50
2011.12.14 11:00:52.290,0.78016,0.7803,1.50,1.50
2011.12.14 11:00:52.821,0.78016,0.78029,1.50,1.88
2011.12.14 11:00:53.918,0.78013,0.78027,1.50,1.50
2011.12.14 11:00:54.619,0.78014,0.78029,1.50,3.38
2011.12.14 11:00:55.130,0.78014,0.78029,2.25,2.63
2011.12.14 11:00:55.824,0.78013,0.78027,3.75,1.50
2011.12.14 11:00:56.457,0.78013,0.78025,3.75,1.88
2011.12.14 11:00:56.971,0.78013,0.78025,1.50,2.63
2011.12.14 11:00:58.445,0.78014,0.78029,1.50,1.50
2011.12.14 11:00:58.519,0.78014,0.78029,1.50,1.50
2011.12.14 11:00:59.082,0.78014,0.78029,1.50,1.50
2011.12.14 11:00:59.635,0.78013,0.78026,2.63,1.50
2011.12.14 11:01:00.117,0.78013,0.78026,1.88,1.50
2011.12.14 11:01:00.415,0.78014,0.78029,1.50,1.88
2011.12.14 11:01:00.963,0.78015,0.7803,2.63,1.50
2011.12.14 11:01:01.230,0.78018,0.78032,1.50,2.25
2011.12.14 11:01:01.756,0.78018,0.78032,3.38,2.25
2011.12.14 11:01:02.467,0.78018,0.7803,1.50,1.88
2011.12.14 11:01:02.609,0.78015,0.7803,2.25,1.88
2011.12.14 11:01:03.160,0.78015,0.7803,1.50,2.63
2011.12.14 11:01:03.374,0.78017,0.78033,1.50,2.25
2011.12.14 11:01:04.662,0.78019,0.78033,1.88,2.25
2011.12.14 11:01:05.185,0.78019,0.78033,1.88,2.25
2011.12.14 11:01:05.737,0.78018,0.78033,2.63,2.25
2011.12.14 11:01:06.310,0.7802,0.78034,1.50,1.50
2011.12.14 11:01:07.007,0.7802,0.78036,1.50,4.13
2011.12.14 11:01:11.448,0.78024,0.78036,1.50,2.63
2011.12.14 11:01:12.370,0.78024,0.78038,1.50,2.25
2011.12.14 11:01:12.974,0.78021,0.78037,1.50,2.25
2011.12.14 11:01:13.471,0.78021,0.78034,1.50,1.50
2011.12.14 11:01:13.817,0.7802,0.7803,1.50,1.50
2011.12.14 11:01:14.108,0.78022,0.78033,1.88,2.25
2011.12.14 11:01:14.536,0.78019,0.78033,1.50,2.25
2011.12.14 11:01:14.608,0.78024,0.78038,1.50,3.00
2011.12.14 11:01:15.036,0.78021,0.78037,1.50,4.13
2011.12.14 11:01:16.094,0.78021,0.78037,1.50,2.25
2011.12.14 11:01:16.443,0.78019,0.78032,2.63,1.50
2011.12.14 11:01:16.985,0.78016,0.78029,2.25,2.10
2011.12.14 11:01:17.056,0.78015,0.78026,3.75,2.48
2011.12.14 11:01:17.130,0.78013,0.78026,2.25,3.98
2011.12.14 11:01:18.033,0.78012,0.78026,2.25,3.98
2011.12.14 11:01:18.302,0.78012,0.78026,2.25,3.98
2011.12.14 11:01:21.957,0.78009,0.78025,3.00,1.50
2011.12.14 11:01:22.545,0.78012,0.78026,1.50,3.98
2011.12.14 11:01:27.166,0.78014,0.78026,1.88,1.50
2011.12.14 11:01:27.245,0.78014,0.78029,3.38,2.25
2011.12.14 11:01:27.397,0.78014,0.78026,1.50,1.88
2011.12.14 11:01:27.825,0.78011,0.78024,4.88,1.50
2011.12.14 11:01:27.902,0.78011,0.78024,4.13,1.50
2011.12.14 11:01:28.373,0.78012,0.78027,1.50,1.50
2011.12.14 11:01:28.451,0.78014,0.7803,1.50,3.60
2011.12.14 11:01:28.526,0.78014,0.7803,1.50,3.00
2011.12.14 11:01:33.461,0.78014,0.78029,2.25,1.88
2011.12.14 11:01:34.745,0.78012,0.78026,1.50,1.50
2011.12.14 11:01:35.486,0.7801,0.78024,2.25,2.10
2011.12.14 11:01:38.953,0.7801,0.78024,4.50,2.10
2011.12.14 11:01:39.158,0.78011,0.78027,2.25,2.10
2011.12.14 11:01:40.201,0.78011,0.78025,2.25,2.48
2011.12.14 11:01:40.273,0.7801,0.78025,2.25,3.98
2011.12.14 11:01:40.793,0.78012,0.78025,2.25,1.88
2011.12.14 11:01:42.571,0.78012,0.78026,2.25,2.10
2011.12.14 11:01:42.980,0.7801,0.78024,2.25,5.10
2011.12.14 11:01:43.196,0.7801,0.78024,3.00,3.75
2011.12.14 11:01:43.278,0.78016,0.78024,1.50,2.25
2011.12.14 11:01:43.556,0.78016,0.78029,3.75,3.38
2011.12.14 11:01:44.000,0.78016,0.7803,5.63,3.00
2011.12.14 11:01:44.083,0.78016,0.78027,3.38,1.50
2011.12.14 11:01:44.654,0.78014,0.78027,2.63,1.50
2011.12.14 11:01:44.731,0.78014,0.7803,4.13,2.25
2011.12.14 11:01:47.258,0.78014,0.78029,2.25,1.88
2011.12.14 11:01:47.598,0.78013,0.78027,2.25,1.50
2011.12.14 11:01:48.221,0.78013,0.78027,1.50,1.50
2011.12.14 11:01:50.524,0.78015,0.78029,1.50,2.25
2011.12.14 11:01:54.798,0.78013,0.78027,2.25,1.50
2011.12.14 11:01:56.188,0.78014,0.7803,2.25,3.38
2011.12.14 11:01:58.629,0.78012,0.78028,5.63,1.50
2011.12.14 11:01:58.768,0.78012,0.78028,4.13,1.50
2011.12.14 11:02:05.423,0.78014,0.78028,1.88,1.50
2011.12.14 11:02:05.619,0.78014,0.7803,3.38,2.25
2011.12.14 11:02:06.268,0.78014,0.7803,4.13,1.50
2011.12.14 11:02:06.625,0.78013,0.78028,2.25,1.50
2011.12.14 11:02:07.570,0.78012,0.78028,2.25,1.50
2011.12.14 11:02:09.850,0.78014,0.78028,1.88,1.50
2011.12.14 11:02:10.039,0.78014,0.7803,3.38,2.25
2011.12.14 11:02:13.679,0.78015,0.7803,1.88,1.50
2011.12.14 11:02:14.942,0.78015,0.7803,1.88,2.10
2011.12.14 11:02:15.390,0.78013,0.78026,2.25,2.85
2011.12.14 11:02:15.891,0.78015,0.78029,3.38,2.25
2011.12.14 11:02:16.450,0.78015,0.78028,1.88,1.50
2011.12.14 11:02:17.008,0.78015,0.78029,3.38,2.25
2011.12.14 11:02:18.849,0.78015,0.78029,4.13,1.50
2011.12.14 11:02:21.631,0.78018,0.78031,1.50,3.38
2011.12.14 11:02:22.920,0.78015,0.78031,3.75,6.38
2011.12.14 11:02:24.502,0.78015,0.78027,2.25,1.50
2011.12.14 11:02:24.710,0.78015,0.78027,2.25,2.25
2011.12.14 11:02:24.928,0.78015,0.78029,2.25,3.38
2011.12.14 11:02:25.422,0.78017,0.78032,2.25,3.00
2011.12.14 11:02:26.522,0.7802,0.78032,2.25,1.50
2011.12.14 11:02:26.731,0.78022,0.78036,1.50,6.60
2011.12.14 11:02:27.750,0.78022,0.78033,1.50,1.88
2011.12.14 11:02:28.643,0.78018,0.78033,2.25,1.88
2011.12.14 11:02:30.710,0.78021,0.78034,1.50,1.13
2011.12.14 11:02:31.306,0.78021,0.78035,1.50,2.25
2011.12.14 11:02:32.234,0.78023,0.78037,1.50,3.00
2011.12.14 11:02:32.918,0.78023,0.78038,1.50,2.63
2011.12.14 11:02:33.006,0.78023,0.78039,2.25,7.13
2011.12.14 11:02:33.285,0.78023,0.78036,1.50,2.25
2011.12.14 11:02:33.643,0.78018,0.78034,2.25,1.50
2011.12.14 11:02:35.431,0.78021,0.78035,1.50,1.50
2011.12.14 11:02:39.830,0.78022,0.78035,1.50,1.50
2011.12.14 11:02:40.374,0.78023,0.78036,1.50,1.50
2011.12.14 11:02:41.258,0.78023,0.78039,1.50,6.38
2011.12.14 11:02:43.805,0.78023,0.78032,1.50,1.88
2011.12.14 11:02:43.898,0.78017,0.78033,2.25,1.50
2011.12.14 11:02:44.051,0.78016,0.78029,3.75,1.88
2011.12.14 11:02:44.402,0.78013,0.78027,2.25,1.50
2011.12.14 11:02:44.751,0.78015,0.78029,2.25,4.50
2011.12.14 11:02:44.822,0.78015,0.78029,2.25,3.75
2011.12.14 11:02:50.196,0.78015,0.78024,2.25,1.88
2011.12.14 11:02:50.555,0.78013,0.78024,2.25,1.50
2011.12.14 11:02:51.144,0.78008,0.78024,2.25,2.25
2011.12.14 11:02:51.913,0.78006,0.78022,3.75,1.50
2011.12.14 11:02:52.656,0.7801,0.78024,2.25,2.25
2011.12.14 11:02:53.175,0.7801,0.78024,2.25,3.00
2011.12.14 11:02:55.590,0.7801,0.78024,2.25,3.00
2011.12.14 11:02:56.132,0.78012,0.78025,2.25,4.88
2011.12.14 11:02:56.350,0.78012,0.78026,2.25,2.25
2011.12.14 11:02:56.438,0.78017,0.78028,1.50,3.75
2011.12.14 11:02:56.508,0.78017,0.78031,1.50,2.25
2011.12.14 11:02:56.653,0.78017,0.78032,1.50,3.75
2011.12.14 11:02:57.207,0.78018,0.78032,2.25,1.50
2011.12.14 11:02:58.343,0.78018,0.78032,2.25,1.50
2011.12.14 11:02:59.830,0.78018,0.78032,2.25,1.50
2011.12.14 11:03:00.994,0.78021,0.78035,1.50,4.50
2011.12.14 11:03:01.337,0.78018,0.78031,2.25,1.88
2011.12.14 11:03:01.477,0.78018,0.78033,1.50,2.25
2011.12.14 11:03:02.010,0.78018,0.78034,2.25,2.25
2011.12.14 11:03:03.088,0.78018,0.78034,2.25,1.50
2011.12.14 11:03:03.220,0.78021,0.78035,1.50,1.50
2011.12.14 11:03:03.755,0.78024,0.78037,1.50,2.63
2011.12.14 11:03:04.298,0.78025,0.78039,1.50,3.00
2011.12.14 11:03:05.135,0.78025,0.78037,1.50,1.88
2011.12.14 11:03:05.208,0.78018,0.78034,2.25,1.50
2011.12.14 11:03:05.551,0.78018,0.78034,2.25,1.50
2011.12.14 11:03:05.972,0.78021,0.78035,1.50,1.50
2011.12.14 11:03:06.304,0.78019,0.78032,1.50,3.38
2011.12.14 11:03:15.166,0.78021,0.78034,1.50,2.25
2011.12.14 11:03:15.573,0.78018,0.78034,3.75,1.50
2011.12.14 11:03:15.782,0.78021,0.78035,1.50,3.00
2011.12.14 11:03:19.445,0.78023,0.78037,1.50,1.88
2011.12.14 11:03:20.291,0.78023,0.78038,1.50,2.63
2011.12.14 11:03:20.600,0.78023,0.78038,2.25,2.63
2011.12.14 11:03:23.210,0.78023,0.78039,2.25,1.50
2011.12.14 11:03:23.766,0.78023,0.78039,2.25,1.50
2011.12.14 11:03:24.104,0.78023,0.78039,2.25,1.50
2011.12.14 11:03:24.238,0.78023,0.78039,2.25,1.50
2011.12.14 11:03:28.158,0.78021,0.78037,2.25,1.50
2011.12.14 11:03:32.232,0.78021,0.78037,3.75,1.50
2011.12.14 11:03:32.301,0.78023,0.78039,2.25,1.50
2011.12.14 11:03:32.801,0.78032,0.78043,1.50,1.50
2011.12.14 11:03:33.020,0.78033,0.78045,1.88,1.13
2011.12.14 11:03:33.098,0.78033,0.78047,1.88,3.00
2011.12.14 11:03:35.207,0.78036,0.78049,1.50,1.50
2011.12.14 11:03:35.425,0.78038,0.7805,1.50,3.00
2011.12.14 11:03:35.905,0.7804,0.78052,1.50,4.50
2011.12.14 11:03:36.137,0.78039,0.78052,1.88,1.50
2011.12.14 11:03:36.355,0.78042,0.78054,1.50,2.25
2011.12.14 11:03:36.714,0.78036,0.78045,2.25,1.50
2011.12.14 11:03:36.936,0.78033,0.78047,5.25,1.50
2011.12.14 11:03:37.582,0.78034,0.78048,3.75,1.50
2011.12.14 11:03:39.133,0.78034,0.78048,2.25,1.50
2011.12.14 11:03:46.160,0.78032,0.78046,2.63,1.50
2011.12.14 11:03:55.326,0.78033,0.78047,1.50,1.50
2011.12.14 11:04:03.596,0.78036,0.7805,1.50,3.75
2011.12.14 11:04:03.952,0.78042,0.78054,2.10,1.50
2011.12.14 11:04:04.167,0.78042,0.78054,3.98,1.50
2011.12.14 11:04:04.604,0.78042,0.78058,3.98,2.25
2011.12.14 11:04:05.073,0.78044,0.78058,1.35,1.50
2011.12.14 11:04:07.231,0.78044,0.7806,2.25,2.25
2011.12.14 11:04:11.733,0.78044,0.7806,2.25,2.25
2011.12.14 11:04:11.946,0.78042,0.78058,4.13,1.50
2011.12.14 11:04:15.208,0.78043,0.78058,2.63,1.50
2011.12.14 11:04:15.279,0.78044,0.7806,2.25,1.50
2011.12.14 11:04:16.359,0.78045,0.7806,1.35,1.50
2011.12.14 11:04:18.054,0.78044,0.7806,4.13,1.50
2011.12.14 11:04:18.925,0.78049,0.7806,1.88,1.50
2011.12.14 11:04:19.288,0.78051,0.7806,2.25,3.98
2011.12.14 11:04:19.365,0.78047,0.78058,2.25,1.50
2011.12.14 11:04:19.949,0.78042,0.78058,6.60,1.50
2011.12.14 11:04:20.219,0.78044,0.7806,2.25,3.38
2011.12.14 11:04:20.291,0.78042,0.78056,4.50,1.50
2011.12.14 11:04:20.419,0.78042,0.78056,4.50,1.50
2011.12.14 11:04:20.488,0.78044,0.78056,1.88,1.50
2011.12.14 11:04:20.996,0.78042,0.78056,2.63,1.50
2011.12.14 11:04:21.915,0.78046,0.7806,1.50,1.50
2011.12.14 11:04:23.537,0.78042,0.78058,2.63,1.50
2011.12.14 11:04:25.009,0.7804,0.78054,2.25,1.50
2011.12.14 11:04:26.235,0.7804,0.78054,1.50,1.50
2011.12.14 11:04:27.026,0.78036,0.7805,3.38,2.25
2011.12.14 11:04:27.378,0.78033,0.78046,1.13,1.50
2011.12.14 11:04:27.524,0.78032,0.78046,2.25,1.50
2011.12.14 11:04:27.805,0.78031,0.78043,2.63,1.50
2011.12.14 11:04:28.492,0.78031,0.78047,4.13,1.50
2011.12.14 11:04:28.992,0.78034,0.78047,1.88,1.50
2011.12.14 11:04:31.484,0.78031,0.78047,3.00,1.50
2011.12.14 11:04:32.683,0.78034,0.78047,1.88,1.50
2011.12.14 11:04:33.232,0.78035,0.78049,1.50,2.25
2011.12.14 11:04:33.765,0.78035,0.78049,1.50,2.25
2011.12.14 11:04:34.654,0.78038,0.78051,1.50,1.88
2011.12.14 11:04:34.812,0.78043,0.78057,1.50,1.13
2011.12.14 11:04:36.154,0.78043,0.78059,2.25,3.38
2011.12.14 11:04:36.770,0.78043,0.78059,2.25,2.25
2011.12.14 11:04:37.033,0.78041,0.78055,6.38,1.50
2011.12.14 11:04:37.505,0.78041,0.78055,4.13,1.50
2011.12.14 11:04:39.705,0.78041,0.78055,4.13,1.50
2011.12.14 11:04:42.739,0.78041,0.78055,4.13,1.50
2011.12.14 11:04:43.796,0.78038,0.78053,4.88,1.50
2011.12.14 11:04:44.263,0.78038,0.78053,1.88,2.25
2011.12.14 11:04:47.231,0.78038,0.78053,1.88,2.25
2011.12.14 11:04:48.088,0.78038,0.78053,1.88,1.50
2011.12.14 11:04:50.522,0.78035,0.78049,2.63,1.50
2011.12.14 11:04:50.880,0.78026,0.78042,4.13,1.50
2011.12.14 11:04:51.026,0.78026,0.78042,2.25,4.13
2011.12.14 11:04:51.717,0.78031,0.78042,1.88,2.25
2011.12.14 11:04:52.240,0.78031,0.78045,1.88,1.50
2011.12.14 11:04:52.315,0.78033,0.78047,1.50,2.25
2011.12.14 11:04:52.858,0.78034,0.78047,1.88,2.25
2011.12.14 11:04:53.910,0.78033,0.78047,3.38,1.50
2011.12.14 11:04:54.390,0.78035,0.78051,1.50,3.00
2011.12.14 11:04:55.723,0.78035,0.78051,2.25,3.00
2011.12.14 11:04:55.792,0.78038,0.78051,1.88,2.25
2011.12.14 11:04:55.989,0.78038,0.78054,3.38,3.00
2011.12.14 11:04:57.751,0.78038,0.78052,1.88,1.50
2011.12.14 11:04:58.318,0.78039,0.78054,1.50,2.25
2011.12.14 11:04:58.520,0.78038,0.78051,1.88,1.50
2011.12.14 11:04:59.701,0.78039,0.78053,1.50,1.50
2011.12.14 11:05:03.092,0.78039,0.78053,3.00,1.50
2011.12.14 11:05:03.419,0.78041,0.78057,2.25,3.00
2011.12.14 11:05:05.252,0.78041,0.78055,1.50,1.50
2011.12.14 11:05:05.324,0.78039,0.78054,1.50,1.50
2011.12.14 11:05:05.921,0.78038,0.78054,4.13,1.50
2011.12.14 11:05:06.631,0.78038,0.78054,3.38,2.25
2011.12.14 11:05:12.642,0.78038,0.78053,1.50,2.63
2011.12.14 11:05:13.474,0.78041,0.78057,1.50,3.00
2011.12.14 11:05:14.397,0.78039,0.78055,1.50,1.50
2011.12.14 11:05:17.163,0.78039,0.78053,1.50,1.50
2011.12.14 11:05:17.712,0.78035,0.78051,4.50,2.25
2011.12.14 11:05:17.813,0.78033,0.7804,1.50,2.10
2011.12.14 11:05:18.187,0.78023,0.78035,1.50,1.88
2011.12.14 11:05:18.542,0.78023,0.78034,1.50,2.25
2011.12.14 11:05:19.096,0.78026,0.78036,1.50,2.25
2011.12.14 11:05:19.183,0.7802,0.78036,3.00,2.25
2011.12.14 11:05:19.462,0.7802,0.78036,2.25,2.25
2011.12.14 11:05:19.806,0.78021,0.78036,2.63,2.25
2011.12.14 11:05:19.880,0.78024,0.78038,1.50,3.00
2011.12.14 11:05:21.982,0.78027,0.78041,1.50,3.00
2011.12.14 11:05:22.330,0.7803,0.78043,1.50,3.75
2011.12.14 11:05:22.401,0.7803,0.78043,1.50,3.00
2011.12.14 11:05:23.085,0.78028,0.78042,2.25,1.50
2011.12.14 11:05:23.233,0.78029,0.78045,1.50,4.88
2011.12.14 11:05:23.749,0.78029,0.78045,2.25,2.63
2011.12.14 11:05:24.286,0.78029,0.78042,2.25,1.88
2011.12.14 11:05:25.579,0.78029,0.78045,1.50,3.38
2011.12.14 11:05:26.126,0.78033,0.78045,1.50,1.88
2011.12.14 11:05:26.415,0.78033,0.78047,1.50,4.88
2011.12.14 11:05:26.941,0.78033,0.78047,2.25,4.13
2011.12.14 11:05:28.292,0.78035,0.78047,1.50,2.63
2011.12.14 11:05:29.032,0.78035,0.7805,1.50,2.63
2011.12.14 11:05:29.672,0.78035,0.7805,1.50,1.88
2011.12.14 11:05:31.201,0.78037,0.7805,1.50,1.88
2011.12.14 11:05:31.756,0.78038,0.7805,1.50,1.88
2011.12.14 11:05:32.092,0.78042,0.78052,1.50,1.50
2011.12.14 11:05:32.160,0.78039,0.78052,1.50,1.50
2011.12.14 11:05:32.737,0.7804,0.78055,1.88,3.00
2011.12.14 11:05:32.820,0.7804,0.78055,1.88,3.00
2011.12.14 11:05:34.072,0.78042,0.78056,1.50,2.25
2011.12.14 11:05:34.674,0.78042,0.78056,1.50,1.50
2011.12.14 11:05:40.483,0.7804,0.78054,2.25,1.50
2011.12.14 11:05:40.554,0.78042,0.78058,1.50,3.00
2011.12.14 11:05:40.702,0.78045,0.78058,1.50,1.50
2011.12.14 11:05:40.939,0.78045,0.78058,1.50,1.50
2011.12.14 11:05:41.975,0.78046,0.78058,1.88,1.50
2011.12.14 11:05:42.132,0.78046,0.78059,3.38,1.50
2011.12.14 11:05:42.476,0.78051,0.78061,1.50,1.50
2011.12.14 11:05:42.556,0.78051,0.78065,1.50,2.25
2011.12.14 11:05:45.990,0.78053,0.78068,1.50,3.38
2011.12.14 11:05:46.500,0.78054,0.78069,1.88,2.25
2011.12.14 11:05:46.569,0.78054,0.78069,3.00,1.50
2011.12.14 11:05:47.171,0.78054,0.78069,1.13,3.38
2011.12.14 11:05:47.540,0.78053,0.78069,2.25,4.13
2011.12.14 11:05:48.974,0.78053,0.78065,1.50,1.88
2011.12.14 11:05:49.055,0.78051,0.78065,1.50,2.63
2011.12.14 11:05:49.274,0.78048,0.78064,1.50,1.50
2011.12.14 11:05:49.542,0.78051,0.78065,1.50,4.13
2011.12.14 11:05:50.931,0.78048,0.78064,1.50,1.50
2011.12.14 11:05:53.168,0.78048,0.78064,1.50,2.25
2011.12.14 11:05:55.801,0.78048,0.78064,1.50,4.13
2011.12.14 11:05:55.942,0.78046,0.7806,1.50,1.50
2011.12.14 11:05:56.470,0.78047,0.78063,1.50,2.25
2011.12.14 11:05:57.017,0.78047,0.78063,3.38,2.25
2011.12.14 11:06:06.589,0.78047,0.78063,4.88,1.50
2011.12.14 11:06:24.407,0.78047,0.78063,1.50,1.50
2011.12.14 11:06:24.722,0.78047,0.78061,1.50,1.88
2011.12.14 11:06:25.889,0.78045,0.78061,2.25,4.13
2011.12.14 11:06:26.422,0.78045,0.78061,1.50,4.13
2011.12.14 11:06:27.651,0.78045,0.78061,2.25,4.13
2011.12.14 11:06:27.979,0.78047,0.78063,2.25,2.25
2011.12.14 11:06:29.469,0.78047,0.78063,4.13,1.50
2011.12.14 11:06:32.580,0.78047,0.7806,2.63,1.50
2011.12.14 11:06:33.643,0.78046,0.7806,2.25,1.50
2011.12.14 11:06:33.995,0.78043,0.78057,2.25,1.50
2011.12.14 11:06:34.073,0.78043,0.78057,2.25,1.50
2011.12.14 11:06:41.205,0.78044,0.7806,1.50,2.25
2011.12.14 11:06:47.500,0.78044,0.7806,2.25,3.38
2011.12.14 11:06:48.152,0.78048,0.78061,1.50,2.25
2011.12.14 11:06:48.501,0.78051,0.78063,1.50,1.50
2011.12.14 11:06:49.228,0.78057,0.78067,1.50,1.50
2011.12.14 11:06:49.317,0.78059,0.78071,2.63,4.13
2011.12.14 11:06:49.535,0.78058,0.78072,1.88,2.25
2011.12.14 11:06:50.091,0.78056,0.7807,1.13,1.50
2011.12.14 11:06:52.022,0.78057,0.78071,1.88,3.00
2011.12.14 11:06:56.769,0.78057,0.78071,2.63,1.50
2011.12.14 11:06:57.287,0.78057,0.78071,1.88,1.50
2011.12.14 11:06:57.973,0.78057,0.78071,2.63,1.50
2011.12.14 11:06:59.011,0.78057,0.78071,2.63,1.50
2011.12.14 11:07:01.567,0.78057,0.78071,4.13,1.50
2011.12.14 11:07:01.983,0.78061,0.78074,1.50,2.25
2011.12.14 11:07:08.111,0.78061,0.78075,1.50,3.00
2011.12.14 11:07:08.470,0.78063,0.78076,2.10,2.63
2011.12.14 11:07:08.993,0.78066,0.78078,2.25,1.50
2011.12.14 11:07:09.293,0.78071,0.78082,1.50,2.63
2011.12.14 11:07:09.364,0.78069,0.78082,3.00,2.63
2011.12.14 11:07:10.002,0.78069,0.78085,2.25,2.25
2011.12.14 11:07:11.340,0.78069,0.78085,3.00,1.50
2011.12.14 11:07:13.986,0.7807,0.78085,3.38,1.50
2011.12.14 11:07:14.076,0.78079,0.78088,1.50,2.63
2011.12.14 11:07:14.225,0.78079,0.7809,1.50,1.50
2011.12.14 11:07:14.658,0.78076,0.78087,1.50,1.50
2011.12.14 11:07:15.350,0.78073,0.78086,2.25,1.50
2011.12.14 11:07:15.622,0.78071,0.78085,1.50,1.50
2011.12.14 11:07:15.972,0.78069,0.78085,2.25,1.50
2011.12.14 11:07:16.525,0.78072,0.78085,1.88,1.50
2011.12.14 11:07:17.121,0.78069,0.78085,3.38,1.50
2011.12.14 11:07:18.032,0.78069,0.78085,4.13,1.50
2011.12.14 11:07:22.753,0.78071,0.78085,1.50,1.50
2011.12.14 11:07:23.272,0.78072,0.78086,1.50,1.50
2011.12.14 11:07:26.200,0.78073,0.78086,1.88,1.50
2011.12.14 11:07:26.530,0.78073,0.78084,1.88,1.50
2011.12.14 11:07:28.137,0.78073,0.78086,1.88,1.50
2011.12.14 11:07:28.655,0.78074,0.78089,2.25,1.50
2011.12.14 11:07:28.739,0.78074,0.78089,2.25,1.50
2011.12.14 11:07:28.953,0.78074,0.7809,3.00,2.25
2011.12.14 11:07:29.501,0.78074,0.7809,2.25,1.50
2011.12.14 11:07:29.647,0.78073,0.78087,4.13,1.50
2011.12.14 11:07:32.065,0.78073,0.78087,1.50,2.25
2011.12.14 11:07:32.823,0.7807,0.78085,2.63,1.50
2011.12.14 11:07:33.648,0.78064,0.78078,1.50,4.13
2011.12.14 11:07:34.074,0.78061,0.78076,2.63,1.50
2011.12.14 11:07:34.682,0.78063,0.78077,2.25,1.50
2011.12.14 11:07:35.553,0.78063,0.78075,1.50,4.13
2011.12.14 11:07:35.626,0.7806,0.78074,2.10,2.25
2011.12.14 11:07:35.707,0.78063,0.78072,1.88,2.25
2011.12.14 11:07:35.846,0.78063,0.78076,1.88,1.50
2011.12.14 11:07:35.928,0.78067,0.78076,1.88,1.50
2011.12.14 11:07:36.004,0.78067,0.78079,1.88,2.25
2011.12.14 11:07:36.074,0.78065,0.78079,4.13,2.25
2011.12.14 11:07:36.684,0.78065,0.78077,1.50,1.88
2011.12.14 11:07:37.019,0.78063,0.78076,1.50,1.50
2011.12.14 11:07:37.598,0.78062,0.78076,2.25,1.50
2011.12.14 11:07:37.673,0.78062,0.78076,1.50,1.50
2011.12.14 11:07:38.684,0.78063,0.78076,2.25,1.50
2011.12.14 11:07:38.752,0.78064,0.78078,1.50,1.50
2011.12.14 11:07:39.720,0.78064,0.7808,2.25,2.25
2011.12.14 11:07:41.432,0.78066,0.7808,1.88,2.25
2011.12.14 11:07:41.985,0.78066,0.7808,1.88,1.50
2011.12.14 11:07:42.680,0.78067,0.7808,1.88,1.50
2011.12.14 11:07:44.207,0.78067,0.78076,1.88,1.50
2011.12.14 11:07:46.351,0.78067,0.78079,1.88,3.00
2011.12.14 11:07:56.579,0.78065,0.78079,2.25,1.50
2011.12.14 11:08:01.944,0.78065,0.78079,1.50,2.25
2011.12.14 11:08:02.406,0.78061,0.78071,2.25,2.25
2011.12.14 11:08:02.711,0.78055,0.78063,1.13,2.25
2011.12.14 11:08:02.853,0.78054,0.78063,1.50,2.25
2011.12.14 11:08:03.796,0.78051,0.78062,1.50,2.25
2011.12.14 11:08:03.885,0.78048,0.78063,1.50,2.25
2011.12.14 11:08:04.557,0.78046,0.7806,2.25,1.50
2011.12.14 11:08:04.823,0.78049,0.78062,2.63,1.50
2011.12.14 11:08:06.093,0.78045,0.7806,1.50,5.63
2011.12.14 11:08:06.611,0.78045,0.7806,2.25,1.88
2011.12.14 11:08:07.046,0.78045,0.78058,2.63,1.50
2011.12.14 11:08:07.876,0.78042,0.78056,2.25,2.25
2011.12.14 11:08:08.398,0.78042,0.78058,2.25,2.63
2011.12.14 11:08:10.235,0.78042,0.78058,2.25,2.25
2011.12.14 11:08:13.513,0.78041,0.78055,2.63,1.50
2011.12.14 11:08:14.050,0.78039,0.78053,2.25,2.25
2011.12.14 11:08:14.552,0.78039,0.78054,2.25,2.63
2011.12.14 11:08:14.620,0.78039,0.78054,2.25,2.63
2011.12.14 11:08:15.780,0.78039,0.78055,4.13,2.25
2011.12.14 11:08:18.952,0.78039,0.78055,4.13,2.25
2011.12.14 11:08:19.556,0.78039,0.78054,2.25,3.38
2011.12.14 11:08:19.831,0.78038,0.78051,2.25,1.50
2011.12.14 11:08:20.802,0.78037,0.78051,4.13,1.50
2011.12.14 11:08:21.638,0.78031,0.78045,2.25,1.88
2011.12.14 11:08:21.782,0.78035,0.78047,2.63,1.50
2011.12.14 11:08:22.329,0.78035,0.78047,1.88,2.25
2011.12.14 11:08:24.439,0.78035,0.78049,2.63,1.50
2011.12.14 11:08:25.055,0.78035,0.7805,2.63,1.50
2011.12.14 11:08:26.302,0.78035,0.7805,2.63,1.50
2011.12.14 11:08:27.178,0.78035,0.7805,2.63,1.50
2011.12.14 11:08:30.373,0.78035,0.7805,2.63,1.50
2011.12.14 11:08:31.510,0.78035,0.7805,2.63,1.50
2011.12.14 11:08:33.871,0.78032,0.78046,2.25,1.50
2011.12.14 11:08:34.207,0.78032,0.78043,2.25,1.88
2011.12.14 11:08:34.287,0.78032,0.78043,1.50,4.88
2011.12.14 11:08:34.363,0.78032,0.7804,1.50,2.63
2011.12.14 11:08:34.646,0.78027,0.78041,1.88,2.25
2011.12.14 11:08:34.793,0.78027,0.78038,1.88,1.50
2011.12.14 11:08:35.075,0.78027,0.7804,1.88,1.50
2011.12.14 11:08:35.587,0.78029,0.7804,1.88,1.50
2011.12.14 11:08:36.642,0.78029,0.78042,2.63,1.50
2011.12.14 11:08:36.714,0.78036,0.78042,1.88,1.50
2011.12.14 11:08:36.927,0.78038,0.78045,1.50,1.50
2011.12.14 11:08:37.075,0.78038,0.78054,2.25,4.88
2011.12.14 11:08:37.377,0.78038,0.78054,2.25,4.50
2011.12.14 11:08:38.362,0.78042,0.78056,1.50,3.00
2011.12.14 11:08:38.431,0.78042,0.78056,1.50,1.50
2011.12.14 11:08:38.957,0.78045,0.78056,1.88,1.50
2011.12.14 11:08:40.207,0.7805,0.78056,1.88,1.50
2011.12.14 11:08:40.739,0.78048,0.78061,2.63,1.50
2011.12.14 11:08:40.823,0.78049,0.78065,3.38,2.25
2011.12.14 11:08:40.966,0.78051,0.78065,1.88,2.25
2011.12.14 11:08:41.529,0.78052,0.78067,1.50,3.75
2011.12.14 11:08:42.282,0.78053,0.78068,1.50,2.25
2011.12.14 11:08:42.364,0.78056,0.78071,2.63,3.00
2011.12.14 11:08:42.711,0.78059,0.78071,1.88,3.00
2011.12.14 11:08:43.988,0.78064,0.78074,3.38,1.50
2011.12.14 11:08:44.282,0.78069,0.78081,1.88,2.25
2011.12.14 11:08:44.842,0.78068,0.78081,1.50,1.50
2011.12.14 11:08:45.677,0.78065,0.78079,1.13,1.50
2011.12.14 11:08:46.034,0.78067,0.78081,2.25,3.98
2011.12.14 11:08:46.588,0.78069,0.78081,2.25,1.35
2011.12.14 11:08:47.275,0.78064,0.78078,2.25,3.00
2011.12.14 11:08:48.354,0.78063,0.78076,3.23,1.50
2011.12.14 11:08:48.494,0.78063,0.78076,1.35,1.50
2011.12.14 11:08:49.082,0.7806,0.78075,2.25,1.65
2011.12.14 11:08:49.242,0.78059,0.78069,3.38,2.25
2011.12.14 11:08:49.385,0.78063,0.78072,1.35,1.50
2011.12.14 11:08:49.534,0.78063,0.78075,1.35,3.00
2011.12.14 11:08:49.603,0.78063,0.78075,1.35,3.75
2011.12.14 11:08:49.800,0.78063,0.78075,1.35,3.00
2011.12.14 11:08:51.452,0.78062,0.78072,1.35,2.25
2011.12.14 11:08:51.523,0.78062,0.78075,1.35,3.75
2011.12.14 11:08:52.063,0.78062,0.78073,1.35,1.50
2011.12.14 11:08:53.163,0.78062,0.78072,1.35,1.88
2011.12.14 11:08:53.795,0.78062,0.78072,1.35,4.88
2011.12.14 11:08:54.352,0.78062,0.78073,1.13,3.00
2011.12.14 11:08:54.492,0.7806,0.78074,1.50,2.25
2011.12.14 11:08:54.625,0.7806,0.78074,1.50,2.25
2011.12.14 11:08:55.307,0.7806,0.78074,2.25,2.25
2011.12.14 11:08:58.912,0.7806,0.78074,2.25,1.50
2011.12.14 11:09:00.125,0.78062,0.78078,2.78,3.00
2011.12.14 11:09:00.205,0.78064,0.78078,2.25,2.25
2011.12.14 11:09:00.601,0.78062,0.78075,3.53,1.50
2011.12.14 11:09:00.933,0.78062,0.78075,1.28,1.50
2011.12.14 11:09:02.984,0.78062,0.78075,3.15,1.50
2011.12.14 11:09:04.478,0.78062,0.78075,1.28,2.25
2011.12.14 11:09:04.831,0.78058,0.7807,1.13,1.50
2011.12.14 11:09:05.210,0.78055,0.7807,2.63,1.50
2011.12.14 11:09:05.400,0.78055,0.7807,2.63,1.50
2011.12.14 11:09:07.170,0.78054,0.7807,2.25,1.50
2011.12.14 11:09:09.101,0.78057,0.78071,1.50,1.50
2011.12.14 11:09:09.244,0.7806,0.78072,1.50,1.50
2011.12.14 11:09:09.569,0.7806,0.78074,2.25,1.50
2011.12.14 11:09:10.693,0.78058,0.78072,2.25,1.50
2011.12.14 11:09:10.817,0.78058,0.78072,1.50,2.25
2011.12.14 11:09:10.965,0.78057,0.7807,1.88,1.50
2011.12.14 11:09:11.314,0.78054,0.7807,1.50,3.00
2011.12.14 11:09:11.783,0.78054,0.78068,1.50,1.88
2011.12.14 11:09:11.992,0.78051,0.78065,1.50,1.50
2011.12.14 11:09:13.332,0.78054,0.78067,1.50,4.13
2011.12.14 11:09:13.860,0.78054,0.78068,1.50,4.88
2011.12.14 11:09:13.995,0.78052,0.78067,1.88,1.50
2011.12.14 11:09:14.801,0.78053,0.78069,1.50,2.25
2011.12.14 11:09:15.408,0.78053,0.78069,1.50,2.25
2011.12.14 11:09:16.440,0.78053,0.78069,2.25,1.50
2011.12.14 11:09:17.498,0.78057,0.78069,1.88,1.50
2011.12.14 11:09:17.787,0.78057,0.78072,1.88,3.00
2011.12.14 11:09:18.606,0.78057,0.7807,1.88,1.50
2011.12.14 11:09:18.681,0.78057,0.78073,4.13,3.75
2011.12.14 11:09:19.539,0.78057,0.7807,2.63,1.50
2011.12.14 11:09:20.859,0.78055,0.7807,2.63,2.25
2011.12.14 11:09:21.070,0.78053,0.78066,4.13,1.50
2011.12.14 11:09:22.424,0.78054,0.78068,1.50,1.50
2011.12.14 11:09:22.612,0.78057,0.7807,1.50,3.00
2011.12.14 11:09:22.967,0.7805,0.78064,3.75,1.50
2011.12.14 11:09:23.115,0.7805,0.78064,1.50,1.50
2011.12.14 11:09:23.256,0.7805,0.7806,1.50,1.50
2011.12.14 11:09:23.332,0.78048,0.7806,1.50,1.50
2011.12.14 11:09:24.094,0.78044,0.78058,1.20,3.00
2011.12.14 11:09:24.360,0.78044,0.78058,1.20,1.50
2011.12.14 11:09:25.183,0.78044,0.78059,2.25,2.25
2011.12.14 11:09:25.720,0.78044,0.7806,2.25,2.25
2011.12.14 11:09:26.301,0.78048,0.78062,1.50,1.50
2011.12.14 11:09:27.848,0.78051,0.78064,1.50,1.50
2011.12.14 11:09:28.457,0.78048,0.78064,2.25,3.00
2011.12.14 11:09:28.721,0.78047,0.7806,2.63,1.50
2011.12.14 11:09:28.865,0.78047,0.7806,2.63,1.50
2011.12.14 11:09:29.305,0.78047,0.78063,4.13,2.25
2011.12.14 11:09:30.578,0.78047,0.78063,4.13,2.25
2011.12.14 11:09:30.942,0.78051,0.78065,1.50,3.75
2011.12.14 11:09:31.251,0.78048,0.78064,2.25,2.25
2011.12.14 11:09:32.096,0.7805,0.78065,1.50,1.50
2011.12.14 11:09:32.717,0.78049,0.78063,1.50,2.25
2011.12.14 11:09:33.412,0.78048,0.78061,2.63,1.50
2011.12.14 11:09:35.003,0.78045,0.7806,2.63,1.50
2011.12.14 11:09:35.075,0.78045,0.78057,1.13,1.50
2011.12.14 11:09:35.362,0.78045,0.7806,1.13,1.50
2011.12.14 11:09:35.431,0.78045,0.78058,1.13,1.50
2011.12.14 11:09:35.841,0.78044,0.78054,1.20,1.50
2011.12.14 11:09:36.256,0.78044,0.78056,1.20,1.50
2011.12.14 11:09:36.819,0.78044,0.78057,1.20,1.50
2011.12.14 11:09:37.364,0.78043,0.78057,1.20,1.50
2011.12.14 11:09:37.430,0.78043,0.78055,1.20,1.88
2011.12.14 11:09:37.845,0.78043,0.78055,1.20,1.88
2011.12.14 11:09:37.921,0.78043,0.78057,1.20,1.50
2011.12.14 11:09:38.270,0.78043,0.78057,1.20,1.50
2011.12.14 11:09:40.437,0.78044,0.78056,2.33,1.35
2011.12.14 11:09:40.795,0.78044,0.7805,1.88,1.35
2011.12.14 11:09:41.651,0.78031,0.78045,4.13,1.50
2011.12.14 11:09:41.744,0.78036,0.7805,2.25,2.85
2011.12.14 11:09:42.331,0.78036,0.7805,1.50,2.25
2011.12.14 11:09:46.046,0.78039,0.78052,1.50,3.00
2011.12.14 11:09:46.123,0.78039,0.78053,1.50,2.25
2011.12.14 11:09:47.789,0.78041,0.78053,1.88,2.25
2011.12.14 11:09:53.099,0.78042,0.78056,1.50,1.50
2011.12.14 11:09:53.977,0.78041,0.78055,1.88,1.50
2011.12.14 11:09:54.840,0.78044,0.78055,1.88,1.50
2011.12.14 11:09:55.402,0.78044,0.78056,1.88,1.50
2011.12.14 11:09:57.837,0.78045,0.78059,1.50,3.00
2011.12.14 11:09:58.455,0.78045,0.78059,1.50,2.25
2011.12.14 11:09:58.980,0.78044,0.7806,2.25,2.63
2011.12.14 11:10:00.967,0.78044,0.78056,1.50,3.00
2011.12.14 11:10:01.050,0.7804,0.78054,2.25,1.50
2011.12.14 11:10:03.433,0.78036,0.78052,2.25,2.25
2011.12.14 11:10:03.993,0.78038,0.78054,1.50,3.75
2011.12.14 11:10:04.670,0.78038,0.78054,2.25,3.00
2011.12.14 11:10:05.449,0.78042,0.78054,1.50,1.50
2011.12.14 11:10:06.000,0.78042,0.78056,1.50,3.00
2011.12.14 11:10:06.561,0.78042,0.78056,1.50,2.25
2011.12.14 11:10:09.296,0.78044,0.78056,1.88,1.50
2011.12.14 11:10:09.656,0.78051,0.78059,1.50,1.50
2011.12.14 11:10:10.040,0.78054,0.7806,1.50,1.50
2011.12.14 11:10:10.572,0.78054,0.78066,1.50,1.50
2011.12.14 11:10:11.491,0.78052,0.78066,3.38,2.25
2011.12.14 11:10:12.918,0.78052,0.78065,1.50,1.50
2011.12.14 11:10:15.572,0.78052,0.78066,1.50,3.75
2011.12.14 11:10:16.016,0.78052,0.78066,1.50,4.50
2011.12.14 11:10:16.166,0.78049,0.78063,3.38,2.25
2011.12.14 11:10:16.457,0.78049,0.78061,1.50,3.23
2011.12.14 11:10:16.594,0.78046,0.7806,1.50,2.10
2011.12.14 11:10:17.335,0.78044,0.78059,2.25,1.50
2011.12.14 11:10:17.525,0.78044,0.78059,2.25,1.50
2011.12.14 11:10:18.318,0.78047,0.78059,1.50,1.50
2011.12.14 11:10:19.312,0.78045,0.78059,1.50,1.50
2011.12.14 11:10:21.017,0.78045,0.78061,3.00,4.35
2011.12.14 11:10:21.465,0.78051,0.78064,1.50,1.50
2011.12.14 11:10:23.090,0.78051,0.78065,1.50,3.00
2011.12.14 11:10:24.039,0.78056,0.78067,1.50,1.50
2011.12.14 11:10:24.121,0.78056,0.78067,1.50,1.50
2011.12.14 11:10:24.663,0.78056,0.78069,1.50,2.10
2011.12.14 11:10:24.990,0.78056,0.78064,1.50,2.25
2011.12.14 11:10:25.137,0.78054,0.78064,3.00,2.25
2011.12.14 11:10:25.574,0.78056,0.78064,1.88,2.25
2011.12.14 11:10:25.656,0.7806,0.78072,1.50,1.50
2011.12.14 11:10:25.807,0.78058,0.78072,1.50,3.00
2011.12.14 11:10:26.083,0.78058,0.78072,1.50,2.25
2011.12.14 11:10:26.671,0.78058,0.7807,1.50,1.50
2011.12.14 11:10:26.742,0.78054,0.78066,1.50,1.88
2011.12.14 11:10:27.977,0.78053,0.78066,1.50,3.38
2011.12.14 11:10:28.660,0.78052,0.78066,1.50,3.38
2011.12.14 11:10:30.752,0.78054,0.78067,1.50,2.63
2011.12.14 11:10:34.027,0.78056,0.78068,1.50,3.75
2011.12.14 11:10:34.708,0.78062,0.78075,1.50,1.13
2011.12.14 11:10:36.647,0.78061,0.78075,1.50,1.88
2011.12.14 11:10:37.812,0.78061,0.78075,1.50,4.13
2011.12.14 11:10:38.373,0.78061,0.78073,1.50,2.25
2011.12.14 11:10:39.011,0.78062,0.78074,1.50,1.35
2011.12.14 11:10:39.912,0.78061,0.78074,1.50,2.10
2011.12.14 11:10:42.551,0.78062,0.78074,1.50,1.35
2011.12.14 11:10:42.620,0.78065,0.78074,1.50,1.35
2011.12.14 11:10:43.095,0.78065,0.78078,1.50,2.25
2011.12.14 11:10:43.229,0.78065,0.78078,1.50,1.50
2011.12.14 11:10:44.223,0.78069,0.78079,1.50,1.50
2011.12.14 11:10:44.882,0.78069,0.7808,1.50,2.63
2011.12.14 11:10:45.095,0.78067,0.78079,1.50,1.50
2011.12.14 11:10:45.642,0.78067,0.78079,1.50,2.25
2011.12.14 11:10:45.784,0.78067,0.78078,1.50,1.13
2011.12.14 11:10:46.527,0.78056,0.78067,1.50,4.88
2011.12.14 11:10:46.626,0.78054,0.78066,1.50,1.50
2011.12.14 11:10:47.530,0.78054,0.78067,1.50,2.25
2011.12.14 11:10:50.164,0.78054,0.78065,1.50,1.88
2011.12.14 11:10:50.515,0.78052,0.78064,1.50,1.88
2011.12.14 11:10:51.069,0.78053,0.78064,1.50,1.88
2011.12.14 11:10:52.448,0.78059,0.78069,1.50,1.50
2011.12.14 11:10:52.910,0.78059,0.78072,1.50,1.50
2011.12.14 11:10:56.849,0.78057,0.78071,1.50,1.50
2011.12.14 11:10:57.208,0.78055,0.78065,1.50,1.35
2011.12.14 11:10:57.285,0.78051,0.78065,2.25,1.35
2011.12.14 11:10:58.701,0.78053,0.78065,1.50,2.10
2011.12.14 11:11:00.701,0.78056,0.78067,1.50,1.50
2011.12.14 11:11:00.771,0.78056,0.78069,1.50,3.60
2011.12.14 11:11:01.548,0.78056,0.78069,1.50,3.60
2011.12.14 11:11:05.204,0.78054,0.78068,1.50,1.50
2011.12.14 11:11:06.049,0.78054,0.78068,1.50,1.50
2011.12.14 11:11:06.757,0.78054,0.78069,1.50,5.85
2011.12.14 11:11:08.313,0.78054,0.78068,1.50,1.50
2011.12.14 11:11:08.385,0.78051,0.78067,1.50,2.25
2011.12.14 11:11:08.465,0.78051,0.78062,1.50,1.88
2011.12.14 11:11:08.535,0.78048,0.78062,2.25,1.88
2011.12.14 11:11:09.033,0.78053,0.78064,1.50,1.35
2011.12.14 11:11:09.667,0.78057,0.78067,1.50,3.60
2011.12.14 11:11:09.754,0.78055,0.78065,1.50,2.63
2011.12.14 11:11:09.824,0.78052,0.78065,2.25,2.63
2011.12.14 11:11:10.106,0.7805,0.78065,1.50,2.63
2011.12.14 11:11:10.662,0.7805,0.78066,1.50,3.00
2011.12.14 11:11:11.004,0.7805,0.78062,1.50,2.63
2011.12.14 11:11:12.630,0.7805,0.78065,1.50,1.50
2011.12.14 11:11:13.488,0.78053,0.78067,1.50,3.00
2011.12.14 11:11:13.835,0.78057,0.78069,1.50,1.50
2011.12.14 11:11:14.940,0.78057,0.78069,1.50,1.50
2011.12.14 11:11:15.775,0.78057,0.78069,1.50,1.50
2011.12.14 11:11:16.193,0.78057,0.78071,1.50,2.25
2011.12.14 11:11:16.265,0.7806,0.78074,1.50,2.25
2011.12.14 11:11:16.802,0.7806,0.78073,1.50,2.48
2011.12.14 11:11:17.013,0.78057,0.78073,1.50,5.48
2011.12.14 11:11:19.146,0.78055,0.78069,3.38,1.50
2011.12.14 11:11:19.797,0.78055,0.78068,1.50,3.38
2011.12.14 11:11:20.132,0.78052,0.78064,1.50,2.63
2011.12.14 11:11:20.386,0.7805,0.78063,1.50,1.50
2011.12.14 11:11:20.534,0.78047,0.78062,1.50,1.50
2011.12.14 11:11:20.802,0.78047,0.78061,1.50,2.10
2011.12.14 11:11:20.880,0.78045,0.78057,1.50,2.63
2011.12.14 11:11:21.166,0.78041,0.78057,1.50,6.23
2011.12.14 11:11:21.608,0.7804,0.78054,2.25,1.50
2011.12.14 11:11:21.963,0.78042,0.78056,1.50,3.00
2011.12.14 11:11:22.104,0.78039,0.78055,1.50,4.88
2011.12.14 11:11:25.181,0.7804,0.78055,1.88,3.00
2011.12.14 11:11:25.698,0.78041,0.78056,1.50,2.25
2011.12.14 11:11:26.202,0.78041,0.78056,1.50,2.25
2011.12.14 11:11:26.733,0.78041,0.78054,1.50,1.50
2011.12.14 11:11:27.478,0.7804,0.78054,1.50,2.25
2011.12.14 11:11:28.069,0.7804,0.78054,1.50,3.00
2011.12.14 11:11:28.591,0.7804,0.78054,1.50,3.00
2011.12.14 11:11:28.736,0.78042,0.78055,1.50,2.25
2011.12.14 11:11:28.814,0.78042,0.78055,1.50,1.50
2011.12.14 11:11:29.293,0.78044,0.78056,1.50,1.50
2011.12.14 11:11:29.434,0.78044,0.78058,1.50,3.38
2011.12.14 11:11:30.783,0.78044,0.78055,1.50,1.88
2011.12.14 11:11:31.136,0.78043,0.78052,1.50,1.50
2011.12.14 11:11:31.217,0.78037,0.78049,1.88,1.50
2011.12.14 11:11:31.772,0.78037,0.7805,2.63,1.50
2011.12.14 11:11:32.335,0.78036,0.78049,2.25,1.88
2011.12.14 11:11:32.894,0.78036,0.78049,1.50,2.63
2011.12.14 11:11:34.832,0.78039,0.78051,1.50,3.00
2011.12.14 11:11:35.346,0.78039,0.7805,1.50,1.50
2011.12.14 11:11:36.279,0.78036,0.7805,1.50,1.50
2011.12.14 11:11:38.708,0.78039,0.7805,1.50,1.50
2011.12.14 11:11:45.938,0.78037,0.78049,1.50,1.50
2011.12.14 11:11:46.030,0.78034,0.78045,1.50,1.50
2011.12.14 11:11:46.219,0.78031,0.78045,1.50,1.50
2011.12.14 11:11:46.421,0.78033,0.78045,1.88,1.50
2011.12.14 11:11:47.501,0.78035,0.78048,1.88,2.25
2011.12.14 11:11:48.150,0.78036,0.7805,2.25,3.75
2011.12.14 11:11:48.651,0.78033,0.78049,2.25,1.50
2011.12.14 11:11:49.911,0.78035,0.7805,2.25,2.25
2011.12.14 11:11:50.765,0.78043,0.78055,1.50,1.50
2011.12.14 11:11:51.259,0.7804,0.78054,2.25,1.50
2011.12.14 11:11:51.663,0.78037,0.78051,3.75,1.50
2011.12.14 11:11:51.921,0.78037,0.78051,3.00,1.50
2011.12.14 11:11:55.690,0.78037,0.78051,1.50,4.88
2011.12.14 11:11:56.201,0.78037,0.78051,1.50,1.50
2011.12.14 11:11:57.676,0.78036,0.78049,1.88,2.25
2011.12.14 11:11:57.762,0.78033,0.78049,1.50,3.00
2011.12.14 11:11:57.830,0.78033,0.78049,1.50,3.00
2011.12.14 11:11:58.810,0.78033,0.78049,1.50,3.00
2011.12.14 11:11:59.252,0.78036,0.78049,1.50,1.50
2011.12.14 11:12:00.340,0.78036,0.78049,1.50,1.50
2011.12.14 11:12:08.053,0.78033,0.78049,1.50,2.25
2011.12.14 11:12:08.633,0.78036,0.7805,1.50,2.25
2011.12.14 11:12:11.276,0.78036,0.7805,1.50,1.50
2011.12.14 11:12:11.633,0.78039,0.78053,3.38,2.25
2011.12.14 11:12:11.983,0.78041,0.78054,1.88,2.25
2011.12.14 11:12:12.544,0.78041,0.78054,1.88,1.50
2011.12.14 11:12:13.261,0.7804,0.78054,1.50,1.50
2011.12.14 11:12:13.590,0.7804,0.78053,1.50,1.50
2011.12.14 11:12:13.854,0.78036,0.7805,1.50,1.50
2011.12.14 11:12:14.172,0.78033,0.78049,3.38,1.50
2011.12.14 11:12:18.472,0.78036,0.7805,1.50,4.50
2011.12.14 11:12:18.815,0.78033,0.78047,3.38,1.50
2011.12.14 11:12:27.942,0.78037,0.78047,1.88,1.50
2011.12.14 11:12:28.296,0.78041,0.7805,1.88,1.50
2011.12.14 11:12:28.501,0.78041,0.78054,1.88,3.00
2011.12.14 11:12:30.269,0.78041,0.78054,1.88,2.25
2011.12.14 11:12:31.620,0.78038,0.78054,1.50,2.25
2011.12.14 11:12:31.756,0.78037,0.78051,3.75,1.50
2011.12.14 11:12:32.249,0.78037,0.78049,1.50,3.00
2011.12.14 11:12:32.332,0.78032,0.78046,1.88,2.25
2011.12.14 11:12:33.306,0.7803,0.78046,1.50,2.25
2011.12.14 11:12:33.732,0.78032,0.78048,1.50,2.25
2011.12.14 11:12:34.228,0.78035,0.78049,1.50,2.63
2011.12.14 11:12:34.442,0.78036,0.78051,1.88,2.25
2011.12.14 11:12:39.462,0.78035,0.78051,1.50,4.13
2011.12.14 11:12:39.993,0.78035,0.7805,1.50,3.00
2011.12.14 11:12:43.024,0.78035,0.78051,2.25,4.50
2011.12.14 11:12:53.743,0.78034,0.78042,3.75,1.88
2011.12.14 11:12:53.962,0.7803,0.7804,3.00,1.88
2011.12.14 11:12:54.317,0.78026,0.78038,2.25,1.50
2011.12.14 11:12:54.464,0.78022,0.78037,1.50,4.50
2011.12.14 11:12:55.101,0.78021,0.78037,1.50,4.50
2011.12.14 11:12:55.250,0.78023,0.78037,1.88,4.50
2011.12.14 11:12:55.803,0.78022,0.78037,1.88,3.00
2011.12.14 11:12:57.063,0.78023,0.78037,1.88,2.25
2011.12.14 11:12:57.373,0.78021,0.78037,1.50,2.25
2011.12.14 11:12:57.960,0.78023,0.78035,1.88,1.50
2011.12.14 11:12:58.359,0.78023,0.78037,1.88,1.50
2011.12.14 11:12:58.976,0.78021,0.78037,4.13,1.50
2011.12.14 11:13:00.042,0.78023,0.78037,1.88,3.75
2011.12.14 11:13:00.382,0.78023,0.78037,1.88,4.50
2011.12.14 11:13:00.453,0.78021,0.78037,3.38,4.50
2011.12.14 11:13:01.471,0.78021,0.78037,4.13,2.25
2011.12.14 11:13:02.521,0.78022,0.78037,1.88,2.25
2011.12.14 11:13:03.862,0.78023,0.78037,1.88,2.25
2011.12.14 11:13:05.603,0.78023,0.78037,1.88,2.25
2011.12.14 11:13:06.530,0.78024,0.78038,1.50,3.75
2011.12.14 11:13:06.872,0.78028,0.78041,1.88,2.25
2011.12.14 11:13:07.912,0.78028,0.78039,1.88,1.50
2011.12.14 11:13:07.988,0.78025,0.78039,1.50,1.50
2011.12.14 11:13:08.209,0.78024,0.78032,1.88,1.50
2011.12.14 11:13:08.500,0.78019,0.78032,1.50,1.50
2011.12.14 11:13:08.584,0.78021,0.78034,1.50,1.50
2011.12.14 11:13:09.903,0.78021,0.78035,1.50,3.38
2011.12.14 11:13:14.116,0.78018,0.78034,3.75,1.50
2011.12.14 11:13:15.720,0.78018,0.78033,2.25,1.88
2011.12.14 11:13:16.861,0.78015,0.78022,1.50,3.38
2011.12.14 11:13:17.082,0.78011,0.78022,1.50,1.50
2011.12.14 11:13:17.162,0.78005,0.78021,4.13,2.25
2011.12.14 11:13:17.854,0.78005,0.78021,2.25,1.50
2011.12.14 11:13:18.524,0.78008,0.78023,1.50,1.50
2011.12.14 11:13:18.886,0.78011,0.78023,1.50,1.88
2011.12.14 11:13:19.043,0.78011,0.78026,1.50,2.25
2011.12.14 11:13:19.121,0.78011,0.78026,3.00,1.50
2011.12.14 11:13:19.857,0.78016,0.78028,1.50,1.50
2011.12.14 11:13:19.933,0.78016,0.7803,1.50,2.25
2011.12.14 11:13:20.099,0.78016,0.7803,1.50,1.50
2011.12.14 11:13:22.504,0.78012,0.78028,2.25,2.25
2011.12.14 11:13:23.593,0.78012,0.78028,2.25,2.25
2011.12.14 11:13:23.731,0.78012,0.78028,3.00,1.50
2011.12.14 11:13:24.317,0.78014,0.7803,4.13,1.50
2011.12.14 11:13:24.464,0.78021,0.78031,1.88,1.50
2011.12.14 11:13:24.606,0.78022,0.78035,1.50,3.60
2011.12.14 11:13:24.672,0.78024,0.78036,1.50,1.50
2011.12.14 11:13:24.744,0.78024,0.78038,1.50,2.85
2011.12.14 11:13:24.883,0.78024,0.78038,1.50,2.25
2011.12.14 11:13:24.951,0.78024,0.78038,1.50,1.50
2011.12.14 11:13:25.225,0.78024,0.78036,1.50,1.88
2011.12.14 11:13:25.572,0.78017,0.78033,3.38,1.50
2011.12.14 11:13:25.991,0.78017,0.78033,2.25,1.50
2011.12.14 11:13:26.535,0.78017,0.78033,1.88,2.25
2011.12.14 11:13:27.743,0.78017,0.78033,2.25,2.25
2011.12.14 11:13:30.663,0.7802,0.78036,1.50,2.25
2011.12.14 11:13:31.214,0.7802,0.78036,2.25,1.50
2011.12.14 11:13:34.284,0.7802,0.78036,2.25,2.25
2011.12.14 11:13:34.635,0.78018,0.78032,4.13,1.50
2011.12.14 11:13:34.705,0.78018,0.78032,4.13,1.50
2011.12.14 11:13:36.423,0.78018,0.78032,1.50,3.00
2011.12.14 11:13:36.930,0.78018,0.78032,2.25,1.50
2011.12.14 11:13:42.159,0.78021,0.78035,2.25,1.50
2011.12.14 11:13:42.514,0.78023,0.78039,4.13,3.00
2011.12.14 11:13:42.582,0.78027,0.7804,1.50,3.00
2011.12.14 11:13:42.854,0.78024,0.7804,1.50,3.00
2011.12.14 11:13:43.004,0.78024,0.7804,1.50,2.25
2011.12.14 11:13:43.344,0.78027,0.78041,1.50,3.00
2011.12.14 11:13:43.943,0.78025,0.78039,2.25,2.25
2011.12.14 11:13:44.479,0.78025,0.78039,1.50,4.13
2011.12.14 11:13:45.033,0.78025,0.78039,1.50,1.50
2011.12.14 11:13:45.302,0.78025,0.78039,1.50,2.25
2011.12.14 11:13:45.373,0.78022,0.78037,2.25,3.00
2011.12.14 11:13:47.071,0.78021,0.78037,2.25,3.75
2011.12.14 11:13:47.284,0.78019,0.78033,3.38,1.50
2011.12.14 11:13:47.776,0.78019,0.78031,2.25,1.88
2011.12.14 11:13:48.413,0.78019,0.78031,1.50,2.63
2011.12.14 11:13:48.496,0.78013,0.78029,2.25,1.50
2011.12.14 11:13:49.066,0.78014,0.78029,1.88,2.25
2011.12.14 11:13:49.644,0.78014,0.78029,2.63,1.50
2011.12.14 11:13:50.202,0.78015,0.78029,1.88,1.50
2011.12.14 11:13:51.150,0.78015,0.78029,1.88,2.85
2011.12.14 11:13:51.518,0.78013,0.78024,2.25,1.88
2011.12.14 11:13:51.971,0.78012,0.78023,2.25,1.50
2011.12.14 11:13:52.106,0.78008,0.78024,2.25,5.63
2011.12.14 11:13:52.192,0.78008,0.78024,2.25,3.38
2011.12.14 11:13:52.696,0.78008,0.78024,1.50,1.50
2011.12.14 11:13:52.914,0.78008,0.78024,2.25,1.50
2011.12.14 11:13:53.086,0.78008,0.78024,2.25,1.50
2011.12.14 11:13:55.232,0.78008,0.78024,4.88,1.50
2011.12.14 11:13:57.297,0.78015,0.78025,1.88,1.50
2011.12.14 11:13:57.376,0.78015,0.78027,1.88,3.00
2011.12.14 11:13:57.667,0.78013,0.78028,2.25,1.50
2011.12.14 11:13:58.162,0.78013,0.78025,2.25,1.50
2011.12.14 11:13:58.239,0.78011,0.78025,2.63,1.50
2011.12.14 11:14:00.433,0.78016,0.78026,1.88,1.50
2011.12.14 11:14:00.958,0.78016,0.78027,1.88,1.50
2011.12.14 11:14:01.777,0.78016,0.78025,1.88,1.50
2011.12.14 11:14:03.544,0.78012,0.78025,4.88,1.50
2011.12.14 11:14:03.756,0.78015,0.7803,1.88,2.25
2011.12.14 11:14:04.249,0.78018,0.78032,1.50,3.00
2011.12.14 11:14:04.803,0.78019,0.78032,1.88,2.25
2011.12.14 11:14:05.961,0.78019,0.78032,2.63,1.50
2011.12.14 11:14:06.761,0.78021,0.78035,1.50,3.00
2011.12.14 11:14:07.921,0.78021,0.78035,1.50,4.35
2011.12.14 11:14:08.136,0.78016,0.7803,2.25,1.50
2011.12.14 11:14:09.052,0.78018,0.78032,1.50,1.50
2011.12.14 11:14:17.064,0.78016,0.78031,2.63,1.50
2011.12.14 11:14:19.953,0.78015,0.7803,2.25,1.88
2011.12.14 11:14:20.378,0.78013,0.78027,1.50,1.50
2011.12.14 11:14:26.950,0.78014,0.7803,1.50,4.35
2011.12.14 11:14:27.498,0.78014,0.78027,1.50,1.50
2011.12.14 11:14:27.860,0.78012,0.78021,1.50,1.50
2011.12.14 11:14:28.383,0.78017,0.78021,1.88,1.50
2011.12.14 11:14:28.481,0.78017,0.78027,1.88,3.00
2011.12.14 11:14:28.973,0.78017,0.78029,3.38,1.50
2011.12.14 11:14:29.184,0.78017,0.7803,1.88,3.00
2011.12.14 11:14:29.464,0.78018,0.78032,2.25,3.00
2011.12.14 11:14:29.888,0.78021,0.78032,1.50,2.25
2011.12.14 11:14:30.309,0.78021,0.78035,4.13,1.50
2011.12.14 11:14:30.841,0.78021,0.78029,1.88,1.50
2011.12.14 11:14:30.986,0.78021,0.78031,1.88,1.50
2011.12.14 11:14:31.132,0.78019,0.78031,3.75,1.50
2011.12.14 11:14:31.338,0.7802,0.78033,2.25,1.50
2011.12.14 11:14:31.803,0.78019,0.78035,6.75,1.50
2011.12.14 11:14:31.883,0.78022,0.78037,1.50,4.13
2011.12.14 11:14:32.525,0.78022,0.78036,1.88,3.00
2011.12.14 11:14:32.880,0.7802,0.78031,1.50,1.35
2011.12.14 11:14:33.436,0.7802,0.7803,1.50,1.50
2011.12.14 11:14:33.523,0.78015,0.78027,3.38,1.50
2011.12.14 11:14:34.044,0.78015,0.78029,1.50,3.75
2011.12.14 11:14:35.015,0.78014,0.78028,2.25,3.00
2011.12.14 11:14:35.375,0.78018,0.78028,1.88,3.00
2011.12.14 11:14:35.453,0.7802,0.78033,1.88,4.50
2011.12.14 11:14:36.029,0.7802,0.78033,1.88,2.25
2011.12.14 11:14:41.576,0.7802,0.78033,2.63,1.50
2011.12.14 11:14:42.196,0.78017,0.78033,6.38,1.50
2011.12.14 11:14:42.351,0.78017,0.78033,4.13,2.10
2011.12.14 11:14:42.433,0.78017,0.7803,2.63,2.25
2011.12.14 11:14:43.301,0.78017,0.7803,1.88,3.75
2011.12.14 11:14:43.724,0.78016,0.78029,1.50,2.25
2011.12.14 11:14:43.797,0.78012,0.78028,3.00,2.25
2011.12.14 11:14:44.372,0.78012,0.78028,2.25,1.50
2011.12.14 11:14:45.443,0.78012,0.78028,4.13,2.25
2011.12.14 11:14:45.986,0.78012,0.78028,3.38,3.00
2011.12.14 11:14:47.164,0.78012,0.78027,1.50,1.50
2011.12.14 11:14:47.312,0.78012,0.78025,1.50,2.63
2011.12.14 11:14:47.524,0.78009,0.78021,1.50,2.10
2011.12.14 11:14:47.876,0.78007,0.7802,1.50,1.35
2011.12.14 11:14:47.955,0.78006,0.78018,1.50,2.10
2011.12.14 11:14:48.099,0.78005,0.78017,1.50,1.73
2011.12.14 11:14:48.737,0.78004,0.7801,1.50,1.73
2011.12.14 11:14:49.196,0.78,0.78009,1.50,1.50
2011.12.14 11:14:49.278,0.77996,0.78009,1.50,1.50
2011.12.14 11:14:49.835,0.77996,0.78012,4.13,2.25
2011.12.14 11:14:50.343,0.77996,0.78012,4.50,1.50
2011.12.14 11:14:50.429,0.77999,0.78015,1.50,2.25
2011.12.14 11:14:51.325,0.77997,0.78013,2.25,1.50
2011.12.14 11:14:51.675,0.77997,0.78011,1.50,2.10
2011.12.14 11:14:52.331,0.77997,0.78009,1.50,2.63
2011.12.14 11:14:52.412,0.77993,0.78009,2.25,3.38
2011.12.14 11:14:53.822,0.77991,0.78007,4.50,1.50
2011.12.14 11:14:54.163,0.77996,0.78008,1.88,1.50
2011.12.14 11:14:54.608,0.78,0.78011,1.88,1.50
2011.12.14 11:14:54.757,0.78,0.78014,3.38,2.25
2011.12.14 11:14:55.505,0.78001,0.78014,1.88,1.50
2011.12.14 11:14:55.715,0.78001,0.78014,2.63,1.50
2011.12.14 11:14:56.262,0.78003,0.78017,2.25,2.25
2011.12.14 11:14:56.358,0.78006,0.78017,2.63,1.50
2011.12.14 11:14:56.626,0.78006,0.78019,2.63,1.50
2011.12.14 11:14:56.951,0.78006,0.78021,2.63,1.50
2011.12.14 11:14:57.462,0.78009,0.78021,1.88,1.50
2011.12.14 11:14:58.568,0.78005,0.78021,1.50,1.50
2011.12.14 11:14:58.718,0.78009,0.78021,1.88,1.50
2011.12.14 11:14:58.920,0.78005,0.78021,4.13,1.50
2011.12.14 11:14:59.066,0.78008,0.78023,2.25,1.88
2011.12.14 11:14:59.207,0.78007,0.78021,2.25,1.50
2011.12.14 11:14:59.872,0.78009,0.78023,1.50,4.13
2011.12.14 11:14:59.943,0.78013,0.78023,1.88,2.25
2011.12.14 11:15:00.537,0.78016,0.78028,1.50,2.85
2011.12.14 11:15:00.703,0.78024,0.78036,1.88,2.25
2011.12.14 11:15:01.154,0.78025,0.78039,1.50,3.00
2011.12.14 11:15:01.870,0.78026,0.7804,1.50,1.50
2011.12.14 11:15:02.015,0.78026,0.78042,1.50,5.63
2011.12.14 11:15:02.582,0.78026,0.78042,2.25,4.13
2011.12.14 11:15:02.794,0.78029,0.78042,1.50,1.88
2011.12.14 11:15:03.359,0.78029,0.78042,1.50,2.63
2011.12.14 11:15:03.881,0.78028,0.78041,1.50,1.50
2011.12.14 11:15:04.783,0.78028,0.78042,1.50,4.13
2011.12.14 11:15:05.207,0.7803,0.78044,1.50,3.00
2011.12.14 11:15:05.567,0.78038,0.78046,1.50,4.50
2011.12.14 11:15:06.208,0.78038,0.78046,1.50,2.25
2011.12.14 11:15:06.282,0.78036,0.78052,2.25,1.50
2011.12.14 11:15:06.353,0.78039,0.78052,1.88,1.50
2011.12.14 11:15:06.867,0.78039,0.78053,1.88,1.50
2011.12.14 11:15:07.665,0.78039,0.78051,1.88,1.50
2011.12.14 11:15:07.736,0.78037,0.78051,1.88,1.50
2011.12.14 11:15:08.512,0.78037,0.78051,1.88,2.25
2011.12.14 11:15:08.715,0.78035,0.78051,1.50,2.25
2011.12.14 11:15:08.922,0.78035,0.78051,1.50,2.25
2011.12.14 11:15:09.374,0.78033,0.78048,2.63,2.25
2011.12.14 11:15:10.072,0.78036,0.7805,1.50,2.25
2011.12.14 11:15:11.024,0.78035,0.78049,1.88,2.25
2011.12.14 11:15:13.759,0.78035,0.78049,1.88,2.25
2011.12.14 11:15:18.497,0.78032,0.78045,3.75,1.50
2011.12.14 11:15:21.260,0.78032,0.78042,1.88,1.50
2011.12.14 11:15:21.338,0.78029,0.78042,1.13,1.50
2011.12.14 11:15:22.129,0.78028,0.78042,1.50,2.25
2011.12.14 11:15:24.662,0.78028,0.78042,2.25,1.50
2011.12.14 11:15:24.943,0.78033,0.78046,1.88,1.50
2011.12.14 11:15:25.470,0.78033,0.78047,3.38,2.25
2011.12.14 11:15:27.149,0.78034,0.78047,1.88,1.50
2011.12.14 11:15:27.433,0.78039,0.78047,1.35,1.50
2011.12.14 11:15:27.800,0.78047,0.78052,1.50,1.50
2011.12.14 11:15:28.538,0.78046,0.78055,1.50,1.50
2011.12.14 11:15:28.628,0.78045,0.78058,1.50,1.50
2011.12.14 11:15:28.711,0.78045,0.78059,1.50,2.25
2011.12.14 11:15:28.913,0.78045,0.78059,1.50,2.25
2011.12.14 11:15:29.127,0.78045,0.78059,1.50,1.50
2011.12.14 11:15:29.203,0.78042,0.78058,4.13,1.50
2011.12.14 11:15:29.762,0.78042,0.78058,2.63,1.50
2011.12.14 11:15:30.566,0.78044,0.7806,1.50,1.50
2011.12.14 11:15:31.089,0.78044,0.7806,2.25,1.50
2011.12.14 11:15:34.055,0.78043,0.78058,4.88,1.50
2011.12.14 11:15:34.412,0.78042,0.78054,2.63,1.50
2011.12.14 11:15:34.759,0.78042,0.78056,3.38,1.50
2011.12.14 11:15:35.285,0.78042,0.78055,2.63,1.50
2011.12.14 11:15:35.602,0.78039,0.78055,2.25,1.50
2011.12.14 11:15:36.137,0.78042,0.78056,1.50,2.25
2011.12.14 11:15:36.286,0.78044,0.7806,1.50,3.23
2011.12.14 11:15:36.634,0.78046,0.7806,1.88,1.50
2011.12.14 11:15:36.706,0.78044,0.7806,3.00,2.25
2011.12.14 11:15:36.925,0.78044,0.78057,1.50,1.50
2011.12.14 11:15:37.462,0.78043,0.78057,3.75,1.50
2011.12.14 11:15:37.933,0.78045,0.78059,1.50,2.25
2011.12.14 11:15:38.430,0.78042,0.78058,2.25,2.25
2011.12.14 11:15:39.351,0.78042,0.78058,2.25,2.25
2011.12.14 11:15:39.861,0.78042,0.78058,2.25,1.50
2011.12.14 11:15:40.003,0.78044,0.7806,2.25,1.50
2011.12.14 11:15:40.941,0.78044,0.78059,2.25,1.88
2011.12.14 11:15:41.281,0.78042,0.78056,1.50,2.25
2011.12.14 11:15:41.427,0.7804,0.78054,2.25,1.50
2011.12.14 11:15:41.646,0.7804,0.78054,1.50,2.25
2011.12.14 11:15:42.002,0.78035,0.78048,3.38,1.50
2011.12.14 11:15:43.532,0.78034,0.78048,2.25,1.50
2011.12.14 11:15:45.174,0.7804,0.78048,1.88,1.50
2011.12.14 11:15:45.513,0.7804,0.78051,1.88,1.50
2011.12.14 11:15:48.909,0.78042,0.78051,1.88,1.50
2011.12.14 11:15:48.984,0.78042,0.78053,1.88,1.50
2011.12.14 11:15:49.126,0.78042,0.78051,1.88,1.50
2011.12.14 11:15:50.946,0.78046,0.78054,1.88,1.50
2011.12.14 11:15:51.162,0.78046,0.78057,1.88,1.50
2011.12.14 11:15:51.233,0.78045,0.78059,1.50,3.00
2011.12.14 11:15:51.634,0.78043,0.78057,1.50,1.50
2011.12.14 11:15:51.850,0.78039,0.78055,4.88,1.50
2011.12.14 11:15:52.363,0.78039,0.78055,2.25,1.50
2011.12.14 11:15:52.863,0.78039,0.78055,3.00,1.50
2011.12.14 11:15:55.080,0.78042,0.78055,1.88,1.50
2011.12.14 11:15:55.281,0.78042,0.78057,1.88,3.00
2011.12.14 11:15:55.905,0.78048,0.78058,1.88,2.25
2011.12.14 11:15:56.489,0.78049,0.78063,1.50,2.25
2011.12.14 11:16:00.103,0.78046,0.7806,3.00,1.50
2011.12.14 11:16:00.676,0.78046,0.7806,1.50,1.50
2011.12.14 11:16:00.761,0.78044,0.78058,2.25,1.50
2011.12.14 11:16:00.902,0.78042,0.78058,2.25,2.25
2011.12.14 11:16:01.045,0.78041,0.78055,3.00,1.50
2011.12.14 11:16:01.799,0.78042,0.78055,1.13,1.50
2011.12.14 11:16:03.160,0.78041,0.78057,4.13,2.25
2011.12.14 11:16:05.899,0.78045,0.78057,1.88,2.25
2011.12.14 11:16:08.750,0.78045,0.78058,3.38,1.50
2011.12.14 11:16:09.259,0.78045,0.78059,4.13,1.50
2011.12.14 11:16:10.650,0.78045,0.78059,4.13,1.50
2011.12.14 11:16:12.056,0.78045,0.78058,2.63,1.50
2011.12.14 11:16:12.404,0.78042,0.78054,3.00,1.50
2011.12.14 11:16:12.758,0.7804,0.78054,2.25,3.00
2011.12.14 11:16:12.836,0.78039,0.78052,1.50,1.50
2011.12.14 11:16:13.337,0.78037,0.78052,2.25,2.25
2011.12.14 11:16:13.548,0.78038,0.78054,1.88,3.75
2011.12.14 11:16:13.684,0.78042,0.78054,1.50,3.00
2011.12.14 11:16:14.022,0.78044,0.78058,1.88,2.25
2011.12.14 11:16:14.569,0.78044,0.78058,2.63,1.50
2011.12.14 11:16:16.770,0.78044,0.78058,2.63,1.50
2011.12.14 11:16:18.359,0.78044,0.78058,1.88,1.50
2011.12.14 11:16:18.632,0.78042,0.78058,3.75,2.25
2011.12.14 11:16:18.700,0.78044,0.78058,1.88,2.25
2011.12.14 11:16:19.216,0.78044,0.78058,2.63,1.50
2011.12.14 11:16:19.760,0.78044,0.78058,2.63,1.50
2011.12.14 11:16:21.815,0.78044,0.78058,1.88,1.50
2011.12.14 11:16:22.801,0.78045,0.78059,1.50,1.50
2011.12.14 11:16:24.905,0.78045,0.78059,2.25,1.50
2011.12.14 11:16:25.041,0.78048,0.78062,1.50,1.50
2011.12.14 11:16:25.242,0.7805,0.78062,1.88,1.50
2011.12.14 11:16:27.653,0.78048,0.78062,1.88,1.50
2011.12.14 11:16:27.800,0.78046,0.7806,3.75,1.50
2011.12.14 11:16:27.872,0.78046,0.7806,3.38,1.50
2011.12.14 11:16:28.261,0.78048,0.78062,1.50,2.25
2011.12.14 11:16:28.849,0.78048,0.78062,1.50,2.25
2011.12.14 11:16:32.637,0.7805,0.78062,1.88,2.25
2011.12.14 11:16:34.651,0.78049,0.78062,1.88,2.25
2011.12.14 11:16:37.143,0.78045,0.78061,2.25,1.50
2011.12.14 11:16:37.329,0.78045,0.78061,2.25,2.25
2011.12.14 11:16:37.705,0.78047,0.78062,1.50,2.25
2011.12.14 11:16:37.891,0.7805,0.78063,1.88,2.25
2011.12.14 11:16:40.143,0.78049,0.78063,1.88,2.25
2011.12.14 11:16:40.454,0.78051,0.78063,1.88,2.25
2011.12.14 11:16:49.750,0.78047,0.78063,1.50,2.25
2011.12.14 11:16:49.883,0.78047,0.7806,1.50,1.50
2011.12.14 11:16:50.586,0.78046,0.78059,1.88,1.50
2011.12.14 11:16:55.906,0.78046,0.78056,1.88,1.50
2011.12.14 11:16:56.629,0.78041,0.78051,1.50,1.50
2011.12.14 11:16:56.965,0.78036,0.78049,1.50,1.50
2011.12.14 11:16:57.035,0.78035,0.78049,2.25,3.00
2011.12.14 11:16:57.110,0.78034,0.78043,3.75,1.50
2011.12.14 11:16:57.675,0.78032,0.78043,1.88,1.50
2011.12.14 11:17:00.909,0.78029,0.78043,1.50,3.75
2011.12.14 11:17:01.127,0.78029,0.78038,1.50,1.50
2011.12.14 11:17:01.488,0.78027,0.78033,2.63,1.50
2011.12.14 11:17:01.704,0.78025,0.78036,1.50,2.25
2011.12.14 11:17:02.143,0.7802,0.78036,2.25,2.25
2011.12.14 11:17:02.214,0.7802,0.78036,2.25,2.25
2011.12.14 11:17:02.350,0.7802,0.78036,3.00,2.25
2011.12.14 11:17:03.563,0.7802,0.78036,3.00,2.25
2011.12.14 11:17:03.632,0.78023,0.78037,1.50,3.00
2011.12.14 11:17:04.337,0.78031,0.78042,1.50,1.50
2011.12.14 11:17:04.505,0.78031,0.78042,1.50,1.50
2011.12.14 11:17:04.578,0.78027,0.78042,2.25,1.50
2011.12.14 11:17:05.145,0.78027,0.78043,1.50,2.25
2011.12.14 11:17:05.221,0.78027,0.78043,1.50,2.25
2011.12.14 11:17:05.500,0.78025,0.78039,2.25,2.25
2011.12.14 11:17:07.131,0.78025,0.78039,2.25,2.25
2011.12.14 11:17:10.572,0.78022,0.78036,3.38,1.50
2011.12.14 11:17:11.342,0.78022,0.78036,3.38,2.25
2011.12.14 11:17:12.119,0.78022,0.78036,3.38,2.25
2011.12.14 11:17:12.765,0.78024,0.78038,1.50,2.25
2011.12.14 11:17:14.450,0.78026,0.78038,1.88,2.25
2011.12.14 11:17:14.643,0.78026,0.78042,3.38,2.25
2011.12.14 11:17:15.942,0.78025,0.7804,1.50,2.25
2011.12.14 11:17:16.511,0.78024,0.7804,3.00,2.25
2011.12.14 11:17:18.232,0.78028,0.78041,1.50,4.13
2011.12.14 11:17:18.793,0.78028,0.78042,1.50,2.25
2011.12.14 11:17:19.143,0.7803,0.78044,3.38,2.25
2011.12.14 11:17:19.210,0.7803,0.78044,3.38,2.25
2011.12.14 11:17:20.206,0.78038,0.78044,1.88,2.25
2011.12.14 11:17:20.290,0.78038,0.78044,1.88,2.25
2011.12.14 11:17:20.440,0.78038,0.78048,1.88,3.00
2011.12.14 11:17:20.852,0.78038,0.78054,3.38,3.00
2011.12.14 11:17:21.549,0.78038,0.78048,1.88,1.50
2011.12.14 11:17:21.656,0.78034,0.78048,2.25,1.50
2011.12.14 11:17:22.303,0.78034,0.78046,2.63,1.50
2011.12.14 11:17:22.515,0.7803,0.78046,5.63,1.50
2011.12.14 11:17:22.862,0.78032,0.78048,1.50,4.13
2011.12.14 11:17:25.836,0.7803,0.78044,4.13,1.50
2011.12.14 11:17:26.456,0.78028,0.78043,1.50,1.50
2011.12.14 11:17:26.533,0.78027,0.78043,2.25,2.25
2011.12.14 11:17:27.882,0.78027,0.78043,1.50,2.25
2011.12.14 11:17:29.223,0.78024,0.78038,2.10,1.50
2011.12.14 11:17:29.696,0.78022,0.78036,4.13,1.50
2011.12.14 11:17:30.043,0.78025,0.78036,1.88,1.50
2011.12.14 11:17:30.117,0.78025,0.78041,3.38,3.00
2011.12.14 11:17:32.654,0.78023,0.78037,1.50,1.50
2011.12.14 11:17:33.001,0.78021,0.78035,2.63,1.50
2011.12.14 11:17:33.584,0.78019,0.78035,2.25,2.25
2011.12.14 11:17:33.651,0.78023,0.78036,1.50,2.63
2011.12.14 11:17:34.579,0.78023,0.78037,3.38,1.50
2011.12.14 11:17:36.769,0.78019,0.78035,3.00,5.48
2011.12.14 11:17:37.127,0.78013,0.78028,2.25,1.50
2011.12.14 11:17:37.206,0.78011,0.78025,3.00,1.50
2011.12.14 11:17:37.277,0.78011,0.78025,1.50,2.25
2011.12.14 11:17:37.683,0.78008,0.78022,4.13,1.50
2011.12.14 11:17:38.373,0.78004,0.7802,2.25,1.50
2011.12.14 11:17:38.932,0.78004,0.7802,2.25,1.50
2011.12.14 11:17:39.002,0.78009,0.7802,1.88,1.50
2011.12.14 11:17:40.762,0.78009,0.78023,1.88,2.25
2011.12.14 11:17:41.215,0.78007,0.78023,3.00,4.13
2011.12.14 11:17:41.427,0.78008,0.78019,1.50,1.88
2011.12.14 11:17:41.780,0.78011,0.78022,4.13,2.25
2011.12.14 11:17:42.125,0.78007,0.78021,2.25,1.50
2011.12.14 11:17:42.268,0.78009,0.78018,1.88,1.50
2011.12.14 11:17:42.417,0.78006,0.78018,1.50,1.50
2011.12.14 11:17:42.863,0.78006,0.7802,1.50,4.13
2011.12.14 11:17:42.950,0.78004,0.78019,1.88,1.50
2011.12.14 11:17:43.411,0.78006,0.7802,1.50,4.13
2011.12.14 11:17:43.736,0.78006,0.78018,1.88,1.50
2011.12.14 11:17:43.952,0.78002,0.78018,6.38,2.25
2011.12.14 11:17:44.290,0.78002,0.78015,2.63,1.50
2011.12.14 11:17:45.154,0.78001,0.78015,1.50,1.50
2011.12.14 11:17:45.518,0.78006,0.78017,3.38,1.50
2011.12.14 11:17:45.595,0.78006,0.7802,3.38,3.00
2011.12.14 11:17:46.112,0.78006,0.78019,2.63,1.50
2011.12.14 11:17:47.872,0.78005,0.78019,3.38,1.50
2011.12.14 11:17:48.027,0.78005,0.78019,3.38,1.50
2011.12.14 11:17:48.943,0.78005,0.78021,4.88,2.25
2011.12.14 11:17:50.352,0.78009,0.78023,1.50,1.50
2011.12.14 11:17:50.701,0.78012,0.78025,1.50,2.25
2011.12.14 11:17:51.295,0.78006,0.78022,3.75,1.50
2011.12.14 11:17:51.368,0.78006,0.78022,3.75,1.50
2011.12.14 11:17:51.924,0.78006,0.78022,2.25,2.25
2011.12.14 11:17:52.205,0.78004,0.78018,3.38,1.50
2011.12.14 11:17:53.623,0.78004,0.78017,1.50,1.88
2011.12.14 11:17:54.185,0.77997,0.78013,4.73,1.50
2011.12.14 11:17:54.573,0.77999,0.78015,2.25,2.25
2011.12.14 11:17:57.864,0.78,0.78015,1.50,2.25
2011.12.14 11:17:57.934,0.78003,0.78017,1.50,2.25
2011.12.14 11:17:58.312,0.78001,0.78015,1.50,2.25
2011.12.14 11:17:58.572,0.77998,0.78012,4.13,1.50
2011.12.14 11:17:59.028,0.78,0.78014,1.50,2.25
2011.12.14 11:18:00.042,0.78002,0.78018,1.50,2.25
2011.12.14 11:18:00.112,0.78002,0.78018,1.50,2.25
2011.12.14 11:18:02.769,0.78002,0.78018,2.25,2.25
2011.12.14 11:18:03.153,0.78002,0.78016,1.50,2.63
2011.12.14 11:18:03.283,0.78,0.78016,1.50,4.88
2011.12.14 11:18:03.476,0.78004,0.78016,1.50,4.13
2011.12.14 11:18:04.063,0.78003,0.78017,2.25,1.50
2011.12.14 11:18:04.541,0.78006,0.78019,1.50,3.75
2011.12.14 11:18:05.003,0.78006,0.78019,1.50,1.50
2011.12.14 11:18:05.554,0.78006,0.7802,1.50,3.00
2011.12.14 11:18:06.608,0.78006,0.7802,1.50,2.25
2011.12.14 11:18:10.207,0.78003,0.78017,1.50,1.50
2011.12.14 11:18:10.564,0.78001,0.78015,2.25,1.50
2011.12.14 11:18:10.870,0.78003,0.78017,1.50,2.25
2011.12.14 11:18:14.699,0.78003,0.78017,3.38,2.25
2011.12.14 11:18:20.939,0.78006,0.78017,1.88,1.50
2011.12.14 11:18:21.303,0.78018,0.78025,1.88,1.50
2011.12.14 11:18:21.943,0.78022,0.78028,3.38,1.50
2011.12.14 11:18:22.028,0.78027,0.78039,1.50,1.88
2011.12.14 11:18:22.104,0.78025,0.78039,1.50,3.38
2011.12.14 11:18:22.644,0.78025,0.78039,1.50,1.88
2011.12.14 11:18:23.182,0.78025,0.78039,1.50,2.63
2011.12.14 11:18:25.076,0.78025,0.78039,1.50,1.50
2011.12.14 11:18:25.354,0.78028,0.78041,1.50,1.13
2011.12.14 11:18:25.703,0.7803,0.78043,1.50,1.13
2011.12.14 11:18:26.232,0.7803,0.78044,1.50,2.25
2011.12.14 11:18:26.984,0.7803,0.78044,3.38,1.50
2011.12.14 11:18:27.211,0.78028,0.78043,2.25,1.50
2011.12.14 11:18:27.490,0.78028,0.78042,1.50,1.50
2011.12.14 11:18:27.638,0.78024,0.7804,4.13,2.25
2011.12.14 11:18:28.176,0.78022,0.78037,1.88,2.25
2011.12.14 11:18:32.495,0.78021,0.78037,1.50,4.13
2011.12.14 11:18:33.500,0.78024,0.78037,1.88,1.50
2011.12.14 11:18:33.785,0.78026,0.7804,1.50,1.13
2011.12.14 11:18:40.042,0.7803,0.78043,1.50,2.10
2011.12.14 11:18:40.459,0.78028,0.7804,1.50,2.25
2011.12.14 11:18:40.614,0.78032,0.78043,1.50,1.35
2011.12.14 11:18:40.690,0.78032,0.78043,1.50,1.35
2011.12.14 11:18:40.907,0.78034,0.78046,1.50,2.25
2011.12.14 11:18:41.199,0.78037,0.78049,1.50,1.50
2011.12.14 11:18:41.890,0.78037,0.78051,4.13,1.50
2011.12.14 11:18:42.371,0.78035,0.78049,2.63,1.50
2011.12.14 11:18:42.516,0.78034,0.78049,2.25,1.50
2011.12.14 11:18:43.081,0.78033,0.78048,2.25,1.88
2011.12.14 11:18:43.478,0.78036,0.78051,1.88,2.63
2011.12.14 11:18:45.976,0.78037,0.78051,1.50,1.50
2011.12.14 11:18:46.399,0.78038,0.78054,1.50,3.00
2011.12.14 11:18:46.546,0.78038,0.78054,1.50,2.25
2011.12.14 11:18:46.902,0.78034,0.78048,3.00,1.50
2011.12.14 11:18:47.252,0.78034,0.78048,1.50,2.85
2011.12.14 11:18:47.394,0.78032,0.78045,1.50,2.25
2011.12.14 11:18:47.463,0.78028,0.78043,1.50,1.50
2011.12.14 11:18:48.322,0.78027,0.78043,1.88,2.25
2011.12.14 11:18:48.401,0.78027,0.78043,1.88,2.25
2011.12.14 11:18:48.804,0.7803,0.78044,1.50,2.25
2011.12.14 11:18:50.231,0.7803,0.78042,1.50,3.38
2011.12.14 11:18:51.044,0.7803,0.78042,1.50,2.63
2011.12.14 11:18:51.563,0.7803,0.78041,1.50,1.50
2011.12.14 11:18:51.826,0.78027,0.78043,3.00,3.00
2011.12.14 11:18:52.052,0.78024,0.7804,1.50,2.85
2011.12.14 11:18:52.130,0.78022,0.78036,2.25,1.50
2011.12.14 11:18:52.493,0.78019,0.78033,3.00,1.50
2011.12.14 11:18:53.090,0.78015,0.78031,4.88,1.50
2011.12.14 11:18:53.226,0.78015,0.78031,4.88,2.25
2011.12.14 11:18:53.531,0.78018,0.78032,1.50,3.75
2011.12.14 11:18:58.025,0.78018,0.78028,1.50,1.35
2011.12.14 11:18:58.544,0.78013,0.78023,1.50,3.38
2011.12.14 11:18:58.625,0.78011,0.78023,3.38,3.00
2011.12.14 11:18:58.699,0.78011,0.78026,1.50,1.13
2011.12.14 11:18:58.906,0.78011,0.78027,1.50,7.73
2011.12.14 11:19:00.088,0.78011,0.78027,1.50,7.73
2011.12.14 11:19:03.369,0.78016,0.78027,1.88,2.25
2011.12.14 11:19:03.443,0.78019,0.78028,1.50,1.50
2011.12.14 11:19:03.717,0.78019,0.7803,1.50,3.75
2011.12.14 11:19:03.869,0.78021,0.78029,1.50,2.63
2011.12.14 11:19:04.013,0.78016,0.78026,1.88,1.50
2011.12.14 11:19:04.217,0.78016,0.78029,1.88,2.25
2011.12.14 11:19:04.294,0.78019,0.78034,1.50,3.00
2011.12.14 11:19:04.918,0.78022,0.78035,1.88,3.75
2011.12.14 11:19:05.016,0.78025,0.78034,1.50,4.13
2011.12.14 11:19:05.228,0.78019,0.78033,3.38,1.50
2011.12.14 11:19:05.447,0.78019,0.7803,2.63,1.50
2011.12.14 11:19:05.526,0.78019,0.7803,1.88,1.50
2011.12.14 11:19:05.674,0.78016,0.7803,3.00,1.50
2011.12.14 11:19:05.747,0.78016,0.7803,3.00,1.50
2011.12.14 11:19:05.894,0.78018,0.78032,3.00,3.75
2011.12.14 11:19:06.035,0.78015,0.78031,2.25,2.25
2011.12.14 11:19:06.561,0.78015,0.7803,3.75,4.13
2011.12.14 11:19:06.645,0.78015,0.7803,1.50,3.00
2011.12.14 11:19:07.179,0.78015,0.78031,3.00,1.50
2011.12.14 11:19:07.254,0.78017,0.78033,2.25,2.25
2011.12.14 11:19:07.594,0.78022,0.78035,1.88,2.25
2011.12.14 11:19:07.732,0.78022,0.78035,1.88,2.25
2011.12.14 11:19:08.249,0.78021,0.78035,1.50,2.25
2011.12.14 11:19:08.880,0.78021,0.78035,1.50,2.25
2011.12.14 11:19:08.954,0.78027,0.78037,3.38,1.88
2011.12.14 11:19:09.282,0.78027,0.78041,3.38,3.00
2011.12.14 11:19:09.701,0.78025,0.78039,1.50,1.50
2011.12.14 11:19:11.480,0.78025,0.78039,1.50,2.25
2011.12.14 11:19:12.354,0.78025,0.78036,1.50,1.50
2011.12.14 11:19:12.421,0.78021,0.78034,1.88,1.50
2011.12.14 11:19:12.943,0.7802,0.78034,2.25,1.50
2011.12.14 11:19:14.230,0.7802,0.78033,1.50,1.50
2011.12.14 11:19:14.301,0.78019,0.78031,1.88,1.50
2011.12.14 11:19:16.040,0.78019,0.78031,2.63,1.50
2011.12.14 11:19:16.441,0.7802,0.78036,2.25,1.50
2011.12.14 11:19:17.027,0.7802,0.78036,2.25,1.50
2011.12.14 11:19:18.101,0.7802,0.78036,2.25,1.50
2011.12.14 11:19:18.171,0.78023,0.78039,4.13,6.00
2011.12.14 11:19:18.522,0.78027,0.78037,1.50,1.88
2011.12.14 11:19:19.275,0.78028,0.78041,1.50,1.50
2011.12.14 11:19:19.343,0.78029,0.78044,1.50,1.13
2011.12.14 11:19:19.680,0.78027,0.78043,4.13,1.50
2011.12.14 11:19:22.425,0.78027,0.7804,2.63,1.50
2011.12.14 11:19:23.005,0.78024,0.7804,3.00,1.50
2011.12.14 11:19:23.219,0.78031,0.78041,1.88,6.00
2011.12.14 11:19:23.889,0.78031,0.78043,1.50,2.25
2011.12.14 11:19:23.981,0.78029,0.78042,1.50,2.25
2011.12.14 11:19:24.262,0.78027,0.78042,1.88,2.25
2011.12.14 11:19:24.802,0.78027,0.78042,2.63,1.50
2011.12.14 11:19:25.328,0.78027,0.78042,2.63,1.50
2011.12.14 11:19:26.879,0.78027,0.78042,2.63,1.50
2011.12.14 11:19:27.095,0.7803,0.78044,1.88,2.25
2011.12.14 11:19:27.375,0.78033,0.78048,1.50,3.23
2011.12.14 11:19:27.722,0.78036,0.78049,1.50,1.50
2011.12.14 11:19:27.996,0.78036,0.7805,1.50,2.25
2011.12.14 11:19:28.641,0.78036,0.7805,1.50,1.50
2011.12.14 11:19:29.112,0.78034,0.78048,5.63,1.50
2011.12.14 11:19:32.402,0.78034,0.78048,4.13,1.50
2011.12.14 11:19:32.851,0.78035,0.78051,2.25,1.50
2011.12.14 11:19:33.900,0.78037,0.78051,1.88,1.50
2011.12.14 11:19:35.639,0.78035,0.78051,2.25,1.50
2011.12.14 11:19:37.410,0.78035,0.78051,2.25,2.25
2011.12.14 11:19:41.408,0.78035,0.7805,2.25,1.88
2011.12.14 11:19:44.193,0.78035,0.78051,2.25,2.25
2011.12.14 11:19:52.113,0.78033,0.78049,4.13,1.50
2011.12.14 11:19:52.239,0.78033,0.78049,4.13,1.50
2011.12.14 11:19:54.472,0.78035,0.78049,1.88,2.25
2011.12.14 11:19:55.029,0.78036,0.7805,1.50,2.25
2011.12.14 11:19:58.646,0.78039,0.78052,1.50,1.50
2011.12.14 11:19:58.769,0.78039,0.78053,2.25,1.50
2011.12.14 11:19:58.900,0.78042,0.78053,1.88,1.50
2011.12.14 11:20:02.441,0.78042,0.78051,1.88,1.50
2011.12.14 11:20:02.515,0.78039,0.78051,1.88,1.50
2011.12.14 11:20:02.580,0.7804,0.78054,1.50,1.50
2011.12.14 11:20:03.521,0.7804,0.78054,1.50,2.25
2011.12.14 11:20:03.592,0.78039,0.78051,1.88,1.50
2011.12.14 11:20:03.661,0.78037,0.78051,2.63,1.50
2011.12.14 11:20:04.577,0.78039,0.78055,2.25,1.50
2011.12.14 11:20:05.229,0.78039,0.78055,1.50,2.25
2011.12.14 11:20:05.573,0.78037,0.78051,1.50,2.25
2011.12.14 11:20:06.110,0.78037,0.78051,2.25,1.50
2011.12.14 11:20:06.253,0.78038,0.78054,2.25,3.00
2011.12.14 11:20:06.499,0.78038,0.78054,1.50,3.00
2011.12.14 11:20:07.030,0.78036,0.7805,3.38,1.50
2011.12.14 11:20:07.313,0.78038,0.7805,1.88,1.50
2011.12.14 11:20:08.139,0.78038,0.78045,1.88,1.50
2011.12.14 11:20:08.213,0.78038,0.78047,1.88,1.50
2011.12.14 11:20:08.682,0.78033,0.78047,4.13,1.50
2011.12.14 11:20:08.898,0.78033,0.78044,2.63,1.50
2011.12.14 11:20:09.051,0.78029,0.78041,1.50,1.50
2011.12.14 11:20:09.267,0.78029,0.78037,2.63,1.50
2011.12.14 11:20:09.488,0.78029,0.78042,2.63,2.25
2011.12.14 11:20:10.064,0.78029,0.78043,1.88,1.50
2011.12.14 11:20:10.561,0.78029,0.78044,2.63,1.50
2011.12.14 11:20:14.681,0.78033,0.78044,1.88,1.50
2011.12.14 11:20:15.000,0.78033,0.78047,1.88,2.25
2011.12.14 11:20:16.513,0.78033,0.78047,1.88,2.25
2011.12.14 11:20:16.881,0.78036,0.78047,1.88,1.50
2011.12.14 11:20:18.531,0.78033,0.78047,2.63,1.50
2011.12.14 11:20:19.622,0.78035,0.78049,1.50,3.75
2011.12.14 11:20:19.974,0.78037,0.78049,1.88,1.50
2011.12.14 11:20:20.860,0.78038,0.78052,1.50,2.25
2011.12.14 11:20:20.930,0.78041,0.78052,1.88,2.25
2011.12.14 11:20:21.540,0.78041,0.78052,1.88,1.50
2011.12.14 11:20:22.897,0.78035,0.7805,1.50,1.50
2011.12.14 11:20:22.974,0.78035,0.78044,1.50,1.50
2011.12.14 11:20:23.254,0.78032,0.78043,3.38,1.50
2011.12.14 11:20:24.254,0.78029,0.78043,1.88,1.50
2011.12.14 11:20:25.092,0.78029,0.78043,1.88,2.25
2011.12.14 11:20:25.621,0.78029,0.78041,1.88,1.50
2011.12.14 11:20:25.701,0.78025,0.78037,1.50,2.48
2011.12.14 11:20:26.056,0.78019,0.78034,1.50,2.25
2011.12.14 11:20:26.199,0.78018,0.78034,3.00,2.25
2011.12.14 11:20:26.274,0.78021,0.78034,1.88,1.50
2011.12.14 11:20:26.342,0.78021,0.78036,1.88,2.25
2011.12.14 11:20:26.906,0.7802,0.78036,2.25,2.25
2011.12.14 11:20:27.127,0.7802,0.78033,2.25,1.88
2011.12.14 11:20:27.553,0.78018,0.7803,2.63,1.50
2011.12.14 11:20:27.700,0.78018,0.7803,2.63,1.50
2011.12.14 11:20:27.983,0.78018,0.78032,4.13,1.50
2011.12.14 11:20:28.539,0.78018,0.78032,2.25,1.50
2011.12.14 11:20:29.148,0.78018,0.78032,1.50,1.50
2011.12.14 11:20:30.242,0.7802,0.78032,1.88,1.50
2011.12.14 11:20:30.380,0.78021,0.78035,1.50,1.50
2011.12.14 11:20:30.662,0.78024,0.78035,1.88,1.50
2011.12.14 11:20:31.314,0.78024,0.78039,1.88,2.25
2011.12.14 11:20:31.454,0.78028,0.78039,1.88,2.25
2011.12.14 11:20:31.584,0.78028,0.78042,1.88,2.25
2011.12.14 11:20:31.911,0.78026,0.78042,2.25,2.25
2011.12.14 11:20:32.173,0.78024,0.7804,4.50,1.50
2011.12.14 11:20:32.691,0.78024,0.7804,4.13,2.25
2011.12.14 11:20:35.922,0.78024,0.78038,4.13,1.50
2011.12.14 11:20:36.133,0.78022,0.78036,1.50,4.13
2011.12.14 11:20:36.341,0.7802,0.78033,1.50,1.50
2011.12.14 11:20:36.485,0.78021,0.78035,1.50,3.00
2011.12.14 11:20:37.343,0.78024,0.78036,1.88,1.50
2011.12.14 11:20:37.484,0.78022,0.78036,3.75,1.50
2011.12.14 11:20:37.551,0.7802,0.78033,2.63,1.50
2011.12.14 11:20:37.833,0.7802,0.78033,1.13,2.25
2011.12.14 11:20:39.253,0.78019,0.78033,3.75,2.25
2011.12.14 11:20:39.800,0.78019,0.78033,3.38,2.25
2011.12.14 11:20:40.842,0.78019,0.78033,3.38,2.25
2011.12.14 11:20:42.485,0.78016,0.78031,1.73,1.50
2011.12.14 11:20:42.952,0.78015,0.78031,1.50,1.50
2011.12.14 11:20:44.002,0.78015,0.78031,2.25,1.50
2011.12.14 11:20:44.346,0.78017,0.78033,7.13,1.50
2011.12.14 11:20:44.414,0.7802,0.78036,1.50,1.50
2011.12.14 11:20:45.684,0.7802,0.7803,1.50,1.88
2011.12.14 11:20:45.893,0.78017,0.7803,3.00,3.38
2011.12.14 11:20:46.398,0.78016,0.7803,1.50,3.38
2011.12.14 11:20:47.612,0.78016,0.7803,1.50,4.13
2011.12.14 11:20:52.460,0.78016,0.7803,1.50,4.13
2011.12.14 11:20:55.401,0.78016,0.7803,2.25,1.50
2011.12.14 11:20:55.993,0.78016,0.7803,1.50,4.13
2011.12.14 11:20:56.123,0.78012,0.78028,3.38,2.25
2011.12.14 11:20:56.684,0.78014,0.7803,1.50,4.13
2011.12.14 11:20:57.466,0.78017,0.78032,1.50,3.38
2011.12.14 11:20:57.921,0.78017,0.78032,1.50,2.63
2011.12.14 11:20:58.206,0.78018,0.78033,2.85,1.50
2011.12.14 11:20:58.355,0.78021,0.78035,2.25,3.00
2011.12.14 11:21:00.125,0.78017,0.7803,3.00,1.50
2011.12.14 11:21:00.332,0.78016,0.7803,4.50,1.50
2011.12.14 11:21:01.144,0.78017,0.78032,1.50,1.50
2011.12.14 11:21:01.213,0.78021,0.78033,1.50,2.63
2011.12.14 11:21:01.758,0.78022,0.78035,3.00,1.50
2011.12.14 11:21:01.837,0.78023,0.78038,2.25,1.88
2011.12.14 11:21:02.394,0.78023,0.78039,2.25,4.13
2011.12.14 11:21:05.192,0.78023,0.78037,1.50,1.88
2011.12.14 11:21:05.271,0.78021,0.78037,2.25,3.38
2011.12.14 11:21:05.960,0.78021,0.78035,1.50,1.50
2011.12.14 11:21:06.321,0.78015,0.78024,3.75,1.50
2011.12.14 11:21:06.827,0.78011,0.78024,1.50,1.50
2011.12.14 11:21:06.911,0.78011,0.78025,1.50,1.50
2011.12.14 11:21:07.050,0.78011,0.78021,1.50,1.50
2011.12.14 11:21:07.410,0.7801,0.78018,1.50,1.50
2011.12.14 11:21:07.694,0.78007,0.78016,1.50,1.50
2011.12.14 11:21:08.041,0.78003,0.78017,2.25,1.50
2011.12.14 11:21:08.583,0.78008,0.78017,1.88,1.50
2011.12.14 11:21:08.661,0.78005,0.7802,2.85,2.25
2011.12.14 11:21:08.735,0.78007,0.7802,1.88,2.25
2011.12.14 11:21:09.370,0.78007,0.78021,1.88,2.25
2011.12.14 11:21:09.912,0.78007,0.78021,1.88,2.25
2011.12.14 11:21:10.243,0.78005,0.78021,2.25,2.25
2011.12.14 11:21:10.801,0.78005,0.78021,1.50,2.25
2011.12.14 11:21:11.321,0.78005,0.78021,2.25,2.25
2011.12.14 11:21:12.145,0.78005,0.78021,3.38,2.25
2011.12.14 11:21:13.223,0.78005,0.78021,3.38,2.25
2011.12.14 11:21:13.306,0.78001,0.78015,2.25,3.00
2011.12.14 11:21:13.670,0.77999,0.78007,1.50,1.88
2011.12.14 11:21:13.960,0.77998,0.78007,1.50,1.88
2011.12.14 11:21:14.112,0.77994,0.78005,1.50,1.50
2011.12.14 11:21:14.711,0.77993,0.78005,1.50,1.50
2011.12.14 11:21:14.795,0.77991,0.78007,2.25,1.50
2011.12.14 11:21:18.531,0.77994,0.78007,1.88,1.50
2011.12.14 11:21:20.207,0.77988,0.78002,2.25,1.50
2011.12.14 11:21:20.288,0.77988,0.78002,1.50,3.75
2011.12.14 11:21:20.422,0.77986,0.78,1.88,1.50
2011.12.14 11:21:21.211,0.77984,0.77997,2.25,1.50
2011.12.14 11:21:23.554,0.77984,0.78,3.00,4.13
2011.12.14 11:21:25.402,0.77984,0.78,4.13,2.25
2011.12.14 11:21:26.743,0.77984,0.78,2.25,1.50
2011.12.14 11:21:27.502,0.77985,0.78,1.50,1.50
2011.12.14 11:21:27.575,0.77988,0.78002,1.50,4.13
2011.12.14 11:21:27.903,0.77988,0.77998,1.50,1.88
2011.12.14 11:21:27.973,0.77983,0.77997,1.88,2.25
2011.12.14 11:21:28.045,0.77983,0.77994,1.13,1.50
2011.12.14 11:21:28.112,0.7798,0.77994,3.75,1.50
2011.12.14 11:21:28.181,0.77981,0.77997,2.25,2.25
2011.12.14 11:21:28.374,0.77985,0.77998,1.50,4.13
2011.12.14 11:21:28.660,0.77985,0.77999,1.50,3.75
2011.12.14 11:21:29.487,0.77987,0.78001,1.50,3.38
2011.12.14 11:21:29.844,0.77994,0.78003,2.25,3.00
2011.12.14 11:21:29.985,0.77994,0.78004,2.25,1.50
2011.12.14 11:21:30.340,0.77996,0.78008,1.50,1.50
2011.12.14 11:21:30.775,0.77994,0.78008,2.25,3.00
2011.12.14 11:21:30.856,0.77997,0.78011,1.50,4.50
2011.12.14 11:21:30.997,0.77997,0.78011,1.50,4.50
2011.12.14 11:21:33.583,0.77999,0.78011,1.50,2.25
2011.12.14 11:21:33.654,0.77997,0.78011,1.50,2.25
2011.12.14 11:21:33.725,0.77995,0.78009,3.75,1.50
2011.12.14 11:21:39.507,0.77996,0.78012,1.50,3.75
2011.12.14 11:21:39.586,0.77996,0.78012,1.50,2.25
2011.12.14 11:21:39.843,0.77999,0.78013,1.50,2.63
2011.12.14 11:21:40.337,0.77997,0.78013,1.50,2.63
2011.12.14 11:21:41.989,0.77999,0.78013,1.88,1.50
2011.12.14 11:21:42.525,0.78,0.78014,1.50,3.00
2011.12.14 11:21:42.808,0.77997,0.78013,1.50,1.50
2011.12.14 11:21:43.395,0.77994,0.78007,1.50,1.50
2011.12.14 11:21:43.541,0.77992,0.78007,1.50,1.50
2011.12.14 11:21:43.674,0.77991,0.78007,5.63,2.25
2011.12.14 11:21:44.343,0.77994,0.78008,1.50,2.25
2011.12.14 11:21:44.861,0.77994,0.78008,2.25,1.50
2011.12.14 11:21:47.010,0.77994,0.78008,1.50,2.25
2011.12.14 11:21:47.083,0.77991,0.78007,2.25,2.25
2011.12.14 11:21:47.284,0.77991,0.78007,3.00,2.25
2011.12.14 11:21:47.632,0.77997,0.78011,1.50,2.10
2011.12.14 11:21:48.154,0.77997,0.78011,1.50,1.50
2011.12.14 11:21:50.095,0.77994,0.7801,4.50,1.50
2011.12.14 11:21:51.045,0.77996,0.78012,1.50,2.25
2011.12.14 11:21:51.663,0.77998,0.78012,2.63,1.50
2011.12.14 11:21:52.215,0.77996,0.78012,2.25,1.50
2011.12.14 11:21:52.494,0.77997,0.78012,3.38,1.50
2011.12.14 11:21:52.936,0.77997,0.78012,3.38,2.25
2011.12.14 11:21:53.213,0.77995,0.78009,2.25,1.50
2011.12.14 11:21:53.810,0.77996,0.78012,2.25,3.75
2011.12.14 11:21:54.443,0.77996,0.78012,1.50,2.25
2011.12.14 11:21:55.135,0.77996,0.78012,1.50,1.50
2011.12.14 11:21:57.264,0.77995,0.78009,3.75,1.50
2011.12.14 11:21:57.821,0.78,0.78014,1.50,2.25
2011.12.14 11:21:58.092,0.77998,0.78012,1.50,1.50
2011.12.14 11:21:59.713,0.77998,0.78012,1.50,1.88
2011.12.14 11:22:00.036,0.77998,0.78009,1.88,1.50
2011.12.14 11:22:00.117,0.78,0.78013,1.50,1.50
2011.12.14 11:22:00.611,0.78002,0.78014,1.50,1.88
2011.12.14 11:22:01.107,0.78001,0.78014,1.50,1.88
2011.12.14 11:22:01.330,0.78003,0.78017,1.50,2.25
2011.12.14 11:22:01.872,0.78003,0.78016,1.50,1.88
2011.12.14 11:22:02.443,0.78003,0.78017,1.50,2.25
2011.12.14 11:22:02.644,0.78001,0.78015,2.25,1.50
2011.12.14 11:22:03.022,0.78001,0.78013,1.50,1.88
2011.12.14 11:22:03.973,0.77998,0.78012,2.25,1.50
2011.12.14 11:22:04.052,0.77998,0.78012,1.50,1.50
2011.12.14 11:22:05.146,0.78003,0.78017,1.50,4.73
2011.12.14 11:22:05.224,0.78003,0.78017,1.50,4.13
2011.12.14 11:22:05.370,0.78007,0.78017,1.88,2.25
2011.12.14 11:22:05.725,0.78013,0.78023,1.50,1.50
2011.12.14 11:22:06.076,0.78015,0.78026,1.50,2.25
2011.12.14 11:22:06.708,0.7801,0.78024,2.25,3.38
2011.12.14 11:22:06.784,0.78012,0.78024,1.50,1.88
2011.12.14 11:22:07.593,0.78012,0.78026,1.50,2.25
2011.12.14 11:22:08.142,0.78012,0.78026,1.50,1.50
2011.12.14 11:22:09.227,0.78012,0.78026,2.25,1.50
2011.12.14 11:22:09.421,0.78012,0.78026,2.25,1.50
2011.12.14 11:22:09.936,0.78015,0.78028,1.50,1.88
2011.12.14 11:22:10.801,0.78015,0.78031,1.50,5.25
2011.12.14 11:22:11.226,0.78015,0.78027,1.50,2.63
2011.12.14 11:22:11.363,0.78013,0.78027,1.50,3.38
2011.12.14 11:22:11.911,0.78012,0.78028,4.13,2.25
2011.12.14 11:22:12.194,0.78014,0.7803,1.50,2.25
2011.12.14 11:22:14.591,0.78014,0.7803,1.50,3.00
2011.12.14 11:22:15.688,0.78013,0.78027,4.13,1.50
2011.12.14 11:22:16.115,0.7801,0.78024,2.25,1.50
2011.12.14 11:22:18.701,0.7801,0.78023,2.25,1.88
2011.12.14 11:22:21.413,0.7801,0.78022,1.50,1.88
2011.12.14 11:22:21.555,0.78004,0.7802,3.00,1.50
2011.12.14 11:22:21.835,0.78008,0.78022,1.50,3.38
2011.12.14 11:22:22.453,0.78008,0.78022,2.25,1.50
2011.12.14 11:22:23.031,0.78008,0.78022,1.50,1.50
2011.12.14 11:22:24.636,0.78008,0.78021,1.50,1.88
2011.12.14 11:22:24.858,0.78004,0.7802,3.00,1.50
2011.12.14 11:22:25.392,0.78005,0.7802,2.63,1.50
2011.12.14 11:22:26.272,0.78006,0.7802,1.50,1.50
2011.12.14 11:22:26.346,0.78008,0.78022,1.50,2.25
2011.12.14 11:22:26.892,0.78008,0.78022,1.50,1.50
2011.12.14 11:22:27.976,0.78008,0.78022,1.50,5.63
2011.12.14 11:22:28.054,0.78004,0.7802,4.88,1.50
2011.12.14 11:22:28.567,0.78007,0.7802,2.25,3.38
2011.12.14 11:22:28.715,0.78003,0.78019,3.00,2.25
2011.12.14 11:22:28.852,0.78006,0.7802,1.50,2.63
2011.12.14 11:22:29.182,0.78006,0.78021,1.50,2.63
2011.12.14 11:22:29.523,0.78004,0.78018,2.25,1.50
2011.12.14 11:22:31.370,0.78004,0.78015,1.50,1.88
2011.12.14 11:22:31.658,0.78001,0.78015,3.75,3.38
2011.12.14 11:22:32.512,0.78001,0.78015,1.50,3.38
2011.12.14 11:22:33.020,0.78002,0.78015,1.50,1.88
2011.12.14 11:22:33.574,0.78001,0.78015,1.50,1.50
2011.12.14 11:22:33.858,0.78001,0.78014,1.50,1.50
2011.12.14 11:22:33.936,0.77998,0.78013,1.88,2.25
2011.12.14 11:22:34.515,0.77997,0.78012,2.25,1.88
2011.12.14 11:22:34.942,0.78,0.78013,1.50,1.50
2011.12.14 11:22:35.291,0.77998,0.78008,1.50,1.88
2011.12.14 11:22:35.847,0.77995,0.78008,1.50,1.88
2011.12.14 11:22:35.933,0.77994,0.7801,2.25,1.50
2011.12.14 11:22:36.005,0.77994,0.7801,2.25,2.25
2011.12.14 11:22:36.545,0.77996,0.78011,1.50,3.00
2011.12.14 11:22:36.973,0.77996,0.78011,1.50,3.00
2011.12.14 11:22:38.115,0.77996,0.78009,1.50,1.88
2011.12.14 11:22:40.421,0.78,0.78011,1.50,3.38
2011.12.14 11:22:40.917,0.78003,0.78014,1.50,1.50
2011.12.14 11:22:41.064,0.78003,0.78016,1.50,2.63
2011.12.14 11:22:41.586,0.78,0.78016,1.50,4.73
2011.12.14 11:22:41.941,0.78,0.78013,1.50,1.88
2011.12.14 11:22:43.336,0.78002,0.78013,1.50,1.88
2011.12.14 11:22:43.476,0.78002,0.78016,1.50,1.13
2011.12.14 11:22:44.308,0.78002,0.78016,1.50,1.13
2011.12.14 11:22:46.764,0.78005,0.78019,1.50,1.13
2011.12.14 11:22:47.086,0.78005,0.78018,2.25,1.13
2011.12.14 11:22:47.163,0.78001,0.7801,2.63,1.50
2011.12.14 11:22:47.372,0.77994,0.7801,4.13,1.50
2011.12.14 11:22:47.442,0.77994,0.78008,2.25,1.88
2011.12.14 11:22:47.512,0.77994,0.78008,1.50,1.88
2011.12.14 11:22:53.232,0.77994,0.7801,3.38,2.25
2011.12.14 11:22:53.378,0.77994,0.7801,5.63,2.25
2011.12.14 11:22:53.526,0.77996,0.78012,3.00,4.88
2011.12.14 11:22:54.082,0.77996,0.78012,1.50,4.13
2011.12.14 11:22:55.684,0.77995,0.78006,1.88,1.50
2011.12.14 11:22:55.968,0.77989,0.78003,3.00,1.50
2011.12.14 11:22:56.532,0.77989,0.78003,2.25,1.50
2011.12.14 11:22:57.275,0.77989,0.78003,1.50,2.25
2011.12.14 11:22:58.751,0.77985,0.78,2.25,2.25
2011.12.14 11:22:58.834,0.77984,0.77997,1.50,1.50
2011.12.14 11:22:58.981,0.77984,0.78,2.25,2.25
2011.12.14 11:22:59.857,0.77983,0.77997,3.38,1.50
2011.12.14 11:23:00.455,0.77985,0.77999,1.50,2.25
2011.12.14 11:23:01.216,0.77988,0.77999,1.88,2.25
2011.12.14 11:23:01.788,0.77989,0.78002,1.50,2.63
2011.12.14 11:23:03.695,0.77985,0.78001,4.13,2.25
2011.12.14 11:23:03.951,0.77985,0.77999,2.25,1.88
2011.12.14 11:23:04.434,0.77985,0.78001,2.25,4.88
2011.12.14 11:23:04.980,0.77987,0.78003,1.50,4.13
2011.12.14 11:23:06.427,0.77986,0.78,1.50,1.50
2011.12.14 11:23:07.743,0.77987,0.78002,1.50,2.25
2011.12.14 11:23:08.403,0.77985,0.78001,2.25,2.25
2011.12.14 11:23:10.963,0.77985,0.77999,2.25,1.88
2011.12.14 11:23:11.306,0.77988,0.78001,1.88,2.25
2011.12.14 11:23:11.842,0.77985,0.78001,2.25,2.25
2011.12.14 11:23:12.041,0.77985,0.77999,2.25,1.50
2011.12.14 11:23:12.561,0.77984,0.78,4.13,1.50
2011.12.14 11:23:17.886,0.77987,0.78003,1.50,4.13
2011.12.14 11:23:21.771,0.77989,0.78003,1.88,2.25
2011.12.14 11:23:21.842,0.77987,0.78003,1.50,4.13
2011.12.14 11:23:22.399,0.77986,0.78,1.50,1.50
2011.12.14 11:23:22.696,0.77988,0.78002,1.50,2.25
2011.12.14 11:23:24.985,0.77986,0.78,3.38,1.50
2011.12.14 11:23:25.056,0.77988,0.78002,1.50,2.25
2011.12.14 11:23:25.775,0.77993,0.78008,1.50,4.13
2011.12.14 11:23:25.854,0.77993,0.78008,1.50,2.63
2011.12.14 11:23:26.414,0.77992,0.78006,1.50,2.25
2011.12.14 11:23:27.980,0.77992,0.78006,1.50,2.25
2011.12.14 11:23:28.074,0.77985,0.77995,2.25,1.88
2011.12.14 11:23:28.500,0.77984,0.77993,1.50,2.48
2011.12.14 11:23:28.785,0.7798,0.77992,1.50,1.50
2011.12.14 11:23:29.345,0.77979,0.77993,2.25,3.98
2011.12.14 11:23:29.428,0.77977,0.77991,1.50,2.25
2011.12.14 11:23:29.981,0.77974,0.77988,3.75,1.50
2011.12.14 11:23:30.197,0.77976,0.77988,1.50,1.50
2011.12.14 11:23:30.283,0.77973,0.77988,3.75,1.50
2011.12.14 11:23:30.429,0.77973,0.77987,1.50,1.50
2011.12.14 11:23:31.103,0.77971,0.77983,1.50,1.88
2011.12.14 11:23:31.189,0.77966,0.77979,2.25,1.88
2011.12.14 11:23:31.412,0.77967,0.77979,2.25,1.88
2011.12.14 11:23:31.556,0.77966,0.77979,1.50,1.88
2011.12.14 11:23:32.159,0.77966,0.77979,2.25,1.88
2011.12.14 11:23:32.840,0.77966,0.77979,1.50,1.88
2011.12.14 11:23:33.342,0.77966,0.7798,2.25,3.38
2011.12.14 11:23:36.067,0.77968,0.77982,1.50,4.13
2011.12.14 11:23:36.694,0.77971,0.77983,1.50,1.13
2011.12.14 11:23:37.291,0.77974,0.77986,1.50,1.13
2011.12.14 11:23:37.374,0.77974,0.77988,1.50,4.50
2011.12.14 11:23:37.666,0.77976,0.77988,1.50,3.00
2011.12.14 11:23:37.944,0.77976,0.7799,1.50,1.50
2011.12.14 11:23:38.485,0.77977,0.7799,1.35,1.50
2011.12.14 11:23:38.559,0.77982,0.77992,1.50,1.88
2011.12.14 11:23:38.637,0.77982,0.77995,3.38,3.75
2011.12.14 11:23:38.717,0.77982,0.77993,1.50,1.88
2011.12.14 11:23:39.174,0.7798,0.77993,1.50,3.38
2011.12.14 11:23:39.254,0.77973,0.77986,3.38,1.50
2011.12.14 11:23:39.609,0.77971,0.77984,1.50,1.50
2011.12.14 11:23:40.041,0.77975,0.77985,1.88,3.75
2011.12.14 11:23:40.255,0.77971,0.77985,1.50,2.25
2011.12.14 11:23:40.624,0.77969,0.77983,3.00,1.50
2011.12.14 11:23:41.183,0.77969,0.77983,1.50,1.50
2011.12.14 11:23:41.546,0.77971,0.77985,1.50,2.25
2011.12.14 11:23:42.115,0.77974,0.77985,1.88,2.25
2011.12.14 11:23:42.624,0.77978,0.77994,1.50,4.50
2011.12.14 11:23:43.112,0.77977,0.77992,1.88,2.25
2011.12.14 11:23:43.395,0.77977,0.77989,2.63,1.50
2011.12.14 11:23:43.736,0.77974,0.77989,3.38,1.50
2011.12.14 11:23:44.547,0.77974,0.77989,2.63,1.50
2011.12.14 11:23:45.787,0.77973,0.77989,1.50,2.25
2011.12.14 11:23:46.601,0.77976,0.7799,1.50,4.13
2011.12.14 11:23:46.942,0.77979,0.7799,1.88,1.50
2011.12.14 11:23:47.474,0.77976,0.7799,4.13,1.50
2011.12.14 11:23:47.673,0.77978,0.7799,1.88,1.50
2011.12.14 11:23:48.190,0.77976,0.7799,2.25,1.50
2011.12.14 11:23:48.771,0.77976,0.77989,1.50,1.88
2011.12.14 11:23:48.917,0.77972,0.77988,2.25,1.50
2011.12.14 11:23:49.055,0.77972,0.77988,1.50,1.50
2011.12.14 11:23:50.289,0.77972,0.77988,1.50,2.25
2011.12.14 11:23:50.577,0.77978,0.7799,1.88,3.00
2011.12.14 11:23:50.658,0.77978,0.7799,1.88,3.00
2011.12.14 11:23:50.735,0.7798,0.7799,1.50,1.50
2011.12.14 11:23:50.874,0.7798,0.77993,1.50,1.50
2011.12.14 11:23:51.428,0.7798,0.77994,1.50,2.25
2011.12.14 11:23:53.122,0.77982,0.77996,1.50,2.25
2011.12.14 11:23:54.013,0.77979,0.77995,1.50,3.00
2011.12.14 11:23:54.573,0.7798,0.77995,1.88,3.00
2011.12.14 11:23:55.102,0.77979,0.77995,1.50,3.00
2011.12.14 11:23:55.436,0.77979,0.77995,1.50,2.25
2011.12.14 11:23:56.021,0.77979,0.77994,1.50,2.63
2011.12.14 11:23:58.595,0.77977,0.77991,3.75,1.50
2011.12.14 11:23:59.202,0.77977,0.7799,1.50,1.88
2011.12.14 11:23:59.489,0.77973,0.77989,2.25,1.50
2011.12.14 11:24:00.066,0.77975,0.7799,1.50,1.88
2011.12.14 11:24:00.630,0.77978,0.77994,1.50,5.48
2011.12.14 11:24:00.964,0.77978,0.7799,1.50,1.13
2011.12.14 11:24:03.128,0.77978,0.7799,1.50,1.13
2011.12.14 11:24:05.173,0.77978,0.7799,1.50,1.13
2011.12.14 11:24:06.882,0.7798,0.7799,1.88,1.13
2011.12.14 11:24:07.400,0.7798,0.77991,1.88,1.13
2011.12.14 11:24:09.164,0.77978,0.77991,2.25,1.13
2011.12.14 11:24:09.569,0.7798,0.77992,1.88,1.13
2011.12.14 11:24:09.657,0.77981,0.77997,1.50,2.25
2011.12.14 11:24:09.733,0.77981,0.77997,2.25,1.50
2011.12.14 11:24:10.300,0.77981,0.77996,2.25,2.25
2011.12.14 11:24:10.375,0.77981,0.77992,2.25,1.50
2011.12.14 11:24:11.155,0.77985,0.77996,1.88,1.13
2011.12.14 11:24:11.433,0.77988,0.77998,1.50,1.50
2011.12.14 11:24:11.637,0.77988,0.77999,1.50,1.13
2011.12.14 11:24:11.785,0.77986,0.77999,1.50,1.13
2011.12.14 11:24:12.312,0.77986,0.78,1.50,3.75
2011.12.14 11:24:13.128,0.77986,0.78,1.50,1.50
2011.12.14 11:24:16.240,0.77987,0.78002,1.50,4.13
2011.12.14 11:24:23.681,0.77985,0.77999,4.13,1.50
2011.12.14 11:24:24.154,0.77983,0.77997,2.25,1.50
2011.12.14 11:24:24.372,0.77983,0.77997,1.50,1.50
2011.12.14 11:24:24.641,0.77985,0.77999,1.50,3.75
2011.12.14 11:24:24.962,0.77985,0.77996,1.50,1.88
2011.12.14 11:24:25.577,0.77987,0.77996,1.50,1.88
2011.12.14 11:24:25.938,0.77991,0.77998,1.50,2.25
2011.12.14 11:24:26.018,0.77991,0.78003,1.50,1.50
2011.12.14 11:24:26.515,0.77991,0.78005,1.50,3.00
2011.12.14 11:24:27.073,0.77991,0.78004,1.50,1.88
2011.12.14 11:24:31.275,0.77993,0.78004,1.50,1.88
2011.12.14 11:24:31.678,0.77993,0.78009,2.25,2.25
2011.12.14 11:24:31.945,0.77996,0.7801,1.50,2.25
2011.12.14 11:24:32.383,0.77994,0.7801,1.50,2.25
2011.12.14 11:24:32.983,0.77994,0.7801,1.50,2.25
2011.12.14 11:24:33.992,0.77994,0.78009,1.50,2.10
2011.12.14 11:24:34.271,0.77996,0.78007,3.38,1.50
2011.12.14 11:24:34.412,0.77996,0.78011,3.38,1.50
2011.12.14 11:24:34.486,0.77999,0.7801,1.50,2.63
2011.12.14 11:24:34.624,0.77997,0.7801,1.50,2.63
2011.12.14 11:24:34.821,0.77994,0.7801,1.50,4.13
2011.12.14 11:24:35.473,0.77994,0.78006,1.50,1.88
2011.12.14 11:24:35.934,0.77991,0.78006,2.25,1.88
2011.12.14 11:24:36.074,0.77997,0.78007,1.50,1.50
2011.12.14 11:24:36.403,0.78,0.7801,1.50,2.63
2011.12.14 11:24:36.481,0.77996,0.78006,1.50,2.63
2011.12.14 11:24:36.555,0.77993,0.78006,1.50,2.63
2011.12.14 11:24:37.023,0.77989,0.78005,2.25,1.50
2011.12.14 11:24:37.542,0.77989,0.78005,1.50,2.25
2011.12.14 11:24:37.966,0.77989,0.78001,1.50,1.88
2011.12.14 11:24:38.526,0.77987,0.77998,1.50,1.88
2011.12.14 11:24:39.118,0.77987,0.77998,1.50,2.63
2011.12.14 11:24:39.664,0.77987,0.77998,1.50,2.63
2011.12.14 11:24:43.022,0.77987,0.78,1.50,2.63
2011.12.14 11:24:43.228,0.77992,0.78001,1.88,3.00
2011.12.14 11:24:43.583,0.77999,0.7801,1.50,1.88
2011.12.14 11:24:43.865,0.77999,0.78012,1.50,1.13
2011.12.14 11:24:44.595,0.78001,0.78014,1.50,1.50
2011.12.14 11:24:44.793,0.78001,0.78015,1.50,1.13
2011.12.14 11:24:53.115,0.78001,0.78015,1.50,2.63
2011.12.14 11:24:54.102,0.77998,0.78014,2.25,2.25
2011.12.14 11:24:54.622,0.77998,0.78014,1.50,2.25
2011.12.14 11:24:58.891,0.77998,0.78013,1.50,1.50
2011.12.14 11:24:59.035,0.77995,0.7801,1.50,2.63
2011.12.14 11:24:59.537,0.77993,0.78008,1.50,1.50
2011.12.14 11:25:00.455,0.77995,0.7801,1.50,3.00
2011.12.14 11:25:00.966,0.77995,0.7801,2.25,2.25
2011.12.14 11:25:01.243,0.77994,0.78008,1.50,1.50
2011.12.14 11:25:01.384,0.77992,0.78008,2.25,1.50
2011.12.14 11:25:01.512,0.77991,0.78004,2.25,1.50
2011.12.14 11:25:01.581,0.77991,0.78004,1.50,1.50
2011.12.14 11:25:03.762,0.7799,0.77999,2.25,1.88
2011.12.14 11:25:03.851,0.77985,0.77997,2.25,1.50
2011.12.14 11:25:04.206,0.77983,0.77997,2.25,1.50
2011.12.14 11:25:06.084,0.77983,0.77995,1.50,2.63
2011.12.14 11:25:06.153,0.7798,0.77994,1.50,1.50
2011.12.14 11:25:06.875,0.7798,0.77994,1.50,2.25
2011.12.14 11:25:06.944,0.77976,0.77992,3.00,1.50
2011.12.14 11:25:07.086,0.77976,0.77992,2.25,2.25
2011.12.14 11:25:07.419,0.77978,0.77992,1.88,2.25
2011.12.14 11:25:07.636,0.77979,0.77993,1.50,2.25
2011.12.14 11:25:09.126,0.77981,0.77996,1.50,2.10
2011.12.14 11:25:11.237,0.77981,0.77994,1.50,3.00
2011.12.14 11:25:11.315,0.77978,0.77992,2.25,1.50
2011.12.14 11:25:11.384,0.77974,0.7799,3.00,1.50
2011.12.14 11:25:11.511,0.77974,0.7799,2.25,2.25
2011.12.14 11:25:12.977,0.77977,0.7799,1.88,2.25
2011.12.14 11:25:13.455,0.77978,0.77992,1.50,2.25
2011.12.14 11:25:13.994,0.7798,0.77994,1.50,2.25
2011.12.14 11:25:14.275,0.7798,0.77994,1.50,1.50
2011.12.14 11:25:14.867,0.7798,0.77996,1.50,2.25
2011.12.14 11:25:15.422,0.77984,0.77997,1.50,1.13
2011.12.14 11:25:15.762,0.77984,0.78,1.50,1.50
2011.12.14 11:25:17.985,0.77984,0.77998,1.50,1.88
2011.12.14 11:25:18.700,0.77983,0.77997,1.50,2.25
2011.12.14 11:25:19.218,0.77984,0.77998,1.50,2.63
2011.12.14 11:25:20.091,0.77984,0.78,1.50,3.00
2011.12.14 11:25:20.704,0.77984,0.77995,1.50,1.88
2011.12.14 11:25:21.240,0.77983,0.77995,1.50,2.63
2011.12.14 11:25:21.327,0.7798,0.77994,1.50,1.50
2011.12.14 11:25:21.825,0.77977,0.77991,2.25,1.50
2011.12.14 11:25:22.393,0.77973,0.77989,2.25,1.50
2011.12.14 11:25:22.943,0.77974,0.77989,1.88,1.50
2011.12.14 11:25:23.452,0.77973,0.77989,2.25,1.50
2011.12.14 11:25:24.915,0.77974,0.77989,1.50,1.50
2011.12.14 11:25:25.273,0.77976,0.7799,1.50,4.88
2011.12.14 11:25:26.213,0.77977,0.7799,1.50,1.50
2011.12.14 11:25:26.296,0.77979,0.77993,1.50,1.88
2011.12.14 11:25:27.028,0.77976,0.77992,2.25,1.50
2011.12.14 11:25:28.958,0.77978,0.77994,2.25,4.88
2011.12.14 11:25:29.315,0.77982,0.77996,1.50,2.25
2011.12.14 11:25:29.451,0.77982,0.77996,1.50,2.25
2011.12.14 11:25:30.014,0.77979,0.77991,1.50,2.25
2011.12.14 11:25:30.400,0.77977,0.77991,2.25,2.25
2011.12.14 11:25:31.598,0.77978,0.77991,1.50,1.50
2011.12.14 11:25:31.806,0.7798,0.77994,1.50,2.25
2011.12.14 11:25:33.142,0.7798,0.77994,1.50,4.13
2011.12.14 11:25:33.643,0.77976,0.77992,2.25,1.50
2011.12.14 11:25:34.117,0.77976,0.7799,1.50,1.88
2011.12.14 11:25:35.415,0.77976,0.7799,1.50,2.63
2011.12.14 11:25:35.848,0.77979,0.77992,1.50,1.13
2011.12.14 11:25:37.141,0.77979,0.77993,1.50,1.50
2011.12.14 11:25:37.900,0.77979,0.77993,2.25,1.50
2011.12.14 11:25:41.041,0.77982,0.77996,1.50,3.00
2011.12.14 11:25:41.929,0.7798,0.77994,2.25,1.50
2011.12.14 11:25:42.534,0.7798,0.77994,2.25,1.50
2011.12.14 11:25:42.734,0.77977,0.77992,2.63,1.50
2011.12.14 11:25:42.871,0.77977,0.77992,2.63,1.50
2011.12.14 11:25:43.084,0.77975,0.77989,2.63,1.50
2011.12.14 11:25:43.611,0.77973,0.77989,3.00,2.25
2011.12.14 11:25:43.972,0.77978,0.77989,1.88,1.50
2011.12.14 11:25:44.502,0.77978,0.7799,1.88,1.50
2011.12.14 11:25:47.847,0.77978,0.77994,3.38,1.50
2011.12.14 11:25:48.278,0.77981,0.77997,3.38,3.38
2011.12.14 11:25:48.637,0.77985,0.77998,1.50,3.38
2011.12.14 11:25:48.902,0.77983,0.77997,3.00,3.00
2011.12.14 11:25:50.727,0.77984,0.77997,1.88,3.00
2011.12.14 11:25:58.912,0.77984,0.78,1.50,2.25
2011.12.14 11:25:59.450,0.77984,0.78,1.50,2.25
2011.12.14 11:26:00.465,0.77984,0.77998,1.50,1.88
2011.12.14 11:26:00.824,0.77982,0.77995,1.50,1.50
2011.12.14 11:26:00.899,0.7798,0.77995,1.88,1.50
2011.12.14 11:26:01.423,0.77979,0.77995,1.50,2.25
2011.12.14 11:26:02.113,0.77979,0.77995,1.50,2.25
2011.12.14 11:26:02.657,0.77985,0.77996,1.50,1.50
2011.12.14 11:26:02.739,0.77985,0.77998,1.50,3.00
2011.12.14 11:26:03.370,0.77985,0.77998,1.50,2.25
2011.12.14 11:26:06.275,0.77985,0.77999,1.50,1.50
2011.12.14 11:26:06.418,0.77993,0.78001,1.88,3.00
2011.12.14 11:26:06.846,0.77991,0.78001,2.25,1.50
2011.12.14 11:26:06.918,0.77991,0.78007,2.25,2.25
2011.12.14 11:26:06.999,0.77994,0.78007,1.50,1.50
2011.12.14 11:26:07.512,0.77992,0.78006,2.25,1.50
2011.12.14 11:26:07.573,0.77992,0.78006,1.50,1.50
2011.12.14 11:26:10.035,0.77992,0.78004,1.50,1.50
2011.12.14 11:26:10.460,0.7799,0.78002,1.88,1.50
2011.12.14 11:26:10.537,0.77988,0.78002,4.13,1.50
2011.12.14 11:26:10.685,0.77991,0.78005,1.50,2.25
2011.12.14 11:26:11.943,0.77991,0.78005,1.50,1.50
2011.12.14 11:26:12.710,0.77989,0.78004,2.25,1.50
2011.12.14 11:26:13.255,0.77988,0.78004,3.38,2.25
2011.12.14 11:26:13.907,0.77991,0.78005,1.50,3.00
2011.12.14 11:26:14.286,0.77994,0.78008,1.50,2.63
2011.12.14 11:26:14.813,0.77994,0.78008,1.50,2.63
2011.12.14 11:26:15.350,0.77994,0.78008,1.50,2.63
2011.12.14 11:26:15.801,0.77992,0.78006,1.50,1.50
2011.12.14 11:26:16.348,0.77992,0.78006,1.50,2.25
2011.12.14 11:26:16.942,0.77992,0.78003,1.50,1.88
2011.12.14 11:26:17.011,0.77989,0.78003,1.50,1.88
2011.12.14 11:26:17.482,0.77994,0.78005,1.50,1.50
2011.12.14 11:26:17.614,0.77994,0.78008,1.50,2.25
2011.12.14 11:26:18.051,0.77994,0.78007,1.50,1.13
2011.12.14 11:26:18.121,0.77992,0.78006,1.50,2.25
2011.12.14 11:26:18.454,0.7799,0.78004,1.50,1.50
2011.12.14 11:26:18.777,0.77988,0.78004,4.13,1.50
2011.12.14 11:26:18.985,0.77988,0.78002,2.25,1.88
2011.12.14 11:26:19.511,0.77988,0.78004,2.25,3.00
2011.12.14 11:26:20.542,0.77988,0.78004,2.25,2.25
2011.12.14 11:26:21.696,0.7799,0.78004,1.88,2.25
2011.12.14 11:26:21.906,0.77988,0.78004,2.25,2.25
2011.12.14 11:26:22.473,0.7799,0.78004,1.88,2.25
2011.12.14 11:26:22.683,0.77988,0.78004,2.25,2.25
2011.12.14 11:26:23.732,0.77988,0.78004,1.50,2.25
2011.12.14 11:26:24.402,0.77988,0.78004,2.25,2.25
2011.12.14 11:26:24.476,0.77991,0.78005,1.50,2.25
2011.12.14 11:26:24.981,0.77991,0.78005,1.50,2.25
2011.12.14 11:26:28.475,0.77991,0.78005,2.25,1.50
2011.12.14 11:26:28.821,0.77996,0.78007,1.50,1.50
2011.12.14 11:26:29.536,0.77996,0.78012,1.50,2.25
2011.12.14 11:26:29.602,0.77996,0.78012,1.50,4.13
2011.12.14 11:26:43.456,0.77998,0.78012,1.50,4.13
2011.12.14 11:26:44.022,0.77999,0.78012,1.50,2.63
2011.12.14 11:26:44.327,0.77994,0.7801,2.25,4.13
2011.12.14 11:26:44.408,0.77997,0.7801,1.88,2.25
2011.12.14 11:26:44.996,0.78,0.78012,1.50,1.88
2011.12.14 11:26:45.123,0.77998,0.78012,1.50,3.38
2011.12.14 11:26:47.915,0.77999,0.78012,1.50,2.63
2011.12.14 11:26:48.323,0.77997,0.78012,1.50,2.63
2011.12.14 11:26:48.961,0.77998,0.78012,1.50,2.63
2011.12.14 11:26:49.039,0.78,0.78012,1.50,2.63
2011.12.14 11:26:50.631,0.78,0.78013,1.50,1.88
2011.12.14 11:26:58.159,0.77998,0.78012,1.50,1.50
2011.12.14 11:26:58.243,0.77995,0.78009,3.38,1.50
2011.12.14 11:26:58.671,0.77992,0.78006,2.25,1.50
2011.12.14 11:26:59.324,0.77992,0.78006,2.25,4.35
2011.12.14 11:26:59.416,0.77987,0.78003,2.25,1.50
2011.12.14 11:26:59.494,0.77987,0.78003,2.25,1.50
2011.12.14 11:26:59.776,0.77987,0.78003,2.25,1.50
2011.12.14 11:27:00.330,0.77987,0.78003,1.50,2.25
2011.12.14 11:27:04.710,0.77987,0.78003,1.50,4.88
2011.12.14 11:27:04.983,0.77987,0.77999,1.50,1.88
2011.12.14 11:27:05.513,0.77986,0.77999,2.25,2.63
2011.12.14 11:27:05.827,0.77986,0.77999,1.50,3.38
2011.12.14 11:27:06.692,0.77986,0.77994,1.50,2.63
2011.12.14 11:27:06.825,0.77979,0.77994,3.00,2.63
2011.12.14 11:27:07.371,0.77982,0.77995,1.88,1.50
2011.12.14 11:27:07.735,0.77977,0.77991,2.25,4.13
2011.12.14 11:27:07.803,0.77977,0.77991,1.50,4.88
2011.12.14 11:27:08.072,0.77973,0.77989,2.25,1.50
2011.12.14 11:27:08.202,0.77973,0.77989,1.50,2.25
2011.12.14 11:27:12.214,0.77971,0.77985,1.50,1.50
2011.12.14 11:27:12.748,0.77969,0.77985,4.50,2.25
2011.12.14 11:27:12.973,0.77969,0.77985,3.75,2.25
2011.12.14 11:27:19.589,0.77973,0.77987,1.50,2.25
2011.12.14 11:27:19.973,0.77973,0.77987,1.50,2.25
2011.12.14 11:27:20.312,0.77973,0.77987,1.50,1.50
2011.12.14 11:27:24.224,0.77973,0.77985,1.50,1.88
2011.12.14 11:27:24.298,0.7797,0.77985,1.50,3.38
2011.12.14 11:27:24.444,0.77975,0.77985,1.88,1.50
2011.12.14 11:27:24.722,0.77978,0.7799,1.88,4.50
2011.12.14 11:27:25.447,0.77976,0.7799,2.25,1.50
2011.12.14 11:27:25.598,0.7798,0.77994,1.50,2.25
2011.12.14 11:27:28.737,0.7798,0.7799,1.50,1.88
2011.12.14 11:27:28.816,0.77978,0.7799,1.50,1.88
2011.12.14 11:27:29.184,0.77976,0.77992,2.25,2.85
2011.12.14 11:27:29.691,0.77977,0.77991,1.50,3.38
2011.12.14 11:27:30.367,0.77978,0.77994,1.50,4.88
2011.12.14 11:27:30.975,0.77978,0.77994,1.50,4.88
2011.12.14 11:27:33.460,0.77981,0.77994,1.50,3.38
2011.12.14 11:27:34.012,0.77984,0.77994,1.50,2.63
2011.12.14 11:27:34.091,0.77984,0.77998,1.50,1.50
2011.12.14 11:27:35.403,0.77982,0.77998,1.50,3.00
2011.12.14 11:27:35.684,0.77984,0.77998,1.50,1.50
2011.12.14 11:27:39.394,0.77982,0.77998,1.50,3.00
2011.12.14 11:27:39.591,0.77984,0.77998,1.50,1.50
2011.12.14 11:27:40.965,0.77984,0.77995,1.50,1.88
2011.12.14 11:27:41.503,0.77983,0.77995,1.50,1.88
2011.12.14 11:27:54.051,0.77985,0.77995,1.50,1.88
2011.12.14 11:27:54.930,0.77982,0.77995,2.25,1.88
2011.12.14 11:27:55.273,0.77979,0.77995,2.25,4.13
2011.12.14 11:27:55.537,0.77979,0.77995,1.50,4.88
2011.12.14 11:27:56.189,0.77979,0.77992,1.50,1.88
2011.12.14 11:27:56.520,0.77982,0.77992,1.50,1.88
2011.12.14 11:27:59.530,0.77982,0.77995,1.50,1.88
2011.12.14 11:28:06.025,0.77982,0.77996,1.50,4.13
2011.12.14 11:28:07.203,0.77983,0.77996,1.50,1.50
2011.12.14 11:28:07.274,0.77985,0.77998,1.50,1.88
2011.12.14 11:28:08.955,0.77987,0.78001,1.88,1.88
2011.12.14 11:28:09.158,0.77992,0.78004,1.50,1.50
2011.12.14 11:28:09.682,0.77992,0.78005,1.50,1.88
2011.12.14 11:28:10.564,0.77989,0.78003,1.50,1.50
2011.12.14 11:28:10.957,0.77991,0.78005,1.50,3.38
2011.12.14 11:28:11.276,0.77991,0.78005,1.50,3.75
2011.12.14 11:28:12.021,0.77988,0.78003,1.50,2.25
2011.12.14 11:28:13.992,0.77988,0.78004,1.50,1.50
2011.12.14 11:28:14.136,0.77992,0.78006,1.50,2.25
2011.12.14 11:28:14.971,0.77993,0.78007,1.50,2.63
2011.12.14 11:28:15.336,0.7799,0.78004,2.25,1.50
2011.12.14 11:28:15.863,0.7799,0.78004,2.25,1.50
2011.12.14 11:28:21.216,0.77983,0.77995,1.50,1.50
2011.12.14 11:28:22.971,0.77981,0.77995,3.00,1.50
2011.12.14 11:28:24.345,0.77981,0.77995,1.50,3.38
2011.12.14 11:28:24.416,0.77983,0.77995,1.50,1.88
2011.12.14 11:28:24.486,0.7798,0.77995,2.25,1.88
2011.12.14 11:28:25.316,0.7798,0.77996,2.25,1.50
2011.12.14 11:28:25.840,0.7798,0.77996,2.25,2.25
2011.12.14 11:28:27.330,0.77983,0.77998,1.50,1.35
2011.12.14 11:28:27.821,0.7798,0.77996,2.25,2.25
2011.12.14 11:28:29.621,0.77983,0.77999,1.50,4.13
2011.12.14 11:28:35.661,0.77983,0.77999,2.25,4.13
2011.12.14 11:28:35.738,0.77983,0.77999,4.13,2.25
2011.12.14 11:28:35.887,0.77986,0.78001,1.50,3.38
2011.12.14 11:28:36.377,0.77989,0.78002,1.50,2.25
2011.12.14 11:28:36.693,0.77991,0.78005,1.50,2.63
2011.12.14 11:28:39.363,0.77991,0.78005,1.50,2.63
2011.12.14 11:28:39.707,0.77994,0.78007,1.50,1.28
2011.12.14 11:28:41.476,0.77991,0.78006,1.50,2.63
2011.12.14 11:28:41.605,0.77989,0.78004,1.50,2.25
2011.12.14 11:28:42.061,0.77988,0.78004,1.50,4.13
2011.12.14 11:28:44.383,0.77986,0.78,1.50,1.50
2011.12.14 11:28:44.891,0.77986,0.78,1.50,2.25
2011.12.14 11:28:49.230,0.77987,0.78001,1.50,2.63
2011.12.14 11:28:51.485,0.77991,0.78004,1.50,1.50
2011.12.14 11:28:51.824,0.77994,0.78005,1.50,1.13
2011.12.14 11:28:52.463,0.77994,0.78005,1.50,1.13
2011.12.14 11:28:53.163,0.77994,0.78005,1.50,1.13
2011.12.14 11:28:54.344,0.77992,0.78006,1.50,4.13
2011.12.14 11:28:55.029,0.77992,0.78006,1.50,4.13
2011.12.14 11:29:00.701,0.77994,0.78006,1.50,2.63
2011.12.14 11:29:01.850,0.77994,0.78008,1.50,2.25
2011.12.14 11:29:02.816,0.77991,0.78005,1.50,2.63
2011.12.14 11:29:03.014,0.77989,0.78003,2.25,1.50
2011.12.14 11:29:03.809,0.77989,0.78003,1.50,2.25
2011.12.14 11:29:03.893,0.77991,0.78005,1.50,4.13
2011.12.14 11:29:05.685,0.77994,0.78007,1.50,2.63
2011.12.14 11:29:06.538,0.77994,0.78007,1.50,2.63
2011.12.14 11:29:15.320,0.77994,0.78008,1.50,2.63
2011.12.14 11:29:17.184,0.77994,0.78008,1.50,2.63
2011.12.14 11:29:17.969,0.77997,0.78009,1.50,1.13
2011.12.14 11:29:18.179,0.77999,0.78011,1.88,3.00
2011.12.14 11:29:18.324,0.78001,0.78015,1.50,3.00
2011.12.14 11:29:18.466,0.78003,0.78016,1.50,1.88
2011.12.14 11:29:18.535,0.78003,0.78016,1.50,3.23
2011.12.14 11:29:18.677,0.78,0.78016,1.50,4.73
2011.12.14 11:29:18.747,0.77996,0.78012,4.13,1.50
2011.12.14 11:29:19.124,0.77996,0.78009,1.88,2.25
2011.12.14 11:29:19.861,0.77996,0.78009,1.88,2.25
2011.12.14 11:29:21.812,0.77995,0.78009,1.50,2.25
2011.12.14 11:29:22.331,0.77995,0.78009,1.50,2.25
2011.12.14 11:29:22.752,0.77992,0.78006,2.63,2.25
2011.12.14 11:29:23.263,0.77994,0.78008,1.50,5.63
2011.12.14 11:29:25.683,0.77994,0.78008,1.50,4.13
2011.12.14 11:29:27.703,0.77994,0.78008,1.50,4.13
2011.12.14 11:29:30.110,0.77992,0.78006,1.50,2.25
2011.12.14 11:29:30.191,0.77988,0.78002,2.25,3.38
2011.12.14 11:29:31.327,0.77988,0.78002,1.50,2.25
2011.12.14 11:29:31.674,0.7799,0.78002,1.50,2.63
2011.12.14 11:29:32.206,0.77989,0.78002,1.50,2.63
2011.12.14 11:29:33.138,0.77989,0.78002,1.50,2.63
2011.12.14 11:29:38.801,0.77991,0.78005,1.50,3.75
2011.12.14 11:29:40.917,0.77995,0.78009,1.50,2.25
2011.12.14 11:29:42.026,0.77995,0.78009,1.50,2.25
2011.12.14 11:29:44.408,0.77997,0.78011,1.50,4.50
2011.12.14 11:29:47.841,0.77994,0.7801,1.50,2.25
2011.12.14 11:29:49.653,0.77994,0.7801,1.50,4.13
2011.12.14 11:29:52.533,0.77985,0.78001,3.75,1.50
2011.12.14 11:30:01.281,0.77985,0.78001,3.00,2.25
2011.12.14 11:30:01.801,0.77985,0.77995,1.50,1.50
2011.12.14 11:30:02.122,0.77979,0.77995,6.75,1.50
2011.12.14 11:30:02.719,0.77981,0.77997,2.25,1.50
2011.12.14 11:30:05.722,0.7798,0.77994,4.35,1.50
2011.12.14 11:30:07.100,0.77982,0.77997,1.50,1.50
2011.12.14 11:30:10.700,0.77981,0.77996,2.25,2.10
2011.12.14 11:30:10.774,0.77981,0.77994,1.50,1.35
2011.12.14 11:30:10.997,0.77977,0.77987,1.50,1.50
2011.12.14 11:30:11.688,0.77974,0.77987,1.50,1.50
2011.12.14 11:30:11.771,0.77973,0.77987,1.50,1.50
2011.12.14 11:30:13.109,0.77973,0.77987,1.50,2.25
2011.12.14 11:30:13.485,0.77969,0.77983,4.88,1.88
2011.12.14 11:30:13.950,0.77969,0.77982,1.50,1.50
2011.12.14 11:30:14.027,0.77965,0.77981,2.25,1.50
2011.12.14 11:30:14.586,0.77968,0.77981,1.88,1.50
2011.12.14 11:30:15.093,0.77968,0.77981,2.63,1.50
2011.12.14 11:30:17.026,0.77965,0.77981,5.25,1.50
2011.12.14 11:30:19.295,0.77972,0.77982,1.50,1.50
2011.12.14 11:30:19.366,0.77972,0.77987,1.50,1.50
2011.12.14 11:30:19.713,0.77978,0.77988,1.88,2.25
2011.12.14 11:30:19.931,0.77978,0.77991,1.88,1.50
2011.12.14 11:30:20.661,0.77978,0.77987,2.63,1.50
2011.12.14 11:30:20.833,0.77973,0.77987,2.63,1.50
2011.12.14 11:30:21.043,0.77974,0.7799,1.50,1.50
2011.12.14 11:30:22.585,0.77974,0.7799,2.25,1.50
2011.12.14 11:30:23.112,0.77976,0.7799,1.88,1.50
2011.12.14 11:30:24.516,0.77976,0.7799,2.63,1.50
2011.12.14 11:30:25.970,0.77977,0.77993,2.25,1.50
2011.12.14 11:30:26.174,0.77978,0.77993,2.25,1.50
2011.12.14 11:30:30.267,0.77977,0.77993,2.25,1.50
2011.12.14 11:30:30.336,0.77977,0.77993,1.50,2.25
2011.12.14 11:30:31.901,0.77977,0.77993,2.25,2.25
2011.12.14 11:30:32.103,0.77981,0.77994,1.50,1.50
2011.12.14 11:30:32.720,0.77981,0.77995,1.50,2.25
2011.12.14 11:30:36.185,0.77981,0.77995,1.50,3.00
2011.12.14 11:30:36.444,0.77979,0.77992,1.50,2.25
2011.12.14 11:30:36.973,0.77979,0.77993,1.50,1.50
2011.12.14 11:30:37.435,0.77977,0.77991,2.25,1.50
2011.12.14 11:30:37.840,0.77975,0.77988,1.50,1.50
2011.12.14 11:30:38.058,0.77975,0.77988,1.50,1.50
2011.12.14 11:30:39.377,0.77972,0.77985,3.38,1.50
2011.12.14 11:30:39.737,0.77969,0.77983,2.25,1.50
2011.12.14 11:30:39.806,0.77969,0.77978,2.25,1.50
2011.12.14 11:30:40.075,0.77965,0.77978,1.50,1.50
2011.12.14 11:30:40.687,0.77963,0.77978,3.38,1.50
2011.12.14 11:30:40.765,0.77964,0.7798,2.25,1.50
2011.12.14 11:30:41.132,0.77967,0.7798,1.88,1.50
2011.12.14 11:30:41.558,0.7797,0.77985,1.50,3.00
2011.12.14 11:30:41.705,0.7797,0.77982,1.50,2.63
2011.12.14 11:30:41.847,0.77964,0.7798,4.13,1.50
2011.12.14 11:30:42.115,0.77964,0.7798,4.88,1.50
2011.12.14 11:30:42.711,0.77965,0.7798,1.88,1.50
2011.12.14 11:30:49.926,0.77964,0.7798,1.50,3.00
2011.12.14 11:30:50.709,0.77962,0.77978,2.25,1.50
2011.12.14 11:30:51.532,0.77964,0.7798,1.50,3.00
2011.12.14 11:30:57.247,0.77964,0.7798,4.13,2.25
2011.12.14 11:30:59.434,0.77962,0.77978,2.25,3.75
2011.12.14 11:30:59.767,0.77965,0.77978,1.50,1.13
2011.12.14 11:31:00.117,0.77958,0.77974,4.50,1.50
2011.12.14 11:31:00.374,0.77959,0.77973,2.25,1.50
2011.12.14 11:31:02.132,0.77957,0.77971,3.00,1.50
2011.12.14 11:31:02.566,0.77957,0.77971,1.50,2.25
2011.12.14 11:31:02.785,0.77957,0.7797,1.50,2.85
2011.12.14 11:31:03.133,0.77955,0.77967,1.50,2.85
2011.12.14 11:31:03.528,0.77951,0.77965,4.50,1.50
2011.12.14 11:31:04.366,0.77952,0.77968,2.25,5.10
2011.12.14 11:31:04.902,0.77953,0.77968,1.88,2.85
2011.12.14 11:31:04.972,0.77953,0.77968,2.48,2.25
2011.12.14 11:31:05.046,0.77956,0.77969,1.50,1.50
2011.12.14 11:31:05.456,0.77952,0.77966,4.13,2.25
2011.12.14 11:31:05.858,0.77952,0.77963,2.63,1.50
2011.12.14 11:31:06.006,0.77951,0.77965,2.25,3.75
2011.12.14 11:31:06.566,0.77951,0.77965,1.50,2.85
2011.12.14 11:31:08.196,0.77954,0.77965,1.88,2.85
2011.12.14 11:31:08.336,0.77954,0.77968,1.50,1.50
2011.12.14 11:31:08.405,0.77959,0.7797,1.50,2.63
2011.12.14 11:31:08.935,0.77959,0.77968,1.50,1.50
2011.12.14 11:31:09.483,0.77955,0.77966,1.88,1.50
2011.12.14 11:31:10.154,0.77953,0.77966,3.00,1.50
2011.12.14 11:31:10.691,0.77952,0.77966,2.25,1.50
2011.12.14 11:31:10.822,0.77952,0.77966,2.25,1.50
2011.12.14 11:31:11.253,0.77956,0.77966,1.88,1.50
2011.12.14 11:31:11.690,0.77953,0.77964,3.00,1.88
2011.12.14 11:31:12.168,0.77949,0.77963,1.50,1.88
2011.12.14 11:31:12.623,0.77946,0.7796,2.25,1.50
2011.12.14 11:31:12.953,0.77951,0.7796,1.88,1.50
2011.12.14 11:31:13.094,0.77952,0.77966,1.50,1.50
2011.12.14 11:31:13.632,0.77948,0.7796,3.38,1.50
2011.12.14 11:31:14.154,0.77948,0.77963,3.38,2.25
2011.12.14 11:31:14.352,0.77948,0.77964,3.38,2.85
2011.12.14 11:31:14.898,0.77946,0.77961,2.63,1.50
2011.12.14 11:31:15.323,0.77948,0.77964,2.25,2.25
2011.12.14 11:31:17.954,0.77951,0.77964,1.88,2.25
2011.12.14 11:31:19.421,0.77948,0.77958,2.25,1.88
2011.12.14 11:31:19.569,0.77946,0.77958,3.75,2.63
2011.12.14 11:31:19.927,0.77948,0.77964,1.50,2.25
2011.12.14 11:31:20.001,0.7795,0.77964,1.88,1.50
2011.12.14 11:31:20.536,0.77948,0.77964,2.25,1.50
2011.12.14 11:31:21.288,0.77948,0.77961,2.25,1.88
2011.12.14 11:31:21.856,0.77944,0.77956,3.00,1.50
2011.12.14 11:31:21.929,0.77942,0.77956,2.25,1.50
2011.12.14 11:31:22.010,0.77945,0.77957,1.50,1.88
2011.12.14 11:31:22.885,0.77947,0.77957,1.50,1.88
2011.12.14 11:31:23.223,0.77948,0.77959,1.88,1.13
2011.12.14 11:31:23.294,0.7795,0.77963,1.50,3.75
2011.12.14 11:31:23.435,0.7795,0.77963,1.50,3.00
2011.12.14 11:31:23.575,0.77953,0.77965,1.50,1.50
2011.12.14 11:31:23.642,0.7795,0.77966,1.50,4.13
2011.12.14 11:31:24.176,0.7795,0.77963,1.50,1.35
2011.12.14 11:31:24.873,0.77948,0.77959,3.00,2.63
2011.12.14 11:31:25.022,0.77942,0.77957,1.50,1.50
2011.12.14 11:31:25.126,0.77941,0.77957,2.25,1.50
2011.12.14 11:31:25.651,0.77943,0.77959,1.50,4.13
2011.12.14 11:31:26.164,0.77943,0.77959,1.50,4.13
2011.12.14 11:31:27.037,0.77943,0.77957,1.50,2.63
2011.12.14 11:31:27.114,0.77939,0.77953,6.00,3.38
2011.12.14 11:31:27.261,0.77939,0.77953,3.00,4.13
2011.12.14 11:31:27.615,0.77939,0.77953,3.00,3.38
2011.12.14 11:31:27.761,0.77939,0.77953,2.25,4.13
2011.12.14 11:31:27.835,0.77939,0.77953,1.50,4.88
2011.12.14 11:31:28.439,0.77939,0.77953,1.50,4.13
2011.12.14 11:31:28.537,0.77941,0.77955,1.50,2.25
2011.12.14 11:31:28.812,0.77942,0.77955,1.88,2.25
2011.12.14 11:31:29.032,0.77944,0.77957,1.50,3.00
2011.12.14 11:31:29.110,0.77944,0.77957,1.50,1.50
2011.12.14 11:31:29.260,0.77947,0.77957,1.50,1.50
2011.12.14 11:31:30.011,0.77949,0.77958,1.50,1.50
2011.12.14 11:31:30.168,0.7795,0.7796,1.88,1.50
2011.12.14 11:31:30.462,0.7795,0.77965,2.63,3.75
2011.12.14 11:31:30.754,0.7795,0.77965,1.88,3.00
2011.12.14 11:31:31.304,0.77949,0.77965,1.50,4.88
2011.12.14 11:31:31.938,0.77948,0.77962,2.25,1.50
2011.12.14 11:31:32.283,0.77948,0.7796,1.50,1.88
2011.12.14 11:31:34.974,0.77944,0.77959,1.50,2.63
2011.12.14 11:31:35.048,0.77942,0.77956,2.63,1.50
2011.12.14 11:31:35.267,0.77939,0.77953,2.25,1.50
2011.12.14 11:31:39.621,0.77941,0.77955,1.50,4.13
2011.12.14 11:31:40.014,0.77941,0.77953,1.50,1.88
2011.12.14 11:31:40.814,0.77938,0.77953,2.25,1.88
2011.12.14 11:31:41.355,0.7794,0.77953,1.50,1.88
2011.12.14 11:31:41.913,0.7794,0.77954,2.25,1.88
2011.12.14 11:31:42.552,0.77939,0.77954,2.25,3.38
2011.12.14 11:31:43.107,0.77938,0.77954,1.50,4.13
2011.12.14 11:31:43.678,0.77944,0.77954,1.88,1.50
2011.12.14 11:31:44.036,0.77947,0.77958,1.50,2.10
2011.12.14 11:31:44.105,0.77944,0.77959,1.50,3.23
2011.12.14 11:31:44.234,0.77944,0.77959,1.50,3.38
2011.12.14 11:31:44.307,0.77942,0.77956,3.75,2.25
2011.12.14 11:31:44.892,0.77942,0.77955,2.25,1.88
2011.12.14 11:31:45.617,0.77942,0.77956,4.13,1.50
2011.12.14 11:31:45.689,0.77945,0.77959,1.50,3.00
2011.12.14 11:31:46.357,0.77947,0.77961,1.50,2.63
2011.12.14 11:31:46.605,0.77947,0.77961,3.38,1.50
2011.12.14 11:31:48.225,0.7795,0.77964,1.50,2.25
2011.12.14 11:31:48.741,0.7795,0.77964,2.25,1.50
2011.12.14 11:31:49.364,0.77955,0.77964,1.88,1.50
2011.12.14 11:31:49.567,0.77955,0.77968,1.88,2.25
2011.12.14 11:31:49.699,0.77955,0.77967,1.88,1.35
2011.12.14 11:31:50.205,0.77953,0.77962,1.50,1.88
2011.12.14 11:31:50.286,0.77947,0.77962,1.50,1.88
2011.12.14 11:31:50.426,0.77949,0.77962,1.50,1.88
2011.12.14 11:31:50.803,0.77951,0.77965,1.50,2.25
2011.12.14 11:31:51.124,0.77952,0.77967,2.25,1.88
2011.12.14 11:31:51.656,0.7795,0.77966,1.50,1.50
2011.12.14 11:31:51.726,0.77953,0.77967,3.38,5.85
2011.12.14 11:31:52.424,0.7795,0.7796,1.50,1.50
2011.12.14 11:31:52.509,0.77947,0.77962,2.63,1.50
2011.12.14 11:31:52.932,0.77947,0.77962,2.63,1.50
2011.12.14 11:31:56.423,0.77951,0.77962,1.88,1.50
2011.12.14 11:31:56.563,0.77951,0.77965,1.88,2.25
2011.12.14 11:31:56.766,0.77949,0.77965,2.25,2.25
2011.12.14 11:31:57.946,0.77953,0.77965,1.88,2.25
2011.12.14 11:31:58.283,0.77955,0.77966,1.50,1.50
2011.12.14 11:31:58.566,0.77947,0.77962,2.25,1.88
2011.12.14 11:31:58.635,0.77947,0.77962,1.50,1.88
2011.12.14 11:31:58.834,0.7795,0.77962,1.50,1.88
2011.12.14 11:31:59.151,0.77952,0.77964,1.88,1.50
2011.12.14 11:31:59.693,0.7795,0.77961,2.25,1.88
2011.12.14 11:31:59.838,0.77947,0.77961,3.00,6.38
2011.12.14 11:31:59.915,0.77943,0.77957,4.13,1.50
2011.12.14 11:32:00.053,0.77943,0.77957,4.88,1.50
2011.12.14 11:32:00.124,0.77946,0.7796,1.50,1.50
2011.12.14 11:32:00.254,0.77948,0.7796,1.88,1.50
2011.12.14 11:32:00.806,0.77949,0.77962,2.25,1.88
2011.12.14 11:32:05.003,0.77949,0.77963,2.25,3.38
2011.12.14 11:32:05.543,0.77949,0.77963,1.50,6.38
2011.12.14 11:32:06.994,0.77949,0.77962,1.50,2.10
2011.12.14 11:32:07.123,0.77946,0.7796,2.25,1.50
2011.12.14 11:32:07.755,0.77946,0.7796,2.25,1.50
2011.12.14 11:32:07.902,0.77944,0.77958,3.38,2.10
2011.12.14 11:32:08.260,0.77942,0.77958,2.25,2.25
2011.12.14 11:32:08.341,0.77941,0.77955,1.50,1.50
2011.12.14 11:32:08.699,0.7794,0.77955,1.50,1.50
2011.12.14 11:32:09.337,0.77942,0.77958,2.25,3.38
2011.12.14 11:32:09.472,0.77942,0.77958,2.25,4.13
2011.12.14 11:32:10.396,0.77939,0.77955,5.48,1.50
2011.12.14 11:32:10.735,0.77937,0.77951,2.25,1.50
2011.12.14 11:32:13.425,0.77944,0.77951,1.88,1.50
2011.12.14 11:32:13.495,0.77944,0.77954,1.88,1.50
2011.12.14 11:32:14.028,0.77945,0.77959,1.50,2.63
2011.12.14 11:32:14.104,0.77942,0.77958,2.25,2.25
2011.12.14 11:32:14.246,0.77945,0.77959,2.25,2.63
2011.12.14 11:32:14.590,0.77945,0.77961,2.25,3.00
2011.12.14 11:32:15.005,0.77945,0.77961,2.25,2.25
2011.12.14 11:32:17.288,0.77949,0.77962,1.50,1.88
2011.12.14 11:32:18.115,0.77949,0.77963,2.25,1.50
2011.12.14 11:32:24.104,0.77949,0.77962,2.25,1.88
2011.12.14 11:32:24.455,0.77946,0.77961,2.25,1.50
2011.12.14 11:32:25.124,0.77945,0.77961,5.63,1.50
2011.12.14 11:32:25.636,0.77945,0.77961,5.63,1.50
2011.12.14 11:32:26.276,0.77948,0.77964,3.00,2.25
2011.12.14 11:32:27.633,0.77948,0.77964,3.00,1.50
2011.12.14 11:32:27.779,0.77952,0.77966,1.50,2.25
2011.12.14 11:32:28.093,0.77954,0.77968,2.25,1.88
2011.12.14 11:32:29.375,0.77954,0.7797,2.25,4.13
2011.12.14 11:32:29.964,0.77954,0.7797,2.25,4.50
2011.12.14 11:32:32.774,0.77954,0.7797,2.25,4.13
2011.12.14 11:32:33.720,0.77954,0.7797,1.50,4.13
2011.12.14 11:32:34.212,0.7795,0.77963,2.63,1.50
2011.12.14 11:32:34.784,0.7795,0.77957,1.50,1.50
2011.12.14 11:32:35.337,0.77949,0.77957,1.50,1.50
2011.12.14 11:32:35.553,0.77943,0.77957,4.88,1.50
2011.12.14 11:32:36.103,0.77945,0.77957,1.50,1.50
2011.12.14 11:32:36.174,0.77947,0.77961,1.50,1.50
2011.12.14 11:32:36.793,0.77953,0.77965,1.50,1.88
2011.12.14 11:32:37.320,0.77951,0.77965,2.25,1.88
2011.12.14 11:32:39.236,0.77951,0.77965,2.25,1.88
2011.12.14 11:32:43.339,0.77951,0.77964,2.25,1.88
2011.12.14 11:32:43.543,0.77947,0.77963,2.25,1.50
2011.12.14 11:32:51.702,0.77949,0.77965,2.25,1.50
2011.12.14 11:32:53.594,0.77949,0.77964,2.25,1.88
2011.12.14 11:32:53.668,0.77948,0.77962,2.25,1.50
2011.12.14 11:32:54.004,0.77945,0.77959,3.00,1.50
2011.12.14 11:32:55.164,0.77948,0.77961,2.63,1.50
2011.12.14 11:32:55.250,0.7795,0.77964,2.25,1.50
2011.12.14 11:33:00.674,0.77951,0.77964,1.88,1.50
2011.12.14 11:33:03.944,0.7795,0.77962,1.50,1.50
2011.12.14 11:33:06.475,0.77948,0.77962,2.25,1.50
2011.12.14 11:33:06.549,0.77946,0.77959,2.63,1.50
2011.12.14 11:33:07.136,0.77945,0.77959,3.00,1.50
2011.12.14 11:33:07.953,0.77945,0.77959,2.25,1.50
2011.12.14 11:33:08.712,0.77946,0.77961,2.25,1.88
2011.12.14 11:33:09.433,0.77946,0.77962,2.25,1.50
2011.12.14 11:33:10.192,0.77946,0.77962,2.25,1.50
2011.12.14 11:33:10.606,0.77953,0.77967,1.50,2.63
2011.12.14 11:33:11.032,0.77956,0.7797,1.50,2.63
2011.12.14 11:33:11.112,0.77954,0.77968,2.25,1.50
2011.12.14 11:33:11.662,0.77955,0.77971,1.50,2.63
2011.12.14 11:33:12.328,0.77955,0.77971,1.50,2.63
2011.12.14 11:33:14.126,0.77955,0.77971,2.25,1.88
2011.12.14 11:33:14.721,0.77955,0.77971,2.25,3.75
2011.12.14 11:33:15.251,0.77955,0.77971,2.25,4.50
2011.12.14 11:33:15.553,0.77955,0.77971,2.25,3.75
2011.12.14 11:33:16.900,0.77953,0.77969,4.13,1.50
2011.12.14 11:33:16.982,0.77953,0.77969,4.13,1.50
2011.12.14 11:33:17.636,0.77953,0.77969,4.13,1.50
2011.12.14 11:33:18.205,0.77953,0.77968,2.25,1.88
2011.12.14 11:33:18.459,0.77953,0.77968,1.50,1.88
2011.12.14 11:33:23.225,0.77953,0.77969,2.25,1.50
2011.12.14 11:33:23.433,0.77953,0.77969,2.25,1.50
2011.12.14 11:33:24.574,0.77952,0.77966,1.50,1.50
2011.12.14 11:33:25.021,0.77952,0.77966,1.50,1.50
2011.12.14 11:33:25.168,0.77952,0.77968,3.00,5.63
2011.12.14 11:33:25.532,0.77957,0.77968,1.88,1.50
2011.12.14 11:33:25.749,0.77952,0.77968,6.38,1.50
2011.12.14 11:33:25.885,0.77955,0.77971,2.25,1.50
2011.12.14 11:33:25.956,0.77955,0.77971,2.25,1.50
2011.12.14 11:33:26.284,0.77954,0.77968,1.50,1.50
2011.12.14 11:33:26.916,0.77954,0.77968,2.25,1.50
2011.12.14 11:33:26.982,0.77956,0.7797,1.50,1.88
2011.12.14 11:33:28.324,0.77954,0.77968,2.25,1.50
2011.12.14 11:33:28.582,0.77956,0.7797,1.50,1.88
2011.12.14 11:33:35.845,0.77954,0.77968,2.25,1.50
2011.12.14 11:33:36.334,0.77952,0.77966,4.13,1.50
2011.12.14 11:33:37.091,0.77953,0.77967,2.25,1.50
2011.12.14 11:33:37.518,0.77956,0.77967,1.88,1.50
2011.12.14 11:33:37.736,0.77956,0.77972,3.38,3.60
2011.12.14 11:33:38.253,0.77956,0.77972,3.38,2.10
2011.12.14 11:33:38.853,0.77956,0.77972,3.38,2.85
2011.12.14 11:33:39.183,0.77954,0.77968,2.25,1.50
2011.12.14 11:33:39.641,0.77952,0.77965,2.25,1.50
2011.12.14 11:33:39.722,0.77952,0.77967,2.25,1.88
2011.12.14 11:33:42.563,0.77952,0.77967,3.00,1.88
2011.12.14 11:33:42.752,0.77957,0.77968,1.88,2.25
2011.12.14 11:33:42.965,0.77954,0.77967,1.50,1.88
2011.12.14 11:33:43.724,0.77954,0.77968,1.50,1.50
2011.12.14 11:33:47.724,0.77952,0.77965,1.50,1.50
2011.12.14 11:33:48.282,0.77952,0.77965,1.50,1.50
2011.12.14 11:33:52.412,0.77957,0.77965,4.50,1.50
2011.12.14 11:33:52.555,0.77959,0.77967,2.63,1.50
2011.12.14 11:33:52.626,0.77959,0.7797,2.63,1.50
2011.12.14 11:33:52.765,0.77956,0.77967,1.50,1.88
2011.12.14 11:33:53.147,0.77951,0.77965,2.25,1.50
2011.12.14 11:33:54.272,0.77949,0.77962,4.88,1.50
2011.12.14 11:33:56.262,0.77948,0.77962,2.25,1.50
2011.12.14 11:34:01.187,0.77951,0.77965,2.25,3.00
2011.12.14 11:34:02.313,0.77952,0.77968,2.25,2.63
2011.12.14 11:34:02.387,0.77951,0.77965,2.25,1.50
2011.12.14 11:34:02.733,0.77948,0.77962,2.25,1.50
2011.12.14 11:34:05.009,0.77948,0.77962,2.25,4.13
2011.12.14 11:34:05.229,0.77948,0.77962,2.25,4.13
2011.12.14 11:34:05.990,0.77948,0.77962,2.25,4.13
2011.12.14 11:34:06.552,0.77944,0.77956,1.88,2.25
2011.12.14 11:34:06.635,0.7794,0.77954,2.63,1.50
2011.12.14 11:34:06.710,0.7794,0.77954,2.63,1.50
2011.12.14 11:34:06.987,0.77938,0.7795,1.50,1.50
2011.12.14 11:34:07.058,0.77936,0.7795,1.50,1.50
2011.12.14 11:34:07.349,0.77939,0.77953,1.50,2.85
2011.12.14 11:34:08.513,0.77939,0.77952,1.50,1.50
2011.12.14 11:34:08.584,0.77936,0.77951,1.50,1.50
2011.12.14 11:34:08.655,0.77936,0.77948,1.50,1.50
2011.12.14 11:34:09.185,0.77936,0.77949,3.38,1.50
2011.12.14 11:34:10.272,0.77937,0.77952,1.50,1.50
2011.12.14 11:34:10.809,0.77936,0.77951,3.38,1.50
2011.12.14 11:34:11.028,0.77935,0.7795,1.50,2.63
2011.12.14 11:34:11.389,0.77932,0.77945,2.63,1.50
2011.12.14 11:34:12.296,0.77932,0.77945,1.88,1.50
2011.12.14 11:34:12.800,0.77931,0.77945,1.50,1.50
2011.12.14 11:34:18.492,0.77931,0.7794,1.50,1.88
2011.12.14 11:34:18.640,0.77928,0.7794,3.00,2.63
2011.12.14 11:34:19.170,0.77928,0.77939,1.50,1.50
2011.12.14 11:34:19.258,0.77922,0.77935,2.25,1.50
2011.12.14 11:34:19.469,0.77924,0.77938,2.25,2.25
2011.12.14 11:34:19.549,0.77925,0.7794,3.38,2.25
2011.12.14 11:34:19.907,0.77925,0.77939,1.50,4.13
2011.12.14 11:34:20.113,0.77922,0.77937,2.25,2.25
2011.12.14 11:34:20.188,0.77921,0.77935,2.25,1.50
2011.12.14 11:34:20.812,0.77921,0.77935,2.25,1.50
2011.12.14 11:34:21.815,0.77924,0.77937,1.88,2.25
2011.12.14 11:34:23.385,0.77923,0.77937,1.50,2.25
2011.12.14 11:34:23.734,0.7792,0.77934,2.25,1.50
2011.12.14 11:34:24.253,0.7792,0.77934,1.50,1.50
2011.12.14 11:34:24.554,0.77924,0.77937,1.50,2.25
2011.12.14 11:34:24.911,0.77926,0.77939,1.50,2.63
2011.12.14 11:34:25.951,0.77924,0.77938,3.38,2.25
2011.12.14 11:34:26.081,0.77924,0.77938,3.38,2.25
2011.12.14 11:34:27.711,0.77927,0.77941,1.50,5.03
2011.12.14 11:34:28.244,0.77929,0.77941,1.88,2.03
2011.12.14 11:34:28.329,0.77925,0.77939,1.88,1.50
2011.12.14 11:34:28.610,0.77925,0.77939,2.63,1.50
2011.12.14 11:34:28.969,0.77923,0.77939,3.75,1.50
2011.12.14 11:34:29.386,0.77923,0.77939,3.00,2.25
2011.12.14 11:34:29.943,0.77923,0.77938,1.50,2.25
2011.12.14 11:34:30.019,0.7792,0.77936,3.00,2.25
2011.12.14 11:34:30.553,0.77921,0.77936,1.88,2.25
2011.12.14 11:34:32.656,0.77918,0.77932,1.50,1.50
2011.12.14 11:34:33.155,0.77918,0.77932,1.50,2.25
2011.12.14 11:34:33.766,0.77919,0.77934,1.50,2.63
2011.12.14 11:34:34.951,0.77919,0.77935,2.25,2.25
2011.12.14 11:34:35.310,0.77933,0.77939,1.88,1.50
2011.12.14 11:34:35.393,0.77933,0.77938,1.88,2.25
2011.12.14 11:34:35.476,0.77937,0.77942,1.50,1.50
2011.12.14 11:34:36.048,0.77939,0.77945,1.50,1.50
2011.12.14 11:34:36.140,0.77938,0.77951,1.50,1.50
2011.12.14 11:34:36.644,0.77938,0.77952,1.50,1.50
2011.12.14 11:34:36.983,0.77937,0.77949,1.50,1.50
2011.12.14 11:34:37.057,0.77935,0.77949,1.50,1.50
2011.12.14 11:34:37.903,0.77937,0.77952,1.50,1.88
2011.12.14 11:34:38.711,0.77935,0.77949,1.50,2.25
2011.12.14 11:34:39.257,0.77932,0.77948,2.25,1.50
2011.12.14 11:34:39.542,0.77938,0.77948,1.88,1.50
2011.12.14 11:34:39.691,0.77938,0.77953,1.88,3.00
2011.12.14 11:34:40.561,0.77937,0.77952,1.50,2.63
2011.12.14 11:34:41.197,0.77938,0.77953,1.88,2.25
2011.12.14 11:34:41.344,0.77941,0.77955,1.50,3.00
2011.12.14 11:34:41.416,0.77941,0.77955,1.50,3.00
2011.12.14 11:34:41.485,0.77941,0.77952,1.50,1.88
2011.12.14 11:34:41.766,0.77939,0.77953,1.50,2.25
2011.12.14 11:34:42.108,0.77938,0.77953,1.50,2.63
2011.12.14 11:34:42.718,0.77936,0.7795,2.25,1.50
2011.12.14 11:34:45.918,0.77938,0.77952,1.50,2.25
2011.12.14 11:34:45.993,0.77938,0.77952,1.50,2.25
2011.12.14 11:34:47.541,0.7794,0.77953,1.50,1.88
2011.12.14 11:34:47.897,0.77944,0.77956,1.88,1.50
2011.12.14 11:34:48.249,0.77941,0.77954,1.50,1.50
2011.12.14 11:34:48.754,0.7794,0.77954,2.25,1.50
2011.12.14 11:34:50.066,0.77942,0.77956,1.50,1.50
2011.12.14 11:34:50.203,0.77942,0.77957,2.25,2.63
2011.12.14 11:34:50.556,0.7795,0.77964,1.50,2.25
2011.12.14 11:34:51.077,0.7795,0.77964,1.50,2.25
2011.12.14 11:34:51.293,0.77948,0.77962,2.25,1.50
2011.12.14 11:34:51.362,0.77945,0.7796,4.88,1.50
2011.12.14 11:34:51.578,0.77943,0.77956,3.00,1.50
2011.12.14 11:34:51.722,0.7794,0.77956,4.73,1.50
2011.12.14 11:34:53.526,0.7794,0.77956,1.50,4.13
2011.12.14 11:34:54.042,0.77941,0.77956,1.88,2.25
2011.12.14 11:34:54.312,0.77943,0.77957,1.50,2.63
2011.12.14 11:34:54.897,0.77943,0.77959,1.50,4.13
2011.12.14 11:34:55.567,0.77943,0.77959,1.50,4.13
2011.12.14 11:34:56.116,0.77942,0.77956,1.50,2.25
2011.12.14 11:34:56.891,0.77945,0.77959,1.50,3.00
2011.12.14 11:34:57.105,0.7794,0.77956,2.25,1.50
2011.12.14 11:34:57.176,0.77942,0.77956,1.88,2.25
2011.12.14 11:34:57.653,0.77942,0.77956,2.63,2.25
2011.12.14 11:34:57.994,0.77942,0.77956,1.88,2.25
2011.12.14 11:35:00.048,0.77942,0.77956,1.88,3.00
2011.12.14 11:35:00.325,0.7794,0.77954,1.50,3.00
2011.12.14 11:35:00.395,0.7794,0.77954,1.50,3.75
2011.12.14 11:35:00.992,0.7794,0.77954,1.50,2.25
2011.12.14 11:35:03.125,0.7794,0.77954,1.50,2.25
2011.12.14 11:35:04.660,0.7794,0.77952,1.50,1.35
2011.12.14 11:35:05.002,0.77934,0.77948,1.50,1.50
2011.12.14 11:35:05.570,0.77937,0.7795,1.50,2.25
2011.12.14 11:35:08.667,0.77937,0.77946,1.50,1.88
2011.12.14 11:35:09.006,0.77937,0.7795,1.50,1.50
2011.12.14 11:35:09.076,0.77934,0.77948,1.50,2.25
2011.12.14 11:35:13.032,0.77934,0.77948,1.50,2.25
2011.12.14 11:35:14.172,0.77934,0.77947,1.50,1.88
2011.12.14 11:35:14.985,0.77934,0.77948,1.50,2.25
2011.12.14 11:35:15.613,0.77934,0.77948,1.50,2.25
2011.12.14 11:35:16.155,0.77935,0.77948,1.88,2.25
2011.12.14 11:35:16.816,0.77935,0.77948,1.88,2.25
2011.12.14 11:35:18.184,0.77934,0.77948,3.38,2.25
2011.12.14 11:35:18.738,0.77934,0.77948,1.50,2.25
2011.12.14 11:35:19.027,0.7793,0.77946,1.50,2.25
2011.12.14 11:35:19.836,0.7793,0.77941,1.50,1.88
2011.12.14 11:35:19.919,0.77925,0.77941,6.00,3.38
2011.12.14 11:35:20.004,0.77925,0.77939,2.25,1.50
2011.12.14 11:35:20.520,0.77926,0.7794,2.25,1.50
2011.12.14 11:35:21.414,0.77926,0.7794,1.50,1.50
2011.12.14 11:35:22.454,0.77926,0.7794,1.50,3.00
2011.12.14 11:35:22.670,0.77923,0.77939,3.38,2.25
2011.12.14 11:35:22.871,0.77925,0.77941,1.50,3.00
2011.12.14 11:35:23.723,0.77926,0.77941,3.38,2.25
2011.12.14 11:35:25.199,0.77926,0.77942,3.38,2.25
2011.12.14 11:35:29.535,0.77924,0.77938,2.25,1.50
2011.12.14 11:35:30.241,0.77924,0.77938,1.50,2.25
2011.12.14 11:35:30.764,0.77926,0.7794,2.10,2.25
2011.12.14 11:35:31.122,0.77934,0.77942,2.10,2.63
2011.12.14 11:35:31.285,0.77936,0.77945,2.85,1.50
2011.12.14 11:35:31.786,0.77943,0.77952,2.25,1.50
2011.12.14 11:35:32.000,0.77949,0.77955,1.50,1.50
2011.12.14 11:35:32.431,0.77949,0.77959,1.50,1.50
2011.12.14 11:35:32.508,0.77949,0.77959,1.50,1.50
2011.12.14 11:35:33.140,0.77949,0.77959,1.50,1.50
2011.12.14 11:35:35.280,0.77949,0.77963,1.50,2.25
2011.12.14 11:35:35.566,0.77952,0.77964,1.50,2.25
2011.12.14 11:35:35.776,0.7795,0.77961,1.50,1.35
2011.12.14 11:35:35.989,0.7795,0.77961,1.50,2.85
2011.12.14 11:35:36.070,0.77949,0.77959,1.50,1.04
2011.12.14 11:35:36.543,0.77944,0.77959,1.50,3.51
2011.12.14 11:35:36.634,0.77943,0.77955,1.50,1.88
2011.12.14 11:35:37.190,0.77943,0.77956,3.00,1.88
2011.12.14 11:35:37.525,0.77943,0.77956,1.50,2.63
2011.12.14 11:35:38.617,0.77943,0.77958,1.50,1.50
2011.12.14 11:35:39.936,0.77947,0.77959,1.50,1.50
2011.12.14 11:35:41.808,0.77947,0.7796,1.50,1.50
2011.12.14 11:35:43.013,0.7795,0.77965,1.50,4.13
2011.12.14 11:35:43.091,0.77952,0.77965,1.50,2.63
2011.12.14 11:35:43.385,0.7795,0.77965,1.50,2.63
2011.12.14 11:35:43.709,0.7795,0.77964,1.50,2.63
2011.12.14 11:35:43.998,0.77947,0.77963,2.25,2.25
2011.12.14 11:35:44.222,0.7795,0.77964,1.50,2.85
2011.12.14 11:35:44.676,0.7795,0.77966,1.50,3.00
2011.12.14 11:35:44.750,0.77952,0.77966,1.50,1.50
2011.12.14 11:35:45.500,0.77952,0.77965,1.50,1.88
2011.12.14 11:35:46.932,0.77952,0.77965,1.50,3.75
2011.12.14 11:35:47.309,0.77944,0.7795,1.50,1.50
2011.12.14 11:35:47.463,0.77942,0.77954,1.50,3.38
2011.12.14 11:35:47.678,0.77941,0.77954,1.50,4.13
2011.12.14 11:35:47.832,0.77941,0.7795,1.50,1.88
2011.12.14 11:35:48.282,0.77942,0.77956,1.88,2.63
2011.12.14 11:35:48.368,0.77947,0.77957,1.50,1.35
2011.12.14 11:35:48.518,0.77944,0.77957,1.50,2.85
2011.12.14 11:35:48.667,0.77942,0.77956,1.50,1.50
2011.12.14 11:35:49.232,0.77941,0.77955,1.50,4.13
2011.12.14 11:35:49.379,0.77941,0.77955,1.50,3.38
2011.12.14 11:35:49.874,0.77943,0.77957,1.50,2.25
2011.12.14 11:35:49.958,0.77943,0.77959,1.50,2.25
2011.12.14 11:35:50.044,0.77946,0.77961,1.50,2.63
2011.12.14 11:35:50.401,0.77946,0.77958,1.50,1.50
2011.12.14 11:35:50.597,0.77946,0.77959,1.50,1.50
2011.12.14 11:35:51.682,0.77946,0.7796,1.50,1.50
2011.12.14 11:35:51.775,0.77941,0.77957,3.00,3.00
2011.12.14 11:35:52.275,0.77941,0.77957,2.25,3.00
2011.12.14 11:35:53.256,0.77941,0.77954,2.25,1.88
2011.12.14 11:35:53.715,0.77938,0.77954,1.50,4.88
2011.12.14 11:35:54.228,0.77938,0.77951,1.50,1.88
2011.12.14 11:35:54.755,0.77938,0.7795,1.50,2.63
2011.12.14 11:35:55.307,0.77938,0.7795,1.50,3.38
2011.12.14 11:35:56.037,0.77938,0.7795,1.50,2.63
2011.12.14 11:35:58.400,0.77939,0.7795,1.50,2.63
2011.12.14 11:35:58.554,0.7794,0.77954,1.50,1.88
2011.12.14 11:35:58.696,0.77942,0.77954,1.50,1.13
2011.12.14 11:35:58.838,0.77944,0.77958,1.50,4.13
2011.12.14 11:35:59.345,0.77944,0.77958,1.50,2.25
2011.12.14 11:36:00.480,0.77944,0.77957,1.50,1.88
2011.12.14 11:36:01.010,0.77944,0.77956,1.50,1.88
2011.12.14 11:36:02.804,0.77942,0.77956,1.50,3.38
2011.12.14 11:36:03.344,0.77941,0.77954,1.50,1.13
2011.12.14 11:36:05.625,0.77939,0.77953,1.50,4.13
2011.12.14 11:36:08.106,0.77939,0.77953,1.50,4.88
2011.12.14 11:36:08.497,0.77939,0.77952,1.50,3.38
2011.12.14 11:36:09.689,0.7794,0.77953,2.63,2.85
2011.12.14 11:36:10.243,0.77941,0.77953,1.50,1.88
2011.12.14 11:36:10.384,0.77939,0.77953,2.25,3.38
2011.12.14 11:36:11.085,0.77941,0.77953,1.50,1.50
2011.12.14 11:36:11.225,0.77941,0.77955,3.00,1.50
2011.12.14 11:36:11.295,0.77944,0.77958,1.50,5.25
2011.12.14 11:36:11.726,0.77942,0.77956,1.50,1.50
2011.12.14 11:36:14.903,0.77942,0.77954,1.50,1.88
2011.12.14 11:36:15.034,0.77939,0.77953,2.25,1.50
2011.12.14 11:36:16.208,0.77939,0.77953,1.50,2.25
2011.12.14 11:36:16.743,0.77939,0.77953,2.25,1.50
2011.12.14 11:36:17.306,0.77941,0.77954,1.50,3.38
2011.12.14 11:36:17.843,0.77941,0.77955,1.50,2.25
2011.12.14 11:36:19.635,0.77943,0.77958,1.50,1.88
2011.12.14 11:36:19.885,0.77943,0.77959,1.50,3.00
2011.12.14 11:36:24.674,0.77946,0.77959,1.50,1.50
2011.12.14 11:36:24.951,0.77946,0.77962,2.25,2.85
2011.12.14 11:36:27.455,0.77946,0.77962,2.25,2.25
2011.12.14 11:36:27.988,0.7795,0.77963,1.50,1.50
2011.12.14 11:36:28.503,0.7795,0.77963,1.50,1.50
2011.12.14 11:36:28.993,0.77948,0.77962,1.50,1.50
2011.12.14 11:36:29.425,0.77948,0.77962,1.50,2.25
2011.12.14 11:36:32.493,0.77948,0.77962,1.50,2.25
2011.12.14 11:36:34.155,0.77948,0.77961,1.50,2.63
2011.12.14 11:36:34.565,0.7795,0.77963,1.50,2.25
2011.12.14 11:36:34.915,0.77957,0.77966,1.50,1.50
2011.12.14 11:36:35.318,0.77957,0.77969,1.50,2.63
2011.12.14 11:36:35.397,0.77954,0.77969,1.50,4.13
2011.12.14 11:36:35.924,0.77954,0.77969,1.50,3.38
2011.12.14 11:36:36.542,0.77955,0.77969,1.50,1.88
2011.12.14 11:36:39.653,0.77956,0.77969,1.50,1.88
2011.12.14 11:36:39.782,0.77958,0.77969,1.50,1.88
2011.12.14 11:36:44.885,0.77958,0.77972,1.50,1.50
2011.12.14 11:36:45.012,0.77958,0.77974,2.25,5.25
2011.12.14 11:36:45.232,0.77958,0.77974,1.50,5.25
2011.12.14 11:36:50.068,0.77963,0.77975,1.50,1.88
2011.12.14 11:36:51.041,0.77964,0.77979,1.50,1.88
2011.12.14 11:36:51.185,0.77964,0.7798,1.50,2.25
2011.12.14 11:36:52.556,0.77962,0.77978,1.50,2.25
2011.12.14 11:36:53.589,0.77962,0.77978,3.00,1.50
2011.12.14 11:36:53.665,0.77966,0.7798,1.50,3.75
2011.12.14 11:36:54.016,0.77966,0.7798,1.50,2.25
2011.12.14 11:36:54.301,0.77963,0.77977,1.50,1.50
2011.12.14 11:36:55.262,0.77963,0.77977,2.25,1.50
2011.12.14 11:36:55.995,0.77963,0.77977,1.50,1.50
2011.12.14 11:36:57.317,0.7796,0.77974,2.25,1.50
2011.12.14 11:36:58.142,0.7796,0.77974,1.50,1.50
2011.12.14 11:36:58.579,0.77956,0.77972,3.00,1.50
2011.12.14 11:36:58.937,0.7796,0.77973,4.13,2.25
2011.12.14 11:36:59.530,0.77961,0.77973,1.50,1.50
2011.12.14 11:36:59.607,0.77962,0.77977,2.63,1.50
2011.12.14 11:37:02.590,0.77962,0.77974,2.63,1.50
2011.12.14 11:37:03.230,0.77961,0.77974,1.88,1.50
2011.12.14 11:37:03.769,0.7796,0.77974,2.25,1.50
2011.12.14 11:37:04.066,0.77957,0.77972,1.88,1.50
2011.12.14 11:37:04.411,0.77957,0.77969,2.63,1.50
2011.12.14 11:37:04.900,0.77959,0.77973,1.50,2.25
2011.12.14 11:37:06.119,0.77962,0.77976,1.50,2.25
2011.12.14 11:37:06.478,0.77965,0.77979,1.88,1.73
2011.12.14 11:37:06.546,0.77965,0.7798,2.63,1.50
2011.12.14 11:37:06.817,0.77968,0.77982,1.50,3.00
2011.12.14 11:37:09.087,0.77968,0.77982,4.13,1.50
2011.12.14 11:37:09.605,0.7797,0.77986,1.50,3.00
2011.12.14 11:37:10.122,0.7797,0.77986,1.50,2.25
2011.12.14 11:37:11.988,0.7797,0.77986,2.25,2.25
2011.12.14 11:37:12.214,0.77976,0.77986,1.88,2.25
2011.12.14 11:37:12.357,0.77976,0.77988,1.88,1.50
2011.12.14 11:37:12.430,0.77979,0.77993,1.50,3.75
2011.12.14 11:37:12.507,0.77977,0.77991,1.50,2.25
2011.12.14 11:37:12.647,0.77976,0.77987,2.63,1.50
2011.12.14 11:37:12.914,0.77973,0.77987,4.13,1.50
2011.12.14 11:37:13.124,0.77971,0.77985,2.25,1.50
2011.12.14 11:37:13.326,0.77971,0.77985,2.25,1.50
2011.12.14 11:37:13.820,0.77969,0.77985,1.50,4.13
2011.12.14 11:37:14.215,0.77967,0.77982,3.38,1.50
2011.12.14 11:37:14.565,0.77965,0.77979,1.88,1.50
2011.12.14 11:37:15.077,0.77963,0.77979,3.23,1.50
2011.12.14 11:37:15.733,0.7797,0.77979,1.88,1.50
2011.12.14 11:37:15.817,0.7797,0.77982,1.88,1.50
2011.12.14 11:37:18.635,0.77968,0.77982,1.50,2.25
2011.12.14 11:37:20.482,0.77966,0.7798,5.25,1.50
2011.12.14 11:37:20.997,0.77962,0.77974,1.50,1.50
2011.12.14 11:37:21.070,0.7796,0.77974,3.00,1.50
2011.12.14 11:37:21.217,0.77961,0.77976,1.50,4.13
2011.12.14 11:37:24.187,0.77964,0.77978,1.50,4.13
2011.12.14 11:37:24.925,0.77962,0.77975,1.50,1.50
2011.12.14 11:37:25.133,0.7796,0.77975,2.25,1.50
2011.12.14 11:37:25.935,0.77959,0.77973,3.98,1.88
2011.12.14 11:37:26.624,0.77959,0.77975,3.00,2.25
2011.12.14 11:37:26.969,0.77962,0.77976,1.50,2.25
2011.12.14 11:37:27.047,0.77962,0.77976,1.50,2.25
2011.12.14 11:37:28.096,0.77962,0.77976,1.50,2.25
2011.12.14 11:37:28.378,0.77962,0.77974,1.50,2.63
2011.12.14 11:37:28.911,0.77965,0.77978,1.50,2.63
2011.12.14 11:37:29.468,0.77966,0.77979,1.88,2.25
2011.12.14 11:37:29.677,0.77965,0.7798,2.25,2.63
2011.12.14 11:37:30.528,0.77965,0.77978,1.50,2.63
2011.12.14 11:37:30.678,0.77963,0.77977,3.00,1.50
2011.12.14 11:37:30.956,0.77959,0.77975,4.35,1.50
2011.12.14 11:37:31.236,0.77959,0.77969,2.10,1.88
2011.12.14 11:37:31.656,0.77958,0.77972,1.50,1.50
2011.12.14 11:37:32.218,0.77959,0.77973,1.50,2.25
2011.12.14 11:37:32.299,0.77962,0.77975,1.50,2.63
2011.12.14 11:37:32.586,0.7796,0.77974,1.50,2.25
2011.12.14 11:37:33.608,0.77961,0.77976,1.50,2.63
2011.12.14 11:37:33.684,0.77964,0.77976,1.50,2.63
2011.12.14 11:37:33.955,0.77964,0.7798,1.50,2.25
2011.12.14 11:37:36.466,0.77965,0.7798,1.88,2.25
2011.12.14 11:37:36.676,0.77969,0.77982,1.50,2.25
2011.12.14 11:37:36.749,0.77971,0.77983,1.50,1.50
2011.12.14 11:37:37.677,0.77974,0.77988,1.50,4.88
2011.12.14 11:37:38.193,0.77974,0.77988,1.50,2.25
2011.12.14 11:37:38.266,0.77976,0.77987,1.50,1.50
2011.12.14 11:37:38.333,0.77974,0.77987,3.00,1.50
2011.12.14 11:37:38.536,0.77971,0.77985,3.00,1.50
2011.12.14 11:37:38.604,0.77973,0.77986,1.50,1.88
2011.12.14 11:37:39.070,0.7797,0.77986,1.50,4.13
2011.12.14 11:37:39.288,0.77969,0.77982,2.25,1.50
2011.12.14 11:37:39.785,0.77965,0.77979,2.25,2.25
2011.12.14 11:37:43.075,0.77967,0.77982,1.50,5.63
2011.12.14 11:37:43.615,0.77967,0.77982,1.50,3.38
2011.12.14 11:37:44.871,0.77967,0.77983,1.50,3.00
2011.12.14 11:37:45.223,0.77971,0.77983,1.50,1.50
2011.12.14 11:37:45.430,0.77971,0.77983,1.50,1.50
2011.12.14 11:37:46.206,0.77969,0.77983,3.00,3.00
2011.12.14 11:37:50.333,0.7797,0.77984,1.50,1.50
2011.12.14 11:37:54.048,0.77974,0.77984,1.50,1.50
2011.12.14 11:37:55.164,0.77975,0.77989,1.50,1.13
2011.12.14 11:37:55.237,0.77975,0.77989,1.50,1.13
2011.12.14 11:37:56.214,0.77975,0.77986,1.50,1.88
2011.12.14 11:37:56.403,0.77975,0.7799,1.50,3.00
2011.12.14 11:37:56.925,0.77974,0.77988,1.50,2.25
2011.12.14 11:37:57.328,0.77976,0.7799,1.50,4.13
2011.12.14 11:37:59.140,0.77976,0.77991,1.50,1.50
2011.12.14 11:37:59.500,0.77975,0.77985,1.50,1.50
2011.12.14 11:37:59.653,0.77968,0.77984,2.25,2.25
2011.12.14 11:38:00.534,0.77968,0.77984,1.50,2.25
2011.12.14 11:38:01.525,0.77968,0.77982,1.50,2.63
2011.12.14 11:38:01.665,0.77968,0.77982,1.50,2.63
2011.12.14 11:38:03.415,0.7797,0.77985,1.50,3.00
2011.12.14 11:38:03.615,0.7797,0.77985,1.50,2.63
2011.12.14 11:38:04.158,0.7797,0.77985,1.50,2.63
2011.12.14 11:38:04.365,0.77974,0.77985,1.50,2.63
2011.12.14 11:38:10.551,0.77974,0.77985,1.50,2.63
2011.12.14 11:38:11.052,0.77974,0.77985,1.50,2.63
2011.12.14 11:38:13.212,0.77974,0.77986,1.50,2.63
2011.12.14 11:38:13.766,0.77975,0.77985,1.50,1.88
2011.12.14 11:38:14.526,0.77975,0.77988,1.50,2.63
2011.12.14 11:38:16.178,0.77974,0.77988,1.50,2.25
2011.12.14 11:38:16.317,0.77976,0.77989,1.50,2.63
2011.12.14 11:38:19.150,0.77981,0.77991,1.50,3.38
2011.12.14 11:38:19.483,0.77981,0.77989,1.50,2.63
2011.12.14 11:38:19.614,0.77977,0.77989,1.50,2.63
2011.12.14 11:38:20.854,0.77981,0.77992,1.50,4.13
2011.12.14 11:38:21.196,0.77978,0.77989,1.50,1.88
2011.12.14 11:38:21.749,0.77978,0.77989,1.50,2.63
2011.12.14 11:38:22.396,0.77978,0.77991,1.50,3.23
2011.12.14 11:38:22.468,0.77978,0.77988,1.50,1.88
2011.12.14 11:38:23.241,0.77977,0.77988,1.50,1.88
2011.12.14 11:38:24.365,0.77981,0.7799,1.50,2.63
2011.12.14 11:38:24.926,0.77981,0.77987,1.50,1.88
2011.12.14 11:38:25.326,0.77978,0.77987,1.50,1.88
2011.12.14 11:38:27.199,0.77978,0.77988,1.50,1.88
2011.12.14 11:38:27.595,0.77976,0.77988,1.50,1.88
2011.12.14 11:38:28.155,0.77974,0.77988,2.25,1.88
2011.12.14 11:38:31.735,0.7798,0.77988,1.50,1.88
2011.12.14 11:38:31.997,0.77982,0.77993,1.50,1.13
2011.12.14 11:38:32.345,0.77979,0.77994,1.50,2.63
2011.12.14 11:38:32.797,0.77979,0.7799,1.50,1.88
2011.12.14 11:38:34.855,0.77979,0.77993,1.50,2.63
2011.12.14 11:38:35.397,0.77978,0.7799,1.50,1.88
2011.12.14 11:38:36.152,0.77978,0.77992,1.50,4.73
2011.12.14 11:38:36.518,0.77981,0.77992,1.50,1.88
2011.12.14 11:38:36.656,0.77978,0.77991,1.50,1.88
2011.12.14 11:38:38.006,0.77979,0.77992,3.38,2.25
2011.12.14 11:38:38.075,0.77982,0.77993,1.50,1.50
2011.12.14 11:38:38.274,0.77982,0.77996,1.50,4.50
2011.12.14 11:38:38.833,0.77982,0.77996,2.25,1.50
2011.12.14 11:38:39.614,0.77982,0.77995,1.50,1.88
2011.12.14 11:38:39.697,0.77984,0.77995,1.50,2.63
2011.12.14 11:38:40.114,0.77984,0.77997,1.50,1.88
2011.12.14 11:38:40.705,0.77983,0.77997,1.50,3.38
2011.12.14 11:38:46.249,0.77983,0.77993,1.50,1.88
2011.12.14 11:38:46.723,0.77979,0.77993,1.50,1.88
2011.12.14 11:38:47.265,0.77979,0.77992,1.50,1.88
2011.12.14 11:38:50.274,0.77979,0.77992,1.50,2.63
2011.12.14 11:38:54.181,0.77979,0.7799,1.50,1.88
2011.12.14 11:38:54.372,0.77976,0.7799,1.50,1.88
2011.12.14 11:38:58.235,0.77973,0.77989,2.25,1.50
2011.12.14 11:39:00.009,0.77972,0.77985,1.50,1.50
2011.12.14 11:39:01.926,0.77974,0.77985,1.88,1.50
2011.12.14 11:39:02.194,0.77974,0.7799,4.88,1.50
2011.12.14 11:39:02.334,0.77975,0.7799,1.50,1.50
2011.12.14 11:39:02.975,0.77974,0.7799,3.38,2.25
2011.12.14 11:39:03.604,0.77974,0.77989,1.50,1.88
2011.12.14 11:39:04.061,0.77972,0.77986,3.00,1.50
2011.12.14 11:39:04.376,0.77974,0.77989,3.75,1.88
2011.12.14 11:39:04.813,0.77974,0.7799,1.50,4.13
2011.12.14 11:39:06.853,0.77974,0.7799,4.13,2.25
2011.12.14 11:39:08.241,0.77978,0.77992,1.50,2.25
2011.12.14 11:39:08.574,0.77979,0.77992,1.50,1.50
2011.12.14 11:39:08.704,0.77981,0.77995,2.25,1.50
2011.12.14 11:39:08.779,0.77979,0.77993,1.50,1.50
2011.12.14 11:39:08.924,0.7798,0.77996,1.50,2.25
2011.12.14 11:39:10.495,0.7798,0.77996,1.50,3.00
2011.12.14 11:39:10.635,0.77977,0.77993,3.00,1.50
2011.12.14 11:39:11.281,0.77977,0.77992,2.25,4.13
2011.12.14 11:39:11.369,0.77977,0.77988,1.50,2.63
2011.12.14 11:39:11.722,0.77966,0.77981,2.63,1.50
2011.12.14 11:39:12.223,0.77966,0.77981,1.88,2.25
2011.12.14 11:39:12.865,0.77965,0.77981,1.50,2.25
2011.12.14 11:39:13.003,0.77964,0.77978,2.63,1.50
2011.12.14 11:39:15.826,0.77964,0.77975,1.88,1.50
2011.12.14 11:39:16.355,0.77959,0.77975,4.13,1.50
2011.12.14 11:39:16.424,0.77959,0.77975,4.13,2.25
2011.12.14 11:39:16.967,0.77959,0.77974,2.25,1.50
2011.12.14 11:39:17.040,0.77957,0.77971,1.50,1.50
2011.12.14 11:39:17.766,0.77956,0.77968,2.63,1.50
2011.12.14 11:39:18.243,0.77954,0.77968,1.50,1.50
2011.12.14 11:39:18.387,0.77952,0.77966,3.38,1.50
2011.12.14 11:39:18.784,0.77952,0.77968,4.13,1.50
2011.12.14 11:39:19.447,0.77952,0.77968,3.38,2.25
2011.12.14 11:39:19.840,0.77957,0.77968,1.50,2.25
2011.12.14 11:39:20.064,0.77959,0.77973,1.50,2.25
2011.12.14 11:39:20.143,0.77959,0.77973,3.00,1.50
2011.12.14 11:39:20.223,0.77961,0.77976,1.50,3.38
2011.12.14 11:39:20.601,0.77964,0.77976,1.50,1.50
2011.12.14 11:39:20.679,0.77964,0.77978,1.50,2.25
2011.12.14 11:39:22.218,0.77964,0.77978,1.50,2.25
2011.12.14 11:39:22.482,0.77961,0.77976,3.38,2.25
2011.12.14 11:39:23.035,0.7796,0.77976,4.13,2.25
2011.12.14 11:39:30.196,0.7796,0.77975,2.25,1.50
2011.12.14 11:39:30.262,0.77958,0.77972,4.13,1.50
2011.12.14 11:39:31.384,0.77961,0.77975,1.50,2.25
2011.12.14 11:39:36.211,0.77959,0.77969,1.50,1.50
2011.12.14 11:39:36.696,0.77952,0.77967,2.63,1.50
2011.12.14 11:39:36.773,0.77952,0.77967,1.88,2.25
2011.12.14 11:39:37.356,0.77952,0.77963,1.88,1.50
2011.12.14 11:39:37.449,0.77952,0.77965,1.88,1.50
2011.12.14 11:39:37.724,0.77952,0.77968,3.38,3.00
2011.12.14 11:39:38.352,0.77952,0.77964,1.88,1.50
2011.12.14 11:39:39.138,0.77953,0.77964,1.88,1.50
2011.12.14 11:39:39.224,0.7795,0.77964,4.88,1.50
2011.12.14 11:39:41.185,0.7795,0.77962,3.38,1.50
2011.12.14 11:39:41.670,0.7795,0.77965,3.38,1.50
2011.12.14 11:39:42.341,0.7795,0.77965,2.63,1.50
2011.12.14 11:39:42.419,0.7795,0.77963,2.63,1.50
2011.12.14 11:39:43.124,0.77952,0.77963,1.88,1.50
2011.12.14 11:39:43.267,0.77952,0.77965,1.88,1.50
2011.12.14 11:39:43.777,0.77952,0.77965,1.88,2.25
2011.12.14 11:39:44.555,0.77949,0.77965,3.00,2.25
2011.12.14 11:39:44.701,0.77949,0.77959,1.50,1.50
2011.12.14 11:39:44.985,0.77944,0.77957,2.63,1.50
2011.12.14 11:39:45.444,0.77948,0.77957,1.88,1.50
2011.12.14 11:39:45.717,0.77946,0.77959,2.25,1.50
2011.12.14 11:39:45.913,0.77949,0.77959,1.88,1.50
2011.12.14 11:39:46.751,0.77944,0.77959,2.63,1.50
2011.12.14 11:39:46.955,0.77948,0.77959,1.88,1.50
2011.12.14 11:39:47.360,0.77945,0.77959,3.00,1.50
2011.12.14 11:39:50.234,0.77948,0.77959,1.88,1.50
2011.12.14 11:39:50.312,0.77944,0.77959,2.63,1.50
2011.12.14 11:39:50.527,0.77941,0.77957,3.38,1.50
2011.12.14 11:39:50.595,0.77941,0.77957,3.00,1.50
2011.12.14 11:39:51.144,0.77943,0.77957,1.88,1.50
2011.12.14 11:39:52.394,0.77943,0.77957,2.48,1.50
2011.12.14 11:39:52.464,0.77948,0.77957,1.88,1.50
2011.12.14 11:39:52.606,0.77948,0.77959,1.88,1.50
2011.12.14 11:39:52.678,0.77948,0.77962,1.88,2.25
2011.12.14 11:39:53.217,0.77948,0.77962,2.63,1.50
2011.12.14 11:39:56.194,0.77947,0.7796,3.00,1.50
2011.12.14 11:39:56.528,0.77945,0.77957,1.50,1.50
2011.12.14 11:39:56.608,0.77943,0.77957,1.50,1.50
2011.12.14 11:39:56.824,0.77941,0.77957,2.25,1.50
2011.12.14 11:40:00.334,0.77943,0.77959,2.25,3.75
2011.12.14 11:40:00.476,0.77949,0.77959,1.88,1.50
2011.12.14 11:40:00.754,0.77951,0.77965,1.50,1.50
2011.12.14 11:40:01.094,0.77948,0.77962,3.75,1.50
2011.12.14 11:40:01.225,0.77948,0.77962,3.60,1.50
2011.12.14 11:40:01.356,0.7795,0.77964,1.50,2.63
2011.12.14 11:40:01.426,0.7795,0.77966,1.50,2.25
2011.12.14 11:40:03.522,0.77953,0.77967,1.50,1.50
2011.12.14 11:40:08.432,0.77953,0.77967,2.25,3.38
2011.12.14 11:40:08.823,0.77953,0.77967,1.50,3.38
2011.12.14 11:40:17.438,0.77954,0.77967,1.88,1.50
2011.12.14 11:40:18.436,0.77954,0.77966,2.63,1.50
2011.12.14 11:40:19.142,0.77951,0.77966,1.50,1.50
2011.12.14 11:40:19.783,0.77952,0.77968,2.25,2.25
2011.12.14 11:40:24.108,0.77951,0.77966,3.00,1.50
2011.12.14 11:40:25.018,0.77953,0.77967,2.25,3.00
2011.12.14 11:40:25.718,0.77959,0.77975,1.50,2.25
2011.12.14 11:40:25.795,0.77959,0.77975,2.25,2.63
2011.12.14 11:40:27.053,0.7796,0.77975,1.50,2.63
2011.12.14 11:40:27.123,0.77962,0.77976,1.50,2.63
2011.12.14 11:40:27.198,0.7796,0.77974,3.75,1.50
2011.12.14 11:40:33.614,0.77962,0.77976,1.50,3.38
2011.12.14 11:40:34.393,0.77959,0.77975,2.25,1.50
2011.12.14 11:40:38.513,0.77961,0.77976,1.50,2.63
2011.12.14 11:40:41.105,0.77961,0.77976,2.25,1.88
2011.12.14 11:40:46.980,0.77965,0.77977,1.88,1.13
2011.12.14 11:40:47.197,0.77967,0.77982,1.50,1.50
2011.12.14 11:40:47.854,0.77966,0.7798,2.25,1.50
2011.12.14 11:40:49.092,0.77968,0.7798,1.88,1.50
2011.12.14 11:40:52.114,0.77966,0.7798,3.00,1.50
2011.12.14 11:40:54.052,0.77968,0.77983,1.50,4.88
2011.12.14 11:40:54.490,0.77968,0.77983,2.25,3.23
2011.12.14 11:40:54.825,0.77966,0.77979,2.25,3.38
2011.12.14 11:40:55.635,0.77964,0.77979,2.63,1.50
2011.12.14 11:41:00.166,0.77963,0.77979,5.25,1.50
2011.12.14 11:41:00.294,0.77967,0.77981,1.50,2.25
2011.12.14 11:41:07.703,0.77967,0.77978,1.50,1.88
2011.12.14 11:41:07.914,0.77967,0.77981,1.50,5.25
2011.12.14 11:41:08.118,0.77964,0.77978,2.25,1.50
2011.12.14 11:41:08.312,0.77966,0.77981,1.50,1.50
2011.12.14 11:41:10.416,0.77966,0.77979,1.50,1.88
2011.12.14 11:41:10.547,0.77964,0.77978,2.25,1.50
2011.12.14 11:41:10.826,0.77963,0.77975,1.50,1.50
2011.12.14 11:41:11.273,0.77961,0.77975,2.25,3.38
2011.12.14 11:41:11.696,0.77964,0.77975,1.88,1.50
2011.12.14 11:41:12.051,0.77965,0.77979,1.50,2.25
2011.12.14 11:41:21.216,0.77966,0.77979,1.50,1.50
2011.12.14 11:41:21.284,0.77968,0.77982,1.50,4.13
2011.12.14 11:41:23.484,0.77968,0.77982,1.50,4.73
2011.12.14 11:41:23.556,0.77964,0.7798,2.25,1.50
2011.12.14 11:41:23.625,0.77966,0.77978,2.63,1.50
2011.12.14 11:41:24.153,0.77967,0.77979,2.25,1.50
2011.12.14 11:41:24.228,0.77969,0.77983,1.50,1.50
2011.12.14 11:41:24.799,0.7797,0.77983,1.88,1.50
2011.12.14 11:41:24.948,0.7797,0.77983,4.88,1.50
2011.12.14 11:41:25.093,0.77975,0.77989,1.88,3.00
2011.12.14 11:41:25.681,0.77974,0.77989,2.25,1.50
2011.12.14 11:41:26.230,0.7798,0.7799,1.50,1.88
2011.12.14 11:41:26.386,0.77981,0.77994,3.00,3.75
2011.12.14 11:41:26.465,0.77984,0.77994,1.50,1.50
2011.12.14 11:41:26.687,0.77977,0.77991,1.88,2.85
2011.12.14 11:41:26.765,0.77974,0.7798,3.75,1.50
2011.12.14 11:41:27.555,0.77971,0.7798,1.50,1.50
2011.12.14 11:41:27.760,0.77966,0.7798,3.00,1.50
2011.12.14 11:41:28.255,0.77966,0.77979,2.25,1.88
2011.12.14 11:41:32.028,0.77965,0.77979,3.38,3.00
2011.12.14 11:41:32.234,0.77966,0.7798,2.25,2.63
2011.12.14 11:41:32.517,0.77965,0.7798,1.50,2.63
2011.12.14 11:41:35.354,0.77965,0.7798,1.50,2.63
2011.12.14 11:41:38.720,0.77966,0.77981,2.25,2.25
2011.12.14 11:41:38.802,0.77969,0.77983,1.50,2.25
2011.12.14 11:41:38.950,0.77969,0.77983,1.50,1.50
2011.12.14 11:41:39.030,0.77969,0.77981,1.50,1.88
2011.12.14 11:41:39.630,0.77965,0.77981,2.25,4.13
2011.12.14 11:41:41.225,0.77965,0.77981,1.50,4.13
2011.12.14 11:41:42.097,0.77966,0.77981,1.88,2.25
2011.12.14 11:41:42.724,0.77965,0.77981,1.50,2.25
2011.12.14 11:41:51.746,0.77965,0.77981,4.13,1.50
2011.12.14 11:41:51.824,0.77965,0.77979,2.25,1.88
2011.12.14 11:41:55.999,0.77964,0.77977,2.25,1.50
2011.12.14 11:41:56.349,0.77962,0.77973,1.50,1.50
2011.12.14 11:41:57.102,0.77961,0.77973,1.88,1.50
2011.12.14 11:41:57.457,0.77958,0.77972,1.50,1.50
2011.12.14 11:41:57.961,0.77959,0.77973,1.50,1.50
2011.12.14 11:41:59.812,0.77958,0.77972,2.25,1.50
2011.12.14 11:42:00.100,0.77954,0.77968,2.25,1.50
2011.12.14 11:42:00.705,0.77954,0.77968,2.25,1.50
2011.12.14 11:42:01.363,0.77954,0.77968,4.13,1.50
2011.12.14 11:42:01.709,0.77955,0.77971,1.50,2.25
2011.12.14 11:42:01.786,0.77959,0.77972,1.50,1.50
2011.12.14 11:42:02.122,0.77959,0.77973,1.50,1.50
2011.12.14 11:42:03.923,0.77961,0.77973,1.50,1.50
2011.12.14 11:42:04.000,0.77962,0.77976,3.38,1.13
2011.12.14 11:42:04.079,0.77964,0.77977,1.50,2.25
2011.12.14 11:42:04.437,0.77969,0.77978,1.50,1.88
2011.12.14 11:42:04.581,0.77964,0.77978,3.00,3.38
2011.12.14 11:42:04.731,0.77964,0.77975,1.50,1.50
2011.12.14 11:42:04.882,0.77961,0.77974,3.75,1.50
2011.12.14 11:42:05.027,0.77961,0.77974,3.00,1.50
2011.12.14 11:42:05.498,0.77959,0.77972,1.50,1.50
2011.12.14 11:42:05.635,0.77958,0.77972,2.25,1.50
2011.12.14 11:42:07.846,0.77955,0.77968,1.50,1.50
2011.12.14 11:42:08.129,0.77954,0.77968,2.25,3.00
2011.12.14 11:42:08.211,0.77952,0.77966,1.50,1.50
2011.12.14 11:42:09.718,0.77955,0.77968,1.88,3.00
2011.12.14 11:42:11.464,0.77955,0.77968,1.88,2.25
2011.12.14 11:42:11.936,0.7795,0.77963,2.25,1.50
2011.12.14 11:42:12.083,0.7795,0.77963,1.50,1.50
2011.12.14 11:42:12.602,0.77947,0.77963,4.88,1.50
2011.12.14 11:42:13.164,0.77947,0.77963,4.13,1.50
2011.12.14 11:42:13.949,0.77951,0.77965,1.88,1.50
2011.12.14 11:42:14.494,0.77951,0.77965,2.63,1.50
2011.12.14 11:42:15.312,0.77947,0.77962,3.38,1.50
2011.12.14 11:42:15.815,0.77947,0.7796,2.63,1.50
2011.12.14 11:42:15.895,0.77947,0.7796,1.88,1.50
2011.12.14 11:42:16.846,0.77945,0.7796,1.50,1.50
2011.12.14 11:42:17.063,0.77943,0.77956,2.63,1.50
2011.12.14 11:42:17.142,0.77943,0.77956,2.63,1.50
2011.12.14 11:42:17.361,0.7794,0.77953,4.88,1.50
2011.12.14 11:42:17.444,0.7794,0.77953,1.88,1.50
2011.12.14 11:42:19.516,0.77941,0.77955,1.50,1.50
2011.12.14 11:42:20.720,0.77941,0.77955,3.00,1.50
2011.12.14 11:42:20.873,0.77944,0.77959,1.88,2.25
2011.12.14 11:42:21.230,0.77952,0.77959,1.88,1.50
2011.12.14 11:42:21.519,0.7795,0.77961,1.50,1.50
2011.12.14 11:42:22.069,0.77948,0.77962,1.50,2.25
2011.12.14 11:42:22.394,0.77948,0.77962,1.50,2.25
2011.12.14 11:42:22.876,0.77947,0.77959,1.88,1.50
2011.12.14 11:42:23.232,0.77939,0.77953,4.13,1.50
2011.12.14 11:42:23.445,0.77939,0.77953,4.13,1.50
2011.12.14 11:42:24.321,0.77939,0.77953,4.13,1.50
2011.12.14 11:42:25.506,0.77939,0.77951,2.63,1.50
2011.12.14 11:42:26.085,0.77939,0.77952,1.88,3.00
2011.12.14 11:42:28.206,0.7794,0.77952,1.88,1.50
2011.12.14 11:42:28.541,0.77941,0.77955,1.50,1.50
2011.12.14 11:42:31.354,0.7794,0.77953,1.88,1.50
2011.12.14 11:42:31.735,0.7794,0.77956,3.38,1.50
2011.12.14 11:42:32.372,0.7794,0.77954,1.88,1.50
2011.12.14 11:42:32.943,0.77937,0.7795,2.63,1.50
2011.12.14 11:42:33.880,0.77936,0.7795,4.13,1.50
2011.12.14 11:42:34.924,0.77936,0.77947,1.88,1.50
2011.12.14 11:42:35.249,0.77934,0.77947,3.00,1.50
2011.12.14 11:42:35.601,0.77932,0.77942,1.88,1.50
2011.12.14 11:42:35.890,0.77927,0.77942,3.38,1.50
2011.12.14 11:42:36.695,0.77928,0.77944,2.25,1.50
2011.12.14 11:42:36.903,0.77928,0.77944,1.50,1.50
2011.12.14 11:42:42.734,0.77928,0.77943,1.50,1.88
2011.12.14 11:42:43.311,0.77928,0.77943,2.25,1.88
2011.12.14 11:42:43.827,0.77926,0.77942,3.75,1.50
2011.12.14 11:42:43.903,0.77926,0.77936,2.25,1.50
2011.12.14 11:42:44.184,0.77925,0.77936,1.50,1.50
2011.12.14 11:42:44.693,0.77922,0.77936,2.25,1.50
2011.12.14 11:42:45.274,0.77924,0.77939,2.25,1.88
2011.12.14 11:42:46.394,0.77924,0.7794,4.13,1.50
2011.12.14 11:42:47.455,0.77924,0.7794,4.13,1.50
2011.12.14 11:42:48.033,0.77924,0.7794,4.13,2.25
2011.12.14 11:42:49.023,0.77924,0.7794,3.38,2.25
2011.12.14 11:42:50.695,0.77924,0.7794,3.38,1.50
2011.12.14 11:42:50.764,0.77928,0.77941,1.50,2.25
2011.12.14 11:42:51.258,0.77931,0.77945,1.50,5.25
2011.12.14 11:42:51.523,0.77931,0.77945,1.50,3.00
2011.12.14 11:42:53.994,0.77931,0.77945,1.50,1.50
2011.12.14 11:42:56.302,0.77931,0.77945,4.13,2.25
2011.12.14 11:42:56.437,0.77933,0.77945,1.35,1.50
2011.12.14 11:42:56.579,0.77935,0.77949,3.75,2.25
2011.12.14 11:42:56.658,0.77939,0.77952,1.50,2.25
2011.12.14 11:42:56.811,0.77939,0.77953,1.50,3.00
2011.12.14 11:42:57.806,0.77936,0.77951,3.38,1.50
2011.12.14 11:42:59.693,0.77937,0.77953,2.25,2.25
2011.12.14 11:43:01.713,0.77936,0.7795,4.88,1.50
2011.12.14 11:43:02.632,0.77937,0.77953,2.25,3.75
2011.12.14 11:43:05.515,0.77936,0.7795,3.38,1.50
2011.12.14 11:43:05.797,0.77929,0.77942,4.50,1.50
2011.12.14 11:43:06.336,0.77928,0.77942,4.13,1.50
2011.12.14 11:43:08.956,0.77928,0.77942,1.50,2.25
2011.12.14 11:43:09.650,0.77925,0.77939,2.25,1.50
2011.12.14 11:43:11.829,0.77925,0.77939,2.25,1.50
2011.12.14 11:43:11.975,0.77927,0.77939,2.63,1.50
2011.12.14 11:43:12.728,0.77923,0.77937,3.00,1.50
2011.12.14 11:43:14.532,0.77927,0.77937,1.88,1.50
2011.12.14 11:43:14.868,0.77927,0.77939,1.88,1.50
2011.12.14 11:43:15.134,0.77927,0.77942,3.38,2.25
2011.12.14 11:43:15.203,0.77927,0.77943,3.38,1.50
2011.12.14 11:43:15.938,0.77927,0.77943,4.13,1.50
2011.12.14 11:43:16.657,0.77934,0.77943,1.88,1.50
2011.12.14 11:43:16.740,0.77934,0.77946,1.88,1.50
2011.12.14 11:43:18.198,0.7793,0.77946,4.13,1.50
2011.12.14 11:43:18.409,0.7793,0.77945,4.13,1.50
2011.12.14 11:43:18.564,0.77928,0.77941,1.50,2.25
2011.12.14 11:43:19.102,0.77926,0.7794,1.88,2.25
2011.12.14 11:43:19.659,0.77926,0.7794,3.75,1.50
2011.12.14 11:43:19.743,0.77936,0.7794,1.88,1.50
2011.12.14 11:43:19.959,0.77935,0.77942,3.00,1.50
2011.12.14 11:43:20.041,0.77935,0.77948,3.00,1.50
2011.12.14 11:43:20.122,0.77932,0.77946,2.25,1.50
2011.12.14 11:43:20.473,0.7793,0.77943,2.63,1.50
2011.12.14 11:43:23.392,0.77929,0.77943,2.25,1.50
2011.12.14 11:43:23.912,0.77929,0.77943,2.25,1.50
2011.12.14 11:43:24.664,0.77933,0.77943,1.50,1.88
2011.12.14 11:43:24.744,0.77933,0.77947,1.50,5.25
2011.12.14 11:43:26.141,0.77931,0.77944,2.25,1.50
2011.12.14 11:43:27.610,0.7793,0.77943,1.50,1.88
2011.12.14 11:43:27.901,0.77928,0.77942,1.50,1.50
2011.12.14 11:43:28.052,0.77926,0.7794,1.50,1.50
2011.12.14 11:43:28.521,0.77925,0.77938,1.88,1.50
2011.12.14 11:43:32.765,0.77924,0.77932,3.75,1.88
2011.12.14 11:43:33.430,0.77917,0.77932,2.25,1.88
2011.12.14 11:43:33.522,0.77917,0.77933,2.25,4.88
2011.12.14 11:43:34.077,0.77918,0.77932,1.50,2.25
2011.12.14 11:43:35.704,0.77918,0.77932,1.50,4.88
2011.12.14 11:43:36.106,0.77914,0.7793,2.25,1.50
2011.12.14 11:43:36.528,0.77913,0.77926,2.25,1.50
2011.12.14 11:43:37.386,0.77912,0.77921,2.25,1.88
2011.12.14 11:43:37.477,0.77911,0.77924,1.50,4.88
2011.12.14 11:43:37.549,0.77907,0.77923,2.25,2.25
2011.12.14 11:43:38.124,0.77907,0.77916,1.50,1.50
2011.12.14 11:43:38.708,0.77907,0.77912,1.50,1.50
2011.12.14 11:43:39.507,0.779,0.77916,4.13,1.50
2011.12.14 11:43:41.246,0.77901,0.77916,2.25,1.88
2011.12.14 11:43:42.030,0.77901,0.77916,2.25,1.88
2011.12.14 11:43:42.067,0.77901,0.77916,2.25,3.38
2011.12.14 11:43:43.086,0.77901,0.77916,2.25,3.38
2011.12.14 11:43:43.129,0.779,0.77914,1.50,2.25
2011.12.14 11:43:44.815,0.779,0.7791,1.50,1.13
2011.12.14 11:43:45.829,0.77896,0.77912,2.25,3.38
2011.12.14 11:43:46.926,0.77895,0.77911,7.13,1.50
2011.12.14 11:43:47.874,0.77897,0.77911,3.00,1.50
2011.12.14 11:43:48.127,0.77905,0.77912,1.50,1.50
2011.12.14 11:43:48.306,0.77902,0.77914,1.50,2.10
2011.12.14 11:43:48.399,0.77905,0.77914,1.50,2.10
2011.12.14 11:43:48.613,0.77903,0.77914,1.50,1.50
2011.12.14 11:43:49.282,0.77904,0.77917,2.25,3.00
2011.12.14 11:43:49.368,0.77905,0.77917,1.50,1.50
2011.12.14 11:43:49.723,0.77905,0.77917,1.50,1.50
2011.12.14 11:43:50.260,0.77905,0.77919,1.50,3.75
2011.12.14 11:43:51.030,0.77905,0.77919,1.50,3.00
2011.12.14 11:43:51.326,0.77908,0.77919,1.88,3.00
2011.12.14 11:43:51.470,0.77905,0.77919,1.50,4.88
2011.12.14 11:43:52.039,0.77902,0.77918,2.25,2.25
2011.12.14 11:43:52.821,0.77902,0.77918,2.25,3.00
2011.12.14 11:43:53.304,0.77902,0.77918,2.25,1.50
2011.12.14 11:43:53.379,0.77902,0.77918,2.25,1.50
2011.12.14 11:43:53.706,0.77902,0.77916,2.25,1.88
2011.12.14 11:43:53.922,0.77902,0.77916,1.50,4.88
2011.12.14 11:43:54.394,0.77904,0.77916,1.50,3.00
2011.12.14 11:43:54.477,0.77904,0.7792,1.50,3.00
2011.12.14 11:43:54.628,0.77907,0.7792,1.88,3.00
2011.12.14 11:43:55.989,0.77907,0.7792,1.88,1.50
2011.12.14 11:43:56.340,0.77911,0.7792,2.48,1.50
2011.12.14 11:43:56.700,0.77915,0.77922,1.88,2.25
2011.12.14 11:43:56.936,0.77915,0.77927,1.88,3.00
2011.12.14 11:43:57.391,0.77915,0.77928,1.88,1.50
2011.12.14 11:43:57.472,0.77916,0.77927,1.50,2.25
2011.12.14 11:43:57.831,0.77916,0.77928,1.50,1.50
2011.12.14 11:43:58.046,0.77917,0.77927,2.63,1.50
2011.12.14 11:43:58.401,0.77917,0.77924,3.38,1.50
2011.12.14 11:43:58.964,0.77917,0.77928,3.38,1.50
2011.12.14 11:43:59.188,0.77917,0.77928,2.63,1.50
2011.12.14 11:43:59.256,0.77916,0.77928,1.35,1.50
2011.12.14 11:43:59.809,0.77917,0.7793,4.13,1.50
2011.12.14 11:44:00.029,0.77917,0.7793,4.13,1.50
2011.12.14 11:44:00.596,0.77917,0.7793,4.13,1.50
2011.12.14 11:44:01.020,0.77917,0.7793,4.13,1.50
2011.12.14 11:44:01.098,0.77917,0.7793,4.13,1.50
2011.12.14 11:44:02.205,0.77922,0.77929,1.88,1.50
2011.12.14 11:44:02.697,0.77922,0.77929,1.88,1.50
2011.12.14 11:44:03.068,0.77922,0.77934,1.88,1.50
2011.12.14 11:44:03.208,0.77919,0.77934,1.50,2.25
2011.12.14 11:44:03.731,0.77924,0.77932,1.50,1.50
2011.12.14 11:44:03.826,0.77933,0.77943,1.50,2.25
2011.12.14 11:44:04.180,0.77937,0.77952,1.50,2.63
2011.12.14 11:44:04.542,0.77934,0.77938,1.88,1.50
2011.12.14 11:44:05.068,0.77939,0.77953,2.25,1.50
2011.12.14 11:44:05.354,0.77938,0.77952,1.50,1.50
2011.12.14 11:44:05.573,0.77938,0.77952,1.50,3.00
2011.12.14 11:44:06.331,0.77935,0.77949,1.50,1.50
2011.12.14 11:44:07.029,0.77935,0.77942,1.50,1.50
2011.12.14 11:44:07.462,0.77937,0.77942,1.88,1.50
2011.12.14 11:44:08.052,0.77938,0.77942,1.50,1.50
2011.12.14 11:44:08.405,0.77936,0.77946,1.50,1.50
2011.12.14 11:44:08.886,0.77938,0.77952,3.38,1.50
2011.12.14 11:44:09.309,0.77936,0.77952,4.13,2.25
2011.12.14 11:44:09.962,0.77932,0.77944,1.50,2.25
2011.12.14 11:44:10.537,0.77932,0.77946,3.00,2.25
2011.12.14 11:44:11.052,0.77932,0.77946,3.00,2.25
2011.12.14 11:44:11.858,0.77933,0.77946,1.50,2.25
2011.12.14 11:44:12.219,0.77932,0.77947,1.50,3.00
2011.12.14 11:44:13.091,0.77931,0.77947,3.00,3.00
2011.12.14 11:44:13.604,0.77931,0.77947,4.88,3.00
2011.12.14 11:44:14.012,0.77931,0.77947,5.63,2.25
2011.12.14 11:44:15.614,0.77931,0.77947,5.63,2.25
2011.12.14 11:44:15.906,0.77931,0.77944,3.38,1.50
2011.12.14 11:44:16.339,0.77931,0.77944,2.63,1.50
2011.12.14 11:44:17.785,0.77931,0.77942,1.88,1.50
2011.12.14 11:44:18.140,0.77927,0.77938,1.50,1.88
2011.12.14 11:44:18.503,0.77918,0.7793,1.50,1.50
2011.12.14 11:44:18.587,0.77916,0.7793,3.60,1.50
2011.12.14 11:44:19.091,0.77914,0.77927,3.00,1.88
2011.12.14 11:44:19.382,0.77916,0.77927,2.25,1.88
2011.12.14 11:44:19.812,0.77916,0.77932,2.25,4.73
2011.12.14 11:44:19.961,0.77916,0.77931,2.25,2.63
2011.12.14 11:44:20.500,0.77914,0.77927,1.50,1.50
2011.12.14 11:44:20.589,0.7791,0.77924,3.75,1.50
2011.12.14 11:44:21.022,0.77911,0.77921,1.50,2.25
2011.12.14 11:44:22.051,0.77909,0.77921,1.50,1.50
2011.12.14 11:44:22.492,0.77911,0.77924,1.50,4.88
2011.12.14 11:44:23.503,0.77906,0.77919,1.50,1.50
2011.12.14 11:44:23.867,0.77909,0.77919,1.50,1.50
2011.12.14 11:44:24.008,0.77907,0.77919,1.88,1.50
2011.12.14 11:44:24.360,0.7791,0.77919,1.50,1.50
2011.12.14 11:44:24.896,0.7791,0.77918,1.50,2.25
2011.12.14 11:44:25.039,0.77907,0.77918,1.88,2.25
2011.12.14 11:44:25.606,0.77907,0.77918,1.88,1.50
2011.12.14 11:44:25.888,0.77906,0.77921,2.63,2.25
2011.12.14 11:44:26.450,0.77906,0.77919,3.38,2.25
2011.12.14 11:44:26.541,0.77906,0.77919,2.63,1.50
2011.12.14 11:44:27.038,0.77906,0.77918,2.63,2.25
2011.12.14 11:44:27.181,0.77906,0.7792,2.63,1.50
2011.12.14 11:44:27.660,0.77906,0.7792,2.63,1.50
2011.12.14 11:44:28.316,0.77915,0.77925,1.88,3.75
2011.12.14 11:44:28.400,0.77915,0.77928,1.88,1.50
2011.12.14 11:44:28.707,0.77914,0.77928,1.50,1.50
2011.12.14 11:44:28.862,0.77912,0.77927,1.50,1.50
2011.12.14 11:44:28.937,0.77912,0.77927,1.50,2.25
2011.12.14 11:44:29.550,0.77911,0.77927,3.38,2.25
2011.12.14 11:44:30.129,0.77911,0.77923,1.88,1.50
2011.12.14 11:44:30.470,0.7791,0.7792,1.88,1.50
2011.12.14 11:44:31.213,0.77908,0.7792,1.88,1.50
2011.12.14 11:44:31.285,0.77908,0.77923,1.88,2.25
2011.12.14 11:44:32.189,0.7791,0.77923,1.88,2.25
2011.12.14 11:44:32.690,0.77911,0.77925,2.25,2.25
2011.12.14 11:44:32.767,0.77914,0.77925,1.88,1.50
2011.12.14 11:44:32.965,0.77914,0.77925,1.88,2.25
2011.12.14 11:44:33.528,0.77911,0.77925,1.50,1.50
2011.12.14 11:44:33.667,0.7791,0.77923,1.88,1.50
2011.12.14 11:44:34.187,0.7791,0.77926,3.38,2.25
2011.12.14 11:44:34.576,0.7791,0.77923,1.88,1.50
2011.12.14 11:44:34.720,0.77907,0.77921,2.25,1.88
2011.12.14 11:44:35.005,0.7791,0.7792,1.88,1.50
2011.12.14 11:44:35.452,0.77906,0.7792,3.00,1.50
2011.12.14 11:44:35.540,0.77902,0.77918,3.00,1.50
2011.12.14 11:44:35.771,0.77904,0.77918,2.25,1.50
2011.12.14 11:44:36.048,0.77901,0.77916,4.88,1.50
2011.12.14 11:44:36.307,0.77904,0.77915,1.88,1.50
2011.12.14 11:44:36.825,0.77904,0.77916,1.88,1.50
2011.12.14 11:44:37.596,0.77907,0.77921,2.25,1.50
2011.12.14 11:44:38.335,0.77905,0.77921,1.50,3.00
2011.12.14 11:44:39.245,0.77905,0.77921,1.50,2.25
2011.12.14 11:44:40.221,0.77905,0.77921,2.25,2.25
2011.12.14 11:44:41.051,0.77908,0.77923,1.88,2.25
2011.12.14 11:44:41.196,0.77908,0.77923,1.88,2.25
2011.12.14 11:44:41.985,0.77907,0.77923,1.50,4.13
2011.12.14 11:44:42.546,0.77907,0.77921,1.50,1.88
2011.12.14 11:44:42.757,0.77905,0.7792,1.50,2.25
2011.12.14 11:44:43.299,0.77904,0.7792,1.50,2.63
2011.12.14 11:44:44.157,0.77904,0.7792,3.00,2.25
2011.12.14 11:44:44.507,0.77911,0.77925,1.50,2.25
2011.12.14 11:44:44.776,0.77909,0.77924,1.88,2.25
2011.12.14 11:44:45.183,0.77909,0.77924,1.88,2.25
2011.12.14 11:44:45.859,0.77906,0.7792,4.88,1.50
2011.12.14 11:44:46.457,0.77906,0.7792,2.25,1.50
2011.12.14 11:44:46.796,0.77908,0.77922,1.50,1.50
2011.12.14 11:44:47.257,0.77908,0.77919,1.50,2.63
2011.12.14 11:44:48.011,0.77908,0.77922,3.38,2.25
2011.12.14 11:44:48.309,0.77914,0.77927,1.50,2.25
2011.12.14 11:44:48.456,0.77914,0.77927,1.50,1.50
2011.12.14 11:44:48.734,0.77914,0.77927,1.50,1.50
2011.12.14 11:44:49.597,0.77913,0.77927,2.25,1.50
2011.12.14 11:44:49.805,0.77913,0.77929,1.50,2.63
2011.12.14 11:44:50.423,0.77912,0.77927,1.88,1.50
2011.12.14 11:44:50.964,0.77913,0.77927,1.88,1.50
2011.12.14 11:44:51.579,0.77914,0.77928,1.50,3.00
2011.12.14 11:44:52.080,0.77911,0.77927,2.25,4.13
2011.12.14 11:44:52.160,0.77911,0.77927,3.75,4.13
2011.12.14 11:44:52.519,0.77918,0.77927,1.50,1.88
2011.12.14 11:44:52.879,0.77916,0.77927,1.50,1.13
2011.12.14 11:44:53.317,0.77916,0.7793,1.50,3.00
2011.12.14 11:44:53.398,0.77913,0.77926,1.50,1.50
2011.12.14 11:44:53.538,0.77915,0.77928,3.75,1.50
2011.12.14 11:44:53.604,0.77918,0.7793,1.50,3.75
2011.12.14 11:44:53.885,0.7792,0.77933,1.50,2.25
2011.12.14 11:44:54.166,0.7792,0.77933,1.50,1.50
2011.12.14 11:44:54.238,0.77917,0.77933,3.00,3.00
2011.12.14 11:44:55.723,0.77919,0.77933,1.50,2.25
2011.12.14 11:44:56.085,0.77913,0.77926,2.25,3.38
2011.12.14 11:44:56.441,0.77917,0.7793,2.25,1.50
2011.12.14 11:44:56.521,0.77919,0.77931,1.50,1.50
2011.12.14 11:44:57.037,0.77917,0.77932,3.00,1.50
2011.12.14 11:44:57.640,0.77917,0.77933,2.25,4.13
2011.12.14 11:44:58.203,0.77917,0.77933,2.25,4.88
2011.12.14 11:44:59.276,0.7792,0.77934,1.50,3.75
2011.12.14 11:44:59.350,0.7792,0.77934,1.50,2.25
2011.12.14 11:44:59.708,0.77922,0.77937,1.50,2.25
2011.12.14 11:45:00.878,0.77925,0.77941,1.50,6.38
2011.12.14 11:45:01.177,0.77931,0.77942,1.50,1.50
2011.12.14 11:45:01.321,0.77931,0.77944,1.50,2.63
2011.12.14 11:45:01.682,0.77934,0.77946,1.50,1.13
2011.12.14 11:45:02.370,0.77933,0.77946,1.88,2.25
2011.12.14 11:45:02.460,0.77932,0.77946,2.25,1.50
2011.12.14 11:45:02.891,0.77934,0.77945,2.10,1.50
2011.12.14 11:45:03.254,0.77942,0.77949,1.50,2.63
2011.12.14 11:45:03.779,0.77942,0.77949,2.25,3.38
2011.12.14 11:45:03.998,0.77942,0.77956,2.25,1.50
2011.12.14 11:45:04.416,0.77944,0.77958,1.88,3.00
2011.12.14 11:45:05.011,0.77944,0.77958,1.88,3.00
2011.12.14 11:45:05.097,0.77942,0.77958,3.38,2.25
2011.12.14 11:45:05.525,0.77942,0.77958,3.38,2.25
2011.12.14 11:45:06.315,0.77942,0.77958,3.38,2.25
2011.12.14 11:45:07.214,0.77942,0.77958,3.38,2.25
2011.12.14 11:45:07.767,0.77942,0.77957,1.50,2.63
2011.12.14 11:45:07.843,0.7794,0.77955,2.25,2.25
2011.12.14 11:45:08.128,0.77939,0.77953,3.00,2.63
2011.12.14 11:45:09.394,0.77939,0.77953,1.50,2.63
2011.12.14 11:45:15.009,0.77939,0.77951,1.50,1.88
2011.12.14 11:45:15.162,0.77937,0.77951,1.50,3.38
2011.12.14 11:45:15.310,0.77934,0.77949,2.25,1.50
2011.12.14 11:45:15.954,0.77933,0.77949,1.50,2.25
2011.12.14 11:45:16.173,0.77933,0.77947,1.50,1.88
2011.12.14 11:45:16.517,0.77933,0.77947,1.50,2.63
2011.12.14 11:45:16.589,0.77933,0.77947,1.50,2.63
2011.12.14 11:45:20.595,0.77933,0.77947,1.50,2.63
2011.12.14 11:45:20.810,0.77933,0.77945,1.50,1.50
2011.12.14 11:45:20.956,0.77933,0.77946,1.50,3.00
2011.12.14 11:45:21.494,0.77933,0.77947,1.50,3.38
2011.12.14 11:45:29.153,0.77933,0.77945,1.50,1.88
2011.12.14 11:45:30.026,0.77934,0.77949,3.38,4.50
2011.12.14 11:45:30.100,0.77937,0.77951,1.50,2.25
2011.12.14 11:45:30.315,0.77939,0.77954,1.50,4.88
2011.12.14 11:45:30.904,0.77939,0.77954,1.50,3.38
2011.12.14 11:45:32.249,0.77939,0.77953,1.50,1.35
2011.12.14 11:45:32.330,0.77937,0.77952,1.50,3.00
2011.12.14 11:45:32.534,0.77937,0.77947,1.50,2.63
2011.12.14 11:45:33.078,0.77934,0.77948,1.50,1.88
2011.12.14 11:45:33.953,0.77934,0.77948,1.50,2.25
2011.12.14 11:45:35.791,0.77936,0.77951,1.50,3.38
2011.12.14 11:45:36.514,0.77935,0.77949,1.50,2.25
2011.12.14 11:45:36.584,0.77933,0.77949,1.50,2.25
2011.12.14 11:45:37.596,0.77933,0.77947,1.50,3.38
2011.12.14 11:45:38.126,0.77933,0.77947,1.50,1.50
2011.12.14 11:45:38.843,0.77934,0.77949,1.88,3.00
2011.12.14 11:45:39.488,0.77933,0.77948,1.50,2.63
2011.12.14 11:45:40.014,0.77934,0.77949,1.88,2.25
2011.12.14 11:45:40.090,0.77938,0.7795,1.50,1.35
2011.12.14 11:45:40.635,0.77941,0.77951,1.50,1.50
2011.12.14 11:45:40.986,0.77941,0.77949,1.50,2.63
2011.12.14 11:45:41.059,0.77938,0.77949,1.50,2.63
2011.12.14 11:45:41.406,0.77935,0.7795,1.88,1.50
2011.12.14 11:45:43.914,0.77935,0.7795,1.50,1.50
2011.12.14 11:45:46.696,0.77936,0.77951,1.50,3.00
2011.12.14 11:45:47.177,0.77938,0.77951,1.50,1.50
2011.12.14 11:45:48.667,0.77935,0.77951,3.38,2.25
2011.12.14 11:45:49.460,0.77935,0.77951,3.38,2.25
2011.12.14 11:45:49.612,0.77943,0.77951,1.88,2.25
2011.12.14 11:45:49.759,0.77942,0.77953,1.88,1.50
2011.12.14 11:45:50.346,0.77943,0.77954,1.50,1.50
2011.12.14 11:45:50.429,0.77942,0.77956,1.50,2.25
2011.12.14 11:45:50.978,0.77943,0.77959,1.50,3.00
2011.12.14 11:45:51.610,0.77939,0.77954,2.63,1.50
2011.12.14 11:45:51.688,0.7794,0.77956,1.50,2.85
2011.12.14 11:45:51.756,0.7794,0.77956,1.50,2.85
2011.12.14 11:45:52.528,0.77939,0.77954,1.88,2.25
2011.12.14 11:45:53.691,0.77943,0.77954,1.88,2.25
2011.12.14 11:45:53.981,0.77944,0.77958,1.50,3.75
2011.12.14 11:45:54.578,0.77944,0.77958,1.50,1.50
2011.12.14 11:45:56.305,0.77944,0.77958,1.50,3.00
2011.12.14 11:45:56.845,0.77944,0.77958,1.50,1.50
2011.12.14 11:45:58.124,0.77943,0.77957,1.88,2.25
2011.12.14 11:45:58.699,0.77941,0.77957,4.13,3.75
2011.12.14 11:45:59.224,0.77941,0.77957,4.88,2.25
2011.12.14 11:45:59.369,0.77941,0.77957,4.88,2.25
2011.12.14 11:45:59.951,0.77944,0.77958,1.50,4.50
2011.12.14 11:46:00.307,0.7795,0.77959,3.38,4.50
2011.12.14 11:46:00.521,0.7795,0.77963,1.50,3.38
2011.12.14 11:46:00.599,0.77947,0.77961,1.50,2.25
2011.12.14 11:46:01.165,0.77945,0.77959,4.88,1.50
2011.12.14 11:46:02.334,0.77946,0.77959,1.88,1.50
2011.12.14 11:46:03.114,0.77946,0.77956,1.88,1.50
2011.12.14 11:46:03.249,0.77943,0.77956,2.25,1.50
2011.12.14 11:46:04.028,0.77943,0.77956,2.25,1.50
2011.12.14 11:46:04.924,0.77944,0.77958,1.50,2.25
2011.12.14 11:46:05.001,0.77947,0.7796,2.25,3.38
2011.12.14 11:46:05.077,0.77947,0.77962,3.75,1.13
2011.12.14 11:46:05.219,0.77952,0.77962,1.88,1.13
2011.12.14 11:46:05.429,0.77949,0.77964,3.00,1.88
2011.12.14 11:46:05.499,0.77949,0.77964,2.25,1.88
2011.12.14 11:46:06.063,0.7795,0.77963,1.88,1.50
2011.12.14 11:46:06.601,0.77954,0.77966,1.50,1.50
2011.12.14 11:46:06.682,0.77954,0.77968,1.50,3.75
2011.12.14 11:46:06.762,0.77954,0.77964,1.50,1.88
2011.12.14 11:46:06.968,0.77954,0.77966,3.38,2.25
2011.12.14 11:46:07.504,0.77954,0.77968,3.38,1.88
2011.12.14 11:46:07.576,0.77956,0.77969,1.50,1.13
2011.12.14 11:46:08.755,0.77953,0.77967,1.50,3.23
2011.12.14 11:46:08.825,0.7795,0.77966,4.13,2.63
2011.12.14 11:46:09.017,0.7795,0.77965,2.25,1.50
2011.12.14 11:46:09.155,0.7795,0.77963,2.25,1.13
2011.12.14 11:46:09.501,0.77956,0.77963,1.50,1.50
2011.12.14 11:46:09.869,0.77955,0.77969,2.25,1.50
2011.12.14 11:46:09.958,0.77957,0.7797,1.50,3.60
2011.12.14 11:46:10.397,0.77953,0.77968,3.00,3.38
2011.12.14 11:46:10.487,0.77951,0.77965,2.25,1.50
2011.12.14 11:46:10.564,0.77952,0.77968,1.50,3.00
2011.12.14 11:46:10.903,0.7795,0.77966,3.38,2.25
2011.12.14 11:46:13.105,0.77952,0.77967,1.50,2.25
2011.12.14 11:46:13.665,0.77952,0.77968,4.50,2.25
2011.12.14 11:46:14.171,0.77952,0.77968,1.50,2.25
2011.12.14 11:46:15.908,0.77952,0.77968,1.50,2.25
2011.12.14 11:46:17.726,0.77949,0.77965,2.25,2.25
2011.12.14 11:46:18.336,0.77953,0.77966,1.50,3.00
2011.12.14 11:46:18.892,0.77953,0.77967,3.38,1.50
2011.12.14 11:46:19.580,0.77953,0.77967,4.13,1.50
2011.12.14 11:46:19.677,0.77955,0.77971,1.50,2.25
2011.12.14 11:46:20.250,0.77954,0.77969,2.25,1.50
2011.12.14 11:46:20.680,0.7795,0.77966,2.25,1.50
2011.12.14 11:46:21.366,0.7795,0.77966,1.50,3.00
2011.12.14 11:46:21.964,0.7795,0.77966,1.50,3.00
2011.12.14 11:46:23.240,0.77953,0.77966,2.63,2.25
2011.12.14 11:46:23.595,0.77956,0.7797,1.50,2.25
2011.12.14 11:46:24.065,0.77956,0.7797,1.50,2.25
2011.12.14 11:46:24.764,0.77956,0.7797,2.25,1.88
2011.12.14 11:46:24.933,0.77956,0.77968,2.25,1.50
2011.12.14 11:46:25.018,0.77952,0.77966,4.88,1.50
2011.12.14 11:46:25.161,0.77954,0.7797,1.50,2.85
2011.12.14 11:46:25.243,0.77956,0.7797,1.50,2.25
2011.12.14 11:46:25.866,0.77957,0.77973,1.50,2.25
2011.12.14 11:46:25.946,0.77957,0.77973,2.25,1.50
2011.12.14 11:46:26.651,0.77959,0.77973,1.50,1.50
2011.12.14 11:46:26.994,0.7796,0.77976,2.25,2.63
2011.12.14 11:46:27.867,0.7796,0.77975,1.50,1.13
2011.12.14 11:46:28.355,0.77958,0.77972,2.25,1.50
2011.12.14 11:46:30.761,0.77961,0.77974,1.50,1.88
2011.12.14 11:46:31.045,0.77973,0.77977,1.50,1.88
2011.12.14 11:46:31.396,0.77973,0.77985,1.50,2.91
2011.12.14 11:46:31.827,0.77973,0.77986,1.50,1.13
2011.12.14 11:46:32.385,0.77969,0.77985,2.25,1.88
2011.12.14 11:46:33.316,0.77969,0.77985,2.25,2.63
2011.12.14 11:46:34.131,0.77973,0.77985,1.88,2.63
2011.12.14 11:46:34.798,0.77973,0.77987,3.38,2.25
2011.12.14 11:46:34.882,0.77973,0.77985,1.88,1.50
2011.12.14 11:46:35.024,0.77971,0.77985,1.88,1.50
2011.12.14 11:46:35.838,0.77973,0.77986,1.50,1.50
2011.12.14 11:46:36.338,0.77973,0.77987,1.50,1.50
2011.12.14 11:46:37.439,0.7797,0.77984,1.50,3.00
2011.12.14 11:46:37.783,0.77966,0.77979,3.00,1.50
2011.12.14 11:46:38.198,0.77967,0.77981,2.25,1.50
2011.12.14 11:46:40.310,0.77965,0.77978,4.13,1.50
2011.12.14 11:46:41.015,0.77964,0.77978,2.25,1.50
2011.12.14 11:46:41.320,0.77982,0.7799,3.00,5.25
2011.12.14 11:46:41.471,0.77981,0.77995,2.25,2.25
2011.12.14 11:46:41.548,0.77981,0.77995,2.25,1.50
2011.12.14 11:46:41.620,0.77981,0.77995,1.50,2.25
2011.12.14 11:46:41.980,0.77983,0.77992,1.88,1.50
2011.12.14 11:46:42.057,0.77982,0.77986,2.25,1.50
2011.12.14 11:46:42.702,0.77984,0.77998,1.50,2.25
2011.12.14 11:46:42.793,0.77982,0.77994,3.38,2.25
2011.12.14 11:46:43.433,0.77985,0.77999,1.50,3.00
2011.12.14 11:46:43.509,0.77985,0.77999,1.50,1.50
2011.12.14 11:46:44.311,0.77985,0.77998,1.50,1.50
2011.12.14 11:46:44.469,0.77985,0.77994,1.50,1.50
2011.12.14 11:46:44.545,0.77979,0.77993,1.50,1.50
2011.12.14 11:46:44.765,0.77978,0.77989,3.75,1.50
2011.12.14 11:46:44.843,0.77977,0.77989,2.25,3.00
2011.12.14 11:46:44.919,0.77977,0.77986,2.25,1.50
2011.12.14 11:46:45.281,0.77975,0.77985,1.50,2.63
2011.12.14 11:46:46.180,0.77986,0.78,2.25,2.63
2011.12.14 11:46:46.333,0.77986,0.78,2.25,3.38
2011.12.14 11:46:46.412,0.77986,0.78,2.25,3.38
2011.12.14 11:46:47.138,0.77983,0.77997,1.50,1.50
2011.12.14 11:46:47.468,0.77982,0.77997,3.38,2.25
2011.12.14 11:46:47.746,0.77983,0.77998,2.25,1.50
2011.12.14 11:46:47.865,0.77983,0.77998,1.50,1.50
2011.12.14 11:46:48.782,0.77983,0.77998,2.25,1.50
2011.12.14 11:46:48.861,0.77983,0.77998,1.50,1.50
2011.12.14 11:46:49.458,0.77983,0.77998,1.50,1.50
2011.12.14 11:46:50.012,0.77986,0.77999,1.88,2.25
2011.12.14 11:46:50.206,0.77983,0.77999,3.75,2.25
2011.12.14 11:46:50.849,0.77983,0.77999,2.25,2.25
2011.12.14 11:46:52.710,0.77983,0.77998,1.50,1.50
2011.12.14 11:46:54.064,0.77983,0.77998,1.50,1.50
2011.12.14 11:46:54.753,0.77983,0.77998,1.50,1.50
2011.12.14 11:46:55.282,0.77982,0.77995,1.50,2.25
2011.12.14 11:46:55.371,0.77978,0.7799,1.50,1.50
2011.12.14 11:46:55.595,0.77977,0.77988,2.25,2.25
2011.12.14 11:46:55.808,0.77976,0.77987,1.50,2.25
2011.12.14 11:46:55.877,0.77976,0.77984,1.50,2.10
2011.12.14 11:46:56.229,0.7797,0.77977,1.50,1.50
2011.12.14 11:46:56.716,0.77969,0.77975,1.50,1.50
2011.12.14 11:46:57.282,0.77968,0.77975,1.50,2.25
2011.12.14 11:46:57.638,0.77966,0.77975,1.50,2.25
2011.12.14 11:46:58.360,0.77961,0.77975,2.63,2.25
2011.12.14 11:46:58.441,0.77961,0.77975,2.63,2.25
2011.12.14 11:46:58.513,0.77961,0.77975,1.88,2.25
2011.12.14 11:47:00.889,0.77959,0.77975,1.50,2.25
2011.12.14 11:47:00.956,0.77961,0.77975,1.88,2.25
2011.12.14 11:47:02.127,0.77962,0.77975,2.63,2.25
2011.12.14 11:47:02.475,0.77972,0.77979,1.88,3.75
2011.12.14 11:47:02.759,0.7797,0.77981,1.50,1.50
2011.12.14 11:47:03.358,0.77967,0.77982,2.63,3.00
2011.12.14 11:47:05.987,0.77967,0.77982,2.63,1.50
2011.12.14 11:47:06.057,0.77969,0.77984,2.25,1.50
2011.12.14 11:47:06.133,0.77972,0.77986,1.50,3.00
2011.12.14 11:47:06.707,0.77975,0.77988,1.88,2.25
2011.12.14 11:47:07.200,0.77973,0.77988,1.88,2.25
2011.12.14 11:47:07.761,0.77972,0.77987,2.25,1.50
2011.12.14 11:47:08.211,0.77971,0.77984,2.25,1.50
2011.12.14 11:47:08.427,0.77967,0.77981,3.38,1.50
2011.12.14 11:47:11.974,0.77967,0.77981,1.50,2.25
2011.12.14 11:47:12.643,0.77967,0.77981,1.50,2.25
2011.12.14 11:47:12.833,0.77967,0.77981,1.50,2.25
2011.12.14 11:47:13.769,0.77963,0.77979,2.25,1.50
2011.12.14 11:47:15.102,0.77963,0.77979,2.25,3.38
2011.12.14 11:47:17.084,0.77963,0.77979,1.50,3.38
2011.12.14 11:47:18.258,0.77961,0.77974,1.88,1.50
2011.12.14 11:47:18.765,0.7796,0.77974,1.50,1.50
2011.12.14 11:47:18.839,0.77957,0.77972,4.13,1.50
2011.12.14 11:47:19.373,0.77957,0.77972,1.88,2.25
2011.12.14 11:47:19.897,0.77956,0.77972,1.50,2.25
2011.12.14 11:47:20.175,0.77958,0.77972,1.88,1.50
2011.12.14 11:47:21.425,0.77956,0.77972,2.25,1.50
2011.12.14 11:47:21.967,0.77957,0.77972,1.88,1.50
2011.12.14 11:47:22.952,0.77959,0.77972,1.88,1.50
2011.12.14 11:47:25.273,0.77959,0.77974,1.88,2.25
2011.12.14 11:47:27.283,0.77959,0.77971,1.88,1.50
2011.12.14 11:47:29.162,0.77957,0.77971,2.25,1.50
2011.12.14 11:47:30.067,0.77959,0.77973,1.50,2.25
2011.12.14 11:47:30.406,0.77961,0.77973,1.88,2.25
2011.12.14 11:47:30.759,0.77959,0.77973,4.13,1.50
2011.12.14 11:47:31.417,0.77961,0.77973,1.88,1.50
2011.12.14 11:47:31.747,0.77961,0.77976,3.38,1.13
2011.12.14 11:47:31.959,0.77965,0.77977,1.88,3.00
2011.12.14 11:47:32.517,0.77965,0.77977,1.88,1.50
2011.12.14 11:47:32.854,0.77967,0.77977,1.88,1.50
2011.12.14 11:47:33.363,0.77967,0.7798,1.88,2.25
2011.12.14 11:47:33.505,0.77965,0.7798,4.13,2.25
2011.12.14 11:47:33.846,0.77965,0.77977,1.88,1.50
2011.12.14 11:47:34.506,0.77964,0.77977,1.88,1.50
2011.12.14 11:47:36.153,0.77963,0.77977,1.50,1.50
2011.12.14 11:47:37.536,0.77963,0.77977,1.50,2.25
2011.12.14 11:47:38.149,0.77963,0.77977,1.50,5.48
2011.12.14 11:47:38.240,0.77957,0.77971,1.50,2.25
2011.12.14 11:47:38.710,0.77957,0.77969,1.88,1.50
2011.12.14 11:47:38.858,0.77953,0.77969,3.75,1.50
2011.12.14 11:47:38.926,0.77953,0.77969,3.00,2.25
2011.12.14 11:47:39.281,0.77951,0.77964,2.25,2.25
2011.12.14 11:47:39.708,0.7795,0.77962,3.00,2.25
2011.12.14 11:47:39.787,0.77948,0.7796,1.88,1.50
2011.12.14 11:47:39.858,0.77948,0.77962,1.88,2.25
2011.12.14 11:47:40.742,0.77951,0.77963,1.50,2.25
2011.12.14 11:47:41.029,0.77955,0.7797,1.50,1.50
2011.12.14 11:47:41.237,0.77957,0.7797,1.50,1.50
2011.12.14 11:47:41.871,0.77961,0.77976,1.50,1.50
2011.12.14 11:47:41.955,0.77961,0.77966,1.50,2.25
2011.12.14 11:47:42.378,0.77955,0.77963,3.38,1.50
2011.12.14 11:47:42.452,0.77955,0.77969,3.38,1.50
2011.12.14 11:47:42.598,0.77958,0.77971,1.50,2.25
2011.12.14 11:47:43.816,0.77958,0.77972,1.50,1.50
2011.12.14 11:47:44.146,0.77961,0.77975,1.50,4.13
2011.12.14 11:47:49.716,0.77958,0.77972,3.00,1.50
2011.12.14 11:47:49.788,0.7796,0.77973,1.50,2.63
2011.12.14 11:47:50.272,0.7796,0.77976,3.75,2.25
2011.12.14 11:47:51.685,0.7796,0.77976,3.75,2.25
2011.12.14 11:47:52.245,0.7796,0.77976,4.50,1.50
2011.12.14 11:47:52.942,0.7796,0.77973,2.25,1.88
2011.12.14 11:47:53.227,0.77958,0.77972,2.25,1.50
2011.12.14 11:47:55.597,0.77958,0.77972,2.25,1.50
2011.12.14 11:47:56.120,0.77958,0.77972,1.50,1.50
2011.12.14 11:47:56.990,0.7796,0.77976,1.50,4.88
2011.12.14 11:47:57.069,0.7796,0.77976,2.25,4.88
2011.12.14 11:47:57.430,0.7796,0.77976,3.00,4.13
2011.12.14 11:47:58.012,0.77961,0.77976,1.50,3.38
2011.12.14 11:48:01.392,0.77968,0.77981,1.50,2.25
2011.12.14 11:48:01.816,0.77968,0.77982,1.50,3.38
2011.12.14 11:48:02.284,0.77965,0.77981,1.50,3.00
2011.12.14 11:48:03.245,0.77965,0.77981,3.00,4.13
2011.12.14 11:48:03.604,0.77971,0.77982,2.25,1.50
2011.12.14 11:48:03.681,0.77971,0.77984,2.25,1.50
2011.12.14 11:48:03.897,0.77968,0.77984,2.25,3.38
2011.12.14 11:48:06.290,0.77968,0.7798,1.50,1.88
2011.12.14 11:48:07.807,0.77966,0.77977,2.25,1.50
2011.12.14 11:48:07.886,0.77963,0.77977,2.25,1.50
2011.12.14 11:48:08.169,0.7796,0.77975,3.00,1.50
2011.12.14 11:48:08.243,0.7796,0.77975,2.25,1.50
2011.12.14 11:48:09.310,0.77957,0.77971,4.88,1.50
2011.12.14 11:48:09.529,0.77958,0.77973,2.25,1.88
2011.12.14 11:48:10.085,0.77958,0.77974,2.25,1.50
2011.12.14 11:48:10.215,0.77958,0.77972,2.25,1.88
2011.12.14 11:48:10.426,0.77958,0.77974,2.25,1.50
2011.12.14 11:48:11.108,0.77958,0.77974,2.25,1.50
2011.12.14 11:48:12.744,0.77958,0.77969,2.25,1.88
2011.12.14 11:48:13.179,0.77958,0.77973,1.50,4.13
2011.12.14 11:48:13.728,0.77959,0.77973,1.50,4.13
2011.12.14 11:48:13.869,0.77959,0.77973,1.50,3.38
2011.12.14 11:48:13.947,0.77959,0.7797,1.50,1.88
2011.12.14 11:48:14.497,0.77959,0.77972,2.25,1.88
2011.12.14 11:48:15.134,0.77955,0.77971,2.25,1.50
2011.12.14 11:48:15.774,0.77956,0.77972,2.25,4.13
2011.12.14 11:48:16.386,0.77959,0.77972,1.50,2.63
2011.12.14 11:48:16.888,0.77958,0.77974,1.50,2.25
2011.12.14 11:48:18.072,0.77962,0.77976,3.00,3.75
2011.12.14 11:48:18.495,0.77964,0.77977,1.50,2.25
2011.12.14 11:48:19.059,0.77963,0.77976,1.50,1.50
2011.12.14 11:48:19.683,0.7796,0.77974,1.50,1.50
2011.12.14 11:48:20.259,0.7796,0.77974,1.50,2.25
2011.12.14 11:48:20.847,0.7796,0.77974,1.50,1.50
2011.12.14 11:48:21.373,0.7796,0.77974,1.50,2.25
2011.12.14 11:48:23.256,0.7796,0.77973,1.50,3.38
2011.12.14 11:48:23.328,0.77956,0.77972,3.00,2.25
2011.12.14 11:48:23.477,0.77956,0.77972,1.50,3.00
2011.12.14 11:48:23.964,0.77954,0.77968,1.50,2.25
2011.12.14 11:48:24.308,0.77949,0.77963,2.63,1.50
2011.12.14 11:48:24.593,0.77948,0.77962,2.25,1.50
2011.12.14 11:48:26.454,0.77948,0.7796,1.50,1.88
2011.12.14 11:48:26.861,0.77945,0.77959,1.50,2.25
2011.12.14 11:48:26.944,0.77947,0.77959,1.50,1.35
2011.12.14 11:48:27.458,0.77947,0.77957,1.50,2.25
2011.12.14 11:48:27.547,0.77939,0.77952,2.25,1.88
2011.12.14 11:48:27.967,0.77939,0.77955,2.25,2.25
2011.12.14 11:48:28.799,0.77941,0.77955,1.50,3.00
2011.12.14 11:48:29.170,0.77943,0.77955,1.50,1.50
2011.12.14 11:48:29.467,0.77946,0.77961,3.38,1.50
2011.12.14 11:48:29.974,0.77946,0.7796,1.50,2.63
2011.12.14 11:48:32.698,0.77948,0.77959,1.50,1.88
2011.12.14 11:48:33.104,0.77952,0.77959,1.50,1.88
2011.12.14 11:48:33.189,0.77955,0.77967,1.50,1.35
2011.12.14 11:48:33.262,0.77955,0.77968,1.50,1.13
2011.12.14 11:48:34.087,0.77955,0.77968,1.50,3.98
2011.12.14 11:48:34.277,0.77955,0.77968,1.50,4.73
2011.12.14 11:48:35.071,0.7795,0.77965,1.50,2.63
2011.12.14 11:48:35.160,0.77952,0.77961,1.88,3.00
2011.12.14 11:48:35.524,0.77958,0.77968,1.50,3.98
2011.12.14 11:48:35.814,0.77958,0.7797,3.00,3.00
2011.12.14 11:48:35.888,0.7796,0.7797,1.50,3.00
2011.12.14 11:48:36.159,0.77962,0.77974,1.50,2.63
2011.12.14 11:48:36.296,0.77962,0.77971,1.50,1.88
2011.12.14 11:48:36.733,0.7796,0.77971,1.50,1.88
2011.12.14 11:48:36.823,0.77963,0.77977,3.00,2.63
2011.12.14 11:48:37.197,0.77965,0.77977,1.50,1.13
2011.12.14 11:48:39.091,0.77962,0.77978,2.25,4.50
2011.12.14 11:48:39.616,0.77962,0.77978,2.25,4.13
2011.12.14 11:48:40.192,0.77962,0.77978,1.50,4.13
2011.12.14 11:48:41.817,0.77963,0.77978,1.88,2.25
2011.12.14 11:48:41.897,0.77967,0.7798,1.50,1.50
2011.12.14 11:48:42.255,0.77965,0.7798,1.50,1.50
2011.12.14 11:48:42.525,0.77968,0.7798,1.50,1.50
2011.12.14 11:48:44.776,0.77968,0.77982,1.50,2.25
2011.12.14 11:48:45.205,0.77971,0.77983,1.50,2.63
2011.12.14 11:48:46.269,0.77971,0.77985,1.50,5.25
2011.12.14 11:48:46.938,0.77978,0.77987,1.50,2.25
2011.12.14 11:48:47.449,0.77978,0.7799,1.50,1.50
2011.12.14 11:48:47.957,0.77978,0.77983,1.50,1.88
2011.12.14 11:48:48.038,0.77973,0.77983,1.50,1.88
2011.12.14 11:48:50.712,0.7797,0.77986,2.25,3.00
2011.12.14 11:48:52.082,0.7799,0.77998,2.25,1.50
2011.12.14 11:48:52.174,0.77993,0.77999,1.88,1.50
2011.12.14 11:48:52.260,0.77995,0.78,1.50,1.50
2011.12.14 11:48:52.498,0.77994,0.77999,2.25,1.50
2011.12.14 11:48:52.719,0.77997,0.78004,1.50,1.50
2011.12.14 11:48:54.135,0.77991,0.78002,1.50,3.00
2011.12.14 11:48:54.219,0.77991,0.78005,2.25,3.38
2011.12.14 11:48:54.305,0.77991,0.78005,1.50,3.38
2011.12.14 11:48:56.162,0.77988,0.78004,1.50,2.25
2011.12.14 11:48:57.703,0.77988,0.78003,1.50,3.75
2011.12.14 11:48:57.781,0.77985,0.77999,1.50,1.88
2011.12.14 11:48:57.940,0.77988,0.77999,1.50,1.88
2011.12.14 11:48:58.033,0.77985,0.77999,2.25,1.88
2011.12.14 11:48:58.660,0.77985,0.77999,1.50,2.63
2011.12.14 11:48:58.809,0.77983,0.77988,2.25,1.88
2011.12.14 11:48:59.311,0.77985,0.77992,1.50,2.25
2011.12.14 11:48:59.403,0.77981,0.77993,1.50,3.38
2011.12.14 11:48:59.553,0.77981,0.77989,1.50,1.88
2011.12.14 11:48:59.769,0.77981,0.77991,1.50,3.00
2011.12.14 11:48:59.847,0.77984,0.77991,1.50,3.00
2011.12.14 11:48:59.987,0.77984,0.77996,1.50,2.63
2011.12.14 11:49:01.019,0.77984,0.77996,1.50,3.75
2011.12.14 11:49:01.224,0.77984,0.77996,1.50,3.00
2011.12.14 11:49:03.719,0.77987,0.77999,1.50,3.00
2011.12.14 11:49:03.867,0.77987,0.77999,1.50,1.88
2011.12.14 11:49:04.601,0.7799,0.77999,1.50,1.88
2011.12.14 11:49:05.280,0.7799,0.77998,1.50,1.88
2011.12.14 11:49:06.416,0.77988,0.77998,1.50,1.88
2011.12.14 11:49:07.410,0.77988,0.77997,1.50,1.88
2011.12.14 11:49:07.939,0.77991,0.77997,1.50,1.88
2011.12.14 11:49:08.026,0.77991,0.78001,1.50,1.88
2011.12.14 11:49:09.266,0.77991,0.78002,1.50,1.88
2011.12.14 11:49:09.550,0.77995,0.78005,1.50,2.25
2011.12.14 11:49:09.910,0.77998,0.78009,1.50,1.88
2011.12.14 11:49:10.127,0.77998,0.78013,1.50,2.63
2011.12.14 11:49:10.836,0.77998,0.78009,1.50,1.88
2011.12.14 11:49:10.988,0.77998,0.78013,1.50,3.00
2011.12.14 11:49:11.063,0.77997,0.78011,1.50,2.25
2011.12.14 11:49:11.146,0.77995,0.78011,3.38,2.25
2011.12.14 11:49:12.067,0.77995,0.78009,1.50,2.63
2011.12.14 11:49:12.928,0.78001,0.78009,1.50,1.88
2011.12.14 11:49:13.275,0.78001,0.78013,1.50,2.63
2011.12.14 11:49:13.741,0.78004,0.78013,1.50,2.63
2011.12.14 11:49:13.891,0.78002,0.78013,3.00,2.63
2011.12.14 11:49:14.312,0.78,0.78013,1.50,3.38
2011.12.14 11:49:15.475,0.77999,0.78013,1.50,4.13
2011.12.14 11:49:15.819,0.77999,0.78003,1.50,1.88
2011.12.14 11:49:16.106,0.77999,0.78011,1.50,2.63
2011.12.14 11:49:16.248,0.77996,0.7801,1.50,2.25
2011.12.14 11:49:16.389,0.77996,0.78011,1.50,4.13
2011.12.14 11:49:16.461,0.77995,0.78011,1.50,4.13
2011.12.14 11:49:17.032,0.77995,0.78011,1.50,4.13
2011.12.14 11:49:17.118,0.77995,0.78007,1.50,1.88
2011.12.14 11:49:19.992,0.77995,0.78002,1.50,1.88
2011.12.14 11:49:20.212,0.77993,0.78002,1.50,1.88
2011.12.14 11:49:20.799,0.77989,0.78002,1.50,1.88
2011.12.14 11:49:22.368,0.77989,0.78002,2.25,1.88
2011.12.14 11:49:22.800,0.7799,0.78002,1.50,1.88
2011.12.14 11:49:23.110,0.7799,0.77998,1.50,2.25
2011.12.14 11:49:23.407,0.77987,0.77996,1.50,1.88
2011.12.14 11:49:23.487,0.77987,0.77991,1.50,1.88
2011.12.14 11:49:23.566,0.77979,0.77991,3.00,1.88
2011.12.14 11:49:24.226,0.77979,0.77991,3.00,1.88
2011.12.14 11:49:24.787,0.77981,0.77991,1.50,1.88
2011.12.14 11:49:24.860,0.77984,0.77991,1.50,1.88
2011.12.14 11:49:25.009,0.77984,0.77995,1.50,4.88
2011.12.14 11:49:25.357,0.77984,0.77999,1.50,2.63
2011.12.14 11:49:25.899,0.77986,0.77999,1.50,2.63
2011.12.14 11:49:26.452,0.77988,0.78002,1.50,2.63
2011.12.14 11:49:26.797,0.77991,0.78004,1.50,2.25
2011.12.14 11:49:27.519,0.77987,0.77998,1.50,1.88
2011.12.14 11:49:28.018,0.77986,0.77998,1.50,1.88
2011.12.14 11:49:28.577,0.77986,0.77999,1.50,1.88
2011.12.14 11:49:31.327,0.77986,0.77998,1.50,1.88
2011.12.14 11:49:31.676,0.77986,0.77994,1.50,1.88
2011.12.14 11:49:31.822,0.77983,0.77994,1.50,1.88
2011.12.14 11:49:34.168,0.77983,0.77995,1.50,1.88
2011.12.14 11:49:34.813,0.7798,0.77994,1.50,1.50
2011.12.14 11:49:34.903,0.77977,0.77991,1.50,2.25
2011.12.14 11:49:35.908,0.77977,0.77991,1.50,2.25
2011.12.14 11:49:37.877,0.77978,0.77993,1.50,2.63
2011.12.14 11:49:38.415,0.77975,0.77991,2.25,1.50
2011.12.14 11:49:38.745,0.77977,0.77991,1.50,1.50
2011.12.14 11:49:39.076,0.77981,0.77993,1.50,2.63
2011.12.14 11:49:39.465,0.77981,0.77995,1.50,3.00
2011.12.14 11:49:43.437,0.77984,0.77995,1.50,3.00
2011.12.14 11:49:43.910,0.77987,0.77995,1.50,2.25
2011.12.14 11:49:44.130,0.77983,0.77996,2.63,1.50
2011.12.14 11:49:44.284,0.77984,0.77998,1.50,2.25
2011.12.14 11:49:44.562,0.77983,0.77995,1.88,1.50
2011.12.14 11:49:45.036,0.77978,0.77988,1.88,1.50
2011.12.14 11:49:45.322,0.77976,0.77984,1.50,1.50
2011.12.14 11:49:45.807,0.77971,0.77985,1.50,4.13
2011.12.14 11:49:46.728,0.77969,0.77984,1.50,2.25
2011.12.14 11:49:46.936,0.77969,0.77984,1.50,2.25
2011.12.14 11:49:47.445,0.77968,0.77984,1.50,2.25
2011.12.14 11:49:47.787,0.77971,0.77985,1.50,4.13
2011.12.14 11:49:48.692,0.77971,0.77985,1.50,3.38
2011.12.14 11:49:48.978,0.77971,0.77984,1.50,1.88
2011.12.14 11:49:49.051,0.77969,0.77983,1.50,1.50
2011.12.14 11:49:49.329,0.77976,0.77983,1.50,1.50
2011.12.14 11:49:49.401,0.77977,0.77986,1.50,2.63
2011.12.14 11:49:49.482,0.77971,0.77986,1.50,4.13
2011.12.14 11:49:49.563,0.77975,0.77986,1.50,2.63
2011.12.14 11:49:49.711,0.77972,0.77987,1.50,3.00
2011.12.14 11:49:49.996,0.77969,0.77985,2.25,2.25
2011.12.14 11:49:50.507,0.77969,0.77982,2.25,1.88
2011.12.14 11:49:50.721,0.77969,0.77985,3.75,1.50
2011.12.14 11:49:50.804,0.77972,0.77987,2.25,1.88
2011.12.14 11:49:50.880,0.77977,0.77987,1.50,1.88
2011.12.14 11:49:51.174,0.77972,0.77988,2.25,4.50
2011.12.14 11:49:51.529,0.77972,0.77986,1.50,2.25
2011.12.14 11:49:51.667,0.77969,0.77984,1.50,1.50
2011.12.14 11:49:52.201,0.77966,0.7798,2.25,1.50
2011.12.14 11:49:52.771,0.77965,0.77979,1.50,2.25
2011.12.14 11:49:53.328,0.77965,0.77978,1.50,1.88
2011.12.14 11:49:54.040,0.77965,0.77978,1.50,2.63
2011.12.14 11:49:54.614,0.77965,0.77978,1.50,1.88
2011.12.14 11:49:56.344,0.77963,0.77976,1.50,2.63
2011.12.14 11:49:59.726,0.77963,0.77976,1.50,3.38
2011.12.14 11:50:00.236,0.77963,0.77974,1.50,1.88
2011.12.14 11:50:00.766,0.77962,0.77974,1.50,1.88
2011.12.14 11:50:01.656,0.77962,0.77975,1.50,1.88
2011.12.14 11:50:02.225,0.77961,0.77976,2.25,1.88
2011.12.14 11:50:02.580,0.77961,0.77974,2.25,1.88
2011.12.14 11:50:03.215,0.77964,0.77974,1.88,1.50
2011.12.14 11:50:03.568,0.77964,0.77978,1.50,1.50
2011.12.14 11:50:04.115,0.77965,0.77978,2.63,2.25
2011.12.14 11:50:04.195,0.77964,0.77974,4.50,1.88
2011.12.14 11:50:04.754,0.77961,0.77975,3.00,1.50
2011.12.14 11:50:04.838,0.77961,0.77971,1.50,1.50
2011.12.14 11:50:05.261,0.77956,0.77967,1.50,1.50
2011.12.14 11:50:05.410,0.7796,0.7797,1.50,1.50
2011.12.14 11:50:05.571,0.7796,0.7797,1.50,1.50
2011.12.14 11:50:05.646,0.7796,0.77973,2.25,1.50
2011.12.14 11:50:06.168,0.77967,0.77976,1.50,1.50
2011.12.14 11:50:06.323,0.77967,0.77981,1.50,1.88
2011.12.14 11:50:06.749,0.77967,0.77981,1.50,1.50
2011.12.14 11:50:07.085,0.77967,0.77981,1.50,1.50
2011.12.14 11:50:07.869,0.77967,0.77981,1.50,1.35
2011.12.14 11:50:07.950,0.77967,0.7798,1.50,1.35
2011.12.14 11:50:08.038,0.77965,0.7798,3.00,3.23
2011.12.14 11:50:08.110,0.77965,0.77979,3.00,1.13
2011.12.14 11:50:08.401,0.77961,0.77977,2.25,2.25
2011.12.14 11:50:08.678,0.7796,0.77972,2.63,1.50
2011.12.14 11:50:09.341,0.77956,0.77968,1.50,1.50
2011.12.14 11:50:09.412,0.77958,0.77974,2.25,2.25
2011.12.14 11:50:09.496,0.77962,0.77975,1.50,1.13
2011.12.14 11:50:09.787,0.77967,0.77978,1.50,1.50
2011.12.14 11:50:10.069,0.77967,0.77981,1.50,2.63
2011.12.14 11:50:10.140,0.77967,0.77979,1.50,1.50
2011.12.14 11:50:10.219,0.77964,0.77978,2.25,2.25
2011.12.14 11:50:10.828,0.77964,0.77978,2.25,2.25
2011.12.14 11:50:10.907,0.77962,0.77978,2.25,2.25
2011.12.14 11:50:11.183,0.7796,0.77971,1.88,1.88
2011.12.14 11:50:11.757,0.7796,0.77975,2.25,1.50
2011.12.14 11:50:14.059,0.77961,0.77977,3.00,2.25
2011.12.14 11:50:14.273,0.77965,0.77977,1.88,1.50
2011.12.14 11:50:14.691,0.77965,0.77979,3.38,2.25
2011.12.14 11:50:14.991,0.77963,0.77977,2.25,1.50
2011.12.14 11:50:15.067,0.77963,0.77977,2.25,1.50
2011.12.14 11:50:15.700,0.77963,0.77977,1.50,4.13
2011.12.14 11:50:16.033,0.77959,0.77975,3.00,1.50
2011.12.14 11:50:16.588,0.77959,0.77975,1.50,1.50
2011.12.14 11:50:17.178,0.77959,0.77975,1.50,2.85
2011.12.14 11:50:17.526,0.77951,0.77967,2.25,1.50
2011.12.14 11:50:17.600,0.7795,0.77963,2.63,1.50
2011.12.14 11:50:17.957,0.77951,0.77965,1.50,1.88
2011.12.14 11:50:18.816,0.77951,0.77967,2.25,4.88
2011.12.14 11:50:19.238,0.77951,0.77965,2.25,1.88
2011.12.14 11:50:19.984,0.77951,0.77967,3.00,2.25
2011.12.14 11:50:20.564,0.77951,0.77967,3.00,1.50
2011.12.14 11:50:21.129,0.77953,0.77967,1.50,1.50
2011.12.14 11:50:21.222,0.77961,0.77972,1.50,1.50
2011.12.14 11:50:21.303,0.77961,0.77976,1.50,2.63
2011.12.14 11:50:21.648,0.77961,0.77977,1.50,3.38
2011.12.14 11:50:21.718,0.77961,0.77977,2.25,3.38
2011.12.14 11:50:22.038,0.77961,0.77974,1.50,1.88
2011.12.14 11:50:23.251,0.77961,0.77972,1.50,1.88
2011.12.14 11:50:23.833,0.77959,0.77972,2.25,1.88
2011.12.14 11:50:24.498,0.77959,0.77975,2.25,3.75
2011.12.14 11:50:25.009,0.77959,0.77975,1.50,2.25
2011.12.14 11:50:25.736,0.77959,0.77975,1.50,5.48
2011.12.14 11:50:26.286,0.77958,0.77973,2.25,2.63
2011.12.14 11:50:26.804,0.77958,0.77973,2.25,1.88
2011.12.14 11:50:27.390,0.77958,0.77974,2.25,1.50
2011.12.14 11:50:27.684,0.77964,0.77977,1.50,1.50
2011.12.14 11:50:28.198,0.77963,0.77977,2.25,2.25
2011.12.14 11:50:28.742,0.7796,0.77975,1.50,1.50
2011.12.14 11:50:28.961,0.77959,0.77975,2.25,2.25
2011.12.14 11:50:30.685,0.77959,0.77975,1.50,2.25
2011.12.14 11:50:31.027,0.77959,0.77971,1.50,1.13
2011.12.14 11:50:31.097,0.77957,0.77971,1.50,2.63
2011.12.14 11:50:31.237,0.77957,0.7797,1.50,1.50
2011.12.14 11:50:31.450,0.77954,0.77967,1.50,3.38
2011.12.14 11:50:31.517,0.77954,0.77964,1.50,1.50
2011.12.14 11:50:31.935,0.77952,0.77964,1.13,1.50
2011.12.14 11:50:32.175,0.77956,0.77964,4.13,1.50
2011.12.14 11:50:32.320,0.77959,0.77972,1.50,1.50
2011.12.14 11:50:32.542,0.77958,0.77967,1.50,2.25
2011.12.14 11:50:32.899,0.77956,0.77964,1.50,1.88
2011.12.14 11:50:32.982,0.77951,0.77965,2.25,1.50
2011.12.14 11:50:33.055,0.77952,0.77967,3.00,1.50
2011.12.14 11:50:33.691,0.77954,0.77968,1.50,1.50
2011.12.14 11:50:33.916,0.7796,0.77973,4.88,1.50
2011.12.14 11:50:33.987,0.7796,0.7797,2.25,1.88
2011.12.14 11:50:34.061,0.77957,0.7797,1.50,1.88
2011.12.14 11:50:34.135,0.77957,0.7797,2.25,1.88
2011.12.14 11:50:34.354,0.77962,0.77973,2.63,2.25
2011.12.14 11:50:34.633,0.77965,0.77974,1.50,1.50
2011.12.14 11:50:34.783,0.77965,0.77977,1.50,2.63
2011.12.14 11:50:34.863,0.77963,0.77977,1.50,4.13
2011.12.14 11:50:35.526,0.77963,0.77977,3.38,1.88
2011.12.14 11:50:35.734,0.77967,0.77977,1.88,1.50
2011.12.14 11:50:36.537,0.77967,0.7798,1.88,2.25
2011.12.14 11:50:36.677,0.77969,0.77981,1.50,2.25
2011.12.14 11:50:37.433,0.77972,0.77986,1.50,1.13
2011.12.14 11:50:37.935,0.77972,0.77987,1.50,1.13
2011.12.14 11:50:38.545,0.77972,0.77987,1.50,1.13
2011.12.14 11:50:40.149,0.77972,0.77986,1.50,1.13
2011.12.14 11:50:40.369,0.77972,0.77986,1.50,1.13
2011.12.14 11:50:40.444,0.77969,0.77985,2.25,2.25
2011.12.14 11:50:40.521,0.77973,0.77985,2.63,2.25
2011.12.14 11:50:40.605,0.77973,0.77989,4.13,2.25
2011.12.14 11:50:40.677,0.77976,0.7799,1.50,2.63
2011.12.14 11:50:41.028,0.77979,0.77991,1.50,1.88
2011.12.14 11:50:41.338,0.77976,0.7799,3.00,1.88
2011.12.14 11:50:41.478,0.77974,0.77988,2.25,1.50
2011.12.14 11:50:41.956,0.77972,0.77983,2.25,1.50
2011.12.14 11:50:42.028,0.77969,0.77983,1.50,1.50
2011.12.14 11:50:43.490,0.7797,0.77986,1.50,3.75
2011.12.14 11:50:44.309,0.7797,0.77986,2.25,2.25
2011.12.14 11:50:44.994,0.77974,0.77986,1.50,2.63
2011.12.14 11:50:45.396,0.77974,0.77988,1.50,2.25
2011.12.14 11:50:46.004,0.77975,0.7799,1.50,3.00
2011.12.14 11:50:46.520,0.77975,0.77982,1.50,1.88
2011.12.14 11:50:46.591,0.77971,0.7798,1.50,1.50
2011.12.14 11:50:46.952,0.77967,0.77983,2.25,1.50
2011.12.14 11:50:47.100,0.77967,0.77983,2.25,1.50
2011.12.14 11:50:47.178,0.77971,0.77985,1.50,1.13
2011.12.14 11:50:47.531,0.77968,0.77982,1.50,2.25
2011.12.14 11:50:48.243,0.7797,0.77984,1.50,2.10
2011.12.14 11:50:49.027,0.77974,0.77986,1.50,3.38
2011.12.14 11:50:49.595,0.77974,0.77986,1.50,1.88
2011.12.14 11:50:50.131,0.77974,0.77988,1.50,1.50
2011.12.14 11:50:50.212,0.77976,0.7799,1.50,3.23
2011.12.14 11:50:50.566,0.77976,0.77987,1.50,1.88
2011.12.14 11:50:50.706,0.77973,0.77987,2.25,3.38
2011.12.14 11:50:51.347,0.77974,0.77987,1.50,1.50
2011.12.14 11:50:51.420,0.77976,0.7799,1.50,2.85
2011.12.14 11:50:51.764,0.77976,0.77986,1.50,1.88
2011.12.14 11:50:52.359,0.77976,0.7799,1.50,4.13
2011.12.14 11:50:52.441,0.77976,0.77986,1.50,1.88
2011.12.14 11:50:52.845,0.77976,0.77989,1.50,2.63
2011.12.14 11:50:53.386,0.77976,0.77989,1.50,1.88
2011.12.14 11:50:54.097,0.77978,0.77993,1.50,1.13
2011.12.14 11:50:54.425,0.77978,0.77992,1.50,1.13
2011.12.14 11:50:55.764,0.77976,0.77992,3.00,2.25
2011.12.14 11:50:56.298,0.77976,0.77992,1.50,2.25
2011.12.14 11:50:57.324,0.77976,0.77992,1.50,2.25
2011.12.14 11:50:59.761,0.77976,0.77992,1.50,2.25
2011.12.14 11:51:00.930,0.77979,0.77992,1.88,2.25
2011.12.14 11:51:01.147,0.77981,0.77994,1.50,1.50
2011.12.14 11:51:01.291,0.77981,0.77989,1.50,1.88
2011.12.14 11:51:01.888,0.77973,0.77989,2.25,3.38
2011.12.14 11:51:01.968,0.77971,0.77985,2.25,1.50
2011.12.14 11:51:02.247,0.77973,0.77989,2.25,4.13
2011.12.14 11:51:02.775,0.77973,0.77989,1.50,4.13
2011.12.14 11:51:03.579,0.77972,0.77986,1.50,1.50
2011.12.14 11:51:03.715,0.7797,0.77986,2.25,1.50
2011.12.14 11:51:04.047,0.77969,0.77983,6.38,1.50
2011.12.14 11:51:04.403,0.77969,0.77981,3.38,1.50
2011.12.14 11:51:04.618,0.77967,0.7798,1.50,1.88
2011.12.14 11:51:04.830,0.77965,0.7798,2.25,2.63
2011.12.14 11:51:05.267,0.77965,0.7798,1.50,2.63
2011.12.14 11:51:05.353,0.77962,0.77975,1.50,1.50
2011.12.14 11:51:05.499,0.77961,0.77975,1.50,1.50
2011.12.14 11:51:05.636,0.77958,0.77971,1.50,1.50
2011.12.14 11:51:06.037,0.77958,0.77971,1.88,1.50
2011.12.14 11:51:06.108,0.77959,0.77973,1.50,1.50
2011.12.14 11:51:06.177,0.77958,0.77971,1.88,1.50
2011.12.14 11:51:06.734,0.77957,0.77971,4.50,1.50
2011.12.14 11:51:07.383,0.77958,0.77971,1.88,1.50
2011.12.14 11:51:07.616,0.77953,0.77967,2.25,3.00
2011.12.14 11:51:07.690,0.77953,0.77967,2.25,1.50
2011.12.14 11:51:08.106,0.77953,0.77967,3.38,1.50
2011.12.14 11:51:08.380,0.77953,0.77965,1.88,1.50
2011.12.14 11:51:09.126,0.77953,0.77967,2.25,1.50
2011.12.14 11:51:09.700,0.77953,0.77967,1.50,1.50
2011.12.14 11:51:11.720,0.77953,0.77967,2.25,1.50
2011.12.14 11:51:11.793,0.77956,0.7797,2.25,1.50
2011.12.14 11:51:12.348,0.77956,0.7797,1.50,1.50
2011.12.14 11:51:12.492,0.77954,0.77968,3.00,1.50
2011.12.14 11:51:14.598,0.77954,0.77966,1.50,1.88
2011.12.14 11:51:14.875,0.77949,0.77963,5.25,1.50
2011.12.14 11:51:14.946,0.7795,0.77963,1.50,1.50
2011.12.14 11:51:15.017,0.77951,0.77967,2.25,1.50
2011.12.14 11:51:16.095,0.77951,0.77964,3.00,1.50
2011.12.14 11:51:16.168,0.77949,0.77964,1.50,1.50
2011.12.14 11:51:16.237,0.77959,0.77966,1.50,2.25
2011.12.14 11:51:16.306,0.77957,0.77967,1.50,3.75
2011.12.14 11:51:16.377,0.77955,0.77969,3.75,2.25
2011.12.14 11:51:16.589,0.77953,0.77965,1.50,1.88
2011.12.14 11:51:17.134,0.77952,0.77965,1.50,1.88
2011.12.14 11:51:17.685,0.77952,0.77966,1.50,1.50
2011.12.14 11:51:17.760,0.77948,0.77962,3.00,1.50
2011.12.14 11:51:17.975,0.77948,0.77962,3.00,1.50
2011.12.14 11:51:18.673,0.77948,0.77962,2.25,1.50
2011.12.14 11:51:18.747,0.77949,0.77965,2.25,1.50
2011.12.14 11:51:19.066,0.77948,0.77962,2.25,1.50
2011.12.14 11:51:19.194,0.77948,0.77962,2.25,1.50
2011.12.14 11:51:20.280,0.77945,0.77959,2.25,1.50
2011.12.14 11:51:20.645,0.77941,0.77954,3.00,4.13
2011.12.14 11:51:20.722,0.77941,0.77954,2.25,4.50
2011.12.14 11:51:21.141,0.77941,0.77952,2.25,1.50
2011.12.14 11:51:21.429,0.77936,0.7795,1.50,4.13
2011.12.14 11:51:21.974,0.77936,0.7795,1.50,4.13
2011.12.14 11:51:23.375,0.77936,0.77949,1.50,1.50
2011.12.14 11:51:23.951,0.77932,0.77948,2.25,1.50
2011.12.14 11:51:24.556,0.77932,0.77948,2.25,1.50
2011.12.14 11:51:28.607,0.77935,0.77949,1.50,2.25
2011.12.14 11:51:29.944,0.77935,0.77949,2.25,1.50
2011.12.14 11:51:30.087,0.77938,0.77952,1.50,1.50
2011.12.14 11:51:30.409,0.77935,0.77951,2.25,1.50
2011.12.14 11:51:30.767,0.77935,0.77946,2.25,1.88
2011.12.14 11:51:31.097,0.77936,0.7795,2.25,1.50
2011.12.14 11:51:31.166,0.77938,0.77952,1.50,1.50
2011.12.14 11:51:31.640,0.77936,0.7795,2.25,1.50
2011.12.14 11:51:32.155,0.77936,0.7795,2.25,1.50
2011.12.14 11:51:33.706,0.77936,0.77949,2.25,1.88
2011.12.14 11:51:36.967,0.77933,0.77947,1.50,1.50
2011.12.14 11:51:37.878,0.77935,0.77949,1.50,3.38
2011.12.14 11:51:43.399,0.77932,0.77948,2.25,1.50
2011.12.14 11:51:43.530,0.7793,0.77944,2.25,1.50
2011.12.14 11:51:43.916,0.77932,0.77946,2.25,1.50
2011.12.14 11:51:44.451,0.77929,0.77945,3.00,4.13
2011.12.14 11:51:44.528,0.77929,0.77942,1.50,1.50
2011.12.14 11:51:44.954,0.77928,0.77944,3.75,1.50
2011.12.14 11:51:45.041,0.77928,0.77942,2.25,1.88
2011.12.14 11:51:45.386,0.77927,0.77941,1.50,1.50
2011.12.14 11:51:46.864,0.77929,0.77942,1.50,2.63
2011.12.14 11:51:49.294,0.77929,0.7794,1.50,1.88
2011.12.14 11:51:49.368,0.77929,0.77942,1.50,1.50
2011.12.14 11:51:49.881,0.77926,0.77941,2.25,3.00
2011.12.14 11:51:49.966,0.77928,0.77943,2.25,3.75
2011.12.14 11:51:50.601,0.77928,0.77944,2.25,1.50
2011.12.14 11:51:50.965,0.77932,0.77944,3.60,1.50
2011.12.14 11:51:51.119,0.77933,0.77947,2.25,4.88
2011.12.14 11:51:51.589,0.77942,0.7795,1.35,1.50
2011.12.14 11:51:51.688,0.77943,0.7795,1.88,1.50
2011.12.14 11:51:51.768,0.77945,0.77952,1.50,1.50
2011.12.14 11:51:52.051,0.77943,0.77954,1.50,1.50
2011.12.14 11:51:52.198,0.7794,0.77954,1.50,2.25
2011.12.14 11:51:52.271,0.7794,0.77952,1.50,1.88
2011.12.14 11:51:53.061,0.77941,0.77954,1.50,1.50
2011.12.14 11:51:53.915,0.77938,0.77954,2.25,1.50
2011.12.14 11:51:53.991,0.77938,0.7795,1.50,1.50
2011.12.14 11:51:54.351,0.77937,0.77948,1.50,1.88
2011.12.14 11:51:54.698,0.77933,0.77944,2.25,1.88
2011.12.14 11:51:55.148,0.77933,0.77944,2.25,1.88
2011.12.14 11:51:55.289,0.77933,0.77946,1.50,1.50
2011.12.14 11:51:55.566,0.77936,0.77947,1.50,1.50
2011.12.14 11:51:55.712,0.77937,0.7795,1.50,2.63
2011.12.14 11:51:56.581,0.77937,0.77952,1.50,1.13
2011.12.14 11:51:56.660,0.77935,0.77951,2.25,1.50
2011.12.14 11:51:56.739,0.77935,0.77944,2.25,1.88
2011.12.14 11:51:57.286,0.77934,0.77943,3.00,1.50
2011.12.14 11:51:57.373,0.77929,0.77943,1.50,1.50
2011.12.14 11:51:57.929,0.77929,0.77942,1.50,2.63
2011.12.14 11:51:58.278,0.77926,0.77942,2.25,3.75
2011.12.14 11:51:59.192,0.77929,0.77942,1.50,2.25
2011.12.14 11:51:59.705,0.77929,0.77943,1.50,1.50
2011.12.14 11:52:01.556,0.77929,0.77943,2.25,1.50
2011.12.14 11:52:01.896,0.77924,0.77938,3.00,1.50
2011.12.14 11:52:02.326,0.77929,0.77938,1.88,1.50
2011.12.14 11:52:02.410,0.77928,0.77944,1.50,2.25
2011.12.14 11:52:03.009,0.77927,0.77941,2.25,1.50
2011.12.14 11:52:05.087,0.77928,0.77943,1.50,2.63
2011.12.14 11:52:05.158,0.77926,0.77939,1.50,1.50
2011.12.14 11:52:05.687,0.77925,0.77939,1.50,1.50
2011.12.14 11:52:06.058,0.77928,0.77942,1.50,3.75
2011.12.14 11:52:07.424,0.77928,0.77941,1.50,2.25
2011.12.14 11:52:07.780,0.77925,0.77939,4.13,1.50
2011.12.14 11:52:08.047,0.77927,0.77943,2.25,2.25
2011.12.14 11:52:09.802,0.77927,0.77943,2.25,2.25
2011.12.14 11:52:10.136,0.77926,0.77939,2.25,1.50
2011.12.14 11:52:10.206,0.77925,0.7794,4.13,1.50
2011.12.14 11:52:10.408,0.77925,0.77938,2.63,1.50
2011.12.14 11:52:11.265,0.77924,0.77938,1.50,1.50
2011.12.14 11:52:11.733,0.77923,0.77936,2.25,1.88
2011.12.14 11:52:15.971,0.77922,0.77936,1.50,1.88
2011.12.14 11:52:16.188,0.77922,0.77938,1.50,1.50
2011.12.14 11:52:16.256,0.77924,0.77938,3.38,1.50
2011.12.14 11:52:16.734,0.77928,0.77942,1.50,3.38
2011.12.14 11:52:17.293,0.77929,0.77942,1.50,2.63
2011.12.14 11:52:18.740,0.77929,0.77943,1.50,1.88
2011.12.14 11:52:22.197,0.77934,0.77949,1.50,1.50
2011.12.14 11:52:22.272,0.77934,0.77949,1.50,2.63
2011.12.14 11:52:22.493,0.77933,0.77942,1.50,1.88
2011.12.14 11:52:22.636,0.77929,0.77942,1.50,1.88
2011.12.14 11:52:22.711,0.77927,0.77939,1.50,1.88
2011.12.14 11:52:22.929,0.77926,0.77939,2.25,1.88
2011.12.14 11:52:23.068,0.77924,0.77939,2.25,2.25
2011.12.14 11:52:26.149,0.77924,0.7794,2.25,5.25
2011.12.14 11:52:26.787,0.77926,0.7794,1.50,4.13
2011.12.14 11:52:27.342,0.77927,0.7794,3.00,1.88
2011.12.14 11:52:27.766,0.77927,0.77943,3.00,4.50
2011.12.14 11:52:28.349,0.7793,0.77943,1.50,2.25
2011.12.14 11:52:30.436,0.77927,0.77942,1.50,1.50
2011.12.14 11:52:31.899,0.77927,0.77942,1.50,1.50
2011.12.14 11:52:32.447,0.77929,0.77943,4.13,1.50
2011.12.14 11:52:33.077,0.77929,0.77943,2.25,1.50
2011.12.14 11:52:33.415,0.77929,0.77943,4.13,1.50
2011.12.14 11:52:34.312,0.77927,0.7794,2.25,1.88
2011.12.14 11:52:35.647,0.77927,0.77941,3.00,3.38
2011.12.14 11:52:35.988,0.77929,0.77943,2.25,1.50
2011.12.14 11:52:37.340,0.77929,0.77943,2.25,1.50
2011.12.14 11:52:37.892,0.77926,0.77942,2.25,3.38
2011.12.14 11:52:37.974,0.77926,0.77942,2.25,3.38
2011.12.14 11:52:38.054,0.77926,0.77938,2.25,1.88
2011.12.14 11:52:38.346,0.77927,0.7794,2.63,2.25
2011.12.14 11:52:38.837,0.77934,0.7794,1.50,2.25
2011.12.14 11:52:38.925,0.77931,0.77945,1.50,2.63
2011.12.14 11:52:39.015,0.77932,0.77945,3.00,2.63
2011.12.14 11:52:39.374,0.77936,0.77942,1.50,1.50
2011.12.14 11:52:39.919,0.77936,0.77948,1.50,2.63
2011.12.14 11:52:39.994,0.77936,0.77948,1.50,2.63
2011.12.14 11:52:40.255,0.77936,0.77948,1.50,1.88
2011.12.14 11:52:41.765,0.77936,0.7795,1.50,1.50
2011.12.14 11:52:42.112,0.77938,0.77952,1.50,2.25
2011.12.14 11:52:42.470,0.77944,0.77956,1.50,2.25
2011.12.14 11:52:45.549,0.77944,0.77956,2.25,1.88
2011.12.14 11:52:45.995,0.77944,0.77958,2.25,1.50
2011.12.14 11:52:46.753,0.77944,0.77956,2.25,1.88
2011.12.14 11:52:47.115,0.77944,0.77954,1.50,3.60
2011.12.14 11:52:47.713,0.77933,0.77947,3.00,1.50
2011.12.14 11:52:47.802,0.77932,0.77948,3.00,2.10
2011.12.14 11:52:47.887,0.77932,0.77946,2.25,1.88
2011.12.14 11:52:48.238,0.7793,0.77944,2.25,1.50
2011.12.14 11:52:49.061,0.7793,0.77943,2.25,1.88
2011.12.14 11:52:49.533,0.77927,0.77941,1.50,1.50
2011.12.14 11:52:49.617,0.77929,0.77943,1.50,4.13
2011.12.14 11:52:49.969,0.77932,0.77943,1.50,1.88
2011.12.14 11:52:50.179,0.77932,0.77946,1.50,2.25
2011.12.14 11:52:50.451,0.77934,0.77948,1.50,3.60
2011.12.14 11:52:50.664,0.77933,0.77947,1.50,1.50
2011.12.14 11:52:54.049,0.7793,0.77944,2.25,1.50
2011.12.14 11:52:54.256,0.7793,0.77944,1.50,1.50
2011.12.14 11:52:54.895,0.77932,0.77946,1.50,4.13
2011.12.14 11:52:55.975,0.77933,0.77946,1.50,1.50
2011.12.14 11:52:56.164,0.77935,0.77949,1.50,2.63
2011.12.14 11:52:57.635,0.77935,0.77949,1.50,2.63
2011.12.14 11:52:58.183,0.77935,0.77949,1.50,2.63
2011.12.14 11:52:58.328,0.77933,0.77947,2.25,1.50
2011.12.14 11:52:59.826,0.7793,0.77944,3.00,1.50
2011.12.14 11:53:00.122,0.77932,0.77939,2.25,3.38
2011.12.14 11:53:00.206,0.77927,0.77939,3.00,1.88
2011.12.14 11:53:00.422,0.77928,0.77939,1.50,1.88
2011.12.14 11:53:00.502,0.77927,0.77941,3.00,1.50
2011.12.14 11:53:00.583,0.77928,0.77943,2.25,2.25
2011.12.14 11:53:01.280,0.77928,0.77944,2.25,1.88
2011.12.14 11:53:01.366,0.77928,0.77943,2.25,1.13
2011.12.14 11:53:03.250,0.77927,0.77941,2.25,3.75
2011.12.14 11:53:03.597,0.77924,0.77938,1.50,2.25
2011.12.14 11:53:08.749,0.77921,0.77935,3.75,1.50
2011.12.14 11:53:09.045,0.7791,0.77923,2.25,1.88
2011.12.14 11:53:09.540,0.77913,0.77924,1.50,2.25
2011.12.14 11:53:09.759,0.77913,0.77928,1.50,2.85
2011.12.14 11:53:11.902,0.77911,0.77925,1.50,1.50
2011.12.14 11:53:12.397,0.77913,0.77926,1.50,2.63
2011.12.14 11:53:12.755,0.77912,0.77926,1.50,3.38
2011.12.14 11:53:13.252,0.77912,0.77923,1.50,1.88
2011.12.14 11:53:14.576,0.77912,0.77922,1.50,1.88
2011.12.14 11:53:14.926,0.77912,0.77921,1.50,3.00
2011.12.14 11:53:15.070,0.77909,0.77921,1.50,2.25
2011.12.14 11:53:15.577,0.77903,0.77919,1.50,3.00
2011.12.14 11:53:15.659,0.77904,0.77919,1.88,2.25
2011.12.14 11:53:16.335,0.77904,0.77919,1.88,2.25
2011.12.14 11:53:16.845,0.77903,0.77919,2.25,2.25
2011.12.14 11:53:17.095,0.77903,0.77918,2.25,1.50
2011.12.14 11:53:17.677,0.77901,0.77913,2.25,1.88
2011.12.14 11:53:17.970,0.77897,0.77913,2.25,3.75
2011.12.14 11:53:18.260,0.77903,0.77913,1.50,1.50
2011.12.14 11:53:18.606,0.77905,0.77916,1.50,1.13
2011.12.14 11:53:18.748,0.77905,0.77918,1.50,1.13
2011.12.14 11:53:19.493,0.77905,0.77916,1.50,1.13
2011.12.14 11:53:19.582,0.77903,0.77916,1.50,1.13
2011.12.14 11:53:20.124,0.77903,0.77916,1.50,1.13
2011.12.14 11:53:21.319,0.77904,0.77918,1.50,3.75
2011.12.14 11:53:22.081,0.77904,0.77918,1.50,3.75
2011.12.14 11:53:23.173,0.77908,0.77918,1.50,1.88
2011.12.14 11:53:23.462,0.77911,0.77923,1.50,6.00
2011.12.14 11:53:23.678,0.77911,0.77923,1.50,6.00
2011.12.14 11:53:24.354,0.77913,0.77927,1.50,2.63
2011.12.14 11:53:24.437,0.77911,0.77925,1.50,1.50
2011.12.14 11:53:26.179,0.77911,0.77924,1.50,1.88
2011.12.14 11:53:26.780,0.77911,0.77923,1.50,2.25
2011.12.14 11:53:27.745,0.77911,0.77925,1.50,3.00
2011.12.14 11:53:28.459,0.77911,0.77925,1.50,2.25
2011.12.14 11:53:29.479,0.77912,0.77926,1.50,4.50
2011.12.14 11:53:29.829,0.77916,0.77928,1.50,1.50
2011.12.14 11:53:30.304,0.77916,0.77932,1.50,6.00
2011.12.14 11:53:30.933,0.77916,0.77932,1.50,6.00
2011.12.14 11:53:31.728,0.77918,0.77932,1.50,5.25
2011.12.14 11:53:32.046,0.7792,0.77932,1.50,3.00
2011.12.14 11:53:32.399,0.77917,0.77932,1.50,6.00
2011.12.14 11:53:32.799,0.77917,0.77932,1.50,6.00
2011.12.14 11:53:33.215,0.77915,0.77929,1.50,1.50
2011.12.14 11:53:33.735,0.77915,0.77923,1.50,1.88
2011.12.14 11:53:33.816,0.77908,0.77919,1.50,2.25
2011.12.14 11:53:34.023,0.7791,0.77922,1.88,3.00
2011.12.14 11:53:34.167,0.7791,0.77925,1.88,1.50
2011.12.14 11:53:34.726,0.77909,0.77924,2.25,3.00
2011.12.14 11:53:35.281,0.77909,0.77924,1.50,3.75
2011.12.14 11:53:35.487,0.77912,0.77925,1.50,3.00
2011.12.14 11:53:35.699,0.77912,0.77927,1.50,2.63
2011.12.14 11:53:36.334,0.77915,0.77927,1.50,1.88
2011.12.14 11:53:36.879,0.77913,0.77927,2.25,3.38
2011.12.14 11:53:37.394,0.77913,0.77927,1.50,4.13
2011.12.14 11:53:38.364,0.77913,0.77927,1.50,4.13
2011.12.14 11:53:39.667,0.77915,0.77929,1.50,1.50
2011.12.14 11:53:40.827,0.77915,0.77931,1.50,4.13
2011.12.14 11:53:43.175,0.77915,0.77931,1.50,4.88
2011.12.14 11:53:44.274,0.77915,0.77926,1.50,1.88
2011.12.14 11:53:44.418,0.77913,0.77926,1.50,1.88
2011.12.14 11:53:45.195,0.77913,0.77927,2.25,1.50
2011.12.14 11:53:45.478,0.77915,0.7793,1.50,1.13
2011.12.14 11:53:46.122,0.77915,0.77929,1.50,1.35
2011.12.14 11:53:46.480,0.77914,0.77925,1.88,3.00
2011.12.14 11:53:46.747,0.77919,0.77931,1.50,2.63
2011.12.14 11:53:47.274,0.77919,0.77931,1.50,3.75
2011.12.14 11:53:50.130,0.77915,0.77931,1.50,5.25
2011.12.14 11:53:50.205,0.77915,0.77928,1.50,1.88
2011.12.14 11:53:51.015,0.77913,0.77927,1.50,1.50
2011.12.14 11:53:51.732,0.77913,0.77926,1.50,1.88
2011.12.14 11:53:53.743,0.77911,0.77924,1.50,1.50
2011.12.14 11:53:54.101,0.77907,0.77918,1.50,1.50
2011.12.14 11:53:54.254,0.77904,0.77918,2.25,1.50
2011.12.14 11:53:54.472,0.77906,0.77919,1.50,2.63
2011.12.14 11:53:55.254,0.77906,0.77922,2.25,2.25
2011.12.14 11:53:55.776,0.77906,0.77922,1.50,2.25
2011.12.14 11:53:58.274,0.77903,0.77917,1.50,4.13
2011.12.14 11:53:58.667,0.77903,0.77919,2.25,2.63
2011.12.14 11:54:00.287,0.77904,0.77919,1.88,2.25
2011.12.14 11:54:00.427,0.77907,0.7792,1.50,1.13
2011.12.14 11:54:01.209,0.77907,0.77921,1.50,2.63
2011.12.14 11:54:04.164,0.77907,0.77919,1.50,2.25
2011.12.14 11:54:04.755,0.77907,0.77919,1.50,3.00
2011.12.14 11:54:04.831,0.77903,0.77918,2.25,2.63
2011.12.14 11:54:05.595,0.77903,0.77918,2.25,1.88
2011.12.14 11:54:06.193,0.77903,0.77918,1.50,4.13
2011.12.14 11:54:06.270,0.779,0.77916,3.00,1.50
2011.12.14 11:54:07.065,0.779,0.77916,2.25,1.50
2011.12.14 11:54:09.479,0.77906,0.77918,1.50,1.50
2011.12.14 11:54:09.781,0.77906,0.7792,1.50,2.25
2011.12.14 11:54:09.858,0.77904,0.77918,1.50,1.50
2011.12.14 11:54:10.405,0.77904,0.77918,1.50,2.25
2011.12.14 11:54:11.426,0.77902,0.77913,1.50,1.88
2011.12.14 11:54:11.705,0.77898,0.77912,2.25,1.50
2011.12.14 11:54:11.849,0.77898,0.77909,2.25,1.73
2011.12.14 11:54:12.059,0.77891,0.77902,2.25,1.88
2011.12.14 11:54:12.201,0.77893,0.77905,1.88,3.00
2011.12.14 11:54:12.282,0.77894,0.77901,1.88,1.50
2011.12.14 11:54:12.360,0.77894,0.77905,1.88,2.25
2011.12.14 11:54:12.575,0.77894,0.77907,1.88,1.50
2011.12.14 11:54:14.198,0.77895,0.77909,1.50,1.50
2011.12.14 11:54:14.271,0.77898,0.77912,1.50,7.88
2011.12.14 11:54:14.415,0.77898,0.77912,1.50,3.00
2011.12.14 11:54:14.763,0.77898,0.77912,1.50,3.38
2011.12.14 11:54:15.105,0.77897,0.77907,1.50,1.88
2011.12.14 11:54:15.813,0.77897,0.77906,1.50,2.25
2011.12.14 11:54:16.230,0.77897,0.77908,1.50,1.13
2011.12.14 11:54:16.624,0.77897,0.7791,1.50,1.50
2011.12.14 11:54:16.888,0.77897,0.77911,1.50,2.25
2011.12.14 11:54:17.228,0.77902,0.77914,1.50,3.38
2011.12.14 11:54:18.171,0.77905,0.77914,1.50,2.63
2011.12.14 11:54:18.633,0.77903,0.77917,1.50,1.50
2011.12.14 11:54:19.434,0.77904,0.77918,1.50,1.50
2011.12.14 11:54:19.515,0.77906,0.77918,1.88,1.50
2011.12.14 11:54:19.963,0.7791,0.77922,2.25,1.13
2011.12.14 11:54:20.467,0.7791,0.77923,1.50,1.13
2011.12.14 11:54:21.045,0.77909,0.77923,1.50,1.50
2011.12.14 11:54:21.366,0.77911,0.77925,1.50,2.63
2011.12.14 11:54:22.354,0.77912,0.77925,1.88,1.50
2011.12.14 11:54:23.485,0.77911,0.77925,2.25,1.50
2011.12.14 11:54:23.955,0.7791,0.77924,1.88,2.25
2011.12.14 11:54:24.103,0.77907,0.77921,2.63,1.50
2011.12.14 11:54:24.251,0.77905,0.77921,3.75,4.13
2011.12.14 11:54:24.712,0.77905,0.77921,3.00,4.13
2011.12.14 11:54:29.281,0.77908,0.77922,1.50,2.25
2011.12.14 11:54:31.511,0.77911,0.77923,1.50,1.13
2011.12.14 11:54:31.795,0.77914,0.77927,1.50,3.00
2011.12.14 11:54:33.641,0.77912,0.77926,1.50,2.63
2011.12.14 11:54:34.266,0.77909,0.77919,1.50,1.50
2011.12.14 11:54:34.485,0.77904,0.77917,1.88,1.50
2011.12.14 11:54:35.229,0.77905,0.77919,3.38,2.25
2011.12.14 11:54:36.474,0.77907,0.77919,1.88,2.25
2011.12.14 11:54:36.745,0.77905,0.77919,1.50,2.25
2011.12.14 11:54:36.817,0.77903,0.77918,4.88,1.50
2011.12.14 11:54:37.027,0.77905,0.77919,1.50,2.25
2011.12.14 11:54:37.298,0.77903,0.77918,5.63,1.50
2011.12.14 11:54:37.926,0.77905,0.77918,1.88,1.50
2011.12.14 11:54:38.377,0.77909,0.77922,1.88,1.88
2011.12.14 11:54:38.517,0.77909,0.77923,1.88,2.25
2011.12.14 11:54:39.259,0.77907,0.77923,2.25,1.50
2011.12.14 11:54:43.050,0.77907,0.77923,2.25,3.00
2011.12.14 11:54:43.203,0.77906,0.77918,2.25,1.50
2011.12.14 11:54:43.701,0.77902,0.77918,2.25,1.50
2011.12.14 11:54:44.346,0.77902,0.77918,1.50,2.25
2011.12.14 11:54:44.806,0.779,0.77914,2.25,1.50
2011.12.14 11:54:46.097,0.77902,0.77916,1.50,3.00
2011.12.14 11:54:46.628,0.77902,0.77916,1.50,3.00
2011.12.14 11:54:46.936,0.77905,0.77919,1.50,2.25
2011.12.14 11:54:47.009,0.77903,0.77917,3.00,1.50
2011.12.14 11:54:47.525,0.77903,0.77917,1.50,2.25
2011.12.14 11:54:48.070,0.77903,0.77917,1.50,2.25
2011.12.14 11:54:48.559,0.77905,0.77919,1.50,5.25
2011.12.14 11:54:48.638,0.77905,0.77919,2.25,5.25
2011.12.14 11:54:48.767,0.77905,0.77919,3.00,4.50
2011.12.14 11:54:48.841,0.77905,0.77919,3.00,4.50
2011.12.14 11:54:49.199,0.77909,0.77919,1.35,1.50
2011.12.14 11:54:49.545,0.77916,0.77929,1.88,3.00
2011.12.14 11:54:49.950,0.77916,0.77929,1.88,1.50
2011.12.14 11:54:50.491,0.77917,0.77929,1.50,1.88
2011.12.14 11:54:50.573,0.77917,0.77927,1.50,1.50
2011.12.14 11:54:50.650,0.77915,0.77929,1.50,4.13
2011.12.14 11:54:50.719,0.77915,0.77927,1.50,2.25
2011.12.14 11:54:50.858,0.77909,0.77925,2.25,1.50
2011.12.14 11:54:50.930,0.77909,0.77925,2.25,1.50
2011.12.14 11:54:51.460,0.77909,0.77925,1.50,3.60
2011.12.14 11:54:51.998,0.77909,0.77923,1.50,1.50
2011.12.14 11:54:54.431,0.77907,0.77922,1.50,1.50
2011.12.14 11:54:55.321,0.77906,0.77922,3.38,2.25
2011.12.14 11:54:56.065,0.77906,0.77922,1.50,2.25
2011.12.14 11:54:56.849,0.77906,0.77922,1.50,2.25
2011.12.14 11:54:56.919,0.77909,0.77923,1.50,3.00
2011.12.14 11:54:57.454,0.77909,0.77923,1.50,1.50
2011.12.14 11:55:04.847,0.77909,0.77925,1.50,4.73
2011.12.14 11:55:05.414,0.77909,0.77925,2.25,4.73
2011.12.14 11:55:05.828,0.77914,0.77927,1.50,4.50
2011.12.14 11:55:05.898,0.77914,0.77927,1.50,1.50
2011.12.14 11:55:06.104,0.77916,0.77927,1.50,1.50
2011.12.14 11:55:06.236,0.77916,0.7793,1.50,3.38
2011.12.14 11:55:06.514,0.77915,0.77925,1.50,1.50
2011.12.14 11:55:06.594,0.7791,0.77923,2.63,1.50
2011.12.14 11:55:06.669,0.7791,0.77923,1.88,1.50
2011.12.14 11:55:07.458,0.77909,0.77923,2.25,1.50
2011.12.14 11:55:09.667,0.7791,0.77926,1.50,4.13
2011.12.14 11:55:10.756,0.7791,0.77926,1.50,4.13
2011.12.14 11:55:13.870,0.7791,0.77926,1.50,2.25
2011.12.14 11:55:14.471,0.7791,0.77926,1.50,1.50
2011.12.14 11:55:14.775,0.77909,0.77924,2.63,1.50
2011.12.14 11:55:15.435,0.77908,0.77922,2.25,1.88
2011.12.14 11:55:15.652,0.77905,0.7792,3.75,1.50
2011.12.14 11:55:15.735,0.77905,0.77917,1.50,1.50
2011.12.14 11:55:16.248,0.77903,0.77914,3.38,1.50
2011.12.14 11:55:16.332,0.779,0.77914,2.25,1.50
2011.12.14 11:55:17.636,0.779,0.77914,1.50,1.50
2011.12.14 11:55:19.017,0.77901,0.77917,1.50,3.38
2011.12.14 11:55:19.547,0.779,0.77914,1.50,1.50
2011.12.14 11:55:20.270,0.77899,0.7791,1.88,1.50
2011.12.14 11:55:20.703,0.77899,0.77906,1.88,1.50
2011.12.14 11:55:20.776,0.77892,0.77906,2.25,1.50
2011.12.14 11:55:21.344,0.77892,0.77907,1.50,2.63
2011.12.14 11:55:22.468,0.7789,0.77904,4.13,1.50
2011.12.14 11:55:22.819,0.7789,0.77901,1.50,1.88
2011.12.14 11:55:23.222,0.77886,0.77901,1.88,3.38
2011.12.14 11:55:23.368,0.7789,0.77903,1.50,1.50
2011.12.14 11:55:23.445,0.77891,0.77906,1.50,2.63
2011.12.14 11:55:25.105,0.7789,0.77904,1.50,1.50
2011.12.14 11:55:25.249,0.77888,0.77904,2.25,1.50
2011.12.14 11:55:25.598,0.77891,0.77904,1.50,1.88
2011.12.14 11:55:26.420,0.77891,0.77905,1.50,1.88
2011.12.14 11:55:27.553,0.77891,0.77906,1.50,2.63
2011.12.14 11:55:29.271,0.77891,0.77906,2.25,1.88
2011.12.14 11:55:29.610,0.77894,0.77906,2.25,1.88
2011.12.14 11:55:30.047,0.77894,0.7791,2.25,1.50
2011.12.14 11:55:30.616,0.77894,0.7791,2.25,1.50
2011.12.14 11:55:31.712,0.77897,0.77911,1.50,4.13
2011.12.14 11:55:32.066,0.77897,0.77913,2.25,1.88
2011.12.14 11:55:32.508,0.77901,0.77913,2.25,2.25
2011.12.14 11:55:33.361,0.77901,0.77915,2.25,3.38
2011.12.14 11:55:34.088,0.77904,0.77917,1.50,3.23
2011.12.14 11:55:34.660,0.77906,0.77919,1.50,1.13
2011.12.14 11:55:34.734,0.77906,0.7792,1.50,1.13
2011.12.14 11:55:35.147,0.7791,0.77921,1.50,1.88
2011.12.14 11:55:35.288,0.7791,0.77923,1.50,3.38
2011.12.14 11:55:35.438,0.77912,0.77926,1.50,3.23
2011.12.14 11:55:35.789,0.7792,0.77927,1.50,1.50
2011.12.14 11:55:36.357,0.7792,0.7793,1.50,2.25
2011.12.14 11:55:36.435,0.7792,0.7793,1.50,1.50
2011.12.14 11:55:36.932,0.77921,0.77933,1.50,3.75
2011.12.14 11:55:37.222,0.77925,0.77934,1.50,1.50
2011.12.14 11:55:37.720,0.77925,0.77936,1.50,1.50
2011.12.14 11:55:37.815,0.77926,0.77938,2.25,1.50
2011.12.14 11:55:37.959,0.77927,0.77938,2.25,1.50
2011.12.14 11:55:38.157,0.77927,0.77938,2.25,1.50
2011.12.14 11:55:38.356,0.77927,0.77942,1.50,4.13
2011.12.14 11:55:38.767,0.77927,0.77942,1.50,4.13
2011.12.14 11:55:39.534,0.77927,0.77942,1.50,3.38
2011.12.14 11:55:39.821,0.77929,0.77942,1.50,3.75
2011.12.14 11:55:40.177,0.77933,0.77942,1.50,3.00
2011.12.14 11:55:40.248,0.77931,0.77942,2.25,2.25
2011.12.14 11:55:40.531,0.77932,0.77945,1.50,1.50
2011.12.14 11:55:41.011,0.77929,0.77944,1.50,2.63
2011.12.14 11:55:41.434,0.77929,0.77944,1.50,2.25
2011.12.14 11:55:41.646,0.77929,0.77945,1.50,3.00
2011.12.14 11:55:42.155,0.77929,0.77943,1.50,2.63
2011.12.14 11:55:43.943,0.77929,0.77942,1.50,2.25
2011.12.14 11:55:44.159,0.77927,0.77941,3.00,1.50
2011.12.14 11:55:44.437,0.77927,0.77941,3.00,3.00
2011.12.14 11:55:44.790,0.77922,0.77935,1.50,1.50
2011.12.14 11:55:45.139,0.77921,0.77935,3.00,2.25
2011.12.14 11:55:45.776,0.77921,0.77935,1.50,1.50
2011.12.14 11:55:46.273,0.77927,0.77938,1.50,3.38
2011.12.14 11:55:46.488,0.77927,0.7794,1.50,1.50
2011.12.14 11:55:46.770,0.77931,0.7794,1.50,1.50
2011.12.14 11:55:46.921,0.77931,0.77945,1.50,3.00
2011.12.14 11:55:47.903,0.77926,0.77941,3.38,3.00
2011.12.14 11:55:47.979,0.77926,0.77938,1.88,1.50
2011.12.14 11:55:48.124,0.77925,0.7794,1.50,3.23
2011.12.14 11:55:48.274,0.77925,0.7794,2.85,4.88
2011.12.14 11:55:48.628,0.77933,0.77942,1.50,2.25
2011.12.14 11:55:48.981,0.77933,0.77941,1.50,1.50
2011.12.14 11:55:49.425,0.77931,0.77945,1.50,2.25
2011.12.14 11:55:49.703,0.77938,0.77945,1.50,2.63
2011.12.14 11:55:49.849,0.77936,0.77947,2.25,2.25
2011.12.14 11:55:50.059,0.77933,0.77947,4.13,2.25
2011.12.14 11:55:50.127,0.77933,0.77947,5.25,2.25
2011.12.14 11:55:50.401,0.77936,0.77949,1.50,2.25
2011.12.14 11:55:50.477,0.77936,0.7795,1.50,3.75
2011.12.14 11:55:50.618,0.77936,0.77949,1.50,2.10
2011.12.14 11:55:51.147,0.7793,0.77946,1.50,2.25
2011.12.14 11:55:52.245,0.7793,0.77945,1.50,1.88
2011.12.14 11:55:52.377,0.77929,0.77943,1.50,1.50
2011.12.14 11:55:52.715,0.77931,0.77946,1.50,1.50
2011.12.14 11:55:53.230,0.77931,0.77946,1.50,1.50
2011.12.14 11:55:53.799,0.77934,0.77948,1.50,1.88
2011.12.14 11:55:54.157,0.7793,0.77946,7.13,1.50
2011.12.14 11:55:54.730,0.7793,0.77946,5.25,4.13
2011.12.14 11:55:54.801,0.7793,0.77942,3.00,1.50
2011.12.14 11:55:55.316,0.77928,0.77942,3.00,1.50
2011.12.14 11:55:55.697,0.77929,0.77942,3.38,1.50
2011.12.14 11:55:55.829,0.77931,0.77945,3.00,1.50
2011.12.14 11:55:56.339,0.77931,0.77945,2.25,1.50
2011.12.14 11:55:57.381,0.77932,0.77945,1.88,2.25
2011.12.14 11:55:57.601,0.77934,0.77948,1.50,2.25
2011.12.14 11:55:57.750,0.77934,0.77948,1.50,1.50
2011.12.14 11:56:00.485,0.77934,0.77948,2.25,1.50
2011.12.14 11:56:00.740,0.77936,0.77951,1.50,4.13
2011.12.14 11:56:01.015,0.77936,0.77951,2.25,1.50
2011.12.14 11:56:01.335,0.77934,0.77948,2.25,1.50
2011.12.14 11:56:01.864,0.77939,0.77948,1.88,1.50
2011.12.14 11:56:02.295,0.7794,0.77954,1.50,1.50
2011.12.14 11:56:02.857,0.7794,0.77954,2.25,1.50
2011.12.14 11:56:02.929,0.77942,0.77956,1.50,1.50
2011.12.14 11:56:03.008,0.77941,0.77954,2.25,1.50
2011.12.14 11:56:03.581,0.7794,0.77954,2.25,1.50
2011.12.14 11:56:03.883,0.77936,0.77952,3.38,3.00
2011.12.14 11:56:03.967,0.77936,0.77948,1.88,1.50
2011.12.14 11:56:04.503,0.77932,0.77948,2.25,1.50
2011.12.14 11:56:05.054,0.77932,0.77946,2.25,1.88
2011.12.14 11:56:05.387,0.7793,0.77944,2.25,1.50
2011.12.14 11:56:06.604,0.7793,0.77943,2.25,1.88
2011.12.14 11:56:07.022,0.77932,0.77946,1.50,2.25
2011.12.14 11:56:07.176,0.77933,0.77946,2.25,1.50
2011.12.14 11:56:07.742,0.77933,0.77942,1.50,1.88
2011.12.14 11:56:07.961,0.77933,0.77947,1.50,4.13
2011.12.14 11:56:08.112,0.7793,0.77944,2.25,1.50
2011.12.14 11:56:08.328,0.77928,0.77944,2.85,2.25
2011.12.14 11:56:08.793,0.77932,0.77945,1.50,1.50
2011.12.14 11:56:09.892,0.77932,0.77943,1.50,1.50
2011.12.14 11:56:09.972,0.77929,0.77941,1.50,1.88
2011.12.14 11:56:10.253,0.77927,0.77941,2.25,4.13
2011.12.14 11:56:10.608,0.77935,0.77943,1.50,1.50
2011.12.14 11:56:11.066,0.77936,0.77945,1.50,1.50
2011.12.14 11:56:11.152,0.77939,0.77949,1.50,3.38
2011.12.14 11:56:11.229,0.77939,0.77949,1.50,3.38
2011.12.14 11:56:11.369,0.77942,0.77949,1.50,2.63
2011.12.14 11:56:12.665,0.77942,0.77951,1.50,1.88
2011.12.14 11:56:13.440,0.77942,0.77952,1.50,2.63
2011.12.14 11:56:13.978,0.77942,0.77955,1.50,1.50
2011.12.14 11:56:14.628,0.77942,0.77957,1.50,3.23
2011.12.14 11:56:15.543,0.77943,0.77957,1.50,4.13
2011.12.14 11:56:15.757,0.7794,0.77954,1.50,1.50
2011.12.14 11:56:16.757,0.77943,0.77956,1.50,3.38
2011.12.14 11:56:17.145,0.77944,0.77956,1.50,2.63
2011.12.14 11:56:17.295,0.77946,0.77958,1.50,1.50
2011.12.14 11:56:17.758,0.77948,0.7796,1.50,1.50
2011.12.14 11:56:17.837,0.77948,0.77962,1.50,2.25
2011.12.14 11:56:18.376,0.77948,0.77961,1.50,1.50
2011.12.14 11:56:18.896,0.77948,0.77959,1.50,1.88
2011.12.14 11:56:20.137,0.77948,0.7796,1.50,1.88
2011.12.14 11:56:20.650,0.77949,0.7796,1.50,1.88
2011.12.14 11:56:20.731,0.77951,0.7796,1.50,1.88
2011.12.14 11:56:20.816,0.77951,0.77962,1.50,2.25
2011.12.14 11:56:20.960,0.77954,0.77963,1.50,3.00
2011.12.14 11:56:21.762,0.77954,0.77967,1.50,1.88
2011.12.14 11:56:22.695,0.77954,0.77967,1.50,2.63
2011.12.14 11:56:23.217,0.77954,0.77968,1.50,1.50
2011.12.14 11:56:23.940,0.77952,0.77966,3.00,2.25
2011.12.14 11:56:24.240,0.77952,0.77962,1.50,2.63
2011.12.14 11:56:24.455,0.77952,0.77962,1.50,2.63
2011.12.14 11:56:26.547,0.77952,0.77966,3.38,1.50
2011.12.14 11:56:27.443,0.77954,0.77968,1.50,2.63
2011.12.14 11:56:27.899,0.77951,0.77967,1.50,3.38
2011.12.14 11:56:28.704,0.77951,0.77967,1.50,4.13
2011.12.14 11:56:30.225,0.77951,0.77967,1.50,4.13
2011.12.14 11:56:30.887,0.77953,0.77967,1.50,3.38
2011.12.14 11:56:31.427,0.77954,0.77969,2.25,1.50
2011.12.14 11:56:31.991,0.77951,0.77965,1.50,1.50
2011.12.14 11:56:33.477,0.77951,0.77965,2.25,1.50
2011.12.14 11:56:33.548,0.77952,0.77967,2.25,2.63
2011.12.14 11:56:34.382,0.77952,0.77967,2.25,1.88
2011.12.14 11:56:35.127,0.7795,0.77966,2.25,1.50
2011.12.14 11:56:35.331,0.7795,0.77966,1.50,2.25
2011.12.14 11:56:38.035,0.7795,0.77966,2.25,2.25
2011.12.14 11:56:38.726,0.7795,0.77966,2.25,2.25
2011.12.14 11:56:38.927,0.7795,0.77964,2.25,2.63
2011.12.14 11:56:39.647,0.77952,0.77964,2.25,2.63
2011.12.14 11:56:39.737,0.77955,0.77968,4.13,3.00
2011.12.14 11:56:39.815,0.77956,0.77968,1.50,3.00
2011.12.14 11:56:40.398,0.77953,0.77969,4.13,1.50
2011.12.14 11:56:40.786,0.77955,0.77971,2.25,3.00
2011.12.14 11:56:41.796,0.77955,0.77971,2.25,1.50
2011.12.14 11:56:43.075,0.77955,0.77971,2.25,4.13
2011.12.14 11:56:47.927,0.77955,0.77969,2.25,1.88
2011.12.14 11:56:48.620,0.77955,0.77969,2.25,1.88
2011.12.14 11:56:49.519,0.77955,0.7797,2.25,2.63
2011.12.14 11:56:50.055,0.77955,0.77971,4.13,2.25
2011.12.14 11:56:50.406,0.77955,0.77971,4.13,2.25
2011.12.14 11:56:50.549,0.77959,0.77973,2.25,3.38
2011.12.14 11:56:51.114,0.77959,0.77973,4.13,1.50
2011.12.14 11:56:52.148,0.77957,0.77971,4.50,1.50
2011.12.14 11:56:52.545,0.77958,0.77973,2.25,1.88
2011.12.14 11:56:53.187,0.77957,0.77971,2.25,1.50
2011.12.14 11:56:53.745,0.77957,0.77971,2.25,1.50
2011.12.14 11:56:54.097,0.77954,0.77967,2.25,1.88
2011.12.14 11:56:55.615,0.77954,0.77968,1.50,1.50
2011.12.14 11:56:55.945,0.77957,0.77971,1.50,2.25
2011.12.14 11:56:56.086,0.77957,0.77971,1.50,2.25
2011.12.14 11:56:58.568,0.77959,0.77973,1.50,2.25
2011.12.14 11:56:58.755,0.77957,0.77972,1.50,2.25
2011.12.14 11:56:59.375,0.77956,0.77972,4.13,2.25
2011.12.14 11:57:00.736,0.77957,0.77972,1.50,2.25
2011.12.14 11:57:00.808,0.77961,0.77975,1.88,2.25
2011.12.14 11:57:00.876,0.77959,0.77975,1.50,2.25
2011.12.14 11:57:01.406,0.7796,0.77975,2.25,1.50
2011.12.14 11:57:01.477,0.77962,0.77976,1.50,1.50
2011.12.14 11:57:02.117,0.77959,0.77975,3.00,1.50
2011.12.14 11:57:02.330,0.77959,0.77975,2.25,2.25
2011.12.14 11:57:02.682,0.77957,0.77967,1.50,1.50
2011.12.14 11:57:03.168,0.77951,0.77965,1.50,1.50
2011.12.14 11:57:03.764,0.7795,0.77966,2.25,2.25
2011.12.14 11:57:04.268,0.77951,0.77966,1.88,2.25
2011.12.14 11:57:04.691,0.77951,0.77965,1.88,1.50
2011.12.14 11:57:05.640,0.77952,0.77965,1.88,1.50
2011.12.14 11:57:08.370,0.77951,0.77962,3.00,1.50
2011.12.14 11:57:08.584,0.77948,0.77962,4.13,1.50
2011.12.14 11:57:09.408,0.7795,0.77962,1.88,1.50
2011.12.14 11:57:10.018,0.7795,0.77965,2.25,2.25
2011.12.14 11:57:10.966,0.77954,0.77966,1.88,2.25
2011.12.14 11:57:11.319,0.77951,0.77955,1.88,3.00
2011.12.14 11:57:11.391,0.77946,0.77955,1.50,1.50
2011.12.14 11:57:11.468,0.77942,0.77955,1.88,2.25
2011.12.14 11:57:12.485,0.77941,0.77955,1.50,1.50
2011.12.14 11:57:13.528,0.7794,0.77954,3.00,1.50
2011.12.14 11:57:13.736,0.77938,0.7795,2.63,1.50
2011.12.14 11:57:14.279,0.77938,0.7795,1.88,1.50
2011.12.14 11:57:14.828,0.77936,0.7795,1.50,1.50
2011.12.14 11:57:15.044,0.7794,0.77952,1.50,1.50
2011.12.14 11:57:15.247,0.77938,0.77953,3.00,1.88
2011.12.14 11:57:15.523,0.77941,0.77955,1.50,3.00
2011.12.14 11:57:15.949,0.77944,0.77957,1.50,1.50
2011.12.14 11:57:16.706,0.77941,0.77957,2.25,2.25
2011.12.14 11:57:17.720,0.77942,0.77957,3.60,1.50
2011.12.14 11:57:17.801,0.77944,0.77959,3.98,1.50
2011.12.14 11:57:18.358,0.77944,0.7796,2.25,2.25
2011.12.14 11:57:18.497,0.77947,0.77961,1.50,4.13
2011.12.14 11:57:19.247,0.77947,0.77961,1.50,4.13
2011.12.14 11:57:19.601,0.77945,0.7796,1.50,1.50
2011.12.14 11:57:19.680,0.77945,0.77957,1.50,1.50
2011.12.14 11:57:20.248,0.77942,0.77957,2.63,1.50
2011.12.14 11:57:20.391,0.77944,0.77958,1.50,2.25
2011.12.14 11:57:22.012,0.77947,0.77961,1.50,2.25
2011.12.14 11:57:22.588,0.77947,0.77963,1.50,3.38
2011.12.14 11:57:23.703,0.77949,0.77963,1.50,1.88
2011.12.14 11:57:24.268,0.77948,0.77962,1.50,1.50
2011.12.14 11:57:24.934,0.77945,0.77959,1.50,1.50
2011.12.14 11:57:26.525,0.77943,0.77959,1.50,3.38
2011.12.14 11:57:27.025,0.77939,0.77953,5.48,1.50
2011.12.14 11:57:28.290,0.77939,0.77953,2.25,1.50
2011.12.14 11:57:28.922,0.77942,0.77956,1.50,4.13
2011.12.14 11:57:29.058,0.7794,0.77953,1.50,1.50
2011.12.14 11:57:29.500,0.77941,0.77955,4.13,1.50
2011.12.14 11:57:29.787,0.77941,0.77953,1.88,1.50
2011.12.14 11:57:30.139,0.77939,0.77949,2.25,1.88
2011.12.14 11:57:30.413,0.77935,0.77949,2.25,1.88
2011.12.14 11:57:30.994,0.77935,0.7795,2.63,1.50
2011.12.14 11:57:31.238,0.77935,0.7795,2.63,1.50
2011.12.14 11:57:33.242,0.77934,0.7795,5.85,1.50
2011.12.14 11:57:33.673,0.77937,0.77952,1.50,1.50
2011.12.14 11:57:33.826,0.77937,0.77953,4.13,1.50
2011.12.14 11:57:34.587,0.77937,0.77951,2.63,1.50
2011.12.14 11:57:35.705,0.77938,0.77952,1.50,1.50
2011.12.14 11:57:36.204,0.77938,0.77953,1.50,2.25
2011.12.14 11:57:36.538,0.77937,0.77951,2.63,1.50
2011.12.14 11:57:37.046,0.77937,0.77951,2.63,1.50
2011.12.14 11:57:37.382,0.77935,0.77949,1.50,2.25
2011.12.14 11:57:38.077,0.7794,0.77952,1.50,2.25
2011.12.14 11:57:38.357,0.77947,0.7796,1.50,1.50
2011.12.14 11:57:38.636,0.77945,0.77959,3.00,2.25
2011.12.14 11:57:38.896,0.77945,0.77959,1.50,1.50
2011.12.14 11:57:40.159,0.77942,0.77957,1.50,1.50
2011.12.14 11:57:40.298,0.77941,0.77957,3.75,1.50
2011.12.14 11:57:40.789,0.77943,0.77959,1.50,2.25
2011.12.14 11:57:41.598,0.77942,0.77956,3.00,1.50
2011.12.14 11:57:41.891,0.77951,0.77966,1.50,1.13
2011.12.14 11:57:42.041,0.77946,0.77961,1.35,1.50
2011.12.14 11:57:42.446,0.77946,0.77958,1.35,1.50
2011.12.14 11:57:42.730,0.77944,0.77958,1.50,1.50
2011.12.14 11:57:43.429,0.77946,0.77958,1.35,1.50
2011.12.14 11:57:43.508,0.77944,0.77958,2.63,1.50
2011.12.14 11:57:43.647,0.77944,0.77958,3.38,1.50
2011.12.14 11:57:43.716,0.77945,0.77961,2.25,1.50
2011.12.14 11:57:44.270,0.77947,0.77961,1.88,1.50
2011.12.14 11:57:46.279,0.77949,0.77963,1.50,3.00
2011.12.14 11:57:49.256,0.77949,0.77963,2.25,1.50
2011.12.14 11:57:50.179,0.77949,0.77963,1.50,1.50
2011.12.14 11:57:50.515,0.77947,0.7796,1.35,1.50
2011.12.14 11:57:53.072,0.77946,0.7796,2.85,1.50
2011.12.14 11:57:53.584,0.77943,0.77958,1.50,1.50
2011.12.14 11:57:54.080,0.77942,0.77958,5.63,1.50
2011.12.14 11:57:56.677,0.77942,0.77958,2.25,1.50
2011.12.14 11:57:57.210,0.77943,0.77958,1.50,3.00
2011.12.14 11:57:57.622,0.77942,0.77952,2.25,1.88
2011.12.14 11:57:57.712,0.77943,0.77956,1.50,2.25
2011.12.14 11:57:57.788,0.77943,0.77957,1.50,1.50
2011.12.14 11:57:58.607,0.77943,0.77957,1.50,4.13
2011.12.14 11:57:59.157,0.77943,0.77957,2.25,1.50
2011.12.14 11:57:59.702,0.77945,0.77959,1.50,2.25
2011.12.14 11:58:00.344,0.77945,0.77961,1.50,4.13
2011.12.14 11:58:01.596,0.77948,0.77961,1.50,2.63
2011.12.14 11:58:01.879,0.77948,0.77964,1.50,2.25
2011.12.14 11:58:02.448,0.77948,0.77964,1.50,2.25
2011.12.14 11:58:03.270,0.77948,0.77964,2.25,2.25
2011.12.14 11:58:03.618,0.77954,0.77964,4.88,1.50
2011.12.14 11:58:03.687,0.77954,0.77967,2.25,4.13
2011.12.14 11:58:03.898,0.77952,0.77965,2.63,1.50
2011.12.14 11:58:04.522,0.77952,0.77963,1.88,1.50
2011.12.14 11:58:04.672,0.77948,0.77963,1.50,1.50
2011.12.14 11:58:04.752,0.77947,0.77959,2.63,1.50
2011.12.14 11:58:05.111,0.77946,0.77961,5.63,3.00
2011.12.14 11:58:05.190,0.77946,0.77961,4.13,3.75
2011.12.14 11:58:05.263,0.77946,0.77958,2.25,1.88
2011.12.14 11:58:05.489,0.77943,0.77956,1.50,3.00
2011.12.14 11:58:05.561,0.77943,0.77948,1.50,1.88
2011.12.14 11:58:06.120,0.77933,0.77942,1.50,1.50
2011.12.14 11:58:06.451,0.7793,0.77942,1.50,1.50
2011.12.14 11:58:06.529,0.7793,0.77946,3.00,1.50
2011.12.14 11:58:06.665,0.7793,0.77946,2.25,1.50
2011.12.14 11:58:07.206,0.7793,0.77945,2.25,1.50
2011.12.14 11:58:07.279,0.77928,0.77943,1.50,1.50
2011.12.14 11:58:07.796,0.7793,0.77943,2.25,1.50
2011.12.14 11:58:08.090,0.77926,0.77938,5.63,1.50
2011.12.14 11:58:08.300,0.77927,0.77941,1.50,2.25
2011.12.14 11:58:08.502,0.77927,0.77941,2.25,2.25
2011.12.14 11:58:08.580,0.77927,0.77941,1.50,2.25
2011.12.14 11:58:10.043,0.77924,0.77938,3.75,1.50
2011.12.14 11:58:10.607,0.77924,0.77938,2.25,3.38
2011.12.14 11:58:11.180,0.77923,0.77936,2.25,1.50
2011.12.14 11:58:11.532,0.77923,0.77936,1.50,1.50
2011.12.14 11:58:11.916,0.7792,0.77936,4.13,2.25
2011.12.14 11:58:12.456,0.7792,0.77936,3.38,2.25
2011.12.14 11:58:13.096,0.7792,0.77936,3.38,2.25
2011.12.14 11:58:13.526,0.77921,0.77936,1.88,2.25
2011.12.14 11:58:14.255,0.77921,0.77936,1.88,2.25
2011.12.14 11:58:14.620,0.77923,0.77936,1.88,2.25
2011.12.14 11:58:14.899,0.77925,0.77936,1.88,2.25
2011.12.14 11:58:15.911,0.77925,0.77935,1.88,1.50
2011.12.14 11:58:15.989,0.77925,0.77937,1.88,2.25
2011.12.14 11:58:16.060,0.77923,0.77938,1.88,2.25
2011.12.14 11:58:16.283,0.77926,0.77938,1.88,2.25
2011.12.14 11:58:17.176,0.77923,0.77932,1.88,1.50
2011.12.14 11:58:17.544,0.77919,0.77931,1.50,1.50
2011.12.14 11:58:17.765,0.77917,0.77929,2.25,2.63
2011.12.14 11:58:17.842,0.77917,0.77929,1.50,2.63
2011.12.14 11:58:17.999,0.77913,0.77929,2.25,4.88
2011.12.14 11:58:18.525,0.77909,0.77924,3.00,1.50
2011.12.14 11:58:18.810,0.7791,0.77926,2.25,2.25
2011.12.14 11:58:18.957,0.7791,0.77923,1.50,1.50
2011.12.14 11:58:19.314,0.77908,0.77924,6.38,2.25
2011.12.14 11:58:19.389,0.77908,0.77923,6.38,1.50
2011.12.14 11:58:19.589,0.77908,0.77923,4.50,3.38
2011.12.14 11:58:20.312,0.77911,0.77918,1.50,1.88
2011.12.14 11:58:20.479,0.77906,0.77919,2.25,2.63
2011.12.14 11:58:20.767,0.77908,0.77919,1.50,2.63
2011.12.14 11:58:21.130,0.77911,0.7792,1.50,2.63
2011.12.14 11:58:21.761,0.77911,0.7792,1.50,3.98
2011.12.14 11:58:22.173,0.77911,0.77916,1.50,2.63
2011.12.14 11:58:23.994,0.779,0.77912,3.00,1.50
2011.12.14 11:58:25.050,0.779,0.77913,3.00,1.50
2011.12.14 11:58:25.179,0.77898,0.7791,1.50,4.50
2011.12.14 11:58:25.298,0.77898,0.77911,3.00,1.50
2011.12.14 11:58:26.234,0.77899,0.7791,1.50,3.00
2011.12.14 11:58:27.091,0.779,0.77914,1.50,1.35
2011.12.14 11:58:27.870,0.77903,0.77916,1.88,3.00
2011.12.14 11:58:28.429,0.77909,0.7792,1.50,1.50
2011.12.14 11:58:28.499,0.77907,0.77921,2.25,3.75
2011.12.14 11:58:28.769,0.77907,0.77921,2.25,3.00
2011.12.14 11:58:30.018,0.77907,0.77916,2.25,1.50
2011.12.14 11:58:30.233,0.77906,0.77917,2.25,1.50
2011.12.14 11:58:30.789,0.77906,0.77916,2.25,1.50
2011.12.14 11:58:31.409,0.77914,0.77928,1.50,5.63
2011.12.14 11:58:32.512,0.77914,0.77928,2.25,4.13
2011.12.14 11:58:33.040,0.77914,0.77928,2.25,3.00
2011.12.14 11:58:33.353,0.7791,0.77918,2.25,1.50
2011.12.14 11:58:33.859,0.77908,0.77924,7.13,2.25
2011.12.14 11:58:34.139,0.77907,0.77918,1.50,1.50
2011.12.14 11:58:34.638,0.77909,0.77918,2.85,1.50
2011.12.14 11:58:34.717,0.77906,0.77918,2.63,1.50
2011.12.14 11:58:34.862,0.77909,0.77915,2.85,1.50
2011.12.14 11:58:35.017,0.77906,0.7791,3.00,1.88
2011.12.14 11:58:35.234,0.77906,0.7791,3.00,1.88
2011.12.14 11:58:35.388,0.77898,0.7791,2.25,2.63
2011.12.14 11:58:35.467,0.77898,0.77913,2.25,1.35
2011.12.14 11:58:36.163,0.77897,0.77912,2.25,1.50
2011.12.14 11:58:36.253,0.77901,0.77916,2.25,1.50
2011.12.14 11:58:36.338,0.77901,0.77914,1.50,1.50
2011.12.14 11:58:36.693,0.77901,0.77913,1.50,1.50
2011.12.14 11:58:36.771,0.77901,0.77913,1.50,1.50
2011.12.14 11:58:37.201,0.77902,0.77917,1.50,3.00
2011.12.14 11:58:37.720,0.77902,0.77916,4.50,2.25
2011.12.14 11:58:38.249,0.77899,0.77913,2.25,1.50
2011.12.14 11:58:38.737,0.77899,0.77913,2.25,2.25
2011.12.14 11:58:39.556,0.77899,0.77913,2.25,2.25
2011.12.14 11:58:40.070,0.77899,0.77913,2.25,2.25
2011.12.14 11:58:40.450,0.77899,0.77913,1.50,2.25
2011.12.14 11:58:40.611,0.77899,0.77913,2.25,2.25
2011.12.14 11:58:40.960,0.779,0.77913,1.50,1.50
2011.12.14 11:58:41.488,0.77906,0.77919,2.25,2.63
2011.12.14 11:58:41.632,0.77909,0.77919,2.25,1.88
2011.12.14 11:58:41.781,0.77909,0.77924,2.25,2.25
2011.12.14 11:58:42.348,0.77911,0.77925,2.25,4.13
2011.12.14 11:58:42.419,0.77913,0.77925,1.50,2.63
2011.12.14 11:58:42.968,0.7791,0.77924,2.25,1.50
2011.12.14 11:58:43.508,0.7791,0.77924,2.25,1.50
2011.12.14 11:58:44.060,0.7791,0.77924,1.50,1.50
2011.12.14 11:58:45.106,0.7791,0.77924,2.25,1.50
2011.12.14 11:58:45.188,0.77913,0.77926,1.50,1.50
2011.12.14 11:58:46.162,0.77911,0.77924,1.50,3.00
2011.12.14 11:58:46.709,0.7791,0.77924,1.50,1.50
2011.12.14 11:58:47.145,0.7791,0.77923,2.25,1.50
2011.12.14 11:58:47.451,0.77904,0.77914,1.50,1.50
2011.12.14 11:58:47.536,0.77903,0.77914,1.50,1.50
2011.12.14 11:58:47.963,0.77902,0.77914,1.50,2.25
2011.12.14 11:58:48.110,0.77898,0.77914,4.88,2.25
2011.12.14 11:58:49.266,0.77898,0.77914,4.88,2.25
2011.12.14 11:58:49.699,0.77902,0.77916,1.50,2.25
2011.12.14 11:58:50.248,0.77899,0.77914,2.25,2.63
2011.12.14 11:58:50.673,0.77899,0.77915,2.25,2.25
2011.12.14 11:58:51.740,0.77901,0.77915,1.50,5.10
2011.12.14 11:58:51.822,0.77901,0.77914,1.50,2.63
2011.12.14 11:58:52.037,0.77901,0.77914,1.50,2.63
2011.12.14 11:58:52.326,0.77899,0.77914,2.25,2.63
2011.12.14 11:58:52.395,0.77901,0.77914,1.50,2.63
2011.12.14 11:58:52.557,0.77901,0.77914,1.50,2.63
2011.12.14 11:58:53.162,0.77901,0.77914,2.25,2.63
2011.12.14 11:58:53.317,0.77907,0.7792,1.50,1.13
2011.12.14 11:58:53.876,0.77905,0.77919,1.50,4.13
2011.12.14 11:58:54.659,0.77905,0.77918,1.50,1.50
2011.12.14 11:58:56.071,0.77905,0.77919,3.00,1.88
2011.12.14 11:58:56.484,0.77907,0.77917,1.50,1.88
2011.12.14 11:58:56.839,0.77907,0.77918,1.50,2.63
2011.12.14 11:58:56.908,0.77907,0.77918,1.50,1.88
2011.12.14 11:58:57.506,0.77906,0.77918,1.50,1.88
2011.12.14 11:59:01.166,0.77906,0.77919,1.50,1.50
2011.12.14 11:59:03.264,0.77906,0.7792,1.50,3.00
2011.12.14 11:59:05.034,0.77907,0.77922,1.50,1.50
2011.12.14 11:59:05.183,0.77907,0.77923,1.50,3.00
2011.12.14 11:59:05.748,0.77907,0.77923,2.25,3.75
2011.12.14 11:59:06.449,0.77907,0.77921,2.25,1.88
2011.12.14 11:59:06.666,0.77907,0.77919,1.50,1.88
2011.12.14 11:59:06.810,0.77905,0.77919,1.50,1.88
2011.12.14 11:59:07.726,0.77904,0.77919,2.25,2.63
2011.12.14 11:59:08.209,0.77907,0.7792,1.50,1.50
2011.12.14 11:59:08.490,0.77905,0.77918,1.50,1.50
2011.12.14 11:59:08.562,0.77904,0.77918,2.25,2.25
2011.12.14 11:59:10.003,0.77904,0.77918,2.25,2.25
2011.12.14 11:59:10.081,0.77904,0.77918,2.25,2.25
2011.12.14 11:59:10.702,0.77904,0.77918,3.00,2.25
2011.12.14 11:59:10.776,0.77904,0.77918,2.25,2.25
2011.12.14 11:59:11.731,0.77905,0.77918,1.50,2.25
2011.12.14 11:59:12.092,0.77906,0.77921,1.50,3.38
2011.12.14 11:59:12.248,0.77909,0.77922,1.88,5.25
2011.12.14 11:59:12.951,0.77916,0.77925,1.50,2.25
2011.12.14 11:59:13.043,0.77917,0.77925,2.48,1.50
2011.12.14 11:59:13.441,0.77919,0.77929,1.50,1.50
2011.12.14 11:59:13.596,0.77917,0.77928,1.50,1.50
2011.12.14 11:59:13.749,0.7792,0.77928,1.50,1.50
2011.12.14 11:59:14.479,0.77922,0.77936,1.50,1.50
2011.12.14 11:59:14.561,0.77928,0.77935,1.50,1.50
2011.12.14 11:59:14.646,0.77931,0.77935,1.50,1.50
2011.12.14 11:59:14.931,0.77931,0.77942,1.50,4.13
2011.12.14 11:59:15.507,0.7793,0.77944,1.50,4.50
2011.12.14 11:59:15.929,0.7793,0.77943,1.50,3.38
2011.12.14 11:59:16.428,0.7793,0.77943,1.50,3.38
2011.12.14 11:59:16.569,0.7793,0.77943,1.50,3.38
2011.12.14 11:59:16.640,0.7793,0.77943,1.50,3.38
2011.12.14 11:59:16.978,0.7793,0.77941,1.50,2.25
2011.12.14 11:59:17.250,0.77923,0.77937,1.50,1.50
2011.12.14 11:59:18.462,0.77923,0.77937,2.25,2.25
2011.12.14 11:59:19.036,0.77923,0.77937,2.25,1.50
2011.12.14 11:59:19.596,0.77916,0.77929,1.50,1.50
2011.12.14 11:59:19.954,0.77914,0.77926,1.50,1.50
2011.12.14 11:59:20.101,0.77914,0.77926,1.50,1.50
2011.12.14 11:59:20.389,0.77914,0.77929,3.38,2.25
2011.12.14 11:59:20.526,0.77914,0.77929,2.63,3.00
2011.12.14 11:59:21.183,0.77914,0.77929,2.63,3.00
2011.12.14 11:59:21.331,0.77913,0.77929,2.25,3.00
2011.12.14 11:59:21.625,0.77913,0.77927,2.25,1.50
2011.12.14 11:59:21.910,0.77911,0.77925,3.75,1.50
2011.12.14 11:59:21.991,0.77911,0.77921,2.25,1.50
2011.12.14 11:59:22.727,0.77907,0.77921,2.25,4.13
2011.12.14 11:59:23.089,0.77904,0.77919,1.50,2.25
2011.12.14 11:59:23.297,0.77903,0.77919,3.00,2.25
2011.12.14 11:59:23.859,0.77903,0.77919,2.25,2.25
2011.12.14 11:59:24.504,0.77901,0.77915,1.50,1.50
2011.12.14 11:59:24.863,0.77901,0.77913,2.63,2.25
2011.12.14 11:59:25.014,0.77899,0.77913,1.50,2.25
2011.12.14 11:59:25.373,0.77901,0.77916,2.63,2.25
2011.12.14 11:59:25.523,0.77903,0.77918,1.50,4.88
2011.12.14 11:59:26.196,0.77903,0.77919,1.50,4.13
2011.12.14 11:59:26.538,0.77903,0.77919,1.50,3.75
2011.12.14 11:59:26.885,0.779,0.77916,4.13,2.25
2011.12.14 11:59:28.052,0.779,0.77915,1.50,2.63
2011.12.14 11:59:28.585,0.779,0.77915,1.50,2.63
2011.12.14 11:59:29.657,0.779,0.77913,3.38,1.50
2011.12.14 11:59:30.016,0.77903,0.77917,1.50,2.25
2011.12.14 11:59:30.725,0.77903,0.77917,1.50,1.50
2011.12.14 11:59:31.325,0.77903,0.77916,1.50,1.88
2011.12.14 11:59:31.840,0.77903,0.77915,1.50,1.50
2011.12.14 11:59:32.284,0.77903,0.77917,1.50,1.50
2011.12.14 11:59:32.836,0.77903,0.77917,1.50,1.50
2011.12.14 11:59:33.257,0.77901,0.77915,2.25,1.50
2011.12.14 11:59:34.575,0.77903,0.77917,1.50,1.50
2011.12.14 11:59:34.792,0.77903,0.77914,1.50,1.88
2011.12.14 11:59:35.315,0.77903,0.77917,1.50,1.50
2011.12.14 11:59:35.388,0.779,0.77916,2.25,1.50
2011.12.14 11:59:37.290,0.779,0.77916,2.25,2.25
2011.12.14 11:59:38.349,0.77904,0.77916,1.50,2.25
2011.12.14 11:59:39.069,0.77907,0.77918,1.50,2.63
2011.12.14 11:59:39.154,0.77904,0.77918,3.00,4.13
2011.12.14 11:59:39.697,0.77904,0.77918,1.50,4.88
2011.12.14 11:59:40.187,0.77904,0.77917,1.50,1.88
2011.12.14 11:59:41.111,0.77904,0.77916,1.50,2.63
2011.12.14 11:59:42.676,0.77904,0.77913,1.50,1.88
2011.12.14 11:59:42.819,0.77899,0.77913,2.25,1.88
2011.12.14 11:59:42.886,0.77899,0.77913,1.50,2.63
2011.12.14 11:59:43.232,0.77901,0.77913,1.50,2.63
2011.12.14 11:59:44.000,0.77899,0.77909,1.50,1.50
2011.12.14 11:59:44.293,0.77906,0.77915,1.88,1.50
2011.12.14 11:59:44.380,0.7791,0.77916,1.50,2.25
2011.12.14 11:59:44.457,0.77912,0.77918,1.50,1.50
2011.12.14 11:59:44.813,0.77912,0.77919,1.50,1.50
2011.12.14 11:59:45.033,0.77912,0.77924,1.50,1.50
2011.12.14 11:59:45.484,0.7791,0.77924,1.50,3.00
2011.12.14 11:59:46.037,0.7791,0.77924,1.50,2.25
2011.12.14 11:59:46.914,0.77913,0.77926,1.50,1.50
2011.12.14 11:59:47.197,0.77913,0.77927,1.50,1.50
2011.12.14 11:59:47.636,0.77916,0.7793,1.50,2.25
2011.12.14 11:59:48.857,0.77919,0.77932,1.50,1.88
2011.12.14 11:59:48.989,0.77919,0.77932,1.50,1.13
2011.12.14 11:59:49.654,0.77919,0.77933,1.50,2.25
2011.12.14 11:59:50.692,0.77919,0.77932,1.50,2.25
2011.12.14 11:59:50.770,0.77916,0.7793,1.50,1.50
2011.12.14 11:59:51.185,0.77919,0.77932,1.50,2.25
2011.12.14 11:59:51.782,0.77921,0.77935,1.50,2.63
2011.12.14 11:59:51.868,0.77921,0.77935,1.50,2.63
2011.12.14 11:59:53.009,0.77924,0.77935,1.50,1.13
2011.12.14 11:59:54.017,0.77924,0.77937,1.50,1.35
2011.12.14 11:59:54.099,0.77915,0.77928,1.50,3.00
2011.12.14 11:59:54.373,0.77914,0.77928,1.50,3.00
2011.12.14 11:59:54.782,0.77911,0.77926,1.50,1.50
2011.12.14 11:59:55.436,0.77909,0.77924,1.50,3.00
2011.12.14 11:59:55.522,0.7791,0.77926,1.50,3.75
2011.12.14 11:59:55.882,0.77908,0.77924,1.50,2.25
2011.12.14 11:59:55.966,0.77908,0.77922,1.50,1.35
2011.12.14 11:59:56.320,0.77902,0.77916,2.25,1.50
2011.12.14 11:59:56.859,0.77904,0.77916,1.50,2.25
2011.12.14 11:59:57.212,0.77907,0.77921,2.25,1.50
2011.12.14 11:59:57.489,0.77907,0.77921,1.50,1.50
2011.12.14 11:59:57.689,0.77907,0.7792,1.50,1.50
2011.12.14 11:59:57.827,0.77905,0.7792,2.25,1.50
2011.12.14 11:59:58.443,0.77902,0.77918,1.50,2.85
2011.12.14 11:59:58.539,0.77899,0.77915,1.50,2.25
2011.12.14 11:59:58.685,0.77897,0.7791,2.25,1.50
2011.12.14 11:59:59.041,0.77896,0.77909,2.25,2.10
2011.12.14 11:59:59.125,0.77896,0.77907,1.50,1.35
2011.12.14 11:59:59.880,0.77894,0.77905,1.50,2.25
