2016.09.13 13:00:00.131,0.76894,0.769,1.00,1.69
2016.09.13 13:00:00.279,0.76894,0.76902,1.50,2.06
2016.09.13 13:00:00.331,0.76897,0.76904,1.00,1.31
2016.09.13 13:00:00.383,0.76897,0.76904,1.00,1.19
2016.09.13 13:00:00.434,0.76896,0.76903,1.12,1.00
2016.09.13 13:00:00.485,0.76896,0.76903,1.12,1.95
2016.09.13 13:00:00.537,0.76896,0.76903,1.00,2.14
2016.09.13 13:00:00.588,0.76896,0.76903,1.00,1.76
2016.09.13 13:00:00.639,0.76895,0.76903,1.00,1.39
2016.09.13 13:00:00.690,0.76894,0.76903,1.00,2.06
2016.09.13 13:00:00.741,0.76895,0.76903,1.00,3.00
2016.09.13 13:00:00.793,0.76895,0.76903,1.00,2.70
2016.09.13 13:00:00.952,0.76895,0.76903,1.00,2.32
2016.09.13 13:00:01.004,0.76895,0.76903,1.00,1.00
2016.09.13 13:00:01.055,0.76895,0.76903,1.00,1.12
2016.09.13 13:00:01.107,0.76895,0.76904,1.00,2.70
2016.09.13 13:00:01.210,0.76896,0.76904,1.00,2.32
2016.09.13 13:00:01.264,0.76896,0.76904,1.00,1.87
2016.09.13 13:00:01.315,0.76896,0.76904,1.00,1.00
2016.09.13 13:00:01.366,0.76896,0.76905,1.00,2.32
2016.09.13 13:00:01.418,0.76896,0.76905,1.00,1.57
2016.09.13 13:00:01.571,0.76896,0.76904,1.00,1.50
2016.09.13 13:00:01.758,0.76896,0.76904,1.00,2.14
2016.09.13 13:00:01.839,0.76897,0.76904,1.00,2.51
2016.09.13 13:00:01.890,0.76895,0.76904,1.00,2.44
2016.09.13 13:00:01.941,0.76899,0.76904,1.00,1.50
2016.09.13 13:00:02.044,0.76899,0.76906,1.00,1.50
2016.09.13 13:00:02.147,0.76899,0.76906,1.00,1.37
2016.09.13 13:00:02.503,0.76899,0.76907,1.00,1.00
2016.09.13 13:00:02.605,0.76899,0.76907,1.00,1.12
2016.09.13 13:00:02.657,0.76899,0.76906,1.00,1.00
2016.09.13 13:00:02.810,0.76899,0.76906,1.00,2.06
2016.09.13 13:00:02.861,0.76899,0.76906,1.00,2.44
2016.09.13 13:00:02.912,0.76899,0.76905,1.00,1.50
2016.09.13 13:00:02.964,0.76898,0.76905,1.00,2.81
2016.09.13 13:00:03.016,0.76896,0.76903,1.00,2.06
2016.09.13 13:00:03.332,0.76896,0.76903,1.00,1.69
2016.09.13 13:00:03.602,0.76896,0.76903,1.00,1.25
2016.09.13 13:00:03.704,0.76896,0.76905,1.00,2.44
2016.09.13 13:00:03.807,0.76896,0.76903,1.00,1.25
2016.09.13 13:00:04.600,0.76896,0.76903,1.00,1.25
2016.09.13 13:00:04.651,0.76896,0.76905,1.00,3.56
2016.09.13 13:00:04.753,0.76896,0.76905,1.00,2.44
2016.09.13 13:00:05.026,0.76896,0.76905,1.00,1.69
2016.09.13 13:00:05.208,0.76898,0.76906,1.10,2.06
2016.09.13 13:00:05.259,0.76899,0.76906,1.00,1.50
2016.09.13 13:00:05.310,0.769,0.76907,1.00,1.31
2016.09.13 13:00:05.361,0.769,0.76908,1.00,2.06
2016.09.13 13:00:05.412,0.76899,0.76908,1.50,1.39
2016.09.13 13:00:05.463,0.76899,0.76908,1.00,2.32
2016.09.13 13:00:05.565,0.76899,0.76907,1.00,1.69
2016.09.13 13:00:05.616,0.76897,0.76907,1.00,2.44
2016.09.13 13:00:05.668,0.76897,0.76905,1.00,1.50
2016.09.13 13:00:05.880,0.76897,0.76906,1.00,1.87
2016.09.13 13:00:05.931,0.76897,0.76906,1.00,1.75
2016.09.13 13:00:05.983,0.76897,0.76906,1.00,2.25
2016.09.13 13:00:06.085,0.76897,0.76906,1.00,1.75
2016.09.13 13:00:06.136,0.76897,0.76906,1.00,1.50
2016.09.13 13:00:06.188,0.76897,0.76906,1.00,1.12
2016.09.13 13:00:06.241,0.76897,0.76906,1.00,1.37
2016.09.13 13:00:06.292,0.76897,0.76905,1.00,1.00
2016.09.13 13:00:06.445,0.76897,0.76906,1.00,1.50
2016.09.13 13:00:06.497,0.76897,0.76906,1.00,2.25
2016.09.13 13:00:06.548,0.76897,0.76905,1.00,1.00
2016.09.13 13:00:06.721,0.76899,0.76905,1.00,1.00
2016.09.13 13:00:06.773,0.76899,0.76906,1.00,1.00
2016.09.13 13:00:07.990,0.76898,0.76907,1.00,2.06
2016.09.13 13:00:08.042,0.76899,0.76907,1.00,1.25
2016.09.13 13:00:08.093,0.769,0.76907,1.00,1.00
2016.09.13 13:00:08.145,0.769,0.76909,1.00,3.37
2016.09.13 13:00:08.196,0.769,0.76909,1.00,3.00
2016.09.13 13:00:08.452,0.76901,0.76909,1.00,2.25
2016.09.13 13:00:08.557,0.76901,0.76909,1.00,1.87
2016.09.13 13:00:08.608,0.76902,0.76909,1.00,2.62
2016.09.13 13:00:08.659,0.769,0.76909,1.00,2.25
2016.09.13 13:00:08.710,0.769,0.76909,1.00,3.07
2016.09.13 13:00:08.761,0.769,0.76909,1.50,4.39
2016.09.13 13:00:08.813,0.769,0.76909,1.50,4.46
2016.09.13 13:00:08.864,0.769,0.76909,1.50,4.84
2016.09.13 13:00:08.915,0.769,0.76908,1.50,1.25
2016.09.13 13:00:09.067,0.769,0.76908,1.50,1.62
2016.09.13 13:00:09.323,0.769,0.76908,1.50,2.06
2016.09.13 13:00:09.476,0.769,0.76908,1.50,1.69
2016.09.13 13:00:09.527,0.769,0.76908,1.50,1.31
2016.09.13 13:00:09.680,0.769,0.76908,1.00,1.31
2016.09.13 13:00:09.840,0.769,0.76908,1.50,1.31
2016.09.13 13:00:10.040,0.76902,0.76909,1.00,2.14
2016.09.13 13:00:10.091,0.76902,0.76909,1.00,1.66
2016.09.13 13:00:10.153,0.76902,0.7691,1.00,1.31
2016.09.13 13:00:10.204,0.769,0.76909,1.95,1.19
2016.09.13 13:00:10.256,0.769,0.76909,1.57,1.19
2016.09.13 13:00:10.307,0.769,0.76908,1.57,1.25
2016.09.13 13:00:10.461,0.769,0.76908,1.10,1.25
2016.09.13 13:00:10.615,0.76899,0.76909,1.07,1.31
2016.09.13 13:00:10.780,0.76898,0.76907,2.62,1.00
2016.09.13 13:00:10.832,0.76898,0.76905,1.00,1.00
2016.09.13 13:00:10.884,0.76895,0.76905,3.22,1.00
2016.09.13 13:00:10.935,0.76895,0.76905,2.62,1.00
2016.09.13 13:00:11.037,0.76896,0.76905,1.00,1.00
2016.09.13 13:00:11.139,0.76895,0.76905,2.62,1.00
2016.09.13 13:00:11.190,0.76895,0.76905,1.87,1.00
2016.09.13 13:00:11.241,0.76896,0.76906,1.00,1.00
2016.09.13 13:00:11.343,0.76897,0.76906,1.12,1.12
2016.09.13 13:00:11.395,0.76897,0.76905,1.12,1.00
2016.09.13 13:00:11.446,0.76899,0.76906,1.00,1.00
2016.09.13 13:00:11.606,0.76899,0.76906,1.87,1.00
2016.09.13 13:00:11.661,0.76899,0.76908,1.87,1.25
2016.09.13 13:00:11.816,0.76899,0.76905,1.12,1.00
2016.09.13 13:00:11.867,0.76898,0.76905,1.00,1.12
2016.09.13 13:00:11.918,0.76898,0.76904,1.00,1.00
2016.09.13 13:00:11.970,0.76895,0.76905,1.87,1.31
2016.09.13 13:00:12.021,0.76894,0.76902,1.57,1.00
2016.09.13 13:00:12.072,0.76894,0.76901,1.10,1.25
2016.09.13 13:00:12.123,0.76894,0.769,1.00,1.00
2016.09.13 13:00:12.305,0.76892,0.769,3.45,1.00
2016.09.13 13:00:12.371,0.76892,0.769,1.50,1.00
2016.09.13 13:00:12.422,0.76892,0.769,1.50,1.19
2016.09.13 13:00:12.473,0.76892,0.769,2.25,1.19
2016.09.13 13:00:12.714,0.76893,0.76901,1.12,1.19
2016.09.13 13:00:13.213,0.76893,0.76903,1.12,2.06
2016.09.13 13:00:13.315,0.76893,0.76903,1.12,1.69
2016.09.13 13:00:13.468,0.76892,0.76902,3.00,1.31
2016.09.13 13:00:13.519,0.76892,0.76902,3.00,1.31
2016.09.13 13:00:13.570,0.76894,0.76902,1.00,1.19
2016.09.13 13:00:13.774,0.76894,0.76902,1.00,1.31
2016.09.13 13:00:13.876,0.76894,0.76902,1.00,1.56
2016.09.13 13:00:14.776,0.76894,0.76901,1.00,1.31
2016.09.13 13:00:14.878,0.76894,0.76901,1.50,1.31
2016.09.13 13:00:14.929,0.76894,0.76902,1.00,1.56
2016.09.13 13:00:15.289,0.76894,0.76902,1.00,2.06
2016.09.13 13:00:15.685,0.76894,0.76901,1.00,1.31
2016.09.13 13:00:16.473,0.76894,0.76901,1.00,1.19
2016.09.13 13:00:16.839,0.76895,0.76902,1.00,1.31
2016.09.13 13:00:16.940,0.76896,0.76905,1.00,3.94
2016.09.13 13:00:16.992,0.76897,0.76904,1.00,1.19
2016.09.13 13:00:17.043,0.76897,0.76904,1.00,1.00
2016.09.13 13:00:17.094,0.76896,0.76905,1.00,1.00
2016.09.13 13:00:17.145,0.76896,0.76905,1.00,1.00
2016.09.13 13:00:17.663,0.76897,0.76904,1.00,1.00
2016.09.13 13:00:18.700,0.76899,0.76906,1.00,1.00
2016.09.13 13:00:18.751,0.76899,0.76906,1.50,1.00
2016.09.13 13:00:18.802,0.76901,0.76906,1.00,1.00
2016.09.13 13:00:18.995,0.76899,0.76906,1.00,1.00
2016.09.13 13:00:19.046,0.76897,0.76907,1.87,1.12
2016.09.13 13:00:19.198,0.76897,0.76905,1.87,1.00
2016.09.13 13:00:19.250,0.76897,0.76905,1.12,1.00
2016.09.13 13:00:19.301,0.76897,0.76905,1.00,1.00
2016.09.13 13:00:19.403,0.76895,0.76905,2.92,1.00
2016.09.13 13:00:19.867,0.76895,0.76905,2.32,1.00
2016.09.13 13:00:19.918,0.76895,0.76905,1.95,1.00
2016.09.13 13:00:20.226,0.76895,0.76905,1.57,1.00
2016.09.13 13:00:20.382,0.76895,0.76905,1.57,1.12
2016.09.13 13:00:20.885,0.76895,0.76905,1.57,1.00
2016.09.13 13:00:21.038,0.76895,0.76905,1.50,1.00
2016.09.13 13:00:22.089,0.76895,0.76905,1.00,1.00
2016.09.13 13:00:22.828,0.76895,0.76905,1.50,1.00
2016.09.13 13:00:22.930,0.76895,0.76905,2.25,1.00
2016.09.13 13:00:22.981,0.76897,0.76905,1.00,1.00
2016.09.13 13:00:23.033,0.76897,0.76905,1.10,1.00
2016.09.13 13:00:23.135,0.76897,0.76905,1.00,1.00
2016.09.13 13:00:23.237,0.76897,0.76905,1.50,1.00
2016.09.13 13:00:23.391,0.76897,0.76905,1.87,1.00
2016.09.13 13:00:23.785,0.76897,0.76907,1.87,1.12
2016.09.13 13:00:24.092,0.76897,0.76907,1.12,1.12
2016.09.13 13:00:24.195,0.76898,0.76907,1.00,1.12
2016.09.13 13:00:24.247,0.769,0.76907,1.00,1.12
2016.09.13 13:00:24.299,0.769,0.76907,1.00,1.00
2016.09.13 13:00:24.728,0.76899,0.76907,1.50,1.00
2016.09.13 13:00:24.983,0.76899,0.76907,1.00,1.00
2016.09.13 13:00:26.255,0.769,0.7691,1.00,2.02
2016.09.13 13:00:26.306,0.76901,0.7691,1.50,1.20
2016.09.13 13:00:26.357,0.76901,0.7691,1.50,1.10
2016.09.13 13:00:26.494,0.76901,0.76911,1.50,1.12
2016.09.13 13:00:26.545,0.76902,0.7691,1.00,1.00
2016.09.13 13:00:26.801,0.76902,0.76911,1.50,1.00
2016.09.13 13:00:26.923,0.76902,0.76911,1.87,1.00
2016.09.13 13:00:27.026,0.76903,0.76913,1.00,1.12
2016.09.13 13:00:27.077,0.76904,0.76913,1.50,1.12
2016.09.13 13:00:27.289,0.76904,0.76914,1.50,1.47
2016.09.13 13:00:27.340,0.76904,0.76914,1.50,1.95
2016.09.13 13:00:27.391,0.76903,0.76912,1.00,1.00
2016.09.13 13:00:27.493,0.76903,0.76912,1.00,1.12
2016.09.13 13:00:27.849,0.76901,0.76911,2.25,1.00
2016.09.13 13:00:28.412,0.76901,0.76911,1.50,1.00
2016.09.13 13:00:28.565,0.76901,0.7691,1.00,1.00
2016.09.13 13:00:28.777,0.769,0.7691,1.50,1.00
2016.09.13 13:00:28.828,0.76901,0.7691,1.00,1.00
2016.09.13 13:00:29.018,0.76901,0.7691,1.50,1.00
2016.09.13 13:00:29.070,0.76903,0.7691,1.00,1.00
2016.09.13 13:00:29.123,0.76901,0.76911,1.87,1.00
2016.09.13 13:00:29.175,0.76901,0.76911,1.50,1.00
2016.09.13 13:00:29.497,0.76899,0.76907,5.14,1.00
2016.09.13 13:00:29.549,0.769,0.76908,1.00,1.00
2016.09.13 13:00:29.730,0.76898,0.76908,2.25,1.00
2016.09.13 13:00:29.781,0.76898,0.76907,1.00,1.00
2016.09.13 13:00:30.101,0.76899,0.76908,1.00,1.50
2016.09.13 13:00:30.154,0.76899,0.76908,1.00,1.00
2016.09.13 13:00:30.207,0.769,0.7691,1.50,2.32
2016.09.13 13:00:30.259,0.769,0.7691,1.50,2.25
2016.09.13 13:00:30.414,0.76901,0.7691,1.50,1.50
2016.09.13 13:00:30.481,0.76901,0.7691,1.87,1.00
2016.09.13 13:00:30.636,0.76902,0.76909,1.00,1.00
2016.09.13 13:00:30.688,0.76901,0.76908,1.87,1.00
2016.09.13 13:00:30.993,0.76901,0.76908,1.12,1.00
2016.09.13 13:00:31.696,0.76901,0.7691,1.12,1.00
2016.09.13 13:00:31.798,0.769,0.7691,1.50,1.00
2016.09.13 13:00:31.876,0.76899,0.76907,2.17,1.00
2016.09.13 13:00:31.927,0.76898,0.76906,1.57,1.00
2016.09.13 13:00:31.979,0.76897,0.76906,1.12,1.00
2016.09.13 13:00:32.133,0.76896,0.76905,3.37,1.00
2016.09.13 13:00:32.185,0.76896,0.76903,1.00,1.00
2016.09.13 13:00:32.287,0.76894,0.76903,2.77,1.00
2016.09.13 13:00:32.339,0.76894,0.76903,2.70,1.00
2016.09.13 13:00:32.441,0.76894,0.76903,1.95,1.00
2016.09.13 13:00:32.543,0.76896,0.76906,1.00,1.57
2016.09.13 13:00:32.747,0.76896,0.76906,1.00,1.20
2016.09.13 13:00:32.798,0.76896,0.76906,1.12,1.20
2016.09.13 13:00:33.153,0.76897,0.76906,1.00,1.10
2016.09.13 13:00:33.205,0.76897,0.76905,1.00,1.00
2016.09.13 13:00:33.357,0.76897,0.76905,1.00,1.10
2016.09.13 13:00:34.081,0.76897,0.76905,1.00,1.12
2016.09.13 13:00:34.183,0.76897,0.76906,1.00,3.45
2016.09.13 13:00:34.661,0.76897,0.76906,1.00,3.07
2016.09.13 13:00:34.712,0.76897,0.76906,1.00,2.32
2016.09.13 13:00:35.351,0.76897,0.76906,1.00,2.25
2016.09.13 13:00:35.402,0.76897,0.76906,1.00,1.57
2016.09.13 13:00:35.606,0.76897,0.76906,1.00,1.10
2016.09.13 13:00:35.708,0.76897,0.76907,1.00,2.51
2016.09.13 13:00:35.759,0.76897,0.76907,1.00,3.26
2016.09.13 13:00:36.007,0.76897,0.76907,1.00,3.19
2016.09.13 13:00:36.058,0.76897,0.76907,1.00,1.57
2016.09.13 13:00:36.313,0.76897,0.76905,1.00,1.00
2016.09.13 13:00:36.623,0.76897,0.76906,1.00,1.50
2016.09.13 13:00:36.852,0.76897,0.76907,2.25,2.14
2016.09.13 13:00:36.903,0.76898,0.76907,1.00,1.39
2016.09.13 13:00:36.954,0.76898,0.76907,1.00,1.29
2016.09.13 13:00:37.056,0.76898,0.76907,1.12,1.29
2016.09.13 13:00:37.158,0.76898,0.76907,1.12,1.10
2016.09.13 13:00:37.209,0.76898,0.76908,1.12,1.12
2016.09.13 13:00:37.625,0.76898,0.76908,1.12,1.31
2016.09.13 13:00:37.729,0.76899,0.76908,1.00,1.31
2016.09.13 13:00:37.882,0.76899,0.76907,1.00,1.10
2016.09.13 13:00:38.829,0.769,0.76907,1.00,1.10
2016.09.13 13:00:39.134,0.76899,0.76907,1.50,1.10
2016.09.13 13:00:39.187,0.76901,0.76909,1.00,1.66
2016.09.13 13:00:39.238,0.76904,0.76911,1.00,2.25
2016.09.13 13:00:39.420,0.76904,0.76913,1.12,3.19
2016.09.13 13:00:39.471,0.76903,0.76913,1.37,2.81
2016.09.13 13:00:39.522,0.76903,0.76913,1.37,3.56
2016.09.13 13:00:39.573,0.76903,0.76913,1.37,2.81
2016.09.13 13:00:39.624,0.76903,0.76912,1.87,1.31
2016.09.13 13:00:39.930,0.76903,0.76912,1.87,2.06
2016.09.13 13:00:39.981,0.76903,0.76912,1.87,1.31
2016.09.13 13:00:40.317,0.76903,0.76911,1.87,1.19
2016.09.13 13:00:40.369,0.76904,0.76911,1.00,1.19
2016.09.13 13:00:40.421,0.76903,0.76911,2.25,1.19
2016.09.13 13:00:41.306,0.76903,0.76912,2.25,1.31
2016.09.13 13:00:41.408,0.76903,0.76913,2.25,2.81
2016.09.13 13:00:41.510,0.76903,0.76913,1.50,2.44
2016.09.13 13:00:41.561,0.76903,0.76913,1.50,2.06
2016.09.13 13:00:41.689,0.76903,0.76913,2.25,2.06
2016.09.13 13:00:41.740,0.76903,0.76913,2.25,2.81
2016.09.13 13:00:41.791,0.76903,0.76913,2.25,3.19
2016.09.13 13:00:41.944,0.76903,0.76913,2.25,3.19
2016.09.13 13:00:42.137,0.76903,0.76911,1.50,1.19
2016.09.13 13:00:43.020,0.76903,0.76912,1.50,1.69
2016.09.13 13:00:43.267,0.76903,0.76911,1.50,1.19
2016.09.13 13:00:43.889,0.76903,0.76911,1.50,1.31
2016.09.13 13:00:44.208,0.76903,0.76911,1.00,1.76
2016.09.13 13:00:44.311,0.76903,0.76908,1.00,1.00
2016.09.13 13:00:45.225,0.76903,0.7691,1.00,1.25
2016.09.13 13:00:45.827,0.76901,0.76907,1.00,1.00
2016.09.13 13:00:46.230,0.769,0.76908,1.00,1.25
2016.09.13 13:00:46.606,0.76902,0.76908,1.00,1.25
2016.09.13 13:00:46.709,0.76901,0.76909,1.00,1.31
2016.09.13 13:00:46.760,0.76902,0.76909,1.00,1.19
2016.09.13 13:00:47.177,0.76903,0.7691,1.00,1.31
2016.09.13 13:00:47.237,0.76903,0.76911,1.00,2.06
2016.09.13 13:00:47.289,0.76903,0.76911,1.00,1.31
2016.09.13 13:00:47.391,0.76902,0.7691,1.57,1.50
2016.09.13 13:00:47.443,0.76902,0.76909,1.10,1.00
2016.09.13 13:00:47.494,0.76901,0.76909,1.12,1.00
2016.09.13 13:00:47.546,0.76901,0.76909,1.00,1.00
2016.09.13 13:00:47.649,0.76901,0.76909,1.00,2.25
2016.09.13 13:00:47.700,0.76901,0.76909,1.00,2.81
2016.09.13 13:00:48.728,0.76901,0.76909,1.00,1.31
2016.09.13 13:00:48.945,0.76901,0.7691,1.00,2.06
2016.09.13 13:00:49.086,0.76901,0.7691,1.00,1.62
2016.09.13 13:00:49.137,0.76901,0.7691,1.00,1.12
2016.09.13 13:00:49.239,0.76902,0.7691,1.00,2.06
2016.09.13 13:00:49.290,0.76902,0.7691,1.00,2.44
2016.09.13 13:00:49.341,0.76901,0.7691,1.00,3.94
2016.09.13 13:00:49.392,0.76901,0.76907,1.00,1.25
2016.09.13 13:00:49.596,0.76902,0.76909,1.00,1.31
2016.09.13 13:00:49.698,0.76901,0.76909,1.00,1.69
2016.09.13 13:00:49.802,0.76901,0.7691,1.00,3.56
2016.09.13 13:00:49.854,0.76901,0.7691,1.00,3.19
2016.09.13 13:00:50.137,0.76901,0.7691,1.00,3.56
2016.09.13 13:00:50.617,0.769,0.76909,1.00,2.06
2016.09.13 13:00:50.669,0.769,0.76908,1.00,1.19
2016.09.13 13:00:50.771,0.769,0.76909,1.00,1.69
2016.09.13 13:00:51.011,0.769,0.76909,1.00,2.06
2016.09.13 13:00:51.167,0.769,0.76909,1.00,1.31
2016.09.13 13:00:51.320,0.769,0.76909,1.50,1.19
2016.09.13 13:00:51.371,0.769,0.7691,1.50,2.51
2016.09.13 13:00:51.422,0.76901,0.76909,1.00,1.19
2016.09.13 13:00:51.473,0.769,0.76907,1.00,1.00
2016.09.13 13:00:51.576,0.769,0.76907,1.00,1.12
2016.09.13 13:00:51.731,0.769,0.76907,1.00,1.00
2016.09.13 13:00:51.783,0.76897,0.76906,1.50,1.12
2016.09.13 13:00:51.938,0.76897,0.76906,1.00,1.12
2016.09.13 13:00:51.989,0.76897,0.76906,1.19,1.12
2016.09.13 13:00:52.091,0.76897,0.76906,1.00,1.12
2016.09.13 13:00:52.193,0.76897,0.76906,1.00,1.00
2016.09.13 13:00:52.244,0.76897,0.76907,1.00,1.12
2016.09.13 13:00:52.346,0.76897,0.76907,1.19,1.12
2016.09.13 13:00:52.495,0.76897,0.76907,1.76,1.12
2016.09.13 13:00:52.546,0.76898,0.76907,1.19,1.00
2016.09.13 13:00:53.903,0.76897,0.76907,1.76,1.00
2016.09.13 13:00:53.955,0.76897,0.76907,1.69,1.00
2016.09.13 13:00:54.006,0.76901,0.76908,1.00,1.75
2016.09.13 13:00:54.057,0.769,0.76909,1.00,4.57
2016.09.13 13:00:54.108,0.76901,0.76908,1.00,1.00
2016.09.13 13:00:54.643,0.76899,0.76909,3.19,1.00
2016.09.13 13:00:54.695,0.769,0.76909,1.25,1.00
2016.09.13 13:00:54.746,0.769,0.7691,1.69,1.87
2016.09.13 13:00:54.797,0.769,0.76909,1.25,1.00
2016.09.13 13:00:54.848,0.76899,0.76909,2.25,1.00
2016.09.13 13:00:54.899,0.76899,0.76908,1.87,1.00
2016.09.13 13:00:54.951,0.76899,0.76907,1.12,1.00
2016.09.13 13:00:55.082,0.76898,0.76907,3.67,1.00
2016.09.13 13:00:55.134,0.76898,0.76907,3.60,1.50
2016.09.13 13:00:55.287,0.76898,0.76907,1.50,1.50
2016.09.13 13:00:55.619,0.76898,0.76907,1.50,1.00
2016.09.13 13:00:55.880,0.76898,0.76907,1.50,1.12
2016.09.13 13:00:55.931,0.76898,0.76907,1.00,1.12
2016.09.13 13:00:56.346,0.76899,0.76908,1.00,1.50
2016.09.13 13:00:56.397,0.76899,0.76908,1.12,1.00
2016.09.13 13:00:56.754,0.76898,0.76907,2.25,1.00
2016.09.13 13:00:56.938,0.76899,0.76908,1.12,1.00
2016.09.13 13:00:56.990,0.76901,0.76909,1.00,1.00
2016.09.13 13:00:57.418,0.76901,0.7691,1.19,1.00
2016.09.13 13:00:57.469,0.76905,0.7691,1.00,1.00
2016.09.13 13:00:57.922,0.76904,0.76911,1.00,1.20
2016.09.13 13:00:58.024,0.76904,0.76911,1.50,1.20
2016.09.13 13:00:58.126,0.76904,0.76911,1.00,1.20
2016.09.13 13:00:59.088,0.76904,0.76912,1.00,3.00
2016.09.13 13:00:59.386,0.76904,0.76912,1.00,2.25
2016.09.13 13:00:59.437,0.76905,0.76912,1.00,1.50
2016.09.13 13:00:59.488,0.76905,0.76912,1.00,1.07
2016.09.13 13:00:59.539,0.76906,0.76914,1.00,5.70
2016.09.13 13:00:59.590,0.76906,0.76914,1.00,2.40
2016.09.13 13:00:59.641,0.76906,0.76914,1.00,1.57
2016.09.13 13:00:59.821,0.76906,0.76913,1.00,1.87
2016.09.13 13:01:00.048,0.76906,0.76913,1.00,1.12
2016.09.13 13:01:00.099,0.76906,0.76914,1.00,2.40
2016.09.13 13:01:00.303,0.76906,0.76914,1.00,1.20
2016.09.13 13:01:00.405,0.76906,0.76913,1.00,1.00
2016.09.13 13:01:00.942,0.76906,0.76913,1.00,1.00
2016.09.13 13:01:00.993,0.76908,0.76915,1.00,1.85
2016.09.13 13:01:01.044,0.76908,0.76916,1.00,2.70
2016.09.13 13:01:01.095,0.76906,0.76916,1.50,2.70
2016.09.13 13:01:01.146,0.76906,0.76914,1.00,1.12
2016.09.13 13:01:01.197,0.76906,0.76914,1.00,1.87
2016.09.13 13:01:01.388,0.76906,0.76914,1.00,2.62
2016.09.13 13:01:01.446,0.76906,0.76914,1.00,2.25
2016.09.13 13:01:01.548,0.76906,0.76914,1.00,2.62
2016.09.13 13:01:01.653,0.76906,0.76914,1.00,2.25
2016.09.13 13:01:02.333,0.76906,0.76914,1.00,1.50
2016.09.13 13:01:02.435,0.76906,0.76914,1.00,2.25
2016.09.13 13:01:02.550,0.76906,0.76914,1.00,1.50
2016.09.13 13:01:03.324,0.76906,0.76914,1.00,2.25
2016.09.13 13:01:03.426,0.76906,0.76913,1.00,1.00
2016.09.13 13:01:03.478,0.76905,0.76914,1.00,2.25
2016.09.13 13:01:03.533,0.76905,0.76913,1.00,1.00
2016.09.13 13:01:03.638,0.76903,0.76913,1.12,2.70
2016.09.13 13:01:03.689,0.76903,0.76913,1.12,3.15
2016.09.13 13:01:03.740,0.76905,0.76913,1.00,3.52
2016.09.13 13:01:03.791,0.76905,0.76913,1.00,2.40
2016.09.13 13:01:03.843,0.76905,0.76913,1.00,1.27
2016.09.13 13:01:03.985,0.76906,0.76913,1.00,1.00
2016.09.13 13:01:04.443,0.76908,0.76916,1.00,1.00
2016.09.13 13:01:04.494,0.7691,0.76917,1.00,3.75
2016.09.13 13:01:04.545,0.7691,0.76917,1.00,2.25
2016.09.13 13:01:04.596,0.76913,0.76917,1.00,1.50
2016.09.13 13:01:04.776,0.76913,0.76917,1.00,1.00
2016.09.13 13:01:04.830,0.76913,0.76921,1.00,1.12
2016.09.13 13:01:04.881,0.76915,0.76923,1.00,1.87
2016.09.13 13:01:04.932,0.76912,0.76922,2.81,1.00
2016.09.13 13:01:04.984,0.76912,0.76921,1.75,1.87
2016.09.13 13:01:05.037,0.7691,0.7692,2.25,1.00
2016.09.13 13:01:05.091,0.7691,0.7692,2.25,2.32
2016.09.13 13:01:05.143,0.7691,0.7692,1.50,2.32
2016.09.13 13:01:05.196,0.7691,0.76919,1.50,1.57
2016.09.13 13:01:05.248,0.7691,0.76919,1.00,2.70
2016.09.13 13:01:05.299,0.7691,0.76919,1.00,1.95
2016.09.13 13:01:05.533,0.7691,0.76919,1.00,3.07
2016.09.13 13:01:05.686,0.7691,0.76919,1.00,2.70
2016.09.13 13:01:05.993,0.7691,0.76919,1.00,3.07
2016.09.13 13:01:06.576,0.7691,0.76919,1.00,2.32
2016.09.13 13:01:06.678,0.7691,0.76919,1.00,1.95
2016.09.13 13:01:06.832,0.76909,0.76919,1.00,2.32
2016.09.13 13:01:06.883,0.76908,0.76916,1.00,1.00
2016.09.13 13:01:06.948,0.76908,0.76915,1.00,1.00
2016.09.13 13:01:07.000,0.76908,0.76915,1.00,1.50
2016.09.13 13:01:07.228,0.76908,0.76915,1.00,2.25
2016.09.13 13:01:07.279,0.76906,0.76915,1.00,2.25
2016.09.13 13:01:07.638,0.76906,0.76914,1.00,1.00
2016.09.13 13:01:07.689,0.76908,0.76914,1.00,1.00
2016.09.13 13:01:07.842,0.76908,0.76917,1.00,2.62
2016.09.13 13:01:07.945,0.76908,0.76916,1.00,1.00
2016.09.13 13:01:08.287,0.76908,0.76916,1.00,1.00
2016.09.13 13:01:08.765,0.76908,0.76916,1.00,1.12
2016.09.13 13:01:08.867,0.76908,0.76916,1.00,1.00
2016.09.13 13:01:09.340,0.76907,0.76916,1.00,1.50
2016.09.13 13:01:09.392,0.76906,0.76915,1.00,1.12
2016.09.13 13:01:09.443,0.76907,0.76915,1.00,1.12
2016.09.13 13:01:09.494,0.76905,0.76915,1.12,1.12
2016.09.13 13:01:09.545,0.76906,0.76915,1.00,1.50
2016.09.13 13:01:09.598,0.76904,0.76913,1.37,1.12
2016.09.13 13:01:09.650,0.76904,0.76912,1.37,1.50
2016.09.13 13:01:09.702,0.76902,0.76911,1.57,1.50
2016.09.13 13:01:09.753,0.76903,0.7691,1.37,1.10
2016.09.13 13:01:09.855,0.76903,0.7691,1.00,1.57
2016.09.13 13:01:09.906,0.76901,0.76909,1.12,1.00
2016.09.13 13:01:10.118,0.76901,0.76909,1.12,1.12
2016.09.13 13:01:10.169,0.769,0.76909,1.62,1.87
2016.09.13 13:01:10.523,0.76901,0.76909,1.37,1.87
2016.09.13 13:01:10.819,0.76899,0.76909,1.56,1.87
2016.09.13 13:01:10.870,0.76899,0.76907,1.56,1.00
2016.09.13 13:01:10.921,0.76901,0.76907,1.12,1.10
2016.09.13 13:01:11.096,0.76901,0.76907,1.12,1.57
2016.09.13 13:01:11.723,0.76901,0.76907,1.37,1.57
2016.09.13 13:01:11.825,0.76901,0.76907,1.12,1.57
2016.09.13 13:01:12.342,0.76901,0.76907,1.37,1.57
2016.09.13 13:01:12.515,0.76901,0.76907,1.12,1.57
2016.09.13 13:01:13.158,0.76899,0.76907,1.37,1.57
2016.09.13 13:01:15.004,0.76899,0.76908,1.37,3.37
2016.09.13 13:01:15.055,0.76899,0.76908,1.37,3.00
2016.09.13 13:01:15.271,0.76899,0.76908,1.12,1.87
2016.09.13 13:01:15.660,0.76899,0.76908,1.12,1.12
2016.09.13 13:01:15.864,0.76899,0.76908,1.12,1.50
2016.09.13 13:01:16.236,0.76899,0.76907,1.12,1.20
2016.09.13 13:01:17.128,0.76899,0.76907,1.37,1.20
2016.09.13 13:01:17.324,0.76901,0.76908,1.00,1.37
2016.09.13 13:01:17.375,0.76901,0.76909,1.00,2.25
2016.09.13 13:01:17.477,0.76902,0.76909,1.00,1.37
2016.09.13 13:01:17.528,0.76902,0.7691,1.00,1.87
2016.09.13 13:01:17.579,0.76902,0.7691,1.00,1.00
2016.09.13 13:01:17.681,0.76902,0.7691,1.00,1.50
2016.09.13 13:01:18.570,0.76902,0.7691,1.00,1.00
2016.09.13 13:01:18.621,0.76905,0.76911,1.00,1.65
2016.09.13 13:01:18.672,0.76905,0.76912,1.00,2.06
2016.09.13 13:01:18.723,0.76907,0.76913,1.00,1.20
2016.09.13 13:01:18.774,0.76907,0.76914,1.00,1.57
2016.09.13 13:01:18.825,0.76907,0.76914,1.00,1.47
2016.09.13 13:01:18.876,0.76908,0.76915,1.00,3.07
2016.09.13 13:01:19.008,0.76908,0.76915,1.00,1.95
2016.09.13 13:01:19.059,0.76908,0.76915,1.00,2.32
2016.09.13 13:01:19.364,0.76907,0.76914,1.00,1.00
2016.09.13 13:01:19.619,0.76907,0.76913,1.00,1.00
2016.09.13 13:01:20.126,0.76906,0.76913,1.00,1.00
2016.09.13 13:01:20.558,0.76904,0.76913,1.00,1.50
2016.09.13 13:01:20.924,0.76904,0.76913,1.00,1.00
2016.09.13 13:01:21.076,0.76904,0.76913,1.00,1.12
2016.09.13 13:01:21.139,0.76904,0.76913,1.00,1.50
2016.09.13 13:01:21.514,0.76904,0.76912,1.00,1.00
2016.09.13 13:01:22.478,0.76902,0.76912,1.10,1.50
2016.09.13 13:01:22.529,0.76903,0.7691,1.00,1.00
2016.09.13 13:01:23.355,0.76901,0.76911,1.00,1.57
2016.09.13 13:01:23.406,0.769,0.76908,1.00,1.00
2016.09.13 13:01:23.712,0.76899,0.76906,1.95,1.00
2016.09.13 13:01:23.868,0.76897,0.76905,2.25,1.00
2016.09.13 13:01:23.919,0.76896,0.769,1.50,1.00
2016.09.13 13:01:23.971,0.76892,0.76899,4.69,1.00
2016.09.13 13:01:24.022,0.76892,0.76897,4.50,1.00
2016.09.13 13:01:24.074,0.76892,0.76897,1.50,1.00
2016.09.13 13:01:24.176,0.76892,0.76897,1.12,1.00
2016.09.13 13:01:24.714,0.7689,0.76897,3.22,1.00
2016.09.13 13:01:24.859,0.7689,0.76897,2.10,1.00
2016.09.13 13:01:25.211,0.7689,0.76897,2.10,1.00
2016.09.13 13:01:25.632,0.7689,0.76897,2.85,1.00
2016.09.13 13:01:25.912,0.7689,0.76899,2.85,1.00
2016.09.13 13:01:26.014,0.7689,0.76899,3.22,1.00
2016.09.13 13:01:26.564,0.76891,0.76898,1.00,1.00
2016.09.13 13:01:26.617,0.76892,0.76898,1.00,1.00
2016.09.13 13:01:27.320,0.76891,0.76898,1.00,1.00
2016.09.13 13:01:27.842,0.76891,0.76897,1.00,1.00
2016.09.13 13:01:28.934,0.76892,0.76897,1.00,1.00
2016.09.13 13:01:29.405,0.7689,0.76897,3.97,1.00
2016.09.13 13:01:30.728,0.7689,0.76897,4.35,1.00
2016.09.13 13:01:30.830,0.7689,0.76899,3.22,1.00
2016.09.13 13:01:31.071,0.7689,0.76898,3.22,1.00
2016.09.13 13:01:31.632,0.7689,0.76897,3.22,1.00
2016.09.13 13:01:32.208,0.7689,0.76897,2.85,1.00
2016.09.13 13:01:32.260,0.76891,0.76897,1.00,1.00
2016.09.13 13:01:34.322,0.76889,0.76897,1.00,1.00
2016.09.13 13:01:35.925,0.76889,0.76897,1.12,1.00
2016.09.13 13:01:35.976,0.7689,0.76897,1.00,1.00
2016.09.13 13:01:36.027,0.7689,0.76897,1.37,1.00
2016.09.13 13:01:37.380,0.7689,0.76898,1.37,1.00
2016.09.13 13:01:37.431,0.7689,0.76898,1.50,1.00
2016.09.13 13:01:37.482,0.76892,0.76898,1.00,1.00
2016.09.13 13:01:38.060,0.7689,0.76898,1.50,1.00
2016.09.13 13:01:38.213,0.7689,0.76898,2.10,1.00
2016.09.13 13:01:38.435,0.76892,0.76898,1.00,1.00
2016.09.13 13:01:39.080,0.7689,0.76897,1.60,1.00
2016.09.13 13:01:39.439,0.7689,0.76897,1.72,1.00
2016.09.13 13:01:39.879,0.76889,0.76897,1.87,1.00
2016.09.13 13:01:40.032,0.76889,0.76897,1.00,1.00
2016.09.13 13:01:40.135,0.76889,0.76897,1.00,1.00
2016.09.13 13:01:40.723,0.76891,0.76896,1.00,1.00
2016.09.13 13:01:41.454,0.76889,0.76896,1.00,1.00
2016.09.13 13:01:42.038,0.76889,0.76895,1.00,1.00
2016.09.13 13:01:42.364,0.76889,0.76897,1.00,1.00
2016.09.13 13:01:42.901,0.7689,0.76897,1.00,1.00
2016.09.13 13:01:43.156,0.76889,0.76897,1.12,1.00
2016.09.13 13:01:43.236,0.76889,0.76896,1.00,1.00
2016.09.13 13:01:43.313,0.76888,0.76896,1.12,1.00
2016.09.13 13:01:43.819,0.76888,0.76895,1.12,1.00
2016.09.13 13:01:47.703,0.76888,0.76895,1.12,1.00
2016.09.13 13:01:47.754,0.76888,0.76895,1.10,1.00
2016.09.13 13:01:47.856,0.76888,0.76895,1.20,1.00
2016.09.13 13:01:48.138,0.76888,0.76895,1.27,1.00
2016.09.13 13:01:48.189,0.7689,0.76895,1.00,1.00
2016.09.13 13:01:48.496,0.7689,0.76896,1.00,1.00
2016.09.13 13:01:48.649,0.7689,0.76898,1.00,1.00
2016.09.13 13:01:48.864,0.7689,0.76899,1.87,1.00
2016.09.13 13:01:48.916,0.76891,0.76898,2.17,1.00
2016.09.13 13:01:48.967,0.76891,0.76898,2.85,1.00
2016.09.13 13:01:49.070,0.76891,0.76898,3.22,1.00
2016.09.13 13:01:49.121,0.76891,0.76898,3.97,1.00
2016.09.13 13:01:49.378,0.76893,0.76899,1.00,1.00
2016.09.13 13:01:49.928,0.76893,0.769,1.00,1.00
2016.09.13 13:01:51.330,0.76893,0.769,1.00,1.00
2016.09.13 13:01:52.143,0.76893,0.76901,1.00,1.00
2016.09.13 13:01:52.194,0.76894,0.76901,1.00,1.00
2016.09.13 13:01:52.398,0.76895,0.76902,1.10,1.00
2016.09.13 13:01:52.449,0.76895,0.76902,1.20,1.00
2016.09.13 13:01:53.274,0.76894,0.76902,2.70,1.00
2016.09.13 13:01:55.540,0.76894,0.76901,2.70,1.00
2016.09.13 13:01:55.591,0.76894,0.76901,2.40,1.00
2016.09.13 13:01:55.854,0.76894,0.76901,1.65,1.00
2016.09.13 13:01:56.793,0.76895,0.76901,1.00,1.00
2016.09.13 13:01:57.139,0.76895,0.76901,1.00,1.00
2016.09.13 13:01:57.191,0.76895,0.76901,1.12,1.00
2016.09.13 13:01:57.702,0.76896,0.76901,1.00,1.00
2016.09.13 13:01:58.030,0.76895,0.76901,1.12,1.00
2016.09.13 13:01:58.313,0.76895,0.76904,1.12,1.00
2016.09.13 13:01:58.364,0.76899,0.76903,1.00,1.00
2016.09.13 13:01:58.466,0.76897,0.76904,1.12,1.00
2016.09.13 13:01:58.723,0.76896,0.76904,1.00,1.50
2016.09.13 13:01:58.927,0.76896,0.76903,1.00,1.00
2016.09.13 13:01:59.080,0.76896,0.76903,1.00,1.00
2016.09.13 13:01:59.406,0.76896,0.76903,1.00,1.00
2016.09.13 13:02:00.007,0.76896,0.76902,1.00,1.00
2016.09.13 13:02:00.212,0.76894,0.76902,1.72,1.00
2016.09.13 13:02:00.396,0.76893,0.76902,2.29,1.00
2016.09.13 13:02:00.454,0.76893,0.76902,2.81,1.00
2016.09.13 13:02:00.505,0.76895,0.76902,1.00,1.00
2016.09.13 13:02:00.557,0.76895,0.76902,1.25,1.00
2016.09.13 13:02:01.563,0.76895,0.76902,1.31,1.00
2016.09.13 13:02:01.614,0.76895,0.76902,1.91,1.00
2016.09.13 13:02:01.870,0.76895,0.76903,1.54,1.00
2016.09.13 13:02:02.159,0.76895,0.76903,1.25,1.00
2016.09.13 13:02:03.467,0.76895,0.76903,1.25,1.00
2016.09.13 13:02:03.518,0.76895,0.76902,1.00,1.00
2016.09.13 13:02:04.830,0.76895,0.76901,1.00,1.00
2016.09.13 13:02:04.932,0.76893,0.769,1.10,1.00
2016.09.13 13:02:04.984,0.76893,0.769,1.00,1.00
2016.09.13 13:02:05.136,0.76893,0.769,1.00,1.00
2016.09.13 13:02:05.585,0.76893,0.769,1.00,1.00
2016.09.13 13:02:05.795,0.76894,0.769,1.00,1.00
2016.09.13 13:02:05.998,0.76894,0.769,1.12,1.00
2016.09.13 13:02:06.100,0.76894,0.769,1.12,1.00
2016.09.13 13:02:06.405,0.76894,0.769,1.12,1.00
2016.09.13 13:02:07.236,0.76893,0.769,1.37,1.00
2016.09.13 13:02:07.287,0.76893,0.769,1.00,1.00
2016.09.13 13:02:07.440,0.76893,0.769,1.00,1.00
2016.09.13 13:02:08.162,0.76893,0.769,1.00,1.00
2016.09.13 13:02:08.464,0.76893,0.769,1.00,1.00
2016.09.13 13:02:08.515,0.76892,0.76899,1.00,1.00
2016.09.13 13:02:08.790,0.76892,0.76899,1.00,1.00
2016.09.13 13:02:09.302,0.76889,0.76894,1.39,1.00
2016.09.13 13:02:09.354,0.76888,0.76894,1.87,1.00
2016.09.13 13:02:09.405,0.76887,0.76894,1.37,1.00
2016.09.13 13:02:09.457,0.76886,0.76894,2.62,1.00
2016.09.13 13:02:09.599,0.76886,0.76894,2.44,1.00
2016.09.13 13:02:09.667,0.76888,0.76896,1.54,1.50
2016.09.13 13:02:09.720,0.76888,0.76896,1.91,1.50
2016.09.13 13:02:09.823,0.76888,0.76896,2.66,1.50
2016.09.13 13:02:09.874,0.76888,0.76896,2.66,1.00
2016.09.13 13:02:09.925,0.76891,0.76898,1.00,1.50
2016.09.13 13:02:09.976,0.76891,0.76898,1.00,1.37
2016.09.13 13:02:10.028,0.76891,0.76898,1.00,1.00
2016.09.13 13:02:10.130,0.76891,0.76896,1.00,1.00
2016.09.13 13:02:10.314,0.76888,0.76895,1.87,1.00
2016.09.13 13:02:10.419,0.76888,0.76895,1.00,1.00
2016.09.13 13:02:10.470,0.76887,0.76897,3.26,1.00
2016.09.13 13:02:10.522,0.76889,0.76897,1.00,1.00
2016.09.13 13:02:11.079,0.76889,0.76897,1.00,1.00
2016.09.13 13:02:11.259,0.76887,0.76897,3.19,1.00
2016.09.13 13:02:11.311,0.76887,0.76894,1.50,1.00
2016.09.13 13:02:11.365,0.76886,0.76893,1.69,1.00
2016.09.13 13:02:11.416,0.76886,0.76894,1.12,1.00
2016.09.13 13:02:11.519,0.76885,0.76893,1.62,1.00
2016.09.13 13:02:11.656,0.76883,0.76893,4.61,1.00
2016.09.13 13:02:11.708,0.76885,0.76894,1.25,1.00
2016.09.13 13:02:11.867,0.76886,0.76894,1.20,1.00
2016.09.13 13:02:11.921,0.76886,0.76894,1.65,1.00
2016.09.13 13:02:11.972,0.76886,0.76894,2.32,1.00
2016.09.13 13:02:12.024,0.76886,0.76894,2.70,1.00
2016.09.13 13:02:12.134,0.76886,0.76894,1.95,1.00
2016.09.13 13:02:12.185,0.76886,0.76894,1.20,1.00
2016.09.13 13:02:12.289,0.76886,0.76893,1.45,1.00
2016.09.13 13:02:12.340,0.76886,0.76893,1.12,1.00
2016.09.13 13:02:12.392,0.76885,0.76891,1.85,1.00
2016.09.13 13:02:12.539,0.76885,0.76891,1.12,1.00
2016.09.13 13:02:12.593,0.76884,0.76891,1.37,1.00
2016.09.13 13:02:12.645,0.76884,0.76891,1.00,1.00
2016.09.13 13:02:12.747,0.76883,0.76891,1.10,1.00
2016.09.13 13:02:13.298,0.76883,0.76891,1.00,1.00
2016.09.13 13:02:13.350,0.76882,0.7689,1.00,1.00
2016.09.13 13:02:14.513,0.76881,0.7689,1.95,1.00
2016.09.13 13:02:14.717,0.76881,0.76889,2.70,1.00
2016.09.13 13:02:15.095,0.76882,0.7689,1.00,1.00
2016.09.13 13:02:15.497,0.76881,0.7689,2.70,1.00
2016.09.13 13:02:15.548,0.76881,0.76891,2.32,1.00
2016.09.13 13:02:15.599,0.76881,0.76891,2.62,1.00
2016.09.13 13:02:15.651,0.76882,0.76891,1.10,1.00
2016.09.13 13:02:15.832,0.76883,0.76892,1.50,1.00
2016.09.13 13:02:15.884,0.76883,0.76892,2.25,1.00
2016.09.13 13:02:15.935,0.76883,0.76892,2.62,1.00
2016.09.13 13:02:16.139,0.76884,0.76892,1.00,1.00
2016.09.13 13:02:16.190,0.76884,0.76891,1.50,1.00
2016.09.13 13:02:16.292,0.76884,0.76893,1.00,1.00
2016.09.13 13:02:16.343,0.76884,0.76893,1.37,1.00
2016.09.13 13:02:16.394,0.76884,0.76893,1.87,1.00
2016.09.13 13:02:16.598,0.76884,0.76893,2.25,1.00
2016.09.13 13:02:16.649,0.76884,0.76893,1.87,1.00
2016.09.13 13:02:16.857,0.76885,0.76893,1.12,1.00
2016.09.13 13:02:16.966,0.76884,0.76894,3.37,1.00
2016.09.13 13:02:17.017,0.76884,0.76893,2.06,1.00
2016.09.13 13:02:17.181,0.76884,0.76893,1.50,1.00
2016.09.13 13:02:17.286,0.76884,0.76892,1.50,1.00
2016.09.13 13:02:17.337,0.76884,0.76892,1.00,1.00
2016.09.13 13:02:17.388,0.76883,0.76892,2.06,1.00
2016.09.13 13:02:17.440,0.76884,0.76892,1.00,1.00
2016.09.13 13:02:18.055,0.76883,0.76892,2.06,1.00
2016.09.13 13:02:18.107,0.76883,0.76891,1.87,1.00
2016.09.13 13:02:18.158,0.76884,0.76892,1.00,1.00
2016.09.13 13:02:18.468,0.76883,0.76892,1.87,1.00
2016.09.13 13:02:18.864,0.76883,0.76893,1.87,1.57
2016.09.13 13:02:18.915,0.76883,0.76893,2.06,1.20
2016.09.13 13:02:18.967,0.76883,0.76893,2.06,1.12
2016.09.13 13:02:19.068,0.76884,0.76891,1.69,1.00
2016.09.13 13:02:19.276,0.76884,0.76892,1.25,1.00
2016.09.13 13:02:19.978,0.76884,0.76892,1.69,1.00
2016.09.13 13:02:20.521,0.76884,0.76893,1.25,1.00
2016.09.13 13:02:20.623,0.76884,0.76893,1.69,1.00
2016.09.13 13:02:20.978,0.76883,0.76891,3.75,1.00
2016.09.13 13:02:21.029,0.76883,0.76891,1.00,1.00
2016.09.13 13:02:21.081,0.76883,0.76891,1.00,1.10
2016.09.13 13:02:21.132,0.76882,0.76891,1.00,1.10
2016.09.13 13:02:21.234,0.76882,0.7689,1.00,1.00
2016.09.13 13:02:21.336,0.76881,0.7689,1.00,1.00
2016.09.13 13:02:21.641,0.7688,0.7689,1.87,1.00
2016.09.13 13:02:21.692,0.7688,0.7689,1.50,1.00
2016.09.13 13:02:22.081,0.7688,0.7689,1.87,1.00
2016.09.13 13:02:22.478,0.7688,0.7689,1.50,1.00
2016.09.13 13:02:22.899,0.7688,0.76888,1.50,1.00
2016.09.13 13:02:23.157,0.7688,0.76888,1.00,1.00
2016.09.13 13:02:23.208,0.76879,0.76888,2.32,1.00
2016.09.13 13:02:23.414,0.76879,0.76888,2.25,1.00
2016.09.13 13:02:23.518,0.76879,0.76888,1.50,1.00
2016.09.13 13:02:24.025,0.76879,0.76888,1.00,1.00
2016.09.13 13:02:24.077,0.76882,0.7689,1.00,1.12
2016.09.13 13:02:24.128,0.76883,0.76891,1.00,1.57
2016.09.13 13:02:24.179,0.76885,0.76892,1.10,1.95
2016.09.13 13:02:24.230,0.76885,0.76895,1.10,2.62
2016.09.13 13:02:24.281,0.76886,0.76895,1.10,1.87
2016.09.13 13:02:24.332,0.76887,0.76896,1.00,1.12
2016.09.13 13:02:24.531,0.76887,0.76897,1.20,1.00
2016.09.13 13:02:24.583,0.76886,0.76894,1.45,1.00
2016.09.13 13:02:24.634,0.76886,0.76894,1.20,1.00
2016.09.13 13:02:24.685,0.76886,0.76894,1.10,1.00
2016.09.13 13:02:24.738,0.76885,0.76894,1.20,1.00
2016.09.13 13:02:24.789,0.76885,0.76894,1.12,1.00
2016.09.13 13:02:25.678,0.76886,0.76894,1.00,1.00
2016.09.13 13:02:26.237,0.76886,0.76895,1.00,1.00
2016.09.13 13:02:27.211,0.76886,0.76894,1.00,1.00
2016.09.13 13:02:27.618,0.76885,0.76894,1.50,1.00
2016.09.13 13:02:27.669,0.76885,0.76894,1.00,1.00
2016.09.13 13:02:27.720,0.76883,0.76892,2.32,1.00
2016.09.13 13:02:27.771,0.76883,0.76891,1.57,1.00
2016.09.13 13:02:27.822,0.76882,0.7689,1.37,1.00
2016.09.13 13:02:27.977,0.76881,0.7689,1.57,1.50
2016.09.13 13:02:28.028,0.76881,0.7689,1.00,1.00
2016.09.13 13:02:28.181,0.76881,0.76891,1.00,1.12
2016.09.13 13:02:29.078,0.76881,0.76891,1.50,1.87
2016.09.13 13:02:29.234,0.76881,0.76891,1.50,1.50
2016.09.13 13:02:29.462,0.76881,0.76891,1.50,2.25
2016.09.13 13:02:29.513,0.76881,0.76889,1.00,1.00
2016.09.13 13:02:29.564,0.7688,0.76889,1.35,1.00
2016.09.13 13:02:29.667,0.76879,0.76889,3.60,1.87
2016.09.13 13:02:29.718,0.76879,0.76889,1.50,2.25
2016.09.13 13:02:29.769,0.76879,0.76888,1.00,1.00
2016.09.13 13:02:30.360,0.7688,0.76887,1.00,1.00
2016.09.13 13:02:30.462,0.76883,0.76889,1.50,1.50
2016.09.13 13:02:30.513,0.76883,0.76892,1.12,6.00
2016.09.13 13:02:30.564,0.76883,0.76892,1.20,3.00
2016.09.13 13:02:30.738,0.76885,0.76892,1.20,1.37
2016.09.13 13:02:30.790,0.76886,0.76894,1.12,1.00
2016.09.13 13:02:30.842,0.76886,0.76894,1.20,1.00
2016.09.13 13:02:30.995,0.76887,0.76894,1.10,1.00
2016.09.13 13:02:31.330,0.76887,0.76896,1.10,2.06
2016.09.13 13:02:31.723,0.76887,0.76895,1.10,1.00
2016.09.13 13:02:31.774,0.76887,0.76895,1.10,1.50
2016.09.13 13:02:31.825,0.76887,0.76895,1.57,1.50
2016.09.13 13:02:31.877,0.76887,0.76895,1.10,1.00
2016.09.13 13:02:32.036,0.76887,0.76897,1.10,1.19
2016.09.13 13:02:32.115,0.76887,0.76897,2.25,1.19
2016.09.13 13:02:32.167,0.76887,0.76897,3.00,1.19
2016.09.13 13:02:32.321,0.76887,0.76896,2.25,1.25
2016.09.13 13:02:32.488,0.76885,0.76894,1.87,1.00
2016.09.13 13:02:32.540,0.76885,0.76894,1.00,1.87
2016.09.13 13:02:32.592,0.76885,0.76893,1.00,1.10
2016.09.13 13:02:32.644,0.76884,0.76892,1.12,1.00
2016.09.13 13:02:32.695,0.76883,0.76894,2.62,1.57
2016.09.13 13:02:32.747,0.76884,0.76894,1.00,1.57
2016.09.13 13:02:32.850,0.76884,0.76894,1.00,1.10
2016.09.13 13:02:33.221,0.76884,0.76894,1.87,1.00
2016.09.13 13:02:33.592,0.76884,0.76894,1.12,1.00
2016.09.13 13:02:35.184,0.76885,0.76894,1.00,1.00
2016.09.13 13:02:35.235,0.76885,0.76894,1.12,1.00
2016.09.13 13:02:35.289,0.76885,0.76895,1.57,1.50
2016.09.13 13:02:35.341,0.76885,0.76895,1.47,2.62
2016.09.13 13:02:35.392,0.76885,0.76895,1.57,1.87
2016.09.13 13:02:35.444,0.76885,0.76895,1.57,1.00
2016.09.13 13:02:35.495,0.76885,0.76895,1.50,1.50
2016.09.13 13:02:35.547,0.76885,0.76895,1.00,1.50
2016.09.13 13:02:35.867,0.76885,0.76895,1.50,1.50
2016.09.13 13:02:35.918,0.76885,0.76895,1.50,1.00
2016.09.13 13:02:35.969,0.76885,0.76895,1.95,1.00
2016.09.13 13:02:36.628,0.76885,0.76895,1.87,1.00
2016.09.13 13:02:36.823,0.76885,0.76895,1.50,1.50
2016.09.13 13:02:36.875,0.76885,0.76895,1.00,1.50
2016.09.13 13:02:37.253,0.76885,0.76895,1.00,1.00
2016.09.13 13:02:37.763,0.76885,0.76895,1.10,1.12
2016.09.13 13:02:37.814,0.76884,0.76894,1.65,1.00
2016.09.13 13:02:37.866,0.76884,0.76894,1.10,1.00
2016.09.13 13:02:37.917,0.76884,0.76894,1.10,1.50
2016.09.13 13:02:38.256,0.76884,0.76894,1.10,2.25
2016.09.13 13:02:38.957,0.76883,0.76893,2.32,1.00
2016.09.13 13:02:39.008,0.76883,0.76893,1.95,1.50
2016.09.13 13:02:39.110,0.76884,0.76891,1.10,1.00
2016.09.13 13:02:39.161,0.76884,0.76891,1.57,1.00
2016.09.13 13:02:39.263,0.76884,0.76891,1.50,1.00
2016.09.13 13:02:39.366,0.76884,0.76891,1.00,1.00
2016.09.13 13:02:40.194,0.76884,0.76891,1.50,1.00
2016.09.13 13:02:40.561,0.76884,0.76891,1.00,1.00
2016.09.13 13:02:41.058,0.76883,0.76891,1.12,1.50
2016.09.13 13:02:41.109,0.76883,0.76889,1.12,1.00
2016.09.13 13:02:41.160,0.76881,0.76889,2.25,1.00
2016.09.13 13:02:41.263,0.76881,0.76889,1.87,1.00
2016.09.13 13:02:41.416,0.76881,0.76889,1.00,1.00
2016.09.13 13:02:41.687,0.76881,0.76888,1.50,1.00
2016.09.13 13:02:41.790,0.76881,0.7689,1.00,1.00
2016.09.13 13:02:42.059,0.76881,0.76891,1.50,1.87
2016.09.13 13:02:42.130,0.76881,0.76891,1.50,1.50
2016.09.13 13:02:42.181,0.76882,0.76891,1.00,1.00
2016.09.13 13:02:42.233,0.76883,0.76892,1.00,3.56
2016.09.13 13:02:42.284,0.76883,0.76892,1.00,2.81
2016.09.13 13:02:42.475,0.76883,0.76892,1.00,2.44
2016.09.13 13:02:42.526,0.76885,0.76892,1.00,2.06
2016.09.13 13:02:42.578,0.76885,0.76892,1.00,1.31
2016.09.13 13:02:42.629,0.76883,0.76893,1.50,2.81
2016.09.13 13:02:42.731,0.76883,0.76893,1.50,3.19
2016.09.13 13:02:42.782,0.76883,0.76892,1.00,1.62
2016.09.13 13:02:42.833,0.76882,0.76891,1.87,1.50
2016.09.13 13:02:42.884,0.76882,0.76891,1.50,1.87
2016.09.13 13:02:42.936,0.76882,0.76891,1.00,1.50
2016.09.13 13:02:43.089,0.76882,0.76891,1.00,1.12
2016.09.13 13:02:43.858,0.76882,0.76891,1.50,1.12
2016.09.13 13:02:43.911,0.76883,0.76891,1.00,1.12
2016.09.13 13:02:43.962,0.76883,0.76892,1.57,1.69
2016.09.13 13:02:44.103,0.76885,0.76892,1.00,1.50
2016.09.13 13:02:44.155,0.76885,0.76894,1.00,1.87
2016.09.13 13:02:44.207,0.76885,0.76894,1.50,1.50
2016.09.13 13:02:44.309,0.76885,0.76894,1.00,1.87
2016.09.13 13:02:44.513,0.76885,0.76894,1.00,2.25
2016.09.13 13:02:44.565,0.76885,0.76893,1.00,1.00
2016.09.13 13:02:44.819,0.76885,0.76893,1.00,1.12
2016.09.13 13:02:45.140,0.76886,0.76894,1.00,1.37
2016.09.13 13:02:45.192,0.76886,0.76895,1.50,1.00
2016.09.13 13:02:45.243,0.76886,0.76896,2.25,2.25
2016.09.13 13:02:45.295,0.76886,0.76896,2.62,1.50
2016.09.13 13:02:45.347,0.76887,0.76896,1.00,1.00
2016.09.13 13:02:45.398,0.76888,0.76896,1.00,1.12
2016.09.13 13:02:45.450,0.76888,0.76896,1.00,1.00
2016.09.13 13:02:45.657,0.76889,0.76896,1.00,1.00
2016.09.13 13:02:45.843,0.76889,0.76897,1.00,1.00
2016.09.13 13:02:45.895,0.76889,0.76899,1.12,3.00
2016.09.13 13:02:45.998,0.76889,0.76899,1.87,2.25
2016.09.13 13:02:46.254,0.76889,0.76899,1.87,1.12
2016.09.13 13:02:46.792,0.76889,0.76899,1.12,1.12
2016.09.13 13:02:46.898,0.76889,0.76899,1.87,1.87
2016.09.13 13:02:48.187,0.76891,0.76899,1.00,1.12
2016.09.13 13:02:48.442,0.76891,0.76899,1.00,1.00
2016.09.13 13:02:49.090,0.76891,0.76899,1.50,1.00
2016.09.13 13:02:49.142,0.76891,0.76901,1.50,2.62
2016.09.13 13:02:49.193,0.76891,0.76899,1.50,1.00
2016.09.13 13:02:49.295,0.76891,0.76901,1.50,3.00
2016.09.13 13:02:49.529,0.76891,0.76901,1.50,2.62
2016.09.13 13:02:49.696,0.76891,0.76901,1.95,2.62
2016.09.13 13:02:50.200,0.76891,0.769,1.95,1.37
2016.09.13 13:02:50.304,0.76891,0.769,1.95,1.12
2016.09.13 13:02:50.930,0.76891,0.76901,1.95,2.62
2016.09.13 13:02:51.308,0.76893,0.76899,1.00,1.00
2016.09.13 13:02:51.359,0.76893,0.76901,1.00,2.62
2016.09.13 13:02:51.478,0.76893,0.769,1.00,1.50
2016.09.13 13:02:51.529,0.76891,0.769,1.57,1.50
2016.09.13 13:02:51.668,0.76891,0.769,1.57,2.25
2016.09.13 13:02:51.719,0.7689,0.76899,1.20,1.12
2016.09.13 13:02:52.410,0.7689,0.76899,1.20,1.37
2016.09.13 13:02:52.461,0.7689,0.76898,1.20,1.00
2016.09.13 13:02:52.721,0.7689,0.76898,1.95,1.00
2016.09.13 13:02:52.816,0.7689,0.769,1.95,3.00
2016.09.13 13:02:53.162,0.7689,0.769,1.95,2.25
2016.09.13 13:02:53.214,0.7689,0.769,1.95,3.37
2016.09.13 13:02:53.316,0.7689,0.769,1.95,2.25
2016.09.13 13:02:53.367,0.7689,0.76898,1.95,1.00
2016.09.13 13:02:53.418,0.7689,0.769,1.95,2.62
2016.09.13 13:02:53.896,0.76891,0.769,1.10,1.87
2016.09.13 13:02:53.947,0.76891,0.76899,1.10,1.00
2016.09.13 13:02:54.049,0.76891,0.769,1.10,2.62
2016.09.13 13:02:54.303,0.76891,0.769,1.00,2.62
2016.09.13 13:02:54.744,0.76892,0.769,1.00,1.87
2016.09.13 13:02:54.796,0.76892,0.769,1.50,1.87
2016.09.13 13:02:54.847,0.76892,0.769,1.50,1.50
2016.09.13 13:02:55.941,0.76892,0.769,1.00,1.50
2016.09.13 13:02:57.009,0.76893,0.76901,1.00,1.87
2016.09.13 13:02:57.113,0.76893,0.76901,1.00,1.87
2016.09.13 13:02:57.344,0.76893,0.76902,1.50,2.70
2016.09.13 13:02:57.395,0.76893,0.76902,1.57,2.25
2016.09.13 13:02:57.584,0.76894,0.76903,1.00,2.62
2016.09.13 13:02:57.635,0.76894,0.76903,1.00,1.87
2016.09.13 13:02:58.313,0.76894,0.76903,1.00,2.62
2016.09.13 13:02:58.814,0.76894,0.76902,1.00,1.50
2016.09.13 13:02:59.140,0.76894,0.76902,1.00,1.12
2016.09.13 13:02:59.315,0.76894,0.76902,1.00,1.12
2016.09.13 13:02:59.593,0.76894,0.76902,1.00,1.00
2016.09.13 13:03:00.120,0.76895,0.76902,1.00,1.00
2016.09.13 13:03:00.450,0.76897,0.76905,1.00,2.89
2016.09.13 13:03:00.503,0.76897,0.76904,1.00,1.12
2016.09.13 13:03:00.656,0.76897,0.76904,1.00,1.00
2016.09.13 13:03:00.809,0.76897,0.76905,1.00,2.62
2016.09.13 13:03:00.861,0.76895,0.76905,1.00,1.87
2016.09.13 13:03:00.912,0.76893,0.76903,2.25,1.50
2016.09.13 13:03:00.964,0.76894,0.76903,1.00,1.50
2016.09.13 13:03:01.066,0.76894,0.76903,1.00,2.25
2016.09.13 13:03:01.251,0.76894,0.76901,1.00,1.00
2016.09.13 13:03:01.303,0.76894,0.76901,1.00,1.12
2016.09.13 13:03:01.354,0.76894,0.76901,1.00,1.50
2016.09.13 13:03:01.405,0.76894,0.76901,1.00,1.12
2016.09.13 13:03:02.041,0.76896,0.76901,1.00,1.12
2016.09.13 13:03:02.148,0.76896,0.76904,1.00,1.09
2016.09.13 13:03:02.306,0.76896,0.76905,1.00,2.44
2016.09.13 13:03:02.357,0.76897,0.76905,1.00,1.31
2016.09.13 13:03:02.663,0.76898,0.76904,1.00,1.25
2016.09.13 13:03:02.714,0.76896,0.76904,1.00,1.25
2016.09.13 13:03:02.765,0.76895,0.76904,1.00,2.44
2016.09.13 13:03:02.816,0.76895,0.76904,1.00,3.56
2016.09.13 13:03:02.867,0.76894,0.76903,1.50,1.75
2016.09.13 13:03:03.351,0.76894,0.76902,1.50,1.50
2016.09.13 13:03:04.168,0.76894,0.76902,1.50,1.50
2016.09.13 13:03:04.455,0.76894,0.76902,1.50,1.50
2016.09.13 13:03:04.609,0.76894,0.76902,1.00,1.50
2016.09.13 13:03:04.914,0.76893,0.76902,1.50,2.25
2016.09.13 13:03:05.016,0.76893,0.769,1.00,1.00
2016.09.13 13:03:05.067,0.76893,0.769,1.00,1.12
2016.09.13 13:03:05.170,0.76891,0.769,1.10,1.12
2016.09.13 13:03:05.221,0.7689,0.769,1.95,2.25
2016.09.13 13:03:05.272,0.76891,0.769,1.10,1.50
2016.09.13 13:03:05.323,0.76892,0.76901,1.50,2.25
2016.09.13 13:03:05.375,0.76892,0.769,1.50,1.87
2016.09.13 13:03:05.602,0.76892,0.769,1.50,1.50
2016.09.13 13:03:05.706,0.76893,0.76901,1.00,1.37
2016.09.13 13:03:05.758,0.76894,0.76902,1.00,1.50
2016.09.13 13:03:05.809,0.76894,0.76902,1.00,1.37
2016.09.13 13:03:05.861,0.76894,0.76902,1.00,1.00
2016.09.13 13:03:06.116,0.76893,0.76903,1.50,2.44
2016.09.13 13:03:06.760,0.76894,0.76903,1.00,2.44
2016.09.13 13:03:07.560,0.76894,0.76903,1.00,2.06
2016.09.13 13:03:07.611,0.76893,0.76902,1.00,1.12
2016.09.13 13:03:07.662,0.76893,0.76902,1.00,1.00
2016.09.13 13:03:07.944,0.76893,0.76902,1.00,1.50
2016.09.13 13:03:08.300,0.76893,0.76902,1.00,1.37
2016.09.13 13:03:08.351,0.76894,0.76902,1.50,1.12
2016.09.13 13:03:08.453,0.76894,0.76902,1.00,1.12
2016.09.13 13:03:08.950,0.76893,0.76901,1.50,1.00
2016.09.13 13:03:09.002,0.76893,0.76901,1.00,1.00
2016.09.13 13:03:10.038,0.76891,0.76898,1.87,1.50
2016.09.13 13:03:10.091,0.76891,0.76897,1.00,1.12
2016.09.13 13:03:10.142,0.76889,0.76895,1.75,1.00
2016.09.13 13:03:10.194,0.76889,0.76896,1.37,1.00
2016.09.13 13:03:10.253,0.76886,0.76896,1.87,1.12
2016.09.13 13:03:10.304,0.76886,0.76896,1.87,1.50
2016.09.13 13:03:10.356,0.76886,0.76896,1.50,1.87
2016.09.13 13:03:10.409,0.76886,0.76895,1.00,1.10
2016.09.13 13:03:10.460,0.76886,0.76894,1.00,1.00
2016.09.13 13:03:10.657,0.76886,0.76894,1.00,1.00
2016.09.13 13:03:10.709,0.76886,0.76894,1.00,1.10
2016.09.13 13:03:10.760,0.76884,0.76894,1.50,1.10
2016.09.13 13:03:10.811,0.76884,0.76893,1.00,1.00
2016.09.13 13:03:10.863,0.76884,0.76893,1.00,1.00
2016.09.13 13:03:11.838,0.76886,0.76893,1.00,1.00
2016.09.13 13:03:13.943,0.76884,0.76893,1.00,1.00
2016.09.13 13:03:14.469,0.76885,0.76893,1.00,1.00
2016.09.13 13:03:14.572,0.76885,0.76893,1.00,1.00
2016.09.13 13:03:14.856,0.76885,0.76893,1.00,1.50
2016.09.13 13:03:15.359,0.76885,0.76893,1.00,1.00
2016.09.13 13:03:15.847,0.76884,0.76893,1.12,1.00
2016.09.13 13:03:15.949,0.76883,0.76893,1.95,1.00
2016.09.13 13:03:16.000,0.76884,0.76891,1.00,1.00
2016.09.13 13:03:17.963,0.76882,0.76892,1.87,1.00
2016.09.13 13:03:18.066,0.76882,0.7689,1.87,1.00
2016.09.13 13:03:18.219,0.76882,0.76887,1.12,1.00
2016.09.13 13:03:18.270,0.76879,0.76888,1.47,1.00
2016.09.13 13:03:18.321,0.76878,0.76886,2.25,1.00
2016.09.13 13:03:18.372,0.76877,0.76886,1.00,1.00
2016.09.13 13:03:18.601,0.76877,0.76884,1.00,1.00
2016.09.13 13:03:18.671,0.76875,0.76883,2.81,1.00
2016.09.13 13:03:18.723,0.76875,0.76883,1.69,1.00
2016.09.13 13:03:18.774,0.76875,0.76883,1.25,1.00
2016.09.13 13:03:18.825,0.76875,0.76883,1.00,1.00
2016.09.13 13:03:19.233,0.76874,0.76882,2.10,1.00
2016.09.13 13:03:19.410,0.76874,0.76882,1.50,1.00
2016.09.13 13:03:19.462,0.76872,0.76879,1.37,1.00
2016.09.13 13:03:19.564,0.7687,0.76879,1.00,1.00
2016.09.13 13:03:19.616,0.7687,0.76879,1.50,1.00
2016.09.13 13:03:19.668,0.7687,0.7688,3.00,1.12
2016.09.13 13:03:19.770,0.76871,0.7688,1.45,1.00
2016.09.13 13:03:20.260,0.76871,0.7688,1.87,1.00
2016.09.13 13:03:20.311,0.76871,0.76881,1.87,1.50
2016.09.13 13:03:20.362,0.76871,0.76881,2.62,1.00
2016.09.13 13:03:20.413,0.76874,0.76882,1.10,1.12
2016.09.13 13:03:20.465,0.76874,0.76883,2.17,2.25
2016.09.13 13:03:20.516,0.76875,0.76883,1.10,1.00
2016.09.13 13:03:20.567,0.76876,0.76883,1.00,1.00
2016.09.13 13:03:20.750,0.76879,0.76885,1.00,1.37
2016.09.13 13:03:20.807,0.76879,0.76886,1.00,1.12
2016.09.13 13:03:21.011,0.76879,0.76886,1.00,1.00
2016.09.13 13:03:21.574,0.76878,0.76886,1.00,1.00
2016.09.13 13:03:22.595,0.76878,0.76887,1.00,1.00
2016.09.13 13:03:22.748,0.76879,0.76888,1.00,1.00
2016.09.13 13:03:22.799,0.76881,0.76889,1.00,3.37
2016.09.13 13:03:22.850,0.76881,0.76888,1.00,1.00
2016.09.13 13:03:23.212,0.76881,0.76886,1.00,1.00
2016.09.13 13:03:23.670,0.76881,0.76888,1.10,1.00
2016.09.13 13:03:23.772,0.76881,0.76888,1.20,1.00
2016.09.13 13:03:23.874,0.7688,0.76888,2.25,1.00
2016.09.13 13:03:24.105,0.7688,0.76888,1.12,1.50
2016.09.13 13:03:24.157,0.7688,0.76888,1.10,1.50
2016.09.13 13:03:24.759,0.7688,0.76886,1.10,1.00
2016.09.13 13:03:24.861,0.76881,0.76886,1.00,1.00
2016.09.13 13:03:24.969,0.76879,0.76884,1.32,1.00
2016.09.13 13:03:25.113,0.76879,0.76884,1.22,1.00
2016.09.13 13:03:25.165,0.76877,0.76881,1.12,1.00
2016.09.13 13:03:25.216,0.76876,0.7688,1.00,1.00
2016.09.13 13:03:25.267,0.76874,0.7688,1.37,1.00
2016.09.13 13:03:25.318,0.76874,0.76882,1.00,1.00
2016.09.13 13:03:25.370,0.76875,0.76882,1.00,1.00
2016.09.13 13:03:25.421,0.76875,0.76883,1.87,1.00
2016.09.13 13:03:25.472,0.76875,0.76883,3.60,1.00
2016.09.13 13:03:25.526,0.76876,0.76884,1.87,1.00
2016.09.13 13:03:25.710,0.76879,0.76884,1.00,1.00
2016.09.13 13:03:25.762,0.76879,0.76885,1.87,1.00
2016.09.13 13:03:25.813,0.76879,0.76885,2.62,1.00
2016.09.13 13:03:25.864,0.7688,0.76885,1.10,1.00
2016.09.13 13:03:25.967,0.76881,0.7689,1.00,1.12
2016.09.13 13:03:26.018,0.76882,0.7689,1.00,1.12
2016.09.13 13:03:26.069,0.76882,0.76891,1.00,1.87
2016.09.13 13:03:26.120,0.76881,0.7689,1.00,1.12
2016.09.13 13:03:26.275,0.76881,0.7689,1.00,1.00
2016.09.13 13:03:26.639,0.7688,0.76889,1.10,1.50
2016.09.13 13:03:26.691,0.76879,0.76888,1.00,1.50
2016.09.13 13:03:26.896,0.76878,0.76888,1.12,1.50
2016.09.13 13:03:26.947,0.76878,0.76888,1.50,1.50
2016.09.13 13:03:27.534,0.76879,0.76888,1.00,1.50
2016.09.13 13:03:27.737,0.76879,0.76888,1.00,1.00
2016.09.13 13:03:28.029,0.76879,0.76888,1.00,1.50
2016.09.13 13:03:28.081,0.76878,0.76887,1.00,1.12
2016.09.13 13:03:28.132,0.76877,0.76887,1.00,1.50
2016.09.13 13:03:28.183,0.76877,0.76887,1.00,1.87
2016.09.13 13:03:28.235,0.76877,0.76886,1.00,2.25
2016.09.13 13:03:28.286,0.76877,0.76885,1.00,1.12
2016.09.13 13:03:28.338,0.76877,0.76885,1.00,1.87
2016.09.13 13:03:28.390,0.76877,0.76885,1.00,2.25
2016.09.13 13:03:28.441,0.76876,0.76885,1.50,2.62
2016.09.13 13:03:28.493,0.76876,0.76885,1.50,1.12
2016.09.13 13:03:28.652,0.76876,0.76885,1.50,1.50
2016.09.13 13:03:28.704,0.76876,0.76885,1.50,1.87
2016.09.13 13:03:28.806,0.76876,0.76885,1.50,1.87
2016.09.13 13:03:28.882,0.76876,0.76885,1.50,1.50
2016.09.13 13:03:28.984,0.76877,0.76885,1.00,1.50
2016.09.13 13:03:29.036,0.76877,0.76886,1.00,4.12
2016.09.13 13:03:29.139,0.76879,0.76886,1.00,2.62
2016.09.13 13:03:29.190,0.76879,0.76886,1.00,1.50
2016.09.13 13:03:29.507,0.76879,0.76886,1.00,1.00
2016.09.13 13:03:30.605,0.76878,0.76887,1.00,1.31
2016.09.13 13:03:30.838,0.76878,0.76887,1.00,1.31
2016.09.13 13:03:30.940,0.76878,0.76887,1.00,1.25
2016.09.13 13:03:31.093,0.76878,0.76887,1.50,1.69
2016.09.13 13:03:31.144,0.76879,0.76887,1.00,1.69
2016.09.13 13:03:31.294,0.76879,0.76887,1.00,1.12
2016.09.13 13:03:31.346,0.76878,0.76887,1.00,1.00
2016.09.13 13:03:31.397,0.76877,0.76887,1.00,3.37
2016.09.13 13:03:31.449,0.76876,0.76886,1.00,1.87
2016.09.13 13:03:31.551,0.76876,0.76886,1.00,1.50
2016.09.13 13:03:31.678,0.76876,0.76885,1.10,1.87
2016.09.13 13:03:31.970,0.76876,0.76885,1.10,1.00
2016.09.13 13:03:32.229,0.76876,0.76885,1.10,1.00
2016.09.13 13:03:32.281,0.76878,0.76885,1.00,1.00
2016.09.13 13:03:32.332,0.76878,0.76885,1.00,1.12
2016.09.13 13:03:32.435,0.76878,0.76885,1.00,1.00
2016.09.13 13:03:33.491,0.76878,0.76883,1.00,1.00
2016.09.13 13:03:33.647,0.76875,0.76883,2.32,1.00
2016.09.13 13:03:33.698,0.76874,0.76883,1.12,2.25
2016.09.13 13:03:33.750,0.76874,0.76882,1.00,3.00
2016.09.13 13:03:33.801,0.76871,0.76881,1.85,1.20
2016.09.13 13:03:33.852,0.76872,0.76879,1.37,1.00
2016.09.13 13:03:33.903,0.76872,0.76879,1.00,1.00
2016.09.13 13:03:33.954,0.76871,0.7688,1.00,2.25
2016.09.13 13:03:34.005,0.76872,0.7688,1.00,1.50
2016.09.13 13:03:34.156,0.76872,0.7688,1.00,1.12
2016.09.13 13:03:34.208,0.76873,0.76883,1.00,3.75
2016.09.13 13:03:34.261,0.76874,0.76883,1.00,2.62
2016.09.13 13:03:34.363,0.76874,0.76883,1.00,1.00
2016.09.13 13:03:34.414,0.76875,0.76882,1.00,1.00
2016.09.13 13:03:34.516,0.76873,0.76883,1.00,4.50
2016.09.13 13:03:34.619,0.76873,0.76883,1.00,5.25
2016.09.13 13:03:34.721,0.76873,0.76883,1.00,4.50
2016.09.13 13:03:34.949,0.76873,0.76883,1.00,4.87
2016.09.13 13:03:35.001,0.76873,0.76883,1.00,5.25
2016.09.13 13:03:35.560,0.76873,0.76881,1.00,1.87
2016.09.13 13:03:35.774,0.76873,0.76883,1.00,4.87
2016.09.13 13:03:35.825,0.76873,0.76883,1.00,3.00
2016.09.13 13:03:35.877,0.76875,0.76882,1.00,1.00
2016.09.13 13:03:35.930,0.76875,0.76882,1.00,1.00
2016.09.13 13:03:35.982,0.76873,0.76883,1.00,1.00
2016.09.13 13:03:36.033,0.76873,0.76883,1.00,2.25
2016.09.13 13:03:36.085,0.76874,0.76881,1.00,1.00
2016.09.13 13:03:36.137,0.76874,0.76881,1.00,1.12
2016.09.13 13:03:36.417,0.76872,0.76882,1.00,2.25
2016.09.13 13:03:36.469,0.76872,0.76882,1.00,1.50
2016.09.13 13:03:37.725,0.76872,0.76882,1.00,1.50
2016.09.13 13:03:37.827,0.76873,0.76882,1.00,1.50
2016.09.13 13:03:37.878,0.76872,0.76882,1.00,1.87
2016.09.13 13:03:37.929,0.76872,0.76882,1.00,3.75
2016.09.13 13:03:37.980,0.76872,0.76881,1.00,1.10
2016.09.13 13:03:38.175,0.76872,0.76881,1.00,1.95
2016.09.13 13:03:38.665,0.76872,0.76882,1.00,4.57
2016.09.13 13:03:38.869,0.76872,0.7688,1.00,1.12
2016.09.13 13:03:39.180,0.76872,0.7688,1.00,1.00
2016.09.13 13:03:39.810,0.76872,0.7688,1.00,1.50
2016.09.13 13:03:39.965,0.76872,0.7688,1.00,1.87
2016.09.13 13:03:40.068,0.76872,0.7688,1.00,1.50
2016.09.13 13:03:40.565,0.76872,0.7688,1.00,1.87
2016.09.13 13:03:40.832,0.76872,0.7688,1.00,1.12
2016.09.13 13:03:41.039,0.76871,0.7688,1.69,4.50
2016.09.13 13:03:41.093,0.76871,0.76879,1.25,1.00
2016.09.13 13:03:41.145,0.76871,0.7688,1.25,4.12
2016.09.13 13:03:41.198,0.76871,0.76877,1.00,1.87
2016.09.13 13:03:41.443,0.76869,0.76877,1.00,1.87
2016.09.13 13:03:41.572,0.76869,0.76879,1.87,3.00
2016.09.13 13:03:41.624,0.76871,0.76879,1.00,2.70
2016.09.13 13:03:41.676,0.76871,0.76878,1.00,1.87
2016.09.13 13:03:41.854,0.7687,0.76878,1.00,2.62
2016.09.13 13:03:41.920,0.76866,0.76875,2.25,1.87
2016.09.13 13:03:41.972,0.76866,0.76875,1.87,1.87
2016.09.13 13:03:42.023,0.76866,0.76875,1.50,1.87
2016.09.13 13:03:42.075,0.76866,0.76875,1.12,1.87
2016.09.13 13:03:42.127,0.76866,0.76875,1.00,1.00
2016.09.13 13:03:42.230,0.76866,0.76875,1.00,1.00
2016.09.13 13:03:42.443,0.76867,0.76876,1.00,3.75
2016.09.13 13:03:42.509,0.76866,0.76873,1.00,1.87
2016.09.13 13:03:42.611,0.76866,0.76875,1.00,5.25
2016.09.13 13:03:42.663,0.76866,0.76875,1.12,5.25
2016.09.13 13:03:42.715,0.76866,0.76874,1.12,1.00
2016.09.13 13:03:42.767,0.76869,0.76874,1.00,1.00
2016.09.13 13:03:42.818,0.76869,0.76875,1.00,3.75
2016.09.13 13:03:42.869,0.76869,0.76875,1.00,1.87
2016.09.13 13:03:43.124,0.76873,0.76877,1.00,1.87
2016.09.13 13:03:43.175,0.76873,0.76879,1.00,7.12
2016.09.13 13:03:43.227,0.76874,0.76879,1.00,4.50
2016.09.13 13:03:43.278,0.76876,0.7688,1.00,1.50
2016.09.13 13:03:43.380,0.76876,0.7688,1.00,1.00
2016.09.13 13:03:43.492,0.76877,0.76882,1.00,1.00
2016.09.13 13:03:43.649,0.76877,0.76884,1.00,1.87
2016.09.13 13:03:43.700,0.76876,0.76881,1.00,1.87
2016.09.13 13:03:44.194,0.76876,0.76883,1.00,1.87
2016.09.13 13:03:44.464,0.76876,0.76884,1.00,1.87
2016.09.13 13:03:44.618,0.76875,0.76883,1.50,1.87
2016.09.13 13:03:44.671,0.76875,0.76883,1.00,3.75
2016.09.13 13:03:44.722,0.76874,0.76882,1.00,1.87
2016.09.13 13:03:44.774,0.76873,0.76882,1.20,1.87
2016.09.13 13:03:44.826,0.76873,0.7688,1.00,1.87
2016.09.13 13:03:44.877,0.76875,0.7688,1.00,1.87
2016.09.13 13:03:45.100,0.76873,0.7688,1.00,2.25
2016.09.13 13:03:45.152,0.76873,0.7688,1.00,4.12
2016.09.13 13:03:45.357,0.76873,0.7688,1.00,2.25
2016.09.13 13:03:45.408,0.76873,0.76879,1.00,1.87
2016.09.13 13:03:45.459,0.76873,0.76879,1.00,1.87
2016.09.13 13:03:45.561,0.76874,0.76879,1.00,1.87
2016.09.13 13:03:45.664,0.76875,0.76879,1.00,1.87
2016.09.13 13:03:45.905,0.76875,0.76882,1.00,1.87
2016.09.13 13:03:46.060,0.76875,0.76882,1.00,3.75
2016.09.13 13:03:46.213,0.76876,0.7688,1.00,1.87
2016.09.13 13:03:46.264,0.76874,0.7688,1.00,1.87
2016.09.13 13:03:46.316,0.76874,0.76882,1.00,4.12
2016.09.13 13:03:46.368,0.76874,0.76882,1.00,1.87
2016.09.13 13:03:46.687,0.76874,0.76882,1.00,1.87
2016.09.13 13:03:46.739,0.76874,0.76882,1.00,1.87
2016.09.13 13:03:46.843,0.76874,0.76882,1.00,1.87
2016.09.13 13:03:46.946,0.76874,0.76882,1.00,1.00
2016.09.13 13:03:47.048,0.76874,0.76884,1.00,4.12
2016.09.13 13:03:47.099,0.76874,0.76884,1.00,3.37
2016.09.13 13:03:47.423,0.76874,0.76884,1.00,4.50
2016.09.13 13:03:47.557,0.76875,0.76884,1.00,3.75
2016.09.13 13:03:47.659,0.76876,0.76884,1.00,3.75
2016.09.13 13:03:47.710,0.76876,0.76884,1.00,1.87
2016.09.13 13:03:47.863,0.76876,0.76885,1.00,3.45
2016.09.13 13:03:47.914,0.76876,0.76883,1.00,1.12
2016.09.13 13:03:47.965,0.76876,0.76883,1.00,1.00
2016.09.13 13:03:48.067,0.76876,0.76883,1.00,1.12
2016.09.13 13:03:48.118,0.76876,0.76883,1.00,2.81
2016.09.13 13:03:48.299,0.76874,0.76882,1.00,1.69
2016.09.13 13:03:48.350,0.76873,0.76882,1.00,2.81
2016.09.13 13:03:49.352,0.76873,0.76882,1.00,2.06
2016.09.13 13:03:49.403,0.76873,0.76881,1.00,1.00
2016.09.13 13:03:49.575,0.76873,0.76882,1.00,1.69
2016.09.13 13:03:49.759,0.76873,0.76882,1.00,2.06
2016.09.13 13:03:49.861,0.76873,0.76882,1.00,3.19
2016.09.13 13:03:49.963,0.76876,0.76882,1.00,2.06
2016.09.13 13:03:50.014,0.76876,0.76882,1.00,1.37
2016.09.13 13:03:50.181,0.76876,0.76883,1.00,1.20
2016.09.13 13:03:50.232,0.76875,0.76883,1.00,1.00
2016.09.13 13:03:50.283,0.76875,0.76883,1.00,1.87
2016.09.13 13:03:50.334,0.76873,0.76883,1.00,3.37
2016.09.13 13:03:50.385,0.76873,0.76882,1.00,1.50
2016.09.13 13:03:50.437,0.76873,0.76882,1.00,3.19
2016.09.13 13:03:50.488,0.76873,0.76882,1.00,3.56
2016.09.13 13:03:50.544,0.76873,0.76882,1.00,2.81
2016.09.13 13:03:50.595,0.76873,0.76882,1.00,2.44
2016.09.13 13:03:50.646,0.76874,0.76882,1.00,1.50
2016.09.13 13:03:50.822,0.76874,0.76882,1.00,1.87
2016.09.13 13:03:50.885,0.76874,0.76882,1.00,1.12
2016.09.13 13:03:50.937,0.76874,0.76882,1.00,1.00
2016.09.13 13:03:50.988,0.76874,0.76884,1.00,3.45
2016.09.13 13:03:51.090,0.76874,0.76884,1.00,2.32
2016.09.13 13:03:51.141,0.76874,0.76884,1.00,1.75
2016.09.13 13:03:51.192,0.76874,0.76883,1.00,1.00
2016.09.13 13:03:51.243,0.76875,0.76885,1.00,4.20
2016.09.13 13:03:51.474,0.76875,0.76885,1.00,3.45
2016.09.13 13:03:51.530,0.76875,0.76885,1.00,2.70
2016.09.13 13:03:51.697,0.76875,0.76885,1.00,1.95
2016.09.13 13:03:52.418,0.76874,0.76884,1.00,1.87
2016.09.13 13:03:52.470,0.76874,0.76884,1.00,3.00
2016.09.13 13:03:52.521,0.76876,0.76883,1.00,1.12
2016.09.13 13:03:52.573,0.76872,0.76882,2.44,1.00
2016.09.13 13:03:52.625,0.76873,0.76882,1.50,1.10
2016.09.13 13:03:52.677,0.76873,0.76882,1.87,3.82
2016.09.13 13:03:52.729,0.76873,0.76881,1.50,1.57
2016.09.13 13:03:52.780,0.76875,0.76881,1.00,1.10
2016.09.13 13:03:52.831,0.76875,0.76883,1.00,3.00
2016.09.13 13:03:53.012,0.76876,0.76884,1.00,1.37
2016.09.13 13:03:53.065,0.76876,0.76884,1.00,1.12
2016.09.13 13:03:53.116,0.76876,0.76884,1.00,1.87
2016.09.13 13:03:53.270,0.76876,0.76884,1.00,1.50
2016.09.13 13:03:53.321,0.76876,0.76884,1.00,1.00
2016.09.13 13:03:54.579,0.76876,0.76884,1.00,1.12
2016.09.13 13:03:54.768,0.76873,0.76882,1.50,1.37
2016.09.13 13:03:54.820,0.76873,0.76882,1.00,1.95
2016.09.13 13:03:54.871,0.76872,0.76881,1.00,2.25
2016.09.13 13:03:54.922,0.76871,0.7688,1.12,1.37
2016.09.13 13:03:54.973,0.7687,0.76879,1.87,2.25
2016.09.13 13:03:55.024,0.7687,0.76879,1.00,2.32
2016.09.13 13:03:55.076,0.7687,0.7688,1.00,3.00
2016.09.13 13:03:55.128,0.7687,0.7688,1.00,3.07
2016.09.13 13:03:55.281,0.7687,0.7688,1.00,2.70
2016.09.13 13:03:55.332,0.7687,0.7688,1.00,2.62
2016.09.13 13:03:55.384,0.7687,0.7688,1.00,2.25
2016.09.13 13:03:55.611,0.7687,0.7688,1.00,1.87
2016.09.13 13:03:55.662,0.7687,0.7688,1.00,1.50
2016.09.13 13:03:55.868,0.76871,0.7688,1.00,1.00
2016.09.13 13:03:55.972,0.76871,0.7688,1.50,1.00
2016.09.13 13:03:56.023,0.76871,0.76881,1.50,1.50
2016.09.13 13:03:56.075,0.76874,0.76881,1.00,1.00
2016.09.13 13:03:56.126,0.76875,0.76883,1.00,1.95
2016.09.13 13:03:56.178,0.76877,0.76884,1.00,1.50
2016.09.13 13:03:56.330,0.76877,0.76884,1.00,1.00
2016.09.13 13:03:56.384,0.76877,0.76885,1.00,2.25
2016.09.13 13:03:56.488,0.76876,0.76885,1.00,3.18
2016.09.13 13:03:56.539,0.76876,0.76885,1.00,2.43
2016.09.13 13:03:56.590,0.76876,0.76885,1.00,4.40
2016.09.13 13:03:56.641,0.76876,0.76884,1.00,1.28
2016.09.13 13:03:56.692,0.76876,0.76884,1.00,1.30
2016.09.13 13:03:56.896,0.76876,0.76884,1.00,1.00
2016.09.13 13:03:57.131,0.76876,0.76884,1.00,1.78
2016.09.13 13:03:57.182,0.76876,0.76884,1.00,2.05
2016.09.13 13:03:57.234,0.76876,0.76884,1.00,2.43
2016.09.13 13:03:57.386,0.76876,0.76884,1.00,1.87
2016.09.13 13:03:57.438,0.76876,0.76884,1.00,1.12
2016.09.13 13:03:57.489,0.76876,0.76884,1.00,1.40
2016.09.13 13:03:57.540,0.76876,0.76884,1.00,2.15
2016.09.13 13:03:57.591,0.76876,0.76884,1.00,2.43
2016.09.13 13:03:57.694,0.76876,0.76884,1.00,2.34
2016.09.13 13:03:57.884,0.76876,0.76883,1.00,1.50
2016.09.13 13:03:57.936,0.76876,0.76883,1.00,1.00
2016.09.13 13:03:58.039,0.76876,0.76884,1.00,1.69
2016.09.13 13:03:58.142,0.76876,0.76884,1.00,1.25
2016.09.13 13:03:58.296,0.76876,0.76884,1.00,1.31
2016.09.13 13:03:58.952,0.76876,0.76885,1.00,1.96
2016.09.13 13:03:59.004,0.76876,0.76885,1.00,4.49
2016.09.13 13:03:59.055,0.76876,0.76885,1.00,5.24
2016.09.13 13:03:59.106,0.76876,0.76884,1.00,1.59
2016.09.13 13:03:59.208,0.76876,0.76884,1.00,1.87
2016.09.13 13:03:59.499,0.76875,0.76884,1.00,1.68
2016.09.13 13:03:59.840,0.76875,0.76885,1.00,8.05
2016.09.13 13:03:59.891,0.76874,0.76884,1.00,1.68
2016.09.13 13:03:59.993,0.76874,0.76884,1.00,1.68
2016.09.13 13:04:00.540,0.76875,0.76885,1.00,8.43
2016.09.13 13:04:00.592,0.76875,0.76885,1.00,8.43
2016.09.13 13:04:00.694,0.76876,0.76885,1.00,8.43
2016.09.13 13:04:00.795,0.76876,0.76885,1.00,5.90
2016.09.13 13:04:01.922,0.76877,0.76885,1.00,5.90
2016.09.13 13:04:01.973,0.76877,0.76885,1.00,4.78
2016.09.13 13:04:02.025,0.76877,0.76885,1.00,3.37
2016.09.13 13:04:02.076,0.76877,0.76885,1.00,3.00
2016.09.13 13:04:02.127,0.76877,0.76885,1.00,1.50
2016.09.13 13:04:02.310,0.76877,0.76885,1.00,1.00
2016.09.13 13:04:02.827,0.76877,0.76886,1.00,1.96
2016.09.13 13:04:02.878,0.76878,0.76886,1.00,1.78
2016.09.13 13:04:02.929,0.76879,0.76887,1.00,2.53
2016.09.13 13:04:02.980,0.76879,0.76887,1.00,2.80
2016.09.13 13:04:03.031,0.76879,0.76887,1.00,2.43
2016.09.13 13:04:03.411,0.76879,0.76887,1.00,2.15
2016.09.13 13:04:03.462,0.76877,0.76887,1.00,2.15
2016.09.13 13:04:03.565,0.76877,0.76887,1.00,2.90
2016.09.13 13:04:03.616,0.76877,0.76886,1.00,2.05
2016.09.13 13:04:03.668,0.76876,0.76886,1.00,2.43
2016.09.13 13:04:03.719,0.76876,0.76886,1.10,1.87
2016.09.13 13:04:03.770,0.76876,0.76886,1.10,3.37
2016.09.13 13:04:03.981,0.76876,0.76886,1.10,2.90
2016.09.13 13:04:04.032,0.76876,0.76886,1.10,2.62
2016.09.13 13:04:04.135,0.76876,0.76886,1.10,3.65
2016.09.13 13:04:04.237,0.76876,0.76886,1.10,2.90
2016.09.13 13:04:04.340,0.76876,0.76886,1.10,2.62
2016.09.13 13:04:04.442,0.76876,0.76886,1.57,2.90
2016.09.13 13:04:04.493,0.76877,0.76886,1.00,2.15
2016.09.13 13:04:04.544,0.76876,0.76885,1.10,1.03
2016.09.13 13:04:04.596,0.76876,0.76884,1.50,1.10
2016.09.13 13:04:04.767,0.76874,0.76883,1.50,1.21
2016.09.13 13:04:04.819,0.76875,0.76883,1.00,2.06
2016.09.13 13:04:04.871,0.76874,0.76882,1.00,1.00
2016.09.13 13:04:04.922,0.76874,0.76882,1.10,1.37
2016.09.13 13:04:04.975,0.76874,0.76884,1.10,4.12
2016.09.13 13:04:05.026,0.76876,0.76884,1.00,1.50
2016.09.13 13:04:05.077,0.76876,0.76884,1.00,1.12
2016.09.13 13:04:05.180,0.76876,0.76885,1.00,2.53
2016.09.13 13:04:05.234,0.76876,0.76886,1.00,4.50
2016.09.13 13:04:05.409,0.76876,0.76883,1.00,1.00
2016.09.13 13:04:05.512,0.76875,0.76885,1.00,3.28
2016.09.13 13:04:05.563,0.76875,0.76884,1.00,3.37
2016.09.13 13:04:05.615,0.76874,0.76883,1.10,1.00
2016.09.13 13:04:05.718,0.76876,0.76884,1.00,2.62
2016.09.13 13:04:05.770,0.76876,0.76884,1.00,1.12
2016.09.13 13:04:05.823,0.76876,0.76884,1.12,1.00
2016.09.13 13:04:05.874,0.76876,0.76884,1.12,1.00
2016.09.13 13:04:06.046,0.76875,0.76884,1.12,1.12
2016.09.13 13:04:06.097,0.76874,0.76884,1.00,2.62
2016.09.13 13:04:06.149,0.76874,0.76884,1.00,2.90
2016.09.13 13:04:06.251,0.76874,0.76884,1.00,2.53
2016.09.13 13:04:06.302,0.76874,0.76884,1.00,1.78
2016.09.13 13:04:06.404,0.76874,0.76884,1.00,2.80
2016.09.13 13:04:06.455,0.76874,0.76883,1.00,1.12
2016.09.13 13:04:06.557,0.76874,0.76884,1.00,1.50
2016.09.13 13:04:06.749,0.76875,0.76884,1.00,1.12
2016.09.13 13:04:06.801,0.76875,0.76884,1.00,1.00
2016.09.13 13:04:06.954,0.76875,0.76884,1.00,1.03
2016.09.13 13:04:07.158,0.76875,0.76884,1.00,1.00
2016.09.13 13:04:07.260,0.76875,0.76884,1.00,1.40
2016.09.13 13:04:07.311,0.76875,0.76884,1.00,1.68
2016.09.13 13:04:07.362,0.76875,0.76884,1.00,1.61
2016.09.13 13:04:07.690,0.76875,0.76884,1.00,1.30
2016.09.13 13:04:08.013,0.76875,0.76884,1.00,1.30
2016.09.13 13:04:08.064,0.76875,0.76884,1.00,1.61
2016.09.13 13:04:08.115,0.76875,0.76884,1.00,1.03
2016.09.13 13:04:08.217,0.76875,0.76884,1.00,1.61
2016.09.13 13:04:08.405,0.76875,0.76885,1.50,1.87
2016.09.13 13:04:08.457,0.76875,0.76885,1.00,1.12
2016.09.13 13:04:08.988,0.76876,0.76885,1.00,1.12
2016.09.13 13:04:09.848,0.76876,0.76885,1.00,1.50
2016.09.13 13:04:10.295,0.76876,0.76885,1.00,1.78
2016.09.13 13:04:10.346,0.76876,0.76885,1.00,2.15
2016.09.13 13:04:10.448,0.76879,0.76885,1.00,1.40
2016.09.13 13:04:10.500,0.76879,0.76885,1.00,1.12
2016.09.13 13:04:10.551,0.76881,0.76887,1.00,1.20
2016.09.13 13:04:10.653,0.76878,0.76886,1.50,1.00
2016.09.13 13:04:10.704,0.76878,0.76884,1.00,1.00
2016.09.13 13:04:10.755,0.76877,0.76882,1.10,1.00
2016.09.13 13:04:10.857,0.76874,0.76882,3.00,1.10
2016.09.13 13:04:11.019,0.76874,0.76881,1.00,1.12
2016.09.13 13:04:11.071,0.76872,0.76881,1.00,1.28
2016.09.13 13:04:11.123,0.76871,0.7688,1.50,2.88
2016.09.13 13:04:11.176,0.76872,0.76879,1.00,1.37
2016.09.13 13:04:11.227,0.76872,0.7688,1.00,2.98
2016.09.13 13:04:11.279,0.76872,0.7688,1.00,2.23
2016.09.13 13:04:11.482,0.76872,0.76879,1.00,1.00
2016.09.13 13:04:11.635,0.76872,0.76879,1.00,1.50
2016.09.13 13:04:11.820,0.76874,0.76879,1.00,1.00
2016.09.13 13:04:11.871,0.76874,0.76882,1.00,4.95
2016.09.13 13:04:11.923,0.76875,0.76882,1.00,4.20
2016.09.13 13:04:11.974,0.76875,0.76883,1.00,3.37
2016.09.13 13:04:12.029,0.76875,0.76883,1.00,3.37
2016.09.13 13:04:12.110,0.76875,0.76883,1.00,1.50
2016.09.13 13:04:12.161,0.76876,0.76883,1.00,1.00
2016.09.13 13:04:12.418,0.76876,0.76883,1.00,1.50
2016.09.13 13:04:12.751,0.76876,0.76883,1.00,1.50
2016.09.13 13:04:13.226,0.76877,0.76883,1.00,1.00
2016.09.13 13:04:13.277,0.76877,0.76883,1.00,1.00
2016.09.13 13:04:13.826,0.76878,0.76883,1.00,1.00
2016.09.13 13:04:15.080,0.76876,0.76883,1.00,1.00
2016.09.13 13:04:15.183,0.76878,0.76883,1.00,1.00
2016.09.13 13:04:15.408,0.76878,0.76885,1.00,1.37
2016.09.13 13:04:15.459,0.76878,0.76885,1.00,1.12
2016.09.13 13:04:15.855,0.76878,0.76885,1.00,1.00
2016.09.13 13:04:16.060,0.76878,0.76885,1.00,1.12
2016.09.13 13:04:16.162,0.76878,0.76885,1.00,1.50
2016.09.13 13:04:16.373,0.76878,0.76885,1.00,2.25
2016.09.13 13:04:16.424,0.76875,0.76882,1.00,1.00
2016.09.13 13:04:16.476,0.76876,0.76882,1.00,2.25
2016.09.13 13:04:16.527,0.76876,0.76882,1.00,1.50
2016.09.13 13:04:16.578,0.76875,0.7688,1.00,1.00
2016.09.13 13:04:16.630,0.76877,0.76881,1.00,1.00
2016.09.13 13:04:16.783,0.76875,0.76882,1.57,1.12
2016.09.13 13:04:16.953,0.76875,0.76882,1.20,1.37
2016.09.13 13:04:17.008,0.76877,0.76881,1.00,1.00
2016.09.13 13:04:17.059,0.76876,0.76883,1.00,1.75
2016.09.13 13:04:17.162,0.76877,0.76885,1.00,2.62
2016.09.13 13:04:17.213,0.76877,0.76884,1.00,1.37
2016.09.13 13:04:17.265,0.76875,0.76884,1.00,1.37
2016.09.13 13:04:17.316,0.76877,0.76885,1.00,4.50
2016.09.13 13:04:17.368,0.76879,0.76885,1.00,1.87
2016.09.13 13:04:17.591,0.76877,0.76884,1.00,1.50
2016.09.13 13:04:17.644,0.76877,0.76884,1.00,1.00
2016.09.13 13:04:17.746,0.76877,0.76884,1.00,1.50
2016.09.13 13:04:17.848,0.76877,0.76884,1.00,1.50
2016.09.13 13:04:17.950,0.76877,0.76884,1.00,1.00
2016.09.13 13:04:18.052,0.76877,0.76884,1.00,1.50
2016.09.13 13:04:18.103,0.76876,0.76882,1.00,1.00
2016.09.13 13:04:18.290,0.76876,0.76882,1.00,1.50
2016.09.13 13:04:18.341,0.76875,0.76882,1.00,2.25
2016.09.13 13:04:18.546,0.76874,0.76881,1.00,1.12
2016.09.13 13:04:18.648,0.76874,0.76882,1.00,2.25
2016.09.13 13:04:19.099,0.76874,0.76881,1.00,1.12
2016.09.13 13:04:19.151,0.76874,0.76882,1.00,2.25
2016.09.13 13:04:19.253,0.76874,0.76881,1.00,1.12
2016.09.13 13:04:19.356,0.76874,0.76882,1.00,1.50
2016.09.13 13:04:19.407,0.76874,0.76882,1.00,1.12
2016.09.13 13:04:20.109,0.76874,0.76882,1.00,1.50
2016.09.13 13:04:20.272,0.76875,0.76882,1.00,1.00
2016.09.13 13:04:20.758,0.76873,0.76882,1.00,1.50
2016.09.13 13:04:20.859,0.76871,0.76881,1.00,1.00
2016.09.13 13:04:21.128,0.76877,0.76882,1.00,1.00
2016.09.13 13:04:21.179,0.76878,0.76883,1.00,1.00
2016.09.13 13:04:21.230,0.76878,0.76883,1.50,1.00
2016.09.13 13:04:21.282,0.76879,0.76883,1.00,1.00
2016.09.13 13:04:21.518,0.76879,0.76886,1.00,2.25
2016.09.13 13:04:21.569,0.76879,0.76888,1.00,1.00
2016.09.13 13:04:21.671,0.76879,0.76888,1.00,1.12
2016.09.13 13:04:21.722,0.76879,0.76889,1.00,2.25
2016.09.13 13:04:21.773,0.76879,0.76889,1.12,1.50
2016.09.13 13:04:21.826,0.7688,0.76889,1.00,1.50
2016.09.13 13:04:21.878,0.7688,0.7689,1.00,3.00
2016.09.13 13:04:21.981,0.7688,0.7689,1.12,2.25
2016.09.13 13:04:22.083,0.7688,0.7689,1.12,1.00
2016.09.13 13:04:22.370,0.7688,0.7689,2.62,1.00
2016.09.13 13:04:22.676,0.76882,0.76889,1.00,1.00
2016.09.13 13:04:23.398,0.76881,0.76889,1.00,1.00
2016.09.13 13:04:23.449,0.76879,0.76889,1.95,1.00
2016.09.13 13:04:23.500,0.76879,0.76889,1.00,1.50
2016.09.13 13:04:23.577,0.76881,0.76888,1.00,1.00
2016.09.13 13:04:23.680,0.76879,0.76889,1.12,1.50
2016.09.13 13:04:23.868,0.76879,0.76889,1.12,1.00
2016.09.13 13:04:24.073,0.76879,0.76889,1.00,1.12
2016.09.13 13:04:24.329,0.76881,0.76889,1.00,1.12
2016.09.13 13:04:25.826,0.76879,0.76889,1.20,1.12
2016.09.13 13:04:25.981,0.76879,0.76889,1.20,1.37
2016.09.13 13:04:26.032,0.76879,0.76889,1.20,1.75
2016.09.13 13:04:26.084,0.76879,0.76889,1.20,2.25
2016.09.13 13:04:26.135,0.76879,0.76887,1.00,1.12
2016.09.13 13:04:26.238,0.76879,0.76888,1.00,1.50
2016.09.13 13:04:26.290,0.76878,0.76888,1.00,2.25
2016.09.13 13:04:26.342,0.7688,0.76887,1.00,1.50
2016.09.13 13:04:26.492,0.7688,0.76887,1.00,2.25
2016.09.13 13:04:26.545,0.7688,0.76889,1.00,3.37
2016.09.13 13:04:26.597,0.7688,0.76889,1.00,1.75
2016.09.13 13:04:26.648,0.76879,0.76886,1.57,1.00
2016.09.13 13:04:26.701,0.7688,0.76887,1.00,1.12
2016.09.13 13:04:26.752,0.76878,0.76886,1.20,1.00
2016.09.13 13:04:26.804,0.76878,0.76887,1.00,1.37
2016.09.13 13:04:26.856,0.76878,0.76885,1.00,1.00
2016.09.13 13:04:26.908,0.76878,0.76885,1.00,1.50
2016.09.13 13:04:27.158,0.76876,0.76884,1.00,1.75
2016.09.13 13:04:27.210,0.76876,0.76883,1.00,1.00
2016.09.13 13:04:28.388,0.76877,0.76883,1.00,1.00
2016.09.13 13:04:28.743,0.76878,0.76887,1.00,2.25
2016.09.13 13:04:28.795,0.76878,0.76887,1.00,3.00
2016.09.13 13:04:28.847,0.76878,0.76887,1.00,2.25
2016.09.13 13:04:28.951,0.76878,0.76886,1.00,1.37
2016.09.13 13:04:29.002,0.76878,0.76886,1.00,1.87
2016.09.13 13:04:29.105,0.76878,0.76886,1.00,2.25
2016.09.13 13:04:29.156,0.76878,0.76885,1.00,1.50
2016.09.13 13:04:29.258,0.76878,0.76885,1.00,1.50
2016.09.13 13:04:29.438,0.76877,0.76884,1.00,3.00
2016.09.13 13:04:29.490,0.76877,0.76884,1.00,1.75
2016.09.13 13:04:29.541,0.76877,0.76884,1.00,1.87
2016.09.13 13:04:29.644,0.76877,0.76884,1.00,1.75
2016.09.13 13:04:29.750,0.76876,0.76881,1.00,1.00
2016.09.13 13:04:29.802,0.76875,0.76881,1.00,1.37
2016.09.13 13:04:29.854,0.76875,0.76881,1.00,1.50
2016.09.13 13:04:30.071,0.76875,0.76882,1.00,1.75
2016.09.13 13:04:30.215,0.76876,0.76881,1.00,1.00
2016.09.13 13:04:30.267,0.76876,0.76882,1.00,1.50
2016.09.13 13:04:30.369,0.76876,0.76883,1.00,1.75
2016.09.13 13:04:30.420,0.76876,0.76883,1.00,1.50
2016.09.13 13:04:30.471,0.76876,0.76882,1.00,1.37
2016.09.13 13:04:30.522,0.76876,0.76881,1.00,1.00
2016.09.13 13:04:30.916,0.76876,0.76881,1.00,1.50
2016.09.13 13:04:31.069,0.76876,0.76883,1.00,1.75
2016.09.13 13:04:31.120,0.76876,0.76881,1.00,1.00
2016.09.13 13:04:31.171,0.76876,0.76881,1.00,1.50
2016.09.13 13:04:31.223,0.76876,0.7688,1.00,1.00
2016.09.13 13:04:31.274,0.76876,0.76881,1.00,1.50
2016.09.13 13:04:31.325,0.76876,0.76881,1.00,1.12
2016.09.13 13:04:31.376,0.76876,0.76882,1.00,1.50
2016.09.13 13:04:31.558,0.76874,0.76882,1.00,1.87
2016.09.13 13:04:31.660,0.76873,0.76883,1.00,2.25
2016.09.13 13:04:31.819,0.76875,0.76882,1.00,1.12
2016.09.13 13:04:31.870,0.76875,0.76884,1.00,2.25
2016.09.13 13:04:32.024,0.76878,0.76884,1.00,1.00
2016.09.13 13:04:32.076,0.7688,0.76885,1.00,1.37
2016.09.13 13:04:32.127,0.76881,0.76886,1.00,1.20
2016.09.13 13:04:32.179,0.76883,0.76888,1.00,1.87
2016.09.13 13:04:32.230,0.76884,0.76889,1.00,1.00
2016.09.13 13:04:32.552,0.76883,0.76892,1.00,2.25
2016.09.13 13:04:32.604,0.76883,0.76892,1.00,3.00
2016.09.13 13:04:32.655,0.76883,0.76892,1.00,2.25
2016.09.13 13:04:32.757,0.76882,0.76892,1.00,3.75
2016.09.13 13:04:32.809,0.76881,0.7689,1.20,1.12
2016.09.13 13:04:32.961,0.76881,0.7689,1.00,1.50
2016.09.13 13:04:33.013,0.76881,0.7689,1.00,1.00
2016.09.13 13:04:33.064,0.76883,0.7689,1.00,1.00
2016.09.13 13:04:33.115,0.76883,0.76891,1.00,1.37
2016.09.13 13:04:33.166,0.76885,0.76892,1.00,1.12
2016.09.13 13:04:33.289,0.76885,0.76892,1.00,1.00
2016.09.13 13:04:33.355,0.76886,0.76894,1.00,1.57
2016.09.13 13:04:33.406,0.76888,0.76894,1.00,1.12
2016.09.13 13:04:33.457,0.76889,0.76895,1.00,1.50
2016.09.13 13:04:33.509,0.7689,0.76897,1.00,3.52
2016.09.13 13:04:33.584,0.76889,0.76897,1.00,1.10
2016.09.13 13:04:33.635,0.76886,0.76893,1.12,1.00
2016.09.13 13:04:33.688,0.76885,0.76891,1.57,1.00
2016.09.13 13:04:33.740,0.76885,0.76891,1.47,1.12
2016.09.13 13:04:33.792,0.76884,0.7689,1.12,1.12
2016.09.13 13:04:33.969,0.76882,0.76889,1.00,1.50
2016.09.13 13:04:34.281,0.76882,0.76889,1.00,2.25
2016.09.13 13:04:34.333,0.76884,0.76889,1.00,1.50
2016.09.13 13:04:34.385,0.76886,0.76891,1.00,1.47
2016.09.13 13:04:34.437,0.76887,0.76891,1.00,1.10
2016.09.13 13:04:34.625,0.76888,0.76898,1.00,1.00
2016.09.13 13:04:34.676,0.76885,0.76894,4.87,1.00
2016.09.13 13:04:34.728,0.76886,0.76893,1.20,1.00
2016.09.13 13:04:34.831,0.76884,0.76892,1.57,1.00
2016.09.13 13:04:34.883,0.76882,0.76891,3.00,1.00
2016.09.13 13:04:34.934,0.76882,0.76891,1.20,1.00
2016.09.13 13:04:34.985,0.76882,0.76891,1.57,1.00
2016.09.13 13:04:35.037,0.76882,0.76892,1.20,1.00
2016.09.13 13:04:35.140,0.76882,0.76892,1.10,1.00
2016.09.13 13:04:35.321,0.7688,0.7689,2.62,1.00
2016.09.13 13:04:35.373,0.7688,0.7689,1.20,1.00
2016.09.13 13:04:35.424,0.7688,0.7689,1.20,1.50
2016.09.13 13:04:35.475,0.76885,0.7689,1.00,1.00
2016.09.13 13:04:35.526,0.76883,0.7689,1.00,1.00
2016.09.13 13:04:35.577,0.76883,0.7689,1.20,1.00
2016.09.13 13:04:35.628,0.76883,0.76893,1.95,1.00
2016.09.13 13:04:35.679,0.76883,0.76893,2.14,1.00
2016.09.13 13:04:35.731,0.76885,0.76894,1.00,1.37
2016.09.13 13:04:35.782,0.76885,0.76894,1.12,1.37
2016.09.13 13:04:35.833,0.76886,0.76896,1.10,1.50
2016.09.13 13:04:35.885,0.76887,0.76896,1.00,1.50
2016.09.13 13:04:36.054,0.76887,0.76897,1.10,1.50
2016.09.13 13:04:36.105,0.76887,0.76897,1.20,1.00
2016.09.13 13:04:36.157,0.76887,0.76897,1.10,1.00
2016.09.13 13:04:36.259,0.76887,0.76896,1.20,1.00
2016.09.13 13:04:36.310,0.76887,0.76896,1.95,1.00
2016.09.13 13:04:36.362,0.76887,0.76894,1.57,1.00
2016.09.13 13:04:36.465,0.76885,0.76894,1.69,1.50
2016.09.13 13:04:36.516,0.76885,0.76892,1.12,1.00
2016.09.13 13:04:36.707,0.76883,0.76891,1.20,1.00
2016.09.13 13:04:36.758,0.76882,0.76891,3.00,1.00
2016.09.13 13:04:36.860,0.76882,0.76891,2.25,1.00
2016.09.13 13:04:36.915,0.76882,0.76891,1.20,1.00
2016.09.13 13:04:37.019,0.76881,0.76891,3.26,1.00
2016.09.13 13:04:37.423,0.76883,0.7689,1.00,1.00
2016.09.13 13:04:37.526,0.76882,0.7689,1.57,1.00
2016.09.13 13:04:37.628,0.76882,0.7689,1.47,1.00
2016.09.13 13:04:37.679,0.76881,0.7689,1.57,1.00
2016.09.13 13:04:37.731,0.76881,0.7689,1.07,1.00
2016.09.13 13:04:37.782,0.7688,0.7689,3.07,1.00
2016.09.13 13:04:37.964,0.7688,0.7689,2.70,1.00
2016.09.13 13:04:38.170,0.7688,0.7689,2.32,1.00
2016.09.13 13:04:38.394,0.7688,0.7689,1.57,1.00
2016.09.13 13:04:38.673,0.76881,0.76891,1.12,1.00
2016.09.13 13:04:39.045,0.76885,0.76893,1.00,1.50
2016.09.13 13:04:39.096,0.76885,0.76892,1.00,1.12
2016.09.13 13:04:39.300,0.76885,0.76892,1.00,1.87
2016.09.13 13:04:39.351,0.76885,0.76892,1.00,2.25
2016.09.13 13:04:39.402,0.76886,0.76892,1.00,1.50
2016.09.13 13:04:39.875,0.76886,0.76893,1.00,1.87
2016.09.13 13:04:40.204,0.76886,0.76892,1.00,1.87
2016.09.13 13:04:40.306,0.76886,0.76892,1.00,1.37
2016.09.13 13:04:40.548,0.76886,0.76893,1.00,2.25
2016.09.13 13:04:40.701,0.76885,0.76892,1.00,1.50
2016.09.13 13:04:40.803,0.76885,0.76893,1.00,1.75
2016.09.13 13:04:40.905,0.76884,0.76894,1.00,5.25
2016.09.13 13:04:40.957,0.76883,0.76893,1.00,1.37
2016.09.13 13:04:41.009,0.76883,0.76891,1.00,1.37
2016.09.13 13:04:41.187,0.76883,0.76891,1.00,1.50
2016.09.13 13:04:41.238,0.76883,0.7689,1.00,1.37
2016.09.13 13:04:41.289,0.76883,0.76891,1.00,2.25
2016.09.13 13:04:41.341,0.76879,0.76891,2.10,2.25
2016.09.13 13:04:41.392,0.76884,0.76891,1.25,1.75
2016.09.13 13:04:41.444,0.76883,0.76892,1.29,3.00
2016.09.13 13:04:41.495,0.76883,0.7689,1.94,1.00
2016.09.13 13:04:41.546,0.76884,0.76892,1.01,2.25
2016.09.13 13:04:41.597,0.76884,0.76892,1.76,2.25
2016.09.13 13:04:41.648,0.76888,0.76896,1.00,1.00
2016.09.13 13:04:41.699,0.76889,0.76896,1.00,1.50
2016.09.13 13:04:41.888,0.76889,0.76896,1.00,3.37
2016.09.13 13:04:41.939,0.76888,0.76894,1.00,1.00
2016.09.13 13:04:41.990,0.76888,0.76894,1.00,1.12
2016.09.13 13:04:42.041,0.76888,0.76894,1.00,1.50
2016.09.13 13:04:42.406,0.76888,0.76895,1.00,1.87
2016.09.13 13:04:42.791,0.76887,0.76894,1.00,2.25
2016.09.13 13:04:43.021,0.76887,0.76894,1.00,3.00
2016.09.13 13:04:43.092,0.76884,0.76892,1.00,1.00
2016.09.13 13:04:43.143,0.76884,0.76892,1.00,1.37
2016.09.13 13:04:43.194,0.76886,0.76892,1.00,2.25
2016.09.13 13:04:43.246,0.76887,0.76892,1.00,1.87
2016.09.13 13:04:43.297,0.76889,0.76894,1.00,3.00
2016.09.13 13:04:43.454,0.76888,0.76895,1.00,1.37
2016.09.13 13:04:43.505,0.76888,0.76896,1.00,2.25
2016.09.13 13:04:43.772,0.76887,0.76895,1.00,1.87
2016.09.13 13:04:43.823,0.76886,0.76895,1.00,3.75
2016.09.13 13:04:43.875,0.76885,0.76893,1.00,1.00
2016.09.13 13:04:43.926,0.76884,0.76893,1.00,1.50
2016.09.13 13:04:44.028,0.76888,0.76895,1.00,1.12
2016.09.13 13:04:44.176,0.76888,0.76895,1.00,1.37
2016.09.13 13:04:44.227,0.76891,0.76897,1.00,1.00
2016.09.13 13:04:44.279,0.76891,0.76898,1.00,1.50
2016.09.13 13:04:44.381,0.76891,0.76899,1.00,2.25
2016.09.13 13:04:44.484,0.76891,0.76899,1.00,3.37
2016.09.13 13:04:44.536,0.76889,0.76899,1.00,3.37
2016.09.13 13:04:44.587,0.76887,0.76896,1.00,1.50
2016.09.13 13:04:44.638,0.76887,0.76895,1.00,1.37
2016.09.13 13:04:44.690,0.76887,0.76895,1.00,1.50
2016.09.13 13:04:44.882,0.76887,0.76894,1.00,2.62
2016.09.13 13:04:44.988,0.76887,0.76893,1.00,1.12
2016.09.13 13:04:45.040,0.76887,0.76893,1.00,1.57
2016.09.13 13:04:45.091,0.76882,0.7689,1.50,1.00
2016.09.13 13:04:45.142,0.7688,0.7689,3.00,1.00
2016.09.13 13:04:45.223,0.76881,0.76888,1.20,1.00
2016.09.13 13:04:45.274,0.76881,0.76888,1.95,1.00
2016.09.13 13:04:45.325,0.76881,0.76888,1.57,1.00
2016.09.13 13:04:45.624,0.7688,0.76888,2.25,1.00
2016.09.13 13:04:45.726,0.7688,0.76888,1.95,1.00
2016.09.13 13:04:45.828,0.7688,0.76888,1.20,1.00
2016.09.13 13:04:45.930,0.7688,0.76888,1.95,1.00
2016.09.13 13:04:46.553,0.7688,0.76888,1.57,1.00
2016.09.13 13:04:47.373,0.7688,0.76888,1.95,1.00
2016.09.13 13:04:47.527,0.76881,0.76888,1.10,1.00
2016.09.13 13:04:49.632,0.76881,0.76888,1.20,1.00
2016.09.13 13:04:49.830,0.76881,0.7689,1.20,1.50
2016.09.13 13:04:49.881,0.76881,0.7689,1.95,1.00
2016.09.13 13:04:50.108,0.76881,0.7689,1.20,1.00
2016.09.13 13:04:50.594,0.7688,0.76888,1.87,1.00
2016.09.13 13:04:50.646,0.7688,0.76886,1.12,1.00
2016.09.13 13:04:50.839,0.76876,0.76883,1.37,1.00
2016.09.13 13:04:50.891,0.76876,0.76882,1.00,1.00
2016.09.13 13:04:50.943,0.76874,0.76882,1.10,1.00
2016.09.13 13:04:50.995,0.76874,0.76883,1.57,1.00
2016.09.13 13:04:51.046,0.76873,0.7688,1.50,1.00
2016.09.13 13:04:51.286,0.76872,0.76881,2.25,1.00
2016.09.13 13:04:51.341,0.76872,0.76881,1.00,1.00
2016.09.13 13:04:51.665,0.76872,0.76881,1.95,1.00
2016.09.13 13:04:51.721,0.76872,0.76881,2.32,1.00
2016.09.13 13:04:51.824,0.76873,0.7688,1.10,1.00
2016.09.13 13:04:51.875,0.7687,0.76879,3.00,1.00
2016.09.13 13:04:51.926,0.7687,0.76877,3.00,1.00
2016.09.13 13:04:51.979,0.76868,0.76877,2.25,1.00
2016.09.13 13:04:52.031,0.76868,0.76876,1.82,1.00
2016.09.13 13:04:52.082,0.76867,0.76876,2.62,1.00
2016.09.13 13:04:52.516,0.76869,0.76876,1.10,1.00
2016.09.13 13:04:52.669,0.76869,0.76875,1.20,1.00
2016.09.13 13:04:52.720,0.76869,0.76875,1.12,1.00
2016.09.13 13:04:52.771,0.76869,0.76875,1.12,1.00
2016.09.13 13:04:53.317,0.76867,0.76876,1.10,1.00
2016.09.13 13:04:53.674,0.76866,0.76875,2.14,1.00
2016.09.13 13:04:54.196,0.76866,0.76875,1.39,1.00
2016.09.13 13:04:54.253,0.76866,0.76874,1.20,1.00
2016.09.13 13:04:54.304,0.76865,0.76874,1.39,1.00
2016.09.13 13:04:54.355,0.76864,0.76874,2.62,1.00
2016.09.13 13:04:54.406,0.76864,0.76874,1.57,1.00
2016.09.13 13:04:54.457,0.76864,0.76874,1.57,1.12
2016.09.13 13:04:54.508,0.76864,0.76874,1.10,1.12
2016.09.13 13:04:54.610,0.76866,0.76875,1.00,1.50
2016.09.13 13:04:54.662,0.76866,0.76876,1.50,2.62
2016.09.13 13:04:54.713,0.76866,0.76876,1.57,2.25
2016.09.13 13:04:54.873,0.76866,0.76876,1.65,2.25
2016.09.13 13:04:54.925,0.76866,0.76876,1.65,1.00
2016.09.13 13:04:55.253,0.76867,0.76876,1.00,1.00
2016.09.13 13:04:55.799,0.76868,0.76875,1.00,1.00
2016.09.13 13:04:57.645,0.76867,0.76876,1.00,1.00
2016.09.13 13:04:57.696,0.76865,0.76874,1.25,1.00
2016.09.13 13:04:57.747,0.76865,0.76873,1.00,1.12
2016.09.13 13:04:57.798,0.76865,0.76873,1.00,3.37
2016.09.13 13:04:57.951,0.76863,0.76872,1.00,1.75
2016.09.13 13:04:58.002,0.76862,0.7687,1.10,1.50
2016.09.13 13:04:58.053,0.7686,0.7687,2.81,2.25
2016.09.13 13:04:58.156,0.7686,0.7687,2.51,2.25
2016.09.13 13:04:58.375,0.7686,0.7687,2.51,1.75
2016.09.13 13:04:58.426,0.7686,0.7687,2.51,2.25
2016.09.13 13:04:58.897,0.76861,0.7687,1.12,2.25
2016.09.13 13:04:58.948,0.76861,0.76868,1.87,1.12
2016.09.13 13:04:59.603,0.76861,0.76869,1.12,1.50
2016.09.13 13:04:59.655,0.7686,0.76869,1.01,1.50
2016.09.13 13:04:59.759,0.76859,0.76869,2.62,1.50
2016.09.13 13:04:59.811,0.76859,0.76868,2.62,1.00
2016.09.13 13:04:59.862,0.76859,0.76869,1.87,4.12
2016.09.13 13:04:59.985,0.76859,0.76868,1.87,1.00
2016.09.13 13:05:00.090,0.76861,0.76868,1.12,1.00
2016.09.13 13:05:00.192,0.76861,0.76869,1.12,1.87
2016.09.13 13:05:00.243,0.76861,0.76869,1.12,1.37
2016.09.13 13:05:00.294,0.76861,0.76869,1.12,1.00
2016.09.13 13:05:00.857,0.76859,0.76869,2.62,1.00
2016.09.13 13:05:00.908,0.76859,0.76871,2.62,3.37
2016.09.13 13:05:00.959,0.76862,0.76871,1.10,3.37
2016.09.13 13:05:01.334,0.76862,0.76871,1.10,4.12
2016.09.13 13:05:01.385,0.76862,0.76871,1.10,3.37
2016.09.13 13:05:01.560,0.76865,0.76871,1.00,1.87
2016.09.13 13:05:01.636,0.76869,0.76874,1.00,2.25
2016.09.13 13:05:01.688,0.76869,0.76876,1.00,1.37
2016.09.13 13:05:01.739,0.76869,0.76877,1.00,2.25
2016.09.13 13:05:01.790,0.76869,0.76876,1.00,1.00
2016.09.13 13:05:02.214,0.76869,0.76874,1.00,1.00
2016.09.13 13:05:02.266,0.76866,0.76874,1.10,1.50
2016.09.13 13:05:02.318,0.76866,0.76874,1.00,1.50
2016.09.13 13:05:02.370,0.76866,0.76874,1.00,2.62
2016.09.13 13:05:02.421,0.76866,0.76874,1.00,3.00
2016.09.13 13:05:02.473,0.76864,0.76873,1.10,1.00
2016.09.13 13:05:02.525,0.76865,0.76873,1.00,1.50
2016.09.13 13:05:02.577,0.76865,0.76872,1.00,1.00
2016.09.13 13:05:02.628,0.76864,0.76872,1.10,1.12
2016.09.13 13:05:02.679,0.76864,0.76872,1.10,1.12
2016.09.13 13:05:02.731,0.76864,0.76872,1.10,1.00
2016.09.13 13:05:02.897,0.76864,0.76873,1.10,2.62
2016.09.13 13:05:02.948,0.76863,0.76871,1.12,1.00
2016.09.13 13:05:03.000,0.76863,0.76873,1.12,3.37
2016.09.13 13:05:03.051,0.76865,0.76873,1.00,3.37
2016.09.13 13:05:03.102,0.76865,0.76872,1.00,1.87
2016.09.13 13:05:03.153,0.76865,0.76872,1.00,1.87
2016.09.13 13:05:03.204,0.76863,0.76873,1.12,3.37
2016.09.13 13:05:03.255,0.76864,0.76873,1.10,3.37
2016.09.13 13:05:03.307,0.76865,0.76873,1.00,1.12
2016.09.13 13:05:03.359,0.76865,0.76874,1.00,3.37
2016.09.13 13:05:03.461,0.76866,0.76874,1.00,2.62
2016.09.13 13:05:03.700,0.76865,0.76873,1.00,3.75
2016.09.13 13:05:03.751,0.76865,0.76871,1.00,1.50
2016.09.13 13:05:03.802,0.76863,0.76871,1.00,1.75
2016.09.13 13:05:03.853,0.76864,0.7687,1.00,1.50
2016.09.13 13:05:03.904,0.76862,0.7687,1.10,1.75
2016.09.13 13:05:03.956,0.76862,0.76869,1.10,1.50
2016.09.13 13:05:04.007,0.76861,0.76869,1.12,1.75
2016.09.13 13:05:04.058,0.7686,0.76869,1.20,1.75
2016.09.13 13:05:04.110,0.7686,0.76867,1.20,1.00
2016.09.13 13:05:04.161,0.76859,0.76867,1.50,1.00
2016.09.13 13:05:04.213,0.7686,0.76868,1.10,3.37
2016.09.13 13:05:04.264,0.76859,0.76868,1.12,3.37
2016.09.13 13:05:04.410,0.76859,0.76867,1.10,1.75
2016.09.13 13:05:04.461,0.76861,0.76866,1.00,1.00
2016.09.13 13:05:04.512,0.7686,0.76866,1.10,1.00
2016.09.13 13:05:04.614,0.76862,0.76866,1.00,1.00
2016.09.13 13:05:04.718,0.76862,0.76868,1.00,1.50
2016.09.13 13:05:05.058,0.7686,0.76868,1.10,1.50
2016.09.13 13:05:05.160,0.7686,0.76869,1.10,3.75
2016.09.13 13:05:05.291,0.7686,0.76868,1.10,1.50
2016.09.13 13:05:05.343,0.7686,0.76868,1.10,1.87
2016.09.13 13:05:05.394,0.7686,0.76868,1.20,1.87
2016.09.13 13:05:05.496,0.7686,0.76869,1.20,1.50
2016.09.13 13:05:05.548,0.76862,0.76869,1.00,2.25
2016.09.13 13:05:05.600,0.76863,0.76867,1.00,1.00
2016.09.13 13:05:05.702,0.76863,0.7687,1.00,3.00
2016.09.13 13:05:05.805,0.76863,0.7687,1.00,1.00
2016.09.13 13:05:06.096,0.76861,0.76869,1.00,1.12
2016.09.13 13:05:06.404,0.76861,0.76871,1.00,2.62
2016.09.13 13:05:06.536,0.76861,0.76871,1.00,1.87
2016.09.13 13:05:06.588,0.76861,0.7687,1.00,1.00
2016.09.13 13:05:06.792,0.76861,0.7687,1.00,1.37
2016.09.13 13:05:07.099,0.76862,0.76871,1.00,3.94
2016.09.13 13:05:07.303,0.76861,0.76871,1.00,4.69
2016.09.13 13:05:07.354,0.76861,0.76871,1.00,5.44
2016.09.13 13:05:07.406,0.76861,0.76871,1.00,6.56
2016.09.13 13:05:07.477,0.7686,0.7687,1.10,1.00
2016.09.13 13:05:07.530,0.7686,0.7687,1.10,1.50
2016.09.13 13:05:07.581,0.7686,0.7687,1.10,1.12
2016.09.13 13:05:07.894,0.7686,0.7687,1.10,1.87
2016.09.13 13:05:07.946,0.7686,0.7687,1.10,2.25
2016.09.13 13:05:07.997,0.76858,0.76868,2.70,1.12
2016.09.13 13:05:08.523,0.76863,0.7687,1.00,1.50
2016.09.13 13:05:08.709,0.76867,0.76871,1.00,1.00
2016.09.13 13:05:08.761,0.76871,0.76876,1.00,1.37
2016.09.13 13:05:08.813,0.76871,0.76878,1.00,1.87
2016.09.13 13:05:08.865,0.7687,0.76877,1.00,2.06
2016.09.13 13:05:08.917,0.76867,0.76877,1.95,1.31
2016.09.13 13:05:08.969,0.76868,0.76877,1.10,2.44
2016.09.13 13:05:09.022,0.76866,0.76876,1.00,1.69
2016.09.13 13:05:09.073,0.76866,0.76876,1.00,1.62
2016.09.13 13:05:09.124,0.76866,0.76876,1.10,2.62
2016.09.13 13:05:09.315,0.76866,0.76875,1.00,1.47
2016.09.13 13:05:09.370,0.76866,0.76875,1.00,1.00
2016.09.13 13:05:09.421,0.76867,0.76875,1.00,1.50
2016.09.13 13:05:09.472,0.76867,0.76875,1.00,1.12
2016.09.13 13:05:09.523,0.76867,0.76875,1.00,1.62
2016.09.13 13:05:09.778,0.76867,0.76874,1.00,1.12
2016.09.13 13:05:09.829,0.76867,0.76874,1.00,1.00
2016.09.13 13:05:10.028,0.76864,0.76874,1.00,1.12
2016.09.13 13:05:10.181,0.76864,0.76874,1.00,1.31
2016.09.13 13:05:10.283,0.76863,0.76872,1.00,1.00
2016.09.13 13:05:10.335,0.76862,0.76871,1.00,1.12
2016.09.13 13:05:10.438,0.76862,0.7687,1.00,1.00
2016.09.13 13:05:10.691,0.76861,0.7687,1.00,1.69
2016.09.13 13:05:10.742,0.76859,0.76867,1.20,1.00
2016.09.13 13:05:10.794,0.76859,0.76867,1.00,1.50
2016.09.13 13:05:10.896,0.7686,0.76868,1.00,1.87
2016.09.13 13:05:10.947,0.7686,0.76868,1.00,2.25
2016.09.13 13:05:10.999,0.7686,0.76868,1.00,1.50
2016.09.13 13:05:11.447,0.76861,0.76868,1.00,1.37
2016.09.13 13:05:11.498,0.76863,0.76869,1.00,1.00
2016.09.13 13:05:11.549,0.76865,0.76871,1.00,3.00
2016.09.13 13:05:11.606,0.76864,0.76873,1.00,2.96
2016.09.13 13:05:11.679,0.76864,0.76873,1.00,2.44
2016.09.13 13:05:11.730,0.76866,0.76874,1.00,2.06
2016.09.13 13:05:11.781,0.76863,0.76873,1.95,1.12
2016.09.13 13:05:11.832,0.76863,0.76873,1.20,1.69
2016.09.13 13:05:11.995,0.76863,0.76873,1.20,1.75
2016.09.13 13:05:12.048,0.76867,0.76873,1.00,2.25
2016.09.13 13:05:12.100,0.76867,0.76874,1.00,1.87
2016.09.13 13:05:12.152,0.76868,0.76874,1.00,1.50
2016.09.13 13:05:12.203,0.76868,0.76876,1.00,2.06
2016.09.13 13:05:12.305,0.76867,0.76876,1.10,1.12
2016.09.13 13:05:12.357,0.76867,0.76877,1.10,3.37
2016.09.13 13:05:12.408,0.76867,0.76877,1.00,1.87
2016.09.13 13:05:12.484,0.76867,0.76877,1.00,2.62
2016.09.13 13:05:12.665,0.76867,0.76877,1.00,2.44
2016.09.13 13:05:12.716,0.76867,0.76877,1.00,1.69
2016.09.13 13:05:12.921,0.76867,0.76877,1.00,2.06
2016.09.13 13:05:12.973,0.76867,0.76877,1.00,2.81
2016.09.13 13:05:13.333,0.76867,0.76877,1.00,3.19
2016.09.13 13:05:13.384,0.76867,0.76877,1.00,2.44
2016.09.13 13:05:13.550,0.76867,0.76877,1.00,3.19
2016.09.13 13:05:13.632,0.76866,0.76876,1.10,2.06
2016.09.13 13:05:13.683,0.76866,0.76876,1.10,2.44
2016.09.13 13:05:13.836,0.76866,0.76876,1.10,2.06
2016.09.13 13:05:13.887,0.76866,0.76876,1.10,1.69
2016.09.13 13:05:13.954,0.76866,0.76876,1.10,2.06
2016.09.13 13:05:14.056,0.76866,0.76875,1.00,2.25
2016.09.13 13:05:14.107,0.76866,0.76874,1.00,1.50
2016.09.13 13:05:14.158,0.76865,0.76874,1.20,1.69
2016.09.13 13:05:14.209,0.76865,0.76874,1.00,1.69
2016.09.13 13:05:14.336,0.76865,0.76874,1.00,1.94
2016.09.13 13:05:14.387,0.76864,0.76872,1.00,1.37
2016.09.13 13:05:14.438,0.76864,0.76873,1.00,2.00
2016.09.13 13:05:14.540,0.76867,0.76874,1.00,2.81
2016.09.13 13:05:14.591,0.76867,0.76874,1.00,2.62
2016.09.13 13:05:14.642,0.76867,0.76874,1.00,1.50
2016.09.13 13:05:14.947,0.76866,0.76875,1.00,1.12
2016.09.13 13:05:15.103,0.76866,0.76876,1.10,2.06
2016.09.13 13:05:15.205,0.76866,0.76876,1.10,2.81
2016.09.13 13:05:15.291,0.76867,0.76876,1.00,2.81
2016.09.13 13:05:15.343,0.76867,0.76876,1.00,2.44
2016.09.13 13:05:15.394,0.76866,0.76876,1.10,2.44
2016.09.13 13:05:15.446,0.76866,0.76876,1.10,2.81
2016.09.13 13:05:15.497,0.76866,0.76876,1.10,2.06
2016.09.13 13:05:15.650,0.76866,0.76876,1.10,1.69
2016.09.13 13:05:15.878,0.76866,0.76876,1.10,2.44
2016.09.13 13:05:15.929,0.76866,0.76876,1.10,2.06
2016.09.13 13:05:15.980,0.76866,0.76876,1.10,1.62
2016.09.13 13:05:16.031,0.76866,0.76876,1.10,1.31
2016.09.13 13:05:16.083,0.76866,0.76876,1.20,1.31
2016.09.13 13:05:16.135,0.76866,0.76876,1.20,1.69
2016.09.13 13:05:16.288,0.76866,0.76876,1.20,2.06
2016.09.13 13:05:16.516,0.76868,0.76876,1.00,2.06
2016.09.13 13:05:16.567,0.76868,0.76876,1.00,1.69
2016.09.13 13:05:16.618,0.76868,0.76876,1.00,1.31
2016.09.13 13:05:16.802,0.76868,0.76876,1.00,1.69
2016.09.13 13:05:16.904,0.76866,0.76876,1.20,2.06
2016.09.13 13:05:17.006,0.76866,0.76876,1.20,2.81
2016.09.13 13:05:17.057,0.76866,0.76876,1.20,3.94
2016.09.13 13:05:17.108,0.76866,0.76875,1.20,1.00
2016.09.13 13:05:17.159,0.76866,0.76875,1.20,1.37
2016.09.13 13:05:17.261,0.76866,0.76875,1.10,1.37
2016.09.13 13:05:17.312,0.76866,0.76875,1.00,1.37
2016.09.13 13:05:17.363,0.76866,0.76875,1.00,1.87
2016.09.13 13:05:17.415,0.76865,0.76875,1.20,2.25
2016.09.13 13:05:17.491,0.76865,0.76875,1.20,3.00
2016.09.13 13:05:17.691,0.76865,0.76875,1.20,3.56
2016.09.13 13:05:17.959,0.76865,0.76873,1.20,1.50
2016.09.13 13:05:18.010,0.76864,0.76872,1.50,1.00
2016.09.13 13:05:18.061,0.76863,0.76871,1.50,1.37
2016.09.13 13:05:18.112,0.76862,0.7687,3.00,1.12
2016.09.13 13:05:18.164,0.76862,0.7687,1.47,1.00
2016.09.13 13:05:18.215,0.76862,0.76869,1.47,1.25
2016.09.13 13:05:18.266,0.76861,0.76869,1.50,1.25
2016.09.13 13:05:18.318,0.76861,0.76868,1.37,1.00
2016.09.13 13:05:18.531,0.76859,0.76868,1.10,1.00
2016.09.13 13:05:18.846,0.76862,0.76868,1.00,1.00
2016.09.13 13:05:18.897,0.76862,0.76869,1.00,2.81
2016.09.13 13:05:18.948,0.76862,0.76869,1.00,2.06
2016.09.13 13:05:19.287,0.76861,0.76871,1.50,2.44
2016.09.13 13:05:19.339,0.76863,0.7687,1.00,1.00
2016.09.13 13:05:19.391,0.76862,0.76871,1.00,1.25
2016.09.13 13:05:19.443,0.76863,0.76871,1.00,1.00
2016.09.13 13:05:19.495,0.76863,0.76871,1.00,1.00
2016.09.13 13:05:19.546,0.76863,0.76873,1.12,2.25
2016.09.13 13:05:19.598,0.76863,0.76873,1.20,2.25
2016.09.13 13:05:19.649,0.76864,0.76874,1.00,1.69
2016.09.13 13:05:19.701,0.76864,0.76874,1.12,1.69
2016.09.13 13:05:19.803,0.76867,0.76875,1.50,1.94
2016.09.13 13:05:19.855,0.76868,0.76876,1.00,5.06
2016.09.13 13:05:20.044,0.7687,0.76877,1.00,1.00
2016.09.13 13:05:20.097,0.7687,0.76878,1.00,2.25
2016.09.13 13:05:20.199,0.7687,0.76878,1.00,1.12
2016.09.13 13:05:20.250,0.76867,0.76878,1.95,1.12
2016.09.13 13:05:20.302,0.76867,0.76877,1.95,2.06
2016.09.13 13:05:20.353,0.76867,0.76877,1.12,2.44
2016.09.13 13:05:20.405,0.76866,0.76876,1.87,1.31
2016.09.13 13:05:20.456,0.76866,0.76875,1.50,1.12
2016.09.13 13:05:20.609,0.76866,0.76875,1.00,1.12
2016.09.13 13:05:20.992,0.76866,0.76875,1.00,1.87
2016.09.13 13:05:21.051,0.76866,0.76875,1.00,1.12
2016.09.13 13:05:21.102,0.76867,0.76876,1.00,1.37
2016.09.13 13:05:21.153,0.76867,0.76877,1.00,1.50
2016.09.13 13:05:21.687,0.76868,0.76878,1.00,1.50
2016.09.13 13:05:21.840,0.76868,0.76878,1.00,1.12
2016.09.13 13:05:21.993,0.76868,0.76878,1.00,1.50
2016.09.13 13:05:22.199,0.76868,0.76878,1.00,1.12
2016.09.13 13:05:22.352,0.76869,0.76878,1.00,1.00
2016.09.13 13:05:22.691,0.76869,0.76878,1.00,1.12
2016.09.13 13:05:22.742,0.7687,0.76879,1.00,1.57
2016.09.13 13:05:22.844,0.76872,0.7688,1.00,1.12
2016.09.13 13:05:22.895,0.76872,0.76881,1.00,2.25
2016.09.13 13:05:22.946,0.76873,0.76881,1.00,1.00
2016.09.13 13:05:22.997,0.76873,0.76881,1.00,1.12
2016.09.13 13:05:23.431,0.76873,0.76881,1.00,1.00
2016.09.13 13:05:23.721,0.76873,0.76883,1.00,1.69
2016.09.13 13:05:23.823,0.76873,0.76883,1.00,1.31
2016.09.13 13:05:23.925,0.76873,0.76883,1.00,2.06
2016.09.13 13:05:24.078,0.76874,0.76883,1.00,1.56
2016.09.13 13:05:24.272,0.76875,0.76885,1.00,1.76
2016.09.13 13:05:24.325,0.76877,0.76885,1.00,1.19
2016.09.13 13:05:24.591,0.76877,0.76886,1.00,1.31
2016.09.13 13:05:24.947,0.76877,0.76886,1.00,1.19
2016.09.13 13:05:24.999,0.76877,0.76887,1.00,2.89
2016.09.13 13:05:25.200,0.76877,0.76886,1.00,1.19
2016.09.13 13:05:25.303,0.76877,0.76886,1.00,1.31
2016.09.13 13:05:25.405,0.76877,0.76886,1.00,1.19
2016.09.13 13:05:25.509,0.76877,0.76886,1.00,1.69
2016.09.13 13:05:25.611,0.76876,0.76885,1.00,1.25
2016.09.13 13:05:26.408,0.76876,0.76884,1.00,1.00
2016.09.13 13:05:26.459,0.76876,0.76884,1.00,1.19
2016.09.13 13:05:26.510,0.76876,0.76883,1.00,1.25
2016.09.13 13:05:26.613,0.76876,0.76883,1.00,1.31
2016.09.13 13:05:27.154,0.76875,0.76883,1.00,1.31
2016.09.13 13:05:27.205,0.76873,0.7688,1.10,1.00
2016.09.13 13:05:27.257,0.76872,0.7688,2.25,1.00
2016.09.13 13:05:27.755,0.76872,0.76882,2.25,1.00
2016.09.13 13:05:27.857,0.76872,0.76882,1.50,1.00
2016.09.13 13:05:28.061,0.76872,0.76882,1.10,1.00
2016.09.13 13:05:28.231,0.76872,0.76882,1.57,1.00
2016.09.13 13:05:28.283,0.76874,0.76882,1.00,1.00
2016.09.13 13:05:28.334,0.76875,0.76882,1.00,1.00
2016.09.13 13:05:28.513,0.76875,0.76882,1.20,1.00
2016.09.13 13:05:28.647,0.76875,0.76884,1.20,1.00
2016.09.13 13:05:28.851,0.76876,0.76884,1.37,1.00
2016.09.13 13:05:28.953,0.76876,0.76885,1.27,1.25
2016.09.13 13:05:29.117,0.76876,0.76885,2.40,1.25
2016.09.13 13:05:29.177,0.76875,0.76884,4.87,1.00
2016.09.13 13:05:29.228,0.76876,0.76885,1.47,1.25
2016.09.13 13:05:29.279,0.76877,0.76885,1.12,1.25
2016.09.13 13:05:29.330,0.76877,0.76885,1.87,1.00
2016.09.13 13:05:29.381,0.76877,0.76885,1.50,1.00
2016.09.13 13:05:29.433,0.76877,0.76885,1.50,1.19
2016.09.13 13:05:29.484,0.76877,0.76885,1.57,1.19
2016.09.13 13:05:29.776,0.76877,0.76886,1.57,1.25
2016.09.13 13:05:29.987,0.76878,0.76886,1.00,1.25
2016.09.13 13:05:30.038,0.76878,0.76886,1.50,1.25
2016.09.13 13:05:30.140,0.76878,0.76886,1.12,1.25
2016.09.13 13:05:30.690,0.76877,0.76886,3.45,1.25
2016.09.13 13:05:30.741,0.76876,0.76883,1.87,1.00
2016.09.13 13:05:30.792,0.76876,0.76881,1.12,1.00
2016.09.13 13:05:30.844,0.76873,0.7688,3.75,1.00
2016.09.13 13:05:30.895,0.76872,0.76879,2.70,1.10
2016.09.13 13:05:30.946,0.76871,0.76879,2.62,1.10
2016.09.13 13:05:30.998,0.76869,0.76879,4.72,1.10
2016.09.13 13:05:31.166,0.76869,0.76879,4.35,1.10
2016.09.13 13:05:31.218,0.76872,0.76881,1.10,1.00
2016.09.13 13:05:31.269,0.76873,0.7688,1.00,1.00
2016.09.13 13:05:31.371,0.76872,0.76879,2.70,1.00
2016.09.13 13:05:31.423,0.76872,0.76878,3.45,1.00
2016.09.13 13:05:31.474,0.76873,0.76878,1.00,1.00
2016.09.13 13:05:31.627,0.76873,0.7688,1.00,1.00
2016.09.13 13:05:31.679,0.76872,0.7688,1.37,1.00
2016.09.13 13:05:31.893,0.7687,0.76879,3.00,1.00
2016.09.13 13:05:31.995,0.76871,0.76879,1.00,1.00
2016.09.13 13:05:32.250,0.76871,0.76879,1.50,1.00
2016.09.13 13:05:32.582,0.76872,0.76879,1.00,1.00
2016.09.13 13:05:32.663,0.76871,0.76879,1.00,1.00
2016.09.13 13:05:32.872,0.76871,0.76879,1.50,1.00
2016.09.13 13:05:33.777,0.76871,0.76879,1.00,1.00
2016.09.13 13:05:34.075,0.76871,0.76879,1.50,1.00
2016.09.13 13:05:34.279,0.76871,0.76879,1.50,1.00
2016.09.13 13:05:34.385,0.76871,0.76878,1.00,1.00
2016.09.13 13:05:34.538,0.76868,0.76876,2.40,1.00
2016.09.13 13:05:34.641,0.76868,0.76875,1.95,1.00
2016.09.13 13:05:34.692,0.76868,0.76874,1.20,1.00
2016.09.13 13:05:34.744,0.76867,0.76874,1.57,1.00
2016.09.13 13:05:34.796,0.76867,0.76873,1.20,1.00
2016.09.13 13:05:34.898,0.76867,0.76874,1.10,1.00
2016.09.13 13:05:35.083,0.76866,0.76874,1.87,1.00
2016.09.13 13:05:35.134,0.76866,0.76873,1.12,1.00
2016.09.13 13:05:35.185,0.76864,0.76872,1.87,1.00
2016.09.13 13:05:35.236,0.76864,0.76871,1.57,1.00
2016.09.13 13:05:35.390,0.76863,0.76872,1.65,1.00
2016.09.13 13:05:35.542,0.76863,0.76872,2.40,1.00
2016.09.13 13:05:35.886,0.76862,0.76872,4.87,1.00
2016.09.13 13:05:36.740,0.76863,0.76872,2.40,1.00
2016.09.13 13:05:37.234,0.76863,0.76872,1.65,1.00
2016.09.13 13:05:37.558,0.76865,0.76875,1.00,3.19
2016.09.13 13:05:37.610,0.76869,0.76875,1.00,1.50
2016.09.13 13:05:37.661,0.7687,0.76875,1.00,1.12
2016.09.13 13:05:37.805,0.7687,0.76875,1.00,1.00
2016.09.13 13:05:37.856,0.76871,0.76878,1.00,1.25
2016.09.13 13:05:38.009,0.76871,0.76878,1.00,1.00
2016.09.13 13:05:38.061,0.76869,0.76877,1.57,1.00
2016.09.13 13:05:38.214,0.76869,0.76877,1.20,1.00
2016.09.13 13:05:38.368,0.76868,0.76877,3.37,1.00
2016.09.13 13:05:38.547,0.76868,0.76877,2.62,1.00
2016.09.13 13:05:38.974,0.76868,0.76877,2.32,1.00
2016.09.13 13:05:39.025,0.76868,0.76877,1.95,1.00
2016.09.13 13:05:39.588,0.76868,0.76877,2.70,1.00
2016.09.13 13:05:40.133,0.76868,0.76877,1.95,1.00
2016.09.13 13:05:40.355,0.76869,0.76878,1.87,1.50
2016.09.13 13:05:40.406,0.76869,0.76876,1.00,1.00
2016.09.13 13:05:40.457,0.76868,0.76876,2.62,1.00
2016.09.13 13:05:40.509,0.76869,0.76878,1.00,1.10
2016.09.13 13:05:40.560,0.76868,0.76878,2.25,1.10
2016.09.13 13:05:40.611,0.76869,0.76877,1.50,1.00
2016.09.13 13:05:40.663,0.76869,0.76877,2.25,1.00
2016.09.13 13:05:40.817,0.76869,0.76877,1.50,1.00
2016.09.13 13:05:40.868,0.76872,0.7688,1.00,1.57
2016.09.13 13:05:40.920,0.76872,0.76881,1.00,1.20
2016.09.13 13:05:41.063,0.76872,0.76881,1.50,1.00
2016.09.13 13:05:41.114,0.76872,0.76882,1.50,1.10
2016.09.13 13:05:41.166,0.76872,0.76882,1.87,1.10
2016.09.13 13:05:41.217,0.76872,0.76882,2.25,1.29
2016.09.13 13:05:41.370,0.76872,0.76882,2.62,1.29
2016.09.13 13:05:41.421,0.76872,0.76882,3.00,1.10
2016.09.13 13:05:41.474,0.76872,0.76878,1.00,1.00
2016.09.13 13:05:41.525,0.76871,0.76876,1.00,1.00
2016.09.13 13:05:41.641,0.76868,0.76876,2.25,1.00
2016.09.13 13:05:41.692,0.76866,0.76874,2.62,1.00
2016.09.13 13:05:41.839,0.76866,0.76874,1.50,1.00
2016.09.13 13:05:41.890,0.76868,0.76876,1.87,1.12
2016.09.13 13:05:41.941,0.76869,0.76878,1.50,4.20
2016.09.13 13:05:41.993,0.76869,0.76876,1.50,1.00
2016.09.13 13:05:42.044,0.76869,0.76879,1.12,3.75
2016.09.13 13:05:42.095,0.76869,0.76879,1.50,1.87
2016.09.13 13:05:42.146,0.76869,0.76877,2.62,1.00
2016.09.13 13:05:42.197,0.76869,0.76877,2.25,1.00
2016.09.13 13:05:42.249,0.76869,0.76876,1.50,1.00
2016.09.13 13:05:42.300,0.76869,0.76876,1.50,1.00
2016.09.13 13:05:42.351,0.76868,0.76876,1.75,1.00
2016.09.13 13:05:42.528,0.76867,0.76876,3.37,1.00
2016.09.13 13:05:42.609,0.76868,0.76875,1.12,1.00
2016.09.13 13:05:42.815,0.76868,0.76875,1.50,1.00
2016.09.13 13:05:43.070,0.76868,0.76876,2.25,1.00
2016.09.13 13:05:43.121,0.76869,0.76876,1.00,1.00
2016.09.13 13:05:43.520,0.76868,0.76876,1.12,1.00
2016.09.13 13:05:44.101,0.76868,0.76876,2.47,1.00
2016.09.13 13:05:44.254,0.76868,0.76876,2.47,1.00
2016.09.13 13:05:44.309,0.7687,0.76879,1.50,1.20
2016.09.13 13:05:44.360,0.76871,0.76879,1.00,1.12
2016.09.13 13:05:44.463,0.7687,0.76879,1.50,1.00
2016.09.13 13:05:44.515,0.7687,0.76879,1.12,1.00
2016.09.13 13:05:44.824,0.7687,0.76879,1.50,1.00
2016.09.13 13:05:44.875,0.7687,0.76879,2.25,1.00
2016.09.13 13:05:45.157,0.7687,0.76879,1.50,1.00
2016.09.13 13:05:45.209,0.7687,0.76879,1.00,1.00
2016.09.13 13:05:45.260,0.76869,0.76879,1.50,1.00
2016.09.13 13:05:45.311,0.76868,0.76878,4.12,1.00
2016.09.13 13:05:45.362,0.76868,0.76878,3.75,1.00
2016.09.13 13:05:45.464,0.76869,0.76878,1.12,1.00
2016.09.13 13:05:45.566,0.76869,0.76878,1.12,1.00
2016.09.13 13:05:45.617,0.76869,0.76878,1.00,1.00
2016.09.13 13:05:45.896,0.76868,0.76875,1.87,1.00
2016.09.13 13:05:45.947,0.76868,0.76873,1.00,1.00
2016.09.13 13:05:46.050,0.76864,0.76871,2.62,1.00
2016.09.13 13:05:46.102,0.76865,0.76869,1.00,1.00
2016.09.13 13:05:46.153,0.76863,0.76869,1.00,1.00
2016.09.13 13:05:46.229,0.7686,0.76869,4.50,1.00
2016.09.13 13:05:46.331,0.7686,0.76869,2.25,1.00
2016.09.13 13:05:46.466,0.7686,0.76869,3.75,1.00
2016.09.13 13:05:46.518,0.76863,0.76871,1.00,1.10
2016.09.13 13:05:46.569,0.76863,0.76871,1.87,1.10
2016.09.13 13:05:46.621,0.76863,0.76871,1.87,1.00
2016.09.13 13:05:46.826,0.76863,0.76871,1.12,1.00
2016.09.13 13:05:46.877,0.76862,0.7687,4.12,1.00
2016.09.13 13:05:46.928,0.76862,0.7687,3.37,1.00
2016.09.13 13:05:46.980,0.76862,0.7687,3.75,1.00
2016.09.13 13:05:47.031,0.76863,0.7687,1.00,1.00
2016.09.13 13:05:47.223,0.76862,0.76872,3.00,1.00
2016.09.13 13:05:47.277,0.76862,0.76872,3.75,1.00
2016.09.13 13:05:47.329,0.76862,0.76872,4.87,1.00
2016.09.13 13:05:47.431,0.76862,0.76872,5.62,1.00
2016.09.13 13:05:47.533,0.76862,0.76872,4.87,1.00
2016.09.13 13:05:47.584,0.76863,0.76872,1.12,1.00
2016.09.13 13:05:47.789,0.76863,0.76872,1.87,1.00
2016.09.13 13:05:47.840,0.76863,0.76872,2.25,1.00
2016.09.13 13:05:48.071,0.76866,0.76873,2.25,1.10
2016.09.13 13:05:48.123,0.76866,0.76875,2.62,1.10
2016.09.13 13:05:48.175,0.76867,0.76875,1.50,1.00
2016.09.13 13:05:48.226,0.76867,0.76875,1.75,1.12
2016.09.13 13:05:48.278,0.76867,0.76874,2.25,1.00
2016.09.13 13:05:48.381,0.76868,0.76874,1.50,1.00
2016.09.13 13:05:48.483,0.76868,0.76875,2.25,1.12
2016.09.13 13:05:48.585,0.76868,0.76875,1.50,1.12
2016.09.13 13:05:48.933,0.76867,0.76875,1.87,1.37
2016.09.13 13:05:48.984,0.76866,0.76874,3.00,1.12
2016.09.13 13:05:49.036,0.76866,0.76874,1.00,1.12
2016.09.13 13:05:49.138,0.76865,0.76874,3.00,1.12
2016.09.13 13:05:49.189,0.76866,0.76874,1.12,1.12
2016.09.13 13:05:49.240,0.76866,0.76874,1.12,1.12
2016.09.13 13:05:49.343,0.76866,0.76872,1.12,1.00
2016.09.13 13:05:49.394,0.76863,0.76872,4.57,1.00
2016.09.13 13:05:49.448,0.76863,0.76871,1.85,1.00
2016.09.13 13:05:49.500,0.76863,0.76869,1.75,1.00
2016.09.13 13:05:49.551,0.76863,0.76869,1.00,1.00
2016.09.13 13:05:49.792,0.76863,0.76872,1.00,1.37
2016.09.13 13:05:49.843,0.76862,0.7687,1.50,1.00
2016.09.13 13:05:49.894,0.76863,0.76871,1.00,1.10
2016.09.13 13:05:49.946,0.76863,0.76871,1.00,1.12
2016.09.13 13:05:49.997,0.76863,0.76871,1.12,1.12
2016.09.13 13:05:50.048,0.76863,0.76872,1.87,1.12
2016.09.13 13:05:50.100,0.76863,0.76872,1.50,1.12
2016.09.13 13:05:50.152,0.76862,0.76872,2.62,1.12
2016.09.13 13:05:50.204,0.76862,0.7687,1.87,1.00
2016.09.13 13:05:50.383,0.76861,0.7687,1.50,1.00
2016.09.13 13:05:50.435,0.76861,0.7687,1.00,1.00
2016.09.13 13:05:50.486,0.76861,0.7687,1.50,1.00
2016.09.13 13:05:50.699,0.76861,0.7687,1.00,1.00
2016.09.13 13:05:50.750,0.7686,0.76869,3.00,1.00
2016.09.13 13:05:50.803,0.7686,0.76868,1.50,1.00
2016.09.13 13:05:50.855,0.76859,0.76868,1.69,1.00
2016.09.13 13:05:51.027,0.76858,0.76868,3.37,1.00
2016.09.13 13:05:51.136,0.76858,0.76867,2.62,1.00
2016.09.13 13:05:51.238,0.76858,0.76867,1.50,1.00
2016.09.13 13:05:51.782,0.76858,0.76868,1.50,1.00
2016.09.13 13:05:51.884,0.76858,0.76866,1.50,1.00
2016.09.13 13:05:52.088,0.76858,0.76866,1.69,1.00
2016.09.13 13:05:52.139,0.76858,0.76867,2.06,1.00
2016.09.13 13:05:52.343,0.76858,0.76868,2.44,1.12
2016.09.13 13:05:52.394,0.76858,0.76868,3.94,1.12
2016.09.13 13:05:52.445,0.76858,0.76867,3.94,1.00
2016.09.13 13:05:52.592,0.76858,0.76867,3.19,1.00
2016.09.13 13:05:52.644,0.76859,0.76867,1.25,1.00
2016.09.13 13:05:52.695,0.76859,0.76868,1.69,1.00
2016.09.13 13:05:53.029,0.76859,0.76868,2.44,1.00
2016.09.13 13:05:53.080,0.76862,0.7687,1.25,1.12
2016.09.13 13:05:53.132,0.76862,0.76871,1.25,1.95
2016.09.13 13:05:53.183,0.76862,0.76872,2.66,1.87
2016.09.13 13:05:53.235,0.76862,0.76872,2.44,1.00
2016.09.13 13:05:53.286,0.76862,0.76872,3.94,1.00
2016.09.13 13:05:53.443,0.76863,0.76873,2.81,1.10
2016.09.13 13:05:53.501,0.76863,0.76873,2.06,1.10
2016.09.13 13:05:53.583,0.76863,0.76873,2.81,1.10
2016.09.13 13:05:53.786,0.76863,0.76872,2.81,1.00
2016.09.13 13:05:53.888,0.76863,0.76872,2.06,1.00
2016.09.13 13:05:54.156,0.76863,0.76872,1.31,1.00
2016.09.13 13:05:54.207,0.76863,0.76872,1.69,1.00
2016.09.13 13:05:54.258,0.76863,0.76872,2.44,1.00
2016.09.13 13:05:54.620,0.76863,0.76872,3.19,1.00
2016.09.13 13:05:54.729,0.76863,0.76872,2.81,1.00
2016.09.13 13:05:54.780,0.76863,0.76872,2.06,1.00
2016.09.13 13:05:54.831,0.76865,0.76873,1.00,1.00
2016.09.13 13:05:54.882,0.76863,0.76873,2.81,1.00
2016.09.13 13:05:54.933,0.76863,0.76873,3.19,1.00
2016.09.13 13:05:54.985,0.76863,0.76872,2.44,1.00
2016.09.13 13:05:55.036,0.76863,0.76872,1.69,1.00
2016.09.13 13:05:55.087,0.76863,0.76872,2.25,1.00
2016.09.13 13:05:55.139,0.76863,0.76872,1.87,1.00
2016.09.13 13:05:55.190,0.76863,0.76872,2.25,1.00
2016.09.13 13:05:55.314,0.76864,0.7687,1.12,1.56
2016.09.13 13:05:55.367,0.76861,0.76867,1.20,1.37
2016.09.13 13:05:55.418,0.76858,0.76866,2.96,1.00
2016.09.13 13:05:55.471,0.76859,0.76868,1.31,1.75
2016.09.13 13:05:55.522,0.76859,0.76869,1.12,1.50
2016.09.13 13:05:55.576,0.76859,0.76868,1.12,1.12
2016.09.13 13:05:55.628,0.76861,0.76868,1.00,1.12
2016.09.13 13:05:55.680,0.76861,0.76869,1.12,1.12
2016.09.13 13:05:55.732,0.76861,0.76869,1.12,1.00
2016.09.13 13:05:55.834,0.76861,0.76869,1.12,1.37
2016.09.13 13:05:55.987,0.76861,0.76869,1.37,1.37
2016.09.13 13:05:56.903,0.76863,0.76872,1.00,1.57
2016.09.13 13:05:57.004,0.76863,0.76872,1.00,1.27
2016.09.13 13:05:57.106,0.76863,0.76871,1.00,1.12
2016.09.13 13:05:57.290,0.76863,0.76871,1.00,3.19
2016.09.13 13:05:57.341,0.7686,0.76868,1.00,1.37
2016.09.13 13:05:57.393,0.7686,0.76868,1.00,1.87
2016.09.13 13:05:57.444,0.76859,0.76868,1.50,2.70
2016.09.13 13:05:57.496,0.76859,0.76868,1.00,3.26
2016.09.13 13:05:57.575,0.76858,0.76868,1.00,4.01
2016.09.13 13:05:57.627,0.76858,0.76866,1.00,1.00
2016.09.13 13:05:57.678,0.76858,0.76866,1.00,1.37
2016.09.13 13:05:57.730,0.7686,0.76867,1.00,1.85
2016.09.13 13:05:57.782,0.76862,0.76866,1.00,1.00
2016.09.13 13:05:57.834,0.7686,0.76867,1.00,1.39
2016.09.13 13:05:57.979,0.7686,0.76866,1.10,1.12
2016.09.13 13:05:58.031,0.76861,0.76868,1.00,1.62
2016.09.13 13:05:58.083,0.76861,0.76868,1.00,1.69
2016.09.13 13:05:58.135,0.76863,0.76869,1.00,1.94
2016.09.13 13:05:58.187,0.76863,0.76869,1.00,1.56
2016.09.13 13:05:58.240,0.76862,0.7687,1.00,1.94
2016.09.13 13:05:58.292,0.76862,0.7687,1.00,1.56
2016.09.13 13:05:58.345,0.76863,0.7687,1.00,2.06
2016.09.13 13:05:58.447,0.76862,0.7687,1.00,2.44
2016.09.13 13:05:58.502,0.76862,0.7687,1.00,3.19
2016.09.13 13:05:58.767,0.76861,0.7687,1.00,2.44
2016.09.13 13:05:58.870,0.76861,0.7687,1.00,1.94
2016.09.13 13:05:58.921,0.76861,0.76869,1.00,1.00
2016.09.13 13:05:59.075,0.76861,0.7687,1.00,1.39
2016.09.13 13:05:59.179,0.76861,0.76869,1.00,1.00
2016.09.13 13:05:59.281,0.76861,0.76869,1.00,1.10
2016.09.13 13:05:59.333,0.76862,0.76869,1.00,1.65
2016.09.13 13:05:59.384,0.76862,0.76869,1.00,2.40
2016.09.13 13:05:59.435,0.76861,0.76869,1.00,1.20
2016.09.13 13:05:59.641,0.76861,0.76869,1.00,3.37
2016.09.13 13:05:59.693,0.76859,0.76867,1.00,1.50
2016.09.13 13:05:59.744,0.76859,0.76867,1.00,1.12
2016.09.13 13:05:59.795,0.76859,0.76867,1.00,1.31
2016.09.13 13:05:59.847,0.76859,0.76868,1.00,2.51
2016.09.13 13:05:59.953,0.7686,0.76868,1.00,1.76
2016.09.13 13:06:00.055,0.76862,0.76868,1.00,1.31
2016.09.13 13:06:00.107,0.76862,0.76868,1.00,1.25
2016.09.13 13:06:00.159,0.76862,0.76871,1.00,2.62
2016.09.13 13:06:00.210,0.76862,0.76871,1.00,3.75
2016.09.13 13:06:00.369,0.7686,0.76869,1.00,1.10
2016.09.13 13:06:00.425,0.7686,0.76868,1.00,1.00
2016.09.13 13:06:00.477,0.76859,0.76868,1.00,1.25
2016.09.13 13:06:00.580,0.7686,0.76867,1.00,1.00
2016.09.13 13:06:00.785,0.7686,0.76868,1.00,1.31
2016.09.13 13:06:00.836,0.7686,0.76869,1.00,2.14
2016.09.13 13:06:00.887,0.7686,0.76868,1.00,1.69
2016.09.13 13:06:00.939,0.76859,0.76868,1.00,2.06
2016.09.13 13:06:00.990,0.76859,0.76866,1.00,1.00
2016.09.13 13:06:01.161,0.76859,0.76866,1.00,1.37
2016.09.13 13:06:01.213,0.76858,0.76868,1.00,3.56
2016.09.13 13:06:01.265,0.76857,0.76867,1.00,1.66
2016.09.13 13:06:01.316,0.76856,0.76865,1.00,1.12
2016.09.13 13:06:01.368,0.76856,0.76864,1.00,1.25
2016.09.13 13:06:01.470,0.76856,0.76863,1.00,1.12
2016.09.13 13:06:01.623,0.76856,0.76863,1.00,1.20
2016.09.13 13:06:01.675,0.76854,0.76864,1.12,2.89
2016.09.13 13:06:01.863,0.76854,0.76864,1.12,1.95
2016.09.13 13:06:01.918,0.76858,0.76865,1.00,1.87
2016.09.13 13:06:01.969,0.76858,0.76865,1.00,1.00
2016.09.13 13:06:03.208,0.76859,0.76866,1.00,1.95
2016.09.13 13:06:03.260,0.76857,0.76866,1.00,1.10
2016.09.13 13:06:03.311,0.76857,0.76867,1.00,2.51
2016.09.13 13:06:03.362,0.76857,0.76867,1.00,2.21
2016.09.13 13:06:03.644,0.7686,0.76867,1.00,1.46
2016.09.13 13:06:03.771,0.7686,0.76868,1.00,2.44
2016.09.13 13:06:03.830,0.7686,0.76868,1.00,1.76
2016.09.13 13:06:03.882,0.7686,0.76869,1.00,3.19
2016.09.13 13:06:03.984,0.7686,0.76869,1.00,2.81
2016.09.13 13:06:04.137,0.76858,0.76868,1.00,1.39
2016.09.13 13:06:04.242,0.76858,0.76868,1.00,2.14
2016.09.13 13:06:04.496,0.76858,0.76867,1.00,1.01
2016.09.13 13:06:04.822,0.76856,0.76866,1.87,1.12
2016.09.13 13:06:04.873,0.76856,0.76866,1.12,1.50
2016.09.13 13:06:04.977,0.76856,0.76865,1.00,1.20
2016.09.13 13:06:05.079,0.76856,0.76864,1.00,1.00
2016.09.13 13:06:05.382,0.76858,0.76865,1.00,1.20
2016.09.13 13:06:05.433,0.76858,0.76866,1.00,1.45
2016.09.13 13:06:05.485,0.76858,0.76866,1.00,1.20
2016.09.13 13:06:05.588,0.76858,0.76867,1.00,1.22
2016.09.13 13:06:05.742,0.7686,0.76868,1.00,1.95
2016.09.13 13:06:05.793,0.7686,0.76869,1.00,1.69
2016.09.13 13:06:05.895,0.7686,0.76869,1.00,1.31
2016.09.13 13:06:05.948,0.7686,0.7687,1.00,2.81
2016.09.13 13:06:06.131,0.76859,0.76867,1.00,1.12
2016.09.13 13:06:06.182,0.76859,0.76867,1.00,1.56
2016.09.13 13:06:06.233,0.76859,0.76867,1.00,2.44
2016.09.13 13:06:06.285,0.76859,0.76867,1.00,1.69
2016.09.13 13:06:06.386,0.76859,0.76867,1.00,2.06
2016.09.13 13:06:06.438,0.76857,0.76866,1.00,1.19
2016.09.13 13:06:06.541,0.76858,0.76867,1.00,2.06
2016.09.13 13:06:06.593,0.76858,0.76867,1.00,1.69
2016.09.13 13:06:06.644,0.76858,0.76867,1.00,1.00
2016.09.13 13:06:06.796,0.7686,0.76869,1.00,1.95
2016.09.13 13:06:06.847,0.76859,0.76868,1.00,2.62
2016.09.13 13:06:06.899,0.76859,0.76868,1.00,1.00
2016.09.13 13:06:06.950,0.7686,0.76867,1.00,1.00
2016.09.13 13:06:07.052,0.76858,0.76868,2.70,1.00
2016.09.13 13:06:07.104,0.7686,0.76869,1.00,1.75
2016.09.13 13:06:07.207,0.76861,0.76871,1.00,2.06
2016.09.13 13:06:07.258,0.76861,0.7687,1.50,1.00
2016.09.13 13:06:07.310,0.76862,0.76871,1.00,1.50
2016.09.13 13:06:07.362,0.76862,0.76872,1.00,1.87
2016.09.13 13:06:07.531,0.76862,0.76872,1.50,1.20
2016.09.13 13:06:07.583,0.76863,0.76872,1.00,1.10
2016.09.13 13:06:07.787,0.76862,0.76872,1.50,1.10
2016.09.13 13:06:07.838,0.76862,0.7687,1.50,1.00
2016.09.13 13:06:08.145,0.76864,0.76872,1.00,1.20
2016.09.13 13:06:08.196,0.76864,0.76873,1.50,1.50
2016.09.13 13:06:08.381,0.76864,0.76874,1.50,1.50
2016.09.13 13:06:09.020,0.76865,0.76874,1.00,1.50
2016.09.13 13:06:09.705,0.76866,0.76874,1.00,1.50
2016.09.13 13:06:10.252,0.76866,0.76874,1.00,1.75
2016.09.13 13:06:10.303,0.76866,0.76874,1.00,2.25
2016.09.13 13:06:10.673,0.76866,0.76873,1.00,1.50
2016.09.13 13:06:10.725,0.76864,0.76874,1.00,2.62
2016.09.13 13:06:10.776,0.76863,0.76873,1.12,1.50
2016.09.13 13:06:10.878,0.76862,0.76872,1.87,1.12
2016.09.13 13:06:10.930,0.76863,0.76871,1.12,1.69
2016.09.13 13:06:11.110,0.76863,0.76873,1.12,1.57
2016.09.13 13:06:11.162,0.76865,0.76874,1.00,2.25
2016.09.13 13:06:11.213,0.76865,0.76874,1.12,1.12
2016.09.13 13:06:11.316,0.76865,0.76875,1.00,2.32
2016.09.13 13:06:11.418,0.76866,0.76876,1.00,2.70
2016.09.13 13:06:11.520,0.76866,0.76875,1.00,1.20
2016.09.13 13:06:11.622,0.76866,0.76876,1.00,1.95
2016.09.13 13:06:11.805,0.76865,0.76875,1.12,1.20
2016.09.13 13:06:11.908,0.76864,0.76874,1.50,1.12
2016.09.13 13:06:11.960,0.76867,0.76874,1.00,1.50
2016.09.13 13:06:12.011,0.76867,0.76874,1.00,1.00
2016.09.13 13:06:12.216,0.76864,0.76874,1.00,1.37
2016.09.13 13:06:13.084,0.76865,0.76874,1.00,1.37
2016.09.13 13:06:13.135,0.76867,0.76877,1.00,4.39
2016.09.13 13:06:13.237,0.76867,0.76877,2.25,3.07
2016.09.13 13:06:13.408,0.7687,0.76877,1.00,1.12
2016.09.13 13:06:13.459,0.76871,0.76881,1.00,1.56
2016.09.13 13:06:13.510,0.76873,0.7688,1.00,2.00
2016.09.13 13:06:13.578,0.76872,0.76881,1.00,3.37
2016.09.13 13:06:13.630,0.76872,0.76881,1.00,1.87
2016.09.13 13:06:13.681,0.76871,0.76879,1.00,1.37
2016.09.13 13:06:13.732,0.7687,0.7688,1.00,1.50
2016.09.13 13:06:13.834,0.76868,0.76877,1.57,1.37
2016.09.13 13:06:13.974,0.76868,0.76876,1.50,1.37
2016.09.13 13:06:14.027,0.76864,0.76873,1.45,1.37
2016.09.13 13:06:14.131,0.76864,0.76873,1.20,1.12
2016.09.13 13:06:14.182,0.76864,0.76874,1.20,1.87
2016.09.13 13:06:14.234,0.76864,0.76873,1.20,1.12
2016.09.13 13:06:14.285,0.76866,0.76873,1.00,1.87
2016.09.13 13:06:14.337,0.76866,0.76876,1.00,3.90
2016.09.13 13:06:14.388,0.76866,0.76876,1.00,3.75
2016.09.13 13:06:14.439,0.76866,0.76876,1.00,1.50
2016.09.13 13:06:14.721,0.76867,0.76877,1.00,1.75
2016.09.13 13:06:15.027,0.76867,0.76877,1.00,1.85
2016.09.13 13:06:15.130,0.76867,0.76876,1.00,1.00
2016.09.13 13:06:15.528,0.76867,0.76877,1.00,1.85
2016.09.13 13:06:15.989,0.76869,0.76876,1.00,1.50
2016.09.13 13:06:16.040,0.76868,0.76878,1.00,2.32
2016.09.13 13:06:16.092,0.76867,0.76877,1.00,1.85
2016.09.13 13:06:16.307,0.76868,0.76877,1.87,1.12
2016.09.13 13:06:16.460,0.76868,0.76877,2.25,1.12
2016.09.13 13:06:16.511,0.76868,0.76877,1.87,1.12
2016.09.13 13:06:16.664,0.76869,0.76877,1.00,1.12
2016.09.13 13:06:16.715,0.76869,0.76876,1.00,1.00
2016.09.13 13:06:17.078,0.76869,0.76878,1.50,1.37
2016.09.13 13:06:17.129,0.7687,0.76878,1.00,1.00
2016.09.13 13:06:17.231,0.76869,0.76878,1.95,1.00
2016.09.13 13:06:17.283,0.76869,0.76878,2.70,1.00
2016.09.13 13:06:17.334,0.76869,0.76878,2.32,1.00
2016.09.13 13:06:17.437,0.76869,0.76878,2.70,1.37
2016.09.13 13:06:17.540,0.76871,0.76878,1.00,1.00
2016.09.13 13:06:17.799,0.76872,0.7688,1.12,1.12
2016.09.13 13:06:17.850,0.76872,0.7688,1.00,1.12
2016.09.13 13:06:17.901,0.76873,0.76881,1.00,1.37
2016.09.13 13:06:18.839,0.76873,0.76883,1.00,2.62
2016.09.13 13:06:19.093,0.76873,0.76883,1.00,3.00
2016.09.13 13:06:19.682,0.76872,0.76882,1.00,1.47
2016.09.13 13:06:19.733,0.76872,0.76882,1.00,1.95
2016.09.13 13:06:19.835,0.76872,0.76882,1.00,2.70
2016.09.13 13:06:19.886,0.76872,0.76882,1.00,3.82
2016.09.13 13:06:19.938,0.76872,0.76882,1.00,4.57
2016.09.13 13:06:19.989,0.76872,0.76882,1.00,4.20
2016.09.13 13:06:20.040,0.76872,0.76882,1.00,3.45
2016.09.13 13:06:20.260,0.76872,0.76882,1.00,4.95
2016.09.13 13:06:20.313,0.76872,0.76882,1.00,4.20
2016.09.13 13:06:20.365,0.76872,0.76882,1.00,3.45
2016.09.13 13:06:20.468,0.76871,0.76881,1.00,1.50
2016.09.13 13:06:20.612,0.76871,0.7688,1.00,1.37
2016.09.13 13:06:21.132,0.76872,0.7688,1.00,1.37
2016.09.13 13:06:21.563,0.76874,0.76882,1.00,3.07
2016.09.13 13:06:21.616,0.76873,0.76883,1.00,2.40
2016.09.13 13:06:21.667,0.76875,0.76883,1.00,2.02
2016.09.13 13:06:21.719,0.76876,0.76884,1.00,1.87
2016.09.13 13:06:21.770,0.76875,0.76883,1.00,1.37
2016.09.13 13:06:21.925,0.76875,0.76884,1.00,1.50
2016.09.13 13:06:22.027,0.76876,0.76884,1.00,1.37
2016.09.13 13:06:22.735,0.76877,0.76884,1.00,1.37
2016.09.13 13:06:23.143,0.76875,0.76884,1.00,1.37
2016.09.13 13:06:23.689,0.76875,0.76883,1.00,1.37
2016.09.13 13:06:23.842,0.76874,0.76883,1.12,1.37
2016.09.13 13:06:24.127,0.76873,0.76882,1.87,1.37
2016.09.13 13:06:24.178,0.76872,0.76882,2.40,1.37
2016.09.13 13:06:24.229,0.76872,0.76881,1.65,1.37
2016.09.13 13:06:24.283,0.76871,0.76881,1.50,1.37
2016.09.13 13:06:24.334,0.76871,0.76881,1.50,1.50
2016.09.13 13:06:24.385,0.76871,0.76881,1.12,1.50
2016.09.13 13:06:24.437,0.76871,0.76881,1.12,1.12
2016.09.13 13:06:25.873,0.76871,0.7688,1.12,1.00
2016.09.13 13:06:26.266,0.76871,0.7688,1.00,1.00
2016.09.13 13:06:27.144,0.76871,0.7688,1.50,1.00
2016.09.13 13:06:27.195,0.76871,0.76881,1.50,1.12
2016.09.13 13:06:27.247,0.76873,0.76882,1.00,1.50
2016.09.13 13:06:27.298,0.76874,0.76882,1.00,1.37
2016.09.13 13:06:27.349,0.76874,0.76882,1.00,1.12
2016.09.13 13:06:27.544,0.76874,0.76883,1.00,1.00
2016.09.13 13:06:27.631,0.76873,0.76883,1.12,1.50
2016.09.13 13:06:27.682,0.76872,0.76882,1.50,1.00
2016.09.13 13:06:27.733,0.76872,0.76882,1.12,1.12
2016.09.13 13:06:27.785,0.76872,0.76882,1.00,1.87
2016.09.13 13:06:27.836,0.76872,0.76882,1.00,2.25
2016.09.13 13:06:27.887,0.76872,0.76882,1.00,3.00
2016.09.13 13:06:27.939,0.76872,0.7688,1.00,1.00
2016.09.13 13:06:30.207,0.76872,0.7688,1.10,1.00
2016.09.13 13:06:30.309,0.76872,0.7688,1.00,1.00
2016.09.13 13:06:30.694,0.76871,0.7688,1.00,1.37
2016.09.13 13:06:30.896,0.7687,0.7688,1.10,1.37
2016.09.13 13:06:31.086,0.76871,0.7688,1.00,2.62
2016.09.13 13:06:31.138,0.76871,0.76879,1.00,1.37
2016.09.13 13:06:31.540,0.76871,0.76878,1.00,1.50
2016.09.13 13:06:31.592,0.76869,0.76876,1.00,1.00
2016.09.13 13:06:31.643,0.76868,0.76877,1.00,1.00
2016.09.13 13:06:31.789,0.76868,0.76877,1.00,1.00
2016.09.13 13:06:31.840,0.76867,0.76877,1.50,1.50
2016.09.13 13:06:31.994,0.76868,0.76877,1.00,1.00
2016.09.13 13:06:32.045,0.76869,0.76877,1.00,1.00
2016.09.13 13:06:32.097,0.76869,0.76879,1.00,1.87
2016.09.13 13:06:32.148,0.7687,0.76879,1.00,1.50
2016.09.13 13:06:32.200,0.7687,0.7688,1.50,1.50
2016.09.13 13:06:32.251,0.7687,0.7688,1.50,1.00
2016.09.13 13:06:32.404,0.76872,0.76881,1.00,4.20
2016.09.13 13:06:32.455,0.76873,0.76881,1.00,2.32
2016.09.13 13:06:32.623,0.76873,0.76881,1.50,1.10
2016.09.13 13:06:32.698,0.76874,0.76883,1.00,1.00
2016.09.13 13:06:33.238,0.76874,0.76883,1.00,1.37
2016.09.13 13:06:33.615,0.76873,0.76881,1.00,1.00
2016.09.13 13:06:33.768,0.76873,0.76882,1.50,1.00
2016.09.13 13:06:34.075,0.76873,0.76881,1.00,1.00
2016.09.13 13:06:34.593,0.76872,0.76881,1.10,1.00
2016.09.13 13:06:35.130,0.76872,0.76881,1.47,1.00
2016.09.13 13:06:35.182,0.76873,0.76882,1.12,1.00
2016.09.13 13:06:35.284,0.76873,0.76882,1.50,1.00
2016.09.13 13:06:35.506,0.76875,0.76882,1.00,1.00
2016.09.13 13:06:36.709,0.76874,0.76882,1.00,1.00
2016.09.13 13:06:37.487,0.76874,0.76881,1.00,1.00
2016.09.13 13:06:38.204,0.76875,0.76881,1.00,1.00
2016.09.13 13:06:38.748,0.76876,0.76883,1.00,1.00
2016.09.13 13:06:39.279,0.76877,0.76883,1.00,1.00
2016.09.13 13:06:39.615,0.76879,0.76885,1.19,1.00
2016.09.13 13:06:39.667,0.76882,0.76886,1.00,1.00
2016.09.13 13:06:39.719,0.76882,0.76888,1.00,1.75
2016.09.13 13:06:39.770,0.7688,0.76888,1.69,1.00
2016.09.13 13:06:39.821,0.7688,0.76887,1.31,1.00
2016.09.13 13:06:39.873,0.76879,0.76886,1.69,1.00
2016.09.13 13:06:39.976,0.76879,0.76886,1.00,1.00
2016.09.13 13:06:40.505,0.76879,0.76887,1.00,1.00
2016.09.13 13:06:40.608,0.76879,0.76888,1.50,1.12
2016.09.13 13:06:40.660,0.76879,0.76889,1.87,3.00
2016.09.13 13:06:40.712,0.76881,0.76889,1.57,1.50
2016.09.13 13:06:40.764,0.76881,0.76889,1.57,1.00
2016.09.13 13:06:40.815,0.76883,0.76889,1.10,1.00
2016.09.13 13:06:40.867,0.76883,0.7689,1.10,1.00
2016.09.13 13:06:41.081,0.7688,0.76889,2.70,1.00
2016.09.13 13:06:41.132,0.7688,0.76889,1.50,1.00
2016.09.13 13:06:41.184,0.76883,0.76892,1.00,4.50
2016.09.13 13:06:41.235,0.76883,0.76892,1.00,4.12
2016.09.13 13:06:41.286,0.76883,0.76891,1.00,1.00
2016.09.13 13:06:41.558,0.76883,0.76892,1.00,3.75
2016.09.13 13:06:42.060,0.76883,0.76892,1.00,3.00
2016.09.13 13:06:42.162,0.76883,0.76891,1.00,1.12
2016.09.13 13:06:42.892,0.76884,0.76892,1.00,3.37
2016.09.13 13:06:42.943,0.76883,0.76892,1.00,2.62
2016.09.13 13:06:42.995,0.76883,0.76891,1.00,1.00
2016.09.13 13:06:43.098,0.76886,0.76893,1.00,1.87
2016.09.13 13:06:43.151,0.76886,0.76893,1.00,2.62
2016.09.13 13:06:43.202,0.76885,0.76892,1.00,1.12
2016.09.13 13:06:43.254,0.76885,0.76892,1.00,1.00
2016.09.13 13:06:43.306,0.76881,0.76891,2.62,1.00
2016.09.13 13:06:43.555,0.76881,0.7689,1.12,1.12
2016.09.13 13:06:43.623,0.76882,0.76891,1.10,1.37
2016.09.13 13:06:43.674,0.76884,0.76891,1.00,1.50
2016.09.13 13:06:43.726,0.76884,0.7689,1.00,1.00
2016.09.13 13:06:43.777,0.76884,0.76891,1.10,1.75
2016.09.13 13:06:43.828,0.76884,0.76891,1.10,1.37
2016.09.13 13:06:43.880,0.76882,0.76891,2.40,1.00
2016.09.13 13:06:43.931,0.76882,0.76891,2.02,1.00
2016.09.13 13:06:43.983,0.76882,0.76891,1.65,1.00
2016.09.13 13:06:44.299,0.76884,0.76892,1.50,1.00
2016.09.13 13:06:44.402,0.76884,0.76894,1.50,1.00
2016.09.13 13:06:44.453,0.76884,0.76894,1.57,1.00
2016.09.13 13:06:44.505,0.76884,0.76892,1.57,1.00
2016.09.13 13:06:44.659,0.76884,0.76892,1.50,1.00
2016.09.13 13:06:44.711,0.76884,0.76892,1.00,1.00
2016.09.13 13:06:44.762,0.76884,0.76892,1.00,1.12
2016.09.13 13:06:44.814,0.76883,0.76892,1.10,1.12
2016.09.13 13:06:44.866,0.76883,0.76892,1.00,1.37
2016.09.13 13:06:45.058,0.76883,0.76892,1.00,1.00
2016.09.13 13:06:45.211,0.76884,0.76892,1.00,1.00
2016.09.13 13:06:45.364,0.76884,0.76892,1.00,1.37
2016.09.13 13:06:45.466,0.76884,0.76892,1.00,1.00
2016.09.13 13:06:45.570,0.76885,0.76892,1.00,1.37
2016.09.13 13:06:45.723,0.76884,0.76894,1.27,1.37
2016.09.13 13:06:45.915,0.76885,0.76894,1.12,1.37
2016.09.13 13:06:45.966,0.76886,0.76893,1.07,1.37
2016.09.13 13:06:46.017,0.76885,0.76892,1.12,1.12
2016.09.13 13:06:46.069,0.76884,0.76892,2.32,1.12
2016.09.13 13:06:46.120,0.76884,0.76894,1.57,1.50
2016.09.13 13:06:46.172,0.76884,0.76894,2.32,1.37
2016.09.13 13:06:46.640,0.76884,0.76894,2.32,1.00
2016.09.13 13:06:46.692,0.76883,0.76891,1.87,1.00
2016.09.13 13:06:46.743,0.76883,0.76891,1.07,1.00
2016.09.13 13:06:46.794,0.76882,0.76891,1.12,1.00
2016.09.13 13:06:46.846,0.76881,0.76891,4.12,1.37
2016.09.13 13:06:46.897,0.76882,0.76891,1.50,1.37
2016.09.13 13:06:46.948,0.76882,0.76892,1.95,1.37
2016.09.13 13:06:47.051,0.76882,0.76892,2.32,1.12
2016.09.13 13:06:47.102,0.76883,0.76892,1.20,1.12
2016.09.13 13:06:47.153,0.76883,0.76891,1.20,1.37
2016.09.13 13:06:47.204,0.76882,0.76891,1.95,1.37
2016.09.13 13:06:47.421,0.76882,0.76891,1.95,1.00
2016.09.13 13:06:47.930,0.76882,0.7689,1.20,1.00
2016.09.13 13:06:48.174,0.76882,0.7689,1.10,1.00
2016.09.13 13:06:48.533,0.76881,0.7689,1.57,1.00
2016.09.13 13:06:48.929,0.76882,0.7689,1.65,1.00
2016.09.13 13:06:49.069,0.76882,0.7689,2.32,1.00
2016.09.13 13:06:49.593,0.76882,0.76891,2.32,1.00
2016.09.13 13:06:49.856,0.76882,0.76891,3.07,1.00
2016.09.13 13:06:50.144,0.76883,0.76891,1.12,1.00
2016.09.13 13:06:50.606,0.76882,0.7689,1.95,1.00
2016.09.13 13:06:51.116,0.76882,0.7689,1.47,1.00
2016.09.13 13:06:51.167,0.76881,0.7689,3.07,1.00
2016.09.13 13:06:51.636,0.76882,0.76892,1.20,1.12
2016.09.13 13:06:51.688,0.76882,0.76892,2.32,1.12
2016.09.13 13:06:51.740,0.76883,0.76892,1.10,1.12
2016.09.13 13:06:51.791,0.76884,0.76893,1.00,1.00
2016.09.13 13:06:51.893,0.76884,0.76893,1.10,1.00
2016.09.13 13:06:52.028,0.76885,0.76893,1.00,1.00
2016.09.13 13:06:52.237,0.76883,0.76891,1.50,1.00
2016.09.13 13:06:52.288,0.76886,0.76893,1.00,1.00
2016.09.13 13:06:52.340,0.76886,0.76893,1.00,1.12
2016.09.13 13:06:52.392,0.76886,0.76893,1.10,1.00
2016.09.13 13:06:52.495,0.76886,0.76893,1.20,1.00
2016.09.13 13:06:52.998,0.76886,0.76894,1.20,1.00
2016.09.13 13:06:53.151,0.76885,0.76894,2.32,1.00
2016.09.13 13:06:53.202,0.76885,0.76893,2.25,1.00
2016.09.13 13:06:54.232,0.76885,0.76893,1.57,1.00
2016.09.13 13:06:54.562,0.76884,0.76893,3.00,1.00
2016.09.13 13:06:54.614,0.76884,0.76893,1.87,1.00
2016.09.13 13:06:54.665,0.76884,0.76893,1.00,1.00
2016.09.13 13:06:54.716,0.76883,0.76891,1.20,1.00
2016.09.13 13:06:55.021,0.76884,0.76892,1.00,1.12
2016.09.13 13:06:55.072,0.76884,0.76894,1.00,2.25
2016.09.13 13:06:55.123,0.76885,0.76895,1.50,1.37
2016.09.13 13:06:55.307,0.76887,0.76895,1.37,1.00
2016.09.13 13:06:55.413,0.76887,0.76895,1.50,1.00
2016.09.13 13:06:55.464,0.76887,0.76897,2.10,1.00
2016.09.13 13:06:55.515,0.76889,0.76898,1.00,1.00
2016.09.13 13:06:55.566,0.76889,0.76898,1.12,1.12
2016.09.13 13:06:55.618,0.76889,0.76898,1.12,1.50
2016.09.13 13:06:55.669,0.76889,0.76898,1.00,1.12
2016.09.13 13:06:55.720,0.76888,0.76897,1.95,1.00
2016.09.13 13:06:55.772,0.76888,0.76897,2.32,1.00
2016.09.13 13:06:55.823,0.76888,0.76897,1.20,1.00
2016.09.13 13:06:56.000,0.76888,0.76897,1.57,1.00
2016.09.13 13:06:56.051,0.76888,0.76897,1.20,1.00
2016.09.13 13:06:56.102,0.76888,0.76897,1.95,1.00
2016.09.13 13:06:56.306,0.76888,0.76897,1.95,1.50
2016.09.13 13:06:56.409,0.76887,0.76895,1.87,1.00
2016.09.13 13:06:56.461,0.76887,0.76895,1.20,1.00
2016.09.13 13:06:56.513,0.76887,0.76895,1.10,1.12
2016.09.13 13:06:56.564,0.76886,0.76895,1.00,1.12
2016.09.13 13:06:56.615,0.76885,0.76895,2.62,1.12
2016.09.13 13:06:56.802,0.76884,0.76894,2.25,1.00
2016.09.13 13:06:56.854,0.76884,0.76894,2.25,1.12
2016.09.13 13:06:56.905,0.76885,0.76892,1.12,1.00
2016.09.13 13:06:56.957,0.76885,0.76892,1.00,1.00
2016.09.13 13:06:57.008,0.76884,0.76892,1.57,1.00
2016.09.13 13:06:57.059,0.76884,0.76892,1.20,1.00
2016.09.13 13:06:57.212,0.76883,0.76892,2.10,1.00
2016.09.13 13:06:57.264,0.76883,0.76892,1.35,1.00
2016.09.13 13:06:57.315,0.76883,0.7689,2.10,1.00
2016.09.13 13:06:57.505,0.76883,0.7689,1.72,1.00
2016.09.13 13:06:57.556,0.76881,0.76888,1.50,1.00
2016.09.13 13:06:57.617,0.76881,0.76888,1.12,1.50
2016.09.13 13:06:57.668,0.76878,0.76887,1.45,1.00
2016.09.13 13:06:57.719,0.76878,0.76886,3.00,1.00
2016.09.13 13:06:57.770,0.76878,0.76886,2.62,1.00
2016.09.13 13:06:57.821,0.76877,0.76886,1.57,1.00
2016.09.13 13:06:57.924,0.76879,0.76887,1.00,1.00
2016.09.13 13:06:57.975,0.76879,0.76888,1.12,1.50
2016.09.13 13:06:58.146,0.7688,0.76888,1.07,1.00
2016.09.13 13:06:58.199,0.7688,0.76888,1.87,1.00
2016.09.13 13:06:58.302,0.7688,0.7689,1.87,1.12
2016.09.13 13:06:58.405,0.76882,0.7689,1.37,1.12
2016.09.13 13:06:58.507,0.76883,0.76891,1.10,1.87
2016.09.13 13:06:58.581,0.76883,0.76891,1.10,1.37
2016.09.13 13:06:58.633,0.76883,0.76891,3.37,1.37
2016.09.13 13:06:58.800,0.76884,0.76892,1.57,1.37
2016.09.13 13:06:58.851,0.76884,0.76894,1.57,1.00
2016.09.13 13:06:59.004,0.76884,0.76891,1.07,1.00
2016.09.13 13:06:59.055,0.76883,0.76891,1.47,1.00
2016.09.13 13:06:59.107,0.76882,0.76891,1.80,1.00
2016.09.13 13:06:59.158,0.76882,0.76891,1.42,1.00
2016.09.13 13:06:59.262,0.76882,0.7689,1.27,1.00
2016.09.13 13:06:59.314,0.76881,0.7689,1.80,1.00
2016.09.13 13:06:59.648,0.76881,0.7689,1.05,1.00
2016.09.13 13:06:59.907,0.76881,0.7689,1.80,1.00
2016.09.13 13:06:59.987,0.76881,0.7689,2.17,1.00
2016.09.13 13:07:00.039,0.76882,0.7689,1.05,1.00
2016.09.13 13:07:00.193,0.76882,0.76891,2.17,1.00
2016.09.13 13:07:00.597,0.76884,0.76891,1.12,1.00
2016.09.13 13:07:00.699,0.76883,0.7689,1.20,1.00
2016.09.13 13:07:00.750,0.76882,0.76889,1.12,1.00
2016.09.13 13:07:00.852,0.76882,0.76891,1.12,1.50
2016.09.13 13:07:01.071,0.76883,0.76891,1.20,1.12
2016.09.13 13:07:01.122,0.76883,0.76891,1.50,1.00
2016.09.13 13:07:01.173,0.76883,0.76891,1.87,1.00
2016.09.13 13:07:01.480,0.76883,0.76891,1.50,1.00
2016.09.13 13:07:01.581,0.76882,0.7689,2.62,1.00
2016.09.13 13:07:01.759,0.76883,0.7689,1.50,1.00
2016.09.13 13:07:01.815,0.76884,0.76892,1.57,2.06
2016.09.13 13:07:01.866,0.76883,0.76889,1.12,1.00
2016.09.13 13:07:01.918,0.76882,0.76891,1.95,1.00
2016.09.13 13:07:01.969,0.76882,0.7689,1.57,1.12
2016.09.13 13:07:02.020,0.76881,0.7689,2.10,1.12
2016.09.13 13:07:02.072,0.76881,0.7689,1.72,1.12
2016.09.13 13:07:02.123,0.76882,0.7689,1.50,1.00
2016.09.13 13:07:02.175,0.76882,0.7689,1.12,1.00
2016.09.13 13:07:02.568,0.76883,0.7689,2.25,1.00
2016.09.13 13:07:02.624,0.76884,0.76892,1.12,1.00
2016.09.13 13:07:02.675,0.76884,0.76893,1.12,2.06
2016.09.13 13:07:02.726,0.76884,0.76893,1.12,1.69
2016.09.13 13:07:02.778,0.76884,0.76893,1.12,1.25
2016.09.13 13:07:02.829,0.76886,0.76893,1.10,1.25
2016.09.13 13:07:02.881,0.76887,0.76893,1.37,1.25
2016.09.13 13:07:02.932,0.76888,0.76895,1.12,1.12
2016.09.13 13:07:02.984,0.76888,0.76895,1.12,1.00
2016.09.13 13:07:03.208,0.76888,0.76895,1.07,1.00
2016.09.13 13:07:03.260,0.76888,0.76897,1.20,1.00
2016.09.13 13:07:03.897,0.76887,0.76897,3.00,1.00
2016.09.13 13:07:04.253,0.76887,0.76896,2.25,1.00
2016.09.13 13:07:04.355,0.76887,0.76896,1.87,1.00
2016.09.13 13:07:04.457,0.76887,0.76896,1.87,1.87
2016.09.13 13:07:04.508,0.76887,0.76896,1.87,2.06
2016.09.13 13:07:04.559,0.76887,0.76896,1.12,1.25
2016.09.13 13:07:04.788,0.76887,0.76896,1.12,1.69
2016.09.13 13:07:04.839,0.76887,0.76895,1.12,1.00
2016.09.13 13:07:05.196,0.76887,0.76895,1.50,1.00
2016.09.13 13:07:05.247,0.76887,0.76895,1.87,1.00
2016.09.13 13:07:05.451,0.76887,0.76896,1.50,1.00
2016.09.13 13:07:05.793,0.76887,0.76896,1.12,1.00
2016.09.13 13:07:06.168,0.76887,0.76896,1.87,1.00
2016.09.13 13:07:06.322,0.76889,0.76897,1.10,1.00
2016.09.13 13:07:06.486,0.76889,0.76897,1.20,1.00
2016.09.13 13:07:07.314,0.76889,0.76898,1.20,1.00
2016.09.13 13:07:08.682,0.76889,0.76895,1.20,1.00
2016.09.13 13:07:08.733,0.76888,0.76895,1.57,1.00
2016.09.13 13:07:08.784,0.76888,0.76895,1.07,1.00
2016.09.13 13:07:08.835,0.76888,0.76895,1.50,1.00
2016.09.13 13:07:08.963,0.76887,0.76895,1.12,1.00
2016.09.13 13:07:09.014,0.76886,0.76894,3.45,1.00
2016.09.13 13:07:09.117,0.76886,0.76893,1.57,1.00
2016.09.13 13:07:09.168,0.76884,0.76893,1.87,1.00
2016.09.13 13:07:09.219,0.76885,0.76894,1.95,1.12
2016.09.13 13:07:09.271,0.76886,0.76894,1.50,1.50
2016.09.13 13:07:09.322,0.76886,0.76895,1.87,1.50
2016.09.13 13:07:09.375,0.76886,0.76895,1.50,1.50
2016.09.13 13:07:09.426,0.76886,0.76895,1.00,1.50
2016.09.13 13:07:09.478,0.76886,0.76895,1.50,1.00
2016.09.13 13:07:09.631,0.76887,0.76894,1.12,1.00
2016.09.13 13:07:09.821,0.76887,0.76895,1.00,1.00
2016.09.13 13:07:09.872,0.76888,0.76895,1.00,1.00
2016.09.13 13:07:09.974,0.76888,0.76895,1.12,1.00
2016.09.13 13:07:10.330,0.76887,0.76895,1.50,1.00
2016.09.13 13:07:11.437,0.76886,0.76895,1.12,1.00
2016.09.13 13:07:11.624,0.76885,0.76892,1.37,1.00
2016.09.13 13:07:11.677,0.76885,0.76892,1.12,1.00
2016.09.13 13:07:11.780,0.76884,0.76892,1.37,1.00
2016.09.13 13:07:11.832,0.76883,0.76891,2.25,1.00
2016.09.13 13:07:11.883,0.76883,0.76891,1.00,1.00
2016.09.13 13:07:11.986,0.76883,0.76891,1.12,1.00
2016.09.13 13:07:12.037,0.76882,0.76891,1.50,1.00
2016.09.13 13:07:12.140,0.76882,0.76889,1.00,1.00
2016.09.13 13:07:12.191,0.76882,0.76889,1.12,1.00
2016.09.13 13:07:12.251,0.7688,0.76888,2.25,1.00
2016.09.13 13:07:12.439,0.7688,0.76889,1.00,1.20
2016.09.13 13:07:12.490,0.7688,0.76889,1.00,1.00
2016.09.13 13:07:12.796,0.76882,0.76891,1.00,3.26
2016.09.13 13:07:12.847,0.76882,0.76891,1.00,3.07
2016.09.13 13:07:12.899,0.76882,0.76891,1.50,1.50
2016.09.13 13:07:13.062,0.76883,0.76892,1.37,1.50
2016.09.13 13:07:13.114,0.76883,0.76893,1.87,1.00
2016.09.13 13:07:13.216,0.76883,0.76892,1.37,1.00
2016.09.13 13:07:13.319,0.76882,0.76891,2.62,1.00
2016.09.13 13:07:13.370,0.76882,0.76889,2.25,1.00
2016.09.13 13:07:13.421,0.76882,0.76889,1.50,1.00
2016.09.13 13:07:13.574,0.76882,0.76889,1.00,1.00
2016.09.13 13:07:13.833,0.76882,0.76888,1.00,1.00
2016.09.13 13:07:13.885,0.76882,0.7689,1.12,1.00
2016.09.13 13:07:14.146,0.76881,0.76888,1.50,1.00
2016.09.13 13:07:14.197,0.76881,0.76891,1.50,1.10
2016.09.13 13:07:14.248,0.76883,0.76893,1.50,1.50
2016.09.13 13:07:14.299,0.76885,0.76894,1.00,3.82
2016.09.13 13:07:14.351,0.76885,0.76894,1.87,1.37
2016.09.13 13:07:14.403,0.76885,0.76893,2.62,1.00
2016.09.13 13:07:14.455,0.76885,0.76895,1.50,1.25
2016.09.13 13:07:14.636,0.76885,0.76895,1.00,1.19
2016.09.13 13:07:14.950,0.76884,0.76894,2.77,1.25
2016.09.13 13:07:15.411,0.76884,0.76893,2.02,1.00
2016.09.13 13:07:15.588,0.76885,0.76893,1.00,1.10
2016.09.13 13:07:15.691,0.76885,0.76893,1.12,1.00
2016.09.13 13:07:15.792,0.76886,0.76894,1.00,1.00
2016.09.13 13:07:15.996,0.76884,0.76894,2.77,1.00
2016.09.13 13:07:16.047,0.76884,0.76894,1.65,1.25
2016.09.13 13:07:16.098,0.76884,0.76894,1.57,1.25
2016.09.13 13:07:16.149,0.76884,0.76894,1.50,1.25
2016.09.13 13:07:16.228,0.76884,0.76894,1.12,1.25
2016.09.13 13:07:16.359,0.76884,0.76894,1.12,1.19
2016.09.13 13:07:16.411,0.76884,0.76894,1.87,1.19
2016.09.13 13:07:16.462,0.76884,0.76894,1.50,1.19
2016.09.13 13:07:17.369,0.76884,0.76894,1.50,1.31
2016.09.13 13:07:17.421,0.76883,0.76893,1.95,1.31
2016.09.13 13:07:17.472,0.76883,0.76892,1.12,1.00
2016.09.13 13:07:17.677,0.76882,0.76891,1.47,1.25
2016.09.13 13:07:17.734,0.76882,0.76891,1.10,1.25
2016.09.13 13:07:18.781,0.76882,0.7689,1.10,1.00
2016.09.13 13:07:18.991,0.76881,0.76889,1.00,1.00
2016.09.13 13:07:19.042,0.76881,0.76889,1.00,1.00
2016.09.13 13:07:19.093,0.7688,0.76889,1.10,1.00
2016.09.13 13:07:19.246,0.76879,0.76888,1.20,1.25
2016.09.13 13:07:19.298,0.76879,0.76889,1.65,1.56
2016.09.13 13:07:19.349,0.7688,0.76887,1.50,1.00
2016.09.13 13:07:19.401,0.76881,0.76889,1.10,1.31
2016.09.13 13:07:19.453,0.76881,0.76891,1.20,1.94
2016.09.13 13:07:19.506,0.76881,0.76891,1.20,1.19
2016.09.13 13:07:19.557,0.76882,0.76891,1.10,1.00
2016.09.13 13:07:19.718,0.76882,0.76892,1.57,1.12
2016.09.13 13:07:20.024,0.76882,0.76892,1.57,1.00
2016.09.13 13:07:20.431,0.76882,0.76892,1.50,1.00
2016.09.13 13:07:20.544,0.76882,0.76891,1.00,1.00
2016.09.13 13:07:20.693,0.76881,0.76891,1.50,1.00
2016.09.13 13:07:20.744,0.76879,0.76884,2.70,1.00
2016.09.13 13:07:20.796,0.76879,0.76883,1.57,1.00
2016.09.13 13:07:20.847,0.76879,0.76884,1.50,1.00
2016.09.13 13:07:20.898,0.76877,0.76881,1.12,1.25
2016.09.13 13:07:20.949,0.76873,0.76881,1.20,1.25
2016.09.13 13:07:21.001,0.76872,0.76881,3.37,1.25
2016.09.13 13:07:21.052,0.76872,0.76881,2.25,1.25
2016.09.13 13:07:21.154,0.76872,0.76881,2.85,1.25
2016.09.13 13:07:21.258,0.76872,0.76881,2.10,1.25
2016.09.13 13:07:21.490,0.76872,0.7688,2.10,1.00
2016.09.13 13:07:21.607,0.76874,0.76882,1.00,1.19
2016.09.13 13:07:21.658,0.76873,0.76882,1.00,1.00
2016.09.13 13:07:21.709,0.76873,0.76882,1.12,1.00
2016.09.13 13:07:22.067,0.76874,0.76882,1.00,1.00
2016.09.13 13:07:22.119,0.76874,0.76882,1.50,1.00
2016.09.13 13:07:22.347,0.76874,0.7688,1.00,1.00
2016.09.13 13:07:22.399,0.76872,0.76879,1.72,1.00
2016.09.13 13:07:22.450,0.76871,0.76879,3.30,1.00
2016.09.13 13:07:22.501,0.76871,0.76879,2.55,1.00
2016.09.13 13:07:22.661,0.76871,0.76879,1.95,1.00
2016.09.13 13:07:22.800,0.76871,0.76878,1.20,1.00
2016.09.13 13:07:22.851,0.76871,0.76878,1.12,1.00
2016.09.13 13:07:23.083,0.76871,0.76878,1.87,1.00
2016.09.13 13:07:23.134,0.76872,0.76882,1.00,1.00
2016.09.13 13:07:23.822,0.76873,0.76883,1.00,1.31
2016.09.13 13:07:23.959,0.76871,0.76881,3.60,1.00
2016.09.13 13:07:24.010,0.76873,0.76883,1.10,2.06
2016.09.13 13:07:24.061,0.76876,0.76882,1.00,1.00
2016.09.13 13:07:24.113,0.76877,0.76883,1.00,1.50
2016.09.13 13:07:24.164,0.76877,0.76884,1.00,1.31
2016.09.13 13:07:24.266,0.76877,0.76885,1.00,1.00
2016.09.13 13:07:24.318,0.76877,0.76885,1.00,1.00
2016.09.13 13:07:24.817,0.76875,0.76885,1.42,1.00
2016.09.13 13:07:24.869,0.76875,0.76885,2.10,1.12
2016.09.13 13:07:24.921,0.76875,0.76885,1.20,1.00
2016.09.13 13:07:24.973,0.76876,0.76885,1.10,1.00
2016.09.13 13:07:25.024,0.76878,0.76885,1.00,1.00
2016.09.13 13:07:25.180,0.76878,0.76887,1.00,1.00
2016.09.13 13:07:25.231,0.76877,0.76887,1.20,1.00
2016.09.13 13:07:25.283,0.76878,0.76887,1.00,1.00
2016.09.13 13:07:25.488,0.76876,0.76887,2.70,1.00
2016.09.13 13:07:25.539,0.76876,0.76883,1.87,1.00
2016.09.13 13:07:25.667,0.76876,0.76883,1.50,1.50
2016.09.13 13:07:25.719,0.76871,0.7688,1.87,1.10
2016.09.13 13:07:25.821,0.76871,0.7688,1.00,1.20
2016.09.13 13:07:25.872,0.7687,0.76879,1.12,1.00
2016.09.13 13:07:25.923,0.76872,0.76879,1.00,1.00
2016.09.13 13:07:27.033,0.76871,0.76881,1.00,1.12
2016.09.13 13:07:27.368,0.76874,0.76882,1.00,1.50
2016.09.13 13:07:27.419,0.76874,0.76883,1.00,1.85
2016.09.13 13:07:27.471,0.76874,0.76881,1.00,1.12
2016.09.13 13:07:27.522,0.76873,0.76879,1.00,1.00
2016.09.13 13:07:27.624,0.76872,0.76881,1.12,1.00
2016.09.13 13:07:27.727,0.76871,0.76881,1.00,1.12
2016.09.13 13:07:27.778,0.76871,0.76881,1.00,1.87
2016.09.13 13:07:28.266,0.76872,0.76879,1.00,1.00
2016.09.13 13:07:28.792,0.7687,0.76879,1.10,1.00
2016.09.13 13:07:28.951,0.7687,0.76879,1.00,1.50
2016.09.13 13:07:29.003,0.7687,0.76879,1.00,2.25
2016.09.13 13:07:29.054,0.7687,0.76878,1.00,1.12
2016.09.13 13:07:29.105,0.7687,0.76878,1.00,1.12
2016.09.13 13:07:29.156,0.76869,0.76878,1.65,1.12
2016.09.13 13:07:29.208,0.76869,0.76878,1.65,1.12
2016.09.13 13:07:29.311,0.7687,0.76878,1.00,1.12
2016.09.13 13:07:29.365,0.7687,0.76878,1.00,1.12
2016.09.13 13:07:29.470,0.7687,0.76878,1.00,1.00
2016.09.13 13:07:29.521,0.76869,0.76878,1.20,1.00
2016.09.13 13:07:29.573,0.76869,0.76879,1.65,2.25
2016.09.13 13:07:29.787,0.76869,0.76879,1.00,1.87
2016.09.13 13:07:29.838,0.7687,0.76877,1.00,1.00
2016.09.13 13:07:29.890,0.76868,0.76877,1.57,1.50
2016.09.13 13:07:29.941,0.76868,0.76877,1.10,1.50
2016.09.13 13:07:29.992,0.76867,0.76877,1.50,1.37
2016.09.13 13:07:30.044,0.76867,0.76877,1.00,1.50
2016.09.13 13:07:30.096,0.76867,0.76877,1.00,1.87
2016.09.13 13:07:30.148,0.76866,0.76875,1.10,1.12
2016.09.13 13:07:30.199,0.76868,0.76875,1.00,1.12
2016.09.13 13:07:30.574,0.76868,0.76874,1.00,1.00
2016.09.13 13:07:30.676,0.76868,0.76876,1.00,1.12
2016.09.13 13:07:30.727,0.76868,0.76876,1.00,1.00
2016.09.13 13:07:30.831,0.76867,0.76876,1.50,1.00
2016.09.13 13:07:30.974,0.76867,0.76876,1.50,1.37
2016.09.13 13:07:31.026,0.76867,0.76876,1.50,1.87
2016.09.13 13:07:31.163,0.76867,0.76874,1.50,1.00
2016.09.13 13:07:31.214,0.76866,0.76875,1.95,1.00
2016.09.13 13:07:31.265,0.76866,0.76875,2.77,1.00
2016.09.13 13:07:31.316,0.76866,0.76875,3.07,1.00
2016.09.13 13:07:31.791,0.76866,0.76874,2.32,1.00
2016.09.13 13:07:31.842,0.76866,0.76873,3.07,1.00
2016.09.13 13:07:31.967,0.76866,0.76873,1.00,1.00
2016.09.13 13:07:32.019,0.76864,0.76871,3.82,1.00
2016.09.13 13:07:32.071,0.76864,0.76873,3.00,1.00
2016.09.13 13:07:32.122,0.76865,0.76873,1.87,1.00
2016.09.13 13:07:32.173,0.76865,0.76874,1.87,1.25
2016.09.13 13:07:32.224,0.76868,0.76875,1.00,1.19
2016.09.13 13:07:32.326,0.76868,0.76875,1.00,1.00
2016.09.13 13:07:32.377,0.76868,0.76875,1.00,1.00
2016.09.13 13:07:32.871,0.76868,0.76878,1.50,1.69
2016.09.13 13:07:32.922,0.76869,0.76878,1.00,1.69
2016.09.13 13:07:33.024,0.76869,0.76878,1.00,1.31
2016.09.13 13:07:33.075,0.76869,0.76878,1.00,1.25
2016.09.13 13:07:33.228,0.76868,0.76878,1.12,1.56
2016.09.13 13:07:33.279,0.76868,0.76878,1.00,1.69
2016.09.13 13:07:33.722,0.76868,0.76878,1.50,1.69
2016.09.13 13:07:34.173,0.7687,0.76877,1.00,1.31
2016.09.13 13:07:34.224,0.7687,0.76877,1.00,1.25
2016.09.13 13:07:34.327,0.7687,0.76877,1.00,1.00
2016.09.13 13:07:34.631,0.76867,0.76875,1.10,2.06
2016.09.13 13:07:34.684,0.76867,0.76875,1.10,2.81
2016.09.13 13:07:34.736,0.76866,0.76874,1.00,1.19
2016.09.13 13:07:34.992,0.76866,0.76874,1.00,1.31
2016.09.13 13:07:35.248,0.76866,0.76875,1.00,1.69
2016.09.13 13:07:35.299,0.76866,0.76875,1.00,1.56
2016.09.13 13:07:35.350,0.76866,0.76874,1.00,1.19
2016.09.13 13:07:35.534,0.76865,0.76875,1.00,2.06
2016.09.13 13:07:35.789,0.76865,0.76875,1.00,2.44
2016.09.13 13:07:35.840,0.76866,0.76873,1.00,1.19
2016.09.13 13:07:35.891,0.76866,0.76873,1.00,1.00
2016.09.13 13:07:36.146,0.76865,0.76873,1.00,1.12
2016.09.13 13:07:37.149,0.76863,0.76873,1.00,1.12
2016.09.13 13:07:37.200,0.76863,0.7687,1.00,1.00
2016.09.13 13:07:38.054,0.76863,0.76871,1.50,1.00
2016.09.13 13:07:38.105,0.76863,0.76872,1.50,1.31
2016.09.13 13:07:38.156,0.76863,0.76872,1.50,1.25
2016.09.13 13:07:38.364,0.76865,0.76873,1.00,1.76
2016.09.13 13:07:38.467,0.76863,0.76873,1.50,1.29
2016.09.13 13:07:38.670,0.76864,0.76873,1.00,1.29
2016.09.13 13:07:39.427,0.76866,0.76874,1.00,2.14
2016.09.13 13:07:39.682,0.76866,0.76873,1.00,1.29
2016.09.13 13:07:39.733,0.76864,0.76872,1.00,1.25
2016.09.13 13:07:39.784,0.76862,0.76872,1.50,1.76
2016.09.13 13:07:39.836,0.76862,0.76871,1.00,1.76
2016.09.13 13:07:39.887,0.76863,0.76871,1.00,2.14
2016.09.13 13:07:39.939,0.76863,0.76871,1.00,1.76
2016.09.13 13:07:39.990,0.76864,0.76871,1.00,2.14
2016.09.13 13:07:40.041,0.76864,0.76871,1.00,1.76
2016.09.13 13:07:40.241,0.76865,0.76872,1.00,1.01
2016.09.13 13:07:40.547,0.76865,0.76872,1.00,1.39
2016.09.13 13:07:40.598,0.76865,0.76872,1.00,1.76
2016.09.13 13:07:40.920,0.76865,0.76872,1.00,2.14
2016.09.13 13:07:41.066,0.76865,0.76872,1.00,1.76
2016.09.13 13:07:41.118,0.76865,0.76872,1.00,1.01
2016.09.13 13:07:41.169,0.76865,0.76873,1.00,3.19
2016.09.13 13:07:41.615,0.76865,0.76872,1.00,1.01
2016.09.13 13:07:41.717,0.76865,0.76873,1.00,2.44
2016.09.13 13:07:41.768,0.76865,0.76873,1.00,2.14
2016.09.13 13:07:42.357,0.76865,0.76873,1.50,2.14
2016.09.13 13:07:42.821,0.76865,0.76873,1.50,2.51
2016.09.13 13:07:42.873,0.76865,0.76873,1.50,1.76
2016.09.13 13:07:43.026,0.76865,0.76873,1.00,2.51
2016.09.13 13:07:43.077,0.76863,0.76872,1.00,1.31
2016.09.13 13:07:43.129,0.76862,0.7687,1.00,1.87
2016.09.13 13:07:43.231,0.76863,0.7687,1.00,1.12
2016.09.13 13:07:43.283,0.76862,0.76871,1.00,2.25
2016.09.13 13:07:43.334,0.76862,0.76871,1.00,1.87
2016.09.13 13:07:43.385,0.76862,0.76871,1.00,2.62
2016.09.13 13:07:43.436,0.76862,0.76871,1.00,2.25
2016.09.13 13:07:43.656,0.76862,0.76871,1.00,3.00
2016.09.13 13:07:43.707,0.76862,0.76871,1.00,2.25
2016.09.13 13:07:43.810,0.76862,0.76871,1.00,1.75
2016.09.13 13:07:43.880,0.76861,0.76871,1.50,2.25
2016.09.13 13:07:43.981,0.76861,0.7687,1.00,1.50
2016.09.13 13:07:44.136,0.76861,0.7687,1.00,2.25
2016.09.13 13:07:44.187,0.76862,0.76869,1.00,1.12
2016.09.13 13:07:44.238,0.76862,0.76869,1.00,1.37
2016.09.13 13:07:44.289,0.76862,0.7687,1.00,1.50
2016.09.13 13:07:44.391,0.76862,0.7687,1.00,1.37
2016.09.13 13:07:44.442,0.76862,0.76871,1.00,1.12
2016.09.13 13:07:44.653,0.76863,0.7687,1.00,1.19
2016.09.13 13:07:44.704,0.7686,0.76866,1.00,1.00
2016.09.13 13:07:44.808,0.76859,0.76866,1.00,1.12
2016.09.13 13:07:44.859,0.76861,0.76866,1.00,1.69
2016.09.13 13:07:44.911,0.76862,0.76866,1.00,1.31
2016.09.13 13:07:44.962,0.7686,0.76868,2.25,2.06
2016.09.13 13:07:45.014,0.76863,0.76868,1.00,2.06
2016.09.13 13:07:45.065,0.76863,0.76868,1.00,1.31
2016.09.13 13:07:45.116,0.76864,0.76868,1.00,1.25
2016.09.13 13:07:45.346,0.76864,0.76869,1.00,1.56
2016.09.13 13:07:45.448,0.76861,0.76869,1.00,1.56
2016.09.13 13:07:45.550,0.76861,0.76869,1.12,1.56
2016.09.13 13:07:45.652,0.76861,0.76869,1.00,2.06
2016.09.13 13:07:45.755,0.76861,0.76869,1.00,2.44
2016.09.13 13:07:45.965,0.76861,0.76869,1.00,3.19
2016.09.13 13:07:46.016,0.76861,0.76868,1.00,1.37
2016.09.13 13:07:46.067,0.76861,0.76868,1.00,1.50
2016.09.13 13:07:46.264,0.7686,0.76867,1.00,1.00
2016.09.13 13:07:46.368,0.76862,0.76868,1.00,1.12
2016.09.13 13:07:46.419,0.76862,0.76868,1.00,1.00
2016.09.13 13:07:46.471,0.76862,0.76868,1.00,1.50
2016.09.13 13:07:46.778,0.76862,0.76868,1.00,1.00
2016.09.13 13:07:47.209,0.76863,0.76871,1.00,1.50
2016.09.13 13:07:47.260,0.76865,0.76872,1.00,2.62
2016.09.13 13:07:47.311,0.76865,0.76872,1.00,2.25
2016.09.13 13:07:47.609,0.76865,0.76872,1.00,1.87
2016.09.13 13:07:48.159,0.76865,0.76872,1.00,1.50
2016.09.13 13:07:48.365,0.76864,0.76871,1.00,1.00
2016.09.13 13:07:48.417,0.76862,0.7687,1.00,1.00
2016.09.13 13:07:48.468,0.76862,0.76869,1.00,1.37
2016.09.13 13:07:48.519,0.7686,0.76869,1.10,1.56
2016.09.13 13:07:48.582,0.76861,0.76868,1.00,1.09
2016.09.13 13:07:48.684,0.76861,0.76868,1.00,1.46
2016.09.13 13:07:48.787,0.76861,0.76868,1.00,1.84
2016.09.13 13:07:48.838,0.76861,0.76868,1.00,1.65
2016.09.13 13:07:49.044,0.76861,0.76869,1.00,3.56
2016.09.13 13:07:49.095,0.76862,0.76869,1.00,2.81
2016.09.13 13:07:49.148,0.76863,0.76869,1.00,1.69
2016.09.13 13:07:49.199,0.76859,0.76869,1.37,1.62
2016.09.13 13:07:49.250,0.76861,0.76869,1.20,1.00
2016.09.13 13:07:49.357,0.76861,0.76869,1.57,1.00
2016.09.13 13:07:49.818,0.76861,0.76869,1.10,1.00
2016.09.13 13:07:50.257,0.7686,0.76869,3.82,1.00
2016.09.13 13:07:50.359,0.76861,0.76869,1.20,1.00
2016.09.13 13:07:50.979,0.76861,0.76868,1.20,1.00
2016.09.13 13:07:51.132,0.76861,0.76868,1.12,1.00
2016.09.13 13:07:51.183,0.76861,0.76868,1.00,1.00
2016.09.13 13:07:51.386,0.7686,0.76868,1.12,1.00
2016.09.13 13:07:51.488,0.7686,0.76868,1.00,1.00
2016.09.13 13:07:52.043,0.7686,0.76868,1.12,1.00
2016.09.13 13:07:52.145,0.7686,0.76869,1.00,1.00
2016.09.13 13:07:52.196,0.76862,0.76869,1.00,1.00
2016.09.13 13:07:52.502,0.76861,0.76869,1.10,1.00
2016.09.13 13:07:52.685,0.76862,0.76869,1.00,1.00
2016.09.13 13:07:53.656,0.76861,0.76869,1.00,1.00
2016.09.13 13:07:54.044,0.76861,0.76868,1.50,1.00
2016.09.13 13:07:54.095,0.76862,0.76868,1.00,1.00
2016.09.13 13:07:54.248,0.76858,0.76866,2.25,1.00
2016.09.13 13:07:54.300,0.76857,0.76866,1.50,1.00
2016.09.13 13:07:54.351,0.76857,0.76865,1.37,1.00
2016.09.13 13:07:54.402,0.76857,0.76865,1.00,1.00
2016.09.13 13:07:55.169,0.76858,0.76865,1.00,1.00
2016.09.13 13:07:56.204,0.76858,0.76864,1.00,1.00
2016.09.13 13:07:56.539,0.76856,0.76864,1.00,1.00
2016.09.13 13:07:56.755,0.76857,0.76866,1.00,1.95
2016.09.13 13:07:57.174,0.76859,0.76867,1.00,1.57
2016.09.13 13:07:57.402,0.7686,0.76868,1.50,1.12
2016.09.13 13:07:57.453,0.7686,0.76868,1.50,1.50
2016.09.13 13:07:58.516,0.7686,0.76868,1.50,2.25
2016.09.13 13:07:58.568,0.7686,0.76867,1.00,1.12
2016.09.13 13:07:58.774,0.7686,0.76867,1.00,2.62
2016.09.13 13:07:58.825,0.76859,0.76867,1.00,2.25
2016.09.13 13:07:58.877,0.76859,0.76867,1.50,2.25
2016.09.13 13:07:58.979,0.76859,0.76867,1.50,3.00
2016.09.13 13:07:59.217,0.76857,0.76867,1.00,6.15
2016.09.13 13:07:59.268,0.76857,0.76867,1.50,5.40
2016.09.13 13:07:59.320,0.76857,0.76867,1.50,3.52
2016.09.13 13:07:59.668,0.76857,0.76867,1.00,3.52
2016.09.13 13:08:00.034,0.76857,0.76866,1.00,1.00
2016.09.13 13:08:00.370,0.76857,0.76865,1.50,1.00
2016.09.13 13:08:00.575,0.76857,0.76863,1.00,1.00
2016.09.13 13:08:01.853,0.76857,0.76862,1.00,1.00
2016.09.13 13:08:01.905,0.76857,0.76864,1.12,1.00
2016.09.13 13:08:01.956,0.76857,0.76865,1.12,1.00
2016.09.13 13:08:02.008,0.76859,0.76866,1.00,1.00
2016.09.13 13:08:02.211,0.76862,0.76866,1.00,1.00
2016.09.13 13:08:02.264,0.76862,0.76868,1.00,1.00
2016.09.13 13:08:02.775,0.76861,0.76868,1.00,1.00
2016.09.13 13:08:03.070,0.76861,0.76867,1.00,1.00
2016.09.13 13:08:03.122,0.76861,0.76866,1.12,1.00
2016.09.13 13:08:03.225,0.76862,0.76866,1.00,1.00
2016.09.13 13:08:03.276,0.76862,0.76866,1.00,1.00
2016.09.13 13:08:03.379,0.7686,0.76866,1.10,1.00
2016.09.13 13:08:03.431,0.76859,0.76866,1.12,1.00
2016.09.13 13:08:03.482,0.76859,0.76866,1.00,1.00
2016.09.13 13:08:03.725,0.76859,0.76866,1.37,1.00
2016.09.13 13:08:03.776,0.76857,0.76865,2.20,1.00
2016.09.13 13:08:03.828,0.76857,0.76865,1.87,1.00
2016.09.13 13:08:03.879,0.76857,0.76864,3.00,1.00
2016.09.13 13:08:03.931,0.76857,0.76863,1.87,1.00
2016.09.13 13:08:03.982,0.76857,0.76863,1.27,1.00
2016.09.13 13:08:04.136,0.76857,0.76865,1.27,1.00
2016.09.13 13:08:04.187,0.76857,0.76865,1.20,1.00
2016.09.13 13:08:04.519,0.76857,0.76863,1.57,1.00
2016.09.13 13:08:04.570,0.76857,0.76865,1.57,1.00
2016.09.13 13:08:04.898,0.76858,0.76865,1.12,1.00
2016.09.13 13:08:05.051,0.76858,0.76865,1.12,1.00
2016.09.13 13:08:05.102,0.76858,0.76864,1.00,1.00
2016.09.13 13:08:05.513,0.76857,0.76864,1.50,1.00
2016.09.13 13:08:05.666,0.76857,0.76865,1.87,1.00
2016.09.13 13:08:05.717,0.76859,0.76865,1.00,1.00
2016.09.13 13:08:06.080,0.76858,0.76865,1.12,1.00
2016.09.13 13:08:06.182,0.76858,0.76866,1.12,1.50
2016.09.13 13:08:06.234,0.76858,0.76866,1.12,1.00
2016.09.13 13:08:06.425,0.76859,0.76869,1.00,2.25
2016.09.13 13:08:06.477,0.7686,0.76868,1.00,1.12
2016.09.13 13:08:06.528,0.76861,0.7687,1.50,1.00
2016.09.13 13:08:06.579,0.76861,0.76871,1.50,1.50
2016.09.13 13:08:06.682,0.76861,0.76871,1.87,1.00
2016.09.13 13:08:06.734,0.76861,0.76871,1.95,1.00
2016.09.13 13:08:06.785,0.76861,0.76871,1.57,1.00
2016.09.13 13:08:07.237,0.76861,0.7687,1.20,1.00
2016.09.13 13:08:07.288,0.76861,0.76869,1.10,1.00
2016.09.13 13:08:07.442,0.76861,0.7687,1.57,1.00
2016.09.13 13:08:07.493,0.76861,0.7687,1.10,1.00
2016.09.13 13:08:07.595,0.76861,0.76871,1.10,1.12
2016.09.13 13:08:07.697,0.76861,0.76871,1.57,1.00
2016.09.13 13:08:07.749,0.76863,0.76872,1.00,1.00
2016.09.13 13:08:07.830,0.76864,0.76873,1.00,1.50
2016.09.13 13:08:07.881,0.76865,0.76872,1.00,1.00
2016.09.13 13:08:08.190,0.76865,0.76873,1.00,1.12
2016.09.13 13:08:08.241,0.76864,0.76874,1.57,1.37
2016.09.13 13:08:08.293,0.76864,0.76874,2.32,1.37
2016.09.13 13:08:08.394,0.76864,0.76874,2.32,1.00
2016.09.13 13:08:08.952,0.76865,0.76874,1.12,1.00
2016.09.13 13:08:09.003,0.76864,0.76874,2.32,1.00
2016.09.13 13:08:09.055,0.76864,0.76874,2.70,1.00
2016.09.13 13:08:09.107,0.76864,0.76874,3.07,1.00
2016.09.13 13:08:09.210,0.76864,0.76874,2.70,1.00
2016.09.13 13:08:09.414,0.76864,0.76874,2.70,1.12
2016.09.13 13:08:09.991,0.76865,0.76874,1.12,1.12
2016.09.13 13:08:11.364,0.76865,0.76874,1.00,1.12
2016.09.13 13:08:11.620,0.76865,0.76874,1.50,1.12
2016.09.13 13:08:11.855,0.76864,0.7687,1.00,1.00
2016.09.13 13:08:11.908,0.76861,0.76867,1.00,1.20
2016.09.13 13:08:11.959,0.7686,0.76867,1.50,1.20
2016.09.13 13:08:12.011,0.7686,0.76866,1.00,1.00
2016.09.13 13:08:12.062,0.76859,0.76866,1.87,1.00
2016.09.13 13:08:12.113,0.76859,0.76866,1.50,1.00
2016.09.13 13:08:12.166,0.76859,0.76866,1.00,1.00
2016.09.13 13:08:12.374,0.76859,0.76867,1.00,1.20
2016.09.13 13:08:12.564,0.76859,0.76866,1.00,1.00
2016.09.13 13:08:12.797,0.7686,0.76866,1.00,1.00
2016.09.13 13:08:13.024,0.7686,0.76868,1.12,1.00
2016.09.13 13:08:13.126,0.7686,0.76868,1.37,1.12
2016.09.13 13:08:13.301,0.76859,0.76865,2.62,1.00
2016.09.13 13:08:13.352,0.76859,0.76865,2.25,1.00
2016.09.13 13:08:13.406,0.7686,0.76866,1.00,1.00
2016.09.13 13:08:13.714,0.76857,0.76865,2.59,1.00
2016.09.13 13:08:13.766,0.76857,0.76865,1.84,1.00
2016.09.13 13:08:13.969,0.76857,0.76865,1.69,1.37
2016.09.13 13:08:14.299,0.7686,0.76867,1.00,1.37
2016.09.13 13:08:14.377,0.7686,0.76868,1.25,1.37
2016.09.13 13:08:14.428,0.76861,0.76871,1.69,2.62
2016.09.13 13:08:14.479,0.76861,0.76871,1.50,2.25
2016.09.13 13:08:14.531,0.7686,0.76871,2.81,1.87
2016.09.13 13:08:14.582,0.7686,0.76871,3.00,1.87
2016.09.13 13:08:14.634,0.76863,0.76871,1.00,1.37
2016.09.13 13:08:14.685,0.76863,0.76871,1.00,1.37
2016.09.13 13:08:14.736,0.76863,0.76871,1.00,1.37
2016.09.13 13:08:14.882,0.76861,0.76871,2.25,1.85
2016.09.13 13:08:14.935,0.76859,0.7687,1.69,1.50
2016.09.13 13:08:15.092,0.76861,0.76871,1.00,2.70
2016.09.13 13:08:15.143,0.76859,0.76871,3.37,2.70
2016.09.13 13:08:15.297,0.76859,0.76871,2.62,3.07
2016.09.13 13:08:15.531,0.76859,0.76869,1.00,1.37
2016.09.13 13:08:15.584,0.76859,0.7687,1.00,1.87
2016.09.13 13:08:15.636,0.76859,0.7687,2.32,1.87
2016.09.13 13:08:15.687,0.76861,0.7687,1.00,1.50
2016.09.13 13:08:15.791,0.7686,0.7687,1.10,1.50
2016.09.13 13:08:15.842,0.7686,0.7687,1.20,1.37
2016.09.13 13:08:15.893,0.7686,0.7687,1.20,1.50
2016.09.13 13:08:15.945,0.76863,0.7687,1.00,1.50
2016.09.13 13:08:16.109,0.76861,0.76868,1.37,1.37
2016.09.13 13:08:16.160,0.7686,0.76869,1.00,1.50
2016.09.13 13:08:16.213,0.76859,0.76869,1.87,1.57
2016.09.13 13:08:16.264,0.76859,0.76869,1.37,1.57
2016.09.13 13:08:16.421,0.76859,0.76869,1.00,1.57
2016.09.13 13:08:16.725,0.7686,0.76867,1.00,1.37
2016.09.13 13:08:16.828,0.76857,0.76865,1.87,1.37
2016.09.13 13:08:16.881,0.76858,0.76866,1.00,1.37
2016.09.13 13:08:16.933,0.76855,0.76865,1.57,1.37
2016.09.13 13:08:16.987,0.76855,0.76865,1.12,1.37
2016.09.13 13:08:17.038,0.76855,0.76865,1.00,1.75
2016.09.13 13:08:17.140,0.76855,0.76867,1.00,2.62
2016.09.13 13:08:17.192,0.76855,0.76867,1.10,2.25
2016.09.13 13:08:17.393,0.76857,0.76867,1.00,2.25
2016.09.13 13:08:17.444,0.76859,0.76867,1.00,1.50
2016.09.13 13:08:17.546,0.76856,0.76867,1.00,1.37
2016.09.13 13:08:17.750,0.76856,0.76867,1.10,1.62
2016.09.13 13:08:18.050,0.76858,0.76868,1.00,2.06
2016.09.13 13:08:18.102,0.7686,0.76868,1.00,2.44
2016.09.13 13:08:18.204,0.7686,0.76868,1.00,2.06
2016.09.13 13:08:18.256,0.7686,0.76868,1.00,1.69
2016.09.13 13:08:18.409,0.7686,0.76868,1.00,1.56
2016.09.13 13:08:18.460,0.7686,0.76868,1.00,1.94
2016.09.13 13:08:18.511,0.7686,0.76867,1.00,1.62
2016.09.13 13:08:18.718,0.7686,0.76867,1.00,1.31
2016.09.13 13:08:18.769,0.7686,0.76867,1.00,2.06
2016.09.13 13:08:19.279,0.76858,0.76867,1.20,1.62
2016.09.13 13:08:19.330,0.76858,0.76867,1.20,4.69
2016.09.13 13:08:19.381,0.76858,0.76867,1.20,5.44
2016.09.13 13:08:19.518,0.76857,0.76865,1.87,1.12
2016.09.13 13:08:19.570,0.76859,0.76866,1.10,1.75
2016.09.13 13:08:19.622,0.76859,0.76867,1.10,5.81
2016.09.13 13:08:19.673,0.76859,0.76867,1.10,3.94
2016.09.13 13:08:19.724,0.76859,0.76866,1.10,1.00
2016.09.13 13:08:19.775,0.76859,0.76866,1.10,1.00
2016.09.13 13:08:20.081,0.76859,0.76866,1.10,1.00
2016.09.13 13:08:20.184,0.76859,0.76866,1.10,1.00
2016.09.13 13:08:21.039,0.76859,0.76866,1.10,1.50
2016.09.13 13:08:21.436,0.76859,0.76866,1.10,1.00
2016.09.13 13:08:21.674,0.76859,0.76866,1.10,1.00
2016.09.13 13:08:21.776,0.76859,0.76866,1.00,1.00
2016.09.13 13:08:22.402,0.76859,0.76865,1.00,1.87
2016.09.13 13:08:22.456,0.76858,0.76864,1.00,1.50
2016.09.13 13:08:22.510,0.76858,0.76865,1.00,4.31
2016.09.13 13:08:22.561,0.76858,0.76865,1.00,2.44
2016.09.13 13:08:22.612,0.76857,0.76864,1.00,1.00
2016.09.13 13:08:22.766,0.76857,0.76864,1.00,1.00
2016.09.13 13:08:23.419,0.76857,0.76864,1.00,1.50
2016.09.13 13:08:23.471,0.76857,0.76863,1.00,1.00
2016.09.13 13:08:23.522,0.76857,0.76863,1.00,1.12
2016.09.13 13:08:23.638,0.76857,0.76863,1.00,1.00
2016.09.13 13:08:24.563,0.76857,0.76863,1.00,1.00
2016.09.13 13:08:24.818,0.76858,0.76865,1.00,1.87
2016.09.13 13:08:24.870,0.76858,0.76865,1.00,1.50
2016.09.13 13:08:25.074,0.76857,0.76865,1.00,1.87
2016.09.13 13:08:25.125,0.76857,0.76865,1.00,2.06
2016.09.13 13:08:25.176,0.76857,0.76865,1.00,1.31
2016.09.13 13:08:25.235,0.76857,0.76864,1.00,1.00
2016.09.13 13:08:25.287,0.76855,0.76864,1.10,1.87
2016.09.13 13:08:25.341,0.76855,0.76864,1.00,2.44
2016.09.13 13:08:25.392,0.76854,0.76863,1.00,1.31
2016.09.13 13:08:25.568,0.76854,0.76861,1.00,1.50
2016.09.13 13:08:25.620,0.76853,0.76861,1.00,1.50
2016.09.13 13:08:25.927,0.76852,0.76861,1.10,1.50
2016.09.13 13:08:27.205,0.76853,0.76861,1.00,1.50
2016.09.13 13:08:27.256,0.76853,0.76861,1.00,3.37
2016.09.13 13:08:27.409,0.76853,0.7686,1.00,1.37
2016.09.13 13:08:27.460,0.76853,0.76861,1.00,1.12
2016.09.13 13:08:27.664,0.76854,0.76861,1.00,1.37
2016.09.13 13:08:27.715,0.76854,0.76861,1.00,1.00
2016.09.13 13:08:27.767,0.76854,0.76862,1.00,2.06
2016.09.13 13:08:27.819,0.76854,0.76861,1.00,1.37
2016.09.13 13:08:27.921,0.76854,0.7686,1.00,1.12
2016.09.13 13:08:28.023,0.76854,0.7686,1.00,1.50
2016.09.13 13:08:28.074,0.76854,0.7686,1.00,1.87
2016.09.13 13:08:28.325,0.76853,0.7686,1.00,1.50
2016.09.13 13:08:28.377,0.76853,0.7686,1.00,1.12
2016.09.13 13:08:28.794,0.76853,0.7686,1.00,1.50
2016.09.13 13:08:29.012,0.76853,0.7686,1.00,1.87
2016.09.13 13:08:29.064,0.76852,0.7686,1.10,1.87
2016.09.13 13:08:29.226,0.76853,0.7686,1.00,1.87
2016.09.13 13:08:29.329,0.76853,0.7686,1.00,1.12
2016.09.13 13:08:29.919,0.76853,0.76861,1.00,1.87
2016.09.13 13:08:30.337,0.76853,0.7686,1.00,1.37
2016.09.13 13:08:30.648,0.76853,0.7686,1.00,1.56
2016.09.13 13:08:30.750,0.76851,0.7686,1.10,2.06
2016.09.13 13:08:30.875,0.76851,0.7686,1.10,1.69
2016.09.13 13:08:30.926,0.76852,0.7686,1.00,1.19
2016.09.13 13:08:30.979,0.76852,0.76861,1.00,2.81
2016.09.13 13:08:31.295,0.76854,0.76861,1.00,1.69
2016.09.13 13:08:31.347,0.76855,0.76861,1.00,1.19
2016.09.13 13:08:31.449,0.76857,0.76862,1.00,1.19
2016.09.13 13:08:31.699,0.76857,0.76864,1.00,1.19
2016.09.13 13:08:31.751,0.76857,0.76865,1.00,2.44
2016.09.13 13:08:31.853,0.76858,0.76865,1.00,2.62
2016.09.13 13:08:31.904,0.76858,0.76865,1.00,2.25
2016.09.13 13:08:31.955,0.76858,0.76865,1.00,1.12
2016.09.13 13:08:32.057,0.76858,0.76865,1.00,1.31
2016.09.13 13:08:32.109,0.76858,0.76865,1.00,1.69
2016.09.13 13:08:32.160,0.76858,0.76865,1.00,2.06
2016.09.13 13:08:32.400,0.76857,0.76864,1.00,1.69
2016.09.13 13:08:32.451,0.76857,0.76864,1.00,1.31
2016.09.13 13:08:32.503,0.76857,0.76864,1.00,1.56
2016.09.13 13:08:32.554,0.76857,0.76864,1.00,1.69
2016.09.13 13:08:32.708,0.76857,0.76864,1.00,2.44
2016.09.13 13:08:32.812,0.76857,0.76864,1.00,2.81
2016.09.13 13:08:32.881,0.76855,0.76862,1.00,1.69
2016.09.13 13:08:32.933,0.76851,0.76859,3.00,1.00
2016.09.13 13:08:33.129,0.7685,0.76858,1.75,1.31
2016.09.13 13:08:33.194,0.76852,0.76858,1.00,1.01
2016.09.13 13:08:33.245,0.76852,0.76859,1.00,1.69
2016.09.13 13:08:33.608,0.76852,0.76859,1.00,2.06
2016.09.13 13:08:33.896,0.76852,0.76859,1.00,1.31
2016.09.13 13:08:33.948,0.76852,0.7686,1.00,1.56
2016.09.13 13:08:33.999,0.76853,0.7686,1.00,1.31
2016.09.13 13:08:34.050,0.76854,0.76861,1.00,1.84
2016.09.13 13:08:34.102,0.76853,0.76861,1.00,1.76
2016.09.13 13:08:34.154,0.76853,0.76861,1.00,1.50
2016.09.13 13:08:34.206,0.76853,0.76862,1.00,2.51
2016.09.13 13:08:34.258,0.76853,0.7686,1.00,1.00
2016.09.13 13:08:34.404,0.76853,0.7686,1.00,1.69
2016.09.13 13:08:34.456,0.76852,0.76859,1.00,1.19
2016.09.13 13:08:34.509,0.76852,0.76859,1.00,1.56
2016.09.13 13:08:34.560,0.76852,0.76859,1.00,1.69
2016.09.13 13:08:34.714,0.7685,0.76859,1.00,1.31
2016.09.13 13:08:34.766,0.7685,0.76859,1.50,1.19
2016.09.13 13:08:34.869,0.7685,0.76859,1.00,1.19
2016.09.13 13:08:34.920,0.7685,0.76859,1.00,1.56
2016.09.13 13:08:34.972,0.7685,0.76858,1.00,1.19
2016.09.13 13:08:35.116,0.7685,0.76859,1.00,2.44
2016.09.13 13:08:35.173,0.76851,0.76857,1.00,1.19
2016.09.13 13:08:35.225,0.76853,0.76857,1.00,1.00
2016.09.13 13:08:35.276,0.76856,0.7686,1.00,1.31
2016.09.13 13:08:35.329,0.76856,0.76863,1.00,1.94
2016.09.13 13:08:35.381,0.76856,0.76863,1.00,2.06
2016.09.13 13:08:35.483,0.76856,0.76863,1.00,1.31
2016.09.13 13:08:35.534,0.76857,0.76863,1.00,2.06
2016.09.13 13:08:35.586,0.76856,0.76863,1.00,1.69
2016.09.13 13:08:35.779,0.76857,0.76863,1.00,1.19
2016.09.13 13:08:36.085,0.7686,0.76864,1.00,1.25
2016.09.13 13:08:36.238,0.76859,0.76863,1.10,1.00
2016.09.13 13:08:36.404,0.76861,0.76866,1.00,1.19
2016.09.13 13:08:36.456,0.76862,0.76869,1.00,1.19
2016.09.13 13:08:36.508,0.76862,0.76866,1.00,1.25
2016.09.13 13:08:36.559,0.76862,0.76866,1.10,1.00
2016.09.13 13:08:36.612,0.76862,0.76866,1.10,1.50
2016.09.13 13:08:36.715,0.76862,0.76869,1.10,1.31
2016.09.13 13:08:36.766,0.76862,0.76869,1.00,1.19
2016.09.13 13:08:36.869,0.76861,0.76868,1.00,1.69
2016.09.13 13:08:36.921,0.7686,0.76867,1.10,1.19
2016.09.13 13:08:37.072,0.7686,0.76867,1.10,3.56
2016.09.13 13:08:37.123,0.76858,0.76867,1.00,4.31
2016.09.13 13:08:37.175,0.76858,0.76867,1.00,3.94
2016.09.13 13:08:37.226,0.76858,0.76867,1.00,3.56
2016.09.13 13:08:37.277,0.76858,0.76867,1.00,2.44
2016.09.13 13:08:37.329,0.76858,0.76867,1.00,3.19
2016.09.13 13:08:37.542,0.76858,0.76866,1.00,1.31
2016.09.13 13:08:37.644,0.76858,0.76866,1.00,2.06
2016.09.13 13:08:37.833,0.76859,0.76867,1.00,1.56
2016.09.13 13:08:37.887,0.76859,0.76867,1.00,2.44
2016.09.13 13:08:37.938,0.76859,0.76867,1.00,2.81
2016.09.13 13:08:37.989,0.76859,0.76865,1.00,1.19
2016.09.13 13:08:38.142,0.76858,0.76865,1.00,1.31
2016.09.13 13:08:38.267,0.76858,0.76865,1.00,1.69
2016.09.13 13:08:38.369,0.76857,0.76865,1.00,1.69
2016.09.13 13:08:38.420,0.76857,0.76863,1.00,1.00
2016.09.13 13:08:38.578,0.76855,0.76863,1.12,1.12
2016.09.13 13:08:38.637,0.76855,0.76863,1.00,1.69
2016.09.13 13:08:38.694,0.76855,0.76863,1.00,1.19
2016.09.13 13:08:38.746,0.76855,0.76864,1.00,4.31
2016.09.13 13:08:38.797,0.76855,0.76864,1.00,5.06
2016.09.13 13:08:38.849,0.76855,0.76864,1.00,4.31
2016.09.13 13:08:38.972,0.76856,0.76863,1.00,1.19
2016.09.13 13:08:39.074,0.76856,0.76865,1.00,2.81
2016.09.13 13:08:39.128,0.76856,0.76864,1.00,1.19
2016.09.13 13:08:39.333,0.76857,0.76865,1.00,2.81
2016.09.13 13:08:39.384,0.76855,0.76864,1.00,3.19
2016.09.13 13:08:39.435,0.76856,0.76864,1.00,2.06
2016.09.13 13:08:39.487,0.76858,0.76864,1.00,1.31
2016.09.13 13:08:39.539,0.76857,0.76864,1.00,2.44
2016.09.13 13:08:39.590,0.76857,0.76864,1.00,1.31
2016.09.13 13:08:39.692,0.76857,0.76865,1.00,1.56
2016.09.13 13:08:39.744,0.76857,0.76865,1.00,1.31
2016.09.13 13:08:39.795,0.76857,0.76865,1.00,1.19
2016.09.13 13:08:40.154,0.76856,0.76864,1.00,1.94
2016.09.13 13:08:40.205,0.76854,0.76863,1.00,1.56
2016.09.13 13:08:40.309,0.76854,0.76863,1.00,1.56
2016.09.13 13:08:40.361,0.76854,0.76863,1.00,1.19
2016.09.13 13:08:40.412,0.76854,0.76863,1.00,1.19
2016.09.13 13:08:40.463,0.76854,0.76864,1.00,2.81
2016.09.13 13:08:40.514,0.76854,0.76864,1.00,4.69
2016.09.13 13:08:40.566,0.76854,0.76863,1.00,1.69
2016.09.13 13:08:40.866,0.76854,0.76863,1.00,1.69
2016.09.13 13:08:40.917,0.76854,0.76863,1.00,1.69
2016.09.13 13:08:40.968,0.76854,0.76862,1.00,2.06
2016.09.13 13:08:41.173,0.76854,0.76862,1.00,1.69
2016.09.13 13:08:41.326,0.76854,0.76862,1.00,1.69
2016.09.13 13:08:41.602,0.76854,0.76862,1.00,1.50
2016.09.13 13:08:41.863,0.76854,0.76862,1.00,1.12
2016.09.13 13:08:42.079,0.76854,0.76862,1.00,1.50
2016.09.13 13:08:42.130,0.76854,0.76862,1.00,2.25
2016.09.13 13:08:42.181,0.76854,0.76862,1.00,2.06
2016.09.13 13:08:42.486,0.76853,0.76862,1.00,2.81
2016.09.13 13:08:42.714,0.76853,0.76861,1.00,1.69
2016.09.13 13:08:42.766,0.76853,0.7686,1.00,1.25
2016.09.13 13:08:42.823,0.76853,0.76862,1.00,3.56
2016.09.13 13:08:42.874,0.76853,0.76862,1.00,2.44
2016.09.13 13:08:42.925,0.76853,0.76862,1.00,3.19
2016.09.13 13:08:42.976,0.76853,0.76862,1.00,5.06
2016.09.13 13:08:43.182,0.76853,0.76862,1.00,4.31
2016.09.13 13:08:43.538,0.76853,0.76861,1.00,1.69
2016.09.13 13:08:43.693,0.76852,0.76861,1.00,2.44
2016.09.13 13:08:43.796,0.76852,0.7686,1.00,1.31
2016.09.13 13:08:43.847,0.76853,0.76862,1.00,4.69
2016.09.13 13:08:43.899,0.76851,0.7686,1.00,1.31
2016.09.13 13:08:43.950,0.7685,0.7686,1.10,1.31
2016.09.13 13:08:44.001,0.76849,0.76858,1.12,1.00
2016.09.13 13:08:44.172,0.76849,0.76857,1.00,1.00
2016.09.13 13:08:44.739,0.76853,0.76857,1.00,1.00
2016.09.13 13:08:44.791,0.76851,0.76857,1.00,1.00
2016.09.13 13:08:44.969,0.76851,0.76859,1.00,1.12
2016.09.13 13:08:45.079,0.76851,0.76859,1.00,1.50
2016.09.13 13:08:45.233,0.7685,0.76859,1.00,2.25
2016.09.13 13:08:45.284,0.7685,0.76858,1.00,1.00
2016.09.13 13:08:45.335,0.7685,0.76858,1.00,1.37
2016.09.13 13:08:45.387,0.7685,0.76858,1.00,1.69
2016.09.13 13:08:45.490,0.76849,0.76859,1.00,2.81
2016.09.13 13:08:45.541,0.76849,0.76856,1.00,1.00
2016.09.13 13:08:45.718,0.76849,0.76856,1.00,1.62
2016.09.13 13:08:45.820,0.76847,0.76856,1.00,1.62
2016.09.13 13:08:45.871,0.76846,0.76855,1.10,1.50
2016.09.13 13:08:45.923,0.76846,0.76855,1.00,1.69
2016.09.13 13:08:45.974,0.76846,0.76853,1.00,1.00
2016.09.13 13:08:46.128,0.76845,0.76853,1.00,1.69
2016.09.13 13:08:46.179,0.76845,0.76852,1.00,1.00
2016.09.13 13:08:46.562,0.76848,0.76855,1.00,3.45
2016.09.13 13:08:46.615,0.76849,0.76855,1.00,1.85
2016.09.13 13:08:46.666,0.76852,0.76858,1.00,3.00
2016.09.13 13:08:46.719,0.76852,0.76859,1.00,1.69
2016.09.13 13:08:46.771,0.76852,0.76859,1.00,1.31
2016.09.13 13:08:46.824,0.76852,0.76859,1.00,1.00
2016.09.13 13:08:46.877,0.7685,0.76857,1.12,1.50
2016.09.13 13:08:46.929,0.76852,0.76857,1.00,1.12
2016.09.13 13:08:46.981,0.76853,0.76859,1.00,2.62
2016.09.13 13:08:47.032,0.76853,0.76859,1.00,1.37
2016.09.13 13:08:47.217,0.76853,0.76862,1.00,2.81
2016.09.13 13:08:47.425,0.76853,0.76862,1.00,2.06
2016.09.13 13:08:47.596,0.76853,0.76862,1.00,1.69
2016.09.13 13:08:47.936,0.7685,0.76858,1.00,1.56
2016.09.13 13:08:48.006,0.7685,0.76857,1.00,2.06
2016.09.13 13:08:48.108,0.76852,0.76858,1.00,3.19
2016.09.13 13:08:48.159,0.7685,0.76858,1.00,1.94
2016.09.13 13:08:48.211,0.76853,0.76859,1.00,2.62
2016.09.13 13:08:48.262,0.76853,0.7686,1.00,2.00
2016.09.13 13:08:48.313,0.76853,0.7686,1.00,1.69
2016.09.13 13:08:48.364,0.76853,0.7686,1.00,1.31
2016.09.13 13:08:48.415,0.76853,0.7686,1.00,1.25
2016.09.13 13:08:48.875,0.76853,0.76861,1.00,1.31
2016.09.13 13:08:49.660,0.76853,0.76862,1.00,1.69
2016.09.13 13:08:49.711,0.76853,0.76862,1.00,1.19
2016.09.13 13:08:49.762,0.76853,0.76863,1.00,1.50
2016.09.13 13:08:49.814,0.76855,0.76863,1.00,1.00
2016.09.13 13:08:49.865,0.76855,0.76864,1.00,3.56
2016.09.13 13:08:49.967,0.76855,0.76864,1.00,2.44
2016.09.13 13:08:50.018,0.76855,0.76864,1.00,3.19
2016.09.13 13:08:50.405,0.76854,0.76863,1.00,1.00
2016.09.13 13:08:50.675,0.76858,0.76865,1.00,1.10
2016.09.13 13:08:50.729,0.76858,0.76865,1.00,1.00
2016.09.13 13:08:50.883,0.76857,0.76865,1.00,1.50
2016.09.13 13:08:50.935,0.76854,0.76861,1.57,1.00
2016.09.13 13:08:50.986,0.76853,0.7686,1.87,1.00
2016.09.13 13:08:51.038,0.76852,0.7686,1.12,1.00
2016.09.13 13:08:51.089,0.76851,0.7686,1.00,1.25
2016.09.13 13:08:51.380,0.76855,0.76862,1.00,1.31
2016.09.13 13:08:51.432,0.76855,0.76864,1.00,2.06
2016.09.13 13:08:51.688,0.76855,0.76864,1.00,1.19
2016.09.13 13:08:51.790,0.76855,0.76864,1.00,1.69
2016.09.13 13:08:51.842,0.76855,0.76862,1.00,1.19
2016.09.13 13:08:52.316,0.76855,0.76864,1.00,1.10
2016.09.13 13:08:52.367,0.76855,0.76864,1.12,1.00
2016.09.13 13:08:52.675,0.76855,0.76864,1.00,1.00
2016.09.13 13:08:52.979,0.76855,0.76862,1.00,1.00
2016.09.13 13:08:54.456,0.76852,0.76858,1.12,1.00
2016.09.13 13:08:54.508,0.76851,0.76859,1.00,1.50
2016.09.13 13:08:54.560,0.7685,0.76858,1.50,1.00
2016.09.13 13:08:54.611,0.76849,0.76857,1.37,1.25
2016.09.13 13:08:54.663,0.76848,0.76857,1.00,1.25
2016.09.13 13:08:54.715,0.76848,0.76857,1.00,1.01
2016.09.13 13:08:55.041,0.76848,0.76857,1.00,1.25
2016.09.13 13:08:55.349,0.76847,0.76856,1.00,1.00
2016.09.13 13:08:55.452,0.76847,0.76856,1.00,1.12
2016.09.13 13:08:55.503,0.76847,0.76856,1.00,2.25
2016.09.13 13:08:55.554,0.76847,0.76856,1.00,3.00
2016.09.13 13:08:55.785,0.76847,0.76856,1.00,1.87
2016.09.13 13:08:55.837,0.76847,0.76856,1.00,1.50
2016.09.13 13:08:55.889,0.76847,0.76856,1.00,1.12
2016.09.13 13:08:56.042,0.76849,0.76857,1.00,1.50
2016.09.13 13:08:56.246,0.76848,0.76857,1.12,1.20
2016.09.13 13:08:56.464,0.76848,0.76857,1.12,2.62
2016.09.13 13:08:56.516,0.76847,0.76856,1.12,1.27
2016.09.13 13:08:56.567,0.76847,0.76856,1.00,1.65
2016.09.13 13:08:56.817,0.76847,0.76856,1.00,2.40
2016.09.13 13:08:57.072,0.76847,0.76856,1.00,2.02
2016.09.13 13:08:57.321,0.76848,0.76857,1.00,1.87
2016.09.13 13:08:57.372,0.76848,0.76857,1.00,1.50
2016.09.13 13:08:57.425,0.76849,0.76858,1.00,1.57
2016.09.13 13:08:57.476,0.76849,0.76858,1.00,2.14
2016.09.13 13:08:57.528,0.76849,0.76858,1.00,1.76
2016.09.13 13:08:57.580,0.76849,0.76858,1.00,1.39
2016.09.13 13:08:59.140,0.76847,0.76856,1.00,1.00
2016.09.13 13:08:59.191,0.76847,0.76856,1.00,1.20
2016.09.13 13:08:59.243,0.76847,0.76856,1.00,1.80
2016.09.13 13:08:59.345,0.76847,0.76856,1.00,2.92
2016.09.13 13:08:59.448,0.7685,0.76856,1.00,1.57
2016.09.13 13:08:59.499,0.76847,0.76854,1.00,1.00
2016.09.13 13:08:59.551,0.76849,0.76854,1.00,1.00
2016.09.13 13:08:59.893,0.76846,0.76852,1.95,1.00
2016.09.13 13:08:59.944,0.76846,0.76852,1.47,1.00
2016.09.13 13:08:59.995,0.76846,0.76852,1.00,1.00
2016.09.13 13:09:00.046,0.76845,0.76852,1.50,1.00
2016.09.13 13:09:00.200,0.76845,0.76853,1.12,1.00
2016.09.13 13:09:00.253,0.76845,0.76853,1.50,1.00
2016.09.13 13:09:00.304,0.76845,0.76853,1.12,1.00
2016.09.13 13:09:00.355,0.76845,0.76853,1.00,1.00
2016.09.13 13:09:00.863,0.76845,0.76852,1.00,1.00
2016.09.13 13:09:00.965,0.76844,0.76852,1.12,1.00
2016.09.13 13:09:01.168,0.76844,0.76852,1.00,1.00
2016.09.13 13:09:01.270,0.76843,0.7685,1.87,1.00
2016.09.13 13:09:01.321,0.76843,0.76849,1.12,1.00
2016.09.13 13:09:01.497,0.76842,0.76849,1.87,1.00
2016.09.13 13:09:01.549,0.76842,0.76848,1.12,1.00
2016.09.13 13:09:01.600,0.76842,0.76848,1.00,1.00
2016.09.13 13:09:01.651,0.76842,0.76848,1.00,1.00
2016.09.13 13:09:01.702,0.76842,0.7685,1.50,1.00
2016.09.13 13:09:01.856,0.76843,0.7685,1.12,1.00
2016.09.13 13:09:01.907,0.76843,0.7685,2.25,1.00
2016.09.13 13:09:02.009,0.76843,0.76851,1.37,1.00
2016.09.13 13:09:02.060,0.76843,0.76851,1.12,1.00
2016.09.13 13:09:02.275,0.76845,0.76851,1.00,1.00
2016.09.13 13:09:02.327,0.76845,0.7685,1.12,1.00
2016.09.13 13:09:02.379,0.76845,0.7685,1.00,1.00
2016.09.13 13:09:02.430,0.76843,0.76851,3.37,1.20
2016.09.13 13:09:02.482,0.76844,0.76852,2.62,1.50
2016.09.13 13:09:02.534,0.76844,0.76851,2.25,1.65
2016.09.13 13:09:02.586,0.76839,0.7685,2.25,1.00
2016.09.13 13:09:02.637,0.76839,0.76846,1.75,1.00
2016.09.13 13:09:02.689,0.7684,0.76844,1.00,1.00
2016.09.13 13:09:02.741,0.76839,0.76845,1.37,1.00
2016.09.13 13:09:02.792,0.76839,0.76845,1.12,1.00
2016.09.13 13:09:03.000,0.76839,0.76845,1.00,1.00
2016.09.13 13:09:03.163,0.76838,0.76845,1.50,1.00
2016.09.13 13:09:03.266,0.76838,0.76845,1.50,1.00
2016.09.13 13:09:03.318,0.76839,0.76845,1.00,1.00
2016.09.13 13:09:03.370,0.76838,0.76846,2.25,1.00
2016.09.13 13:09:03.881,0.76839,0.76846,1.00,1.00
2016.09.13 13:09:04.387,0.76839,0.76845,1.00,1.00
2016.09.13 13:09:04.658,0.76836,0.76844,1.65,1.00
2016.09.13 13:09:04.709,0.76835,0.76842,1.00,1.00
2016.09.13 13:09:05.218,0.76835,0.76841,1.00,1.00
2016.09.13 13:09:05.763,0.76835,0.76842,1.00,1.00
2016.09.13 13:09:05.992,0.76834,0.76842,1.50,1.00
2016.09.13 13:09:06.094,0.76835,0.76842,1.00,1.00
2016.09.13 13:09:06.145,0.76835,0.76842,1.00,1.00
2016.09.13 13:09:06.248,0.76835,0.76842,1.87,1.00
2016.09.13 13:09:06.299,0.76836,0.76845,2.25,1.00
2016.09.13 13:09:06.351,0.76839,0.76845,1.00,1.00
2016.09.13 13:09:06.585,0.76837,0.76845,1.00,1.00
2016.09.13 13:09:07.044,0.76837,0.76845,1.00,1.00
2016.09.13 13:09:07.252,0.76838,0.76845,1.00,1.00
2016.09.13 13:09:08.196,0.76838,0.76846,1.00,1.00
2016.09.13 13:09:09.485,0.76838,0.76846,1.12,1.00
2016.09.13 13:09:10.574,0.76838,0.76844,1.12,1.00
2016.09.13 13:09:10.930,0.76838,0.76846,1.12,1.00
2016.09.13 13:09:10.981,0.76838,0.76846,1.12,1.00
2016.09.13 13:09:11.032,0.76838,0.76847,1.87,1.00
2016.09.13 13:09:11.083,0.76839,0.76847,1.00,1.00
2016.09.13 13:09:11.185,0.76839,0.76847,1.12,1.00
2016.09.13 13:09:11.685,0.76838,0.76846,1.50,1.00
2016.09.13 13:09:11.736,0.76838,0.76845,1.37,1.00
2016.09.13 13:09:11.788,0.76835,0.76844,6.00,1.00
2016.09.13 13:09:11.839,0.76835,0.76844,4.87,1.00
2016.09.13 13:09:11.890,0.76835,0.76844,3.00,1.00
2016.09.13 13:09:11.942,0.76835,0.76844,1.87,1.00
2016.09.13 13:09:12.815,0.76836,0.76844,1.00,1.00
2016.09.13 13:09:13.354,0.76837,0.76844,1.00,1.00
2016.09.13 13:09:14.396,0.76838,0.76844,1.00,1.00
2016.09.13 13:09:14.550,0.76839,0.76846,1.00,1.00
2016.09.13 13:09:14.602,0.7684,0.76845,1.00,1.00
2016.09.13 13:09:14.654,0.7684,0.76846,1.00,1.37
2016.09.13 13:09:14.705,0.76838,0.76843,1.50,1.00
2016.09.13 13:09:14.757,0.76838,0.76843,1.37,1.00
2016.09.13 13:09:14.931,0.76835,0.76841,1.47,1.00
2016.09.13 13:09:14.982,0.76835,0.76841,1.37,1.00
2016.09.13 13:09:15.034,0.76835,0.76841,1.00,1.00
2016.09.13 13:09:15.982,0.76834,0.76841,1.00,1.00
2016.09.13 13:09:16.683,0.76835,0.76842,1.00,1.00
2016.09.13 13:09:16.735,0.76835,0.76843,1.10,1.00
2016.09.13 13:09:16.917,0.76835,0.76843,1.20,1.00
2016.09.13 13:09:17.019,0.76836,0.76843,1.00,1.00
2016.09.13 13:09:17.431,0.76836,0.76844,1.00,1.12
2016.09.13 13:09:17.482,0.76836,0.76842,1.00,1.00
2016.09.13 13:09:17.584,0.76835,0.76842,1.00,1.00
2016.09.13 13:09:17.788,0.76836,0.76842,1.00,1.00
2016.09.13 13:09:17.997,0.76833,0.76841,1.00,1.00
2016.09.13 13:09:18.252,0.76834,0.76841,1.50,1.00
2016.09.13 13:09:18.456,0.76835,0.76842,1.00,1.00
2016.09.13 13:09:18.715,0.76834,0.76841,1.50,1.00
2016.09.13 13:09:18.952,0.76833,0.76841,1.00,1.00
2016.09.13 13:09:19.056,0.76833,0.76839,1.00,1.00
2016.09.13 13:09:19.260,0.76833,0.76842,1.50,1.50
2016.09.13 13:09:19.311,0.76835,0.76842,1.00,1.00
2016.09.13 13:09:19.363,0.76836,0.76843,1.00,1.50
2016.09.13 13:09:19.414,0.76836,0.76843,1.50,1.50
2016.09.13 13:09:19.466,0.76836,0.76843,1.50,1.37
2016.09.13 13:09:19.517,0.76836,0.76843,1.50,1.00
2016.09.13 13:09:19.619,0.76837,0.76843,1.10,1.00
2016.09.13 13:09:19.851,0.76837,0.76845,1.20,1.00
2016.09.13 13:09:19.902,0.76837,0.76845,1.10,1.00
2016.09.13 13:09:20.331,0.76838,0.76845,1.00,1.00
2016.09.13 13:09:20.382,0.76839,0.76848,1.00,1.12
2016.09.13 13:09:20.433,0.76841,0.76848,1.00,1.12
2016.09.13 13:09:20.565,0.76841,0.76848,1.00,1.37
2016.09.13 13:09:20.616,0.76842,0.76849,1.00,1.00
2016.09.13 13:09:20.720,0.76841,0.76849,1.20,1.00
2016.09.13 13:09:20.822,0.76841,0.7685,1.87,1.00
2016.09.13 13:09:21.026,0.76841,0.76848,1.12,1.00
2016.09.13 13:09:21.128,0.76841,0.76848,1.00,1.00
2016.09.13 13:09:21.502,0.76842,0.76848,1.00,1.00
2016.09.13 13:09:22.701,0.76843,0.7685,1.00,1.00
2016.09.13 13:09:22.854,0.76843,0.76852,1.50,1.00
2016.09.13 13:09:23.405,0.76844,0.76853,1.50,1.00
2016.09.13 13:09:23.558,0.76844,0.76853,1.50,1.12
2016.09.13 13:09:23.779,0.76844,0.76853,1.50,1.00
2016.09.13 13:09:23.941,0.76844,0.76853,1.00,1.00
2016.09.13 13:09:24.196,0.76843,0.76852,1.65,1.00
2016.09.13 13:09:24.248,0.76843,0.7685,1.10,1.00
2016.09.13 13:09:24.350,0.76843,0.7685,1.00,1.00
2016.09.13 13:09:24.401,0.76841,0.7685,2.62,1.00
2016.09.13 13:09:24.589,0.76841,0.76849,1.20,1.00
2016.09.13 13:09:24.642,0.76841,0.76849,1.10,1.00
2016.09.13 13:09:24.950,0.7684,0.76849,1.95,1.00
2016.09.13 13:09:25.256,0.7684,0.76848,1.12,1.00
2016.09.13 13:09:25.308,0.7684,0.76848,1.00,1.00
2016.09.13 13:09:25.601,0.7684,0.76847,1.00,1.00
2016.09.13 13:09:26.122,0.76839,0.76847,1.00,1.00
2016.09.13 13:09:27.042,0.76839,0.76846,1.00,1.00
2016.09.13 13:09:27.145,0.76839,0.76847,1.00,1.12
2016.09.13 13:09:27.247,0.76839,0.76848,1.50,1.20
2016.09.13 13:09:27.349,0.76839,0.76848,1.50,1.10
2016.09.13 13:09:27.536,0.7684,0.76848,1.12,1.00
2016.09.13 13:09:27.640,0.76841,0.76848,1.00,1.00
2016.09.13 13:09:27.845,0.76841,0.76849,1.00,1.00
2016.09.13 13:09:28.448,0.76842,0.76849,1.00,1.00
2016.09.13 13:09:28.504,0.76842,0.76851,1.50,1.00
2016.09.13 13:09:28.583,0.76842,0.76851,1.87,1.00
2016.09.13 13:09:28.635,0.76843,0.76851,1.00,1.00
2016.09.13 13:09:28.737,0.76847,0.76852,1.00,1.00
2016.09.13 13:09:29.459,0.76844,0.76852,1.57,1.00
2016.09.13 13:09:29.612,0.76844,0.76852,1.20,1.00
2016.09.13 13:09:29.765,0.76845,0.76852,1.00,1.00
2016.09.13 13:09:30.451,0.76845,0.76852,1.00,1.00
2016.09.13 13:09:30.554,0.76842,0.76851,4.57,1.00
2016.09.13 13:09:30.606,0.76842,0.76851,1.57,1.00
2016.09.13 13:09:30.750,0.76842,0.76851,1.12,1.00
2016.09.13 13:09:30.801,0.76842,0.76849,1.87,1.00
2016.09.13 13:09:30.904,0.76842,0.76849,1.00,1.00
2016.09.13 13:09:31.057,0.76842,0.76849,1.00,1.00
2016.09.13 13:09:31.210,0.76842,0.76849,1.50,1.00
2016.09.13 13:09:31.415,0.76842,0.76849,1.87,1.00
2016.09.13 13:09:31.466,0.76842,0.76851,1.87,1.00
2016.09.13 13:09:31.609,0.76845,0.76851,1.00,1.00
2016.09.13 13:09:31.866,0.76843,0.76851,1.00,1.00
2016.09.13 13:09:32.019,0.76843,0.76851,1.10,1.00
2016.09.13 13:09:32.325,0.76844,0.7685,1.00,1.00
2016.09.13 13:09:32.555,0.76846,0.76852,1.00,1.00
2016.09.13 13:09:33.201,0.76844,0.76852,1.50,1.00
2016.09.13 13:09:33.252,0.76845,0.76852,1.12,1.00
2016.09.13 13:09:33.304,0.76845,0.76852,1.12,1.00
2016.09.13 13:09:33.457,0.76845,0.76852,1.00,1.00
2016.09.13 13:09:33.998,0.76845,0.76853,1.00,1.00
2016.09.13 13:09:34.151,0.76844,0.76853,2.25,1.00
2016.09.13 13:09:34.253,0.76846,0.76853,1.00,1.00
2016.09.13 13:09:34.457,0.76846,0.76854,1.75,1.00
2016.09.13 13:09:34.912,0.76845,0.76854,1.87,1.00
2016.09.13 13:09:34.963,0.76845,0.76852,1.37,1.00
2016.09.13 13:09:35.118,0.76845,0.76853,1.37,1.00
2016.09.13 13:09:35.222,0.76844,0.76853,2.25,1.00
2016.09.13 13:09:35.377,0.76846,0.76855,1.12,2.06
2016.09.13 13:09:35.428,0.76846,0.76855,1.12,1.87
2016.09.13 13:09:35.479,0.76846,0.76856,1.12,1.76
2016.09.13 13:09:35.531,0.76848,0.76855,1.00,1.37
2016.09.13 13:09:35.667,0.76848,0.76855,1.12,1.12
2016.09.13 13:09:35.769,0.76849,0.76857,1.37,1.66
2016.09.13 13:09:35.871,0.76851,0.76857,1.12,1.00
2016.09.13 13:09:35.973,0.76851,0.7686,1.12,2.14
2016.09.13 13:09:36.075,0.76851,0.7686,1.12,1.76
2016.09.13 13:09:36.178,0.76853,0.7686,1.00,1.76
2016.09.13 13:09:36.280,0.76853,0.7686,1.00,1.10
2016.09.13 13:09:36.332,0.76851,0.76858,1.12,1.00
2016.09.13 13:09:36.383,0.76852,0.76861,1.12,1.57
2016.09.13 13:09:36.525,0.76852,0.76861,1.37,1.20
2016.09.13 13:09:36.588,0.76852,0.76861,1.37,1.00
2016.09.13 13:09:36.639,0.76851,0.7686,2.25,1.00
2016.09.13 13:09:36.691,0.76852,0.7686,1.37,1.00
2016.09.13 13:09:36.846,0.76852,0.7686,1.37,1.00
2016.09.13 13:09:37.690,0.76851,0.7686,2.25,1.00
2016.09.13 13:09:37.789,0.76851,0.7686,2.62,1.00
2016.09.13 13:09:37.892,0.76852,0.7686,1.00,1.00
2016.09.13 13:09:38.664,0.76852,0.7686,1.50,1.00
2016.09.13 13:09:38.715,0.76852,0.7686,1.12,1.00
2016.09.13 13:09:39.080,0.76852,0.76861,2.25,1.00
2016.09.13 13:09:39.131,0.76852,0.76861,2.62,1.00
2016.09.13 13:09:39.183,0.76853,0.76861,1.37,1.00
2016.09.13 13:09:39.234,0.76854,0.76863,1.00,1.69
2016.09.13 13:09:39.399,0.76854,0.76863,2.25,1.31
2016.09.13 13:09:39.450,0.76856,0.76863,1.12,1.25
2016.09.13 13:09:39.502,0.76856,0.76863,1.75,1.00
2016.09.13 13:09:39.604,0.76856,0.76863,1.00,1.00
2016.09.13 13:09:39.863,0.76855,0.76864,1.87,1.00
2016.09.13 13:09:40.222,0.76855,0.76864,1.50,1.00
2016.09.13 13:09:40.386,0.76855,0.76864,2.25,1.00
2016.09.13 13:09:40.489,0.76857,0.76864,1.00,1.00
2016.09.13 13:09:40.541,0.76857,0.76864,1.12,1.00
2016.09.13 13:09:40.747,0.76857,0.76866,2.62,1.57
2016.09.13 13:09:40.798,0.76858,0.76866,1.00,1.57
2016.09.13 13:09:40.964,0.76858,0.76866,1.37,1.50
2016.09.13 13:09:41.015,0.76858,0.76867,3.00,1.10
2016.09.13 13:09:41.066,0.76858,0.76866,2.25,1.00
2016.09.13 13:09:41.118,0.76858,0.76866,1.87,1.00
2016.09.13 13:09:41.169,0.76858,0.76866,1.12,1.00
2016.09.13 13:09:41.220,0.76858,0.76866,1.00,1.00
2016.09.13 13:09:41.271,0.76857,0.76864,4.69,1.00
2016.09.13 13:09:41.322,0.76857,0.76864,3.94,1.00
2016.09.13 13:09:41.576,0.76859,0.76867,1.00,1.10
2016.09.13 13:09:42.051,0.76859,0.76868,1.00,1.20
2016.09.13 13:09:42.103,0.76859,0.76868,1.37,1.20
2016.09.13 13:09:42.359,0.7686,0.76869,1.12,2.62
2016.09.13 13:09:42.410,0.7686,0.76869,1.12,2.32
2016.09.13 13:09:42.461,0.7686,0.76869,1.12,1.57
2016.09.13 13:09:42.617,0.7686,0.76869,1.00,1.95
2016.09.13 13:09:42.720,0.7686,0.76869,1.00,1.47
2016.09.13 13:09:42.772,0.7686,0.76869,1.00,1.37
2016.09.13 13:09:42.823,0.76862,0.76871,1.00,2.62
2016.09.13 13:09:42.876,0.76862,0.76871,1.00,2.25
2016.09.13 13:09:42.927,0.76862,0.76871,1.00,1.87
2016.09.13 13:09:42.978,0.76862,0.76871,1.00,1.57
2016.09.13 13:09:43.029,0.76862,0.76871,1.00,1.20
2016.09.13 13:09:43.081,0.76862,0.76871,1.00,1.95
2016.09.13 13:09:43.513,0.76862,0.76871,1.12,1.20
2016.09.13 13:09:43.565,0.76865,0.76872,1.12,1.12
2016.09.13 13:09:43.616,0.76865,0.76874,1.12,1.95
2016.09.13 13:09:43.673,0.76866,0.76875,1.00,1.12
2016.09.13 13:09:43.725,0.76866,0.76875,1.00,1.00
2016.09.13 13:09:44.133,0.76865,0.76874,1.50,1.00
2016.09.13 13:09:44.364,0.76864,0.76873,1.00,2.70
2016.09.13 13:09:44.415,0.76863,0.76872,1.00,2.25
2016.09.13 13:09:44.670,0.76864,0.76872,1.00,1.50
2016.09.13 13:09:45.517,0.76864,0.76872,1.00,2.25
2016.09.13 13:09:45.619,0.76864,0.76872,1.00,1.50
2016.09.13 13:09:46.589,0.76864,0.76871,1.00,1.10
2016.09.13 13:09:47.526,0.76864,0.76872,1.00,1.12
2016.09.13 13:09:47.957,0.76864,0.76872,1.00,1.10
2016.09.13 13:09:48.420,0.76869,0.76874,1.00,1.10
2016.09.13 13:09:48.472,0.7687,0.76875,1.00,1.12
2016.09.13 13:09:48.524,0.7687,0.76875,1.00,1.00
2016.09.13 13:09:48.590,0.76871,0.76878,1.00,2.44
2016.09.13 13:09:48.642,0.76871,0.76878,1.00,2.06
2016.09.13 13:09:48.694,0.76871,0.76878,1.00,1.69
2016.09.13 13:09:48.899,0.76871,0.76878,1.00,1.25
2016.09.13 13:09:49.125,0.76872,0.76881,1.00,5.06
2016.09.13 13:09:49.181,0.76872,0.76881,1.00,3.94
2016.09.13 13:09:49.233,0.76875,0.76881,1.00,2.81
2016.09.13 13:09:49.284,0.76875,0.76882,1.00,1.12
2016.09.13 13:09:49.335,0.76876,0.76882,1.00,1.00
2016.09.13 13:09:49.387,0.76876,0.76883,1.00,1.01
2016.09.13 13:09:49.490,0.76876,0.76883,1.00,1.39
2016.09.13 13:09:49.542,0.76876,0.76882,1.00,1.37
2016.09.13 13:09:49.594,0.76876,0.76882,1.00,1.00
2016.09.13 13:09:49.646,0.76876,0.76883,1.00,1.69
2016.09.13 13:09:49.874,0.76875,0.76883,1.00,2.81
2016.09.13 13:09:49.926,0.76875,0.76883,1.00,2.44
2016.09.13 13:09:49.977,0.76875,0.76883,1.00,2.06
2016.09.13 13:09:50.028,0.76874,0.76883,1.00,1.87
2016.09.13 13:09:50.182,0.76874,0.76883,1.00,1.12
2016.09.13 13:09:51.195,0.76874,0.76883,1.00,1.87
2016.09.13 13:09:51.314,0.76873,0.7688,1.00,1.00
2016.09.13 13:09:51.365,0.76873,0.7688,1.00,1.12
2016.09.13 13:09:51.416,0.76872,0.76879,1.95,1.00
2016.09.13 13:09:51.467,0.76872,0.76879,1.20,1.00
2016.09.13 13:09:51.518,0.7687,0.76879,3.07,1.00
2016.09.13 13:09:51.690,0.76869,0.76878,1.87,1.00
2016.09.13 13:09:51.742,0.76869,0.76878,1.12,1.00
2016.09.13 13:09:51.844,0.76869,0.76878,1.00,1.00
2016.09.13 13:09:51.997,0.76868,0.76877,1.10,1.00
2016.09.13 13:09:53.198,0.76868,0.76877,1.57,1.00
2016.09.13 13:09:53.249,0.7687,0.76879,1.00,2.62
2016.09.13 13:09:53.770,0.76868,0.76877,1.57,1.00
2016.09.13 13:09:53.957,0.76867,0.76876,1.87,1.00
2016.09.13 13:09:54.453,0.76869,0.76876,1.00,1.00
2016.09.13 13:09:54.555,0.76869,0.76878,1.00,1.87
2016.09.13 13:09:54.606,0.76869,0.76878,1.00,1.50
2016.09.13 13:09:54.657,0.76868,0.76876,1.00,1.00
2016.09.13 13:09:54.788,0.76868,0.76876,1.12,1.00
2016.09.13 13:09:54.840,0.7687,0.76879,1.00,1.12
2016.09.13 13:09:55.517,0.76869,0.76876,1.57,1.00
2016.09.13 13:09:55.568,0.76869,0.76878,1.10,1.50
2016.09.13 13:09:55.732,0.76868,0.76876,1.12,1.00
2016.09.13 13:09:55.787,0.76867,0.76874,1.00,1.00
2016.09.13 13:09:55.838,0.76865,0.76874,1.50,1.00
2016.09.13 13:09:55.889,0.76865,0.76873,2.25,1.12
2016.09.13 13:09:56.094,0.76865,0.76873,1.50,1.12
2016.09.13 13:09:56.196,0.76865,0.76874,1.50,1.50
2016.09.13 13:09:56.248,0.76867,0.76874,1.00,1.12
2016.09.13 13:09:56.299,0.76867,0.76874,1.00,1.00
2016.09.13 13:09:56.486,0.76866,0.76873,1.12,1.00
2016.09.13 13:09:56.538,0.76867,0.76874,1.00,1.10
2016.09.13 13:09:56.799,0.76867,0.76874,1.50,1.00
2016.09.13 13:09:57.338,0.76868,0.76874,1.00,1.00
2016.09.13 13:09:57.491,0.76868,0.76876,1.00,1.50
2016.09.13 13:09:57.543,0.76867,0.76876,1.50,1.00
2016.09.13 13:10:00.154,0.76867,0.76876,1.87,1.00
2016.09.13 13:10:00.238,0.76867,0.76876,1.87,1.50
2016.09.13 13:10:00.409,0.76867,0.76876,1.50,1.50
2016.09.13 13:10:00.511,0.76868,0.76876,1.00,1.00
2016.09.13 13:10:00.613,0.76869,0.76878,1.50,1.87
2016.09.13 13:10:00.783,0.76869,0.76878,1.50,2.25
2016.09.13 13:10:00.834,0.76869,0.76878,1.50,1.00
2016.09.13 13:10:01.038,0.76869,0.76878,1.87,1.00
2016.09.13 13:10:01.241,0.76869,0.76878,1.50,1.00
2016.09.13 13:10:01.733,0.76869,0.76878,1.87,1.00
2016.09.13 13:10:01.835,0.7687,0.76879,1.50,1.00
2016.09.13 13:10:01.937,0.7687,0.76879,1.00,1.00
2016.09.13 13:10:01.990,0.76877,0.76881,1.00,1.20
2016.09.13 13:10:02.041,0.76876,0.76881,1.00,2.32
2016.09.13 13:10:02.246,0.76876,0.76881,1.00,1.57
2016.09.13 13:10:02.725,0.76876,0.76881,1.00,2.32
2016.09.13 13:10:03.568,0.76875,0.76879,1.00,1.00
2016.09.13 13:10:03.670,0.76873,0.76879,1.00,1.00
2016.09.13 13:10:03.721,0.76873,0.76879,1.00,1.12
2016.09.13 13:10:03.772,0.76873,0.76879,1.00,1.50
2016.09.13 13:10:03.823,0.76873,0.76879,1.00,1.12
2016.09.13 13:10:03.874,0.76873,0.76879,1.00,1.00
2016.09.13 13:10:04.140,0.76874,0.7688,1.00,1.00
2016.09.13 13:10:04.242,0.76874,0.76879,1.00,1.00
2016.09.13 13:10:04.832,0.76873,0.76879,1.00,1.00
2016.09.13 13:10:05.337,0.76874,0.76879,1.00,1.00
2016.09.13 13:10:05.508,0.76875,0.7688,1.00,1.12
2016.09.13 13:10:05.559,0.76875,0.76881,1.00,3.07
2016.09.13 13:10:05.701,0.76875,0.7688,1.00,1.50
2016.09.13 13:10:05.753,0.76874,0.76879,1.00,1.10
2016.09.13 13:10:05.961,0.76874,0.76879,1.00,2.32
2016.09.13 13:10:06.167,0.76874,0.76879,1.00,1.57
2016.09.13 13:10:06.518,0.76874,0.7688,1.00,2.25
2016.09.13 13:10:06.569,0.76874,0.7688,1.00,1.50
2016.09.13 13:10:06.620,0.76874,0.7688,1.00,1.00
2016.09.13 13:10:08.423,0.76876,0.7688,1.00,1.00
2016.09.13 13:10:08.627,0.76879,0.76884,1.00,2.25
2016.09.13 13:10:08.678,0.76881,0.76885,1.00,1.12
2016.09.13 13:10:08.729,0.76879,0.76883,1.00,1.00
2016.09.13 13:10:09.014,0.7688,0.76884,1.00,1.50
2016.09.13 13:10:09.218,0.76878,0.76882,1.00,1.00
2016.09.13 13:10:09.577,0.7688,0.76884,1.00,1.25
2016.09.13 13:10:09.628,0.7688,0.76885,1.00,1.12
2016.09.13 13:10:10.007,0.76882,0.76886,1.00,1.50
2016.09.13 13:10:10.058,0.7688,0.76887,1.00,3.45
2016.09.13 13:10:10.161,0.76883,0.76887,1.00,1.20
2016.09.13 13:10:10.937,0.76881,0.76885,1.00,1.00
2016.09.13 13:10:11.039,0.76882,0.76887,1.00,1.20
2016.09.13 13:10:11.579,0.76883,0.76887,1.00,1.20
2016.09.13 13:10:11.631,0.76883,0.76887,1.00,1.10
2016.09.13 13:10:12.146,0.76883,0.76888,1.00,1.20
2016.09.13 13:10:12.248,0.76883,0.76888,1.00,1.12
2016.09.13 13:10:12.300,0.76883,0.76888,1.00,1.00
2016.09.13 13:10:12.963,0.76884,0.76888,1.00,1.00
2016.09.13 13:10:14.653,0.76885,0.76891,1.00,2.25
2016.09.13 13:10:14.718,0.76887,0.76892,1.00,3.52
2016.09.13 13:10:14.769,0.76887,0.76892,1.00,1.57
2016.09.13 13:10:14.872,0.76887,0.76892,1.00,1.20
2016.09.13 13:10:15.653,0.76886,0.76891,1.00,1.00
2016.09.13 13:10:15.704,0.76886,0.76891,1.00,1.00
2016.09.13 13:10:15.858,0.76886,0.76892,1.00,1.65
2016.09.13 13:10:15.909,0.76886,0.76891,1.00,1.00
2016.09.13 13:10:16.216,0.76885,0.76891,1.00,1.00
2016.09.13 13:10:16.267,0.76884,0.76889,1.00,1.00
2016.09.13 13:10:16.520,0.76883,0.76889,1.00,1.00
2016.09.13 13:10:16.575,0.76883,0.76888,1.00,1.00
2016.09.13 13:10:18.611,0.76884,0.76888,1.00,1.00
2016.09.13 13:10:19.888,0.76883,0.76888,1.00,1.00
2016.09.13 13:10:20.386,0.76887,0.76891,1.00,1.10
2016.09.13 13:10:20.437,0.76886,0.76891,1.00,1.07
2016.09.13 13:10:20.489,0.76886,0.76892,1.00,1.12
2016.09.13 13:10:20.540,0.76889,0.76893,1.00,1.00
2016.09.13 13:10:20.591,0.7689,0.76895,1.00,1.00
2016.09.13 13:10:21.365,0.76889,0.76895,1.00,1.00
2016.09.13 13:10:21.869,0.76889,0.76894,1.00,1.00
2016.09.13 13:10:24.125,0.76886,0.76894,1.00,1.00
2016.09.13 13:10:24.303,0.76888,0.76892,1.00,1.50
2016.09.13 13:10:24.456,0.76888,0.76892,1.00,1.00
2016.09.13 13:10:24.558,0.76888,0.76893,1.00,1.50
2016.09.13 13:10:24.610,0.7689,0.76894,1.00,1.50
2016.09.13 13:10:24.814,0.76889,0.76893,1.00,1.00
2016.09.13 13:10:25.072,0.76889,0.76895,1.00,1.00
2016.09.13 13:10:25.155,0.7689,0.76895,1.00,1.00
2016.09.13 13:10:25.804,0.76891,0.76895,1.00,1.00
2016.09.13 13:10:26.611,0.76892,0.76896,1.00,1.00
2016.09.13 13:10:26.714,0.76893,0.76897,1.00,1.12
2016.09.13 13:10:26.766,0.76893,0.76899,1.00,1.50
2016.09.13 13:10:26.818,0.76893,0.76899,1.00,1.20
2016.09.13 13:10:27.022,0.76893,0.76899,1.00,1.10
2016.09.13 13:10:27.399,0.76895,0.76899,1.00,1.10
2016.09.13 13:10:28.291,0.76895,0.769,1.00,1.50
2016.09.13 13:10:28.729,0.76893,0.769,1.00,2.25
2016.09.13 13:10:28.780,0.76893,0.769,1.00,1.50
2016.09.13 13:10:29.069,0.76892,0.76899,1.00,1.10
2016.09.13 13:10:30.489,0.76893,0.76899,1.00,1.10
2016.09.13 13:10:31.893,0.76895,0.76899,1.00,1.10
2016.09.13 13:10:31.995,0.76895,0.769,1.00,1.50
2016.09.13 13:10:32.097,0.76895,0.769,1.00,1.00
2016.09.13 13:10:32.287,0.76897,0.76903,1.00,1.95
2016.09.13 13:10:32.339,0.76897,0.76902,1.00,1.00
2016.09.13 13:10:33.645,0.76897,0.76904,1.00,1.87
2016.09.13 13:10:33.696,0.76897,0.76903,1.00,1.12
2016.09.13 13:10:34.239,0.76895,0.76903,1.00,1.12
2016.09.13 13:10:34.341,0.76898,0.76903,1.00,1.12
2016.09.13 13:10:34.392,0.76898,0.76905,1.00,1.50
2016.09.13 13:10:34.444,0.76898,0.76906,1.00,3.37
2016.09.13 13:10:34.495,0.76901,0.76906,1.00,1.37
2016.09.13 13:10:34.597,0.769,0.76909,1.00,3.45
2016.09.13 13:10:34.648,0.76899,0.76908,1.00,1.37
2016.09.13 13:10:34.700,0.769,0.76908,1.00,1.12
2016.09.13 13:10:34.853,0.769,0.76908,1.00,1.57
2016.09.13 13:10:35.000,0.769,0.76908,1.00,1.95
2016.09.13 13:10:35.052,0.76898,0.76907,1.00,2.32
2016.09.13 13:10:35.207,0.76898,0.76905,1.00,1.00
2016.09.13 13:10:35.990,0.76897,0.76905,1.00,1.00
2016.09.13 13:10:36.282,0.76897,0.76905,1.00,1.37
2016.09.13 13:10:37.227,0.76897,0.76906,1.00,2.70
2016.09.13 13:10:37.582,0.76898,0.76906,1.00,1.95
2016.09.13 13:10:38.009,0.76898,0.76906,1.00,1.57
2016.09.13 13:10:38.215,0.76898,0.76905,1.00,1.37
2016.09.13 13:10:39.814,0.76898,0.76905,1.00,1.00
2016.09.13 13:10:40.284,0.769,0.76905,1.00,1.00
2016.09.13 13:10:40.335,0.769,0.76906,1.00,1.10
2016.09.13 13:10:40.437,0.76898,0.76905,1.00,1.00
2016.09.13 13:10:41.423,0.76898,0.76904,1.00,1.00
2016.09.13 13:10:42.425,0.76898,0.76906,1.00,1.10
2016.09.13 13:10:43.428,0.76898,0.76904,1.00,1.00
2016.09.13 13:10:44.068,0.76895,0.76902,1.00,1.00
2016.09.13 13:10:44.119,0.76895,0.769,1.00,1.00
2016.09.13 13:10:44.170,0.76894,0.769,1.12,1.00
2016.09.13 13:10:44.221,0.76894,0.769,1.00,1.00
2016.09.13 13:10:44.733,0.76895,0.76901,1.00,1.00
2016.09.13 13:10:45.283,0.76894,0.76901,1.00,1.00
2016.09.13 13:10:45.537,0.76896,0.76902,1.00,1.00
2016.09.13 13:10:45.690,0.76896,0.76902,1.00,1.00
2016.09.13 13:10:46.740,0.76895,0.76902,1.00,1.00
2016.09.13 13:10:47.163,0.76892,0.769,1.12,1.00
2016.09.13 13:10:47.215,0.76893,0.76899,1.00,1.00
2016.09.13 13:10:47.266,0.7689,0.76898,2.25,1.00
2016.09.13 13:10:47.317,0.76889,0.76897,1.95,1.00
2016.09.13 13:10:47.370,0.76889,0.76896,1.37,1.00
2016.09.13 13:10:47.422,0.76889,0.76896,1.00,1.00
2016.09.13 13:10:47.678,0.76889,0.76897,1.00,1.65
2016.09.13 13:10:47.955,0.76889,0.76895,1.00,1.00
2016.09.13 13:10:48.255,0.76889,0.76896,1.00,1.12
2016.09.13 13:10:49.049,0.76889,0.76896,1.00,1.87
2016.09.13 13:10:49.566,0.76888,0.76896,1.00,1.87
2016.09.13 13:10:49.703,0.76888,0.76895,1.00,1.00
2016.09.13 13:10:50.179,0.76888,0.76892,1.00,1.00
2016.09.13 13:10:50.863,0.76888,0.76893,1.00,1.00
2016.09.13 13:10:51.067,0.76888,0.76896,1.00,1.87
2016.09.13 13:10:51.118,0.76888,0.76895,1.00,1.50
2016.09.13 13:10:51.169,0.76889,0.76893,1.00,1.00
2016.09.13 13:10:51.220,0.76887,0.76893,1.00,1.00
2016.09.13 13:10:51.271,0.76887,0.76895,1.00,2.32
2016.09.13 13:10:51.322,0.76887,0.76894,1.00,1.20
2016.09.13 13:10:51.472,0.76887,0.76893,1.00,1.10
2016.09.13 13:10:51.524,0.76886,0.76893,1.00,1.20
2016.09.13 13:10:51.677,0.76885,0.76893,1.00,1.12
2016.09.13 13:10:51.951,0.76889,0.76893,1.00,1.12
2016.09.13 13:10:52.752,0.7689,0.76894,1.00,1.50
2016.09.13 13:10:52.803,0.76889,0.76893,1.00,1.12
2016.09.13 13:10:54.101,0.76889,0.76893,1.00,1.12
2016.09.13 13:10:54.545,0.76887,0.76891,1.00,1.00
2016.09.13 13:10:54.596,0.76888,0.76892,1.00,1.12
2016.09.13 13:10:54.647,0.76888,0.76892,1.00,1.00
2016.09.13 13:10:55.817,0.76888,0.76892,1.00,1.12
2016.09.13 13:10:57.757,0.76888,0.76893,1.00,1.47
2016.09.13 13:10:57.808,0.76889,0.76894,1.00,1.57
2016.09.13 13:10:57.859,0.76889,0.76893,1.00,1.10
2016.09.13 13:10:59.658,0.76888,0.76892,1.00,1.00
2016.09.13 13:10:59.997,0.76888,0.76892,1.00,1.00
2016.09.13 13:11:00.252,0.76887,0.76892,1.00,1.00
2016.09.13 13:11:00.627,0.76887,0.76892,1.00,1.00
2016.09.13 13:11:00.678,0.76886,0.76891,1.00,1.00
2016.09.13 13:11:00.863,0.76886,0.76891,1.00,1.01
2016.09.13 13:11:00.914,0.76884,0.76888,1.00,1.00
2016.09.13 13:11:01.429,0.76883,0.76888,1.00,1.00
2016.09.13 13:11:02.836,0.76883,0.76887,1.00,1.00
2016.09.13 13:11:03.789,0.76883,0.76887,1.00,1.00
2016.09.13 13:11:04.152,0.76883,0.7689,1.00,2.62
2016.09.13 13:11:04.431,0.76883,0.7689,1.00,3.37
2016.09.13 13:11:04.990,0.76883,0.76889,1.00,1.20
2016.09.13 13:11:05.792,0.76883,0.76888,1.00,1.00
2016.09.13 13:11:05.913,0.76883,0.76888,1.00,1.00
2016.09.13 13:11:06.279,0.76885,0.76891,1.00,1.47
2016.09.13 13:11:06.331,0.76887,0.76893,1.00,1.50
2016.09.13 13:11:06.382,0.76889,0.76893,1.00,1.50
2016.09.13 13:11:06.433,0.76887,0.76893,1.00,1.50
2016.09.13 13:11:06.486,0.7689,0.76894,1.00,1.87
2016.09.13 13:11:06.538,0.76886,0.76893,1.00,1.50
2016.09.13 13:11:06.641,0.76886,0.76892,1.00,2.25
2016.09.13 13:11:06.692,0.76886,0.7689,1.00,1.00
2016.09.13 13:11:06.744,0.76886,0.7689,1.00,1.00
2016.09.13 13:11:06.897,0.76886,0.76892,1.00,1.87
2016.09.13 13:11:07.155,0.76887,0.76891,1.00,1.20
2016.09.13 13:11:07.207,0.76886,0.76891,1.00,1.00
2016.09.13 13:11:07.258,0.76885,0.76889,1.00,1.00
2016.09.13 13:11:07.310,0.76884,0.76889,1.00,1.50
2016.09.13 13:11:07.412,0.76884,0.76889,1.00,1.00
2016.09.13 13:11:07.903,0.76886,0.76891,1.00,1.20
2016.09.13 13:11:07.954,0.76886,0.76892,1.00,1.95
2016.09.13 13:11:08.056,0.76886,0.76892,1.00,2.32
2016.09.13 13:11:08.159,0.76886,0.76891,1.00,1.20
2016.09.13 13:11:08.234,0.76887,0.76891,1.00,1.10
2016.09.13 13:11:08.286,0.76887,0.76891,1.00,1.00
2016.09.13 13:11:08.673,0.76887,0.76891,1.00,1.00
2016.09.13 13:11:10.689,0.76887,0.76891,1.00,1.00
2016.09.13 13:11:10.742,0.76887,0.76892,1.00,1.12
2016.09.13 13:11:11.631,0.76888,0.76892,1.00,1.12
2016.09.13 13:11:11.684,0.76886,0.7689,1.00,1.00
2016.09.13 13:11:11.787,0.76887,0.76891,1.00,1.20
2016.09.13 13:11:13.355,0.76887,0.76891,1.00,1.10
2016.09.13 13:11:14.440,0.76887,0.76891,1.00,1.00
2016.09.13 13:11:14.777,0.76887,0.76891,1.00,1.00
2016.09.13 13:11:15.707,0.76888,0.76893,1.00,1.76
2016.09.13 13:11:15.758,0.76889,0.76893,1.00,1.20
2016.09.13 13:11:15.809,0.76889,0.76894,1.00,2.14
2016.09.13 13:11:15.861,0.7689,0.76894,1.00,1.69
2016.09.13 13:11:15.912,0.76889,0.76894,1.00,1.31
2016.09.13 13:11:15.964,0.7689,0.76895,1.00,1.12
2016.09.13 13:11:16.016,0.7689,0.76894,1.00,1.00
2016.09.13 13:11:16.119,0.76891,0.76895,1.00,1.12
2016.09.13 13:11:16.323,0.76891,0.76895,1.00,1.00
2016.09.13 13:11:17.486,0.76888,0.76892,1.00,1.00
2016.09.13 13:11:18.321,0.76886,0.7689,1.00,1.00
2016.09.13 13:11:18.780,0.76887,0.76891,1.00,1.12
2016.09.13 13:11:18.831,0.76886,0.7689,1.00,1.00
2016.09.13 13:11:19.342,0.76885,0.76889,1.00,1.00
2016.09.13 13:11:19.393,0.76885,0.76889,1.00,1.00
2016.09.13 13:11:20.080,0.76886,0.7689,1.00,1.12
2016.09.13 13:11:20.531,0.76885,0.76889,1.00,1.00
2016.09.13 13:11:20.633,0.76886,0.76892,1.00,1.75
2016.09.13 13:11:20.684,0.76888,0.76892,1.00,1.12
2016.09.13 13:11:20.736,0.7689,0.76894,1.00,1.50
2016.09.13 13:11:20.787,0.76888,0.76892,1.00,1.00
2016.09.13 13:11:20.838,0.7689,0.76895,1.00,1.37
2016.09.13 13:11:21.014,0.76888,0.76895,1.00,1.37
2016.09.13 13:11:21.065,0.76887,0.76894,1.00,1.00
2016.09.13 13:11:21.116,0.76886,0.76892,1.00,1.00
2016.09.13 13:11:21.269,0.76889,0.76893,1.00,1.87
2016.09.13 13:11:21.320,0.76888,0.76893,1.00,1.00
2016.09.13 13:11:21.422,0.76889,0.76894,1.00,1.87
2016.09.13 13:11:21.473,0.76889,0.76894,1.00,1.50
2016.09.13 13:11:21.524,0.76889,0.76896,1.00,1.50
2016.09.13 13:11:21.626,0.76889,0.76896,1.00,1.12
2016.09.13 13:11:21.782,0.76889,0.76896,1.00,1.69
2016.09.13 13:11:21.835,0.76888,0.76893,1.00,1.00
2016.09.13 13:11:21.886,0.76886,0.76893,1.37,1.12
2016.09.13 13:11:21.938,0.76886,0.76893,1.00,1.12
2016.09.13 13:11:21.989,0.76887,0.76893,1.00,1.31
2016.09.13 13:11:22.041,0.76887,0.76893,1.00,1.69
2016.09.13 13:11:22.093,0.76887,0.76893,1.00,1.31
2016.09.13 13:11:22.300,0.76887,0.76893,1.00,2.06
2016.09.13 13:11:22.695,0.76887,0.76892,1.00,1.25
2016.09.13 13:11:23.037,0.76887,0.76891,1.00,1.00
2016.09.13 13:11:23.088,0.76889,0.76893,1.00,1.12
2016.09.13 13:11:23.140,0.76888,0.76892,1.00,1.00
2016.09.13 13:11:24.042,0.76888,0.76893,1.00,1.00
2016.09.13 13:11:24.093,0.7689,0.76894,1.00,1.12
2016.09.13 13:11:24.144,0.76889,0.76893,1.00,1.00
2016.09.13 13:11:24.246,0.7689,0.76895,1.00,1.37
2016.09.13 13:11:24.402,0.7689,0.76895,1.00,1.12
2016.09.13 13:11:24.506,0.7689,0.76895,1.00,1.00
2016.09.13 13:11:25.043,0.76891,0.76895,1.00,1.00
2016.09.13 13:11:25.145,0.76891,0.76896,1.00,1.25
2016.09.13 13:11:25.736,0.7689,0.76896,1.00,1.25
2016.09.13 13:11:25.787,0.76888,0.76896,1.00,1.25
2016.09.13 13:11:25.838,0.76888,0.76894,1.00,1.00
2016.09.13 13:11:25.889,0.76888,0.76894,1.00,1.00
2016.09.13 13:11:25.940,0.76888,0.76894,1.00,1.12
2016.09.13 13:11:26.848,0.76888,0.76893,1.00,1.00
2016.09.13 13:11:27.007,0.76888,0.76893,1.00,1.00
2016.09.13 13:11:28.240,0.76888,0.76894,1.00,1.00
2016.09.13 13:11:28.292,0.76889,0.76894,1.00,1.00
2016.09.13 13:11:28.343,0.7689,0.76895,1.00,1.25
2016.09.13 13:11:28.473,0.7689,0.76896,1.00,1.76
2016.09.13 13:11:28.524,0.7689,0.76896,1.00,1.12
2016.09.13 13:11:28.589,0.7689,0.76896,1.00,1.00
2016.09.13 13:11:28.801,0.7689,0.76896,1.00,1.00
2016.09.13 13:11:28.955,0.76889,0.76895,1.00,1.19
2016.09.13 13:11:29.454,0.76889,0.76894,1.00,1.25
2016.09.13 13:11:29.556,0.76889,0.76896,1.00,1.76
2016.09.13 13:11:29.608,0.7689,0.76896,1.00,1.50
2016.09.13 13:11:29.660,0.7689,0.76897,1.00,2.02
2016.09.13 13:11:29.712,0.76892,0.76897,1.00,1.12
2016.09.13 13:11:29.763,0.76891,0.76898,1.00,2.51
2016.09.13 13:11:29.814,0.76891,0.76898,1.00,2.44
2016.09.13 13:11:29.866,0.76891,0.76898,1.00,2.06
2016.09.13 13:11:30.205,0.76889,0.76894,1.00,1.00
2016.09.13 13:11:31.265,0.76889,0.76896,1.00,2.17
2016.09.13 13:11:31.317,0.76887,0.76896,1.00,2.92
2016.09.13 13:11:31.369,0.76886,0.76891,1.00,1.00
2016.09.13 13:11:31.474,0.76888,0.76892,1.00,1.00
2016.09.13 13:11:31.655,0.76886,0.76891,1.00,1.00
2016.09.13 13:11:31.709,0.76886,0.76891,1.25,1.00
2016.09.13 13:11:31.913,0.76886,0.76894,1.25,1.87
2016.09.13 13:11:32.015,0.76886,0.76894,1.00,1.45
2016.09.13 13:11:32.399,0.76886,0.76893,1.00,1.27
2016.09.13 13:11:32.501,0.76884,0.76893,1.00,1.95
2016.09.13 13:11:32.553,0.76884,0.76893,1.00,2.25
2016.09.13 13:11:32.605,0.76884,0.76892,1.00,1.20
2016.09.13 13:11:32.810,0.76884,0.76893,1.00,2.25
2016.09.13 13:11:32.912,0.76884,0.76893,1.00,1.87
2016.09.13 13:11:33.151,0.76884,0.76892,1.00,1.20
2016.09.13 13:11:33.202,0.76886,0.76892,1.00,1.20
2016.09.13 13:11:33.280,0.76884,0.76892,1.00,1.10
2016.09.13 13:11:33.331,0.76883,0.76892,1.00,1.00
2016.09.13 13:11:33.823,0.76886,0.76892,1.00,1.20
2016.09.13 13:11:33.925,0.76886,0.76892,1.00,1.47
2016.09.13 13:11:34.027,0.76884,0.76891,1.00,1.12
2016.09.13 13:11:34.078,0.76879,0.76888,1.57,1.12
2016.09.13 13:11:34.130,0.76881,0.76886,1.00,1.00
2016.09.13 13:11:34.232,0.76879,0.76888,1.00,1.80
2016.09.13 13:11:34.284,0.76877,0.76887,1.00,1.95
2016.09.13 13:11:34.335,0.76878,0.76887,1.00,3.00
2016.09.13 13:11:34.515,0.76878,0.76887,1.00,2.32
2016.09.13 13:11:34.566,0.76879,0.76888,1.00,2.25
2016.09.13 13:11:34.668,0.76882,0.76888,1.00,1.87
2016.09.13 13:11:34.720,0.76882,0.76887,1.00,1.10
2016.09.13 13:11:34.771,0.76882,0.76891,1.00,6.07
2016.09.13 13:11:34.823,0.76882,0.7689,1.00,1.57
2016.09.13 13:11:34.976,0.76882,0.76889,1.00,1.37
2016.09.13 13:11:35.027,0.76882,0.76889,1.00,1.47
2016.09.13 13:11:35.184,0.76882,0.76889,1.00,1.20
2016.09.13 13:11:35.235,0.76882,0.76889,1.00,2.40
2016.09.13 13:11:35.388,0.76882,0.76889,1.00,2.02
2016.09.13 13:11:35.490,0.7688,0.76889,1.00,1.65
2016.09.13 13:11:35.541,0.7688,0.76889,1.00,2.02
2016.09.13 13:11:35.695,0.7688,0.76889,1.00,2.77
2016.09.13 13:11:35.797,0.7688,0.76889,1.00,2.40
2016.09.13 13:11:36.399,0.76881,0.76889,1.00,1.65
2016.09.13 13:11:36.501,0.76881,0.76889,1.00,1.27
2016.09.13 13:11:36.552,0.76881,0.76889,1.00,1.20
2016.09.13 13:11:37.326,0.76881,0.7689,1.00,4.12
2016.09.13 13:11:37.378,0.76881,0.7689,1.00,3.75
2016.09.13 13:11:37.480,0.76881,0.7689,1.00,2.25
2016.09.13 13:11:37.582,0.76881,0.7689,1.00,1.50
2016.09.13 13:11:37.634,0.7688,0.76888,1.00,1.62
2016.09.13 13:11:37.685,0.76877,0.76886,1.37,1.00
2016.09.13 13:11:37.737,0.76876,0.76885,1.87,1.19
2016.09.13 13:11:37.788,0.76876,0.76884,1.00,1.01
2016.09.13 13:11:37.841,0.76876,0.76884,1.00,1.65
2016.09.13 13:11:37.893,0.76875,0.76882,1.37,1.10
2016.09.13 13:11:37.945,0.76875,0.76882,1.00,1.10
2016.09.13 13:11:38.122,0.76876,0.76884,1.00,3.82
2016.09.13 13:11:38.227,0.76876,0.76884,1.00,3.07
2016.09.13 13:11:38.300,0.76877,0.76884,1.00,1.95
2016.09.13 13:11:38.352,0.76878,0.76885,1.00,1.57
2016.09.13 13:11:38.404,0.76879,0.76886,1.00,2.25
2016.09.13 13:11:38.456,0.7688,0.76886,1.00,1.12
2016.09.13 13:11:38.508,0.76881,0.76887,1.00,1.47
2016.09.13 13:11:38.591,0.76883,0.76888,1.00,1.10
2016.09.13 13:11:38.643,0.76883,0.7689,1.00,1.00
2016.09.13 13:11:38.880,0.76883,0.76891,1.00,2.10
2016.09.13 13:11:38.935,0.76883,0.76891,1.00,1.35
2016.09.13 13:11:39.283,0.76883,0.76891,1.00,1.72
2016.09.13 13:11:39.334,0.76883,0.76891,1.00,2.10
2016.09.13 13:11:39.419,0.76883,0.76891,1.00,1.35
2016.09.13 13:11:39.729,0.76886,0.76891,1.00,1.00
2016.09.13 13:11:39.907,0.76886,0.76895,1.00,3.75
2016.09.13 13:11:39.958,0.76886,0.76895,1.00,3.37
2016.09.13 13:11:40.060,0.76887,0.76895,1.00,2.25
2016.09.13 13:11:40.111,0.76887,0.76895,1.00,1.50
2016.09.13 13:11:40.162,0.76887,0.76896,1.00,3.82
2016.09.13 13:11:40.454,0.76883,0.76892,1.12,1.00
2016.09.13 13:11:40.505,0.76884,0.76891,1.00,1.69
2016.09.13 13:11:40.557,0.76883,0.76889,1.00,1.37
2016.09.13 13:11:40.771,0.7688,0.76887,1.00,1.00
2016.09.13 13:11:40.823,0.76881,0.76888,1.00,2.81
2016.09.13 13:11:40.975,0.76881,0.76888,1.00,3.19
2016.09.13 13:11:41.026,0.76881,0.76888,1.00,3.00
2016.09.13 13:11:41.077,0.76881,0.76887,1.00,1.57
2016.09.13 13:11:41.128,0.76881,0.76886,1.00,1.00
2016.09.13 13:11:41.890,0.76879,0.76886,1.00,1.00
2016.09.13 13:11:41.941,0.76879,0.76887,1.00,3.07
2016.09.13 13:11:42.043,0.76879,0.76886,1.00,1.00
2016.09.13 13:11:42.497,0.76879,0.76886,1.00,1.00
2016.09.13 13:11:42.548,0.76879,0.76886,1.00,1.12
2016.09.13 13:11:42.649,0.76879,0.76886,1.00,1.50
2016.09.13 13:11:43.283,0.76878,0.76886,1.00,1.50
2016.09.13 13:11:43.386,0.76878,0.76885,1.00,1.00
2016.09.13 13:11:43.488,0.76878,0.76885,1.00,1.00
2016.09.13 13:11:43.540,0.76878,0.76887,1.00,3.37
2016.09.13 13:11:43.753,0.76878,0.76886,1.00,1.20
2016.09.13 13:11:43.995,0.76878,0.76887,1.00,2.62
2016.09.13 13:11:44.046,0.76878,0.76887,1.00,3.37
2016.09.13 13:11:44.183,0.76878,0.76886,1.00,1.20
2016.09.13 13:11:44.235,0.76878,0.76886,1.00,1.27
2016.09.13 13:11:45.586,0.76877,0.76884,1.00,1.00
2016.09.13 13:11:45.659,0.76878,0.76885,1.00,1.57
2016.09.13 13:11:45.711,0.76878,0.76885,1.00,1.95
2016.09.13 13:11:45.896,0.76878,0.76885,1.00,1.57
2016.09.13 13:11:45.949,0.76877,0.76885,1.00,1.10
2016.09.13 13:11:46.001,0.76878,0.76885,1.00,1.00
2016.09.13 13:11:46.102,0.76878,0.76886,1.00,2.32
2016.09.13 13:11:46.306,0.76878,0.76885,1.00,1.00
2016.09.13 13:11:46.814,0.76878,0.76886,1.00,1.57
2016.09.13 13:11:46.916,0.76878,0.76886,1.00,2.32
2016.09.13 13:11:46.967,0.76878,0.76886,1.00,2.70
2016.09.13 13:11:47.173,0.76878,0.76886,1.00,2.32
2016.09.13 13:11:47.893,0.76878,0.76886,1.00,2.70
2016.09.13 13:11:48.075,0.76878,0.76886,1.00,2.32
2016.09.13 13:11:48.330,0.76879,0.76886,1.00,1.57
2016.09.13 13:11:48.381,0.76879,0.76887,1.00,2.89
2016.09.13 13:11:48.432,0.76879,0.76887,1.00,3.64
2016.09.13 13:11:48.483,0.76879,0.76887,1.00,2.89
2016.09.13 13:11:48.811,0.76879,0.76887,1.00,2.14
2016.09.13 13:11:48.913,0.76879,0.76887,1.00,1.70
2016.09.13 13:11:49.015,0.76879,0.76887,1.00,2.14
2016.09.13 13:11:49.066,0.76877,0.76886,1.00,1.20
2016.09.13 13:11:49.117,0.76877,0.76885,1.00,1.00
2016.09.13 13:11:49.219,0.76878,0.76885,1.00,1.12
2016.09.13 13:11:49.271,0.76878,0.76885,1.00,1.50
2016.09.13 13:11:49.323,0.76878,0.76885,1.00,1.12
2016.09.13 13:11:49.374,0.76879,0.76886,1.00,1.76
2016.09.13 13:11:49.510,0.76877,0.76886,1.00,1.47
2016.09.13 13:11:49.561,0.76879,0.76886,1.00,3.07
2016.09.13 13:11:49.612,0.76877,0.76886,1.00,2.70
2016.09.13 13:11:49.664,0.76877,0.76886,1.00,2.32
2016.09.13 13:11:49.766,0.76879,0.76886,1.00,3.07
2016.09.13 13:11:49.817,0.76879,0.76886,1.00,2.32
2016.09.13 13:11:49.868,0.76879,0.76886,1.00,1.57
2016.09.13 13:11:49.920,0.76879,0.76886,1.00,1.10
2016.09.13 13:11:50.021,0.76879,0.76886,1.00,1.20
2016.09.13 13:11:50.072,0.76879,0.76886,1.00,1.12
2016.09.13 13:11:50.124,0.76879,0.76887,1.00,2.25
2016.09.13 13:11:50.674,0.76879,0.76887,1.00,1.50
2016.09.13 13:11:50.725,0.76879,0.76886,1.00,1.12
2016.09.13 13:11:50.913,0.76879,0.76886,1.00,2.62
2016.09.13 13:11:50.964,0.76878,0.76885,1.00,1.87
2016.09.13 13:11:51.015,0.76878,0.76884,1.00,1.00
2016.09.13 13:11:51.245,0.76878,0.76884,1.00,1.50
2016.09.13 13:11:51.296,0.76877,0.76884,1.00,1.57
2016.09.13 13:11:51.348,0.76877,0.76884,1.00,1.95
2016.09.13 13:11:51.501,0.76877,0.76884,1.00,2.32
2016.09.13 13:11:51.603,0.76877,0.76884,1.00,1.95
2016.09.13 13:11:51.654,0.76877,0.76884,1.00,2.70
2016.09.13 13:11:51.756,0.76879,0.76884,1.00,1.47
2016.09.13 13:11:51.808,0.76879,0.76885,1.00,1.45
2016.09.13 13:11:51.860,0.76878,0.76885,1.00,1.57
2016.09.13 13:11:51.911,0.76879,0.76885,1.00,1.50
2016.09.13 13:11:51.962,0.76879,0.76886,1.00,1.95
2016.09.13 13:11:52.013,0.76879,0.76886,1.00,1.07
2016.09.13 13:11:52.142,0.76879,0.76887,1.00,3.07
2016.09.13 13:11:52.256,0.76879,0.76887,1.00,2.70
2016.09.13 13:11:52.797,0.76881,0.76887,1.00,1.95
2016.09.13 13:11:52.951,0.76881,0.76888,1.00,3.56
2016.09.13 13:11:53.134,0.76881,0.76888,1.00,2.81
2016.09.13 13:11:53.454,0.76881,0.76888,1.00,3.56
2016.09.13 13:11:53.808,0.76879,0.76888,1.00,2.81
2016.09.13 13:11:54.304,0.7688,0.76888,1.00,3.19
2016.09.13 13:11:54.355,0.7688,0.76887,1.00,1.45
2016.09.13 13:11:54.457,0.7688,0.76887,1.00,1.87
2016.09.13 13:11:54.508,0.76879,0.76887,1.00,3.37
2016.09.13 13:11:54.559,0.76879,0.76885,1.00,1.00
2016.09.13 13:11:54.713,0.76878,0.76885,1.00,1.20
2016.09.13 13:11:54.815,0.76878,0.76887,1.00,5.25
2016.09.13 13:11:54.866,0.76877,0.76886,1.00,1.07
2016.09.13 13:11:55.322,0.76877,0.76884,1.00,1.00
2016.09.13 13:11:55.852,0.76878,0.76884,1.00,1.00
2016.09.13 13:11:56.177,0.76878,0.76886,1.00,1.95
2016.09.13 13:11:56.229,0.76881,0.76887,1.00,1.20
2016.09.13 13:11:56.331,0.76883,0.76889,1.00,1.75
2016.09.13 13:11:56.382,0.76883,0.76889,1.00,1.37
2016.09.13 13:11:56.484,0.76883,0.76889,1.00,1.00
2016.09.13 13:11:56.637,0.76884,0.7689,1.00,1.10
2016.09.13 13:11:56.739,0.76885,0.76891,1.00,1.07
2016.09.13 13:11:56.790,0.76885,0.76892,1.00,1.57
2016.09.13 13:11:57.017,0.76885,0.76892,1.00,1.47
2016.09.13 13:11:57.068,0.76885,0.76892,1.00,1.10
2016.09.13 13:11:57.578,0.76886,0.76892,1.00,1.10
2016.09.13 13:11:57.856,0.76886,0.76891,1.00,1.37
2016.09.13 13:11:57.907,0.76884,0.7689,1.00,1.12
2016.09.13 13:11:57.958,0.76884,0.76888,1.00,1.00
2016.09.13 13:11:58.061,0.76882,0.76891,1.00,3.00
2016.09.13 13:11:58.114,0.76883,0.76891,1.00,1.95
2016.09.13 13:11:58.166,0.76882,0.76891,1.00,2.70
2016.09.13 13:11:58.218,0.76882,0.76891,1.00,2.25
2016.09.13 13:11:58.320,0.76883,0.76891,1.00,2.70
2016.09.13 13:11:58.371,0.76883,0.7689,1.00,1.10
2016.09.13 13:11:59.062,0.76884,0.7689,1.00,1.10
2016.09.13 13:11:59.164,0.76885,0.76891,1.00,1.20
2016.09.13 13:11:59.215,0.76885,0.76893,1.00,1.50
2016.09.13 13:11:59.267,0.76885,0.76893,1.00,1.12
2016.09.13 13:11:59.318,0.76886,0.76894,1.00,2.92
2016.09.13 13:11:59.478,0.76886,0.76894,1.00,2.55
2016.09.13 13:11:59.530,0.76888,0.76894,1.00,1.47
2016.09.13 13:11:59.582,0.76888,0.76895,1.00,1.97
2016.09.13 13:11:59.633,0.7689,0.76897,1.00,2.81
2016.09.13 13:11:59.684,0.7689,0.76897,1.00,2.44
2016.09.13 13:11:59.736,0.7689,0.76897,1.00,2.25
2016.09.13 13:11:59.787,0.7689,0.76897,1.00,1.50
2016.09.13 13:11:59.890,0.7689,0.76897,1.00,1.87
2016.09.13 13:12:00.141,0.76889,0.76897,1.00,1.12
2016.09.13 13:12:00.690,0.7689,0.76896,1.00,1.27
2016.09.13 13:12:00.741,0.7689,0.76896,1.00,1.12
2016.09.13 13:12:01.258,0.76891,0.76896,1.00,1.12
2016.09.13 13:12:01.898,0.76891,0.76896,1.00,1.00
2016.09.13 13:12:02.284,0.76891,0.76896,1.00,1.37
2016.09.13 13:12:02.386,0.76891,0.76896,1.00,1.00
2016.09.13 13:12:02.794,0.76891,0.76897,1.00,1.10
2016.09.13 13:12:03.081,0.76891,0.76897,1.00,1.00
2016.09.13 13:12:03.387,0.76891,0.76897,1.00,1.12
2016.09.13 13:12:03.438,0.76891,0.76897,1.00,1.00
2016.09.13 13:12:03.540,0.76889,0.76896,1.00,1.00
2016.09.13 13:12:03.592,0.76889,0.76896,1.00,1.37
2016.09.13 13:12:04.049,0.76889,0.76896,1.00,1.57
2016.09.13 13:12:04.519,0.76889,0.76895,1.00,1.12
2016.09.13 13:12:04.786,0.76888,0.76894,1.00,1.00
2016.09.13 13:12:05.786,0.76888,0.76895,1.00,1.00
2016.09.13 13:12:06.676,0.76888,0.76895,1.00,1.12
2016.09.13 13:12:06.778,0.76884,0.76894,3.75,1.87
2016.09.13 13:12:06.829,0.76883,0.76889,2.62,1.00
2016.09.13 13:12:06.881,0.76885,0.76889,1.00,1.00
2016.09.13 13:12:06.984,0.76885,0.76893,1.00,1.75
2016.09.13 13:12:07.035,0.76888,0.76894,1.00,3.07
2016.09.13 13:12:07.163,0.76888,0.76894,1.00,2.32
2016.09.13 13:12:07.216,0.76887,0.76895,1.00,1.50
2016.09.13 13:12:07.268,0.76887,0.76896,1.00,2.81
2016.09.13 13:12:07.324,0.76887,0.76894,1.00,1.87
2016.09.13 13:12:07.480,0.76887,0.76894,1.00,2.62
2016.09.13 13:12:07.686,0.76887,0.76894,1.00,1.87
2016.09.13 13:12:07.927,0.76887,0.76894,1.00,1.50
2016.09.13 13:12:08.135,0.76887,0.76894,1.00,1.00
2016.09.13 13:12:08.392,0.76888,0.76894,1.00,1.12
2016.09.13 13:12:08.616,0.76888,0.76894,1.00,1.00
2016.09.13 13:12:08.667,0.76884,0.76894,1.00,2.70
2016.09.13 13:12:08.719,0.76884,0.76893,1.00,1.12
2016.09.13 13:12:08.770,0.76884,0.76891,1.00,1.00
2016.09.13 13:12:08.975,0.76886,0.76891,1.00,1.00
2016.09.13 13:12:09.026,0.76887,0.76894,1.00,1.87
2016.09.13 13:12:09.077,0.76887,0.76894,1.00,1.37
2016.09.13 13:12:09.129,0.76889,0.76896,1.00,1.69
2016.09.13 13:12:09.180,0.76888,0.76897,1.00,2.47
2016.09.13 13:12:09.335,0.76888,0.76897,1.00,1.80
2016.09.13 13:12:09.386,0.76886,0.76897,1.12,2.17
2016.09.13 13:12:09.489,0.76888,0.76897,1.00,1.42
2016.09.13 13:12:09.642,0.76888,0.76898,1.00,3.67
2016.09.13 13:12:09.693,0.76888,0.76898,1.00,4.42
2016.09.13 13:12:09.926,0.76888,0.76896,1.00,1.00
2016.09.13 13:12:09.977,0.76888,0.76896,1.00,1.50
2016.09.13 13:12:10.130,0.76888,0.76896,1.00,1.87
2016.09.13 13:12:10.233,0.76889,0.76896,1.00,1.50
2016.09.13 13:12:10.284,0.76885,0.76894,2.25,1.12
2016.09.13 13:12:10.335,0.76885,0.76893,1.50,1.00
2016.09.13 13:12:10.386,0.76884,0.76892,1.57,1.00
2016.09.13 13:12:10.437,0.76884,0.76891,1.00,1.12
2016.09.13 13:12:10.489,0.76883,0.76891,1.00,1.12
2016.09.13 13:12:10.647,0.76886,0.76893,1.00,3.00
2016.09.13 13:12:10.912,0.76885,0.76893,1.00,3.37
2016.09.13 13:12:10.964,0.76885,0.76893,1.00,2.32
2016.09.13 13:12:11.016,0.76887,0.76893,1.00,1.20
2016.09.13 13:12:11.067,0.76888,0.76894,1.00,1.37
2016.09.13 13:12:11.119,0.76888,0.76895,1.00,1.20
2016.09.13 13:12:11.170,0.7689,0.76897,1.00,2.62
2016.09.13 13:12:11.222,0.76889,0.76897,1.00,1.10
2016.09.13 13:12:11.655,0.76889,0.76897,1.00,1.57
2016.09.13 13:12:11.707,0.76886,0.76895,1.87,1.12
2016.09.13 13:12:11.758,0.76886,0.76894,1.37,1.00
2016.09.13 13:12:11.809,0.76885,0.76894,1.12,1.00
2016.09.13 13:12:11.911,0.76885,0.76894,1.00,1.00
2016.09.13 13:12:12.394,0.76884,0.76894,1.00,1.37
2016.09.13 13:12:12.562,0.76884,0.76894,1.00,4.20
2016.09.13 13:12:12.613,0.76884,0.76892,1.00,1.07
2016.09.13 13:12:12.819,0.76884,0.76893,1.00,2.25
2016.09.13 13:12:12.924,0.76887,0.76892,1.00,1.07
2016.09.13 13:12:13.079,0.76887,0.76894,1.00,1.57
2016.09.13 13:12:13.321,0.76887,0.76894,1.00,1.65
2016.09.13 13:12:13.424,0.76887,0.76894,1.00,2.40
2016.09.13 13:12:13.679,0.76888,0.76894,1.00,1.65
2016.09.13 13:12:13.731,0.76888,0.76895,1.00,1.82
2016.09.13 13:12:13.782,0.76887,0.76895,1.00,1.45
2016.09.13 13:12:13.957,0.76887,0.76896,1.00,2.32
2016.09.13 13:12:14.008,0.76889,0.76896,1.00,2.40
2016.09.13 13:12:14.059,0.76888,0.76896,1.00,1.65
2016.09.13 13:12:14.213,0.76888,0.76897,1.00,2.25
2016.09.13 13:12:14.498,0.76888,0.76896,1.00,1.20
2016.09.13 13:12:14.600,0.76888,0.76897,1.00,2.25
2016.09.13 13:12:15.014,0.76888,0.76897,1.00,3.00
2016.09.13 13:12:15.116,0.76888,0.76897,1.00,3.75
2016.09.13 13:12:15.269,0.76889,0.76897,1.00,3.00
2016.09.13 13:12:15.320,0.76889,0.76897,1.00,2.25
2016.09.13 13:12:15.473,0.76889,0.76897,1.00,1.87
2016.09.13 13:12:17.021,0.76889,0.76897,1.00,1.45
2016.09.13 13:12:17.427,0.76889,0.76897,1.00,1.87
2016.09.13 13:12:17.682,0.76889,0.76896,1.00,1.12
2016.09.13 13:12:18.521,0.76888,0.76896,1.00,1.12
2016.09.13 13:12:18.640,0.7689,0.76898,1.00,1.75
2016.09.13 13:12:18.692,0.76891,0.76899,1.00,3.26
2016.09.13 13:12:18.744,0.7689,0.76897,1.00,1.00
2016.09.13 13:12:18.795,0.7689,0.76897,1.00,1.12
2016.09.13 13:12:18.937,0.7689,0.76897,1.00,1.20
2016.09.13 13:12:19.041,0.76891,0.76898,1.00,2.70
2016.09.13 13:12:19.092,0.76892,0.76898,1.00,2.25
2016.09.13 13:12:19.144,0.76891,0.76898,1.00,1.50
2016.09.13 13:12:19.198,0.7689,0.76897,1.37,1.10
2016.09.13 13:12:19.250,0.7689,0.76898,1.37,1.00
2016.09.13 13:12:19.301,0.76888,0.76898,1.75,1.10
2016.09.13 13:12:19.352,0.76888,0.76897,1.75,1.10
2016.09.13 13:12:19.403,0.76888,0.76897,1.00,1.20
2016.09.13 13:12:19.628,0.76887,0.76896,1.00,1.10
2016.09.13 13:12:19.833,0.7689,0.76897,1.00,1.57
2016.09.13 13:12:19.998,0.76889,0.76896,1.00,1.10
2016.09.13 13:12:20.444,0.7689,0.76897,1.00,1.57
2016.09.13 13:12:20.546,0.7689,0.76898,1.00,1.01
2016.09.13 13:12:20.600,0.7689,0.769,1.00,4.69
2016.09.13 13:12:20.653,0.76892,0.76899,1.00,1.39
2016.09.13 13:12:20.704,0.76892,0.769,1.00,2.44
2016.09.13 13:12:20.756,0.76892,0.76901,1.00,2.55
2016.09.13 13:12:20.808,0.76892,0.76901,1.00,2.17
2016.09.13 13:12:20.860,0.76892,0.76902,1.00,2.70
2016.09.13 13:12:21.053,0.76893,0.769,1.00,1.00
2016.09.13 13:12:21.108,0.76891,0.769,1.00,1.27
2016.09.13 13:12:21.212,0.76891,0.769,1.00,1.65
2016.09.13 13:12:21.263,0.76891,0.769,1.00,1.20
2016.09.13 13:12:21.417,0.76894,0.76901,1.00,1.10
2016.09.13 13:12:21.468,0.76895,0.76902,1.00,2.70
2016.09.13 13:12:21.570,0.76895,0.76902,1.00,1.95
2016.09.13 13:12:21.759,0.76895,0.76902,1.00,1.00
2016.09.13 13:12:21.861,0.76894,0.76903,1.00,1.27
2016.09.13 13:12:22.167,0.76894,0.76903,1.00,1.20
2016.09.13 13:12:22.269,0.76894,0.76904,1.00,3.45
2016.09.13 13:12:22.353,0.76896,0.76903,1.00,1.20
2016.09.13 13:12:22.698,0.76896,0.76904,1.00,1.95
2016.09.13 13:12:23.237,0.76897,0.76904,1.00,1.20
2016.09.13 13:12:23.597,0.76897,0.76904,1.00,1.12
2016.09.13 13:12:23.648,0.76898,0.76904,1.00,1.10
2016.09.13 13:12:23.751,0.76898,0.76904,1.00,1.57
2016.09.13 13:12:23.802,0.76898,0.76904,1.00,2.32
2016.09.13 13:12:23.955,0.76897,0.76904,1.00,3.07
2016.09.13 13:12:24.109,0.76897,0.76904,1.00,2.32
2016.09.13 13:12:24.362,0.76894,0.76904,1.00,2.40
2016.09.13 13:12:24.709,0.76894,0.76904,1.00,2.70
2016.09.13 13:12:24.761,0.76896,0.76904,1.00,3.45
2016.09.13 13:12:24.812,0.76894,0.76904,1.00,3.45
2016.09.13 13:12:24.863,0.76894,0.76903,1.00,1.57
2016.09.13 13:12:24.934,0.76896,0.76903,1.00,1.57
2016.09.13 13:12:25.461,0.76896,0.76904,1.00,3.45
2016.09.13 13:12:26.216,0.76896,0.76904,1.00,2.70
2016.09.13 13:12:26.393,0.76896,0.76905,1.00,3.82
2016.09.13 13:12:26.447,0.76898,0.76905,1.00,1.95
2016.09.13 13:12:26.550,0.76898,0.76905,1.00,1.45
2016.09.13 13:12:26.602,0.76898,0.76906,1.00,3.00
2016.09.13 13:12:26.859,0.76899,0.76906,1.00,1.50
2016.09.13 13:12:26.911,0.76899,0.76907,1.00,2.25
2016.09.13 13:12:26.963,0.76899,0.76907,1.00,1.50
2016.09.13 13:12:27.015,0.769,0.76907,1.00,1.12
2016.09.13 13:12:27.225,0.769,0.76908,1.00,3.37
2016.09.13 13:12:27.276,0.769,0.76908,1.00,1.95
2016.09.13 13:12:27.378,0.769,0.76907,1.00,1.87
2016.09.13 13:12:27.756,0.769,0.76907,1.00,2.62
2016.09.13 13:12:27.807,0.769,0.76905,1.00,1.00
2016.09.13 13:12:27.858,0.769,0.76905,1.00,1.12
2016.09.13 13:12:27.909,0.769,0.76905,1.00,1.50
2016.09.13 13:12:28.079,0.769,0.76906,1.00,2.70
2016.09.13 13:12:28.131,0.76899,0.76906,1.00,2.62
2016.09.13 13:12:28.182,0.76899,0.76905,1.00,1.57
2016.09.13 13:12:28.233,0.76899,0.76905,1.00,1.20
2016.09.13 13:12:28.335,0.76899,0.76905,1.00,1.10
2016.09.13 13:12:28.387,0.76899,0.76905,1.00,1.00
2016.09.13 13:12:28.489,0.76899,0.76907,1.00,1.50
2016.09.13 13:12:28.642,0.76902,0.76907,1.00,1.12
2016.09.13 13:12:28.693,0.76902,0.76907,1.00,1.00
2016.09.13 13:12:29.011,0.76902,0.76909,1.00,2.25
2016.09.13 13:12:29.063,0.76902,0.76909,1.00,1.50
2016.09.13 13:12:29.218,0.76902,0.7691,1.00,2.32
2016.09.13 13:12:29.269,0.76902,0.7691,1.00,1.85
2016.09.13 13:12:29.321,0.76903,0.7691,1.00,1.47
2016.09.13 13:12:29.454,0.76902,0.7691,1.00,1.57
2016.09.13 13:12:29.506,0.76899,0.76907,1.00,1.50
2016.09.13 13:12:29.557,0.769,0.76905,1.00,1.00
2016.09.13 13:12:29.608,0.76899,0.76905,1.12,1.00
2016.09.13 13:12:29.659,0.76901,0.76905,1.00,1.00
2016.09.13 13:12:30.055,0.76901,0.76908,1.00,2.32
2016.09.13 13:12:30.107,0.76899,0.76908,1.00,1.57
2016.09.13 13:12:30.158,0.76899,0.76907,1.00,1.12
2016.09.13 13:12:30.363,0.76902,0.76908,1.00,2.32
2016.09.13 13:12:30.415,0.76903,0.76908,1.00,1.95
2016.09.13 13:12:30.466,0.76903,0.76908,1.00,1.00
2016.09.13 13:12:30.517,0.76903,0.7691,1.00,1.50
2016.09.13 13:12:30.701,0.76903,0.76911,1.00,1.00
2016.09.13 13:12:31.057,0.76905,0.76912,1.00,1.00
2016.09.13 13:12:31.160,0.76908,0.76913,1.00,2.32
2016.09.13 13:12:31.212,0.76909,0.76913,1.00,1.57
2016.09.13 13:12:31.264,0.76908,0.76914,1.37,1.12
2016.09.13 13:12:31.315,0.76907,0.76914,1.37,1.00
2016.09.13 13:12:31.489,0.76907,0.76916,1.00,3.45
2016.09.13 13:12:31.541,0.76907,0.76916,1.00,5.32
2016.09.13 13:12:31.592,0.76908,0.76916,1.00,3.82
2016.09.13 13:12:31.643,0.76908,0.76916,1.00,3.45
2016.09.13 13:12:31.694,0.76908,0.76916,1.00,2.70
2016.09.13 13:12:31.745,0.76908,0.76916,1.00,1.57
2016.09.13 13:12:31.796,0.76908,0.76916,1.00,2.32
2016.09.13 13:12:31.848,0.76907,0.76916,1.00,3.07
2016.09.13 13:12:31.899,0.76907,0.76916,1.00,2.32
2016.09.13 13:12:32.002,0.76908,0.76916,1.00,1.57
2016.09.13 13:12:32.053,0.76904,0.76913,1.50,1.00
2016.09.13 13:12:32.224,0.76903,0.76908,4.69,1.00
2016.09.13 13:12:32.283,0.76903,0.76909,1.12,1.10
2016.09.13 13:12:32.334,0.76902,0.76907,1.00,1.00
2016.09.13 13:12:32.385,0.76902,0.76908,1.00,1.10
2016.09.13 13:12:32.539,0.769,0.76908,1.37,1.10
2016.09.13 13:12:32.641,0.769,0.76908,1.00,1.10
2016.09.13 13:12:32.860,0.769,0.76907,1.00,1.00
2016.09.13 13:12:32.964,0.76899,0.76907,1.50,1.00
2016.09.13 13:12:33.015,0.76899,0.76907,1.00,1.00
2016.09.13 13:12:33.169,0.76898,0.76906,2.81,1.10
2016.09.13 13:12:33.220,0.76898,0.76904,2.06,1.00
2016.09.13 13:12:33.272,0.76897,0.76904,1.37,1.00
2016.09.13 13:12:33.323,0.76896,0.76903,1.00,1.00
2016.09.13 13:12:33.375,0.76895,0.76903,1.37,1.00
2016.09.13 13:12:33.598,0.76893,0.76901,1.00,1.00
2016.09.13 13:12:33.668,0.76892,0.769,2.81,1.00
2016.09.13 13:12:33.719,0.76892,0.76902,2.81,1.00
2016.09.13 13:12:33.771,0.76892,0.76902,2.06,1.00
2016.09.13 13:12:33.975,0.76892,0.76902,2.44,1.00
2016.09.13 13:12:34.026,0.76892,0.769,2.44,1.00
2016.09.13 13:12:34.077,0.76892,0.769,1.69,1.00
2016.09.13 13:12:34.291,0.76892,0.769,2.44,1.00
2016.09.13 13:12:34.564,0.76892,0.769,3.56,1.00
2016.09.13 13:12:34.616,0.76892,0.769,2.81,1.00
2016.09.13 13:12:34.667,0.76893,0.76899,1.19,1.00
2016.09.13 13:12:34.718,0.76893,0.76899,1.00,1.00
2016.09.13 13:12:34.871,0.76889,0.76898,3.56,1.10
2016.09.13 13:12:34.922,0.76889,0.76898,2.44,1.10
2016.09.13 13:12:34.973,0.76889,0.76898,1.69,1.10
2016.09.13 13:12:35.075,0.76889,0.76898,1.31,1.20
2016.09.13 13:12:35.262,0.76889,0.76898,1.12,1.20
2016.09.13 13:12:35.364,0.76889,0.76896,1.87,1.00
2016.09.13 13:12:35.620,0.76889,0.76896,1.87,1.10
2016.09.13 13:12:35.671,0.76889,0.76896,2.62,1.10
2016.09.13 13:12:35.774,0.76889,0.76896,3.00,1.10
2016.09.13 13:12:36.015,0.76889,0.76896,3.37,1.10
2016.09.13 13:12:36.066,0.76889,0.76898,3.37,1.87
2016.09.13 13:12:36.168,0.76889,0.76898,3.37,1.10
2016.09.13 13:12:36.466,0.76889,0.76898,3.37,1.10
2016.09.13 13:12:36.570,0.76889,0.76898,2.62,1.10
2016.09.13 13:12:36.671,0.76889,0.76898,1.50,1.10
2016.09.13 13:12:36.722,0.76889,0.76898,2.62,1.10
2016.09.13 13:12:36.774,0.76889,0.76898,1.87,1.10
2016.09.13 13:12:36.956,0.76888,0.76896,2.44,1.10
2016.09.13 13:12:37.007,0.76888,0.76896,1.50,1.10
2016.09.13 13:12:37.059,0.76887,0.76896,2.62,1.20
2016.09.13 13:12:37.110,0.76887,0.76896,1.87,1.20
2016.09.13 13:12:37.162,0.76887,0.76895,1.87,1.00
2016.09.13 13:12:37.265,0.76887,0.76897,2.62,1.12
2016.09.13 13:12:37.368,0.76887,0.76897,3.56,1.00
2016.09.13 13:12:37.419,0.76888,0.76897,1.19,1.00
2016.09.13 13:12:37.471,0.76888,0.76897,1.31,1.00
2016.09.13 13:12:37.522,0.76888,0.76895,1.56,1.00
2016.09.13 13:12:37.574,0.76887,0.76894,4.31,1.00
2016.09.13 13:12:37.625,0.76888,0.76895,1.31,1.00
2016.09.13 13:12:37.807,0.76886,0.76894,2.06,1.10
2016.09.13 13:12:37.858,0.76886,0.76894,2.06,1.20
2016.09.13 13:12:37.909,0.76886,0.76894,1.31,1.20
2016.09.13 13:12:37.961,0.76884,0.76892,3.19,1.00
2016.09.13 13:12:38.063,0.76884,0.76892,3.19,1.10
2016.09.13 13:12:38.165,0.76884,0.76891,2.81,1.00
2016.09.13 13:12:38.216,0.76884,0.76892,1.31,1.10
2016.09.13 13:12:38.268,0.76884,0.76892,1.19,1.10
2016.09.13 13:12:38.328,0.76884,0.76891,1.19,1.00
2016.09.13 13:12:38.611,0.76882,0.76891,1.19,1.00
2016.09.13 13:12:38.662,0.76882,0.76889,1.00,1.50
2016.09.13 13:12:38.713,0.76881,0.76888,1.87,1.00
2016.09.13 13:12:38.764,0.76882,0.76889,1.00,1.00
2016.09.13 13:12:39.018,0.76881,0.76891,1.12,1.00
2016.09.13 13:12:39.069,0.76881,0.76891,1.50,1.00
2016.09.13 13:12:39.222,0.76881,0.76891,1.12,1.00
2016.09.13 13:12:39.925,0.76881,0.76891,2.25,1.00
2016.09.13 13:12:40.207,0.76881,0.76891,1.50,1.00
2016.09.13 13:12:40.452,0.76881,0.76891,2.25,1.00
2016.09.13 13:12:40.707,0.76881,0.76891,3.00,1.00
2016.09.13 13:12:40.974,0.76882,0.76889,1.00,1.00
2016.09.13 13:12:41.025,0.76882,0.76889,1.12,1.00
2016.09.13 13:12:41.257,0.76882,0.76889,1.00,1.00
2016.09.13 13:12:41.360,0.7688,0.76889,3.37,1.00
2016.09.13 13:12:41.411,0.7688,0.76889,2.25,1.00
2016.09.13 13:12:41.464,0.7688,0.76889,1.00,1.00
2016.09.13 13:12:42.058,0.7688,0.76889,1.00,1.00
2016.09.13 13:12:42.109,0.7688,0.76888,1.00,1.00
2016.09.13 13:12:43.071,0.7688,0.76887,1.00,1.00
2016.09.13 13:12:43.249,0.7688,0.76887,2.25,1.00
2016.09.13 13:12:43.300,0.7688,0.76889,1.50,1.00
2016.09.13 13:12:44.034,0.76881,0.76889,1.37,1.00
2016.09.13 13:12:44.086,0.76881,0.76889,2.25,1.00
2016.09.13 13:12:44.275,0.76881,0.76889,1.50,1.00
2016.09.13 13:12:44.786,0.76881,0.76889,1.50,1.00
2016.09.13 13:12:45.039,0.7688,0.76889,2.25,1.00
2016.09.13 13:12:45.090,0.7688,0.76889,1.87,1.00
2016.09.13 13:12:45.142,0.7688,0.76889,2.06,1.00
2016.09.13 13:12:45.713,0.76881,0.7689,1.19,1.00
2016.09.13 13:12:45.925,0.76883,0.76893,1.69,2.25
2016.09.13 13:12:45.976,0.76883,0.76892,2.81,1.00
2016.09.13 13:12:46.027,0.76884,0.76892,1.19,1.00
2016.09.13 13:12:46.862,0.76883,0.76891,2.06,1.00
2016.09.13 13:12:46.915,0.76883,0.76891,1.69,1.00
2016.09.13 13:12:47.019,0.76884,0.76891,1.00,1.00
2016.09.13 13:12:47.122,0.76883,0.7689,1.31,1.00
2016.09.13 13:12:47.326,0.76882,0.7689,1.69,1.00
2016.09.13 13:12:47.812,0.76881,0.7689,2.44,1.00
2016.09.13 13:12:47.863,0.76881,0.7689,3.19,1.00
2016.09.13 13:12:47.992,0.76881,0.7689,2.44,1.00
2016.09.13 13:12:48.043,0.76881,0.7689,2.81,1.00
2016.09.13 13:12:48.668,0.76881,0.7689,2.44,1.00
2016.09.13 13:12:48.720,0.76881,0.7689,1.69,1.00
2016.09.13 13:12:49.778,0.76881,0.76889,1.25,1.00
2016.09.13 13:12:49.829,0.7688,0.76887,1.31,1.00
2016.09.13 13:12:49.880,0.76879,0.76886,1.62,1.00
2016.09.13 13:12:49.931,0.76878,0.76885,2.06,1.00
2016.09.13 13:12:49.983,0.76878,0.76885,1.00,1.00
2016.09.13 13:12:50.238,0.76877,0.76885,2.06,1.00
2016.09.13 13:12:50.289,0.76877,0.76886,3.56,1.00
2016.09.13 13:12:50.340,0.76879,0.76886,1.31,1.00
2016.09.13 13:12:50.573,0.76879,0.76886,1.25,1.00
2016.09.13 13:12:50.624,0.76879,0.76886,1.25,1.10
2016.09.13 13:12:50.675,0.76879,0.76885,1.25,1.00
2016.09.13 13:12:50.726,0.76877,0.76885,1.69,1.00
2016.09.13 13:12:50.777,0.76877,0.76885,1.62,1.00
2016.09.13 13:12:50.829,0.76877,0.76885,1.31,1.00
2016.09.13 13:12:50.880,0.76877,0.76885,1.69,1.00
2016.09.13 13:12:51.142,0.76877,0.76885,1.31,1.00
2016.09.13 13:12:51.464,0.76877,0.76885,1.69,1.00
2016.09.13 13:12:51.567,0.76878,0.76885,1.00,1.00
2016.09.13 13:12:51.618,0.76876,0.76885,2.06,1.00
2016.09.13 13:12:51.669,0.76876,0.76885,2.44,1.00
2016.09.13 13:12:51.720,0.76877,0.76885,1.69,1.00
2016.09.13 13:12:52.026,0.76878,0.76885,1.37,1.00
2016.09.13 13:12:52.078,0.76878,0.76885,1.00,1.00
2016.09.13 13:12:52.737,0.76878,0.76885,1.37,1.00
2016.09.13 13:12:52.960,0.76878,0.76885,1.00,1.00
2016.09.13 13:12:53.062,0.76878,0.76885,1.50,1.00
2016.09.13 13:12:53.265,0.76879,0.76885,1.00,1.00
2016.09.13 13:12:56.253,0.76877,0.76885,1.00,1.00
2016.09.13 13:12:56.780,0.76876,0.76884,1.00,1.00
2016.09.13 13:12:57.497,0.76877,0.76884,1.00,1.00
2016.09.13 13:12:57.758,0.76876,0.76884,1.00,1.50
2016.09.13 13:12:58.405,0.76877,0.76884,1.00,1.00
2016.09.13 13:12:59.399,0.76876,0.76885,1.00,1.00
2016.09.13 13:12:59.757,0.76874,0.76882,1.31,1.50
2016.09.13 13:12:59.808,0.76874,0.76879,1.00,1.00
2016.09.13 13:12:59.860,0.76873,0.76879,1.00,1.50
2016.09.13 13:12:59.911,0.76871,0.76877,1.31,1.00
2016.09.13 13:12:59.962,0.76871,0.76879,1.31,1.50
2016.09.13 13:13:00.105,0.7687,0.76879,1.56,1.57
2016.09.13 13:13:00.157,0.7687,0.76876,1.00,1.00
2016.09.13 13:13:00.890,0.7687,0.76878,1.00,1.00
2016.09.13 13:13:00.942,0.76871,0.76879,1.00,1.10
2016.09.13 13:13:00.993,0.76871,0.76879,1.00,1.00
2016.09.13 13:13:01.096,0.76872,0.76881,1.00,1.20
2016.09.13 13:13:01.148,0.76872,0.7688,1.50,1.00
2016.09.13 13:13:01.200,0.76872,0.76881,1.50,1.12
2016.09.13 13:13:01.383,0.76872,0.7688,1.00,1.00
2016.09.13 13:13:01.436,0.76872,0.76878,1.19,1.00
2016.09.13 13:13:01.540,0.76872,0.76878,1.00,1.00
2016.09.13 13:13:01.643,0.7687,0.76877,1.19,1.00
2016.09.13 13:13:02.134,0.7687,0.7688,1.19,1.00
2016.09.13 13:13:02.185,0.76871,0.7688,1.25,1.00
2016.09.13 13:13:02.236,0.76871,0.7688,1.00,1.00
2016.09.13 13:13:02.339,0.76871,0.7688,1.69,1.00
2016.09.13 13:13:02.441,0.76872,0.7688,1.19,1.00
2016.09.13 13:13:02.952,0.76873,0.76881,1.19,1.00
2016.09.13 13:13:03.907,0.76873,0.76879,1.19,1.00
2016.09.13 13:13:03.958,0.76872,0.76879,2.06,1.00
2016.09.13 13:13:04.010,0.76871,0.7688,2.44,1.00
2016.09.13 13:13:04.062,0.76871,0.7688,1.87,1.00
2016.09.13 13:13:04.164,0.76871,0.76878,1.37,1.00
2016.09.13 13:13:04.216,0.7687,0.76878,1.69,1.00
2016.09.13 13:13:04.267,0.7687,0.76878,1.31,1.00
2016.09.13 13:13:04.319,0.7687,0.76879,1.69,1.00
2016.09.13 13:13:04.472,0.7687,0.76879,1.25,1.00
2016.09.13 13:13:04.574,0.76871,0.76878,1.00,1.00
2016.09.13 13:13:04.799,0.7687,0.7688,1.69,1.12
2016.09.13 13:13:06.015,0.76871,0.7688,1.00,1.12
2016.09.13 13:13:06.066,0.76871,0.7688,1.00,1.87
2016.09.13 13:13:06.119,0.76875,0.7688,1.00,1.37
2016.09.13 13:13:06.172,0.76872,0.76879,1.00,1.12
2016.09.13 13:13:06.225,0.7687,0.7688,3.56,2.25
2016.09.13 13:13:06.279,0.76872,0.7688,1.00,1.00
2016.09.13 13:13:06.547,0.76872,0.76881,1.00,1.00
2016.09.13 13:13:06.598,0.76872,0.76881,1.12,1.00
2016.09.13 13:13:06.649,0.76874,0.76881,1.00,1.00
2016.09.13 13:13:06.955,0.76874,0.76881,1.50,1.00
2016.09.13 13:13:07.058,0.76874,0.76881,1.00,1.00
2016.09.13 13:13:07.312,0.76874,0.76882,1.19,1.00
2016.09.13 13:13:07.363,0.76874,0.76882,1.19,1.12
2016.09.13 13:13:07.466,0.76874,0.76882,1.19,1.00
2016.09.13 13:13:07.620,0.76875,0.76884,1.19,1.10
2016.09.13 13:13:07.671,0.76875,0.76884,1.69,1.00
2016.09.13 13:13:07.723,0.76875,0.76884,2.06,1.00
2016.09.13 13:13:08.112,0.76875,0.76884,2.81,1.00
2016.09.13 13:13:08.163,0.76875,0.76884,2.06,1.00
2016.09.13 13:13:08.265,0.76876,0.76884,1.00,1.00
2016.09.13 13:13:08.770,0.76876,0.76885,1.00,1.00
2016.09.13 13:13:08.872,0.76876,0.76885,2.25,1.00
2016.09.13 13:13:09.054,0.76876,0.76885,1.87,1.00
2016.09.13 13:13:09.106,0.76876,0.76885,1.00,1.00
2016.09.13 13:13:09.159,0.76876,0.76885,1.50,1.00
2016.09.13 13:13:09.210,0.76876,0.76883,2.25,1.00
2016.09.13 13:13:09.261,0.76876,0.76883,1.00,1.00
2016.09.13 13:13:09.313,0.76876,0.76885,1.00,1.00
2016.09.13 13:13:10.523,0.76877,0.76885,1.00,1.00
2016.09.13 13:13:10.575,0.76875,0.76885,2.06,1.00
2016.09.13 13:13:10.809,0.76875,0.76884,2.06,1.00
2016.09.13 13:13:10.963,0.76875,0.76884,2.06,1.00
2016.09.13 13:13:11.167,0.76875,0.76884,1.69,1.00
2016.09.13 13:13:12.010,0.76875,0.76884,1.25,1.00
2016.09.13 13:13:12.061,0.76875,0.76882,1.25,1.00
2016.09.13 13:13:12.113,0.76874,0.76882,1.12,1.00
2016.09.13 13:13:12.164,0.76872,0.7688,1.31,1.00
2016.09.13 13:13:12.216,0.7687,0.76878,3.19,1.00
2016.09.13 13:13:12.267,0.76869,0.76878,1.38,1.00
2016.09.13 13:13:12.319,0.76869,0.76878,2.13,1.00
2016.09.13 13:13:12.371,0.76869,0.76877,1.75,1.00
2016.09.13 13:13:12.423,0.76869,0.76876,1.69,1.00
2016.09.13 13:13:12.527,0.76868,0.76876,2.06,1.00
2016.09.13 13:13:12.723,0.76868,0.76876,2.06,1.00
2016.09.13 13:13:12.927,0.76868,0.76875,1.31,1.00
2016.09.13 13:13:13.182,0.76871,0.76878,1.00,1.00
2016.09.13 13:13:13.234,0.7687,0.76879,1.25,1.20
2016.09.13 13:13:13.286,0.7687,0.76879,1.76,1.12
2016.09.13 13:13:13.473,0.76872,0.76879,1.19,1.37
2016.09.13 13:13:13.549,0.76872,0.76879,1.37,1.00
2016.09.13 13:13:13.600,0.76873,0.76879,1.00,1.00
2016.09.13 13:13:13.753,0.76872,0.76879,1.50,1.00
2016.09.13 13:13:13.805,0.76873,0.76881,1.00,1.10
2016.09.13 13:13:13.856,0.76873,0.76881,1.69,1.10
2016.09.13 13:13:13.959,0.76873,0.76881,1.69,1.00
2016.09.13 13:13:14.163,0.76873,0.76881,1.31,1.00
2016.09.13 13:13:14.400,0.76872,0.7688,1.69,1.00
2016.09.13 13:13:14.453,0.76872,0.7688,1.31,1.00
2016.09.13 13:13:14.508,0.76871,0.76877,1.37,1.00
2016.09.13 13:13:14.560,0.76868,0.76877,4.01,1.00
2016.09.13 13:13:14.612,0.76868,0.76875,2.06,1.00
2016.09.13 13:13:14.663,0.76867,0.76876,1.31,1.00
2016.09.13 13:13:14.766,0.76867,0.76876,1.31,1.00
2016.09.13 13:13:14.869,0.76867,0.76876,1.56,1.00
2016.09.13 13:13:14.921,0.76867,0.76876,2.06,1.00
2016.09.13 13:13:15.076,0.76867,0.76876,2.14,1.00
2016.09.13 13:13:15.128,0.76867,0.76877,1.39,1.00
2016.09.13 13:13:15.281,0.76867,0.76877,1.66,1.00
2016.09.13 13:13:15.383,0.76867,0.76877,1.39,1.00
2016.09.13 13:13:15.434,0.76867,0.76875,1.39,1.00
2016.09.13 13:13:15.586,0.76867,0.76875,2.14,1.00
2016.09.13 13:13:15.637,0.76867,0.76877,2.14,1.00
2016.09.13 13:13:15.887,0.76867,0.76877,2.89,1.00
2016.09.13 13:13:15.939,0.76869,0.76878,1.19,1.00
2016.09.13 13:13:15.991,0.76871,0.76878,1.00,1.00
2016.09.13 13:13:16.143,0.76871,0.76879,1.50,1.00
2016.09.13 13:13:16.870,0.7687,0.76879,1.25,1.12
2016.09.13 13:13:16.921,0.76871,0.76879,1.00,1.12
2016.09.13 13:13:17.074,0.76871,0.76879,1.00,1.12
2016.09.13 13:13:17.176,0.76871,0.76879,1.00,1.50
2016.09.13 13:13:17.278,0.76871,0.76879,1.00,1.50
2016.09.13 13:13:17.381,0.76871,0.76879,1.00,2.25
2016.09.13 13:13:17.432,0.7687,0.76878,1.25,1.12
2016.09.13 13:13:17.483,0.76869,0.76878,2.44,1.12
2016.09.13 13:13:17.534,0.76869,0.76877,1.19,1.00
2016.09.13 13:13:17.921,0.76868,0.76877,1.19,1.12
2016.09.13 13:13:17.972,0.76868,0.76875,1.19,1.00
2016.09.13 13:13:18.074,0.76867,0.76875,3.19,1.12
2016.09.13 13:13:18.411,0.76867,0.76875,3.19,1.12
2016.09.13 13:13:18.762,0.76867,0.76875,3.19,1.12
2016.09.13 13:13:18.864,0.76867,0.76874,1.69,1.00
2016.09.13 13:13:18.916,0.76867,0.76872,1.25,1.00
2016.09.13 13:13:18.971,0.76866,0.76871,1.31,1.00
2016.09.13 13:13:19.046,0.76864,0.76871,1.00,1.00
2016.09.13 13:13:19.149,0.76864,0.76872,1.00,1.12
2016.09.13 13:13:19.200,0.76865,0.76871,1.00,1.00
2016.09.13 13:13:19.386,0.76867,0.76871,1.00,1.00
2016.09.13 13:13:19.795,0.76865,0.76872,1.00,1.00
2016.09.13 13:13:19.897,0.76865,0.76872,1.25,1.00
2016.09.13 13:13:20.276,0.76865,0.76873,1.19,1.00
2016.09.13 13:13:20.632,0.76865,0.7687,1.19,1.00
2016.09.13 13:13:20.683,0.76863,0.7687,1.19,1.00
2016.09.13 13:13:21.367,0.76863,0.7687,1.25,1.00
2016.09.13 13:13:21.669,0.76861,0.76867,1.19,1.00
2016.09.13 13:13:21.720,0.76861,0.76867,1.19,1.00
2016.09.13 13:13:21.772,0.76859,0.76867,1.31,1.50
2016.09.13 13:13:21.823,0.76859,0.76865,1.19,1.00
2016.09.13 13:13:22.053,0.76859,0.76867,1.19,1.00
2016.09.13 13:13:22.566,0.7686,0.76867,1.19,1.00
2016.09.13 13:13:22.873,0.76863,0.76871,1.00,2.25
2016.09.13 13:13:23.316,0.76863,0.76871,1.00,1.00
2016.09.13 13:13:23.368,0.76864,0.76872,1.00,1.57
2016.09.13 13:13:23.420,0.76864,0.76872,1.00,1.12
2016.09.13 13:13:23.699,0.76865,0.76872,1.00,1.50
2016.09.13 13:13:24.091,0.76865,0.76872,1.00,1.00
2016.09.13 13:13:24.295,0.76865,0.76872,1.00,1.12
2016.09.13 13:13:24.499,0.76865,0.76872,1.00,1.50
2016.09.13 13:13:25.079,0.76865,0.76871,1.00,1.12
2016.09.13 13:13:25.187,0.76864,0.76871,1.00,1.87
2016.09.13 13:13:25.289,0.76862,0.7687,1.19,1.00
2016.09.13 13:13:25.596,0.76862,0.7687,1.19,1.00
2016.09.13 13:13:25.647,0.76862,0.7687,1.00,1.00
2016.09.13 13:13:25.698,0.76862,0.76871,1.00,4.20
2016.09.13 13:13:25.749,0.76862,0.76871,1.00,4.57
2016.09.13 13:13:25.910,0.76862,0.7687,1.00,1.50
2016.09.13 13:13:25.961,0.76862,0.7687,1.00,1.50
2016.09.13 13:13:26.268,0.76862,0.7687,1.00,1.12
2016.09.13 13:13:26.320,0.76862,0.7687,1.00,1.00
2016.09.13 13:13:26.423,0.76864,0.76871,1.00,1.20
2016.09.13 13:13:26.739,0.76863,0.76872,1.00,2.25
2016.09.13 13:13:27.390,0.76863,0.76872,1.00,1.12
2016.09.13 13:13:27.687,0.76864,0.76872,1.00,1.50
2016.09.13 13:13:28.421,0.76864,0.76872,1.00,2.25
2016.09.13 13:13:29.381,0.76862,0.76871,1.00,1.10
2016.09.13 13:13:29.433,0.76862,0.7687,1.00,1.00
2016.09.13 13:13:29.484,0.76862,0.7687,1.00,1.12
2016.09.13 13:13:29.535,0.76862,0.7687,1.00,1.50
2016.09.13 13:13:30.181,0.76863,0.7687,1.00,1.50
2016.09.13 13:13:30.283,0.76863,0.7687,1.00,1.12
2016.09.13 13:13:30.334,0.76863,0.7687,1.00,1.00
2016.09.13 13:13:30.614,0.76863,0.7687,1.00,1.12
2016.09.13 13:13:30.731,0.76862,0.76871,1.00,2.25
2016.09.13 13:13:30.782,0.76862,0.76871,1.00,1.87
2016.09.13 13:13:30.833,0.76862,0.76871,1.00,1.50
2016.09.13 13:13:30.884,0.76862,0.76871,1.00,1.37
2016.09.13 13:13:30.936,0.76862,0.76871,1.00,2.25
2016.09.13 13:13:31.038,0.76863,0.76871,1.00,1.12
2016.09.13 13:13:31.140,0.76862,0.76871,1.00,1.12
2016.09.13 13:13:31.298,0.76863,0.76871,1.00,1.00
2016.09.13 13:13:31.540,0.76863,0.76871,1.00,1.87
2016.09.13 13:13:31.595,0.76863,0.7687,1.00,1.00
2016.09.13 13:13:31.647,0.76861,0.76871,1.19,2.62
2016.09.13 13:13:31.698,0.76861,0.76871,1.19,2.62
2016.09.13 13:13:31.750,0.76861,0.76871,1.19,1.87
2016.09.13 13:13:31.803,0.76862,0.76869,1.25,1.50
2016.09.13 13:13:32.298,0.7686,0.76869,1.19,1.00
2016.09.13 13:13:32.759,0.76862,0.76869,1.25,1.00
2016.09.13 13:13:33.248,0.76862,0.76871,1.25,2.62
2016.09.13 13:13:33.564,0.76862,0.76871,1.25,1.87
2016.09.13 13:13:33.616,0.76862,0.76871,1.25,1.50
2016.09.13 13:13:33.769,0.76862,0.76871,1.00,1.50
2016.09.13 13:13:33.952,0.76862,0.7687,1.00,1.00
2016.09.13 13:13:34.007,0.76862,0.76872,1.00,1.50
2016.09.13 13:13:34.066,0.76863,0.76872,1.00,2.25
2016.09.13 13:13:34.118,0.76863,0.76872,1.00,1.50
2016.09.13 13:13:34.170,0.76864,0.76872,1.00,1.00
2016.09.13 13:13:34.639,0.76864,0.76872,1.00,1.37
2016.09.13 13:13:34.905,0.76864,0.76872,1.00,1.87
2016.09.13 13:13:35.114,0.76864,0.76872,1.00,1.50
2016.09.13 13:13:35.312,0.76864,0.76872,1.00,2.25
2016.09.13 13:13:35.594,0.76864,0.7687,1.00,1.12
2016.09.13 13:13:35.813,0.76863,0.7687,1.00,2.25
2016.09.13 13:13:35.864,0.76863,0.7687,1.00,2.62
2016.09.13 13:13:36.220,0.76862,0.76869,1.00,1.00
2016.09.13 13:13:36.485,0.76862,0.7687,1.00,3.00
2016.09.13 13:13:36.536,0.76862,0.76868,1.25,1.00
2016.09.13 13:13:36.638,0.76862,0.76868,1.00,1.00
2016.09.13 13:13:36.740,0.76858,0.76864,1.00,1.00
2016.09.13 13:13:36.791,0.76856,0.76864,1.47,1.00
2016.09.13 13:13:36.842,0.76856,0.76864,1.00,1.20
2016.09.13 13:13:36.893,0.76856,0.76864,1.00,3.45
2016.09.13 13:13:36.945,0.76856,0.76864,1.00,3.37
2016.09.13 13:13:36.996,0.76858,0.76863,1.00,1.00
2016.09.13 13:13:37.146,0.76858,0.76864,1.00,1.50
2016.09.13 13:13:37.197,0.76857,0.76864,1.00,1.37
2016.09.13 13:13:37.249,0.76857,0.76864,1.00,1.50
2016.09.13 13:13:37.352,0.76855,0.76864,1.00,1.50
2016.09.13 13:13:37.505,0.76855,0.76864,1.00,1.12
2016.09.13 13:13:37.556,0.76858,0.76865,1.00,1.00
2016.09.13 13:13:37.608,0.76857,0.76865,1.00,1.00
2016.09.13 13:13:37.659,0.76857,0.76865,1.00,1.50
2016.09.13 13:13:37.710,0.76857,0.76865,1.00,1.87
2016.09.13 13:13:37.881,0.76858,0.76865,1.00,1.00
2016.09.13 13:13:37.933,0.76858,0.76866,1.00,1.12
2016.09.13 13:13:38.036,0.76858,0.76867,1.00,3.07
2016.09.13 13:13:38.189,0.76858,0.76866,1.00,1.37
2016.09.13 13:13:38.240,0.76858,0.76865,1.00,1.00
2016.09.13 13:13:38.974,0.76857,0.76865,1.00,1.00
2016.09.13 13:13:39.098,0.76858,0.76865,1.00,1.50
2016.09.13 13:13:39.200,0.76856,0.76866,1.00,3.00
2016.09.13 13:13:39.251,0.76855,0.76863,1.00,1.00
2016.09.13 13:13:39.302,0.76855,0.76863,1.00,1.37
2016.09.13 13:13:39.353,0.76855,0.76863,1.00,1.50
2016.09.13 13:13:39.895,0.76856,0.76863,1.00,1.50
2016.09.13 13:13:40.133,0.76856,0.76863,1.00,2.25
2016.09.13 13:13:40.235,0.76858,0.76864,1.00,3.37
2016.09.13 13:13:40.337,0.76859,0.76864,1.00,1.00
2016.09.13 13:13:40.539,0.76862,0.76866,1.00,1.12
2016.09.13 13:13:40.590,0.76866,0.76873,1.00,2.25
2016.09.13 13:13:40.641,0.76866,0.76873,1.00,1.87
2016.09.13 13:13:40.794,0.76866,0.76873,1.00,3.90
2016.09.13 13:13:40.847,0.76866,0.76873,1.00,5.02
2016.09.13 13:13:41.000,0.76866,0.76873,1.00,4.20
2016.09.13 13:13:41.153,0.76866,0.76871,1.00,1.00
2016.09.13 13:13:41.542,0.76866,0.76872,1.00,1.20
2016.09.13 13:13:42.431,0.76863,0.76871,1.00,1.00
2016.09.13 13:13:42.483,0.76863,0.76871,1.00,1.37
2016.09.13 13:13:42.534,0.76864,0.7687,1.00,1.12
2016.09.13 13:13:42.636,0.76864,0.7687,1.00,1.37
2016.09.13 13:13:42.687,0.76864,0.7687,1.00,1.50
2016.09.13 13:13:42.738,0.76864,0.7687,1.00,1.00
2016.09.13 13:13:43.496,0.76864,0.7687,1.00,1.12
2016.09.13 13:13:43.547,0.76864,0.7687,1.00,1.50
2016.09.13 13:13:43.752,0.76864,0.7687,1.00,1.00
2016.09.13 13:13:43.854,0.76864,0.7687,1.00,1.50
2016.09.13 13:13:44.459,0.76864,0.7687,1.00,1.37
2016.09.13 13:13:44.510,0.76864,0.7687,1.00,1.00
2016.09.13 13:13:45.175,0.76864,0.76871,1.00,1.00
2016.09.13 13:13:45.958,0.76864,0.76871,1.00,1.12
2016.09.13 13:13:46.111,0.76864,0.76871,1.00,1.87
2016.09.13 13:13:46.316,0.76864,0.76869,1.00,1.00
2016.09.13 13:13:46.609,0.76863,0.76869,1.00,1.12
2016.09.13 13:13:46.660,0.76861,0.76868,1.00,1.00
2016.09.13 13:13:47.759,0.76861,0.76869,1.00,1.12
2016.09.13 13:13:47.861,0.76861,0.7687,1.00,2.32
2016.09.13 13:13:48.551,0.76861,0.76868,1.00,1.50
2016.09.13 13:13:48.627,0.76859,0.76868,1.25,2.32
2016.09.13 13:13:48.678,0.76859,0.76868,1.25,2.25
2016.09.13 13:13:48.729,0.76859,0.76868,1.25,1.87
2016.09.13 13:13:48.781,0.76859,0.76868,1.25,1.50
2016.09.13 13:13:48.832,0.76859,0.76868,1.25,1.20
2016.09.13 13:13:48.884,0.76859,0.76869,1.25,1.50
2016.09.13 13:13:48.935,0.76861,0.7687,1.00,6.82
2016.09.13 13:13:49.038,0.76863,0.7687,1.00,6.07
2016.09.13 13:13:49.090,0.76863,0.7687,1.00,4.20
2016.09.13 13:13:49.142,0.76863,0.76872,1.00,6.82
2016.09.13 13:13:49.194,0.76864,0.76872,1.00,4.95
2016.09.13 13:13:49.246,0.76864,0.76872,1.00,2.32
2016.09.13 13:13:49.297,0.76864,0.76872,1.00,1.57
2016.09.13 13:13:49.453,0.76864,0.76872,1.00,1.95
2016.09.13 13:13:50.498,0.76865,0.76872,1.00,1.95
2016.09.13 13:13:50.672,0.76865,0.76873,1.00,3.00
2016.09.13 13:13:50.774,0.76866,0.76873,1.00,2.25
2016.09.13 13:13:50.825,0.76865,0.76873,1.00,1.20
2016.09.13 13:13:51.102,0.76865,0.76874,1.00,2.62
2016.09.13 13:13:51.655,0.76865,0.76874,1.00,1.87
2016.09.13 13:13:51.836,0.76865,0.76874,1.00,2.62
2016.09.13 13:13:52.204,0.76865,0.76874,1.00,3.00
2016.09.13 13:13:52.306,0.76865,0.76872,1.00,1.00
2016.09.13 13:13:52.459,0.76865,0.76872,1.00,1.00
2016.09.13 13:13:52.560,0.76865,0.76872,1.00,1.12
2016.09.13 13:13:53.259,0.76865,0.76872,1.00,1.12
2016.09.13 13:13:53.362,0.76865,0.76872,1.00,1.00
2016.09.13 13:13:54.641,0.76861,0.76871,2.51,1.00
2016.09.13 13:13:54.744,0.76864,0.76871,1.00,1.00
2016.09.13 13:13:56.112,0.76865,0.76874,1.00,1.12
2016.09.13 13:13:56.214,0.76866,0.76874,1.25,1.12
2016.09.13 13:13:56.265,0.76867,0.76876,1.00,1.12
2016.09.13 13:13:56.352,0.76868,0.76877,1.10,1.12
2016.09.13 13:13:56.403,0.76869,0.76877,1.00,1.12
2016.09.13 13:13:56.455,0.76871,0.76879,1.00,1.10
2016.09.13 13:13:56.507,0.76872,0.76881,1.00,2.62
2016.09.13 13:13:56.560,0.76872,0.76881,1.00,1.00
2016.09.13 13:13:57.214,0.76872,0.76881,1.19,1.00
2016.09.13 13:13:57.266,0.76874,0.76881,1.00,1.50
2016.09.13 13:13:57.320,0.76874,0.76881,1.00,1.00
2016.09.13 13:13:57.504,0.76874,0.76883,1.00,1.37
2016.09.13 13:13:57.555,0.76874,0.76883,1.25,1.00
2016.09.13 13:13:57.657,0.76874,0.76883,1.00,1.00
2016.09.13 13:13:57.759,0.76874,0.76881,1.00,1.00
2016.09.13 13:13:57.810,0.76872,0.76881,1.50,1.00
2016.09.13 13:13:57.861,0.76872,0.7688,1.12,1.00
2016.09.13 13:13:57.963,0.76872,0.7688,1.00,1.00
2016.09.13 13:13:58.014,0.76872,0.7688,1.00,1.50
2016.09.13 13:13:58.065,0.76872,0.7688,1.00,1.87
2016.09.13 13:13:58.588,0.76872,0.7688,1.00,1.12
2016.09.13 13:13:58.967,0.76871,0.76879,1.00,1.00
2016.09.13 13:13:59.019,0.7687,0.76875,1.00,1.50
2016.09.13 13:13:59.071,0.76867,0.76875,2.62,1.50
2016.09.13 13:13:59.224,0.76865,0.76873,1.31,1.37
2016.09.13 13:13:59.280,0.76863,0.76872,1.69,1.87
2016.09.13 13:13:59.331,0.76863,0.76872,1.69,2.62
2016.09.13 13:13:59.383,0.76863,0.76872,1.69,2.25
2016.09.13 13:13:59.486,0.76863,0.76872,1.69,1.95
2016.09.13 13:13:59.639,0.76863,0.76872,1.19,1.20
2016.09.13 13:13:59.691,0.76863,0.7687,1.19,1.00
2016.09.13 13:13:59.742,0.76863,0.7687,1.00,1.00
2016.09.13 13:13:59.793,0.7686,0.7687,1.57,1.00
2016.09.13 13:13:59.844,0.7686,0.7687,1.50,1.12
2016.09.13 13:14:00.010,0.7686,0.7687,1.50,1.00
2016.09.13 13:14:00.431,0.7686,0.7687,1.69,1.00
2016.09.13 13:14:00.816,0.7686,0.76869,1.25,1.87
2016.09.13 13:14:00.872,0.7686,0.76868,1.25,1.00
2016.09.13 13:14:01.383,0.76859,0.76868,1.19,1.00
2016.09.13 13:14:01.787,0.76858,0.76867,1.69,1.00
2016.09.13 13:14:01.838,0.76859,0.76866,1.00,1.00
2016.09.13 13:14:04.957,0.76858,0.76868,1.50,1.50
2016.09.13 13:14:05.009,0.76859,0.76868,1.00,1.50
2016.09.13 13:14:05.060,0.76859,0.76868,1.12,1.50
2016.09.13 13:14:05.111,0.7686,0.76867,1.00,1.00
2016.09.13 13:14:05.213,0.76859,0.76866,1.12,1.00
2016.09.13 13:14:05.315,0.76859,0.76866,1.12,1.00
2016.09.13 13:14:05.656,0.76859,0.76866,1.20,1.00
2016.09.13 13:14:05.708,0.76859,0.76866,1.95,1.00
2016.09.13 13:14:05.760,0.76859,0.76866,2.70,1.00
2016.09.13 13:14:06.014,0.7686,0.76867,1.12,1.00
2016.09.13 13:14:06.393,0.7686,0.76867,1.20,1.00
2016.09.13 13:14:06.444,0.7686,0.76867,1.57,1.00
2016.09.13 13:14:06.662,0.76862,0.76867,1.00,1.00
2016.09.13 13:14:06.764,0.76862,0.76867,1.12,1.00
2016.09.13 13:14:06.866,0.76862,0.76868,1.00,1.00
2016.09.13 13:14:06.918,0.76862,0.7687,1.31,1.00
2016.09.13 13:14:06.969,0.76862,0.7687,3.19,1.00
2016.09.13 13:14:07.020,0.76864,0.76871,1.00,1.00
2016.09.13 13:14:07.071,0.76864,0.76871,1.12,1.00
2016.09.13 13:14:08.455,0.76865,0.76872,1.00,1.00
2016.09.13 13:14:08.510,0.76865,0.76872,1.50,1.00
2016.09.13 13:14:09.100,0.76865,0.76872,1.69,1.00
2016.09.13 13:14:10.606,0.76865,0.76872,1.19,1.00
2016.09.13 13:14:10.708,0.76863,0.76872,2.14,1.00
2016.09.13 13:14:10.759,0.76863,0.76872,1.95,1.00
2016.09.13 13:14:11.559,0.76863,0.76871,1.20,1.00
2016.09.13 13:14:11.814,0.76862,0.76871,3.19,1.00
2016.09.13 13:14:11.865,0.76863,0.76871,1.39,1.00
2016.09.13 13:14:11.917,0.76863,0.76871,1.76,1.00
2016.09.13 13:14:12.154,0.76863,0.7687,1.01,1.00
2016.09.13 13:14:12.309,0.76862,0.7687,2.06,1.00
2016.09.13 13:14:12.511,0.76862,0.7687,1.31,1.00
2016.09.13 13:14:12.911,0.76861,0.7687,3.26,1.00
2016.09.13 13:14:13.304,0.76861,0.7687,2.89,1.00
2016.09.13 13:14:13.406,0.76861,0.7687,2.51,1.00
2016.09.13 13:14:13.457,0.76862,0.7687,1.31,1.00
2016.09.13 13:14:13.668,0.76861,0.7687,2.89,1.00
2016.09.13 13:14:13.930,0.76861,0.7687,2.51,1.00
2016.09.13 13:14:14.122,0.76862,0.7687,1.31,1.00
2016.09.13 13:14:14.423,0.76861,0.7687,2.51,1.00
2016.09.13 13:14:14.649,0.76861,0.7687,1.76,1.00
2016.09.13 13:14:14.700,0.76861,0.7687,2.14,1.00
2016.09.13 13:14:14.751,0.76862,0.7687,1.31,1.00
2016.09.13 13:14:15.425,0.76863,0.7687,1.01,1.00
2016.09.13 13:14:15.822,0.76863,0.76872,2.14,1.00
2016.09.13 13:14:15.873,0.76864,0.76872,1.00,1.00
2016.09.13 13:14:16.212,0.76866,0.76872,1.00,1.00
2016.09.13 13:14:16.689,0.76866,0.76873,1.50,1.00
2016.09.13 13:14:16.842,0.76866,0.76875,1.00,1.20
2016.09.13 13:14:17.775,0.76866,0.76873,1.00,1.00
2016.09.13 13:14:18.325,0.76866,0.76874,1.00,1.00
2016.09.13 13:14:20.637,0.76866,0.76873,1.00,1.00
2016.09.13 13:14:21.145,0.76866,0.76873,1.00,1.12
2016.09.13 13:14:21.651,0.76866,0.76872,1.00,1.00
2016.09.13 13:14:23.992,0.76866,0.76873,1.00,1.12
2016.09.13 13:14:24.996,0.76866,0.76874,1.00,1.37
2016.09.13 13:14:25.047,0.76866,0.76874,1.00,1.12
2016.09.13 13:14:25.149,0.76866,0.76874,1.00,1.87
2016.09.13 13:14:25.787,0.76866,0.76872,1.00,1.00
2016.09.13 13:14:28.769,0.76866,0.76871,1.00,1.00
2016.09.13 13:14:29.251,0.76865,0.76871,1.12,1.00
2016.09.13 13:14:29.302,0.76866,0.76871,1.00,1.00
2016.09.13 13:14:29.404,0.76866,0.76874,1.00,1.10
2016.09.13 13:14:29.967,0.76867,0.76874,1.00,1.00
2016.09.13 13:14:30.018,0.76866,0.76874,1.00,1.12
2016.09.13 13:14:30.069,0.76866,0.76874,1.00,1.12
2016.09.13 13:14:30.120,0.76866,0.76874,1.00,1.37
2016.09.13 13:14:30.171,0.76866,0.76874,1.00,1.50
2016.09.13 13:14:30.274,0.76869,0.76875,1.00,1.95
2016.09.13 13:14:30.328,0.76869,0.76875,1.00,1.20
2016.09.13 13:14:30.379,0.76869,0.76875,1.50,1.10
2016.09.13 13:14:30.431,0.76869,0.76877,1.50,1.50
2016.09.13 13:14:30.654,0.76871,0.76877,1.00,1.12
2016.09.13 13:14:30.858,0.7687,0.76877,1.00,1.87
2016.09.13 13:14:30.909,0.76867,0.76876,1.31,1.87
2016.09.13 13:14:30.961,0.76866,0.76875,1.69,1.00
2016.09.13 13:14:31.013,0.76867,0.76874,1.00,1.00
2016.09.13 13:14:31.065,0.76865,0.76873,1.00,1.00
2016.09.13 13:14:31.116,0.76865,0.76871,1.00,1.00
2016.09.13 13:14:31.406,0.76863,0.7687,1.00,1.00
2016.09.13 13:14:31.561,0.76863,0.7687,1.00,1.12
2016.09.13 13:14:31.894,0.76863,0.7687,1.00,1.87
2016.09.13 13:14:32.239,0.76863,0.7687,1.00,1.50
2016.09.13 13:14:33.620,0.76862,0.7687,1.00,1.00
2016.09.13 13:14:33.774,0.76862,0.7687,1.50,1.00
2016.09.13 13:14:34.380,0.76862,0.76869,1.00,1.00
2016.09.13 13:14:36.801,0.76862,0.76871,1.00,1.87
2016.09.13 13:14:36.852,0.76863,0.76871,1.00,1.12
2016.09.13 13:14:37.282,0.76862,0.7687,1.00,1.00
2016.09.13 13:14:40.293,0.76863,0.7687,1.00,1.00
2016.09.13 13:14:41.939,0.76863,0.76869,1.00,1.00
2016.09.13 13:14:42.042,0.76862,0.76871,1.00,1.12
2016.09.13 13:14:42.424,0.76863,0.76871,1.00,1.12
2016.09.13 13:14:42.922,0.76861,0.76869,1.00,1.00
2016.09.13 13:14:44.048,0.76864,0.76871,1.00,1.12
2016.09.13 13:14:44.099,0.76863,0.76872,1.00,2.32
2016.09.13 13:14:44.151,0.76863,0.76872,1.00,1.57
2016.09.13 13:14:44.253,0.76863,0.76872,1.00,1.20
2016.09.13 13:14:44.912,0.76864,0.76872,1.00,1.20
2016.09.13 13:14:45.097,0.76864,0.76871,1.00,1.00
2016.09.13 13:14:47.769,0.76863,0.7687,1.00,1.87
2016.09.13 13:14:47.820,0.76861,0.76869,1.00,1.50
2016.09.13 13:14:47.871,0.76861,0.76869,1.00,1.50
2016.09.13 13:14:48.076,0.76861,0.7687,1.00,1.37
2016.09.13 13:14:48.128,0.76863,0.7687,1.00,1.00
2016.09.13 13:14:48.491,0.76863,0.7687,1.50,1.00
2016.09.13 13:14:49.288,0.76863,0.76871,1.50,1.00
2016.09.13 13:14:50.055,0.76864,0.76871,1.00,1.50
2016.09.13 13:14:50.549,0.76865,0.76872,1.00,1.00
2016.09.13 13:14:50.601,0.76866,0.76874,1.00,2.62
2016.09.13 13:14:50.652,0.76866,0.76874,1.00,1.87
2016.09.13 13:14:50.704,0.76867,0.76874,1.00,1.12
2016.09.13 13:14:50.755,0.76867,0.76875,1.00,1.87
2016.09.13 13:14:50.807,0.76867,0.76875,1.00,1.50
2016.09.13 13:14:50.858,0.76867,0.76875,1.00,1.00
2016.09.13 13:14:51.501,0.76871,0.76876,1.00,1.12
2016.09.13 13:14:51.553,0.76871,0.76878,1.00,2.32
2016.09.13 13:14:51.604,0.76872,0.76879,1.00,1.50
2016.09.13 13:14:51.655,0.76872,0.76881,1.00,2.25
2016.09.13 13:14:51.706,0.76872,0.76881,1.00,1.00
2016.09.13 13:14:51.758,0.76872,0.76882,1.25,2.25
2016.09.13 13:14:52.064,0.76872,0.76882,1.25,1.50
2016.09.13 13:14:52.229,0.76872,0.76882,1.25,1.95
2016.09.13 13:14:52.543,0.76872,0.76882,1.25,2.70
2016.09.13 13:14:52.696,0.76872,0.76881,1.25,1.12
2016.09.13 13:14:52.747,0.76871,0.76881,1.69,1.87
2016.09.13 13:14:53.015,0.76871,0.76881,1.19,2.62
2016.09.13 13:14:55.177,0.76871,0.76881,1.19,2.25
2016.09.13 13:14:55.796,0.76871,0.76881,1.19,1.87
2016.09.13 13:14:55.949,0.76871,0.76881,1.69,1.37
2016.09.13 13:14:56.455,0.76871,0.76881,1.69,1.50
2016.09.13 13:14:56.568,0.76871,0.76881,1.69,1.87
2016.09.13 13:14:57.691,0.76871,0.76881,1.69,1.37
2016.09.13 13:14:57.742,0.76873,0.76882,1.00,3.45
2016.09.13 13:14:57.793,0.76874,0.76882,1.00,2.32
2016.09.13 13:14:57.845,0.76875,0.76882,1.00,2.25
2016.09.13 13:14:57.897,0.76875,0.76882,1.00,1.50
2016.09.13 13:14:57.948,0.76875,0.76882,1.19,1.50
2016.09.13 13:14:57.999,0.76875,0.76882,1.19,1.00
2016.09.13 13:14:58.051,0.76875,0.76882,1.25,1.00
2016.09.13 13:14:58.874,0.76874,0.76884,1.69,3.07
2016.09.13 13:14:59.128,0.76874,0.76882,1.69,1.00
2016.09.13 13:14:59.742,0.76874,0.76883,1.69,1.10
2016.09.13 13:14:59.794,0.76874,0.76884,1.69,3.07
2016.09.13 13:15:00.163,0.76874,0.76884,1.69,3.45
2016.09.13 13:15:00.215,0.76874,0.76884,1.69,3.82
2016.09.13 13:15:00.501,0.76874,0.76883,1.69,1.57
2016.09.13 13:15:00.552,0.76874,0.76882,1.69,1.00
2016.09.13 13:15:01.141,0.76875,0.76882,1.00,1.00
2016.09.13 13:15:01.193,0.76875,0.76882,1.00,2.25
2016.09.13 13:15:01.244,0.76874,0.76881,1.25,1.00
2016.09.13 13:15:01.424,0.76874,0.76881,1.00,1.00
2016.09.13 13:15:02.044,0.76873,0.76881,1.25,1.00
2016.09.13 13:15:02.095,0.76873,0.76881,1.25,1.00
2016.09.13 13:15:02.386,0.76873,0.76881,1.69,1.12
2016.09.13 13:15:02.488,0.76873,0.76881,1.69,1.12
2016.09.13 13:15:02.590,0.76873,0.76881,1.25,1.12
2016.09.13 13:15:03.058,0.76873,0.76881,1.25,1.12
2016.09.13 13:15:03.496,0.76873,0.76881,1.25,1.12
2016.09.13 13:15:05.181,0.76873,0.76881,1.25,1.50
2016.09.13 13:15:06.183,0.76873,0.76881,1.25,1.00
2016.09.13 13:15:06.285,0.76872,0.76882,1.69,1.87
2016.09.13 13:15:07.494,0.76872,0.76882,1.50,1.87
2016.09.13 13:15:08.037,0.76873,0.76882,1.00,1.12
2016.09.13 13:15:08.149,0.76874,0.76882,1.00,1.87
2016.09.13 13:15:08.388,0.76874,0.76882,1.00,1.12
2016.09.13 13:15:09.189,0.76873,0.76881,1.50,1.00
2016.09.13 13:15:09.389,0.76873,0.76881,1.50,1.00
2016.09.13 13:15:10.197,0.76873,0.76881,1.50,1.00
2016.09.13 13:15:10.981,0.76874,0.76881,1.00,1.00
2016.09.13 13:15:11.083,0.76873,0.76881,1.87,1.00
2016.09.13 13:15:11.134,0.76875,0.76881,1.00,1.00
2016.09.13 13:15:11.343,0.76873,0.76881,1.87,1.00
2016.09.13 13:15:11.394,0.76875,0.76882,1.00,1.00
2016.09.13 13:15:11.940,0.76874,0.76883,1.00,1.00
2016.09.13 13:15:12.475,0.76874,0.76883,1.00,1.00
2016.09.13 13:15:12.629,0.76879,0.76884,1.00,1.87
2016.09.13 13:15:12.814,0.76882,0.76889,1.00,2.62
2016.09.13 13:15:12.866,0.76881,0.7689,1.00,3.00
2016.09.13 13:15:12.917,0.76883,0.7689,1.00,1.50
2016.09.13 13:15:12.968,0.76884,0.7689,1.00,1.00
2016.09.13 13:15:13.019,0.76884,0.7689,1.10,1.00
2016.09.13 13:15:13.071,0.76884,0.76889,1.10,1.00
2016.09.13 13:15:13.123,0.76885,0.76889,1.00,1.00
2016.09.13 13:15:13.276,0.76885,0.76892,1.00,1.20
2016.09.13 13:15:13.470,0.76885,0.76892,1.00,1.20
2016.09.13 13:15:13.521,0.76887,0.76895,1.00,1.50
2016.09.13 13:15:13.593,0.76887,0.76895,1.00,1.00
2016.09.13 13:15:13.700,0.76887,0.76896,1.00,2.25
2016.09.13 13:15:13.905,0.76887,0.76895,1.00,1.00
2016.09.13 13:15:14.463,0.76887,0.76896,1.00,1.50
2016.09.13 13:15:14.838,0.76886,0.76893,1.00,1.00
2016.09.13 13:15:17.159,0.76886,0.76891,1.00,1.00
2016.09.13 13:15:17.211,0.76883,0.7689,1.10,1.00
2016.09.13 13:15:17.262,0.76883,0.7689,1.00,1.00
2016.09.13 13:15:17.314,0.76882,0.76889,1.10,1.00
2016.09.13 13:15:17.367,0.7688,0.76889,1.50,1.00
2016.09.13 13:15:17.419,0.7688,0.76887,1.12,1.00
2016.09.13 13:15:17.470,0.76878,0.76887,2.51,1.00
2016.09.13 13:15:17.522,0.76878,0.76886,1.50,1.00
2016.09.13 13:15:17.579,0.76878,0.76886,1.00,1.00
2016.09.13 13:15:18.041,0.76878,0.76886,1.50,1.00
2016.09.13 13:15:18.092,0.76878,0.76886,1.87,1.00
2016.09.13 13:15:18.195,0.76879,0.76886,1.12,1.00
2016.09.13 13:15:18.246,0.76879,0.76886,1.50,1.00
2016.09.13 13:15:18.297,0.76879,0.76886,1.57,1.00
2016.09.13 13:15:19.356,0.76879,0.76886,1.95,1.00
2016.09.13 13:15:19.407,0.7688,0.76885,1.12,1.00
2016.09.13 13:15:19.458,0.7688,0.76885,1.00,1.00
2016.09.13 13:15:19.688,0.7688,0.76887,1.00,1.00
2016.09.13 13:15:20.211,0.7688,0.76888,1.00,1.00
2016.09.13 13:15:20.262,0.7688,0.76889,1.00,1.12
2016.09.13 13:15:20.314,0.7688,0.76889,1.00,1.00
2016.09.13 13:15:20.891,0.76881,0.76889,1.00,1.00
2016.09.13 13:15:21.421,0.7688,0.76889,1.00,1.00
2016.09.13 13:15:21.813,0.76882,0.76889,1.00,1.00
2016.09.13 13:15:23.707,0.76882,0.7689,1.00,1.00
2016.09.13 13:15:23.809,0.76884,0.76889,1.00,1.00
2016.09.13 13:15:24.319,0.76883,0.76889,1.00,1.00
2016.09.13 13:15:24.421,0.76883,0.76892,1.00,1.50
2016.09.13 13:15:24.667,0.76885,0.76892,1.00,1.00
2016.09.13 13:15:25.234,0.76885,0.76891,1.00,1.00
2016.09.13 13:15:25.285,0.76883,0.76891,1.50,1.00
2016.09.13 13:15:25.337,0.76883,0.76889,1.00,1.00
2016.09.13 13:15:25.861,0.76883,0.7689,1.00,1.00
2016.09.13 13:15:26.269,0.76882,0.76888,1.00,1.00
2016.09.13 13:15:26.320,0.76881,0.76888,1.00,1.00
2016.09.13 13:15:26.422,0.76881,0.7689,1.00,1.00
2016.09.13 13:15:26.565,0.76882,0.7689,1.00,1.00
2016.09.13 13:15:26.822,0.76884,0.76891,1.00,1.00
2016.09.13 13:15:27.530,0.76886,0.76891,1.00,1.00
2016.09.13 13:15:28.843,0.76886,0.76892,1.00,1.00
2016.09.13 13:15:28.945,0.76886,0.76894,1.00,1.87
2016.09.13 13:15:29.426,0.76886,0.76893,1.00,1.00
2016.09.13 13:15:30.147,0.76886,0.76893,1.00,1.50
2016.09.13 13:15:30.475,0.76885,0.76893,1.00,1.00
2016.09.13 13:15:31.374,0.76886,0.76892,1.00,1.00
2016.09.13 13:15:31.648,0.76885,0.76892,1.50,1.00
2016.09.13 13:15:31.699,0.76885,0.76893,1.50,1.50
2016.09.13 13:15:31.851,0.76886,0.76893,1.00,1.00
2016.09.13 13:15:31.903,0.76884,0.76893,1.00,1.00
2016.09.13 13:15:32.106,0.76885,0.76893,1.00,1.00
2016.09.13 13:15:32.158,0.76887,0.76893,1.00,1.00
2016.09.13 13:15:32.380,0.76888,0.76896,1.00,1.57
2016.09.13 13:15:32.688,0.76886,0.76896,1.87,1.57
2016.09.13 13:15:32.739,0.76886,0.76894,1.00,1.00
2016.09.13 13:15:33.632,0.76885,0.76894,1.00,1.00
2016.09.13 13:15:33.741,0.76885,0.76892,1.00,1.12
2016.09.13 13:15:33.793,0.76885,0.7689,1.00,1.10
2016.09.13 13:15:33.844,0.76881,0.76888,2.25,1.00
2016.09.13 13:15:33.895,0.76881,0.76888,1.00,1.00
2016.09.13 13:15:34.125,0.76881,0.76889,1.00,1.87
2016.09.13 13:15:34.178,0.76881,0.76889,1.00,1.87
2016.09.13 13:15:34.230,0.76881,0.76889,1.00,1.50
2016.09.13 13:15:34.434,0.7688,0.76887,1.50,1.00
2016.09.13 13:15:34.537,0.7688,0.76888,1.00,2.25
2016.09.13 13:15:34.588,0.7688,0.76888,1.00,2.62
2016.09.13 13:15:34.640,0.7688,0.76887,1.00,1.10
2016.09.13 13:15:34.873,0.76878,0.76887,1.50,1.10
2016.09.13 13:15:35.373,0.76878,0.76887,2.25,1.10
2016.09.13 13:15:35.526,0.76879,0.76888,1.00,1.50
2016.09.13 13:15:35.605,0.76883,0.76888,1.00,1.12
2016.09.13 13:15:35.747,0.76883,0.76889,1.00,1.47
2016.09.13 13:15:35.799,0.76886,0.76896,1.00,2.21
2016.09.13 13:15:35.850,0.76886,0.76895,1.00,1.00
2016.09.13 13:15:35.902,0.76887,0.76895,1.00,1.00
2016.09.13 13:15:35.954,0.76889,0.76895,1.00,1.00
2016.09.13 13:15:36.005,0.76889,0.76895,1.00,1.00
2016.09.13 13:15:36.057,0.76888,0.76898,1.12,1.00
2016.09.13 13:15:36.108,0.7689,0.76898,1.00,1.00
2016.09.13 13:15:36.211,0.7689,0.769,1.00,2.25
2016.09.13 13:15:36.313,0.7689,0.769,1.00,3.37
2016.09.13 13:15:36.493,0.7689,0.769,1.00,2.62
2016.09.13 13:15:36.544,0.7689,0.769,1.00,2.81
2016.09.13 13:15:36.595,0.7689,0.769,1.00,2.44
2016.09.13 13:15:36.748,0.76889,0.76899,1.00,1.20
2016.09.13 13:15:37.036,0.76889,0.76898,1.50,1.00
2016.09.13 13:15:37.258,0.76889,0.76899,1.50,1.95
2016.09.13 13:15:37.805,0.7689,0.76899,1.00,1.20
2016.09.13 13:15:38.062,0.7689,0.76898,1.00,1.00
2016.09.13 13:15:38.748,0.7689,0.76897,1.50,1.00
2016.09.13 13:15:39.139,0.7689,0.76899,1.50,1.10
2016.09.13 13:15:39.393,0.7689,0.76899,1.50,1.00
2016.09.13 13:15:39.753,0.7689,0.769,1.50,1.69
2016.09.13 13:15:40.625,0.76891,0.769,1.00,1.00
2016.09.13 13:15:40.801,0.76894,0.76902,1.00,1.00
2016.09.13 13:15:40.853,0.76895,0.76904,1.50,1.10
2016.09.13 13:15:40.904,0.76895,0.76905,1.50,2.70
2016.09.13 13:15:40.956,0.76895,0.76905,1.87,2.06
2016.09.13 13:15:41.007,0.76895,0.76905,1.87,2.44
2016.09.13 13:15:41.058,0.76895,0.76904,1.12,1.19
2016.09.13 13:15:41.161,0.76895,0.76904,1.00,1.19
2016.09.13 13:15:41.370,0.76895,0.76904,1.00,1.19
2016.09.13 13:15:41.548,0.76895,0.76905,1.00,2.62
2016.09.13 13:15:41.599,0.76895,0.76905,1.00,1.87
2016.09.13 13:15:41.701,0.76895,0.76905,1.00,1.50
2016.09.13 13:15:41.807,0.76895,0.76905,1.00,1.87
2016.09.13 13:15:41.999,0.76898,0.76905,1.00,1.00
2016.09.13 13:15:42.050,0.76898,0.76907,1.00,1.87
2016.09.13 13:15:42.102,0.76898,0.76907,1.00,1.00
2016.09.13 13:15:42.204,0.76898,0.76908,1.00,1.87
2016.09.13 13:15:42.837,0.76898,0.76908,1.00,1.37
2016.09.13 13:15:43.326,0.76898,0.76908,1.00,1.50
2016.09.13 13:15:43.664,0.769,0.76908,1.00,1.50
2016.09.13 13:15:44.047,0.769,0.76908,1.00,2.25
2016.09.13 13:15:45.434,0.76899,0.76907,1.00,1.12
2016.09.13 13:15:45.485,0.76899,0.76907,1.00,1.12
2016.09.13 13:15:45.587,0.76899,0.76908,1.00,1.50
2016.09.13 13:15:45.945,0.76899,0.76908,1.00,2.25
2016.09.13 13:15:46.882,0.76901,0.76908,1.00,1.12
2016.09.13 13:15:46.933,0.76901,0.76908,1.00,1.00
2016.09.13 13:15:46.986,0.76901,0.76909,1.00,1.12
2016.09.13 13:15:47.140,0.76901,0.7691,1.25,1.00
2016.09.13 13:15:47.968,0.76901,0.7691,1.69,1.00
2016.09.13 13:15:48.019,0.76902,0.7691,1.00,1.00
2016.09.13 13:15:48.195,0.76903,0.76913,1.12,2.25
2016.09.13 13:15:48.247,0.76906,0.76913,1.00,1.00
2016.09.13 13:15:48.450,0.76903,0.76911,1.50,1.00
2016.09.13 13:15:48.502,0.76903,0.76911,1.00,1.00
2016.09.13 13:15:48.554,0.76902,0.76909,1.00,1.12
2016.09.13 13:15:48.658,0.769,0.7691,1.00,2.25
2016.09.13 13:15:48.807,0.769,0.7691,1.00,2.32
2016.09.13 13:15:48.904,0.76899,0.76909,1.00,1.12
2016.09.13 13:15:49.057,0.76898,0.76908,1.69,1.00
2016.09.13 13:15:49.623,0.76898,0.76908,1.25,2.25
2016.09.13 13:15:50.098,0.76898,0.76908,1.25,1.87
2016.09.13 13:15:50.199,0.76898,0.76908,1.25,2.25
2016.09.13 13:15:50.405,0.76898,0.76908,1.00,2.25
2016.09.13 13:15:51.157,0.76899,0.76907,1.00,1.00
2016.09.13 13:15:51.550,0.76899,0.76907,1.50,1.00
2016.09.13 13:15:51.601,0.76902,0.76909,1.00,1.50
2016.09.13 13:15:51.653,0.76902,0.76911,1.00,1.82
2016.09.13 13:15:51.705,0.76903,0.76912,1.00,2.62
2016.09.13 13:15:51.756,0.76903,0.76912,1.00,1.50
2016.09.13 13:15:51.810,0.76904,0.76912,1.12,1.00
2016.09.13 13:15:51.862,0.76905,0.76913,1.00,1.50
2016.09.13 13:15:51.964,0.76905,0.76913,1.00,1.00
2016.09.13 13:15:52.352,0.76905,0.76914,1.00,1.57
2016.09.13 13:15:52.555,0.76905,0.76914,1.00,1.10
2016.09.13 13:15:52.606,0.76906,0.76915,1.00,1.39
2016.09.13 13:15:52.657,0.76906,0.76915,1.00,2.14
2016.09.13 13:15:52.708,0.76905,0.76915,1.12,2.51
2016.09.13 13:15:52.759,0.76905,0.76915,1.00,1.76
2016.09.13 13:15:52.811,0.76904,0.76913,1.12,1.00
2016.09.13 13:15:52.862,0.76904,0.76913,1.12,1.50
2016.09.13 13:15:52.913,0.76904,0.76913,1.50,2.25
2016.09.13 13:15:52.964,0.76904,0.76913,1.50,3.07
2016.09.13 13:15:53.015,0.76904,0.76913,1.00,3.45
2016.09.13 13:15:53.164,0.76904,0.76913,1.00,3.82
2016.09.13 13:15:53.222,0.76904,0.76912,1.00,1.87
2016.09.13 13:15:53.273,0.76904,0.76912,1.00,1.12
2016.09.13 13:15:53.528,0.76904,0.76913,1.00,1.95
2016.09.13 13:15:53.600,0.76904,0.76913,1.00,1.10
2016.09.13 13:15:53.702,0.76904,0.76913,1.37,1.10
2016.09.13 13:15:53.754,0.76904,0.76913,1.50,1.10
2016.09.13 13:15:53.863,0.76904,0.76913,1.50,1.57
2016.09.13 13:15:54.043,0.76904,0.76913,2.25,1.50
2016.09.13 13:15:54.094,0.76905,0.76913,1.12,1.00
2016.09.13 13:15:54.711,0.76905,0.76913,1.31,1.00
2016.09.13 13:15:54.762,0.76905,0.76914,1.31,1.10
2016.09.13 13:15:54.973,0.76905,0.76914,1.31,1.20
2016.09.13 13:15:55.077,0.76905,0.76915,1.31,3.45
2016.09.13 13:15:55.129,0.76905,0.76915,1.12,3.45
2016.09.13 13:15:55.385,0.76905,0.76915,1.12,3.82
2016.09.13 13:15:55.487,0.76905,0.76914,1.12,1.10
2016.09.13 13:15:55.811,0.76905,0.76914,1.00,1.10
2016.09.13 13:15:56.472,0.76909,0.76913,1.00,1.00
2016.09.13 13:15:56.574,0.76908,0.76915,1.50,1.00
2016.09.13 13:15:56.625,0.76909,0.76915,1.00,1.00
2016.09.13 13:15:56.829,0.76909,0.76915,1.12,1.00
2016.09.13 13:15:57.359,0.76909,0.76916,1.12,1.00
2016.09.13 13:15:57.982,0.76909,0.76917,1.12,1.00
2016.09.13 13:15:58.374,0.76909,0.76919,1.12,2.25
2016.09.13 13:15:59.040,0.76909,0.76918,1.12,1.00
2016.09.13 13:16:00.456,0.76909,0.76918,1.12,1.12
2016.09.13 13:16:00.663,0.76909,0.76918,1.12,1.00
2016.09.13 13:16:00.915,0.76909,0.76918,2.62,1.12
2016.09.13 13:16:00.969,0.76909,0.76918,1.87,1.00
2016.09.13 13:16:01.020,0.76909,0.76918,1.87,1.00
2016.09.13 13:16:01.072,0.76909,0.76918,1.87,1.12
2016.09.13 13:16:01.276,0.76909,0.76919,1.87,2.62
2016.09.13 13:16:01.386,0.76909,0.76918,1.87,1.12
2016.09.13 13:16:01.437,0.76909,0.76918,1.12,1.12
2016.09.13 13:16:01.719,0.76909,0.76919,1.12,2.62
2016.09.13 13:16:01.887,0.76909,0.76919,1.12,2.25
2016.09.13 13:16:01.970,0.76909,0.76917,1.87,1.00
2016.09.13 13:16:02.305,0.76909,0.76917,1.87,1.00
2016.09.13 13:16:02.356,0.76909,0.76917,1.12,1.00
2016.09.13 13:16:02.408,0.76909,0.76919,1.00,3.75
2016.09.13 13:16:02.459,0.76909,0.76919,1.00,3.37
2016.09.13 13:16:02.707,0.76909,0.76918,1.00,1.50
2016.09.13 13:16:02.809,0.76909,0.76918,1.12,1.50
2016.09.13 13:16:02.910,0.76909,0.76918,1.12,1.12
2016.09.13 13:16:03.557,0.76909,0.76918,1.12,1.37
2016.09.13 13:16:03.663,0.76909,0.76918,1.12,1.50
2016.09.13 13:16:03.948,0.76909,0.76918,1.12,1.37
2016.09.13 13:16:04.203,0.76909,0.76918,1.12,1.50
2016.09.13 13:16:04.960,0.76909,0.76919,1.87,4.50
2016.09.13 13:16:05.265,0.7691,0.76919,1.00,4.50
2016.09.13 13:16:05.367,0.7691,0.76918,1.00,3.00
2016.09.13 13:16:05.419,0.76907,0.76916,2.32,1.87
2016.09.13 13:16:05.470,0.76908,0.76915,1.00,2.25
2016.09.13 13:16:05.522,0.76905,0.76914,2.06,1.12
2016.09.13 13:16:05.574,0.76906,0.76911,1.00,1.00
2016.09.13 13:16:05.677,0.76901,0.76908,3.56,1.00
2016.09.13 13:16:05.833,0.76901,0.76908,3.37,1.50
2016.09.13 13:16:05.885,0.76899,0.76908,3.26,1.50
2016.09.13 13:16:05.938,0.76899,0.76908,1.19,1.87
2016.09.13 13:16:06.042,0.769,0.76908,1.25,1.50
2016.09.13 13:16:06.247,0.769,0.76908,1.25,1.00
2016.09.13 13:16:06.377,0.769,0.76909,1.69,1.00
2016.09.13 13:16:06.680,0.769,0.7691,1.69,2.62
2016.09.13 13:16:06.783,0.769,0.7691,1.69,3.00
2016.09.13 13:16:06.989,0.76902,0.7691,1.00,2.62
2016.09.13 13:16:07.144,0.769,0.7691,1.25,2.62
2016.09.13 13:16:07.195,0.769,0.76909,1.25,1.00
2016.09.13 13:16:07.247,0.76902,0.76909,1.00,1.00
2016.09.13 13:16:07.427,0.76903,0.76912,1.29,1.00
2016.09.13 13:16:07.480,0.76905,0.76915,1.00,3.07
2016.09.13 13:16:07.532,0.76905,0.76914,1.00,1.00
2016.09.13 13:16:07.636,0.76905,0.76915,1.00,2.70
2016.09.13 13:16:07.688,0.76907,0.76915,1.00,1.57
2016.09.13 13:16:07.792,0.76909,0.76916,1.00,1.50
2016.09.13 13:16:07.844,0.76909,0.76916,1.00,1.00
2016.09.13 13:16:07.896,0.76909,0.76917,1.00,1.37
2016.09.13 13:16:07.947,0.76909,0.76917,1.00,1.00
2016.09.13 13:16:08.975,0.76909,0.76919,1.00,1.87
2016.09.13 13:16:09.026,0.76909,0.76918,1.50,1.10
2016.09.13 13:16:09.077,0.7691,0.76918,1.00,1.10
2016.09.13 13:16:09.332,0.76912,0.76919,1.00,1.12
2016.09.13 13:16:09.435,0.76912,0.76919,1.00,1.00
2016.09.13 13:16:09.486,0.76911,0.76921,1.00,1.57
2016.09.13 13:16:09.537,0.7691,0.76919,1.00,1.00
2016.09.13 13:16:09.588,0.7691,0.7692,1.00,2.25
2016.09.13 13:16:09.749,0.76912,0.76919,1.00,1.00
2016.09.13 13:16:09.800,0.7691,0.76919,1.00,1.10
2016.09.13 13:16:09.852,0.7691,0.76919,1.00,1.87
2016.09.13 13:16:09.903,0.7691,0.76919,1.00,1.95
2016.09.13 13:16:10.163,0.7691,0.76918,1.00,1.12
2016.09.13 13:16:10.846,0.7691,0.76918,1.12,1.50
2016.09.13 13:16:10.948,0.7691,0.76918,1.12,1.12
2016.09.13 13:16:11.689,0.7691,0.76919,1.12,2.70
2016.09.13 13:16:11.740,0.76912,0.76919,1.00,1.95
2016.09.13 13:16:11.791,0.7691,0.76919,1.50,1.47
2016.09.13 13:16:11.843,0.7691,0.7692,1.50,1.50
2016.09.13 13:16:11.894,0.7691,0.7692,1.12,1.87
2016.09.13 13:16:11.945,0.7691,0.7692,1.50,2.32
2016.09.13 13:16:11.996,0.7691,0.7692,1.12,2.70
2016.09.13 13:16:12.047,0.7691,0.7692,1.00,3.07
2016.09.13 13:16:12.229,0.7691,0.76919,1.00,1.57
2016.09.13 13:16:12.382,0.7691,0.76919,1.00,1.47
2016.09.13 13:16:12.433,0.7691,0.76919,1.00,2.32
2016.09.13 13:16:12.638,0.7691,0.76919,1.00,2.62
2016.09.13 13:16:12.790,0.7691,0.76919,1.00,3.37
2016.09.13 13:16:13.100,0.76909,0.76919,1.00,2.62
2016.09.13 13:16:13.407,0.76911,0.76919,1.00,2.62
2016.09.13 13:16:13.826,0.76911,0.76918,1.00,1.20
2016.09.13 13:16:14.661,0.76911,0.76919,1.00,3.75
2016.09.13 13:16:15.232,0.76909,0.76919,1.00,3.75
2016.09.13 13:16:15.763,0.76909,0.76919,1.00,3.37
2016.09.13 13:16:15.814,0.76909,0.76919,1.00,3.00
2016.09.13 13:16:16.140,0.76909,0.76919,1.00,3.37
2016.09.13 13:16:16.433,0.76911,0.76919,1.00,2.25
2016.09.13 13:16:16.484,0.76911,0.76919,1.00,1.12
2016.09.13 13:16:17.996,0.76912,0.76919,1.00,1.12
2016.09.13 13:16:18.380,0.76912,0.76919,1.00,1.50
2016.09.13 13:16:18.431,0.7691,0.7692,1.00,3.37
2016.09.13 13:16:18.483,0.7691,0.76919,1.00,1.27
2016.09.13 13:16:18.946,0.76911,0.7692,1.00,2.25
2016.09.13 13:16:18.997,0.76913,0.76921,1.00,2.70
2016.09.13 13:16:19.176,0.76913,0.76921,1.00,1.47
2016.09.13 13:16:19.230,0.76912,0.76922,1.12,1.12
2016.09.13 13:16:19.284,0.76912,0.76922,1.00,1.37
2016.09.13 13:16:19.336,0.76911,0.76919,1.12,1.00
2016.09.13 13:16:19.387,0.76911,0.76919,1.00,1.00
2016.09.13 13:16:19.489,0.76911,0.76919,1.37,1.00
2016.09.13 13:16:19.540,0.76911,0.76919,1.00,1.00
2016.09.13 13:16:19.947,0.76911,0.7692,1.00,1.00
2016.09.13 13:16:20.150,0.76911,0.7692,1.00,1.50
2016.09.13 13:16:20.202,0.76911,0.7692,1.00,2.25
2016.09.13 13:16:20.253,0.76913,0.7692,1.00,1.50
2016.09.13 13:16:20.304,0.76913,0.7692,1.00,1.00
2016.09.13 13:16:20.355,0.76913,0.76921,1.00,1.50
2016.09.13 13:16:20.406,0.76913,0.76921,1.00,1.37
2016.09.13 13:16:20.457,0.76913,0.76921,1.00,1.00
2016.09.13 13:16:20.727,0.76913,0.76923,1.00,1.87
2016.09.13 13:16:20.907,0.76913,0.76922,1.00,1.12
2016.09.13 13:16:21.060,0.76913,0.76922,1.00,1.00
2016.09.13 13:16:22.768,0.76913,0.76923,1.00,1.87
2016.09.13 13:16:22.819,0.76913,0.76922,1.00,1.00
2016.09.13 13:16:22.871,0.76917,0.76922,1.00,1.00
2016.09.13 13:16:22.922,0.76916,0.76923,1.00,1.00
2016.09.13 13:16:22.973,0.76916,0.76924,1.00,1.57
2016.09.13 13:16:23.025,0.76915,0.76924,1.12,1.10
2016.09.13 13:16:23.077,0.76915,0.76924,1.00,1.87
2016.09.13 13:16:23.179,0.76915,0.76924,1.00,1.10
2016.09.13 13:16:23.230,0.76915,0.76924,1.00,1.47
2016.09.13 13:16:23.383,0.76917,0.76923,1.00,1.00
2016.09.13 13:16:23.581,0.76915,0.76924,1.00,1.57
2016.09.13 13:16:23.632,0.76915,0.76924,1.00,2.32
2016.09.13 13:16:23.734,0.76915,0.76923,1.00,2.70
2016.09.13 13:16:23.840,0.76915,0.76923,1.00,1.20
2016.09.13 13:16:24.117,0.76915,0.76923,1.00,1.10
2016.09.13 13:16:24.628,0.76914,0.76923,1.00,1.10
2016.09.13 13:16:24.730,0.76914,0.76923,1.00,1.57
2016.09.13 13:16:24.934,0.76914,0.76923,1.00,2.70
2016.09.13 13:16:25.051,0.76915,0.76922,1.00,1.12
2016.09.13 13:16:25.289,0.76915,0.76924,1.00,1.20
2016.09.13 13:16:25.340,0.76915,0.76924,1.00,1.65
2016.09.13 13:16:25.391,0.76915,0.76924,1.00,2.02
2016.09.13 13:16:26.439,0.76915,0.76924,1.00,1.65
2016.09.13 13:16:26.490,0.76916,0.76923,1.00,1.00
2016.09.13 13:16:26.541,0.76916,0.76924,1.00,2.40
2016.09.13 13:16:26.705,0.76916,0.76924,1.00,2.02
2016.09.13 13:16:27.067,0.76917,0.76924,1.00,1.27
2016.09.13 13:16:27.119,0.76917,0.76924,1.00,1.20
2016.09.13 13:16:27.170,0.76915,0.76924,1.00,1.12
2016.09.13 13:16:27.509,0.76917,0.76924,1.00,1.12
2016.09.13 13:16:27.560,0.76917,0.76925,1.00,1.50
2016.09.13 13:16:27.612,0.76917,0.76925,1.00,1.87
2016.09.13 13:16:27.663,0.76917,0.76925,1.00,2.25
2016.09.13 13:16:27.714,0.76917,0.76925,1.00,2.62
2016.09.13 13:16:27.816,0.76915,0.76925,1.00,2.70
2016.09.13 13:16:28.177,0.76915,0.76925,1.00,2.32
2016.09.13 13:16:28.461,0.76916,0.76925,1.00,1.57
2016.09.13 13:16:28.573,0.76916,0.76924,1.00,1.00
2016.09.13 13:16:29.333,0.76916,0.76924,1.00,1.12
2016.09.13 13:16:29.384,0.76916,0.76924,1.00,1.50
2016.09.13 13:16:29.436,0.76916,0.76924,1.00,1.12
2016.09.13 13:16:29.487,0.76916,0.76924,1.00,1.00
2016.09.13 13:16:29.690,0.76916,0.76924,1.00,1.12
2016.09.13 13:16:29.853,0.76916,0.76924,1.00,2.25
2016.09.13 13:16:29.904,0.76916,0.76924,1.00,2.40
2016.09.13 13:16:30.140,0.76914,0.76923,1.00,1.50
2016.09.13 13:16:30.191,0.76914,0.76922,1.00,1.95
2016.09.13 13:16:30.446,0.76914,0.76922,1.00,2.70
2016.09.13 13:16:30.558,0.76914,0.76922,1.00,3.45
2016.09.13 13:16:30.660,0.76914,0.7692,1.00,1.00
2016.09.13 13:16:31.260,0.76912,0.7692,1.00,1.00
2016.09.13 13:16:31.777,0.76912,0.7692,1.00,1.50
2016.09.13 13:16:31.828,0.7691,0.76919,1.87,2.25
2016.09.13 13:16:31.880,0.76909,0.76916,1.50,1.00
2016.09.13 13:16:31.932,0.76909,0.76916,1.37,1.00
2016.09.13 13:16:31.984,0.76909,0.76916,1.00,1.00
2016.09.13 13:16:32.494,0.7691,0.76916,1.00,1.00
2016.09.13 13:16:33.562,0.7691,0.76916,1.00,1.12
2016.09.13 13:16:33.778,0.7691,0.76916,1.00,1.00
2016.09.13 13:16:33.829,0.7691,0.76918,1.00,1.00
2016.09.13 13:16:33.896,0.7691,0.76919,1.00,1.25
2016.09.13 13:16:33.948,0.76912,0.7692,1.00,1.31
2016.09.13 13:16:33.999,0.7691,0.7692,1.00,1.12
2016.09.13 13:16:34.101,0.7691,0.7692,1.12,1.00
2016.09.13 13:16:34.254,0.76911,0.7692,1.00,1.00
2016.09.13 13:16:34.594,0.76912,0.7692,1.00,1.00
2016.09.13 13:16:36.628,0.76912,0.7692,1.50,1.00
2016.09.13 13:16:36.680,0.76913,0.76923,1.00,1.57
2016.09.13 13:16:36.731,0.76914,0.76923,1.00,1.20
2016.09.13 13:16:36.782,0.76914,0.76923,1.00,1.10
2016.09.13 13:16:36.834,0.76914,0.76923,1.00,1.00
2016.09.13 13:16:37.775,0.76915,0.76923,1.00,1.00
2016.09.13 13:16:38.334,0.76916,0.76926,1.00,1.47
2016.09.13 13:16:38.386,0.76915,0.76925,1.00,1.00
2016.09.13 13:16:38.488,0.76915,0.76925,1.00,1.10
2016.09.13 13:16:38.590,0.76918,0.76927,1.00,2.89
2016.09.13 13:16:38.641,0.76919,0.76926,1.00,1.31
2016.09.13 13:16:38.692,0.76919,0.76926,1.00,1.25
2016.09.13 13:16:39.384,0.76919,0.76926,1.00,1.00
2016.09.13 13:16:39.774,0.76918,0.76928,1.00,1.27
2016.09.13 13:16:39.876,0.76919,0.76929,1.00,3.00
2016.09.13 13:16:39.927,0.76919,0.76929,1.00,2.40
2016.09.13 13:16:40.488,0.76919,0.76927,1.00,1.00
2016.09.13 13:16:40.590,0.76919,0.76928,1.00,1.12
2016.09.13 13:16:41.015,0.76919,0.76928,1.00,1.12
2016.09.13 13:16:41.118,0.76921,0.76928,1.00,1.12
2016.09.13 13:16:41.169,0.76922,0.7693,1.00,2.32
2016.09.13 13:16:41.273,0.76922,0.7693,1.00,1.50
2016.09.13 13:16:41.324,0.76922,0.7693,1.00,1.37
2016.09.13 13:16:41.427,0.76922,0.76932,1.00,2.62
2016.09.13 13:16:41.479,0.76922,0.76932,1.00,1.87
2016.09.13 13:16:41.581,0.76922,0.76932,1.00,1.37
2016.09.13 13:16:41.632,0.76922,0.76932,1.00,1.12
2016.09.13 13:16:41.816,0.76922,0.7693,1.00,1.00
2016.09.13 13:16:42.901,0.76922,0.76931,1.00,1.00
2016.09.13 13:16:43.377,0.76922,0.76932,1.00,2.62
2016.09.13 13:16:43.428,0.76922,0.76932,1.00,2.25
2016.09.13 13:16:43.479,0.76922,0.76932,1.00,1.50
2016.09.13 13:16:43.531,0.76923,0.76932,1.00,1.12
2016.09.13 13:16:43.752,0.76923,0.76932,1.00,1.00
2016.09.13 13:16:44.619,0.76923,0.76931,1.00,1.00
2016.09.13 13:16:46.115,0.76923,0.76932,1.00,1.00
2016.09.13 13:16:46.649,0.76923,0.76932,1.00,1.50
2016.09.13 13:16:46.773,0.76923,0.76932,1.00,1.00
2016.09.13 13:16:46.926,0.76923,0.76932,1.87,1.00
2016.09.13 13:16:47.649,0.76924,0.76932,1.00,1.00
2016.09.13 13:16:47.841,0.76924,0.76934,1.50,1.50
2016.09.13 13:16:47.892,0.76924,0.76934,1.00,1.50
2016.09.13 13:16:48.706,0.76924,0.76934,1.00,1.00
2016.09.13 13:16:49.415,0.76926,0.76934,1.00,1.00
2016.09.13 13:16:50.484,0.76926,0.76934,1.00,1.12
2016.09.13 13:16:50.535,0.76926,0.76934,1.00,1.50
2016.09.13 13:16:50.586,0.76926,0.76934,1.00,1.95
2016.09.13 13:16:50.789,0.76926,0.76934,1.00,2.70
2016.09.13 13:16:51.027,0.76925,0.76933,1.00,1.10
2016.09.13 13:16:51.079,0.76926,0.76934,1.00,1.57
2016.09.13 13:16:51.130,0.76925,0.76935,1.00,2.25
2016.09.13 13:16:51.232,0.76925,0.76933,1.00,1.10
2016.09.13 13:16:51.334,0.76925,0.76935,1.00,3.00
2016.09.13 13:16:52.903,0.76925,0.76935,1.50,3.00
2016.09.13 13:16:53.772,0.76925,0.76935,1.50,2.70
2016.09.13 13:16:53.823,0.76925,0.76935,1.50,2.02
2016.09.13 13:16:54.519,0.76925,0.76935,1.50,1.95
2016.09.13 13:16:54.650,0.76927,0.76935,1.00,1.20
2016.09.13 13:16:54.702,0.76928,0.76937,1.00,1.20
2016.09.13 13:16:54.753,0.7693,0.76938,1.00,2.25
2016.09.13 13:16:54.804,0.7693,0.76938,1.00,1.00
2016.09.13 13:16:54.957,0.7693,0.76938,1.00,1.50
2016.09.13 13:16:55.059,0.76927,0.76936,1.87,1.00
2016.09.13 13:16:55.111,0.76926,0.76936,2.70,1.50
2016.09.13 13:16:55.163,0.76926,0.76936,2.70,1.87
2016.09.13 13:16:55.214,0.76926,0.76935,1.12,1.00
2016.09.13 13:16:55.347,0.76925,0.76935,1.50,1.50
2016.09.13 13:16:55.398,0.76925,0.76935,1.12,2.25
2016.09.13 13:16:55.551,0.76925,0.76934,1.12,1.00
2016.09.13 13:16:55.959,0.76926,0.76934,1.00,1.00
2016.09.13 13:16:56.308,0.76926,0.76935,1.00,2.25
2016.09.13 13:16:56.371,0.76926,0.76934,1.00,1.00
2016.09.13 13:16:56.926,0.76926,0.76934,1.00,1.50
2016.09.13 13:16:57.448,0.76926,0.76934,1.00,1.87
2016.09.13 13:16:57.864,0.76925,0.76934,1.00,1.95
2016.09.13 13:16:57.915,0.76924,0.76934,1.87,2.70
2016.09.13 13:16:57.967,0.76924,0.76933,1.87,1.10
2016.09.13 13:16:58.105,0.76924,0.76934,1.87,2.25
2016.09.13 13:16:58.799,0.76925,0.76934,1.00,1.50
2016.09.13 13:16:58.850,0.76925,0.76934,1.00,2.25
2016.09.13 13:16:59.330,0.76925,0.76933,1.00,1.10
2016.09.13 13:16:59.911,0.76925,0.76933,1.50,1.57
2016.09.13 13:17:00.687,0.76925,0.76933,1.00,1.57
2016.09.13 13:17:00.945,0.76926,0.76934,1.00,1.87
2016.09.13 13:17:00.996,0.76926,0.76933,1.00,1.10
2016.09.13 13:17:01.047,0.76923,0.76933,2.25,1.10
2016.09.13 13:17:01.098,0.76923,0.76933,1.50,1.10
2016.09.13 13:17:01.149,0.76923,0.76933,1.50,1.57
2016.09.13 13:17:01.646,0.76923,0.76932,1.00,1.12
2016.09.13 13:17:01.747,0.76923,0.76933,1.50,2.32
2016.09.13 13:17:01.900,0.76925,0.76933,1.00,2.32
2016.09.13 13:17:02.596,0.76926,0.76933,1.00,1.57
2016.09.13 13:17:02.647,0.76926,0.76934,1.00,3.19
2016.09.13 13:17:02.698,0.76926,0.76934,1.00,2.51
2016.09.13 13:17:02.750,0.76926,0.76933,1.00,1.10
2016.09.13 13:17:02.851,0.76926,0.76934,1.00,2.51
2016.09.13 13:17:02.953,0.76926,0.76934,1.00,2.89
2016.09.13 13:17:03.157,0.76926,0.76934,1.00,2.51
2016.09.13 13:17:03.259,0.76926,0.76934,1.00,2.89
2016.09.13 13:17:03.310,0.76924,0.76934,1.50,2.89
2016.09.13 13:17:03.755,0.76924,0.76934,1.00,2.89
2016.09.13 13:17:03.908,0.76924,0.76934,1.00,2.44
2016.09.13 13:17:03.959,0.76926,0.76935,1.00,2.59
2016.09.13 13:17:04.010,0.76926,0.76935,1.00,2.25
2016.09.13 13:17:04.062,0.76926,0.76935,1.00,1.12
2016.09.13 13:17:04.113,0.76926,0.76936,1.00,1.95
2016.09.13 13:17:04.383,0.76926,0.76936,1.00,2.70
2016.09.13 13:17:04.588,0.76926,0.76935,1.00,1.00
2016.09.13 13:17:04.640,0.76926,0.76935,1.00,1.00
2016.09.13 13:17:04.795,0.76926,0.76936,1.00,4.95
2016.09.13 13:17:04.847,0.76925,0.76935,1.12,1.50
2016.09.13 13:17:04.898,0.76925,0.76935,1.12,1.57
2016.09.13 13:17:04.949,0.76925,0.76934,1.12,1.12
2016.09.13 13:17:05.102,0.76929,0.76934,1.00,1.00
2016.09.13 13:17:05.154,0.76928,0.76936,1.00,2.70
2016.09.13 13:17:05.297,0.76928,0.76936,1.00,1.95
2016.09.13 13:17:05.351,0.76926,0.76935,1.00,1.12
2016.09.13 13:17:05.404,0.76926,0.76935,1.00,1.50
2016.09.13 13:17:05.455,0.76926,0.76934,1.00,1.00
2016.09.13 13:17:05.707,0.76926,0.76936,1.00,3.56
2016.09.13 13:17:06.054,0.76926,0.76936,1.00,3.19
2016.09.13 13:17:06.105,0.76927,0.76936,1.00,1.62
2016.09.13 13:17:06.250,0.76927,0.76936,1.00,1.37
2016.09.13 13:17:06.304,0.76927,0.76935,1.00,1.12
2016.09.13 13:17:06.924,0.76926,0.76935,1.00,1.12
2016.09.13 13:17:06.975,0.76926,0.76933,1.00,1.00
2016.09.13 13:17:07.368,0.76928,0.76936,1.00,1.37
2016.09.13 13:17:07.420,0.76928,0.76936,1.00,1.50
2016.09.13 13:17:07.472,0.76928,0.76936,1.00,1.12
2016.09.13 13:17:07.523,0.76929,0.76936,1.00,1.00
2016.09.13 13:17:07.912,0.76929,0.76936,1.00,1.12
2016.09.13 13:17:08.045,0.76929,0.76937,1.00,2.70
2016.09.13 13:17:08.217,0.76929,0.76937,1.00,2.32
2016.09.13 13:17:08.268,0.76929,0.76937,1.00,1.95
2016.09.13 13:17:08.537,0.76929,0.76937,1.00,1.20
2016.09.13 13:17:08.654,0.76929,0.76936,1.00,1.00
2016.09.13 13:17:09.183,0.76929,0.76936,1.00,1.12
2016.09.13 13:17:09.376,0.76929,0.76936,1.00,1.50
2016.09.13 13:17:09.897,0.76929,0.76936,1.00,1.12
2016.09.13 13:17:10.379,0.76929,0.76937,1.00,1.47
2016.09.13 13:17:10.481,0.76929,0.76937,1.00,1.95
2016.09.13 13:17:10.679,0.76929,0.76937,1.00,2.32
2016.09.13 13:17:10.730,0.76929,0.76937,1.00,3.45
2016.09.13 13:17:11.279,0.76929,0.76937,1.00,4.95
2016.09.13 13:17:11.331,0.76929,0.76937,1.00,4.20
2016.09.13 13:17:11.502,0.76929,0.76936,1.00,1.50
2016.09.13 13:17:12.182,0.76929,0.76936,1.00,1.12
2016.09.13 13:17:12.233,0.76925,0.76935,2.70,1.00
2016.09.13 13:17:12.285,0.76925,0.76933,1.10,1.12
2016.09.13 13:17:12.336,0.76924,0.76933,1.31,1.95
2016.09.13 13:17:12.523,0.76922,0.7693,1.00,1.00
2016.09.13 13:17:12.574,0.76921,0.7693,1.25,2.70
2016.09.13 13:17:12.626,0.76921,0.76928,1.25,1.10
2016.09.13 13:17:12.677,0.7692,0.76927,1.00,1.00
2016.09.13 13:17:12.728,0.76919,0.76927,1.00,1.50
2016.09.13 13:17:12.830,0.76919,0.76926,1.00,1.10
2016.09.13 13:17:12.882,0.76919,0.76926,1.00,1.20
2016.09.13 13:17:12.933,0.76918,0.76926,1.00,2.25
2016.09.13 13:17:12.984,0.76918,0.76925,1.00,1.00
2016.09.13 13:17:13.259,0.76919,0.76927,1.00,2.32
2016.09.13 13:17:13.412,0.76919,0.76927,1.00,1.95
2016.09.13 13:17:13.626,0.76917,0.76927,1.00,1.95
2016.09.13 13:17:13.678,0.76917,0.76926,1.00,1.12
2016.09.13 13:17:13.908,0.76917,0.76926,1.00,1.37
2016.09.13 13:17:13.975,0.76919,0.76926,1.00,1.37
2016.09.13 13:17:14.792,0.76919,0.76927,1.00,3.75
2016.09.13 13:17:14.843,0.76919,0.76927,1.00,1.12
2016.09.13 13:17:14.945,0.76919,0.76928,1.00,1.95
2016.09.13 13:17:15.047,0.76919,0.76928,1.00,1.20
2016.09.13 13:17:15.098,0.76921,0.76928,1.00,1.10
2016.09.13 13:17:16.371,0.76921,0.76929,1.00,1.50
2016.09.13 13:17:16.521,0.76921,0.76929,1.00,1.12
2016.09.13 13:17:16.725,0.76921,0.7693,1.00,1.95
2016.09.13 13:17:17.183,0.76921,0.76928,1.00,1.10
2016.09.13 13:17:17.336,0.76921,0.76928,1.00,1.00
2016.09.13 13:17:17.720,0.76926,0.7693,1.00,1.20
2016.09.13 13:17:17.773,0.76925,0.76932,1.25,1.87
2016.09.13 13:17:17.825,0.76926,0.76932,1.00,1.50
2016.09.13 13:17:17.876,0.76926,0.76935,1.50,2.25
2016.09.13 13:17:17.927,0.76926,0.76936,1.50,1.87
2016.09.13 13:17:17.979,0.76926,0.76936,1.50,2.25
2016.09.13 13:17:18.030,0.76926,0.76936,1.50,1.87
2016.09.13 13:17:18.081,0.76926,0.76936,1.50,1.95
2016.09.13 13:17:18.133,0.76927,0.76934,1.00,1.00
2016.09.13 13:17:20.416,0.76925,0.76935,1.25,1.12
2016.09.13 13:17:20.715,0.76926,0.76936,1.00,2.25
2016.09.13 13:17:21.164,0.76926,0.76935,1.50,1.12
2016.09.13 13:17:22.199,0.76926,0.76936,1.00,2.25
2016.09.13 13:17:22.251,0.76926,0.76936,1.00,3.75
2016.09.13 13:17:22.302,0.76926,0.76935,1.00,1.12
2016.09.13 13:17:22.354,0.76926,0.76935,1.00,1.50
2016.09.13 13:17:22.456,0.76926,0.76935,1.00,1.87
2016.09.13 13:17:22.641,0.76926,0.76934,1.00,1.12
2016.09.13 13:17:22.693,0.76926,0.76934,1.00,1.37
2016.09.13 13:17:22.795,0.76926,0.76934,1.00,1.00
2016.09.13 13:17:23.070,0.76926,0.76934,1.00,1.12
2016.09.13 13:17:23.131,0.76926,0.76934,1.00,1.50
2016.09.13 13:17:23.182,0.76926,0.76934,1.00,2.25
2016.09.13 13:17:23.433,0.76926,0.76934,1.00,1.87
2016.09.13 13:17:23.953,0.76924,0.76934,1.69,1.87
2016.09.13 13:17:24.552,0.76924,0.76932,1.69,1.00
2016.09.13 13:17:25.860,0.76924,0.76932,1.19,1.00
2016.09.13 13:17:25.911,0.76922,0.76929,1.50,1.00
2016.09.13 13:17:25.963,0.76922,0.76929,1.00,1.00
2016.09.13 13:17:26.014,0.76921,0.76929,1.69,1.00
2016.09.13 13:17:26.065,0.76921,0.76929,1.69,1.50
2016.09.13 13:17:26.167,0.76921,0.76929,1.69,1.00
2016.09.13 13:17:26.219,0.76921,0.7693,1.25,1.00
2016.09.13 13:17:26.270,0.76923,0.7693,1.00,1.00
2016.09.13 13:17:26.321,0.76923,0.76931,1.00,1.12
2016.09.13 13:17:26.878,0.76923,0.76931,1.00,1.87
2016.09.13 13:17:27.426,0.76923,0.7693,1.50,1.00
2016.09.13 13:17:28.091,0.76923,0.7693,1.50,1.10
2016.09.13 13:17:28.455,0.76923,0.7693,1.50,1.57
2016.09.13 13:17:28.511,0.76923,0.76931,1.00,2.25
2016.09.13 13:17:28.695,0.76923,0.76931,1.50,2.25
2016.09.13 13:17:31.820,0.76923,0.76931,1.50,1.50
2016.09.13 13:17:31.871,0.76923,0.76931,1.50,1.12
2016.09.13 13:17:32.034,0.76923,0.76931,1.50,1.00
2016.09.13 13:17:32.761,0.76923,0.76931,1.00,1.00
2016.09.13 13:17:33.325,0.76923,0.76931,1.00,1.50
2016.09.13 13:17:33.873,0.76923,0.76931,1.00,1.00
2016.09.13 13:17:34.230,0.76924,0.76931,1.00,1.00
2016.09.13 13:17:34.556,0.76924,0.76932,1.00,1.00
2016.09.13 13:17:35.122,0.76924,0.76932,1.50,1.00
2016.09.13 13:17:35.224,0.76924,0.76932,1.50,1.00
2016.09.13 13:17:35.409,0.76924,0.76933,3.37,1.00
2016.09.13 13:17:35.464,0.76926,0.76934,1.00,1.57
2016.09.13 13:17:35.515,0.76926,0.76934,1.00,1.57
2016.09.13 13:17:35.668,0.76926,0.76934,1.00,2.70
2016.09.13 13:17:35.719,0.76926,0.76934,1.00,3.07
2016.09.13 13:17:35.999,0.76926,0.76933,1.00,1.12
2016.09.13 13:17:36.213,0.76925,0.76934,1.00,1.47
2016.09.13 13:17:36.264,0.76925,0.76934,1.00,1.10
2016.09.13 13:17:36.315,0.76925,0.76933,1.00,1.00
2016.09.13 13:17:37.936,0.76924,0.76933,1.25,1.00
2016.09.13 13:17:38.916,0.76925,0.76933,1.00,1.00
2016.09.13 13:17:39.019,0.76927,0.76935,1.00,2.70
2016.09.13 13:17:39.070,0.76927,0.76935,1.00,2.25
2016.09.13 13:17:39.121,0.76927,0.76935,1.00,1.50
2016.09.13 13:17:39.412,0.76927,0.76935,1.87,1.00
2016.09.13 13:17:39.463,0.76927,0.76935,2.06,1.00
2016.09.13 13:17:39.515,0.76928,0.76935,1.00,1.00
2016.09.13 13:17:39.617,0.7693,0.76937,1.00,1.10
2016.09.13 13:17:39.669,0.7693,0.76937,1.00,1.00
2016.09.13 13:17:40.190,0.7693,0.76937,1.50,1.00
2016.09.13 13:17:40.241,0.7693,0.76937,1.12,1.00
2016.09.13 13:17:40.292,0.7693,0.76937,1.31,1.00
2016.09.13 13:17:40.547,0.7693,0.76938,1.31,1.00
2016.09.13 13:17:40.649,0.7693,0.76938,1.31,1.50
2016.09.13 13:17:41.233,0.7693,0.76938,1.25,1.50
2016.09.13 13:17:41.388,0.7693,0.76938,1.25,1.87
2016.09.13 13:17:41.715,0.7693,0.76937,1.25,1.00
2016.09.13 13:17:41.817,0.7693,0.76938,1.25,1.87
2016.09.13 13:17:41.985,0.7693,0.76938,1.25,1.50
2016.09.13 13:17:42.140,0.7693,0.76938,1.25,1.00
2016.09.13 13:17:42.551,0.76931,0.7694,1.00,1.00
2016.09.13 13:17:42.602,0.76931,0.7694,1.00,1.10
2016.09.13 13:17:42.653,0.76931,0.76941,1.00,2.32
2016.09.13 13:17:42.704,0.76931,0.76941,1.00,1.57
2016.09.13 13:17:42.755,0.76931,0.76941,1.12,1.27
2016.09.13 13:17:42.857,0.76931,0.76941,1.50,1.27
2016.09.13 13:17:43.030,0.76932,0.76942,1.00,3.00
2016.09.13 13:17:43.132,0.76932,0.76941,1.00,1.20
2016.09.13 13:17:43.183,0.76931,0.76941,1.00,1.65
2016.09.13 13:17:43.455,0.76931,0.7694,1.00,1.00
2016.09.13 13:17:43.557,0.76931,0.7694,1.50,1.00
2016.09.13 13:17:43.660,0.76931,0.76941,1.00,1.27
2016.09.13 13:17:43.762,0.76931,0.76941,1.50,1.27
2016.09.13 13:17:44.655,0.76931,0.76941,1.50,2.02
2016.09.13 13:17:44.757,0.76931,0.7694,1.00,1.00
2016.09.13 13:17:44.859,0.76932,0.76939,1.00,1.00
2016.09.13 13:17:44.963,0.76931,0.76939,1.00,1.37
2016.09.13 13:17:45.199,0.76931,0.76939,1.00,1.87
2016.09.13 13:17:45.250,0.76931,0.76938,1.00,1.12
2016.09.13 13:17:45.826,0.76931,0.76939,1.00,1.87
2016.09.13 13:17:46.123,0.76931,0.76937,1.00,1.00
2016.09.13 13:17:47.631,0.76931,0.76939,1.00,1.50
2016.09.13 13:17:47.682,0.76931,0.7694,1.00,2.25
2016.09.13 13:17:47.733,0.76931,0.7694,1.00,1.50
2016.09.13 13:17:47.835,0.76931,0.76938,1.00,1.00
2016.09.13 13:17:47.938,0.76932,0.76942,1.00,6.82
2016.09.13 13:17:47.989,0.76933,0.76942,1.00,3.82
2016.09.13 13:17:48.040,0.76933,0.76942,1.00,1.95
2016.09.13 13:17:48.091,0.76933,0.76942,1.00,1.47
2016.09.13 13:17:48.446,0.76932,0.76942,1.00,2.70
2016.09.13 13:17:48.498,0.76932,0.76942,1.00,3.82
2016.09.13 13:17:48.600,0.76932,0.76942,1.00,2.70
2016.09.13 13:17:48.651,0.76932,0.7694,1.00,1.00
2016.09.13 13:17:49.300,0.76932,0.76939,1.00,1.00
2016.09.13 13:17:49.665,0.76932,0.76941,1.00,1.50
2016.09.13 13:17:49.716,0.76932,0.76941,1.00,1.37
2016.09.13 13:17:49.767,0.76932,0.76939,1.00,1.00
2016.09.13 13:17:51.088,0.76931,0.76939,1.00,1.50
2016.09.13 13:17:51.139,0.7693,0.76937,1.00,1.00
2016.09.13 13:17:51.439,0.76929,0.76935,1.00,1.00
2016.09.13 13:17:51.542,0.76929,0.76937,1.00,1.12
2016.09.13 13:17:51.593,0.76929,0.76936,1.00,1.00
2016.09.13 13:17:51.645,0.76929,0.76936,1.00,1.50
2016.09.13 13:17:51.748,0.76929,0.76935,1.00,1.00
2016.09.13 13:17:52.244,0.76929,0.76936,1.00,1.12
2016.09.13 13:17:53.338,0.76929,0.76935,1.00,1.00
2016.09.13 13:17:53.841,0.76929,0.76934,1.00,1.00
2016.09.13 13:17:54.369,0.76928,0.76934,1.00,1.00
2016.09.13 13:17:55.597,0.76929,0.76934,1.00,1.00
2016.09.13 13:17:56.749,0.76929,0.76935,1.00,1.00
2016.09.13 13:17:57.270,0.7693,0.76935,1.00,1.00
2016.09.13 13:17:58.156,0.76932,0.7694,1.00,7.12
2016.09.13 13:17:58.347,0.76932,0.76939,1.50,1.00
2016.09.13 13:17:58.449,0.76933,0.76939,1.00,1.00
2016.09.13 13:17:58.603,0.76935,0.76939,1.50,1.00
2016.09.13 13:17:58.654,0.76935,0.76942,1.50,1.50
2016.09.13 13:17:58.705,0.76935,0.76942,1.50,1.00
2016.09.13 13:17:58.756,0.76935,0.76944,1.50,1.50
2016.09.13 13:17:58.808,0.76935,0.76944,1.00,1.50
2016.09.13 13:17:59.004,0.76938,0.76944,1.00,1.00
2016.09.13 13:17:59.073,0.76938,0.76947,1.00,1.57
2016.09.13 13:17:59.124,0.7694,0.76947,1.00,1.20
2016.09.13 13:17:59.175,0.76939,0.76947,1.00,1.10
2016.09.13 13:17:59.226,0.76939,0.76947,1.00,1.00
2016.09.13 13:17:59.492,0.76939,0.76947,1.00,1.00
2016.09.13 13:17:59.978,0.76939,0.76945,1.00,1.00
2016.09.13 13:18:00.886,0.76939,0.76946,1.00,1.00
2016.09.13 13:18:01.411,0.7694,0.76946,1.00,1.00
2016.09.13 13:18:02.094,0.76939,0.76946,1.00,1.00
2016.09.13 13:18:02.615,0.76939,0.76947,1.00,1.00
2016.09.13 13:18:05.259,0.76939,0.76948,1.00,1.10
2016.09.13 13:18:05.311,0.76938,0.76948,2.44,1.57
2016.09.13 13:18:05.362,0.76939,0.76947,1.12,1.00
2016.09.13 13:18:05.620,0.76939,0.76947,1.00,1.00
2016.09.13 13:18:05.931,0.76941,0.76947,1.00,1.00
2016.09.13 13:18:05.983,0.76941,0.76948,1.00,1.10
2016.09.13 13:18:06.034,0.76941,0.76948,1.00,1.00
2016.09.13 13:18:06.624,0.76941,0.76949,1.00,1.00
2016.09.13 13:18:07.001,0.76941,0.76949,1.50,1.00
2016.09.13 13:18:07.154,0.76941,0.76949,1.69,1.00
2016.09.13 13:18:07.205,0.76941,0.76949,1.19,1.50
2016.09.13 13:18:08.173,0.76941,0.76947,1.19,1.00
2016.09.13 13:18:08.279,0.76942,0.76947,1.25,1.00
2016.09.13 13:18:10.102,0.76941,0.76947,1.19,1.00
2016.09.13 13:18:10.976,0.76939,0.76946,3.19,1.00
2016.09.13 13:18:11.028,0.7694,0.76946,1.12,1.00
2016.09.13 13:18:11.130,0.7694,0.76946,1.00,1.00
2016.09.13 13:18:11.181,0.76938,0.76945,2.81,1.00
2016.09.13 13:18:11.283,0.76938,0.76946,1.69,1.00
2016.09.13 13:18:11.334,0.76938,0.76946,1.31,1.00
2016.09.13 13:18:11.486,0.76938,0.76946,1.19,1.00
2016.09.13 13:18:12.089,0.76938,0.76946,1.19,1.50
2016.09.13 13:18:12.991,0.76938,0.76946,1.69,1.50
2016.09.13 13:18:13.574,0.76938,0.76946,1.19,1.50
2016.09.13 13:18:13.625,0.76938,0.76946,1.00,1.50
2016.09.13 13:18:13.676,0.76937,0.76945,1.25,1.00
2016.09.13 13:18:13.728,0.76935,0.76943,2.21,1.00
2016.09.13 13:18:13.780,0.76935,0.76941,1.00,1.00
2016.09.13 13:18:13.831,0.76933,0.76941,1.69,1.87
2016.09.13 13:18:13.883,0.76931,0.7694,3.56,1.12
2016.09.13 13:18:13.935,0.76931,0.7694,1.19,1.12
2016.09.13 13:18:14.155,0.7693,0.7694,3.19,3.07
2016.09.13 13:18:14.236,0.76932,0.7694,1.19,2.70
2016.09.13 13:18:14.288,0.76931,0.7694,1.69,2.70
2016.09.13 13:18:14.443,0.76933,0.7694,1.25,2.70
2016.09.13 13:18:14.750,0.76933,0.7694,1.25,2.02
2016.09.13 13:18:15.839,0.76933,0.7694,1.25,1.65
2016.09.13 13:18:16.606,0.76933,0.7694,1.25,1.20
2016.09.13 13:18:16.657,0.76934,0.7694,1.00,1.20
2016.09.13 13:18:16.810,0.76934,0.76941,1.00,2.25
2016.09.13 13:18:18.524,0.76933,0.76941,1.25,2.25
2016.09.13 13:18:18.597,0.76932,0.7694,1.19,1.20
2016.09.13 13:18:18.801,0.76932,0.7694,1.19,1.57
2016.09.13 13:18:19.234,0.76933,0.7694,1.25,2.32
2016.09.13 13:18:19.285,0.76933,0.7694,1.25,1.57
2016.09.13 13:18:19.726,0.76933,0.7694,1.69,1.57
2016.09.13 13:18:20.442,0.76935,0.7694,1.00,1.57
2016.09.13 13:18:20.494,0.76936,0.7694,1.00,1.10
2016.09.13 13:18:20.599,0.76936,0.76943,1.00,1.37
2016.09.13 13:18:20.650,0.76936,0.76944,1.00,1.12
2016.09.13 13:18:20.803,0.76936,0.76944,1.00,1.00
2016.09.13 13:18:20.906,0.76937,0.76946,1.00,1.57
2016.09.13 13:18:20.957,0.76937,0.76946,1.00,1.20
2016.09.13 13:18:21.148,0.76938,0.76946,1.00,1.00
2016.09.13 13:18:21.557,0.7694,0.76945,1.00,1.00
2016.09.13 13:18:21.608,0.7694,0.76947,1.00,1.00
2016.09.13 13:18:21.761,0.76938,0.76947,1.00,1.50
2016.09.13 13:18:21.914,0.76938,0.76947,1.50,1.50
2016.09.13 13:18:22.161,0.76942,0.76949,1.00,2.25
2016.09.13 13:18:22.212,0.76942,0.76949,1.00,1.00
2016.09.13 13:18:22.265,0.76942,0.76949,1.00,1.50
2016.09.13 13:18:22.317,0.76942,0.76947,1.00,1.00
2016.09.13 13:18:22.368,0.76941,0.76947,1.12,1.00
2016.09.13 13:18:22.420,0.76941,0.76946,1.12,1.00
2016.09.13 13:18:22.472,0.76938,0.76946,1.57,1.00
2016.09.13 13:18:22.523,0.76938,0.76946,1.57,1.12
2016.09.13 13:18:22.575,0.76938,0.76946,1.12,1.12
2016.09.13 13:18:22.627,0.76938,0.76946,1.00,1.12
2016.09.13 13:18:22.730,0.76938,0.76946,1.00,1.00
2016.09.13 13:18:22.896,0.76937,0.76946,2.44,1.12
2016.09.13 13:18:22.951,0.76937,0.76946,1.69,1.87
2016.09.13 13:18:23.005,0.76937,0.76945,1.25,1.00
2016.09.13 13:18:23.107,0.76936,0.76945,1.39,1.00
2016.09.13 13:18:23.159,0.76938,0.76945,1.00,1.00
2016.09.13 13:18:23.830,0.76939,0.76948,1.00,3.00
2016.09.13 13:18:23.882,0.7694,0.76948,1.00,1.50
2016.09.13 13:18:23.933,0.76939,0.76947,1.00,1.00
2016.09.13 13:18:23.984,0.76939,0.76947,1.19,1.00
2016.09.13 13:18:24.036,0.76938,0.76947,1.19,1.37
2016.09.13 13:18:24.109,0.76937,0.76947,1.19,1.37
2016.09.13 13:18:24.161,0.76937,0.76946,1.19,1.12
2016.09.13 13:18:24.584,0.76938,0.76948,1.19,1.50
2016.09.13 13:18:24.789,0.76938,0.76948,1.19,2.25
2016.09.13 13:18:24.903,0.76938,0.76948,1.69,1.50
2016.09.13 13:18:25.118,0.76938,0.76946,1.19,1.12
2016.09.13 13:18:29.434,0.76938,0.76946,1.19,1.00
2016.09.13 13:18:34.239,0.76938,0.76947,1.69,1.00
2016.09.13 13:18:34.341,0.76938,0.76947,1.69,1.12
2016.09.13 13:18:34.498,0.76938,0.76947,1.19,1.50
2016.09.13 13:18:34.550,0.76937,0.76946,1.69,1.00
2016.09.13 13:18:35.526,0.76937,0.76947,1.69,2.25
2016.09.13 13:18:35.788,0.76937,0.76947,2.06,2.25
2016.09.13 13:18:35.839,0.76937,0.76947,2.06,1.87
2016.09.13 13:18:35.891,0.76937,0.76947,2.06,1.50
2016.09.13 13:18:36.084,0.76937,0.76947,2.06,1.95
2016.09.13 13:18:36.135,0.76937,0.76947,1.69,1.95
2016.09.13 13:18:37.512,0.76937,0.76946,1.69,1.10
2016.09.13 13:18:37.563,0.76937,0.76946,1.69,1.57
2016.09.13 13:18:37.614,0.76937,0.76946,1.69,1.10
2016.09.13 13:18:37.665,0.76937,0.76947,1.69,1.95
2016.09.13 13:18:37.848,0.76937,0.76947,1.69,2.32
2016.09.13 13:18:38.707,0.76937,0.76947,1.69,1.95
2016.09.13 13:18:40.351,0.76938,0.76947,1.19,1.95
2016.09.13 13:18:42.241,0.76939,0.76947,1.25,1.95
2016.09.13 13:18:43.227,0.76938,0.76946,1.19,1.10
2016.09.13 13:18:43.675,0.76938,0.76946,1.19,1.00
2016.09.13 13:18:44.469,0.76938,0.76945,1.19,1.00
2016.09.13 13:18:44.722,0.76937,0.76947,1.69,1.57
2016.09.13 13:18:45.655,0.76937,0.76945,1.69,1.00
2016.09.13 13:18:46.666,0.76937,0.76945,1.19,1.00
2016.09.13 13:18:47.130,0.76938,0.76945,1.19,1.50
2016.09.13 13:18:48.550,0.76937,0.76945,1.19,1.00
2016.09.13 13:18:49.339,0.76937,0.76945,1.69,1.12
2016.09.13 13:18:49.616,0.76937,0.76945,1.69,1.00
2016.09.13 13:18:51.339,0.76938,0.76945,1.19,1.00
2016.09.13 13:18:52.141,0.76938,0.76944,1.25,1.00
2016.09.13 13:18:52.193,0.76936,0.76944,1.19,1.50
2016.09.13 13:18:52.348,0.76936,0.76944,1.25,1.50
2016.09.13 13:18:52.997,0.76935,0.76944,1.19,1.50
2016.09.13 13:18:53.048,0.76936,0.76944,1.25,1.00
2016.09.13 13:18:53.099,0.76936,0.76945,1.69,1.10
2016.09.13 13:18:53.156,0.76938,0.76946,1.19,1.12
2016.09.13 13:18:53.233,0.76938,0.76946,1.19,1.00
2016.09.13 13:18:55.366,0.76936,0.76946,2.81,1.00
2016.09.13 13:18:55.468,0.76939,0.76946,1.19,1.00
2016.09.13 13:18:55.520,0.76939,0.76944,1.19,1.00
2016.09.13 13:18:55.571,0.76935,0.76943,1.56,1.00
2016.09.13 13:18:55.623,0.76935,0.76943,1.31,1.00
2016.09.13 13:18:55.725,0.76935,0.76942,1.19,1.00
2016.09.13 13:18:56.561,0.76938,0.76945,1.00,3.00
2016.09.13 13:18:56.665,0.76937,0.76944,1.25,1.20
2016.09.13 13:18:57.264,0.76937,0.76943,1.25,1.00
2016.09.13 13:18:57.579,0.76937,0.76945,1.25,2.25
2016.09.13 13:18:57.630,0.76938,0.76945,1.00,1.12
2016.09.13 13:18:57.681,0.76939,0.76946,1.00,2.02
2016.09.13 13:18:57.732,0.76939,0.76946,1.00,1.57
2016.09.13 13:18:57.783,0.76939,0.76947,1.00,2.62
2016.09.13 13:18:57.834,0.76939,0.76947,1.00,2.25
2016.09.13 13:18:58.369,0.76939,0.76947,1.00,1.50
2016.09.13 13:18:58.752,0.76939,0.76946,1.00,1.00
2016.09.13 13:18:59.188,0.76939,0.76946,1.50,1.00
2016.09.13 13:18:59.239,0.76941,0.76946,1.00,1.00
2016.09.13 13:18:59.291,0.76941,0.76949,1.00,1.57
2016.09.13 13:18:59.342,0.76942,0.76949,1.00,1.95
2016.09.13 13:18:59.394,0.76942,0.76949,1.00,1.10
2016.09.13 13:18:59.711,0.76942,0.76949,1.50,1.10
2016.09.13 13:19:00.217,0.76942,0.76949,1.50,1.20
2016.09.13 13:19:00.945,0.76943,0.7695,1.00,2.25
2016.09.13 13:19:01.048,0.76943,0.7695,1.00,2.62
2016.09.13 13:19:01.150,0.76943,0.76949,1.00,1.10
2016.09.13 13:19:01.304,0.76941,0.76948,1.00,1.00
2016.09.13 13:19:01.355,0.76941,0.76948,1.00,1.87
2016.09.13 13:19:01.406,0.7694,0.76948,1.00,2.32
2016.09.13 13:19:01.458,0.7694,0.76945,1.00,1.87
2016.09.13 13:19:01.510,0.76938,0.76945,1.00,2.25
2016.09.13 13:19:01.563,0.76939,0.76945,1.00,1.00
2016.09.13 13:19:01.615,0.76939,0.76946,1.00,1.95
2016.09.13 13:19:01.771,0.76939,0.76946,1.00,1.57
2016.09.13 13:19:01.822,0.76937,0.76945,1.69,1.00
2016.09.13 13:19:01.874,0.76935,0.76944,1.56,1.00
2016.09.13 13:19:01.926,0.76935,0.76942,1.00,1.00
2016.09.13 13:19:01.977,0.76936,0.76943,1.00,1.00
2016.09.13 13:19:02.029,0.76936,0.76943,1.00,1.12
2016.09.13 13:19:02.081,0.76936,0.76943,1.37,1.87
2016.09.13 13:19:02.184,0.76937,0.76943,1.12,1.87
2016.09.13 13:19:02.287,0.76938,0.76944,1.00,1.95
2016.09.13 13:19:02.451,0.76938,0.76946,1.25,2.25
2016.09.13 13:19:02.503,0.7694,0.76946,1.00,1.00
2016.09.13 13:19:02.605,0.76939,0.76946,1.19,1.37
2016.09.13 13:19:02.707,0.76939,0.76945,1.19,1.00
2016.09.13 13:19:02.809,0.76938,0.76945,1.00,1.12
2016.09.13 13:19:03.066,0.76937,0.76946,1.50,1.57
2016.09.13 13:19:03.231,0.76937,0.76945,1.25,1.50
2016.09.13 13:19:03.285,0.76938,0.76945,1.00,1.20
2016.09.13 13:19:03.337,0.76938,0.76945,1.00,1.10
2016.09.13 13:19:03.389,0.76938,0.76946,1.00,1.57
2016.09.13 13:19:03.441,0.76939,0.76946,1.00,1.20
2016.09.13 13:19:03.492,0.76941,0.76946,1.00,1.10
2016.09.13 13:19:03.594,0.76941,0.76947,1.00,1.57
2016.09.13 13:19:03.697,0.76941,0.76947,1.00,1.27
2016.09.13 13:19:04.088,0.76939,0.76947,1.19,1.27
2016.09.13 13:19:04.140,0.7694,0.76947,1.25,1.27
2016.09.13 13:19:04.684,0.76939,0.76947,1.19,1.27
2016.09.13 13:19:05.024,0.76938,0.76945,1.19,1.00
2016.09.13 13:19:05.077,0.76938,0.76946,1.19,1.00
2016.09.13 13:19:05.179,0.76941,0.76946,1.00,1.00
2016.09.13 13:19:06.407,0.76938,0.76946,1.00,1.00
2016.09.13 13:19:06.458,0.76938,0.76946,1.00,1.20
2016.09.13 13:19:06.994,0.76939,0.76946,1.00,1.20
2016.09.13 13:19:08.018,0.7694,0.76946,1.00,1.20
2016.09.13 13:19:09.380,0.7694,0.76947,1.00,1.87
2016.09.13 13:19:09.535,0.76941,0.76947,1.00,1.20
2016.09.13 13:19:10.066,0.7694,0.76947,1.00,1.20
2016.09.13 13:19:12.086,0.76941,0.76948,1.00,1.95
2016.09.13 13:19:12.397,0.76941,0.76948,1.00,1.50
2016.09.13 13:19:12.550,0.76942,0.76948,1.00,1.12
2016.09.13 13:19:12.758,0.76942,0.76948,1.00,1.50
2016.09.13 13:19:12.860,0.76942,0.76948,1.00,1.12
2016.09.13 13:19:13.747,0.76942,0.76949,1.00,2.14
2016.09.13 13:19:15.501,0.76942,0.76949,1.50,2.14
2016.09.13 13:19:15.552,0.76942,0.76949,1.50,1.69
2016.09.13 13:19:15.603,0.76942,0.76949,1.50,1.25
2016.09.13 13:19:15.654,0.76944,0.76949,1.00,1.25
2016.09.13 13:19:15.705,0.76944,0.76949,1.00,1.25
2016.09.13 13:19:15.756,0.76942,0.76949,1.50,1.25
2016.09.13 13:19:15.909,0.76943,0.76949,1.00,1.25
2016.09.13 13:19:16.122,0.76942,0.76948,1.00,1.00
2016.09.13 13:19:16.327,0.76943,0.7695,1.00,1.31
2016.09.13 13:19:16.378,0.76943,0.7695,1.00,1.31
2016.09.13 13:19:16.746,0.76944,0.7695,1.00,1.25
2016.09.13 13:19:16.986,0.76941,0.76948,1.00,1.69
2016.09.13 13:19:17.039,0.76941,0.76948,1.50,1.50
2016.09.13 13:19:17.297,0.76942,0.76948,1.00,1.00
2016.09.13 13:19:17.348,0.76942,0.76948,1.00,1.12
2016.09.13 13:19:17.760,0.76942,0.7695,1.00,2.44
2016.09.13 13:19:17.812,0.76942,0.7695,1.00,2.06
2016.09.13 13:19:17.966,0.76943,0.7695,1.00,1.19
2016.09.13 13:19:18.017,0.76943,0.76952,1.00,1.46
2016.09.13 13:19:18.120,0.76944,0.76952,1.00,1.31
2016.09.13 13:19:18.172,0.76945,0.76952,1.00,1.19
2016.09.13 13:19:18.224,0.76945,0.76953,1.00,1.31
2016.09.13 13:19:18.276,0.76945,0.76954,1.00,1.69
2016.09.13 13:19:18.328,0.76944,0.76954,1.00,3.19
2016.09.13 13:19:18.522,0.76943,0.7695,1.00,1.00
2016.09.13 13:19:18.581,0.76941,0.76948,1.87,1.00
2016.09.13 13:19:18.632,0.76939,0.76948,1.87,1.12
2016.09.13 13:19:18.684,0.76939,0.76945,1.12,1.00
2016.09.13 13:19:18.735,0.76939,0.76945,1.00,1.00
2016.09.13 13:19:19.298,0.76943,0.7695,1.00,1.69
2016.09.13 13:19:19.369,0.76943,0.7695,1.00,1.31
2016.09.13 13:19:19.420,0.76941,0.76948,1.00,1.00
2016.09.13 13:19:19.954,0.7694,0.76947,1.00,1.00
2016.09.13 13:19:20.290,0.76936,0.76946,3.75,1.00
2016.09.13 13:19:20.341,0.76936,0.76945,3.07,1.00
2016.09.13 13:19:20.393,0.76937,0.76945,1.00,1.00
2016.09.13 13:19:21.586,0.76938,0.76945,1.00,1.00
2016.09.13 13:19:22.111,0.76937,0.76945,1.00,1.00
2016.09.13 13:19:22.264,0.76937,0.76943,1.00,1.00
2016.09.13 13:19:22.443,0.76936,0.76943,1.47,1.00
2016.09.13 13:19:22.495,0.76935,0.76942,4.50,1.00
2016.09.13 13:19:22.546,0.76935,0.76942,4.87,1.00
2016.09.13 13:19:23.055,0.76935,0.76942,4.50,1.00
2016.09.13 13:19:23.106,0.76935,0.76942,2.25,1.00
2016.09.13 13:19:23.648,0.76935,0.76942,1.50,1.00
2016.09.13 13:19:23.699,0.76934,0.76943,1.00,1.00
2016.09.13 13:19:23.801,0.76934,0.76942,1.00,1.12
2016.09.13 13:19:24.047,0.76934,0.76942,1.00,1.12
2016.09.13 13:19:24.632,0.76933,0.76942,1.00,1.12
2016.09.13 13:19:24.939,0.76933,0.76942,1.00,1.12
2016.09.13 13:19:25.762,0.76933,0.7694,1.50,1.00
2016.09.13 13:19:26.393,0.76935,0.7694,1.00,1.00
2016.09.13 13:19:27.770,0.76935,0.76942,1.00,1.00
2016.09.13 13:19:27.821,0.76935,0.76943,1.00,1.25
2016.09.13 13:19:28.189,0.76936,0.76944,1.00,1.19
2016.09.13 13:19:28.685,0.76936,0.76943,1.00,1.25
2016.09.13 13:19:28.787,0.76936,0.76943,1.00,1.62
2016.09.13 13:19:28.839,0.76935,0.76943,1.12,1.62
2016.09.13 13:19:28.943,0.76934,0.76943,1.37,1.62
2016.09.13 13:19:29.845,0.76934,0.76943,1.00,1.62
2016.09.13 13:19:30.351,0.76934,0.76942,1.00,1.12
2016.09.13 13:19:30.818,0.76933,0.76942,1.87,1.12
2016.09.13 13:19:31.021,0.76934,0.76943,1.00,1.62
2016.09.13 13:19:31.184,0.76935,0.76943,1.00,1.25
2016.09.13 13:19:31.289,0.76935,0.76943,1.50,1.25
2016.09.13 13:19:31.446,0.76935,0.76943,1.57,1.25
2016.09.13 13:19:31.549,0.76935,0.76944,1.57,1.31
2016.09.13 13:19:31.600,0.76935,0.76944,1.57,1.19
2016.09.13 13:19:31.807,0.76937,0.76945,1.00,1.19
2016.09.13 13:19:31.859,0.76937,0.76946,1.50,1.00
2016.09.13 13:19:32.073,0.76938,0.76945,1.20,1.00
2016.09.13 13:19:32.176,0.76938,0.76945,1.00,1.00
2016.09.13 13:19:32.227,0.76937,0.76947,1.10,1.87
2016.09.13 13:19:32.278,0.76937,0.76947,1.20,1.50
2016.09.13 13:19:32.329,0.76938,0.76947,1.00,1.50
2016.09.13 13:19:32.932,0.76937,0.76946,1.95,1.00
2016.09.13 13:19:33.253,0.76937,0.76946,2.70,1.00
2016.09.13 13:19:33.457,0.76938,0.76946,1.00,1.00
2016.09.13 13:19:33.725,0.76941,0.76947,1.00,1.00
2016.09.13 13:19:33.776,0.76941,0.7695,1.50,1.00
2016.09.13 13:19:33.827,0.76941,0.7695,1.57,1.00
2016.09.13 13:19:34.717,0.76943,0.7695,1.00,1.50
2016.09.13 13:19:35.245,0.76943,0.7695,1.00,1.00
2016.09.13 13:19:35.765,0.76942,0.76951,1.00,1.00
2016.09.13 13:19:36.162,0.76943,0.76951,1.00,1.00
2016.09.13 13:19:36.214,0.76945,0.76952,1.00,1.31
2016.09.13 13:19:36.265,0.76945,0.76952,1.00,1.12
2016.09.13 13:19:36.316,0.76945,0.76952,1.00,1.00
2016.09.13 13:19:36.418,0.76945,0.76954,1.00,1.87
2016.09.13 13:19:36.589,0.76949,0.76955,1.00,1.10
2016.09.13 13:19:36.649,0.76951,0.76958,1.87,1.47
2016.09.13 13:19:36.700,0.76951,0.76958,1.87,1.00
2016.09.13 13:19:36.751,0.76951,0.7696,1.00,1.65
2016.09.13 13:19:36.803,0.76951,0.7696,1.50,1.37
2016.09.13 13:19:37.058,0.76951,0.7696,1.50,1.00
2016.09.13 13:19:37.110,0.76951,0.76959,1.00,1.00
2016.09.13 13:19:37.161,0.76948,0.76957,2.70,1.00
2016.09.13 13:19:37.212,0.76947,0.76956,4.12,1.00
2016.09.13 13:19:37.421,0.76945,0.76952,1.00,1.50
2016.09.13 13:19:37.498,0.76945,0.76952,1.00,2.44
2016.09.13 13:19:37.550,0.76946,0.76952,1.00,1.69
2016.09.13 13:19:37.601,0.76947,0.76952,1.00,1.39
2016.09.13 13:19:37.652,0.76947,0.76954,1.00,1.66
2016.09.13 13:19:37.704,0.76947,0.76955,1.00,2.51
2016.09.13 13:19:37.756,0.76949,0.76955,1.00,2.04
2016.09.13 13:19:37.807,0.76949,0.76955,1.00,1.19
2016.09.13 13:19:37.859,0.76949,0.76955,1.00,1.69
2016.09.13 13:19:37.962,0.76949,0.76956,1.00,4.76
2016.09.13 13:19:38.116,0.76947,0.76954,1.00,1.12
2016.09.13 13:19:38.168,0.76947,0.76954,1.00,1.12
2016.09.13 13:19:38.221,0.76949,0.76955,1.00,1.94
2016.09.13 13:19:38.272,0.7695,0.76954,1.00,1.25
2016.09.13 13:19:38.324,0.76952,0.76956,1.00,1.39
2016.09.13 13:19:38.375,0.7695,0.76958,1.00,2.81
2016.09.13 13:19:38.427,0.7695,0.76959,1.00,1.69
2016.09.13 13:19:38.478,0.76951,0.76959,1.00,2.62
2016.09.13 13:19:38.530,0.76951,0.76959,1.00,3.00
2016.09.13 13:19:38.603,0.76951,0.76959,1.00,1.69
2016.09.13 13:19:38.785,0.7695,0.76959,1.00,2.06
2016.09.13 13:19:38.837,0.7695,0.76959,1.00,1.69
2016.09.13 13:19:39.143,0.76951,0.76959,1.00,1.25
2016.09.13 13:19:39.245,0.76951,0.76959,1.00,1.31
2016.09.13 13:19:39.296,0.76951,0.76959,1.00,1.69
2016.09.13 13:19:39.685,0.76951,0.76959,1.00,1.69
2016.09.13 13:19:39.992,0.76952,0.76958,1.00,1.00
2016.09.13 13:19:40.291,0.76952,0.76959,1.00,2.06
2016.09.13 13:19:40.621,0.76951,0.76959,1.00,1.69
2016.09.13 13:19:43.097,0.76952,0.76959,1.00,1.69
2016.09.13 13:19:43.148,0.76952,0.7696,1.00,1.66
2016.09.13 13:19:43.199,0.76953,0.7696,1.00,1.01
2016.09.13 13:19:43.250,0.76954,0.76961,1.00,1.76
2016.09.13 13:19:43.301,0.76954,0.76961,1.00,1.12
2016.09.13 13:19:43.352,0.76954,0.76962,1.00,2.21
2016.09.13 13:19:43.403,0.76954,0.76962,1.00,2.06
2016.09.13 13:19:43.655,0.76954,0.76962,1.00,1.69
2016.09.13 13:19:43.736,0.76954,0.76962,1.00,1.31
2016.09.13 13:19:43.889,0.76954,0.76962,1.00,1.25
2016.09.13 13:19:43.940,0.76954,0.76963,1.00,1.29
2016.09.13 13:19:44.092,0.76954,0.76963,1.00,1.19
2016.09.13 13:19:44.197,0.76954,0.76963,1.00,1.56
2016.09.13 13:19:44.702,0.76955,0.76963,1.00,1.56
2016.09.13 13:19:44.753,0.76955,0.76963,1.00,1.19
2016.09.13 13:19:45.252,0.76955,0.76963,1.00,1.56
2016.09.13 13:19:45.354,0.76955,0.76963,1.00,1.19
2016.09.13 13:19:45.456,0.76955,0.76963,1.00,1.56
2016.09.13 13:19:45.638,0.76955,0.76963,1.00,1.19
2016.09.13 13:19:45.690,0.76955,0.76963,1.00,1.56
2016.09.13 13:19:46.253,0.76955,0.76963,1.00,1.19
2016.09.13 13:19:46.355,0.76955,0.76963,1.00,1.56
2016.09.13 13:19:46.540,0.76955,0.76961,1.00,1.12
2016.09.13 13:19:48.382,0.76955,0.76961,1.00,1.00
2016.09.13 13:19:48.573,0.76955,0.76961,1.00,1.12
2016.09.13 13:19:48.789,0.76955,0.76961,1.00,1.00
2016.09.13 13:19:49.601,0.76956,0.76963,1.00,1.19
2016.09.13 13:19:49.652,0.76957,0.76965,1.00,1.76
2016.09.13 13:19:49.754,0.76957,0.76965,1.00,1.39
2016.09.13 13:19:49.805,0.76957,0.76965,1.00,1.19
2016.09.13 13:19:49.857,0.76957,0.76965,1.00,1.69
2016.09.13 13:19:49.927,0.76957,0.76965,1.00,1.69
2016.09.13 13:19:50.029,0.76957,0.76965,1.00,1.76
2016.09.13 13:19:50.621,0.76957,0.76965,1.00,2.14
2016.09.13 13:19:50.672,0.76957,0.76964,1.00,1.19
2016.09.13 13:19:50.774,0.76957,0.76962,1.00,1.25
2016.09.13 13:19:50.927,0.76955,0.76962,1.50,1.25
2016.09.13 13:19:50.978,0.76956,0.76961,1.00,1.00
2016.09.13 13:19:51.147,0.76954,0.76958,1.00,1.00
2016.09.13 13:19:51.198,0.76952,0.76958,1.00,1.19
2016.09.13 13:19:52.033,0.76952,0.76958,1.00,1.00
2016.09.13 13:19:52.794,0.7695,0.76958,1.00,1.00
2016.09.13 13:19:52.845,0.76949,0.76955,1.00,1.00
2016.09.13 13:19:53.632,0.76951,0.76955,1.00,1.00
2016.09.13 13:19:53.683,0.76951,0.76959,1.00,2.14
2016.09.13 13:19:53.734,0.76951,0.76959,1.00,1.31
2016.09.13 13:19:53.785,0.76951,0.76959,1.00,1.19
2016.09.13 13:19:53.948,0.76951,0.76959,1.00,1.19
2016.09.13 13:19:53.999,0.76953,0.76959,1.00,1.00
2016.09.13 13:19:54.509,0.76952,0.76959,1.00,1.00
2016.09.13 13:19:55.096,0.76952,0.76957,1.00,1.00
2016.09.13 13:19:55.354,0.7695,0.76957,1.00,1.00
2016.09.13 13:19:55.971,0.7695,0.76957,1.00,1.12
2016.09.13 13:19:56.603,0.7695,0.76957,1.00,1.31
2016.09.13 13:19:56.654,0.7695,0.76955,1.00,1.00
2016.09.13 13:19:57.360,0.76948,0.76955,1.00,1.00
2016.09.13 13:19:58.904,0.76948,0.76954,1.00,1.00
2016.09.13 13:19:59.863,0.76948,0.76955,1.00,1.00
2016.09.13 13:20:00.169,0.7695,0.76955,1.00,1.00
2016.09.13 13:20:00.271,0.76951,0.76957,1.00,1.56
2016.09.13 13:20:00.609,0.76951,0.76957,1.00,1.00
2016.09.13 13:20:00.813,0.76949,0.76955,1.00,1.00
2016.09.13 13:20:00.866,0.76946,0.76953,3.45,1.50
2016.09.13 13:20:00.918,0.76946,0.76953,2.70,2.06
2016.09.13 13:20:00.970,0.76945,0.76951,1.50,1.00
2016.09.13 13:20:01.021,0.76945,0.76951,1.00,1.10
2016.09.13 13:20:01.213,0.76943,0.76953,1.50,1.95
2016.09.13 13:20:01.266,0.76943,0.76952,1.87,1.20
2016.09.13 13:20:01.319,0.76942,0.76951,1.50,1.10
2016.09.13 13:20:01.371,0.76942,0.76951,1.00,1.00
2016.09.13 13:20:01.474,0.76942,0.76951,1.00,1.10
2016.09.13 13:20:01.575,0.76942,0.76951,1.00,1.57
2016.09.13 13:20:01.918,0.76945,0.76954,1.50,2.51
2016.09.13 13:20:01.969,0.76945,0.76955,2.25,3.56
2016.09.13 13:20:02.020,0.76945,0.76955,2.25,2.25
2016.09.13 13:20:02.072,0.76945,0.76955,2.25,1.87
2016.09.13 13:20:02.123,0.76945,0.76955,2.25,1.50
2016.09.13 13:20:02.327,0.76945,0.76955,2.25,1.69
2016.09.13 13:20:02.533,0.76946,0.76955,1.37,1.69
2016.09.13 13:20:02.703,0.76946,0.76955,1.00,1.31
2016.09.13 13:20:02.755,0.76946,0.76954,1.00,1.00
2016.09.13 13:20:02.908,0.76946,0.76954,1.00,1.50
2016.09.13 13:20:03.294,0.76943,0.76951,2.69,1.00
2016.09.13 13:20:03.346,0.76943,0.76952,2.62,1.00
2016.09.13 13:20:03.499,0.76943,0.76952,1.87,1.00
2016.09.13 13:20:03.550,0.76943,0.76952,1.00,1.50
2016.09.13 13:20:03.655,0.76943,0.76951,1.00,1.00
2016.09.13 13:20:03.757,0.76944,0.76952,1.00,1.00
2016.09.13 13:20:03.808,0.76944,0.76953,1.00,1.12
2016.09.13 13:20:03.859,0.76944,0.76953,1.12,1.00
2016.09.13 13:20:04.281,0.76943,0.76951,2.62,1.00
2016.09.13 13:20:04.359,0.76942,0.76951,1.37,1.50
2016.09.13 13:20:04.410,0.76942,0.76951,1.00,1.50
2016.09.13 13:20:04.461,0.76941,0.76951,1.12,1.50
2016.09.13 13:20:04.716,0.76942,0.76951,1.50,1.50
2016.09.13 13:20:04.870,0.76942,0.76951,1.87,1.50
2016.09.13 13:20:05.110,0.76942,0.76951,1.50,1.50
2016.09.13 13:20:05.265,0.76942,0.76951,1.00,1.50
2016.09.13 13:20:05.317,0.76941,0.7695,2.25,1.00
2016.09.13 13:20:05.472,0.76941,0.7695,2.25,1.50
2016.09.13 13:20:05.524,0.76943,0.7695,1.00,1.00
2016.09.13 13:20:06.025,0.76942,0.76952,1.50,1.46
2016.09.13 13:20:06.127,0.76942,0.76952,1.87,1.46
2016.09.13 13:20:06.178,0.76943,0.76952,1.00,1.46
2016.09.13 13:20:06.330,0.76943,0.76951,1.00,1.25
2016.09.13 13:20:06.502,0.76943,0.76951,1.00,1.00
2016.09.13 13:20:07.605,0.76943,0.76952,1.00,2.02
2016.09.13 13:20:09.416,0.76943,0.76952,1.00,2.40
2016.09.13 13:20:09.569,0.76943,0.76952,1.12,2.40
2016.09.13 13:20:10.331,0.76942,0.76952,1.50,2.40
2016.09.13 13:20:10.433,0.76942,0.76951,1.50,1.00
2016.09.13 13:20:10.772,0.76942,0.76951,1.00,1.00
2016.09.13 13:20:11.115,0.76942,0.76951,1.00,1.25
2016.09.13 13:20:11.166,0.76942,0.7695,1.00,1.00
2016.09.13 13:20:11.217,0.76942,0.7695,1.00,1.00
2016.09.13 13:20:11.320,0.76942,0.7695,1.00,1.50
2016.09.13 13:20:11.371,0.76941,0.76949,1.00,1.00
2016.09.13 13:20:12.106,0.76941,0.76949,1.12,1.00
2016.09.13 13:20:12.269,0.76943,0.76951,1.00,1.09
2016.09.13 13:20:12.320,0.76943,0.76951,1.00,1.01
2016.09.13 13:20:12.371,0.76943,0.76951,1.00,1.25
2016.09.13 13:20:12.423,0.76943,0.76951,1.00,1.25
2016.09.13 13:20:12.524,0.76944,0.76952,1.00,1.69
2016.09.13 13:20:12.626,0.76942,0.76951,1.87,1.25
2016.09.13 13:20:12.677,0.76942,0.76951,1.50,1.25
2016.09.13 13:20:12.828,0.76942,0.76949,1.00,1.00
2016.09.13 13:20:12.882,0.7694,0.76949,1.12,1.50
2016.09.13 13:20:12.934,0.7694,0.76949,1.00,1.50
2016.09.13 13:20:13.087,0.76939,0.76949,2.25,1.50
2016.09.13 13:20:13.138,0.76941,0.76949,1.00,1.00
2016.09.13 13:20:13.240,0.76942,0.76951,1.37,1.70
2016.09.13 13:20:13.292,0.76942,0.76952,1.37,3.19
2016.09.13 13:20:13.343,0.76942,0.76952,1.37,2.14
2016.09.13 13:20:13.394,0.76943,0.76952,1.00,1.76
2016.09.13 13:20:13.782,0.76943,0.76952,1.50,1.76
2016.09.13 13:20:14.126,0.76943,0.76952,1.50,1.29
2016.09.13 13:20:14.642,0.76942,0.76951,1.50,1.25
2016.09.13 13:20:14.694,0.76942,0.76951,1.00,1.25
2016.09.13 13:20:14.999,0.76942,0.76951,1.00,1.69
2016.09.13 13:20:15.101,0.76942,0.76951,1.00,1.25
2016.09.13 13:20:15.203,0.76944,0.76952,1.00,1.29
2016.09.13 13:20:15.830,0.76944,0.76952,1.00,1.76
2016.09.13 13:20:15.932,0.76944,0.76952,1.00,1.29
2016.09.13 13:20:16.035,0.76944,0.76952,1.00,1.76
2016.09.13 13:20:17.623,0.76944,0.76952,1.00,1.29
2016.09.13 13:20:17.927,0.76943,0.7695,1.12,1.00
2016.09.13 13:20:17.978,0.76943,0.7695,1.00,1.00
2016.09.13 13:20:18.029,0.76943,0.76952,1.00,1.29
2016.09.13 13:20:18.081,0.76943,0.76952,1.00,1.31
2016.09.13 13:20:18.132,0.76943,0.76952,1.00,1.69
2016.09.13 13:20:18.438,0.76943,0.76952,1.00,1.31
2016.09.13 13:20:18.639,0.76943,0.76952,1.00,1.19
2016.09.13 13:20:18.842,0.76944,0.76953,1.00,2.51
2016.09.13 13:20:18.893,0.76944,0.76953,1.00,1.76
2016.09.13 13:20:19.148,0.76946,0.76954,1.00,1.39
2016.09.13 13:20:19.252,0.76948,0.76956,1.00,3.19
2016.09.13 13:20:19.315,0.76948,0.76956,1.00,1.69
2016.09.13 13:20:19.830,0.76948,0.76956,1.00,1.19
2016.09.13 13:20:19.984,0.76948,0.76957,1.00,2.44
2016.09.13 13:20:20.137,0.76948,0.76955,1.00,1.19
2016.09.13 13:20:20.676,0.76947,0.76955,1.10,1.19
2016.09.13 13:20:20.729,0.76946,0.76955,1.00,1.19
2016.09.13 13:20:20.831,0.76946,0.76956,1.50,2.06
2016.09.13 13:20:20.882,0.76946,0.76956,1.50,1.69
2016.09.13 13:20:21.146,0.76948,0.76956,1.00,1.69
2016.09.13 13:20:21.248,0.76948,0.76956,1.00,1.19
2016.09.13 13:20:21.351,0.76948,0.76958,1.00,4.16
2016.09.13 13:20:21.453,0.76948,0.76957,1.00,1.19
2016.09.13 13:20:21.556,0.76949,0.76958,1.00,2.62
2016.09.13 13:20:21.607,0.7695,0.76958,1.00,1.87
2016.09.13 13:20:21.658,0.76951,0.76959,1.00,1.25
2016.09.13 13:20:21.759,0.76951,0.7696,1.00,2.06
2016.09.13 13:20:21.892,0.76951,0.7696,1.00,1.69
2016.09.13 13:20:21.943,0.7695,0.76958,1.87,1.00
2016.09.13 13:20:21.994,0.7695,0.76957,1.12,1.19
2016.09.13 13:20:22.046,0.76948,0.76957,1.00,1.19
2016.09.13 13:20:22.097,0.76949,0.76957,1.00,1.31
2016.09.13 13:20:22.148,0.76947,0.76956,1.00,1.00
2016.09.13 13:20:22.200,0.76947,0.76956,1.00,1.50
2016.09.13 13:20:22.252,0.76947,0.76956,1.00,1.12
2016.09.13 13:20:22.354,0.76948,0.76956,1.00,1.50
2016.09.13 13:20:22.905,0.76949,0.76956,1.00,1.50
2016.09.13 13:20:22.956,0.76948,0.76956,1.00,1.00
2016.09.13 13:20:23.059,0.76948,0.76956,1.50,1.00
2016.09.13 13:20:23.110,0.76948,0.76956,1.50,1.10
2016.09.13 13:20:23.161,0.76948,0.76956,1.00,1.10
2016.09.13 13:20:23.212,0.76948,0.76956,1.00,1.57
2016.09.13 13:20:23.264,0.76948,0.76956,1.00,1.10
2016.09.13 13:20:23.892,0.76949,0.76957,1.00,1.95
2016.09.13 13:20:23.994,0.76949,0.76957,1.00,1.50
2016.09.13 13:20:24.045,0.76949,0.76957,1.00,1.00
2016.09.13 13:20:24.147,0.76951,0.76958,1.00,2.32
2016.09.13 13:20:24.201,0.76951,0.76958,1.50,1.57
2016.09.13 13:20:24.275,0.76951,0.76958,1.50,1.20
2016.09.13 13:20:24.486,0.76954,0.76962,1.00,1.00
2016.09.13 13:20:24.537,0.76954,0.76964,1.00,3.82
2016.09.13 13:20:24.590,0.76954,0.76964,1.00,3.07
2016.09.13 13:20:24.641,0.76954,0.76964,1.87,1.50
2016.09.13 13:20:24.796,0.76954,0.76964,1.87,1.00
2016.09.13 13:20:24.848,0.76954,0.76963,1.00,1.00
2016.09.13 13:20:25.541,0.76954,0.76963,1.12,1.00
2016.09.13 13:20:25.593,0.76955,0.76963,1.00,1.00
2016.09.13 13:20:25.646,0.76955,0.76964,1.00,1.00
2016.09.13 13:20:25.697,0.76955,0.76965,1.00,3.82
2016.09.13 13:20:25.881,0.76955,0.76965,1.00,1.95
2016.09.13 13:20:25.985,0.76955,0.76965,1.00,1.12
2016.09.13 13:20:26.036,0.76955,0.76965,1.00,1.37
2016.09.13 13:20:26.138,0.76955,0.76965,1.00,1.00
2016.09.13 13:20:26.729,0.76956,0.76965,1.00,1.00
2016.09.13 13:20:26.885,0.76955,0.76965,2.25,1.00
2016.09.13 13:20:26.936,0.76955,0.76965,1.87,1.00
2016.09.13 13:20:27.040,0.76955,0.76965,1.87,1.50
2016.09.13 13:20:27.091,0.76956,0.76965,1.00,1.50
2016.09.13 13:20:27.142,0.76956,0.76964,1.12,1.00
2016.09.13 13:20:27.244,0.76956,0.76964,1.00,1.00
2016.09.13 13:20:27.347,0.76955,0.76963,1.37,1.00
2016.09.13 13:20:27.531,0.76956,0.76964,1.00,1.62
2016.09.13 13:20:27.582,0.76955,0.76964,1.00,2.44
2016.09.13 13:20:27.633,0.76955,0.76964,1.00,3.56
2016.09.13 13:20:27.685,0.76955,0.76964,1.00,3.94
2016.09.13 13:20:27.837,0.76954,0.76961,1.00,1.31
2016.09.13 13:20:27.889,0.76952,0.76961,1.20,1.69
2016.09.13 13:20:27.940,0.76952,0.76961,1.20,2.06
2016.09.13 13:20:27.991,0.76953,0.76961,1.00,2.44
2016.09.13 13:20:28.094,0.76953,0.76961,1.50,2.44
2016.09.13 13:20:28.145,0.76954,0.76961,1.00,1.19
2016.09.13 13:20:28.386,0.76955,0.76962,1.00,1.31
2016.09.13 13:20:28.539,0.76954,0.76961,1.00,1.56
2016.09.13 13:20:28.605,0.76952,0.76962,1.00,3.94
2016.09.13 13:20:28.657,0.76952,0.7696,1.00,1.31
2016.09.13 13:20:28.709,0.76953,0.7696,1.00,2.06
2016.09.13 13:20:28.862,0.76953,0.7696,1.00,1.31
2016.09.13 13:20:29.104,0.76953,0.7696,1.00,2.44
2016.09.13 13:20:29.442,0.76953,0.7696,1.00,1.31
2016.09.13 13:20:29.493,0.76954,0.7696,1.00,1.12
2016.09.13 13:20:29.544,0.76954,0.76962,1.00,2.14
2016.09.13 13:20:29.595,0.76954,0.76962,1.00,1.31
2016.09.13 13:20:29.646,0.76953,0.76962,1.00,1.69
2016.09.13 13:20:29.869,0.76953,0.76962,1.00,1.19
2016.09.13 13:20:29.921,0.76953,0.76962,1.00,1.25
2016.09.13 13:20:29.973,0.76953,0.76963,1.00,5.29
2016.09.13 13:20:30.024,0.76954,0.76963,1.00,3.41
2016.09.13 13:20:30.076,0.76954,0.76962,1.00,1.25
2016.09.13 13:20:30.127,0.76954,0.76962,1.00,1.69
2016.09.13 13:20:30.178,0.76954,0.76962,1.00,1.12
2016.09.13 13:20:30.229,0.76955,0.76963,1.00,1.50
2016.09.13 13:20:30.280,0.76955,0.76963,1.00,2.25
2016.09.13 13:20:30.331,0.76955,0.76963,1.00,3.00
2016.09.13 13:20:30.383,0.76955,0.76963,1.00,2.06
2016.09.13 13:20:30.771,0.76955,0.76963,1.00,1.69
2016.09.13 13:20:31.388,0.76955,0.76962,1.00,1.00
2016.09.13 13:20:32.230,0.76953,0.76962,1.12,1.00
2016.09.13 13:20:32.423,0.76953,0.76961,1.00,3.37
2016.09.13 13:20:32.475,0.76952,0.76959,1.00,1.12
2016.09.13 13:20:32.577,0.76952,0.76959,1.00,1.50
2016.09.13 13:20:32.984,0.76953,0.76959,1.00,1.00
2016.09.13 13:20:33.437,0.76951,0.76956,1.00,1.00
2016.09.13 13:20:33.490,0.76948,0.76956,1.27,1.12
2016.09.13 13:20:33.542,0.76948,0.76956,1.20,1.31
2016.09.13 13:20:33.613,0.76948,0.76956,1.00,1.25
2016.09.13 13:20:33.666,0.76948,0.76956,1.00,1.84
2016.09.13 13:20:33.718,0.76948,0.76956,1.00,2.21
2016.09.13 13:20:34.101,0.76948,0.76956,1.00,1.84
2016.09.13 13:20:36.171,0.76948,0.76955,1.00,1.00
2016.09.13 13:20:36.365,0.76948,0.76955,1.00,1.10
2016.09.13 13:20:36.417,0.76948,0.76955,1.00,1.20
2016.09.13 13:20:36.943,0.76947,0.76955,1.00,1.20
2016.09.13 13:20:37.523,0.76947,0.76955,1.00,1.39
2016.09.13 13:20:37.575,0.76947,0.76955,1.00,1.76
2016.09.13 13:20:37.892,0.76947,0.76954,1.00,1.25
2016.09.13 13:20:38.352,0.76947,0.76955,1.00,1.39
2016.09.13 13:20:38.726,0.76948,0.76955,1.00,1.76
2016.09.13 13:20:38.777,0.76948,0.76955,1.00,1.26
2016.09.13 13:20:38.828,0.76949,0.76956,1.00,2.25
2016.09.13 13:20:38.879,0.76951,0.76956,1.00,1.07
2016.09.13 13:20:38.981,0.76951,0.76959,1.00,2.89
2016.09.13 13:20:39.083,0.76952,0.76959,1.00,1.69
2016.09.13 13:20:39.135,0.76952,0.76959,1.00,1.31
2016.09.13 13:20:39.353,0.76952,0.76959,1.00,1.31
2016.09.13 13:20:39.436,0.7695,0.76958,1.12,1.25
2016.09.13 13:20:39.487,0.7695,0.76956,1.12,1.00
2016.09.13 13:20:39.539,0.7695,0.76956,1.00,1.00
2016.09.13 13:20:39.794,0.76951,0.76959,1.00,2.06
2016.09.13 13:20:39.846,0.76951,0.76959,1.00,1.19
2016.09.13 13:20:39.897,0.76952,0.7696,1.00,1.69
2016.09.13 13:20:39.999,0.76952,0.7696,1.00,1.19
2016.09.13 13:20:40.215,0.76953,0.7696,1.00,1.00
2016.09.13 13:20:41.167,0.76953,0.7696,1.00,1.12
2016.09.13 13:20:41.800,0.76953,0.7696,1.00,1.50
2016.09.13 13:20:41.902,0.76953,0.7696,1.00,1.87
2016.09.13 13:20:42.004,0.76953,0.7696,1.00,1.87
2016.09.13 13:20:42.326,0.76953,0.7696,1.00,1.50
2016.09.13 13:20:42.581,0.76953,0.7696,1.00,1.50
2016.09.13 13:20:42.632,0.76953,0.7696,1.00,1.00
2016.09.13 13:20:42.683,0.76953,0.76961,1.00,1.00
2016.09.13 13:20:42.785,0.76953,0.76961,1.00,1.00
2016.09.13 13:20:43.081,0.76955,0.76962,1.00,1.50
2016.09.13 13:20:43.132,0.76957,0.76962,1.00,1.00
2016.09.13 13:20:43.183,0.76958,0.76964,1.00,1.82
2016.09.13 13:20:43.235,0.76958,0.76966,1.69,1.57
2016.09.13 13:20:43.393,0.7696,0.76966,1.31,1.00
2016.09.13 13:20:43.444,0.76962,0.76968,1.00,1.00
2016.09.13 13:20:43.597,0.76966,0.7697,1.00,1.87
2016.09.13 13:20:43.649,0.76964,0.76971,1.00,1.50
2016.09.13 13:20:43.700,0.76964,0.7697,1.00,1.00
2016.09.13 13:20:43.751,0.76962,0.7697,1.00,1.00
2016.09.13 13:20:43.803,0.76961,0.7697,1.00,1.50
2016.09.13 13:20:43.994,0.76961,0.7697,1.00,1.37
2016.09.13 13:20:44.045,0.76961,0.76969,1.00,1.50
2016.09.13 13:20:44.098,0.76961,0.7697,1.00,1.95
2016.09.13 13:20:44.200,0.76962,0.7697,1.00,1.20
2016.09.13 13:20:44.352,0.76964,0.7697,1.00,1.20
2016.09.13 13:20:44.407,0.76964,0.76971,1.00,1.57
2016.09.13 13:20:44.458,0.76964,0.7697,1.00,1.00
2016.09.13 13:20:44.560,0.76963,0.76971,1.00,1.95
2016.09.13 13:20:44.764,0.76963,0.76971,1.00,1.20
2016.09.13 13:20:45.275,0.76965,0.76971,1.00,1.20
2016.09.13 13:20:45.326,0.76962,0.76971,1.19,1.20
2016.09.13 13:20:45.378,0.76964,0.76971,1.00,1.20
2016.09.13 13:20:45.597,0.76963,0.76973,1.00,5.62
2016.09.13 13:20:45.649,0.76963,0.76972,1.00,1.95
2016.09.13 13:20:45.701,0.76963,0.76972,1.00,1.45
2016.09.13 13:20:45.853,0.76968,0.76972,1.00,1.20
2016.09.13 13:20:45.904,0.76968,0.76972,1.00,1.10
2016.09.13 13:20:45.956,0.76967,0.76973,1.25,1.50
2016.09.13 13:20:46.007,0.7697,0.76975,1.00,2.40
2016.09.13 13:20:46.058,0.7697,0.76976,1.00,1.82
2016.09.13 13:20:46.110,0.7697,0.76977,1.00,1.47
2016.09.13 13:20:46.255,0.7697,0.76978,1.19,1.00
2016.09.13 13:20:46.311,0.76971,0.76978,1.00,1.00
2016.09.13 13:20:46.413,0.76971,0.76978,1.25,1.00
2016.09.13 13:20:46.516,0.76969,0.76976,1.19,1.00
2016.09.13 13:20:46.569,0.76969,0.76976,1.25,1.00
2016.09.13 13:20:46.621,0.76967,0.76977,1.31,1.00
2016.09.13 13:20:46.672,0.76967,0.76977,1.25,1.50
2016.09.13 13:20:46.723,0.76967,0.76977,1.25,1.87
2016.09.13 13:20:46.905,0.76969,0.76977,1.00,1.12
2016.09.13 13:20:47.009,0.76971,0.76978,1.00,1.47
2016.09.13 13:20:47.112,0.76971,0.76979,1.00,1.57
2016.09.13 13:20:47.215,0.76971,0.76978,1.00,1.10
2016.09.13 13:20:47.318,0.76971,0.76979,1.00,1.57
2016.09.13 13:20:47.754,0.76969,0.76978,1.00,1.10
2016.09.13 13:20:47.805,0.76969,0.76977,1.00,1.00
2016.09.13 13:20:47.856,0.76967,0.76977,1.19,1.87
2016.09.13 13:20:47.907,0.76968,0.76975,1.25,1.00
2016.09.13 13:20:48.009,0.76968,0.76974,1.25,1.00
2016.09.13 13:20:48.708,0.76968,0.76975,1.25,1.95
2016.09.13 13:20:48.979,0.76967,0.76974,1.19,1.00
2016.09.13 13:20:49.081,0.76968,0.76975,1.00,1.20
2016.09.13 13:20:49.182,0.7697,0.76976,1.00,2.25
2016.09.13 13:20:49.233,0.76968,0.76977,1.00,1.95
2016.09.13 13:20:49.368,0.76968,0.76977,1.00,2.70
2016.09.13 13:20:49.434,0.76968,0.76977,1.00,2.32
2016.09.13 13:20:49.536,0.76968,0.76977,1.00,1.57
2016.09.13 13:20:49.587,0.7697,0.76977,1.00,2.32
2016.09.13 13:20:49.638,0.76969,0.76977,1.00,1.57
2016.09.13 13:20:49.742,0.76973,0.76977,1.00,1.50
2016.09.13 13:20:49.793,0.76972,0.76976,1.00,1.12
2016.09.13 13:20:49.946,0.76972,0.76976,1.00,1.00
2016.09.13 13:20:50.074,0.76969,0.76976,1.12,1.00
2016.09.13 13:20:50.126,0.76969,0.76977,1.00,1.00
2016.09.13 13:20:50.381,0.76969,0.76977,1.00,1.12
2016.09.13 13:20:50.688,0.76969,0.76979,1.75,2.25
2016.09.13 13:20:50.739,0.7697,0.76979,1.50,1.75
2016.09.13 13:20:50.918,0.76971,0.76978,1.12,1.37
2016.09.13 13:20:50.969,0.76971,0.76981,1.12,1.50
2016.09.13 13:20:51.327,0.76971,0.76977,1.37,1.00
2016.09.13 13:20:51.763,0.7697,0.76978,1.37,1.00
2016.09.13 13:20:52.018,0.7697,0.76978,1.87,1.00
2016.09.13 13:20:52.415,0.7697,0.76978,1.37,1.00
2016.09.13 13:20:52.881,0.7697,0.76978,1.00,1.00
2016.09.13 13:20:53.085,0.7697,0.76978,1.12,1.00
2016.09.13 13:20:53.136,0.7697,0.76978,1.31,1.00
2016.09.13 13:20:53.187,0.7697,0.76978,1.69,1.00
2016.09.13 13:20:53.396,0.76969,0.76977,3.26,1.00
2016.09.13 13:20:53.447,0.76969,0.76977,2.14,1.00
2016.09.13 13:20:53.498,0.76969,0.76977,1.66,1.00
2016.09.13 13:20:53.549,0.76969,0.76977,1.29,1.00
2016.09.13 13:20:53.737,0.76969,0.76977,1.19,1.00
2016.09.13 13:20:54.287,0.76969,0.76976,1.19,1.00
2016.09.13 13:20:55.465,0.76969,0.76976,1.31,1.00
2016.09.13 13:20:55.819,0.7697,0.76978,1.19,1.00
2016.09.13 13:20:55.871,0.7697,0.7698,1.62,3.00
2016.09.13 13:20:55.923,0.76969,0.76978,3.94,1.00
2016.09.13 13:20:55.974,0.7697,0.7698,1.69,1.50
2016.09.13 13:20:56.026,0.76971,0.7698,1.19,1.00
2016.09.13 13:20:56.078,0.76971,0.76979,1.19,1.37
2016.09.13 13:20:56.129,0.7697,0.76979,3.56,1.37
2016.09.13 13:20:56.181,0.7697,0.76978,2.81,1.37
2016.09.13 13:20:56.232,0.76971,0.76979,1.19,1.12
2016.09.13 13:20:56.369,0.76973,0.76979,1.25,1.37
2016.09.13 13:20:56.425,0.7697,0.76977,1.25,1.12
2016.09.13 13:20:56.531,0.76969,0.76975,1.19,1.12
2016.09.13 13:20:56.582,0.76968,0.76977,1.69,1.37
2016.09.13 13:20:56.633,0.76968,0.76977,1.56,1.12
2016.09.13 13:20:56.684,0.76968,0.76977,1.31,1.12
2016.09.13 13:20:56.735,0.76969,0.76977,1.19,1.00
2016.09.13 13:20:56.786,0.76969,0.76977,1.56,1.00
2016.09.13 13:20:56.838,0.76969,0.76977,1.56,1.37
2016.09.13 13:20:57.202,0.76969,0.76977,1.69,1.00
2016.09.13 13:20:57.253,0.76969,0.76977,2.06,1.12
2016.09.13 13:20:57.355,0.76969,0.76977,1.56,1.12
2016.09.13 13:20:57.406,0.76969,0.76977,1.19,1.12
2016.09.13 13:20:57.559,0.7697,0.76978,1.19,1.37
2016.09.13 13:20:57.661,0.76968,0.76978,3.56,1.37
2016.09.13 13:20:57.763,0.76969,0.76977,1.31,1.37
2016.09.13 13:20:57.814,0.76968,0.76978,3.56,1.37
2016.09.13 13:20:57.964,0.76968,0.76978,3.94,1.37
2016.09.13 13:20:58.018,0.76969,0.76978,1.19,1.37
2016.09.13 13:20:58.073,0.76968,0.76978,4.31,1.37
2016.09.13 13:20:58.125,0.76969,0.76977,1.25,1.37
2016.09.13 13:20:58.176,0.76968,0.76977,2.81,1.00
2016.09.13 13:20:58.227,0.76968,0.76975,1.25,1.00
2016.09.13 13:20:58.278,0.76968,0.76975,1.25,1.37
2016.09.13 13:20:58.330,0.76968,0.76975,1.00,1.37
2016.09.13 13:20:58.381,0.76966,0.76975,1.69,1.37
2016.09.13 13:20:58.432,0.76967,0.76975,1.25,1.37
2016.09.13 13:20:58.483,0.76967,0.76975,1.25,1.00
2016.09.13 13:20:58.669,0.76967,0.76977,1.01,1.50
2016.09.13 13:20:58.825,0.76966,0.76974,3.19,1.00
2016.09.13 13:20:58.877,0.76966,0.76974,2.44,1.00
2016.09.13 13:20:58.930,0.76966,0.76974,2.06,1.00
2016.09.13 13:20:58.981,0.76966,0.76974,1.69,1.00
2016.09.13 13:20:59.033,0.76967,0.76974,1.25,1.00
2016.09.13 13:20:59.085,0.76967,0.76974,1.00,1.00
2016.09.13 13:20:59.238,0.76967,0.76975,1.00,1.00
2016.09.13 13:21:00.064,0.76967,0.76976,1.00,1.50
2016.09.13 13:21:00.167,0.76967,0.76976,1.00,1.50
2016.09.13 13:21:00.530,0.76966,0.76976,2.81,1.50
2016.09.13 13:21:00.632,0.76966,0.76976,2.44,1.50
2016.09.13 13:21:00.684,0.76968,0.76976,1.00,1.00
2016.09.13 13:21:00.735,0.7697,0.76977,1.00,1.00
2016.09.13 13:21:01.191,0.7697,0.7698,1.00,1.50
2016.09.13 13:21:01.243,0.7697,0.76979,1.00,1.00
2016.09.13 13:21:01.296,0.7697,0.76979,1.10,1.00
2016.09.13 13:21:01.349,0.7697,0.7698,1.10,1.87
2016.09.13 13:21:01.400,0.7697,0.7698,1.10,2.25
2016.09.13 13:21:01.453,0.7697,0.76979,1.10,1.12
2016.09.13 13:21:01.504,0.7697,0.7698,1.20,1.50
2016.09.13 13:21:01.556,0.7697,0.7698,1.95,1.50
2016.09.13 13:21:01.657,0.76971,0.7698,1.00,1.50
2016.09.13 13:21:02.054,0.76971,0.76978,1.00,1.00
2016.09.13 13:21:02.156,0.76969,0.76978,1.87,1.00
2016.09.13 13:21:02.208,0.76969,0.76978,1.12,1.00
2016.09.13 13:21:02.310,0.76969,0.76978,1.00,1.00
2016.09.13 13:21:04.003,0.76969,0.76976,1.50,1.00
2016.09.13 13:21:04.106,0.76969,0.76977,1.00,1.00
2016.09.13 13:21:05.210,0.76969,0.76977,1.12,1.00
2016.09.13 13:21:05.387,0.76969,0.76977,1.12,1.00
2016.09.13 13:21:05.489,0.76969,0.76977,1.00,1.00
2016.09.13 13:21:05.680,0.76969,0.76977,1.50,1.00
2016.09.13 13:21:05.782,0.76969,0.76977,1.69,1.00
2016.09.13 13:21:05.833,0.7697,0.76977,1.25,1.00
2016.09.13 13:21:06.984,0.7697,0.76979,1.25,1.00
2016.09.13 13:21:07.088,0.76969,0.76979,1.29,1.00
2016.09.13 13:21:07.139,0.76971,0.76978,1.00,1.00
2016.09.13 13:21:07.191,0.76972,0.76979,1.00,1.00
2016.09.13 13:21:07.242,0.76972,0.76982,1.00,1.75
2016.09.13 13:21:07.293,0.76973,0.76982,1.00,1.37
2016.09.13 13:21:07.447,0.76973,0.76982,2.44,1.37
2016.09.13 13:21:07.499,0.76975,0.76984,1.19,1.12
2016.09.13 13:21:07.550,0.76975,0.76984,2.81,1.00
2016.09.13 13:21:07.652,0.76978,0.76985,1.00,1.50
2016.09.13 13:21:07.703,0.76977,0.76985,1.25,1.12
2016.09.13 13:21:07.754,0.76978,0.76985,1.00,1.00
2016.09.13 13:21:08.540,0.76978,0.76985,1.20,1.00
2016.09.13 13:21:08.597,0.76977,0.76987,2.06,1.12
2016.09.13 13:21:09.293,0.76978,0.76987,1.20,1.12
2016.09.13 13:21:09.496,0.76977,0.76987,2.06,1.12
2016.09.13 13:21:10.078,0.76977,0.76987,2.81,1.12
2016.09.13 13:21:10.180,0.76978,0.76987,1.20,1.12
2016.09.13 13:21:12.182,0.76977,0.76987,2.44,1.12
2016.09.13 13:21:12.233,0.76977,0.76987,3.19,1.12
2016.09.13 13:21:12.385,0.76977,0.76987,2.81,1.12
2016.09.13 13:21:12.641,0.76978,0.76986,1.20,1.00
2016.09.13 13:21:13.649,0.76978,0.76987,1.20,1.12
2016.09.13 13:21:14.299,0.76978,0.76986,1.20,1.00
2016.09.13 13:21:14.350,0.76977,0.76986,3.19,1.00
2016.09.13 13:21:14.758,0.76979,0.76986,1.10,1.00
2016.09.13 13:21:15.040,0.76978,0.76985,1.20,1.00
2016.09.13 13:21:15.915,0.76977,0.76986,3.56,1.00
2016.09.13 13:21:15.970,0.76977,0.76986,5.44,1.00
2016.09.13 13:21:16.083,0.76979,0.76986,1.10,1.50
2016.09.13 13:21:16.410,0.76979,0.76986,1.20,1.50
2016.09.13 13:21:17.817,0.76979,0.76986,1.10,1.50
2016.09.13 13:21:18.196,0.76977,0.76985,2.51,1.00
2016.09.13 13:21:18.248,0.76977,0.76984,1.57,1.50
2016.09.13 13:21:18.300,0.76976,0.76983,1.57,1.00
2016.09.13 13:21:18.353,0.76976,0.76984,1.10,1.50
2016.09.13 13:21:18.405,0.76976,0.76983,1.20,1.00
2016.09.13 13:21:18.456,0.76975,0.76984,2.25,1.87
2016.09.13 13:21:18.507,0.76975,0.76982,1.50,1.00
2016.09.13 13:21:18.559,0.76977,0.76984,1.00,1.50
2016.09.13 13:21:18.690,0.76978,0.76984,1.12,1.00
2016.09.13 13:21:18.741,0.76978,0.76987,1.87,1.50
2016.09.13 13:21:18.793,0.76979,0.76987,1.12,1.50
2016.09.13 13:21:18.844,0.76979,0.76987,2.62,1.00
2016.09.13 13:21:18.895,0.76981,0.7699,1.10,1.50
2016.09.13 13:21:18.946,0.76982,0.76991,1.00,3.37
2016.09.13 13:21:18.997,0.76982,0.76991,1.00,2.25
2016.09.13 13:21:19.049,0.76984,0.76991,1.00,1.12
2016.09.13 13:21:19.100,0.76984,0.76991,1.00,1.00
2016.09.13 13:21:19.203,0.76984,0.76991,2.06,1.00
2016.09.13 13:21:19.371,0.76984,0.76991,1.31,1.10
2016.09.13 13:21:19.426,0.76985,0.76991,1.00,1.20
2016.09.13 13:21:19.477,0.76985,0.76992,1.00,1.50
2016.09.13 13:21:19.529,0.76985,0.76992,1.00,1.87
2016.09.13 13:21:19.581,0.76985,0.76992,1.12,1.45
2016.09.13 13:21:19.632,0.76986,0.76992,1.00,1.07
2016.09.13 13:21:19.683,0.76988,0.76993,1.00,1.87
2016.09.13 13:21:19.734,0.76988,0.76993,1.00,1.12
2016.09.13 13:21:19.786,0.76988,0.76993,1.00,1.00
2016.09.13 13:21:20.070,0.76985,0.76992,1.00,1.00
2016.09.13 13:21:20.224,0.76984,0.76993,1.25,1.50
2016.09.13 13:21:20.277,0.76984,0.76989,1.25,1.00
2016.09.13 13:21:20.379,0.76984,0.76989,1.69,1.00
2016.09.13 13:21:20.534,0.76985,0.76989,1.00,1.00
2016.09.13 13:21:20.637,0.76984,0.76988,1.31,1.00
2016.09.13 13:21:20.689,0.76983,0.76987,2.44,1.00
2016.09.13 13:21:20.741,0.76983,0.76987,2.14,1.00
2016.09.13 13:21:20.793,0.76983,0.76987,1.01,1.00
2016.09.13 13:21:20.844,0.76983,0.76987,1.25,1.00
2016.09.13 13:21:21.026,0.76982,0.76988,1.69,1.00
2016.09.13 13:21:21.077,0.76982,0.76988,2.06,1.00
2016.09.13 13:21:21.361,0.76982,0.76988,2.44,1.00
2016.09.13 13:21:21.463,0.76982,0.76988,2.06,1.00
2016.09.13 13:21:21.673,0.76984,0.76989,1.25,1.00
2016.09.13 13:21:21.775,0.76983,0.76989,1.19,1.00
2016.09.13 13:21:22.016,0.76983,0.76989,1.56,1.00
2016.09.13 13:21:22.068,0.76982,0.76989,2.89,1.00
2016.09.13 13:21:22.119,0.76982,0.76989,2.51,1.00
2016.09.13 13:21:22.170,0.76982,0.76989,2.44,1.00
2016.09.13 13:21:22.221,0.76982,0.76989,2.06,1.00
2016.09.13 13:21:22.501,0.76982,0.76989,2.44,1.00
2016.09.13 13:21:22.621,0.76983,0.76992,1.69,1.00
2016.09.13 13:21:22.673,0.76985,0.76992,1.19,1.00
2016.09.13 13:21:22.724,0.76985,0.76993,2.44,1.00
2016.09.13 13:21:22.912,0.76986,0.7699,1.12,1.00
2016.09.13 13:21:22.967,0.76983,0.7699,3.75,1.00
2016.09.13 13:21:23.019,0.76982,0.76988,2.00,1.00
2016.09.13 13:21:23.070,0.7698,0.76986,3.19,1.00
2016.09.13 13:21:23.121,0.7698,0.76985,2.44,1.00
2016.09.13 13:21:23.172,0.7698,0.76984,1.31,1.00
2016.09.13 13:21:23.223,0.7698,0.76984,1.25,1.00
2016.09.13 13:21:23.528,0.7698,0.76984,1.31,1.00
2016.09.13 13:21:23.711,0.76979,0.76984,1.69,1.00
2016.09.13 13:21:23.814,0.76978,0.76985,3.19,1.00
2016.09.13 13:21:23.865,0.76978,0.76983,2.44,1.00
2016.09.13 13:21:23.917,0.76979,0.76985,1.56,1.00
2016.09.13 13:21:23.968,0.76979,0.76985,1.19,1.00
2016.09.13 13:21:24.020,0.76978,0.76985,4.76,1.00
2016.09.13 13:21:24.071,0.76978,0.76985,4.84,1.00
2016.09.13 13:21:24.122,0.76978,0.76985,4.09,1.00
2016.09.13 13:21:24.173,0.76979,0.76985,1.69,1.00
2016.09.13 13:21:24.614,0.76979,0.76985,1.12,1.00
2016.09.13 13:21:24.665,0.76979,0.76985,1.50,1.00
2016.09.13 13:21:24.717,0.76979,0.76986,1.31,1.00
2016.09.13 13:21:24.768,0.76978,0.76986,2.51,1.00
2016.09.13 13:21:24.819,0.76979,0.76985,1.31,1.00
2016.09.13 13:21:24.870,0.76979,0.76986,1.69,1.00
2016.09.13 13:21:25.390,0.7698,0.76986,1.31,1.00
2016.09.13 13:21:25.639,0.7698,0.76986,1.69,1.00
2016.09.13 13:21:26.693,0.7698,0.76986,2.06,1.00
2016.09.13 13:21:26.744,0.7698,0.76986,2.81,1.00
2016.09.13 13:21:26.796,0.7698,0.76986,2.44,1.00
2016.09.13 13:21:26.847,0.7698,0.76986,1.69,1.00
2016.09.13 13:21:27.064,0.7698,0.76986,1.19,1.00
2016.09.13 13:21:27.489,0.7698,0.76987,1.69,1.00
2016.09.13 13:21:27.540,0.7698,0.76987,1.31,1.00
2016.09.13 13:21:27.591,0.76982,0.76987,1.25,1.00
2016.09.13 13:21:27.693,0.76982,0.76988,1.56,1.00
2016.09.13 13:21:27.745,0.76982,0.76988,1.69,1.00
2016.09.13 13:21:27.796,0.76982,0.76988,1.31,1.00
2016.09.13 13:21:27.847,0.76982,0.76988,1.19,1.00
2016.09.13 13:21:27.898,0.76982,0.76987,1.31,1.00
2016.09.13 13:21:28.001,0.76982,0.76989,2.06,1.00
2016.09.13 13:21:28.053,0.76982,0.76987,2.44,1.00
2016.09.13 13:21:28.104,0.76981,0.76988,4.46,1.00
2016.09.13 13:21:28.285,0.76981,0.76986,2.06,1.00
2016.09.13 13:21:28.337,0.76981,0.76986,1.69,1.00
2016.09.13 13:21:28.644,0.76981,0.76986,2.06,1.00
2016.09.13 13:21:28.846,0.76981,0.76986,1.69,1.00
2016.09.13 13:21:29.231,0.76982,0.76986,1.25,1.00
2016.09.13 13:21:29.869,0.76982,0.76988,1.19,1.00
2016.09.13 13:21:29.920,0.7698,0.76985,2.06,1.00
2016.09.13 13:21:29.972,0.7698,0.76985,1.31,1.00
2016.09.13 13:21:30.260,0.7698,0.76985,1.69,1.00
2016.09.13 13:21:30.362,0.7698,0.76985,1.31,1.00
2016.09.13 13:21:30.413,0.7698,0.76985,1.19,1.00
2016.09.13 13:21:30.535,0.7698,0.76985,1.31,1.00
2016.09.13 13:21:30.588,0.7698,0.76985,1.69,1.00
2016.09.13 13:21:30.894,0.76981,0.76985,1.25,1.00
2016.09.13 13:21:31.318,0.7698,0.76986,2.81,1.00
2016.09.13 13:21:31.369,0.7698,0.76986,4.31,1.00
2016.09.13 13:21:31.420,0.7698,0.76986,4.69,1.00
2016.09.13 13:21:31.471,0.7698,0.76986,3.19,1.00
2016.09.13 13:21:32.004,0.76981,0.76986,1.19,1.00
2016.09.13 13:21:32.338,0.7698,0.76986,3.56,1.00
2016.09.13 13:21:32.870,0.7698,0.76986,3.19,1.00
2016.09.13 13:21:32.972,0.7698,0.76986,4.69,1.00
2016.09.13 13:21:33.023,0.7698,0.76986,4.31,1.00
2016.09.13 13:21:33.175,0.7698,0.76986,2.81,1.00
2016.09.13 13:21:33.227,0.7698,0.76986,3.19,1.00
2016.09.13 13:21:34.371,0.7698,0.76987,3.19,1.00
2016.09.13 13:21:34.427,0.7698,0.76987,5.44,1.00
2016.09.13 13:21:34.596,0.76983,0.7699,2.81,1.50
2016.09.13 13:21:34.648,0.76985,0.76992,1.69,1.87
2016.09.13 13:21:34.699,0.76986,0.76992,1.56,1.00
2016.09.13 13:21:34.751,0.76986,0.76992,1.69,1.00
2016.09.13 13:21:34.960,0.76986,0.76992,1.31,1.00
2016.09.13 13:21:35.403,0.76988,0.76992,1.25,1.00
2016.09.13 13:21:36.448,0.76987,0.76992,1.19,1.00
2016.09.13 13:21:36.608,0.76986,0.76992,1.20,1.00
2016.09.13 13:21:36.660,0.76986,0.76992,1.20,1.00
2016.09.13 13:21:36.712,0.76985,0.76992,2.06,1.00
2016.09.13 13:21:36.763,0.76985,0.76992,1.69,1.00
2016.09.13 13:21:36.815,0.76985,0.7699,1.19,1.00
2016.09.13 13:21:36.917,0.76986,0.7699,1.25,1.00
2016.09.13 13:21:37.019,0.76985,0.7699,1.19,1.00
2016.09.13 13:21:37.204,0.76983,0.7699,1.76,1.00
2016.09.13 13:21:37.256,0.76983,0.76987,1.10,1.00
2016.09.13 13:21:37.307,0.76981,0.76986,2.14,1.00
2016.09.13 13:21:37.358,0.76981,0.76986,1.19,1.00
2016.09.13 13:21:37.410,0.76981,0.76985,1.25,1.00
2016.09.13 13:21:37.461,0.76981,0.76987,1.19,1.00
2016.09.13 13:21:38.795,0.7698,0.76986,2.06,1.00
2016.09.13 13:21:38.950,0.76981,0.76986,1.19,1.00
2016.09.13 13:21:39.002,0.76982,0.76988,1.19,1.00
2016.09.13 13:21:39.105,0.76983,0.76988,1.25,1.00
2016.09.13 13:21:39.412,0.76982,0.76987,1.19,1.00
2016.09.13 13:21:39.892,0.76981,0.76987,1.31,1.00
2016.09.13 13:21:40.486,0.76981,0.76986,1.31,1.00
2016.09.13 13:21:40.940,0.7698,0.76986,1.56,1.00
2016.09.13 13:21:40.991,0.7698,0.76985,1.31,1.00
2016.09.13 13:21:41.196,0.76979,0.76985,2.06,1.00
2016.09.13 13:21:41.298,0.76979,0.76985,1.56,1.00
2016.09.13 13:21:41.936,0.76976,0.76984,3.94,1.00
2016.09.13 13:21:41.987,0.76975,0.7698,1.31,1.00
2016.09.13 13:21:42.038,0.76975,0.7698,1.19,1.00
2016.09.13 13:21:42.089,0.76975,0.7698,1.25,1.00
2016.09.13 13:21:42.497,0.76974,0.7698,1.69,1.00
2016.09.13 13:21:43.381,0.76974,0.7698,2.06,1.00
2016.09.13 13:21:43.432,0.76974,0.7698,2.14,1.00
2016.09.13 13:21:43.696,0.76974,0.7698,1.39,1.00
2016.09.13 13:21:44.390,0.76974,0.76984,1.76,1.12
2016.09.13 13:21:44.494,0.76974,0.7698,1.39,1.00
2016.09.13 13:21:44.545,0.76974,0.7698,1.76,1.00
2016.09.13 13:21:44.596,0.76975,0.7698,1.01,1.00
2016.09.13 13:21:44.902,0.76975,0.7698,1.76,1.00
2016.09.13 13:21:45.087,0.76975,0.7698,1.01,1.00
2016.09.13 13:21:45.636,0.76975,0.76979,1.01,1.00
2016.09.13 13:21:46.540,0.76975,0.76981,1.01,1.00
2016.09.13 13:21:47.484,0.76975,0.76982,1.01,1.00
2016.09.13 13:21:47.668,0.76976,0.76982,1.00,1.00
2016.09.13 13:21:47.724,0.76976,0.7698,1.00,1.00
2016.09.13 13:21:47.927,0.76976,0.76981,1.19,1.00
2016.09.13 13:21:48.080,0.76976,0.7698,1.25,1.00
2016.09.13 13:21:48.428,0.76976,0.7698,1.01,1.00
2016.09.13 13:21:49.116,0.76976,0.76981,1.29,1.00
2016.09.13 13:21:49.321,0.76977,0.76981,1.25,1.00
2016.09.13 13:21:49.662,0.76977,0.76983,1.31,1.00
2016.09.13 13:21:49.713,0.76978,0.76985,1.00,1.00
2016.09.13 13:21:49.764,0.76978,0.76985,1.10,1.00
2016.09.13 13:21:49.815,0.76979,0.76985,1.00,1.00
2016.09.13 13:21:49.866,0.76979,0.76985,1.37,1.00
2016.09.13 13:21:49.918,0.76979,0.76985,1.50,1.00
2016.09.13 13:21:49.970,0.76979,0.76985,1.87,1.00
2016.09.13 13:21:50.021,0.76979,0.76985,2.70,1.00
2016.09.13 13:21:50.126,0.76979,0.76985,3.07,1.00
2016.09.13 13:21:50.177,0.76979,0.76985,4.57,1.00
2016.09.13 13:21:50.363,0.76981,0.76988,1.00,1.00
2016.09.13 13:21:50.414,0.76982,0.76988,1.10,1.00
2016.09.13 13:21:50.466,0.76982,0.76988,1.20,1.00
2016.09.13 13:21:50.672,0.76982,0.76988,1.95,1.00
2016.09.13 13:21:50.774,0.76982,0.76988,1.10,1.00
2016.09.13 13:21:50.876,0.76982,0.76989,1.50,1.00
2016.09.13 13:21:50.927,0.76985,0.76989,1.00,1.00
2016.09.13 13:21:50.978,0.76984,0.76988,1.10,1.00
2016.09.13 13:21:51.523,0.76982,0.76988,2.32,1.00
2016.09.13 13:21:51.575,0.76983,0.76988,1.45,1.00
2016.09.13 13:21:51.645,0.76983,0.76988,1.87,1.00
2016.09.13 13:21:51.849,0.76983,0.76988,1.45,1.00
2016.09.13 13:21:52.002,0.76985,0.76989,1.00,1.00
2016.09.13 13:21:52.053,0.76983,0.76988,1.45,1.00
2016.09.13 13:21:52.104,0.76983,0.7699,1.45,1.00
2016.09.13 13:21:52.155,0.76982,0.76989,3.37,1.00
2016.09.13 13:21:52.206,0.76982,0.76989,3.75,1.00
2016.09.13 13:21:52.411,0.76982,0.76989,4.12,1.00
2016.09.13 13:21:52.462,0.76982,0.76989,3.75,1.00
2016.09.13 13:21:52.514,0.76982,0.76989,4.50,1.00
2016.09.13 13:21:52.566,0.76982,0.76989,4.87,1.00
2016.09.13 13:21:52.617,0.76982,0.76989,4.50,1.00
2016.09.13 13:21:52.668,0.76982,0.76989,4.12,1.00
2016.09.13 13:21:52.960,0.76983,0.76989,1.50,1.00
2016.09.13 13:21:53.114,0.76984,0.76989,1.20,1.00
2016.09.13 13:21:54.291,0.76984,0.7699,1.20,1.00
2016.09.13 13:21:54.342,0.76985,0.76991,1.00,1.00
2016.09.13 13:21:54.546,0.76984,0.76991,1.20,1.00
2016.09.13 13:21:54.750,0.76984,0.76991,1.65,1.00
2016.09.13 13:21:55.046,0.76984,0.76991,1.95,1.00
2016.09.13 13:21:55.332,0.76987,0.76992,1.00,1.00
2016.09.13 13:21:55.435,0.76987,0.76993,1.50,1.00
2016.09.13 13:21:55.538,0.76987,0.76993,1.00,1.00
2016.09.13 13:21:56.419,0.76986,0.76993,1.20,1.00
2016.09.13 13:21:56.572,0.76986,0.76991,1.20,1.00
2016.09.13 13:21:57.643,0.76985,0.76991,1.50,1.00
2016.09.13 13:21:58.325,0.76987,0.76991,1.00,1.00
2016.09.13 13:21:58.731,0.76987,0.76994,1.00,1.00
2016.09.13 13:21:59.621,0.76987,0.76991,1.00,1.00
2016.09.13 13:21:59.672,0.76986,0.76991,1.27,1.00
2016.09.13 13:21:59.723,0.76986,0.76991,1.20,1.00
2016.09.13 13:21:59.774,0.76986,0.76991,1.10,1.00
2016.09.13 13:21:59.825,0.76986,0.76992,1.00,1.00
2016.09.13 13:21:59.876,0.76985,0.76992,1.10,1.00
2016.09.13 13:22:01.108,0.76986,0.76992,1.00,1.00
2016.09.13 13:22:01.662,0.76986,0.76991,1.00,1.00
2016.09.13 13:22:02.635,0.76985,0.76991,1.10,1.00
2016.09.13 13:22:02.941,0.76985,0.76989,1.10,1.00
2016.09.13 13:22:03.512,0.76985,0.7699,1.10,1.00
2016.09.13 13:22:03.614,0.76985,0.7699,1.00,1.00
2016.09.13 13:22:04.364,0.76986,0.76991,1.00,1.00
2016.09.13 13:22:04.885,0.76984,0.76992,2.02,1.00
2016.09.13 13:22:05.044,0.76986,0.76992,1.00,1.00
2016.09.13 13:22:07.587,0.76983,0.76991,1.12,1.50
2016.09.13 13:22:07.639,0.76982,0.76989,1.12,1.00
2016.09.13 13:22:07.690,0.76981,0.76987,1.57,1.00
2016.09.13 13:22:07.742,0.76981,0.76985,1.10,1.00
2016.09.13 13:22:07.844,0.7698,0.76984,1.12,1.00
2016.09.13 13:22:08.692,0.76979,0.76984,1.57,1.00
2016.09.13 13:22:08.899,0.76979,0.76988,1.57,1.00
2016.09.13 13:22:08.951,0.76979,0.76989,3.07,1.87
2016.09.13 13:22:09.002,0.76981,0.76989,1.10,1.00
2016.09.13 13:22:09.053,0.76981,0.76989,1.65,1.00
2016.09.13 13:22:09.264,0.76981,0.76989,2.70,1.00
2016.09.13 13:22:09.697,0.76983,0.76989,1.10,1.00
2016.09.13 13:22:09.900,0.76984,0.7699,1.00,1.00
2016.09.13 13:22:10.120,0.76982,0.76989,1.87,1.00
2016.09.13 13:22:10.664,0.76982,0.76988,1.12,1.00
2016.09.13 13:22:10.766,0.76981,0.76987,1.57,1.00
2016.09.13 13:22:10.817,0.76981,0.76987,1.10,1.00
2016.09.13 13:22:11.117,0.76981,0.76989,1.10,1.00
2016.09.13 13:22:11.169,0.76984,0.76989,1.00,1.00
2016.09.13 13:22:12.408,0.76984,0.7699,1.50,1.00
2016.09.13 13:22:12.459,0.76987,0.76991,1.00,1.00
2016.09.13 13:22:12.510,0.76987,0.76992,1.00,1.12
2016.09.13 13:22:12.561,0.76985,0.76989,1.00,1.00
2016.09.13 13:22:12.762,0.76985,0.76989,1.10,1.00
2016.09.13 13:22:12.814,0.76983,0.76987,1.10,1.00
2016.09.13 13:22:12.865,0.76981,0.76988,1.87,1.00
2016.09.13 13:22:12.916,0.76981,0.76987,1.12,1.00
2016.09.13 13:22:12.968,0.76979,0.76989,2.32,1.50
2016.09.13 13:22:13.020,0.7698,0.76989,1.07,1.00
2016.09.13 13:22:13.123,0.76979,0.76988,3.00,1.00
2016.09.13 13:22:13.175,0.76979,0.76988,2.62,1.00
2016.09.13 13:22:13.227,0.76979,0.76988,1.95,1.00
2016.09.13 13:22:13.489,0.7698,0.76988,1.50,1.00
2016.09.13 13:22:13.693,0.76979,0.76987,1.95,1.00
2016.09.13 13:22:13.745,0.76979,0.76987,1.20,1.00
2016.09.13 13:22:13.796,0.76978,0.76985,1.87,1.00
2016.09.13 13:22:13.847,0.76978,0.76985,1.57,1.00
2016.09.13 13:22:13.898,0.76978,0.76985,1.27,1.00
2016.09.13 13:22:14.236,0.76977,0.76985,2.62,1.00
2016.09.13 13:22:14.290,0.76977,0.76985,2.25,1.00
2016.09.13 13:22:14.392,0.76978,0.76985,1.20,1.00
2016.09.13 13:22:17.734,0.76979,0.76987,1.00,1.00
2016.09.13 13:22:18.154,0.76979,0.76985,1.00,1.00
2016.09.13 13:22:18.206,0.76979,0.76986,1.00,1.00
2016.09.13 13:22:18.521,0.76979,0.76984,1.00,1.00
2016.09.13 13:22:19.819,0.76977,0.76984,1.87,1.00
2016.09.13 13:22:20.277,0.76977,0.76984,1.12,1.00
2016.09.13 13:22:21.938,0.76976,0.76984,2.32,1.00
2016.09.13 13:22:22.552,0.76976,0.76983,2.32,1.00
2016.09.13 13:22:22.604,0.76976,0.76984,1.57,1.00
2016.09.13 13:22:22.655,0.76976,0.76984,1.20,1.00
2016.09.13 13:22:22.707,0.76975,0.76984,2.25,1.00
2016.09.13 13:22:22.758,0.76975,0.76984,1.87,1.00
2016.09.13 13:22:22.990,0.76976,0.76984,1.20,1.00
2016.09.13 13:22:24.015,0.76975,0.76984,1.50,1.00
2016.09.13 13:22:24.210,0.76976,0.76984,1.20,1.00
2016.09.13 13:22:24.815,0.76979,0.76986,1.00,1.12
2016.09.13 13:22:26.702,0.76979,0.76986,1.00,1.12
2016.09.13 13:22:26.753,0.76979,0.76986,1.00,1.37
2016.09.13 13:22:26.804,0.76979,0.76985,1.00,1.00
2016.09.13 13:22:27.050,0.76978,0.76985,1.00,1.50
2016.09.13 13:22:27.474,0.76976,0.76984,1.01,1.00
2016.09.13 13:22:27.576,0.76976,0.76984,1.39,1.00
2016.09.13 13:22:27.627,0.76976,0.76984,1.62,1.00
2016.09.13 13:22:27.678,0.76976,0.76984,1.25,1.00
2016.09.13 13:22:27.780,0.76976,0.76984,1.25,1.50
2016.09.13 13:22:27.895,0.76976,0.76984,1.62,1.50
2016.09.13 13:22:28.593,0.76976,0.76983,1.62,1.00
2016.09.13 13:22:28.975,0.76976,0.76983,1.25,1.00
2016.09.13 13:22:29.463,0.76976,0.76983,1.25,1.12
2016.09.13 13:22:29.514,0.76976,0.76983,1.25,1.50
2016.09.13 13:22:29.616,0.76976,0.76983,1.00,1.50
2016.09.13 13:22:29.849,0.76976,0.76983,1.00,1.00
2016.09.13 13:22:30.155,0.76978,0.76986,1.00,1.12
2016.09.13 13:22:30.206,0.76978,0.76986,1.00,1.00
2016.09.13 13:22:30.463,0.7698,0.76988,1.00,2.70
2016.09.13 13:22:30.633,0.7698,0.76988,1.00,1.00
2016.09.13 13:22:30.861,0.76979,0.76986,1.00,1.00
2016.09.13 13:22:30.963,0.76977,0.76985,1.65,1.00
2016.09.13 13:22:31.014,0.76977,0.76986,1.57,2.25
2016.09.13 13:22:31.065,0.76979,0.76983,1.00,1.00
2016.09.13 13:22:31.167,0.7698,0.76985,1.00,1.12
2016.09.13 13:22:31.322,0.7698,0.76986,1.50,1.50
2016.09.13 13:22:31.374,0.76982,0.7699,1.20,3.00
2016.09.13 13:22:31.425,0.76984,0.7699,1.00,1.00
2016.09.13 13:22:31.476,0.76984,0.7699,1.00,1.12
2016.09.13 13:22:31.578,0.76984,0.7699,1.00,1.12
2016.09.13 13:22:32.201,0.76983,0.7699,1.00,1.12
2016.09.13 13:22:33.063,0.76983,0.7699,1.00,1.12
2016.09.13 13:22:33.688,0.76983,0.7699,1.00,1.31
2016.09.13 13:22:33.911,0.76983,0.7699,1.00,1.31
2016.09.13 13:22:34.467,0.76984,0.7699,1.00,1.31
2016.09.13 13:22:35.380,0.76983,0.7699,1.00,1.31
2016.09.13 13:22:35.856,0.76983,0.7699,1.00,1.56
2016.09.13 13:22:36.387,0.76983,0.7699,1.00,1.56
2016.09.13 13:22:36.882,0.76985,0.76991,1.00,2.44
2016.09.13 13:22:37.046,0.76985,0.76991,1.00,2.25
2016.09.13 13:22:37.097,0.76986,0.76992,1.00,1.31
2016.09.13 13:22:37.978,0.76986,0.76993,1.00,1.56
2016.09.13 13:22:39.986,0.76986,0.76992,1.00,1.31
2016.09.13 13:22:43.787,0.76986,0.76991,1.00,1.00
2016.09.13 13:22:44.294,0.76985,0.76991,1.00,1.00
2016.09.13 13:22:48.258,0.76984,0.76991,1.00,1.00
2016.09.13 13:22:48.361,0.76982,0.7699,1.00,2.06
2016.09.13 13:22:48.413,0.7698,0.76989,1.20,1.25
2016.09.13 13:22:48.606,0.7698,0.76988,1.10,1.19
2016.09.13 13:22:48.687,0.76981,0.76988,1.00,1.25
2016.09.13 13:22:48.738,0.76982,0.76988,1.00,1.25
2016.09.13 13:22:48.789,0.76983,0.76989,1.00,1.19
2016.09.13 13:22:48.841,0.76983,0.7699,1.00,1.56
2016.09.13 13:22:48.892,0.76983,0.7699,1.00,1.19
2016.09.13 13:22:48.994,0.76984,0.7699,1.00,1.00
2016.09.13 13:22:49.489,0.76983,0.7699,1.00,1.12
2016.09.13 13:22:49.591,0.76983,0.76989,1.00,1.00
2016.09.13 13:22:50.140,0.76983,0.76988,1.00,1.00
2016.09.13 13:22:51.652,0.76983,0.76988,1.00,1.25
2016.09.13 13:22:51.703,0.7698,0.76986,1.10,1.00
2016.09.13 13:22:51.805,0.7698,0.76986,1.00,1.00
2016.09.13 13:22:51.958,0.76978,0.76986,1.00,1.10
2016.09.13 13:22:53.710,0.76974,0.76983,1.50,1.00
2016.09.13 13:22:53.765,0.76976,0.76983,1.00,1.50
2016.09.13 13:22:53.816,0.76976,0.76982,1.00,1.00
2016.09.13 13:22:53.919,0.76977,0.76984,1.00,2.14
2016.09.13 13:22:53.970,0.76978,0.76984,1.00,2.51
2016.09.13 13:22:54.021,0.76978,0.76985,1.00,1.94
2016.09.13 13:22:54.072,0.76978,0.76985,1.00,1.37
2016.09.13 13:22:54.123,0.76978,0.76985,1.50,1.00
2016.09.13 13:22:54.174,0.76979,0.76985,1.00,1.00
2016.09.13 13:22:54.330,0.76977,0.76985,1.00,1.00
2016.09.13 13:22:54.381,0.76977,0.76986,1.00,1.20
2016.09.13 13:22:54.690,0.76977,0.76986,1.00,1.87
2016.09.13 13:22:54.741,0.76977,0.76986,1.00,2.06
2016.09.13 13:22:54.959,0.76975,0.76984,1.00,1.00
2016.09.13 13:22:55.144,0.76975,0.76983,1.00,1.25
2016.09.13 13:22:55.204,0.76972,0.76981,1.00,1.00
2016.09.13 13:22:55.255,0.76971,0.76981,1.87,1.50
2016.09.13 13:22:55.306,0.76971,0.7698,1.00,1.00
2016.09.13 13:22:55.408,0.76971,0.7698,1.00,1.00
2016.09.13 13:22:55.459,0.76971,0.7698,1.00,1.10
2016.09.13 13:22:55.510,0.76971,0.7698,1.00,1.01
2016.09.13 13:22:55.562,0.76971,0.7698,1.00,1.39
2016.09.13 13:22:55.613,0.76971,0.7698,1.00,1.76
2016.09.13 13:22:55.889,0.76971,0.7698,1.00,1.01
2016.09.13 13:22:56.307,0.76971,0.7698,1.00,1.25
2016.09.13 13:22:56.358,0.76971,0.7698,1.00,1.25
2016.09.13 13:22:56.460,0.76972,0.7698,1.00,1.00
2016.09.13 13:22:56.511,0.76974,0.76981,1.00,1.10
2016.09.13 13:22:56.562,0.76974,0.76981,1.00,1.00
2016.09.13 13:22:56.616,0.76974,0.76982,1.50,1.00
2016.09.13 13:22:56.667,0.76976,0.76982,1.00,1.00
2016.09.13 13:22:56.869,0.76976,0.76984,1.50,1.01
2016.09.13 13:22:56.920,0.76976,0.76985,1.50,1.29
2016.09.13 13:22:57.022,0.76977,0.76985,1.00,1.01
2016.09.13 13:22:57.073,0.76978,0.76986,1.00,1.76
2016.09.13 13:22:57.124,0.76978,0.76986,1.00,1.29
2016.09.13 13:22:57.226,0.76978,0.76986,1.00,1.19
2016.09.13 13:22:57.504,0.76978,0.76987,1.00,1.76
2016.09.13 13:22:57.555,0.76977,0.76987,1.50,2.51
2016.09.13 13:22:57.606,0.76977,0.76986,1.00,1.19
2016.09.13 13:22:57.735,0.76977,0.76986,1.00,1.69
2016.09.13 13:22:57.786,0.76978,0.76986,1.00,2.44
2016.09.13 13:22:58.107,0.76978,0.76986,1.00,3.19
2016.09.13 13:22:58.311,0.76978,0.76986,1.00,2.44
2016.09.13 13:22:58.841,0.76979,0.76986,1.00,2.44
2016.09.13 13:22:59.072,0.76979,0.76986,1.50,1.69
2016.09.13 13:22:59.123,0.76981,0.76987,1.00,1.01
2016.09.13 13:22:59.174,0.76981,0.76988,1.50,1.76
2016.09.13 13:22:59.225,0.76981,0.76988,1.50,1.57
2016.09.13 13:22:59.327,0.76981,0.76988,2.25,1.37
2016.09.13 13:22:59.378,0.76981,0.76989,1.50,2.44
2016.09.13 13:22:59.430,0.76981,0.76989,1.50,2.06
2016.09.13 13:22:59.481,0.76981,0.76989,1.00,2.06
2016.09.13 13:22:59.532,0.7698,0.76988,1.00,1.00
2016.09.13 13:22:59.742,0.7698,0.76988,1.00,1.00
2016.09.13 13:22:59.795,0.76979,0.76988,1.50,1.50
2016.09.13 13:22:59.847,0.76979,0.76987,1.00,1.00
2016.09.13 13:23:00.050,0.76977,0.76984,1.00,1.00
2016.09.13 13:23:00.615,0.76978,0.76984,1.00,1.00
2016.09.13 13:23:00.830,0.7698,0.76988,1.00,1.00
2016.09.13 13:23:00.882,0.76982,0.76988,1.50,1.00
2016.09.13 13:23:00.933,0.76983,0.7699,1.50,1.10
2016.09.13 13:23:00.987,0.76984,0.7699,1.20,1.00
2016.09.13 13:23:01.039,0.76984,0.76993,2.32,3.75
2016.09.13 13:23:01.090,0.76984,0.76993,2.62,1.50
2016.09.13 13:23:01.192,0.76984,0.76993,3.75,1.12
2016.09.13 13:23:01.243,0.76984,0.76991,3.75,1.00
2016.09.13 13:23:01.487,0.76984,0.76991,4.50,1.00
2016.09.13 13:23:01.538,0.76984,0.7699,3.00,1.00
2016.09.13 13:23:01.590,0.76985,0.7699,1.57,1.00
2016.09.13 13:23:01.693,0.76985,0.76991,1.20,1.00
2016.09.13 13:23:01.744,0.76985,0.76989,1.00,1.00
2016.09.13 13:23:01.795,0.76982,0.76989,1.12,1.00
2016.09.13 13:23:01.847,0.7698,0.76987,3.00,1.00
2016.09.13 13:23:01.898,0.76984,0.76988,1.00,1.00
2016.09.13 13:23:03.403,0.76985,0.76989,1.00,1.00
2016.09.13 13:23:03.914,0.76986,0.76991,1.00,1.31
2016.09.13 13:23:04.107,0.76986,0.7699,1.00,1.00
2016.09.13 13:23:04.757,0.76984,0.76988,1.00,1.00
2016.09.13 13:23:05.388,0.76983,0.76987,1.00,1.00
2016.09.13 13:23:05.439,0.76982,0.76986,1.10,1.00
2016.09.13 13:23:05.541,0.76983,0.76987,1.00,1.00
2016.09.13 13:23:05.926,0.76981,0.76985,1.00,1.00
2016.09.13 13:23:06.831,0.7698,0.76985,1.00,1.00
2016.09.13 13:23:07.455,0.7698,0.76984,1.00,1.00
2016.09.13 13:23:08.113,0.76979,0.76985,1.00,1.00
2016.09.13 13:23:09.736,0.7698,0.76985,1.00,1.00
2016.09.13 13:23:10.253,0.76981,0.76985,1.00,1.00
2016.09.13 13:23:10.795,0.7698,0.76984,1.00,1.00
2016.09.13 13:23:11.563,0.76981,0.76985,1.00,1.00
2016.09.13 13:23:12.322,0.7698,0.76984,1.00,1.00
2016.09.13 13:23:12.627,0.76982,0.76986,1.00,1.00
2016.09.13 13:23:13.167,0.76981,0.76986,1.00,1.00
2016.09.13 13:23:13.715,0.76982,0.76986,1.00,1.00
2016.09.13 13:23:14.639,0.76979,0.76984,1.00,1.00
2016.09.13 13:23:15.186,0.76978,0.76984,1.00,1.00
2016.09.13 13:23:15.773,0.76977,0.76984,1.00,1.00
2016.09.13 13:23:16.094,0.76977,0.76982,1.00,1.00
2016.09.13 13:23:16.604,0.76978,0.76982,1.00,1.00
2016.09.13 13:23:17.082,0.76976,0.76982,1.12,1.00
2016.09.13 13:23:17.342,0.76976,0.76982,1.12,1.00
2016.09.13 13:23:19.254,0.76976,0.76984,1.12,1.00
2016.09.13 13:23:19.305,0.76976,0.76982,1.12,1.00
2016.09.13 13:23:19.856,0.76977,0.76982,1.00,1.00
2016.09.13 13:23:20.263,0.76977,0.76986,1.50,1.00
2016.09.13 13:23:21.813,0.76978,0.76986,1.00,1.00
2016.09.13 13:23:22.085,0.7698,0.76988,1.00,1.29
2016.09.13 13:23:22.136,0.7698,0.76988,1.00,1.76
2016.09.13 13:23:22.187,0.7698,0.76988,1.00,2.06
2016.09.13 13:23:22.239,0.7698,0.76988,1.00,1.69
2016.09.13 13:23:22.290,0.7698,0.76988,1.00,1.31
2016.09.13 13:23:22.673,0.76982,0.76988,1.00,1.19
2016.09.13 13:23:22.834,0.76982,0.76988,1.00,1.25
2016.09.13 13:23:23.504,0.76982,0.76987,1.00,1.00
2016.09.13 13:23:24.251,0.7698,0.76987,1.00,1.00
2016.09.13 13:23:24.557,0.7698,0.76987,1.50,1.00
2016.09.13 13:23:24.659,0.76981,0.76987,1.00,1.00
2016.09.13 13:23:27.356,0.7698,0.76987,1.50,1.00
2016.09.13 13:23:27.654,0.7698,0.76986,1.00,1.00
2016.09.13 13:23:29.660,0.76978,0.76986,1.00,1.00
2016.09.13 13:23:29.737,0.76977,0.76984,1.00,1.00
2016.09.13 13:23:29.865,0.76977,0.76984,1.00,1.12
2016.09.13 13:23:29.934,0.76976,0.76983,1.00,1.00
2016.09.13 13:23:30.088,0.76976,0.76983,1.00,1.00
2016.09.13 13:23:30.139,0.76976,0.76983,1.00,1.31
2016.09.13 13:23:30.191,0.76975,0.76983,1.00,2.14
2016.09.13 13:23:30.344,0.76975,0.76983,1.00,4.01
2016.09.13 13:23:30.395,0.76975,0.7698,1.00,1.00
2016.09.13 13:23:30.909,0.76974,0.7698,1.00,1.00
2016.09.13 13:23:32.243,0.76974,0.7698,1.00,1.12
2016.09.13 13:23:32.463,0.76973,0.7698,1.00,1.00
2016.09.13 13:23:34.352,0.76974,0.7698,1.00,1.00
2016.09.13 13:23:36.519,0.76974,0.76982,1.00,2.62
2016.09.13 13:23:36.876,0.76974,0.76982,1.00,1.50
2016.09.13 13:23:36.978,0.76974,0.76982,1.00,1.00
2016.09.13 13:23:38.081,0.76973,0.76982,1.00,1.00
2016.09.13 13:23:38.183,0.76973,0.76982,1.00,1.37
2016.09.13 13:23:38.234,0.76973,0.76982,1.00,1.47
2016.09.13 13:23:38.336,0.76973,0.76981,1.00,1.12
2016.09.13 13:23:38.896,0.76973,0.76981,1.00,1.00
2016.09.13 13:23:38.948,0.76978,0.76983,1.00,2.51
2016.09.13 13:23:38.999,0.76977,0.76983,1.00,1.39
2016.09.13 13:23:39.052,0.76977,0.76984,1.00,1.37
2016.09.13 13:23:39.104,0.76979,0.76985,1.00,1.25
2016.09.13 13:23:39.363,0.76979,0.76985,1.00,1.00
2016.09.13 13:23:39.552,0.7698,0.76987,1.00,1.50
2016.09.13 13:23:39.603,0.76979,0.76988,1.00,2.14
2016.09.13 13:23:39.655,0.76979,0.76988,1.00,2.06
2016.09.13 13:23:39.807,0.76979,0.76988,1.00,1.69
2016.09.13 13:23:39.910,0.76979,0.76988,1.00,1.31
2016.09.13 13:23:40.114,0.7698,0.76989,1.00,1.76
2016.09.13 13:23:40.165,0.7698,0.76989,1.00,1.66
2016.09.13 13:23:40.216,0.7698,0.76989,1.00,1.39
2016.09.13 13:23:40.439,0.76979,0.76988,1.00,1.25
2016.09.13 13:23:41.453,0.76979,0.76987,1.00,1.00
2016.09.13 13:23:41.606,0.76979,0.76987,1.00,1.25
2016.09.13 13:23:43.047,0.76979,0.76988,1.00,1.69
2016.09.13 13:23:43.099,0.76979,0.76988,1.00,1.31
2016.09.13 13:23:43.200,0.76979,0.76988,1.00,1.19
2016.09.13 13:23:44.736,0.76979,0.76987,1.00,1.25
2016.09.13 13:23:45.343,0.76979,0.76988,1.00,1.19
2016.09.13 13:23:45.652,0.76981,0.76988,1.00,1.19
2016.09.13 13:23:46.452,0.76981,0.76987,1.00,1.25
2016.09.13 13:23:47.235,0.76981,0.76988,1.00,1.19
2016.09.13 13:23:47.928,0.7698,0.76988,1.00,1.19
2016.09.13 13:23:48.030,0.7698,0.76987,1.00,1.25
2016.09.13 13:23:48.553,0.76979,0.76987,1.00,1.25
2016.09.13 13:23:49.339,0.76979,0.76986,1.00,1.00
2016.09.13 13:23:49.651,0.76976,0.76983,1.20,1.00
2016.09.13 13:23:49.702,0.76976,0.76983,1.10,1.19
2016.09.13 13:23:49.782,0.76975,0.76983,1.00,1.19
2016.09.13 13:23:49.834,0.76974,0.76981,1.00,1.50
2016.09.13 13:23:49.886,0.76975,0.76981,1.00,1.00
2016.09.13 13:23:49.938,0.76974,0.76981,1.00,1.37
2016.09.13 13:23:49.990,0.76973,0.7698,1.00,1.12
2016.09.13 13:23:50.042,0.76973,0.7698,1.00,2.06
2016.09.13 13:23:50.093,0.76973,0.7698,1.00,2.81
2016.09.13 13:23:50.226,0.76973,0.7698,1.00,2.06
2016.09.13 13:23:50.278,0.76973,0.7698,1.00,1.50
2016.09.13 13:23:50.329,0.76973,0.76981,1.00,2.44
2016.09.13 13:23:50.380,0.76973,0.76981,1.00,2.44
2016.09.13 13:23:50.432,0.76974,0.76981,1.00,1.31
2016.09.13 13:23:50.584,0.76974,0.76981,1.00,1.12
2016.09.13 13:23:50.839,0.76974,0.76982,1.00,1.69
2016.09.13 13:23:51.223,0.76976,0.76982,1.00,1.69
2016.09.13 13:23:51.274,0.76976,0.76983,1.50,2.44
2016.09.13 13:23:51.326,0.76976,0.76983,1.50,1.31
2016.09.13 13:23:51.429,0.76976,0.76983,1.50,1.19
2016.09.13 13:23:51.533,0.76976,0.76985,1.50,1.69
2016.09.13 13:23:51.584,0.76976,0.76985,1.50,1.31
2016.09.13 13:23:51.738,0.76976,0.76985,1.50,1.69
2016.09.13 13:23:51.841,0.76976,0.76985,1.50,1.31
2016.09.13 13:23:52.024,0.76977,0.76985,1.00,1.31
2016.09.13 13:23:52.126,0.76979,0.76985,1.00,1.31
2016.09.13 13:23:52.177,0.7698,0.76986,1.00,1.76
2016.09.13 13:23:52.229,0.7698,0.76987,1.00,2.44
2016.09.13 13:23:52.280,0.76981,0.76987,1.00,1.60
2016.09.13 13:23:52.332,0.76981,0.76989,1.00,2.06
2016.09.13 13:23:52.433,0.76981,0.76989,1.00,2.44
2016.09.13 13:23:52.826,0.76981,0.76989,1.00,2.06
2016.09.13 13:23:52.928,0.76981,0.76989,1.00,2.81
2016.09.13 13:23:53.127,0.76978,0.76988,1.10,1.31
2016.09.13 13:23:53.381,0.76978,0.76987,1.10,1.25
2016.09.13 13:23:54.245,0.76977,0.76986,1.50,1.00
2016.09.13 13:23:54.834,0.76977,0.76984,2.25,1.00
2016.09.13 13:23:58.347,0.76976,0.76982,1.20,1.00
2016.09.13 13:23:58.400,0.76977,0.76981,1.00,1.00
2016.09.13 13:23:58.503,0.76973,0.7698,2.25,1.00
2016.09.13 13:23:58.554,0.76973,0.7698,1.12,1.00
2016.09.13 13:23:58.612,0.76973,0.7698,1.12,1.00
2016.09.13 13:23:58.669,0.76973,0.7698,1.00,1.00
2016.09.13 13:23:59.328,0.76973,0.7698,1.00,1.00
2016.09.13 13:23:59.429,0.76973,0.76981,1.00,1.00
2016.09.13 13:23:59.480,0.76972,0.76981,1.95,1.00
2016.09.13 13:23:59.531,0.76972,0.76981,1.95,1.25
2016.09.13 13:23:59.633,0.76972,0.7698,1.95,1.00
2016.09.13 13:23:59.684,0.76972,0.7698,2.70,1.00
2016.09.13 13:23:59.786,0.76972,0.7698,2.32,1.00
2016.09.13 13:24:00.297,0.76972,0.76979,2.32,1.00
2016.09.13 13:24:00.768,0.76972,0.76979,1.57,1.00
2016.09.13 13:24:01.643,0.76972,0.76982,2.32,1.19
2016.09.13 13:24:01.853,0.76973,0.76981,1.00,1.31
2016.09.13 13:24:02.523,0.76973,0.76981,1.00,1.62
2016.09.13 13:24:02.575,0.76972,0.76981,1.00,1.56
2016.09.13 13:24:02.628,0.76971,0.76981,1.00,2.06
2016.09.13 13:24:02.679,0.76971,0.76981,1.00,2.51
2016.09.13 13:24:02.933,0.76971,0.76981,1.00,2.89
2016.09.13 13:24:03.046,0.76971,0.7698,1.00,1.31
2016.09.13 13:24:03.097,0.7697,0.76979,1.00,1.00
2016.09.13 13:24:03.148,0.7697,0.76979,1.00,1.69
2016.09.13 13:24:03.199,0.76968,0.76978,1.87,1.12
2016.09.13 13:24:03.373,0.76968,0.76977,1.12,1.69
2016.09.13 13:24:04.275,0.76968,0.76977,1.00,2.06
2016.09.13 13:24:04.800,0.76969,0.76977,1.00,2.06
2016.09.13 13:24:04.854,0.76969,0.76977,1.00,1.31
2016.09.13 13:24:05.652,0.7697,0.76978,1.00,1.69
2016.09.13 13:24:05.703,0.7697,0.76978,1.00,2.44
2016.09.13 13:24:06.930,0.76968,0.76978,1.00,2.44
2016.09.13 13:24:07.133,0.76967,0.76977,1.50,2.06
2016.09.13 13:24:07.184,0.76967,0.76977,1.00,2.81
2016.09.13 13:24:07.236,0.76967,0.76977,1.00,2.44
2016.09.13 13:24:07.287,0.76967,0.76976,1.00,1.31
2016.09.13 13:24:07.389,0.76967,0.76976,1.00,1.31
2016.09.13 13:24:07.907,0.76968,0.76976,1.00,1.31
2016.09.13 13:24:07.958,0.76968,0.76976,1.00,1.12
2016.09.13 13:24:08.009,0.76968,0.76976,1.00,1.12
2016.09.13 13:24:08.060,0.76968,0.76977,1.00,2.06
2016.09.13 13:24:08.162,0.76968,0.76977,1.00,1.31
2016.09.13 13:24:08.366,0.76968,0.76977,1.00,1.25
2016.09.13 13:24:09.367,0.7697,0.76979,1.00,2.06
2016.09.13 13:24:09.419,0.7697,0.76979,1.00,1.87
2016.09.13 13:24:09.470,0.7697,0.76979,1.00,1.50
2016.09.13 13:24:09.521,0.76971,0.76979,1.00,1.00
2016.09.13 13:24:09.572,0.76971,0.7698,1.00,2.06
2016.09.13 13:24:09.931,0.76971,0.7698,1.00,1.31
2016.09.13 13:24:10.392,0.76971,0.76981,1.00,3.26
2016.09.13 13:24:10.694,0.76971,0.76979,1.50,1.00
2016.09.13 13:24:12.334,0.76971,0.7698,1.00,1.31
2016.09.13 13:24:13.407,0.76971,0.76981,1.00,2.51
2016.09.13 13:24:13.678,0.76971,0.7698,1.00,1.31
2016.09.13 13:24:14.408,0.76971,0.7698,1.50,1.31
2016.09.13 13:24:14.595,0.76971,0.76979,1.50,1.00
2016.09.13 13:24:15.495,0.76971,0.7698,1.50,1.31
2016.09.13 13:24:15.597,0.76971,0.7698,1.00,1.31
2016.09.13 13:24:16.075,0.76971,0.76979,1.00,1.00
2016.09.13 13:24:16.153,0.76969,0.76979,1.87,1.87
2016.09.13 13:24:16.204,0.76969,0.76977,1.00,1.50
2016.09.13 13:24:16.256,0.76968,0.76976,1.10,1.00
2016.09.13 13:24:16.307,0.76968,0.76975,1.00,1.00
2016.09.13 13:24:16.464,0.76966,0.76974,1.00,1.25
2016.09.13 13:24:16.880,0.76966,0.76974,1.00,1.31
2016.09.13 13:24:17.034,0.76966,0.76974,1.00,1.25
2016.09.13 13:24:17.424,0.76966,0.76975,1.00,2.06
2016.09.13 13:24:19.988,0.76966,0.76973,1.00,1.00
2016.09.13 13:24:21.035,0.76965,0.76972,1.00,1.00
2016.09.13 13:24:21.756,0.76965,0.76972,1.00,1.00
2016.09.13 13:24:22.295,0.76964,0.76972,1.50,1.00
2016.09.13 13:24:22.882,0.76964,0.76971,1.50,1.00
2016.09.13 13:24:24.295,0.76965,0.76972,1.00,1.00
2016.09.13 13:24:27.268,0.76965,0.76971,1.00,1.00
2016.09.13 13:24:27.319,0.76962,0.7697,1.95,1.00
2016.09.13 13:24:27.502,0.76962,0.7697,1.57,1.00
2016.09.13 13:24:27.554,0.76962,0.7697,1.00,1.00
2016.09.13 13:24:27.860,0.76962,0.76968,1.00,1.00
2016.09.13 13:24:28.294,0.76961,0.76968,1.50,1.00
2016.09.13 13:24:29.315,0.76961,0.76968,1.00,1.00
2016.09.13 13:24:29.468,0.76958,0.76965,1.87,1.00
2016.09.13 13:24:29.650,0.76958,0.76965,1.00,1.00
2016.09.13 13:24:30.012,0.76958,0.76962,1.00,1.00
2016.09.13 13:24:30.064,0.76958,0.76964,1.50,1.00
2016.09.13 13:24:30.115,0.76958,0.76964,1.00,1.62
2016.09.13 13:24:30.167,0.76958,0.76964,1.00,2.06
2016.09.13 13:24:30.457,0.76958,0.76964,1.00,3.19
2016.09.13 13:24:30.613,0.76958,0.76963,1.00,1.12
2016.09.13 13:24:30.669,0.76958,0.76963,1.00,1.00
2016.09.13 13:24:30.721,0.76958,0.76965,1.00,2.51
2016.09.13 13:24:30.773,0.76959,0.76965,1.00,1.57
2016.09.13 13:24:30.825,0.76959,0.76967,1.50,4.01
2016.09.13 13:24:30.877,0.76959,0.76967,1.50,2.14
2016.09.13 13:24:30.929,0.7696,0.76967,1.50,1.69
2016.09.13 13:24:30.981,0.7696,0.76967,1.50,1.25
2016.09.13 13:24:31.034,0.76961,0.76967,1.00,1.25
2016.09.13 13:24:31.085,0.76961,0.76967,1.00,1.00
2016.09.13 13:24:31.375,0.76961,0.76967,1.00,1.10
2016.09.13 13:24:31.721,0.76961,0.76968,1.00,1.72
2016.09.13 13:24:31.823,0.76961,0.76967,1.00,1.10
2016.09.13 13:24:32.164,0.76961,0.76967,1.00,1.20
2016.09.13 13:24:32.678,0.7696,0.76967,1.00,1.20
2016.09.13 13:24:32.832,0.76962,0.76968,1.00,2.47
2016.09.13 13:24:32.883,0.7696,0.76968,1.00,2.47
2016.09.13 13:24:32.934,0.76961,0.76968,1.00,2.10
2016.09.13 13:24:33.172,0.76959,0.76968,1.00,4.16
2016.09.13 13:24:33.224,0.76959,0.76966,1.00,1.50
2016.09.13 13:24:33.275,0.76959,0.76966,1.00,1.87
2016.09.13 13:24:33.327,0.76959,0.76966,1.50,1.87
2016.09.13 13:24:33.378,0.76959,0.76966,1.50,1.12
2016.09.13 13:24:33.530,0.76959,0.76966,1.00,1.12
2016.09.13 13:24:33.606,0.76959,0.76966,1.00,2.47
2016.09.13 13:24:33.658,0.76959,0.76965,1.00,1.12
2016.09.13 13:24:33.972,0.76957,0.76965,1.50,1.12
2016.09.13 13:24:34.023,0.76957,0.76965,1.50,1.00
2016.09.13 13:24:34.227,0.76958,0.76965,1.00,1.00
2016.09.13 13:24:35.785,0.76959,0.76965,1.00,1.00
2016.09.13 13:24:36.962,0.76959,0.76965,1.00,1.12
2016.09.13 13:24:39.694,0.7696,0.76965,1.00,1.12
2016.09.13 13:24:40.378,0.7696,0.76965,1.00,1.12
2016.09.13 13:24:40.480,0.7696,0.76965,1.00,1.12
2016.09.13 13:24:42.741,0.7696,0.76965,1.00,1.00
2016.09.13 13:24:42.843,0.76958,0.76964,1.00,1.00
2016.09.13 13:24:42.895,0.76958,0.76964,1.50,1.50
2016.09.13 13:24:42.948,0.76956,0.76962,1.00,1.00
2016.09.13 13:24:43.051,0.76955,0.7696,1.00,1.00
2016.09.13 13:24:43.373,0.76955,0.7696,1.00,1.12
2016.09.13 13:24:43.756,0.76954,0.7696,1.50,1.12
2016.09.13 13:24:43.960,0.76954,0.7696,1.00,1.12
2016.09.13 13:24:44.062,0.76954,0.7696,1.00,1.37
2016.09.13 13:24:44.233,0.76955,0.76959,1.00,1.00
2016.09.13 13:24:44.288,0.76958,0.76962,1.00,1.12
2016.09.13 13:24:44.340,0.76959,0.76963,1.00,2.25
2016.09.13 13:24:44.391,0.76959,0.76963,1.00,1.12
2016.09.13 13:24:44.442,0.76959,0.76963,1.00,1.00
2016.09.13 13:24:44.595,0.76958,0.76963,1.50,1.00
2016.09.13 13:24:44.647,0.7696,0.76965,1.50,1.47
2016.09.13 13:24:44.698,0.7696,0.76964,1.50,1.00
2016.09.13 13:24:44.749,0.76961,0.76965,1.00,1.50
2016.09.13 13:24:45.001,0.7696,0.76964,1.00,1.00
2016.09.13 13:24:45.159,0.76962,0.76966,1.00,1.95
2016.09.13 13:24:45.210,0.76962,0.76966,1.00,1.10
2016.09.13 13:24:45.313,0.76961,0.76967,1.00,1.87
2016.09.13 13:24:45.364,0.76961,0.76967,1.00,1.50
2016.09.13 13:24:45.835,0.7696,0.76967,1.00,1.87
2016.09.13 13:24:45.886,0.7696,0.76967,1.00,1.37
2016.09.13 13:24:45.937,0.76959,0.76965,1.00,1.00
2016.09.13 13:24:46.141,0.7696,0.76965,1.00,1.12
2016.09.13 13:24:46.193,0.7696,0.76965,1.00,1.12
2016.09.13 13:24:46.245,0.7696,0.76965,1.00,1.50
2016.09.13 13:24:46.297,0.7696,0.76965,1.00,1.87
2016.09.13 13:24:46.451,0.76959,0.76963,1.00,1.12
2016.09.13 13:24:46.503,0.76957,0.76963,1.00,1.12
2016.09.13 13:24:46.804,0.76956,0.76963,1.50,1.12
2016.09.13 13:24:46.855,0.76957,0.76963,1.00,1.12
2016.09.13 13:24:47.261,0.76956,0.76964,1.00,2.25
2016.09.13 13:24:47.312,0.76956,0.76964,1.00,1.50
2016.09.13 13:24:47.520,0.76956,0.76964,1.00,1.50
2016.09.13 13:24:47.624,0.76956,0.76964,1.00,1.12
2016.09.13 13:24:47.767,0.76956,0.76962,1.00,1.00
2016.09.13 13:24:48.276,0.76959,0.76964,1.00,1.12
2016.09.13 13:24:48.378,0.76959,0.76964,1.00,1.37
2016.09.13 13:24:48.429,0.76959,0.76964,1.00,1.50
2016.09.13 13:24:48.597,0.76959,0.76965,1.00,2.25
2016.09.13 13:24:48.668,0.76961,0.76967,1.00,2.25
2016.09.13 13:24:49.794,0.76961,0.76967,1.00,3.00
2016.09.13 13:24:49.998,0.76961,0.76967,1.00,2.25
2016.09.13 13:24:50.173,0.76961,0.76967,1.00,2.25
2016.09.13 13:24:50.546,0.76961,0.76967,1.00,3.00
2016.09.13 13:24:50.597,0.76961,0.76967,1.00,2.25
2016.09.13 13:24:50.648,0.76961,0.76966,1.00,1.37
2016.09.13 13:24:50.904,0.7696,0.76966,1.00,1.12
2016.09.13 13:24:50.956,0.7696,0.76966,1.00,1.12
2016.09.13 13:24:51.290,0.76961,0.76966,1.00,1.00
2016.09.13 13:24:52.690,0.76961,0.76967,1.00,1.12
2016.09.13 13:24:52.843,0.76961,0.76967,1.00,1.50
2016.09.13 13:24:52.945,0.76962,0.76968,1.00,2.92
2016.09.13 13:24:53.047,0.76962,0.76968,1.00,2.47
2016.09.13 13:24:53.098,0.76962,0.76968,1.00,2.10
2016.09.13 13:24:53.716,0.76962,0.76969,1.00,2.44
2016.09.13 13:24:53.767,0.76962,0.76969,1.00,1.69
2016.09.13 13:24:55.006,0.76962,0.76969,1.00,1.25
2016.09.13 13:24:55.108,0.76962,0.76969,1.00,1.62
2016.09.13 13:24:55.159,0.76962,0.76969,1.00,2.00
2016.09.13 13:24:55.211,0.76962,0.76969,1.00,1.25
2016.09.13 13:24:56.063,0.76963,0.76969,1.00,1.25
2016.09.13 13:24:56.444,0.76963,0.76968,1.00,1.00
2016.09.13 13:24:56.496,0.7696,0.76968,2.25,1.12
2016.09.13 13:24:56.547,0.7696,0.76968,1.00,1.12
2016.09.13 13:24:56.598,0.76959,0.76967,1.00,2.25
2016.09.13 13:24:56.649,0.76959,0.76967,1.00,3.37
2016.09.13 13:24:56.701,0.76958,0.76967,1.00,3.37
2016.09.13 13:24:56.752,0.76958,0.76967,1.00,4.12
2016.09.13 13:24:56.943,0.76959,0.76967,1.00,1.37
2016.09.13 13:24:57.300,0.76959,0.76967,1.00,1.12
2016.09.13 13:24:57.453,0.76959,0.76968,1.00,2.25
2016.09.13 13:24:57.605,0.76959,0.76968,1.00,1.50
2016.09.13 13:24:57.656,0.76959,0.76968,1.00,1.12
2016.09.13 13:24:57.707,0.76959,0.76968,1.00,1.37
2016.09.13 13:24:57.847,0.76959,0.76968,1.00,1.12
2016.09.13 13:24:57.898,0.7696,0.76968,1.00,1.00
2016.09.13 13:24:58.394,0.7696,0.76968,1.00,1.37
2016.09.13 13:24:58.445,0.7696,0.76968,1.00,1.50
2016.09.13 13:24:58.623,0.7696,0.76968,1.00,1.00
2016.09.13 13:24:58.676,0.7696,0.76968,1.00,1.12
2016.09.13 13:24:59.101,0.7696,0.76968,1.00,1.00
2016.09.13 13:24:59.203,0.7696,0.76968,1.00,1.37
2016.09.13 13:24:59.254,0.7696,0.76968,1.00,1.50
2016.09.13 13:24:59.305,0.7696,0.76968,1.00,1.50
2016.09.13 13:25:00.230,0.7696,0.76968,1.00,1.00
2016.09.13 13:25:00.331,0.7696,0.76968,1.00,1.12
2016.09.13 13:25:00.728,0.7696,0.76969,1.00,1.31
2016.09.13 13:25:00.780,0.7696,0.76969,1.00,1.25
2016.09.13 13:25:01.114,0.7696,0.76969,1.00,2.06
2016.09.13 13:25:01.165,0.7696,0.76967,1.00,1.12
2016.09.13 13:25:01.318,0.7696,0.76967,1.00,1.00
2016.09.13 13:25:01.419,0.7696,0.76967,1.00,1.12
2016.09.13 13:25:01.737,0.76964,0.76971,1.50,1.00
2016.09.13 13:25:01.788,0.76965,0.76971,1.00,1.00
2016.09.13 13:25:01.941,0.76966,0.76973,1.00,1.50
2016.09.13 13:25:02.197,0.76967,0.76973,1.00,1.00
2016.09.13 13:25:02.248,0.76966,0.76974,1.00,1.69
2016.09.13 13:25:02.300,0.76966,0.76974,1.00,1.69
2016.09.13 13:25:02.584,0.76966,0.76974,1.00,1.31
2016.09.13 13:25:02.635,0.76971,0.76975,1.00,1.27
2016.09.13 13:25:02.687,0.76971,0.76976,1.00,2.62
2016.09.13 13:25:02.738,0.76971,0.76977,1.00,1.95
2016.09.13 13:25:02.841,0.76971,0.76977,1.00,1.50
2016.09.13 13:25:02.893,0.76971,0.76978,1.00,3.75
2016.09.13 13:25:02.944,0.76971,0.76978,1.00,1.57
2016.09.13 13:25:03.046,0.76971,0.76978,1.00,2.32
2016.09.13 13:25:03.148,0.76971,0.76978,1.00,1.57
2016.09.13 13:25:03.250,0.76971,0.76978,1.00,2.32
2016.09.13 13:25:03.488,0.76971,0.76978,1.00,1.57
2016.09.13 13:25:03.879,0.76971,0.76977,1.50,1.12
2016.09.13 13:25:04.083,0.76972,0.76978,1.00,2.32
2016.09.13 13:25:04.134,0.76973,0.76978,1.00,1.10
2016.09.13 13:25:04.292,0.76974,0.7698,1.00,1.91
2016.09.13 13:25:04.349,0.76975,0.7698,1.00,1.00
2016.09.13 13:25:04.865,0.76975,0.76982,1.00,2.10
2016.09.13 13:25:05.062,0.76974,0.76982,1.50,2.85
2016.09.13 13:25:05.114,0.76974,0.76979,1.00,1.00
2016.09.13 13:25:05.165,0.76973,0.76979,1.00,1.12
2016.09.13 13:25:05.216,0.76973,0.76979,1.00,2.25
2016.09.13 13:25:05.267,0.7697,0.76978,1.00,1.20
2016.09.13 13:25:05.319,0.7697,0.76978,1.00,1.80
2016.09.13 13:25:05.370,0.76969,0.76978,1.00,2.92
2016.09.13 13:25:05.472,0.76968,0.76978,1.00,4.05
2016.09.13 13:25:05.574,0.76968,0.76977,1.00,1.47
2016.09.13 13:25:05.848,0.76967,0.76976,1.00,1.87
2016.09.13 13:25:06.103,0.76965,0.76975,1.00,1.50
2016.09.13 13:25:06.155,0.76965,0.76975,1.00,1.65
2016.09.13 13:25:06.206,0.76965,0.76974,1.00,1.00
2016.09.13 13:25:06.467,0.76965,0.76975,1.00,1.65
2016.09.13 13:25:06.638,0.76965,0.76975,1.00,2.02
2016.09.13 13:25:06.827,0.76965,0.76973,1.50,1.00
2016.09.13 13:25:07.945,0.76967,0.76973,1.00,1.00
2016.09.13 13:25:07.996,0.76967,0.76976,1.00,1.50
2016.09.13 13:25:08.047,0.76967,0.76976,1.50,2.25
2016.09.13 13:25:08.098,0.76967,0.76976,1.50,3.00
2016.09.13 13:25:08.151,0.76967,0.76976,1.50,1.50
2016.09.13 13:25:08.370,0.76967,0.76976,1.00,1.50
2016.09.13 13:25:08.422,0.76967,0.76975,1.00,1.27
2016.09.13 13:25:08.942,0.76968,0.76975,1.00,1.27
2016.09.13 13:25:09.393,0.76968,0.76976,1.00,2.25
2016.09.13 13:25:09.444,0.76968,0.76976,1.00,3.00
2016.09.13 13:25:10.348,0.76967,0.76976,1.00,3.00
2016.09.13 13:25:10.444,0.76967,0.76976,1.00,2.25
2016.09.13 13:25:10.495,0.76967,0.76975,1.00,1.27
2016.09.13 13:25:11.369,0.76966,0.76975,1.00,1.27
2016.09.13 13:25:11.420,0.76967,0.76975,1.00,1.65
2016.09.13 13:25:11.472,0.76969,0.76975,1.00,1.20
2016.09.13 13:25:11.579,0.76969,0.76975,1.00,1.10
2016.09.13 13:25:11.631,0.76969,0.76977,1.00,1.20
2016.09.13 13:25:12.017,0.76969,0.76976,1.00,1.10
2016.09.13 13:25:12.801,0.76969,0.76977,1.00,1.57
2016.09.13 13:25:13.089,0.76969,0.76977,1.00,1.20
2016.09.13 13:25:13.328,0.76969,0.76977,1.00,1.95
2016.09.13 13:25:13.379,0.76968,0.76976,1.00,1.20
2016.09.13 13:25:13.430,0.76967,0.76974,1.00,1.00
2016.09.13 13:25:13.827,0.76967,0.76975,1.00,1.20
2016.09.13 13:25:14.186,0.76967,0.76975,1.00,2.32
2016.09.13 13:25:14.237,0.76966,0.76973,1.00,1.12
2016.09.13 13:25:14.441,0.76966,0.76973,1.00,1.37
2016.09.13 13:25:14.492,0.76966,0.76973,1.00,2.25
2016.09.13 13:25:15.006,0.76965,0.76973,1.00,2.25
2016.09.13 13:25:15.059,0.76965,0.76972,1.00,1.30
2016.09.13 13:25:15.253,0.7696,0.76969,1.00,2.32
2016.09.13 13:25:15.304,0.7696,0.76969,1.00,3.45
2016.09.13 13:25:15.355,0.7696,0.76968,1.00,1.95
2016.09.13 13:25:15.406,0.76962,0.76968,1.00,1.95
2016.09.13 13:25:15.457,0.76962,0.76969,1.00,3.00
2016.09.13 13:25:15.509,0.76962,0.76969,1.00,2.70
2016.09.13 13:25:15.560,0.76962,0.76968,1.00,1.10
2016.09.13 13:25:15.611,0.76962,0.76969,1.00,2.62
2016.09.13 13:25:15.713,0.76963,0.76969,1.00,1.95
2016.09.13 13:25:15.815,0.76963,0.76969,1.00,1.10
2016.09.13 13:25:15.977,0.76963,0.7697,1.00,3.07
2016.09.13 13:25:16.133,0.76963,0.7697,1.00,3.45
2016.09.13 13:25:16.184,0.76963,0.76969,1.00,1.10
2016.09.13 13:25:16.338,0.76963,0.76969,1.00,1.57
2016.09.13 13:25:16.390,0.76963,0.76969,1.00,1.20
2016.09.13 13:25:16.442,0.76963,0.7697,1.00,1.95
2016.09.13 13:25:16.647,0.76964,0.7697,1.00,1.45
2016.09.13 13:25:16.954,0.76964,0.76969,1.00,1.20
2016.09.13 13:25:18.089,0.76963,0.7697,1.50,1.95
2016.09.13 13:25:18.140,0.76963,0.7697,1.50,1.87
2016.09.13 13:25:18.242,0.76963,0.7697,1.50,1.50
2016.09.13 13:25:18.305,0.76963,0.76969,1.50,1.12
2016.09.13 13:25:18.865,0.76964,0.76969,1.00,1.12
2016.09.13 13:25:19.086,0.76964,0.76969,1.00,2.25
2016.09.13 13:25:19.138,0.76964,0.76969,1.00,2.25
2016.09.13 13:25:19.189,0.76964,0.76969,1.00,1.50
2016.09.13 13:25:19.394,0.76962,0.76969,1.00,1.50
2016.09.13 13:25:19.446,0.7696,0.76968,1.00,1.37
2016.09.13 13:25:19.548,0.76958,0.76967,1.50,1.37
2016.09.13 13:25:19.599,0.76957,0.76965,1.87,1.00
2016.09.13 13:25:19.650,0.76957,0.76967,1.50,4.87
2016.09.13 13:25:19.701,0.76957,0.76966,1.50,1.75
2016.09.13 13:25:19.924,0.76959,0.76967,1.00,3.00
2016.09.13 13:25:20.015,0.76964,0.7697,1.00,1.37
2016.09.13 13:25:20.067,0.76964,0.76972,1.50,1.12
2016.09.13 13:25:20.119,0.76966,0.76973,1.00,1.12
2016.09.13 13:25:20.170,0.76966,0.76973,1.00,1.12
2016.09.13 13:25:20.221,0.76966,0.76973,1.00,1.20
2016.09.13 13:25:20.425,0.76966,0.76974,1.00,1.12
2016.09.13 13:25:20.578,0.76966,0.76975,1.00,2.32
2016.09.13 13:25:20.745,0.76966,0.76974,1.00,1.50
2016.09.13 13:25:20.865,0.76966,0.76975,1.00,2.25
2016.09.13 13:25:21.138,0.76966,0.76974,1.00,1.50
2016.09.13 13:25:21.411,0.76968,0.76974,1.00,1.50
2016.09.13 13:25:21.567,0.76969,0.76976,1.00,1.76
2016.09.13 13:25:21.620,0.76969,0.76977,1.00,2.62
2016.09.13 13:25:21.672,0.76969,0.76977,1.00,1.50
2016.09.13 13:25:21.723,0.76969,0.76977,1.00,1.12
2016.09.13 13:25:21.775,0.76969,0.76977,1.00,1.12
2016.09.13 13:25:21.879,0.76966,0.76974,1.01,1.37
2016.09.13 13:25:21.931,0.76964,0.76973,3.37,1.87
2016.09.13 13:25:21.983,0.76963,0.76972,1.12,3.45
2016.09.13 13:25:22.035,0.76963,0.76971,1.00,1.85
2016.09.13 13:25:22.086,0.76963,0.7697,1.00,1.37
2016.09.13 13:25:22.188,0.76963,0.76971,1.00,1.57
2016.09.13 13:25:22.565,0.76962,0.76971,1.00,3.45
2016.09.13 13:25:22.617,0.76961,0.7697,1.00,2.62
2016.09.13 13:25:22.668,0.76963,0.76969,1.00,1.00
2016.09.13 13:25:22.720,0.76963,0.76971,1.00,2.70
2016.09.13 13:25:22.825,0.76963,0.76971,1.00,2.32
2016.09.13 13:25:22.927,0.76963,0.7697,1.00,1.37
2016.09.13 13:25:23.394,0.76963,0.7697,1.00,2.25
2016.09.13 13:25:23.499,0.76961,0.7697,1.00,2.25
2016.09.13 13:25:23.601,0.76961,0.7697,1.00,1.37
2016.09.13 13:25:23.653,0.76961,0.7697,1.00,1.87
2016.09.13 13:25:23.705,0.76961,0.7697,1.00,3.00
2016.09.13 13:25:23.807,0.76961,0.7697,1.00,2.62
2016.09.13 13:25:23.858,0.76961,0.7697,1.00,1.50
2016.09.13 13:25:23.909,0.76961,0.76971,1.00,3.82
2016.09.13 13:25:24.545,0.7696,0.76971,1.00,3.82
2016.09.13 13:25:24.596,0.7696,0.76969,1.00,1.50
2016.09.13 13:25:24.699,0.7696,0.76967,1.00,1.00
2016.09.13 13:25:24.800,0.76961,0.76969,1.00,1.00
2016.09.13 13:25:24.953,0.76961,0.76969,1.00,1.00
2016.09.13 13:25:25.099,0.76961,0.76969,1.00,1.00
2016.09.13 13:25:25.284,0.76961,0.76969,1.00,1.00
2016.09.13 13:25:26.590,0.7696,0.7697,1.00,1.75
2016.09.13 13:25:26.641,0.7696,0.76969,1.00,1.50
2016.09.13 13:25:26.947,0.76961,0.7697,1.00,2.25
2016.09.13 13:25:26.999,0.76961,0.7697,1.00,1.87
2016.09.13 13:25:27.385,0.76961,0.76968,1.00,1.12
2016.09.13 13:25:27.993,0.76961,0.76968,1.00,1.00
2016.09.13 13:25:28.574,0.76958,0.76969,1.12,2.32
2016.09.13 13:25:28.625,0.76959,0.76967,1.00,1.12
2016.09.13 13:25:28.676,0.76958,0.76966,1.00,1.00
2016.09.13 13:25:28.881,0.7696,0.76966,1.00,1.00
2016.09.13 13:25:28.933,0.76961,0.76968,1.00,3.00
2016.09.13 13:25:28.984,0.76961,0.76968,1.00,1.50
2016.09.13 13:25:29.147,0.76962,0.76968,1.00,1.00
2016.09.13 13:25:30.148,0.76962,0.76969,1.00,1.00
2016.09.13 13:25:30.250,0.76962,0.7697,1.00,1.12
2016.09.13 13:25:30.402,0.76962,0.7697,1.00,1.00
2016.09.13 13:25:30.740,0.76961,0.76968,1.00,1.00
2016.09.13 13:25:32.137,0.76961,0.76969,1.00,1.00
2016.09.13 13:25:33.641,0.76961,0.7697,1.00,1.87
2016.09.13 13:25:33.941,0.76961,0.76968,1.00,1.00
2016.09.13 13:25:35.812,0.76961,0.76968,1.00,1.12
2016.09.13 13:25:35.966,0.76961,0.7697,1.00,1.50
2016.09.13 13:25:36.017,0.76962,0.7697,1.00,2.25
2016.09.13 13:25:36.069,0.76962,0.7697,1.00,2.32
2016.09.13 13:25:36.719,0.76962,0.7697,1.00,1.57
2016.09.13 13:25:37.357,0.76962,0.7697,1.00,2.32
2016.09.13 13:25:37.648,0.76962,0.76969,1.00,1.37
2016.09.13 13:25:40.087,0.76962,0.7697,1.00,1.57
2016.09.13 13:25:41.253,0.76962,0.7697,1.00,2.32
2016.09.13 13:25:41.537,0.76962,0.7697,1.00,1.57
2016.09.13 13:25:43.036,0.7696,0.76969,1.00,1.37
2016.09.13 13:25:43.087,0.76957,0.76967,2.81,3.00
2016.09.13 13:25:43.138,0.76956,0.76965,1.95,1.00
2016.09.13 13:25:43.190,0.76957,0.76963,1.00,1.00
2016.09.13 13:25:43.241,0.76957,0.76963,1.00,1.75
2016.09.13 13:25:43.395,0.76957,0.76963,1.00,1.50
2016.09.13 13:25:43.446,0.76956,0.76963,1.00,1.12
2016.09.13 13:25:43.550,0.76957,0.76963,1.00,1.20
2016.09.13 13:25:43.667,0.76957,0.76963,1.00,1.47
2016.09.13 13:25:43.959,0.76957,0.76963,1.00,1.10
2016.09.13 13:25:44.061,0.76957,0.76964,1.00,1.12
2016.09.13 13:25:44.202,0.76957,0.76963,1.00,1.57
2016.09.13 13:25:44.739,0.76956,0.76963,1.00,1.57
2016.09.13 13:25:45.059,0.76956,0.76963,1.00,1.10
2016.09.13 13:25:45.486,0.76956,0.76963,1.00,1.57
2016.09.13 13:25:46.051,0.76954,0.76963,1.50,1.57
2016.09.13 13:25:46.941,0.76954,0.76963,1.50,1.95
2016.09.13 13:25:47.509,0.76956,0.76963,1.00,1.95
2016.09.13 13:25:48.243,0.76954,0.76962,1.50,1.00
2016.09.13 13:25:48.294,0.76954,0.76962,2.25,1.50
2016.09.13 13:25:48.396,0.76954,0.76962,2.25,1.57
2016.09.13 13:25:48.447,0.76954,0.76962,1.50,1.57
2016.09.13 13:25:48.623,0.76954,0.76962,1.00,1.57
2016.09.13 13:25:48.674,0.76953,0.76961,1.00,2.32
2016.09.13 13:25:48.850,0.76952,0.7696,1.25,1.85
2016.09.13 13:25:48.902,0.76951,0.7696,1.00,1.95
2016.09.13 13:25:49.258,0.7695,0.7696,1.50,1.95
2016.09.13 13:25:49.309,0.7695,0.76959,1.50,1.57
2016.09.13 13:25:49.360,0.76951,0.76959,1.00,1.57
2016.09.13 13:25:49.566,0.7695,0.76959,1.50,1.57
2016.09.13 13:25:49.618,0.7695,0.76959,1.00,1.10
2016.09.13 13:25:49.872,0.7695,0.7696,1.00,2.32
2016.09.13 13:25:50.501,0.7695,0.7696,1.00,2.70
2016.09.13 13:25:50.705,0.76951,0.7696,1.00,1.20
2016.09.13 13:25:51.627,0.76951,0.7696,1.00,1.10
2016.09.13 13:25:52.626,0.7695,0.7696,1.00,1.10
2016.09.13 13:25:52.779,0.7695,0.7696,1.00,1.20
2016.09.13 13:25:52.830,0.7695,0.7696,1.50,1.20
2016.09.13 13:25:53.035,0.7695,0.7696,1.50,1.95
2016.09.13 13:25:53.137,0.76951,0.7696,1.00,1.20
2016.09.13 13:25:53.422,0.76949,0.76958,1.50,1.00
2016.09.13 13:25:53.535,0.76949,0.7696,1.50,2.70
2016.09.13 13:25:53.586,0.76949,0.7696,1.50,3.45
2016.09.13 13:25:53.638,0.76949,0.7696,1.50,2.70
2016.09.13 13:25:53.740,0.76949,0.7696,1.50,1.95
2016.09.13 13:25:54.275,0.76949,0.7696,1.50,2.70
2016.09.13 13:25:54.330,0.7695,0.76958,1.00,1.00
2016.09.13 13:25:55.109,0.7695,0.76958,1.00,1.50
2016.09.13 13:25:55.521,0.76949,0.76958,1.00,1.00
2016.09.13 13:25:55.811,0.76949,0.76958,1.00,1.12
2016.09.13 13:25:56.288,0.76949,0.76959,1.00,1.87
2016.09.13 13:25:56.339,0.76949,0.76959,1.00,1.37
2016.09.13 13:25:56.559,0.76949,0.76959,1.50,1.37
2016.09.13 13:25:58.078,0.76949,0.76959,1.00,1.87
2016.09.13 13:25:58.130,0.76949,0.76959,1.50,1.87
2016.09.13 13:25:58.181,0.76949,0.76959,1.00,1.87
2016.09.13 13:25:58.232,0.76949,0.76957,1.00,1.00
2016.09.13 13:25:58.283,0.76949,0.76956,1.00,1.12
2016.09.13 13:25:58.385,0.76948,0.76956,1.00,1.50
2016.09.13 13:25:58.487,0.76948,0.76956,1.00,1.12
2016.09.13 13:25:58.843,0.76948,0.76955,1.00,1.00
2016.09.13 13:25:59.431,0.7695,0.76955,1.00,1.00
2016.09.13 13:26:00.332,0.76948,0.76955,1.00,1.00
2016.09.13 13:26:00.383,0.76948,0.76955,1.50,1.00
2016.09.13 13:26:00.434,0.76949,0.76955,1.00,1.00
2016.09.13 13:26:00.733,0.7695,0.76957,1.00,1.50
2016.09.13 13:26:01.000,0.76949,0.76957,1.00,1.12
2016.09.13 13:26:01.102,0.76949,0.76957,1.00,1.00
2016.09.13 13:26:02.697,0.76949,0.76956,1.00,1.00
2016.09.13 13:26:02.748,0.76948,0.76956,1.50,1.00
2016.09.13 13:26:02.887,0.76948,0.76955,1.00,1.00
2016.09.13 13:26:02.938,0.76946,0.76955,1.57,1.00
2016.09.13 13:26:02.989,0.76946,0.76955,1.00,1.00
2016.09.13 13:26:03.040,0.76945,0.76952,1.10,1.00
2016.09.13 13:26:03.092,0.76944,0.76952,1.50,1.12
2016.09.13 13:26:03.143,0.76944,0.76951,1.12,1.00
2016.09.13 13:26:03.194,0.76942,0.76951,1.00,1.00
2016.09.13 13:26:03.245,0.76943,0.76951,1.00,1.00
2016.09.13 13:26:03.457,0.76944,0.76952,1.00,1.12
2016.09.13 13:26:03.713,0.76944,0.76953,1.00,1.37
2016.09.13 13:26:03.815,0.76944,0.76954,1.00,3.22
2016.09.13 13:26:03.866,0.76944,0.76954,1.00,2.47
2016.09.13 13:26:03.917,0.76944,0.76954,1.00,2.10
2016.09.13 13:26:04.104,0.76944,0.76954,1.00,2.47
2016.09.13 13:26:04.206,0.76945,0.76954,1.00,1.50
2016.09.13 13:26:04.308,0.76945,0.76954,1.50,1.00
2016.09.13 13:26:04.462,0.76945,0.76955,1.50,1.10
2016.09.13 13:26:04.514,0.76946,0.76956,1.00,2.17
2016.09.13 13:26:04.565,0.76946,0.76956,1.00,2.10
2016.09.13 13:26:04.616,0.76946,0.76955,1.00,1.05
2016.09.13 13:26:04.667,0.76946,0.76955,1.00,1.30
2016.09.13 13:26:04.719,0.76945,0.76955,1.00,1.35
2016.09.13 13:26:04.770,0.76945,0.76955,1.00,1.72
2016.09.13 13:26:04.961,0.76946,0.76954,1.00,1.10
2016.09.13 13:26:05.031,0.76946,0.76954,1.00,1.20
2016.09.13 13:26:05.082,0.76946,0.76954,1.00,1.57
2016.09.13 13:26:05.134,0.76946,0.76954,1.00,2.32
2016.09.13 13:26:05.504,0.76944,0.76954,1.50,1.57
2016.09.13 13:26:05.605,0.76944,0.76954,1.00,1.57
2016.09.13 13:26:06.296,0.76944,0.76953,1.00,1.00
2016.09.13 13:26:07.198,0.76944,0.76953,1.00,1.10
2016.09.13 13:26:07.249,0.76943,0.76953,1.00,3.67
2016.09.13 13:26:07.302,0.76942,0.76949,1.50,1.00
2016.09.13 13:26:07.380,0.76942,0.76949,1.00,1.50
2016.09.13 13:26:07.431,0.76943,0.76949,1.00,2.25
2016.09.13 13:26:07.482,0.76943,0.76949,1.00,2.62
2016.09.13 13:26:07.533,0.76943,0.76951,1.00,4.12
2016.09.13 13:26:07.680,0.76944,0.76951,1.00,4.87
2016.09.13 13:26:07.732,0.76944,0.76951,1.00,1.95
2016.09.13 13:26:07.834,0.76944,0.76951,1.00,2.17
2016.09.13 13:26:07.885,0.76944,0.76951,1.00,1.99
2016.09.13 13:26:07.936,0.76944,0.76951,1.00,1.61
2016.09.13 13:26:07.988,0.76944,0.76951,1.00,1.54
2016.09.13 13:26:08.039,0.76944,0.76951,1.00,1.05
2016.09.13 13:26:08.631,0.76943,0.76952,1.00,1.39
2016.09.13 13:26:08.682,0.76943,0.76953,1.00,3.00
2016.09.13 13:26:08.733,0.76943,0.76953,1.50,1.87
2016.09.13 13:26:08.836,0.76943,0.76954,1.50,2.17
2016.09.13 13:26:08.887,0.76943,0.76954,1.50,1.80
2016.09.13 13:26:09.157,0.76943,0.76954,1.00,1.80
2016.09.13 13:26:09.735,0.76943,0.76954,1.50,1.80
2016.09.13 13:26:10.007,0.76943,0.76954,1.00,1.80
2016.09.13 13:26:10.703,0.76943,0.76954,1.50,1.80
2016.09.13 13:26:10.807,0.76944,0.76954,1.00,1.80
2016.09.13 13:26:11.125,0.76945,0.76954,1.00,1.05
2016.09.13 13:26:11.177,0.76946,0.76955,1.00,2.70
2016.09.13 13:26:11.228,0.76946,0.76955,2.25,1.95
2016.09.13 13:26:11.279,0.76946,0.76955,2.25,1.10
2016.09.13 13:26:11.330,0.76947,0.76956,1.00,1.87
2016.09.13 13:26:11.496,0.76947,0.76957,2.25,2.40
2016.09.13 13:26:11.547,0.76948,0.76958,1.12,3.37
2016.09.13 13:26:11.598,0.76948,0.76958,1.12,1.50
2016.09.13 13:26:11.649,0.7695,0.76958,1.00,2.25
2016.09.13 13:26:11.751,0.7695,0.76958,1.00,1.50
2016.09.13 13:26:12.389,0.76948,0.76958,1.00,1.50
2016.09.13 13:26:13.047,0.76948,0.76958,1.00,1.37
2016.09.13 13:26:13.149,0.76947,0.76958,1.87,2.25
2016.09.13 13:26:13.201,0.76948,0.76956,1.00,1.00
2016.09.13 13:26:13.370,0.76946,0.76956,1.00,1.57
2016.09.13 13:26:13.421,0.76947,0.76957,1.00,5.25
2016.09.13 13:26:13.473,0.76947,0.76956,1.00,1.50
2016.09.13 13:26:13.588,0.76947,0.76956,1.00,1.10
2016.09.13 13:26:13.640,0.76947,0.76956,1.50,1.10
2016.09.13 13:26:13.691,0.76947,0.76956,1.50,1.00
2016.09.13 13:26:13.815,0.76947,0.76956,1.00,1.00
2016.09.13 13:26:14.335,0.76947,0.76957,1.12,1.20
2016.09.13 13:26:15.567,0.76947,0.76958,1.12,1.87
2016.09.13 13:26:15.944,0.76949,0.76957,1.00,1.27
2016.09.13 13:26:15.996,0.76947,0.76958,1.87,1.87
2016.09.13 13:26:16.048,0.76947,0.76958,1.87,1.50
2016.09.13 13:26:16.099,0.76948,0.76958,1.00,1.47
2016.09.13 13:26:16.150,0.76948,0.76956,1.00,1.00
2016.09.13 13:26:16.251,0.76948,0.76956,1.00,1.87
2016.09.13 13:26:16.579,0.76948,0.76956,1.00,1.37
2016.09.13 13:26:16.685,0.76948,0.76957,1.00,2.02
2016.09.13 13:26:16.787,0.76948,0.76957,1.00,1.65
2016.09.13 13:26:16.838,0.76948,0.76957,1.00,1.20
2016.09.13 13:26:17.663,0.76948,0.76957,1.50,1.20
2016.09.13 13:26:18.232,0.76948,0.76957,1.50,1.27
2016.09.13 13:26:18.385,0.76948,0.76956,1.50,1.00
2016.09.13 13:26:18.436,0.76946,0.76956,1.00,1.87
2016.09.13 13:26:18.539,0.76945,0.76956,2.25,1.87
2016.09.13 13:26:18.613,0.76945,0.76956,2.25,1.95
2016.09.13 13:26:18.783,0.76945,0.76956,1.00,2.32
2016.09.13 13:26:18.885,0.76945,0.76956,1.00,2.77
2016.09.13 13:26:18.937,0.76945,0.76956,1.00,3.45
2016.09.13 13:26:19.965,0.76945,0.76955,1.00,2.47
2016.09.13 13:26:20.017,0.76944,0.76955,1.00,3.22
2016.09.13 13:26:20.131,0.76944,0.76954,1.00,1.10
2016.09.13 13:26:20.740,0.76944,0.76954,1.00,1.57
2016.09.13 13:26:20.874,0.76944,0.76954,1.00,1.65
2016.09.13 13:26:20.925,0.76943,0.76952,1.00,1.00
2016.09.13 13:26:21.862,0.76943,0.76952,1.50,1.00
2016.09.13 13:26:21.913,0.76943,0.76952,1.00,1.00
2016.09.13 13:26:23.794,0.76942,0.76952,1.69,1.12
2016.09.13 13:26:23.845,0.76942,0.76951,1.00,1.00
2016.09.13 13:26:24.021,0.76946,0.76952,1.00,1.37
2016.09.13 13:26:24.073,0.76946,0.76955,1.00,2.32
2016.09.13 13:26:24.124,0.76946,0.76957,1.00,1.99
2016.09.13 13:26:24.176,0.76946,0.76957,1.00,1.61
2016.09.13 13:26:24.229,0.76946,0.76957,1.50,1.91
2016.09.13 13:26:24.280,0.76946,0.76957,1.00,1.54
2016.09.13 13:26:24.333,0.76947,0.76957,1.00,1.25
2016.09.13 13:26:24.384,0.76947,0.76957,1.00,1.00
2016.09.13 13:26:24.486,0.76947,0.76957,1.00,1.00
2016.09.13 13:26:24.588,0.76947,0.76957,1.00,1.00
2016.09.13 13:26:24.804,0.76948,0.76957,1.00,1.00
2016.09.13 13:26:25.375,0.76947,0.76957,1.50,1.00
2016.09.13 13:26:25.427,0.76948,0.76958,1.00,1.00
2016.09.13 13:26:25.836,0.76948,0.76958,1.00,1.00
2016.09.13 13:26:26.129,0.76949,0.76958,1.00,1.12
2016.09.13 13:26:26.983,0.76948,0.76958,1.50,1.12
2016.09.13 13:26:27.034,0.76948,0.76958,1.50,1.50
2016.09.13 13:26:27.085,0.76948,0.76958,1.50,1.50
2016.09.13 13:26:27.136,0.76948,0.76954,1.00,1.00
2016.09.13 13:26:27.187,0.76947,0.76954,1.00,1.00
2016.09.13 13:26:27.238,0.76944,0.76953,1.87,1.00
2016.09.13 13:26:27.341,0.76944,0.76953,1.12,1.00
2016.09.13 13:26:27.626,0.76944,0.76953,1.00,1.00
2016.09.13 13:26:27.678,0.76943,0.76953,1.00,1.00
2016.09.13 13:26:27.780,0.76943,0.76953,1.00,1.12
2016.09.13 13:26:27.953,0.76943,0.76953,1.50,1.12
2016.09.13 13:26:28.105,0.76943,0.76953,1.50,1.12
2016.09.13 13:26:28.207,0.76943,0.76953,1.50,1.00
2016.09.13 13:26:28.258,0.76943,0.76953,1.00,1.00
2016.09.13 13:26:28.309,0.76943,0.76953,1.00,1.50
2016.09.13 13:26:28.360,0.76943,0.76953,1.00,1.50
2016.09.13 13:26:28.501,0.76941,0.76952,2.06,1.12
2016.09.13 13:26:28.552,0.7694,0.76952,1.12,2.17
2016.09.13 13:26:28.612,0.7694,0.76951,1.12,1.30
2016.09.13 13:26:28.665,0.7694,0.76951,1.12,1.80
2016.09.13 13:26:28.717,0.7694,0.76951,1.00,2.55
2016.09.13 13:26:28.768,0.7694,0.76951,1.00,2.92
2016.09.13 13:26:28.871,0.76941,0.76949,1.00,1.00
2016.09.13 13:26:32.867,0.76942,0.76949,1.00,1.00
2016.09.13 13:26:32.918,0.76941,0.76949,1.50,1.00
2016.09.13 13:26:32.969,0.76941,0.76949,1.00,1.00
2016.09.13 13:26:33.023,0.76942,0.76949,1.00,1.37
2016.09.13 13:26:33.176,0.76942,0.76949,1.00,1.47
2016.09.13 13:26:33.457,0.76943,0.7695,1.00,1.87
2016.09.13 13:26:33.559,0.76943,0.7695,1.00,1.50
2016.09.13 13:26:33.610,0.76943,0.7695,1.00,1.12
2016.09.13 13:26:33.814,0.76945,0.7695,1.00,1.00
2016.09.13 13:26:33.865,0.76945,0.76951,1.00,1.05
2016.09.13 13:26:33.916,0.76948,0.76952,1.00,2.29
2016.09.13 13:26:33.967,0.76948,0.76954,1.00,2.62
2016.09.13 13:26:34.019,0.76949,0.76954,1.00,1.12
2016.09.13 13:26:34.174,0.76949,0.76954,1.00,1.00
2016.09.13 13:26:34.226,0.76951,0.76955,1.00,1.00
2016.09.13 13:26:34.277,0.76951,0.76956,1.00,1.00
2016.09.13 13:26:34.379,0.76951,0.76956,1.00,1.62
2016.09.13 13:26:34.431,0.76951,0.76956,1.00,1.69
2016.09.13 13:26:34.482,0.7695,0.76954,1.00,1.00
2016.09.13 13:26:34.585,0.76947,0.76954,1.00,1.37
2016.09.13 13:26:34.636,0.76947,0.76954,1.00,1.50
2016.09.13 13:26:34.791,0.76946,0.76954,1.00,1.12
2016.09.13 13:26:35.003,0.76946,0.76954,1.00,1.00
2016.09.13 13:26:35.375,0.76946,0.76953,1.00,1.00
2016.09.13 13:26:36.598,0.76946,0.76954,1.00,1.00
2016.09.13 13:26:38.014,0.76946,0.76955,1.00,1.46
2016.09.13 13:26:41.235,0.76946,0.76955,1.00,2.21
2016.09.13 13:26:41.286,0.76946,0.76955,1.00,2.59
2016.09.13 13:26:41.621,0.76946,0.76954,1.00,1.50
2016.09.13 13:26:42.188,0.76945,0.76954,1.00,1.50
2016.09.13 13:26:43.077,0.76945,0.76954,1.00,2.25
2016.09.13 13:26:43.128,0.76945,0.76954,1.00,1.50
2016.09.13 13:26:43.415,0.76945,0.76954,1.50,1.50
2016.09.13 13:26:43.517,0.76947,0.76954,1.00,1.50
2016.09.13 13:26:44.281,0.76948,0.76957,1.00,2.32
2016.09.13 13:26:44.383,0.76949,0.76957,1.00,1.85
2016.09.13 13:26:45.058,0.76949,0.76958,1.00,2.25
2016.09.13 13:26:46.390,0.76948,0.76955,1.00,1.00
2016.09.13 13:26:46.595,0.76948,0.76957,1.00,1.65
2016.09.13 13:26:46.646,0.76948,0.76957,1.00,1.95
2016.09.13 13:26:46.697,0.76947,0.76956,1.00,1.50
2016.09.13 13:26:46.748,0.76947,0.76956,1.00,2.32
2016.09.13 13:26:46.850,0.76947,0.76956,1.00,1.57
2016.09.13 13:26:47.054,0.76947,0.76956,1.00,2.32
2016.09.13 13:26:47.155,0.76947,0.76956,1.00,1.57
2016.09.13 13:26:47.257,0.76947,0.76955,1.00,1.30
2016.09.13 13:26:47.420,0.76947,0.76955,1.00,1.35
2016.09.13 13:26:47.471,0.76946,0.76953,1.00,1.00
2016.09.13 13:26:47.574,0.76945,0.76953,1.50,1.00
2016.09.13 13:26:47.727,0.76945,0.76952,1.00,1.00
2016.09.13 13:26:49.041,0.76944,0.76952,1.50,1.00
2016.09.13 13:26:49.143,0.76944,0.76952,1.00,1.00
2016.09.13 13:26:50.274,0.76942,0.76952,1.50,1.00
2016.09.13 13:26:50.325,0.76942,0.76951,1.50,1.00
2016.09.13 13:26:55.819,0.76943,0.76953,1.00,1.57
2016.09.13 13:26:55.870,0.76943,0.76953,1.00,1.50
2016.09.13 13:26:55.972,0.76943,0.76953,1.00,2.25
2016.09.13 13:26:56.212,0.76943,0.76953,1.00,1.50
2016.09.13 13:26:56.834,0.76943,0.76953,1.00,1.87
2016.09.13 13:26:57.628,0.76943,0.76952,1.00,1.00
2016.09.13 13:26:57.780,0.76943,0.76953,1.00,1.87
2016.09.13 13:26:57.934,0.76943,0.76953,1.12,1.50
2016.09.13 13:26:57.985,0.76944,0.76953,1.00,1.00
2016.09.13 13:26:58.036,0.76945,0.76953,1.00,1.00
2016.09.13 13:26:58.087,0.76945,0.76953,1.50,1.00
2016.09.13 13:26:58.141,0.76945,0.76953,1.87,1.00
2016.09.13 13:26:58.352,0.76945,0.76953,2.25,1.00
2016.09.13 13:26:58.708,0.76945,0.76953,1.87,1.00
2016.09.13 13:26:58.810,0.76945,0.76953,2.25,1.00
2016.09.13 13:26:59.251,0.76945,0.76953,1.87,1.00
2016.09.13 13:26:59.643,0.76945,0.76953,1.12,1.00
2016.09.13 13:27:00.159,0.76945,0.76954,1.12,1.00
2016.09.13 13:27:00.529,0.76946,0.76954,1.00,1.00
2016.09.13 13:27:01.348,0.76943,0.76951,2.81,1.00
2016.09.13 13:27:01.399,0.76943,0.76951,1.69,1.00
2016.09.13 13:27:01.450,0.76943,0.76951,1.25,1.00
2016.09.13 13:27:02.547,0.76943,0.76953,1.25,1.10
2016.09.13 13:27:02.749,0.76946,0.76955,1.00,2.70
2016.09.13 13:27:02.800,0.76946,0.76955,1.12,1.47
2016.09.13 13:27:02.851,0.76947,0.76955,1.00,1.57
2016.09.13 13:27:02.902,0.76947,0.76955,1.12,1.00
2016.09.13 13:27:02.953,0.76947,0.76954,1.12,1.00
2016.09.13 13:27:03.060,0.76947,0.76954,1.00,1.00
2016.09.13 13:27:03.111,0.76946,0.76954,1.00,1.00
2016.09.13 13:27:03.264,0.76945,0.76954,1.00,1.00
2016.09.13 13:27:03.392,0.76945,0.76955,1.00,1.00
2016.09.13 13:27:03.443,0.76945,0.76955,1.00,1.10
2016.09.13 13:27:04.155,0.76945,0.76955,1.00,1.20
2016.09.13 13:27:04.207,0.76945,0.76955,1.00,1.57
2016.09.13 13:27:04.258,0.76945,0.76954,1.00,1.00
2016.09.13 13:27:04.794,0.76944,0.76954,1.00,1.00
2016.09.13 13:27:05.329,0.76944,0.76952,1.00,1.00
2016.09.13 13:27:06.366,0.76946,0.76952,1.00,1.00
2016.09.13 13:27:06.468,0.76946,0.76954,1.00,1.00
2016.09.13 13:27:06.520,0.76945,0.76954,1.00,1.10
2016.09.13 13:27:06.622,0.76945,0.76954,1.00,1.00
2016.09.13 13:27:06.724,0.76946,0.76954,1.00,1.20
2016.09.13 13:27:06.775,0.76945,0.76955,1.00,1.50
2016.09.13 13:27:10.062,0.76945,0.76954,1.00,1.20
2016.09.13 13:27:10.373,0.76944,0.76954,1.50,1.20
2016.09.13 13:27:10.968,0.76944,0.76955,1.50,1.50
2016.09.13 13:27:11.019,0.76945,0.76955,1.00,1.87
2016.09.13 13:27:11.071,0.76946,0.76953,1.00,1.00
2016.09.13 13:27:11.122,0.76946,0.76953,1.00,1.00
2016.09.13 13:27:11.174,0.76946,0.76954,1.00,1.10
2016.09.13 13:27:11.276,0.76948,0.76956,1.50,1.20
2016.09.13 13:27:11.484,0.76948,0.76958,2.25,2.10
2016.09.13 13:27:11.541,0.76948,0.76959,2.25,1.10
2016.09.13 13:27:11.592,0.76951,0.76959,1.00,1.10
2016.09.13 13:27:11.746,0.76951,0.76959,1.50,1.10
2016.09.13 13:27:11.797,0.76951,0.76959,1.50,1.00
2016.09.13 13:27:12.233,0.76951,0.7696,1.00,1.00
2016.09.13 13:27:12.441,0.76951,0.7696,1.50,1.00
2016.09.13 13:27:12.958,0.76951,0.76959,1.50,1.00
2016.09.13 13:27:13.060,0.76951,0.76961,1.50,1.12
2016.09.13 13:27:13.812,0.76951,0.76961,1.00,1.12
2016.09.13 13:27:14.106,0.76951,0.76959,1.00,1.00
2016.09.13 13:27:15.215,0.76951,0.76959,1.50,1.00
2016.09.13 13:27:15.370,0.76951,0.7696,1.00,1.00
2016.09.13 13:27:15.879,0.76952,0.7696,1.00,1.00
2016.09.13 13:27:16.221,0.76952,0.7696,1.50,1.00
2016.09.13 13:27:16.681,0.76952,0.76961,1.00,1.00
2016.09.13 13:27:16.784,0.76954,0.76961,1.00,1.00
2016.09.13 13:27:16.836,0.76954,0.76961,1.00,1.00
2016.09.13 13:27:17.029,0.76955,0.76965,1.00,1.39
2016.09.13 13:27:17.082,0.76955,0.76965,1.00,1.20
2016.09.13 13:27:17.751,0.76955,0.76964,1.00,1.10
2016.09.13 13:27:18.035,0.76954,0.76963,1.00,1.00
2016.09.13 13:27:19.837,0.76952,0.76962,1.50,2.10
2016.09.13 13:27:20.011,0.76949,0.76957,1.50,1.10
2016.09.13 13:27:20.062,0.76949,0.76959,1.00,2.25
2016.09.13 13:27:20.166,0.7695,0.76959,1.00,1.12
2016.09.13 13:27:20.218,0.76952,0.76959,1.00,1.00
2016.09.13 13:27:20.704,0.76952,0.76961,1.00,1.00
2016.09.13 13:27:21.753,0.76952,0.76959,1.00,1.00
2016.09.13 13:27:23.510,0.76951,0.76959,1.25,1.00
2016.09.13 13:27:23.561,0.7695,0.76959,2.06,1.00
2016.09.13 13:27:24.028,0.7695,0.76959,2.81,1.00
2016.09.13 13:27:24.276,0.7695,0.76957,2.06,1.00
2016.09.13 13:27:24.328,0.7695,0.76957,1.00,1.00
2016.09.13 13:27:24.379,0.76948,0.76957,1.37,1.00
2016.09.13 13:27:24.430,0.76948,0.76957,1.00,1.10
2016.09.13 13:27:24.583,0.76949,0.76958,1.00,1.80
2016.09.13 13:27:24.651,0.7695,0.7696,1.00,1.47
2016.09.13 13:27:24.882,0.7695,0.7696,1.00,1.10
2016.09.13 13:27:25.189,0.76952,0.7696,1.00,1.10
2016.09.13 13:27:25.358,0.76952,0.76959,1.00,1.00
2016.09.13 13:27:25.838,0.7695,0.76959,1.00,1.00
2016.09.13 13:27:25.889,0.76948,0.76958,2.25,1.50
2016.09.13 13:27:25.940,0.76947,0.76958,1.50,1.57
2016.09.13 13:27:25.991,0.76947,0.76958,1.12,1.57
2016.09.13 13:27:26.044,0.76947,0.76958,1.00,1.95
2016.09.13 13:27:26.146,0.76947,0.76958,1.00,2.70
2016.09.13 13:27:26.197,0.76947,0.76955,1.00,1.00
2016.09.13 13:27:26.248,0.76946,0.76955,1.00,1.35
2016.09.13 13:27:26.300,0.76946,0.76955,1.00,1.35
2016.09.13 13:27:26.452,0.76945,0.76955,1.00,1.42
2016.09.13 13:27:26.984,0.76944,0.76954,1.00,1.00
2016.09.13 13:27:27.137,0.76944,0.76954,1.00,1.12
2016.09.13 13:27:27.799,0.76945,0.76954,1.00,1.12
2016.09.13 13:27:27.901,0.76945,0.76955,1.00,1.80
2016.09.13 13:27:28.454,0.76946,0.76956,1.00,1.57
2016.09.13 13:27:28.837,0.76946,0.76957,1.00,5.32
2016.09.13 13:27:28.992,0.76946,0.76957,1.00,4.57
2016.09.13 13:27:29.482,0.76946,0.76957,1.00,2.70
2016.09.13 13:27:29.533,0.76946,0.76954,1.00,1.00
2016.09.13 13:27:31.884,0.76946,0.76953,1.00,1.00
2016.09.13 13:27:32.379,0.76944,0.76953,1.00,1.00
2016.09.13 13:27:32.481,0.76944,0.76951,1.00,1.00
2016.09.13 13:27:32.896,0.76943,0.76951,1.50,1.00
2016.09.13 13:27:33.185,0.76943,0.7695,1.00,1.00
2016.09.13 13:27:35.392,0.76943,0.76951,1.00,1.10
2016.09.13 13:27:35.630,0.76942,0.76949,1.00,1.00
2016.09.13 13:27:35.885,0.76942,0.76949,1.00,1.00
2016.09.13 13:27:36.591,0.76941,0.76949,1.12,1.00
2016.09.13 13:27:36.642,0.76941,0.76949,1.12,1.00
2016.09.13 13:27:36.795,0.7694,0.76948,1.87,1.00
2016.09.13 13:27:37.158,0.7694,0.76948,1.50,1.00
2016.09.13 13:27:38.126,0.7694,0.76948,1.00,1.00
2016.09.13 13:27:38.178,0.7694,0.76948,1.00,3.22
2016.09.13 13:27:38.229,0.76938,0.76947,1.00,1.42
2016.09.13 13:27:38.654,0.76937,0.76947,2.25,1.42
2016.09.13 13:27:38.705,0.76936,0.76945,3.00,1.00
2016.09.13 13:27:38.757,0.76936,0.76945,1.12,1.87
2016.09.13 13:27:38.809,0.76936,0.76944,1.12,1.20
2016.09.13 13:27:38.912,0.76936,0.76944,1.00,1.20
2016.09.13 13:27:39.166,0.76935,0.76944,1.50,1.20
2016.09.13 13:27:39.218,0.76936,0.76944,1.00,1.20
2016.09.13 13:27:39.322,0.76934,0.76944,1.50,1.20
2016.09.13 13:27:39.373,0.76934,0.76944,1.00,1.57
2016.09.13 13:27:39.424,0.76933,0.76942,1.87,1.00
2016.09.13 13:27:39.527,0.76933,0.76942,1.87,1.00
2016.09.13 13:27:39.629,0.76934,0.76943,1.00,1.12
2016.09.13 13:27:39.861,0.76933,0.76943,1.12,1.12
2016.09.13 13:27:40.222,0.76934,0.76943,1.00,1.12
2016.09.13 13:27:40.273,0.76934,0.76944,1.00,2.25
2016.09.13 13:27:40.348,0.76934,0.76944,1.37,1.87
2016.09.13 13:27:40.401,0.76934,0.76944,1.37,1.57
2016.09.13 13:27:40.706,0.76934,0.76944,1.50,1.57
2016.09.13 13:27:40.757,0.76934,0.76945,1.50,2.47
2016.09.13 13:27:40.808,0.76934,0.76945,1.12,2.47
2016.09.13 13:27:41.045,0.76934,0.76945,1.12,3.22
2016.09.13 13:27:41.173,0.76935,0.76945,1.00,3.22
2016.09.13 13:27:41.224,0.76935,0.76945,1.00,2.47
2016.09.13 13:27:41.275,0.76935,0.76945,1.12,2.02
2016.09.13 13:27:41.855,0.76935,0.76943,1.87,1.12
2016.09.13 13:27:42.184,0.76935,0.76945,1.87,2.47
2016.09.13 13:27:43.097,0.76934,0.76944,1.50,1.57
2016.09.13 13:27:43.149,0.76934,0.76944,1.50,2.32
2016.09.13 13:27:43.201,0.76934,0.76941,1.37,1.00
2016.09.13 13:27:43.252,0.76934,0.76941,1.12,1.00
2016.09.13 13:27:43.354,0.76934,0.76941,1.00,1.10
2016.09.13 13:27:43.735,0.76934,0.76943,1.50,1.50
2016.09.13 13:27:43.884,0.76934,0.76943,1.87,1.12
2016.09.13 13:27:43.935,0.76934,0.76943,1.12,1.87
2016.09.13 13:27:44.296,0.76933,0.76943,1.87,1.87
2016.09.13 13:27:44.348,0.76933,0.76943,1.87,1.20
2016.09.13 13:27:44.451,0.76934,0.76943,1.12,1.00
2016.09.13 13:27:44.502,0.76936,0.76944,1.00,1.00
2016.09.13 13:27:44.656,0.76936,0.76944,1.12,1.00
2016.09.13 13:27:45.461,0.76934,0.76944,2.25,1.00
2016.09.13 13:27:45.512,0.76933,0.76942,4.12,1.00
2016.09.13 13:27:45.563,0.76934,0.76942,1.00,1.00
2016.09.13 13:27:45.614,0.76934,0.76943,1.12,1.00
2016.09.13 13:27:45.666,0.76932,0.76942,1.50,1.75
2016.09.13 13:27:45.873,0.76932,0.76942,1.12,1.75
2016.09.13 13:27:46.203,0.76932,0.76942,1.87,2.25
2016.09.13 13:27:46.254,0.76932,0.76942,1.50,2.25
2016.09.13 13:27:46.409,0.76932,0.76942,1.87,2.25
2016.09.13 13:27:46.482,0.76932,0.76942,3.00,2.25
2016.09.13 13:27:46.788,0.76933,0.76941,1.37,1.50
2016.09.13 13:27:47.183,0.76934,0.76941,1.12,1.50
2016.09.13 13:27:47.442,0.76934,0.76943,1.12,1.87
2016.09.13 13:27:47.596,0.76934,0.76943,1.87,1.12
2016.09.13 13:27:47.698,0.76934,0.76943,1.12,1.87
2016.09.13 13:27:48.224,0.76933,0.76943,1.87,1.87
2016.09.13 13:27:48.593,0.76933,0.76942,1.37,1.57
2016.09.13 13:27:48.948,0.76933,0.76943,1.37,1.87
2016.09.13 13:27:49.002,0.76932,0.76941,1.37,1.12
2016.09.13 13:27:49.054,0.76932,0.76941,1.00,1.12
2016.09.13 13:27:49.105,0.76932,0.7694,1.00,1.20
2016.09.13 13:27:49.207,0.76932,0.7694,1.00,1.10
2016.09.13 13:27:49.902,0.76932,0.76941,1.00,1.07
2016.09.13 13:27:50.296,0.76932,0.7694,1.50,1.10
2016.09.13 13:27:51.097,0.76932,0.76941,1.50,1.57
2016.09.13 13:27:51.261,0.76936,0.76941,1.00,1.57
2016.09.13 13:27:51.312,0.76934,0.76941,1.00,1.57
2016.09.13 13:27:51.364,0.76933,0.76941,1.00,1.20
2016.09.13 13:27:51.415,0.76933,0.76941,1.00,1.50
2016.09.13 13:27:51.517,0.76933,0.76942,1.00,1.10
2016.09.13 13:27:51.568,0.76935,0.76942,1.00,1.10
2016.09.13 13:27:51.619,0.76935,0.76943,1.00,1.10
2016.09.13 13:27:51.721,0.76934,0.76943,1.00,1.10
2016.09.13 13:27:52.442,0.76934,0.76945,1.00,2.44
2016.09.13 13:27:52.696,0.76934,0.76945,1.50,2.06
2016.09.13 13:27:52.747,0.76935,0.76943,1.00,1.10
2016.09.13 13:27:53.604,0.76934,0.76943,1.00,1.10
2016.09.13 13:27:53.706,0.76935,0.76943,1.00,1.10
2016.09.13 13:27:54.095,0.76935,0.76943,1.12,1.10
2016.09.13 13:27:54.147,0.76935,0.76943,1.12,1.50
2016.09.13 13:27:54.199,0.76933,0.76943,1.37,1.50
2016.09.13 13:27:54.251,0.76933,0.76941,1.37,1.20
2016.09.13 13:27:54.303,0.76933,0.76941,1.00,1.20
2016.09.13 13:27:56.216,0.76933,0.76942,1.00,2.17
2016.09.13 13:27:56.268,0.76933,0.76942,1.00,1.80
2016.09.13 13:27:58.182,0.76933,0.76942,1.12,1.80
2016.09.13 13:27:59.194,0.76933,0.76942,1.00,1.80
2016.09.13 13:27:59.476,0.76934,0.76942,1.12,1.20
2016.09.13 13:27:59.528,0.76935,0.76944,1.50,1.01
2016.09.13 13:27:59.580,0.76937,0.76945,1.00,3.56
2016.09.13 13:27:59.633,0.76937,0.76945,1.50,2.70
2016.09.13 13:27:59.686,0.76938,0.76945,1.00,2.70
2016.09.13 13:27:59.738,0.76939,0.76945,1.00,1.50
2016.09.13 13:27:59.912,0.76939,0.76945,1.12,1.00
2016.09.13 13:27:59.964,0.76942,0.76946,1.00,1.00
2016.09.13 13:28:00.823,0.76942,0.76946,1.00,1.00
2016.09.13 13:28:00.875,0.76943,0.76947,1.00,1.00
2016.09.13 13:28:02.027,0.76943,0.76948,1.00,1.00
2016.09.13 13:28:02.078,0.76943,0.76951,1.00,1.39
2016.09.13 13:28:05.222,0.76942,0.76951,1.12,1.39
2016.09.13 13:28:05.289,0.76942,0.76951,1.00,1.76
2016.09.13 13:28:05.392,0.76942,0.76951,1.00,1.39
2016.09.13 13:28:05.684,0.76942,0.76951,1.50,1.39
2016.09.13 13:28:05.837,0.76943,0.76951,1.00,1.39
2016.09.13 13:28:05.889,0.76942,0.76951,1.50,1.31
2016.09.13 13:28:05.940,0.76944,0.76951,1.00,1.29
2016.09.13 13:28:07.145,0.76947,0.76953,1.00,2.06
2016.09.13 13:28:07.196,0.76947,0.76953,1.00,1.69
2016.09.13 13:28:07.247,0.76948,0.76956,1.50,1.31
2016.09.13 13:28:07.298,0.76949,0.76956,1.00,1.19
2016.09.13 13:28:07.350,0.76949,0.76956,1.00,1.00
2016.09.13 13:28:07.515,0.76949,0.76958,1.00,1.50
2016.09.13 13:28:07.566,0.76949,0.76958,1.00,1.00
2016.09.13 13:28:07.770,0.76951,0.7696,1.00,1.01
2016.09.13 13:28:07.821,0.76951,0.7696,1.00,1.39
2016.09.13 13:28:07.872,0.76951,0.7696,1.00,1.47
2016.09.13 13:28:08.025,0.76951,0.76959,1.00,1.31
2016.09.13 13:28:08.178,0.76951,0.76959,1.00,2.06
2016.09.13 13:28:08.229,0.76951,0.76959,1.00,1.31
2016.09.13 13:28:08.748,0.76951,0.76959,1.00,1.25
2016.09.13 13:28:09.851,0.76951,0.76958,1.00,1.00
2016.09.13 13:28:10.574,0.76952,0.7696,1.00,1.45
2016.09.13 13:28:10.625,0.76956,0.76963,1.00,1.12
2016.09.13 13:28:10.778,0.76957,0.76964,1.50,1.00
2016.09.13 13:28:10.829,0.76957,0.76966,1.87,1.37
2016.09.13 13:28:10.880,0.76959,0.76966,1.00,1.00
2016.09.13 13:28:10.931,0.76959,0.76966,1.00,1.00
2016.09.13 13:28:10.982,0.76958,0.76967,1.00,1.50
2016.09.13 13:28:11.085,0.76959,0.76967,1.00,1.10
2016.09.13 13:28:11.703,0.76958,0.76967,1.50,1.10
2016.09.13 13:28:11.755,0.76958,0.76965,1.00,1.00
2016.09.13 13:28:11.807,0.76957,0.76963,1.00,2.10
2016.09.13 13:28:11.859,0.76952,0.76963,1.87,1.87
2016.09.13 13:28:11.911,0.76952,0.76963,1.12,2.25
2016.09.13 13:28:12.100,0.76952,0.76962,1.00,1.01
2016.09.13 13:28:12.355,0.76952,0.76962,1.00,1.39
2016.09.13 13:28:12.652,0.76952,0.76962,1.00,1.99
2016.09.13 13:28:12.754,0.76952,0.76961,1.00,1.12
2016.09.13 13:28:12.856,0.76952,0.76961,1.00,1.27
2016.09.13 13:28:13.192,0.76952,0.76959,1.00,1.00
2016.09.13 13:28:13.791,0.76952,0.76961,1.00,1.27
2016.09.13 13:28:13.978,0.76953,0.76962,1.00,2.44
2016.09.13 13:28:14.195,0.76953,0.76963,1.12,1.20
2016.09.13 13:28:14.559,0.76953,0.76963,1.00,1.20
2016.09.13 13:28:14.953,0.76953,0.76961,1.00,1.00
2016.09.13 13:28:16.495,0.76953,0.76963,1.00,1.20
2016.09.13 13:28:17.476,0.76955,0.76964,1.00,2.25
2016.09.13 13:28:17.992,0.76955,0.76964,1.00,1.87
2016.09.13 13:28:18.043,0.76955,0.76964,1.00,1.50
2016.09.13 13:28:19.077,0.76952,0.7696,1.00,1.00
2016.09.13 13:28:19.129,0.76951,0.7696,1.00,2.70
2016.09.13 13:28:19.181,0.7695,0.7696,1.12,3.82
2016.09.13 13:28:19.232,0.7695,0.76959,1.00,1.12
2016.09.13 13:28:19.437,0.7695,0.7696,1.00,5.17
2016.09.13 13:28:19.488,0.7695,0.7696,1.00,3.67
2016.09.13 13:28:19.935,0.7695,0.7696,1.00,3.30
2016.09.13 13:28:20.039,0.76948,0.76959,1.50,1.50
2016.09.13 13:28:20.090,0.76948,0.76958,1.00,1.29
2016.09.13 13:28:20.141,0.76947,0.76958,1.50,1.29
2016.09.13 13:28:20.192,0.76947,0.76958,1.00,1.29
2016.09.13 13:28:20.244,0.76947,0.76958,1.00,1.66
2016.09.13 13:28:20.312,0.76947,0.76958,1.00,1.76
2016.09.13 13:28:20.771,0.76947,0.76958,1.00,2.14
2016.09.13 13:28:20.873,0.76947,0.76958,1.00,2.89
2016.09.13 13:28:20.975,0.76947,0.76958,1.00,2.14
2016.09.13 13:28:21.027,0.76947,0.76958,1.00,2.51
2016.09.13 13:28:21.078,0.76947,0.76956,1.50,1.12
2016.09.13 13:28:21.130,0.76947,0.76956,1.50,1.20
2016.09.13 13:28:21.181,0.76947,0.76957,1.00,2.44
2016.09.13 13:28:22.275,0.76947,0.76957,1.50,2.44
2016.09.13 13:28:22.720,0.76947,0.76957,1.50,3.19
2016.09.13 13:28:23.076,0.76947,0.76957,1.00,3.19
2016.09.13 13:28:23.762,0.76947,0.76957,1.00,2.44
2016.09.13 13:28:23.813,0.7695,0.76957,1.50,1.69
2016.09.13 13:28:23.864,0.76954,0.76959,1.00,2.06
2016.09.13 13:28:23.916,0.76953,0.76959,1.00,1.31
2016.09.13 13:28:23.967,0.76953,0.76962,1.00,1.76
2016.09.13 13:28:24.069,0.76954,0.76962,1.00,1.20
2016.09.13 13:28:24.120,0.76954,0.76962,1.00,1.10
2016.09.13 13:28:24.585,0.76956,0.76963,1.00,1.07
2016.09.13 13:28:24.637,0.76955,0.76964,1.00,2.62
2016.09.13 13:28:24.689,0.76956,0.76964,1.00,1.87
2016.09.13 13:28:24.740,0.76954,0.76964,1.50,1.00
2016.09.13 13:28:24.792,0.76952,0.76959,2.00,1.00
2016.09.13 13:28:24.845,0.76951,0.76959,1.37,1.00
2016.09.13 13:28:24.896,0.76951,0.76958,1.00,1.00
2016.09.13 13:28:24.948,0.76951,0.76958,1.00,1.31
2016.09.13 13:28:25.085,0.76951,0.76958,1.00,1.25
2016.09.13 13:28:25.138,0.7695,0.7696,1.00,1.66
2016.09.13 13:28:25.300,0.7695,0.7696,1.00,1.76
2016.09.13 13:28:25.925,0.7695,0.7696,1.00,1.01
2016.09.13 13:28:26.092,0.7695,0.7696,1.00,1.76
2016.09.13 13:28:27.101,0.7695,0.76959,1.00,1.39
2016.09.13 13:28:27.412,0.7695,0.7696,1.00,2.89
2016.09.13 13:28:27.515,0.7695,0.7696,1.00,2.51
2016.09.13 13:28:27.695,0.7695,0.7696,1.00,1.76
2016.09.13 13:28:28.340,0.7695,0.7696,1.00,1.39
2016.09.13 13:28:28.392,0.7695,0.76961,1.00,2.81
2016.09.13 13:28:28.495,0.7695,0.7696,1.00,1.39
2016.09.13 13:28:29.799,0.7695,0.76959,1.00,1.29
2016.09.13 13:28:30.400,0.7695,0.7696,1.00,1.39
2016.09.13 13:28:30.451,0.7695,0.7696,1.00,1.76
2016.09.13 13:28:30.668,0.7695,0.7696,1.00,1.39
2016.09.13 13:28:31.628,0.7695,0.76959,1.00,1.29
2016.09.13 13:28:31.679,0.76949,0.76959,1.00,1.39
2016.09.13 13:28:31.989,0.76949,0.76959,1.12,1.29
2016.09.13 13:28:32.041,0.7695,0.76959,1.00,1.29
2016.09.13 13:28:32.142,0.76952,0.7696,1.00,1.76
2016.09.13 13:28:32.194,0.76952,0.7696,1.00,1.27
2016.09.13 13:28:32.245,0.76952,0.76962,1.00,4.69
2016.09.13 13:28:32.296,0.76952,0.76962,1.00,3.94
2016.09.13 13:28:32.438,0.76952,0.76962,1.00,4.76
2016.09.13 13:28:32.490,0.7695,0.76961,1.50,1.12
2016.09.13 13:28:32.541,0.7695,0.76961,1.00,1.87
2016.09.13 13:28:32.592,0.7695,0.76961,1.00,1.12
2016.09.13 13:28:33.203,0.7695,0.76961,1.00,1.87
2016.09.13 13:28:33.305,0.7695,0.76959,1.00,1.10
2016.09.13 13:28:33.633,0.76949,0.76959,1.87,2.36
2016.09.13 13:28:33.684,0.76949,0.76958,1.12,1.62
2016.09.13 13:28:33.735,0.76946,0.76957,1.47,2.25
2016.09.13 13:28:33.786,0.76945,0.76954,1.87,1.07
2016.09.13 13:28:33.837,0.76945,0.76954,1.50,2.14
2016.09.13 13:28:33.939,0.76943,0.76953,1.50,1.29
2016.09.13 13:28:33.990,0.76944,0.76952,1.00,1.39
2016.09.13 13:28:34.143,0.76944,0.76952,1.00,1.84
2016.09.13 13:28:34.195,0.76944,0.76952,1.00,1.39
2016.09.13 13:28:34.247,0.76941,0.76951,1.12,1.19
2016.09.13 13:28:34.298,0.76942,0.76951,1.12,1.00
2016.09.13 13:28:34.350,0.76943,0.76953,1.00,2.25
2016.09.13 13:28:34.402,0.76943,0.76953,1.00,1.65
2016.09.13 13:28:34.556,0.76944,0.76953,1.00,1.27
2016.09.13 13:28:34.709,0.76944,0.76954,1.00,1.87
2016.09.13 13:28:34.885,0.76944,0.76954,1.00,1.82
2016.09.13 13:28:35.798,0.76944,0.76953,1.50,1.27
2016.09.13 13:28:36.001,0.76946,0.76953,1.00,1.27
2016.09.13 13:28:36.053,0.76946,0.76954,1.00,2.25
2016.09.13 13:28:36.358,0.76944,0.76954,1.50,2.25
2016.09.13 13:28:36.564,0.76945,0.76954,1.00,2.25
2016.09.13 13:28:36.665,0.76944,0.76954,1.50,2.25
2016.09.13 13:28:36.716,0.76944,0.76953,1.00,1.57
2016.09.13 13:28:37.118,0.76946,0.76953,1.00,1.57
2016.09.13 13:28:37.169,0.76946,0.76953,1.00,1.20
2016.09.13 13:28:37.220,0.76948,0.76954,1.00,1.45
2016.09.13 13:28:37.271,0.76949,0.76956,1.00,1.50
2016.09.13 13:28:37.426,0.76949,0.76957,1.37,1.87
2016.09.13 13:28:37.477,0.76952,0.76959,1.00,1.12
2016.09.13 13:28:37.528,0.76952,0.76961,1.00,1.12
2016.09.13 13:28:37.783,0.76952,0.76961,1.00,1.50
2016.09.13 13:28:38.275,0.76952,0.7696,1.00,1.10
2016.09.13 13:28:38.429,0.76953,0.76959,1.00,1.00
2016.09.13 13:28:38.641,0.76953,0.76961,1.00,1.50
2016.09.13 13:28:38.947,0.76953,0.76961,1.00,1.20
2016.09.13 13:28:38.998,0.76953,0.76961,1.00,1.10
2016.09.13 13:28:39.179,0.76953,0.76961,1.00,1.00
2016.09.13 13:28:39.231,0.76955,0.76963,1.00,1.50
2016.09.13 13:28:39.282,0.76955,0.76963,1.00,1.12
2016.09.13 13:28:39.333,0.76955,0.76963,1.50,1.12
2016.09.13 13:28:39.385,0.76956,0.76964,1.00,1.00
2016.09.13 13:28:39.436,0.76956,0.76966,1.50,1.20
2016.09.13 13:28:39.487,0.76957,0.76967,1.00,2.92
2016.09.13 13:28:39.590,0.76957,0.76967,1.00,3.30
2016.09.13 13:28:39.641,0.76957,0.76967,1.00,2.70
2016.09.13 13:28:39.692,0.76957,0.76967,1.00,1.95
2016.09.13 13:28:39.931,0.7696,0.76969,1.00,3.07
2016.09.13 13:28:39.984,0.76958,0.76969,1.00,2.70
2016.09.13 13:28:40.035,0.76958,0.76969,1.00,2.32
2016.09.13 13:28:40.137,0.76959,0.76969,1.00,3.07
2016.09.13 13:28:40.239,0.76959,0.76969,1.00,3.82
2016.09.13 13:28:40.372,0.76959,0.76969,1.00,3.45
2016.09.13 13:28:40.578,0.7696,0.76969,1.00,2.70
2016.09.13 13:28:40.973,0.7696,0.76969,1.00,3.07
2016.09.13 13:28:41.025,0.7696,0.76969,1.00,2.32
2016.09.13 13:28:41.076,0.7696,0.76969,1.00,1.95
2016.09.13 13:28:41.127,0.7696,0.76969,1.00,1.57
2016.09.13 13:28:41.390,0.7696,0.76969,1.00,1.20
2016.09.13 13:28:41.888,0.7696,0.7697,1.00,3.75
2016.09.13 13:28:41.940,0.7696,0.7697,1.00,1.20
2016.09.13 13:28:42.093,0.76961,0.7697,1.12,1.10
2016.09.13 13:28:42.144,0.76961,0.7697,1.12,1.00
2016.09.13 13:28:43.955,0.76962,0.7697,1.00,1.00
2016.09.13 13:28:44.439,0.76964,0.7697,1.00,1.00
2016.09.13 13:28:44.592,0.76962,0.7697,1.12,1.00
2016.09.13 13:28:45.573,0.76962,0.7697,1.00,1.00
2016.09.13 13:28:46.388,0.76962,0.76972,1.00,1.20
2016.09.13 13:28:47.241,0.76962,0.7697,1.00,1.00
2016.09.13 13:28:48.288,0.76963,0.7697,1.00,1.00
2016.09.13 13:28:48.441,0.7696,0.76966,1.12,1.00
2016.09.13 13:28:48.492,0.7696,0.76965,1.12,1.00
2016.09.13 13:28:48.543,0.76959,0.76965,1.50,1.00
2016.09.13 13:28:48.739,0.76957,0.76964,2.25,1.00
2016.09.13 13:28:48.790,0.76955,0.76961,1.75,1.00
2016.09.13 13:28:48.892,0.76954,0.7696,1.37,1.00
2016.09.13 13:28:48.944,0.76954,0.76961,1.00,1.00
2016.09.13 13:28:48.995,0.76954,0.76959,1.12,1.00
2016.09.13 13:28:49.046,0.76955,0.76961,1.00,1.00
2016.09.13 13:28:49.098,0.76955,0.76961,1.12,1.00
2016.09.13 13:28:49.200,0.76955,0.76962,1.50,1.00
2016.09.13 13:28:49.390,0.76955,0.76962,1.87,1.00
2016.09.13 13:28:49.493,0.76955,0.7696,1.12,1.00
2016.09.13 13:28:49.544,0.76955,0.7696,1.00,1.00
2016.09.13 13:28:49.595,0.76955,0.7696,1.37,1.00
2016.09.13 13:28:49.698,0.76955,0.7696,1.00,1.00
2016.09.13 13:28:49.953,0.76954,0.7696,1.87,1.00
2016.09.13 13:28:50.344,0.76955,0.76962,1.00,1.00
2016.09.13 13:28:50.446,0.76955,0.76962,1.37,1.00
2016.09.13 13:28:50.498,0.76956,0.76962,1.00,1.00
2016.09.13 13:28:51.277,0.76956,0.76962,1.50,1.00
2016.09.13 13:28:51.653,0.76956,0.76962,1.00,1.00
2016.09.13 13:28:51.704,0.76956,0.76962,1.00,1.00
2016.09.13 13:28:52.544,0.76956,0.76963,1.50,1.00
2016.09.13 13:28:53.402,0.76956,0.76963,1.50,1.00
2016.09.13 13:28:53.454,0.76956,0.76963,1.00,1.00
2016.09.13 13:28:53.505,0.76955,0.76963,2.25,1.00
2016.09.13 13:28:53.556,0.76956,0.76963,1.00,1.00
2016.09.13 13:28:54.123,0.76958,0.76962,1.00,1.00
2016.09.13 13:28:55.265,0.76957,0.76962,1.00,1.00
2016.09.13 13:28:56.246,0.76956,0.76962,1.12,1.00
2016.09.13 13:28:56.297,0.76957,0.76962,1.00,1.00
2016.09.13 13:28:56.503,0.76957,0.76962,1.12,1.00
2016.09.13 13:28:57.433,0.76958,0.76962,1.00,1.00
2016.09.13 13:28:57.957,0.76958,0.76963,1.00,1.00
2016.09.13 13:28:58.397,0.76958,0.76963,1.12,1.00
2016.09.13 13:29:00.067,0.76957,0.76963,1.37,1.00
2016.09.13 13:29:00.119,0.76957,0.76963,1.00,1.00
2016.09.13 13:29:00.382,0.76957,0.76965,1.00,1.00
2016.09.13 13:29:01.261,0.76957,0.76964,1.50,1.00
2016.09.13 13:29:01.312,0.76957,0.76964,1.87,1.00
2016.09.13 13:29:01.364,0.76957,0.76964,1.50,1.00
2016.09.13 13:29:01.466,0.76957,0.76964,1.50,1.00
2016.09.13 13:29:01.568,0.76957,0.76964,1.87,1.00
2016.09.13 13:29:01.670,0.76957,0.76964,1.50,1.00
2016.09.13 13:29:02.409,0.76958,0.76964,1.12,1.00
2016.09.13 13:29:02.757,0.76958,0.76964,1.12,1.00
2016.09.13 13:29:03.392,0.7696,0.76967,1.00,1.00
2016.09.13 13:29:03.443,0.7696,0.76967,1.12,1.00
2016.09.13 13:29:04.412,0.76958,0.76967,3.75,1.00
2016.09.13 13:29:05.296,0.76958,0.76967,4.50,1.00
2016.09.13 13:29:05.347,0.76959,0.76967,1.37,1.00
2016.09.13 13:29:05.462,0.76959,0.76967,1.12,1.00
2016.09.13 13:29:06.131,0.76959,0.76967,1.12,1.00
2016.09.13 13:29:06.182,0.76962,0.76967,1.00,1.00
2016.09.13 13:29:06.286,0.76962,0.76967,1.50,1.00
2016.09.13 13:29:06.491,0.76963,0.76969,1.50,1.00
2016.09.13 13:29:06.697,0.76963,0.7697,1.87,1.00
2016.09.13 13:29:06.749,0.76963,0.7697,2.25,1.00
2016.09.13 13:29:07.938,0.76964,0.7697,1.00,1.00
2016.09.13 13:29:09.706,0.76964,0.76971,1.50,1.00
2016.09.13 13:29:09.757,0.76964,0.76971,1.50,1.00
2016.09.13 13:29:09.808,0.76964,0.76972,1.50,1.65
2016.09.13 13:29:09.859,0.76964,0.76972,1.50,1.50
2016.09.13 13:29:09.910,0.76965,0.76971,1.00,1.00
2016.09.13 13:29:16.374,0.76965,0.76972,1.00,1.00
2016.09.13 13:29:16.476,0.76964,0.76972,2.62,1.00
2016.09.13 13:29:16.527,0.76964,0.76972,3.00,1.00
2016.09.13 13:29:16.969,0.76964,0.76972,1.87,1.00
2016.09.13 13:29:17.776,0.76964,0.76972,2.62,1.00
2016.09.13 13:29:18.386,0.76964,0.76972,2.62,1.00
2016.09.13 13:29:18.489,0.76965,0.76973,1.37,1.00
2016.09.13 13:29:18.547,0.76965,0.76973,2.62,1.00
2016.09.13 13:29:18.621,0.76966,0.76973,1.87,1.00
2016.09.13 13:29:19.331,0.76966,0.76973,3.37,1.00
2016.09.13 13:29:19.434,0.76966,0.76973,1.87,1.00
2016.09.13 13:29:19.485,0.76967,0.76973,1.00,1.00
2016.09.13 13:29:19.672,0.76968,0.76974,1.12,1.00
2016.09.13 13:29:19.774,0.76968,0.76976,1.12,1.00
2016.09.13 13:29:19.876,0.76968,0.76975,1.12,1.00
2016.09.13 13:29:20.205,0.76968,0.76975,1.00,1.00
2016.09.13 13:29:20.699,0.76968,0.76975,1.12,1.00
2016.09.13 13:29:21.654,0.76968,0.76975,1.00,1.00
2016.09.13 13:29:22.902,0.76968,0.76975,1.00,1.00
2016.09.13 13:29:22.954,0.76969,0.76975,1.50,1.00
2016.09.13 13:29:23.005,0.76969,0.76976,1.50,1.00
2016.09.13 13:29:23.108,0.76969,0.76976,3.00,1.00
2016.09.13 13:29:23.160,0.76971,0.76979,1.00,2.25
2016.09.13 13:29:23.263,0.76972,0.76978,1.37,1.20
2016.09.13 13:29:23.315,0.76971,0.76977,2.25,1.00
2016.09.13 13:29:23.366,0.76971,0.76977,1.50,1.00
2016.09.13 13:29:23.417,0.7697,0.76979,2.25,1.00
2016.09.13 13:29:23.656,0.7697,0.76979,1.87,1.00
2016.09.13 13:29:23.712,0.76969,0.76975,4.31,1.00
2016.09.13 13:29:23.763,0.76969,0.76974,2.44,1.00
2016.09.13 13:29:23.815,0.76968,0.76974,1.00,1.00
2016.09.13 13:29:23.866,0.76968,0.76973,1.50,1.00
2016.09.13 13:29:23.968,0.76965,0.76973,2.25,1.00
2016.09.13 13:29:24.070,0.76965,0.76972,1.50,1.00
2016.09.13 13:29:24.172,0.76965,0.76972,1.00,1.00
2016.09.13 13:29:24.692,0.76964,0.76972,1.00,1.00
2016.09.13 13:29:25.247,0.76964,0.76972,1.50,1.00
2016.09.13 13:29:25.623,0.76964,0.76972,1.50,1.50
2016.09.13 13:29:26.148,0.76964,0.76972,1.50,1.00
2016.09.13 13:29:26.844,0.76964,0.76972,1.50,1.50
2016.09.13 13:29:27.351,0.76965,0.76972,1.00,1.00
2016.09.13 13:29:27.904,0.76963,0.76972,1.50,1.00
2016.09.13 13:29:28.006,0.76963,0.76972,1.50,1.00
2016.09.13 13:29:28.075,0.76963,0.76972,1.50,1.00
2016.09.13 13:29:28.228,0.76963,0.7697,1.50,1.00
2016.09.13 13:29:30.130,0.76962,0.76971,1.75,1.00
2016.09.13 13:29:30.181,0.76962,0.7697,1.50,1.00
2016.09.13 13:29:30.232,0.76962,0.76971,1.00,1.00
2016.09.13 13:29:30.284,0.76961,0.7697,1.75,1.00
2016.09.13 13:29:30.335,0.76961,0.76969,1.50,1.00
2016.09.13 13:29:30.574,0.76961,0.7697,1.12,1.57
2016.09.13 13:29:30.626,0.76961,0.76969,1.12,1.00
2016.09.13 13:29:30.780,0.76961,0.76969,1.37,1.00
2016.09.13 13:29:30.831,0.76962,0.76969,1.00,1.00
2016.09.13 13:29:30.984,0.76961,0.76969,1.50,1.00
2016.09.13 13:29:31.036,0.76961,0.76969,1.12,1.00
2016.09.13 13:29:31.253,0.76959,0.76969,1.75,1.00
2016.09.13 13:29:31.323,0.76959,0.76969,1.75,1.00
2016.09.13 13:29:31.731,0.76959,0.76968,2.25,1.00
2016.09.13 13:29:31.833,0.76959,0.76968,1.75,1.00
2016.09.13 13:29:32.140,0.7696,0.76968,1.50,1.00
2016.09.13 13:29:32.344,0.76961,0.76968,1.12,1.00
2016.09.13 13:29:33.279,0.7696,0.76968,1.87,1.00
2016.09.13 13:29:33.330,0.7696,0.76968,1.00,1.00
2016.09.13 13:29:33.381,0.7696,0.76968,1.37,1.00
2016.09.13 13:29:33.534,0.7696,0.76968,2.25,1.00
2016.09.13 13:29:34.283,0.7696,0.76969,1.12,1.00
2016.09.13 13:29:34.334,0.7696,0.76969,1.50,1.00
2016.09.13 13:29:35.084,0.7696,0.76968,1.50,1.00
2016.09.13 13:29:35.815,0.7696,0.76968,1.12,1.00
2016.09.13 13:29:35.866,0.7696,0.76968,1.00,1.00
2016.09.13 13:29:36.620,0.7696,0.76965,1.00,1.00
2016.09.13 13:29:36.773,0.76957,0.76963,1.00,1.00
2016.09.13 13:29:36.825,0.76955,0.76962,1.69,1.00
2016.09.13 13:29:36.876,0.76955,0.76962,1.00,1.00
2016.09.13 13:29:36.927,0.76953,0.76962,1.87,1.00
2016.09.13 13:29:36.980,0.76953,0.76962,1.50,1.00
2016.09.13 13:29:37.227,0.76953,0.76961,1.50,1.00
2016.09.13 13:29:37.329,0.76953,0.76961,1.50,1.00
2016.09.13 13:29:37.877,0.76953,0.76962,1.50,1.00
2016.09.13 13:29:38.035,0.76953,0.76962,1.00,1.00
2016.09.13 13:29:38.402,0.76953,0.76962,1.00,1.50
2016.09.13 13:29:38.453,0.76953,0.76961,1.00,1.00
2016.09.13 13:29:38.556,0.76953,0.76961,1.50,1.00
2016.09.13 13:29:38.627,0.76953,0.76961,1.87,1.00
2016.09.13 13:29:38.833,0.76953,0.7696,1.50,1.00
2016.09.13 13:29:38.936,0.76953,0.76961,1.12,1.00
2016.09.13 13:29:39.040,0.76954,0.76961,1.00,1.00
2016.09.13 13:29:41.572,0.76954,0.76962,1.00,1.50
2016.09.13 13:29:41.623,0.76955,0.76962,1.50,1.00
2016.09.13 13:29:41.674,0.76955,0.76964,3.37,1.00
2016.09.13 13:29:41.725,0.76955,0.76963,3.07,1.00
2016.09.13 13:29:41.776,0.76955,0.76963,1.95,1.00
2016.09.13 13:29:41.929,0.76955,0.76963,1.57,1.00
2016.09.13 13:29:42.031,0.76955,0.76963,1.10,1.00
2016.09.13 13:29:42.864,0.76955,0.76963,1.10,1.50
2016.09.13 13:29:42.915,0.76955,0.76961,1.10,1.00
2016.09.13 13:29:42.967,0.76955,0.76961,1.00,1.00
2016.09.13 13:29:43.018,0.76953,0.76961,1.47,1.00
2016.09.13 13:29:43.852,0.76953,0.7696,1.47,1.00
2016.09.13 13:29:45.057,0.76953,0.76963,1.47,1.50
2016.09.13 13:29:45.159,0.76954,0.76963,1.12,1.00
2016.09.13 13:29:45.386,0.76954,0.76963,1.00,1.00
2016.09.13 13:29:46.675,0.76953,0.76961,1.57,1.00
2016.09.13 13:29:46.727,0.76953,0.76961,1.20,1.00
2016.09.13 13:29:46.778,0.76953,0.76961,1.10,1.00
2016.09.13 13:29:47.013,0.76952,0.76962,3.82,1.00
2016.09.13 13:29:47.064,0.76952,0.76962,3.82,1.50
2016.09.13 13:29:47.116,0.76952,0.76962,3.45,1.50
2016.09.13 13:29:47.167,0.76954,0.76962,1.12,1.00
2016.09.13 13:29:47.270,0.76954,0.76963,1.50,1.00
2016.09.13 13:29:47.372,0.76954,0.76963,1.12,1.00
2016.09.13 13:29:47.526,0.76954,0.76962,1.12,1.00
2016.09.13 13:29:47.577,0.76953,0.76962,1.57,1.00
2016.09.13 13:29:47.720,0.76953,0.76962,1.37,1.00
2016.09.13 13:29:47.772,0.7695,0.7696,1.87,1.57
2016.09.13 13:29:47.823,0.7695,0.76958,1.87,1.00
2016.09.13 13:29:47.927,0.7695,0.76956,1.50,1.00
2016.09.13 13:29:47.979,0.7695,0.76956,1.00,1.00
2016.09.13 13:29:48.518,0.7695,0.76956,1.50,1.00
2016.09.13 13:29:48.569,0.76952,0.76956,1.00,1.00
2016.09.13 13:29:48.678,0.7695,0.76956,1.00,1.00
2016.09.13 13:29:48.780,0.76948,0.76956,1.00,1.00
2016.09.13 13:29:49.591,0.76949,0.76956,1.00,1.00
2016.09.13 13:29:50.558,0.76948,0.76956,1.00,1.00
2016.09.13 13:29:51.814,0.76948,0.76955,1.00,1.00
2016.09.13 13:29:51.865,0.76947,0.76955,1.00,1.00
2016.09.13 13:29:52.037,0.76946,0.76955,1.20,1.00
2016.09.13 13:29:52.088,0.76945,0.76955,1.20,1.50
2016.09.13 13:29:52.140,0.76945,0.76955,1.10,1.50
2016.09.13 13:29:52.293,0.76945,0.76955,1.10,1.69
2016.09.13 13:29:52.397,0.76946,0.76955,1.00,1.00
2016.09.13 13:29:52.831,0.76945,0.76955,1.57,1.50
2016.09.13 13:29:52.986,0.76946,0.76955,1.12,1.00
2016.09.13 13:29:53.037,0.76946,0.76955,1.12,1.00
2016.09.13 13:29:53.089,0.76947,0.76955,1.00,1.00
2016.09.13 13:29:53.920,0.76947,0.76957,1.00,1.00
2016.09.13 13:29:54.075,0.76951,0.76956,1.00,1.00
2016.09.13 13:29:54.279,0.76951,0.76959,1.00,1.94
2016.09.13 13:29:54.331,0.76952,0.76959,1.12,4.31
2016.09.13 13:29:54.382,0.76947,0.76956,5.32,1.00
2016.09.13 13:29:54.433,0.76948,0.76957,1.75,1.00
2016.09.13 13:29:54.485,0.76948,0.76957,1.95,1.00
2016.09.13 13:29:54.536,0.76949,0.76958,2.70,1.00
2016.09.13 13:29:54.740,0.76948,0.76958,1.95,1.00
2016.09.13 13:29:54.791,0.76948,0.76958,1.07,1.75
2016.09.13 13:29:54.972,0.76947,0.76958,2.25,1.75
2016.09.13 13:29:55.029,0.76947,0.76958,1.87,3.37
2016.09.13 13:29:55.080,0.76947,0.76957,2.25,1.00
2016.09.13 13:29:55.132,0.76947,0.76957,3.00,1.00
2016.09.13 13:29:55.183,0.76948,0.76958,1.20,1.50
2016.09.13 13:29:55.235,0.76948,0.76958,1.20,1.00
2016.09.13 13:29:55.344,0.76948,0.76959,1.20,2.25
2016.09.13 13:29:55.396,0.76948,0.76959,1.57,2.25
2016.09.13 13:29:55.499,0.76949,0.76959,1.12,1.50
2016.09.13 13:29:55.882,0.76949,0.76959,1.12,1.00
2016.09.13 13:29:56.086,0.76949,0.76959,1.50,1.12
2016.09.13 13:29:56.159,0.76949,0.76959,1.50,1.50
2016.09.13 13:29:56.524,0.7695,0.76959,1.95,1.69
2016.09.13 13:29:56.576,0.7695,0.76957,1.10,1.00
2016.09.13 13:29:56.651,0.76948,0.76957,2.62,1.00
2016.09.13 13:29:56.754,0.76948,0.76957,2.25,1.00
2016.09.13 13:29:56.805,0.76948,0.76957,1.57,1.00
2016.09.13 13:29:56.910,0.76948,0.76957,1.20,1.00
2016.09.13 13:29:56.961,0.76948,0.76957,1.57,1.00
2016.09.13 13:29:57.064,0.76948,0.76957,1.20,1.12
2016.09.13 13:29:57.205,0.76947,0.76957,3.37,1.12
2016.09.13 13:29:57.257,0.76949,0.76957,1.75,1.12
2016.09.13 13:29:57.309,0.76949,0.76956,1.75,1.00
2016.09.13 13:29:57.361,0.76947,0.76957,3.37,1.12
2016.09.13 13:29:57.412,0.76949,0.76957,1.12,1.12
2016.09.13 13:29:57.514,0.76947,0.76957,3.75,1.12
2016.09.13 13:29:57.565,0.76947,0.76957,3.45,1.12
2016.09.13 13:29:57.616,0.76947,0.76957,2.70,1.12
2016.09.13 13:29:57.718,0.76947,0.76957,3.45,1.12
2016.09.13 13:29:57.820,0.76947,0.76957,2.70,1.12
2016.09.13 13:29:58.139,0.76947,0.76957,2.32,1.12
2016.09.13 13:29:58.242,0.76947,0.76957,2.70,1.12
2016.09.13 13:29:58.345,0.76947,0.76957,2.32,1.12
2016.09.13 13:29:58.577,0.76948,0.76957,1.12,1.12
2016.09.13 13:29:59.082,0.76949,0.76957,1.10,1.87
2016.09.13 13:29:59.185,0.76949,0.76956,1.10,1.00
2016.09.13 13:30:00.088,0.76947,0.76956,1.57,1.00
2016.09.13 13:30:00.315,0.76948,0.76957,1.12,1.12
2016.09.13 13:30:00.367,0.76948,0.76956,1.12,1.00
2016.09.13 13:30:00.906,0.76946,0.76955,1.87,1.00
2016.09.13 13:30:01.009,0.76945,0.76953,2.25,1.00
2016.09.13 13:30:01.060,0.76945,0.76954,1.87,1.87
2016.09.13 13:30:01.112,0.76945,0.76953,1.50,1.00
2016.09.13 13:30:01.214,0.76945,0.76953,1.12,1.25
2016.09.13 13:30:01.317,0.76945,0.76953,1.12,1.00
2016.09.13 13:30:02.097,0.76945,0.76954,1.12,2.25
2016.09.13 13:30:02.296,0.76944,0.76954,2.32,1.00
2016.09.13 13:30:02.349,0.76946,0.76955,1.10,1.00
2016.09.13 13:30:02.401,0.76946,0.76956,1.10,1.31
2016.09.13 13:30:02.452,0.76947,0.76956,1.00,1.31
2016.09.13 13:30:02.555,0.76947,0.76956,1.10,1.31
2016.09.13 13:30:02.998,0.76947,0.76955,1.10,1.00
2016.09.13 13:30:03.357,0.76947,0.76955,1.10,1.50
2016.09.13 13:30:03.561,0.76945,0.76954,2.32,1.00
2016.09.13 13:30:03.800,0.76945,0.76954,1.12,1.50
2016.09.13 13:30:04.132,0.76945,0.76952,1.12,1.00
2016.09.13 13:30:04.183,0.76943,0.76952,1.12,1.69
2016.09.13 13:30:04.234,0.76943,0.7695,1.12,1.00
2016.09.13 13:30:04.286,0.76942,0.7695,1.87,1.00
2016.09.13 13:30:04.489,0.76942,0.7695,1.50,1.50
2016.09.13 13:30:04.540,0.76942,0.7695,1.12,1.50
2016.09.13 13:30:04.673,0.7694,0.7695,3.00,1.50
2016.09.13 13:30:04.725,0.7694,0.76949,1.50,1.25
2016.09.13 13:30:04.777,0.76939,0.76949,1.75,1.62
2016.09.13 13:30:04.829,0.76939,0.76949,1.12,1.69
2016.09.13 13:30:04.932,0.76938,0.7695,3.75,2.44
2016.09.13 13:30:04.983,0.7694,0.76949,1.00,1.25
2016.09.13 13:30:05.034,0.7694,0.7695,1.00,1.50
2016.09.13 13:30:05.086,0.7694,0.7695,1.00,1.12
2016.09.13 13:30:05.137,0.7694,0.7695,1.00,1.25
2016.09.13 13:30:05.188,0.7694,0.7695,1.20,1.31
2016.09.13 13:30:05.336,0.76939,0.76949,1.87,1.00
2016.09.13 13:30:05.389,0.76939,0.76948,1.12,1.00
2016.09.13 13:30:05.651,0.76937,0.76947,3.37,1.00
2016.09.13 13:30:05.702,0.76937,0.76947,4.12,1.00
2016.09.13 13:30:06.105,0.76937,0.76947,3.37,1.00
2016.09.13 13:30:06.208,0.76937,0.76945,1.87,1.00
2016.09.13 13:30:06.259,0.76937,0.76945,1.10,1.00
2016.09.13 13:30:06.311,0.76937,0.76945,1.10,1.12
2016.09.13 13:30:06.413,0.76937,0.76945,1.10,1.00
2016.09.13 13:30:06.464,0.76937,0.76945,1.00,1.00
2016.09.13 13:30:06.567,0.76935,0.76944,1.50,1.00
2016.09.13 13:30:06.618,0.76935,0.76945,2.25,1.12
2016.09.13 13:30:06.669,0.76935,0.76944,1.50,1.00
2016.09.13 13:30:06.816,0.76935,0.76943,1.10,1.50
2016.09.13 13:30:06.867,0.76933,0.76942,1.87,1.12
2016.09.13 13:30:06.918,0.76933,0.76941,1.10,1.00
2016.09.13 13:30:06.969,0.76933,0.7694,1.10,1.50
2016.09.13 13:30:07.021,0.76932,0.7694,1.12,1.50
2016.09.13 13:30:07.123,0.76931,0.7694,2.70,1.50
2016.09.13 13:30:07.175,0.76931,0.76937,1.12,1.00
2016.09.13 13:30:07.226,0.76931,0.76937,1.00,1.00
2016.09.13 13:30:07.379,0.76931,0.76936,1.00,1.00
2016.09.13 13:30:07.564,0.76929,0.76937,1.10,1.00
2016.09.13 13:30:07.617,0.76928,0.76936,1.00,1.12
2016.09.13 13:30:07.668,0.76928,0.76935,1.00,1.00
2016.09.13 13:30:07.719,0.76927,0.76936,1.20,1.00
2016.09.13 13:30:07.773,0.76927,0.76936,1.95,1.00
2016.09.13 13:30:07.829,0.76927,0.76936,1.00,1.00
2016.09.13 13:30:08.084,0.76925,0.76936,2.32,1.00
2016.09.13 13:30:08.264,0.76925,0.76936,2.25,1.00
2016.09.13 13:30:08.374,0.76928,0.76937,1.00,1.87
2016.09.13 13:30:08.426,0.76928,0.76936,1.00,1.00
2016.09.13 13:30:08.596,0.76925,0.76935,1.50,1.00
2016.09.13 13:30:08.647,0.76925,0.76933,1.50,1.00
2016.09.13 13:30:08.701,0.76925,0.76933,1.12,1.00
2016.09.13 13:30:08.863,0.76925,0.76933,1.20,1.00
2016.09.13 13:30:08.919,0.76925,0.76935,1.00,1.87
2016.09.13 13:30:09.021,0.76923,0.76935,2.70,1.87
2016.09.13 13:30:09.123,0.76923,0.76935,3.45,1.87
2016.09.13 13:30:09.174,0.76923,0.76935,3.45,1.50
2016.09.13 13:30:09.276,0.76924,0.76935,1.12,1.50
2016.09.13 13:30:09.611,0.76924,0.76935,1.12,1.50
2016.09.13 13:30:09.662,0.76927,0.76936,1.50,2.25
2016.09.13 13:30:09.714,0.76927,0.76936,2.62,1.37
2016.09.13 13:30:09.765,0.76928,0.76937,1.00,1.57
2016.09.13 13:30:09.818,0.76929,0.76938,1.12,1.50
2016.09.13 13:30:09.871,0.7693,0.76939,1.00,1.75
2016.09.13 13:30:09.923,0.7693,0.7694,1.00,1.00
2016.09.13 13:30:10.025,0.7693,0.76941,1.50,1.00
2016.09.13 13:30:10.076,0.7693,0.76941,1.87,1.00
2016.09.13 13:30:10.223,0.76932,0.76941,1.00,1.00
2016.09.13 13:30:10.326,0.76932,0.76942,1.00,1.25
2016.09.13 13:30:11.078,0.76931,0.76942,1.27,1.00
2016.09.13 13:30:11.596,0.7693,0.76942,3.37,1.00
2016.09.13 13:30:11.648,0.7693,0.76941,2.62,1.00
2016.09.13 13:30:11.699,0.76931,0.76941,1.20,1.50
2016.09.13 13:30:12.014,0.7693,0.76941,2.25,1.00
2016.09.13 13:30:12.167,0.7693,0.76939,3.00,1.00
2016.09.13 13:30:12.220,0.7693,0.76938,2.25,1.00
2016.09.13 13:30:12.271,0.7693,0.7694,1.50,1.25
2016.09.13 13:30:12.323,0.76928,0.7694,2.32,1.25
2016.09.13 13:30:12.374,0.7693,0.7694,1.00,1.25
2016.09.13 13:30:12.425,0.7693,0.7694,1.87,1.00
2016.09.13 13:30:12.587,0.7693,0.7694,1.95,1.25
2016.09.13 13:30:12.642,0.7693,0.76936,1.00,1.00
2016.09.13 13:30:12.693,0.76928,0.76935,2.70,1.00
2016.09.13 13:30:12.744,0.76927,0.76935,2.25,1.00
2016.09.13 13:30:12.795,0.76927,0.76935,1.50,1.00
2016.09.13 13:30:12.847,0.76926,0.76934,1.12,1.00
2016.09.13 13:30:12.900,0.76925,0.76934,1.47,1.00
2016.09.13 13:30:12.951,0.76924,0.76935,2.32,1.25
2016.09.13 13:30:13.002,0.76924,0.76935,1.95,1.25
2016.09.13 13:30:13.054,0.76924,0.76935,2.70,1.00
2016.09.13 13:30:13.232,0.76926,0.76935,1.00,1.00
2016.09.13 13:30:13.337,0.76927,0.76937,1.00,1.37
2016.09.13 13:30:13.390,0.76927,0.76937,1.50,1.37
2016.09.13 13:30:13.442,0.76927,0.76936,1.00,1.00
2016.09.13 13:30:13.546,0.76927,0.76936,1.50,1.00
2016.09.13 13:30:13.622,0.76926,0.76936,2.32,1.00
2016.09.13 13:30:13.673,0.76926,0.76936,1.85,1.00
2016.09.13 13:30:14.283,0.76926,0.76935,1.57,1.00
2016.09.13 13:30:14.436,0.76926,0.76934,1.47,1.00
2016.09.13 13:30:14.487,0.76925,0.76934,1.57,1.00
2016.09.13 13:30:14.538,0.76925,0.76934,1.20,1.00
2016.09.13 13:30:14.684,0.76925,0.76934,1.00,1.00
2016.09.13 13:30:14.752,0.76923,0.76932,1.57,1.00
2016.09.13 13:30:14.803,0.76924,0.76934,1.00,1.50
2016.09.13 13:30:14.855,0.76924,0.76935,1.50,1.95
2016.09.13 13:30:14.906,0.76925,0.76935,1.00,1.45
2016.09.13 13:30:14.957,0.76925,0.76936,2.70,2.62
2016.09.13 13:30:15.060,0.76925,0.76936,3.45,2.25
2016.09.13 13:30:15.111,0.76925,0.76936,3.07,1.00
2016.09.13 13:30:15.162,0.76925,0.76934,3.45,1.00
2016.09.13 13:30:15.214,0.76925,0.76934,2.70,1.00
2016.09.13 13:30:15.391,0.76925,0.76933,1.95,1.00
2016.09.13 13:30:15.442,0.76925,0.76932,1.00,1.00
2016.09.13 13:30:15.494,0.76923,0.76932,1.47,1.00
2016.09.13 13:30:15.546,0.76923,0.76935,1.20,1.31
2016.09.13 13:30:15.598,0.76923,0.76935,2.70,1.12
2016.09.13 13:30:15.649,0.76924,0.76935,1.47,1.00
2016.09.13 13:30:15.700,0.76924,0.76935,1.57,1.00
2016.09.13 13:30:15.752,0.76925,0.76935,1.00,1.00
2016.09.13 13:30:15.854,0.76925,0.76935,1.12,1.00
2016.09.13 13:30:15.906,0.76926,0.76935,1.12,1.00
2016.09.13 13:30:15.958,0.76926,0.76936,1.12,1.25
2016.09.13 13:30:16.135,0.76926,0.76935,1.00,1.00
2016.09.13 13:30:16.442,0.76926,0.76937,1.00,3.56
2016.09.13 13:30:16.697,0.76924,0.76937,1.95,2.81
2016.09.13 13:30:16.748,0.76924,0.76936,1.95,1.20
2016.09.13 13:30:17.159,0.76925,0.76936,1.00,1.95
2016.09.13 13:30:17.210,0.76924,0.76936,1.95,1.95
2016.09.13 13:30:17.363,0.76924,0.76936,1.57,2.14
2016.09.13 13:30:17.414,0.76924,0.76936,1.10,2.14
2016.09.13 13:30:17.465,0.76924,0.76935,1.20,1.00
2016.09.13 13:30:17.567,0.76926,0.76935,1.00,1.00
2016.09.13 13:30:17.669,0.76925,0.76935,1.37,1.00
2016.09.13 13:30:17.848,0.76926,0.76937,2.25,1.19
2016.09.13 13:30:18.430,0.76926,0.76937,1.87,1.19
2016.09.13 13:30:18.481,0.76927,0.76937,1.00,1.19
2016.09.13 13:30:18.532,0.76927,0.76937,1.12,1.19
2016.09.13 13:30:18.707,0.76927,0.76937,1.00,1.19
2016.09.13 13:30:18.775,0.76926,0.76935,1.50,1.00
2016.09.13 13:30:18.878,0.76926,0.76935,1.50,1.69
2016.09.13 13:30:18.929,0.76926,0.76935,1.50,1.25
2016.09.13 13:30:18.981,0.76924,0.76935,1.85,1.25
2016.09.13 13:30:19.083,0.76924,0.76935,1.57,1.25
2016.09.13 13:30:19.135,0.76924,0.76935,1.47,1.69
2016.09.13 13:30:19.186,0.76923,0.76933,6.37,1.00
2016.09.13 13:30:19.311,0.76923,0.76933,5.25,1.00
2016.09.13 13:30:19.481,0.76923,0.76935,5.25,1.19
2016.09.13 13:30:19.685,0.76923,0.76933,4.87,1.00
2016.09.13 13:30:19.736,0.76923,0.76933,3.00,1.00
2016.09.13 13:30:19.788,0.76923,0.76932,1.12,1.00
2016.09.13 13:30:19.839,0.76923,0.76932,1.87,1.00
2016.09.13 13:30:19.891,0.76923,0.76932,3.37,1.00
2016.09.13 13:30:19.942,0.76923,0.76935,3.37,1.69
2016.09.13 13:30:19.994,0.76924,0.76935,1.37,2.06
2016.09.13 13:30:20.045,0.76924,0.76935,1.37,2.06
2016.09.13 13:30:20.096,0.76923,0.76935,2.32,2.06
2016.09.13 13:30:20.286,0.76924,0.76937,1.37,2.14
2016.09.13 13:30:20.338,0.76924,0.76937,2.62,1.10
2016.09.13 13:30:20.389,0.76924,0.76937,4.50,1.10
2016.09.13 13:30:20.440,0.76924,0.76938,4.50,3.07
2016.09.13 13:30:20.608,0.76925,0.76938,1.87,3.07
2016.09.13 13:30:20.659,0.76925,0.76938,1.87,2.70
2016.09.13 13:30:20.813,0.76925,0.76938,1.87,1.95
2016.09.13 13:30:20.865,0.76925,0.76938,2.25,1.95
2016.09.13 13:30:21.118,0.76925,0.76937,1.87,1.00
2016.09.13 13:30:21.169,0.76924,0.76933,1.95,1.00
2016.09.13 13:30:21.220,0.76924,0.76933,1.47,1.00
2016.09.13 13:30:21.725,0.76924,0.76934,1.47,1.00
2016.09.13 13:30:22.141,0.76924,0.76934,1.95,1.00
2016.09.13 13:30:22.243,0.76924,0.76934,1.57,1.00
2016.09.13 13:30:22.744,0.76925,0.76937,1.12,1.50
2016.09.13 13:30:22.911,0.76925,0.76937,1.50,1.00
2016.09.13 13:30:22.968,0.76925,0.76938,1.95,2.25
2016.09.13 13:30:23.019,0.76925,0.76938,2.32,2.25
2016.09.13 13:30:23.070,0.76925,0.76938,2.32,1.50
2016.09.13 13:30:23.172,0.76925,0.76938,3.45,1.37
2016.09.13 13:30:23.275,0.76926,0.76938,1.00,1.00
2016.09.13 13:30:23.660,0.76926,0.76938,1.00,1.00
2016.09.13 13:30:23.813,0.76925,0.76938,3.07,1.00
2016.09.13 13:30:24.077,0.76926,0.76938,1.00,1.00
2016.09.13 13:30:24.530,0.76926,0.76938,1.50,1.00
2016.09.13 13:30:24.581,0.76926,0.76938,1.12,1.00
2016.09.13 13:30:24.684,0.76926,0.76938,1.50,1.00
2016.09.13 13:30:24.736,0.76927,0.76939,1.00,2.32
2016.09.13 13:30:24.787,0.76927,0.76939,1.12,2.32
2016.09.13 13:30:24.839,0.76927,0.76939,1.12,1.95
2016.09.13 13:30:24.890,0.76927,0.76939,1.00,1.95
2016.09.13 13:30:25.164,0.76927,0.76938,1.00,1.00
2016.09.13 13:30:25.388,0.76928,0.76936,1.00,1.00
2016.09.13 13:30:25.440,0.76928,0.76938,1.87,1.00
2016.09.13 13:30:25.544,0.76929,0.7694,1.20,1.87
2016.09.13 13:30:25.697,0.7693,0.7694,1.00,1.87
2016.09.13 13:30:25.749,0.76931,0.76941,1.87,1.20
2016.09.13 13:30:25.800,0.76931,0.76941,2.25,1.10
2016.09.13 13:30:25.852,0.76931,0.76941,2.40,1.00
2016.09.13 13:30:25.903,0.76932,0.76943,1.00,1.50
2016.09.13 13:30:25.954,0.76932,0.76943,1.10,1.50
2016.09.13 13:30:26.149,0.76931,0.76941,1.95,1.00
2016.09.13 13:30:26.200,0.76931,0.7694,2.70,1.00
2016.09.13 13:30:26.252,0.76931,0.76938,1.95,1.00
2016.09.13 13:30:26.303,0.7693,0.76938,1.50,1.00
2016.09.13 13:30:26.355,0.7693,0.76938,1.12,1.00
2016.09.13 13:30:26.406,0.7693,0.76938,1.12,1.50
2016.09.13 13:30:26.458,0.76929,0.76937,1.85,1.00
2016.09.13 13:30:26.509,0.76928,0.76935,1.37,1.00
2016.09.13 13:30:26.560,0.76926,0.76936,2.25,1.12
2016.09.13 13:30:26.791,0.76926,0.76936,1.50,1.12
2016.09.13 13:30:26.842,0.76926,0.76938,1.50,3.75
2016.09.13 13:30:26.970,0.76926,0.76937,1.00,1.47
2016.09.13 13:30:27.021,0.76927,0.76937,1.00,1.47
2016.09.13 13:30:27.072,0.76927,0.76936,1.00,1.87
2016.09.13 13:30:27.225,0.76926,0.76936,1.20,1.87
2016.09.13 13:30:27.327,0.76927,0.76936,1.00,1.87
2016.09.13 13:30:27.986,0.76927,0.76936,1.00,1.12
2016.09.13 13:30:28.157,0.76927,0.76937,1.00,1.87
2016.09.13 13:30:28.259,0.76927,0.76937,1.00,1.12
2016.09.13 13:30:28.470,0.76926,0.76937,1.57,1.12
2016.09.13 13:30:28.533,0.76926,0.76937,1.10,1.87
2016.09.13 13:30:28.584,0.76926,0.76937,1.10,2.62
2016.09.13 13:30:28.686,0.76926,0.76937,1.20,1.87
2016.09.13 13:30:28.737,0.76926,0.76937,1.57,1.87
2016.09.13 13:30:28.789,0.76926,0.76937,1.95,1.50
2016.09.13 13:30:29.224,0.76926,0.76937,2.70,1.00
2016.09.13 13:30:29.332,0.76926,0.76934,1.57,1.00
2016.09.13 13:30:29.386,0.76925,0.76935,2.62,1.50
2016.09.13 13:30:29.437,0.76925,0.76934,2.62,1.00
2016.09.13 13:30:29.489,0.76925,0.76934,1.50,1.50
2016.09.13 13:30:29.592,0.76925,0.76934,1.00,1.50
2016.09.13 13:30:29.643,0.76925,0.76933,1.00,1.00
2016.09.13 13:30:29.694,0.76925,0.76934,1.00,2.25
2016.09.13 13:30:29.834,0.76925,0.76934,1.00,2.25
2016.09.13 13:30:29.891,0.76925,0.76934,1.00,1.87
2016.09.13 13:30:29.942,0.76925,0.76934,1.00,1.87
2016.09.13 13:30:30.097,0.76925,0.76934,1.00,1.00
2016.09.13 13:30:30.154,0.76925,0.76934,1.00,1.00
2016.09.13 13:30:30.207,0.76925,0.76934,1.00,1.00
2016.09.13 13:30:30.468,0.76925,0.76934,1.12,1.00
2016.09.13 13:30:30.520,0.76925,0.76936,1.12,1.50
2016.09.13 13:30:30.622,0.76925,0.76936,1.87,1.00
2016.09.13 13:30:30.674,0.76926,0.76937,2.32,1.00
2016.09.13 13:30:30.726,0.76926,0.76936,2.32,1.00
2016.09.13 13:30:30.777,0.76926,0.76936,2.25,1.00
2016.09.13 13:30:30.828,0.76926,0.76937,2.25,2.25
2016.09.13 13:30:30.976,0.76926,0.76935,1.87,1.00
2016.09.13 13:30:31.028,0.76926,0.76935,1.50,1.87
2016.09.13 13:30:31.488,0.76926,0.76935,1.50,1.50
2016.09.13 13:30:31.761,0.76926,0.76935,1.00,1.00
2016.09.13 13:30:31.812,0.76926,0.76935,1.00,1.10
2016.09.13 13:30:31.863,0.76926,0.76936,1.00,2.62
2016.09.13 13:30:32.067,0.76926,0.76935,1.00,1.10
2016.09.13 13:30:32.118,0.76926,0.76934,1.00,1.00
2016.09.13 13:30:32.509,0.76926,0.76935,1.00,1.50
2016.09.13 13:30:32.663,0.76926,0.76935,1.00,2.25
2016.09.13 13:30:32.714,0.76926,0.76934,1.00,1.00
2016.09.13 13:30:32.766,0.76924,0.76934,1.57,1.00
2016.09.13 13:30:32.868,0.76924,0.76934,1.50,1.00
2016.09.13 13:30:32.919,0.76924,0.76934,1.00,1.00
2016.09.13 13:30:32.971,0.76924,0.76934,1.00,1.12
2016.09.13 13:30:33.022,0.76924,0.76934,1.00,1.50
2016.09.13 13:30:33.073,0.76924,0.76934,1.00,1.12
2016.09.13 13:30:33.124,0.76924,0.76934,1.00,1.00
2016.09.13 13:30:33.305,0.76922,0.76927,2.32,1.00
2016.09.13 13:30:33.357,0.7692,0.76927,1.57,1.00
2016.09.13 13:30:33.408,0.7692,0.76927,1.20,1.00
2016.09.13 13:30:33.459,0.76919,0.76927,1.87,1.00
2016.09.13 13:30:33.561,0.76918,0.76928,2.70,1.12
2016.09.13 13:30:33.612,0.76918,0.76924,1.95,1.00
2016.09.13 13:30:33.664,0.76918,0.76924,1.50,1.00
2016.09.13 13:30:33.715,0.76918,0.76927,1.00,1.87
2016.09.13 13:30:33.865,0.76918,0.76927,1.50,2.25
2016.09.13 13:30:33.917,0.76918,0.76925,1.50,1.00
2016.09.13 13:30:33.968,0.76918,0.76925,1.57,1.00
2016.09.13 13:30:34.276,0.76918,0.76925,1.95,1.00
2016.09.13 13:30:34.378,0.76919,0.76927,1.00,1.00
2016.09.13 13:30:34.562,0.7692,0.76927,1.10,1.00
2016.09.13 13:30:34.614,0.7692,0.7693,1.10,1.50
2016.09.13 13:30:34.665,0.7692,0.7693,1.20,1.50
2016.09.13 13:30:34.869,0.7692,0.7693,1.20,1.00
2016.09.13 13:30:35.022,0.76921,0.7693,1.00,1.00
2016.09.13 13:30:35.278,0.76921,0.76931,1.00,1.12
2016.09.13 13:30:35.423,0.76922,0.76931,1.00,1.12
2016.09.13 13:30:35.476,0.76922,0.76931,1.12,1.00
2016.09.13 13:30:35.578,0.76922,0.76932,1.12,2.25
2016.09.13 13:30:36.393,0.76922,0.76932,1.12,1.50
2016.09.13 13:30:38.265,0.76922,0.76932,1.20,1.50
2016.09.13 13:30:38.523,0.76922,0.7693,1.20,1.00
2016.09.13 13:30:38.678,0.76922,0.7693,1.10,1.00
2016.09.13 13:30:38.783,0.76923,0.7693,1.00,1.00
2016.09.13 13:30:39.078,0.76922,0.7693,1.10,1.00
2016.09.13 13:30:39.384,0.76922,0.76931,1.57,1.00
2016.09.13 13:30:39.680,0.76922,0.76931,1.20,1.00
2016.09.13 13:30:39.756,0.76921,0.7693,4.12,1.00
2016.09.13 13:30:39.808,0.76922,0.76931,1.20,1.00
2016.09.13 13:30:40.064,0.76922,0.76931,1.95,1.00
2016.09.13 13:30:40.328,0.76922,0.76931,2.32,1.00
2016.09.13 13:30:40.518,0.76924,0.76931,1.00,1.00
2016.09.13 13:30:40.773,0.76924,0.76931,1.00,1.00
2016.09.13 13:30:40.825,0.76923,0.7693,1.12,1.00
2016.09.13 13:30:41.304,0.76921,0.76929,1.37,1.00
2016.09.13 13:30:41.808,0.76921,0.76928,1.37,1.00
2016.09.13 13:30:42.113,0.76921,0.76929,3.00,1.00
2016.09.13 13:30:42.165,0.76922,0.76929,1.50,1.00
2016.09.13 13:30:42.532,0.76922,0.76929,1.12,1.00
2016.09.13 13:30:42.991,0.76919,0.76928,4.12,1.00
2016.09.13 13:30:43.042,0.76919,0.76927,2.25,1.12
2016.09.13 13:30:43.093,0.76919,0.76927,1.87,1.12
2016.09.13 13:30:43.144,0.76919,0.76927,1.87,1.00
2016.09.13 13:30:43.415,0.76919,0.76927,1.87,1.00
2016.09.13 13:30:43.517,0.76919,0.76927,1.87,1.00
2016.09.13 13:30:44.389,0.76919,0.76927,1.87,1.12
2016.09.13 13:30:44.562,0.76919,0.76927,1.87,1.00
2016.09.13 13:30:45.144,0.76919,0.76927,1.87,1.12
2016.09.13 13:30:45.196,0.76919,0.76927,1.37,1.12
2016.09.13 13:30:45.247,0.76919,0.76927,1.37,1.00
2016.09.13 13:30:45.587,0.76919,0.76926,1.12,1.00
2016.09.13 13:30:46.053,0.76919,0.76926,1.12,1.37
2016.09.13 13:30:46.199,0.76917,0.76925,1.87,1.37
2016.09.13 13:30:46.251,0.76917,0.76921,1.12,1.50
2016.09.13 13:30:46.303,0.76915,0.7692,1.12,1.00
2016.09.13 13:30:46.354,0.76914,0.7692,1.47,1.00
2016.09.13 13:30:46.405,0.76914,0.76921,1.00,1.00
2016.09.13 13:30:46.508,0.76914,0.76922,1.37,1.00
2016.09.13 13:30:46.559,0.76914,0.76922,1.87,1.00
2016.09.13 13:30:46.611,0.76915,0.76924,1.12,1.00
2016.09.13 13:30:46.662,0.76916,0.76925,1.00,1.00
2016.09.13 13:30:46.765,0.76917,0.76926,1.87,1.00
2016.09.13 13:30:46.962,0.76917,0.76926,3.00,1.12
2016.09.13 13:30:47.064,0.76917,0.76925,1.37,1.12
2016.09.13 13:30:47.116,0.76916,0.76925,2.32,1.12
2016.09.13 13:30:47.167,0.76916,0.76925,2.25,1.37
2016.09.13 13:30:47.219,0.76916,0.76925,1.50,1.37
2016.09.13 13:30:47.270,0.76916,0.76924,1.50,1.00
2016.09.13 13:30:47.702,0.76916,0.76924,1.50,1.37
2016.09.13 13:30:47.754,0.76916,0.76925,1.50,1.87
2016.09.13 13:30:47.806,0.76918,0.76926,1.00,1.37
2016.09.13 13:30:47.858,0.76921,0.76926,1.00,1.12
2016.09.13 13:30:47.909,0.76921,0.76927,1.00,1.37
2016.09.13 13:30:47.961,0.76921,0.76927,1.00,1.00
2016.09.13 13:30:48.498,0.76921,0.76927,1.50,1.00
2016.09.13 13:30:48.905,0.76921,0.76927,1.50,1.50
2016.09.13 13:30:48.956,0.76921,0.76927,1.00,1.87
2016.09.13 13:30:49.109,0.76919,0.76927,1.57,1.87
2016.09.13 13:30:49.262,0.76919,0.76927,1.10,1.87
2016.09.13 13:30:49.399,0.76918,0.76927,1.95,3.00
2016.09.13 13:30:49.451,0.76918,0.76925,2.32,1.00
2016.09.13 13:30:49.605,0.76918,0.76925,1.95,1.00
2016.09.13 13:30:49.656,0.76918,0.76925,1.57,1.00
2016.09.13 13:30:49.763,0.76919,0.76925,1.00,1.00
2016.09.13 13:30:49.814,0.76919,0.76926,1.50,1.00
2016.09.13 13:30:50.069,0.7692,0.76926,1.00,1.00
2016.09.13 13:30:50.303,0.76921,0.76928,1.50,1.00
2016.09.13 13:30:50.461,0.76922,0.76929,1.00,1.00
2016.09.13 13:30:51.805,0.76923,0.7693,1.00,1.00
2016.09.13 13:30:52.074,0.76925,0.76931,1.00,1.00
2016.09.13 13:30:52.125,0.76925,0.76931,1.50,1.00
2016.09.13 13:30:52.278,0.76925,0.76931,1.12,1.00
2016.09.13 13:30:52.329,0.76925,0.76931,1.00,1.00
2016.09.13 13:30:52.585,0.76924,0.76931,1.50,1.00
2016.09.13 13:30:52.738,0.76924,0.76932,1.87,1.00
2016.09.13 13:30:52.929,0.76926,0.76932,1.00,1.00
2016.09.13 13:30:52.980,0.76926,0.76932,1.50,1.00
2016.09.13 13:30:53.183,0.76926,0.76932,1.00,1.00
2016.09.13 13:30:53.825,0.76926,0.76933,1.00,1.00
2016.09.13 13:30:53.978,0.76926,0.76933,1.00,1.50
2016.09.13 13:30:54.173,0.76926,0.76933,1.00,1.00
2016.09.13 13:30:54.771,0.76926,0.76934,1.00,1.00
2016.09.13 13:30:54.823,0.76926,0.76934,1.50,1.00
2016.09.13 13:30:54.875,0.76927,0.76934,1.00,1.00
2016.09.13 13:30:54.978,0.76928,0.76934,1.00,1.00
2016.09.13 13:30:56.843,0.76928,0.76936,1.12,1.10
2016.09.13 13:30:56.894,0.76928,0.76936,1.87,1.00
2016.09.13 13:30:56.945,0.76929,0.76936,1.00,1.00
2016.09.13 13:30:57.148,0.76929,0.76934,1.12,1.00
2016.09.13 13:30:57.251,0.76927,0.76934,1.12,1.00
2016.09.13 13:30:57.431,0.76927,0.76935,1.87,1.50
2016.09.13 13:30:57.485,0.76927,0.76935,2.25,1.50
2016.09.13 13:30:57.537,0.76927,0.76935,2.32,1.50
2016.09.13 13:30:57.589,0.76929,0.76935,1.12,1.50
2016.09.13 13:30:57.645,0.76929,0.76935,2.62,1.00
2016.09.13 13:30:57.799,0.76929,0.76935,1.87,1.00
2016.09.13 13:30:57.902,0.76929,0.76936,1.12,1.00
2016.09.13 13:30:57.954,0.76929,0.76936,1.00,1.00
2016.09.13 13:30:58.288,0.76929,0.76934,1.00,1.00
2016.09.13 13:30:58.441,0.76928,0.76934,1.00,1.00
2016.09.13 13:30:58.492,0.76928,0.76934,1.00,1.50
2016.09.13 13:30:58.546,0.76928,0.76934,1.00,1.50
2016.09.13 13:30:58.991,0.76928,0.76932,1.00,1.00
2016.09.13 13:30:59.042,0.76928,0.76933,1.00,1.00
2016.09.13 13:30:59.298,0.76928,0.76932,1.00,1.50
2016.09.13 13:30:59.349,0.76926,0.76931,1.00,1.00
2016.09.13 13:30:59.588,0.76928,0.76932,1.00,1.00
2016.09.13 13:30:59.640,0.76928,0.76935,1.00,1.87
2016.09.13 13:30:59.744,0.76928,0.76935,1.00,1.00
2016.09.13 13:30:59.846,0.76928,0.76935,1.00,1.50
2016.09.13 13:31:00.004,0.76928,0.76935,1.00,1.00
2016.09.13 13:31:00.056,0.76928,0.76935,1.00,1.00
2016.09.13 13:31:00.158,0.76928,0.76934,1.12,1.00
2016.09.13 13:31:00.227,0.76928,0.76936,1.12,1.00
2016.09.13 13:31:00.381,0.76928,0.76936,1.37,1.00
2016.09.13 13:31:00.643,0.76928,0.76936,1.00,1.00
2016.09.13 13:31:00.745,0.76928,0.76936,1.00,1.00
2016.09.13 13:31:01.082,0.76928,0.76936,1.37,1.00
2016.09.13 13:31:01.237,0.76928,0.76936,1.37,1.00
2016.09.13 13:31:01.390,0.76928,0.76937,1.87,1.00
2016.09.13 13:31:01.441,0.7693,0.76936,2.62,1.00
2016.09.13 13:31:01.493,0.7693,0.76938,2.62,1.00
2016.09.13 13:31:01.544,0.76932,0.76938,1.12,1.00
2016.09.13 13:31:01.646,0.76933,0.7694,1.12,1.00
2016.09.13 13:31:01.881,0.76933,0.76941,1.87,1.00
2016.09.13 13:31:01.933,0.76936,0.76944,1.12,1.12
2016.09.13 13:31:01.984,0.76936,0.76944,1.00,1.12
2016.09.13 13:31:02.035,0.76936,0.76944,1.37,1.12
2016.09.13 13:31:02.271,0.76936,0.76944,1.12,1.12
2016.09.13 13:31:02.475,0.76936,0.76944,1.12,1.12
2016.09.13 13:31:02.631,0.76936,0.76944,1.87,1.12
2016.09.13 13:31:02.689,0.76939,0.76944,1.00,1.12
2016.09.13 13:31:02.741,0.76939,0.76944,1.00,1.00
2016.09.13 13:31:02.843,0.76939,0.76946,1.37,1.00
2016.09.13 13:31:03.508,0.76939,0.76945,1.37,1.00
2016.09.13 13:31:03.561,0.76939,0.76945,1.00,1.00
2016.09.13 13:31:03.679,0.76939,0.76943,1.00,1.00
2016.09.13 13:31:04.059,0.76937,0.76941,1.00,1.00
2016.09.13 13:31:04.378,0.76938,0.76943,1.00,1.00
2016.09.13 13:31:04.429,0.76938,0.76943,1.00,1.50
2016.09.13 13:31:04.762,0.76938,0.76943,1.00,1.87
2016.09.13 13:31:04.865,0.76938,0.76943,1.00,1.50
2016.09.13 13:31:05.018,0.76935,0.76943,1.00,1.50
2016.09.13 13:31:05.612,0.76935,0.76943,1.50,1.50
2016.09.13 13:31:05.682,0.76935,0.76943,1.87,1.50
2016.09.13 13:31:05.734,0.76935,0.76944,3.00,1.50
2016.09.13 13:31:05.907,0.76935,0.76942,3.00,1.00
2016.09.13 13:31:06.085,0.76935,0.76942,3.37,1.00
2016.09.13 13:31:06.339,0.76935,0.76943,2.62,1.00
2016.09.13 13:31:06.390,0.76937,0.76943,1.37,1.00
2016.09.13 13:31:06.543,0.76938,0.76944,1.50,1.00
2016.09.13 13:31:06.595,0.76938,0.76946,2.62,1.20
2016.09.13 13:31:06.752,0.76939,0.76946,1.50,1.20
2016.09.13 13:31:06.804,0.76941,0.76948,1.87,2.25
2016.09.13 13:31:06.957,0.76941,0.76948,1.87,1.50
2016.09.13 13:31:07.060,0.76941,0.76947,1.87,1.00
2016.09.13 13:31:07.213,0.76943,0.76947,1.12,1.00
2016.09.13 13:31:07.571,0.76943,0.76947,1.00,1.00
2016.09.13 13:31:07.775,0.76943,0.76948,1.00,1.50
2016.09.13 13:31:08.739,0.76943,0.76948,1.00,1.00
2016.09.13 13:31:08.943,0.76941,0.76946,1.12,1.00
2016.09.13 13:31:09.045,0.76941,0.76946,1.00,1.00
2016.09.13 13:31:09.199,0.76939,0.76946,1.00,1.00
2016.09.13 13:31:09.736,0.76939,0.76947,1.00,1.00
2016.09.13 13:31:10.044,0.76939,0.76948,3.00,1.00
2016.09.13 13:31:10.095,0.7694,0.76949,1.37,1.57
2016.09.13 13:31:10.147,0.7694,0.76949,1.75,1.50
2016.09.13 13:31:10.326,0.7694,0.76949,2.25,1.50
2016.09.13 13:31:10.377,0.7694,0.76949,2.25,1.00
2016.09.13 13:31:10.479,0.7694,0.76949,2.25,1.00
2016.09.13 13:31:10.530,0.7694,0.76949,3.00,1.00
2016.09.13 13:31:10.749,0.7694,0.76949,3.00,1.00
2016.09.13 13:31:10.802,0.7694,0.76949,3.07,1.00
2016.09.13 13:31:11.005,0.7694,0.76949,3.75,1.00
2016.09.13 13:31:11.056,0.7694,0.76949,3.82,1.00
2016.09.13 13:31:11.276,0.7694,0.76949,3.82,1.50
2016.09.13 13:31:11.400,0.7694,0.76948,3.82,1.00
2016.09.13 13:31:11.451,0.7694,0.76948,3.07,1.00
2016.09.13 13:31:11.503,0.7694,0.76948,2.70,1.00
2016.09.13 13:31:11.555,0.76941,0.76948,1.00,1.00
2016.09.13 13:31:11.607,0.76941,0.76948,1.00,1.00
2016.09.13 13:31:11.659,0.76942,0.76949,1.00,1.00
2016.09.13 13:31:11.710,0.7694,0.76949,3.45,1.00
2016.09.13 13:31:11.761,0.7694,0.76949,2.32,1.00
2016.09.13 13:31:11.813,0.76941,0.7695,1.37,1.00
2016.09.13 13:31:11.969,0.76941,0.7695,1.50,1.00
2016.09.13 13:31:12.026,0.76941,0.7695,2.25,1.00
2016.09.13 13:31:12.078,0.76941,0.76949,1.50,1.00
2016.09.13 13:31:12.180,0.76941,0.76949,1.87,1.00
2016.09.13 13:31:12.232,0.76942,0.76949,1.00,1.00
2016.09.13 13:31:12.384,0.7694,0.76948,3.26,1.00
2016.09.13 13:31:12.435,0.7694,0.76948,2.51,1.00
2016.09.13 13:31:12.639,0.7694,0.76948,3.26,1.00
2016.09.13 13:31:13.357,0.7694,0.76949,3.26,1.00
2016.09.13 13:31:13.843,0.7694,0.76947,1.69,1.00
2016.09.13 13:31:13.894,0.76939,0.76947,1.95,1.00
2016.09.13 13:31:13.946,0.76939,0.76945,1.37,1.00
2016.09.13 13:31:14.048,0.76938,0.76945,3.37,1.00
2016.09.13 13:31:14.099,0.76938,0.76944,1.87,1.00
2016.09.13 13:31:14.150,0.76937,0.76945,3.00,1.00
2016.09.13 13:31:14.202,0.76937,0.76943,1.50,1.00
2016.09.13 13:31:14.253,0.76936,0.76943,2.62,1.00
2016.09.13 13:31:14.304,0.76936,0.76943,2.62,1.10
2016.09.13 13:31:14.356,0.76936,0.76943,1.87,1.10
2016.09.13 13:31:14.736,0.76936,0.76943,1.87,1.10
2016.09.13 13:31:14.839,0.76936,0.76943,1.37,1.10
2016.09.13 13:31:14.891,0.76936,0.76943,1.37,1.10
2016.09.13 13:31:15.095,0.76937,0.76946,1.37,1.87
2016.09.13 13:31:15.248,0.76938,0.76946,1.12,1.87
2016.09.13 13:31:15.300,0.76938,0.76944,1.12,1.12
2016.09.13 13:31:15.465,0.76936,0.76944,1.87,1.12
2016.09.13 13:31:15.517,0.76934,0.76942,2.25,1.50
2016.09.13 13:31:15.569,0.76935,0.76942,1.12,1.87
2016.09.13 13:31:15.630,0.76934,0.76942,1.50,1.87
2016.09.13 13:31:15.683,0.76934,0.76941,1.12,1.12
2016.09.13 13:31:16.187,0.76935,0.76941,1.12,1.12
2016.09.13 13:31:16.341,0.76933,0.76941,1.37,1.87
2016.09.13 13:31:16.443,0.76933,0.76941,1.00,1.87
2016.09.13 13:31:16.547,0.76934,0.76941,1.00,1.12
2016.09.13 13:31:16.600,0.76933,0.76941,1.87,1.12
2016.09.13 13:31:16.652,0.76934,0.76941,1.00,1.12
2016.09.13 13:31:16.898,0.76934,0.76941,1.00,1.87
2016.09.13 13:31:17.052,0.76934,0.76941,1.12,1.87
2016.09.13 13:31:17.155,0.76933,0.76941,2.44,1.87
2016.09.13 13:31:17.517,0.76933,0.76941,2.44,1.12
2016.09.13 13:31:17.851,0.76934,0.76941,1.00,1.12
2016.09.13 13:31:17.955,0.76934,0.76942,1.50,1.87
2016.09.13 13:31:18.006,0.76934,0.76942,1.50,1.20
2016.09.13 13:31:18.159,0.76935,0.76941,1.00,1.10
2016.09.13 13:31:18.210,0.76934,0.76942,1.12,1.20
2016.09.13 13:31:18.262,0.76933,0.76942,2.06,1.20
2016.09.13 13:31:18.597,0.76934,0.7694,1.00,1.00
2016.09.13 13:31:18.650,0.76933,0.7694,1.12,1.20
2016.09.13 13:31:18.752,0.76932,0.76941,1.50,1.87
2016.09.13 13:31:18.804,0.76932,0.76941,1.87,1.87
2016.09.13 13:31:18.855,0.76932,0.7694,1.12,1.12
2016.09.13 13:31:19.010,0.76932,0.7694,1.37,1.12
2016.09.13 13:31:19.061,0.76932,0.7694,1.00,1.12
2016.09.13 13:31:19.315,0.76934,0.7694,1.00,1.12
2016.09.13 13:31:19.419,0.76934,0.7694,1.12,1.12
2016.09.13 13:31:19.521,0.76934,0.7694,1.00,1.12
2016.09.13 13:31:19.623,0.76935,0.7694,1.00,1.87
2016.09.13 13:31:20.208,0.76934,0.7694,1.00,1.87
2016.09.13 13:31:20.361,0.76933,0.7694,1.00,1.50
2016.09.13 13:31:20.413,0.76932,0.7694,1.12,1.50
2016.09.13 13:31:20.464,0.76932,0.7694,1.12,1.12
2016.09.13 13:31:20.567,0.76932,0.76939,1.00,1.12
2016.09.13 13:31:21.715,0.76932,0.76939,1.00,1.87
2016.09.13 13:31:21.918,0.76933,0.76939,1.00,1.12
2016.09.13 13:31:22.429,0.76931,0.76939,1.12,1.12
2016.09.13 13:31:22.598,0.76934,0.76939,1.00,1.12
2016.09.13 13:31:23.940,0.76933,0.76939,1.00,1.12
2016.09.13 13:31:23.991,0.76933,0.76939,1.00,1.87
2016.09.13 13:31:24.042,0.76933,0.76939,1.00,1.12
2016.09.13 13:31:24.095,0.76935,0.76942,1.00,2.62
2016.09.13 13:31:24.148,0.76937,0.76942,1.00,1.50
2016.09.13 13:31:24.200,0.76937,0.76943,1.00,1.95
2016.09.13 13:31:24.439,0.76937,0.76945,1.00,1.95
2016.09.13 13:31:24.493,0.76939,0.76946,1.00,2.62
2016.09.13 13:31:24.544,0.76937,0.76946,1.00,3.75
2016.09.13 13:31:24.596,0.76937,0.76944,1.00,1.12
2016.09.13 13:31:24.698,0.76938,0.76945,1.12,2.25
2016.09.13 13:31:24.749,0.76939,0.76945,1.00,1.20
2016.09.13 13:31:24.800,0.76937,0.76946,1.00,2.25
2016.09.13 13:31:24.851,0.76936,0.76944,1.00,1.00
2016.09.13 13:31:24.902,0.76934,0.76939,1.37,1.00
2016.09.13 13:31:24.953,0.76934,0.76939,1.12,1.00
2016.09.13 13:31:25.142,0.76934,0.76939,1.00,1.00
2016.09.13 13:31:25.193,0.76933,0.76938,2.25,1.10
2016.09.13 13:31:25.245,0.76933,0.76938,1.87,1.10
2016.09.13 13:31:25.348,0.76933,0.76937,1.00,1.00
2016.09.13 13:31:25.400,0.7693,0.76937,3.56,1.00
2016.09.13 13:31:25.452,0.7693,0.76939,4.31,1.20
2016.09.13 13:31:25.503,0.76932,0.76939,1.37,1.20
2016.09.13 13:31:25.707,0.76932,0.7694,1.50,1.12
2016.09.13 13:31:25.844,0.76931,0.7694,1.87,1.50
2016.09.13 13:31:25.902,0.76931,0.76937,1.00,1.00
2016.09.13 13:31:26.530,0.76931,0.76937,1.50,1.00
2016.09.13 13:31:27.042,0.76931,0.76938,1.50,1.00
2016.09.13 13:31:27.144,0.76931,0.76938,2.25,1.00
2016.09.13 13:31:27.195,0.76932,0.76938,1.00,1.00
2016.09.13 13:31:27.437,0.76934,0.76939,1.37,1.00
2016.09.13 13:31:27.489,0.76937,0.76946,1.50,1.00
2016.09.13 13:31:27.541,0.76938,0.76946,1.50,1.00
2016.09.13 13:31:27.593,0.76939,0.76947,1.00,1.00
2016.09.13 13:31:27.647,0.76938,0.76946,1.00,1.00
2016.09.13 13:31:27.698,0.7694,0.76944,1.00,1.00
2016.09.13 13:31:27.801,0.76937,0.76944,1.37,1.00
2016.09.13 13:31:27.852,0.76938,0.76944,1.12,1.00
2016.09.13 13:31:28.077,0.76938,0.76943,1.00,1.00
2016.09.13 13:31:28.500,0.76937,0.76943,1.50,1.00
2016.09.13 13:31:28.553,0.76942,0.76948,1.00,1.95
2016.09.13 13:31:28.733,0.76941,0.76947,1.12,1.12
2016.09.13 13:31:28.784,0.76941,0.76949,1.87,1.87
2016.09.13 13:31:29.044,0.76941,0.76949,1.87,1.00
2016.09.13 13:31:29.095,0.76939,0.76947,5.25,1.00
2016.09.13 13:31:29.146,0.76939,0.76946,3.37,1.00
2016.09.13 13:31:29.222,0.76938,0.76946,2.81,1.00
2016.09.13 13:31:29.273,0.76937,0.76945,2.06,1.00
2016.09.13 13:31:29.451,0.76937,0.76945,1.69,1.00
2016.09.13 13:31:29.502,0.76937,0.76946,2.44,1.20
2016.09.13 13:31:29.655,0.76938,0.76944,1.31,1.00
2016.09.13 13:31:29.757,0.76938,0.76946,1.31,1.20
2016.09.13 13:31:29.808,0.76938,0.76946,2.06,1.20
2016.09.13 13:31:29.859,0.76938,0.76946,2.06,1.10
2016.09.13 13:31:30.012,0.76939,0.76946,1.00,1.10
2016.09.13 13:31:30.063,0.76939,0.76948,1.50,1.10
2016.09.13 13:31:30.114,0.76941,0.76949,1.00,1.00
2016.09.13 13:31:30.265,0.76941,0.7695,1.50,1.10
2016.09.13 13:31:30.317,0.76944,0.76951,1.00,1.20
2016.09.13 13:31:30.369,0.76944,0.76951,1.00,1.10
2016.09.13 13:31:30.421,0.76944,0.76951,1.00,1.00
2016.09.13 13:31:30.524,0.76944,0.76952,1.12,1.10
2016.09.13 13:31:30.577,0.76944,0.76952,1.12,1.00
2016.09.13 13:31:30.680,0.76942,0.7695,1.75,1.00
2016.09.13 13:31:30.839,0.76942,0.7695,1.00,1.00
2016.09.13 13:31:31.298,0.76942,0.76951,1.50,1.00
2016.09.13 13:31:31.757,0.76942,0.76951,1.50,1.12
2016.09.13 13:31:31.808,0.76943,0.76951,1.00,1.12
2016.09.13 13:31:31.909,0.76942,0.76951,1.50,1.12
2016.09.13 13:31:31.960,0.76943,0.76952,1.00,1.20
2016.09.13 13:31:32.012,0.76943,0.76952,1.87,1.20
2016.09.13 13:31:32.064,0.76943,0.76951,1.12,1.00
2016.09.13 13:31:32.115,0.76942,0.76951,2.25,1.00
2016.09.13 13:31:32.627,0.76942,0.7695,2.25,1.00
2016.09.13 13:31:32.732,0.76942,0.76949,1.50,1.00
2016.09.13 13:31:33.262,0.76943,0.76949,1.12,1.00
2016.09.13 13:31:33.957,0.76942,0.76951,2.44,1.20
2016.09.13 13:31:34.008,0.76943,0.76952,1.69,1.50
2016.09.13 13:31:34.060,0.76944,0.76952,1.25,1.50
2016.09.13 13:31:34.112,0.76944,0.76952,2.44,1.12
2016.09.13 13:31:34.303,0.76944,0.76951,2.44,1.00
2016.09.13 13:31:34.354,0.76944,0.76951,2.44,1.00
2016.09.13 13:31:34.919,0.76945,0.76952,1.00,1.00
2016.09.13 13:31:35.021,0.76945,0.76952,1.37,1.00
2016.09.13 13:31:35.161,0.76945,0.76952,1.50,1.00
2016.09.13 13:31:35.214,0.76945,0.76953,1.00,1.20
2016.09.13 13:31:35.267,0.76945,0.76953,1.00,1.10
2016.09.13 13:31:35.319,0.76945,0.76953,1.00,1.10
2016.09.13 13:31:35.370,0.76945,0.76954,1.50,1.50
2016.09.13 13:31:35.421,0.76945,0.76954,1.87,1.50
2016.09.13 13:31:35.485,0.76945,0.76953,1.87,1.10
2016.09.13 13:31:35.536,0.76945,0.76953,1.50,1.00
2016.09.13 13:31:35.640,0.76945,0.76953,1.50,1.37
2016.09.13 13:31:35.700,0.76946,0.76953,1.00,1.37
2016.09.13 13:31:35.908,0.76946,0.76954,1.50,1.47
2016.09.13 13:31:35.960,0.76946,0.76955,1.50,1.10
2016.09.13 13:31:36.011,0.76947,0.76954,1.00,1.00
2016.09.13 13:31:36.064,0.76947,0.76954,1.00,1.12
2016.09.13 13:31:36.269,0.76949,0.76955,1.50,1.37
2016.09.13 13:31:36.320,0.76949,0.76957,1.50,1.10
2016.09.13 13:31:36.371,0.7695,0.76957,1.00,1.00
2016.09.13 13:31:36.559,0.76951,0.76959,1.00,1.37
2016.09.13 13:31:36.610,0.76951,0.7696,1.87,1.57
2016.09.13 13:31:36.662,0.76951,0.7696,3.19,1.10
2016.09.13 13:31:36.713,0.76951,0.7696,3.19,1.00
2016.09.13 13:31:36.765,0.76953,0.7696,1.12,1.00
2016.09.13 13:31:36.818,0.76953,0.7696,1.00,1.00
2016.09.13 13:31:37.168,0.76955,0.76963,1.00,1.00
2016.09.13 13:31:37.677,0.76954,0.76963,1.00,1.00
2016.09.13 13:31:37.910,0.76955,0.76963,1.00,1.00
2016.09.13 13:31:37.961,0.76955,0.76962,1.50,1.00
2016.09.13 13:31:38.064,0.76955,0.76962,1.00,1.00
2016.09.13 13:31:38.116,0.76953,0.76962,2.89,1.00
2016.09.13 13:31:38.271,0.76953,0.76962,2.51,1.00
2016.09.13 13:31:38.373,0.76953,0.76962,2.14,1.00
2016.09.13 13:31:38.424,0.76954,0.76962,1.00,1.00
2016.09.13 13:31:38.699,0.76954,0.7696,1.50,1.00
2016.09.13 13:31:38.751,0.76954,0.76962,1.50,1.00
2016.09.13 13:31:38.903,0.76953,0.76962,1.25,1.00
2016.09.13 13:31:39.005,0.76953,0.76959,1.25,1.00
2016.09.13 13:31:39.107,0.76953,0.76959,1.00,1.00
2016.09.13 13:31:39.519,0.76951,0.7696,1.50,1.00
2016.09.13 13:31:39.828,0.76951,0.76958,1.00,1.00
2016.09.13 13:31:39.881,0.76951,0.76958,1.00,1.12
2016.09.13 13:31:39.933,0.76951,0.76958,1.50,1.12
2016.09.13 13:31:40.306,0.76952,0.76959,1.50,1.37
2016.09.13 13:31:40.358,0.76952,0.76959,1.00,1.00
2016.09.13 13:31:40.409,0.76953,0.76959,1.19,1.00
2016.09.13 13:31:40.512,0.76953,0.76961,1.19,1.00
2016.09.13 13:31:41.162,0.76953,0.76961,1.19,1.00
2016.09.13 13:31:41.896,0.76953,0.7696,1.19,1.00
2016.09.13 13:31:42.429,0.76954,0.76961,1.25,1.00
2016.09.13 13:31:42.532,0.76954,0.76962,1.25,1.10
2016.09.13 13:31:42.583,0.76954,0.76962,1.25,1.00
2016.09.13 13:31:42.635,0.76955,0.76962,1.00,1.00
2016.09.13 13:31:42.737,0.76955,0.76963,1.50,1.00
2016.09.13 13:31:42.892,0.76956,0.76964,1.00,1.00
2016.09.13 13:31:43.150,0.76955,0.76962,1.50,1.00
2016.09.13 13:31:43.203,0.76955,0.76962,1.69,1.00
2016.09.13 13:31:43.459,0.76955,0.76964,1.69,1.00
2016.09.13 13:31:43.561,0.76955,0.76963,2.06,1.00
2016.09.13 13:31:43.613,0.76955,0.76963,2.81,1.00
2016.09.13 13:31:43.664,0.76956,0.76963,1.19,1.00
2016.09.13 13:31:44.181,0.76957,0.76963,1.19,1.00
2016.09.13 13:31:45.217,0.76956,0.76963,1.19,1.00
2016.09.13 13:31:46.140,0.76956,0.76964,1.19,1.00
2016.09.13 13:31:46.242,0.76958,0.76964,1.25,1.00
2016.09.13 13:31:46.293,0.76958,0.76965,1.25,1.27
2016.09.13 13:31:46.345,0.76957,0.76964,1.19,1.00
2016.09.13 13:31:46.528,0.76956,0.76965,1.69,1.00
2016.09.13 13:31:46.580,0.76956,0.76963,1.69,1.00
2016.09.13 13:31:46.682,0.76956,0.76964,1.19,1.00
2016.09.13 13:31:46.733,0.76955,0.76964,2.44,1.00
2016.09.13 13:31:46.784,0.76956,0.76962,1.19,1.00
2016.09.13 13:31:46.836,0.76955,0.76962,1.69,1.00
2016.09.13 13:31:46.939,0.76955,0.76962,1.19,1.50
2016.09.13 13:31:46.991,0.76952,0.76958,1.95,1.00
2016.09.13 13:31:47.042,0.76951,0.76957,3.37,1.00
2016.09.13 13:31:47.179,0.76951,0.76957,1.87,1.00
2016.09.13 13:31:47.230,0.76949,0.76956,1.87,1.00
2016.09.13 13:31:47.333,0.76949,0.76956,1.00,1.00
2016.09.13 13:31:47.692,0.76948,0.76956,1.50,1.00
2016.09.13 13:31:48.371,0.76949,0.76956,1.00,1.00
2016.09.13 13:31:48.525,0.76949,0.76956,1.25,1.00
2016.09.13 13:31:48.863,0.76949,0.76954,1.25,1.00
2016.09.13 13:31:49.321,0.76949,0.76953,1.00,1.00
2016.09.13 13:31:49.474,0.76947,0.76953,1.19,1.00
2016.09.13 13:31:49.662,0.76945,0.76953,1.31,1.00
2016.09.13 13:31:49.764,0.76947,0.76953,1.00,1.00
2016.09.13 13:31:49.866,0.76947,0.76954,1.25,1.00
2016.09.13 13:31:49.968,0.76947,0.76953,1.00,1.00
2016.09.13 13:31:50.073,0.76945,0.76951,1.19,1.00
2016.09.13 13:31:50.175,0.76945,0.76951,1.00,1.00
2016.09.13 13:31:50.387,0.76943,0.7695,1.00,1.00
2016.09.13 13:31:50.540,0.76943,0.7695,1.25,1.00
2016.09.13 13:31:50.745,0.76944,0.7695,1.00,1.00
2016.09.13 13:31:51.233,0.76944,0.76953,1.50,1.27
2016.09.13 13:31:51.470,0.76944,0.76953,1.50,1.20
2016.09.13 13:31:52.081,0.76944,0.76951,1.50,1.00
2016.09.13 13:31:52.289,0.76944,0.76951,1.00,1.00
2016.09.13 13:31:52.349,0.76943,0.76952,1.25,1.50
2016.09.13 13:31:52.400,0.76943,0.76952,1.25,1.12
2016.09.13 13:31:52.451,0.76943,0.76952,1.25,1.00
2016.09.13 13:31:52.705,0.76944,0.7695,1.00,1.00
2016.09.13 13:31:53.967,0.76942,0.76949,1.19,1.00
2016.09.13 13:31:54.069,0.76942,0.76949,1.00,1.00
2016.09.13 13:31:54.172,0.76942,0.76949,1.00,1.12
2016.09.13 13:31:54.223,0.76943,0.76951,1.00,2.32
2016.09.13 13:31:54.274,0.76943,0.76951,1.00,1.57
2016.09.13 13:31:54.376,0.76943,0.76951,1.25,1.57
2016.09.13 13:31:54.592,0.76943,0.76951,1.25,1.95
2016.09.13 13:31:54.643,0.76943,0.76951,1.25,1.87
2016.09.13 13:31:54.695,0.76943,0.76951,1.25,1.50
2016.09.13 13:31:54.932,0.76943,0.76951,1.25,1.87
2016.09.13 13:31:54.983,0.76943,0.76951,1.69,1.12
2016.09.13 13:31:55.034,0.76944,0.7695,1.00,1.10
2016.09.13 13:31:55.086,0.76944,0.7695,1.00,1.47
2016.09.13 13:31:55.199,0.76944,0.7695,1.00,1.10
2016.09.13 13:31:55.394,0.76944,0.7695,1.00,1.20
2016.09.13 13:31:56.376,0.76944,0.7695,1.00,1.10
2016.09.13 13:31:56.580,0.76942,0.7695,1.69,1.10
2016.09.13 13:31:56.795,0.76942,0.76951,1.69,1.50
2016.09.13 13:31:57.015,0.76943,0.76951,1.25,1.12
2016.09.13 13:31:57.198,0.76943,0.76952,1.25,2.70
2016.09.13 13:31:57.413,0.76942,0.76951,1.69,1.50
2016.09.13 13:31:57.684,0.76942,0.76951,1.19,1.50
2016.09.13 13:31:57.889,0.76942,0.76951,1.19,1.12
2016.09.13 13:31:57.991,0.76942,0.76951,1.19,1.50
2016.09.13 13:31:58.232,0.76943,0.76952,1.25,2.70
2016.09.13 13:31:58.283,0.76943,0.76952,1.25,2.32
2016.09.13 13:31:58.531,0.76943,0.76952,1.25,2.70
2016.09.13 13:31:58.684,0.76942,0.76951,1.19,1.50
2016.09.13 13:31:58.785,0.76942,0.7695,1.19,1.47
2016.09.13 13:31:58.836,0.76942,0.7695,1.19,1.37
2016.09.13 13:31:58.888,0.76942,0.76951,1.19,1.87
2016.09.13 13:31:59.041,0.76941,0.7695,2.06,1.37
2016.09.13 13:31:59.425,0.76941,0.7695,2.06,1.12
2016.09.13 13:31:59.737,0.76941,0.7695,2.06,1.00
2016.09.13 13:31:59.788,0.76943,0.76952,1.25,1.47
2016.09.13 13:31:59.858,0.76943,0.76952,1.69,1.95
2016.09.13 13:31:59.909,0.76943,0.76951,1.25,1.12
2016.09.13 13:31:59.960,0.76944,0.76951,1.00,1.12
2016.09.13 13:32:00.170,0.76943,0.7695,1.69,1.00
2016.09.13 13:32:00.327,0.76943,0.7695,1.25,1.00
2016.09.13 13:32:00.419,0.76944,0.76952,1.00,1.20
2016.09.13 13:32:00.470,0.76943,0.76952,1.69,1.20
2016.09.13 13:32:00.521,0.76943,0.76952,1.69,1.10
2016.09.13 13:32:00.573,0.76943,0.76952,1.25,1.10
2016.09.13 13:32:00.737,0.76943,0.76952,1.25,1.00
2016.09.13 13:32:00.949,0.76944,0.76952,1.00,1.00
2016.09.13 13:32:01.227,0.76944,0.76953,1.00,1.10
2016.09.13 13:32:01.279,0.76946,0.76954,1.00,1.57
2016.09.13 13:32:01.330,0.76946,0.76954,1.00,1.07
2016.09.13 13:32:01.381,0.76946,0.76955,1.00,1.95
2016.09.13 13:32:01.432,0.76946,0.76955,1.00,1.57
2016.09.13 13:32:01.534,0.76945,0.76954,1.00,1.12
2016.09.13 13:32:01.694,0.76945,0.76954,1.00,1.37
2016.09.13 13:32:01.746,0.76946,0.76953,1.00,1.12
2016.09.13 13:32:02.089,0.76946,0.76952,1.00,1.00
2016.09.13 13:32:02.141,0.76947,0.76954,1.00,2.32
2016.09.13 13:32:02.293,0.76947,0.76954,1.00,1.57
2016.09.13 13:32:02.345,0.76947,0.76954,1.00,1.20
2016.09.13 13:32:02.498,0.76945,0.76954,1.50,1.20
2016.09.13 13:32:02.747,0.76945,0.76954,1.50,1.47
2016.09.13 13:32:02.850,0.76945,0.76953,1.00,1.37
2016.09.13 13:32:02.901,0.76944,0.76953,1.25,1.37
2016.09.13 13:32:02.952,0.76944,0.76953,1.25,1.12
2016.09.13 13:32:03.004,0.76944,0.76953,1.25,1.50
2016.09.13 13:32:03.259,0.76943,0.76952,1.69,1.12
2016.09.13 13:32:03.310,0.76944,0.76952,1.25,1.12
2016.09.13 13:32:03.736,0.76944,0.76951,1.25,1.00
2016.09.13 13:32:03.847,0.76944,0.76951,1.25,1.50
2016.09.13 13:32:04.146,0.76944,0.76951,1.00,1.50
2016.09.13 13:32:04.197,0.76942,0.76951,1.69,1.50
2016.09.13 13:32:04.248,0.76942,0.7695,1.25,1.00
2016.09.13 13:32:04.615,0.76942,0.7695,1.00,1.00
2016.09.13 13:32:04.950,0.76943,0.76952,1.50,1.37
2016.09.13 13:32:05.404,0.76944,0.76953,1.00,2.70
2016.09.13 13:32:05.571,0.76946,0.76953,1.00,1.00
2016.09.13 13:32:05.623,0.76947,0.76955,1.00,1.00
2016.09.13 13:32:06.157,0.76947,0.76956,1.00,1.10
2016.09.13 13:32:06.360,0.76947,0.76956,1.00,1.00
2016.09.13 13:32:06.411,0.76948,0.76956,1.00,1.00
2016.09.13 13:32:07.006,0.76947,0.76956,1.57,1.00
2016.09.13 13:32:07.057,0.76947,0.76956,1.57,1.12
2016.09.13 13:32:07.108,0.76947,0.76955,1.00,1.00
2016.09.13 13:32:07.159,0.76948,0.76954,1.00,1.00
2016.09.13 13:32:07.211,0.76946,0.76955,1.87,1.00
2016.09.13 13:32:07.313,0.76946,0.76954,1.12,1.00
2016.09.13 13:32:07.415,0.76946,0.76953,1.12,1.00
2016.09.13 13:32:07.569,0.76946,0.76952,1.00,1.00
2016.09.13 13:32:07.620,0.76944,0.76952,1.20,1.00
2016.09.13 13:32:07.836,0.76944,0.76951,1.10,1.00
2016.09.13 13:32:08.362,0.76944,0.7695,1.10,1.00
2016.09.13 13:32:08.558,0.76944,0.76951,1.57,1.00
2016.09.13 13:32:08.610,0.76944,0.76953,1.57,1.00
2016.09.13 13:32:08.661,0.76944,0.76953,2.32,1.00
2016.09.13 13:32:08.713,0.76945,0.76953,1.50,1.00
2016.09.13 13:32:08.765,0.76946,0.76953,1.10,1.00
2016.09.13 13:32:09.313,0.76945,0.76954,2.25,1.00
2016.09.13 13:32:09.365,0.76945,0.76954,1.87,1.00
2016.09.13 13:32:09.828,0.76946,0.76955,1.10,1.00
2016.09.13 13:32:09.879,0.76946,0.76955,1.00,1.00
2016.09.13 13:32:10.304,0.76946,0.76955,1.50,1.00
2016.09.13 13:32:12.256,0.76946,0.76955,1.50,1.12
2016.09.13 13:32:12.573,0.76946,0.76955,1.50,1.00
2016.09.13 13:32:12.825,0.76946,0.76954,1.00,1.00
2016.09.13 13:32:14.434,0.76946,0.76953,1.00,1.00
2016.09.13 13:32:15.028,0.76948,0.76953,1.00,1.00
2016.09.13 13:32:15.530,0.76947,0.76954,1.00,1.00
2016.09.13 13:32:16.445,0.76947,0.76954,1.00,1.00
2016.09.13 13:32:17.440,0.76949,0.76954,1.00,1.00
2016.09.13 13:32:17.492,0.76949,0.76956,1.00,1.00
2016.09.13 13:32:17.645,0.76949,0.76954,1.00,1.00
2016.09.13 13:32:17.849,0.76949,0.76955,1.00,1.00
2016.09.13 13:32:19.900,0.76949,0.76954,1.00,1.00
2016.09.13 13:32:20.053,0.76948,0.76952,1.00,1.00
2016.09.13 13:32:20.252,0.76943,0.7695,1.85,2.25
2016.09.13 13:32:20.308,0.76944,0.76948,1.00,1.00
2016.09.13 13:32:20.361,0.76941,0.76948,2.62,1.00
2016.09.13 13:32:20.412,0.76939,0.76947,3.56,1.00
2016.09.13 13:32:20.464,0.76939,0.76947,1.69,1.00
2016.09.13 13:32:20.515,0.76939,0.76947,1.31,1.00
2016.09.13 13:32:20.566,0.76939,0.76947,1.00,1.00
2016.09.13 13:32:21.552,0.76939,0.76948,1.50,1.00
2016.09.13 13:32:21.603,0.76939,0.76947,1.20,1.00
2016.09.13 13:32:21.752,0.76942,0.76947,1.00,1.00
2016.09.13 13:32:21.804,0.76942,0.76949,1.00,1.00
2016.09.13 13:32:22.059,0.76941,0.76948,2.62,1.00
2016.09.13 13:32:22.265,0.76941,0.76948,2.25,1.00
2016.09.13 13:32:22.393,0.76941,0.76948,2.62,1.00
2016.09.13 13:32:22.444,0.76941,0.76948,1.87,1.00
2016.09.13 13:32:22.495,0.76941,0.76948,2.25,1.00
2016.09.13 13:32:22.547,0.76943,0.7695,1.00,1.00
2016.09.13 13:32:23.142,0.76943,0.76949,1.00,1.00
2016.09.13 13:32:23.703,0.76942,0.76949,1.00,1.00
2016.09.13 13:32:23.780,0.76942,0.76949,1.00,1.12
2016.09.13 13:32:23.882,0.76942,0.76948,1.00,1.00
2016.09.13 13:32:23.933,0.76941,0.76948,1.00,1.00
2016.09.13 13:32:24.086,0.76941,0.76948,1.00,1.00
2016.09.13 13:32:24.137,0.7694,0.76946,1.12,1.00
2016.09.13 13:32:24.239,0.76939,0.76945,1.10,1.00
2016.09.13 13:32:24.290,0.76938,0.76945,1.47,1.00
2016.09.13 13:32:24.342,0.76938,0.76943,1.00,1.00
2016.09.13 13:32:24.625,0.76938,0.76945,1.12,1.00
2016.09.13 13:32:24.676,0.76938,0.76945,1.50,1.00
2016.09.13 13:32:24.828,0.76938,0.76945,1.12,1.00
2016.09.13 13:32:24.880,0.76938,0.76945,1.50,1.00
2016.09.13 13:32:24.931,0.7694,0.76947,1.00,1.00
2016.09.13 13:32:25.034,0.7694,0.76947,1.37,1.00
2016.09.13 13:32:25.136,0.76941,0.76948,1.12,1.00
2016.09.13 13:32:25.321,0.76941,0.76949,1.37,1.00
2016.09.13 13:32:25.427,0.76941,0.76947,1.37,1.00
2016.09.13 13:32:25.478,0.7694,0.76947,2.25,1.00
2016.09.13 13:32:25.529,0.76941,0.76947,1.37,1.00
2016.09.13 13:32:25.838,0.76941,0.76947,1.37,1.00
2016.09.13 13:32:25.889,0.76941,0.76949,1.37,1.00
2016.09.13 13:32:26.066,0.76944,0.76949,1.00,1.00
2016.09.13 13:32:26.409,0.76943,0.76947,1.00,1.00
2016.09.13 13:32:26.460,0.7694,0.76947,1.76,1.00
2016.09.13 13:32:26.511,0.7694,0.76946,1.12,1.00
2016.09.13 13:32:26.562,0.76937,0.76944,1.45,1.00
2016.09.13 13:32:26.613,0.76937,0.76944,1.07,1.00
2016.09.13 13:32:26.664,0.76936,0.76944,2.25,1.00
2016.09.13 13:32:26.715,0.76937,0.76944,1.57,1.00
2016.09.13 13:32:26.767,0.76939,0.76946,1.00,1.00
2016.09.13 13:32:26.955,0.76939,0.76946,1.12,1.00
2016.09.13 13:32:27.058,0.76939,0.76946,1.87,1.00
2016.09.13 13:32:27.109,0.76939,0.76946,2.70,1.00
2016.09.13 13:32:27.212,0.7694,0.76949,1.37,1.00
2016.09.13 13:32:27.264,0.76941,0.76949,1.00,1.00
2016.09.13 13:32:27.366,0.76941,0.7695,2.81,1.00
2016.09.13 13:32:27.467,0.76941,0.7695,4.01,1.00
2016.09.13 13:32:27.569,0.76941,0.7695,2.89,1.00
2016.09.13 13:32:27.620,0.76941,0.7695,2.51,1.00
2016.09.13 13:32:27.671,0.76941,0.7695,2.14,1.00
2016.09.13 13:32:27.869,0.76942,0.76951,1.00,1.00
2016.09.13 13:32:27.921,0.76942,0.76951,1.25,1.00
2016.09.13 13:32:27.972,0.76943,0.76951,1.12,1.00
2016.09.13 13:32:28.074,0.76944,0.76951,1.00,1.00
2016.09.13 13:32:28.329,0.76944,0.76951,1.10,1.00
2016.09.13 13:32:28.380,0.76944,0.76951,1.57,1.00
2016.09.13 13:32:28.431,0.76945,0.76952,1.00,1.00
2016.09.13 13:32:28.483,0.76946,0.76954,1.00,1.00
2016.09.13 13:32:28.787,0.76944,0.76949,1.12,1.00
2016.09.13 13:32:28.839,0.76943,0.76949,1.47,1.00
2016.09.13 13:32:28.891,0.76943,0.76949,1.37,1.00
2016.09.13 13:32:28.942,0.76942,0.76949,1.12,1.00
2016.09.13 13:32:28.994,0.76942,0.76949,1.00,1.00
2016.09.13 13:32:29.148,0.76942,0.76949,1.00,1.00
2016.09.13 13:32:29.428,0.76942,0.76949,1.50,1.00
2016.09.13 13:32:29.798,0.76942,0.76951,1.50,1.00
2016.09.13 13:32:30.549,0.76943,0.76951,1.00,1.00
2016.09.13 13:32:30.755,0.76943,0.76952,1.50,1.00
2016.09.13 13:32:30.923,0.76943,0.76952,1.00,1.00
2016.09.13 13:32:31.346,0.76943,0.76952,1.50,1.00
2016.09.13 13:32:31.525,0.76943,0.76951,1.00,1.00
2016.09.13 13:32:31.865,0.76943,0.76952,1.50,1.00
2016.09.13 13:32:31.916,0.76943,0.7695,1.50,1.00
2016.09.13 13:32:32.549,0.76943,0.7695,1.00,1.00
2016.09.13 13:32:33.452,0.76943,0.7695,1.50,1.00
2016.09.13 13:32:34.703,0.76942,0.76949,1.95,1.00
2016.09.13 13:32:34.805,0.76942,0.76949,1.87,1.00
2016.09.13 13:32:34.856,0.76943,0.76949,1.00,1.00
2016.09.13 13:32:34.907,0.76943,0.76951,1.00,1.00
2016.09.13 13:32:35.164,0.76943,0.76949,1.00,1.00
2016.09.13 13:32:35.215,0.76943,0.76951,1.00,1.00
2016.09.13 13:32:35.318,0.76943,0.76952,1.50,1.00
2016.09.13 13:32:35.573,0.76943,0.7695,1.50,1.00
2016.09.13 13:32:36.115,0.76944,0.7695,1.00,1.00
2016.09.13 13:32:36.166,0.76944,0.76952,1.00,1.87
2016.09.13 13:32:36.733,0.76944,0.76952,1.50,1.37
2016.09.13 13:32:37.671,0.76944,0.76952,1.00,1.87
2016.09.13 13:32:37.722,0.76944,0.76951,1.00,1.12
2016.09.13 13:32:37.774,0.76942,0.76951,1.50,1.12
2016.09.13 13:32:37.825,0.76942,0.76951,1.50,1.50
2016.09.13 13:32:37.954,0.76942,0.76951,1.50,1.12
2016.09.13 13:32:38.006,0.76943,0.76951,1.00,1.87
2016.09.13 13:32:38.857,0.76943,0.76951,1.00,2.25
2016.09.13 13:32:38.911,0.76942,0.76951,1.50,1.50
2016.09.13 13:32:39.184,0.76942,0.76951,1.50,1.87
2016.09.13 13:32:40.053,0.76942,0.7695,1.00,1.37
2016.09.13 13:32:40.104,0.76941,0.76948,1.50,1.12
2016.09.13 13:32:40.155,0.76942,0.76949,1.00,1.37
2016.09.13 13:32:40.206,0.76943,0.76949,1.00,1.37
2016.09.13 13:32:40.308,0.76943,0.76949,1.00,1.00
2016.09.13 13:32:40.932,0.76943,0.76949,1.00,1.12
2016.09.13 13:32:41.507,0.76943,0.76949,1.00,1.00
2016.09.13 13:32:41.988,0.76941,0.76949,1.00,1.00
2016.09.13 13:32:43.483,0.7694,0.76949,1.50,1.00
2016.09.13 13:32:44.084,0.76944,0.76951,1.00,2.25
2016.09.13 13:32:44.186,0.76944,0.76951,1.00,2.62
2016.09.13 13:32:44.237,0.76944,0.76951,1.00,3.00
2016.09.13 13:32:44.339,0.76942,0.76951,1.00,2.62
2016.09.13 13:32:44.390,0.76943,0.7695,1.00,1.47
2016.09.13 13:32:44.503,0.76943,0.7695,1.00,1.10
2016.09.13 13:32:44.605,0.76943,0.76951,1.50,1.95
2016.09.13 13:32:44.656,0.76943,0.76947,1.00,1.00
2016.09.13 13:32:44.826,0.7694,0.76947,1.12,1.50
2016.09.13 13:32:44.879,0.7694,0.76947,1.00,2.62
2016.09.13 13:32:44.931,0.7694,0.76947,1.00,1.95
2016.09.13 13:32:44.983,0.7694,0.76947,1.00,1.57
2016.09.13 13:32:45.034,0.7694,0.76947,1.00,1.10
2016.09.13 13:32:45.190,0.76941,0.76948,1.00,1.10
2016.09.13 13:32:45.241,0.76941,0.76948,1.00,1.00
2016.09.13 13:32:45.395,0.76941,0.76949,1.00,2.62
2016.09.13 13:32:45.446,0.76942,0.76949,1.00,2.70
2016.09.13 13:32:45.968,0.76942,0.76949,1.00,3.07
2016.09.13 13:32:46.121,0.76942,0.76949,1.00,2.70
2016.09.13 13:32:46.697,0.76942,0.76948,1.00,1.12
2016.09.13 13:32:46.799,0.76942,0.76949,1.00,2.70
2016.09.13 13:32:46.850,0.76938,0.76946,1.00,1.00
2016.09.13 13:32:47.121,0.76938,0.76946,1.00,1.10
2016.09.13 13:32:47.172,0.76938,0.76945,1.00,1.00
2016.09.13 13:32:47.399,0.76936,0.76945,1.87,1.00
2016.09.13 13:32:47.450,0.76936,0.76945,1.50,1.00
2016.09.13 13:32:47.933,0.76936,0.76944,1.12,1.00
2016.09.13 13:32:48.035,0.76936,0.76944,1.00,1.00
2016.09.13 13:32:48.297,0.76936,0.76944,1.12,1.00
2016.09.13 13:32:48.545,0.76936,0.76944,1.00,1.00
2016.09.13 13:32:49.235,0.76935,0.76942,1.25,1.00
2016.09.13 13:32:49.287,0.76934,0.7694,1.12,1.00
2016.09.13 13:32:49.344,0.76934,0.76939,1.00,1.00
2016.09.13 13:32:49.395,0.76933,0.76939,1.00,1.00
2016.09.13 13:32:49.920,0.76933,0.7694,1.00,1.00
2016.09.13 13:32:50.235,0.76931,0.7694,1.50,1.00
2016.09.13 13:32:50.543,0.76931,0.76939,1.37,1.00
2016.09.13 13:32:50.875,0.76931,0.76935,1.12,1.00
2016.09.13 13:32:50.926,0.76929,0.76934,3.00,1.00
2016.09.13 13:32:50.977,0.76929,0.76933,1.00,1.00
2016.09.13 13:32:51.028,0.76927,0.76933,1.75,1.00
2016.09.13 13:32:51.131,0.76925,0.76931,2.25,1.00
2016.09.13 13:32:51.182,0.76924,0.76931,1.00,1.00
2016.09.13 13:32:51.455,0.76922,0.76931,2.06,1.00
2016.09.13 13:32:51.558,0.76922,0.76931,1.87,1.00
2016.09.13 13:32:51.661,0.76922,0.76931,1.50,1.00
2016.09.13 13:32:51.766,0.76922,0.76931,1.87,1.00
2016.09.13 13:32:51.922,0.76922,0.76931,1.12,1.00
2016.09.13 13:32:52.199,0.76922,0.76931,1.87,1.00
2016.09.13 13:32:52.250,0.76923,0.76932,1.00,1.00
2016.09.13 13:32:52.304,0.76925,0.76932,1.00,1.00
2016.09.13 13:32:52.359,0.76923,0.76932,1.00,1.00
2016.09.13 13:32:52.513,0.76924,0.76932,1.95,1.00
2016.09.13 13:32:52.565,0.76924,0.76933,2.32,1.00
2016.09.13 13:32:52.949,0.76924,0.76932,1.57,1.00
2016.09.13 13:32:53.001,0.76925,0.76932,1.12,1.00
2016.09.13 13:32:53.562,0.76925,0.76933,1.12,1.00
2016.09.13 13:32:53.888,0.76925,0.76933,1.31,1.00
2016.09.13 13:32:53.997,0.76923,0.76932,2.81,1.00
2016.09.13 13:32:54.049,0.76923,0.76932,2.06,1.00
2016.09.13 13:32:54.100,0.76923,0.76932,1.69,1.00
2016.09.13 13:32:54.151,0.76922,0.76932,2.89,1.00
2016.09.13 13:32:54.204,0.76922,0.76932,2.21,1.00
2016.09.13 13:32:54.256,0.76922,0.76932,2.14,1.00
2016.09.13 13:32:54.308,0.76923,0.7693,1.19,1.00
2016.09.13 13:32:54.411,0.76923,0.7693,1.25,1.00
2016.09.13 13:32:54.724,0.76922,0.76929,2.14,1.00
2016.09.13 13:32:54.775,0.76922,0.76929,1.69,1.00
2016.09.13 13:32:54.877,0.76922,0.76931,1.69,1.12
2016.09.13 13:32:54.929,0.76922,0.76931,1.19,1.12
2016.09.13 13:32:54.981,0.76922,0.76931,1.50,1.00
2016.09.13 13:32:55.032,0.76924,0.76932,1.00,1.12
2016.09.13 13:32:55.084,0.76924,0.76932,1.00,1.00
2016.09.13 13:32:55.136,0.76925,0.76933,1.00,1.12
2016.09.13 13:32:55.292,0.76925,0.76933,1.00,1.00
2016.09.13 13:32:55.419,0.76926,0.76934,1.00,1.12
2016.09.13 13:32:55.471,0.76927,0.76934,1.00,1.00
2016.09.13 13:32:55.522,0.76928,0.76937,1.00,2.70
2016.09.13 13:32:55.624,0.76928,0.76937,1.00,1.95
2016.09.13 13:32:55.828,0.76928,0.76937,1.00,3.00
2016.09.13 13:32:55.930,0.76928,0.76937,1.00,1.87
2016.09.13 13:32:56.151,0.76928,0.76937,1.00,2.25
2016.09.13 13:32:57.809,0.76928,0.76936,1.00,1.00
2016.09.13 13:32:58.353,0.76928,0.76936,1.00,1.12
2016.09.13 13:32:58.455,0.76927,0.76936,1.00,1.87
2016.09.13 13:32:58.711,0.76927,0.76936,1.00,2.25
2016.09.13 13:32:58.916,0.76927,0.76936,1.00,1.87
2016.09.13 13:32:59.524,0.76927,0.76936,1.00,2.25
2016.09.13 13:32:59.626,0.76927,0.76936,1.00,1.87
2016.09.13 13:32:59.678,0.76927,0.76936,1.00,1.50
2016.09.13 13:32:59.729,0.76927,0.76936,1.00,1.00
2016.09.13 13:32:59.831,0.76927,0.76936,1.50,1.00
2016.09.13 13:32:59.933,0.76929,0.76936,1.00,1.00
2016.09.13 13:33:02.038,0.76929,0.76938,1.00,1.87
2016.09.13 13:33:02.089,0.76929,0.76938,1.00,1.50
2016.09.13 13:33:02.293,0.76929,0.76938,1.00,1.87
2016.09.13 13:33:02.396,0.76929,0.76938,1.00,1.12
2016.09.13 13:33:02.964,0.7693,0.76938,1.00,1.12
2016.09.13 13:33:03.824,0.7693,0.76938,1.00,1.50
2016.09.13 13:33:03.875,0.7693,0.76938,1.00,1.50
2016.09.13 13:33:03.926,0.7693,0.76938,1.00,1.87
2016.09.13 13:33:03.978,0.7693,0.76937,1.00,1.00
2016.09.13 13:33:04.845,0.7693,0.76937,1.00,1.00
2016.09.13 13:33:05.049,0.7693,0.76939,1.00,1.47
2016.09.13 13:33:05.100,0.7693,0.76939,1.00,1.12
2016.09.13 13:33:05.203,0.7693,0.76939,1.00,1.00
2016.09.13 13:33:05.857,0.7693,0.76939,1.00,1.12
2016.09.13 13:33:06.162,0.7693,0.76939,1.00,1.37
2016.09.13 13:33:06.467,0.7693,0.76939,1.00,1.87
2016.09.13 13:33:06.854,0.7693,0.76937,1.00,1.00
2016.09.13 13:33:06.956,0.76928,0.76937,1.00,1.87
2016.09.13 13:33:07.562,0.76928,0.76935,1.00,1.00
2016.09.13 13:33:07.767,0.76928,0.76935,1.00,1.12
2016.09.13 13:33:08.073,0.76928,0.76937,1.00,2.62
2016.09.13 13:33:08.830,0.76928,0.76936,1.00,1.12
2016.09.13 13:33:09.783,0.76927,0.76936,1.00,1.50
2016.09.13 13:33:09.835,0.76926,0.76935,1.00,1.00
2016.09.13 13:33:09.887,0.76926,0.76935,1.00,1.50
2016.09.13 13:33:10.248,0.76925,0.76934,1.50,1.00
2016.09.13 13:33:10.352,0.76925,0.76934,1.50,1.12
2016.09.13 13:33:10.454,0.76925,0.76935,1.00,1.87
2016.09.13 13:33:10.868,0.76925,0.76932,1.00,1.12
2016.09.13 13:33:11.696,0.76925,0.76932,1.00,1.87
2016.09.13 13:33:11.777,0.76924,0.76931,1.00,1.00
2016.09.13 13:33:11.829,0.76921,0.76928,3.07,1.50
2016.09.13 13:33:11.880,0.76921,0.76928,1.57,1.00
2016.09.13 13:33:12.016,0.76921,0.76928,1.12,1.12
2016.09.13 13:33:12.067,0.7692,0.76928,1.50,1.00
2016.09.13 13:33:12.118,0.7692,0.76929,1.50,1.50
2016.09.13 13:33:12.169,0.7692,0.76929,1.50,1.00
2016.09.13 13:33:12.576,0.76921,0.76929,1.00,1.00
2016.09.13 13:33:12.832,0.76922,0.7693,1.00,1.37
2016.09.13 13:33:12.886,0.76925,0.76932,1.00,1.37
2016.09.13 13:33:12.940,0.76924,0.76933,1.12,2.62
2016.09.13 13:33:12.994,0.76926,0.76933,1.00,1.87
2016.09.13 13:33:13.097,0.76924,0.76933,1.12,1.87
2016.09.13 13:33:13.199,0.76924,0.76933,1.12,2.62
2016.09.13 13:33:13.301,0.76924,0.76933,1.87,2.62
2016.09.13 13:33:13.353,0.76924,0.76933,1.12,2.62
2016.09.13 13:33:13.455,0.76924,0.76931,1.12,1.37
2016.09.13 13:33:13.649,0.76923,0.7693,1.12,1.37
2016.09.13 13:33:13.787,0.76922,0.7693,1.00,1.37
2016.09.13 13:33:13.838,0.76922,0.76931,1.00,1.87
2016.09.13 13:33:13.889,0.76922,0.76931,1.00,1.50
2016.09.13 13:33:14.094,0.76923,0.76931,1.00,1.00
2016.09.13 13:33:14.248,0.76925,0.76931,1.00,1.00
2016.09.13 13:33:14.300,0.76927,0.76934,1.00,2.40
2016.09.13 13:33:14.351,0.76928,0.76934,1.00,1.00
2016.09.13 13:33:14.547,0.76928,0.76937,1.20,1.12
2016.09.13 13:33:14.598,0.76928,0.76937,1.27,1.00
2016.09.13 13:33:14.649,0.76929,0.76938,1.00,1.87
2016.09.13 13:33:14.955,0.76929,0.76938,1.00,1.12
2016.09.13 13:33:15.006,0.76929,0.76938,1.00,1.00
2016.09.13 13:33:16.026,0.76929,0.76939,1.00,1.50
2016.09.13 13:33:16.077,0.76931,0.76938,1.00,1.00
2016.09.13 13:33:16.179,0.7693,0.76939,1.00,1.50
2016.09.13 13:33:16.466,0.7693,0.76939,1.50,1.50
2016.09.13 13:33:16.517,0.76931,0.76939,1.00,1.50
2016.09.13 13:33:16.794,0.7693,0.76937,1.00,1.00
2016.09.13 13:33:17.323,0.7693,0.76939,1.50,1.00
2016.09.13 13:33:17.517,0.76932,0.76939,1.57,1.00
2016.09.13 13:33:17.568,0.76933,0.76941,1.00,1.00
2016.09.13 13:33:17.619,0.76933,0.76941,1.10,1.00
2016.09.13 13:33:18.770,0.76934,0.76941,1.00,1.00
2016.09.13 13:33:19.349,0.76934,0.76942,1.00,1.00
2016.09.13 13:33:19.890,0.76935,0.76942,1.00,1.00
2016.09.13 13:33:19.992,0.76933,0.76941,1.20,1.00
2016.09.13 13:33:20.410,0.76933,0.76939,1.00,1.00
2016.09.13 13:33:20.461,0.76932,0.76939,1.95,1.00
2016.09.13 13:33:20.512,0.76932,0.76939,1.20,1.00
2016.09.13 13:33:20.563,0.76931,0.76939,1.50,1.00
2016.09.13 13:33:20.615,0.7693,0.76938,2.32,1.00
2016.09.13 13:33:20.668,0.76931,0.76938,1.12,1.00
2016.09.13 13:33:20.747,0.7693,0.76938,1.57,1.00
2016.09.13 13:33:20.799,0.7693,0.76938,1.20,1.00
2016.09.13 13:33:20.850,0.7693,0.76938,1.10,1.00
2016.09.13 13:33:21.229,0.76932,0.76939,1.00,1.00
2016.09.13 13:33:21.280,0.76932,0.76939,1.10,1.00
2016.09.13 13:33:21.792,0.76932,0.7694,1.10,1.00
2016.09.13 13:33:22.073,0.76933,0.7694,1.00,1.00
2016.09.13 13:33:23.314,0.76934,0.7694,1.00,1.00
2016.09.13 13:33:23.919,0.76934,0.76938,1.00,1.00
2016.09.13 13:33:24.020,0.76934,0.76939,1.00,1.50
2016.09.13 13:33:24.213,0.76931,0.76937,1.10,1.00
2016.09.13 13:33:24.264,0.76931,0.76937,1.00,1.00
2016.09.13 13:33:24.825,0.76931,0.76937,1.00,1.00
2016.09.13 13:33:25.052,0.76931,0.76937,1.10,1.00
2016.09.13 13:33:25.154,0.76931,0.76939,1.10,1.12
2016.09.13 13:33:25.205,0.76931,0.76939,1.10,1.00
2016.09.13 13:33:25.307,0.76933,0.76939,1.00,1.00
2016.09.13 13:33:25.358,0.76933,0.76941,1.50,1.00
2016.09.13 13:33:25.410,0.76933,0.76941,1.87,1.00
2016.09.13 13:33:25.766,0.76934,0.76941,1.12,1.00
2016.09.13 13:33:26.286,0.76934,0.76941,1.87,1.00
2016.09.13 13:33:26.545,0.76934,0.76941,1.12,1.00
2016.09.13 13:33:27.625,0.76934,0.76942,1.12,1.00
2016.09.13 13:33:27.867,0.76935,0.76945,1.00,2.25
2016.09.13 13:33:28.675,0.76936,0.76945,1.00,2.25
2016.09.13 13:33:28.726,0.76936,0.76945,1.00,1.87
2016.09.13 13:33:29.358,0.76936,0.76945,1.00,2.25
2016.09.13 13:33:29.621,0.76936,0.76945,1.00,1.87
2016.09.13 13:33:29.723,0.76936,0.76945,1.00,1.95
2016.09.13 13:33:29.878,0.76938,0.76945,1.00,1.20
2016.09.13 13:33:30.054,0.76938,0.76945,1.00,1.12
2016.09.13 13:33:30.156,0.76938,0.76946,1.00,1.87
2016.09.13 13:33:30.360,0.76938,0.76946,1.00,1.50
2016.09.13 13:33:30.564,0.76938,0.76946,1.00,1.37
2016.09.13 13:33:30.617,0.76937,0.76946,1.00,2.06
2016.09.13 13:33:30.967,0.76936,0.76944,1.00,2.06
2016.09.13 13:33:31.222,0.76936,0.76944,1.00,2.44
2016.09.13 13:33:31.527,0.76934,0.76943,1.00,1.12
2016.09.13 13:33:31.678,0.76934,0.76943,1.00,1.69
2016.09.13 13:33:31.731,0.76933,0.76941,1.00,2.44
2016.09.13 13:33:32.037,0.76934,0.76941,1.00,3.19
2016.09.13 13:33:32.088,0.76932,0.76941,1.00,3.19
2016.09.13 13:33:32.140,0.76932,0.76939,1.00,1.00
2016.09.13 13:33:32.244,0.76932,0.76939,1.00,1.12
2016.09.13 13:33:32.572,0.76932,0.76939,1.00,1.00
2016.09.13 13:33:33.279,0.76932,0.76939,1.00,1.12
2016.09.13 13:33:33.573,0.76933,0.76939,1.00,1.00
2016.09.13 13:33:34.929,0.76932,0.76939,1.00,1.00
2016.09.13 13:33:35.608,0.76932,0.7694,1.00,1.00
2016.09.13 13:33:35.764,0.76932,0.76941,1.00,2.44
2016.09.13 13:33:36.174,0.76934,0.76941,1.00,2.44
2016.09.13 13:33:36.327,0.76934,0.76941,1.00,1.69
2016.09.13 13:33:36.378,0.76936,0.76941,1.00,1.31
2016.09.13 13:33:36.554,0.76937,0.76942,1.00,1.56
2016.09.13 13:33:36.605,0.76935,0.76943,1.00,1.31
2016.09.13 13:33:36.656,0.76936,0.76943,1.00,1.69
2016.09.13 13:33:36.708,0.76934,0.76943,2.25,3.56
2016.09.13 13:33:36.760,0.76934,0.76943,2.25,3.26
2016.09.13 13:33:36.811,0.76935,0.76943,1.00,2.51
2016.09.13 13:33:36.862,0.76936,0.76942,1.00,1.25
2016.09.13 13:33:36.966,0.76937,0.76943,1.00,2.06
2016.09.13 13:33:37.017,0.76937,0.76943,1.00,1.69
2016.09.13 13:33:37.068,0.76937,0.76943,1.00,1.31
2016.09.13 13:33:37.170,0.76938,0.76943,1.00,1.19
2016.09.13 13:33:37.476,0.76938,0.76943,1.00,1.31
2016.09.13 13:33:37.528,0.76938,0.76944,1.00,1.56
2016.09.13 13:33:38.069,0.76937,0.76944,1.00,1.56
2016.09.13 13:33:38.120,0.76937,0.76945,1.00,2.44
2016.09.13 13:33:38.171,0.76937,0.76945,1.00,2.44
2016.09.13 13:33:38.354,0.76937,0.76945,1.00,2.06
2016.09.13 13:33:38.405,0.76937,0.76945,1.00,1.19
2016.09.13 13:33:38.456,0.76937,0.76947,1.00,5.44
2016.09.13 13:33:38.507,0.76937,0.76945,1.50,1.69
2016.09.13 13:33:38.559,0.76939,0.76945,1.00,1.69
2016.09.13 13:33:38.630,0.76938,0.76946,1.00,2.81
2016.09.13 13:33:38.734,0.76938,0.76946,1.00,2.06
2016.09.13 13:33:38.887,0.76939,0.76946,1.00,1.31
2016.09.13 13:33:38.939,0.7694,0.76946,1.00,1.19
2016.09.13 13:33:39.041,0.7694,0.76947,1.00,1.31
2016.09.13 13:33:39.232,0.76944,0.7695,1.00,2.06
2016.09.13 13:33:39.283,0.76944,0.7695,1.00,1.94
2016.09.13 13:33:39.334,0.76944,0.7695,1.00,2.06
2016.09.13 13:33:40.024,0.76944,0.7695,1.00,1.69
2016.09.13 13:33:40.173,0.76944,0.76951,1.00,2.44
2016.09.13 13:33:40.225,0.76944,0.76951,1.00,3.19
2016.09.13 13:33:40.276,0.76944,0.76951,1.00,2.81
2016.09.13 13:33:40.328,0.76944,0.76951,1.00,2.44
2016.09.13 13:33:43.097,0.76942,0.76951,1.50,1.69
2016.09.13 13:33:43.148,0.76942,0.76948,1.00,1.19
2016.09.13 13:33:43.199,0.76939,0.76947,1.10,1.19
2016.09.13 13:33:43.251,0.76939,0.76946,1.00,1.19
2016.09.13 13:33:43.302,0.76938,0.76946,1.87,1.31
2016.09.13 13:33:43.353,0.76938,0.76944,1.00,1.19
2016.09.13 13:33:43.404,0.76938,0.76944,1.00,1.25
2016.09.13 13:33:43.539,0.76938,0.76944,1.00,1.19
2016.09.13 13:33:43.836,0.76939,0.76945,1.00,1.39
2016.09.13 13:33:43.938,0.76939,0.76945,1.00,1.39
2016.09.13 13:33:43.989,0.76939,0.76945,1.00,1.29
2016.09.13 13:33:44.040,0.76939,0.76946,1.00,2.81
2016.09.13 13:33:44.092,0.7694,0.76946,1.00,2.06
2016.09.13 13:33:44.143,0.7694,0.76946,1.00,1.19
2016.09.13 13:33:44.194,0.7694,0.76946,1.00,1.19
2016.09.13 13:33:44.246,0.7694,0.76947,1.00,1.31
2016.09.13 13:33:44.297,0.76941,0.76947,1.00,1.31
2016.09.13 13:33:44.451,0.76941,0.76947,1.00,1.19
2016.09.13 13:33:44.964,0.76942,0.76948,1.00,1.19
2016.09.13 13:33:45.016,0.76942,0.7695,1.00,1.69
2016.09.13 13:33:45.119,0.76943,0.7695,1.00,1.31
2016.09.13 13:33:45.170,0.76942,0.7695,1.00,2.06
2016.09.13 13:33:45.362,0.76941,0.76949,2.25,1.31
2016.09.13 13:33:45.464,0.76943,0.76949,1.00,1.31
2016.09.13 13:33:46.044,0.76944,0.76951,1.00,2.44
2016.09.13 13:33:46.256,0.76944,0.76952,1.00,1.94
2016.09.13 13:33:46.310,0.76947,0.76952,1.00,1.19
2016.09.13 13:33:46.361,0.76948,0.76954,1.00,1.84
2016.09.13 13:33:46.413,0.76948,0.76954,1.50,1.29
2016.09.13 13:33:46.464,0.7695,0.76957,1.00,3.56
2016.09.13 13:33:46.516,0.7695,0.76957,1.00,2.06
2016.09.13 13:33:46.618,0.7695,0.76957,1.50,2.44
2016.09.13 13:33:46.670,0.7695,0.76956,1.50,1.31
2016.09.13 13:33:46.721,0.7695,0.76956,1.00,1.31
2016.09.13 13:33:46.955,0.7695,0.76956,1.00,1.56
2016.09.13 13:33:47.059,0.7695,0.76956,1.00,2.06
2016.09.13 13:33:47.161,0.7695,0.76956,1.00,1.56
2016.09.13 13:33:47.213,0.7695,0.76956,1.00,1.31
2016.09.13 13:33:47.316,0.7695,0.76957,1.50,2.44
2016.09.13 13:33:47.371,0.76951,0.76957,1.00,1.69
2016.09.13 13:33:47.526,0.7695,0.76957,1.50,2.44
2016.09.13 13:33:48.172,0.7695,0.76957,1.50,2.06
2016.09.13 13:33:48.417,0.7695,0.76957,1.50,1.56
2016.09.13 13:33:48.519,0.7695,0.76957,1.50,1.31
2016.09.13 13:33:48.570,0.7695,0.76958,1.00,3.19
2016.09.13 13:33:48.796,0.7695,0.76958,1.00,2.44
2016.09.13 13:33:48.851,0.7695,0.76957,1.00,1.00
2016.09.13 13:33:48.953,0.7695,0.76958,1.00,2.06
2016.09.13 13:33:49.004,0.7695,0.76958,1.50,1.31
2016.09.13 13:33:49.056,0.76952,0.76959,1.00,2.14
2016.09.13 13:33:49.158,0.76952,0.76959,1.00,1.66
2016.09.13 13:33:49.209,0.7695,0.76959,1.00,1.66
2016.09.13 13:33:49.260,0.7695,0.76957,1.00,1.87
2016.09.13 13:33:49.311,0.7695,0.76957,1.00,2.06
2016.09.13 13:33:49.362,0.76948,0.76957,1.12,2.44
2016.09.13 13:33:49.413,0.76948,0.76955,1.00,1.62
2016.09.13 13:33:49.464,0.76947,0.76953,1.00,1.37
2016.09.13 13:33:49.607,0.76946,0.76952,1.50,1.69
2016.09.13 13:33:49.660,0.76943,0.76952,1.00,2.51
2016.09.13 13:33:49.711,0.76943,0.76952,1.00,2.59
2016.09.13 13:33:49.864,0.76943,0.76952,1.00,2.21
2016.09.13 13:33:49.966,0.76943,0.76951,1.00,1.37
2016.09.13 13:33:50.018,0.76943,0.76951,1.50,1.37
2016.09.13 13:33:50.069,0.76943,0.76951,1.50,1.50
2016.09.13 13:33:50.121,0.76945,0.76951,1.00,1.50
2016.09.13 13:33:50.172,0.76945,0.76952,1.00,2.51
2016.09.13 13:33:50.354,0.76945,0.76954,1.00,2.70
2016.09.13 13:33:50.462,0.76945,0.76954,1.00,2.32
2016.09.13 13:33:50.513,0.76945,0.76954,1.50,2.32
2016.09.13 13:33:50.565,0.76945,0.76954,1.50,1.20
2016.09.13 13:33:50.930,0.76945,0.76954,1.50,1.12
2016.09.13 13:33:51.259,0.76945,0.76954,1.50,1.00
2016.09.13 13:33:52.627,0.76945,0.76954,1.50,1.12
2016.09.13 13:33:52.678,0.76945,0.76954,1.50,1.87
2016.09.13 13:33:52.729,0.76945,0.76952,1.50,1.37
2016.09.13 13:33:52.832,0.76943,0.76952,2.25,2.06
2016.09.13 13:33:52.883,0.76943,0.76951,1.50,1.50
2016.09.13 13:33:52.935,0.76943,0.7695,1.50,1.50
2016.09.13 13:33:53.187,0.76943,0.7695,1.00,1.87
2016.09.13 13:33:53.552,0.76942,0.7695,1.50,1.37
2016.09.13 13:33:53.629,0.76942,0.7695,1.00,1.87
2016.09.13 13:33:53.833,0.76942,0.76948,1.00,1.12
2016.09.13 13:33:53.884,0.76942,0.76948,1.00,1.12
2016.09.13 13:33:54.110,0.76943,0.76952,1.00,3.26
2016.09.13 13:33:54.164,0.76944,0.76953,1.50,2.44
2016.09.13 13:33:54.217,0.76944,0.76953,1.50,2.06
2016.09.13 13:33:54.268,0.76944,0.76953,1.50,1.31
2016.09.13 13:33:54.370,0.76944,0.76953,1.50,1.62
2016.09.13 13:33:54.574,0.76944,0.76953,1.87,1.62
2016.09.13 13:33:54.626,0.76945,0.76954,1.00,2.06
2016.09.13 13:33:54.677,0.76946,0.76954,1.12,1.19
2016.09.13 13:33:54.899,0.76946,0.76955,1.12,1.12
2016.09.13 13:33:55.063,0.76947,0.76955,1.00,1.12
2016.09.13 13:33:55.114,0.76947,0.76956,1.50,1.62
2016.09.13 13:33:55.165,0.76947,0.76956,1.50,1.25
2016.09.13 13:33:55.370,0.76951,0.76957,1.00,1.39
2016.09.13 13:33:55.582,0.7695,0.76957,1.00,1.76
2016.09.13 13:33:55.633,0.76951,0.76958,1.00,2.89
2016.09.13 13:33:55.773,0.76951,0.76957,1.00,1.19
2016.09.13 13:33:55.824,0.76951,0.76958,1.00,2.51
2016.09.13 13:33:56.065,0.76951,0.76956,1.00,1.25
2016.09.13 13:33:56.167,0.76951,0.76959,1.00,2.06
2016.09.13 13:33:56.218,0.76953,0.76959,1.00,2.06
2016.09.13 13:33:56.270,0.76953,0.76957,1.00,1.00
2016.09.13 13:33:56.372,0.76953,0.7696,1.00,3.64
2016.09.13 13:33:56.423,0.76953,0.7696,1.00,2.81
2016.09.13 13:33:56.609,0.76953,0.76961,1.00,1.00
2016.09.13 13:33:56.712,0.76955,0.76963,1.00,2.81
2016.09.13 13:33:56.764,0.76955,0.76962,1.00,1.62
2016.09.13 13:33:56.815,0.76955,0.76962,1.00,1.69
2016.09.13 13:33:56.867,0.76954,0.76962,1.00,2.00
2016.09.13 13:33:56.970,0.76954,0.76961,1.00,1.87
2016.09.13 13:33:57.974,0.76954,0.76961,1.00,2.62
2016.09.13 13:33:58.089,0.76954,0.76961,1.00,2.25
2016.09.13 13:33:58.192,0.76954,0.76962,1.00,1.62
2016.09.13 13:33:58.243,0.76954,0.76963,1.00,3.19
2016.09.13 13:33:58.414,0.76954,0.76963,1.00,3.19
2016.09.13 13:33:58.467,0.76954,0.76963,1.00,2.81
2016.09.13 13:33:58.650,0.76955,0.76963,1.00,1.56
2016.09.13 13:33:59.007,0.76955,0.76963,1.00,1.56
2016.09.13 13:33:59.285,0.76956,0.76963,1.00,1.56
2016.09.13 13:33:59.591,0.76956,0.76964,1.00,2.06
2016.09.13 13:33:59.788,0.76956,0.76963,1.00,1.56
2016.09.13 13:34:00.078,0.76957,0.76964,1.00,3.19
2016.09.13 13:34:00.130,0.76957,0.76964,1.00,2.44
2016.09.13 13:34:00.181,0.76957,0.76964,1.00,2.06
2016.09.13 13:34:00.283,0.76957,0.76964,1.00,2.81
2016.09.13 13:34:00.335,0.76957,0.76964,1.00,3.19
2016.09.13 13:34:00.386,0.76957,0.76964,1.00,2.44
2016.09.13 13:34:00.539,0.76957,0.76964,1.00,1.69
2016.09.13 13:34:00.590,0.76957,0.76965,1.00,3.56
2016.09.13 13:34:00.743,0.76957,0.76965,1.00,3.19
2016.09.13 13:34:00.876,0.76957,0.76965,1.00,2.81
2016.09.13 13:34:01.030,0.76954,0.76963,1.00,1.37
2016.09.13 13:34:01.082,0.76953,0.7696,1.00,2.06
2016.09.13 13:34:01.133,0.76952,0.7696,1.10,2.44
2016.09.13 13:34:01.184,0.76951,0.76958,1.10,1.62
2016.09.13 13:34:01.235,0.76951,0.76958,1.00,1.62
2016.09.13 13:34:01.287,0.7695,0.76958,1.50,1.76
2016.09.13 13:34:01.339,0.7695,0.76957,1.00,1.37
2016.09.13 13:34:01.392,0.76949,0.76957,1.00,1.87
2016.09.13 13:34:01.444,0.76949,0.76957,1.00,2.06
2016.09.13 13:34:01.631,0.76948,0.76957,1.00,2.14
2016.09.13 13:34:01.682,0.76948,0.76957,1.00,2.51
2016.09.13 13:34:01.784,0.7695,0.76957,1.00,1.76
2016.09.13 13:34:01.886,0.7695,0.76957,1.00,1.95
2016.09.13 13:34:01.937,0.76948,0.76957,1.00,1.95
2016.09.13 13:34:01.988,0.76946,0.76955,1.50,2.06
2016.09.13 13:34:02.040,0.76946,0.76955,1.00,2.06
2016.09.13 13:34:02.091,0.76946,0.76953,1.00,1.37
2016.09.13 13:34:02.142,0.76945,0.76953,1.50,1.37
2016.09.13 13:34:02.194,0.76945,0.76953,1.50,1.62
2016.09.13 13:34:02.296,0.76947,0.76953,1.00,1.62
2016.09.13 13:34:02.510,0.76946,0.76953,1.00,1.69
2016.09.13 13:34:02.766,0.76946,0.76954,1.00,3.26
2016.09.13 13:34:02.870,0.76946,0.76953,1.00,1.62
2016.09.13 13:34:03.191,0.76945,0.76953,1.50,1.62
2016.09.13 13:34:03.407,0.76945,0.76953,1.00,1.69
2016.09.13 13:34:03.458,0.76945,0.76953,1.00,1.70
2016.09.13 13:34:03.767,0.76945,0.76952,1.00,1.10
2016.09.13 13:34:03.818,0.76944,0.76953,1.50,2.89
2016.09.13 13:34:03.869,0.76944,0.76952,1.50,1.47
2016.09.13 13:34:03.921,0.76944,0.76952,1.50,1.57
2016.09.13 13:34:03.972,0.76944,0.76951,1.50,1.37
2016.09.13 13:34:04.023,0.76944,0.76951,1.50,1.57
2016.09.13 13:34:04.075,0.76944,0.76951,1.00,1.57
2016.09.13 13:34:04.126,0.76943,0.7695,1.50,1.00
2016.09.13 13:34:04.302,0.76943,0.76951,1.50,1.65
2016.09.13 13:34:04.385,0.76948,0.76952,1.00,1.00
2016.09.13 13:34:04.488,0.76947,0.76952,1.00,1.00
2016.09.13 13:34:04.540,0.76947,0.76952,1.00,1.00
2016.09.13 13:34:04.769,0.76947,0.76952,1.00,1.00
2016.09.13 13:34:04.820,0.76947,0.76952,1.00,1.25
2016.09.13 13:34:04.871,0.76947,0.76952,1.00,1.69
2016.09.13 13:34:06.153,0.76947,0.76952,1.00,1.31
2016.09.13 13:34:06.377,0.76948,0.76952,1.00,1.25
2016.09.13 13:34:06.530,0.76948,0.76952,1.00,1.31
2016.09.13 13:34:06.734,0.76945,0.76952,1.50,1.62
2016.09.13 13:34:06.785,0.76945,0.76951,1.50,1.47
2016.09.13 13:34:06.837,0.76946,0.76951,1.00,1.76
2016.09.13 13:34:06.888,0.76946,0.76951,1.00,2.14
2016.09.13 13:34:07.093,0.76945,0.76951,1.00,1.46
2016.09.13 13:34:07.145,0.76945,0.76951,1.00,1.39
2016.09.13 13:34:07.196,0.76945,0.76952,1.00,1.46
2016.09.13 13:34:07.247,0.76947,0.76952,1.00,1.46
2016.09.13 13:34:07.553,0.76948,0.76952,1.00,1.04
2016.09.13 13:34:07.656,0.76948,0.76953,1.00,2.58
2016.09.13 13:34:07.759,0.76948,0.76953,1.00,2.21
2016.09.13 13:34:08.273,0.76947,0.76953,1.00,2.21
2016.09.13 13:34:08.375,0.76948,0.76953,1.00,2.14
2016.09.13 13:34:09.017,0.76947,0.76953,1.00,2.14
2016.09.13 13:34:09.175,0.76947,0.76951,1.00,1.25
2016.09.13 13:34:09.277,0.76947,0.76951,1.00,1.31
2016.09.13 13:34:09.328,0.76946,0.76951,1.50,1.31
2016.09.13 13:34:09.379,0.76942,0.76946,1.50,1.00
2016.09.13 13:34:09.430,0.7694,0.76946,2.62,1.19
2016.09.13 13:34:09.482,0.76941,0.76945,1.50,1.50
2016.09.13 13:34:09.534,0.76941,0.76945,1.00,2.14
2016.09.13 13:34:09.713,0.76938,0.76942,1.50,1.00
2016.09.13 13:34:09.764,0.76937,0.76942,1.00,1.47
2016.09.13 13:34:09.816,0.76937,0.76943,1.00,1.12
2016.09.13 13:34:10.658,0.76937,0.76944,1.00,1.80
2016.09.13 13:34:10.709,0.76938,0.76945,1.00,3.56
2016.09.13 13:34:10.761,0.7694,0.76945,1.00,2.62
2016.09.13 13:34:10.812,0.7694,0.76945,1.00,1.12
2016.09.13 13:34:10.863,0.7694,0.76946,1.00,3.00
2016.09.13 13:34:10.914,0.7694,0.76946,1.00,2.62
2016.09.13 13:34:11.067,0.7694,0.76945,1.00,1.57
2016.09.13 13:34:11.648,0.7694,0.76946,1.00,3.60
2016.09.13 13:34:11.699,0.76941,0.76945,1.00,1.65
2016.09.13 13:34:11.750,0.7694,0.76944,1.00,1.12
2016.09.13 13:34:11.801,0.76941,0.76946,1.00,1.87
2016.09.13 13:34:11.852,0.76942,0.76946,1.00,1.12
2016.09.13 13:34:11.904,0.76942,0.76946,1.00,1.00
2016.09.13 13:34:12.135,0.76943,0.76947,1.00,1.10
2016.09.13 13:34:12.186,0.76942,0.76946,1.00,1.00
2016.09.13 13:34:12.503,0.76943,0.76947,1.00,1.10
2016.09.13 13:34:13.080,0.76943,0.76948,1.00,2.32
2016.09.13 13:34:13.131,0.76943,0.76948,1.00,1.95
2016.09.13 13:34:13.263,0.76943,0.76947,1.00,1.10
2016.09.13 13:34:13.556,0.76944,0.76948,1.00,1.20
2016.09.13 13:34:13.730,0.76943,0.76947,1.00,1.00
2016.09.13 13:34:13.781,0.76943,0.76947,1.00,1.00
2016.09.13 13:34:14.146,0.76945,0.76949,1.00,1.57
2016.09.13 13:34:14.299,0.76944,0.76948,1.00,1.10
2016.09.13 13:34:14.401,0.76944,0.76949,1.00,1.07
2016.09.13 13:34:14.452,0.76944,0.7695,1.00,2.62
2016.09.13 13:34:14.503,0.76944,0.7695,1.00,2.25
2016.09.13 13:34:14.554,0.76944,0.7695,1.00,1.95
2016.09.13 13:34:14.656,0.76945,0.7695,1.00,2.32
2016.09.13 13:34:15.395,0.76945,0.76949,1.00,1.20
2016.09.13 13:34:15.982,0.76946,0.7695,1.00,2.32
2016.09.13 13:34:17.159,0.76945,0.76949,1.00,1.57
2016.09.13 13:34:17.683,0.76945,0.76949,1.00,1.20
2016.09.13 13:34:17.734,0.76945,0.76951,1.00,1.12
2016.09.13 13:34:17.786,0.76946,0.76952,1.00,2.06
2016.09.13 13:34:17.839,0.76948,0.76953,1.00,1.19
2016.09.13 13:34:17.891,0.76948,0.76953,1.00,2.06
2016.09.13 13:34:18.073,0.76949,0.76953,1.00,1.87
2016.09.13 13:34:18.125,0.76949,0.76953,1.00,1.12
2016.09.13 13:34:18.176,0.76946,0.76951,2.62,1.00
2016.09.13 13:34:18.227,0.76948,0.76952,1.00,1.00
2016.09.13 13:34:18.279,0.76944,0.76949,3.00,1.00
2016.09.13 13:34:18.330,0.76944,0.76949,2.25,1.00
2016.09.13 13:34:18.384,0.76946,0.7695,1.00,2.25
2016.09.13 13:34:18.435,0.76944,0.76948,1.00,1.00
2016.09.13 13:34:18.487,0.76945,0.7695,1.00,1.37
2016.09.13 13:34:18.538,0.76946,0.7695,1.00,1.12
2016.09.13 13:34:18.589,0.76945,0.7695,1.00,1.50
2016.09.13 13:34:18.693,0.76945,0.7695,1.00,2.25
2016.09.13 13:34:18.912,0.76945,0.76949,1.00,1.12
2016.09.13 13:34:19.014,0.76946,0.7695,1.00,1.50
2016.09.13 13:34:19.218,0.76945,0.76949,1.00,1.00
2016.09.13 13:34:19.270,0.76946,0.7695,1.00,1.50
2016.09.13 13:34:19.322,0.76946,0.7695,1.00,1.00
2016.09.13 13:34:19.374,0.76946,0.7695,1.50,1.00
2016.09.13 13:34:19.579,0.76946,0.76951,1.50,1.39
2016.09.13 13:34:19.631,0.76946,0.7695,1.50,1.00
2016.09.13 13:34:19.828,0.76946,0.76953,1.50,2.14
2016.09.13 13:34:19.930,0.76947,0.76953,1.00,2.14
2016.09.13 13:34:19.981,0.76946,0.76953,1.50,2.14
2016.09.13 13:34:20.034,0.76946,0.76953,1.50,1.95
2016.09.13 13:34:20.085,0.76946,0.76952,1.50,1.00
2016.09.13 13:34:20.137,0.76946,0.76953,1.50,1.95
2016.09.13 13:34:20.546,0.76948,0.76953,1.00,1.95
2016.09.13 13:34:20.648,0.76948,0.76952,1.00,1.00
2016.09.13 13:34:20.883,0.76948,0.76954,1.00,2.32
2016.09.13 13:34:20.934,0.76948,0.76954,1.00,1.95
2016.09.13 13:34:20.985,0.76948,0.76954,1.00,1.47
2016.09.13 13:34:21.036,0.76953,0.76958,1.00,1.57
2016.09.13 13:34:21.088,0.76953,0.76958,1.00,2.25
2016.09.13 13:34:21.139,0.76953,0.76958,1.00,1.50
2016.09.13 13:34:21.190,0.76953,0.76958,1.00,1.87
2016.09.13 13:34:21.242,0.76954,0.76958,1.50,1.12
2016.09.13 13:34:21.293,0.76955,0.7696,1.00,1.62
2016.09.13 13:34:21.344,0.76955,0.7696,1.00,1.37
2016.09.13 13:34:21.477,0.76955,0.76961,1.00,1.50
2016.09.13 13:34:21.529,0.76958,0.76962,1.00,1.87
2016.09.13 13:34:21.637,0.76954,0.76962,1.50,1.87
2016.09.13 13:34:21.688,0.76954,0.76961,1.50,1.75
2016.09.13 13:34:21.893,0.76959,0.76963,1.00,2.44
2016.09.13 13:34:21.945,0.76959,0.76963,1.00,2.81
2016.09.13 13:34:21.997,0.76959,0.76963,1.00,1.87
2016.09.13 13:34:22.049,0.76954,0.76959,2.62,1.00
2016.09.13 13:34:22.102,0.7696,0.76964,1.00,1.50
2016.09.13 13:34:22.286,0.76961,0.76965,1.00,2.25
2016.09.13 13:34:22.340,0.76962,0.76966,1.00,3.64
2016.09.13 13:34:22.442,0.76957,0.76965,1.50,1.87
2016.09.13 13:34:22.493,0.76957,0.76961,1.50,1.00
2016.09.13 13:34:22.544,0.76957,0.76966,1.50,2.70
2016.09.13 13:34:22.595,0.76958,0.76962,1.00,1.00
2016.09.13 13:34:22.646,0.76958,0.76962,1.00,1.00
2016.09.13 13:34:22.698,0.76958,0.76967,1.00,1.50
2016.09.13 13:34:23.460,0.76962,0.76967,1.00,1.12
2016.09.13 13:34:24.092,0.76962,0.76967,1.00,1.50
2016.09.13 13:34:24.388,0.76962,0.76967,1.00,1.12
2016.09.13 13:34:25.074,0.76962,0.76968,1.00,3.07
2016.09.13 13:34:25.125,0.76962,0.76968,1.00,2.70
2016.09.13 13:34:25.176,0.76963,0.76968,1.00,2.32
2016.09.13 13:34:25.329,0.76963,0.76968,1.00,2.70
2016.09.13 13:34:25.481,0.76963,0.76968,1.00,1.95
2016.09.13 13:34:25.593,0.76963,0.76968,1.00,1.57
2016.09.13 13:34:28.615,0.76962,0.76968,1.00,1.57
2016.09.13 13:34:29.060,0.76962,0.76966,1.00,1.00
2016.09.13 13:34:30.062,0.76962,0.76967,1.00,1.10
2016.09.13 13:34:31.065,0.76962,0.76966,1.00,1.00
2016.09.13 13:34:31.271,0.76962,0.76969,1.00,1.87
2016.09.13 13:34:31.398,0.76962,0.76969,1.00,1.50
2016.09.13 13:34:31.450,0.76962,0.76969,1.00,1.12
2016.09.13 13:34:34.501,0.76964,0.76969,1.00,1.12
2016.09.13 13:34:34.552,0.76962,0.76966,1.00,1.00
2016.09.13 13:34:35.448,0.76962,0.76967,1.00,1.10
2016.09.13 13:34:35.731,0.7696,0.76967,1.00,1.10
2016.09.13 13:34:35.783,0.7696,0.76966,1.00,1.00
2016.09.13 13:34:36.170,0.76961,0.76967,1.00,1.10
2016.09.13 13:34:38.582,0.76961,0.76967,1.00,1.20
2016.09.13 13:34:38.741,0.76961,0.76966,1.00,1.00
2016.09.13 13:34:38.980,0.76956,0.7696,1.50,1.50
2016.09.13 13:34:39.033,0.76956,0.7696,1.00,1.00
2016.09.13 13:34:39.085,0.76954,0.7696,1.00,1.00
2016.09.13 13:34:39.137,0.76954,0.7696,1.00,1.50
2016.09.13 13:34:39.188,0.76954,0.76958,1.00,1.00
2016.09.13 13:34:39.240,0.76952,0.76958,1.50,1.00
2016.09.13 13:34:39.293,0.76952,0.76956,1.00,1.00
2016.09.13 13:34:39.345,0.7695,0.76956,1.50,1.00
2016.09.13 13:34:39.450,0.7695,0.76954,1.50,1.00
2016.09.13 13:34:39.620,0.7695,0.76954,1.00,1.00
2016.09.13 13:34:39.824,0.76951,0.76955,1.00,1.00
2016.09.13 13:34:39.926,0.76952,0.76956,1.00,1.10
2016.09.13 13:34:39.978,0.76953,0.76957,1.00,1.00
2016.09.13 13:34:40.029,0.76954,0.76958,1.00,1.00
2016.09.13 13:34:40.080,0.76954,0.7696,1.00,1.10
2016.09.13 13:34:40.131,0.76954,0.7696,1.00,1.00
2016.09.13 13:34:40.292,0.76955,0.7696,1.00,1.00
2016.09.13 13:34:40.548,0.76957,0.76961,1.00,1.25
2016.09.13 13:34:40.599,0.76958,0.76963,1.00,1.01
2016.09.13 13:34:40.651,0.76959,0.76964,1.00,1.39
2016.09.13 13:34:40.702,0.76959,0.76964,1.00,1.20
2016.09.13 13:34:40.754,0.76959,0.76964,1.00,1.10
2016.09.13 13:34:40.805,0.76959,0.76964,1.00,1.00
2016.09.13 13:34:40.856,0.7696,0.76965,1.00,1.27
2016.09.13 13:34:41.198,0.7696,0.76965,1.00,1.20
2016.09.13 13:34:41.691,0.7696,0.76964,1.00,1.00
2016.09.13 13:34:42.022,0.76961,0.76965,1.00,1.20
2016.09.13 13:34:42.177,0.76959,0.76965,1.00,1.20
2016.09.13 13:34:42.280,0.76957,0.76961,1.00,1.00
2016.09.13 13:34:42.384,0.76956,0.7696,1.00,1.50
2016.09.13 13:34:42.435,0.76953,0.76958,1.00,1.00
2016.09.13 13:34:43.109,0.76953,0.76958,1.00,1.10
2016.09.13 13:34:43.160,0.76953,0.76958,1.00,1.20
2016.09.13 13:34:43.211,0.76953,0.76958,1.00,1.57
2016.09.13 13:34:43.504,0.76953,0.76958,1.00,1.20
2016.09.13 13:34:43.744,0.76955,0.7696,1.00,2.59
2016.09.13 13:34:43.796,0.76956,0.7696,1.00,1.20
2016.09.13 13:34:43.848,0.76955,0.7696,1.00,1.37
2016.09.13 13:34:43.900,0.76958,0.76963,1.00,3.07
2016.09.13 13:34:43.952,0.76958,0.76963,1.00,1.12
2016.09.13 13:34:44.003,0.76959,0.76965,1.00,1.07
2016.09.13 13:34:44.054,0.76959,0.76966,1.00,1.87
2016.09.13 13:34:44.258,0.76961,0.76966,1.00,1.87
2016.09.13 13:34:44.311,0.76963,0.76967,1.00,1.20
2016.09.13 13:34:44.497,0.76964,0.76968,1.00,1.00
2016.09.13 13:34:44.549,0.76966,0.76972,1.00,2.51
2016.09.13 13:34:44.752,0.76966,0.76972,1.00,2.32
2016.09.13 13:34:44.803,0.76966,0.7697,1.00,1.00
2016.09.13 13:34:44.905,0.76966,0.76972,1.00,2.32
2016.09.13 13:34:45.070,0.76966,0.76972,1.00,1.95
2016.09.13 13:34:45.122,0.76966,0.76972,1.00,1.87
2016.09.13 13:34:45.173,0.76965,0.76972,1.00,1.12
2016.09.13 13:34:45.581,0.76966,0.76973,1.00,1.65
2016.09.13 13:34:45.632,0.76966,0.76972,1.00,1.00
2016.09.13 13:34:45.734,0.76966,0.76973,1.00,2.40
2016.09.13 13:34:45.902,0.76966,0.76973,1.00,1.65
2016.09.13 13:34:46.204,0.76966,0.76972,1.00,1.12
2016.09.13 13:34:47.908,0.76966,0.7697,1.00,1.00
2016.09.13 13:34:48.112,0.76963,0.76971,1.50,1.00
2016.09.13 13:34:48.163,0.76963,0.76969,1.50,1.12
2016.09.13 13:34:48.214,0.76965,0.76969,1.00,1.50
2016.09.13 13:34:48.367,0.76965,0.76969,1.00,1.12
2016.09.13 13:34:48.418,0.76963,0.76968,1.00,1.00
2016.09.13 13:34:48.741,0.76965,0.76969,1.00,1.00
2016.09.13 13:34:48.946,0.76968,0.76973,1.00,1.12
2016.09.13 13:34:48.997,0.76968,0.76973,1.00,1.00
2016.09.13 13:34:49.302,0.76967,0.76971,1.00,1.00
2016.09.13 13:34:50.114,0.76968,0.76973,1.00,2.25
2016.09.13 13:34:50.166,0.76968,0.76972,1.00,1.00
2016.09.13 13:34:50.519,0.76969,0.76976,1.00,1.69
2016.09.13 13:34:50.570,0.76969,0.76976,1.00,1.12
2016.09.13 13:34:50.622,0.76971,0.76977,1.00,2.77
2016.09.13 13:34:50.673,0.7697,0.76977,1.00,3.45
2016.09.13 13:34:50.725,0.7697,0.76976,1.00,1.07
2016.09.13 13:34:50.780,0.7697,0.76976,1.00,1.20
2016.09.13 13:34:50.834,0.7697,0.76976,1.00,1.07
2016.09.13 13:34:50.885,0.7697,0.76977,1.00,2.62
2016.09.13 13:34:51.222,0.76971,0.76977,1.00,1.87
2016.09.13 13:34:51.273,0.76971,0.76977,1.00,1.50
2016.09.13 13:34:51.325,0.76972,0.76977,1.00,1.12
2016.09.13 13:34:51.427,0.76972,0.76977,1.00,1.00
2016.09.13 13:34:51.479,0.76972,0.7698,1.00,2.32
2016.09.13 13:34:51.592,0.76972,0.76978,1.00,1.00
2016.09.13 13:34:51.694,0.76972,0.76979,1.00,1.47
2016.09.13 13:34:51.746,0.76972,0.76979,1.00,1.57
2016.09.13 13:34:51.849,0.76972,0.76979,1.00,2.70
2016.09.13 13:34:52.021,0.76971,0.76977,1.00,1.10
2016.09.13 13:34:52.428,0.7697,0.76977,1.00,1.20
2016.09.13 13:34:52.479,0.7697,0.76977,1.00,1.95
2016.09.13 13:34:52.531,0.7697,0.76975,1.00,1.00
2016.09.13 13:34:53.123,0.76968,0.76973,1.00,1.00
2016.09.13 13:34:53.225,0.76968,0.76975,1.00,1.00
2016.09.13 13:34:53.276,0.76968,0.76975,1.00,1.00
2016.09.13 13:34:53.327,0.76968,0.76973,1.00,1.00
2016.09.13 13:34:53.638,0.76968,0.76974,1.00,1.10
2016.09.13 13:34:53.929,0.76968,0.76972,1.00,1.00
2016.09.13 13:34:56.066,0.76967,0.76971,1.00,1.00
2016.09.13 13:34:56.676,0.76967,0.76973,1.00,1.00
2016.09.13 13:34:56.984,0.76967,0.76974,1.00,1.00
2016.09.13 13:34:57.633,0.76965,0.76973,1.00,1.00
2016.09.13 13:34:57.685,0.76965,0.76973,1.50,1.37
2016.09.13 13:34:57.736,0.76965,0.76969,1.00,1.00
2016.09.13 13:34:57.788,0.76964,0.76969,1.00,1.12
2016.09.13 13:34:59.660,0.76965,0.76969,1.00,1.12
2016.09.13 13:34:59.711,0.76967,0.76971,1.00,1.50
2016.09.13 13:34:59.763,0.76966,0.76971,1.00,1.37
2016.09.13 13:34:59.969,0.76969,0.76974,1.00,1.00
2016.09.13 13:35:00.274,0.76969,0.76974,1.00,1.00
2016.09.13 13:35:00.833,0.76969,0.76977,1.00,3.07
2016.09.13 13:35:00.935,0.76969,0.76977,1.00,2.25
2016.09.13 13:35:00.986,0.76969,0.76977,1.00,1.87
2016.09.13 13:35:01.037,0.7697,0.76977,1.00,1.12
2016.09.13 13:35:01.110,0.76972,0.76978,1.00,2.25
2016.09.13 13:35:01.161,0.76972,0.76978,1.00,1.50
2016.09.13 13:35:01.212,0.76972,0.76978,1.00,1.12
2016.09.13 13:35:01.263,0.76972,0.76978,1.00,1.00
2016.09.13 13:35:01.941,0.76971,0.76975,1.00,1.00
2016.09.13 13:35:01.992,0.76968,0.76975,1.00,1.87
2016.09.13 13:35:02.043,0.76967,0.76972,1.00,1.50
2016.09.13 13:35:02.094,0.76966,0.7697,1.00,1.12
2016.09.13 13:35:02.145,0.76964,0.7697,1.50,1.12
2016.09.13 13:35:02.353,0.76964,0.76972,1.50,1.00
2016.09.13 13:35:02.405,0.76964,0.76971,1.50,1.50
2016.09.13 13:35:02.457,0.76966,0.76971,1.00,1.50
2016.09.13 13:35:02.508,0.76966,0.76971,1.00,1.87
2016.09.13 13:35:02.661,0.76966,0.76971,1.00,1.12
2016.09.13 13:35:02.814,0.76966,0.76971,1.00,1.50
2016.09.13 13:35:02.865,0.76966,0.7697,1.00,1.00
2016.09.13 13:35:02.916,0.76964,0.7697,1.00,1.00
2016.09.13 13:35:02.967,0.76964,0.7697,1.00,1.00
2016.09.13 13:35:03.018,0.76964,0.7697,1.00,1.50
2016.09.13 13:35:03.166,0.76963,0.7697,1.00,1.50
2016.09.13 13:35:03.218,0.76965,0.7697,1.00,1.50
2016.09.13 13:35:03.562,0.76961,0.76967,1.00,1.00
2016.09.13 13:35:03.967,0.7696,0.76964,1.25,1.00
2016.09.13 13:35:04.019,0.7696,0.76964,1.00,1.00
2016.09.13 13:35:04.070,0.76958,0.76962,1.50,1.00
2016.09.13 13:35:04.122,0.76956,0.76961,1.65,1.00
2016.09.13 13:35:04.224,0.76956,0.76961,1.10,1.00
2016.09.13 13:35:04.275,0.76956,0.76961,1.00,1.00
2016.09.13 13:35:04.705,0.76956,0.76962,1.00,1.00
2016.09.13 13:35:05.040,0.76955,0.76959,1.00,1.00
2016.09.13 13:35:05.091,0.76954,0.76962,1.00,1.00
2016.09.13 13:35:05.142,0.76954,0.76958,1.00,1.00
2016.09.13 13:35:05.295,0.76953,0.76958,1.00,1.00
2016.09.13 13:35:05.347,0.76951,0.76956,1.01,1.00
2016.09.13 13:35:05.501,0.76951,0.76956,1.00,1.00
2016.09.13 13:35:05.554,0.76951,0.76956,1.00,1.00
2016.09.13 13:35:06.064,0.76951,0.76957,1.00,1.00
2016.09.13 13:35:06.952,0.76951,0.76955,1.00,1.00
2016.09.13 13:35:07.198,0.76949,0.76955,1.50,1.00
2016.09.13 13:35:07.504,0.76949,0.76954,1.00,1.00
2016.09.13 13:35:08.047,0.76948,0.76954,1.00,1.00
2016.09.13 13:35:08.353,0.76947,0.76952,1.00,1.00
2016.09.13 13:35:08.773,0.76947,0.76952,1.00,1.50
2016.09.13 13:35:08.824,0.76944,0.76952,2.81,1.50
2016.09.13 13:35:08.926,0.76944,0.7695,1.25,1.00
2016.09.13 13:35:08.977,0.76944,0.76948,1.00,1.00
2016.09.13 13:35:09.029,0.76942,0.76947,2.62,1.00
2016.09.13 13:35:09.080,0.76942,0.76947,2.25,1.00
2016.09.13 13:35:09.223,0.76942,0.76947,1.87,1.00
2016.09.13 13:35:09.275,0.7694,0.76947,1.12,1.00
2016.09.13 13:35:09.428,0.7694,0.76948,2.25,1.00
2016.09.13 13:35:09.530,0.7694,0.76948,2.62,1.00
2016.09.13 13:35:09.942,0.7694,0.76948,2.25,1.00
2016.09.13 13:35:10.165,0.76939,0.76947,2.89,1.00
2016.09.13 13:35:10.217,0.76939,0.76947,1.76,1.00
2016.09.13 13:35:10.268,0.76939,0.76947,1.69,1.00
2016.09.13 13:35:10.574,0.76939,0.76946,1.25,1.00
2016.09.13 13:35:10.625,0.76939,0.76945,1.00,1.00
2016.09.13 13:35:10.816,0.76938,0.76946,1.00,1.00
2016.09.13 13:35:11.129,0.76938,0.76944,1.50,1.00
2016.09.13 13:35:11.234,0.76938,0.76944,1.00,1.00
2016.09.13 13:35:11.656,0.76938,0.76946,1.00,1.50
2016.09.13 13:35:11.708,0.76938,0.76946,1.00,1.00
2016.09.13 13:35:11.759,0.76938,0.76947,1.00,1.00
2016.09.13 13:35:11.862,0.76939,0.76948,1.50,1.00
2016.09.13 13:35:11.914,0.76939,0.76948,1.87,1.00
2016.09.13 13:35:11.965,0.7694,0.76948,1.12,1.00
2016.09.13 13:35:12.016,0.76942,0.76948,1.00,1.00
2016.09.13 13:35:12.446,0.76941,0.76948,1.50,1.00
2016.09.13 13:35:12.649,0.76941,0.76948,1.00,1.00
2016.09.13 13:35:12.751,0.7694,0.76948,1.00,1.00
2016.09.13 13:35:13.273,0.76939,0.76947,1.00,1.00
2016.09.13 13:35:13.952,0.7694,0.76947,1.00,1.00
2016.09.13 13:35:14.695,0.76939,0.76947,1.50,1.00
2016.09.13 13:35:15.331,0.76938,0.76946,1.00,1.00
2016.09.13 13:35:15.596,0.76933,0.76938,3.19,1.00
2016.09.13 13:35:15.647,0.76933,0.76938,1.22,1.12
2016.09.13 13:35:15.705,0.76931,0.76937,1.37,1.00
2016.09.13 13:35:15.757,0.76931,0.76936,1.00,1.00
2016.09.13 13:35:15.866,0.76929,0.76935,1.25,1.00
2016.09.13 13:35:16.125,0.76929,0.76935,1.00,1.00
2016.09.13 13:35:16.222,0.76926,0.76934,1.50,1.00
2016.09.13 13:35:16.324,0.76926,0.76932,1.00,1.00
2016.09.13 13:35:16.375,0.76925,0.76932,1.00,1.00
2016.09.13 13:35:16.427,0.76924,0.76932,1.47,1.00
2016.09.13 13:35:16.479,0.76924,0.76932,1.37,1.00
2016.09.13 13:35:16.531,0.76924,0.76932,1.00,1.00
2016.09.13 13:35:16.874,0.76924,0.7693,1.00,1.00
2016.09.13 13:35:17.079,0.76924,0.76933,1.00,1.00
2016.09.13 13:35:17.136,0.76923,0.76932,4.69,1.00
2016.09.13 13:35:17.440,0.76924,0.76932,1.01,1.00
2016.09.13 13:35:17.491,0.76925,0.76934,2.25,1.00
2016.09.13 13:35:17.543,0.76925,0.76934,2.44,1.00
2016.09.13 13:35:17.594,0.76925,0.76934,2.81,1.00
2016.09.13 13:35:17.646,0.76925,0.76934,3.56,1.00
2016.09.13 13:35:17.697,0.76925,0.76934,3.19,1.00
2016.09.13 13:35:17.748,0.76925,0.76934,2.44,1.00
2016.09.13 13:35:17.851,0.76925,0.76934,3.19,1.00
2016.09.13 13:35:17.917,0.76925,0.76934,3.56,1.00
2016.09.13 13:35:18.158,0.76927,0.76934,1.12,1.00
2016.09.13 13:35:18.214,0.76927,0.76934,1.00,1.00
2016.09.13 13:35:18.265,0.76927,0.76934,1.50,1.00
2016.09.13 13:35:18.316,0.76928,0.76934,1.00,1.00
2016.09.13 13:35:18.470,0.76928,0.76934,1.37,1.00
2016.09.13 13:35:18.624,0.76928,0.76934,1.12,1.00
2016.09.13 13:35:18.675,0.76927,0.76936,1.87,1.00
2016.09.13 13:35:18.843,0.76927,0.76936,2.25,1.00
2016.09.13 13:35:18.894,0.76928,0.76936,1.12,1.00
2016.09.13 13:35:18.997,0.76928,0.76936,2.25,1.00
2016.09.13 13:35:19.048,0.76929,0.76936,1.00,1.00
2016.09.13 13:35:19.099,0.76929,0.76937,1.00,1.00
2016.09.13 13:35:19.637,0.76928,0.76937,2.06,1.00
2016.09.13 13:35:19.740,0.76928,0.76937,1.25,1.00
2016.09.13 13:35:19.948,0.76928,0.76934,1.25,1.00
2016.09.13 13:35:20.101,0.76927,0.76935,1.31,1.00
2016.09.13 13:35:20.152,0.76927,0.76934,1.19,1.00
2016.09.13 13:35:20.203,0.76927,0.76934,1.19,1.00
2016.09.13 13:35:20.357,0.76926,0.76934,1.39,1.00
2016.09.13 13:35:20.408,0.76926,0.76934,1.31,1.00
2016.09.13 13:35:20.730,0.76924,0.76933,1.39,1.00
2016.09.13 13:35:20.885,0.76924,0.76933,1.29,1.00
2016.09.13 13:35:21.154,0.76925,0.76931,1.00,1.00
2016.09.13 13:35:21.256,0.76925,0.76931,1.12,1.00
2016.09.13 13:35:21.492,0.76924,0.76931,1.69,1.00
2016.09.13 13:35:21.930,0.76924,0.76931,1.50,1.00
2016.09.13 13:35:22.277,0.76922,0.7693,2.44,1.00
2016.09.13 13:35:22.341,0.76922,0.7693,2.06,1.00
2016.09.13 13:35:22.393,0.76922,0.7693,1.87,1.00
2016.09.13 13:35:22.723,0.76922,0.76929,1.12,1.00
2016.09.13 13:35:23.369,0.76921,0.76929,1.37,1.00
2016.09.13 13:35:23.471,0.7692,0.76927,2.25,1.00
2016.09.13 13:35:23.522,0.7692,0.76926,1.50,1.00
2016.09.13 13:35:23.573,0.76919,0.76926,1.20,1.00
2016.09.13 13:35:23.636,0.76917,0.76926,2.14,1.00
2016.09.13 13:35:23.921,0.76917,0.76924,2.04,1.00
2016.09.13 13:35:23.972,0.76917,0.76924,1.66,1.00
2016.09.13 13:35:24.140,0.76918,0.76924,2.06,1.00
2016.09.13 13:35:24.192,0.76918,0.76924,1.69,1.00
2016.09.13 13:35:24.243,0.76919,0.76924,1.00,1.00
2016.09.13 13:35:24.295,0.76919,0.76926,1.00,1.00
2016.09.13 13:35:25.393,0.76919,0.76928,1.00,1.12
2016.09.13 13:35:25.445,0.76918,0.76928,1.50,1.00
2016.09.13 13:35:25.496,0.76918,0.76928,1.50,1.00
2016.09.13 13:35:25.547,0.76918,0.7693,2.25,1.47
2016.09.13 13:35:25.598,0.76918,0.7693,3.00,1.00
2016.09.13 13:35:25.650,0.76921,0.76931,1.00,2.40
2016.09.13 13:35:25.803,0.76921,0.76931,1.00,1.65
2016.09.13 13:35:25.905,0.76921,0.76931,1.00,1.20
2016.09.13 13:35:26.080,0.76921,0.76932,1.69,1.57
2016.09.13 13:35:26.160,0.76921,0.76932,1.69,1.10
2016.09.13 13:35:26.211,0.76921,0.76931,1.69,1.00
2016.09.13 13:35:26.262,0.7692,0.7693,4.31,1.00
2016.09.13 13:35:26.365,0.7692,0.7693,2.44,1.00
2016.09.13 13:35:26.416,0.7692,0.7693,2.44,1.00
2016.09.13 13:35:26.468,0.7692,0.7693,2.06,1.00
2016.09.13 13:35:26.570,0.76919,0.76929,2.06,1.00
2016.09.13 13:35:26.621,0.76919,0.76927,2.06,1.00
2016.09.13 13:35:26.784,0.76916,0.76923,1.69,1.00
2016.09.13 13:35:26.835,0.76915,0.76923,2.89,1.00
2016.09.13 13:35:26.886,0.76916,0.76923,1.00,1.00
2016.09.13 13:35:26.990,0.76915,0.76927,1.95,1.87
2016.09.13 13:35:27.041,0.76916,0.76927,1.12,1.87
2016.09.13 13:35:27.093,0.76916,0.76927,1.94,1.00
2016.09.13 13:35:27.144,0.76916,0.76927,1.94,1.00
2016.09.13 13:35:27.196,0.76918,0.76929,1.37,1.20
2016.09.13 13:35:27.247,0.76922,0.7693,1.00,1.20
2016.09.13 13:35:27.299,0.76922,0.76931,1.50,2.25
2016.09.13 13:35:27.496,0.76922,0.76929,1.50,1.00
2016.09.13 13:35:27.552,0.76919,0.76929,3.90,1.00
2016.09.13 13:35:27.654,0.76918,0.76928,2.32,1.00
2016.09.13 13:35:27.706,0.76918,0.76928,1.95,1.00
2016.09.13 13:35:27.809,0.76918,0.76928,1.87,1.00
2016.09.13 13:35:28.199,0.76918,0.76928,1.37,1.00
2016.09.13 13:35:28.250,0.76918,0.76929,1.37,1.10
2016.09.13 13:35:28.404,0.76918,0.76929,1.37,1.10
2016.09.13 13:35:28.455,0.7692,0.7693,1.00,3.37
2016.09.13 13:35:28.557,0.7692,0.7693,1.00,2.32
2016.09.13 13:35:28.627,0.7692,0.7693,1.00,1.95
2016.09.13 13:35:28.679,0.7692,0.7693,1.50,1.95
2016.09.13 13:35:28.792,0.7692,0.7693,1.50,2.70
2016.09.13 13:35:28.928,0.76919,0.7693,2.44,2.70
2016.09.13 13:35:29.049,0.7692,0.7693,1.12,2.70
2016.09.13 13:35:29.100,0.7692,0.76929,1.12,1.10
2016.09.13 13:35:29.202,0.7692,0.76929,1.12,1.57
2016.09.13 13:35:29.253,0.76917,0.76928,3.56,1.50
2016.09.13 13:35:29.304,0.76917,0.76928,3.19,1.50
2016.09.13 13:35:29.360,0.76917,0.76927,1.69,1.10
2016.09.13 13:35:29.462,0.76917,0.76928,2.44,2.32
2016.09.13 13:35:29.513,0.76917,0.76928,2.44,1.57
2016.09.13 13:35:29.681,0.76917,0.76928,2.44,1.27
2016.09.13 13:35:29.740,0.76917,0.76928,2.44,1.20
2016.09.13 13:35:30.099,0.76917,0.76928,1.69,1.20
2016.09.13 13:35:30.254,0.76918,0.76928,1.37,1.20
2016.09.13 13:35:30.586,0.76917,0.76928,2.44,1.20
2016.09.13 13:35:30.799,0.76917,0.76928,2.44,1.95
2016.09.13 13:35:30.901,0.76917,0.76928,1.31,2.32
2016.09.13 13:35:31.003,0.76917,0.76928,1.31,1.95
2016.09.13 13:35:31.054,0.76918,0.76928,1.37,1.20
2016.09.13 13:35:31.105,0.76918,0.76929,1.50,2.62
2016.09.13 13:35:31.280,0.76918,0.76929,1.50,2.25
2016.09.13 13:35:31.332,0.76917,0.76927,1.00,1.57
2016.09.13 13:35:31.383,0.76916,0.76927,1.12,1.95
2016.09.13 13:35:31.434,0.76916,0.76927,1.12,2.02
2016.09.13 13:35:31.485,0.76916,0.76927,1.50,2.40
2016.09.13 13:35:31.608,0.76916,0.76927,1.50,1.27
2016.09.13 13:35:31.659,0.76916,0.76927,1.50,1.27
2016.09.13 13:35:31.812,0.76916,0.76927,1.50,1.27
2016.09.13 13:35:31.863,0.76916,0.76928,2.25,3.00
2016.09.13 13:35:31.914,0.76916,0.76927,2.25,1.27
2016.09.13 13:35:32.128,0.76915,0.76925,1.37,1.10
2016.09.13 13:35:32.179,0.76912,0.76924,5.25,1.00
2016.09.13 13:35:32.230,0.76912,0.76924,4.12,1.12
2016.09.13 13:35:32.282,0.76912,0.76924,1.87,3.00
2016.09.13 13:35:32.333,0.76912,0.76921,1.87,1.00
2016.09.13 13:35:32.385,0.76912,0.76921,1.37,1.12
2016.09.13 13:35:32.441,0.76912,0.7692,1.37,1.00
2016.09.13 13:35:32.493,0.76909,0.7692,3.00,1.12
2016.09.13 13:35:32.549,0.76909,0.76921,2.25,2.25
2016.09.13 13:35:32.601,0.76909,0.7692,1.00,4.20
2016.09.13 13:35:32.736,0.76908,0.76919,1.00,1.12
2016.09.13 13:35:32.792,0.76908,0.76919,1.12,1.10
2016.09.13 13:35:32.906,0.76908,0.7692,1.12,2.70
2016.09.13 13:35:32.957,0.76908,0.7692,1.12,2.32
2016.09.13 13:35:33.058,0.76909,0.7692,1.00,2.32
2016.09.13 13:35:33.600,0.76909,0.7692,1.00,1.95
2016.09.13 13:35:33.652,0.76909,0.7692,1.00,1.57
2016.09.13 13:35:33.703,0.76909,0.7692,1.00,2.32
2016.09.13 13:35:33.754,0.76909,0.7692,1.00,2.70
2016.09.13 13:35:33.914,0.76909,0.76919,1.00,1.10
2016.09.13 13:35:34.380,0.76908,0.76919,1.50,1.95
2016.09.13 13:35:34.431,0.76908,0.76918,1.50,1.00
2016.09.13 13:35:34.483,0.76907,0.76918,2.62,1.00
2016.09.13 13:35:34.636,0.76907,0.76918,1.50,1.00
2016.09.13 13:35:34.687,0.76912,0.76919,1.00,1.20
2016.09.13 13:35:34.738,0.76912,0.76921,1.00,4.57
2016.09.13 13:35:34.790,0.7691,0.76921,1.50,1.95
2016.09.13 13:35:34.841,0.7691,0.76921,1.50,1.57
2016.09.13 13:35:34.892,0.76911,0.76921,1.50,1.00
2016.09.13 13:35:34.943,0.76911,0.76919,1.50,1.00
2016.09.13 13:35:35.127,0.7691,0.76921,1.50,1.00
2016.09.13 13:35:35.178,0.76912,0.76921,1.12,1.00
2016.09.13 13:35:35.280,0.76911,0.76921,1.37,1.00
2016.09.13 13:35:35.332,0.76911,0.76919,1.37,1.00
2016.09.13 13:35:35.487,0.7691,0.76919,2.25,1.00
2016.09.13 13:35:35.589,0.76909,0.76917,1.50,1.00
2016.09.13 13:35:35.758,0.76909,0.76919,1.50,1.00
2016.09.13 13:35:35.811,0.76909,0.76918,1.12,1.00
2016.09.13 13:35:36.018,0.76909,0.76916,1.12,1.00
2016.09.13 13:35:36.070,0.76906,0.76916,1.12,1.50
2016.09.13 13:35:36.121,0.76905,0.76915,4.87,1.12
2016.09.13 13:35:36.179,0.76905,0.76915,1.75,1.20
2016.09.13 13:35:36.230,0.76905,0.76916,1.12,2.25
2016.09.13 13:35:36.282,0.76904,0.76915,1.50,1.45
2016.09.13 13:35:36.475,0.76905,0.76914,1.00,1.20
2016.09.13 13:35:36.631,0.76905,0.76914,1.00,1.10
2016.09.13 13:35:36.733,0.76904,0.76914,1.00,1.00
2016.09.13 13:35:36.836,0.76904,0.76914,1.00,1.12
2016.09.13 13:35:36.938,0.76904,0.76915,1.00,4.20
2016.09.13 13:35:36.990,0.76907,0.76915,1.00,1.95
2016.09.13 13:35:37.041,0.76907,0.76915,1.00,1.47
2016.09.13 13:35:37.092,0.76907,0.76916,1.00,1.20
2016.09.13 13:35:37.266,0.7691,0.76917,3.37,1.37
2016.09.13 13:35:37.323,0.76912,0.76922,1.37,1.75
2016.09.13 13:35:37.375,0.76912,0.76922,1.50,1.00
2016.09.13 13:35:37.427,0.76912,0.76922,2.32,1.00
2016.09.13 13:35:37.478,0.76912,0.76922,3.82,1.00
2016.09.13 13:35:37.580,0.76912,0.76924,4.20,1.00
2016.09.13 13:35:38.160,0.76912,0.76924,3.45,1.00
2016.09.13 13:35:38.211,0.76913,0.76924,1.87,1.00
2016.09.13 13:35:38.263,0.76913,0.76924,1.87,1.00
2016.09.13 13:35:38.314,0.76914,0.76925,1.00,1.25
2016.09.13 13:35:38.416,0.76914,0.76925,1.20,1.31
2016.09.13 13:35:38.467,0.76914,0.76925,2.14,1.12
2016.09.13 13:35:38.519,0.76914,0.76926,2.14,1.20
2016.09.13 13:35:38.649,0.76914,0.76926,2.89,1.20
2016.09.13 13:35:38.701,0.76915,0.76926,1.31,1.10
2016.09.13 13:35:38.752,0.76915,0.76926,2.06,1.10
2016.09.13 13:35:39.059,0.76915,0.76928,2.06,2.25
2016.09.13 13:35:39.320,0.76915,0.76928,2.44,2.25
2016.09.13 13:35:39.479,0.76915,0.76927,2.06,1.20
2016.09.13 13:35:39.633,0.76915,0.76927,2.06,1.07
2016.09.13 13:35:39.684,0.76917,0.76927,1.00,2.32
2016.09.13 13:35:40.092,0.76915,0.76927,2.06,2.32
2016.09.13 13:35:40.295,0.76915,0.76927,1.31,2.32
2016.09.13 13:35:40.447,0.76915,0.76927,2.06,2.70
2016.09.13 13:35:40.549,0.76915,0.76927,2.06,2.70
2016.09.13 13:35:40.600,0.76915,0.76923,1.31,1.00
2016.09.13 13:35:40.651,0.76915,0.76923,1.12,2.62
2016.09.13 13:35:40.702,0.76913,0.7692,1.37,1.00
2016.09.13 13:35:40.754,0.76912,0.7692,1.00,1.12
2016.09.13 13:35:40.805,0.76908,0.76917,1.50,1.12
2016.09.13 13:35:40.857,0.76908,0.76917,1.12,1.50
2016.09.13 13:35:40.908,0.76906,0.76917,4.31,1.07
2016.09.13 13:35:40.959,0.76906,0.76918,3.19,1.87
2016.09.13 13:35:41.012,0.76906,0.76918,2.06,1.87
2016.09.13 13:35:41.063,0.76906,0.76918,1.31,1.87
2016.09.13 13:35:41.114,0.76906,0.76918,2.06,1.57
2016.09.13 13:35:41.288,0.76906,0.76918,3.94,1.10
2016.09.13 13:35:41.339,0.76906,0.76918,2.81,1.10
2016.09.13 13:35:41.391,0.76906,0.76918,2.44,1.10
2016.09.13 13:35:41.635,0.76908,0.76918,1.00,1.10
2016.09.13 13:35:41.686,0.76908,0.76918,1.00,1.00
2016.09.13 13:35:41.891,0.76908,0.76917,1.50,1.00
2016.09.13 13:35:41.942,0.76908,0.76918,1.50,1.50
2016.09.13 13:35:42.080,0.76908,0.76918,1.50,2.25
2016.09.13 13:35:42.132,0.76908,0.76918,1.00,2.32
2016.09.13 13:35:42.184,0.76908,0.76918,1.00,1.57
2016.09.13 13:35:42.236,0.76908,0.76918,1.00,1.20
2016.09.13 13:35:42.339,0.76908,0.76918,1.00,1.00
2016.09.13 13:35:42.390,0.76908,0.76918,1.19,1.12
2016.09.13 13:35:42.442,0.7691,0.76917,1.31,1.00
2016.09.13 13:35:42.493,0.7691,0.76916,1.69,1.00
2016.09.13 13:35:42.544,0.76911,0.76916,1.00,1.00
2016.09.13 13:35:42.697,0.7691,0.76915,1.12,1.00
2016.09.13 13:35:42.846,0.7691,0.76915,1.00,1.00
2016.09.13 13:35:42.899,0.76907,0.76915,1.25,1.00
2016.09.13 13:35:42.951,0.76907,0.76915,1.69,1.00
2016.09.13 13:35:43.002,0.76907,0.76915,2.06,1.00
2016.09.13 13:35:43.053,0.76908,0.76915,1.00,1.00
2016.09.13 13:35:43.155,0.76907,0.76914,2.44,1.00
2016.09.13 13:35:43.207,0.76907,0.76914,2.06,1.00
2016.09.13 13:35:43.259,0.76907,0.76914,2.14,1.00
2016.09.13 13:35:43.310,0.76908,0.76914,1.00,1.00
2016.09.13 13:35:44.308,0.76907,0.76914,1.25,1.00
2016.09.13 13:35:44.359,0.76907,0.76915,1.25,1.00
2016.09.13 13:35:44.410,0.76908,0.76916,1.50,1.00
2016.09.13 13:35:44.462,0.76908,0.76917,4.12,1.00
2016.09.13 13:35:44.644,0.76912,0.76917,1.12,1.00
2016.09.13 13:35:44.696,0.76915,0.76919,1.00,1.00
2016.09.13 13:35:44.801,0.76915,0.76924,1.00,2.25
2016.09.13 13:35:44.853,0.76915,0.76924,1.00,1.87
2016.09.13 13:35:44.904,0.76915,0.76924,1.00,1.00
2016.09.13 13:35:44.956,0.76915,0.76925,1.00,2.25
2016.09.13 13:35:45.007,0.76915,0.76925,1.00,3.00
2016.09.13 13:35:45.059,0.76915,0.76925,1.00,2.25
2016.09.13 13:35:45.355,0.76915,0.76925,1.25,1.50
2016.09.13 13:35:45.407,0.76915,0.76927,1.25,3.15
2016.09.13 13:35:45.461,0.76915,0.76927,1.25,3.45
2016.09.13 13:35:45.512,0.76915,0.76926,1.25,1.47
2016.09.13 13:35:45.563,0.76915,0.76927,1.31,2.62
2016.09.13 13:35:45.615,0.76915,0.76927,2.06,1.87
2016.09.13 13:35:45.666,0.76917,0.76927,1.22,1.50
2016.09.13 13:35:45.717,0.76918,0.76929,1.10,1.87
2016.09.13 13:35:45.768,0.76918,0.76929,1.10,2.25
2016.09.13 13:35:45.819,0.76918,0.76929,1.10,1.00
2016.09.13 13:35:45.870,0.76918,0.76928,1.57,1.00
2016.09.13 13:35:46.055,0.76918,0.76928,1.10,1.12
2016.09.13 13:35:46.106,0.76917,0.76928,2.89,1.12
2016.09.13 13:35:46.158,0.76917,0.76928,2.51,1.50
2016.09.13 13:35:46.209,0.76917,0.76928,2.14,1.00
2016.09.13 13:35:46.260,0.76917,0.76928,2.14,2.25
2016.09.13 13:35:46.311,0.76917,0.76928,2.06,2.62
2016.09.13 13:35:46.362,0.76917,0.76926,2.06,1.12
2016.09.13 13:35:46.413,0.76917,0.76926,1.31,1.12
2016.09.13 13:35:46.516,0.76916,0.76926,1.19,1.12
2016.09.13 13:35:46.618,0.76916,0.76926,1.19,1.12
2016.09.13 13:35:46.900,0.76916,0.76926,1.19,1.00
2016.09.13 13:35:46.952,0.76916,0.76926,1.19,1.12
2016.09.13 13:35:47.005,0.76916,0.76926,1.25,1.12
2016.09.13 13:35:47.057,0.76916,0.76927,1.25,1.57
2016.09.13 13:35:47.108,0.76916,0.76927,1.31,1.95
2016.09.13 13:35:47.161,0.76916,0.76926,1.31,1.00
2016.09.13 13:35:47.212,0.76916,0.76926,1.25,1.12
2016.09.13 13:35:47.314,0.76917,0.76926,1.12,1.00
2016.09.13 13:35:47.691,0.76915,0.76927,3.26,1.00
2016.09.13 13:35:47.793,0.76917,0.76927,1.12,1.00
2016.09.13 13:35:47.845,0.76917,0.76927,1.00,1.00
2016.09.13 13:35:47.896,0.76916,0.76927,1.31,1.00
2016.09.13 13:35:47.947,0.76916,0.76927,1.69,1.00
2016.09.13 13:35:47.998,0.76916,0.76927,1.25,1.00
2016.09.13 13:35:48.102,0.76916,0.76927,2.44,1.00
2016.09.13 13:35:48.153,0.76917,0.76928,1.19,1.00
2016.09.13 13:35:48.204,0.7692,0.7693,1.00,1.57
2016.09.13 13:35:48.397,0.76922,0.76933,2.81,2.70
2016.09.13 13:35:48.449,0.76922,0.76934,2.81,1.20
2016.09.13 13:35:48.500,0.76923,0.76935,1.19,1.12
2016.09.13 13:35:48.552,0.76923,0.76935,1.56,1.82
2016.09.13 13:35:48.679,0.76923,0.76935,1.56,1.82
2016.09.13 13:35:48.730,0.76923,0.76936,2.89,2.62
2016.09.13 13:35:48.832,0.76924,0.76936,2.14,1.10
2016.09.13 13:35:48.884,0.76924,0.76937,2.51,1.57
2016.09.13 13:35:49.041,0.76924,0.76937,1.95,1.95
2016.09.13 13:35:49.093,0.76924,0.76937,2.14,1.87
2016.09.13 13:35:49.144,0.76924,0.76937,1.76,2.25
2016.09.13 13:35:49.195,0.76924,0.76936,1.76,1.95
2016.09.13 13:35:49.247,0.76924,0.76936,1.57,2.70
2016.09.13 13:35:49.298,0.76924,0.76936,1.00,2.32
2016.09.13 13:35:49.350,0.76924,0.76936,1.00,3.07
2016.09.13 13:35:49.402,0.76924,0.76936,1.00,3.45
2016.09.13 13:35:49.453,0.76924,0.76936,1.00,5.32
2016.09.13 13:35:49.504,0.76924,0.76933,1.00,1.00
2016.09.13 13:35:49.556,0.76924,0.76933,1.00,1.12
2016.09.13 13:35:49.607,0.76924,0.76932,1.00,1.00
2016.09.13 13:35:49.659,0.76924,0.76932,1.00,1.50
2016.09.13 13:35:49.821,0.76921,0.76931,1.00,1.12
2016.09.13 13:35:49.872,0.7692,0.76931,1.00,2.32
2016.09.13 13:35:49.923,0.7692,0.76931,1.00,2.70
2016.09.13 13:35:49.975,0.7692,0.76929,1.00,1.00
2016.09.13 13:35:50.353,0.7692,0.76926,1.00,1.00
2016.09.13 13:35:50.589,0.76917,0.76924,1.00,1.87
2016.09.13 13:35:50.641,0.76917,0.76923,1.00,1.50
2016.09.13 13:35:50.692,0.76915,0.76923,1.00,1.95
2016.09.13 13:35:50.743,0.76915,0.76924,1.00,3.00
2016.09.13 13:35:50.795,0.76915,0.76923,1.00,1.07
2016.09.13 13:35:50.846,0.76912,0.76923,1.00,1.20
2016.09.13 13:35:50.897,0.76912,0.76923,1.00,1.10
2016.09.13 13:35:50.949,0.76912,0.76923,1.00,1.47
2016.09.13 13:35:51.240,0.76913,0.76925,1.29,1.87
2016.09.13 13:35:51.293,0.76914,0.76925,1.00,2.25
2016.09.13 13:35:51.344,0.76914,0.76925,1.50,1.12
2016.09.13 13:35:51.497,0.76914,0.76925,1.50,1.00
2016.09.13 13:35:51.548,0.76914,0.76926,3.00,2.25
2016.09.13 13:35:51.599,0.76915,0.76927,1.00,3.37
2016.09.13 13:35:51.651,0.76917,0.76927,1.00,3.00
2016.09.13 13:35:51.991,0.76917,0.76926,1.00,1.87
2016.09.13 13:35:52.044,0.76917,0.76926,1.00,2.62
2016.09.13 13:35:52.095,0.76917,0.76921,1.00,1.87
2016.09.13 13:35:52.146,0.76915,0.76921,2.25,1.87
2016.09.13 13:35:52.197,0.76915,0.76922,1.50,1.87
2016.09.13 13:35:52.248,0.76914,0.76922,1.87,3.00
2016.09.13 13:35:52.299,0.76914,0.76921,1.37,2.70
2016.09.13 13:35:52.351,0.76913,0.76921,1.00,2.70
2016.09.13 13:35:52.452,0.76912,0.76921,1.00,3.45
2016.09.13 13:35:52.503,0.76912,0.76921,1.00,1.95
2016.09.13 13:35:52.682,0.76913,0.76922,1.00,1.20
2016.09.13 13:35:52.733,0.76914,0.76923,1.25,1.12
2016.09.13 13:35:52.784,0.76914,0.76925,1.25,3.07
2016.09.13 13:35:52.835,0.76914,0.76926,1.69,1.50
2016.09.13 13:35:52.938,0.76914,0.76926,2.06,1.50
2016.09.13 13:35:52.989,0.76914,0.76926,2.06,1.45
2016.09.13 13:35:53.040,0.76914,0.76926,1.31,1.82
2016.09.13 13:35:53.142,0.76914,0.76926,1.31,1.45
2016.09.13 13:35:53.193,0.76914,0.76926,1.31,3.00
2016.09.13 13:35:53.244,0.76915,0.76926,1.00,3.00
2016.09.13 13:35:53.560,0.76915,0.76926,1.00,1.45
2016.09.13 13:35:53.634,0.76915,0.76926,1.00,3.00
2016.09.13 13:35:53.737,0.76915,0.76926,2.44,1.45
2016.09.13 13:35:53.789,0.76915,0.76927,3.19,1.85
2016.09.13 13:35:53.840,0.76917,0.76928,1.25,1.87
2016.09.13 13:35:53.891,0.76917,0.76928,1.25,1.20
2016.09.13 13:35:53.943,0.76917,0.76929,1.31,3.00
2016.09.13 13:35:53.994,0.76917,0.76929,1.31,2.62
2016.09.13 13:35:54.045,0.76917,0.76929,1.69,2.62
2016.09.13 13:35:54.097,0.76918,0.76929,1.12,2.62
2016.09.13 13:35:54.386,0.76918,0.76929,1.00,2.62
2016.09.13 13:35:54.437,0.76918,0.76925,1.50,1.00
2016.09.13 13:35:54.540,0.76918,0.76922,1.00,1.00
2016.09.13 13:35:54.643,0.76917,0.76921,1.00,1.50
2016.09.13 13:35:54.745,0.76913,0.76924,1.00,4.20
2016.09.13 13:35:54.796,0.76913,0.76924,1.00,3.45
2016.09.13 13:35:54.848,0.76911,0.76923,1.69,1.45
2016.09.13 13:35:54.899,0.76911,0.76923,1.69,1.45
2016.09.13 13:35:54.951,0.76911,0.76923,2.44,1.07
2016.09.13 13:35:55.003,0.76911,0.76924,2.44,2.32
2016.09.13 13:35:55.237,0.76911,0.76924,2.81,2.32
2016.09.13 13:35:55.288,0.76911,0.76924,2.81,1.85
2016.09.13 13:35:55.409,0.76914,0.76924,1.00,1.85
2016.09.13 13:35:55.460,0.76914,0.76925,1.00,2.25
2016.09.13 13:35:55.511,0.76914,0.76925,1.00,3.00
2016.09.13 13:35:55.562,0.76914,0.76925,1.00,2.70
2016.09.13 13:35:55.617,0.76914,0.76925,1.00,2.32
2016.09.13 13:35:55.668,0.76914,0.76924,1.00,1.12
2016.09.13 13:35:55.952,0.76914,0.76925,1.00,2.32
2016.09.13 13:35:56.340,0.76914,0.76923,1.00,1.10
2016.09.13 13:35:56.444,0.76912,0.76923,2.44,1.10
2016.09.13 13:35:56.496,0.76912,0.76923,1.69,1.10
2016.09.13 13:35:56.547,0.76911,0.76923,4.01,1.57
2016.09.13 13:35:56.649,0.76911,0.76923,3.26,1.57
2016.09.13 13:35:56.751,0.76911,0.76923,2.89,1.57
2016.09.13 13:35:56.922,0.76911,0.76923,2.06,1.20
2016.09.13 13:35:56.973,0.76911,0.76923,2.06,1.20
2016.09.13 13:35:57.126,0.76911,0.76924,1.87,2.32
2016.09.13 13:35:57.228,0.76911,0.76924,1.87,1.57
2016.09.13 13:35:57.280,0.76911,0.76924,2.25,1.57
2016.09.13 13:35:57.331,0.76911,0.76924,2.62,1.57
2016.09.13 13:35:57.382,0.76911,0.76923,3.26,1.12
2016.09.13 13:35:57.433,0.76911,0.76923,3.34,1.10
2016.09.13 13:35:57.661,0.76911,0.76924,2.06,2.25
2016.09.13 13:35:57.713,0.76911,0.76924,2.06,2.62
2016.09.13 13:35:57.815,0.76911,0.76922,1.31,1.10
2016.09.13 13:35:57.866,0.76911,0.76922,1.31,1.10
2016.09.13 13:35:57.917,0.76911,0.76921,1.31,1.00
2016.09.13 13:35:57.968,0.76911,0.76921,1.62,1.12
2016.09.13 13:35:58.071,0.7691,0.76921,1.31,1.12
2016.09.13 13:35:58.834,0.76909,0.76921,2.81,2.25
2016.09.13 13:35:58.885,0.76909,0.76921,2.44,2.25
2016.09.13 13:35:58.937,0.76909,0.7692,2.06,1.47
2016.09.13 13:35:59.039,0.76909,0.76919,1.31,1.37
2016.09.13 13:35:59.273,0.76909,0.76919,1.56,1.00
2016.09.13 13:35:59.529,0.76909,0.7692,1.56,1.65
2016.09.13 13:35:59.581,0.76909,0.76919,1.56,1.37
2016.09.13 13:35:59.633,0.76908,0.76918,1.69,1.20
2016.09.13 13:35:59.684,0.76908,0.76918,1.69,1.47
2016.09.13 13:35:59.735,0.76908,0.76918,1.31,1.57
2016.09.13 13:35:59.786,0.76908,0.76918,1.25,1.95
2016.09.13 13:35:59.985,0.76907,0.76917,1.31,1.37
2016.09.13 13:36:00.037,0.76907,0.76916,1.31,1.00
2016.09.13 13:36:00.092,0.76907,0.76916,1.31,1.00
2016.09.13 13:36:00.143,0.76907,0.76917,1.31,3.00
2016.09.13 13:36:00.194,0.76907,0.76917,1.31,3.07
2016.09.13 13:36:00.246,0.76907,0.76917,1.31,1.57
2016.09.13 13:36:00.348,0.76905,0.76916,1.31,1.12
2016.09.13 13:36:00.681,0.76905,0.76916,1.69,1.12
2016.09.13 13:36:00.732,0.76905,0.76916,1.69,1.00
2016.09.13 13:36:00.835,0.76905,0.76916,1.69,1.00
2016.09.13 13:36:00.886,0.76905,0.76917,1.69,2.32
2016.09.13 13:36:00.937,0.76905,0.76917,1.31,2.32
2016.09.13 13:36:01.040,0.76905,0.76917,1.69,1.95
2016.09.13 13:36:01.146,0.76907,0.76917,1.25,1.47
2016.09.13 13:36:01.352,0.76907,0.76918,1.25,1.95
2016.09.13 13:36:01.405,0.76908,0.76919,1.12,1.10
2016.09.13 13:36:01.456,0.76908,0.76919,1.00,1.95
2016.09.13 13:36:01.507,0.76908,0.76919,1.00,2.25
2016.09.13 13:36:01.558,0.76907,0.76916,1.25,1.87
2016.09.13 13:36:01.610,0.76907,0.76916,1.25,1.87
2016.09.13 13:36:01.712,0.76906,0.76916,1.31,1.87
2016.09.13 13:36:02.591,0.76906,0.76914,1.31,1.87
2016.09.13 13:36:02.746,0.76906,0.76914,1.31,1.87
2016.09.13 13:36:02.797,0.76906,0.76914,1.31,2.62
2016.09.13 13:36:02.849,0.76905,0.7691,1.00,1.00
2016.09.13 13:36:02.997,0.76902,0.76909,1.50,1.87
2016.09.13 13:36:03.055,0.76898,0.76909,1.31,1.95
2016.09.13 13:36:03.107,0.76898,0.76908,1.31,1.87
2016.09.13 13:36:03.159,0.76898,0.76909,1.19,2.32
2016.09.13 13:36:03.210,0.76898,0.76909,1.19,1.57
2016.09.13 13:36:03.261,0.76897,0.7691,3.56,1.85
2016.09.13 13:36:03.313,0.76898,0.7691,1.29,1.85
2016.09.13 13:36:03.364,0.76898,0.7691,4.01,1.50
2016.09.13 13:36:03.416,0.76898,0.76911,3.26,4.12
2016.09.13 13:36:03.467,0.76898,0.7691,3.94,1.12
2016.09.13 13:36:03.518,0.76898,0.7691,5.44,1.12
2016.09.13 13:36:03.570,0.76899,0.7691,1.01,2.62
2016.09.13 13:36:03.634,0.76899,0.7691,1.76,2.62
2016.09.13 13:36:03.959,0.76899,0.7691,1.76,3.37
2016.09.13 13:36:04.026,0.76899,0.7691,2.51,2.62
2016.09.13 13:36:04.503,0.76899,0.7691,2.51,1.12
2016.09.13 13:36:04.813,0.76899,0.7691,2.51,1.87
2016.09.13 13:36:04.864,0.76899,0.76908,1.57,1.87
2016.09.13 13:36:04.916,0.76899,0.76908,1.50,3.00
2016.09.13 13:36:04.967,0.76898,0.76908,1.25,4.12
2016.09.13 13:36:05.018,0.76898,0.76908,1.25,4.20
2016.09.13 13:36:05.069,0.76895,0.76907,1.69,1.10
2016.09.13 13:36:05.120,0.76895,0.76907,1.69,1.10
2016.09.13 13:36:05.172,0.76895,0.76908,2.06,3.45
2016.09.13 13:36:05.223,0.76895,0.76908,3.56,1.95
2016.09.13 13:36:05.274,0.76896,0.76908,1.19,1.20
2016.09.13 13:36:05.325,0.76895,0.76908,3.56,1.20
2016.09.13 13:36:05.376,0.76896,0.76908,1.19,1.20
2016.09.13 13:36:05.427,0.76896,0.76908,1.31,1.20
2016.09.13 13:36:05.660,0.76896,0.76908,1.19,1.20
2016.09.13 13:36:05.930,0.76896,0.76908,1.19,1.95
2016.09.13 13:36:05.981,0.76896,0.76908,1.19,1.87
2016.09.13 13:36:06.223,0.76895,0.76908,2.51,1.87
2016.09.13 13:36:06.335,0.76896,0.76908,1.31,1.87
2016.09.13 13:36:06.438,0.76896,0.76908,1.69,1.87
2016.09.13 13:36:06.610,0.76896,0.76908,1.31,1.87
2016.09.13 13:36:06.661,0.76896,0.76908,1.31,1.50
2016.09.13 13:36:06.712,0.76896,0.76908,1.31,1.50
2016.09.13 13:36:06.815,0.76896,0.76908,1.31,1.87
2016.09.13 13:36:06.866,0.76896,0.76908,1.31,1.95
2016.09.13 13:36:06.918,0.76896,0.76908,1.31,3.45
2016.09.13 13:36:06.970,0.76896,0.76907,1.19,2.62
2016.09.13 13:36:07.021,0.76896,0.76907,1.19,2.62
2016.09.13 13:36:07.123,0.76896,0.76907,1.19,2.62
2016.09.13 13:36:07.175,0.76896,0.76907,1.19,1.37
2016.09.13 13:36:07.226,0.76896,0.76908,1.19,1.87
2016.09.13 13:36:07.278,0.76897,0.76908,1.69,1.87
2016.09.13 13:36:07.330,0.76897,0.76908,3.64,1.75
2016.09.13 13:36:07.383,0.769,0.76909,1.00,1.12
2016.09.13 13:36:07.530,0.769,0.7691,1.00,3.37
2016.09.13 13:36:07.582,0.76899,0.7691,1.50,3.00
2016.09.13 13:36:07.633,0.76899,0.7691,1.87,1.12
2016.09.13 13:36:07.685,0.76899,0.7691,2.62,1.00
2016.09.13 13:36:07.787,0.76899,0.76911,2.62,2.25
2016.09.13 13:36:07.839,0.76901,0.7691,1.00,1.12
2016.09.13 13:36:07.892,0.76901,0.7691,1.20,1.12
2016.09.13 13:36:07.943,0.76901,0.76911,1.20,1.37
2016.09.13 13:36:07.995,0.76901,0.76913,1.20,2.25
2016.09.13 13:36:08.047,0.76901,0.76913,1.20,1.50
2016.09.13 13:36:08.280,0.76904,0.76915,1.12,2.25
2016.09.13 13:36:08.331,0.76904,0.76917,1.12,4.20
2016.09.13 13:36:08.382,0.76904,0.76917,1.69,3.82
2016.09.13 13:36:08.433,0.76904,0.76916,1.69,1.10
2016.09.13 13:36:08.535,0.76904,0.76916,1.76,1.00
2016.09.13 13:36:08.586,0.76904,0.76917,1.76,3.00
2016.09.13 13:36:08.637,0.76906,0.76918,1.00,3.45
2016.09.13 13:36:08.739,0.76905,0.76918,1.20,2.62
2016.09.13 13:36:08.790,0.76905,0.76918,1.20,1.87
2016.09.13 13:36:09.008,0.76908,0.76919,3.19,1.87
2016.09.13 13:36:09.060,0.76909,0.76919,2.89,1.12
2016.09.13 13:36:09.113,0.76912,0.76919,1.00,1.12
2016.09.13 13:36:09.165,0.76912,0.7692,1.50,2.25
2016.09.13 13:36:09.216,0.76912,0.76921,1.95,1.87
2016.09.13 13:36:09.268,0.76912,0.76921,2.32,1.37
2016.09.13 13:36:09.319,0.76913,0.76922,1.47,1.00
2016.09.13 13:36:09.546,0.76914,0.76923,1.39,1.00
2016.09.13 13:36:09.606,0.76917,0.76923,1.00,1.00
2016.09.13 13:36:09.810,0.76917,0.76923,1.25,1.00
2016.09.13 13:36:11.071,0.76916,0.76924,1.19,1.00
2016.09.13 13:36:11.122,0.76916,0.76923,1.00,1.00
2016.09.13 13:36:11.224,0.76916,0.76923,1.00,1.12
2016.09.13 13:36:11.326,0.76916,0.76923,1.00,1.00
2016.09.13 13:36:11.481,0.76915,0.76921,1.00,1.00
2016.09.13 13:36:12.099,0.76914,0.76921,1.00,1.00
2016.09.13 13:36:12.151,0.76912,0.76921,2.44,1.12
2016.09.13 13:36:12.203,0.76914,0.76921,1.00,1.12
2016.09.13 13:36:12.255,0.76914,0.76921,1.00,1.00
2016.09.13 13:36:12.596,0.7691,0.76919,2.44,1.00
2016.09.13 13:36:12.649,0.7691,0.76919,2.44,1.00
2016.09.13 13:36:12.854,0.76913,0.76919,1.00,1.00
2016.09.13 13:36:13.163,0.76912,0.76921,1.69,1.00
2016.09.13 13:36:13.677,0.76912,0.76917,1.25,1.00
2016.09.13 13:36:13.729,0.76912,0.76917,1.00,1.00
2016.09.13 13:36:13.780,0.76912,0.76917,1.00,1.12
2016.09.13 13:36:13.831,0.76912,0.76917,1.00,1.20
2016.09.13 13:36:13.882,0.7691,0.76916,1.00,1.00
2016.09.13 13:36:13.984,0.76911,0.76917,1.00,1.10
2016.09.13 13:36:14.170,0.76911,0.76919,1.00,1.87
2016.09.13 13:36:14.222,0.76911,0.76919,1.50,1.00
2016.09.13 13:36:14.273,0.76912,0.7692,1.00,4.95
2016.09.13 13:36:14.375,0.76912,0.7692,1.00,3.82
2016.09.13 13:36:14.428,0.76912,0.76919,1.00,1.12
2016.09.13 13:36:14.480,0.76912,0.76918,1.00,1.12
2016.09.13 13:36:14.532,0.76912,0.76918,1.00,1.12
2016.09.13 13:36:15.073,0.76912,0.76918,1.00,1.00
2016.09.13 13:36:15.175,0.76912,0.76918,1.00,1.00
2016.09.13 13:36:15.277,0.76913,0.7692,1.00,2.32
2016.09.13 13:36:15.922,0.76913,0.7692,1.00,6.52
2016.09.13 13:36:15.974,0.76913,0.7692,1.00,4.65
2016.09.13 13:36:16.026,0.76909,0.76918,1.00,1.12
2016.09.13 13:36:16.078,0.76909,0.76916,1.00,2.62
2016.09.13 13:36:16.130,0.76909,0.76916,1.00,3.45
2016.09.13 13:36:16.182,0.76908,0.76914,1.50,1.12
2016.09.13 13:36:16.256,0.76908,0.76914,1.00,1.12
2016.09.13 13:36:16.461,0.76908,0.76914,1.00,1.37
2016.09.13 13:36:16.512,0.76908,0.76914,1.00,1.50
2016.09.13 13:36:16.563,0.76908,0.76915,1.00,4.20
2016.09.13 13:36:16.717,0.76908,0.76915,1.00,3.82
2016.09.13 13:36:16.820,0.7691,0.76915,1.00,3.07
2016.09.13 13:36:16.871,0.7691,0.76915,1.00,2.32
2016.09.13 13:36:17.024,0.7691,0.76915,1.00,1.95
2016.09.13 13:36:17.177,0.7691,0.76916,1.00,2.70
2016.09.13 13:36:17.332,0.76908,0.76915,1.00,1.20
2016.09.13 13:36:17.384,0.76909,0.76916,1.00,2.32
2016.09.13 13:36:17.435,0.76909,0.76915,1.00,1.10
2016.09.13 13:36:17.768,0.76909,0.76916,1.00,1.20
2016.09.13 13:36:17.872,0.76912,0.76918,1.00,2.25
2016.09.13 13:36:17.924,0.76913,0.76918,1.00,1.00
2016.09.13 13:36:17.976,0.76913,0.76918,1.00,1.37
2016.09.13 13:36:18.081,0.76915,0.7692,1.00,1.00
2016.09.13 13:36:18.403,0.76913,0.7692,1.00,1.20
2016.09.13 13:36:18.556,0.76914,0.76921,1.00,1.57
2016.09.13 13:36:18.689,0.76914,0.76921,1.00,1.20
2016.09.13 13:36:19.233,0.76914,0.76921,1.00,1.10
2016.09.13 13:36:19.335,0.76914,0.76921,1.00,1.00
2016.09.13 13:36:19.488,0.76912,0.76919,1.00,1.00
2016.09.13 13:36:19.590,0.76911,0.76918,1.50,1.00
2016.09.13 13:36:19.641,0.76911,0.76918,1.00,1.47
2016.09.13 13:36:19.693,0.76911,0.76918,1.00,1.57
2016.09.13 13:36:19.796,0.76913,0.76919,1.00,1.45
2016.09.13 13:36:19.950,0.76915,0.7692,1.00,1.50
2016.09.13 13:36:20.005,0.76914,0.76922,1.00,1.50
2016.09.13 13:36:20.109,0.76914,0.76922,1.00,3.00
2016.09.13 13:36:20.262,0.76914,0.76922,1.00,1.87
2016.09.13 13:36:20.526,0.76916,0.76923,1.00,1.95
2016.09.13 13:36:20.577,0.76917,0.76923,1.00,1.10
2016.09.13 13:36:20.628,0.76917,0.76924,1.00,3.07
2016.09.13 13:36:20.799,0.76917,0.76924,1.00,2.32
2016.09.13 13:36:20.850,0.76917,0.76924,1.00,1.95
2016.09.13 13:36:20.902,0.76916,0.76924,1.00,1.95
2016.09.13 13:36:20.954,0.76916,0.76924,1.00,3.00
2016.09.13 13:36:21.005,0.76916,0.76923,1.00,1.50
2016.09.13 13:36:21.158,0.76916,0.76921,1.00,1.00
2016.09.13 13:36:21.209,0.76915,0.76921,1.00,1.00
2016.09.13 13:36:21.600,0.76916,0.76922,1.00,1.12
2016.09.13 13:36:21.651,0.76915,0.76922,1.00,1.12
2016.09.13 13:36:21.702,0.76915,0.76922,1.00,1.00
2016.09.13 13:36:21.753,0.76915,0.76922,1.00,1.00
2016.09.13 13:36:21.957,0.76915,0.76922,1.00,1.00
2016.09.13 13:36:22.059,0.76915,0.76922,1.00,1.50
2016.09.13 13:36:22.110,0.76915,0.76922,1.00,1.00
2016.09.13 13:36:22.266,0.76915,0.76923,1.00,1.20
2016.09.13 13:36:22.322,0.76916,0.76923,1.00,1.10
2016.09.13 13:36:22.897,0.76916,0.76923,1.00,1.57
2016.09.13 13:36:22.948,0.76915,0.76923,1.00,2.32
2016.09.13 13:36:23.170,0.76915,0.76922,1.00,1.50
2016.09.13 13:36:23.221,0.76916,0.76922,1.00,1.00
2016.09.13 13:36:23.802,0.76916,0.76923,1.00,1.12
2016.09.13 13:36:24.059,0.76916,0.76924,1.00,2.25
2016.09.13 13:36:24.112,0.76916,0.76924,1.00,1.50
2016.09.13 13:36:24.164,0.76917,0.76925,1.00,2.02
2016.09.13 13:36:24.215,0.76917,0.76925,1.00,1.65
2016.09.13 13:36:24.317,0.76917,0.76925,1.00,1.27
2016.09.13 13:36:25.117,0.76917,0.76923,1.00,1.00
2016.09.13 13:36:25.219,0.76916,0.76922,1.00,1.12
2016.09.13 13:36:25.779,0.76917,0.76925,1.00,2.40
2016.09.13 13:36:25.881,0.76917,0.76925,1.00,1.95
2016.09.13 13:36:26.023,0.76917,0.76925,1.00,1.37
2016.09.13 13:36:26.076,0.76917,0.76925,1.00,1.12
2016.09.13 13:36:26.382,0.76919,0.76925,1.00,1.12
2016.09.13 13:36:26.484,0.76919,0.76926,1.00,2.32
2016.09.13 13:36:26.586,0.7692,0.76927,1.00,1.20
2016.09.13 13:36:26.637,0.76921,0.76926,1.00,1.10
2016.09.13 13:36:26.688,0.76922,0.76926,1.00,1.00
2016.09.13 13:36:26.825,0.76922,0.76929,1.00,3.07
2016.09.13 13:36:26.876,0.76925,0.76929,1.00,1.00
2016.09.13 13:36:27.082,0.76924,0.76931,1.00,1.65
2016.09.13 13:36:28.742,0.76926,0.76933,1.00,2.70
2016.09.13 13:36:28.793,0.76926,0.76933,1.00,2.32
2016.09.13 13:36:28.844,0.76926,0.76933,1.00,1.57
2016.09.13 13:36:29.063,0.76926,0.76932,1.00,1.12
2016.09.13 13:36:29.165,0.76925,0.76933,1.00,1.57
2016.09.13 13:36:29.318,0.76925,0.76934,1.00,2.25
2016.09.13 13:36:29.729,0.76927,0.76934,1.00,2.25
2016.09.13 13:36:30.384,0.76927,0.76934,1.00,1.87
2016.09.13 13:36:30.493,0.76928,0.76935,1.00,2.32
2016.09.13 13:36:30.544,0.76929,0.76935,1.00,1.00
2016.09.13 13:36:30.646,0.76929,0.76936,1.00,1.10
2016.09.13 13:36:31.192,0.7693,0.76937,1.00,3.00
2016.09.13 13:36:31.243,0.76931,0.76937,1.00,1.87
2016.09.13 13:36:31.295,0.76931,0.76937,1.00,1.12
2016.09.13 13:36:31.397,0.76933,0.7694,1.00,3.82
2016.09.13 13:36:31.448,0.76933,0.7694,1.00,1.57
2016.09.13 13:36:31.499,0.76933,0.7694,1.00,1.47
2016.09.13 13:36:31.552,0.76933,0.7694,1.00,1.10
2016.09.13 13:36:32.070,0.76934,0.7694,1.00,1.10
2016.09.13 13:36:32.666,0.76933,0.7694,1.00,1.10
2016.09.13 13:36:32.717,0.76934,0.7694,1.00,1.57
2016.09.13 13:36:33.023,0.76934,0.7694,1.00,1.10
2016.09.13 13:36:33.566,0.76934,0.76941,1.00,1.20
2016.09.13 13:36:33.742,0.76937,0.76942,1.00,1.00
2016.09.13 13:36:33.793,0.76937,0.76942,1.00,1.00
2016.09.13 13:36:33.844,0.76935,0.76942,1.00,1.00
2016.09.13 13:36:33.896,0.76937,0.76943,1.00,1.00
2016.09.13 13:36:33.947,0.76935,0.76943,1.00,1.12
2016.09.13 13:36:33.999,0.76935,0.76942,1.00,1.00
2016.09.13 13:36:34.051,0.76935,0.76942,1.00,1.10
2016.09.13 13:36:34.266,0.76935,0.76942,1.00,1.47
2016.09.13 13:36:34.625,0.76936,0.76942,1.00,1.95
2016.09.13 13:36:34.676,0.76935,0.76942,1.00,1.47
2016.09.13 13:36:34.727,0.76933,0.76942,1.00,2.62
2016.09.13 13:36:34.778,0.76933,0.76942,1.00,3.00
2016.09.13 13:36:34.830,0.76933,0.76939,1.00,1.00
2016.09.13 13:36:35.160,0.76934,0.76941,1.00,1.27
2016.09.13 13:36:35.212,0.76934,0.76941,1.00,2.02
2016.09.13 13:36:35.365,0.76934,0.76941,1.00,2.40
2016.09.13 13:36:35.520,0.76934,0.7694,1.00,1.37
2016.09.13 13:36:35.723,0.76934,0.7694,1.00,1.50
2016.09.13 13:36:35.775,0.76934,0.76939,1.00,1.00
2016.09.13 13:36:35.877,0.76934,0.7694,1.00,1.87
2016.09.13 13:36:35.928,0.76934,0.7694,1.00,1.37
2016.09.13 13:36:36.148,0.76934,0.7694,1.00,1.10
2016.09.13 13:36:36.505,0.76934,0.76941,1.00,1.20
2016.09.13 13:36:36.709,0.76935,0.76942,1.00,1.37
2016.09.13 13:36:36.840,0.76935,0.76943,1.00,3.45
2016.09.13 13:36:36.891,0.76938,0.76944,1.00,1.87
2016.09.13 13:36:36.994,0.76938,0.76944,1.00,1.50
2016.09.13 13:36:37.045,0.76937,0.76945,1.50,1.37
2016.09.13 13:36:37.097,0.76937,0.76946,1.50,1.47
2016.09.13 13:36:37.148,0.76936,0.76945,1.50,1.37
2016.09.13 13:36:37.252,0.76936,0.76943,1.00,1.37
2016.09.13 13:36:37.649,0.76937,0.76945,1.00,2.62
2016.09.13 13:36:37.701,0.76937,0.76945,1.00,1.50
2016.09.13 13:36:37.752,0.76938,0.76945,1.00,1.12
2016.09.13 13:36:37.803,0.76938,0.76945,1.00,1.00
2016.09.13 13:36:37.854,0.76938,0.76946,1.00,1.27
2016.09.13 13:36:38.008,0.76938,0.76946,1.00,1.37
2016.09.13 13:36:38.147,0.76938,0.76946,1.00,1.57
2016.09.13 13:36:38.555,0.76939,0.76946,1.00,1.50
2016.09.13 13:36:38.679,0.76939,0.76946,1.00,1.37
2016.09.13 13:36:38.731,0.76939,0.76946,1.00,1.12
2016.09.13 13:36:38.915,0.7694,0.76946,1.00,1.87
2016.09.13 13:36:39.221,0.76937,0.76944,1.00,1.12
2016.09.13 13:36:39.272,0.76937,0.76944,1.00,1.87
2016.09.13 13:36:39.324,0.76936,0.76943,1.00,1.37
2016.09.13 13:36:39.376,0.76935,0.76943,1.00,1.87
2016.09.13 13:36:39.428,0.76935,0.76943,1.00,3.00
2016.09.13 13:36:39.480,0.76935,0.76943,1.00,3.37
2016.09.13 13:36:39.531,0.76935,0.76943,1.00,4.50
2016.09.13 13:36:39.707,0.76935,0.76942,1.00,1.37
2016.09.13 13:36:39.758,0.76935,0.76942,1.00,1.87
2016.09.13 13:36:39.809,0.76935,0.76942,1.00,2.62
2016.09.13 13:36:39.962,0.76934,0.7694,1.25,1.37
2016.09.13 13:36:40.064,0.76933,0.7694,1.00,1.37
2016.09.13 13:36:40.115,0.76933,0.7694,1.00,1.50
2016.09.13 13:36:40.377,0.76933,0.76941,1.00,1.87
2016.09.13 13:36:40.552,0.76936,0.76941,1.00,1.37
2016.09.13 13:36:40.606,0.76935,0.76942,1.00,2.25
2016.09.13 13:36:40.657,0.76932,0.76941,1.69,1.37
2016.09.13 13:36:40.708,0.76932,0.76941,1.50,1.50
2016.09.13 13:36:40.759,0.76934,0.76939,1.00,1.37
2016.09.13 13:36:40.811,0.76934,0.76939,1.00,1.12
2016.09.13 13:36:40.862,0.76934,0.7694,1.00,1.87
2016.09.13 13:36:40.913,0.76934,0.7694,1.00,1.12
2016.09.13 13:36:40.965,0.76935,0.76941,1.00,1.50
2016.09.13 13:36:41.016,0.76935,0.76941,1.00,1.37
2016.09.13 13:36:41.067,0.76935,0.76942,1.00,1.50
2016.09.13 13:36:41.251,0.76936,0.76942,1.00,1.37
2016.09.13 13:36:41.321,0.76936,0.76943,1.00,2.32
2016.09.13 13:36:41.373,0.76936,0.76943,1.00,1.57
2016.09.13 13:36:41.526,0.76936,0.76943,1.00,1.47
2016.09.13 13:36:41.629,0.76936,0.76943,1.00,1.37
2016.09.13 13:36:41.782,0.76936,0.76944,1.00,1.87
2016.09.13 13:36:41.833,0.76936,0.76944,1.00,2.25
2016.09.13 13:36:41.884,0.76936,0.76944,1.00,3.00
2016.09.13 13:36:42.255,0.76936,0.76944,1.00,1.75
2016.09.13 13:36:42.306,0.76939,0.76944,1.00,1.00
2016.09.13 13:36:42.358,0.76939,0.76945,1.00,1.20
2016.09.13 13:36:42.409,0.76939,0.76947,1.00,2.40
2016.09.13 13:36:42.461,0.76939,0.76947,1.00,2.02
2016.09.13 13:36:42.512,0.76939,0.76947,1.00,1.50
2016.09.13 13:36:42.564,0.76939,0.76948,1.00,1.95
2016.09.13 13:36:42.852,0.7694,0.76948,1.00,1.57
2016.09.13 13:36:42.954,0.7694,0.76948,1.00,1.95
2016.09.13 13:36:43.710,0.7694,0.76948,1.00,2.70
2016.09.13 13:36:43.837,0.7694,0.76948,1.00,2.32
2016.09.13 13:36:43.939,0.7694,0.76948,1.00,1.12
2016.09.13 13:36:43.991,0.7694,0.76948,1.00,1.00
2016.09.13 13:36:44.042,0.76939,0.76948,1.00,2.25
2016.09.13 13:36:44.095,0.76939,0.76947,1.00,1.20
2016.09.13 13:36:44.146,0.76939,0.76946,1.00,1.37
2016.09.13 13:36:44.197,0.76939,0.76946,1.00,1.47
2016.09.13 13:36:44.575,0.76939,0.76947,1.00,2.32
2016.09.13 13:36:44.628,0.76939,0.76947,1.00,1.47
2016.09.13 13:36:44.679,0.7694,0.76948,1.00,1.50
2016.09.13 13:36:44.731,0.7694,0.76949,1.00,3.15
2016.09.13 13:36:44.783,0.76939,0.76948,1.00,1.12
2016.09.13 13:36:44.834,0.7694,0.76947,1.00,1.47
2016.09.13 13:36:44.937,0.76939,0.76947,1.50,1.20
2016.09.13 13:36:44.988,0.76939,0.76947,1.00,1.57
2016.09.13 13:36:45.389,0.76938,0.76946,1.00,2.32
2016.09.13 13:36:45.644,0.76937,0.76945,1.00,1.50
2016.09.13 13:36:46.165,0.76937,0.76945,1.00,1.87
2016.09.13 13:36:46.775,0.76937,0.76945,1.00,2.62
2016.09.13 13:36:46.826,0.76937,0.76944,1.00,1.45
2016.09.13 13:36:46.877,0.76936,0.76944,1.00,1.95
2016.09.13 13:36:47.082,0.76936,0.76943,1.00,1.47
2016.09.13 13:36:47.437,0.76936,0.76945,1.00,4.50
2016.09.13 13:36:47.488,0.76936,0.76945,1.00,4.12
2016.09.13 13:36:47.539,0.76936,0.76942,1.00,1.12
2016.09.13 13:36:47.641,0.76938,0.76944,1.00,2.32
2016.09.13 13:36:47.797,0.76939,0.76944,1.00,1.00
2016.09.13 13:36:47.848,0.76939,0.76947,1.00,2.32
2016.09.13 13:36:48.052,0.76939,0.76946,1.00,1.00
2016.09.13 13:36:48.154,0.76941,0.76947,1.00,1.20
2016.09.13 13:36:48.257,0.76941,0.76948,1.00,2.32
2016.09.13 13:36:48.309,0.76941,0.76948,1.00,1.57
2016.09.13 13:36:48.486,0.76941,0.76949,1.00,1.87
2016.09.13 13:36:48.537,0.76938,0.76946,1.00,1.37
2016.09.13 13:36:48.589,0.76938,0.76946,1.00,1.47
2016.09.13 13:36:48.640,0.76939,0.76947,1.00,2.70
2016.09.13 13:36:48.742,0.76938,0.76946,1.00,1.37
2016.09.13 13:36:48.844,0.76939,0.76948,1.00,5.32
2016.09.13 13:36:48.946,0.76941,0.76948,1.00,4.57
2016.09.13 13:36:49.090,0.76941,0.76948,1.00,2.70
2016.09.13 13:36:49.141,0.76941,0.76949,1.00,1.10
2016.09.13 13:36:49.294,0.76941,0.7695,1.00,2.70
2016.09.13 13:36:49.345,0.76941,0.7695,1.00,2.32
2016.09.13 13:36:49.552,0.76941,0.76949,1.00,1.10
2016.09.13 13:36:49.655,0.76941,0.7695,1.00,1.57
2016.09.13 13:36:49.949,0.76941,0.7695,1.00,1.95
2016.09.13 13:36:50.052,0.76941,0.76949,1.00,1.10
2016.09.13 13:36:50.105,0.76941,0.76949,1.00,1.47
2016.09.13 13:36:50.360,0.76941,0.76949,1.00,1.57
2016.09.13 13:36:50.848,0.76942,0.76948,1.00,1.12
2016.09.13 13:36:50.899,0.7694,0.76949,1.00,2.70
2016.09.13 13:36:50.950,0.7694,0.76948,1.00,2.25
2016.09.13 13:36:51.001,0.7694,0.76948,1.00,2.62
2016.09.13 13:36:51.052,0.76941,0.76947,1.00,1.87
2016.09.13 13:36:51.103,0.76939,0.76947,1.00,1.50
2016.09.13 13:36:51.154,0.76939,0.76946,1.00,1.12
2016.09.13 13:36:51.205,0.76938,0.76946,1.00,1.20
2016.09.13 13:36:51.256,0.76938,0.76945,1.00,1.00
2016.09.13 13:36:51.337,0.76939,0.76945,1.00,1.37
2016.09.13 13:36:51.515,0.76936,0.76942,1.12,1.37
2016.09.13 13:36:51.566,0.76936,0.7694,1.00,1.12
2016.09.13 13:36:51.620,0.76934,0.7694,1.00,1.50
2016.09.13 13:36:51.671,0.76933,0.7694,1.00,1.87
2016.09.13 13:36:51.723,0.76933,0.76938,1.00,1.00
2016.09.13 13:36:51.876,0.76933,0.7694,1.00,1.37
2016.09.13 13:36:51.928,0.76933,0.76942,1.00,3.00
2016.09.13 13:36:51.979,0.76935,0.76941,1.00,1.50
2016.09.13 13:36:52.195,0.76935,0.76941,1.00,1.87
2016.09.13 13:36:52.246,0.76934,0.76941,1.00,3.37
2016.09.13 13:36:52.297,0.76932,0.7694,1.00,2.25
2016.09.13 13:36:52.348,0.76931,0.7694,1.00,4.50
2016.09.13 13:36:52.399,0.76931,0.76938,1.00,1.37
2016.09.13 13:36:52.450,0.76931,0.76938,1.00,1.37
2016.09.13 13:36:52.501,0.76931,0.76938,1.00,1.12
2016.09.13 13:36:52.552,0.76931,0.76938,1.00,1.00
2016.09.13 13:36:52.604,0.76931,0.76939,1.00,3.00
2016.09.13 13:36:52.655,0.7693,0.76937,1.00,1.12
2016.09.13 13:36:52.706,0.7693,0.76937,1.00,1.87
2016.09.13 13:36:52.879,0.76929,0.76935,1.00,1.00
2016.09.13 13:36:52.931,0.7693,0.76934,1.00,1.12
2016.09.13 13:36:52.985,0.7693,0.76934,1.00,1.12
2016.09.13 13:36:53.036,0.7693,0.76938,1.00,3.00
2016.09.13 13:36:53.087,0.7693,0.76936,1.00,1.00
2016.09.13 13:36:53.138,0.76931,0.76938,1.00,1.12
2016.09.13 13:36:53.189,0.76932,0.76937,1.00,1.00
2016.09.13 13:36:53.240,0.76932,0.7694,1.00,1.87
2016.09.13 13:36:53.292,0.76934,0.76939,1.00,1.00
2016.09.13 13:36:53.343,0.76934,0.76941,1.00,1.87
2016.09.13 13:36:53.581,0.76934,0.76941,1.00,1.50
2016.09.13 13:36:53.632,0.76933,0.76941,1.00,3.00
2016.09.13 13:36:53.683,0.76933,0.7694,1.00,1.37
2016.09.13 13:36:53.734,0.76934,0.7694,1.00,1.12
2016.09.13 13:36:53.914,0.76934,0.76939,1.00,1.00
2016.09.13 13:36:54.689,0.76934,0.7694,1.00,1.87
2016.09.13 13:36:55.133,0.76935,0.76939,1.00,1.00
2016.09.13 13:36:55.235,0.76935,0.76941,1.00,1.37
2016.09.13 13:36:55.465,0.76934,0.76941,1.00,1.00
2016.09.13 13:36:55.567,0.76936,0.76941,1.00,1.00
2016.09.13 13:36:55.618,0.76936,0.76943,1.00,2.25
2016.09.13 13:36:55.670,0.76936,0.76943,1.00,3.00
2016.09.13 13:36:55.721,0.76936,0.76941,1.00,1.00
2016.09.13 13:36:55.823,0.76936,0.76943,1.00,3.00
2016.09.13 13:36:55.874,0.76938,0.76944,1.00,3.75
2016.09.13 13:36:55.925,0.76938,0.76943,1.00,1.00
2016.09.13 13:36:55.976,0.76938,0.76946,1.00,4.20
2016.09.13 13:36:56.027,0.76939,0.76946,1.00,2.32
2016.09.13 13:36:56.207,0.76939,0.76947,1.00,1.50
2016.09.13 13:36:56.518,0.76941,0.76947,1.00,1.50
2016.09.13 13:36:56.674,0.76941,0.76947,1.00,1.37
2016.09.13 13:36:56.725,0.76939,0.76947,1.00,1.37
2016.09.13 13:36:56.776,0.76935,0.76944,1.50,1.87
2016.09.13 13:36:56.904,0.76935,0.76943,1.50,1.37
2016.09.13 13:36:56.956,0.76937,0.76943,1.00,1.37
2016.09.13 13:36:57.007,0.76936,0.76943,1.00,1.37
2016.09.13 13:36:57.060,0.76936,0.76944,1.00,3.37
2016.09.13 13:36:57.112,0.76938,0.76942,1.00,1.12
2016.09.13 13:36:57.164,0.76938,0.76944,1.00,1.50
2016.09.13 13:36:57.215,0.76938,0.76944,1.00,2.25
2016.09.13 13:36:57.267,0.76939,0.76947,1.00,3.45
2016.09.13 13:36:57.319,0.76939,0.76947,1.00,1.85
2016.09.13 13:36:57.371,0.76941,0.76947,1.00,1.20
2016.09.13 13:36:57.551,0.76941,0.76948,1.00,1.87
2016.09.13 13:36:57.654,0.76942,0.76948,1.00,1.12
2016.09.13 13:36:57.705,0.76942,0.76949,1.00,2.62
2016.09.13 13:36:57.807,0.76942,0.76949,1.00,1.50
2016.09.13 13:36:57.859,0.76942,0.76949,1.00,1.12
2016.09.13 13:36:58.442,0.76943,0.76949,1.00,1.12
2016.09.13 13:36:58.494,0.76943,0.76949,1.00,1.00
2016.09.13 13:36:58.856,0.76943,0.7695,1.00,1.95
2016.09.13 13:36:59.080,0.76943,0.7695,1.00,1.20
2016.09.13 13:36:59.133,0.76943,0.76949,1.00,1.00
2016.09.13 13:36:59.235,0.76943,0.76951,1.00,3.45
2016.09.13 13:36:59.286,0.76942,0.76951,1.00,2.32
2016.09.13 13:36:59.338,0.76944,0.76951,1.00,1.37
2016.09.13 13:36:59.389,0.76944,0.76951,1.00,1.87
2016.09.13 13:36:59.494,0.76944,0.76949,1.00,1.00
2016.09.13 13:36:59.732,0.76945,0.76949,1.00,1.00
2016.09.13 13:36:59.840,0.76941,0.7695,1.00,3.45
2016.09.13 13:36:59.891,0.76941,0.76949,1.00,1.50
2016.09.13 13:36:59.942,0.76941,0.76949,1.00,1.75
2016.09.13 13:36:59.994,0.76941,0.76948,1.00,1.87
2016.09.13 13:37:00.147,0.76941,0.76948,1.00,2.62
2016.09.13 13:37:00.419,0.76939,0.76948,1.00,1.87
2016.09.13 13:37:00.572,0.76938,0.76947,1.00,1.57
2016.09.13 13:37:00.623,0.76938,0.76947,1.00,1.65
2016.09.13 13:37:00.726,0.76938,0.76947,1.00,2.02
2016.09.13 13:37:01.144,0.76936,0.76945,1.00,1.50
2016.09.13 13:37:01.247,0.76936,0.76945,1.00,1.85
2016.09.13 13:37:01.298,0.76936,0.76944,1.00,1.50
2016.09.13 13:37:01.351,0.76936,0.76944,1.00,1.37
2016.09.13 13:37:01.454,0.76936,0.76944,1.00,1.75
2016.09.13 13:37:01.609,0.76935,0.76944,1.00,2.25
2016.09.13 13:37:01.661,0.76935,0.76943,1.00,1.12
2016.09.13 13:37:01.712,0.76934,0.76943,1.00,2.25
2016.09.13 13:37:01.966,0.76935,0.76942,1.00,1.00
2016.09.13 13:37:02.070,0.76935,0.76942,1.00,1.00
2016.09.13 13:37:02.172,0.76935,0.76943,1.00,1.50
2016.09.13 13:37:02.325,0.76935,0.76943,1.00,1.37
2016.09.13 13:37:02.376,0.76935,0.76944,1.00,2.25
2016.09.13 13:37:02.478,0.76936,0.76945,1.00,4.95
2016.09.13 13:37:03.000,0.76936,0.76945,1.00,4.20
2016.09.13 13:37:03.745,0.76934,0.76943,1.00,1.00
2016.09.13 13:37:03.799,0.76935,0.76944,1.00,1.87
2016.09.13 13:37:03.851,0.76935,0.76943,1.12,1.00
2016.09.13 13:37:03.954,0.76937,0.76944,1.37,1.50
2016.09.13 13:37:04.056,0.76937,0.76945,1.37,1.00
2016.09.13 13:37:04.108,0.76938,0.76945,1.37,1.00
2016.09.13 13:37:04.339,0.76938,0.76947,1.37,1.50
2016.09.13 13:37:04.390,0.76939,0.76948,1.37,1.85
2016.09.13 13:37:04.441,0.7694,0.76949,1.37,2.92
2016.09.13 13:37:04.493,0.76941,0.76949,1.37,1.80
2016.09.13 13:37:04.544,0.76941,0.76949,1.00,1.80
2016.09.13 13:37:04.697,0.76941,0.76949,1.00,1.95
2016.09.13 13:37:04.748,0.76941,0.76949,1.00,1.47
2016.09.13 13:37:04.799,0.76942,0.76949,1.25,1.95
2016.09.13 13:37:04.947,0.76942,0.7695,1.25,3.82
2016.09.13 13:37:04.998,0.76942,0.7695,1.25,1.12
2016.09.13 13:37:05.050,0.76942,0.76949,1.25,1.00
2016.09.13 13:37:05.101,0.76939,0.76948,2.06,1.00
2016.09.13 13:37:05.152,0.76939,0.76947,1.31,1.50
2016.09.13 13:37:05.225,0.76938,0.76947,1.87,1.50
2016.09.13 13:37:05.278,0.76938,0.76947,1.50,1.95
2016.09.13 13:37:05.330,0.76939,0.76946,1.00,1.12
2016.09.13 13:37:05.869,0.76939,0.76947,1.00,1.87
2016.09.13 13:37:06.174,0.76938,0.76947,1.25,1.87
2016.09.13 13:37:06.226,0.76938,0.76947,1.25,1.37
2016.09.13 13:37:06.681,0.7694,0.76947,1.00,1.37
2016.09.13 13:37:06.953,0.76939,0.76946,1.00,1.12
2016.09.13 13:37:07.004,0.76938,0.76945,1.25,1.00
2016.09.13 13:37:07.055,0.76939,0.76947,1.00,1.37
2016.09.13 13:37:07.272,0.7694,0.76949,1.00,1.00
2016.09.13 13:37:07.328,0.76943,0.76951,1.00,1.00
2016.09.13 13:37:07.380,0.76944,0.76953,1.00,1.75
2016.09.13 13:37:07.432,0.76945,0.76954,1.00,1.37
2016.09.13 13:37:07.535,0.76945,0.76954,1.00,1.00
2016.09.13 13:37:07.791,0.76947,0.76956,1.00,1.20
2016.09.13 13:37:07.952,0.76948,0.76957,1.00,1.57
2016.09.13 13:37:08.003,0.76947,0.76956,1.12,1.00
2016.09.13 13:37:08.259,0.76947,0.76956,1.00,1.00
2016.09.13 13:37:08.361,0.76949,0.76955,1.00,1.00
2016.09.13 13:37:08.632,0.76946,0.76955,1.00,1.00
2016.09.13 13:37:08.838,0.76944,0.76953,1.95,1.00
2016.09.13 13:37:08.889,0.76943,0.76952,2.14,1.00
2016.09.13 13:37:08.940,0.76945,0.76953,1.00,1.00
2016.09.13 13:37:09.093,0.76946,0.76955,1.00,1.00
2016.09.13 13:37:09.267,0.76946,0.76953,1.00,1.00
2016.09.13 13:37:09.471,0.76947,0.76956,1.00,1.12
2016.09.13 13:37:09.573,0.76947,0.76956,1.00,1.00
2016.09.13 13:37:09.957,0.76945,0.76954,1.57,1.00
2016.09.13 13:37:10.008,0.76945,0.76954,1.12,1.00
2016.09.13 13:37:10.161,0.76944,0.76953,1.87,1.00
2016.09.13 13:37:10.416,0.76943,0.76951,1.12,1.00
2016.09.13 13:37:10.467,0.76943,0.76951,1.12,1.00
2016.09.13 13:37:10.672,0.76942,0.76951,1.50,1.00
2016.09.13 13:37:10.725,0.76943,0.76952,1.00,1.00
2016.09.13 13:37:10.776,0.76944,0.76953,1.12,1.00
2016.09.13 13:37:10.982,0.76944,0.76953,1.00,1.00
2016.09.13 13:37:11.138,0.76942,0.7695,1.57,1.00
2016.09.13 13:37:11.336,0.7694,0.76946,1.12,1.00
2016.09.13 13:37:11.440,0.76939,0.76945,1.00,1.12
2016.09.13 13:37:11.543,0.76936,0.76945,1.00,1.12
2016.09.13 13:37:12.180,0.76935,0.76944,1.25,1.00
2016.09.13 13:37:12.385,0.76935,0.76942,1.00,1.00
2016.09.13 13:37:12.437,0.76933,0.76942,1.47,1.00
2016.09.13 13:37:12.576,0.76933,0.76942,1.00,1.00
2016.09.13 13:37:12.784,0.76933,0.76942,1.00,1.12
2016.09.13 13:37:12.887,0.76932,0.76941,1.10,1.00
2016.09.13 13:37:13.193,0.76933,0.76942,1.00,1.12
2016.09.13 13:37:13.471,0.76935,0.76942,1.00,1.00
2016.09.13 13:37:13.884,0.76934,0.76942,1.10,1.00
2016.09.13 13:37:13.935,0.76932,0.76941,2.14,1.00
2016.09.13 13:37:13.988,0.76931,0.76939,2.44,1.00
2016.09.13 13:37:14.153,0.76931,0.7694,1.50,1.00
2016.09.13 13:37:14.205,0.76931,0.76937,1.00,1.00
2016.09.13 13:37:14.663,0.7693,0.76939,1.20,1.00
2016.09.13 13:37:14.886,0.7693,0.76939,1.39,1.00
2016.09.13 13:37:14.937,0.76933,0.7694,1.00,1.12
2016.09.13 13:37:14.988,0.76932,0.76939,1.00,1.00
2016.09.13 13:37:15.039,0.76932,0.76941,1.00,1.00
2016.09.13 13:37:15.141,0.76932,0.76941,1.12,1.00
2016.09.13 13:37:15.192,0.76932,0.76941,1.50,1.00
2016.09.13 13:37:15.243,0.76933,0.76941,1.12,1.00
2016.09.13 13:37:15.636,0.76933,0.7694,1.50,1.00
2016.09.13 13:37:15.687,0.76933,0.7694,1.75,1.00
2016.09.13 13:37:15.739,0.76932,0.76941,3.37,1.00
2016.09.13 13:37:15.841,0.76932,0.76941,3.00,1.00
2016.09.13 13:37:15.892,0.76932,0.76941,1.00,1.00
2016.09.13 13:37:15.994,0.76934,0.76941,1.00,1.12
2016.09.13 13:37:16.045,0.76934,0.76943,1.00,1.95
2016.09.13 13:37:16.096,0.76934,0.76943,1.00,1.00
2016.09.13 13:37:16.148,0.76935,0.76944,1.00,1.12
2016.09.13 13:37:16.250,0.76937,0.76945,1.00,1.20
2016.09.13 13:37:16.413,0.76938,0.76947,1.12,1.50
2016.09.13 13:37:16.467,0.76938,0.76947,1.00,1.00
2016.09.13 13:37:16.518,0.76938,0.76947,1.10,1.00
2016.09.13 13:37:16.620,0.76938,0.76947,1.20,1.00
2016.09.13 13:37:16.672,0.76938,0.76947,1.57,1.00
2016.09.13 13:37:16.723,0.76938,0.76947,1.47,1.00
2016.09.13 13:37:16.775,0.76938,0.76947,1.10,1.00
2016.09.13 13:37:16.826,0.7694,0.76947,1.00,1.00
2016.09.13 13:37:16.877,0.76938,0.76947,2.32,1.00
2016.09.13 13:37:16.928,0.76938,0.76947,1.57,1.00
2016.09.13 13:37:17.108,0.76939,0.76947,1.00,1.00
2016.09.13 13:37:17.163,0.76938,0.76947,1.00,1.00
2016.09.13 13:37:17.216,0.76937,0.76946,1.12,1.00
2016.09.13 13:37:17.729,0.7694,0.76947,1.00,1.00
2016.09.13 13:37:18.279,0.76938,0.76947,1.10,1.00
2016.09.13 13:37:18.397,0.7694,0.76947,1.00,1.00
2016.09.13 13:37:18.828,0.76938,0.76945,1.10,1.00
2016.09.13 13:37:19.459,0.76938,0.76945,1.00,1.00
2016.09.13 13:37:19.510,0.76937,0.76946,1.50,1.00
2016.09.13 13:37:19.612,0.76939,0.76946,1.00,1.00
2016.09.13 13:37:19.817,0.76937,0.76946,1.12,1.00
2016.09.13 13:37:19.869,0.76937,0.76946,1.00,1.00
2016.09.13 13:37:19.971,0.76936,0.76945,1.27,1.00
2016.09.13 13:37:20.153,0.76936,0.76945,1.10,1.00
2016.09.13 13:37:20.357,0.76935,0.76944,1.12,1.00
2016.09.13 13:37:20.614,0.76934,0.76941,1.47,1.00
2016.09.13 13:37:20.667,0.76932,0.76941,2.44,1.00
2016.09.13 13:37:20.720,0.76933,0.7694,1.47,1.00
2016.09.13 13:37:20.771,0.76932,0.7694,1.12,1.00
2016.09.13 13:37:20.949,0.76931,0.7694,2.47,1.00
2016.09.13 13:37:21.004,0.76931,0.7694,2.10,1.00
2016.09.13 13:37:21.159,0.76932,0.76941,1.00,1.00
2016.09.13 13:37:21.415,0.76934,0.76943,1.00,1.00
2016.09.13 13:37:21.466,0.76934,0.76943,1.37,1.00
2016.09.13 13:37:21.518,0.76935,0.76944,1.12,1.00
2016.09.13 13:37:21.670,0.76933,0.7694,1.50,1.00
2016.09.13 13:37:21.722,0.76933,0.7694,1.87,1.00
2016.09.13 13:37:21.773,0.76933,0.7694,1.12,1.00
2016.09.13 13:37:21.875,0.76933,0.7694,1.00,1.00
2016.09.13 13:37:21.926,0.76933,0.76942,1.00,1.00
2016.09.13 13:37:21.977,0.76934,0.76941,1.12,1.00
2016.09.13 13:37:22.078,0.76934,0.76941,1.00,1.00
2016.09.13 13:37:22.181,0.76932,0.76942,2.70,1.00
2016.09.13 13:37:22.232,0.76933,0.76943,3.00,1.00
2016.09.13 13:37:22.416,0.76933,0.76943,2.62,1.00
2016.09.13 13:37:22.470,0.76935,0.76944,1.87,1.00
2016.09.13 13:37:22.522,0.76935,0.76944,2.25,1.00
2016.09.13 13:37:22.726,0.76935,0.76944,2.25,1.00
2016.09.13 13:37:22.908,0.76936,0.76945,1.00,1.00
2016.09.13 13:37:23.876,0.76935,0.76943,1.10,1.00
2016.09.13 13:37:23.927,0.76934,0.7694,1.12,1.00
2016.09.13 13:37:23.979,0.76934,0.76939,1.00,1.00
2016.09.13 13:37:24.180,0.7693,0.76937,2.32,1.00
2016.09.13 13:37:24.232,0.76929,0.76936,1.20,1.00
2016.09.13 13:37:24.283,0.76929,0.76938,1.57,1.00
2016.09.13 13:37:24.335,0.76929,0.76937,1.50,1.00
2016.09.13 13:37:24.386,0.76929,0.76937,1.12,1.00
2016.09.13 13:37:24.437,0.76928,0.76937,5.70,1.00
2016.09.13 13:37:24.489,0.76928,0.76937,4.57,1.00
2016.09.13 13:37:24.693,0.7693,0.76939,1.00,1.00
2016.09.13 13:37:24.745,0.76932,0.76941,1.00,1.37
2016.09.13 13:37:24.925,0.76931,0.76939,1.95,1.00
2016.09.13 13:37:24.977,0.76933,0.76942,1.00,1.00
2016.09.13 13:37:25.080,0.76932,0.76941,2.02,1.00
2016.09.13 13:37:25.131,0.76932,0.76941,1.27,1.00
2016.09.13 13:37:25.438,0.76934,0.76941,1.00,1.00
2016.09.13 13:37:25.540,0.76934,0.76943,1.20,1.00
2016.09.13 13:37:25.684,0.76935,0.76943,1.00,1.00
2016.09.13 13:37:25.735,0.76937,0.76946,1.00,1.00
2016.09.13 13:37:25.787,0.76937,0.76946,1.50,1.00
2016.09.13 13:37:25.890,0.76937,0.76946,1.12,1.00
2016.09.13 13:37:25.992,0.76938,0.76945,1.00,1.00
2016.09.13 13:37:26.192,0.76936,0.76945,1.00,1.00
2016.09.13 13:37:26.702,0.76937,0.76944,1.00,1.00
2016.09.13 13:37:27.571,0.76937,0.76946,1.00,1.57
2016.09.13 13:37:27.626,0.76937,0.76946,1.00,1.50
2016.09.13 13:37:27.964,0.76937,0.76946,1.00,1.12
2016.09.13 13:37:28.016,0.76937,0.76946,1.00,1.00
2016.09.13 13:37:28.067,0.76939,0.76946,1.00,1.00
2016.09.13 13:37:28.119,0.7694,0.76948,1.00,1.37
2016.09.13 13:37:28.176,0.76941,0.7695,1.10,4.12
2016.09.13 13:37:28.228,0.76942,0.76951,1.12,1.75
2016.09.13 13:37:28.279,0.76943,0.76952,1.10,3.37
2016.09.13 13:37:28.471,0.76944,0.76953,1.12,1.12
2016.09.13 13:37:28.524,0.76943,0.76952,3.07,1.00
2016.09.13 13:37:28.627,0.76943,0.76952,2.70,1.00
2016.09.13 13:37:28.781,0.76944,0.76953,1.69,1.00
2016.09.13 13:37:28.832,0.76944,0.76953,2.06,1.00
2016.09.13 13:37:28.883,0.76944,0.76953,1.87,1.00
2016.09.13 13:37:29.094,0.76945,0.76954,1.10,1.00
2016.09.13 13:37:29.353,0.76948,0.76955,1.00,1.00
2016.09.13 13:37:29.612,0.76945,0.76954,3.00,1.00
2016.09.13 13:37:29.805,0.76948,0.76957,1.00,1.12
2016.09.13 13:37:29.958,0.76947,0.76956,1.00,1.00
2016.09.13 13:37:30.315,0.76945,0.76954,1.50,1.00
2016.09.13 13:37:30.484,0.76946,0.76955,1.00,1.00
2016.09.13 13:37:30.535,0.76944,0.76953,1.12,1.00
2016.09.13 13:37:30.588,0.76944,0.76953,1.00,1.12
2016.09.13 13:37:30.640,0.76943,0.76952,1.00,1.00
2016.09.13 13:37:30.743,0.76943,0.76953,1.00,1.50
2016.09.13 13:37:30.794,0.76943,0.76953,1.50,1.50
2016.09.13 13:37:30.845,0.76944,0.76953,1.00,1.50
2016.09.13 13:37:31.030,0.76944,0.76953,1.00,1.00
2016.09.13 13:37:31.244,0.76945,0.76954,1.00,1.50
2016.09.13 13:37:31.295,0.76945,0.76954,1.12,1.00
2016.09.13 13:37:32.031,0.76944,0.76953,2.62,1.00
2016.09.13 13:37:32.082,0.76945,0.76954,1.12,1.00
2016.09.13 13:37:32.135,0.76946,0.76953,1.00,1.12
2016.09.13 13:37:32.186,0.76944,0.76953,1.00,1.12
2016.09.13 13:37:32.237,0.76943,0.76952,2.62,1.10
2016.09.13 13:37:32.288,0.76943,0.76952,1.87,1.10
2016.09.13 13:37:32.339,0.76943,0.76951,1.00,1.00
2016.09.13 13:37:32.518,0.76941,0.7695,1.87,1.00
2016.09.13 13:37:32.570,0.7694,0.76949,1.12,1.00
2016.09.13 13:37:32.636,0.76939,0.76946,1.37,1.00
2016.09.13 13:37:32.688,0.76937,0.76945,1.00,1.00
2016.09.13 13:37:32.739,0.76936,0.76945,3.37,1.00
2016.09.13 13:37:32.790,0.76936,0.76945,1.50,1.00
2016.09.13 13:37:32.842,0.76936,0.76945,1.12,1.12
2016.09.13 13:37:32.893,0.76936,0.76945,1.00,1.12
2016.09.13 13:37:32.995,0.76935,0.76944,1.37,1.00
2016.09.13 13:37:33.046,0.76935,0.76944,1.37,1.12
2016.09.13 13:37:33.238,0.76938,0.76945,1.00,1.00
2016.09.13 13:37:33.804,0.76939,0.76948,1.00,1.37
2016.09.13 13:37:34.027,0.76939,0.76948,1.00,1.50
2016.09.13 13:37:34.129,0.76941,0.76948,1.00,1.00
2016.09.13 13:37:34.181,0.7694,0.76948,1.00,1.00
2016.09.13 13:37:34.232,0.76941,0.7695,1.00,1.95
2016.09.13 13:37:34.283,0.76941,0.7695,1.00,1.10
2016.09.13 13:37:34.386,0.76941,0.7695,1.50,1.10
2016.09.13 13:37:34.489,0.76941,0.7695,1.00,1.10
2016.09.13 13:37:34.726,0.7694,0.7695,1.50,1.10
2016.09.13 13:37:34.777,0.76942,0.76949,1.00,1.00
2016.09.13 13:37:35.143,0.76942,0.76951,1.00,1.57
2016.09.13 13:37:35.206,0.76941,0.7695,1.00,1.10
2016.09.13 13:37:35.445,0.76939,0.76949,1.37,1.87
2016.09.13 13:37:35.496,0.76938,0.76947,1.37,1.00
2016.09.13 13:37:35.548,0.76939,0.76948,1.12,1.00
2016.09.13 13:37:35.599,0.76938,0.76947,1.37,1.00
2016.09.13 13:37:35.701,0.7694,0.76947,1.37,1.00
2016.09.13 13:37:35.804,0.7694,0.76948,1.37,1.50
2016.09.13 13:37:35.856,0.7694,0.76948,1.37,1.12
2016.09.13 13:37:35.908,0.7694,0.76949,1.37,2.25
2016.09.13 13:37:36.081,0.7694,0.76949,1.57,2.25
2016.09.13 13:37:36.132,0.7694,0.7695,1.65,1.00
2016.09.13 13:37:36.337,0.76942,0.76949,1.37,1.00
2016.09.13 13:37:36.615,0.76944,0.76951,1.37,1.31
2016.09.13 13:37:36.668,0.76944,0.76952,1.37,1.37
2016.09.13 13:37:36.824,0.76944,0.76953,1.50,1.50
2016.09.13 13:37:36.878,0.76946,0.76955,1.37,1.00
2016.09.13 13:37:36.929,0.76945,0.76954,1.47,1.00
2016.09.13 13:37:36.981,0.76945,0.76954,1.37,1.00
2016.09.13 13:37:37.083,0.76943,0.76952,1.87,1.00
2016.09.13 13:37:37.185,0.76944,0.76953,1.47,1.00
2016.09.13 13:37:37.613,0.76943,0.76952,1.37,1.00
2016.09.13 13:37:37.768,0.76943,0.76953,1.37,1.12
2016.09.13 13:37:37.820,0.76943,0.76953,1.37,1.00
2016.09.13 13:37:38.026,0.76943,0.76952,1.37,1.12
2016.09.13 13:37:38.130,0.76943,0.76952,1.37,1.00
2016.09.13 13:37:38.370,0.76943,0.76952,1.00,1.00
2016.09.13 13:37:38.929,0.76944,0.76953,1.00,1.00
2016.09.13 13:37:41.064,0.76944,0.76954,1.00,1.25
2016.09.13 13:37:41.166,0.76945,0.76954,1.37,1.25
2016.09.13 13:37:41.320,0.76949,0.76956,1.00,1.07
2016.09.13 13:37:41.546,0.76953,0.7696,1.00,2.32
2016.09.13 13:37:41.598,0.76953,0.7696,1.00,1.00
2016.09.13 13:37:41.650,0.76951,0.7696,1.57,1.00
2016.09.13 13:37:41.701,0.76951,0.76958,1.00,1.00
2016.09.13 13:37:41.753,0.76949,0.76957,1.12,1.00
2016.09.13 13:37:41.804,0.7695,0.76959,1.37,1.00
2016.09.13 13:37:41.855,0.76951,0.7696,1.12,1.95
2016.09.13 13:37:41.906,0.76952,0.76961,1.00,2.51
2016.09.13 13:37:42.009,0.76953,0.76962,1.00,2.81
2016.09.13 13:37:42.060,0.76953,0.76962,1.12,2.81
2016.09.13 13:37:42.112,0.76951,0.7696,1.47,1.00
2016.09.13 13:37:42.249,0.76951,0.7696,1.37,1.19
2016.09.13 13:37:42.301,0.76951,0.76959,1.00,1.19
2016.09.13 13:37:42.403,0.76947,0.76956,3.45,1.00
2016.09.13 13:37:42.454,0.76947,0.76956,2.62,1.00
2016.09.13 13:37:42.505,0.76947,0.76954,1.87,1.00
2016.09.13 13:37:43.191,0.76947,0.76954,3.37,1.00
2016.09.13 13:37:43.244,0.76948,0.76955,1.20,1.00
2016.09.13 13:37:43.296,0.76949,0.76958,1.50,1.00
2016.09.13 13:37:43.349,0.76949,0.76958,2.25,1.00
2016.09.13 13:37:43.400,0.76949,0.76958,3.00,1.00
2016.09.13 13:37:43.452,0.76949,0.76958,4.87,1.00
2016.09.13 13:37:43.503,0.76949,0.76958,5.25,1.00
2016.09.13 13:37:43.554,0.7695,0.76957,1.12,1.00
2016.09.13 13:37:43.605,0.76951,0.76955,1.00,1.00
2016.09.13 13:37:43.657,0.76949,0.76955,1.75,1.00
2016.09.13 13:37:43.812,0.76948,0.76957,2.62,1.25
2016.09.13 13:37:43.864,0.76947,0.76954,1.87,1.00
2016.09.13 13:37:44.171,0.76947,0.76954,1.87,1.25
2016.09.13 13:37:44.376,0.76946,0.76954,1.00,1.25
2016.09.13 13:37:44.525,0.76951,0.76957,1.37,1.00
2016.09.13 13:37:44.580,0.76951,0.76957,1.37,1.00
2016.09.13 13:37:44.632,0.76951,0.76959,1.37,1.00
2016.09.13 13:37:44.684,0.76953,0.76959,1.37,1.00
2016.09.13 13:37:44.736,0.76953,0.76961,1.37,1.00
2016.09.13 13:37:44.788,0.76953,0.7696,1.47,1.00
2016.09.13 13:37:44.840,0.76952,0.76958,2.25,1.00
2016.09.13 13:37:44.893,0.76953,0.76957,1.50,1.00
2016.09.13 13:37:44.945,0.76952,0.76958,1.12,1.00
2016.09.13 13:37:45.127,0.7695,0.76958,2.62,1.25
2016.09.13 13:37:45.179,0.76948,0.76955,1.20,1.00
2016.09.13 13:37:45.230,0.76947,0.76954,1.12,1.00
2016.09.13 13:37:45.281,0.76946,0.76954,1.87,1.00
2016.09.13 13:37:45.387,0.76946,0.76954,2.62,1.00
2016.09.13 13:37:45.442,0.76946,0.76955,3.37,1.00
2016.09.13 13:37:45.493,0.76949,0.76959,1.37,2.62
2016.09.13 13:37:45.545,0.76953,0.7696,1.37,1.87
2016.09.13 13:37:45.597,0.76953,0.76961,1.37,1.50
2016.09.13 13:37:45.778,0.76955,0.76962,1.37,1.00
2016.09.13 13:37:45.831,0.76955,0.76963,1.37,1.00
2016.09.13 13:37:45.936,0.76954,0.76963,1.87,1.00
2016.09.13 13:37:46.038,0.76954,0.76963,1.37,1.00
2016.09.13 13:37:46.141,0.76954,0.76963,1.87,1.00
2016.09.13 13:37:46.192,0.76956,0.76963,1.37,1.00
2016.09.13 13:37:46.244,0.76954,0.76963,3.37,1.00
2016.09.13 13:37:46.295,0.76954,0.76963,4.87,1.00
2016.09.13 13:37:46.536,0.76957,0.76965,1.12,1.00
2016.09.13 13:37:46.587,0.76958,0.76967,1.50,1.00
2016.09.13 13:37:46.640,0.76962,0.76969,1.50,1.57
2016.09.13 13:37:46.692,0.76962,0.76969,1.50,1.12
2016.09.13 13:37:46.744,0.76963,0.76971,1.37,4.12
2016.09.13 13:37:46.797,0.76963,0.76971,1.37,1.12
2016.09.13 13:37:46.850,0.76963,0.76972,2.25,1.12
2016.09.13 13:37:46.902,0.76963,0.76969,2.25,1.00
2016.09.13 13:37:47.036,0.76964,0.76968,1.00,1.00
2016.09.13 13:37:47.097,0.76959,0.76968,1.75,1.00
2016.09.13 13:37:47.148,0.76959,0.76969,1.37,1.39
2016.09.13 13:37:47.199,0.76959,0.76968,1.87,1.00
2016.09.13 13:37:47.251,0.76959,0.76966,1.50,1.00
2016.09.13 13:37:47.302,0.76962,0.76966,1.12,1.00
2016.09.13 13:37:47.404,0.76959,0.76966,2.62,1.00
2016.09.13 13:37:47.507,0.76961,0.7697,1.37,1.20
2016.09.13 13:37:47.559,0.76961,0.76971,2.25,1.12
2016.09.13 13:37:47.725,0.76962,0.7697,1.50,1.10
2016.09.13 13:37:47.784,0.76961,0.76969,1.12,1.00
2016.09.13 13:37:47.837,0.76962,0.7697,1.37,1.00
2016.09.13 13:37:47.888,0.76963,0.76972,1.37,1.00
2016.09.13 13:37:47.991,0.76963,0.76973,1.87,1.10
2016.09.13 13:37:48.045,0.76966,0.76973,1.37,1.10
2016.09.13 13:37:48.096,0.76966,0.76975,1.87,1.76
2016.09.13 13:37:48.148,0.76966,0.76975,2.62,1.50
2016.09.13 13:37:48.284,0.76967,0.76975,1.50,1.00
2016.09.13 13:37:48.354,0.76969,0.76978,1.00,1.00
2016.09.13 13:37:48.457,0.7697,0.76979,1.75,1.00
2016.09.13 13:37:48.508,0.76972,0.76979,1.00,1.00
2016.09.13 13:37:48.559,0.7697,0.76979,1.50,1.00
2016.09.13 13:37:48.735,0.7697,0.76977,1.50,1.00
2016.09.13 13:37:48.866,0.7697,0.76977,1.12,1.00
2016.09.13 13:37:48.918,0.76969,0.76975,1.00,1.00
2016.09.13 13:37:48.969,0.76968,0.76975,2.25,1.00
2016.09.13 13:37:49.021,0.76967,0.76974,2.70,1.00
2016.09.13 13:37:49.072,0.76968,0.76973,1.00,1.00
2016.09.13 13:37:49.123,0.76968,0.76975,1.00,1.00
2016.09.13 13:37:49.329,0.76968,0.76975,1.12,1.00
2016.09.13 13:37:49.380,0.76968,0.76973,1.12,1.00
2016.09.13 13:37:49.596,0.76968,0.76973,1.00,1.00
2016.09.13 13:37:49.647,0.76966,0.76975,2.62,1.00
2016.09.13 13:37:49.699,0.76966,0.76975,1.87,1.00
2016.09.13 13:37:49.750,0.76967,0.76975,1.75,1.00
2016.09.13 13:37:50.110,0.76966,0.76975,1.87,1.00
2016.09.13 13:37:50.336,0.76965,0.76972,2.70,1.00
2016.09.13 13:37:50.387,0.76965,0.76973,3.82,1.00
2016.09.13 13:37:50.438,0.76966,0.76973,1.12,1.00
2016.09.13 13:37:50.489,0.76966,0.76977,1.12,1.20
2016.09.13 13:37:50.591,0.76965,0.76974,1.85,1.00
2016.09.13 13:37:50.745,0.76964,0.76972,5.25,1.00
2016.09.13 13:37:50.796,0.76964,0.76971,1.87,1.50
2016.09.13 13:37:51.026,0.76964,0.76971,2.62,1.50
2016.09.13 13:37:51.078,0.76962,0.76967,1.37,1.00
2016.09.13 13:37:51.129,0.7696,0.76967,3.07,1.00
2016.09.13 13:37:51.180,0.76958,0.76966,4.50,1.00
2016.09.13 13:37:51.232,0.76957,0.76966,2.32,1.00
2016.09.13 13:37:51.283,0.76957,0.76965,1.57,1.00
2016.09.13 13:37:51.334,0.76956,0.76965,4.95,1.00
2016.09.13 13:37:51.386,0.76956,0.76965,3.07,1.00
2016.09.13 13:37:51.437,0.76957,0.76964,1.10,1.00
2016.09.13 13:37:51.488,0.76955,0.76961,2.62,1.00
2016.09.13 13:37:51.540,0.76955,0.76961,1.12,1.00
2016.09.13 13:37:51.591,0.76953,0.76961,1.20,1.00
2016.09.13 13:37:51.753,0.76952,0.76961,1.57,1.00
2016.09.13 13:37:51.804,0.76952,0.76961,1.07,1.00
2016.09.13 13:37:51.856,0.76952,0.76961,1.57,1.00
2016.09.13 13:37:51.907,0.76953,0.7696,1.95,1.00
2016.09.13 13:37:51.958,0.76953,0.7696,2.32,1.00
2016.09.13 13:37:52.212,0.76954,0.7696,1.12,1.00
2016.09.13 13:37:52.315,0.76953,0.7696,3.45,1.00
2016.09.13 13:37:52.507,0.76956,0.7696,1.00,1.00
2016.09.13 13:37:52.558,0.76956,0.76961,1.37,1.00
2016.09.13 13:37:52.610,0.76955,0.76961,1.50,1.00
2016.09.13 13:37:53.294,0.76955,0.7696,1.50,1.00
2016.09.13 13:37:53.345,0.76955,0.7696,1.50,1.00
2016.09.13 13:37:53.447,0.76954,0.7696,1.12,1.00
2016.09.13 13:37:53.498,0.76953,0.7696,2.32,1.00
2016.09.13 13:37:53.556,0.76953,0.76962,2.32,1.00
2016.09.13 13:37:53.659,0.76953,0.76962,2.70,1.00
2016.09.13 13:37:53.711,0.76953,0.7696,1.57,1.00
2016.09.13 13:37:53.814,0.76952,0.76958,1.45,1.00
2016.09.13 13:37:53.865,0.76952,0.76958,1.00,1.00
2016.09.13 13:37:54.027,0.76951,0.76958,1.65,1.00
2016.09.13 13:37:54.087,0.76951,0.76955,1.00,1.00
2016.09.13 13:37:54.138,0.76948,0.76955,2.25,1.00
2016.09.13 13:37:54.190,0.76948,0.76955,1.50,1.00
2016.09.13 13:37:54.243,0.76946,0.76955,3.37,1.00
2016.09.13 13:37:54.345,0.76946,0.76954,2.62,1.00
2016.09.13 13:37:54.396,0.76946,0.76954,3.37,1.00
2016.09.13 13:37:54.448,0.76946,0.76954,2.62,1.00
2016.09.13 13:37:54.499,0.76946,0.76954,1.82,1.00
2016.09.13 13:37:54.676,0.76945,0.76953,2.32,1.00
2016.09.13 13:37:54.728,0.76945,0.76951,1.00,1.00
2016.09.13 13:37:54.780,0.76944,0.76951,1.57,1.00
2016.09.13 13:37:54.883,0.76944,0.76951,1.47,1.00
2016.09.13 13:37:54.987,0.76944,0.76953,1.95,1.25
2016.09.13 13:37:55.039,0.76945,0.76953,1.07,1.25
2016.09.13 13:37:55.193,0.76944,0.76953,3.37,1.25
2016.09.13 13:37:55.245,0.76945,0.76953,1.45,1.25
2016.09.13 13:37:55.385,0.76945,0.76953,1.45,1.00
2016.09.13 13:37:55.436,0.76945,0.76954,1.95,1.00
2016.09.13 13:37:55.487,0.76945,0.76954,2.70,1.00
2016.09.13 13:37:55.538,0.76946,0.76955,1.20,1.25
2016.09.13 13:37:55.589,0.76947,0.76956,1.57,1.31
2016.09.13 13:37:55.641,0.76947,0.76953,1.57,1.00
2016.09.13 13:37:55.692,0.76947,0.76952,1.10,1.00
2016.09.13 13:37:55.743,0.76945,0.76952,2.32,1.00
2016.09.13 13:37:55.795,0.76945,0.76953,1.95,1.00
2016.09.13 13:37:55.846,0.76945,0.76952,1.37,1.00
2016.09.13 13:37:55.897,0.76947,0.76954,1.00,1.37
2016.09.13 13:37:56.082,0.76948,0.76956,1.87,1.00
2016.09.13 13:37:56.236,0.76948,0.76956,1.82,1.00
2016.09.13 13:37:56.287,0.76947,0.76956,3.37,1.00
2016.09.13 13:37:56.389,0.76947,0.76956,3.75,1.00
2016.09.13 13:37:56.452,0.76947,0.76956,3.37,1.00
2016.09.13 13:37:56.504,0.76948,0.76955,1.20,1.00
2016.09.13 13:37:56.557,0.76948,0.76955,1.27,1.00
2016.09.13 13:37:56.689,0.76947,0.76955,1.82,1.00
2016.09.13 13:37:56.740,0.76946,0.76953,1.45,1.00
2016.09.13 13:37:56.791,0.76946,0.76953,1.20,1.00
2016.09.13 13:37:56.843,0.76945,0.76953,1.82,1.00
2016.09.13 13:37:56.894,0.76945,0.7695,1.45,1.00
2016.09.13 13:37:56.998,0.76945,0.76949,1.12,1.00
2016.09.13 13:37:57.050,0.76944,0.76948,1.12,1.25
2016.09.13 13:37:57.102,0.76941,0.76948,1.50,1.19
2016.09.13 13:37:57.154,0.76943,0.76949,1.85,1.00
2016.09.13 13:37:57.289,0.76943,0.76952,1.85,1.50
2016.09.13 13:37:57.340,0.76943,0.7695,1.85,1.00
2016.09.13 13:37:57.392,0.76944,0.7695,1.12,1.00
2016.09.13 13:37:57.495,0.76943,0.76953,2.77,1.69
2016.09.13 13:37:57.547,0.76945,0.76952,1.37,1.25
2016.09.13 13:37:57.598,0.76945,0.76952,1.50,1.00
2016.09.13 13:37:57.937,0.76944,0.7695,1.57,1.00
2016.09.13 13:37:58.141,0.76943,0.7695,2.25,1.00
2016.09.13 13:37:58.193,0.76943,0.76952,2.25,1.00
2016.09.13 13:37:58.244,0.76942,0.76949,2.62,1.00
2016.09.13 13:37:58.296,0.76942,0.7695,1.87,1.00
2016.09.13 13:37:58.348,0.76941,0.76948,1.75,1.00
2016.09.13 13:37:58.399,0.76941,0.76949,1.37,1.00
2016.09.13 13:37:58.691,0.7694,0.76947,1.57,1.25
2016.09.13 13:37:58.748,0.76939,0.76946,3.00,1.00
2016.09.13 13:37:58.800,0.76939,0.76948,2.32,1.00
2016.09.13 13:37:58.852,0.76942,0.76949,1.37,1.25
2016.09.13 13:37:58.903,0.76944,0.76951,1.00,1.19
2016.09.13 13:37:58.955,0.76942,0.76951,2.62,1.19
2016.09.13 13:37:59.007,0.76946,0.76953,1.00,1.25
2016.09.13 13:37:59.058,0.76948,0.76955,1.00,1.56
2016.09.13 13:37:59.202,0.76948,0.76955,2.62,1.56
2016.09.13 13:37:59.253,0.7695,0.76957,1.87,1.00
2016.09.13 13:37:59.305,0.7695,0.76957,2.25,1.00
2016.09.13 13:37:59.357,0.76949,0.76959,1.20,1.25
2016.09.13 13:37:59.411,0.7695,0.76959,1.87,1.25
2016.09.13 13:37:59.462,0.7695,0.76959,1.85,1.25
2016.09.13 13:37:59.514,0.76952,0.76961,1.37,1.69
2016.09.13 13:37:59.565,0.76951,0.7696,3.00,1.00
2016.09.13 13:37:59.617,0.76951,0.7696,3.37,1.00
2016.09.13 13:37:59.788,0.76951,0.7696,2.62,1.00
2016.09.13 13:37:59.843,0.76952,0.7696,1.82,1.00
2016.09.13 13:37:59.894,0.76952,0.76961,2.25,1.00
2016.09.13 13:37:59.945,0.76954,0.76962,1.37,1.00
2016.09.13 13:37:59.997,0.76955,0.76962,1.47,1.00
2016.09.13 13:38:00.048,0.76955,0.7696,1.47,1.00
2016.09.13 13:38:00.099,0.76954,0.7696,1.87,1.00
2016.09.13 13:38:00.151,0.76954,0.7696,1.37,1.00
2016.09.13 13:38:00.255,0.76954,0.76958,1.00,1.00
2016.09.13 13:38:00.436,0.76951,0.76956,3.45,1.37
2016.09.13 13:38:00.488,0.76946,0.76952,2.62,1.00
2016.09.13 13:38:00.540,0.76945,0.76952,2.32,1.00
2016.09.13 13:38:00.593,0.76946,0.76954,1.47,1.00
2016.09.13 13:38:00.645,0.76946,0.76955,1.57,1.00
2016.09.13 13:38:00.889,0.7695,0.76958,3.00,1.12
2016.09.13 13:38:00.943,0.76951,0.7696,1.37,1.12
2016.09.13 13:38:01.160,0.76953,0.7696,3.82,1.00
2016.09.13 13:38:01.212,0.76953,0.7696,4.57,1.00
2016.09.13 13:38:01.263,0.76954,0.7696,1.20,1.00
2016.09.13 13:38:01.315,0.76954,0.7696,1.95,1.00
2016.09.13 13:38:01.520,0.76955,0.76959,1.00,1.00
2016.09.13 13:38:01.571,0.76954,0.7696,1.20,1.00
2016.09.13 13:38:01.723,0.76953,0.76957,1.20,1.00
2016.09.13 13:38:01.784,0.76952,0.76956,1.00,1.00
2016.09.13 13:38:01.836,0.7695,0.76955,1.37,1.00
2016.09.13 13:38:01.888,0.76949,0.76956,1.37,1.69
2016.09.13 13:38:01.940,0.76947,0.76954,1.12,1.00
2016.09.13 13:38:01.993,0.76948,0.76957,2.25,1.19
2016.09.13 13:38:02.047,0.76948,0.76957,3.00,1.19
2016.09.13 13:38:02.098,0.76949,0.76957,1.00,1.00
2016.09.13 13:38:02.150,0.76952,0.76959,1.00,1.62
2016.09.13 13:38:02.329,0.76952,0.76959,1.12,1.37
2016.09.13 13:38:02.382,0.76952,0.76959,1.20,1.00
2016.09.13 13:38:02.434,0.76952,0.76959,1.57,1.00
2016.09.13 13:38:02.694,0.76952,0.76959,2.32,1.00
2016.09.13 13:38:02.798,0.76952,0.76959,1.57,1.00
2016.09.13 13:38:03.053,0.76951,0.76958,3.00,1.00
2016.09.13 13:38:03.155,0.76952,0.76959,1.57,1.25
2016.09.13 13:38:03.206,0.76952,0.76959,1.65,1.00
2016.09.13 13:38:03.462,0.76951,0.76959,2.25,1.00
2016.09.13 13:38:03.659,0.76953,0.76959,1.07,1.00
2016.09.13 13:38:04.609,0.76953,0.7696,1.07,1.00
2016.09.13 13:38:04.660,0.76953,0.7696,1.57,1.00
2016.09.13 13:38:04.762,0.76953,0.7696,1.07,1.00
2016.09.13 13:38:05.362,0.76952,0.7696,1.50,1.00
2016.09.13 13:38:05.464,0.76952,0.76961,2.25,1.00
2016.09.13 13:38:05.516,0.76952,0.76957,1.07,1.00
2016.09.13 13:38:05.621,0.76951,0.76957,1.00,1.00
2016.09.13 13:38:05.673,0.7695,0.76959,1.50,1.00
2016.09.13 13:38:05.725,0.76952,0.76959,1.00,1.00
2016.09.13 13:38:05.922,0.76952,0.76961,1.50,1.00
2016.09.13 13:38:05.974,0.76953,0.76962,1.00,1.00
2016.09.13 13:38:06.076,0.76954,0.76961,1.87,1.00
2016.09.13 13:38:06.127,0.76956,0.76963,1.00,1.00
2016.09.13 13:38:06.258,0.76956,0.76965,1.20,1.00
2016.09.13 13:38:06.361,0.76956,0.76965,1.27,1.00
2016.09.13 13:38:06.533,0.76957,0.76965,1.00,1.00
2016.09.13 13:38:06.584,0.76957,0.76966,2.25,1.00
2016.09.13 13:38:06.635,0.76958,0.76967,1.00,1.00
2016.09.13 13:38:06.693,0.76958,0.76967,1.20,1.00
2016.09.13 13:38:06.745,0.76959,0.76968,1.50,1.00
2016.09.13 13:38:06.796,0.76959,0.76968,1.87,1.00
2016.09.13 13:38:06.848,0.76959,0.76968,1.75,1.00
2016.09.13 13:38:07.092,0.7696,0.76968,1.12,1.00
2016.09.13 13:38:07.152,0.76958,0.76967,3.37,1.00
2016.09.13 13:38:07.203,0.76958,0.76966,1.50,1.00
2016.09.13 13:38:07.254,0.76957,0.76965,1.37,1.00
2016.09.13 13:38:07.305,0.76956,0.76963,2.02,1.00
2016.09.13 13:38:07.357,0.76956,0.76965,1.87,1.00
2016.09.13 13:38:07.408,0.76957,0.76966,1.12,1.00
2016.09.13 13:38:07.460,0.76958,0.76967,1.00,1.00
2016.09.13 13:38:07.563,0.76958,0.76967,1.37,1.00
2016.09.13 13:38:07.747,0.7696,0.76967,1.00,1.00
2016.09.13 13:38:08.004,0.76962,0.76971,1.00,1.00
2016.09.13 13:38:08.055,0.76962,0.76971,1.50,1.00
2016.09.13 13:38:08.157,0.76962,0.76971,1.65,1.00
2016.09.13 13:38:08.343,0.76962,0.7697,1.20,1.00
2016.09.13 13:38:08.396,0.76962,0.7697,1.27,1.00
2016.09.13 13:38:08.448,0.76962,0.7697,1.20,1.00
2016.09.13 13:38:08.500,0.76962,0.7697,1.12,1.00
2016.09.13 13:38:08.707,0.76962,0.76968,1.12,1.00
2016.09.13 13:38:08.758,0.7696,0.76968,1.47,1.00
2016.09.13 13:38:08.952,0.76959,0.76968,1.57,1.00
2016.09.13 13:38:09.003,0.76959,0.76968,1.85,1.00
2016.09.13 13:38:09.054,0.76961,0.76969,1.12,1.00
2016.09.13 13:38:09.160,0.7696,0.76969,2.40,1.00
2016.09.13 13:38:09.264,0.76962,0.76971,1.00,1.00
2016.09.13 13:38:09.578,0.76962,0.76971,1.12,1.00
2016.09.13 13:38:09.681,0.76962,0.76971,1.50,1.00
2016.09.13 13:38:09.987,0.76962,0.76971,1.12,1.00
2016.09.13 13:38:10.089,0.76962,0.76971,1.50,1.00
2016.09.13 13:38:10.140,0.76962,0.76971,1.87,1.00
2016.09.13 13:38:10.288,0.76962,0.76971,1.50,1.00
2016.09.13 13:38:10.342,0.76962,0.76971,1.12,1.00
2016.09.13 13:38:10.651,0.76962,0.76969,1.12,1.00
2016.09.13 13:38:11.344,0.76962,0.76971,1.50,1.00
2016.09.13 13:38:11.404,0.76962,0.76971,1.87,1.00
2016.09.13 13:38:11.474,0.76962,0.76971,1.37,1.00
2016.09.13 13:38:11.749,0.76961,0.7697,2.62,1.00
2016.09.13 13:38:11.913,0.76962,0.7697,1.12,1.00
2016.09.13 13:38:11.965,0.76963,0.76971,1.00,1.00
2016.09.13 13:38:12.169,0.76962,0.76969,1.12,1.00
2016.09.13 13:38:12.323,0.76962,0.76971,1.12,1.00
2016.09.13 13:38:12.374,0.76963,0.76971,1.00,1.00
2016.09.13 13:38:12.976,0.76963,0.76971,1.12,1.00
2016.09.13 13:38:13.078,0.76963,0.76971,1.00,1.00
2016.09.13 13:38:13.131,0.76961,0.7697,1.50,1.00
2016.09.13 13:38:13.182,0.76961,0.7697,1.50,1.00
2016.09.13 13:38:13.511,0.7696,0.76969,3.52,1.37
2016.09.13 13:38:13.705,0.76961,0.7697,1.50,1.37
2016.09.13 13:38:13.780,0.76963,0.7697,1.50,1.00
2016.09.13 13:38:13.831,0.76963,0.76971,1.45,1.00
2016.09.13 13:38:13.882,0.76963,0.7697,1.87,1.00
2016.09.13 13:38:13.933,0.76963,0.76972,1.45,1.00
2016.09.13 13:38:13.985,0.76962,0.76972,4.12,1.00
2016.09.13 13:38:14.087,0.76963,0.76972,1.87,1.00
2016.09.13 13:38:14.291,0.76964,0.76971,1.27,1.00
2016.09.13 13:38:14.536,0.76965,0.76972,1.00,1.00
2016.09.13 13:38:14.587,0.76965,0.76972,1.87,1.00
2016.09.13 13:38:14.638,0.76965,0.76972,2.02,1.00
2016.09.13 13:38:14.689,0.76965,0.76972,2.40,1.00
2016.09.13 13:38:14.842,0.76965,0.76972,3.15,1.00
2016.09.13 13:38:15.097,0.76965,0.76972,3.52,1.00
2016.09.13 13:38:15.148,0.76965,0.76972,2.02,1.00
2016.09.13 13:38:15.199,0.76966,0.76972,1.20,1.00
2016.09.13 13:38:15.393,0.76966,0.76972,1.95,1.00
2016.09.13 13:38:15.599,0.76964,0.7697,1.12,1.00
2016.09.13 13:38:15.652,0.76962,0.76969,2.70,1.00
2016.09.13 13:38:15.705,0.76961,0.76967,1.95,1.00
2016.09.13 13:38:15.757,0.7696,0.76967,2.70,1.00
2016.09.13 13:38:15.808,0.7696,0.76967,1.95,1.00
2016.09.13 13:38:15.860,0.76959,0.76967,2.70,1.00
2016.09.13 13:38:15.911,0.7696,0.76967,1.00,1.00
2016.09.13 13:38:16.155,0.7696,0.76967,2.62,1.00
2016.09.13 13:38:16.316,0.7696,0.76968,4.12,1.00
2016.09.13 13:38:16.367,0.7696,0.76968,4.50,1.00
2016.09.13 13:38:16.418,0.7696,0.76968,1.87,1.00
2016.09.13 13:38:16.487,0.7696,0.76968,2.62,1.00
2016.09.13 13:38:16.539,0.7696,0.76969,3.37,1.00
2016.09.13 13:38:16.590,0.76964,0.76971,1.00,1.00
2016.09.13 13:38:16.641,0.76964,0.76972,1.00,1.12
2016.09.13 13:38:16.693,0.76965,0.76972,1.00,1.00
2016.09.13 13:38:16.929,0.76965,0.76974,2.62,1.00
2016.09.13 13:38:16.986,0.76967,0.76975,1.00,1.00
2016.09.13 13:38:17.293,0.76967,0.76975,1.20,1.00
2016.09.13 13:38:17.734,0.76966,0.76974,2.62,1.00
2016.09.13 13:38:17.990,0.76966,0.76974,1.87,1.00
2016.09.13 13:38:18.042,0.76966,0.76975,2.62,1.00
2016.09.13 13:38:18.439,0.76963,0.76969,3.82,1.00
2016.09.13 13:38:18.490,0.76961,0.76969,3.75,1.00
2016.09.13 13:38:18.541,0.76961,0.76969,3.37,1.00
2016.09.13 13:38:18.593,0.7696,0.76969,3.07,1.00
2016.09.13 13:38:18.644,0.7696,0.76969,2.70,1.00
2016.09.13 13:38:18.696,0.76962,0.76971,1.00,1.00
2016.09.13 13:38:18.747,0.76962,0.76972,1.87,1.10
2016.09.13 13:38:18.799,0.76965,0.76972,1.10,1.12
2016.09.13 13:38:18.851,0.76965,0.76969,1.10,1.00
2016.09.13 13:38:18.903,0.76962,0.76969,1.87,1.00
2016.09.13 13:38:19.086,0.76961,0.76969,3.52,1.00
2016.09.13 13:38:19.151,0.76961,0.76969,2.40,1.00
2016.09.13 13:38:19.559,0.76962,0.76969,1.12,1.00
2016.09.13 13:38:19.750,0.7696,0.76968,2.62,1.00
2016.09.13 13:38:19.801,0.7696,0.76967,1.20,1.00
2016.09.13 13:38:19.853,0.76959,0.76967,1.57,1.00
2016.09.13 13:38:19.905,0.76958,0.76967,1.22,1.00
2016.09.13 13:38:20.110,0.76957,0.76966,1.84,1.00
2016.09.13 13:38:20.161,0.76957,0.76966,1.76,1.00
2016.09.13 13:38:20.778,0.76957,0.76966,2.32,1.00
2016.09.13 13:38:20.829,0.76957,0.76964,1.47,1.00
2016.09.13 13:38:20.880,0.76956,0.76964,1.09,1.00
2016.09.13 13:38:20.932,0.76955,0.76964,4.76,1.00
2016.09.13 13:38:20.984,0.76955,0.76964,4.01,1.00
2016.09.13 13:38:21.035,0.76955,0.7696,1.76,1.00
2016.09.13 13:38:21.086,0.76955,0.76959,1.01,1.00
2016.09.13 13:38:21.262,0.76952,0.76959,1.00,1.50
2016.09.13 13:38:21.319,0.76947,0.76953,1.94,1.00
2016.09.13 13:38:21.370,0.76946,0.76953,1.95,1.00
2016.09.13 13:38:21.424,0.76946,0.76953,1.10,1.00
2016.09.13 13:38:21.475,0.76945,0.76951,1.87,1.00
2016.09.13 13:38:21.526,0.76944,0.76951,1.57,1.00
2016.09.13 13:38:21.577,0.76944,0.76951,2.32,1.00
2016.09.13 13:38:21.895,0.76944,0.76951,1.50,1.00
2016.09.13 13:38:21.947,0.76943,0.76953,3.00,1.00
2016.09.13 13:38:22.102,0.76943,0.76953,2.25,1.00
2016.09.13 13:38:22.204,0.76944,0.76953,1.50,1.00
2016.09.13 13:38:22.307,0.76944,0.76952,2.25,1.00
2016.09.13 13:38:22.358,0.76944,0.76952,1.50,1.00
2016.09.13 13:38:22.461,0.76944,0.76954,2.62,1.00
2016.09.13 13:38:22.512,0.76946,0.76954,1.00,1.00
2016.09.13 13:38:22.670,0.76946,0.76954,1.20,1.00
2016.09.13 13:38:22.722,0.76946,0.76954,1.57,1.00
2016.09.13 13:38:22.824,0.76944,0.76953,4.50,1.00
2016.09.13 13:38:22.875,0.76944,0.76953,2.70,1.00
2016.09.13 13:38:22.928,0.76944,0.76953,1.95,1.00
2016.09.13 13:38:23.238,0.76945,0.76953,1.37,1.00
2016.09.13 13:38:23.291,0.76946,0.76953,1.00,1.00
2016.09.13 13:38:23.564,0.76945,0.76954,2.25,1.00
2016.09.13 13:38:23.739,0.76945,0.76954,1.87,1.00
2016.09.13 13:38:23.790,0.76945,0.76954,2.25,1.00
2016.09.13 13:38:23.893,0.76944,0.76953,3.07,1.00
2016.09.13 13:38:23.946,0.76944,0.76952,1.85,1.00
2016.09.13 13:38:23.997,0.76945,0.76952,1.50,1.00
2016.09.13 13:38:24.049,0.76945,0.76952,1.37,1.00
2016.09.13 13:38:24.100,0.76943,0.76952,3.37,1.00
2016.09.13 13:38:24.251,0.76943,0.76952,2.62,1.00
2016.09.13 13:38:24.302,0.76943,0.76952,1.87,1.00
2016.09.13 13:38:24.353,0.76943,0.76952,1.12,1.00
2016.09.13 13:38:24.404,0.76943,0.76952,1.87,1.00
2016.09.13 13:38:24.559,0.76943,0.76952,2.06,1.00
2016.09.13 13:38:24.661,0.76943,0.76951,1.69,1.00
2016.09.13 13:38:24.867,0.76943,0.76951,2.44,1.00
2016.09.13 13:38:25.064,0.76949,0.76954,1.39,1.00
2016.09.13 13:38:25.116,0.7695,0.76958,1.31,1.00
2016.09.13 13:38:25.220,0.76951,0.76959,1.19,1.00
2016.09.13 13:38:25.324,0.7695,0.76959,1.31,1.00
2016.09.13 13:38:25.376,0.7695,0.76959,2.06,1.00
2016.09.13 13:38:25.428,0.7695,0.76959,2.51,1.00
2016.09.13 13:38:25.479,0.7695,0.76959,1.76,1.00
2016.09.13 13:38:25.720,0.7695,0.76959,1.39,1.00
2016.09.13 13:38:25.974,0.7695,0.76959,1.76,1.00
2016.09.13 13:38:26.026,0.76951,0.7696,2.06,1.00
2016.09.13 13:38:26.128,0.76951,0.7696,1.69,1.00
2016.09.13 13:38:26.180,0.76951,0.7696,2.06,1.00
2016.09.13 13:38:26.521,0.76953,0.7696,1.12,1.00
2016.09.13 13:38:26.623,0.76953,0.7696,1.31,1.00
2016.09.13 13:38:26.674,0.76953,0.76962,1.31,1.00
2016.09.13 13:38:26.726,0.76953,0.76961,1.39,1.00
2016.09.13 13:38:26.777,0.76953,0.76961,1.29,1.00
2016.09.13 13:38:27.209,0.76952,0.76959,2.14,1.00
2016.09.13 13:38:27.260,0.76952,0.76959,1.39,1.00
2016.09.13 13:38:27.311,0.76951,0.7696,1.26,1.00
2016.09.13 13:38:27.419,0.7695,0.76959,2.81,1.00
2016.09.13 13:38:27.521,0.7695,0.76959,2.06,1.00
2016.09.13 13:38:27.623,0.7695,0.76959,2.62,1.00
2016.09.13 13:38:27.674,0.7695,0.76958,1.87,1.00
2016.09.13 13:38:27.725,0.76949,0.76958,3.00,1.00
2016.09.13 13:38:27.776,0.76949,0.76958,3.37,1.00
2016.09.13 13:38:27.827,0.7695,0.76959,1.20,1.00
2016.09.13 13:38:28.053,0.76949,0.76958,3.00,1.00
2016.09.13 13:38:28.104,0.7695,0.76958,1.20,1.00
2016.09.13 13:38:28.155,0.76951,0.76958,1.10,1.00
2016.09.13 13:38:28.257,0.76949,0.76958,2.62,1.00
2016.09.13 13:38:28.359,0.76949,0.76958,2.25,1.00
2016.09.13 13:38:28.410,0.76949,0.76958,1.87,1.00
2016.09.13 13:38:28.461,0.76949,0.76958,1.50,1.00
2016.09.13 13:38:28.955,0.7695,0.76958,1.10,1.00
2016.09.13 13:38:29.111,0.76952,0.7696,1.00,1.00
2016.09.13 13:38:29.162,0.76952,0.7696,1.10,1.00
2016.09.13 13:38:29.265,0.76952,0.76961,1.50,1.00
2016.09.13 13:38:29.524,0.76952,0.76961,1.87,1.00
2016.09.13 13:38:29.575,0.76952,0.76959,1.50,1.00
2016.09.13 13:38:29.627,0.76952,0.76959,1.00,1.00
2016.09.13 13:38:29.832,0.76951,0.76959,1.10,1.00
2016.09.13 13:38:29.884,0.76951,0.7696,1.10,1.12
2016.09.13 13:38:29.935,0.76951,0.7696,1.95,1.00
2016.09.13 13:38:29.986,0.76952,0.76961,1.00,1.00
2016.09.13 13:38:30.437,0.76953,0.76961,1.12,1.00
2016.09.13 13:38:30.539,0.76953,0.7696,1.87,1.00
2016.09.13 13:38:30.590,0.76953,0.7696,3.00,1.00
2016.09.13 13:38:30.642,0.76954,0.76962,1.20,1.00
2016.09.13 13:38:30.745,0.76953,0.76962,1.50,1.00
2016.09.13 13:38:30.797,0.76953,0.76962,1.20,1.00
2016.09.13 13:38:30.848,0.76953,0.76962,1.95,1.00
2016.09.13 13:38:31.016,0.76953,0.76962,1.20,1.00
2016.09.13 13:38:31.837,0.76953,0.76961,1.20,1.00
2016.09.13 13:38:32.143,0.76953,0.76962,1.95,1.00
2016.09.13 13:38:32.424,0.76953,0.76962,2.70,1.00
2016.09.13 13:38:32.689,0.76953,0.76962,1.95,1.00
2016.09.13 13:38:32.755,0.76953,0.76961,1.20,1.00
2016.09.13 13:38:33.061,0.76952,0.76958,1.12,1.00
2016.09.13 13:38:33.112,0.76951,0.76958,1.10,1.00
2016.09.13 13:38:33.214,0.7695,0.76957,1.00,1.00
2016.09.13 13:38:33.395,0.76949,0.76953,1.95,1.00
2016.09.13 13:38:33.446,0.76946,0.76953,1.50,1.00
2016.09.13 13:38:33.497,0.76944,0.76953,3.75,1.00
2016.09.13 13:38:33.558,0.76944,0.76953,1.57,1.00
2016.09.13 13:38:33.636,0.76943,0.76953,3.97,1.00
2016.09.13 13:38:33.688,0.76943,0.76953,3.07,1.00
2016.09.13 13:38:33.739,0.76943,0.76953,2.32,1.00
2016.09.13 13:38:33.790,0.76944,0.76951,1.95,1.00
2016.09.13 13:38:33.842,0.76944,0.76951,1.10,1.00
2016.09.13 13:38:33.893,0.76942,0.7695,3.00,1.00
2016.09.13 13:38:33.944,0.76942,0.7695,2.25,1.00
2016.09.13 13:38:34.097,0.76942,0.7695,1.50,1.00
2016.09.13 13:38:34.148,0.76941,0.7695,2.02,1.00
2016.09.13 13:38:34.200,0.76941,0.7695,1.57,1.00
2016.09.13 13:38:34.302,0.76941,0.7695,2.77,1.00
2016.09.13 13:38:34.405,0.76941,0.7695,1.65,1.00
2016.09.13 13:38:34.456,0.76941,0.7695,1.27,1.00
2016.09.13 13:38:34.812,0.76943,0.7695,1.00,1.00
2016.09.13 13:38:35.002,0.76942,0.7695,1.12,1.00
2016.09.13 13:38:35.054,0.76941,0.7695,2.77,1.00
2016.09.13 13:38:35.267,0.76947,0.76954,1.50,1.87
2016.09.13 13:38:35.318,0.76948,0.76954,1.00,1.00
2016.09.13 13:38:35.369,0.76949,0.76956,1.87,1.10
2016.09.13 13:38:35.421,0.76949,0.76958,2.62,1.00
2016.09.13 13:38:35.522,0.76949,0.76958,3.45,1.00
2016.09.13 13:38:35.574,0.7695,0.76958,1.00,1.00
2016.09.13 13:38:35.756,0.76951,0.76959,1.12,1.00
2016.09.13 13:38:35.811,0.76952,0.7696,1.07,1.00
2016.09.13 13:38:35.863,0.76951,0.7696,1.57,1.00
2016.09.13 13:38:35.914,0.7695,0.76959,1.95,1.00
2016.09.13 13:38:35.966,0.7695,0.76959,1.50,1.00
2016.09.13 13:38:36.069,0.76949,0.76959,2.32,1.00
2016.09.13 13:38:36.401,0.76949,0.76958,3.07,1.00
2016.09.13 13:38:36.861,0.76949,0.76957,3.82,1.00
2016.09.13 13:38:37.065,0.76949,0.76957,2.25,1.00
2016.09.13 13:38:37.214,0.76949,0.76957,1.00,1.00
2016.09.13 13:38:37.266,0.76947,0.76955,1.01,1.00
2016.09.13 13:38:37.318,0.76946,0.76954,2.32,1.00
2016.09.13 13:38:37.369,0.76946,0.76952,1.10,1.00
2016.09.13 13:38:37.523,0.76942,0.76951,1.57,1.00
2016.09.13 13:38:37.625,0.76942,0.7695,2.32,1.00
2016.09.13 13:38:37.870,0.76942,0.7695,3.00,1.00
2016.09.13 13:38:37.921,0.76942,0.76949,2.25,1.00
2016.09.13 13:38:38.023,0.76942,0.7695,1.50,1.00
2016.09.13 13:38:38.075,0.76942,0.7695,1.12,1.00
2016.09.13 13:38:38.177,0.76942,0.7695,1.20,1.00
2016.09.13 13:38:38.279,0.76943,0.7695,1.00,1.00
2016.09.13 13:38:38.746,0.76941,0.76949,3.37,1.00
2016.09.13 13:38:38.797,0.76941,0.76949,2.62,1.00
2016.09.13 13:38:38.848,0.76941,0.76949,2.25,1.00
2016.09.13 13:38:38.899,0.76941,0.76949,1.87,1.00
2016.09.13 13:38:38.950,0.76943,0.76949,1.00,1.00
2016.09.13 13:38:39.178,0.76943,0.76951,1.00,1.00
2016.09.13 13:38:39.280,0.76943,0.76951,1.00,1.00
2016.09.13 13:38:39.512,0.76943,0.76949,1.00,1.00
2016.09.13 13:38:39.566,0.76941,0.76948,1.82,1.00
2016.09.13 13:38:39.617,0.7694,0.76946,1.50,1.00
2016.09.13 13:38:39.670,0.76939,0.76947,2.70,1.00
2016.09.13 13:38:39.773,0.76938,0.76947,1.57,1.00
2016.09.13 13:38:39.876,0.76938,0.76947,1.20,1.00
2016.09.13 13:38:40.257,0.76938,0.76946,1.12,1.00
2016.09.13 13:38:40.310,0.76938,0.76946,1.10,1.00
2016.09.13 13:38:40.565,0.76937,0.76946,1.20,1.00
2016.09.13 13:38:41.170,0.76937,0.76945,1.20,1.00
2016.09.13 13:38:41.363,0.76939,0.76945,1.00,1.00
2016.09.13 13:38:41.567,0.76937,0.76945,1.20,1.00
2016.09.13 13:38:42.146,0.76938,0.76945,1.10,1.00
2016.09.13 13:38:42.249,0.76937,0.76946,1.20,1.00
2016.09.13 13:38:42.534,0.76937,0.76946,1.57,1.00
2016.09.13 13:38:42.687,0.76937,0.76945,2.32,1.00
2016.09.13 13:38:42.738,0.76937,0.76945,1.95,1.00
2016.09.13 13:38:42.789,0.76938,0.76945,1.20,1.00
2016.09.13 13:38:43.071,0.76938,0.76946,1.57,1.00
2016.09.13 13:38:43.225,0.76941,0.76951,1.00,3.07
2016.09.13 13:38:43.276,0.76946,0.76951,1.00,1.57
2016.09.13 13:38:43.327,0.76946,0.76953,1.19,1.37
2016.09.13 13:38:43.379,0.76946,0.76953,1.69,1.00
2016.09.13 13:38:43.430,0.76946,0.76953,1.76,1.00
2016.09.13 13:38:43.483,0.76947,0.76953,1.00,1.00
2016.09.13 13:38:43.749,0.76945,0.76953,2.32,1.00
2016.09.13 13:38:43.800,0.76945,0.76953,1.57,1.00
2016.09.13 13:38:43.903,0.76944,0.76948,1.50,1.00
2016.09.13 13:38:43.955,0.76944,0.76948,1.00,1.00
2016.09.13 13:38:44.007,0.7694,0.76948,2.32,1.00
2016.09.13 13:38:44.058,0.76941,0.76948,1.10,1.00
2016.09.13 13:38:44.262,0.7694,0.76948,1.07,1.00
2016.09.13 13:38:44.496,0.7694,0.76948,1.57,1.00
2016.09.13 13:38:44.550,0.7694,0.76947,2.02,1.00
2016.09.13 13:38:44.767,0.76942,0.76952,1.50,1.00
2016.09.13 13:38:44.869,0.76944,0.76953,1.37,1.00
2016.09.13 13:38:44.920,0.76944,0.76953,1.50,1.00
2016.09.13 13:38:45.226,0.76944,0.76953,1.69,1.00
2016.09.13 13:38:45.504,0.76947,0.76955,1.00,1.00
2016.09.13 13:38:45.556,0.76948,0.76956,1.10,1.00
2016.09.13 13:38:45.659,0.76948,0.76957,1.95,1.00
2016.09.13 13:38:45.761,0.76948,0.76957,1.57,1.00
2016.09.13 13:38:45.813,0.76948,0.76957,2.32,1.00
2016.09.13 13:38:45.916,0.76948,0.76957,3.07,1.00
2016.09.13 13:38:45.967,0.76949,0.76957,1.20,1.00
2016.09.13 13:38:46.069,0.76949,0.76957,1.10,1.00
2016.09.13 13:38:46.410,0.76948,0.76956,1.07,1.00
2016.09.13 13:38:46.620,0.7695,0.76957,1.00,1.00
2016.09.13 13:38:46.774,0.76948,0.76958,1.12,1.00
2016.09.13 13:38:46.876,0.76948,0.76958,1.12,1.50
2016.09.13 13:38:46.927,0.76948,0.76958,1.00,1.50
2016.09.13 13:38:46.978,0.76948,0.76958,1.87,1.00
2016.09.13 13:38:47.030,0.76948,0.76958,2.25,1.00
2016.09.13 13:38:47.241,0.76949,0.76958,1.50,1.00
2016.09.13 13:38:47.292,0.76951,0.76958,1.00,1.00
2016.09.13 13:38:47.445,0.7695,0.7696,1.10,1.00
2016.09.13 13:38:47.497,0.76954,0.76963,1.00,3.45
2016.09.13 13:38:47.550,0.76954,0.76962,1.50,1.50
2016.09.13 13:38:47.601,0.76955,0.76962,1.00,1.12
2016.09.13 13:38:47.652,0.76955,0.76964,1.00,1.00
2016.09.13 13:38:48.179,0.76955,0.76963,1.00,1.00
2016.09.13 13:38:48.689,0.76955,0.76963,1.50,1.00
2016.09.13 13:38:48.792,0.76955,0.76965,1.37,1.00
2016.09.13 13:38:48.953,0.76955,0.76965,1.50,1.00
2016.09.13 13:38:49.157,0.76955,0.76965,1.87,1.00
2016.09.13 13:38:49.209,0.76957,0.76964,1.00,1.00
2016.09.13 13:38:49.363,0.76956,0.76966,1.12,1.10
2016.09.13 13:38:49.416,0.76958,0.76965,1.00,1.00
2016.09.13 13:38:49.621,0.76956,0.76965,1.00,1.00
2016.09.13 13:38:49.723,0.76955,0.76965,1.87,1.00
2016.09.13 13:38:49.954,0.76956,0.76966,1.00,2.32
2016.09.13 13:38:50.005,0.76957,0.76966,1.50,1.95
2016.09.13 13:38:50.057,0.76958,0.76966,1.00,1.37
2016.09.13 13:38:50.108,0.76958,0.76966,1.00,1.00
2016.09.13 13:38:50.211,0.76958,0.76966,1.50,1.00
2016.09.13 13:38:50.415,0.76959,0.76968,1.00,1.00
2016.09.13 13:38:50.714,0.76961,0.76968,1.00,1.00
2016.09.13 13:38:50.766,0.76959,0.76969,1.87,1.00
2016.09.13 13:38:50.817,0.76961,0.7697,1.00,1.00
2016.09.13 13:38:50.868,0.76961,0.76971,1.00,1.10
2016.09.13 13:38:50.920,0.76961,0.76971,1.00,1.00
2016.09.13 13:38:50.971,0.76961,0.76971,1.50,1.00
2016.09.13 13:38:51.176,0.76961,0.76971,1.57,1.00
2016.09.13 13:38:51.422,0.76961,0.76971,1.10,1.87
2016.09.13 13:38:51.659,0.76961,0.76971,1.10,1.50
2016.09.13 13:38:51.812,0.76961,0.7697,1.10,1.00
2016.09.13 13:38:52.397,0.76962,0.76972,1.00,2.62
2016.09.13 13:38:52.448,0.76965,0.76972,1.00,1.87
2016.09.13 13:38:52.499,0.76965,0.76972,1.00,1.12
2016.09.13 13:38:52.550,0.76965,0.76973,1.00,1.87
2016.09.13 13:38:52.602,0.76966,0.76973,1.00,1.37
2016.09.13 13:38:52.653,0.76967,0.76974,1.00,1.00
2016.09.13 13:38:52.875,0.76967,0.76976,1.50,1.87
2016.09.13 13:38:52.927,0.76967,0.76976,1.87,1.12
2016.09.13 13:38:52.979,0.76971,0.76978,1.00,2.25
2016.09.13 13:38:53.032,0.76971,0.76978,1.00,1.87
2016.09.13 13:38:53.084,0.76971,0.76978,1.00,1.37
2016.09.13 13:38:53.135,0.7697,0.7698,3.45,3.37
2016.09.13 13:38:53.187,0.7697,0.7698,3.45,1.87
2016.09.13 13:38:53.238,0.7697,0.7698,3.07,1.00
2016.09.13 13:38:53.341,0.7697,0.7698,2.32,1.87
2016.09.13 13:38:53.475,0.7697,0.7698,2.32,1.00
2016.09.13 13:38:53.628,0.7697,0.76978,1.57,1.00
2016.09.13 13:38:53.680,0.76969,0.76978,1.12,1.50
2016.09.13 13:38:53.731,0.76968,0.76975,1.12,1.00
2016.09.13 13:38:53.782,0.76967,0.76975,1.50,1.00
2016.09.13 13:38:53.833,0.76966,0.76973,4.12,1.00
2016.09.13 13:38:53.884,0.76966,0.76973,1.87,1.00
2016.09.13 13:38:53.935,0.76966,0.76974,1.00,1.00
2016.09.13 13:38:53.986,0.76967,0.76974,1.00,1.00
2016.09.13 13:38:54.129,0.76966,0.76974,1.50,1.00
2016.09.13 13:38:54.388,0.76964,0.76973,1.00,1.00
2016.09.13 13:38:54.490,0.76963,0.76973,1.95,1.00
2016.09.13 13:38:54.696,0.76964,0.76973,1.00,1.00
2016.09.13 13:38:54.987,0.76964,0.76973,1.00,1.95
2016.09.13 13:38:55.048,0.76963,0.76972,1.50,1.12
2016.09.13 13:38:55.921,0.76962,0.76969,1.12,1.00
2016.09.13 13:38:55.972,0.76962,0.76969,1.00,1.00
2016.09.13 13:38:56.023,0.76961,0.76969,1.12,1.00
2016.09.13 13:38:56.074,0.7696,0.76968,2.25,1.00
2016.09.13 13:38:56.125,0.7696,0.76966,1.37,1.00
2016.09.13 13:38:56.177,0.76957,0.76966,4.31,1.00
2016.09.13 13:38:56.231,0.76957,0.76966,1.50,1.00
2016.09.13 13:38:56.283,0.76956,0.76965,1.87,1.00
2016.09.13 13:38:56.334,0.76956,0.76965,1.50,1.00
2016.09.13 13:38:56.697,0.76958,0.76965,1.00,1.00
2016.09.13 13:38:56.799,0.76957,0.76966,1.25,1.00
2016.09.13 13:38:56.851,0.76957,0.76966,1.31,1.00
2016.09.13 13:38:56.903,0.76957,0.76967,1.31,1.50
2016.09.13 13:38:56.954,0.76957,0.76966,1.31,1.00
2016.09.13 13:38:57.232,0.76957,0.76966,1.39,1.00
2016.09.13 13:38:58.106,0.76958,0.76967,1.00,1.12
2016.09.13 13:38:58.157,0.76958,0.76967,1.00,1.00
2016.09.13 13:38:58.463,0.76959,0.76967,1.50,1.00
2016.09.13 13:38:58.566,0.76959,0.76967,1.00,1.00
2016.09.13 13:38:58.639,0.76961,0.76969,1.00,1.12
2016.09.13 13:38:58.805,0.76961,0.76969,1.00,1.00
2016.09.13 13:38:58.861,0.76962,0.76971,1.57,1.00
2016.09.13 13:38:58.964,0.76962,0.76971,1.50,1.00
2016.09.13 13:38:59.015,0.76962,0.7697,1.00,1.00
2016.09.13 13:38:59.067,0.76962,0.7697,1.00,1.00
2016.09.13 13:38:59.169,0.7696,0.76969,1.37,1.00
2016.09.13 13:38:59.220,0.76959,0.76969,2.32,1.00
2016.09.13 13:38:59.399,0.76959,0.76968,1.20,1.00
2016.09.13 13:38:59.450,0.76959,0.76968,1.10,1.00
2016.09.13 13:38:59.654,0.76959,0.76968,1.10,2.62
2016.09.13 13:38:59.706,0.76958,0.76968,2.25,2.62
2016.09.13 13:38:59.757,0.76958,0.76968,2.25,1.00
2016.09.13 13:38:59.808,0.76959,0.76969,1.10,1.87
2016.09.13 13:38:59.859,0.7696,0.76969,1.20,1.87
2016.09.13 13:38:59.910,0.76963,0.7697,1.00,1.87
2016.09.13 13:39:00.128,0.76962,0.76969,1.00,1.00
2016.09.13 13:39:00.180,0.76963,0.76971,1.00,1.87
2016.09.13 13:39:00.283,0.76965,0.76971,1.00,1.50
2016.09.13 13:39:00.387,0.76964,0.76971,1.19,1.50
2016.09.13 13:39:00.500,0.76964,0.76971,1.19,1.00
2016.09.13 13:39:00.881,0.76961,0.76969,1.76,1.50
2016.09.13 13:39:00.936,0.7696,0.76969,1.76,2.25
2016.09.13 13:39:00.987,0.7696,0.76968,1.01,1.50
2016.09.13 13:39:01.039,0.76959,0.76968,2.06,1.50
2016.09.13 13:39:01.142,0.76959,0.76966,1.76,1.50
2016.09.13 13:39:01.346,0.7696,0.76968,1.25,1.50
2016.09.13 13:39:01.545,0.7696,0.76969,1.25,2.25
2016.09.13 13:39:01.637,0.76963,0.76969,1.00,1.50
2016.09.13 13:39:01.791,0.76967,0.76972,1.00,2.62
2016.09.13 13:39:01.893,0.76966,0.7697,1.00,1.50
2016.09.13 13:39:01.944,0.76967,0.76971,1.00,1.87
2016.09.13 13:39:01.996,0.76966,0.7697,1.00,1.50
2016.09.13 13:39:02.183,0.76968,0.76975,1.00,1.50
2016.09.13 13:39:02.286,0.76966,0.76973,1.00,1.00
2016.09.13 13:39:02.337,0.76965,0.76972,1.10,1.00
2016.09.13 13:39:02.388,0.76965,0.76974,1.10,1.87
2016.09.13 13:39:02.469,0.76963,0.76973,2.32,1.50
2016.09.13 13:39:02.521,0.76963,0.76972,1.20,1.37
2016.09.13 13:39:02.573,0.76963,0.76972,1.10,1.37
2016.09.13 13:39:02.802,0.76961,0.76971,1.76,1.37
2016.09.13 13:39:02.905,0.76961,0.76971,1.69,1.37
2016.09.13 13:39:03.108,0.7696,0.7697,1.76,1.12
2016.09.13 13:39:03.160,0.76962,0.7697,1.00,1.12
2016.09.13 13:39:03.211,0.7696,0.7697,1.76,1.12
2016.09.13 13:39:03.262,0.7696,0.7697,1.76,1.37
2016.09.13 13:39:03.515,0.76961,0.76969,1.00,1.37
2016.09.13 13:39:03.567,0.76961,0.7697,1.00,1.12
2016.09.13 13:39:03.639,0.7696,0.7697,1.10,1.12
2016.09.13 13:39:03.792,0.76961,0.7697,1.00,1.00
2016.09.13 13:39:04.068,0.76961,0.7697,1.00,1.12
2016.09.13 13:39:04.269,0.7696,0.7697,1.57,1.00
2016.09.13 13:39:04.322,0.76962,0.76969,1.00,1.00
2016.09.13 13:39:04.374,0.76962,0.76971,1.25,1.87
2016.09.13 13:39:04.426,0.76962,0.76971,1.25,1.50
2016.09.13 13:39:04.682,0.76962,0.76971,1.25,1.87
2016.09.13 13:39:04.734,0.76962,0.76971,1.25,1.12
2016.09.13 13:39:05.032,0.76961,0.76971,1.50,1.50
2016.09.13 13:39:05.186,0.76961,0.76971,1.87,1.50
2016.09.13 13:39:05.237,0.76962,0.76971,1.00,1.37
2016.09.13 13:39:05.546,0.76962,0.76971,1.19,1.37
2016.09.13 13:39:05.737,0.76963,0.76973,1.25,1.87
2016.09.13 13:39:05.788,0.76965,0.76972,1.00,1.12
2016.09.13 13:39:05.840,0.76966,0.76975,1.00,3.00
2016.09.13 13:39:05.891,0.76968,0.76975,1.25,1.87
2016.09.13 13:39:05.943,0.76968,0.76975,1.25,1.12
2016.09.13 13:39:05.995,0.7697,0.76978,1.00,2.81
2016.09.13 13:39:06.047,0.76972,0.76976,1.00,1.00
2016.09.13 13:39:06.099,0.76973,0.7698,1.00,1.00
2016.09.13 13:39:06.151,0.76975,0.7698,1.00,1.00
2016.09.13 13:39:06.338,0.76976,0.76985,1.00,3.37
2016.09.13 13:39:06.405,0.76975,0.76985,1.10,2.25
2016.09.13 13:39:06.464,0.76974,0.76983,1.57,1.00
2016.09.13 13:39:06.516,0.76973,0.76983,3.75,1.00
2016.09.13 13:39:06.593,0.76973,0.76983,1.50,1.37
2016.09.13 13:39:06.701,0.76973,0.76981,1.50,1.00
2016.09.13 13:39:06.942,0.76973,0.76982,1.50,1.00
2016.09.13 13:39:06.994,0.76977,0.76984,1.00,3.94
2016.09.13 13:39:07.045,0.76975,0.76985,1.50,1.69
2016.09.13 13:39:07.096,0.76975,0.76985,1.87,1.50
2016.09.13 13:39:07.147,0.76978,0.76985,1.00,1.12
2016.09.13 13:39:07.198,0.76978,0.76985,1.00,1.00
2016.09.13 13:39:07.249,0.76978,0.76987,1.00,2.62
2016.09.13 13:39:07.301,0.76978,0.76987,1.00,1.50
2016.09.13 13:39:07.403,0.76978,0.76987,1.12,1.00
2016.09.13 13:39:07.454,0.76978,0.76987,1.12,1.12
2016.09.13 13:39:07.735,0.76976,0.76986,1.75,1.00
2016.09.13 13:39:07.786,0.76976,0.76986,1.37,1.00
2016.09.13 13:39:07.837,0.76976,0.76984,1.00,1.12
2016.09.13 13:39:07.889,0.76975,0.76984,1.20,1.12
2016.09.13 13:39:07.940,0.76974,0.76983,1.07,1.00
2016.09.13 13:39:07.991,0.76973,0.76983,1.95,1.00
2016.09.13 13:39:08.093,0.76973,0.76983,1.95,1.12
2016.09.13 13:39:08.145,0.76973,0.76983,1.57,1.50
2016.09.13 13:39:08.196,0.76973,0.76983,1.57,1.12
2016.09.13 13:39:08.247,0.76973,0.76983,1.57,1.00
2016.09.13 13:39:08.298,0.76973,0.76983,1.00,1.69
2016.09.13 13:39:08.481,0.76975,0.76983,1.00,1.87
2016.09.13 13:39:08.541,0.76977,0.76985,1.00,1.01
2016.09.13 13:39:08.593,0.76978,0.76986,1.00,3.26
2016.09.13 13:39:08.644,0.76981,0.76987,1.00,1.12
2016.09.13 13:39:08.698,0.76982,0.76988,1.00,2.77
2016.09.13 13:39:08.757,0.76982,0.76988,1.00,1.00
2016.09.13 13:39:08.809,0.76982,0.76991,1.00,3.00
2016.09.13 13:39:08.860,0.76982,0.7699,1.00,1.00
2016.09.13 13:39:09.052,0.76982,0.76992,1.00,2.44
2016.09.13 13:39:09.103,0.76982,0.76989,1.00,1.00
2016.09.13 13:39:09.154,0.7698,0.7699,1.10,1.12
2016.09.13 13:39:09.205,0.76979,0.76989,1.00,1.00
2016.09.13 13:39:09.256,0.76977,0.76984,2.25,1.00
2016.09.13 13:39:09.307,0.76977,0.76984,1.87,1.00
2016.09.13 13:39:09.359,0.76977,0.76984,1.00,1.00
2016.09.13 13:39:09.852,0.76976,0.76986,3.07,1.00
2016.09.13 13:39:09.904,0.76976,0.76986,3.45,1.00
2016.09.13 13:39:10.109,0.76978,0.76987,1.50,1.00
2016.09.13 13:39:10.163,0.7698,0.76988,1.00,1.25
2016.09.13 13:39:10.214,0.7698,0.76989,1.00,1.12
2016.09.13 13:39:10.266,0.7698,0.7699,1.12,1.37
2016.09.13 13:39:10.317,0.76979,0.76987,2.25,1.00
2016.09.13 13:39:10.369,0.76979,0.76987,1.87,1.00
2016.09.13 13:39:10.420,0.76978,0.76986,2.62,1.00
2016.09.13 13:39:10.472,0.76977,0.76985,1.75,1.00
2016.09.13 13:39:10.661,0.76977,0.76986,1.20,1.69
2016.09.13 13:39:10.712,0.76977,0.76986,1.10,1.69
2016.09.13 13:39:10.764,0.76977,0.76986,1.00,1.50
2016.09.13 13:39:10.815,0.76977,0.76986,1.50,1.50
2016.09.13 13:39:10.866,0.76977,0.76986,1.87,1.12
2016.09.13 13:39:10.968,0.76977,0.76986,1.87,1.00
2016.09.13 13:39:11.225,0.76977,0.76985,1.12,1.00
2016.09.13 13:39:11.289,0.76975,0.76984,2.51,1.00
2016.09.13 13:39:11.398,0.76975,0.76984,2.14,1.00
2016.09.13 13:39:11.449,0.76975,0.76984,1.39,1.00
2016.09.13 13:39:11.602,0.76975,0.76984,1.31,1.00
2016.09.13 13:39:11.704,0.76975,0.76984,1.25,1.00
2016.09.13 13:39:11.843,0.76974,0.76984,3.26,1.00
2016.09.13 13:39:11.947,0.76974,0.76983,1.76,1.00
2016.09.13 13:39:11.998,0.76973,0.76983,4.01,1.00
2016.09.13 13:39:12.050,0.76973,0.76981,1.95,1.00
2016.09.13 13:39:12.101,0.76973,0.76981,2.32,1.00
2016.09.13 13:39:12.203,0.76973,0.76981,1.57,1.00
2016.09.13 13:39:12.254,0.76974,0.76982,1.12,1.00
2016.09.13 13:39:12.501,0.76975,0.76982,1.00,1.00
2016.09.13 13:39:12.832,0.76973,0.76981,2.32,1.00
2016.09.13 13:39:12.883,0.76973,0.7698,1.57,1.00
2016.09.13 13:39:12.934,0.76972,0.76979,1.12,1.00
2016.09.13 13:39:12.985,0.76971,0.7698,3.37,1.00
2016.09.13 13:39:13.037,0.76972,0.76981,1.01,1.00
2016.09.13 13:39:13.212,0.76972,0.76981,1.39,1.00
2016.09.13 13:39:13.265,0.76974,0.76983,1.20,1.37
2016.09.13 13:39:13.367,0.76974,0.76984,1.87,1.37
2016.09.13 13:39:13.469,0.76975,0.76983,1.07,1.37
2016.09.13 13:39:13.673,0.76974,0.76983,1.87,1.37
2016.09.13 13:39:14.059,0.76974,0.76983,2.62,1.37
2016.09.13 13:39:14.500,0.76976,0.76986,1.10,1.50
2016.09.13 13:39:14.551,0.76976,0.76985,1.47,1.37
2016.09.13 13:39:14.602,0.76978,0.76986,1.00,1.50
2016.09.13 13:39:14.653,0.76978,0.76988,1.00,1.87
2016.09.13 13:39:14.704,0.7698,0.76987,1.00,1.00
2016.09.13 13:39:14.938,0.76978,0.76987,2.04,1.00
2016.09.13 13:39:15.091,0.76978,0.76985,1.01,1.00
2016.09.13 13:39:15.142,0.76978,0.76985,1.29,1.00
2016.09.13 13:39:15.244,0.76977,0.76985,1.26,1.00
2016.09.13 13:39:15.550,0.76976,0.76984,1.69,1.00
2016.09.13 13:39:15.688,0.76974,0.76984,4.09,1.00
2016.09.13 13:39:15.740,0.76974,0.76982,2.96,1.00
2016.09.13 13:39:15.791,0.76974,0.76981,2.59,1.00
2016.09.13 13:39:15.843,0.76974,0.76981,2.21,1.00
2016.09.13 13:39:15.895,0.76974,0.76981,2.06,1.00
2016.09.13 13:39:15.998,0.76972,0.7698,1.56,1.00
2016.09.13 13:39:16.050,0.76972,0.7698,1.19,1.00
2016.09.13 13:39:16.102,0.76971,0.76979,2.06,1.00
2016.09.13 13:39:16.153,0.76971,0.76979,1.69,1.00
2016.09.13 13:39:16.204,0.76974,0.76982,1.25,1.10
2016.09.13 13:39:16.255,0.76974,0.76982,1.19,1.10
2016.09.13 13:39:16.442,0.76974,0.76983,1.19,1.57
2016.09.13 13:39:16.494,0.76974,0.76983,1.19,1.00
2016.09.13 13:39:16.548,0.76976,0.76985,1.19,1.12
2016.09.13 13:39:16.615,0.76977,0.76986,1.19,1.87
2016.09.13 13:39:16.667,0.76977,0.76986,1.19,1.00
2016.09.13 13:39:16.719,0.76976,0.76985,1.69,1.00
2016.09.13 13:39:16.770,0.76975,0.76982,1.57,1.00
2016.09.13 13:39:16.822,0.76975,0.76982,1.47,1.00
2016.09.13 13:39:16.873,0.76975,0.76982,1.00,1.00
2016.09.13 13:39:16.925,0.76972,0.76982,2.51,1.00
2016.09.13 13:39:16.976,0.76972,0.76982,2.14,1.12
2016.09.13 13:39:17.027,0.76972,0.76981,1.32,1.00
2016.09.13 13:39:17.194,0.76971,0.76981,1.76,1.00
2016.09.13 13:39:17.348,0.76971,0.76981,1.57,1.00
2016.09.13 13:39:17.400,0.76971,0.76981,1.57,1.37
2016.09.13 13:39:17.868,0.7697,0.7698,3.37,1.37
2016.09.13 13:39:17.919,0.7697,0.76979,1.50,1.37
2016.09.13 13:39:18.100,0.76969,0.76979,2.32,1.37
2016.09.13 13:39:18.153,0.76969,0.76979,1.57,1.37
2016.09.13 13:39:18.620,0.76969,0.76979,1.47,1.37
2016.09.13 13:39:18.671,0.76969,0.76979,1.20,1.37
2016.09.13 13:39:18.722,0.76968,0.76978,2.32,1.12
2016.09.13 13:39:18.773,0.76968,0.76978,1.95,1.12
2016.09.13 13:39:19.051,0.76968,0.76978,1.95,1.00
2016.09.13 13:39:19.330,0.76969,0.76976,1.12,1.00
2016.09.13 13:39:19.382,0.76967,0.76977,2.62,1.00
2016.09.13 13:39:19.433,0.76967,0.76977,1.50,1.00
2016.09.13 13:39:19.484,0.76967,0.76977,1.50,1.12
2016.09.13 13:39:19.586,0.76967,0.76975,1.50,1.00
2016.09.13 13:39:19.637,0.76967,0.76975,1.37,1.00
2016.09.13 13:39:19.688,0.76968,0.76976,1.12,1.00
2016.09.13 13:39:19.839,0.76968,0.76978,2.62,1.50
2016.09.13 13:39:19.891,0.7697,0.7698,1.37,1.00
2016.09.13 13:39:19.993,0.7697,0.7698,1.47,1.00
2016.09.13 13:39:20.094,0.7697,0.7698,1.47,1.37
2016.09.13 13:39:20.247,0.76969,0.76979,1.95,1.37
2016.09.13 13:39:20.298,0.76969,0.76979,1.87,1.37
2016.09.13 13:39:20.349,0.76969,0.76979,2.62,1.37
2016.09.13 13:39:20.453,0.76969,0.76979,1.50,1.37
2016.09.13 13:39:20.685,0.76969,0.76979,2.25,1.37
2016.09.13 13:39:20.838,0.76969,0.76979,2.62,1.37
2016.09.13 13:39:20.993,0.76969,0.76979,2.62,1.00
2016.09.13 13:39:21.148,0.76971,0.76978,1.12,1.00
2016.09.13 13:39:21.199,0.76971,0.76978,1.12,1.12
2016.09.13 13:39:21.300,0.76971,0.76978,1.00,1.12
2016.09.13 13:39:21.583,0.76975,0.76983,1.00,3.26
2016.09.13 13:39:21.647,0.76974,0.76984,1.57,2.25
2016.09.13 13:39:21.698,0.76976,0.76984,1.00,2.25
2016.09.13 13:39:21.800,0.76977,0.76984,1.00,1.50
2016.09.13 13:39:21.903,0.76977,0.76984,1.00,1.37
2016.09.13 13:39:22.005,0.76976,0.76984,1.12,1.87
2016.09.13 13:39:22.057,0.76975,0.76984,2.25,1.87
2016.09.13 13:39:22.219,0.76975,0.76984,1.50,2.25
2016.09.13 13:39:22.273,0.76973,0.76982,2.32,1.37
2016.09.13 13:39:22.325,0.76973,0.76981,1.10,1.37
2016.09.13 13:39:22.376,0.76973,0.76983,1.00,1.87
2016.09.13 13:39:22.427,0.76972,0.76982,1.10,1.37
2016.09.13 13:39:22.580,0.76972,0.76981,1.10,1.50
2016.09.13 13:39:22.631,0.76972,0.76981,1.20,1.50
2016.09.13 13:39:22.683,0.76972,0.76981,1.20,1.75
2016.09.13 13:39:22.963,0.76972,0.76981,1.20,1.37
2016.09.13 13:39:23.290,0.76972,0.76981,1.10,1.37
2016.09.13 13:39:23.560,0.76972,0.76981,1.57,1.37
2016.09.13 13:39:23.630,0.76972,0.76981,1.57,1.00
2016.09.13 13:39:24.177,0.76972,0.76982,1.57,1.00
2016.09.13 13:39:24.568,0.76972,0.76981,1.10,1.12
2016.09.13 13:39:24.619,0.76972,0.76981,1.00,1.12
2016.09.13 13:39:24.997,0.76972,0.7698,1.00,1.00
2016.09.13 13:39:25.367,0.76972,0.7698,1.50,1.00
2016.09.13 13:39:25.757,0.76972,0.7698,1.00,1.00
2016.09.13 13:39:25.860,0.7697,0.7698,1.10,1.00
2016.09.13 13:39:26.014,0.7697,0.76979,1.00,1.00
2016.09.13 13:39:26.065,0.76969,0.76979,1.57,1.00
2016.09.13 13:39:26.522,0.7697,0.7698,1.00,1.00
2016.09.13 13:39:26.845,0.76975,0.76985,1.50,4.76
2016.09.13 13:39:26.897,0.76976,0.76985,1.00,3.37
2016.09.13 13:39:26.949,0.76977,0.76986,1.50,3.37
2016.09.13 13:39:27.000,0.76977,0.76986,1.50,1.50
2016.09.13 13:39:27.051,0.76977,0.76986,1.50,1.12
2016.09.13 13:39:27.103,0.76977,0.76986,1.50,1.00
2016.09.13 13:39:27.622,0.76977,0.76985,1.50,1.00
2016.09.13 13:39:27.775,0.76977,0.76985,1.00,1.00
2016.09.13 13:39:27.826,0.76975,0.76985,1.57,1.00
2016.09.13 13:39:27.928,0.76976,0.76986,1.12,1.00
2016.09.13 13:39:27.979,0.76977,0.76986,1.00,1.00
2016.09.13 13:39:28.132,0.76976,0.76983,1.12,1.00
2016.09.13 13:39:28.353,0.76974,0.76983,1.20,1.00
2016.09.13 13:39:28.404,0.76974,0.76983,1.10,1.00
2016.09.13 13:39:29.140,0.76975,0.76984,1.00,1.12
2016.09.13 13:39:29.345,0.76977,0.76984,1.00,1.00
2016.09.13 13:39:29.499,0.76977,0.76987,1.00,2.25
2016.09.13 13:39:29.550,0.76978,0.76988,1.50,2.25
2016.09.13 13:39:29.736,0.76978,0.76988,2.02,1.50
2016.09.13 13:39:29.789,0.76979,0.76986,1.00,1.00
2016.09.13 13:39:29.841,0.76978,0.76987,2.02,1.00
2016.09.13 13:39:29.892,0.76978,0.76987,1.27,1.00
2016.09.13 13:39:30.046,0.76977,0.76986,1.12,1.00
2016.09.13 13:39:30.149,0.76978,0.76986,1.27,1.00
2016.09.13 13:39:30.201,0.76979,0.76986,1.00,1.00
2016.09.13 13:39:30.437,0.76979,0.76988,1.10,1.00
2016.09.13 13:39:30.745,0.76979,0.76989,1.20,1.00
2016.09.13 13:39:30.796,0.76979,0.76989,2.70,1.00
2016.09.13 13:39:30.848,0.7698,0.76989,1.00,1.00
2016.09.13 13:39:31.090,0.76981,0.76987,1.00,1.00
2016.09.13 13:39:31.192,0.76979,0.76988,1.20,1.00
2016.09.13 13:39:31.294,0.76978,0.76988,2.32,1.00
2016.09.13 13:39:31.397,0.76978,0.76988,1.95,1.00
2016.09.13 13:39:31.450,0.76978,0.76986,1.57,1.00
2016.09.13 13:39:31.701,0.76978,0.76986,1.12,1.00
2016.09.13 13:39:31.787,0.76978,0.76986,1.00,1.00
2016.09.13 13:39:32.619,0.76979,0.76989,1.00,2.25
2016.09.13 13:39:32.670,0.76982,0.76989,1.50,1.00
2016.09.13 13:39:32.722,0.76982,0.7699,1.50,1.50
2016.09.13 13:39:32.773,0.76982,0.76991,1.50,1.37
2016.09.13 13:39:32.827,0.76983,0.76992,1.12,1.00
2016.09.13 13:39:32.929,0.76983,0.76992,1.37,1.00
2016.09.13 13:39:32.980,0.76983,0.76992,1.50,1.00
2016.09.13 13:39:33.259,0.76984,0.76992,1.12,1.00
2016.09.13 13:39:33.311,0.76984,0.76993,1.12,1.00
2016.09.13 13:39:33.386,0.76982,0.76991,2.32,1.00
2016.09.13 13:39:33.437,0.76983,0.76991,1.00,1.00
2016.09.13 13:39:33.488,0.76982,0.76991,2.32,1.00
2016.09.13 13:39:33.590,0.76982,0.76992,1.57,1.00
2016.09.13 13:39:33.642,0.76982,0.76992,1.20,1.00
2016.09.13 13:39:33.693,0.76982,0.76992,1.57,1.00
2016.09.13 13:39:33.883,0.76983,0.7699,1.00,1.00
2016.09.13 13:39:33.985,0.76982,0.76991,1.10,1.00
2016.09.13 13:39:34.037,0.76982,0.7699,1.00,1.00
2016.09.13 13:39:34.088,0.7698,0.7699,1.20,1.00
2016.09.13 13:39:34.343,0.7698,0.7699,1.27,1.12
2016.09.13 13:39:34.446,0.7698,0.7699,1.27,1.50
2016.09.13 13:39:34.782,0.76981,0.7699,1.00,1.50
2016.09.13 13:39:34.833,0.7698,0.7699,1.27,1.12
2016.09.13 13:39:34.884,0.7698,0.76989,1.27,1.00
2016.09.13 13:39:35.037,0.7698,0.76989,1.57,1.00
2016.09.13 13:39:35.088,0.76981,0.7699,1.10,1.12
2016.09.13 13:39:35.139,0.76981,0.76991,1.10,1.50
2016.09.13 13:39:35.191,0.76982,0.76991,1.50,1.50
2016.09.13 13:39:35.242,0.76983,0.76991,1.12,1.12
2016.09.13 13:39:35.408,0.76989,0.76994,1.00,3.37
2016.09.13 13:39:35.469,0.76991,0.76995,1.20,1.87
2016.09.13 13:39:35.522,0.76991,0.76995,1.20,1.12
2016.09.13 13:39:35.573,0.76992,0.76999,1.00,1.75
2016.09.13 13:39:35.625,0.76991,0.77001,1.12,3.00
2016.09.13 13:39:35.676,0.76993,0.77001,1.12,1.00
2016.09.13 13:39:35.727,0.76993,0.77003,1.12,2.32
2016.09.13 13:39:35.778,0.76993,0.77002,1.50,1.00
2016.09.13 13:39:35.959,0.76993,0.77002,3.82,1.00
2016.09.13 13:39:36.011,0.76993,0.77003,3.07,1.87
2016.09.13 13:39:36.062,0.76994,0.77002,1.50,1.00
2016.09.13 13:39:36.114,0.76994,0.77003,1.50,1.87
2016.09.13 13:39:36.165,0.76996,0.77003,1.00,1.12
2016.09.13 13:39:36.698,0.76995,0.77004,1.00,1.87
2016.09.13 13:39:37.026,0.76996,0.77004,1.00,1.37
2016.09.13 13:39:37.077,0.76996,0.77004,1.00,1.37
2016.09.13 13:39:37.128,0.76997,0.77004,1.00,1.50
2016.09.13 13:39:37.350,0.76993,0.77002,5.44,1.00
2016.09.13 13:39:37.402,0.76993,0.77002,4.69,1.00
2016.09.13 13:39:37.454,0.76993,0.77002,3.75,1.00
2016.09.13 13:39:37.506,0.76993,0.77002,3.37,1.00
2016.09.13 13:39:37.558,0.76993,0.77002,2.62,1.50
2016.09.13 13:39:37.660,0.76994,0.77002,1.00,1.50
2016.09.13 13:39:37.711,0.76993,0.77002,3.75,1.00
2016.09.13 13:39:37.763,0.76993,0.77002,3.37,1.00
2016.09.13 13:39:37.815,0.76993,0.77002,3.37,1.00
2016.09.13 13:39:37.985,0.76993,0.77002,2.62,1.00
2016.09.13 13:39:38.038,0.76993,0.77002,2.62,1.50
2016.09.13 13:39:38.089,0.76993,0.77002,1.50,1.50
2016.09.13 13:39:38.140,0.76993,0.77001,1.85,1.00
2016.09.13 13:39:38.243,0.76993,0.76999,1.00,1.00
2016.09.13 13:39:38.294,0.7699,0.76998,3.56,1.00
2016.09.13 13:39:38.347,0.76989,0.76997,3.07,1.00
2016.09.13 13:39:38.398,0.76988,0.76996,1.95,1.00
2016.09.13 13:39:38.450,0.76988,0.76995,1.50,1.00
2016.09.13 13:39:38.619,0.76988,0.76995,1.00,1.00
2016.09.13 13:39:38.679,0.76988,0.76997,1.00,1.50
2016.09.13 13:39:38.832,0.76988,0.76996,1.00,1.37
2016.09.13 13:39:38.883,0.76988,0.76995,1.00,1.12
2016.09.13 13:39:38.935,0.76987,0.76995,1.00,1.87
2016.09.13 13:39:38.987,0.76984,0.76994,1.69,1.50
2016.09.13 13:39:39.040,0.76984,0.76994,1.50,1.50
2016.09.13 13:39:39.093,0.76984,0.76993,1.00,1.12
2016.09.13 13:39:39.280,0.76984,0.76993,1.00,1.37
2016.09.13 13:39:39.332,0.76985,0.76995,1.00,4.87
2016.09.13 13:39:39.485,0.76984,0.76993,1.00,1.37
2016.09.13 13:39:39.536,0.76983,0.76993,1.10,1.37
2016.09.13 13:39:39.587,0.76983,0.76991,1.10,1.00
2016.09.13 13:39:39.639,0.76984,0.76991,1.00,1.87
2016.09.13 13:39:39.711,0.76982,0.76991,1.20,1.50
2016.09.13 13:39:39.883,0.76982,0.7699,1.20,1.00
2016.09.13 13:39:39.986,0.76982,0.76991,1.20,3.00
2016.09.13 13:39:40.037,0.76982,0.76991,1.20,3.75
2016.09.13 13:39:40.089,0.76982,0.76991,1.12,2.62
2016.09.13 13:39:40.294,0.76981,0.7699,1.57,2.25
2016.09.13 13:39:40.345,0.76981,0.76988,1.57,1.12
2016.09.13 13:39:40.448,0.76979,0.76989,1.12,2.25
2016.09.13 13:39:40.499,0.76979,0.76989,1.12,3.37
2016.09.13 13:39:40.659,0.76979,0.76989,1.12,3.75
2016.09.13 13:39:40.711,0.7698,0.76987,1.10,1.00
2016.09.13 13:39:40.763,0.76981,0.76987,1.00,1.12
2016.09.13 13:39:40.814,0.76981,0.76989,1.00,2.62
2016.09.13 13:39:40.866,0.76981,0.76989,1.00,1.87
2016.09.13 13:39:40.917,0.76981,0.7699,1.00,2.62
2016.09.13 13:39:40.968,0.76981,0.7699,1.00,1.87
2016.09.13 13:39:41.212,0.76981,0.7699,1.00,1.87
2016.09.13 13:39:41.714,0.7698,0.7699,1.10,1.87
2016.09.13 13:39:41.765,0.76978,0.76988,2.62,1.12
2016.09.13 13:39:41.816,0.76978,0.76986,1.12,1.00
2016.09.13 13:39:41.867,0.76976,0.76983,1.12,1.00
2016.09.13 13:39:41.918,0.76976,0.76983,1.00,1.00
2016.09.13 13:39:41.970,0.76974,0.76984,1.10,1.12
2016.09.13 13:39:42.226,0.76974,0.76984,1.10,1.50
2016.09.13 13:39:42.464,0.76974,0.76984,1.57,1.50
2016.09.13 13:39:42.626,0.76974,0.76984,1.57,1.87
2016.09.13 13:39:42.728,0.76975,0.76985,1.12,3.75
2016.09.13 13:39:42.780,0.76975,0.76985,1.12,2.62
2016.09.13 13:39:42.831,0.76975,0.76985,1.12,1.87
2016.09.13 13:39:42.933,0.76979,0.76985,1.00,1.50
2016.09.13 13:39:42.984,0.7698,0.76985,1.00,1.37
2016.09.13 13:39:43.036,0.76981,0.76989,1.00,1.87
2016.09.13 13:39:43.087,0.76981,0.76989,1.00,1.50
2016.09.13 13:39:43.271,0.76981,0.7699,1.00,1.87
2016.09.13 13:39:43.327,0.76981,0.7699,1.00,1.50
2016.09.13 13:39:43.379,0.76981,0.7699,1.00,1.12
2016.09.13 13:39:43.430,0.76982,0.76991,1.00,1.87
2016.09.13 13:39:43.532,0.76984,0.76991,1.00,1.00
2016.09.13 13:39:43.583,0.76984,0.76991,1.00,1.00
2016.09.13 13:39:44.076,0.76982,0.7699,1.00,2.62
2016.09.13 13:39:44.127,0.7698,0.76987,1.20,1.12
2016.09.13 13:39:44.178,0.76978,0.76988,1.00,1.87
2016.09.13 13:39:44.230,0.76977,0.76987,1.00,1.50
2016.09.13 13:39:44.282,0.76977,0.76986,1.00,1.12
2016.09.13 13:39:44.334,0.76977,0.76986,1.00,1.50
2016.09.13 13:39:44.386,0.7698,0.76986,1.00,1.75
2016.09.13 13:39:44.438,0.76981,0.76986,1.00,1.37
2016.09.13 13:39:44.490,0.76981,0.76987,1.12,1.00
2016.09.13 13:39:44.541,0.76983,0.76988,1.00,1.50
2016.09.13 13:39:44.759,0.76985,0.76994,1.00,1.50
2016.09.13 13:39:44.811,0.76985,0.76994,1.00,1.00
2016.09.13 13:39:44.965,0.76985,0.76995,1.00,1.87
2016.09.13 13:39:45.016,0.76986,0.76995,1.00,2.62
2016.09.13 13:39:45.067,0.76986,0.76994,1.00,1.00
2016.09.13 13:39:45.169,0.76986,0.76995,1.00,2.44
2016.09.13 13:39:45.462,0.76986,0.76995,1.00,2.81
2016.09.13 13:39:45.515,0.76986,0.76995,1.00,3.56
2016.09.13 13:39:45.567,0.76986,0.76995,1.00,2.81
2016.09.13 13:39:45.618,0.76986,0.76995,1.00,2.62
2016.09.13 13:39:45.771,0.76986,0.76995,1.00,1.87
2016.09.13 13:39:45.822,0.76987,0.76995,1.00,1.12
2016.09.13 13:39:45.892,0.76988,0.76996,1.00,2.25
2016.09.13 13:39:45.945,0.76988,0.76996,1.00,1.50
2016.09.13 13:39:46.306,0.76986,0.76996,1.50,3.00
2016.09.13 13:39:46.408,0.76988,0.76995,1.00,1.00
2016.09.13 13:39:46.613,0.76988,0.76996,1.00,1.50
2016.09.13 13:39:46.816,0.76988,0.76996,1.00,1.00
2016.09.13 13:39:47.020,0.76987,0.76997,1.50,3.00
2016.09.13 13:39:47.122,0.76989,0.76997,1.00,2.25
2016.09.13 13:39:47.173,0.76989,0.76997,1.00,1.12
2016.09.13 13:39:47.276,0.76989,0.76998,1.00,1.87
2016.09.13 13:39:47.481,0.7699,0.76998,1.00,1.37
2016.09.13 13:39:47.533,0.7699,0.76999,1.00,1.50
2016.09.13 13:39:47.760,0.76989,0.76999,1.00,2.62
2016.09.13 13:39:47.814,0.76989,0.76999,1.00,4.12
2016.09.13 13:39:48.123,0.76989,0.76999,1.00,3.37
2016.09.13 13:39:48.385,0.76989,0.76998,1.00,1.87
2016.09.13 13:39:48.488,0.76988,0.76998,1.50,1.95
2016.09.13 13:39:48.742,0.76986,0.76996,1.95,1.00
2016.09.13 13:39:48.793,0.76987,0.76994,1.00,1.00
2016.09.13 13:39:48.844,0.76985,0.76995,1.76,1.00
2016.09.13 13:39:48.895,0.76985,0.76995,1.57,1.00
2016.09.13 13:39:48.947,0.76985,0.76994,1.57,1.12
2016.09.13 13:39:49.049,0.76985,0.76993,1.57,1.00
2016.09.13 13:39:49.101,0.76985,0.76993,1.10,1.00
2016.09.13 13:39:49.152,0.76986,0.76995,1.00,3.00
2016.09.13 13:39:49.203,0.76985,0.76995,1.10,2.25
2016.09.13 13:39:49.254,0.76985,0.76995,1.00,2.62
2016.09.13 13:39:49.446,0.76985,0.76995,1.12,1.87
2016.09.13 13:39:50.411,0.76986,0.76994,1.00,1.00
2016.09.13 13:39:50.462,0.76986,0.76994,1.00,1.12
2016.09.13 13:39:50.514,0.76988,0.76994,1.00,1.12
2016.09.13 13:39:50.566,0.76988,0.76994,1.00,1.00
2016.09.13 13:39:50.619,0.76988,0.76996,1.00,1.87
2016.09.13 13:39:50.671,0.76988,0.76996,1.00,1.12
2016.09.13 13:39:50.722,0.76988,0.76997,1.00,1.37
2016.09.13 13:39:50.773,0.76988,0.76997,1.37,1.37
2016.09.13 13:39:50.824,0.76988,0.76998,1.50,3.75
2016.09.13 13:39:51.004,0.76988,0.76998,1.00,3.75
2016.09.13 13:39:51.056,0.76988,0.76998,1.00,3.00
2016.09.13 13:39:51.107,0.76988,0.76997,1.00,1.00
2016.09.13 13:39:51.339,0.76988,0.76997,1.00,1.50
2016.09.13 13:39:51.391,0.76988,0.76997,1.00,2.25
2016.09.13 13:39:51.543,0.76988,0.76997,1.00,1.50
2016.09.13 13:39:51.808,0.76988,0.76997,1.00,1.37
2016.09.13 13:39:51.910,0.76988,0.76998,1.00,2.62
2016.09.13 13:39:52.063,0.76989,0.76998,1.00,3.37
2016.09.13 13:39:52.146,0.76989,0.76998,1.00,2.62
2016.09.13 13:39:52.490,0.76989,0.76998,1.00,1.87
2016.09.13 13:39:52.751,0.76989,0.76998,1.00,1.37
2016.09.13 13:39:53.042,0.76989,0.76998,1.00,1.50
2016.09.13 13:39:53.093,0.76989,0.76998,1.00,2.25
2016.09.13 13:39:53.145,0.76988,0.76998,1.10,3.00
2016.09.13 13:39:53.196,0.76988,0.76997,1.00,1.87
2016.09.13 13:39:53.247,0.76988,0.76997,1.00,2.25
2016.09.13 13:39:53.298,0.76988,0.76997,1.00,3.00
2016.09.13 13:39:53.411,0.76988,0.76997,1.00,2.25
2016.09.13 13:39:53.462,0.76988,0.76997,1.00,1.50
2016.09.13 13:39:53.637,0.76989,0.76997,1.00,2.25
2016.09.13 13:39:53.688,0.76989,0.76997,1.00,1.50
2016.09.13 13:39:53.739,0.76989,0.76997,1.00,1.87
2016.09.13 13:39:53.994,0.76989,0.76997,1.00,1.12
2016.09.13 13:39:54.046,0.7699,0.76997,1.00,1.12
2016.09.13 13:39:54.097,0.7699,0.76997,1.00,1.00
2016.09.13 13:39:54.149,0.7699,0.76999,1.00,1.12
2016.09.13 13:39:54.201,0.7699,0.76999,1.00,1.00
2016.09.13 13:39:54.384,0.7699,0.76999,1.00,1.12
2016.09.13 13:39:54.741,0.76992,0.77,1.00,1.12
2016.09.13 13:39:54.945,0.76991,0.77,1.00,1.87
2016.09.13 13:39:55.048,0.76993,0.77,1.00,2.25
2016.09.13 13:39:55.192,0.76992,0.77,1.00,1.12
2016.09.13 13:39:55.243,0.76993,0.77001,1.00,1.50
2016.09.13 13:39:55.576,0.76993,0.77001,1.00,1.50
2016.09.13 13:39:55.779,0.76994,0.77001,1.00,2.25
2016.09.13 13:39:56.229,0.76994,0.77001,1.00,1.50
2016.09.13 13:39:56.647,0.76992,0.77002,1.00,3.00
2016.09.13 13:39:56.698,0.76991,0.76999,1.00,1.00
2016.09.13 13:39:56.751,0.7699,0.76999,1.25,1.00
2016.09.13 13:39:56.802,0.7699,0.76999,1.25,1.12
2016.09.13 13:39:56.853,0.7699,0.76999,1.00,2.25
2016.09.13 13:39:57.110,0.7699,0.76998,1.00,1.00
2016.09.13 13:39:57.263,0.7699,0.76997,1.00,1.12
2016.09.13 13:39:57.365,0.76988,0.76998,1.10,2.62
2016.09.13 13:39:57.467,0.76988,0.76998,1.10,3.00
2016.09.13 13:39:57.642,0.76988,0.76998,1.10,2.62
2016.09.13 13:39:57.744,0.76988,0.76998,1.10,1.87
2016.09.13 13:39:57.963,0.76986,0.76996,2.70,1.00
2016.09.13 13:39:58.635,0.76986,0.76995,1.47,1.00
2016.09.13 13:39:58.686,0.76985,0.76993,2.32,1.00
2016.09.13 13:39:58.845,0.76985,0.76992,1.00,1.00
2016.09.13 13:39:58.897,0.76983,0.76993,1.87,1.00
2016.09.13 13:39:58.948,0.76983,0.76993,1.95,1.00
2016.09.13 13:39:59.000,0.76983,0.76993,2.70,1.00
2016.09.13 13:39:59.053,0.76984,0.76993,1.95,1.00
2016.09.13 13:39:59.104,0.76986,0.76993,1.00,1.00
2016.09.13 13:39:59.547,0.76989,0.76997,1.00,1.50
2016.09.13 13:39:59.599,0.76989,0.76997,1.10,1.12
2016.09.13 13:39:59.650,0.7699,0.76999,1.00,1.50
2016.09.13 13:39:59.701,0.76991,0.76999,1.00,1.00
2016.09.13 13:39:59.753,0.76991,0.76999,1.00,1.12
2016.09.13 13:39:59.855,0.76991,0.76999,1.00,1.00
2016.09.13 13:40:00.009,0.7699,0.76998,1.50,1.00
2016.09.13 13:40:00.060,0.7699,0.76997,1.00,1.00
2016.09.13 13:40:00.111,0.76988,0.76998,3.45,1.00
2016.09.13 13:40:00.267,0.7699,0.76998,1.00,1.00
2016.09.13 13:40:00.319,0.7699,0.76998,1.12,1.00
2016.09.13 13:40:00.370,0.7699,0.76998,1.00,1.00
2016.09.13 13:40:00.472,0.7699,0.76998,1.12,1.00
2016.09.13 13:40:00.523,0.76989,0.76998,1.57,1.00
2016.09.13 13:40:00.625,0.76988,0.76998,3.00,1.50
2016.09.13 13:40:00.676,0.76988,0.76998,2.02,1.50
2016.09.13 13:40:00.830,0.76988,0.76997,1.27,1.00
2016.09.13 13:40:01.013,0.76988,0.76997,1.00,1.00
2016.09.13 13:40:01.116,0.76988,0.76997,1.00,1.12
2016.09.13 13:40:01.218,0.76988,0.76998,1.00,1.37
2016.09.13 13:40:01.269,0.7699,0.76999,1.00,1.50
2016.09.13 13:40:01.320,0.76991,0.77,1.00,2.62
2016.09.13 13:40:01.575,0.76993,0.77,1.00,1.87
2016.09.13 13:40:01.769,0.76994,0.77,1.00,1.12
2016.09.13 13:40:01.833,0.76994,0.77003,1.00,1.50
2016.09.13 13:40:01.884,0.76994,0.77003,1.12,1.50
2016.09.13 13:40:01.936,0.76994,0.77003,1.12,1.00
2016.09.13 13:40:01.987,0.76994,0.77002,1.12,1.00
2016.09.13 13:40:02.089,0.76994,0.77002,1.00,1.00
2016.09.13 13:40:02.140,0.76994,0.77003,1.00,1.12
2016.09.13 13:40:02.374,0.76994,0.77003,1.00,2.25
2016.09.13 13:40:02.425,0.76994,0.77002,1.00,1.00
2016.09.13 13:40:02.477,0.76995,0.77004,1.00,1.95
2016.09.13 13:40:02.529,0.76995,0.77004,1.00,1.87
2016.09.13 13:40:02.632,0.76995,0.77003,1.00,1.00
2016.09.13 13:40:02.734,0.76995,0.77003,1.00,1.50
2016.09.13 13:40:03.061,0.76995,0.77003,1.50,1.00
2016.09.13 13:40:03.214,0.76995,0.77003,1.00,1.00
2016.09.13 13:40:03.265,0.76995,0.77002,1.00,1.00
2016.09.13 13:40:03.418,0.76994,0.77002,1.12,1.00
2016.09.13 13:40:03.811,0.76995,0.77002,1.00,1.00
2016.09.13 13:40:04.016,0.76995,0.77002,1.50,1.00
2016.09.13 13:40:04.118,0.76995,0.77002,1.12,1.50
2016.09.13 13:40:04.452,0.76995,0.77002,1.12,1.00
2016.09.13 13:40:04.622,0.76995,0.77002,1.00,1.00
2016.09.13 13:40:04.826,0.77,0.77008,1.00,2.77
2016.09.13 13:40:04.877,0.76999,0.77008,1.00,2.62
2016.09.13 13:40:04.929,0.76999,0.77008,1.00,3.37
2016.09.13 13:40:05.187,0.77,0.77008,1.00,1.87
2016.09.13 13:40:05.289,0.77,0.77008,1.00,1.50
2016.09.13 13:40:05.340,0.77,0.77008,1.00,1.12
2016.09.13 13:40:05.391,0.77001,0.77008,1.00,1.00
2016.09.13 13:40:05.442,0.77001,0.7701,1.00,2.06
2016.09.13 13:40:05.494,0.77001,0.7701,1.00,1.76
2016.09.13 13:40:05.545,0.77,0.7701,1.00,2.14
2016.09.13 13:40:05.596,0.77,0.77009,1.00,1.37
2016.09.13 13:40:05.648,0.76999,0.77006,1.00,1.50
2016.09.13 13:40:05.700,0.76998,0.77006,1.00,1.87
2016.09.13 13:40:05.885,0.76999,0.77006,1.00,2.02
2016.09.13 13:40:05.939,0.76998,0.77007,1.00,1.45
2016.09.13 13:40:05.991,0.76999,0.77007,1.00,1.20
2016.09.13 13:40:06.043,0.76999,0.77007,1.00,1.95
2016.09.13 13:40:06.094,0.76999,0.77007,1.00,1.57
2016.09.13 13:40:06.145,0.76999,0.77007,1.00,1.10
2016.09.13 13:40:06.196,0.77,0.77007,1.00,1.20
2016.09.13 13:40:06.298,0.77002,0.77007,1.00,1.10
2016.09.13 13:40:06.349,0.77002,0.77008,1.00,1.50
2016.09.13 13:40:06.400,0.77002,0.77008,1.00,1.00
2016.09.13 13:40:06.452,0.77002,0.77009,1.00,1.10
2016.09.13 13:40:06.503,0.77002,0.77011,1.00,3.07
2016.09.13 13:40:06.658,0.77002,0.77011,1.00,2.32
2016.09.13 13:40:06.709,0.77004,0.77011,1.00,1.12
2016.09.13 13:40:06.914,0.77004,0.77012,1.00,1.00
2016.09.13 13:40:07.320,0.77003,0.77011,1.00,1.00
2016.09.13 13:40:07.667,0.77003,0.77011,1.00,1.50
2016.09.13 13:40:07.769,0.77003,0.77012,1.00,1.12
2016.09.13 13:40:07.820,0.77003,0.77012,1.00,1.00
2016.09.13 13:40:08.041,0.77003,0.77012,1.00,1.00
2016.09.13 13:40:08.092,0.77004,0.77011,1.00,1.00
2016.09.13 13:40:08.194,0.77002,0.77012,1.50,1.50
2016.09.13 13:40:08.246,0.77002,0.77011,1.00,1.00
2016.09.13 13:40:08.927,0.77002,0.77011,1.12,1.00
2016.09.13 13:40:09.149,0.77002,0.77011,1.00,1.00
2016.09.13 13:40:09.683,0.77003,0.77012,1.50,1.00
2016.09.13 13:40:09.836,0.77003,0.77012,1.00,1.00
2016.09.13 13:40:09.989,0.77002,0.77011,1.00,1.50
2016.09.13 13:40:10.091,0.77002,0.77009,1.00,1.00
2016.09.13 13:40:10.625,0.77002,0.77011,1.00,1.87
2016.09.13 13:40:10.683,0.77002,0.77011,1.00,1.12
2016.09.13 13:40:10.734,0.77003,0.77012,1.00,1.76
2016.09.13 13:40:10.786,0.77005,0.77012,1.00,1.69
2016.09.13 13:40:10.889,0.77005,0.77013,1.00,3.71
2016.09.13 13:40:10.940,0.77005,0.77012,1.00,1.25
2016.09.13 13:40:11.148,0.77005,0.77013,1.00,2.44
2016.09.13 13:40:11.250,0.77005,0.77013,1.00,3.19
2016.09.13 13:40:11.352,0.77003,0.77013,1.00,4.69
2016.09.13 13:40:11.403,0.77003,0.77013,1.00,5.44
2016.09.13 13:40:11.455,0.77003,0.77011,1.00,1.12
2016.09.13 13:40:11.841,0.77003,0.7701,1.00,1.00
2016.09.13 13:40:12.632,0.77004,0.7701,1.00,1.00
2016.09.13 13:40:12.684,0.76999,0.77007,1.87,1.50
2016.09.13 13:40:12.736,0.77001,0.77007,1.00,1.50
2016.09.13 13:40:12.787,0.77001,0.77007,1.00,1.12
2016.09.13 13:40:12.838,0.77002,0.77008,1.00,1.20
2016.09.13 13:40:12.889,0.77002,0.77009,1.00,1.87
2016.09.13 13:40:12.940,0.77002,0.77009,1.00,1.50
2016.09.13 13:40:12.991,0.77002,0.77009,1.00,1.12
2016.09.13 13:40:13.093,0.77004,0.77011,1.00,1.12
2016.09.13 13:40:13.271,0.77002,0.77011,1.10,1.00
2016.09.13 13:40:13.323,0.77002,0.7701,1.00,1.25
2016.09.13 13:40:13.425,0.77004,0.77011,1.00,3.19
2016.09.13 13:40:13.578,0.77004,0.77011,1.00,1.50
2016.09.13 13:40:13.694,0.77004,0.77011,1.00,1.00
2016.09.13 13:40:13.797,0.77,0.77009,2.25,1.00
2016.09.13 13:40:13.972,0.77,0.77009,1.00,1.95
2016.09.13 13:40:14.032,0.77003,0.77008,1.00,1.10
2016.09.13 13:40:14.084,0.77003,0.77011,1.00,2.25
2016.09.13 13:40:14.137,0.77005,0.77011,1.00,1.87
2016.09.13 13:40:14.191,0.77004,0.77011,1.00,1.50
2016.09.13 13:40:14.243,0.77004,0.77011,1.00,1.50
2016.09.13 13:40:14.407,0.77004,0.77011,1.00,1.00
2016.09.13 13:40:14.688,0.77004,0.77013,1.00,1.12
2016.09.13 13:40:14.790,0.77004,0.77013,1.00,1.12
2016.09.13 13:40:14.841,0.77004,0.77013,1.00,1.50
2016.09.13 13:40:14.944,0.77004,0.77013,1.00,2.25
2016.09.13 13:40:14.995,0.77004,0.77013,1.00,2.44
2016.09.13 13:40:15.046,0.77004,0.77013,1.00,2.81
2016.09.13 13:40:15.097,0.77004,0.77012,1.00,1.12
2016.09.13 13:40:15.148,0.77002,0.77011,1.00,2.10
2016.09.13 13:40:15.199,0.77002,0.77009,1.00,1.00
2016.09.13 13:40:15.449,0.77001,0.7701,1.00,1.50
2016.09.13 13:40:15.500,0.77001,0.7701,1.00,1.87
2016.09.13 13:40:15.551,0.76999,0.77009,1.10,1.50
2016.09.13 13:40:15.704,0.76999,0.77009,1.10,1.87
2016.09.13 13:40:15.858,0.76999,0.77009,1.10,1.50
2016.09.13 13:40:15.909,0.76998,0.77004,1.20,1.00
2016.09.13 13:40:15.960,0.76997,0.77004,1.12,1.00
2016.09.13 13:40:16.143,0.76997,0.77004,1.00,1.57
2016.09.13 13:40:16.194,0.76996,0.77004,1.00,2.32
2016.09.13 13:40:16.248,0.76996,0.77003,1.00,2.25
2016.09.13 13:40:16.351,0.76995,0.77004,1.00,1.85
2016.09.13 13:40:16.453,0.76995,0.77003,1.00,1.00
2016.09.13 13:40:16.791,0.76997,0.77003,1.00,1.00
2016.09.13 13:40:16.879,0.76995,0.77005,1.00,1.39
2016.09.13 13:40:16.930,0.76995,0.77005,1.00,1.99
2016.09.13 13:40:16.981,0.76993,0.77003,1.95,1.12
2016.09.13 13:40:17.033,0.76993,0.77003,1.10,1.00
2016.09.13 13:40:17.084,0.76993,0.77003,1.00,1.00
2016.09.13 13:40:17.136,0.76992,0.76999,1.00,1.00
2016.09.13 13:40:17.187,0.76994,0.77002,1.00,1.65
2016.09.13 13:40:17.238,0.76994,0.77003,1.00,1.95
2016.09.13 13:40:17.289,0.76994,0.77004,1.00,4.76
2016.09.13 13:40:17.341,0.76994,0.77004,1.00,2.89
2016.09.13 13:40:17.392,0.76994,0.77004,1.00,2.14
2016.09.13 13:40:17.536,0.76994,0.77004,1.00,2.06
2016.09.13 13:40:17.588,0.76995,0.77005,1.00,2.51
2016.09.13 13:40:17.639,0.76995,0.77005,1.00,1.87
2016.09.13 13:40:17.742,0.76995,0.77002,1.00,1.00
2016.09.13 13:40:17.793,0.76993,0.77001,3.37,1.00
2016.09.13 13:40:17.845,0.76993,0.77001,2.25,1.00
2016.09.13 13:40:17.897,0.76993,0.77001,1.00,1.12
2016.09.13 13:40:17.949,0.76991,0.77001,1.37,2.02
2016.09.13 13:40:18.001,0.7699,0.77,1.12,1.00
2016.09.13 13:40:18.052,0.76995,0.77,1.00,1.47
2016.09.13 13:40:18.241,0.76995,0.77,1.00,1.57
2016.09.13 13:40:18.301,0.76995,0.77,1.00,1.95
2016.09.13 13:40:18.354,0.76994,0.77,1.00,2.70
2016.09.13 13:40:18.560,0.76994,0.77,1.00,3.45
2016.09.13 13:40:18.683,0.76993,0.76999,1.00,1.50
2016.09.13 13:40:18.735,0.76993,0.76999,1.00,2.47
2016.09.13 13:40:18.786,0.76992,0.76998,1.00,1.50
2016.09.13 13:40:18.837,0.76992,0.76998,1.00,1.75
2016.09.13 13:40:18.888,0.76992,0.76997,1.00,1.00
2016.09.13 13:40:19.070,0.76991,0.76998,1.00,3.45
2016.09.13 13:40:19.172,0.7699,0.76997,1.00,1.50
2016.09.13 13:40:19.275,0.7699,0.76997,1.00,1.87
2016.09.13 13:40:19.377,0.76991,0.76998,1.00,4.95
2016.09.13 13:40:19.428,0.76992,0.76998,1.00,1.85
2016.09.13 13:40:19.479,0.76992,0.76997,1.00,1.00
2016.09.13 13:40:19.667,0.76995,0.76999,1.00,1.20
2016.09.13 13:40:19.724,0.76996,0.77001,1.00,1.12
2016.09.13 13:40:19.775,0.76996,0.77002,1.00,3.82
2016.09.13 13:40:19.826,0.76997,0.77002,1.00,1.50
2016.09.13 13:40:19.929,0.76998,0.77003,1.00,1.27
2016.09.13 13:40:19.981,0.76998,0.77004,1.00,2.25
2016.09.13 13:40:20.033,0.76999,0.77005,1.00,2.25
2016.09.13 13:40:20.084,0.76999,0.77006,1.00,2.47
2016.09.13 13:40:20.136,0.76999,0.77005,1.00,1.00
2016.09.13 13:40:20.327,0.76999,0.77005,1.00,1.10
2016.09.13 13:40:20.379,0.77,0.77006,1.00,1.87
2016.09.13 13:40:20.430,0.77,0.77006,1.00,2.25
2016.09.13 13:40:20.482,0.77,0.77006,1.00,1.87
2016.09.13 13:40:20.533,0.77,0.77006,1.00,1.50
2016.09.13 13:40:20.584,0.77,0.77005,1.00,1.37
2016.09.13 13:40:20.635,0.77,0.77004,1.00,1.00
2016.09.13 13:40:20.839,0.76998,0.77005,1.00,3.37
2016.09.13 13:40:20.890,0.76998,0.77005,1.00,4.12
2016.09.13 13:40:20.941,0.76998,0.77004,1.00,1.00
2016.09.13 13:40:21.170,0.76997,0.77005,1.00,1.75
2016.09.13 13:40:21.222,0.77,0.77005,1.00,1.50
2016.09.13 13:40:21.274,0.77,0.77006,1.00,1.85
2016.09.13 13:40:21.327,0.77001,0.77005,1.00,1.00
2016.09.13 13:40:21.378,0.77001,0.77007,1.00,1.87
2016.09.13 13:40:21.431,0.77003,0.77008,1.00,1.57
2016.09.13 13:40:21.483,0.77003,0.77008,1.00,1.50
2016.09.13 13:40:21.534,0.77004,0.77008,1.00,1.00
2016.09.13 13:40:21.964,0.77001,0.77007,1.00,1.00
2016.09.13 13:40:22.066,0.77001,0.77007,1.00,1.12
2016.09.13 13:40:22.117,0.77001,0.77007,1.00,1.50
2016.09.13 13:40:22.271,0.77,0.77006,1.00,1.00
2016.09.13 13:40:22.517,0.76999,0.77006,1.00,2.32
2016.09.13 13:40:22.569,0.76999,0.77006,1.00,2.62
2016.09.13 13:40:22.620,0.76998,0.77006,1.00,3.00
2016.09.13 13:40:22.672,0.77,0.77006,1.00,3.00
2016.09.13 13:40:22.723,0.77,0.77006,1.00,2.62
2016.09.13 13:40:22.774,0.77,0.77006,1.00,1.87
2016.09.13 13:40:22.826,0.77,0.77006,1.00,1.00
2016.09.13 13:40:22.877,0.77,0.77006,1.00,1.12
2016.09.13 13:40:22.980,0.77,0.77006,1.00,1.00
2016.09.13 13:40:23.199,0.77001,0.77009,1.00,4.05
2016.09.13 13:40:23.301,0.77001,0.77009,1.00,2.70
2016.09.13 13:40:23.352,0.77001,0.77008,1.00,1.00
2016.09.13 13:40:23.662,0.77002,0.77008,1.00,1.12
2016.09.13 13:40:23.764,0.77002,0.77008,1.00,1.00
2016.09.13 13:40:24.141,0.77002,0.77008,1.00,1.37
2016.09.13 13:40:24.296,0.77,0.77008,1.00,1.87
2016.09.13 13:40:24.399,0.77002,0.77008,1.00,1.37
2016.09.13 13:40:24.450,0.77002,0.77008,1.00,1.20
2016.09.13 13:40:24.502,0.77002,0.77009,1.00,2.44
2016.09.13 13:40:24.553,0.77002,0.77009,1.00,1.10
2016.09.13 13:40:24.813,0.77002,0.7701,1.00,1.72
2016.09.13 13:40:24.868,0.77002,0.7701,1.00,1.35
2016.09.13 13:40:24.920,0.77002,0.7701,1.00,1.72
2016.09.13 13:40:24.971,0.77002,0.7701,1.00,2.47
2016.09.13 13:40:25.178,0.77002,0.7701,1.00,3.22
2016.09.13 13:40:25.230,0.77002,0.7701,1.00,3.60
2016.09.13 13:40:25.283,0.77002,0.77009,1.00,1.10
2016.09.13 13:40:25.438,0.77002,0.77009,1.00,1.20
2016.09.13 13:40:25.616,0.77002,0.77008,1.00,1.50
2016.09.13 13:40:25.770,0.77002,0.77008,1.00,1.57
2016.09.13 13:40:25.822,0.77002,0.77008,1.00,1.20
2016.09.13 13:40:25.875,0.77001,0.77005,1.00,1.00
2016.09.13 13:40:25.978,0.77001,0.77005,1.00,1.10
2016.09.13 13:40:26.233,0.76999,0.77005,1.00,1.10
2016.09.13 13:40:26.466,0.77,0.77004,1.00,1.00
2016.09.13 13:40:26.852,0.77,0.77007,1.00,5.55
2016.09.13 13:40:26.903,0.76999,0.77007,1.00,4.80
2016.09.13 13:40:27.006,0.76998,0.77007,1.00,4.42
2016.09.13 13:40:27.057,0.76998,0.77006,1.00,1.87
2016.09.13 13:40:27.109,0.76998,0.77005,1.00,1.57
2016.09.13 13:40:27.160,0.76998,0.77005,1.00,1.95
2016.09.13 13:40:27.211,0.76999,0.77005,1.00,2.02
2016.09.13 13:40:27.364,0.76999,0.77005,1.00,1.65
2016.09.13 13:40:27.805,0.76999,0.77006,1.00,3.75
2016.09.13 13:40:27.857,0.77,0.77006,1.00,3.00
2016.09.13 13:40:27.909,0.77,0.77006,1.00,1.82
2016.09.13 13:40:27.961,0.77,0.77006,1.00,1.45
2016.09.13 13:40:28.064,0.77,0.77007,1.00,3.00
2016.09.13 13:40:28.115,0.77,0.77007,1.00,1.87
2016.09.13 13:40:28.166,0.77,0.77007,1.00,1.12
2016.09.13 13:40:28.449,0.76998,0.77007,1.00,1.12
2016.09.13 13:40:28.501,0.76998,0.77007,1.00,1.87
2016.09.13 13:40:28.554,0.76998,0.77005,1.00,1.12
2016.09.13 13:40:28.630,0.76998,0.77004,1.00,1.00
2016.09.13 13:40:28.681,0.76998,0.77004,1.00,1.37
2016.09.13 13:40:28.732,0.76998,0.77004,1.00,1.50
2016.09.13 13:40:28.885,0.76998,0.77004,1.00,2.62
2016.09.13 13:40:28.937,0.76998,0.77004,1.00,3.00
2016.09.13 13:40:28.988,0.76998,0.77004,1.00,2.62
2016.09.13 13:40:29.188,0.76998,0.77004,1.00,2.25
2016.09.13 13:40:29.392,0.76998,0.77004,1.00,2.62
2016.09.13 13:40:29.494,0.76998,0.77004,1.00,1.50
2016.09.13 13:40:29.546,0.76998,0.77003,1.00,1.12
2016.09.13 13:40:29.597,0.76998,0.77003,1.00,1.50
2016.09.13 13:40:29.699,0.76998,0.77003,1.00,1.87
2016.09.13 13:40:30.033,0.76998,0.77003,1.00,1.12
2016.09.13 13:40:30.136,0.76995,0.77003,1.00,1.12
2016.09.13 13:40:30.187,0.76996,0.77005,1.00,1.87
2016.09.13 13:40:30.239,0.76996,0.77005,1.00,1.37
2016.09.13 13:40:30.290,0.76996,0.77005,1.00,1.12
2016.09.13 13:40:30.393,0.76997,0.77007,1.50,3.52
2016.09.13 13:40:30.444,0.76999,0.77007,1.00,3.15
2016.09.13 13:40:30.496,0.76999,0.77007,1.00,2.70
2016.09.13 13:40:30.547,0.76999,0.77007,1.00,1.57
2016.09.13 13:40:30.598,0.76999,0.77007,1.00,1.50
2016.09.13 13:40:30.649,0.76999,0.77007,1.00,1.87
2016.09.13 13:40:31.091,0.76999,0.77006,1.00,1.00
2016.09.13 13:40:31.194,0.76999,0.77006,1.00,1.50
2016.09.13 13:40:31.589,0.76999,0.77006,1.00,1.00
2016.09.13 13:40:31.743,0.76999,0.77006,1.00,1.00
2016.09.13 13:40:32.150,0.76999,0.77006,1.00,1.00
2016.09.13 13:40:32.347,0.76999,0.77006,1.00,1.87
2016.09.13 13:40:32.604,0.76996,0.77006,1.09,4.72
2016.09.13 13:40:32.655,0.76997,0.77004,1.00,1.00
2016.09.13 13:40:32.809,0.76998,0.77006,1.00,5.62
2016.09.13 13:40:32.861,0.76998,0.77006,1.00,4.12
2016.09.13 13:40:32.912,0.76998,0.77006,1.00,3.00
2016.09.13 13:40:33.100,0.76998,0.77007,1.00,3.37
2016.09.13 13:40:33.152,0.77,0.77007,1.00,3.37
2016.09.13 13:40:33.254,0.77,0.77007,1.00,2.62
2016.09.13 13:40:33.355,0.77,0.77007,1.00,2.62
2016.09.13 13:40:34.054,0.77002,0.77007,1.00,1.00
2016.09.13 13:40:34.106,0.77,0.77009,1.00,5.92
2016.09.13 13:40:34.259,0.76999,0.77009,1.00,3.07
2016.09.13 13:40:34.310,0.77,0.77007,1.00,1.00
2016.09.13 13:40:34.413,0.77001,0.77008,1.00,1.12
2016.09.13 13:40:34.464,0.76999,0.77008,1.00,1.87
2016.09.13 13:40:34.854,0.76999,0.77008,1.00,2.25
2016.09.13 13:40:34.956,0.77,0.77009,1.00,3.82
2016.09.13 13:40:35.058,0.77001,0.77009,1.00,3.45
2016.09.13 13:40:35.110,0.77001,0.77009,1.19,2.25
2016.09.13 13:40:35.161,0.77006,0.7701,1.00,1.20
2016.09.13 13:40:35.215,0.77005,0.77014,1.00,1.37
2016.09.13 13:40:35.270,0.77008,0.77015,1.00,1.87
2016.09.13 13:40:35.340,0.77007,0.77014,1.00,1.57
2016.09.13 13:40:35.502,0.77005,0.77013,1.00,1.00
2016.09.13 13:40:35.555,0.77005,0.77013,1.00,1.37
2016.09.13 13:40:35.661,0.77004,0.77013,1.00,1.37
2016.09.13 13:40:35.816,0.77004,0.77013,1.00,1.87
2016.09.13 13:40:35.867,0.77003,0.77012,1.00,1.31
2016.09.13 13:40:35.918,0.77003,0.77012,1.00,1.62
2016.09.13 13:40:35.969,0.77002,0.77012,1.50,2.06
2016.09.13 13:40:36.021,0.77002,0.77012,1.50,2.06
2016.09.13 13:40:36.072,0.77002,0.77011,1.00,1.69
2016.09.13 13:40:36.124,0.77001,0.7701,1.00,1.37
2016.09.13 13:40:36.264,0.77,0.77008,1.12,1.00
2016.09.13 13:40:36.334,0.76997,0.77004,1.37,1.37
2016.09.13 13:40:36.385,0.76996,0.77004,1.00,1.50
2016.09.13 13:40:36.437,0.76995,0.77004,1.00,1.10
2016.09.13 13:40:36.488,0.76995,0.77003,1.00,1.37
2016.09.13 13:40:36.590,0.76995,0.77003,1.00,1.50
2016.09.13 13:40:37.301,0.76995,0.77003,1.00,1.12
2016.09.13 13:40:37.859,0.76996,0.77003,1.00,1.12
2016.09.13 13:40:38.216,0.76996,0.77003,1.00,1.00
2016.09.13 13:40:38.508,0.76996,0.77004,1.00,1.95
2016.09.13 13:40:38.612,0.76996,0.77004,1.00,1.57
2016.09.13 13:40:38.714,0.76996,0.77004,1.00,1.95
2016.09.13 13:40:38.765,0.76996,0.77003,1.00,1.00
2016.09.13 13:40:38.867,0.76996,0.77004,1.00,1.95
2016.09.13 13:40:39.390,0.76999,0.77005,1.00,1.57
2016.09.13 13:40:39.444,0.76998,0.77005,1.00,1.07
2016.09.13 13:40:39.499,0.77001,0.77006,1.00,1.12
2016.09.13 13:40:39.552,0.77001,0.77008,1.00,1.50
2016.09.13 13:40:39.705,0.77001,0.77009,1.00,2.51
2016.09.13 13:40:39.883,0.77001,0.77009,1.00,2.89
2016.09.13 13:40:40.036,0.77,0.77009,1.00,3.64
2016.09.13 13:40:40.087,0.77001,0.77009,1.00,1.95
2016.09.13 13:40:40.139,0.77001,0.77009,1.00,1.20
2016.09.13 13:40:40.190,0.77001,0.7701,1.00,3.60
2016.09.13 13:40:40.241,0.77001,0.7701,1.00,1.12
2016.09.13 13:40:40.292,0.77001,0.77011,1.00,3.00
2016.09.13 13:40:40.343,0.77001,0.77011,1.00,1.87
2016.09.13 13:40:40.394,0.77004,0.77011,1.00,2.25
2016.09.13 13:40:40.532,0.77005,0.77011,1.00,1.50
2016.09.13 13:40:40.584,0.77004,0.77012,1.00,1.12
2016.09.13 13:40:40.635,0.77004,0.7701,1.00,1.00
2016.09.13 13:40:41.831,0.77004,0.77011,1.00,1.00
2016.09.13 13:40:42.938,0.77004,0.77012,1.00,1.12
2016.09.13 13:40:43.248,0.77006,0.77012,1.00,1.12
2016.09.13 13:40:43.403,0.77006,0.77012,1.00,1.50
2016.09.13 13:40:44.230,0.77008,0.77012,1.00,1.00
2016.09.13 13:40:44.281,0.77008,0.77014,1.00,1.12
2016.09.13 13:40:44.333,0.77009,0.77016,1.00,3.00
2016.09.13 13:40:44.384,0.77009,0.77016,1.00,1.95
2016.09.13 13:40:44.435,0.77009,0.77016,1.00,1.57
2016.09.13 13:40:44.487,0.7701,0.77016,1.00,1.12
2016.09.13 13:40:44.675,0.7701,0.77017,1.00,1.50
2016.09.13 13:40:44.778,0.7701,0.77017,1.00,1.00
2016.09.13 13:40:45.190,0.77007,0.77016,1.20,1.00
2016.09.13 13:40:45.243,0.77006,0.77016,2.62,1.00
2016.09.13 13:40:45.294,0.77006,0.77014,1.12,1.00
2016.09.13 13:40:45.432,0.77006,0.77013,1.12,1.50
2016.09.13 13:40:45.485,0.77004,0.7701,1.12,1.00
2016.09.13 13:40:45.538,0.77003,0.7701,1.37,1.00
2016.09.13 13:40:45.591,0.77003,0.77011,1.00,1.00
2016.09.13 13:40:45.645,0.77003,0.77012,2.25,1.12
2016.09.13 13:40:45.698,0.77004,0.77011,1.37,1.00
2016.09.13 13:40:45.750,0.77004,0.77011,2.62,1.00
2016.09.13 13:40:45.853,0.77005,0.77014,1.37,1.00
2016.09.13 13:40:45.904,0.77006,0.77014,1.12,1.00
2016.09.13 13:40:45.956,0.77008,0.77016,1.00,1.95
2016.09.13 13:40:46.007,0.77008,0.77016,1.50,1.00
2016.09.13 13:40:46.194,0.77008,0.77015,1.95,1.00
2016.09.13 13:40:46.245,0.77009,0.77015,1.00,1.00
2016.09.13 13:40:46.347,0.77008,0.77015,1.57,1.00
2016.09.13 13:40:46.552,0.77008,0.77015,1.10,1.00
2016.09.13 13:40:46.775,0.77007,0.77017,2.62,1.00
2016.09.13 13:40:46.830,0.77009,0.77016,1.00,1.00
2016.09.13 13:40:47.008,0.77009,0.77017,1.12,1.00
2016.09.13 13:40:47.059,0.77009,0.77018,1.12,1.12
2016.09.13 13:40:47.641,0.77009,0.77018,1.37,1.12
2016.09.13 13:40:47.693,0.77011,0.7702,1.00,3.07
2016.09.13 13:40:47.871,0.77012,0.7702,1.50,1.00
2016.09.13 13:40:48.074,0.77012,0.77021,1.00,1.00
2016.09.13 13:40:48.125,0.77011,0.77021,3.82,1.37
2016.09.13 13:40:48.177,0.77011,0.77021,5.32,1.37
2016.09.13 13:40:48.228,0.77013,0.77021,1.50,1.00
2016.09.13 13:40:48.279,0.77013,0.7702,1.87,1.00
2016.09.13 13:40:48.330,0.77013,0.7702,1.37,1.00
2016.09.13 13:40:48.382,0.77014,0.77022,1.12,1.00
2016.09.13 13:40:48.531,0.77013,0.77022,1.37,1.00
2016.09.13 13:40:48.582,0.77013,0.77022,1.00,1.00
2016.09.13 13:40:48.633,0.77013,0.77022,1.00,1.50
2016.09.13 13:40:48.684,0.77012,0.77021,1.50,1.50
2016.09.13 13:40:48.735,0.77011,0.77019,1.87,1.00
2016.09.13 13:40:48.787,0.77011,0.77019,1.00,1.50
2016.09.13 13:40:48.838,0.77012,0.77019,1.00,1.95
2016.09.13 13:40:48.890,0.77012,0.77019,1.00,2.02
2016.09.13 13:40:48.941,0.77012,0.77019,1.00,1.20
2016.09.13 13:40:49.222,0.77011,0.77019,1.00,1.50
2016.09.13 13:40:49.273,0.77011,0.77019,1.37,1.37
2016.09.13 13:40:49.324,0.77011,0.77019,1.62,1.75
2016.09.13 13:40:49.375,0.77012,0.7702,1.00,1.27
2016.09.13 13:40:49.426,0.77012,0.7702,1.19,1.27
2016.09.13 13:40:49.528,0.77013,0.77021,1.25,1.50
2016.09.13 13:40:49.580,0.77014,0.77021,1.00,1.50
2016.09.13 13:40:49.631,0.77014,0.77022,1.00,1.47
2016.09.13 13:40:49.682,0.77013,0.77022,1.00,1.95
2016.09.13 13:40:49.844,0.77012,0.7702,1.12,1.95
2016.09.13 13:40:49.901,0.77007,0.77016,3.75,2.55
2016.09.13 13:40:49.954,0.77006,0.77015,3.00,2.32
2016.09.13 13:40:50.005,0.77005,0.77013,1.00,1.10
2016.09.13 13:40:50.058,0.77005,0.77013,1.00,1.57
2016.09.13 13:40:50.109,0.77003,0.77012,1.12,1.50
2016.09.13 13:40:50.161,0.77003,0.7701,1.00,1.50
2016.09.13 13:40:50.263,0.77003,0.7701,1.00,2.25
2016.09.13 13:40:50.449,0.77003,0.77008,1.00,1.00
2016.09.13 13:40:50.500,0.77,0.77007,1.00,1.12
2016.09.13 13:40:50.551,0.76998,0.77005,1.12,1.00
2016.09.13 13:40:50.603,0.76998,0.77005,1.12,1.10
2016.09.13 13:40:50.706,0.76997,0.77005,1.62,1.10
2016.09.13 13:40:50.757,0.76997,0.77006,1.62,1.57
2016.09.13 13:40:50.809,0.76997,0.77006,1.62,2.32
2016.09.13 13:40:50.963,0.76997,0.77006,1.62,2.70
2016.09.13 13:40:51.096,0.76997,0.77006,1.62,2.32
2016.09.13 13:40:51.149,0.77,0.77006,1.00,1.20
2016.09.13 13:40:51.200,0.77,0.77007,1.19,1.45
2016.09.13 13:40:51.252,0.77,0.77008,1.19,3.00
2016.09.13 13:40:51.303,0.77,0.77008,1.19,1.20
2016.09.13 13:40:51.356,0.76998,0.77008,2.06,1.95
2016.09.13 13:40:51.408,0.76998,0.77006,1.31,1.00
2016.09.13 13:40:51.512,0.76997,0.77006,1.12,1.10
2016.09.13 13:40:51.563,0.76997,0.77006,1.00,2.92
2016.09.13 13:40:51.614,0.76996,0.77006,1.00,3.30
2016.09.13 13:40:51.835,0.76996,0.77006,1.19,3.67
2016.09.13 13:40:51.890,0.76996,0.77006,1.19,3.30
2016.09.13 13:40:52.196,0.76996,0.77006,1.19,3.67
2016.09.13 13:40:52.298,0.76996,0.77006,1.19,3.30
2016.09.13 13:40:52.426,0.76996,0.77005,1.19,1.47
2016.09.13 13:40:52.722,0.76997,0.77004,1.25,1.12
2016.09.13 13:40:52.824,0.76997,0.77004,1.00,1.12
2016.09.13 13:40:53.471,0.76995,0.77004,1.25,1.12
2016.09.13 13:40:53.523,0.76994,0.77004,1.19,1.50
2016.09.13 13:40:53.574,0.76994,0.77003,1.19,1.10
2016.09.13 13:40:53.642,0.76994,0.77003,1.19,1.95
2016.09.13 13:40:53.798,0.76994,0.77003,1.00,1.95
2016.09.13 13:40:54.444,0.76994,0.77004,1.00,2.32
2016.09.13 13:40:54.495,0.76995,0.77004,1.00,1.45
2016.09.13 13:40:54.546,0.76996,0.77004,1.00,1.20
2016.09.13 13:40:54.597,0.76996,0.77005,1.00,4.05
2016.09.13 13:40:54.648,0.76996,0.77005,1.00,3.30
2016.09.13 13:40:54.699,0.76996,0.77005,1.00,2.92
2016.09.13 13:40:54.750,0.76996,0.77005,1.00,3.30
2016.09.13 13:40:54.854,0.76994,0.77002,1.00,1.00
2016.09.13 13:40:55.031,0.76994,0.77001,1.00,1.00
2016.09.13 13:40:55.082,0.76994,0.77002,1.00,1.35
2016.09.13 13:40:55.134,0.76994,0.77004,1.00,2.55
2016.09.13 13:40:55.186,0.76995,0.77004,1.00,1.05
2016.09.13 13:40:55.238,0.76998,0.77005,1.00,3.45
2016.09.13 13:40:55.289,0.76998,0.77005,1.00,2.70
2016.09.13 13:40:55.340,0.76998,0.77005,1.00,1.95
2016.09.13 13:40:55.443,0.76998,0.77005,1.00,1.87
2016.09.13 13:40:55.749,0.76998,0.77005,1.00,1.50
2016.09.13 13:40:55.852,0.76998,0.77007,1.00,2.70
2016.09.13 13:40:55.907,0.76998,0.77007,1.00,1.95
2016.09.13 13:40:56.060,0.76998,0.77007,1.00,2.70
2016.09.13 13:40:56.367,0.76998,0.77007,1.00,1.95
2016.09.13 13:40:56.878,0.76998,0.77007,1.00,2.70
2016.09.13 13:40:56.929,0.76998,0.77007,1.00,3.07
2016.09.13 13:40:57.082,0.76998,0.77005,1.00,1.00
2016.09.13 13:40:57.334,0.76998,0.77006,1.00,1.10
2016.09.13 13:40:57.391,0.76997,0.77006,1.00,1.47
2016.09.13 13:40:57.442,0.76997,0.77006,1.00,1.57
2016.09.13 13:40:57.959,0.76998,0.77006,1.00,1.57
2016.09.13 13:40:58.212,0.76997,0.77005,1.00,1.00
2016.09.13 13:40:58.519,0.76999,0.77005,1.00,1.00
2016.09.13 13:40:58.911,0.76997,0.77005,1.00,1.00
2016.09.13 13:40:59.353,0.76999,0.77006,1.00,1.47
2016.09.13 13:40:59.405,0.77,0.77006,1.00,1.10
2016.09.13 13:40:59.460,0.77002,0.77008,1.00,1.87
2016.09.13 13:40:59.512,0.77001,0.77008,1.00,1.12
2016.09.13 13:40:59.563,0.77001,0.7701,1.00,1.57
2016.09.13 13:40:59.614,0.77003,0.7701,1.00,1.95
2016.09.13 13:40:59.666,0.77003,0.7701,1.00,1.87
2016.09.13 13:40:59.849,0.77002,0.77009,1.25,1.10
2016.09.13 13:40:59.900,0.77002,0.77009,1.25,1.20
2016.09.13 13:40:59.962,0.77002,0.77009,1.25,1.00
2016.09.13 13:41:00.047,0.77003,0.77011,1.00,2.32
2016.09.13 13:41:00.099,0.77004,0.77011,1.00,3.07
2016.09.13 13:41:00.152,0.77004,0.77011,1.00,1.57
2016.09.13 13:41:00.204,0.77004,0.77011,1.00,1.12
2016.09.13 13:41:00.256,0.77004,0.77011,1.00,1.00
2016.09.13 13:41:00.308,0.77003,0.77011,1.25,1.00
2016.09.13 13:41:00.435,0.77002,0.77011,1.31,1.00
2016.09.13 13:41:00.486,0.77002,0.7701,1.19,1.50
2016.09.13 13:41:00.589,0.77001,0.77008,1.19,1.00
2016.09.13 13:41:00.640,0.77003,0.77008,1.00,1.10
2016.09.13 13:41:00.693,0.77003,0.7701,1.00,2.70
2016.09.13 13:41:00.745,0.77004,0.7701,1.00,1.65
2016.09.13 13:41:00.796,0.77004,0.77011,1.00,1.12
2016.09.13 13:41:00.848,0.77004,0.77012,1.00,1.95
2016.09.13 13:41:00.951,0.77004,0.77012,1.00,2.92
2016.09.13 13:41:01.149,0.77005,0.77012,1.00,3.67
2016.09.13 13:41:01.302,0.77003,0.77012,1.25,2.92
2016.09.13 13:41:01.455,0.77003,0.77011,1.25,1.20
2016.09.13 13:41:01.558,0.77003,0.7701,1.25,1.87
2016.09.13 13:41:01.610,0.77,0.77009,1.69,1.00
2016.09.13 13:41:01.662,0.77,0.77009,1.31,1.37
2016.09.13 13:41:01.864,0.76999,0.77008,1.56,1.00
2016.09.13 13:41:01.915,0.76999,0.77008,1.56,1.00
2016.09.13 13:41:01.966,0.76999,0.77008,1.37,1.00
2016.09.13 13:41:02.068,0.77,0.77008,1.12,1.00
2016.09.13 13:41:02.119,0.77001,0.77008,1.00,1.00
2016.09.13 13:41:02.170,0.77001,0.7701,1.00,3.56
2016.09.13 13:41:02.221,0.77001,0.7701,1.00,3.19
2016.09.13 13:41:02.273,0.77001,0.7701,1.00,1.76
2016.09.13 13:41:02.325,0.77001,0.7701,1.00,1.39
2016.09.13 13:41:02.660,0.77002,0.77009,1.00,1.31
2016.09.13 13:41:02.762,0.77002,0.77009,1.00,1.25
2016.09.13 13:41:02.864,0.77002,0.77011,1.00,2.06
2016.09.13 13:41:02.916,0.77002,0.77011,1.00,1.69
2016.09.13 13:41:02.968,0.77002,0.77011,1.00,1.31
2016.09.13 13:41:03.070,0.77004,0.77011,1.00,1.12
2016.09.13 13:41:03.395,0.77001,0.7701,1.50,1.10
2016.09.13 13:41:03.497,0.77,0.77009,1.00,1.50
2016.09.13 13:41:03.549,0.76999,0.77007,1.00,1.00
2016.09.13 13:41:03.603,0.77001,0.77007,1.00,1.00
2016.09.13 13:41:03.655,0.77001,0.7701,1.00,2.70
2016.09.13 13:41:03.706,0.77001,0.7701,1.00,2.32
2016.09.13 13:41:03.757,0.77001,0.7701,1.00,3.07
2016.09.13 13:41:03.859,0.77001,0.7701,1.00,1.20
2016.09.13 13:41:04.035,0.77001,0.77011,1.00,2.70
2016.09.13 13:41:04.086,0.77001,0.77011,1.00,2.32
2016.09.13 13:41:04.394,0.77003,0.77011,1.00,2.32
2016.09.13 13:41:04.446,0.77003,0.77011,1.00,1.57
2016.09.13 13:41:04.498,0.77002,0.77011,1.00,1.95
2016.09.13 13:41:04.550,0.77003,0.77011,1.00,1.20
2016.09.13 13:41:04.627,0.77001,0.7701,1.00,1.12
2016.09.13 13:41:04.678,0.77001,0.7701,1.12,1.00
2016.09.13 13:41:04.815,0.77001,0.7701,1.00,1.00
2016.09.13 13:41:04.867,0.77,0.77008,1.00,1.69
2016.09.13 13:41:04.919,0.76999,0.77008,1.12,1.69
2016.09.13 13:41:04.971,0.76998,0.77007,1.00,1.00
2016.09.13 13:41:05.024,0.76997,0.77006,1.50,1.00
2016.09.13 13:41:05.076,0.76995,0.77004,1.87,1.50
2016.09.13 13:41:05.127,0.76994,0.77004,2.25,2.25
2016.09.13 13:41:05.179,0.76994,0.77003,1.12,1.87
2016.09.13 13:41:05.231,0.76995,0.77003,1.00,1.00
2016.09.13 13:41:05.284,0.76993,0.77003,1.00,1.00
2016.09.13 13:41:05.579,0.76996,0.77003,1.00,1.50
2016.09.13 13:41:05.633,0.76994,0.77003,1.00,1.00
2016.09.13 13:41:05.685,0.76994,0.77003,1.00,1.50
2016.09.13 13:41:05.895,0.76994,0.77003,1.00,1.57
2016.09.13 13:41:05.949,0.76993,0.77003,1.00,2.17
2016.09.13 13:41:06.051,0.76994,0.77003,1.00,1.76
2016.09.13 13:41:06.205,0.76992,0.77001,1.00,1.00
2016.09.13 13:41:06.354,0.76992,0.77001,1.00,2.44
2016.09.13 13:41:06.405,0.7699,0.76998,1.00,1.00
2016.09.13 13:41:06.558,0.7699,0.76998,1.00,1.00
2016.09.13 13:41:07.075,0.76988,0.76997,1.87,1.00
2016.09.13 13:41:07.254,0.76987,0.76995,1.12,1.00
2016.09.13 13:41:07.318,0.76986,0.76995,2.32,1.00
2016.09.13 13:41:07.370,0.76986,0.76995,1.87,1.12
2016.09.13 13:41:07.472,0.76986,0.76995,1.50,1.12
2016.09.13 13:41:07.726,0.76986,0.76996,1.50,1.37
2016.09.13 13:41:07.828,0.7699,0.76998,1.00,1.85
2016.09.13 13:41:07.959,0.7699,0.76998,1.00,1.47
2016.09.13 13:41:08.010,0.76992,0.77001,1.00,1.37
2016.09.13 13:41:08.061,0.76992,0.77001,1.00,1.00
2016.09.13 13:41:08.118,0.76992,0.77001,1.12,1.00
2016.09.13 13:41:08.201,0.76992,0.77001,1.50,1.00
2016.09.13 13:41:08.253,0.76992,0.77,1.00,1.00
2016.09.13 13:41:08.460,0.76991,0.77,2.25,1.00
2016.09.13 13:41:08.627,0.76991,0.77,1.12,1.00
2016.09.13 13:41:08.704,0.7699,0.76998,2.32,1.00
2016.09.13 13:41:08.755,0.7699,0.76998,1.87,1.00
2016.09.13 13:41:08.806,0.7699,0.76997,1.50,1.00
2016.09.13 13:41:08.857,0.7699,0.76997,1.00,1.00
2016.09.13 13:41:08.908,0.76989,0.76997,1.12,1.00
2016.09.13 13:41:08.960,0.76989,0.76997,1.00,1.00
2016.09.13 13:41:09.112,0.76988,0.76997,1.00,1.00
2016.09.13 13:41:09.310,0.76987,0.76997,1.50,1.00
2016.09.13 13:41:09.419,0.76986,0.76994,1.00,1.00
2016.09.13 13:41:09.470,0.76986,0.76994,1.31,1.00
2016.09.13 13:41:09.576,0.76983,0.76992,1.85,1.00
2016.09.13 13:41:09.628,0.76983,0.76992,1.50,1.00
2016.09.13 13:41:09.680,0.76983,0.76991,2.25,1.00
2016.09.13 13:41:09.731,0.76983,0.76994,2.25,1.20
2016.09.13 13:41:09.783,0.76983,0.76994,2.44,1.20
2016.09.13 13:41:10.013,0.76985,0.76994,1.12,1.00
2016.09.13 13:41:10.064,0.76985,0.76994,2.62,1.00
2016.09.13 13:41:10.116,0.76986,0.76995,2.44,1.00
2016.09.13 13:41:10.168,0.7699,0.76997,1.31,1.00
2016.09.13 13:41:10.477,0.76989,0.76998,1.69,1.00
2016.09.13 13:41:10.743,0.76988,0.76997,2.81,1.00
2016.09.13 13:41:10.794,0.76988,0.76995,1.69,1.00
2016.09.13 13:41:10.845,0.76988,0.76995,1.19,1.00
2016.09.13 13:41:11.319,0.76988,0.76995,1.25,1.00
2016.09.13 13:41:11.942,0.76987,0.76995,1.56,1.00
2016.09.13 13:41:12.248,0.7699,0.76997,1.37,1.00
2016.09.13 13:41:13.334,0.7699,0.76997,1.00,1.00
2016.09.13 13:41:13.437,0.76988,0.76997,1.25,1.00
2016.09.13 13:41:13.539,0.76988,0.76995,1.00,1.00
2016.09.13 13:41:13.901,0.76986,0.76995,1.12,1.50
2016.09.13 13:41:13.952,0.76986,0.76995,1.37,1.50
2016.09.13 13:41:14.003,0.76986,0.76993,1.37,1.00
2016.09.13 13:41:14.106,0.76989,0.76996,1.37,1.20
2016.09.13 13:41:14.157,0.76989,0.76997,1.37,1.87
2016.09.13 13:41:14.210,0.76988,0.76998,1.87,3.00
2016.09.13 13:41:14.262,0.76988,0.76997,1.95,1.12
2016.09.13 13:41:14.313,0.76988,0.76997,1.10,1.00
2016.09.13 13:41:14.364,0.76988,0.76997,1.00,1.00
2016.09.13 13:41:14.525,0.76988,0.76997,1.00,1.95
2016.09.13 13:41:14.581,0.76985,0.76992,1.37,1.00
2016.09.13 13:41:14.991,0.76983,0.76992,1.37,1.00
2016.09.13 13:41:15.042,0.76983,0.7699,1.87,1.00
2016.09.13 13:41:15.227,0.76983,0.7699,1.37,1.00
2016.09.13 13:41:15.281,0.76978,0.76987,2.62,1.00
2016.09.13 13:41:15.334,0.76978,0.76987,1.87,1.00
2016.09.13 13:41:15.386,0.76978,0.76987,1.37,1.12
2016.09.13 13:41:15.437,0.76977,0.76987,1.75,1.50
2016.09.13 13:41:15.488,0.76978,0.76985,1.50,1.00
2016.09.13 13:41:15.642,0.76978,0.76985,1.12,1.00
2016.09.13 13:41:15.693,0.76976,0.76986,1.50,1.10
2016.09.13 13:41:15.918,0.76976,0.76986,1.75,1.20
2016.09.13 13:41:15.970,0.76976,0.76986,1.37,1.50
2016.09.13 13:41:16.124,0.76975,0.76985,2.25,1.20
2016.09.13 13:41:16.176,0.76976,0.76983,1.37,1.00
2016.09.13 13:41:16.228,0.76974,0.76984,2.62,1.00
2016.09.13 13:41:16.279,0.76974,0.76983,1.87,1.00
2016.09.13 13:41:16.331,0.76974,0.76983,1.50,1.00
2016.09.13 13:41:16.383,0.76974,0.76983,1.37,1.00
2016.09.13 13:41:16.434,0.76974,0.76983,1.37,1.12
2016.09.13 13:41:16.486,0.76974,0.76983,1.37,1.50
2016.09.13 13:41:16.683,0.76974,0.76983,1.37,1.20
2016.09.13 13:41:16.735,0.76974,0.76983,1.37,1.27
2016.09.13 13:41:16.786,0.76974,0.76983,1.37,1.20
2016.09.13 13:41:16.940,0.76975,0.76984,1.37,2.62
2016.09.13 13:41:16.991,0.76975,0.76984,1.37,2.25
2016.09.13 13:41:17.043,0.76976,0.76984,1.37,1.50
2016.09.13 13:41:17.094,0.76976,0.76985,1.37,1.76
2016.09.13 13:41:17.145,0.76976,0.76985,1.37,2.00
2016.09.13 13:41:17.197,0.76976,0.76985,1.37,1.31
2016.09.13 13:41:17.372,0.76978,0.76985,1.37,1.00
2016.09.13 13:41:17.423,0.76979,0.76988,1.37,1.31
2016.09.13 13:41:17.475,0.76979,0.76988,1.37,1.57
2016.09.13 13:41:17.526,0.76979,0.76988,1.00,2.32
2016.09.13 13:41:17.577,0.76978,0.76988,1.00,2.89
2016.09.13 13:41:17.732,0.76978,0.76988,1.00,3.26
2016.09.13 13:41:17.885,0.76978,0.76988,1.00,2.89
2016.09.13 13:41:17.937,0.7698,0.76987,1.00,1.62
2016.09.13 13:41:18.039,0.7698,0.76987,1.00,1.19
2016.09.13 13:41:18.170,0.7698,0.76987,1.00,1.00
2016.09.13 13:41:18.221,0.76979,0.76989,1.00,1.20
2016.09.13 13:41:18.325,0.76979,0.76989,1.00,1.12
2016.09.13 13:41:18.477,0.76979,0.76989,1.50,1.12
2016.09.13 13:41:19.091,0.76979,0.76989,2.25,1.50
2016.09.13 13:41:19.142,0.76979,0.76989,2.25,1.12
2016.09.13 13:41:19.245,0.7698,0.76989,1.00,1.00
2016.09.13 13:41:19.528,0.7698,0.76989,1.00,1.12
2016.09.13 13:41:19.821,0.7698,0.7699,1.00,2.81
2016.09.13 13:41:19.923,0.7698,0.7699,1.00,3.56
2016.09.13 13:41:20.025,0.7698,0.7699,1.00,2.81
2016.09.13 13:41:20.426,0.7698,0.7699,1.00,3.56
2016.09.13 13:41:20.629,0.7698,0.76989,1.00,1.12
2016.09.13 13:41:20.761,0.7698,0.76989,1.00,1.00
2016.09.13 13:41:20.815,0.76978,0.76988,2.25,1.00
2016.09.13 13:41:20.866,0.76978,0.76988,1.50,1.25
2016.09.13 13:41:20.917,0.76978,0.76988,1.50,1.31
2016.09.13 13:41:20.969,0.76978,0.76988,1.12,1.91
2016.09.13 13:41:21.225,0.76978,0.76988,1.12,2.29
2016.09.13 13:41:21.276,0.76978,0.76988,1.12,1.91
2016.09.13 13:41:21.610,0.76978,0.76988,1.87,2.06
2016.09.13 13:41:21.712,0.7698,0.76987,1.00,1.00
2016.09.13 13:41:22.806,0.7698,0.76988,1.00,1.25
2016.09.13 13:41:22.963,0.76984,0.76989,1.00,1.50
2016.09.13 13:41:23.014,0.76985,0.76989,1.00,1.00
2016.09.13 13:41:23.116,0.76985,0.76991,1.37,1.47
2016.09.13 13:41:23.295,0.76987,0.76991,1.00,1.12
2016.09.13 13:41:23.347,0.76986,0.76996,1.50,2.47
2016.09.13 13:41:23.398,0.76986,0.76996,1.50,3.04
2016.09.13 13:41:23.449,0.76986,0.76996,1.50,2.44
2016.09.13 13:41:23.500,0.76988,0.76996,1.00,2.44
2016.09.13 13:41:23.553,0.76988,0.76996,1.00,1.31
2016.09.13 13:41:23.616,0.76987,0.76997,1.00,1.69
2016.09.13 13:41:23.668,0.76987,0.76996,1.00,1.19
2016.09.13 13:41:23.966,0.76987,0.76996,1.10,1.69
2016.09.13 13:41:24.221,0.76986,0.76996,1.20,1.69
2016.09.13 13:41:24.272,0.76986,0.76996,1.12,1.69
2016.09.13 13:41:24.324,0.76986,0.76996,1.12,2.44
2016.09.13 13:41:24.375,0.76986,0.76994,1.00,1.00
2016.09.13 13:41:24.477,0.76986,0.76995,1.00,2.25
2016.09.13 13:41:24.631,0.76987,0.76995,1.00,1.00
2016.09.13 13:41:24.683,0.76988,0.76996,1.00,1.01
2016.09.13 13:41:24.735,0.76988,0.76997,1.00,2.44
2016.09.13 13:41:24.837,0.76988,0.76997,1.00,2.06
2016.09.13 13:41:25.239,0.76988,0.76997,1.00,2.81
2016.09.13 13:41:25.640,0.76988,0.76997,1.00,2.06
2016.09.13 13:41:25.692,0.76988,0.76997,1.00,1.56
2016.09.13 13:41:25.743,0.76988,0.76998,1.00,4.69
2016.09.13 13:41:25.845,0.7699,0.76997,1.00,1.69
2016.09.13 13:41:25.947,0.7699,0.76997,1.00,1.31
2016.09.13 13:41:26.049,0.7699,0.76998,1.00,1.69
2016.09.13 13:41:26.100,0.76991,0.76998,1.00,1.69
2016.09.13 13:41:26.151,0.76991,0.76999,1.00,1.94
2016.09.13 13:41:26.203,0.76992,0.77,1.00,4.76
2016.09.13 13:41:26.255,0.76992,0.77,1.00,1.69
2016.09.13 13:41:26.400,0.76991,0.77,1.00,1.56
2016.09.13 13:41:26.451,0.76991,0.77,1.00,1.19
2016.09.13 13:41:26.553,0.76991,0.76999,1.00,1.25
2016.09.13 13:41:26.656,0.76991,0.76998,1.00,1.00
2016.09.13 13:41:26.759,0.76992,0.77,1.00,1.95
2016.09.13 13:41:26.810,0.76991,0.77,1.00,1.57
2016.09.13 13:41:26.867,0.76993,0.77002,1.00,3.37
2016.09.13 13:41:26.919,0.76995,0.77002,1.00,1.57
2016.09.13 13:41:27.102,0.76996,0.77004,1.00,1.87
2016.09.13 13:41:27.153,0.76996,0.77004,1.12,1.00
2016.09.13 13:41:27.204,0.76995,0.77005,1.50,1.50
2016.09.13 13:41:27.255,0.76995,0.77005,1.12,2.70
2016.09.13 13:41:27.306,0.76995,0.77004,1.00,1.12
2016.09.13 13:41:27.357,0.76995,0.77004,1.00,1.47
2016.09.13 13:41:27.409,0.76995,0.77004,1.00,1.95
2016.09.13 13:41:27.460,0.76993,0.77002,1.00,1.00
2016.09.13 13:41:27.613,0.76993,0.77,1.00,1.50
2016.09.13 13:41:27.665,0.76991,0.76998,1.00,1.00
2016.09.13 13:41:27.923,0.76987,0.76996,1.00,1.00
2016.09.13 13:41:27.975,0.76987,0.76996,1.00,1.12
2016.09.13 13:41:28.026,0.76987,0.76996,1.00,1.50
2016.09.13 13:41:28.077,0.76986,0.76996,1.50,1.12
2016.09.13 13:41:28.179,0.76986,0.76996,1.12,1.12
2016.09.13 13:41:28.230,0.76986,0.76996,1.00,1.12
2016.09.13 13:41:28.434,0.76986,0.76996,1.00,1.87
2016.09.13 13:41:29.059,0.76986,0.76996,1.12,1.87
2016.09.13 13:41:29.111,0.76986,0.76996,1.87,1.50
2016.09.13 13:41:29.212,0.76987,0.76996,1.00,1.50
2016.09.13 13:41:29.488,0.76987,0.76996,1.00,1.00
2016.09.13 13:41:29.539,0.76987,0.76996,1.00,1.50
2016.09.13 13:41:29.692,0.76987,0.76996,1.00,1.57
2016.09.13 13:41:29.743,0.76987,0.76996,1.00,1.10
2016.09.13 13:41:29.951,0.76987,0.76997,1.00,2.32
2016.09.13 13:41:30.201,0.76987,0.76997,1.00,2.70
2016.09.13 13:41:30.529,0.76987,0.76996,1.00,1.10
2016.09.13 13:41:31.029,0.76987,0.76992,1.00,1.00
2016.09.13 13:41:31.080,0.76985,0.76992,1.00,1.00
2016.09.13 13:41:31.132,0.76984,0.76992,1.20,1.00
2016.09.13 13:41:31.183,0.76985,0.76992,1.00,1.00
2016.09.13 13:41:31.285,0.76988,0.76992,1.00,1.00
2016.09.13 13:41:31.438,0.7699,0.76997,1.00,2.62
2016.09.13 13:41:31.628,0.7699,0.76998,1.00,1.12
2016.09.13 13:41:32.015,0.7699,0.76997,1.00,1.00
2016.09.13 13:41:32.206,0.76987,0.76996,1.10,1.87
2016.09.13 13:41:32.383,0.76986,0.76993,1.12,1.00
2016.09.13 13:41:32.434,0.76985,0.76994,1.00,1.00
2016.09.13 13:41:32.485,0.76985,0.76994,1.00,1.37
2016.09.13 13:41:32.709,0.76988,0.76995,1.00,2.40
2016.09.13 13:41:32.761,0.76986,0.76995,1.00,1.20
2016.09.13 13:41:32.812,0.76987,0.76995,1.00,1.10
2016.09.13 13:41:32.863,0.76988,0.76997,1.00,2.62
2016.09.13 13:41:32.914,0.76989,0.76997,1.00,1.37
2016.09.13 13:41:33.151,0.76989,0.76997,1.00,1.00
2016.09.13 13:41:33.202,0.76989,0.76997,1.00,1.12
2016.09.13 13:41:33.406,0.76988,0.76997,1.00,1.00
2016.09.13 13:41:33.457,0.76988,0.76998,1.00,1.57
2016.09.13 13:41:33.509,0.76988,0.76998,1.00,1.87
2016.09.13 13:41:33.663,0.76988,0.76997,1.00,1.12
2016.09.13 13:41:33.846,0.76988,0.76996,1.00,1.00
2016.09.13 13:41:34.140,0.76987,0.76996,1.10,1.00
2016.09.13 13:41:34.191,0.76987,0.76996,1.10,1.12
2016.09.13 13:41:34.242,0.76987,0.76995,1.10,1.00
2016.09.13 13:41:34.293,0.76987,0.76995,1.00,1.00
2016.09.13 13:41:34.446,0.76989,0.76998,1.00,1.50
2016.09.13 13:41:34.497,0.7699,0.76998,1.00,1.12
2016.09.13 13:41:34.687,0.76989,0.76997,1.00,1.00
2016.09.13 13:41:34.756,0.76989,0.76998,1.00,3.00
2016.09.13 13:41:34.808,0.76989,0.76998,1.00,1.37
2016.09.13 13:41:34.860,0.7699,0.76998,1.00,1.10
2016.09.13 13:41:34.962,0.7699,0.76998,1.00,1.20
2016.09.13 13:41:35.064,0.76989,0.76998,1.00,1.10
2016.09.13 13:41:35.116,0.7699,0.76999,1.00,1.72
2016.09.13 13:41:35.168,0.7699,0.77,1.00,2.17
2016.09.13 13:41:35.322,0.7699,0.77,1.00,2.10
2016.09.13 13:41:35.502,0.7699,0.77,1.00,1.80
2016.09.13 13:41:35.605,0.7699,0.77,1.00,1.20
2016.09.13 13:41:35.656,0.7699,0.77,1.00,1.95
2016.09.13 13:41:35.758,0.76991,0.77,1.00,1.20
2016.09.13 13:41:35.810,0.76991,0.77,1.00,1.10
2016.09.13 13:41:36.016,0.76991,0.77001,1.00,2.44
2016.09.13 13:41:36.067,0.76991,0.77001,1.00,2.06
2016.09.13 13:41:36.664,0.76992,0.77001,1.00,2.06
2016.09.13 13:41:37.698,0.76992,0.77001,1.00,1.31
2016.09.13 13:41:39.009,0.76992,0.77001,1.00,2.06
2016.09.13 13:41:39.061,0.76992,0.77001,1.00,3.19
2016.09.13 13:41:39.112,0.76992,0.77,1.00,1.00
2016.09.13 13:41:39.164,0.76992,0.77,1.00,1.50
2016.09.13 13:41:39.317,0.76991,0.76998,1.00,1.00
2016.09.13 13:41:39.573,0.76989,0.76993,1.00,1.12
2016.09.13 13:41:39.624,0.76985,0.76993,1.57,1.20
2016.09.13 13:41:39.675,0.76985,0.7699,1.00,1.00
2016.09.13 13:41:39.727,0.76983,0.7699,1.87,1.00
2016.09.13 13:41:39.779,0.76983,0.76992,1.00,1.50
2016.09.13 13:41:39.832,0.76983,0.76991,1.50,1.00
2016.09.13 13:41:39.884,0.76983,0.76991,1.00,1.00
2016.09.13 13:41:39.935,0.76981,0.76991,1.50,1.95
2016.09.13 13:41:39.987,0.76981,0.76991,1.50,2.70
2016.09.13 13:41:40.038,0.76981,0.76991,1.00,3.82
2016.09.13 13:41:40.089,0.76981,0.7699,1.00,1.20
2016.09.13 13:41:40.261,0.7698,0.76988,1.00,1.00
2016.09.13 13:41:40.312,0.7698,0.7699,1.00,1.95
2016.09.13 13:41:40.363,0.76981,0.7699,1.00,1.20
2016.09.13 13:41:40.465,0.76983,0.76992,1.00,3.56
2016.09.13 13:41:40.516,0.76983,0.76992,1.00,3.37
2016.09.13 13:41:40.567,0.76983,0.76992,1.00,3.00
2016.09.13 13:41:40.618,0.76983,0.76992,1.00,2.25
2016.09.13 13:41:40.669,0.76983,0.76993,1.00,6.45
2016.09.13 13:41:40.924,0.76983,0.76992,1.00,1.50
2016.09.13 13:41:41.079,0.76983,0.76992,1.00,2.25
2016.09.13 13:41:41.181,0.76983,0.76992,1.00,1.50
2016.09.13 13:41:41.232,0.76983,0.76993,1.00,4.20
2016.09.13 13:41:41.622,0.76985,0.76993,1.00,1.57
2016.09.13 13:41:41.673,0.76985,0.76995,1.00,3.75
2016.09.13 13:41:41.724,0.76985,0.76993,1.00,1.00
2016.09.13 13:41:41.878,0.76983,0.76992,1.00,1.00
2016.09.13 13:41:41.931,0.76983,0.76992,1.00,1.50
2016.09.13 13:41:41.983,0.76983,0.76992,1.00,1.87
2016.09.13 13:41:42.085,0.76983,0.76992,1.00,1.50
2016.09.13 13:41:42.321,0.76985,0.76993,1.00,3.07
2016.09.13 13:41:42.373,0.76986,0.76994,1.00,1.95
2016.09.13 13:41:42.424,0.76986,0.76994,1.00,1.87
2016.09.13 13:41:42.475,0.76986,0.76994,1.00,1.12
2016.09.13 13:41:42.527,0.76988,0.76995,1.00,1.20
2016.09.13 13:41:42.629,0.76988,0.76995,1.00,1.00
2016.09.13 13:41:42.732,0.76988,0.76995,1.00,1.50
2016.09.13 13:41:43.837,0.76984,0.76993,1.00,1.00
2016.09.13 13:41:44.523,0.76987,0.76994,1.00,1.00
2016.09.13 13:41:44.574,0.76987,0.76995,1.00,1.50
2016.09.13 13:41:44.626,0.7699,0.76997,1.00,1.47
2016.09.13 13:41:44.677,0.76989,0.76998,1.12,1.50
2016.09.13 13:41:44.729,0.76991,0.76998,1.00,1.00
2016.09.13 13:41:44.831,0.76991,0.77,1.12,1.87
2016.09.13 13:41:44.963,0.76991,0.77,1.12,1.00
2016.09.13 13:41:45.288,0.7699,0.76997,2.62,1.00
2016.09.13 13:41:45.339,0.7699,0.76997,1.87,1.00
2016.09.13 13:41:45.390,0.76989,0.76997,3.45,1.00
2016.09.13 13:41:45.442,0.7699,0.76999,1.10,1.12
2016.09.13 13:41:45.494,0.7699,0.76999,1.00,1.12
2016.09.13 13:41:45.677,0.7699,0.76998,1.19,1.00
2016.09.13 13:41:45.728,0.76988,0.76992,1.00,1.00
2016.09.13 13:41:45.779,0.76987,0.76991,1.10,1.00
2016.09.13 13:41:45.831,0.76985,0.76992,2.00,1.00
2016.09.13 13:41:45.882,0.76984,0.76991,2.25,1.00
2016.09.13 13:41:45.933,0.76984,0.76991,1.50,1.00
2016.09.13 13:41:46.035,0.76987,0.76991,1.00,1.00
2016.09.13 13:41:46.324,0.7698,0.76988,1.50,1.00
2016.09.13 13:41:46.429,0.7698,0.76988,1.12,1.00
2016.09.13 13:41:46.858,0.7698,0.76988,1.31,1.00
2016.09.13 13:41:47.081,0.76979,0.76988,2.44,1.00
2016.09.13 13:41:47.134,0.76981,0.7699,1.25,1.00
2016.09.13 13:41:47.185,0.76981,0.7699,1.19,1.00
2016.09.13 13:41:47.237,0.7698,0.76989,2.89,1.00
2016.09.13 13:41:47.288,0.7698,0.76988,2.14,1.00
2016.09.13 13:41:47.339,0.7698,0.76988,1.01,1.00
2016.09.13 13:41:47.391,0.76979,0.76986,2.14,1.00
2016.09.13 13:41:47.442,0.76979,0.76986,1.29,1.00
2016.09.13 13:41:47.494,0.76979,0.76986,1.19,1.00
2016.09.13 13:41:47.546,0.76979,0.76986,1.56,1.00
2016.09.13 13:41:47.789,0.76979,0.76986,1.19,1.00
2016.09.13 13:41:47.942,0.76979,0.76988,1.56,1.00
2016.09.13 13:41:47.994,0.7698,0.76988,1.62,1.50
2016.09.13 13:41:48.096,0.76981,0.76988,1.37,1.50
2016.09.13 13:41:48.149,0.76981,0.76988,1.37,1.00
2016.09.13 13:41:48.200,0.76981,0.76988,1.62,1.00
2016.09.13 13:41:48.752,0.76981,0.76988,1.00,1.00
2016.09.13 13:41:48.907,0.76983,0.76991,1.00,1.50
2016.09.13 13:41:48.958,0.76983,0.76992,1.25,1.12
2016.09.13 13:41:49.062,0.76983,0.76993,1.31,1.12
2016.09.13 13:41:49.232,0.76983,0.76993,1.69,1.00
2016.09.13 13:41:49.283,0.76983,0.76993,1.76,1.00
2016.09.13 13:41:49.740,0.76982,0.76992,2.14,1.00
2016.09.13 13:41:49.842,0.76982,0.76988,1.31,1.00
2016.09.13 13:41:49.893,0.76982,0.76988,1.25,1.00
2016.09.13 13:41:50.051,0.76981,0.76988,1.69,1.00
2016.09.13 13:41:50.102,0.76982,0.76989,1.37,1.00
2016.09.13 13:41:50.362,0.76981,0.7699,1.37,1.50
2016.09.13 13:41:50.414,0.76982,0.7699,1.37,1.00
2016.09.13 13:41:50.465,0.76982,0.76991,1.37,1.50
2016.09.13 13:41:50.517,0.76982,0.7699,1.37,1.12
2016.09.13 13:41:50.568,0.76982,0.7699,1.47,1.00
2016.09.13 13:41:50.849,0.76981,0.7699,1.57,1.00
2016.09.13 13:41:51.666,0.76981,0.7699,2.32,1.00
2016.09.13 13:41:53.344,0.76981,0.7699,1.57,1.00
2016.09.13 13:41:53.547,0.76981,0.7699,1.20,1.00
2016.09.13 13:41:53.807,0.76981,0.76988,1.12,1.00
2016.09.13 13:41:53.858,0.76981,0.76988,1.00,1.12
2016.09.13 13:41:53.909,0.7698,0.76988,1.20,1.12
2016.09.13 13:41:53.961,0.76978,0.76987,1.39,1.00
2016.09.13 13:41:54.013,0.76979,0.76983,1.00,1.00
2016.09.13 13:41:54.065,0.76978,0.76984,1.12,1.50
2016.09.13 13:41:54.116,0.76975,0.76982,1.87,1.00
2016.09.13 13:41:54.168,0.76975,0.76981,1.12,1.00
2016.09.13 13:41:54.221,0.76972,0.7698,1.56,1.00
2016.09.13 13:41:54.272,0.7697,0.76979,2.44,1.00
2016.09.13 13:41:54.324,0.7697,0.76979,2.59,1.00
2016.09.13 13:41:54.509,0.7697,0.7698,1.65,1.00
2016.09.13 13:41:54.562,0.7697,0.7698,1.27,1.00
2016.09.13 13:41:55.021,0.7697,0.7698,1.20,1.00
2016.09.13 13:41:55.073,0.7697,0.7698,1.65,1.00
2016.09.13 13:41:56.279,0.7697,0.7698,1.65,1.12
2016.09.13 13:41:56.567,0.7697,0.7698,1.20,1.12
2016.09.13 13:41:57.153,0.7697,0.76979,1.20,1.00
2016.09.13 13:41:58.395,0.76968,0.76978,1.95,1.00
2016.09.13 13:41:58.446,0.76968,0.76978,2.32,1.00
2016.09.13 13:41:58.497,0.76968,0.76977,2.02,1.00
2016.09.13 13:41:58.671,0.76968,0.76977,1.27,1.00
2016.09.13 13:41:58.744,0.76969,0.76979,1.37,1.00
2016.09.13 13:41:58.795,0.76969,0.76979,1.87,1.50
2016.09.13 13:41:58.846,0.76969,0.76979,2.25,1.50
2016.09.13 13:41:58.897,0.76969,0.76977,1.50,1.00
2016.09.13 13:41:58.949,0.76969,0.76979,1.50,1.12
2016.09.13 13:41:59.000,0.76971,0.76979,1.12,1.00
2016.09.13 13:41:59.153,0.76971,0.76981,1.37,1.00
2016.09.13 13:41:59.491,0.7697,0.76979,1.37,1.00
2016.09.13 13:41:59.745,0.7697,0.76979,1.87,1.00
2016.09.13 13:41:59.847,0.76974,0.76982,1.00,1.00
2016.09.13 13:41:59.898,0.76976,0.76984,1.00,1.12
2016.09.13 13:41:59.949,0.76976,0.76985,1.00,1.50
2016.09.13 13:42:00.000,0.76977,0.76986,1.00,3.56
2016.09.13 13:42:00.132,0.76977,0.76986,1.50,3.19
2016.09.13 13:42:00.192,0.76978,0.76988,1.50,1.00
2016.09.13 13:42:00.244,0.76979,0.76989,1.12,1.00
2016.09.13 13:42:00.296,0.7698,0.7699,1.00,1.12
2016.09.13 13:42:00.347,0.7698,0.7699,1.12,1.12
2016.09.13 13:42:00.398,0.7698,0.7699,2.25,1.00
2016.09.13 13:42:00.602,0.7698,0.7699,2.44,1.00
2016.09.13 13:42:00.936,0.7698,0.76987,2.06,1.00
2016.09.13 13:42:00.987,0.7698,0.76987,1.31,1.00
2016.09.13 13:42:01.142,0.7698,0.76987,1.25,1.00
2016.09.13 13:42:01.194,0.76978,0.76986,2.51,1.00
2016.09.13 13:42:01.245,0.76978,0.76986,2.14,1.00
2016.09.13 13:42:01.297,0.76977,0.76986,1.45,1.00
2016.09.13 13:42:01.348,0.76976,0.76986,3.19,1.00
2016.09.13 13:42:01.399,0.76977,0.76984,1.57,1.00
2016.09.13 13:42:01.589,0.76977,0.76985,1.37,1.12
2016.09.13 13:42:01.647,0.76977,0.76985,1.37,1.50
2016.09.13 13:42:01.750,0.76977,0.76985,1.62,1.50
2016.09.13 13:42:01.801,0.76977,0.76985,1.39,1.00
2016.09.13 13:42:01.954,0.76977,0.76985,1.66,1.00
2016.09.13 13:42:02.006,0.76978,0.76985,2.00,1.00
2016.09.13 13:42:02.058,0.76979,0.76985,1.00,1.00
2016.09.13 13:42:02.520,0.76978,0.76985,2.00,1.00
2016.09.13 13:42:02.622,0.76978,0.76987,2.06,1.00
2016.09.13 13:42:02.673,0.76981,0.76987,1.00,1.00
2016.09.13 13:42:02.775,0.76979,0.76988,1.95,1.00
2016.09.13 13:42:02.826,0.7698,0.76987,1.69,1.00
2016.09.13 13:42:02.877,0.76981,0.76989,1.25,1.00
2016.09.13 13:42:02.980,0.76981,0.76989,1.69,1.00
2016.09.13 13:42:03.031,0.76981,0.76989,1.76,1.00
2016.09.13 13:42:03.579,0.76981,0.76989,1.39,1.00
2016.09.13 13:42:03.852,0.76981,0.7699,2.14,1.00
2016.09.13 13:42:03.903,0.76981,0.7699,2.96,1.00
2016.09.13 13:42:04.005,0.76982,0.76991,1.37,1.00
2016.09.13 13:42:04.223,0.76985,0.76995,3.56,2.25
2016.09.13 13:42:04.275,0.76987,0.76995,1.47,1.50
2016.09.13 13:42:04.378,0.76988,0.76995,1.00,1.00
2016.09.13 13:42:04.483,0.76988,0.76994,1.62,1.00
2016.09.13 13:42:04.587,0.76986,0.76995,3.19,1.00
2016.09.13 13:42:04.859,0.76986,0.76995,2.81,1.00
2016.09.13 13:42:04.910,0.76986,0.76995,1.69,1.00
2016.09.13 13:42:05.087,0.76986,0.76995,1.19,1.00
2016.09.13 13:42:05.189,0.76985,0.76994,2.51,1.00
2016.09.13 13:42:05.241,0.76985,0.76994,1.69,1.00
2016.09.13 13:42:05.292,0.76985,0.76994,1.19,1.00
2016.09.13 13:42:05.343,0.76984,0.76993,4.76,1.00
2016.09.13 13:42:05.394,0.76984,0.76993,3.26,1.00
2016.09.13 13:42:05.615,0.76984,0.76993,2.51,1.00
2016.09.13 13:42:05.667,0.76984,0.76994,1.76,1.50
2016.09.13 13:42:05.769,0.76984,0.76994,2.89,1.50
2016.09.13 13:42:05.871,0.76985,0.76994,1.76,1.50
2016.09.13 13:42:05.922,0.76985,0.76994,2.21,1.00
2016.09.13 13:42:05.973,0.76985,0.76994,2.96,1.00
2016.09.13 13:42:06.177,0.76985,0.76995,2.96,1.50
2016.09.13 13:42:06.397,0.76985,0.76995,2.96,1.00
2016.09.13 13:42:06.760,0.76985,0.76995,4.46,1.00
2016.09.13 13:42:06.811,0.76986,0.76996,2.81,1.00
2016.09.13 13:42:06.862,0.76986,0.76996,2.89,1.00
2016.09.13 13:42:07.015,0.76986,0.76996,3.26,1.00
2016.09.13 13:42:07.066,0.76989,0.76997,1.25,1.00
2016.09.13 13:42:07.117,0.7699,0.76999,1.00,1.10
2016.09.13 13:42:07.302,0.7699,0.76999,1.12,1.00
2016.09.13 13:42:07.354,0.7699,0.77,1.12,1.50
2016.09.13 13:42:07.405,0.76989,0.76999,1.87,1.00
2016.09.13 13:42:07.457,0.76989,0.76999,1.69,1.00
2016.09.13 13:42:07.560,0.76988,0.76998,3.26,1.00
2016.09.13 13:42:07.611,0.76987,0.76997,3.64,1.00
2016.09.13 13:42:07.662,0.76987,0.76997,3.00,1.00
2016.09.13 13:42:07.713,0.76987,0.76997,1.12,1.50
2016.09.13 13:42:07.764,0.76988,0.76995,1.00,1.00
2016.09.13 13:42:07.816,0.76986,0.76995,1.00,1.12
2016.09.13 13:42:07.867,0.76985,0.76993,1.39,1.00
2016.09.13 13:42:08.015,0.76984,0.7699,2.14,1.00
2016.09.13 13:42:08.080,0.76982,0.7699,1.19,1.00
2016.09.13 13:42:08.555,0.76981,0.76988,1.19,1.00
2016.09.13 13:42:09.218,0.76979,0.76989,4.46,1.00
2016.09.13 13:42:09.269,0.76979,0.76989,4.31,1.00
2016.09.13 13:42:09.320,0.76979,0.76989,3.56,1.00
2016.09.13 13:42:09.372,0.76979,0.76989,3.19,1.00
2016.09.13 13:42:09.811,0.76979,0.76989,2.44,1.00
2016.09.13 13:42:09.862,0.76979,0.76989,2.81,1.00
2016.09.13 13:42:10.522,0.76979,0.76989,2.44,1.00
2016.09.13 13:42:11.124,0.76981,0.7699,1.19,1.00
2016.09.13 13:42:11.226,0.76982,0.76992,1.19,1.20
2016.09.13 13:42:11.278,0.76982,0.76991,1.00,1.00
2016.09.13 13:42:11.329,0.76982,0.76991,1.00,1.50
2016.09.13 13:42:11.526,0.76981,0.76991,2.32,1.00
2016.09.13 13:42:11.577,0.7698,0.76988,1.25,1.00
2016.09.13 13:42:11.628,0.7698,0.76987,1.00,1.00
2016.09.13 13:42:11.680,0.76979,0.76987,1.37,1.00
2016.09.13 13:42:11.732,0.76978,0.76988,2.70,1.00
2016.09.13 13:42:11.783,0.76978,0.76988,1.95,1.00
2016.09.13 13:42:11.834,0.76978,0.76988,1.31,1.12
2016.09.13 13:42:11.886,0.76977,0.76987,1.76,1.00
2016.09.13 13:42:11.938,0.76977,0.76987,1.57,1.00
2016.09.13 13:42:11.995,0.76977,0.76986,1.47,1.00
2016.09.13 13:42:12.171,0.76977,0.76986,1.20,1.00
2016.09.13 13:42:12.222,0.76977,0.76986,1.12,1.00
2016.09.13 13:42:12.426,0.76977,0.76987,1.12,1.12
2016.09.13 13:42:12.559,0.76977,0.76987,1.12,1.00
2016.09.13 13:42:12.977,0.76976,0.76986,1.37,1.00
2016.09.13 13:42:13.028,0.76976,0.76986,1.37,1.37
2016.09.13 13:42:13.185,0.76975,0.76983,1.76,1.00
2016.09.13 13:42:13.237,0.76975,0.76983,1.66,1.00
2016.09.13 13:42:13.288,0.76973,0.76982,2.70,1.00
2016.09.13 13:42:13.339,0.76973,0.76982,1.57,1.50
2016.09.13 13:42:13.391,0.76973,0.7698,1.50,1.00
2016.09.13 13:42:13.443,0.76973,0.7698,1.12,1.00
2016.09.13 13:42:13.494,0.76972,0.7698,1.37,1.00
2016.09.13 13:42:13.546,0.76972,0.7698,1.37,1.12
2016.09.13 13:42:13.649,0.76972,0.76981,1.47,1.50
2016.09.13 13:42:13.700,0.76972,0.76981,1.47,1.87
2016.09.13 13:42:13.751,0.76972,0.76978,1.47,1.00
2016.09.13 13:42:13.924,0.76972,0.76979,1.37,1.00
2016.09.13 13:42:13.975,0.76971,0.76981,2.06,1.00
2016.09.13 13:42:14.027,0.76974,0.76982,1.37,1.87
2016.09.13 13:42:14.131,0.76974,0.76982,1.37,1.12
2016.09.13 13:42:14.287,0.76974,0.76984,1.37,2.32
2016.09.13 13:42:14.355,0.76974,0.76984,1.62,3.07
2016.09.13 13:42:14.407,0.76974,0.76984,1.62,2.62
2016.09.13 13:42:14.458,0.76975,0.76984,1.37,1.87
2016.09.13 13:42:14.509,0.76975,0.76984,1.37,1.12
2016.09.13 13:42:14.611,0.76975,0.76985,1.37,2.25
2016.09.13 13:42:14.875,0.76977,0.76985,1.12,1.50
2016.09.13 13:42:14.926,0.76977,0.76986,1.12,2.32
2016.09.13 13:42:14.978,0.76977,0.76986,1.37,2.25
2016.09.13 13:42:15.131,0.76978,0.76986,1.12,1.50
2016.09.13 13:42:15.182,0.76977,0.76986,1.37,1.50
2016.09.13 13:42:15.284,0.76976,0.76986,1.37,2.62
2016.09.13 13:42:15.336,0.76976,0.76986,1.37,3.00
2016.09.13 13:42:15.388,0.76975,0.76985,1.62,1.37
2016.09.13 13:42:15.492,0.76975,0.76985,1.62,1.00
2016.09.13 13:42:15.658,0.76976,0.76986,1.37,3.00
2016.09.13 13:42:16.124,0.76975,0.76984,1.62,1.00
2016.09.13 13:42:16.176,0.76975,0.76984,1.25,1.00
2016.09.13 13:42:16.227,0.76976,0.76986,1.00,3.00
2016.09.13 13:42:16.380,0.76976,0.76986,1.37,3.00
2016.09.13 13:42:16.482,0.76976,0.76986,1.00,3.37
2016.09.13 13:42:16.583,0.76975,0.76985,1.25,1.00
2016.09.13 13:42:16.977,0.76976,0.76986,1.00,2.25
2016.09.13 13:42:17.080,0.76976,0.76986,1.37,2.62
2016.09.13 13:42:17.132,0.76976,0.76984,1.37,1.00
2016.09.13 13:42:17.183,0.76976,0.76984,1.37,1.12
2016.09.13 13:42:17.234,0.76976,0.76984,1.37,1.50
2016.09.13 13:42:17.633,0.76976,0.76986,1.37,3.37
2016.09.13 13:42:17.684,0.76976,0.76986,1.37,3.00
2016.09.13 13:42:17.736,0.76976,0.76986,1.37,1.37
2016.09.13 13:42:17.787,0.76978,0.76986,1.00,1.37
2016.09.13 13:42:18.350,0.76976,0.76984,1.37,1.87
2016.09.13 13:42:18.416,0.76975,0.76984,1.00,1.50
2016.09.13 13:42:18.467,0.76975,0.76984,1.00,1.00
2016.09.13 13:42:18.518,0.76977,0.76984,1.00,1.50
2016.09.13 13:42:18.570,0.76977,0.76984,1.37,1.50
2016.09.13 13:42:18.638,0.76979,0.76986,1.37,1.10
2016.09.13 13:42:18.690,0.76979,0.76987,1.37,2.25
2016.09.13 13:42:18.742,0.76979,0.76987,1.37,1.12
2016.09.13 13:42:18.924,0.76979,0.76986,1.50,1.00
2016.09.13 13:42:18.976,0.76979,0.76986,1.12,1.12
2016.09.13 13:42:19.028,0.76978,0.76987,1.12,1.47
2016.09.13 13:42:19.080,0.76978,0.76987,1.00,1.20
2016.09.13 13:42:19.131,0.76978,0.76987,1.00,1.95
2016.09.13 13:42:19.182,0.76978,0.76987,1.00,1.87
2016.09.13 13:42:19.285,0.76978,0.76987,1.00,1.00
2016.09.13 13:42:19.337,0.76978,0.76988,1.00,3.37
2016.09.13 13:42:19.389,0.76978,0.76987,1.37,1.00
2016.09.13 13:42:19.440,0.76978,0.76987,1.37,1.12
2016.09.13 13:42:19.491,0.76979,0.76987,1.37,1.87
2016.09.13 13:42:19.643,0.76979,0.76987,1.00,1.87
2016.09.13 13:42:19.694,0.76979,0.76987,1.00,1.50
2016.09.13 13:42:19.746,0.76979,0.76987,1.00,1.00
2016.09.13 13:42:20.053,0.7698,0.76988,1.37,2.62
2016.09.13 13:42:20.381,0.7698,0.76988,1.87,1.00
2016.09.13 13:42:20.433,0.76982,0.76992,1.47,1.87
2016.09.13 13:42:20.511,0.76984,0.76992,1.37,1.37
2016.09.13 13:42:20.562,0.76984,0.76992,1.37,1.00
2016.09.13 13:42:20.666,0.76981,0.7699,1.69,1.00
2016.09.13 13:42:20.819,0.76981,0.76991,4.31,1.00
2016.09.13 13:42:20.870,0.76983,0.7699,1.69,1.00
2016.09.13 13:42:21.109,0.76981,0.76991,5.06,1.00
2016.09.13 13:42:21.165,0.76981,0.76991,3.94,1.00
2016.09.13 13:42:21.216,0.76981,0.7699,2.44,1.00
2016.09.13 13:42:21.267,0.76982,0.76992,1.37,1.87
2016.09.13 13:42:21.319,0.76981,0.76989,1.69,1.00
2016.09.13 13:42:21.370,0.7698,0.76988,3.19,1.00
2016.09.13 13:42:21.421,0.7698,0.76988,3.56,1.50
2016.09.13 13:42:21.473,0.7698,0.7699,3.56,1.50
2016.09.13 13:42:21.524,0.7698,0.7699,2.44,1.87
2016.09.13 13:42:21.578,0.7698,0.76989,2.44,1.57
2016.09.13 13:42:21.630,0.7698,0.76987,2.44,1.00
2016.09.13 13:42:21.823,0.7698,0.76989,1.69,1.50
2016.09.13 13:42:21.881,0.7698,0.76987,1.50,1.00
2016.09.13 13:42:21.983,0.7698,0.76986,1.69,1.00
2016.09.13 13:42:22.137,0.7698,0.76986,1.62,1.00
2016.09.13 13:42:22.631,0.7698,0.76987,1.56,1.00
2016.09.13 13:42:22.683,0.7698,0.76988,1.56,1.12
2016.09.13 13:42:22.735,0.7698,0.76988,1.69,1.00
2016.09.13 13:42:23.105,0.7698,0.76988,4.31,1.00
2016.09.13 13:42:23.156,0.7698,0.76988,4.69,1.00
2016.09.13 13:42:23.207,0.7698,0.76988,3.19,1.00
2016.09.13 13:42:23.258,0.7698,0.76989,2.81,1.50
2016.09.13 13:42:23.362,0.7698,0.76989,3.56,1.00
2016.09.13 13:42:23.519,0.7698,0.76989,4.31,1.00
2016.09.13 13:42:23.623,0.7698,0.76989,3.56,1.00
2016.09.13 13:42:23.675,0.7698,0.76989,2.81,1.50
2016.09.13 13:42:23.828,0.7698,0.76989,1.69,1.00
2016.09.13 13:42:23.879,0.7698,0.7699,1.69,1.50
2016.09.13 13:42:23.930,0.7698,0.76989,1.62,1.12
2016.09.13 13:42:23.982,0.7698,0.7699,1.62,2.62
2016.09.13 13:42:24.084,0.7698,0.7699,1.62,2.62
2016.09.13 13:42:24.136,0.7698,0.76988,1.62,1.00
2016.09.13 13:42:24.310,0.76979,0.76988,1.69,1.00
2016.09.13 13:42:24.369,0.76979,0.76988,1.69,1.50
2016.09.13 13:42:24.471,0.76979,0.76986,1.69,1.00
2016.09.13 13:42:24.573,0.76979,0.76987,2.44,1.00
2016.09.13 13:42:24.625,0.76979,0.76985,1.87,1.00
2016.09.13 13:42:24.676,0.76981,0.76986,3.00,1.00
2016.09.13 13:42:24.727,0.7698,0.76984,3.00,1.00
2016.09.13 13:42:24.778,0.76978,0.76986,1.12,1.00
2016.09.13 13:42:24.962,0.76977,0.76986,1.75,1.00
2016.09.13 13:42:25.013,0.76977,0.76986,1.50,1.00
2016.09.13 13:42:25.288,0.76978,0.76984,1.37,1.00
2016.09.13 13:42:25.339,0.76979,0.76985,1.37,1.00
2016.09.13 13:42:25.391,0.76979,0.76985,1.37,1.00
2016.09.13 13:42:25.442,0.76978,0.76986,2.32,1.00
2016.09.13 13:42:25.494,0.76978,0.76986,2.40,1.00
2016.09.13 13:42:25.662,0.76979,0.76986,3.07,1.00
2016.09.13 13:42:25.713,0.76979,0.76987,1.10,1.00
2016.09.13 13:42:25.918,0.76979,0.76987,1.20,1.00
2016.09.13 13:42:26.024,0.76978,0.76985,3.82,1.00
2016.09.13 13:42:26.077,0.76978,0.76984,3.07,1.00
2016.09.13 13:42:26.128,0.76978,0.76984,3.00,1.00
2016.09.13 13:42:26.179,0.76974,0.76984,3.37,1.00
2016.09.13 13:42:26.230,0.76974,0.76984,3.00,1.00
2016.09.13 13:42:26.407,0.76974,0.76985,1.87,1.10
2016.09.13 13:42:26.459,0.76974,0.76983,2.62,1.00
2016.09.13 13:42:26.511,0.76975,0.76983,3.00,1.00
2016.09.13 13:42:26.562,0.76975,0.76982,1.12,1.00
2016.09.13 13:42:26.613,0.76975,0.76983,1.12,1.00
2016.09.13 13:42:26.664,0.76975,0.76982,1.00,1.00
2016.09.13 13:42:26.742,0.76974,0.76982,1.00,1.00
2016.09.13 13:42:26.793,0.76974,0.76982,1.00,1.00
2016.09.13 13:42:27.047,0.76973,0.76981,1.87,1.00
2016.09.13 13:42:27.220,0.76974,0.76981,1.00,1.00
2016.09.13 13:42:27.272,0.76974,0.76981,1.69,1.00
2016.09.13 13:42:27.323,0.76974,0.76983,1.25,1.00
2016.09.13 13:42:27.376,0.76974,0.76983,1.62,1.00
2016.09.13 13:42:27.427,0.76974,0.76983,1.69,1.00
2016.09.13 13:42:27.847,0.76974,0.76982,2.44,1.00
2016.09.13 13:42:28.073,0.76978,0.76984,1.12,1.00
2016.09.13 13:42:28.124,0.76976,0.76983,1.65,1.00
2016.09.13 13:42:28.176,0.76976,0.76983,1.57,1.00
2016.09.13 13:42:28.227,0.76978,0.76986,1.12,1.00
2016.09.13 13:42:28.278,0.76978,0.76988,1.00,3.07
2016.09.13 13:42:28.329,0.76978,0.76988,1.37,2.25
2016.09.13 13:42:28.381,0.76979,0.76989,2.62,1.95
2016.09.13 13:42:28.432,0.76981,0.7699,1.07,4.12
2016.09.13 13:42:28.483,0.76981,0.7699,1.85,1.00
2016.09.13 13:42:28.534,0.76982,0.76991,1.07,1.00
2016.09.13 13:42:28.663,0.76982,0.76991,1.45,1.00
2016.09.13 13:42:28.715,0.76985,0.76992,1.19,1.00
2016.09.13 13:42:28.817,0.76985,0.76991,1.19,1.00
2016.09.13 13:42:28.971,0.76985,0.76992,1.19,1.50
2016.09.13 13:42:29.022,0.76985,0.76992,1.00,1.00
2016.09.13 13:42:29.074,0.76985,0.76993,1.12,1.00
2016.09.13 13:42:29.286,0.76985,0.76995,1.31,1.50
2016.09.13 13:42:29.338,0.76984,0.76993,2.51,1.00
2016.09.13 13:42:29.389,0.76984,0.76992,2.44,1.00
2016.09.13 13:42:29.440,0.76985,0.76992,1.31,1.00
2016.09.13 13:42:29.491,0.76985,0.76992,1.19,1.00
2016.09.13 13:42:29.542,0.76985,0.76993,1.31,1.00
2016.09.13 13:42:29.594,0.76984,0.76993,2.06,1.00
2016.09.13 13:42:29.645,0.76984,0.76993,1.31,1.00
2016.09.13 13:42:29.697,0.76984,0.76993,1.19,1.00
2016.09.13 13:42:29.938,0.76983,0.76993,3.56,1.12
2016.09.13 13:42:29.989,0.76983,0.76992,3.94,1.00
2016.09.13 13:42:30.244,0.76983,0.76993,2.06,1.12
2016.09.13 13:42:30.347,0.76983,0.76993,1.87,1.12
2016.09.13 13:42:30.399,0.76983,0.76993,1.95,1.12
2016.09.13 13:42:30.831,0.76985,0.76992,1.00,1.00
2016.09.13 13:42:30.882,0.76984,0.76994,1.10,1.50
2016.09.13 13:42:30.933,0.76985,0.76995,1.10,1.37
2016.09.13 13:42:30.985,0.76986,0.76996,1.12,1.50
2016.09.13 13:42:31.036,0.76986,0.76996,1.50,1.12
2016.09.13 13:42:31.087,0.76986,0.76996,1.57,1.00
2016.09.13 13:42:31.297,0.76986,0.76996,1.95,1.00
2016.09.13 13:42:31.705,0.76987,0.76996,1.10,1.00
2016.09.13 13:42:31.807,0.76988,0.76998,1.00,1.00
2016.09.13 13:42:31.910,0.76988,0.76998,2.25,1.12
2016.09.13 13:42:32.111,0.76989,0.76999,1.76,1.00
2016.09.13 13:42:32.294,0.76991,0.76999,1.00,1.00
2016.09.13 13:42:32.448,0.76993,0.77,1.12,1.00
2016.09.13 13:42:32.499,0.76993,0.77,1.50,1.00
2016.09.13 13:42:32.601,0.76992,0.77,1.76,1.00
2016.09.13 13:42:32.793,0.76992,0.77,1.20,1.50
2016.09.13 13:42:32.845,0.7699,0.76998,1.37,1.00
2016.09.13 13:42:32.899,0.7699,0.76998,1.00,1.00
2016.09.13 13:42:32.950,0.7699,0.76998,1.00,1.00
2016.09.13 13:42:33.001,0.76988,0.76998,3.00,1.00
2016.09.13 13:42:33.053,0.76988,0.76994,2.25,1.00
2016.09.13 13:42:33.104,0.76988,0.76993,1.12,1.00
2016.09.13 13:42:33.157,0.76987,0.76992,1.37,1.00
2016.09.13 13:42:33.208,0.76985,0.76992,3.00,1.00
2016.09.13 13:42:33.260,0.76987,0.76994,1.20,1.00
2016.09.13 13:42:33.311,0.76986,0.76994,1.87,1.00
2016.09.13 13:42:33.459,0.76987,0.76997,2.32,1.75
2016.09.13 13:42:33.510,0.76988,0.76997,3.00,1.50
2016.09.13 13:42:33.562,0.7699,0.76994,1.00,1.00
2016.09.13 13:42:33.639,0.7699,0.76995,1.37,1.50
2016.09.13 13:42:33.691,0.76989,0.76995,1.12,1.50
2016.09.13 13:42:33.742,0.76988,0.76994,2.25,1.00
2016.09.13 13:42:33.794,0.76988,0.76994,3.00,1.00
2016.09.13 13:42:33.845,0.76988,0.76994,1.75,1.00
2016.09.13 13:42:33.948,0.76987,0.76994,1.12,1.00
2016.09.13 13:42:33.999,0.76986,0.76994,3.56,1.00
2016.09.13 13:42:34.051,0.76987,0.76994,1.50,1.50
2016.09.13 13:42:34.229,0.76986,0.76994,2.62,1.87
2016.09.13 13:42:34.280,0.76983,0.7699,1.00,1.00
2016.09.13 13:42:34.438,0.7698,0.76988,1.45,1.00
2016.09.13 13:42:34.491,0.76979,0.76988,1.95,1.00
2016.09.13 13:42:34.543,0.76979,0.76987,1.47,1.00
2016.09.13 13:42:34.594,0.76978,0.76987,3.37,1.00
2016.09.13 13:42:34.646,0.76978,0.76987,3.00,1.00
2016.09.13 13:42:34.698,0.76983,0.76991,1.00,3.37
2016.09.13 13:42:34.929,0.76983,0.76994,1.50,1.87
2016.09.13 13:42:34.981,0.7698,0.76989,4.87,1.00
2016.09.13 13:42:35.032,0.7698,0.76989,4.12,1.00
2016.09.13 13:42:35.084,0.7698,0.76989,1.57,1.00
2016.09.13 13:42:35.135,0.76979,0.76987,3.07,1.00
2016.09.13 13:42:35.187,0.76979,0.76986,2.70,1.00
2016.09.13 13:42:35.238,0.76979,0.76986,1.95,1.00
2016.09.13 13:42:35.289,0.76979,0.76986,1.20,1.00
2016.09.13 13:42:35.391,0.76979,0.76986,1.12,1.00
2016.09.13 13:42:35.694,0.76977,0.76986,2.81,1.00
2016.09.13 13:42:35.796,0.76977,0.76985,2.44,1.50
2016.09.13 13:42:35.847,0.76977,0.76985,2.25,1.50
2016.09.13 13:42:35.899,0.76977,0.76985,1.87,1.50
2016.09.13 13:42:36.007,0.7698,0.76985,1.12,1.50
2016.09.13 13:42:36.134,0.76977,0.76985,2.25,1.50
2016.09.13 13:42:36.237,0.76977,0.76985,1.87,2.25
2016.09.13 13:42:36.427,0.76976,0.76984,1.57,1.50
2016.09.13 13:42:36.479,0.76975,0.76984,2.62,2.25
2016.09.13 13:42:36.533,0.76975,0.76983,2.62,1.50
2016.09.13 13:42:36.584,0.76975,0.76983,2.70,2.25
2016.09.13 13:42:36.636,0.76975,0.76981,1.47,1.50
2016.09.13 13:42:36.687,0.76974,0.76981,1.87,1.50
2016.09.13 13:42:36.943,0.76974,0.76981,1.12,1.50
2016.09.13 13:42:37.153,0.76972,0.7698,1.57,1.50
2016.09.13 13:42:37.205,0.76972,0.76979,1.47,1.00
2016.09.13 13:42:37.309,0.76971,0.76979,1.07,2.25
2016.09.13 13:42:37.412,0.7697,0.76979,4.50,2.25
2016.09.13 13:42:37.463,0.7697,0.76979,3.45,2.25
2016.09.13 13:42:37.515,0.7697,0.76979,2.70,1.50
2016.09.13 13:42:37.719,0.7697,0.76979,1.95,1.50
2016.09.13 13:42:37.770,0.7697,0.76979,1.95,2.25
2016.09.13 13:42:37.872,0.76973,0.76979,1.00,1.50
2016.09.13 13:42:37.924,0.76974,0.76982,1.00,1.50
2016.09.13 13:42:37.976,0.76974,0.76982,2.25,1.50
2016.09.13 13:42:38.078,0.76975,0.76981,1.37,1.00
2016.09.13 13:42:38.129,0.76976,0.7698,1.00,1.00
2016.09.13 13:42:38.195,0.76975,0.7698,1.37,1.00
2016.09.13 13:42:38.246,0.76972,0.76978,3.82,1.50
2016.09.13 13:42:38.383,0.76972,0.76978,3.37,1.50
2016.09.13 13:42:38.438,0.76971,0.76978,1.95,1.50
2016.09.13 13:42:38.864,0.76971,0.76978,1.20,1.50
2016.09.13 13:42:38.916,0.76971,0.76978,1.20,2.25
2016.09.13 13:42:39.018,0.7697,0.76978,1.95,1.50
2016.09.13 13:42:39.174,0.7697,0.76979,1.95,1.00
2016.09.13 13:42:39.380,0.7697,0.76979,2.70,1.00
2016.09.13 13:42:40.032,0.7697,0.76978,2.70,1.50
2016.09.13 13:42:40.225,0.7697,0.76978,1.95,1.50
2016.09.13 13:42:40.328,0.76974,0.76982,1.00,1.00
2016.09.13 13:42:40.432,0.76972,0.76981,3.07,1.87
2016.09.13 13:42:40.484,0.76974,0.76981,1.00,1.87
2016.09.13 13:42:40.535,0.76974,0.76983,1.37,2.62
2016.09.13 13:42:40.586,0.76974,0.76983,1.37,1.50
2016.09.13 13:42:40.637,0.76976,0.76983,1.00,1.50
2016.09.13 13:42:40.689,0.76976,0.76983,1.00,1.50
2016.09.13 13:42:40.741,0.76976,0.76984,1.10,1.00
2016.09.13 13:42:40.883,0.76976,0.76984,1.57,1.00
2016.09.13 13:42:40.935,0.76976,0.76986,2.32,1.50
2016.09.13 13:42:40.987,0.76976,0.76986,3.00,1.00
2016.09.13 13:42:41.040,0.76977,0.76986,1.50,1.12
2016.09.13 13:42:41.092,0.76977,0.76986,2.25,1.12
2016.09.13 13:42:41.143,0.76978,0.76987,1.20,1.00
2016.09.13 13:42:41.297,0.76977,0.76987,3.75,1.00
2016.09.13 13:42:41.686,0.76979,0.76986,1.00,1.00
2016.09.13 13:42:41.788,0.76978,0.76986,1.27,1.00
2016.09.13 13:42:41.839,0.76977,0.76986,3.75,1.00
2016.09.13 13:42:41.891,0.76977,0.76985,2.25,1.25
2016.09.13 13:42:41.942,0.76976,0.76985,3.45,1.25
2016.09.13 13:42:41.993,0.76977,0.76985,1.20,1.00
2016.09.13 13:42:42.045,0.76978,0.76985,1.00,1.00
2016.09.13 13:42:42.096,0.76978,0.76986,1.50,1.00
2016.09.13 13:42:42.148,0.76978,0.76986,2.25,1.00
2016.09.13 13:42:42.321,0.7698,0.76987,1.87,1.00
2016.09.13 13:42:42.372,0.76982,0.76989,1.10,1.25
2016.09.13 13:42:42.424,0.76982,0.7699,1.10,1.69
2016.09.13 13:42:42.476,0.76982,0.7699,1.10,1.19
2016.09.13 13:42:42.527,0.76982,0.7699,1.47,1.19
2016.09.13 13:42:42.630,0.76982,0.76991,1.47,1.31
2016.09.13 13:42:42.886,0.76981,0.76991,2.70,1.31
2016.09.13 13:42:43.132,0.76984,0.76993,1.00,1.12
2016.09.13 13:42:43.441,0.76986,0.76993,1.00,1.87
2016.09.13 13:42:43.492,0.76986,0.76993,1.00,1.12
2016.09.13 13:42:44.196,0.76983,0.76993,1.10,1.12
2016.09.13 13:42:44.298,0.76982,0.76991,1.20,1.00
2016.09.13 13:42:44.349,0.76982,0.76991,1.10,1.00
2016.09.13 13:42:44.401,0.76982,0.76991,1.00,1.00
2016.09.13 13:42:44.946,0.76982,0.76992,1.00,1.00
2016.09.13 13:42:45.176,0.76987,0.76994,1.00,1.50
2016.09.13 13:42:45.227,0.76987,0.76994,1.00,1.50
2016.09.13 13:42:45.278,0.76989,0.76994,1.00,1.00
2016.09.13 13:42:45.329,0.7699,0.76996,1.00,1.00
2016.09.13 13:42:45.500,0.76991,0.77,1.12,1.62
2016.09.13 13:42:45.554,0.76991,0.77,1.12,1.37
2016.09.13 13:42:45.606,0.7699,0.76999,1.57,1.12
2016.09.13 13:42:45.657,0.7699,0.76998,1.50,1.37
2016.09.13 13:42:45.709,0.76988,0.76997,1.12,1.37
2016.09.13 13:42:45.812,0.76987,0.76997,1.00,1.37
2016.09.13 13:42:45.914,0.7699,0.76997,1.00,1.87
2016.09.13 13:42:46.171,0.76987,0.76997,1.25,1.87
2016.09.13 13:42:46.226,0.76985,0.76995,1.69,1.47
2016.09.13 13:42:46.278,0.76985,0.76993,1.31,1.37
2016.09.13 13:42:46.482,0.76985,0.76993,1.12,1.37
2016.09.13 13:42:46.533,0.76984,0.76993,1.50,1.87
2016.09.13 13:42:46.585,0.76985,0.76995,1.12,2.32
2016.09.13 13:42:46.636,0.76985,0.76992,1.00,1.37
2016.09.13 13:42:47.179,0.76984,0.76993,1.00,1.37
2016.09.13 13:42:47.332,0.76983,0.76993,1.12,1.37
2016.09.13 13:42:47.384,0.76983,0.76993,1.12,1.87
2016.09.13 13:42:47.436,0.76983,0.76992,1.00,1.37
2016.09.13 13:42:47.754,0.76985,0.76994,1.00,3.37
2016.09.13 13:42:47.806,0.76985,0.76994,1.00,2.62
2016.09.13 13:42:47.857,0.76984,0.76994,1.20,1.87
2016.09.13 13:42:47.908,0.76984,0.76994,1.10,1.87
2016.09.13 13:42:47.960,0.76985,0.76994,1.00,1.87
2016.09.13 13:42:48.011,0.76985,0.76994,1.00,1.37
2016.09.13 13:42:48.164,0.76986,0.76995,1.00,1.50
2016.09.13 13:42:48.216,0.76988,0.76995,1.00,1.50
2016.09.13 13:42:48.398,0.76987,0.76996,1.00,1.87
2016.09.13 13:42:48.500,0.76988,0.76996,1.00,1.50
2016.09.13 13:42:48.560,0.76985,0.76997,1.57,1.12
2016.09.13 13:42:48.632,0.76988,0.76998,1.00,2.62
2016.09.13 13:42:48.684,0.76988,0.76998,1.00,2.25
2016.09.13 13:42:48.736,0.76988,0.76998,1.12,1.50
2016.09.13 13:42:48.787,0.76988,0.76998,1.20,1.50
2016.09.13 13:42:48.991,0.76989,0.76998,1.10,1.50
2016.09.13 13:42:49.093,0.7699,0.76998,1.00,1.50
2016.09.13 13:42:49.290,0.76991,0.76999,1.00,1.37
2016.09.13 13:42:49.646,0.76991,0.76999,1.00,1.00
2016.09.13 13:42:50.128,0.7699,0.77,1.00,1.50
2016.09.13 13:42:50.230,0.7699,0.77,1.00,1.12
2016.09.13 13:42:50.759,0.7699,0.77,1.00,1.00
2016.09.13 13:42:50.861,0.7699,0.77,1.00,1.50
2016.09.13 13:42:51.028,0.7699,0.76999,1.00,1.00
2016.09.13 13:42:51.232,0.7699,0.76999,1.00,1.12
2016.09.13 13:42:51.654,0.76989,0.76998,1.00,1.00
2016.09.13 13:42:51.887,0.76987,0.76995,1.32,1.00
2016.09.13 13:42:51.939,0.76985,0.76995,1.76,1.00
2016.09.13 13:42:51.991,0.76985,0.76995,1.12,1.00
2016.09.13 13:42:52.070,0.76986,0.76995,1.00,1.00
2016.09.13 13:42:52.121,0.76985,0.76994,1.12,1.00
2016.09.13 13:42:52.426,0.76984,0.76993,1.01,1.00
2016.09.13 13:42:52.563,0.76983,0.76993,2.62,1.00
2016.09.13 13:42:52.614,0.7698,0.7699,2.14,1.00
2016.09.13 13:42:52.666,0.7698,0.76989,3.82,1.00
2016.09.13 13:42:52.718,0.7698,0.76989,2.70,1.00
2016.09.13 13:42:52.770,0.76979,0.76989,1.37,1.00
2016.09.13 13:42:52.822,0.76979,0.76989,1.00,1.00
2016.09.13 13:42:52.924,0.76978,0.76988,1.27,1.00
2016.09.13 13:42:53.027,0.76979,0.76988,1.00,1.00
2016.09.13 13:42:53.078,0.76979,0.76989,1.00,1.12
2016.09.13 13:42:53.129,0.76979,0.76989,1.12,1.00
2016.09.13 13:42:53.180,0.7698,0.76989,1.00,1.00
2016.09.13 13:42:53.315,0.76981,0.76989,1.19,1.00
2016.09.13 13:42:53.371,0.76983,0.76991,1.25,1.00
2016.09.13 13:42:53.422,0.76984,0.76991,1.00,1.00
2016.09.13 13:42:53.475,0.76983,0.76992,1.25,2.62
2016.09.13 13:42:53.528,0.76982,0.76992,1.19,1.00
2016.09.13 13:42:53.632,0.76983,0.7699,1.00,1.00
2016.09.13 13:42:53.683,0.76981,0.76991,1.00,1.00
2016.09.13 13:42:53.734,0.76981,0.76991,1.12,1.00
2016.09.13 13:42:53.924,0.76981,0.76991,1.50,1.00
2016.09.13 13:42:54.313,0.76981,0.76989,1.00,1.00
2016.09.13 13:42:54.364,0.76979,0.76988,3.37,1.00
2016.09.13 13:42:54.416,0.76979,0.76988,2.32,1.00
2016.09.13 13:42:54.517,0.76979,0.76988,3.07,1.00
2016.09.13 13:42:54.619,0.76979,0.76988,2.32,1.00
2016.09.13 13:42:54.858,0.76979,0.76989,2.32,1.50
2016.09.13 13:42:55.015,0.76979,0.76989,2.77,1.50
2016.09.13 13:42:55.066,0.76979,0.76988,2.70,1.00
2016.09.13 13:42:55.219,0.7698,0.76987,1.00,1.00
2016.09.13 13:42:55.678,0.7698,0.76987,1.00,1.50
2016.09.13 13:42:56.393,0.7698,0.76987,1.00,1.00
2016.09.13 13:42:56.725,0.76978,0.76986,2.70,1.00
2016.09.13 13:42:56.777,0.76978,0.76986,1.57,1.50
2016.09.13 13:42:56.828,0.76977,0.76984,1.85,1.00
2016.09.13 13:42:56.879,0.76976,0.76984,2.25,1.10
2016.09.13 13:42:56.931,0.76974,0.76984,4.87,1.10
2016.09.13 13:42:56.982,0.76974,0.76984,1.87,1.10
2016.09.13 13:42:57.033,0.76974,0.76983,1.50,1.00
2016.09.13 13:42:57.583,0.76974,0.76983,1.00,1.00
2016.09.13 13:42:58.513,0.76974,0.76982,1.00,1.00
2016.09.13 13:42:59.321,0.76974,0.76983,1.00,1.12
2016.09.13 13:42:59.372,0.76975,0.76983,1.00,1.00
2016.09.13 13:42:59.423,0.76975,0.76984,1.00,1.95
2016.09.13 13:42:59.474,0.76973,0.76981,1.00,1.00
2016.09.13 13:42:59.627,0.76973,0.7698,1.00,1.50
2016.09.13 13:42:59.808,0.76972,0.7698,1.57,1.00
2016.09.13 13:42:59.911,0.76972,0.76982,1.10,1.87
2016.09.13 13:42:59.962,0.76974,0.76983,1.12,3.37
2016.09.13 13:43:00.014,0.76976,0.76981,1.00,1.00
2016.09.13 13:43:00.065,0.76976,0.76984,1.50,2.62
2016.09.13 13:43:00.117,0.76977,0.76984,1.95,1.00
2016.09.13 13:43:00.168,0.76977,0.76985,1.57,1.37
2016.09.13 13:43:00.219,0.76977,0.76985,1.20,1.00
2016.09.13 13:43:00.271,0.76978,0.76985,1.00,1.50
2016.09.13 13:43:00.473,0.76978,0.76985,1.00,1.00
2016.09.13 13:43:00.539,0.76978,0.76984,1.12,1.00
2016.09.13 13:43:00.591,0.76978,0.76984,1.00,1.00
2016.09.13 13:43:00.643,0.76978,0.76984,1.57,1.50
2016.09.13 13:43:00.695,0.76978,0.76983,1.12,1.50
2016.09.13 13:43:00.747,0.76977,0.76983,1.12,1.50
2016.09.13 13:43:00.799,0.76974,0.7698,1.87,1.00
2016.09.13 13:43:00.851,0.76974,0.76978,1.00,1.00
2016.09.13 13:43:00.902,0.76971,0.76978,2.70,1.00
2016.09.13 13:43:01.085,0.7697,0.76978,1.47,1.50
2016.09.13 13:43:01.136,0.7697,0.76978,1.10,1.50
2016.09.13 13:43:01.188,0.7697,0.76976,1.10,1.00
2016.09.13 13:43:01.239,0.76969,0.76979,1.12,1.50
2016.09.13 13:43:01.290,0.76972,0.76979,1.00,1.37
2016.09.13 13:43:01.341,0.76974,0.7698,1.00,1.75
2016.09.13 13:43:01.392,0.76976,0.7698,1.00,1.00
2016.09.13 13:43:01.496,0.76976,0.76981,1.00,1.37
2016.09.13 13:43:01.547,0.76976,0.76981,1.00,1.00
2016.09.13 13:43:01.741,0.76977,0.76984,1.00,1.50
2016.09.13 13:43:01.793,0.76977,0.76984,1.00,1.00
2016.09.13 13:43:01.844,0.76977,0.76986,1.00,3.19
2016.09.13 13:43:01.895,0.76978,0.76986,1.00,1.50
2016.09.13 13:43:01.997,0.76977,0.76986,1.00,1.50
2016.09.13 13:43:02.056,0.76977,0.76987,1.00,3.07
2016.09.13 13:43:02.209,0.76978,0.76987,1.00,2.32
2016.09.13 13:43:02.349,0.76978,0.76987,1.00,2.70
2016.09.13 13:43:02.420,0.76977,0.76985,1.00,1.50
2016.09.13 13:43:02.471,0.76977,0.76985,1.00,2.25
2016.09.13 13:43:02.573,0.76977,0.76985,1.00,1.50
2016.09.13 13:43:02.726,0.76978,0.76986,1.00,1.95
2016.09.13 13:43:02.879,0.76978,0.76986,1.00,1.47
2016.09.13 13:43:02.930,0.76978,0.76987,1.00,1.65
2016.09.13 13:43:03.084,0.76978,0.76987,1.00,1.57
2016.09.13 13:43:03.137,0.76978,0.76987,1.00,1.95
2016.09.13 13:43:03.188,0.7698,0.76987,1.00,1.95
2016.09.13 13:43:03.239,0.7698,0.76988,1.00,1.50
2016.09.13 13:43:03.290,0.7698,0.76989,1.00,3.45
2016.09.13 13:43:03.342,0.7698,0.76989,1.00,1.95
2016.09.13 13:43:03.393,0.76979,0.76989,1.00,2.62
2016.09.13 13:43:03.444,0.76979,0.76988,1.00,1.00
2016.09.13 13:43:03.496,0.7698,0.76988,1.00,1.10
2016.09.13 13:43:03.598,0.76979,0.76988,1.00,1.47
2016.09.13 13:43:03.650,0.76979,0.76988,1.00,1.57
2016.09.13 13:43:03.797,0.76979,0.76988,1.00,2.32
2016.09.13 13:43:03.849,0.76978,0.76987,1.00,1.87
2016.09.13 13:43:03.951,0.76978,0.76986,1.00,1.12
2016.09.13 13:43:04.003,0.76978,0.76985,1.00,1.37
2016.09.13 13:43:04.054,0.76976,0.76985,1.00,1.50
2016.09.13 13:43:04.106,0.76978,0.76985,1.00,1.37
2016.09.13 13:43:04.208,0.76978,0.76986,1.00,5.40
2016.09.13 13:43:04.259,0.76978,0.76986,1.00,5.32
2016.09.13 13:43:04.310,0.76978,0.76986,1.00,5.25
2016.09.13 13:43:04.361,0.76978,0.76985,1.00,1.50
2016.09.13 13:43:04.590,0.76978,0.76986,1.00,4.50
2016.09.13 13:43:05.040,0.76978,0.76986,1.00,3.75
2016.09.13 13:43:05.218,0.76978,0.76986,1.00,3.37
2016.09.13 13:43:05.371,0.76978,0.76986,1.00,2.62
2016.09.13 13:43:05.561,0.76978,0.76986,1.00,1.00
2016.09.13 13:43:05.638,0.76978,0.76986,1.00,1.00
2016.09.13 13:43:06.422,0.76978,0.76987,1.00,3.37
2016.09.13 13:43:06.474,0.76979,0.76987,1.00,1.00
2016.09.13 13:43:06.525,0.76981,0.76988,1.00,2.40
2016.09.13 13:43:06.576,0.76982,0.76988,1.00,1.65
2016.09.13 13:43:06.628,0.76982,0.76988,1.00,1.95
2016.09.13 13:43:06.679,0.76982,0.76988,1.00,1.87
2016.09.13 13:43:06.732,0.76982,0.7699,1.00,2.25
2016.09.13 13:43:06.837,0.76982,0.7699,1.00,3.75
2016.09.13 13:43:06.942,0.76982,0.7699,1.00,4.12
2016.09.13 13:43:07.143,0.76982,0.76989,1.00,1.50
2016.09.13 13:43:07.245,0.76982,0.7699,1.00,4.87
2016.09.13 13:43:07.296,0.76982,0.7699,1.00,4.12
2016.09.13 13:43:07.347,0.76982,0.7699,1.00,2.25
2016.09.13 13:43:07.449,0.76982,0.76991,1.00,7.95
2016.09.13 13:43:07.500,0.76983,0.76991,1.00,7.20
2016.09.13 13:43:07.551,0.76983,0.76991,1.00,4.12
2016.09.13 13:43:07.603,0.76983,0.76991,1.00,2.25
2016.09.13 13:43:07.654,0.76984,0.76992,1.00,2.70
2016.09.13 13:43:07.993,0.76986,0.76993,1.00,1.12
2016.09.13 13:43:08.044,0.76989,0.76996,1.00,2.62
2016.09.13 13:43:08.147,0.76988,0.76996,1.00,1.87
2016.09.13 13:43:08.249,0.76988,0.76995,1.00,1.00
2016.09.13 13:43:08.402,0.76988,0.76995,1.00,1.37
2016.09.13 13:43:08.453,0.76988,0.76995,1.00,1.50
2016.09.13 13:43:08.556,0.76988,0.76996,1.00,3.37
2016.09.13 13:43:08.764,0.76988,0.76996,1.00,2.62
2016.09.13 13:43:08.816,0.76988,0.76996,1.00,1.87
2016.09.13 13:43:08.867,0.76989,0.76996,1.00,1.12
2016.09.13 13:43:08.919,0.76989,0.76997,1.00,2.70
2016.09.13 13:43:08.971,0.76989,0.76997,1.00,1.87
2016.09.13 13:43:09.023,0.76989,0.76997,1.00,1.00
2016.09.13 13:43:09.235,0.76989,0.76996,1.00,1.00
2016.09.13 13:43:09.287,0.76988,0.76996,1.00,1.00
2016.09.13 13:43:09.440,0.76988,0.76996,1.00,1.12
2016.09.13 13:43:10.035,0.76988,0.76996,1.00,1.87
2016.09.13 13:43:10.088,0.76987,0.76996,1.00,2.62
2016.09.13 13:43:10.139,0.76985,0.76995,1.10,1.87
2016.09.13 13:43:10.190,0.76985,0.76995,1.00,1.95
2016.09.13 13:43:10.243,0.76985,0.76995,1.00,2.40
2016.09.13 13:43:10.295,0.76986,0.76993,1.00,1.12
2016.09.13 13:43:10.346,0.76984,0.76993,1.00,1.00
2016.09.13 13:43:10.586,0.76984,0.76993,1.00,1.50
2016.09.13 13:43:10.637,0.76983,0.7699,1.25,1.00
2016.09.13 13:43:10.688,0.76981,0.76991,1.65,1.00
2016.09.13 13:43:10.740,0.76981,0.7699,1.10,1.50
2016.09.13 13:43:10.792,0.76981,0.7699,1.00,3.00
2016.09.13 13:43:10.848,0.76977,0.76987,2.21,1.50
2016.09.13 13:43:10.899,0.76979,0.76987,1.00,1.12
2016.09.13 13:43:10.952,0.76977,0.76986,1.00,1.50
2016.09.13 13:43:11.003,0.76978,0.76986,1.00,1.87
2016.09.13 13:43:11.057,0.76978,0.76986,1.00,3.07
2016.09.13 13:43:11.287,0.76979,0.76986,1.25,1.57
2016.09.13 13:43:11.342,0.76982,0.76989,1.00,1.10
2016.09.13 13:43:11.394,0.76982,0.7699,1.00,2.32
2016.09.13 13:43:11.446,0.76982,0.7699,1.00,1.20
2016.09.13 13:43:11.599,0.76982,0.76991,1.00,1.95
2016.09.13 13:43:11.702,0.76985,0.76991,1.00,1.57
2016.09.13 13:43:11.754,0.76986,0.76993,1.00,2.32
2016.09.13 13:43:11.856,0.76986,0.76993,1.00,1.57
2016.09.13 13:43:11.908,0.76986,0.76993,1.00,1.50
2016.09.13 13:43:12.130,0.76984,0.76993,1.00,3.00
2016.09.13 13:43:12.181,0.76984,0.76993,1.00,2.25
2016.09.13 13:43:12.232,0.76984,0.76992,1.00,1.00
2016.09.13 13:43:12.283,0.76984,0.76992,1.00,1.50
2016.09.13 13:43:12.389,0.76982,0.76991,1.25,1.87
2016.09.13 13:43:12.492,0.76983,0.76991,1.00,1.12
2016.09.13 13:43:12.544,0.76983,0.76991,1.00,1.50
2016.09.13 13:43:12.767,0.76983,0.76991,1.00,1.00
2016.09.13 13:43:13.085,0.76984,0.76993,1.00,1.47
2016.09.13 13:43:13.136,0.76985,0.76994,1.25,2.32
2016.09.13 13:43:13.188,0.76985,0.76994,1.25,1.37
2016.09.13 13:43:13.240,0.76985,0.76995,1.19,1.00
2016.09.13 13:43:13.734,0.76985,0.76995,1.19,1.50
2016.09.13 13:43:14.041,0.76985,0.76994,1.19,1.00
2016.09.13 13:43:14.258,0.76987,0.76994,1.25,1.50
2016.09.13 13:43:15.153,0.76984,0.76993,1.76,1.12
2016.09.13 13:43:15.204,0.76983,0.76992,1.69,1.00
2016.09.13 13:43:15.255,0.76982,0.7699,2.14,1.37
2016.09.13 13:43:15.473,0.76982,0.76988,1.47,1.00
2016.09.13 13:43:15.525,0.76973,0.76981,1.01,1.00
2016.09.13 13:43:15.627,0.76973,0.76981,1.10,1.00
2016.09.13 13:43:15.729,0.76972,0.76981,1.31,1.00
2016.09.13 13:43:15.780,0.76972,0.76979,1.69,1.00
2016.09.13 13:43:15.831,0.76972,0.76979,1.01,1.00
2016.09.13 13:43:15.883,0.76972,0.7698,1.29,1.00
2016.09.13 13:43:16.092,0.76973,0.76981,1.19,1.00
2016.09.13 13:43:16.194,0.76973,0.7698,1.25,1.00
2016.09.13 13:43:16.245,0.76971,0.7698,2.81,1.00
2016.09.13 13:43:16.297,0.76971,0.76979,1.87,1.00
2016.09.13 13:43:16.348,0.7697,0.76978,1.50,1.00
2016.09.13 13:43:16.399,0.76969,0.76978,2.70,1.00
2016.09.13 13:43:16.450,0.76969,0.76978,1.10,1.00
2016.09.13 13:43:16.501,0.76969,0.76978,1.00,1.00
2016.09.13 13:43:16.553,0.76968,0.76978,3.07,1.00
2016.09.13 13:43:16.813,0.76969,0.76978,1.50,1.00
2016.09.13 13:43:16.866,0.7697,0.76978,1.12,1.00
2016.09.13 13:43:17.020,0.76969,0.76977,1.37,1.00
2016.09.13 13:43:17.071,0.7697,0.76977,1.12,1.00
2016.09.13 13:43:17.124,0.7697,0.76979,1.50,1.00
2016.09.13 13:43:17.227,0.76972,0.76979,1.00,1.00
2016.09.13 13:43:17.329,0.7697,0.7698,2.32,1.00
2016.09.13 13:43:17.579,0.7697,0.76979,2.70,1.00
2016.09.13 13:43:17.632,0.7697,0.76979,1.95,1.00
2016.09.13 13:43:17.686,0.7697,0.76979,2.70,1.00
2016.09.13 13:43:17.737,0.76971,0.7698,1.20,1.00
2016.09.13 13:43:17.841,0.76975,0.76983,1.50,1.57
2016.09.13 13:43:17.892,0.76977,0.76985,1.00,4.50
2016.09.13 13:43:17.945,0.76977,0.76985,1.00,1.50
2016.09.13 13:43:17.997,0.76976,0.76985,1.57,1.50
2016.09.13 13:43:18.048,0.76977,0.76984,1.00,1.00
2016.09.13 13:43:18.295,0.76975,0.7698,1.37,1.00
2016.09.13 13:43:18.347,0.76974,0.76978,1.00,1.00
2016.09.13 13:43:18.556,0.76972,0.76981,1.00,1.00
2016.09.13 13:43:18.626,0.76972,0.76981,1.12,1.00
2016.09.13 13:43:18.677,0.76972,0.76981,1.50,1.00
2016.09.13 13:43:18.951,0.76974,0.76982,1.12,1.00
2016.09.13 13:43:19.002,0.76976,0.76986,1.50,1.57
2016.09.13 13:43:19.053,0.76976,0.76986,2.25,1.10
2016.09.13 13:43:19.104,0.76978,0.76987,1.00,1.20
2016.09.13 13:43:19.156,0.76979,0.76988,1.00,1.00
2016.09.13 13:43:19.207,0.76979,0.76989,1.00,1.10
2016.09.13 13:43:19.258,0.76979,0.76989,1.37,1.00
2016.09.13 13:43:19.411,0.7698,0.76989,1.12,1.00
2016.09.13 13:43:19.727,0.76978,0.76986,2.25,1.00
2016.09.13 13:43:19.778,0.76978,0.76984,1.87,1.00
2016.09.13 13:43:19.829,0.76978,0.76983,1.00,1.00
2016.09.13 13:43:19.880,0.76975,0.76984,3.82,1.00
2016.09.13 13:43:19.932,0.76975,0.76983,1.37,1.00
2016.09.13 13:43:19.983,0.76974,0.76983,1.00,1.00
2016.09.13 13:43:20.035,0.76973,0.76983,3.90,1.00
2016.09.13 13:43:20.088,0.76973,0.76983,2.77,1.00
2016.09.13 13:43:20.549,0.76974,0.76981,1.00,1.00
2016.09.13 13:43:20.702,0.76973,0.76983,1.95,1.00
2016.09.13 13:43:21.196,0.76973,0.7698,1.12,1.00
2016.09.13 13:43:21.707,0.76972,0.7698,1.50,1.00
2016.09.13 13:43:21.884,0.76972,0.7698,1.12,1.00
2016.09.13 13:43:21.936,0.76971,0.7698,1.47,1.00
2016.09.13 13:43:21.987,0.76971,0.7698,1.57,1.00
2016.09.13 13:43:22.264,0.7697,0.76979,1.87,1.00
2016.09.13 13:43:22.366,0.7697,0.76978,1.12,1.00
2016.09.13 13:43:22.418,0.76969,0.76977,1.95,1.00
2016.09.13 13:43:22.572,0.76968,0.76975,1.87,1.00
2016.09.13 13:43:22.623,0.76966,0.76975,2.25,1.00
2016.09.13 13:43:22.725,0.76965,0.76975,3.15,1.00
2016.09.13 13:43:22.827,0.76966,0.76975,1.50,1.00
2016.09.13 13:43:22.929,0.76965,0.76975,3.15,1.00
2016.09.13 13:43:23.031,0.76966,0.76976,1.50,1.00
2016.09.13 13:43:23.189,0.76965,0.76973,1.95,1.00
2016.09.13 13:43:23.364,0.76964,0.76973,2.25,1.00
2016.09.13 13:43:23.426,0.76964,0.76974,1.12,1.12
2016.09.13 13:43:23.477,0.76964,0.76974,1.00,1.00
2016.09.13 13:43:23.786,0.76966,0.76973,1.00,1.00
2016.09.13 13:43:24.018,0.76966,0.76976,1.87,1.00
2016.09.13 13:43:24.070,0.76966,0.76976,3.00,1.00
2016.09.13 13:43:24.121,0.76967,0.76974,1.27,1.00
2016.09.13 13:43:24.173,0.76966,0.76974,3.45,1.00
2016.09.13 13:43:24.224,0.76966,0.76974,2.32,1.00
2016.09.13 13:43:24.277,0.76966,0.76974,1.50,1.00
2016.09.13 13:43:24.380,0.76966,0.76974,1.00,1.00
2016.09.13 13:43:24.584,0.76968,0.76975,1.12,1.00
2016.09.13 13:43:24.744,0.76968,0.76975,1.37,1.00
2016.09.13 13:43:24.798,0.76969,0.76977,1.12,1.00
2016.09.13 13:43:24.850,0.76969,0.76977,1.20,1.00
2016.09.13 13:43:25.003,0.76969,0.76979,1.20,1.00
2016.09.13 13:43:25.106,0.7697,0.76977,1.00,1.00
2016.09.13 13:43:25.310,0.76969,0.76976,1.20,1.00
2016.09.13 13:43:25.361,0.76968,0.76976,3.07,1.00
2016.09.13 13:43:25.530,0.76968,0.76975,1.50,1.00
2016.09.13 13:43:25.632,0.76968,0.76978,1.50,1.00
2016.09.13 13:43:25.683,0.76969,0.76979,1.00,1.00
2016.09.13 13:43:25.735,0.7697,0.7698,1.00,1.50
2016.09.13 13:43:25.786,0.7697,0.7698,1.12,1.00
2016.09.13 13:43:25.837,0.7697,0.7698,1.57,1.00
2016.09.13 13:43:25.888,0.7697,0.7698,1.95,1.00
2016.09.13 13:43:26.042,0.7697,0.76978,1.95,1.00
2016.09.13 13:43:26.093,0.7697,0.76978,1.57,1.00
2016.09.13 13:43:26.375,0.7697,0.76978,1.20,1.00
2016.09.13 13:43:26.580,0.7697,0.76978,1.57,1.00
2016.09.13 13:43:26.683,0.7697,0.76978,1.20,1.00
2016.09.13 13:43:27.193,0.7697,0.76979,1.20,1.00
2016.09.13 13:43:27.814,0.76971,0.76981,1.10,1.50
2016.09.13 13:43:27.865,0.76971,0.76981,1.10,1.12
2016.09.13 13:43:27.916,0.76971,0.76981,1.10,1.00
2016.09.13 13:43:28.077,0.76976,0.76983,1.87,1.12
2016.09.13 13:43:28.135,0.76978,0.76986,1.00,2.62
2016.09.13 13:43:28.186,0.76978,0.76988,1.00,1.25
2016.09.13 13:43:28.492,0.7698,0.76988,1.00,1.25
2016.09.13 13:43:30.320,0.76978,0.76988,1.12,1.25
2016.09.13 13:43:30.371,0.76978,0.76986,1.12,1.00
2016.09.13 13:43:30.622,0.76977,0.76985,1.57,1.00
2016.09.13 13:43:30.673,0.76977,0.76985,1.00,1.00
2016.09.13 13:43:30.929,0.76977,0.76985,1.50,1.00
2016.09.13 13:43:30.980,0.76977,0.76987,2.25,1.47
2016.09.13 13:43:31.032,0.76979,0.76988,1.50,3.64
2016.09.13 13:43:31.083,0.76979,0.76988,1.00,1.76
2016.09.13 13:43:31.135,0.76979,0.76988,1.00,1.00
2016.09.13 13:43:31.322,0.76981,0.76989,1.00,2.25
2016.09.13 13:43:31.376,0.76981,0.76988,1.00,1.50
2016.09.13 13:43:31.479,0.76981,0.76989,1.50,1.00
2016.09.13 13:43:31.532,0.76981,0.76991,1.50,2.44
2016.09.13 13:43:31.584,0.76981,0.76991,1.00,1.25
2016.09.13 13:43:31.739,0.7698,0.7699,1.20,1.00
2016.09.13 13:43:31.930,0.7698,0.76989,1.87,1.00
2016.09.13 13:43:31.987,0.7698,0.76989,1.12,1.31
2016.09.13 13:43:32.038,0.76981,0.7699,1.00,2.25
2016.09.13 13:43:32.089,0.76981,0.7699,1.00,1.00
2016.09.13 13:43:32.361,0.76981,0.7699,1.12,1.00
2016.09.13 13:43:32.412,0.76981,0.76991,1.12,1.25
2016.09.13 13:43:32.566,0.76981,0.76991,1.87,1.25
2016.09.13 13:43:32.753,0.76981,0.7699,1.12,1.00
2016.09.13 13:43:32.805,0.7698,0.7699,1.95,1.00
2016.09.13 13:43:32.856,0.7698,0.76988,1.37,1.00
2016.09.13 13:43:32.908,0.76979,0.76988,2.77,1.00
2016.09.13 13:43:32.959,0.76979,0.76988,1.95,1.00
2016.09.13 13:43:33.010,0.76979,0.76988,1.12,1.00
2016.09.13 13:43:33.062,0.76979,0.76988,1.37,1.00
2016.09.13 13:43:33.164,0.76978,0.76986,1.57,1.00
2016.09.13 13:43:33.605,0.76978,0.76986,1.10,1.00
2016.09.13 13:43:33.661,0.76976,0.76984,1.00,1.00
2016.09.13 13:43:33.712,0.76975,0.76984,1.87,1.12
2016.09.13 13:43:33.763,0.76975,0.76984,1.00,1.12
2016.09.13 13:43:33.814,0.76974,0.76982,1.20,1.00
2016.09.13 13:43:33.865,0.76973,0.76981,2.81,1.00
2016.09.13 13:43:34.019,0.76973,0.76983,2.81,1.12
2016.09.13 13:43:34.122,0.76974,0.76984,1.29,1.37
2016.09.13 13:43:34.174,0.76974,0.76984,1.76,1.00
2016.09.13 13:43:34.354,0.76974,0.76984,2.51,1.00
2016.09.13 13:43:34.512,0.76974,0.76984,1.76,1.00
2016.09.13 13:43:34.563,0.76974,0.76984,1.39,1.00
2016.09.13 13:43:34.616,0.76974,0.76984,1.29,1.00
2016.09.13 13:43:34.688,0.76974,0.76984,1.19,1.00
2016.09.13 13:43:34.896,0.76973,0.76983,3.15,1.00
2016.09.13 13:43:34.947,0.76973,0.76983,3.52,1.00
2016.09.13 13:43:34.999,0.76973,0.76983,2.02,1.00
2016.09.13 13:43:35.050,0.76973,0.76983,1.65,1.00
2016.09.13 13:43:35.602,0.76973,0.76983,2.02,1.00
2016.09.13 13:43:35.933,0.76973,0.76983,1.27,1.00
2016.09.13 13:43:36.293,0.76973,0.76983,2.02,1.00
2016.09.13 13:43:36.395,0.76973,0.76982,1.20,1.00
2016.09.13 13:43:36.497,0.76972,0.76982,2.25,1.00
2016.09.13 13:43:36.548,0.76972,0.76982,1.87,1.00
2016.09.13 13:43:36.701,0.76973,0.76982,1.10,1.00
2016.09.13 13:43:37.231,0.76975,0.76983,1.00,1.00
2016.09.13 13:43:37.437,0.76975,0.76982,1.00,1.00
2016.09.13 13:43:38.524,0.76976,0.76982,1.00,1.00
2016.09.13 13:43:38.692,0.76976,0.76984,1.00,1.00
2016.09.13 13:43:39.035,0.76974,0.76983,2.70,1.00
2016.09.13 13:43:39.086,0.76974,0.76983,1.20,1.00
2016.09.13 13:43:39.164,0.76974,0.76983,1.10,1.00
2016.09.13 13:43:39.472,0.76974,0.76983,1.00,1.00
2016.09.13 13:43:39.728,0.76973,0.76983,2.25,1.00
2016.09.13 13:43:40.085,0.76973,0.76983,1.50,1.00
2016.09.13 13:43:40.137,0.76973,0.76983,2.25,1.00
2016.09.13 13:43:40.503,0.76973,0.76983,1.50,1.00
2016.09.13 13:43:40.979,0.76975,0.76985,1.00,2.25
2016.09.13 13:43:41.031,0.76974,0.76983,1.00,1.00
2016.09.13 13:43:41.082,0.76974,0.76983,1.12,1.00
2016.09.13 13:43:41.133,0.76973,0.76982,1.87,1.00
2016.09.13 13:43:41.184,0.76973,0.76982,1.00,1.00
2016.09.13 13:43:41.428,0.76973,0.76982,1.37,1.00
2016.09.13 13:43:41.735,0.76973,0.76981,1.00,1.00
2016.09.13 13:43:41.837,0.76971,0.76981,1.57,1.00
2016.09.13 13:43:41.889,0.76971,0.7698,1.00,1.00
2016.09.13 13:43:42.279,0.7697,0.7698,1.57,1.00
2016.09.13 13:43:42.801,0.7697,0.7698,1.10,1.00
2016.09.13 13:43:43.056,0.76973,0.76981,1.00,2.25
2016.09.13 13:43:43.107,0.76973,0.76981,1.00,1.50
2016.09.13 13:43:43.273,0.76973,0.76981,1.00,1.00
2016.09.13 13:43:43.324,0.76971,0.76981,3.90,1.00
2016.09.13 13:43:43.426,0.76971,0.76981,3.07,1.00
2016.09.13 13:43:43.478,0.76971,0.76981,2.25,1.00
2016.09.13 13:43:43.530,0.76971,0.76981,1.87,1.00
2016.09.13 13:43:43.986,0.76971,0.76981,1.50,1.00
2016.09.13 13:43:44.189,0.76971,0.76981,1.12,1.00
2016.09.13 13:43:44.242,0.76969,0.76977,1.20,1.00
2016.09.13 13:43:44.304,0.76972,0.76981,1.00,1.57
2016.09.13 13:43:44.356,0.76972,0.76981,1.00,2.40
2016.09.13 13:43:44.407,0.76972,0.76979,1.00,1.00
2016.09.13 13:43:44.510,0.76971,0.76981,1.12,1.00
2016.09.13 13:43:44.569,0.76971,0.76981,1.87,1.00
2016.09.13 13:43:44.621,0.76971,0.7698,1.12,1.00
2016.09.13 13:43:44.809,0.7697,0.7698,3.07,1.50
2016.09.13 13:43:44.863,0.7697,0.76977,1.75,1.00
2016.09.13 13:43:44.915,0.76969,0.76976,1.00,1.00
2016.09.13 13:43:45.017,0.76968,0.76976,1.37,1.00
2016.09.13 13:43:45.068,0.76966,0.76976,1.12,1.00
2016.09.13 13:43:45.325,0.76968,0.76975,1.00,1.00
2016.09.13 13:43:45.496,0.76967,0.76977,1.00,1.20
2016.09.13 13:43:45.548,0.76969,0.76978,1.50,1.87
2016.09.13 13:43:45.599,0.7697,0.76978,1.00,1.50
2016.09.13 13:43:45.650,0.7697,0.76978,1.50,1.00
2016.09.13 13:43:45.701,0.7697,0.76978,2.25,1.00
2016.09.13 13:43:45.855,0.7697,0.7698,1.50,1.50
2016.09.13 13:43:45.906,0.7697,0.7698,2.25,1.50
2016.09.13 13:43:45.957,0.7697,0.7698,2.62,1.10
2016.09.13 13:43:46.060,0.76972,0.76981,1.12,1.00
2016.09.13 13:43:46.308,0.76972,0.7698,1.50,1.00
2016.09.13 13:43:46.359,0.76972,0.76979,1.00,1.00
2016.09.13 13:43:46.513,0.7697,0.76979,1.00,1.50
2016.09.13 13:43:46.564,0.7697,0.76977,1.12,1.00
2016.09.13 13:43:46.615,0.76969,0.76977,1.87,1.00
2016.09.13 13:43:46.668,0.76969,0.76976,1.00,1.00
2016.09.13 13:43:46.821,0.76967,0.76976,1.50,1.00
2016.09.13 13:43:46.952,0.76967,0.76976,1.12,1.00
2016.09.13 13:43:47.003,0.76967,0.76976,1.00,1.00
2016.09.13 13:43:47.156,0.76966,0.76976,1.10,1.00
2016.09.13 13:43:47.309,0.76967,0.76977,1.00,1.12
2016.09.13 13:43:47.362,0.76967,0.76977,1.00,1.00
2016.09.13 13:43:47.566,0.76967,0.76977,1.50,1.00
2016.09.13 13:43:48.094,0.76969,0.76979,1.00,1.12
2016.09.13 13:43:48.146,0.76973,0.76981,1.00,3.82
2016.09.13 13:43:48.198,0.76971,0.76981,1.00,2.70
2016.09.13 13:43:48.250,0.76972,0.76982,1.00,2.25
2016.09.13 13:43:48.303,0.76972,0.76982,1.00,1.75
2016.09.13 13:43:48.358,0.76973,0.76982,1.00,1.00
2016.09.13 13:43:48.530,0.76973,0.76982,1.50,1.60
2016.09.13 13:43:48.581,0.76973,0.7698,1.50,1.00
2016.09.13 13:43:48.635,0.76972,0.7698,1.57,1.00
2016.09.13 13:43:48.686,0.76972,0.7698,1.12,1.00
2016.09.13 13:43:48.737,0.76972,0.76982,1.87,1.12
2016.09.13 13:43:48.788,0.76972,0.76982,1.50,1.12
2016.09.13 13:43:48.839,0.76972,0.76982,1.50,1.00
2016.09.13 13:43:48.941,0.76972,0.76982,1.00,1.12
2016.09.13 13:43:49.096,0.76971,0.76981,1.12,1.00
2016.09.13 13:43:49.271,0.7697,0.7698,2.25,1.00
2016.09.13 13:43:49.322,0.7697,0.7698,1.87,1.00
2016.09.13 13:43:49.373,0.7697,0.7698,1.50,1.00
2016.09.13 13:43:49.424,0.7697,0.7698,1.87,1.00
2016.09.13 13:43:49.475,0.7697,0.7698,2.62,1.00
2016.09.13 13:43:49.577,0.7697,0.7698,3.00,1.00
2016.09.13 13:43:49.628,0.7697,0.7698,3.37,1.00
2016.09.13 13:43:49.679,0.76972,0.7698,1.00,1.00
2016.09.13 13:43:49.781,0.76972,0.76981,1.10,1.00
2016.09.13 13:43:50.010,0.76971,0.76979,1.87,1.00
2016.09.13 13:43:50.062,0.76971,0.76979,1.50,1.00
2016.09.13 13:43:50.419,0.76971,0.76981,1.87,1.00
2016.09.13 13:43:50.470,0.76971,0.76981,2.25,1.00
2016.09.13 13:43:50.725,0.76971,0.7698,1.75,1.00
2016.09.13 13:43:50.899,0.7697,0.7698,1.50,1.00
2016.09.13 13:43:50.952,0.76969,0.76979,4.12,1.00
2016.09.13 13:43:51.158,0.7697,0.7698,1.37,1.00
2016.09.13 13:43:51.210,0.76971,0.76981,1.12,1.12
2016.09.13 13:43:51.313,0.76973,0.76981,1.00,1.12
2016.09.13 13:43:51.364,0.76973,0.76981,1.00,1.00
2016.09.13 13:43:51.466,0.76973,0.76981,1.12,1.00
2016.09.13 13:43:52.117,0.76972,0.76981,2.25,1.00
2016.09.13 13:43:52.185,0.76972,0.76981,3.00,1.00
2016.09.13 13:43:52.288,0.76972,0.76981,2.25,1.00
2016.09.13 13:43:52.390,0.76972,0.76982,3.00,1.00
2016.09.13 13:43:52.682,0.76972,0.76982,2.25,1.00
2016.09.13 13:43:53.252,0.76972,0.76982,1.50,1.00
2016.09.13 13:43:53.525,0.76973,0.76982,1.12,1.00
2016.09.13 13:43:53.576,0.76972,0.76982,1.50,1.00
2016.09.13 13:43:53.748,0.76973,0.76983,1.12,1.00
2016.09.13 13:43:54.282,0.76973,0.76983,1.87,1.00
2016.09.13 13:43:55.176,0.76975,0.76985,1.00,1.95
2016.09.13 13:43:55.227,0.76975,0.76983,1.00,1.00
2016.09.13 13:43:55.380,0.76975,0.76983,1.12,1.00
2016.09.13 13:43:55.481,0.76975,0.76983,1.00,1.00
2016.09.13 13:43:55.532,0.76974,0.76983,1.50,1.00
2016.09.13 13:43:55.969,0.76974,0.76983,1.12,1.00
2016.09.13 13:43:56.022,0.76976,0.76984,1.00,1.00
2016.09.13 13:43:56.073,0.76975,0.76983,1.50,1.00
2016.09.13 13:43:56.175,0.76975,0.76983,1.00,1.00
2016.09.13 13:43:56.429,0.76973,0.76983,2.81,1.00
2016.09.13 13:43:56.481,0.76973,0.76983,1.87,1.00
2016.09.13 13:43:56.766,0.76974,0.76983,1.00,1.00
2016.09.13 13:43:57.463,0.76974,0.76984,1.00,1.00
2016.09.13 13:43:58.065,0.76975,0.76984,1.00,1.00
2016.09.13 13:43:58.475,0.76975,0.76984,1.00,1.00
2016.09.13 13:43:58.842,0.76975,0.76985,1.50,1.50
2016.09.13 13:43:58.893,0.76976,0.76985,1.00,1.00
2016.09.13 13:43:58.945,0.76976,0.76985,1.12,1.00
2016.09.13 13:43:58.996,0.76978,0.76986,1.00,1.50
2016.09.13 13:43:59.098,0.76978,0.76986,1.00,1.00
2016.09.13 13:43:59.252,0.76978,0.76986,1.12,1.00
2016.09.13 13:43:59.364,0.76978,0.76986,1.00,1.00
2016.09.13 13:43:59.466,0.76979,0.76986,1.00,1.00
2016.09.13 13:44:00.126,0.76979,0.76987,1.00,1.00
2016.09.13 13:44:00.177,0.76979,0.76987,1.12,1.00
2016.09.13 13:44:00.280,0.76979,0.76987,1.00,1.00
2016.09.13 13:44:00.382,0.76977,0.76986,1.00,1.00
2016.09.13 13:44:02.996,0.76978,0.76986,1.00,1.00
2016.09.13 13:44:03.048,0.76978,0.76987,1.12,1.00
2016.09.13 13:44:03.202,0.76978,0.76987,1.87,1.00
2016.09.13 13:44:03.583,0.76979,0.76987,1.12,1.00
2016.09.13 13:44:03.959,0.76979,0.76987,1.87,1.00
2016.09.13 13:44:04.113,0.7698,0.76987,1.00,1.00
2016.09.13 13:44:04.377,0.76981,0.76991,1.50,1.50
2016.09.13 13:44:04.480,0.76981,0.76991,2.25,1.50
2016.09.13 13:44:04.584,0.76981,0.76991,3.00,1.50
2016.09.13 13:44:04.739,0.76982,0.76991,1.12,1.00
2016.09.13 13:44:04.790,0.76984,0.76992,1.00,1.00
2016.09.13 13:44:04.893,0.76985,0.76993,1.00,1.10
2016.09.13 13:44:05.039,0.76987,0.76995,1.00,1.50
2016.09.13 13:44:05.090,0.76987,0.76995,1.50,1.50
2016.09.13 13:44:05.141,0.76987,0.76995,1.87,1.12
2016.09.13 13:44:05.244,0.76987,0.76996,1.87,1.12
2016.09.13 13:44:05.350,0.76987,0.76997,1.87,1.50
2016.09.13 13:44:05.989,0.76987,0.76997,1.12,1.00
2016.09.13 13:44:06.092,0.76987,0.76997,1.87,1.00
2016.09.13 13:44:06.143,0.76989,0.76997,1.00,1.00
2016.09.13 13:44:06.296,0.76989,0.76999,1.00,1.50
2016.09.13 13:44:06.439,0.76989,0.76999,1.10,1.50
2016.09.13 13:44:06.850,0.76987,0.76997,3.07,1.00
2016.09.13 13:44:06.952,0.76989,0.76997,1.00,1.00
2016.09.13 13:44:07.196,0.76987,0.76997,1.87,1.00
2016.09.13 13:44:07.247,0.76988,0.76998,1.00,1.12
2016.09.13 13:44:07.349,0.76988,0.76998,1.00,1.00
2016.09.13 13:44:07.452,0.76988,0.76998,1.12,1.00
2016.09.13 13:44:07.555,0.76989,0.76998,1.00,1.00
2016.09.13 13:44:07.709,0.7699,0.76998,1.10,1.00
2016.09.13 13:44:08.039,0.76988,0.76999,3.00,1.50
2016.09.13 13:44:08.143,0.76988,0.76999,2.62,1.87
2016.09.13 13:44:08.194,0.76988,0.76998,2.62,1.00
2016.09.13 13:44:08.598,0.76988,0.76998,1.95,1.00
2016.09.13 13:44:08.649,0.76988,0.76998,1.10,1.50
2016.09.13 13:44:08.701,0.76987,0.76998,1.20,1.50
2016.09.13 13:44:08.752,0.76988,0.76996,1.10,1.00
2016.09.13 13:44:08.884,0.76986,0.76996,2.62,1.00
2016.09.13 13:44:08.938,0.76985,0.76996,1.12,1.57
2016.09.13 13:44:09.143,0.76985,0.76995,1.12,1.12
2016.09.13 13:44:09.909,0.76986,0.76996,1.00,1.47
2016.09.13 13:44:10.113,0.76986,0.76996,1.00,1.95
2016.09.13 13:44:10.215,0.76986,0.76996,1.00,1.57
2016.09.13 13:44:11.196,0.76987,0.76996,1.00,1.57
2016.09.13 13:44:11.247,0.76988,0.76996,1.00,1.50
2016.09.13 13:44:11.299,0.76988,0.76996,1.00,1.00
2016.09.13 13:44:11.451,0.76987,0.76997,1.87,1.00
2016.09.13 13:44:11.734,0.76987,0.76997,1.87,1.50
2016.09.13 13:44:11.836,0.76987,0.76997,1.12,1.50
2016.09.13 13:44:12.197,0.76987,0.76996,1.12,1.00
2016.09.13 13:44:12.248,0.76988,0.76997,1.00,1.00
2016.09.13 13:44:12.299,0.76989,0.76997,1.00,1.00
2016.09.13 13:44:12.558,0.76988,0.76998,1.50,1.00
2016.09.13 13:44:12.660,0.76988,0.76998,2.25,1.00
2016.09.13 13:44:13.450,0.76988,0.76997,1.00,1.57
2016.09.13 13:44:13.502,0.76988,0.76995,1.00,1.00
2016.09.13 13:44:13.655,0.76988,0.76995,1.00,1.00
2016.09.13 13:44:14.154,0.76986,0.76995,1.75,1.00
2016.09.13 13:44:14.205,0.76984,0.76993,4.69,1.00
2016.09.13 13:44:14.257,0.76984,0.76993,1.50,1.00
2016.09.13 13:44:14.308,0.76983,0.76993,2.62,1.50
2016.09.13 13:44:14.360,0.76983,0.76993,2.25,1.50
2016.09.13 13:44:14.411,0.76984,0.76993,1.12,1.00
2016.09.13 13:44:14.514,0.76985,0.76996,1.87,1.57
2016.09.13 13:44:14.565,0.76985,0.76996,2.25,1.10
2016.09.13 13:44:14.803,0.76986,0.76996,1.00,1.00
2016.09.13 13:44:15.062,0.76985,0.76996,2.25,1.00
2016.09.13 13:44:15.164,0.76985,0.76996,1.87,1.00
2016.09.13 13:44:15.317,0.76985,0.76996,1.12,1.00
2016.09.13 13:44:15.654,0.76989,0.76997,1.00,1.00
2016.09.13 13:44:17.072,0.76988,0.76996,1.00,1.00
2016.09.13 13:44:17.358,0.76985,0.76995,1.00,1.00
2016.09.13 13:44:17.562,0.76986,0.76996,1.00,2.25
2016.09.13 13:44:17.614,0.76986,0.76995,1.00,1.00
2016.09.13 13:44:17.665,0.76986,0.76996,1.00,2.25
2016.09.13 13:44:17.767,0.76987,0.76996,1.00,1.00
2016.09.13 13:44:17.818,0.76987,0.76996,1.00,1.00
2016.09.13 13:44:17.878,0.76988,0.76998,1.00,2.10
2016.09.13 13:44:18.049,0.76988,0.76998,1.00,1.72
2016.09.13 13:44:18.100,0.76989,0.76999,1.00,3.30
2016.09.13 13:44:18.151,0.76989,0.76999,1.00,2.92
2016.09.13 13:44:18.202,0.76989,0.76999,1.00,2.85
2016.09.13 13:44:18.253,0.76989,0.76999,1.12,2.47
2016.09.13 13:44:18.490,0.76988,0.76999,1.50,2.47
2016.09.13 13:44:18.541,0.76989,0.76997,1.12,1.00
2016.09.13 13:44:18.643,0.76987,0.76997,1.37,1.00
2016.09.13 13:44:18.694,0.76987,0.76997,1.00,1.00
2016.09.13 13:44:19.027,0.76988,0.76998,1.00,1.35
2016.09.13 13:44:19.435,0.76988,0.76998,1.00,1.72
2016.09.13 13:44:19.486,0.76987,0.76997,1.00,1.12
2016.09.13 13:44:19.809,0.76988,0.76998,1.00,1.72
2016.09.13 13:44:19.911,0.76988,0.76996,1.00,1.00
2016.09.13 13:44:20.404,0.76988,0.76998,1.00,2.47
2016.09.13 13:44:21.735,0.76988,0.76997,1.00,1.00
2016.09.13 13:44:21.989,0.76987,0.76997,1.50,1.00
2016.09.13 13:44:22.579,0.76989,0.76997,1.00,1.50
2016.09.13 13:44:22.736,0.76989,0.76997,1.00,1.87
2016.09.13 13:44:23.195,0.76987,0.76997,1.50,1.87
2016.09.13 13:44:23.298,0.76987,0.76995,1.00,1.00
2016.09.13 13:44:23.349,0.76985,0.76995,1.10,1.00
2016.09.13 13:44:23.400,0.76985,0.76995,1.00,1.00
2016.09.13 13:44:23.553,0.76984,0.76994,1.00,1.50
2016.09.13 13:44:23.955,0.76985,0.76994,1.00,1.87
2016.09.13 13:44:24.058,0.76985,0.76994,1.00,1.12
2016.09.13 13:44:24.109,0.76983,0.76991,1.25,1.00
2016.09.13 13:44:24.188,0.76982,0.76991,1.95,1.00
2016.09.13 13:44:24.241,0.76981,0.7699,1.37,1.37
2016.09.13 13:44:24.293,0.7698,0.7699,1.00,1.50
2016.09.13 13:44:24.397,0.76979,0.76989,1.50,1.00
2016.09.13 13:44:24.449,0.76979,0.76989,1.00,1.10
2016.09.13 13:44:24.598,0.76979,0.76989,1.00,1.95
2016.09.13 13:44:24.650,0.76979,0.76989,1.00,2.32
2016.09.13 13:44:24.837,0.7698,0.76989,1.00,1.20
2016.09.13 13:44:24.888,0.76982,0.76989,1.00,1.00
2016.09.13 13:44:24.939,0.76982,0.7699,1.00,1.42
2016.09.13 13:44:24.990,0.76982,0.7699,1.00,1.35
2016.09.13 13:44:25.041,0.76982,0.7699,1.00,1.00
2016.09.13 13:44:25.298,0.76982,0.76991,1.00,1.00
2016.09.13 13:44:25.556,0.76982,0.76992,1.00,1.72
2016.09.13 13:44:26.329,0.76982,0.76992,1.00,1.12
2016.09.13 13:44:26.380,0.76982,0.76992,1.00,1.00
2016.09.13 13:44:26.581,0.76984,0.76993,1.00,1.00
2016.09.13 13:44:26.634,0.76984,0.76994,1.50,2.70
2016.09.13 13:44:26.685,0.76986,0.76994,1.00,2.70
2016.09.13 13:44:26.736,0.76985,0.76995,1.00,1.57
2016.09.13 13:44:26.788,0.76984,0.76994,1.50,1.00
2016.09.13 13:44:26.890,0.76984,0.76994,1.50,1.12
2016.09.13 13:44:27.411,0.76984,0.76995,1.87,1.20
2016.09.13 13:44:27.565,0.76985,0.76995,1.00,2.74
2016.09.13 13:44:27.616,0.76985,0.76995,1.00,2.66
2016.09.13 13:44:27.720,0.76985,0.76995,1.00,2.47
2016.09.13 13:44:27.771,0.76985,0.76995,1.12,1.00
2016.09.13 13:44:27.822,0.76985,0.76996,1.50,1.00
2016.09.13 13:44:27.873,0.76987,0.76996,1.00,1.00
2016.09.13 13:44:27.925,0.76987,0.76996,1.00,1.00
2016.09.13 13:44:27.976,0.76986,0.76994,1.95,1.35
2016.09.13 13:44:28.157,0.76985,0.76993,1.00,1.00
2016.09.13 13:44:28.208,0.76983,0.76993,1.37,1.00
2016.09.13 13:44:28.464,0.76984,0.76993,1.12,1.00
2016.09.13 13:44:28.723,0.76983,0.76993,1.50,1.50
2016.09.13 13:44:28.776,0.76982,0.76991,1.20,1.00
2016.09.13 13:44:28.937,0.76982,0.76991,1.10,1.00
2016.09.13 13:44:28.988,0.76979,0.76989,2.14,1.50
2016.09.13 13:44:29.040,0.76979,0.76989,1.57,1.50
2016.09.13 13:44:29.092,0.76979,0.76989,1.00,2.25
2016.09.13 13:44:29.144,0.76978,0.76988,1.12,1.12
2016.09.13 13:44:29.195,0.76977,0.76987,1.50,1.00
2016.09.13 13:44:29.246,0.76977,0.76986,1.00,1.50
2016.09.13 13:44:29.298,0.76976,0.76985,1.00,1.00
2016.09.13 13:44:29.349,0.76975,0.76985,1.65,1.00
2016.09.13 13:44:29.400,0.76975,0.76985,1.27,1.00
2016.09.13 13:44:29.452,0.76977,0.76985,1.00,1.00
2016.09.13 13:44:29.798,0.76975,0.76985,1.65,1.00
2016.09.13 13:44:29.849,0.76975,0.76985,1.20,1.00
2016.09.13 13:44:29.951,0.76975,0.76985,1.20,1.12
2016.09.13 13:44:30.002,0.76975,0.76985,1.12,1.12
2016.09.13 13:44:30.650,0.76976,0.76986,1.00,1.37
2016.09.13 13:44:30.752,0.76976,0.76986,1.00,1.00
2016.09.13 13:44:31.381,0.76976,0.76986,1.00,1.12
2016.09.13 13:44:31.636,0.76978,0.76986,1.00,1.00
2016.09.13 13:44:31.738,0.76977,0.76988,3.37,1.87
2016.09.13 13:44:31.878,0.76977,0.76988,3.37,1.50
2016.09.13 13:44:31.952,0.76976,0.76986,1.50,1.00
2016.09.13 13:44:32.003,0.76975,0.76985,3.07,1.00
2016.09.13 13:44:32.054,0.76975,0.76985,1.95,1.12
2016.09.13 13:44:32.105,0.76975,0.76985,1.57,1.12
2016.09.13 13:44:32.157,0.76975,0.76985,1.20,1.12
2016.09.13 13:44:32.208,0.76975,0.76985,1.10,1.12
2016.09.13 13:44:32.997,0.76977,0.76986,1.00,1.37
2016.09.13 13:44:33.048,0.76975,0.76985,1.57,1.12
2016.09.13 13:44:33.099,0.76975,0.76985,1.57,1.00
2016.09.13 13:44:33.354,0.76975,0.76986,1.57,1.50
2016.09.13 13:44:34.072,0.76974,0.76984,2.62,1.00
2016.09.13 13:44:34.123,0.76974,0.76984,2.25,1.00
2016.09.13 13:44:34.175,0.76974,0.76984,1.12,1.50
2016.09.13 13:44:34.226,0.76974,0.76984,1.00,1.50
2016.09.13 13:44:34.588,0.76974,0.76984,1.00,1.00
2016.09.13 13:44:34.690,0.76975,0.76985,1.87,2.25
2016.09.13 13:44:34.741,0.76975,0.76985,1.87,1.87
2016.09.13 13:44:34.792,0.76975,0.76985,1.87,1.50
2016.09.13 13:44:34.895,0.76976,0.76985,1.00,1.50
2016.09.13 13:44:34.997,0.76976,0.76985,1.00,1.87
2016.09.13 13:44:35.402,0.76976,0.76985,1.00,1.95
2016.09.13 13:44:35.466,0.76975,0.76985,1.50,1.95
2016.09.13 13:44:35.569,0.76975,0.76984,1.00,1.00
2016.09.13 13:44:35.621,0.76975,0.76983,1.00,1.00
2016.09.13 13:44:35.724,0.76974,0.76982,1.87,1.00
2016.09.13 13:44:35.775,0.76974,0.76982,1.50,1.00
2016.09.13 13:44:35.877,0.76974,0.76982,1.00,1.00
2016.09.13 13:44:36.401,0.76975,0.76983,1.00,1.00
2016.09.13 13:44:38.316,0.76973,0.76983,1.57,1.00
2016.09.13 13:44:38.520,0.76973,0.76983,1.95,1.00
2016.09.13 13:44:38.571,0.76973,0.76983,2.32,1.00
2016.09.13 13:44:38.646,0.76973,0.76983,1.95,1.00
2016.09.13 13:44:38.698,0.76973,0.76983,1.10,1.00
2016.09.13 13:44:38.902,0.76972,0.76982,2.25,1.00
2016.09.13 13:44:39.034,0.76972,0.76982,2.25,1.50
2016.09.13 13:44:39.085,0.76968,0.76977,2.21,1.00
2016.09.13 13:44:39.136,0.76968,0.76977,1.57,1.00
2016.09.13 13:44:39.187,0.76965,0.76973,2.62,1.00
2016.09.13 13:44:39.239,0.76965,0.76971,1.50,1.00
2016.09.13 13:44:39.290,0.76964,0.76972,3.19,1.00
2016.09.13 13:44:39.341,0.76964,0.76972,1.50,1.00
2016.09.13 13:44:39.827,0.76964,0.76972,1.00,1.00
2016.09.13 13:44:39.931,0.76964,0.76974,1.87,1.00
2016.09.13 13:44:39.982,0.76964,0.76974,2.32,1.00
2016.09.13 13:44:40.085,0.76966,0.76974,1.12,1.00
2016.09.13 13:44:40.369,0.76964,0.76974,2.32,1.00
2016.09.13 13:44:40.420,0.76964,0.76974,3.00,1.00
2016.09.13 13:44:40.522,0.76964,0.76974,2.32,1.00
2016.09.13 13:44:40.776,0.76964,0.76974,3.07,1.00
2016.09.13 13:44:40.878,0.76965,0.76974,1.00,1.00
2016.09.13 13:44:41.220,0.76965,0.76974,1.12,1.00
2016.09.13 13:44:41.271,0.76966,0.76974,1.10,1.00
2016.09.13 13:44:41.322,0.76966,0.76974,1.95,1.00
2016.09.13 13:44:41.373,0.76967,0.76974,1.00,1.00
2016.09.13 13:44:41.527,0.76966,0.76974,1.95,1.00
2016.09.13 13:44:41.578,0.76966,0.76974,1.20,1.00
2016.09.13 13:44:41.629,0.76964,0.76974,3.37,1.00
2016.09.13 13:44:41.681,0.76964,0.76974,2.25,1.00
2016.09.13 13:44:41.884,0.76966,0.76975,1.00,1.00
2016.09.13 13:44:42.068,0.76966,0.76976,2.25,1.00
2016.09.13 13:44:42.120,0.76968,0.76977,1.00,1.00
2016.09.13 13:44:42.173,0.76968,0.76977,1.10,1.00
2016.09.13 13:44:42.225,0.76968,0.76977,1.20,1.00
2016.09.13 13:44:42.291,0.76968,0.76977,1.47,1.00
2016.09.13 13:44:42.599,0.76968,0.76977,1.37,1.00
2016.09.13 13:44:43.036,0.76968,0.76977,1.50,1.00
2016.09.13 13:44:43.087,0.76969,0.76977,1.20,1.00
2016.09.13 13:44:43.583,0.76969,0.76975,1.12,1.00
2016.09.13 13:44:43.686,0.76969,0.76975,1.00,1.00
2016.09.13 13:44:43.790,0.76966,0.76975,1.31,1.00
2016.09.13 13:44:43.841,0.76966,0.76975,1.31,1.00
2016.09.13 13:44:44.330,0.76964,0.76972,2.81,1.00
2016.09.13 13:44:44.382,0.76964,0.76972,1.12,1.00
2016.09.13 13:44:44.586,0.76962,0.76968,1.10,1.00
2016.09.13 13:44:44.637,0.7696,0.76968,1.85,1.00
2016.09.13 13:44:44.688,0.76959,0.76968,2.70,1.00
2016.09.13 13:44:44.739,0.76959,0.76969,2.32,1.00
2016.09.13 13:44:44.892,0.76959,0.76969,3.07,1.00
2016.09.13 13:44:44.943,0.7696,0.76969,1.00,1.00
2016.09.13 13:44:45.112,0.7696,0.76969,1.10,1.00
2016.09.13 13:44:45.163,0.7696,0.7697,1.57,1.00
2016.09.13 13:44:45.393,0.76962,0.7697,1.00,1.00
2016.09.13 13:44:45.597,0.7696,0.7697,2.32,1.00
2016.09.13 13:44:46.068,0.76962,0.7697,1.00,1.00
2016.09.13 13:44:47.114,0.7696,0.76969,1.20,1.00
2016.09.13 13:44:47.325,0.7696,0.76969,1.20,1.50
2016.09.13 13:44:48.160,0.7696,0.76969,1.20,1.00
2016.09.13 13:44:48.211,0.76959,0.76969,2.32,1.00
2016.09.13 13:44:48.313,0.7696,0.76969,1.10,1.00
2016.09.13 13:44:48.835,0.7696,0.76969,1.20,1.00
2016.09.13 13:44:48.886,0.76959,0.76968,1.45,1.00
2016.09.13 13:44:48.937,0.76958,0.76965,3.00,1.00
2016.09.13 13:44:49.116,0.76955,0.76966,2.25,1.50
2016.09.13 13:44:49.167,0.76956,0.76966,1.00,1.00
2016.09.13 13:44:49.218,0.76957,0.76967,1.00,2.10
2016.09.13 13:44:49.270,0.76958,0.76966,1.00,1.12
2016.09.13 13:44:49.321,0.76958,0.76966,1.00,1.00
2016.09.13 13:44:49.525,0.76958,0.76966,1.12,1.00
2016.09.13 13:44:50.681,0.76956,0.76967,2.62,1.00
2016.09.13 13:44:51.020,0.76957,0.76965,1.47,1.00
2016.09.13 13:44:51.656,0.76957,0.76965,1.57,1.00
2016.09.13 13:44:51.918,0.76957,0.76965,1.95,1.00
2016.09.13 13:44:52.021,0.76957,0.76965,1.57,1.00
2016.09.13 13:44:52.216,0.76957,0.76965,1.95,1.00
2016.09.13 13:44:52.267,0.76957,0.76965,1.87,1.00
2016.09.13 13:44:52.895,0.76958,0.76965,1.00,1.00
2016.09.13 13:44:53.949,0.7696,0.76968,1.00,1.87
2016.09.13 13:44:54.000,0.76964,0.76969,1.00,1.57
2016.09.13 13:44:54.051,0.76964,0.76969,1.00,1.50
2016.09.13 13:44:54.102,0.76964,0.76972,1.00,3.75
2016.09.13 13:44:54.154,0.76964,0.7697,1.00,1.37
2016.09.13 13:44:54.205,0.76964,0.76971,1.00,1.00
2016.09.13 13:44:54.429,0.76964,0.7697,1.00,1.50
2016.09.13 13:44:54.482,0.76959,0.76967,1.50,1.00
2016.09.13 13:44:54.533,0.76959,0.76967,1.00,1.00
2016.09.13 13:44:54.584,0.76959,0.76967,1.00,1.00
2016.09.13 13:44:54.738,0.76959,0.76967,1.00,1.12
2016.09.13 13:44:54.840,0.76959,0.76967,1.00,1.00
2016.09.13 13:44:55.234,0.76959,0.76964,1.00,1.00
2016.09.13 13:44:55.317,0.76954,0.76963,1.57,1.00
2016.09.13 13:44:55.368,0.76954,0.76963,1.12,1.00
2016.09.13 13:44:55.470,0.76954,0.76963,1.00,1.00
2016.09.13 13:44:55.522,0.76955,0.76963,1.00,1.00
2016.09.13 13:44:55.624,0.76954,0.76962,1.50,1.00
2016.09.13 13:44:55.675,0.76954,0.76964,1.50,1.37
2016.09.13 13:44:55.901,0.76955,0.76965,1.00,1.50
2016.09.13 13:44:55.954,0.7696,0.76968,1.31,4.50
2016.09.13 13:44:56.006,0.7696,0.76968,1.39,1.87
2016.09.13 13:44:56.057,0.7696,0.76969,2.02,1.50
2016.09.13 13:44:56.109,0.7696,0.76969,1.57,1.00
2016.09.13 13:44:56.160,0.76959,0.76969,4.50,1.00
2016.09.13 13:44:56.211,0.76959,0.76967,1.75,1.00
2016.09.13 13:44:56.262,0.76958,0.76967,3.75,1.00
2016.09.13 13:44:56.313,0.76958,0.76966,3.00,1.00
2016.09.13 13:44:56.474,0.76958,0.76966,2.62,1.00
2016.09.13 13:44:56.526,0.76958,0.76966,1.50,1.00
2016.09.13 13:44:56.578,0.76959,0.76969,1.00,1.12
2016.09.13 13:44:56.629,0.76959,0.76969,1.00,1.50
2016.09.13 13:44:56.681,0.76959,0.76969,1.12,1.12
2016.09.13 13:44:56.733,0.76959,0.76968,1.50,1.00
2016.09.13 13:44:56.835,0.76959,0.76968,1.69,1.00
2016.09.13 13:44:56.937,0.7696,0.76968,1.00,1.00
2016.09.13 13:44:57.042,0.76961,0.76969,1.00,1.12
2016.09.13 13:44:57.173,0.76961,0.76969,1.00,1.00
2016.09.13 13:44:57.388,0.76961,0.7697,1.10,1.00
2016.09.13 13:44:57.440,0.7696,0.7697,2.32,1.12
2016.09.13 13:44:57.542,0.76961,0.7697,1.00,1.00
2016.09.13 13:44:57.593,0.76961,0.76969,1.00,1.00
2016.09.13 13:44:57.695,0.76959,0.76969,3.45,1.00
2016.09.13 13:44:57.856,0.76959,0.76969,2.70,1.00
2016.09.13 13:44:58.009,0.76959,0.76969,3.07,1.00
2016.09.13 13:44:58.111,0.76959,0.76969,2.32,1.00
2016.09.13 13:44:58.213,0.76958,0.76969,5.70,1.00
2016.09.13 13:44:58.264,0.76958,0.76969,5.32,1.00
2016.09.13 13:44:58.316,0.76959,0.76969,1.85,1.00
2016.09.13 13:44:58.519,0.76958,0.76968,5.32,1.00
2016.09.13 13:44:58.710,0.76958,0.76968,4.95,1.00
2016.09.13 13:44:58.786,0.76957,0.76967,3.45,1.00
2016.09.13 13:44:58.838,0.76957,0.76967,2.70,1.00
2016.09.13 13:44:58.942,0.76957,0.76967,3.45,1.00
2016.09.13 13:44:58.993,0.76957,0.76967,3.15,1.00
2016.09.13 13:44:59.044,0.76957,0.76967,3.07,1.00
2016.09.13 13:44:59.309,0.76957,0.76967,2.32,1.00
2016.09.13 13:44:59.360,0.76957,0.76967,1.57,1.00
2016.09.13 13:44:59.411,0.76956,0.76967,3.82,1.00
2016.09.13 13:44:59.672,0.76958,0.76966,1.00,1.00
2016.09.13 13:44:59.726,0.76957,0.76963,1.20,1.00
2016.09.13 13:44:59.777,0.76955,0.76961,4.76,1.00
2016.09.13 13:44:59.829,0.76954,0.76962,1.87,1.00
2016.09.13 13:44:59.881,0.76954,0.76962,1.00,1.00
2016.09.13 13:44:59.932,0.76951,0.76962,3.45,1.00
2016.09.13 13:45:00.034,0.76951,0.76962,4.20,1.00
2016.09.13 13:45:00.138,0.76952,0.76962,1.20,1.00
2016.09.13 13:45:00.189,0.76951,0.76961,3.45,1.37
2016.09.13 13:45:00.240,0.76951,0.7696,1.07,1.12
2016.09.13 13:45:00.412,0.7695,0.76959,1.00,1.50
2016.09.13 13:45:00.465,0.7695,0.76958,1.00,1.57
2016.09.13 13:45:00.516,0.7695,0.76958,1.00,2.32
2016.09.13 13:45:00.669,0.76948,0.76958,1.50,2.32
2016.09.13 13:45:00.720,0.76949,0.76958,1.00,1.57
2016.09.13 13:45:00.873,0.76949,0.76957,1.00,1.00
2016.09.13 13:45:00.924,0.76949,0.76958,1.00,1.85
2016.09.13 13:45:01.113,0.76949,0.76958,1.00,1.95
2016.09.13 13:45:01.216,0.76949,0.76958,1.00,1.85
2016.09.13 13:45:01.319,0.76948,0.76957,1.00,1.50
2016.09.13 13:45:01.802,0.76948,0.76958,1.00,2.32
2016.09.13 13:45:02.040,0.76948,0.76958,1.00,2.70
2016.09.13 13:45:02.231,0.76948,0.76958,1.00,2.32
2016.09.13 13:45:02.568,0.76948,0.76957,1.00,1.50
2016.09.13 13:45:02.757,0.76948,0.76958,1.00,2.32
2016.09.13 13:45:02.809,0.76948,0.76957,1.00,1.67
2016.09.13 13:45:02.860,0.76947,0.76957,1.00,2.10
2016.09.13 13:45:02.911,0.76947,0.76956,1.00,1.00
2016.09.13 13:45:02.963,0.76947,0.76956,1.00,1.57
2016.09.13 13:45:03.014,0.76945,0.76956,1.50,2.32
2016.09.13 13:45:03.204,0.76945,0.76955,1.50,1.50
2016.09.13 13:45:03.306,0.76945,0.76956,1.50,2.32
2016.09.13 13:45:03.408,0.76945,0.76956,1.50,1.57
2016.09.13 13:45:03.719,0.76945,0.76956,1.87,1.57
2016.09.13 13:45:03.770,0.76945,0.76956,1.87,2.32
2016.09.13 13:45:03.953,0.76945,0.76954,1.12,1.12
2016.09.13 13:45:04.159,0.76945,0.76956,1.87,2.32
2016.09.13 13:45:04.210,0.76945,0.76956,1.50,1.47
2016.09.13 13:45:04.263,0.76947,0.76955,1.50,1.00
2016.09.13 13:45:04.316,0.76947,0.76956,1.87,1.12
2016.09.13 13:45:04.367,0.76949,0.76957,1.00,1.00
2016.09.13 13:45:04.418,0.76948,0.76957,1.37,1.00
2016.09.13 13:45:04.470,0.76948,0.76957,1.95,1.00
2016.09.13 13:45:04.572,0.76948,0.76957,2.32,1.00
2016.09.13 13:45:04.725,0.76953,0.76957,1.00,1.00
2016.09.13 13:45:04.787,0.76953,0.76961,1.00,1.00
2016.09.13 13:45:04.838,0.76952,0.76962,3.75,1.00
2016.09.13 13:45:04.889,0.76953,0.76962,1.47,1.12
2016.09.13 13:45:04.940,0.76953,0.76963,1.57,1.00
2016.09.13 13:45:04.991,0.76953,0.76963,1.37,1.00
2016.09.13 13:45:05.043,0.76953,0.76961,1.00,1.00
2016.09.13 13:45:05.297,0.76953,0.76963,1.50,1.00
2016.09.13 13:45:05.348,0.76954,0.76965,1.00,2.62
2016.09.13 13:45:05.489,0.76954,0.76965,2.62,1.50
2016.09.13 13:45:05.540,0.76955,0.76965,3.45,1.00
2016.09.13 13:45:05.592,0.76955,0.76965,4.12,1.00
2016.09.13 13:45:05.644,0.76955,0.76965,4.20,1.00
2016.09.13 13:45:05.831,0.76955,0.76964,1.95,1.00
2016.09.13 13:45:05.882,0.76955,0.76964,1.57,1.00
2016.09.13 13:45:05.933,0.76953,0.76963,3.82,1.00
2016.09.13 13:45:05.984,0.76953,0.76961,2.32,1.00
2016.09.13 13:45:06.036,0.76953,0.76961,1.65,1.00
2016.09.13 13:45:06.087,0.76953,0.76961,1.47,1.00
2016.09.13 13:45:06.273,0.76952,0.76961,1.37,1.00
2016.09.13 13:45:06.334,0.76952,0.76962,1.00,1.00
2016.09.13 13:45:06.643,0.76957,0.76963,1.00,1.00
2016.09.13 13:45:06.797,0.76955,0.76963,1.00,1.00
2016.09.13 13:45:07.072,0.76952,0.76959,1.12,1.00
2016.09.13 13:45:07.174,0.76952,0.7696,1.00,1.00
2016.09.13 13:45:07.225,0.7695,0.7696,1.00,1.00
2016.09.13 13:45:07.276,0.7695,0.7696,1.00,1.12
2016.09.13 13:45:07.341,0.7695,0.7696,1.00,1.75
2016.09.13 13:45:07.394,0.7695,0.7696,1.00,2.25
2016.09.13 13:45:07.496,0.7695,0.76959,1.00,1.75
2016.09.13 13:45:07.898,0.7695,0.76959,1.00,1.37
2016.09.13 13:45:07.949,0.7695,0.76959,1.00,1.12
2016.09.13 13:45:08.000,0.7695,0.7696,1.00,3.00
2016.09.13 13:45:08.126,0.7695,0.7696,1.00,3.37
2016.09.13 13:45:08.290,0.7695,0.7696,1.00,2.62
2016.09.13 13:45:08.572,0.7695,0.7696,1.00,2.25
2016.09.13 13:45:08.809,0.76955,0.76963,1.00,3.45
2016.09.13 13:45:08.861,0.76955,0.76963,1.00,1.47
2016.09.13 13:45:08.912,0.76955,0.76963,1.00,1.10
2016.09.13 13:45:09.117,0.76955,0.76963,1.00,1.00
2016.09.13 13:45:09.270,0.76955,0.76963,1.00,1.37
2016.09.13 13:45:09.374,0.76954,0.76964,1.50,3.37
2016.09.13 13:45:09.607,0.76954,0.76963,1.00,1.00
2016.09.13 13:45:09.811,0.76954,0.76963,1.00,1.12
2016.09.13 13:45:10.172,0.76954,0.76962,1.00,1.00
2016.09.13 13:45:10.768,0.76955,0.76962,1.00,1.00
2016.09.13 13:45:10.819,0.76953,0.76962,1.00,1.00
2016.09.13 13:45:10.972,0.76953,0.76962,1.00,1.00
2016.09.13 13:45:11.023,0.76954,0.76962,1.00,1.50
2016.09.13 13:45:11.074,0.76952,0.76962,1.87,1.50
2016.09.13 13:45:11.227,0.76953,0.76962,1.00,1.00
2016.09.13 13:45:11.279,0.76953,0.76962,1.50,1.00
2016.09.13 13:45:11.467,0.76953,0.76962,1.00,1.00
2016.09.13 13:45:11.569,0.76952,0.7696,1.12,1.00
2016.09.13 13:45:11.672,0.76952,0.7696,1.00,1.00
2016.09.13 13:45:11.876,0.76952,0.7696,1.00,1.37
2016.09.13 13:45:11.978,0.76952,0.7696,1.00,1.00
2016.09.13 13:45:12.260,0.76955,0.76964,1.00,2.62
2016.09.13 13:45:12.312,0.76955,0.76965,1.00,2.25
2016.09.13 13:45:12.363,0.76955,0.76965,1.00,1.50
2016.09.13 13:45:12.536,0.76955,0.76965,1.00,1.00
2016.09.13 13:45:13.027,0.76955,0.76966,1.00,2.70
2016.09.13 13:45:13.162,0.76955,0.76966,1.00,2.32
2016.09.13 13:45:13.537,0.76955,0.76966,1.50,2.32
2016.09.13 13:45:13.589,0.76955,0.76966,1.50,1.57
2016.09.13 13:45:13.647,0.76955,0.76966,1.50,2.32
2016.09.13 13:45:13.763,0.76955,0.76965,1.50,1.00
2016.09.13 13:45:13.878,0.76955,0.76965,1.00,1.00
2016.09.13 13:45:14.060,0.76954,0.76963,1.75,1.00
2016.09.13 13:45:14.112,0.76954,0.76963,1.00,1.00
2016.09.13 13:45:14.163,0.76953,0.76961,1.12,1.00
2016.09.13 13:45:14.265,0.76952,0.7696,1.37,1.00
2016.09.13 13:45:14.316,0.76952,0.7696,1.00,1.00
2016.09.13 13:45:14.805,0.76952,0.76962,2.25,1.50
2016.09.13 13:45:14.857,0.76954,0.76962,1.00,1.00
2016.09.13 13:45:14.959,0.76954,0.76964,1.12,1.10
2016.09.13 13:45:15.011,0.76955,0.76965,1.00,2.70
2016.09.13 13:45:15.062,0.76955,0.76965,1.00,2.25
2016.09.13 13:45:15.419,0.76955,0.76963,1.00,1.00
2016.09.13 13:45:15.470,0.76953,0.76963,1.87,1.50
2016.09.13 13:45:15.521,0.76953,0.76962,1.00,1.00
2016.09.13 13:45:15.704,0.7695,0.7696,1.20,1.00
2016.09.13 13:45:15.758,0.76949,0.7696,1.50,1.00
2016.09.13 13:45:15.810,0.76949,0.7696,1.50,1.10
2016.09.13 13:45:16.269,0.76949,0.76958,1.00,1.00
2016.09.13 13:45:16.656,0.7695,0.7696,1.00,1.10
2016.09.13 13:45:16.707,0.76951,0.76962,1.00,3.75
2016.09.13 13:45:16.758,0.76954,0.76961,1.00,1.20
2016.09.13 13:45:16.809,0.76954,0.76963,1.00,1.47
2016.09.13 13:45:16.861,0.76955,0.76962,1.00,1.00
2016.09.13 13:45:16.964,0.76953,0.76962,1.00,1.00
2016.09.13 13:45:17.016,0.76952,0.7696,1.50,1.00
2016.09.13 13:45:17.067,0.76952,0.7696,1.00,1.00
2016.09.13 13:45:17.118,0.7695,0.7696,1.57,1.00
2016.09.13 13:45:17.297,0.7695,0.7696,1.50,1.00
2016.09.13 13:45:17.366,0.76949,0.76957,1.50,1.00
2016.09.13 13:45:17.417,0.76949,0.76957,2.25,1.00
2016.09.13 13:45:17.468,0.76949,0.76958,1.50,1.00
2016.09.13 13:45:17.519,0.76948,0.76958,2.25,1.00
2016.09.13 13:45:17.672,0.76947,0.76956,1.75,1.00
2016.09.13 13:45:17.724,0.76946,0.76956,3.19,1.00
2016.09.13 13:45:18.086,0.76947,0.76956,1.00,1.00
2016.09.13 13:45:18.347,0.76949,0.76956,1.00,1.00
2016.09.13 13:45:18.501,0.76949,0.76958,1.00,1.00
2016.09.13 13:45:18.552,0.76949,0.76957,1.50,1.00
2016.09.13 13:45:19.123,0.76949,0.76957,1.87,1.00
2016.09.13 13:45:20.004,0.76949,0.76957,1.50,1.00
2016.09.13 13:45:20.259,0.76949,0.76957,1.00,1.00
2016.09.13 13:45:20.361,0.76947,0.76956,1.12,1.00
2016.09.13 13:45:20.412,0.76947,0.76956,1.00,1.00
2016.09.13 13:45:20.609,0.76946,0.76955,1.20,1.00
2016.09.13 13:45:20.712,0.76946,0.76955,1.57,1.00
2016.09.13 13:45:21.096,0.76946,0.76956,2.32,1.00
2016.09.13 13:45:21.198,0.76947,0.76956,1.00,1.00
2016.09.13 13:45:21.489,0.76946,0.76954,1.20,1.00
2016.09.13 13:45:21.541,0.76946,0.76954,1.57,1.00
2016.09.13 13:45:21.748,0.76947,0.76955,1.00,1.00
2016.09.13 13:45:21.799,0.76946,0.76956,3.07,1.00
2016.09.13 13:45:21.902,0.76947,0.76956,1.00,1.00
2016.09.13 13:45:22.280,0.76947,0.76956,1.12,1.00
2016.09.13 13:45:22.336,0.76947,0.76957,1.00,1.00
2016.09.13 13:45:22.854,0.76948,0.76957,1.00,1.00
2016.09.13 13:45:22.956,0.76947,0.76957,1.00,1.00
2016.09.13 13:45:23.007,0.76947,0.76955,1.50,1.00
2016.09.13 13:45:23.237,0.76947,0.76954,1.00,1.00
2016.09.13 13:45:24.092,0.76947,0.76956,1.00,1.00
2016.09.13 13:45:24.685,0.76946,0.76956,1.57,1.00
2016.09.13 13:45:25.633,0.76946,0.76956,1.95,1.00
2016.09.13 13:45:25.735,0.76946,0.76956,2.32,1.00
2016.09.13 13:45:25.838,0.76946,0.76956,1.95,1.00
2016.09.13 13:45:26.449,0.76948,0.76958,1.50,1.10
2016.09.13 13:45:26.500,0.76948,0.76958,1.00,1.10
2016.09.13 13:45:26.602,0.76948,0.76958,1.50,1.00
2016.09.13 13:45:27.062,0.76948,0.76958,1.00,1.00
2016.09.13 13:45:27.215,0.76948,0.76956,1.00,1.00
2016.09.13 13:45:27.640,0.76947,0.76955,1.50,1.00
2016.09.13 13:45:27.691,0.76946,0.76955,1.12,1.00
2016.09.13 13:45:27.742,0.76946,0.76955,1.00,1.00
2016.09.13 13:45:27.793,0.76945,0.76955,1.20,1.50
2016.09.13 13:45:27.844,0.76945,0.76955,1.00,2.06
2016.09.13 13:45:27.895,0.76945,0.76952,1.00,1.50
2016.09.13 13:45:27.946,0.76945,0.76952,1.00,1.87
2016.09.13 13:45:27.997,0.76942,0.76949,1.00,1.00
2016.09.13 13:45:28.183,0.76941,0.76949,1.00,1.00
2016.09.13 13:45:28.234,0.7694,0.76949,1.12,1.00
2016.09.13 13:45:28.388,0.76938,0.76946,2.81,1.00
2016.09.13 13:45:28.440,0.76938,0.76946,1.37,1.00
2016.09.13 13:45:28.491,0.76936,0.76946,2.25,1.00
2016.09.13 13:45:28.543,0.76936,0.76946,1.87,1.00
2016.09.13 13:45:28.594,0.76936,0.76946,1.50,1.00
2016.09.13 13:45:28.829,0.76936,0.76945,1.00,1.00
2016.09.13 13:45:28.932,0.76936,0.76945,1.00,1.00
2016.09.13 13:45:29.568,0.76936,0.76946,1.00,1.00
2016.09.13 13:45:29.619,0.76934,0.76946,1.50,1.65
2016.09.13 13:45:30.145,0.76934,0.76946,1.50,2.40
2016.09.13 13:45:30.197,0.76934,0.76944,1.00,1.00
2016.09.13 13:45:30.249,0.76932,0.76944,1.50,1.87
2016.09.13 13:45:30.437,0.76928,0.76941,1.57,1.12
2016.09.13 13:45:30.491,0.76928,0.76941,2.70,1.12
2016.09.13 13:45:30.542,0.7693,0.76941,1.50,1.12
2016.09.13 13:45:30.593,0.7693,0.76942,3.37,1.37
2016.09.13 13:45:30.644,0.7693,0.76942,3.07,1.37
2016.09.13 13:45:30.695,0.7693,0.76942,3.07,1.00
2016.09.13 13:45:30.746,0.76931,0.76942,2.25,1.00
2016.09.13 13:45:30.797,0.76932,0.76944,1.37,1.20
2016.09.13 13:45:30.849,0.76933,0.76944,1.00,1.20
2016.09.13 13:45:30.900,0.76934,0.76946,1.12,2.55
2016.09.13 13:45:30.951,0.76934,0.76946,1.87,2.17
2016.09.13 13:45:31.002,0.76934,0.76946,1.87,2.10
2016.09.13 13:45:31.053,0.76934,0.76946,1.50,2.10
2016.09.13 13:45:31.284,0.76934,0.76945,1.00,1.00
2016.09.13 13:45:31.454,0.76934,0.76945,1.12,1.00
2016.09.13 13:45:31.776,0.76934,0.76946,1.12,2.10
2016.09.13 13:45:32.334,0.76934,0.76946,1.12,2.85
2016.09.13 13:45:32.385,0.76934,0.76945,1.00,1.00
2016.09.13 13:45:32.436,0.76934,0.76945,1.00,1.35
2016.09.13 13:45:32.487,0.76932,0.76944,3.26,1.00
2016.09.13 13:45:32.539,0.76932,0.76944,1.84,1.00
2016.09.13 13:45:32.808,0.76932,0.76944,2.59,1.00
2016.09.13 13:45:32.978,0.76936,0.76946,1.00,1.80
2016.09.13 13:45:33.035,0.76936,0.76946,1.00,2.17
2016.09.13 13:45:33.654,0.76936,0.76945,1.00,1.00
2016.09.13 13:45:33.756,0.76936,0.76945,1.00,1.60
2016.09.13 13:45:33.808,0.76935,0.76946,1.00,1.20
2016.09.13 13:45:33.860,0.76935,0.76946,1.00,1.12
2016.09.13 13:45:33.964,0.76936,0.76946,1.00,1.00
2016.09.13 13:45:34.016,0.76934,0.76946,1.69,1.00
2016.09.13 13:45:34.067,0.76934,0.76946,2.06,1.00
2016.09.13 13:45:34.297,0.76934,0.76946,2.44,1.00
2016.09.13 13:45:34.348,0.76934,0.76946,1.69,1.00
2016.09.13 13:45:34.400,0.76934,0.76946,1.31,1.00
2016.09.13 13:45:34.833,0.76934,0.76946,1.31,1.00
2016.09.13 13:45:34.884,0.76936,0.76948,1.62,1.07
2016.09.13 13:45:34.935,0.76936,0.76949,2.51,3.00
2016.09.13 13:45:34.986,0.76936,0.76949,3.26,2.62
2016.09.13 13:45:35.205,0.76936,0.76948,2.51,1.20
2016.09.13 13:45:35.257,0.76936,0.76948,1.01,1.57
2016.09.13 13:45:35.308,0.76935,0.76948,2.06,1.57
2016.09.13 13:45:35.359,0.76935,0.76948,1.50,1.57
2016.09.13 13:45:35.726,0.76937,0.76948,1.00,1.57
2016.09.13 13:45:35.777,0.76937,0.76948,1.12,1.47
2016.09.13 13:45:35.829,0.76938,0.76949,1.00,1.00
2016.09.13 13:45:36.223,0.76939,0.7695,1.00,1.00
2016.09.13 13:45:36.377,0.76939,0.76952,1.00,2.92
2016.09.13 13:45:36.429,0.76942,0.76951,1.00,1.00
2016.09.13 13:45:36.480,0.76942,0.76953,1.00,1.12
2016.09.13 13:45:36.531,0.76941,0.76954,2.62,2.32
2016.09.13 13:45:36.703,0.76942,0.76954,2.25,1.50
2016.09.13 13:45:36.754,0.76944,0.76954,1.00,1.00
2016.09.13 13:45:37.019,0.76945,0.76956,1.00,1.00
2016.09.13 13:45:37.070,0.76945,0.76956,1.00,1.00
2016.09.13 13:45:37.121,0.76945,0.76956,1.00,1.00
2016.09.13 13:45:37.666,0.76945,0.76957,1.12,1.50
2016.09.13 13:45:37.717,0.76945,0.76957,1.50,1.50
2016.09.13 13:45:37.989,0.76946,0.76956,1.00,1.00
2016.09.13 13:45:38.319,0.76945,0.76955,1.87,1.00
2016.09.13 13:45:38.421,0.76945,0.76955,1.75,1.00
2016.09.13 13:45:38.677,0.76945,0.76955,1.37,1.00
2016.09.13 13:45:38.737,0.76946,0.76956,1.00,1.00
2016.09.13 13:45:38.789,0.76944,0.76957,2.51,2.62
2016.09.13 13:45:38.941,0.76944,0.76957,2.51,2.25
2016.09.13 13:45:38.992,0.76944,0.76957,1.39,2.25
2016.09.13 13:45:39.111,0.76944,0.76957,1.39,2.62
2016.09.13 13:45:39.213,0.76944,0.76957,2.14,2.62
2016.09.13 13:45:39.264,0.76944,0.76957,1.76,1.87
2016.09.13 13:45:39.315,0.76945,0.76957,1.12,1.12
2016.09.13 13:45:39.521,0.76944,0.76957,2.14,1.12
2016.09.13 13:45:39.573,0.76944,0.76957,2.51,1.12
2016.09.13 13:45:39.623,0.76945,0.76957,1.00,1.12
2016.09.13 13:45:39.835,0.76945,0.76957,1.12,1.12
2016.09.13 13:45:39.887,0.76945,0.76957,1.37,1.12
2016.09.13 13:45:40.146,0.76944,0.76955,2.14,1.00
2016.09.13 13:45:40.197,0.76943,0.76954,2.25,1.00
2016.09.13 13:45:40.248,0.76942,0.76951,2.32,1.00
2016.09.13 13:45:40.300,0.76942,0.76951,1.12,1.00
2016.09.13 13:45:40.351,0.76941,0.7695,1.76,1.00
2016.09.13 13:45:40.403,0.76941,0.76949,1.12,1.00
2016.09.13 13:45:40.454,0.76941,0.76951,1.00,2.47
2016.09.13 13:45:40.506,0.76942,0.7695,1.00,1.12
2016.09.13 13:45:40.740,0.76944,0.7695,1.12,1.00
2016.09.13 13:45:40.794,0.76943,0.7695,1.37,1.00
2016.09.13 13:45:40.845,0.76941,0.7695,1.95,1.00
2016.09.13 13:45:40.896,0.76941,0.7695,1.57,1.00
2016.09.13 13:45:40.947,0.76941,0.7695,1.50,1.00
2016.09.13 13:45:40.998,0.76941,0.7695,2.25,1.00
2016.09.13 13:45:41.100,0.76941,0.7695,1.50,1.00
2016.09.13 13:45:41.259,0.76941,0.76951,2.25,1.00
2016.09.13 13:45:41.491,0.76941,0.76951,1.50,1.10
2016.09.13 13:45:41.542,0.76941,0.7695,1.00,1.00
2016.09.13 13:45:41.825,0.76941,0.76951,1.00,1.10
2016.09.13 13:45:41.927,0.76941,0.76951,1.12,1.10
2016.09.13 13:45:41.978,0.76941,0.76952,1.12,1.57
2016.09.13 13:45:42.029,0.76941,0.76952,1.12,1.00
2016.09.13 13:45:42.522,0.76941,0.76952,1.50,1.00
2016.09.13 13:45:42.694,0.76942,0.76952,1.00,1.00
2016.09.13 13:45:43.635,0.76943,0.76952,1.00,1.00
2016.09.13 13:45:43.700,0.76943,0.76952,1.50,1.00
2016.09.13 13:45:43.802,0.76944,0.76952,1.00,1.00
2016.09.13 13:45:43.854,0.76942,0.76953,2.14,1.87
2016.09.13 13:45:43.905,0.76942,0.76953,2.51,1.87
2016.09.13 13:45:43.956,0.76942,0.76953,2.89,1.50
2016.09.13 13:45:44.007,0.76942,0.76953,3.64,1.50
2016.09.13 13:45:44.058,0.76942,0.76953,2.51,1.50
2016.09.13 13:45:44.134,0.76942,0.76953,2.89,1.50
2016.09.13 13:45:44.185,0.76942,0.76953,3.26,1.50
2016.09.13 13:45:44.236,0.76942,0.76953,4.01,1.50
2016.09.13 13:45:44.287,0.76942,0.76953,3.64,1.50
2016.09.13 13:45:44.487,0.76942,0.76953,3.26,1.50
2016.09.13 13:45:44.801,0.76943,0.76953,1.00,1.00
2016.09.13 13:45:44.955,0.76942,0.76953,3.26,1.00
2016.09.13 13:45:45.006,0.76945,0.76954,1.50,1.00
2016.09.13 13:45:45.057,0.76945,0.76952,1.00,1.35
2016.09.13 13:45:45.108,0.76942,0.7695,2.62,1.00
2016.09.13 13:45:45.314,0.76941,0.76951,2.25,1.00
2016.09.13 13:45:45.369,0.76941,0.76951,2.44,1.00
2016.09.13 13:45:45.421,0.76943,0.76952,1.00,1.50
2016.09.13 13:45:45.523,0.76942,0.76953,2.25,1.75
2016.09.13 13:45:45.575,0.76942,0.76953,1.87,1.50
2016.09.13 13:45:45.626,0.76944,0.76952,1.00,1.12
2016.09.13 13:45:45.728,0.76944,0.76952,1.00,1.00
2016.09.13 13:45:45.966,0.76944,0.76954,1.00,2.25
2016.09.13 13:45:46.018,0.7695,0.76954,1.00,1.00
2016.09.13 13:45:46.120,0.7695,0.76956,1.00,2.25
2016.09.13 13:45:46.172,0.7695,0.76958,1.00,2.62
2016.09.13 13:45:46.227,0.7695,0.76958,1.00,1.00
2016.09.13 13:45:46.329,0.7695,0.76958,1.00,1.50
2016.09.13 13:45:46.431,0.7695,0.76958,1.00,1.12
2016.09.13 13:45:46.678,0.7695,0.7696,1.12,1.00
2016.09.13 13:45:46.729,0.76951,0.76961,1.00,1.00
2016.09.13 13:45:46.781,0.76952,0.76962,1.00,1.27
2016.09.13 13:45:46.940,0.76952,0.76962,1.00,1.65
2016.09.13 13:45:46.993,0.76952,0.76962,1.00,1.57
2016.09.13 13:45:47.045,0.76951,0.76961,1.00,1.37
2016.09.13 13:45:47.424,0.7695,0.7696,1.00,1.12
2016.09.13 13:45:47.628,0.7695,0.76961,1.00,2.40
2016.09.13 13:45:47.832,0.7695,0.7696,1.12,1.12
2016.09.13 13:45:47.884,0.76949,0.76958,2.62,1.00
2016.09.13 13:45:47.936,0.76949,0.76957,2.62,1.12
2016.09.13 13:45:48.103,0.76948,0.76957,2.25,1.00
2016.09.13 13:45:48.157,0.76945,0.76955,2.62,1.87
2016.09.13 13:45:48.209,0.76945,0.76954,1.50,1.12
2016.09.13 13:45:48.262,0.76945,0.76953,1.00,1.00
2016.09.13 13:45:48.313,0.76944,0.76953,1.37,1.00
2016.09.13 13:45:48.416,0.76946,0.76954,1.00,1.57
2016.09.13 13:45:48.467,0.76946,0.76954,1.00,1.12
2016.09.13 13:45:48.519,0.76947,0.76955,1.00,2.62
2016.09.13 13:45:48.570,0.76947,0.76955,1.00,1.00
2016.09.13 13:45:48.940,0.76947,0.76955,1.12,1.00
2016.09.13 13:45:49.347,0.76947,0.76957,1.12,1.37
2016.09.13 13:45:49.593,0.76947,0.76957,1.12,1.12
2016.09.13 13:45:49.644,0.76947,0.76958,1.12,1.47
2016.09.13 13:45:49.696,0.76947,0.76958,1.12,1.37
2016.09.13 13:45:49.747,0.76949,0.76957,1.00,1.00
2016.09.13 13:45:49.952,0.76949,0.76959,1.37,1.00
2016.09.13 13:45:51.173,0.76949,0.76959,1.57,1.00
2016.09.13 13:45:51.232,0.76951,0.76961,1.50,2.17
2016.09.13 13:45:51.539,0.76952,0.76961,1.00,1.42
2016.09.13 13:45:51.591,0.76952,0.76961,1.00,1.10
2016.09.13 13:45:51.642,0.76952,0.76962,1.00,1.57
2016.09.13 13:45:52.171,0.76952,0.76962,1.50,1.57
2016.09.13 13:45:52.224,0.76952,0.76962,1.50,1.47
2016.09.13 13:45:52.276,0.76952,0.76962,1.50,1.37
2016.09.13 13:45:52.327,0.76952,0.76962,1.00,1.37
2016.09.13 13:45:52.481,0.76952,0.76962,1.00,1.00
2016.09.13 13:45:52.532,0.76952,0.76962,1.10,1.00
2016.09.13 13:45:52.815,0.76952,0.76962,1.10,1.37
2016.09.13 13:45:52.867,0.76951,0.76961,1.50,1.12
2016.09.13 13:45:53.122,0.76951,0.7696,1.00,1.00
2016.09.13 13:45:53.538,0.76951,0.7696,1.00,1.37
2016.09.13 13:45:53.767,0.7695,0.76958,1.00,1.50
2016.09.13 13:45:53.819,0.7695,0.76958,1.00,1.50
2016.09.13 13:45:53.870,0.76947,0.76957,1.87,1.00
2016.09.13 13:45:53.921,0.76947,0.76957,1.57,1.00
2016.09.13 13:45:53.972,0.76947,0.76957,1.20,1.00
2016.09.13 13:45:54.024,0.76947,0.76957,1.12,1.00
2016.09.13 13:45:54.075,0.76947,0.76956,1.12,1.00
2016.09.13 13:45:54.177,0.76946,0.76956,3.45,1.00
2016.09.13 13:45:54.229,0.76946,0.76956,3.82,1.00
2016.09.13 13:45:54.280,0.76948,0.76956,1.10,1.50
2016.09.13 13:45:54.575,0.76947,0.76956,1.12,1.50
2016.09.13 13:45:54.732,0.76947,0.76956,1.87,1.50
2016.09.13 13:45:55.747,0.76947,0.76954,1.87,1.00
2016.09.13 13:45:55.849,0.76947,0.76954,1.50,1.00
2016.09.13 13:45:55.951,0.76946,0.76954,3.07,1.00
2016.09.13 13:45:56.175,0.76948,0.76954,1.10,1.00
2016.09.13 13:45:56.877,0.76946,0.76954,2.32,1.00
2016.09.13 13:45:56.928,0.76946,0.76952,1.95,1.00
2016.09.13 13:45:56.979,0.76944,0.7695,1.20,1.00
2016.09.13 13:45:57.082,0.76942,0.7695,1.45,1.00
2016.09.13 13:45:57.211,0.7694,0.76949,1.95,1.00
2016.09.13 13:45:57.426,0.7694,0.76949,1.12,1.00
2016.09.13 13:45:57.630,0.76941,0.76949,1.10,1.00
2016.09.13 13:45:57.682,0.7694,0.7695,2.81,1.50
2016.09.13 13:45:57.733,0.7694,0.76947,2.06,1.00
2016.09.13 13:45:57.784,0.76942,0.76947,1.00,1.00
2016.09.13 13:45:57.840,0.76942,0.76949,1.00,1.00
2016.09.13 13:45:57.894,0.76939,0.76947,1.50,1.00
2016.09.13 13:45:58.104,0.76939,0.76947,1.75,1.00
2016.09.13 13:45:58.157,0.76937,0.76945,4.31,1.00
2016.09.13 13:45:58.208,0.76937,0.76945,3.19,1.00
2016.09.13 13:45:58.259,0.76937,0.76945,2.44,1.00
2016.09.13 13:45:58.412,0.76937,0.76945,2.06,1.00
2016.09.13 13:45:58.463,0.76937,0.76943,1.87,1.00
2016.09.13 13:45:58.568,0.76937,0.76942,1.87,1.00
2016.09.13 13:45:58.646,0.76937,0.76942,1.00,1.00
2016.09.13 13:45:59.029,0.76935,0.76943,2.25,1.00
2016.09.13 13:45:59.131,0.76936,0.76943,1.50,1.00
2016.09.13 13:45:59.234,0.76935,0.76943,1.50,1.00
2016.09.13 13:45:59.337,0.76935,0.76943,1.00,1.00
2016.09.13 13:45:59.799,0.76935,0.76943,1.00,1.00
2016.09.13 13:45:59.850,0.76935,0.76943,1.50,1.00
2016.09.13 13:45:59.952,0.76935,0.76945,1.87,1.00
2016.09.13 13:46:00.003,0.76937,0.76945,1.00,1.00
2016.09.13 13:46:00.055,0.7694,0.76947,1.00,1.12
2016.09.13 13:46:00.106,0.76939,0.76949,1.50,1.37
2016.09.13 13:46:00.158,0.7694,0.76948,1.12,1.00
2016.09.13 13:46:00.209,0.7694,0.76947,1.95,1.00
2016.09.13 13:46:00.311,0.7694,0.76946,1.50,1.00
2016.09.13 13:46:00.516,0.76936,0.76945,1.47,1.00
2016.09.13 13:46:00.784,0.76936,0.76945,1.95,1.00
2016.09.13 13:46:00.835,0.76936,0.76945,2.32,1.00
2016.09.13 13:46:01.089,0.76936,0.76945,1.85,1.00
2016.09.13 13:46:01.312,0.76935,0.76943,1.57,1.00
2016.09.13 13:46:01.363,0.76934,0.76941,1.95,1.00
2016.09.13 13:46:01.414,0.76934,0.76941,1.57,1.00
2016.09.13 13:46:01.465,0.76934,0.76941,1.20,1.00
2016.09.13 13:46:01.516,0.76934,0.76942,1.95,1.00
2016.09.13 13:46:01.567,0.76934,0.76944,1.95,1.50
2016.09.13 13:46:01.618,0.76934,0.76944,2.70,1.50
2016.09.13 13:46:01.720,0.76934,0.76944,3.45,1.00
2016.09.13 13:46:01.771,0.76936,0.76944,1.12,1.00
2016.09.13 13:46:02.010,0.76937,0.76944,1.00,1.00
2016.09.13 13:46:02.165,0.76937,0.76945,1.12,1.00
2016.09.13 13:46:02.216,0.76937,0.76944,1.87,1.00
2016.09.13 13:46:02.319,0.76938,0.76947,1.50,1.00
2016.09.13 13:46:02.374,0.76939,0.76947,1.00,1.00
2016.09.13 13:46:02.441,0.76939,0.76947,1.37,1.00
2016.09.13 13:46:02.493,0.76937,0.76947,3.07,1.00
2016.09.13 13:46:02.546,0.76937,0.76946,1.95,1.00
2016.09.13 13:46:02.682,0.76939,0.76947,1.12,1.00
2016.09.13 13:46:02.733,0.76939,0.76948,1.50,1.00
2016.09.13 13:46:02.836,0.76939,0.76948,1.57,1.00
2016.09.13 13:46:02.887,0.76939,0.76948,1.95,1.00
2016.09.13 13:46:02.939,0.76939,0.76946,1.95,1.00
2016.09.13 13:46:02.991,0.76939,0.76946,1.27,1.00
2016.09.13 13:46:03.043,0.76939,0.76946,1.20,1.00
2016.09.13 13:46:03.094,0.76938,0.76946,1.07,1.00
2016.09.13 13:46:03.146,0.76937,0.76946,1.57,1.00
2016.09.13 13:46:03.210,0.76937,0.76946,1.95,1.00
2016.09.13 13:46:03.441,0.76937,0.76945,1.57,1.00
2016.09.13 13:46:03.545,0.76937,0.76945,1.20,1.00
2016.09.13 13:46:03.597,0.76936,0.76944,1.47,1.00
2016.09.13 13:46:03.652,0.76935,0.76944,2.44,1.00
2016.09.13 13:46:03.703,0.76935,0.76944,2.06,1.00
2016.09.13 13:46:04.082,0.76935,0.76944,1.62,1.00
2016.09.13 13:46:04.184,0.76935,0.76944,2.81,1.00
2016.09.13 13:46:04.337,0.76936,0.76944,1.37,1.00
2016.09.13 13:46:04.388,0.76936,0.76946,1.87,1.20
2016.09.13 13:46:04.440,0.76936,0.76946,1.50,1.12
2016.09.13 13:46:04.491,0.76937,0.76946,1.12,1.12
2016.09.13 13:46:04.542,0.76937,0.76946,1.50,1.00
2016.09.13 13:46:05.184,0.76938,0.76948,1.00,1.20
2016.09.13 13:46:05.705,0.76939,0.76948,1.00,1.20
2016.09.13 13:46:06.238,0.76938,0.76948,1.00,1.20
2016.09.13 13:46:06.394,0.7694,0.76949,1.00,2.10
2016.09.13 13:46:06.446,0.7694,0.7695,1.00,3.97
2016.09.13 13:46:06.497,0.7694,0.7695,1.00,3.22
2016.09.13 13:46:06.549,0.7694,0.7695,1.00,2.85
2016.09.13 13:46:06.601,0.7694,0.7695,1.50,2.85
2016.09.13 13:46:06.704,0.7694,0.76949,1.00,1.35
2016.09.13 13:46:07.339,0.7694,0.7695,2.25,2.85
2016.09.13 13:46:07.492,0.7694,0.7695,2.25,2.10
2016.09.13 13:46:07.602,0.7694,0.7695,2.25,1.50
2016.09.13 13:46:07.654,0.7694,0.7695,2.25,1.00
2016.09.13 13:46:07.756,0.7694,0.7695,2.32,1.00
2016.09.13 13:46:08.198,0.7694,0.7695,2.70,1.00
2016.09.13 13:46:08.250,0.76942,0.7695,1.00,1.00
2016.09.13 13:46:09.186,0.7694,0.7695,2.32,1.00
2016.09.13 13:46:10.276,0.76941,0.76951,1.00,1.00
2016.09.13 13:46:10.785,0.7694,0.7695,1.57,1.00
2016.09.13 13:46:10.887,0.7694,0.76949,1.10,1.00
2016.09.13 13:46:11.064,0.7694,0.76949,1.00,1.00
2016.09.13 13:46:11.115,0.76938,0.76948,2.51,1.00
2016.09.13 13:46:11.217,0.76938,0.76948,1.57,1.50
2016.09.13 13:46:11.268,0.7694,0.76948,1.00,2.62
2016.09.13 13:46:11.319,0.76941,0.76948,1.00,2.25
2016.09.13 13:46:11.372,0.76941,0.76948,1.00,1.50
2016.09.13 13:46:11.423,0.76942,0.7695,1.00,1.95
2016.09.13 13:46:11.474,0.76942,0.7695,1.00,1.57
2016.09.13 13:46:11.526,0.76942,0.7695,1.00,1.47
2016.09.13 13:46:11.577,0.76942,0.7695,1.00,1.00
2016.09.13 13:46:11.779,0.76943,0.76952,1.00,1.12
2016.09.13 13:46:12.220,0.76944,0.76952,1.00,1.87
2016.09.13 13:46:12.271,0.76944,0.76952,1.00,2.62
2016.09.13 13:46:12.322,0.76944,0.76952,1.00,1.12
2016.09.13 13:46:12.373,0.76944,0.76952,1.00,1.12
2016.09.13 13:46:12.562,0.76947,0.76954,1.00,1.00
2016.09.13 13:46:12.624,0.76947,0.76955,1.00,2.32
2016.09.13 13:46:12.827,0.76947,0.76955,1.00,1.57
2016.09.13 13:46:12.930,0.76947,0.76955,1.00,1.50
2016.09.13 13:46:13.185,0.76948,0.76955,1.00,1.00
2016.09.13 13:46:14.121,0.76946,0.76955,1.00,2.25
2016.09.13 13:46:14.224,0.76946,0.76953,1.00,1.00
2016.09.13 13:46:15.743,0.76945,0.76953,1.00,1.00
2016.09.13 13:46:15.794,0.76945,0.76953,1.50,1.50
2016.09.13 13:46:16.089,0.76945,0.76953,1.00,1.00
2016.09.13 13:46:16.813,0.76943,0.76951,1.00,1.00
2016.09.13 13:46:16.864,0.76942,0.76951,1.87,1.00
2016.09.13 13:46:16.966,0.76942,0.76951,1.50,1.00
2016.09.13 13:46:17.017,0.76942,0.76951,1.50,1.50
2016.09.13 13:46:17.119,0.76942,0.76951,1.00,1.50
2016.09.13 13:46:17.636,0.76943,0.76951,1.00,1.50
2016.09.13 13:46:18.158,0.76944,0.76951,1.00,1.50
2016.09.13 13:46:18.209,0.76946,0.76951,1.00,1.00
2016.09.13 13:46:18.311,0.76946,0.76953,1.00,1.01
2016.09.13 13:46:18.362,0.76946,0.76953,1.00,1.10
2016.09.13 13:46:18.414,0.76946,0.76954,1.00,1.57
2016.09.13 13:46:18.465,0.76946,0.76954,1.00,1.12
2016.09.13 13:46:18.516,0.76946,0.76954,1.00,1.00
2016.09.13 13:46:18.568,0.76946,0.76954,1.00,1.00
2016.09.13 13:46:19.242,0.76947,0.76954,1.00,1.00
2016.09.13 13:46:19.548,0.76949,0.76957,1.00,2.89
2016.09.13 13:46:19.600,0.76951,0.76957,1.00,1.20
2016.09.13 13:46:19.651,0.76952,0.76958,1.00,1.50
2016.09.13 13:46:19.702,0.76953,0.76959,1.00,1.75
2016.09.13 13:46:19.892,0.76953,0.7696,1.00,1.00
2016.09.13 13:46:19.993,0.76953,0.7696,1.00,1.00
2016.09.13 13:46:20.045,0.76953,0.76959,1.00,1.00
2016.09.13 13:46:20.249,0.76951,0.7696,1.00,1.35
2016.09.13 13:46:20.300,0.76951,0.7696,1.00,1.42
2016.09.13 13:46:20.352,0.76951,0.76959,1.00,1.00
2016.09.13 13:46:20.404,0.76951,0.76959,1.00,1.57
2016.09.13 13:46:20.455,0.76948,0.76958,1.87,1.00
2016.09.13 13:46:20.609,0.76948,0.76958,1.50,2.44
2016.09.13 13:46:20.661,0.76948,0.76957,1.00,1.47
2016.09.13 13:46:20.917,0.76948,0.76956,1.00,1.00
2016.09.13 13:46:20.969,0.76947,0.76956,1.00,1.87
2016.09.13 13:46:21.021,0.76947,0.76956,1.00,1.87
2016.09.13 13:46:21.072,0.76948,0.76956,1.00,1.82
2016.09.13 13:46:21.175,0.7695,0.76956,1.00,1.07
2016.09.13 13:46:21.227,0.7695,0.76957,1.00,2.06
2016.09.13 13:46:21.383,0.76947,0.76956,1.00,1.69
2016.09.13 13:46:21.435,0.76947,0.76956,1.00,1.50
2016.09.13 13:46:21.486,0.76947,0.76956,1.00,1.37
2016.09.13 13:46:21.538,0.76947,0.76956,1.00,1.37
2016.09.13 13:46:21.691,0.76947,0.76956,1.00,1.87
2016.09.13 13:46:22.259,0.76947,0.76956,1.00,1.50
2016.09.13 13:46:22.310,0.76948,0.76956,1.00,1.69
2016.09.13 13:46:22.362,0.76948,0.76956,1.00,1.25
2016.09.13 13:46:22.948,0.76949,0.76957,1.00,1.39
2016.09.13 13:46:22.999,0.76949,0.76957,1.00,1.09
2016.09.13 13:46:23.051,0.76949,0.76957,1.00,1.25
2016.09.13 13:46:23.102,0.76949,0.76957,1.00,1.31
2016.09.13 13:46:23.257,0.7695,0.76959,1.00,2.59
2016.09.13 13:46:23.309,0.7695,0.76959,1.00,1.85
2016.09.13 13:46:23.360,0.7695,0.76958,1.00,1.00
2016.09.13 13:46:23.411,0.7695,0.7696,1.00,1.65
2016.09.13 13:46:23.462,0.7695,0.7696,1.00,2.02
2016.09.13 13:46:23.514,0.76951,0.7696,1.00,1.27
2016.09.13 13:46:23.753,0.76951,0.76961,1.00,5.62
2016.09.13 13:46:23.857,0.7695,0.76959,1.00,3.22
2016.09.13 13:46:23.908,0.7695,0.76959,1.00,4.35
2016.09.13 13:46:23.959,0.76949,0.76956,1.00,1.00
2016.09.13 13:46:24.163,0.76948,0.76958,1.00,3.90
2016.09.13 13:46:24.470,0.76947,0.76957,1.00,1.87
2016.09.13 13:46:24.521,0.76947,0.76956,1.00,1.20
2016.09.13 13:46:24.573,0.76947,0.76956,1.00,1.80
2016.09.13 13:46:24.675,0.76947,0.76956,1.00,2.55
2016.09.13 13:46:24.828,0.76947,0.76956,1.00,1.80
2016.09.13 13:46:24.879,0.76947,0.76956,1.00,2.92
2016.09.13 13:46:24.930,0.76947,0.76956,1.00,3.67
2016.09.13 13:46:24.981,0.76947,0.76956,1.00,3.30
2016.09.13 13:46:25.032,0.76947,0.76955,1.00,1.00
2016.09.13 13:46:25.366,0.76947,0.76956,1.00,1.80
2016.09.13 13:46:25.886,0.76949,0.76956,1.00,2.55
2016.09.13 13:46:25.937,0.76949,0.76956,1.00,1.80
2016.09.13 13:46:28.654,0.76948,0.76956,1.00,1.80
2016.09.13 13:46:28.756,0.76948,0.76956,1.00,2.55
2016.09.13 13:46:29.138,0.76948,0.76955,1.00,1.00
2016.09.13 13:46:29.241,0.76945,0.76953,1.00,1.00
2016.09.13 13:46:29.395,0.76944,0.76952,1.00,1.10
2016.09.13 13:46:29.446,0.76944,0.76952,1.00,1.57
2016.09.13 13:46:29.497,0.76944,0.76952,1.00,2.70
2016.09.13 13:46:29.600,0.76947,0.76951,1.00,1.00
2016.09.13 13:46:29.703,0.76946,0.76954,1.00,2.47
2016.09.13 13:46:29.754,0.76946,0.76953,1.00,1.10
2016.09.13 13:46:29.914,0.76946,0.76955,1.00,1.07
2016.09.13 13:46:30.016,0.76948,0.76955,1.00,1.07
2016.09.13 13:46:30.067,0.76948,0.76956,1.00,1.95
2016.09.13 13:46:30.119,0.76948,0.76957,1.00,2.92
2016.09.13 13:46:30.170,0.76948,0.76957,1.00,1.20
2016.09.13 13:46:30.375,0.76948,0.76956,1.00,1.50
2016.09.13 13:46:30.426,0.76948,0.76956,1.00,2.32
2016.09.13 13:46:30.762,0.76946,0.76955,1.00,1.20
2016.09.13 13:46:30.813,0.76946,0.76955,1.00,1.47
2016.09.13 13:46:30.864,0.76946,0.76953,1.00,1.00
2016.09.13 13:46:31.017,0.76945,0.76953,1.50,1.00
2016.09.13 13:46:31.069,0.76945,0.76955,1.00,2.70
2016.09.13 13:46:31.270,0.76945,0.76953,1.50,1.00
2016.09.13 13:46:32.265,0.76945,0.76952,1.00,1.00
2016.09.13 13:46:32.850,0.76944,0.76951,1.00,1.00
2016.09.13 13:46:33.003,0.76943,0.76951,1.00,1.12
2016.09.13 13:46:33.105,0.76943,0.76951,1.00,1.00
2016.09.13 13:46:33.411,0.76943,0.76951,1.00,1.12
2016.09.13 13:46:33.620,0.76943,0.76952,1.00,2.10
2016.09.13 13:46:33.675,0.76944,0.76952,1.00,1.12
2016.09.13 13:46:34.205,0.76944,0.76952,1.00,1.00
2016.09.13 13:46:34.307,0.76943,0.76952,1.00,1.50
2016.09.13 13:46:34.358,0.76943,0.7695,1.00,1.00
2016.09.13 13:46:34.409,0.76942,0.7695,1.00,1.12
2016.09.13 13:46:34.460,0.76941,0.76949,1.00,1.35
2016.09.13 13:46:34.752,0.76941,0.76949,1.00,2.10
2016.09.13 13:46:34.804,0.76941,0.76949,1.00,2.17
2016.09.13 13:46:34.855,0.76941,0.76949,1.00,2.32
2016.09.13 13:46:34.958,0.76941,0.76947,1.00,1.00
2016.09.13 13:46:35.483,0.76941,0.76948,1.00,1.00
2016.09.13 13:46:35.535,0.76941,0.76948,1.00,1.00
2016.09.13 13:46:35.768,0.76941,0.7695,1.00,1.20
2016.09.13 13:46:35.819,0.76941,0.7695,1.00,1.12
2016.09.13 13:46:35.870,0.76941,0.76951,1.00,3.22
2016.09.13 13:46:36.023,0.76942,0.76951,1.00,2.10
2016.09.13 13:46:36.074,0.76942,0.7695,1.00,1.12
2016.09.13 13:46:36.126,0.76942,0.7695,1.00,1.50
2016.09.13 13:46:36.229,0.76942,0.7695,1.00,1.12
2016.09.13 13:46:36.432,0.76943,0.7695,1.00,1.12
2016.09.13 13:46:36.661,0.76943,0.76951,1.00,1.00
2016.09.13 13:46:36.712,0.76945,0.76951,1.00,1.00
2016.09.13 13:46:37.139,0.76946,0.76953,1.00,1.37
2016.09.13 13:46:37.407,0.76946,0.76953,1.00,1.00
2016.09.13 13:46:37.633,0.7695,0.76958,1.00,1.00
2016.09.13 13:46:37.684,0.7695,0.76958,1.00,1.50
2016.09.13 13:46:37.735,0.7695,0.76958,1.00,1.00
2016.09.13 13:46:37.786,0.7695,0.7696,1.50,2.06
2016.09.13 13:46:37.837,0.7695,0.7696,1.50,1.69
2016.09.13 13:46:37.889,0.7695,0.76959,1.50,1.25
2016.09.13 13:46:37.940,0.7695,0.76959,1.50,1.25
2016.09.13 13:46:38.042,0.7695,0.76959,1.50,1.00
2016.09.13 13:46:38.093,0.7695,0.7696,1.50,2.06
2016.09.13 13:46:38.144,0.76952,0.7696,1.00,2.06
2016.09.13 13:46:38.372,0.76953,0.76961,1.00,1.57
2016.09.13 13:46:38.425,0.76953,0.76961,1.00,1.00
2016.09.13 13:46:38.528,0.76952,0.76962,1.00,3.00
2016.09.13 13:46:38.580,0.76952,0.76962,1.00,1.72
2016.09.13 13:46:38.646,0.76952,0.76962,1.00,2.29
2016.09.13 13:46:38.697,0.76953,0.76961,1.00,1.00
2016.09.13 13:46:38.749,0.76952,0.76961,1.00,1.12
2016.09.13 13:46:38.945,0.76953,0.76961,1.00,1.12
2016.09.13 13:46:39.048,0.76952,0.76961,1.00,1.50
2016.09.13 13:46:39.100,0.76952,0.76961,1.00,3.22
2016.09.13 13:46:39.151,0.76951,0.7696,1.00,1.72
2016.09.13 13:46:39.203,0.76949,0.76959,1.00,1.00
2016.09.13 13:46:39.255,0.76949,0.76959,1.00,2.06
2016.09.13 13:46:39.308,0.76949,0.76959,1.00,2.44
2016.09.13 13:46:39.359,0.76949,0.76958,1.00,1.00
2016.09.13 13:46:39.412,0.76949,0.76958,1.00,1.50
2016.09.13 13:46:39.580,0.76949,0.76957,1.00,1.00
2016.09.13 13:46:39.632,0.76947,0.76956,1.10,1.00
2016.09.13 13:46:39.735,0.76945,0.76954,1.57,1.00
2016.09.13 13:46:39.787,0.76946,0.76954,1.12,1.50
2016.09.13 13:46:39.838,0.76946,0.76953,1.00,1.20
2016.09.13 13:46:39.891,0.76946,0.76952,1.00,1.00
2016.09.13 13:46:39.943,0.76944,0.76952,1.00,1.50
2016.09.13 13:46:40.046,0.7694,0.76948,2.51,1.00
2016.09.13 13:46:40.221,0.76943,0.76951,1.00,1.00
2016.09.13 13:46:40.277,0.76943,0.76951,1.10,1.00
2016.09.13 13:46:40.379,0.76943,0.76951,2.32,1.00
2016.09.13 13:46:40.481,0.76943,0.76951,1.57,1.00
2016.09.13 13:46:40.533,0.76943,0.76951,1.20,1.00
2016.09.13 13:46:41.055,0.76943,0.76952,1.20,1.00
2016.09.13 13:46:41.211,0.76942,0.76951,1.95,1.00
2016.09.13 13:46:41.262,0.76942,0.76951,1.20,1.00
2016.09.13 13:46:41.313,0.76942,0.76952,1.10,1.00
2016.09.13 13:46:41.365,0.76941,0.7695,2.89,1.00
2016.09.13 13:46:41.416,0.76943,0.7695,1.00,1.00
2016.09.13 13:46:41.467,0.76943,0.7695,1.69,1.00
2016.09.13 13:46:41.518,0.76943,0.76952,1.19,1.00
2016.09.13 13:46:41.713,0.76944,0.76952,1.29,1.00
2016.09.13 13:46:41.765,0.76944,0.76951,1.39,1.00
2016.09.13 13:46:41.816,0.76942,0.76951,3.37,1.00
2016.09.13 13:46:41.867,0.76942,0.76951,2.32,1.00
2016.09.13 13:46:41.918,0.76943,0.76951,1.12,1.00
2016.09.13 13:46:41.970,0.76943,0.76951,1.50,1.00
2016.09.13 13:46:42.073,0.76943,0.76951,2.25,1.00
2016.09.13 13:46:42.124,0.76943,0.76951,2.62,1.00
2016.09.13 13:46:42.175,0.76943,0.76951,3.00,1.00
2016.09.13 13:46:42.406,0.76943,0.76951,2.25,1.00
2016.09.13 13:46:42.663,0.76943,0.76951,2.62,1.00
2016.09.13 13:46:42.714,0.76943,0.76953,2.62,1.00
2016.09.13 13:46:42.766,0.76943,0.76953,3.00,1.00
2016.09.13 13:46:42.817,0.76944,0.76953,1.65,1.00
2016.09.13 13:46:42.868,0.76944,0.76953,2.02,1.00
2016.09.13 13:46:42.920,0.76944,0.76953,2.77,1.00
2016.09.13 13:46:42.971,0.76944,0.76953,2.40,1.00
2016.09.13 13:46:43.023,0.76944,0.76953,1.65,1.00
2016.09.13 13:46:43.390,0.76943,0.76951,4.12,1.00
2016.09.13 13:46:43.441,0.76943,0.76949,4.12,1.00
2016.09.13 13:46:43.492,0.76943,0.7695,3.00,1.00
2016.09.13 13:46:43.544,0.76943,0.76949,1.00,1.00
2016.09.13 13:46:43.646,0.76941,0.76949,1.20,1.00
2016.09.13 13:46:44.506,0.7694,0.76949,1.95,1.00
2016.09.13 13:46:44.688,0.7694,0.76949,3.45,1.00
2016.09.13 13:46:45.163,0.76941,0.76951,1.20,1.00
2016.09.13 13:46:45.216,0.76943,0.76951,1.00,1.00
2016.09.13 13:46:47.357,0.76944,0.76953,1.00,2.47
2016.09.13 13:46:47.409,0.76944,0.76953,1.00,1.12
2016.09.13 13:46:47.461,0.76944,0.76954,1.10,1.00
2016.09.13 13:46:47.543,0.76946,0.76954,1.00,1.00
2016.09.13 13:46:48.164,0.76947,0.76956,1.00,1.50
2016.09.13 13:46:48.215,0.76947,0.76956,1.00,1.00
2016.09.13 13:46:48.471,0.76948,0.76956,1.00,1.12
2016.09.13 13:46:48.800,0.76949,0.76959,1.50,3.75
2016.09.13 13:46:48.853,0.7695,0.76959,1.00,1.37
2016.09.13 13:46:48.904,0.7695,0.7696,1.00,3.19
2016.09.13 13:46:48.955,0.7695,0.7696,1.00,2.44
2016.09.13 13:46:49.057,0.76952,0.76959,1.00,1.12
2016.09.13 13:46:49.159,0.76952,0.76959,1.00,1.00
2016.09.13 13:46:49.210,0.7695,0.7696,1.57,1.50
2016.09.13 13:46:49.466,0.7695,0.7696,1.57,1.37
2016.09.13 13:46:49.708,0.7695,0.7696,1.57,1.87
2016.09.13 13:46:51.866,0.7695,0.7696,1.95,1.50
2016.09.13 13:46:52.019,0.76952,0.7696,1.00,1.00
2016.09.13 13:46:52.172,0.76952,0.76959,1.00,1.12
2016.09.13 13:46:52.224,0.76952,0.76959,1.00,1.00
2016.09.13 13:46:52.462,0.76952,0.76958,1.00,1.12
2016.09.13 13:46:52.525,0.76947,0.76955,1.87,1.00
2016.09.13 13:46:52.576,0.76946,0.76955,1.57,1.00
2016.09.13 13:46:52.629,0.76946,0.76954,1.50,1.00
2016.09.13 13:46:52.713,0.76946,0.76954,1.00,1.00
2016.09.13 13:46:52.867,0.76945,0.76954,1.00,1.12
2016.09.13 13:46:52.970,0.76944,0.76954,1.00,2.10
2016.09.13 13:46:53.123,0.76944,0.76954,1.00,2.55
2016.09.13 13:46:53.174,0.76946,0.76954,1.00,1.20
2016.09.13 13:46:53.484,0.76945,0.76954,1.00,1.10
2016.09.13 13:46:53.587,0.76945,0.76954,1.00,1.57
2016.09.13 13:46:53.971,0.76945,0.76954,1.00,1.10
2016.09.13 13:46:54.328,0.76945,0.76955,1.00,2.32
2016.09.13 13:46:54.379,0.76945,0.76955,1.00,2.02
2016.09.13 13:46:54.431,0.76945,0.76955,1.00,1.95
2016.09.13 13:46:54.776,0.76945,0.76954,1.00,1.00
2016.09.13 13:46:54.986,0.76944,0.76954,1.50,1.50
2016.09.13 13:46:55.038,0.76944,0.76953,1.00,1.00
2016.09.13 13:46:55.140,0.76949,0.76954,1.00,1.00
2016.09.13 13:46:55.192,0.7695,0.76955,1.00,1.50
2016.09.13 13:46:55.243,0.76951,0.76955,1.00,1.12
2016.09.13 13:46:55.295,0.76952,0.76956,1.00,1.00
2016.09.13 13:46:55.802,0.76953,0.76957,1.00,1.00
2016.09.13 13:46:55.854,0.76953,0.76962,1.00,1.20
2016.09.13 13:46:56.009,0.76953,0.76962,1.00,1.10
2016.09.13 13:46:56.646,0.76955,0.76963,1.00,1.50
2016.09.13 13:46:56.698,0.76955,0.76963,1.00,1.50
2016.09.13 13:46:56.749,0.76955,0.76963,1.00,1.37
2016.09.13 13:46:56.931,0.76956,0.76964,1.00,1.69
2016.09.13 13:46:56.983,0.76956,0.76964,1.00,2.25
2016.09.13 13:46:57.086,0.76957,0.76964,1.00,1.87
2016.09.13 13:46:57.137,0.76957,0.76964,1.00,1.12
2016.09.13 13:46:57.188,0.76957,0.76964,1.00,1.00
2016.09.13 13:46:57.792,0.76958,0.76964,1.00,1.00
2016.09.13 13:46:58.057,0.76958,0.76966,1.00,1.57
2016.09.13 13:46:58.109,0.76958,0.76968,1.00,5.55
2016.09.13 13:46:58.160,0.76958,0.76968,1.00,4.05
2016.09.13 13:46:58.211,0.76958,0.76968,1.00,3.97
2016.09.13 13:46:58.313,0.76958,0.76968,1.00,3.22
2016.09.13 13:46:58.487,0.76958,0.76968,1.00,2.85
2016.09.13 13:46:58.539,0.76958,0.76968,1.00,2.47
2016.09.13 13:46:58.759,0.76958,0.76968,1.00,2.55
2016.09.13 13:46:58.810,0.76958,0.76968,1.00,2.92
2016.09.13 13:46:58.861,0.76958,0.76967,1.00,1.00
2016.09.13 13:46:59.017,0.76958,0.76967,1.00,1.50
2016.09.13 13:46:59.119,0.76956,0.76964,1.87,1.50
2016.09.13 13:46:59.258,0.76956,0.76964,1.37,1.50
2016.09.13 13:46:59.310,0.76954,0.76964,1.00,2.32
2016.09.13 13:46:59.363,0.76954,0.76964,1.00,2.70
2016.09.13 13:46:59.414,0.76953,0.76963,1.00,1.50
2016.09.13 13:46:59.618,0.76953,0.76963,1.00,2.25
2016.09.13 13:46:59.720,0.76953,0.76961,1.00,1.87
2016.09.13 13:46:59.772,0.76951,0.76961,1.50,2.32
2016.09.13 13:46:59.823,0.76951,0.76961,1.00,2.32
2016.09.13 13:47:00.159,0.76951,0.76961,1.00,2.40
2016.09.13 13:47:00.364,0.76952,0.76961,1.00,2.32
2016.09.13 13:47:01.111,0.76951,0.76961,1.00,2.32
2016.09.13 13:47:01.265,0.76951,0.76959,1.00,1.00
2016.09.13 13:47:01.749,0.76953,0.76959,1.00,1.12
2016.09.13 13:47:01.855,0.76952,0.76958,1.00,1.00
2016.09.13 13:47:01.958,0.76952,0.76958,1.00,1.10
2016.09.13 13:47:02.508,0.76951,0.76958,1.00,1.10
2016.09.13 13:47:02.759,0.76953,0.76959,1.00,1.50
2016.09.13 13:47:03.649,0.76953,0.76958,1.00,1.10
2016.09.13 13:47:03.813,0.76953,0.7696,1.00,1.50
2016.09.13 13:47:03.966,0.76953,0.76959,1.00,1.10
2016.09.13 13:47:04.017,0.76953,0.76959,1.00,1.47
2016.09.13 13:47:04.068,0.76953,0.76958,1.00,1.12
2016.09.13 13:47:04.420,0.76951,0.76958,1.00,1.12
2016.09.13 13:47:04.522,0.76951,0.76958,1.00,1.72
2016.09.13 13:47:04.573,0.76951,0.76955,1.00,1.00
2016.09.13 13:47:04.820,0.7695,0.76958,1.00,1.50
2016.09.13 13:47:05.159,0.7695,0.76958,1.00,1.00
2016.09.13 13:47:05.312,0.76949,0.76958,1.00,1.37
2016.09.13 13:47:05.363,0.76949,0.76957,1.00,1.12
2016.09.13 13:47:05.414,0.76949,0.76957,1.00,2.25
2016.09.13 13:47:05.586,0.76949,0.76957,1.00,2.32
2016.09.13 13:47:05.739,0.76947,0.76953,1.00,1.00
2016.09.13 13:47:05.841,0.76947,0.76953,1.00,1.00
2016.09.13 13:47:05.944,0.76947,0.76953,1.00,1.37
2016.09.13 13:47:05.997,0.76947,0.76953,1.00,1.75
2016.09.13 13:47:06.048,0.7695,0.76956,1.00,3.52
2016.09.13 13:47:06.099,0.7695,0.76956,1.00,1.20
2016.09.13 13:47:06.279,0.76952,0.76957,1.00,1.01
2016.09.13 13:47:06.331,0.76952,0.76959,1.00,1.39
2016.09.13 13:47:06.382,0.76952,0.76959,1.00,1.31
2016.09.13 13:47:06.534,0.7695,0.76959,1.00,1.31
2016.09.13 13:47:06.636,0.76952,0.76959,1.00,1.31
2016.09.13 13:47:06.738,0.76952,0.76959,1.00,1.19
2016.09.13 13:47:06.892,0.76952,0.76959,1.00,1.19
2016.09.13 13:47:07.129,0.76952,0.76959,1.00,1.00
2016.09.13 13:47:07.436,0.7695,0.76956,1.00,1.00
2016.09.13 13:47:07.640,0.76948,0.76956,1.00,1.12
2016.09.13 13:47:07.882,0.76947,0.76956,1.00,1.12
2016.09.13 13:47:08.187,0.7695,0.76956,1.00,1.12
2016.09.13 13:47:08.238,0.7695,0.76957,1.00,1.20
2016.09.13 13:47:08.290,0.76948,0.76957,1.00,1.20
2016.09.13 13:47:08.342,0.76949,0.76958,1.00,2.10
2016.09.13 13:47:08.393,0.76949,0.76958,1.00,1.10
2016.09.13 13:47:08.444,0.7695,0.76958,1.00,1.57
2016.09.13 13:47:08.626,0.76945,0.76955,2.44,1.00
2016.09.13 13:47:08.678,0.76945,0.76954,1.37,1.87
2016.09.13 13:47:08.729,0.76945,0.76954,1.00,1.95
2016.09.13 13:47:08.780,0.76945,0.76954,1.00,1.20
2016.09.13 13:47:08.933,0.76945,0.76953,1.00,1.37
2016.09.13 13:47:09.035,0.76945,0.76953,1.00,1.75
2016.09.13 13:47:09.469,0.76945,0.76952,1.00,1.50
2016.09.13 13:47:09.980,0.76944,0.76952,1.00,1.50
2016.09.13 13:47:10.309,0.76944,0.76954,1.00,2.70
2016.09.13 13:47:10.513,0.76945,0.76954,1.00,1.95
2016.09.13 13:47:10.565,0.76946,0.76954,1.00,1.07
2016.09.13 13:47:10.616,0.76946,0.76955,1.00,3.00
2016.09.13 13:47:10.667,0.76946,0.76955,1.00,1.50
2016.09.13 13:47:10.718,0.76946,0.76955,1.00,1.50
2016.09.13 13:47:10.771,0.76945,0.76955,1.00,2.25
2016.09.13 13:47:10.822,0.76945,0.76955,1.00,3.75
2016.09.13 13:47:10.873,0.76945,0.76954,1.00,1.87
2016.09.13 13:47:11.057,0.76944,0.76951,1.00,1.00
2016.09.13 13:47:11.603,0.76943,0.76951,1.00,1.00
2016.09.13 13:47:13.775,0.76943,0.76953,1.00,2.32
2016.09.13 13:47:13.826,0.76942,0.76952,1.00,1.10
2016.09.13 13:47:13.877,0.76942,0.7695,1.00,1.00
2016.09.13 13:47:13.981,0.76942,0.76951,1.00,1.47
2016.09.13 13:47:14.032,0.76942,0.76951,1.00,1.57
2016.09.13 13:47:14.084,0.76942,0.76951,1.00,1.20
2016.09.13 13:47:14.136,0.76942,0.76951,1.00,1.10
2016.09.13 13:47:14.464,0.76944,0.76952,1.00,1.12
2016.09.13 13:47:14.888,0.76943,0.76952,1.00,1.50
2016.09.13 13:47:14.939,0.76943,0.76952,1.00,1.87
2016.09.13 13:47:15.573,0.76943,0.76952,1.00,1.12
2016.09.13 13:47:15.728,0.76945,0.76952,1.00,1.00
2016.09.13 13:47:15.784,0.76945,0.76953,1.00,2.25
2016.09.13 13:47:15.836,0.76947,0.76953,1.00,1.50
2016.09.13 13:47:15.887,0.76947,0.76953,1.00,1.00
2016.09.13 13:47:16.084,0.76948,0.76956,1.00,3.75
2016.09.13 13:47:16.137,0.76949,0.76956,1.00,1.50
2016.09.13 13:47:16.544,0.76949,0.76958,1.00,1.12
2016.09.13 13:47:16.646,0.76949,0.76958,1.00,1.12
2016.09.13 13:47:16.852,0.7695,0.76958,1.00,1.12
2016.09.13 13:47:16.903,0.7695,0.76958,1.00,1.00
2016.09.13 13:47:17.265,0.76948,0.76958,1.00,2.62
2016.09.13 13:47:17.316,0.76946,0.76955,2.70,1.00
2016.09.13 13:47:17.367,0.76946,0.76954,1.10,2.25
2016.09.13 13:47:17.419,0.76946,0.76954,1.00,2.25
2016.09.13 13:47:17.593,0.76945,0.76953,1.00,1.57
2016.09.13 13:47:17.695,0.76945,0.76953,1.00,2.32
2016.09.13 13:47:18.001,0.76945,0.76953,1.00,1.95
2016.09.13 13:47:18.053,0.76945,0.76953,1.00,1.10
2016.09.13 13:47:18.604,0.76944,0.76953,1.00,1.50
2016.09.13 13:47:18.655,0.76944,0.76953,1.00,1.12
2016.09.13 13:47:19.247,0.76944,0.76952,1.00,1.20
2016.09.13 13:47:19.513,0.76944,0.76952,1.00,1.95
2016.09.13 13:47:19.615,0.76944,0.76952,1.00,2.25
2016.09.13 13:47:20.350,0.7694,0.76948,1.12,1.00
2016.09.13 13:47:20.502,0.76939,0.76948,1.57,1.00
2016.09.13 13:47:20.553,0.76939,0.7695,2.32,1.00
2016.09.13 13:47:20.604,0.76939,0.76949,1.57,1.00
2016.09.13 13:47:20.655,0.76938,0.76948,2.62,1.00
2016.09.13 13:47:20.707,0.76938,0.76948,2.25,1.00
2016.09.13 13:47:20.758,0.76938,0.76948,1.50,1.00
2016.09.13 13:47:21.065,0.76938,0.76948,1.12,1.00
2016.09.13 13:47:21.653,0.76938,0.76948,1.87,1.00
2016.09.13 13:47:21.805,0.76938,0.76948,1.95,1.00
2016.09.13 13:47:21.856,0.76938,0.76948,2.32,1.00
2016.09.13 13:47:22.459,0.76938,0.76948,2.25,1.00
2016.09.13 13:47:24.462,0.7694,0.76948,1.00,1.00
2016.09.13 13:47:24.619,0.76938,0.76948,2.32,1.00
2016.09.13 13:47:24.773,0.76938,0.76947,1.57,1.50
2016.09.13 13:47:24.876,0.76938,0.76947,1.50,1.50
2016.09.13 13:47:25.061,0.76938,0.76947,2.25,1.00
2016.09.13 13:47:25.174,0.76938,0.76948,2.25,1.50
2016.09.13 13:47:25.427,0.76939,0.76948,1.12,1.50
2016.09.13 13:47:25.681,0.76939,0.76948,1.12,1.00
2016.09.13 13:47:26.163,0.76941,0.76948,1.00,1.00
2016.09.13 13:47:26.330,0.76942,0.7695,1.00,1.50
2016.09.13 13:47:26.381,0.76942,0.7695,1.50,1.00
2016.09.13 13:47:26.432,0.76943,0.76951,1.00,1.00
2016.09.13 13:47:26.484,0.76944,0.76951,1.00,1.00
2016.09.13 13:47:26.586,0.76943,0.76951,1.50,1.50
2016.09.13 13:47:26.638,0.76943,0.76951,1.00,1.50
2016.09.13 13:47:27.274,0.76943,0.7695,1.00,1.00
2016.09.13 13:47:27.376,0.76942,0.7695,1.50,1.00
2016.09.13 13:47:27.580,0.76942,0.76951,1.00,1.00
2016.09.13 13:47:27.786,0.76941,0.7695,1.50,1.00
2016.09.13 13:47:27.889,0.76941,0.7695,1.00,1.00
2016.09.13 13:47:28.121,0.76941,0.7695,1.00,1.12
2016.09.13 13:47:28.224,0.76941,0.7695,1.00,1.00
2016.09.13 13:47:28.378,0.76941,0.76949,1.00,1.00
2016.09.13 13:47:28.481,0.76941,0.76949,1.00,1.00
2016.09.13 13:47:28.941,0.76941,0.7695,1.00,2.10
2016.09.13 13:47:29.777,0.76941,0.7695,1.50,1.00
2016.09.13 13:47:30.019,0.76943,0.76952,1.00,1.00
2016.09.13 13:47:30.071,0.76944,0.76953,1.10,1.50
2016.09.13 13:47:30.122,0.76944,0.76953,1.10,1.00
2016.09.13 13:47:30.173,0.76944,0.76954,1.00,2.70
2016.09.13 13:47:30.224,0.76944,0.76954,1.00,3.45
2016.09.13 13:47:30.275,0.76944,0.76954,1.00,2.70
2016.09.13 13:47:30.326,0.76944,0.76953,1.00,1.00
2016.09.13 13:47:30.378,0.76944,0.76955,1.00,3.45
2016.09.13 13:47:30.480,0.76944,0.76954,1.00,1.57
2016.09.13 13:47:30.616,0.76944,0.76953,1.00,1.12
2016.09.13 13:47:30.667,0.76943,0.76952,1.00,1.00
2016.09.13 13:47:30.922,0.76943,0.76952,1.00,1.12
2016.09.13 13:47:31.418,0.76945,0.76952,1.50,1.12
2016.09.13 13:47:31.469,0.76946,0.76954,1.00,1.12
2016.09.13 13:47:31.520,0.76946,0.76956,1.00,3.82
2016.09.13 13:47:31.571,0.76946,0.76956,1.00,1.57
2016.09.13 13:47:31.674,0.76946,0.76954,1.00,1.00
2016.09.13 13:47:31.828,0.76946,0.76954,1.00,1.12
2016.09.13 13:47:32.220,0.76944,0.7695,1.00,1.00
2016.09.13 13:47:32.323,0.76942,0.7695,1.00,1.00
2016.09.13 13:47:32.375,0.76942,0.7695,1.00,1.50
2016.09.13 13:47:33.205,0.76942,0.7695,1.00,1.87
2016.09.13 13:47:33.478,0.76942,0.76949,1.00,1.00
2016.09.13 13:47:33.580,0.76942,0.76949,1.00,1.12
2016.09.13 13:47:34.049,0.76942,0.76948,1.00,1.00
2016.09.13 13:47:34.739,0.7694,0.76948,1.50,1.00
2016.09.13 13:47:34.915,0.7694,0.76948,1.00,1.00
2016.09.13 13:47:34.966,0.76941,0.7695,1.00,2.25
2016.09.13 13:47:35.018,0.76939,0.76946,1.00,1.35
2016.09.13 13:47:35.069,0.76939,0.76944,1.00,1.00
2016.09.13 13:47:35.120,0.76935,0.76943,1.82,1.00
2016.09.13 13:47:35.171,0.76935,0.76941,1.45,1.00
2016.09.13 13:47:35.222,0.76934,0.7694,1.00,1.00
2016.09.13 13:47:35.274,0.76933,0.7694,1.50,1.00
2016.09.13 13:47:35.325,0.76933,0.76942,2.25,2.25
2016.09.13 13:47:35.376,0.76933,0.76942,1.12,2.25
2016.09.13 13:47:35.428,0.76933,0.76942,1.00,1.87
2016.09.13 13:47:35.593,0.76933,0.76942,1.00,1.12
2016.09.13 13:47:35.645,0.76933,0.76942,1.00,1.12
2016.09.13 13:47:35.748,0.76933,0.76941,1.00,1.10
2016.09.13 13:47:35.953,0.76933,0.76943,1.50,3.07
2016.09.13 13:47:36.117,0.76933,0.76943,1.50,3.45
2016.09.13 13:47:36.194,0.76933,0.76943,1.50,3.82
2016.09.13 13:47:36.385,0.76935,0.76943,1.00,3.07
2016.09.13 13:47:36.436,0.76935,0.76945,1.50,3.19
2016.09.13 13:47:36.487,0.76935,0.76943,1.00,1.10
2016.09.13 13:47:36.538,0.76933,0.76942,1.57,1.00
2016.09.13 13:47:36.590,0.76933,0.76942,1.85,1.00
2016.09.13 13:47:36.641,0.76932,0.76942,2.25,1.00
2016.09.13 13:47:36.693,0.76932,0.76942,1.87,1.00
2016.09.13 13:47:36.744,0.76932,0.76942,1.50,1.50
2016.09.13 13:47:36.795,0.76932,0.76942,1.50,1.87
2016.09.13 13:47:36.898,0.76932,0.76942,1.50,1.50
2016.09.13 13:47:36.949,0.76932,0.7694,1.50,1.00
2016.09.13 13:47:37.394,0.76932,0.7694,1.00,1.00
2016.09.13 13:47:37.671,0.76932,0.76942,1.00,1.50
2016.09.13 13:47:38.228,0.76932,0.76942,1.00,1.12
2016.09.13 13:47:38.926,0.76938,0.76944,1.00,1.50
2016.09.13 13:47:38.977,0.76936,0.76946,1.12,3.75
2016.09.13 13:47:39.029,0.76937,0.76946,1.87,1.45
2016.09.13 13:47:39.080,0.76937,0.76947,2.25,1.00
2016.09.13 13:47:39.132,0.76937,0.76947,3.00,1.00
2016.09.13 13:47:39.183,0.76938,0.76948,1.50,1.35
2016.09.13 13:47:39.285,0.76938,0.76948,1.50,1.00
2016.09.13 13:47:39.337,0.76938,0.76948,1.12,1.00
2016.09.13 13:47:39.388,0.76938,0.76948,1.00,1.00
2016.09.13 13:47:39.777,0.76937,0.76947,1.50,1.00
2016.09.13 13:47:40.002,0.76937,0.76947,1.00,1.00
2016.09.13 13:47:40.105,0.76937,0.76947,1.50,1.00
2016.09.13 13:47:40.306,0.76938,0.76948,1.00,1.00
2016.09.13 13:47:40.358,0.76939,0.76949,1.00,1.20
2016.09.13 13:47:40.409,0.76939,0.76949,1.50,1.20
2016.09.13 13:47:40.460,0.76939,0.76949,1.50,1.10
2016.09.13 13:47:40.658,0.76939,0.76949,2.25,1.00
2016.09.13 13:47:40.709,0.7694,0.7695,1.00,1.00
2016.09.13 13:47:40.811,0.7694,0.7695,1.10,1.00
2016.09.13 13:47:40.862,0.7694,0.7695,1.47,1.00
2016.09.13 13:47:40.914,0.7694,0.7695,1.57,1.00
2016.09.13 13:47:41.015,0.76942,0.7695,1.00,1.00
2016.09.13 13:47:41.537,0.76942,0.76951,1.00,1.00
2016.09.13 13:47:41.639,0.76941,0.76951,1.87,1.50
2016.09.13 13:47:42.302,0.76942,0.76951,1.00,1.00
2016.09.13 13:47:42.354,0.76942,0.76951,1.12,1.00
2016.09.13 13:47:42.939,0.76942,0.76951,1.20,1.00
2016.09.13 13:47:43.208,0.76941,0.7695,1.12,1.00
2016.09.13 13:47:43.463,0.76945,0.7695,1.00,1.12
2016.09.13 13:47:43.514,0.76946,0.76952,1.00,1.50
2016.09.13 13:47:43.571,0.76946,0.76952,1.50,1.50
2016.09.13 13:47:43.650,0.76947,0.76952,1.37,1.00
2016.09.13 13:47:43.888,0.76946,0.76952,1.00,1.00
2016.09.13 13:47:43.940,0.76944,0.76952,1.95,1.00
2016.09.13 13:47:43.992,0.76944,0.76952,1.50,1.00
2016.09.13 13:47:44.043,0.76944,0.76952,1.12,1.00
2016.09.13 13:47:44.096,0.76944,0.76952,1.00,1.00
2016.09.13 13:47:44.249,0.76943,0.76951,1.87,1.00
2016.09.13 13:47:44.403,0.76943,0.76953,2.25,1.00
2016.09.13 13:47:44.457,0.76944,0.76954,1.12,1.00
2016.09.13 13:47:44.698,0.76944,0.76954,2.25,1.00
2016.09.13 13:47:44.850,0.76946,0.76956,1.12,1.69
2016.09.13 13:47:44.901,0.76944,0.76954,3.00,1.00
2016.09.13 13:47:44.952,0.76944,0.76954,2.25,1.00
2016.09.13 13:47:45.004,0.76946,0.76956,1.12,1.69
2016.09.13 13:47:45.055,0.76947,0.76956,1.12,1.50
2016.09.13 13:47:45.106,0.76947,0.76956,1.12,1.00
2016.09.13 13:47:45.259,0.76947,0.76957,1.87,1.00
2016.09.13 13:47:45.484,0.76949,0.76957,1.00,1.00
2016.09.13 13:47:45.536,0.76949,0.76957,1.50,1.00
2016.09.13 13:47:46.017,0.76949,0.76957,1.00,1.00
2016.09.13 13:47:46.545,0.7695,0.76958,1.37,1.00
2016.09.13 13:47:46.596,0.7695,0.7696,1.87,1.50
2016.09.13 13:47:46.648,0.76952,0.76961,1.00,1.00
2016.09.13 13:47:46.955,0.76952,0.76961,1.12,1.00
2016.09.13 13:47:47.159,0.76951,0.7696,1.50,1.00
2016.09.13 13:47:47.210,0.76951,0.7696,1.12,1.00
2016.09.13 13:47:47.732,0.7695,0.7696,1.87,1.00
2016.09.13 13:47:48.047,0.76951,0.76961,1.12,1.10
2016.09.13 13:47:48.436,0.76952,0.76961,1.00,1.10
2016.09.13 13:47:48.950,0.76951,0.76961,1.87,1.10
2016.09.13 13:47:49.333,0.76951,0.76961,1.12,1.57
2016.09.13 13:47:49.486,0.7695,0.7696,1.87,1.00
2016.09.13 13:47:49.929,0.7695,0.7696,1.87,1.50
2016.09.13 13:47:51.540,0.76948,0.76956,4.57,1.00
2016.09.13 13:47:51.591,0.76948,0.76954,1.85,1.00
2016.09.13 13:47:51.642,0.76947,0.76954,3.00,1.00
2016.09.13 13:47:51.694,0.76944,0.76954,2.25,1.00
2016.09.13 13:47:51.745,0.76944,0.76954,1.87,1.00
2016.09.13 13:47:51.796,0.76946,0.76954,1.00,1.00
2016.09.13 13:47:51.898,0.76947,0.76955,1.00,1.10
2016.09.13 13:47:51.949,0.76947,0.76957,1.00,2.14
2016.09.13 13:47:52.000,0.76947,0.76957,1.00,1.50
2016.09.13 13:47:52.151,0.76947,0.76957,1.00,1.12
2016.09.13 13:47:52.203,0.76948,0.76958,1.12,1.00
2016.09.13 13:47:52.254,0.76947,0.76957,1.37,1.00
2016.09.13 13:47:52.407,0.76947,0.76957,1.50,1.00
2016.09.13 13:47:53.094,0.76948,0.76957,1.00,1.00
2016.09.13 13:47:53.145,0.76947,0.76957,1.50,1.00
2016.09.13 13:47:54.403,0.76948,0.76957,1.00,1.00
2016.09.13 13:47:54.454,0.76948,0.76957,1.50,1.00
2016.09.13 13:47:54.505,0.76949,0.76959,1.00,1.00
2016.09.13 13:47:54.556,0.7695,0.7696,1.00,1.57
2016.09.13 13:47:54.607,0.7695,0.7696,1.00,1.50
2016.09.13 13:47:54.659,0.76949,0.76959,2.81,1.00
2016.09.13 13:47:54.711,0.7695,0.7696,1.00,1.50
2016.09.13 13:47:54.891,0.7695,0.76958,1.00,1.00
2016.09.13 13:47:54.973,0.76949,0.76957,1.50,1.00
2016.09.13 13:47:55.077,0.76948,0.76956,1.20,1.00
2016.09.13 13:47:55.180,0.76948,0.76956,1.10,1.00
2016.09.13 13:47:55.748,0.76948,0.76958,1.10,1.37
2016.09.13 13:47:55.799,0.76948,0.76958,1.57,1.37
2016.09.13 13:47:56.716,0.76948,0.76958,1.95,1.00
2016.09.13 13:47:56.768,0.7695,0.76958,1.25,1.00
2016.09.13 13:47:57.126,0.7695,0.7696,1.25,1.00
2016.09.13 13:47:57.228,0.76951,0.76961,1.00,1.12
2016.09.13 13:47:57.280,0.76951,0.76961,1.00,1.37
2016.09.13 13:47:57.332,0.76951,0.76961,1.00,1.50
2016.09.13 13:47:57.462,0.76951,0.7696,1.00,1.00
2016.09.13 13:47:57.514,0.76952,0.76961,1.00,2.25
2016.09.13 13:47:57.566,0.76952,0.76961,1.00,1.75
2016.09.13 13:47:57.617,0.76952,0.76961,1.00,1.37
2016.09.13 13:47:57.675,0.76952,0.76961,1.00,1.12
2016.09.13 13:47:58.330,0.76951,0.76959,1.00,1.00
2016.09.13 13:47:58.483,0.76949,0.76959,1.65,1.00
2016.09.13 13:47:58.686,0.7695,0.76959,1.00,1.00
2016.09.13 13:47:58.841,0.7695,0.76958,1.00,1.00
2016.09.13 13:47:59.365,0.76949,0.76958,1.00,1.00
2016.09.13 13:47:59.805,0.76948,0.76956,1.10,1.00
2016.09.13 13:48:00.835,0.76949,0.76956,1.00,1.00
2016.09.13 13:48:01.997,0.76948,0.76956,1.57,1.00
2016.09.13 13:48:02.099,0.76949,0.76956,1.00,1.00
2016.09.13 13:48:02.541,0.76948,0.76956,1.57,1.00
2016.09.13 13:48:02.602,0.76945,0.76955,3.19,1.00
2016.09.13 13:48:02.667,0.76945,0.76954,1.31,1.50
2016.09.13 13:48:02.718,0.76945,0.76954,1.22,1.50
2016.09.13 13:48:02.769,0.76944,0.76954,2.25,1.50
2016.09.13 13:48:02.820,0.76944,0.76954,1.87,1.50
2016.09.13 13:48:03.075,0.76944,0.76954,1.87,1.00
2016.09.13 13:48:03.126,0.76944,0.76954,1.12,1.00
2016.09.13 13:48:03.298,0.76944,0.76954,1.12,1.50
2016.09.13 13:48:03.503,0.76944,0.76954,1.87,1.50
2016.09.13 13:48:03.708,0.76945,0.76954,1.10,1.50
2016.09.13 13:48:03.759,0.76946,0.76954,1.00,1.50
2016.09.13 13:48:03.862,0.76946,0.76954,1.00,1.00
2016.09.13 13:48:03.913,0.76946,0.76954,1.00,1.00
2016.09.13 13:48:04.137,0.76944,0.76954,1.87,1.00
2016.09.13 13:48:04.516,0.76944,0.76952,1.87,1.00
2016.09.13 13:48:04.669,0.76944,0.76951,1.12,1.00
2016.09.13 13:48:04.721,0.76943,0.7695,1.47,1.50
2016.09.13 13:48:04.772,0.76943,0.76949,1.37,1.00
2016.09.13 13:48:04.937,0.76942,0.7695,1.87,1.50
2016.09.13 13:48:04.988,0.76941,0.76946,1.50,1.00
2016.09.13 13:48:05.039,0.76941,0.76946,1.00,1.00
2016.09.13 13:48:05.091,0.7694,0.76946,1.50,1.00
2016.09.13 13:48:05.142,0.76941,0.76946,1.00,1.00
2016.09.13 13:48:05.244,0.76938,0.76946,3.37,1.00
2016.09.13 13:48:05.295,0.76937,0.76945,2.62,1.00
2016.09.13 13:48:05.346,0.76936,0.76945,1.57,1.00
2016.09.13 13:48:05.448,0.76936,0.76945,1.20,1.00
2016.09.13 13:48:05.734,0.76938,0.76945,1.12,1.00
2016.09.13 13:48:05.787,0.76938,0.76948,2.06,1.20
2016.09.13 13:48:05.838,0.76938,0.76948,2.44,1.12
2016.09.13 13:48:05.889,0.76938,0.76947,1.69,1.00
2016.09.13 13:48:05.943,0.76939,0.76947,1.00,1.00
2016.09.13 13:48:06.045,0.76939,0.76946,1.12,1.00
2016.09.13 13:48:06.147,0.76939,0.76948,1.00,1.00
2016.09.13 13:48:06.335,0.76939,0.76947,1.12,1.00
2016.09.13 13:48:06.387,0.76939,0.76947,1.50,1.00
2016.09.13 13:48:06.438,0.76939,0.76947,1.00,1.00
2016.09.13 13:48:06.966,0.76939,0.76945,1.00,1.00
2016.09.13 13:48:07.146,0.76937,0.76945,1.50,1.00
2016.09.13 13:48:07.299,0.76937,0.76945,1.00,1.00
2016.09.13 13:48:07.706,0.76936,0.76944,1.57,1.00
2016.09.13 13:48:07.822,0.76936,0.76944,1.10,1.00
2016.09.13 13:48:08.694,0.76935,0.76944,1.57,1.00
2016.09.13 13:48:08.746,0.76933,0.76943,4.69,1.00
2016.09.13 13:48:08.798,0.76933,0.76943,3.19,1.00
2016.09.13 13:48:08.850,0.76932,0.76942,3.07,1.00
2016.09.13 13:48:08.901,0.76934,0.76942,1.00,1.00
2016.09.13 13:48:09.048,0.76937,0.76942,1.00,1.00
2016.09.13 13:48:09.105,0.76937,0.76946,1.00,1.57
2016.09.13 13:48:09.157,0.76937,0.76946,1.12,1.00
2016.09.13 13:48:09.260,0.76937,0.76946,1.12,1.50
2016.09.13 13:48:09.311,0.76937,0.76946,1.00,1.87
2016.09.13 13:48:09.363,0.76937,0.76946,1.00,2.62
2016.09.13 13:48:09.415,0.76937,0.76946,1.00,2.25
2016.09.13 13:48:09.466,0.76937,0.76946,1.10,2.25
2016.09.13 13:48:09.518,0.76937,0.76946,1.20,2.62
2016.09.13 13:48:09.755,0.76937,0.76946,1.20,1.50
2016.09.13 13:48:09.807,0.76937,0.76946,1.20,2.25
2016.09.13 13:48:09.960,0.76937,0.76946,1.10,2.25
2016.09.13 13:48:10.061,0.76937,0.76946,1.10,1.50
2016.09.13 13:48:10.214,0.76937,0.76946,1.57,1.00
2016.09.13 13:48:10.317,0.76938,0.76945,1.00,1.00
2016.09.13 13:48:10.833,0.76938,0.76946,1.50,1.00
2016.09.13 13:48:10.940,0.7694,0.76948,1.00,1.00
2016.09.13 13:48:11.245,0.76941,0.76949,1.00,2.25
2016.09.13 13:48:11.296,0.76941,0.76949,1.00,1.12
2016.09.13 13:48:11.347,0.76941,0.76949,1.00,1.00
2016.09.13 13:48:11.398,0.76941,0.7695,1.00,1.87
2016.09.13 13:48:11.563,0.7694,0.76949,1.00,1.00
2016.09.13 13:48:11.614,0.76942,0.76949,1.00,1.10
2016.09.13 13:48:11.665,0.76942,0.76949,1.00,1.65
2016.09.13 13:48:11.717,0.76942,0.7695,1.00,6.00
2016.09.13 13:48:11.869,0.76942,0.7695,1.00,6.75
2016.09.13 13:48:11.920,0.76942,0.76949,1.00,1.57
2016.09.13 13:48:11.971,0.76942,0.76949,1.00,1.87
2016.09.13 13:48:12.074,0.76942,0.76949,1.00,2.62
2016.09.13 13:48:12.125,0.76942,0.76949,1.00,2.25
2016.09.13 13:48:12.287,0.7694,0.76949,1.00,2.25
2016.09.13 13:48:13.039,0.76942,0.76949,1.00,2.25
2016.09.13 13:48:13.090,0.76942,0.76949,1.00,1.82
2016.09.13 13:48:13.244,0.76942,0.7695,1.00,4.12
2016.09.13 13:48:13.459,0.76942,0.7695,1.00,4.50
2016.09.13 13:48:13.645,0.76942,0.7695,1.00,3.00
2016.09.13 13:48:13.718,0.76944,0.7695,1.50,1.37
2016.09.13 13:48:13.769,0.76946,0.76953,1.00,1.00
2016.09.13 13:48:13.871,0.76946,0.76953,1.00,1.12
2016.09.13 13:48:13.974,0.76946,0.76953,1.00,1.00
2016.09.13 13:48:14.025,0.76945,0.76953,1.00,1.87
2016.09.13 13:48:14.127,0.76945,0.76953,1.00,1.12
2016.09.13 13:48:14.178,0.76945,0.76953,1.00,1.12
2016.09.13 13:48:14.229,0.76945,0.76953,1.00,1.20
2016.09.13 13:48:14.280,0.76945,0.76953,1.00,1.57
2016.09.13 13:48:14.332,0.76944,0.76952,1.00,1.10
2016.09.13 13:48:14.468,0.76943,0.76951,1.00,2.70
2016.09.13 13:48:14.521,0.76941,0.76951,1.00,3.45
2016.09.13 13:48:14.572,0.76941,0.76951,1.00,4.57
2016.09.13 13:48:14.623,0.76941,0.7695,1.00,1.57
2016.09.13 13:48:14.776,0.76941,0.7695,1.00,1.95
2016.09.13 13:48:14.827,0.76941,0.76949,1.00,1.12
2016.09.13 13:48:15.030,0.76941,0.76949,1.00,1.37
2016.09.13 13:48:15.081,0.76941,0.76949,1.00,1.50
2016.09.13 13:48:15.358,0.76941,0.76949,1.00,1.50
2016.09.13 13:48:15.591,0.76941,0.76949,1.00,2.25
2016.09.13 13:48:15.795,0.76942,0.76949,1.00,1.50
2016.09.13 13:48:15.847,0.76942,0.7695,1.00,1.57
2016.09.13 13:48:15.951,0.76942,0.7695,1.00,1.10
2016.09.13 13:48:16.003,0.7694,0.7695,1.37,1.57
2016.09.13 13:48:16.055,0.7694,0.7695,1.50,1.00
2016.09.13 13:48:16.106,0.76938,0.76948,4.95,1.00
2016.09.13 13:48:16.269,0.76938,0.76948,1.57,1.57
2016.09.13 13:48:16.321,0.76938,0.76946,1.00,1.00
2016.09.13 13:48:16.831,0.76936,0.76946,1.00,1.00
2016.09.13 13:48:17.317,0.76936,0.76946,1.12,1.00
2016.09.13 13:48:17.470,0.76936,0.76944,1.00,1.00
2016.09.13 13:48:17.979,0.76935,0.76943,1.00,1.00
2016.09.13 13:48:18.132,0.76936,0.76945,1.00,1.20
2016.09.13 13:48:18.283,0.76936,0.76946,1.50,2.32
2016.09.13 13:48:18.344,0.76934,0.76944,1.87,1.50
2016.09.13 13:48:18.395,0.76934,0.76944,2.32,1.50
2016.09.13 13:48:18.446,0.76935,0.76942,1.00,1.00
2016.09.13 13:48:18.498,0.76934,0.76943,1.00,1.10
2016.09.13 13:48:18.549,0.76934,0.76943,1.00,1.20
2016.09.13 13:48:18.651,0.76933,0.76943,1.31,1.20
2016.09.13 13:48:18.702,0.76933,0.76943,1.12,1.50
2016.09.13 13:48:18.857,0.76934,0.76944,1.00,2.70
2016.09.13 13:48:19.082,0.76934,0.76942,1.50,1.00
2016.09.13 13:48:19.136,0.76934,0.76942,1.00,1.00
2016.09.13 13:48:19.547,0.76932,0.7694,1.50,1.00
2016.09.13 13:48:19.743,0.76932,0.7694,1.00,1.00
2016.09.13 13:48:20.153,0.76932,0.7694,1.50,1.00
2016.09.13 13:48:20.255,0.76932,0.7694,1.00,1.00
2016.09.13 13:48:20.306,0.7693,0.7694,1.12,1.00
2016.09.13 13:48:20.754,0.76931,0.7694,1.00,1.00
2016.09.13 13:48:21.377,0.76931,0.7694,1.00,1.00
2016.09.13 13:48:21.583,0.7693,0.76939,1.12,1.10
2016.09.13 13:48:21.635,0.7693,0.7694,1.87,2.25
2016.09.13 13:48:21.788,0.76931,0.76939,1.00,1.10
2016.09.13 13:48:21.840,0.76931,0.7694,1.00,1.50
2016.09.13 13:48:21.893,0.76931,0.76941,1.50,1.57
2016.09.13 13:48:21.997,0.76931,0.76941,2.25,1.20
2016.09.13 13:48:22.049,0.76931,0.76941,1.50,1.12
2016.09.13 13:48:22.102,0.76931,0.76939,1.50,1.00
2016.09.13 13:48:22.153,0.76931,0.76939,1.37,1.00
2016.09.13 13:48:22.205,0.76931,0.76939,1.12,1.00
2016.09.13 13:48:22.397,0.76931,0.76939,1.00,1.00
2016.09.13 13:48:22.448,0.76931,0.76941,1.00,1.57
2016.09.13 13:48:22.717,0.7693,0.7694,1.12,1.10
2016.09.13 13:48:22.768,0.7693,0.7694,1.87,1.10
2016.09.13 13:48:22.871,0.7693,0.7694,1.50,1.20
2016.09.13 13:48:23.304,0.76931,0.76941,1.00,1.20
2016.09.13 13:48:23.356,0.76931,0.76941,1.00,1.12
2016.09.13 13:48:23.458,0.76931,0.76941,1.00,1.10
2016.09.13 13:48:23.510,0.7693,0.7694,2.44,1.00
2016.09.13 13:48:23.561,0.7693,0.7694,2.44,1.50
2016.09.13 13:48:23.683,0.7693,0.7694,2.25,1.50
2016.09.13 13:48:23.785,0.7693,0.7694,1.00,1.50
2016.09.13 13:48:23.836,0.7693,0.7694,1.00,1.00
2016.09.13 13:48:23.887,0.7693,0.7694,1.12,1.00
2016.09.13 13:48:24.135,0.7693,0.7694,1.00,1.00
2016.09.13 13:48:24.186,0.76932,0.76941,1.00,1.10
2016.09.13 13:48:24.238,0.76929,0.76938,1.57,1.00
2016.09.13 13:48:24.289,0.7693,0.76938,1.12,1.00
2016.09.13 13:48:24.392,0.76928,0.76938,1.50,1.00
2016.09.13 13:48:24.495,0.76928,0.76936,1.37,1.00
2016.09.13 13:48:24.546,0.7693,0.76938,1.00,1.00
2016.09.13 13:48:24.727,0.7693,0.76938,1.00,1.10
2016.09.13 13:48:24.783,0.7693,0.76938,1.00,1.00
2016.09.13 13:48:25.622,0.7693,0.76938,1.37,1.00
2016.09.13 13:48:26.100,0.7693,0.7694,2.62,1.20
2016.09.13 13:48:26.203,0.7693,0.7694,2.25,1.20
2016.09.13 13:48:26.385,0.76931,0.7694,1.50,1.10
2016.09.13 13:48:26.437,0.76933,0.76943,1.00,1.75
2016.09.13 13:48:26.539,0.76933,0.76941,1.00,1.00
2016.09.13 13:48:26.641,0.76933,0.76941,1.12,1.00
2016.09.13 13:48:26.743,0.76931,0.76941,1.87,1.10
2016.09.13 13:48:26.845,0.76933,0.76943,1.00,2.62
2016.09.13 13:48:26.897,0.76932,0.76942,1.00,1.12
2016.09.13 13:48:27.084,0.76932,0.76942,3.07,1.00
2016.09.13 13:48:27.137,0.76932,0.76942,2.32,1.00
2016.09.13 13:48:27.189,0.76932,0.76942,1.87,1.00
2016.09.13 13:48:27.343,0.76933,0.76943,1.00,1.10
2016.09.13 13:48:27.395,0.76933,0.76943,1.12,1.10
2016.09.13 13:48:27.446,0.76933,0.76943,2.25,1.10
2016.09.13 13:48:27.549,0.76932,0.76942,2.25,1.00
2016.09.13 13:48:27.601,0.76934,0.76943,1.12,1.10
2016.09.13 13:48:27.653,0.76934,0.76942,1.12,1.00
2016.09.13 13:48:27.874,0.76932,0.7694,1.00,1.00
2016.09.13 13:48:28.485,0.76931,0.76939,1.12,1.00
2016.09.13 13:48:28.629,0.76931,0.76939,1.12,1.50
2016.09.13 13:48:28.685,0.7693,0.76938,1.00,1.00
2016.09.13 13:48:29.043,0.76931,0.7694,1.00,1.00
2016.09.13 13:48:29.094,0.76933,0.76941,1.00,1.57
2016.09.13 13:48:29.336,0.76933,0.76941,1.00,1.20
2016.09.13 13:48:29.392,0.76931,0.76941,1.00,1.20
2016.09.13 13:48:29.597,0.76931,0.7694,1.00,1.00
2016.09.13 13:48:29.649,0.7693,0.7694,1.00,1.50
2016.09.13 13:48:29.700,0.7693,0.7694,1.00,2.06
2016.09.13 13:48:29.752,0.7693,0.7694,1.00,3.56
2016.09.13 13:48:29.803,0.7693,0.7694,1.00,3.94
2016.09.13 13:48:29.854,0.76929,0.76937,1.50,1.00
2016.09.13 13:48:29.905,0.76929,0.76937,1.00,1.00
2016.09.13 13:48:30.007,0.76929,0.76937,1.00,1.50
2016.09.13 13:48:30.058,0.76929,0.76936,1.00,1.00
2016.09.13 13:48:30.248,0.76927,0.76935,1.00,1.12
2016.09.13 13:48:30.353,0.76927,0.76935,1.00,1.20
2016.09.13 13:48:30.506,0.76926,0.76934,1.25,1.00
2016.09.13 13:48:30.558,0.76925,0.76933,1.19,1.00
2016.09.13 13:48:30.660,0.76925,0.76933,1.19,1.12
2016.09.13 13:48:30.763,0.76925,0.76934,1.19,1.57
2016.09.13 13:48:30.814,0.76928,0.76934,1.00,1.57
2016.09.13 13:48:31.002,0.76929,0.76937,1.00,1.35
2016.09.13 13:48:31.054,0.76928,0.76938,1.00,2.62
2016.09.13 13:48:31.156,0.76928,0.76938,1.00,1.95
2016.09.13 13:48:31.207,0.76928,0.76938,1.00,2.32
2016.09.13 13:48:31.696,0.76928,0.76938,1.00,1.95
2016.09.13 13:48:31.850,0.76928,0.76938,1.00,2.70
2016.09.13 13:48:31.901,0.76928,0.76938,1.00,3.07
2016.09.13 13:48:32.138,0.76929,0.76938,1.00,2.32
2016.09.13 13:48:32.195,0.76929,0.76938,1.00,1.20
2016.09.13 13:48:32.246,0.76929,0.76939,1.00,1.87
2016.09.13 13:48:32.298,0.76931,0.76939,1.00,1.87
2016.09.13 13:48:32.350,0.76931,0.76939,1.00,1.50
2016.09.13 13:48:32.401,0.76929,0.76939,1.00,1.50
2016.09.13 13:48:32.529,0.76929,0.76937,1.00,1.00
2016.09.13 13:48:32.580,0.76929,0.76939,1.12,1.50
2016.09.13 13:48:32.682,0.76928,0.76939,1.37,1.50
2016.09.13 13:48:32.752,0.76928,0.76938,1.37,1.00
2016.09.13 13:48:32.804,0.76927,0.76936,1.87,1.00
2016.09.13 13:48:32.855,0.76926,0.76936,1.10,1.12
2016.09.13 13:48:32.906,0.76925,0.76935,1.20,1.50
2016.09.13 13:48:32.958,0.76924,0.76934,1.12,1.12
2016.09.13 13:48:33.009,0.76924,0.76934,1.00,1.50
2016.09.13 13:48:33.112,0.76924,0.76934,1.00,1.87
2016.09.13 13:48:33.350,0.76924,0.76934,1.00,1.50
2016.09.13 13:48:33.452,0.76924,0.76934,1.00,2.62
2016.09.13 13:48:33.503,0.76924,0.76933,1.00,1.10
2016.09.13 13:48:33.554,0.76923,0.76933,1.00,1.57
2016.09.13 13:48:33.997,0.76923,0.76933,1.00,1.10
2016.09.13 13:48:34.048,0.76926,0.76934,1.00,2.62
2016.09.13 13:48:34.099,0.76926,0.76934,1.00,2.25
2016.09.13 13:48:34.150,0.76927,0.76934,1.00,1.50
2016.09.13 13:48:34.201,0.76927,0.76934,1.00,1.00
2016.09.13 13:48:34.252,0.76927,0.76935,1.00,1.57
2016.09.13 13:48:34.507,0.76927,0.76934,1.00,1.00
2016.09.13 13:48:34.558,0.76925,0.76935,1.00,1.57
2016.09.13 13:48:34.609,0.76925,0.76933,1.00,1.00
2016.09.13 13:48:34.743,0.76925,0.76932,1.00,1.00
2016.09.13 13:48:34.795,0.7692,0.76927,2.62,1.00
2016.09.13 13:48:34.898,0.76919,0.76926,1.37,1.00
2016.09.13 13:48:35.000,0.76919,0.76928,1.87,1.00
2016.09.13 13:48:35.102,0.76919,0.76926,1.50,1.00
2016.09.13 13:48:35.440,0.76919,0.76927,2.25,1.00
2016.09.13 13:48:35.491,0.76919,0.76927,1.00,1.00
2016.09.13 13:48:35.901,0.76917,0.76926,1.76,1.00
2016.09.13 13:48:36.139,0.76915,0.76924,2.70,1.00
2016.09.13 13:48:36.196,0.76915,0.76923,2.25,1.00
2016.09.13 13:48:36.248,0.76915,0.76923,1.50,1.00
2016.09.13 13:48:36.300,0.76914,0.76923,1.47,1.00
2016.09.13 13:48:36.404,0.76914,0.76923,1.20,1.00
2016.09.13 13:48:36.608,0.76914,0.76923,1.10,1.00
2016.09.13 13:48:37.259,0.76914,0.76922,1.10,1.00
2016.09.13 13:48:37.812,0.76914,0.76923,1.10,1.00
2016.09.13 13:48:37.896,0.76914,0.76923,1.20,1.00
2016.09.13 13:48:38.105,0.76914,0.76921,1.57,1.00
2016.09.13 13:48:38.156,0.76914,0.76922,2.25,1.00
2016.09.13 13:48:38.207,0.76914,0.76922,1.87,1.00
2016.09.13 13:48:38.310,0.76914,0.76922,1.50,1.00
2016.09.13 13:48:38.371,0.76914,0.76922,1.10,1.00
2016.09.13 13:48:38.910,0.76914,0.76921,1.10,1.00
2016.09.13 13:48:38.961,0.76914,0.76921,1.00,1.00
2016.09.13 13:48:39.577,0.76913,0.76921,1.12,1.00
2016.09.13 13:48:40.312,0.76913,0.76921,1.37,1.00
2016.09.13 13:48:40.652,0.76911,0.76919,3.00,1.00
2016.09.13 13:48:40.703,0.76909,0.76918,3.07,1.00
2016.09.13 13:48:40.754,0.76909,0.76918,1.85,1.00
2016.09.13 13:48:40.806,0.76909,0.76918,1.12,1.00
2016.09.13 13:48:40.908,0.76909,0.76918,1.00,1.00
2016.09.13 13:48:41.010,0.76911,0.76919,1.50,1.00
2016.09.13 13:48:41.198,0.76912,0.76919,1.00,1.00
2016.09.13 13:48:41.250,0.76911,0.76918,2.32,1.00
2016.09.13 13:48:41.352,0.76911,0.76918,1.00,1.00
2016.09.13 13:48:41.877,0.76909,0.76919,1.95,1.00
2016.09.13 13:48:41.930,0.76909,0.76917,1.57,1.00
2016.09.13 13:48:42.083,0.7691,0.76918,1.00,1.00
2016.09.13 13:48:42.134,0.7691,0.76918,1.00,1.00
2016.09.13 13:48:42.237,0.76909,0.76916,1.12,1.00
2016.09.13 13:48:42.288,0.76909,0.76916,1.12,1.00
2016.09.13 13:48:42.339,0.76907,0.76916,1.75,1.00
2016.09.13 13:48:42.479,0.76907,0.76916,1.12,1.00
2016.09.13 13:48:42.530,0.76911,0.76918,1.00,1.00
2016.09.13 13:48:42.633,0.76911,0.76918,1.12,1.00
2016.09.13 13:48:42.690,0.76911,0.76918,1.20,1.00
2016.09.13 13:48:42.814,0.76911,0.76918,1.12,1.00
2016.09.13 13:48:43.145,0.76911,0.7692,1.12,1.00
2016.09.13 13:48:43.321,0.7691,0.7692,2.25,1.00
2016.09.13 13:48:43.372,0.7691,0.7692,2.25,1.00
2016.09.13 13:48:43.474,0.76911,0.76921,1.12,1.12
2016.09.13 13:48:43.855,0.76911,0.76921,1.87,1.12
2016.09.13 13:48:43.961,0.76911,0.7692,1.12,1.00
2016.09.13 13:48:44.012,0.76911,0.76918,1.87,1.00
2016.09.13 13:48:44.268,0.76911,0.76919,1.12,1.00
2016.09.13 13:48:44.319,0.76909,0.76919,2.32,1.00
2016.09.13 13:48:44.370,0.76909,0.76918,1.87,1.00
2016.09.13 13:48:44.421,0.76908,0.76916,1.57,1.00
2016.09.13 13:48:44.617,0.76908,0.76916,1.20,1.00
2016.09.13 13:48:44.688,0.76908,0.76916,1.00,1.00
2016.09.13 13:48:45.151,0.76907,0.76916,1.00,1.00
2016.09.13 13:48:45.255,0.76906,0.76916,2.02,1.19
2016.09.13 13:48:45.416,0.76906,0.76916,1.27,1.19
2016.09.13 13:48:45.467,0.76906,0.76916,1.20,1.19
2016.09.13 13:48:45.569,0.76906,0.76916,1.20,1.19
2016.09.13 13:48:45.621,0.76907,0.76917,1.50,1.19
2016.09.13 13:48:45.672,0.76907,0.76917,1.50,1.25
2016.09.13 13:48:45.723,0.76908,0.76918,1.12,1.69
2016.09.13 13:48:45.825,0.76908,0.76918,1.00,1.31
2016.09.13 13:48:45.876,0.76908,0.76918,1.00,1.19
2016.09.13 13:48:45.979,0.76909,0.76919,1.00,1.19
2016.09.13 13:48:46.031,0.76909,0.76919,1.12,1.19
2016.09.13 13:48:46.084,0.76907,0.76917,3.07,1.25
2016.09.13 13:48:46.248,0.76908,0.76917,1.75,1.25
2016.09.13 13:48:46.304,0.76909,0.76917,1.12,1.25
2016.09.13 13:48:46.407,0.76909,0.76915,1.50,1.00
2016.09.13 13:48:46.561,0.76909,0.76918,1.50,1.25
2016.09.13 13:48:46.612,0.76909,0.76917,1.50,1.00
2016.09.13 13:48:47.051,0.76909,0.76917,1.12,1.00
2016.09.13 13:48:47.153,0.76908,0.76917,1.95,1.00
2016.09.13 13:48:47.744,0.76909,0.76917,1.12,1.00
2016.09.13 13:48:47.846,0.76908,0.76916,1.95,1.00
2016.09.13 13:48:48.005,0.76908,0.76916,1.65,1.00
2016.09.13 13:48:48.056,0.76908,0.76917,1.57,1.00
2016.09.13 13:48:48.788,0.7691,0.76918,1.00,1.25
2016.09.13 13:48:48.840,0.7691,0.76918,2.25,1.25
2016.09.13 13:48:48.942,0.7691,0.76918,1.50,1.25
2016.09.13 13:48:48.994,0.76909,0.76918,2.40,1.25
2016.09.13 13:48:49.096,0.7691,0.76918,1.50,1.25
2016.09.13 13:48:49.147,0.76912,0.7692,1.00,1.19
2016.09.13 13:48:49.301,0.76915,0.76923,1.00,1.00
2016.09.13 13:48:49.490,0.76918,0.76925,3.00,1.50
2016.09.13 13:48:49.551,0.76919,0.76925,1.95,1.37
2016.09.13 13:48:49.603,0.7692,0.76925,1.50,1.37
2016.09.13 13:48:49.654,0.7692,0.76929,3.00,1.25
2016.09.13 13:48:49.705,0.7692,0.76929,3.00,1.25
2016.09.13 13:48:49.756,0.7692,0.76928,2.62,1.00
2016.09.13 13:48:50.165,0.7692,0.76928,1.87,1.00
2016.09.13 13:48:50.217,0.7692,0.7693,2.62,1.19
2016.09.13 13:48:50.269,0.7692,0.7693,3.00,1.19
2016.09.13 13:48:50.321,0.7692,0.76928,2.25,1.00
2016.09.13 13:48:50.374,0.7692,0.76927,1.12,1.00
2016.09.13 13:48:50.479,0.76917,0.76925,1.12,1.00
2016.09.13 13:48:50.531,0.76917,0.76923,1.12,1.00
2016.09.13 13:48:50.582,0.76916,0.76923,1.95,1.00
2016.09.13 13:48:50.633,0.76916,0.76926,1.95,1.00
2016.09.13 13:48:50.686,0.76917,0.76926,1.00,1.00
2016.09.13 13:48:50.997,0.76917,0.76926,1.12,1.00
2016.09.13 13:48:51.048,0.76916,0.76925,1.57,1.00
2016.09.13 13:48:51.150,0.76914,0.76924,5.70,1.00
2016.09.13 13:48:51.201,0.76914,0.76924,3.82,1.00
2016.09.13 13:48:51.252,0.76914,0.76924,3.15,1.00
2016.09.13 13:48:51.304,0.76914,0.76923,2.40,1.00
2016.09.13 13:48:51.406,0.76916,0.76924,1.00,1.00
2016.09.13 13:48:51.690,0.76914,0.76923,2.32,1.00
2016.09.13 13:48:51.741,0.76914,0.76924,3.07,1.00
2016.09.13 13:48:51.793,0.76914,0.76924,2.25,1.00
2016.09.13 13:48:51.845,0.76914,0.76924,1.87,1.37
2016.09.13 13:48:51.897,0.76914,0.76924,1.50,2.25
2016.09.13 13:48:51.949,0.76915,0.76924,1.00,1.37
2016.09.13 13:48:52.000,0.76916,0.76925,1.00,1.00
2016.09.13 13:48:52.052,0.76918,0.76927,1.00,1.76
2016.09.13 13:48:52.104,0.76918,0.76927,1.00,1.22
2016.09.13 13:48:52.156,0.7692,0.76928,1.00,2.06
2016.09.13 13:48:52.208,0.7692,0.76928,1.00,1.69
2016.09.13 13:48:52.372,0.76918,0.76928,1.00,1.69
2016.09.13 13:48:52.424,0.76918,0.76928,1.00,1.19
2016.09.13 13:48:52.476,0.76918,0.76928,1.00,1.69
2016.09.13 13:48:52.527,0.76918,0.76928,1.00,2.06
2016.09.13 13:48:52.579,0.76916,0.76926,2.32,1.00
2016.09.13 13:48:52.631,0.76916,0.76926,1.95,1.00
2016.09.13 13:48:52.846,0.76916,0.76926,2.32,1.00
2016.09.13 13:48:52.897,0.76916,0.76926,2.70,1.00
2016.09.13 13:48:52.948,0.76916,0.76926,2.32,1.00
2016.09.13 13:48:52.999,0.76916,0.76926,1.95,1.00
2016.09.13 13:48:53.101,0.76916,0.76925,1.20,1.00
2016.09.13 13:48:53.289,0.76915,0.76925,2.70,1.00
2016.09.13 13:48:53.342,0.76915,0.76923,1.95,1.00
2016.09.13 13:48:53.394,0.76915,0.76921,1.12,1.00
2016.09.13 13:48:53.447,0.76914,0.76921,1.47,1.00
2016.09.13 13:48:53.499,0.76913,0.76921,1.12,1.12
2016.09.13 13:48:53.550,0.76912,0.76919,1.10,1.00
2016.09.13 13:48:54.018,0.76912,0.76921,1.10,1.12
2016.09.13 13:48:54.073,0.76913,0.76921,1.00,1.00
2016.09.13 13:48:54.469,0.76912,0.76921,1.10,1.00
2016.09.13 13:48:54.520,0.76912,0.76921,1.10,1.12
2016.09.13 13:48:54.934,0.76911,0.7692,1.12,1.00
2016.09.13 13:48:54.986,0.76911,0.76917,1.00,1.00
2016.09.13 13:48:55.037,0.76911,0.76918,1.00,1.00
2016.09.13 13:48:55.088,0.7691,0.76918,1.10,1.00
2016.09.13 13:48:55.295,0.76909,0.76918,1.12,1.00
2016.09.13 13:48:55.703,0.76908,0.76917,2.70,1.00
2016.09.13 13:48:55.756,0.76908,0.76915,1.20,1.00
2016.09.13 13:48:55.810,0.76907,0.76915,1.95,1.00
2016.09.13 13:48:55.915,0.76907,0.76914,1.20,1.00
2016.09.13 13:48:56.222,0.76907,0.76915,1.95,1.00
2016.09.13 13:48:57.106,0.76907,0.76915,1.20,1.00
2016.09.13 13:48:57.157,0.76906,0.76915,2.62,1.00
2016.09.13 13:48:57.368,0.76906,0.76915,1.12,1.00
2016.09.13 13:48:57.420,0.76906,0.76915,1.00,1.00
2016.09.13 13:48:57.704,0.76906,0.76913,1.00,1.00
2016.09.13 13:48:57.807,0.76903,0.76911,1.87,1.00
2016.09.13 13:48:57.859,0.76903,0.76911,1.12,1.00
2016.09.13 13:48:58.033,0.76902,0.76911,1.37,1.00
2016.09.13 13:48:58.085,0.76902,0.7691,1.00,1.00
2016.09.13 13:48:59.261,0.76902,0.76909,1.00,1.00
2016.09.13 13:48:59.312,0.769,0.76909,1.20,1.00
2016.09.13 13:48:59.557,0.76899,0.76906,1.12,1.00
2016.09.13 13:48:59.609,0.76899,0.76906,1.00,1.00
2016.09.13 13:48:59.863,0.76897,0.76906,1.95,1.00
2016.09.13 13:48:59.915,0.76898,0.76906,1.10,1.00
2016.09.13 13:48:59.967,0.76898,0.76906,1.57,1.00
2016.09.13 13:49:00.248,0.76898,0.76906,1.20,1.00
2016.09.13 13:49:00.453,0.76898,0.76908,1.57,1.00
2016.09.13 13:49:00.555,0.76899,0.76907,1.00,1.00
2016.09.13 13:49:00.606,0.769,0.76907,1.00,1.00
2016.09.13 13:49:00.709,0.76899,0.76907,1.12,1.00
2016.09.13 13:49:00.760,0.76899,0.76907,1.00,1.00
2016.09.13 13:49:00.811,0.76898,0.76907,1.10,1.00
2016.09.13 13:49:01.299,0.76897,0.76907,1.95,1.00
2016.09.13 13:49:01.401,0.76897,0.76906,1.20,1.00
2016.09.13 13:49:01.452,0.76897,0.76906,1.12,1.00
2016.09.13 13:49:01.503,0.76897,0.76906,1.10,1.00
2016.09.13 13:49:01.787,0.76897,0.76907,1.57,1.00
2016.09.13 13:49:01.839,0.76897,0.76906,1.20,1.00
2016.09.13 13:49:01.941,0.76897,0.76906,1.10,1.00
2016.09.13 13:49:02.315,0.76898,0.76906,1.00,1.00
2016.09.13 13:49:02.734,0.76897,0.76906,1.10,1.00
2016.09.13 13:49:02.787,0.76896,0.76906,2.32,1.00
2016.09.13 13:49:02.843,0.76896,0.76906,2.02,1.00
2016.09.13 13:49:02.895,0.76896,0.76904,1.27,1.00
2016.09.13 13:49:02.998,0.76896,0.76904,1.20,1.00
2016.09.13 13:49:03.049,0.76895,0.76903,1.37,1.00
2016.09.13 13:49:03.100,0.76895,0.76903,1.00,1.00
2016.09.13 13:49:03.466,0.76895,0.76905,1.10,1.12
2016.09.13 13:49:03.569,0.76895,0.76905,1.10,1.00
2016.09.13 13:49:03.642,0.76895,0.76905,1.57,1.50
2016.09.13 13:49:03.968,0.76895,0.76902,1.10,1.00
2016.09.13 13:49:04.019,0.76893,0.769,1.87,1.00
2016.09.13 13:49:04.072,0.76893,0.76901,1.37,1.00
2016.09.13 13:49:04.294,0.76888,0.76898,3.07,1.00
2016.09.13 13:49:04.348,0.76888,0.76897,1.95,1.00
2016.09.13 13:49:04.400,0.76888,0.76897,1.47,1.00
2016.09.13 13:49:04.502,0.76888,0.76897,1.10,1.00
2016.09.13 13:49:04.993,0.76889,0.76898,1.00,1.00
2016.09.13 13:49:05.095,0.76888,0.76897,1.95,1.00
2016.09.13 13:49:05.147,0.76888,0.76897,2.70,1.00
2016.09.13 13:49:05.199,0.76888,0.76897,1.95,1.00
2016.09.13 13:49:05.250,0.76888,0.76896,1.50,1.00
2016.09.13 13:49:05.302,0.76887,0.76895,2.32,1.00
2016.09.13 13:49:05.404,0.76887,0.76895,1.87,1.00
2016.09.13 13:49:05.455,0.76887,0.76895,1.12,1.00
2016.09.13 13:49:05.507,0.76887,0.76895,1.00,1.00
2016.09.13 13:49:05.694,0.76886,0.76895,1.20,1.00
2016.09.13 13:49:05.899,0.76886,0.76894,1.95,1.00
2016.09.13 13:49:06.224,0.76886,0.76894,1.12,1.00
2016.09.13 13:49:06.326,0.76886,0.76894,1.50,1.00
2016.09.13 13:49:06.626,0.76887,0.76896,1.12,1.00
2016.09.13 13:49:06.677,0.76887,0.76897,1.87,1.25
2016.09.13 13:49:06.728,0.76887,0.76897,1.95,1.25
2016.09.13 13:49:06.779,0.76887,0.76897,2.32,1.25
2016.09.13 13:49:06.881,0.76887,0.76897,2.70,1.00
2016.09.13 13:49:06.932,0.76888,0.76897,1.57,1.00
2016.09.13 13:49:07.299,0.76888,0.76897,1.10,1.00
2016.09.13 13:49:07.607,0.76886,0.76896,2.25,1.00
2016.09.13 13:49:07.658,0.76886,0.76896,1.57,1.00
2016.09.13 13:49:07.709,0.76886,0.76896,1.10,1.00
2016.09.13 13:49:07.913,0.76886,0.76896,1.57,1.00
2016.09.13 13:49:07.964,0.76886,0.76896,1.50,1.00
2016.09.13 13:49:08.066,0.76886,0.76895,1.00,1.00
2016.09.13 13:49:08.397,0.76886,0.76896,1.50,1.50
2016.09.13 13:49:08.448,0.76886,0.76896,1.50,1.12
2016.09.13 13:49:08.500,0.76889,0.76896,1.00,1.12
2016.09.13 13:49:08.601,0.76889,0.76896,1.00,1.00
2016.09.13 13:49:08.653,0.76889,0.76895,1.00,1.12
2016.09.13 13:49:08.704,0.76887,0.76895,1.00,1.50
2016.09.13 13:49:08.806,0.76886,0.76895,1.00,1.50
2016.09.13 13:49:09.142,0.76888,0.76895,1.00,1.12
2016.09.13 13:49:09.195,0.76888,0.76897,1.00,1.12
2016.09.13 13:49:09.246,0.76888,0.76897,1.00,1.00
2016.09.13 13:49:09.298,0.76888,0.76897,1.10,1.00
2016.09.13 13:49:09.801,0.76887,0.76896,1.12,1.00
2016.09.13 13:49:09.903,0.76887,0.76896,1.12,1.12
2016.09.13 13:49:10.087,0.76887,0.76893,1.00,1.00
2016.09.13 13:49:10.138,0.76885,0.76893,1.50,1.00
2016.09.13 13:49:10.189,0.76885,0.76893,1.12,1.00
2016.09.13 13:49:10.240,0.76885,0.76895,1.00,1.00
2016.09.13 13:49:10.342,0.76887,0.76895,1.00,1.00
2016.09.13 13:49:10.700,0.76888,0.76895,1.12,1.00
2016.09.13 13:49:11.216,0.76886,0.76895,1.10,1.00
2016.09.13 13:49:11.267,0.76886,0.76895,1.00,1.00
2016.09.13 13:49:11.318,0.76886,0.76893,1.00,1.00
2016.09.13 13:49:11.852,0.76884,0.76892,1.57,1.00
2016.09.13 13:49:11.903,0.76884,0.7689,1.50,1.00
2016.09.13 13:49:11.954,0.76884,0.76893,1.50,1.12
2016.09.13 13:49:12.005,0.76884,0.76893,1.12,1.12
2016.09.13 13:49:12.057,0.76884,0.76893,1.00,1.12
2016.09.13 13:49:12.108,0.76882,0.76893,1.27,1.50
2016.09.13 13:49:12.159,0.76882,0.76893,1.27,1.00
2016.09.13 13:49:12.211,0.76883,0.76894,1.00,3.19
2016.09.13 13:49:12.262,0.76883,0.76892,1.00,1.00
2016.09.13 13:49:12.416,0.76883,0.76894,1.00,2.06
2016.09.13 13:49:12.520,0.76884,0.76895,1.27,2.44
2016.09.13 13:49:12.571,0.76884,0.76895,1.27,1.69
2016.09.13 13:49:12.623,0.76884,0.76895,2.32,1.69
2016.09.13 13:49:13.222,0.76886,0.76895,1.10,1.19
2016.09.13 13:49:13.453,0.76885,0.76895,1.50,1.19
2016.09.13 13:49:13.504,0.76885,0.76896,1.50,1.69
2016.09.13 13:49:14.011,0.76885,0.76896,1.50,2.06
2016.09.13 13:49:14.068,0.76885,0.76896,1.50,1.69
2016.09.13 13:49:14.528,0.76886,0.76896,1.10,1.69
2016.09.13 13:49:14.579,0.76886,0.76896,1.10,1.56
2016.09.13 13:49:14.631,0.76888,0.76898,1.00,2.14
2016.09.13 13:49:14.790,0.76888,0.76898,1.00,1.76
2016.09.13 13:49:14.842,0.76888,0.76899,1.00,2.81
2016.09.13 13:49:14.893,0.76888,0.76899,1.12,2.44
2016.09.13 13:49:14.944,0.76888,0.76899,1.12,3.56
2016.09.13 13:49:14.995,0.76888,0.76898,1.12,1.19
2016.09.13 13:49:15.424,0.76888,0.76898,1.12,1.19
2016.09.13 13:49:15.598,0.76889,0.76899,1.10,1.69
2016.09.13 13:49:15.667,0.76888,0.76899,1.20,1.69
2016.09.13 13:49:15.718,0.76889,0.76899,1.20,1.00
2016.09.13 13:49:15.770,0.76889,0.769,1.57,1.31
2016.09.13 13:49:15.821,0.76889,0.76901,1.95,1.69
2016.09.13 13:49:15.872,0.76892,0.76901,1.00,1.31
2016.09.13 13:49:15.923,0.76892,0.76902,1.00,2.06
2016.09.13 13:49:15.974,0.76892,0.76902,1.00,1.25
2016.09.13 13:49:16.025,0.76892,0.76903,1.00,1.47
2016.09.13 13:49:16.076,0.76892,0.76903,1.00,1.10
2016.09.13 13:49:16.127,0.76891,0.76903,1.57,1.00
2016.09.13 13:49:16.361,0.76893,0.76903,1.50,1.00
2016.09.13 13:49:16.464,0.76893,0.76903,1.50,1.25
2016.09.13 13:49:16.617,0.76893,0.76903,1.50,1.31
2016.09.13 13:49:16.720,0.76891,0.76903,2.32,1.31
2016.09.13 13:49:16.823,0.76891,0.769,1.10,1.00
2016.09.13 13:49:16.875,0.7689,0.769,1.27,1.00
2016.09.13 13:49:17.065,0.76888,0.76899,3.37,1.25
2016.09.13 13:49:17.116,0.76888,0.76899,2.62,1.62
2016.09.13 13:49:17.168,0.76888,0.76899,1.50,1.62
2016.09.13 13:49:17.220,0.76887,0.76899,1.45,2.06
2016.09.13 13:49:17.274,0.76888,0.76899,1.20,1.69
2016.09.13 13:49:17.326,0.76888,0.76899,1.20,1.19
2016.09.13 13:49:17.377,0.76888,0.769,1.95,3.00
2016.09.13 13:49:17.429,0.76889,0.769,1.00,2.25
2016.09.13 13:49:17.480,0.76889,0.769,1.50,1.12
2016.09.13 13:49:17.531,0.7689,0.769,1.00,1.00
2016.09.13 13:49:17.708,0.76891,0.76902,1.00,1.95
2016.09.13 13:49:17.760,0.7689,0.76903,1.75,1.95
2016.09.13 13:49:17.811,0.7689,0.76903,1.75,2.51
2016.09.13 13:49:17.862,0.76891,0.76902,1.00,1.10
2016.09.13 13:49:17.913,0.76891,0.76903,1.00,2.81
2016.09.13 13:49:17.965,0.76891,0.76902,1.50,1.10
2016.09.13 13:49:18.016,0.76891,0.76902,1.50,1.00
2016.09.13 13:49:18.219,0.76891,0.76902,1.50,1.12
2016.09.13 13:49:18.321,0.76891,0.76902,1.50,1.00
2016.09.13 13:49:18.576,0.76891,0.76902,1.50,1.12
2016.09.13 13:49:18.701,0.76891,0.76902,1.50,1.00
2016.09.13 13:49:18.804,0.76891,0.76902,1.12,1.00
2016.09.13 13:49:18.855,0.76891,0.76903,1.00,1.76
2016.09.13 13:49:18.958,0.76891,0.76903,1.00,2.89
2016.09.13 13:49:19.060,0.76889,0.76903,2.32,2.89
2016.09.13 13:49:19.111,0.76889,0.76902,2.32,1.00
2016.09.13 13:49:19.162,0.76888,0.76902,3.37,1.50
2016.09.13 13:49:19.214,0.76888,0.76902,2.70,1.95
2016.09.13 13:49:19.372,0.76888,0.76899,1.57,1.50
2016.09.13 13:49:19.423,0.76888,0.76897,1.10,1.00
2016.09.13 13:49:19.475,0.76886,0.76896,1.12,1.00
2016.09.13 13:49:19.534,0.76885,0.76895,1.50,1.00
2016.09.13 13:49:19.587,0.76885,0.76895,1.50,1.00
2016.09.13 13:49:19.639,0.76883,0.76895,2.70,1.87
2016.09.13 13:49:19.691,0.76884,0.76895,1.37,1.12
2016.09.13 13:49:19.742,0.76885,0.76897,1.50,1.57
2016.09.13 13:49:19.795,0.76885,0.76897,1.57,1.29
2016.09.13 13:49:19.846,0.76886,0.76898,1.20,3.19
2016.09.13 13:49:20.029,0.76886,0.76898,1.47,2.44
2016.09.13 13:49:20.081,0.76886,0.76897,2.32,1.19
2016.09.13 13:49:20.186,0.76886,0.76897,2.32,1.31
2016.09.13 13:49:20.238,0.76886,0.76897,3.07,1.19
2016.09.13 13:49:20.344,0.76886,0.76897,2.32,1.19
2016.09.13 13:49:20.395,0.76886,0.76899,2.32,4.31
2016.09.13 13:49:20.446,0.76887,0.76899,1.12,5.44
2016.09.13 13:49:20.498,0.76887,0.76899,1.20,5.44
2016.09.13 13:49:20.549,0.76887,0.76899,1.20,3.56
2016.09.13 13:49:20.601,0.76886,0.76899,2.70,3.19
2016.09.13 13:49:20.779,0.76887,0.76899,1.20,2.44
2016.09.13 13:49:20.830,0.76887,0.76899,1.47,2.06
2016.09.13 13:49:20.881,0.76887,0.76899,1.57,2.06
2016.09.13 13:49:20.933,0.76888,0.76899,1.00,1.69
2016.09.13 13:49:20.984,0.76888,0.76899,1.12,1.31
2016.09.13 13:49:21.037,0.76888,0.76899,1.50,1.19
2016.09.13 13:49:21.088,0.76889,0.76899,1.00,1.00
2016.09.13 13:49:21.140,0.76889,0.76902,1.87,4.31
2016.09.13 13:49:21.191,0.76889,0.76902,1.87,2.51
2016.09.13 13:49:21.242,0.76889,0.76902,1.87,1.76
2016.09.13 13:49:21.294,0.76889,0.76903,2.25,4.69
2016.09.13 13:49:21.346,0.76889,0.76903,2.25,3.94
2016.09.13 13:49:21.586,0.76889,0.76903,2.62,3.56
2016.09.13 13:49:21.637,0.7689,0.76903,1.47,3.56
2016.09.13 13:49:21.842,0.7689,0.76903,1.47,4.69
2016.09.13 13:49:21.893,0.7689,0.76903,1.47,3.94
2016.09.13 13:49:21.947,0.76893,0.76903,1.00,3.19
2016.09.13 13:49:22.101,0.76893,0.76902,1.00,1.39
2016.09.13 13:49:22.152,0.76893,0.76901,1.00,1.00
2016.09.13 13:49:22.547,0.76893,0.76901,1.00,1.12
2016.09.13 13:49:22.598,0.76891,0.769,1.00,1.00
2016.09.13 13:49:22.650,0.76891,0.76899,1.00,1.00
2016.09.13 13:49:22.753,0.76894,0.76901,1.00,1.66
2016.09.13 13:49:22.805,0.76893,0.76902,1.00,3.94
2016.09.13 13:49:22.857,0.76893,0.76902,1.00,3.19
2016.09.13 13:49:22.908,0.76893,0.76902,1.00,1.31
2016.09.13 13:49:22.960,0.76893,0.76902,1.00,1.31
2016.09.13 13:49:23.291,0.76893,0.76902,1.00,1.12
2016.09.13 13:49:23.343,0.76894,0.76904,1.00,2.89
2016.09.13 13:49:23.395,0.76894,0.76904,1.00,2.51
2016.09.13 13:49:23.498,0.76895,0.76904,1.00,2.14
2016.09.13 13:49:23.549,0.76896,0.76904,1.00,1.39
2016.09.13 13:49:23.601,0.76897,0.76904,1.00,1.00
2016.09.13 13:49:23.659,0.76899,0.76907,1.00,4.69
2016.09.13 13:49:23.711,0.76899,0.76907,1.00,2.81
2016.09.13 13:49:23.762,0.76898,0.76906,1.00,3.94
2016.09.13 13:49:23.922,0.76897,0.76903,1.00,1.00
2016.09.13 13:49:23.973,0.76894,0.76901,1.10,1.12
2016.09.13 13:49:24.026,0.76894,0.76901,1.00,1.12
2016.09.13 13:49:24.078,0.76894,0.76901,1.00,1.19
2016.09.13 13:49:24.130,0.76894,0.76901,1.00,1.69
2016.09.13 13:49:24.181,0.76893,0.76901,1.00,2.06
2016.09.13 13:49:24.233,0.76892,0.76899,1.10,1.00
2016.09.13 13:49:24.284,0.76891,0.76899,1.12,1.19
2016.09.13 13:49:24.336,0.7689,0.769,2.25,3.19
2016.09.13 13:49:24.387,0.7689,0.76899,1.12,1.19
2016.09.13 13:49:24.439,0.76889,0.76899,1.50,2.81
2016.09.13 13:49:24.622,0.76889,0.76899,1.00,1.69
2016.09.13 13:49:24.676,0.76893,0.769,1.00,1.76
2016.09.13 13:49:24.727,0.76893,0.769,1.00,1.31
2016.09.13 13:49:24.831,0.76892,0.76901,1.10,1.56
2016.09.13 13:49:24.883,0.76892,0.76902,1.10,3.19
2016.09.13 13:49:24.935,0.76894,0.76902,1.00,2.81
2016.09.13 13:49:24.988,0.76894,0.76902,1.00,2.06
2016.09.13 13:49:25.040,0.76894,0.76902,1.00,1.69
2016.09.13 13:49:25.335,0.76896,0.76903,1.00,2.44
2016.09.13 13:49:25.525,0.76896,0.76905,1.00,1.62
2016.09.13 13:49:25.578,0.76896,0.76906,1.00,2.14
2016.09.13 13:49:25.630,0.76896,0.76906,1.00,1.76
2016.09.13 13:49:25.732,0.76898,0.76906,1.00,1.57
2016.09.13 13:49:25.783,0.76897,0.76906,1.00,1.00
2016.09.13 13:49:25.834,0.76897,0.76906,1.00,1.19
2016.09.13 13:49:25.885,0.76897,0.76906,1.00,1.31
2016.09.13 13:49:26.038,0.76896,0.76906,1.00,2.06
2016.09.13 13:49:26.228,0.76895,0.76905,1.00,1.19
2016.09.13 13:49:26.279,0.76895,0.76905,1.00,2.06
2016.09.13 13:49:26.330,0.76895,0.76904,1.00,1.25
2016.09.13 13:49:26.381,0.76894,0.76904,1.00,1.69
2016.09.13 13:49:26.432,0.76893,0.76903,1.10,1.69
2016.09.13 13:49:26.483,0.76893,0.76903,1.00,2.44
2016.09.13 13:49:26.585,0.76893,0.76903,1.00,2.51
2016.09.13 13:49:26.636,0.76893,0.76902,1.00,1.00
2016.09.13 13:49:27.082,0.76893,0.76902,1.00,1.19
2016.09.13 13:49:27.134,0.76891,0.76901,1.00,2.81
2016.09.13 13:49:27.186,0.76891,0.769,1.00,1.25
2016.09.13 13:49:27.290,0.76893,0.76902,1.00,3.19
2016.09.13 13:49:27.342,0.76895,0.76902,1.00,1.87
2016.09.13 13:49:27.393,0.76895,0.76902,1.00,1.12
2016.09.13 13:49:27.446,0.76895,0.76903,1.00,1.87
2016.09.13 13:49:27.497,0.76897,0.76903,1.00,1.00
2016.09.13 13:49:27.549,0.76897,0.76905,1.00,1.12
2016.09.13 13:49:27.600,0.76897,0.76905,1.00,1.00
2016.09.13 13:49:27.652,0.76897,0.76905,1.00,1.00
2016.09.13 13:49:27.841,0.76894,0.76904,2.25,1.00
2016.09.13 13:49:27.892,0.76895,0.76902,1.12,1.00
2016.09.13 13:49:27.944,0.76894,0.76903,1.00,2.62
2016.09.13 13:49:28.020,0.76893,0.76903,1.00,3.45
2016.09.13 13:49:28.124,0.76894,0.76902,1.00,1.12
2016.09.13 13:49:28.336,0.76894,0.76902,1.00,1.50
2016.09.13 13:49:28.387,0.76894,0.76901,1.00,1.00
2016.09.13 13:49:28.680,0.76893,0.76902,1.00,2.00
2016.09.13 13:49:28.731,0.76893,0.76902,1.00,1.62
2016.09.13 13:49:28.782,0.76893,0.76902,1.00,1.25
2016.09.13 13:49:28.986,0.76894,0.76902,1.00,1.31
2016.09.13 13:49:29.089,0.76894,0.76901,1.00,1.00
2016.09.13 13:49:29.285,0.76894,0.76901,1.00,1.87
2016.09.13 13:49:29.336,0.76892,0.76901,1.00,1.12
2016.09.13 13:49:29.438,0.76893,0.76901,1.00,1.87
2016.09.13 13:49:29.540,0.76893,0.76901,1.00,2.06
2016.09.13 13:49:29.591,0.76894,0.76902,1.00,1.69
2016.09.13 13:49:29.693,0.76894,0.76903,1.00,5.36
2016.09.13 13:49:29.745,0.76894,0.76903,1.00,3.41
2016.09.13 13:49:29.796,0.76894,0.76903,1.00,2.66
2016.09.13 13:49:29.847,0.76894,0.76903,1.00,2.06
2016.09.13 13:49:30.037,0.76894,0.76902,1.00,1.19
2016.09.13 13:49:30.190,0.76894,0.76903,1.00,1.69
2016.09.13 13:49:30.292,0.76894,0.76902,1.00,1.31
2016.09.13 13:49:30.343,0.76892,0.76902,1.10,1.31
2016.09.13 13:49:30.394,0.76892,0.76902,1.10,2.06
2016.09.13 13:49:30.445,0.76892,0.76902,1.00,2.06
2016.09.13 13:49:30.496,0.76892,0.76902,1.00,1.69
2016.09.13 13:49:30.547,0.76892,0.76902,1.00,2.81
2016.09.13 13:49:30.748,0.76892,0.76902,1.00,2.81
2016.09.13 13:49:30.803,0.76894,0.76902,1.00,1.69
2016.09.13 13:49:30.854,0.76895,0.76902,1.00,2.81
2016.09.13 13:49:30.906,0.76895,0.76902,1.00,3.37
2016.09.13 13:49:30.958,0.76894,0.76902,1.12,1.10
2016.09.13 13:49:31.010,0.76894,0.76902,1.00,1.01
2016.09.13 13:49:31.061,0.76894,0.76902,1.00,1.39
2016.09.13 13:49:31.165,0.76894,0.76902,1.00,1.01
2016.09.13 13:49:31.218,0.76894,0.76904,1.37,5.32
2016.09.13 13:49:31.407,0.76895,0.76905,1.12,5.25
2016.09.13 13:49:31.461,0.76895,0.76905,1.00,1.50
2016.09.13 13:49:31.515,0.76896,0.76903,1.37,1.12
2016.09.13 13:49:31.568,0.76894,0.76903,1.37,1.00
2016.09.13 13:49:31.621,0.76894,0.76904,1.00,1.10
2016.09.13 13:49:31.672,0.76894,0.76903,1.00,1.00
2016.09.13 13:49:31.724,0.76893,0.76903,1.50,1.50
2016.09.13 13:49:31.776,0.76894,0.76902,1.00,1.31
2016.09.13 13:49:31.827,0.76894,0.76902,1.00,1.19
2016.09.13 13:49:31.878,0.76894,0.76902,1.00,1.69
2016.09.13 13:49:32.086,0.76894,0.76902,1.00,1.31
2016.09.13 13:49:32.140,0.76894,0.76904,1.12,3.26
2016.09.13 13:49:32.191,0.76894,0.76904,1.12,2.51
2016.09.13 13:49:32.242,0.76896,0.76903,1.00,1.69
2016.09.13 13:49:32.294,0.76896,0.76903,1.00,1.50
2016.09.13 13:49:32.345,0.76896,0.76903,1.00,1.12
2016.09.13 13:49:32.397,0.76896,0.76903,1.00,1.00
2016.09.13 13:49:32.551,0.76895,0.76904,1.00,1.50
2016.09.13 13:49:32.602,0.76897,0.76904,1.00,1.50
2016.09.13 13:49:32.654,0.76897,0.76904,1.00,1.50
2016.09.13 13:49:32.828,0.76897,0.76904,1.00,1.00
2016.09.13 13:49:32.879,0.76897,0.76907,1.00,2.62
2016.09.13 13:49:32.981,0.76897,0.76907,1.00,2.81
2016.09.13 13:49:33.032,0.76897,0.76907,1.00,2.44
2016.09.13 13:49:33.084,0.76897,0.76906,1.00,1.19
2016.09.13 13:49:33.135,0.76896,0.76906,1.00,1.69
2016.09.13 13:49:33.238,0.76897,0.76907,1.00,3.56
2016.09.13 13:49:33.340,0.76897,0.76907,1.00,2.44
2016.09.13 13:49:33.391,0.76897,0.76907,1.00,1.94
2016.09.13 13:49:33.546,0.76898,0.76906,1.00,1.19
2016.09.13 13:49:33.601,0.76898,0.76908,1.00,4.09
2016.09.13 13:49:33.704,0.76898,0.76908,1.00,3.34
2016.09.13 13:49:34.088,0.76898,0.76908,1.00,2.21
2016.09.13 13:49:34.193,0.76898,0.76908,1.00,2.14
2016.09.13 13:49:34.397,0.76898,0.76908,1.00,2.06
2016.09.13 13:49:34.512,0.76898,0.76908,1.00,2.81
2016.09.13 13:49:34.717,0.76898,0.76908,1.00,3.19
2016.09.13 13:49:34.768,0.76898,0.76908,1.00,5.44
2016.09.13 13:49:34.819,0.76898,0.76906,1.00,1.37
2016.09.13 13:49:35.216,0.76898,0.76907,1.00,2.44
2016.09.13 13:49:35.267,0.76898,0.76907,1.00,1.76
2016.09.13 13:49:35.318,0.76898,0.76907,1.00,1.01
2016.09.13 13:49:35.471,0.76898,0.76907,1.00,1.76
2016.09.13 13:49:35.573,0.76899,0.76907,1.00,1.01
2016.09.13 13:49:35.676,0.76899,0.76908,1.00,1.31
2016.09.13 13:49:35.727,0.76899,0.76909,1.00,3.34
2016.09.13 13:49:36.060,0.76901,0.76909,1.00,1.39
2016.09.13 13:49:36.124,0.769,0.76909,1.00,1.69
2016.09.13 13:49:36.277,0.769,0.76909,1.00,2.44
2016.09.13 13:49:36.397,0.769,0.76909,1.00,2.81
2016.09.13 13:49:36.448,0.76902,0.76908,1.00,1.31
2016.09.13 13:49:36.499,0.76904,0.76908,1.00,1.12
2016.09.13 13:49:36.550,0.76904,0.76909,1.00,1.50
2016.09.13 13:49:36.602,0.76908,0.76912,1.00,2.25
2016.09.13 13:49:36.653,0.76908,0.76912,1.00,1.50
2016.09.13 13:49:36.807,0.76908,0.76912,1.12,1.50
2016.09.13 13:49:36.859,0.76909,0.76913,1.00,1.50
2016.09.13 13:49:36.911,0.76908,0.76912,1.12,1.00
2016.09.13 13:49:36.962,0.76909,0.76913,1.00,1.00
2016.09.13 13:49:37.013,0.76909,0.76918,1.00,1.69
2016.09.13 13:49:37.064,0.76909,0.76917,1.00,1.25
2016.09.13 13:49:37.218,0.7691,0.76918,1.00,1.69
2016.09.13 13:49:37.269,0.7691,0.76918,1.00,1.00
2016.09.13 13:49:37.321,0.76912,0.76919,1.00,1.20
2016.09.13 13:49:37.372,0.76912,0.76919,1.00,1.12
2016.09.13 13:49:37.667,0.76912,0.76919,1.00,1.50
2016.09.13 13:49:37.871,0.76911,0.76919,1.00,1.00
2016.09.13 13:49:37.973,0.76911,0.7692,1.00,2.44
2016.09.13 13:49:38.025,0.76911,0.7692,1.00,2.06
2016.09.13 13:49:38.076,0.76911,0.76919,1.00,1.00
2016.09.13 13:49:38.229,0.76911,0.76919,1.00,1.10
2016.09.13 13:49:38.446,0.76911,0.76918,1.00,1.00
2016.09.13 13:49:38.599,0.76911,0.76919,1.00,1.57
2016.09.13 13:49:38.704,0.7691,0.76918,1.00,1.50
2016.09.13 13:49:38.806,0.7691,0.76918,1.00,2.44
2016.09.13 13:49:38.857,0.76909,0.76917,1.00,1.00
2016.09.13 13:49:38.908,0.76909,0.76917,1.00,1.10
2016.09.13 13:49:39.150,0.76909,0.76917,1.00,1.20
2016.09.13 13:49:39.252,0.76909,0.76917,1.00,1.95
2016.09.13 13:49:39.527,0.76907,0.76916,1.00,1.00
2016.09.13 13:49:39.578,0.76907,0.76916,1.00,1.69
2016.09.13 13:49:40.000,0.76907,0.76917,1.00,2.51
2016.09.13 13:49:40.052,0.76907,0.76917,1.00,1.66
2016.09.13 13:49:40.206,0.76909,0.76918,1.00,4.01
2016.09.13 13:49:40.258,0.7691,0.76918,1.00,3.19
2016.09.13 13:49:40.312,0.7691,0.76918,1.00,2.51
2016.09.13 13:49:40.392,0.76911,0.76919,1.00,1.31
2016.09.13 13:49:40.450,0.76913,0.7692,1.00,1.09
2016.09.13 13:49:40.502,0.76913,0.7692,1.00,1.01
2016.09.13 13:49:40.553,0.76913,0.76921,1.00,3.64
2016.09.13 13:49:40.787,0.7691,0.76918,1.00,1.00
2016.09.13 13:49:40.839,0.7691,0.76918,1.00,1.50
2016.09.13 13:49:41.107,0.7691,0.76918,1.00,1.50
2016.09.13 13:49:41.311,0.7691,0.76918,1.00,1.00
2016.09.13 13:49:41.503,0.76906,0.76916,1.95,1.00
2016.09.13 13:49:41.557,0.76908,0.76917,1.12,1.25
2016.09.13 13:49:41.608,0.76908,0.76917,1.00,1.01
2016.09.13 13:49:41.659,0.76908,0.76918,1.00,3.00
2016.09.13 13:49:41.710,0.76908,0.76918,1.00,3.75
2016.09.13 13:49:41.812,0.76908,0.76916,1.00,1.00
2016.09.13 13:49:41.863,0.76906,0.76916,1.50,1.00
2016.09.13 13:49:41.914,0.76909,0.76916,1.00,1.00
2016.09.13 13:49:42.148,0.76906,0.76916,1.00,2.70
2016.09.13 13:49:42.208,0.76909,0.76916,1.00,1.95
2016.09.13 13:49:42.261,0.76909,0.76916,1.00,1.12
2016.09.13 13:49:42.312,0.7691,0.76918,1.00,3.45
2016.09.13 13:49:42.363,0.76912,0.76916,1.00,1.00
2016.09.13 13:49:42.415,0.76912,0.76919,1.00,1.50
2016.09.13 13:49:42.518,0.76912,0.76919,1.00,1.12
2016.09.13 13:49:42.569,0.76912,0.7692,1.00,1.87
2016.09.13 13:49:42.620,0.76912,0.7692,1.00,1.00
2016.09.13 13:49:42.672,0.76913,0.76921,1.00,1.39
2016.09.13 13:49:42.837,0.76913,0.76921,1.00,1.29
2016.09.13 13:49:42.909,0.76915,0.76922,1.00,1.39
2016.09.13 13:49:43.215,0.76912,0.76922,1.00,1.39
2016.09.13 13:49:43.318,0.76908,0.76918,1.50,1.50
2016.09.13 13:49:43.535,0.76907,0.76917,1.50,1.69
2016.09.13 13:49:43.587,0.76907,0.76917,1.00,2.44
2016.09.13 13:49:43.664,0.76907,0.76917,1.00,3.19
2016.09.13 13:49:43.937,0.76907,0.76916,1.00,1.69
2016.09.13 13:49:44.290,0.76907,0.76917,1.00,3.19
2016.09.13 13:49:44.454,0.76907,0.76916,1.00,1.69
2016.09.13 13:49:44.984,0.76906,0.76916,1.00,2.44
2016.09.13 13:49:45.086,0.76906,0.76916,1.00,3.19
2016.09.13 13:49:45.137,0.76906,0.76916,1.00,3.94
2016.09.13 13:49:45.342,0.76908,0.76916,1.00,3.94
2016.09.13 13:49:45.574,0.76907,0.76914,1.00,1.00
2016.09.13 13:49:45.625,0.76905,0.76915,1.00,1.31
2016.09.13 13:49:45.677,0.76905,0.76914,1.00,1.25
2016.09.13 13:49:45.728,0.76905,0.76914,1.00,2.06
2016.09.13 13:49:45.780,0.76905,0.76913,1.00,1.25
2016.09.13 13:49:45.831,0.76905,0.76914,1.00,1.01
2016.09.13 13:49:45.882,0.76905,0.76915,1.00,2.44
2016.09.13 13:49:45.933,0.76907,0.76914,1.00,1.62
2016.09.13 13:49:46.112,0.76906,0.76915,1.00,1.66
2016.09.13 13:49:46.163,0.76906,0.76916,1.00,5.44
2016.09.13 13:49:46.703,0.76906,0.76916,1.00,5.06
2016.09.13 13:49:46.789,0.76906,0.76916,1.00,5.44
2016.09.13 13:49:47.152,0.76906,0.76916,1.00,4.69
2016.09.13 13:49:47.203,0.76906,0.76916,1.00,4.31
2016.09.13 13:49:47.305,0.76906,0.76916,1.00,3.56
2016.09.13 13:49:47.356,0.76906,0.76916,1.00,3.94
2016.09.13 13:49:47.666,0.76906,0.76916,1.00,3.56
2016.09.13 13:49:47.717,0.76906,0.76914,1.00,1.25
2016.09.13 13:49:48.601,0.76908,0.76914,1.00,1.25
2016.09.13 13:49:48.705,0.76908,0.76914,1.00,1.00
2016.09.13 13:49:48.808,0.76908,0.76915,1.00,1.57
2016.09.13 13:49:49.438,0.76907,0.76915,1.00,1.20
2016.09.13 13:49:49.642,0.76907,0.76914,1.00,1.00
2016.09.13 13:49:49.856,0.76905,0.76914,1.00,1.35
2016.09.13 13:49:49.909,0.76904,0.76914,1.00,2.85
2016.09.13 13:49:49.962,0.76903,0.76911,1.10,1.00
2016.09.13 13:49:50.014,0.76903,0.76911,1.00,1.00
2016.09.13 13:49:50.173,0.76902,0.7691,1.00,1.25
2016.09.13 13:49:50.232,0.76901,0.7691,1.00,1.31
2016.09.13 13:49:50.589,0.76901,0.76908,1.00,1.00
2016.09.13 13:49:50.640,0.76899,0.76908,1.10,1.12
2016.09.13 13:49:50.691,0.769,0.76907,1.00,1.00
2016.09.13 13:49:50.742,0.769,0.76907,1.00,1.12
2016.09.13 13:49:50.919,0.76899,0.76906,1.00,1.00
2016.09.13 13:49:50.970,0.76898,0.76908,1.00,4.12
2016.09.13 13:49:51.022,0.76898,0.76908,1.00,3.75
2016.09.13 13:49:51.175,0.76898,0.76908,1.00,3.07
2016.09.13 13:49:51.226,0.76898,0.76908,1.00,4.57
2016.09.13 13:49:51.278,0.76898,0.76907,1.00,1.10
2016.09.13 13:49:51.381,0.76898,0.76908,1.00,3.07
2016.09.13 13:49:51.433,0.76899,0.76906,1.00,1.00
2016.09.13 13:49:51.484,0.76899,0.76907,1.00,2.25
2016.09.13 13:49:51.538,0.76899,0.76907,1.00,2.70
2016.09.13 13:49:51.739,0.76898,0.76906,1.00,3.26
2016.09.13 13:49:51.892,0.76898,0.76906,1.00,4.01
2016.09.13 13:49:51.993,0.76898,0.76906,1.00,3.34
2016.09.13 13:49:52.146,0.76898,0.76906,1.00,2.59
2016.09.13 13:49:52.619,0.76898,0.76905,1.00,1.12
2016.09.13 13:49:52.670,0.76898,0.76905,1.00,1.87
2016.09.13 13:49:52.830,0.76896,0.76905,1.00,1.87
2016.09.13 13:49:53.003,0.76895,0.76903,1.00,1.12
2016.09.13 13:49:53.055,0.76896,0.76905,1.00,1.75
2016.09.13 13:49:53.241,0.76894,0.76904,1.12,1.37
2016.09.13 13:49:53.293,0.76894,0.76902,1.00,1.37
2016.09.13 13:49:53.345,0.76894,0.76902,1.00,1.12
2016.09.13 13:49:53.397,0.76894,0.76902,1.00,1.50
2016.09.13 13:49:53.450,0.76894,0.76902,1.00,1.57
2016.09.13 13:49:53.502,0.76894,0.76902,1.00,2.32
2016.09.13 13:49:53.554,0.76894,0.76902,1.00,1.50
2016.09.13 13:49:53.605,0.76894,0.76902,1.00,1.00
2016.09.13 13:49:53.798,0.76893,0.76899,1.00,1.19
2016.09.13 13:49:53.851,0.7689,0.76899,1.50,1.31
2016.09.13 13:49:53.904,0.76889,0.76898,1.00,1.19
2016.09.13 13:49:53.955,0.76887,0.76897,1.50,1.25
2016.09.13 13:49:54.006,0.76889,0.76897,1.00,1.12
2016.09.13 13:49:54.058,0.76889,0.76897,1.00,2.62
2016.09.13 13:49:54.109,0.76889,0.76897,1.00,4.20
2016.09.13 13:49:54.213,0.76889,0.76897,1.00,2.70
2016.09.13 13:49:54.265,0.76889,0.76897,1.00,1.20
2016.09.13 13:49:54.316,0.76889,0.76897,1.00,1.07
2016.09.13 13:49:54.367,0.7689,0.76898,1.00,3.37
2016.09.13 13:49:54.554,0.7689,0.76898,1.00,1.25
2016.09.13 13:49:54.607,0.7689,0.769,1.00,2.89
2016.09.13 13:49:54.658,0.7689,0.769,1.00,2.81
2016.09.13 13:49:54.709,0.76892,0.769,1.00,1.56
2016.09.13 13:49:54.761,0.76892,0.76901,1.00,4.76
2016.09.13 13:49:54.812,0.76892,0.76901,1.00,4.01
2016.09.13 13:49:54.863,0.76889,0.76897,1.00,1.25
2016.09.13 13:49:54.915,0.76889,0.76897,1.12,1.25
2016.09.13 13:49:54.966,0.76887,0.76897,3.45,1.25
2016.09.13 13:49:55.018,0.76887,0.76895,1.87,1.00
2016.09.13 13:49:55.071,0.76886,0.76895,4.57,1.00
2016.09.13 13:49:55.241,0.76886,0.76895,1.00,1.00
2016.09.13 13:49:55.296,0.76885,0.76894,1.50,1.00
2016.09.13 13:49:55.768,0.76888,0.76896,1.00,1.00
2016.09.13 13:49:55.819,0.76889,0.76897,1.00,1.25
2016.09.13 13:49:55.870,0.76893,0.76898,1.00,1.31
2016.09.13 13:49:55.921,0.76893,0.76902,1.00,3.64
2016.09.13 13:49:55.972,0.76894,0.76902,1.00,2.21
2016.09.13 13:49:56.116,0.76894,0.76902,1.00,1.76
2016.09.13 13:49:56.167,0.76894,0.76903,1.00,2.81
2016.09.13 13:49:56.320,0.76894,0.76903,1.00,2.44
2016.09.13 13:49:56.524,0.76894,0.76903,1.00,2.06
2016.09.13 13:49:56.626,0.76894,0.76903,1.00,2.14
2016.09.13 13:49:56.677,0.76894,0.769,1.00,1.00
2016.09.13 13:49:57.210,0.76893,0.769,1.00,1.00
2016.09.13 13:49:58.286,0.76893,0.76901,1.00,1.25
2016.09.13 13:49:58.337,0.76893,0.76901,1.00,1.69
2016.09.13 13:49:58.490,0.76894,0.76902,1.00,1.84
2016.09.13 13:49:58.541,0.76894,0.76902,1.00,1.39
2016.09.13 13:49:58.593,0.76895,0.76902,1.00,1.12
2016.09.13 13:49:58.656,0.76895,0.76902,1.00,1.00
2016.09.13 13:49:58.759,0.76895,0.76904,1.00,1.20
2016.09.13 13:49:58.930,0.76895,0.76904,1.00,1.12
2016.09.13 13:49:59.017,0.76894,0.76902,1.00,1.00
2016.09.13 13:49:59.780,0.76894,0.76902,1.00,1.12
2016.09.13 13:49:59.955,0.76893,0.76899,1.00,1.00
2016.09.13 13:50:00.006,0.76893,0.76901,1.00,1.29
2016.09.13 13:50:00.058,0.76893,0.76901,1.00,2.14
2016.09.13 13:50:00.160,0.76892,0.769,1.00,1.69
2016.09.13 13:50:00.211,0.76891,0.769,1.00,2.81
2016.09.13 13:50:00.262,0.76891,0.76898,1.00,1.00
2016.09.13 13:50:00.641,0.76889,0.76898,1.00,2.25
2016.09.13 13:50:00.693,0.76889,0.76897,1.00,1.32
2016.09.13 13:50:00.744,0.76888,0.76896,1.00,1.10
2016.09.13 13:50:00.796,0.76888,0.76896,1.00,1.50
2016.09.13 13:50:00.847,0.76888,0.76896,1.00,1.00
2016.09.13 13:50:00.950,0.76888,0.76896,1.00,1.12
2016.09.13 13:50:01.104,0.76889,0.76897,1.00,2.70
2016.09.13 13:50:01.292,0.76889,0.76897,1.00,2.51
2016.09.13 13:50:01.394,0.76889,0.76897,1.00,3.26
2016.09.13 13:50:01.598,0.76889,0.76897,1.00,2.51
2016.09.13 13:50:01.650,0.76891,0.76897,1.00,2.14
2016.09.13 13:50:01.701,0.76892,0.76897,1.00,1.12
2016.09.13 13:50:01.849,0.76894,0.76899,1.00,1.37
2016.09.13 13:50:01.898,0.76895,0.76902,1.00,1.37
2016.09.13 13:50:01.950,0.76894,0.76903,1.00,3.75
2016.09.13 13:50:02.002,0.76893,0.76903,1.00,3.82
2016.09.13 13:50:02.053,0.76892,0.76902,1.00,1.57
2016.09.13 13:50:02.105,0.76892,0.76902,1.00,2.32
2016.09.13 13:50:02.156,0.76893,0.769,1.00,1.00
2016.09.13 13:50:02.259,0.76894,0.76902,1.00,1.37
2016.09.13 13:50:02.310,0.76894,0.76902,1.00,1.87
2016.09.13 13:50:02.495,0.76893,0.76901,1.00,1.76
2016.09.13 13:50:02.548,0.76893,0.769,1.00,1.12
2016.09.13 13:50:02.599,0.76893,0.76901,1.00,2.06
2016.09.13 13:50:02.650,0.76893,0.76901,1.00,1.76
2016.09.13 13:50:02.804,0.76893,0.76901,1.00,2.51
2016.09.13 13:50:02.855,0.76891,0.76901,1.00,2.51
2016.09.13 13:50:03.215,0.76893,0.769,1.00,1.19
2016.09.13 13:50:03.267,0.76893,0.76901,1.00,1.31
2016.09.13 13:50:03.369,0.76893,0.76901,1.00,2.44
2016.09.13 13:50:03.420,0.76892,0.769,1.00,1.31
2016.09.13 13:50:03.573,0.76893,0.769,1.00,1.12
2016.09.13 13:50:03.657,0.76893,0.76902,1.00,1.65
2016.09.13 13:50:03.708,0.76892,0.76902,1.12,1.57
2016.09.13 13:50:03.854,0.76892,0.76901,1.00,1.31
2016.09.13 13:50:03.915,0.76893,0.76901,1.00,1.46
2016.09.13 13:50:03.966,0.76893,0.76901,1.00,1.27
2016.09.13 13:50:04.017,0.76893,0.76901,1.00,1.20
2016.09.13 13:50:04.119,0.76893,0.76902,1.00,2.25
2016.09.13 13:50:04.273,0.76893,0.76902,1.00,3.00
2016.09.13 13:50:04.324,0.76893,0.76902,1.00,3.19
2016.09.13 13:50:04.662,0.76893,0.76902,1.00,2.44
2016.09.13 13:50:04.714,0.76894,0.76903,1.00,5.89
2016.09.13 13:50:04.765,0.76894,0.76903,1.00,5.14
2016.09.13 13:50:04.867,0.76894,0.76903,1.00,4.39
2016.09.13 13:50:04.918,0.76892,0.76902,1.00,1.31
2016.09.13 13:50:05.020,0.76892,0.76902,1.00,2.81
2016.09.13 13:50:05.071,0.76892,0.76902,1.00,3.56
2016.09.13 13:50:05.132,0.76892,0.76902,1.00,3.94
2016.09.13 13:50:05.183,0.76892,0.76902,1.00,4.31
2016.09.13 13:50:05.370,0.76893,0.76901,1.00,1.32
2016.09.13 13:50:05.476,0.76892,0.76901,1.00,1.31
2016.09.13 13:50:05.527,0.76892,0.76901,1.00,2.06
2016.09.13 13:50:05.579,0.76891,0.76901,1.12,2.81
2016.09.13 13:50:05.630,0.76891,0.76901,1.12,3.94
2016.09.13 13:50:05.681,0.76891,0.769,1.12,1.27
2016.09.13 13:50:05.733,0.76891,0.769,1.00,1.27
2016.09.13 13:50:05.784,0.76891,0.769,1.00,1.20
2016.09.13 13:50:05.835,0.76891,0.76899,1.00,1.25
2016.09.13 13:50:05.938,0.7689,0.76899,1.00,3.26
2016.09.13 13:50:06.113,0.7689,0.76899,1.00,2.51
2016.09.13 13:50:06.164,0.76889,0.76897,1.00,1.00
2016.09.13 13:50:06.217,0.76888,0.76897,1.00,1.12
2016.09.13 13:50:06.319,0.76888,0.76897,1.00,1.31
2016.09.13 13:50:06.422,0.7689,0.76898,1.00,1.39
2016.09.13 13:50:06.473,0.7689,0.76898,1.00,1.66
2016.09.13 13:50:06.677,0.76891,0.76898,1.00,2.14
2016.09.13 13:50:06.728,0.76891,0.76898,1.00,1.47
2016.09.13 13:50:06.911,0.76892,0.76899,1.00,1.69
2016.09.13 13:50:06.962,0.76892,0.769,1.00,1.66
2016.09.13 13:50:07.525,0.76893,0.769,1.00,1.66
2016.09.13 13:50:07.741,0.76893,0.76901,1.00,2.51
2016.09.13 13:50:07.793,0.76894,0.76902,1.00,1.26
2016.09.13 13:50:07.850,0.76896,0.76903,1.00,1.31
2016.09.13 13:50:07.922,0.76896,0.76904,1.00,2.44
2016.09.13 13:50:07.974,0.76896,0.76904,1.00,1.69
2016.09.13 13:50:08.127,0.76897,0.76904,1.00,2.06
2016.09.13 13:50:08.178,0.76897,0.76904,1.00,2.44
2016.09.13 13:50:08.281,0.76895,0.76904,1.00,1.69
2016.09.13 13:50:08.527,0.76897,0.76904,1.00,1.12
2016.09.13 13:50:08.580,0.76901,0.76907,1.00,1.69
2016.09.13 13:50:08.659,0.76903,0.76907,1.00,1.00
2016.09.13 13:50:08.918,0.76902,0.76912,1.00,5.25
2016.09.13 13:50:08.969,0.76902,0.76911,1.00,1.07
2016.09.13 13:50:09.020,0.76902,0.76911,1.00,1.47
2016.09.13 13:50:09.199,0.76902,0.76912,1.00,7.50
2016.09.13 13:50:09.250,0.76901,0.7691,1.00,1.31
2016.09.13 13:50:09.352,0.76901,0.7691,1.00,1.22
2016.09.13 13:50:09.621,0.76902,0.7691,1.00,1.31
2016.09.13 13:50:09.723,0.76903,0.7691,1.00,1.22
2016.09.13 13:50:09.774,0.76903,0.76911,1.00,1.56
2016.09.13 13:50:09.825,0.76903,0.76912,1.00,2.51
2016.09.13 13:50:09.876,0.76903,0.76912,1.00,1.39
2016.09.13 13:50:09.928,0.76903,0.76912,1.00,1.32
2016.09.13 13:50:10.126,0.76902,0.76912,1.12,1.76
2016.09.13 13:50:10.177,0.76899,0.76907,2.25,1.00
2016.09.13 13:50:10.280,0.76897,0.76906,1.50,1.00
2016.09.13 13:50:10.332,0.76897,0.76904,1.87,1.00
2016.09.13 13:50:10.383,0.76895,0.76904,2.32,1.00
2016.09.13 13:50:10.435,0.76895,0.76902,1.57,1.00
2016.09.13 13:50:10.486,0.76893,0.76901,2.70,1.00
2016.09.13 13:50:10.542,0.76893,0.76901,2.32,1.00
2016.09.13 13:50:10.615,0.76893,0.76901,2.25,1.00
2016.09.13 13:50:10.771,0.76893,0.76901,1.87,1.00
2016.09.13 13:50:10.874,0.76897,0.76906,1.50,1.39
2016.09.13 13:50:10.925,0.76898,0.76907,1.00,1.95
2016.09.13 13:50:10.977,0.76898,0.76907,1.57,1.87
2016.09.13 13:50:11.029,0.76898,0.76907,2.62,1.00
2016.09.13 13:50:11.081,0.76899,0.76908,1.12,1.00
2016.09.13 13:50:11.133,0.76901,0.7691,1.00,1.12
2016.09.13 13:50:11.186,0.769,0.7691,2.25,1.00
2016.09.13 13:50:11.422,0.76901,0.7691,2.70,1.00
2016.09.13 13:50:11.474,0.76901,0.76908,2.70,1.00
2016.09.13 13:50:11.526,0.76901,0.76909,1.57,1.00
2016.09.13 13:50:11.577,0.76901,0.76907,1.10,1.00
2016.09.13 13:50:11.681,0.76899,0.76907,1.12,1.00
2016.09.13 13:50:11.885,0.76899,0.76906,1.00,1.00
2016.09.13 13:50:12.065,0.76899,0.76906,1.12,1.00
2016.09.13 13:50:12.117,0.76899,0.76908,1.50,1.00
2016.09.13 13:50:12.324,0.769,0.76907,2.25,1.00
2016.09.13 13:50:12.376,0.769,0.76907,2.32,1.00
2016.09.13 13:50:12.430,0.769,0.76907,2.40,1.00
2016.09.13 13:50:12.481,0.76899,0.76906,2.62,1.00
2016.09.13 13:50:12.533,0.76899,0.76906,1.87,1.00
2016.09.13 13:50:12.584,0.76898,0.76906,1.95,1.00
2016.09.13 13:50:12.761,0.76898,0.76906,2.32,1.00
2016.09.13 13:50:12.814,0.76898,0.76907,1.12,1.00
2016.09.13 13:50:12.865,0.76898,0.76907,1.00,1.00
2016.09.13 13:50:12.917,0.76898,0.76907,1.00,1.00
2016.09.13 13:50:12.968,0.76899,0.76906,1.87,1.00
2016.09.13 13:50:13.070,0.76899,0.76906,2.25,1.00
2016.09.13 13:50:13.122,0.76899,0.76906,2.32,1.00
2016.09.13 13:50:13.276,0.76899,0.76907,2.70,1.00
2016.09.13 13:50:13.599,0.769,0.76907,1.50,1.00
2016.09.13 13:50:13.765,0.769,0.76909,2.47,1.00
2016.09.13 13:50:13.816,0.769,0.76909,3.22,1.00
2016.09.13 13:50:13.918,0.76901,0.76909,1.50,1.00
2016.09.13 13:50:14.020,0.76901,0.76911,1.50,1.00
2016.09.13 13:50:14.071,0.76903,0.76912,1.00,1.25
2016.09.13 13:50:14.123,0.76903,0.76912,1.50,1.00
2016.09.13 13:50:14.295,0.76904,0.76912,2.40,1.00
2016.09.13 13:50:14.347,0.76906,0.76913,1.10,1.00
2016.09.13 13:50:14.398,0.76906,0.76913,1.57,1.00
2016.09.13 13:50:14.935,0.76906,0.76912,1.57,1.00
2016.09.13 13:50:15.136,0.76906,0.76914,1.10,1.12
2016.09.13 13:50:15.187,0.76905,0.76912,1.10,1.00
2016.09.13 13:50:15.238,0.76903,0.76911,3.37,1.00
2016.09.13 13:50:15.290,0.76903,0.76911,1.00,1.12
2016.09.13 13:50:15.392,0.76903,0.76911,1.00,1.00
2016.09.13 13:50:15.496,0.76904,0.76911,1.50,1.00
2016.09.13 13:50:15.547,0.76904,0.76911,1.00,1.25
2016.09.13 13:50:15.598,0.76902,0.76911,1.50,1.31
2016.09.13 13:50:15.776,0.76902,0.76911,1.00,1.37
2016.09.13 13:50:15.878,0.76902,0.7691,1.50,1.00
2016.09.13 13:50:15.980,0.76902,0.7691,2.25,1.00
2016.09.13 13:50:16.082,0.76905,0.76914,1.00,1.57
2016.09.13 13:50:16.133,0.76906,0.76914,1.00,1.47
2016.09.13 13:50:16.185,0.76906,0.76915,1.10,2.25
2016.09.13 13:50:16.237,0.76908,0.76915,1.00,1.50
2016.09.13 13:50:16.412,0.76907,0.76915,1.75,1.75
2016.09.13 13:50:16.464,0.76904,0.76913,2.32,1.37
2016.09.13 13:50:16.520,0.76904,0.76913,2.25,1.75
2016.09.13 13:50:16.572,0.76902,0.76912,3.37,1.12
2016.09.13 13:50:16.624,0.76902,0.76912,2.62,1.12
2016.09.13 13:50:16.675,0.76902,0.76912,2.25,1.12
2016.09.13 13:50:16.726,0.76904,0.76914,1.00,1.50
2016.09.13 13:50:16.778,0.76905,0.76914,1.00,1.00
2016.09.13 13:50:16.880,0.76905,0.76913,1.12,1.00
2016.09.13 13:50:17.113,0.76905,0.76913,1.57,1.00
2016.09.13 13:50:17.266,0.76905,0.76913,1.50,1.00
2016.09.13 13:50:17.420,0.76905,0.76915,2.25,1.00
2016.09.13 13:50:17.486,0.76905,0.76915,1.87,1.00
2016.09.13 13:50:17.537,0.76905,0.76912,2.62,1.00
2016.09.13 13:50:17.588,0.76905,0.76912,2.25,1.00
2016.09.13 13:50:17.640,0.76905,0.76913,1.00,1.00
2016.09.13 13:50:18.381,0.76904,0.76913,1.87,1.00
2016.09.13 13:50:18.782,0.76905,0.76914,1.00,1.00
2016.09.13 13:50:18.834,0.76905,0.76914,1.00,1.00
2016.09.13 13:50:19.165,0.76905,0.76914,1.50,1.00
2016.09.13 13:50:19.216,0.76907,0.76915,1.00,1.00
2016.09.13 13:50:19.319,0.76907,0.76916,1.00,1.00
2016.09.13 13:50:19.370,0.76907,0.76916,1.57,1.00
2016.09.13 13:50:19.422,0.76907,0.76916,2.32,1.00
2016.09.13 13:50:19.473,0.76907,0.76916,3.07,1.00
2016.09.13 13:50:19.702,0.76907,0.76916,2.32,1.00
2016.09.13 13:50:19.805,0.76907,0.76914,1.50,1.00
2016.09.13 13:50:19.909,0.76905,0.76913,2.25,1.00
2016.09.13 13:50:20.011,0.76904,0.76912,1.50,1.00
2016.09.13 13:50:20.114,0.76904,0.76912,1.00,1.00
2016.09.13 13:50:20.165,0.76904,0.7691,1.00,1.00
2016.09.13 13:50:20.350,0.76901,0.76908,2.62,1.00
2016.09.13 13:50:20.401,0.76899,0.76907,1.20,1.00
2016.09.13 13:50:20.452,0.76898,0.76907,4.80,1.00
2016.09.13 13:50:20.504,0.76898,0.76907,3.67,1.00
2016.09.13 13:50:20.555,0.76898,0.76907,2.92,1.00
2016.09.13 13:50:20.606,0.76898,0.76907,2.10,1.00
2016.09.13 13:50:20.657,0.76898,0.76907,1.72,1.00
2016.09.13 13:50:20.709,0.76898,0.76907,1.35,1.00
2016.09.13 13:50:20.760,0.76898,0.76907,1.35,1.00
2016.09.13 13:50:20.811,0.76899,0.76907,1.00,1.00
2016.09.13 13:50:21.137,0.76899,0.76909,1.50,1.25
2016.09.13 13:50:21.239,0.769,0.76909,2.10,1.00
2016.09.13 13:50:21.291,0.769,0.76909,2.85,1.00
2016.09.13 13:50:21.342,0.769,0.76909,3.00,1.00
2016.09.13 13:50:21.394,0.76901,0.76909,1.30,1.00
2016.09.13 13:50:21.446,0.76901,0.76909,1.30,1.00
2016.09.13 13:50:21.498,0.76901,0.76909,1.30,1.12
2016.09.13 13:50:21.600,0.769,0.76909,2.10,1.12
2016.09.13 13:50:21.777,0.769,0.76909,2.85,1.00
2016.09.13 13:50:22.299,0.769,0.76908,2.85,1.00
2016.09.13 13:50:22.452,0.769,0.76909,2.85,1.00
2016.09.13 13:50:22.503,0.76902,0.76909,1.00,1.00
2016.09.13 13:50:22.722,0.76903,0.76911,1.50,1.10
2016.09.13 13:50:22.773,0.76903,0.76913,1.50,1.19
2016.09.13 13:50:22.825,0.76903,0.76913,1.50,1.00
2016.09.13 13:50:22.885,0.76903,0.76913,2.25,1.00
2016.09.13 13:50:23.062,0.76903,0.76912,1.50,1.00
2016.09.13 13:50:23.113,0.76901,0.76909,6.60,1.00
2016.09.13 13:50:23.164,0.76901,0.76909,4.72,1.00
2016.09.13 13:50:23.215,0.76901,0.76909,1.35,1.00
2016.09.13 13:50:23.317,0.76899,0.76908,3.60,1.00
2016.09.13 13:50:23.476,0.76899,0.76908,2.85,1.00
2016.09.13 13:50:23.527,0.76899,0.76908,3.60,1.00
2016.09.13 13:50:23.645,0.76899,0.76908,2.85,1.00
2016.09.13 13:50:23.696,0.769,0.76908,1.72,1.00
2016.09.13 13:50:23.749,0.769,0.76908,1.72,1.00
2016.09.13 13:50:23.800,0.769,0.76908,1.60,1.00
2016.09.13 13:50:23.851,0.769,0.76908,2.10,1.00
2016.09.13 13:50:23.902,0.76901,0.76908,1.30,1.00
2016.09.13 13:50:24.004,0.76901,0.76908,1.12,1.00
2016.09.13 13:50:24.056,0.76902,0.76912,1.50,2.51
2016.09.13 13:50:24.208,0.76902,0.76912,1.50,2.44
2016.09.13 13:50:24.263,0.76904,0.76912,1.12,1.00
2016.09.13 13:50:24.315,0.76904,0.76911,1.50,1.00
2016.09.13 13:50:24.366,0.76903,0.76911,1.75,1.00
2016.09.13 13:50:24.418,0.76903,0.76909,1.00,1.00
2016.09.13 13:50:24.520,0.76901,0.76908,2.25,1.00
2016.09.13 13:50:24.571,0.76901,0.76909,1.75,1.00
2016.09.13 13:50:24.622,0.76902,0.76909,1.12,1.00
2016.09.13 13:50:24.725,0.769,0.76909,2.25,1.00
2016.09.13 13:50:24.870,0.769,0.76909,2.62,1.00
2016.09.13 13:50:24.922,0.769,0.76908,1.12,1.00
2016.09.13 13:50:24.974,0.76901,0.76908,1.00,1.00
2016.09.13 13:50:25.026,0.769,0.76907,1.50,1.00
2016.09.13 13:50:25.129,0.769,0.76908,1.37,1.25
2016.09.13 13:50:25.181,0.76898,0.76908,2.62,1.25
2016.09.13 13:50:25.232,0.769,0.76908,1.30,1.00
2016.09.13 13:50:25.284,0.769,0.76909,2.47,1.00
2016.09.13 13:50:25.335,0.76901,0.76911,1.00,1.57
2016.09.13 13:50:25.387,0.76901,0.76911,1.37,1.10
2016.09.13 13:50:25.568,0.76901,0.76909,1.37,1.00
2016.09.13 13:50:25.619,0.76902,0.76908,1.00,1.00
2016.09.13 13:50:25.722,0.76899,0.76908,2.62,1.00
2016.09.13 13:50:25.773,0.76899,0.76908,1.87,1.00
2016.09.13 13:50:25.824,0.76899,0.76907,1.87,1.00
2016.09.13 13:50:25.926,0.76899,0.76907,1.37,1.00
2016.09.13 13:50:26.511,0.76897,0.76906,1.57,1.00
2016.09.13 13:50:26.562,0.76897,0.76904,1.57,1.00
2016.09.13 13:50:26.614,0.76898,0.76903,1.37,1.00
2016.09.13 13:50:26.665,0.76898,0.76903,1.00,1.00
2016.09.13 13:50:26.959,0.76891,0.769,1.50,1.00
2016.09.13 13:50:27.019,0.7689,0.769,1.72,1.00
2016.09.13 13:50:27.073,0.76889,0.76899,4.12,1.00
2016.09.13 13:50:27.125,0.76889,0.76899,3.37,1.00
2016.09.13 13:50:27.176,0.76889,0.76899,3.37,1.69
2016.09.13 13:50:27.278,0.76889,0.76898,3.37,1.00
2016.09.13 13:50:27.329,0.76891,0.76898,1.37,1.00
2016.09.13 13:50:27.661,0.76889,0.76899,2.47,1.00
2016.09.13 13:50:27.712,0.76891,0.76901,1.37,1.95
2016.09.13 13:50:27.763,0.76891,0.76899,1.37,1.00
2016.09.13 13:50:27.916,0.76891,0.76899,1.50,1.00
2016.09.13 13:50:28.022,0.76891,0.76899,1.12,1.12
2016.09.13 13:50:28.316,0.7689,0.769,1.37,1.10
2016.09.13 13:50:28.420,0.7689,0.769,1.50,1.10
2016.09.13 13:50:28.522,0.7689,0.76899,1.00,1.00
2016.09.13 13:50:28.573,0.7689,0.76899,1.00,1.00
2016.09.13 13:50:28.705,0.76889,0.76899,2.85,1.00
2016.09.13 13:50:28.975,0.76889,0.76899,1.00,1.00
2016.09.13 13:50:29.027,0.76888,0.76896,2.55,1.00
2016.09.13 13:50:29.129,0.76888,0.76896,1.42,1.00
2016.09.13 13:50:29.232,0.76888,0.76896,2.17,1.00
2016.09.13 13:50:29.438,0.76889,0.76898,1.00,1.00
2016.09.13 13:50:29.542,0.76888,0.76898,1.80,1.00
2016.09.13 13:50:29.698,0.76888,0.76898,1.42,1.00
2016.09.13 13:50:29.810,0.76888,0.76897,1.05,1.00
2016.09.13 13:50:29.963,0.76888,0.76897,1.80,1.00
2016.09.13 13:50:30.546,0.76888,0.76896,1.05,1.00
2016.09.13 13:50:30.598,0.76887,0.76896,3.22,1.00
2016.09.13 13:50:30.650,0.76887,0.76896,2.85,1.00
2016.09.13 13:50:30.703,0.76887,0.76895,2.10,1.00
2016.09.13 13:50:30.754,0.76887,0.76895,1.00,1.00
2016.09.13 13:50:30.806,0.76886,0.76894,1.10,1.25
2016.09.13 13:50:30.857,0.76886,0.76893,1.00,1.00
2016.09.13 13:50:30.909,0.76886,0.76894,1.00,1.25
2016.09.13 13:50:31.012,0.76886,0.76895,1.00,1.19
2016.09.13 13:50:31.190,0.76886,0.76896,2.10,1.00
2016.09.13 13:50:31.242,0.76886,0.76896,2.85,1.00
2016.09.13 13:50:31.345,0.76888,0.76896,1.00,1.00
2016.09.13 13:50:31.447,0.76886,0.76896,2.85,1.00
2016.09.13 13:50:31.652,0.76886,0.76895,2.10,1.10
2016.09.13 13:50:31.703,0.76886,0.76895,1.72,1.10
2016.09.13 13:50:31.936,0.76886,0.76894,1.72,1.00
2016.09.13 13:50:32.440,0.76886,0.76893,1.30,1.00
2016.09.13 13:50:32.491,0.76886,0.76893,1.30,1.00
2016.09.13 13:50:32.598,0.76885,0.76893,1.60,1.00
2016.09.13 13:50:32.752,0.76885,0.76892,1.00,1.00
2016.09.13 13:50:32.907,0.76885,0.76891,1.00,1.00
2016.09.13 13:50:33.143,0.76879,0.76887,2.62,1.00
2016.09.13 13:50:33.194,0.76879,0.76887,2.62,1.00
2016.09.13 13:50:33.245,0.76879,0.76885,2.62,1.10
2016.09.13 13:50:33.296,0.76879,0.76883,1.87,1.00
2016.09.13 13:50:33.348,0.76877,0.76885,2.62,1.20
2016.09.13 13:50:33.513,0.76877,0.76885,2.62,1.20
2016.09.13 13:50:33.564,0.7688,0.76886,1.00,1.75
2016.09.13 13:50:33.615,0.7688,0.76889,1.37,1.12
2016.09.13 13:50:33.667,0.76881,0.76889,1.12,1.00
2016.09.13 13:50:33.718,0.76882,0.76886,1.00,1.00
2016.09.13 13:50:33.770,0.7688,0.76889,3.00,1.00
2016.09.13 13:50:33.821,0.7688,0.76889,2.62,1.00
2016.09.13 13:50:33.873,0.7688,0.76889,2.62,1.12
2016.09.13 13:50:33.925,0.76879,0.76888,1.00,1.20
2016.09.13 13:50:33.976,0.76879,0.76888,1.00,1.12
2016.09.13 13:50:34.163,0.76883,0.7689,1.00,1.39
2016.09.13 13:50:34.214,0.76883,0.7689,1.00,2.06
2016.09.13 13:50:34.265,0.76882,0.76889,1.50,1.00
2016.09.13 13:50:34.316,0.76882,0.76891,1.00,1.00
2016.09.13 13:50:34.368,0.76881,0.76891,2.62,1.10
2016.09.13 13:50:34.419,0.76881,0.76891,2.25,1.10
2016.09.13 13:50:34.521,0.76881,0.7689,2.25,1.00
2016.09.13 13:50:34.573,0.76882,0.7689,1.50,1.00
2016.09.13 13:50:34.624,0.76882,0.7689,1.12,1.00
2016.09.13 13:50:34.812,0.76879,0.76889,2.85,1.00
2016.09.13 13:50:35.336,0.76879,0.76888,2.85,1.00
2016.09.13 13:50:35.591,0.76879,0.76888,2.10,1.00
2016.09.13 13:50:35.795,0.76879,0.76888,1.00,1.00
2016.09.13 13:50:35.948,0.76877,0.76887,2.10,1.00
2016.09.13 13:50:36.050,0.76877,0.76887,1.72,1.00
2016.09.13 13:50:36.404,0.76883,0.7689,1.00,1.76
2016.09.13 13:50:36.457,0.76881,0.7689,1.00,1.57
2016.09.13 13:50:36.510,0.76883,0.76891,1.00,2.25
2016.09.13 13:50:36.561,0.76883,0.76891,1.00,1.00
2016.09.13 13:50:36.613,0.76883,0.76893,1.00,2.44
2016.09.13 13:50:36.664,0.76883,0.76893,1.00,1.69
2016.09.13 13:50:36.715,0.76883,0.76893,1.37,1.31
2016.09.13 13:50:36.767,0.76883,0.76893,1.37,1.69
2016.09.13 13:50:36.818,0.76882,0.7689,2.25,1.25
2016.09.13 13:50:36.869,0.76882,0.7689,1.50,1.00
2016.09.13 13:50:37.031,0.76882,0.7689,1.50,1.12
2016.09.13 13:50:37.082,0.76882,0.76888,1.00,1.00
2016.09.13 13:50:37.186,0.76882,0.76889,1.00,1.00
2016.09.13 13:50:37.591,0.76882,0.7689,1.00,1.00
2016.09.13 13:50:37.795,0.76882,0.7689,1.00,1.12
2016.09.13 13:50:38.005,0.76882,0.76891,1.00,1.95
2016.09.13 13:50:38.135,0.76882,0.76891,1.00,1.47
2016.09.13 13:50:38.186,0.76882,0.76891,1.00,1.47
2016.09.13 13:50:38.237,0.76882,0.76891,1.00,1.10
2016.09.13 13:50:38.656,0.76882,0.76891,1.00,1.20
2016.09.13 13:50:38.892,0.76882,0.76891,1.00,1.20
2016.09.13 13:50:39.095,0.76882,0.76891,1.00,1.20
2016.09.13 13:50:39.146,0.76882,0.76891,1.50,1.10
2016.09.13 13:50:39.248,0.76882,0.76891,1.00,1.10
2016.09.13 13:50:39.299,0.76882,0.7689,1.00,1.25
2016.09.13 13:50:39.350,0.76881,0.76888,1.50,1.00
2016.09.13 13:50:39.518,0.76881,0.76888,1.00,1.00
2016.09.13 13:50:39.571,0.76882,0.76891,1.12,1.37
2016.09.13 13:50:39.622,0.76882,0.76891,1.12,1.00
2016.09.13 13:50:39.674,0.76881,0.76891,1.37,1.00
2016.09.13 13:50:39.725,0.76881,0.76891,1.50,1.00
2016.09.13 13:50:39.827,0.76883,0.76891,1.00,1.00
2016.09.13 13:50:39.929,0.76882,0.76892,1.87,1.25
2016.09.13 13:50:39.982,0.76883,0.76892,1.12,1.00
2016.09.13 13:50:40.034,0.76883,0.76892,1.50,1.00
2016.09.13 13:50:40.243,0.76883,0.76892,1.50,1.00
2016.09.13 13:50:40.295,0.76881,0.76891,2.25,1.00
2016.09.13 13:50:40.398,0.76881,0.76891,1.50,1.00
2016.09.13 13:50:40.728,0.76884,0.76891,1.00,1.00
2016.09.13 13:50:41.038,0.7688,0.76889,1.00,1.31
2016.09.13 13:50:41.140,0.7688,0.76889,1.50,1.31
2016.09.13 13:50:41.191,0.7688,0.76888,1.50,1.00
2016.09.13 13:50:41.242,0.7688,0.76888,1.00,1.00
2016.09.13 13:50:41.293,0.7688,0.76888,1.00,1.50
2016.09.13 13:50:41.345,0.76879,0.76887,1.87,1.00
2016.09.13 13:50:41.396,0.76879,0.76887,1.12,1.00
2016.09.13 13:50:41.447,0.76877,0.76884,2.32,1.00
2016.09.13 13:50:41.498,0.76876,0.76886,3.75,1.00
2016.09.13 13:50:41.643,0.76876,0.76886,3.37,1.25
2016.09.13 13:50:41.694,0.76876,0.76886,1.00,1.31
2016.09.13 13:50:41.746,0.76878,0.76887,1.00,1.19
2016.09.13 13:50:41.797,0.76878,0.76887,1.00,1.31
2016.09.13 13:50:41.849,0.76878,0.76887,1.00,1.19
2016.09.13 13:50:41.900,0.76878,0.76887,1.00,1.31
2016.09.13 13:50:41.951,0.76878,0.76888,1.12,1.31
2016.09.13 13:50:42.005,0.7688,0.76888,1.00,1.31
2016.09.13 13:50:42.058,0.7688,0.7689,1.00,1.37
2016.09.13 13:50:42.275,0.7688,0.7689,1.50,1.00
2016.09.13 13:50:42.812,0.7688,0.76888,1.50,1.00
2016.09.13 13:50:42.863,0.7688,0.76885,1.00,1.00
2016.09.13 13:50:43.096,0.7688,0.76884,2.62,1.00
2016.09.13 13:50:43.147,0.76874,0.76884,1.87,1.19
2016.09.13 13:50:43.249,0.76874,0.76884,1.50,1.69
2016.09.13 13:50:43.505,0.76875,0.76882,1.00,1.00
2016.09.13 13:50:44.167,0.76876,0.76885,1.00,1.84
2016.09.13 13:50:44.219,0.76876,0.76885,1.00,1.01
2016.09.13 13:50:44.271,0.76876,0.76886,1.50,1.65
2016.09.13 13:50:44.323,0.76876,0.76886,1.50,1.57
2016.09.13 13:50:44.512,0.76876,0.76885,1.12,1.00
2016.09.13 13:50:44.563,0.76875,0.76885,1.20,1.00
2016.09.13 13:50:44.615,0.76875,0.76883,1.12,1.00
2016.09.13 13:50:44.768,0.76873,0.76879,1.12,1.00
2016.09.13 13:50:44.820,0.76873,0.76881,1.12,1.19
2016.09.13 13:50:44.871,0.76873,0.76883,1.12,2.44
2016.09.13 13:50:44.923,0.76872,0.76882,1.87,1.31
2016.09.13 13:50:44.974,0.76873,0.76883,1.00,2.06
2016.09.13 13:50:45.077,0.76873,0.76882,1.12,1.25
2016.09.13 13:50:45.264,0.76873,0.76881,1.50,1.00
2016.09.13 13:50:45.322,0.76873,0.76882,1.50,1.25
2016.09.13 13:50:45.374,0.76872,0.76881,2.40,1.25
2016.09.13 13:50:45.425,0.76872,0.76881,1.57,1.25
2016.09.13 13:50:45.478,0.76871,0.76879,2.25,1.00
2016.09.13 13:50:45.529,0.76871,0.76879,3.00,1.00
2016.09.13 13:50:45.581,0.76871,0.76879,1.87,1.00
2016.09.13 13:50:45.632,0.7687,0.76879,1.50,1.00
2016.09.13 13:50:45.974,0.7687,0.7688,1.50,1.50
2016.09.13 13:50:46.078,0.76871,0.76881,1.00,3.19
2016.09.13 13:50:46.130,0.7687,0.7688,1.50,1.37
2016.09.13 13:50:46.181,0.76871,0.76879,1.00,1.00
2016.09.13 13:50:46.233,0.7687,0.76879,1.00,1.00
2016.09.13 13:50:46.284,0.76871,0.76878,1.00,1.00
2016.09.13 13:50:46.338,0.76869,0.76879,1.12,1.00
2016.09.13 13:50:46.391,0.76869,0.76879,1.00,1.50
2016.09.13 13:50:46.560,0.76869,0.76879,1.00,1.31
2016.09.13 13:50:46.612,0.76867,0.76875,1.50,1.50
2016.09.13 13:50:46.663,0.76866,0.76874,2.40,1.00
2016.09.13 13:50:46.714,0.76866,0.76873,2.32,1.00
2016.09.13 13:50:46.765,0.76867,0.76873,1.00,1.19
2016.09.13 13:50:46.817,0.76866,0.76873,1.57,1.19
2016.09.13 13:50:46.868,0.76866,0.76873,1.20,1.25
2016.09.13 13:50:47.124,0.76866,0.76873,1.20,1.00
2016.09.13 13:50:48.201,0.76864,0.76873,2.70,1.00
2016.09.13 13:50:48.253,0.76864,0.76873,3.45,1.00
2016.09.13 13:50:48.673,0.76864,0.76873,2.70,1.00
2016.09.13 13:50:49.011,0.76866,0.76873,1.50,1.00
2016.09.13 13:50:49.062,0.76866,0.76874,1.00,1.00
2016.09.13 13:50:49.164,0.76865,0.76874,1.20,1.00
2016.09.13 13:50:49.215,0.76865,0.76875,1.12,1.12
2016.09.13 13:50:49.267,0.76865,0.76875,2.25,1.12
2016.09.13 13:50:49.318,0.76866,0.76875,1.37,1.00
2016.09.13 13:50:49.369,0.76865,0.76875,2.32,1.00
2016.09.13 13:50:49.421,0.76867,0.76876,1.12,1.00
2016.09.13 13:50:49.472,0.76867,0.76877,1.12,1.12
2016.09.13 13:50:49.523,0.76867,0.76875,1.12,1.00
2016.09.13 13:50:49.574,0.76866,0.76875,1.57,1.00
2016.09.13 13:50:49.625,0.76866,0.76875,1.95,1.00
2016.09.13 13:50:49.790,0.76865,0.76874,4.95,1.00
2016.09.13 13:50:49.844,0.76866,0.76874,1.00,1.00
2016.09.13 13:50:49.946,0.76865,0.76874,2.32,1.00
2016.09.13 13:50:49.997,0.76866,0.76874,1.12,1.00
2016.09.13 13:50:50.405,0.76868,0.76875,1.00,1.00
2016.09.13 13:50:50.578,0.76868,0.76876,2.32,1.00
2016.09.13 13:50:50.630,0.76869,0.76877,1.10,1.00
2016.09.13 13:50:50.681,0.76869,0.76877,1.00,1.00
2016.09.13 13:50:50.732,0.76869,0.76876,1.50,1.00
2016.09.13 13:50:51.078,0.76869,0.76876,1.00,1.00
2016.09.13 13:50:51.180,0.76868,0.76876,1.87,1.00
2016.09.13 13:50:51.470,0.76868,0.76875,1.12,1.00
2016.09.13 13:50:51.521,0.76868,0.76876,1.50,1.00
2016.09.13 13:50:51.674,0.76867,0.76874,1.00,1.00
2016.09.13 13:50:51.725,0.76866,0.76874,2.92,1.00
2016.09.13 13:50:51.776,0.76867,0.76874,1.50,1.00
2016.09.13 13:50:51.827,0.76867,0.76875,1.00,1.00
2016.09.13 13:50:51.878,0.76866,0.76875,2.85,1.00
2016.09.13 13:50:51.980,0.76866,0.76875,2.10,1.00
2016.09.13 13:50:52.434,0.76866,0.76876,2.85,1.00
2016.09.13 13:50:52.486,0.76867,0.76876,1.87,1.00
2016.09.13 13:50:52.537,0.76867,0.76876,1.95,1.00
2016.09.13 13:50:52.588,0.7687,0.76877,1.50,1.00
2016.09.13 13:50:52.692,0.76871,0.76879,1.00,1.10
2016.09.13 13:50:52.744,0.76872,0.76881,1.00,1.12
2016.09.13 13:50:52.918,0.76874,0.76882,1.00,1.00
2016.09.13 13:50:52.970,0.76874,0.76883,1.37,1.00
2016.09.13 13:50:53.028,0.76874,0.76882,2.62,1.00
2016.09.13 13:50:53.133,0.76872,0.76881,4.76,1.00
2016.09.13 13:50:53.185,0.76872,0.76881,2.32,1.00
2016.09.13 13:50:53.289,0.76871,0.76878,2.06,1.00
2016.09.13 13:50:53.392,0.7687,0.76878,2.02,1.00
2016.09.13 13:50:53.444,0.76869,0.76878,4.31,1.00
2016.09.13 13:50:53.632,0.76868,0.76876,1.01,1.00
2016.09.13 13:50:53.683,0.76867,0.76875,2.81,1.00
2016.09.13 13:50:53.734,0.76866,0.76873,1.57,1.00
2016.09.13 13:50:53.785,0.76865,0.76874,2.06,1.00
2016.09.13 13:50:53.836,0.76866,0.76875,1.37,1.00
2016.09.13 13:50:53.888,0.76868,0.76876,1.00,1.12
2016.09.13 13:50:53.939,0.76866,0.76876,2.10,1.12
2016.09.13 13:50:53.990,0.76867,0.76874,1.00,1.00
2016.09.13 13:50:54.041,0.76866,0.76875,1.54,1.00
2016.09.13 13:50:54.230,0.76866,0.76873,2.29,1.00
2016.09.13 13:50:54.677,0.76867,0.76876,1.19,1.00
2016.09.13 13:50:54.778,0.76867,0.76877,2.06,1.00
2016.09.13 13:50:54.952,0.76867,0.76877,3.26,1.00
2016.09.13 13:50:55.003,0.76868,0.76876,1.01,1.00
2016.09.13 13:50:55.156,0.76867,0.76876,1.94,1.00
2016.09.13 13:50:55.575,0.76867,0.76876,2.44,1.00
2016.09.13 13:50:55.626,0.76867,0.76876,1.94,1.00
2016.09.13 13:50:55.945,0.76868,0.76876,1.19,1.00
2016.09.13 13:50:56.149,0.76868,0.76876,1.19,1.00
2016.09.13 13:50:56.200,0.76867,0.76876,1.56,1.00
2016.09.13 13:50:56.251,0.76867,0.76876,1.56,1.00
2016.09.13 13:50:56.406,0.76868,0.76876,1.31,1.00
2016.09.13 13:50:56.457,0.76868,0.76878,1.31,1.00
2016.09.13 13:50:56.509,0.76872,0.76879,1.00,1.20
2016.09.13 13:50:56.560,0.76871,0.7688,1.25,1.12
2016.09.13 13:50:56.612,0.76872,0.76881,1.50,1.37
2016.09.13 13:50:56.772,0.76872,0.76882,1.20,1.87
2016.09.13 13:50:56.827,0.76871,0.7688,1.69,1.00
2016.09.13 13:50:56.930,0.76871,0.76879,1.31,1.00
2016.09.13 13:50:57.032,0.76871,0.76879,1.25,1.00
2016.09.13 13:50:57.185,0.76869,0.76878,3.94,1.00
2016.09.13 13:50:57.236,0.76869,0.76879,3.19,1.00
2016.09.13 13:50:57.465,0.76869,0.76879,2.89,1.00
2016.09.13 13:50:57.517,0.76869,0.76879,2.59,1.00
2016.09.13 13:50:57.645,0.76873,0.76881,1.00,1.12
2016.09.13 13:50:57.747,0.76873,0.76881,1.00,1.00
2016.09.13 13:50:57.850,0.76873,0.76881,1.00,1.12
2016.09.13 13:50:57.957,0.76872,0.76879,1.00,1.50
2016.09.13 13:50:58.023,0.76869,0.76878,1.31,1.00
2016.09.13 13:50:58.074,0.76868,0.76877,1.66,1.12
2016.09.13 13:50:58.265,0.76868,0.76877,1.00,1.57
2016.09.13 13:50:58.316,0.76868,0.76877,1.00,1.20
2016.09.13 13:50:58.368,0.76868,0.76877,1.00,1.12
2016.09.13 13:50:58.573,0.76868,0.76877,1.00,1.50
2016.09.13 13:50:58.625,0.76869,0.76877,1.00,1.00
2016.09.13 13:50:58.678,0.76871,0.76879,1.00,2.70
2016.09.13 13:50:58.729,0.76871,0.7688,1.00,2.62
2016.09.13 13:50:58.781,0.76871,0.76881,1.00,2.70
2016.09.13 13:50:58.935,0.76871,0.76881,1.00,3.45
2016.09.13 13:50:58.989,0.7687,0.7688,1.12,1.12
2016.09.13 13:50:59.040,0.76872,0.7688,1.00,1.12
2016.09.13 13:50:59.142,0.76872,0.7688,1.00,1.50
2016.09.13 13:50:59.193,0.7687,0.7688,1.00,1.50
2016.09.13 13:50:59.246,0.7687,0.7688,1.00,1.12
2016.09.13 13:50:59.297,0.7687,0.7688,1.00,1.87
2016.09.13 13:50:59.348,0.7687,0.7688,1.00,2.25
2016.09.13 13:50:59.399,0.7687,0.76879,1.00,1.57
2016.09.13 13:50:59.451,0.7687,0.76879,1.00,2.70
2016.09.13 13:50:59.553,0.7687,0.76879,1.00,3.07
2016.09.13 13:50:59.708,0.7687,0.76879,1.00,2.70
2016.09.13 13:50:59.759,0.7687,0.76878,1.00,1.00
2016.09.13 13:50:59.863,0.7687,0.76879,1.00,1.95
2016.09.13 13:50:59.914,0.7687,0.76879,1.00,1.20
2016.09.13 13:50:59.965,0.7687,0.7688,1.00,4.20
2016.09.13 13:51:00.017,0.7687,0.7688,1.00,3.07
2016.09.13 13:51:00.068,0.7687,0.7688,1.00,3.00
2016.09.13 13:51:00.120,0.76872,0.7688,1.00,1.10
2016.09.13 13:51:00.223,0.76873,0.76881,1.00,1.95
2016.09.13 13:51:00.275,0.76872,0.76881,1.00,2.62
2016.09.13 13:51:00.326,0.76871,0.76881,1.12,1.57
2016.09.13 13:51:00.483,0.76871,0.76881,1.00,1.95
2016.09.13 13:51:00.535,0.76871,0.7688,1.00,1.00
2016.09.13 13:51:00.586,0.76871,0.7688,1.00,1.50
2016.09.13 13:51:00.803,0.76872,0.76879,1.00,1.00
2016.09.13 13:51:01.057,0.76872,0.76879,1.00,1.12
2016.09.13 13:51:01.290,0.7687,0.76879,1.00,2.62
2016.09.13 13:51:01.343,0.7687,0.76878,1.00,1.00
2016.09.13 13:51:01.446,0.7687,0.76878,1.00,1.12
2016.09.13 13:51:01.548,0.76869,0.76878,1.00,2.62
2016.09.13 13:51:01.650,0.76869,0.76878,1.00,1.50
2016.09.13 13:51:01.752,0.76869,0.76878,1.00,1.37
2016.09.13 13:51:01.803,0.76869,0.76878,1.00,3.37
2016.09.13 13:51:01.995,0.76871,0.76878,1.00,1.95
2016.09.13 13:51:02.047,0.76871,0.76878,1.00,2.02
2016.09.13 13:51:02.149,0.76871,0.76878,1.00,1.65
2016.09.13 13:51:02.927,0.76872,0.76878,1.00,1.10
2016.09.13 13:51:02.978,0.76872,0.76878,1.00,1.00
2016.09.13 13:51:03.029,0.76872,0.76879,1.00,1.20
2016.09.13 13:51:03.234,0.76872,0.76881,1.00,6.00
2016.09.13 13:51:03.285,0.76872,0.76881,1.00,4.20
2016.09.13 13:51:03.336,0.76872,0.7688,1.00,1.12
2016.09.13 13:51:03.388,0.76872,0.76879,1.00,1.87
2016.09.13 13:51:03.439,0.76869,0.76879,1.19,3.07
2016.09.13 13:51:03.580,0.76869,0.76878,1.56,1.50
2016.09.13 13:51:03.631,0.76868,0.76877,1.62,1.87
2016.09.13 13:51:03.683,0.76868,0.76877,1.25,2.32
2016.09.13 13:51:03.734,0.76868,0.76877,1.25,2.40
2016.09.13 13:51:03.785,0.76868,0.76877,1.25,3.15
2016.09.13 13:51:03.836,0.76868,0.76876,1.00,1.37
2016.09.13 13:51:03.888,0.76868,0.76876,1.00,2.25
2016.09.13 13:51:03.940,0.76868,0.76875,1.25,1.00
2016.09.13 13:51:03.991,0.76868,0.76875,1.25,1.50
2016.09.13 13:51:04.042,0.76868,0.76875,1.00,1.50
2016.09.13 13:51:04.145,0.76868,0.76875,1.00,1.95
2016.09.13 13:51:04.323,0.76868,0.76875,1.00,3.82
2016.09.13 13:51:04.425,0.76867,0.76875,1.00,3.07
2016.09.13 13:51:04.527,0.76867,0.76875,1.00,2.32
2016.09.13 13:51:04.630,0.76867,0.76875,1.00,1.57
2016.09.13 13:51:04.834,0.76867,0.76875,1.00,1.07
2016.09.13 13:51:04.885,0.76867,0.76876,1.00,1.87
2016.09.13 13:51:04.937,0.7687,0.76876,1.00,1.12
2016.09.13 13:51:04.989,0.7687,0.76877,1.00,3.45
2016.09.13 13:51:05.129,0.7687,0.76878,1.00,4.87
2016.09.13 13:51:05.181,0.76872,0.76878,1.00,1.00
2016.09.13 13:51:05.335,0.7687,0.76877,1.12,1.00
2016.09.13 13:51:05.387,0.76868,0.76878,1.12,1.95
2016.09.13 13:51:05.438,0.76868,0.76878,1.12,3.82
2016.09.13 13:51:05.490,0.76868,0.76877,1.12,1.00
2016.09.13 13:51:05.594,0.76868,0.76878,1.00,3.45
2016.09.13 13:51:05.851,0.76868,0.76877,1.00,1.87
2016.09.13 13:51:05.982,0.76868,0.76877,1.00,2.62
2016.09.13 13:51:06.034,0.76869,0.76877,1.00,1.50
2016.09.13 13:51:06.136,0.7687,0.76879,1.00,4.95
2016.09.13 13:51:06.187,0.7687,0.76878,1.00,1.10
2016.09.13 13:51:06.239,0.76871,0.7688,1.00,1.87
2016.09.13 13:51:06.290,0.76872,0.7688,1.00,1.00
2016.09.13 13:51:06.394,0.76872,0.76881,1.00,2.02
2016.09.13 13:51:06.445,0.76872,0.76881,1.00,2.40
2016.09.13 13:51:06.723,0.76866,0.76873,2.25,1.00
2016.09.13 13:51:06.775,0.76866,0.76873,1.12,2.25
2016.09.13 13:51:06.826,0.76864,0.76869,2.25,1.12
2016.09.13 13:51:06.877,0.76862,0.76869,1.25,2.62
2016.09.13 13:51:06.929,0.76862,0.76867,1.00,1.20
2016.09.13 13:51:06.988,0.76862,0.76867,1.00,1.57
2016.09.13 13:51:07.067,0.76862,0.76866,1.00,1.20
2016.09.13 13:51:07.171,0.76862,0.76866,1.00,1.12
2016.09.13 13:51:07.365,0.76859,0.76866,1.00,1.50
2016.09.13 13:51:07.417,0.76858,0.76866,1.00,1.00
2016.09.13 13:51:07.469,0.7686,0.76866,1.00,1.12
2016.09.13 13:51:07.520,0.7686,0.76867,1.00,1.50
2016.09.13 13:51:07.571,0.76859,0.76868,1.00,2.32
2016.09.13 13:51:07.623,0.76859,0.76868,1.00,1.87
2016.09.13 13:51:07.726,0.76859,0.76868,1.00,1.50
2016.09.13 13:51:07.828,0.76859,0.76868,1.00,1.37
2016.09.13 13:51:07.879,0.76859,0.76868,1.00,1.50
2016.09.13 13:51:08.422,0.76859,0.76868,1.00,2.62
2016.09.13 13:51:08.473,0.76859,0.76868,1.00,3.00
2016.09.13 13:51:08.903,0.76859,0.76868,1.00,2.25
2016.09.13 13:51:09.008,0.76859,0.76868,1.00,1.37
2016.09.13 13:51:09.111,0.76859,0.76869,1.00,3.00
2016.09.13 13:51:09.213,0.76859,0.76869,1.00,3.00
2016.09.13 13:51:09.370,0.76859,0.76869,1.00,3.00
2016.09.13 13:51:09.421,0.76859,0.76869,1.00,2.62
2016.09.13 13:51:09.523,0.76859,0.76868,1.00,1.12
2016.09.13 13:51:10.025,0.76859,0.76868,1.00,1.50
2016.09.13 13:51:10.076,0.76859,0.76868,1.00,1.87
2016.09.13 13:51:10.130,0.76859,0.76868,1.00,4.12
2016.09.13 13:51:10.182,0.76859,0.76867,1.00,1.12
2016.09.13 13:51:10.337,0.76859,0.76867,1.00,1.50
2016.09.13 13:51:10.389,0.76858,0.76867,1.00,1.00
2016.09.13 13:51:10.529,0.76858,0.76867,1.00,3.37
2016.09.13 13:51:10.583,0.76857,0.76866,1.00,1.87
2016.09.13 13:51:10.634,0.76857,0.76865,1.00,1.50
2016.09.13 13:51:10.787,0.76857,0.76865,1.00,1.00
2016.09.13 13:51:10.839,0.76857,0.76866,1.00,3.00
2016.09.13 13:51:10.993,0.76857,0.76866,1.00,3.00
2016.09.13 13:51:11.045,0.76857,0.76864,1.00,1.00
2016.09.13 13:51:11.150,0.76856,0.76864,1.00,1.50
2016.09.13 13:51:11.440,0.76856,0.76864,1.00,1.00
2016.09.13 13:51:11.747,0.76854,0.76863,1.20,1.00
2016.09.13 13:51:11.799,0.76854,0.76864,1.57,1.50
2016.09.13 13:51:11.850,0.76854,0.76864,1.57,1.87
2016.09.13 13:51:12.019,0.76854,0.76864,1.00,1.87
2016.09.13 13:51:12.070,0.76854,0.76864,1.00,2.62
2016.09.13 13:51:12.172,0.76854,0.76864,1.00,2.25
2016.09.13 13:51:12.223,0.76854,0.76864,1.00,2.62
2016.09.13 13:51:12.274,0.76854,0.76864,1.00,3.00
2016.09.13 13:51:12.376,0.76854,0.76864,1.00,2.62
2016.09.13 13:51:12.427,0.76854,0.76864,1.00,2.70
2016.09.13 13:51:12.631,0.76857,0.76864,1.00,1.95
2016.09.13 13:51:12.682,0.76857,0.76864,1.00,1.47
2016.09.13 13:51:12.733,0.76858,0.76865,1.00,1.87
2016.09.13 13:51:12.917,0.76859,0.76867,1.00,1.00
2016.09.13 13:51:12.968,0.76859,0.76868,1.00,2.62
2016.09.13 13:51:13.019,0.76859,0.76869,1.00,2.25
2016.09.13 13:51:13.070,0.76859,0.76869,1.00,3.37
2016.09.13 13:51:13.123,0.76859,0.76869,1.00,2.25
2016.09.13 13:51:13.208,0.76859,0.76869,1.00,1.37
2016.09.13 13:51:13.680,0.7686,0.7687,1.00,3.75
2016.09.13 13:51:14.015,0.7686,0.76869,1.00,1.37
2016.09.13 13:51:15.021,0.7686,0.7687,1.00,3.75
2016.09.13 13:51:15.537,0.7686,0.7687,1.00,2.25
2016.09.13 13:51:15.588,0.76861,0.76869,1.25,1.37
2016.09.13 13:51:15.640,0.76863,0.76869,1.00,1.00
2016.09.13 13:51:15.793,0.76863,0.7687,1.00,1.00
2016.09.13 13:51:15.844,0.76863,0.76872,1.00,3.45
2016.09.13 13:51:15.997,0.76863,0.76872,1.00,3.37
2016.09.13 13:51:16.048,0.76863,0.76872,1.00,3.07
2016.09.13 13:51:16.150,0.76863,0.76872,1.00,3.82
2016.09.13 13:51:16.783,0.76863,0.76872,1.00,3.07
2016.09.13 13:51:17.615,0.76863,0.76871,1.00,1.12
2016.09.13 13:51:18.285,0.76862,0.76871,1.00,1.12
2016.09.13 13:51:18.337,0.76862,0.7687,1.00,1.37
2016.09.13 13:51:18.523,0.76862,0.7687,1.00,1.10
2016.09.13 13:51:18.577,0.76864,0.76872,1.00,3.00
2016.09.13 13:51:18.628,0.76865,0.76872,1.00,1.00
2016.09.13 13:51:18.783,0.76865,0.76873,1.00,1.12
2016.09.13 13:51:18.834,0.76865,0.76873,1.00,1.00
2016.09.13 13:51:19.321,0.76865,0.76873,1.12,1.00
2016.09.13 13:51:19.515,0.76865,0.76874,1.00,1.87
2016.09.13 13:51:20.012,0.76864,0.76872,1.00,1.00
2016.09.13 13:51:20.063,0.76861,0.76866,1.76,1.00
2016.09.13 13:51:20.114,0.7686,0.76866,2.25,1.87
2016.09.13 13:51:20.171,0.7686,0.76866,1.12,2.62
2016.09.13 13:51:20.223,0.76858,0.76863,1.00,1.00
2016.09.13 13:51:20.621,0.76858,0.76864,1.00,1.12
2016.09.13 13:51:20.673,0.7686,0.76864,1.00,1.00
2016.09.13 13:51:20.879,0.7686,0.76866,1.00,1.00
2016.09.13 13:51:21.084,0.7686,0.76864,1.00,1.00
2016.09.13 13:51:21.621,0.76859,0.76864,1.00,1.00
2016.09.13 13:51:21.723,0.76857,0.76864,1.25,1.00
2016.09.13 13:51:21.774,0.76857,0.76864,1.00,1.50
2016.09.13 13:51:21.826,0.76857,0.76862,1.00,1.00
2016.09.13 13:51:21.979,0.76859,0.76864,1.00,1.87
2016.09.13 13:51:22.114,0.76859,0.76866,1.00,3.45
2016.09.13 13:51:22.168,0.76859,0.76866,1.00,1.57
2016.09.13 13:51:22.219,0.7686,0.76866,1.00,1.10
2016.09.13 13:51:22.270,0.7686,0.76867,1.00,1.87
2016.09.13 13:51:22.322,0.76861,0.76867,1.00,1.12
2016.09.13 13:51:22.424,0.76861,0.76868,1.00,1.57
2016.09.13 13:51:22.526,0.76861,0.76866,1.00,1.00
2016.09.13 13:51:23.810,0.76861,0.76867,1.00,1.00
2016.09.13 13:51:23.863,0.76865,0.76869,1.00,1.00
2016.09.13 13:51:23.914,0.76865,0.76871,1.00,2.32
2016.09.13 13:51:23.965,0.76865,0.76871,1.00,1.00
2016.09.13 13:51:24.169,0.76868,0.76872,1.00,1.50
2016.09.13 13:51:24.373,0.76868,0.76872,1.00,1.00
2016.09.13 13:51:24.425,0.76868,0.76874,1.00,1.00
2016.09.13 13:51:24.653,0.76867,0.76871,1.00,1.00
2016.09.13 13:51:24.909,0.76868,0.76873,1.00,1.00
2016.09.13 13:51:25.062,0.76868,0.76873,1.00,1.50
2016.09.13 13:51:25.223,0.76868,0.76873,1.00,1.00
2016.09.13 13:51:25.274,0.76867,0.76874,1.00,1.50
2016.09.13 13:51:25.463,0.76869,0.76876,1.00,1.12
2016.09.13 13:51:25.566,0.76869,0.76874,1.00,1.00
2016.09.13 13:51:26.216,0.76869,0.76876,1.00,1.00
2016.09.13 13:51:26.270,0.7687,0.76876,1.00,1.37
2016.09.13 13:51:26.322,0.76869,0.76875,1.00,1.12
2016.09.13 13:51:26.374,0.76869,0.76875,1.00,1.00
2016.09.13 13:51:26.945,0.76871,0.76875,1.00,1.00
2016.09.13 13:51:27.237,0.7687,0.76874,1.00,1.87
2016.09.13 13:51:27.339,0.7687,0.76874,1.00,1.50
2016.09.13 13:51:27.390,0.7687,0.76874,1.00,1.00
2016.09.13 13:51:27.441,0.76868,0.76874,1.00,1.00
2016.09.13 13:51:27.973,0.76868,0.76875,1.00,1.00
2016.09.13 13:51:28.026,0.76868,0.76875,1.00,1.12
2016.09.13 13:51:28.097,0.76868,0.76875,1.00,1.12
2016.09.13 13:51:28.883,0.76869,0.76875,1.00,1.12
2016.09.13 13:51:28.938,0.76869,0.76875,1.00,1.12
2016.09.13 13:51:29.349,0.76869,0.76875,1.00,1.00
2016.09.13 13:51:30.200,0.76871,0.76877,1.00,1.50
2016.09.13 13:51:30.251,0.76871,0.76877,1.00,1.50
2016.09.13 13:51:30.354,0.76874,0.76879,1.00,1.50
2016.09.13 13:51:30.406,0.76875,0.76879,1.00,1.00
2016.09.13 13:51:30.458,0.76875,0.7688,1.31,2.25
2016.09.13 13:51:30.642,0.76876,0.7688,1.25,1.12
2016.09.13 13:51:30.696,0.76877,0.76881,1.00,1.87
2016.09.13 13:51:30.750,0.76876,0.7688,1.00,1.12
2016.09.13 13:51:30.802,0.76879,0.76883,1.00,1.12
2016.09.13 13:51:30.854,0.7688,0.76885,1.00,1.10
2016.09.13 13:51:31.009,0.76878,0.76885,1.00,1.00
2016.09.13 13:51:31.111,0.76875,0.76884,1.12,1.00
2016.09.13 13:51:31.337,0.76875,0.76883,1.00,1.50
2016.09.13 13:51:31.388,0.76875,0.76882,1.00,1.12
2016.09.13 13:51:31.541,0.76876,0.76882,1.00,1.12
2016.09.13 13:51:31.592,0.76876,0.76883,1.00,3.75
2016.09.13 13:51:31.643,0.76875,0.76883,1.00,3.00
2016.09.13 13:51:31.694,0.76876,0.76883,1.00,1.12
2016.09.13 13:51:31.746,0.76877,0.76884,1.00,1.57
2016.09.13 13:51:31.797,0.76877,0.76883,1.00,1.87
2016.09.13 13:51:31.989,0.76875,0.76882,1.00,1.50
2016.09.13 13:51:32.040,0.76874,0.76881,1.00,1.12
2016.09.13 13:51:32.091,0.76874,0.76881,1.00,2.25
2016.09.13 13:51:32.143,0.76875,0.76881,1.00,1.50
2016.09.13 13:51:32.195,0.76877,0.76882,1.00,1.00
2016.09.13 13:51:32.297,0.76878,0.76885,1.00,3.82
2016.09.13 13:51:32.348,0.76876,0.76885,1.00,2.70
2016.09.13 13:51:32.400,0.76876,0.76885,1.00,2.32
2016.09.13 13:51:32.451,0.76876,0.76884,1.00,1.20
2016.09.13 13:51:32.813,0.76876,0.76884,1.00,1.95
2016.09.13 13:51:33.073,0.76876,0.76884,1.00,1.20
2016.09.13 13:51:33.682,0.76876,0.76884,1.00,1.95
2016.09.13 13:51:33.734,0.76876,0.76884,1.00,2.70
2016.09.13 13:51:33.785,0.76876,0.76883,1.00,1.00
2016.09.13 13:51:33.837,0.76876,0.76882,1.00,1.00
2016.09.13 13:51:33.889,0.76875,0.76882,1.00,1.10
2016.09.13 13:51:33.991,0.76875,0.76882,1.00,1.57
2016.09.13 13:51:34.195,0.76875,0.76882,1.00,1.10
2016.09.13 13:51:34.297,0.76876,0.76882,1.00,1.47
2016.09.13 13:51:34.433,0.76876,0.76882,1.00,1.10
2016.09.13 13:51:34.595,0.76876,0.76881,1.00,1.00
2016.09.13 13:51:34.801,0.76876,0.76883,1.00,1.00
2016.09.13 13:51:34.858,0.76878,0.76883,1.00,1.00
2016.09.13 13:51:34.909,0.76878,0.76885,1.00,3.45
2016.09.13 13:51:34.961,0.76878,0.76885,1.00,1.87
2016.09.13 13:51:35.012,0.76878,0.76885,1.00,1.57
2016.09.13 13:51:35.064,0.76878,0.76885,1.00,1.20
2016.09.13 13:51:35.115,0.76877,0.76885,1.00,1.00
2016.09.13 13:51:35.234,0.76877,0.76884,1.00,1.10
2016.09.13 13:51:35.285,0.76877,0.76884,1.00,1.95
2016.09.13 13:51:35.336,0.76877,0.76884,1.00,1.87
2016.09.13 13:51:35.438,0.76876,0.76883,1.00,1.20
2016.09.13 13:51:35.540,0.76875,0.76882,1.12,1.12
2016.09.13 13:51:35.591,0.76875,0.76882,1.12,1.20
2016.09.13 13:51:35.693,0.76875,0.76882,1.00,1.95
2016.09.13 13:51:35.897,0.76872,0.76881,1.00,1.10
2016.09.13 13:51:36.040,0.76872,0.7688,1.00,2.32
2016.09.13 13:51:36.147,0.7687,0.7688,1.00,3.82
2016.09.13 13:51:36.198,0.7687,0.76878,1.00,1.00
2016.09.13 13:51:36.249,0.76869,0.76877,1.31,1.12
2016.09.13 13:51:36.300,0.7687,0.76877,1.00,2.25
2016.09.13 13:51:36.352,0.7687,0.76877,1.00,1.20
2016.09.13 13:51:36.403,0.7687,0.76877,1.00,3.52
2016.09.13 13:51:36.454,0.76869,0.76877,1.00,4.27
2016.09.13 13:51:36.505,0.76869,0.76877,1.00,1.65
2016.09.13 13:51:36.607,0.76871,0.76877,1.00,2.02
2016.09.13 13:51:36.855,0.76869,0.76878,1.00,3.00
2016.09.13 13:51:37.162,0.76868,0.76878,1.00,5.25
2016.09.13 13:51:37.213,0.76869,0.76877,1.00,1.27
2016.09.13 13:51:37.265,0.76868,0.76876,1.00,1.12
2016.09.13 13:51:37.316,0.76867,0.76876,1.25,1.57
2016.09.13 13:51:37.367,0.76869,0.76876,1.00,2.40
2016.09.13 13:51:37.543,0.76868,0.76875,1.00,1.10
2016.09.13 13:51:37.797,0.76868,0.76875,1.00,1.57
2016.09.13 13:51:37.849,0.76868,0.76876,1.00,1.95
2016.09.13 13:51:37.951,0.76868,0.76876,1.00,2.70
2016.09.13 13:51:38.268,0.76868,0.76876,1.00,2.32
2016.09.13 13:51:38.319,0.76867,0.76875,1.00,1.10
2016.09.13 13:51:38.473,0.76869,0.76875,1.00,1.20
2016.09.13 13:51:38.525,0.76871,0.76875,1.00,1.12
2016.09.13 13:51:38.577,0.76871,0.76875,1.00,1.00
2016.09.13 13:51:38.655,0.76872,0.76878,1.00,1.75
2016.09.13 13:51:38.855,0.76872,0.76879,1.00,1.57
2016.09.13 13:51:38.907,0.76874,0.7688,1.00,1.10
2016.09.13 13:51:39.009,0.76873,0.7688,1.12,1.10
2016.09.13 13:51:39.111,0.76872,0.7688,1.00,1.10
2016.09.13 13:51:39.263,0.76872,0.76879,1.00,1.00
2016.09.13 13:51:39.315,0.76872,0.76879,1.00,1.00
2016.09.13 13:51:39.366,0.76872,0.76879,1.00,1.12
2016.09.13 13:51:39.468,0.76873,0.7688,1.00,1.57
2016.09.13 13:51:39.651,0.76873,0.7688,1.00,1.10
2016.09.13 13:51:40.122,0.76872,0.7688,1.00,1.20
2016.09.13 13:51:40.173,0.76873,0.7688,1.00,1.95
2016.09.13 13:51:40.224,0.76872,0.76878,1.00,1.00
2016.09.13 13:51:40.469,0.7687,0.76877,1.00,1.50
2016.09.13 13:51:40.521,0.76869,0.76877,1.00,1.12
2016.09.13 13:51:40.572,0.7687,0.76877,1.00,1.50
2016.09.13 13:51:40.623,0.76869,0.76878,1.00,3.37
2016.09.13 13:51:40.675,0.76869,0.76878,1.00,2.62
2016.09.13 13:51:40.726,0.76869,0.76878,1.00,2.62
2016.09.13 13:51:40.778,0.76868,0.76878,1.00,4.12
2016.09.13 13:51:40.829,0.76868,0.76876,1.00,1.20
2016.09.13 13:51:40.880,0.76868,0.76876,1.00,1.65
2016.09.13 13:51:41.066,0.76867,0.76874,1.00,1.00
2016.09.13 13:51:41.117,0.76867,0.76875,1.00,1.85
2016.09.13 13:51:41.168,0.76868,0.76876,1.00,3.82
2016.09.13 13:51:41.219,0.76868,0.76876,1.00,1.57
2016.09.13 13:51:41.270,0.76868,0.76876,1.00,1.07
2016.09.13 13:51:41.423,0.76868,0.76877,1.00,3.07
2016.09.13 13:51:41.474,0.76869,0.76877,1.00,1.65
2016.09.13 13:51:41.525,0.76869,0.76877,1.00,1.27
2016.09.13 13:51:41.577,0.76868,0.76878,1.00,5.25
2016.09.13 13:51:41.628,0.76869,0.76876,1.00,1.00
2016.09.13 13:51:41.679,0.76869,0.76876,1.00,1.10
2016.09.13 13:51:41.829,0.76869,0.76876,1.00,1.20
2016.09.13 13:51:41.931,0.76869,0.76876,1.00,1.57
2016.09.13 13:51:42.033,0.76869,0.76876,1.00,2.70
2016.09.13 13:51:42.186,0.76867,0.76876,1.00,1.95
2016.09.13 13:51:42.289,0.76867,0.76875,1.00,1.12
2016.09.13 13:51:42.341,0.76867,0.76875,1.00,1.87
2016.09.13 13:51:42.682,0.76867,0.76874,1.00,1.00
2016.09.13 13:51:42.735,0.76867,0.76874,1.00,1.10
2016.09.13 13:51:42.787,0.76867,0.76874,1.00,1.20
2016.09.13 13:51:43.291,0.76869,0.76874,1.00,1.20
2016.09.13 13:51:43.551,0.76869,0.76874,1.00,1.10
2016.09.13 13:51:43.653,0.76869,0.76874,1.00,1.00
2016.09.13 13:51:43.955,0.76869,0.76873,1.00,1.50
2016.09.13 13:51:44.057,0.76869,0.76873,1.00,1.00
2016.09.13 13:51:44.109,0.76869,0.76873,1.00,1.12
2016.09.13 13:51:44.370,0.76866,0.76874,1.00,2.32
2016.09.13 13:51:44.422,0.76866,0.76874,1.00,2.70
2016.09.13 13:51:44.474,0.76866,0.76873,1.00,2.25
2016.09.13 13:51:44.544,0.76865,0.76869,1.00,1.00
2016.09.13 13:51:44.650,0.76863,0.76869,1.00,1.00
2016.09.13 13:51:44.906,0.76864,0.76871,1.00,2.62
2016.09.13 13:51:44.958,0.76864,0.76871,1.00,2.25
2016.09.13 13:51:45.073,0.76864,0.76871,1.00,1.50
2016.09.13 13:51:45.176,0.76864,0.76871,1.00,1.00
2016.09.13 13:51:45.227,0.76864,0.76871,1.00,1.00
2016.09.13 13:51:45.432,0.76865,0.76872,1.00,1.50
2016.09.13 13:51:45.605,0.76863,0.76872,1.00,3.07
2016.09.13 13:51:45.668,0.76863,0.7687,1.00,1.00
2016.09.13 13:51:45.719,0.76863,0.7687,1.00,1.00
2016.09.13 13:51:45.821,0.76863,0.7687,1.00,1.12
2016.09.13 13:51:46.026,0.76861,0.7687,1.00,1.87
2016.09.13 13:51:46.077,0.76861,0.7687,1.00,2.62
2016.09.13 13:51:46.128,0.76861,0.7687,1.00,3.00
2016.09.13 13:51:46.320,0.76861,0.7687,1.00,3.37
2016.09.13 13:51:46.374,0.76861,0.76869,1.00,1.50
2016.09.13 13:51:46.580,0.76862,0.76869,1.00,1.50
2016.09.13 13:51:46.684,0.76862,0.76869,1.00,1.37
2016.09.13 13:51:46.788,0.76862,0.76868,1.00,1.12
2016.09.13 13:51:47.090,0.76861,0.76869,1.00,1.50
2016.09.13 13:51:47.346,0.76861,0.7687,1.00,1.87
2016.09.13 13:51:47.398,0.76863,0.76869,1.00,1.37
2016.09.13 13:51:47.760,0.76863,0.7687,1.00,1.87
2016.09.13 13:51:47.811,0.76863,0.7687,1.00,1.00
2016.09.13 13:51:48.424,0.76863,0.76871,1.00,1.87
2016.09.13 13:51:48.670,0.76863,0.76871,1.00,1.37
2016.09.13 13:51:48.792,0.76863,0.76871,1.00,1.50
2016.09.13 13:51:48.894,0.76864,0.76871,1.00,1.37
2016.09.13 13:51:48.996,0.76862,0.76871,1.00,1.87
2016.09.13 13:51:49.047,0.76861,0.7687,1.50,1.12
2016.09.13 13:51:49.098,0.76861,0.76869,1.00,1.12
2016.09.13 13:51:49.150,0.76863,0.7687,1.00,4.87
2016.09.13 13:51:49.320,0.76863,0.7687,1.00,2.62
2016.09.13 13:51:49.374,0.76863,0.76871,1.00,1.12
2016.09.13 13:51:49.425,0.76865,0.76871,1.00,1.00
2016.09.13 13:51:49.476,0.76865,0.76873,1.00,1.75
2016.09.13 13:51:49.527,0.76866,0.76874,1.00,2.25
2016.09.13 13:51:49.578,0.76866,0.76874,1.00,1.50
2016.09.13 13:51:49.630,0.76866,0.76875,1.00,2.77
2016.09.13 13:51:49.681,0.76866,0.76875,1.00,1.27
2016.09.13 13:51:50.019,0.76866,0.7687,1.00,1.00
2016.09.13 13:51:50.076,0.76862,0.76867,1.50,1.00
2016.09.13 13:51:50.128,0.7686,0.76867,1.12,1.00
2016.09.13 13:51:50.179,0.76859,0.76867,1.00,1.50
2016.09.13 13:51:50.231,0.76859,0.76867,1.50,1.50
2016.09.13 13:51:50.283,0.76859,0.76867,1.50,1.00
2016.09.13 13:51:50.335,0.7686,0.76867,1.00,1.50
2016.09.13 13:51:50.387,0.76863,0.76867,1.00,1.00
2016.09.13 13:51:50.438,0.76863,0.7687,1.00,2.62
2016.09.13 13:51:50.490,0.76863,0.7687,1.00,1.87
2016.09.13 13:51:50.646,0.76863,0.7687,1.00,1.50
2016.09.13 13:51:50.723,0.76863,0.7687,1.00,1.12
2016.09.13 13:51:50.775,0.76863,0.76871,1.00,1.10
2016.09.13 13:51:50.826,0.76863,0.76871,1.00,1.00
2016.09.13 13:51:50.877,0.76863,0.76871,1.00,1.00
2016.09.13 13:51:50.979,0.76864,0.76873,1.00,2.70
2016.09.13 13:51:51.030,0.76864,0.76872,1.00,1.12
2016.09.13 13:51:51.183,0.76864,0.76873,1.00,2.70
2016.09.13 13:51:51.334,0.76864,0.76873,1.00,2.62
2016.09.13 13:51:51.385,0.76864,0.76874,1.00,1.47
2016.09.13 13:51:51.436,0.76866,0.76873,1.00,1.12
2016.09.13 13:51:51.538,0.76866,0.76873,1.00,1.00
2016.09.13 13:51:51.589,0.76866,0.76873,1.00,1.50
2016.09.13 13:51:51.640,0.76865,0.76873,1.00,1.87
2016.09.13 13:51:51.691,0.76865,0.76872,1.00,1.00
2016.09.13 13:51:51.743,0.76865,0.76872,1.00,1.00
2016.09.13 13:51:51.794,0.76865,0.76873,1.00,1.87
2016.09.13 13:51:51.845,0.76865,0.76872,1.00,1.00
2016.09.13 13:51:52.113,0.76867,0.76875,1.00,1.85
2016.09.13 13:51:52.164,0.76868,0.76875,1.00,1.00
2016.09.13 13:51:52.267,0.76867,0.76876,1.00,3.45
2016.09.13 13:51:52.318,0.76867,0.76876,1.00,2.70
2016.09.13 13:51:52.369,0.76865,0.76874,1.12,1.00
2016.09.13 13:51:52.420,0.76864,0.76872,1.47,1.00
2016.09.13 13:51:52.471,0.76863,0.76872,1.50,2.62
2016.09.13 13:51:52.522,0.76863,0.76872,1.00,3.00
2016.09.13 13:51:52.574,0.76863,0.76872,1.37,3.00
2016.09.13 13:51:52.731,0.76863,0.76872,1.37,4.12
2016.09.13 13:51:52.783,0.76862,0.76871,1.37,3.07
2016.09.13 13:51:52.885,0.76862,0.76869,1.00,1.12
2016.09.13 13:51:52.936,0.7686,0.76869,1.37,1.12
2016.09.13 13:51:52.988,0.76859,0.76868,1.50,1.00
2016.09.13 13:51:53.039,0.7686,0.76868,1.00,1.00
2016.09.13 13:51:53.090,0.7686,0.76868,1.00,1.50
2016.09.13 13:51:53.192,0.76862,0.76868,1.00,1.50
2016.09.13 13:51:53.243,0.76862,0.76868,1.12,1.00
2016.09.13 13:51:53.294,0.76862,0.7687,1.12,1.12
2016.09.13 13:51:53.485,0.76862,0.76871,1.00,4.20
2016.09.13 13:51:53.537,0.76862,0.76871,1.00,3.07
2016.09.13 13:51:53.589,0.76862,0.76871,1.00,2.32
2016.09.13 13:51:53.659,0.76862,0.76871,1.12,1.50
2016.09.13 13:51:53.711,0.76862,0.76872,1.12,2.70
2016.09.13 13:51:53.762,0.76862,0.76872,1.00,1.57
2016.09.13 13:51:53.865,0.76862,0.76871,1.00,1.10
2016.09.13 13:51:54.108,0.76862,0.7687,1.00,1.00
2016.09.13 13:51:54.160,0.7686,0.7687,1.00,1.87
2016.09.13 13:51:54.212,0.7686,0.7687,1.00,3.07
2016.09.13 13:51:54.265,0.76862,0.76869,1.00,1.10
2016.09.13 13:51:54.317,0.76862,0.76869,1.00,1.57
2016.09.13 13:51:54.368,0.76862,0.76869,1.00,3.00
2016.09.13 13:51:54.470,0.76862,0.76869,1.00,2.62
2016.09.13 13:51:54.572,0.76862,0.76868,1.37,1.10
2016.09.13 13:51:54.758,0.76861,0.76868,1.37,1.20
2016.09.13 13:51:54.813,0.7686,0.76868,1.37,2.32
2016.09.13 13:51:54.966,0.76859,0.76868,1.37,1.57
2016.09.13 13:51:55.120,0.7686,0.76867,1.37,1.12
2016.09.13 13:51:55.171,0.7686,0.76867,1.00,1.12
2016.09.13 13:51:55.493,0.76859,0.76868,1.00,1.57
2016.09.13 13:51:55.545,0.76859,0.76867,1.00,1.00
2016.09.13 13:51:55.852,0.7686,0.76867,1.37,1.00
2016.09.13 13:51:56.381,0.76859,0.76867,1.37,1.00
2016.09.13 13:51:56.848,0.76859,0.76867,1.00,1.00
2016.09.13 13:51:57.076,0.76859,0.76867,1.37,1.00
2016.09.13 13:51:57.306,0.76858,0.76867,1.00,1.50
2016.09.13 13:51:57.358,0.76859,0.76866,1.00,1.00
2016.09.13 13:51:57.409,0.76856,0.76865,1.87,1.00
2016.09.13 13:51:57.460,0.76856,0.76865,1.12,3.00
2016.09.13 13:51:57.511,0.76855,0.76865,1.37,3.00
2016.09.13 13:51:57.562,0.76855,0.76865,1.37,3.45
2016.09.13 13:51:57.613,0.76855,0.76864,1.37,1.50
2016.09.13 13:51:57.665,0.76855,0.76865,1.37,4.20
2016.09.13 13:51:57.716,0.76855,0.76863,1.37,1.00
2016.09.13 13:51:58.494,0.76855,0.76863,1.37,1.00
2016.09.13 13:51:58.596,0.76855,0.76863,1.37,1.50
2016.09.13 13:51:58.649,0.76855,0.76863,1.37,2.25
2016.09.13 13:51:58.702,0.76855,0.76863,1.37,1.00
2016.09.13 13:51:58.914,0.76856,0.76865,1.31,1.50
2016.09.13 13:51:59.017,0.76856,0.76865,1.31,1.00
2016.09.13 13:51:59.069,0.76856,0.76865,1.62,1.50
2016.09.13 13:51:59.173,0.76856,0.76865,1.62,1.12
2016.09.13 13:51:59.225,0.76857,0.76865,1.12,1.12
2016.09.13 13:51:59.277,0.76857,0.76865,1.37,1.12
2016.09.13 13:51:59.380,0.76856,0.76865,1.37,1.00
2016.09.13 13:51:59.788,0.76856,0.76865,1.12,1.00
2016.09.13 13:52:00.047,0.76857,0.76866,1.00,3.00
2016.09.13 13:52:00.098,0.76857,0.76866,1.37,1.50
2016.09.13 13:52:00.151,0.76857,0.76866,1.37,1.50
2016.09.13 13:52:00.203,0.76856,0.76865,1.37,1.00
2016.09.13 13:52:00.381,0.76857,0.76865,1.00,1.00
2016.09.13 13:52:00.432,0.76859,0.76865,1.00,1.00
2016.09.13 13:52:00.483,0.76859,0.76867,1.37,1.00
2016.09.13 13:52:00.586,0.76859,0.76868,1.50,3.37
2016.09.13 13:52:00.637,0.76859,0.76868,1.50,4.12
2016.09.13 13:52:00.689,0.76859,0.76867,1.37,1.12
2016.09.13 13:52:00.838,0.76859,0.76867,1.00,1.12
2016.09.13 13:52:00.889,0.76858,0.76868,1.00,2.62
2016.09.13 13:52:01.196,0.76858,0.76866,1.12,1.00
2016.09.13 13:52:01.248,0.76859,0.76866,1.00,1.50
2016.09.13 13:52:01.531,0.76855,0.76864,1.12,1.10
2016.09.13 13:52:01.753,0.76853,0.76862,1.00,1.00
2016.09.13 13:52:01.861,0.76853,0.76862,1.00,1.12
2016.09.13 13:52:02.344,0.76852,0.76861,1.00,1.00
2016.09.13 13:52:02.395,0.76852,0.76859,1.00,1.50
2016.09.13 13:52:02.447,0.76852,0.76859,1.00,2.25
2016.09.13 13:52:02.498,0.76852,0.76859,1.00,1.87
2016.09.13 13:52:02.549,0.76852,0.76859,1.00,1.12
2016.09.13 13:52:02.601,0.76852,0.7686,1.00,1.50
2016.09.13 13:52:02.653,0.76854,0.76862,1.00,3.82
2016.09.13 13:52:02.704,0.76854,0.76863,1.00,1.37
2016.09.13 13:52:02.807,0.76854,0.76863,1.00,1.00
2016.09.13 13:52:03.153,0.7686,0.76866,1.00,1.95
2016.09.13 13:52:03.204,0.76862,0.76866,1.00,1.50
2016.09.13 13:52:03.255,0.76861,0.76866,1.00,1.37
2016.09.13 13:52:03.307,0.76865,0.76871,1.00,1.75
2016.09.13 13:52:03.358,0.76865,0.76872,1.00,4.12
2016.09.13 13:52:03.409,0.76865,0.76874,1.00,2.25
2016.09.13 13:52:03.511,0.76864,0.76874,1.00,1.00
2016.09.13 13:52:03.563,0.76865,0.76875,1.00,3.07
2016.09.13 13:52:03.731,0.76865,0.76875,1.00,2.32
2016.09.13 13:52:04.027,0.76865,0.76875,1.00,1.57
2016.09.13 13:52:04.159,0.76865,0.76875,1.00,2.32
2016.09.13 13:52:04.210,0.76867,0.76874,1.00,1.50
2016.09.13 13:52:04.313,0.76865,0.76874,1.00,1.50
2016.09.13 13:52:04.655,0.76865,0.76874,1.00,1.00
2016.09.13 13:52:04.936,0.76868,0.76876,1.00,1.57
2016.09.13 13:52:04.987,0.76868,0.76876,1.00,1.50
2016.09.13 13:52:05.038,0.76868,0.76876,1.00,1.20
2016.09.13 13:52:05.089,0.76868,0.76876,1.00,1.10
2016.09.13 13:52:05.191,0.76868,0.76876,1.00,1.95
2016.09.13 13:52:05.242,0.76868,0.76876,1.00,2.62
2016.09.13 13:52:05.407,0.76866,0.76872,1.00,1.00
2016.09.13 13:52:05.458,0.76863,0.76871,1.50,1.50
2016.09.13 13:52:05.509,0.76863,0.7687,1.00,1.20
2016.09.13 13:52:05.611,0.76863,0.7687,1.00,1.27
2016.09.13 13:52:05.713,0.76865,0.76871,1.00,1.12
2016.09.13 13:52:05.767,0.76865,0.76872,1.00,5.02
2016.09.13 13:52:05.818,0.76864,0.76872,1.00,2.02
2016.09.13 13:52:05.920,0.76866,0.76873,1.00,2.25
2016.09.13 13:52:06.258,0.76866,0.76873,1.00,3.00
2016.09.13 13:52:06.411,0.76866,0.76873,1.00,2.25
2016.09.13 13:52:06.513,0.76865,0.76873,1.00,1.20
2016.09.13 13:52:06.878,0.76866,0.76874,1.00,1.50
2016.09.13 13:52:07.144,0.76865,0.76874,1.00,2.25
2016.09.13 13:52:07.203,0.76866,0.76874,1.00,1.50
2016.09.13 13:52:07.741,0.76865,0.76873,1.00,1.20
2016.09.13 13:52:07.792,0.76862,0.7687,1.00,1.00
2016.09.13 13:52:07.946,0.76862,0.7687,1.50,1.00
2016.09.13 13:52:07.998,0.76862,0.7687,1.69,1.00
2016.09.13 13:52:08.101,0.76862,0.7687,1.31,1.00
2016.09.13 13:52:08.181,0.76863,0.76871,1.00,1.00
2016.09.13 13:52:08.235,0.76864,0.76873,1.00,1.57
2016.09.13 13:52:08.287,0.76864,0.76873,1.12,1.12
2016.09.13 13:52:08.339,0.76864,0.76874,1.12,1.00
2016.09.13 13:52:08.391,0.76866,0.76874,1.50,1.00
2016.09.13 13:52:08.647,0.76866,0.76875,1.12,1.00
2016.09.13 13:52:08.698,0.76866,0.76875,1.50,1.00
2016.09.13 13:52:08.800,0.76866,0.76875,2.25,1.00
2016.09.13 13:52:08.902,0.76866,0.76876,2.25,1.10
2016.09.13 13:52:08.953,0.76867,0.76876,1.00,1.00
2016.09.13 13:52:09.005,0.76867,0.76876,1.37,1.00
2016.09.13 13:52:09.056,0.76867,0.76877,1.87,1.00
2016.09.13 13:52:09.209,0.76869,0.76876,1.00,1.00
2016.09.13 13:52:09.441,0.76869,0.76878,1.75,1.10
2016.09.13 13:52:09.493,0.76869,0.76878,2.25,1.10
2016.09.13 13:52:09.544,0.76869,0.76878,1.75,1.10
2016.09.13 13:52:09.596,0.76868,0.76876,2.00,1.00
2016.09.13 13:52:09.647,0.76868,0.76875,1.69,1.00
2016.09.13 13:52:09.699,0.76866,0.76874,1.20,1.00
2016.09.13 13:52:09.750,0.76865,0.76875,2.44,1.00
2016.09.13 13:52:09.801,0.76866,0.76875,1.12,1.00
2016.09.13 13:52:09.852,0.76864,0.76874,7.69,1.00
2016.09.13 13:52:09.903,0.76864,0.76872,2.81,1.00
2016.09.13 13:52:09.955,0.76864,0.76872,1.12,1.00
2016.09.13 13:52:10.137,0.76862,0.76872,3.19,1.00
2016.09.13 13:52:10.189,0.76864,0.76871,1.00,1.00
2016.09.13 13:52:10.394,0.76863,0.76873,1.87,1.00
2016.09.13 13:52:10.445,0.76864,0.76873,1.00,1.00
2016.09.13 13:52:10.496,0.76864,0.76873,1.12,1.00
2016.09.13 13:52:10.548,0.76867,0.76876,1.00,1.20
2016.09.13 13:52:10.599,0.76867,0.76876,1.00,1.12
2016.09.13 13:52:10.650,0.76867,0.76876,1.00,1.00
2016.09.13 13:52:10.867,0.76868,0.76877,1.00,1.12
2016.09.13 13:52:10.918,0.76867,0.76876,1.00,1.00
2016.09.13 13:52:11.022,0.76868,0.76877,1.00,1.50
2016.09.13 13:52:11.074,0.76866,0.76876,1.00,1.00
2016.09.13 13:52:11.228,0.76866,0.76876,1.12,1.00
2016.09.13 13:52:11.330,0.76867,0.76874,1.00,1.00
2016.09.13 13:52:11.382,0.76865,0.76875,3.00,1.00
2016.09.13 13:52:11.605,0.76865,0.76875,2.25,1.00
2016.09.13 13:52:11.917,0.76865,0.76875,1.87,1.00
2016.09.13 13:52:12.019,0.76867,0.76875,1.00,1.00
2016.09.13 13:52:12.122,0.76867,0.76875,1.12,1.00
2016.09.13 13:52:12.174,0.76868,0.76875,1.00,1.00
2016.09.13 13:52:12.225,0.76868,0.76877,1.25,1.00
2016.09.13 13:52:12.363,0.76868,0.76878,1.31,1.00
2016.09.13 13:52:12.414,0.76868,0.76877,1.69,1.00
2016.09.13 13:52:12.466,0.76868,0.76877,2.25,1.00
2016.09.13 13:52:12.568,0.76868,0.76877,1.50,1.00
2016.09.13 13:52:12.619,0.76869,0.76877,1.00,1.00
2016.09.13 13:52:13.575,0.76871,0.76878,1.00,1.00
2016.09.13 13:52:14.152,0.76871,0.76877,1.00,1.00
2016.09.13 13:52:14.458,0.76871,0.76879,1.00,1.12
2016.09.13 13:52:14.509,0.76871,0.76878,1.00,1.00
2016.09.13 13:52:14.611,0.7687,0.76878,1.12,1.00
2016.09.13 13:52:14.663,0.76872,0.76878,1.00,1.00
2016.09.13 13:52:15.421,0.76872,0.76879,1.00,1.95
2016.09.13 13:52:15.473,0.76872,0.76879,1.00,1.47
2016.09.13 13:52:15.524,0.76873,0.7688,1.00,1.50
2016.09.13 13:52:15.575,0.76872,0.7688,1.00,1.37
2016.09.13 13:52:15.632,0.76872,0.7688,1.00,1.00
2016.09.13 13:52:16.512,0.76872,0.76881,1.00,2.32
2016.09.13 13:52:16.665,0.76872,0.76881,1.00,1.57
2016.09.13 13:52:16.838,0.76874,0.76881,1.00,2.32
2016.09.13 13:52:16.893,0.76874,0.76882,1.00,1.50
2016.09.13 13:52:16.944,0.76874,0.76882,1.00,1.00
2016.09.13 13:52:16.995,0.76871,0.76878,1.00,1.00
2016.09.13 13:52:17.097,0.76871,0.7688,1.50,1.00
2016.09.13 13:52:17.252,0.76872,0.76878,1.00,1.00
2016.09.13 13:52:17.305,0.76871,0.76878,2.25,1.00
2016.09.13 13:52:17.356,0.76871,0.76879,1.12,1.00
2016.09.13 13:52:17.407,0.7687,0.76879,1.76,1.00
2016.09.13 13:52:17.509,0.7687,0.76875,1.57,1.00
2016.09.13 13:52:17.684,0.76868,0.76874,1.75,1.00
2016.09.13 13:52:17.736,0.76866,0.76873,2.62,1.00
2016.09.13 13:52:17.839,0.76862,0.76871,1.76,1.00
2016.09.13 13:52:17.942,0.76862,0.76871,1.39,1.00
2016.09.13 13:52:18.044,0.76862,0.76871,1.84,1.00
2016.09.13 13:52:18.149,0.76862,0.76871,2.14,1.00
2016.09.13 13:52:18.201,0.76863,0.76871,1.39,1.00
2016.09.13 13:52:18.397,0.76863,0.76871,1.76,1.00
2016.09.13 13:52:18.457,0.76862,0.76871,4.20,1.00
2016.09.13 13:52:18.561,0.76863,0.76871,1.57,1.00
2016.09.13 13:52:18.663,0.76864,0.76871,1.12,1.00
2016.09.13 13:52:18.715,0.76869,0.76876,1.00,1.12
2016.09.13 13:52:18.766,0.76873,0.76877,1.00,1.87
2016.09.13 13:52:18.818,0.76871,0.76877,1.00,3.37
2016.09.13 13:52:18.870,0.76873,0.76877,1.00,2.62
2016.09.13 13:52:18.921,0.76873,0.76879,1.00,2.25
2016.09.13 13:52:19.087,0.76875,0.76881,1.00,1.00
2016.09.13 13:52:19.245,0.76875,0.76881,1.00,1.00
2016.09.13 13:52:19.751,0.76874,0.76881,1.00,1.50
2016.09.13 13:52:19.802,0.76872,0.76881,1.00,2.25
2016.09.13 13:52:19.934,0.76872,0.76881,1.00,2.62
2016.09.13 13:52:19.986,0.76872,0.7688,1.00,3.00
2016.09.13 13:52:20.038,0.76872,0.7688,1.00,2.25
2016.09.13 13:52:20.089,0.76872,0.7688,1.00,2.32
2016.09.13 13:52:20.141,0.76869,0.76876,1.25,1.00
2016.09.13 13:52:20.192,0.76869,0.76876,1.00,1.00
2016.09.13 13:52:20.243,0.76866,0.76875,1.12,1.00
2016.09.13 13:52:20.345,0.76866,0.76875,1.00,1.00
2016.09.13 13:52:20.549,0.76866,0.76875,1.00,1.75
2016.09.13 13:52:20.767,0.76867,0.76876,1.00,3.00
2016.09.13 13:52:20.819,0.76867,0.76876,1.00,2.25
2016.09.13 13:52:20.871,0.76867,0.76876,1.00,1.87
2016.09.13 13:52:20.974,0.76866,0.76875,1.00,1.00
2016.09.13 13:52:21.077,0.76865,0.76875,1.20,1.00
2016.09.13 13:52:21.128,0.76865,0.76875,1.10,1.50
2016.09.13 13:52:21.231,0.76866,0.76875,1.00,1.50
2016.09.13 13:52:21.400,0.76864,0.76874,1.69,1.50
2016.09.13 13:52:21.451,0.76864,0.76874,1.25,1.50
2016.09.13 13:52:21.503,0.76864,0.76873,1.25,1.37
2016.09.13 13:52:21.605,0.76864,0.76873,1.31,1.00
2016.09.13 13:52:21.707,0.76863,0.76873,2.06,1.00
2016.09.13 13:52:21.758,0.76863,0.76873,1.69,1.00
2016.09.13 13:52:21.811,0.76863,0.76873,1.50,1.00
2016.09.13 13:52:21.879,0.76863,0.76873,1.12,1.00
2016.09.13 13:52:21.930,0.76863,0.76873,1.00,1.12
2016.09.13 13:52:22.074,0.76863,0.76873,1.12,1.00
2016.09.13 13:52:22.132,0.76863,0.76873,1.00,1.37
2016.09.13 13:52:22.412,0.76863,0.76872,1.00,1.12
2016.09.13 13:52:22.884,0.76862,0.76872,1.01,1.12
2016.09.13 13:52:23.117,0.76863,0.76872,1.00,1.12
2016.09.13 13:52:23.251,0.76863,0.76872,1.00,1.00
2016.09.13 13:52:24.965,0.76866,0.76873,1.00,1.12
2016.09.13 13:52:25.017,0.76867,0.76875,1.00,1.87
2016.09.13 13:52:25.068,0.76867,0.76875,1.00,1.10
2016.09.13 13:52:25.119,0.76866,0.76876,1.00,1.50
2016.09.13 13:52:25.170,0.76867,0.76874,1.00,1.00
2016.09.13 13:52:25.461,0.76867,0.76874,1.00,1.12
2016.09.13 13:52:25.563,0.76867,0.76874,1.00,1.87
2016.09.13 13:52:26.073,0.76866,0.76874,1.00,1.87
2016.09.13 13:52:26.182,0.76866,0.76874,1.00,1.12
2016.09.13 13:52:26.685,0.76865,0.76874,1.00,1.12
2016.09.13 13:52:26.838,0.76866,0.76875,1.00,2.40
2016.09.13 13:52:26.889,0.76866,0.76875,1.25,2.40
2016.09.13 13:52:26.941,0.76866,0.76875,1.25,1.65
2016.09.13 13:52:26.992,0.76866,0.76875,1.25,1.57
2016.09.13 13:52:27.043,0.76866,0.76875,1.25,1.50
2016.09.13 13:52:27.095,0.76866,0.76875,1.25,1.00
2016.09.13 13:52:27.146,0.76866,0.76876,1.25,1.10
2016.09.13 13:52:27.248,0.76866,0.76875,1.25,1.00
2016.09.13 13:52:27.350,0.76866,0.76876,1.25,1.10
2016.09.13 13:52:27.563,0.76869,0.76877,1.00,1.07
2016.09.13 13:52:27.615,0.76871,0.76878,1.10,1.75
2016.09.13 13:52:27.667,0.76871,0.76878,1.76,1.37
2016.09.13 13:52:27.718,0.76872,0.76881,1.25,1.37
2016.09.13 13:52:27.770,0.76872,0.76882,1.00,1.87
2016.09.13 13:52:27.821,0.76872,0.76882,1.37,1.50
2016.09.13 13:52:27.872,0.76872,0.76882,1.50,1.50
2016.09.13 13:52:27.925,0.76873,0.76882,1.00,1.50
2016.09.13 13:52:27.976,0.76873,0.76882,1.00,1.00
2016.09.13 13:52:28.180,0.76874,0.76884,1.00,1.57
2016.09.13 13:52:28.231,0.76874,0.76884,1.00,1.20
2016.09.13 13:52:28.333,0.76874,0.76884,1.00,1.47
2016.09.13 13:52:28.384,0.76873,0.76883,1.25,1.87
2016.09.13 13:52:28.435,0.76873,0.76883,1.00,2.62
2016.09.13 13:52:28.487,0.76873,0.76882,1.00,1.00
2016.09.13 13:52:28.589,0.76872,0.76881,1.00,1.50
2016.09.13 13:52:28.655,0.76871,0.76881,1.76,2.25
2016.09.13 13:52:28.706,0.76871,0.76878,1.69,1.00
2016.09.13 13:52:28.809,0.76871,0.76878,1.25,1.00
2016.09.13 13:52:28.986,0.76869,0.76879,1.00,1.50
2016.09.13 13:52:29.037,0.76867,0.76872,1.19,1.00
2016.09.13 13:52:29.089,0.76867,0.76871,1.00,1.00
2016.09.13 13:52:29.192,0.76867,0.76873,1.00,1.50
2016.09.13 13:52:29.244,0.76866,0.76874,1.00,1.87
2016.09.13 13:52:29.295,0.76865,0.76873,1.00,1.00
2016.09.13 13:52:29.347,0.76865,0.76874,1.00,1.37
2016.09.13 13:52:29.398,0.76866,0.76875,1.00,1.12
2016.09.13 13:52:29.449,0.76866,0.76876,1.00,1.50
2016.09.13 13:52:29.724,0.76866,0.76876,1.25,1.00
2016.09.13 13:52:29.826,0.76866,0.76876,1.31,1.00
2016.09.13 13:52:29.877,0.76866,0.76876,1.69,1.00
2016.09.13 13:52:29.979,0.76866,0.76876,1.31,1.00
2016.09.13 13:52:30.030,0.76867,0.76876,1.00,1.00
2016.09.13 13:52:30.285,0.76868,0.76878,1.00,1.50
2016.09.13 13:52:30.336,0.76868,0.76877,1.00,1.00
2016.09.13 13:52:30.849,0.76869,0.76877,1.00,1.00
2016.09.13 13:52:31.683,0.76868,0.76877,1.00,1.00
2016.09.13 13:52:31.785,0.76867,0.76876,1.12,1.00
2016.09.13 13:52:31.989,0.76866,0.76874,1.50,1.00
2016.09.13 13:52:32.154,0.76866,0.76873,1.37,1.00
2016.09.13 13:52:32.206,0.76862,0.76869,1.12,1.00
2016.09.13 13:52:32.258,0.76861,0.7687,1.10,1.00
2016.09.13 13:52:32.310,0.7686,0.7687,1.00,1.00
2016.09.13 13:52:32.362,0.7686,0.7687,1.00,1.12
2016.09.13 13:52:32.413,0.76861,0.76868,1.00,1.00
2016.09.13 13:52:32.930,0.76865,0.7687,1.00,1.50
2016.09.13 13:52:32.982,0.76865,0.76873,1.00,2.32
2016.09.13 13:52:33.034,0.76866,0.76873,1.00,1.37
2016.09.13 13:52:33.086,0.76866,0.76875,1.00,1.12
2016.09.13 13:52:33.143,0.76865,0.76875,1.31,1.12
2016.09.13 13:52:33.208,0.76865,0.76875,1.31,1.00
2016.09.13 13:52:33.260,0.76867,0.76875,1.00,1.00
2016.09.13 13:52:33.796,0.76867,0.76876,1.00,1.00
2016.09.13 13:52:34.264,0.76867,0.76874,1.00,1.00
2016.09.13 13:52:34.493,0.76866,0.76875,1.00,1.50
2016.09.13 13:52:34.647,0.76868,0.76875,1.00,1.12
2016.09.13 13:52:34.699,0.76868,0.76875,1.00,1.00
2016.09.13 13:52:35.010,0.76867,0.76877,1.00,1.50
2016.09.13 13:52:35.289,0.76867,0.76877,1.00,1.87
2016.09.13 13:52:35.341,0.76868,0.76877,1.00,1.00
2016.09.13 13:52:35.392,0.76869,0.76878,1.00,2.32
2016.09.13 13:52:35.443,0.76869,0.76878,1.00,1.20
2016.09.13 13:52:35.495,0.76869,0.76878,1.00,1.10
2016.09.13 13:52:35.547,0.76869,0.76879,1.25,1.87
2016.09.13 13:52:35.600,0.76869,0.76879,1.25,1.57
2016.09.13 13:52:35.704,0.76869,0.76879,1.25,1.10
2016.09.13 13:52:35.807,0.76871,0.76879,1.00,1.10
2016.09.13 13:52:35.910,0.76874,0.76881,1.00,3.07
2016.09.13 13:52:36.069,0.76874,0.76881,1.00,3.00
2016.09.13 13:52:36.121,0.76874,0.76881,1.00,1.00
2016.09.13 13:52:36.172,0.76873,0.76883,1.00,1.00
2016.09.13 13:52:37.149,0.76874,0.76883,1.00,1.00
2016.09.13 13:52:37.404,0.76875,0.76885,1.00,1.00
2016.09.13 13:52:37.456,0.76875,0.76885,1.31,1.00
2016.09.13 13:52:37.557,0.76875,0.76885,1.25,1.00
2016.09.13 13:52:37.609,0.76875,0.76885,1.01,1.00
2016.09.13 13:52:38.130,0.76875,0.76883,1.01,1.00
2016.09.13 13:52:38.181,0.76876,0.76885,1.00,1.50
2016.09.13 13:52:38.284,0.76877,0.76885,1.00,1.20
2016.09.13 13:52:38.335,0.76876,0.76886,1.25,1.12
2016.09.13 13:52:38.387,0.76877,0.76887,1.00,1.95
2016.09.13 13:52:38.439,0.76878,0.76887,1.00,1.20
2016.09.13 13:52:38.491,0.76878,0.76887,1.00,1.10
2016.09.13 13:52:38.593,0.76878,0.76887,1.00,1.00
2016.09.13 13:52:38.840,0.76878,0.76887,1.00,1.50
2016.09.13 13:52:38.901,0.76877,0.76886,1.00,1.00
2016.09.13 13:52:39.207,0.76877,0.76885,1.00,1.00
2016.09.13 13:52:39.315,0.76877,0.76885,1.00,1.00
2016.09.13 13:52:39.469,0.76881,0.76888,1.00,3.00
2016.09.13 13:52:39.661,0.76881,0.76888,1.00,1.87
2016.09.13 13:52:39.713,0.76881,0.76889,1.00,1.00
2016.09.13 13:52:39.765,0.7688,0.76889,1.69,1.12
2016.09.13 13:52:39.816,0.7688,0.76889,1.25,1.12
2016.09.13 13:52:39.867,0.7688,0.76889,1.00,1.12
2016.09.13 13:52:40.173,0.7688,0.76889,1.00,1.00
2016.09.13 13:52:40.710,0.76879,0.76889,1.00,1.00
2016.09.13 13:52:41.409,0.76879,0.76888,1.00,1.00
2016.09.13 13:52:41.460,0.76879,0.76886,1.00,1.00
2016.09.13 13:52:42.834,0.76877,0.76887,1.00,1.50
2016.09.13 13:52:42.886,0.76877,0.76887,1.00,1.00
2016.09.13 13:52:42.988,0.76877,0.76887,1.00,1.87
2016.09.13 13:52:43.040,0.76876,0.76883,1.25,1.00
2016.09.13 13:52:43.091,0.76873,0.76883,3.26,1.50
2016.09.13 13:52:43.142,0.76874,0.76883,1.50,1.50
2016.09.13 13:52:43.193,0.76874,0.76884,1.00,1.65
2016.09.13 13:52:43.246,0.76872,0.76881,2.44,1.00
2016.09.13 13:52:43.423,0.76872,0.76877,1.00,1.00
2016.09.13 13:52:43.475,0.76869,0.76877,1.20,1.50
2016.09.13 13:52:43.526,0.76869,0.76877,1.00,1.50
2016.09.13 13:52:43.578,0.76869,0.76878,1.00,2.25
2016.09.13 13:52:43.653,0.76869,0.76878,1.00,1.12
2016.09.13 13:52:43.705,0.76869,0.76878,1.00,1.00
2016.09.13 13:52:44.056,0.76869,0.76879,1.00,1.12
2016.09.13 13:52:44.209,0.76871,0.7688,1.00,1.57
2016.09.13 13:52:44.311,0.76871,0.76881,1.00,4.12
2016.09.13 13:52:44.569,0.76871,0.76881,1.00,3.37
2016.09.13 13:52:44.620,0.76871,0.76879,1.00,1.00
2016.09.13 13:52:45.119,0.76871,0.7688,1.00,1.95
2016.09.13 13:52:45.194,0.7687,0.7688,1.25,2.32
2016.09.13 13:52:45.245,0.7687,0.76879,1.00,1.00
2016.09.13 13:52:45.297,0.7687,0.76879,1.00,1.12
2016.09.13 13:52:45.844,0.7687,0.76879,1.00,1.87
2016.09.13 13:52:47.273,0.76871,0.76879,1.00,1.87
2016.09.13 13:52:47.324,0.76871,0.7688,1.00,1.57
2016.09.13 13:52:47.375,0.76873,0.7688,1.00,2.32
2016.09.13 13:52:47.477,0.76873,0.7688,1.00,2.25
2016.09.13 13:52:47.528,0.76873,0.7688,1.00,1.87
2016.09.13 13:52:47.695,0.76873,0.7688,1.00,1.50
2016.09.13 13:52:47.747,0.76872,0.7688,1.00,1.00
2016.09.13 13:52:47.952,0.76873,0.76882,1.00,2.40
2016.09.13 13:52:48.054,0.76873,0.76882,1.00,3.15
2016.09.13 13:52:48.452,0.76873,0.76883,1.00,2.62
2016.09.13 13:52:48.504,0.76874,0.76883,1.00,1.87
2016.09.13 13:52:48.558,0.76874,0.76882,1.00,1.20
2016.09.13 13:52:48.610,0.76874,0.76881,1.00,1.00
2016.09.13 13:52:48.924,0.76874,0.76881,1.00,1.50
2016.09.13 13:52:49.077,0.76872,0.76881,1.00,1.00
2016.09.13 13:52:49.128,0.76872,0.76881,1.00,1.10
2016.09.13 13:52:49.343,0.76872,0.76881,1.00,1.20
2016.09.13 13:52:49.445,0.76872,0.7688,1.00,1.00
2016.09.13 13:52:49.836,0.76872,0.7688,1.00,1.12
2016.09.13 13:52:49.887,0.76872,0.7688,1.00,1.50
2016.09.13 13:52:50.325,0.76872,0.7688,1.00,2.25
2016.09.13 13:52:50.478,0.76872,0.7688,1.00,1.50
2016.09.13 13:52:50.698,0.76872,0.7688,1.00,2.25
2016.09.13 13:52:50.749,0.76872,0.76879,1.00,1.12
2016.09.13 13:52:50.851,0.76873,0.7688,1.00,1.37
2016.09.13 13:52:50.902,0.76875,0.76881,1.00,1.47
2016.09.13 13:52:50.953,0.76875,0.76882,1.00,1.57
2016.09.13 13:52:51.135,0.76877,0.76884,1.00,4.12
2016.09.13 13:52:51.188,0.76877,0.76884,1.00,1.00
2016.09.13 13:52:51.240,0.76874,0.76882,1.31,1.50
2016.09.13 13:52:51.292,0.76873,0.76882,1.20,1.50
2016.09.13 13:52:51.344,0.76872,0.76881,1.87,1.50
2016.09.13 13:52:51.447,0.76872,0.76881,1.50,1.87
2016.09.13 13:52:51.499,0.76872,0.76878,1.00,1.00
2016.09.13 13:52:51.601,0.76871,0.76878,2.25,1.00
2016.09.13 13:52:51.652,0.76871,0.76878,1.00,1.00
2016.09.13 13:52:51.937,0.76871,0.76879,1.00,1.37
2016.09.13 13:52:51.989,0.76871,0.76879,1.00,1.00
2016.09.13 13:52:52.367,0.76871,0.76879,1.00,1.12
2016.09.13 13:52:52.418,0.76871,0.76879,1.00,1.50
2016.09.13 13:52:52.793,0.76871,0.76878,1.00,1.20
2016.09.13 13:52:52.844,0.76871,0.76879,1.00,1.87
2016.09.13 13:52:52.895,0.76871,0.76879,1.00,4.50
2016.09.13 13:52:52.947,0.76872,0.76879,1.00,3.00
2016.09.13 13:52:52.998,0.76872,0.7688,1.00,2.25
2016.09.13 13:52:53.050,0.76872,0.7688,1.00,1.87
2016.09.13 13:52:53.118,0.76872,0.7688,1.00,1.50
2016.09.13 13:52:53.169,0.76872,0.76878,1.00,1.00
2016.09.13 13:52:55.176,0.76871,0.76878,1.00,1.00
2016.09.13 13:52:55.417,0.76871,0.7688,1.00,1.10
2016.09.13 13:52:55.469,0.76871,0.76881,1.00,2.25
2016.09.13 13:52:55.571,0.76872,0.76879,1.00,1.50
2016.09.13 13:52:55.623,0.7687,0.76879,1.25,1.00
2016.09.13 13:52:55.674,0.7687,0.76879,1.25,1.12
2016.09.13 13:52:55.725,0.7687,0.76879,1.25,1.87
2016.09.13 13:52:55.828,0.7687,0.76879,1.00,1.87
2016.09.13 13:52:55.879,0.7687,0.76877,1.00,1.00
2016.09.13 13:52:55.982,0.7687,0.76877,1.00,1.12
2016.09.13 13:52:56.039,0.7687,0.76877,1.00,1.50
2016.09.13 13:52:56.322,0.7687,0.76877,1.00,1.00
2016.09.13 13:52:56.373,0.7687,0.76877,1.00,1.00
2016.09.13 13:52:56.475,0.7687,0.76879,1.00,1.57
2016.09.13 13:52:56.527,0.7687,0.76879,1.00,1.20
2016.09.13 13:52:57.096,0.76871,0.76879,1.00,1.20
2016.09.13 13:52:57.203,0.76871,0.76879,1.00,1.12
2016.09.13 13:52:57.306,0.76871,0.76879,1.00,1.00
2016.09.13 13:52:57.461,0.76871,0.76879,1.00,1.00
2016.09.13 13:52:57.767,0.76873,0.76879,1.00,1.00
2016.09.13 13:52:58.063,0.76871,0.76879,1.00,1.00
2016.09.13 13:52:58.488,0.76871,0.7688,1.00,1.87
2016.09.13 13:52:58.641,0.76871,0.7688,1.00,1.12
2016.09.13 13:52:58.847,0.76873,0.7688,1.00,1.12
2016.09.13 13:52:58.898,0.76873,0.7688,1.00,1.00
2016.09.13 13:52:59.256,0.76871,0.7688,1.00,1.00
2016.09.13 13:52:59.308,0.76871,0.76879,1.00,1.00
2016.09.13 13:52:59.515,0.76871,0.76879,1.00,1.87
2016.09.13 13:53:00.120,0.76872,0.76879,1.00,1.87
2016.09.13 13:53:00.293,0.76872,0.76879,1.00,1.00
2016.09.13 13:53:00.420,0.76873,0.7688,1.00,1.95
2016.09.13 13:53:00.471,0.76873,0.76882,1.00,1.85
2016.09.13 13:53:00.522,0.76874,0.76883,1.00,2.25
2016.09.13 13:53:00.573,0.76875,0.76883,1.00,1.00
2016.09.13 13:53:00.625,0.76875,0.76883,1.00,1.00
2016.09.13 13:53:00.879,0.76876,0.76884,1.00,1.87
2016.09.13 13:53:01.063,0.76873,0.76881,1.37,1.00
2016.09.13 13:53:01.114,0.76874,0.76881,1.00,1.50
2016.09.13 13:53:01.216,0.76873,0.76881,1.00,1.87
2016.09.13 13:53:01.267,0.76873,0.76881,1.00,2.32
2016.09.13 13:53:01.318,0.76873,0.76881,1.00,3.07
2016.09.13 13:53:02.058,0.76873,0.7688,1.00,1.37
2016.09.13 13:53:02.326,0.76873,0.7688,1.00,1.87
2016.09.13 13:53:02.377,0.76871,0.76876,1.00,1.00
2016.09.13 13:53:02.428,0.76869,0.76876,1.50,1.00
2016.09.13 13:53:02.479,0.76868,0.76876,1.00,2.25
2016.09.13 13:53:02.654,0.76867,0.76876,1.00,1.50
2016.09.13 13:53:02.706,0.76872,0.76877,1.00,1.12
2016.09.13 13:53:02.757,0.76873,0.76878,1.00,1.00
2016.09.13 13:53:02.808,0.76873,0.76879,1.00,2.62
2016.09.13 13:53:02.859,0.76873,0.76877,1.00,1.50
2016.09.13 13:53:03.063,0.76873,0.76878,1.00,2.25
2016.09.13 13:53:03.114,0.76872,0.76877,1.00,1.50
2016.09.13 13:53:03.369,0.7687,0.76874,1.00,1.00
2016.09.13 13:53:03.471,0.7687,0.76874,1.00,1.00
2016.09.13 13:53:04.070,0.76872,0.76876,1.00,1.00
2016.09.13 13:53:04.128,0.76872,0.76877,1.00,1.87
2016.09.13 13:53:04.230,0.76871,0.76877,1.00,1.12
2016.09.13 13:53:04.434,0.76871,0.76877,1.00,1.00
2016.09.13 13:53:04.486,0.76871,0.76878,1.00,1.57
2016.09.13 13:53:04.886,0.76873,0.76879,1.00,1.00
2016.09.13 13:53:05.753,0.76872,0.76876,1.00,1.00
2016.09.13 13:53:06.357,0.76873,0.76877,1.00,1.10
2016.09.13 13:53:06.408,0.76873,0.76878,1.00,1.87
2016.09.13 13:53:06.459,0.76873,0.76878,1.00,1.00
2016.09.13 13:53:06.694,0.76874,0.76879,1.00,1.20
2016.09.13 13:53:07.002,0.76875,0.7688,1.00,2.25
2016.09.13 13:53:07.053,0.76876,0.7688,1.00,1.12
2016.09.13 13:53:07.104,0.76876,0.7688,1.00,1.00
2016.09.13 13:53:07.206,0.76876,0.7688,1.00,1.00
2016.09.13 13:53:07.512,0.76876,0.76881,1.00,1.20
2016.09.13 13:53:07.697,0.76876,0.7688,1.00,1.00
2016.09.13 13:53:07.750,0.76876,0.7688,1.00,1.00
2016.09.13 13:53:07.905,0.76876,0.76881,1.00,1.10
2016.09.13 13:53:08.110,0.76874,0.76881,1.00,1.10
2016.09.13 13:53:08.161,0.76874,0.76881,1.00,1.20
2016.09.13 13:53:08.347,0.76873,0.76877,1.00,1.00
2016.09.13 13:53:08.401,0.76873,0.76879,1.00,1.00
2016.09.13 13:53:08.452,0.76872,0.76878,1.00,1.00
2016.09.13 13:53:09.114,0.76871,0.76879,1.12,1.00
2016.09.13 13:53:09.166,0.76875,0.76879,1.00,1.00
2016.09.13 13:53:10.002,0.76875,0.76881,1.00,1.50
2016.09.13 13:53:10.053,0.76875,0.76881,1.00,1.00
2016.09.13 13:53:10.257,0.76872,0.76881,1.00,1.50
2016.09.13 13:53:10.308,0.76873,0.76879,1.00,1.12
2016.09.13 13:53:10.801,0.76873,0.7688,1.00,1.65
2016.09.13 13:53:10.854,0.76874,0.7688,1.00,1.20
2016.09.13 13:53:10.905,0.76875,0.7688,1.00,1.12
2016.09.13 13:53:11.007,0.76875,0.7688,1.00,1.12
2016.09.13 13:53:11.292,0.76874,0.7688,1.00,1.12
2016.09.13 13:53:11.343,0.76874,0.7688,1.00,1.00
2016.09.13 13:53:11.445,0.76874,0.7688,1.00,1.37
2016.09.13 13:53:11.496,0.76874,0.7688,1.00,1.47
2016.09.13 13:53:11.666,0.76875,0.76879,1.00,1.00
2016.09.13 13:53:11.717,0.76875,0.76881,1.00,1.65
2016.09.13 13:53:11.768,0.76875,0.76881,1.00,1.27
2016.09.13 13:53:12.276,0.76874,0.76882,1.00,3.37
2016.09.13 13:53:12.328,0.76874,0.76882,1.00,2.62
2016.09.13 13:53:12.678,0.76876,0.76882,1.00,2.62
2016.09.13 13:53:12.781,0.76876,0.76881,1.00,1.27
2016.09.13 13:53:13.160,0.76876,0.76881,1.00,1.20
2016.09.13 13:53:13.211,0.76876,0.76881,1.00,1.12
2016.09.13 13:53:13.504,0.76876,0.76882,1.00,2.02
2016.09.13 13:53:13.561,0.76876,0.76882,1.00,1.65
2016.09.13 13:53:13.612,0.76876,0.76883,1.00,2.62
2016.09.13 13:53:13.664,0.76876,0.76883,1.00,1.50
2016.09.13 13:53:13.715,0.76876,0.76883,1.00,1.47
2016.09.13 13:53:14.022,0.76876,0.76883,1.00,1.37
2016.09.13 13:53:14.073,0.76877,0.76883,1.00,1.00
2016.09.13 13:53:14.125,0.7688,0.76886,1.00,1.10
2016.09.13 13:53:14.293,0.7688,0.76886,1.00,1.00
2016.09.13 13:53:14.347,0.7688,0.76886,1.00,1.00
2016.09.13 13:53:14.960,0.76879,0.76886,1.00,1.00
2016.09.13 13:53:15.135,0.76879,0.76887,1.00,1.57
2016.09.13 13:53:15.186,0.76879,0.76886,1.00,1.00
2016.09.13 13:53:15.441,0.76877,0.76885,1.00,1.50
2016.09.13 13:53:15.492,0.76876,0.76882,1.00,1.00
2016.09.13 13:53:15.594,0.76876,0.76882,1.00,1.10
2016.09.13 13:53:16.122,0.76876,0.76883,1.00,1.00
2016.09.13 13:53:16.224,0.76876,0.76884,1.00,1.20
2016.09.13 13:53:16.378,0.76877,0.76884,1.00,1.10
2016.09.13 13:53:16.429,0.76877,0.76885,1.00,1.50
2016.09.13 13:53:17.264,0.76877,0.76884,1.00,1.00
2016.09.13 13:53:17.315,0.76876,0.76883,1.00,1.00
2016.09.13 13:53:17.606,0.76876,0.76883,1.00,1.47
2016.09.13 13:53:17.657,0.76876,0.76882,1.00,1.00
2016.09.13 13:53:17.809,0.76876,0.76884,1.00,1.50
2016.09.13 13:53:17.927,0.76876,0.76884,1.00,1.12
2016.09.13 13:53:18.131,0.76876,0.76884,1.00,1.50
2016.09.13 13:53:18.182,0.76876,0.76884,1.00,1.87
2016.09.13 13:53:18.233,0.76876,0.76884,1.00,1.50
2016.09.13 13:53:18.312,0.76876,0.76884,1.00,1.12
2016.09.13 13:53:19.040,0.76876,0.76884,1.00,1.50
2016.09.13 13:53:19.092,0.76876,0.76884,1.00,1.87
2016.09.13 13:53:19.347,0.76876,0.76884,1.00,2.62
2016.09.13 13:53:19.398,0.76876,0.76883,1.00,1.20
2016.09.13 13:53:19.449,0.76875,0.76883,1.00,1.50
2016.09.13 13:53:19.633,0.76872,0.76879,1.00,1.12
2016.09.13 13:53:19.786,0.76872,0.76878,1.00,1.00
2016.09.13 13:53:19.939,0.7687,0.76878,1.00,1.00
2016.09.13 13:53:19.990,0.7687,0.76878,1.00,1.50
2016.09.13 13:53:20.432,0.76871,0.76876,1.00,1.00
2016.09.13 13:53:21.349,0.76872,0.76876,1.00,1.00
2016.09.13 13:53:21.658,0.76871,0.76876,1.00,1.00
2016.09.13 13:53:21.862,0.7687,0.76874,1.00,1.00
2016.09.13 13:53:22.017,0.76869,0.76874,1.00,1.50
2016.09.13 13:53:22.190,0.76869,0.76874,1.00,1.00
2016.09.13 13:53:22.394,0.76869,0.76877,1.00,1.12
2016.09.13 13:53:22.445,0.76871,0.76877,1.00,1.00
2016.09.13 13:53:22.548,0.76871,0.76877,1.12,1.00
2016.09.13 13:53:22.599,0.76872,0.76879,1.00,1.00
2016.09.13 13:53:22.701,0.76872,0.76879,1.00,1.00
2016.09.13 13:53:23.092,0.76872,0.76877,1.00,1.00
2016.09.13 13:53:23.606,0.76871,0.76878,1.00,1.00
2016.09.13 13:53:24.115,0.76871,0.76876,1.00,1.00
2016.09.13 13:53:24.473,0.76869,0.76877,1.00,1.00
2016.09.13 13:53:24.524,0.76869,0.76877,1.00,1.50
2016.09.13 13:53:24.575,0.76869,0.76875,1.00,1.00
2016.09.13 13:53:24.804,0.76868,0.76872,1.00,1.00
2016.09.13 13:53:24.906,0.76866,0.76872,1.00,1.00
2016.09.13 13:53:24.957,0.76866,0.76874,1.00,1.07
2016.09.13 13:53:25.008,0.76866,0.76873,1.00,1.10
2016.09.13 13:53:25.060,0.76865,0.76875,1.00,1.57
2016.09.13 13:53:25.111,0.76865,0.76874,1.00,1.12
2016.09.13 13:53:25.162,0.76865,0.76874,1.00,1.50
2016.09.13 13:53:25.213,0.76864,0.76873,1.00,1.00
2016.09.13 13:53:25.264,0.76866,0.76873,1.00,1.00
2016.09.13 13:53:25.315,0.76869,0.76875,1.00,1.65
2016.09.13 13:53:25.459,0.76869,0.76876,1.00,3.00
2016.09.13 13:53:25.510,0.76869,0.76878,1.00,2.70
2016.09.13 13:53:25.562,0.76869,0.76878,1.00,3.07
2016.09.13 13:53:25.613,0.76869,0.76876,1.00,1.12
2016.09.13 13:53:25.920,0.76865,0.76872,1.12,1.00
2016.09.13 13:53:25.971,0.76864,0.76872,1.87,1.00
2016.09.13 13:53:26.022,0.76864,0.76869,1.00,1.00
2016.09.13 13:53:26.194,0.76862,0.7687,1.20,2.25
2016.09.13 13:53:26.245,0.76861,0.76869,1.00,1.12
2016.09.13 13:53:26.296,0.76862,0.7687,1.00,1.57
2016.09.13 13:53:26.348,0.76863,0.76871,1.00,1.87
2016.09.13 13:53:26.399,0.76864,0.76871,1.00,1.12
2016.09.13 13:53:26.451,0.76866,0.76872,1.00,2.32
2016.09.13 13:53:26.504,0.76866,0.76873,1.00,1.87
2016.09.13 13:53:26.556,0.76867,0.76873,1.00,1.50
2016.09.13 13:53:26.610,0.76867,0.76873,1.00,1.00
2016.09.13 13:53:26.712,0.76867,0.76874,1.00,1.37
2016.09.13 13:53:26.871,0.76866,0.76874,1.12,3.82
2016.09.13 13:53:26.926,0.76863,0.76873,1.00,1.57
2016.09.13 13:53:26.977,0.76863,0.76872,1.00,1.00
2016.09.13 13:53:27.029,0.76863,0.76872,1.00,1.50
2016.09.13 13:53:27.182,0.76863,0.76872,1.00,1.00
2016.09.13 13:53:27.233,0.76863,0.76872,1.00,1.00
2016.09.13 13:53:27.285,0.76866,0.76872,1.00,1.00
2016.09.13 13:53:27.336,0.76866,0.76875,1.00,3.75
2016.09.13 13:53:27.389,0.76866,0.76875,1.00,2.62
2016.09.13 13:53:27.573,0.76866,0.76875,1.00,1.00
2016.09.13 13:53:27.905,0.76866,0.76873,1.00,1.00
2016.09.13 13:53:27.957,0.76864,0.76874,1.50,1.00
2016.09.13 13:53:28.008,0.76864,0.76872,1.00,1.00
2016.09.13 13:53:28.060,0.76861,0.76871,4.31,1.00
2016.09.13 13:53:28.111,0.76861,0.76869,2.44,1.00
2016.09.13 13:53:28.162,0.76861,0.76869,1.12,1.00
2016.09.13 13:53:28.342,0.76862,0.76869,1.00,1.00
2016.09.13 13:53:28.394,0.76863,0.76872,1.00,2.32
2016.09.13 13:53:28.597,0.76863,0.76871,1.00,1.00
2016.09.13 13:53:28.708,0.76863,0.76872,1.00,2.70
2016.09.13 13:53:28.776,0.76863,0.76871,1.00,1.12
2016.09.13 13:53:28.929,0.76863,0.7687,1.00,1.00
2016.09.13 13:53:29.175,0.76865,0.76872,1.00,1.57
2016.09.13 13:53:29.227,0.76864,0.76873,1.00,1.47
2016.09.13 13:53:29.278,0.76864,0.76873,1.00,1.00
2016.09.13 13:53:29.329,0.76864,0.76874,1.00,3.00
2016.09.13 13:53:29.381,0.76864,0.76874,1.00,2.25
2016.09.13 13:53:29.535,0.76864,0.76874,1.00,2.62
2016.09.13 13:53:30.209,0.76864,0.76874,1.00,3.37
2016.09.13 13:53:30.312,0.76864,0.76874,1.00,3.75
2016.09.13 13:53:30.414,0.76863,0.76872,1.00,1.50
2016.09.13 13:53:30.466,0.76865,0.76872,1.00,1.87
2016.09.13 13:53:30.519,0.76865,0.76872,1.00,1.12
2016.09.13 13:53:30.688,0.76865,0.76874,1.00,1.50
2016.09.13 13:53:30.740,0.76868,0.76875,1.00,2.62
2016.09.13 13:53:30.791,0.76865,0.76874,1.50,1.00
2016.09.13 13:53:30.893,0.76865,0.76872,1.00,1.00
2016.09.13 13:53:30.945,0.76863,0.76873,1.12,2.70
2016.09.13 13:53:30.996,0.76863,0.76873,1.00,2.70
2016.09.13 13:53:31.047,0.76862,0.76872,1.69,1.00
2016.09.13 13:53:31.098,0.76862,0.76872,1.00,1.12
2016.09.13 13:53:31.251,0.76862,0.76872,1.00,1.00
2016.09.13 13:53:31.445,0.76863,0.76872,1.00,1.12
2016.09.13 13:53:31.649,0.76863,0.76873,1.00,3.45
2016.09.13 13:53:31.751,0.76863,0.76873,1.00,2.32
2016.09.13 13:53:31.803,0.76862,0.76872,1.00,1.00
2016.09.13 13:53:31.854,0.76863,0.76872,1.00,2.25
2016.09.13 13:53:31.906,0.76865,0.76872,1.00,1.57
2016.09.13 13:53:32.084,0.76864,0.76872,1.00,1.12
2016.09.13 13:53:32.135,0.76864,0.76873,1.00,3.37
2016.09.13 13:53:32.186,0.76864,0.76873,1.00,1.87
2016.09.13 13:53:32.237,0.76864,0.76872,1.00,1.37
2016.09.13 13:53:32.797,0.76864,0.76871,1.00,1.12
2016.09.13 13:53:32.849,0.76863,0.76871,1.00,1.00
2016.09.13 13:53:32.999,0.76863,0.76872,1.00,3.45
2016.09.13 13:53:33.050,0.76864,0.76871,1.00,1.12
2016.09.13 13:53:33.101,0.76863,0.76872,1.00,1.57
2016.09.13 13:53:33.153,0.76864,0.76871,1.00,1.00
2016.09.13 13:53:33.318,0.76862,0.7687,1.00,1.50
2016.09.13 13:53:33.369,0.76862,0.7687,1.00,1.87
2016.09.13 13:53:33.420,0.76862,0.7687,1.00,2.25
2016.09.13 13:53:33.471,0.76862,0.7687,1.00,1.50
2016.09.13 13:53:33.522,0.76863,0.76872,1.00,3.52
2016.09.13 13:53:33.581,0.76863,0.76872,1.00,2.70
2016.09.13 13:53:33.810,0.76864,0.76872,1.00,1.37
2016.09.13 13:53:33.861,0.76865,0.76872,1.00,1.87
2016.09.13 13:53:34.014,0.76865,0.76872,1.00,1.00
2016.09.13 13:53:34.065,0.76863,0.76872,1.00,1.00
2016.09.13 13:53:34.592,0.76864,0.76873,1.00,1.57
2016.09.13 13:53:34.644,0.76864,0.76873,1.00,2.32
2016.09.13 13:53:34.747,0.76864,0.76873,1.00,1.57
2016.09.13 13:53:35.754,0.76864,0.76873,1.00,1.10
2016.09.13 13:53:35.805,0.76864,0.76874,1.00,4.95
2016.09.13 13:53:35.856,0.76864,0.76873,1.00,1.12
2016.09.13 13:53:36.008,0.76864,0.76873,1.00,1.87
2016.09.13 13:53:36.059,0.76864,0.76873,1.00,2.62
2016.09.13 13:53:36.314,0.76865,0.76873,1.00,1.87
2016.09.13 13:53:36.534,0.76865,0.76873,1.00,1.50
2016.09.13 13:53:36.719,0.76865,0.76873,1.00,1.00
2016.09.13 13:53:37.257,0.76866,0.76872,1.00,1.00
2016.09.13 13:53:37.536,0.76866,0.76873,1.00,1.50
2016.09.13 13:53:37.851,0.76865,0.76872,1.00,1.00
2016.09.13 13:53:38.397,0.76863,0.76872,1.00,1.87
2016.09.13 13:53:38.499,0.76863,0.76872,1.00,1.87
2016.09.13 13:53:38.924,0.76864,0.7687,1.00,1.00
2016.09.13 13:53:39.249,0.76864,0.76871,1.00,1.12
2016.09.13 13:53:39.403,0.76864,0.76871,1.00,1.87
2016.09.13 13:53:39.672,0.76862,0.76871,1.00,1.12
2016.09.13 13:53:39.723,0.76862,0.76869,1.00,1.00
2016.09.13 13:53:39.774,0.7686,0.76869,1.25,1.50
2016.09.13 13:53:39.825,0.76859,0.76866,1.00,1.00
2016.09.13 13:53:40.015,0.76856,0.76862,1.50,1.00
2016.09.13 13:53:40.068,0.76854,0.7686,1.00,1.00
2016.09.13 13:53:40.119,0.76854,0.7686,1.00,1.12
2016.09.13 13:53:40.170,0.76854,0.76862,1.00,1.50
2016.09.13 13:53:40.221,0.76854,0.76862,1.00,1.12
2016.09.13 13:53:41.038,0.76854,0.76863,1.00,1.50
2016.09.13 13:53:43.443,0.76854,0.76863,1.00,1.00
2016.09.13 13:53:43.669,0.76854,0.76861,1.00,1.00
2016.09.13 13:53:43.722,0.76852,0.76861,1.50,1.00
2016.09.13 13:53:43.777,0.76852,0.76861,1.12,1.00
2016.09.13 13:53:43.828,0.76852,0.7686,1.00,1.00
2016.09.13 13:53:44.056,0.76851,0.7686,1.25,1.00
2016.09.13 13:53:44.113,0.76852,0.76861,1.00,1.50
2016.09.13 13:53:44.267,0.76853,0.76862,1.00,2.25
2016.09.13 13:53:44.552,0.76853,0.76862,1.00,3.00
2016.09.13 13:53:44.655,0.76853,0.76861,1.00,1.00
2016.09.13 13:53:44.858,0.7685,0.76858,1.31,1.00
2016.09.13 13:53:45.113,0.7685,0.76857,1.31,1.00
2016.09.13 13:53:45.164,0.76851,0.76859,1.25,1.00
2016.09.13 13:53:45.216,0.76851,0.76859,1.62,1.00
2016.09.13 13:53:45.642,0.76851,0.76859,1.25,1.00
2016.09.13 13:53:45.700,0.76851,0.76859,1.69,1.00
2016.09.13 13:53:45.905,0.76852,0.76861,1.00,1.00
2016.09.13 13:53:45.957,0.76854,0.76862,1.00,1.10
2016.09.13 13:53:46.009,0.76854,0.76862,1.25,1.00
2016.09.13 13:53:46.112,0.76854,0.76863,2.06,1.00
2016.09.13 13:53:46.164,0.76855,0.76863,1.19,1.00
2016.09.13 13:53:46.215,0.76855,0.76863,1.69,1.00
2016.09.13 13:53:46.445,0.76855,0.76861,1.19,1.00
2016.09.13 13:53:46.496,0.76854,0.7686,1.69,1.00
2016.09.13 13:53:46.548,0.76853,0.7686,1.57,1.00
2016.09.13 13:53:46.599,0.76853,0.7686,1.10,1.00
2016.09.13 13:53:46.702,0.76851,0.76858,2.06,1.00
2016.09.13 13:53:46.755,0.76851,0.76858,1.69,1.00
2016.09.13 13:53:46.806,0.7685,0.76858,1.69,1.00
2016.09.13 13:53:47.051,0.76848,0.76854,1.31,1.00
2016.09.13 13:53:47.102,0.76847,0.76854,2.06,1.00
2016.09.13 13:53:47.154,0.76847,0.76854,1.69,1.00
2016.09.13 13:53:47.206,0.76847,0.76854,2.06,1.00
2016.09.13 13:53:47.411,0.76848,0.76856,1.19,1.00
2016.09.13 13:53:47.514,0.7685,0.76857,1.19,1.00
2016.09.13 13:53:48.017,0.7685,0.76856,1.19,1.00
2016.09.13 13:53:48.760,0.7685,0.76856,1.69,1.00
2016.09.13 13:53:48.811,0.7685,0.76858,1.69,1.00
2016.09.13 13:53:48.862,0.7685,0.76858,1.19,1.00
2016.09.13 13:53:49.122,0.7685,0.76856,1.19,1.00
2016.09.13 13:53:49.398,0.76852,0.76859,1.37,1.00
2016.09.13 13:53:49.500,0.76852,0.76859,1.00,1.00
2016.09.13 13:53:49.865,0.76852,0.76859,1.50,1.00
2016.09.13 13:53:50.167,0.76852,0.7686,1.00,1.00
2016.09.13 13:53:50.373,0.76852,0.76859,1.50,1.00
2016.09.13 13:53:50.476,0.76852,0.76859,1.69,1.00
2016.09.13 13:53:50.850,0.76852,0.7686,1.19,1.00
2016.09.13 13:53:51.054,0.76853,0.7686,1.25,1.00
2016.09.13 13:53:52.090,0.76852,0.7686,1.19,1.00
2016.09.13 13:53:52.367,0.76852,0.7686,1.19,1.00
2016.09.13 13:53:52.824,0.76852,0.76858,1.19,1.00
2016.09.13 13:53:53.082,0.7685,0.76859,1.19,1.00
2016.09.13 13:53:53.134,0.76851,0.76859,1.25,1.00
2016.09.13 13:53:53.186,0.76852,0.76859,1.00,1.00
2016.09.13 13:53:53.237,0.76852,0.7686,1.25,1.50
2016.09.13 13:53:53.289,0.76851,0.7686,1.76,1.00
2016.09.13 13:53:53.469,0.76853,0.76863,1.10,3.37
2016.09.13 13:53:53.542,0.76855,0.76862,1.00,1.00
2016.09.13 13:53:53.644,0.76856,0.76862,1.00,1.00
2016.09.13 13:53:53.696,0.76856,0.76864,1.00,1.00
2016.09.13 13:53:54.129,0.76853,0.76863,1.95,1.00
2016.09.13 13:53:54.184,0.76852,0.76859,1.20,1.00
2016.09.13 13:53:54.235,0.76851,0.76856,1.87,1.00
2016.09.13 13:53:54.287,0.76851,0.76855,1.50,1.00
2016.09.13 13:53:54.338,0.7685,0.76856,1.75,1.00
2016.09.13 13:53:54.389,0.76849,0.76855,1.05,1.50
2016.09.13 13:53:54.443,0.76847,0.76854,1.12,1.00
2016.09.13 13:53:54.494,0.76846,0.76852,3.00,1.50
2016.09.13 13:53:54.546,0.76846,0.76851,2.25,1.37
2016.09.13 13:53:54.721,0.76846,0.76851,1.50,1.37
2016.09.13 13:53:54.773,0.76845,0.76855,1.00,2.62
2016.09.13 13:53:54.824,0.76847,0.76855,1.00,2.25
2016.09.13 13:53:54.875,0.76847,0.76857,1.25,2.62
2016.09.13 13:53:54.927,0.76847,0.76857,1.31,1.50
2016.09.13 13:53:54.978,0.76847,0.76856,2.06,1.00
2016.09.13 13:53:55.029,0.76847,0.76856,2.44,1.00
2016.09.13 13:53:55.080,0.76847,0.76856,1.76,1.00
2016.09.13 13:53:55.132,0.76847,0.76856,1.20,1.50
2016.09.13 13:53:55.352,0.76847,0.76856,1.20,1.00
2016.09.13 13:53:55.407,0.76847,0.76856,1.12,1.37
2016.09.13 13:53:55.610,0.76847,0.76857,1.20,1.37
2016.09.13 13:53:56.141,0.76846,0.76855,1.95,1.37
2016.09.13 13:53:56.243,0.76846,0.76855,2.70,1.37
2016.09.13 13:53:56.294,0.76846,0.76851,1.95,1.00
2016.09.13 13:53:56.345,0.76845,0.76851,1.57,1.00
2016.09.13 13:53:56.396,0.76843,0.76851,3.19,1.00
2016.09.13 13:53:56.449,0.76843,0.76853,1.25,1.12
2016.09.13 13:53:56.501,0.76845,0.76853,1.00,1.12
2016.09.13 13:53:56.552,0.76845,0.76853,1.00,1.37
2016.09.13 13:53:56.654,0.76845,0.76855,1.19,1.37
2016.09.13 13:53:56.830,0.76845,0.76855,1.19,1.12
2016.09.13 13:53:56.932,0.76845,0.76854,1.19,1.00
2016.09.13 13:53:56.984,0.76844,0.76854,1.31,1.00
2016.09.13 13:53:57.035,0.76843,0.76853,2.06,1.00
2016.09.13 13:53:57.086,0.76843,0.76853,1.62,1.00
2016.09.13 13:53:57.138,0.76843,0.76853,1.25,1.00
2016.09.13 13:53:57.190,0.76844,0.76853,1.19,1.00
2016.09.13 13:53:57.241,0.76843,0.76852,1.69,1.00
2016.09.13 13:53:57.392,0.76843,0.76852,3.19,1.00
2016.09.13 13:53:57.443,0.76844,0.76854,1.19,1.00
2016.09.13 13:53:57.495,0.76844,0.76854,1.31,1.00
2016.09.13 13:53:57.597,0.76844,0.76854,1.19,1.00
2016.09.13 13:53:58.083,0.76844,0.76853,1.00,1.00
2016.09.13 13:53:58.135,0.76842,0.76852,2.32,1.00
2016.09.13 13:53:58.187,0.76842,0.76852,1.76,1.00
2016.09.13 13:53:58.238,0.76842,0.76852,1.39,1.00
2016.09.13 13:53:58.772,0.76843,0.76853,1.19,1.00
2016.09.13 13:53:58.824,0.76844,0.76853,1.01,1.00
2016.09.13 13:53:58.875,0.76848,0.76856,1.00,1.50
2016.09.13 13:53:58.927,0.7685,0.76856,1.00,1.00
2016.09.13 13:53:58.979,0.76849,0.76859,1.00,2.25
2016.09.13 13:53:59.030,0.76849,0.76859,1.00,1.37
2016.09.13 13:53:59.082,0.76849,0.76858,1.00,1.00
2016.09.13 13:53:59.133,0.76849,0.76858,1.37,1.00
2016.09.13 13:53:59.185,0.76849,0.76858,1.50,1.00
2016.09.13 13:53:59.378,0.76849,0.76858,1.12,1.00
2016.09.13 13:54:00.210,0.76849,0.76858,1.25,1.00
2016.09.13 13:54:00.315,0.76849,0.76859,1.31,1.00
2016.09.13 13:54:00.832,0.76849,0.76859,1.31,1.50
2016.09.13 13:54:00.884,0.76849,0.76856,1.19,1.00
2016.09.13 13:54:00.935,0.76846,0.76855,3.26,1.00
2016.09.13 13:54:00.986,0.76846,0.76853,2.51,1.00
2016.09.13 13:54:01.037,0.76844,0.76853,2.06,1.00
2016.09.13 13:54:01.089,0.76847,0.76856,1.00,1.12
2016.09.13 13:54:01.140,0.76846,0.76856,1.50,1.37
2016.09.13 13:54:01.192,0.76847,0.76857,1.20,3.75
2016.09.13 13:54:01.243,0.76848,0.76857,1.00,1.75
2016.09.13 13:54:01.294,0.76848,0.76856,1.00,1.00
2016.09.13 13:54:01.463,0.76848,0.76857,1.00,1.37
2016.09.13 13:54:01.514,0.76848,0.76858,1.00,1.00
2016.09.13 13:54:01.565,0.76848,0.76858,1.00,1.87
2016.09.13 13:54:01.718,0.76848,0.76858,1.00,1.00
2016.09.13 13:54:01.820,0.76848,0.76858,1.25,1.00
2016.09.13 13:54:01.922,0.76848,0.76858,1.00,1.00
2016.09.13 13:54:02.139,0.76846,0.76854,2.25,1.00
2016.09.13 13:54:02.190,0.76846,0.76854,1.50,1.00
2016.09.13 13:54:02.242,0.76845,0.76854,1.47,1.12
2016.09.13 13:54:02.293,0.76845,0.76854,1.00,1.12
2016.09.13 13:54:02.395,0.76845,0.76852,1.19,1.00
2016.09.13 13:54:02.964,0.76844,0.76852,1.19,1.00
2016.09.13 13:54:03.283,0.76844,0.76852,1.69,1.00
2016.09.13 13:54:04.461,0.76845,0.76854,1.19,1.00
2016.09.13 13:54:04.565,0.76846,0.76854,1.31,1.00
2016.09.13 13:54:04.618,0.76846,0.76856,2.06,1.00
2016.09.13 13:54:04.670,0.76847,0.76857,1.19,1.87
2016.09.13 13:54:04.723,0.76848,0.76857,1.19,1.12
2016.09.13 13:54:04.775,0.76848,0.76857,1.19,1.20
2016.09.13 13:54:04.929,0.76846,0.76856,2.44,1.00
2016.09.13 13:54:04.980,0.76846,0.76856,1.69,1.00
2016.09.13 13:54:05.156,0.76846,0.76856,1.12,1.87
2016.09.13 13:54:05.213,0.76845,0.76853,1.00,1.00
2016.09.13 13:54:05.264,0.76843,0.76853,1.00,1.00
2016.09.13 13:54:05.316,0.76844,0.76851,1.00,1.00
2016.09.13 13:54:05.471,0.76841,0.76851,1.37,1.87
2016.09.13 13:54:05.523,0.76841,0.7685,1.37,1.00
2016.09.13 13:54:05.845,0.76841,0.76851,1.37,1.87
2016.09.13 13:54:05.896,0.76839,0.76849,1.50,1.00
2016.09.13 13:54:05.948,0.76839,0.76849,1.50,1.00
2016.09.13 13:54:05.999,0.76842,0.7685,1.00,1.57
2016.09.13 13:54:06.051,0.76842,0.76848,1.00,1.00
2016.09.13 13:54:06.154,0.76843,0.76851,1.00,2.62
2016.09.13 13:54:06.205,0.76843,0.76851,1.00,3.37
2016.09.13 13:54:06.257,0.76842,0.76851,1.50,1.37
2016.09.13 13:54:06.405,0.76842,0.76853,1.50,1.87
2016.09.13 13:54:06.464,0.76843,0.76851,1.37,1.00
2016.09.13 13:54:06.515,0.76843,0.76853,1.37,2.25
2016.09.13 13:54:06.667,0.76842,0.76849,1.37,1.00
2016.09.13 13:54:06.718,0.76842,0.76853,1.37,2.25
2016.09.13 13:54:06.820,0.76842,0.7685,1.37,1.00
2016.09.13 13:54:07.119,0.76842,0.76851,2.25,1.00
2016.09.13 13:54:07.178,0.76844,0.76852,1.00,1.00
2016.09.13 13:54:07.231,0.76844,0.76853,1.37,1.00
2016.09.13 13:54:07.284,0.76843,0.76853,1.47,1.00
2016.09.13 13:54:07.336,0.76843,0.76853,1.47,1.12
2016.09.13 13:54:07.439,0.76843,0.76854,1.47,3.75
2016.09.13 13:54:07.541,0.76842,0.76851,1.57,1.00
2016.09.13 13:54:07.837,0.76842,0.76852,1.47,1.50
2016.09.13 13:54:08.093,0.76842,0.7685,1.47,1.00
2016.09.13 13:54:08.200,0.76842,0.7685,1.37,1.00
2016.09.13 13:54:08.252,0.7684,0.7685,1.87,1.00
2016.09.13 13:54:08.355,0.7684,0.7685,1.87,1.87
2016.09.13 13:54:08.563,0.76841,0.76853,1.50,2.32
2016.09.13 13:54:08.614,0.76842,0.76851,1.47,1.50
2016.09.13 13:54:08.665,0.76842,0.76853,1.47,2.25
2016.09.13 13:54:08.768,0.76842,0.76853,1.47,1.50
2016.09.13 13:54:08.819,0.76842,0.76851,1.47,1.00
2016.09.13 13:54:09.074,0.76844,0.76852,1.37,1.00
2016.09.13 13:54:09.545,0.76842,0.76851,1.20,1.00
2016.09.13 13:54:09.597,0.76841,0.7685,1.37,1.00
2016.09.13 13:54:09.648,0.76839,0.76849,1.37,1.00
2016.09.13 13:54:09.750,0.7684,0.76847,1.00,1.37
2016.09.13 13:54:09.802,0.7684,0.76847,1.00,1.95
2016.09.13 13:54:10.039,0.76838,0.76847,1.37,1.95
2016.09.13 13:54:10.151,0.76836,0.76845,1.37,1.00
2016.09.13 13:54:10.253,0.76838,0.76846,1.00,1.12
2016.09.13 13:54:10.356,0.76839,0.76848,1.00,2.32
2016.09.13 13:54:10.407,0.7684,0.76848,1.00,1.95
2016.09.13 13:54:10.459,0.7684,0.76848,1.12,1.12
2016.09.13 13:54:10.888,0.76841,0.76848,1.50,1.12
2016.09.13 13:54:11.346,0.76841,0.76848,1.57,1.12
2016.09.13 13:54:11.448,0.76841,0.7685,1.95,1.00
2016.09.13 13:54:11.690,0.76842,0.76852,1.37,1.00
2016.09.13 13:54:11.741,0.76844,0.76852,1.37,1.00
2016.09.13 13:54:12.600,0.76844,0.76851,1.37,1.00
2016.09.13 13:54:12.828,0.76844,0.76851,1.00,1.00
2016.09.13 13:54:12.930,0.76844,0.76851,1.37,1.00
2016.09.13 13:54:13.035,0.76844,0.76853,1.37,1.10
2016.09.13 13:54:13.312,0.76844,0.76851,1.37,1.00
2016.09.13 13:54:13.363,0.76843,0.76853,1.37,1.10
2016.09.13 13:54:13.519,0.76843,0.76853,1.87,1.10
2016.09.13 13:54:13.573,0.76843,0.76853,1.87,1.00
2016.09.13 13:54:13.624,0.76843,0.76851,1.37,1.00
2016.09.13 13:54:14.035,0.76843,0.76853,1.37,1.00
2016.09.13 13:54:14.484,0.76842,0.76853,2.32,1.00
2016.09.13 13:54:14.535,0.76842,0.76854,2.32,2.25
2016.09.13 13:54:14.688,0.76843,0.76851,1.37,1.00
2016.09.13 13:54:15.317,0.76843,0.76853,1.37,1.50
2016.09.13 13:54:15.519,0.76843,0.76851,1.37,1.00
2016.09.13 13:54:15.622,0.76843,0.76853,1.37,1.50
2016.09.13 13:54:15.825,0.76843,0.76851,1.37,1.00
2016.09.13 13:54:15.877,0.76843,0.76849,1.37,1.00
2016.09.13 13:54:16.942,0.76843,0.76849,1.37,1.00
2016.09.13 13:54:16.993,0.76844,0.76849,1.37,1.00
2016.09.13 13:54:17.196,0.76842,0.76849,2.32,1.00
2016.09.13 13:54:17.247,0.76842,0.76853,2.32,2.25
2016.09.13 13:54:17.299,0.76842,0.7685,1.87,1.00
2016.09.13 13:54:17.350,0.76842,0.7685,1.95,1.00
2016.09.13 13:54:17.495,0.76842,0.76849,1.50,1.00
2016.09.13 13:54:17.546,0.76839,0.76847,3.07,1.00
2016.09.13 13:54:17.598,0.76839,0.76847,2.25,1.00
2016.09.13 13:54:17.649,0.76839,0.76848,1.50,1.00
2016.09.13 13:54:17.700,0.76838,0.76847,1.47,1.00
2016.09.13 13:54:17.751,0.76842,0.76849,1.37,1.50
2016.09.13 13:54:17.803,0.76843,0.7685,1.37,1.37
2016.09.13 13:54:17.854,0.76842,0.76848,1.00,1.12
2016.09.13 13:54:17.905,0.76841,0.76848,1.00,1.50
2016.09.13 13:54:17.956,0.7684,0.76848,1.00,2.25
2016.09.13 13:54:18.115,0.7684,0.76847,1.00,1.12
2016.09.13 13:54:18.271,0.76842,0.76848,1.00,1.50
2016.09.13 13:54:18.322,0.76841,0.76849,1.00,2.40
2016.09.13 13:54:18.373,0.76841,0.76848,1.00,1.00
2016.09.13 13:54:18.433,0.76841,0.7685,1.00,2.62
2016.09.13 13:54:18.484,0.76841,0.7685,1.00,2.25
2016.09.13 13:54:18.537,0.76841,0.7685,1.00,1.87
2016.09.13 13:54:18.877,0.76841,0.76849,1.12,1.00
2016.09.13 13:54:19.030,0.7684,0.76849,1.37,1.50
2016.09.13 13:54:19.081,0.7684,0.76848,1.37,1.12
2016.09.13 13:54:19.133,0.7684,0.76848,1.12,2.62
2016.09.13 13:54:19.235,0.76839,0.76848,1.00,2.62
2016.09.13 13:54:19.338,0.76838,0.76847,1.00,1.00
2016.09.13 13:54:19.389,0.76838,0.76847,1.00,1.57
2016.09.13 13:54:19.442,0.7684,0.76847,1.00,2.32
2016.09.13 13:54:19.592,0.76841,0.76847,1.00,1.10
2016.09.13 13:54:19.643,0.76841,0.7685,1.00,3.37
2016.09.13 13:54:19.695,0.76841,0.7685,1.00,1.87
2016.09.13 13:54:19.746,0.76841,0.7685,1.00,1.50
2016.09.13 13:54:19.797,0.76843,0.7685,1.00,1.50
2016.09.13 13:54:19.848,0.76842,0.76849,1.00,1.00
2016.09.13 13:54:19.900,0.76842,0.76849,1.00,1.50
2016.09.13 13:54:19.951,0.76842,0.76848,1.00,1.12
2016.09.13 13:54:20.003,0.76839,0.76848,1.00,2.25
2016.09.13 13:54:20.055,0.76839,0.76847,1.00,1.00
2016.09.13 13:54:20.219,0.76839,0.76847,1.00,1.00
2016.09.13 13:54:20.274,0.76837,0.76847,1.00,2.25
2016.09.13 13:54:20.376,0.76837,0.76847,1.00,2.62
2016.09.13 13:54:20.479,0.76837,0.76847,1.00,1.87
2016.09.13 13:54:20.531,0.76837,0.76845,1.00,1.00
2016.09.13 13:54:21.181,0.76837,0.76844,1.00,1.00
2016.09.13 13:54:21.283,0.76837,0.76844,1.00,1.12
2016.09.13 13:54:21.334,0.76837,0.76845,1.00,2.25
2016.09.13 13:54:21.436,0.76837,0.76845,1.00,1.87
2016.09.13 13:54:21.538,0.76837,0.76845,1.00,1.12
2016.09.13 13:54:21.876,0.76837,0.76845,1.00,1.12
2016.09.13 13:54:23.334,0.76838,0.76846,1.00,1.50
2016.09.13 13:54:23.386,0.76838,0.76846,1.00,1.50
2016.09.13 13:54:23.440,0.76838,0.76847,1.00,3.37
2016.09.13 13:54:23.630,0.76838,0.76847,1.00,1.50
2016.09.13 13:54:23.696,0.76837,0.76847,1.00,2.25
2016.09.13 13:54:23.825,0.76837,0.76846,1.00,1.37
2016.09.13 13:54:24.007,0.76837,0.76847,1.00,2.25
2016.09.13 13:54:24.058,0.76839,0.76847,1.00,1.50
2016.09.13 13:54:24.110,0.76839,0.76846,1.00,1.00
2016.09.13 13:54:24.212,0.76839,0.76848,1.00,1.87
2016.09.13 13:54:24.263,0.76839,0.76848,1.00,2.62
2016.09.13 13:54:24.577,0.76839,0.76848,1.00,1.87
2016.09.13 13:54:25.035,0.76839,0.76849,1.00,3.07
2016.09.13 13:54:25.086,0.76839,0.76848,1.00,1.00
2016.09.13 13:54:25.405,0.76839,0.76847,1.00,1.00
2016.09.13 13:54:26.078,0.7684,0.76847,1.00,1.00
2016.09.13 13:54:26.613,0.76839,0.76847,1.00,1.00
2016.09.13 13:54:27.185,0.76842,0.76847,1.00,1.00
2016.09.13 13:54:27.382,0.76846,0.7685,1.00,2.25
2016.09.13 13:54:27.433,0.76842,0.7685,1.00,1.12
2016.09.13 13:54:27.485,0.76842,0.76851,1.12,1.37
2016.09.13 13:54:27.536,0.76844,0.76852,1.00,1.00
2016.09.13 13:54:27.587,0.76844,0.76852,1.00,1.50
2016.09.13 13:54:27.689,0.76847,0.76852,1.00,1.00
2016.09.13 13:54:27.741,0.76846,0.76856,1.00,2.70
2016.09.13 13:54:27.792,0.76847,0.76856,1.00,1.95
2016.09.13 13:54:27.966,0.76847,0.76854,1.00,1.00
2016.09.13 13:54:28.492,0.76846,0.76856,1.12,1.57
2016.09.13 13:54:28.543,0.76846,0.76855,1.12,1.00
2016.09.13 13:54:28.748,0.76846,0.76856,1.12,1.57
2016.09.13 13:54:28.952,0.76846,0.76856,1.12,1.50
2016.09.13 13:54:29.104,0.76847,0.76856,1.00,1.50
2016.09.13 13:54:29.494,0.76848,0.76856,1.00,1.00
2016.09.13 13:54:29.545,0.76848,0.76857,1.00,1.50
2016.09.13 13:54:29.910,0.76848,0.76857,1.00,1.00
2016.09.13 13:54:30.451,0.76849,0.76857,1.00,1.00
2016.09.13 13:54:30.797,0.76849,0.76856,1.00,1.12
2016.09.13 13:54:30.849,0.76847,0.76856,1.00,1.12
2016.09.13 13:54:30.900,0.76848,0.76855,1.00,1.00
2016.09.13 13:54:31.103,0.76847,0.76856,1.00,1.12
2016.09.13 13:54:31.154,0.76847,0.76855,1.00,1.00
2016.09.13 13:54:31.439,0.76847,0.76856,1.00,1.12
2016.09.13 13:54:31.949,0.76848,0.76856,1.00,1.12
2016.09.13 13:54:32.411,0.76847,0.76856,1.00,1.12
2016.09.13 13:54:32.602,0.76846,0.76854,1.00,1.00
2016.09.13 13:54:32.653,0.76844,0.76853,1.50,1.00
2016.09.13 13:54:32.704,0.76844,0.76853,1.00,1.00
2016.09.13 13:54:32.756,0.76844,0.76853,1.00,1.50
2016.09.13 13:54:32.807,0.76844,0.76853,1.00,1.87
2016.09.13 13:54:32.959,0.76842,0.7685,1.37,1.00
2016.09.13 13:54:33.011,0.7684,0.7685,1.37,2.25
2016.09.13 13:54:33.064,0.7684,0.76849,1.00,1.00
2016.09.13 13:54:33.219,0.7684,0.76847,1.00,1.37
2016.09.13 13:54:33.322,0.7684,0.76849,1.00,3.75
2016.09.13 13:54:33.381,0.7684,0.76849,1.00,2.25
2016.09.13 13:54:33.561,0.76842,0.76849,1.12,1.50
2016.09.13 13:54:33.613,0.76844,0.76851,1.00,1.50
2016.09.13 13:54:33.715,0.76845,0.76852,1.00,1.00
2016.09.13 13:54:33.767,0.76846,0.76854,1.00,1.12
2016.09.13 13:54:33.818,0.76846,0.76854,1.00,1.00
2016.09.13 13:54:33.920,0.76846,0.76855,1.00,1.00
2016.09.13 13:54:34.022,0.76848,0.76855,1.00,1.50
2016.09.13 13:54:34.239,0.76847,0.76855,1.00,1.00
2016.09.13 13:54:34.342,0.76847,0.76856,1.00,1.69
2016.09.13 13:54:34.393,0.76847,0.76856,1.00,1.25
2016.09.13 13:54:34.709,0.76848,0.76856,1.00,1.00
2016.09.13 13:54:34.861,0.76849,0.76856,1.00,1.50
2016.09.13 13:54:34.913,0.76848,0.76856,1.00,1.00
2016.09.13 13:54:35.096,0.76848,0.76856,1.00,1.00
2016.09.13 13:54:36.791,0.76847,0.76854,1.00,1.00
2016.09.13 13:54:36.842,0.76845,0.76855,1.75,1.50
2016.09.13 13:54:37.077,0.76842,0.76851,1.37,1.00
2016.09.13 13:54:37.128,0.76842,0.76851,1.00,1.12
2016.09.13 13:54:37.779,0.76843,0.76851,1.00,1.00
2016.09.13 13:54:37.839,0.76843,0.76852,1.00,1.12
2016.09.13 13:54:37.941,0.76845,0.76852,1.00,1.87
2016.09.13 13:54:37.992,0.76844,0.76852,1.00,1.12
2016.09.13 13:54:38.043,0.76845,0.76854,1.00,1.39
2016.09.13 13:54:38.094,0.76847,0.76855,1.00,4.76
2016.09.13 13:54:38.145,0.76848,0.76855,1.00,1.12
2016.09.13 13:54:38.196,0.76848,0.76856,1.00,3.37
2016.09.13 13:54:38.247,0.76849,0.76856,1.00,1.50
2016.09.13 13:54:38.298,0.76849,0.76856,1.00,1.00
2016.09.13 13:54:38.574,0.76848,0.76857,1.12,1.00
2016.09.13 13:54:38.628,0.76848,0.76857,1.00,1.12
2016.09.13 13:54:38.848,0.76848,0.76855,1.00,1.00
2016.09.13 13:54:39.169,0.76848,0.76857,1.00,1.12
2016.09.13 13:54:39.555,0.7685,0.76857,1.00,1.00
2016.09.13 13:54:40.154,0.76849,0.76856,1.00,1.00
2016.09.13 13:54:40.308,0.76848,0.76856,1.00,1.50
2016.09.13 13:54:40.410,0.76846,0.76856,1.00,1.50
2016.09.13 13:54:40.461,0.76846,0.76856,1.00,2.25
2016.09.13 13:54:40.512,0.76846,0.76856,1.00,2.62
2016.09.13 13:54:40.564,0.76846,0.76855,1.00,1.00
2016.09.13 13:54:40.615,0.76846,0.76855,1.00,1.37
2016.09.13 13:54:40.717,0.76847,0.76855,1.00,1.00
2016.09.13 13:54:40.773,0.76847,0.76856,1.00,1.12
2016.09.13 13:54:40.918,0.76847,0.76857,1.00,2.44
2016.09.13 13:54:40.974,0.76849,0.76857,1.00,1.12
2016.09.13 13:54:41.025,0.76849,0.76857,1.00,1.00
2016.09.13 13:54:41.332,0.76852,0.76857,1.00,1.00
2016.09.13 13:54:41.383,0.76852,0.76858,1.00,1.00
2016.09.13 13:54:42.034,0.76852,0.7686,1.00,1.50
2016.09.13 13:54:42.435,0.76852,0.76858,1.00,1.00
2016.09.13 13:54:42.638,0.76853,0.76861,1.00,1.20
2016.09.13 13:54:42.689,0.76855,0.76861,1.00,1.12
2016.09.13 13:54:42.740,0.76855,0.76862,1.00,1.50
2016.09.13 13:54:42.842,0.76855,0.76862,1.00,1.87
2016.09.13 13:54:42.945,0.76851,0.7686,1.00,1.00
2016.09.13 13:54:42.996,0.76851,0.76861,1.00,1.87
2016.09.13 13:54:43.047,0.76851,0.7686,1.00,1.47
2016.09.13 13:54:43.239,0.76851,0.7686,1.00,1.01
2016.09.13 13:54:43.290,0.76852,0.76859,1.00,1.50
2016.09.13 13:54:43.341,0.7685,0.76859,1.00,2.25
2016.09.13 13:54:43.444,0.7685,0.76859,1.00,1.37
2016.09.13 13:54:43.547,0.7685,0.76859,1.00,1.87
2016.09.13 13:54:43.700,0.7685,0.76859,1.00,1.95
2016.09.13 13:54:43.853,0.7685,0.76858,1.00,1.00
2016.09.13 13:54:43.997,0.7685,0.76858,1.00,1.12
2016.09.13 13:54:44.050,0.7685,0.7686,1.00,4.20
2016.09.13 13:54:44.101,0.76851,0.7686,1.00,4.12
2016.09.13 13:54:44.152,0.76851,0.7686,1.00,2.25
2016.09.13 13:54:44.204,0.76851,0.7686,1.00,1.50
2016.09.13 13:54:44.358,0.76852,0.76861,1.00,2.32
2016.09.13 13:54:44.511,0.76851,0.7686,1.00,1.50
2016.09.13 13:54:44.563,0.76851,0.76858,1.00,1.00
2016.09.13 13:54:44.885,0.76852,0.76859,1.00,1.12
2016.09.13 13:54:45.095,0.7685,0.76859,1.00,1.20
2016.09.13 13:54:45.147,0.7685,0.76858,1.00,1.10
2016.09.13 13:54:45.198,0.76849,0.76858,1.12,1.10
2016.09.13 13:54:45.249,0.76849,0.76857,1.12,1.00
2016.09.13 13:54:45.564,0.76849,0.76857,1.00,1.12
2016.09.13 13:54:45.734,0.76846,0.76854,1.87,1.00
2016.09.13 13:54:45.787,0.76846,0.76854,1.37,1.00
2016.09.13 13:54:45.838,0.76846,0.76854,1.00,1.00
2016.09.13 13:54:46.044,0.76845,0.76853,1.12,1.00
2016.09.13 13:54:46.356,0.76844,0.76853,2.44,1.00
2016.09.13 13:54:46.553,0.76846,0.76853,1.00,1.00
2016.09.13 13:54:46.655,0.76846,0.76853,1.12,1.00
2016.09.13 13:54:46.757,0.76846,0.76853,1.50,1.00
2016.09.13 13:54:46.859,0.76846,0.76852,1.00,1.00
2016.09.13 13:54:47.398,0.76845,0.76852,1.00,1.00
2016.09.13 13:54:47.703,0.76845,0.76852,1.50,1.00
2016.09.13 13:54:47.754,0.76847,0.76854,1.00,1.00
2016.09.13 13:54:47.959,0.76845,0.76854,1.00,1.00
2016.09.13 13:54:48.501,0.76846,0.76853,1.00,1.00
2016.09.13 13:54:49.010,0.76846,0.76854,1.00,1.00
2016.09.13 13:54:49.218,0.76846,0.76856,1.50,1.57
2016.09.13 13:54:49.269,0.76847,0.76856,1.00,1.20
2016.09.13 13:54:49.321,0.76848,0.76858,1.00,2.40
2016.09.13 13:54:49.373,0.7685,0.76858,1.00,1.10
2016.09.13 13:54:49.424,0.7685,0.76856,1.00,1.00
2016.09.13 13:54:49.578,0.76847,0.76856,3.37,1.00
2016.09.13 13:54:49.629,0.76847,0.76855,1.87,1.00
2016.09.13 13:54:49.680,0.76847,0.76855,1.00,1.00
2016.09.13 13:54:50.484,0.76846,0.76855,1.87,1.00
2016.09.13 13:54:50.763,0.76846,0.76853,1.50,1.00
2016.09.13 13:54:50.902,0.76846,0.76853,1.00,1.00
2016.09.13 13:54:50.953,0.76846,0.76854,1.00,1.00
2016.09.13 13:54:51.055,0.76846,0.76855,1.37,1.00
2016.09.13 13:54:51.157,0.76847,0.76854,1.12,1.00
2016.09.13 13:54:51.259,0.76847,0.76854,1.12,1.00
2016.09.13 13:54:51.879,0.76847,0.76854,1.00,1.00
2016.09.13 13:54:52.854,0.76846,0.76854,1.50,1.00
2016.09.13 13:54:53.129,0.76846,0.76854,1.87,1.00
2016.09.13 13:54:53.180,0.76846,0.76856,2.62,1.00
2016.09.13 13:54:53.766,0.76848,0.76855,1.00,1.00
2016.09.13 13:54:54.247,0.76847,0.76856,1.00,1.00
2016.09.13 13:54:54.862,0.76846,0.76855,2.25,1.00
2016.09.13 13:54:54.913,0.76846,0.76855,1.50,1.00
2016.09.13 13:54:55.167,0.76846,0.76855,1.00,1.00
2016.09.13 13:54:55.218,0.76846,0.76853,1.50,1.00
2016.09.13 13:54:55.423,0.76846,0.76853,1.87,1.00
2016.09.13 13:54:55.476,0.76846,0.76854,1.12,1.00
2016.09.13 13:54:55.578,0.76846,0.76854,1.12,1.00
2016.09.13 13:54:55.782,0.76846,0.76854,1.12,1.00
2016.09.13 13:54:56.303,0.76846,0.76854,1.00,1.00
2016.09.13 13:54:58.755,0.76846,0.76854,1.00,1.00
2016.09.13 13:54:59.174,0.76846,0.76854,1.00,1.00
2016.09.13 13:54:59.383,0.76844,0.76852,1.57,1.00
2016.09.13 13:54:59.434,0.76844,0.76852,1.50,1.00
2016.09.13 13:54:59.680,0.76844,0.76852,1.00,1.00
2016.09.13 13:55:00.183,0.76844,0.76851,1.00,1.00
2016.09.13 13:55:00.285,0.76842,0.76849,1.76,1.00
2016.09.13 13:55:00.336,0.76842,0.76846,1.12,1.00
2016.09.13 13:55:00.387,0.76841,0.76846,1.00,1.00
2016.09.13 13:55:00.689,0.76836,0.76844,1.19,1.00
2016.09.13 13:55:00.743,0.76838,0.76845,1.00,1.00
2016.09.13 13:55:00.796,0.76837,0.76845,1.20,1.00
2016.09.13 13:55:00.848,0.76837,0.76845,1.50,1.00
2016.09.13 13:55:00.899,0.76837,0.76846,2.25,1.00
2016.09.13 13:55:00.950,0.76837,0.76846,2.62,1.00
2016.09.13 13:55:01.053,0.76837,0.76846,2.25,1.00
2016.09.13 13:55:01.155,0.76837,0.76845,1.50,1.00
2016.09.13 13:55:01.327,0.76837,0.76844,1.00,1.00
2016.09.13 13:55:01.655,0.76837,0.76845,1.12,1.00
2016.09.13 13:55:01.707,0.76837,0.76845,1.50,1.00
2016.09.13 13:55:01.759,0.76837,0.76845,1.00,1.00
2016.09.13 13:55:01.813,0.76835,0.76844,1.62,1.00
2016.09.13 13:55:02.149,0.76836,0.76843,1.12,1.00
2016.09.13 13:55:02.813,0.76836,0.76846,2.25,1.12
2016.09.13 13:55:02.865,0.76836,0.76846,3.00,1.00
2016.09.13 13:55:02.918,0.76838,0.76846,1.00,1.00
2016.09.13 13:55:03.174,0.76838,0.76846,1.00,1.00
2016.09.13 13:55:03.808,0.76837,0.76846,1.00,1.00
2016.09.13 13:55:04.722,0.76837,0.76844,1.50,1.00
2016.09.13 13:55:05.234,0.76837,0.76845,1.50,1.00
2016.09.13 13:55:05.736,0.76837,0.76844,1.50,1.00
2016.09.13 13:55:05.787,0.76839,0.76844,1.00,1.00
2016.09.13 13:55:05.966,0.76839,0.76846,1.00,1.50
2016.09.13 13:55:06.017,0.76839,0.76846,1.00,1.00
2016.09.13 13:55:06.068,0.76839,0.76846,1.12,1.00
2016.09.13 13:55:06.119,0.76838,0.76847,2.25,1.00
2016.09.13 13:55:06.171,0.76838,0.76847,2.32,1.00
2016.09.13 13:55:06.223,0.76838,0.76848,2.77,1.00
2016.09.13 13:55:06.274,0.76838,0.76848,4.27,1.00
2016.09.13 13:55:06.477,0.7684,0.76848,1.12,1.00
2016.09.13 13:55:06.531,0.76839,0.76848,1.50,1.00
2016.09.13 13:55:06.633,0.76839,0.76848,1.12,1.00
2016.09.13 13:55:06.684,0.76839,0.76848,1.00,1.00
2016.09.13 13:55:06.787,0.76841,0.76848,1.00,1.00
2016.09.13 13:55:07.024,0.76841,0.76849,1.00,1.00
2016.09.13 13:55:07.342,0.76841,0.76849,1.50,1.00
2016.09.13 13:55:07.791,0.76841,0.76849,1.00,1.00
2016.09.13 13:55:08.635,0.76844,0.76852,1.00,2.62
2016.09.13 13:55:08.716,0.76844,0.76852,1.00,2.25
2016.09.13 13:55:08.869,0.76844,0.76852,1.00,1.50
2016.09.13 13:55:09.435,0.76844,0.76853,1.00,1.87
2016.09.13 13:55:09.537,0.76844,0.76853,1.00,1.37
2016.09.13 13:55:10.031,0.76844,0.76852,1.00,1.12
2016.09.13 13:55:10.328,0.76844,0.76851,1.00,1.00
2016.09.13 13:55:10.430,0.76843,0.76851,1.50,1.00
2016.09.13 13:55:10.583,0.76843,0.76851,1.50,1.12
2016.09.13 13:55:10.787,0.76843,0.76851,1.50,1.00
2016.09.13 13:55:10.889,0.76843,0.76851,1.50,1.12
2016.09.13 13:55:11.000,0.76843,0.76851,1.00,1.12
2016.09.13 13:55:11.712,0.76843,0.76851,1.00,1.00
2016.09.13 13:55:11.922,0.76843,0.76851,1.00,1.50
2016.09.13 13:55:12.024,0.76842,0.76848,1.00,1.00
2016.09.13 13:55:12.604,0.76841,0.76848,1.00,1.00
2016.09.13 13:55:13.908,0.76841,0.76848,1.00,1.12
2016.09.13 13:55:14.162,0.76839,0.76848,1.00,1.12
2016.09.13 13:55:14.213,0.76839,0.76848,1.00,1.12
2016.09.13 13:55:14.491,0.76839,0.76847,1.00,2.25
2016.09.13 13:55:14.593,0.76839,0.76847,1.00,2.32
2016.09.13 13:55:14.746,0.76839,0.76846,1.00,1.20
2016.09.13 13:55:15.607,0.76839,0.76846,1.00,1.10
2016.09.13 13:55:15.786,0.76839,0.76844,1.00,1.00
2016.09.13 13:55:16.299,0.76838,0.76844,1.00,1.00
2016.09.13 13:55:16.883,0.76838,0.76845,1.00,1.00
2016.09.13 13:55:16.935,0.76838,0.76846,1.00,1.10
2016.09.13 13:55:17.043,0.76838,0.76846,1.00,1.57
2016.09.13 13:55:17.450,0.76838,0.76845,1.00,1.00
2016.09.13 13:55:17.946,0.76835,0.76842,1.00,1.50
2016.09.13 13:55:18.002,0.76832,0.76838,2.25,1.00
2016.09.13 13:55:18.053,0.7683,0.76838,1.69,1.00
2016.09.13 13:55:18.104,0.7683,0.76838,1.31,1.00
2016.09.13 13:55:18.156,0.7683,0.76838,1.25,1.00
2016.09.13 13:55:18.207,0.7683,0.76838,1.25,1.00
2016.09.13 13:55:18.412,0.7683,0.76837,1.31,1.00
2016.09.13 13:55:18.621,0.7683,0.76837,1.12,1.00
2016.09.13 13:55:18.712,0.7683,0.76837,1.00,1.00
2016.09.13 13:55:18.819,0.76829,0.76836,1.50,1.00
2016.09.13 13:55:18.923,0.76829,0.76838,1.12,1.00
2016.09.13 13:55:19.410,0.7683,0.76838,1.00,1.00
2016.09.13 13:55:19.461,0.76831,0.7684,1.00,1.00
2016.09.13 13:55:19.514,0.76831,0.76841,1.50,1.50
2016.09.13 13:55:19.566,0.76834,0.76841,1.00,1.00
2016.09.13 13:55:20.122,0.76834,0.76842,1.00,1.00
2016.09.13 13:55:20.361,0.76833,0.76842,1.12,1.00
2016.09.13 13:55:20.710,0.76833,0.76842,1.00,1.00
2016.09.13 13:55:21.059,0.76833,0.76842,1.00,1.50
2016.09.13 13:55:21.110,0.76832,0.76841,1.50,1.00
2016.09.13 13:55:21.354,0.76832,0.76841,1.50,1.50
2016.09.13 13:55:22.456,0.76832,0.76841,1.00,1.50
2016.09.13 13:55:22.508,0.76831,0.7684,1.50,1.00
2016.09.13 13:55:22.559,0.76833,0.76839,1.00,1.00
2016.09.13 13:55:23.121,0.76831,0.76839,1.00,1.12
2016.09.13 13:55:23.274,0.7683,0.76837,1.00,1.00
2016.09.13 13:55:23.485,0.76826,0.76835,1.10,1.00
2016.09.13 13:55:23.563,0.76826,0.76835,1.10,1.50
2016.09.13 13:55:23.717,0.76827,0.76835,1.00,1.00
2016.09.13 13:55:24.259,0.76827,0.76835,1.00,1.50
2016.09.13 13:55:24.786,0.76828,0.76835,1.00,1.50
2016.09.13 13:55:25.040,0.76827,0.76835,1.00,1.00
2016.09.13 13:55:25.244,0.76829,0.76836,1.00,1.50
2016.09.13 13:55:25.346,0.76829,0.76836,1.00,1.12
2016.09.13 13:55:26.096,0.76828,0.76836,1.00,1.12
2016.09.13 13:55:26.147,0.76828,0.76837,1.00,1.50
2016.09.13 13:55:26.249,0.76828,0.76837,1.00,1.00
2016.09.13 13:55:26.837,0.76829,0.76837,1.00,1.00
2016.09.13 13:55:27.251,0.7683,0.76838,1.00,1.12
2016.09.13 13:55:27.405,0.76829,0.76838,1.57,1.12
2016.09.13 13:55:27.456,0.7683,0.76838,1.00,1.12
2016.09.13 13:55:28.167,0.7683,0.76838,1.00,1.12
2016.09.13 13:55:28.270,0.7683,0.76836,1.00,1.00
2016.09.13 13:55:28.504,0.7683,0.76837,1.00,1.12
2016.09.13 13:55:29.106,0.76828,0.76836,1.00,1.00
2016.09.13 13:55:29.158,0.76825,0.76831,1.50,1.00
2016.09.13 13:55:29.319,0.76823,0.76831,1.50,1.00
2016.09.13 13:55:29.388,0.7682,0.76827,1.00,1.00
2016.09.13 13:55:29.439,0.7682,0.76828,1.00,1.37
2016.09.13 13:55:29.541,0.7682,0.76828,1.00,1.50
2016.09.13 13:55:29.644,0.7682,0.76828,1.00,1.00
2016.09.13 13:55:30.879,0.76821,0.76829,1.00,1.00
2016.09.13 13:55:31.084,0.76819,0.76828,1.10,1.00
2016.09.13 13:55:31.136,0.76819,0.76828,1.57,1.00
2016.09.13 13:55:31.187,0.76818,0.76827,1.39,1.00
2016.09.13 13:55:31.239,0.76819,0.76828,1.00,1.00
2016.09.13 13:55:31.290,0.76818,0.76827,1.01,1.00
2016.09.13 13:55:31.392,0.76819,0.76829,1.00,1.00
2016.09.13 13:55:31.630,0.76818,0.76826,1.39,1.00
2016.09.13 13:55:31.784,0.76818,0.76827,1.20,1.00
2016.09.13 13:55:31.887,0.76819,0.76827,1.00,1.00
2016.09.13 13:55:31.989,0.76818,0.76827,1.95,1.00
2016.09.13 13:55:32.358,0.76819,0.76828,1.10,1.00
2016.09.13 13:55:32.765,0.76818,0.76828,2.02,1.00
2016.09.13 13:55:32.816,0.76818,0.76828,1.95,1.00
2016.09.13 13:55:32.968,0.76818,0.76828,1.57,1.12
2016.09.13 13:55:33.230,0.76819,0.76828,2.06,1.12
2016.09.13 13:55:33.284,0.76818,0.76827,3.94,1.00
2016.09.13 13:55:33.337,0.76819,0.76826,1.12,1.00
2016.09.13 13:55:33.390,0.76818,0.76826,1.27,1.00
2016.09.13 13:55:33.442,0.76818,0.76825,1.10,1.00
2016.09.13 13:55:33.500,0.76818,0.76825,1.00,1.00
2016.09.13 13:55:33.585,0.76818,0.76825,1.50,1.00
2016.09.13 13:55:33.655,0.76818,0.76827,1.00,1.87
2016.09.13 13:55:33.850,0.76818,0.76827,1.12,1.87
2016.09.13 13:55:33.901,0.76819,0.76827,1.50,1.00
2016.09.13 13:55:34.370,0.76819,0.76827,1.00,1.00
2016.09.13 13:55:34.845,0.76817,0.76822,1.00,1.00
2016.09.13 13:55:34.896,0.76815,0.76822,1.12,1.00
2016.09.13 13:55:34.947,0.76819,0.76826,1.00,1.00
2016.09.13 13:55:35.057,0.76818,0.76826,1.00,1.12
2016.09.13 13:55:35.191,0.76818,0.76825,1.00,1.00
2016.09.13 13:55:35.492,0.76816,0.76823,1.00,1.50
2016.09.13 13:55:35.543,0.76817,0.76823,1.00,1.57
2016.09.13 13:55:35.646,0.76816,0.76823,1.00,1.10
2016.09.13 13:55:35.749,0.76816,0.76823,1.00,1.20
2016.09.13 13:55:35.852,0.76816,0.76824,1.00,1.50
2016.09.13 13:55:35.904,0.7682,0.76824,1.00,1.50
2016.09.13 13:55:35.955,0.76819,0.76825,1.00,1.20
2016.09.13 13:55:36.007,0.7682,0.76827,1.00,3.75
2016.09.13 13:55:36.058,0.7682,0.76827,1.00,1.12
2016.09.13 13:55:36.109,0.76818,0.76827,1.50,1.87
2016.09.13 13:55:36.286,0.76818,0.76827,1.00,2.25
2016.09.13 13:55:36.388,0.76818,0.76827,1.00,1.87
2016.09.13 13:55:36.439,0.76818,0.76827,1.00,1.50
2016.09.13 13:55:36.541,0.76816,0.76825,1.87,1.00
2016.09.13 13:55:36.592,0.76815,0.76824,2.25,1.00
2016.09.13 13:55:36.643,0.76815,0.76822,2.25,1.00
2016.09.13 13:55:36.694,0.76815,0.76822,1.12,1.00
2016.09.13 13:55:36.797,0.76815,0.76822,1.00,1.00
2016.09.13 13:55:37.001,0.76815,0.76825,1.50,4.12
2016.09.13 13:55:37.131,0.76816,0.76825,1.00,3.37
2016.09.13 13:55:37.184,0.76816,0.76825,1.12,1.00
2016.09.13 13:55:37.287,0.76816,0.76824,1.00,1.00
2016.09.13 13:55:37.389,0.76816,0.76824,1.00,1.37
2016.09.13 13:55:37.542,0.76816,0.76825,1.00,1.50
2016.09.13 13:55:37.593,0.76816,0.76824,1.00,1.37
2016.09.13 13:55:37.645,0.76818,0.76825,1.00,1.50
2016.09.13 13:55:37.696,0.76817,0.76826,1.87,1.37
2016.09.13 13:55:37.747,0.76817,0.76825,1.87,1.12
2016.09.13 13:55:37.799,0.76817,0.76824,1.50,1.00
2016.09.13 13:55:37.995,0.76814,0.76823,6.00,1.10
2016.09.13 13:55:38.047,0.76817,0.76825,1.00,2.25
2016.09.13 13:55:38.100,0.76816,0.76825,1.00,1.82
2016.09.13 13:55:38.152,0.76816,0.76826,1.00,2.25
2016.09.13 13:55:38.204,0.76816,0.76826,1.00,1.50
2016.09.13 13:55:38.879,0.76816,0.76826,1.00,2.62
2016.09.13 13:55:38.982,0.76816,0.76826,1.00,1.87
2016.09.13 13:55:39.034,0.76816,0.76826,1.00,1.50
2016.09.13 13:55:39.085,0.76817,0.76826,1.00,1.87
2016.09.13 13:55:39.137,0.76816,0.76826,1.00,1.50
2016.09.13 13:55:39.190,0.76816,0.76826,1.12,1.00
2016.09.13 13:55:39.241,0.76816,0.76826,1.12,1.12
2016.09.13 13:55:39.293,0.76817,0.76826,1.00,1.12
2016.09.13 13:55:39.344,0.76817,0.76826,1.00,1.10
2016.09.13 13:55:39.396,0.76817,0.76826,1.00,2.32
2016.09.13 13:55:39.557,0.76817,0.76826,1.00,1.50
2016.09.13 13:55:39.664,0.76818,0.76826,1.00,1.00
2016.09.13 13:55:39.718,0.7682,0.76827,1.00,1.00
2016.09.13 13:55:39.873,0.7682,0.76827,1.00,1.50
2016.09.13 13:55:39.924,0.76818,0.76825,1.00,1.12
2016.09.13 13:55:39.975,0.76816,0.76826,1.12,1.87
2016.09.13 13:55:40.027,0.76814,0.76822,2.44,1.00
2016.09.13 13:55:40.078,0.76812,0.76822,1.87,1.50
2016.09.13 13:55:40.129,0.76812,0.76822,1.12,1.50
2016.09.13 13:55:40.314,0.76812,0.7682,1.00,1.00
2016.09.13 13:55:40.468,0.76812,0.76821,1.00,1.50
2016.09.13 13:55:40.520,0.76812,0.76821,1.00,2.25
2016.09.13 13:55:40.724,0.76811,0.7682,1.00,1.00
2016.09.13 13:55:40.925,0.76812,0.76821,1.00,1.37
2016.09.13 13:55:40.978,0.76813,0.76823,1.00,1.87
2016.09.13 13:55:41.030,0.76813,0.76823,1.00,1.12
2016.09.13 13:55:41.132,0.7681,0.76819,5.06,1.00
2016.09.13 13:55:41.234,0.76812,0.76822,1.10,1.00
2016.09.13 13:55:41.285,0.76813,0.76822,1.00,1.00
2016.09.13 13:55:41.591,0.76813,0.76822,1.25,1.00
2016.09.13 13:55:41.643,0.76819,0.76825,1.00,2.62
2016.09.13 13:55:41.695,0.76819,0.76825,1.00,1.12
2016.09.13 13:55:41.746,0.76819,0.76826,1.00,1.12
2016.09.13 13:55:41.798,0.76819,0.76827,1.00,1.50
2016.09.13 13:55:41.849,0.76819,0.76827,1.00,1.00
2016.09.13 13:55:42.055,0.76819,0.76828,1.00,1.09
2016.09.13 13:55:42.107,0.76819,0.76824,1.00,1.12
2016.09.13 13:55:42.158,0.76816,0.76824,1.50,1.20
2016.09.13 13:55:42.338,0.76814,0.76823,1.00,1.10
2016.09.13 13:55:42.495,0.76814,0.76823,1.50,1.10
2016.09.13 13:55:42.600,0.76814,0.76823,1.00,1.10
2016.09.13 13:55:42.703,0.76814,0.76823,1.12,1.10
2016.09.13 13:55:42.965,0.76814,0.76823,1.12,1.20
2016.09.13 13:55:43.016,0.76813,0.76822,1.00,1.12
2016.09.13 13:55:43.189,0.76813,0.76822,1.00,1.37
2016.09.13 13:55:43.240,0.76813,0.76822,1.00,1.50
2016.09.13 13:55:43.652,0.76812,0.76821,1.00,1.37
2016.09.13 13:55:43.909,0.76812,0.76821,1.00,1.12
2016.09.13 13:55:44.136,0.76812,0.76821,1.00,1.00
2016.09.13 13:55:44.702,0.76812,0.76822,1.00,1.00
2016.09.13 13:55:45.129,0.76812,0.76822,1.00,1.50
2016.09.13 13:55:45.231,0.76811,0.76821,1.00,1.00
2016.09.13 13:55:45.487,0.76811,0.76821,1.00,1.50
2016.09.13 13:55:45.589,0.7681,0.76818,1.00,1.00
2016.09.13 13:55:45.641,0.76809,0.76818,1.12,1.00
2016.09.13 13:55:45.692,0.76809,0.76818,1.00,2.25
2016.09.13 13:55:45.885,0.76807,0.76815,1.00,1.12
2016.09.13 13:55:45.936,0.76807,0.76815,1.00,1.57
2016.09.13 13:55:45.987,0.76807,0.76815,1.00,1.20
2016.09.13 13:55:46.039,0.76807,0.76815,1.00,1.10
2016.09.13 13:55:46.248,0.76806,0.76815,1.12,1.10
2016.09.13 13:55:46.299,0.76806,0.76815,1.00,1.10
2016.09.13 13:55:46.708,0.76807,0.76816,1.00,2.32
2016.09.13 13:55:46.759,0.76807,0.76816,1.00,1.95
2016.09.13 13:55:46.810,0.76807,0.76816,1.00,1.12
2016.09.13 13:55:47.464,0.76808,0.76818,1.00,2.32
2016.09.13 13:55:47.693,0.76808,0.76817,1.00,1.37
2016.09.13 13:55:47.744,0.76806,0.76816,2.06,1.12
2016.09.13 13:55:47.795,0.76806,0.76815,1.69,1.00
2016.09.13 13:55:47.847,0.76806,0.76815,1.50,1.10
2016.09.13 13:55:47.898,0.76806,0.76815,1.12,2.32
2016.09.13 13:55:47.949,0.76806,0.76813,1.00,1.00
2016.09.13 13:55:48.349,0.76805,0.76813,1.00,1.87
2016.09.13 13:55:48.454,0.76805,0.76813,1.00,1.12
2016.09.13 13:55:48.505,0.76805,0.76813,1.00,1.00
2016.09.13 13:55:48.761,0.76803,0.76812,1.87,1.00
2016.09.13 13:55:48.812,0.76803,0.76812,1.12,1.00
2016.09.13 13:55:49.162,0.76803,0.76811,1.00,1.00
2016.09.13 13:55:49.416,0.76803,0.76811,1.12,1.00
2016.09.13 13:55:49.469,0.76801,0.7681,1.50,1.07
2016.09.13 13:55:49.520,0.76802,0.76811,1.12,1.17
2016.09.13 13:55:49.686,0.76801,0.7681,1.37,1.00
2016.09.13 13:55:49.740,0.768,0.76809,1.50,1.00
2016.09.13 13:55:49.791,0.768,0.76808,1.00,1.00
2016.09.13 13:55:49.842,0.76799,0.76808,1.12,1.10
2016.09.13 13:55:49.894,0.768,0.76808,1.00,1.20
2016.09.13 13:55:49.945,0.76803,0.76809,1.00,1.50
2016.09.13 13:55:50.048,0.76805,0.76811,1.00,1.37
2016.09.13 13:55:50.100,0.76805,0.76812,1.00,1.46
2016.09.13 13:55:50.153,0.76805,0.76812,1.00,1.00
2016.09.13 13:55:50.771,0.76803,0.76813,1.12,1.00
2016.09.13 13:55:50.975,0.76802,0.76812,1.50,1.09
2016.09.13 13:55:51.107,0.76802,0.76812,1.50,1.44
2016.09.13 13:55:51.165,0.76797,0.76806,1.10,1.00
2016.09.13 13:55:51.216,0.76797,0.76806,1.00,1.00
2016.09.13 13:55:51.370,0.76797,0.76806,1.00,1.09
2016.09.13 13:55:51.626,0.76798,0.76808,1.00,3.14
2016.09.13 13:55:51.764,0.76798,0.76808,1.57,1.94
2016.09.13 13:55:51.815,0.76798,0.76808,1.95,1.50
2016.09.13 13:55:52.477,0.76798,0.76807,1.57,1.00
2016.09.13 13:55:53.084,0.76799,0.76807,1.00,1.00
2016.09.13 13:55:53.389,0.76799,0.76808,1.00,1.12
2016.09.13 13:55:53.440,0.76799,0.76808,1.10,1.87
2016.09.13 13:55:53.491,0.76799,0.76808,1.20,1.87
2016.09.13 13:55:53.543,0.76799,0.76808,1.57,2.62
2016.09.13 13:55:53.615,0.768,0.76809,1.12,1.00
2016.09.13 13:55:53.768,0.768,0.76809,1.00,1.00
2016.09.13 13:55:54.011,0.76797,0.76807,3.19,1.00
2016.09.13 13:55:54.114,0.76797,0.76807,1.76,1.00
2016.09.13 13:55:54.166,0.76797,0.76807,1.10,1.50
2016.09.13 13:55:54.218,0.76797,0.76804,1.10,1.00
2016.09.13 13:55:54.269,0.76796,0.76805,1.20,1.00
2016.09.13 13:55:54.321,0.76795,0.76805,1.87,1.00
2016.09.13 13:55:54.372,0.76796,0.76803,1.20,1.00
2016.09.13 13:55:54.475,0.768,0.76805,1.00,1.00
2016.09.13 13:55:54.526,0.76801,0.76807,1.10,1.37
2016.09.13 13:55:54.578,0.76801,0.76809,1.10,2.62
2016.09.13 13:55:54.763,0.76804,0.76812,1.12,1.50
2016.09.13 13:55:54.815,0.76804,0.76812,1.12,1.00
2016.09.13 13:55:54.969,0.76805,0.76814,1.10,1.00
2016.09.13 13:55:55.283,0.76805,0.76815,1.10,1.87
2016.09.13 13:55:55.483,0.76805,0.76815,1.10,2.62
2016.09.13 13:55:55.640,0.76805,0.76815,1.10,1.87
2016.09.13 13:55:55.692,0.76805,0.76815,1.10,1.50
2016.09.13 13:55:55.999,0.76805,0.76814,1.10,1.12
2016.09.13 13:55:56.050,0.76804,0.76814,1.87,1.12
2016.09.13 13:55:56.277,0.76805,0.76815,1.10,2.62
2016.09.13 13:55:56.329,0.76805,0.76814,1.10,1.12
2016.09.13 13:55:56.432,0.76806,0.76816,1.00,3.56
2016.09.13 13:55:56.484,0.76809,0.76816,1.00,2.44
2016.09.13 13:55:56.535,0.76809,0.76817,1.00,2.06
2016.09.13 13:55:56.586,0.76809,0.76817,1.00,1.87
2016.09.13 13:55:56.637,0.76809,0.76817,1.00,1.00
2016.09.13 13:55:56.688,0.76809,0.76818,1.00,1.50
2016.09.13 13:55:57.228,0.76809,0.76818,1.00,1.00
2016.09.13 13:55:58.014,0.76811,0.76818,1.00,1.00
2016.09.13 13:55:58.116,0.7681,0.76819,1.00,3.00
2016.09.13 13:55:58.168,0.76812,0.76819,1.00,1.50
2016.09.13 13:55:58.322,0.76812,0.76819,1.00,1.12
2016.09.13 13:55:58.373,0.76812,0.76819,1.00,1.12
2016.09.13 13:55:58.425,0.76812,0.7682,1.00,1.50
2016.09.13 13:55:58.754,0.76813,0.7682,1.00,1.87
2016.09.13 13:55:59.008,0.76809,0.76814,1.10,1.00
2016.09.13 13:55:59.111,0.7681,0.76817,1.00,1.00
2016.09.13 13:55:59.162,0.7681,0.76819,1.00,1.12
2016.09.13 13:55:59.213,0.76812,0.76819,1.12,1.12
2016.09.13 13:55:59.264,0.76812,0.76818,1.12,1.00
2016.09.13 13:55:59.407,0.76812,0.7682,2.62,1.00
2016.09.13 13:55:59.458,0.76815,0.76821,1.57,1.00
2016.09.13 13:55:59.920,0.76817,0.76821,1.00,1.00
2016.09.13 13:55:59.974,0.76817,0.76822,1.12,1.00
2016.09.13 13:56:00.166,0.76817,0.76821,1.10,1.00
2016.09.13 13:56:00.221,0.76816,0.76823,1.57,1.00
2016.09.13 13:56:00.325,0.76817,0.76823,1.07,1.00
2016.09.13 13:56:00.427,0.76817,0.76825,1.07,1.00
2016.09.13 13:56:00.529,0.76818,0.76825,1.45,1.00
2016.09.13 13:56:00.631,0.76818,0.76824,1.12,1.00
2016.09.13 13:56:00.867,0.76818,0.76824,1.50,1.00
2016.09.13 13:56:00.918,0.76818,0.76822,1.00,1.00
2016.09.13 13:56:00.969,0.76817,0.76822,1.57,1.00
2016.09.13 13:56:01.020,0.76816,0.76821,1.45,1.00
2016.09.13 13:56:01.072,0.76815,0.7682,1.12,1.00
2016.09.13 13:56:01.123,0.76814,0.76821,1.00,1.00
2016.09.13 13:56:01.175,0.76814,0.76819,1.00,1.00
2016.09.13 13:56:01.330,0.76812,0.76817,2.32,1.00
2016.09.13 13:56:01.381,0.76812,0.76816,1.95,1.00
2016.09.13 13:56:01.433,0.76812,0.76818,1.50,1.00
2016.09.13 13:56:01.624,0.76812,0.76817,1.00,1.00
2016.09.13 13:56:01.938,0.76809,0.76814,2.81,1.00
2016.09.13 13:56:01.989,0.76809,0.76814,4.50,1.00
2016.09.13 13:56:02.041,0.76809,0.76814,3.37,1.00
2016.09.13 13:56:02.092,0.7681,0.76814,1.00,1.00
2016.09.13 13:56:02.143,0.76808,0.76814,2.40,1.00
2016.09.13 13:56:02.195,0.76808,0.76815,2.40,1.00
2016.09.13 13:56:02.378,0.76809,0.76815,2.70,1.50
2016.09.13 13:56:02.432,0.76809,0.76813,2.77,1.00
2016.09.13 13:56:02.536,0.76809,0.76815,2.02,1.50
2016.09.13 13:56:02.588,0.7681,0.76815,1.12,1.00
2016.09.13 13:56:02.640,0.76811,0.76817,1.00,1.00
2016.09.13 13:56:02.691,0.76812,0.76819,1.12,1.00
2016.09.13 13:56:02.743,0.76812,0.76821,2.25,1.50
2016.09.13 13:56:02.795,0.76812,0.7682,4.12,1.00
2016.09.13 13:56:02.846,0.76815,0.7682,1.87,1.00
2016.09.13 13:56:02.898,0.76815,0.76821,1.87,1.50
2016.09.13 13:56:02.950,0.76815,0.76821,1.75,1.50
2016.09.13 13:56:03.121,0.76815,0.76819,1.50,1.00
2016.09.13 13:56:03.176,0.76815,0.76819,1.12,1.00
2016.09.13 13:56:03.228,0.76814,0.7682,1.50,1.00
2016.09.13 13:56:03.331,0.76814,0.76819,1.12,1.00
2016.09.13 13:56:03.383,0.76814,0.76819,1.39,1.00
2016.09.13 13:56:03.638,0.76815,0.7682,1.00,1.00
2016.09.13 13:56:04.352,0.76815,0.76821,1.37,1.00
2016.09.13 13:56:04.454,0.76815,0.76822,1.85,1.50
2016.09.13 13:56:04.556,0.76816,0.76821,1.37,1.00
2016.09.13 13:56:04.607,0.76816,0.76823,1.37,1.00
2016.09.13 13:56:04.658,0.76816,0.76824,1.37,1.00
2016.09.13 13:56:04.841,0.76816,0.76824,2.25,1.00
2016.09.13 13:56:04.892,0.76816,0.76825,3.07,1.00
2016.09.13 13:56:05.430,0.76817,0.76826,1.57,1.50
2016.09.13 13:56:05.532,0.76817,0.76826,2.32,1.50
2016.09.13 13:56:05.768,0.76817,0.76824,1.20,1.00
2016.09.13 13:56:05.819,0.76817,0.76824,1.00,1.00
2016.09.13 13:56:05.870,0.76815,0.76824,1.10,1.00
2016.09.13 13:56:06.628,0.76815,0.76824,1.20,1.00
2016.09.13 13:56:07.065,0.76814,0.76823,3.07,1.00
2016.09.13 13:56:07.116,0.76814,0.76822,2.32,1.00
2016.09.13 13:56:07.167,0.76813,0.76822,2.06,1.00
2016.09.13 13:56:07.218,0.76812,0.76821,2.44,1.00
2016.09.13 13:56:07.269,0.76811,0.76821,1.50,1.87
2016.09.13 13:56:07.371,0.76811,0.76821,1.12,1.87
2016.09.13 13:56:07.564,0.76811,0.76821,1.12,2.25
2016.09.13 13:56:07.623,0.7681,0.76819,2.14,1.87
2016.09.13 13:56:07.675,0.7681,0.76819,1.39,1.87
2016.09.13 13:56:07.777,0.7681,0.76819,1.31,1.87
2016.09.13 13:56:07.982,0.7681,0.76819,1.69,1.50
2016.09.13 13:56:08.563,0.7681,0.76819,1.31,1.50
2016.09.13 13:56:08.823,0.7681,0.76819,1.25,1.50
2016.09.13 13:56:09.518,0.7681,0.76819,1.25,1.00
2016.09.13 13:56:12.086,0.7681,0.76818,1.25,1.00
2016.09.13 13:56:12.396,0.7681,0.76817,1.25,1.00
2016.09.13 13:56:13.342,0.7681,0.76817,1.25,1.50
2016.09.13 13:56:13.394,0.76809,0.76817,1.00,1.50
2016.09.13 13:56:13.445,0.76809,0.76817,1.50,1.50
2016.09.13 13:56:13.496,0.76808,0.76816,1.50,1.50
2016.09.13 13:56:13.548,0.76808,0.76815,1.12,1.00
2016.09.13 13:56:13.599,0.76806,0.76815,3.07,1.00
2016.09.13 13:56:13.657,0.76806,0.76815,2.25,1.00
2016.09.13 13:56:13.761,0.76806,0.76815,1.87,1.00
2016.09.13 13:56:13.813,0.76806,0.76815,1.50,1.00
2016.09.13 13:56:14.642,0.76806,0.76815,1.00,1.00
2016.09.13 13:56:14.868,0.76806,0.76815,1.12,1.00
2016.09.13 13:56:15.439,0.76806,0.76815,1.50,1.00
2016.09.13 13:56:15.789,0.76806,0.76815,1.87,1.00
2016.09.13 13:56:15.891,0.76806,0.76815,2.62,1.00
2016.09.13 13:56:15.993,0.76806,0.76815,2.25,1.00
2016.09.13 13:56:16.044,0.76808,0.76815,1.00,1.50
2016.09.13 13:56:16.793,0.76806,0.76815,1.50,1.50
2016.09.13 13:56:19.267,0.76808,0.76815,1.00,1.50
2016.09.13 13:56:19.753,0.76808,0.76815,1.00,1.00
2016.09.13 13:56:20.085,0.76808,0.76816,1.50,1.00
2016.09.13 13:56:20.136,0.7681,0.76816,1.00,1.00
2016.09.13 13:56:20.341,0.7681,0.76817,1.00,1.50
2016.09.13 13:56:20.839,0.76812,0.76817,1.00,1.50
2016.09.13 13:56:20.890,0.76813,0.76821,1.00,1.87
2016.09.13 13:56:20.996,0.76815,0.76821,1.00,1.00
2016.09.13 13:56:21.526,0.76815,0.76822,1.00,1.00
2016.09.13 13:56:21.885,0.76815,0.76824,1.00,2.25
2016.09.13 13:56:21.989,0.76818,0.76824,1.00,1.50
2016.09.13 13:56:22.228,0.76817,0.76824,1.00,1.00
2016.09.13 13:56:22.279,0.76815,0.76825,1.00,2.25
2016.09.13 13:56:22.330,0.76815,0.76824,1.00,1.00
2016.09.13 13:56:22.432,0.76815,0.76824,1.00,1.37
2016.09.13 13:56:22.586,0.76815,0.76824,1.00,1.50
2016.09.13 13:56:22.689,0.76815,0.76824,1.00,1.37
2016.09.13 13:56:22.930,0.76817,0.76824,1.00,1.37
2016.09.13 13:56:23.032,0.76817,0.76824,1.00,1.00
2016.09.13 13:56:23.287,0.76815,0.76825,1.50,2.25
2016.09.13 13:56:23.389,0.76815,0.76824,1.50,1.00
2016.09.13 13:56:24.273,0.76816,0.76825,1.50,1.50
2016.09.13 13:56:24.328,0.76818,0.76825,1.00,2.62
2016.09.13 13:56:24.379,0.76818,0.76825,1.00,2.25
2016.09.13 13:56:24.431,0.76819,0.76825,1.00,1.12
2016.09.13 13:56:24.662,0.76819,0.76828,1.00,1.87
2016.09.13 13:56:24.713,0.76818,0.76827,1.12,1.00
2016.09.13 13:56:24.766,0.76818,0.76827,1.00,1.12
2016.09.13 13:56:24.874,0.76818,0.76827,1.00,1.87
2016.09.13 13:56:24.978,0.76817,0.76826,1.12,1.50
2016.09.13 13:56:25.030,0.76817,0.76826,1.00,1.87
2016.09.13 13:56:25.330,0.76817,0.76826,1.00,2.25
2016.09.13 13:56:25.483,0.76817,0.76826,1.00,1.50
2016.09.13 13:56:25.585,0.76818,0.76826,1.00,1.12
2016.09.13 13:56:25.636,0.76818,0.76826,1.00,1.12
2016.09.13 13:56:25.688,0.76818,0.76826,1.00,1.00
2016.09.13 13:56:26.183,0.76818,0.76826,1.00,2.25
2016.09.13 13:56:26.234,0.76817,0.76826,1.00,3.37
2016.09.13 13:56:26.336,0.76817,0.76824,1.00,1.37
2016.09.13 13:56:26.387,0.76814,0.76823,1.00,2.44
2016.09.13 13:56:26.489,0.76813,0.76821,1.00,1.37
2016.09.13 13:56:26.592,0.76813,0.76821,1.00,1.69
2016.09.13 13:56:26.796,0.76813,0.76821,1.00,1.31
2016.09.13 13:56:27.207,0.76813,0.76821,1.00,1.69
2016.09.13 13:56:27.310,0.76812,0.76821,1.50,2.44
2016.09.13 13:56:27.412,0.76812,0.7682,1.50,1.00
2016.09.13 13:56:27.514,0.76813,0.76822,1.00,4.31
2016.09.13 13:56:27.616,0.76813,0.76822,1.00,3.19
2016.09.13 13:56:27.769,0.76813,0.76822,1.00,2.81
2016.09.13 13:56:28.364,0.76812,0.76821,1.50,1.00
2016.09.13 13:56:28.415,0.76812,0.7682,1.50,1.00
2016.09.13 13:56:28.518,0.76813,0.76821,1.00,1.50
2016.09.13 13:56:28.570,0.76813,0.76821,1.00,1.87
2016.09.13 13:56:28.673,0.76813,0.7682,1.00,1.12
2016.09.13 13:56:29.157,0.76813,0.7682,1.00,1.00
2016.09.13 13:56:29.513,0.76813,0.7682,1.00,1.50
2016.09.13 13:56:29.892,0.76813,0.7682,1.50,1.00
2016.09.13 13:56:30.053,0.76812,0.76821,1.57,1.00
2016.09.13 13:56:30.104,0.76814,0.76821,1.00,1.00
2016.09.13 13:56:30.308,0.76815,0.76822,1.00,2.62
2016.09.13 13:56:30.359,0.76813,0.76822,1.00,3.00
2016.09.13 13:56:30.410,0.76812,0.76821,1.00,1.87
2016.09.13 13:56:30.462,0.76813,0.76821,1.10,1.00
2016.09.13 13:56:30.513,0.76812,0.76821,1.12,1.00
2016.09.13 13:56:30.565,0.76812,0.76821,1.12,1.00
2016.09.13 13:56:30.754,0.76812,0.76821,1.12,1.12
2016.09.13 13:56:30.807,0.76812,0.7682,1.12,1.00
2016.09.13 13:56:30.858,0.76812,0.7682,1.00,1.00
2016.09.13 13:56:30.909,0.76812,0.76821,1.00,1.00
2016.09.13 13:56:30.960,0.76813,0.76822,1.00,1.87
2016.09.13 13:56:31.012,0.76813,0.76822,1.00,1.50
2016.09.13 13:56:31.063,0.76814,0.76822,1.00,1.00
2016.09.13 13:56:31.165,0.76813,0.76822,1.12,1.50
2016.09.13 13:56:31.218,0.76813,0.76822,1.50,1.50
2016.09.13 13:56:31.430,0.76813,0.76822,1.00,1.50
2016.09.13 13:56:31.532,0.76814,0.76823,1.00,1.00
2016.09.13 13:56:32.122,0.76814,0.76823,1.50,1.50
2016.09.13 13:56:32.695,0.76815,0.76824,1.00,1.65
2016.09.13 13:56:32.746,0.76816,0.76825,1.00,2.51
2016.09.13 13:56:32.797,0.76816,0.76825,1.00,2.14
2016.09.13 13:56:32.849,0.76816,0.76825,1.00,2.06
2016.09.13 13:56:32.901,0.76816,0.76825,1.00,1.69
2016.09.13 13:56:33.143,0.76816,0.76823,1.00,1.87
2016.09.13 13:56:33.196,0.76816,0.76825,1.00,3.37
2016.09.13 13:56:33.248,0.76816,0.76823,1.00,1.12
2016.09.13 13:56:33.300,0.76816,0.76824,1.00,1.87
2016.09.13 13:56:33.352,0.76816,0.76824,1.00,1.50
2016.09.13 13:56:33.404,0.76817,0.76824,1.00,1.00
2016.09.13 13:56:33.507,0.76819,0.76826,1.00,2.62
2016.09.13 13:56:33.791,0.76816,0.76825,1.00,1.50
2016.09.13 13:56:33.894,0.76815,0.76824,1.00,1.12
2016.09.13 13:56:33.997,0.76816,0.76825,1.00,1.50
2016.09.13 13:56:34.304,0.76816,0.76825,1.00,1.87
2016.09.13 13:56:34.538,0.76816,0.76825,1.00,1.50
2016.09.13 13:56:34.591,0.76816,0.76826,1.00,3.00
2016.09.13 13:56:34.643,0.76816,0.76826,1.00,3.37
2016.09.13 13:56:34.851,0.76817,0.76824,1.00,1.00
2016.09.13 13:56:35.566,0.76818,0.76825,1.00,1.12
2016.09.13 13:56:35.668,0.76818,0.76827,1.00,2.25
2016.09.13 13:56:35.719,0.76818,0.76827,1.00,1.50
2016.09.13 13:56:35.771,0.76818,0.76827,1.00,1.12
2016.09.13 13:56:35.873,0.76818,0.76827,1.00,1.00
2016.09.13 13:56:35.924,0.76817,0.76826,1.12,1.00
2016.09.13 13:56:36.230,0.76817,0.76825,1.12,1.00
2016.09.13 13:56:36.288,0.76816,0.76823,1.37,1.00
2016.09.13 13:56:36.391,0.76816,0.76823,1.00,1.00
2016.09.13 13:56:37.112,0.76817,0.76824,1.00,1.00
2016.09.13 13:56:37.265,0.76815,0.76824,1.12,1.00
2016.09.13 13:56:37.368,0.76815,0.76824,1.37,1.10
2016.09.13 13:56:37.420,0.76815,0.76824,1.37,1.95
2016.09.13 13:56:37.472,0.76815,0.76822,1.00,1.00
2016.09.13 13:56:37.627,0.76814,0.76824,1.00,2.32
2016.09.13 13:56:37.948,0.76817,0.76824,1.00,2.32
2016.09.13 13:56:38.152,0.76817,0.76824,1.00,1.10
2016.09.13 13:56:38.607,0.76815,0.76823,1.00,1.00
2016.09.13 13:56:38.781,0.76815,0.76823,1.00,1.12
2016.09.13 13:56:38.832,0.76815,0.76823,1.00,1.50
2016.09.13 13:56:38.934,0.76815,0.76823,1.00,1.37
2016.09.13 13:56:38.985,0.76815,0.76823,1.00,1.00
2016.09.13 13:56:39.087,0.76815,0.76823,1.00,1.37
2016.09.13 13:56:39.139,0.76815,0.76823,1.00,1.47
2016.09.13 13:56:39.549,0.76816,0.76822,1.00,1.00
2016.09.13 13:56:39.756,0.76816,0.76824,1.00,1.00
2016.09.13 13:56:39.909,0.76816,0.76824,1.00,1.00
2016.09.13 13:56:40.214,0.76818,0.76824,1.00,1.00
2016.09.13 13:56:40.265,0.76818,0.76826,1.00,2.25
2016.09.13 13:56:40.316,0.76818,0.76826,1.00,1.50
2016.09.13 13:56:40.368,0.76819,0.76826,1.00,1.12
2016.09.13 13:56:40.419,0.76819,0.76827,1.00,1.87
2016.09.13 13:56:40.470,0.76818,0.76827,1.00,1.50
2016.09.13 13:56:40.609,0.76818,0.76827,1.00,1.87
2016.09.13 13:56:40.660,0.76817,0.76826,1.10,1.00
2016.09.13 13:56:41.402,0.76818,0.76827,1.00,3.00
2016.09.13 13:56:41.453,0.76818,0.76826,1.00,1.12
2016.09.13 13:56:41.625,0.76817,0.76826,1.00,1.50
2016.09.13 13:56:41.880,0.76817,0.76826,1.00,1.87
2016.09.13 13:56:41.982,0.76817,0.76826,1.00,1.50
2016.09.13 13:56:42.084,0.76818,0.76826,1.00,1.00
2016.09.13 13:56:42.958,0.76818,0.76827,1.00,1.87
2016.09.13 13:56:43.285,0.76818,0.76827,1.00,2.62
2016.09.13 13:56:43.337,0.76818,0.76826,1.00,1.00
2016.09.13 13:56:43.441,0.76818,0.76827,1.00,4.69
2016.09.13 13:56:43.627,0.76819,0.76828,1.00,2.70
2016.09.13 13:56:43.710,0.7682,0.76828,1.00,1.87
2016.09.13 13:56:44.219,0.76819,0.76828,1.00,1.87
2016.09.13 13:56:44.321,0.7682,0.76826,1.00,1.00
2016.09.13 13:56:44.581,0.76818,0.76827,1.00,1.50
2016.09.13 13:56:45.328,0.76818,0.76827,1.00,2.62
2016.09.13 13:56:45.587,0.76818,0.76826,1.00,1.00
2016.09.13 13:56:45.741,0.76818,0.76826,1.00,1.00
2016.09.13 13:56:45.945,0.76817,0.76826,1.00,2.62
2016.09.13 13:56:45.996,0.76817,0.76826,1.00,3.00
2016.09.13 13:56:46.048,0.76817,0.76826,1.00,2.62
2016.09.13 13:56:46.150,0.76817,0.76825,1.00,1.00
2016.09.13 13:56:46.201,0.76817,0.76826,1.00,2.25
2016.09.13 13:56:46.252,0.76817,0.76826,1.00,1.87
2016.09.13 13:56:46.356,0.76816,0.76825,1.00,1.50
2016.09.13 13:56:46.567,0.76815,0.76824,1.00,2.25
2016.09.13 13:56:46.669,0.76815,0.76824,1.00,2.62
2016.09.13 13:56:47.327,0.76815,0.76823,1.00,1.00
2016.09.13 13:56:47.378,0.76815,0.76823,1.00,1.12
2016.09.13 13:56:47.885,0.76816,0.76823,1.00,1.12
2016.09.13 13:56:48.536,0.76815,0.76823,1.00,1.12
2016.09.13 13:56:48.799,0.76817,0.76823,1.00,1.00
2016.09.13 13:56:49.308,0.76815,0.76823,1.00,1.00
2016.09.13 13:56:49.359,0.76815,0.76821,1.00,1.00
2016.09.13 13:56:49.549,0.76814,0.76821,1.00,3.94
2016.09.13 13:56:49.600,0.76809,0.76818,1.50,1.12
2016.09.13 13:56:49.651,0.76808,0.76818,1.00,2.62
2016.09.13 13:56:49.753,0.76808,0.76818,1.00,2.25
2016.09.13 13:56:49.805,0.76808,0.76817,1.00,1.00
2016.09.13 13:56:49.856,0.76808,0.76817,1.00,1.87
2016.09.13 13:56:49.908,0.76809,0.76816,1.00,1.37
2016.09.13 13:56:49.959,0.76809,0.76815,1.00,1.00
2016.09.13 13:56:50.112,0.76809,0.76816,1.00,1.50
2016.09.13 13:56:50.287,0.76809,0.76816,1.00,1.12
2016.09.13 13:56:50.442,0.76809,0.76816,1.00,1.87
2016.09.13 13:56:50.647,0.7681,0.76818,1.00,3.45
2016.09.13 13:56:50.698,0.76811,0.76817,1.00,1.00
2016.09.13 13:56:50.750,0.76811,0.76818,1.00,1.57
2016.09.13 13:56:50.801,0.7681,0.76818,1.00,1.12
2016.09.13 13:56:50.852,0.76811,0.76818,1.00,1.00
2016.09.13 13:56:51.320,0.7681,0.76818,1.00,1.12
2016.09.13 13:56:51.371,0.76809,0.76818,1.00,1.50
2016.09.13 13:56:51.422,0.76809,0.76818,1.00,1.12
2016.09.13 13:56:51.474,0.76809,0.76818,1.00,1.00
2016.09.13 13:56:51.763,0.76811,0.76818,1.00,1.50
2016.09.13 13:56:51.814,0.76811,0.76818,1.00,1.87
2016.09.13 13:56:51.865,0.76811,0.76818,1.00,1.12
2016.09.13 13:56:52.019,0.76809,0.76818,1.00,1.12
2016.09.13 13:56:52.768,0.76808,0.76818,1.12,1.12
2016.09.13 13:56:52.950,0.76809,0.76816,1.00,1.00
2016.09.13 13:56:53.809,0.76809,0.76816,1.50,1.00
2016.09.13 13:56:53.861,0.7681,0.76819,1.00,3.45
2016.09.13 13:56:53.963,0.7681,0.76819,1.00,2.32
2016.09.13 13:56:54.115,0.7681,0.76819,1.12,3.07
2016.09.13 13:56:54.303,0.7681,0.76819,1.00,2.70
2016.09.13 13:56:54.714,0.76811,0.76819,1.00,1.95
2016.09.13 13:56:54.766,0.76811,0.76819,1.00,1.87
2016.09.13 13:56:55.327,0.76814,0.76819,1.00,1.87
2016.09.13 13:56:55.456,0.76812,0.76817,1.00,1.00
2016.09.13 13:56:55.558,0.76812,0.76819,1.00,1.00
2016.09.13 13:56:55.816,0.76812,0.76819,1.00,1.12
2016.09.13 13:56:55.868,0.76813,0.76818,1.00,1.00
2016.09.13 13:56:55.919,0.76813,0.76818,1.00,1.12
2016.09.13 13:56:56.071,0.76813,0.76818,1.00,1.00
2016.09.13 13:56:56.122,0.76815,0.76822,1.00,1.95
2016.09.13 13:56:56.173,0.76815,0.76822,1.00,1.87
2016.09.13 13:56:56.225,0.76817,0.76822,1.00,1.00
2016.09.13 13:56:56.276,0.76817,0.76824,1.00,1.57
2016.09.13 13:56:56.328,0.76817,0.76825,1.00,1.50
2016.09.13 13:56:56.379,0.76818,0.76825,1.00,2.25
2016.09.13 13:56:56.430,0.76818,0.76825,1.00,1.87
2016.09.13 13:56:56.532,0.76818,0.76825,1.00,2.62
2016.09.13 13:56:56.763,0.76813,0.7682,1.00,1.37
2016.09.13 13:56:56.816,0.76811,0.7682,1.00,1.50
2016.09.13 13:56:56.867,0.76811,0.7682,1.00,2.25
2016.09.13 13:56:56.970,0.76811,0.7682,1.00,1.50
2016.09.13 13:56:57.276,0.76814,0.7682,1.00,1.12
2016.09.13 13:56:58.266,0.76814,0.76821,1.00,4.12
2016.09.13 13:56:58.317,0.76812,0.76821,1.00,4.12
2016.09.13 13:56:58.368,0.76816,0.76821,1.00,2.62
2016.09.13 13:56:58.589,0.76816,0.76821,1.00,1.00
2016.09.13 13:56:58.642,0.76818,0.76824,1.00,1.12
2016.09.13 13:56:58.744,0.76818,0.76825,1.00,1.50
2016.09.13 13:56:58.796,0.76818,0.76825,1.00,1.00
2016.09.13 13:56:59.315,0.76818,0.76826,1.00,1.00
2016.09.13 13:56:59.496,0.76817,0.76824,1.00,1.50
2016.09.13 13:56:59.599,0.76815,0.76824,1.00,1.50
2016.09.13 13:56:59.651,0.76814,0.76822,1.12,1.00
2016.09.13 13:56:59.705,0.76813,0.76821,1.37,1.09
2016.09.13 13:56:59.757,0.76813,0.76821,1.00,1.09
2016.09.13 13:56:59.808,0.76813,0.76821,1.00,1.00
2016.09.13 13:56:59.859,0.76813,0.76821,1.00,1.37
2016.09.13 13:56:59.910,0.76813,0.7682,1.00,1.00
2016.09.13 13:57:00.012,0.76815,0.7682,1.00,1.00
2016.09.13 13:57:00.064,0.76815,0.7682,1.00,1.00
2016.09.13 13:57:00.116,0.76815,0.76822,1.00,1.12
2016.09.13 13:57:00.258,0.76815,0.76822,1.00,1.00
2016.09.13 13:57:00.310,0.76815,0.76822,1.00,1.07
2016.09.13 13:57:00.361,0.76815,0.76823,1.00,1.19
2016.09.13 13:57:00.413,0.76817,0.76823,1.00,1.12
2016.09.13 13:57:00.567,0.76816,0.76823,1.00,1.00
2016.09.13 13:57:00.670,0.76816,0.76824,1.00,1.09
2016.09.13 13:57:00.873,0.76816,0.76825,1.00,1.64
2016.09.13 13:57:01.075,0.76816,0.76825,1.00,2.39
2016.09.13 13:57:01.127,0.76816,0.76825,1.00,5.77
2016.09.13 13:57:01.178,0.76816,0.76825,1.00,2.39
2016.09.13 13:57:01.229,0.76816,0.76823,1.00,1.00
2016.09.13 13:57:01.485,0.76817,0.76825,1.00,1.12
2016.09.13 13:57:01.639,0.76817,0.76825,1.00,1.00
2016.09.13 13:57:02.150,0.76818,0.76825,1.00,1.00
2016.09.13 13:57:02.383,0.76818,0.76826,1.00,2.25
2016.09.13 13:57:02.688,0.76818,0.76825,1.00,1.00
2016.09.13 13:57:03.631,0.76818,0.76825,1.00,1.12
2016.09.13 13:57:04.164,0.76818,0.76825,1.00,1.00
2016.09.13 13:57:04.734,0.76819,0.76825,1.00,1.00
2016.09.13 13:57:04.937,0.7682,0.76827,1.00,1.12
2016.09.13 13:57:05.446,0.7682,0.76827,1.00,1.00
2016.09.13 13:57:05.964,0.76819,0.76827,1.00,1.00
2016.09.13 13:57:06.601,0.7682,0.76828,1.00,2.25
2016.09.13 13:57:06.652,0.7682,0.76828,1.00,1.87
2016.09.13 13:57:06.965,0.76819,0.76828,1.00,2.62
2016.09.13 13:57:07.068,0.76819,0.76828,1.00,3.00
2016.09.13 13:57:07.424,0.76819,0.76827,1.00,1.00
2016.09.13 13:57:08.306,0.76818,0.76827,1.00,1.00
2016.09.13 13:57:09.074,0.76819,0.76827,1.00,1.00
2016.09.13 13:57:09.125,0.76819,0.76827,1.00,1.00
2016.09.13 13:57:09.428,0.76821,0.76827,1.00,1.00
2016.09.13 13:57:09.985,0.76821,0.76826,1.00,1.00
2016.09.13 13:57:10.378,0.76818,0.76824,1.00,1.00
2016.09.13 13:57:11.018,0.76816,0.76824,1.00,1.00
2016.09.13 13:57:11.121,0.76816,0.76822,1.00,1.00
2016.09.13 13:57:11.376,0.76811,0.76819,1.00,1.10
2016.09.13 13:57:11.580,0.76811,0.76819,1.00,1.00
2016.09.13 13:57:11.682,0.76811,0.7682,1.00,1.87
2016.09.13 13:57:11.733,0.76812,0.7682,1.00,1.12
2016.09.13 13:57:11.784,0.76812,0.7682,1.00,1.00
2016.09.13 13:57:11.835,0.76812,0.76822,1.50,1.87
2016.09.13 13:57:11.887,0.76814,0.76821,1.00,1.00
2016.09.13 13:57:11.990,0.76814,0.76821,1.12,1.00
2016.09.13 13:57:12.418,0.76814,0.76823,1.12,1.10
2016.09.13 13:57:12.470,0.76815,0.76824,1.00,1.12
2016.09.13 13:57:12.524,0.76815,0.76824,1.50,1.12
2016.09.13 13:57:12.576,0.76815,0.76825,1.50,1.20
2016.09.13 13:57:12.627,0.76816,0.76825,1.12,1.10
2016.09.13 13:57:12.679,0.76816,0.76825,1.50,1.00
2016.09.13 13:57:12.832,0.76816,0.76825,1.12,1.00
2016.09.13 13:57:12.883,0.76816,0.76825,1.00,1.00
2016.09.13 13:57:14.657,0.76815,0.76825,1.00,1.00
2016.09.13 13:57:14.912,0.76814,0.76823,1.87,1.00
2016.09.13 13:57:14.964,0.76814,0.76823,1.50,1.00
2016.09.13 13:57:15.117,0.76814,0.76823,1.50,1.00
2016.09.13 13:57:15.277,0.76815,0.76823,1.00,1.00
2016.09.13 13:57:15.380,0.76815,0.76824,1.00,1.50
2016.09.13 13:57:15.431,0.76815,0.76824,1.87,1.00
2016.09.13 13:57:15.585,0.76816,0.76826,1.00,1.50
2016.09.13 13:57:15.636,0.76817,0.76826,1.00,1.00
2016.09.13 13:57:16.537,0.76819,0.76827,1.00,1.10
2016.09.13 13:57:16.640,0.76819,0.76826,1.00,1.00
2016.09.13 13:57:17.089,0.76819,0.76826,1.00,1.50
2016.09.13 13:57:17.376,0.7682,0.76826,1.00,1.87
2016.09.13 13:57:17.717,0.7682,0.76826,1.00,1.12
2016.09.13 13:57:17.819,0.76819,0.76827,1.00,2.70
2016.09.13 13:57:17.871,0.76819,0.76827,1.00,2.32
2016.09.13 13:57:18.024,0.76819,0.76828,1.00,2.25
2016.09.13 13:57:18.075,0.76819,0.76828,1.00,1.87
2016.09.13 13:57:18.126,0.76821,0.76828,1.00,2.62
2016.09.13 13:57:18.282,0.76819,0.76826,1.00,1.12
2016.09.13 13:57:18.336,0.76818,0.76825,1.00,1.10
2016.09.13 13:57:18.822,0.76814,0.76821,1.50,1.00
2016.09.13 13:57:18.884,0.76814,0.76821,1.50,1.00
2016.09.13 13:57:18.936,0.76816,0.76821,1.00,1.00
2016.09.13 13:57:19.087,0.76814,0.76821,1.50,1.00
2016.09.13 13:57:19.245,0.76816,0.76821,1.00,1.00
2016.09.13 13:57:20.049,0.76814,0.76821,1.00,1.00
2016.09.13 13:57:20.246,0.76814,0.76822,1.00,1.00
2016.09.13 13:57:20.348,0.76815,0.76822,1.00,1.00
2016.09.13 13:57:20.449,0.76817,0.76823,1.00,1.00
2016.09.13 13:57:20.503,0.76817,0.76825,1.00,1.47
2016.09.13 13:57:20.555,0.76816,0.76825,1.87,1.50
2016.09.13 13:57:20.606,0.76816,0.76826,3.75,1.37
2016.09.13 13:57:20.658,0.76817,0.76827,1.50,1.12
2016.09.13 13:57:20.709,0.76817,0.76825,1.50,1.00
2016.09.13 13:57:20.761,0.76816,0.76825,4.50,1.00
2016.09.13 13:57:20.812,0.76816,0.76824,2.25,1.00
2016.09.13 13:57:20.977,0.76819,0.76823,1.00,1.00
2016.09.13 13:57:21.028,0.76819,0.76826,1.00,1.00
2016.09.13 13:57:21.232,0.76819,0.76826,1.50,1.00
2016.09.13 13:57:21.284,0.76819,0.76826,1.00,1.00
2016.09.13 13:57:21.590,0.76819,0.76824,1.00,1.00
2016.09.13 13:57:21.641,0.76816,0.76823,1.57,1.00
2016.09.13 13:57:21.694,0.76815,0.76822,3.00,1.00
2016.09.13 13:57:21.826,0.76815,0.76822,1.50,1.00
2016.09.13 13:57:21.879,0.76815,0.76821,1.00,1.00
2016.09.13 13:57:22.136,0.76813,0.76821,1.00,1.00
2016.09.13 13:57:22.290,0.76814,0.76822,1.12,1.00
2016.09.13 13:57:22.341,0.76814,0.76823,1.87,1.00
2016.09.13 13:57:22.444,0.76815,0.76823,1.12,1.00
2016.09.13 13:57:22.496,0.76816,0.76823,1.00,1.00
2016.09.13 13:57:22.673,0.76816,0.76825,1.12,1.00
2016.09.13 13:57:22.725,0.76816,0.76825,1.00,1.00
2016.09.13 13:57:22.878,0.76816,0.76825,1.50,1.00
2016.09.13 13:57:22.929,0.76816,0.76825,1.00,1.00
2016.09.13 13:57:23.032,0.76816,0.76822,1.00,1.00
2016.09.13 13:57:23.083,0.76814,0.7682,1.12,1.00
2016.09.13 13:57:23.135,0.76812,0.76819,2.62,1.00
2016.09.13 13:57:23.190,0.76812,0.76817,1.87,1.00
2016.09.13 13:57:23.242,0.76812,0.76817,1.37,1.00
2016.09.13 13:57:23.408,0.76812,0.76817,1.00,1.00
2016.09.13 13:57:23.663,0.7681,0.76817,1.10,1.00
2016.09.13 13:57:24.078,0.76816,0.76822,1.00,1.20
2016.09.13 13:57:24.874,0.76817,0.76823,1.00,1.95
2016.09.13 13:57:24.925,0.76817,0.76823,1.00,1.20
2016.09.13 13:57:24.977,0.76818,0.76823,1.00,1.07
2016.09.13 13:57:25.028,0.76818,0.76825,1.00,1.50
2016.09.13 13:57:25.079,0.76818,0.76824,1.00,1.37
2016.09.13 13:57:25.257,0.76818,0.76824,1.00,1.00
2016.09.13 13:57:25.308,0.76818,0.76825,1.00,1.12
2016.09.13 13:57:25.359,0.76818,0.76825,1.00,1.50
2016.09.13 13:57:25.692,0.76817,0.76825,1.00,1.57
2016.09.13 13:57:25.794,0.76817,0.76825,1.00,3.82
2016.09.13 13:57:25.845,0.76817,0.76822,1.00,1.12
2016.09.13 13:57:26.315,0.76815,0.76822,1.00,1.12
2016.09.13 13:57:26.367,0.76815,0.76823,1.00,1.47
2016.09.13 13:57:26.881,0.76811,0.76819,1.20,1.00
2016.09.13 13:57:27.023,0.76813,0.76819,1.12,1.00
2016.09.13 13:57:27.081,0.76816,0.76822,1.00,1.00
2016.09.13 13:57:27.590,0.76815,0.76822,1.00,1.00
2016.09.13 13:57:27.642,0.76815,0.76822,1.12,1.00
2016.09.13 13:57:27.824,0.76815,0.76822,1.87,1.00
2016.09.13 13:57:29.156,0.76816,0.76822,1.00,1.00
2016.09.13 13:57:29.981,0.76815,0.76822,2.06,1.00
2016.09.13 13:57:30.083,0.76815,0.76823,2.81,1.00
2016.09.13 13:57:30.134,0.76818,0.76827,1.00,1.87
2016.09.13 13:57:30.287,0.76818,0.76827,1.00,1.12
2016.09.13 13:57:30.389,0.76818,0.76827,1.00,1.00
2016.09.13 13:57:30.440,0.76819,0.76828,1.00,1.87
2016.09.13 13:57:31.040,0.76819,0.76828,1.00,2.25
2016.09.13 13:57:31.193,0.76819,0.76828,1.00,1.00
2016.09.13 13:57:31.245,0.76819,0.76829,1.00,1.95
2016.09.13 13:57:31.347,0.76819,0.76829,1.00,2.32
2016.09.13 13:57:31.449,0.76819,0.76829,1.00,1.57
2016.09.13 13:57:32.461,0.76819,0.76828,1.00,1.00
2016.09.13 13:57:32.563,0.76821,0.76828,1.00,1.50
2016.09.13 13:57:32.949,0.76819,0.76828,1.50,1.00
2016.09.13 13:57:33.000,0.76819,0.76828,1.00,1.50
2016.09.13 13:57:33.051,0.76818,0.76828,2.25,1.57
2016.09.13 13:57:33.102,0.76818,0.76827,1.87,1.00
2016.09.13 13:57:33.153,0.76818,0.76827,1.50,1.00
2016.09.13 13:57:33.308,0.76818,0.76827,1.00,1.50
2016.09.13 13:57:33.876,0.76818,0.76826,1.00,1.00
2016.09.13 13:57:33.927,0.76817,0.76826,1.00,1.50
2016.09.13 13:57:34.029,0.76817,0.76826,1.00,1.87
2016.09.13 13:57:34.132,0.76817,0.76826,1.00,1.50
2016.09.13 13:57:34.465,0.76817,0.76826,1.00,1.00
2016.09.13 13:57:35.165,0.76816,0.76825,1.00,1.00
2016.09.13 13:57:35.267,0.76816,0.76825,1.00,1.12
2016.09.13 13:57:35.319,0.76817,0.76824,1.00,1.00
2016.09.13 13:57:35.370,0.76816,0.76826,1.50,1.57
2016.09.13 13:57:35.423,0.76817,0.76826,1.00,1.57
2016.09.13 13:57:35.575,0.76817,0.76826,1.00,1.50
2016.09.13 13:57:35.762,0.76816,0.76825,1.50,1.50
2016.09.13 13:57:35.814,0.76816,0.76825,1.00,2.25
2016.09.13 13:57:35.865,0.76816,0.76825,1.00,2.62
2016.09.13 13:57:35.917,0.76815,0.76823,1.00,1.00
2016.09.13 13:57:36.020,0.76813,0.76822,1.50,1.37
2016.09.13 13:57:36.124,0.76813,0.76822,1.50,1.50
2016.09.13 13:57:36.278,0.76813,0.76821,1.00,1.37
2016.09.13 13:57:36.986,0.76815,0.76823,1.00,1.95
2016.09.13 13:57:37.037,0.76817,0.76824,1.00,1.20
2016.09.13 13:57:37.089,0.76817,0.76825,1.00,1.12
2016.09.13 13:57:37.140,0.76817,0.76825,1.00,1.00
2016.09.13 13:57:37.191,0.76817,0.76827,1.00,2.25
2016.09.13 13:57:37.242,0.76818,0.76827,1.00,1.50
2016.09.13 13:57:37.293,0.76818,0.76827,1.00,1.00
2016.09.13 13:57:37.614,0.76815,0.76823,1.07,1.00
2016.09.13 13:57:37.665,0.76814,0.76821,2.25,1.00
2016.09.13 13:57:37.716,0.76812,0.76822,3.45,1.00
2016.09.13 13:57:37.770,0.76813,0.76822,1.00,1.20
2016.09.13 13:57:37.821,0.76812,0.76822,1.37,1.20
2016.09.13 13:57:37.872,0.76812,0.76822,1.00,1.57
2016.09.13 13:57:37.924,0.76812,0.76822,1.00,1.95
2016.09.13 13:57:37.975,0.76812,0.76822,1.00,1.57
2016.09.13 13:57:38.221,0.76812,0.76822,1.00,2.32
2016.09.13 13:57:38.648,0.76812,0.76821,1.00,1.12
2016.09.13 13:57:38.905,0.76813,0.76822,1.00,1.57
2016.09.13 13:57:38.956,0.76813,0.76822,1.00,1.20
2016.09.13 13:57:39.007,0.76813,0.76821,1.00,1.00
2016.09.13 13:57:39.204,0.76812,0.76821,1.00,1.12
2016.09.13 13:57:39.272,0.76812,0.76822,1.00,1.50
2016.09.13 13:57:39.427,0.76812,0.76822,1.00,1.57
2016.09.13 13:57:39.580,0.76812,0.76822,1.37,1.57
2016.09.13 13:57:39.631,0.76812,0.76822,1.37,2.32
2016.09.13 13:57:39.682,0.76812,0.76822,1.37,2.32
2016.09.13 13:57:39.734,0.76813,0.76822,1.12,1.57
2016.09.13 13:57:39.785,0.76815,0.76823,1.00,1.20
2016.09.13 13:57:39.836,0.76815,0.76824,1.00,2.25
2016.09.13 13:57:39.888,0.76815,0.76824,1.00,1.57
2016.09.13 13:57:40.040,0.76814,0.76824,1.00,1.57
2016.09.13 13:57:40.092,0.76814,0.76824,1.00,1.20
2016.09.13 13:57:40.245,0.76814,0.76824,1.00,1.20
2016.09.13 13:57:40.296,0.76815,0.76824,1.12,1.20
2016.09.13 13:57:40.347,0.76815,0.76824,1.12,1.10
2016.09.13 13:57:40.398,0.76815,0.76824,1.00,1.10
2016.09.13 13:57:43.180,0.7682,0.76825,1.00,1.50
2016.09.13 13:57:43.232,0.7682,0.76826,1.00,1.85
2016.09.13 13:57:43.283,0.76821,0.76829,1.12,2.25
2016.09.13 13:57:43.335,0.76822,0.76829,1.00,1.50
2016.09.13 13:57:43.387,0.76822,0.76829,1.00,1.50
2016.09.13 13:57:43.439,0.76822,0.76831,1.00,3.37
2016.09.13 13:57:43.543,0.76822,0.76829,1.00,1.00
2016.09.13 13:57:43.595,0.76822,0.76831,1.00,1.50
2016.09.13 13:57:43.867,0.76821,0.7683,1.00,1.87
2016.09.13 13:57:43.918,0.76821,0.7683,1.00,2.25
2016.09.13 13:57:44.726,0.76821,0.76829,1.00,1.00
2016.09.13 13:57:45.331,0.76821,0.7683,1.00,1.00
2016.09.13 13:57:45.484,0.76823,0.7683,1.00,1.50
2016.09.13 13:57:45.768,0.76821,0.7683,1.00,1.50
2016.09.13 13:57:45.920,0.76821,0.7683,1.00,2.25
2016.09.13 13:57:46.862,0.76821,0.7683,1.00,1.87
2016.09.13 13:57:46.914,0.76821,0.7683,1.00,1.50
2016.09.13 13:57:47.332,0.76823,0.7683,1.00,1.00
2016.09.13 13:57:47.844,0.76822,0.7683,1.00,1.00
2016.09.13 13:57:48.410,0.76821,0.7683,1.00,1.00
2016.09.13 13:57:48.660,0.76821,0.7683,1.00,1.50
2016.09.13 13:57:48.711,0.76821,0.7683,1.12,1.50
2016.09.13 13:57:48.762,0.76821,0.7683,1.50,1.50
2016.09.13 13:57:49.002,0.76821,0.76829,1.50,1.00
2016.09.13 13:57:49.825,0.76821,0.76829,1.12,1.00
2016.09.13 13:57:49.876,0.76821,0.76829,1.00,1.00
2016.09.13 13:57:49.927,0.76821,0.76828,1.00,1.00
2016.09.13 13:57:50.029,0.76821,0.76828,1.00,1.50
2016.09.13 13:57:50.131,0.76819,0.76828,1.10,1.50
2016.09.13 13:57:50.183,0.76819,0.76828,1.00,1.50
2016.09.13 13:57:50.234,0.76818,0.76827,1.12,1.50
2016.09.13 13:57:50.286,0.76818,0.76827,1.00,1.50
2016.09.13 13:57:50.675,0.76818,0.76826,1.00,1.00
2016.09.13 13:57:50.938,0.76818,0.76825,1.00,1.50
2016.09.13 13:57:51.141,0.76817,0.76825,1.00,1.00
2016.09.13 13:57:51.381,0.76817,0.76824,1.00,1.00
2016.09.13 13:57:51.612,0.76817,0.76825,1.00,1.87
2016.09.13 13:57:51.704,0.76816,0.76825,1.00,2.25
2016.09.13 13:57:51.908,0.76816,0.76824,1.00,1.00
2016.09.13 13:57:52.061,0.76815,0.76824,1.00,2.25
2016.09.13 13:57:52.112,0.76816,0.76823,1.00,1.87
2016.09.13 13:57:52.163,0.76816,0.76823,1.00,1.12
2016.09.13 13:57:52.808,0.76815,0.76823,1.00,1.87
2016.09.13 13:57:52.860,0.76815,0.76822,1.00,1.50
2016.09.13 13:57:52.911,0.76813,0.7682,1.00,1.00
2016.09.13 13:57:52.963,0.7681,0.7682,4.20,1.87
2016.09.13 13:57:53.015,0.7681,0.76818,1.10,1.00
2016.09.13 13:57:53.212,0.7681,0.76818,1.00,1.12
2016.09.13 13:57:53.263,0.76809,0.76818,1.00,2.06
2016.09.13 13:57:53.315,0.76808,0.76817,1.00,1.00
2016.09.13 13:57:53.367,0.76808,0.76817,1.00,1.12
2016.09.13 13:57:53.419,0.76808,0.76817,1.00,1.87
2016.09.13 13:57:53.521,0.76808,0.76817,1.50,1.12
2016.09.13 13:57:53.572,0.7681,0.76817,1.00,1.12
2016.09.13 13:57:53.823,0.76811,0.76817,1.00,1.00
2016.09.13 13:57:53.998,0.7681,0.76817,1.00,1.12
2016.09.13 13:57:54.100,0.7681,0.76817,1.00,1.00
2016.09.13 13:57:54.644,0.7681,0.76816,1.00,1.00
2016.09.13 13:57:55.193,0.7681,0.76817,1.00,1.00
2016.09.13 13:57:55.245,0.76811,0.76818,1.00,1.87
2016.09.13 13:57:55.296,0.76811,0.76818,1.00,1.50
2016.09.13 13:57:56.117,0.76811,0.76817,1.00,1.00
2016.09.13 13:57:56.169,0.76809,0.76817,1.00,1.00
2016.09.13 13:57:56.220,0.76809,0.76816,1.00,1.00
2016.09.13 13:57:56.271,0.76808,0.76817,1.00,1.87
2016.09.13 13:57:56.322,0.76807,0.76816,1.00,1.00
2016.09.13 13:57:56.373,0.76809,0.76817,1.00,1.50
2016.09.13 13:57:56.510,0.76811,0.76817,1.00,1.12
2016.09.13 13:57:56.561,0.76812,0.76819,1.00,2.81
2016.09.13 13:57:56.613,0.76812,0.76819,1.00,2.06
2016.09.13 13:57:56.664,0.76812,0.76819,1.00,1.31
2016.09.13 13:57:56.869,0.76812,0.7682,1.00,1.56
2016.09.13 13:57:56.920,0.76812,0.76819,1.00,1.31
2016.09.13 13:57:56.972,0.7681,0.76818,1.00,1.50
2016.09.13 13:57:57.228,0.76813,0.76818,1.00,1.00
2016.09.13 13:57:57.405,0.76813,0.7682,1.00,2.06
2016.09.13 13:57:57.456,0.76814,0.7682,1.00,1.00
2016.09.13 13:57:57.559,0.76814,0.76821,1.00,2.06
2016.09.13 13:57:57.661,0.76811,0.76819,1.00,1.00
2016.09.13 13:57:57.815,0.76811,0.76819,1.00,1.00
2016.09.13 13:57:57.918,0.76814,0.76819,1.00,1.12
2016.09.13 13:57:57.969,0.76814,0.7682,1.00,1.50
2016.09.13 13:57:58.020,0.76814,0.7682,1.00,1.12
2016.09.13 13:57:58.210,0.76814,0.76821,1.00,1.31
2016.09.13 13:57:58.262,0.76814,0.76821,1.00,1.56
2016.09.13 13:57:58.313,0.76813,0.76822,1.00,4.31
2016.09.13 13:57:58.416,0.76813,0.76822,1.00,2.44
2016.09.13 13:57:58.467,0.76813,0.76822,1.00,2.06
2016.09.13 13:57:58.518,0.76812,0.76822,1.00,3.19
2016.09.13 13:57:58.569,0.76812,0.7682,1.00,1.19
2016.09.13 13:57:58.620,0.76812,0.7682,1.00,1.31
2016.09.13 13:57:58.722,0.76812,0.7682,1.00,1.19
2016.09.13 13:57:58.825,0.76812,0.7682,1.00,1.31
2016.09.13 13:57:59.385,0.76812,0.76819,1.00,1.19
2016.09.13 13:57:59.436,0.7681,0.76819,1.00,2.06
2016.09.13 13:57:59.487,0.7681,0.76819,1.00,2.44
2016.09.13 13:57:59.640,0.76809,0.76817,1.00,1.00
2016.09.13 13:57:59.691,0.76809,0.76817,1.00,1.00
2016.09.13 13:57:59.794,0.76809,0.76817,1.00,1.00
2016.09.13 13:58:00.018,0.76809,0.76818,1.00,2.06
2016.09.13 13:58:00.382,0.76809,0.76818,1.12,2.06
2016.09.13 13:58:00.433,0.76809,0.76818,1.12,2.44
2016.09.13 13:58:00.920,0.76809,0.76818,1.00,2.44
2016.09.13 13:58:01.023,0.76809,0.76818,1.00,3.19
2016.09.13 13:58:01.126,0.76809,0.76818,1.00,2.44
2016.09.13 13:58:01.381,0.76809,0.76818,1.00,2.81
2016.09.13 13:58:01.432,0.76809,0.76818,1.00,3.37
2016.09.13 13:58:01.483,0.76809,0.76818,1.00,3.00
2016.09.13 13:58:01.534,0.76809,0.76816,1.00,1.00
2016.09.13 13:58:02.078,0.7681,0.76818,1.00,1.69
2016.09.13 13:58:02.129,0.7681,0.76818,1.00,1.69
2016.09.13 13:58:02.181,0.7681,0.76817,1.00,1.12
2016.09.13 13:58:02.232,0.7681,0.76817,1.00,1.00
2016.09.13 13:58:02.334,0.7681,0.76817,1.00,1.12
2016.09.13 13:58:02.577,0.76809,0.76817,1.00,1.50
2016.09.13 13:58:02.628,0.76809,0.76817,1.00,1.50
2016.09.13 13:58:02.937,0.76809,0.76818,1.00,4.87
2016.09.13 13:58:03.132,0.76809,0.76817,1.00,1.50
2016.09.13 13:58:03.235,0.76809,0.76818,1.00,4.87
2016.09.13 13:58:03.286,0.76809,0.76817,1.00,1.50
2016.09.13 13:58:03.632,0.76807,0.76817,1.00,2.25
2016.09.13 13:58:03.707,0.76809,0.76817,1.00,1.50
2016.09.13 13:58:04.333,0.76809,0.76817,1.00,2.25
2016.09.13 13:58:04.572,0.76809,0.76817,1.00,1.50
2016.09.13 13:58:04.624,0.76809,0.76817,1.00,2.25
2016.09.13 13:58:04.737,0.76809,0.76817,1.00,1.50
2016.09.13 13:58:05.242,0.7681,0.76817,1.00,2.25
2016.09.13 13:58:05.344,0.7681,0.76817,1.00,1.50
2016.09.13 13:58:05.395,0.7681,0.76817,1.00,1.12
2016.09.13 13:58:05.446,0.7681,0.76817,1.00,1.00
2016.09.13 13:58:05.742,0.7681,0.76817,1.00,1.50
2016.09.13 13:58:05.794,0.7681,0.76817,1.00,1.00
2016.09.13 13:58:06.999,0.7681,0.76817,1.00,1.50
2016.09.13 13:58:08.151,0.76812,0.76821,1.50,5.40
2016.09.13 13:58:08.203,0.76813,0.76821,1.00,1.57
2016.09.13 13:58:08.255,0.76813,0.7682,1.00,1.00
2016.09.13 13:58:08.307,0.76813,0.7682,1.12,1.00
2016.09.13 13:58:08.358,0.76813,0.7682,1.50,1.00
2016.09.13 13:58:08.410,0.76813,0.7682,1.12,1.00
2016.09.13 13:58:08.462,0.76813,0.7682,1.00,1.00
2016.09.13 13:58:08.513,0.76811,0.76821,1.12,1.50
2016.09.13 13:58:08.698,0.76812,0.76819,1.00,1.00
2016.09.13 13:58:10.238,0.7681,0.76819,1.50,1.00
2016.09.13 13:58:10.290,0.7681,0.76818,1.00,1.00
2016.09.13 13:58:10.341,0.76809,0.76818,1.50,1.00
2016.09.13 13:58:10.392,0.76809,0.76817,1.12,1.00
2016.09.13 13:58:10.443,0.76809,0.76817,1.00,1.00
2016.09.13 13:58:10.672,0.76809,0.76818,1.50,1.00
2016.09.13 13:58:10.774,0.76811,0.76818,1.00,1.00
2016.09.13 13:58:11.308,0.7681,0.76817,1.00,1.00
2016.09.13 13:58:11.752,0.7681,0.76819,1.00,1.87
2016.09.13 13:58:12.735,0.7681,0.76819,1.00,2.06
2016.09.13 13:58:13.475,0.76809,0.76816,1.10,1.00
2016.09.13 13:58:13.528,0.76809,0.76816,1.00,1.00
2016.09.13 13:58:13.640,0.76807,0.76816,1.20,1.00
2016.09.13 13:58:13.742,0.76807,0.76816,1.10,1.00
2016.09.13 13:58:13.794,0.76806,0.76814,1.12,1.00
2016.09.13 13:58:13.847,0.76805,0.76814,1.20,1.00
2016.09.13 13:58:13.900,0.76804,0.76814,2.32,1.00
2016.09.13 13:58:13.954,0.76804,0.76814,1.10,1.00
2016.09.13 13:58:14.103,0.76804,0.76814,1.00,1.00
2016.09.13 13:58:14.158,0.76805,0.76812,1.00,1.00
2016.09.13 13:58:14.262,0.76805,0.76812,1.00,1.12
2016.09.13 13:58:14.313,0.76803,0.76813,1.57,1.37
2016.09.13 13:58:14.364,0.76803,0.76813,1.27,1.37
2016.09.13 13:58:14.467,0.76803,0.76813,1.27,1.50
2016.09.13 13:58:15.024,0.76803,0.76812,1.27,1.12
2016.09.13 13:58:15.075,0.76803,0.76813,1.27,2.25
2016.09.13 13:58:15.126,0.76803,0.76813,1.27,1.87
2016.09.13 13:58:15.177,0.76802,0.76812,2.62,1.12
2016.09.13 13:58:15.228,0.76805,0.76813,1.00,1.37
2016.09.13 13:58:15.280,0.76805,0.76814,1.00,1.50
2016.09.13 13:58:15.331,0.76805,0.76815,1.00,1.87
2016.09.13 13:58:15.383,0.76805,0.76815,1.12,1.87
2016.09.13 13:58:15.434,0.76805,0.76815,1.87,1.50
2016.09.13 13:58:15.485,0.76805,0.76815,2.25,1.50
2016.09.13 13:58:15.643,0.76806,0.76813,1.20,1.00
2016.09.13 13:58:15.843,0.76806,0.76813,1.10,1.00
2016.09.13 13:58:15.895,0.76806,0.76813,1.00,1.00
2016.09.13 13:58:15.997,0.76804,0.76813,1.57,1.00
2016.09.13 13:58:16.050,0.76803,0.76813,1.87,1.19
2016.09.13 13:58:16.102,0.76804,0.76813,1.00,1.69
2016.09.13 13:58:16.157,0.76803,0.7681,1.37,1.00
2016.09.13 13:58:16.260,0.76803,0.7681,1.00,1.00
2016.09.13 13:58:16.723,0.76801,0.7681,1.37,1.00
2016.09.13 13:58:16.825,0.768,0.76809,3.00,1.19
2016.09.13 13:58:16.927,0.768,0.76809,2.25,1.19
2016.09.13 13:58:16.978,0.768,0.76809,1.87,1.19
2016.09.13 13:58:17.175,0.76801,0.7681,1.12,1.00
2016.09.13 13:58:17.226,0.76802,0.76811,1.00,1.25
2016.09.13 13:58:17.278,0.76802,0.76811,1.12,1.25
2016.09.13 13:58:17.329,0.76802,0.76811,1.50,1.25
2016.09.13 13:58:17.528,0.76802,0.76809,1.50,1.00
2016.09.13 13:58:17.988,0.768,0.76809,3.00,1.00
2016.09.13 13:58:18.040,0.768,0.76809,2.25,1.00
2016.09.13 13:58:18.460,0.768,0.76809,3.00,1.00
2016.09.13 13:58:18.716,0.768,0.76809,2.25,1.00
2016.09.13 13:58:19.236,0.768,0.76807,2.25,1.00
2016.09.13 13:58:19.422,0.768,0.76809,1.50,1.00
2016.09.13 13:58:19.955,0.76801,0.76808,1.50,1.00
2016.09.13 13:58:20.395,0.76801,0.76808,1.00,1.00
2016.09.13 13:58:20.447,0.76799,0.76808,2.25,1.00
2016.09.13 13:58:20.498,0.76799,0.76808,1.87,1.00
2016.09.13 13:58:20.724,0.76801,0.76808,1.00,1.00
2016.09.13 13:58:21.242,0.76801,0.76808,1.00,1.12
2016.09.13 13:58:21.473,0.76799,0.76808,2.25,1.12
2016.09.13 13:58:21.525,0.76799,0.76805,1.20,1.00
2016.09.13 13:58:21.577,0.76798,0.76804,2.25,1.31
2016.09.13 13:58:21.628,0.76797,0.76803,2.32,1.00
2016.09.13 13:58:21.679,0.76794,0.76802,3.37,1.00
2016.09.13 13:58:21.731,0.76794,0.768,1.50,1.00
2016.09.13 13:58:21.882,0.76793,0.768,3.00,1.00
2016.09.13 13:58:21.934,0.76793,0.768,1.87,1.00
2016.09.13 13:58:21.986,0.76793,0.768,1.50,1.00
2016.09.13 13:58:22.037,0.76795,0.76803,1.00,1.00
2016.09.13 13:58:22.088,0.76798,0.76803,1.00,1.37
2016.09.13 13:58:22.140,0.76799,0.76803,1.00,1.12
2016.09.13 13:58:22.191,0.76799,0.76806,1.12,3.00
2016.09.13 13:58:22.243,0.76801,0.76806,1.00,1.00
2016.09.13 13:58:22.294,0.76803,0.76807,1.00,1.50
2016.09.13 13:58:22.346,0.76803,0.76808,1.00,1.37
2016.09.13 13:58:22.493,0.76803,0.76809,1.37,1.37
2016.09.13 13:58:22.545,0.768,0.76807,1.47,1.00
2016.09.13 13:58:22.599,0.76798,0.76807,1.75,1.50
2016.09.13 13:58:22.650,0.76799,0.76806,2.25,1.00
2016.09.13 13:58:22.702,0.76799,0.76806,1.87,1.00
2016.09.13 13:58:22.770,0.76799,0.76806,1.00,1.00
2016.09.13 13:58:22.922,0.76797,0.76806,1.12,1.00
2016.09.13 13:58:23.095,0.76797,0.76806,1.00,1.00
2016.09.13 13:58:23.146,0.768,0.76807,1.00,1.00
2016.09.13 13:58:23.197,0.76802,0.7681,1.00,4.50
2016.09.13 13:58:23.250,0.76802,0.76809,1.00,1.00
2016.09.13 13:58:23.302,0.76801,0.7681,1.10,1.37
2016.09.13 13:58:23.357,0.76802,0.76811,1.00,1.00
2016.09.13 13:58:23.409,0.76802,0.76811,1.10,1.00
2016.09.13 13:58:23.512,0.76802,0.76811,1.00,1.00
2016.09.13 13:58:23.564,0.76802,0.76811,1.12,1.00
2016.09.13 13:58:23.731,0.76801,0.7681,1.87,1.00
2016.09.13 13:58:23.810,0.768,0.76809,1.20,1.00
2016.09.13 13:58:23.913,0.76805,0.76812,1.00,1.00
2016.09.13 13:58:24.224,0.76805,0.76812,1.00,1.12
2016.09.13 13:58:24.327,0.76805,0.76812,1.00,1.50
2016.09.13 13:58:24.567,0.76808,0.76813,1.00,1.31
2016.09.13 13:58:24.669,0.76807,0.76813,1.00,1.25
2016.09.13 13:58:24.822,0.76807,0.76815,1.00,1.19
2016.09.13 13:58:25.325,0.76808,0.76816,1.00,1.19
2016.09.13 13:58:26.085,0.76809,0.76816,1.00,1.19
2016.09.13 13:58:26.153,0.7681,0.76816,1.00,1.00
2016.09.13 13:58:26.205,0.7681,0.76818,1.00,2.51
2016.09.13 13:58:26.410,0.7681,0.76818,1.00,2.14
2016.09.13 13:58:26.461,0.7681,0.76818,1.00,1.76
2016.09.13 13:58:26.513,0.7681,0.76818,1.00,1.56
2016.09.13 13:58:26.565,0.7681,0.76817,1.00,1.25
2016.09.13 13:58:26.617,0.7681,0.76818,1.00,1.69
2016.09.13 13:58:26.869,0.7681,0.76817,1.00,1.25
2016.09.13 13:58:26.921,0.7681,0.76819,1.00,2.06
2016.09.13 13:58:26.972,0.76811,0.76819,1.00,1.31
2016.09.13 13:58:27.075,0.76811,0.76818,1.00,1.19
2016.09.13 13:58:27.126,0.76814,0.76818,1.00,1.25
2016.09.13 13:58:27.178,0.76813,0.76819,1.00,1.87
2016.09.13 13:58:27.230,0.76814,0.76821,1.00,3.64
2016.09.13 13:58:27.281,0.76813,0.76822,1.00,3.64
2016.09.13 13:58:27.333,0.76813,0.76822,1.00,1.69
2016.09.13 13:58:27.385,0.76812,0.76822,1.37,1.31
2016.09.13 13:58:27.522,0.76812,0.76822,1.00,1.31
2016.09.13 13:58:27.574,0.76812,0.76822,1.00,2.06
2016.09.13 13:58:27.625,0.76812,0.76822,1.00,2.44
2016.09.13 13:58:27.676,0.76814,0.76823,1.00,5.14
2016.09.13 13:58:27.728,0.76814,0.76823,1.00,5.51
2016.09.13 13:58:27.781,0.76814,0.76822,1.00,1.69
2016.09.13 13:58:28.241,0.76811,0.76819,1.00,1.69
2016.09.13 13:58:28.299,0.76811,0.76818,1.00,1.25
2016.09.13 13:58:28.515,0.76811,0.76817,1.00,1.00
2016.09.13 13:58:28.722,0.76811,0.76819,1.00,1.31
2016.09.13 13:58:29.036,0.76813,0.7682,1.00,4.69
2016.09.13 13:58:29.380,0.76812,0.76818,1.00,1.62
2016.09.13 13:58:29.431,0.76812,0.76818,1.00,2.00
2016.09.13 13:58:29.635,0.76812,0.76817,1.00,1.37
2016.09.13 13:58:29.839,0.76813,0.76817,1.00,1.12
2016.09.13 13:58:29.942,0.76813,0.76817,1.00,1.00
2016.09.13 13:58:30.112,0.76813,0.76822,1.00,2.51
2016.09.13 13:58:30.164,0.76815,0.76823,1.00,2.81
2016.09.13 13:58:30.215,0.76815,0.76823,1.00,2.44
2016.09.13 13:58:30.267,0.7681,0.76821,3.00,1.31
2016.09.13 13:58:30.318,0.7681,0.76819,1.87,1.50
2016.09.13 13:58:30.369,0.76811,0.76819,1.20,1.31
2016.09.13 13:58:30.421,0.76811,0.76819,1.20,1.69
2016.09.13 13:58:30.472,0.76811,0.76819,1.00,2.62
2016.09.13 13:58:30.524,0.76812,0.76819,1.00,1.75
2016.09.13 13:58:30.575,0.76812,0.76818,1.00,1.00
2016.09.13 13:58:30.627,0.76812,0.7682,1.00,1.50
2016.09.13 13:58:30.678,0.76812,0.7682,1.00,1.31
2016.09.13 13:58:30.730,0.76812,0.7682,1.00,1.25
2016.09.13 13:58:30.928,0.76812,0.76819,1.00,1.25
2016.09.13 13:58:33.113,0.76812,0.76819,1.00,1.31
2016.09.13 13:58:33.164,0.76812,0.7682,1.00,2.44
2016.09.13 13:58:33.265,0.76812,0.7682,1.00,2.06
2016.09.13 13:58:33.591,0.76813,0.76821,1.00,1.31
2016.09.13 13:58:33.643,0.76813,0.76821,1.00,1.12
2016.09.13 13:58:33.847,0.76812,0.76821,1.00,1.87
2016.09.13 13:58:34.000,0.76813,0.76821,1.00,1.12
2016.09.13 13:58:34.102,0.76813,0.76821,1.00,1.00
2016.09.13 13:58:34.205,0.76811,0.7682,1.12,1.00
2016.09.13 13:58:34.256,0.76811,0.7682,1.50,1.00
2016.09.13 13:58:34.402,0.76811,0.7682,1.12,1.00
2016.09.13 13:58:34.454,0.76811,0.7682,1.00,1.00
2016.09.13 13:58:34.556,0.76811,0.7682,1.00,1.50
2016.09.13 13:58:34.708,0.76813,0.7682,1.00,1.00
2016.09.13 13:58:34.760,0.76813,0.76822,1.00,1.00
2016.09.13 13:58:34.811,0.76813,0.76823,1.12,1.50
2016.09.13 13:58:34.862,0.76814,0.76823,1.10,1.00
2016.09.13 13:58:34.913,0.76814,0.76823,1.20,1.00
2016.09.13 13:58:34.964,0.76814,0.76823,1.57,1.00
2016.09.13 13:58:35.160,0.76814,0.76823,1.95,1.00
2016.09.13 13:58:35.235,0.76815,0.76823,1.12,1.00
2016.09.13 13:58:35.288,0.76813,0.76821,1.20,1.00
2016.09.13 13:58:35.340,0.76813,0.76821,1.20,1.50
2016.09.13 13:58:35.393,0.76812,0.76821,1.87,1.50
2016.09.13 13:58:35.445,0.76812,0.7682,1.00,1.00
2016.09.13 13:58:35.496,0.76811,0.7682,1.50,1.00
2016.09.13 13:58:35.598,0.76811,0.76818,1.12,1.00
2016.09.13 13:58:35.650,0.76811,0.7682,1.00,1.50
2016.09.13 13:58:35.701,0.7681,0.76819,1.00,1.00
2016.09.13 13:58:35.910,0.76808,0.76817,3.07,1.00
2016.09.13 13:58:35.962,0.76808,0.76817,2.70,1.00
2016.09.13 13:58:36.128,0.76808,0.76817,1.95,1.00
2016.09.13 13:58:36.179,0.76808,0.76817,2.70,1.00
2016.09.13 13:58:36.281,0.76808,0.76817,3.07,1.00
2016.09.13 13:58:36.570,0.76808,0.76817,2.32,1.00
2016.09.13 13:58:36.757,0.76807,0.76816,4.87,1.00
2016.09.13 13:58:36.859,0.76808,0.76816,1.45,1.00
2016.09.13 13:58:37.063,0.76807,0.76816,4.87,1.00
2016.09.13 13:58:37.166,0.76808,0.76816,1.57,1.00
2016.09.13 13:58:37.217,0.76808,0.76816,1.47,1.00
2016.09.13 13:58:37.268,0.76807,0.76816,3.45,1.00
2016.09.13 13:58:37.319,0.76807,0.76816,2.70,1.00
2016.09.13 13:58:37.473,0.76807,0.76815,1.57,1.00
2016.09.13 13:58:38.086,0.76807,0.76815,1.07,1.00
2016.09.13 13:58:38.291,0.76806,0.76815,2.32,1.00
2016.09.13 13:58:38.534,0.76806,0.76815,2.70,1.00
2016.09.13 13:58:38.588,0.76808,0.76817,1.00,1.50
2016.09.13 13:58:38.660,0.76808,0.76817,1.12,1.50
2016.09.13 13:58:39.077,0.76808,0.76817,1.12,1.00
2016.09.13 13:58:39.129,0.76808,0.76817,1.50,1.00
2016.09.13 13:58:39.465,0.76808,0.76817,1.12,1.00
2016.09.13 13:58:40.572,0.76808,0.76817,1.50,1.00
2016.09.13 13:58:40.625,0.76808,0.76817,1.87,1.00
2016.09.13 13:58:41.146,0.7681,0.76819,1.12,1.50
2016.09.13 13:58:41.197,0.76811,0.7682,1.00,1.50
2016.09.13 13:58:41.249,0.76811,0.7682,1.00,1.12
2016.09.13 13:58:41.300,0.76811,0.7682,1.12,1.00
2016.09.13 13:58:41.352,0.76812,0.7682,1.00,1.00
2016.09.13 13:58:41.576,0.76812,0.7682,1.10,1.00
2016.09.13 13:58:41.874,0.76811,0.7682,1.20,1.12
2016.09.13 13:58:41.925,0.76811,0.7682,1.10,1.12
2016.09.13 13:58:42.180,0.76811,0.7682,1.57,1.12
2016.09.13 13:58:42.284,0.76811,0.76819,1.10,1.00
2016.09.13 13:58:42.387,0.76809,0.76818,1.87,3.37
2016.09.13 13:58:42.439,0.76808,0.76815,1.50,1.00
2016.09.13 13:58:42.490,0.76808,0.76815,1.00,1.00
2016.09.13 13:58:43.323,0.76809,0.76816,1.00,1.37
2016.09.13 13:58:43.378,0.76809,0.76816,1.00,2.25
2016.09.13 13:58:43.429,0.76809,0.76816,1.00,1.87
2016.09.13 13:58:43.481,0.76809,0.76816,1.00,1.50
2016.09.13 13:58:43.932,0.76808,0.76815,1.00,1.00
2016.09.13 13:58:44.034,0.76806,0.76815,2.70,1.00
2016.09.13 13:58:44.085,0.76806,0.76813,1.47,1.00
2016.09.13 13:58:44.136,0.76806,0.76811,1.12,1.00
2016.09.13 13:58:44.188,0.76805,0.76811,1.37,1.00
2016.09.13 13:58:44.239,0.76802,0.76811,2.70,1.00
2016.09.13 13:58:44.426,0.76802,0.76811,1.00,1.50
2016.09.13 13:58:44.478,0.76801,0.76808,1.00,1.00
2016.09.13 13:58:44.529,0.76799,0.76809,2.40,1.87
2016.09.13 13:58:44.580,0.76799,0.76808,2.40,1.12
2016.09.13 13:58:44.631,0.76799,0.76808,1.65,1.12
2016.09.13 13:58:44.734,0.76799,0.76808,1.65,1.00
2016.09.13 13:58:44.786,0.76799,0.76808,1.20,1.00
2016.09.13 13:58:45.204,0.76798,0.76808,2.85,1.00
2016.09.13 13:58:45.256,0.768,0.76809,1.00,1.50
2016.09.13 13:58:45.308,0.768,0.76809,1.12,1.12
2016.09.13 13:58:45.359,0.76802,0.76809,1.00,1.00
2016.09.13 13:58:45.614,0.76802,0.76811,1.00,1.25
2016.09.13 13:58:45.767,0.76802,0.76811,1.20,1.25
2016.09.13 13:58:45.818,0.768,0.76809,3.75,1.00
2016.09.13 13:58:45.997,0.768,0.76809,2.25,1.50
2016.09.13 13:58:46.050,0.76799,0.76808,3.37,1.12
2016.09.13 13:58:46.101,0.76799,0.76808,2.32,1.50
2016.09.13 13:58:46.203,0.76799,0.76808,2.25,1.50
2016.09.13 13:58:46.458,0.768,0.76808,1.00,1.00
2016.09.13 13:58:46.509,0.76801,0.7681,1.00,1.50
2016.09.13 13:58:46.670,0.76802,0.76811,1.00,1.75
2016.09.13 13:58:46.722,0.76802,0.76811,1.00,1.87
2016.09.13 13:58:46.775,0.76803,0.76812,1.00,1.12
2016.09.13 13:58:46.826,0.76803,0.76812,1.00,1.00
2016.09.13 13:58:46.980,0.76803,0.76812,1.50,1.00
2016.09.13 13:58:47.083,0.76803,0.76812,1.57,1.00
2016.09.13 13:58:47.134,0.76803,0.76811,1.10,1.00
2016.09.13 13:58:47.288,0.76803,0.76811,1.00,1.00
2016.09.13 13:58:47.425,0.76802,0.76811,1.20,1.00
2016.09.13 13:58:47.478,0.76802,0.76811,1.57,1.12
2016.09.13 13:58:47.631,0.76802,0.76811,1.57,1.00
2016.09.13 13:58:48.236,0.76802,0.76811,2.32,1.00
2016.09.13 13:58:48.613,0.76802,0.76812,2.32,1.50
2016.09.13 13:58:48.668,0.76802,0.76812,2.32,1.00
2016.09.13 13:58:49.048,0.76802,0.76812,1.57,1.12
2016.09.13 13:58:49.178,0.76802,0.76812,1.10,1.12
2016.09.13 13:58:49.535,0.76805,0.76812,1.00,1.12
2016.09.13 13:58:49.587,0.76805,0.76813,1.00,1.50
2016.09.13 13:58:49.638,0.76806,0.76813,1.00,1.50
2016.09.13 13:58:49.689,0.76808,0.76815,1.00,2.25
2016.09.13 13:58:49.740,0.76808,0.76814,1.00,1.00
2016.09.13 13:58:49.791,0.76807,0.76816,1.20,1.75
2016.09.13 13:58:49.944,0.76807,0.76816,1.00,1.12
2016.09.13 13:58:49.998,0.76807,0.76816,1.00,1.00
2016.09.13 13:58:50.152,0.76807,0.76816,1.00,1.37
2016.09.13 13:58:50.254,0.76806,0.76815,1.10,1.12
2016.09.13 13:58:50.356,0.76806,0.76813,1.00,1.12
2016.09.13 13:58:51.157,0.76806,0.76813,1.00,1.00
2016.09.13 13:58:54.089,0.76804,0.76813,1.12,1.00
2016.09.13 13:58:54.140,0.76806,0.76813,1.00,1.12
2016.09.13 13:58:54.243,0.76806,0.76813,1.00,1.00
2016.09.13 13:58:54.346,0.76806,0.76815,1.12,1.00
2016.09.13 13:58:54.633,0.76811,0.76819,1.00,3.00
2016.09.13 13:58:54.684,0.76811,0.7682,1.00,1.50
2016.09.13 13:58:54.736,0.76811,0.76818,1.00,1.00
2016.09.13 13:58:54.838,0.7681,0.76817,2.25,1.00
2016.09.13 13:58:54.889,0.7681,0.76818,1.00,1.50
2016.09.13 13:58:54.941,0.76809,0.76818,1.57,1.12
2016.09.13 13:58:54.992,0.76809,0.76818,1.12,1.12
2016.09.13 13:58:55.043,0.76808,0.76814,1.00,1.00
2016.09.13 13:58:55.094,0.76807,0.76814,1.57,1.50
2016.09.13 13:58:55.145,0.76807,0.76813,1.50,1.00
2016.09.13 13:58:55.196,0.76805,0.76813,2.62,1.00
2016.09.13 13:58:55.247,0.76804,0.76813,1.87,1.00
2016.09.13 13:58:55.448,0.76804,0.76813,1.00,1.87
2016.09.13 13:58:55.762,0.76804,0.76811,1.00,1.00
2016.09.13 13:58:56.341,0.76802,0.76812,1.57,1.50
2016.09.13 13:58:56.392,0.76802,0.76812,1.10,1.87
2016.09.13 13:58:56.545,0.76803,0.7681,1.00,1.00
2016.09.13 13:58:56.597,0.76802,0.76809,1.10,1.00
2016.09.13 13:58:56.648,0.76802,0.76809,1.00,1.00
2016.09.13 13:58:57.156,0.76802,0.76811,1.00,1.20
2016.09.13 13:58:57.207,0.76802,0.76811,1.00,1.10
2016.09.13 13:58:58.087,0.76803,0.76812,1.00,1.50
2016.09.13 13:58:58.138,0.76803,0.7681,1.00,1.00
2016.09.13 13:58:58.189,0.76801,0.7681,1.00,1.00
2016.09.13 13:58:58.240,0.76801,0.76808,1.00,1.00
2016.09.13 13:58:58.772,0.76802,0.76809,1.00,1.00
2016.09.13 13:58:58.823,0.768,0.7681,1.12,1.00
2016.09.13 13:58:58.926,0.76801,0.76808,1.00,1.00
2016.09.13 13:58:59.574,0.76802,0.76809,1.12,1.00
2016.09.13 13:59:00.454,0.76801,0.76809,1.37,1.00
2016.09.13 13:59:00.661,0.76801,0.76809,1.12,1.00
2016.09.13 13:59:01.152,0.76801,0.76809,1.00,1.00
2016.09.13 13:59:01.255,0.76803,0.76811,1.00,1.10
2016.09.13 13:59:01.308,0.76805,0.76812,1.00,1.20
2016.09.13 13:59:01.360,0.76804,0.76813,1.00,1.12
2016.09.13 13:59:01.412,0.76803,0.76812,1.10,1.00
2016.09.13 13:59:01.464,0.76802,0.76812,1.80,1.00
2016.09.13 13:59:01.515,0.76802,0.76812,1.72,1.00
2016.09.13 13:59:01.567,0.76802,0.76812,1.80,1.00
2016.09.13 13:59:01.787,0.76802,0.76811,1.35,1.00
2016.09.13 13:59:01.841,0.76802,0.76811,1.00,1.00
2016.09.13 13:59:01.943,0.76802,0.76811,1.12,1.00
2016.09.13 13:59:01.994,0.76802,0.76811,1.12,1.50
2016.09.13 13:59:02.045,0.76802,0.76811,1.00,1.50
2016.09.13 13:59:02.199,0.76801,0.76811,1.50,1.50
2016.09.13 13:59:02.251,0.76801,0.76811,1.50,1.87
2016.09.13 13:59:02.302,0.76802,0.76811,1.00,1.87
2016.09.13 13:59:02.528,0.76802,0.76811,1.00,1.50
2016.09.13 13:59:02.697,0.76802,0.76811,1.00,1.00
2016.09.13 13:59:02.904,0.76803,0.76812,1.00,1.50
2016.09.13 13:59:03.209,0.76802,0.76811,1.00,1.00
2016.09.13 13:59:03.504,0.76801,0.76811,1.10,1.00
2016.09.13 13:59:03.555,0.76801,0.76811,1.00,1.12
2016.09.13 13:59:03.709,0.76801,0.76811,1.00,1.87
2016.09.13 13:59:03.862,0.76801,0.7681,1.00,1.00
2016.09.13 13:59:04.259,0.76801,0.76811,1.10,1.00
2016.09.13 13:59:04.311,0.76802,0.76812,1.00,2.25
2016.09.13 13:59:04.362,0.76802,0.76812,1.00,5.25
2016.09.13 13:59:04.414,0.76803,0.7681,1.00,1.37
2016.09.13 13:59:04.465,0.76801,0.7681,1.10,1.37
2016.09.13 13:59:04.568,0.76801,0.7681,1.00,1.37
2016.09.13 13:59:04.670,0.76801,0.7681,1.00,1.00
2016.09.13 13:59:04.722,0.76802,0.76811,1.00,2.81
2016.09.13 13:59:04.775,0.76803,0.76811,1.00,1.50
2016.09.13 13:59:04.827,0.76803,0.76811,1.00,1.00
2016.09.13 13:59:05.994,0.76804,0.76812,1.00,1.00
2016.09.13 13:59:06.045,0.76804,0.76812,1.00,1.12
2016.09.13 13:59:06.250,0.76801,0.7681,1.10,2.62
2016.09.13 13:59:06.302,0.768,0.76809,1.12,1.87
2016.09.13 13:59:06.354,0.76799,0.76808,2.02,1.00
2016.09.13 13:59:06.405,0.76799,0.76808,1.10,1.50
2016.09.13 13:59:06.457,0.76798,0.76807,1.12,1.00
2016.09.13 13:59:06.645,0.76799,0.76808,1.00,1.50
2016.09.13 13:59:06.850,0.76799,0.76808,1.00,1.12
2016.09.13 13:59:06.902,0.768,0.76809,1.00,1.87
2016.09.13 13:59:06.953,0.768,0.76809,1.12,1.50
2016.09.13 13:59:07.391,0.768,0.76808,1.12,1.00
2016.09.13 13:59:07.443,0.76797,0.76806,2.40,1.87
2016.09.13 13:59:07.497,0.76797,0.76803,1.95,1.00
2016.09.13 13:59:07.548,0.76796,0.76803,3.37,1.00
2016.09.13 13:59:07.599,0.76795,0.76803,1.50,1.00
2016.09.13 13:59:07.650,0.76794,0.76803,1.00,1.87
2016.09.13 13:59:07.701,0.76795,0.76802,1.00,1.00
2016.09.13 13:59:07.753,0.76793,0.76802,1.50,1.00
2016.09.13 13:59:08.023,0.76795,0.76802,1.00,1.00
2016.09.13 13:59:08.078,0.76797,0.76803,1.00,1.00
2016.09.13 13:59:08.130,0.768,0.76805,1.00,1.50
2016.09.13 13:59:08.182,0.768,0.76806,1.00,1.00
2016.09.13 13:59:08.238,0.768,0.76807,1.00,2.25
2016.09.13 13:59:08.289,0.76798,0.76807,1.00,1.37
2016.09.13 13:59:08.341,0.76797,0.76804,1.10,1.00
2016.09.13 13:59:08.392,0.76795,0.76804,1.87,1.37
2016.09.13 13:59:08.443,0.76794,0.76803,3.45,1.12
2016.09.13 13:59:08.596,0.76794,0.76803,1.10,1.50
2016.09.13 13:59:08.654,0.76794,0.76803,1.00,1.50
2016.09.13 13:59:08.705,0.76794,0.76803,1.00,1.12
2016.09.13 13:59:09.327,0.76796,0.76803,1.00,1.12
2016.09.13 13:59:09.531,0.76798,0.76805,1.00,2.70
2016.09.13 13:59:09.583,0.76797,0.76805,1.00,1.57
2016.09.13 13:59:09.635,0.76799,0.76806,1.00,1.37
2016.09.13 13:59:09.686,0.76799,0.76806,1.00,1.00
2016.09.13 13:59:09.738,0.76799,0.76808,1.00,2.62
2016.09.13 13:59:09.790,0.76799,0.76807,1.00,1.00
2016.09.13 13:59:09.841,0.76798,0.76807,1.00,1.50
2016.09.13 13:59:09.892,0.76798,0.76807,1.12,1.37
2016.09.13 13:59:09.995,0.76798,0.76806,1.00,1.00
2016.09.13 13:59:10.211,0.76797,0.76804,1.00,1.50
2016.09.13 13:59:10.262,0.76795,0.76804,1.87,1.50
2016.09.13 13:59:10.313,0.76795,0.76804,1.87,1.87
2016.09.13 13:59:10.365,0.76795,0.76802,1.00,1.37
2016.09.13 13:59:10.467,0.76793,0.76802,1.00,1.12
2016.09.13 13:59:10.518,0.76793,0.76802,1.00,1.87
2016.09.13 13:59:10.570,0.76794,0.76802,1.00,1.12
2016.09.13 13:59:10.621,0.76795,0.76804,1.00,3.19
2016.09.13 13:59:10.845,0.76797,0.76806,1.00,1.87
2016.09.13 13:59:11.000,0.76799,0.76806,1.00,1.12
2016.09.13 13:59:11.052,0.76795,0.76804,4.05,1.00
2016.09.13 13:59:11.104,0.76795,0.76803,3.30,1.00
2016.09.13 13:59:11.208,0.76796,0.76803,1.12,1.00
2016.09.13 13:59:11.391,0.76797,0.76803,2.10,1.00
2016.09.13 13:59:11.442,0.76797,0.76803,2.47,1.00
2016.09.13 13:59:11.597,0.76797,0.76805,2.47,1.00
2016.09.13 13:59:12.152,0.76797,0.76803,2.47,1.00
2016.09.13 13:59:12.203,0.76797,0.76803,2.47,1.00
2016.09.13 13:59:12.375,0.76797,0.76803,2.47,1.00
2016.09.13 13:59:12.426,0.76796,0.76803,1.50,1.00
2016.09.13 13:59:12.677,0.76796,0.76803,2.25,1.00
2016.09.13 13:59:12.876,0.76796,0.76803,1.50,1.00
2016.09.13 13:59:13.800,0.76795,0.76801,1.30,1.00
2016.09.13 13:59:13.852,0.76794,0.76801,1.57,1.00
2016.09.13 13:59:13.904,0.76794,0.76801,1.10,1.00
2016.09.13 13:59:13.955,0.76793,0.76801,2.02,1.00
2016.09.13 13:59:14.277,0.76793,0.76802,2.77,1.00
2016.09.13 13:59:14.328,0.76793,0.76801,2.40,1.00
2016.09.13 13:59:14.471,0.76793,0.76801,1.95,1.00
2016.09.13 13:59:14.527,0.76793,0.76799,1.12,1.00
2016.09.13 13:59:14.579,0.76793,0.76799,1.00,1.00
2016.09.13 13:59:14.682,0.76793,0.76801,1.00,1.00
2016.09.13 13:59:14.790,0.76793,0.76802,1.50,1.00
2016.09.13 13:59:14.844,0.76794,0.76801,1.35,1.00
2016.09.13 13:59:15.227,0.76792,0.76802,5.55,1.00
2016.09.13 13:59:15.278,0.76792,0.76802,4.80,1.00
2016.09.13 13:59:15.330,0.76795,0.76802,1.00,1.00
2016.09.13 13:59:16.347,0.76793,0.76802,1.61,1.00
2016.09.13 13:59:16.550,0.76793,0.768,2.74,1.00
2016.09.13 13:59:16.714,0.76793,0.768,3.11,1.00
2016.09.13 13:59:16.765,0.76793,0.768,2.51,1.00
2016.09.13 13:59:17.079,0.76794,0.76803,1.12,1.00
2016.09.13 13:59:17.989,0.76795,0.76804,1.00,1.12
2016.09.13 13:59:18.040,0.76794,0.76803,1.87,1.00
2016.09.13 13:59:18.370,0.76793,0.76797,1.39,1.00
2016.09.13 13:59:18.421,0.76791,0.76797,1.65,1.00
2016.09.13 13:59:18.472,0.7679,0.76797,1.57,1.00
2016.09.13 13:59:18.525,0.76789,0.76796,2.06,1.00
2016.09.13 13:59:18.581,0.76787,0.76797,3.04,1.00
2016.09.13 13:59:18.648,0.76787,0.76795,3.86,1.00
2016.09.13 13:59:18.699,0.76787,0.76795,3.49,1.00
2016.09.13 13:59:18.750,0.76788,0.76795,1.05,1.00
2016.09.13 13:59:18.903,0.76788,0.76796,1.54,1.00
2016.09.13 13:59:18.960,0.76792,0.76799,1.25,1.10
2016.09.13 13:59:19.012,0.76791,0.76799,1.00,1.10
2016.09.13 13:59:19.063,0.76791,0.76799,1.10,1.00
2016.09.13 13:59:19.114,0.76791,0.76799,1.01,1.00
2016.09.13 13:59:19.286,0.7679,0.76799,2.51,1.00
2016.09.13 13:59:19.337,0.7679,0.76798,1.76,1.00
2016.09.13 13:59:19.388,0.7679,0.76798,1.39,1.00
2016.09.13 13:59:19.616,0.7679,0.76798,1.31,1.00
2016.09.13 13:59:19.922,0.7679,0.76798,1.19,1.00
2016.09.13 13:59:20.076,0.76795,0.76802,1.19,1.12
2016.09.13 13:59:20.128,0.76795,0.76803,3.79,1.20
2016.09.13 13:59:20.179,0.76795,0.76803,3.79,1.10
2016.09.13 13:59:20.231,0.76795,0.76802,1.16,1.00
2016.09.13 13:59:20.283,0.76795,0.76802,1.42,1.00
2016.09.13 13:59:20.447,0.76793,0.76802,4.54,1.00
2016.09.13 13:59:20.504,0.76792,0.76799,2.06,1.00
2016.09.13 13:59:20.606,0.76792,0.76799,1.19,1.00
2016.09.13 13:59:20.658,0.76792,0.76798,1.19,1.00
2016.09.13 13:59:20.760,0.76791,0.76796,1.05,1.00
2016.09.13 13:59:21.236,0.76789,0.76795,2.10,1.00
2016.09.13 13:59:21.292,0.76785,0.76792,2.89,1.00
2016.09.13 13:59:21.344,0.76786,0.76792,1.12,1.00
2016.09.13 13:59:21.396,0.76785,0.76792,1.01,1.00
2016.09.13 13:59:21.448,0.76784,0.7679,1.76,1.00
2016.09.13 13:59:21.501,0.76784,0.76793,1.95,1.00
2016.09.13 13:59:21.553,0.76784,0.76793,3.30,1.00
2016.09.13 13:59:21.606,0.76785,0.76793,1.05,1.00
2016.09.13 13:59:21.657,0.76785,0.76792,1.12,1.00
2016.09.13 13:59:21.921,0.76785,0.76793,1.20,1.00
2016.09.13 13:59:22.074,0.76785,0.76794,1.80,1.00
2016.09.13 13:59:22.125,0.76786,0.76794,2.10,1.00
2016.09.13 13:59:22.177,0.76786,0.76794,2.66,1.00
2016.09.13 13:59:22.228,0.76786,0.76794,2.29,1.00
2016.09.13 13:59:22.279,0.76786,0.76794,2.85,1.00
2016.09.13 13:59:22.330,0.76787,0.76794,1.12,1.00
2016.09.13 13:59:22.496,0.76787,0.76794,1.87,1.00
2016.09.13 13:59:22.905,0.76787,0.76794,1.57,1.00
2016.09.13 13:59:23.008,0.76787,0.76796,1.57,1.00
2016.09.13 13:59:23.243,0.76787,0.76796,1.37,1.12
2016.09.13 13:59:23.345,0.76787,0.76795,1.10,1.00
2016.09.13 13:59:23.804,0.76784,0.76792,4.35,1.00
2016.09.13 13:59:23.855,0.76784,0.76792,1.95,1.00
2016.09.13 13:59:23.907,0.76784,0.76789,1.10,1.00
2016.09.13 13:59:24.038,0.76782,0.76788,1.50,1.00
2016.09.13 13:59:24.090,0.76779,0.76786,2.25,1.00
2016.09.13 13:59:24.142,0.76777,0.76786,1.76,1.00
2016.09.13 13:59:24.193,0.76777,0.76786,1.39,1.00
2016.09.13 13:59:24.346,0.76776,0.76785,3.79,1.00
2016.09.13 13:59:24.448,0.76777,0.76786,1.39,1.00
2016.09.13 13:59:24.853,0.76778,0.76786,1.25,1.00
2016.09.13 13:59:24.925,0.76778,0.76786,1.25,1.00
2016.09.13 13:59:24.976,0.76778,0.76787,1.69,1.00
2016.09.13 13:59:25.186,0.76778,0.76787,2.44,1.00
2016.09.13 13:59:25.238,0.76778,0.76786,1.69,1.00
2016.09.13 13:59:25.341,0.76778,0.76786,2.06,1.00
2016.09.13 13:59:25.394,0.76778,0.76786,2.14,1.00
2016.09.13 13:59:25.745,0.76779,0.76788,1.10,1.50
2016.09.13 13:59:25.796,0.76782,0.76788,1.50,1.00
2016.09.13 13:59:25.847,0.76783,0.7679,2.85,1.00
2016.09.13 13:59:25.902,0.76783,0.7679,2.29,1.12
2016.09.13 13:59:25.954,0.76784,0.76792,1.30,1.37
2016.09.13 13:59:26.006,0.76784,0.7679,1.30,1.00
2016.09.13 13:59:26.057,0.76783,0.7679,1.65,1.00
2016.09.13 13:59:26.108,0.76781,0.76789,3.41,1.00
2016.09.13 13:59:26.159,0.76781,0.76788,2.66,1.00
2016.09.13 13:59:26.315,0.76781,0.76788,2.29,1.00
2016.09.13 13:59:26.366,0.76781,0.76788,1.61,1.00
2016.09.13 13:59:26.468,0.76781,0.76788,1.01,1.00
2016.09.13 13:59:26.519,0.7678,0.76787,1.56,1.00
2016.09.13 13:59:26.570,0.76779,0.76785,1.87,1.00
2016.09.13 13:59:26.622,0.76778,0.76785,1.57,1.00
2016.09.13 13:59:26.674,0.76777,0.76785,1.20,1.00
2016.09.13 13:59:26.725,0.76783,0.76788,1.00,2.25
2016.09.13 13:59:26.829,0.76784,0.76788,1.00,1.00
2016.09.13 13:59:26.880,0.76786,0.7679,1.00,2.62
2016.09.13 13:59:27.093,0.76784,0.76791,1.87,1.00
2016.09.13 13:59:27.195,0.76784,0.76791,1.50,1.00
2016.09.13 13:59:27.297,0.76787,0.76793,1.00,1.00
2016.09.13 13:59:27.870,0.76786,0.76793,1.00,1.00
2016.09.13 13:59:28.126,0.76784,0.76793,2.32,1.00
2016.09.13 13:59:28.228,0.76784,0.76793,1.20,1.00
2016.09.13 13:59:28.381,0.76784,0.76793,1.12,1.00
2016.09.13 13:59:28.432,0.76784,0.76793,2.62,1.00
2016.09.13 13:59:28.533,0.76784,0.76793,2.25,1.00
2016.09.13 13:59:29.320,0.76786,0.76793,1.37,1.00
2016.09.13 13:59:29.422,0.76786,0.76793,1.12,1.00
2016.09.13 13:59:30.152,0.76788,0.76796,1.00,1.37
2016.09.13 13:59:30.203,0.76788,0.76796,1.00,1.10
2016.09.13 13:59:30.375,0.76788,0.76796,1.00,1.57
2016.09.13 13:59:30.482,0.76788,0.76796,1.00,1.20
2016.09.13 13:59:30.534,0.76788,0.76796,1.00,1.10
2016.09.13 13:59:30.636,0.76788,0.76795,1.00,1.00
2016.09.13 13:59:30.688,0.76787,0.76795,1.00,1.12
2016.09.13 13:59:30.739,0.76786,0.76795,1.00,2.25
2016.09.13 13:59:30.790,0.76786,0.76795,1.00,2.32
2016.09.13 13:59:30.944,0.76786,0.76795,1.00,2.70
2016.09.13 13:59:31.185,0.76784,0.76793,1.00,1.12
2016.09.13 13:59:31.237,0.76784,0.76793,1.00,1.87
2016.09.13 13:59:31.339,0.76783,0.76791,1.00,1.00
2016.09.13 13:59:31.441,0.76783,0.76791,1.00,1.12
2016.09.13 13:59:31.651,0.76781,0.7679,1.50,1.50
2016.09.13 13:59:31.800,0.76781,0.7679,1.50,2.06
2016.09.13 13:59:31.852,0.7678,0.76787,1.00,1.00
2016.09.13 13:59:31.903,0.76778,0.76787,1.87,1.00
2016.09.13 13:59:31.955,0.76778,0.76787,1.12,1.00
2016.09.13 13:59:32.006,0.76778,0.76787,1.12,1.50
2016.09.13 13:59:32.057,0.76778,0.76787,1.00,1.50
2016.09.13 13:59:32.108,0.76778,0.76787,1.00,1.12
2016.09.13 13:59:32.210,0.76777,0.76786,1.00,1.00
2016.09.13 13:59:32.261,0.76777,0.76786,1.00,1.50
2016.09.13 13:59:32.314,0.76777,0.76786,1.00,1.69
2016.09.13 13:59:32.365,0.76777,0.76786,1.00,2.06
2016.09.13 13:59:32.547,0.76777,0.76786,1.00,2.06
2016.09.13 13:59:32.598,0.76778,0.76786,1.00,1.62
2016.09.13 13:59:32.650,0.76778,0.76787,1.00,1.69
2016.09.13 13:59:32.701,0.76778,0.76787,1.00,1.62
2016.09.13 13:59:32.752,0.76778,0.76787,1.00,1.31
2016.09.13 13:59:32.854,0.76778,0.76787,1.00,1.25
2016.09.13 13:59:33.364,0.76779,0.76787,1.00,1.25
2016.09.13 13:59:33.416,0.76779,0.76786,1.00,1.00
2016.09.13 13:59:33.671,0.76778,0.76786,1.50,1.00
2016.09.13 13:59:33.723,0.76778,0.76786,1.50,1.19
2016.09.13 13:59:33.774,0.76778,0.76786,1.00,1.31
2016.09.13 13:59:33.947,0.76779,0.76787,1.00,1.69
2016.09.13 13:59:33.999,0.76777,0.76784,1.00,1.00
2016.09.13 13:59:34.631,0.76776,0.76784,1.00,1.00
2016.09.13 13:59:34.733,0.76775,0.76784,1.00,1.25
2016.09.13 13:59:34.836,0.76775,0.76784,1.12,1.12
2016.09.13 13:59:34.887,0.76774,0.76783,1.87,1.00
2016.09.13 13:59:34.939,0.76774,0.76782,1.00,1.00
2016.09.13 13:59:35.042,0.76773,0.76782,1.00,1.25
2016.09.13 13:59:35.093,0.76774,0.76783,1.00,2.06
2016.09.13 13:59:35.144,0.76775,0.76783,1.00,1.12
2016.09.13 13:59:35.247,0.76775,0.76784,1.00,1.39
2016.09.13 13:59:35.439,0.76773,0.76782,1.12,1.00
2016.09.13 13:59:35.492,0.76772,0.76779,1.87,1.00
2016.09.13 13:59:35.544,0.76772,0.76779,1.00,1.00
2016.09.13 13:59:35.595,0.76772,0.76779,1.00,1.25
2016.09.13 13:59:35.698,0.76773,0.76782,1.00,1.76
2016.09.13 13:59:35.750,0.76773,0.76781,1.12,1.37
2016.09.13 13:59:35.803,0.76775,0.76782,1.00,2.32
2016.09.13 13:59:35.854,0.76775,0.76782,1.50,1.00
2016.09.13 13:59:36.079,0.76773,0.7678,1.00,1.10
2016.09.13 13:59:36.131,0.76772,0.76779,1.00,1.00
2016.09.13 13:59:36.286,0.7677,0.76779,1.00,1.00
2016.09.13 13:59:36.389,0.7677,0.76779,1.00,1.20
2016.09.13 13:59:36.440,0.76769,0.76778,1.00,1.57
2016.09.13 13:59:36.542,0.76769,0.76776,1.00,1.12
2016.09.13 13:59:36.877,0.76769,0.76776,1.00,1.00
2016.09.13 13:59:36.980,0.76767,0.76776,1.00,1.00
2016.09.13 13:59:37.031,0.76767,0.76776,1.00,1.47
2016.09.13 13:59:37.082,0.76767,0.76776,1.00,1.57
2016.09.13 13:59:37.134,0.76767,0.76776,1.00,1.20
2016.09.13 13:59:37.390,0.76767,0.76776,1.00,1.12
2016.09.13 13:59:37.575,0.76767,0.76776,1.00,1.12
2016.09.13 13:59:37.626,0.76767,0.76775,1.00,1.57
2016.09.13 13:59:37.728,0.76767,0.76776,1.00,1.50
2016.09.13 13:59:37.779,0.76769,0.76776,1.00,1.00
2016.09.13 13:59:37.830,0.76771,0.76778,1.50,1.47
2016.09.13 13:59:37.882,0.76771,0.76777,1.00,1.00
2016.09.13 13:59:38.035,0.76768,0.76777,1.37,1.00
2016.09.13 13:59:38.223,0.76768,0.76777,1.00,1.00
2016.09.13 13:59:38.274,0.76766,0.76775,1.12,1.00
2016.09.13 13:59:38.325,0.76766,0.76775,1.00,1.00
2016.09.13 13:59:38.376,0.76767,0.76775,1.00,1.12
2016.09.13 13:59:38.592,0.76768,0.76776,1.00,1.50
2016.09.13 13:59:38.671,0.76768,0.76775,1.00,1.12
2016.09.13 13:59:38.723,0.76769,0.76776,1.00,1.37
2016.09.13 13:59:38.895,0.7677,0.76777,1.00,3.00
2016.09.13 13:59:38.946,0.7677,0.76777,1.00,1.00
2016.09.13 13:59:38.997,0.76768,0.76777,1.00,1.00
2016.09.13 13:59:39.068,0.76767,0.76776,1.65,1.00
2016.09.13 13:59:39.119,0.76767,0.76776,1.20,1.00
2016.09.13 13:59:39.171,0.76767,0.76776,1.12,1.00
2016.09.13 13:59:39.222,0.76771,0.76778,1.00,4.12
2016.09.13 13:59:39.273,0.76769,0.76777,1.00,1.00
2016.09.13 13:59:39.457,0.76769,0.76776,1.00,1.87
2016.09.13 13:59:39.509,0.76769,0.76776,1.00,2.62
2016.09.13 13:59:39.561,0.76769,0.76776,1.00,1.12
2016.09.13 13:59:39.665,0.76769,0.76776,1.00,1.00
2016.09.13 13:59:39.768,0.76765,0.76774,2.17,1.00
2016.09.13 13:59:39.870,0.76765,0.76774,1.42,1.00
2016.09.13 13:59:40.054,0.76763,0.76772,1.00,1.00
2016.09.13 13:59:40.262,0.76762,0.76769,1.12,1.00
2016.09.13 13:59:40.315,0.76761,0.76769,1.37,1.00
2016.09.13 13:59:40.367,0.7676,0.76769,1.50,1.00
2016.09.13 13:59:40.469,0.7676,0.76769,1.00,1.00
2016.09.13 13:59:40.521,0.7676,0.76769,1.37,1.00
2016.09.13 13:59:40.746,0.7676,0.76769,1.37,1.12
2016.09.13 13:59:40.799,0.76759,0.76768,1.80,1.00
2016.09.13 13:59:40.954,0.76759,0.76768,2.17,1.00
2016.09.13 13:59:41.006,0.76759,0.76768,3.97,1.00
2016.09.13 13:59:41.057,0.76759,0.76767,1.30,1.00
2016.09.13 13:59:41.159,0.76758,0.76767,3.22,1.00
2016.09.13 13:59:41.211,0.76758,0.76767,3.60,1.00
2016.09.13 13:59:41.374,0.76758,0.76767,3.22,1.00
2016.09.13 13:59:41.426,0.76759,0.76768,1.72,1.00
2016.09.13 13:59:41.477,0.7676,0.76768,1.12,1.00
2016.09.13 13:59:41.529,0.7676,0.76768,1.37,1.00
2016.09.13 13:59:41.631,0.7676,0.76768,1.00,1.00
2016.09.13 13:59:41.735,0.7676,0.76766,1.00,1.00
2016.09.13 13:59:41.837,0.76758,0.76765,2.47,1.00
2016.09.13 13:59:41.889,0.76757,0.76764,1.50,1.00
2016.09.13 13:59:42.052,0.76756,0.76764,2.47,1.00
2016.09.13 13:59:42.103,0.76756,0.76767,1.30,2.25
2016.09.13 13:59:42.205,0.76756,0.76767,1.30,2.25
2016.09.13 13:59:42.256,0.76756,0.76764,1.00,1.00
2016.09.13 13:59:42.307,0.76755,0.76763,2.25,1.12
2016.09.13 13:59:42.359,0.76753,0.76761,4.31,1.00
2016.09.13 13:59:42.410,0.76753,0.7676,2.25,1.00
2016.09.13 13:59:42.535,0.76753,0.7676,2.25,1.12
2016.09.13 13:59:42.586,0.76747,0.76758,1.97,1.00
2016.09.13 13:59:42.637,0.76747,0.76759,1.35,1.95
2016.09.13 13:59:42.690,0.76746,0.76759,4.12,1.95
2016.09.13 13:59:42.743,0.76746,0.76758,1.37,1.00
2016.09.13 13:59:42.795,0.76746,0.76758,1.12,1.00
2016.09.13 13:59:42.846,0.76748,0.76758,1.00,1.87
2016.09.13 13:59:43.048,0.76748,0.76758,1.12,1.00
2016.09.13 13:59:43.099,0.76749,0.76759,1.00,1.00
2016.09.13 13:59:43.150,0.76747,0.76759,1.50,1.00
2016.09.13 13:59:43.252,0.76746,0.76757,1.57,1.00
2016.09.13 13:59:43.303,0.76746,0.76756,1.37,1.10
2016.09.13 13:59:43.355,0.76744,0.76756,3.37,1.10
2016.09.13 13:59:43.406,0.76744,0.76751,1.75,1.00
2016.09.13 13:59:43.458,0.76743,0.76751,3.19,1.00
2016.09.13 13:59:43.597,0.76743,0.76751,2.44,1.00
2016.09.13 13:59:43.654,0.7674,0.76751,1.00,1.50
2016.09.13 13:59:43.705,0.76739,0.76749,1.87,1.00
2016.09.13 13:59:43.756,0.76738,0.76749,1.95,1.00
2016.09.13 13:59:43.807,0.76738,0.76749,1.10,1.12
2016.09.13 13:59:43.858,0.76737,0.76748,1.20,1.00
2016.09.13 13:59:43.910,0.76737,0.76748,1.57,1.00
2016.09.13 13:59:43.961,0.76735,0.76748,2.40,1.00
2016.09.13 13:59:44.125,0.76738,0.76748,1.00,1.00
2016.09.13 13:59:44.178,0.76735,0.76748,2.40,1.19
2016.09.13 13:59:44.231,0.76735,0.76746,2.32,1.00
2016.09.13 13:59:44.282,0.76736,0.76748,1.12,1.19
2016.09.13 13:59:44.334,0.76736,0.76748,1.12,1.31
2016.09.13 13:59:44.385,0.76737,0.76748,1.47,1.31
2016.09.13 13:59:44.437,0.76737,0.76749,1.47,1.29
2016.09.13 13:59:44.488,0.76736,0.76749,3.75,1.29
2016.09.13 13:59:44.590,0.76737,0.76749,1.57,1.29
2016.09.13 13:59:44.771,0.76737,0.76749,1.57,1.66
2016.09.13 13:59:44.822,0.76737,0.76748,1.57,1.31
2016.09.13 13:59:44.873,0.76736,0.76748,1.12,1.31
2016.09.13 13:59:45.026,0.76736,0.76746,1.12,1.25
2016.09.13 13:59:45.077,0.76735,0.76747,1.85,1.12
2016.09.13 13:59:45.129,0.76735,0.76746,1.85,1.00
2016.09.13 13:59:45.180,0.76735,0.76748,1.00,1.76
2016.09.13 13:59:45.232,0.76735,0.76748,2.85,1.26
2016.09.13 13:59:45.415,0.76742,0.76749,1.00,1.12
2016.09.13 13:59:45.467,0.76741,0.7675,1.20,1.37
2016.09.13 13:59:45.520,0.76741,0.7675,1.47,1.37
2016.09.13 13:59:45.571,0.76741,0.7675,2.32,1.37
2016.09.13 13:59:45.674,0.76743,0.76749,1.00,1.12
2016.09.13 13:59:45.726,0.76743,0.76749,1.00,1.50
2016.09.13 13:59:45.778,0.76738,0.76748,1.37,1.37
2016.09.13 13:59:45.962,0.76738,0.76748,1.87,1.37
2016.09.13 13:59:46.014,0.76738,0.76749,1.57,1.12
2016.09.13 13:59:46.116,0.76738,0.76749,1.95,1.00
2016.09.13 13:59:46.168,0.7674,0.7675,1.47,1.50
2016.09.13 13:59:46.219,0.7674,0.7675,1.47,1.37
2016.09.13 13:59:46.270,0.7674,0.7675,2.10,1.37
2016.09.13 13:59:46.321,0.76741,0.7675,1.37,1.37
2016.09.13 13:59:46.426,0.76741,0.76754,1.37,3.56
2016.09.13 13:59:46.611,0.76742,0.76754,1.80,1.69
2016.09.13 13:59:46.663,0.76742,0.76751,1.07,1.00
2016.09.13 13:59:46.714,0.76741,0.76751,1.57,1.00
2016.09.13 13:59:46.766,0.76742,0.76749,1.10,1.00
2016.09.13 13:59:46.817,0.76742,0.76748,1.00,1.00
2016.09.13 13:59:46.869,0.76738,0.76748,3.00,1.00
2016.09.13 13:59:46.920,0.76737,0.76746,3.82,1.00
2016.09.13 13:59:46.972,0.76737,0.76746,1.10,1.00
2016.09.13 13:59:47.155,0.76738,0.76746,1.00,1.00
2016.09.13 13:59:47.209,0.76737,0.76746,1.37,1.00
2016.09.13 13:59:47.260,0.76736,0.76747,1.20,2.25
2016.09.13 13:59:47.312,0.76738,0.76747,1.00,1.87
2016.09.13 13:59:47.363,0.76738,0.76748,1.37,1.50
2016.09.13 13:59:47.414,0.76738,0.76747,1.12,1.00
2016.09.13 13:59:47.466,0.76737,0.76747,2.05,1.00
2016.09.13 13:59:47.517,0.76738,0.76748,1.47,1.12
2016.09.13 13:59:47.568,0.7674,0.76749,1.56,1.50
2016.09.13 13:59:47.620,0.7674,0.7675,1.69,3.00
2016.09.13 13:59:47.673,0.7674,0.7675,2.06,3.00
2016.09.13 13:59:47.851,0.76739,0.7675,2.62,2.32
2016.09.13 13:59:47.908,0.7674,0.76747,1.37,1.37
2016.09.13 13:59:47.962,0.76741,0.76745,1.00,1.00
2016.09.13 13:59:48.014,0.76737,0.76745,2.62,1.00
2016.09.13 13:59:48.066,0.76733,0.76747,2.25,2.62
2016.09.13 13:59:48.118,0.76733,0.76746,2.20,1.12
2016.09.13 13:59:48.169,0.76734,0.76745,1.95,1.50
2016.09.13 13:59:48.222,0.76734,0.76745,1.95,1.00
2016.09.13 13:59:48.277,0.76735,0.76745,1.87,1.00
2016.09.13 13:59:48.328,0.76736,0.76744,3.00,1.00
2016.09.13 13:59:48.516,0.76732,0.76742,2.25,3.37
2016.09.13 13:59:48.569,0.7673,0.76735,1.00,1.00
2016.09.13 13:59:48.671,0.76729,0.76734,3.00,1.00
2016.09.13 13:59:48.723,0.76726,0.76733,4.87,1.00
2016.09.13 13:59:48.774,0.76726,0.76732,1.00,1.50
2016.09.13 13:59:48.825,0.76726,0.7673,1.00,1.00
2016.09.13 13:59:49.123,0.76722,0.7673,1.00,1.47
2016.09.13 13:59:49.210,0.76721,0.7673,1.00,1.37
2016.09.13 13:59:49.263,0.76722,0.7673,1.00,1.00
2016.09.13 13:59:49.316,0.76722,0.76732,1.00,1.12
2016.09.13 13:59:49.367,0.76719,0.76733,1.01,2.32
2016.09.13 13:59:49.418,0.76719,0.76733,2.89,2.32
2016.09.13 13:59:49.589,0.76719,0.76731,1.87,1.12
2016.09.13 13:59:49.644,0.76722,0.7673,1.00,1.00
2016.09.13 13:59:49.696,0.76719,0.76733,1.07,2.70
2016.09.13 13:59:49.747,0.76718,0.7673,4.31,1.00
2016.09.13 13:59:49.799,0.76721,0.76732,1.00,1.00
2016.09.13 13:59:49.901,0.76719,0.76731,1.76,1.00
2016.09.13 13:59:50.003,0.76719,0.76728,1.57,1.00
2016.09.13 13:59:50.183,0.76719,0.76729,1.12,1.00
2016.09.13 13:59:50.234,0.76723,0.7673,1.00,1.00
2016.09.13 13:59:50.285,0.7672,0.7673,1.82,1.00
2016.09.13 13:59:50.337,0.7672,0.7673,1.12,1.00
2016.09.13 13:59:50.388,0.76719,0.7673,1.50,1.00
2016.09.13 13:59:50.439,0.76719,0.7673,3.00,1.00
2016.09.13 13:59:50.490,0.7672,0.7673,1.75,1.00
2016.09.13 13:59:50.783,0.7672,0.7673,3.00,1.00
2016.09.13 13:59:50.835,0.7672,0.76725,1.37,1.00
2016.09.13 13:59:50.889,0.76716,0.76726,4.12,1.00
2016.09.13 13:59:50.941,0.76715,0.76723,1.37,1.00
2016.09.13 13:59:50.993,0.76714,0.76721,3.00,1.00
2016.09.13 13:59:51.046,0.76713,0.76719,1.37,1.00
2016.09.13 13:59:51.097,0.76709,0.76715,1.20,1.00
2016.09.13 13:59:51.150,0.76708,0.76716,1.62,1.00
2016.09.13 13:59:51.312,0.76707,0.76717,2.81,1.87
2016.09.13 13:59:51.363,0.76703,0.76712,2.81,1.00
2016.09.13 13:59:51.420,0.76705,0.76711,1.12,1.00
2016.09.13 13:59:51.476,0.767,0.7671,2.44,1.10
2016.09.13 13:59:51.527,0.767,0.76709,1.87,1.12
2016.09.13 13:59:51.581,0.76698,0.76707,1.19,1.50
2016.09.13 13:59:51.632,0.76696,0.76707,3.19,1.87
2016.09.13 13:59:51.781,0.76695,0.76707,1.75,1.87
2016.09.13 13:59:51.833,0.76695,0.76702,1.87,1.00
2016.09.13 13:59:51.884,0.76695,0.76702,1.00,1.00
2016.09.13 13:59:51.936,0.76691,0.76703,1.12,1.00
2016.09.13 13:59:51.988,0.76691,0.76702,1.00,1.00
2016.09.13 13:59:52.041,0.76693,0.76702,1.87,1.37
2016.09.13 13:59:52.238,0.767,0.76704,1.00,1.00
2016.09.13 13:59:52.294,0.76699,0.76707,1.00,1.00
2016.09.13 13:59:52.397,0.76697,0.76711,1.00,1.95
2016.09.13 13:59:52.449,0.76698,0.76712,1.07,1.87
2016.09.13 13:59:52.500,0.76699,0.76713,1.10,3.64
2016.09.13 13:59:52.552,0.76699,0.76713,1.87,2.32
2016.09.13 13:59:52.603,0.76701,0.76712,1.10,1.12
2016.09.13 13:59:52.794,0.76706,0.76712,1.00,1.12
2016.09.13 13:59:52.846,0.76706,0.76714,1.00,2.25
2016.09.13 13:59:52.898,0.76706,0.76716,1.00,2.70
2016.09.13 13:59:52.949,0.76706,0.76713,1.00,1.00
2016.09.13 13:59:53.001,0.76704,0.76713,1.00,1.00
2016.09.13 13:59:53.052,0.76704,0.76713,1.00,2.62
2016.09.13 13:59:53.104,0.76699,0.76711,1.20,1.00
2016.09.13 13:59:53.207,0.76703,0.76712,1.00,1.37
2016.09.13 13:59:53.370,0.76702,0.76715,1.10,5.32
2016.09.13 13:59:53.421,0.76702,0.76713,1.20,1.00
2016.09.13 13:59:53.473,0.76702,0.76712,1.20,2.25
2016.09.13 13:59:53.524,0.76702,0.76712,1.10,2.25
2016.09.13 13:59:53.575,0.76702,0.7671,1.00,2.25
2016.09.13 13:59:53.626,0.76702,0.7671,1.00,2.25
2016.09.13 13:59:53.677,0.76702,0.7671,1.00,2.25
2016.09.13 13:59:53.729,0.767,0.76709,1.00,1.50
2016.09.13 13:59:53.780,0.76696,0.76707,1.31,2.25
2016.09.13 13:59:53.977,0.76695,0.76705,1.31,2.25
2016.09.13 13:59:54.079,0.76696,0.76702,1.01,1.87
2016.09.13 13:59:54.190,0.76696,0.76707,1.01,2.25
2016.09.13 13:59:54.242,0.76698,0.76707,2.70,2.25
2016.09.13 13:59:54.294,0.767,0.76709,1.01,2.25
2016.09.13 13:59:54.346,0.767,0.76709,1.76,2.25
2016.09.13 13:59:54.398,0.76702,0.76713,1.25,1.50
2016.09.13 13:59:54.607,0.76702,0.76715,1.25,2.25
2016.09.13 13:59:54.659,0.76702,0.76715,1.69,3.75
2016.09.13 13:59:54.710,0.76703,0.76713,2.77,1.12
2016.09.13 13:59:54.763,0.76703,0.76715,2.62,4.95
2016.09.13 13:59:54.815,0.76701,0.76715,1.76,4.95
2016.09.13 13:59:54.866,0.76701,0.76715,1.57,4.20
2016.09.13 13:59:54.918,0.76702,0.76715,1.10,3.45
2016.09.13 13:59:54.969,0.76702,0.76715,1.20,1.37
2016.09.13 13:59:55.020,0.76704,0.76715,1.00,1.00
2016.09.13 13:59:55.206,0.76703,0.76714,2.81,1.47
2016.09.13 13:59:55.258,0.767,0.76713,4.39,1.00
2016.09.13 13:59:55.309,0.76701,0.76715,1.50,1.12
2016.09.13 13:59:55.360,0.76701,0.76716,1.50,2.02
2016.09.13 13:59:55.412,0.76701,0.76716,1.22,3.07
2016.09.13 13:59:55.463,0.76702,0.76716,2.70,1.47
2016.09.13 13:59:55.515,0.76703,0.76717,1.50,1.12
2016.09.13 13:59:55.567,0.76705,0.76717,1.87,1.12
2016.09.13 13:59:55.618,0.76708,0.76718,3.19,1.12
2016.09.13 13:59:55.813,0.76709,0.76717,2.70,1.00
2016.09.13 13:59:55.864,0.76706,0.76719,3.56,1.20
2016.09.13 13:59:55.916,0.76705,0.76717,1.66,1.00
2016.09.13 13:59:55.968,0.76704,0.76718,3.07,1.95
2016.09.13 13:59:56.035,0.76703,0.76718,1.07,1.95
2016.09.13 13:59:56.087,0.76702,0.76718,3.37,3.00
2016.09.13 13:59:56.140,0.76703,0.76717,2.77,1.27
2016.09.13 13:59:56.194,0.76703,0.76717,3.26,1.50
2016.09.13 13:59:56.429,0.76708,0.76718,3.56,1.50
2016.09.13 13:59:56.480,0.76708,0.76722,6.37,1.50
2016.09.13 13:59:56.531,0.7671,0.76724,1.50,1.00
2016.09.13 13:59:56.583,0.7671,0.76725,1.50,1.10
2016.09.13 13:59:56.635,0.7671,0.76725,4.12,1.10
2016.09.13 13:59:56.687,0.7671,0.76725,3.75,3.07
2016.09.13 13:59:56.739,0.76711,0.76725,1.01,3.07
2016.09.13 13:59:56.843,0.7671,0.76725,3.75,2.32
2016.09.13 13:59:57.073,0.7671,0.76725,3.75,2.25
2016.09.13 13:59:57.125,0.76714,0.76729,1.12,1.50
2016.09.13 13:59:57.177,0.76714,0.76728,1.12,1.12
2016.09.13 13:59:57.230,0.76714,0.76728,4.12,1.50
2016.09.13 13:59:57.282,0.76714,0.76727,4.31,1.00
2016.09.13 13:59:57.335,0.76714,0.76727,1.31,1.00
2016.09.13 13:59:57.386,0.76716,0.76731,1.39,1.57
2016.09.13 13:59:57.437,0.76716,0.76732,1.39,1.20
2016.09.13 13:59:57.488,0.76717,0.76733,2.00,4.87
2016.09.13 13:59:57.539,0.76718,0.7673,1.75,1.00
2016.09.13 13:59:57.591,0.76718,0.76729,1.66,1.00
2016.09.13 13:59:57.773,0.76716,0.76728,3.15,1.00
2016.09.13 13:59:57.825,0.76719,0.76731,3.19,1.37
2016.09.13 13:59:57.879,0.76719,0.76731,2.81,1.12
2016.09.13 13:59:57.930,0.76718,0.76731,2.06,1.12
2016.09.13 13:59:57.981,0.76719,0.76733,1.26,1.50
2016.09.13 13:59:58.033,0.76719,0.76733,1.39,2.25
2016.09.13 13:59:58.084,0.76719,0.76732,1.69,1.00
2016.09.13 13:59:58.136,0.76719,0.7673,1.12,1.49
2016.09.13 13:59:58.187,0.76718,0.7673,4.12,2.14
2016.09.13 13:59:58.357,0.76718,0.76729,2.62,1.46
2016.09.13 13:59:58.408,0.76716,0.76728,3.00,2.10
2016.09.13 13:59:58.459,0.76716,0.76729,3.00,1.91
2016.09.13 13:59:58.510,0.76716,0.76729,3.07,2.14
2016.09.13 13:59:58.562,0.76716,0.76729,3.07,1.39
2016.09.13 13:59:58.614,0.76716,0.76729,2.70,1.16
2016.09.13 13:59:58.723,0.76716,0.76729,2.70,1.39
2016.09.13 13:59:58.774,0.76715,0.76729,4.20,2.14
2016.09.13 13:59:58.826,0.76715,0.76728,3.37,2.89
2016.09.13 13:59:58.987,0.76714,0.76728,3.82,3.34
2016.09.13 13:59:59.038,0.76714,0.76728,3.45,4.84
2016.09.13 13:59:59.090,0.76714,0.76728,3.45,3.34
2016.09.13 13:59:59.192,0.76714,0.76725,3.45,1.00
2016.09.13 13:59:59.244,0.76715,0.76726,1.10,1.35
2016.09.13 13:59:59.296,0.76715,0.76726,1.47,1.12
2016.09.13 13:59:59.348,0.76715,0.76725,1.47,1.00
2016.09.13 13:59:59.400,0.76715,0.76728,1.87,1.47
2016.09.13 13:59:59.532,0.76717,0.76728,1.20,1.50
2016.09.13 13:59:59.583,0.76717,0.76728,3.37,1.00
2016.09.13 13:59:59.635,0.76721,0.76732,3.37,3.82
2016.09.13 13:59:59.686,0.76721,0.76732,3.07,3.07
2016.09.13 13:59:59.738,0.76721,0.76732,2.70,1.50
2016.09.13 13:59:59.789,0.76721,0.76732,2.70,1.30
2016.09.13 13:59:59.840,0.76717,0.7673,3.07,1.50
2016.09.13 13:59:59.942,0.76717,0.7673,3.07,1.87
