2014.09.10 06:00:00.870,0.97484,0.97495,2.59,2.25
2014.09.10 06:00:01.275,0.97484,0.97493,1.50,1.00
2014.09.10 06:00:01.529,0.97482,0.97493,1.57,1.00
2014.09.10 06:00:01.580,0.97482,0.97493,8.14,3.37
2014.09.10 06:00:01.682,0.97483,0.97495,4.61,1.00
2014.09.10 06:00:02.015,0.97486,0.97497,1.95,1.25
2014.09.10 06:00:02.067,0.97487,0.97498,1.57,1.76
2014.09.10 06:00:02.574,0.97487,0.97499,2.91,1.39
2014.09.10 06:00:03.186,0.97488,0.97499,2.40,1.69
2014.09.10 06:00:03.697,0.97488,0.97499,3.59,1.25
2014.09.10 06:00:04.472,0.97488,0.975,4.34,1.95
2014.09.10 06:00:04.934,0.97488,0.975,5.84,1.00
2014.09.10 06:00:05.035,0.97488,0.975,3.66,1.00
2014.09.10 06:00:06.429,0.97488,0.975,4.41,1.17
2014.09.10 06:00:07.390,0.97488,0.97501,1.10,8.14
2014.09.10 06:00:07.935,0.97488,0.97499,1.00,1.01
2014.09.10 06:00:08.138,0.97488,0.97499,1.00,3.26
2014.09.10 06:00:08.189,0.97488,0.97499,1.00,1.09
2014.09.10 06:00:10.922,0.97488,0.97499,1.00,1.74
2014.09.10 06:00:10.973,0.97488,0.97499,1.00,1.74
2014.09.10 06:00:11.500,0.97487,0.97498,1.50,2.14
2014.09.10 06:00:13.495,0.97487,0.975,2.57,3.71
2014.09.10 06:00:13.546,0.97487,0.975,6.13,2.89
2014.09.10 06:00:13.748,0.97489,0.97502,7.91,1.87
2014.09.10 06:00:13.900,0.97492,0.97502,1.46,1.00
2014.09.10 06:00:14.054,0.97494,0.97504,2.70,3.75
2014.09.10 06:00:14.358,0.97494,0.97503,1.00,4.20
2014.09.10 06:00:14.713,0.9749,0.975,1.00,2.32
2014.09.10 06:00:16.406,0.97491,0.97501,1.87,2.44
2014.09.10 06:00:16.927,0.97491,0.97501,4.92,1.00
2014.09.10 06:00:17.478,0.97491,0.97502,3.05,1.25
2014.09.10 06:00:19.121,0.97491,0.97502,2.84,1.19
2014.09.10 06:00:19.425,0.97485,0.97492,1.00,1.00
2014.09.10 06:00:19.476,0.97485,0.97493,1.00,1.00
2014.09.10 06:00:19.577,0.97483,0.97493,1.10,1.57
2014.09.10 06:00:20.188,0.97483,0.97493,1.10,1.69
2014.09.10 06:00:21.273,0.97483,0.97493,1.20,1.76
2014.09.10 06:00:21.779,0.97483,0.97494,1.20,1.01
2014.09.10 06:00:21.931,0.97484,0.97495,1.50,1.31
2014.09.10 06:00:22.235,0.97481,0.97493,1.17,3.64
2014.09.10 06:00:22.641,0.97481,0.97493,2.56,1.87
2014.09.10 06:00:23.059,0.97483,0.97493,3.22,1.00
2014.09.10 06:00:23.314,0.9749,0.97499,1.50,3.37
2014.09.10 06:00:23.466,0.97493,0.97503,1.57,1.00
2014.09.10 06:00:23.618,0.97493,0.97505,5.70,3.19
2014.09.10 06:00:24.247,0.97493,0.97505,3.22,1.25
2014.09.10 06:00:25.164,0.97493,0.97506,3.41,1.76
2014.09.10 06:00:25.366,0.97493,0.97503,3.15,1.00
2014.09.10 06:00:25.569,0.97492,0.97503,1.57,1.09
2014.09.10 06:00:26.074,0.97491,0.97495,1.00,1.50
2014.09.10 06:00:26.226,0.97488,0.97493,1.00,1.00
2014.09.10 06:00:26.277,0.97486,0.97492,1.00,1.76
2014.09.10 06:00:26.379,0.97481,0.97492,2.32,1.36
2014.09.10 06:00:28.642,0.97481,0.97491,2.11,1.10
2014.09.10 06:00:29.968,0.97481,0.97491,2.86,1.00
2014.09.10 06:00:30.572,0.97481,0.97492,3.33,1.00
2014.09.10 06:00:33.831,0.97481,0.97494,4.08,1.09
2014.09.10 06:00:34.437,0.97481,0.97495,7.09,2.51
2014.09.10 06:00:37.629,0.97483,0.97495,2.51,4.01
2014.09.10 06:00:38.163,0.97483,0.97495,3.52,1.01
2014.09.10 06:00:39.607,0.97483,0.97496,3.50,2.51
2014.09.10 06:00:41.118,0.97484,0.97496,1.87,1.01
2014.09.10 06:00:42.908,0.97484,0.97496,2.96,2.51
2014.09.10 06:00:43.912,0.97484,0.97496,1.17,1.76
2014.09.10 06:00:44.165,0.97484,0.97496,1.10,1.76
2014.09.10 06:00:44.698,0.97484,0.97496,1.10,1.76
2014.09.10 06:00:45.452,0.97484,0.97496,1.65,1.76
2014.09.10 06:00:47.228,0.97484,0.97496,1.50,1.10
2014.09.10 06:00:47.549,0.97484,0.97496,1.95,1.10
2014.09.10 06:00:47.813,0.97486,0.97498,2.25,1.69
2014.09.10 06:00:47.864,0.97487,0.97498,2.02,1.69
2014.09.10 06:00:48.068,0.97489,0.97502,6.04,2.25
2014.09.10 06:00:48.170,0.97493,0.97504,1.12,1.57
2014.09.10 06:00:49.971,0.97493,0.97503,2.82,1.20
2014.09.10 06:00:50.174,0.97493,0.97502,1.00,1.72
2014.09.10 06:00:50.276,0.97489,0.97501,1.76,1.07
2014.09.10 06:00:50.631,0.97489,0.97501,5.28,1.00
2014.09.10 06:00:50.682,0.97491,0.97503,5.32,1.00
2014.09.10 06:00:51.189,0.97492,0.97505,1.57,1.76
2014.09.10 06:00:52.034,0.97492,0.97499,2.96,1.00
2014.09.10 06:00:52.236,0.97491,0.97498,1.00,4.39
2014.09.10 06:00:52.349,0.97488,0.97497,1.87,1.40
2014.09.10 06:00:52.400,0.97488,0.97497,2.97,1.01
2014.09.10 06:00:52.502,0.97488,0.97497,3.15,1.00
2014.09.10 06:00:52.553,0.97488,0.97497,3.15,1.50
2014.09.10 06:00:52.806,0.97489,0.97501,1.57,2.59
2014.09.10 06:00:52.907,0.97489,0.97501,1.57,2.59
2014.09.10 06:00:53.519,0.97489,0.97501,1.57,2.59
2014.09.10 06:00:53.778,0.97489,0.97499,1.10,1.00
2014.09.10 06:00:54.082,0.97484,0.97495,1.57,1.00
2014.09.10 06:00:54.853,0.97484,0.97495,1.57,1.69
2014.09.10 06:00:55.865,0.97484,0.97494,1.50,1.19
2014.09.10 06:00:57.827,0.97484,0.97495,1.50,3.34
2014.09.10 06:00:58.830,0.97484,0.97495,1.50,2.59
2014.09.10 06:00:59.832,0.97484,0.97495,1.50,2.59
2014.09.10 06:01:00.834,0.97484,0.97495,1.50,2.59
2014.09.10 06:01:01.882,0.97484,0.97495,1.50,3.34
2014.09.10 06:01:02.839,0.97484,0.97495,1.50,3.34
2014.09.10 06:01:06.850,0.97484,0.97495,1.50,2.59
2014.09.10 06:01:08.992,0.97484,0.97495,1.12,5.02
2014.09.10 06:01:09.195,0.97484,0.97495,3.16,1.00
2014.09.10 06:01:13.828,0.97484,0.97495,6.04,1.00
2014.09.10 06:01:14.030,0.97486,0.97498,7.61,4.12
2014.09.10 06:01:14.192,0.97489,0.97498,1.65,1.00
2014.09.10 06:01:14.243,0.97489,0.975,4.64,1.00
2014.09.10 06:01:14.345,0.97491,0.97502,2.51,2.25
2014.09.10 06:01:14.862,0.97491,0.97502,4.44,1.50
2014.09.10 06:01:15.325,0.97491,0.97499,2.58,4.12
2014.09.10 06:01:15.679,0.97488,0.97497,1.00,1.10
2014.09.10 06:01:16.188,0.97487,0.97497,1.00,1.09
2014.09.10 06:01:16.689,0.97487,0.97496,1.00,1.65
2014.09.10 06:01:16.740,0.97485,0.97496,1.95,1.65
2014.09.10 06:01:21.731,0.97485,0.97496,2.40,1.01
2014.09.10 06:01:21.832,0.97485,0.97496,2.85,1.25
2014.09.10 06:01:23.620,0.97485,0.97497,2.77,3.56
2014.09.10 06:01:25.614,0.97485,0.97495,4.20,1.10
2014.09.10 06:01:28.678,0.97485,0.97495,4.47,1.00
2014.09.10 06:01:29.201,0.97485,0.97497,4.47,2.21
2014.09.10 06:01:29.504,0.97485,0.97497,2.75,1.09
2014.09.10 06:01:30.889,0.97485,0.97497,2.94,1.09
2014.09.10 06:01:31.402,0.97485,0.97497,2.19,1.84
2014.09.10 06:01:32.077,0.97485,0.97497,2.19,1.76
2014.09.10 06:01:32.589,0.97485,0.97498,2.94,2.51
2014.09.10 06:01:33.220,0.97485,0.97498,3.31,1.76
2014.09.10 06:01:34.851,0.97485,0.97498,4.06,1.32
2014.09.10 06:01:36.230,0.97485,0.97498,4.06,1.76
2014.09.10 06:01:38.235,0.97485,0.97497,4.16,3.82
2014.09.10 06:01:39.250,0.97488,0.97498,1.87,3.45
2014.09.10 06:01:39.301,0.9749,0.97499,1.20,1.50
2014.09.10 06:01:39.807,0.9749,0.97499,1.00,3.56
2014.09.10 06:01:39.858,0.97489,0.97498,1.72,3.37
2014.09.10 06:01:40.386,0.97489,0.97499,1.57,3.64
2014.09.10 06:01:41.651,0.97489,0.975,1.57,4.09
2014.09.10 06:01:42.682,0.97489,0.97499,1.57,3.45
2014.09.10 06:01:43.041,0.97489,0.97497,1.57,3.75
2014.09.10 06:01:44.207,0.9749,0.97497,1.57,3.75
2014.09.10 06:01:44.261,0.9749,0.97502,4.64,1.25
2014.09.10 06:01:44.312,0.97491,0.97503,1.27,5.14
2014.09.10 06:01:44.817,0.97492,0.97503,1.20,4.57
2014.09.10 06:01:49.456,0.97493,0.97502,1.20,3.75
2014.09.10 06:01:49.980,0.97494,0.97502,2.10,3.75
2014.09.10 06:01:50.516,0.97494,0.97502,2.40,3.37
2014.09.10 06:01:53.451,0.97494,0.97503,2.20,3.37
2014.09.10 06:01:53.992,0.97494,0.97502,2.20,3.37
2014.09.10 06:01:55.707,0.97494,0.97503,2.20,3.37
2014.09.10 06:01:56.257,0.97494,0.97502,2.20,3.37
2014.09.10 06:01:58.536,0.97494,0.97502,1.95,3.75
2014.09.10 06:02:01.219,0.97494,0.97501,1.57,3.37
2014.09.10 06:02:01.727,0.97493,0.975,1.65,3.37
2014.09.10 06:02:02.320,0.97493,0.97501,1.65,3.37
2014.09.10 06:02:04.982,0.97493,0.97499,1.10,3.37
2014.09.10 06:02:06.986,0.97493,0.975,1.10,3.37
2014.09.10 06:02:14.652,0.97493,0.97499,1.10,3.37
2014.09.10 06:02:15.008,0.97491,0.975,1.57,3.56
2014.09.10 06:02:15.059,0.97491,0.97497,1.10,3.37
2014.09.10 06:02:15.161,0.97489,0.97497,1.57,3.37
2014.09.10 06:02:15.262,0.97487,0.97497,1.20,4.12
2014.09.10 06:02:15.467,0.97487,0.97496,1.00,4.31
2014.09.10 06:02:15.518,0.97485,0.97494,1.57,3.37
2014.09.10 06:02:17.025,0.97484,0.97493,1.57,3.75
2014.09.10 06:02:18.337,0.97484,0.97493,1.50,3.75
2014.09.10 06:02:20.127,0.97483,0.97493,2.40,3.37
2014.09.10 06:02:21.119,0.97483,0.97493,1.09,3.75
2014.09.10 06:02:21.271,0.97483,0.97493,3.07,3.75
2014.09.10 06:02:21.777,0.97483,0.97494,5.70,3.75
2014.09.10 06:02:22.456,0.97483,0.97496,7.87,4.31
2014.09.10 06:02:22.894,0.97485,0.97496,1.95,1.25
2014.09.10 06:02:23.176,0.97485,0.97496,4.82,1.76
2014.09.10 06:02:23.279,0.97485,0.97496,1.20,5.51
2014.09.10 06:02:23.331,0.97485,0.97494,1.20,3.75
2014.09.10 06:02:23.634,0.97485,0.97491,1.20,1.00
2014.09.10 06:02:23.888,0.97484,0.97493,1.15,1.00
2014.09.10 06:02:24.424,0.97484,0.97494,1.15,4.31
2014.09.10 06:02:24.931,0.97483,0.97492,4.39,1.00
2014.09.10 06:02:26.402,0.97483,0.97492,7.38,1.00
2014.09.10 06:02:26.706,0.97483,0.97492,10.38,1.00
2014.09.10 06:02:27.864,0.97484,0.97492,2.96,1.00
2014.09.10 06:02:28.268,0.97484,0.97492,4.44,1.00
2014.09.10 06:02:29.387,0.97484,0.97491,1.20,1.00
2014.09.10 06:02:30.816,0.97483,0.9749,1.65,1.00
2014.09.10 06:02:31.365,0.97483,0.9749,1.00,1.00
2014.09.10 06:02:32.474,0.97483,0.97491,1.00,1.00
2014.09.10 06:02:33.858,0.97483,0.9749,1.10,1.00
2014.09.10 06:02:34.214,0.97481,0.9749,1.35,4.87
2014.09.10 06:02:41.450,0.97481,0.97491,1.27,4.12
2014.09.10 06:02:42.584,0.97481,0.9749,1.27,3.75
2014.09.10 06:02:43.865,0.97481,0.97489,1.20,1.00
2014.09.10 06:02:44.017,0.97481,0.97489,1.10,1.00
2014.09.10 06:02:44.219,0.97481,0.97491,2.19,1.00
2014.09.10 06:02:44.473,0.97485,0.97496,2.44,1.87
2014.09.10 06:02:44.524,0.97485,0.97495,4.36,1.00
2014.09.10 06:02:45.030,0.97485,0.97496,4.38,1.00
2014.09.10 06:02:45.619,0.97486,0.97496,3.56,1.00
2014.09.10 06:02:46.325,0.97486,0.97496,3.37,1.37
2014.09.10 06:02:46.428,0.97485,0.97492,1.00,1.07
2014.09.10 06:02:46.529,0.97484,0.97489,1.00,1.00
2014.09.10 06:02:46.732,0.9748,0.97488,1.00,1.00
2014.09.10 06:02:46.833,0.97479,0.97485,1.57,1.00
2014.09.10 06:02:47.138,0.97479,0.9749,7.44,1.00
2014.09.10 06:02:47.189,0.97479,0.97489,7.44,1.00
2014.09.10 06:02:47.746,0.97483,0.97492,3.75,3.82
2014.09.10 06:02:47.847,0.97486,0.97492,1.12,1.00
2014.09.10 06:02:47.948,0.97487,0.97494,1.57,1.50
2014.09.10 06:02:47.999,0.97488,0.97494,1.20,1.50
2014.09.10 06:02:48.151,0.97488,0.97497,2.37,1.00
2014.09.10 06:02:49.059,0.97489,0.97499,1.95,1.25
2014.09.10 06:02:50.342,0.97489,0.97496,3.99,1.00
2014.09.10 06:02:51.188,0.97489,0.97496,2.14,1.00
2014.09.10 06:02:51.719,0.97489,0.97495,1.39,1.00
2014.09.10 06:02:53.045,0.97488,0.97495,1.01,1.00
2014.09.10 06:02:55.768,0.97488,0.97494,1.10,1.00
2014.09.10 06:03:02.373,0.97487,0.97496,2.10,1.00
2014.09.10 06:03:02.439,0.97487,0.97498,2.10,1.10
2014.09.10 06:03:04.466,0.97487,0.97499,2.85,1.25
2014.09.10 06:03:04.878,0.97487,0.97496,2.70,1.00
2014.09.10 06:03:05.197,0.97487,0.97498,2.70,1.10
2014.09.10 06:03:05.703,0.97486,0.97496,2.89,1.00
2014.09.10 06:03:06.007,0.97486,0.97493,1.50,1.10
2014.09.10 06:03:06.209,0.97484,0.97493,1.00,1.10
2014.09.10 06:03:06.765,0.97483,0.97494,1.01,1.84
2014.09.10 06:03:07.387,0.97482,0.97493,1.50,1.17
2014.09.10 06:03:07.918,0.97481,0.97493,1.39,1.57
2014.09.10 06:03:08.793,0.97481,0.97493,1.20,1.65
2014.09.10 06:03:09.299,0.97481,0.97488,1.10,1.00
2014.09.10 06:03:17.547,0.9748,0.97488,1.25,1.00
2014.09.10 06:03:18.686,0.97478,0.97488,2.96,1.00
2014.09.10 06:03:20.559,0.97479,0.97488,1.54,1.00
2014.09.10 06:03:21.197,0.9748,0.97488,1.95,1.00
2014.09.10 06:03:21.299,0.9748,0.97491,3.77,1.00
2014.09.10 06:03:21.603,0.97482,0.97494,1.27,1.46
2014.09.10 06:03:22.442,0.97482,0.97494,1.10,1.46
2014.09.10 06:03:22.970,0.97482,0.97494,1.10,1.46
2014.09.10 06:03:25.229,0.97482,0.97494,2.95,3.71
2014.09.10 06:03:26.691,0.97483,0.97495,1.84,2.44
2014.09.10 06:03:26.742,0.97483,0.97495,5.11,2.44
2014.09.10 06:03:28.575,0.97483,0.97495,2.84,5.14
2014.09.10 06:03:29.089,0.97483,0.97495,1.20,4.39
2014.09.10 06:03:31.902,0.97483,0.97495,1.57,1.76
2014.09.10 06:03:32.205,0.97487,0.97497,1.20,1.00
2014.09.10 06:03:32.510,0.97487,0.975,5.96,5.51
2014.09.10 06:03:33.181,0.97487,0.975,4.54,3.64
2014.09.10 06:03:35.026,0.97487,0.97501,5.29,4.84
2014.09.10 06:03:35.533,0.97488,0.97501,1.01,4.01
2014.09.10 06:03:36.074,0.97489,0.97501,1.20,4.01
2014.09.10 06:03:37.270,0.97489,0.97501,2.21,3.82
2014.09.10 06:03:37.901,0.97489,0.97501,1.95,4.01
2014.09.10 06:03:38.205,0.97486,0.97493,4.12,1.07
2014.09.10 06:03:38.509,0.97486,0.9749,3.37,1.09
2014.09.10 06:03:38.986,0.97477,0.9749,1.20,5.29
2014.09.10 06:03:39.036,0.97477,0.9749,2.37,4.39
2014.09.10 06:03:39.592,0.97478,0.9749,2.32,1.01
2014.09.10 06:03:40.604,0.97478,0.97491,4.54,5.21
2014.09.10 06:03:43.615,0.97479,0.97491,2.85,5.21
2014.09.10 06:03:45.020,0.97479,0.97491,3.60,5.21
2014.09.10 06:03:45.704,0.97479,0.9749,3.60,3.37
2014.09.10 06:03:48.136,0.97479,0.9749,3.60,3.37
2014.09.10 06:03:48.644,0.97479,0.97491,2.96,3.19
2014.09.10 06:03:48.947,0.97479,0.97491,5.96,1.25
2014.09.10 06:03:49.879,0.9748,0.97492,4.24,1.19
2014.09.10 06:03:50.602,0.9748,0.97492,7.31,1.25
2014.09.10 06:03:52.361,0.97483,0.97492,2.17,1.00
2014.09.10 06:03:52.867,0.97483,0.97493,3.21,3.37
2014.09.10 06:03:52.968,0.97483,0.97493,1.57,3.37
2014.09.10 06:03:53.423,0.97481,0.97491,1.32,1.00
2014.09.10 06:03:53.525,0.9748,0.97491,3.22,1.19
2014.09.10 06:03:54.187,0.9748,0.97492,2.47,1.76
2014.09.10 06:03:55.364,0.9748,0.97492,2.47,4.39
2014.09.10 06:03:55.880,0.9748,0.97492,1.57,2.89
2014.09.10 06:03:56.516,0.9748,0.97491,1.57,1.29
2014.09.10 06:03:57.518,0.9748,0.97492,1.57,7.01
2014.09.10 06:03:58.526,0.9748,0.97491,1.57,1.29
2014.09.10 06:04:00.422,0.9748,0.97492,1.57,4.39
2014.09.10 06:04:01.657,0.9748,0.97492,3.59,4.31
2014.09.10 06:04:04.336,0.9748,0.97492,2.77,2.44
2014.09.10 06:04:04.913,0.9748,0.97493,6.71,3.94
2014.09.10 06:04:05.489,0.9748,0.97493,10.46,1.69
2014.09.10 06:04:05.999,0.97481,0.97493,5.47,1.50
2014.09.10 06:04:07.940,0.97482,0.97493,1.65,1.87
2014.09.10 06:04:09.966,0.97484,0.97493,1.50,1.00
2014.09.10 06:04:10.489,0.97484,0.97493,2.75,1.17
2014.09.10 06:04:12.571,0.97484,0.97493,1.25,1.17
2014.09.10 06:04:14.502,0.97483,0.97492,1.25,4.20
2014.09.10 06:04:15.050,0.97483,0.97492,1.25,3.45
2014.09.10 06:04:16.584,0.97482,0.97491,1.25,1.10
2014.09.10 06:04:16.635,0.97482,0.97488,1.25,1.00
2014.09.10 06:04:19.124,0.97482,0.9749,1.25,1.00
2014.09.10 06:04:19.569,0.97482,0.97491,3.50,1.00
2014.09.10 06:04:21.618,0.97483,0.97491,2.25,1.00
2014.09.10 06:04:22.184,0.97483,0.9749,3.57,1.00
2014.09.10 06:04:24.075,0.97483,0.97493,3.57,1.57
2014.09.10 06:04:28.696,0.97483,0.97494,1.25,1.57
2014.09.10 06:04:29.487,0.97483,0.97494,1.19,1.57
2014.09.10 06:04:29.841,0.97483,0.97491,1.25,1.10
2014.09.10 06:04:30.095,0.97481,0.9749,1.00,1.65
2014.09.10 06:04:30.145,0.97481,0.97488,1.00,1.20
2014.09.10 06:04:30.348,0.97476,0.97486,2.44,2.02
2014.09.10 06:04:30.399,0.97476,0.97483,2.44,1.10
2014.09.10 06:04:30.500,0.97475,0.97485,1.76,1.00
2014.09.10 06:04:31.007,0.97474,0.97484,1.19,1.50
2014.09.10 06:04:31.520,0.97473,0.97484,3.71,1.00
2014.09.10 06:04:31.571,0.97474,0.97485,2.74,1.50
2014.09.10 06:04:31.875,0.97476,0.9749,3.45,4.65
2014.09.10 06:04:32.737,0.97477,0.97488,3.97,1.10
2014.09.10 06:04:33.250,0.9748,0.9749,1.57,1.07
2014.09.10 06:04:34.262,0.9748,0.97491,1.25,2.40
2014.09.10 06:04:34.803,0.9748,0.97491,2.75,2.40
2014.09.10 06:04:35.308,0.97481,0.97493,5.70,3.52
2014.09.10 06:04:36.023,0.97481,0.97491,1.25,1.10
2014.09.10 06:04:36.563,0.97481,0.9749,1.25,1.50
2014.09.10 06:04:38.241,0.97482,0.9749,2.32,1.00
2014.09.10 06:04:38.292,0.97482,0.97492,3.65,1.10
2014.09.10 06:04:39.059,0.97482,0.97493,4.16,1.50
2014.09.10 06:04:41.561,0.97483,0.97493,3.07,1.50
2014.09.10 06:04:41.815,0.97488,0.97497,1.65,1.00
2014.09.10 06:04:41.916,0.97488,0.97499,2.90,2.25
2014.09.10 06:04:43.174,0.97489,0.97499,1.95,1.00
2014.09.10 06:04:44.247,0.97489,0.97499,1.19,1.00
2014.09.10 06:04:47.763,0.9749,0.97499,1.57,1.00
2014.09.10 06:04:47.865,0.97491,0.97501,1.57,2.32
2014.09.10 06:04:48.067,0.97493,0.97501,1.50,1.10
2014.09.10 06:04:48.219,0.97495,0.97503,1.57,3.75
2014.09.10 06:04:48.371,0.97495,0.97506,2.82,6.15
2014.09.10 06:04:49.152,0.97495,0.97506,1.25,3.52
2014.09.10 06:04:49.785,0.97495,0.97506,2.75,1.65
2014.09.10 06:04:50.346,0.97496,0.97506,2.32,1.15
2014.09.10 06:04:50.854,0.97497,0.97506,1.50,1.10
2014.09.10 06:04:51.309,0.97497,0.97507,1.25,3.07
2014.09.10 06:04:51.461,0.97496,0.97507,1.25,4.95
2014.09.10 06:04:51.764,0.97494,0.97505,1.69,2.77
2014.09.10 06:04:52.319,0.97494,0.97505,1.25,2.02
2014.09.10 06:04:54.220,0.97494,0.97503,1.25,1.20
2014.09.10 06:04:55.810,0.97493,0.97503,1.25,2.77
2014.09.10 06:04:56.322,0.97493,0.97503,2.75,3.52
2014.09.10 06:04:56.854,0.97493,0.97503,1.25,3.52
2014.09.10 06:04:58.632,0.97493,0.97503,1.25,3.52
2014.09.10 06:04:59.142,0.97493,0.97503,2.75,5.70
2014.09.10 06:04:59.673,0.97493,0.97503,1.25,5.70
2014.09.10 06:05:00.156,0.97493,0.97503,1.25,3.52
2014.09.10 06:05:00.583,0.97493,0.97503,1.25,4.27
2014.09.10 06:05:00.916,0.97496,0.97502,1.50,1.00
2014.09.10 06:05:01.068,0.97497,0.97507,2.32,1.65
2014.09.10 06:05:01.119,0.97497,0.97507,1.76,1.17
2014.09.10 06:05:01.273,0.97496,0.97505,1.00,1.20
2014.09.10 06:05:01.779,0.97495,0.97505,1.25,1.20
2014.09.10 06:05:03.295,0.97495,0.97504,1.25,1.00
2014.09.10 06:05:03.805,0.97494,0.97505,1.76,2.32
2014.09.10 06:05:04.319,0.97494,0.97505,1.25,1.57
2014.09.10 06:05:04.826,0.97494,0.97505,1.76,1.95
2014.09.10 06:05:05.387,0.97494,0.97505,1.25,1.95
2014.09.10 06:05:06.715,0.97494,0.97505,1.19,2.77
2014.09.10 06:05:08.865,0.97493,0.97503,1.69,1.20
2014.09.10 06:05:09.637,0.97492,0.97501,1.50,1.37
2014.09.10 06:05:09.839,0.97488,0.97498,2.51,1.17
2014.09.10 06:05:10.042,0.97486,0.97497,1.25,1.55
2014.09.10 06:05:10.345,0.97487,0.97497,1.50,1.27
2014.09.10 06:05:10.599,0.97489,0.975,1.65,4.12
2014.09.10 06:05:10.650,0.97492,0.975,1.50,4.12
2014.09.10 06:05:10.906,0.97495,0.97504,1.57,1.00
2014.09.10 06:05:11.261,0.97495,0.97506,4.01,4.50
2014.09.10 06:05:11.363,0.97495,0.97506,4.01,4.50
2014.09.10 06:05:12.065,0.97496,0.97506,1.50,4.50
2014.09.10 06:05:14.035,0.97496,0.97506,2.44,3.75
2014.09.10 06:05:14.634,0.97496,0.97506,2.75,3.75
2014.09.10 06:05:15.338,0.97496,0.97506,1.25,3.90
2014.09.10 06:05:15.841,0.97496,0.97505,1.25,1.00
2014.09.10 06:05:17.184,0.97496,0.97505,1.19,1.00
2014.09.10 06:05:17.830,0.97496,0.97505,1.25,1.17
2014.09.10 06:05:20.025,0.97495,0.97505,1.19,1.20
2014.09.10 06:05:20.794,0.97495,0.97505,2.75,1.27
2014.09.10 06:05:21.810,0.97495,0.97505,2.75,1.27
2014.09.10 06:05:22.832,0.97495,0.97505,2.82,1.00
2014.09.10 06:05:27.683,0.97495,0.97506,2.82,6.00
2014.09.10 06:05:31.132,0.97495,0.97505,2.82,3.37
2014.09.10 06:05:32.272,0.97495,0.97505,1.25,3.37
2014.09.10 06:05:32.786,0.97495,0.97506,1.25,2.62
2014.09.10 06:05:33.319,0.97495,0.97506,2.82,4.50
2014.09.10 06:05:33.623,0.97497,0.97507,1.01,1.95
2014.09.10 06:05:33.725,0.97497,0.97506,1.01,1.10
2014.09.10 06:05:34.232,0.97497,0.97506,1.25,1.17
2014.09.10 06:05:34.747,0.97496,0.97506,1.25,1.17
2014.09.10 06:05:36.695,0.97496,0.97506,1.19,1.17
2014.09.10 06:05:38.323,0.97496,0.97505,1.25,1.10
2014.09.10 06:05:39.296,0.97496,0.97506,1.19,1.17
2014.09.10 06:05:39.549,0.97496,0.97507,2.11,1.00
2014.09.10 06:05:40.475,0.97496,0.97507,4.36,1.07
2014.09.10 06:05:41.820,0.97496,0.97507,4.36,1.00
2014.09.10 06:05:47.489,0.97496,0.97508,4.36,2.70
2014.09.10 06:05:49.374,0.97497,0.97508,1.10,1.95
2014.09.10 06:05:49.678,0.975,0.97509,2.11,1.00
2014.09.10 06:05:50.180,0.975,0.9751,2.11,1.10
2014.09.10 06:05:50.951,0.975,0.9751,2.11,1.10
2014.09.10 06:05:51.478,0.97501,0.9751,2.44,1.10
2014.09.10 06:05:57.543,0.97502,0.97512,2.44,2.25
2014.09.10 06:05:57.901,0.97503,0.97514,2.32,1.95
2014.09.10 06:05:58.639,0.97503,0.97514,2.44,1.95
2014.09.10 06:05:59.159,0.97506,0.97516,1.50,3.45
2014.09.10 06:05:59.782,0.97506,0.97516,2.44,1.50
2014.09.10 06:06:00.136,0.97508,0.97518,1.50,1.10
2014.09.10 06:06:00.665,0.97508,0.97519,2.44,1.27
2014.09.10 06:06:01.214,0.97508,0.97519,2.44,1.27
2014.09.10 06:06:01.721,0.97509,0.97519,1.50,1.27
2014.09.10 06:06:02.265,0.97509,0.97519,2.44,1.27
2014.09.10 06:06:03.049,0.97509,0.97519,3.54,1.27
2014.09.10 06:06:03.353,0.9751,0.97519,2.44,1.17
2014.09.10 06:06:03.455,0.9751,0.97519,3.54,1.00
2014.09.10 06:06:03.971,0.9751,0.97519,2.44,1.00
2014.09.10 06:06:04.484,0.9751,0.9752,2.75,2.25
2014.09.10 06:06:05.157,0.9751,0.9752,2.44,2.25
2014.09.10 06:06:06.009,0.97512,0.9752,1.57,1.50
2014.09.10 06:06:06.161,0.97515,0.97523,2.25,1.57
2014.09.10 06:06:06.665,0.97515,0.97524,1.76,4.87
2014.09.10 06:06:07.173,0.97515,0.97524,3.54,4.87
2014.09.10 06:06:07.726,0.97515,0.97523,3.54,3.75
2014.09.10 06:06:08.461,0.97515,0.97524,3.54,5.32
2014.09.10 06:06:09.492,0.97515,0.97524,2.44,5.32
2014.09.10 06:06:10.146,0.97514,0.97523,3.26,3.37
2014.09.10 06:06:10.694,0.97514,0.97523,2.44,3.00
2014.09.10 06:06:11.771,0.97514,0.97523,3.26,3.00
2014.09.10 06:06:12.292,0.97514,0.97524,3.54,6.07
2014.09.10 06:06:14.084,0.97515,0.97523,2.44,3.75
2014.09.10 06:06:14.389,0.97513,0.97523,1.00,4.50
2014.09.10 06:06:14.440,0.97513,0.97521,1.00,1.00
2014.09.10 06:06:14.744,0.97512,0.97518,1.25,1.50
2014.09.10 06:06:15.099,0.97509,0.97518,1.01,1.50
2014.09.10 06:06:15.667,0.97509,0.97517,1.01,3.75
2014.09.10 06:06:16.202,0.97509,0.97517,2.51,3.75
2014.09.10 06:06:17.123,0.97508,0.97517,3.26,3.75
2014.09.10 06:06:18.606,0.9751,0.97517,1.50,3.75
2014.09.10 06:06:18.758,0.9751,0.97519,2.75,4.57
2014.09.10 06:06:19.759,0.9751,0.97518,2.75,3.37
2014.09.10 06:06:20.238,0.97508,0.97518,3.34,4.12
2014.09.10 06:06:20.491,0.97508,0.97516,3.34,1.00
2014.09.10 06:06:26.099,0.97508,0.97516,3.19,1.00
2014.09.10 06:06:26.160,0.97506,0.97516,4.31,4.57
2014.09.10 06:06:26.366,0.97506,0.97513,1.00,3.75
2014.09.10 06:06:26.417,0.97503,0.97513,1.76,3.75
2014.09.10 06:06:26.570,0.97502,0.97509,1.00,3.37
2014.09.10 06:06:26.621,0.975,0.97509,2.44,3.37
2014.09.10 06:06:27.091,0.97498,0.97509,2.06,3.52
2014.09.10 06:06:27.396,0.97499,0.97509,1.50,4.27
2014.09.10 06:06:28.225,0.97499,0.97507,1.25,3.45
2014.09.10 06:06:29.731,0.97499,0.97506,1.25,3.37
2014.09.10 06:06:29.883,0.97499,0.97509,1.25,4.50
2014.09.10 06:06:34.254,0.97499,0.97509,2.75,4.50
2014.09.10 06:06:36.229,0.97499,0.97509,1.25,1.00
2014.09.10 06:06:37.232,0.97499,0.97509,2.44,1.00
2014.09.10 06:06:38.249,0.97499,0.97509,2.44,1.00
2014.09.10 06:06:39.236,0.97499,0.97509,2.75,1.00
2014.09.10 06:06:40.239,0.97499,0.97509,2.44,1.00
2014.09.10 06:06:41.059,0.97499,0.97509,2.75,1.00
2014.09.10 06:06:42.082,0.97499,0.97509,3.19,1.00
2014.09.10 06:06:43.049,0.97499,0.97509,2.44,1.00
2014.09.10 06:06:44.689,0.975,0.97509,1.50,1.00
2014.09.10 06:06:46.679,0.975,0.97509,2.44,1.00
2014.09.10 06:06:46.990,0.97497,0.97508,1.17,2.25
2014.09.10 06:06:47.041,0.97497,0.97508,1.00,3.82
2014.09.10 06:06:47.092,0.97495,0.97506,6.15,1.07
2014.09.10 06:06:47.396,0.97495,0.97505,6.19,1.17
2014.09.10 06:06:47.498,0.97495,0.97508,6.41,1.65
2014.09.10 06:06:48.088,0.97498,0.97508,1.50,1.00
2014.09.10 06:06:48.391,0.97499,0.97511,1.95,1.65
2014.09.10 06:06:48.543,0.975,0.97511,1.50,1.65
2014.09.10 06:06:48.594,0.975,0.97511,3.94,1.57
2014.09.10 06:06:49.473,0.975,0.97511,4.69,1.10
2014.09.10 06:06:50.000,0.975,0.97511,4.69,1.10
2014.09.10 06:06:51.469,0.975,0.97511,4.31,3.82
2014.09.10 06:06:52.011,0.975,0.9751,4.31,1.00
2014.09.10 06:06:52.523,0.975,0.9751,4.31,1.00
2014.09.10 06:06:53.500,0.97501,0.9751,1.50,1.00
2014.09.10 06:06:54.050,0.97501,0.9751,2.44,3.75
2014.09.10 06:06:54.202,0.97498,0.97509,1.65,1.00
2014.09.10 06:06:54.620,0.97498,0.97508,1.50,1.07
2014.09.10 06:06:55.603,0.97497,0.97508,1.12,4.27
2014.09.10 06:06:56.580,0.97497,0.97508,1.37,3.90
2014.09.10 06:07:01.497,0.97496,0.97508,2.81,5.77
2014.09.10 06:07:02.068,0.97496,0.97508,3.71,5.06
2014.09.10 06:07:02.371,0.97496,0.97508,4.56,5.21
2014.09.10 06:07:02.886,0.97496,0.97506,2.81,1.10
2014.09.10 06:07:09.816,0.97496,0.97507,2.06,4.46
2014.09.10 06:07:10.369,0.97496,0.97507,2.06,4.46
2014.09.10 06:07:12.261,0.97496,0.97507,1.12,4.46
2014.09.10 06:07:14.144,0.97496,0.97507,1.37,4.65
2014.09.10 06:07:16.922,0.97496,0.97507,1.62,4.01
2014.09.10 06:07:20.090,0.97496,0.97507,1.12,3.64
2014.09.10 06:07:20.569,0.97496,0.97507,2.22,3.45
2014.09.10 06:07:22.000,0.97497,0.97507,1.12,3.52
2014.09.10 06:07:22.891,0.97497,0.97507,1.47,4.09
2014.09.10 06:07:24.722,0.97497,0.97506,1.47,3.45
2014.09.10 06:07:29.711,0.97497,0.97506,1.10,3.37
2014.09.10 06:07:30.220,0.97498,0.97508,1.12,1.17
2014.09.10 06:07:35.201,0.975,0.97508,1.12,1.00
2014.09.10 06:07:35.353,0.97502,0.9751,1.76,1.00
2014.09.10 06:07:35.455,0.97502,0.97512,3.98,4.50
2014.09.10 06:07:35.557,0.97503,0.97514,1.69,4.31
2014.09.10 06:07:36.065,0.97503,0.97514,2.14,1.32
2014.09.10 06:07:38.864,0.97503,0.97514,2.20,1.07
2014.09.10 06:07:39.310,0.97503,0.97515,2.27,2.44
2014.09.10 06:07:39.361,0.97503,0.97515,3.12,2.44
2014.09.10 06:07:40.411,0.97503,0.97517,9.63,3.94
2014.09.10 06:07:44.846,0.97503,0.97516,9.63,1.00
2014.09.10 06:07:45.390,0.97505,0.97517,1.46,1.50
2014.09.10 06:07:45.744,0.97507,0.97517,7.42,1.00
2014.09.10 06:07:45.845,0.97507,0.97519,8.44,1.50
2014.09.10 06:07:45.896,0.97509,0.97519,1.27,1.50
2014.09.10 06:07:45.998,0.9751,0.97521,1.01,1.00
2014.09.10 06:07:46.520,0.9751,0.9752,1.25,1.50
2014.09.10 06:07:46.723,0.9751,0.97518,1.25,1.00
2014.09.10 06:07:52.645,0.97508,0.97518,1.15,1.00
2014.09.10 06:07:55.299,0.97508,0.97518,1.84,1.00
2014.09.10 06:07:56.498,0.97508,0.97518,1.16,1.00
2014.09.10 06:07:57.924,0.97508,0.97518,1.16,1.00
2014.09.10 06:07:58.873,0.97508,0.97518,2.21,1.00
2014.09.10 06:07:58.974,0.97508,0.97518,3.41,1.00
2014.09.10 06:07:59.076,0.97509,0.97519,1.12,2.25
2014.09.10 06:07:59.177,0.97511,0.97519,1.09,1.00
2014.09.10 06:07:59.330,0.97511,0.97522,4.53,1.00
2014.09.10 06:07:59.381,0.97513,0.97523,2.49,1.00
2014.09.10 06:07:59.584,0.97515,0.97525,1.31,1.00
2014.09.10 06:08:00.262,0.97515,0.97526,3.99,1.57
2014.09.10 06:08:03.162,0.97516,0.97525,1.69,1.00
2014.09.10 06:08:03.675,0.97516,0.97526,1.10,2.32
2014.09.10 06:08:06.940,0.97516,0.97526,1.10,2.40
2014.09.10 06:08:08.420,0.97516,0.97526,2.79,1.57
2014.09.10 06:08:08.522,0.97516,0.97527,2.79,2.40
2014.09.10 06:08:10.160,0.97515,0.97527,3.79,1.65
2014.09.10 06:08:10.212,0.97515,0.97524,2.32,1.10
2014.09.10 06:08:10.516,0.97513,0.97522,1.10,1.10
2014.09.10 06:08:10.820,0.97513,0.97521,1.10,1.15
2014.09.10 06:08:11.125,0.97513,0.97524,1.10,1.00
2014.09.10 06:08:12.029,0.97514,0.97525,1.76,1.50
2014.09.10 06:08:12.581,0.97516,0.97526,1.01,1.00
2014.09.10 06:08:12.885,0.97518,0.97527,1.10,1.00
2014.09.10 06:08:13.469,0.97518,0.97528,1.10,1.00
2014.09.10 06:08:15.095,0.97518,0.97528,1.01,1.00
2014.09.10 06:08:15.196,0.97518,0.97528,2.19,1.00
2014.09.10 06:08:15.700,0.97518,0.97529,2.19,1.00
2014.09.10 06:08:16.155,0.97519,0.97529,1.10,1.00
2014.09.10 06:08:16.308,0.97519,0.97529,1.01,1.00
2014.09.10 06:08:18.063,0.9752,0.97531,2.32,2.32
2014.09.10 06:08:18.165,0.9752,0.97531,5.83,2.25
2014.09.10 06:08:18.418,0.97522,0.97533,1.84,1.00
2014.09.10 06:08:18.722,0.97523,0.97535,1.39,3.75
2014.09.10 06:08:19.148,0.97523,0.97536,3.79,1.57
2014.09.10 06:08:19.662,0.97524,0.97537,1.65,2.32
2014.09.10 06:08:19.966,0.97527,0.97537,3.26,1.00
2014.09.10 06:08:22.222,0.97528,0.9754,2.59,2.32
2014.09.10 06:08:22.576,0.97529,0.97541,2.21,1.65
2014.09.10 06:08:23.104,0.9753,0.97541,1.50,1.17
2014.09.10 06:08:23.357,0.9753,0.97538,1.10,1.00
2014.09.10 06:08:23.458,0.97526,0.97538,1.57,1.01
2014.09.10 06:08:23.560,0.97526,0.97536,1.00,1.15
2014.09.10 06:08:24.104,0.97525,0.97535,1.00,1.17
2014.09.10 06:08:24.411,0.97521,0.9753,1.00,1.07
2014.09.10 06:08:24.967,0.9752,0.9753,1.10,2.40
2014.09.10 06:08:26.442,0.9752,0.9753,1.10,2.59
2014.09.10 06:08:26.746,0.9752,0.9753,1.15,1.00
2014.09.10 06:08:27.050,0.97521,0.97534,2.59,1.19
2014.09.10 06:08:27.151,0.97523,0.97534,2.17,1.19
2014.09.10 06:08:27.631,0.97523,0.97535,8.51,1.00
2014.09.10 06:08:27.733,0.97526,0.97536,3.86,1.00
2014.09.10 06:08:28.252,0.97527,0.97539,3.00,1.69
2014.09.10 06:08:28.795,0.97527,0.97539,2.16,1.19
2014.09.10 06:08:30.682,0.97527,0.97539,1.00,1.25
2014.09.10 06:08:31.560,0.97527,0.97539,1.10,1.84
2014.09.10 06:08:32.091,0.97527,0.97539,2.91,1.69
2014.09.10 06:08:32.666,0.97528,0.97539,2.17,1.50
2014.09.10 06:08:33.020,0.97529,0.97541,3.82,1.69
2014.09.10 06:08:33.071,0.9753,0.97541,2.32,1.69
2014.09.10 06:08:33.375,0.9753,0.97539,1.00,2.51
2014.09.10 06:08:33.476,0.97528,0.97538,1.01,1.17
2014.09.10 06:08:33.678,0.97527,0.97533,1.00,1.76
2014.09.10 06:08:33.983,0.97525,0.9753,3.75,1.84
2014.09.10 06:08:34.468,0.97522,0.97529,1.10,1.20
2014.09.10 06:08:35.950,0.9752,0.97529,2.32,1.20
2014.09.10 06:08:39.593,0.9752,0.97529,1.10,1.00
2014.09.10 06:08:41.072,0.9752,0.9753,1.27,1.00
2014.09.10 06:08:41.467,0.9752,0.97532,1.10,2.51
2014.09.10 06:08:42.042,0.9752,0.97531,1.10,1.29
2014.09.10 06:08:42.564,0.9752,0.97531,1.10,1.01
2014.09.10 06:08:44.654,0.9752,0.97531,1.10,1.01
2014.09.10 06:08:44.958,0.97526,0.97532,2.62,1.00
2014.09.10 06:08:45.009,0.97526,0.97536,2.75,1.00
2014.09.10 06:08:45.211,0.97526,0.97535,1.15,1.00
2014.09.10 06:08:45.313,0.97525,0.97536,1.57,1.00
2014.09.10 06:08:45.415,0.97525,0.97537,3.80,1.76
2014.09.10 06:08:45.718,0.97527,0.97539,3.34,1.00
2014.09.10 06:08:46.224,0.97527,0.97538,2.79,1.10
2014.09.10 06:08:54.040,0.97527,0.97538,2.94,1.00
2014.09.10 06:08:54.576,0.97527,0.97538,2.94,1.00
2014.09.10 06:08:55.433,0.97529,0.97538,4.05,1.00
2014.09.10 06:08:55.484,0.97529,0.97541,6.05,1.00
2014.09.10 06:08:55.686,0.97531,0.97543,1.09,1.84
2014.09.10 06:08:56.644,0.97531,0.97544,4.06,1.57
2014.09.10 06:08:57.189,0.97531,0.97544,3.31,2.32
2014.09.10 06:08:57.493,0.97531,0.97541,1.57,3.26
2014.09.10 06:08:58.032,0.97531,0.97539,1.10,1.65
2014.09.10 06:08:58.953,0.97529,0.97539,1.95,1.84
2014.09.10 06:08:59.469,0.97529,0.97536,1.10,1.00
2014.09.10 06:09:00.481,0.97529,0.97536,1.10,1.00
2014.09.10 06:09:01.379,0.97529,0.97536,3.42,1.00
2014.09.10 06:09:02.306,0.97529,0.97536,2.59,1.00
2014.09.10 06:09:04.080,0.97529,0.97536,2.21,1.00
2014.09.10 06:09:04.232,0.97529,0.97536,1.10,1.00
2014.09.10 06:09:04.384,0.97529,0.97539,1.10,1.17
2014.09.10 06:09:06.332,0.97529,0.97539,1.10,1.17
2014.09.10 06:09:08.971,0.97529,0.97538,1.10,1.10
2014.09.10 06:09:11.572,0.97529,0.97538,1.47,1.10
2014.09.10 06:09:12.889,0.97529,0.97539,1.10,1.50
2014.09.10 06:09:13.788,0.97527,0.97539,2.29,3.00
2014.09.10 06:09:14.340,0.97527,0.97539,4.16,3.00
2014.09.10 06:09:14.745,0.97527,0.97539,5.21,1.10
2014.09.10 06:09:15.446,0.97527,0.97539,5.49,1.50
2014.09.10 06:09:15.700,0.97527,0.97539,3.88,1.80
2014.09.10 06:09:16.209,0.97527,0.97539,2.06,4.91
2014.09.10 06:09:18.003,0.97527,0.97538,2.06,3.45
2014.09.10 06:09:18.054,0.97527,0.97538,2.06,3.45
2014.09.10 06:09:18.206,0.97527,0.97536,1.12,4.27
2014.09.10 06:09:18.669,0.97525,0.97534,1.37,3.37
2014.09.10 06:09:19.199,0.97525,0.97535,1.37,3.45
2014.09.10 06:09:20.073,0.97525,0.97533,1.37,1.00
2014.09.10 06:09:20.124,0.97523,0.97533,1.47,1.00
2014.09.10 06:09:20.175,0.97523,0.97535,1.47,1.84
2014.09.10 06:09:20.378,0.97523,0.97532,1.12,1.00
2014.09.10 06:09:20.531,0.9752,0.97531,1.47,1.50
2014.09.10 06:09:20.733,0.97519,0.97531,1.39,3.22
2014.09.10 06:09:23.011,0.97519,0.97531,7.34,2.40
2014.09.10 06:09:23.314,0.97526,0.97534,5.25,1.00
2014.09.10 06:09:23.517,0.97527,0.97539,2.25,1.10
2014.09.10 06:09:23.719,0.97528,0.97539,2.47,1.00
2014.09.10 06:09:24.130,0.97528,0.97539,2.21,1.00
2014.09.10 06:09:24.693,0.97528,0.97538,1.29,1.00
2014.09.10 06:09:25.309,0.97527,0.97538,1.09,1.00
2014.09.10 06:09:28.950,0.97527,0.97539,4.81,1.50
2014.09.10 06:09:29.001,0.97527,0.97539,4.81,1.50
2014.09.10 06:09:29.103,0.97528,0.97539,1.50,1.00
2014.09.10 06:09:29.608,0.97529,0.97539,1.54,1.00
2014.09.10 06:09:29.659,0.9753,0.9754,4.05,1.00
2014.09.10 06:09:29.761,0.9753,0.97542,6.23,1.50
2014.09.10 06:09:30.267,0.97531,0.97544,5.62,1.29
2014.09.10 06:09:30.814,0.97531,0.97543,9.56,1.01
2014.09.10 06:09:32.608,0.97531,0.97544,10.39,1.10
2014.09.10 06:09:33.229,0.97531,0.97544,8.21,1.20
2014.09.10 06:09:34.392,0.97531,0.97543,6.63,1.10
2014.09.10 06:09:35.556,0.97531,0.97543,4.46,1.01
2014.09.10 06:09:36.065,0.9753,0.97541,1.00,1.84
2014.09.10 06:09:36.578,0.97529,0.97541,1.20,1.84
2014.09.10 06:09:37.181,0.97529,0.97541,1.84,1.84
2014.09.10 06:09:38.078,0.97529,0.97541,1.20,1.84
2014.09.10 06:09:38.612,0.97529,0.9754,1.57,1.10
2014.09.10 06:09:39.125,0.97529,0.97539,1.37,1.10
2014.09.10 06:09:40.240,0.97529,0.97539,1.20,1.01
2014.09.10 06:09:40.763,0.9753,0.9754,1.39,1.00
2014.09.10 06:09:41.067,0.97532,0.97543,1.95,1.00
2014.09.10 06:09:42.199,0.97532,0.97542,2.21,1.10
2014.09.10 06:09:42.503,0.97532,0.97543,8.06,1.00
2014.09.10 06:09:44.066,0.97534,0.97545,1.50,1.00
2014.09.10 06:09:44.190,0.97535,0.97547,2.32,1.00
2014.09.10 06:09:44.698,0.97536,0.97548,1.65,4.31
2014.09.10 06:09:44.749,0.97537,0.97548,1.95,4.31
2014.09.10 06:09:46.192,0.97538,0.9755,1.57,3.64
2014.09.10 06:09:47.528,0.97538,0.97548,2.77,1.00
2014.09.10 06:09:47.832,0.97539,0.9755,1.72,1.07
2014.09.10 06:09:47.883,0.97539,0.97551,4.04,1.25
2014.09.10 06:09:48.137,0.97542,0.97553,1.65,2.44
2014.09.10 06:09:48.441,0.97545,0.97556,4.57,1.69
2014.09.10 06:09:48.694,0.97545,0.97556,1.65,1.29
2014.09.10 06:09:49.228,0.97545,0.97556,1.65,1.01
2014.09.10 06:09:50.271,0.97545,0.97556,1.57,1.76
2014.09.10 06:09:50.679,0.97546,0.97557,1.12,2.59
2014.09.10 06:09:50.983,0.97547,0.97556,2.96,1.00
2014.09.10 06:09:51.034,0.97547,0.97558,4.06,1.25
2014.09.10 06:09:52.070,0.97547,0.97558,4.84,1.00
2014.09.10 06:09:53.108,0.97547,0.97558,3.59,1.01
2014.09.10 06:09:53.689,0.97547,0.97558,3.26,1.01
2014.09.10 06:09:55.010,0.97547,0.97558,1.76,1.00
2014.09.10 06:09:56.550,0.97548,0.97558,2.02,1.00
2014.09.10 06:09:57.887,0.97548,0.97558,2.20,1.07
2014.09.10 06:09:58.410,0.97548,0.97558,1.10,1.07
2014.09.10 06:10:00.109,0.97548,0.97558,1.10,1.10
2014.09.10 06:10:00.616,0.97548,0.9756,1.10,1.40
2014.09.10 06:10:00.719,0.97548,0.9756,1.10,1.25
2014.09.10 06:10:01.230,0.97549,0.97562,4.39,1.76
2014.09.10 06:10:01.483,0.97551,0.97562,1.84,1.25
2014.09.10 06:10:01.803,0.97551,0.97562,2.86,1.01
2014.09.10 06:10:02.262,0.97551,0.9756,1.20,1.19
2014.09.10 06:10:02.790,0.9755,0.9756,1.20,1.29
2014.09.10 06:10:03.309,0.9755,0.9756,1.10,1.76
2014.09.10 06:10:04.129,0.9755,0.9756,1.10,1.01
2014.09.10 06:10:04.382,0.9755,0.97562,3.69,1.00
2014.09.10 06:10:04.451,0.97551,0.97562,2.75,1.00
2014.09.10 06:10:04.958,0.97551,0.97564,3.50,1.76
2014.09.10 06:10:05.009,0.97551,0.97564,3.35,1.84
2014.09.10 06:10:08.940,0.97551,0.97563,1.76,3.71
2014.09.10 06:10:09.853,0.97551,0.97563,3.15,1.32
2014.09.10 06:10:10.628,0.97551,0.9756,1.15,1.10
2014.09.10 06:10:10.932,0.9755,0.97559,1.12,1.65
2014.09.10 06:10:11.034,0.9755,0.97559,1.12,1.72
2014.09.10 06:10:13.069,0.97547,0.97558,1.37,1.84
2014.09.10 06:10:14.368,0.97547,0.97558,1.37,2.59
2014.09.10 06:10:14.572,0.97543,0.97552,1.12,1.17
2014.09.10 06:10:14.623,0.97543,0.97552,2.99,1.10
2014.09.10 06:10:14.827,0.97542,0.97552,2.25,1.72
2014.09.10 06:10:14.929,0.97542,0.97549,2.25,1.10
2014.09.10 06:10:15.609,0.97542,0.97549,1.87,1.25
2014.09.10 06:10:19.679,0.97542,0.97549,1.87,1.09
2014.09.10 06:10:20.215,0.97541,0.97548,1.50,1.00
2014.09.10 06:10:20.815,0.97541,0.97547,1.50,1.57
2014.09.10 06:10:28.671,0.97541,0.97548,1.50,1.76
2014.09.10 06:10:30.244,0.97541,0.97548,1.87,1.25
2014.09.10 06:10:31.639,0.97537,0.97548,2.40,1.00
2014.09.10 06:10:31.741,0.97537,0.97544,1.95,1.10
2014.09.10 06:10:32.196,0.97537,0.97546,1.87,2.59
2014.09.10 06:10:32.727,0.97537,0.97545,1.87,1.00
2014.09.10 06:10:32.983,0.97537,0.97547,1.87,4.01
2014.09.10 06:10:33.489,0.97537,0.97547,1.50,1.69
2014.09.10 06:10:34.001,0.97537,0.97547,1.50,1.25
2014.09.10 06:10:35.004,0.97537,0.97547,1.50,1.19
2014.09.10 06:10:36.055,0.97537,0.97547,1.87,1.25
2014.09.10 06:10:36.933,0.97537,0.97547,2.99,1.25
2014.09.10 06:10:37.441,0.97537,0.97548,3.89,1.50
2014.09.10 06:10:47.899,0.97538,0.97549,2.89,1.01
2014.09.10 06:10:48.202,0.97542,0.97552,1.57,1.10
2014.09.10 06:10:48.506,0.97545,0.97555,3.52,1.69
2014.09.10 06:10:48.557,0.97545,0.97557,6.52,1.76
2014.09.10 06:10:48.608,0.97546,0.97557,2.25,1.76
2014.09.10 06:10:48.811,0.97546,0.97557,1.87,1.84
2014.09.10 06:10:49.064,0.97546,0.97555,1.87,2.59
2014.09.10 06:10:49.165,0.97544,0.97554,1.10,1.39
2014.09.10 06:10:49.368,0.97544,0.97553,1.87,1.07
2014.09.10 06:10:49.621,0.97544,0.97554,1.87,1.32
2014.09.10 06:10:49.722,0.97544,0.97554,1.87,1.00
2014.09.10 06:10:49.874,0.97545,0.97557,1.09,4.95
2014.09.10 06:10:50.026,0.97547,0.97557,1.87,2.62
2014.09.10 06:10:50.351,0.97549,0.97558,1.87,1.00
2014.09.10 06:10:50.757,0.97547,0.97556,1.00,3.94
2014.09.10 06:10:50.807,0.97547,0.97556,1.00,4.01
2014.09.10 06:10:50.909,0.97543,0.97554,4.95,1.09
2014.09.10 06:10:51.062,0.97543,0.97552,5.25,1.76
2014.09.10 06:10:53.164,0.97543,0.97551,1.87,1.69
2014.09.10 06:10:53.496,0.97545,0.97554,1.50,1.10
2014.09.10 06:10:54.039,0.97545,0.97554,1.50,1.57
2014.09.10 06:10:54.829,0.97545,0.97555,3.34,1.00
2014.09.10 06:10:54.930,0.97546,0.97557,2.40,1.50
2014.09.10 06:10:55.082,0.97548,0.97557,1.87,1.00
2014.09.10 06:10:55.234,0.97548,0.97559,1.87,1.50
2014.09.10 06:10:55.828,0.97549,0.9756,6.33,1.25
2014.09.10 06:10:56.345,0.97549,0.9756,7.08,1.25
2014.09.10 06:10:56.855,0.9755,0.97561,1.27,1.00
2014.09.10 06:10:57.743,0.9755,0.97561,2.77,1.69
2014.09.10 06:10:58.262,0.9755,0.97561,2.02,3.26
2014.09.10 06:10:58.766,0.9755,0.97561,2.02,4.01
2014.09.10 06:10:59.667,0.9755,0.97561,2.02,4.01
2014.09.10 06:11:00.873,0.9755,0.97558,1.87,1.10
2014.09.10 06:11:03.324,0.9755,0.97558,1.87,1.01
2014.09.10 06:11:03.426,0.9755,0.9756,1.87,1.01
2014.09.10 06:11:03.578,0.97549,0.9756,2.06,1.65
2014.09.10 06:11:03.629,0.97549,0.97555,2.81,1.10
2014.09.10 06:11:03.933,0.9755,0.97559,1.87,1.00
2014.09.10 06:11:03.984,0.97549,0.97558,1.00,1.10
2014.09.10 06:11:04.531,0.97549,0.97558,1.87,1.10
2014.09.10 06:11:04.633,0.97549,0.97556,1.00,1.10
2014.09.10 06:11:05.042,0.97549,0.97558,1.87,1.10
2014.09.10 06:11:05.093,0.9755,0.9756,1.87,1.20
2014.09.10 06:11:05.194,0.9755,0.9756,1.87,1.65
2014.09.10 06:11:05.296,0.9755,0.97558,1.87,1.10
2014.09.10 06:11:05.397,0.9755,0.9756,1.87,1.57
2014.09.10 06:11:06.439,0.9755,0.9756,1.95,1.57
2014.09.10 06:11:07.349,0.9755,0.97559,1.95,1.10
2014.09.10 06:11:07.551,0.9755,0.97561,1.87,1.00
2014.09.10 06:11:08.057,0.9755,0.97561,3.52,1.00
2014.09.10 06:11:08.565,0.9755,0.97561,5.59,1.00
2014.09.10 06:11:09.076,0.9755,0.97563,4.84,1.91
2014.09.10 06:11:09.329,0.9755,0.97563,7.01,1.10
2014.09.10 06:11:10.038,0.97552,0.97564,3.64,1.17
2014.09.10 06:11:10.404,0.97552,0.97562,2.88,1.12
2014.09.10 06:11:10.505,0.97552,0.97562,2.89,1.12
2014.09.10 06:11:11.754,0.97552,0.97563,2.21,1.00
2014.09.10 06:11:11.805,0.97552,0.97563,1.87,1.00
2014.09.10 06:11:12.313,0.97552,0.97564,11.89,1.00
2014.09.10 06:11:12.648,0.9755,0.97562,5.21,2.32
2014.09.10 06:11:13.002,0.9755,0.9756,2.14,1.10
2014.09.10 06:11:14.548,0.9755,0.97561,2.02,1.76
2014.09.10 06:11:17.401,0.9755,0.97562,2.21,3.07
2014.09.10 06:11:17.920,0.97549,0.97561,2.96,1.01
2014.09.10 06:11:20.550,0.97549,0.97562,6.26,2.44
2014.09.10 06:11:20.753,0.97551,0.97564,4.76,2.21
2014.09.10 06:11:21.877,0.97551,0.97563,3.81,2.32
2014.09.10 06:11:22.181,0.97551,0.9756,1.00,2.32
2014.09.10 06:11:22.715,0.9755,0.97559,2.06,1.15
2014.09.10 06:11:23.283,0.9755,0.97559,1.87,1.15
2014.09.10 06:11:23.638,0.9755,0.97559,1.87,1.20
2014.09.10 06:11:23.992,0.97549,0.97561,1.39,2.40
2014.09.10 06:11:24.144,0.97549,0.97561,2.39,2.40
2014.09.10 06:11:24.669,0.97549,0.97561,4.01,2.40
2014.09.10 06:11:25.187,0.97549,0.97561,3.93,2.47
2014.09.10 06:11:25.739,0.9755,0.97561,1.69,1.72
2014.09.10 06:11:26.283,0.9755,0.97561,2.14,1.20
2014.09.10 06:11:28.816,0.9755,0.9756,1.20,1.50
2014.09.10 06:11:29.322,0.97549,0.9756,2.14,2.32
2014.09.10 06:11:30.061,0.97549,0.9756,1.76,2.89
2014.09.10 06:11:33.699,0.97549,0.9756,1.95,1.95
2014.09.10 06:11:34.997,0.97549,0.9756,1.87,2.14
2014.09.10 06:11:35.133,0.97549,0.9756,1.87,2.14
2014.09.10 06:11:44.457,0.97549,0.9756,1.87,2.77
2014.09.10 06:11:45.329,0.97549,0.9756,1.87,2.70
2014.09.10 06:11:45.855,0.97549,0.9756,1.87,2.70
2014.09.10 06:11:48.332,0.97549,0.9756,2.14,2.89
2014.09.10 06:11:48.855,0.97549,0.9756,2.06,3.79
2014.09.10 06:11:49.970,0.97548,0.9756,3.94,3.79
2014.09.10 06:11:50.378,0.97548,0.97557,1.25,1.10
2014.09.10 06:11:50.939,0.97547,0.97557,1.20,1.10
2014.09.10 06:11:51.847,0.97547,0.97557,3.52,1.10
2014.09.10 06:11:51.948,0.97547,0.97559,3.52,2.66
2014.09.10 06:11:53.077,0.97547,0.97559,3.71,2.66
2014.09.10 06:11:53.608,0.97548,0.9756,2.14,2.02
2014.09.10 06:11:54.221,0.97548,0.97559,4.01,1.10
2014.09.10 06:11:54.687,0.97548,0.97559,4.01,1.10
2014.09.10 06:11:55.247,0.97548,0.9756,3.26,2.02
2014.09.10 06:11:55.551,0.97547,0.97559,1.46,1.27
2014.09.10 06:11:56.058,0.97547,0.97558,1.25,2.77
2014.09.10 06:11:56.835,0.97547,0.97558,1.69,2.77
2014.09.10 06:11:57.140,0.97547,0.9756,3.71,2.40
2014.09.10 06:11:57.191,0.97548,0.97559,1.01,1.00
2014.09.10 06:11:57.293,0.97548,0.9756,1.01,2.40
2014.09.10 06:11:58.689,0.97548,0.97558,1.10,1.00
2014.09.10 06:11:58.992,0.97546,0.97554,1.00,1.46
2014.09.10 06:11:59.094,0.97543,0.97554,1.25,1.46
2014.09.10 06:11:59.195,0.97543,0.97552,1.25,1.10
2014.09.10 06:11:59.500,0.97543,0.97549,1.00,1.10
2014.09.10 06:11:59.551,0.9754,0.97549,1.69,1.10
2014.09.10 06:11:59.652,0.9754,0.97551,1.76,1.10
2014.09.10 06:12:00.159,0.9754,0.97551,2.59,1.10
2014.09.10 06:12:02.441,0.9754,0.97551,1.76,1.10
2014.09.10 06:12:03.067,0.9754,0.97552,4.83,1.65
2014.09.10 06:12:03.168,0.97541,0.97553,5.62,2.40
2014.09.10 06:12:03.522,0.97543,0.97554,6.49,3.37
2014.09.10 06:12:03.794,0.97545,0.97557,1.95,1.57
2014.09.10 06:12:04.301,0.97545,0.97556,1.25,1.20
2014.09.10 06:12:04.716,0.97545,0.97554,1.25,1.10
2014.09.10 06:12:04.868,0.97544,0.97554,2.59,1.10
2014.09.10 06:12:04.919,0.97544,0.97552,1.84,1.10
2014.09.10 06:12:05.426,0.97542,0.97552,2.51,1.10
2014.09.10 06:12:05.998,0.97542,0.97552,1.76,1.10
2014.09.10 06:12:07.429,0.97542,0.97553,1.76,1.01
2014.09.10 06:12:07.732,0.97541,0.97551,1.10,1.12
2014.09.10 06:12:08.035,0.9754,0.9755,1.00,1.25
2014.09.10 06:12:08.560,0.97539,0.97548,1.00,1.20
2014.09.10 06:12:09.851,0.97537,0.97549,4.09,1.27
2014.09.10 06:12:10.730,0.97537,0.97547,1.87,1.00
2014.09.10 06:12:11.246,0.97537,0.97546,1.87,1.00
2014.09.10 06:12:11.790,0.97538,0.97547,4.12,1.00
2014.09.10 06:12:11.942,0.97538,0.9755,9.33,1.10
2014.09.10 06:12:12.445,0.9754,0.97551,1.12,1.20
2014.09.10 06:12:12.864,0.9754,0.9755,2.50,2.59
2014.09.10 06:12:13.119,0.97537,0.97549,3.56,2.29
2014.09.10 06:12:14.035,0.97537,0.97546,3.56,1.00
2014.09.10 06:12:17.873,0.97537,0.97546,1.19,1.00
2014.09.10 06:12:18.876,0.97537,0.97546,1.25,1.00
2014.09.10 06:12:19.986,0.97537,0.97546,2.62,1.00
2014.09.10 06:12:21.344,0.97537,0.97549,3.82,1.39
2014.09.10 06:12:21.850,0.97537,0.97549,3.93,3.82
2014.09.10 06:12:22.007,0.97537,0.97549,4.08,2.47
2014.09.10 06:12:25.816,0.97537,0.97549,4.91,1.20
2014.09.10 06:12:30.657,0.97537,0.97549,4.04,1.20
2014.09.10 06:12:36.284,0.97537,0.97549,4.06,1.09
2014.09.10 06:12:37.000,0.97538,0.97549,2.32,1.00
2014.09.10 06:12:37.522,0.97538,0.97549,5.96,1.00
2014.09.10 06:12:38.069,0.97538,0.97549,4.84,1.00
2014.09.10 06:12:39.484,0.97539,0.97551,1.31,1.20
2014.09.10 06:12:40.032,0.97539,0.97551,8.04,1.20
2014.09.10 06:12:41.930,0.97539,0.97551,5.79,1.20
2014.09.10 06:12:49.782,0.97539,0.97552,7.84,2.59
2014.09.10 06:12:49.833,0.97539,0.97552,11.89,2.51
2014.09.10 06:12:49.986,0.97542,0.97553,1.57,1.00
2014.09.10 06:12:50.503,0.97542,0.97554,8.21,1.10
2014.09.10 06:12:56.415,0.97542,0.97555,8.59,3.07
2014.09.10 06:12:58.717,0.97542,0.97554,4.46,1.10
2014.09.10 06:12:59.021,0.97541,0.97551,1.10,1.20
2014.09.10 06:13:06.912,0.97541,0.97553,3.63,2.40
2014.09.10 06:13:06.963,0.97541,0.97553,8.28,2.25
2014.09.10 06:13:07.014,0.97543,0.97553,1.65,1.00
2014.09.10 06:13:07.268,0.97548,0.97559,2.92,1.69
2014.09.10 06:13:07.471,0.97548,0.97561,5.88,2.96
2014.09.10 06:13:09.301,0.97549,0.97561,3.71,1.10
2014.09.10 06:13:11.405,0.97551,0.97562,2.32,1.00
2014.09.10 06:13:13.715,0.97551,0.97562,4.38,1.00
2014.09.10 06:13:15.927,0.97551,0.97562,1.87,7.09
2014.09.10 06:13:17.347,0.97551,0.97561,1.87,2.14
2014.09.10 06:13:17.867,0.97551,0.9756,1.87,1.01
2014.09.10 06:13:20.327,0.97551,0.97561,1.87,2.14
2014.09.10 06:13:21.982,0.9755,0.97561,2.62,5.89
2014.09.10 06:13:25.136,0.9755,0.97561,1.87,5.89
2014.09.10 06:13:25.837,0.9755,0.97561,2.06,5.89
2014.09.10 06:13:26.344,0.97552,0.97562,1.20,1.76
2014.09.10 06:13:29.615,0.97552,0.97563,2.20,1.00
2014.09.10 06:13:37.215,0.97552,0.97563,7.31,1.09
2014.09.10 06:13:38.570,0.97553,0.97563,1.50,1.17
2014.09.10 06:13:38.722,0.97553,0.97564,8.09,1.00
2014.09.10 06:13:39.025,0.97555,0.97566,1.01,1.25
2014.09.10 06:13:39.690,0.97555,0.97567,6.26,2.96
2014.09.10 06:13:39.943,0.97555,0.97566,3.06,1.09
2014.09.10 06:13:40.449,0.97555,0.97566,2.06,1.40
2014.09.10 06:13:42.999,0.97555,0.97565,1.87,1.20
2014.09.10 06:13:46.702,0.97555,0.97566,1.87,1.17
2014.09.10 06:13:47.006,0.97557,0.97568,4.34,1.50
2014.09.10 06:13:47.411,0.9756,0.9757,1.84,1.50
2014.09.10 06:13:47.512,0.9756,0.97572,7.46,2.62
2014.09.10 06:13:47.715,0.9756,0.97572,2.88,2.02
2014.09.10 06:13:48.119,0.9756,0.97572,3.63,1.95
2014.09.10 06:13:48.638,0.9756,0.97572,1.87,2.77
2014.09.10 06:13:50.511,0.9756,0.97571,1.87,2.21
2014.09.10 06:13:52.626,0.9756,0.97571,9.03,1.00
2014.09.10 06:13:52.778,0.97563,0.97571,1.95,1.00
2014.09.10 06:13:52.829,0.97563,0.97573,2.95,1.39
2014.09.10 06:13:54.514,0.97563,0.97572,2.95,1.00
2014.09.10 06:13:55.035,0.97563,0.97572,1.00,1.31
2014.09.10 06:13:55.339,0.97563,0.97573,2.62,1.46
2014.09.10 06:13:55.903,0.97563,0.97573,2.87,1.46
2014.09.10 06:13:58.248,0.97563,0.97573,2.87,1.62
2014.09.10 06:13:58.753,0.97563,0.97571,1.00,4.65
2014.09.10 06:13:59.266,0.97562,0.97571,1.87,3.75
2014.09.10 06:14:06.889,0.97562,0.97572,2.70,1.20
2014.09.10 06:14:07.735,0.97562,0.97572,2.70,1.84
2014.09.10 06:14:08.509,0.97562,0.97572,1.87,4.46
2014.09.10 06:14:08.611,0.97562,0.97572,2.62,3.34
2014.09.10 06:14:09.265,0.97562,0.97571,1.87,1.01
2014.09.10 06:14:09.783,0.97562,0.9757,1.87,1.00
2014.09.10 06:14:10.289,0.97562,0.97571,1.95,1.10
2014.09.10 06:14:11.275,0.97562,0.97572,1.95,2.77
2014.09.10 06:14:11.478,0.97562,0.97572,1.87,1.20
2014.09.10 06:14:11.782,0.97562,0.97573,1.87,1.01
2014.09.10 06:14:14.378,0.97562,0.97574,1.87,5.89
2014.09.10 06:14:14.880,0.97562,0.97574,1.87,5.89
2014.09.10 06:14:17.234,0.97562,0.97572,1.87,1.10
2014.09.10 06:14:17.285,0.97562,0.97572,1.95,1.39
2014.09.10 06:14:17.437,0.97561,0.9757,2.96,1.10
2014.09.10 06:14:17.741,0.97561,0.97571,7.83,1.10
2014.09.10 06:14:17.842,0.97561,0.9757,7.09,1.10
2014.09.10 06:14:18.351,0.97562,0.97571,1.50,1.10
2014.09.10 06:14:18.402,0.97563,0.97571,3.82,1.10
2014.09.10 06:14:18.909,0.97563,0.97571,1.95,1.10
2014.09.10 06:14:19.415,0.97563,0.9757,1.87,1.10
2014.09.10 06:14:19.925,0.97563,0.97569,1.87,1.10
2014.09.10 06:14:20.080,0.97563,0.97571,1.87,1.10
2014.09.10 06:14:20.487,0.97564,0.97572,1.95,1.10
2014.09.10 06:14:21.008,0.97564,0.97572,3.52,1.10
2014.09.10 06:14:21.880,0.97564,0.97572,3.52,1.10
2014.09.10 06:14:26.719,0.97564,0.9757,3.20,1.10
2014.09.10 06:14:27.024,0.97567,0.97574,4.31,1.00
2014.09.10 06:14:27.279,0.97568,0.97576,1.76,1.00
2014.09.10 06:14:27.431,0.97568,0.97578,4.46,1.00
2014.09.10 06:14:27.635,0.97569,0.9758,2.02,1.10
2014.09.10 06:14:28.142,0.97569,0.97582,9.14,2.06
2014.09.10 06:14:28.838,0.9757,0.97582,1.27,1.69
2014.09.10 06:14:29.363,0.97571,0.97582,1.84,1.50
2014.09.10 06:14:29.964,0.97571,0.97582,4.08,1.00
2014.09.10 06:14:30.065,0.97571,0.97582,3.71,1.00
2014.09.10 06:14:31.035,0.97571,0.97581,3.44,1.10
2014.09.10 06:14:33.027,0.97571,0.97581,1.87,1.10
2014.09.10 06:14:33.353,0.9757,0.97581,1.87,1.20
2014.09.10 06:14:33.937,0.9757,0.97581,2.25,1.20
2014.09.10 06:14:34.523,0.9757,0.97581,2.25,1.27
2014.09.10 06:14:34.574,0.9757,0.97581,4.49,1.27
2014.09.10 06:14:34.675,0.97571,0.97582,2.02,1.50
2014.09.10 06:14:34.878,0.97571,0.97582,2.20,4.12
2014.09.10 06:14:34.929,0.97571,0.97582,1.00,4.95
2014.09.10 06:14:35.030,0.9757,0.97582,2.44,7.20
2014.09.10 06:14:35.789,0.97569,0.9758,1.01,1.07
2014.09.10 06:14:37.230,0.97569,0.97579,1.00,1.07
2014.09.10 06:14:37.635,0.97568,0.97577,1.00,1.57
2014.09.10 06:14:38.158,0.97567,0.97575,1.00,1.20
2014.09.10 06:14:38.462,0.97567,0.97574,1.00,3.64
2014.09.10 06:14:38.564,0.97565,0.97572,1.00,1.15
2014.09.10 06:14:38.665,0.97562,0.97572,1.00,5.89
2014.09.10 06:14:38.716,0.97562,0.9757,1.00,3.07
2014.09.10 06:14:38.767,0.9756,0.97569,1.00,1.15
2014.09.10 06:14:39.274,0.9756,0.97569,1.87,1.17
2014.09.10 06:14:40.416,0.9756,0.9757,1.87,1.17
2014.09.10 06:14:40.931,0.97559,0.9757,1.00,2.21
2014.09.10 06:14:42.318,0.97558,0.97569,1.00,1.65
2014.09.10 06:14:42.854,0.97557,0.97568,1.00,1.10
2014.09.10 06:14:45.299,0.97557,0.97568,1.10,1.10
2014.09.10 06:14:45.552,0.97558,0.97568,1.76,1.00
2014.09.10 06:14:46.092,0.97559,0.97571,2.32,2.96
2014.09.10 06:14:49.259,0.97559,0.97568,2.57,1.00
2014.09.10 06:14:49.470,0.97557,0.97568,1.57,5.77
2014.09.10 06:14:53.338,0.97557,0.97568,2.32,1.00
2014.09.10 06:14:55.564,0.97557,0.97568,3.54,1.00
2014.09.10 06:14:55.666,0.97557,0.9757,3.71,1.01
2014.09.10 06:14:56.458,0.97557,0.97571,7.91,4.46
2014.09.10 06:14:57.536,0.97557,0.97571,7.54,3.71
2014.09.10 06:15:01.678,0.97558,0.9757,1.84,1.29
2014.09.10 06:15:02.613,0.9756,0.9757,3.75,1.29
2014.09.10 06:15:02.816,0.97561,0.97571,2.59,1.00
2014.09.10 06:15:02.918,0.97562,0.97572,4.69,1.00
2014.09.10 06:15:03.019,0.97562,0.97574,5.94,1.25
2014.09.10 06:15:03.530,0.97562,0.97575,8.29,4.09
2014.09.10 06:15:05.090,0.97562,0.97575,7.08,4.16
2014.09.10 06:15:07.264,0.97562,0.97575,4.01,4.46
2014.09.10 06:15:08.628,0.97563,0.97573,2.17,1.10
2014.09.10 06:15:08.730,0.97563,0.97575,3.32,2.62
2014.09.10 06:15:09.274,0.97563,0.97574,3.32,1.10
2014.09.10 06:15:09.427,0.97563,0.97572,3.32,1.10
2014.09.10 06:15:09.528,0.97561,0.97571,1.15,1.10
2014.09.10 06:15:11.018,0.97561,0.97572,1.65,1.00
2014.09.10 06:15:11.221,0.97561,0.97572,1.10,1.57
2014.09.10 06:15:11.727,0.97561,0.97571,1.10,1.00
2014.09.10 06:15:12.246,0.97561,0.9757,1.10,1.00
2014.09.10 06:15:12.753,0.97561,0.97571,1.10,1.00
2014.09.10 06:15:13.006,0.97561,0.97569,1.10,1.00
2014.09.10 06:15:13.512,0.9756,0.97569,1.10,1.50
2014.09.10 06:15:17.552,0.9756,0.97571,1.10,1.95
2014.09.10 06:15:21.537,0.9756,0.97571,1.00,2.96
2014.09.10 06:15:21.689,0.97558,0.97568,1.00,1.00
2014.09.10 06:15:22.214,0.97556,0.97568,6.71,1.00
2014.09.10 06:15:22.728,0.97556,0.97569,2.59,2.02
2014.09.10 06:15:23.789,0.97556,0.97568,2.59,1.00
2014.09.10 06:15:23.890,0.97556,0.97566,2.40,1.00
2014.09.10 06:15:24.042,0.97554,0.97566,1.12,3.97
2014.09.10 06:15:27.237,0.97554,0.97566,1.07,2.40
2014.09.10 06:15:27.757,0.97554,0.97566,1.57,3.22
2014.09.10 06:15:28.260,0.97554,0.97566,1.57,2.40
2014.09.10 06:15:30.735,0.97554,0.97566,1.50,1.65
2014.09.10 06:15:31.284,0.97554,0.97564,1.25,1.00
2014.09.10 06:15:32.133,0.97554,0.97564,5.31,1.00
2014.09.10 06:15:32.639,0.97555,0.97564,1.12,1.00
2014.09.10 06:15:33.190,0.97555,0.97564,3.40,1.00
2014.09.10 06:15:37.269,0.97556,0.97567,1.57,1.07
2014.09.10 06:15:37.818,0.97556,0.97567,10.35,1.10
2014.09.10 06:15:38.697,0.97556,0.97567,9.60,1.10
2014.09.10 06:15:42.312,0.97556,0.9757,9.79,8.02
2014.09.10 06:15:42.863,0.97556,0.97568,6.44,1.65
2014.09.10 06:15:46.775,0.97556,0.97568,8.96,1.00
2014.09.10 06:15:49.476,0.97556,0.97568,5.59,1.00
2014.09.10 06:15:49.579,0.97557,0.97569,1.20,1.12
2014.09.10 06:15:52.338,0.97557,0.97568,1.01,1.00
2014.09.10 06:15:54.597,0.97557,0.97568,5.86,1.00
2014.09.10 06:15:55.408,0.97557,0.97569,11.96,1.00
2014.09.10 06:16:03.808,0.97558,0.97569,1.09,1.00
2014.09.10 06:16:04.913,0.97558,0.97569,1.12,1.07
2014.09.10 06:16:05.066,0.97558,0.97569,2.06,1.10
2014.09.10 06:16:06.253,0.97558,0.97568,2.06,1.10
2014.09.10 06:16:16.591,0.97558,0.97569,1.76,1.10
2014.09.10 06:16:17.543,0.97558,0.97569,1.50,1.07
2014.09.10 06:16:19.444,0.97558,0.97568,2.02,1.00
2014.09.10 06:16:19.748,0.97558,0.97571,1.09,2.66
2014.09.10 06:16:22.407,0.97558,0.97571,2.51,2.51
2014.09.10 06:16:24.755,0.97558,0.97571,2.51,1.01
2014.09.10 06:16:25.513,0.97558,0.97572,3.34,6.71
2014.09.10 06:16:31.453,0.97558,0.97572,8.45,3.37
2014.09.10 06:16:31.504,0.9756,0.97572,1.09,1.87
2014.09.10 06:16:31.808,0.97565,0.97576,3.56,1.50
2014.09.10 06:16:31.960,0.97565,0.97578,4.83,3.75
2014.09.10 06:16:32.162,0.97566,0.97578,3.67,1.00
2014.09.10 06:16:35.630,0.97567,0.97578,1.57,1.10
2014.09.10 06:16:36.132,0.97567,0.97579,1.57,1.84
2014.09.10 06:16:36.944,0.97567,0.97578,1.57,1.00
2014.09.10 06:16:37.450,0.97567,0.97577,1.62,1.50
2014.09.10 06:16:38.092,0.97567,0.97577,1.00,1.00
2014.09.10 06:16:38.599,0.97566,0.97578,2.21,2.51
2014.09.10 06:16:38.903,0.97565,0.97576,3.04,1.00
2014.09.10 06:16:40.204,0.97565,0.97577,3.90,4.39
2014.09.10 06:16:40.719,0.97567,0.97577,1.50,3.37
2014.09.10 06:16:41.904,0.97567,0.97579,3.71,1.07
2014.09.10 06:16:42.974,0.97567,0.97579,4.46,1.01
2014.09.10 06:16:43.504,0.97568,0.97579,2.77,1.01
2014.09.10 06:16:43.758,0.97573,0.97585,2.40,3.07
2014.09.10 06:16:44.265,0.97573,0.97584,3.37,1.07
2014.09.10 06:16:44.569,0.97573,0.97582,1.87,4.65
2014.09.10 06:16:44.671,0.9757,0.97582,4.46,3.90
2014.09.10 06:16:45.187,0.9757,0.97581,1.25,3.90
2014.09.10 06:16:45.440,0.97567,0.97578,6.04,1.00
2014.09.10 06:16:45.946,0.97567,0.97578,2.21,1.00
2014.09.10 06:16:46.452,0.97567,0.97579,4.53,1.69
2014.09.10 06:16:50.685,0.97567,0.97576,3.04,1.00
2014.09.10 06:16:52.891,0.97567,0.97579,3.78,2.25
2014.09.10 06:16:55.387,0.97567,0.97578,2.67,1.07
2014.09.10 06:16:55.914,0.97567,0.97577,1.00,1.65
2014.09.10 06:16:57.698,0.97569,0.97577,2.55,1.57
2014.09.10 06:16:57.800,0.9757,0.97579,3.75,1.00
2014.09.10 06:16:58.003,0.97572,0.97583,3.11,1.50
2014.09.10 06:16:58.574,0.97572,0.97585,3.71,1.57
2014.09.10 06:16:59.195,0.97572,0.97583,1.62,1.72
2014.09.10 06:16:59.397,0.97571,0.9758,1.31,1.00
2014.09.10 06:16:59.918,0.97571,0.97579,2.70,1.00
2014.09.10 06:17:00.020,0.97569,0.97579,7.65,1.00
2014.09.10 06:17:00.273,0.97569,0.97581,6.22,1.20
2014.09.10 06:17:01.656,0.97569,0.97582,2.91,3.34
2014.09.10 06:17:02.455,0.97569,0.97582,1.76,3.34
2014.09.10 06:17:04.233,0.97569,0.97582,1.09,6.52
2014.09.10 06:17:04.846,0.97568,0.9758,5.29,1.00
2014.09.10 06:17:12.597,0.97568,0.9758,3.71,1.00
2014.09.10 06:17:13.510,0.97568,0.9758,3.64,1.07
2014.09.10 06:17:14.848,0.97568,0.9758,2.59,1.25
2014.09.10 06:17:15.843,0.97568,0.97579,2.59,1.00
2014.09.10 06:17:16.350,0.97568,0.9758,2.59,2.44
2014.09.10 06:17:16.918,0.97568,0.9758,2.40,2.44
2014.09.10 06:17:17.874,0.97568,0.9758,2.40,2.44
2014.09.10 06:17:21.001,0.97568,0.97578,1.17,1.00
2014.09.10 06:17:21.713,0.97568,0.97578,1.10,1.00
2014.09.10 06:17:24.454,0.97568,0.97579,1.10,1.76
2014.09.10 06:17:24.767,0.97568,0.97579,1.17,1.25
2014.09.10 06:17:25.072,0.9757,0.97584,2.77,4.46
2014.09.10 06:17:25.549,0.97571,0.97583,2.62,1.95
2014.09.10 06:17:26.430,0.97571,0.97583,2.87,1.20
2014.09.10 06:17:26.633,0.9757,0.9758,1.00,1.10
2014.09.10 06:17:26.785,0.97568,0.9758,1.95,1.57
2014.09.10 06:17:26.937,0.97568,0.9758,1.00,3.75
2014.09.10 06:17:27.929,0.97567,0.97577,1.20,1.10
2014.09.10 06:17:30.227,0.97567,0.97577,1.20,1.00
2014.09.10 06:17:32.663,0.97567,0.97577,1.00,1.00
2014.09.10 06:17:45.394,0.97567,0.97576,4.50,1.20
2014.09.10 06:17:51.602,0.97566,0.97576,1.00,1.65
2014.09.10 06:17:55.187,0.97566,0.97576,1.07,1.57
2014.09.10 06:17:57.298,0.97566,0.97576,1.00,1.72
2014.09.10 06:18:02.811,0.97566,0.97576,2.69,1.20
2014.09.10 06:18:06.310,0.97566,0.97574,2.69,1.10
2014.09.10 06:18:06.869,0.97566,0.97575,2.86,1.10
2014.09.10 06:18:07.622,0.97566,0.97575,7.17,1.10
2014.09.10 06:18:08.847,0.97566,0.97576,6.90,1.10
2014.09.10 06:18:13.615,0.97566,0.97576,1.57,1.10
2014.09.10 06:18:19.753,0.97566,0.97576,1.65,1.57
2014.09.10 06:18:19.855,0.97566,0.97576,3.82,1.10
2014.09.10 06:18:20.420,0.97566,0.97576,1.65,1.10
2014.09.10 06:18:20.924,0.97565,0.97576,1.15,1.10
2014.09.10 06:18:21.244,0.97565,0.97575,1.00,1.10
2014.09.10 06:18:23.160,0.97565,0.97575,1.00,1.10
2014.09.10 06:18:26.826,0.97565,0.97575,1.10,1.10
2014.09.10 06:18:27.082,0.97565,0.97572,1.10,1.87
2014.09.10 06:18:27.696,0.97565,0.97572,1.00,1.10
2014.09.10 06:18:28.472,0.97564,0.97572,1.65,1.10
2014.09.10 06:18:33.370,0.97564,0.97572,1.00,1.10
2014.09.10 06:18:33.472,0.97564,0.97574,1.00,1.10
2014.09.10 06:18:37.699,0.97564,0.97574,1.25,1.17
2014.09.10 06:18:42.478,0.97564,0.97574,1.00,2.47
2014.09.10 06:18:49.892,0.97564,0.97573,4.95,1.00
2014.09.10 06:18:49.994,0.97564,0.97576,2.02,1.87
2014.09.10 06:18:50.197,0.97564,0.97576,2.87,1.65
2014.09.10 06:18:50.703,0.97564,0.97576,2.95,1.07
2014.09.10 06:18:51.225,0.97564,0.97577,4.20,1.10
2014.09.10 06:18:52.049,0.97565,0.97576,1.50,3.00
2014.09.10 06:18:52.559,0.97565,0.97578,1.57,3.34
2014.09.10 06:18:56.728,0.97565,0.97578,4.46,1.57
2014.09.10 06:18:59.673,0.97565,0.97577,4.46,1.10
2014.09.10 06:19:00.341,0.97567,0.97577,2.25,1.10
2014.09.10 06:19:00.392,0.97568,0.97577,1.69,1.10
2014.09.10 06:19:00.443,0.97569,0.9758,1.69,2.32
2014.09.10 06:19:00.595,0.97569,0.97581,4.36,1.00
2014.09.10 06:19:00.696,0.97571,0.97582,2.32,1.00
2014.09.10 06:19:01.050,0.97573,0.97586,3.82,5.02
2014.09.10 06:19:02.338,0.97573,0.97586,2.01,6.60
2014.09.10 06:19:05.670,0.97573,0.97585,2.69,3.15
2014.09.10 06:19:06.494,0.97573,0.97582,1.00,1.10
2014.09.10 06:19:06.646,0.97571,0.97582,4.84,1.10
2014.09.10 06:19:07.193,0.97571,0.97582,5.51,1.10
2014.09.10 06:19:07.244,0.97571,0.97584,2.21,1.76
2014.09.10 06:19:07.781,0.97572,0.97584,2.51,1.07
2014.09.10 06:19:09.333,0.97572,0.9758,2.57,1.10
2014.09.10 06:19:09.384,0.97572,0.9758,1.57,1.10
2014.09.10 06:19:09.536,0.9757,0.9758,1.00,1.72
2014.09.10 06:19:09.739,0.97567,0.97579,1.76,1.20
2014.09.10 06:19:12.658,0.97567,0.97579,4.09,1.10
2014.09.10 06:19:13.974,0.97567,0.97579,3.71,1.10
2014.09.10 06:19:14.511,0.97567,0.97579,4.02,1.10
2014.09.10 06:19:14.822,0.97569,0.9758,1.20,1.50
2014.09.10 06:19:15.126,0.97569,0.97575,1.10,1.87
2014.09.10 06:19:15.228,0.97568,0.97575,1.10,1.87
2014.09.10 06:19:15.279,0.97566,0.97575,1.50,1.87
2014.09.10 06:19:16.566,0.97566,0.97575,1.00,1.95
2014.09.10 06:19:17.586,0.97566,0.97575,1.00,1.95
2014.09.10 06:19:22.961,0.97566,0.97576,1.00,1.10
2014.09.10 06:19:23.113,0.97566,0.97576,1.00,1.00
2014.09.10 06:19:23.214,0.97566,0.97578,3.22,1.09
2014.09.10 06:19:23.726,0.97567,0.9758,1.27,3.71
2014.09.10 06:19:25.306,0.97567,0.97578,2.77,1.87
2014.09.10 06:19:29.354,0.97567,0.97579,3.52,2.14
2014.09.10 06:19:29.879,0.97567,0.97578,2.84,1.10
2014.09.10 06:19:36.520,0.97567,0.97578,1.69,1.15
2014.09.10 06:19:39.846,0.97567,0.97576,1.01,1.00
2014.09.10 06:19:40.302,0.97564,0.97576,5.59,2.32
2014.09.10 06:19:41.036,0.97564,0.97576,1.01,2.40
2014.09.10 06:19:41.569,0.97564,0.97576,2.76,2.40
2014.09.10 06:19:41.620,0.97564,0.97576,5.01,2.32
2014.09.10 06:19:48.394,0.97564,0.97575,3.26,1.10
2014.09.10 06:19:48.906,0.97564,0.97575,1.15,2.70
2014.09.10 06:19:49.413,0.97564,0.97576,1.15,5.21
2014.09.10 06:19:50.161,0.97564,0.97576,1.40,7.84
2014.09.10 06:19:52.170,0.97564,0.97575,1.20,1.00
2014.09.10 06:19:53.594,0.97564,0.97576,1.20,8.66
2014.09.10 06:19:59.770,0.97564,0.97575,1.20,3.45
2014.09.10 06:19:59.922,0.97564,0.97575,1.00,1.00
2014.09.10 06:20:02.786,0.97566,0.97575,1.20,1.00
2014.09.10 06:20:03.091,0.97568,0.97578,1.12,4.12
2014.09.10 06:20:03.597,0.97568,0.97579,1.15,2.32
2014.09.10 06:20:04.115,0.97568,0.97578,1.20,1.00
2014.09.10 06:20:07.297,0.97568,0.97579,1.20,1.57
2014.09.10 06:20:07.847,0.97568,0.9758,3.26,4.12
2014.09.10 06:20:08.387,0.97568,0.97579,5.41,1.00
2014.09.10 06:20:09.092,0.97568,0.97581,6.16,4.87
2014.09.10 06:20:09.194,0.97568,0.97577,6.16,1.10
2014.09.10 06:20:09.735,0.97568,0.97577,5.21,1.10
2014.09.10 06:20:10.040,0.97568,0.97577,10.38,1.10
2014.09.10 06:20:10.473,0.97568,0.97575,5.44,1.10
2014.09.10 06:20:10.524,0.97568,0.97575,1.17,1.10
2014.09.10 06:20:11.304,0.97568,0.97577,1.52,1.10
2014.09.10 06:20:11.812,0.97568,0.97578,2.21,1.10
2014.09.10 06:20:11.913,0.97568,0.97576,3.71,1.10
2014.09.10 06:20:12.166,0.97569,0.97578,3.37,1.10
2014.09.10 06:20:12.318,0.97569,0.97579,9.74,1.10
2014.09.10 06:20:13.696,0.97571,0.97579,2.92,1.10
2014.09.10 06:20:16.629,0.97571,0.97579,5.40,1.10
2014.09.10 06:20:17.651,0.9757,0.97577,1.46,1.10
2014.09.10 06:20:18.207,0.9757,0.97579,1.47,1.10
2014.09.10 06:20:18.409,0.9757,0.97577,1.47,1.10
2014.09.10 06:20:18.764,0.9757,0.97577,1.00,1.10
2014.09.10 06:20:19.306,0.9757,0.97578,1.00,1.10
2014.09.10 06:20:19.509,0.9757,0.9758,2.89,1.10
2014.09.10 06:20:20.021,0.97571,0.9758,1.57,1.10
2014.09.10 06:20:22.819,0.97571,0.97579,2.12,1.10
2014.09.10 06:20:22.870,0.9757,0.97579,1.50,1.57
2014.09.10 06:20:22.921,0.9757,0.97577,1.50,1.10
2014.09.10 06:20:22.971,0.97567,0.97577,1.20,1.10
2014.09.10 06:20:23.476,0.97566,0.97577,1.69,1.65
2014.09.10 06:20:26.696,0.97566,0.97576,1.50,1.00
2014.09.10 06:20:26.747,0.97566,0.97576,1.50,1.15
2014.09.10 06:20:27.051,0.97562,0.97568,1.12,1.10
2014.09.10 06:20:30.444,0.97561,0.97568,1.95,1.10
2014.09.10 06:20:30.747,0.9756,0.97564,1.00,1.10
2014.09.10 06:20:30.798,0.97558,0.97564,1.12,1.10
2014.09.10 06:20:30.849,0.97558,0.97567,1.12,1.10
2014.09.10 06:20:32.132,0.97558,0.97567,2.06,1.10
2014.09.10 06:20:32.234,0.97558,0.97567,3.06,1.10
2014.09.10 06:20:32.633,0.97559,0.97567,1.76,1.10
2014.09.10 06:20:32.734,0.97559,0.97565,1.00,1.10
2014.09.10 06:20:33.039,0.97559,0.97568,1.00,1.65
2014.09.10 06:20:33.550,0.97559,0.97568,1.37,1.57
2014.09.10 06:20:35.820,0.97559,0.97569,1.87,1.20
2014.09.10 06:20:39.167,0.97559,0.97569,1.57,1.10
2014.09.10 06:20:39.321,0.97559,0.97567,1.00,1.10
2014.09.10 06:20:39.625,0.97558,0.97565,3.37,1.20
2014.09.10 06:20:40.146,0.97558,0.97564,3.37,1.20
2014.09.10 06:20:40.197,0.97553,0.97564,1.57,1.20
2014.09.10 06:20:40.449,0.97552,0.9756,2.51,1.10
2014.09.10 06:20:41.010,0.97552,0.9756,2.82,1.10
2014.09.10 06:20:42.032,0.97552,0.9756,1.50,1.10
2014.09.10 06:20:42.952,0.97552,0.97562,1.50,1.72
2014.09.10 06:20:43.256,0.97556,0.97563,4.50,1.00
2014.09.10 06:20:43.307,0.97556,0.97567,6.56,1.10
2014.09.10 06:20:43.408,0.97556,0.97567,6.87,1.10
2014.09.10 06:20:43.943,0.97557,0.97568,5.06,1.10
2014.09.10 06:20:47.220,0.97557,0.97568,1.50,1.00
2014.09.10 06:20:47.933,0.97557,0.97568,3.71,1.00
2014.09.10 06:20:48.401,0.97558,0.9757,1.57,1.00
2014.09.10 06:20:49.070,0.97558,0.9757,4.07,1.72
2014.09.10 06:20:49.693,0.97557,0.97566,1.84,1.10
2014.09.10 06:20:49.897,0.97557,0.9757,2.41,2.66
2014.09.10 06:20:50.400,0.97557,0.9757,2.96,1.76
2014.09.10 06:20:51.151,0.97557,0.9757,5.21,1.01
2014.09.10 06:20:52.917,0.97557,0.9757,8.20,1.27
2014.09.10 06:20:55.191,0.97557,0.9757,8.19,3.90
2014.09.10 06:20:55.293,0.97557,0.9757,8.27,1.72
2014.09.10 06:20:55.395,0.97557,0.9757,8.12,2.47
2014.09.10 06:20:55.966,0.97558,0.97568,1.31,1.10
2014.09.10 06:20:56.169,0.97558,0.9757,4.69,1.72
2014.09.10 06:20:56.692,0.97558,0.9757,4.68,1.72
2014.09.10 06:20:57.205,0.97558,0.9757,4.68,1.72
2014.09.10 06:20:58.276,0.97557,0.97565,4.57,1.10
2014.09.10 06:20:58.783,0.97557,0.97565,3.75,2.85
2014.09.10 06:20:58.834,0.97555,0.97565,4.69,2.85
2014.09.10 06:20:59.381,0.97555,0.97565,3.94,2.85
2014.09.10 06:21:01.435,0.97555,0.97565,3.75,2.85
2014.09.10 06:21:02.066,0.97555,0.97565,4.69,2.85
2014.09.10 06:21:02.619,0.97555,0.97565,3.75,2.85
2014.09.10 06:21:03.033,0.97555,0.97565,3.75,5.02
2014.09.10 06:21:03.759,0.97555,0.97561,3.00,1.00
2014.09.10 06:21:04.215,0.97552,0.97561,4.76,1.00
2014.09.10 06:21:04.519,0.97551,0.97558,1.00,1.10
2014.09.10 06:21:05.112,0.9755,0.97558,4.31,1.20
2014.09.10 06:21:05.996,0.9755,0.97558,6.06,1.00
2014.09.10 06:21:06.148,0.9755,0.97562,8.06,2.14
2014.09.10 06:21:06.199,0.9755,0.97561,5.81,2.32
2014.09.10 06:21:06.762,0.9755,0.97557,5.62,1.00
2014.09.10 06:21:07.321,0.9755,0.97557,7.18,1.00
2014.09.10 06:21:07.473,0.9755,0.97559,8.96,1.00
2014.09.10 06:21:07.828,0.9755,0.97559,8.88,1.00
2014.09.10 06:21:08.131,0.9755,0.97557,8.06,1.00
2014.09.10 06:21:09.745,0.97551,0.97557,3.00,1.00
2014.09.10 06:21:09.897,0.97552,0.97562,1.20,1.00
2014.09.10 06:21:10.049,0.97554,0.97563,2.96,1.00
2014.09.10 06:21:10.555,0.97554,0.97563,4.52,1.10
2014.09.10 06:21:11.329,0.97554,0.97563,6.94,1.00
2014.09.10 06:21:12.685,0.97554,0.97563,7.39,1.00
2014.09.10 06:21:13.203,0.97554,0.97561,5.89,1.00
2014.09.10 06:21:13.901,0.97553,0.97561,4.69,1.00
2014.09.10 06:21:14.053,0.97551,0.97561,6.94,1.00
2014.09.10 06:21:14.205,0.97551,0.97559,2.44,1.10
2014.09.10 06:21:14.508,0.9755,0.97557,4.31,1.00
2014.09.10 06:21:15.115,0.9755,0.97557,4.31,1.07
2014.09.10 06:21:15.628,0.9755,0.97557,1.00,1.15
2014.09.10 06:21:16.674,0.97549,0.97556,3.56,1.17
2014.09.10 06:21:17.191,0.97549,0.97556,3.37,1.17
2014.09.10 06:21:17.771,0.97549,0.97556,3.37,1.17
2014.09.10 06:21:18.281,0.97549,0.97556,3.37,1.17
2014.09.10 06:21:18.455,0.97547,0.97556,1.69,1.17
2014.09.10 06:21:18.998,0.97547,0.97554,1.31,1.00
2014.09.10 06:21:21.821,0.97547,0.97554,1.39,1.00
2014.09.10 06:21:22.125,0.97547,0.97557,2.21,1.00
2014.09.10 06:21:22.327,0.97547,0.97558,4.39,1.57
2014.09.10 06:21:23.091,0.97547,0.97557,5.44,1.10
2014.09.10 06:21:23.546,0.97546,0.97556,1.17,1.10
2014.09.10 06:21:23.900,0.97545,0.97556,3.07,1.10
2014.09.10 06:21:27.345,0.97545,0.97556,4.26,1.10
2014.09.10 06:21:27.872,0.97545,0.97556,2.32,1.10
2014.09.10 06:21:27.973,0.97545,0.97554,1.57,1.10
2014.09.10 06:21:28.489,0.97545,0.97553,1.00,1.10
2014.09.10 06:21:29.220,0.97543,0.97553,1.95,1.10
2014.09.10 06:21:29.524,0.97543,0.9755,1.57,1.10
2014.09.10 06:21:30.789,0.97543,0.97553,1.57,1.10
2014.09.10 06:21:37.023,0.97543,0.97553,1.00,1.10
2014.09.10 06:21:37.654,0.97543,0.97554,1.00,1.09
2014.09.10 06:21:38.589,0.97542,0.97554,1.01,4.46
2014.09.10 06:21:39.130,0.97542,0.97554,1.25,4.46
2014.09.10 06:21:40.168,0.97542,0.97554,1.32,4.46
2014.09.10 06:21:41.449,0.97542,0.97554,1.10,4.72
2014.09.10 06:21:41.804,0.97542,0.97554,1.00,4.72
2014.09.10 06:21:45.770,0.97542,0.97552,1.00,1.27
2014.09.10 06:21:45.922,0.97541,0.97552,2.25,1.27
2014.09.10 06:21:47.449,0.97541,0.97553,4.20,1.57
2014.09.10 06:21:47.500,0.97541,0.97553,3.71,1.50
2014.09.10 06:21:48.016,0.97542,0.97553,1.01,1.07
2014.09.10 06:21:48.538,0.97542,0.97553,1.01,1.07
2014.09.10 06:21:51.405,0.97541,0.97551,1.50,1.07
2014.09.10 06:21:51.709,0.97538,0.97546,1.50,4.72
2014.09.10 06:21:51.760,0.97535,0.97546,1.50,4.72
2014.09.10 06:21:51.963,0.97535,0.97542,1.00,1.87
2014.09.10 06:21:52.015,0.97533,0.97542,1.00,1.95
2014.09.10 06:21:52.116,0.97533,0.97541,1.00,1.35
2014.09.10 06:21:52.167,0.97531,0.97542,2.44,4.27
2014.09.10 06:21:52.421,0.97531,0.97542,1.69,2.10
2014.09.10 06:21:52.926,0.97531,0.97543,3.44,2.85
2014.09.10 06:21:53.499,0.97531,0.97543,3.19,2.85
2014.09.10 06:21:54.090,0.97531,0.97542,1.50,3.82
2014.09.10 06:21:54.752,0.9753,0.9754,1.25,1.27
2014.09.10 06:21:56.698,0.97529,0.97539,2.44,1.10
2014.09.10 06:21:57.222,0.97529,0.97541,3.19,1.17
2014.09.10 06:22:01.892,0.9753,0.9754,1.69,1.10
2014.09.10 06:22:02.593,0.9753,0.97543,2.89,2.32
2014.09.10 06:22:03.112,0.9753,0.97543,2.84,2.40
2014.09.10 06:22:03.658,0.97531,0.97543,1.65,1.57
2014.09.10 06:22:06.083,0.97531,0.97543,2.66,1.57
2014.09.10 06:22:07.354,0.97531,0.97543,2.66,1.17
2014.09.10 06:22:08.274,0.97532,0.97544,3.52,1.65
2014.09.10 06:22:08.527,0.97537,0.9755,5.81,1.10
2014.09.10 06:22:08.628,0.97538,0.9755,1.09,1.17
2014.09.10 06:22:08.983,0.97537,0.97547,1.10,1.57
2014.09.10 06:22:09.529,0.97535,0.97546,3.34,1.10
2014.09.10 06:22:10.123,0.97535,0.97546,1.00,2.62
2014.09.10 06:22:10.629,0.97535,0.97544,1.10,1.00
2014.09.10 06:22:11.155,0.97535,0.97544,1.65,1.00
2014.09.10 06:22:11.936,0.97535,0.97544,5.52,1.00
2014.09.10 06:22:11.987,0.97535,0.97546,5.96,1.00
2014.09.10 06:22:13.550,0.97535,0.97546,1.10,1.12
2014.09.10 06:22:13.651,0.97535,0.97543,1.00,1.00
2014.09.10 06:22:14.179,0.97534,0.97544,1.17,1.00
2014.09.10 06:22:14.817,0.97534,0.97544,2.65,1.00
2014.09.10 06:22:15.121,0.97538,0.97546,1.57,2.25
2014.09.10 06:22:15.172,0.97535,0.97546,1.40,3.07
2014.09.10 06:22:15.273,0.97535,0.97543,2.09,1.00
2014.09.10 06:22:15.375,0.97535,0.97545,2.89,1.00
2014.09.10 06:22:15.426,0.97535,0.97547,5.29,1.20
2014.09.10 06:22:15.528,0.97535,0.97547,7.33,1.07
2014.09.10 06:22:15.781,0.97534,0.97546,1.84,2.25
2014.09.10 06:22:19.817,0.97534,0.97545,2.77,1.50
2014.09.10 06:22:22.042,0.97534,0.97546,1.72,1.31
2014.09.10 06:22:22.860,0.97534,0.97547,1.65,3.04
2014.09.10 06:22:26.299,0.97534,0.97546,1.29,1.20
2014.09.10 06:22:26.849,0.97534,0.97546,1.01,1.27
2014.09.10 06:22:28.701,0.97533,0.97546,1.76,1.27
2014.09.10 06:22:29.279,0.97533,0.97546,1.84,1.20
2014.09.10 06:22:29.811,0.97534,0.97547,1.12,3.22
2014.09.10 06:22:31.464,0.97534,0.97547,1.10,3.90
2014.09.10 06:22:32.010,0.97534,0.97547,1.47,3.97
2014.09.10 06:22:39.320,0.97534,0.97547,1.39,4.35
2014.09.10 06:22:40.526,0.97534,0.97547,2.06,4.35
2014.09.10 06:22:43.110,0.97534,0.97547,2.21,4.35
2014.09.10 06:22:48.285,0.97534,0.97547,4.46,2.47
2014.09.10 06:22:48.795,0.97534,0.97547,4.46,2.47
2014.09.10 06:22:56.193,0.97534,0.97545,2.96,1.00
2014.09.10 06:22:56.535,0.97532,0.97544,2.89,1.07
2014.09.10 06:22:57.446,0.97532,0.97544,2.14,1.00
2014.09.10 06:22:57.951,0.97532,0.97544,4.39,1.50
2014.09.10 06:22:58.053,0.97532,0.97544,2.21,2.25
2014.09.10 06:22:58.560,0.97532,0.97543,1.15,1.00
2014.09.10 06:22:59.609,0.97532,0.97544,1.27,2.25
2014.09.10 06:23:03.453,0.97532,0.97544,2.21,2.32
2014.09.10 06:23:12.398,0.97532,0.97544,1.20,2.40
2014.09.10 06:23:15.394,0.97531,0.97543,2.21,1.10
2014.09.10 06:23:15.905,0.97532,0.97545,2.32,1.15
2014.09.10 06:23:16.007,0.97533,0.97546,2.40,2.40
2014.09.10 06:23:16.733,0.97533,0.97546,4.38,2.47
2014.09.10 06:23:17.250,0.97533,0.97544,1.31,1.17
2014.09.10 06:23:18.310,0.97533,0.97544,1.62,1.17
2014.09.10 06:23:22.957,0.97533,0.97544,1.62,1.15
2014.09.10 06:23:24.101,0.97533,0.97544,1.62,1.17
2014.09.10 06:23:29.144,0.97533,0.97544,1.47,1.17
2014.09.10 06:23:33.468,0.97533,0.97544,1.10,1.17
2014.09.10 06:23:34.275,0.97533,0.97544,1.10,1.17
2014.09.10 06:23:35.594,0.97533,0.97544,2.84,1.17
2014.09.10 06:23:35.834,0.97533,0.97544,6.71,1.00
2014.09.10 06:23:35.986,0.97535,0.97546,6.19,1.00
2014.09.10 06:23:36.139,0.97535,0.97545,2.41,1.00
2014.09.10 06:23:36.291,0.97535,0.97543,1.00,1.00
2014.09.10 06:23:36.444,0.97533,0.97543,1.00,1.65
2014.09.10 06:23:36.545,0.97531,0.97542,1.00,1.20
2014.09.10 06:23:37.322,0.97531,0.97543,1.07,1.57
2014.09.10 06:23:37.835,0.97531,0.97543,1.65,1.00
2014.09.10 06:23:38.190,0.97529,0.97541,5.51,1.00
2014.09.10 06:23:38.291,0.97529,0.9754,1.65,1.10
2014.09.10 06:23:39.325,0.97529,0.9754,1.65,1.10
2014.09.10 06:23:39.426,0.97529,0.9754,3.82,1.10
2014.09.10 06:23:39.784,0.9753,0.97542,3.11,1.00
2014.09.10 06:23:40.038,0.97531,0.97544,4.05,1.00
2014.09.10 06:23:40.341,0.97531,0.97538,1.10,1.10
2014.09.10 06:23:40.442,0.97531,0.97538,1.00,1.10
2014.09.10 06:23:40.646,0.97528,0.97535,1.15,2.70
2014.09.10 06:23:40.765,0.97526,0.97533,1.57,1.10
2014.09.10 06:23:41.326,0.97524,0.97533,1.09,1.10
2014.09.10 06:23:42.757,0.97522,0.97533,1.15,1.10
2014.09.10 06:23:43.292,0.97521,0.97532,5.14,1.10
2014.09.10 06:23:45.294,0.97521,0.97532,6.14,1.10
2014.09.10 06:23:45.396,0.97524,0.97534,1.01,1.50
2014.09.10 06:23:45.447,0.97525,0.97534,3.49,1.50
2014.09.10 06:23:45.498,0.97525,0.97536,5.14,1.10
2014.09.10 06:23:45.851,0.97525,0.97537,4.46,1.00
2014.09.10 06:23:46.394,0.97526,0.97537,2.14,1.00
2014.09.10 06:23:47.297,0.97526,0.97537,4.71,1.00
2014.09.10 06:23:47.551,0.97528,0.97539,2.21,1.00
2014.09.10 06:23:47.855,0.97528,0.97541,2.86,1.20
2014.09.10 06:23:47.906,0.97528,0.97539,1.84,1.00
2014.09.10 06:23:48.007,0.97527,0.97539,2.40,1.65
2014.09.10 06:23:48.159,0.97526,0.97538,1.10,1.35
2014.09.10 06:23:48.664,0.97525,0.97537,1.20,1.84
2014.09.10 06:23:51.448,0.97524,0.97535,1.50,1.65
2014.09.10 06:23:54.606,0.97524,0.97533,1.00,1.10
2014.09.10 06:23:55.112,0.97524,0.97534,1.00,1.10
2014.09.10 06:23:55.365,0.9752,0.97531,1.76,1.10
2014.09.10 06:23:55.906,0.97518,0.9753,2.21,1.57
2014.09.10 06:23:55.957,0.97518,0.9753,1.76,2.47
2014.09.10 06:23:56.529,0.97517,0.97528,2.66,1.10
2014.09.10 06:23:59.216,0.97515,0.97526,3.90,1.50
2014.09.10 06:23:59.267,0.97515,0.97526,1.00,2.47
2014.09.10 06:23:59.368,0.97515,0.97525,1.87,1.15
2014.09.10 06:23:59.571,0.97514,0.97524,3.75,1.20
2014.09.10 06:23:59.672,0.97514,0.97521,3.75,1.00
2014.09.10 06:24:00.131,0.97511,0.97521,4.57,1.00
2014.09.10 06:24:00.233,0.9751,0.9752,1.00,1.07
2014.09.10 06:24:00.284,0.97508,0.9752,2.81,1.15
2014.09.10 06:24:00.824,0.97507,0.97519,3.71,1.10
2014.09.10 06:24:01.331,0.97507,0.9752,7.76,1.00
2014.09.10 06:24:01.841,0.9751,0.97521,1.27,1.00
2014.09.10 06:24:02.765,0.97509,0.97521,2.59,1.17
2014.09.10 06:24:03.663,0.9751,0.97521,1.65,1.00
2014.09.10 06:24:05.347,0.97511,0.97521,2.62,1.00
2014.09.10 06:24:05.600,0.97513,0.97524,2.32,1.12
2014.09.10 06:24:05.853,0.97513,0.97524,4.27,1.57
2014.09.10 06:24:06.259,0.97515,0.97524,4.12,1.10
2014.09.10 06:24:06.309,0.97515,0.97529,11.51,3.37
2014.09.10 06:24:06.411,0.97517,0.9753,3.15,2.44
2014.09.10 06:24:06.997,0.97518,0.9753,1.57,1.09
2014.09.10 06:24:08.868,0.97518,0.9753,5.96,1.10
2014.09.10 06:24:11.537,0.97519,0.9753,1.50,1.10
2014.09.10 06:24:11.588,0.97519,0.9753,4.12,1.47
2014.09.10 06:24:11.791,0.97517,0.97527,1.50,1.20
2014.09.10 06:24:12.297,0.97516,0.97526,1.12,1.00
2014.09.10 06:24:12.653,0.97519,0.97526,1.12,1.00
2014.09.10 06:24:12.855,0.97519,0.97528,2.87,1.10
2014.09.10 06:24:13.377,0.97519,0.97529,2.87,1.00
2014.09.10 06:24:13.966,0.97518,0.97527,2.70,1.10
2014.09.10 06:24:14.697,0.97518,0.97527,1.87,1.17
2014.09.10 06:24:14.849,0.97515,0.97523,1.10,1.10
2014.09.10 06:24:15.001,0.97513,0.97523,1.00,1.65
2014.09.10 06:24:15.528,0.97512,0.97522,1.87,1.07
2014.09.10 06:24:15.833,0.97513,0.97524,2.70,1.00
2014.09.10 06:24:15.985,0.97513,0.97522,1.00,1.10
2014.09.10 06:24:16.087,0.97512,0.97522,2.62,1.10
2014.09.10 06:24:16.497,0.97508,0.97516,2.77,1.10
2014.09.10 06:24:16.598,0.97508,0.97515,1.00,1.50
2014.09.10 06:24:16.649,0.97505,0.97513,1.07,1.20
2014.09.10 06:24:16.700,0.97504,0.97512,1.95,1.69
2014.09.10 06:24:16.802,0.97502,0.9751,2.62,1.00
2014.09.10 06:24:16.853,0.975,0.9751,2.62,1.00
2014.09.10 06:24:17.365,0.975,0.97511,1.17,1.10
2014.09.10 06:24:17.618,0.97501,0.97512,1.95,1.57
2014.09.10 06:24:17.720,0.97503,0.97514,1.76,1.00
2014.09.10 06:24:17.821,0.97504,0.97514,2.40,1.00
2014.09.10 06:24:17.871,0.97504,0.97517,3.59,1.95
2014.09.10 06:24:18.390,0.97505,0.97514,1.95,1.10
2014.09.10 06:24:18.693,0.97505,0.97513,1.00,1.10
2014.09.10 06:24:19.199,0.97503,0.97512,3.52,1.10
2014.09.10 06:24:19.401,0.97503,0.9751,1.17,1.10
2014.09.10 06:24:19.503,0.97502,0.9751,1.57,1.10
2014.09.10 06:24:19.604,0.97502,0.9751,1.87,1.10
2014.09.10 06:24:20.060,0.97502,0.97512,2.62,1.10
2014.09.10 06:24:20.583,0.97502,0.97513,2.62,1.10
2014.09.10 06:24:20.684,0.97502,0.97515,2.96,2.02
2014.09.10 06:24:21.230,0.97504,0.97515,1.87,1.27
2014.09.10 06:24:21.485,0.97504,0.97513,1.00,1.10
2014.09.10 06:24:21.886,0.97503,0.97515,1.39,2.02
2014.09.10 06:24:22.139,0.97503,0.97516,6.71,1.47
2014.09.10 06:24:22.767,0.97503,0.97516,6.26,1.10
2014.09.10 06:24:23.070,0.97503,0.97513,3.52,1.10
2014.09.10 06:24:24.200,0.97503,0.97515,4.01,1.10
2014.09.10 06:24:24.302,0.97503,0.97515,8.31,1.10
2014.09.10 06:24:24.829,0.97503,0.97516,9.18,1.25
2014.09.10 06:24:26.187,0.97506,0.97516,2.40,1.50
2014.09.10 06:24:26.694,0.97506,0.97512,1.00,1.00
2014.09.10 06:24:26.796,0.97504,0.97513,1.00,1.20
2014.09.10 06:24:26.948,0.97502,0.97512,2.62,1.00
2014.09.10 06:24:27.049,0.97502,0.97512,1.87,1.00
2014.09.10 06:24:28.501,0.97502,0.97512,3.33,1.00
2014.09.10 06:24:28.603,0.97503,0.97514,2.25,1.12
2014.09.10 06:24:28.805,0.97504,0.97516,4.50,1.87
2014.09.10 06:24:30.947,0.97504,0.97515,5.02,1.10
2014.09.10 06:24:32.234,0.97504,0.97516,7.20,1.12
2014.09.10 06:24:32.538,0.97507,0.97516,2.32,1.00
2014.09.10 06:24:32.690,0.97508,0.97519,2.55,1.00
2014.09.10 06:24:32.742,0.97508,0.97521,6.34,1.69
2014.09.10 06:24:33.733,0.97509,0.97522,2.32,1.10
2014.09.10 06:24:33.958,0.97509,0.97522,6.52,1.10
2014.09.10 06:24:34.212,0.97508,0.97519,3.52,3.26
2014.09.10 06:24:34.313,0.97507,0.97519,1.95,3.79
2014.09.10 06:24:34.819,0.97507,0.97517,1.10,1.00
2014.09.10 06:24:35.727,0.97506,0.97516,1.10,1.00
2014.09.10 06:24:36.244,0.97504,0.97516,2.02,1.00
2014.09.10 06:24:36.745,0.97504,0.97515,3.52,1.00
2014.09.10 06:24:37.217,0.97504,0.97517,8.59,2.32
2014.09.10 06:24:37.778,0.97507,0.97518,2.70,1.00
2014.09.10 06:24:38.081,0.97513,0.97522,1.87,1.69
2014.09.10 06:24:38.233,0.97515,0.97524,4.12,1.00
2014.09.10 06:24:38.335,0.97517,0.97527,2.32,1.01
2014.09.10 06:24:38.689,0.97516,0.97527,1.20,1.01
2014.09.10 06:24:39.196,0.97515,0.97526,1.20,1.00
2014.09.10 06:24:40.328,0.97515,0.97527,1.20,1.46
2014.09.10 06:24:41.369,0.97515,0.97525,1.20,1.00
2014.09.10 06:24:41.835,0.97515,0.97526,3.07,1.00
2014.09.10 06:24:42.856,0.97515,0.97527,3.02,2.51
2014.09.10 06:24:43.363,0.97516,0.97526,1.50,1.10
2014.09.10 06:24:43.647,0.97516,0.97525,1.50,1.00
2014.09.10 06:24:43.698,0.97516,0.97522,1.50,1.10
2014.09.10 06:24:43.951,0.97513,0.97523,1.10,1.76
2014.09.10 06:24:44.441,0.97511,0.97521,2.77,1.10
2014.09.10 06:24:44.745,0.97509,0.97519,2.02,1.00
2014.09.10 06:24:49.882,0.97509,0.97519,7.01,1.00
2014.09.10 06:24:51.022,0.97509,0.97517,4.57,1.00
2014.09.10 06:24:51.174,0.97509,0.97516,1.10,1.00
2014.09.10 06:24:52.770,0.97509,0.97516,3.45,1.00
2014.09.10 06:24:55.955,0.97509,0.97516,1.27,1.00
2014.09.10 06:24:56.460,0.97509,0.97516,1.27,1.00
2014.09.10 06:24:58.651,0.97509,0.97519,1.20,1.50
2014.09.10 06:24:59.183,0.97509,0.97519,1.57,1.00
2014.09.10 06:24:59.713,0.97509,0.9752,1.20,2.44
2014.09.10 06:25:00.996,0.97509,0.9752,1.17,2.25
2014.09.10 06:25:02.804,0.9751,0.9752,1.50,1.00
2014.09.10 06:25:02.905,0.9751,0.97522,6.44,1.00
2014.09.10 06:25:03.006,0.97513,0.97524,1.09,1.50
2014.09.10 06:25:03.310,0.97519,0.9753,2.17,4.95
2014.09.10 06:25:03.412,0.97519,0.9753,2.57,3.45
2014.09.10 06:25:04.704,0.97518,0.9753,3.07,1.27
2014.09.10 06:25:05.272,0.97518,0.9753,3.32,1.27
2014.09.10 06:25:05.899,0.97518,0.9753,3.07,1.27
2014.09.10 06:25:06.746,0.97518,0.9753,1.57,2.77
2014.09.10 06:25:07.201,0.97516,0.97528,3.15,2.14
2014.09.10 06:25:07.711,0.97516,0.97528,3.15,1.39
2014.09.10 06:25:09.689,0.97516,0.97528,3.22,1.00
2014.09.10 06:25:10.237,0.97516,0.97528,3.97,1.00
2014.09.10 06:25:10.654,0.9752,0.97528,1.12,1.00
2014.09.10 06:25:10.907,0.97518,0.97528,1.00,1.20
2014.09.10 06:25:11.009,0.97517,0.97528,1.00,3.45
2014.09.10 06:25:11.518,0.97516,0.97528,1.00,4.39
2014.09.10 06:25:11.927,0.97516,0.97528,1.00,2.21
2014.09.10 06:25:16.803,0.97516,0.97527,1.00,1.29
2014.09.10 06:25:18.005,0.97516,0.97528,1.00,2.02
2014.09.10 06:25:19.508,0.97516,0.97528,1.00,3.04
2014.09.10 06:25:20.120,0.97515,0.97526,2.32,1.20
2014.09.10 06:25:24.871,0.97515,0.97527,4.07,1.84
2014.09.10 06:25:25.326,0.97515,0.97527,5.67,1.69
2014.09.10 06:25:25.730,0.97515,0.97527,4.15,3.15
2014.09.10 06:25:26.236,0.97515,0.97527,4.35,1.65
2014.09.10 06:25:28.758,0.97515,0.97526,4.22,1.00
2014.09.10 06:25:29.315,0.97515,0.97526,1.10,1.57
2014.09.10 06:25:32.849,0.97515,0.97526,1.07,1.87
2014.09.10 06:25:33.052,0.97515,0.97523,1.00,1.00
2014.09.10 06:25:36.473,0.97515,0.97526,1.10,1.69
2014.09.10 06:25:36.979,0.97515,0.97527,2.30,1.00
2014.09.10 06:25:37.683,0.97516,0.97527,2.21,1.00
2014.09.10 06:25:38.189,0.97516,0.97528,4.46,1.00
2014.09.10 06:25:38.694,0.97518,0.97529,1.12,1.57
2014.09.10 06:25:42.777,0.97518,0.9753,2.48,1.00
2014.09.10 06:25:43.286,0.97518,0.9753,5.88,1.00
2014.09.10 06:25:43.797,0.97519,0.97531,3.11,1.50
2014.09.10 06:25:52.512,0.97521,0.97531,3.11,1.50
2014.09.10 06:25:52.765,0.97523,0.97535,1.87,3.00
2014.09.10 06:25:53.756,0.97523,0.97536,6.71,1.50
2014.09.10 06:25:54.827,0.97525,0.97537,1.57,2.44
2014.09.10 06:25:55.354,0.97525,0.97536,1.10,2.25
2014.09.10 06:25:57.670,0.97525,0.97535,1.10,1.00
2014.09.10 06:25:58.279,0.97524,0.97535,2.40,1.50
2014.09.10 06:25:58.639,0.97524,0.97533,1.57,1.00
2014.09.10 06:26:03.053,0.97524,0.97533,1.10,1.00
2014.09.10 06:26:03.563,0.97524,0.97533,2.37,1.00
2014.09.10 06:26:03.614,0.97524,0.97535,2.37,1.50
2014.09.10 06:26:04.172,0.97525,0.97535,2.77,1.00
2014.09.10 06:26:04.476,0.97526,0.97538,1.65,1.50
2014.09.10 06:26:05.363,0.97528,0.97539,4.20,1.50
2014.09.10 06:26:05.565,0.97528,0.97538,3.05,1.00
2014.09.10 06:26:05.717,0.97527,0.97537,1.65,1.25
2014.09.10 06:26:05.870,0.97527,0.97534,1.10,1.00
2014.09.10 06:26:05.972,0.97524,0.97533,1.50,1.10
2014.09.10 06:26:06.175,0.97522,0.97531,1.07,1.50
2014.09.10 06:26:06.479,0.9752,0.9753,1.10,1.00
2014.09.10 06:26:09.110,0.97519,0.97529,1.72,1.00
2014.09.10 06:26:10.581,0.97519,0.9753,1.17,1.00
2014.09.10 06:26:11.506,0.97519,0.97531,2.47,3.37
2014.09.10 06:26:12.528,0.97519,0.97531,5.77,3.00
2014.09.10 06:26:12.680,0.97521,0.97533,3.82,1.12
2014.09.10 06:26:12.731,0.97523,0.97533,2.17,1.12
2014.09.10 06:26:12.782,0.97523,0.97535,5.02,1.87
2014.09.10 06:26:12.934,0.97524,0.97535,1.57,1.12
2014.09.10 06:26:13.440,0.97525,0.97536,1.65,1.87
2014.09.10 06:26:13.946,0.97527,0.97537,1.10,1.00
2014.09.10 06:26:14.472,0.97529,0.97538,1.57,1.00
2014.09.10 06:26:16.024,0.9753,0.97538,1.57,1.00
2014.09.10 06:26:16.177,0.97533,0.97542,3.07,1.00
2014.09.10 06:26:16.380,0.97535,0.97546,1.57,1.31
2014.09.10 06:26:16.481,0.97535,0.97546,1.10,1.12
2014.09.10 06:26:17.019,0.97535,0.97547,4.25,2.62
2014.09.10 06:26:17.423,0.97535,0.97544,2.40,1.00
2014.09.10 06:26:18.228,0.97535,0.97546,2.40,1.39
2014.09.10 06:26:18.872,0.97535,0.97547,5.67,1.56
2014.09.10 06:26:19.897,0.97535,0.97545,4.17,1.00
2014.09.10 06:26:20.751,0.97535,0.97545,1.20,1.00
2014.09.10 06:26:21.565,0.97535,0.97546,1.10,2.62
2014.09.10 06:26:23.005,0.97535,0.97545,1.10,1.00
2014.09.10 06:26:23.616,0.97535,0.97546,1.10,3.56
2014.09.10 06:26:23.923,0.97535,0.97544,1.10,1.00
2014.09.10 06:26:24.331,0.97537,0.97546,1.57,3.19
2014.09.10 06:26:24.433,0.97538,0.97548,2.77,2.25
2014.09.10 06:26:24.938,0.97538,0.97547,1.10,1.00
2014.09.10 06:26:25.444,0.97537,0.97547,3.97,1.00
2014.09.10 06:26:26.313,0.97537,0.97549,3.22,2.62
2014.09.10 06:26:26.616,0.97537,0.97548,6.71,1.00
2014.09.10 06:26:27.209,0.97537,0.97548,2.74,1.00
2014.09.10 06:26:27.733,0.97537,0.97547,2.60,1.00
2014.09.10 06:26:28.052,0.97536,0.97545,1.10,1.00
2014.09.10 06:26:29.018,0.97536,0.97545,1.27,1.00
2014.09.10 06:26:31.032,0.97536,0.97545,2.32,1.00
2014.09.10 06:26:34.320,0.97536,0.97545,2.85,1.00
2014.09.10 06:26:34.724,0.97536,0.97548,5.77,1.19
2014.09.10 06:26:37.080,0.97537,0.97548,1.65,1.50
2014.09.10 06:26:39.938,0.97538,0.97547,1.65,1.00
2014.09.10 06:26:40.456,0.97538,0.97548,1.20,1.57
2014.09.10 06:26:40.508,0.97538,0.97548,1.10,1.95
2014.09.10 06:26:40.611,0.97536,0.97546,1.00,1.45
2014.09.10 06:26:40.763,0.97533,0.97543,1.57,1.10
2014.09.10 06:26:41.271,0.97533,0.97544,2.67,1.00
2014.09.10 06:26:44.535,0.97533,0.97542,1.76,1.00
2014.09.10 06:26:44.839,0.97528,0.97538,1.50,1.20
2014.09.10 06:26:45.345,0.97527,0.97539,1.00,3.15
2014.09.10 06:26:45.497,0.97526,0.97536,1.46,1.00
2014.09.10 06:26:46.003,0.97525,0.97537,1.10,2.40
2014.09.10 06:26:46.155,0.97525,0.97537,2.40,2.25
2014.09.10 06:26:46.257,0.97525,0.97538,4.46,1.57
2014.09.10 06:26:46.762,0.97528,0.9754,1.01,1.72
2014.09.10 06:26:46.915,0.97529,0.97542,2.21,3.90
2014.09.10 06:26:47.269,0.97531,0.97542,3.67,1.00
2014.09.10 06:26:48.171,0.97531,0.97543,6.63,1.00
2014.09.10 06:26:48.324,0.97532,0.97545,5.25,1.10
2014.09.10 06:26:48.781,0.97535,0.97547,4.12,2.06
2014.09.10 06:26:49.287,0.97537,0.97549,1.20,1.20
2014.09.10 06:26:49.390,0.97539,0.9755,1.20,3.34
2014.09.10 06:26:49.492,0.9754,0.97551,1.50,1.12
2014.09.10 06:26:50.049,0.9754,0.97551,3.90,1.00
2014.09.10 06:26:50.805,0.9754,0.97551,3.40,1.00
2014.09.10 06:26:50.907,0.97542,0.97552,2.55,1.00
2014.09.10 06:26:50.957,0.97542,0.97554,6.56,1.50
2014.09.10 06:26:51.009,0.97543,0.97554,2.62,1.00
2014.09.10 06:26:51.211,0.97543,0.97554,1.10,3.00
2014.09.10 06:26:51.524,0.97542,0.97552,3.71,1.00
2014.09.10 06:26:52.173,0.97542,0.97552,3.07,1.07
2014.09.10 06:26:52.681,0.97541,0.97551,1.10,1.65
2014.09.10 06:26:53.253,0.97541,0.9755,1.10,1.00
2014.09.10 06:26:54.392,0.97541,0.97549,1.00,1.00
2014.09.10 06:26:54.545,0.97539,0.97549,1.00,1.29
2014.09.10 06:26:55.083,0.97538,0.97548,1.00,1.25
2014.09.10 06:26:55.492,0.97535,0.97546,3.07,1.00
2014.09.10 06:26:55.999,0.97535,0.97546,2.25,1.00
2014.09.10 06:26:56.500,0.97535,0.97546,3.25,1.00
2014.09.10 06:26:57.030,0.97535,0.97548,6.03,1.00
2014.09.10 06:26:57.627,0.97536,0.97548,2.85,1.00
2014.09.10 06:26:57.779,0.97536,0.97548,3.52,1.57
2014.09.10 06:26:58.183,0.97536,0.97545,1.12,1.10
2014.09.10 06:26:58.685,0.97536,0.97546,1.37,1.00
2014.09.10 06:26:59.091,0.97536,0.97548,3.90,2.44
2014.09.10 06:27:05.924,0.97536,0.97549,1.95,2.51
2014.09.10 06:27:06.429,0.97536,0.97548,3.90,1.00
2014.09.10 06:27:06.934,0.97536,0.97548,3.52,2.25
2014.09.10 06:27:07.036,0.97536,0.97547,2.77,1.07
2014.09.10 06:27:07.087,0.97536,0.97547,2.77,1.07
2014.09.10 06:27:07.137,0.97536,0.97547,3.77,1.10
2014.09.10 06:27:07.666,0.97536,0.97549,2.77,7.39
2014.09.10 06:27:08.964,0.97536,0.97548,3.52,3.94
2014.09.10 06:27:10.670,0.97536,0.97546,1.07,1.00
2014.09.10 06:27:10.823,0.97535,0.97545,2.51,1.00
2014.09.10 06:27:11.178,0.97533,0.97543,1.10,1.00
2014.09.10 06:27:11.482,0.97531,0.9754,1.00,1.00
2014.09.10 06:27:16.156,0.97531,0.97539,1.00,1.50
2014.09.10 06:27:16.662,0.97531,0.97538,1.10,1.20
2014.09.10 06:27:17.186,0.97531,0.97539,1.10,1.10
2014.09.10 06:27:17.490,0.97531,0.97541,1.10,3.52
2014.09.10 06:27:17.541,0.97531,0.97541,1.10,3.52
2014.09.10 06:27:20.039,0.97531,0.97541,1.20,2.40
2014.09.10 06:27:20.451,0.97531,0.97539,1.10,1.00
2014.09.10 06:27:20.502,0.97529,0.97539,1.30,3.00
2014.09.10 06:27:21.008,0.97529,0.97541,3.52,1.07
2014.09.10 06:27:21.160,0.9753,0.97541,3.05,1.07
2014.09.10 06:27:21.262,0.9753,0.97541,2.96,1.07
2014.09.10 06:27:24.604,0.9753,0.97541,2.57,1.07
2014.09.10 06:27:25.338,0.9753,0.9754,1.00,3.45
2014.09.10 06:27:27.036,0.9753,0.97541,2.22,1.57
2014.09.10 06:27:29.206,0.9753,0.9754,2.12,1.00
2014.09.10 06:27:30.218,0.97532,0.9754,1.87,1.00
2014.09.10 06:27:30.725,0.97532,0.97541,4.45,1.50
2014.09.10 06:27:31.317,0.97532,0.97541,3.45,1.50
2014.09.10 06:27:33.368,0.97532,0.97541,3.52,1.50
2014.09.10 06:27:34.697,0.97532,0.9754,3.80,1.00
2014.09.10 06:27:35.462,0.97532,0.9754,1.20,1.00
2014.09.10 06:27:35.970,0.97532,0.9754,2.57,1.00
2014.09.10 06:27:36.861,0.97532,0.9754,1.95,1.00
2014.09.10 06:27:37.116,0.97532,0.97543,4.64,1.00
2014.09.10 06:27:37.494,0.97533,0.97544,2.92,1.50
2014.09.10 06:27:39.634,0.97533,0.97543,5.69,1.50
2014.09.10 06:27:39.736,0.97533,0.97543,3.37,1.57
2014.09.10 06:27:41.803,0.97533,0.97544,3.37,1.25
2014.09.10 06:27:43.153,0.97533,0.97542,1.95,1.00
2014.09.10 06:27:43.305,0.97532,0.97542,1.10,1.57
2014.09.10 06:27:43.458,0.9753,0.9754,2.21,1.00
2014.09.10 06:27:43.973,0.9753,0.9754,2.21,1.00
2014.09.10 06:27:44.277,0.97535,0.97544,2.70,1.00
2014.09.10 06:27:44.581,0.97537,0.97546,1.57,1.00
2014.09.10 06:27:44.784,0.97538,0.97546,3.67,1.00
2014.09.10 06:27:44.986,0.9754,0.9755,1.65,1.25
2014.09.10 06:27:45.290,0.97539,0.9755,1.72,1.69
2014.09.10 06:27:45.847,0.97539,0.97551,2.40,1.20
2014.09.10 06:27:45.949,0.97539,0.97549,3.35,1.50
2014.09.10 06:27:46.202,0.97537,0.97548,1.01,1.50
2014.09.10 06:27:46.304,0.97537,0.97547,1.00,1.17
2014.09.10 06:27:50.190,0.97537,0.97547,1.50,1.17
2014.09.10 06:27:50.494,0.9754,0.97551,3.30,1.00
2014.09.10 06:27:51.019,0.9754,0.97552,4.20,1.00
2014.09.10 06:27:51.392,0.9754,0.97551,1.20,1.50
2014.09.10 06:27:51.798,0.9754,0.97548,1.37,1.00
2014.09.10 06:27:52.155,0.97538,0.97548,1.47,3.00
2014.09.10 06:27:56.138,0.97538,0.97548,1.47,3.19
2014.09.10 06:27:56.670,0.97538,0.97548,1.57,2.44
2014.09.10 06:27:56.923,0.97538,0.9755,1.57,2.44
2014.09.10 06:27:57.437,0.97539,0.9755,1.57,1.25
2014.09.10 06:28:01.770,0.97539,0.9755,2.94,1.00
2014.09.10 06:28:01.871,0.97539,0.9755,1.12,1.57
2014.09.10 06:28:02.377,0.97539,0.97549,1.12,2.25
2014.09.10 06:28:02.996,0.97539,0.97549,1.37,1.50
2014.09.10 06:28:03.505,0.97539,0.97549,1.37,1.69
2014.09.10 06:28:06.092,0.97539,0.97549,1.37,1.50
2014.09.10 06:28:13.895,0.97539,0.97549,1.37,1.69
2014.09.10 06:28:14.998,0.97539,0.97549,1.37,1.69
2014.09.10 06:28:15.267,0.97538,0.97546,1.47,1.10
2014.09.10 06:28:15.709,0.97537,0.97544,1.17,1.10
2014.09.10 06:28:15.810,0.97536,0.97544,1.50,1.76
2014.09.10 06:28:15.912,0.97534,0.97544,2.70,1.01
2014.09.10 06:28:21.027,0.97532,0.97544,2.77,2.51
2014.09.10 06:28:21.936,0.97532,0.97543,2.02,1.29
2014.09.10 06:28:23.118,0.97532,0.97543,1.55,1.57
2014.09.10 06:28:23.421,0.97532,0.97543,2.57,1.00
2014.09.10 06:28:23.954,0.97532,0.97544,4.55,1.00
2014.09.10 06:28:24.484,0.97532,0.97543,3.13,2.51
2014.09.10 06:28:33.769,0.97532,0.97542,1.47,1.00
2014.09.10 06:28:34.661,0.97532,0.97543,4.65,1.10
2014.09.10 06:28:37.764,0.97532,0.97542,4.36,1.00
2014.09.10 06:28:40.499,0.97532,0.97542,4.09,1.00
2014.09.10 06:28:41.014,0.97532,0.97543,4.15,2.25
2014.09.10 06:28:44.192,0.97532,0.97543,4.87,2.40
2014.09.10 06:28:45.533,0.97532,0.97543,4.50,2.40
2014.09.10 06:28:47.472,0.97531,0.97541,3.26,1.00
2014.09.10 06:28:49.110,0.9753,0.97541,1.50,1.10
2014.09.10 06:28:49.262,0.9753,0.97537,1.50,1.10
2014.09.10 06:28:49.617,0.97528,0.97537,1.57,1.10
2014.09.10 06:28:51.892,0.97528,0.97536,1.10,1.10
2014.09.10 06:28:52.466,0.97527,0.97538,1.12,2.47
2014.09.10 06:28:53.322,0.97526,0.97538,1.76,2.47
2014.09.10 06:28:58.798,0.97526,0.97537,6.90,1.10
2014.09.10 06:29:00.395,0.97526,0.97535,6.56,1.10
2014.09.10 06:29:00.699,0.97526,0.97537,1.00,1.65
2014.09.10 06:29:01.213,0.97526,0.97537,2.32,1.20
2014.09.10 06:29:02.154,0.97526,0.97536,1.20,1.10
2014.09.10 06:29:02.721,0.97525,0.97536,1.37,1.57
2014.09.10 06:29:03.332,0.97525,0.97536,1.12,1.57
2014.09.10 06:29:12.607,0.97525,0.97536,1.37,1.00
2014.09.10 06:29:13.744,0.97525,0.97536,1.00,1.17
2014.09.10 06:29:20.775,0.97525,0.97535,1.37,1.57
2014.09.10 06:29:21.248,0.97525,0.97535,1.37,1.57
2014.09.10 06:29:22.873,0.97525,0.97535,1.37,1.50
2014.09.10 06:29:23.283,0.97525,0.97533,1.00,1.00
2014.09.10 06:29:23.788,0.97524,0.97532,1.12,1.57
2014.09.10 06:29:24.308,0.97524,0.97533,1.12,1.57
2014.09.10 06:29:26.891,0.97524,0.97531,1.12,1.10
2014.09.10 06:29:33.801,0.97524,0.97533,1.12,1.10
2014.09.10 06:29:35.121,0.97522,0.97532,1.95,1.10
2014.09.10 06:29:35.451,0.97522,0.97529,1.95,1.10
2014.09.10 06:29:35.603,0.97522,0.97531,1.37,1.10
2014.09.10 06:29:35.704,0.97522,0.97533,1.37,1.57
2014.09.10 06:29:42.502,0.97522,0.97531,2.87,1.10
2014.09.10 06:29:42.654,0.97522,0.9753,1.00,1.20
2014.09.10 06:29:43.162,0.97521,0.97529,1.87,1.10
2014.09.10 06:29:43.921,0.97521,0.9753,1.87,1.20
2014.09.10 06:29:44.423,0.97521,0.9753,5.62,1.20
2014.09.10 06:29:44.739,0.97521,0.97532,2.25,1.30
2014.09.10 06:29:45.311,0.97521,0.97532,1.69,1.30
2014.09.10 06:29:46.706,0.97521,0.97532,1.69,1.30
2014.09.10 06:29:47.840,0.97521,0.97532,1.69,1.30
2014.09.10 06:29:48.442,0.97521,0.9753,1.87,1.10
2014.09.10 06:29:49.112,0.97521,0.97531,1.87,1.57
2014.09.10 06:29:58.721,0.97521,0.97531,1.50,1.95
2014.09.10 06:29:59.229,0.97521,0.97531,1.50,1.65
2014.09.10 06:30:01.958,0.97521,0.97529,1.00,1.00
2014.09.10 06:30:30.857,0.97521,0.97529,1.00,1.65
2014.09.10 06:30:31.425,0.97519,0.97527,1.00,3.75
2014.09.10 06:30:31.476,0.97519,0.97527,1.00,3.82
2014.09.10 06:30:31.527,0.97516,0.97523,1.50,1.00
2014.09.10 06:30:31.678,0.97514,0.97523,1.00,1.00
2014.09.10 06:30:32.444,0.97514,0.97523,2.55,1.20
2014.09.10 06:30:32.546,0.97514,0.97524,1.50,1.07
2014.09.10 06:30:33.751,0.97514,0.97524,1.00,1.65
2014.09.10 06:30:35.822,0.97514,0.97522,1.00,1.07
2014.09.10 06:30:35.873,0.97512,0.97522,1.00,1.65
2014.09.10 06:30:36.419,0.97511,0.97522,1.12,2.40
2014.09.10 06:30:38.932,0.97511,0.97522,2.60,1.15
2014.09.10 06:30:39.134,0.97511,0.97523,2.32,1.57
2014.09.10 06:30:43.032,0.97511,0.97523,2.32,1.65
2014.09.10 06:30:43.542,0.97511,0.97521,1.87,1.15
2014.09.10 06:30:44.070,0.97511,0.97521,2.25,1.15
2014.09.10 06:30:45.157,0.97511,0.97523,3.00,3.15
2014.09.10 06:30:45.731,0.97511,0.97523,3.15,3.15
2014.09.10 06:30:48.992,0.97511,0.97523,3.07,2.40
2014.09.10 06:30:49.966,0.97511,0.97522,1.00,5.25
2014.09.10 06:30:51.564,0.97511,0.97522,3.07,1.15
2014.09.10 06:30:51.665,0.97511,0.97522,3.69,1.00
2014.09.10 06:30:52.287,0.97511,0.97522,3.80,1.10
2014.09.10 06:30:54.293,0.97511,0.97524,3.96,1.27
2014.09.10 06:30:54.799,0.97511,0.97521,1.00,1.20
2014.09.10 06:30:55.104,0.9751,0.97519,1.50,1.00
2014.09.10 06:30:55.357,0.97508,0.97518,1.00,1.20
2014.09.10 06:30:55.873,0.97507,0.97518,1.57,1.10
2014.09.10 06:30:57.226,0.97507,0.97518,2.51,1.10
2014.09.10 06:30:57.479,0.97509,0.97521,4.01,1.10
2014.09.10 06:30:57.783,0.97512,0.97522,2.17,1.00
2014.09.10 06:30:58.137,0.97513,0.97524,1.12,1.01
2014.09.10 06:30:59.996,0.97514,0.97524,5.25,1.10
2014.09.10 06:31:00.249,0.97519,0.97529,3.00,1.00
2014.09.10 06:31:00.553,0.97521,0.97533,1.50,3.26
2014.09.10 06:31:02.826,0.97521,0.9753,1.00,1.65
2014.09.10 06:31:02.928,0.97521,0.97531,1.00,2.25
2014.09.10 06:31:03.394,0.97521,0.97531,3.70,1.00
2014.09.10 06:31:03.597,0.97523,0.97535,1.01,1.00
2014.09.10 06:31:03.698,0.97526,0.97536,4.69,1.00
2014.09.10 06:31:03.800,0.97527,0.97538,2.32,2.25
2014.09.10 06:31:04.971,0.97527,0.97539,4.91,2.51
2014.09.10 06:31:08.597,0.97527,0.97538,4.91,1.00
2014.09.10 06:31:09.102,0.97528,0.97538,1.57,1.00
2014.09.10 06:31:09.608,0.97528,0.97537,1.00,1.00
2014.09.10 06:31:09.710,0.97527,0.97537,1.00,2.32
2014.09.10 06:31:10.211,0.97526,0.97537,1.00,1.10
2014.09.10 06:31:13.852,0.97526,0.97536,1.00,1.00
2014.09.10 06:31:14.442,0.97526,0.97537,1.50,1.10
2014.09.10 06:31:15.233,0.97526,0.97537,3.07,1.10
2014.09.10 06:31:15.568,0.97527,0.97538,2.32,1.10
2014.09.10 06:31:16.074,0.97527,0.97538,6.42,1.00
2014.09.10 06:31:16.661,0.97529,0.97538,2.66,1.00
2014.09.10 06:31:16.814,0.97531,0.97541,3.34,1.00
2014.09.10 06:31:16.865,0.97531,0.97543,4.16,1.69
2014.09.10 06:31:21.143,0.97533,0.97543,1.76,1.00
2014.09.10 06:31:21.244,0.97533,0.97545,4.91,1.69
2014.09.10 06:31:21.823,0.97533,0.97545,6.22,1.50
2014.09.10 06:31:22.076,0.97534,0.97545,3.97,1.50
2014.09.10 06:31:22.565,0.97534,0.97544,1.00,1.57
2014.09.10 06:31:22.616,0.97533,0.97542,1.00,1.10
2014.09.10 06:31:23.020,0.97533,0.97544,3.82,1.10
2014.09.10 06:31:23.874,0.97534,0.97544,3.07,1.10
2014.09.10 06:31:25.941,0.97534,0.97544,2.25,1.10
2014.09.10 06:31:26.094,0.97533,0.97542,1.87,1.00
2014.09.10 06:31:26.397,0.97533,0.97542,1.00,4.01
2014.09.10 06:31:26.701,0.9753,0.9754,1.69,3.07
2014.09.10 06:31:27.219,0.97529,0.97538,1.37,1.15
2014.09.10 06:31:28.650,0.9753,0.9754,1.20,2.25
2014.09.10 06:31:28.701,0.9753,0.97541,1.50,1.50
2014.09.10 06:31:28.853,0.9753,0.97543,3.77,2.21
2014.09.10 06:31:29.258,0.9753,0.97542,3.07,1.65
2014.09.10 06:31:29.989,0.9753,0.97539,1.10,1.00
2014.09.10 06:31:30.091,0.9753,0.97539,1.00,1.00
2014.09.10 06:31:30.445,0.9753,0.97539,1.10,1.00
2014.09.10 06:31:31.331,0.9753,0.97538,1.10,1.00
2014.09.10 06:31:31.534,0.97527,0.97537,1.87,1.84
2014.09.10 06:31:32.128,0.97527,0.97537,1.37,2.59
2014.09.10 06:31:33.047,0.97527,0.97537,1.37,2.59
2014.09.10 06:31:33.549,0.97527,0.97537,1.37,2.44
2014.09.10 06:31:34.107,0.97527,0.97538,1.57,1.29
2014.09.10 06:31:36.957,0.97527,0.97536,1.57,1.00
2014.09.10 06:31:37.620,0.97527,0.97534,1.57,1.00
2014.09.10 06:31:37.874,0.97524,0.97533,1.12,1.00
2014.09.10 06:31:37.924,0.97524,0.97531,1.12,1.00
2014.09.10 06:31:38.177,0.97521,0.9753,2.02,1.00
2014.09.10 06:31:38.380,0.97519,0.97529,2.70,1.00
2014.09.10 06:31:38.432,0.97519,0.97527,1.87,1.50
2014.09.10 06:31:38.735,0.9752,0.9753,1.65,1.10
2014.09.10 06:31:38.988,0.97518,0.97529,1.57,1.10
2014.09.10 06:31:39.039,0.97518,0.97527,1.00,1.00
2014.09.10 06:31:39.586,0.97518,0.97528,1.00,1.17
2014.09.10 06:31:39.795,0.97518,0.97528,1.00,1.10
2014.09.10 06:31:40.127,0.97519,0.9753,2.32,2.32
2014.09.10 06:31:40.671,0.97519,0.97532,4.46,3.15
2014.09.10 06:31:40.773,0.97521,0.97533,3.15,3.15
2014.09.10 06:31:41.282,0.97521,0.97533,3.87,1.84
2014.09.10 06:31:41.813,0.97524,0.97532,1.50,1.00
2014.09.10 06:31:41.965,0.97525,0.97534,2.62,1.00
2014.09.10 06:31:42.017,0.97525,0.97536,3.77,1.57
2014.09.10 06:31:42.522,0.97525,0.97536,3.22,1.10
2014.09.10 06:31:42.978,0.97525,0.97533,2.60,1.00
2014.09.10 06:31:43.181,0.97523,0.97534,2.59,1.10
2014.09.10 06:31:43.535,0.97523,0.97532,1.69,1.10
2014.09.10 06:31:44.041,0.97523,0.97531,1.00,1.00
2014.09.10 06:31:45.434,0.97523,0.97532,1.00,1.65
2014.09.10 06:31:46.237,0.97523,0.97529,1.00,1.00
2014.09.10 06:31:46.541,0.97523,0.97529,1.00,1.15
2014.09.10 06:31:47.082,0.97521,0.97528,1.00,1.17
2014.09.10 06:31:47.664,0.9752,0.97528,1.57,1.17
2014.09.10 06:31:48.568,0.9752,0.9753,2.60,3.75
2014.09.10 06:31:48.619,0.9752,0.9753,2.60,1.57
2014.09.10 06:31:50.004,0.9752,0.9753,3.63,1.07
2014.09.10 06:31:51.115,0.9752,0.9753,3.71,1.00
2014.09.10 06:31:51.641,0.97521,0.97533,1.57,3.15
2014.09.10 06:31:52.206,0.97522,0.97533,1.57,4.09
2014.09.10 06:31:53.392,0.97522,0.97533,2.57,3.15
2014.09.10 06:31:57.749,0.97522,0.97532,3.51,1.00
2014.09.10 06:31:57.852,0.97522,0.97528,1.00,1.00
2014.09.10 06:31:58.055,0.97518,0.97528,1.00,1.57
2014.09.10 06:31:58.258,0.97518,0.97529,2.97,1.17
2014.09.10 06:31:58.410,0.9752,0.97532,2.25,3.52
2014.09.10 06:31:58.462,0.97521,0.97532,1.09,2.32
2014.09.10 06:31:59.277,0.97522,0.97533,2.96,1.00
2014.09.10 06:31:59.818,0.97523,0.97535,1.57,3.07
2014.09.10 06:32:03.769,0.97523,0.97533,2.79,1.00
2014.09.10 06:32:03.930,0.97523,0.97533,2.51,1.00
2014.09.10 06:32:10.597,0.97523,0.97532,1.57,1.00
2014.09.10 06:32:11.109,0.97522,0.97531,1.00,1.10
2014.09.10 06:32:24.642,0.97522,0.97532,2.60,1.17
2014.09.10 06:32:25.184,0.97522,0.97534,3.52,3.15
2014.09.10 06:32:25.286,0.97522,0.97534,4.27,2.32
2014.09.10 06:32:27.039,0.97522,0.97534,4.46,2.59
2014.09.10 06:32:27.559,0.97522,0.97533,3.64,1.17
2014.09.10 06:32:28.107,0.97522,0.97533,3.60,1.00
2014.09.10 06:32:28.633,0.97522,0.97534,4.35,2.59
2014.09.10 06:32:30.849,0.97522,0.97534,5.35,2.40
2014.09.10 06:32:31.448,0.97522,0.97534,5.35,1.65
2014.09.10 06:32:32.194,0.97523,0.97535,3.22,2.40
2014.09.10 06:32:32.724,0.97523,0.97535,4.22,1.65
2014.09.10 06:32:35.991,0.97523,0.97535,4.16,1.65
2014.09.10 06:32:39.053,0.97523,0.97534,4.22,1.69
2014.09.10 06:32:40.893,0.97525,0.97535,1.50,1.36
2014.09.10 06:32:41.786,0.97525,0.97535,2.25,1.36
2014.09.10 06:32:42.614,0.97525,0.97534,3.00,1.25
2014.09.10 06:32:42.817,0.97525,0.97536,2.50,3.34
2014.09.10 06:32:43.490,0.97525,0.97536,2.57,1.76
2014.09.10 06:32:44.048,0.97525,0.97536,2.57,1.69
2014.09.10 06:32:45.012,0.97525,0.97537,1.00,1.76
2014.09.10 06:32:47.117,0.97526,0.97537,1.50,1.76
2014.09.10 06:32:48.269,0.97526,0.97537,3.25,1.01
2014.09.10 06:32:50.728,0.97526,0.97537,3.25,1.29
2014.09.10 06:32:52.029,0.97526,0.97537,3.25,1.01
2014.09.10 06:32:52.833,0.97526,0.97537,3.25,1.32
2014.09.10 06:32:55.648,0.97528,0.97538,1.12,1.84
2014.09.10 06:32:55.952,0.97528,0.97541,4.34,1.07
2014.09.10 06:32:56.104,0.9753,0.97542,2.40,1.76
2014.09.10 06:32:56.256,0.97531,0.97542,1.87,1.57
2014.09.10 06:32:56.762,0.97533,0.97545,2.32,1.84
2014.09.10 06:32:57.287,0.97534,0.97545,1.12,1.09
2014.09.10 06:32:58.063,0.97534,0.97545,3.62,3.34
2014.09.10 06:32:59.055,0.97534,0.97546,4.12,2.96
2014.09.10 06:33:01.035,0.97534,0.97546,4.37,2.02
2014.09.10 06:33:01.136,0.97534,0.97546,4.12,2.02
2014.09.10 06:33:02.578,0.97534,0.97542,3.52,1.00
2014.09.10 06:33:02.882,0.97533,0.97541,1.00,7.31
2014.09.10 06:33:03.084,0.97528,0.97538,1.10,1.15
2014.09.10 06:33:03.236,0.97528,0.97534,1.10,1.00
2014.09.10 06:33:03.337,0.97528,0.97537,1.10,1.00
2014.09.10 06:33:04.389,0.97527,0.97537,1.76,1.00
2014.09.10 06:33:07.640,0.97527,0.97539,5.02,1.07
2014.09.10 06:33:07.945,0.97532,0.97539,1.20,1.00
2014.09.10 06:33:08.249,0.97528,0.97537,1.10,4.50
2014.09.10 06:33:08.351,0.97528,0.97537,1.10,4.50
2014.09.10 06:33:08.452,0.97526,0.97536,1.50,1.65
2014.09.10 06:33:08.554,0.97524,0.97534,1.19,1.15
2014.09.10 06:33:08.706,0.97522,0.97532,2.32,1.10
2014.09.10 06:33:08.858,0.97522,0.97529,1.00,1.10
2014.09.10 06:33:09.062,0.97521,0.97531,2.32,1.10
2014.09.10 06:33:09.565,0.97521,0.9753,1.57,1.20
2014.09.10 06:33:11.078,0.97521,0.97531,2.32,1.50
2014.09.10 06:33:11.584,0.97521,0.97532,4.84,1.00
2014.09.10 06:33:12.700,0.97522,0.97534,3.07,3.15
2014.09.10 06:33:13.239,0.97522,0.97534,4.00,3.22
2014.09.10 06:33:14.188,0.97522,0.97531,2.50,1.00
2014.09.10 06:33:14.627,0.97522,0.97533,2.96,1.10
2014.09.10 06:33:14.678,0.97522,0.97533,5.89,1.10
2014.09.10 06:33:14.729,0.97524,0.97536,2.02,2.32
2014.09.10 06:33:14.932,0.97526,0.97536,1.50,2.32
2014.09.10 06:33:15.236,0.97528,0.97538,1.12,1.00
2014.09.10 06:33:15.388,0.97528,0.9754,3.37,1.65
2014.09.10 06:33:15.591,0.9753,0.97543,1.72,1.20
2014.09.10 06:33:16.098,0.9753,0.97543,4.46,3.07
2014.09.10 06:33:16.431,0.9753,0.97541,2.40,1.00
2014.09.10 06:33:16.735,0.97531,0.97543,2.85,1.50
2014.09.10 06:33:16.786,0.97532,0.97543,2.92,1.00
2014.09.10 06:33:16.939,0.97532,0.97545,8.37,3.19
2014.09.10 06:33:17.452,0.97533,0.97545,1.39,1.31
2014.09.10 06:33:17.503,0.97533,0.97543,2.49,1.00
2014.09.10 06:33:17.605,0.97533,0.97545,2.49,2.06
2014.09.10 06:33:17.807,0.97533,0.97542,2.30,1.00
2014.09.10 06:33:18.352,0.97533,0.97542,2.02,1.00
2014.09.10 06:33:18.807,0.97531,0.97542,3.00,1.57
2014.09.10 06:33:20.048,0.97531,0.97541,3.00,1.50
2014.09.10 06:33:20.562,0.97531,0.97542,3.40,1.00
2014.09.10 06:33:20.893,0.97532,0.97542,1.50,1.00
2014.09.10 06:33:21.397,0.97532,0.97543,3.33,1.50
2014.09.10 06:33:22.442,0.97533,0.97545,2.40,2.51
2014.09.10 06:33:23.057,0.97534,0.97546,1.57,1.25
2014.09.10 06:33:23.158,0.97535,0.97546,3.82,1.25
2014.09.10 06:33:23.833,0.97535,0.97546,4.57,1.25
2014.09.10 06:33:24.203,0.97535,0.97546,3.42,1.00
2014.09.10 06:33:24.556,0.97536,0.97548,1.65,1.50
2014.09.10 06:33:24.961,0.97536,0.97545,1.65,1.00
2014.09.10 06:33:25.012,0.97536,0.97545,1.50,1.10
2014.09.10 06:33:25.266,0.97535,0.97543,1.50,1.00
2014.09.10 06:33:25.418,0.97533,0.97544,3.07,3.04
2014.09.10 06:33:26.007,0.97533,0.97542,1.00,1.07
2014.09.10 06:33:27.819,0.97533,0.97542,1.00,1.10
2014.09.10 06:33:29.889,0.97532,0.97542,3.37,1.10
2014.09.10 06:33:30.406,0.97532,0.97542,2.62,1.65
2014.09.10 06:33:31.140,0.9753,0.97541,3.07,1.10
2014.09.10 06:33:31.653,0.97529,0.97541,1.39,1.10
2014.09.10 06:33:32.158,0.97529,0.97541,2.39,1.10
2014.09.10 06:33:32.678,0.97529,0.9754,1.00,1.00
2014.09.10 06:33:35.277,0.97529,0.97538,1.10,1.00
2014.09.10 06:33:35.530,0.97528,0.97538,1.69,1.00
2014.09.10 06:33:38.087,0.97528,0.97539,1.00,1.65
2014.09.10 06:33:38.635,0.97528,0.97539,2.76,1.20
2014.09.10 06:33:42.240,0.97528,0.97539,1.00,1.65
2014.09.10 06:33:42.442,0.97527,0.97537,3.82,1.95
2014.09.10 06:33:42.543,0.97527,0.97535,1.10,1.00
2014.09.10 06:33:42.695,0.97525,0.97535,2.32,1.10
2014.09.10 06:33:42.846,0.97525,0.97535,4.07,1.07
2014.09.10 06:33:43.530,0.97525,0.97535,3.07,1.15
2014.09.10 06:33:44.815,0.97525,0.97535,3.32,1.15
2014.09.10 06:33:44.866,0.97525,0.97535,3.32,1.00
2014.09.10 06:33:45.119,0.97527,0.97535,2.25,1.00
2014.09.10 06:33:45.272,0.97528,0.97537,2.06,1.00
2014.09.10 06:33:45.361,0.97528,0.97539,4.06,1.00
2014.09.10 06:33:45.462,0.97528,0.97539,1.57,2.02
2014.09.10 06:33:45.614,0.97528,0.97536,1.00,1.00
2014.09.10 06:33:45.665,0.97526,0.97536,1.00,1.00
2014.09.10 06:33:46.943,0.97526,0.97537,1.00,4.69
2014.09.10 06:33:48.863,0.97526,0.97535,4.47,1.10
2014.09.10 06:33:49.169,0.97526,0.97538,6.78,1.10
2014.09.10 06:33:49.219,0.97526,0.97536,5.29,1.00
2014.09.10 06:33:49.321,0.97526,0.97538,5.66,1.57
2014.09.10 06:33:49.851,0.97526,0.97538,8.96,1.00
2014.09.10 06:33:50.435,0.97528,0.97539,2.59,1.00
2014.09.10 06:33:51.851,0.97528,0.97538,2.66,1.00
2014.09.10 06:33:51.952,0.97528,0.9754,3.66,1.57
2014.09.10 06:33:52.368,0.97529,0.9754,3.11,1.50
2014.09.10 06:33:52.470,0.97531,0.97542,1.31,1.50
2014.09.10 06:33:52.874,0.97534,0.97545,2.81,1.50
2014.09.10 06:33:57.371,0.97535,0.97545,1.65,1.00
2014.09.10 06:33:57.938,0.97535,0.97545,4.08,1.00
2014.09.10 06:33:58.449,0.97535,0.97543,4.39,1.00
2014.09.10 06:33:58.754,0.97535,0.97541,1.00,1.00
2014.09.10 06:33:59.058,0.97532,0.9754,1.00,1.17
2014.09.10 06:33:59.261,0.97532,0.97542,3.14,1.65
2014.09.10 06:33:59.463,0.97532,0.97543,2.69,1.20
2014.09.10 06:34:00.097,0.97532,0.97542,2.69,1.00
2014.09.10 06:34:00.713,0.97532,0.97542,2.31,1.00
2014.09.10 06:34:01.244,0.97532,0.97541,2.31,1.00
2014.09.10 06:34:01.648,0.97533,0.97543,1.31,1.00
2014.09.10 06:34:02.275,0.97533,0.97544,3.06,2.32
2014.09.10 06:34:05.704,0.97533,0.97543,2.31,1.00
2014.09.10 06:34:06.267,0.97533,0.97543,2.06,1.57
2014.09.10 06:34:06.805,0.97533,0.97543,1.87,1.57
2014.09.10 06:34:07.482,0.97532,0.97543,2.14,1.57
2014.09.10 06:34:07.787,0.97532,0.97542,1.00,1.57
2014.09.10 06:34:08.129,0.97532,0.97539,1.00,1.00
2014.09.10 06:34:11.683,0.97532,0.97538,1.00,1.00
2014.09.10 06:34:11.734,0.9753,0.97538,1.87,1.00
2014.09.10 06:34:12.140,0.9753,0.97538,1.10,1.00
2014.09.10 06:34:12.242,0.9753,0.97538,1.20,1.00
2014.09.10 06:34:12.293,0.9753,0.97538,3.59,1.00
2014.09.10 06:34:12.344,0.97532,0.97542,1.20,1.50
2014.09.10 06:34:12.496,0.97533,0.97544,1.27,2.25
2014.09.10 06:34:12.800,0.97533,0.97541,1.57,1.00
2014.09.10 06:34:14.258,0.97533,0.97541,1.00,1.00
2014.09.10 06:34:14.410,0.97535,0.97544,2.25,1.10
2014.09.10 06:34:24.018,0.97535,0.97544,2.77,1.00
2014.09.10 06:34:24.120,0.97536,0.97546,1.95,1.10
2014.09.10 06:34:26.338,0.97536,0.97546,1.25,1.65
2014.09.10 06:34:26.440,0.97533,0.97545,2.25,4.57
2014.09.10 06:34:26.745,0.9753,0.97537,1.50,1.17
2014.09.10 06:34:27.050,0.97532,0.97544,5.25,1.00
2014.09.10 06:34:27.216,0.97532,0.97545,3.22,1.00
2014.09.10 06:34:27.623,0.97533,0.97544,2.40,1.17
2014.09.10 06:34:28.653,0.97533,0.97544,3.07,1.17
2014.09.10 06:34:28.956,0.97533,0.9754,1.50,1.84
2014.09.10 06:34:29.007,0.9753,0.9754,1.00,1.84
2014.09.10 06:34:29.160,0.97529,0.97536,1.00,1.00
2014.09.10 06:34:29.463,0.97528,0.97536,1.00,3.07
2014.09.10 06:34:29.514,0.97528,0.97536,1.00,1.17
2014.09.10 06:34:30.032,0.97528,0.97536,1.00,1.10
2014.09.10 06:34:31.637,0.97526,0.97536,1.69,1.00
2014.09.10 06:34:31.688,0.97526,0.97533,1.19,1.00
2014.09.10 06:34:31.840,0.97525,0.97533,1.25,1.00
2014.09.10 06:34:31.891,0.97525,0.97534,1.37,1.00
2014.09.10 06:34:32.043,0.97527,0.97536,1.39,1.10
2014.09.10 06:34:32.273,0.97528,0.97537,1.76,1.10
2014.09.10 06:34:32.780,0.97528,0.97537,2.62,1.00
2014.09.10 06:34:33.868,0.97528,0.97539,3.85,1.00
2014.09.10 06:34:34.140,0.97528,0.97539,3.85,1.00
2014.09.10 06:34:34.671,0.9753,0.97541,1.57,1.00
2014.09.10 06:34:35.404,0.9753,0.97541,4.54,1.00
2014.09.10 06:34:35.977,0.97533,0.97541,1.12,1.00
2014.09.10 06:34:36.382,0.97532,0.97541,1.12,1.10
2014.09.10 06:34:36.686,0.97531,0.9754,1.00,1.47
2014.09.10 06:34:36.889,0.97528,0.97537,1.00,1.00
2014.09.10 06:34:36.940,0.97526,0.97537,1.50,1.65
2014.09.10 06:34:37.244,0.97524,0.97532,1.20,1.00
2014.09.10 06:34:38.383,0.97525,0.97534,1.50,2.32
2014.09.10 06:34:38.687,0.97528,0.97537,1.76,1.00
2014.09.10 06:34:38.839,0.97529,0.9754,1.20,1.00
2014.09.10 06:34:39.416,0.97529,0.9754,3.10,1.00
2014.09.10 06:34:40.137,0.9753,0.97541,1.01,1.00
2014.09.10 06:34:40.440,0.97532,0.97541,1.57,1.00
2014.09.10 06:34:40.968,0.97533,0.97542,1.50,1.00
2014.09.10 06:34:45.037,0.97531,0.97542,2.02,1.00
2014.09.10 06:34:45.637,0.97531,0.97542,3.12,1.00
2014.09.10 06:34:48.906,0.97532,0.97542,2.06,1.00
2014.09.10 06:34:49.412,0.97532,0.97543,3.04,1.00
2014.09.10 06:34:50.227,0.97531,0.97543,2.21,1.50
2014.09.10 06:34:50.760,0.97531,0.97542,1.31,1.10
2014.09.10 06:34:51.323,0.97531,0.97542,1.95,1.10
2014.09.10 06:34:52.840,0.97531,0.97542,2.76,1.10
2014.09.10 06:34:53.562,0.97531,0.97542,2.32,1.10
2014.09.10 06:34:55.071,0.97531,0.9754,1.10,1.17
2014.09.10 06:34:55.425,0.97529,0.9754,1.57,1.36
2014.09.10 06:34:55.981,0.97529,0.9754,1.00,1.57
2014.09.10 06:34:56.873,0.97531,0.97542,1.65,1.76
2014.09.10 06:34:57.439,0.97531,0.97542,1.20,1.76
2014.09.10 06:35:00.617,0.97531,0.97542,2.96,1.07
2014.09.10 06:35:00.871,0.97533,0.97543,1.84,1.10
2014.09.10 06:35:01.379,0.97533,0.97544,4.01,1.20
2014.09.10 06:35:01.431,0.97533,0.97543,1.10,2.32
2014.09.10 06:35:01.482,0.97533,0.97543,1.01,2.32
2014.09.10 06:35:01.533,0.97533,0.97544,1.01,2.21
2014.09.10 06:35:02.058,0.97533,0.97541,1.01,1.00
2014.09.10 06:35:03.658,0.97533,0.97541,1.10,1.00
2014.09.10 06:35:03.760,0.97533,0.97541,1.57,1.00
2014.09.10 06:35:03.862,0.97533,0.97541,1.10,1.00
2014.09.10 06:35:04.251,0.97533,0.97541,1.10,1.00
2014.09.10 06:35:04.789,0.97533,0.97541,1.01,1.00
2014.09.10 06:35:05.872,0.97533,0.97541,2.72,1.00
2014.09.10 06:35:05.923,0.97533,0.97543,2.72,1.00
2014.09.10 06:35:06.125,0.97535,0.97546,1.09,1.10
2014.09.10 06:35:06.641,0.97535,0.97546,4.81,1.10
2014.09.10 06:35:07.155,0.97535,0.97547,3.69,1.50
2014.09.10 06:35:07.206,0.97535,0.97545,3.34,1.10
2014.09.10 06:35:07.308,0.97535,0.97545,3.15,1.10
2014.09.10 06:35:07.857,0.97534,0.97545,1.01,1.57
2014.09.10 06:35:08.315,0.97534,0.97545,4.07,1.10
2014.09.10 06:35:08.568,0.97536,0.97547,1.12,1.00
2014.09.10 06:35:08.721,0.97535,0.97545,3.34,1.10
2014.09.10 06:35:09.710,0.97535,0.97547,6.03,1.00
2014.09.10 06:35:12.297,0.97535,0.97545,2.21,1.00
2014.09.10 06:35:12.739,0.97535,0.97547,2.96,3.15
2014.09.10 06:35:13.507,0.97535,0.97546,3.71,1.00
2014.09.10 06:35:15.132,0.97535,0.97546,5.14,1.00
2014.09.10 06:35:15.657,0.97535,0.97547,5.21,1.20
2014.09.10 06:35:19.451,0.97535,0.97546,5.21,1.00
2014.09.10 06:35:25.793,0.97536,0.97546,1.27,1.00
2014.09.10 06:35:25.945,0.97538,0.9755,1.16,1.25
2014.09.10 06:35:26.249,0.97538,0.9755,4.84,1.25
2014.09.10 06:35:26.756,0.9754,0.97551,1.27,1.00
2014.09.10 06:35:27.857,0.9754,0.9755,1.10,1.10
2014.09.10 06:35:28.875,0.97539,0.97549,1.65,1.00
2014.09.10 06:35:28.977,0.97539,0.97551,1.39,3.15
2014.09.10 06:35:29.028,0.9754,0.97549,2.55,1.00
2014.09.10 06:35:29.230,0.97542,0.97555,2.70,2.51
2014.09.10 06:35:29.460,0.97544,0.97555,2.92,1.50
2014.09.10 06:35:29.966,0.97546,0.97555,2.17,1.50
2014.09.10 06:35:31.209,0.97546,0.97557,3.34,1.00
2014.09.10 06:35:31.470,0.97546,0.97559,4.92,2.14
2014.09.10 06:35:32.192,0.97548,0.97559,2.96,1.10
2014.09.10 06:35:32.669,0.97546,0.97557,1.84,1.00
2014.09.10 06:35:32.719,0.97545,0.97557,2.21,1.57
2014.09.10 06:35:33.074,0.97546,0.97556,1.20,1.00
2014.09.10 06:35:33.377,0.97549,0.97556,1.12,1.00
2014.09.10 06:35:33.428,0.97549,0.97559,2.12,1.09
2014.09.10 06:35:34.096,0.97549,0.97559,2.32,1.09
2014.09.10 06:35:34.248,0.97547,0.97559,1.72,2.02
2014.09.10 06:35:35.377,0.97547,0.97559,1.00,1.57
2014.09.10 06:35:35.898,0.97547,0.97559,1.50,1.20
2014.09.10 06:35:36.387,0.97547,0.97559,1.20,1.65
2014.09.10 06:35:37.552,0.97548,0.97559,1.50,1.65
2014.09.10 06:35:37.948,0.97548,0.97558,1.10,1.20
2014.09.10 06:35:38.202,0.97547,0.97557,1.00,1.65
2014.09.10 06:35:38.404,0.97545,0.97555,3.07,1.20
2014.09.10 06:35:39.330,0.97545,0.97555,1.87,1.20
2014.09.10 06:35:42.316,0.97546,0.97555,2.62,1.20
2014.09.10 06:35:43.925,0.97546,0.97555,1.50,1.20
2014.09.10 06:35:45.941,0.97544,0.97555,3.07,1.27
2014.09.10 06:35:45.992,0.97544,0.97555,4.07,1.27
2014.09.10 06:35:46.194,0.97542,0.97554,2.32,2.21
2014.09.10 06:35:46.710,0.97542,0.97554,2.32,3.71
2014.09.10 06:35:47.325,0.97542,0.97554,2.32,3.71
2014.09.10 06:35:48.419,0.97542,0.97552,1.57,1.00
2014.09.10 06:35:48.934,0.97542,0.97552,1.10,1.76
2014.09.10 06:35:49.440,0.97541,0.97551,1.20,1.20
2014.09.10 06:35:49.541,0.9754,0.97549,1.17,1.00
2014.09.10 06:35:49.643,0.97539,0.97549,1.65,1.20
2014.09.10 06:35:51.746,0.97539,0.97551,1.50,3.71
2014.09.10 06:35:52.317,0.97539,0.97551,1.57,2.96
2014.09.10 06:35:55.745,0.97539,0.97547,1.10,1.00
2014.09.10 06:36:03.251,0.97539,0.97548,1.10,1.00
2014.09.10 06:36:09.670,0.97538,0.97548,1.00,1.00
2014.09.10 06:36:12.738,0.97538,0.97548,1.00,1.19
2014.09.10 06:36:12.991,0.97536,0.97546,1.10,3.64
2014.09.10 06:36:13.245,0.97536,0.97541,1.00,1.10
2014.09.10 06:36:13.297,0.97533,0.97541,1.15,1.10
2014.09.10 06:36:13.651,0.9753,0.97539,1.65,1.10
2014.09.10 06:36:13.702,0.9753,0.97539,1.10,1.10
2014.09.10 06:36:13.805,0.97528,0.97536,1.65,1.10
2014.09.10 06:36:14.340,0.97527,0.97536,1.09,1.10
2014.09.10 06:36:16.563,0.97527,0.97536,1.00,1.10
2014.09.10 06:36:17.089,0.97527,0.97536,1.50,1.10
2014.09.10 06:36:17.595,0.97526,0.97535,1.25,1.10
2014.09.10 06:36:17.950,0.97526,0.97538,1.69,3.22
2014.09.10 06:36:18.001,0.97526,0.97538,1.00,1.72
2014.09.10 06:36:18.205,0.97528,0.9754,2.21,1.00
2014.09.10 06:36:18.712,0.97529,0.9754,1.39,1.00
2014.09.10 06:36:19.218,0.97529,0.9754,2.87,1.17
2014.09.10 06:36:20.466,0.9753,0.9754,1.01,1.20
2014.09.10 06:36:22.013,0.9753,0.9754,2.46,1.00
2014.09.10 06:36:22.114,0.9753,0.97542,3.21,1.25
2014.09.10 06:36:22.266,0.97533,0.97544,1.69,1.00
2014.09.10 06:36:22.787,0.97534,0.97545,2.25,1.01
2014.09.10 06:36:25.376,0.97534,0.97545,3.25,3.07
2014.09.10 06:36:25.961,0.97534,0.97544,1.50,1.30
2014.09.10 06:36:26.677,0.97534,0.97544,2.25,1.09
2014.09.10 06:36:27.233,0.97532,0.97544,1.10,1.84
2014.09.10 06:36:35.093,0.97532,0.97544,4.01,1.65
2014.09.10 06:36:35.397,0.97535,0.97545,1.57,1.00
2014.09.10 06:36:35.701,0.97534,0.97543,2.32,1.10
2014.09.10 06:36:36.215,0.97534,0.97543,1.50,1.20
2014.09.10 06:36:36.731,0.97534,0.97543,2.25,1.20
2014.09.10 06:36:40.867,0.97534,0.97545,2.32,1.84
2014.09.10 06:36:42.091,0.97534,0.97545,2.57,1.84
2014.09.10 06:36:43.547,0.97534,0.97544,3.26,1.25
2014.09.10 06:36:43.884,0.97533,0.97541,1.65,1.10
2014.09.10 06:36:48.354,0.97533,0.97541,1.00,1.10
2014.09.10 06:36:49.767,0.97533,0.97541,1.50,1.10
2014.09.10 06:36:49.869,0.97533,0.97543,1.57,1.10
2014.09.10 06:36:50.428,0.97533,0.97542,1.00,1.09
2014.09.10 06:36:50.631,0.9753,0.97541,1.84,1.19
2014.09.10 06:36:51.723,0.9753,0.9754,1.10,1.19
2014.09.10 06:36:51.941,0.97527,0.97537,1.07,1.20
2014.09.10 06:36:51.992,0.97527,0.97537,1.00,2.02
2014.09.10 06:36:52.296,0.97525,0.97533,1.00,1.00
2014.09.10 06:36:52.398,0.97523,0.97532,1.10,1.57
2014.09.10 06:36:52.601,0.97521,0.97532,1.76,1.00
2014.09.10 06:36:52.754,0.97519,0.9753,1.84,1.00
2014.09.10 06:36:53.058,0.97518,0.97526,1.10,1.00
2014.09.10 06:36:53.210,0.97518,0.97529,1.95,1.32
2014.09.10 06:36:54.810,0.97518,0.97529,1.95,1.76
2014.09.10 06:36:54.912,0.97516,0.97527,2.25,1.84
2014.09.10 06:36:55.418,0.97516,0.97525,1.00,1.00
2014.09.10 06:36:58.652,0.97515,0.97525,1.31,1.25
2014.09.10 06:36:59.195,0.97513,0.97525,3.04,1.09
2014.09.10 06:36:59.782,0.97513,0.97525,2.14,1.17
2014.09.10 06:37:00.503,0.97513,0.97524,1.39,1.10
2014.09.10 06:37:00.555,0.97512,0.97523,2.14,1.07
2014.09.10 06:37:00.657,0.9751,0.9752,2.32,1.00
2014.09.10 06:37:01.163,0.97507,0.97519,1.71,1.50
2014.09.10 06:37:01.415,0.97507,0.97517,1.46,1.00
2014.09.10 06:37:01.921,0.97506,0.97518,1.46,1.00
2014.09.10 06:37:02.224,0.97507,0.97519,1.95,1.50
2014.09.10 06:37:02.529,0.97508,0.97521,2.70,2.59
2014.09.10 06:37:03.138,0.97508,0.9752,2.89,1.76
2014.09.10 06:37:03.543,0.97507,0.97517,2.14,1.07
2014.09.10 06:37:03.645,0.97507,0.97517,1.31,1.07
2014.09.10 06:37:04.426,0.97505,0.97515,1.09,1.00
2014.09.10 06:37:04.628,0.97503,0.97514,1.00,1.32
2014.09.10 06:37:05.055,0.97504,0.97511,2.25,1.00
2014.09.10 06:37:05.107,0.97505,0.97516,1.69,1.20
2014.09.10 06:37:05.968,0.97506,0.97519,1.57,4.84
2014.09.10 06:37:06.070,0.97507,0.97519,1.50,2.47
2014.09.10 06:37:06.222,0.97508,0.9752,3.45,1.76
2014.09.10 06:37:07.667,0.97508,0.9752,5.21,2.14
2014.09.10 06:37:07.870,0.97507,0.97519,3.71,2.77
2014.09.10 06:37:07.921,0.97507,0.97517,1.39,1.00
2014.09.10 06:37:08.276,0.97508,0.97517,1.65,1.00
2014.09.10 06:37:08.377,0.97508,0.97518,1.10,1.07
2014.09.10 06:37:08.428,0.97506,0.97515,1.57,1.00
2014.09.10 06:37:08.479,0.97505,0.97515,3.34,1.10
2014.09.10 06:37:08.530,0.97505,0.97513,2.51,1.00
2014.09.10 06:37:08.784,0.97502,0.97514,1.10,1.84
2014.09.10 06:37:08.936,0.97502,0.97515,4.71,2.59
2014.09.10 06:37:09.291,0.97503,0.97515,2.32,2.51
2014.09.10 06:37:09.798,0.97505,0.97516,1.57,1.01
2014.09.10 06:37:10.303,0.97505,0.97515,2.06,1.00
2014.09.10 06:37:10.607,0.97503,0.97514,1.19,1.10
2014.09.10 06:37:10.658,0.97501,0.97513,5.02,1.50
2014.09.10 06:37:10.861,0.975,0.97511,1.01,1.76
2014.09.10 06:37:11.164,0.975,0.9751,1.25,1.15
2014.09.10 06:37:12.074,0.97498,0.9751,2.51,1.27
2014.09.10 06:37:12.775,0.97497,0.97507,1.69,1.00
2014.09.10 06:37:13.297,0.97497,0.97508,3.51,1.20
2014.09.10 06:37:13.638,0.97497,0.97506,1.01,1.00
2014.09.10 06:37:14.398,0.97496,0.97506,1.19,2.02
2014.09.10 06:37:14.500,0.97495,0.97506,1.69,3.71
2014.09.10 06:37:14.716,0.97494,0.97505,1.69,3.56
2014.09.10 06:37:15.171,0.97494,0.97505,3.19,1.54
2014.09.10 06:37:15.709,0.97494,0.97504,3.00,1.00
2014.09.10 06:37:16.122,0.97493,0.97502,1.00,1.00
2014.09.10 06:37:16.627,0.97491,0.97503,1.46,1.31
2014.09.10 06:37:16.931,0.97491,0.97501,1.20,1.00
2014.09.10 06:37:17.464,0.97491,0.97501,1.10,1.19
2014.09.10 06:37:17.885,0.97491,0.97503,1.57,1.70
2014.09.10 06:37:19.100,0.9749,0.97501,1.09,1.12
2014.09.10 06:37:19.151,0.97489,0.97501,2.21,1.87
2014.09.10 06:37:19.202,0.97489,0.97501,1.65,3.56
2014.09.10 06:37:19.305,0.97487,0.97499,2.29,1.69
2014.09.10 06:37:19.459,0.97486,0.97498,1.00,3.45
2014.09.10 06:37:19.770,0.97488,0.97499,1.20,2.70
2014.09.10 06:37:20.275,0.97488,0.975,1.00,1.09
2014.09.10 06:37:20.720,0.97488,0.97496,1.10,1.00
2014.09.10 06:37:21.186,0.97487,0.97495,1.09,1.00
2014.09.10 06:37:21.389,0.97486,0.97492,1.20,1.00
2014.09.10 06:37:21.491,0.97484,0.97492,1.10,1.00
2014.09.10 06:37:21.997,0.97484,0.97491,1.00,1.00
2014.09.10 06:37:22.499,0.97484,0.97492,1.12,1.00
2014.09.10 06:37:23.387,0.97484,0.97493,1.12,1.00
2014.09.10 06:37:24.234,0.97484,0.97492,1.31,1.00
2014.09.10 06:37:24.591,0.97484,0.97494,1.31,1.69
2014.09.10 06:37:25.202,0.97485,0.97494,1.12,1.00
2014.09.10 06:37:25.454,0.97485,0.97497,4.35,1.29
2014.09.10 06:37:25.777,0.97486,0.97497,4.24,1.00
2014.09.10 06:37:26.082,0.97491,0.97497,1.01,1.00
2014.09.10 06:37:26.133,0.97491,0.97501,2.08,1.00
2014.09.10 06:37:26.335,0.97492,0.97503,1.01,1.25
2014.09.10 06:37:26.588,0.97492,0.97503,6.56,1.25
2014.09.10 06:37:27.137,0.97494,0.97503,4.42,1.25
2014.09.10 06:37:27.466,0.97494,0.97505,5.57,1.00
2014.09.10 06:37:28.496,0.97494,0.97504,2.67,1.37
2014.09.10 06:37:28.750,0.97487,0.97498,4.16,1.31
2014.09.10 06:37:28.903,0.97488,0.97498,2.36,1.00
2014.09.10 06:37:29.005,0.97488,0.975,2.77,1.31
2014.09.10 06:37:29.514,0.97489,0.975,3.60,1.31
2014.09.10 06:37:29.937,0.9749,0.97501,2.29,1.00
2014.09.10 06:37:30.453,0.9749,0.97501,1.25,1.20
2014.09.10 06:37:30.915,0.97489,0.97499,1.65,1.25
2014.09.10 06:37:31.219,0.97488,0.97497,1.00,1.25
2014.09.10 06:37:32.041,0.97487,0.97498,1.84,1.10
2014.09.10 06:37:32.345,0.9749,0.97499,1.46,1.00
2014.09.10 06:37:32.396,0.9749,0.97501,3.31,1.25
2014.09.10 06:37:32.447,0.97491,0.97501,2.92,1.25
2014.09.10 06:37:34.325,0.97491,0.97501,5.49,1.00
2014.09.10 06:37:34.477,0.97493,0.97504,1.65,1.25
2014.09.10 06:37:34.983,0.97495,0.97504,1.57,1.25
2014.09.10 06:37:35.555,0.97495,0.97504,2.57,1.19
2014.09.10 06:37:39.244,0.97495,0.97504,1.00,1.36
2014.09.10 06:37:40.143,0.97495,0.97504,1.00,1.84
2014.09.10 06:37:40.729,0.97495,0.97504,1.00,1.84
2014.09.10 06:37:41.846,0.97495,0.97504,1.00,1.84
2014.09.10 06:37:43.845,0.97495,0.97504,1.00,1.84
2014.09.10 06:37:48.048,0.97495,0.97504,1.50,1.09
2014.09.10 06:37:48.600,0.97495,0.97504,1.50,1.84
2014.09.10 06:37:50.158,0.97495,0.97504,1.50,1.09
2014.09.10 06:37:51.267,0.97495,0.97504,2.57,1.09
2014.09.10 06:37:52.807,0.97495,0.97504,1.00,1.09
2014.09.10 06:37:54.477,0.97495,0.97504,2.50,1.09
2014.09.10 06:37:55.573,0.97496,0.97505,1.01,1.50
2014.09.10 06:37:55.674,0.97496,0.97505,2.84,1.00
2014.09.10 06:37:55.826,0.97496,0.97509,3.04,1.19
2014.09.10 06:37:56.283,0.97496,0.97508,1.50,2.51
2014.09.10 06:37:56.717,0.97496,0.97507,1.50,2.06
2014.09.10 06:37:57.277,0.97496,0.97507,1.00,3.64
2014.09.10 06:37:57.378,0.97495,0.97505,1.57,1.50
2014.09.10 06:37:57.581,0.97495,0.97503,1.00,1.00
2014.09.10 06:37:58.121,0.97494,0.97503,1.00,1.00
2014.09.10 06:37:59.986,0.97494,0.97503,1.57,1.32
2014.09.10 06:38:00.340,0.97493,0.975,1.00,1.00
2014.09.10 06:38:00.986,0.97492,0.975,1.00,1.00
2014.09.10 06:38:05.937,0.97491,0.97498,1.27,1.25
2014.09.10 06:38:06.038,0.97489,0.97497,1.00,1.20
2014.09.10 06:38:06.089,0.97487,0.97497,1.50,1.20
2014.09.10 06:38:06.505,0.97485,0.97496,3.07,1.62
2014.09.10 06:38:06.808,0.97483,0.97492,1.65,1.10
2014.09.10 06:38:06.859,0.97483,0.97492,1.10,1.10
2014.09.10 06:38:09.697,0.97481,0.97493,2.96,1.31
2014.09.10 06:38:10.233,0.97481,0.97493,2.21,2.06
2014.09.10 06:38:10.776,0.97481,0.97493,2.46,1.31
2014.09.10 06:38:11.322,0.97481,0.97493,3.21,1.31
2014.09.10 06:38:11.840,0.97481,0.97491,2.06,1.10
2014.09.10 06:38:13.760,0.97481,0.97493,2.14,1.39
2014.09.10 06:38:14.300,0.97481,0.97493,1.39,1.39
2014.09.10 06:38:14.811,0.97481,0.97492,1.39,1.00
2014.09.10 06:38:15.323,0.97481,0.97491,1.01,1.00
2014.09.10 06:38:15.627,0.9748,0.9749,1.10,1.29
2014.09.10 06:38:16.138,0.9748,0.9749,1.00,1.29
2014.09.10 06:38:17.929,0.9748,0.97491,1.00,2.59
2014.09.10 06:38:22.356,0.9748,0.97491,1.00,1.84
2014.09.10 06:38:23.542,0.9748,0.97491,1.00,2.59
2014.09.10 06:38:26.288,0.9748,0.9749,1.00,3.41
2014.09.10 06:38:26.389,0.9748,0.9749,1.00,3.34
2014.09.10 06:38:27.107,0.9748,0.9749,3.79,1.50
2014.09.10 06:38:27.159,0.97481,0.9749,1.20,1.50
2014.09.10 06:38:27.311,0.97483,0.97495,1.31,3.45
2014.09.10 06:38:27.564,0.97482,0.97492,1.10,1.10
2014.09.10 06:38:27.616,0.97482,0.97492,1.00,1.57
2014.09.10 06:38:27.667,0.9748,0.97491,1.20,1.37
2014.09.10 06:38:28.173,0.97478,0.97489,1.39,2.32
2014.09.10 06:38:28.578,0.97478,0.9749,1.84,1.95
2014.09.10 06:38:29.092,0.97479,0.97489,1.84,1.50
2014.09.10 06:38:29.547,0.97479,0.97491,4.06,1.00
2014.09.10 06:38:30.830,0.97479,0.9749,2.21,1.00
2014.09.10 06:38:31.784,0.97479,0.9749,2.21,1.00
2014.09.10 06:38:32.170,0.97478,0.97488,2.89,1.50
2014.09.10 06:38:32.683,0.97478,0.97487,2.89,1.00
2014.09.10 06:38:33.378,0.97478,0.97489,3.20,1.01
2014.09.10 06:38:33.976,0.97478,0.9749,3.34,2.06
2014.09.10 06:38:34.305,0.97478,0.97488,2.21,1.00
2014.09.10 06:38:34.811,0.97478,0.97488,1.00,2.51
2014.09.10 06:38:36.704,0.97478,0.97486,1.07,1.10
2014.09.10 06:38:36.806,0.97474,0.97486,5.14,1.10
2014.09.10 06:38:37.008,0.97474,0.97483,2.39,1.00
2014.09.10 06:38:37.541,0.97474,0.97483,1.19,1.00
2014.09.10 06:38:38.643,0.97474,0.97485,1.10,1.76
2014.09.10 06:38:40.295,0.97474,0.97485,2.67,1.25
2014.09.10 06:38:41.147,0.97475,0.97486,3.70,1.19
2014.09.10 06:38:41.400,0.9748,0.97489,1.39,1.00
2014.09.10 06:38:41.906,0.97481,0.9749,1.27,1.00
2014.09.10 06:38:42.433,0.9748,0.9749,1.17,1.00
2014.09.10 06:38:43.419,0.97479,0.97489,1.15,1.10
2014.09.10 06:38:43.470,0.97478,0.97489,1.10,1.20
2014.09.10 06:38:43.572,0.97478,0.97488,1.10,1.62
2014.09.10 06:38:43.775,0.97476,0.97487,1.25,1.39
2014.09.10 06:38:44.055,0.97476,0.97486,1.00,1.69
2014.09.10 06:38:44.697,0.97475,0.97486,1.84,1.69
2014.09.10 06:38:45.110,0.97475,0.97486,1.20,1.25
2014.09.10 06:38:45.161,0.97476,0.97486,1.27,1.25
2014.09.10 06:38:45.263,0.97477,0.97488,3.00,1.00
2014.09.10 06:38:45.365,0.9748,0.97489,2.92,1.50
2014.09.10 06:38:45.619,0.97481,0.97491,3.19,1.25
2014.09.10 06:38:45.872,0.97481,0.97491,1.84,1.76
2014.09.10 06:38:46.395,0.9748,0.9749,1.84,1.10
2014.09.10 06:38:47.135,0.9748,0.97491,1.84,2.14
2014.09.10 06:38:47.237,0.9748,0.97488,1.57,1.00
2014.09.10 06:38:47.339,0.97479,0.97488,1.65,1.00
2014.09.10 06:38:47.922,0.97479,0.97489,2.40,1.00
2014.09.10 06:38:49.158,0.97479,0.97489,2.59,1.25
2014.09.10 06:38:52.234,0.97479,0.9749,1.65,1.31
2014.09.10 06:38:53.169,0.97479,0.9749,1.65,1.31
2014.09.10 06:38:53.271,0.97479,0.97489,1.00,2.70
2014.09.10 06:38:53.322,0.97476,0.97486,1.10,1.12
2014.09.10 06:38:53.373,0.97476,0.97485,1.00,1.37
2014.09.10 06:38:54.083,0.97476,0.97485,1.00,1.00
2014.09.10 06:38:54.591,0.97476,0.97488,2.01,1.31
2014.09.10 06:38:54.642,0.97476,0.97489,2.90,3.71
2014.09.10 06:38:55.485,0.97476,0.97489,2.90,3.71
2014.09.10 06:38:55.637,0.97475,0.97485,1.01,1.10
2014.09.10 06:38:55.738,0.97473,0.97483,2.59,1.00
2014.09.10 06:38:55.789,0.97473,0.97483,1.76,1.20
2014.09.10 06:38:56.344,0.97474,0.97484,1.50,1.45
2014.09.10 06:38:56.547,0.97473,0.97485,1.76,1.47
2014.09.10 06:38:58.387,0.97474,0.97486,1.69,1.47
2014.09.10 06:38:58.589,0.97474,0.97487,3.15,2.96
2014.09.10 06:38:59.115,0.97475,0.97486,1.50,1.95
2014.09.10 06:38:59.470,0.97473,0.97485,1.69,5.89
2014.09.10 06:39:01.334,0.97473,0.97485,1.00,4.39
2014.09.10 06:39:01.385,0.97473,0.97485,2.01,1.46
2014.09.10 06:39:01.486,0.97474,0.97485,2.32,1.70
2014.09.10 06:39:03.060,0.97475,0.97485,2.25,1.45
2014.09.10 06:39:04.214,0.97475,0.97485,4.01,1.00
2014.09.10 06:39:04.315,0.97475,0.97487,3.59,1.46
2014.09.10 06:39:13.728,0.97475,0.97486,3.41,1.00
2014.09.10 06:39:14.293,0.97475,0.97487,3.41,1.31
2014.09.10 06:39:14.648,0.97477,0.97487,1.50,1.31
2014.09.10 06:39:15.536,0.97478,0.9749,1.57,2.14
2014.09.10 06:39:15.638,0.97478,0.97489,1.84,2.06
2014.09.10 06:39:15.740,0.97478,0.97489,1.76,2.06
2014.09.10 06:39:16.248,0.97478,0.97488,2.59,1.25
2014.09.10 06:39:17.154,0.97478,0.9749,2.40,3.56
2014.09.10 06:39:18.863,0.97478,0.9749,3.34,3.56
2014.09.10 06:39:18.964,0.97479,0.9749,1.46,1.69
2014.09.10 06:39:19.066,0.9748,0.97491,1.09,1.00
2014.09.10 06:39:19.167,0.9748,0.97491,1.00,1.37
2014.09.10 06:39:19.269,0.9748,0.97491,1.17,1.00
2014.09.10 06:39:20.646,0.9748,0.97491,1.00,1.00
2014.09.10 06:39:21.178,0.97479,0.97491,1.69,2.02
2014.09.10 06:39:21.330,0.97478,0.97489,1.76,1.65
2014.09.10 06:39:22.068,0.97478,0.97489,1.01,1.50
2014.09.10 06:39:23.162,0.97478,0.97489,1.76,1.25
2014.09.10 06:39:24.179,0.97478,0.97489,1.76,1.25
2014.09.10 06:39:30.190,0.97478,0.9749,2.51,1.57
2014.09.10 06:39:30.393,0.97478,0.97492,9.64,1.87
2014.09.10 06:39:30.899,0.9748,0.9749,1.57,1.37
2014.09.10 06:39:31.001,0.9748,0.97488,1.00,1.10
2014.09.10 06:39:31.153,0.97478,0.97488,1.00,1.95
2014.09.10 06:39:31.205,0.97478,0.97486,1.00,1.00
2014.09.10 06:39:31.407,0.97476,0.97486,1.25,1.00
2014.09.10 06:39:34.592,0.97476,0.97487,1.00,1.20
2014.09.10 06:39:35.395,0.97476,0.97487,3.96,1.10
2014.09.10 06:39:35.699,0.97478,0.97491,1.84,2.21
2014.09.10 06:39:36.234,0.97478,0.9749,3.68,1.01
2014.09.10 06:39:37.218,0.9748,0.97492,1.50,1.76
2014.09.10 06:39:38.197,0.97481,0.97492,2.40,1.01
2014.09.10 06:39:40.778,0.97481,0.97492,2.86,1.10
2014.09.10 06:39:40.980,0.97485,0.97496,2.25,1.20
2014.09.10 06:39:41.234,0.97484,0.97494,1.76,1.10
2014.09.10 06:39:41.703,0.97482,0.97493,1.00,1.10
2014.09.10 06:39:41.906,0.97482,0.97492,1.00,1.69
2014.09.10 06:39:42.210,0.9748,0.9749,1.47,1.32
2014.09.10 06:39:42.514,0.97477,0.97488,1.56,1.15
2014.09.10 06:39:42.616,0.97477,0.97488,1.19,1.65
2014.09.10 06:39:42.717,0.97475,0.97487,4.09,1.65
2014.09.10 06:39:43.222,0.97474,0.97486,2.59,2.14
2014.09.10 06:39:43.766,0.97474,0.97486,7.83,1.31
2014.09.10 06:39:44.128,0.97474,0.97486,4.91,1.31
2014.09.10 06:39:45.527,0.97474,0.97487,6.99,2.44
2014.09.10 06:39:45.833,0.97478,0.97488,1.01,1.25
2014.09.10 06:39:46.811,0.97478,0.97489,1.57,1.10
2014.09.10 06:39:47.115,0.9748,0.97492,1.65,2.89
2014.09.10 06:39:47.418,0.9748,0.97491,6.56,1.00
2014.09.10 06:39:47.470,0.9748,0.97492,2.84,2.81
2014.09.10 06:39:47.623,0.9748,0.97491,1.20,1.69
2014.09.10 06:39:51.783,0.9748,0.97491,2.84,1.76
2014.09.10 06:39:52.188,0.97482,0.97493,6.11,1.00
2014.09.10 06:39:52.290,0.97482,0.97496,9.93,5.14
2014.09.10 06:39:52.644,0.97487,0.97498,3.75,1.19
2014.09.10 06:39:53.151,0.97487,0.97498,1.65,1.69
2014.09.10 06:39:53.728,0.97487,0.97499,1.65,5.81
2014.09.10 06:39:53.947,0.97486,0.97497,1.84,1.62
2014.09.10 06:39:54.150,0.97486,0.97497,4.26,2.14
2014.09.10 06:39:54.303,0.97488,0.97499,1.09,1.50
2014.09.10 06:39:54.866,0.97488,0.975,2.94,1.31
2014.09.10 06:39:55.394,0.97488,0.975,1.65,1.31
2014.09.10 06:39:55.699,0.97487,0.97499,1.01,1.39
2014.09.10 06:39:55.902,0.97487,0.975,2.09,1.31
2014.09.10 06:39:56.054,0.97491,0.97502,4.20,1.00
2014.09.10 06:39:56.207,0.97493,0.97503,1.95,1.10
2014.09.10 06:39:56.613,0.97493,0.97504,4.26,1.25
2014.09.10 06:39:57.119,0.97492,0.97504,1.69,1.17
2014.09.10 06:39:57.170,0.97492,0.97504,1.25,4.76
2014.09.10 06:39:57.473,0.97487,0.97493,1.57,1.00
2014.09.10 06:39:57.777,0.97479,0.97488,1.57,1.17
2014.09.10 06:39:57.829,0.97479,0.97485,1.00,1.00
2014.09.10 06:39:57.880,0.97477,0.97486,1.00,1.95
2014.09.10 06:39:58.235,0.97474,0.97486,3.34,1.57
2014.09.10 06:39:58.336,0.97474,0.97485,2.86,1.50
2014.09.10 06:39:58.438,0.97474,0.97484,2.59,1.00
2014.09.10 06:39:59.075,0.97473,0.97484,1.46,1.57
2014.09.10 06:39:59.582,0.97473,0.97483,1.10,1.00
2014.09.10 06:39:59.684,0.97472,0.97483,1.57,1.76
2014.09.10 06:40:00.190,0.97471,0.97481,2.21,1.00
2014.09.10 06:40:00.715,0.97471,0.97483,3.41,1.36
2014.09.10 06:40:01.070,0.97471,0.97483,8.21,1.00
2014.09.10 06:40:01.478,0.97471,0.97483,4.53,1.00
2014.09.10 06:40:02.252,0.97471,0.97481,1.76,1.00
2014.09.10 06:40:02.772,0.97471,0.9748,1.32,1.00
2014.09.10 06:40:02.873,0.9747,0.9748,1.50,2.02
2014.09.10 06:40:03.025,0.97467,0.97477,2.59,1.00
2014.09.10 06:40:03.531,0.97467,0.97476,2.21,1.00
2014.09.10 06:40:03.784,0.97467,0.97479,3.26,1.69
2014.09.10 06:40:04.434,0.97467,0.97479,5.03,1.31
2014.09.10 06:40:04.687,0.9747,0.9748,1.09,1.10
2014.09.10 06:40:04.940,0.9747,0.97482,5.78,1.00
2014.09.10 06:40:05.459,0.9747,0.97482,7.68,1.00
2014.09.10 06:40:05.938,0.9747,0.9748,3.00,2.02
2014.09.10 06:40:05.990,0.9747,0.9748,1.00,2.29
2014.09.10 06:40:06.344,0.97468,0.97478,1.31,1.00
2014.09.10 06:40:06.861,0.97468,0.97479,1.25,3.15
2014.09.10 06:40:07.165,0.97467,0.97473,1.00,1.25
2014.09.10 06:40:07.698,0.97466,0.97473,1.00,1.25
2014.09.10 06:40:08.102,0.97464,0.97473,1.00,1.25
2014.09.10 06:40:08.634,0.97464,0.97473,1.00,1.00
2014.09.10 06:40:08.786,0.97466,0.97477,1.69,1.07
2014.09.10 06:40:08.888,0.97466,0.97479,3.71,3.26
2014.09.10 06:40:09.191,0.97466,0.97479,5.96,2.51
2014.09.10 06:40:09.698,0.97468,0.9748,2.29,2.21
2014.09.10 06:40:10.711,0.97468,0.97481,2.85,3.64
2014.09.10 06:40:10.964,0.97467,0.97479,1.50,2.21
2014.09.10 06:40:11.368,0.97467,0.9748,1.00,4.54
2014.09.10 06:40:11.673,0.97469,0.9748,2.25,1.40
2014.09.10 06:40:11.775,0.97469,0.97479,3.35,1.10
2014.09.10 06:40:12.230,0.97468,0.97478,1.57,2.14
2014.09.10 06:40:12.737,0.97468,0.97476,1.00,2.21
2014.09.10 06:40:12.863,0.97466,0.97476,1.00,2.21
2014.09.10 06:40:13.186,0.97466,0.97471,1.00,1.00
2014.09.10 06:40:13.287,0.97464,0.97474,1.17,1.31
2014.09.10 06:40:13.794,0.97464,0.97475,1.00,2.96
2014.09.10 06:40:13.996,0.97464,0.97475,2.67,1.25
2014.09.10 06:40:14.401,0.97464,0.97475,1.57,1.36
2014.09.10 06:40:14.834,0.97465,0.97475,1.57,1.10
2014.09.10 06:40:15.138,0.97465,0.97478,6.71,2.51
2014.09.10 06:40:15.441,0.97465,0.97475,1.17,1.10
2014.09.10 06:40:15.694,0.97461,0.97471,2.10,1.00
2014.09.10 06:40:16.099,0.97459,0.97469,3.90,1.00
2014.09.10 06:40:16.644,0.97459,0.97469,1.84,1.00
2014.09.10 06:40:16.948,0.9746,0.97471,1.01,1.95
2014.09.10 06:40:17.486,0.9746,0.97471,2.11,2.14
2014.09.10 06:40:17.907,0.9746,0.9747,1.32,2.06
2014.09.10 06:40:18.362,0.97458,0.97468,1.50,1.36
2014.09.10 06:40:19.431,0.97457,0.97466,1.00,1.25
2014.09.10 06:40:19.963,0.97457,0.97466,1.57,1.46
2014.09.10 06:40:20.572,0.97457,0.97465,1.10,4.39
2014.09.10 06:40:20.826,0.97457,0.97466,1.10,1.31
2014.09.10 06:40:21.180,0.97456,0.97465,1.15,2.06
2014.09.10 06:40:21.332,0.97456,0.97465,1.10,2.81
2014.09.10 06:40:21.544,0.97456,0.97466,1.00,3.52
2014.09.10 06:40:21.899,0.97456,0.97464,1.10,1.69
2014.09.10 06:40:21.950,0.97456,0.97462,1.00,1.00
2014.09.10 06:40:22.001,0.97454,0.97462,1.10,1.50
2014.09.10 06:40:22.520,0.97454,0.97463,1.10,1.01
2014.09.10 06:40:22.673,0.97454,0.97465,1.72,1.69
2014.09.10 06:40:23.160,0.97455,0.97464,1.65,1.00
2014.09.10 06:40:23.362,0.97455,0.97464,1.00,1.20
2014.09.10 06:40:23.464,0.97455,0.9746,1.00,1.00
2014.09.10 06:40:23.666,0.97451,0.9746,1.00,1.20
2014.09.10 06:40:23.869,0.97447,0.97457,3.15,1.00
2014.09.10 06:40:24.223,0.97448,0.97458,1.57,1.07
2014.09.10 06:40:24.478,0.97448,0.97459,3.42,1.25
2014.09.10 06:40:24.528,0.97448,0.97459,3.42,1.25
2014.09.10 06:40:24.992,0.97448,0.9746,2.75,1.66
2014.09.10 06:40:25.194,0.97448,0.97459,2.60,2.14
2014.09.10 06:40:25.750,0.97448,0.97457,2.32,1.37
2014.09.10 06:40:26.262,0.97448,0.97454,1.10,1.00
2014.09.10 06:40:26.313,0.97446,0.97454,1.50,1.00
2014.09.10 06:40:26.719,0.97443,0.97453,1.10,1.10
2014.09.10 06:40:26.820,0.97443,0.97453,4.19,1.57
2014.09.10 06:40:27.133,0.97447,0.97457,1.50,1.64
2014.09.10 06:40:27.388,0.97447,0.97459,2.67,2.89
2014.09.10 06:40:27.619,0.97447,0.9746,3.50,2.96
2014.09.10 06:40:28.078,0.97449,0.9746,2.25,1.50
2014.09.10 06:40:28.382,0.97455,0.97464,3.07,1.50
2014.09.10 06:40:28.687,0.97457,0.97464,1.50,1.50
2014.09.10 06:40:28.941,0.97457,0.97464,1.10,1.50
2014.09.10 06:40:29.476,0.97457,0.97467,1.20,1.19
2014.09.10 06:40:29.687,0.97457,0.9747,3.40,1.47
2014.09.10 06:40:29.738,0.97457,0.97471,4.34,1.10
2014.09.10 06:40:29.788,0.97462,0.97471,2.92,1.00
2014.09.10 06:40:30.092,0.97464,0.97476,2.25,1.69
2014.09.10 06:40:30.599,0.97467,0.97479,2.59,1.56
2014.09.10 06:40:30.700,0.97467,0.97479,2.66,1.64
2014.09.10 06:40:31.290,0.97467,0.9748,3.97,2.14
2014.09.10 06:40:31.493,0.97468,0.97481,1.69,2.89
2014.09.10 06:40:31.544,0.97469,0.97481,2.40,2.44
2014.09.10 06:40:32.077,0.9747,0.97481,1.12,1.19
2014.09.10 06:40:32.405,0.97471,0.97484,3.37,2.89
2014.09.10 06:40:32.457,0.97471,0.97483,5.88,1.84
2014.09.10 06:40:32.660,0.97471,0.97482,1.00,2.02
2014.09.10 06:40:32.965,0.97471,0.97483,2.85,3.15
2014.09.10 06:40:33.168,0.97472,0.97481,1.35,1.07
2014.09.10 06:40:33.269,0.97472,0.97482,1.60,1.00
2014.09.10 06:40:33.320,0.97472,0.97484,3.47,1.36
2014.09.10 06:40:33.675,0.97473,0.97483,1.65,1.01
2014.09.10 06:40:33.878,0.97474,0.97483,1.50,1.01
2014.09.10 06:40:34.181,0.97474,0.97486,2.75,1.65
2014.09.10 06:40:34.232,0.97474,0.97486,2.59,3.71
2014.09.10 06:40:34.283,0.97474,0.97486,4.64,2.96
2014.09.10 06:40:34.486,0.97476,0.97486,1.50,1.50
2014.09.10 06:40:34.739,0.97476,0.97484,1.00,1.00
2014.09.10 06:40:34.943,0.97472,0.97479,1.00,1.00
2014.09.10 06:40:35.146,0.9747,0.97479,1.20,1.25
2014.09.10 06:40:35.299,0.9747,0.97479,1.00,1.00
2014.09.10 06:40:35.401,0.97472,0.97481,2.44,1.00
2014.09.10 06:40:35.503,0.97473,0.97483,1.39,1.57
2014.09.10 06:40:35.554,0.97473,0.97483,3.24,1.00
2014.09.10 06:40:35.886,0.97473,0.97484,1.10,1.50
2014.09.10 06:40:36.089,0.97473,0.97484,1.10,1.84
2014.09.10 06:40:36.597,0.97473,0.97484,3.78,1.31
2014.09.10 06:40:36.648,0.97474,0.97484,1.39,1.25
2014.09.10 06:40:36.852,0.97475,0.97486,2.25,1.39
2014.09.10 06:40:37.055,0.97475,0.97484,1.00,1.00
2014.09.10 06:40:37.604,0.97475,0.97485,1.00,1.46
2014.09.10 06:40:37.705,0.97475,0.97487,1.17,1.87
2014.09.10 06:40:38.212,0.97476,0.97487,3.67,1.25
2014.09.10 06:40:38.431,0.97476,0.97486,2.32,1.19
2014.09.10 06:40:38.636,0.97476,0.97484,1.10,1.19
2014.09.10 06:40:38.793,0.97478,0.97488,1.57,1.10
2014.09.10 06:40:39.047,0.97478,0.97489,3.40,1.26
2014.09.10 06:40:39.351,0.97482,0.97492,1.50,2.14
2014.09.10 06:40:39.403,0.97482,0.97492,2.32,2.06
2014.09.10 06:40:39.910,0.97481,0.9749,1.57,2.89
2014.09.10 06:40:40.340,0.97481,0.97492,2.51,1.15
2014.09.10 06:40:40.392,0.97482,0.97492,1.50,1.15
2014.09.10 06:40:40.595,0.97482,0.97495,2.65,2.96
2014.09.10 06:40:40.646,0.97482,0.97495,1.57,2.96
2014.09.10 06:40:42.267,0.97482,0.97494,2.60,2.21
2014.09.10 06:40:42.469,0.97481,0.97492,1.10,2.21
2014.09.10 06:40:42.571,0.97481,0.9749,1.10,1.19
2014.09.10 06:40:43.544,0.97481,0.9749,1.10,1.25
2014.09.10 06:40:44.072,0.97481,0.97492,1.25,2.06
2014.09.10 06:40:44.578,0.97481,0.97492,1.25,1.31
2014.09.10 06:40:45.137,0.97481,0.97491,1.10,1.25
2014.09.10 06:40:45.454,0.97481,0.97491,2.41,1.00
2014.09.10 06:40:45.961,0.97481,0.9749,1.10,1.00
2014.09.10 06:40:48.084,0.97481,0.97491,1.19,1.17
2014.09.10 06:40:48.388,0.97481,0.97487,1.10,1.10
2014.09.10 06:40:48.440,0.97478,0.97484,1.00,1.00
2014.09.10 06:40:48.491,0.97476,0.97482,1.10,1.25
2014.09.10 06:40:48.745,0.97477,0.97486,1.12,1.17
2014.09.10 06:40:48.846,0.97477,0.97487,1.57,1.76
2014.09.10 06:40:48.897,0.97477,0.97484,1.10,1.00
2014.09.10 06:40:49.049,0.97474,0.97484,1.57,1.17
2014.09.10 06:40:49.454,0.97474,0.97485,1.10,1.57
2014.09.10 06:40:49.558,0.97474,0.97485,5.66,1.00
2014.09.10 06:40:50.064,0.97474,0.97486,4.91,3.07
2014.09.10 06:40:50.597,0.97474,0.97485,4.91,1.00
2014.09.10 06:40:51.065,0.97477,0.97488,2.44,1.65
2014.09.10 06:40:51.116,0.97478,0.97489,1.01,2.06
2014.09.10 06:40:51.622,0.97479,0.97491,1.69,1.65
2014.09.10 06:40:52.366,0.9748,0.97491,3.00,2.02
2014.09.10 06:40:53.006,0.9748,0.97489,1.19,1.00
2014.09.10 06:40:53.260,0.97479,0.97489,1.19,2.02
2014.09.10 06:40:53.311,0.97477,0.97487,1.57,1.10
2014.09.10 06:40:53.817,0.97476,0.97486,1.25,1.00
2014.09.10 06:40:54.020,0.97474,0.97485,1.19,2.77
2014.09.10 06:40:54.172,0.97473,0.97484,2.02,1.07
2014.09.10 06:40:54.476,0.97471,0.97482,1.00,2.02
2014.09.10 06:40:54.780,0.97468,0.97478,1.00,2.21
2014.09.10 06:40:54.831,0.97466,0.97477,1.27,1.25
2014.09.10 06:40:54.933,0.97466,0.97478,1.12,3.64
2014.09.10 06:40:57.713,0.97465,0.97477,4.16,1.46
2014.09.10 06:40:58.227,0.97465,0.97477,3.41,1.25
2014.09.10 06:40:59.145,0.97466,0.97477,1.84,1.00
2014.09.10 06:41:00.273,0.97466,0.97477,2.69,2.02
2014.09.10 06:41:00.636,0.97468,0.97479,3.11,1.10
2014.09.10 06:41:00.737,0.97468,0.97481,5.76,1.00
2014.09.10 06:41:01.242,0.97468,0.9748,2.59,1.00
2014.09.10 06:41:01.445,0.97468,0.97478,1.00,1.25
2014.09.10 06:41:01.495,0.97468,0.97478,1.57,1.25
2014.09.10 06:41:01.647,0.97468,0.97476,1.10,1.10
2014.09.10 06:41:01.749,0.97467,0.97478,1.12,1.76
2014.09.10 06:41:02.294,0.97467,0.97477,1.00,1.69
2014.09.10 06:41:03.008,0.97467,0.97477,1.00,1.25
2014.09.10 06:41:03.261,0.97469,0.97478,2.92,1.19
2014.09.10 06:41:03.312,0.97469,0.9748,6.18,1.69
2014.09.10 06:41:03.718,0.97469,0.97482,7.50,1.76
2014.09.10 06:41:03.921,0.97469,0.97478,6.74,1.10
2014.09.10 06:41:04.175,0.97469,0.9748,3.05,1.00
2014.09.10 06:41:04.377,0.97469,0.97476,1.07,1.10
2014.09.10 06:41:04.683,0.97465,0.97471,1.10,1.00
2014.09.10 06:41:05.088,0.97461,0.97471,1.57,1.50
2014.09.10 06:41:05.140,0.97461,0.97469,1.10,1.10
2014.09.10 06:41:05.443,0.97461,0.97471,1.10,1.57
2014.09.10 06:41:05.949,0.97462,0.97472,1.12,1.00
2014.09.10 06:41:05.999,0.97463,0.97475,6.60,3.07
2014.09.10 06:41:06.101,0.97463,0.97477,6.64,3.82
2014.09.10 06:41:06.203,0.97467,0.97477,1.57,1.10
2014.09.10 06:41:06.709,0.97467,0.97478,1.25,1.65
2014.09.10 06:41:07.417,0.97466,0.97478,2.44,1.65
2014.09.10 06:41:07.785,0.97467,0.97478,1.12,1.20
2014.09.10 06:41:07.886,0.97467,0.97478,3.63,1.65
2014.09.10 06:41:08.192,0.97467,0.97474,1.10,1.09
2014.09.10 06:41:08.243,0.97462,0.97474,3.94,1.84
2014.09.10 06:41:08.395,0.97462,0.97472,1.50,1.65
2014.09.10 06:41:09.491,0.97462,0.97472,1.00,1.00
2014.09.10 06:41:10.067,0.97462,0.97474,1.00,1.65
2014.09.10 06:41:11.774,0.97462,0.97472,1.25,1.00
2014.09.10 06:41:12.281,0.97461,0.97471,1.19,1.10
2014.09.10 06:41:12.332,0.9746,0.97469,1.29,1.00
2014.09.10 06:41:12.383,0.97459,0.97469,1.10,1.50
2014.09.10 06:41:12.434,0.97457,0.97466,1.15,1.00
2014.09.10 06:41:12.739,0.97457,0.97468,4.46,1.50
2014.09.10 06:41:12.891,0.97458,0.9747,2.02,1.00
2014.09.10 06:41:13.426,0.97459,0.97471,3.45,1.10
2014.09.10 06:41:13.975,0.97459,0.97471,4.02,1.09
2014.09.10 06:41:14.863,0.97459,0.97471,3.96,1.09
2014.09.10 06:41:15.393,0.97459,0.97471,3.27,1.20
2014.09.10 06:41:15.495,0.97459,0.97467,3.02,1.00
2014.09.10 06:41:15.749,0.97454,0.97462,1.00,1.00
2014.09.10 06:41:15.852,0.9745,0.97459,1.20,1.00
2014.09.10 06:41:16.105,0.9745,0.9746,2.84,1.00
2014.09.10 06:41:16.359,0.97451,0.97463,2.32,1.10
2014.09.10 06:41:16.613,0.97454,0.97465,1.57,1.50
2014.09.10 06:41:16.815,0.97455,0.97468,1.65,2.32
2014.09.10 06:41:17.068,0.97456,0.97468,3.71,1.10
2014.09.10 06:41:17.372,0.97456,0.97468,3.71,1.00
2014.09.10 06:41:17.878,0.97456,0.97468,1.25,2.47
2014.09.10 06:41:18.384,0.97456,0.97466,1.25,1.00
2014.09.10 06:41:18.637,0.97456,0.97468,2.39,1.57
2014.09.10 06:41:19.165,0.97457,0.97468,2.32,1.57
2014.09.10 06:41:21.851,0.97458,0.97468,1.84,1.00
2014.09.10 06:41:21.902,0.97458,0.9747,2.94,1.65
2014.09.10 06:41:22.409,0.97459,0.97471,2.51,2.89
2014.09.10 06:41:22.982,0.97459,0.97471,4.08,2.51
2014.09.10 06:41:23.522,0.97459,0.97471,4.76,2.59
2014.09.10 06:41:26.678,0.97459,0.97469,1.10,1.00
2014.09.10 06:41:26.729,0.97459,0.97469,1.25,1.00
2014.09.10 06:41:27.235,0.97459,0.9747,1.10,1.29
2014.09.10 06:41:27.991,0.97459,0.97471,3.34,1.09
2014.09.10 06:41:28.530,0.97459,0.97471,4.46,1.32
2014.09.10 06:41:28.581,0.97463,0.97472,1.20,1.29
2014.09.10 06:41:28.632,0.97464,0.97474,1.20,1.00
2014.09.10 06:41:28.683,0.97466,0.97475,3.00,1.10
2014.09.10 06:41:28.835,0.97466,0.97477,6.96,1.00
2014.09.10 06:41:29.777,0.97466,0.97478,6.71,1.50
2014.09.10 06:41:29.980,0.97468,0.9748,4.69,1.00
2014.09.10 06:41:30.183,0.97471,0.97482,3.04,1.00
2014.09.10 06:41:30.285,0.97473,0.97485,2.25,3.19
2014.09.10 06:41:30.336,0.97473,0.97485,3.79,2.25
2014.09.10 06:41:30.488,0.97473,0.97483,4.78,1.00
2014.09.10 06:41:30.690,0.97473,0.97485,4.03,3.26
2014.09.10 06:41:31.551,0.97474,0.97485,1.65,1.00
2014.09.10 06:41:31.602,0.97474,0.97487,3.79,1.76
2014.09.10 06:41:32.124,0.97475,0.97487,1.57,1.69
2014.09.10 06:41:32.630,0.97476,0.97485,1.50,1.00
2014.09.10 06:41:32.934,0.97476,0.97487,2.89,1.76
2014.09.10 06:41:33.237,0.97477,0.97488,1.01,1.57
2014.09.10 06:41:33.541,0.97477,0.97488,1.47,1.50
2014.09.10 06:41:34.047,0.97477,0.97489,2.48,1.69
2014.09.10 06:41:35.120,0.97477,0.97488,1.47,1.00
2014.09.10 06:41:35.667,0.97477,0.97487,1.20,1.50
2014.09.10 06:41:37.279,0.97477,0.97487,2.41,1.00
2014.09.10 06:41:37.697,0.97477,0.97487,2.14,1.00
2014.09.10 06:41:38.331,0.97477,0.97487,2.14,1.00
2014.09.10 06:41:39.338,0.97477,0.97487,2.14,1.00
2014.09.10 06:41:39.849,0.97477,0.97487,2.96,1.00
2014.09.10 06:41:40.378,0.97476,0.97487,1.56,1.84
2014.09.10 06:41:41.325,0.97476,0.97485,1.56,1.00
2014.09.10 06:41:41.781,0.97472,0.97483,2.06,1.17
2014.09.10 06:41:42.782,0.97472,0.97482,1.31,1.07
2014.09.10 06:41:43.308,0.97472,0.97482,1.25,1.00
2014.09.10 06:41:43.822,0.97472,0.97483,1.69,1.20
2014.09.10 06:41:44.497,0.97472,0.97483,1.69,1.17
2014.09.10 06:41:45.056,0.97472,0.97483,1.69,1.17
2014.09.10 06:41:46.126,0.97471,0.97483,4.09,1.57
2014.09.10 06:41:46.394,0.97471,0.97483,2.51,1.57
2014.09.10 06:41:46.547,0.97471,0.97481,1.25,1.00
2014.09.10 06:41:46.952,0.97467,0.97479,6.34,1.00
2014.09.10 06:41:47.478,0.97467,0.97479,2.94,1.20
2014.09.10 06:41:48.036,0.97467,0.97479,2.94,1.84
2014.09.10 06:41:48.289,0.97466,0.97478,1.84,1.09
2014.09.10 06:41:48.391,0.97467,0.97478,1.01,1.00
2014.09.10 06:41:48.982,0.97467,0.97479,2.58,1.57
2014.09.10 06:41:49.292,0.97468,0.97479,1.69,1.57
2014.09.10 06:41:49.343,0.97468,0.97479,2.76,1.57
2014.09.10 06:41:49.757,0.97468,0.97477,1.10,1.00
2014.09.10 06:41:49.909,0.97465,0.97475,3.07,1.00
2014.09.10 06:41:49.960,0.97465,0.97473,1.10,1.00
2014.09.10 06:41:50.062,0.97462,0.97473,1.00,1.10
2014.09.10 06:41:50.214,0.9746,0.97472,5.02,2.51
2014.09.10 06:41:50.739,0.9746,0.97473,4.46,2.59
2014.09.10 06:41:51.581,0.97461,0.97472,1.57,1.29
2014.09.10 06:41:52.089,0.97461,0.97472,1.57,1.17
2014.09.10 06:41:53.120,0.9746,0.97472,1.57,1.91
2014.09.10 06:41:53.222,0.9746,0.9747,1.10,2.25
2014.09.10 06:41:53.741,0.97456,0.97467,1.47,1.84
2014.09.10 06:41:54.267,0.97455,0.97467,1.10,1.15
2014.09.10 06:41:54.773,0.97454,0.97466,1.12,1.17
2014.09.10 06:41:56.358,0.97454,0.97466,1.17,1.36
2014.09.10 06:41:56.611,0.97453,0.97463,1.65,1.00
2014.09.10 06:41:56.764,0.97451,0.97462,2.14,1.00
2014.09.10 06:41:57.270,0.97451,0.97461,1.00,1.00
2014.09.10 06:41:57.814,0.97451,0.97461,1.20,1.00
2014.09.10 06:41:58.429,0.97451,0.9746,1.27,1.25
2014.09.10 06:41:58.632,0.97451,0.97462,1.17,1.57
2014.09.10 06:41:58.885,0.97452,0.97464,1.50,1.76
2014.09.10 06:41:58.987,0.97455,0.97466,2.02,1.07
2014.09.10 06:41:59.088,0.97456,0.97467,2.70,1.00
2014.09.10 06:41:59.240,0.97456,0.97466,1.57,1.00
2014.09.10 06:41:59.544,0.97456,0.97464,1.20,1.00
2014.09.10 06:41:59.848,0.97455,0.97462,1.10,1.20
2014.09.10 06:42:00.365,0.97455,0.97463,1.10,1.84
2014.09.10 06:42:00.466,0.97453,0.97462,1.10,1.09
2014.09.10 06:42:00.977,0.97453,0.97462,1.10,1.50
2014.09.10 06:42:01.129,0.97453,0.97461,1.10,1.50
2014.09.10 06:42:01.462,0.97453,0.97462,1.10,1.00
2014.09.10 06:42:01.716,0.97452,0.97462,1.20,2.44
2014.09.10 06:42:02.122,0.97452,0.97462,2.30,1.19
2014.09.10 06:42:02.275,0.97452,0.97464,2.30,3.64
2014.09.10 06:42:02.781,0.97453,0.97465,1.84,2.02
2014.09.10 06:42:02.984,0.97455,0.97467,3.19,2.59
2014.09.10 06:42:03.034,0.97455,0.97467,5.11,1.76
2014.09.10 06:42:03.338,0.97458,0.97469,3.99,1.50
2014.09.10 06:42:03.693,0.9746,0.97468,1.76,1.50
2014.09.10 06:42:03.846,0.97462,0.97473,2.96,1.50
2014.09.10 06:42:04.351,0.97462,0.97474,6.24,1.31
2014.09.10 06:42:05.855,0.97463,0.97475,2.59,2.14
2014.09.10 06:42:06.310,0.97463,0.97473,1.10,1.00
2014.09.10 06:42:06.820,0.97463,0.97472,1.10,1.00
2014.09.10 06:42:07.084,0.97463,0.9747,1.10,1.20
2014.09.10 06:42:07.135,0.97463,0.97468,1.10,1.00
2014.09.10 06:42:08.199,0.9746,0.9747,1.39,1.10
2014.09.10 06:42:08.705,0.9746,0.97472,4.54,1.19
2014.09.10 06:42:09.039,0.97462,0.97473,2.67,1.00
2014.09.10 06:42:09.576,0.97464,0.97474,1.50,1.25
2014.09.10 06:42:09.930,0.97463,0.97474,1.00,1.25
2014.09.10 06:42:10.284,0.97463,0.97474,1.00,2.44
2014.09.10 06:42:10.985,0.97463,0.97474,1.00,1.69
2014.09.10 06:42:11.843,0.97462,0.97472,1.57,1.25
2014.09.10 06:42:12.197,0.97461,0.97472,1.50,1.39
2014.09.10 06:42:12.702,0.9746,0.97472,1.65,3.71
2014.09.10 06:42:14.049,0.9746,0.97471,1.00,1.19
2014.09.10 06:42:14.595,0.9746,0.97471,2.77,1.19
2014.09.10 06:42:15.102,0.97459,0.97471,1.87,2.59
2014.09.10 06:42:15.255,0.97457,0.97467,1.10,1.10
2014.09.10 06:42:15.509,0.97456,0.97466,1.57,4.01
2014.09.10 06:42:15.661,0.97454,0.97466,1.00,4.76
2014.09.10 06:42:16.191,0.97454,0.97465,1.00,1.25
2014.09.10 06:42:16.739,0.97454,0.97466,1.10,2.89
2014.09.10 06:42:17.743,0.97454,0.97466,1.50,2.89
2014.09.10 06:42:18.096,0.97457,0.97466,1.87,1.19
2014.09.10 06:42:18.147,0.97457,0.97467,2.87,2.25
2014.09.10 06:42:18.299,0.97459,0.97468,2.44,1.00
2014.09.10 06:42:18.350,0.97459,0.97472,3.35,3.34
2014.09.10 06:42:18.401,0.97458,0.97469,1.65,1.00
2014.09.10 06:42:18.706,0.97458,0.97466,1.10,1.10
2014.09.10 06:42:18.959,0.97454,0.97466,1.10,2.40
2014.09.10 06:42:19.011,0.97452,0.97463,1.01,1.00
2014.09.10 06:42:19.314,0.97453,0.97464,1.84,1.19
2014.09.10 06:42:19.517,0.97454,0.97466,3.07,1.26
2014.09.10 06:42:21.253,0.97457,0.97467,1.50,1.09
2014.09.10 06:42:21.405,0.97459,0.97471,1.57,2.59
2014.09.10 06:42:21.507,0.9746,0.97471,1.50,1.27
2014.09.10 06:42:21.710,0.97461,0.97473,1.57,4.01
2014.09.10 06:42:24.467,0.97462,0.97473,2.59,1.00
2014.09.10 06:42:24.974,0.97462,0.97473,2.86,1.01
2014.09.10 06:42:26.734,0.97462,0.97473,1.10,1.09
2014.09.10 06:42:27.038,0.9746,0.97471,1.76,1.87
2014.09.10 06:42:27.089,0.9746,0.97471,2.95,1.87
2014.09.10 06:42:27.456,0.97459,0.9747,1.17,1.95
2014.09.10 06:42:27.558,0.97458,0.97469,1.76,1.57
2014.09.10 06:42:28.069,0.97458,0.97469,1.76,1.76
2014.09.10 06:42:28.575,0.97458,0.97469,2.66,1.76
2014.09.10 06:42:29.084,0.97458,0.97469,1.84,1.76
2014.09.10 06:42:31.174,0.97458,0.97469,2.09,1.69
2014.09.10 06:42:31.377,0.97458,0.97469,2.51,1.84
2014.09.10 06:42:31.833,0.97458,0.97465,1.09,1.00
2014.09.10 06:42:32.756,0.97458,0.97468,2.32,1.25
2014.09.10 06:42:32.858,0.97458,0.97468,2.57,1.25
2014.09.10 06:42:33.272,0.97461,0.97469,1.50,1.00
2014.09.10 06:42:33.526,0.97463,0.97472,1.57,1.40
2014.09.10 06:42:33.680,0.97463,0.97469,1.10,1.00
2014.09.10 06:42:33.833,0.97459,0.9747,1.00,2.40
2014.09.10 06:42:34.087,0.97459,0.97468,1.00,1.17
2014.09.10 06:42:34.595,0.97459,0.97466,1.57,1.00
2014.09.10 06:42:35.617,0.97459,0.97467,1.57,1.10
2014.09.10 06:42:36.142,0.97459,0.97466,1.57,1.00
2014.09.10 06:42:36.654,0.97459,0.97467,1.57,1.10
2014.09.10 06:42:37.163,0.97459,0.97469,1.00,1.09
2014.09.10 06:42:38.401,0.97459,0.97469,1.10,1.36
2014.09.10 06:42:41.226,0.97459,0.97469,1.57,2.14
2014.09.10 06:42:42.059,0.97459,0.97467,1.00,1.00
2014.09.10 06:42:43.597,0.97458,0.97467,2.32,1.25
2014.09.10 06:42:44.392,0.97458,0.97467,2.74,1.00
2014.09.10 06:42:44.596,0.9746,0.97471,1.76,1.00
2014.09.10 06:42:46.632,0.9746,0.97471,2.58,1.00
2014.09.10 06:42:47.555,0.97461,0.97471,1.57,1.00
2014.09.10 06:42:47.606,0.97463,0.97471,1.50,1.00
2014.09.10 06:42:47.810,0.97464,0.97473,1.50,1.00
2014.09.10 06:42:49.711,0.97463,0.97473,1.01,1.69
2014.09.10 06:42:49.762,0.97462,0.97472,1.20,1.07
2014.09.10 06:42:50.065,0.9746,0.9747,1.00,1.87
2014.09.10 06:42:50.571,0.9746,0.97472,2.47,1.31
2014.09.10 06:42:51.559,0.9746,0.97471,2.40,1.20
2014.09.10 06:42:51.660,0.9746,0.97469,1.00,1.47
2014.09.10 06:42:51.711,0.97457,0.97469,1.72,2.02
2014.09.10 06:42:51.863,0.97457,0.97466,1.10,1.01
2014.09.10 06:42:51.914,0.97456,0.97466,1.57,1.01
2014.09.10 06:42:52.420,0.97455,0.97465,1.10,1.00
2014.09.10 06:42:52.876,0.97455,0.97465,4.34,1.00
2014.09.10 06:42:53.764,0.97456,0.97465,1.57,1.00
2014.09.10 06:42:55.840,0.97456,0.97465,2.62,1.00
2014.09.10 06:42:56.642,0.97456,0.97465,2.70,1.00
2014.09.10 06:43:02.364,0.97456,0.97465,3.33,1.00
2014.09.10 06:43:04.022,0.97455,0.97465,1.27,1.00
2014.09.10 06:43:04.493,0.97454,0.97464,1.01,1.10
2014.09.10 06:43:05.059,0.97454,0.97462,1.10,1.00
2014.09.10 06:43:07.472,0.97452,0.97462,2.14,1.20
2014.09.10 06:43:08.467,0.97452,0.97462,1.76,1.65
2014.09.10 06:43:09.314,0.97451,0.97462,1.00,1.65
2014.09.10 06:43:09.669,0.97452,0.97461,1.57,1.00
2014.09.10 06:43:09.821,0.97452,0.97463,2.84,1.00
2014.09.10 06:43:10.443,0.97452,0.97462,1.56,1.00
2014.09.10 06:43:10.955,0.97452,0.97462,1.25,1.00
2014.09.10 06:43:11.473,0.97452,0.97464,1.50,1.84
2014.09.10 06:43:12.086,0.97452,0.97464,1.50,1.84
2014.09.10 06:43:12.598,0.97452,0.97464,1.50,1.09
2014.09.10 06:43:13.111,0.97451,0.97463,1.95,1.26
2014.09.10 06:43:13.429,0.97448,0.97458,1.10,1.34
2014.09.10 06:43:13.936,0.97448,0.97458,1.10,1.74
2014.09.10 06:43:14.400,0.97448,0.97458,4.95,1.00
2014.09.10 06:43:14.704,0.97455,0.97462,1.01,1.00
2014.09.10 06:43:14.755,0.97455,0.97464,2.01,1.00
2014.09.10 06:43:14.856,0.97456,0.97468,2.59,1.01
2014.09.10 06:43:15.059,0.97456,0.9747,5.51,3.19
2014.09.10 06:43:15.565,0.97456,0.97469,3.41,2.40
2014.09.10 06:43:15.858,0.97456,0.97469,1.72,2.96
2014.09.10 06:43:16.010,0.97455,0.97465,3.07,1.10
2014.09.10 06:43:16.549,0.97454,0.97464,1.57,1.50
2014.09.10 06:43:16.600,0.97454,0.97464,1.10,1.50
2014.09.10 06:43:16.855,0.97449,0.9746,4.39,1.50
2014.09.10 06:43:16.906,0.97449,0.9746,5.49,1.87
2014.09.10 06:43:17.109,0.97449,0.97459,1.10,1.09
2014.09.10 06:43:17.261,0.97447,0.97459,1.27,1.84
2014.09.10 06:43:17.312,0.97446,0.97457,1.40,1.12
2014.09.10 06:43:17.637,0.97444,0.97454,1.91,1.00
2014.09.10 06:43:17.839,0.97443,0.97454,3.41,1.00
2014.09.10 06:43:17.991,0.97443,0.97454,1.10,1.50
2014.09.10 06:43:18.195,0.97445,0.97456,2.21,1.00
2014.09.10 06:43:18.727,0.97447,0.97458,4.12,1.25
2014.09.10 06:43:18.931,0.97448,0.9746,1.20,1.57
2014.09.10 06:43:19.337,0.97448,0.97461,3.87,1.07
2014.09.10 06:43:19.844,0.9745,0.97461,1.95,1.00
2014.09.10 06:43:20.148,0.97452,0.97464,1.27,1.01
2014.09.10 06:43:20.300,0.97454,0.97465,1.27,1.32
2014.09.10 06:43:20.822,0.97456,0.97465,1.57,1.00
2014.09.10 06:43:21.178,0.97456,0.97467,1.10,1.01
2014.09.10 06:43:21.685,0.97456,0.97465,1.10,1.00
2014.09.10 06:43:21.989,0.97456,0.97466,1.10,4.57
2014.09.10 06:43:22.142,0.97456,0.97465,1.10,1.00
2014.09.10 06:43:22.641,0.97457,0.97466,1.10,3.26
2014.09.10 06:43:22.743,0.97457,0.97466,1.10,1.25
2014.09.10 06:43:23.261,0.97457,0.97465,1.10,1.00
2014.09.10 06:43:23.564,0.97456,0.97463,1.00,1.00
2014.09.10 06:43:24.066,0.97455,0.97463,1.00,1.00
2014.09.10 06:43:28.688,0.97453,0.97463,3.71,1.00
2014.09.10 06:43:29.318,0.97453,0.97462,2.21,1.00
2014.09.10 06:43:29.521,0.97453,0.97464,2.21,2.32
2014.09.10 06:43:30.171,0.97453,0.97463,2.21,1.00
2014.09.10 06:43:30.682,0.97453,0.97462,2.21,1.00
2014.09.10 06:43:30.887,0.97453,0.97464,3.59,1.01
2014.09.10 06:43:31.090,0.97455,0.97465,3.97,1.00
2014.09.10 06:43:31.141,0.97455,0.97467,5.72,1.69
2014.09.10 06:43:31.446,0.97457,0.97468,1.65,1.25
2014.09.10 06:43:34.799,0.97457,0.97469,1.76,2.51
2014.09.10 06:43:36.062,0.97456,0.97468,3.04,1.76
2014.09.10 06:43:37.279,0.97459,0.97469,1.27,1.19
2014.09.10 06:43:37.807,0.97459,0.97469,2.27,1.00
2014.09.10 06:43:38.312,0.9746,0.9747,1.12,1.50
2014.09.10 06:43:38.830,0.9746,0.9747,1.10,1.00
2014.09.10 06:43:39.140,0.97459,0.9747,2.96,1.50
2014.09.10 06:43:39.443,0.97459,0.9747,1.10,1.50
2014.09.10 06:43:39.546,0.97459,0.9747,1.10,1.50
2014.09.10 06:43:40.463,0.97459,0.9747,4.81,1.00
2014.09.10 06:43:40.615,0.97461,0.97472,1.39,1.00
2014.09.10 06:43:40.944,0.97461,0.97473,2.77,1.29
2014.09.10 06:43:40.995,0.97461,0.97473,2.77,1.19
2014.09.10 06:43:41.520,0.97461,0.97473,3.36,1.00
2014.09.10 06:43:42.072,0.97461,0.97472,3.21,1.00
2014.09.10 06:43:42.850,0.97461,0.97473,3.02,1.69
2014.09.10 06:43:43.888,0.97462,0.97473,3.30,1.25
2014.09.10 06:43:45.678,0.97461,0.97473,2.21,1.69
2014.09.10 06:43:46.139,0.97461,0.9747,1.52,1.00
2014.09.10 06:43:46.595,0.97461,0.97471,1.00,3.19
2014.09.10 06:43:46.646,0.97461,0.97471,1.00,1.50
2014.09.10 06:43:46.797,0.97461,0.97472,1.47,1.00
2014.09.10 06:43:47.152,0.97461,0.97474,3.71,1.09
2014.09.10 06:43:47.484,0.97462,0.97474,1.50,1.25
2014.09.10 06:43:50.963,0.97462,0.97473,8.43,1.00
2014.09.10 06:43:51.115,0.97462,0.97473,3.34,1.37
2014.09.10 06:43:51.217,0.97462,0.97471,1.69,1.27
2014.09.10 06:43:51.268,0.97461,0.97471,1.69,1.27
2014.09.10 06:43:51.859,0.9746,0.9747,2.32,1.27
2014.09.10 06:43:53.498,0.9746,0.9747,2.32,1.20
2014.09.10 06:43:53.650,0.9746,0.9747,2.57,1.12
2014.09.10 06:43:53.853,0.9746,0.97468,1.00,1.00
2014.09.10 06:43:54.208,0.97457,0.97466,1.19,1.00
2014.09.10 06:43:54.462,0.97456,0.97466,1.25,1.07
2014.09.10 06:43:56.751,0.97454,0.97465,1.31,3.90
2014.09.10 06:43:57.312,0.97454,0.97464,1.31,1.00
2014.09.10 06:43:59.771,0.97454,0.97464,4.66,1.00
2014.09.10 06:44:00.125,0.97456,0.97466,1.69,1.00
2014.09.10 06:44:00.648,0.97456,0.97467,5.81,1.10
2014.09.10 06:44:04.143,0.97456,0.97467,3.12,1.17
2014.09.10 06:44:05.179,0.97456,0.97467,1.39,1.65
2014.09.10 06:44:07.179,0.97456,0.97467,1.39,1.65
2014.09.10 06:44:07.432,0.97458,0.97468,3.00,1.57
2014.09.10 06:44:07.534,0.97458,0.97471,5.21,1.87
2014.09.10 06:44:07.585,0.97459,0.97471,3.15,1.50
2014.09.10 06:44:08.140,0.9746,0.97473,3.90,4.46
2014.09.10 06:44:08.673,0.9746,0.97473,7.16,1.65
2014.09.10 06:44:09.603,0.97461,0.97473,2.02,1.20
2014.09.10 06:44:10.141,0.97463,0.97473,1.01,1.10
2014.09.10 06:44:10.293,0.97464,0.97475,1.50,1.65
2014.09.10 06:44:10.698,0.97464,0.97477,5.21,1.57
2014.09.10 06:44:10.748,0.97466,0.97477,1.12,1.57
2014.09.10 06:44:11.253,0.97466,0.97476,3.59,1.00
2014.09.10 06:44:12.268,0.97466,0.97477,3.52,1.10
2014.09.10 06:44:16.363,0.97466,0.97478,4.06,1.00
2014.09.10 06:44:16.666,0.97466,0.9748,4.54,2.59
2014.09.10 06:44:17.071,0.97469,0.97481,1.65,1.25
2014.09.10 06:44:17.223,0.97471,0.97483,1.69,1.00
2014.09.10 06:44:17.758,0.97472,0.97485,1.50,3.19
2014.09.10 06:44:18.232,0.97472,0.97483,1.50,1.10
2014.09.10 06:44:18.334,0.9747,0.97482,2.02,2.59
2014.09.10 06:44:18.840,0.97469,0.9748,1.20,1.76
2014.09.10 06:44:19.579,0.97469,0.9748,1.65,1.25
2014.09.10 06:44:20.552,0.97469,0.9748,1.00,1.69
2014.09.10 06:44:20.907,0.97469,0.97481,3.79,1.25
2014.09.10 06:44:21.784,0.9747,0.97483,4.61,1.76
2014.09.10 06:44:21.835,0.9747,0.97483,6.94,1.10
2014.09.10 06:44:22.994,0.97471,0.97482,4.01,1.00
2014.09.10 06:44:23.503,0.97471,0.97482,3.79,1.00
2014.09.10 06:44:24.139,0.97471,0.97483,3.79,1.10
2014.09.10 06:44:25.231,0.97471,0.97483,3.26,4.20
2014.09.10 06:44:25.332,0.97471,0.97482,1.00,3.26
2014.09.10 06:44:25.383,0.97469,0.9748,2.44,1.15
2014.09.10 06:44:25.485,0.97469,0.9748,1.50,3.45
2014.09.10 06:44:25.991,0.97469,0.97479,1.20,1.00
2014.09.10 06:44:26.402,0.97469,0.97476,1.00,1.20
2014.09.10 06:44:26.453,0.97467,0.97476,1.10,1.95
2014.09.10 06:44:26.555,0.97467,0.97474,1.00,1.87
2014.09.10 06:44:26.809,0.97461,0.97469,1.00,1.65
2014.09.10 06:44:26.910,0.97459,0.97469,1.00,2.40
2014.09.10 06:44:27.416,0.97457,0.97468,1.34,1.00
2014.09.10 06:44:27.669,0.97456,0.97466,1.95,1.00
2014.09.10 06:44:27.973,0.97452,0.97464,5.89,2.10
2014.09.10 06:44:28.519,0.97452,0.97464,5.89,3.45
2014.09.10 06:44:28.980,0.97452,0.97464,5.21,1.57
2014.09.10 06:44:29.486,0.97453,0.97463,3.56,1.20
2014.09.10 06:44:29.638,0.97454,0.97464,2.21,1.57
2014.09.10 06:44:29.740,0.97454,0.97466,6.33,1.95
2014.09.10 06:44:29.892,0.97456,0.97468,3.07,2.02
2014.09.10 06:44:29.943,0.97457,0.97468,2.25,1.57
2014.09.10 06:44:30.298,0.97457,0.97468,6.33,1.10
2014.09.10 06:44:30.551,0.97457,0.9747,5.59,2.70
2014.09.10 06:44:31.070,0.97457,0.9747,7.76,1.87
2014.09.10 06:44:31.628,0.97458,0.97469,6.75,1.10
2014.09.10 06:44:32.144,0.97458,0.9747,5.84,2.70
2014.09.10 06:44:32.940,0.97458,0.97469,5.86,1.10
2014.09.10 06:44:33.358,0.9746,0.9747,1.76,1.57
2014.09.10 06:44:33.713,0.97461,0.97472,3.26,1.50
2014.09.10 06:44:34.067,0.97461,0.97469,1.00,1.10
2014.09.10 06:44:34.808,0.97459,0.97471,4.39,1.65
2014.09.10 06:44:35.126,0.9746,0.97471,2.21,1.50
2014.09.10 06:44:36.255,0.9746,0.97472,4.31,1.20
2014.09.10 06:44:36.356,0.97461,0.97472,1.76,1.10
2014.09.10 06:44:36.816,0.9746,0.97472,1.39,2.47
2014.09.10 06:44:36.917,0.9746,0.97471,1.01,1.07
2014.09.10 06:44:37.425,0.97459,0.97469,2.62,1.95
2014.09.10 06:44:37.678,0.97456,0.97467,3.26,1.10
2014.09.10 06:44:38.033,0.97456,0.97467,5.77,1.00
2014.09.10 06:44:39.762,0.97456,0.97467,1.50,2.47
2014.09.10 06:44:40.549,0.97456,0.97467,1.25,1.84
2014.09.10 06:44:41.099,0.97456,0.97466,1.00,1.10
2014.09.10 06:44:41.403,0.97454,0.97465,1.65,1.00
2014.09.10 06:44:41.906,0.97454,0.97465,2.30,1.00
2014.09.10 06:44:42.415,0.97455,0.97464,2.40,1.50
2014.09.10 06:44:42.947,0.97455,0.97465,6.51,3.00
2014.09.10 06:44:43.048,0.97456,0.97468,1.31,1.10
2014.09.10 06:44:43.453,0.97458,0.97468,1.76,1.00
2014.09.10 06:44:43.757,0.97458,0.97468,1.01,1.10
2014.09.10 06:44:43.809,0.97458,0.97466,1.01,1.00
2014.09.10 06:44:44.315,0.97456,0.97467,1.84,1.69
2014.09.10 06:44:44.365,0.97456,0.97467,1.84,1.69
2014.09.10 06:44:44.812,0.97456,0.97465,1.84,1.00
2014.09.10 06:44:45.730,0.97456,0.97467,1.10,1.50
2014.09.10 06:44:46.254,0.97456,0.97468,1.57,1.01
2014.09.10 06:44:46.585,0.97464,0.9747,1.87,1.00
2014.09.10 06:44:46.687,0.97466,0.97473,2.62,1.00
2014.09.10 06:44:46.738,0.97467,0.97474,1.12,1.25
2014.09.10 06:44:46.840,0.97467,0.9748,5.29,2.89
2014.09.10 06:44:46.942,0.97468,0.97479,2.89,1.10
2014.09.10 06:44:47.043,0.97468,0.97479,1.20,1.57
2014.09.10 06:44:47.246,0.97469,0.97481,2.44,2.59
2014.09.10 06:44:47.584,0.97469,0.97482,8.51,1.19
2014.09.10 06:44:47.686,0.9747,0.97483,1.65,1.65
2014.09.10 06:44:48.243,0.9747,0.97482,1.10,3.26
2014.09.10 06:44:48.749,0.9747,0.97481,1.10,5.44
2014.09.10 06:44:49.255,0.97469,0.97479,1.10,1.15
2014.09.10 06:44:49.558,0.97469,0.97478,1.10,3.26
2014.09.10 06:44:49.811,0.97467,0.97478,1.76,1.84
2014.09.10 06:44:49.862,0.97467,0.97476,1.10,2.32
2014.09.10 06:44:49.964,0.97467,0.97477,1.57,1.09
2014.09.10 06:44:50.065,0.97467,0.97477,2.50,1.00
2014.09.10 06:44:50.420,0.97467,0.97475,1.10,1.00
2014.09.10 06:44:50.471,0.97467,0.97475,1.00,1.07
2014.09.10 06:44:50.573,0.97462,0.97474,4.20,1.15
2014.09.10 06:44:51.028,0.97462,0.97471,1.10,1.10
2014.09.10 06:44:51.129,0.97462,0.97473,1.10,1.20
2014.09.10 06:44:51.638,0.97462,0.97473,1.10,1.17
2014.09.10 06:44:51.689,0.97462,0.97473,1.10,1.17
2014.09.10 06:44:52.440,0.97461,0.97472,1.10,1.10
2014.09.10 06:44:52.960,0.97461,0.97474,4.19,3.04
2014.09.10 06:44:53.739,0.97462,0.97472,1.87,1.00
2014.09.10 06:44:53.842,0.97462,0.9747,1.00,1.00
2014.09.10 06:44:54.147,0.97457,0.97468,2.51,1.10
2014.09.10 06:44:54.553,0.97457,0.97465,1.31,1.00
2014.09.10 06:44:54.908,0.97456,0.97465,2.06,1.00
2014.09.10 06:44:55.423,0.97456,0.97465,1.00,1.00
2014.09.10 06:44:59.997,0.97456,0.97468,1.76,2.51
2014.09.10 06:45:00.308,0.97456,0.97465,1.00,1.25
2014.09.10 06:45:00.410,0.97456,0.97467,1.00,2.59
2014.09.10 06:45:00.944,0.97456,0.97467,1.57,1.00
2014.09.10 06:45:01.475,0.97456,0.97469,5.03,1.01
2014.09.10 06:45:02.127,0.97458,0.97471,5.25,1.57
2014.09.10 06:45:02.229,0.97459,0.97473,3.86,2.51
2014.09.10 06:45:02.381,0.97461,0.97473,3.41,1.00
2014.09.10 06:45:02.685,0.97463,0.97476,1.65,4.01
2014.09.10 06:45:03.191,0.97464,0.97476,1.57,1.69
2014.09.10 06:45:04.396,0.97464,0.97474,1.50,1.00
2014.09.10 06:45:04.886,0.97464,0.97477,1.00,2.66
2014.09.10 06:45:05.038,0.97465,0.97477,2.32,1.01
2014.09.10 06:45:05.190,0.97466,0.97478,2.32,1.84
2014.09.10 06:45:05.701,0.97466,0.97478,3.69,1.76
2014.09.10 06:45:06.234,0.97466,0.97478,2.51,3.26
2014.09.10 06:45:06.986,0.97466,0.97478,2.32,3.26
2014.09.10 06:45:07.571,0.97466,0.97478,2.95,2.51
2014.09.10 06:45:07.723,0.97468,0.9748,1.09,1.20
2014.09.10 06:45:07.926,0.97467,0.97478,2.51,1.10
2014.09.10 06:45:08.231,0.97466,0.97476,1.25,1.10
2014.09.10 06:45:08.535,0.97466,0.97478,2.46,1.00
2014.09.10 06:45:08.839,0.97463,0.97475,1.69,2.59
2014.09.10 06:45:09.395,0.97463,0.97475,3.61,2.89
2014.09.10 06:45:10.346,0.97463,0.97475,2.79,3.71
2014.09.10 06:45:10.861,0.97463,0.97475,2.60,7.39
2014.09.10 06:45:12.241,0.97463,0.97473,1.10,1.00
2014.09.10 06:45:12.755,0.97463,0.97475,1.10,2.21
2014.09.10 06:45:16.229,0.97462,0.97474,2.21,1.12
2014.09.10 06:45:17.441,0.97462,0.97472,2.10,1.00
2014.09.10 06:45:17.976,0.97462,0.97472,1.95,1.00
2014.09.10 06:45:18.493,0.97462,0.97473,1.10,2.02
2014.09.10 06:45:18.798,0.97462,0.97472,2.49,1.00
2014.09.10 06:45:19.260,0.97463,0.97475,1.50,2.96
2014.09.10 06:45:19.771,0.97464,0.97475,3.07,1.46
2014.09.10 06:45:20.759,0.97464,0.97476,4.22,2.81
2014.09.10 06:45:21.940,0.97464,0.97476,2.47,2.06
2014.09.10 06:45:22.637,0.97464,0.97474,1.72,1.00
2014.09.10 06:45:23.185,0.97464,0.97474,1.10,1.10
2014.09.10 06:45:24.109,0.97464,0.97475,4.27,2.02
2014.09.10 06:45:24.210,0.97466,0.97478,1.57,2.77
2014.09.10 06:45:24.464,0.97467,0.97479,1.95,2.70
2014.09.10 06:45:24.566,0.97467,0.97479,2.70,3.04
2014.09.10 06:45:24.870,0.97463,0.97474,1.00,2.51
2014.09.10 06:45:24.972,0.97461,0.97471,1.69,1.00
2014.09.10 06:45:25.275,0.97461,0.97471,2.79,1.00
2014.09.10 06:45:25.782,0.97461,0.97473,2.79,1.07
2014.09.10 06:45:26.288,0.97461,0.97473,2.14,1.95
2014.09.10 06:45:26.592,0.97459,0.97471,3.79,1.57
2014.09.10 06:45:27.725,0.97459,0.97471,3.71,1.10
2014.09.10 06:45:28.582,0.97459,0.97471,4.46,1.10
2014.09.10 06:45:28.859,0.97459,0.9747,2.96,1.00
2014.09.10 06:45:29.011,0.97457,0.97468,1.69,1.20
2014.09.10 06:45:29.062,0.97457,0.97468,1.25,1.65
2014.09.10 06:45:29.113,0.97456,0.97468,1.76,2.47
2014.09.10 06:45:29.418,0.97456,0.97468,3.69,2.25
2014.09.10 06:45:29.933,0.97458,0.97469,1.39,1.00
2014.09.10 06:45:30.292,0.97459,0.97469,3.37,1.00
2014.09.10 06:45:30.393,0.97462,0.97472,2.02,1.00
2014.09.10 06:45:30.596,0.97462,0.97475,3.78,1.00
2014.09.10 06:45:31.103,0.97465,0.97476,2.21,1.00
2014.09.10 06:45:31.407,0.97465,0.97474,1.29,1.00
2014.09.10 06:45:31.508,0.97463,0.97475,1.39,1.57
2014.09.10 06:45:32.013,0.97463,0.97475,2.39,1.57
2014.09.10 06:45:32.531,0.97463,0.97475,2.13,1.07
2014.09.10 06:45:33.252,0.97463,0.97473,1.26,1.00
2014.09.10 06:45:34.022,0.97464,0.97476,1.57,1.17
2014.09.10 06:45:34.123,0.97464,0.97476,1.95,1.10
2014.09.10 06:45:34.477,0.97465,0.97477,1.87,1.09
2014.09.10 06:45:34.795,0.97465,0.97478,5.96,1.10
2014.09.10 06:45:36.248,0.97465,0.97476,6.16,1.10
2014.09.10 06:45:36.552,0.97464,0.97474,1.39,1.10
2014.09.10 06:45:36.704,0.97463,0.97474,4.01,1.10
2014.09.10 06:45:37.841,0.97463,0.97475,4.01,1.57
2014.09.10 06:45:38.718,0.97463,0.97474,1.87,1.52
2014.09.10 06:45:38.921,0.9746,0.97469,1.87,1.57
2014.09.10 06:45:39.074,0.9746,0.97469,1.87,1.00
2014.09.10 06:45:39.582,0.9746,0.9747,3.15,1.50
2014.09.10 06:45:39.937,0.97457,0.97469,2.96,1.20
2014.09.10 06:45:40.039,0.97456,0.97466,4.09,1.00
2014.09.10 06:45:40.370,0.97453,0.97464,1.25,2.47
2014.09.10 06:45:40.876,0.97452,0.97462,1.19,1.50
2014.09.10 06:45:41.633,0.97452,0.97461,1.25,1.10
2014.09.10 06:45:41.937,0.97451,0.97461,1.31,1.72
2014.09.10 06:45:42.753,0.97451,0.97461,4.09,1.00
2014.09.10 06:45:42.854,0.97451,0.97463,4.16,1.12
2014.09.10 06:45:42.955,0.97452,0.97463,1.65,1.00
2014.09.10 06:45:43.461,0.97453,0.97464,2.70,1.00
2014.09.10 06:45:43.985,0.97453,0.97464,1.25,1.50
2014.09.10 06:45:44.290,0.97453,0.97462,1.00,1.10
2014.09.10 06:45:44.645,0.9745,0.97461,1.46,1.10
2014.09.10 06:45:45.165,0.97449,0.9746,1.56,1.20
2014.09.10 06:45:46.551,0.97449,0.9746,2.21,1.00
2014.09.10 06:45:46.703,0.97449,0.97458,1.09,1.10
2014.09.10 06:45:46.754,0.97449,0.97458,1.25,1.10
2014.09.10 06:45:47.130,0.97449,0.9746,1.01,1.57
2014.09.10 06:45:47.231,0.97449,0.97457,3.26,1.10
2014.09.10 06:45:51.081,0.97449,0.97457,1.84,1.10
2014.09.10 06:45:52.403,0.97449,0.97458,1.32,1.10
2014.09.10 06:45:52.706,0.97451,0.97458,2.14,1.10
2014.09.10 06:45:52.757,0.97451,0.97463,4.71,2.51
2014.09.10 06:45:53.213,0.97451,0.97461,4.38,1.10
2014.09.10 06:45:53.719,0.97451,0.9746,2.67,1.10
2014.09.10 06:45:53.771,0.97451,0.9746,1.50,1.10
2014.09.10 06:45:53.872,0.97451,0.97458,1.25,1.10
2014.09.10 06:45:54.176,0.97448,0.97454,1.00,1.10
2014.09.10 06:45:54.277,0.97446,0.97454,1.00,1.10
2014.09.10 06:45:54.783,0.97446,0.97454,2.12,1.10
2014.09.10 06:45:55.302,0.97446,0.97457,3.71,1.10
2014.09.10 06:45:55.807,0.97446,0.97456,3.71,1.10
2014.09.10 06:45:56.310,0.97446,0.97456,4.46,1.10
2014.09.10 06:45:56.886,0.97446,0.97455,4.46,1.10
2014.09.10 06:45:58.167,0.97447,0.97455,1.87,1.10
2014.09.10 06:46:00.758,0.97447,0.97458,3.71,1.10
2014.09.10 06:46:01.287,0.97447,0.97458,4.46,1.10
2014.09.10 06:46:01.837,0.97447,0.97459,5.21,1.20
2014.09.10 06:46:02.380,0.97449,0.9746,2.14,1.57
2014.09.10 06:46:03.782,0.97449,0.9746,3.71,1.57
2014.09.10 06:46:07.828,0.97449,0.9746,4.46,1.10
2014.09.10 06:46:08.088,0.97451,0.9746,1.87,1.10
2014.09.10 06:46:08.139,0.97451,0.97463,3.70,1.10
2014.09.10 06:46:08.393,0.97451,0.9746,4.02,1.10
2014.09.10 06:46:08.443,0.97451,0.9746,1.46,1.10
2014.09.10 06:46:09.444,0.9745,0.9746,2.59,1.10
2014.09.10 06:46:10.941,0.9745,0.9746,4.76,1.10
2014.09.10 06:46:14.632,0.9745,0.9746,1.84,1.10
2014.09.10 06:46:15.142,0.9745,0.9746,1.76,1.10
2014.09.10 06:46:15.812,0.9745,0.9746,1.01,1.65
2014.09.10 06:46:17.742,0.9745,0.9746,2.13,1.65
2014.09.10 06:46:18.830,0.9745,0.9746,2.06,1.65
2014.09.10 06:46:19.974,0.97451,0.9746,1.69,1.00
2014.09.10 06:46:20.126,0.97454,0.97463,1.50,1.00
2014.09.10 06:46:20.228,0.97456,0.97465,1.31,1.57
2014.09.10 06:46:20.430,0.97456,0.97468,3.12,2.47
2014.09.10 06:46:20.981,0.97456,0.97468,3.06,2.66
2014.09.10 06:46:22.229,0.97456,0.97468,2.81,1.72
2014.09.10 06:46:22.778,0.97456,0.97468,2.81,1.72
2014.09.10 06:46:23.291,0.97457,0.97468,1.50,1.72
2014.09.10 06:46:23.827,0.97457,0.97468,2.69,1.72
2014.09.10 06:46:24.858,0.97457,0.97468,2.44,1.91
2014.09.10 06:46:25.360,0.97457,0.97468,2.44,1.84
2014.09.10 06:46:26.910,0.97457,0.97468,1.00,1.20
2014.09.10 06:46:32.039,0.97458,0.97469,1.01,1.57
2014.09.10 06:46:32.089,0.97458,0.97469,2.01,1.10
2014.09.10 06:46:32.292,0.97458,0.97469,2.59,1.10
2014.09.10 06:46:34.388,0.97459,0.97469,2.21,1.10
2014.09.10 06:46:35.580,0.97459,0.97469,3.96,1.10
2014.09.10 06:46:42.607,0.9746,0.97469,3.94,1.10
2014.09.10 06:46:42.911,0.9746,0.97471,5.41,1.10
2014.09.10 06:46:48.431,0.97462,0.97471,1.84,1.10
2014.09.10 06:46:49.395,0.97463,0.97472,1.57,1.01
2014.09.10 06:46:52.567,0.97463,0.97471,2.76,1.10
2014.09.10 06:46:56.771,0.97463,0.97473,2.77,1.01
2014.09.10 06:46:57.444,0.97463,0.97471,2.96,1.10
2014.09.10 06:46:57.949,0.97463,0.97472,2.96,1.10
2014.09.10 06:46:58.764,0.97463,0.97472,2.77,1.10
2014.09.10 06:46:59.430,0.97463,0.97474,2.77,1.01
2014.09.10 06:46:59.838,0.97463,0.97475,5.09,1.01
2014.09.10 06:47:00.003,0.97465,0.97477,1.31,1.76
2014.09.10 06:47:00.408,0.97465,0.97475,3.81,1.00
2014.09.10 06:47:00.459,0.97465,0.97476,1.00,3.04
2014.09.10 06:47:00.974,0.97464,0.97474,1.37,1.09
2014.09.10 06:47:02.032,0.97463,0.97473,1.95,1.00
2014.09.10 06:47:02.668,0.97463,0.97474,1.37,1.09
2014.09.10 06:47:04.124,0.97463,0.97474,1.37,1.39
2014.09.10 06:47:05.371,0.97462,0.97474,2.21,1.09
2014.09.10 06:47:06.778,0.97462,0.97474,1.76,1.84
2014.09.10 06:47:06.930,0.97462,0.97474,1.66,2.66
2014.09.10 06:47:08.751,0.97463,0.97473,1.12,1.07
2014.09.10 06:47:09.163,0.97463,0.97473,1.37,1.00
2014.09.10 06:47:09.685,0.97462,0.97474,1.39,1.76
2014.09.10 06:47:12.264,0.97462,0.97474,1.39,1.76
2014.09.10 06:47:13.083,0.97462,0.97474,2.39,1.29
2014.09.10 06:47:13.236,0.97462,0.97475,8.31,1.57
2014.09.10 06:47:13.741,0.97462,0.97474,2.81,1.10
2014.09.10 06:47:13.944,0.97462,0.97472,1.37,1.00
2014.09.10 06:47:14.249,0.9746,0.97471,2.14,1.84
2014.09.10 06:47:14.571,0.9746,0.97471,2.21,1.69
2014.09.10 06:47:15.186,0.9746,0.97469,1.10,1.25
2014.09.10 06:47:15.237,0.97458,0.97469,2.02,1.09
2014.09.10 06:47:15.389,0.97458,0.9747,2.77,1.76
2014.09.10 06:47:15.793,0.97459,0.97472,3.07,1.76
2014.09.10 06:47:19.297,0.97459,0.97471,2.96,1.17
2014.09.10 06:47:21.007,0.97459,0.97471,2.21,1.00
2014.09.10 06:47:21.531,0.97459,0.97471,2.21,1.10
2014.09.10 06:47:21.986,0.97459,0.9747,1.47,1.40
2014.09.10 06:47:22.594,0.97458,0.97468,1.87,1.10
2014.09.10 06:47:23.208,0.97458,0.97468,2.32,1.00
2014.09.10 06:47:23.309,0.97459,0.9747,1.01,1.25
2014.09.10 06:47:23.512,0.9746,0.97473,1.39,1.91
2014.09.10 06:47:24.575,0.97461,0.97474,2.32,1.76
2014.09.10 06:47:27.245,0.97462,0.97475,1.76,1.76
2014.09.10 06:47:27.549,0.97462,0.97473,1.71,1.69
2014.09.10 06:47:28.056,0.97461,0.97472,1.47,1.40
2014.09.10 06:47:28.664,0.97459,0.97471,2.29,1.76
2014.09.10 06:47:29.170,0.97458,0.9747,1.56,1.84
2014.09.10 06:47:30.618,0.97458,0.9747,1.07,1.84
2014.09.10 06:47:31.130,0.97458,0.97469,1.25,1.17
2014.09.10 06:47:32.349,0.97457,0.97469,1.25,1.09
2014.09.10 06:47:32.666,0.97457,0.9747,4.08,1.36
2014.09.10 06:47:32.919,0.97459,0.97471,1.91,1.01
2014.09.10 06:47:33.021,0.97459,0.97469,1.32,1.00
2014.09.10 06:47:33.527,0.97457,0.97468,2.89,1.10
2014.09.10 06:47:34.120,0.97457,0.97468,2.89,1.01
2014.09.10 06:47:36.955,0.97457,0.97468,2.39,1.10
2014.09.10 06:47:37.489,0.97457,0.97468,1.09,1.50
2014.09.10 06:47:37.793,0.97458,0.97469,1.20,1.00
2014.09.10 06:47:37.995,0.97457,0.97469,2.14,1.57
2014.09.10 06:47:38.096,0.97457,0.97468,1.31,1.17
2014.09.10 06:47:39.753,0.97457,0.97468,1.31,1.09
2014.09.10 06:47:40.657,0.97457,0.97468,2.06,1.36
2014.09.10 06:47:42.042,0.97457,0.97467,1.12,1.76
2014.09.10 06:47:42.984,0.97457,0.97467,2.06,1.10
2014.09.10 06:47:43.136,0.97456,0.97466,1.57,1.20
2014.09.10 06:47:43.187,0.97456,0.97464,1.10,1.00
2014.09.10 06:47:43.239,0.97453,0.97464,1.20,1.17
2014.09.10 06:47:43.767,0.97452,0.97464,2.06,2.59
2014.09.10 06:47:44.386,0.97452,0.97464,2.06,3.34
2014.09.10 06:47:50.682,0.97452,0.9746,1.20,1.00
2014.09.10 06:47:50.835,0.9745,0.9746,1.39,1.09
2014.09.10 06:47:51.877,0.97449,0.9746,1.20,2.59
2014.09.10 06:47:52.437,0.97449,0.97458,1.57,1.00
2014.09.10 06:47:53.000,0.97449,0.9746,1.10,2.40
2014.09.10 06:47:54.787,0.97449,0.9746,2.60,1.65
2014.09.10 06:47:54.989,0.97449,0.97458,1.10,1.00
2014.09.10 06:47:55.522,0.97448,0.97457,1.10,1.00
2014.09.10 06:47:56.036,0.97448,0.97457,1.10,1.00
2014.09.10 06:47:56.605,0.97449,0.97459,1.27,1.00
2014.09.10 06:47:56.706,0.9745,0.97459,2.92,1.00
2014.09.10 06:47:56.910,0.97451,0.97461,1.57,1.00
2014.09.10 06:47:57.012,0.97452,0.97461,2.17,1.00
2014.09.10 06:47:57.557,0.97452,0.97461,1.65,1.00
2014.09.10 06:47:58.657,0.97451,0.97458,2.32,1.00
2014.09.10 06:47:58.708,0.9745,0.97458,1.17,1.00
2014.09.10 06:47:58.911,0.9745,0.9746,4.64,1.00
2014.09.10 06:47:59.417,0.9745,0.9746,1.10,1.65
2014.09.10 06:48:00.745,0.9745,0.9746,1.10,1.65
2014.09.10 06:48:01.059,0.9745,0.9746,1.10,1.17
2014.09.10 06:48:02.057,0.9745,0.9746,1.57,1.65
2014.09.10 06:48:02.310,0.9745,0.97458,1.10,1.17
2014.09.10 06:48:03.294,0.9745,0.97458,1.10,3.07
2014.09.10 06:48:04.298,0.9745,0.97456,1.10,1.00
2014.09.10 06:48:04.602,0.9745,0.97458,1.10,2.32
2014.09.10 06:48:07.658,0.97448,0.97458,1.65,2.32
2014.09.10 06:48:08.332,0.97448,0.97457,1.65,1.00
2014.09.10 06:48:08.876,0.97448,0.97458,1.20,1.20
2014.09.10 06:48:10.816,0.97448,0.97458,1.10,1.10
2014.09.10 06:48:12.893,0.97448,0.97458,1.10,2.02
2014.09.10 06:48:13.428,0.97448,0.97456,1.10,1.00
2014.09.10 06:48:17.422,0.97448,0.97456,1.10,1.00
2014.09.10 06:48:17.635,0.97448,0.97456,1.10,1.00
2014.09.10 06:48:20.974,0.97448,0.97458,1.10,1.36
2014.09.10 06:48:22.055,0.97448,0.97456,1.10,1.19
2014.09.10 06:48:22.157,0.97447,0.97455,1.00,1.19
2014.09.10 06:48:22.208,0.97445,0.97455,3.07,1.19
2014.09.10 06:48:22.411,0.97445,0.97454,2.95,1.00
2014.09.10 06:48:22.513,0.97447,0.97456,1.76,1.25
2014.09.10 06:48:22.919,0.97447,0.97457,1.65,1.01
2014.09.10 06:48:22.970,0.97447,0.97456,1.65,1.69
2014.09.10 06:48:23.274,0.97445,0.97456,2.89,1.76
2014.09.10 06:48:23.780,0.97445,0.97455,3.63,1.19
2014.09.10 06:48:24.286,0.97445,0.97455,3.07,1.25
2014.09.10 06:48:24.828,0.97445,0.97454,1.57,1.00
2014.09.10 06:48:25.565,0.97444,0.97454,3.26,1.00
2014.09.10 06:48:26.006,0.97445,0.97454,1.50,1.25
2014.09.10 06:48:26.545,0.97445,0.97454,2.25,1.25
2014.09.10 06:48:27.905,0.97445,0.97454,1.10,1.25
2014.09.10 06:48:28.413,0.97445,0.97454,2.57,1.25
2014.09.10 06:48:30.327,0.97445,0.97454,2.32,1.25
2014.09.10 06:48:31.935,0.97445,0.97454,1.10,1.10
2014.09.10 06:48:32.441,0.97445,0.97454,1.57,1.01
2014.09.10 06:48:33.035,0.97445,0.97454,2.57,1.01
2014.09.10 06:48:35.970,0.97445,0.97454,1.10,1.07
2014.09.10 06:48:36.021,0.97443,0.97454,1.65,1.32
2014.09.10 06:48:36.376,0.97441,0.97451,1.19,1.10
2014.09.10 06:48:36.681,0.97437,0.97448,1.10,1.76
2014.09.10 06:48:36.884,0.97435,0.97447,1.65,1.84
2014.09.10 06:48:37.189,0.97439,0.97447,1.12,1.50
2014.09.10 06:48:37.392,0.97441,0.9745,1.20,1.00
2014.09.10 06:48:37.494,0.97444,0.97451,2.25,1.00
2014.09.10 06:48:37.798,0.9745,0.97459,1.50,1.00
2014.09.10 06:48:38.314,0.9745,0.9746,3.26,1.25
2014.09.10 06:48:39.133,0.9745,0.97461,3.26,1.76
2014.09.10 06:48:39.904,0.97452,0.97462,1.01,1.76
2014.09.10 06:48:40.509,0.97452,0.97463,2.51,2.96
2014.09.10 06:48:41.777,0.97452,0.97463,2.59,2.14
2014.09.10 06:48:42.319,0.97453,0.97463,1.50,1.69
2014.09.10 06:48:42.866,0.97453,0.97463,1.69,2.44
2014.09.10 06:48:44.884,0.97453,0.97463,1.09,1.19
2014.09.10 06:48:45.289,0.97452,0.97463,1.57,2.14
2014.09.10 06:48:45.441,0.97452,0.97461,1.20,1.19
2014.09.10 06:48:45.594,0.97451,0.9746,1.20,1.50
2014.09.10 06:48:45.645,0.97448,0.97459,2.77,2.06
2014.09.10 06:48:45.899,0.97446,0.97458,1.01,1.76
2014.09.10 06:48:45.950,0.97446,0.97458,1.10,2.51
2014.09.10 06:48:46.304,0.97447,0.97458,1.10,1.69
2014.09.10 06:48:46.457,0.97447,0.97458,5.11,1.00
2014.09.10 06:48:46.761,0.97449,0.97461,5.29,2.81
2014.09.10 06:48:47.299,0.97449,0.9746,1.91,1.00
2014.09.10 06:48:47.809,0.97449,0.9746,1.20,1.69
2014.09.10 06:48:48.012,0.97449,0.9746,5.15,1.00
2014.09.10 06:48:48.587,0.97449,0.9746,2.93,1.25
2014.09.10 06:48:49.727,0.97449,0.97459,2.66,1.00
2014.09.10 06:48:51.959,0.97449,0.97461,2.96,3.26
2014.09.10 06:48:52.010,0.97449,0.97461,2.94,3.26
2014.09.10 06:48:53.249,0.97449,0.97461,2.96,3.26
2014.09.10 06:48:53.917,0.97449,0.97461,2.93,3.64
2014.09.10 06:48:54.321,0.97449,0.97457,1.91,1.00
2014.09.10 06:48:54.423,0.97448,0.97457,1.09,1.00
2014.09.10 06:48:54.700,0.97447,0.97455,1.46,1.00
2014.09.10 06:48:55.005,0.97447,0.97456,1.09,1.00
2014.09.10 06:48:55.107,0.97447,0.97454,1.09,1.00
2014.09.10 06:48:55.411,0.97446,0.97456,4.84,1.00
2014.09.10 06:48:55.512,0.97446,0.97454,1.91,1.00
2014.09.10 06:48:56.911,0.97446,0.97454,3.71,1.00
2014.09.10 06:48:57.214,0.97448,0.97454,3.30,1.00
2014.09.10 06:48:57.317,0.97448,0.97457,6.26,1.00
2014.09.10 06:48:57.519,0.9745,0.97459,1.57,1.00
2014.09.10 06:48:57.975,0.9745,0.97454,1.10,1.00
2014.09.10 06:48:58.076,0.97446,0.97454,3.64,1.00
2014.09.10 06:48:58.178,0.97446,0.97452,1.31,1.00
2014.09.10 06:48:58.684,0.97445,0.97452,2.81,1.00
2014.09.10 06:48:59.451,0.97444,0.97452,2.96,1.00
2014.09.10 06:48:59.969,0.97444,0.97451,3.04,1.00
2014.09.10 06:49:00.172,0.97444,0.97453,5.60,1.00
2014.09.10 06:49:00.995,0.97444,0.97453,2.96,1.00
2014.09.10 06:49:01.046,0.97444,0.97451,2.13,1.00
2014.09.10 06:49:01.453,0.97443,0.9745,1.84,1.00
2014.09.10 06:49:01.556,0.97443,0.9745,2.84,1.00
2014.09.10 06:49:02.102,0.97442,0.9745,1.19,1.10
2014.09.10 06:49:02.405,0.9744,0.97446,1.01,1.00
2014.09.10 06:49:02.710,0.97438,0.97443,1.50,1.00
2014.09.10 06:49:03.430,0.97438,0.97443,1.25,1.00
2014.09.10 06:49:03.999,0.97438,0.97443,1.19,1.00
2014.09.10 06:49:06.583,0.97438,0.97443,1.25,1.00
2014.09.10 06:49:07.948,0.97435,0.97443,5.21,1.00
2014.09.10 06:49:09.075,0.97435,0.97443,2.96,1.00
2014.09.10 06:49:09.861,0.97435,0.97443,2.96,1.00
2014.09.10 06:49:10.025,0.97435,0.97445,3.71,1.00
2014.09.10 06:49:10.585,0.97435,0.97445,4.53,1.00
2014.09.10 06:49:12.462,0.97435,0.97445,3.71,1.00
2014.09.10 06:49:13.491,0.97435,0.97445,4.46,1.00
2014.09.10 06:49:14.678,0.97435,0.97445,4.46,1.00
2014.09.10 06:49:15.247,0.97437,0.97445,3.49,1.00
2014.09.10 06:49:15.349,0.97437,0.97447,5.49,1.00
2014.09.10 06:49:16.186,0.97437,0.97447,3.03,1.00
2014.09.10 06:49:16.744,0.97437,0.97447,3.34,1.00
2014.09.10 06:49:17.414,0.97437,0.97447,3.04,1.00
2014.09.10 06:49:18.392,0.97437,0.97447,3.34,1.50
2014.09.10 06:49:22.825,0.97439,0.97447,2.10,1.00
2014.09.10 06:49:22.926,0.9744,0.97449,2.55,1.00
2014.09.10 06:49:23.331,0.9744,0.97449,1.25,1.00
2014.09.10 06:49:23.937,0.97439,0.97448,2.21,1.00
2014.09.10 06:49:24.447,0.97439,0.97448,2.46,1.00
2014.09.10 06:49:25.037,0.97439,0.97448,2.58,1.00
2014.09.10 06:49:26.218,0.97439,0.97448,1.65,1.00
2014.09.10 06:49:26.320,0.97439,0.97445,1.10,1.00
2014.09.10 06:49:26.471,0.97438,0.97445,1.10,1.00
2014.09.10 06:49:27.756,0.97438,0.97447,1.10,1.10
2014.09.10 06:49:28.212,0.97438,0.97447,1.01,1.00
2014.09.10 06:49:28.418,0.97438,0.97447,1.10,1.00
2014.09.10 06:49:29.726,0.97438,0.97447,3.31,1.00
2014.09.10 06:49:29.827,0.97438,0.9745,4.06,2.59
2014.09.10 06:49:30.436,0.97439,0.9745,1.46,2.51
2014.09.10 06:49:34.920,0.97439,0.9745,2.56,1.07
2014.09.10 06:49:38.913,0.9744,0.9745,1.69,1.10
2014.09.10 06:49:39.111,0.9744,0.97447,2.79,1.00
2014.09.10 06:49:39.623,0.9744,0.97446,1.10,1.00
2014.09.10 06:49:40.131,0.9744,0.97446,1.10,1.00
2014.09.10 06:49:40.634,0.9744,0.97446,1.10,1.00
2014.09.10 06:49:41.835,0.9744,0.97448,1.10,1.10
2014.09.10 06:49:42.090,0.9744,0.97447,1.00,1.87
2014.09.10 06:49:42.243,0.97433,0.9744,1.00,1.15
2014.09.10 06:49:42.294,0.9743,0.97439,1.10,2.02
2014.09.10 06:49:42.345,0.9743,0.97438,1.10,2.32
2014.09.10 06:49:42.447,0.97429,0.97438,1.10,1.10
2014.09.10 06:49:42.498,0.97429,0.97436,1.10,1.00
2014.09.10 06:49:42.964,0.9743,0.97437,1.50,1.00
2014.09.10 06:49:43.166,0.9743,0.97439,1.76,1.00
2014.09.10 06:49:43.319,0.9743,0.97439,2.66,1.00
2014.09.10 06:49:43.471,0.9743,0.97441,2.66,1.00
2014.09.10 06:49:44.153,0.97431,0.97442,1.39,1.00
2014.09.10 06:49:44.507,0.97432,0.97442,1.39,1.00
2014.09.10 06:49:44.811,0.97433,0.97445,2.02,2.44
2014.09.10 06:49:45.548,0.97435,0.97446,1.39,1.25
2014.09.10 06:49:46.069,0.97435,0.97447,3.78,1.10
2014.09.10 06:49:46.170,0.97435,0.97447,5.39,1.00
2014.09.10 06:49:46.373,0.97439,0.97451,1.57,2.25
2014.09.10 06:49:47.157,0.97439,0.97451,4.54,1.50
2014.09.10 06:49:47.382,0.97442,0.97452,3.67,1.00
2014.09.10 06:49:47.434,0.97444,0.97457,3.52,2.59
2014.09.10 06:49:47.942,0.97445,0.97455,1.76,1.00
2014.09.10 06:49:48.451,0.97445,0.97456,3.71,1.50
2014.09.10 06:49:48.704,0.97446,0.97458,1.57,2.06
2014.09.10 06:49:49.383,0.97447,0.97458,2.77,1.00
2014.09.10 06:49:49.485,0.97448,0.97458,1.76,1.00
2014.09.10 06:49:49.637,0.9745,0.9746,1.50,1.84
2014.09.10 06:49:49.890,0.9745,0.97462,5.66,1.10
2014.09.10 06:49:50.295,0.9745,0.9746,4.26,1.00
2014.09.10 06:49:50.396,0.9745,0.9746,1.76,1.00
2014.09.10 06:49:50.925,0.9745,0.97461,5.01,1.20
2014.09.10 06:49:51.026,0.9745,0.97461,2.51,1.20
2014.09.10 06:49:51.179,0.97451,0.97461,1.69,1.20
2014.09.10 06:49:51.491,0.97451,0.97461,3.51,1.20
2014.09.10 06:49:51.643,0.97451,0.97461,2.69,1.20
2014.09.10 06:49:52.047,0.97451,0.97463,2.57,2.70
2014.09.10 06:49:52.563,0.97453,0.97465,3.07,1.69
2014.09.10 06:49:52.614,0.97455,0.97465,1.50,1.19
2014.09.10 06:49:52.716,0.97455,0.97467,5.51,2.89
2014.09.10 06:49:52.868,0.97456,0.97467,1.76,1.76
2014.09.10 06:49:53.020,0.97457,0.97469,6.67,1.69
2014.09.10 06:49:53.122,0.97457,0.97467,5.51,1.00
2014.09.10 06:49:53.173,0.97457,0.97467,2.51,1.00
2014.09.10 06:49:53.376,0.97455,0.97467,4.09,1.17
2014.09.10 06:49:53.703,0.97455,0.97467,4.34,2.02
2014.09.10 06:49:53.832,0.97455,0.97467,4.09,2.02
2014.09.10 06:49:54.137,0.97456,0.97468,2.59,2.21
2014.09.10 06:49:54.541,0.97457,0.97469,2.66,2.14
2014.09.10 06:49:55.300,0.97458,0.9747,2.51,1.95
2014.09.10 06:49:55.775,0.97459,0.97472,2.40,2.14
2014.09.10 06:49:55.826,0.9746,0.97469,1.76,1.87
2014.09.10 06:49:56.348,0.9746,0.97469,1.25,1.87
2014.09.10 06:49:57.364,0.9746,0.97471,1.00,1.76
2014.09.10 06:49:57.465,0.9746,0.97473,2.86,2.59
2014.09.10 06:49:58.408,0.97462,0.97473,1.57,1.76
2014.09.10 06:49:58.914,0.97463,0.97474,2.25,1.46
2014.09.10 06:49:59.539,0.97463,0.97474,3.54,1.46
2014.09.10 06:50:01.678,0.97463,0.97474,3.54,3.07
2014.09.10 06:50:01.986,0.97464,0.97474,1.31,2.32
2014.09.10 06:50:02.090,0.97464,0.97476,4.38,3.07
2014.09.10 06:50:02.141,0.97464,0.97476,5.13,1.17
2014.09.10 06:50:02.816,0.97466,0.97478,1.69,4.76
2014.09.10 06:50:03.120,0.97467,0.97478,1.69,3.07
2014.09.10 06:50:03.272,0.97468,0.9748,1.87,6.00
2014.09.10 06:50:03.777,0.97468,0.97479,2.39,3.26
2014.09.10 06:50:04.296,0.97468,0.97479,2.45,3.07
2014.09.10 06:50:04.835,0.97468,0.97479,4.39,1.17
2014.09.10 06:50:07.350,0.97468,0.97479,1.76,1.17
2014.09.10 06:50:07.604,0.97468,0.97478,1.76,2.32
2014.09.10 06:50:08.377,0.97468,0.97478,1.01,2.32
2014.09.10 06:50:09.276,0.97468,0.97478,1.29,2.70
2014.09.10 06:50:13.358,0.97468,0.97478,1.01,2.70
2014.09.10 06:50:15.911,0.97466,0.97477,1.31,1.72
2014.09.10 06:50:15.963,0.97465,0.97474,1.87,1.10
2014.09.10 06:50:16.065,0.97463,0.97473,1.19,1.27
2014.09.10 06:50:16.570,0.97463,0.97472,1.19,1.65
2014.09.10 06:50:16.672,0.9746,0.97472,3.94,1.65
2014.09.10 06:50:17.494,0.9746,0.97473,4.76,4.95
2014.09.10 06:50:17.545,0.9746,0.97473,6.04,2.32
2014.09.10 06:50:18.069,0.97462,0.97474,2.32,1.10
2014.09.10 06:50:18.729,0.97463,0.97474,1.50,1.07
2014.09.10 06:50:19.246,0.97463,0.97474,1.76,2.21
2014.09.10 06:50:19.788,0.97463,0.97474,1.84,2.14
2014.09.10 06:50:20.313,0.97464,0.97474,2.32,1.31
2014.09.10 06:50:20.972,0.97464,0.97475,1.16,1.31
2014.09.10 06:50:21.326,0.97464,0.97475,3.24,3.00
2014.09.10 06:50:21.681,0.97464,0.97476,5.58,1.45
2014.09.10 06:50:22.138,0.97464,0.97475,4.01,3.37
2014.09.10 06:50:22.492,0.97464,0.97475,2.51,2.77
2014.09.10 06:50:22.848,0.97463,0.97473,1.76,1.95
2014.09.10 06:50:22.950,0.97462,0.97472,1.01,1.07
2014.09.10 06:50:23.406,0.97462,0.97472,1.10,3.90
2014.09.10 06:50:23.508,0.9746,0.97469,1.01,1.45
2014.09.10 06:50:23.964,0.9746,0.97467,1.10,1.07
2014.09.10 06:50:24.015,0.97458,0.97467,1.01,1.15
2014.09.10 06:50:24.537,0.97458,0.97467,1.19,1.15
2014.09.10 06:50:24.814,0.97458,0.97469,1.10,5.81
2014.09.10 06:50:25.069,0.97456,0.97466,1.76,2.25
2014.09.10 06:50:25.171,0.97456,0.97468,2.59,3.45
2014.09.10 06:50:25.707,0.97456,0.97468,4.01,1.52
2014.09.10 06:50:26.235,0.97456,0.97467,3.26,2.77
2014.09.10 06:50:26.539,0.97456,0.97467,1.76,4.95
2014.09.10 06:50:26.641,0.97456,0.97467,3.26,4.20
2014.09.10 06:50:26.995,0.97456,0.97465,1.76,2.70
2014.09.10 06:50:27.350,0.97454,0.97464,2.51,1.52
2014.09.10 06:50:27.452,0.97453,0.97464,1.01,1.65
2014.09.10 06:50:27.503,0.97453,0.97463,1.01,5.25
2014.09.10 06:50:27.655,0.9745,0.9746,1.76,1.20
2014.09.10 06:50:27.706,0.9745,0.9746,1.76,1.27
2014.09.10 06:50:28.212,0.97449,0.97458,1.01,1.17
2014.09.10 06:50:30.789,0.97447,0.97457,2.51,1.10
2014.09.10 06:50:33.123,0.97447,0.97457,1.76,1.15
2014.09.10 06:50:33.579,0.97446,0.97456,1.76,1.57
2014.09.10 06:50:33.883,0.97446,0.97457,1.01,2.14
2014.09.10 06:50:34.395,0.97445,0.97455,1.84,1.10
2014.09.10 06:50:35.839,0.97445,0.97455,2.84,1.00
2014.09.10 06:50:37.971,0.97445,0.97455,1.76,1.00
2014.09.10 06:50:38.034,0.97445,0.97455,2.76,1.00
2014.09.10 06:50:38.540,0.97445,0.97457,5.96,1.20
2014.09.10 06:50:39.773,0.97446,0.97457,1.57,1.20
2014.09.10 06:50:40.293,0.97446,0.97457,5.09,1.20
2014.09.10 06:50:41.657,0.97446,0.97457,5.09,1.20
2014.09.10 06:50:42.203,0.97446,0.97459,4.83,1.46
2014.09.10 06:50:42.720,0.97446,0.97457,2.76,1.39
2014.09.10 06:50:44.382,0.97446,0.97457,2.82,1.46
2014.09.10 06:50:46.021,0.97446,0.97458,2.84,1.46
2014.09.10 06:50:46.123,0.97446,0.97458,3.79,1.12
2014.09.10 06:50:46.275,0.97448,0.97458,1.69,1.00
2014.09.10 06:50:46.377,0.97448,0.97459,3.64,1.10
2014.09.10 06:50:46.529,0.97448,0.97459,3.89,1.01
2014.09.10 06:50:47.052,0.97449,0.97461,1.69,3.26
2014.09.10 06:50:47.661,0.97449,0.97461,1.10,3.26
2014.09.10 06:50:48.210,0.97449,0.9746,1.10,1.15
2014.09.10 06:50:50.018,0.97449,0.9746,1.10,1.10
2014.09.10 06:50:50.627,0.97449,0.9746,2.76,1.10
2014.09.10 06:50:52.237,0.97449,0.97463,8.21,4.39
2014.09.10 06:50:52.808,0.97451,0.97463,1.12,1.39
2014.09.10 06:50:53.538,0.97451,0.97463,4.64,1.39
2014.09.10 06:50:54.026,0.97451,0.97461,1.12,1.15
2014.09.10 06:50:54.331,0.9745,0.97459,1.25,1.09
2014.09.10 06:50:54.836,0.9745,0.97461,5.13,1.10
2014.09.10 06:50:55.089,0.97449,0.97461,2.14,1.84
2014.09.10 06:50:55.626,0.97449,0.97462,4.53,1.36
2014.09.10 06:50:56.132,0.97449,0.97459,1.47,1.10
2014.09.10 06:50:56.234,0.97449,0.97459,1.12,1.10
2014.09.10 06:50:56.487,0.97448,0.97457,1.25,1.10
2014.09.10 06:50:56.689,0.97448,0.9746,1.69,1.65
2014.09.10 06:50:56.943,0.97448,0.9746,3.44,1.65
2014.09.10 06:50:57.297,0.9745,0.97461,1.57,1.20
2014.09.10 06:50:57.752,0.97449,0.97461,2.51,1.65
2014.09.10 06:50:57.803,0.97449,0.9746,1.76,1.07
2014.09.10 06:50:58.377,0.97449,0.97459,1.01,1.00
2014.09.10 06:50:58.922,0.97449,0.9746,1.29,1.10
2014.09.10 06:50:59.804,0.97449,0.9746,2.90,1.07
2014.09.10 06:51:04.891,0.97449,0.9746,1.46,2.51
2014.09.10 06:51:05.434,0.97447,0.97458,2.96,2.51
2014.09.10 06:51:05.940,0.97447,0.97458,1.25,3.22
2014.09.10 06:51:06.747,0.97447,0.97458,2.50,1.91
2014.09.10 06:51:07.266,0.97447,0.97457,1.00,1.00
2014.09.10 06:51:08.401,0.97446,0.97457,2.21,1.57
2014.09.10 06:51:08.755,0.97444,0.97456,2.62,5.47
2014.09.10 06:51:09.059,0.97446,0.97456,2.32,2.62
2014.09.10 06:51:09.312,0.97446,0.97458,2.90,1.72
2014.09.10 06:51:09.363,0.97446,0.97458,3.71,1.30
2014.09.10 06:51:09.617,0.97447,0.9746,2.92,1.57
2014.09.10 06:51:09.769,0.97449,0.97462,1.20,1.57
2014.09.10 06:51:10.763,0.97449,0.97462,4.54,1.76
2014.09.10 06:51:11.780,0.97449,0.97462,4.54,1.76
2014.09.10 06:51:12.501,0.97449,0.97462,4.53,1.76
2014.09.10 06:51:13.714,0.97449,0.97462,4.53,1.57
2014.09.10 06:51:15.038,0.97449,0.97461,4.53,1.00
2014.09.10 06:51:17.694,0.97449,0.97461,3.41,1.62
2014.09.10 06:51:17.998,0.97451,0.97461,1.50,1.12
2014.09.10 06:51:18.504,0.97451,0.97462,4.31,1.20
2014.09.10 06:51:19.105,0.97451,0.97461,4.31,1.00
2014.09.10 06:51:21.093,0.97453,0.97461,2.25,1.20
2014.09.10 06:51:21.397,0.97455,0.97466,2.51,1.87
2014.09.10 06:51:21.448,0.97455,0.97466,3.53,1.87
2014.09.10 06:51:21.500,0.97455,0.97466,3.43,1.57
2014.09.10 06:51:21.551,0.97454,0.97464,1.84,1.00
2014.09.10 06:51:22.514,0.97453,0.97463,1.19,1.17
2014.09.10 06:51:22.818,0.97453,0.9746,1.19,1.00
2014.09.10 06:51:23.363,0.97452,0.9746,1.69,1.00
2014.09.10 06:51:25.303,0.97451,0.9746,1.50,1.00
2014.09.10 06:51:25.405,0.9745,0.97457,1.25,1.00
2014.09.10 06:51:25.911,0.97448,0.97457,1.19,1.00
2014.09.10 06:51:26.531,0.97448,0.97457,2.31,1.00
2014.09.10 06:51:26.856,0.9745,0.97458,1.12,1.00
2014.09.10 06:51:27.460,0.97449,0.97458,2.14,1.00
2014.09.10 06:51:27.511,0.97449,0.97456,2.14,1.00
2014.09.10 06:51:27.765,0.97449,0.97459,3.24,1.00
2014.09.10 06:51:27.867,0.9745,0.9746,1.57,1.00
2014.09.10 06:51:27.968,0.9745,0.9746,3.24,1.00
2014.09.10 06:51:28.272,0.9745,0.97458,1.29,1.00
2014.09.10 06:51:28.374,0.97449,0.97458,1.84,1.00
2014.09.10 06:51:28.916,0.97449,0.97458,1.84,1.00
2014.09.10 06:51:29.444,0.97452,0.97458,1.01,1.00
2014.09.10 06:51:29.597,0.97452,0.9746,3.66,1.00
2014.09.10 06:51:29.648,0.97453,0.9746,2.40,1.00
2014.09.10 06:51:29.699,0.97454,0.97462,1.57,1.00
2014.09.10 06:51:29.800,0.97454,0.97464,2.76,1.00
2014.09.10 06:51:30.667,0.97454,0.97464,4.19,1.00
2014.09.10 06:51:31.724,0.97454,0.97464,3.06,1.00
2014.09.10 06:51:32.837,0.97454,0.97464,4.56,1.00
2014.09.10 06:51:33.377,0.97454,0.97464,2.31,1.00
2014.09.10 06:51:34.877,0.97454,0.97464,4.56,1.50
2014.09.10 06:51:35.845,0.97454,0.97464,2.31,1.50
2014.09.10 06:51:36.032,0.97454,0.97464,3.81,1.50
2014.09.10 06:51:36.834,0.97454,0.97464,4.56,1.50
2014.09.10 06:51:37.638,0.97454,0.97464,2.06,1.50
2014.09.10 06:51:37.740,0.97454,0.97464,5.06,1.00
2014.09.10 06:51:37.841,0.97454,0.97465,5.13,1.07
2014.09.10 06:51:37.945,0.97456,0.97466,3.37,1.00
2014.09.10 06:51:38.046,0.97457,0.97464,1.20,1.00
2014.09.10 06:51:38.148,0.97457,0.97466,3.14,1.00
2014.09.10 06:51:38.690,0.97458,0.97466,2.32,1.00
2014.09.10 06:51:38.994,0.9746,0.97467,2.96,1.00
2014.09.10 06:51:39.096,0.9746,0.97467,2.39,1.00
2014.09.10 06:51:39.197,0.97459,0.97467,2.14,1.00
2014.09.10 06:51:39.709,0.97457,0.97466,1.56,1.10
2014.09.10 06:51:40.219,0.97457,0.97465,1.56,1.00
2014.09.10 06:51:41.509,0.97457,0.97465,1.19,1.00
2014.09.10 06:51:42.071,0.97457,0.97465,2.06,1.00
2014.09.10 06:51:42.613,0.97458,0.97466,2.32,1.00
2014.09.10 06:51:43.155,0.9746,0.97466,2.81,1.00
2014.09.10 06:51:45.276,0.9746,0.97471,3.99,1.10
2014.09.10 06:51:45.327,0.97461,0.97469,1.01,1.00
2014.09.10 06:51:45.378,0.97461,0.97469,1.01,1.00
2014.09.10 06:51:45.429,0.97461,0.97471,1.76,1.00
2014.09.10 06:51:45.631,0.97462,0.97472,2.06,1.00
2014.09.10 06:51:46.170,0.97462,0.97472,3.99,1.10
2014.09.10 06:51:47.915,0.97462,0.97472,3.71,1.10
2014.09.10 06:51:50.812,0.97462,0.97472,1.65,1.10
2014.09.10 06:51:51.117,0.9746,0.97469,1.32,1.00
2014.09.10 06:51:51.623,0.97459,0.97468,1.19,1.00
2014.09.10 06:51:52.131,0.97459,0.97469,1.25,1.00
2014.09.10 06:51:52.664,0.97459,0.97469,3.06,1.00
2014.09.10 06:51:52.968,0.97462,0.97471,2.96,1.00
2014.09.10 06:51:53.019,0.97462,0.97473,4.06,1.00
2014.09.10 06:51:53.222,0.97464,0.97475,2.21,1.10
2014.09.10 06:51:53.577,0.97464,0.97472,2.41,1.00
2014.09.10 06:51:53.880,0.97461,0.97471,1.50,2.89
2014.09.10 06:51:54.083,0.97459,0.97468,1.01,1.09
2014.09.10 06:51:54.387,0.97459,0.97465,1.01,1.00
2014.09.10 06:51:54.994,0.97459,0.97468,1.84,1.00
2014.09.10 06:51:55.196,0.97459,0.97468,1.10,1.10
2014.09.10 06:51:55.684,0.9746,0.9747,1.76,1.00
2014.09.10 06:51:55.887,0.97461,0.97473,2.77,1.25
2014.09.10 06:51:55.938,0.97461,0.97473,4.06,2.06
2014.09.10 06:51:56.191,0.97461,0.97473,3.64,2.96
2014.09.10 06:51:56.705,0.97461,0.97473,3.64,2.96
2014.09.10 06:51:57.423,0.97461,0.97473,4.39,3.71
2014.09.10 06:51:57.932,0.97461,0.97472,3.16,1.20
2014.09.10 06:51:58.690,0.97461,0.97472,3.64,1.20
2014.09.10 06:51:58.842,0.9746,0.9747,2.96,1.00
2014.09.10 06:51:59.448,0.9746,0.9747,3.21,1.00
2014.09.10 06:52:00.458,0.9746,0.9747,2.21,1.00
2014.09.10 06:52:01.575,0.9746,0.9747,2.39,1.00
2014.09.10 06:52:02.340,0.9746,0.9747,3.95,1.07
2014.09.10 06:52:02.766,0.9746,0.9747,1.76,1.15
2014.09.10 06:52:03.279,0.9746,0.9747,1.01,1.15
2014.09.10 06:52:03.853,0.9746,0.97469,1.10,1.17
2014.09.10 06:52:04.394,0.9746,0.97469,1.10,1.01
2014.09.10 06:52:06.298,0.9746,0.9747,2.22,1.20
2014.09.10 06:52:06.618,0.97463,0.9747,1.50,1.20
2014.09.10 06:52:06.770,0.97463,0.97473,1.10,1.50
2014.09.10 06:52:07.861,0.97463,0.97471,1.10,1.10
2014.09.10 06:52:07.963,0.97462,0.97471,1.10,1.20
2014.09.10 06:52:08.165,0.97462,0.97471,1.10,1.84
2014.09.10 06:52:08.496,0.97462,0.97472,1.10,1.19
2014.09.10 06:52:09.068,0.97462,0.97472,1.10,1.00
2014.09.10 06:52:09.574,0.97462,0.97472,1.10,2.44
2014.09.10 06:52:09.727,0.97462,0.97471,1.10,1.25
2014.09.10 06:52:10.297,0.97462,0.97471,1.10,1.19
2014.09.10 06:52:13.341,0.97461,0.97471,1.30,2.44
2014.09.10 06:52:13.443,0.97461,0.97468,1.30,1.00
2014.09.10 06:52:13.544,0.97458,0.97467,1.10,1.12
2014.09.10 06:52:13.645,0.97456,0.97467,2.25,2.96
2014.09.10 06:52:13.797,0.97456,0.97465,1.50,1.07
2014.09.10 06:52:14.302,0.97456,0.97465,1.10,1.07
2014.09.10 06:52:16.127,0.97456,0.97465,1.10,1.00
2014.09.10 06:52:16.178,0.97455,0.97465,2.89,1.00
2014.09.10 06:52:16.288,0.97455,0.97465,3.89,1.00
2014.09.10 06:52:16.544,0.97458,0.97469,2.06,1.00
2014.09.10 06:52:17.056,0.97459,0.97471,1.31,2.89
2014.09.10 06:52:17.107,0.97459,0.97471,2.96,2.89
2014.09.10 06:52:17.632,0.97459,0.97471,1.20,2.51
2014.09.10 06:52:17.785,0.97459,0.97468,1.10,1.00
2014.09.10 06:52:18.294,0.97457,0.97468,2.89,1.09
2014.09.10 06:52:18.816,0.97457,0.97468,2.88,1.17
2014.09.10 06:52:19.653,0.97457,0.97468,3.04,1.10
2014.09.10 06:52:20.104,0.97457,0.97468,3.78,1.10
2014.09.10 06:52:20.308,0.9746,0.97471,1.50,1.10
2014.09.10 06:52:21.006,0.9746,0.97471,3.31,1.69
2014.09.10 06:52:21.523,0.9746,0.97471,3.03,1.25
2014.09.10 06:52:22.054,0.9746,0.97471,1.20,1.36
2014.09.10 06:52:22.256,0.9746,0.97471,2.22,1.36
2014.09.10 06:52:22.459,0.9746,0.9747,1.20,1.01
2014.09.10 06:52:24.972,0.9746,0.9747,1.10,1.01
2014.09.10 06:52:26.333,0.9746,0.97471,1.10,1.29
2014.09.10 06:52:27.249,0.9746,0.97471,1.20,1.25
2014.09.10 06:52:27.401,0.9746,0.97471,2.37,1.25
2014.09.10 06:52:27.912,0.97461,0.97471,1.57,1.25
2014.09.10 06:52:28.433,0.97461,0.97473,2.59,1.29
2014.09.10 06:52:28.982,0.97461,0.97473,2.86,1.29
2014.09.10 06:52:29.484,0.97461,0.97473,2.11,1.01
2014.09.10 06:52:30.013,0.97461,0.97473,2.11,1.29
2014.09.10 06:52:33.673,0.97461,0.97472,1.84,1.25
2014.09.10 06:52:36.155,0.97461,0.97472,1.10,5.44
2014.09.10 06:52:36.662,0.9746,0.97472,3.34,3.34
2014.09.10 06:52:37.491,0.9746,0.97472,4.09,4.09
2014.09.10 06:52:39.286,0.9746,0.97472,4.46,2.59
2014.09.10 06:52:40.795,0.9746,0.97472,3.79,2.51
2014.09.10 06:52:41.304,0.9746,0.97471,3.14,1.50
2014.09.10 06:52:41.607,0.9746,0.97471,2.14,1.17
2014.09.10 06:52:43.223,0.97458,0.9747,2.25,1.65
2014.09.10 06:52:43.325,0.97457,0.97469,1.76,1.40
2014.09.10 06:52:43.729,0.97457,0.97467,1.19,1.65
2014.09.10 06:52:46.411,0.97457,0.97467,1.00,1.84
2014.09.10 06:52:46.656,0.97457,0.97467,1.69,1.65
2014.09.10 06:52:47.162,0.97456,0.97466,1.31,1.10
2014.09.10 06:52:47.213,0.97456,0.97466,3.06,1.10
2014.09.10 06:52:47.618,0.97459,0.97466,1.87,1.00
2014.09.10 06:52:47.669,0.97459,0.97469,3.70,1.10
2014.09.10 06:52:47.872,0.9746,0.9747,3.71,1.10
2014.09.10 06:52:48.125,0.97462,0.97472,1.01,1.20
2014.09.10 06:52:48.952,0.97462,0.97472,3.95,1.20
2014.09.10 06:52:49.485,0.97461,0.97471,1.69,1.10
2014.09.10 06:52:50.522,0.9746,0.97471,1.29,1.87
2014.09.10 06:52:51.321,0.9746,0.97471,1.36,2.25
2014.09.10 06:52:53.222,0.9746,0.97471,1.32,2.32
2014.09.10 06:52:53.670,0.9746,0.97471,5.96,1.00
2014.09.10 06:52:53.975,0.97461,0.97473,3.15,1.50
2014.09.10 06:52:54.026,0.97461,0.97473,7.46,1.00
2014.09.10 06:52:56.336,0.97464,0.97473,1.39,1.00
2014.09.10 06:52:56.640,0.97466,0.97475,3.15,1.00
2014.09.10 06:52:56.691,0.97466,0.97477,4.40,1.00
2014.09.10 06:52:59.092,0.97466,0.97477,4.40,1.57
2014.09.10 06:52:59.832,0.97466,0.97477,1.69,2.32
2014.09.10 06:53:00.566,0.97466,0.97475,1.19,1.00
2014.09.10 06:53:01.243,0.97466,0.97475,1.25,1.00
2014.09.10 06:53:03.341,0.97466,0.97475,1.00,1.10
2014.09.10 06:53:03.594,0.97467,0.97477,1.69,1.00
2014.09.10 06:53:03.909,0.97467,0.97477,3.56,1.00
2014.09.10 06:53:04.899,0.97467,0.97477,3.06,1.00
2014.09.10 06:53:07.862,0.97467,0.97477,3.81,1.00
2014.09.10 06:53:08.267,0.97469,0.97479,1.76,1.20
2014.09.10 06:53:12.032,0.97469,0.97478,1.00,1.00
2014.09.10 06:53:12.911,0.97469,0.97476,1.00,1.00
2014.09.10 06:53:13.417,0.97469,0.97475,1.00,1.00
2014.09.10 06:53:13.621,0.97468,0.97473,1.25,1.00
2014.09.10 06:53:14.025,0.97466,0.97475,2.06,1.10
2014.09.10 06:53:14.552,0.97466,0.97474,1.31,1.50
2014.09.10 06:53:14.703,0.97465,0.97474,3.64,1.00
2014.09.10 06:53:15.549,0.97465,0.97474,3.96,1.00
2014.09.10 06:53:16.580,0.97465,0.97473,2.51,1.00
2014.09.10 06:53:16.681,0.97465,0.97473,1.00,1.00
2014.09.10 06:53:16.935,0.97465,0.97475,2.62,1.07
2014.09.10 06:53:17.440,0.97465,0.97475,3.37,1.00
2014.09.10 06:53:18.656,0.97466,0.97475,1.69,1.00
2014.09.10 06:53:19.205,0.97466,0.97475,5.13,1.00
2014.09.10 06:53:19.559,0.97467,0.97478,1.39,1.00
2014.09.10 06:53:19.661,0.97469,0.97478,1.12,1.00
2014.09.10 06:53:19.916,0.9747,0.97481,2.89,1.07
2014.09.10 06:53:20.018,0.97471,0.97481,1.12,1.57
2014.09.10 06:53:20.547,0.97472,0.97481,2.40,1.00
2014.09.10 06:53:21.002,0.97474,0.97484,1.65,1.00
2014.09.10 06:53:21.625,0.97474,0.97484,1.00,1.07
2014.09.10 06:53:22.235,0.97473,0.97483,1.76,1.10
2014.09.10 06:53:22.975,0.97473,0.97483,1.76,1.10
2014.09.10 06:53:24.169,0.97473,0.97483,1.76,1.10
2014.09.10 06:53:26.512,0.97473,0.97483,1.25,1.72
2014.09.10 06:53:28.073,0.97471,0.97481,1.69,1.20
2014.09.10 06:53:28.377,0.9747,0.97477,1.50,1.15
2014.09.10 06:53:28.478,0.9747,0.97479,1.25,1.10
2014.09.10 06:53:28.580,0.97468,0.97479,1.95,1.00
2014.09.10 06:53:28.681,0.97467,0.97477,1.10,1.00
2014.09.10 06:53:28.985,0.97466,0.97475,1.84,1.00
2014.09.10 06:53:29.036,0.97466,0.97478,1.26,1.57
2014.09.10 06:53:29.137,0.97465,0.97476,4.84,1.00
2014.09.10 06:53:29.289,0.97467,0.97478,1.01,1.00
2014.09.10 06:53:30.471,0.97466,0.97478,2.44,2.59
2014.09.10 06:53:30.522,0.97466,0.97476,1.69,1.07
2014.09.10 06:53:30.675,0.97464,0.97474,2.25,1.00
2014.09.10 06:53:31.183,0.97463,0.97473,1.00,1.00
2014.09.10 06:53:31.386,0.97463,0.97476,3.71,1.84
2014.09.10 06:53:31.487,0.97464,0.97476,1.31,1.84
2014.09.10 06:53:31.994,0.97464,0.97473,1.00,1.00
2014.09.10 06:53:33.986,0.97463,0.97473,1.00,1.10
2014.09.10 06:53:34.495,0.97463,0.97473,1.19,1.76
2014.09.10 06:53:35.318,0.97463,0.97473,1.00,1.76
2014.09.10 06:53:35.833,0.97463,0.97473,1.00,1.84
2014.09.10 06:53:36.341,0.97463,0.97473,1.00,1.50
2014.09.10 06:53:36.594,0.97463,0.97475,3.78,2.51
2014.09.10 06:53:37.100,0.97464,0.97475,1.20,1.10
2014.09.10 06:53:37.674,0.97464,0.97474,1.31,1.00
2014.09.10 06:53:38.177,0.97464,0.97474,1.25,1.00
2014.09.10 06:53:38.737,0.97464,0.97473,1.00,1.00
2014.09.10 06:53:40.284,0.97461,0.97473,2.59,1.50
2014.09.10 06:53:40.590,0.97461,0.97472,1.15,1.76
2014.09.10 06:53:41.115,0.97461,0.97472,1.10,1.19
2014.09.10 06:53:41.631,0.97461,0.97472,1.76,1.25
2014.09.10 06:53:42.660,0.97461,0.97474,2.11,4.39
2014.09.10 06:53:42.963,0.97465,0.97476,4.42,1.25
2014.09.10 06:53:43.488,0.97465,0.97476,4.84,1.25
2014.09.10 06:53:43.999,0.97465,0.97476,9.19,1.25
2014.09.10 06:53:44.520,0.97465,0.97476,5.44,1.00
2014.09.10 06:53:46.447,0.97465,0.97476,1.17,1.19
2014.09.10 06:53:46.649,0.97465,0.97477,4.53,1.50
2014.09.10 06:53:47.156,0.97465,0.97474,1.00,1.00
2014.09.10 06:53:47.207,0.97465,0.97474,1.65,1.00
2014.09.10 06:53:47.460,0.97463,0.97474,1.01,1.12
2014.09.10 06:53:47.979,0.97463,0.97474,1.01,1.20
2014.09.10 06:53:49.619,0.97463,0.97474,1.29,1.39
2014.09.10 06:53:50.194,0.97463,0.97474,1.36,1.31
2014.09.10 06:53:52.068,0.97463,0.97473,1.32,1.12
2014.09.10 06:53:52.220,0.97463,0.97475,3.31,3.07
2014.09.10 06:53:52.372,0.97464,0.97476,4.31,1.50
2014.09.10 06:53:52.892,0.97465,0.97478,1.12,2.81
2014.09.10 06:53:55.352,0.97466,0.97477,4.57,1.00
2014.09.10 06:53:56.604,0.97466,0.97478,6.33,1.00
2014.09.10 06:53:56.857,0.97466,0.97478,2.66,1.25
2014.09.10 06:53:56.908,0.97466,0.97476,2.94,1.00
2014.09.10 06:53:57.592,0.97466,0.97477,3.41,1.00
2014.09.10 06:53:58.200,0.97466,0.97478,4.16,1.00
2014.09.10 06:53:58.504,0.97467,0.97479,4.01,1.25
2014.09.10 06:53:59.033,0.97469,0.97479,1.76,1.25
2014.09.10 06:54:00.571,0.97469,0.97481,3.52,2.06
2014.09.10 06:54:02.414,0.97469,0.97481,3.79,2.59
2014.09.10 06:54:03.042,0.97469,0.97477,1.91,1.00
2014.09.10 06:54:03.093,0.97467,0.97477,2.66,1.00
2014.09.10 06:54:03.599,0.97466,0.97477,1.27,1.84
2014.09.10 06:54:03.700,0.97465,0.97476,2.81,1.39
2014.09.10 06:54:04.221,0.97465,0.97475,1.31,1.19
2014.09.10 06:54:04.749,0.97465,0.97475,1.12,1.25
2014.09.10 06:54:05.680,0.97465,0.97475,1.31,1.19
2014.09.10 06:54:06.676,0.97465,0.97475,2.02,1.01
2014.09.10 06:54:07.178,0.97465,0.97475,2.02,1.01
2014.09.10 06:54:13.701,0.97465,0.97475,3.04,1.50
2014.09.10 06:54:14.380,0.97465,0.97476,3.04,2.44
2014.09.10 06:54:14.903,0.97465,0.97476,2.29,2.25
2014.09.10 06:54:15.908,0.97465,0.97476,3.04,2.44
2014.09.10 06:54:16.161,0.97465,0.97478,6.71,1.76
2014.09.10 06:54:16.935,0.97468,0.97479,1.20,1.19
2014.09.10 06:54:17.139,0.97468,0.97479,3.05,1.19
2014.09.10 06:54:17.493,0.97468,0.9748,3.79,3.19
2014.09.10 06:54:18.236,0.97468,0.9748,4.54,2.44
2014.09.10 06:54:18.833,0.97468,0.9748,3.79,3.19
2014.09.10 06:54:19.491,0.97468,0.97476,2.02,1.00
2014.09.10 06:54:19.543,0.97466,0.97476,1.10,1.50
2014.09.10 06:54:19.645,0.97464,0.97475,3.64,1.26
2014.09.10 06:54:20.151,0.97464,0.97475,3.04,1.19
2014.09.10 06:54:20.653,0.97464,0.97476,2.29,1.69
2014.09.10 06:54:21.633,0.97464,0.97476,3.04,1.69
2014.09.10 06:54:22.202,0.97464,0.97476,2.89,1.36
2014.09.10 06:54:22.977,0.97464,0.97474,2.14,1.00
2014.09.10 06:54:23.635,0.97464,0.97474,1.31,1.20
2014.09.10 06:54:24.170,0.97464,0.97474,1.39,1.00
2014.09.10 06:54:26.813,0.97464,0.97474,1.31,1.57
2014.09.10 06:54:29.131,0.97464,0.97476,2.41,3.34
2014.09.10 06:54:29.637,0.97465,0.97477,2.89,1.84
2014.09.10 06:54:31.540,0.97465,0.97477,3.99,1.84
2014.09.10 06:54:32.528,0.97465,0.97477,1.69,4.01
2014.09.10 06:54:33.253,0.97465,0.97473,1.19,1.47
2014.09.10 06:54:33.304,0.97463,0.97473,1.10,1.95
2014.09.10 06:54:33.406,0.9746,0.97472,5.89,1.76
2014.09.10 06:54:34.402,0.9746,0.97472,1.29,1.76
2014.09.10 06:54:34.910,0.97462,0.97474,2.40,2.44
2014.09.10 06:54:35.214,0.97462,0.97476,2.96,4.46
2014.09.10 06:54:35.370,0.97462,0.97475,4.54,1.36
2014.09.10 06:54:35.900,0.97462,0.97473,2.06,1.27
2014.09.10 06:54:36.406,0.97462,0.97471,1.25,1.20
2014.09.10 06:54:36.456,0.9746,0.97471,1.69,1.65
2014.09.10 06:54:36.507,0.97459,0.9747,2.81,1.16
2014.09.10 06:54:36.659,0.97458,0.97468,2.81,1.07
2014.09.10 06:54:37.548,0.97458,0.97468,1.69,1.15
2014.09.10 06:54:38.315,0.97458,0.97468,2.69,1.10
2014.09.10 06:54:38.417,0.9746,0.9747,1.57,1.10
2014.09.10 06:54:38.570,0.97462,0.9747,2.06,1.10
2014.09.10 06:54:38.621,0.97463,0.97473,2.25,1.10
2014.09.10 06:54:38.773,0.97464,0.97477,1.50,3.15
2014.09.10 06:54:38.874,0.97465,0.97477,2.70,3.07
2014.09.10 06:54:41.240,0.97466,0.97476,1.09,1.00
2014.09.10 06:54:41.481,0.97466,0.97474,1.25,1.00
2014.09.10 06:54:41.785,0.97464,0.97474,1.25,1.00
2014.09.10 06:54:45.782,0.97463,0.97473,1.01,1.00
2014.09.10 06:54:46.511,0.97463,0.97473,1.84,1.00
2014.09.10 06:54:46.956,0.97463,0.97475,2.21,1.10
2014.09.10 06:54:48.534,0.97463,0.97475,2.21,2.32
2014.09.10 06:54:49.040,0.97465,0.97478,1.09,3.41
2014.09.10 06:54:49.982,0.97467,0.97476,1.12,1.01
2014.09.10 06:54:50.134,0.97467,0.9748,1.95,1.57
2014.09.10 06:54:50.286,0.97469,0.9748,2.02,1.10
2014.09.10 06:54:50.489,0.97469,0.97479,1.39,1.00
2014.09.10 06:54:50.995,0.97468,0.97478,1.25,1.00
2014.09.10 06:54:51.450,0.97468,0.97481,7.20,1.20
2014.09.10 06:54:51.804,0.9747,0.97483,2.25,1.00
2014.09.10 06:54:51.855,0.9747,0.97483,6.64,1.00
2014.09.10 06:54:52.007,0.97473,0.97485,2.77,1.76
2014.09.10 06:54:52.361,0.97474,0.97485,1.12,1.84
2014.09.10 06:54:53.104,0.97474,0.97485,2.69,1.84
2014.09.10 06:54:53.641,0.97474,0.97482,2.69,1.00
2014.09.10 06:54:54.202,0.97474,0.97485,2.75,1.84
2014.09.10 06:54:57.240,0.97474,0.97484,1.19,1.17
2014.09.10 06:54:57.447,0.97473,0.97483,1.39,1.20
2014.09.10 06:54:58.106,0.97472,0.97483,1.57,1.84
2014.09.10 06:54:58.157,0.97471,0.97482,1.50,1.76
2014.09.10 06:54:58.258,0.97471,0.97479,1.00,1.10
2014.09.10 06:54:58.562,0.97467,0.97476,2.44,1.00
2014.09.10 06:54:59.312,0.97466,0.97476,2.14,1.00
2014.09.10 06:54:59.514,0.97466,0.97472,1.00,1.10
2014.09.10 06:55:00.071,0.97466,0.97475,1.00,1.00
2014.09.10 06:55:00.274,0.97467,0.97478,4.35,1.57
2014.09.10 06:55:00.325,0.97468,0.97478,1.87,1.57
2014.09.10 06:55:00.494,0.97468,0.97477,2.21,1.10
2014.09.10 06:55:01.043,0.97467,0.97477,2.21,1.10
2014.09.10 06:55:01.581,0.97467,0.97476,2.14,1.10
2014.09.10 06:55:02.087,0.97467,0.97477,3.63,1.57
2014.09.10 06:55:02.625,0.97467,0.97477,3.81,1.57
2014.09.10 06:55:03.131,0.97467,0.97476,2.81,1.10
2014.09.10 06:55:03.452,0.97467,0.97478,2.81,1.30
2014.09.10 06:55:03.659,0.97467,0.97478,3.06,1.30
2014.09.10 06:55:05.379,0.97467,0.97477,3.14,1.00
2014.09.10 06:55:05.784,0.9747,0.97478,1.46,1.00
2014.09.10 06:55:05.987,0.9747,0.9748,1.10,1.10
2014.09.10 06:55:06.088,0.9747,0.97478,1.01,1.10
2014.09.10 06:55:06.392,0.9747,0.9748,1.15,1.76
2014.09.10 06:55:06.493,0.9747,0.9748,1.10,1.76
2014.09.10 06:55:07.741,0.9747,0.97479,1.57,1.10
2014.09.10 06:55:08.899,0.97468,0.97478,2.51,1.12
2014.09.10 06:55:08.951,0.97468,0.97476,1.57,1.10
2014.09.10 06:55:09.002,0.97468,0.97476,1.10,1.10
2014.09.10 06:55:09.559,0.97467,0.97476,1.26,1.10
2014.09.10 06:55:09.976,0.97468,0.97476,1.20,1.10
2014.09.10 06:55:10.179,0.97468,0.97478,3.71,1.10
2014.09.10 06:55:10.280,0.97469,0.9748,1.57,1.10
2014.09.10 06:55:10.381,0.9747,0.97481,1.95,1.00
2014.09.10 06:55:10.920,0.97471,0.97482,3.00,1.10
2014.09.10 06:55:11.429,0.97471,0.97482,4.01,1.10
2014.09.10 06:55:11.480,0.97472,0.97484,1.20,1.00
2014.09.10 06:55:11.583,0.97472,0.97483,5.28,1.00
2014.09.10 06:55:11.786,0.97472,0.97485,3.71,2.32
2014.09.10 06:55:12.729,0.97472,0.97483,3.71,1.10
2014.09.10 06:55:13.237,0.97472,0.97483,1.84,1.10
2014.09.10 06:55:15.117,0.97472,0.97483,2.14,1.10
2014.09.10 06:55:16.011,0.97472,0.97482,2.14,1.00
2014.09.10 06:55:16.683,0.97472,0.97482,3.14,1.00
2014.09.10 06:55:17.140,0.97474,0.97483,1.31,1.10
2014.09.10 06:55:17.242,0.97475,0.97485,1.46,1.50
2014.09.10 06:55:17.343,0.97475,0.97485,2.46,1.00
2014.09.10 06:55:18.093,0.97477,0.97487,1.00,1.17
2014.09.10 06:55:18.447,0.97477,0.97488,3.81,1.16
2014.09.10 06:55:19.552,0.97477,0.97488,3.14,1.65
2014.09.10 06:55:22.049,0.97477,0.97487,3.89,1.10
2014.09.10 06:55:22.253,0.97477,0.97485,1.00,1.00
2014.09.10 06:55:22.759,0.97477,0.97485,1.00,1.10
2014.09.10 06:55:22.860,0.97477,0.97486,1.00,5.21
2014.09.10 06:55:23.164,0.97477,0.97483,1.00,1.10
2014.09.10 06:55:23.670,0.97476,0.97482,1.00,1.10
2014.09.10 06:55:24.039,0.97476,0.97484,1.00,2.40
2014.09.10 06:55:26.272,0.97474,0.97483,1.25,1.17
2014.09.10 06:55:26.576,0.97472,0.9748,1.31,1.10
2014.09.10 06:55:26.880,0.97472,0.97478,1.00,1.10
2014.09.10 06:55:27.144,0.97472,0.97481,1.00,2.40
2014.09.10 06:55:27.686,0.97472,0.97481,1.12,1.25
2014.09.10 06:55:27.989,0.97472,0.97481,1.00,2.51
2014.09.10 06:55:28.493,0.97472,0.97482,2.12,1.76
2014.09.10 06:55:29.108,0.97473,0.97482,1.46,1.00
2014.09.10 06:55:29.311,0.97474,0.97484,1.12,1.10
2014.09.10 06:55:29.817,0.97474,0.97485,4.77,1.50
2014.09.10 06:55:30.460,0.97473,0.97483,5.14,1.10
2014.09.10 06:55:30.671,0.97473,0.97483,2.21,1.10
2014.09.10 06:55:31.211,0.97473,0.97484,3.21,1.10
2014.09.10 06:55:31.733,0.97473,0.97483,3.96,1.00
2014.09.10 06:55:32.250,0.97473,0.97483,1.25,1.76
2014.09.10 06:55:32.503,0.97473,0.97483,3.71,1.00
2014.09.10 06:55:33.035,0.97475,0.97486,3.19,1.29
2014.09.10 06:55:33.594,0.97475,0.97484,1.00,1.00
2014.09.10 06:55:34.140,0.97475,0.97483,1.00,1.57
2014.09.10 06:55:34.991,0.97475,0.97482,1.00,1.10
2014.09.10 06:55:35.041,0.97474,0.97482,1.25,1.10
2014.09.10 06:55:35.193,0.97474,0.9748,1.25,1.10
2014.09.10 06:55:35.398,0.97474,0.97482,1.25,1.10
2014.09.10 06:55:36.489,0.97474,0.9748,1.25,1.10
2014.09.10 06:55:37.080,0.97474,0.97483,2.14,1.25
2014.09.10 06:55:37.586,0.97474,0.97483,2.39,1.00
2014.09.10 06:55:44.069,0.97474,0.97483,1.69,1.00
2014.09.10 06:55:44.351,0.97474,0.97481,1.00,1.00
2014.09.10 06:55:44.962,0.97473,0.97481,1.00,1.20
2014.09.10 06:55:48.482,0.97473,0.97481,1.69,1.65
2014.09.10 06:55:50.322,0.97473,0.9748,1.00,1.00
2014.09.10 06:55:50.848,0.97473,0.97481,1.00,1.00
2014.09.10 06:55:51.287,0.97473,0.97483,2.39,1.00
2014.09.10 06:55:53.682,0.97473,0.97482,2.45,1.00
2014.09.10 06:55:56.099,0.97473,0.97483,1.00,1.57
2014.09.10 06:55:56.150,0.97473,0.97481,1.29,1.00
2014.09.10 06:55:56.667,0.97473,0.97481,1.10,1.00
2014.09.10 06:55:57.201,0.97473,0.97482,1.10,1.12
2014.09.10 06:55:57.708,0.97472,0.97481,2.44,1.00
2014.09.10 06:55:58.113,0.97472,0.97479,1.19,1.00
2014.09.10 06:55:58.519,0.97471,0.97477,1.69,1.00
2014.09.10 06:55:58.772,0.9747,0.97477,1.25,1.00
2014.09.10 06:55:58.924,0.9747,0.97474,1.00,1.00
2014.09.10 06:55:59.025,0.97465,0.97472,1.69,1.50
2014.09.10 06:55:59.279,0.97465,0.97471,1.00,1.00
2014.09.10 06:55:59.482,0.97464,0.9747,1.25,1.00
2014.09.10 06:55:59.533,0.97464,0.97468,1.25,1.00
2014.09.10 06:55:59.891,0.97464,0.97471,1.25,2.25
2014.09.10 06:56:00.448,0.97462,0.97471,1.76,1.50
2014.09.10 06:56:01.012,0.97462,0.97471,1.50,1.00
2014.09.10 06:56:01.535,0.97462,0.97471,1.32,1.00
2014.09.10 06:56:02.866,0.97462,0.97472,2.89,1.00
2014.09.10 06:56:06.033,0.97462,0.97472,1.84,1.19
2014.09.10 06:56:06.541,0.97462,0.9747,1.25,1.00
2014.09.10 06:56:07.418,0.97462,0.9747,1.01,1.00
2014.09.10 06:56:09.135,0.97461,0.97469,1.76,1.00
2014.09.10 06:56:09.651,0.97461,0.97469,1.10,1.00
2014.09.10 06:56:10.951,0.97461,0.97469,1.39,1.00
2014.09.10 06:56:11.958,0.97461,0.97469,1.39,1.00
2014.09.10 06:56:14.074,0.97461,0.97469,2.14,1.00
2014.09.10 06:56:16.383,0.97461,0.97469,1.25,1.00
2014.09.10 06:56:16.949,0.97459,0.97469,2.06,1.25
2014.09.10 06:56:17.614,0.97459,0.97469,1.31,1.00
2014.09.10 06:56:19.399,0.97459,0.97469,2.76,1.00
2014.09.10 06:56:20.008,0.97459,0.9747,3.41,1.00
2014.09.10 06:56:20.725,0.97459,0.97469,1.07,1.57
2014.09.10 06:56:20.927,0.97456,0.97467,1.69,3.41
2014.09.10 06:56:20.978,0.97456,0.97464,1.69,1.20
2014.09.10 06:56:21.282,0.97456,0.97462,1.19,1.10
2014.09.10 06:56:21.930,0.97454,0.97462,1.19,1.10
2014.09.10 06:56:23.102,0.97455,0.97462,4.69,1.10
2014.09.10 06:56:23.254,0.97458,0.97466,1.12,1.00
2014.09.10 06:56:23.406,0.9746,0.97467,1.50,1.10
2014.09.10 06:56:23.609,0.97459,0.97468,1.19,1.10
2014.09.10 06:56:24.065,0.97459,0.97466,1.00,1.10
2014.09.10 06:56:24.404,0.97456,0.9746,1.00,1.00
2014.09.10 06:56:24.506,0.97454,0.9746,1.25,1.57
2014.09.10 06:56:26.128,0.97454,0.97458,1.00,1.10
2014.09.10 06:56:26.281,0.97451,0.97457,1.69,1.00
2014.09.10 06:56:26.586,0.97451,0.97459,1.00,1.20
2014.09.10 06:56:26.789,0.9745,0.97456,1.50,1.10
2014.09.10 06:56:27.094,0.97446,0.97451,1.00,1.10
2014.09.10 06:56:27.297,0.97445,0.97451,1.00,1.10
2014.09.10 06:56:27.844,0.97445,0.97452,1.00,1.10
2014.09.10 06:56:28.364,0.97445,0.97454,2.01,1.20
2014.09.10 06:56:28.869,0.97445,0.97453,3.14,1.10
2014.09.10 06:56:29.375,0.97445,0.97453,1.00,1.10
2014.09.10 06:56:30.217,0.97445,0.97453,2.39,1.10
2014.09.10 06:56:30.318,0.97445,0.97456,3.89,1.57
2014.09.10 06:56:30.828,0.97446,0.97456,2.89,1.10
2014.09.10 06:56:32.629,0.97446,0.97456,4.01,1.10
2014.09.10 06:56:33.064,0.97447,0.97458,4.87,1.01
2014.09.10 06:56:33.318,0.97449,0.97458,4.09,1.10
2014.09.10 06:56:33.470,0.9745,0.9746,1.87,1.10
2014.09.10 06:56:33.723,0.97451,0.9746,1.09,1.10
2014.09.10 06:56:34.773,0.97451,0.9746,1.46,1.10
2014.09.10 06:56:35.697,0.97451,0.97462,3.34,2.51
2014.09.10 06:56:37.369,0.97451,0.97461,2.21,1.00
2014.09.10 06:56:37.470,0.97451,0.97459,2.21,1.10
2014.09.10 06:56:37.673,0.97451,0.97461,1.84,1.10
2014.09.10 06:56:37.875,0.97451,0.97458,1.19,1.10
2014.09.10 06:56:37.976,0.97451,0.97458,1.09,1.10
2014.09.10 06:56:40.355,0.97449,0.97458,2.51,1.10
2014.09.10 06:56:43.187,0.97448,0.97456,2.89,1.10
2014.09.10 06:56:44.192,0.97448,0.97456,2.81,1.10
2014.09.10 06:56:44.768,0.97448,0.97458,2.06,2.66
2014.09.10 06:56:47.520,0.97446,0.97458,3.71,2.21
2014.09.10 06:56:48.029,0.97446,0.97456,1.25,2.02
2014.09.10 06:56:48.980,0.97445,0.97455,3.56,1.00
2014.09.10 06:56:50.007,0.97445,0.97455,1.01,1.00
2014.09.10 06:56:51.703,0.97445,0.97455,1.31,2.44
2014.09.10 06:56:52.900,0.97445,0.97456,3.34,1.01
2014.09.10 06:56:53.588,0.97445,0.97455,1.32,1.00
2014.09.10 06:56:53.841,0.97442,0.97452,1.10,2.14
2014.09.10 06:56:53.943,0.97442,0.97449,1.00,1.10
2014.09.10 06:56:54.196,0.9744,0.9745,1.00,1.20
2014.09.10 06:56:55.364,0.9744,0.97451,1.10,1.76
2014.09.10 06:56:55.616,0.9744,0.97452,3.65,2.44
2014.09.10 06:56:57.019,0.97441,0.97452,2.25,2.21
2014.09.10 06:56:57.272,0.97443,0.97453,1.69,1.31
2014.09.10 06:56:57.783,0.97443,0.97452,2.81,1.10
2014.09.10 06:56:58.329,0.97442,0.97452,1.69,1.10
2014.09.10 06:56:58.861,0.97442,0.97451,1.69,1.00
2014.09.10 06:56:59.414,0.97442,0.97451,1.69,1.00
2014.09.10 06:56:59.657,0.97442,0.97451,4.08,1.00
2014.09.10 06:56:59.708,0.97443,0.97453,1.27,1.10
2014.09.10 06:57:00.062,0.97443,0.97456,6.34,5.14
2014.09.10 06:57:00.587,0.97444,0.97455,3.45,1.50
2014.09.10 06:57:01.114,0.97445,0.97454,3.26,1.10
2014.09.10 06:57:01.847,0.97445,0.97456,4.26,2.14
2014.09.10 06:57:03.719,0.97445,0.97455,2.76,1.12
2014.09.10 06:57:03.854,0.97445,0.97453,1.00,1.19
2014.09.10 06:57:04.007,0.97443,0.97453,2.25,1.31
2014.09.10 06:57:04.768,0.97443,0.97453,2.50,1.31
2014.09.10 06:57:05.284,0.97443,0.97453,1.69,1.25
2014.09.10 06:57:05.436,0.97443,0.97455,2.84,2.14
2014.09.10 06:57:05.942,0.97445,0.97457,1.65,1.70
2014.09.10 06:57:06.549,0.97445,0.97457,3.59,2.14
2014.09.10 06:57:07.055,0.97446,0.97458,2.21,1.25
2014.09.10 06:57:07.361,0.97446,0.97455,1.00,1.00
2014.09.10 06:57:07.877,0.97446,0.97455,1.00,1.19
2014.09.10 06:57:08.794,0.97445,0.97455,1.09,1.19
2014.09.10 06:57:08.998,0.97445,0.97455,1.26,1.25
2014.09.10 06:57:09.504,0.97444,0.97456,2.59,2.44
2014.09.10 06:57:10.386,0.97444,0.97456,1.36,3.94
2014.09.10 06:57:12.746,0.97444,0.97456,2.09,1.69
2014.09.10 06:57:13.663,0.97445,0.97455,1.01,1.19
2014.09.10 06:57:14.866,0.97445,0.97456,2.01,1.69
2014.09.10 06:57:15.069,0.97445,0.97458,2.01,2.85
2014.09.10 06:57:15.171,0.97445,0.97458,3.26,3.04
2014.09.10 06:57:15.323,0.97447,0.9746,1.50,2.44
2014.09.10 06:57:15.838,0.97448,0.97461,1.31,2.51
2014.09.10 06:57:17.174,0.97449,0.97461,1.50,2.44
2014.09.10 06:57:17.810,0.97449,0.97461,4.16,1.25
2014.09.10 06:57:17.962,0.97451,0.97463,1.50,3.71
2014.09.10 06:57:18.215,0.9745,0.97462,1.09,1.46
2014.09.10 06:57:18.748,0.97449,0.97461,2.66,1.69
2014.09.10 06:57:22.378,0.9745,0.97461,1.65,1.19
2014.09.10 06:57:23.110,0.9745,0.97462,3.66,1.46
2014.09.10 06:57:23.632,0.9745,0.97463,4.47,3.04
2014.09.10 06:57:24.170,0.97451,0.97463,1.69,2.29
2014.09.10 06:57:27.644,0.97451,0.97463,2.76,2.21
2014.09.10 06:57:30.807,0.97451,0.97463,3.66,1.62
2014.09.10 06:57:32.829,0.97451,0.97463,3.33,2.14
2014.09.10 06:57:33.285,0.97451,0.97463,1.69,5.96
2014.09.10 06:57:33.336,0.97451,0.97463,1.00,5.96
2014.09.10 06:57:33.862,0.9745,0.97462,1.76,2.21
2014.09.10 06:57:33.913,0.9745,0.97463,3.59,5.96
2014.09.10 06:57:34.453,0.9745,0.97462,4.47,1.19
2014.09.10 06:57:35.048,0.9745,0.97463,3.34,3.04
2014.09.10 06:57:36.114,0.9745,0.97463,4.02,2.66
2014.09.10 06:57:36.571,0.9745,0.97461,1.00,2.89
2014.09.10 06:57:36.672,0.97448,0.97459,1.69,1.16
2014.09.10 06:57:37.175,0.97448,0.97458,1.00,1.17
2014.09.10 06:57:37.277,0.97449,0.9746,1.01,1.31
2014.09.10 06:57:37.935,0.97449,0.97461,3.27,1.12
2014.09.10 06:57:40.631,0.97449,0.97461,4.46,1.31
2014.09.10 06:57:47.645,0.97449,0.97463,5.29,2.21
2014.09.10 06:57:48.788,0.97449,0.97463,5.29,2.96
2014.09.10 06:57:52.673,0.9745,0.97462,2.59,1.01
2014.09.10 06:57:56.021,0.9745,0.97463,3.59,2.21
2014.09.10 06:57:58.372,0.97451,0.97463,2.51,2.96
2014.09.10 06:58:00.529,0.97451,0.97463,2.76,2.21
2014.09.10 06:58:01.337,0.97451,0.97463,2.76,2.21
2014.09.10 06:58:01.794,0.97451,0.97463,2.32,5.96
2014.09.10 06:58:02.782,0.97451,0.97463,1.76,4.46
2014.09.10 06:58:03.796,0.97451,0.97463,1.76,2.96
2014.09.10 06:58:08.308,0.97451,0.97461,1.19,1.39
2014.09.10 06:58:09.757,0.97451,0.97463,1.76,2.96
2014.09.10 06:58:10.057,0.97451,0.97463,2.01,2.96
2014.09.10 06:58:10.625,0.97451,0.97462,3.51,1.84
2014.09.10 06:58:11.938,0.97451,0.97463,1.00,3.71
2014.09.10 06:58:13.031,0.97451,0.97463,1.00,3.71
2014.09.10 06:58:13.987,0.97451,0.97463,2.32,3.71
2014.09.10 06:58:17.246,0.97451,0.97463,2.51,4.46
2014.09.10 06:58:17.796,0.97451,0.97461,2.51,1.29
2014.09.10 06:58:18.627,0.97451,0.97463,2.51,3.71
2014.09.10 06:58:21.266,0.97451,0.97463,3.26,4.46
2014.09.10 06:58:21.817,0.97451,0.97463,5.01,4.46
2014.09.10 06:58:22.435,0.97451,0.97463,2.51,3.71
2014.09.10 06:58:23.110,0.97451,0.9746,1.19,1.37
2014.09.10 06:58:23.162,0.9745,0.97459,1.10,1.37
2014.09.10 06:58:23.517,0.97448,0.97457,1.69,1.27
2014.09.10 06:58:24.023,0.97448,0.97458,1.25,1.74
2014.09.10 06:58:24.942,0.97448,0.97458,1.10,1.46
2014.09.10 06:58:25.397,0.97447,0.97455,1.10,1.00
2014.09.10 06:58:33.117,0.97447,0.97455,1.10,1.39
2014.09.10 06:58:34.072,0.97447,0.97455,1.10,1.39
2014.09.10 06:58:37.479,0.97447,0.97457,2.57,1.74
2014.09.10 06:58:38.004,0.97447,0.97458,1.00,2.21
2014.09.10 06:58:38.521,0.97447,0.97458,2.01,1.46
2014.09.10 06:58:39.133,0.97448,0.97458,1.69,1.20
2014.09.10 06:58:39.439,0.97452,0.97462,3.00,1.07
2014.09.10 06:58:39.540,0.97454,0.97464,1.27,1.00
2014.09.10 06:58:39.591,0.97454,0.97466,4.53,1.46
2014.09.10 06:58:39.642,0.97455,0.97466,2.51,1.09
2014.09.10 06:58:39.994,0.97457,0.97467,1.69,1.20
2014.09.10 06:58:40.502,0.97457,0.97469,4.29,2.21
2014.09.10 06:58:41.027,0.97457,0.97468,3.54,1.46
2014.09.10 06:58:41.331,0.97457,0.97466,1.25,1.40
2014.09.10 06:58:42.341,0.97457,0.97466,1.00,1.26
2014.09.10 06:58:43.226,0.97457,0.97466,1.00,1.32
2014.09.10 06:58:46.866,0.97457,0.97465,1.00,1.17
2014.09.10 06:58:47.385,0.97456,0.97466,1.00,1.27
2014.09.10 06:58:49.681,0.97456,0.97467,1.00,2.89
2014.09.10 06:58:52.143,0.97456,0.97467,1.25,2.21
2014.09.10 06:58:52.780,0.97456,0.97465,1.00,1.67
2014.09.10 06:58:52.882,0.97455,0.97463,1.00,2.02
2014.09.10 06:58:52.933,0.97455,0.97463,1.00,4.20
2014.09.10 06:58:52.983,0.97453,0.97463,1.25,6.37
2014.09.10 06:58:58.008,0.97453,0.97462,3.37,1.50
2014.09.10 06:58:58.261,0.97454,0.97465,2.14,1.09
2014.09.10 06:58:58.835,0.97454,0.97466,6.14,2.21
2014.09.10 06:58:59.354,0.97455,0.97466,2.25,1.46
2014.09.10 06:59:00.150,0.97455,0.97466,4.01,1.27
2014.09.10 06:59:01.196,0.97455,0.97466,3.57,1.27
2014.09.10 06:59:03.335,0.97455,0.97462,1.69,1.10
2014.09.10 06:59:03.639,0.97453,0.97462,1.10,3.26
2014.09.10 06:59:04.735,0.97453,0.97462,1.50,2.51
2014.09.10 06:59:08.209,0.97453,0.97461,1.00,2.32
2014.09.10 06:59:08.716,0.97452,0.97461,1.00,3.07
2014.09.10 06:59:09.172,0.97449,0.97456,1.00,1.00
2014.09.10 06:59:09.273,0.97447,0.97456,1.00,1.07
2014.09.10 06:59:09.324,0.97447,0.97456,1.00,3.07
2014.09.10 06:59:09.812,0.97447,0.97456,1.00,1.15
2014.09.10 06:59:13.694,0.97447,0.97454,1.00,1.00
2014.09.10 06:59:13.909,0.97446,0.97451,1.00,1.47
2014.09.10 06:59:14.112,0.97444,0.97451,1.00,1.17
2014.09.10 06:59:14.626,0.97444,0.9745,1.00,1.15
2014.09.10 06:59:14.778,0.97441,0.97449,1.00,1.67
2014.09.10 06:59:15.305,0.97441,0.9745,1.00,4.46
2014.09.10 06:59:16.379,0.9744,0.9745,1.50,5.58
2014.09.10 06:59:17.367,0.9744,0.9745,1.50,3.03
2014.09.10 06:59:17.870,0.9744,0.97451,1.00,1.40
2014.09.10 06:59:17.921,0.9744,0.97451,1.00,1.34
2014.09.10 06:59:18.023,0.97441,0.97451,1.12,1.10
2014.09.10 06:59:18.073,0.97441,0.97452,2.87,1.20
2014.09.10 06:59:18.581,0.97445,0.97455,2.32,1.00
2014.09.10 06:59:18.683,0.97445,0.97457,3.59,1.01
2014.09.10 06:59:19.856,0.97445,0.97458,3.51,4.84
2014.09.10 06:59:20.160,0.97445,0.97449,1.00,1.10
2014.09.10 06:59:20.363,0.97442,0.97449,1.00,1.10
2014.09.10 06:59:20.935,0.97442,0.97449,1.00,1.10
2014.09.10 06:59:22.687,0.97441,0.97448,1.00,1.50
2014.09.10 06:59:22.788,0.97441,0.97449,1.00,1.65
2014.09.10 06:59:31.246,0.97441,0.97449,1.00,1.09
2014.09.10 06:59:31.606,0.97438,0.97444,1.01,1.10
2014.09.10 06:59:31.708,0.97434,0.97446,1.07,2.14
2014.09.10 06:59:31.759,0.97434,0.97446,1.25,3.56
2014.09.10 06:59:31.911,0.97436,0.97448,1.95,2.59
2014.09.10 06:59:31.962,0.97436,0.97448,5.14,1.57
2014.09.10 06:59:32.013,0.97438,0.97448,1.00,1.00
2014.09.10 06:59:32.316,0.97438,0.97445,1.00,1.10
2014.09.10 06:59:32.848,0.97438,0.97444,1.00,1.10
2014.09.10 06:59:35.717,0.97438,0.97449,1.00,1.46
2014.09.10 06:59:35.870,0.97438,0.97449,1.00,1.27
2014.09.10 06:59:36.438,0.97438,0.97449,2.01,1.07
2014.09.10 06:59:36.965,0.97438,0.97449,1.00,1.00
2014.09.10 06:59:37.524,0.97438,0.9745,3.51,1.09
2014.09.10 06:59:40.376,0.97438,0.9745,4.64,1.84
2014.09.10 06:59:43.286,0.97438,0.9745,3.14,1.84
2014.09.10 06:59:49.088,0.97438,0.97448,2.31,1.00
2014.09.10 06:59:49.240,0.97438,0.97448,3.06,1.00
2014.09.10 06:59:49.595,0.97439,0.97451,1.95,1.65
2014.09.10 06:59:49.747,0.97441,0.97452,1.69,1.72
2014.09.10 06:59:51.074,0.97441,0.97452,4.19,1.16
2014.09.10 06:59:51.126,0.97443,0.97452,1.69,1.09
2014.09.10 06:59:52.682,0.97443,0.97453,2.69,1.01
2014.09.10 06:59:52.935,0.97441,0.97448,1.76,1.10
2014.09.10 06:59:53.240,0.97441,0.97452,1.00,1.16
2014.09.10 06:59:53.342,0.97441,0.97449,1.00,1.10
2014.09.10 06:59:53.545,0.97441,0.97453,1.00,1.91
2014.09.10 06:59:53.926,0.97442,0.97451,2.44,1.10
2014.09.10 06:59:54.029,0.97443,0.97454,2.25,1.27
2014.09.10 06:59:54.131,0.97444,0.97454,1.69,1.10
2014.09.10 06:59:54.538,0.97445,0.97452,1.69,1.10
2014.09.10 06:59:56.318,0.97445,0.97454,1.00,1.25
2014.09.10 06:59:57.303,0.97445,0.97456,3.25,1.91
2014.09.10 06:59:58.504,0.97445,0.97451,1.25,1.10
2014.09.10 06:59:58.554,0.97445,0.97451,1.00,1.10
2014.09.10 06:59:59.083,0.97444,0.97451,1.00,1.10
