2016.12.08 17:00:00.054,0.85025,0.85033,1.31,1.00
2016.12.08 17:00:00.460,0.85023,0.85032,2.81,1.00
2016.12.08 17:00:01.094,0.85025,0.85033,1.25,1.00
2016.12.08 17:00:01.555,0.85023,0.85033,1.00,1.00
2016.12.08 17:00:01.708,0.85023,0.85031,1.00,1.00
2016.12.08 17:00:02.237,0.85022,0.85031,1.25,1.00
2016.12.08 17:00:02.744,0.85022,0.8503,1.25,1.00
2016.12.08 17:00:03.250,0.85022,0.85031,1.25,1.00
2016.12.08 17:00:05.627,0.85023,0.85031,1.00,1.00
2016.12.08 17:00:06.649,0.85023,0.85032,1.00,1.00
2016.12.08 17:00:07.156,0.85023,0.85031,1.69,1.00
2016.12.08 17:00:07.482,0.85028,0.85038,1.25,1.50
2016.12.08 17:00:07.533,0.85031,0.85037,1.69,1.00
2016.12.08 17:00:07.635,0.85031,0.85041,1.25,1.50
2016.12.08 17:00:07.888,0.85034,0.85041,1.25,1.00
2016.12.08 17:00:08.745,0.85034,0.85042,1.25,1.00
2016.12.08 17:00:09.061,0.85036,0.85043,1.00,1.00
2016.12.08 17:00:09.569,0.85037,0.85044,1.00,1.00
2016.12.08 17:00:10.045,0.85035,0.85045,1.12,1.00
2016.12.08 17:00:10.197,0.85034,0.85042,1.25,1.00
2016.12.08 17:00:10.392,0.85031,0.8504,1.50,1.00
2016.12.08 17:00:10.905,0.85031,0.85039,1.50,1.00
2016.12.08 17:00:11.007,0.85032,0.85041,1.69,1.00
2016.12.08 17:00:11.609,0.85032,0.85042,2.44,1.00
2016.12.08 17:00:12.146,0.85033,0.85042,1.00,1.00
2016.12.08 17:00:12.647,0.85034,0.85042,1.00,1.00
2016.12.08 17:00:13.257,0.85031,0.85041,4.16,1.00
2016.12.08 17:00:13.782,0.85034,0.85042,1.25,1.00
2016.12.08 17:00:15.730,0.85033,0.8504,1.12,1.00
2016.12.08 17:00:16.308,0.85033,0.85041,1.12,1.00
2016.12.08 17:00:17.884,0.85033,0.85042,1.12,1.00
2016.12.08 17:00:19.939,0.85033,0.85042,1.37,1.00
2016.12.08 17:00:20.882,0.85033,0.85042,1.00,1.00
2016.12.08 17:00:21.364,0.85035,0.85042,1.00,1.00
2016.12.08 17:00:22.126,0.85033,0.85042,1.00,1.00
2016.12.08 17:00:22.713,0.85033,0.85041,1.00,1.00
2016.12.08 17:00:23.133,0.85034,0.85043,1.00,1.00
2016.12.08 17:00:23.342,0.85036,0.85043,1.00,1.00
2016.12.08 17:00:24.673,0.85035,0.85043,1.00,1.00
2016.12.08 17:00:25.174,0.85035,0.85044,1.00,1.69
2016.12.08 17:00:25.478,0.85035,0.85042,1.00,1.00
2016.12.08 17:00:26.002,0.85034,0.85042,1.50,1.00
2016.12.08 17:00:30.882,0.85032,0.85041,1.00,1.00
2016.12.08 17:00:31.939,0.85033,0.85042,1.00,1.00
2016.12.08 17:00:32.457,0.85032,0.85039,1.00,1.25
2016.12.08 17:00:32.688,0.85029,0.85037,1.00,1.25
2016.12.08 17:00:32.840,0.8503,0.85039,1.00,1.50
2016.12.08 17:00:33.144,0.85029,0.85033,1.00,1.00
2016.12.08 17:00:33.246,0.85025,0.85032,1.12,1.00
2016.12.08 17:00:33.753,0.85025,0.85031,1.00,1.00
2016.12.08 17:00:34.007,0.85026,0.85033,1.00,1.00
2016.12.08 17:00:34.059,0.85026,0.85035,1.00,1.00
2016.12.08 17:00:34.598,0.85026,0.85036,2.25,1.00
2016.12.08 17:00:35.142,0.85027,0.85036,1.00,1.00
2016.12.08 17:00:37.190,0.85029,0.85036,1.00,1.00
2016.12.08 17:00:37.343,0.85027,0.85036,1.00,1.00
2016.12.08 17:00:37.892,0.85027,0.85035,1.00,1.00
2016.12.08 17:00:38.397,0.85027,0.85036,1.00,1.00
2016.12.08 17:00:38.891,0.85027,0.85034,1.00,1.00
2016.12.08 17:00:39.196,0.85031,0.85037,1.00,1.00
2016.12.08 17:00:39.247,0.85031,0.8504,1.00,2.25
2016.12.08 17:00:39.720,0.85029,0.85036,1.00,1.00
2016.12.08 17:00:39.790,0.85029,0.85038,1.00,1.00
2016.12.08 17:00:40.337,0.8503,0.85038,1.00,1.00
2016.12.08 17:00:42.289,0.8503,0.85037,1.00,1.00
2016.12.08 17:00:42.851,0.85029,0.85037,1.00,1.00
2016.12.08 17:00:43.409,0.8503,0.85038,1.00,1.00
2016.12.08 17:00:44.297,0.8503,0.85037,1.00,1.00
2016.12.08 17:00:44.399,0.85028,0.85037,1.00,1.50
2016.12.08 17:00:44.450,0.85026,0.85034,3.37,1.00
2016.12.08 17:00:44.995,0.85026,0.85034,1.87,1.00
2016.12.08 17:00:45.198,0.85027,0.85037,1.87,1.00
2016.12.08 17:00:45.533,0.85026,0.85035,1.00,1.69
2016.12.08 17:00:46.040,0.85025,0.85034,1.12,1.00
2016.12.08 17:00:46.380,0.85021,0.8503,1.87,1.25
2016.12.08 17:00:46.927,0.8502,0.85029,1.12,1.25
2016.12.08 17:00:47.433,0.8502,0.85029,1.37,1.69
2016.12.08 17:00:47.585,0.85019,0.85028,1.50,1.00
2016.12.08 17:00:48.096,0.85019,0.85027,1.50,1.00
2016.12.08 17:00:49.256,0.85018,0.85028,1.00,1.12
2016.12.08 17:00:49.765,0.85017,0.85028,3.37,1.12
2016.12.08 17:00:50.359,0.85017,0.85027,3.00,1.00
2016.12.08 17:00:51.309,0.85018,0.85027,1.00,1.69
2016.12.08 17:00:51.435,0.8502,0.85027,1.00,1.25
2016.12.08 17:00:52.661,0.85019,0.85027,1.00,1.25
2016.12.08 17:00:52.914,0.85015,0.85024,1.00,1.69
2016.12.08 17:00:53.416,0.85016,0.85024,1.00,1.69
2016.12.08 17:00:54.297,0.85017,0.85024,1.00,1.69
2016.12.08 17:00:56.018,0.85018,0.85024,1.00,1.25
2016.12.08 17:00:56.941,0.85016,0.85024,1.00,1.69
2016.12.08 17:00:56.992,0.85018,0.85025,1.00,1.50
2016.12.08 17:00:57.502,0.85017,0.85026,1.00,1.00
2016.12.08 17:00:58.294,0.85018,0.85026,1.00,1.69
2016.12.08 17:00:58.919,0.85018,0.85025,1.00,1.00
2016.12.08 17:00:59.175,0.8501,0.85018,1.00,1.50
2016.12.08 17:00:59.681,0.8501,0.85017,1.00,1.00
2016.12.08 17:00:59.733,0.85012,0.85017,1.00,1.00
2016.12.08 17:00:59.986,0.8501,0.85018,1.00,1.00
2016.12.08 17:01:00.493,0.8501,0.85017,1.00,1.00
2016.12.08 17:01:01.254,0.85008,0.85018,1.00,1.00
2016.12.08 17:01:01.762,0.85007,0.85017,1.00,1.50
2016.12.08 17:01:02.302,0.85008,0.85016,1.00,1.00
2016.12.08 17:01:02.852,0.85007,0.85016,1.00,1.00
2016.12.08 17:01:03.188,0.85009,0.85018,1.00,1.00
2016.12.08 17:01:03.694,0.85008,0.85018,1.00,1.00
2016.12.08 17:01:04.013,0.85008,0.85015,1.00,1.00
2016.12.08 17:01:04.137,0.85008,0.85018,1.00,1.50
2016.12.08 17:01:04.643,0.85008,0.85017,1.50,1.00
2016.12.08 17:01:04.927,0.8501,0.85017,1.00,1.00
2016.12.08 17:01:05.447,0.85007,0.85017,1.00,1.00
2016.12.08 17:01:06.146,0.85009,0.85017,1.00,1.00
2016.12.08 17:01:07.193,0.85009,0.85015,1.00,1.00
2016.12.08 17:01:07.822,0.85007,0.85015,1.50,1.00
2016.12.08 17:01:08.185,0.85007,0.85017,1.00,1.00
2016.12.08 17:01:10.412,0.85007,0.85014,1.00,1.00
2016.12.08 17:01:10.565,0.85005,0.85014,1.50,1.00
2016.12.08 17:01:11.190,0.85005,0.85013,1.00,1.00
2016.12.08 17:01:11.292,0.85003,0.85013,1.50,1.00
2016.12.08 17:01:11.837,0.85002,0.85012,1.00,1.69
2016.12.08 17:01:12.193,0.85005,0.85012,1.00,1.00
2016.12.08 17:01:12.497,0.85003,0.85012,1.50,1.00
2016.12.08 17:01:15.415,0.85003,0.85011,1.50,1.00
2016.12.08 17:01:15.619,0.85002,0.85009,1.00,1.25
2016.12.08 17:01:16.024,0.85,0.85009,1.00,3.19
2016.12.08 17:01:16.531,0.84999,0.85009,1.00,1.00
2016.12.08 17:01:17.106,0.84999,0.8501,1.00,2.81
2016.12.08 17:01:17.816,0.85,0.85008,1.00,1.00
2016.12.08 17:01:18.736,0.85,0.8501,1.00,2.06
2016.12.08 17:01:19.259,0.85001,0.85011,1.00,1.00
2016.12.08 17:01:19.679,0.84998,0.85008,1.87,1.00
2016.12.08 17:01:19.780,0.84999,0.8501,1.00,1.12
2016.12.08 17:01:23.937,0.84998,0.85009,1.00,1.00
2016.12.08 17:01:23.989,0.84999,0.85007,1.00,1.00
2016.12.08 17:01:26.013,0.85001,0.85007,1.00,1.00
2016.12.08 17:01:27.741,0.85002,0.85008,1.00,1.00
2016.12.08 17:01:28.250,0.85001,0.85009,1.00,1.50
2016.12.08 17:01:28.793,0.85001,0.85007,1.00,1.00
2016.12.08 17:01:30.645,0.85002,0.85007,1.00,1.00
2016.12.08 17:01:31.169,0.85002,0.85008,1.00,1.00
2016.12.08 17:01:32.434,0.85001,0.85008,1.00,1.00
2016.12.08 17:01:32.763,0.85004,0.85009,1.00,1.00
2016.12.08 17:01:32.865,0.85002,0.85009,1.00,1.00
2016.12.08 17:01:33.398,0.85001,0.85008,1.00,1.50
2016.12.08 17:01:34.708,0.85001,0.85007,1.00,1.00
2016.12.08 17:01:37.434,0.84999,0.85006,1.00,1.00
2016.12.08 17:01:37.941,0.85,0.85006,1.00,1.50
2016.12.08 17:01:38.194,0.84998,0.85006,1.00,1.50
2016.12.08 17:01:38.397,0.84998,0.85004,1.00,1.00
2016.12.08 17:01:40.578,0.84999,0.85005,1.00,1.00
2016.12.08 17:01:44.341,0.84998,0.85005,1.69,1.50
2016.12.08 17:01:47.704,0.85,0.85005,1.00,1.00
2016.12.08 17:01:47.806,0.85001,0.85007,1.00,1.00
2016.12.08 17:01:47.857,0.85003,0.85009,1.00,1.50
2016.12.08 17:01:48.396,0.85002,0.85009,1.00,1.50
2016.12.08 17:01:48.925,0.85001,0.85008,1.00,1.50
2016.12.08 17:01:49.441,0.85001,0.85007,1.00,1.00
2016.12.08 17:01:53.375,0.85001,0.85008,1.00,1.00
2016.12.08 17:01:53.686,0.85,0.85006,1.00,1.00
2016.12.08 17:01:54.243,0.84998,0.85005,1.00,1.00
2016.12.08 17:01:56.863,0.85002,0.85007,1.25,1.00
2016.12.08 17:01:57.805,0.85002,0.8501,2.44,1.50
2016.12.08 17:01:57.907,0.85004,0.8501,1.00,1.50
2016.12.08 17:01:58.459,0.85005,0.8501,1.00,1.00
2016.12.08 17:01:58.844,0.85005,0.85012,1.00,1.00
2016.12.08 17:01:59.367,0.85006,0.85013,1.00,1.00
2016.12.08 17:02:01.845,0.85006,0.85012,1.00,1.00
2016.12.08 17:02:02.841,0.85006,0.85013,1.00,1.00
2016.12.08 17:02:03.297,0.85002,0.85007,1.00,1.35
2016.12.08 17:02:03.400,0.84998,0.85007,1.00,1.00
2016.12.08 17:02:03.604,0.85002,0.85006,1.00,1.00
2016.12.08 17:02:03.655,0.85002,0.85009,1.00,1.37
2016.12.08 17:02:03.757,0.85002,0.8501,1.00,1.50
2016.12.08 17:02:04.010,0.85001,0.85007,1.00,1.00
2016.12.08 17:02:04.523,0.85,0.85007,1.00,1.00
2016.12.08 17:02:05.144,0.84998,0.85007,1.00,1.00
2016.12.08 17:02:05.195,0.85003,0.85008,1.00,2.25
2016.12.08 17:02:05.725,0.85004,0.85008,1.00,1.50
2016.12.08 17:02:06.062,0.85002,0.85006,1.00,1.00
2016.12.08 17:02:07.188,0.84996,0.85002,1.50,1.00
2016.12.08 17:02:07.239,0.84998,0.85002,1.00,1.00
2016.12.08 17:02:07.568,0.85002,0.85009,1.00,2.62
2016.12.08 17:02:07.669,0.85007,0.85012,1.00,2.62
2016.12.08 17:02:08.176,0.85009,0.85013,1.00,1.87
2016.12.08 17:02:10.084,0.85008,0.85013,1.00,1.87
2016.12.08 17:02:11.990,0.85008,0.85013,1.00,1.87
2016.12.08 17:02:12.244,0.8501,0.85014,1.00,1.87
2016.12.08 17:02:12.295,0.8501,0.85014,1.00,1.87
2016.12.08 17:02:12.800,0.85011,0.85015,1.00,1.87
2016.12.08 17:02:13.111,0.8501,0.85014,1.00,1.50
2016.12.08 17:02:13.357,0.8501,0.85015,1.00,1.87
2016.12.08 17:02:13.975,0.85009,0.85013,1.00,1.00
2016.12.08 17:02:14.541,0.85011,0.85015,1.00,1.87
2016.12.08 17:02:15.591,0.85009,0.85013,1.00,1.00
2016.12.08 17:02:15.643,0.85007,0.85011,1.00,1.12
2016.12.08 17:02:15.880,0.8501,0.85015,1.00,1.00
2016.12.08 17:02:15.931,0.85011,0.85016,1.00,1.50
2016.12.08 17:02:16.605,0.85011,0.85015,1.00,1.00
2016.12.08 17:02:16.909,0.8501,0.85014,1.00,1.00
2016.12.08 17:02:18.764,0.85012,0.85016,1.00,1.00
2016.12.08 17:02:18.866,0.85009,0.85013,1.00,1.00
2016.12.08 17:02:19.272,0.85009,0.85014,1.00,1.00
2016.12.08 17:02:19.424,0.8501,0.85014,1.00,1.00
2016.12.08 17:02:19.614,0.85009,0.85014,1.00,1.00
2016.12.08 17:02:20.121,0.85009,0.85013,1.00,1.00
2016.12.08 17:02:20.323,0.8501,0.85015,1.00,1.00
2016.12.08 17:02:20.425,0.85012,0.85017,1.00,1.00
2016.12.08 17:02:20.730,0.85014,0.8502,1.00,1.87
2016.12.08 17:02:21.254,0.85015,0.8502,1.00,1.87
2016.12.08 17:02:21.833,0.85014,0.8502,1.00,1.87
2016.12.08 17:02:22.137,0.85009,0.85016,1.00,3.00
2016.12.08 17:02:22.442,0.85008,0.85016,1.00,2.25
2016.12.08 17:02:23.315,0.8501,0.85015,1.00,1.37
2016.12.08 17:02:23.906,0.8501,0.85015,1.00,1.37
2016.12.08 17:02:24.447,0.85009,0.85016,1.00,1.50
2016.12.08 17:02:25.207,0.85006,0.85012,1.00,1.00
2016.12.08 17:02:25.258,0.85007,0.85011,1.00,1.12
2016.12.08 17:02:25.411,0.85008,0.85013,1.00,1.87
2016.12.08 17:02:25.462,0.85003,0.8501,1.00,1.37
2016.12.08 17:02:25.513,0.85006,0.85011,1.00,1.12
2016.12.08 17:02:25.817,0.85004,0.85011,1.00,1.37
2016.12.08 17:02:26.290,0.85006,0.85011,1.00,1.37
2016.12.08 17:02:26.855,0.85005,0.8501,1.00,1.37
2016.12.08 17:02:27.849,0.85004,0.85009,1.00,1.12
2016.12.08 17:02:28.245,0.85006,0.8501,1.00,1.87
2016.12.08 17:02:28.297,0.85004,0.8501,1.00,1.87
2016.12.08 17:02:28.399,0.85006,0.8501,1.00,1.00
2016.12.08 17:02:28.754,0.85009,0.85013,1.00,1.12
2016.12.08 17:02:29.492,0.85009,0.85014,1.00,1.12
2016.12.08 17:02:30.257,0.85008,0.85012,1.00,1.00
2016.12.08 17:02:30.485,0.85008,0.85012,1.00,1.00
2016.12.08 17:02:30.536,0.85006,0.85012,1.00,1.37
2016.12.08 17:02:31.084,0.85007,0.85011,1.00,1.12
2016.12.08 17:02:31.947,0.85009,0.85013,1.69,1.12
2016.12.08 17:02:32.049,0.85009,0.85013,1.69,1.00
2016.12.08 17:02:32.151,0.85013,0.85018,1.00,3.00
2016.12.08 17:02:32.690,0.85013,0.85018,1.00,1.87
2016.12.08 17:02:32.742,0.85014,0.85018,1.00,1.00
2016.12.08 17:02:33.148,0.85015,0.8502,1.00,2.25
2016.12.08 17:02:33.249,0.85014,0.85018,1.00,1.00
2016.12.08 17:02:33.924,0.85014,0.85018,1.00,1.00
2016.12.08 17:02:33.976,0.85016,0.85021,1.00,1.50
2016.12.08 17:02:34.191,0.85017,0.85022,1.00,1.00
2016.12.08 17:02:34.296,0.85019,0.85023,1.00,1.00
2016.12.08 17:02:34.500,0.85017,0.85022,1.00,1.00
2016.12.08 17:02:35.019,0.85018,0.85022,1.00,1.00
2016.12.08 17:02:35.424,0.85018,0.85024,1.00,1.50
2016.12.08 17:02:35.526,0.8502,0.85024,1.00,1.00
2016.12.08 17:02:36.243,0.85019,0.85023,1.00,1.00
2016.12.08 17:02:36.667,0.85017,0.85022,1.00,1.00
2016.12.08 17:02:36.769,0.85016,0.8502,1.00,1.00
2016.12.08 17:02:36.870,0.85014,0.85018,1.00,1.00
2016.12.08 17:02:37.377,0.85016,0.8502,1.00,1.35
2016.12.08 17:02:37.428,0.85016,0.85021,1.00,2.47
2016.12.08 17:02:37.681,0.85014,0.85018,1.00,1.00
2016.12.08 17:02:38.162,0.85017,0.85021,1.00,1.00
2016.12.08 17:02:38.317,0.85019,0.85023,1.00,1.00
2016.12.08 17:02:38.938,0.85018,0.85022,1.00,1.00
2016.12.08 17:02:41.423,0.8502,0.85024,1.00,1.00
2016.12.08 17:02:45.087,0.8502,0.85024,1.00,1.00
2016.12.08 17:02:45.665,0.85019,0.85024,1.00,1.00
2016.12.08 17:02:46.815,0.85018,0.85023,1.00,1.00
2016.12.08 17:02:47.322,0.85017,0.85023,1.00,1.00
2016.12.08 17:02:47.893,0.85019,0.85023,1.00,1.00
2016.12.08 17:02:50.026,0.85017,0.85021,1.00,1.00
2016.12.08 17:02:50.179,0.85019,0.85024,1.00,1.06
2016.12.08 17:02:50.281,0.8502,0.85026,1.00,1.87
2016.12.08 17:02:50.332,0.85019,0.85024,1.00,1.00
2016.12.08 17:02:50.841,0.8502,0.85024,1.00,1.00
2016.12.08 17:02:51.378,0.85021,0.85026,1.00,1.12
2016.12.08 17:02:52.634,0.85022,0.85027,1.00,1.37
2016.12.08 17:02:53.179,0.85023,0.8503,1.00,3.37
2016.12.08 17:02:53.281,0.8502,0.85024,1.25,1.00
2016.12.08 17:02:53.332,0.85017,0.85023,1.87,1.35
2016.12.08 17:02:53.534,0.85015,0.85023,1.00,1.00
2016.12.08 17:02:53.636,0.85017,0.85023,1.00,1.00
2016.12.08 17:02:53.941,0.8502,0.85024,1.00,1.12
2016.12.08 17:02:54.195,0.8502,0.85027,1.00,1.87
2016.12.08 17:02:54.740,0.8502,0.85026,1.00,1.00
2016.12.08 17:02:55.281,0.8502,0.85025,1.00,1.00
2016.12.08 17:02:58.485,0.8502,0.85027,1.00,1.00
2016.12.08 17:02:59.543,0.8502,0.85026,1.00,1.00
2016.12.08 17:02:59.681,0.85018,0.85025,1.00,1.00
2016.12.08 17:03:00.188,0.85017,0.85024,1.00,1.00
2016.12.08 17:03:00.739,0.85017,0.85025,1.00,1.00
2016.12.08 17:03:01.246,0.85016,0.85025,1.69,1.00
2016.12.08 17:03:01.791,0.85016,0.85026,1.69,1.00
2016.12.08 17:03:02.309,0.85017,0.85025,1.00,1.00
2016.12.08 17:03:02.844,0.85017,0.85026,1.00,1.00
2016.12.08 17:03:03.537,0.85017,0.85025,1.00,1.00
2016.12.08 17:03:06.219,0.85018,0.85025,1.25,1.00
2016.12.08 17:03:06.761,0.85018,0.85026,1.25,1.00
2016.12.08 17:03:07.291,0.85018,0.85027,1.25,1.00
2016.12.08 17:03:07.654,0.8502,0.85028,1.00,1.00
2016.12.08 17:03:07.981,0.85023,0.8503,1.25,1.00
2016.12.08 17:03:08.536,0.85024,0.8503,1.25,1.00
2016.12.08 17:03:09.691,0.85022,0.85028,1.69,1.00
2016.12.08 17:03:09.947,0.85023,0.8503,1.00,1.00
2016.12.08 17:03:10.486,0.85024,0.8503,1.00,1.00
2016.12.08 17:03:10.689,0.85024,0.85032,1.00,1.00
2016.12.08 17:03:11.565,0.85024,0.85034,1.00,1.00
2016.12.08 17:03:12.100,0.85025,0.85034,1.00,1.00
2016.12.08 17:03:13.341,0.85024,0.85032,1.00,1.00
2016.12.08 17:03:14.225,0.85026,0.85033,1.00,1.00
2016.12.08 17:03:14.789,0.85026,0.85034,1.00,1.00
2016.12.08 17:03:15.784,0.85026,0.85035,1.00,1.00
2016.12.08 17:03:16.781,0.85026,0.85034,1.00,1.00
2016.12.08 17:03:17.306,0.85025,0.85033,1.00,1.00
2016.12.08 17:03:18.247,0.85025,0.85032,1.00,1.00
2016.12.08 17:03:18.754,0.85025,0.85033,1.12,1.00
2016.12.08 17:03:19.312,0.85026,0.85033,1.00,1.00
2016.12.08 17:03:19.847,0.85025,0.85033,1.12,1.00
2016.12.08 17:03:20.388,0.85025,0.85034,1.12,1.12
2016.12.08 17:03:23.290,0.85024,0.85033,1.31,1.00
2016.12.08 17:03:23.594,0.85027,0.85034,1.25,1.00
2016.12.08 17:03:24.152,0.85027,0.85032,1.25,1.00
2016.12.08 17:03:25.762,0.85027,0.85034,1.25,1.00
2016.12.08 17:03:27.037,0.85029,0.85035,1.25,1.00
2016.12.08 17:03:27.841,0.85029,0.85035,1.25,1.60
2016.12.08 17:03:27.942,0.85025,0.85033,1.62,1.00
2016.12.08 17:03:28.094,0.85027,0.85036,1.25,2.25
2016.12.08 17:03:28.611,0.85028,0.85036,1.00,1.00
2016.12.08 17:03:29.294,0.85029,0.85037,1.69,1.12
2016.12.08 17:03:29.801,0.85028,0.85036,1.25,1.00
2016.12.08 17:03:30.340,0.85028,0.85035,1.25,1.00
2016.12.08 17:03:31.046,0.85028,0.85036,1.25,1.00
2016.12.08 17:03:37.078,0.85028,0.85037,1.25,1.00
2016.12.08 17:03:37.584,0.85028,0.85036,1.69,1.00
2016.12.08 17:03:38.469,0.85028,0.85037,1.69,1.50
2016.12.08 17:03:39.508,0.85028,0.85036,1.69,1.00
2016.12.08 17:03:41.201,0.85029,0.85037,1.00,1.00
2016.12.08 17:03:41.353,0.85031,0.85038,1.25,1.00
2016.12.08 17:03:43.220,0.85031,0.85039,1.25,1.50
2016.12.08 17:03:44.680,0.85031,0.8504,1.25,1.50
2016.12.08 17:03:44.984,0.85034,0.85041,1.25,1.00
2016.12.08 17:03:45.678,0.85034,0.85039,1.25,1.00
2016.12.08 17:03:47.459,0.85034,0.85041,2.06,1.00
2016.12.08 17:03:47.512,0.85038,0.85042,1.25,1.00
2016.12.08 17:03:47.726,0.85038,0.85044,1.25,1.00
2016.12.08 17:03:48.488,0.85038,0.85046,1.25,1.50
2016.12.08 17:03:48.641,0.85038,0.85044,1.25,1.00
2016.12.08 17:03:49.456,0.85035,0.85042,2.06,1.00
2016.12.08 17:03:49.959,0.85035,0.85042,1.69,1.00
2016.12.08 17:03:51.689,0.85035,0.85041,1.69,1.00
2016.12.08 17:03:51.791,0.85035,0.85043,1.69,1.00
2016.12.08 17:03:53.644,0.85035,0.85042,1.69,1.00
2016.12.08 17:03:54.904,0.85035,0.85043,1.25,1.12
2016.12.08 17:03:55.381,0.85032,0.85038,1.37,1.00
2016.12.08 17:03:55.484,0.8503,0.85038,1.69,1.00
2016.12.08 17:03:56.115,0.85031,0.85039,1.50,1.00
2016.12.08 17:03:57.687,0.85033,0.85042,1.50,1.37
2016.12.08 17:03:57.788,0.85034,0.85044,2.44,1.50
2016.12.08 17:03:57.890,0.85037,0.85044,1.25,1.12
2016.12.08 17:03:58.095,0.85034,0.85043,1.00,1.87
2016.12.08 17:03:58.646,0.85033,0.85044,1.69,1.87
2016.12.08 17:03:58.849,0.85036,0.85044,1.00,1.12
2016.12.08 17:03:59.461,0.85035,0.85044,1.69,1.87
2016.12.08 17:03:59.790,0.85035,0.85042,1.00,1.00
2016.12.08 17:04:00.085,0.85035,0.85045,1.69,1.37
2016.12.08 17:04:00.136,0.85038,0.85045,1.25,1.37
2016.12.08 17:04:00.491,0.85038,0.85047,1.25,1.50
2016.12.08 17:04:00.542,0.85038,0.85044,1.25,1.00
2016.12.08 17:04:01.167,0.85038,0.85045,1.25,1.00
2016.12.08 17:04:01.232,0.85038,0.85047,1.25,1.00
2016.12.08 17:04:01.738,0.85039,0.85047,1.00,1.00
2016.12.08 17:04:04.995,0.85039,0.85046,1.69,1.00
2016.12.08 17:04:07.418,0.85039,0.85047,1.69,1.00
2016.12.08 17:04:10.995,0.85039,0.85047,1.19,1.00
2016.12.08 17:04:17.154,0.8504,0.85048,1.25,1.00
2016.12.08 17:04:17.386,0.85041,0.8505,1.87,1.00
2016.12.08 17:04:19.817,0.85041,0.85051,1.12,1.00
2016.12.08 17:04:20.364,0.85042,0.85051,1.00,1.00
2016.12.08 17:04:20.466,0.85044,0.85054,1.00,3.75
2016.12.08 17:04:20.771,0.85048,0.85055,1.25,1.12
2016.12.08 17:04:21.454,0.85046,0.85052,1.31,1.00
2016.12.08 17:04:21.759,0.8505,0.85054,1.25,1.00
2016.12.08 17:04:21.810,0.85046,0.85054,1.69,1.00
2016.12.08 17:04:22.134,0.85046,0.85056,2.06,1.00
2016.12.08 17:04:22.582,0.85049,0.85056,1.00,1.00
2016.12.08 17:04:24.510,0.85048,0.85057,1.50,1.00
2016.12.08 17:04:24.815,0.85047,0.85055,1.00,1.00
2016.12.08 17:04:25.942,0.85047,0.85056,1.00,1.00
2016.12.08 17:04:26.549,0.85048,0.85056,1.00,1.00
2016.12.08 17:04:27.390,0.85045,0.85053,1.12,1.00
2016.12.08 17:04:27.694,0.85047,0.85054,1.00,1.00
2016.12.08 17:04:27.998,0.85049,0.85054,1.00,1.00
2016.12.08 17:04:28.200,0.85049,0.85056,1.00,1.00
2016.12.08 17:04:28.719,0.8505,0.85058,1.00,1.37
2016.12.08 17:04:29.291,0.85047,0.85056,1.00,1.00
2016.12.08 17:04:29.393,0.85047,0.85054,1.00,1.00
2016.12.08 17:04:29.899,0.85046,0.85054,1.25,1.00
2016.12.08 17:04:30.489,0.85046,0.85053,1.25,1.00
2016.12.08 17:04:31.521,0.85045,0.85053,1.00,1.00
2016.12.08 17:04:32.138,0.85045,0.85052,1.00,1.00
2016.12.08 17:04:32.594,0.85047,0.85053,1.00,1.00
2016.12.08 17:04:33.145,0.85046,0.85053,1.69,1.00
2016.12.08 17:04:33.655,0.85046,0.85054,1.69,1.00
2016.12.08 17:04:36.520,0.85046,0.85053,1.25,1.00
2016.12.08 17:04:40.078,0.85047,0.85055,1.00,1.00
2016.12.08 17:04:40.231,0.85048,0.85055,1.37,1.00
2016.12.08 17:04:40.744,0.85047,0.85055,1.12,1.00
2016.12.08 17:04:41.098,0.85046,0.85053,1.00,1.00
2016.12.08 17:04:41.200,0.85047,0.85056,1.00,1.50
2016.12.08 17:04:41.394,0.85045,0.85053,1.12,1.00
2016.12.08 17:04:41.445,0.85045,0.85055,1.12,1.00
2016.12.08 17:04:41.496,0.85046,0.85057,1.50,1.00
2016.12.08 17:04:42.010,0.85047,0.85057,1.00,1.00
2016.12.08 17:04:42.544,0.85048,0.85057,1.00,1.00
2016.12.08 17:04:45.438,0.85049,0.85057,1.00,1.00
2016.12.08 17:04:45.539,0.85047,0.85057,1.50,1.00
2016.12.08 17:04:47.356,0.85047,0.85058,1.50,2.44
2016.12.08 17:04:49.630,0.85047,0.85055,1.00,1.69
2016.12.08 17:04:49.681,0.85045,0.85054,1.87,1.00
2016.12.08 17:04:50.223,0.85045,0.85055,1.50,1.69
2016.12.08 17:04:52.556,0.85046,0.85055,1.00,1.25
2016.12.08 17:04:52.623,0.85048,0.85055,1.00,1.25
2016.12.08 17:04:52.675,0.85048,0.85057,1.00,1.25
2016.12.08 17:04:53.193,0.85047,0.85057,1.50,1.25
2016.12.08 17:04:53.710,0.85048,0.85057,1.50,1.25
2016.12.08 17:04:55.167,0.85048,0.85059,2.44,1.00
2016.12.08 17:04:55.890,0.85049,0.85059,1.00,1.00
2016.12.08 17:04:57.612,0.85048,0.85059,2.44,1.00
2016.12.08 17:04:58.141,0.85049,0.8506,1.00,1.50
2016.12.08 17:05:01.745,0.85048,0.85056,2.06,1.00
2016.12.08 17:05:02.298,0.85048,0.85057,2.44,1.50
2016.12.08 17:05:03.210,0.85049,0.85058,1.00,1.50
2016.12.08 17:05:03.514,0.85048,0.85056,1.25,1.00
2016.12.08 17:05:04.752,0.85048,0.85057,1.25,1.50
2016.12.08 17:05:05.780,0.85048,0.85058,1.25,1.87
2016.12.08 17:05:06.393,0.85048,0.85056,1.25,1.00
2016.12.08 17:05:08.642,0.85047,0.85056,1.00,1.37
2016.12.08 17:05:08.693,0.85044,0.85054,2.62,1.12
2016.12.08 17:05:08.745,0.85044,0.85054,2.25,1.37
2016.12.08 17:05:08.847,0.85043,0.85054,3.19,1.00
2016.12.08 17:05:08.898,0.85043,0.85054,2.81,1.00
2016.12.08 17:05:09.101,0.85045,0.85055,1.25,2.62
2016.12.08 17:05:10.764,0.85045,0.85054,1.25,1.00
2016.12.08 17:05:11.656,0.85044,0.85054,1.00,1.00
2016.12.08 17:05:12.840,0.85043,0.85054,2.44,1.50
2016.12.08 17:05:13.957,0.85045,0.85053,1.00,1.00
2016.12.08 17:05:14.493,0.85044,0.85054,1.50,1.00
2016.12.08 17:05:16.865,0.85043,0.85053,1.69,1.00
2016.12.08 17:05:17.180,0.85042,0.85051,1.50,1.00
2016.12.08 17:05:17.383,0.85042,0.85053,1.50,1.87
2016.12.08 17:05:17.486,0.85044,0.85054,1.00,1.69
2016.12.08 17:05:19.438,0.85043,0.85052,1.00,1.00
2016.12.08 17:05:19.744,0.85042,0.8505,1.50,1.25
2016.12.08 17:05:20.302,0.85043,0.8505,1.00,1.25
2016.12.08 17:05:20.658,0.8504,0.8505,1.43,1.25
2016.12.08 17:05:20.709,0.8504,0.85048,1.43,1.25
2016.12.08 17:05:22.454,0.85041,0.85048,1.12,1.25
2016.12.08 17:05:23.744,0.8504,0.85048,1.37,1.25
2016.12.08 17:05:27.391,0.85042,0.85052,1.75,1.87
2016.12.08 17:05:27.912,0.85044,0.85051,1.37,1.12
2016.12.08 17:05:30.658,0.85044,0.85051,1.00,1.00
2016.12.08 17:05:33.313,0.85043,0.85051,1.00,1.00
2016.12.08 17:05:34.485,0.85045,0.85051,1.00,1.00
2016.12.08 17:05:34.589,0.85043,0.85051,1.00,1.00
2016.12.08 17:05:36.690,0.85042,0.85051,1.50,1.12
2016.12.08 17:05:37.991,0.85042,0.85051,1.00,1.37
2016.12.08 17:05:38.799,0.85042,0.85051,1.37,1.37
2016.12.08 17:05:40.780,0.85047,0.85053,1.00,1.87
2016.12.08 17:05:41.385,0.85049,0.85053,1.00,1.12
2016.12.08 17:05:41.487,0.85048,0.85053,1.00,1.00
2016.12.08 17:05:41.803,0.85049,0.85053,1.00,1.25
2016.12.08 17:05:42.260,0.85048,0.85053,1.00,1.25
2016.12.08 17:05:42.766,0.85047,0.85053,1.00,2.06
2016.12.08 17:05:43.171,0.85045,0.85053,1.00,2.44
2016.12.08 17:05:43.712,0.85046,0.85053,1.00,2.44
2016.12.08 17:05:44.016,0.85046,0.85051,1.00,1.00
2016.12.08 17:05:44.527,0.85045,0.85051,1.00,1.00
2016.12.08 17:05:45.239,0.85045,0.8505,1.00,1.00
2016.12.08 17:05:50.167,0.85045,0.85049,1.00,1.00
2016.12.08 17:05:51.720,0.85045,0.8505,1.00,1.00
2016.12.08 17:05:53.557,0.85044,0.8505,1.00,1.00
2016.12.08 17:05:55.656,0.85044,0.85048,1.00,1.25
2016.12.08 17:05:57.239,0.85043,0.85048,1.00,1.25
2016.12.08 17:05:58.508,0.85043,0.8505,1.00,1.00
2016.12.08 17:05:59.099,0.85042,0.8505,1.00,1.00
2016.12.08 17:06:04.390,0.85042,0.85051,1.00,2.06
2016.12.08 17:06:05.197,0.85042,0.8505,1.00,1.00
2016.12.08 17:06:10.070,0.85042,0.85049,1.00,1.00
2016.12.08 17:06:10.941,0.85042,0.8505,1.00,1.00
2016.12.08 17:06:11.760,0.85042,0.85051,1.00,1.69
2016.12.08 17:06:11.996,0.85046,0.85052,1.00,1.12
2016.12.08 17:06:12.201,0.85052,0.85059,1.00,2.06
2016.12.08 17:06:12.729,0.85052,0.8506,1.00,1.00
2016.12.08 17:06:20.081,0.85052,0.85059,1.00,1.00
2016.12.08 17:06:21.279,0.8505,0.85059,1.00,1.00
2016.12.08 17:06:21.758,0.8505,0.85057,1.00,1.00
2016.12.08 17:06:21.931,0.8505,0.8506,1.00,1.69
2016.12.08 17:06:24.396,0.85052,0.8506,1.00,1.69
2016.12.08 17:06:27.616,0.85052,0.85059,1.00,1.00
2016.12.08 17:06:28.604,0.85052,0.8506,1.00,1.69
2016.12.08 17:06:29.438,0.8505,0.8506,1.00,1.69
2016.12.08 17:06:29.960,0.85051,0.8506,1.00,1.69
2016.12.08 17:06:30.427,0.8505,0.85058,1.00,1.69
2016.12.08 17:06:30.479,0.85048,0.85056,1.00,1.37
2016.12.08 17:06:30.987,0.85047,0.85056,1.00,1.37
2016.12.08 17:06:31.496,0.85046,0.85055,1.50,1.37
2016.12.08 17:06:32.138,0.85046,0.85054,1.00,1.37
2016.12.08 17:06:32.745,0.85045,0.85054,1.00,1.37
2016.12.08 17:06:33.762,0.85046,0.85054,1.00,1.50
2016.12.08 17:06:35.292,0.85045,0.85053,1.00,1.37
2016.12.08 17:06:37.344,0.85044,0.85054,1.50,1.50
2016.12.08 17:06:39.027,0.85044,0.85053,1.00,2.25
2016.12.08 17:06:39.281,0.85042,0.85052,1.50,2.25
2016.12.08 17:06:40.202,0.85043,0.85051,1.00,1.37
2016.12.08 17:06:40.253,0.8504,0.85049,1.00,1.00
2016.12.08 17:06:40.405,0.8504,0.85051,1.00,2.44
2016.12.08 17:06:40.507,0.85039,0.85049,1.50,1.50
2016.12.08 17:06:41.013,0.8504,0.85049,1.00,1.50
2016.12.08 17:06:41.610,0.8504,0.8505,1.00,1.50
2016.12.08 17:06:43.144,0.8504,0.85049,1.00,1.00
2016.12.08 17:06:43.678,0.85041,0.8505,1.00,1.00
2016.12.08 17:06:45.654,0.85041,0.85049,1.00,1.00
2016.12.08 17:06:46.115,0.85039,0.85049,1.87,1.00
2016.12.08 17:06:49.170,0.85041,0.85049,1.00,1.00
2016.12.08 17:06:50.058,0.85041,0.8505,1.00,1.50
2016.12.08 17:06:50.366,0.85041,0.8505,1.00,1.87
2016.12.08 17:06:50.418,0.85039,0.85049,1.00,1.37
2016.12.08 17:06:50.689,0.8504,0.8505,1.00,1.00
2016.12.08 17:06:50.740,0.85042,0.8505,1.00,1.00
2016.12.08 17:06:51.045,0.85044,0.85052,1.00,1.00
2016.12.08 17:06:51.391,0.85046,0.85052,1.00,1.00
2016.12.08 17:06:51.913,0.85046,0.85053,1.00,1.12
2016.12.08 17:06:52.167,0.85044,0.85053,1.00,1.12
2016.12.08 17:06:52.268,0.85044,0.85053,1.00,1.37
2016.12.08 17:06:53.947,0.85044,0.85052,1.00,1.12
2016.12.08 17:06:55.092,0.85043,0.85054,1.50,1.37
2016.12.08 17:06:55.397,0.8505,0.85058,1.37,1.00
2016.12.08 17:06:55.904,0.8505,0.85059,1.37,1.50
2016.12.08 17:06:56.430,0.85049,0.85059,1.00,1.00
2016.12.08 17:06:57.033,0.85049,0.85058,1.00,1.00
2016.12.08 17:07:00.375,0.85049,0.85059,1.00,1.00
2016.12.08 17:07:02.168,0.85049,0.85058,1.00,1.00
2016.12.08 17:07:02.270,0.85047,0.85056,1.50,1.00
2016.12.08 17:07:02.372,0.85044,0.85054,1.12,1.12
2016.12.08 17:07:02.676,0.85044,0.85051,1.00,1.00
2016.12.08 17:07:03.204,0.85043,0.85051,1.00,1.00
2016.12.08 17:07:03.707,0.85041,0.85051,1.00,1.00
2016.12.08 17:07:04.213,0.85041,0.8505,1.00,1.00
2016.12.08 17:07:09.044,0.85041,0.85051,1.00,1.00
2016.12.08 17:07:10.289,0.8504,0.85051,1.87,1.50
2016.12.08 17:07:11.855,0.85041,0.85051,1.00,1.00
2016.12.08 17:07:12.173,0.85041,0.85049,1.00,1.00
2016.12.08 17:07:12.224,0.85042,0.85051,1.00,1.50
2016.12.08 17:07:12.586,0.85043,0.85053,1.00,1.00
2016.12.08 17:07:12.647,0.85042,0.85051,1.50,1.00
2016.12.08 17:07:12.951,0.85042,0.85049,1.00,1.00
2016.12.08 17:07:13.462,0.85042,0.8505,1.00,1.00
2016.12.08 17:07:14.032,0.85041,0.8505,2.81,1.00
2016.12.08 17:07:15.545,0.8504,0.85048,1.37,1.00
2016.12.08 17:07:26.700,0.8504,0.85048,1.00,1.00
2016.12.08 17:07:26.751,0.85037,0.85046,1.00,1.00
2016.12.08 17:07:27.354,0.85037,0.85045,1.00,1.00
2016.12.08 17:07:28.008,0.85038,0.85045,1.00,1.00
2016.12.08 17:07:29.302,0.85037,0.85045,1.00,1.00
2016.12.08 17:07:29.505,0.85039,0.85046,1.00,1.00
2016.12.08 17:07:30.055,0.85039,0.85047,1.00,1.00
2016.12.08 17:07:30.511,0.85041,0.85047,1.00,1.00
2016.12.08 17:07:31.500,0.8504,0.85047,1.00,1.00
2016.12.08 17:07:31.551,0.8504,0.8505,1.00,1.50
2016.12.08 17:07:38.099,0.85041,0.85049,1.00,1.00
2016.12.08 17:07:38.638,0.85041,0.8505,1.50,1.00
2016.12.08 17:07:38.841,0.85044,0.85052,1.00,1.87
2016.12.08 17:07:39.345,0.85044,0.85053,1.50,2.06
2016.12.08 17:07:39.750,0.85044,0.8505,1.00,1.00
2016.12.08 17:07:39.903,0.85042,0.85049,1.00,1.00
2016.12.08 17:07:43.784,0.85042,0.85051,1.00,1.00
2016.12.08 17:07:44.591,0.85043,0.85051,1.00,1.00
2016.12.08 17:07:45.575,0.85045,0.85054,1.00,1.12
2016.12.08 17:07:45.677,0.85048,0.85055,1.00,1.00
2016.12.08 17:07:46.183,0.85048,0.85056,1.00,1.00
2016.12.08 17:07:46.846,0.85048,0.85055,1.00,1.00
2016.12.08 17:07:47.431,0.85048,0.85054,1.00,1.00
2016.12.08 17:07:47.634,0.85046,0.85054,1.00,1.00
2016.12.08 17:07:47.796,0.85047,0.85056,1.00,1.50
2016.12.08 17:07:47.847,0.85047,0.85054,1.00,1.00
2016.12.08 17:07:47.898,0.85044,0.85053,1.87,1.00
2016.12.08 17:07:48.101,0.85044,0.85051,1.00,1.00
2016.12.08 17:07:48.456,0.85045,0.85053,1.00,1.00
2016.12.08 17:07:48.970,0.85045,0.85054,1.00,1.00
2016.12.08 17:07:49.484,0.85044,0.85053,1.00,1.00
2016.12.08 17:07:49.942,0.85046,0.85053,1.00,1.00
2016.12.08 17:07:50.940,0.85045,0.85053,1.00,1.00
2016.12.08 17:07:58.997,0.85046,0.85053,1.00,1.00
2016.12.08 17:08:00.447,0.85044,0.85051,1.00,1.00
2016.12.08 17:08:00.498,0.85044,0.85053,1.69,1.00
2016.12.08 17:08:01.444,0.85045,0.85053,1.00,1.00
2016.12.08 17:08:01.924,0.85045,0.85055,1.00,1.00
2016.12.08 17:08:03.655,0.85046,0.85055,1.00,1.00
2016.12.08 17:08:03.959,0.85046,0.85055,1.75,1.00
2016.12.08 17:08:04.524,0.85048,0.85056,1.37,1.50
2016.12.08 17:08:05.645,0.85046,0.85055,1.75,1.00
2016.12.08 17:08:06.171,0.85046,0.85055,1.00,1.00
2016.12.08 17:08:06.718,0.85046,0.85054,1.00,1.00
2016.12.08 17:08:06.769,0.85046,0.85054,1.50,1.00
2016.12.08 17:08:06.872,0.85046,0.85055,1.50,1.00
2016.12.08 17:08:07.387,0.85045,0.85055,1.12,1.00
2016.12.08 17:08:07.544,0.85044,0.85053,1.00,1.00
2016.12.08 17:08:07.891,0.85044,0.85051,1.00,1.00
2016.12.08 17:08:07.992,0.85046,0.85054,1.00,1.00
2016.12.08 17:08:08.522,0.85047,0.85054,1.00,1.00
2016.12.08 17:08:08.725,0.8505,0.85057,1.00,1.00
2016.12.08 17:08:09.437,0.8505,0.85056,1.00,1.00
2016.12.08 17:08:09.489,0.85048,0.85055,1.12,1.00
2016.12.08 17:08:09.998,0.85048,0.85056,1.12,1.00
2016.12.08 17:08:10.520,0.85048,0.85057,1.12,1.00
2016.12.08 17:08:10.862,0.8505,0.85057,1.12,1.00
2016.12.08 17:08:11.166,0.85052,0.85059,1.00,1.00
2016.12.08 17:08:12.472,0.8505,0.85059,1.87,1.00
2016.12.08 17:08:12.633,0.85052,0.85059,1.00,1.00
2016.12.08 17:08:15.476,0.85051,0.85059,1.00,1.00
2016.12.08 17:08:20.320,0.8505,0.85059,1.87,1.00
2016.12.08 17:08:20.624,0.85049,0.85057,1.00,1.00
2016.12.08 17:08:20.725,0.85047,0.85056,1.00,1.00
2016.12.08 17:08:21.380,0.85046,0.85056,2.06,1.00
2016.12.08 17:08:21.890,0.85047,0.85056,1.00,1.00
2016.12.08 17:08:26.928,0.85046,0.85056,2.06,1.00
2016.12.08 17:08:27.471,0.85047,0.85055,1.00,1.00
2016.12.08 17:08:31.637,0.85046,0.85055,1.25,1.00
2016.12.08 17:08:35.873,0.85047,0.85056,1.00,1.00
2016.12.08 17:08:35.924,0.85049,0.85057,1.00,1.00
2016.12.08 17:08:36.280,0.85046,0.85056,1.87,1.00
2016.12.08 17:08:36.331,0.85046,0.85054,1.12,1.00
2016.12.08 17:08:36.840,0.85046,0.85053,1.00,1.00
2016.12.08 17:08:37.340,0.85045,0.85055,1.00,1.00
2016.12.08 17:08:37.739,0.85047,0.85057,1.25,1.50
2016.12.08 17:08:38.246,0.85046,0.85055,1.00,1.50
2016.12.08 17:08:38.554,0.85044,0.85053,1.00,1.00
2016.12.08 17:08:40.013,0.85044,0.85054,1.00,1.00
2016.12.08 17:08:40.563,0.85044,0.85055,1.00,2.25
2016.12.08 17:08:40.917,0.85046,0.85055,1.00,1.87
2016.12.08 17:08:41.505,0.85044,0.85053,2.81,1.00
2016.12.08 17:08:42.012,0.85044,0.85052,1.00,1.00
2016.12.08 17:08:42.613,0.85044,0.85053,1.00,2.44
2016.12.08 17:08:44.439,0.85043,0.85053,1.12,1.69
2016.12.08 17:08:47.420,0.85043,0.85052,1.87,1.00
2016.12.08 17:08:48.534,0.85045,0.85052,1.00,1.00
2016.12.08 17:08:49.204,0.85043,0.85052,1.87,1.50
2016.12.08 17:08:50.142,0.85042,0.85051,3.56,1.00
2016.12.08 17:08:50.648,0.85041,0.8505,1.37,1.00
2016.12.08 17:08:50.749,0.85041,0.85052,1.87,2.44
2016.12.08 17:08:52.804,0.85042,0.8505,1.00,1.00
2016.12.08 17:08:53.059,0.85042,0.85052,1.12,1.50
2016.12.08 17:08:53.694,0.85042,0.8505,1.12,1.00
2016.12.08 17:08:55.694,0.85042,0.85051,1.50,1.50
2016.12.08 17:09:00.135,0.85044,0.85051,1.00,1.00
2016.12.08 17:09:00.388,0.85044,0.85053,1.00,1.69
2016.12.08 17:09:00.439,0.85042,0.85053,1.50,2.44
2016.12.08 17:09:01.568,0.85042,0.85052,1.50,1.00
2016.12.08 17:09:02.241,0.85042,0.85053,1.50,2.44
2016.12.08 17:09:02.294,0.85042,0.85053,1.87,2.44
2016.12.08 17:09:02.550,0.85045,0.85055,1.00,1.87
2016.12.08 17:09:02.623,0.85045,0.85057,1.12,1.87
2016.12.08 17:09:02.726,0.85047,0.85056,1.00,1.00
2016.12.08 17:09:03.275,0.85046,0.85055,1.50,1.00
2016.12.08 17:09:05.308,0.85047,0.85055,1.00,1.00
2016.12.08 17:09:05.835,0.85046,0.85055,1.50,1.00
2016.12.08 17:09:06.587,0.85047,0.85055,1.00,1.00
2016.12.08 17:09:07.100,0.85046,0.85055,1.50,1.00
2016.12.08 17:09:11.573,0.85048,0.85056,1.00,1.00
2016.12.08 17:09:12.080,0.85048,0.85057,1.00,1.50
2016.12.08 17:09:12.131,0.85046,0.85057,1.00,1.00
2016.12.08 17:09:12.671,0.85047,0.85057,1.00,1.00
2016.12.08 17:09:13.676,0.85047,0.85058,1.00,2.81
2016.12.08 17:09:14.131,0.85046,0.85056,1.50,1.25
2016.12.08 17:09:14.435,0.85045,0.85055,1.69,1.87
2016.12.08 17:09:17.297,0.85046,0.85055,1.00,1.37
2016.12.08 17:09:17.450,0.85047,0.85056,2.44,1.12
2016.12.08 17:09:17.838,0.85048,0.85059,1.69,1.87
2016.12.08 17:09:18.364,0.85049,0.85058,1.50,1.00
2016.12.08 17:09:31.638,0.85053,0.85058,1.00,1.00
2016.12.08 17:09:31.741,0.85054,0.85061,1.00,1.00
2016.12.08 17:09:31.843,0.85054,0.85063,1.00,1.00
2016.12.08 17:09:33.571,0.85052,0.85063,1.50,1.50
2016.12.08 17:09:33.723,0.85055,0.85063,1.00,1.50
2016.12.08 17:09:34.666,0.85053,0.85063,1.00,2.25
2016.12.08 17:09:37.459,0.85052,0.85063,1.00,2.25
2016.12.08 17:09:37.662,0.85049,0.85058,1.00,1.00
2016.12.08 17:09:38.362,0.85049,0.85058,1.00,1.50
2016.12.08 17:09:38.889,0.85048,0.85058,1.50,1.50
2016.12.08 17:09:42.107,0.8505,0.85058,1.00,1.37
2016.12.08 17:09:42.360,0.85052,0.85061,1.00,2.62
2016.12.08 17:09:44.468,0.85052,0.85061,1.00,1.37
2016.12.08 17:09:53.890,0.85053,0.85062,1.00,1.50
2016.12.08 17:09:54.408,0.85054,0.85062,1.00,1.50
2016.12.08 17:09:54.928,0.85053,0.85062,1.50,1.50
2016.12.08 17:09:56.993,0.85051,0.85059,1.00,2.00
2016.12.08 17:09:57.541,0.8505,0.85058,1.50,1.75
2016.12.08 17:10:01.688,0.8505,0.85058,1.50,1.00
2016.12.08 17:10:03.017,0.8505,0.85057,1.00,1.00
2016.12.08 17:10:03.556,0.8505,0.85058,1.00,1.00
2016.12.08 17:10:04.690,0.8505,0.85057,1.00,1.00
2016.12.08 17:10:05.196,0.85049,0.85057,1.00,1.00
2016.12.08 17:10:05.737,0.85049,0.85058,1.00,2.25
2016.12.08 17:10:15.042,0.85048,0.85058,1.12,1.50
2016.12.08 17:10:16.167,0.85049,0.85058,1.00,1.50
2016.12.08 17:10:16.218,0.85049,0.85056,1.25,1.00
2016.12.08 17:10:16.269,0.85049,0.85058,1.69,1.50
2016.12.08 17:10:16.774,0.8505,0.85058,1.00,1.00
2016.12.08 17:10:17.086,0.8505,0.85061,1.00,2.25
2016.12.08 17:10:17.596,0.8505,0.8506,1.00,1.00
2016.12.08 17:10:17.647,0.85053,0.8506,1.25,1.00
2016.12.08 17:10:19.991,0.85052,0.8506,1.25,1.00
2016.12.08 17:10:20.062,0.8505,0.85059,1.00,1.00
2016.12.08 17:10:20.113,0.85049,0.85057,1.00,1.00
2016.12.08 17:10:20.635,0.85048,0.85057,2.44,1.00
2016.12.08 17:10:21.993,0.85051,0.85059,1.00,1.87
2016.12.08 17:10:22.297,0.85049,0.85058,2.44,1.00
2016.12.08 17:10:22.835,0.85048,0.85057,1.69,1.00
2016.12.08 17:10:23.339,0.85048,0.85058,2.44,1.00
2016.12.08 17:10:23.694,0.8505,0.85058,1.00,1.00
2016.12.08 17:10:24.280,0.8505,0.85057,1.00,1.00
2016.12.08 17:10:26.395,0.85047,0.85056,2.44,1.00
2016.12.08 17:10:27.350,0.85047,0.85057,2.44,1.50
2016.12.08 17:10:28.784,0.85048,0.85057,1.00,1.50
2016.12.08 17:10:29.037,0.85053,0.8506,1.00,1.50
2016.12.08 17:10:29.139,0.85053,0.85062,1.00,1.50
2016.12.08 17:10:29.190,0.85055,0.85062,1.00,1.00
2016.12.08 17:10:29.742,0.85055,0.85064,1.00,1.37
2016.12.08 17:10:30.273,0.85054,0.85065,1.50,2.62
2016.12.08 17:10:32.288,0.85057,0.85065,1.00,1.87
2016.12.08 17:10:32.437,0.85057,0.85066,1.00,1.00
2016.12.08 17:10:32.589,0.85059,0.85067,1.00,1.00
2016.12.08 17:10:33.109,0.85059,0.85068,1.00,1.00
2016.12.08 17:10:36.392,0.8506,0.85069,1.00,1.69
2016.12.08 17:10:36.904,0.85059,0.85068,1.00,1.50
2016.12.08 17:10:37.208,0.85059,0.85066,1.00,1.00
2016.12.08 17:10:37.724,0.85058,0.85066,1.00,1.00
2016.12.08 17:10:40.254,0.85057,0.85066,3.19,1.00
2016.12.08 17:10:42.699,0.85058,0.85066,1.00,1.50
2016.12.08 17:10:43.093,0.85056,0.85066,1.00,1.50
2016.12.08 17:10:43.601,0.85055,0.85066,1.25,2.25
2016.12.08 17:10:44.118,0.85054,0.85066,1.50,3.56
2016.12.08 17:10:45.211,0.85053,0.85062,1.00,1.50
2016.12.08 17:10:45.262,0.85051,0.85062,1.50,2.25
2016.12.08 17:10:45.617,0.85051,0.85059,1.00,1.00
2016.12.08 17:10:46.126,0.8505,0.85059,1.50,1.00
2016.12.08 17:10:46.806,0.85051,0.85059,1.00,1.50
2016.12.08 17:10:48.322,0.8505,0.85059,1.00,1.00
2016.12.08 17:10:48.915,0.85049,0.8506,1.00,1.50
2016.12.08 17:10:49.499,0.8505,0.85059,1.00,1.00
2016.12.08 17:10:50.006,0.8505,0.85058,1.00,1.50
2016.12.08 17:10:50.291,0.85048,0.85058,1.50,1.50
2016.12.08 17:10:52.037,0.85048,0.85057,1.50,1.00
2016.12.08 17:10:52.579,0.85049,0.85058,1.00,1.50
2016.12.08 17:10:52.648,0.85052,0.85058,1.00,1.00
2016.12.08 17:10:52.750,0.85049,0.85059,1.50,1.31
2016.12.08 17:10:53.204,0.85049,0.85056,1.00,1.25
2016.12.08 17:10:53.559,0.85049,0.85059,1.00,1.87
2016.12.08 17:10:53.711,0.85048,0.85055,1.50,1.25
2016.12.08 17:10:53.813,0.85046,0.85055,1.50,1.25
2016.12.08 17:10:54.321,0.85045,0.85053,1.00,1.25
2016.12.08 17:10:54.785,0.85043,0.85052,1.50,1.00
2016.12.08 17:10:54.995,0.85042,0.8505,1.00,1.00
2016.12.08 17:10:55.529,0.85042,0.85049,1.00,1.00
2016.12.08 17:10:55.939,0.8504,0.85049,1.50,1.00
2016.12.08 17:10:56.914,0.85039,0.85049,2.44,1.00
2016.12.08 17:10:57.434,0.85039,0.85048,1.69,1.12
2016.12.08 17:10:59.922,0.85038,0.85048,1.69,1.12
2016.12.08 17:11:00.225,0.85038,0.85046,1.25,1.00
2016.12.08 17:11:00.587,0.85036,0.85046,2.44,1.00
2016.12.08 17:11:01.087,0.85035,0.85042,1.00,1.25
2016.12.08 17:11:01.202,0.85033,0.85042,1.00,1.69
2016.12.08 17:11:01.705,0.85032,0.85041,1.50,1.00
2016.12.08 17:11:02.237,0.85033,0.85042,1.00,2.44
2016.12.08 17:11:04.626,0.85033,0.85042,1.72,1.69
2016.12.08 17:11:05.146,0.85033,0.85043,1.72,1.50
2016.12.08 17:11:09.044,0.85033,0.85044,2.47,3.19
2016.12.08 17:11:09.146,0.85037,0.85044,4.18,1.69
2016.12.08 17:11:09.350,0.85049,0.85057,2.85,1.12
2016.12.08 17:11:09.506,0.85045,0.85055,3.22,1.25
2016.12.08 17:11:09.609,0.85043,0.85053,1.37,1.00
2016.12.08 17:11:09.761,0.85042,0.85053,1.00,1.00
2016.12.08 17:11:10.217,0.85042,0.85051,1.50,1.00
2016.12.08 17:11:10.804,0.8504,0.85051,1.50,1.00
2016.12.08 17:11:12.189,0.8504,0.85052,2.25,1.00
2016.12.08 17:11:14.826,0.85042,0.85051,1.00,1.00
2016.12.08 17:11:15.145,0.85035,0.85045,1.00,1.00
2016.12.08 17:11:15.609,0.85037,0.85045,1.00,1.00
2016.12.08 17:11:16.991,0.85036,0.85045,4.12,1.00
2016.12.08 17:11:19.078,0.85037,0.85045,1.00,1.00
2016.12.08 17:11:19.490,0.8504,0.85048,1.00,1.25
2016.12.08 17:11:21.384,0.8504,0.8505,1.00,1.50
2016.12.08 17:11:21.587,0.85042,0.8505,1.00,1.12
2016.12.08 17:11:22.196,0.85042,0.85051,1.00,2.06
2016.12.08 17:11:23.187,0.85042,0.85051,1.00,2.06
2016.12.08 17:11:24.438,0.85044,0.85048,1.00,1.25
2016.12.08 17:11:24.490,0.85045,0.85054,1.00,3.94
2016.12.08 17:11:24.594,0.85043,0.85051,1.00,1.25
2016.12.08 17:11:24.935,0.85044,0.85048,1.00,1.25
2016.12.08 17:11:27.358,0.85044,0.85052,1.00,1.69
2016.12.08 17:11:27.409,0.85044,0.8505,1.00,1.25
2016.12.08 17:11:27.934,0.85043,0.8505,1.00,1.25
2016.12.08 17:11:29.618,0.85043,0.85048,1.00,1.25
2016.12.08 17:11:30.623,0.85043,0.8505,1.00,1.00
2016.12.08 17:11:30.775,0.85041,0.8505,1.00,1.00
2016.12.08 17:11:31.282,0.8504,0.8505,1.00,1.00
2016.12.08 17:11:32.679,0.85042,0.85051,1.50,2.44
2016.12.08 17:11:33.185,0.85043,0.85052,1.00,1.00
2016.12.08 17:11:33.844,0.85042,0.85053,2.25,1.25
2016.12.08 17:11:34.327,0.85044,0.85053,1.00,1.25
2016.12.08 17:11:34.836,0.85043,0.85052,1.00,2.44
2016.12.08 17:11:35.140,0.85041,0.85051,2.85,1.25
2016.12.08 17:11:35.242,0.85041,0.85049,2.10,1.25
2016.12.08 17:11:36.075,0.85042,0.85049,1.00,1.25
2016.12.08 17:11:36.940,0.85042,0.85051,1.00,1.00
2016.12.08 17:11:37.477,0.8504,0.8505,1.72,1.00
2016.12.08 17:11:38.544,0.85042,0.8505,1.00,1.50
2016.12.08 17:11:39.059,0.8504,0.8505,1.72,1.50
2016.12.08 17:11:39.598,0.8504,0.85049,1.72,1.00
2016.12.08 17:11:40.694,0.85041,0.8505,1.54,1.00
2016.12.08 17:11:43.265,0.85041,0.8505,1.91,1.00
2016.12.08 17:11:43.519,0.85042,0.85052,1.37,1.50
2016.12.08 17:11:46.638,0.85042,0.85051,1.37,1.00
2016.12.08 17:11:47.470,0.85041,0.85051,1.50,1.00
2016.12.08 17:11:49.798,0.8504,0.8505,1.87,1.00
2016.12.08 17:11:49.950,0.85042,0.8505,1.00,1.00
2016.12.08 17:11:50.206,0.85043,0.85052,1.25,1.00
2016.12.08 17:11:50.257,0.85041,0.85052,1.50,1.00
2016.12.08 17:11:50.308,0.8504,0.8505,1.69,1.87
2016.12.08 17:11:50.612,0.85037,0.85046,1.00,1.00
2016.12.08 17:11:50.997,0.8504,0.85048,1.00,1.37
2016.12.08 17:11:51.098,0.85041,0.85051,1.00,1.87
2016.12.08 17:11:51.169,0.85045,0.85052,1.00,1.37
2016.12.08 17:11:51.221,0.85045,0.85052,1.00,1.00
2016.12.08 17:11:51.788,0.85045,0.85053,1.00,1.12
2016.12.08 17:11:52.189,0.85043,0.85053,1.00,2.25
2016.12.08 17:11:52.240,0.85041,0.85049,3.79,1.00
2016.12.08 17:11:52.393,0.85039,0.85049,1.00,1.12
2016.12.08 17:11:52.991,0.85039,0.85048,1.50,1.00
2016.12.08 17:11:54.070,0.85039,0.85047,1.50,1.00
2016.12.08 17:11:56.881,0.85041,0.85047,1.00,1.00
2016.12.08 17:11:57.372,0.85039,0.85048,1.00,1.00
2016.12.08 17:11:58.293,0.85038,0.85046,1.69,1.00
2016.12.08 17:11:59.213,0.8504,0.8505,1.00,1.00
2016.12.08 17:11:59.771,0.8504,0.85051,2.81,1.50
2016.12.08 17:12:00.313,0.85042,0.85051,1.00,1.00
2016.12.08 17:12:01.195,0.85041,0.85052,1.00,1.50
2016.12.08 17:12:01.247,0.85041,0.8505,1.50,1.00
2016.12.08 17:12:03.157,0.85043,0.85052,1.00,1.00
2016.12.08 17:12:03.708,0.85043,0.85051,1.00,1.00
2016.12.08 17:12:04.258,0.85043,0.85054,1.00,1.87
2016.12.08 17:12:04.309,0.85043,0.85051,1.00,1.00
2016.12.08 17:12:04.550,0.85043,0.85054,1.50,1.87
2016.12.08 17:12:04.804,0.85044,0.85052,1.00,1.00
2016.12.08 17:12:05.684,0.85043,0.85052,1.00,1.00
2016.12.08 17:12:07.148,0.85043,0.8505,1.00,1.00
2016.12.08 17:12:07.199,0.85043,0.85052,1.00,1.00
2016.12.08 17:12:07.763,0.85043,0.85051,1.00,1.00
2016.12.08 17:12:08.553,0.85042,0.85051,1.00,1.00
2016.12.08 17:12:10.442,0.85042,0.85052,1.00,1.00
2016.12.08 17:12:13.014,0.85042,0.85051,1.00,1.00
2016.12.08 17:12:14.745,0.85042,0.85052,1.50,1.00
2016.12.08 17:12:16.437,0.85042,0.85053,1.00,1.00
2016.12.08 17:12:17.548,0.85045,0.85053,1.00,1.00
2016.12.08 17:12:17.701,0.85041,0.85052,1.69,3.00
2016.12.08 17:12:17.753,0.8504,0.85048,1.69,1.00
2016.12.08 17:12:18.261,0.85039,0.85048,1.50,1.87
2016.12.08 17:12:19.742,0.85041,0.85049,1.00,2.06
2016.12.08 17:12:20.046,0.85039,0.85048,1.50,1.31
2016.12.08 17:12:22.450,0.8504,0.85048,1.00,1.31
2016.12.08 17:12:23.534,0.8504,0.85047,1.00,1.00
2016.12.08 17:12:24.485,0.8504,0.85048,1.00,2.06
2016.12.08 17:12:33.157,0.8504,0.85049,1.00,1.25
2016.12.08 17:12:33.208,0.85042,0.8505,1.50,1.31
2016.12.08 17:12:34.256,0.85044,0.8505,1.00,1.25
2016.12.08 17:12:34.509,0.85042,0.8505,1.00,1.25
2016.12.08 17:12:34.699,0.85044,0.8505,1.00,1.25
2016.12.08 17:12:35.511,0.85042,0.8505,1.00,1.25
2016.12.08 17:12:36.145,0.8504,0.85047,1.00,1.25
2016.12.08 17:12:36.658,0.85041,0.85047,1.00,1.25
2016.12.08 17:12:38.573,0.85043,0.85047,1.00,1.25
2016.12.08 17:12:39.117,0.85043,0.85048,1.87,1.25
2016.12.08 17:12:39.793,0.85043,0.85051,1.00,1.50
2016.12.08 17:12:40.318,0.85041,0.85051,1.37,1.00
2016.12.08 17:12:41.836,0.85042,0.85052,1.12,2.06
2016.12.08 17:12:42.346,0.85043,0.85052,1.00,1.25
2016.12.08 17:12:42.802,0.85045,0.85051,1.00,1.00
2016.12.08 17:12:43.949,0.85044,0.85051,1.00,1.00
2016.12.08 17:12:44.792,0.85043,0.85051,1.00,1.69
2016.12.08 17:12:45.111,0.85041,0.85048,1.87,1.25
2016.12.08 17:12:45.750,0.85041,0.85048,1.00,1.25
2016.12.08 17:12:46.056,0.85043,0.85049,1.00,1.69
2016.12.08 17:12:46.849,0.85044,0.8505,1.00,1.00
2016.12.08 17:12:46.900,0.85044,0.85052,1.00,1.69
2016.12.08 17:12:49.514,0.85044,0.85051,1.00,1.25
2016.12.08 17:12:50.092,0.85044,0.85052,1.00,1.00
2016.12.08 17:12:50.628,0.85045,0.85053,1.00,1.25
2016.12.08 17:12:52.409,0.85045,0.85054,1.00,1.00
2016.12.08 17:12:52.915,0.85046,0.85055,1.00,1.69
2016.12.08 17:12:54.807,0.85046,0.85054,1.00,1.25
2016.12.08 17:12:55.162,0.85048,0.85055,1.00,1.25
2016.12.08 17:12:55.737,0.85048,0.85057,1.00,2.06
2016.12.08 17:12:56.182,0.85047,0.85055,1.00,1.62
2016.12.08 17:12:56.234,0.85044,0.85055,2.25,2.06
2016.12.08 17:12:56.489,0.85044,0.85051,1.12,1.00
2016.12.08 17:12:56.742,0.85041,0.85051,2.06,1.00
2016.12.08 17:12:59.308,0.85041,0.85052,2.06,1.50
2016.12.08 17:12:59.652,0.85043,0.85051,1.00,1.00
2016.12.08 17:13:01.817,0.85041,0.85051,1.69,1.00
2016.12.08 17:13:01.868,0.85043,0.85052,1.25,1.00
2016.12.08 17:13:02.409,0.85042,0.85053,1.50,2.44
2016.12.08 17:13:02.735,0.85042,0.85051,1.50,1.25
2016.12.08 17:13:03.241,0.85044,0.85052,1.00,1.69
2016.12.08 17:13:03.806,0.85045,0.85052,1.00,1.25
2016.12.08 17:13:04.329,0.85046,0.85052,1.00,1.25
2016.12.08 17:13:07.310,0.85047,0.85052,1.00,1.25
2016.12.08 17:13:08.228,0.85047,0.85055,1.00,1.25
2016.12.08 17:13:12.710,0.85048,0.85055,1.00,1.25
2016.12.08 17:13:13.946,0.85046,0.85053,1.50,1.25
2016.12.08 17:13:14.270,0.85044,0.8505,1.00,1.25
2016.12.08 17:13:15.421,0.85042,0.8505,1.50,1.25
2016.12.08 17:13:15.773,0.85047,0.85055,1.00,2.44
2016.12.08 17:13:16.280,0.85047,0.85056,1.00,2.81
2016.12.08 17:13:16.638,0.85045,0.85056,1.00,2.81
2016.12.08 17:13:16.892,0.85048,0.85057,1.50,1.37
2016.12.08 17:13:17.044,0.8505,0.85059,1.00,1.00
2016.12.08 17:13:17.642,0.85049,0.85058,1.50,1.00
2016.12.08 17:13:19.351,0.85051,0.8506,1.00,1.12
2016.12.08 17:13:19.866,0.85051,0.8506,1.00,1.87
2016.12.08 17:13:20.263,0.85049,0.85057,1.06,1.25
2016.12.08 17:13:20.365,0.8505,0.85059,1.00,1.25
2016.12.08 17:13:20.518,0.85048,0.85057,1.50,1.00
2016.12.08 17:13:20.823,0.8505,0.85057,1.00,1.25
2016.12.08 17:13:22.497,0.85049,0.85057,1.00,1.25
2016.12.08 17:13:22.950,0.8505,0.85059,1.50,1.69
2016.12.08 17:13:23.556,0.85051,0.85061,1.00,1.00
2016.12.08 17:13:23.709,0.85049,0.85058,1.87,1.25
2016.12.08 17:13:23.761,0.85049,0.85058,1.87,1.69
2016.12.08 17:13:24.219,0.85051,0.85058,1.00,1.25
2016.12.08 17:13:24.332,0.85052,0.85061,1.00,1.50
2016.12.08 17:13:25.875,0.85051,0.85061,1.50,1.00
2016.12.08 17:13:32.212,0.85051,0.8506,1.00,1.00
2016.12.08 17:13:32.262,0.85053,0.85061,1.00,1.69
2016.12.08 17:13:36.098,0.85053,0.85059,1.00,1.00
2016.12.08 17:13:37.099,0.85053,0.8506,1.00,1.00
2016.12.08 17:13:38.140,0.85053,0.85061,1.00,2.06
2016.12.08 17:13:41.645,0.85053,0.8506,1.00,1.00
2016.12.08 17:13:47.590,0.85054,0.8506,1.00,1.25
2016.12.08 17:13:50.891,0.85055,0.85062,1.00,1.69
2016.12.08 17:13:51.348,0.85053,0.85061,1.00,1.25
2016.12.08 17:13:51.450,0.85055,0.85061,1.00,1.25
2016.12.08 17:13:55.626,0.85055,0.85062,1.00,1.25
2016.12.08 17:13:57.525,0.85055,0.85061,1.00,1.25
2016.12.08 17:13:58.030,0.85052,0.8506,1.00,1.00
2016.12.08 17:13:58.132,0.85048,0.85057,2.62,1.69
2016.12.08 17:13:58.741,0.85049,0.85057,1.00,1.25
2016.12.08 17:13:58.792,0.85051,0.85059,1.00,1.00
2016.12.08 17:13:59.096,0.85054,0.85061,1.00,1.25
2016.12.08 17:14:00.163,0.85053,0.85061,1.00,1.62
2016.12.08 17:14:04.756,0.85053,0.85062,1.50,1.69
2016.12.08 17:14:07.042,0.85054,0.85062,1.00,1.69
2016.12.08 17:14:07.093,0.85054,0.85062,1.00,1.62
2016.12.08 17:14:08.194,0.85054,0.85062,1.00,1.62
2016.12.08 17:14:09.592,0.85056,0.85062,1.00,1.25
2016.12.08 17:14:09.924,0.85054,0.85063,1.00,1.12
2016.12.08 17:14:09.975,0.85051,0.85061,1.00,1.69
2016.12.08 17:14:10.488,0.85052,0.85062,1.50,1.00
2016.12.08 17:14:10.591,0.85054,0.85063,1.00,1.00
2016.12.08 17:14:10.896,0.85056,0.85063,1.00,1.00
2016.12.08 17:14:11.565,0.85056,0.85065,1.12,1.50
2016.12.08 17:14:11.666,0.85055,0.85065,2.25,1.00
2016.12.08 17:14:12.190,0.85057,0.85066,1.87,1.25
2016.12.08 17:14:12.494,0.85057,0.85062,1.00,1.25
2016.12.08 17:14:12.546,0.85057,0.85064,1.00,1.00
2016.12.08 17:14:12.647,0.85059,0.85066,1.00,1.25
2016.12.08 17:14:12.698,0.85057,0.85066,1.00,1.25
2016.12.08 17:14:13.054,0.85058,0.85068,1.00,1.12
2016.12.08 17:14:13.565,0.85058,0.85069,1.00,1.50
2016.12.08 17:14:14.159,0.85058,0.85068,1.00,1.00
2016.12.08 17:14:16.014,0.85058,0.85069,1.50,1.50
2016.12.08 17:14:16.701,0.85058,0.85068,1.00,1.00
2016.12.08 17:14:19.449,0.85058,0.85067,1.00,1.00
2016.12.08 17:14:20.646,0.85057,0.85067,1.00,1.00
2016.12.08 17:14:21.203,0.85057,0.85068,1.00,1.00
2016.12.08 17:14:23.534,0.85057,0.85069,1.50,1.81
2016.12.08 17:14:23.824,0.85057,0.85069,1.50,1.87
2016.12.08 17:14:26.247,0.85057,0.85065,1.00,1.69
2016.12.08 17:14:30.487,0.85057,0.85066,1.00,2.81
2016.12.08 17:14:31.739,0.85057,0.85065,1.00,1.00
2016.12.08 17:14:32.047,0.85059,0.85064,1.00,1.25
2016.12.08 17:14:32.328,0.85056,0.85064,1.00,1.25
2016.12.08 17:14:32.847,0.85057,0.85064,1.00,1.25
2016.12.08 17:14:32.898,0.85056,0.85067,1.50,1.87
2016.12.08 17:14:32.949,0.85056,0.85064,1.00,1.00
2016.12.08 17:14:33.455,0.85055,0.85064,1.50,1.00
2016.12.08 17:14:35.752,0.85054,0.85064,1.00,1.00
2016.12.08 17:14:36.395,0.85055,0.85064,1.00,1.00
2016.12.08 17:14:36.700,0.85057,0.85064,1.00,1.00
2016.12.08 17:14:37.332,0.85055,0.85064,1.00,1.00
2016.12.08 17:14:39.090,0.85055,0.85062,1.00,1.25
2016.12.08 17:14:39.940,0.85057,0.85064,1.00,1.25
2016.12.08 17:14:41.132,0.85055,0.85064,1.00,1.25
2016.12.08 17:14:44.499,0.85054,0.85062,1.00,1.00
2016.12.08 17:14:45.005,0.85053,0.85061,1.12,1.25
2016.12.08 17:14:46.906,0.85052,0.8506,1.00,1.00
2016.12.08 17:14:47.833,0.85052,0.85061,1.00,1.25
2016.12.08 17:14:48.161,0.8506,0.85068,1.00,2.06
2016.12.08 17:14:48.669,0.8506,0.85069,1.50,1.69
2016.12.08 17:14:50.106,0.8506,0.85068,1.00,1.00
2016.12.08 17:14:51.391,0.85061,0.85069,1.00,1.00
2016.12.08 17:15:00.790,0.85064,0.8507,1.00,1.00
2016.12.08 17:15:01.095,0.85062,0.85071,1.00,1.25
2016.12.08 17:15:01.605,0.85063,0.85071,1.00,1.25
2016.12.08 17:15:02.151,0.85063,0.85069,1.00,1.00
2016.12.08 17:15:02.202,0.85063,0.85071,1.00,1.69
2016.12.08 17:15:02.755,0.85062,0.85071,1.00,1.69
2016.12.08 17:15:04.351,0.85062,0.8507,1.12,1.25
2016.12.08 17:15:09.241,0.85063,0.8507,1.00,1.25
2016.12.08 17:15:12.502,0.85061,0.8507,1.50,1.25
2016.12.08 17:15:13.018,0.8506,0.85069,1.50,1.25
2016.12.08 17:15:14.872,0.85061,0.8507,1.25,1.00
2016.12.08 17:15:14.923,0.85066,0.85076,1.50,5.44
2016.12.08 17:15:15.126,0.85069,0.85081,1.50,3.19
2016.12.08 17:15:15.177,0.85071,0.8508,1.00,1.00
2016.12.08 17:15:15.483,0.85073,0.85081,1.00,1.25
2016.12.08 17:15:15.999,0.85073,0.85082,1.00,1.00
2016.12.08 17:15:16.523,0.85073,0.85083,1.00,1.25
2016.12.08 17:15:17.139,0.85073,0.85082,1.00,1.00
2016.12.08 17:15:17.649,0.85072,0.85082,1.50,1.00
2016.12.08 17:15:29.141,0.85072,0.85082,1.37,1.50
2016.12.08 17:15:31.143,0.85072,0.85082,1.12,1.00
2016.12.08 17:15:33.612,0.85071,0.85081,1.87,1.00
2016.12.08 17:15:34.189,0.85071,0.85081,1.50,1.00
2016.12.08 17:15:34.955,0.85071,0.8508,1.50,1.25
2016.12.08 17:15:40.200,0.85071,0.85081,1.50,1.50
2016.12.08 17:15:46.788,0.85072,0.85081,1.37,1.00
2016.12.08 17:15:46.987,0.85072,0.85083,1.37,1.69
2016.12.08 17:15:47.945,0.85072,0.85084,1.87,1.50
2016.12.08 17:15:47.996,0.85072,0.85084,3.75,1.50
2016.12.08 17:15:49.271,0.85073,0.85084,1.87,1.00
2016.12.08 17:15:49.885,0.85073,0.85083,1.87,1.00
2016.12.08 17:15:50.569,0.85073,0.85083,1.87,1.00
2016.12.08 17:15:51.088,0.85074,0.85084,1.00,1.00
2016.12.08 17:15:53.524,0.85073,0.85084,1.12,1.00
2016.12.08 17:15:54.089,0.85072,0.85083,3.00,1.00
2016.12.08 17:15:54.592,0.85073,0.85082,1.12,1.00
2016.12.08 17:15:55.761,0.85072,0.85084,2.62,1.50
2016.12.08 17:15:56.630,0.85072,0.85078,1.37,1.00
2016.12.08 17:15:56.733,0.85071,0.85078,1.12,1.00
2016.12.08 17:15:57.255,0.85069,0.85078,1.37,1.00
2016.12.08 17:16:00.180,0.85069,0.85076,1.37,1.00
2016.12.08 17:16:00.686,0.85068,0.85077,1.87,1.00
2016.12.08 17:16:01.733,0.85067,0.85078,3.00,1.69
2016.12.08 17:16:02.242,0.85067,0.85077,2.62,1.00
2016.12.08 17:16:02.547,0.85066,0.85075,2.62,1.00
2016.12.08 17:16:03.206,0.85065,0.85075,1.81,1.00
2016.12.08 17:16:03.734,0.85065,0.85076,1.31,1.50
2016.12.08 17:16:03.886,0.85065,0.85074,1.00,1.00
2016.12.08 17:16:04.539,0.85064,0.85075,3.16,1.00
2016.12.08 17:16:05.662,0.85066,0.85075,1.00,1.00
2016.12.08 17:16:06.176,0.85066,0.85076,2.00,1.00
2016.12.08 17:16:06.522,0.85068,0.85076,1.25,1.00
2016.12.08 17:16:07.029,0.85069,0.85077,1.25,1.00
2016.12.08 17:16:07.596,0.85069,0.85078,1.25,1.00
2016.12.08 17:16:08.169,0.85069,0.85076,1.25,1.00
2016.12.08 17:16:08.690,0.85068,0.85076,1.00,1.00
2016.12.08 17:16:10.798,0.85068,0.85078,1.00,1.00
2016.12.08 17:16:11.305,0.85068,0.85077,1.00,1.50
2016.12.08 17:16:11.898,0.85066,0.85075,2.75,1.00
2016.12.08 17:16:15.743,0.85067,0.85077,1.06,1.50
2016.12.08 17:16:15.794,0.85067,0.85077,1.50,1.50
2016.12.08 17:16:23.279,0.85067,0.85076,2.25,1.00
2016.12.08 17:16:23.892,0.85067,0.85075,2.25,1.00
2016.12.08 17:16:24.243,0.85067,0.85077,2.25,1.00
2016.12.08 17:16:24.788,0.85067,0.85076,2.25,1.50
2016.12.08 17:16:25.373,0.85068,0.85077,1.37,1.00
2016.12.08 17:16:25.939,0.85068,0.85078,1.87,1.50
2016.12.08 17:16:26.487,0.85068,0.85077,2.62,1.00
2016.12.08 17:16:26.639,0.85068,0.85075,1.37,1.69
2016.12.08 17:16:26.741,0.85066,0.85074,2.25,1.00
2016.12.08 17:16:26.843,0.85063,0.85072,1.87,1.25
2016.12.08 17:16:27.095,0.85061,0.85072,3.75,1.69
2016.12.08 17:16:28.142,0.85062,0.85072,1.00,1.69
2016.12.08 17:16:28.652,0.85062,0.85071,1.00,1.00
2016.12.08 17:16:30.840,0.85061,0.85072,1.87,1.69
2016.12.08 17:16:31.713,0.85062,0.85072,1.00,1.69
2016.12.08 17:16:34.235,0.85062,0.85071,1.00,1.00
2016.12.08 17:16:34.337,0.8506,0.8507,1.00,2.44
2016.12.08 17:16:34.490,0.85059,0.85068,1.00,1.25
2016.12.08 17:16:35.093,0.85058,0.85068,1.50,1.25
2016.12.08 17:16:35.605,0.85056,0.85066,1.87,1.25
2016.12.08 17:16:36.127,0.85055,0.85065,1.50,1.25
2016.12.08 17:16:37.298,0.85054,0.85064,1.50,1.00
2016.12.08 17:16:37.575,0.8505,0.85061,3.37,1.69
2016.12.08 17:16:40.142,0.8505,0.85059,2.62,1.69
2016.12.08 17:16:45.766,0.85049,0.85058,1.87,1.00
2016.12.08 17:16:48.434,0.85048,0.85059,2.25,1.69
2016.12.08 17:16:55.443,0.85049,0.85059,1.00,1.69
2016.12.08 17:16:58.843,0.85051,0.85059,1.00,1.00
2016.12.08 17:16:59.427,0.85051,0.8506,1.00,2.44
2016.12.08 17:16:59.940,0.8505,0.8506,1.00,2.44
2016.12.08 17:17:01.213,0.85049,0.85057,1.12,1.00
2016.12.08 17:17:01.999,0.85048,0.85057,2.25,1.00
2016.12.08 17:17:02.554,0.85049,0.85057,1.00,1.00
2016.12.08 17:17:03.073,0.8505,0.85057,1.00,1.00
2016.12.08 17:17:05.729,0.85049,0.85057,1.00,1.00
2016.12.08 17:17:15.871,0.85049,0.85057,1.37,1.00
2016.12.08 17:17:18.305,0.85049,0.85058,1.37,1.25
2016.12.08 17:17:27.459,0.8505,0.85059,1.37,1.69
2016.12.08 17:17:33.237,0.85053,0.85061,1.00,1.69
2016.12.08 17:17:33.845,0.85055,0.85061,1.00,1.25
2016.12.08 17:17:33.998,0.85057,0.85064,1.00,1.69
2016.12.08 17:17:34.833,0.85055,0.85064,1.37,1.69
2016.12.08 17:17:35.145,0.85053,0.85062,3.97,1.25
2016.12.08 17:17:35.197,0.85054,0.85062,1.30,1.25
2016.12.08 17:17:35.299,0.85051,0.8506,2.25,1.25
2016.12.08 17:17:41.859,0.85051,0.85056,1.37,1.00
2016.12.08 17:17:42.012,0.85046,0.85055,2.25,1.00
2016.12.08 17:17:42.555,0.85046,0.85054,1.50,1.00
2016.12.08 17:17:44.104,0.85046,0.85055,1.50,1.00
2016.12.08 17:17:45.599,0.85044,0.85055,3.75,1.00
2016.12.08 17:17:45.650,0.85044,0.85053,4.50,1.00
2016.12.08 17:17:49.569,0.85044,0.85056,1.87,1.50
2016.12.08 17:17:50.077,0.85045,0.85055,1.37,1.00
2016.12.08 17:17:50.584,0.85044,0.85054,1.87,1.00
2016.12.08 17:17:52.312,0.85044,0.85054,1.50,1.00
2016.12.08 17:17:52.414,0.85043,0.85052,1.25,1.00
2016.12.08 17:17:53.021,0.85042,0.85052,1.12,1.50
2016.12.08 17:17:53.624,0.85042,0.85051,1.87,1.00
2016.12.08 17:17:57.799,0.85044,0.85053,1.69,1.50
2016.12.08 17:17:58.104,0.85045,0.85053,1.37,1.00
2016.12.08 17:17:58.155,0.85045,0.85055,2.06,1.00
2016.12.08 17:17:58.359,0.85047,0.85056,2.06,1.00
2016.12.08 17:17:59.314,0.85046,0.85055,1.31,1.00
2016.12.08 17:18:02.141,0.85045,0.85054,2.06,1.00
2016.12.08 17:18:02.712,0.85045,0.85053,1.31,1.00
2016.12.08 17:18:06.821,0.85042,0.85051,1.12,1.00
2016.12.08 17:18:12.598,0.85041,0.85052,3.56,1.00
2016.12.08 17:18:13.818,0.85045,0.85054,1.37,1.00
2016.12.08 17:18:14.326,0.85045,0.85055,1.37,1.69
2016.12.08 17:18:14.861,0.85045,0.85056,1.37,1.00
2016.12.08 17:18:15.385,0.85046,0.85055,1.12,1.00
2016.12.08 17:18:16.697,0.85046,0.85056,1.87,1.50
2016.12.08 17:18:17.000,0.85048,0.85058,1.00,1.69
2016.12.08 17:18:17.304,0.8505,0.85058,1.37,1.25
2016.12.08 17:18:17.406,0.8505,0.8506,1.37,2.44
2016.12.08 17:18:17.609,0.85052,0.8506,1.37,2.44
2016.12.08 17:18:17.831,0.85052,0.85062,1.37,1.69
2016.12.08 17:18:17.984,0.85053,0.85064,1.37,2.44
2016.12.08 17:18:18.086,0.85052,0.85062,1.37,1.00
2016.12.08 17:18:18.137,0.85051,0.85062,3.75,1.00
2016.12.08 17:18:18.664,0.85051,0.85061,1.87,1.00
2016.12.08 17:18:18.715,0.85051,0.85062,1.87,1.00
2016.12.08 17:18:19.221,0.85052,0.85061,1.00,1.00
2016.12.08 17:18:19.749,0.85051,0.85061,1.12,1.00
2016.12.08 17:18:20.731,0.85051,0.85062,1.12,1.00
2016.12.08 17:18:21.691,0.8505,0.85061,1.87,1.50
2016.12.08 17:18:22.233,0.85052,0.85061,1.00,1.50
2016.12.08 17:18:23.133,0.85055,0.85063,1.00,1.00
2016.12.08 17:18:25.090,0.85055,0.85064,1.00,1.87
2016.12.08 17:18:25.396,0.85057,0.85062,1.00,1.25
2016.12.08 17:18:25.448,0.85056,0.85064,1.00,1.25
2016.12.08 17:18:25.500,0.85054,0.85061,1.00,1.00
2016.12.08 17:18:25.653,0.85055,0.85064,1.00,1.00
2016.12.08 17:18:26.103,0.85058,0.85066,1.00,1.12
2016.12.08 17:18:26.449,0.8506,0.85069,1.00,1.87
2016.12.08 17:18:28.402,0.85058,0.85065,1.00,1.69
2016.12.08 17:18:28.555,0.85054,0.85063,1.00,1.00
2016.12.08 17:18:28.657,0.85052,0.85062,1.00,1.69
2016.12.08 17:18:29.639,0.85052,0.85061,1.00,1.00
2016.12.08 17:18:29.967,0.85053,0.85063,1.00,2.44
2016.12.08 17:18:30.018,0.85052,0.85061,1.50,1.25
2016.12.08 17:18:30.323,0.85054,0.85061,1.00,1.25
2016.12.08 17:18:30.838,0.85053,0.85061,1.12,1.25
2016.12.08 17:18:34.357,0.85054,0.85061,1.00,1.25
2016.12.08 17:18:34.767,0.85055,0.85063,1.00,1.00
2016.12.08 17:18:35.296,0.85055,0.85064,1.00,1.69
2016.12.08 17:18:35.870,0.85057,0.85066,1.50,1.00
2016.12.08 17:18:36.229,0.85057,0.85063,1.00,1.25
2016.12.08 17:18:36.331,0.85055,0.85063,1.12,1.25
2016.12.08 17:18:38.888,0.85055,0.85062,1.00,1.25
2016.12.08 17:18:47.283,0.85054,0.85062,1.50,1.25
2016.12.08 17:18:51.857,0.85054,0.85063,1.00,1.00
2016.12.08 17:18:51.909,0.85052,0.85061,1.87,1.00
2016.12.08 17:18:52.251,0.85051,0.85059,1.37,1.25
2016.12.08 17:18:52.665,0.85052,0.85063,1.87,1.69
2016.12.08 17:18:52.818,0.85055,0.85063,1.00,1.25
2016.12.08 17:18:53.274,0.85056,0.85066,1.12,1.25
2016.12.08 17:18:53.826,0.85057,0.85066,1.00,1.25
2016.12.08 17:18:56.945,0.85057,0.85065,1.50,1.25
2016.12.08 17:18:57.457,0.85056,0.85065,1.87,1.25
2016.12.08 17:18:57.508,0.85058,0.85065,1.00,1.25
2016.12.08 17:18:57.729,0.85058,0.85067,1.12,1.25
2016.12.08 17:19:02.157,0.85057,0.85066,1.37,1.00
2016.12.08 17:19:02.638,0.85056,0.85064,1.37,1.69
2016.12.08 17:19:02.827,0.85056,0.85064,1.00,1.69
2016.12.08 17:19:03.428,0.85056,0.85065,1.50,1.69
2016.12.08 17:19:04.478,0.85058,0.85065,1.00,1.25
2016.12.08 17:19:08.474,0.85056,0.85064,1.00,1.25
2016.12.08 17:19:09.232,0.85055,0.85064,1.12,1.25
2016.12.08 17:19:10.940,0.85057,0.85064,1.00,1.69
2016.12.08 17:19:11.394,0.85055,0.85064,1.12,1.25
2016.12.08 17:19:11.940,0.85056,0.85064,1.00,1.69
2016.12.08 17:19:13.495,0.85057,0.85064,1.00,1.25
2016.12.08 17:19:13.985,0.85057,0.85066,1.50,1.69
2016.12.08 17:19:15.139,0.85056,0.85066,1.00,1.69
2016.12.08 17:19:16.086,0.85056,0.85065,1.00,1.00
2016.12.08 17:19:17.087,0.85056,0.85066,1.00,1.69
2016.12.08 17:19:19.212,0.85055,0.85065,1.12,1.00
2016.12.08 17:19:20.282,0.85055,0.85066,1.87,1.69
2016.12.08 17:19:20.789,0.85056,0.85066,1.37,1.69
2016.12.08 17:19:24.560,0.85056,0.85065,1.50,1.00
2016.12.08 17:19:25.108,0.85057,0.85066,1.00,1.25
2016.12.08 17:19:25.681,0.85057,0.85065,1.00,1.00
2016.12.08 17:19:25.783,0.85055,0.85065,1.00,1.00
2016.12.08 17:19:26.290,0.85054,0.85064,1.00,1.00
2016.12.08 17:19:29.436,0.85053,0.85064,1.50,1.50
2016.12.08 17:19:29.640,0.85055,0.85064,1.00,1.00
2016.12.08 17:19:29.947,0.85051,0.85061,1.50,1.69
2016.12.08 17:19:29.999,0.8505,0.85059,1.50,1.00
2016.12.08 17:19:30.332,0.8505,0.85061,1.37,2.44
2016.12.08 17:19:31.729,0.85052,0.85061,1.00,1.00
2016.12.08 17:19:32.393,0.85052,0.85062,1.00,1.00
2016.12.08 17:19:32.752,0.85051,0.8506,1.50,1.00
2016.12.08 17:19:35.429,0.85054,0.85062,1.00,1.00
2016.12.08 17:19:36.020,0.85054,0.85063,1.00,2.44
2016.12.08 17:19:37.396,0.85056,0.85063,1.00,1.25
2016.12.08 17:19:37.447,0.85057,0.85066,1.12,1.50
2016.12.08 17:19:37.952,0.85056,0.85067,1.87,1.69
2016.12.08 17:19:38.103,0.85054,0.85062,1.37,1.25
2016.12.08 17:19:38.154,0.85053,0.85062,2.62,1.25
2016.12.08 17:19:38.667,0.85053,0.85062,1.87,1.69
2016.12.08 17:19:44.422,0.85051,0.8506,1.87,1.00
2016.12.08 17:19:45.935,0.85053,0.85062,1.00,1.69
2016.12.08 17:19:46.240,0.85055,0.85064,1.87,1.69
2016.12.08 17:19:46.562,0.85055,0.85063,1.00,1.00
2016.12.08 17:19:51.848,0.85054,0.85063,1.50,1.00
2016.12.08 17:19:52.155,0.85056,0.85064,1.00,1.25
2016.12.08 17:19:52.207,0.85056,0.85066,1.00,1.12
2016.12.08 17:19:52.713,0.85055,0.85064,1.50,1.25
2016.12.08 17:19:53.338,0.85055,0.85063,1.00,1.00
2016.12.08 17:19:54.448,0.85052,0.85063,1.87,1.50
2016.12.08 17:19:54.943,0.85052,0.85061,1.87,1.00
2016.12.08 17:19:55.537,0.85058,0.85062,1.25,1.00
2016.12.08 17:19:55.588,0.85057,0.85067,1.37,1.00
2016.12.08 17:19:55.791,0.8506,0.8507,1.12,3.75
2016.12.08 17:19:56.045,0.8506,0.85068,1.00,1.00
2016.12.08 17:19:56.551,0.85058,0.85069,1.87,1.69
2016.12.08 17:19:57.836,0.85058,0.85068,1.37,1.00
2016.12.08 17:19:58.289,0.85057,0.85068,2.06,1.12
2016.12.08 17:19:58.886,0.85057,0.85067,1.31,1.00
2016.12.08 17:19:59.394,0.85057,0.85066,1.31,1.00
2016.12.08 17:20:03.195,0.85057,0.85065,1.25,1.00
2016.12.08 17:20:04.041,0.85057,0.85067,1.69,1.00
2016.12.08 17:20:04.597,0.85058,0.85067,1.00,1.00
2016.12.08 17:20:08.425,0.85058,0.85066,1.00,1.00
2016.12.08 17:20:08.931,0.85058,0.85067,1.00,1.00
2016.12.08 17:20:09.443,0.85058,0.85068,1.00,1.00
2016.12.08 17:20:09.975,0.85059,0.85067,1.00,1.00
2016.12.08 17:20:10.695,0.85059,0.85069,1.00,1.00
2016.12.08 17:20:11.496,0.85059,0.85068,1.00,1.00
2016.12.08 17:20:11.759,0.85063,0.85068,1.00,1.00
2016.12.08 17:20:11.811,0.8506,0.85069,1.00,1.50
2016.12.08 17:20:11.964,0.85062,0.85069,1.00,1.00
2016.12.08 17:20:12.489,0.85062,0.8507,1.00,1.69
2016.12.08 17:20:13.312,0.85061,0.85069,1.00,1.00
2016.12.08 17:20:13.699,0.85064,0.8507,1.00,1.00
2016.12.08 17:20:13.796,0.85064,0.85072,1.00,1.00
2016.12.08 17:20:13.848,0.85062,0.85072,1.00,1.69
2016.12.08 17:20:14.153,0.85062,0.85072,1.87,1.25
2016.12.08 17:20:15.964,0.85065,0.85072,1.00,1.25
2016.12.08 17:20:16.015,0.85065,0.85075,1.00,1.00
2016.12.08 17:20:16.167,0.85065,0.85076,2.10,2.44
2016.12.08 17:20:16.471,0.85065,0.85075,1.00,1.00
2016.12.08 17:20:16.522,0.85064,0.85073,1.00,1.00
2016.12.08 17:20:17.079,0.85063,0.85075,2.81,1.00
2016.12.08 17:20:17.235,0.85063,0.85072,2.44,1.00
2016.12.08 17:20:17.743,0.85064,0.85074,1.69,1.00
2016.12.08 17:20:18.453,0.85064,0.85073,2.44,1.00
2016.12.08 17:20:19.419,0.85064,0.85072,1.25,1.00
2016.12.08 17:20:20.329,0.85062,0.85072,2.44,1.00
2016.12.08 17:20:21.214,0.85063,0.85072,1.00,1.00
2016.12.08 17:20:27.406,0.85058,0.85068,4.87,1.00
2016.12.08 17:20:27.507,0.85057,0.85067,1.12,1.00
2016.12.08 17:20:28.023,0.85057,0.85066,1.00,1.00
2016.12.08 17:20:28.550,0.85058,0.85066,1.00,1.00
2016.12.08 17:20:30.907,0.85058,0.85065,1.00,1.00
2016.12.08 17:20:32.117,0.85057,0.85065,1.12,1.00
2016.12.08 17:20:32.623,0.85058,0.85065,1.00,1.00
2016.12.08 17:20:33.146,0.85056,0.85064,1.50,1.00
2016.12.08 17:20:33.248,0.85056,0.85066,1.00,1.69
2016.12.08 17:20:33.300,0.85056,0.85066,1.37,1.69
2016.12.08 17:20:35.015,0.85057,0.85065,1.37,1.00
2016.12.08 17:20:35.319,0.85052,0.85062,2.25,1.00
2016.12.08 17:20:35.370,0.85054,0.85062,1.00,1.00
2016.12.08 17:20:36.104,0.85052,0.85062,1.00,1.00
2016.12.08 17:20:36.568,0.85052,0.8506,1.00,1.00
2016.12.08 17:20:37.077,0.85052,0.85059,1.00,1.00
2016.12.08 17:20:37.601,0.85052,0.8506,1.00,1.69
2016.12.08 17:20:37.754,0.8505,0.8506,1.00,1.69
2016.12.08 17:20:38.157,0.8505,0.85058,1.00,1.00
2016.12.08 17:20:38.700,0.85051,0.85059,1.00,1.00
2016.12.08 17:20:41.147,0.85048,0.85057,2.81,1.00
2016.12.08 17:20:43.930,0.85047,0.85057,1.00,1.69
2016.12.08 17:20:44.550,0.85048,0.85057,1.00,1.69
2016.12.08 17:20:45.730,0.85051,0.85058,1.00,1.00
2016.12.08 17:20:46.236,0.85051,0.85059,1.00,1.00
2016.12.08 17:20:46.761,0.85051,0.8506,1.00,1.00
2016.12.08 17:20:47.480,0.8505,0.8506,1.00,1.00
2016.12.08 17:20:47.802,0.85052,0.85061,1.37,1.69
2016.12.08 17:21:05.394,0.85057,0.85064,1.35,1.50
2016.12.08 17:21:05.623,0.8506,0.85068,1.00,1.25
2016.12.08 17:21:06.401,0.85059,0.85068,1.12,2.44
2016.12.08 17:21:09.286,0.85062,0.8507,1.85,1.00
2016.12.08 17:21:09.387,0.85065,0.85074,1.50,1.00
2016.12.08 17:21:09.489,0.85062,0.85072,1.69,1.00
2016.12.08 17:21:09.540,0.85061,0.85073,1.87,2.44
2016.12.08 17:21:09.592,0.85061,0.85071,1.87,1.69
2016.12.08 17:21:09.767,0.85061,0.85071,1.50,1.69
2016.12.08 17:21:10.326,0.8506,0.85071,1.50,1.69
2016.12.08 17:21:10.718,0.85057,0.85067,2.06,1.50
2016.12.08 17:21:11.021,0.85056,0.85064,1.00,1.00
2016.12.08 17:21:11.542,0.85056,0.85065,1.00,1.00
2016.12.08 17:21:12.099,0.85055,0.85065,1.00,1.00
2016.12.08 17:21:12.637,0.85055,0.85066,1.00,1.00
2016.12.08 17:21:13.910,0.85056,0.85062,1.00,1.25
2016.12.08 17:21:13.962,0.85056,0.85066,1.00,2.44
2016.12.08 17:21:14.064,0.85058,0.85065,1.00,1.12
2016.12.08 17:21:14.419,0.85056,0.85064,1.00,1.25
2016.12.08 17:21:14.521,0.85056,0.85062,1.00,1.25
2016.12.08 17:21:14.940,0.85054,0.85061,1.50,1.25
2016.12.08 17:21:15.475,0.85054,0.85062,1.00,1.31
2016.12.08 17:21:17.575,0.85053,0.85062,1.00,2.81
2016.12.08 17:21:18.305,0.85049,0.85058,1.87,1.69
2016.12.08 17:21:19.380,0.85048,0.85058,1.00,1.69
2016.12.08 17:21:20.590,0.85048,0.85055,1.00,1.25
2016.12.08 17:21:21.116,0.85049,0.85055,1.00,1.25
2016.12.08 17:21:21.914,0.85048,0.85055,1.00,1.25
2016.12.08 17:21:22.261,0.85044,0.85051,1.00,1.25
2016.12.08 17:21:22.981,0.85045,0.85051,1.00,1.25
2016.12.08 17:21:23.903,0.85048,0.85054,1.00,1.62
2016.12.08 17:21:24.418,0.85047,0.85054,1.00,1.69
2016.12.08 17:21:26.732,0.85046,0.85054,1.00,1.69
2016.12.08 17:21:27.251,0.85047,0.85054,1.00,1.69
2016.12.08 17:21:27.602,0.85048,0.85056,1.00,1.25
2016.12.08 17:21:28.142,0.85047,0.85054,1.12,1.25
2016.12.08 17:21:28.529,0.85047,0.85056,1.87,1.69
2016.12.08 17:21:28.581,0.85049,0.85056,1.00,1.69
2016.12.08 17:21:28.988,0.85047,0.85054,1.12,1.25
2016.12.08 17:21:29.297,0.85045,0.85052,1.00,1.25
2016.12.08 17:21:29.783,0.85045,0.85054,1.00,1.31
2016.12.08 17:21:29.960,0.85047,0.85054,1.00,1.31
2016.12.08 17:21:30.213,0.85045,0.85054,1.00,2.06
2016.12.08 17:21:30.962,0.85046,0.85054,1.00,1.69
2016.12.08 17:21:32.091,0.85045,0.85054,1.00,1.25
2016.12.08 17:21:32.639,0.85046,0.85053,1.00,1.00
2016.12.08 17:21:33.981,0.85045,0.85051,1.00,1.00
2016.12.08 17:21:34.032,0.85043,0.85052,1.12,1.69
2016.12.08 17:21:34.133,0.85042,0.8505,1.00,1.00
2016.12.08 17:21:34.642,0.85042,0.85049,1.00,1.00
2016.12.08 17:21:34.954,0.85042,0.85052,1.00,2.44
2016.12.08 17:21:35.689,0.85043,0.85052,1.00,2.44
2016.12.08 17:21:36.239,0.85043,0.85052,1.00,2.44
2016.12.08 17:21:36.401,0.85045,0.85052,1.00,2.44
2016.12.08 17:21:36.946,0.85045,0.85054,1.12,2.06
2016.12.08 17:21:36.996,0.85045,0.85054,1.12,1.69
2016.12.08 17:21:42.099,0.85047,0.85054,1.00,1.25
2016.12.08 17:21:42.151,0.85047,0.85056,1.00,1.31
2016.12.08 17:21:43.095,0.85048,0.85056,1.00,1.25
2016.12.08 17:21:44.163,0.85049,0.85056,1.00,1.25
2016.12.08 17:21:47.130,0.85051,0.85056,1.00,1.25
2016.12.08 17:21:49.345,0.85056,0.8506,1.00,1.25
2016.12.08 17:21:49.397,0.85054,0.85059,1.00,1.25
2016.12.08 17:21:49.448,0.85051,0.85059,1.12,1.25
2016.12.08 17:21:49.550,0.85054,0.85059,1.00,1.62
2016.12.08 17:21:49.702,0.85054,0.85062,1.00,1.37
2016.12.08 17:21:49.930,0.85058,0.85065,1.00,1.12
2016.12.08 17:21:50.235,0.85067,0.85072,1.00,2.25
2016.12.08 17:21:50.286,0.85067,0.85076,1.00,1.50
2016.12.08 17:21:50.356,0.85068,0.85075,1.37,1.00
2016.12.08 17:21:50.458,0.85068,0.85075,1.00,1.25
2016.12.08 17:21:50.509,0.85066,0.85075,1.50,1.25
2016.12.08 17:21:50.561,0.85066,0.85076,1.37,1.00
2016.12.08 17:21:50.884,0.85066,0.85074,1.00,1.50
2016.12.08 17:21:51.190,0.85064,0.85071,1.00,1.00
2016.12.08 17:21:51.292,0.85061,0.85072,2.06,1.00
2016.12.08 17:21:51.345,0.85061,0.8507,1.62,1.00
2016.12.08 17:21:52.762,0.85061,0.8507,1.50,1.00
2016.12.08 17:21:54.287,0.85061,0.85071,2.25,1.00
2016.12.08 17:21:54.763,0.8506,0.85069,1.81,1.00
2016.12.08 17:21:55.319,0.8506,0.85068,1.06,1.00
2016.12.08 17:21:55.916,0.8506,0.85069,1.06,1.00
2016.12.08 17:21:57.842,0.8506,0.8507,1.06,2.44
2016.12.08 17:21:59.371,0.8506,0.85068,1.06,1.50
2016.12.08 17:21:59.675,0.85058,0.85066,1.00,1.00
2016.12.08 17:22:05.627,0.85057,0.85066,1.69,1.00
2016.12.08 17:22:06.825,0.85058,0.85066,1.00,1.00
2016.12.08 17:22:07.275,0.8506,0.85068,1.00,1.00
2016.12.08 17:22:07.593,0.85059,0.85069,2.25,1.00
2016.12.08 17:22:09.063,0.85063,0.85072,1.35,1.00
2016.12.08 17:22:09.165,0.85062,0.85072,3.04,1.00
2016.12.08 17:22:09.827,0.85062,0.85072,2.66,1.00
2016.12.08 17:22:10.343,0.85063,0.85072,1.37,1.50
2016.12.08 17:22:12.094,0.85063,0.85073,1.97,1.00
2016.12.08 17:22:12.145,0.85065,0.85074,1.37,1.69
2016.12.08 17:22:18.156,0.85064,0.85074,2.47,1.25
2016.12.08 17:22:19.356,0.85067,0.85074,1.00,1.25
2016.12.08 17:22:19.407,0.85067,0.85076,1.00,1.00
2016.12.08 17:22:19.915,0.85066,0.85073,1.12,1.00
2016.12.08 17:22:21.075,0.85069,0.85076,1.00,1.00
2016.12.08 17:22:21.643,0.85069,0.85077,1.37,1.00
2016.12.08 17:22:22.188,0.85069,0.85078,1.37,1.00
2016.12.08 17:22:25.069,0.85069,0.85078,1.37,1.00
2016.12.08 17:22:25.170,0.85073,0.85081,1.00,1.00
2016.12.08 17:22:25.381,0.85073,0.85083,1.12,1.00
2016.12.08 17:22:25.746,0.85073,0.85081,1.12,1.00
2016.12.08 17:22:27.784,0.85072,0.85081,1.12,1.00
2016.12.08 17:22:28.492,0.85072,0.85082,1.12,1.00
2016.12.08 17:22:30.863,0.85072,0.8508,1.00,1.00
2016.12.08 17:22:30.994,0.8507,0.8508,2.25,1.50
2016.12.08 17:22:31.049,0.8507,0.85077,1.00,1.00
2016.12.08 17:22:31.296,0.85068,0.85078,1.12,1.69
2016.12.08 17:22:31.549,0.85068,0.85075,1.12,1.00
2016.12.08 17:22:31.990,0.85066,0.85074,1.12,1.00
2016.12.08 17:22:38.447,0.85066,0.85075,1.12,1.00
2016.12.08 17:22:44.117,0.85068,0.85075,1.00,1.00
2016.12.08 17:22:44.218,0.85069,0.85078,1.00,1.00
2016.12.08 17:22:45.871,0.85069,0.85079,1.00,1.69
2016.12.08 17:22:46.024,0.85069,0.85079,1.37,1.69
2016.12.08 17:22:47.661,0.85065,0.85074,2.25,1.00
2016.12.08 17:22:47.826,0.85066,0.85072,1.00,1.25
2016.12.08 17:22:48.181,0.85061,0.85069,1.37,1.25
2016.12.08 17:22:48.232,0.8506,0.85069,2.62,2.44
2016.12.08 17:22:48.841,0.85061,0.85068,1.00,1.00
2016.12.08 17:22:49.363,0.8506,0.85068,1.12,1.00
2016.12.08 17:22:49.684,0.85058,0.85065,1.37,1.25
2016.12.08 17:22:51.745,0.85056,0.85061,1.50,1.25
2016.12.08 17:22:51.796,0.85055,0.85064,1.37,1.69
2016.12.08 17:22:51.847,0.85055,0.85064,1.00,1.69
2016.12.08 17:22:52.338,0.85054,0.85062,1.12,1.00
2016.12.08 17:22:53.347,0.85052,0.85062,1.50,1.69
2016.12.08 17:22:53.755,0.85055,0.8506,1.00,1.25
2016.12.08 17:22:53.993,0.85056,0.85066,1.12,1.69
2016.12.08 17:22:54.449,0.85054,0.85064,1.87,1.69
2016.12.08 17:22:55.158,0.85057,0.85064,1.00,1.25
2016.12.08 17:22:55.259,0.85057,0.85067,1.00,1.12
2016.12.08 17:22:55.788,0.85058,0.85067,1.00,1.12
2016.12.08 17:22:56.311,0.85059,0.85067,1.00,1.37
2016.12.08 17:22:57.774,0.85059,0.8507,1.12,1.00
2016.12.08 17:22:58.306,0.8506,0.8507,1.00,1.00
2016.12.08 17:22:58.458,0.8506,0.85067,1.37,1.00
2016.12.08 17:22:58.712,0.8506,0.85069,1.37,1.00
2016.12.08 17:22:59.217,0.8506,0.85069,1.87,1.00
2016.12.08 17:22:59.268,0.8506,0.85067,1.37,1.00
2016.12.08 17:22:59.319,0.8506,0.85069,1.87,1.00
2016.12.08 17:23:00.261,0.8506,0.85069,2.25,1.00
2016.12.08 17:23:03.653,0.85062,0.85071,1.37,1.00
2016.12.08 17:23:04.200,0.85063,0.85072,1.12,1.25
2016.12.08 17:23:05.550,0.85065,0.85075,1.37,1.69
2016.12.08 17:23:06.593,0.85067,0.85075,1.00,1.69
2016.12.08 17:23:09.659,0.85067,0.85074,1.00,1.25
2016.12.08 17:23:09.998,0.85062,0.85068,1.00,1.25
2016.12.08 17:23:10.789,0.85062,0.85066,1.00,1.25
2016.12.08 17:23:10.840,0.85062,0.8507,1.00,1.69
2016.12.08 17:23:10.993,0.85064,0.8507,1.00,1.69
2016.12.08 17:23:11.344,0.85062,0.8507,1.12,1.69
2016.12.08 17:23:11.856,0.85063,0.85071,1.00,1.25
2016.12.08 17:23:12.059,0.85065,0.85071,1.00,1.25
2016.12.08 17:23:12.654,0.85067,0.85073,1.12,1.00
2016.12.08 17:23:13.164,0.85067,0.85075,1.12,1.25
2016.12.08 17:23:13.889,0.85067,0.85076,1.87,1.25
2016.12.08 17:23:14.506,0.85067,0.85075,1.12,1.25
2016.12.08 17:23:16.428,0.85067,0.85076,1.00,1.25
2016.12.08 17:23:17.031,0.85067,0.85076,1.37,1.25
2016.12.08 17:23:20.163,0.85067,0.85076,1.37,1.25
2016.12.08 17:23:20.724,0.85068,0.85078,1.87,1.25
2016.12.08 17:23:20.877,0.8507,0.8508,1.87,1.25
2016.12.08 17:23:21.405,0.85073,0.85081,1.12,1.00
2016.12.08 17:23:21.557,0.85074,0.85083,1.12,2.44
2016.12.08 17:23:21.609,0.85074,0.85085,1.87,2.44
2016.12.08 17:23:21.761,0.85076,0.85086,1.12,1.69
2016.12.08 17:23:22.065,0.8508,0.85089,1.12,1.25
2016.12.08 17:23:22.611,0.85081,0.8509,1.00,1.25
2016.12.08 17:23:23.084,0.85083,0.85093,1.00,1.00
2016.12.08 17:23:23.594,0.85083,0.85094,2.25,1.25
2016.12.08 17:23:23.719,0.85085,0.85094,1.00,1.25
2016.12.08 17:23:23.923,0.85085,0.85096,1.50,1.00
2016.12.08 17:23:23.975,0.85084,0.85094,1.00,1.25
2016.12.08 17:23:24.281,0.85088,0.85098,1.69,1.50
2016.12.08 17:23:24.827,0.85089,0.85099,1.00,2.44
2016.12.08 17:23:26.612,0.85091,0.85099,1.00,1.25
2016.12.08 17:23:26.766,0.85091,0.85102,1.00,1.69
2016.12.08 17:23:27.172,0.85089,0.851,1.50,1.69
2016.12.08 17:23:27.476,0.85091,0.851,1.50,1.00
2016.12.08 17:23:27.527,0.85091,0.85102,1.00,1.69
2016.12.08 17:23:27.578,0.85088,0.85097,2.25,2.44
2016.12.08 17:23:28.839,0.85088,0.85096,1.00,1.25
2016.12.08 17:23:29.346,0.85087,0.85096,1.00,1.25
2016.12.08 17:23:30.143,0.85083,0.85094,1.87,2.44
2016.12.08 17:23:30.194,0.85083,0.85091,1.00,1.25
2016.12.08 17:23:30.344,0.85081,0.85091,1.00,1.25
2016.12.08 17:23:30.937,0.85082,0.85092,1.50,1.25
2016.12.08 17:23:34.173,0.85084,0.85095,1.50,1.00
2016.12.08 17:23:34.224,0.85086,0.85095,1.00,1.00
2016.12.08 17:23:34.765,0.85083,0.85092,1.50,1.00
2016.12.08 17:23:34.968,0.85085,0.85095,1.00,1.00
2016.12.08 17:23:35.187,0.85083,0.85094,1.50,1.00
2016.12.08 17:23:35.735,0.85082,0.85093,1.50,1.00
2016.12.08 17:23:36.843,0.85082,0.85091,1.00,1.25
2016.12.08 17:23:36.894,0.8508,0.8509,1.12,1.00
2016.12.08 17:23:37.422,0.85079,0.85089,2.62,1.25
2016.12.08 17:23:41.509,0.8508,0.85089,1.00,1.25
2016.12.08 17:23:42.181,0.85079,0.85089,1.00,2.44
2016.12.08 17:23:42.721,0.85078,0.85088,1.00,1.00
2016.12.08 17:23:44.213,0.85077,0.85088,2.25,1.50
2016.12.08 17:23:45.054,0.85076,0.85085,1.00,1.00
2016.12.08 17:23:45.358,0.85074,0.85083,1.00,1.00
2016.12.08 17:23:45.978,0.85073,0.85083,1.00,1.00
2016.12.08 17:23:46.794,0.85072,0.85082,1.81,1.00
2016.12.08 17:23:47.304,0.85073,0.85082,1.00,1.00
2016.12.08 17:23:47.827,0.85072,0.85082,1.06,1.50
2016.12.08 17:23:48.391,0.85073,0.85082,1.00,2.44
2016.12.08 17:23:49.110,0.85073,0.85081,1.00,1.25
2016.12.08 17:23:49.415,0.85071,0.85079,1.06,1.25
2016.12.08 17:23:51.612,0.85071,0.85079,1.50,1.25
2016.12.08 17:23:56.742,0.85073,0.85081,2.47,1.25
2016.12.08 17:23:56.793,0.85074,0.85083,1.37,1.25
2016.12.08 17:23:57.341,0.85073,0.8508,3.00,1.25
2016.12.08 17:23:57.443,0.85072,0.8508,1.00,1.00
2016.12.08 17:23:58.021,0.85071,0.85081,1.87,1.25
2016.12.08 17:23:58.530,0.85071,0.8508,1.37,1.00
2016.12.08 17:23:59.766,0.85073,0.85082,1.87,2.81
2016.12.08 17:24:00.289,0.85073,0.85082,1.87,1.00
2016.12.08 17:24:03.748,0.85073,0.85081,1.12,1.00
2016.12.08 17:24:05.857,0.85073,0.85083,1.87,1.69
2016.12.08 17:24:07.414,0.85072,0.85081,1.75,1.69
2016.12.08 17:24:07.466,0.85072,0.85081,1.12,2.44
2016.12.08 17:24:07.992,0.8507,0.8508,1.87,1.00
2016.12.08 17:24:08.793,0.85073,0.85081,1.50,1.25
2016.12.08 17:24:08.844,0.85074,0.85081,1.37,1.25
2016.12.08 17:24:09.350,0.85075,0.85084,1.87,2.44
2016.12.08 17:24:10.822,0.85077,0.85084,1.00,2.44
2016.12.08 17:24:11.399,0.85079,0.85086,1.00,1.25
2016.12.08 17:24:11.525,0.85078,0.85089,1.87,3.56
2016.12.08 17:24:12.443,0.85079,0.85089,1.37,1.69
2016.12.08 17:24:12.967,0.85079,0.85089,1.87,1.25
2016.12.08 17:24:13.503,0.85079,0.85088,1.37,1.69
2016.12.08 17:24:14.467,0.85079,0.85088,1.37,1.69
2016.12.08 17:24:15.871,0.85079,0.85088,1.37,1.69
2016.12.08 17:24:16.793,0.8508,0.8509,1.12,1.00
2016.12.08 17:24:16.945,0.85082,0.8509,1.00,1.00
2016.12.08 17:24:17.098,0.85084,0.85094,1.00,2.44
2016.12.08 17:24:17.301,0.85083,0.85092,1.87,1.00
2016.12.08 17:24:19.592,0.85086,0.85095,1.00,2.81
2016.12.08 17:24:19.727,0.85086,0.85097,1.87,2.44
2016.12.08 17:24:20.233,0.85087,0.85096,1.37,1.25
2016.12.08 17:24:20.741,0.85087,0.85096,1.50,1.69
2016.12.08 17:24:21.270,0.85088,0.85098,1.12,1.69
2016.12.08 17:24:21.979,0.85089,0.85098,1.00,1.00
2016.12.08 17:24:22.250,0.85087,0.85097,1.00,2.06
2016.12.08 17:24:22.771,0.85088,0.85097,1.00,1.69
2016.12.08 17:24:22.822,0.85086,0.85097,1.87,1.69
2016.12.08 17:24:23.335,0.85087,0.85097,1.00,1.69
2016.12.08 17:24:23.740,0.85085,0.85095,3.37,1.25
2016.12.08 17:24:23.892,0.85083,0.85094,2.25,2.44
2016.12.08 17:24:24.042,0.85083,0.85092,1.12,1.69
2016.12.08 17:24:24.348,0.85083,0.85092,1.50,1.25
2016.12.08 17:24:25.882,0.85087,0.85092,1.00,1.25
2016.12.08 17:24:25.933,0.85087,0.85097,1.00,2.06
2016.12.08 17:24:25.984,0.85089,0.85097,1.00,2.06
2016.12.08 17:24:26.794,0.85089,0.85099,1.50,1.25
2016.12.08 17:24:26.845,0.85092,0.851,1.00,1.25
2016.12.08 17:24:27.417,0.8509,0.85101,1.00,2.06
2016.12.08 17:24:27.571,0.85093,0.85101,1.00,1.00
2016.12.08 17:24:27.774,0.85093,0.85103,2.25,1.25
2016.12.08 17:24:28.079,0.85093,0.85103,1.00,2.06
2016.12.08 17:24:28.181,0.85091,0.85102,1.50,2.06
2016.12.08 17:24:28.586,0.85093,0.85102,1.00,2.06
2016.12.08 17:24:29.937,0.85093,0.851,1.00,1.00
2016.12.08 17:24:30.484,0.85092,0.851,1.00,1.00
2016.12.08 17:24:31.940,0.85091,0.851,1.50,1.00
2016.12.08 17:24:32.248,0.85089,0.85097,1.00,1.00
2016.12.08 17:24:32.793,0.8509,0.85098,1.00,1.00
2016.12.08 17:24:34.035,0.85091,0.851,1.00,1.12
2016.12.08 17:24:34.258,0.85092,0.85103,1.50,1.50
2016.12.08 17:24:34.359,0.85095,0.85104,1.00,2.06
2016.12.08 17:24:34.866,0.85095,0.85104,1.00,2.06
2016.12.08 17:24:35.220,0.85097,0.85104,1.00,1.00
2016.12.08 17:24:35.726,0.85097,0.85105,1.00,2.06
2016.12.08 17:24:36.404,0.85098,0.85105,1.00,2.06
2016.12.08 17:24:36.912,0.85097,0.85105,1.00,2.06
2016.12.08 17:24:37.166,0.85095,0.85104,1.50,1.00
2016.12.08 17:24:37.217,0.85093,0.85102,1.12,1.25
2016.12.08 17:24:37.421,0.85091,0.85101,1.00,1.12
2016.12.08 17:24:37.922,0.85091,0.851,1.00,1.00
2016.12.08 17:24:41.005,0.85094,0.85101,1.00,1.00
2016.12.08 17:24:41.258,0.85091,0.85101,1.00,1.37
2016.12.08 17:24:41.770,0.85093,0.85101,1.00,1.37
2016.12.08 17:24:42.304,0.85092,0.85101,1.00,1.37
2016.12.08 17:24:43.181,0.85094,0.85103,1.00,1.00
2016.12.08 17:24:43.282,0.85092,0.85101,2.25,1.12
2016.12.08 17:24:44.196,0.85093,0.85101,1.00,1.00
2016.12.08 17:24:46.189,0.85093,0.851,1.00,1.00
2016.12.08 17:24:47.269,0.85095,0.85104,1.00,2.44
2016.12.08 17:24:47.371,0.85095,0.85104,1.50,2.06
2016.12.08 17:24:49.019,0.85096,0.85104,1.00,1.62
2016.12.08 17:24:49.525,0.85095,0.85104,1.00,1.62
2016.12.08 17:24:50.187,0.85095,0.85102,1.00,1.00
2016.12.08 17:24:50.289,0.85092,0.85102,1.50,1.00
2016.12.08 17:24:50.340,0.85092,0.851,1.50,1.25
2016.12.08 17:24:50.644,0.85094,0.851,1.00,1.25
2016.12.08 17:24:51.344,0.85092,0.85101,1.00,1.00
2016.12.08 17:24:51.598,0.85092,0.85099,1.00,1.25
2016.12.08 17:24:52.225,0.85092,0.851,1.00,1.00
2016.12.08 17:24:52.944,0.8509,0.85099,1.12,1.00
2016.12.08 17:24:53.665,0.8509,0.85099,1.50,1.00
2016.12.08 17:24:55.189,0.85092,0.851,1.37,1.00
2016.12.08 17:24:55.444,0.85093,0.85104,1.87,1.87
2016.12.08 17:24:55.495,0.85095,0.85104,1.00,1.12
2016.12.08 17:24:56.713,0.85094,0.85104,1.00,1.12
2016.12.08 17:24:57.064,0.85094,0.851,1.00,1.37
2016.12.08 17:24:57.615,0.85093,0.851,1.00,1.37
2016.12.08 17:24:58.108,0.85095,0.85103,1.00,1.37
2016.12.08 17:24:58.210,0.85095,0.85104,1.00,1.62
2016.12.08 17:24:58.493,0.85097,0.85104,1.00,1.62
2016.12.08 17:24:59.528,0.85095,0.85105,1.00,1.37
2016.12.08 17:25:00.735,0.85094,0.85103,1.00,1.12
2016.12.08 17:25:00.786,0.85094,0.85103,1.00,1.37
2016.12.08 17:25:00.888,0.85094,0.85103,1.00,1.00
2016.12.08 17:25:01.076,0.85089,0.85101,1.69,3.00
2016.12.08 17:25:01.177,0.85091,0.85102,1.50,1.87
2016.12.08 17:25:01.486,0.85094,0.85102,1.00,1.00
2016.12.08 17:25:02.010,0.85094,0.85103,1.00,1.50
2016.12.08 17:25:02.062,0.85094,0.85105,1.69,2.25
2016.12.08 17:25:02.164,0.85096,0.85105,1.00,1.00
2016.12.08 17:25:02.550,0.85095,0.85099,1.00,1.00
2016.12.08 17:25:02.602,0.85092,0.85099,1.50,1.00
2016.12.08 17:25:02.653,0.8509,0.85099,1.12,1.00
2016.12.08 17:25:02.730,0.85093,0.85101,1.00,1.50
2016.12.08 17:25:02.833,0.85091,0.851,1.69,1.00
2016.12.08 17:25:04.672,0.85091,0.85101,1.00,1.12
2016.12.08 17:25:06.279,0.85091,0.851,1.00,1.00
2016.12.08 17:25:07.108,0.85092,0.85103,1.00,3.94
2016.12.08 17:25:07.210,0.85092,0.85103,1.50,2.06
2016.12.08 17:25:07.514,0.85094,0.85103,1.00,1.25
2016.12.08 17:25:07.717,0.8509,0.85101,1.50,1.50
2016.12.08 17:25:07.966,0.85087,0.85099,1.50,1.00
2016.12.08 17:25:08.017,0.85088,0.85097,1.00,1.00
2016.12.08 17:25:08.523,0.85087,0.85097,1.00,1.00
2016.12.08 17:25:08.827,0.85089,0.85098,1.00,1.50
2016.12.08 17:25:09.614,0.85088,0.85098,1.25,1.00
2016.12.08 17:25:09.696,0.85086,0.85097,1.00,2.62
2016.12.08 17:25:10.203,0.85086,0.85096,1.00,1.00
2016.12.08 17:25:10.926,0.85086,0.85095,1.00,1.00
2016.12.08 17:25:13.672,0.85086,0.85093,1.00,1.00
2016.12.08 17:25:14.404,0.85086,0.85095,1.00,1.50
2016.12.08 17:25:16.872,0.85086,0.85093,1.00,1.00
2016.12.08 17:25:17.227,0.85084,0.85094,1.00,1.50
2016.12.08 17:25:17.832,0.85085,0.85094,1.00,1.37
2016.12.08 17:25:18.346,0.85086,0.85094,1.00,1.00
2016.12.08 17:25:18.894,0.85086,0.85095,1.00,1.12
2016.12.08 17:25:19.542,0.85086,0.85094,1.00,1.00
2016.12.08 17:25:20.090,0.85086,0.85095,1.69,1.12
2016.12.08 17:25:20.433,0.85084,0.85093,1.00,1.00
2016.12.08 17:25:20.741,0.85084,0.85093,1.00,1.50
2016.12.08 17:25:22.157,0.85078,0.85087,1.37,1.00
2016.12.08 17:25:22.816,0.8508,0.8509,1.50,1.87
2016.12.08 17:25:22.867,0.85082,0.85091,1.00,1.50
2016.12.08 17:25:23.170,0.85084,0.85092,1.00,1.37
2016.12.08 17:25:23.795,0.85083,0.85092,1.00,1.37
2016.12.08 17:25:24.320,0.85082,0.85089,1.00,1.12
2016.12.08 17:25:24.827,0.85081,0.85089,1.00,1.12
2016.12.08 17:25:25.333,0.85081,0.85088,1.00,1.00
2016.12.08 17:25:25.839,0.8508,0.85088,1.00,1.00
2016.12.08 17:25:26.541,0.8508,0.8509,1.00,1.37
2016.12.08 17:25:27.048,0.85082,0.85092,1.50,2.81
2016.12.08 17:25:27.553,0.85083,0.85092,1.00,1.62
2016.12.08 17:25:28.059,0.85081,0.85092,1.69,1.50
2016.12.08 17:25:28.364,0.85084,0.85093,1.00,2.62
2016.12.08 17:25:29.345,0.8508,0.8509,1.87,1.00
2016.12.08 17:25:29.447,0.85082,0.8509,1.00,1.00
2016.12.08 17:25:29.647,0.8508,0.8509,1.12,1.00
2016.12.08 17:25:29.789,0.8508,0.85088,1.12,1.00
2016.12.08 17:25:30.093,0.85078,0.85088,1.50,1.00
2016.12.08 17:25:30.945,0.85079,0.85088,1.25,1.00
2016.12.08 17:25:32.558,0.85078,0.85088,1.50,1.00
2016.12.08 17:25:32.609,0.85081,0.8509,1.12,1.00
2016.12.08 17:25:33.117,0.85082,0.85093,1.50,3.00
2016.12.08 17:25:33.169,0.85084,0.85093,1.00,1.87
2016.12.08 17:25:33.676,0.85085,0.85095,1.00,1.50
2016.12.08 17:25:34.189,0.85086,0.85095,1.00,1.50
2016.12.08 17:25:34.876,0.85085,0.85093,1.00,1.37
2016.12.08 17:25:34.927,0.85083,0.85093,1.69,1.37
2016.12.08 17:25:35.028,0.85085,0.85093,1.00,1.00
2016.12.08 17:25:35.079,0.85083,0.85093,1.69,1.00
2016.12.08 17:25:35.130,0.85083,0.8509,1.69,1.00
2016.12.08 17:25:35.652,0.85084,0.8509,1.00,1.00
2016.12.08 17:25:35.754,0.85084,0.85092,1.00,1.00
2016.12.08 17:25:36.993,0.85084,0.85091,1.00,1.00
2016.12.08 17:25:39.044,0.85084,0.85092,1.00,1.00
2016.12.08 17:25:40.777,0.85083,0.85091,1.00,1.00
2016.12.08 17:25:41.284,0.85084,0.85091,1.00,1.12
2016.12.08 17:25:42.166,0.85085,0.85092,1.00,1.37
2016.12.08 17:25:42.474,0.85087,0.85094,1.00,1.50
2016.12.08 17:25:42.586,0.85085,0.85092,1.00,1.50
2016.12.08 17:25:49.438,0.85083,0.85091,1.00,1.50
2016.12.08 17:25:49.548,0.85083,0.85091,1.00,1.87
2016.12.08 17:25:49.600,0.85081,0.85088,1.00,1.12
2016.12.08 17:25:49.702,0.85079,0.85087,1.00,1.12
2016.12.08 17:25:49.753,0.85079,0.85087,1.00,1.50
2016.12.08 17:25:50.259,0.85078,0.85086,1.00,1.37
2016.12.08 17:25:50.564,0.85078,0.85083,1.00,1.37
2016.12.08 17:25:50.616,0.85076,0.85083,1.00,1.37
2016.12.08 17:25:50.667,0.85076,0.85085,1.00,1.06
2016.12.08 17:25:52.368,0.85075,0.85086,2.44,3.31
2016.12.08 17:25:53.398,0.85076,0.85086,1.69,1.31
2016.12.08 17:25:53.449,0.85078,0.85086,1.00,1.31
2016.12.08 17:25:53.965,0.85076,0.85086,1.00,1.43
2016.12.08 17:25:56.806,0.85078,0.85087,1.00,3.12
2016.12.08 17:25:56.858,0.85078,0.85088,1.00,3.53
2016.12.08 17:25:57.844,0.85078,0.85086,1.00,1.00
2016.12.08 17:25:58.370,0.85078,0.85087,1.00,2.00
2016.12.08 17:25:58.903,0.85078,0.85085,1.00,1.00
2016.12.08 17:25:59.766,0.85079,0.85085,1.00,1.00
2016.12.08 17:25:59.868,0.85076,0.85085,1.00,1.00
2016.12.08 17:25:59.919,0.85079,0.85086,1.00,1.12
2016.12.08 17:26:00.426,0.85078,0.85087,1.00,1.00
2016.12.08 17:26:00.872,0.85081,0.85088,1.00,1.00
2016.12.08 17:26:01.396,0.8508,0.85087,1.00,1.00
2016.12.08 17:26:01.897,0.85081,0.85088,1.00,1.87
2016.12.08 17:26:02.592,0.8508,0.85088,1.00,1.87
2016.12.08 17:26:03.150,0.85081,0.85087,1.00,1.00
2016.12.08 17:26:03.397,0.85079,0.85087,1.00,1.00
2016.12.08 17:26:04.058,0.85078,0.85088,1.69,1.87
2016.12.08 17:26:04.901,0.85077,0.85086,1.00,1.87
2016.12.08 17:26:04.952,0.85075,0.85086,2.44,3.37
2016.12.08 17:26:05.054,0.85075,0.85083,1.25,1.00
2016.12.08 17:26:08.347,0.85074,0.85083,1.00,1.12
2016.12.08 17:26:08.986,0.85075,0.85084,1.00,1.37
2016.12.08 17:26:11.930,0.85074,0.85083,1.00,1.12
2016.12.08 17:26:12.487,0.85074,0.85082,1.00,1.00
2016.12.08 17:26:13.443,0.85075,0.85082,1.00,1.00
2016.12.08 17:26:13.991,0.85075,0.85084,1.00,1.37
2016.12.08 17:26:16.101,0.85074,0.85084,1.00,1.37
2016.12.08 17:26:16.691,0.85074,0.85084,1.00,1.37
2016.12.08 17:26:18.997,0.85075,0.85084,1.00,1.37
2016.12.08 17:26:19.503,0.85074,0.85084,1.69,1.50
2016.12.08 17:26:20.016,0.85074,0.85083,1.12,1.69
2016.12.08 17:26:20.522,0.85075,0.85083,1.00,1.25
2016.12.08 17:26:21.641,0.85074,0.85083,1.00,1.25
2016.12.08 17:26:22.097,0.85073,0.85082,2.25,1.00
2016.12.08 17:26:22.198,0.85074,0.85082,2.06,1.00
2016.12.08 17:26:22.351,0.85072,0.85082,1.00,2.44
2016.12.08 17:26:22.834,0.85072,0.8508,1.37,1.00
2016.12.08 17:26:22.885,0.85071,0.8508,1.00,1.50
2016.12.08 17:26:23.393,0.8507,0.85079,1.50,1.00
2016.12.08 17:26:23.545,0.85068,0.85078,1.00,1.50
2016.12.08 17:26:24.471,0.85068,0.85077,1.00,1.00
2016.12.08 17:26:25.252,0.85067,0.85077,1.00,1.00
2016.12.08 17:26:25.794,0.85066,0.85076,2.44,1.00
2016.12.08 17:26:27.279,0.85066,0.85075,1.69,1.00
2016.12.08 17:26:27.381,0.85068,0.85075,1.00,1.00
2016.12.08 17:26:29.397,0.85068,0.85076,1.00,1.00
2016.12.08 17:26:29.946,0.85068,0.85077,1.00,1.12
2016.12.08 17:26:30.392,0.85068,0.85075,1.00,1.00
2016.12.08 17:26:32.011,0.85069,0.85076,1.00,1.00
2016.12.08 17:26:32.333,0.85071,0.85078,1.00,1.00
2016.12.08 17:26:32.637,0.85073,0.85079,1.00,1.00
2016.12.08 17:26:33.034,0.85073,0.85081,1.00,1.00
2016.12.08 17:26:34.030,0.85073,0.85082,1.00,1.87
2016.12.08 17:26:34.182,0.85073,0.85079,1.00,1.00
2016.12.08 17:26:34.335,0.8507,0.85079,1.00,1.00
2016.12.08 17:26:34.842,0.85071,0.85079,1.00,1.00
2016.12.08 17:26:36.674,0.8507,0.85079,1.00,1.12
2016.12.08 17:26:36.725,0.85066,0.85076,1.37,1.50
2016.12.08 17:26:37.047,0.85066,0.85076,1.00,1.50
2016.12.08 17:26:37.776,0.85066,0.85074,1.00,1.00
2016.12.08 17:26:38.284,0.85065,0.85073,1.00,1.12
2016.12.08 17:26:38.801,0.85064,0.85072,1.00,1.00
2016.12.08 17:26:39.343,0.85063,0.85071,1.00,1.00
2016.12.08 17:26:39.981,0.85063,0.85072,1.00,1.00
2016.12.08 17:26:40.485,0.85064,0.85073,1.00,1.00
2016.12.08 17:26:41.829,0.85066,0.85073,1.00,1.00
2016.12.08 17:26:42.282,0.85066,0.85075,1.00,1.12
2016.12.08 17:26:43.355,0.85066,0.85076,1.00,1.00
2016.12.08 17:26:44.093,0.85068,0.85076,1.00,1.00
2016.12.08 17:26:44.415,0.85074,0.85081,1.00,1.69
2016.12.08 17:26:47.885,0.85072,0.85081,1.00,1.69
2016.12.08 17:26:50.933,0.85073,0.85081,1.00,1.00
2016.12.08 17:26:51.564,0.85073,0.85082,1.00,1.69
2016.12.08 17:26:52.781,0.85073,0.8508,1.00,1.00
2016.12.08 17:26:54.579,0.85073,0.85082,1.00,1.69
2016.12.08 17:26:55.301,0.85072,0.8508,1.00,1.00
2016.12.08 17:26:56.401,0.85072,0.85082,1.00,1.00
2016.12.08 17:26:56.912,0.85072,0.85081,1.00,1.00
2016.12.08 17:26:59.896,0.85073,0.85083,1.00,1.50
2016.12.08 17:27:00.402,0.85074,0.85083,1.00,1.37
2016.12.08 17:27:03.099,0.85076,0.85083,1.00,1.37
2016.12.08 17:27:03.302,0.85077,0.85085,1.00,1.00
2016.12.08 17:27:04.295,0.85077,0.85086,1.00,1.12
2016.12.08 17:27:05.679,0.85077,0.85084,1.00,1.00
2016.12.08 17:27:06.318,0.85076,0.85083,1.00,1.00
2016.12.08 17:27:06.750,0.85076,0.85085,1.00,1.00
2016.12.08 17:27:07.511,0.85077,0.85085,1.00,1.00
2016.12.08 17:27:08.201,0.85077,0.85086,1.00,1.00
2016.12.08 17:27:08.252,0.85077,0.85084,1.00,1.00
2016.12.08 17:27:08.796,0.85076,0.85084,1.00,1.00
2016.12.08 17:27:09.199,0.85078,0.85084,1.00,1.00
2016.12.08 17:27:09.250,0.85078,0.85086,1.00,1.00
2016.12.08 17:27:09.676,0.8508,0.85089,1.69,1.87
2016.12.08 17:27:09.727,0.8508,0.85089,1.69,1.50
2016.12.08 17:27:10.269,0.85081,0.85089,1.00,1.00
2016.12.08 17:27:10.428,0.85079,0.85087,1.00,1.00
2016.12.08 17:27:10.682,0.85077,0.85086,1.00,1.87
2016.12.08 17:27:11.196,0.85077,0.85085,1.00,1.00
2016.12.08 17:27:11.445,0.85079,0.85086,1.00,1.00
2016.12.08 17:27:12.336,0.85079,0.85085,1.00,1.00
2016.12.08 17:27:12.849,0.85079,0.85086,1.00,1.00
2016.12.08 17:27:13.001,0.85077,0.85086,1.00,1.00
2016.12.08 17:27:13.549,0.85077,0.85087,1.69,1.87
2016.12.08 17:27:14.060,0.85078,0.85087,1.00,1.00
2016.12.08 17:27:14.596,0.85078,0.85088,1.69,2.62
2016.12.08 17:27:16.879,0.85078,0.85088,2.44,1.50
2016.12.08 17:27:16.930,0.8508,0.85087,1.00,1.12
2016.12.08 17:27:17.740,0.85081,0.85089,1.00,1.72
2016.12.08 17:27:19.749,0.85081,0.85088,1.00,1.00
2016.12.08 17:27:20.492,0.85081,0.8509,1.00,1.87
2016.12.08 17:27:21.657,0.85081,0.8509,1.00,2.25
2016.12.08 17:27:25.885,0.85081,0.85089,1.00,1.12
2016.12.08 17:27:25.987,0.8508,0.85087,1.00,1.50
2016.12.08 17:27:26.502,0.85079,0.85087,1.00,1.87
2016.12.08 17:27:26.814,0.8508,0.85088,1.00,1.50
2016.12.08 17:27:26.916,0.8508,0.85088,1.00,1.50
2016.12.08 17:27:28.083,0.8508,0.85088,1.00,1.50
2016.12.08 17:27:29.102,0.85078,0.85088,1.69,1.12
2016.12.08 17:27:29.153,0.8508,0.85088,1.00,1.12
2016.12.08 17:27:29.659,0.8508,0.85088,1.00,1.37
2016.12.08 17:27:30.218,0.8508,0.85089,1.00,1.87
2016.12.08 17:27:30.749,0.85081,0.85089,1.00,1.00
2016.12.08 17:27:31.200,0.85083,0.85092,1.69,4.12
2016.12.08 17:27:31.352,0.85084,0.85094,1.69,2.25
2016.12.08 17:27:31.556,0.85086,0.85094,1.00,1.50
2016.12.08 17:27:31.810,0.85083,0.85092,1.00,1.00
2016.12.08 17:27:32.340,0.85084,0.85093,1.00,2.62
2016.12.08 17:27:32.866,0.85085,0.85093,1.00,1.12
2016.12.08 17:27:33.581,0.85086,0.85095,1.00,3.37
2016.12.08 17:27:34.045,0.85084,0.85093,1.00,1.00
2016.12.08 17:27:35.019,0.85086,0.85094,1.00,1.12
2016.12.08 17:27:35.567,0.85086,0.85093,1.00,1.00
2016.12.08 17:27:36.073,0.85087,0.85096,1.00,3.22
2016.12.08 17:27:36.175,0.85084,0.85092,1.00,1.00
2016.12.08 17:27:36.226,0.85082,0.85092,1.00,1.00
2016.12.08 17:27:36.763,0.85082,0.85093,1.00,4.12
2016.12.08 17:27:37.202,0.85084,0.85093,1.00,1.12
2016.12.08 17:27:37.456,0.85084,0.85095,1.69,3.75
2016.12.08 17:27:37.962,0.85085,0.85095,1.00,2.62
2016.12.08 17:27:38.548,0.85084,0.85094,1.69,1.12
2016.12.08 17:27:39.315,0.85085,0.85095,1.00,1.50
2016.12.08 17:27:39.826,0.85085,0.85094,1.00,1.87
2016.12.08 17:27:40.333,0.85084,0.85093,1.00,2.62
2016.12.08 17:27:40.834,0.85085,0.85094,1.00,1.00
2016.12.08 17:27:41.340,0.85085,0.85094,1.00,1.87
2016.12.08 17:27:42.253,0.85086,0.85095,1.00,1.37
2016.12.08 17:27:42.304,0.85085,0.85096,1.69,4.35
2016.12.08 17:27:42.836,0.85086,0.85096,1.00,3.22
2016.12.08 17:27:43.495,0.85085,0.85095,1.00,1.00
2016.12.08 17:27:43.546,0.85085,0.85096,1.00,3.00
2016.12.08 17:27:44.166,0.85086,0.85095,1.00,2.25
2016.12.08 17:27:45.078,0.85087,0.85096,1.00,1.37
2016.12.08 17:27:45.129,0.85087,0.85097,1.00,1.37
2016.12.08 17:27:45.599,0.85087,0.85098,1.00,3.41
2016.12.08 17:27:45.990,0.8509,0.85099,1.00,4.12
2016.12.08 17:27:46.067,0.85088,0.85099,1.00,1.87
2016.12.08 17:27:46.590,0.85089,0.85099,1.00,3.37
2016.12.08 17:27:47.101,0.8509,0.85099,1.00,3.37
2016.12.08 17:27:47.627,0.8509,0.85098,1.00,1.12
2016.12.08 17:27:49.572,0.8509,0.85099,1.00,2.62
2016.12.08 17:27:51.557,0.85091,0.851,1.00,3.56
2016.12.08 17:27:52.321,0.85091,0.851,1.00,2.81
2016.12.08 17:27:52.825,0.85091,0.851,1.00,2.81
2016.12.08 17:27:54.094,0.8509,0.85097,1.00,1.00
2016.12.08 17:27:54.647,0.8509,0.85098,1.00,1.00
2016.12.08 17:27:55.156,0.8509,0.85099,1.00,1.12
2016.12.08 17:27:55.718,0.85091,0.85102,1.00,3.37
2016.12.08 17:27:56.226,0.85092,0.85102,1.00,1.87
2016.12.08 17:27:56.733,0.85091,0.85102,1.50,1.87
2016.12.08 17:27:57.036,0.85091,0.851,1.00,1.00
2016.12.08 17:27:57.571,0.85091,0.85101,1.50,1.69
2016.12.08 17:27:58.150,0.85091,0.851,1.00,1.00
2016.12.08 17:27:58.741,0.85091,0.85101,1.50,1.25
2016.12.08 17:27:59.097,0.85091,0.85098,1.00,1.00
2016.12.08 17:27:59.249,0.85089,0.85098,1.00,1.00
2016.12.08 17:27:59.453,0.85087,0.85098,1.00,3.00
2016.12.08 17:27:59.966,0.85086,0.85097,1.00,2.81
2016.12.08 17:28:00.875,0.85088,0.85097,1.00,2.06
2016.12.08 17:28:02.419,0.85086,0.85094,1.00,1.00
2016.12.08 17:28:02.521,0.85083,0.85093,1.00,1.00
2016.12.08 17:28:03.027,0.85082,0.85092,1.00,1.00
2016.12.08 17:28:03.374,0.85081,0.8509,1.12,1.00
2016.12.08 17:28:03.556,0.85077,0.85087,1.50,1.31
2016.12.08 17:28:03.657,0.85077,0.85086,1.50,2.06
2016.12.08 17:28:03.709,0.85075,0.85086,1.87,2.06
2016.12.08 17:28:03.962,0.85077,0.85086,1.00,1.62
2016.12.08 17:28:04.468,0.85076,0.85086,1.00,1.25
2016.12.08 17:28:04.937,0.85077,0.85086,1.00,1.62
2016.12.08 17:28:06.648,0.85075,0.85083,1.00,1.62
2016.12.08 17:28:07.171,0.85074,0.85083,1.00,1.25
2016.12.08 17:28:09.866,0.85075,0.85083,1.00,1.25
2016.12.08 17:28:15.550,0.85073,0.85082,1.00,1.62
2016.12.08 17:28:16.058,0.85073,0.85082,1.00,1.25
2016.12.08 17:28:17.507,0.85072,0.85081,1.00,1.25
2016.12.08 17:28:27.242,0.85072,0.85083,1.00,1.00
2016.12.08 17:28:27.448,0.85072,0.8508,1.00,1.00
2016.12.08 17:28:27.499,0.8507,0.85079,1.00,1.00
2016.12.08 17:28:41.086,0.8507,0.85078,1.00,1.00
2016.12.08 17:28:42.070,0.8507,0.85079,1.00,1.00
2016.12.08 17:28:43.965,0.85073,0.8508,1.69,1.00
2016.12.08 17:28:44.117,0.85074,0.85082,1.25,1.00
2016.12.08 17:28:44.907,0.85073,0.8508,1.00,1.00
2016.12.08 17:28:45.119,0.85071,0.8508,1.00,1.37
2016.12.08 17:28:46.396,0.85071,0.8508,1.00,1.00
2016.12.08 17:28:47.942,0.85071,0.85081,1.00,1.12
2016.12.08 17:28:50.782,0.85074,0.85084,1.00,3.75
2016.12.08 17:29:02.472,0.85073,0.85082,1.69,1.37
2016.12.08 17:29:04.143,0.85072,0.85082,1.87,1.37
2016.12.08 17:29:06.388,0.85071,0.85081,1.69,1.12
2016.12.08 17:29:10.876,0.85072,0.85082,1.00,1.37
2016.12.08 17:29:11.400,0.85072,0.85084,1.87,2.62
2016.12.08 17:29:11.502,0.85074,0.85084,1.00,1.87
2016.12.08 17:29:12.008,0.85075,0.85085,1.00,2.06
2016.12.08 17:29:13.429,0.85074,0.85082,1.00,1.00
2016.12.08 17:29:13.996,0.85073,0.85081,1.00,1.69
2016.12.08 17:29:14.098,0.85071,0.8508,1.00,2.06
2016.12.08 17:29:14.620,0.8507,0.8508,1.00,1.31
2016.12.08 17:29:18.113,0.8507,0.85077,1.00,1.00
2016.12.08 17:29:18.619,0.85069,0.85078,1.00,1.25
2016.12.08 17:29:19.141,0.85069,0.85077,1.00,1.00
2016.12.08 17:29:20.194,0.85069,0.85078,1.00,1.25
2016.12.08 17:29:21.189,0.85072,0.85081,1.00,1.69
2016.12.08 17:29:21.240,0.85072,0.85081,1.00,1.31
2016.12.08 17:29:21.292,0.85074,0.85083,1.00,2.44
2016.12.08 17:29:21.595,0.85075,0.85084,1.00,1.69
2016.12.08 17:29:23.481,0.85075,0.85081,1.00,1.25
2016.12.08 17:29:23.583,0.85073,0.85081,1.00,1.25
2016.12.08 17:29:24.099,0.85073,0.85082,1.00,1.69
2016.12.08 17:29:27.783,0.85073,0.85081,1.00,1.69
2016.12.08 17:29:28.754,0.85071,0.85081,1.00,2.06
2016.12.08 17:29:28.805,0.85071,0.85079,1.00,1.00
2016.12.08 17:29:29.616,0.8507,0.85077,1.00,1.00
2016.12.08 17:29:31.684,0.85069,0.85077,1.00,1.00
2016.12.08 17:29:32.197,0.85069,0.85078,1.00,1.25
2016.12.08 17:29:33.092,0.85069,0.85077,1.00,1.00
2016.12.08 17:29:33.616,0.85069,0.85078,1.00,1.69
2016.12.08 17:29:34.238,0.8507,0.85078,1.00,1.69
2016.12.08 17:29:34.718,0.85068,0.85077,1.12,1.00
2016.12.08 17:29:35.224,0.85067,0.85076,1.00,1.00
2016.12.08 17:29:35.788,0.85066,0.85076,1.12,1.00
2016.12.08 17:29:36.430,0.85067,0.85076,1.00,1.00
2016.12.08 17:29:36.839,0.85066,0.85072,1.12,1.00
2016.12.08 17:29:36.941,0.85064,0.85072,1.50,1.00
2016.12.08 17:29:37.651,0.85066,0.85074,1.50,1.00
2016.12.08 17:29:37.981,0.85069,0.85076,1.12,1.69
2016.12.08 17:29:38.557,0.85068,0.85076,1.00,1.69
2016.12.08 17:29:38.861,0.85064,0.85073,1.00,1.00
2016.12.08 17:29:39.367,0.85062,0.85073,1.00,1.50
2016.12.08 17:29:39.873,0.85063,0.85073,1.00,1.00
2016.12.08 17:29:43.271,0.85063,0.85072,1.00,1.00
2016.12.08 17:29:43.799,0.85063,0.85073,1.00,1.00
2016.12.08 17:29:44.108,0.85065,0.85073,1.00,1.00
2016.12.08 17:29:45.146,0.85065,0.85074,1.00,2.44
2016.12.08 17:29:45.826,0.85065,0.85072,1.00,1.00
2016.12.08 17:29:46.342,0.85064,0.85072,1.00,1.00
2016.12.08 17:29:46.843,0.85063,0.85071,1.00,1.00
2016.12.08 17:29:47.801,0.85063,0.85072,1.00,1.00
2016.12.08 17:29:48.529,0.85064,0.85072,1.00,1.00
2016.12.08 17:29:52.378,0.85064,0.85073,1.00,3.19
2016.12.08 17:29:52.780,0.85064,0.85071,1.00,1.00
2016.12.08 17:29:53.710,0.85063,0.85068,1.00,1.00
2016.12.08 17:29:53.761,0.85061,0.85068,1.00,1.00
2016.12.08 17:29:53.964,0.85059,0.85068,1.00,1.00
2016.12.08 17:29:55.174,0.85059,0.85067,1.00,1.69
2016.12.08 17:29:56.077,0.85059,0.85068,1.00,1.50
2016.12.08 17:30:00.441,0.85059,0.85066,1.00,1.00
2016.12.08 17:30:00.951,0.85059,0.85067,1.00,1.00
2016.12.08 17:30:02.284,0.85061,0.85069,1.00,1.69
2016.12.08 17:30:03.337,0.85062,0.8507,1.00,1.25
2016.12.08 17:30:03.388,0.85062,0.85072,1.00,1.12
2016.12.08 17:30:03.490,0.85063,0.8507,1.00,1.00
2016.12.08 17:30:04.538,0.85063,0.85071,1.00,1.69
2016.12.08 17:30:04.842,0.85065,0.85072,1.00,1.00
2016.12.08 17:30:06.742,0.85065,0.85073,1.00,1.00
2016.12.08 17:30:06.944,0.85067,0.85076,1.00,1.00
2016.12.08 17:30:07.777,0.85068,0.85076,1.00,1.00
2016.12.08 17:30:08.285,0.85068,0.85075,1.00,1.00
2016.12.08 17:30:09.036,0.85068,0.85077,1.00,1.69
2016.12.08 17:30:09.631,0.85069,0.85077,1.00,1.69
2016.12.08 17:30:11.218,0.85069,0.85076,1.00,1.00
2016.12.08 17:30:13.391,0.85069,0.85077,1.00,1.69
2016.12.08 17:30:14.598,0.85067,0.85077,1.00,1.69
2016.12.08 17:30:15.139,0.85068,0.85077,1.50,1.69
2016.12.08 17:30:15.494,0.8507,0.85077,1.00,1.25
2016.12.08 17:30:15.545,0.8507,0.8508,1.00,1.87
2016.12.08 17:30:15.915,0.85072,0.85081,1.00,1.12
2016.12.08 17:30:15.966,0.85072,0.85082,1.00,2.06
2016.12.08 17:30:16.473,0.85073,0.85082,1.00,2.06
2016.12.08 17:30:17.113,0.85074,0.85082,1.00,1.31
2016.12.08 17:30:18.263,0.85073,0.85082,1.00,1.31
2016.12.08 17:30:18.467,0.85075,0.85082,1.00,1.25
2016.12.08 17:30:19.009,0.85076,0.85082,1.00,1.25
2016.12.08 17:30:21.948,0.85075,0.85085,1.00,1.50
2016.12.08 17:30:21.999,0.85075,0.85086,1.50,1.31
2016.12.08 17:30:22.050,0.85077,0.85086,1.00,1.31
2016.12.08 17:30:22.646,0.85078,0.85086,1.00,1.31
2016.12.08 17:30:23.883,0.85076,0.85086,1.00,1.31
2016.12.08 17:30:24.388,0.85076,0.85086,1.50,1.62
2016.12.08 17:30:27.063,0.85076,0.85086,1.50,1.31
2016.12.08 17:30:27.615,0.85076,0.85086,1.50,1.62
2016.12.08 17:30:30.511,0.85076,0.85086,1.50,1.31
2016.12.08 17:30:34.666,0.85077,0.85085,1.00,1.00
2016.12.08 17:30:34.717,0.85075,0.85082,1.00,1.00
2016.12.08 17:30:34.869,0.85073,0.85082,1.50,1.00
2016.12.08 17:30:35.579,0.85074,0.85082,1.00,1.00
2016.12.08 17:30:36.121,0.85075,0.85083,1.00,1.31
2016.12.08 17:30:37.494,0.85074,0.85083,1.50,1.31
2016.12.08 17:30:37.646,0.85076,0.85086,1.00,1.69
2016.12.08 17:30:37.859,0.85076,0.85086,1.00,1.62
2016.12.08 17:30:38.364,0.85077,0.85086,1.00,1.62
2016.12.08 17:30:52.448,0.85075,0.85083,1.00,1.25
2016.12.08 17:30:52.499,0.85073,0.85082,1.00,1.25
2016.12.08 17:30:54.767,0.85074,0.85084,1.00,1.87
2016.12.08 17:30:55.642,0.85075,0.85084,1.00,1.87
2016.12.08 17:30:57.248,0.85074,0.85083,1.00,1.37
2016.12.08 17:30:59.431,0.85076,0.85085,2.44,3.37
2016.12.08 17:30:59.533,0.85076,0.85085,2.44,1.37
2016.12.08 17:31:02.309,0.85076,0.85087,2.44,2.62
2016.12.08 17:31:05.845,0.85076,0.85086,1.69,1.37
2016.12.08 17:31:06.938,0.85073,0.85084,3.19,1.00
2016.12.08 17:31:06.989,0.85073,0.85083,1.69,1.00
2016.12.08 17:31:07.490,0.85072,0.85083,1.50,2.06
2016.12.08 17:31:07.993,0.85072,0.85083,1.87,1.12
2016.12.08 17:31:08.166,0.85074,0.85083,1.00,1.12
2016.12.08 17:31:15.727,0.85072,0.85083,1.50,1.37
2016.12.08 17:31:16.240,0.85073,0.85083,1.00,1.87
2016.12.08 17:31:19.522,0.85074,0.85083,1.00,1.37
2016.12.08 17:31:20.988,0.85073,0.85082,1.50,1.12
2016.12.08 17:31:21.959,0.85076,0.85087,1.00,1.50
2016.12.08 17:31:22.465,0.85077,0.85087,1.00,1.50
2016.12.08 17:31:22.567,0.8508,0.85089,1.00,1.87
2016.12.08 17:31:22.719,0.85083,0.85092,1.00,1.69
2016.12.08 17:31:22.822,0.85084,0.85094,1.00,1.25
2016.12.08 17:31:23.025,0.85086,0.85094,1.00,1.25
2016.12.08 17:31:23.552,0.85086,0.85095,1.00,1.12
2016.12.08 17:31:24.923,0.85083,0.85092,1.12,1.00
2016.12.08 17:31:25.932,0.85083,0.85093,1.00,1.31
2016.12.08 17:31:26.266,0.85082,0.8509,1.50,1.25
2016.12.08 17:31:26.774,0.85083,0.8509,1.00,1.25
2016.12.08 17:31:27.023,0.85082,0.85093,1.87,1.12
2016.12.08 17:31:28.259,0.85082,0.85091,1.12,1.00
2016.12.08 17:31:29.437,0.85082,0.85093,1.12,1.87
2016.12.08 17:31:35.126,0.85082,0.85092,1.12,1.00
2016.12.08 17:31:35.710,0.85081,0.85091,1.87,2.44
2016.12.08 17:31:36.267,0.85081,0.85091,1.00,2.44
2016.12.08 17:31:39.815,0.85085,0.85091,1.00,1.25
2016.12.08 17:31:39.868,0.85085,0.85093,1.00,1.87
2016.12.08 17:31:40.436,0.85081,0.85091,1.50,1.69
2016.12.08 17:31:40.987,0.8508,0.8509,1.50,1.25
2016.12.08 17:31:41.243,0.85078,0.85087,2.25,1.00
2016.12.08 17:31:41.294,0.85078,0.85087,1.87,1.00
2016.12.08 17:31:41.827,0.85079,0.85087,1.00,1.00
2016.12.08 17:31:42.753,0.8508,0.85089,1.00,1.00
2016.12.08 17:31:43.007,0.85081,0.85091,1.00,1.00
2016.12.08 17:31:43.784,0.85082,0.85091,1.00,1.00
2016.12.08 17:31:44.635,0.85081,0.85091,1.00,1.00
2016.12.08 17:31:44.737,0.8508,0.85088,1.00,1.00
2016.12.08 17:31:45.476,0.85079,0.85088,1.69,1.00
2016.12.08 17:31:45.966,0.85081,0.8509,1.12,1.50
2016.12.08 17:31:46.424,0.85081,0.85092,1.12,2.81
2016.12.08 17:31:47.509,0.85081,0.85091,1.12,1.00
2016.12.08 17:31:48.442,0.85081,0.85092,1.87,2.06
2016.12.08 17:31:49.221,0.85081,0.8509,1.12,1.00
2016.12.08 17:31:49.526,0.85079,0.85086,1.00,1.00
2016.12.08 17:31:50.043,0.85078,0.85086,1.87,1.00
2016.12.08 17:31:51.682,0.85078,0.85088,1.12,1.00
2016.12.08 17:31:52.657,0.85078,0.85086,1.12,1.00
2016.12.08 17:31:52.749,0.85075,0.85086,1.87,1.12
2016.12.08 17:31:53.690,0.85075,0.85084,1.00,1.00
2016.12.08 17:31:54.913,0.85076,0.85084,1.00,1.00
2016.12.08 17:31:54.964,0.85077,0.85087,1.00,1.37
2016.12.08 17:31:55.479,0.85078,0.85087,1.00,1.00
2016.12.08 17:31:56.317,0.85076,0.85084,2.25,1.69
2016.12.08 17:31:56.369,0.85074,0.85083,1.50,1.69
2016.12.08 17:31:56.919,0.85074,0.85083,1.00,1.69
2016.12.08 17:31:57.172,0.85076,0.85084,1.00,1.50
2016.12.08 17:31:57.375,0.85074,0.85084,2.44,1.50
2016.12.08 17:31:58.150,0.85075,0.85084,1.00,1.50
2016.12.08 17:32:03.725,0.85076,0.85084,1.00,1.50
2016.12.08 17:32:04.708,0.85075,0.85084,1.00,1.00
2016.12.08 17:32:05.056,0.85077,0.85085,1.00,1.25
2016.12.08 17:32:06.790,0.85077,0.85087,1.12,1.50
2016.12.08 17:32:07.428,0.85077,0.85088,1.50,1.87
2016.12.08 17:32:08.491,0.85079,0.85087,1.00,1.00
2016.12.08 17:32:08.795,0.8508,0.85091,1.12,3.56
2016.12.08 17:32:09.099,0.85079,0.85087,1.37,1.00
2016.12.08 17:32:09.149,0.85078,0.85087,1.00,1.00
2016.12.08 17:32:09.757,0.85079,0.85087,1.12,1.00
2016.12.08 17:32:10.291,0.85079,0.85088,1.87,1.69
2016.12.08 17:32:11.424,0.8508,0.85088,1.00,1.25
2016.12.08 17:32:11.526,0.85081,0.85092,1.00,3.37
2016.12.08 17:32:11.678,0.85082,0.85092,1.50,1.00
2016.12.08 17:32:11.939,0.85085,0.85093,1.00,1.69
2016.12.08 17:32:12.751,0.85086,0.85093,1.00,1.25
2016.12.08 17:32:12.802,0.85084,0.85093,1.00,1.25
2016.12.08 17:32:17.856,0.85085,0.85094,1.69,1.00
2016.12.08 17:32:17.957,0.85085,0.85096,2.44,1.12
2016.12.08 17:32:18.190,0.85088,0.85097,1.00,1.00
2016.12.08 17:32:18.872,0.85088,0.85099,1.87,1.50
2016.12.08 17:32:20.532,0.8509,0.851,1.00,1.50
2016.12.08 17:32:21.049,0.85091,0.851,1.00,1.00
2016.12.08 17:32:21.715,0.85091,0.85101,1.00,2.62
2016.12.08 17:32:24.247,0.85092,0.85101,1.00,2.62
2016.12.08 17:32:26.276,0.85092,0.851,1.00,1.00
2016.12.08 17:32:26.789,0.85092,0.85101,1.00,1.50
2016.12.08 17:32:27.997,0.85091,0.85101,1.00,1.00
2016.12.08 17:32:29.142,0.85097,0.85103,1.00,1.87
2016.12.08 17:32:29.193,0.85097,0.85106,1.00,3.37
2016.12.08 17:32:29.598,0.85095,0.85105,1.25,1.00
2016.12.08 17:32:30.106,0.85094,0.85105,1.00,3.56
2016.12.08 17:32:30.755,0.85094,0.85103,1.00,1.00
2016.12.08 17:32:31.270,0.85093,0.85103,1.50,1.00
2016.12.08 17:32:31.847,0.8509,0.85098,1.87,1.00
2016.12.08 17:32:31.949,0.85086,0.85095,1.37,1.00
2016.12.08 17:32:32.000,0.85084,0.85093,1.37,2.44
2016.12.08 17:32:32.051,0.85083,0.85093,2.06,1.00
2016.12.08 17:32:32.103,0.85087,0.85095,1.00,1.50
2016.12.08 17:32:32.205,0.85088,0.85098,1.25,1.87
2016.12.08 17:32:32.953,0.85088,0.85099,1.25,2.44
2016.12.08 17:32:35.106,0.85089,0.85099,1.00,1.00
2016.12.08 17:32:37.588,0.85088,0.85096,1.00,1.00
2016.12.08 17:32:37.689,0.85085,0.85096,1.87,1.37
2016.12.08 17:32:38.220,0.85084,0.85094,1.69,1.00
2016.12.08 17:32:38.746,0.85084,0.85095,1.69,1.87
2016.12.08 17:32:39.106,0.85084,0.85093,1.25,1.00
2016.12.08 17:32:39.732,0.85084,0.85092,1.25,1.12
2016.12.08 17:32:46.109,0.85081,0.8509,1.12,1.00
2016.12.08 17:32:47.299,0.85081,0.85091,1.12,1.50
2016.12.08 17:32:50.479,0.85081,0.85091,1.37,1.00
2016.12.08 17:32:52.231,0.85082,0.85092,1.37,2.44
2016.12.08 17:32:56.695,0.85084,0.85092,1.00,1.00
2016.12.08 17:32:56.796,0.85084,0.85095,1.37,1.87
2016.12.08 17:32:57.158,0.85086,0.85097,1.12,1.50
2016.12.08 17:32:58.637,0.85085,0.85094,1.87,1.00
2016.12.08 17:32:59.144,0.85086,0.85095,1.12,1.00
2016.12.08 17:32:59.482,0.85088,0.85096,1.00,1.50
2016.12.08 17:33:00.145,0.85086,0.85096,1.87,1.50
2016.12.08 17:33:00.247,0.85087,0.85098,1.00,2.81
2016.12.08 17:33:00.298,0.85086,0.85096,1.87,1.00
2016.12.08 17:33:02.126,0.85086,0.85097,1.12,1.50
2016.12.08 17:33:02.430,0.85089,0.85099,1.00,2.25
2016.12.08 17:33:03.293,0.8509,0.85099,1.00,1.50
2016.12.08 17:33:04.685,0.8509,0.851,1.50,1.87
2016.12.08 17:33:05.757,0.85091,0.85101,1.00,1.37
2016.12.08 17:33:08.403,0.85092,0.85102,1.00,2.06
2016.12.08 17:33:09.595,0.85094,0.85103,1.00,3.00
2016.12.08 17:33:09.798,0.85092,0.85101,1.00,2.06
2016.12.08 17:33:10.342,0.85093,0.85101,1.00,1.25
2016.12.08 17:33:13.234,0.85092,0.85101,1.00,1.25
2016.12.08 17:33:13.761,0.85093,0.85101,1.00,1.25
2016.12.08 17:33:13.813,0.85093,0.85104,2.06,2.44
2016.12.08 17:33:14.346,0.85094,0.85104,1.00,1.25
2016.12.08 17:33:19.965,0.85098,0.85104,1.00,1.00
2016.12.08 17:33:20.016,0.85098,0.85106,1.00,1.50
2016.12.08 17:33:20.522,0.85098,0.85107,1.12,1.00
2016.12.08 17:33:21.111,0.85099,0.85107,1.00,1.50
2016.12.08 17:33:21.989,0.85095,0.85105,1.87,1.00
2016.12.08 17:33:22.041,0.85095,0.85103,2.62,1.00
2016.12.08 17:33:22.142,0.85094,0.85103,1.87,1.50
2016.12.08 17:33:22.548,0.85094,0.85102,1.00,1.37
2016.12.08 17:33:25.951,0.85096,0.85104,1.25,1.50
2016.12.08 17:33:26.358,0.85096,0.85103,1.25,1.00
2016.12.08 17:33:27.054,0.85095,0.85102,1.25,1.50
2016.12.08 17:33:27.105,0.85092,0.85098,1.31,1.50
2016.12.08 17:33:27.297,0.85089,0.85098,1.25,1.00
2016.12.08 17:33:32.119,0.85091,0.85098,1.25,1.87
2016.12.08 17:33:32.314,0.85084,0.85093,1.00,1.87
2016.12.08 17:33:32.839,0.85083,0.85093,1.00,1.87
2016.12.08 17:33:33.344,0.85083,0.85092,1.00,1.00
2016.12.08 17:33:33.908,0.85084,0.85092,1.00,1.00
2016.12.08 17:33:34.654,0.85084,0.8509,1.00,1.00
2016.12.08 17:33:34.869,0.85082,0.8509,1.69,1.00
2016.12.08 17:33:35.380,0.85082,0.85091,1.69,1.00
2016.12.08 17:33:37.838,0.85082,0.85089,1.69,1.00
2016.12.08 17:33:38.854,0.85082,0.8509,1.69,1.00
2016.12.08 17:33:40.002,0.85083,0.8509,1.00,1.00
2016.12.08 17:33:40.539,0.85084,0.8509,1.00,1.00
2016.12.08 17:33:40.590,0.8508,0.85089,2.06,1.00
2016.12.08 17:33:40.793,0.85081,0.8509,1.50,1.50
2016.12.08 17:33:41.102,0.85084,0.8509,1.25,1.00
2016.12.08 17:33:41.402,0.85082,0.8509,1.25,1.00
2016.12.08 17:33:41.908,0.85083,0.85089,1.00,1.00
2016.12.08 17:33:42.777,0.85082,0.85089,1.25,1.00
2016.12.08 17:33:43.842,0.85079,0.85088,1.87,1.00
2016.12.08 17:33:43.944,0.85079,0.85086,1.00,1.37
2016.12.08 17:33:43.996,0.85076,0.85085,1.87,1.12
2016.12.08 17:33:44.097,0.85075,0.85085,1.00,1.12
2016.12.08 17:33:44.633,0.85074,0.85085,1.25,1.50
2016.12.08 17:33:46.198,0.85074,0.85083,1.69,1.00
2016.12.08 17:33:46.759,0.85075,0.85085,1.69,1.00
2016.12.08 17:33:47.264,0.85074,0.85085,1.00,1.50
2016.12.08 17:33:47.789,0.85075,0.85085,1.00,1.00
2016.12.08 17:33:48.332,0.85075,0.85086,1.00,2.44
2016.12.08 17:33:48.854,0.85074,0.85085,1.00,1.00
2016.12.08 17:33:49.013,0.8508,0.85086,1.00,1.00
2016.12.08 17:33:49.115,0.8508,0.85088,1.00,1.31
2016.12.08 17:33:49.217,0.85082,0.85092,1.00,2.25
2016.12.08 17:33:49.319,0.85082,0.85092,1.00,1.50
2016.12.08 17:33:50.236,0.85081,0.85092,1.00,1.50
2016.12.08 17:33:50.541,0.85079,0.85091,2.44,1.50
2016.12.08 17:33:50.665,0.8508,0.85089,1.00,1.00
2016.12.08 17:33:52.257,0.85081,0.85089,1.25,1.00
2016.12.08 17:33:52.308,0.85079,0.85089,1.50,1.00
2016.12.08 17:33:52.811,0.85078,0.85088,1.50,1.00
2016.12.08 17:33:53.523,0.85078,0.85086,1.00,1.00
2016.12.08 17:33:54.490,0.85078,0.85083,1.00,1.00
2016.12.08 17:33:54.541,0.85074,0.85084,1.12,1.00
2016.12.08 17:33:55.449,0.85075,0.85086,1.00,2.44
2016.12.08 17:33:55.500,0.85073,0.85083,2.06,1.00
2016.12.08 17:33:55.855,0.85073,0.85085,2.81,1.50
2016.12.08 17:33:56.568,0.85074,0.85085,1.00,1.00
2016.12.08 17:33:58.437,0.85075,0.85085,1.00,1.50
2016.12.08 17:33:58.947,0.85075,0.85084,1.00,1.00
2016.12.08 17:33:59.935,0.85074,0.85084,1.50,1.00
2016.12.08 17:34:00.642,0.85076,0.85086,1.00,1.31
2016.12.08 17:34:01.153,0.85075,0.85085,1.50,1.00
2016.12.08 17:34:01.457,0.85077,0.85087,1.12,3.19
2016.12.08 17:34:01.966,0.85076,0.85086,2.25,1.00
2016.12.08 17:34:02.647,0.85075,0.85084,1.00,1.00
2016.12.08 17:34:03.153,0.85074,0.85083,1.00,1.00
2016.12.08 17:34:03.749,0.85075,0.85083,1.00,1.00
2016.12.08 17:34:04.288,0.85074,0.85083,2.25,1.00
2016.12.08 17:34:04.808,0.85074,0.85085,2.25,1.87
2016.12.08 17:34:05.112,0.85076,0.85085,1.25,1.87
2016.12.08 17:34:05.643,0.85075,0.85085,2.44,1.37
2016.12.08 17:34:06.176,0.85076,0.85085,1.00,1.37
2016.12.08 17:34:06.684,0.85075,0.85084,1.25,1.12
2016.12.08 17:34:10.148,0.85078,0.85086,1.00,1.12
2016.12.08 17:34:10.249,0.85076,0.85085,1.69,1.00
2016.12.08 17:34:10.301,0.85076,0.85087,2.44,1.00
2016.12.08 17:34:10.352,0.85076,0.85088,3.56,2.62
2016.12.08 17:34:10.859,0.85078,0.85088,1.37,1.00
2016.12.08 17:34:11.340,0.85081,0.85089,1.00,1.50
2016.12.08 17:34:12.334,0.8508,0.8509,1.50,1.25
2016.12.08 17:34:12.684,0.85083,0.85094,1.00,2.44
2016.12.08 17:34:12.747,0.85082,0.85091,1.12,1.69
2016.12.08 17:34:13.299,0.85082,0.85093,1.50,3.94
2016.12.08 17:34:14.151,0.85082,0.85093,1.50,3.56
2016.12.08 17:34:14.680,0.85081,0.85091,1.00,1.50
2016.12.08 17:34:15.021,0.85082,0.8509,1.37,1.25
2016.12.08 17:34:15.581,0.85082,0.8509,1.50,1.25
2016.12.08 17:34:15.784,0.85082,0.85092,1.50,1.00
2016.12.08 17:34:16.324,0.85083,0.85092,1.00,1.00
2016.12.08 17:34:16.978,0.85082,0.85092,1.50,1.00
2016.12.08 17:34:18.021,0.85082,0.8509,1.00,1.00
2016.12.08 17:34:18.704,0.8508,0.85091,1.50,1.00
2016.12.08 17:34:18.755,0.85083,0.85092,1.00,1.69
2016.12.08 17:34:18.958,0.85085,0.85096,1.50,1.00
2016.12.08 17:34:19.160,0.85087,0.85096,1.00,1.00
2016.12.08 17:34:19.565,0.85085,0.85096,1.50,1.69
2016.12.08 17:34:20.138,0.85085,0.85095,1.00,1.00
2016.12.08 17:34:20.442,0.85084,0.85093,1.12,1.69
2016.12.08 17:34:20.949,0.85083,0.85093,1.00,1.69
2016.12.08 17:34:23.036,0.85086,0.85093,1.00,1.69
2016.12.08 17:34:23.139,0.85083,0.85091,1.00,1.25
2016.12.08 17:34:23.292,0.85083,0.85093,1.12,1.25
2016.12.08 17:34:23.495,0.85083,0.85091,1.12,1.25
2016.12.08 17:34:24.024,0.85082,0.85091,1.00,1.25
2016.12.08 17:34:25.569,0.85083,0.85091,1.00,1.69
2016.12.08 17:34:27.696,0.85082,0.85091,1.00,1.25
2016.12.08 17:34:28.212,0.85083,0.85091,1.00,1.25
2016.12.08 17:34:31.375,0.85082,0.85091,1.00,1.00
2016.12.08 17:34:31.680,0.85074,0.85084,1.12,1.62
2016.12.08 17:34:32.186,0.85074,0.85084,1.00,3.94
2016.12.08 17:34:32.717,0.85075,0.85084,1.00,1.37
2016.12.08 17:34:34.593,0.85075,0.85085,1.00,1.37
2016.12.08 17:34:35.153,0.85076,0.85085,1.00,1.37
2016.12.08 17:34:35.792,0.85076,0.85085,1.00,1.50
2016.12.08 17:34:36.900,0.85076,0.85085,1.00,1.12
2016.12.08 17:34:39.301,0.85076,0.85086,1.00,1.50
2016.12.08 17:34:39.352,0.85078,0.85086,1.00,1.50
2016.12.08 17:34:40.415,0.85077,0.85086,1.00,1.50
2016.12.08 17:34:41.593,0.85077,0.85086,1.00,1.75
2016.12.08 17:34:41.972,0.85079,0.85087,1.00,1.75
2016.12.08 17:34:42.124,0.85081,0.85088,1.00,1.12
2016.12.08 17:34:42.175,0.85078,0.85087,1.00,1.00
2016.12.08 17:34:42.278,0.85078,0.85087,1.00,1.75
2016.12.08 17:34:42.329,0.85077,0.85087,1.00,1.87
2016.12.08 17:34:43.119,0.85076,0.85087,2.44,2.25
2016.12.08 17:34:43.693,0.85077,0.85087,1.50,1.12
2016.12.08 17:34:45.375,0.85079,0.85087,1.00,1.31
2016.12.08 17:34:45.679,0.85084,0.8509,1.00,1.25
2016.12.08 17:34:45.730,0.85082,0.8509,1.00,1.25
2016.12.08 17:34:45.781,0.85082,0.85088,1.00,1.25
2016.12.08 17:34:45.883,0.8508,0.85088,1.50,1.25
2016.12.08 17:34:45.934,0.85082,0.85088,1.00,1.25
2016.12.08 17:34:46.249,0.85081,0.85091,1.12,1.00
2016.12.08 17:34:46.866,0.85081,0.85091,1.00,2.44
2016.12.08 17:34:46.917,0.85079,0.85089,1.87,1.62
2016.12.08 17:34:47.439,0.85078,0.85089,1.00,1.69
2016.12.08 17:34:49.161,0.85078,0.85088,1.50,1.12
2016.12.08 17:34:49.263,0.8508,0.85088,1.00,1.12
2016.12.08 17:34:50.231,0.8508,0.8509,1.00,1.50
2016.12.08 17:34:50.534,0.85082,0.85091,1.00,1.00
2016.12.08 17:34:51.006,0.8508,0.8509,1.00,1.00
2016.12.08 17:34:51.513,0.85079,0.85089,1.00,2.44
2016.12.08 17:34:52.016,0.85078,0.85089,1.50,2.44
2016.12.08 17:34:52.288,0.8508,0.8509,1.00,1.69
2016.12.08 17:34:54.876,0.8508,0.8509,1.00,2.06
2016.12.08 17:34:55.180,0.85083,0.85092,1.25,2.25
2016.12.08 17:34:55.740,0.85083,0.85091,1.25,1.37
2016.12.08 17:34:58.231,0.8508,0.85089,1.00,1.97
2016.12.08 17:34:58.456,0.85076,0.85084,1.00,1.00
2016.12.08 17:34:58.659,0.85074,0.8508,1.00,1.25
2016.12.08 17:34:58.711,0.85071,0.8508,1.50,1.25
2016.12.08 17:34:58.813,0.85073,0.85081,1.00,1.00
2016.12.08 17:34:59.118,0.85075,0.85081,1.00,1.00
2016.12.08 17:34:59.422,0.85074,0.85083,1.00,1.50
2016.12.08 17:35:00.250,0.85074,0.85083,1.00,1.37
2016.12.08 17:35:01.065,0.85074,0.85081,1.00,1.00
2016.12.08 17:35:02.059,0.85074,0.85082,1.00,1.12
2016.12.08 17:35:02.211,0.85074,0.85079,1.00,1.00
2016.12.08 17:35:02.263,0.85071,0.85079,1.00,1.00
2016.12.08 17:35:03.170,0.85071,0.8508,1.00,1.00
2016.12.08 17:35:03.691,0.85071,0.85079,1.00,1.25
2016.12.08 17:35:07.027,0.85071,0.85076,1.00,1.25
2016.12.08 17:35:07.078,0.85069,0.85079,1.50,2.06
2016.12.08 17:35:07.584,0.8507,0.85079,1.00,1.69
2016.12.08 17:35:08.157,0.85071,0.85079,1.00,1.25
2016.12.08 17:35:12.822,0.85072,0.8508,1.50,1.25
2016.12.08 17:35:13.329,0.85071,0.85081,1.50,1.25
2016.12.08 17:35:14.102,0.85071,0.85081,1.37,1.25
2016.12.08 17:35:14.612,0.85073,0.85081,1.00,1.25
2016.12.08 17:35:15.874,0.85074,0.85083,1.00,2.44
2016.12.08 17:35:15.976,0.85074,0.85081,1.00,1.00
2016.12.08 17:35:16.739,0.85074,0.85082,1.00,1.00
2016.12.08 17:35:17.389,0.85074,0.85083,1.37,2.44
2016.12.08 17:35:20.563,0.85075,0.85083,1.37,1.25
2016.12.08 17:35:21.806,0.85075,0.85082,1.37,1.25
2016.12.08 17:35:22.111,0.85075,0.85084,1.37,1.69
2016.12.08 17:35:24.396,0.85073,0.85082,1.75,1.25
2016.12.08 17:35:24.498,0.85071,0.8508,2.25,1.25
2016.12.08 17:35:25.994,0.85075,0.85084,1.00,1.87
2016.12.08 17:35:26.298,0.85075,0.85085,1.00,2.81
2016.12.08 17:35:26.810,0.85076,0.85085,1.00,2.06
2016.12.08 17:35:27.353,0.85077,0.85087,1.00,1.37
2016.12.08 17:35:28.470,0.85076,0.85084,1.12,1.00
2016.12.08 17:35:33.563,0.85077,0.85084,1.00,1.00
2016.12.08 17:35:34.037,0.85074,0.85083,1.50,1.69
2016.12.08 17:35:34.544,0.85073,0.85082,1.00,1.25
2016.12.08 17:35:35.094,0.85074,0.85082,1.00,1.25
2016.12.08 17:35:37.236,0.85072,0.85082,1.00,1.69
2016.12.08 17:35:43.449,0.85073,0.85082,1.00,1.69
2016.12.08 17:35:44.445,0.85072,0.85082,1.00,1.69
2016.12.08 17:35:48.043,0.85074,0.85084,1.12,1.37
2016.12.08 17:35:48.545,0.85074,0.85082,1.00,1.00
2016.12.08 17:35:49.976,0.85072,0.85082,1.50,1.00
2016.12.08 17:35:50.045,0.85074,0.85081,1.12,1.00
2016.12.08 17:35:50.594,0.85073,0.85082,1.00,2.44
2016.12.08 17:35:52.689,0.85072,0.85082,1.12,1.00
2016.12.08 17:35:53.200,0.85073,0.85082,1.00,1.00
2016.12.08 17:35:54.712,0.85071,0.85079,1.87,1.50
2016.12.08 17:35:55.167,0.85069,0.85079,1.00,2.81
2016.12.08 17:35:55.370,0.85072,0.85079,1.00,1.12
2016.12.08 17:35:55.876,0.85069,0.85078,1.37,1.00
2016.12.08 17:35:56.994,0.85072,0.85079,1.00,1.00
2016.12.08 17:35:57.045,0.85073,0.85081,1.00,1.00
2016.12.08 17:35:58.637,0.85072,0.8508,1.00,1.00
2016.12.08 17:35:59.143,0.85072,0.85079,1.00,1.00
2016.12.08 17:36:00.576,0.85072,0.8508,1.00,1.00
2016.12.08 17:36:00.627,0.85074,0.85081,1.00,1.00
2016.12.08 17:36:01.805,0.85072,0.85081,1.00,1.00
2016.12.08 17:36:03.062,0.85073,0.85081,1.00,1.00
2016.12.08 17:36:03.597,0.85073,0.85082,1.00,1.87
2016.12.08 17:36:04.103,0.85074,0.85083,1.00,1.87
2016.12.08 17:36:05.693,0.85074,0.85083,1.00,1.00
2016.12.08 17:36:07.599,0.85073,0.85082,1.00,2.44
2016.12.08 17:36:08.102,0.85071,0.85081,1.37,1.00
2016.12.08 17:36:10.160,0.85071,0.8508,1.37,1.00
2016.12.08 17:36:10.692,0.85071,0.85081,1.37,1.00
2016.12.08 17:36:11.046,0.85074,0.85082,1.00,1.50
2016.12.08 17:36:11.768,0.85073,0.85082,1.25,1.00
2016.12.08 17:36:13.277,0.85073,0.85083,2.06,1.00
2016.12.08 17:36:13.799,0.85074,0.85084,1.31,1.50
2016.12.08 17:36:15.842,0.85073,0.85084,1.50,1.50
2016.12.08 17:36:18.028,0.85072,0.85082,1.87,1.00
2016.12.08 17:36:18.379,0.8507,0.85079,1.00,1.00
2016.12.08 17:36:18.887,0.85069,0.85079,1.50,1.00
2016.12.08 17:36:19.501,0.85068,0.85079,2.06,1.50
2016.12.08 17:36:20.543,0.85068,0.85078,1.00,1.69
2016.12.08 17:36:20.847,0.85066,0.85075,1.12,1.00
2016.12.08 17:36:21.355,0.85065,0.85074,2.25,1.00
2016.12.08 17:36:24.494,0.85067,0.85076,1.00,1.00
2016.12.08 17:36:25.007,0.85068,0.85077,2.06,1.00
2016.12.08 17:36:25.763,0.8507,0.85077,1.00,1.00
2016.12.08 17:36:28.951,0.85068,0.85077,1.69,1.00
2016.12.08 17:36:29.511,0.85069,0.85077,1.00,1.00
2016.12.08 17:36:31.654,0.85069,0.85078,1.69,1.00
2016.12.08 17:36:31.755,0.85071,0.85079,1.12,1.00
2016.12.08 17:36:32.831,0.85069,0.85079,1.69,1.00
2016.12.08 17:36:32.933,0.85069,0.85078,1.69,1.50
2016.12.08 17:36:33.035,0.85067,0.85077,1.87,1.00
2016.12.08 17:36:33.086,0.85066,0.85075,1.50,1.00
2016.12.08 17:36:33.239,0.85065,0.85072,1.00,1.00
2016.12.08 17:36:33.593,0.85065,0.85074,1.37,1.00
2016.12.08 17:36:33.645,0.85065,0.85072,1.37,1.00
2016.12.08 17:36:34.160,0.85065,0.85071,1.37,1.00
2016.12.08 17:36:35.141,0.85065,0.85072,1.37,1.00
2016.12.08 17:36:37.837,0.85062,0.85071,1.12,1.50
2016.12.08 17:36:39.289,0.85064,0.85071,1.00,1.00
2016.12.08 17:36:39.796,0.85064,0.85072,1.12,1.00
2016.12.08 17:36:40.255,0.85061,0.8507,1.37,1.00
2016.12.08 17:36:40.762,0.85061,0.85069,1.12,1.00
2016.12.08 17:36:41.293,0.85061,0.85068,1.00,1.00
2016.12.08 17:36:41.758,0.85061,0.8507,1.00,1.00
2016.12.08 17:36:42.417,0.85058,0.85069,2.25,1.50
2016.12.08 17:36:42.519,0.85058,0.85066,1.00,1.00
2016.12.08 17:36:42.772,0.85056,0.85066,1.00,1.69
2016.12.08 17:36:43.007,0.85056,0.85063,1.00,1.00
2016.12.08 17:36:43.537,0.85055,0.85064,1.00,1.00
2016.12.08 17:36:45.491,0.85056,0.85064,1.00,1.00
2016.12.08 17:36:46.497,0.85055,0.85064,1.00,1.00
2016.12.08 17:36:47.202,0.85055,0.85063,1.00,1.00
2016.12.08 17:36:49.790,0.85055,0.85064,1.00,1.00
2016.12.08 17:36:55.548,0.85058,0.85066,1.00,1.37
2016.12.08 17:36:55.649,0.85058,0.85067,1.00,1.00
2016.12.08 17:36:55.700,0.8506,0.85069,1.00,1.50
2016.12.08 17:36:56.207,0.8506,0.8507,1.50,2.81
2016.12.08 17:37:01.368,0.85062,0.8507,1.00,1.31
2016.12.08 17:37:02.931,0.8506,0.85067,1.00,1.37
2016.12.08 17:37:02.982,0.85058,0.85067,1.50,1.37
2016.12.08 17:37:03.919,0.85059,0.85068,1.00,1.37
2016.12.08 17:37:04.939,0.85056,0.85066,1.00,2.44
2016.12.08 17:37:05.442,0.85055,0.85066,1.50,2.44
2016.12.08 17:37:05.993,0.85056,0.85066,1.00,2.44
2016.12.08 17:37:07.577,0.85055,0.85066,1.50,3.19
2016.12.08 17:37:07.679,0.85052,0.85063,1.87,1.87
2016.12.08 17:37:07.769,0.85054,0.85063,1.00,1.00
2016.12.08 17:37:08.276,0.85053,0.85062,1.69,1.50
2016.12.08 17:37:08.863,0.85053,0.85061,1.00,1.00
2016.12.08 17:37:11.360,0.85052,0.8506,1.00,1.00
2016.12.08 17:37:11.714,0.85052,0.85062,1.25,1.12
2016.12.08 17:37:11.968,0.85054,0.85063,1.00,1.50
2016.12.08 17:37:12.492,0.85052,0.85063,1.00,1.50
2016.12.08 17:37:12.544,0.85051,0.85059,1.87,1.00
2016.12.08 17:37:12.646,0.85049,0.85059,1.00,1.00
2016.12.08 17:37:13.153,0.85048,0.85059,1.50,1.87
2016.12.08 17:37:14.433,0.85049,0.85059,1.12,1.50
2016.12.08 17:37:17.987,0.8505,0.85059,1.00,1.00
2016.12.08 17:37:18.515,0.85049,0.85059,1.87,1.00
2016.12.08 17:37:18.947,0.85053,0.85062,1.00,1.00
2016.12.08 17:37:19.486,0.85054,0.85062,1.69,1.00
2016.12.08 17:37:19.791,0.85056,0.85064,1.69,1.50
2016.12.08 17:37:20.311,0.85055,0.85065,1.37,1.00
2016.12.08 17:37:21.345,0.85054,0.85065,1.87,1.50
2016.12.08 17:37:21.855,0.85057,0.85065,1.00,1.00
2016.12.08 17:37:22.173,0.85054,0.85063,1.37,1.00
2016.12.08 17:37:23.455,0.85055,0.85062,1.31,1.00
2016.12.08 17:37:25.417,0.85055,0.85064,1.69,1.12
2016.12.08 17:37:26.146,0.85055,0.85062,1.69,1.00
2016.12.08 17:37:26.349,0.85053,0.85061,1.00,1.00
2016.12.08 17:37:26.770,0.85051,0.85061,1.12,1.00
2016.12.08 17:37:27.143,0.85053,0.85061,1.25,1.00
2016.12.08 17:37:27.363,0.85051,0.85061,1.87,1.00
2016.12.08 17:37:27.869,0.85051,0.8506,1.12,1.00
2016.12.08 17:37:28.678,0.85051,0.85059,1.12,1.00
2016.12.08 17:37:30.233,0.85051,0.85058,1.12,1.00
2016.12.08 17:37:30.796,0.8505,0.85058,1.00,1.00
2016.12.08 17:37:33.284,0.8505,0.85059,1.00,1.00
2016.12.08 17:37:33.941,0.85052,0.85059,1.00,1.00
2016.12.08 17:37:34.462,0.85052,0.85058,1.00,1.00
2016.12.08 17:37:35.003,0.8505,0.85057,1.37,1.00
2016.12.08 17:37:36.263,0.85049,0.85058,1.37,1.00
2016.12.08 17:37:36.365,0.85049,0.85058,2.06,1.50
2016.12.08 17:37:38.888,0.85049,0.85057,2.06,1.00
2016.12.08 17:37:39.423,0.85049,0.85058,2.06,1.50
2016.12.08 17:37:40.271,0.85053,0.8506,1.00,1.00
2016.12.08 17:37:40.727,0.85055,0.85061,1.25,1.50
2016.12.08 17:37:40.998,0.85053,0.85061,1.69,1.00
2016.12.08 17:37:41.540,0.85053,0.85062,1.69,1.00
2016.12.08 17:37:45.723,0.8505,0.8506,2.44,1.00
2016.12.08 17:37:45.825,0.85049,0.85059,4.50,1.00
2016.12.08 17:37:45.877,0.85049,0.85059,1.12,1.50
2016.12.08 17:37:46.231,0.85048,0.85054,1.25,1.00
2016.12.08 17:37:49.128,0.85046,0.85054,1.25,1.00
2016.12.08 17:37:49.431,0.85047,0.85056,1.00,1.50
2016.12.08 17:37:49.533,0.85047,0.85056,1.37,1.00
2016.12.08 17:37:51.217,0.85047,0.85057,1.37,1.00
2016.12.08 17:37:51.622,0.85047,0.85055,1.37,1.00
2016.12.08 17:37:52.640,0.85046,0.85054,1.31,1.00
2016.12.08 17:37:52.793,0.85044,0.85053,1.00,1.00
2016.12.08 17:37:52.996,0.85042,0.85053,1.87,1.50
2016.12.08 17:37:53.333,0.85042,0.85053,1.50,1.50
2016.12.08 17:37:54.387,0.85043,0.85052,1.87,1.00
2016.12.08 17:37:56.864,0.85041,0.8505,1.87,1.00
2016.12.08 17:37:56.966,0.85041,0.8505,1.12,1.50
2016.12.08 17:37:57.017,0.85041,0.85048,1.12,1.00
2016.12.08 17:37:57.523,0.85041,0.85049,1.12,1.00
2016.12.08 17:37:59.285,0.85041,0.85051,1.12,1.00
2016.12.08 17:37:59.639,0.85041,0.85049,1.00,1.00
2016.12.08 17:37:59.842,0.85038,0.85048,1.00,1.50
2016.12.08 17:38:00.640,0.85039,0.85049,1.00,1.50
2016.12.08 17:38:01.670,0.8504,0.85049,1.00,1.50
2016.12.08 17:38:08.886,0.85038,0.85048,4.12,1.00
2016.12.08 17:38:09.435,0.85037,0.85047,3.00,1.50
2016.12.08 17:38:09.537,0.85037,0.85047,1.12,1.50
2016.12.08 17:38:10.090,0.85035,0.85046,4.50,1.50
2016.12.08 17:38:13.687,0.85036,0.85045,2.06,1.00
2016.12.08 17:38:14.191,0.85036,0.85045,1.00,1.50
2016.12.08 17:38:14.802,0.85034,0.85045,3.19,1.50
2016.12.08 17:38:16.452,0.85036,0.85045,1.00,1.50
2016.12.08 17:38:17.003,0.85035,0.85044,1.12,1.00
2016.12.08 17:38:20.711,0.85035,0.85045,1.12,1.50
2016.12.08 17:38:20.762,0.85037,0.85045,2.06,1.50
2016.12.08 17:38:24.447,0.85038,0.85047,1.00,1.37
2016.12.08 17:38:24.978,0.85038,0.85047,1.12,1.00
2016.12.08 17:38:25.282,0.85035,0.85043,1.12,1.50
2016.12.08 17:38:26.093,0.85034,0.85044,1.87,1.00
2016.12.08 17:38:26.593,0.85034,0.85042,1.37,1.50
2016.12.08 17:38:27.132,0.85034,0.85042,1.00,1.50
2016.12.08 17:38:27.647,0.85032,0.85042,1.37,1.00
2016.12.08 17:38:30.162,0.85032,0.85042,1.00,1.50
2016.12.08 17:38:30.466,0.85031,0.8504,1.00,1.50
2016.12.08 17:38:30.771,0.8503,0.85038,1.25,1.00
2016.12.08 17:38:31.236,0.8503,0.85036,1.25,1.50
2016.12.08 17:38:31.287,0.85028,0.85035,1.25,1.00
2016.12.08 17:38:34.239,0.8503,0.85035,1.25,1.00
2016.12.08 17:38:34.391,0.85032,0.85038,1.25,1.00
2016.12.08 17:38:34.941,0.85032,0.85039,1.25,1.00
2016.12.08 17:38:36.107,0.8503,0.85038,1.25,1.50
2016.12.08 17:38:36.239,0.85026,0.85037,2.81,1.50
2016.12.08 17:38:36.341,0.85025,0.85035,1.50,1.00
2016.12.08 17:38:36.645,0.85024,0.85033,2.06,1.00
2016.12.08 17:38:37.151,0.85024,0.85034,1.31,1.50
2016.12.08 17:38:37.977,0.85025,0.85033,1.00,1.00
2016.12.08 17:38:39.061,0.85026,0.85034,1.69,1.00
2016.12.08 17:38:39.610,0.85026,0.85036,1.69,1.87
2016.12.08 17:38:39.696,0.85029,0.85037,1.00,1.37
2016.12.08 17:38:39.747,0.85029,0.85038,1.00,1.00
2016.12.08 17:38:40.204,0.85032,0.85039,1.25,1.12
2016.12.08 17:38:40.255,0.85029,0.85039,1.69,1.12
2016.12.08 17:38:40.408,0.85029,0.85035,1.00,1.25
2016.12.08 17:38:40.509,0.85026,0.85036,3.19,1.00
2016.12.08 17:38:40.662,0.85026,0.85034,1.37,1.00
2016.12.08 17:38:41.013,0.85025,0.85036,2.81,1.50
2016.12.08 17:38:41.632,0.85026,0.85035,1.37,1.00
2016.12.08 17:38:42.139,0.85029,0.85037,1.25,1.00
2016.12.08 17:38:42.812,0.85027,0.85036,3.94,1.00
2016.12.08 17:38:43.116,0.85025,0.85034,1.87,1.50
2016.12.08 17:38:43.443,0.8503,0.85037,1.25,1.00
2016.12.08 17:38:43.544,0.8503,0.85039,1.69,1.50
2016.12.08 17:38:45.536,0.8503,0.85038,1.00,1.12
2016.12.08 17:38:45.587,0.85026,0.85037,6.19,1.00
2016.12.08 17:38:45.638,0.85026,0.85037,5.81,1.00
2016.12.08 17:38:46.232,0.85026,0.85035,2.44,1.00
2016.12.08 17:38:46.537,0.85029,0.85038,1.31,1.50
2016.12.08 17:38:47.045,0.85028,0.85038,1.69,1.50
2016.12.08 17:38:47.350,0.85025,0.85036,3.94,1.37
2016.12.08 17:38:47.988,0.85027,0.85036,1.00,1.37
2016.12.08 17:38:48.391,0.85025,0.85036,4.31,1.37
2016.12.08 17:38:48.999,0.85026,0.85035,1.69,1.12
2016.12.08 17:38:49.050,0.85026,0.85037,1.69,1.00
2016.12.08 17:38:49.554,0.85027,0.85037,1.00,1.00
2016.12.08 17:38:49.682,0.85029,0.85037,1.25,1.00
2016.12.08 17:38:50.016,0.85032,0.8504,1.00,1.00
2016.12.08 17:38:50.320,0.85034,0.85042,1.00,1.12
2016.12.08 17:38:50.849,0.85032,0.85041,2.25,1.00
2016.12.08 17:38:51.991,0.85032,0.8504,1.00,1.00
2016.12.08 17:38:52.530,0.85032,0.85041,1.00,1.00
2016.12.08 17:38:55.415,0.85032,0.85039,1.00,1.00
2016.12.08 17:38:55.494,0.8503,0.85039,1.00,1.00
2016.12.08 17:38:55.646,0.85032,0.85039,1.00,1.00
2016.12.08 17:38:56.231,0.85034,0.85041,1.00,1.00
2016.12.08 17:38:56.338,0.85034,0.85043,1.00,1.00
2016.12.08 17:38:57.291,0.85035,0.85043,1.00,1.00
2016.12.08 17:38:58.194,0.85034,0.85043,1.50,1.00
2016.12.08 17:39:00.017,0.85033,0.85043,1.50,1.50
2016.12.08 17:39:00.938,0.85034,0.85042,1.31,1.00
2016.12.08 17:39:01.040,0.85033,0.85042,2.25,1.00
2016.12.08 17:39:01.294,0.85034,0.85042,1.00,1.69
2016.12.08 17:39:01.850,0.85034,0.85042,1.37,1.69
2016.12.08 17:39:02.359,0.85034,0.85042,1.87,1.00
2016.12.08 17:39:03.950,0.85034,0.8504,1.00,1.00
2016.12.08 17:39:04.051,0.85032,0.8504,1.00,1.00
2016.12.08 17:39:04.555,0.85032,0.85041,1.50,1.00
2016.12.08 17:39:04.606,0.85035,0.85041,1.00,1.00
2016.12.08 17:39:04.800,0.85035,0.85044,1.87,1.00
2016.12.08 17:39:04.851,0.85038,0.85045,1.00,1.00
2016.12.08 17:39:04.902,0.85038,0.85047,1.00,1.00
2016.12.08 17:39:07.137,0.85038,0.85042,1.50,1.25
2016.12.08 17:39:07.189,0.85038,0.85045,1.50,1.00
2016.12.08 17:39:08.849,0.85039,0.85046,1.00,1.00
2016.12.08 17:39:09.356,0.85039,0.85047,1.00,1.00
2016.12.08 17:39:10.045,0.8504,0.85047,1.00,1.00
2016.12.08 17:39:10.671,0.85041,0.85047,1.00,1.00
2016.12.08 17:39:11.197,0.8504,0.85046,1.00,1.00
2016.12.08 17:39:12.038,0.85039,0.85046,1.00,1.00
2016.12.08 17:39:13.643,0.8504,0.85046,1.00,1.00
2016.12.08 17:39:15.239,0.85039,0.85046,1.00,1.00
2016.12.08 17:39:16.087,0.85038,0.85046,1.00,1.00
2016.12.08 17:39:16.239,0.85038,0.85044,1.50,1.00
2016.12.08 17:39:16.456,0.85038,0.85046,1.50,1.00
2016.12.08 17:39:16.968,0.85039,0.85046,1.00,1.00
2016.12.08 17:39:17.488,0.85039,0.85047,1.00,1.00
2016.12.08 17:39:17.539,0.85041,0.85047,1.00,1.00
2016.12.08 17:39:18.079,0.85041,0.85046,1.00,1.00
2016.12.08 17:39:18.233,0.85041,0.85048,1.50,1.00
2016.12.08 17:39:18.488,0.85042,0.8505,1.00,1.00
2016.12.08 17:39:18.992,0.85042,0.85049,1.00,1.00
2016.12.08 17:39:20.330,0.85043,0.85049,1.69,1.00
2016.12.08 17:39:20.485,0.85046,0.85052,1.25,1.00
2016.12.08 17:39:21.016,0.85045,0.85052,1.31,1.00
2016.12.08 17:39:21.555,0.85045,0.85053,1.25,1.50
2016.12.08 17:39:21.919,0.85045,0.85051,1.25,1.00
2016.12.08 17:39:22.476,0.85045,0.85053,1.25,1.50
2016.12.08 17:39:23.046,0.85045,0.85053,1.62,1.00
2016.12.08 17:39:23.566,0.85046,0.85053,2.81,1.00
2016.12.08 17:39:23.909,0.85046,0.85055,2.06,1.00
2016.12.08 17:39:24.213,0.8505,0.85056,1.00,1.00
2016.12.08 17:39:24.518,0.85051,0.85058,1.37,1.00
2016.12.08 17:39:25.077,0.85051,0.85056,1.00,1.00
2016.12.08 17:39:25.274,0.85046,0.85054,1.00,1.00
2016.12.08 17:39:26.085,0.85046,0.85053,1.00,1.00
2016.12.08 17:39:26.692,0.85046,0.85054,1.00,1.00
2016.12.08 17:39:26.998,0.85048,0.85054,1.25,1.00
2016.12.08 17:39:27.100,0.85046,0.85055,2.44,1.00
2016.12.08 17:39:27.253,0.85046,0.85053,1.00,1.00
2016.12.08 17:39:27.630,0.85049,0.85056,1.00,1.00
2016.12.08 17:39:27.933,0.85049,0.85054,1.00,1.00
2016.12.08 17:39:28.437,0.85049,0.85055,1.00,1.00
2016.12.08 17:39:28.844,0.85046,0.85055,1.37,1.00
2016.12.08 17:39:29.558,0.85047,0.85056,1.12,1.00
2016.12.08 17:39:30.094,0.85048,0.85056,1.00,1.00
2016.12.08 17:39:30.514,0.85051,0.85057,1.37,1.00
2016.12.08 17:39:30.565,0.85051,0.85059,1.37,1.00
2016.12.08 17:39:30.616,0.85051,0.85056,1.00,1.00
2016.12.08 17:39:30.718,0.8505,0.85058,1.37,1.00
2016.12.08 17:39:30.820,0.8505,0.85058,1.12,1.00
2016.12.08 17:39:30.871,0.8505,0.85056,1.12,1.50
2016.12.08 17:39:30.924,0.85047,0.85056,1.00,1.50
2016.12.08 17:39:31.432,0.8505,0.85055,1.25,1.00
2016.12.08 17:39:31.483,0.8505,0.85058,1.25,1.00
2016.12.08 17:39:31.996,0.85051,0.85059,1.00,1.00
2016.12.08 17:39:32.047,0.85051,0.85055,1.00,1.25
2016.12.08 17:39:32.099,0.8505,0.85056,1.12,1.00
2016.12.08 17:39:32.252,0.85049,0.85053,1.00,1.00
2016.12.08 17:39:32.303,0.85047,0.85053,1.00,1.00
2016.12.08 17:39:32.406,0.85045,0.85051,1.50,1.00
2016.12.08 17:39:32.751,0.85043,0.85049,2.06,1.00
2016.12.08 17:39:32.904,0.85043,0.85051,2.06,1.00
2016.12.08 17:39:33.456,0.85043,0.85051,2.06,1.00
2016.12.08 17:39:33.612,0.85045,0.85051,1.25,1.00
2016.12.08 17:39:34.229,0.85045,0.85052,1.25,1.00
2016.12.08 17:39:34.534,0.85046,0.85054,1.00,1.00
2016.12.08 17:39:34.687,0.85049,0.85055,1.25,1.50
2016.12.08 17:39:35.204,0.8505,0.85057,1.00,1.37
2016.12.08 17:39:35.741,0.8505,0.85057,1.00,1.00
2016.12.08 17:39:36.248,0.85049,0.85057,1.00,1.00
2016.12.08 17:39:36.798,0.85049,0.85058,1.00,1.00
2016.12.08 17:39:37.305,0.85049,0.85058,1.87,1.00
2016.12.08 17:39:38.247,0.85049,0.85056,1.87,1.00
2016.12.08 17:39:38.777,0.85049,0.85055,1.00,1.00
2016.12.08 17:39:39.345,0.85049,0.85054,1.00,1.00
2016.12.08 17:39:39.397,0.85046,0.85054,2.62,1.00
2016.12.08 17:39:39.752,0.85046,0.85055,1.37,1.50
2016.12.08 17:39:40.056,0.85046,0.85055,1.00,1.50
2016.12.08 17:39:40.107,0.85046,0.85053,1.00,1.00
2016.12.08 17:39:40.816,0.85046,0.85051,1.00,1.00
2016.12.08 17:39:41.019,0.85046,0.85053,1.00,1.00
2016.12.08 17:39:41.222,0.85046,0.85055,2.25,1.00
2016.12.08 17:39:41.723,0.85047,0.85056,1.50,1.00
2016.12.08 17:39:41.775,0.85049,0.85058,1.00,1.37
2016.12.08 17:39:41.928,0.85052,0.85061,1.00,1.00
2016.12.08 17:39:41.979,0.8505,0.85061,1.50,1.12
2016.12.08 17:39:42.285,0.85053,0.85062,1.00,1.50
2016.12.08 17:39:42.582,0.85054,0.85065,1.00,1.50
2016.12.08 17:39:42.684,0.85056,0.85066,1.00,1.50
2016.12.08 17:39:43.217,0.85055,0.85066,1.87,1.00
2016.12.08 17:39:43.738,0.85055,0.85065,1.50,1.00
2016.12.08 17:39:44.287,0.85055,0.85064,1.50,1.00
2016.12.08 17:39:44.389,0.85053,0.85064,1.50,1.00
2016.12.08 17:39:44.541,0.85053,0.85061,1.50,1.00
2016.12.08 17:39:45.048,0.85052,0.85061,1.00,2.62
2016.12.08 17:39:45.614,0.85052,0.85062,1.00,1.00
2016.12.08 17:39:45.918,0.85051,0.85059,1.00,1.69
2016.12.08 17:39:46.122,0.85049,0.85058,1.00,1.12
2016.12.08 17:39:46.173,0.85049,0.85056,1.00,1.00
2016.12.08 17:39:46.224,0.85047,0.85056,1.50,1.00
2016.12.08 17:39:46.275,0.85045,0.85055,1.50,1.00
2016.12.08 17:39:46.794,0.85044,0.85055,1.50,1.50
2016.12.08 17:39:46.997,0.85046,0.85055,1.00,1.50
2016.12.08 17:39:47.099,0.85046,0.85057,1.00,2.62
2016.12.08 17:39:47.628,0.85046,0.85056,1.00,1.00
2016.12.08 17:39:47.901,0.85046,0.85054,1.00,1.25
2016.12.08 17:39:48.408,0.85045,0.85052,1.50,1.25
2016.12.08 17:39:48.814,0.85046,0.85054,1.00,1.12
2016.12.08 17:39:49.425,0.85045,0.85055,1.50,1.37
2016.12.08 17:39:49.958,0.85045,0.85055,1.50,1.00
2016.12.08 17:39:50.493,0.85045,0.85054,1.50,1.00
2016.12.08 17:39:50.696,0.85047,0.85054,1.00,1.25
2016.12.08 17:39:50.951,0.85046,0.85056,1.50,1.69
2016.12.08 17:39:51.433,0.85049,0.85058,1.00,1.87
2016.12.08 17:39:51.586,0.85046,0.85056,1.50,1.12
2016.12.08 17:39:51.688,0.85046,0.85054,1.00,1.00
2016.12.08 17:39:51.739,0.85044,0.85054,1.00,1.50
2016.12.08 17:39:52.248,0.85044,0.85053,1.00,1.00
2016.12.08 17:39:53.142,0.85044,0.85054,1.00,1.50
2016.12.08 17:39:54.148,0.85044,0.85053,1.00,1.00
2016.12.08 17:39:54.787,0.85043,0.85053,1.00,1.00
2016.12.08 17:39:55.813,0.85043,0.85054,1.50,2.44
2016.12.08 17:39:56.117,0.85045,0.85054,1.00,1.69
2016.12.08 17:39:56.523,0.85047,0.85054,1.00,1.25
2016.12.08 17:39:56.637,0.85048,0.85056,1.00,1.00
2016.12.08 17:39:56.689,0.85049,0.85053,1.00,1.25
2016.12.08 17:39:56.740,0.8505,0.85058,1.00,1.37
2016.12.08 17:39:56.791,0.8505,0.85059,1.00,1.00
2016.12.08 17:39:57.095,0.85053,0.85061,1.00,3.00
2016.12.08 17:39:57.350,0.85052,0.85061,1.00,2.62
2016.12.08 17:39:57.898,0.85051,0.85061,1.00,1.87
2016.12.08 17:39:58.721,0.85051,0.85058,1.00,1.00
2016.12.08 17:40:00.004,0.85049,0.85058,1.00,1.00
2016.12.08 17:40:00.615,0.85047,0.85058,2.25,1.50
2016.12.08 17:40:00.666,0.85047,0.85056,1.00,1.12
2016.12.08 17:40:01.071,0.85045,0.85056,1.50,1.37
2016.12.08 17:40:01.631,0.85044,0.85055,1.50,2.06
2016.12.08 17:40:01.683,0.85044,0.85053,1.50,1.25
2016.12.08 17:40:02.038,0.85046,0.85052,1.00,1.00
2016.12.08 17:40:02.140,0.85044,0.85052,1.00,1.00
2016.12.08 17:40:02.665,0.85045,0.85053,1.00,1.12
2016.12.08 17:40:03.329,0.85042,0.85053,1.50,2.06
2016.12.08 17:40:03.532,0.85041,0.85051,1.00,1.00
2016.12.08 17:40:04.027,0.85043,0.85052,1.00,1.00
2016.12.08 17:40:05.186,0.85042,0.85051,1.00,1.00
2016.12.08 17:40:05.941,0.85041,0.8505,2.44,1.00
2016.12.08 17:40:06.248,0.85046,0.85051,1.00,1.12
2016.12.08 17:40:06.552,0.85043,0.85052,2.44,1.37
2016.12.08 17:40:07.599,0.85042,0.85051,1.00,1.12
2016.12.08 17:40:08.108,0.85042,0.85052,1.25,1.12
2016.12.08 17:40:09.637,0.85043,0.85052,1.00,1.87
2016.12.08 17:40:10.151,0.8504,0.85051,3.56,1.00
2016.12.08 17:40:10.304,0.85042,0.85053,1.00,1.37
2016.12.08 17:40:10.834,0.85041,0.85051,1.25,1.00
2016.12.08 17:40:11.575,0.85041,0.85049,1.25,1.00
2016.12.08 17:40:11.677,0.85038,0.85049,1.37,1.69
2016.12.08 17:40:12.191,0.8504,0.85049,1.00,1.25
2016.12.08 17:40:13.273,0.85039,0.85049,1.00,1.31
2016.12.08 17:40:14.975,0.85036,0.85047,1.87,1.87
2016.12.08 17:40:16.989,0.85036,0.85045,1.00,2.81
2016.12.08 17:40:17.345,0.85038,0.85047,1.25,4.87
2016.12.08 17:40:17.497,0.85038,0.85047,2.81,1.00
2016.12.08 17:40:17.552,0.85042,0.85049,1.00,2.25
2016.12.08 17:40:17.603,0.8504,0.85049,1.00,1.87
2016.12.08 17:40:17.702,0.8504,0.85049,1.00,1.87
2016.12.08 17:40:17.753,0.85038,0.85049,1.69,3.37
2016.12.08 17:40:18.022,0.85036,0.85045,2.06,1.00
2016.12.08 17:40:18.176,0.85037,0.85048,1.69,3.37
2016.12.08 17:40:18.227,0.85039,0.85048,1.00,1.87
2016.12.08 17:40:18.747,0.85039,0.8505,1.00,4.69
2016.12.08 17:40:19.996,0.85038,0.85049,1.69,1.87
2016.12.08 17:40:21.308,0.85038,0.85047,2.44,1.00
2016.12.08 17:40:21.410,0.8504,0.85051,1.00,3.37
2016.12.08 17:40:21.917,0.85041,0.8505,1.00,1.00
2016.12.08 17:40:22.171,0.85043,0.85051,1.00,1.00
2016.12.08 17:40:22.332,0.85044,0.85053,1.00,1.50
2016.12.08 17:40:22.383,0.85042,0.85053,1.69,1.12
2016.12.08 17:40:23.020,0.85042,0.85052,1.69,1.00
2016.12.08 17:40:23.725,0.85043,0.85052,1.00,1.50
2016.12.08 17:40:24.239,0.85043,0.85051,1.00,1.00
2016.12.08 17:40:24.772,0.85043,0.85053,1.00,1.12
2016.12.08 17:40:24.824,0.85045,0.85053,1.00,1.00
2016.12.08 17:40:25.797,0.85043,0.85054,1.50,3.56
2016.12.08 17:40:26.317,0.85044,0.85054,1.12,1.25
2016.12.08 17:40:28.364,0.85044,0.85053,1.12,1.00
2016.12.08 17:40:28.889,0.85045,0.85054,1.00,1.69
2016.12.08 17:40:29.197,0.85047,0.85056,1.00,2.85
2016.12.08 17:40:29.400,0.85044,0.85053,1.00,1.12
2016.12.08 17:40:31.449,0.85045,0.85054,1.50,1.37
2016.12.08 17:40:31.501,0.85046,0.85056,1.50,1.31
2016.12.08 17:40:31.602,0.8505,0.85056,1.00,1.25
2016.12.08 17:40:31.704,0.85051,0.85058,1.00,1.25
2016.12.08 17:40:32.228,0.8505,0.85058,1.00,1.25
2016.12.08 17:40:33.436,0.85048,0.85056,1.12,1.00
2016.12.08 17:40:33.707,0.85046,0.85056,1.69,1.00
2016.12.08 17:40:34.214,0.85047,0.85056,1.00,1.00
2016.12.08 17:40:35.392,0.85047,0.85057,1.00,1.00
2016.12.08 17:40:35.444,0.85048,0.85059,1.50,3.94
2016.12.08 17:40:35.496,0.8505,0.85059,1.00,1.00
2016.12.08 17:40:36.053,0.85049,0.85059,1.00,1.87
2016.12.08 17:40:36.577,0.8505,0.85057,1.00,1.00
2016.12.08 17:40:36.967,0.85048,0.85057,1.00,1.31
2016.12.08 17:40:37.375,0.8505,0.85059,1.00,3.94
2016.12.08 17:40:37.427,0.8505,0.85059,1.00,3.94
2016.12.08 17:40:37.529,0.85048,0.85057,1.00,1.25
2016.12.08 17:40:38.041,0.85047,0.85057,1.50,2.06
2016.12.08 17:40:38.588,0.85048,0.85057,1.00,1.87
2016.12.08 17:40:39.509,0.85046,0.85057,1.00,1.37
2016.12.08 17:40:40.144,0.85048,0.85057,1.00,1.87
2016.12.08 17:40:40.468,0.85048,0.85058,1.25,1.12
2016.12.08 17:40:41.341,0.85047,0.85056,1.00,1.00
2016.12.08 17:40:41.848,0.85048,0.85057,1.00,1.37
2016.12.08 17:40:42.050,0.85046,0.85057,1.50,1.87
2016.12.08 17:40:42.102,0.85048,0.85057,1.00,2.62
2016.12.08 17:40:42.457,0.85047,0.85059,1.00,4.12
2016.12.08 17:40:42.508,0.85047,0.85058,1.00,1.37
2016.12.08 17:40:45.105,0.85045,0.85055,1.00,1.00
2016.12.08 17:40:45.156,0.85047,0.85057,1.37,1.50
2016.12.08 17:40:45.463,0.85046,0.85054,1.00,1.12
2016.12.08 17:40:46.291,0.85044,0.85051,1.00,1.00
2016.12.08 17:40:46.342,0.85044,0.85053,1.00,1.50
2016.12.08 17:40:46.494,0.85046,0.85054,1.00,2.06
2016.12.08 17:40:46.850,0.85046,0.85056,1.00,1.12
2016.12.08 17:40:48.069,0.85045,0.85054,1.00,1.00
2016.12.08 17:40:48.528,0.85045,0.85056,2.06,1.00
2016.12.08 17:40:48.681,0.85048,0.85057,1.00,1.50
2016.12.08 17:40:49.189,0.85047,0.85057,1.69,1.00
2016.12.08 17:40:51.190,0.85046,0.85057,1.00,2.25
2016.12.08 17:40:51.567,0.8505,0.85057,1.00,1.00
2016.12.08 17:40:51.618,0.85046,0.85056,1.37,1.00
2016.12.08 17:40:51.872,0.85045,0.85056,1.00,2.25
2016.12.08 17:40:51.923,0.85046,0.85056,1.37,2.25
2016.12.08 17:40:52.075,0.8505,0.8506,1.00,2.47
2016.12.08 17:40:52.177,0.85052,0.85061,1.00,1.87
2016.12.08 17:40:52.380,0.85049,0.8506,1.00,4.31
2016.12.08 17:40:52.900,0.8505,0.8506,1.00,2.06
2016.12.08 17:40:53.463,0.85051,0.8506,1.00,1.25
2016.12.08 17:40:55.215,0.8505,0.85059,1.00,1.00
2016.12.08 17:40:55.373,0.85047,0.85056,1.00,1.37
2016.12.08 17:40:55.475,0.85045,0.85055,1.00,1.12
2016.12.08 17:40:58.143,0.85045,0.85056,1.00,2.62
2016.12.08 17:40:58.672,0.85046,0.85056,1.00,2.62
2016.12.08 17:41:01.371,0.85046,0.85055,1.00,1.37
2016.12.08 17:41:01.473,0.85046,0.85055,1.00,1.12
2016.12.08 17:41:04.058,0.85046,0.85053,1.00,1.00
2016.12.08 17:41:04.415,0.85044,0.85054,1.00,2.25
2016.12.08 17:41:04.466,0.85044,0.85054,1.00,3.75
2016.12.08 17:41:04.973,0.85043,0.85054,1.00,3.00
2016.12.08 17:41:05.642,0.85045,0.85053,1.12,1.00
2016.12.08 17:41:05.693,0.85045,0.85055,1.12,1.87
2016.12.08 17:41:05.947,0.85047,0.85056,1.00,1.69
2016.12.08 17:41:06.302,0.85049,0.85056,1.00,1.25
2016.12.08 17:41:06.809,0.85048,0.85055,1.00,1.25
2016.12.08 17:41:09.124,0.85047,0.85056,1.00,1.25
2016.12.08 17:41:09.452,0.85051,0.8506,1.00,2.06
2016.12.08 17:41:09.554,0.85051,0.8506,1.00,1.25
2016.12.08 17:41:10.490,0.85051,0.85062,1.00,1.00
2016.12.08 17:41:10.541,0.85053,0.85061,1.00,1.00
2016.12.08 17:41:11.087,0.85053,0.8506,1.00,1.00
2016.12.08 17:41:11.341,0.85047,0.85055,1.50,1.25
2016.12.08 17:41:11.886,0.85046,0.85055,1.00,1.25
2016.12.08 17:41:12.395,0.85047,0.85055,1.00,1.69
2016.12.08 17:41:13.292,0.85046,0.85055,1.00,1.69
2016.12.08 17:41:13.558,0.85048,0.85057,1.12,1.69
2016.12.08 17:41:13.892,0.8505,0.85057,1.00,1.25
2016.12.08 17:41:14.762,0.85049,0.85057,1.00,1.00
2016.12.08 17:41:15.290,0.8505,0.85057,1.00,1.00
2016.12.08 17:41:15.796,0.8505,0.85058,1.00,1.00
2016.12.08 17:41:16.102,0.85048,0.85056,1.00,1.00
2016.12.08 17:41:16.638,0.85047,0.85056,1.12,1.00
2016.12.08 17:41:17.264,0.85046,0.85056,2.44,1.00
2016.12.08 17:41:17.515,0.85049,0.85059,1.37,1.12
2016.12.08 17:41:18.391,0.85052,0.85062,1.00,1.31
2016.12.08 17:41:18.930,0.85053,0.85062,1.00,1.69
2016.12.08 17:41:19.899,0.85055,0.85062,1.00,1.69
2016.12.08 17:41:20.406,0.85054,0.85063,1.00,1.00
2016.12.08 17:41:20.912,0.85053,0.85062,1.69,1.00
2016.12.08 17:41:21.215,0.85055,0.85062,1.00,1.00
2016.12.08 17:41:22.046,0.85054,0.85062,1.00,1.00
2016.12.08 17:41:22.561,0.85055,0.85062,1.00,1.00
2016.12.08 17:41:23.099,0.85054,0.85062,1.00,1.00
2016.12.08 17:41:23.459,0.85056,0.85062,1.00,1.00
2016.12.08 17:41:24.024,0.85056,0.85063,1.00,1.00
2016.12.08 17:41:29.822,0.85056,0.85065,1.00,1.87
2016.12.08 17:41:30.274,0.85056,0.85062,1.00,1.00
2016.12.08 17:41:34.268,0.85055,0.85063,1.00,1.00
2016.12.08 17:41:34.788,0.85055,0.85064,1.50,1.00
2016.12.08 17:41:35.440,0.85056,0.85064,1.00,1.00
2016.12.08 17:41:36.050,0.85055,0.85064,1.00,1.00
2016.12.08 17:41:36.570,0.85054,0.85064,2.06,1.00
2016.12.08 17:41:37.147,0.85054,0.85063,2.06,1.00
2016.12.08 17:41:37.803,0.85055,0.85063,1.00,1.00
2016.12.08 17:41:38.530,0.85057,0.85065,1.00,1.12
2016.12.08 17:41:38.683,0.85058,0.85068,1.12,1.12
2016.12.08 17:41:38.735,0.8506,0.85069,1.00,2.25
2016.12.08 17:41:39.244,0.8506,0.85069,1.00,1.12
2016.12.08 17:41:39.782,0.85061,0.85069,1.00,1.00
2016.12.08 17:41:39.985,0.85058,0.85067,1.00,1.69
2016.12.08 17:41:40.492,0.85059,0.85067,1.00,1.69
2016.12.08 17:41:40.594,0.85057,0.85067,1.00,2.06
2016.12.08 17:41:40.890,0.85057,0.85065,1.00,1.00
2016.12.08 17:41:41.195,0.85059,0.85066,1.00,1.00
2016.12.08 17:41:45.018,0.85056,0.85064,1.00,1.00
2016.12.08 17:41:45.271,0.85057,0.85066,1.00,1.00
2016.12.08 17:41:47.502,0.85058,0.85066,1.00,1.69
2016.12.08 17:41:49.289,0.85059,0.85066,1.00,1.25
2016.12.08 17:41:49.795,0.85058,0.85066,1.00,1.25
2016.12.08 17:41:50.586,0.85058,0.85067,1.50,1.00
2016.12.08 17:41:51.108,0.85057,0.85067,1.00,1.87
2016.12.08 17:41:51.828,0.85057,0.85066,1.00,1.00
2016.12.08 17:41:52.657,0.85056,0.85066,1.00,1.00
2016.12.08 17:41:55.512,0.85056,0.85065,1.00,1.00
2016.12.08 17:41:56.930,0.85056,0.85064,1.00,1.00
2016.12.08 17:41:58.628,0.85057,0.85065,1.00,1.00
2016.12.08 17:41:59.634,0.85057,0.85066,1.00,1.00
2016.12.08 17:42:00.349,0.85053,0.85059,1.00,1.00
2016.12.08 17:42:00.451,0.85051,0.85059,1.69,1.00
2016.12.08 17:42:01.075,0.85051,0.85058,1.69,1.00
2016.12.08 17:42:01.777,0.8505,0.85058,1.50,1.00
2016.12.08 17:42:02.283,0.8505,0.85059,1.50,1.00
2016.12.08 17:42:03.213,0.85051,0.8506,1.00,1.00
2016.12.08 17:42:03.416,0.85053,0.85061,1.00,1.62
2016.12.08 17:42:03.467,0.85051,0.85061,1.50,1.62
2016.12.08 17:42:03.518,0.85051,0.85061,1.50,1.69
2016.12.08 17:42:03.569,0.85053,0.85061,1.00,1.69
2016.12.08 17:42:04.087,0.85053,0.85062,1.00,1.69
2016.12.08 17:42:04.392,0.85051,0.8506,1.00,1.00
2016.12.08 17:42:04.696,0.85052,0.85058,1.00,1.00
2016.12.08 17:42:04.798,0.8505,0.85058,1.00,1.00
2016.12.08 17:42:06.112,0.8505,0.85056,1.00,1.00
2016.12.08 17:42:09.807,0.8505,0.85058,1.00,1.00
2016.12.08 17:42:09.909,0.85051,0.8506,1.00,1.12
2016.12.08 17:42:11.308,0.85049,0.85058,1.00,1.00
2016.12.08 17:42:11.924,0.85049,0.8506,1.50,2.44
2016.12.08 17:42:12.076,0.85051,0.8506,1.00,2.44
2016.12.08 17:42:12.583,0.85048,0.85058,1.50,1.00
2016.12.08 17:42:12.685,0.85048,0.85056,1.00,1.00
2016.12.08 17:42:12.876,0.85046,0.85056,1.00,1.00
2016.12.08 17:42:14.869,0.85047,0.85056,1.00,1.00
2016.12.08 17:42:15.386,0.85048,0.85056,1.00,1.00
2016.12.08 17:42:16.014,0.85047,0.85056,1.00,1.00
2016.12.08 17:42:19.392,0.85048,0.85056,1.00,1.00
2016.12.08 17:42:20.050,0.85048,0.85057,1.50,1.50
2016.12.08 17:42:20.101,0.85046,0.85057,1.50,1.00
2016.12.08 17:42:20.354,0.85048,0.85057,1.50,1.25
2016.12.08 17:42:20.677,0.85048,0.85055,1.00,1.25
2016.12.08 17:42:21.185,0.85047,0.85056,1.50,1.00
2016.12.08 17:42:21.699,0.85047,0.85057,1.50,2.06
2016.12.08 17:42:24.458,0.85048,0.85057,1.00,2.06
2016.12.08 17:42:25.086,0.85049,0.85057,1.50,2.06
2016.12.08 17:42:25.634,0.85049,0.85056,1.12,1.00
2016.12.08 17:42:25.938,0.85049,0.85058,1.12,1.25
2016.12.08 17:42:26.040,0.85048,0.85055,1.00,1.25
2016.12.08 17:42:26.578,0.85047,0.85054,1.00,1.25
2016.12.08 17:42:26.781,0.85047,0.85056,1.00,1.25
2016.12.08 17:42:27.300,0.85047,0.85055,1.00,1.00
2016.12.08 17:42:28.206,0.85047,0.85056,1.00,1.69
2016.12.08 17:42:30.436,0.85047,0.85054,1.00,1.25
2016.12.08 17:42:30.790,0.85045,0.85053,1.50,1.25
2016.12.08 17:42:31.399,0.85045,0.85054,1.50,1.25
2016.12.08 17:42:31.938,0.85046,0.85056,1.00,1.69
2016.12.08 17:42:32.041,0.85047,0.85056,1.37,1.25
2016.12.08 17:42:32.345,0.8505,0.85057,1.00,1.25
2016.12.08 17:42:33.830,0.85051,0.8506,1.00,1.69
2016.12.08 17:42:34.340,0.85052,0.85061,1.00,1.69
2016.12.08 17:42:35.559,0.85053,0.85061,1.00,1.69
2016.12.08 17:42:38.093,0.85053,0.85062,1.00,1.25
2016.12.08 17:42:40.085,0.85053,0.85064,1.50,1.87
2016.12.08 17:42:40.389,0.85055,0.85065,1.50,1.12
2016.12.08 17:42:40.693,0.85055,0.85063,1.00,1.00
2016.12.08 17:42:42.527,0.85056,0.85065,1.00,1.00
2016.12.08 17:42:42.736,0.85055,0.85063,1.00,1.12
2016.12.08 17:42:42.837,0.85056,0.85065,1.00,1.87
2016.12.08 17:42:42.990,0.85058,0.85066,1.00,1.37
2016.12.08 17:42:43.525,0.85059,0.85068,1.00,1.75
2016.12.08 17:42:44.540,0.85059,0.85068,1.00,1.87
2016.12.08 17:42:44.945,0.85061,0.85069,1.00,1.00
2016.12.08 17:42:45.620,0.8506,0.85069,1.00,1.00
2016.12.08 17:42:46.127,0.8506,0.8507,1.00,1.12
2016.12.08 17:42:46.840,0.8506,0.8507,1.00,1.37
2016.12.08 17:42:47.348,0.8506,0.85069,1.00,1.37
2016.12.08 17:42:50.234,0.85059,0.85069,1.00,1.37
2016.12.08 17:42:51.898,0.85063,0.85071,1.00,1.75
2016.12.08 17:42:52.400,0.85062,0.85071,1.00,1.37
2016.12.08 17:42:52.920,0.85063,0.85072,1.00,2.25
2016.12.08 17:42:53.440,0.85062,0.85071,1.00,1.37
2016.12.08 17:42:57.201,0.85064,0.85071,1.00,1.37
2016.12.08 17:43:00.982,0.85063,0.85071,1.00,1.37
2016.12.08 17:43:11.459,0.85062,0.85069,1.00,1.12
2016.12.08 17:43:12.830,0.85063,0.8507,1.00,1.37
2016.12.08 17:43:17.719,0.85062,0.85069,1.00,1.30
2016.12.08 17:43:17.781,0.8506,0.85069,1.00,1.30
2016.12.08 17:43:17.884,0.85058,0.85067,1.00,1.00
2016.12.08 17:43:18.391,0.8506,0.85067,1.00,1.00
2016.12.08 17:43:18.897,0.8506,0.85068,1.00,1.00
2016.12.08 17:43:19.001,0.85057,0.85067,1.69,1.00
2016.12.08 17:43:19.965,0.85058,0.85067,1.00,1.00
2016.12.08 17:43:20.494,0.85057,0.85064,1.69,1.00
2016.12.08 17:43:21.007,0.85056,0.85064,1.00,1.00
2016.12.08 17:43:22.256,0.85059,0.85068,1.00,3.75
2016.12.08 17:43:22.550,0.85062,0.85071,1.50,1.12
2016.12.08 17:43:22.601,0.85065,0.85074,1.00,1.12
2016.12.08 17:43:23.146,0.85064,0.85074,1.50,1.00
2016.12.08 17:43:23.463,0.85064,0.85072,1.50,1.00
2016.12.08 17:43:23.904,0.85062,0.85071,1.00,1.00
2016.12.08 17:43:24.087,0.8506,0.85068,1.00,1.00
2016.12.08 17:43:24.396,0.85059,0.85066,1.12,1.00
2016.12.08 17:43:24.936,0.8506,0.85066,1.00,1.00
2016.12.08 17:43:25.239,0.8506,0.85068,1.00,1.00
2016.12.08 17:43:32.368,0.85059,0.85068,1.12,1.00
2016.12.08 17:43:32.876,0.85058,0.85068,1.00,2.81
2016.12.08 17:43:33.436,0.85058,0.85066,1.00,1.00
2016.12.08 17:43:36.687,0.85057,0.85066,1.50,1.00
2016.12.08 17:43:37.528,0.85056,0.85066,1.00,1.00
2016.12.08 17:43:41.252,0.85056,0.85065,1.00,1.00
2016.12.08 17:43:45.379,0.85058,0.85067,1.00,1.12
2016.12.08 17:43:55.021,0.8506,0.85069,1.00,1.87
2016.12.08 17:43:55.123,0.85061,0.8507,1.00,1.00
2016.12.08 17:43:56.243,0.85061,0.85071,1.00,2.47
2016.12.08 17:43:59.017,0.85057,0.85067,1.12,1.00
2016.12.08 17:43:59.321,0.85056,0.85065,1.00,1.12
2016.12.08 17:43:59.868,0.85055,0.85065,1.00,2.44
2016.12.08 17:44:00.394,0.85055,0.85065,1.00,2.81
2016.12.08 17:44:00.943,0.85055,0.85065,1.00,2.44
2016.12.08 17:44:01.489,0.85055,0.85065,1.00,2.06
2016.12.08 17:44:02.018,0.85055,0.85063,1.00,1.00
2016.12.08 17:44:02.222,0.85054,0.85065,1.00,2.06
2016.12.08 17:44:02.324,0.85054,0.85063,1.00,1.25
2016.12.08 17:44:03.499,0.85053,0.85061,1.00,1.00
2016.12.08 17:44:04.266,0.85052,0.85058,1.00,1.00
2016.12.08 17:44:05.092,0.85052,0.8506,1.00,1.00
2016.12.08 17:44:09.058,0.8505,0.8506,1.12,1.00
2016.12.08 17:44:09.160,0.85053,0.85059,1.00,1.00
2016.12.08 17:44:09.561,0.85059,0.85065,1.00,1.00
2016.12.08 17:44:09.612,0.85059,0.85067,1.69,1.00
2016.12.08 17:44:10.226,0.85056,0.85063,1.50,1.00
2016.12.08 17:44:10.480,0.85055,0.85062,1.00,1.00
2016.12.08 17:44:11.292,0.85057,0.85062,1.00,1.00
2016.12.08 17:44:11.551,0.85053,0.85061,1.50,1.00
2016.12.08 17:44:11.602,0.85053,0.85058,1.00,1.00
2016.12.08 17:44:11.653,0.85051,0.85058,2.06,1.00
2016.12.08 17:44:11.957,0.85049,0.85057,1.00,1.00
2016.12.08 17:44:13.654,0.85048,0.85056,1.69,1.00
2016.12.08 17:44:14.147,0.8505,0.85057,1.00,1.00
2016.12.08 17:44:16.906,0.8505,0.85058,1.00,1.00
2016.12.08 17:44:18.669,0.85051,0.85059,1.00,1.00
2016.12.08 17:44:19.188,0.85052,0.85059,1.00,1.00
2016.12.08 17:44:20.095,0.85052,0.85061,1.00,1.69
2016.12.08 17:44:21.652,0.85054,0.85061,1.00,1.00
2016.12.08 17:44:22.388,0.85051,0.85059,1.12,1.00
2016.12.08 17:44:22.440,0.85051,0.85057,1.12,1.00
2016.12.08 17:44:22.541,0.85049,0.85057,1.00,1.00
2016.12.08 17:44:22.847,0.8505,0.85059,1.00,1.12
2016.12.08 17:44:23.322,0.85048,0.85054,1.50,1.00
2016.12.08 17:44:23.526,0.85048,0.85056,1.00,1.12
2016.12.08 17:44:24.900,0.85049,0.85058,1.00,2.06
2016.12.08 17:44:26.524,0.8505,0.85059,1.50,1.87
2016.12.08 17:44:27.030,0.85051,0.8506,1.00,3.56
2016.12.08 17:44:27.513,0.85051,0.85056,1.50,1.25
2016.12.08 17:44:29.030,0.85054,0.85058,1.00,1.25
2016.12.08 17:44:32.598,0.85053,0.85057,1.00,1.25
2016.12.08 17:44:32.800,0.85051,0.85056,1.00,1.25
2016.12.08 17:44:33.892,0.85049,0.85056,1.00,1.25
2016.12.08 17:44:36.034,0.85047,0.85056,2.62,1.25
2016.12.08 17:44:36.087,0.85049,0.85056,1.00,1.25
2016.12.08 17:44:36.192,0.85049,0.85059,1.12,2.44
2016.12.08 17:44:36.344,0.8505,0.85059,1.87,1.00
2016.12.08 17:44:36.395,0.85052,0.85062,1.00,2.81
2016.12.08 17:44:36.896,0.85052,0.8506,1.00,1.25
2016.12.08 17:44:37.436,0.85052,0.85061,1.00,1.50
2016.12.08 17:44:38.985,0.85052,0.8506,1.00,1.00
2016.12.08 17:44:39.086,0.85053,0.85062,1.00,1.50
2016.12.08 17:44:40.303,0.85053,0.8506,1.00,1.00
2016.12.08 17:44:40.809,0.85053,0.85061,1.00,1.00
2016.12.08 17:44:41.281,0.85052,0.85063,1.87,1.50
2016.12.08 17:44:43.623,0.85052,0.85062,1.12,1.00
2016.12.08 17:44:44.127,0.85052,0.85061,1.87,1.00
2016.12.08 17:44:44.594,0.85052,0.85063,1.87,1.00
2016.12.08 17:44:47.106,0.85053,0.85063,1.50,1.00
2016.12.08 17:44:48.591,0.85053,0.85064,1.50,1.69
2016.12.08 17:44:49.012,0.85055,0.85064,1.00,1.25
2016.12.08 17:44:49.518,0.85054,0.85064,1.00,1.69
2016.12.08 17:44:52.249,0.85053,0.85064,1.50,2.44
2016.12.08 17:44:52.554,0.85053,0.85062,1.00,1.00
2016.12.08 17:44:55.338,0.85053,0.85063,1.00,1.00
2016.12.08 17:44:56.390,0.85054,0.85062,1.00,1.00
2016.12.08 17:44:57.449,0.85054,0.85063,1.00,1.50
2016.12.08 17:45:01.667,0.85056,0.85065,1.25,1.00
2016.12.08 17:45:02.300,0.85057,0.85065,1.00,1.00
2016.12.08 17:45:02.807,0.85056,0.85066,1.69,1.87
2016.12.08 17:45:03.695,0.85056,0.85066,2.44,1.00
2016.12.08 17:45:04.330,0.85057,0.85066,1.00,1.00
2016.12.08 17:45:08.388,0.85057,0.85065,1.00,1.00
2016.12.08 17:45:09.058,0.85057,0.85066,1.00,1.69
2016.12.08 17:45:09.365,0.85055,0.85061,1.00,1.31
2016.12.08 17:45:09.416,0.85053,0.85061,1.87,1.31
2016.12.08 17:45:10.392,0.85052,0.85061,1.50,2.06
2016.12.08 17:45:10.931,0.85052,0.8506,1.50,1.00
2016.12.08 17:45:11.639,0.85051,0.8506,1.00,1.00
2016.12.08 17:45:11.792,0.85049,0.8506,2.44,1.75
2016.12.08 17:45:12.375,0.8505,0.85058,1.00,1.37
2016.12.08 17:45:13.217,0.85052,0.85061,2.44,1.37
2016.12.08 17:45:13.471,0.85051,0.85058,1.37,1.25
2016.12.08 17:45:13.638,0.85051,0.85062,1.00,1.87
2016.12.08 17:45:14.145,0.85051,0.85061,1.00,1.00
2016.12.08 17:45:14.692,0.85052,0.85061,1.00,1.00
2016.12.08 17:45:15.161,0.8505,0.85059,1.50,1.00
2016.12.08 17:45:15.490,0.85052,0.8506,1.50,1.00
2016.12.08 17:45:15.794,0.8505,0.85058,1.00,1.37
2016.12.08 17:45:16.591,0.85048,0.85057,1.50,1.37
2016.12.08 17:45:17.149,0.85047,0.85057,2.44,1.87
2016.12.08 17:45:19.905,0.85049,0.85059,1.00,3.00
2016.12.08 17:45:20.721,0.85048,0.85057,1.00,1.37
2016.12.08 17:45:22.005,0.85049,0.85057,1.00,1.37
2016.12.08 17:45:22.511,0.85049,0.85059,1.50,1.37
2016.12.08 17:45:22.613,0.8505,0.8506,1.00,1.12
2016.12.08 17:45:25.423,0.85052,0.8506,1.00,1.12
2016.12.08 17:45:27.386,0.85051,0.8506,1.00,1.12
2016.12.08 17:45:31.188,0.8505,0.8506,1.00,1.12
2016.12.08 17:45:31.493,0.85048,0.85057,1.00,1.00
2016.12.08 17:45:32.009,0.85049,0.85058,1.00,1.00
2016.12.08 17:45:32.423,0.85049,0.85057,1.00,1.37
2016.12.08 17:45:35.504,0.85049,0.85058,1.00,1.50
2016.12.08 17:45:35.555,0.85049,0.8506,1.50,1.12
2016.12.08 17:45:36.091,0.8505,0.8506,1.00,1.12
2016.12.08 17:45:38.327,0.85051,0.8506,1.00,1.87
2016.12.08 17:45:38.845,0.85052,0.8506,1.00,1.00
2016.12.08 17:45:39.098,0.85052,0.85062,1.25,1.12
2016.12.08 17:45:39.200,0.85054,0.85064,1.00,1.00
2016.12.08 17:45:39.504,0.85054,0.85062,1.50,1.12
2016.12.08 17:45:40.146,0.85054,0.85061,1.00,1.00
2016.12.08 17:45:41.395,0.85053,0.85061,1.00,1.00
2016.12.08 17:45:42.789,0.85052,0.85061,1.00,1.25
2016.12.08 17:45:42.968,0.8505,0.85061,1.87,1.12
2016.12.08 17:45:43.425,0.85052,0.85062,1.00,1.37
2016.12.08 17:45:43.729,0.85054,0.85063,1.00,1.00
2016.12.08 17:45:44.255,0.85054,0.85064,1.00,1.50
2016.12.08 17:45:44.811,0.85055,0.85064,1.00,1.00
2016.12.08 17:45:46.832,0.85055,0.85064,1.00,1.37
2016.12.08 17:45:47.288,0.85053,0.85064,1.50,1.37
2016.12.08 17:45:47.690,0.85052,0.85061,1.00,1.00
2016.12.08 17:45:49.141,0.85051,0.85061,1.50,1.50
2016.12.08 17:45:49.744,0.85051,0.8506,1.00,1.00
2016.12.08 17:45:50.339,0.85051,0.85059,1.00,1.00
2016.12.08 17:45:51.273,0.85054,0.85062,1.00,1.12
2016.12.08 17:45:51.577,0.85052,0.85059,1.00,1.00
2016.12.08 17:45:51.832,0.85047,0.85056,1.00,1.00
2016.12.08 17:45:52.312,0.85048,0.85058,1.00,1.00
2016.12.08 17:45:52.363,0.85051,0.85059,1.00,1.00
2016.12.08 17:45:52.870,0.85051,0.85061,1.00,1.00
2016.12.08 17:45:53.022,0.85053,0.85062,1.00,1.00
2016.12.08 17:45:53.541,0.85052,0.85061,1.50,1.00
2016.12.08 17:45:53.860,0.85054,0.85063,1.00,1.00
2016.12.08 17:45:54.412,0.85056,0.85064,1.00,1.00
2016.12.08 17:45:55.414,0.85055,0.85064,1.00,1.00
2016.12.08 17:45:56.540,0.85057,0.85064,1.00,1.00
2016.12.08 17:45:59.554,0.85057,0.85066,1.00,2.81
2016.12.08 17:46:01.009,0.85055,0.85064,1.00,1.00
2016.12.08 17:46:01.313,0.85054,0.85062,1.00,2.44
2016.12.08 17:46:01.617,0.85054,0.85059,1.00,1.00
2016.12.08 17:46:02.291,0.85052,0.85059,1.00,1.00
2016.12.08 17:46:02.843,0.85051,0.85059,1.69,1.00
2016.12.08 17:46:03.384,0.85052,0.85059,1.00,1.00
2016.12.08 17:46:05.625,0.8505,0.85059,1.69,1.12
2016.12.08 17:46:05.676,0.8505,0.85057,1.00,1.00
2016.12.08 17:46:05.981,0.8505,0.85056,1.00,1.37
2016.12.08 17:46:06.133,0.8505,0.85058,1.00,1.50
2016.12.08 17:46:06.643,0.8505,0.8506,1.12,1.00
2016.12.08 17:46:06.744,0.8505,0.85057,1.12,1.00
2016.12.08 17:46:06.795,0.85049,0.85059,1.12,1.50
2016.12.08 17:46:08.127,0.85049,0.85058,1.12,1.00
2016.12.08 17:46:09.320,0.85049,0.85057,1.00,1.87
2016.12.08 17:46:09.997,0.85049,0.85058,1.00,1.00
2016.12.08 17:46:10.494,0.85048,0.85056,1.12,1.00
2016.12.08 17:46:10.545,0.85049,0.85058,1.00,1.00
2016.12.08 17:46:10.697,0.85048,0.85056,1.12,1.00
2016.12.08 17:46:10.799,0.85046,0.85055,1.87,1.00
2016.12.08 17:46:11.257,0.85043,0.85054,3.19,1.00
2016.12.08 17:46:11.513,0.85043,0.85052,2.81,1.00
2016.12.08 17:46:11.868,0.85043,0.85054,2.06,1.50
2016.12.08 17:46:11.970,0.85043,0.85052,2.06,1.00
2016.12.08 17:46:13.635,0.85041,0.85052,2.81,1.00
2016.12.08 17:46:14.141,0.85046,0.85055,1.12,1.00
2016.12.08 17:46:14.344,0.85043,0.85053,1.87,1.00
2016.12.08 17:46:15.003,0.85043,0.85055,1.87,1.50
2016.12.08 17:46:15.595,0.85043,0.85054,1.87,1.00
2016.12.08 17:46:16.051,0.85043,0.85052,1.87,1.00
2016.12.08 17:46:16.257,0.85039,0.85051,2.62,1.69
2016.12.08 17:46:16.865,0.85039,0.85051,1.50,1.69
2016.12.08 17:46:17.372,0.85039,0.85048,1.00,1.00
2016.12.08 17:46:18.031,0.8504,0.85048,1.00,1.00
2016.12.08 17:46:18.741,0.8504,0.8505,1.00,1.00
2016.12.08 17:46:19.678,0.85039,0.8505,1.00,1.00
2016.12.08 17:46:20.199,0.85039,0.85049,1.00,1.00
2016.12.08 17:46:21.694,0.85038,0.85049,1.06,1.50
2016.12.08 17:46:21.745,0.85038,0.85047,1.00,1.00
2016.12.08 17:46:22.722,0.85038,0.85049,1.00,1.50
2016.12.08 17:46:22.828,0.85037,0.85047,2.25,1.00
2016.12.08 17:46:23.132,0.85035,0.85045,1.00,1.00
2016.12.08 17:46:23.499,0.85038,0.85048,1.69,1.37
2016.12.08 17:46:23.752,0.8504,0.8505,1.25,1.50
2016.12.08 17:46:24.302,0.85038,0.85048,1.00,1.00
2016.12.08 17:46:24.610,0.85039,0.8505,1.00,1.00
2016.12.08 17:46:25.757,0.85038,0.8505,2.44,1.50
2016.12.08 17:46:26.265,0.85038,0.85049,1.00,1.00
2016.12.08 17:46:26.542,0.85037,0.85047,1.50,1.00
2016.12.08 17:46:26.593,0.85035,0.85046,1.50,1.00
2016.12.08 17:46:27.095,0.85035,0.85045,1.50,1.00
2016.12.08 17:46:27.534,0.85038,0.85049,1.50,1.37
2016.12.08 17:46:27.585,0.85038,0.8505,1.50,1.50
2016.12.08 17:46:27.636,0.8504,0.85049,1.00,1.00
2016.12.08 17:46:28.183,0.85039,0.85049,1.00,1.50
2016.12.08 17:46:28.692,0.8504,0.85049,1.69,1.00
2016.12.08 17:46:29.367,0.8504,0.85049,2.06,1.00
2016.12.08 17:46:32.382,0.8504,0.8505,2.06,1.50
2016.12.08 17:46:33.431,0.8504,0.85049,2.06,1.00
2016.12.08 17:46:36.349,0.85038,0.85048,1.69,1.00
2016.12.08 17:46:36.856,0.85037,0.85047,1.00,2.44
2016.12.08 17:46:37.381,0.85036,0.85046,1.00,1.00
2016.12.08 17:46:37.710,0.85037,0.85046,1.37,1.00
2016.12.08 17:46:37.761,0.85038,0.85049,1.87,1.69
2016.12.08 17:46:37.827,0.85038,0.85046,1.37,1.00
2016.12.08 17:46:37.929,0.85038,0.85049,1.87,1.69
2016.12.08 17:46:38.132,0.8504,0.85049,1.00,1.00
2016.12.08 17:46:38.437,0.85042,0.85051,1.00,1.50
2016.12.08 17:46:39.057,0.85041,0.85051,1.12,1.50
2016.12.08 17:46:39.583,0.85042,0.85051,1.00,1.00
2016.12.08 17:46:40.097,0.85041,0.8505,1.87,1.00
2016.12.08 17:46:40.608,0.85042,0.8505,1.00,1.00
2016.12.08 17:46:41.032,0.85042,0.85052,1.00,1.69
2016.12.08 17:46:41.541,0.85041,0.85052,1.87,1.00
2016.12.08 17:46:42.042,0.85042,0.85052,1.00,1.00
2016.12.08 17:46:42.093,0.85042,0.8505,1.00,1.00
2016.12.08 17:46:42.397,0.85042,0.8505,1.87,1.00
2016.12.08 17:46:43.044,0.85043,0.85051,1.37,1.00
2016.12.08 17:46:43.146,0.85045,0.85053,1.00,1.00
2016.12.08 17:46:43.301,0.85045,0.85054,1.87,1.25
2016.12.08 17:46:43.808,0.85047,0.85056,1.87,1.25
2016.12.08 17:46:43.858,0.85046,0.85054,1.37,1.25
2016.12.08 17:46:46.329,0.85047,0.85056,1.12,2.44
2016.12.08 17:46:47.583,0.85047,0.85054,1.12,1.00
2016.12.08 17:46:48.487,0.85048,0.85056,1.00,1.00
2016.12.08 17:46:48.644,0.8505,0.85059,1.00,1.50
2016.12.08 17:46:48.849,0.85052,0.85062,1.00,1.87
2016.12.08 17:46:49.601,0.85051,0.85061,1.50,1.37
2016.12.08 17:46:52.178,0.85052,0.85061,1.00,1.37
2016.12.08 17:46:55.516,0.8505,0.85058,1.00,1.00
2016.12.08 17:46:56.021,0.85049,0.85058,1.00,1.37
2016.12.08 17:46:56.544,0.85048,0.85058,1.50,1.37
2016.12.08 17:46:57.111,0.85049,0.85058,1.00,1.37
2016.12.08 17:46:58.203,0.85048,0.85057,1.50,1.12
2016.12.08 17:47:00.612,0.85044,0.85054,3.75,1.00
2016.12.08 17:47:00.663,0.85044,0.85052,2.25,1.00
2016.12.08 17:47:01.018,0.85048,0.85055,1.00,1.50
2016.12.08 17:47:01.069,0.85048,0.85055,1.00,1.00
2016.12.08 17:47:01.632,0.85048,0.85056,1.00,2.44
2016.12.08 17:47:02.495,0.85046,0.85056,1.00,1.69
2016.12.08 17:47:03.002,0.85046,0.85056,2.06,1.00
2016.12.08 17:47:04.569,0.85046,0.85055,1.37,1.00
2016.12.08 17:47:05.135,0.85046,0.85055,1.00,1.00
2016.12.08 17:47:06.568,0.85047,0.85055,1.00,1.00
2016.12.08 17:47:08.781,0.85047,0.85056,1.00,1.00
2016.12.08 17:47:09.644,0.85048,0.85056,1.00,1.50
2016.12.08 17:47:10.321,0.85047,0.85056,1.00,1.00
2016.12.08 17:47:10.837,0.85047,0.85055,1.00,1.00
2016.12.08 17:47:16.457,0.85044,0.85054,2.25,1.50
2016.12.08 17:47:16.559,0.85047,0.85054,1.00,1.00
2016.12.08 17:47:16.660,0.85045,0.85054,1.00,1.50
2016.12.08 17:47:17.167,0.85046,0.85055,1.12,1.25
2016.12.08 17:47:18.013,0.85048,0.85055,1.00,1.25
2016.12.08 17:47:18.065,0.8505,0.85058,1.00,1.69
2016.12.08 17:47:18.612,0.85048,0.85059,1.50,1.50
2016.12.08 17:47:18.663,0.85048,0.85057,1.50,1.25
2016.12.08 17:47:18.714,0.85046,0.85056,1.87,1.00
2016.12.08 17:47:19.122,0.85049,0.85057,1.00,1.00
2016.12.08 17:47:21.409,0.85049,0.85058,1.00,1.50
2016.12.08 17:47:21.713,0.85049,0.85056,1.00,1.00
2016.12.08 17:47:22.996,0.85047,0.85055,1.00,1.00
2016.12.08 17:47:23.552,0.85046,0.85055,1.00,1.00
2016.12.08 17:47:28.135,0.85046,0.85056,1.00,1.00
2016.12.08 17:47:28.186,0.85048,0.85056,1.00,1.00
2016.12.08 17:47:28.700,0.85048,0.85055,1.00,1.00
2016.12.08 17:47:28.802,0.85046,0.85055,1.00,1.00
2016.12.08 17:47:29.095,0.85046,0.85052,1.00,1.00
2016.12.08 17:47:29.789,0.85045,0.85052,1.00,1.00
2016.12.08 17:47:31.100,0.8505,0.85055,1.00,1.00
2016.12.08 17:47:31.621,0.8505,0.85056,1.00,1.00
2016.12.08 17:47:32.171,0.85049,0.85056,1.00,1.00
2016.12.08 17:47:32.686,0.85048,0.85056,1.12,1.00
2016.12.08 17:47:33.193,0.85049,0.85057,1.00,1.00
2016.12.08 17:47:33.699,0.85048,0.85056,1.69,1.00
2016.12.08 17:47:33.888,0.85048,0.85058,1.69,1.00
2016.12.08 17:47:35.054,0.85047,0.85056,1.00,1.00
2016.12.08 17:47:35.359,0.85041,0.85049,1.00,1.25
2016.12.08 17:47:35.511,0.85039,0.85049,1.50,1.69
2016.12.08 17:47:35.661,0.85039,0.85047,1.00,1.00
2016.12.08 17:47:35.965,0.85037,0.85047,1.12,1.00
2016.12.08 17:47:36.168,0.85037,0.85044,1.00,1.00
2016.12.08 17:47:40.972,0.85038,0.85046,1.00,1.00
2016.12.08 17:47:41.074,0.85038,0.85048,1.00,2.06
2016.12.08 17:47:41.379,0.85036,0.85045,1.00,1.50
2016.12.08 17:47:41.886,0.85037,0.85046,1.00,1.00
2016.12.08 17:47:42.425,0.85038,0.85046,1.00,1.00
2016.12.08 17:47:42.896,0.85036,0.85045,1.00,1.00
2016.12.08 17:47:43.402,0.85037,0.85044,1.00,1.00
2016.12.08 17:47:44.994,0.85038,0.85044,1.00,1.00
2016.12.08 17:47:45.045,0.85038,0.85046,1.00,1.00
2016.12.08 17:47:45.249,0.85038,0.85048,1.00,1.00
2016.12.08 17:47:45.300,0.8504,0.85048,1.00,1.00
2016.12.08 17:47:47.660,0.85037,0.85047,1.00,1.00
2016.12.08 17:47:47.863,0.85039,0.85048,1.00,1.00
2016.12.08 17:47:48.641,0.8504,0.85048,1.00,1.00
2016.12.08 17:47:49.413,0.85039,0.85048,1.00,1.00
2016.12.08 17:47:49.717,0.85042,0.8505,1.00,1.00
2016.12.08 17:47:50.562,0.8504,0.8505,2.44,1.50
2016.12.08 17:47:50.614,0.85038,0.85049,1.00,1.50
2016.12.08 17:47:50.899,0.85038,0.85047,1.00,1.00
2016.12.08 17:47:51.886,0.85038,0.85048,1.00,1.00
2016.12.08 17:47:52.394,0.85039,0.85047,1.00,1.00
2016.12.08 17:47:53.895,0.85038,0.85047,1.00,1.50
2016.12.08 17:47:58.687,0.85037,0.85047,1.00,1.00
2016.12.08 17:47:59.109,0.85034,0.85045,3.19,1.50
2016.12.08 17:47:59.261,0.85034,0.85044,1.12,1.00
2016.12.08 17:47:59.362,0.85034,0.85042,1.12,1.00
2016.12.08 17:47:59.867,0.85033,0.85042,1.37,1.00
2016.12.08 17:48:00.388,0.85033,0.85043,1.37,1.50
2016.12.08 17:48:00.895,0.85034,0.85044,1.37,1.25
2016.12.08 17:48:01.578,0.85034,0.85043,1.37,1.00
2016.12.08 17:48:05.950,0.85033,0.85043,1.00,1.87
2016.12.08 17:48:06.500,0.85032,0.85043,1.00,1.87
2016.12.08 17:48:07.320,0.85032,0.85042,1.00,1.25
2016.12.08 17:48:08.094,0.85032,0.85041,1.00,1.00
2016.12.08 17:48:08.195,0.8503,0.85041,1.00,1.87
2016.12.08 17:48:10.149,0.85031,0.85041,1.00,1.12
2016.12.08 17:48:10.251,0.85033,0.85043,1.00,1.50
2016.12.08 17:48:10.353,0.85032,0.85043,2.81,1.00
2016.12.08 17:48:10.659,0.85032,0.8504,1.00,1.00
2016.12.08 17:48:11.162,0.85031,0.8504,1.69,1.50
2016.12.08 17:48:13.393,0.85031,0.85039,1.25,1.00
2016.12.08 17:48:13.903,0.85031,0.85038,1.25,1.00
2016.12.08 17:48:19.359,0.85031,0.85039,1.25,1.00
2016.12.08 17:48:31.343,0.85031,0.85041,1.25,1.37
2016.12.08 17:48:31.647,0.85026,0.85035,1.00,1.00
2016.12.08 17:48:31.968,0.85031,0.8504,1.00,1.00
2016.12.08 17:48:32.019,0.85031,0.85042,1.00,3.75
2016.12.08 17:48:32.545,0.85032,0.85042,1.69,1.00
2016.12.08 17:48:33.078,0.85033,0.85042,1.00,1.00
2016.12.08 17:48:33.597,0.85032,0.85041,1.69,1.00
2016.12.08 17:48:33.799,0.8503,0.85039,1.00,1.12
2016.12.08 17:48:33.952,0.85026,0.85037,1.69,1.87
2016.12.08 17:48:34.783,0.85026,0.85035,1.69,1.00
2016.12.08 17:48:35.130,0.85028,0.85037,1.00,1.37
2016.12.08 17:48:35.232,0.85028,0.85039,1.00,2.81
2016.12.08 17:48:35.702,0.85028,0.85037,1.00,1.25
2016.12.08 17:48:35.874,0.85026,0.85036,1.50,1.00
2016.12.08 17:48:37.496,0.85026,0.85035,1.50,1.00
2016.12.08 17:48:38.032,0.85026,0.85036,1.50,1.50
2016.12.08 17:48:39.235,0.85026,0.85038,1.00,3.56
2016.12.08 17:48:39.786,0.85026,0.85037,1.00,1.00
2016.12.08 17:48:41.925,0.85026,0.85037,1.00,3.19
2016.12.08 17:48:41.983,0.85026,0.85037,1.00,1.87
2016.12.08 17:48:42.085,0.85025,0.85037,1.50,2.25
2016.12.08 17:48:42.588,0.85026,0.85035,1.00,1.12
2016.12.08 17:48:44.291,0.85028,0.85037,1.00,1.00
2016.12.08 17:48:44.595,0.8503,0.85038,1.00,1.00
2016.12.08 17:48:44.894,0.85028,0.85038,1.00,2.06
2016.12.08 17:48:45.442,0.85027,0.85037,1.00,1.00
2016.12.08 17:48:45.987,0.85026,0.85037,1.50,1.87
2016.12.08 17:48:46.837,0.85027,0.85037,1.00,1.50
2016.12.08 17:48:48.142,0.85026,0.85036,1.00,1.00
2016.12.08 17:48:48.735,0.85025,0.85035,1.69,1.00
2016.12.08 17:48:49.220,0.85028,0.85038,1.00,2.62
2016.12.08 17:48:49.271,0.85028,0.85038,1.00,1.00
2016.12.08 17:48:50.176,0.85029,0.85038,1.00,1.00
2016.12.08 17:48:50.687,0.8503,0.85038,1.00,1.00
2016.12.08 17:48:51.195,0.8503,0.85039,1.00,1.12
2016.12.08 17:48:52.839,0.8503,0.85038,1.00,1.00
2016.12.08 17:48:53.906,0.8503,0.8504,1.00,3.94
2016.12.08 17:48:54.790,0.8503,0.8504,1.00,4.31
2016.12.08 17:48:55.295,0.85029,0.85037,1.00,1.37
2016.12.08 17:48:55.397,0.85029,0.85038,1.00,2.06
2016.12.08 17:48:55.967,0.85026,0.85037,1.50,3.00
2016.12.08 17:48:56.069,0.85029,0.85037,1.00,1.37
2016.12.08 17:48:56.374,0.85027,0.85037,1.00,1.37
2016.12.08 17:48:56.914,0.85026,0.85036,1.00,1.87
2016.12.08 17:48:57.460,0.85026,0.85035,1.00,1.00
2016.12.08 17:48:57.986,0.85027,0.85037,1.00,1.50
2016.12.08 17:49:03.731,0.85027,0.85036,1.00,3.37
2016.12.08 17:49:10.112,0.85025,0.85032,1.00,1.00
2016.12.08 17:49:10.468,0.85023,0.85031,1.00,1.00
2016.12.08 17:49:11.860,0.85023,0.85032,1.00,1.69
2016.12.08 17:49:13.230,0.85024,0.85032,1.00,1.69
2016.12.08 17:49:13.285,0.85022,0.85031,1.00,1.00
2016.12.08 17:49:15.137,0.85021,0.85031,1.00,1.00
2016.12.08 17:49:15.691,0.85021,0.8503,1.00,1.00
2016.12.08 17:49:17.166,0.85017,0.85025,1.12,1.00
2016.12.08 17:49:17.268,0.85014,0.85024,3.19,1.00
2016.12.08 17:49:17.778,0.85014,0.85024,1.50,1.00
2016.12.08 17:49:18.817,0.85016,0.85024,1.00,1.00
2016.12.08 17:49:19.340,0.85015,0.85024,1.00,1.00
2016.12.08 17:49:19.848,0.85016,0.85024,1.00,1.00
2016.12.08 17:49:20.749,0.85015,0.85024,1.00,1.00
2016.12.08 17:49:23.649,0.85016,0.85024,1.00,1.00
2016.12.08 17:49:23.700,0.85016,0.85027,1.50,2.62
2016.12.08 17:49:23.956,0.85018,0.85028,1.00,1.00
2016.12.08 17:49:24.479,0.85017,0.85028,1.69,1.50
2016.12.08 17:49:24.986,0.85017,0.85027,2.06,1.00
2016.12.08 17:49:26.039,0.85018,0.85026,1.00,1.00
2016.12.08 17:49:26.366,0.85019,0.85028,1.37,1.00
2016.12.08 17:49:26.469,0.85018,0.85028,2.06,1.00
2016.12.08 17:49:26.978,0.85018,0.85028,2.06,1.00
2016.12.08 17:49:27.488,0.85018,0.85027,2.06,1.00
2016.12.08 17:49:28.036,0.8502,0.85028,1.00,1.00
2016.12.08 17:49:28.881,0.85019,0.85028,1.12,1.00
2016.12.08 17:49:29.343,0.85021,0.85028,1.00,1.00
2016.12.08 17:49:29.462,0.85019,0.85028,1.12,1.00
2016.12.08 17:49:36.998,0.8502,0.85028,1.00,1.00
2016.12.08 17:49:38.060,0.8502,0.85029,1.50,1.00
2016.12.08 17:49:38.690,0.85021,0.85029,1.00,1.00
2016.12.08 17:49:39.449,0.85021,0.8503,1.00,1.00
2016.12.08 17:49:39.855,0.85019,0.85029,2.81,1.00
2016.12.08 17:49:40.059,0.85019,0.85027,2.06,1.00
2016.12.08 17:49:40.788,0.85019,0.85028,1.31,1.00
2016.12.08 17:49:41.627,0.8502,0.85028,1.00,1.00
2016.12.08 17:49:42.132,0.8502,0.85029,1.00,1.00
2016.12.08 17:49:42.637,0.85021,0.85029,1.00,1.00
2016.12.08 17:49:42.739,0.85022,0.85031,1.00,1.00
2016.12.08 17:49:43.251,0.85022,0.85032,1.50,1.00
2016.12.08 17:49:43.418,0.85024,0.85033,1.00,1.00
2016.12.08 17:49:43.733,0.85029,0.85039,1.12,1.00
2016.12.08 17:49:44.239,0.8503,0.85039,1.00,1.50
2016.12.08 17:49:44.594,0.85028,0.85037,2.81,1.00
2016.12.08 17:49:45.101,0.85028,0.85038,1.00,1.12
2016.12.08 17:49:45.429,0.85031,0.85039,1.00,1.37
2016.12.08 17:49:45.682,0.85029,0.85039,1.00,1.12
2016.12.08 17:49:46.292,0.8503,0.85039,1.00,1.12
2016.12.08 17:49:46.697,0.8503,0.85036,1.00,1.00
2016.12.08 17:49:46.748,0.85027,0.85036,1.37,1.00
2016.12.08 17:49:47.337,0.85027,0.85036,1.00,1.00
2016.12.08 17:49:47.841,0.85027,0.85035,1.00,1.00
2016.12.08 17:49:48.702,0.85027,0.85036,1.00,1.00
2016.12.08 17:49:49.298,0.85027,0.85037,1.00,1.00
2016.12.08 17:49:49.456,0.85029,0.85037,1.00,1.00
2016.12.08 17:49:49.507,0.85027,0.85037,1.00,1.00
2016.12.08 17:49:49.558,0.85027,0.85035,1.00,1.00
2016.12.08 17:49:49.712,0.85025,0.85035,1.00,1.37
2016.12.08 17:49:50.239,0.85025,0.85033,1.00,1.00
2016.12.08 17:49:52.180,0.85023,0.85031,1.00,1.00
2016.12.08 17:49:52.730,0.85022,0.85031,1.00,1.00
2016.12.08 17:49:53.336,0.85024,0.85031,1.00,1.00
2016.12.08 17:49:53.489,0.85022,0.8503,1.50,1.00
2016.12.08 17:49:54.042,0.85023,0.85032,1.00,1.00
2016.12.08 17:49:54.568,0.85024,0.85032,1.00,1.00
2016.12.08 17:49:55.113,0.85024,0.85031,1.00,1.00
2016.12.08 17:49:56.744,0.85024,0.85029,1.00,1.00
2016.12.08 17:49:56.795,0.85022,0.85028,1.00,1.00
2016.12.08 17:49:56.898,0.8502,0.85028,1.00,1.00
2016.12.08 17:50:00.893,0.85021,0.85028,1.00,1.00
2016.12.08 17:50:06.243,0.85021,0.85029,1.00,1.00
2016.12.08 17:50:07.414,0.85023,0.85031,1.00,1.25
2016.12.08 17:50:07.647,0.85029,0.85038,1.69,1.87
2016.12.08 17:50:07.698,0.8503,0.8504,1.00,1.00
2016.12.08 17:50:07.790,0.85032,0.8504,1.00,1.00
2016.12.08 17:50:07.842,0.8503,0.85041,2.25,2.06
2016.12.08 17:50:08.367,0.85031,0.85041,1.00,1.31
2016.12.08 17:50:08.570,0.85033,0.85041,1.00,1.31
2016.12.08 17:50:09.095,0.8503,0.8504,1.00,1.25
2016.12.08 17:50:09.298,0.8503,0.8504,1.37,1.25
2016.12.08 17:50:09.706,0.85029,0.85039,1.12,1.00
2016.12.08 17:50:12.544,0.85027,0.85039,2.81,3.56
2016.12.08 17:50:12.898,0.85027,0.85037,1.50,1.00
2016.12.08 17:50:14.140,0.85027,0.85035,1.00,1.00
2016.12.08 17:50:14.807,0.85024,0.85032,1.87,1.00
2016.12.08 17:50:14.908,0.85023,0.85032,1.00,1.00
2016.12.08 17:50:15.414,0.85023,0.85034,1.00,2.62
2016.12.08 17:50:16.229,0.85021,0.85026,1.00,1.00
2016.12.08 17:50:16.369,0.85018,0.85026,1.00,1.00
2016.12.08 17:50:16.421,0.85017,0.85028,1.87,1.00
2016.12.08 17:50:16.928,0.85017,0.85027,1.00,1.50
2016.12.08 17:50:17.448,0.85016,0.85026,1.00,1.00
2016.12.08 17:50:18.700,0.85016,0.85025,1.12,1.00
2016.12.08 17:50:19.206,0.85015,0.85025,1.00,1.00
2016.12.08 17:50:19.802,0.85014,0.85025,1.00,1.00
2016.12.08 17:50:20.537,0.85015,0.85026,1.00,1.50
2016.12.08 17:50:20.711,0.85018,0.85027,1.50,1.00
2016.12.08 17:50:22.794,0.85019,0.85029,1.00,1.00
2016.12.08 17:50:22.922,0.85021,0.8503,1.00,1.00
2016.12.08 17:50:23.227,0.85023,0.85034,1.00,3.37
2016.12.08 17:50:23.329,0.85027,0.85034,1.12,1.12
2016.12.08 17:50:23.380,0.85029,0.85039,1.00,1.12
2016.12.08 17:50:23.583,0.85031,0.8504,1.00,1.25
2016.12.08 17:50:25.543,0.8503,0.8504,1.00,1.25
2016.12.08 17:50:26.981,0.85029,0.85037,1.00,1.25
2016.12.08 17:50:27.084,0.85027,0.85037,1.00,1.25
2016.12.08 17:50:28.344,0.85027,0.85035,1.00,1.69
2016.12.08 17:50:28.395,0.85025,0.85035,1.50,1.25
2016.12.08 17:50:28.446,0.85024,0.85033,3.00,1.69
2016.12.08 17:50:28.993,0.85024,0.85033,1.00,1.69
2016.12.08 17:50:29.411,0.85022,0.85033,2.62,1.69
2016.12.08 17:50:30.246,0.85022,0.85033,1.87,1.69
2016.12.08 17:50:31.517,0.85024,0.85033,1.00,1.25
2016.12.08 17:50:32.546,0.85022,0.85031,1.87,1.25
2016.12.08 17:50:32.647,0.85021,0.85031,1.50,1.62
2016.12.08 17:50:32.954,0.85018,0.85028,1.12,1.37
2016.12.08 17:50:33.121,0.85018,0.85028,1.00,1.00
2016.12.08 17:50:33.326,0.8502,0.85029,1.00,1.00
2016.12.08 17:50:35.147,0.85018,0.85029,2.81,1.00
2016.12.08 17:50:36.472,0.8502,0.85029,1.00,1.00
2016.12.08 17:50:36.826,0.85023,0.85029,1.25,1.00
2016.12.08 17:50:36.928,0.85023,0.85031,1.00,1.00
2016.12.08 17:50:37.107,0.85025,0.85032,1.00,1.00
2016.12.08 17:50:37.915,0.85025,0.85033,1.00,1.00
2016.12.08 17:50:41.789,0.85025,0.85034,1.00,1.00
2016.12.08 17:50:43.276,0.85029,0.85037,1.00,1.37
2016.12.08 17:50:43.783,0.85028,0.85038,1.00,1.37
2016.12.08 17:50:45.287,0.85029,0.85037,1.00,1.37
2016.12.08 17:50:45.837,0.85028,0.85037,1.00,1.25
2016.12.08 17:50:46.370,0.85029,0.85037,1.00,1.25
2016.12.08 17:50:50.828,0.85027,0.85036,1.00,1.69
2016.12.08 17:50:50.931,0.85026,0.85034,1.87,1.25
2016.12.08 17:50:51.757,0.85027,0.85034,1.00,1.00
2016.12.08 17:50:51.960,0.85027,0.85036,1.00,1.12
2016.12.08 17:50:52.395,0.85027,0.85034,1.00,1.00
2016.12.08 17:50:52.789,0.85027,0.85036,1.00,1.12
2016.12.08 17:50:52.840,0.85027,0.85036,1.37,1.00
2016.12.08 17:50:52.942,0.85027,0.85036,1.50,1.00
2016.12.08 17:50:53.297,0.85027,0.85034,1.00,1.00
2016.12.08 17:50:53.348,0.85026,0.85036,1.12,1.69
2016.12.08 17:50:53.855,0.85027,0.85036,1.00,1.12
2016.12.08 17:50:54.486,0.85026,0.85036,1.50,1.12
2016.12.08 17:50:56.348,0.85029,0.85038,1.00,1.50
2016.12.08 17:50:56.697,0.85027,0.85036,1.37,1.00
2016.12.08 17:50:58.052,0.85027,0.85037,1.87,1.12
2016.12.08 17:50:58.374,0.85027,0.85035,1.87,1.00
2016.12.08 17:50:59.832,0.85027,0.85034,1.37,1.00
2016.12.08 17:50:59.882,0.85026,0.85034,1.00,1.00
2016.12.08 17:51:00.157,0.85027,0.85037,1.50,1.00
2016.12.08 17:51:00.209,0.85029,0.85038,1.00,2.25
2016.12.08 17:51:00.716,0.85028,0.85039,1.25,1.87
2016.12.08 17:51:01.297,0.85029,0.85038,1.00,1.37
2016.12.08 17:51:01.712,0.85027,0.85036,1.00,1.00
2016.12.08 17:51:02.290,0.85028,0.85036,1.00,1.12
2016.12.08 17:51:03.943,0.85028,0.85034,1.00,1.00
2016.12.08 17:51:04.252,0.85023,0.8503,1.00,1.00
2016.12.08 17:51:04.355,0.85027,0.85036,1.00,2.25
2016.12.08 17:51:04.456,0.85029,0.85038,1.00,2.62
2016.12.08 17:51:04.912,0.85027,0.85038,1.69,1.87
2016.12.08 17:51:06.339,0.85027,0.85037,1.25,1.37
2016.12.08 17:51:06.850,0.85026,0.85036,1.00,1.87
2016.12.08 17:51:12.678,0.85027,0.85037,1.00,1.87
2016.12.08 17:51:13.692,0.85028,0.85037,1.00,1.87
2016.12.08 17:51:19.387,0.85027,0.85037,1.00,1.87
2016.12.08 17:51:22.517,0.85026,0.85037,2.44,1.37
2016.12.08 17:51:23.026,0.85027,0.85037,1.00,1.37
2016.12.08 17:51:23.592,0.85028,0.85038,1.00,1.87
2016.12.08 17:51:25.696,0.85026,0.85037,1.00,3.37
2016.12.08 17:51:25.747,0.85027,0.85037,1.00,3.00
2016.12.08 17:51:25.849,0.85027,0.85038,1.00,2.62
2016.12.08 17:51:26.434,0.85026,0.85037,1.00,1.37
2016.12.08 17:51:27.421,0.85027,0.85036,1.00,1.12
2016.12.08 17:51:30.266,0.85026,0.85037,2.44,1.37
2016.12.08 17:51:31.216,0.85027,0.85038,1.00,1.87
2016.12.08 17:51:31.758,0.85026,0.85038,1.50,1.87
2016.12.08 17:51:32.287,0.85027,0.85036,1.00,1.12
2016.12.08 17:51:34.362,0.85026,0.85037,1.00,1.37
2016.12.08 17:51:34.413,0.85026,0.85034,1.00,1.00
2016.12.08 17:51:34.717,0.85022,0.85034,1.50,3.00
2016.12.08 17:51:35.253,0.85022,0.85031,1.00,1.37
2016.12.08 17:51:37.849,0.85023,0.85031,1.00,1.00
2016.12.08 17:51:40.418,0.85025,0.85031,1.00,1.00
2016.12.08 17:51:40.469,0.85025,0.85033,1.00,1.00
2016.12.08 17:51:40.882,0.85023,0.85031,1.00,1.00
2016.12.08 17:51:41.651,0.85022,0.85031,1.00,1.00
2016.12.08 17:51:42.157,0.85023,0.85032,1.69,1.00
2016.12.08 17:51:42.840,0.85022,0.8503,1.25,1.00
2016.12.08 17:51:43.144,0.85022,0.85028,1.25,1.00
2016.12.08 17:51:45.500,0.85023,0.85032,1.00,1.50
2016.12.08 17:51:46.006,0.85024,0.85033,1.00,1.00
2016.12.08 17:51:49.438,0.85024,0.85031,1.00,1.00
2016.12.08 17:51:49.641,0.85021,0.85031,1.25,1.00
2016.12.08 17:51:49.843,0.85021,0.85028,1.69,1.00
2016.12.08 17:51:49.895,0.85022,0.85032,1.00,1.12
2016.12.08 17:51:49.946,0.85024,0.85035,1.25,4.50
2016.12.08 17:51:49.996,0.85024,0.85035,1.25,2.25
2016.12.08 17:51:50.502,0.85024,0.85033,1.25,1.00
2016.12.08 17:51:50.693,0.85023,0.8503,1.25,1.00
2016.12.08 17:51:51.506,0.85022,0.85033,3.19,1.00
2016.12.08 17:51:51.759,0.85025,0.85034,1.87,1.00
2016.12.08 17:51:52.063,0.85028,0.85036,1.00,1.00
2016.12.08 17:51:52.845,0.85028,0.85038,1.00,1.50
2016.12.08 17:51:53.744,0.85028,0.85037,1.00,1.00
2016.12.08 17:51:55.599,0.85028,0.85036,1.00,1.00
2016.12.08 17:51:56.378,0.85027,0.85036,2.44,1.00
2016.12.08 17:51:59.296,0.85027,0.85037,1.25,1.50
2016.12.08 17:51:59.807,0.85027,0.85036,1.25,1.00
2016.12.08 17:52:00.319,0.85027,0.85037,1.69,1.00
2016.12.08 17:52:02.393,0.85027,0.85038,1.69,1.00
2016.12.08 17:52:02.669,0.85027,0.85036,2.44,1.00
2016.12.08 17:52:03.428,0.85027,0.85038,2.44,1.37
2016.12.08 17:52:03.732,0.85029,0.8504,1.00,2.62
2016.12.08 17:52:04.284,0.85029,0.8504,1.50,1.87
2016.12.08 17:52:04.888,0.85029,0.8504,1.50,1.50
2016.12.08 17:52:05.429,0.8503,0.8504,1.00,1.50
2016.12.08 17:52:06.939,0.85029,0.8504,1.00,1.50
2016.12.08 17:52:08.391,0.85028,0.8504,2.44,2.62
2016.12.08 17:52:08.442,0.8503,0.85039,1.25,1.50
2016.12.08 17:52:08.797,0.85031,0.85041,1.00,1.50
2016.12.08 17:52:08.900,0.85032,0.85043,1.00,2.18
2016.12.08 17:52:09.002,0.85035,0.85044,1.00,2.75
2016.12.08 17:52:09.533,0.85034,0.85044,1.00,1.81
2016.12.08 17:52:10.053,0.85033,0.85042,1.00,1.69
2016.12.08 17:52:10.648,0.85032,0.85042,1.00,1.69
2016.12.08 17:52:11.316,0.85033,0.85042,1.00,1.69
2016.12.08 17:52:11.617,0.85029,0.85038,1.00,1.69
2016.12.08 17:52:11.922,0.85025,0.85032,1.00,1.25
2016.12.08 17:52:13.302,0.85024,0.85031,1.00,1.69
2016.12.08 17:52:13.844,0.85023,0.85032,1.00,1.25
2016.12.08 17:52:14.370,0.85024,0.85032,1.00,1.25
2016.12.08 17:52:15.252,0.85024,0.85034,1.00,2.00
2016.12.08 17:52:15.455,0.85024,0.85035,1.50,1.50
2016.12.08 17:52:15.506,0.85026,0.85035,1.00,1.50
2016.12.08 17:52:16.491,0.85026,0.85036,1.00,2.00
2016.12.08 17:52:17.539,0.85026,0.85036,1.00,2.81
2016.12.08 17:52:18.300,0.85024,0.85033,1.00,1.00
2016.12.08 17:52:18.401,0.85022,0.8503,1.00,1.00
2016.12.08 17:52:18.503,0.8502,0.8503,1.12,1.00
2016.12.08 17:52:19.349,0.85021,0.8503,1.00,1.00
2016.12.08 17:52:19.401,0.85022,0.85033,2.44,1.50
2016.12.08 17:52:19.452,0.85024,0.85033,1.12,1.00
2016.12.08 17:52:19.796,0.85026,0.85035,1.00,1.50
2016.12.08 17:52:20.373,0.85026,0.85034,1.00,1.00
2016.12.08 17:52:21.198,0.85027,0.85034,1.25,1.00
2016.12.08 17:52:21.737,0.85027,0.85035,1.25,1.00
2016.12.08 17:52:24.694,0.85028,0.85037,1.25,1.00
2016.12.08 17:52:24.899,0.8503,0.85038,1.25,1.00
2016.12.08 17:52:25.436,0.85031,0.85039,1.12,1.00
2016.12.08 17:52:25.741,0.85035,0.85042,1.25,1.00
2016.12.08 17:52:26.792,0.85032,0.85041,1.12,1.00
2016.12.08 17:52:27.493,0.85031,0.85041,2.06,1.00
2016.12.08 17:52:27.949,0.8503,0.85039,1.87,1.50
2016.12.08 17:52:28.405,0.85032,0.85041,1.00,1.50
2016.12.08 17:52:28.508,0.85034,0.85043,1.00,1.43
2016.12.08 17:52:28.812,0.85032,0.85041,1.69,1.00
2016.12.08 17:52:30.145,0.85032,0.85042,1.69,1.00
2016.12.08 17:52:30.449,0.85034,0.85041,1.25,1.00
2016.12.08 17:52:30.551,0.85034,0.85043,1.25,1.12
2016.12.08 17:52:31.532,0.85034,0.8504,1.25,1.00
2016.12.08 17:52:31.634,0.8503,0.85039,1.00,1.00
2016.12.08 17:52:31.685,0.8503,0.85042,1.00,3.37
2016.12.08 17:52:31.736,0.85033,0.85041,1.25,1.00
2016.12.08 17:52:34.537,0.85035,0.85041,1.00,1.00
2016.12.08 17:52:35.044,0.85034,0.85042,1.00,1.12
2016.12.08 17:52:35.577,0.85033,0.85041,1.00,1.37
2016.12.08 17:52:36.123,0.85032,0.85042,1.00,2.25
2016.12.08 17:52:37.130,0.85033,0.85041,1.25,1.37
2016.12.08 17:52:37.321,0.85032,0.85041,1.00,1.00
2016.12.08 17:52:37.423,0.85033,0.85043,1.50,1.12
2016.12.08 17:52:37.474,0.85035,0.85043,1.00,1.12
2016.12.08 17:52:37.880,0.85032,0.85039,1.00,1.00
2016.12.08 17:52:37.931,0.85033,0.85042,1.00,1.50
2016.12.08 17:52:37.982,0.85033,0.85043,1.69,1.75
2016.12.08 17:52:38.084,0.85035,0.85044,1.00,1.37
2016.12.08 17:52:38.590,0.85036,0.85045,1.00,1.37
2016.12.08 17:52:40.594,0.85034,0.85043,1.00,1.12
2016.12.08 17:52:41.142,0.85035,0.85043,1.00,1.12
2016.12.08 17:52:42.174,0.85034,0.85042,1.00,1.37
2016.12.08 17:52:43.143,0.85032,0.8504,1.69,1.00
2016.12.08 17:52:43.194,0.85032,0.8504,1.69,1.37
2016.12.08 17:52:43.753,0.85032,0.8504,1.69,1.12
2016.12.08 17:52:47.027,0.85031,0.85038,1.00,1.00
2016.12.08 17:52:47.382,0.85029,0.85038,1.69,1.37
2016.12.08 17:52:47.972,0.85029,0.85036,1.00,1.12
2016.12.08 17:52:48.142,0.85025,0.85033,1.50,1.50
2016.12.08 17:52:48.656,0.85023,0.85033,1.00,1.50
2016.12.08 17:52:49.212,0.85023,0.85034,1.50,1.50
2016.12.08 17:52:50.267,0.85022,0.85034,2.25,1.50
2016.12.08 17:52:50.968,0.85023,0.85034,1.00,1.00
2016.12.08 17:52:51.279,0.85024,0.85033,1.37,1.00
2016.12.08 17:52:53.704,0.85025,0.85035,1.37,2.25
2016.12.08 17:52:54.236,0.85025,0.85034,1.37,1.00
2016.12.08 17:52:54.760,0.85023,0.85034,1.87,1.00
2016.12.08 17:52:55.266,0.85024,0.85035,1.12,1.50
2016.12.08 17:52:55.368,0.85022,0.85031,3.94,1.00
2016.12.08 17:52:55.872,0.85023,0.85031,1.00,1.00
2016.12.08 17:52:56.627,0.85024,0.85031,1.00,1.00
2016.12.08 17:52:57.828,0.85023,0.85031,1.12,1.00
2016.12.08 17:52:58.914,0.85022,0.8503,2.06,1.00
2016.12.08 17:52:58.965,0.85022,0.85032,2.81,1.00
2016.12.08 17:53:02.091,0.85022,0.85032,2.81,1.00
2016.12.08 17:53:03.804,0.85025,0.85033,1.00,1.00
2016.12.08 17:53:03.957,0.85026,0.85035,1.12,1.00
2016.12.08 17:53:04.112,0.85024,0.85034,2.25,1.00
2016.12.08 17:53:04.654,0.85024,0.85033,1.87,1.00
2016.12.08 17:53:05.203,0.85023,0.85032,3.00,1.00
2016.12.08 17:53:09.900,0.85025,0.85034,1.00,1.00
2016.12.08 17:53:10.002,0.85026,0.85035,1.87,1.00
2016.12.08 17:53:10.492,0.85025,0.85033,1.50,1.00
2016.12.08 17:53:10.594,0.85025,0.85033,1.12,1.00
2016.12.08 17:53:14.067,0.85024,0.85034,1.87,1.00
2016.12.08 17:53:14.573,0.85023,0.85033,2.25,1.00
2016.12.08 17:53:15.451,0.85024,0.85033,1.00,1.00
2016.12.08 17:53:18.539,0.85023,0.85033,2.25,1.00
2016.12.08 17:53:20.125,0.85024,0.85033,1.50,1.00
2016.12.08 17:53:20.740,0.85025,0.85034,1.00,1.50
2016.12.08 17:53:21.904,0.85025,0.85035,1.00,1.00
2016.12.08 17:53:22.490,0.85025,0.85034,1.00,1.87
2016.12.08 17:53:22.724,0.85027,0.85034,1.25,1.12
2016.12.08 17:53:23.106,0.85027,0.85037,2.06,1.50
2016.12.08 17:53:23.157,0.85031,0.85039,1.25,2.62
2016.12.08 17:53:23.209,0.85031,0.85039,1.25,1.12
2016.12.08 17:53:23.713,0.85032,0.85039,1.00,1.12
2016.12.08 17:53:24.041,0.85034,0.85042,1.25,3.00
2016.12.08 17:53:24.108,0.85034,0.85042,1.25,2.62
2016.12.08 17:53:24.494,0.85034,0.85038,1.25,1.00
2016.12.08 17:53:24.546,0.8503,0.85037,1.00,1.00
2016.12.08 17:53:24.597,0.85028,0.85037,2.06,1.00
2016.12.08 17:53:24.851,0.85026,0.85034,1.62,1.00
2016.12.08 17:53:24.902,0.85026,0.85036,2.81,1.50
2016.12.08 17:53:25.123,0.85027,0.85039,2.25,2.25
2016.12.08 17:53:25.225,0.85031,0.85039,1.25,1.00
2016.12.08 17:53:25.738,0.85031,0.85038,1.25,1.00
2016.12.08 17:53:26.281,0.85031,0.85037,1.25,1.00
2016.12.08 17:53:27.518,0.85031,0.85038,1.25,1.87
2016.12.08 17:53:28.034,0.85031,0.85039,1.25,1.50
2016.12.08 17:53:31.341,0.85035,0.85041,1.25,1.50
2016.12.08 17:53:34.882,0.85035,0.85042,1.25,1.50
2016.12.08 17:53:35.032,0.85033,0.85042,1.50,1.50
2016.12.08 17:53:35.813,0.85031,0.8504,1.50,1.00
2016.12.08 17:53:36.421,0.85033,0.8504,1.00,1.00
2016.12.08 17:53:37.203,0.85032,0.8504,1.00,1.00
2016.12.08 17:53:37.254,0.8503,0.8504,1.69,1.00
2016.12.08 17:53:37.881,0.8503,0.8504,2.36,1.00
2016.12.08 17:53:40.952,0.85031,0.8504,1.67,1.00
2016.12.08 17:53:41.688,0.85031,0.8504,1.60,1.12
2016.12.08 17:53:41.992,0.8503,0.85038,1.77,1.00
2016.12.08 17:53:42.498,0.85029,0.85038,2.21,1.00
2016.12.08 17:53:43.004,0.85028,0.85038,2.21,1.87
2016.12.08 17:53:43.511,0.85028,0.85038,2.44,1.37
2016.12.08 17:53:48.344,0.85029,0.85038,1.00,1.37
2016.12.08 17:53:48.712,0.85031,0.85038,1.00,1.37
2016.12.08 17:53:48.814,0.85029,0.85038,1.00,1.37
2016.12.08 17:53:49.347,0.85028,0.85038,1.25,1.87
2016.12.08 17:53:51.307,0.85028,0.85036,1.25,1.87
2016.12.08 17:53:51.358,0.85026,0.85036,1.25,1.87
2016.12.08 17:53:51.864,0.85027,0.85037,1.00,1.87
2016.12.08 17:53:52.530,0.85027,0.85037,1.00,2.25
2016.12.08 17:53:53.068,0.85026,0.85036,1.25,1.37
2016.12.08 17:53:55.142,0.85028,0.85037,1.69,1.50
2016.12.08 17:53:55.243,0.85028,0.85037,1.69,1.12
2016.12.08 17:53:55.618,0.85026,0.85037,2.81,1.37
2016.12.08 17:53:56.330,0.85027,0.85036,1.00,1.12
2016.12.08 17:53:56.863,0.85026,0.85036,1.25,1.12
2016.12.08 17:54:00.113,0.8503,0.85037,1.25,1.50
2016.12.08 17:54:00.164,0.85028,0.85037,1.25,1.37
2016.12.08 17:54:00.417,0.85028,0.85034,1.25,1.00
2016.12.08 17:54:00.923,0.85027,0.85034,1.25,1.00
2016.12.08 17:54:02.254,0.85027,0.85033,1.25,1.00
2016.12.08 17:54:03.076,0.85028,0.85034,1.25,1.00
2016.12.08 17:54:03.597,0.85028,0.85036,1.25,1.87
2016.12.08 17:54:03.648,0.85024,0.85033,2.06,1.00
2016.12.08 17:54:04.115,0.85024,0.85031,1.25,1.00
2016.12.08 17:54:04.286,0.85024,0.85033,1.25,1.50
2016.12.08 17:54:04.438,0.85024,0.85031,1.25,1.00
2016.12.08 17:54:05.205,0.85025,0.85031,1.25,1.87
2016.12.08 17:54:05.713,0.85024,0.85033,1.69,2.62
2016.12.08 17:54:06.017,0.85028,0.85036,1.69,1.12
2016.12.08 17:54:07.250,0.85028,0.85037,1.69,1.87
2016.12.08 17:54:08.202,0.8503,0.85037,1.25,1.12
2016.12.08 17:54:08.455,0.85032,0.8504,1.69,1.50
2016.12.08 17:54:09.374,0.85032,0.85041,1.25,1.50
2016.12.08 17:54:10.147,0.85034,0.85042,1.25,1.37
2016.12.08 17:54:10.249,0.85034,0.85043,1.25,2.62
2016.12.08 17:54:11.447,0.85034,0.85042,1.25,1.00
2016.12.08 17:54:11.498,0.85034,0.8504,1.25,1.00
2016.12.08 17:54:11.651,0.8503,0.85039,2.44,1.37
2016.12.08 17:54:14.783,0.85029,0.85038,1.25,1.00
2016.12.08 17:54:14.885,0.85029,0.85036,1.25,1.00
2016.12.08 17:54:15.205,0.85029,0.85038,2.06,1.00
2016.12.08 17:54:15.754,0.8503,0.85039,2.06,1.00
2016.12.08 17:54:16.298,0.8503,0.8504,2.06,2.25
2016.12.08 17:54:18.009,0.8503,0.85038,2.06,1.00
2016.12.08 17:54:20.141,0.8503,0.8504,2.06,2.25
2016.12.08 17:54:21.944,0.8503,0.85038,1.31,1.00
2016.12.08 17:54:22.683,0.85029,0.85037,1.69,1.00
2016.12.08 17:54:22.991,0.85025,0.85032,1.25,1.00
2016.12.08 17:54:23.092,0.85022,0.85032,1.25,1.00
2016.12.08 17:54:23.598,0.85022,0.85033,1.25,1.50
2016.12.08 17:54:23.852,0.85023,0.85031,1.69,1.00
2016.12.08 17:54:24.173,0.85021,0.85031,2.44,1.00
2016.12.08 17:54:24.224,0.85021,0.85033,2.44,1.87
2016.12.08 17:54:24.377,0.85024,0.85033,1.25,1.87
2016.12.08 17:54:24.883,0.85023,0.85034,1.25,2.62
2016.12.08 17:54:25.339,0.85026,0.85032,1.25,1.00
2016.12.08 17:54:25.441,0.85026,0.85035,1.25,1.87
2016.12.08 17:54:27.466,0.85025,0.85034,1.50,1.00
2016.12.08 17:54:27.996,0.85024,0.85033,1.25,1.00
2016.12.08 17:54:30.105,0.85024,0.85034,1.25,1.87
2016.12.08 17:54:30.647,0.85024,0.85035,1.69,1.87
2016.12.08 17:54:31.160,0.85024,0.85034,1.69,1.00
2016.12.08 17:54:31.672,0.85025,0.85034,1.00,1.00
2016.12.08 17:54:32.486,0.85026,0.85036,1.25,1.00
2016.12.08 17:54:32.740,0.85026,0.85038,2.44,1.50
2016.12.08 17:54:32.803,0.85028,0.85038,1.50,1.00
2016.12.08 17:54:33.106,0.85032,0.8504,1.25,1.81
2016.12.08 17:54:37.801,0.85029,0.85039,1.31,1.00
2016.12.08 17:54:37.852,0.85029,0.85038,1.31,1.31
2016.12.08 17:54:38.550,0.85029,0.85038,1.25,1.31
2016.12.08 17:54:42.227,0.85031,0.85039,1.25,1.31
2016.12.08 17:54:42.417,0.85031,0.85039,1.25,1.00
2016.12.08 17:54:42.671,0.85031,0.85041,1.25,2.25
2016.12.08 17:54:44.362,0.85031,0.85041,1.25,2.25
2016.12.08 17:54:44.463,0.85029,0.85038,2.06,1.00
2016.12.08 17:54:45.004,0.8503,0.85038,1.25,1.00
2016.12.08 17:54:47.823,0.8503,0.8504,1.25,2.62
2016.12.08 17:54:48.324,0.85029,0.85038,1.25,1.00
2016.12.08 17:54:48.626,0.85029,0.85036,1.25,1.00
2016.12.08 17:54:49.130,0.85028,0.85035,1.25,1.00
2016.12.08 17:54:55.886,0.85028,0.85036,1.25,1.00
2016.12.08 17:54:56.224,0.85032,0.85039,1.25,1.50
2016.12.08 17:54:56.428,0.8503,0.85039,1.25,1.50
2016.12.08 17:54:56.480,0.8503,0.85037,1.25,1.00
2016.12.08 17:54:56.999,0.85028,0.85038,1.25,1.00
2016.12.08 17:54:57.660,0.85029,0.85038,1.25,1.00
2016.12.08 17:54:58.175,0.85028,0.85038,1.25,1.87
2016.12.08 17:54:58.479,0.85028,0.85036,1.25,2.25
2016.12.08 17:55:06.912,0.85026,0.85034,1.25,1.87
2016.12.08 17:55:07.437,0.85027,0.85036,1.25,3.00
2016.12.08 17:55:07.539,0.85029,0.85036,1.25,2.25
2016.12.08 17:55:07.591,0.85028,0.85035,1.00,1.12
2016.12.08 17:55:07.642,0.85026,0.85036,1.31,1.37
2016.12.08 17:55:07.845,0.85027,0.85037,1.50,1.12
2016.12.08 17:55:08.903,0.85027,0.85037,1.00,2.62
2016.12.08 17:55:10.112,0.85027,0.85037,1.87,1.12
2016.12.08 17:55:10.314,0.85028,0.85039,1.37,1.87
2016.12.08 17:55:10.542,0.85027,0.85037,1.00,1.12
2016.12.08 17:55:11.049,0.85027,0.85037,1.00,1.37
2016.12.08 17:55:11.202,0.85026,0.85036,1.69,1.37
2016.12.08 17:55:11.307,0.85024,0.85034,1.12,1.12
2016.12.08 17:55:11.409,0.85024,0.85034,1.12,2.62
2016.12.08 17:55:11.967,0.85024,0.85034,1.00,1.87
2016.12.08 17:55:12.656,0.85025,0.85034,1.25,1.37
2016.12.08 17:55:13.162,0.85026,0.85034,1.25,1.87
2016.12.08 17:55:13.845,0.85025,0.85036,1.12,2.62
2016.12.08 17:55:14.149,0.85026,0.85037,2.81,1.37
2016.12.08 17:55:14.555,0.85029,0.85038,1.00,1.87
2016.12.08 17:55:15.000,0.85032,0.85039,1.25,1.50
2016.12.08 17:55:15.609,0.85031,0.85041,1.69,1.87
2016.12.08 17:55:16.166,0.85031,0.85042,2.44,1.37
2016.12.08 17:55:16.693,0.85032,0.85042,1.00,1.37
2016.12.08 17:55:16.896,0.85035,0.85042,1.25,2.25
2016.12.08 17:55:18.098,0.85031,0.8504,1.25,1.12
2016.12.08 17:55:18.149,0.8503,0.8504,1.25,1.87
2016.12.08 17:55:18.454,0.85034,0.85041,1.25,1.12
2016.12.08 17:55:19.710,0.85037,0.85043,1.31,1.37
2016.12.08 17:55:19.812,0.85037,0.85045,1.25,2.62
2016.12.08 17:55:20.015,0.85037,0.85042,1.25,1.00
2016.12.08 17:55:20.066,0.85034,0.85043,1.31,1.50
2016.12.08 17:55:20.573,0.85035,0.85043,1.25,2.25
2016.12.08 17:55:22.194,0.85035,0.85041,1.25,1.00
2016.12.08 17:55:22.245,0.85033,0.85044,2.44,1.00
2016.12.08 17:55:22.296,0.85034,0.85044,1.37,1.00
2016.12.08 17:55:22.600,0.85038,0.85049,1.50,2.62
2016.12.08 17:55:22.752,0.85042,0.85053,1.00,4.87
2016.12.08 17:55:22.977,0.85041,0.85052,1.25,1.12
2016.12.08 17:55:23.079,0.85039,0.85051,2.44,1.37
2016.12.08 17:55:23.383,0.85039,0.8505,1.00,2.25
2016.12.08 17:55:23.889,0.8504,0.8505,1.25,1.50
2016.12.08 17:55:24.294,0.8504,0.8505,1.25,1.00
2016.12.08 17:55:24.718,0.85038,0.85049,1.00,1.50
2016.12.08 17:55:25.223,0.85039,0.8505,1.00,1.00
2016.12.08 17:55:26.037,0.85038,0.8505,1.00,1.00
2016.12.08 17:55:26.721,0.85038,0.85047,1.00,1.00
2016.12.08 17:55:27.263,0.85037,0.85047,1.00,1.00
2016.12.08 17:55:27.826,0.85037,0.85049,1.50,1.50
2016.12.08 17:55:27.877,0.85039,0.85048,1.00,1.00
2016.12.08 17:55:28.651,0.85039,0.85049,1.00,1.00
2016.12.08 17:55:29.400,0.8504,0.85049,1.00,1.00
2016.12.08 17:55:31.071,0.85039,0.85049,1.00,1.00
2016.12.08 17:55:31.615,0.85038,0.85049,1.50,1.00
2016.12.08 17:55:33.394,0.85038,0.85048,1.00,1.00
2016.12.08 17:55:34.387,0.85038,0.85049,1.50,1.00
2016.12.08 17:55:34.897,0.85038,0.85048,1.00,1.00
2016.12.08 17:55:36.136,0.85037,0.85046,1.50,1.50
2016.12.08 17:55:36.936,0.85038,0.85046,1.25,1.00
2016.12.08 17:55:37.442,0.85038,0.85047,1.31,1.50
2016.12.08 17:55:37.986,0.85038,0.85048,1.62,1.50
2016.12.08 17:55:38.821,0.85037,0.85048,1.00,1.87
2016.12.08 17:55:39.552,0.85036,0.85047,2.81,1.12
2016.12.08 17:55:40.029,0.85037,0.85046,1.00,1.87
2016.12.08 17:55:40.632,0.85036,0.85046,1.25,1.37
2016.12.08 17:55:41.823,0.85037,0.85047,1.25,2.62
2016.12.08 17:55:42.127,0.8504,0.85047,1.25,1.00
2016.12.08 17:55:43.229,0.8504,0.85048,1.25,1.87
2016.12.08 17:55:44.598,0.85039,0.85045,1.25,1.00
2016.12.08 17:55:45.102,0.85038,0.85046,1.25,1.87
2016.12.08 17:55:47.119,0.85041,0.85047,1.25,1.12
2016.12.08 17:55:48.901,0.85041,0.85049,1.25,1.12
2016.12.08 17:55:49.175,0.85039,0.85049,2.44,1.12
2016.12.08 17:55:49.328,0.85038,0.85048,1.69,1.37
2016.12.08 17:55:49.970,0.85041,0.85048,1.25,1.37
2016.12.08 17:55:50.021,0.85041,0.85049,1.25,1.50
2016.12.08 17:55:52.894,0.85043,0.8505,1.25,1.12
2016.12.08 17:55:53.046,0.85042,0.85052,1.25,1.50
2016.12.08 17:55:53.252,0.85041,0.8505,1.37,1.50
2016.12.08 17:55:53.353,0.85038,0.85046,1.69,1.37
2016.12.08 17:55:53.556,0.85039,0.85047,1.00,1.00
2016.12.08 17:55:54.064,0.85038,0.85047,1.25,1.00
2016.12.08 17:55:54.507,0.8504,0.85048,1.00,1.50
2016.12.08 17:55:55.041,0.8504,0.85048,1.00,1.00
2016.12.08 17:55:55.954,0.85039,0.85046,1.00,1.00
2016.12.08 17:55:56.005,0.85037,0.85046,1.00,1.00
2016.12.08 17:55:56.607,0.85037,0.85047,1.00,1.00
2016.12.08 17:55:56.913,0.85039,0.85047,1.00,1.00
2016.12.08 17:55:57.217,0.85039,0.85046,1.00,1.37
2016.12.08 17:55:57.269,0.85037,0.85046,1.00,1.37
2016.12.08 17:55:57.774,0.85038,0.85046,1.00,1.37
2016.12.08 17:55:57.999,0.85036,0.85046,1.00,1.37
2016.12.08 17:55:58.565,0.85038,0.85047,1.00,1.50
2016.12.08 17:55:58.616,0.85038,0.85047,1.00,1.00
2016.12.08 17:55:59.181,0.85038,0.85045,1.00,1.00
2016.12.08 17:55:59.334,0.85035,0.85044,1.00,1.00
2016.12.08 17:56:00.198,0.85036,0.85045,1.00,1.87
2016.12.08 17:56:00.300,0.85036,0.85047,1.00,2.62
2016.12.08 17:56:00.837,0.85037,0.85047,1.00,1.87
2016.12.08 17:56:02.720,0.85037,0.85045,1.25,1.00
2016.12.08 17:56:03.061,0.85035,0.85045,1.00,1.37
2016.12.08 17:56:05.507,0.85034,0.85045,2.44,2.62
2016.12.08 17:56:05.913,0.85036,0.85045,1.25,2.62
2016.12.08 17:56:05.964,0.85036,0.85045,2.44,1.50
2016.12.08 17:56:06.171,0.85039,0.85047,1.00,1.50
2016.12.08 17:56:06.293,0.85041,0.85048,1.25,1.00
2016.12.08 17:56:06.648,0.85038,0.85049,1.00,2.25
2016.12.08 17:56:07.155,0.85039,0.85048,1.00,1.37
2016.12.08 17:56:07.964,0.85038,0.8505,1.50,1.50
2016.12.08 17:56:08.116,0.8504,0.85049,1.00,1.37
2016.12.08 17:56:08.664,0.8504,0.85049,1.50,1.12
2016.12.08 17:56:08.717,0.85037,0.85048,3.19,1.00
2016.12.08 17:56:08.869,0.85038,0.85048,1.00,2.62
2016.12.08 17:56:09.173,0.85043,0.85052,1.00,1.87
2016.12.08 17:56:09.690,0.85042,0.85053,1.25,1.50
2016.12.08 17:56:11.042,0.85042,0.85049,1.25,1.00
2016.12.08 17:56:11.143,0.85039,0.85049,1.00,1.50
2016.12.08 17:56:11.678,0.8504,0.85049,1.00,1.00
2016.12.08 17:56:12.680,0.85039,0.85049,1.69,1.87
2016.12.08 17:56:12.732,0.85039,0.85049,1.69,3.00
2016.12.08 17:56:13.732,0.8504,0.85049,1.00,1.50
2016.12.08 17:56:13.834,0.85042,0.8505,1.25,2.25
2016.12.08 17:56:14.341,0.85043,0.85052,1.00,1.87
2016.12.08 17:56:16.516,0.85044,0.85054,1.00,3.00
2016.12.08 17:56:16.568,0.85047,0.85054,1.25,1.37
2016.12.08 17:56:16.619,0.85045,0.85054,1.25,1.37
2016.12.08 17:56:17.032,0.85045,0.85054,1.25,1.12
2016.12.08 17:56:17.083,0.85047,0.85056,1.25,2.62
2016.12.08 17:56:17.275,0.85049,0.85058,1.69,1.87
2016.12.08 17:56:17.781,0.8505,0.85058,1.00,1.12
2016.12.08 17:56:18.034,0.85048,0.85057,1.00,1.75
2016.12.08 17:56:18.574,0.85047,0.85056,1.69,1.87
2016.12.08 17:56:18.726,0.85044,0.85055,1.00,1.37
2016.12.08 17:56:19.756,0.85045,0.85055,1.25,2.62
2016.12.08 17:56:20.269,0.85044,0.85055,1.00,3.37
2016.12.08 17:56:20.471,0.85046,0.85055,1.25,1.50
2016.12.08 17:56:21.139,0.85045,0.85054,1.00,1.12
2016.12.08 17:56:21.640,0.85044,0.85054,1.00,1.87
2016.12.08 17:56:23.489,0.85045,0.85056,1.00,1.87
2016.12.08 17:56:23.844,0.85043,0.85054,2.44,1.12
2016.12.08 17:56:24.237,0.85045,0.85054,1.00,2.25
2016.12.08 17:56:24.743,0.85045,0.85055,1.00,2.25
2016.12.08 17:56:25.369,0.85044,0.85054,1.00,1.50
2016.12.08 17:56:26.640,0.85046,0.85054,1.00,1.00
2016.12.08 17:56:27.141,0.85047,0.85055,1.00,1.00
2016.12.08 17:56:27.684,0.85047,0.85056,1.00,2.25
2016.12.08 17:56:28.042,0.85043,0.85051,1.69,1.00
2016.12.08 17:56:28.355,0.85045,0.85051,1.00,1.00
2016.12.08 17:56:29.560,0.85048,0.85055,1.69,1.00
2016.12.08 17:56:29.661,0.85049,0.85057,1.00,1.00
2016.12.08 17:56:30.189,0.85049,0.85058,1.00,1.00
2016.12.08 17:56:31.014,0.85049,0.85059,1.00,1.00
2016.12.08 17:56:31.167,0.85051,0.85059,1.25,1.00
2016.12.08 17:56:33.972,0.85051,0.8506,1.25,1.00
2016.12.08 17:56:35.047,0.85052,0.8506,1.00,1.00
2016.12.08 17:56:36.803,0.85051,0.8506,1.00,1.00
2016.12.08 17:56:37.415,0.85052,0.8506,1.00,1.00
2016.12.08 17:56:41.313,0.85054,0.85061,1.00,1.00
2016.12.08 17:56:42.343,0.85054,0.85062,1.00,1.00
2016.12.08 17:56:42.445,0.85056,0.85065,1.00,1.00
2016.12.08 17:56:42.496,0.85058,0.85065,1.00,1.00
2016.12.08 17:56:42.597,0.85056,0.85066,1.50,2.62
2016.12.08 17:56:42.649,0.85057,0.85066,1.69,2.62
2016.12.08 17:56:43.191,0.85058,0.85066,1.00,2.62
2016.12.08 17:56:43.695,0.85057,0.85066,1.25,1.87
2016.12.08 17:56:45.076,0.85057,0.85066,1.25,1.50
2016.12.08 17:56:45.127,0.85059,0.85064,1.25,1.00
2016.12.08 17:56:45.178,0.85057,0.85065,1.25,1.50
2016.12.08 17:56:45.229,0.85059,0.85067,1.00,1.50
2016.12.08 17:56:45.281,0.85059,0.85068,1.00,1.12
2016.12.08 17:56:45.842,0.8506,0.85069,1.69,1.12
2016.12.08 17:56:46.247,0.85063,0.85069,1.00,1.12
2016.12.08 17:56:46.298,0.85061,0.85069,1.00,1.12
2016.12.08 17:56:46.820,0.85062,0.8507,1.00,1.87
2016.12.08 17:56:47.225,0.85062,0.85072,1.50,2.25
2016.12.08 17:56:47.744,0.85063,0.85071,1.00,1.12
2016.12.08 17:56:47.818,0.85063,0.85069,1.00,1.00
2016.12.08 17:56:48.022,0.85061,0.85069,1.00,1.00
2016.12.08 17:56:48.619,0.85062,0.85069,1.00,1.00
2016.12.08 17:56:49.111,0.8506,0.85069,1.69,1.00
2016.12.08 17:56:49.682,0.85061,0.85069,1.00,1.37
2016.12.08 17:56:50.186,0.85062,0.85069,1.00,1.37
2016.12.08 17:56:51.246,0.8506,0.85069,1.69,1.00
2016.12.08 17:56:52.150,0.85061,0.85071,1.25,2.25
2016.12.08 17:56:54.076,0.85061,0.85069,1.25,1.00
2016.12.08 17:56:55.497,0.85062,0.85069,1.00,1.00
2016.12.08 17:56:55.793,0.85064,0.85072,1.25,1.87
2016.12.08 17:56:55.844,0.85064,0.85072,1.25,1.87
2016.12.08 17:56:56.061,0.85064,0.85071,1.69,1.37
2016.12.08 17:56:56.264,0.85062,0.85072,1.25,1.50
2016.12.08 17:56:57.228,0.85062,0.85068,1.25,1.00
2016.12.08 17:56:57.806,0.85062,0.85069,1.25,1.12
2016.12.08 17:56:58.523,0.85063,0.8507,1.25,1.37
2016.12.08 17:56:58.574,0.85066,0.85071,1.25,1.00
2016.12.08 17:56:59.600,0.85066,0.85072,1.25,1.50
2016.12.08 17:57:00.278,0.85063,0.85071,1.25,1.00
2016.12.08 17:57:00.379,0.85063,0.85071,1.25,1.37
2016.12.08 17:57:00.481,0.85063,0.85071,1.25,1.12
2016.12.08 17:57:02.923,0.85066,0.85073,1.25,1.37
2016.12.08 17:57:02.974,0.85066,0.85073,1.25,1.12
2016.12.08 17:57:14.166,0.85066,0.85075,1.69,1.50
2016.12.08 17:57:15.395,0.85066,0.85074,1.69,1.00
2016.12.08 17:57:15.498,0.85064,0.85073,1.00,1.12
2016.12.08 17:57:15.600,0.85063,0.85071,1.00,1.37
2016.12.08 17:57:15.701,0.85063,0.85073,1.00,1.12
2016.12.08 17:57:16.250,0.85063,0.85074,1.00,1.87
2016.12.08 17:57:16.302,0.85062,0.85071,1.12,1.00
2016.12.08 17:57:17.328,0.85062,0.85073,1.00,1.50
2016.12.08 17:57:18.656,0.85062,0.85071,1.00,1.00
2016.12.08 17:57:19.171,0.85064,0.85073,1.25,1.00
2016.12.08 17:57:19.526,0.85063,0.85071,1.25,1.00
2016.12.08 17:57:19.577,0.85061,0.85071,1.50,1.00
2016.12.08 17:57:20.188,0.85062,0.85071,1.25,1.00
2016.12.08 17:57:20.695,0.85062,0.85072,1.25,1.12
2016.12.08 17:57:21.794,0.85062,0.85071,1.25,1.50
2016.12.08 17:57:22.800,0.85062,0.85072,1.25,1.37
2016.12.08 17:57:23.408,0.85065,0.85074,1.00,1.87
2016.12.08 17:57:23.713,0.85063,0.85072,1.00,1.87
2016.12.08 17:57:24.242,0.85062,0.85071,1.69,1.12
2016.12.08 17:57:24.589,0.85064,0.85071,1.00,1.37
2016.12.08 17:57:25.579,0.85064,0.85068,1.00,1.00
2016.12.08 17:57:26.168,0.85062,0.85067,1.25,1.00
2016.12.08 17:57:26.219,0.85062,0.85069,1.25,1.00
2016.12.08 17:57:26.727,0.85062,0.8507,1.25,1.00
2016.12.08 17:57:26.980,0.85064,0.85068,1.00,1.00
2016.12.08 17:57:27.081,0.8506,0.85068,1.69,1.00
2016.12.08 17:57:27.854,0.85059,0.85066,1.00,1.00
2016.12.08 17:57:28.209,0.8506,0.85068,1.25,1.00
2016.12.08 17:57:28.894,0.8506,0.85068,1.62,1.00
2016.12.08 17:57:29.271,0.85062,0.85071,1.00,1.00
2016.12.08 17:57:29.777,0.85063,0.85071,1.00,1.00
2016.12.08 17:57:30.530,0.85063,0.8507,1.12,1.00
2016.12.08 17:57:30.581,0.85065,0.85071,1.31,1.00
2016.12.08 17:57:31.798,0.85065,0.85073,1.31,1.00
2016.12.08 17:57:31.900,0.85065,0.85074,2.06,1.00
2016.12.08 17:57:32.001,0.85065,0.85074,1.25,1.00
2016.12.08 17:57:32.693,0.85065,0.85071,1.25,1.00
2016.12.08 17:57:33.698,0.85065,0.85073,1.25,1.00
2016.12.08 17:57:34.989,0.85065,0.85072,1.25,1.00
2016.12.08 17:57:35.495,0.85065,0.85073,1.31,1.00
2016.12.08 17:57:35.748,0.85068,0.85075,1.25,1.00
2016.12.08 17:57:35.799,0.85068,0.85077,2.06,1.50
2016.12.08 17:57:36.141,0.85068,0.85077,2.44,1.00
2016.12.08 17:57:36.649,0.85068,0.85078,2.44,1.00
2016.12.08 17:57:37.194,0.85071,0.85078,1.25,1.00
2016.12.08 17:57:38.821,0.85071,0.85077,1.25,1.00
2016.12.08 17:57:40.492,0.85071,0.85079,1.31,1.00
2016.12.08 17:57:41.854,0.85071,0.85078,1.31,1.00
2016.12.08 17:57:41.906,0.85071,0.85075,1.31,1.00
2016.12.08 17:57:41.957,0.85071,0.85077,1.31,1.00
2016.12.08 17:57:42.464,0.8507,0.85077,1.25,1.00
2016.12.08 17:57:43.260,0.85073,0.85081,1.25,1.00
2016.12.08 17:57:43.412,0.85074,0.85083,1.12,1.00
2016.12.08 17:57:43.918,0.85074,0.85084,1.00,1.00
2016.12.08 17:57:44.425,0.85075,0.85084,1.00,1.00
2016.12.08 17:57:44.623,0.85075,0.85082,1.00,1.00
2016.12.08 17:57:45.133,0.85074,0.85082,1.00,1.00
2016.12.08 17:57:45.674,0.85075,0.85082,1.00,1.00
2016.12.08 17:57:47.261,0.85074,0.85081,1.31,1.00
2016.12.08 17:57:47.566,0.85072,0.85078,1.25,1.00
2016.12.08 17:57:48.698,0.8507,0.85074,1.25,1.00
2016.12.08 17:57:48.800,0.85072,0.85077,1.25,1.00
2016.12.08 17:57:49.431,0.85069,0.85075,1.31,1.00
2016.12.08 17:57:50.864,0.85068,0.85075,1.25,1.00
2016.12.08 17:57:51.641,0.85069,0.85075,1.25,1.00
2016.12.08 17:57:52.965,0.85068,0.85075,1.69,1.00
2016.12.08 17:57:54.238,0.85068,0.85073,1.00,1.00
2016.12.08 17:57:54.289,0.85065,0.85074,3.19,1.00
2016.12.08 17:57:54.938,0.85067,0.85075,1.69,1.37
2016.12.08 17:57:55.486,0.85067,0.85075,1.69,1.00
2016.12.08 17:57:57.888,0.85068,0.85075,1.00,1.00
2016.12.08 17:57:57.989,0.8507,0.85076,1.25,1.00
2016.12.08 17:57:58.040,0.8507,0.85078,1.25,1.00
2016.12.08 17:58:00.190,0.85071,0.85078,1.25,1.00
2016.12.08 17:58:01.146,0.8507,0.85078,1.25,1.00
2016.12.08 17:58:01.696,0.85067,0.85074,1.37,1.00
2016.12.08 17:58:01.747,0.85066,0.85073,1.25,1.12
2016.12.08 17:58:03.446,0.85066,0.85074,1.25,1.00
2016.12.08 17:58:03.598,0.85066,0.85072,1.25,1.00
2016.12.08 17:58:04.145,0.85066,0.85071,1.25,1.00
2016.12.08 17:58:04.630,0.85069,0.85074,1.25,1.37
2016.12.08 17:58:05.146,0.85069,0.85074,1.25,1.12
2016.12.08 17:58:05.712,0.85068,0.85075,1.25,1.37
2016.12.08 17:58:12.188,0.85068,0.85077,2.44,1.00
2016.12.08 17:58:12.625,0.85067,0.85075,1.50,1.00
2016.12.08 17:58:13.190,0.85067,0.85076,1.50,1.00
2016.12.08 17:58:13.497,0.85068,0.85078,1.00,1.87
2016.12.08 17:58:14.355,0.85068,0.85077,1.00,1.00
2016.12.08 17:58:14.862,0.85067,0.85077,1.50,1.00
2016.12.08 17:58:15.761,0.85067,0.85076,1.50,1.00
2016.12.08 17:58:16.299,0.85067,0.85075,1.50,1.00
2016.12.08 17:58:16.852,0.85068,0.85075,1.00,1.00
2016.12.08 17:58:17.747,0.85068,0.85077,1.00,1.00
2016.12.08 17:58:18.495,0.85069,0.85078,1.69,1.12
2016.12.08 17:58:18.546,0.85072,0.8508,1.50,1.00
2016.12.08 17:58:19.053,0.85072,0.85079,1.00,1.12
2016.12.08 17:58:19.939,0.85071,0.85079,1.00,1.87
2016.12.08 17:58:20.092,0.8507,0.85081,2.62,3.00
2016.12.08 17:58:20.497,0.85073,0.85081,1.00,1.00
2016.12.08 17:58:20.649,0.85073,0.85083,1.50,2.62
2016.12.08 17:58:20.953,0.85075,0.85084,1.00,1.50
2016.12.08 17:58:21.459,0.85075,0.85084,1.00,1.00
2016.12.08 17:58:22.142,0.85074,0.85082,1.12,1.00
2016.12.08 17:58:22.246,0.85072,0.85082,1.87,1.00
2016.12.08 17:58:22.298,0.85073,0.8508,1.00,1.00
2016.12.08 17:58:22.654,0.85074,0.85082,1.00,1.00
2016.12.08 17:58:22.822,0.85072,0.85082,1.00,1.00
2016.12.08 17:58:23.363,0.85072,0.85081,1.00,1.00
2016.12.08 17:58:23.889,0.85073,0.85081,1.00,1.00
2016.12.08 17:58:24.439,0.85072,0.8508,1.00,1.00
2016.12.08 17:58:24.974,0.85071,0.8508,1.00,1.00
2016.12.08 17:58:25.897,0.85072,0.8508,1.00,1.00
2016.12.08 17:58:26.194,0.85074,0.8508,1.00,1.00
2016.12.08 17:58:26.701,0.85074,0.85081,1.00,1.00
2016.12.08 17:58:27.448,0.85073,0.85079,1.00,1.00
2016.12.08 17:58:27.973,0.85072,0.85079,1.00,1.00
2016.12.08 17:58:28.467,0.85074,0.85081,1.00,1.00
2016.12.08 17:58:28.822,0.85074,0.85083,1.00,2.25
2016.12.08 17:58:29.392,0.85074,0.85082,1.00,1.00
2016.12.08 17:58:29.544,0.85076,0.85084,1.00,3.37
2016.12.08 17:58:30.118,0.85075,0.85084,1.50,1.50
2016.12.08 17:58:30.424,0.85073,0.85082,1.50,1.50
2016.12.08 17:58:30.970,0.85074,0.85083,1.00,1.50
2016.12.08 17:58:31.517,0.85074,0.85084,1.00,1.12
2016.12.08 17:58:32.107,0.85074,0.85082,1.00,1.00
2016.12.08 17:58:32.650,0.85075,0.85084,1.00,1.50
2016.12.08 17:58:33.328,0.85074,0.85083,1.00,1.12
2016.12.08 17:58:33.993,0.85074,0.85082,1.00,1.00
2016.12.08 17:58:34.533,0.85073,0.85082,1.50,1.00
2016.12.08 17:58:35.136,0.85073,0.85083,1.50,1.00
2016.12.08 17:58:35.719,0.85074,0.85083,1.00,1.00
2016.12.08 17:58:39.122,0.85077,0.85085,1.00,3.37
2016.12.08 17:58:39.628,0.85077,0.85085,1.00,1.50
2016.12.08 17:58:40.136,0.85078,0.85085,1.00,1.00
2016.12.08 17:58:40.348,0.85076,0.85085,1.50,1.00
2016.12.08 17:58:40.501,0.85078,0.85086,1.00,1.00
2016.12.08 17:58:41.041,0.85078,0.85087,1.00,1.00
2016.12.08 17:58:41.576,0.85078,0.85088,1.00,2.25
2016.12.08 17:58:42.078,0.8508,0.85088,1.00,1.50
2016.12.08 17:58:42.424,0.85079,0.85086,1.00,1.00
2016.12.08 17:58:42.475,0.85079,0.85088,1.00,1.12
2016.12.08 17:58:42.984,0.85078,0.85088,1.12,1.87
2016.12.08 17:58:44.275,0.85078,0.85086,1.00,1.00
2016.12.08 17:58:44.428,0.85076,0.85085,2.25,1.00
2016.12.08 17:58:44.529,0.85077,0.85087,1.00,1.50
2016.12.08 17:58:46.792,0.85078,0.85087,1.00,1.50
2016.12.08 17:58:48.189,0.85077,0.85087,1.00,1.50
2016.12.08 17:58:48.694,0.85078,0.85087,1.00,1.50
2016.12.08 17:58:49.267,0.85077,0.85087,1.00,1.50
2016.12.08 17:58:50.131,0.85078,0.85085,1.00,1.00
2016.12.08 17:58:50.434,0.85075,0.85084,1.69,1.00
2016.12.08 17:58:50.587,0.85076,0.85086,1.00,1.50
2016.12.08 17:58:50.840,0.85078,0.85084,1.00,1.00
2016.12.08 17:58:50.891,0.85075,0.85084,1.50,1.50
2016.12.08 17:58:51.194,0.85073,0.85082,1.37,1.00
2016.12.08 17:58:51.246,0.85072,0.85082,1.50,1.12
2016.12.08 17:58:51.550,0.85074,0.85083,1.50,1.50
2016.12.08 17:58:52.138,0.85075,0.85083,1.00,1.50
2016.12.08 17:58:52.496,0.85073,0.85082,1.12,1.00
2016.12.08 17:58:53.009,0.85074,0.85082,1.00,1.00
2016.12.08 17:58:53.895,0.85075,0.85082,1.00,1.00
2016.12.08 17:58:54.417,0.85076,0.85083,1.00,1.00
2016.12.08 17:58:54.919,0.85075,0.85083,1.00,1.00
2016.12.08 17:58:55.539,0.85076,0.85083,1.00,1.00
2016.12.08 17:58:56.044,0.85076,0.85084,1.00,1.50
2016.12.08 17:58:59.281,0.85076,0.85083,1.00,1.00
2016.12.08 17:58:59.383,0.85074,0.85083,1.00,1.00
2016.12.08 17:58:59.520,0.85077,0.85084,1.25,1.12
2016.12.08 17:59:00.029,0.85078,0.85085,1.50,1.00
2016.12.08 17:59:00.535,0.85078,0.85087,1.50,2.62
2016.12.08 17:59:01.042,0.85079,0.85087,1.00,1.12
2016.12.08 17:59:01.599,0.8508,0.85088,1.00,1.87
2016.12.08 17:59:02.141,0.85079,0.85088,1.00,1.87
2016.12.08 17:59:04.364,0.85076,0.85087,2.44,1.87
2016.12.08 17:59:05.749,0.85077,0.85087,1.00,1.12
2016.12.08 17:59:05.951,0.85079,0.85087,1.00,1.12
2016.12.08 17:59:06.490,0.85079,0.85086,1.69,1.00
2016.12.08 17:59:06.592,0.8508,0.85089,1.37,1.50
2016.12.08 17:59:07.175,0.8508,0.85089,1.50,1.87
2016.12.08 17:59:09.566,0.85079,0.85089,1.69,1.87
2016.12.08 17:59:10.105,0.8508,0.85088,1.00,1.00
2016.12.08 17:59:11.208,0.8508,0.85088,1.00,1.37
2016.12.08 17:59:11.993,0.85079,0.85087,1.25,1.12
2016.12.08 17:59:14.057,0.85079,0.85087,1.25,1.37
2016.12.08 17:59:16.078,0.85082,0.85089,1.25,1.75
2016.12.08 17:59:16.181,0.85083,0.85091,1.25,1.00
2016.12.08 17:59:16.307,0.85078,0.85088,3.94,1.00
2016.12.08 17:59:16.359,0.85079,0.85086,1.25,1.00
2016.12.08 17:59:16.461,0.8508,0.85084,1.25,1.00
2016.12.08 17:59:16.866,0.85084,0.85089,1.25,3.75
2016.12.08 17:59:16.967,0.8508,0.85088,1.25,1.00
2016.12.08 17:59:19.430,0.85078,0.85088,2.81,1.50
2016.12.08 17:59:19.734,0.85077,0.85086,2.81,1.00
2016.12.08 17:59:20.039,0.85077,0.85086,1.25,2.25
2016.12.08 17:59:20.090,0.85077,0.85086,1.69,1.87
2016.12.08 17:59:20.192,0.85079,0.85086,1.69,1.12
2016.12.08 17:59:20.347,0.85074,0.85084,1.50,1.00
2016.12.08 17:59:20.449,0.85071,0.85081,1.87,1.00
2016.12.08 17:59:20.500,0.8507,0.8508,1.00,1.00
2016.12.08 17:59:20.641,0.85069,0.85077,1.69,1.37
2016.12.08 17:59:20.895,0.85069,0.8508,1.69,1.50
2016.12.08 17:59:20.946,0.85072,0.8508,1.25,1.50
2016.12.08 17:59:21.453,0.85072,0.8508,1.25,1.00
2016.12.08 17:59:23.768,0.85072,0.85079,1.25,1.00
2016.12.08 17:59:24.681,0.85072,0.85081,1.25,1.00
2016.12.08 17:59:26.241,0.85073,0.85081,1.00,1.00
2016.12.08 17:59:27.129,0.85076,0.85083,1.25,1.00
2016.12.08 17:59:27.635,0.85076,0.85082,1.25,1.00
2016.12.08 17:59:29.309,0.85077,0.85082,1.25,1.00
2016.12.08 17:59:30.051,0.85079,0.85085,1.25,3.75
2016.12.08 17:59:30.153,0.85079,0.85086,1.25,1.12
2016.12.08 17:59:30.345,0.85079,0.85084,1.25,1.00
2016.12.08 17:59:30.603,0.85076,0.85082,1.25,1.00
2016.12.08 17:59:30.857,0.85076,0.85085,1.69,1.00
2016.12.08 17:59:31.361,0.85077,0.85086,1.00,1.87
2016.12.08 17:59:32.177,0.85077,0.85086,1.00,1.87
2016.12.08 17:59:32.696,0.85076,0.85086,1.69,1.87
2016.12.08 17:59:32.747,0.8508,0.85086,1.25,1.37
2016.12.08 17:59:34.642,0.85078,0.85087,1.25,1.37
2016.12.08 17:59:35.147,0.85077,0.85087,1.69,1.37
2016.12.08 17:59:35.199,0.85076,0.85083,1.00,1.37
2016.12.08 17:59:35.300,0.85074,0.85082,2.06,1.12
2016.12.08 17:59:36.603,0.85075,0.85082,1.25,1.00
2016.12.08 17:59:36.704,0.85075,0.85084,1.25,1.87
2016.12.08 17:59:37.511,0.85075,0.85084,1.25,1.87
2016.12.08 17:59:39.293,0.85075,0.85084,1.25,1.12
2016.12.08 17:59:39.345,0.85078,0.85085,1.25,1.87
2016.12.08 17:59:39.499,0.85072,0.85079,1.25,1.00
2016.12.08 17:59:39.652,0.85072,0.85077,1.25,1.00
2016.12.08 17:59:39.856,0.85069,0.85077,1.00,1.00
2016.12.08 17:59:40.388,0.85068,0.85077,1.00,1.00
2016.12.08 17:59:44.586,0.85066,0.85076,1.31,1.00
2016.12.08 17:59:45.133,0.85066,0.85075,1.62,1.00
2016.12.08 17:59:45.688,0.85066,0.85074,1.25,1.00
2016.12.08 17:59:47.416,0.85065,0.85075,1.00,1.00
2016.12.08 17:59:47.919,0.85064,0.85075,2.81,1.00
2016.12.08 17:59:48.997,0.85064,0.85073,2.81,1.00
2016.12.08 17:59:49.301,0.85063,0.85071,1.12,1.37
2016.12.08 17:59:49.403,0.85061,0.85071,1.00,1.37
2016.12.08 17:59:50.299,0.85061,0.85069,1.00,1.00
2016.12.08 17:59:50.401,0.85063,0.8507,1.00,1.00
2016.12.08 17:59:51.738,0.85063,0.8507,1.00,1.37
2016.12.08 17:59:52.289,0.85063,0.8507,1.00,1.00
2016.12.08 17:59:52.519,0.85064,0.85073,1.69,3.37
2016.12.08 17:59:53.025,0.85064,0.85073,2.44,1.00
2016.12.08 17:59:53.534,0.85066,0.85074,2.44,1.50
2016.12.08 17:59:53.874,0.85064,0.85073,1.00,1.00
2016.12.08 17:59:54.381,0.85061,0.85069,1.00,1.00
2016.12.08 17:59:54.697,0.85063,0.85069,1.00,1.00
2016.12.08 17:59:55.246,0.85062,0.85068,1.00,1.00
2016.12.08 17:59:55.791,0.85061,0.85068,1.00,1.00
2016.12.08 17:59:56.340,0.85061,0.85069,1.00,1.06
2016.12.08 17:59:56.595,0.85059,0.85068,1.00,2.25
2016.12.08 17:59:56.647,0.85064,0.85068,1.00,1.00
2016.12.08 17:59:56.797,0.85061,0.85069,1.25,1.00
2016.12.08 17:59:56.849,0.85064,0.8507,1.25,1.12
2016.12.08 17:59:57.103,0.85062,0.8507,1.00,1.12
2016.12.08 17:59:57.559,0.8506,0.8507,1.69,1.87
2016.12.08 17:59:57.610,0.85062,0.8507,1.25,2.62
2016.12.08 17:59:57.915,0.85065,0.8507,1.25,2.62
2016.12.08 17:59:58.472,0.85062,0.8507,1.25,1.87
2016.12.08 17:59:58.992,0.85062,0.85071,2.44,1.50
2016.12.08 17:59:59.536,0.85063,0.85071,1.00,1.50
