2016.12.27 08:00:00.118,0.84381,0.84391,1.00,1.69
2016.12.27 08:00:00.443,0.84383,0.84391,1.50,1.25
2016.12.27 08:00:00.545,0.84385,0.84394,1.00,1.24
2016.12.27 08:00:00.849,0.84384,0.84395,1.00,1.99
2016.12.27 08:00:00.950,0.84384,0.84395,1.00,2.74
2016.12.27 08:00:01.003,0.84382,0.84393,1.00,1.99
2016.12.27 08:00:01.078,0.84381,0.84391,1.00,1.69
2016.12.27 08:00:01.394,0.84386,0.84394,1.00,1.00
2016.12.27 08:00:01.445,0.84384,0.84394,1.00,1.00
2016.12.27 08:00:01.831,0.84387,0.84398,1.50,1.06
2016.12.27 08:00:02.350,0.84386,0.84398,1.50,1.00
2016.12.27 08:00:02.720,0.84389,0.84398,1.00,1.00
2016.12.27 08:00:03.074,0.84386,0.84397,1.50,1.00
2016.12.27 08:00:03.604,0.84385,0.84395,1.00,1.69
2016.12.27 08:00:04.106,0.84384,0.84395,1.00,1.69
2016.12.27 08:00:04.738,0.84385,0.84395,1.00,1.25
2016.12.27 08:00:05.105,0.84381,0.8439,1.87,1.25
2016.12.27 08:00:05.258,0.84383,0.84394,1.50,1.31
2016.12.27 08:00:05.411,0.84384,0.84396,1.12,1.31
2016.12.27 08:00:05.716,0.84385,0.84394,1.00,1.25
2016.12.27 08:00:06.020,0.84387,0.84397,1.00,1.25
2016.12.27 08:00:06.071,0.84387,0.84397,1.50,1.25
2016.12.27 08:00:06.328,0.84387,0.84397,1.50,1.25
2016.12.27 08:00:06.682,0.8439,0.84397,1.00,1.25
2016.12.27 08:00:06.785,0.8439,0.844,1.00,1.25
2016.12.27 08:00:06.938,0.84387,0.84395,1.00,1.69
2016.12.27 08:00:08.368,0.84383,0.84392,1.50,1.25
2016.12.27 08:00:09.026,0.84381,0.84392,1.00,1.25
2016.12.27 08:00:09.384,0.84384,0.84392,1.00,1.25
2016.12.27 08:00:10.064,0.84383,0.84392,1.00,1.25
2016.12.27 08:00:10.570,0.84384,0.84393,1.00,1.25
2016.12.27 08:00:11.308,0.84385,0.84393,1.00,1.25
2016.12.27 08:00:11.617,0.84385,0.84395,1.00,1.25
2016.12.27 08:00:12.017,0.84387,0.84395,1.00,1.25
2016.12.27 08:00:12.271,0.84382,0.84392,1.87,1.00
2016.12.27 08:00:12.322,0.84382,0.84387,1.00,1.25
2016.12.27 08:00:12.424,0.8438,0.84387,1.00,1.25
2016.12.27 08:00:12.525,0.84381,0.84392,1.00,2.25
2016.12.27 08:00:12.981,0.84379,0.84391,1.00,1.25
2016.12.27 08:00:13.728,0.8438,0.8439,1.50,1.25
2016.12.27 08:00:13.779,0.84384,0.8439,1.00,1.25
2016.12.27 08:00:14.159,0.84382,0.8439,2.25,1.25
2016.12.27 08:00:18.883,0.84383,0.8439,1.00,1.25
2016.12.27 08:00:20.004,0.84382,0.8439,1.50,1.25
2016.12.27 08:00:20.554,0.84384,0.8439,1.00,1.25
2016.12.27 08:00:20.924,0.84386,0.84395,2.44,1.00
2016.12.27 08:00:21.026,0.84388,0.84399,1.50,1.37
2016.12.27 08:00:21.180,0.84394,0.84402,1.00,1.25
2016.12.27 08:00:21.269,0.84394,0.84405,1.87,1.25
2016.12.27 08:00:21.372,0.84395,0.84405,1.37,1.25
2016.12.27 08:00:21.728,0.84393,0.84402,3.00,1.25
2016.12.27 08:00:22.083,0.84391,0.84402,1.00,1.25
2016.12.27 08:00:22.287,0.8439,0.844,1.25,1.00
2016.12.27 08:00:22.726,0.8439,0.84402,1.31,2.06
2016.12.27 08:00:23.232,0.8439,0.84402,1.62,2.44
2016.12.27 08:00:23.589,0.8439,0.844,1.62,1.00
2016.12.27 08:00:24.102,0.8439,0.844,1.25,1.00
2016.12.27 08:00:24.701,0.8439,0.844,1.25,1.87
2016.12.27 08:00:25.463,0.8439,0.84398,1.31,1.00
2016.12.27 08:00:25.515,0.8439,0.844,1.31,1.00
2016.12.27 08:00:26.027,0.8439,0.84399,1.31,1.00
2016.12.27 08:00:27.030,0.84388,0.84399,1.00,1.00
2016.12.27 08:00:27.562,0.84388,0.84399,1.50,1.00
2016.12.27 08:00:30.012,0.84388,0.84399,1.12,1.00
2016.12.27 08:00:30.114,0.84388,0.84399,1.75,1.00
2016.12.27 08:00:31.583,0.84389,0.844,2.44,1.00
2016.12.27 08:00:31.887,0.84395,0.84404,1.31,1.00
2016.12.27 08:00:32.292,0.84392,0.84402,1.75,1.69
2016.12.27 08:00:32.394,0.84391,0.84402,1.87,1.69
2016.12.27 08:00:32.908,0.8439,0.84401,1.00,1.00
2016.12.27 08:00:33.532,0.84389,0.84401,1.50,1.00
2016.12.27 08:00:34.116,0.8439,0.84401,1.00,1.00
2016.12.27 08:00:37.278,0.84392,0.84401,1.00,1.00
2016.12.27 08:00:37.809,0.84392,0.84402,1.00,1.25
2016.12.27 08:00:38.115,0.84393,0.84402,1.37,1.25
2016.12.27 08:00:38.521,0.84392,0.84402,1.50,1.69
2016.12.27 08:00:39.049,0.84391,0.84401,1.12,1.00
2016.12.27 08:00:40.444,0.84391,0.84402,1.12,1.25
2016.12.27 08:00:40.698,0.84393,0.84402,1.00,1.25
2016.12.27 08:00:41.212,0.84393,0.84402,1.37,1.25
2016.12.27 08:00:43.202,0.84396,0.84406,1.00,1.12
2016.12.27 08:00:43.455,0.84398,0.84407,1.00,1.69
2016.12.27 08:00:43.911,0.84396,0.84401,1.37,1.00
2016.12.27 08:00:44.013,0.84393,0.84401,2.06,1.00
2016.12.27 08:00:44.115,0.84393,0.84403,1.31,1.00
2016.12.27 08:00:44.467,0.84393,0.84401,1.31,1.00
2016.12.27 08:00:45.820,0.84391,0.844,1.12,1.50
2016.12.27 08:00:46.192,0.8439,0.844,1.12,1.50
2016.12.27 08:00:48.096,0.8439,0.84398,1.12,1.00
2016.12.27 08:00:49.118,0.8439,0.844,1.12,1.69
2016.12.27 08:00:49.321,0.84389,0.844,1.87,1.69
2016.12.27 08:00:50.322,0.8439,0.84401,1.50,1.00
2016.12.27 08:00:50.833,0.8439,0.844,1.00,1.00
2016.12.27 08:00:51.338,0.84389,0.844,1.50,1.50
2016.12.27 08:00:54.996,0.84389,0.844,1.75,1.50
2016.12.27 08:00:55.545,0.84389,0.844,1.50,1.50
2016.12.27 08:00:57.065,0.84389,0.84398,1.50,1.00
2016.12.27 08:00:57.318,0.84387,0.84398,1.75,1.00
2016.12.27 08:00:58.880,0.84387,0.84398,1.75,1.00
2016.12.27 08:00:59.044,0.84387,0.84396,1.75,1.00
2016.12.27 08:00:59.247,0.84384,0.84396,3.19,1.00
2016.12.27 08:00:59.640,0.84386,0.84396,1.00,1.00
2016.12.27 08:01:00.539,0.84386,0.84397,1.00,1.87
2016.12.27 08:01:02.263,0.84386,0.84396,1.69,1.00
2016.12.27 08:01:07.810,0.84386,0.84395,1.00,1.00
2016.12.27 08:01:09.608,0.84387,0.84395,1.00,1.00
2016.12.27 08:01:09.659,0.84387,0.84397,1.00,1.50
2016.12.27 08:01:10.170,0.84387,0.84398,1.69,1.50
2016.12.27 08:01:10.564,0.84387,0.84395,1.25,1.00
2016.12.27 08:01:11.752,0.84387,0.84395,1.25,1.37
2016.12.27 08:01:11.857,0.84383,0.84394,3.19,1.12
2016.12.27 08:01:11.908,0.84383,0.84392,2.81,1.00
2016.12.27 08:01:12.503,0.84383,0.84394,1.69,1.87
2016.12.27 08:01:13.094,0.84383,0.84393,1.25,1.00
2016.12.27 08:01:13.629,0.84383,0.84392,1.69,1.00
2016.12.27 08:01:14.160,0.84383,0.84394,1.69,1.87
2016.12.27 08:01:14.741,0.84383,0.84393,1.25,1.00
2016.12.27 08:01:15.253,0.84383,0.84394,1.69,1.87
2016.12.27 08:01:16.104,0.84383,0.84392,1.69,1.00
2016.12.27 08:01:16.504,0.84383,0.84394,1.69,1.87
2016.12.27 08:01:17.653,0.84383,0.84393,1.25,1.00
2016.12.27 08:01:18.172,0.84383,0.84394,1.69,1.87
2016.12.27 08:01:21.142,0.84383,0.84393,1.25,1.00
2016.12.27 08:01:21.665,0.84383,0.84394,1.69,1.87
2016.12.27 08:01:22.194,0.84384,0.84393,1.00,1.00
2016.12.27 08:01:22.829,0.84383,0.84393,1.25,1.00
2016.12.27 08:01:24.413,0.84383,0.84394,1.69,1.12
2016.12.27 08:01:24.939,0.84381,0.84392,1.87,1.00
2016.12.27 08:01:25.446,0.84382,0.84392,1.00,1.00
2016.12.27 08:01:26.009,0.8438,0.8439,1.25,1.00
2016.12.27 08:01:26.224,0.84377,0.84388,1.69,1.00
2016.12.27 08:01:26.325,0.84382,0.8439,1.00,1.37
2016.12.27 08:01:26.427,0.84383,0.84391,1.00,2.06
2016.12.27 08:01:26.579,0.8438,0.84391,1.50,1.00
2016.12.27 08:01:26.833,0.84382,0.84391,1.00,1.00
2016.12.27 08:01:26.883,0.84382,0.84393,1.00,2.06
2016.12.27 08:01:27.138,0.8438,0.84391,1.87,1.50
2016.12.27 08:01:27.494,0.84379,0.84389,1.25,1.50
2016.12.27 08:01:27.646,0.84379,0.8439,1.25,1.12
2016.12.27 08:01:27.798,0.84381,0.8439,1.00,1.00
2016.12.27 08:01:28.321,0.8438,0.84391,1.00,1.00
2016.12.27 08:01:29.932,0.84379,0.84391,1.69,1.00
2016.12.27 08:01:30.435,0.8438,0.8439,1.00,1.00
2016.12.27 08:01:32.902,0.84382,0.84392,1.00,1.12
2016.12.27 08:01:33.482,0.84384,0.84394,1.00,1.50
2016.12.27 08:01:33.837,0.84382,0.84393,1.25,1.00
2016.12.27 08:01:34.372,0.84383,0.84393,1.00,1.12
2016.12.27 08:01:35.015,0.84382,0.84394,1.69,2.44
2016.12.27 08:01:35.319,0.84385,0.84394,1.00,1.69
2016.12.27 08:01:35.370,0.84383,0.84394,1.00,2.06
2016.12.27 08:01:36.044,0.84383,0.8439,1.00,1.00
2016.12.27 08:01:36.340,0.84358,0.84368,1.00,1.00
2016.12.27 08:01:36.391,0.84357,0.84368,1.00,2.25
2016.12.27 08:01:36.696,0.84355,0.84367,1.00,2.06
2016.12.27 08:01:37.000,0.84353,0.84365,2.44,1.37
2016.12.27 08:01:37.051,0.84353,0.84366,1.31,1.37
2016.12.27 08:01:37.527,0.84355,0.84367,1.25,1.50
2016.12.27 08:01:38.036,0.84355,0.84368,1.31,2.81
2016.12.27 08:01:38.542,0.84355,0.84368,1.25,2.06
2016.12.27 08:01:39.049,0.84356,0.84368,1.00,1.31
2016.12.27 08:01:39.608,0.84356,0.8437,1.69,3.04
2016.12.27 08:01:40.019,0.84358,0.84369,1.00,1.12
2016.12.27 08:01:41.115,0.84357,0.8437,1.00,1.54
2016.12.27 08:01:45.794,0.84357,0.8437,1.37,1.25
2016.12.27 08:01:46.265,0.84356,0.84367,1.37,1.25
2016.12.27 08:01:46.370,0.84354,0.84367,3.19,1.25
2016.12.27 08:01:46.431,0.84354,0.84367,2.06,1.69
2016.12.27 08:01:46.532,0.84354,0.84363,1.50,1.25
2016.12.27 08:01:46.836,0.84356,0.84363,1.50,1.25
2016.12.27 08:01:47.149,0.84358,0.84363,1.50,1.25
2016.12.27 08:01:47.661,0.84358,0.84368,1.00,1.25
2016.12.27 08:01:48.312,0.84359,0.84368,1.00,1.25
2016.12.27 08:01:50.129,0.8436,0.84368,1.00,1.25
2016.12.27 08:01:50.647,0.84361,0.84368,1.00,1.25
2016.12.27 08:01:51.397,0.8436,0.84368,1.00,1.25
2016.12.27 08:01:51.832,0.84358,0.84368,1.12,1.25
2016.12.27 08:01:53.243,0.8436,0.84368,1.00,1.25
2016.12.27 08:01:54.701,0.84359,0.84368,1.12,1.25
2016.12.27 08:01:55.211,0.8436,0.84368,1.00,1.25
2016.12.27 08:01:55.262,0.84357,0.84368,1.12,1.69
2016.12.27 08:01:55.810,0.84356,0.84369,1.69,1.00
2016.12.27 08:01:56.502,0.84357,0.8437,1.00,1.69
2016.12.27 08:01:56.815,0.84358,0.84368,1.00,1.00
2016.12.27 08:01:58.528,0.84358,0.84369,1.50,1.00
2016.12.27 08:01:59.034,0.84359,0.8437,1.00,1.69
2016.12.27 08:02:02.803,0.84359,0.84368,1.00,1.00
2016.12.27 08:02:02.854,0.84359,0.8437,1.00,1.69
2016.12.27 08:02:03.296,0.84359,0.84368,1.00,1.00
2016.12.27 08:02:03.451,0.84359,0.8437,1.00,1.69
2016.12.27 08:02:04.554,0.84359,0.84368,1.00,1.00
2016.12.27 08:02:04.770,0.84359,0.8437,1.00,1.69
2016.12.27 08:02:06.376,0.84358,0.84369,1.50,1.00
2016.12.27 08:02:06.477,0.8436,0.84371,1.00,1.00
2016.12.27 08:02:06.781,0.84359,0.84368,1.00,1.00
2016.12.27 08:02:07.671,0.8436,0.84369,1.00,1.00
2016.12.27 08:02:08.409,0.84358,0.84369,1.00,1.00
2016.12.27 08:02:09.897,0.8436,0.84369,1.00,1.00
2016.12.27 08:02:09.948,0.84358,0.84369,1.00,1.00
2016.12.27 08:02:11.467,0.84357,0.84368,2.06,1.50
2016.12.27 08:02:11.518,0.84357,0.84366,1.25,1.00
2016.12.27 08:02:11.924,0.84355,0.84366,1.00,1.69
2016.12.27 08:02:12.177,0.84357,0.84366,1.00,1.25
2016.12.27 08:02:12.584,0.84357,0.8437,1.00,3.41
2016.12.27 08:02:13.116,0.84358,0.8437,1.00,1.25
2016.12.27 08:02:14.172,0.84359,0.8437,1.50,1.25
2016.12.27 08:02:14.275,0.84361,0.8437,1.00,1.25
2016.12.27 08:02:14.609,0.84367,0.84373,1.00,1.25
2016.12.27 08:02:14.712,0.84367,0.84377,1.00,1.12
2016.12.27 08:02:14.763,0.84365,0.84377,1.00,1.12
2016.12.27 08:02:14.864,0.84367,0.84377,1.00,1.12
2016.12.27 08:02:15.564,0.84367,0.84377,1.00,1.50
2016.12.27 08:02:16.238,0.84362,0.84371,3.75,1.25
2016.12.27 08:02:16.528,0.84357,0.84367,1.00,1.00
2016.12.27 08:02:16.581,0.84355,0.84367,1.00,1.12
2016.12.27 08:02:17.300,0.84355,0.84365,1.00,1.00
2016.12.27 08:02:17.608,0.84356,0.84367,1.00,1.12
2016.12.27 08:02:20.346,0.84356,0.84366,1.00,1.12
2016.12.27 08:02:20.560,0.84356,0.84366,1.00,2.47
2016.12.27 08:02:20.611,0.84354,0.84365,1.69,1.37
2016.12.27 08:02:21.010,0.84356,0.84366,1.00,2.10
2016.12.27 08:02:21.546,0.84357,0.84366,1.00,2.47
2016.12.27 08:02:21.865,0.84357,0.84368,1.00,4.31
2016.12.27 08:02:22.017,0.84357,0.84368,1.00,2.44
2016.12.27 08:02:22.298,0.84355,0.84368,1.00,2.44
2016.12.27 08:02:22.849,0.84356,0.84368,1.50,2.81
2016.12.27 08:02:23.410,0.84356,0.84368,1.50,2.44
2016.12.27 08:02:23.952,0.84356,0.84368,1.50,2.81
2016.12.27 08:02:24.876,0.84357,0.84368,1.00,2.06
2016.12.27 08:02:25.686,0.84357,0.84367,1.00,1.50
2016.12.27 08:02:25.897,0.84357,0.84368,1.00,2.44
2016.12.27 08:02:28.539,0.84358,0.84368,1.00,1.25
2016.12.27 08:02:29.670,0.84357,0.84368,1.00,1.25
2016.12.27 08:02:30.351,0.84358,0.84368,1.00,1.25
2016.12.27 08:02:31.612,0.84361,0.84371,1.00,1.00
2016.12.27 08:02:31.916,0.84363,0.84372,1.00,1.25
2016.12.27 08:02:32.483,0.84364,0.84372,1.00,1.25
2016.12.27 08:02:33.284,0.8436,0.84367,2.62,1.00
2016.12.27 08:02:33.335,0.8436,0.84366,1.12,1.00
2016.12.27 08:02:33.508,0.84358,0.84367,1.12,1.67
2016.12.27 08:02:33.572,0.84356,0.84367,1.25,1.87
2016.12.27 08:02:36.663,0.84356,0.84367,1.25,1.50
2016.12.27 08:02:37.348,0.84356,0.84367,1.69,1.00
2016.12.27 08:02:37.779,0.84355,0.84365,1.00,1.25
2016.12.27 08:02:40.858,0.84355,0.84365,1.00,2.06
2016.12.27 08:02:41.460,0.84351,0.84356,3.00,1.25
2016.12.27 08:02:41.511,0.84351,0.84359,1.12,1.25
2016.12.27 08:02:41.664,0.8435,0.84362,2.44,1.00
2016.12.27 08:02:41.799,0.84353,0.84364,1.00,2.81
2016.12.27 08:02:42.104,0.84355,0.84364,1.00,1.62
2016.12.27 08:02:45.509,0.84355,0.84364,1.00,2.22
2016.12.27 08:02:45.561,0.84352,0.84359,1.00,1.25
2016.12.27 08:02:45.612,0.8435,0.84359,1.12,1.25
2016.12.27 08:02:45.714,0.84348,0.84359,1.00,1.62
2016.12.27 08:02:45.967,0.8435,0.84359,1.00,1.62
2016.12.27 08:02:46.493,0.84349,0.84359,1.50,2.06
2016.12.27 08:02:47.377,0.8435,0.84359,1.00,2.06
2016.12.27 08:02:47.884,0.84349,0.84359,1.00,1.69
2016.12.27 08:02:50.565,0.84348,0.84359,1.50,1.69
2016.12.27 08:02:51.440,0.84349,0.84359,1.00,1.69
2016.12.27 08:02:52.260,0.84349,0.84357,1.00,1.00
2016.12.27 08:02:52.805,0.84349,0.84358,1.00,1.00
2016.12.27 08:02:53.110,0.84354,0.84363,1.00,1.12
2016.12.27 08:02:55.152,0.84352,0.84363,1.50,1.12
2016.12.27 08:02:55.533,0.8435,0.84358,2.06,1.00
2016.12.27 08:02:55.584,0.8435,0.84361,1.69,1.00
2016.12.27 08:02:55.686,0.8435,0.84359,1.25,1.00
2016.12.27 08:02:55.737,0.84346,0.84358,2.06,1.69
2016.12.27 08:02:55.788,0.84346,0.84355,1.12,1.00
2016.12.27 08:02:55.940,0.84342,0.84353,2.44,1.00
2016.12.27 08:02:56.196,0.84344,0.84355,1.00,1.50
2016.12.27 08:02:56.551,0.84344,0.84356,1.00,1.54
2016.12.27 08:02:57.570,0.84345,0.84356,1.00,1.69
2016.12.27 08:02:59.766,0.84346,0.84354,1.00,1.00
2016.12.27 08:02:59.918,0.84344,0.84355,1.00,1.12
2016.12.27 08:03:00.070,0.84343,0.84354,1.00,1.37
2016.12.27 08:03:01.369,0.84344,0.84355,1.00,3.00
2016.12.27 08:03:02.096,0.84343,0.84353,1.00,1.12
2016.12.27 08:03:02.400,0.84342,0.84352,1.69,1.37
2016.12.27 08:03:02.994,0.84342,0.84352,1.69,1.12
2016.12.27 08:03:03.692,0.84343,0.84352,1.00,1.12
2016.12.27 08:03:06.088,0.8434,0.84348,1.00,1.85
2016.12.27 08:03:06.140,0.84338,0.84348,1.12,2.29
2016.12.27 08:03:06.444,0.84335,0.84346,1.50,1.00
2016.12.27 08:03:06.496,0.84334,0.84344,1.50,1.25
2016.12.27 08:03:06.598,0.84332,0.84344,2.62,1.69
2016.12.27 08:03:07.157,0.84331,0.84344,2.44,2.44
2016.12.27 08:03:07.331,0.84333,0.84344,1.00,1.69
2016.12.27 08:03:07.834,0.84334,0.84347,1.69,2.25
2016.12.27 08:03:08.369,0.84336,0.84347,1.00,1.12
2016.12.27 08:03:08.724,0.84335,0.84345,1.25,1.69
2016.12.27 08:03:09.029,0.84333,0.84343,1.00,1.25
2016.12.27 08:03:09.674,0.84334,0.84343,1.00,1.25
2016.12.27 08:03:10.739,0.84333,0.84343,1.00,1.25
2016.12.27 08:03:11.324,0.84335,0.84343,1.00,1.25
2016.12.27 08:03:11.482,0.84333,0.84343,1.00,1.25
2016.12.27 08:03:12.901,0.84334,0.84343,1.00,1.25
2016.12.27 08:03:13.403,0.84333,0.84343,1.50,1.25
2016.12.27 08:03:13.976,0.84333,0.84343,1.00,2.06
2016.12.27 08:03:14.028,0.84331,0.84342,1.50,1.87
2016.12.27 08:03:14.559,0.84331,0.84341,2.25,1.37
2016.12.27 08:03:15.065,0.84332,0.84342,1.87,1.37
2016.12.27 08:03:15.116,0.84334,0.84343,1.00,1.25
2016.12.27 08:03:15.206,0.84334,0.84346,1.69,2.44
2016.12.27 08:03:15.562,0.84336,0.84346,1.50,1.31
2016.12.27 08:03:17.245,0.84337,0.8435,1.69,3.60
2016.12.27 08:03:17.549,0.84338,0.8435,1.00,1.87
2016.12.27 08:03:19.505,0.84339,0.8435,1.00,1.87
2016.12.27 08:03:21.328,0.84338,0.84349,1.00,1.00
2016.12.27 08:03:21.481,0.8434,0.84349,1.25,1.50
2016.12.27 08:03:21.582,0.8434,0.84351,1.69,1.50
2016.12.27 08:03:21.725,0.84342,0.84352,1.25,3.00
2016.12.27 08:03:23.602,0.84342,0.84352,1.25,1.00
2016.12.27 08:03:23.928,0.84338,0.8435,1.69,1.00
2016.12.27 08:03:24.441,0.84338,0.84349,2.44,1.00
2016.12.27 08:03:24.822,0.8434,0.8435,1.00,1.00
2016.12.27 08:03:25.788,0.84341,0.8435,1.00,1.00
2016.12.27 08:03:26.295,0.8434,0.8435,1.00,1.00
2016.12.27 08:03:26.877,0.84341,0.84351,1.00,1.87
2016.12.27 08:03:27.131,0.84342,0.84353,1.00,3.56
2016.12.27 08:03:27.637,0.84341,0.84353,1.69,2.44
2016.12.27 08:03:27.941,0.84343,0.84352,1.00,1.00
2016.12.27 08:03:28.847,0.84339,0.8435,1.69,1.00
2016.12.27 08:03:29.353,0.84339,0.84349,1.25,1.00
2016.12.27 08:03:29.458,0.84339,0.84347,1.25,1.00
2016.12.27 08:03:29.965,0.84339,0.84349,1.25,1.00
2016.12.27 08:03:31.176,0.84339,0.84348,1.25,1.00
2016.12.27 08:03:31.693,0.84339,0.84349,1.25,1.00
2016.12.27 08:03:32.255,0.8434,0.84351,1.00,2.81
2016.12.27 08:03:33.652,0.8434,0.84351,1.00,2.44
2016.12.27 08:03:34.240,0.84339,0.84351,1.69,2.81
2016.12.27 08:03:35.109,0.84339,0.84351,1.69,3.79
2016.12.27 08:03:35.465,0.84336,0.84347,1.50,1.00
2016.12.27 08:03:36.219,0.84338,0.84347,1.00,1.50
2016.12.27 08:03:38.594,0.84336,0.84347,1.50,1.00
2016.12.27 08:03:39.100,0.84337,0.84347,1.00,1.00
2016.12.27 08:03:39.647,0.84337,0.84348,1.50,1.91
2016.12.27 08:03:40.161,0.84338,0.84348,1.00,1.91
2016.12.27 08:03:40.415,0.84338,0.8435,1.69,1.50
2016.12.27 08:03:40.923,0.84338,0.84349,1.69,1.00
2016.12.27 08:03:41.470,0.84338,0.8435,2.44,1.50
2016.12.27 08:03:42.014,0.84339,0.8435,1.00,1.00
2016.12.27 08:03:42.998,0.84338,0.8435,1.69,1.00
2016.12.27 08:03:43.050,0.8434,0.8435,1.00,1.50
2016.12.27 08:03:43.218,0.84338,0.84351,2.44,1.35
2016.12.27 08:03:43.788,0.84341,0.8435,1.00,1.00
2016.12.27 08:03:44.401,0.84339,0.84351,1.00,2.10
2016.12.27 08:03:45.116,0.84339,0.84351,1.00,2.85
2016.12.27 08:03:45.617,0.8434,0.8435,1.00,1.12
2016.12.27 08:03:47.313,0.8434,0.84351,1.00,1.35
2016.12.27 08:03:47.817,0.84341,0.84351,1.00,1.35
2016.12.27 08:03:48.784,0.84342,0.84351,1.00,1.35
2016.12.27 08:03:48.885,0.84339,0.8435,1.00,1.00
2016.12.27 08:03:49.439,0.84338,0.84351,2.44,1.35
2016.12.27 08:03:49.799,0.8434,0.84351,1.00,1.35
2016.12.27 08:03:50.324,0.84341,0.8435,1.00,1.00
2016.12.27 08:03:50.375,0.84338,0.84351,2.44,1.35
2016.12.27 08:03:50.596,0.8434,0.84351,1.00,1.35
2016.12.27 08:03:51.242,0.8434,0.84349,1.00,1.00
2016.12.27 08:03:51.468,0.8434,0.84351,1.00,1.35
2016.12.27 08:03:51.626,0.84338,0.84351,1.69,1.35
2016.12.27 08:03:52.147,0.84339,0.8435,1.50,1.00
2016.12.27 08:03:52.716,0.84339,0.84351,1.50,1.35
2016.12.27 08:03:54.401,0.8434,0.84351,1.00,1.30
2016.12.27 08:03:54.617,0.84338,0.84351,2.44,1.30
2016.12.27 08:03:55.209,0.84339,0.84351,1.00,1.30
2016.12.27 08:03:55.736,0.84338,0.84352,1.69,4.54
2016.12.27 08:03:56.286,0.8434,0.84352,1.00,4.54
2016.12.27 08:03:56.406,0.84338,0.84352,2.44,4.54
2016.12.27 08:03:56.941,0.84339,0.84352,1.00,3.04
2016.12.27 08:03:59.266,0.84341,0.84351,1.00,1.54
2016.12.27 08:04:00.328,0.84339,0.84351,2.44,1.54
2016.12.27 08:04:00.570,0.84341,0.84353,1.25,1.87
2016.12.27 08:04:01.253,0.8434,0.84351,1.50,1.25
2016.12.27 08:04:01.774,0.84341,0.84351,1.00,1.25
2016.12.27 08:04:02.526,0.84339,0.84351,2.81,1.25
2016.12.27 08:04:03.299,0.8434,0.84351,1.00,1.25
2016.12.27 08:04:04.170,0.84341,0.84351,1.00,1.25
2016.12.27 08:04:05.185,0.84342,0.84351,1.00,1.69
2016.12.27 08:04:06.453,0.8434,0.84351,1.00,1.25
2016.12.27 08:04:07.132,0.84342,0.84351,1.00,1.69
2016.12.27 08:04:07.520,0.8434,0.84351,1.00,1.25
2016.12.27 08:04:08.048,0.84341,0.84351,1.00,1.25
2016.12.27 08:04:09.012,0.84339,0.84351,2.44,1.69
2016.12.27 08:04:09.573,0.8434,0.84351,1.00,1.25
2016.12.27 08:04:09.797,0.84342,0.84351,1.00,1.69
2016.12.27 08:04:10.149,0.84342,0.84353,1.00,1.00
2016.12.27 08:04:12.283,0.84341,0.84351,1.00,1.25
2016.12.27 08:04:12.384,0.84342,0.84353,1.00,1.00
2016.12.27 08:04:12.905,0.84343,0.84354,1.00,3.00
2016.12.27 08:04:14.893,0.84343,0.84355,1.00,3.19
2016.12.27 08:04:15.973,0.84342,0.84354,1.00,1.00
2016.12.27 08:04:16.024,0.84341,0.84351,1.87,1.25
2016.12.27 08:04:16.125,0.84339,0.84351,4.31,1.25
2016.12.27 08:04:16.227,0.84343,0.84351,1.00,1.25
2016.12.27 08:04:16.328,0.84341,0.8435,1.00,1.00
2016.12.27 08:04:16.880,0.84342,0.84351,1.50,1.25
2016.12.27 08:04:17.808,0.84343,0.84351,1.00,1.25
2016.12.27 08:04:18.924,0.84342,0.84351,1.00,1.25
2016.12.27 08:04:19.931,0.84343,0.84351,1.00,1.25
2016.12.27 08:04:20.754,0.8434,0.84351,1.50,1.69
2016.12.27 08:04:21.051,0.84342,0.84351,1.00,1.25
2016.12.27 08:04:21.102,0.8434,0.84351,1.50,1.69
2016.12.27 08:04:21.325,0.84342,0.84351,1.00,1.25
2016.12.27 08:04:21.549,0.8434,0.84351,1.00,1.25
2016.12.27 08:04:22.130,0.84341,0.84351,1.50,1.25
2016.12.27 08:04:22.342,0.84342,0.84353,1.00,1.00
2016.12.27 08:04:23.444,0.84341,0.84353,2.44,1.50
2016.12.27 08:04:24.015,0.84342,0.84353,1.00,1.00
2016.12.27 08:04:25.893,0.84342,0.84354,1.00,2.25
2016.12.27 08:04:30.138,0.84341,0.84353,1.69,1.00
2016.12.27 08:04:30.189,0.84343,0.84355,1.00,3.19
2016.12.27 08:04:30.695,0.84343,0.84354,1.00,1.12
2016.12.27 08:04:31.353,0.84342,0.84354,1.12,1.00
2016.12.27 08:04:31.691,0.84341,0.8435,2.44,1.00
2016.12.27 08:04:31.944,0.84342,0.84353,1.00,1.87
2016.12.27 08:04:32.000,0.84341,0.84351,1.25,1.00
2016.12.27 08:04:32.152,0.84342,0.84353,1.50,1.50
2016.12.27 08:04:32.962,0.84342,0.84354,1.50,2.25
2016.12.27 08:04:33.706,0.84342,0.84353,1.50,1.00
2016.12.27 08:04:36.204,0.84342,0.84352,1.00,1.00
2016.12.27 08:04:36.676,0.8434,0.84351,1.50,1.00
2016.12.27 08:04:37.181,0.84339,0.84351,1.00,1.00
2016.12.27 08:04:37.403,0.84341,0.84352,1.00,2.44
2016.12.27 08:04:38.656,0.84342,0.84352,1.00,1.25
2016.12.27 08:04:41.277,0.8434,0.84352,1.00,1.69
2016.12.27 08:04:41.733,0.84342,0.84352,1.00,1.25
2016.12.27 08:04:42.390,0.84341,0.84352,1.00,1.69
2016.12.27 08:04:44.011,0.84343,0.84354,1.00,2.25
2016.12.27 08:04:44.214,0.84341,0.84354,1.69,1.50
2016.12.27 08:04:44.265,0.84341,0.84352,1.00,1.25
2016.12.27 08:04:44.792,0.8434,0.84352,1.50,1.69
2016.12.27 08:04:47.029,0.8434,0.84351,1.50,1.25
2016.12.27 08:04:47.334,0.84345,0.84356,1.00,2.62
2016.12.27 08:04:47.436,0.84346,0.84357,1.50,1.69
2016.12.27 08:04:47.996,0.84347,0.84357,1.00,1.25
2016.12.27 08:04:49.935,0.8435,0.84362,1.25,1.50
2016.12.27 08:04:50.037,0.84348,0.84359,2.44,1.25
2016.12.27 08:04:50.291,0.8435,0.84362,1.25,1.00
2016.12.27 08:04:50.944,0.8435,0.84363,1.69,2.44
2016.12.27 08:04:51.478,0.84351,0.84363,1.50,2.06
2016.12.27 08:04:53.297,0.84352,0.84364,1.00,2.44
2016.12.27 08:04:54.154,0.84351,0.84364,1.69,2.06
2016.12.27 08:04:55.062,0.84353,0.84364,1.00,2.06
2016.12.27 08:04:55.734,0.84354,0.84364,1.00,1.69
2016.12.27 08:04:56.757,0.84353,0.84364,1.00,1.25
2016.12.27 08:04:57.275,0.84354,0.84364,1.00,1.25
2016.12.27 08:04:59.913,0.84352,0.84363,1.00,1.00
2016.12.27 08:05:00.015,0.84351,0.84359,1.25,1.00
2016.12.27 08:05:00.187,0.84349,0.8436,1.25,1.00
2016.12.27 08:05:00.339,0.84349,0.84357,1.25,1.00
2016.12.27 08:05:01.595,0.84345,0.84357,1.12,1.69
2016.12.27 08:05:02.191,0.84346,0.84357,1.00,1.00
2016.12.27 08:05:02.806,0.84346,0.84358,1.00,1.50
2016.12.27 08:05:05.617,0.84345,0.84359,2.44,3.56
2016.12.27 08:05:05.719,0.84348,0.84359,1.00,2.81
2016.12.27 08:05:08.858,0.84347,0.84359,1.00,2.06
2016.12.27 08:05:11.360,0.84352,0.84362,1.25,3.00
2016.12.27 08:05:11.412,0.84352,0.84362,1.25,1.12
2016.12.27 08:05:11.616,0.84352,0.84364,2.06,1.00
2016.12.27 08:05:17.658,0.84352,0.84362,2.81,1.00
2016.12.27 08:05:18.250,0.84352,0.84361,1.25,1.00
2016.12.27 08:05:18.774,0.84351,0.84361,1.00,1.00
2016.12.27 08:05:19.390,0.8435,0.84362,1.25,1.12
2016.12.27 08:05:21.518,0.84349,0.84361,1.00,1.00
2016.12.27 08:05:22.071,0.84349,0.8436,1.00,1.25
2016.12.27 08:05:27.906,0.8435,0.84361,1.00,2.06
2016.12.27 08:05:28.420,0.84349,0.84361,1.50,1.37
2016.12.27 08:05:28.921,0.8435,0.84361,1.00,1.00
2016.12.27 08:05:29.985,0.84351,0.84361,1.00,1.00
2016.12.27 08:05:30.524,0.84351,0.84362,1.00,1.12
2016.12.27 08:05:30.840,0.84353,0.84362,1.00,1.25
2016.12.27 08:05:33.631,0.84353,0.84365,3.19,1.12
2016.12.27 08:05:33.860,0.84357,0.84368,1.00,1.12
2016.12.27 08:05:34.856,0.84356,0.84368,1.00,1.00
2016.12.27 08:05:35.374,0.84356,0.84367,1.69,1.00
2016.12.27 08:05:35.889,0.84356,0.84368,2.44,1.00
2016.12.27 08:05:36.276,0.84359,0.84368,1.25,1.00
2016.12.27 08:05:36.327,0.84356,0.84368,2.44,1.00
2016.12.27 08:05:36.497,0.84356,0.84366,2.44,1.00
2016.12.27 08:05:38.733,0.84356,0.84368,1.69,1.00
2016.12.27 08:05:40.041,0.84357,0.84368,1.00,1.00
2016.12.27 08:05:40.601,0.84356,0.84368,1.69,1.00
2016.12.27 08:05:41.165,0.84356,0.84367,1.25,1.00
2016.12.27 08:05:41.775,0.84357,0.84367,1.25,1.00
2016.12.27 08:05:42.335,0.84356,0.84367,1.25,1.00
2016.12.27 08:05:42.540,0.84355,0.84361,1.00,1.25
2016.12.27 08:05:42.693,0.84355,0.84367,1.50,2.81
2016.12.27 08:05:43.200,0.84354,0.84366,1.12,1.00
2016.12.27 08:05:43.709,0.84354,0.84365,1.12,1.25
2016.12.27 08:05:44.221,0.84354,0.84366,3.56,1.00
2016.12.27 08:05:44.729,0.84355,0.84367,1.00,1.69
2016.12.27 08:05:46.506,0.84354,0.84367,2.06,1.00
2016.12.27 08:05:47.009,0.84354,0.84366,1.31,1.50
2016.12.27 08:05:47.211,0.84353,0.84361,1.87,1.25
2016.12.27 08:05:47.414,0.84354,0.84365,1.31,1.00
2016.12.27 08:05:50.827,0.84355,0.84365,1.25,1.00
2016.12.27 08:05:50.980,0.84357,0.84365,1.25,1.00
2016.12.27 08:05:51.031,0.84353,0.84365,1.87,1.00
2016.12.27 08:05:52.074,0.84353,0.84366,2.62,2.06
2016.12.27 08:05:52.589,0.84355,0.84365,1.00,1.00
2016.12.27 08:05:53.128,0.84354,0.84366,1.87,2.06
2016.12.27 08:05:53.415,0.84355,0.84361,1.00,1.25
2016.12.27 08:05:54.440,0.84355,0.84366,1.00,1.12
2016.12.27 08:05:55.103,0.84355,0.84361,1.00,1.25
2016.12.27 08:05:55.494,0.84355,0.84367,1.87,1.50
2016.12.27 08:05:55.796,0.84355,0.84362,1.87,1.25
2016.12.27 08:05:56.371,0.84356,0.84366,1.00,1.12
2016.12.27 08:05:57.771,0.84357,0.84366,1.00,1.00
2016.12.27 08:06:01.799,0.84357,0.84368,1.50,1.25
2016.12.27 08:06:02.002,0.84357,0.84366,1.00,1.00
2016.12.27 08:06:02.854,0.84357,0.84367,1.00,1.25
2016.12.27 08:06:07.837,0.84358,0.84369,1.00,1.69
2016.12.27 08:06:08.833,0.84358,0.8437,1.12,1.00
2016.12.27 08:06:09.351,0.84359,0.8437,1.00,1.00
2016.12.27 08:06:09.453,0.84362,0.84372,1.69,1.87
2016.12.27 08:06:09.967,0.84363,0.84372,1.00,1.00
2016.12.27 08:06:10.507,0.84362,0.84372,1.00,1.00
2016.12.27 08:06:12.140,0.84361,0.84372,1.00,1.00
2016.12.27 08:06:12.685,0.84361,0.84373,1.50,2.44
2016.12.27 08:06:13.205,0.84362,0.84373,1.00,1.69
2016.12.27 08:06:13.521,0.84361,0.84371,1.00,1.00
2016.12.27 08:06:15.372,0.84362,0.84372,1.00,1.12
2016.12.27 08:06:15.901,0.84363,0.84375,1.69,1.50
2016.12.27 08:06:16.033,0.84367,0.84375,1.00,1.50
2016.12.27 08:06:16.085,0.84367,0.84377,1.00,1.69
2016.12.27 08:06:19.746,0.84367,0.84376,1.00,1.00
2016.12.27 08:06:20.289,0.84366,0.84376,1.50,1.00
2016.12.27 08:06:21.747,0.84368,0.84377,1.00,1.31
2016.12.27 08:06:22.390,0.84367,0.84377,1.50,1.31
2016.12.27 08:06:28.987,0.84368,0.84377,1.00,1.25
2016.12.27 08:06:29.758,0.84367,0.84377,1.50,1.25
2016.12.27 08:06:30.361,0.84368,0.84377,1.00,1.25
2016.12.27 08:06:31.820,0.84367,0.84377,1.00,1.25
2016.12.27 08:06:33.202,0.84368,0.84377,1.00,1.25
2016.12.27 08:06:33.851,0.84367,0.84377,1.00,1.25
2016.12.27 08:06:39.605,0.84366,0.84377,1.50,2.06
2016.12.27 08:06:39.909,0.84366,0.84373,1.00,1.25
2016.12.27 08:06:40.061,0.84366,0.84375,1.00,1.25
2016.12.27 08:06:40.596,0.84366,0.84374,1.00,1.25
2016.12.27 08:06:41.114,0.84367,0.84376,1.25,1.31
2016.12.27 08:06:41.538,0.84364,0.84375,1.00,1.56
2016.12.27 08:06:42.306,0.84365,0.84375,1.00,1.56
2016.12.27 08:06:45.655,0.84364,0.84373,1.00,1.24
2016.12.27 08:06:46.288,0.84364,0.84373,1.00,1.56
2016.12.27 08:06:46.937,0.84364,0.84373,1.00,1.25
2016.12.27 08:06:49.532,0.84365,0.84373,1.00,1.25
2016.12.27 08:06:50.710,0.84364,0.84373,3.00,1.25
2016.12.27 08:06:50.891,0.84366,0.84373,1.00,1.25
2016.12.27 08:06:52.194,0.84367,0.84376,1.00,1.25
2016.12.27 08:06:52.703,0.84368,0.84377,1.00,1.69
2016.12.27 08:06:53.208,0.84368,0.84376,1.00,1.25
2016.12.27 08:06:53.463,0.84368,0.84378,1.00,1.69
2016.12.27 08:06:54.067,0.8437,0.84378,1.00,1.25
2016.12.27 08:06:54.171,0.8437,0.84381,1.37,1.12
2016.12.27 08:06:54.273,0.8437,0.84382,1.00,1.87
2016.12.27 08:06:54.577,0.8437,0.8438,1.00,1.00
2016.12.27 08:06:55.085,0.84369,0.8438,1.69,1.00
2016.12.27 08:06:55.591,0.8437,0.84379,1.25,1.50
2016.12.27 08:06:56.762,0.8437,0.84377,1.25,1.00
2016.12.27 08:06:56.814,0.84367,0.84377,1.69,1.00
2016.12.27 08:06:57.130,0.84369,0.84378,1.25,1.00
2016.12.27 08:06:57.637,0.84369,0.84379,1.25,1.50
2016.12.27 08:06:58.136,0.84367,0.84379,2.44,1.50
2016.12.27 08:06:58.187,0.84369,0.84379,1.00,1.50
2016.12.27 08:06:58.694,0.84369,0.84378,1.00,1.00
2016.12.27 08:06:59.698,0.84368,0.84378,1.00,1.00
2016.12.27 08:07:00.301,0.84367,0.84378,1.69,1.00
2016.12.27 08:07:00.980,0.84367,0.84377,1.25,1.00
2016.12.27 08:07:01.644,0.84368,0.84379,1.00,2.62
2016.12.27 08:07:02.160,0.84369,0.84378,1.25,1.00
2016.12.27 08:07:04.067,0.84368,0.84378,1.31,1.50
2016.12.27 08:07:04.586,0.84368,0.84377,1.69,1.00
2016.12.27 08:07:05.887,0.84368,0.84378,1.25,1.00
2016.12.27 08:07:07.206,0.84368,0.84377,1.25,1.00
2016.12.27 08:07:09.812,0.84364,0.84374,1.50,1.00
2016.12.27 08:07:10.092,0.84362,0.84374,2.81,1.00
2016.12.27 08:07:10.640,0.84361,0.84373,1.00,1.69
2016.12.27 08:07:11.542,0.84363,0.84372,1.00,1.00
2016.12.27 08:07:12.004,0.84361,0.84373,1.00,2.06
2016.12.27 08:07:15.660,0.8436,0.84372,2.44,1.12
2016.12.27 08:07:15.711,0.84362,0.84372,1.25,1.12
2016.12.27 08:07:16.218,0.84362,0.84371,1.00,1.00
2016.12.27 08:07:16.720,0.84361,0.84373,1.69,2.25
2016.12.27 08:07:17.033,0.84363,0.84372,1.00,1.12
2016.12.27 08:07:18.168,0.84362,0.84372,1.00,1.12
2016.12.27 08:07:26.741,0.84361,0.84371,1.12,1.00
2016.12.27 08:07:27.321,0.84362,0.84371,1.00,1.00
2016.12.27 08:07:28.369,0.8436,0.84372,2.06,1.12
2016.12.27 08:07:30.393,0.84361,0.84373,1.00,2.44
2016.12.27 08:07:31.001,0.84361,0.84373,1.00,2.06
2016.12.27 08:07:33.813,0.84362,0.84373,1.00,2.06
2016.12.27 08:07:34.260,0.84364,0.84373,1.00,1.25
2016.12.27 08:07:34.786,0.84363,0.84373,1.00,1.25
2016.12.27 08:07:40.818,0.84365,0.84373,1.00,1.25
2016.12.27 08:07:40.869,0.84363,0.84373,1.50,1.25
2016.12.27 08:07:41.415,0.84364,0.84373,1.00,1.25
2016.12.27 08:07:42.134,0.84363,0.84373,1.00,1.25
2016.12.27 08:07:42.643,0.84364,0.84373,1.00,1.25
2016.12.27 08:07:43.311,0.84365,0.84373,1.00,1.25
2016.12.27 08:07:43.853,0.84364,0.84373,1.00,1.25
2016.12.27 08:07:44.842,0.84365,0.84373,1.00,1.25
2016.12.27 08:07:46.193,0.84365,0.84377,1.69,3.56
2016.12.27 08:07:46.730,0.84365,0.84375,1.69,1.00
2016.12.27 08:07:47.263,0.84365,0.84377,1.69,3.56
2016.12.27 08:07:48.110,0.84365,0.84375,1.25,1.00
2016.12.27 08:07:48.644,0.84365,0.84376,1.25,1.12
2016.12.27 08:07:49.250,0.84365,0.84376,1.62,1.00
2016.12.27 08:07:49.774,0.84365,0.84376,1.69,1.00
2016.12.27 08:07:50.510,0.84365,0.84374,1.25,1.00
2016.12.27 08:07:50.612,0.84362,0.84372,1.87,1.25
2016.12.27 08:07:51.120,0.84363,0.84372,1.00,1.31
2016.12.27 08:07:51.836,0.84364,0.84372,1.00,1.31
2016.12.27 08:07:51.887,0.84362,0.84372,1.00,1.31
2016.12.27 08:07:52.394,0.84362,0.84374,1.00,1.87
2016.12.27 08:07:53.237,0.84363,0.84374,1.00,1.87
2016.12.27 08:07:53.864,0.84361,0.84373,2.44,1.50
2016.12.27 08:07:54.370,0.84361,0.84371,1.69,1.00
2016.12.27 08:07:54.475,0.84363,0.84372,1.00,1.12
2016.12.27 08:07:55.076,0.84361,0.84373,1.69,2.25
2016.12.27 08:07:57.313,0.84362,0.84373,1.00,1.50
2016.12.27 08:07:57.904,0.84361,0.84373,1.69,1.50
2016.12.27 08:07:58.725,0.8436,0.84369,2.62,1.00
2016.12.27 08:07:58.828,0.84358,0.84368,1.12,1.00
2016.12.27 08:07:59.204,0.84357,0.84369,2.44,1.00
2016.12.27 08:07:59.356,0.84358,0.84371,1.75,2.81
2016.12.27 08:07:59.508,0.84358,0.84371,1.50,2.06
2016.12.27 08:08:01.799,0.8436,0.8437,1.00,1.00
2016.12.27 08:08:02.103,0.84361,0.84372,2.06,1.50
2016.12.27 08:08:03.579,0.84361,0.84372,1.69,1.50
2016.12.27 08:08:04.277,0.84361,0.84372,1.31,1.50
2016.12.27 08:08:04.823,0.84362,0.84371,1.00,1.00
2016.12.27 08:08:07.120,0.84361,0.8437,1.31,1.00
2016.12.27 08:08:07.697,0.84361,0.84371,1.31,1.50
2016.12.27 08:08:08.126,0.84358,0.84368,3.19,1.00
2016.12.27 08:08:08.449,0.84356,0.84366,1.31,1.12
2016.12.27 08:08:08.960,0.84356,0.84365,1.25,1.50
2016.12.27 08:08:09.579,0.84356,0.84364,1.25,1.00
2016.12.27 08:08:10.123,0.84356,0.84365,1.25,1.50
2016.12.27 08:08:10.727,0.84356,0.84367,1.69,3.19
2016.12.27 08:08:11.235,0.84355,0.84366,1.12,1.25
2016.12.27 08:08:11.758,0.84356,0.84366,1.00,1.25
2016.12.27 08:08:12.782,0.84355,0.84366,1.00,1.25
2016.12.27 08:08:16.791,0.84356,0.84366,1.00,1.25
2016.12.27 08:08:17.045,0.84357,0.84368,1.00,1.25
2016.12.27 08:08:17.557,0.84357,0.84368,3.37,1.25
2016.12.27 08:08:18.053,0.84361,0.8437,1.00,1.00
2016.12.27 08:08:18.104,0.84361,0.84372,1.00,2.44
2016.12.27 08:08:18.428,0.84361,0.8437,1.12,1.00
2016.12.27 08:08:19.071,0.84359,0.8437,1.12,1.00
2016.12.27 08:08:19.578,0.84358,0.84369,1.69,1.00
2016.12.27 08:08:20.006,0.84357,0.84366,1.25,1.00
2016.12.27 08:08:23.944,0.84357,0.84367,1.25,1.00
2016.12.27 08:08:24.802,0.84357,0.84368,1.69,1.00
2016.12.27 08:08:28.592,0.84356,0.84365,1.50,1.00
2016.12.27 08:08:29.861,0.84356,0.84367,1.69,1.50
2016.12.27 08:08:30.372,0.84357,0.84368,1.69,1.00
2016.12.27 08:08:32.280,0.84359,0.84368,1.00,1.00
2016.12.27 08:08:32.435,0.84362,0.84372,1.00,1.00
2016.12.27 08:08:35.083,0.84361,0.84371,1.12,1.25
2016.12.27 08:08:35.934,0.84363,0.84371,1.00,1.31
2016.12.27 08:08:37.209,0.84362,0.84371,1.00,1.69
2016.12.27 08:08:39.352,0.84361,0.84369,1.00,1.00
2016.12.27 08:08:39.903,0.8436,0.8437,1.00,1.25
2016.12.27 08:08:40.207,0.84362,0.84371,1.00,1.12
2016.12.27 08:08:41.583,0.84362,0.84372,1.00,1.25
2016.12.27 08:08:42.253,0.84362,0.84371,1.00,1.00
2016.12.27 08:08:42.865,0.84361,0.84372,1.12,1.25
2016.12.27 08:08:43.549,0.8436,0.84371,1.00,1.50
2016.12.27 08:08:43.929,0.84358,0.84369,1.69,1.00
2016.12.27 08:08:45.782,0.84356,0.84365,1.12,1.00
2016.12.27 08:08:45.833,0.84356,0.84367,1.12,1.00
2016.12.27 08:08:46.792,0.84357,0.84368,1.00,1.00
2016.12.27 08:08:51.247,0.84357,0.84364,1.00,1.00
2016.12.27 08:08:52.220,0.84359,0.84365,1.00,1.00
2016.12.27 08:08:52.544,0.84362,0.84367,1.25,1.00
2016.12.27 08:08:53.645,0.84362,0.84369,1.25,1.00
2016.12.27 08:08:54.358,0.84362,0.8437,1.69,1.00
2016.12.27 08:08:54.906,0.84361,0.8437,1.00,1.00
2016.12.27 08:08:55.059,0.84359,0.84367,1.00,1.00
2016.12.27 08:08:55.364,0.84359,0.84363,1.25,1.00
2016.12.27 08:08:55.566,0.84359,0.84366,1.25,1.00
2016.12.27 08:08:56.105,0.84359,0.84365,1.25,1.00
2016.12.27 08:08:57.031,0.84359,0.84364,1.25,1.00
2016.12.27 08:08:59.064,0.84359,0.84365,1.25,1.00
2016.12.27 08:08:59.437,0.84361,0.84369,1.00,1.00
2016.12.27 08:08:59.490,0.84363,0.84369,1.00,1.00
2016.12.27 08:08:59.846,0.84361,0.84368,2.06,1.00
2016.12.27 08:09:00.312,0.84359,0.84367,1.69,1.00
2016.12.27 08:09:00.851,0.84359,0.84366,1.25,1.00
2016.12.27 08:09:00.902,0.84357,0.84366,3.19,1.00
2016.12.27 08:09:01.450,0.84356,0.84365,1.69,1.00
2016.12.27 08:09:01.854,0.84358,0.84366,1.50,1.00
2016.12.27 08:09:02.408,0.84357,0.84366,2.44,1.00
2016.12.27 08:09:02.967,0.84357,0.84365,1.25,1.00
2016.12.27 08:09:03.742,0.84357,0.84364,1.25,1.00
2016.12.27 08:09:04.272,0.84357,0.84365,1.69,1.00
2016.12.27 08:09:05.657,0.84355,0.84364,2.44,1.00
2016.12.27 08:09:06.046,0.84355,0.84361,1.69,1.00
2016.12.27 08:09:07.571,0.84355,0.84363,1.25,1.00
2016.12.27 08:09:08.094,0.84355,0.84362,1.25,1.00
2016.12.27 08:09:11.759,0.84354,0.84359,1.00,1.00
2016.12.27 08:09:15.896,0.84352,0.84359,1.69,1.00
2016.12.27 08:09:16.144,0.84352,0.84356,1.00,1.00
2016.12.27 08:09:17.271,0.84353,0.84357,1.00,1.00
2016.12.27 08:09:18.860,0.84353,0.8436,1.00,1.00
2016.12.27 08:09:19.402,0.84353,0.84359,1.00,1.00
2016.12.27 08:09:19.916,0.84353,0.8436,1.00,1.00
2016.12.27 08:09:20.068,0.84355,0.8436,1.00,1.00
2016.12.27 08:09:20.506,0.84353,0.8436,1.00,1.00
2016.12.27 08:09:21.079,0.84355,0.8436,1.00,1.00
2016.12.27 08:09:21.580,0.84354,0.8436,1.00,1.00
2016.12.27 08:09:22.460,0.84353,0.8436,1.00,1.00
2016.12.27 08:09:29.915,0.84354,0.8436,1.00,1.00
2016.12.27 08:09:30.016,0.84352,0.84361,2.44,1.00
2016.12.27 08:09:30.067,0.84352,0.84356,1.69,1.00
2016.12.27 08:09:30.220,0.84349,0.84354,1.50,1.00
2016.12.27 08:09:32.468,0.84348,0.84354,1.00,1.00
2016.12.27 08:09:40.873,0.84349,0.84354,1.00,1.00
2016.12.27 08:09:47.738,0.8435,0.84354,1.00,1.00
2016.12.27 08:09:48.446,0.84349,0.84354,1.00,1.00
2016.12.27 08:09:48.598,0.84349,0.84356,1.00,1.00
2016.12.27 08:09:51.805,0.8435,0.84356,1.69,1.00
2016.12.27 08:09:51.911,0.84353,0.84358,1.25,1.00
2016.12.27 08:10:01.591,0.84351,0.84358,1.12,1.00
2016.12.27 08:10:01.794,0.84349,0.84358,1.69,1.00
2016.12.27 08:10:03.784,0.84349,0.84359,1.69,1.00
2016.12.27 08:10:20.951,0.84349,0.84357,1.00,1.00
2016.12.27 08:10:26.032,0.84349,0.84354,1.00,1.00
2016.12.27 08:10:27.263,0.84349,0.84353,1.00,1.00
2016.12.27 08:10:28.364,0.84348,0.84352,1.69,1.00
2016.12.27 08:10:28.761,0.84349,0.84356,1.00,1.00
2016.12.27 08:10:32.181,0.84351,0.84356,1.00,1.00
2016.12.27 08:10:32.232,0.84351,0.84359,1.00,1.00
2016.12.27 08:10:34.322,0.8435,0.84359,1.69,1.00
2016.12.27 08:10:48.345,0.8435,0.84358,1.25,1.00
2016.12.27 08:10:48.497,0.84348,0.84358,1.25,1.00
2016.12.27 08:10:48.548,0.84348,0.84356,1.25,1.00
2016.12.27 08:10:49.054,0.84347,0.84355,1.25,1.00
2016.12.27 08:10:50.476,0.84345,0.84353,1.25,1.00
2016.12.27 08:10:50.577,0.84347,0.84356,1.25,1.00
2016.12.27 08:10:51.141,0.84348,0.84356,1.25,1.00
2016.12.27 08:10:55.050,0.84348,0.84355,1.25,1.00
2016.12.27 08:10:56.083,0.84348,0.84356,1.25,1.00
2016.12.27 08:10:59.496,0.84348,0.84358,1.25,1.00
2016.12.27 08:10:59.936,0.8435,0.84358,1.00,1.00
2016.12.27 08:11:00.460,0.84349,0.84358,2.25,1.00
2016.12.27 08:11:01.086,0.84349,0.84362,2.25,1.69
2016.12.27 08:11:01.625,0.84349,0.84362,2.25,1.69
2016.12.27 08:11:02.281,0.84352,0.84364,1.50,1.69
2016.12.27 08:11:02.586,0.84355,0.84368,1.69,2.25
2016.12.27 08:11:03.422,0.84357,0.84368,1.00,1.00
2016.12.27 08:11:03.971,0.84356,0.84368,1.25,1.69
2016.12.27 08:11:04.376,0.84356,0.84366,1.25,1.00
2016.12.27 08:11:05.704,0.84356,0.84368,1.25,2.44
2016.12.27 08:11:06.512,0.84356,0.84366,1.25,1.00
2016.12.27 08:11:09.735,0.84356,0.84367,1.25,1.00
2016.12.27 08:11:11.166,0.84356,0.84368,1.25,1.69
2016.12.27 08:11:12.965,0.84357,0.84368,1.00,1.00
2016.12.27 08:11:13.359,0.84356,0.84365,1.25,1.00
2016.12.27 08:11:20.497,0.84356,0.84367,1.25,1.00
2016.12.27 08:11:21.562,0.84356,0.84368,3.19,1.25
2016.12.27 08:11:22.283,0.84357,0.84368,1.00,1.25
2016.12.27 08:11:22.991,0.84359,0.84368,1.25,1.00
2016.12.27 08:11:25.842,0.84358,0.84367,1.25,1.00
2016.12.27 08:11:25.893,0.84358,0.84369,1.25,1.00
2016.12.27 08:11:26.656,0.84359,0.84368,1.25,1.00
2016.12.27 08:11:40.618,0.84359,0.84367,1.25,2.25
2016.12.27 08:11:40.721,0.84358,0.84365,1.25,1.00
2016.12.27 08:11:41.227,0.84358,0.84366,1.25,2.25
2016.12.27 08:11:42.723,0.84358,0.84368,1.25,1.00
2016.12.27 08:11:42.926,0.84358,0.8437,1.25,3.19
2016.12.27 08:11:44.450,0.84358,0.84369,1.69,1.00
2016.12.27 08:11:48.260,0.84359,0.84369,1.00,1.00
2016.12.27 08:11:49.778,0.84357,0.84367,1.00,1.00
2016.12.27 08:11:50.109,0.84355,0.84363,1.25,1.50
2016.12.27 08:11:50.779,0.84355,0.84361,1.69,1.00
2016.12.27 08:11:51.302,0.84355,0.8436,1.25,1.00
2016.12.27 08:11:51.840,0.84355,0.84359,1.25,1.00
2016.12.27 08:11:54.914,0.84352,0.8436,1.00,1.00
2016.12.27 08:11:54.965,0.84352,0.84362,1.00,1.00
2016.12.27 08:11:55.425,0.84353,0.8436,1.25,1.00
2016.12.27 08:11:55.476,0.84351,0.84359,1.31,1.00
2016.12.27 08:11:55.988,0.8435,0.84358,1.25,1.12
2016.12.27 08:11:56.039,0.8435,0.84358,1.25,1.75
2016.12.27 08:11:56.546,0.8435,0.84357,1.25,1.12
2016.12.27 08:11:57.099,0.8435,0.84355,1.25,1.00
2016.12.27 08:11:58.556,0.8435,0.84356,1.25,1.50
2016.12.27 08:11:59.135,0.84352,0.84357,1.25,1.00
2016.12.27 08:11:59.186,0.84352,0.84359,1.25,1.12
2016.12.27 08:11:59.338,0.84354,0.84359,1.25,1.00
2016.12.27 08:12:00.331,0.84354,0.8436,1.25,1.00
2016.12.27 08:12:00.756,0.84354,0.84362,1.25,1.12
2016.12.27 08:12:03.077,0.84354,0.84361,1.25,1.00
2016.12.27 08:12:04.513,0.84353,0.84361,1.25,1.00
2016.12.27 08:12:15.929,0.84353,0.8436,1.25,1.00
2016.12.27 08:12:22.774,0.84352,0.8436,1.25,1.00
2016.12.27 08:12:28.052,0.84352,0.84361,1.25,1.00
2016.12.27 08:12:31.747,0.84354,0.84361,1.25,1.00
2016.12.27 08:12:32.258,0.84354,0.84362,1.25,1.00
2016.12.27 08:12:38.415,0.84352,0.84362,1.00,1.00
2016.12.27 08:12:47.156,0.84353,0.84362,1.00,1.00
2016.12.27 08:12:48.828,0.84352,0.84362,1.00,1.50
2016.12.27 08:12:52.346,0.84351,0.84362,1.69,1.00
2016.12.27 08:13:00.434,0.84352,0.84363,1.00,1.50
2016.12.27 08:13:00.536,0.84351,0.84361,1.69,1.00
2016.12.27 08:13:02.745,0.84351,0.84362,1.25,1.12
2016.12.27 08:13:04.842,0.84351,0.84361,1.25,1.00
2016.12.27 08:13:05.393,0.8435,0.84361,1.00,1.69
2016.12.27 08:13:07.166,0.84349,0.8436,1.25,1.00
2016.12.27 08:13:07.509,0.84349,0.84357,1.25,1.00
2016.12.27 08:13:07.560,0.84346,0.84357,1.12,1.69
2016.12.27 08:13:07.611,0.84346,0.84357,1.00,2.44
2016.12.27 08:13:07.662,0.84344,0.84357,3.37,2.44
2016.12.27 08:13:07.923,0.84346,0.84357,1.00,2.44
2016.12.27 08:13:08.483,0.84345,0.84357,1.00,3.19
2016.12.27 08:13:11.174,0.84344,0.84357,1.00,2.44
2016.12.27 08:13:11.704,0.84344,0.84357,1.00,2.06
2016.12.27 08:13:13.718,0.84343,0.84356,1.31,1.87
2016.12.27 08:13:17.227,0.84344,0.84356,1.31,1.00
2016.12.27 08:13:17.728,0.84344,0.84357,2.06,3.00
2016.12.27 08:13:18.263,0.84344,0.84356,1.25,1.00
2016.12.27 08:13:26.871,0.84343,0.84355,1.25,1.00
2016.12.27 08:13:27.175,0.84342,0.84353,1.50,1.25
2016.12.27 08:13:27.304,0.84341,0.84353,1.37,1.25
2016.12.27 08:13:29.066,0.84339,0.84347,3.00,1.25
2016.12.27 08:13:29.299,0.8434,0.84352,1.69,1.00
2016.12.27 08:13:30.130,0.8434,0.84352,1.25,1.00
2016.12.27 08:13:30.181,0.84341,0.84354,1.00,3.94
2016.12.27 08:13:30.631,0.84341,0.84352,1.87,1.00
2016.12.27 08:13:30.936,0.84339,0.84348,3.00,1.25
2016.12.27 08:13:31.117,0.8434,0.84353,1.25,1.00
2016.12.27 08:13:37.782,0.8434,0.84352,1.25,1.00
2016.12.27 08:13:38.316,0.8434,0.84351,1.25,1.50
2016.12.27 08:13:41.304,0.8434,0.8435,1.25,1.00
2016.12.27 08:13:41.877,0.8434,0.84351,1.25,1.00
2016.12.27 08:13:43.775,0.8434,0.84352,1.69,1.12
2016.12.27 08:13:47.415,0.84343,0.84352,1.25,2.25
2016.12.27 08:13:48.586,0.84343,0.84351,1.25,1.00
2016.12.27 08:13:49.232,0.84343,0.84351,1.25,1.37
2016.12.27 08:13:49.569,0.8434,0.84351,1.25,1.37
2016.12.27 08:13:51.351,0.8434,0.84352,3.19,3.00
2016.12.27 08:13:51.453,0.84342,0.84353,1.12,1.00
2016.12.27 08:13:51.656,0.84344,0.84355,1.25,1.00
2016.12.27 08:13:52.163,0.84344,0.84356,2.44,1.00
2016.12.27 08:13:52.664,0.84344,0.84357,2.44,1.50
2016.12.27 08:13:53.658,0.84344,0.84356,1.69,1.00
2016.12.27 08:13:54.113,0.84342,0.84353,3.19,1.00
2016.12.27 08:13:54.518,0.84344,0.84355,1.25,1.00
2016.12.27 08:13:55.116,0.84344,0.84354,1.25,1.00
2016.12.27 08:13:56.534,0.84344,0.84356,1.31,1.00
2016.12.27 08:13:57.379,0.84345,0.84357,1.00,1.50
2016.12.27 08:13:57.904,0.84346,0.84357,1.87,1.87
2016.12.27 08:13:58.309,0.84349,0.8436,1.25,1.87
2016.12.27 08:13:59.470,0.84349,0.84361,1.69,1.00
2016.12.27 08:14:01.503,0.8435,0.84362,1.00,1.87
2016.12.27 08:14:02.011,0.84351,0.84362,2.62,1.12
2016.12.27 08:14:02.464,0.84349,0.84362,5.06,1.00
2016.12.27 08:14:04.048,0.84349,0.84362,2.81,2.25
2016.12.27 08:14:09.922,0.84349,0.84363,4.31,2.81
2016.12.27 08:14:10.438,0.84351,0.84364,1.69,3.37
2016.12.27 08:14:10.708,0.84351,0.84363,2.06,1.87
2016.12.27 08:14:11.917,0.84351,0.84363,1.25,1.00
2016.12.27 08:14:14.813,0.84351,0.84362,1.31,1.00
2016.12.27 08:14:15.394,0.84352,0.84363,1.25,3.37
2016.12.27 08:14:15.907,0.84352,0.84362,1.25,1.00
2016.12.27 08:14:20.502,0.84352,0.84363,1.25,3.37
2016.12.27 08:14:21.059,0.84352,0.84362,1.25,1.50
2016.12.27 08:14:21.160,0.84348,0.84359,1.69,1.00
2016.12.27 08:14:21.664,0.84348,0.84358,1.25,1.00
2016.12.27 08:14:22.176,0.84348,0.84359,1.25,1.00
2016.12.27 08:14:24.834,0.84348,0.84358,1.25,1.00
2016.12.27 08:14:25.341,0.84348,0.84359,1.25,1.50
2016.12.27 08:14:25.867,0.84348,0.84358,1.25,1.00
2016.12.27 08:14:26.617,0.84348,0.84359,1.25,1.00
2016.12.27 08:14:35.790,0.84348,0.8436,1.69,1.00
2016.12.27 08:14:36.305,0.84348,0.84359,1.25,1.00
2016.12.27 08:14:39.820,0.84348,0.84358,1.25,1.00
2016.12.27 08:14:41.924,0.84348,0.84359,1.25,1.69
2016.12.27 08:14:50.268,0.84348,0.84358,1.25,1.00
2016.12.27 08:14:51.422,0.84348,0.84359,1.25,1.69
2016.12.27 08:15:00.229,0.84348,0.84358,1.25,1.00
2016.12.27 08:15:01.835,0.84348,0.84357,1.25,1.50
2016.12.27 08:15:01.886,0.84344,0.84354,1.87,1.25
2016.12.27 08:15:02.398,0.84343,0.84353,1.25,1.00
2016.12.27 08:15:05.689,0.84343,0.84352,1.25,1.00
2016.12.27 08:15:05.959,0.84343,0.84354,1.25,1.69
2016.12.27 08:15:06.480,0.84344,0.84354,1.00,1.25
2016.12.27 08:15:07.300,0.84343,0.84354,1.31,1.25
2016.12.27 08:15:09.684,0.84341,0.84351,1.12,1.69
2016.12.27 08:15:09.989,0.84341,0.84349,1.00,1.25
2016.12.27 08:15:10.129,0.84342,0.84352,1.25,1.00
2016.12.27 08:15:10.382,0.84344,0.84353,1.00,1.69
2016.12.27 08:15:11.691,0.84343,0.84353,1.00,1.25
2016.12.27 08:15:12.023,0.84345,0.84353,1.00,1.25
2016.12.27 08:15:12.449,0.84346,0.84356,1.00,1.31
2016.12.27 08:15:12.956,0.84345,0.84356,1.25,1.31
2016.12.27 08:15:18.153,0.84345,0.84355,1.25,1.00
2016.12.27 08:15:19.272,0.84345,0.84354,1.25,1.00
2016.12.27 08:15:20.028,0.84348,0.84356,1.25,1.12
2016.12.27 08:15:20.357,0.84345,0.84356,3.56,1.69
2016.12.27 08:15:20.872,0.84345,0.84356,1.69,1.69
2016.12.27 08:15:23.009,0.84345,0.84356,2.44,1.25
2016.12.27 08:15:23.555,0.84345,0.84353,1.87,1.00
2016.12.27 08:15:23.809,0.84339,0.8435,1.62,1.25
2016.12.27 08:15:23.860,0.84337,0.84348,3.19,1.25
2016.12.27 08:15:23.993,0.84335,0.84345,1.50,1.00
2016.12.27 08:15:24.095,0.84334,0.84346,1.00,1.00
2016.12.27 08:15:24.666,0.84333,0.84345,1.12,1.00
2016.12.27 08:15:25.722,0.84334,0.84346,1.25,1.50
2016.12.27 08:15:25.773,0.84333,0.84344,1.31,1.69
2016.12.27 08:15:26.120,0.84326,0.84337,1.75,1.00
2016.12.27 08:15:26.477,0.84326,0.84335,1.62,1.00
2016.12.27 08:15:26.883,0.84322,0.84334,2.06,1.00
2016.12.27 08:15:26.984,0.84322,0.84334,1.25,1.00
2016.12.27 08:15:27.806,0.84322,0.84335,1.25,2.25
2016.12.27 08:15:28.610,0.84322,0.84334,1.69,1.00
2016.12.27 08:15:29.926,0.84325,0.84334,1.25,1.00
2016.12.27 08:15:30.597,0.84322,0.84334,1.25,1.00
2016.12.27 08:15:30.765,0.84324,0.84334,1.25,1.00
2016.12.27 08:15:30.816,0.84322,0.84334,1.69,1.00
2016.12.27 08:15:32.413,0.84326,0.84336,1.25,1.00
2016.12.27 08:15:32.616,0.84323,0.84337,1.25,1.69
2016.12.27 08:15:33.386,0.84324,0.84337,1.00,1.25
2016.12.27 08:15:34.340,0.84323,0.84337,2.06,1.69
2016.12.27 08:15:35.362,0.84324,0.84337,1.00,1.69
2016.12.27 08:15:35.956,0.84325,0.84337,1.00,1.25
2016.12.27 08:15:37.740,0.84326,0.84337,1.00,1.25
2016.12.27 08:15:38.380,0.84327,0.84337,1.00,1.25
2016.12.27 08:15:43.529,0.84325,0.84337,1.50,1.25
2016.12.27 08:15:44.064,0.84326,0.84337,1.00,1.25
2016.12.27 08:15:44.692,0.84325,0.84337,1.50,1.25
2016.12.27 08:15:45.199,0.84327,0.84337,1.00,1.25
2016.12.27 08:15:45.250,0.84325,0.84337,1.50,1.25
2016.12.27 08:15:45.301,0.84327,0.84337,1.00,1.25
2016.12.27 08:15:45.403,0.84325,0.84337,1.00,1.25
2016.12.27 08:15:45.757,0.84327,0.84337,1.00,1.25
2016.12.27 08:15:47.757,0.84325,0.84337,1.50,1.25
2016.12.27 08:15:48.305,0.84326,0.84337,1.00,1.00
2016.12.27 08:15:49.004,0.84325,0.84338,2.44,1.00
2016.12.27 08:15:50.192,0.84326,0.84338,1.00,1.50
2016.12.27 08:15:50.781,0.84325,0.84337,2.44,1.00
2016.12.27 08:15:51.921,0.84325,0.84336,1.00,1.69
2016.12.27 08:15:52.023,0.84323,0.84335,2.25,1.25
2016.12.27 08:15:52.948,0.84325,0.84337,1.69,1.87
2016.12.27 08:15:53.304,0.84326,0.84339,1.00,3.19
2016.12.27 08:15:53.810,0.84326,0.84338,1.87,1.00
2016.12.27 08:15:59.559,0.84329,0.84339,1.25,1.00
2016.12.27 08:15:59.610,0.84329,0.84341,1.25,3.75
2016.12.27 08:16:00.125,0.84329,0.8434,1.69,1.00
2016.12.27 08:16:01.000,0.84329,0.84339,1.25,1.00
2016.12.27 08:16:01.423,0.84329,0.84341,1.25,1.81
2016.12.27 08:16:02.913,0.84329,0.8434,1.50,1.00
2016.12.27 08:16:03.433,0.84328,0.84341,1.50,2.25
2016.12.27 08:16:03.484,0.84328,0.84339,2.25,1.00
2016.12.27 08:16:03.586,0.84328,0.84341,2.25,2.25
2016.12.27 08:16:04.254,0.84328,0.84339,1.00,1.24
2016.12.27 08:16:04.558,0.84325,0.84335,1.00,1.25
2016.12.27 08:16:05.074,0.84324,0.84335,1.00,1.25
2016.12.27 08:16:06.116,0.84325,0.84335,1.00,1.24
2016.12.27 08:16:06.659,0.84326,0.84335,1.00,1.25
2016.12.27 08:16:07.191,0.84325,0.84335,1.00,1.25
2016.12.27 08:16:12.120,0.84326,0.84335,1.50,1.25
2016.12.27 08:16:12.221,0.84326,0.84339,1.00,1.25
2016.12.27 08:16:12.740,0.84327,0.84339,1.00,1.25
2016.12.27 08:16:13.588,0.84326,0.84339,2.25,1.69
2016.12.27 08:16:13.894,0.84328,0.84339,1.00,1.69
2016.12.27 08:16:15.225,0.84326,0.84339,3.00,1.00
2016.12.27 08:16:15.886,0.84326,0.8434,2.25,2.81
2016.12.27 08:16:16.182,0.84329,0.84339,1.00,1.00
2016.12.27 08:16:16.706,0.84328,0.84339,1.00,1.25
2016.12.27 08:16:17.213,0.84328,0.8434,1.50,1.00
2016.12.27 08:16:17.571,0.84329,0.84341,1.75,1.69
2016.12.27 08:16:17.673,0.84329,0.84342,2.44,1.00
2016.12.27 08:16:17.775,0.84333,0.84343,1.25,2.25
2016.12.27 08:16:17.967,0.84334,0.84345,1.25,1.00
2016.12.27 08:16:18.476,0.84333,0.84345,1.50,1.25
2016.12.27 08:16:19.105,0.84333,0.84344,1.00,1.25
2016.12.27 08:16:19.650,0.84332,0.84344,3.00,1.25
2016.12.27 08:16:20.107,0.8433,0.84342,2.44,1.00
2016.12.27 08:16:20.562,0.8433,0.8434,1.25,1.00
2016.12.27 08:16:21.739,0.8433,0.84342,1.25,1.12
2016.12.27 08:16:22.982,0.84335,0.84343,1.25,1.00
2016.12.27 08:16:23.235,0.84337,0.84346,1.25,1.00
2016.12.27 08:16:23.774,0.84337,0.84347,1.25,1.87
2016.12.27 08:16:24.233,0.84337,0.84345,1.25,1.00
2016.12.27 08:16:24.287,0.84334,0.84345,1.69,1.50
2016.12.27 08:16:24.603,0.84332,0.84343,1.69,1.00
2016.12.27 08:16:25.450,0.84336,0.84346,1.69,1.37
2016.12.27 08:16:25.605,0.84337,0.84349,1.12,1.00
2016.12.27 08:16:25.757,0.84339,0.8435,1.00,1.25
2016.12.27 08:16:26.316,0.84339,0.84347,1.87,1.25
2016.12.27 08:16:26.821,0.84338,0.84347,1.00,1.25
2016.12.27 08:16:28.843,0.8434,0.84347,1.00,1.25
2016.12.27 08:16:28.895,0.8434,0.84349,1.00,1.25
2016.12.27 08:16:29.400,0.8434,0.84348,1.00,1.25
2016.12.27 08:16:30.457,0.8434,0.84352,1.50,2.06
2016.12.27 08:16:30.508,0.84342,0.84352,1.00,1.25
2016.12.27 08:16:31.407,0.84341,0.84352,3.00,1.25
2016.12.27 08:16:31.711,0.84343,0.84355,1.69,2.06
2016.12.27 08:16:32.399,0.84343,0.84355,1.69,2.06
2016.12.27 08:16:34.877,0.84345,0.84356,1.00,1.31
2016.12.27 08:16:35.384,0.84346,0.84356,1.00,1.69
2016.12.27 08:16:37.476,0.84345,0.84356,1.00,1.25
2016.12.27 08:16:37.782,0.84347,0.84356,1.00,1.25
2016.12.27 08:16:39.741,0.84345,0.84353,1.00,1.00
2016.12.27 08:16:39.793,0.84343,0.84353,3.00,1.00
2016.12.27 08:16:39.996,0.84343,0.84354,1.00,2.25
2016.12.27 08:16:41.288,0.84342,0.84353,1.25,2.25
2016.12.27 08:16:41.795,0.84342,0.84353,1.69,2.25
2016.12.27 08:16:42.053,0.84342,0.84353,1.25,1.75
2016.12.27 08:16:43.153,0.84342,0.84353,1.25,1.75
2016.12.27 08:16:48.121,0.84342,0.84352,1.25,1.75
2016.12.27 08:16:49.750,0.84342,0.84352,1.25,1.00
2016.12.27 08:16:52.254,0.84342,0.84354,1.69,1.69
2016.12.27 08:16:52.709,0.84344,0.84354,1.00,1.25
2016.12.27 08:16:54.510,0.84344,0.84355,1.00,1.69
2016.12.27 08:16:55.306,0.84343,0.84355,1.69,1.69
2016.12.27 08:16:55.614,0.84343,0.84353,1.00,1.25
2016.12.27 08:17:00.164,0.84343,0.84353,2.25,1.25
2016.12.27 08:17:00.217,0.84345,0.84357,1.37,1.87
2016.12.27 08:17:00.734,0.84346,0.84356,1.00,1.00
2016.12.27 08:17:00.987,0.84344,0.84355,1.00,1.69
2016.12.27 08:17:01.191,0.84346,0.84355,1.50,1.69
2016.12.27 08:17:02.051,0.84345,0.84355,1.00,1.25
2016.12.27 08:17:02.619,0.84344,0.84355,1.50,1.25
2016.12.27 08:17:03.875,0.84344,0.84354,1.00,1.69
2016.12.27 08:17:04.413,0.84343,0.84354,2.62,1.25
2016.12.27 08:17:04.981,0.84344,0.84354,1.00,1.25
2016.12.27 08:17:05.510,0.84343,0.84355,3.00,1.25
2016.12.27 08:17:05.814,0.84348,0.84359,1.00,1.31
2016.12.27 08:17:06.322,0.84347,0.84358,1.25,1.00
2016.12.27 08:17:06.930,0.84347,0.84359,1.25,2.06
2016.12.27 08:17:08.744,0.84348,0.84359,1.00,1.25
2016.12.27 08:17:09.294,0.84349,0.84359,1.50,1.25
2016.12.27 08:17:09.803,0.8435,0.84359,1.00,1.25
2016.12.27 08:17:10.614,0.8435,0.84358,1.00,1.25
2016.12.27 08:17:10.665,0.84348,0.84358,1.00,1.25
2016.12.27 08:17:13.463,0.84347,0.84358,2.25,1.69
2016.12.27 08:17:13.968,0.84346,0.84358,1.00,2.06
2016.12.27 08:17:14.516,0.84346,0.84357,1.00,1.12
2016.12.27 08:17:15.570,0.84345,0.84358,1.00,2.44
2016.12.27 08:17:18.672,0.84345,0.84355,1.00,1.25
2016.12.27 08:17:19.435,0.84345,0.84358,1.00,1.25
2016.12.27 08:17:19.988,0.84346,0.84358,1.50,1.25
2016.12.27 08:17:20.503,0.84347,0.84358,1.00,1.00
2016.12.27 08:17:26.215,0.84345,0.84355,1.25,1.00
2016.12.27 08:17:26.519,0.84341,0.84352,2.81,1.00
2016.12.27 08:17:27.669,0.84341,0.84352,2.81,1.00
2016.12.27 08:17:28.024,0.84339,0.8435,1.87,1.00
2016.12.27 08:17:28.379,0.8434,0.84352,1.12,1.25
2016.12.27 08:17:28.582,0.84342,0.84353,1.25,1.00
2016.12.27 08:17:29.100,0.84341,0.84353,1.12,1.00
2016.12.27 08:17:29.151,0.84341,0.84355,1.12,2.44
2016.12.27 08:17:29.202,0.84341,0.84353,1.00,1.00
2016.12.27 08:17:29.961,0.84342,0.84353,1.00,1.69
2016.12.27 08:17:30.591,0.8434,0.84353,1.50,1.25
2016.12.27 08:17:30.744,0.84342,0.84353,1.00,1.25
2016.12.27 08:17:31.251,0.84342,0.84354,1.00,1.00
2016.12.27 08:17:32.444,0.84342,0.84352,1.00,1.00
2016.12.27 08:17:32.753,0.84337,0.84345,1.37,1.25
2016.12.27 08:17:33.867,0.84337,0.84344,1.37,1.25
2016.12.27 08:17:34.600,0.84337,0.84344,1.00,1.25
2016.12.27 08:17:35.155,0.84336,0.84344,1.12,1.25
2016.12.27 08:17:38.422,0.84337,0.84345,1.00,1.25
2016.12.27 08:17:38.473,0.84338,0.84348,1.25,1.00
2016.12.27 08:17:38.676,0.84336,0.84346,1.00,1.00
2016.12.27 08:17:39.183,0.84334,0.84346,3.19,1.00
2016.12.27 08:17:39.473,0.84334,0.84348,2.44,3.19
2016.12.27 08:17:40.181,0.84336,0.84348,1.00,3.19
2016.12.27 08:17:44.323,0.84336,0.84344,1.00,1.25
2016.12.27 08:17:47.454,0.84335,0.84344,1.87,1.25
2016.12.27 08:17:48.002,0.84336,0.84344,1.00,1.25
2016.12.27 08:17:48.816,0.84336,0.84347,2.25,1.31
2016.12.27 08:17:48.867,0.84336,0.84344,2.25,1.25
2016.12.27 08:17:49.302,0.84337,0.84347,1.00,1.25
2016.12.27 08:17:49.800,0.84336,0.84343,2.25,1.25
2016.12.27 08:17:50.349,0.84336,0.84344,1.50,1.25
2016.12.27 08:17:50.546,0.84336,0.84347,1.50,1.25
2016.12.27 08:17:52.432,0.84338,0.84347,1.50,1.25
2016.12.27 08:17:52.972,0.84339,0.84347,1.00,1.25
2016.12.27 08:17:53.706,0.8434,0.84348,1.00,1.25
2016.12.27 08:17:53.858,0.8434,0.8435,1.50,1.25
2016.12.27 08:17:54.802,0.84338,0.84349,3.37,1.00
2016.12.27 08:17:54.904,0.84338,0.84345,1.37,1.25
2016.12.27 08:17:57.623,0.84338,0.84348,1.37,1.19
2016.12.27 08:17:57.674,0.84338,0.84348,1.37,1.25
2016.12.27 08:17:58.893,0.84338,0.8435,1.87,1.00
2016.12.27 08:17:58.945,0.84338,0.84347,3.00,1.25
2016.12.27 08:17:59.099,0.84337,0.84348,3.37,1.25
2016.12.27 08:17:59.252,0.84338,0.84352,1.00,4.31
2016.12.27 08:17:59.557,0.84338,0.84347,1.87,1.25
2016.12.27 08:17:59.831,0.84339,0.84349,1.12,1.00
2016.12.27 08:18:00.337,0.84339,0.8435,3.00,1.00
2016.12.27 08:18:02.205,0.84339,0.8435,1.50,1.69
2016.12.27 08:18:03.416,0.84339,0.8435,3.00,1.25
2016.12.27 08:18:03.980,0.84339,0.8435,3.00,1.25
2016.12.27 08:18:04.497,0.84339,0.84349,1.50,1.25
2016.12.27 08:18:05.022,0.84341,0.84349,1.00,1.25
2016.12.27 08:18:05.073,0.84339,0.8435,1.12,1.00
2016.12.27 08:18:05.225,0.84338,0.84348,1.00,1.00
2016.12.27 08:18:05.420,0.84335,0.84347,1.87,1.00
2016.12.27 08:18:06.027,0.84336,0.84347,2.25,1.00
2016.12.27 08:18:06.557,0.84338,0.84347,1.50,1.00
2016.12.27 08:18:06.822,0.84335,0.84349,3.94,2.44
2016.12.27 08:18:07.227,0.84336,0.84349,1.50,1.69
2016.12.27 08:18:07.733,0.84337,0.84348,1.25,1.00
2016.12.27 08:18:08.138,0.84337,0.8435,1.25,1.87
2016.12.27 08:18:08.399,0.84337,0.84348,2.06,1.00
2016.12.27 08:18:08.703,0.84336,0.84346,1.50,1.25
2016.12.27 08:18:11.133,0.84336,0.84346,3.00,1.25
2016.12.27 08:18:11.437,0.84337,0.84349,2.25,1.25
2016.12.27 08:18:11.983,0.84337,0.8435,3.56,1.00
2016.12.27 08:18:12.346,0.84337,0.84348,2.00,1.00
2016.12.27 08:18:12.447,0.84337,0.84347,1.31,1.00
2016.12.27 08:18:13.242,0.84337,0.84348,1.31,1.00
2016.12.27 08:18:22.280,0.84337,0.84349,1.00,1.25
2016.12.27 08:18:22.331,0.84336,0.84349,2.25,1.69
2016.12.27 08:18:23.830,0.84336,0.84346,1.50,1.00
2016.12.27 08:18:23.923,0.84336,0.84345,1.00,1.00
2016.12.27 08:18:23.975,0.84334,0.84342,1.50,1.25
2016.12.27 08:18:24.179,0.84333,0.84345,1.87,1.69
2016.12.27 08:18:25.548,0.84337,0.84347,1.75,1.25
2016.12.27 08:18:25.599,0.84338,0.84349,1.50,1.25
2016.12.27 08:18:32.034,0.84339,0.84349,1.50,1.25
2016.12.27 08:18:32.776,0.8434,0.84349,1.00,1.25
2016.12.27 08:18:33.318,0.84339,0.84349,1.12,1.25
2016.12.27 08:18:38.763,0.84337,0.84346,1.87,1.69
2016.12.27 08:18:38.966,0.84331,0.84343,3.37,1.25
2016.12.27 08:18:39.574,0.84332,0.84343,1.50,1.25
2016.12.27 08:18:39.872,0.84333,0.84344,1.37,1.25
2016.12.27 08:18:40.440,0.84333,0.84344,2.62,1.25
2016.12.27 08:18:44.541,0.84332,0.84344,3.37,1.25
2016.12.27 08:18:47.217,0.84331,0.84343,1.75,1.00
2016.12.27 08:18:47.521,0.84329,0.84341,3.00,1.25
2016.12.27 08:18:52.513,0.84329,0.84341,1.87,2.06
2016.12.27 08:18:53.127,0.84329,0.84341,1.12,2.06
2016.12.27 08:18:53.768,0.84329,0.84341,2.62,1.31
2016.12.27 08:18:53.871,0.84329,0.84341,2.25,1.62
2016.12.27 08:18:54.454,0.8433,0.84341,1.75,1.25
2016.12.27 08:18:56.170,0.8433,0.84341,1.87,1.25
2016.12.27 08:18:58.926,0.84331,0.84341,2.25,1.25
2016.12.27 08:18:59.454,0.84331,0.84341,3.37,1.25
2016.12.27 08:19:05.758,0.84331,0.8434,1.12,1.25
2016.12.27 08:19:10.176,0.84331,0.8434,1.50,1.25
2016.12.27 08:19:14.669,0.8433,0.84338,2.62,1.25
2016.12.27 08:19:14.720,0.8433,0.84342,3.19,1.25
2016.12.27 08:19:16.679,0.8433,0.84341,1.69,1.00
2016.12.27 08:19:16.782,0.84329,0.84339,1.87,1.00
2016.12.27 08:19:17.285,0.84328,0.84339,3.00,1.00
2016.12.27 08:19:17.791,0.84329,0.8434,3.00,1.69
2016.12.27 08:19:18.329,0.84331,0.8434,1.00,1.69
2016.12.27 08:19:19.233,0.8433,0.8434,1.12,1.25
2016.12.27 08:19:19.917,0.84329,0.8434,1.50,1.69
2016.12.27 08:19:20.222,0.84328,0.84337,1.00,1.25
2016.12.27 08:19:20.793,0.84328,0.8434,2.25,1.62
2016.12.27 08:19:20.844,0.84328,0.8434,2.25,1.25
2016.12.27 08:19:21.350,0.84329,0.8434,1.00,1.25
2016.12.27 08:19:24.754,0.84328,0.8434,1.50,1.25
2016.12.27 08:19:25.209,0.84331,0.84341,1.00,1.25
2016.12.27 08:19:25.744,0.84331,0.84342,1.87,1.25
2016.12.27 08:19:26.659,0.84332,0.84342,2.25,1.25
2016.12.27 08:19:28.282,0.84331,0.84342,1.00,1.25
2016.12.27 08:19:28.587,0.84327,0.84338,2.25,1.25
2016.12.27 08:19:29.095,0.84328,0.84337,1.50,1.25
2016.12.27 08:19:31.826,0.84326,0.84337,3.00,1.69
2016.12.27 08:19:31.929,0.84325,0.84336,1.87,1.25
2016.12.27 08:19:32.031,0.84323,0.84334,4.87,1.00
2016.12.27 08:19:33.181,0.84323,0.84336,3.75,1.69
2016.12.27 08:19:34.260,0.84323,0.84334,3.75,1.00
2016.12.27 08:19:34.463,0.84323,0.84336,3.00,1.25
2016.12.27 08:19:34.996,0.84323,0.84335,2.25,1.00
2016.12.27 08:19:35.525,0.84323,0.84336,2.25,1.25
2016.12.27 08:19:36.001,0.84323,0.84334,2.25,1.25
2016.12.27 08:19:36.826,0.84327,0.84337,1.00,1.25
2016.12.27 08:19:38.427,0.84328,0.84335,1.50,1.25
2016.12.27 08:19:38.478,0.8433,0.84341,1.00,2.81
2016.12.27 08:19:38.529,0.84331,0.84341,1.75,1.69
2016.12.27 08:19:39.035,0.84332,0.84342,1.50,1.69
2016.12.27 08:19:39.604,0.84331,0.84341,1.75,1.69
2016.12.27 08:19:40.674,0.84331,0.84341,1.37,1.25
2016.12.27 08:19:41.433,0.8433,0.84341,2.25,1.19
2016.12.27 08:19:41.850,0.8433,0.84341,1.50,1.31
2016.12.27 08:19:43.141,0.84328,0.84341,3.00,2.06
2016.12.27 08:19:43.649,0.84328,0.84341,1.50,2.06
2016.12.27 08:19:44.211,0.84329,0.84341,1.00,2.06
2016.12.27 08:19:44.870,0.84329,0.84341,1.50,2.06
2016.12.27 08:19:45.235,0.84327,0.84338,3.75,1.25
2016.12.27 08:19:45.589,0.84329,0.84338,1.50,1.25
2016.12.27 08:19:46.115,0.8433,0.84338,1.00,1.25
2016.12.27 08:19:46.622,0.84328,0.84337,1.87,1.25
2016.12.27 08:19:47.796,0.84328,0.84337,1.87,1.25
2016.12.27 08:19:55.056,0.84328,0.84337,1.12,1.19
2016.12.27 08:19:55.587,0.84328,0.84335,1.12,1.25
2016.12.27 08:19:58.380,0.84328,0.84335,1.87,1.25
2016.12.27 08:19:58.482,0.84327,0.84335,1.50,1.25
2016.12.27 08:19:58.987,0.84326,0.84335,3.75,1.25
2016.12.27 08:20:00.791,0.84327,0.84334,1.00,1.25
2016.12.27 08:20:01.306,0.84326,0.84334,1.12,1.25
2016.12.27 08:20:01.868,0.84326,0.84334,1.87,1.25
2016.12.27 08:20:06.717,0.84329,0.84339,1.00,2.06
2016.12.27 08:20:06.768,0.84327,0.84338,1.31,1.00
2016.12.27 08:20:06.819,0.84327,0.84336,1.00,1.25
2016.12.27 08:20:07.073,0.84325,0.84335,1.00,1.25
2016.12.27 08:20:07.275,0.84323,0.84334,3.00,1.69
2016.12.27 08:20:09.033,0.84324,0.84334,1.25,1.00
2016.12.27 08:20:13.491,0.84324,0.84333,1.25,1.50
2016.12.27 08:20:14.020,0.8432,0.84332,2.06,1.69
2016.12.27 08:20:14.562,0.8432,0.84331,2.06,1.00
2016.12.27 08:20:14.815,0.8432,0.84332,2.44,1.25
2016.12.27 08:20:15.503,0.84321,0.8433,1.87,1.25
2016.12.27 08:20:16.026,0.8432,0.8433,1.37,1.25
2016.12.27 08:20:16.840,0.8432,0.8433,1.12,1.69
2016.12.27 08:20:17.044,0.84318,0.8433,1.69,1.69
2016.12.27 08:20:17.146,0.84318,0.8433,1.69,2.44
2016.12.27 08:20:17.652,0.84319,0.84329,1.06,1.00
2016.12.27 08:20:18.176,0.8432,0.8433,1.00,2.44
2016.12.27 08:20:21.824,0.8432,0.84329,1.00,1.25
2016.12.27 08:20:22.366,0.8432,0.8433,1.00,1.25
2016.12.27 08:20:22.885,0.84319,0.8433,1.00,1.25
2016.12.27 08:20:23.758,0.84321,0.8433,1.00,1.25
2016.12.27 08:20:23.860,0.84321,0.84332,1.00,1.69
2016.12.27 08:20:24.426,0.84322,0.84331,1.00,1.00
2016.12.27 08:20:24.706,0.8432,0.84332,1.00,1.69
2016.12.27 08:20:24.757,0.8432,0.8433,1.00,1.69
2016.12.27 08:20:25.316,0.84321,0.8433,1.00,1.25
2016.12.27 08:20:27.175,0.84321,0.84332,1.00,1.25
2016.12.27 08:20:27.357,0.84321,0.84329,1.00,1.25
2016.12.27 08:20:28.577,0.84321,0.84331,1.00,1.25
2016.12.27 08:20:30.497,0.84321,0.8433,1.00,1.25
2016.12.27 08:20:31.060,0.84321,0.84331,1.00,1.25
2016.12.27 08:20:32.797,0.84321,0.8433,1.00,1.25
2016.12.27 08:20:33.336,0.84321,0.84331,1.00,1.00
2016.12.27 08:20:33.951,0.84321,0.84332,1.00,1.69
2016.12.27 08:20:37.956,0.84323,0.84332,1.00,1.69
2016.12.27 08:20:38.009,0.84323,0.84334,1.00,1.25
2016.12.27 08:20:38.262,0.84325,0.84334,1.00,1.25
2016.12.27 08:20:38.414,0.84327,0.84338,1.00,1.25
2016.12.27 08:20:38.623,0.84327,0.84336,1.00,1.25
2016.12.27 08:20:39.369,0.84328,0.84336,1.00,1.25
2016.12.27 08:20:39.922,0.84327,0.84336,1.00,1.69
2016.12.27 08:20:40.176,0.84327,0.84338,1.00,1.50
2016.12.27 08:20:40.278,0.8433,0.8434,1.00,2.06
2016.12.27 08:20:40.481,0.84328,0.84339,1.69,1.37
2016.12.27 08:20:40.634,0.84328,0.84336,1.00,1.25
2016.12.27 08:20:40.738,0.84326,0.84336,1.00,1.25
2016.12.27 08:20:41.245,0.84325,0.84335,2.25,1.25
2016.12.27 08:20:42.204,0.84326,0.84335,1.00,1.25
2016.12.27 08:20:44.666,0.84325,0.84335,2.25,1.25
2016.12.27 08:20:46.906,0.84325,0.84334,1.00,1.00
2016.12.27 08:20:48.285,0.84324,0.84335,1.00,1.25
2016.12.27 08:20:55.803,0.84323,0.84335,1.69,1.25
2016.12.27 08:20:58.270,0.84324,0.84335,1.00,1.25
2016.12.27 08:20:58.802,0.84325,0.84335,1.00,1.69
2016.12.27 08:20:59.334,0.84324,0.84334,1.00,1.00
2016.12.27 08:20:59.899,0.84324,0.84335,1.00,1.25
2016.12.27 08:21:04.750,0.84324,0.84336,1.00,2.06
2016.12.27 08:21:05.270,0.84325,0.84336,1.00,1.31
2016.12.27 08:21:05.822,0.84325,0.84335,1.00,1.00
2016.12.27 08:21:13.808,0.84325,0.84337,1.25,2.25
2016.12.27 08:21:13.980,0.84327,0.84337,1.25,2.25
2016.12.27 08:21:15.793,0.84322,0.84333,1.69,1.00
2016.12.27 08:21:15.844,0.84322,0.84331,1.25,1.00
2016.12.27 08:21:16.784,0.84322,0.8433,1.25,1.00
2016.12.27 08:21:17.445,0.84322,0.84331,1.25,1.00
2016.12.27 08:21:17.969,0.84321,0.84331,1.25,2.25
2016.12.27 08:21:18.771,0.84321,0.84329,1.25,1.00
2016.12.27 08:21:19.781,0.84321,0.84331,1.25,1.50
2016.12.27 08:21:20.287,0.84321,0.8433,1.25,1.00
2016.12.27 08:21:24.122,0.84321,0.84331,1.25,1.50
2016.12.27 08:21:26.295,0.84321,0.84329,1.25,1.00
2016.12.27 08:21:26.448,0.84321,0.84331,1.25,1.00
2016.12.27 08:21:26.954,0.84321,0.84332,1.25,1.50
2016.12.27 08:21:27.499,0.84322,0.84332,1.25,1.00
2016.12.27 08:21:32.137,0.84322,0.84333,1.25,1.87
2016.12.27 08:21:32.712,0.84322,0.84334,2.06,1.87
2016.12.27 08:21:34.919,0.84325,0.84334,1.25,1.12
2016.12.27 08:21:35.448,0.84325,0.84335,1.69,1.00
2016.12.27 08:21:37.658,0.84325,0.84336,1.25,1.50
2016.12.27 08:21:38.525,0.84325,0.84335,1.25,1.00
2016.12.27 08:21:39.074,0.84325,0.84336,1.25,1.50
2016.12.27 08:21:39.379,0.84325,0.84334,1.69,1.00
2016.12.27 08:21:39.555,0.84325,0.84336,1.25,1.50
2016.12.27 08:21:40.279,0.84325,0.84335,1.25,1.00
2016.12.27 08:21:40.825,0.84325,0.84336,1.25,1.50
2016.12.27 08:21:41.333,0.84325,0.84335,1.69,1.00
2016.12.27 08:21:42.527,0.84327,0.84336,1.00,1.00
2016.12.27 08:21:42.578,0.84325,0.84336,2.44,1.00
2016.12.27 08:21:42.629,0.84329,0.84338,1.00,1.69
2016.12.27 08:21:42.938,0.84331,0.84342,1.25,3.19
2016.12.27 08:21:43.438,0.84332,0.84342,1.25,2.25
2016.12.27 08:21:45.360,0.84334,0.84343,1.00,1.75
2016.12.27 08:21:45.539,0.84338,0.84347,1.00,1.50
2016.12.27 08:21:45.742,0.84338,0.8435,1.50,1.50
2016.12.27 08:21:45.843,0.84337,0.84348,3.19,1.00
2016.12.27 08:21:46.350,0.84337,0.84349,2.44,1.00
2016.12.27 08:21:48.433,0.84337,0.8435,2.81,1.00
2016.12.27 08:21:49.228,0.84337,0.84348,1.31,1.00
2016.12.27 08:21:49.537,0.84339,0.84347,1.25,1.00
2016.12.27 08:21:50.125,0.84339,0.84349,1.25,1.00
2016.12.27 08:21:50.429,0.84339,0.84351,1.69,1.50
2016.12.27 08:21:50.587,0.84339,0.84349,1.25,1.00
2016.12.27 08:21:50.984,0.84341,0.84353,1.50,2.44
2016.12.27 08:21:51.035,0.84344,0.84354,1.25,3.00
2016.12.27 08:21:52.040,0.84344,0.84353,1.25,1.00
2016.12.27 08:21:52.676,0.84345,0.84355,1.25,1.00
2016.12.27 08:21:52.777,0.84345,0.84357,1.25,1.12
2016.12.27 08:21:53.295,0.84345,0.84358,1.25,1.69
2016.12.27 08:21:53.819,0.84345,0.84357,1.25,1.00
2016.12.27 08:21:56.508,0.84345,0.84356,1.69,1.00
2016.12.27 08:21:58.623,0.84346,0.84356,1.25,1.00
2016.12.27 08:21:59.128,0.84346,0.84357,1.25,1.00
2016.12.27 08:22:00.548,0.84346,0.84356,1.25,1.00
2016.12.27 08:22:00.599,0.84344,0.84355,1.25,1.00
2016.12.27 08:22:00.802,0.84344,0.84353,1.25,1.00
2016.12.27 08:22:00.954,0.84344,0.84355,1.25,1.00
2016.12.27 08:22:01.490,0.84343,0.8435,1.12,1.00
2016.12.27 08:22:01.541,0.84341,0.8435,1.25,1.00
2016.12.27 08:22:05.991,0.84341,0.84349,1.25,1.00
2016.12.27 08:22:08.853,0.84343,0.84354,1.25,2.62
2016.12.27 08:22:09.005,0.84342,0.84352,1.25,1.00
2016.12.27 08:22:09.309,0.84342,0.8435,1.25,1.00
2016.12.27 08:22:09.853,0.84341,0.8435,1.25,1.00
2016.12.27 08:22:09.981,0.84341,0.84352,1.25,1.00
2016.12.27 08:22:10.520,0.84341,0.84351,1.25,1.00
2016.12.27 08:22:11.024,0.84341,0.84352,1.25,1.00
2016.12.27 08:22:11.544,0.84341,0.84351,1.25,1.00
2016.12.27 08:22:12.073,0.84341,0.84352,1.25,1.00
2016.12.27 08:22:12.625,0.84341,0.8435,1.25,1.00
2016.12.27 08:22:13.614,0.84341,0.84352,1.25,1.12
2016.12.27 08:22:17.364,0.84341,0.84351,1.25,1.00
2016.12.27 08:22:17.872,0.84341,0.84352,1.25,1.00
2016.12.27 08:22:17.923,0.84341,0.84345,1.25,1.00
2016.12.27 08:22:18.443,0.8434,0.84344,1.69,1.00
2016.12.27 08:22:18.751,0.84344,0.84348,1.69,1.00
2016.12.27 08:22:18.853,0.84346,0.84352,1.25,1.00
2016.12.27 08:22:21.213,0.84346,0.84351,1.25,1.00
2016.12.27 08:22:21.599,0.84346,0.84353,1.69,1.00
2016.12.27 08:22:21.700,0.84346,0.84355,2.06,1.00
2016.12.27 08:22:21.751,0.84346,0.84353,2.06,1.00
2016.12.27 08:22:21.852,0.84346,0.84355,2.06,1.00
2016.12.27 08:22:22.518,0.84346,0.84354,2.06,1.00
2016.12.27 08:22:23.199,0.84346,0.84353,1.31,1.00
2016.12.27 08:22:24.941,0.84346,0.84352,1.31,1.00
2016.12.27 08:22:25.194,0.84344,0.84349,1.69,1.00
2016.12.27 08:22:25.347,0.84346,0.84351,1.25,1.00
2016.12.27 08:22:25.854,0.84346,0.84352,1.25,1.00
2016.12.27 08:22:27.777,0.84346,0.8435,1.25,1.00
2016.12.27 08:22:27.979,0.84346,0.84352,1.25,1.00
2016.12.27 08:22:28.183,0.84342,0.84352,2.44,1.00
2016.12.27 08:22:28.972,0.84342,0.8435,2.44,1.00
2016.12.27 08:22:29.486,0.84342,0.8435,2.06,1.00
2016.12.27 08:22:31.649,0.84342,0.84348,2.06,1.00
2016.12.27 08:22:37.143,0.84342,0.84348,2.44,1.00
2016.12.27 08:22:39.960,0.84342,0.84349,2.44,1.00
2016.12.27 08:22:40.546,0.84342,0.84348,2.44,1.00
2016.12.27 08:22:41.055,0.84342,0.84348,2.06,1.00
2016.12.27 08:22:42.446,0.84342,0.84346,1.69,1.00
2016.12.27 08:22:42.751,0.84336,0.8434,1.12,1.00
2016.12.27 08:22:43.062,0.84332,0.84338,1.87,1.00
2016.12.27 08:22:43.425,0.84332,0.84338,2.44,1.00
2016.12.27 08:22:45.564,0.84331,0.84337,2.06,1.00
2016.12.27 08:22:46.298,0.84331,0.84337,2.06,1.00
2016.12.27 08:22:56.863,0.84331,0.84338,2.06,1.00
2016.12.27 08:22:57.358,0.84329,0.84336,2.06,1.00
2016.12.27 08:22:57.919,0.8433,0.84335,1.00,1.00
2016.12.27 08:22:58.608,0.8433,0.84336,1.00,1.00
2016.12.27 08:22:59.110,0.8433,0.84337,1.00,1.00
2016.12.27 08:22:59.635,0.8433,0.84336,1.12,1.00
2016.12.27 08:23:00.901,0.8433,0.84337,1.00,1.00
2016.12.27 08:23:01.925,0.84329,0.84337,2.06,1.00
2016.12.27 08:23:04.395,0.8433,0.84337,1.00,1.00
2016.12.27 08:23:09.491,0.84334,0.8434,1.00,1.00
2016.12.27 08:23:09.643,0.84337,0.84344,1.00,1.00
2016.12.27 08:23:11.180,0.84335,0.84342,1.87,1.00
2016.12.27 08:23:11.332,0.84334,0.84341,1.25,1.00
2016.12.27 08:23:11.434,0.84334,0.84339,1.25,1.00
2016.12.27 08:23:11.637,0.84336,0.84342,1.00,1.00
2016.12.27 08:23:11.739,0.84336,0.8434,1.00,1.00
2016.12.27 08:23:12.243,0.84336,0.84341,1.00,1.00
2016.12.27 08:23:12.373,0.84339,0.84345,1.69,1.00
2016.12.27 08:23:12.475,0.84339,0.84343,1.69,1.00
2016.12.27 08:23:14.696,0.84339,0.84344,1.25,1.00
2016.12.27 08:23:16.418,0.84339,0.84343,1.25,1.00
2016.12.27 08:23:17.079,0.84338,0.84343,1.00,1.00
2016.12.27 08:23:17.612,0.84337,0.84343,1.25,1.00
2016.12.27 08:23:17.947,0.8433,0.84336,1.75,1.00
2016.12.27 08:23:18.049,0.84326,0.84332,1.31,1.00
2016.12.27 08:23:18.202,0.84324,0.8433,1.12,1.00
2016.12.27 08:23:18.525,0.84323,0.84328,1.69,1.00
2016.12.27 08:23:18.784,0.84324,0.8433,1.25,1.00
2016.12.27 08:23:19.147,0.84325,0.84332,1.25,1.00
2016.12.27 08:23:19.653,0.84325,0.84333,1.69,1.00
2016.12.27 08:23:20.358,0.84325,0.84332,1.69,1.00
2016.12.27 08:23:21.288,0.84327,0.84332,1.25,1.00
2016.12.27 08:23:23.037,0.84328,0.84332,1.25,1.00
2016.12.27 08:23:29.791,0.84328,0.84333,1.25,1.00
2016.12.27 08:23:31.673,0.84328,0.84332,1.25,1.00
2016.12.27 08:23:33.185,0.84328,0.84333,1.25,1.00
2016.12.27 08:23:33.754,0.84328,0.84332,1.25,1.00
2016.12.27 08:23:35.548,0.8433,0.84334,1.25,1.00
2016.12.27 08:23:35.650,0.84328,0.84332,1.25,1.00
2016.12.27 08:23:36.181,0.8433,0.84334,1.25,1.00
2016.12.27 08:23:36.298,0.84328,0.84332,1.25,1.00
2016.12.27 08:23:37.424,0.84324,0.84332,1.12,1.00
2016.12.27 08:23:38.141,0.84323,0.84332,2.44,1.00
2016.12.27 08:23:38.732,0.84324,0.84332,1.00,1.00
2016.12.27 08:23:39.532,0.84324,0.84331,1.00,1.00
2016.12.27 08:23:40.042,0.84323,0.8433,1.25,1.00
2016.12.27 08:23:41.047,0.84323,0.84329,1.31,1.00
2016.12.27 08:23:46.137,0.84324,0.8433,1.00,1.00
2016.12.27 08:23:46.258,0.84327,0.84331,1.25,1.00
2016.12.27 08:23:46.310,0.84324,0.84331,1.69,1.00
2016.12.27 08:23:46.513,0.84327,0.84331,1.25,1.00
2016.12.27 08:23:46.972,0.84324,0.8433,1.25,1.00
2016.12.27 08:23:47.023,0.84327,0.84331,1.25,1.00
2016.12.27 08:23:47.182,0.84324,0.8433,1.25,1.00
2016.12.27 08:23:48.116,0.84324,0.84331,1.25,1.00
2016.12.27 08:23:48.167,0.84324,0.84329,1.25,1.00
2016.12.27 08:23:48.597,0.84321,0.84325,1.31,1.00
2016.12.27 08:23:48.648,0.84319,0.84324,1.31,1.00
2016.12.27 08:23:48.750,0.84316,0.84323,1.69,1.00
2016.12.27 08:23:48.801,0.84316,0.8432,1.25,1.00
2016.12.27 08:23:49.156,0.84316,0.84322,1.25,1.00
2016.12.27 08:23:49.662,0.84316,0.84323,1.25,1.00
2016.12.27 08:23:50.175,0.84317,0.84323,1.25,1.00
2016.12.27 08:23:50.329,0.84317,0.84321,1.25,1.00
2016.12.27 08:23:50.481,0.84314,0.84321,1.25,1.00
2016.12.27 08:23:50.584,0.84312,0.8432,1.69,1.00
2016.12.27 08:23:50.636,0.84312,0.84317,1.25,1.00
2016.12.27 08:23:50.991,0.84312,0.8432,1.69,1.00
2016.12.27 08:23:52.726,0.84312,0.84319,1.25,1.00
2016.12.27 08:23:53.262,0.84312,0.84318,1.25,1.00
2016.12.27 08:23:56.701,0.84312,0.84319,1.25,1.00
2016.12.27 08:23:58.679,0.84312,0.8432,1.25,1.00
2016.12.27 08:24:00.046,0.84312,0.84321,1.25,1.00
2016.12.27 08:24:00.673,0.84312,0.84319,1.25,1.00
2016.12.27 08:24:01.270,0.84312,0.8432,1.69,1.00
2016.12.27 08:24:01.474,0.8431,0.8432,1.25,1.00
2016.12.27 08:24:01.576,0.8431,0.84318,1.69,1.00
2016.12.27 08:24:01.934,0.84312,0.84319,1.25,1.00
2016.12.27 08:24:02.199,0.84312,0.84321,1.25,1.00
2016.12.27 08:24:02.301,0.84311,0.84319,1.00,1.00
2016.12.27 08:24:03.261,0.84311,0.8432,1.00,1.00
2016.12.27 08:24:05.135,0.84312,0.8432,1.00,1.00
2016.12.27 08:24:05.647,0.84311,0.8432,1.00,1.00
2016.12.27 08:24:07.070,0.84313,0.8432,1.00,1.00
2016.12.27 08:24:09.490,0.84313,0.84321,1.00,1.00
2016.12.27 08:24:12.730,0.84312,0.84319,1.00,1.00
2016.12.27 08:24:14.199,0.84312,0.84321,1.00,1.00
2016.12.27 08:24:14.392,0.8431,0.8432,3.19,1.00
2016.12.27 08:24:14.955,0.84311,0.8432,1.00,1.00
2016.12.27 08:24:15.536,0.84312,0.8432,1.00,1.00
2016.12.27 08:24:16.213,0.84312,0.84321,1.00,1.00
2016.12.27 08:24:16.732,0.84312,0.8432,1.00,1.00
2016.12.27 08:24:17.273,0.84312,0.84319,1.00,1.00
2016.12.27 08:24:17.782,0.84311,0.84319,1.00,1.00
2016.12.27 08:24:19.123,0.84312,0.8432,1.00,1.00
2016.12.27 08:24:20.261,0.84312,0.84319,1.00,1.00
2016.12.27 08:24:21.139,0.84311,0.84319,1.00,1.00
2016.12.27 08:24:24.533,0.84311,0.8432,1.00,1.00
2016.12.27 08:24:25.100,0.84311,0.84321,1.00,1.00
2016.12.27 08:24:25.612,0.84311,0.8432,1.00,1.00
2016.12.27 08:24:26.272,0.84312,0.8432,1.00,1.00
2016.12.27 08:24:26.874,0.84311,0.8432,1.00,1.00
2016.12.27 08:24:28.242,0.84314,0.84323,1.00,1.00
2016.12.27 08:24:28.749,0.84315,0.84324,1.00,1.00
2016.12.27 08:24:29.298,0.84315,0.84323,1.00,1.00
2016.12.27 08:24:31.271,0.84314,0.84323,1.50,1.00
2016.12.27 08:24:31.699,0.84316,0.84324,1.00,1.00
2016.12.27 08:24:31.750,0.84316,0.84326,1.00,1.00
2016.12.27 08:24:31.802,0.84318,0.84326,1.00,1.00
2016.12.27 08:24:32.325,0.84318,0.84325,1.00,1.00
2016.12.27 08:24:32.851,0.84315,0.84324,1.00,1.00
2016.12.27 08:24:32.902,0.84315,0.84322,1.00,1.00
2016.12.27 08:24:33.206,0.84313,0.84319,1.25,1.00
2016.12.27 08:24:33.738,0.84311,0.84319,1.25,1.00
2016.12.27 08:24:34.304,0.8431,0.8432,2.44,1.00
2016.12.27 08:24:34.823,0.8431,0.84321,4.31,1.00
2016.12.27 08:24:35.454,0.84312,0.84321,1.00,1.00
2016.12.27 08:24:35.968,0.84313,0.84321,1.12,1.00
2016.12.27 08:24:36.733,0.84312,0.8432,2.06,1.00
2016.12.27 08:24:39.146,0.84313,0.8432,1.50,1.00
2016.12.27 08:24:39.399,0.84314,0.84322,2.06,1.00
2016.12.27 08:24:39.501,0.84315,0.84324,2.06,1.00
2016.12.27 08:24:39.705,0.84315,0.84326,2.06,1.00
2016.12.27 08:24:40.285,0.84315,0.84325,1.31,1.00
2016.12.27 08:24:40.754,0.84315,0.84323,1.31,1.00
2016.12.27 08:24:41.362,0.84315,0.84323,1.62,1.00
2016.12.27 08:24:42.470,0.84314,0.84322,1.62,1.00
2016.12.27 08:24:42.672,0.84312,0.84322,2.44,1.00
2016.12.27 08:24:43.173,0.84313,0.84322,1.50,1.00
2016.12.27 08:24:52.088,0.84312,0.84322,2.44,1.00
2016.12.27 08:24:55.284,0.84313,0.84323,1.50,1.00
2016.12.27 08:25:00.030,0.84313,0.84319,2.25,1.25
2016.12.27 08:25:00.080,0.84313,0.84322,2.25,1.00
2016.12.27 08:25:00.595,0.84314,0.84324,1.37,1.00
2016.12.27 08:25:01.101,0.84314,0.84323,1.37,1.00
2016.12.27 08:25:05.875,0.84312,0.84322,3.19,1.00
2016.12.27 08:25:07.975,0.84314,0.84323,1.37,1.00
2016.12.27 08:25:12.440,0.84316,0.84323,1.25,1.00
2016.12.27 08:25:12.492,0.84316,0.84324,1.69,1.00
2016.12.27 08:25:12.543,0.84317,0.84326,1.37,1.12
2016.12.27 08:25:12.594,0.84317,0.84322,1.37,1.25
2016.12.27 08:25:12.645,0.84317,0.84326,2.06,1.00
2016.12.27 08:25:13.077,0.84317,0.84328,2.44,1.00
2016.12.27 08:25:13.623,0.84317,0.84329,3.56,1.00
2016.12.27 08:25:15.584,0.84317,0.84323,3.19,1.00
2016.12.27 08:25:15.686,0.84315,0.84322,1.87,1.00
2016.12.27 08:25:15.838,0.84313,0.84322,1.25,1.00
2016.12.27 08:25:16.356,0.84313,0.84321,1.25,1.00
2016.12.27 08:25:17.067,0.84313,0.84323,1.25,1.00
2016.12.27 08:25:17.255,0.84316,0.84325,1.00,1.25
2016.12.27 08:25:17.408,0.84314,0.84325,3.19,1.25
2016.12.27 08:25:19.536,0.84315,0.84325,1.25,1.12
2016.12.27 08:25:21.511,0.84315,0.84327,1.69,2.06
2016.12.27 08:25:21.901,0.84317,0.84327,1.00,1.31
2016.12.27 08:25:22.765,0.84315,0.84327,2.44,2.06
2016.12.27 08:25:22.815,0.84315,0.84325,1.69,1.00
2016.12.27 08:25:23.797,0.84315,0.84326,1.69,1.12
2016.12.27 08:25:25.940,0.84315,0.84327,1.25,2.06
2016.12.27 08:25:26.992,0.84318,0.84328,1.00,1.37
2016.12.27 08:25:27.501,0.84318,0.8433,1.00,1.69
2016.12.27 08:25:27.985,0.8432,0.8433,1.00,2.00
2016.12.27 08:25:28.683,0.84319,0.8433,1.00,2.44
2016.12.27 08:25:35.357,0.84318,0.8433,1.50,2.44
2016.12.27 08:25:38.481,0.84319,0.8433,1.25,1.75
2016.12.27 08:25:40.003,0.84319,0.8433,1.25,1.00
2016.12.27 08:25:42.111,0.84319,0.84327,1.25,1.00
2016.12.27 08:25:49.050,0.84322,0.84331,1.00,1.69
2016.12.27 08:25:49.202,0.84324,0.84331,1.00,1.00
2016.12.27 08:25:49.750,0.84323,0.84331,1.25,1.00
2016.12.27 08:25:50.294,0.84323,0.84332,1.25,1.00
2016.12.27 08:25:54.071,0.84323,0.84334,1.69,1.00
2016.12.27 08:25:56.136,0.84323,0.84333,1.25,1.00
2016.12.27 08:25:56.290,0.84323,0.84329,1.25,1.00
2016.12.27 08:25:56.340,0.84323,0.84331,1.25,1.00
2016.12.27 08:25:58.115,0.84323,0.8433,1.25,1.00
2016.12.27 08:25:58.471,0.84323,0.8433,1.19,1.00
2016.12.27 08:25:58.587,0.8432,0.84327,1.25,1.00
2016.12.27 08:25:58.638,0.84321,0.8433,1.25,1.00
2016.12.27 08:25:58.841,0.84319,0.84332,1.69,3.19
2016.12.27 08:25:58.892,0.84319,0.84332,1.69,3.19
2016.12.27 08:25:59.045,0.84322,0.84333,1.31,2.62
2016.12.27 08:26:03.222,0.84322,0.84333,1.25,3.37
2016.12.27 08:26:03.842,0.84322,0.84331,1.25,1.12
2016.12.27 08:26:04.348,0.84323,0.84331,1.00,1.00
2016.12.27 08:26:04.877,0.84322,0.84332,1.25,1.12
2016.12.27 08:26:05.404,0.84323,0.84332,1.00,1.12
2016.12.27 08:26:05.911,0.84322,0.84332,1.25,1.12
2016.12.27 08:26:07.257,0.84322,0.84331,1.25,1.00
2016.12.27 08:26:09.035,0.84322,0.84332,1.25,1.12
2016.12.27 08:26:09.569,0.8432,0.84329,1.00,1.00
2016.12.27 08:26:09.773,0.84315,0.84326,1.50,1.25
2016.12.27 08:26:10.129,0.84314,0.84326,1.00,2.44
2016.12.27 08:26:10.281,0.84314,0.84326,1.37,1.69
2016.12.27 08:26:10.383,0.84314,0.84326,1.12,1.69
2016.12.27 08:26:10.926,0.84314,0.84325,1.00,1.00
2016.12.27 08:26:11.498,0.84314,0.84326,1.00,1.69
2016.12.27 08:26:12.609,0.84314,0.84325,1.12,1.00
2016.12.27 08:26:12.964,0.84317,0.84327,1.25,1.50
2016.12.27 08:26:13.066,0.84317,0.84329,2.06,1.87
2016.12.27 08:26:13.117,0.84317,0.84329,2.06,1.12
2016.12.27 08:26:13.629,0.84318,0.8433,1.00,1.00
2016.12.27 08:26:14.139,0.84318,0.84331,1.00,4.31
2016.12.27 08:26:14.557,0.84317,0.84328,2.06,1.00
2016.12.27 08:26:14.811,0.84317,0.8433,1.25,1.50
2016.12.27 08:26:17.438,0.84317,0.8433,1.69,1.37
2016.12.27 08:26:18.566,0.84317,0.8433,1.69,2.25
2016.12.27 08:26:20.176,0.84318,0.8433,1.00,3.19
2016.12.27 08:26:20.785,0.84317,0.8433,1.00,2.44
2016.12.27 08:26:21.389,0.84318,0.8433,1.00,2.44
2016.12.27 08:26:21.490,0.84318,0.8433,1.00,1.69
2016.12.27 08:26:30.954,0.84318,0.8433,1.00,1.69
2016.12.27 08:26:36.635,0.84319,0.84329,1.00,1.12
2016.12.27 08:26:36.889,0.84317,0.8433,1.50,2.06
2016.12.27 08:26:36.991,0.84317,0.8433,1.50,2.44
2016.12.27 08:26:37.458,0.84317,0.8433,1.50,2.81
2016.12.27 08:26:38.064,0.84316,0.8433,1.69,3.19
2016.12.27 08:26:39.448,0.84316,0.84329,1.25,1.00
2016.12.27 08:26:40.095,0.84318,0.84329,1.00,1.00
2016.12.27 08:26:40.609,0.84318,0.8433,1.00,1.25
2016.12.27 08:26:43.737,0.84318,0.84329,2.06,1.62
2016.12.27 08:26:44.288,0.84318,0.84329,1.69,1.31
2016.12.27 08:26:47.546,0.84319,0.84329,1.00,1.25
2016.12.27 08:26:48.080,0.84319,0.84329,1.00,1.62
2016.12.27 08:26:49.184,0.8432,0.8433,2.44,2.62
2016.12.27 08:26:49.235,0.8432,0.84331,1.87,2.44
2016.12.27 08:26:49.336,0.8432,0.84331,1.87,1.25
2016.12.27 08:26:49.406,0.84323,0.84335,1.25,2.81
2016.12.27 08:26:49.929,0.84324,0.84336,1.69,1.00
2016.12.27 08:26:50.439,0.84324,0.84335,1.25,1.87
2016.12.27 08:26:55.860,0.84324,0.84335,1.25,1.87
2016.12.27 08:26:56.513,0.84324,0.84335,1.25,2.62
2016.12.27 08:27:02.614,0.84324,0.84335,1.25,1.50
2016.12.27 08:27:03.141,0.84324,0.84332,1.25,1.00
2016.12.27 08:27:07.488,0.84324,0.84331,1.25,1.00
2016.12.27 08:27:07.850,0.84324,0.84333,1.25,1.50
2016.12.27 08:27:08.358,0.84324,0.84332,1.25,1.50
2016.12.27 08:27:11.000,0.8432,0.8433,2.81,1.00
2016.12.27 08:27:11.152,0.84321,0.84332,1.00,1.12
2016.12.27 08:27:11.203,0.84323,0.84332,1.25,1.50
2016.12.27 08:27:11.709,0.84323,0.84333,1.25,1.50
2016.12.27 08:27:12.894,0.84322,0.84333,1.25,1.00
2016.12.27 08:27:16.573,0.84323,0.84333,1.00,1.00
2016.12.27 08:27:17.208,0.84322,0.84333,1.69,1.00
2016.12.27 08:27:19.644,0.84323,0.84333,1.00,1.00
2016.12.27 08:27:20.225,0.84322,0.84333,1.69,1.00
2016.12.27 08:27:20.327,0.8432,0.84333,6.94,1.50
2016.12.27 08:27:20.853,0.8432,0.84332,2.44,1.87
2016.12.27 08:27:22.065,0.84321,0.84332,1.00,2.62
2016.12.27 08:27:24.392,0.8432,0.84332,2.44,1.87
2016.12.27 08:27:29.322,0.84321,0.84331,1.00,1.00
2016.12.27 08:27:29.825,0.8432,0.84332,3.19,1.00
2016.12.27 08:27:35.669,0.84321,0.84332,1.00,1.50
2016.12.27 08:27:41.575,0.84322,0.84334,1.25,2.25
2016.12.27 08:27:42.081,0.84322,0.84334,2.06,1.00
2016.12.27 08:27:44.422,0.84322,0.84333,1.31,1.00
2016.12.27 08:27:45.560,0.84322,0.84334,2.44,2.62
2016.12.27 08:27:46.084,0.84322,0.84333,2.44,1.00
2016.12.27 08:27:49.155,0.84322,0.84332,1.25,1.00
2016.12.27 08:27:49.763,0.84321,0.84332,1.50,1.37
2016.12.27 08:27:49.937,0.84319,0.84331,1.00,1.12
2016.12.27 08:27:50.190,0.84318,0.84328,1.69,1.00
2016.12.27 08:27:50.495,0.84317,0.84326,1.00,1.00
2016.12.27 08:27:50.747,0.84315,0.84326,2.44,1.00
2016.12.27 08:27:51.280,0.84315,0.84325,1.31,1.00
2016.12.27 08:27:52.484,0.84315,0.84324,1.31,1.00
2016.12.27 08:27:53.642,0.84315,0.84324,1.62,1.00
2016.12.27 08:27:54.187,0.84315,0.84324,1.25,1.00
2016.12.27 08:27:57.755,0.84315,0.84325,1.25,1.87
2016.12.27 08:28:06.543,0.84314,0.84322,1.00,1.00
2016.12.27 08:28:06.800,0.8431,0.84319,1.00,1.00
2016.12.27 08:28:06.953,0.84312,0.84323,1.25,1.31
2016.12.27 08:28:07.105,0.84314,0.84323,1.00,1.00
2016.12.27 08:28:07.207,0.84314,0.84325,1.00,1.50
2016.12.27 08:28:07.708,0.84314,0.84325,1.00,1.50
2016.12.27 08:28:08.228,0.84312,0.84323,1.00,1.87
2016.12.27 08:28:08.735,0.84311,0.84323,1.00,1.69
2016.12.27 08:28:09.063,0.8431,0.84318,1.00,1.25
2016.12.27 08:28:09.570,0.84309,0.84318,1.00,1.31
2016.12.27 08:28:14.644,0.84311,0.8432,1.00,1.31
2016.12.27 08:28:14.849,0.84312,0.84322,1.00,1.31
2016.12.27 08:28:15.404,0.84313,0.84324,1.00,2.44
2016.12.27 08:28:27.558,0.84313,0.84324,1.00,1.12
2016.12.27 08:28:28.097,0.84314,0.84327,2.44,3.19
2016.12.27 08:28:30.666,0.84314,0.84327,2.44,2.44
2016.12.27 08:28:32.806,0.84314,0.84323,1.00,1.69
2016.12.27 08:28:33.060,0.84312,0.84323,1.00,1.00
2016.12.27 08:28:33.162,0.84312,0.84323,1.75,1.00
2016.12.27 08:28:33.705,0.84314,0.84323,1.12,1.00
2016.12.27 08:28:34.229,0.84314,0.84324,1.12,1.12
2016.12.27 08:28:34.432,0.84312,0.84321,2.25,1.00
2016.12.27 08:28:34.483,0.84312,0.84321,1.50,1.00
2016.12.27 08:28:34.889,0.84312,0.84323,1.37,1.00
2016.12.27 08:28:35.453,0.84312,0.84324,2.25,1.25
2016.12.27 08:28:36.036,0.84311,0.84319,2.25,1.00
2016.12.27 08:28:36.088,0.84311,0.84319,1.50,1.00
2016.12.27 08:28:36.594,0.8431,0.84318,1.00,1.25
2016.12.27 08:28:39.964,0.8431,0.84319,1.00,1.31
2016.12.27 08:28:40.478,0.84311,0.84319,1.00,1.25
2016.12.27 08:28:43.295,0.84311,0.84321,1.00,1.12
2016.12.27 08:28:43.417,0.84311,0.84322,3.00,1.50
2016.12.27 08:28:44.111,0.84312,0.84322,1.50,1.00
2016.12.27 08:28:44.616,0.84311,0.84324,1.75,2.06
2016.12.27 08:28:46.847,0.84312,0.84323,1.75,1.00
2016.12.27 08:28:46.899,0.84312,0.84323,1.50,1.00
2016.12.27 08:28:47.408,0.84311,0.84322,1.75,1.00
2016.12.27 08:28:47.983,0.84311,0.84323,1.75,1.00
2016.12.27 08:28:48.768,0.84311,0.84322,2.25,1.00
2016.12.27 08:28:49.360,0.84311,0.84323,2.25,1.00
2016.12.27 08:28:49.589,0.84311,0.84323,1.50,1.00
2016.12.27 08:28:51.541,0.84311,0.84321,1.00,1.00
2016.12.27 08:28:52.370,0.84311,0.84322,1.00,1.50
2016.12.27 08:28:54.052,0.84311,0.84321,1.00,1.00
2016.12.27 08:28:55.770,0.84311,0.84323,1.00,2.44
2016.12.27 08:28:55.977,0.84311,0.84321,1.00,1.00
2016.12.27 08:28:56.206,0.84312,0.84323,1.00,2.44
2016.12.27 08:28:56.895,0.84312,0.84322,1.00,1.00
2016.12.27 08:28:57.687,0.84312,0.84323,1.00,2.06
2016.12.27 08:28:58.074,0.84312,0.84321,1.00,1.00
2016.12.27 08:28:58.210,0.84312,0.84323,1.00,2.44
2016.12.27 08:28:59.070,0.84312,0.84321,1.00,1.00
2016.12.27 08:28:59.712,0.84312,0.84323,1.00,2.06
2016.12.27 08:29:01.837,0.84312,0.84322,1.00,1.00
2016.12.27 08:29:13.607,0.84312,0.84321,1.00,1.00
2016.12.27 08:29:14.264,0.84312,0.84322,1.00,1.00
2016.12.27 08:29:14.573,0.84311,0.84319,1.00,1.25
2016.12.27 08:29:14.928,0.84312,0.84322,1.00,2.06
2016.12.27 08:29:15.232,0.84314,0.84325,1.00,2.81
2016.12.27 08:29:15.586,0.84311,0.84322,1.00,1.00
2016.12.27 08:29:16.108,0.84311,0.84323,1.00,2.44
2016.12.27 08:29:16.635,0.84311,0.84322,1.00,1.00
2016.12.27 08:29:17.177,0.8431,0.84321,1.00,1.50
2016.12.27 08:29:17.279,0.8431,0.84318,1.00,1.69
2016.12.27 08:29:17.585,0.84308,0.84317,1.00,2.06
2016.12.27 08:29:17.717,0.84308,0.84315,1.00,1.25
2016.12.27 08:29:18.173,0.84308,0.84317,1.00,2.06
2016.12.27 08:29:18.578,0.84308,0.84314,1.00,1.25
2016.12.27 08:29:21.337,0.84308,0.84315,1.00,1.25
2016.12.27 08:29:21.946,0.84311,0.84315,1.00,1.25
2016.12.27 08:29:22.048,0.84309,0.84315,1.00,1.25
2016.12.27 08:29:24.665,0.84309,0.84315,1.37,1.25
2016.12.27 08:29:24.727,0.84309,0.84318,1.37,2.06
2016.12.27 08:29:25.305,0.84309,0.84316,1.00,1.25
2016.12.27 08:29:25.786,0.84309,0.84313,1.00,1.25
2016.12.27 08:29:26.040,0.84309,0.84315,1.00,1.31
2016.12.27 08:29:29.538,0.84311,0.84315,1.00,1.25
2016.12.27 08:29:31.525,0.84309,0.84315,1.00,1.25
2016.12.27 08:29:32.065,0.84308,0.84315,1.00,1.25
2016.12.27 08:29:47.752,0.84308,0.84316,1.00,1.31
2016.12.27 08:29:49.057,0.8431,0.84316,1.00,1.25
2016.12.27 08:29:49.108,0.8431,0.8432,1.00,1.69
2016.12.27 08:29:49.210,0.8431,0.84314,1.00,1.25
2016.12.27 08:29:49.803,0.84309,0.84314,1.00,1.25
2016.12.27 08:29:50.164,0.84308,0.84317,1.00,1.31
2016.12.27 08:29:50.733,0.8431,0.84317,1.00,1.25
2016.12.27 08:29:52.342,0.8431,0.84314,1.00,1.25
2016.12.27 08:29:52.870,0.8431,0.84319,1.00,1.25
2016.12.27 08:29:52.972,0.8431,0.84315,1.00,1.25
2016.12.27 08:29:53.488,0.84311,0.84315,1.00,1.25
2016.12.27 08:29:56.578,0.84311,0.8432,1.00,1.25
2016.12.27 08:30:00.356,0.84311,0.84319,1.00,1.12
2016.12.27 08:30:00.862,0.84311,0.8432,1.00,1.25
2016.12.27 08:30:01.938,0.84311,0.84318,1.00,1.25
2016.12.27 08:30:03.136,0.84311,0.84321,1.00,1.31
2016.12.27 08:30:04.102,0.84311,0.8432,1.00,1.00
2016.12.27 08:30:04.260,0.84311,0.84318,1.00,1.00
2016.12.27 08:30:04.565,0.84309,0.84317,1.00,2.44
2016.12.27 08:30:05.206,0.84309,0.84318,1.00,2.44
2016.12.27 08:30:05.722,0.84309,0.84318,1.00,1.69
2016.12.27 08:30:06.363,0.84309,0.84318,1.00,1.62
2016.12.27 08:30:06.956,0.84309,0.8432,1.50,2.81
2016.12.27 08:30:07.103,0.84309,0.84319,1.00,2.06
2016.12.27 08:30:07.357,0.84309,0.8432,1.00,1.69
2016.12.27 08:30:09.512,0.84309,0.8432,1.00,1.69
2016.12.27 08:30:09.716,0.84309,0.84319,1.00,1.62
2016.12.27 08:30:12.637,0.84309,0.84319,1.00,1.62
2016.12.27 08:30:12.942,0.84309,0.84316,1.00,1.12
2016.12.27 08:30:13.604,0.84308,0.84316,1.00,1.12
2016.12.27 08:30:14.639,0.84308,0.84317,1.00,1.25
2016.12.27 08:30:16.300,0.84305,0.84317,1.31,1.69
2016.12.27 08:30:16.560,0.84308,0.84317,1.00,1.69
2016.12.27 08:30:17.251,0.84307,0.84317,1.00,1.25
2016.12.27 08:30:17.504,0.84307,0.84319,1.69,2.06
2016.12.27 08:30:19.946,0.84307,0.84319,1.69,2.06
2016.12.27 08:30:20.574,0.84307,0.84319,1.69,2.81
2016.12.27 08:30:21.599,0.84307,0.84317,1.69,1.00
2016.12.27 08:30:22.129,0.84307,0.84318,1.69,1.12
2016.12.27 08:30:22.444,0.84307,0.84314,1.25,1.00
2016.12.27 08:30:22.966,0.84308,0.84315,1.00,1.00
2016.12.27 08:30:23.599,0.84308,0.84317,1.00,1.00
2016.12.27 08:30:24.208,0.84308,0.84315,1.00,1.00
2016.12.27 08:30:29.875,0.84308,0.84313,1.00,1.25
2016.12.27 08:30:29.977,0.84308,0.84316,1.00,1.25
2016.12.27 08:30:30.078,0.84308,0.84313,1.00,1.25
2016.12.27 08:30:30.129,0.84308,0.84316,1.00,1.25
2016.12.27 08:30:31.302,0.84308,0.84315,1.00,1.00
2016.12.27 08:30:31.816,0.84309,0.84314,1.00,1.25
2016.12.27 08:30:32.576,0.84308,0.84314,1.00,1.25
2016.12.27 08:30:34.242,0.84308,0.84313,1.00,1.00
2016.12.27 08:30:36.072,0.84303,0.84313,1.12,1.00
2016.12.27 08:30:36.246,0.84308,0.84312,1.00,1.00
2016.12.27 08:30:36.783,0.84307,0.84313,1.00,1.00
2016.12.27 08:30:36.935,0.84303,0.84313,1.00,1.00
2016.12.27 08:30:37.510,0.84303,0.84313,1.37,1.00
2016.12.27 08:30:38.051,0.84303,0.84312,1.00,1.69
2016.12.27 08:30:39.652,0.84303,0.84311,1.00,1.00
2016.12.27 08:30:40.193,0.84303,0.84312,1.00,1.25
2016.12.27 08:30:41.399,0.84302,0.84312,1.00,1.25
2016.12.27 08:30:42.105,0.84304,0.84312,1.00,1.25
2016.12.27 08:30:43.506,0.84302,0.84312,1.00,1.25
2016.12.27 08:30:44.096,0.84303,0.84312,1.00,1.25
2016.12.27 08:30:45.197,0.84301,0.84311,1.00,1.25
2016.12.27 08:30:46.260,0.843,0.84311,1.00,1.69
2016.12.27 08:30:48.553,0.84301,0.84311,1.00,1.69
2016.12.27 08:30:49.206,0.84301,0.8431,1.00,1.00
2016.12.27 08:30:49.510,0.84306,0.84311,1.00,1.25
2016.12.27 08:30:49.612,0.84302,0.84311,1.12,1.25
2016.12.27 08:30:49.764,0.84307,0.84311,1.00,1.25
2016.12.27 08:30:50.277,0.84306,0.8431,1.00,1.25
2016.12.27 08:30:56.144,0.84306,0.84313,1.00,1.25
2016.12.27 08:30:58.503,0.84309,0.84313,1.00,1.31
2016.12.27 08:30:58.592,0.84307,0.84313,1.00,1.31
2016.12.27 08:30:59.864,0.84307,0.84311,1.00,1.25
2016.12.27 08:31:00.389,0.84307,0.84312,1.00,1.00
2016.12.27 08:31:01.025,0.84307,0.84312,1.00,1.37
2016.12.27 08:31:01.590,0.84306,0.84312,1.00,1.12
2016.12.27 08:31:02.936,0.84306,0.84313,1.00,2.81
2016.12.27 08:31:03.060,0.84306,0.84313,1.00,2.06
2016.12.27 08:31:03.601,0.84306,0.84313,1.00,2.06
2016.12.27 08:31:04.988,0.84306,0.84311,1.00,1.00
2016.12.27 08:31:06.159,0.84304,0.84308,1.00,1.25
2016.12.27 08:31:06.449,0.843,0.84308,2.25,1.25
2016.12.27 08:31:06.544,0.84307,0.84311,1.00,1.69
2016.12.27 08:31:09.453,0.84307,0.84312,1.00,1.37
2016.12.27 08:31:09.504,0.84301,0.84312,1.00,1.37
2016.12.27 08:31:09.970,0.84306,0.84312,1.00,1.37
2016.12.27 08:31:10.500,0.84306,0.84312,1.00,1.00
2016.12.27 08:31:11.055,0.84306,0.84313,1.00,2.06
2016.12.27 08:31:11.620,0.843,0.84313,1.50,2.06
2016.12.27 08:31:12.164,0.843,0.84312,1.00,1.12
2016.12.27 08:31:12.215,0.843,0.84309,1.50,1.25
2016.12.27 08:31:12.508,0.84301,0.84312,1.00,1.12
2016.12.27 08:31:13.036,0.843,0.84313,1.50,2.81
2016.12.27 08:31:13.664,0.843,0.84308,1.00,1.25
2016.12.27 08:31:14.206,0.843,0.84308,2.62,1.25
2016.12.27 08:31:14.726,0.843,0.84308,1.12,1.25
2016.12.27 08:31:15.708,0.843,0.84311,1.87,1.00
2016.12.27 08:31:17.672,0.84301,0.84312,1.00,2.81
2016.12.27 08:31:18.194,0.843,0.84312,1.50,1.00
2016.12.27 08:31:19.260,0.84301,0.84312,1.00,1.50
2016.12.27 08:31:19.856,0.843,0.84312,1.00,1.00
2016.12.27 08:31:20.243,0.84302,0.84313,1.31,1.00
2016.12.27 08:31:20.905,0.84302,0.84313,1.25,2.62
2016.12.27 08:31:21.210,0.84301,0.84309,1.00,1.25
2016.12.27 08:31:21.312,0.84298,0.84308,1.50,1.00
2016.12.27 08:31:21.839,0.84297,0.84308,1.50,1.00
2016.12.27 08:31:22.449,0.84296,0.84308,2.06,1.50
2016.12.27 08:31:22.500,0.84299,0.84308,1.00,1.50
2016.12.27 08:31:25.276,0.84299,0.84309,1.00,2.25
2016.12.27 08:31:25.802,0.84298,0.84309,3.75,2.62
2016.12.27 08:31:26.312,0.84299,0.84309,1.00,1.87
2016.12.27 08:31:30.282,0.84298,0.84309,2.62,1.12
2016.12.27 08:31:30.632,0.84298,0.84307,2.62,1.25
2016.12.27 08:31:31.057,0.84298,0.84309,1.87,1.00
2016.12.27 08:31:32.385,0.84298,0.8431,2.62,1.31
2016.12.27 08:31:34.004,0.84298,0.84309,1.87,1.12
2016.12.27 08:31:34.107,0.84298,0.84307,1.50,1.12
2016.12.27 08:31:34.691,0.84298,0.84308,1.00,2.06
2016.12.27 08:31:35.044,0.84298,0.84306,1.00,1.31
2016.12.27 08:31:36.711,0.84298,0.84304,1.00,1.25
2016.12.27 08:31:36.813,0.84298,0.84307,1.00,2.06
2016.12.27 08:31:37.319,0.84298,0.84306,1.87,1.25
2016.12.27 08:31:38.492,0.84297,0.84306,1.00,1.25
2016.12.27 08:31:42.585,0.84297,0.84306,1.00,2.81
2016.12.27 08:31:43.140,0.84297,0.84302,1.00,1.25
2016.12.27 08:31:43.841,0.84297,0.84301,1.00,1.25
2016.12.27 08:31:44.181,0.84296,0.843,1.00,1.25
2016.12.27 08:31:44.232,0.84294,0.84299,1.00,1.25
2016.12.27 08:31:44.779,0.84292,0.84299,2.62,1.25
2016.12.27 08:31:48.736,0.84291,0.84299,2.25,1.19
2016.12.27 08:31:48.838,0.84291,0.84297,1.12,1.25
2016.12.27 08:31:49.092,0.8429,0.84294,1.00,1.25
2016.12.27 08:31:49.194,0.84289,0.84294,1.12,1.25
2016.12.27 08:31:51.203,0.84287,0.84297,1.87,1.25
2016.12.27 08:31:51.258,0.84286,0.84297,2.25,1.25
2016.12.27 08:31:51.874,0.84287,0.84297,2.25,1.31
2016.12.27 08:31:52.077,0.84287,0.84298,3.75,1.25
2016.12.27 08:31:52.844,0.84287,0.84297,1.12,1.69
2016.12.27 08:31:53.755,0.84286,0.84297,1.87,2.06
2016.12.27 08:31:54.312,0.84286,0.84297,2.62,2.06
2016.12.27 08:31:54.575,0.84287,0.84298,1.75,1.62
2016.12.27 08:31:55.087,0.84287,0.84297,1.12,1.25
2016.12.27 08:31:55.138,0.84286,0.84297,2.25,1.25
2016.12.27 08:31:57.148,0.84288,0.84297,1.00,1.25
2016.12.27 08:31:57.681,0.84289,0.84297,1.00,1.31
2016.12.27 08:31:58.845,0.84289,0.84298,1.87,1.25
2016.12.27 08:31:59.808,0.84289,0.843,2.25,1.25
2016.12.27 08:32:00.350,0.84291,0.843,1.12,1.25
2016.12.27 08:32:01.053,0.84289,0.843,1.12,1.25
2016.12.27 08:32:02.438,0.84289,0.843,1.50,1.25
2016.12.27 08:32:02.983,0.84289,0.84301,2.44,2.06
2016.12.27 08:32:04.252,0.8429,0.84301,1.50,1.25
2016.12.27 08:32:05.872,0.84289,0.84301,5.06,1.25
2016.12.27 08:32:08.273,0.84291,0.84303,1.75,1.00
2016.12.27 08:32:08.375,0.84293,0.84303,1.75,1.00
2016.12.27 08:32:08.476,0.84293,0.84303,1.12,1.00
2016.12.27 08:32:09.018,0.84291,0.84303,1.37,2.44
2016.12.27 08:32:09.686,0.84291,0.84303,1.87,1.69
2016.12.27 08:32:12.141,0.84292,0.84304,1.37,1.00
2016.12.27 08:32:12.243,0.84292,0.84302,1.50,1.25
2016.12.27 08:32:13.050,0.8429,0.84301,2.62,1.69
2016.12.27 08:32:13.582,0.8429,0.84301,1.87,1.31
2016.12.27 08:32:13.886,0.84289,0.84301,4.50,1.62
2016.12.27 08:32:14.169,0.84289,0.84301,2.25,1.62
2016.12.27 08:32:14.687,0.8429,0.84299,1.50,1.25
2016.12.27 08:32:15.228,0.8429,0.84299,1.75,1.25
2016.12.27 08:32:15.685,0.84289,0.84298,1.50,1.25
2016.12.27 08:32:16.261,0.84288,0.84298,1.12,1.25
2016.12.27 08:32:16.313,0.84286,0.84298,2.25,1.25
2016.12.27 08:32:16.586,0.84287,0.84298,1.87,1.25
2016.12.27 08:32:17.119,0.84287,0.84298,3.00,1.25
2016.12.27 08:32:17.170,0.84287,0.84298,3.00,1.25
2016.12.27 08:32:17.687,0.84288,0.84298,1.00,1.25
2016.12.27 08:32:18.568,0.84289,0.84298,1.87,1.25
2016.12.27 08:32:19.078,0.84285,0.84298,3.75,1.25
2016.12.27 08:32:20.314,0.84287,0.84298,1.00,2.44
2016.12.27 08:32:20.386,0.84285,0.84298,1.87,1.69
2016.12.27 08:32:20.507,0.84287,0.84298,1.00,2.44
2016.12.27 08:32:20.609,0.84285,0.84298,1.87,1.69
2016.12.27 08:32:20.718,0.84287,0.84298,1.00,2.44
2016.12.27 08:32:20.778,0.84285,0.84298,1.87,1.69
2016.12.27 08:32:21.146,0.84287,0.84298,1.00,1.25
2016.12.27 08:32:21.247,0.84284,0.84297,4.87,1.25
2016.12.27 08:32:21.784,0.84284,0.84297,1.50,1.69
2016.12.27 08:32:21.885,0.84283,0.84297,3.19,3.49
2016.12.27 08:32:22.214,0.84283,0.84293,1.50,1.25
2016.12.27 08:32:22.772,0.84284,0.84293,1.00,1.25
2016.12.27 08:32:23.116,0.84284,0.84291,1.00,1.25
2016.12.27 08:32:24.232,0.84283,0.84291,1.50,1.25
2016.12.27 08:32:25.765,0.84284,0.84293,1.00,1.25
2016.12.27 08:32:26.038,0.84282,0.84293,1.12,1.25
2016.12.27 08:32:28.267,0.84282,0.8429,1.12,1.25
2016.12.27 08:32:31.867,0.84282,0.84288,1.12,1.25
2016.12.27 08:32:34.356,0.84282,0.84291,1.12,1.25
2016.12.27 08:32:34.458,0.84284,0.84291,1.00,1.25
2016.12.27 08:32:36.093,0.84283,0.84291,1.00,1.25
2016.12.27 08:32:37.013,0.84284,0.84293,1.00,1.25
2016.12.27 08:32:37.516,0.84283,0.84293,1.12,1.25
2016.12.27 08:32:38.725,0.84284,0.84293,1.50,1.25
2016.12.27 08:32:39.086,0.84286,0.84293,1.00,1.25
2016.12.27 08:32:39.137,0.84286,0.84295,1.00,1.69
2016.12.27 08:32:39.188,0.84286,0.84292,1.50,1.25
2016.12.27 08:32:39.907,0.84285,0.84292,1.00,1.25
2016.12.27 08:32:40.223,0.84288,0.84295,1.00,1.25
2016.12.27 08:32:40.426,0.84283,0.84291,1.87,1.25
2016.12.27 08:32:40.629,0.84283,0.84291,2.62,1.25
2016.12.27 08:32:40.952,0.84284,0.84291,1.00,1.25
2016.12.27 08:32:41.473,0.84285,0.84291,1.50,1.25
2016.12.27 08:32:41.739,0.84285,0.84294,1.12,1.25
2016.12.27 08:32:41.892,0.84282,0.84292,3.00,1.25
2016.12.27 08:32:42.095,0.84282,0.8429,1.12,1.25
2016.12.27 08:32:45.385,0.8428,0.8429,2.25,1.25
2016.12.27 08:32:45.894,0.84279,0.8429,1.12,1.25
2016.12.27 08:32:50.784,0.84279,0.84289,2.25,1.25
2016.12.27 08:32:53.806,0.84279,0.8429,1.50,1.25
2016.12.27 08:32:56.943,0.84279,0.84292,1.50,2.44
2016.12.27 08:32:58.677,0.84281,0.84292,1.00,1.69
2016.12.27 08:33:00.112,0.84279,0.84292,2.25,1.25
2016.12.27 08:33:03.019,0.8428,0.84292,1.50,1.25
2016.12.27 08:33:03.121,0.84282,0.84293,1.00,1.69
2016.12.27 08:33:03.276,0.84281,0.84295,3.19,3.56
2016.12.27 08:33:03.326,0.84283,0.84295,1.00,3.19
2016.12.27 08:33:03.645,0.84281,0.84295,3.19,3.19
2016.12.27 08:33:04.008,0.84282,0.84295,2.25,2.44
2016.12.27 08:33:07.409,0.84282,0.84295,3.00,1.69
2016.12.27 08:33:10.767,0.84285,0.84296,1.50,1.69
2016.12.27 08:33:11.078,0.84285,0.84296,1.75,1.25
2016.12.27 08:33:11.414,0.84285,0.84297,3.19,2.06
2016.12.27 08:33:12.039,0.84287,0.84298,1.75,1.00
2016.12.27 08:33:12.561,0.84287,0.84299,1.75,1.50
2016.12.27 08:33:13.110,0.84289,0.843,1.75,2.06
2016.12.27 08:33:22.326,0.8429,0.843,1.00,1.25
2016.12.27 08:33:22.630,0.84285,0.84295,2.25,1.25
2016.12.27 08:33:22.934,0.84288,0.84296,1.00,1.25
2016.12.27 08:33:23.441,0.84289,0.84296,1.00,1.25
2016.12.27 08:33:23.954,0.84288,0.84297,1.00,1.25
2016.12.27 08:33:24.494,0.84289,0.84297,1.00,1.25
2016.12.27 08:33:33.543,0.84289,0.84298,2.25,1.25
2016.12.27 08:33:33.594,0.84289,0.843,2.25,1.25
2016.12.27 08:33:34.198,0.8429,0.843,1.87,1.25
2016.12.27 08:33:39.082,0.84291,0.843,1.00,1.25
2016.12.27 08:33:53.822,0.84294,0.843,1.00,1.25
2016.12.27 08:33:54.330,0.84293,0.843,1.50,1.25
2016.12.27 08:33:54.854,0.84294,0.843,1.00,1.25
2016.12.27 08:33:55.006,0.84294,0.84302,1.00,1.25
2016.12.27 08:33:56.228,0.84293,0.843,1.00,1.25
2016.12.27 08:33:57.124,0.8429,0.84297,1.37,1.25
2016.12.27 08:33:57.327,0.84285,0.84294,1.50,1.25
2016.12.27 08:33:57.378,0.84285,0.84292,1.00,1.25
2016.12.27 08:33:57.913,0.84286,0.84292,1.00,1.25
2016.12.27 08:33:58.455,0.84286,0.84293,1.00,1.25
2016.12.27 08:33:58.556,0.84286,0.84297,1.00,1.19
2016.12.27 08:33:59.168,0.84286,0.84297,1.00,1.25
2016.12.27 08:34:00.152,0.84285,0.84297,1.50,1.25
2016.12.27 08:34:00.593,0.84287,0.84298,1.00,1.25
2016.12.27 08:34:01.049,0.84288,0.84295,1.00,1.25
2016.12.27 08:34:04.462,0.84287,0.84295,1.00,1.25
2016.12.27 08:34:04.969,0.84288,0.84298,1.00,1.25
2016.12.27 08:34:05.257,0.8429,0.84298,1.00,1.25
2016.12.27 08:34:05.323,0.84288,0.84298,1.12,1.25
2016.12.27 08:34:05.829,0.84288,0.843,1.12,1.25
2016.12.27 08:34:06.342,0.84288,0.843,1.87,1.19
2016.12.27 08:34:06.552,0.8429,0.843,1.00,1.19
2016.12.27 08:34:06.603,0.8429,0.84301,1.00,1.25
2016.12.27 08:34:07.428,0.84289,0.84301,1.12,1.25
2016.12.27 08:34:07.954,0.84289,0.84302,1.50,1.19
2016.12.27 08:34:08.466,0.84289,0.843,1.12,1.25
2016.12.27 08:34:09.841,0.84288,0.843,1.12,1.25
2016.12.27 08:34:10.416,0.84288,0.843,1.37,1.25
2016.12.27 08:34:11.837,0.84288,0.843,1.12,1.25
2016.12.27 08:34:11.939,0.84286,0.84298,1.12,1.25
2016.12.27 08:34:12.463,0.84286,0.84298,1.87,1.25
2016.12.27 08:34:17.078,0.84285,0.84297,1.75,1.00
2016.12.27 08:34:17.613,0.84285,0.84299,2.44,2.81
2016.12.27 08:34:17.664,0.84285,0.84299,3.19,2.06
2016.12.27 08:34:18.346,0.84287,0.84299,2.44,1.00
2016.12.27 08:34:18.855,0.84287,0.84301,2.00,3.94
2016.12.27 08:34:19.390,0.84287,0.84299,2.44,1.00
2016.12.27 08:34:24.505,0.84287,0.843,2.44,1.00
2016.12.27 08:34:25.662,0.84287,0.84301,2.44,2.06
2016.12.27 08:34:26.975,0.84287,0.84301,1.69,2.44
2016.12.27 08:34:27.709,0.84289,0.843,1.12,1.00
2016.12.27 08:34:28.215,0.84288,0.84299,1.37,1.00
2016.12.27 08:34:29.500,0.84288,0.84301,1.50,1.69
2016.12.27 08:34:29.755,0.84288,0.84299,1.50,1.00
2016.12.27 08:34:30.288,0.84288,0.843,1.87,1.00
2016.12.27 08:34:30.858,0.84288,0.84301,1.87,1.69
2016.12.27 08:34:32.887,0.84288,0.843,1.37,1.00
2016.12.27 08:34:33.463,0.84288,0.84301,1.87,1.69
2016.12.27 08:34:35.256,0.84288,0.84301,1.87,1.69
2016.12.27 08:34:35.803,0.84288,0.843,2.81,1.25
2016.12.27 08:34:38.987,0.84288,0.843,2.06,1.25
2016.12.27 08:34:41.944,0.84288,0.843,1.31,1.31
2016.12.27 08:34:42.283,0.8429,0.84301,1.25,1.87
2016.12.27 08:34:49.267,0.8429,0.84301,1.31,1.87
2016.12.27 08:34:50.062,0.8429,0.843,1.31,1.00
2016.12.27 08:34:52.059,0.8429,0.84301,1.31,1.87
2016.12.27 08:34:52.943,0.84292,0.84302,1.25,3.75
2016.12.27 08:34:53.147,0.84294,0.84304,1.25,1.00
2016.12.27 08:34:53.198,0.84293,0.84301,1.31,1.00
2016.12.27 08:34:53.505,0.84292,0.84299,1.31,1.00
2016.12.27 08:34:53.607,0.84287,0.84299,1.62,1.50
2016.12.27 08:34:54.133,0.84287,0.84299,1.25,1.50
2016.12.27 08:34:56.293,0.84288,0.84299,1.25,1.50
2016.12.27 08:34:56.808,0.84288,0.84298,1.25,1.00
2016.12.27 08:34:57.010,0.84285,0.84298,1.31,1.50
2016.12.27 08:34:57.263,0.84284,0.84297,2.44,1.00
2016.12.27 08:34:57.567,0.84286,0.84297,1.00,1.00
2016.12.27 08:34:57.669,0.84284,0.84296,1.69,1.00
2016.12.27 08:34:58.237,0.84285,0.84296,1.00,1.00
2016.12.27 08:34:58.563,0.84286,0.84298,1.00,2.37
2016.12.27 08:34:59.072,0.84285,0.84298,1.12,2.06
2016.12.27 08:34:59.360,0.84287,0.84298,1.00,1.31
2016.12.27 08:34:59.862,0.84285,0.84298,1.00,1.31
2016.12.27 08:35:00.477,0.84287,0.84298,1.00,1.31
2016.12.27 08:35:01.224,0.84287,0.84299,1.00,1.00
2016.12.27 08:35:01.787,0.84287,0.843,1.00,3.94
2016.12.27 08:35:02.380,0.84286,0.84299,1.25,1.00
2016.12.27 08:35:02.709,0.84288,0.84299,1.00,1.00
2016.12.27 08:35:04.526,0.84286,0.84299,1.25,1.12
2016.12.27 08:35:05.188,0.84287,0.843,1.00,4.31
2016.12.27 08:35:05.722,0.84285,0.84298,3.19,1.12
2016.12.27 08:35:06.248,0.84286,0.843,1.69,3.56
2016.12.27 08:35:06.894,0.84287,0.843,1.00,2.44
2016.12.27 08:35:07.425,0.84288,0.84299,1.00,1.00
2016.12.27 08:35:07.965,0.84289,0.84302,1.00,1.31
2016.12.27 08:35:08.355,0.84291,0.84302,1.00,1.25
2016.12.27 08:35:08.587,0.84289,0.84302,2.25,1.69
2016.12.27 08:35:08.784,0.84292,0.84302,1.00,1.25
2016.12.27 08:35:09.576,0.8429,0.84301,1.12,1.00
2016.12.27 08:35:10.708,0.84289,0.843,1.50,1.00
2016.12.27 08:35:10.912,0.84291,0.84302,1.50,1.62
2016.12.27 08:35:11.014,0.84291,0.84304,1.69,1.87
2016.12.27 08:35:11.065,0.84293,0.84304,1.25,1.37
2016.12.27 08:35:11.318,0.84293,0.84305,1.69,1.50
2016.12.27 08:35:11.880,0.84293,0.84306,3.19,1.50
2016.12.27 08:35:12.632,0.84293,0.84305,1.25,1.00
2016.12.27 08:35:14.888,0.84293,0.84306,1.69,2.25
2016.12.27 08:35:14.991,0.84293,0.84305,1.00,1.19
2016.12.27 08:35:15.193,0.84293,0.84306,2.44,2.62
2016.12.27 08:35:15.682,0.84296,0.84307,1.00,1.12
2016.12.27 08:35:16.196,0.84295,0.84307,1.00,1.87
2016.12.27 08:35:16.718,0.84294,0.84306,1.69,1.12
2016.12.27 08:35:18.253,0.84293,0.84306,2.44,1.12
2016.12.27 08:35:18.557,0.84293,0.84305,1.25,1.87
2016.12.27 08:35:19.764,0.84292,0.84304,1.25,1.31
2016.12.27 08:35:20.353,0.84293,0.84304,1.00,2.06
2016.12.27 08:35:20.871,0.84292,0.84304,1.25,1.31
2016.12.27 08:35:22.948,0.84292,0.84303,1.69,1.00
2016.12.27 08:35:23.259,0.84294,0.84305,1.25,1.87
2016.12.27 08:35:23.765,0.84294,0.84306,1.25,2.06
2016.12.27 08:35:23.816,0.84294,0.84303,1.25,1.00
2016.12.27 08:35:23.968,0.84291,0.84303,1.69,1.50
2016.12.27 08:35:24.070,0.84293,0.84303,1.25,1.12
2016.12.27 08:35:24.240,0.84293,0.84305,1.25,1.00
2016.12.27 08:35:24.747,0.84293,0.84306,1.25,1.50
2016.12.27 08:35:25.283,0.84294,0.84306,1.25,1.00
2016.12.27 08:35:25.399,0.84296,0.84306,1.25,1.00
2016.12.27 08:35:28.137,0.84296,0.84305,1.25,1.00
2016.12.27 08:35:28.710,0.84296,0.84306,1.25,1.00
2016.12.27 08:35:30.679,0.84296,0.84305,1.25,1.00
2016.12.27 08:35:30.831,0.84293,0.84304,1.25,1.00
2016.12.27 08:35:31.359,0.84293,0.84303,1.25,1.00
2016.12.27 08:35:31.872,0.84293,0.84304,1.25,1.00
2016.12.27 08:35:32.628,0.84293,0.84303,1.69,1.00
2016.12.27 08:35:33.424,0.84293,0.84305,1.69,1.87
2016.12.27 08:35:33.980,0.84294,0.84306,1.25,1.87
2016.12.27 08:35:34.081,0.84297,0.84306,1.25,1.00
2016.12.27 08:35:34.888,0.84294,0.84306,1.25,1.87
2016.12.27 08:35:34.939,0.84294,0.84304,1.25,1.00
2016.12.27 08:35:35.463,0.84294,0.84306,1.25,2.25
2016.12.27 08:35:35.791,0.84296,0.84306,1.25,1.87
2016.12.27 08:35:38.236,0.84296,0.84305,1.25,1.00
2016.12.27 08:35:39.039,0.84296,0.84306,1.25,1.50
2016.12.27 08:35:39.571,0.84296,0.84305,1.25,1.00
2016.12.27 08:35:40.244,0.84296,0.84306,1.25,1.50
2016.12.27 08:35:40.890,0.84296,0.84305,1.25,1.00
2016.12.27 08:35:41.666,0.84296,0.84306,1.25,1.50
2016.12.27 08:35:45.031,0.84296,0.84305,1.25,1.00
2016.12.27 08:35:45.234,0.84291,0.84302,1.12,1.00
2016.12.27 08:35:45.606,0.8429,0.843,1.25,1.00
2016.12.27 08:35:46.125,0.84289,0.84299,1.25,1.00
2016.12.27 08:35:46.268,0.84287,0.84298,1.31,1.25
2016.12.27 08:35:47.263,0.84287,0.84297,1.31,1.00
2016.12.27 08:35:47.775,0.84287,0.84296,1.31,1.00
2016.12.27 08:35:48.400,0.84287,0.84295,1.31,1.00
2016.12.27 08:35:52.335,0.84285,0.84296,1.69,1.00
2016.12.27 08:35:52.537,0.84286,0.84298,1.50,1.50
2016.12.27 08:35:54.170,0.84287,0.84296,1.62,1.00
2016.12.27 08:35:54.271,0.84287,0.84298,2.00,1.00
2016.12.27 08:35:54.423,0.84287,0.843,2.00,1.87
2016.12.27 08:35:54.525,0.84287,0.84299,1.69,1.00
2016.12.27 08:35:55.123,0.84287,0.84298,1.31,1.00
2016.12.27 08:36:00.042,0.84287,0.84297,1.25,1.00
2016.12.27 08:36:00.990,0.84287,0.84296,1.25,1.00
2016.12.27 08:36:01.192,0.84285,0.84297,2.06,1.50
2016.12.27 08:36:01.746,0.84285,0.84296,1.25,1.00
2016.12.27 08:36:07.422,0.84285,0.84298,2.81,1.50
2016.12.27 08:36:07.524,0.84287,0.84298,1.25,1.00
2016.12.27 08:36:08.064,0.84287,0.84297,1.25,1.50
2016.12.27 08:36:15.573,0.84289,0.84299,1.25,1.50
2016.12.27 08:36:21.149,0.84289,0.843,1.31,1.00
2016.12.27 08:36:22.488,0.84292,0.84302,1.69,1.00
2016.12.27 08:36:22.823,0.84294,0.84303,1.00,1.00
2016.12.27 08:36:23.355,0.84293,0.84303,1.00,1.00
2016.12.27 08:36:23.887,0.84293,0.84302,1.00,1.00
2016.12.27 08:36:24.393,0.84293,0.84303,1.00,1.00
2016.12.27 08:36:26.129,0.84293,0.84301,1.00,1.00
2016.12.27 08:36:27.528,0.84294,0.84301,1.00,1.00
2016.12.27 08:36:27.630,0.84294,0.84303,1.00,1.50
2016.12.27 08:36:28.397,0.84294,0.84302,1.00,1.00
2016.12.27 08:36:29.133,0.84294,0.84301,1.00,1.00
2016.12.27 08:36:29.638,0.84294,0.84302,1.00,1.00
2016.12.27 08:36:40.091,0.84292,0.84302,1.25,1.00
2016.12.27 08:36:40.294,0.84292,0.84304,1.69,1.69
2016.12.27 08:36:40.817,0.84291,0.84302,1.92,1.00
2016.12.27 08:36:40.869,0.84289,0.84301,5.06,1.00
2016.12.27 08:36:43.803,0.8429,0.84302,1.00,1.50
2016.12.27 08:36:43.854,0.84292,0.84303,1.19,1.00
2016.12.27 08:36:43.905,0.84291,0.84303,1.00,1.50
2016.12.27 08:36:44.431,0.84291,0.84302,1.00,1.00
2016.12.27 08:36:48.581,0.8429,0.84301,1.00,1.00
2016.12.27 08:36:48.783,0.84292,0.84301,1.31,1.00
2016.12.27 08:36:51.414,0.8429,0.84301,1.69,1.00
2016.12.27 08:36:51.920,0.84289,0.84301,1.69,2.44
2016.12.27 08:36:52.371,0.84289,0.84299,1.69,1.00
2016.12.27 08:36:55.801,0.8429,0.84301,1.50,1.25
2016.12.27 08:36:56.258,0.84292,0.84303,1.25,1.00
2016.12.27 08:36:57.335,0.84292,0.84304,2.81,2.44
2016.12.27 08:36:57.639,0.84294,0.84304,1.00,2.44
2016.12.27 08:36:57.740,0.84294,0.84306,1.00,1.50
2016.12.27 08:36:58.361,0.84295,0.84306,1.25,1.50
2016.12.27 08:37:00.058,0.84295,0.84308,2.44,3.94
2016.12.27 08:37:00.564,0.84296,0.84307,2.25,1.25
2016.12.27 08:37:02.194,0.84296,0.84305,2.62,1.00
2016.12.27 08:37:02.447,0.84294,0.84305,2.25,1.00
2016.12.27 08:37:02.962,0.84295,0.84306,1.00,1.50
2016.12.27 08:37:03.847,0.84296,0.84307,1.00,1.00
2016.12.27 08:37:04.354,0.84296,0.84306,1.12,1.00
2016.12.27 08:37:04.970,0.84297,0.84309,1.50,2.06
2016.12.27 08:37:05.498,0.84298,0.84309,1.87,1.19
2016.12.27 08:37:05.549,0.84302,0.84309,1.00,1.19
2016.12.27 08:37:06.437,0.84301,0.84309,1.00,1.19
2016.12.27 08:37:06.640,0.84299,0.84307,1.00,1.25
2016.12.27 08:37:06.908,0.84299,0.84305,1.00,1.25
2016.12.27 08:37:07.415,0.843,0.84306,1.00,1.00
2016.12.27 08:37:09.019,0.84301,0.84306,1.00,1.00
2016.12.27 08:37:09.339,0.84302,0.84308,1.00,1.25
2016.12.27 08:37:10.527,0.84302,0.84307,1.00,1.25
2016.12.27 08:37:10.635,0.843,0.84307,1.00,1.25
2016.12.27 08:37:10.827,0.84299,0.84305,1.00,1.25
2016.12.27 08:37:11.131,0.84297,0.84303,1.00,1.25
2016.12.27 08:37:11.737,0.84298,0.84303,1.00,1.25
2016.12.27 08:37:12.044,0.84302,0.84306,1.00,1.25
2016.12.27 08:37:12.145,0.843,0.84307,1.00,1.19
2016.12.27 08:37:12.196,0.843,0.84308,1.00,1.00
2016.12.27 08:37:12.348,0.84302,0.84309,1.00,2.44
2016.12.27 08:37:12.949,0.84302,0.84308,1.00,1.25
2016.12.27 08:37:13.682,0.84302,0.84309,1.00,2.44
2016.12.27 08:37:14.459,0.84297,0.84309,3.56,1.00
2016.12.27 08:37:14.561,0.843,0.8431,1.00,1.00
2016.12.27 08:37:14.907,0.843,0.84308,1.00,1.00
2016.12.27 08:37:15.022,0.84298,0.84308,1.12,1.00
2016.12.27 08:37:15.225,0.84301,0.84308,1.00,1.00
2016.12.27 08:37:15.622,0.84299,0.8431,2.25,1.00
2016.12.27 08:37:15.723,0.843,0.8431,2.25,1.00
2016.12.27 08:37:17.342,0.84298,0.84308,5.06,1.00
2016.12.27 08:37:17.927,0.84298,0.8431,3.56,1.00
2016.12.27 08:37:18.382,0.84301,0.84312,1.12,2.44
2016.12.27 08:37:18.433,0.84302,0.84312,2.00,1.00
2016.12.27 08:37:18.738,0.84299,0.8431,1.12,1.00
2016.12.27 08:37:19.062,0.84297,0.84307,1.75,1.00
2016.12.27 08:37:20.527,0.84296,0.84308,2.44,1.00
2016.12.27 08:37:21.567,0.84296,0.84307,3.56,1.00
2016.12.27 08:37:22.683,0.84296,0.84308,2.44,1.50
2016.12.27 08:37:25.272,0.84298,0.84309,1.50,1.00
2016.12.27 08:37:25.577,0.84298,0.84309,2.25,1.00
2016.12.27 08:37:26.110,0.84298,0.8431,1.75,2.25
2016.12.27 08:37:26.670,0.84297,0.84309,5.06,1.00
2016.12.27 08:37:26.872,0.84297,0.84309,4.31,1.00
2016.12.27 08:37:29.179,0.84297,0.84309,2.81,1.50
2016.12.27 08:37:29.434,0.84296,0.84307,1.87,1.25
2016.12.27 08:37:29.971,0.84296,0.84306,1.00,1.25
2016.12.27 08:37:34.496,0.84294,0.84306,2.81,1.25
2016.12.27 08:37:35.254,0.84294,0.84306,2.06,1.25
2016.12.27 08:37:35.585,0.84296,0.84306,1.00,1.25
2016.12.27 08:37:37.635,0.84295,0.84307,1.50,1.19
2016.12.27 08:37:38.925,0.84297,0.84307,1.00,1.69
2016.12.27 08:37:39.027,0.84295,0.84307,3.37,1.19
2016.12.27 08:37:39.179,0.84297,0.84307,1.00,1.19
2016.12.27 08:37:39.714,0.84297,0.84307,1.87,1.19
2016.12.27 08:37:40.379,0.84297,0.84307,1.00,1.19
2016.12.27 08:37:42.987,0.84296,0.84307,2.62,1.19
2016.12.27 08:37:45.097,0.84298,0.84307,1.00,1.19
2016.12.27 08:37:46.462,0.84297,0.84307,3.37,1.19
2016.12.27 08:37:46.564,0.84297,0.8431,3.19,1.00
2016.12.27 08:37:47.219,0.84298,0.8431,1.12,1.12
2016.12.27 08:37:47.753,0.84297,0.84309,2.81,1.69
2016.12.27 08:37:48.259,0.84298,0.8431,1.25,2.44
2016.12.27 08:37:48.465,0.84297,0.84308,2.62,1.19
2016.12.27 08:37:48.999,0.84297,0.8431,3.56,1.50
2016.12.27 08:37:49.249,0.84297,0.84308,2.62,1.19
2016.12.27 08:37:50.558,0.84297,0.84306,1.50,1.25
2016.12.27 08:37:51.097,0.84296,0.84305,1.00,1.00
2016.12.27 08:37:51.351,0.84293,0.84305,3.19,1.00
2016.12.27 08:37:51.859,0.84293,0.84305,1.69,1.00
2016.12.27 08:37:53.753,0.84294,0.84305,1.00,1.00
2016.12.27 08:37:54.265,0.84293,0.84305,1.69,1.00
2016.12.27 08:37:54.720,0.84292,0.84302,1.12,1.00
2016.12.27 08:37:55.328,0.84294,0.84302,1.25,1.00
2016.12.27 08:37:55.379,0.84292,0.84302,1.69,1.00
2016.12.27 08:37:55.485,0.84294,0.84302,1.25,1.00
2016.12.27 08:37:55.536,0.84292,0.84302,1.00,1.00
2016.12.27 08:37:57.499,0.84292,0.84303,1.00,1.69
2016.12.27 08:37:58.016,0.84292,0.84302,1.00,1.25
2016.12.27 08:38:00.344,0.84291,0.84302,1.87,1.00
2016.12.27 08:38:00.883,0.84291,0.84301,1.87,1.00
2016.12.27 08:38:01.923,0.84291,0.84304,1.50,2.25
2016.12.27 08:38:01.974,0.84293,0.84304,1.00,2.25
2016.12.27 08:38:02.278,0.84293,0.84302,1.00,1.00
2016.12.27 08:38:02.931,0.84291,0.84302,1.50,1.00
2016.12.27 08:38:03.943,0.84293,0.84302,1.00,1.00
2016.12.27 08:38:05.355,0.84291,0.84302,1.50,1.00
2016.12.27 08:38:06.033,0.84292,0.84303,1.00,1.00
2016.12.27 08:38:10.975,0.84293,0.84304,1.00,2.25
2016.12.27 08:38:12.937,0.84291,0.84304,2.25,2.25
2016.12.27 08:38:13.896,0.84292,0.84304,1.00,1.00
2016.12.27 08:38:14.473,0.84291,0.84304,1.50,1.50
2016.12.27 08:38:16.382,0.84291,0.84304,2.25,1.50
2016.12.27 08:38:19.086,0.84292,0.84303,1.75,1.00
2016.12.27 08:38:19.921,0.84292,0.84304,1.75,1.00
2016.12.27 08:38:21.476,0.84292,0.84303,1.75,1.25
2016.12.27 08:38:22.597,0.84293,0.84302,1.50,1.25
2016.12.27 08:38:22.749,0.84291,0.84302,1.87,1.25
2016.12.27 08:38:23.003,0.84289,0.843,2.44,1.00
2016.12.27 08:38:23.307,0.84288,0.84299,1.12,1.19
2016.12.27 08:38:23.358,0.84288,0.84299,1.37,1.19
2016.12.27 08:38:23.561,0.84287,0.84298,1.00,1.25
2016.12.27 08:38:24.148,0.84286,0.84298,3.00,1.50
2016.12.27 08:38:24.745,0.84287,0.84298,1.25,1.00
2016.12.27 08:38:25.271,0.84288,0.84299,1.25,1.50
2016.12.27 08:38:25.771,0.84286,0.84299,3.00,1.69
2016.12.27 08:38:26.329,0.84287,0.84299,1.00,1.69
2016.12.27 08:38:26.859,0.84287,0.84298,1.00,1.00
2016.12.27 08:38:27.367,0.84286,0.84297,2.62,1.00
2016.12.27 08:38:27.570,0.84286,0.84299,2.62,2.44
2016.12.27 08:38:28.028,0.84288,0.84298,1.25,1.00
2016.12.27 08:38:28.163,0.84286,0.84298,1.87,1.00
2016.12.27 08:38:28.215,0.84288,0.84299,1.12,1.25
2016.12.27 08:38:28.722,0.84289,0.843,1.00,2.44
2016.12.27 08:38:29.752,0.84289,0.843,1.50,1.00
2016.12.27 08:38:30.306,0.84289,0.84301,1.25,1.25
2016.12.27 08:38:32.027,0.84287,0.84299,3.00,1.25
2016.12.27 08:38:34.654,0.84287,0.843,3.00,3.19
2016.12.27 08:38:37.907,0.84287,0.84298,2.62,1.00
2016.12.27 08:38:38.462,0.84287,0.84299,3.00,1.25
2016.12.27 08:38:47.014,0.84287,0.84298,3.00,1.00
2016.12.27 08:38:47.541,0.84287,0.843,2.62,3.19
2016.12.27 08:38:48.448,0.84287,0.84298,3.75,1.00
2016.12.27 08:38:49.074,0.84287,0.84299,2.25,1.25
2016.12.27 08:38:52.172,0.84288,0.84299,1.00,1.25
2016.12.27 08:38:52.699,0.84288,0.843,3.37,1.00
2016.12.27 08:38:53.253,0.84289,0.84301,2.44,1.25
2016.12.27 08:38:54.715,0.8429,0.84301,1.00,1.00
2016.12.27 08:38:55.324,0.84289,0.84301,1.50,1.00
2016.12.27 08:38:55.846,0.8429,0.84301,1.00,1.00
2016.12.27 08:38:56.710,0.84291,0.84302,1.00,1.00
2016.12.27 08:38:57.261,0.84291,0.84303,2.44,2.06
2016.12.27 08:38:57.585,0.84287,0.84297,1.50,1.00
2016.12.27 08:38:58.090,0.84287,0.84298,1.37,1.00
2016.12.27 08:38:58.503,0.84286,0.84296,1.69,1.00
2016.12.27 08:38:59.009,0.84286,0.84297,1.69,1.50
2016.12.27 08:38:59.884,0.84286,0.84297,1.31,1.00
2016.12.27 08:39:00.392,0.84286,0.84297,1.62,2.25
2016.12.27 08:39:00.921,0.84286,0.84296,1.62,1.00
2016.12.27 08:39:01.443,0.84286,0.84297,2.44,1.50
2016.12.27 08:39:01.922,0.84286,0.84295,2.44,1.00
2016.12.27 08:39:01.973,0.84286,0.84297,2.44,1.50
2016.12.27 08:39:02.685,0.84286,0.84295,2.44,1.00
2016.12.27 08:39:03.912,0.84288,0.84298,1.31,1.50
2016.12.27 08:39:04.115,0.84286,0.84296,1.75,1.00
2016.12.27 08:39:04.450,0.84283,0.84293,2.44,1.00
2016.12.27 08:39:04.993,0.84281,0.84292,2.00,1.00
2016.12.27 08:39:11.182,0.84282,0.84293,2.00,2.25
2016.12.27 08:39:11.707,0.84284,0.84294,1.12,1.00
2016.12.27 08:39:12.222,0.84281,0.84293,2.06,2.25
2016.12.27 08:39:12.889,0.84281,0.84292,2.06,1.00
2016.12.27 08:39:14.211,0.84283,0.84295,1.12,2.44
2016.12.27 08:39:14.315,0.84283,0.84294,2.44,1.00
2016.12.27 08:39:16.103,0.84285,0.84295,1.69,1.50
2016.12.27 08:39:16.926,0.84285,0.84295,1.12,1.50
2016.12.27 08:39:19.495,0.84285,0.84296,1.12,1.12
2016.12.27 08:39:34.379,0.84284,0.84296,1.00,1.50
2016.12.27 08:39:34.683,0.84283,0.84291,1.00,2.44
2016.12.27 08:39:38.469,0.8428,0.84291,1.00,1.69
2016.12.27 08:39:41.666,0.8428,0.84292,1.00,1.25
2016.12.27 08:39:41.818,0.8428,0.8429,1.00,1.00
2016.12.27 08:39:42.603,0.8428,0.84291,1.00,1.00
2016.12.27 08:39:49.195,0.8428,0.8429,1.00,1.00
2016.12.27 08:39:49.747,0.84279,0.84289,1.00,1.00
2016.12.27 08:39:50.602,0.84279,0.8429,1.00,1.50
2016.12.27 08:39:51.239,0.84278,0.84288,1.25,1.50
2016.12.27 08:39:51.543,0.84273,0.84283,1.00,1.50
2016.12.27 08:39:52.351,0.84273,0.84283,1.31,1.00
2016.12.27 08:39:54.927,0.84273,0.84283,1.00,1.00
2016.12.27 08:39:56.708,0.84271,0.84284,2.44,1.87
2016.12.27 08:39:58.959,0.84271,0.84284,2.44,1.50
2016.12.27 08:40:00.317,0.84275,0.84285,1.00,1.25
2016.12.27 08:40:00.520,0.84276,0.84288,1.50,2.06
2016.12.27 08:40:00.621,0.84278,0.84288,1.00,1.25
2016.12.27 08:40:04.040,0.8428,0.8429,1.00,1.50
2016.12.27 08:40:04.548,0.84279,0.8429,1.12,1.00
2016.12.27 08:40:04.982,0.84281,0.8429,1.00,1.00
2016.12.27 08:40:05.185,0.84281,0.84293,1.00,2.25
2016.12.27 08:40:05.756,0.84281,0.84294,1.50,3.19
2016.12.27 08:40:05.908,0.84282,0.84292,1.00,1.00
2016.12.27 08:40:06.061,0.8428,0.84291,1.50,1.00
2016.12.27 08:40:06.593,0.84281,0.84291,1.00,1.00
2016.12.27 08:40:06.695,0.84279,0.8429,2.25,1.00
2016.12.27 08:40:07.440,0.84278,0.8429,1.00,2.44
2016.12.27 08:40:07.492,0.84278,0.84288,1.00,1.00
2016.12.27 08:40:07.695,0.84278,0.8429,1.50,1.00
2016.12.27 08:40:08.202,0.84277,0.8429,1.00,2.06
2016.12.27 08:40:08.523,0.8428,0.8429,1.00,1.31
2016.12.27 08:40:08.625,0.84282,0.84294,1.50,2.06
2016.12.27 08:40:09.206,0.84283,0.84294,1.00,1.25
2016.12.27 08:40:09.677,0.84284,0.84297,2.25,1.69
2016.12.27 08:40:10.232,0.84285,0.84297,1.00,1.69
2016.12.27 08:40:10.771,0.84286,0.84297,1.00,1.69
2016.12.27 08:40:11.714,0.84287,0.84297,1.00,1.25
2016.12.27 08:40:12.438,0.84285,0.84296,1.50,1.00
2016.12.27 08:40:12.661,0.84285,0.84295,1.00,1.75
2016.12.27 08:40:13.176,0.84283,0.84296,3.56,1.75
2016.12.27 08:40:13.681,0.84283,0.84294,1.00,1.75
2016.12.27 08:40:14.320,0.84282,0.84295,2.44,1.75
2016.12.27 08:40:14.521,0.84285,0.84295,1.25,1.37
2016.12.27 08:40:15.039,0.84286,0.84296,1.25,1.50
2016.12.27 08:40:15.800,0.84285,0.84296,1.00,3.94
2016.12.27 08:40:16.161,0.84282,0.84294,1.50,2.00
2016.12.27 08:40:16.686,0.84283,0.84294,1.00,2.25
2016.12.27 08:40:19.923,0.84283,0.84294,1.00,2.25
2016.12.27 08:40:20.024,0.84281,0.84293,2.81,2.44
2016.12.27 08:40:23.636,0.84281,0.84293,2.06,3.94
2016.12.27 08:40:24.228,0.84283,0.84294,1.00,2.25
2016.12.27 08:40:24.330,0.84284,0.84295,1.25,1.12
2016.12.27 08:40:24.438,0.84283,0.84295,2.44,3.19
2016.12.27 08:40:24.540,0.84282,0.84295,2.62,3.19
2016.12.27 08:40:24.642,0.84283,0.84293,1.00,1.50
2016.12.27 08:40:24.794,0.84281,0.84294,2.81,3.00
2016.12.27 08:40:26.019,0.84281,0.84293,3.19,1.75
2016.12.27 08:40:26.587,0.84282,0.84293,1.00,3.00
2016.12.27 08:40:27.734,0.84281,0.84292,2.06,1.75
2016.12.27 08:40:28.247,0.84281,0.84293,3.19,2.25
2016.12.27 08:40:28.816,0.84281,0.84292,1.12,1.75
2016.12.27 08:40:29.322,0.8428,0.84292,2.25,1.75
2016.12.27 08:40:30.164,0.84281,0.84292,1.00,1.50
2016.12.27 08:40:30.704,0.8428,0.84293,3.00,3.19
2016.12.27 08:40:30.937,0.84281,0.84293,1.00,1.69
2016.12.27 08:40:31.440,0.84282,0.84293,1.00,1.25
2016.12.27 08:40:31.951,0.84281,0.84291,1.00,1.25
2016.12.27 08:40:32.053,0.84279,0.84291,1.00,2.06
2016.12.27 08:40:34.103,0.84279,0.84289,1.00,1.25
2016.12.27 08:40:37.104,0.84278,0.84289,1.50,1.25
2016.12.27 08:40:37.620,0.84277,0.84289,2.44,1.25
2016.12.27 08:40:38.240,0.84277,0.84289,2.44,1.69
2016.12.27 08:40:41.592,0.84278,0.84289,1.00,1.69
2016.12.27 08:40:42.359,0.84277,0.84289,2.44,1.62
2016.12.27 08:40:42.835,0.84279,0.84289,1.00,1.31
2016.12.27 08:40:47.065,0.84279,0.84289,1.00,1.62
2016.12.27 08:40:47.613,0.84278,0.84289,1.50,2.06
2016.12.27 08:40:48.114,0.84278,0.84289,1.50,1.31
2016.12.27 08:40:53.179,0.84278,0.8429,1.50,2.00
2016.12.27 08:40:56.726,0.84278,0.84289,1.69,1.50
2016.12.27 08:40:57.266,0.84279,0.84291,1.25,2.25
2016.12.27 08:41:02.657,0.84279,0.8429,2.44,1.12
2016.12.27 08:41:05.977,0.8428,0.8429,1.00,1.00
2016.12.27 08:41:07.118,0.8428,0.84292,1.00,1.12
2016.12.27 08:41:08.172,0.84281,0.84292,1.00,1.50
2016.12.27 08:41:08.696,0.84285,0.84294,1.25,1.50
2016.12.27 08:41:15.131,0.84285,0.84293,1.25,1.00
2016.12.27 08:41:15.687,0.84285,0.84292,1.25,1.00
2016.12.27 08:41:16.253,0.84285,0.84291,1.25,1.00
2016.12.27 08:41:16.759,0.84285,0.84292,1.25,1.00
2016.12.27 08:41:17.281,0.84285,0.84293,1.25,1.50
2016.12.27 08:41:17.802,0.84285,0.84291,1.25,1.00
2016.12.27 08:41:19.402,0.84285,0.84293,1.25,1.00
2016.12.27 08:41:21.162,0.84285,0.84291,1.25,1.00
2016.12.27 08:41:21.213,0.8428,0.84291,1.37,1.00
2016.12.27 08:41:21.762,0.8428,0.84291,2.25,1.00
2016.12.27 08:41:22.951,0.84281,0.84292,1.87,1.00
2016.12.27 08:41:25.273,0.84281,0.84293,1.87,1.69
2016.12.27 08:41:26.890,0.84281,0.84292,1.87,1.00
2016.12.27 08:41:27.497,0.84281,0.84292,1.37,1.00
2016.12.27 08:41:27.937,0.84281,0.84294,2.81,1.50
2016.12.27 08:41:29.206,0.84281,0.84294,3.19,1.50
2016.12.27 08:41:30.666,0.84283,0.84295,1.37,1.00
2016.12.27 08:41:31.207,0.84284,0.84296,1.87,1.25
2016.12.27 08:41:31.714,0.84284,0.84295,1.87,1.00
2016.12.27 08:41:32.265,0.84284,0.84296,1.87,1.25
2016.12.27 08:41:32.821,0.84284,0.84295,2.62,1.00
2016.12.27 08:41:33.323,0.84284,0.84296,2.62,1.25
2016.12.27 08:41:34.253,0.84284,0.84296,2.25,1.69
2016.12.27 08:41:36.780,0.84284,0.84295,2.25,1.00
2016.12.27 08:41:36.985,0.84282,0.84291,1.00,1.00
2016.12.27 08:41:37.492,0.84281,0.84291,1.00,1.00
2016.12.27 08:41:39.079,0.84281,0.84292,1.87,1.50
2016.12.27 08:41:39.383,0.84281,0.84294,2.62,1.69
2016.12.27 08:41:39.636,0.84281,0.84292,1.87,1.00
2016.12.27 08:41:40.183,0.84281,0.84293,1.87,1.25
2016.12.27 08:41:40.731,0.84281,0.84292,1.87,1.00
2016.12.27 08:41:41.271,0.84281,0.84293,1.12,1.69
2016.12.27 08:41:41.894,0.84281,0.84292,1.87,1.00
2016.12.27 08:41:42.466,0.84282,0.84293,1.12,1.00
2016.12.27 08:41:43.006,0.84281,0.84292,1.87,1.00
2016.12.27 08:41:43.057,0.84281,0.84294,1.87,2.44
2016.12.27 08:41:43.711,0.84281,0.84292,1.87,1.00
2016.12.27 08:41:44.250,0.84281,0.84292,1.37,1.69
2016.12.27 08:41:44.783,0.84281,0.84292,1.37,1.00
2016.12.27 08:41:44.888,0.84281,0.84294,1.37,2.44
2016.12.27 08:41:45.294,0.8428,0.84291,1.87,1.00
2016.12.27 08:41:45.345,0.8428,0.84291,1.12,1.69
2016.12.27 08:41:45.961,0.8428,0.8429,1.25,1.50
2016.12.27 08:41:46.486,0.8428,0.84292,1.25,2.06
2016.12.27 08:41:47.969,0.8428,0.84292,1.25,2.06
2016.12.27 08:41:48.820,0.84281,0.84292,1.25,1.12
2016.12.27 08:41:49.442,0.84281,0.84291,1.25,1.50
2016.12.27 08:41:49.493,0.84281,0.84291,1.25,3.75
2016.12.27 08:41:51.083,0.8428,0.8429,1.25,1.75
2016.12.27 08:41:51.598,0.84279,0.84289,1.25,1.75
2016.12.27 08:41:53.365,0.84279,0.84289,1.25,1.75
2016.12.27 08:41:53.873,0.84279,0.84289,1.25,2.62
2016.12.27 08:41:56.250,0.8428,0.8429,1.25,1.87
2016.12.27 08:41:56.302,0.84282,0.8429,1.25,1.12
2016.12.27 08:41:56.454,0.84282,0.84291,1.25,2.25
2016.12.27 08:41:57.236,0.8428,0.8429,1.25,2.25
2016.12.27 08:41:57.287,0.8428,0.8429,1.25,2.25
2016.12.27 08:41:57.826,0.8428,0.84289,1.25,1.50
2016.12.27 08:41:59.454,0.8428,0.84289,1.25,1.75
2016.12.27 08:42:02.503,0.8428,0.8429,1.25,1.75
2016.12.27 08:42:02.809,0.8428,0.8429,1.25,1.75
2016.12.27 08:42:03.350,0.84281,0.8429,1.25,1.75
2016.12.27 08:42:03.763,0.84281,0.8429,1.25,1.75
2016.12.27 08:42:04.172,0.84279,0.8429,1.25,1.75
2016.12.27 08:42:04.342,0.84281,0.8429,1.25,1.75
2016.12.27 08:42:04.671,0.84279,0.8429,1.25,1.75
2016.12.27 08:42:04.722,0.84282,0.8429,1.25,1.75
2016.12.27 08:42:05.251,0.84281,0.8429,1.25,1.75
2016.12.27 08:42:05.786,0.8428,0.8429,1.25,1.75
2016.12.27 08:42:06.332,0.84281,0.8429,1.25,1.75
2016.12.27 08:42:06.383,0.84279,0.8429,1.25,1.75
2016.12.27 08:42:06.434,0.84281,0.8429,1.25,1.75
2016.12.27 08:42:08.862,0.84281,0.8429,1.25,2.25
2016.12.27 08:42:08.963,0.84279,0.8429,1.25,1.75
2016.12.27 08:42:14.369,0.84279,0.84291,1.25,2.62
2016.12.27 08:42:14.471,0.8428,0.84291,1.00,1.75
2016.12.27 08:42:14.983,0.84279,0.8429,1.69,1.75
2016.12.27 08:42:17.237,0.8428,0.8429,1.00,2.62
2016.12.27 08:42:17.878,0.84279,0.84289,1.69,1.75
2016.12.27 08:42:20.556,0.84277,0.84286,1.31,1.00
2016.12.27 08:42:20.708,0.84275,0.84285,1.87,1.00
2016.12.27 08:42:21.209,0.84275,0.84284,1.25,1.00
2016.12.27 08:42:21.683,0.84278,0.84285,1.25,1.37
2016.12.27 08:42:22.190,0.84279,0.84285,1.25,2.25
2016.12.27 08:42:23.963,0.84274,0.84283,1.62,1.00
2016.12.27 08:42:24.481,0.84274,0.84283,1.62,1.50
2016.12.27 08:42:28.668,0.84274,0.84282,1.62,1.00
2016.12.27 08:42:29.648,0.84274,0.84284,1.62,1.87
2016.12.27 08:42:30.292,0.84274,0.84283,1.62,1.00
2016.12.27 08:42:33.548,0.84274,0.84283,1.62,1.00
2016.12.27 08:42:41.014,0.84274,0.84281,1.25,1.00
2016.12.27 08:42:41.065,0.84274,0.84283,1.25,1.50
2016.12.27 08:42:41.116,0.84274,0.84281,1.25,1.00
2016.12.27 08:42:41.785,0.84275,0.84281,1.25,1.00
2016.12.27 08:42:42.300,0.84275,0.8428,1.25,1.00
2016.12.27 08:42:43.435,0.84275,0.84282,1.25,1.50
2016.12.27 08:42:44.040,0.84275,0.84281,1.25,1.00
2016.12.27 08:42:46.264,0.84275,0.84282,1.25,1.00
2016.12.27 08:42:49.752,0.84274,0.84282,1.25,1.12
2016.12.27 08:42:52.658,0.84277,0.84284,1.25,3.75
2016.12.27 08:42:52.911,0.84274,0.84283,1.25,1.50
2016.12.27 08:42:53.309,0.84274,0.84281,1.25,1.00
2016.12.27 08:42:53.816,0.84274,0.84282,1.25,1.00
2016.12.27 08:42:54.120,0.84274,0.8428,1.25,1.00
2016.12.27 08:42:54.272,0.84276,0.84283,1.25,1.87
2016.12.27 08:42:54.374,0.84274,0.84282,1.25,1.00
2016.12.27 08:42:55.342,0.84274,0.84281,1.25,1.00
2016.12.27 08:42:55.796,0.84276,0.84283,1.25,2.62
2016.12.27 08:42:56.409,0.84274,0.84282,1.25,1.50
2016.12.27 08:42:59.253,0.84274,0.8428,1.25,1.00
2016.12.27 08:42:59.811,0.84274,0.84281,1.25,1.00
2016.12.27 08:43:01.281,0.84273,0.84279,1.25,1.00
2016.12.27 08:43:01.398,0.84274,0.84281,1.25,1.00
2016.12.27 08:43:02.664,0.84274,0.84282,1.25,1.00
2016.12.27 08:43:02.765,0.84274,0.8428,1.25,1.00
2016.12.27 08:43:02.816,0.84273,0.84282,1.25,1.50
2016.12.27 08:43:02.867,0.84275,0.84282,1.25,1.87
2016.12.27 08:43:03.178,0.84273,0.84283,1.25,1.37
2016.12.27 08:43:03.358,0.84271,0.84281,1.31,1.12
2016.12.27 08:43:10.178,0.84271,0.8428,1.25,1.00
2016.12.27 08:43:10.498,0.84271,0.84282,1.25,1.50
2016.12.27 08:43:15.249,0.84271,0.84281,1.25,1.00
2016.12.27 08:43:17.868,0.84271,0.84282,1.25,1.50
2016.12.27 08:43:18.297,0.84269,0.8428,1.25,1.00
2016.12.27 08:43:18.838,0.84269,0.84282,2.44,1.50
2016.12.27 08:43:19.342,0.84271,0.84281,1.00,1.00
2016.12.27 08:43:20.235,0.84271,0.84282,1.25,1.50
2016.12.27 08:43:21.785,0.84271,0.84281,1.25,1.00
2016.12.27 08:43:22.718,0.84269,0.8428,1.69,1.00
2016.12.27 08:43:22.972,0.84271,0.84281,1.25,1.00
2016.12.27 08:43:24.039,0.84271,0.8428,1.25,1.00
2016.12.27 08:43:24.342,0.84275,0.84282,1.25,1.00
2016.12.27 08:43:24.882,0.84275,0.84283,1.25,1.50
2016.12.27 08:43:25.293,0.84273,0.84283,1.25,1.50
2016.12.27 08:43:25.823,0.84274,0.84283,1.25,1.50
2016.12.27 08:43:26.330,0.84275,0.84283,1.25,1.50
2016.12.27 08:43:26.831,0.84274,0.84283,1.25,1.00
2016.12.27 08:43:28.263,0.84274,0.84283,1.25,1.37
2016.12.27 08:43:30.208,0.84273,0.84283,1.25,1.37
2016.12.27 08:43:30.824,0.84274,0.84283,1.25,1.50
2016.12.27 08:43:31.386,0.84273,0.84283,1.25,2.25
2016.12.27 08:43:31.488,0.84278,0.84285,1.25,1.12
2016.12.27 08:43:31.539,0.84278,0.84286,1.25,1.87
2016.12.27 08:43:31.641,0.84278,0.84288,1.25,1.00
2016.12.27 08:43:32.146,0.84278,0.84286,1.25,1.00
2016.12.27 08:43:32.690,0.84278,0.84287,1.31,1.50
2016.12.27 08:43:33.201,0.84278,0.84286,1.25,1.00
2016.12.27 08:43:33.730,0.84278,0.84285,1.25,1.00
2016.12.27 08:43:42.210,0.8428,0.84286,1.25,1.00
2016.12.27 08:43:42.655,0.8428,0.84288,1.25,2.62
2016.12.27 08:43:43.230,0.84281,0.84287,1.25,1.00
2016.12.27 08:43:44.083,0.84281,0.84288,1.25,1.50
2016.12.27 08:43:44.829,0.84282,0.84288,1.25,1.00
2016.12.27 08:43:46.144,0.84282,0.84289,1.25,1.00
2016.12.27 08:43:46.658,0.84282,0.84288,1.25,1.00
2016.12.27 08:43:47.291,0.84282,0.84289,1.25,1.00
2016.12.27 08:43:47.393,0.84278,0.84287,1.31,1.00
2016.12.27 08:43:47.905,0.84279,0.84287,1.31,1.87
2016.12.27 08:43:48.434,0.8428,0.84288,1.25,1.50
2016.12.27 08:43:48.608,0.8428,0.84286,1.25,1.00
2016.12.27 08:43:48.709,0.84277,0.84287,1.31,1.00
2016.12.27 08:43:49.931,0.84277,0.84286,1.25,1.50
2016.12.27 08:43:50.665,0.84277,0.84287,1.25,1.00
2016.12.27 08:43:51.183,0.84277,0.84286,1.25,1.00
2016.12.27 08:43:51.693,0.84277,0.84287,1.25,1.50
2016.12.27 08:43:52.009,0.84279,0.84287,1.25,1.50
2016.12.27 08:43:52.304,0.8428,0.84289,1.25,2.25
2016.12.27 08:43:52.660,0.8428,0.84287,1.25,1.00
2016.12.27 08:43:53.319,0.8428,0.84288,1.25,1.00
2016.12.27 08:43:53.879,0.8428,0.84287,1.25,1.00
2016.12.27 08:43:54.521,0.84278,0.84287,1.25,2.25
2016.12.27 08:43:54.824,0.8428,0.84287,1.25,2.25
2016.12.27 08:43:54.875,0.84277,0.84287,1.25,2.25
2016.12.27 08:43:54.977,0.84279,0.84287,1.25,1.00
2016.12.27 08:43:55.485,0.84279,0.84288,1.25,1.50
2016.12.27 08:43:56.065,0.84279,0.84287,1.25,1.00
2016.12.27 08:43:56.564,0.84277,0.84287,1.25,1.50
2016.12.27 08:43:57.039,0.84279,0.84287,1.25,2.62
2016.12.27 08:43:57.355,0.84279,0.84287,1.25,3.00
2016.12.27 08:43:57.904,0.84278,0.84286,1.25,1.12
2016.12.27 08:43:58.517,0.84278,0.84288,1.25,2.93
2016.12.27 08:43:58.871,0.8428,0.84287,1.25,1.50
2016.12.27 08:43:58.974,0.84277,0.84287,1.25,1.50
2016.12.27 08:43:59.842,0.84279,0.84287,1.25,1.50
2016.12.27 08:44:00.521,0.84277,0.84287,1.31,1.50
2016.12.27 08:44:01.662,0.84277,0.84286,1.25,1.00
2016.12.27 08:44:02.218,0.84277,0.84287,1.25,1.50
2016.12.27 08:44:02.769,0.84277,0.84286,1.25,1.00
2016.12.27 08:44:02.821,0.84275,0.84286,1.69,1.00
2016.12.27 08:44:03.232,0.84277,0.84287,1.25,1.00
2016.12.27 08:44:03.738,0.84276,0.84288,2.06,1.81
2016.12.27 08:44:04.043,0.84278,0.84288,1.25,1.06
2016.12.27 08:44:04.297,0.84276,0.84288,2.06,1.81
2016.12.27 08:44:04.847,0.84276,0.84287,1.25,1.00
2016.12.27 08:44:04.929,0.84278,0.84288,1.25,2.56
2016.12.27 08:44:05.234,0.84276,0.84288,2.06,1.50
2016.12.27 08:44:05.337,0.84278,0.84287,1.25,1.00
2016.12.27 08:44:05.925,0.84278,0.84288,1.25,1.06
2016.12.27 08:44:06.178,0.84276,0.84288,1.31,4.43
2016.12.27 08:44:06.229,0.84276,0.84288,1.31,4.43
2016.12.27 08:44:06.432,0.84276,0.84288,1.31,3.87
2016.12.27 08:44:06.944,0.84277,0.84288,1.25,2.93
2016.12.27 08:44:07.322,0.84276,0.84286,1.25,1.50
2016.12.27 08:44:08.793,0.84276,0.84287,1.25,2.25
2016.12.27 08:44:10.023,0.84279,0.84287,1.25,1.50
2016.12.27 08:44:10.277,0.84276,0.84287,1.31,1.00
2016.12.27 08:44:10.783,0.84277,0.84286,1.25,1.00
2016.12.27 08:44:11.327,0.84277,0.84287,1.25,1.06
2016.12.27 08:44:11.828,0.84277,0.84286,1.25,1.00
2016.12.27 08:44:12.334,0.84277,0.84287,1.25,1.00
2016.12.27 08:44:12.841,0.84278,0.84287,1.25,1.00
2016.12.27 08:44:13.302,0.84276,0.84288,1.25,3.56
2016.12.27 08:44:13.593,0.84276,0.84286,1.25,1.00
2016.12.27 08:44:14.127,0.84277,0.84287,1.25,2.18
2016.12.27 08:44:14.758,0.84274,0.84286,2.06,1.00
2016.12.27 08:44:15.321,0.84274,0.84285,1.25,1.00
2016.12.27 08:44:16.454,0.84277,0.84285,1.25,1.00
2016.12.27 08:44:18.519,0.84277,0.84287,1.25,1.06
2016.12.27 08:44:20.525,0.84277,0.84288,1.25,2.25
2016.12.27 08:44:21.317,0.84277,0.84286,1.25,1.00
2016.12.27 08:44:21.823,0.84277,0.84285,1.25,1.00
2016.12.27 08:44:22.418,0.84277,0.84284,1.25,1.00
2016.12.27 08:44:30.896,0.84277,0.84283,1.25,1.00
2016.12.27 08:44:30.947,0.84273,0.84282,1.00,1.00
2016.12.27 08:44:31.149,0.84271,0.84281,1.31,1.00
2016.12.27 08:44:32.150,0.84271,0.84283,1.25,1.12
2016.12.27 08:44:32.692,0.84272,0.84282,1.00,1.00
2016.12.27 08:44:36.193,0.84273,0.84283,1.00,1.00
2016.12.27 08:44:37.045,0.84273,0.84285,1.12,3.19
2016.12.27 08:44:37.404,0.84276,0.84286,1.00,2.25
2016.12.27 08:44:37.909,0.84277,0.84288,1.50,1.75
2016.12.27 08:44:38.711,0.84278,0.84287,1.00,1.75
2016.12.27 08:44:39.325,0.84277,0.84287,1.00,1.75
2016.12.27 08:44:39.389,0.84275,0.84287,3.19,2.25
2016.12.27 08:44:43.207,0.84275,0.84286,1.69,1.12
2016.12.27 08:44:44.291,0.84275,0.84285,1.69,1.00
2016.12.27 08:44:44.695,0.84277,0.84286,1.00,1.12
2016.12.27 08:44:44.939,0.84279,0.84289,1.69,1.50
2016.12.27 08:44:45.700,0.8428,0.84289,1.00,1.00
2016.12.27 08:44:46.222,0.84279,0.8429,1.25,1.00
2016.12.27 08:44:46.779,0.84279,0.84291,1.69,2.62
2016.12.27 08:44:47.431,0.84279,0.8429,1.25,1.00
2016.12.27 08:44:47.633,0.84279,0.84288,1.25,1.00
2016.12.27 08:44:48.139,0.84279,0.84287,1.25,1.12
2016.12.27 08:44:50.583,0.84277,0.84287,1.00,1.00
2016.12.27 08:44:50.636,0.84276,0.84285,1.00,1.00
2016.12.27 08:44:51.144,0.84275,0.84285,1.25,1.50
2016.12.27 08:44:51.517,0.84275,0.84286,1.69,1.87
2016.12.27 08:44:52.048,0.84276,0.84286,1.00,1.00
2016.12.27 08:44:52.580,0.84275,0.84286,1.25,1.00
2016.12.27 08:44:54.580,0.84275,0.84285,1.69,1.00
2016.12.27 08:44:55.360,0.84275,0.84284,1.25,1.12
2016.12.27 08:44:55.822,0.84276,0.84286,1.00,1.50
2016.12.27 08:44:56.334,0.84275,0.84287,2.44,1.50
2016.12.27 08:44:56.877,0.84275,0.84286,2.44,1.00
2016.12.27 08:44:57.429,0.84275,0.84287,2.44,2.25
2016.12.27 08:44:57.626,0.84275,0.84287,2.44,3.00
2016.12.27 08:44:59.024,0.84276,0.84286,1.00,1.37
2016.12.27 08:44:59.552,0.84275,0.84287,2.44,3.00
2016.12.27 08:45:01.164,0.84275,0.84287,2.44,2.62
2016.12.27 08:45:02.158,0.84276,0.84287,1.00,1.12
2016.12.27 08:45:02.692,0.84275,0.84287,1.25,1.50
2016.12.27 08:45:03.461,0.84276,0.84287,1.00,3.00
2016.12.27 08:45:10.201,0.84278,0.84287,1.00,1.87
2016.12.27 08:45:10.354,0.84278,0.8429,1.00,3.94
2016.12.27 08:45:10.881,0.84278,0.8429,1.00,2.81
2016.12.27 08:45:11.416,0.84277,0.84289,1.50,1.50
2016.12.27 08:45:11.728,0.84277,0.84287,1.50,1.00
2016.12.27 08:45:11.779,0.84278,0.84289,1.00,1.50
2016.12.27 08:45:13.001,0.84278,0.84288,1.00,1.00
2016.12.27 08:45:13.942,0.84278,0.84289,1.00,1.50
2016.12.27 08:45:14.606,0.84277,0.84288,1.00,1.00
2016.12.27 08:45:15.115,0.84277,0.84289,1.50,1.50
2016.12.27 08:45:15.636,0.84277,0.84288,1.50,1.00
2016.12.27 08:45:16.166,0.84277,0.84289,2.25,1.50
2016.12.27 08:45:16.834,0.84278,0.84289,1.00,1.50
2016.12.27 08:45:17.457,0.84277,0.84289,1.50,1.50
2016.12.27 08:45:17.566,0.84277,0.84287,1.50,1.00
2016.12.27 08:45:18.079,0.84276,0.84287,1.00,1.00
2016.12.27 08:45:18.420,0.84276,0.84285,1.00,1.00
2016.12.27 08:45:18.777,0.84276,0.84287,1.00,1.00
2016.12.27 08:45:18.932,0.84276,0.84285,1.50,1.00
2016.12.27 08:45:19.008,0.84276,0.84287,1.00,1.00
2016.12.27 08:45:19.599,0.84276,0.84286,1.00,1.00
2016.12.27 08:45:20.136,0.84276,0.84287,1.00,1.00
2016.12.27 08:45:20.516,0.8428,0.84288,1.25,1.50
2016.12.27 08:45:20.567,0.8428,0.84291,1.25,3.00
2016.12.27 08:45:20.721,0.8428,0.84287,1.25,1.00
2016.12.27 08:45:20.874,0.84284,0.84293,1.25,1.00
2016.12.27 08:45:21.396,0.84284,0.84294,1.25,1.00
2016.12.27 08:45:22.017,0.84284,0.84295,1.69,1.50
2016.12.27 08:45:22.919,0.84285,0.84295,1.19,1.00
2016.12.27 08:45:23.021,0.84284,0.84295,1.69,1.00
2016.12.27 08:45:24.563,0.84284,0.84294,1.25,1.00
2016.12.27 08:45:26.849,0.84285,0.84296,1.25,1.12
2016.12.27 08:45:26.900,0.84288,0.84296,1.25,1.00
2016.12.27 08:45:26.951,0.84288,0.84298,1.25,1.50
2016.12.27 08:45:27.507,0.84289,0.84298,1.69,1.50
2016.12.27 08:45:29.710,0.84288,0.84298,2.06,1.00
2016.12.27 08:45:30.244,0.84287,0.84298,1.25,1.50
2016.12.27 08:45:30.295,0.84287,0.84296,1.25,1.00
2016.12.27 08:45:31.100,0.84286,0.84297,1.69,1.50
2016.12.27 08:45:31.628,0.84287,0.84297,1.25,1.50
2016.12.27 08:45:31.881,0.84285,0.84298,2.81,2.25
2016.12.27 08:45:32.432,0.84286,0.84297,1.69,1.00
2016.12.27 08:45:32.685,0.84289,0.84298,1.25,1.00
2016.12.27 08:45:32.736,0.84287,0.84298,1.25,1.50
2016.12.27 08:45:32.787,0.84285,0.84298,3.94,1.50
2016.12.27 08:45:32.889,0.84287,0.84298,1.25,1.50
2016.12.27 08:45:33.345,0.84285,0.84297,1.12,1.50
2016.12.27 08:45:33.446,0.84287,0.84297,1.25,1.50
2016.12.27 08:45:33.548,0.84285,0.84296,1.00,1.00
2016.12.27 08:45:33.851,0.84285,0.84295,1.25,2.25
2016.12.27 08:45:34.156,0.84284,0.84291,1.25,1.00
2016.12.27 08:45:34.257,0.8428,0.84291,1.69,1.12
2016.12.27 08:45:34.406,0.84278,0.84288,1.31,1.50
2016.12.27 08:45:34.710,0.84282,0.84292,1.25,1.50
2016.12.27 08:45:35.221,0.84282,0.84291,1.31,1.00
2016.12.27 08:45:35.271,0.84282,0.84293,1.31,1.50
2016.12.27 08:45:35.524,0.84282,0.84291,1.25,1.00
2016.12.27 08:45:35.575,0.84282,0.84293,1.25,1.50
2016.12.27 08:45:38.697,0.84282,0.84292,1.25,1.00
2016.12.27 08:45:38.997,0.84284,0.84293,1.25,1.50
2016.12.27 08:45:45.504,0.84284,0.84292,1.25,1.00
2016.12.27 08:45:45.605,0.84284,0.84294,1.25,1.12
2016.12.27 08:45:46.114,0.84284,0.84293,1.25,1.00
2016.12.27 08:45:53.762,0.84284,0.84295,1.25,3.00
2016.12.27 08:45:56.795,0.84283,0.84295,2.44,3.37
2016.12.27 08:45:59.059,0.84285,0.84295,1.12,1.12
2016.12.27 08:45:59.211,0.84287,0.84298,1.25,1.69
2016.12.27 08:46:00.164,0.84287,0.84297,1.69,1.00
2016.12.27 08:46:00.619,0.84285,0.84295,1.00,1.00
2016.12.27 08:46:00.974,0.84283,0.84295,1.87,1.00
2016.12.27 08:46:01.642,0.84284,0.84295,1.00,1.00
2016.12.27 08:46:02.188,0.84285,0.84294,1.00,1.00
2016.12.27 08:46:02.239,0.84283,0.84294,2.44,1.00
2016.12.27 08:46:02.900,0.84285,0.84294,1.00,1.00
2016.12.27 08:46:03.002,0.84283,0.84295,2.44,1.69
2016.12.27 08:46:03.205,0.84285,0.84294,1.00,1.00
2016.12.27 08:46:03.360,0.84283,0.84295,2.81,1.69
2016.12.27 08:46:04.254,0.84283,0.84293,1.69,1.00
2016.12.27 08:46:04.558,0.84283,0.84295,1.69,2.44
2016.12.27 08:46:04.609,0.84283,0.84293,1.69,1.00
2016.12.27 08:46:04.891,0.84283,0.84295,1.69,1.69
2016.12.27 08:46:05.422,0.84283,0.84293,1.69,1.00
2016.12.27 08:46:05.534,0.84283,0.84295,2.81,2.44
2016.12.27 08:46:06.059,0.84283,0.84294,1.69,1.00
2016.12.27 08:46:06.712,0.84283,0.84295,1.69,1.69
2016.12.27 08:46:07.309,0.84283,0.84294,1.69,1.50
2016.12.27 08:46:08.465,0.84283,0.84293,2.06,1.00
2016.12.27 08:46:09.572,0.84283,0.84294,1.69,1.50
2016.12.27 08:46:10.151,0.84283,0.84293,1.69,1.00
2016.12.27 08:46:10.657,0.84283,0.84294,1.69,1.50
2016.12.27 08:46:11.193,0.84283,0.84293,1.69,1.00
2016.12.27 08:46:11.739,0.84283,0.84294,1.25,1.50
2016.12.27 08:46:12.601,0.84283,0.84293,1.25,1.00
2016.12.27 08:46:13.732,0.84283,0.84294,1.25,1.50
2016.12.27 08:46:15.068,0.84284,0.84295,1.00,2.44
2016.12.27 08:46:16.068,0.84283,0.84295,1.69,1.25
2016.12.27 08:46:16.479,0.84285,0.84295,1.00,1.25
2016.12.27 08:46:17.156,0.84283,0.84295,2.44,1.25
2016.12.27 08:46:17.669,0.84284,0.84295,1.00,1.25
2016.12.27 08:46:19.575,0.84283,0.84295,2.44,1.25
2016.12.27 08:46:20.079,0.84284,0.84295,1.00,1.25
2016.12.27 08:46:20.586,0.84283,0.84295,2.81,1.25
2016.12.27 08:46:20.687,0.84283,0.84293,2.06,1.00
2016.12.27 08:46:20.738,0.84283,0.84295,1.31,2.44
2016.12.27 08:46:20.789,0.84283,0.84293,2.06,1.00
2016.12.27 08:46:21.372,0.84283,0.84293,1.25,1.00
2016.12.27 08:46:21.822,0.84283,0.84295,1.25,2.44
2016.12.27 08:46:24.073,0.84283,0.84294,2.06,1.00
2016.12.27 08:46:31.297,0.84284,0.84294,1.00,1.00
2016.12.27 08:46:31.948,0.84283,0.84294,2.44,1.00
2016.12.27 08:46:38.080,0.84285,0.84294,1.00,1.00
2016.12.27 08:46:38.698,0.84284,0.84295,1.87,1.25
2016.12.27 08:46:45.170,0.84284,0.84294,1.50,1.00
2016.12.27 08:46:45.685,0.84284,0.84293,1.00,1.00
2016.12.27 08:46:46.507,0.84283,0.84293,2.44,1.00
2016.12.27 08:46:48.653,0.84283,0.84292,1.50,1.25
2016.12.27 08:46:49.170,0.84283,0.84293,1.50,1.00
2016.12.27 08:46:49.475,0.84286,0.84295,1.25,1.12
2016.12.27 08:46:49.654,0.84286,0.84297,2.06,2.25
2016.12.27 08:46:49.705,0.84286,0.84295,2.00,1.00
2016.12.27 08:46:49.833,0.84285,0.84296,2.06,1.25
2016.12.27 08:46:49.903,0.84287,0.84297,1.25,1.50
2016.12.27 08:46:50.424,0.84285,0.84297,3.19,1.00
2016.12.27 08:46:50.885,0.84287,0.84297,1.75,1.00
2016.12.27 08:46:51.087,0.84288,0.84298,1.75,1.00
2016.12.27 08:46:51.788,0.84289,0.84299,2.44,1.00
2016.12.27 08:46:52.954,0.84289,0.843,2.81,1.50
2016.12.27 08:46:54.398,0.84292,0.843,1.25,1.50
2016.12.27 08:46:55.883,0.84292,0.84298,1.25,1.00
2016.12.27 08:46:56.459,0.84292,0.843,1.25,1.50
2016.12.27 08:46:57.548,0.84292,0.84298,1.25,1.00
2016.12.27 08:46:58.058,0.84291,0.84298,1.25,1.00
2016.12.27 08:47:03.030,0.84287,0.84296,2.00,1.00
2016.12.27 08:47:03.081,0.84286,0.84296,3.94,1.00
2016.12.27 08:47:03.689,0.84287,0.84296,1.25,1.00
2016.12.27 08:47:03.791,0.8429,0.84299,1.25,1.50
2016.12.27 08:47:03.893,0.8429,0.84299,1.25,1.00
2016.12.27 08:47:04.509,0.84289,0.84298,1.25,1.00
2016.12.27 08:47:05.043,0.84289,0.84297,1.25,1.00
2016.12.27 08:47:05.498,0.8429,0.84299,1.25,1.00
2016.12.27 08:47:05.549,0.84288,0.84299,1.25,1.50
2016.12.27 08:47:05.651,0.84287,0.84297,1.25,1.00
2016.12.27 08:47:06.643,0.84287,0.84295,1.25,1.00
2016.12.27 08:47:07.646,0.84287,0.84297,1.25,1.87
2016.12.27 08:47:09.098,0.84287,0.84296,1.25,1.00
2016.12.27 08:47:09.666,0.84287,0.84297,1.25,1.50
2016.12.27 08:47:09.920,0.8429,0.84299,1.25,1.87
2016.12.27 08:47:10.224,0.84292,0.84301,1.25,1.50
2016.12.27 08:47:10.829,0.84289,0.84301,1.25,1.50
2016.12.27 08:47:11.421,0.84289,0.843,1.25,1.00
2016.12.27 08:47:12.286,0.84288,0.84299,1.25,1.50
2016.12.27 08:47:12.590,0.8429,0.843,1.25,3.00
2016.12.27 08:47:13.176,0.8429,0.843,1.25,1.00
2016.12.27 08:47:14.610,0.8429,0.84299,1.25,1.00
2016.12.27 08:47:14.965,0.8429,0.84301,1.25,1.87
2016.12.27 08:47:15.016,0.84293,0.84301,1.25,1.00
2016.12.27 08:47:16.005,0.84293,0.84303,1.25,2.25
2016.12.27 08:47:16.553,0.84291,0.84302,1.25,1.00
2016.12.27 08:47:16.604,0.84293,0.84302,1.25,1.00
2016.12.27 08:47:17.178,0.8429,0.84302,1.25,1.00
2016.12.27 08:47:17.685,0.8429,0.84303,1.69,1.50
2016.12.27 08:47:18.095,0.8429,0.84301,1.69,1.00
2016.12.27 08:47:19.622,0.84291,0.84301,1.00,1.00
2016.12.27 08:47:20.574,0.84291,0.84302,1.00,1.00
2016.12.27 08:47:21.243,0.84291,0.84303,2.25,1.50
2016.12.27 08:47:21.795,0.84291,0.84302,2.25,1.00
2016.12.27 08:47:22.455,0.84291,0.84303,2.25,1.50
2016.12.27 08:47:22.964,0.84291,0.84302,2.25,1.00
2016.12.27 08:47:23.619,0.84291,0.84303,2.25,1.50
2016.12.27 08:47:24.299,0.84291,0.84302,1.50,1.00
2016.12.27 08:47:24.602,0.8429,0.84297,1.00,1.00
2016.12.27 08:47:24.704,0.84286,0.84296,1.12,1.00
2016.12.27 08:47:25.008,0.84284,0.84296,3.19,1.00
2016.12.27 08:47:26.388,0.84285,0.84296,1.25,1.00
2016.12.27 08:47:26.489,0.84286,0.84298,2.44,1.12
2016.12.27 08:47:26.642,0.84288,0.84298,1.00,1.00
2016.12.27 08:47:26.895,0.84286,0.84297,2.44,1.00
2016.12.27 08:47:27.402,0.84287,0.84297,1.00,1.00
2016.12.27 08:47:28.022,0.84286,0.84296,2.25,1.00
2016.12.27 08:47:28.153,0.84287,0.84299,1.00,3.19
2016.12.27 08:47:28.594,0.84287,0.84297,1.00,1.00
2016.12.27 08:47:28.773,0.84287,0.84299,1.00,2.44
2016.12.27 08:47:29.283,0.84287,0.84298,1.00,1.00
2016.12.27 08:47:30.231,0.84287,0.84299,1.00,2.44
2016.12.27 08:47:30.783,0.84286,0.84299,1.50,2.44
2016.12.27 08:47:30.885,0.84289,0.84299,1.00,1.12
2016.12.27 08:47:31.390,0.84288,0.84299,1.50,1.50
2016.12.27 08:47:31.897,0.84287,0.843,4.12,3.94
2016.12.27 08:47:32.337,0.84287,0.84298,3.37,1.00
2016.12.27 08:47:34.662,0.84287,0.843,2.25,3.19
2016.12.27 08:47:35.169,0.84287,0.84298,1.00,1.00
2016.12.27 08:47:36.423,0.84287,0.84297,1.00,1.00
2016.12.27 08:47:37.113,0.84286,0.84297,1.00,1.50
2016.12.27 08:47:38.608,0.84286,0.84295,1.50,1.00
2016.12.27 08:47:41.070,0.84287,0.84296,1.00,1.00
2016.12.27 08:47:41.222,0.84283,0.84293,1.69,1.00
2016.12.27 08:47:41.627,0.84281,0.84292,1.12,2.44
2016.12.27 08:47:41.779,0.84283,0.84292,1.00,1.69
2016.12.27 08:47:42.353,0.84281,0.84292,1.12,1.69
2016.12.27 08:47:42.865,0.84284,0.84294,1.00,2.44
2016.12.27 08:47:43.371,0.84285,0.84296,1.00,1.69
2016.12.27 08:47:43.624,0.84284,0.84294,1.87,1.00
2016.12.27 08:47:44.129,0.84283,0.84293,1.87,1.00
2016.12.27 08:47:44.701,0.84283,0.84293,1.00,1.00
2016.12.27 08:47:45.225,0.84283,0.84294,1.00,2.44
2016.12.27 08:47:52.491,0.84284,0.84294,1.00,2.44
2016.12.27 08:47:53.288,0.84284,0.84293,1.00,1.00
2016.12.27 08:47:53.918,0.84283,0.84294,1.12,2.44
2016.12.27 08:47:54.223,0.84281,0.84292,1.87,1.00
2016.12.27 08:47:54.325,0.84283,0.84294,1.00,2.81
2016.12.27 08:47:58.429,0.84285,0.84294,1.00,1.25
2016.12.27 08:47:59.048,0.84285,0.84293,1.00,1.00
2016.12.27 08:48:00.959,0.84285,0.84294,1.00,1.69
2016.12.27 08:48:03.090,0.84283,0.84294,2.25,1.69
2016.12.27 08:48:07.713,0.84284,0.84294,1.00,1.25
2016.12.27 08:48:08.310,0.84285,0.84294,1.00,1.69
2016.12.27 08:48:08.702,0.84283,0.84294,3.00,1.25
2016.12.27 08:48:12.099,0.84286,0.84296,1.00,1.00
2016.12.27 08:48:12.658,0.84287,0.84297,1.12,1.25
2016.12.27 08:48:13.458,0.84286,0.84296,1.87,1.00
2016.12.27 08:48:13.763,0.84285,0.84294,1.00,1.00
2016.12.27 08:48:14.167,0.84284,0.84296,1.00,2.81
2016.12.27 08:48:14.471,0.84285,0.84294,1.12,1.00
2016.12.27 08:48:15.163,0.84284,0.84293,1.87,1.00
2016.12.27 08:48:17.539,0.84284,0.84296,1.87,2.06
2016.12.27 08:48:17.589,0.84284,0.84294,1.00,1.00
2016.12.27 08:48:18.100,0.84285,0.84294,1.00,1.00
2016.12.27 08:48:18.490,0.84283,0.84294,2.25,1.00
2016.12.27 08:48:19.074,0.84283,0.84293,2.25,1.00
2016.12.27 08:48:20.483,0.84283,0.84295,1.87,1.00
2016.12.27 08:48:21.011,0.84284,0.84296,1.00,2.81
2016.12.27 08:48:21.525,0.84285,0.84297,1.00,2.06
2016.12.27 08:48:22.701,0.84286,0.84297,1.00,1.62
2016.12.27 08:48:23.234,0.84286,0.84298,1.12,2.81
2016.12.27 08:48:23.738,0.84287,0.84298,1.00,2.81
2016.12.27 08:48:24.387,0.84286,0.84298,1.50,1.69
2016.12.27 08:48:28.801,0.84286,0.84295,1.00,1.00
2016.12.27 08:48:29.701,0.84286,0.84294,1.00,1.00
2016.12.27 08:48:30.085,0.84286,0.84296,1.00,1.69
2016.12.27 08:48:30.723,0.84286,0.84295,1.00,1.00
2016.12.27 08:48:31.270,0.84286,0.84296,1.00,1.25
2016.12.27 08:48:31.805,0.84287,0.84297,1.00,1.69
2016.12.27 08:48:31.907,0.84285,0.84297,1.50,1.69
2016.12.27 08:48:31.958,0.84287,0.84297,1.00,1.69
2016.12.27 08:48:32.317,0.84285,0.84296,1.00,1.25
2016.12.27 08:48:32.910,0.84285,0.84295,1.00,1.25
2016.12.27 08:48:33.666,0.84285,0.84294,1.00,1.00
2016.12.27 08:48:34.695,0.84286,0.84296,1.00,1.00
2016.12.27 08:48:35.230,0.84286,0.84298,3.00,1.69
2016.12.27 08:48:36.445,0.84289,0.84298,1.69,1.00
2016.12.27 08:48:36.957,0.84289,0.84299,2.44,1.00
2016.12.27 08:48:37.777,0.8429,0.84299,1.00,1.00
2016.12.27 08:48:40.721,0.84289,0.84299,1.25,1.00
2016.12.27 08:48:41.379,0.84289,0.84298,1.25,1.00
2016.12.27 08:48:41.918,0.84288,0.84298,1.12,1.00
2016.12.27 08:48:42.151,0.84288,0.843,1.12,1.69
2016.12.27 08:48:42.553,0.8429,0.843,1.00,2.44
2016.12.27 08:48:43.376,0.84288,0.843,1.12,1.69
2016.12.27 08:48:44.580,0.84289,0.843,1.00,1.69
2016.12.27 08:48:45.091,0.84288,0.843,1.50,2.44
2016.12.27 08:48:45.698,0.84289,0.843,1.00,2.44
2016.12.27 08:48:45.951,0.84287,0.843,1.87,2.44
2016.12.27 08:48:46.471,0.84288,0.843,2.62,1.69
2016.12.27 08:48:46.774,0.84288,0.843,3.37,1.69
2016.12.27 08:48:47.080,0.84292,0.84303,1.50,2.44
2016.12.27 08:48:47.625,0.84291,0.84302,2.00,1.00
2016.12.27 08:48:48.655,0.84291,0.84301,2.00,1.00
2016.12.27 08:48:49.055,0.8429,0.84303,4.31,1.50
2016.12.27 08:48:49.560,0.84292,0.84303,3.00,1.00
2016.12.27 08:48:50.587,0.84292,0.84303,1.50,1.00
2016.12.27 08:48:50.688,0.84292,0.84303,1.75,1.00
2016.12.27 08:48:50.788,0.84292,0.84302,1.50,1.00
2016.12.27 08:48:53.126,0.8429,0.843,1.75,1.00
2016.12.27 08:48:53.418,0.8429,0.843,1.00,1.00
2016.12.27 08:48:55.151,0.84289,0.843,3.00,1.00
2016.12.27 08:48:55.203,0.8429,0.84302,1.12,1.69
2016.12.27 08:48:55.254,0.84289,0.843,3.00,1.00
2016.12.27 08:48:55.406,0.8429,0.84302,1.50,1.25
2016.12.27 08:48:55.457,0.84292,0.84301,1.00,1.00
2016.12.27 08:48:55.508,0.8429,0.84301,1.50,1.00
2016.12.27 08:48:56.021,0.84291,0.84301,1.00,1.00
2016.12.27 08:48:57.064,0.8429,0.84301,1.50,1.00
2016.12.27 08:48:57.576,0.84289,0.843,3.75,1.00
2016.12.27 08:48:58.111,0.84289,0.84301,1.50,1.50
2016.12.27 08:48:58.545,0.84289,0.84299,1.50,1.00
2016.12.27 08:48:59.649,0.8429,0.843,1.00,1.00
2016.12.27 08:49:00.164,0.84289,0.84301,2.62,1.00
2016.12.27 08:49:00.468,0.84291,0.84302,1.00,1.00
2016.12.27 08:49:00.975,0.8429,0.84301,1.69,1.00
2016.12.27 08:49:01.517,0.84289,0.84301,3.19,1.25
2016.12.27 08:49:02.399,0.84289,0.843,2.44,1.00
2016.12.27 08:49:02.907,0.8429,0.843,1.00,1.00
2016.12.27 08:49:05.233,0.84289,0.843,2.44,1.00
2016.12.27 08:49:05.758,0.84289,0.84301,2.44,1.25
2016.12.27 08:49:06.062,0.84289,0.84299,3.19,1.00
2016.12.27 08:49:08.515,0.8429,0.84301,1.00,1.25
2016.12.27 08:49:08.566,0.84291,0.84303,1.00,1.50
2016.12.27 08:49:08.618,0.8429,0.84301,1.69,1.00
2016.12.27 08:49:09.319,0.8429,0.843,1.25,1.00
2016.12.27 08:49:09.840,0.8429,0.84299,1.25,1.00
2016.12.27 08:49:10.824,0.8429,0.843,1.25,1.00
2016.12.27 08:49:11.630,0.8429,0.84301,1.25,1.00
2016.12.27 08:49:12.166,0.8429,0.843,1.69,1.00
2016.12.27 08:49:16.805,0.84291,0.84301,1.25,1.50
2016.12.27 08:49:16.857,0.84291,0.84303,1.69,1.50
2016.12.27 08:49:17.366,0.84291,0.84302,1.69,1.00
2016.12.27 08:49:17.692,0.84291,0.84299,1.25,1.00
2016.12.27 08:49:18.502,0.84291,0.84299,1.69,1.00
2016.12.27 08:49:18.613,0.84291,0.84301,1.69,1.00
2016.12.27 08:49:19.118,0.84291,0.84302,1.69,1.50
2016.12.27 08:49:19.664,0.84291,0.84301,1.69,1.00
2016.12.27 08:49:21.094,0.84291,0.843,2.44,1.00
2016.12.27 08:49:21.145,0.84291,0.84302,1.69,1.50
2016.12.27 08:49:21.247,0.84291,0.843,2.44,1.00
2016.12.27 08:49:22.926,0.84291,0.84302,2.44,1.00
2016.12.27 08:49:23.444,0.84292,0.84303,2.25,2.44
2016.12.27 08:49:23.967,0.84292,0.84302,1.12,1.00
2016.12.27 08:49:25.149,0.84291,0.84302,2.00,1.00
2016.12.27 08:49:25.654,0.84291,0.84303,3.19,1.69
2016.12.27 08:49:25.832,0.84291,0.84301,3.19,1.00
2016.12.27 08:49:26.035,0.84289,0.84299,1.00,1.00
2016.12.27 08:49:26.137,0.84289,0.84297,1.00,1.25
2016.12.27 08:49:26.862,0.84288,0.84297,1.00,1.25
2016.12.27 08:49:27.444,0.84289,0.84297,1.00,1.25
2016.12.27 08:49:28.013,0.84288,0.84297,1.00,1.25
2016.12.27 08:49:28.611,0.8429,0.84297,1.00,1.25
2016.12.27 08:49:29.007,0.84288,0.84297,1.00,1.25
2016.12.27 08:49:29.512,0.84289,0.84297,1.00,1.25
2016.12.27 08:49:30.034,0.84288,0.84297,1.00,1.25
2016.12.27 08:49:31.706,0.84287,0.84297,1.50,1.25
2016.12.27 08:49:36.080,0.84288,0.84297,1.00,1.25
2016.12.27 08:49:37.900,0.84287,0.84297,1.00,1.25
2016.12.27 08:49:38.822,0.84286,0.84297,1.50,1.69
2016.12.27 08:49:39.129,0.84288,0.84297,1.00,1.69
2016.12.27 08:49:40.350,0.84287,0.84297,1.00,1.25
2016.12.27 08:49:41.050,0.84288,0.84297,1.00,1.25
2016.12.27 08:49:41.621,0.84287,0.84297,1.00,1.25
2016.12.27 08:49:51.455,0.84288,0.84297,1.00,1.25
2016.12.27 08:49:52.787,0.84286,0.84297,1.00,1.69
2016.12.27 08:49:53.310,0.84287,0.84298,1.00,1.12
2016.12.27 08:49:53.925,0.84287,0.84299,2.62,1.69
2016.12.27 08:49:54.444,0.84288,0.843,1.00,1.69
2016.12.27 08:50:00.045,0.84289,0.84298,1.00,1.00
2016.12.27 08:50:00.600,0.84288,0.84298,1.00,1.00
2016.12.27 08:50:01.113,0.84288,0.84299,1.00,1.25
2016.12.27 08:50:01.530,0.84288,0.84297,1.00,1.69
2016.12.27 08:50:01.580,0.84286,0.84297,1.00,1.69
2016.12.27 08:50:01.734,0.84285,0.84296,1.50,1.62
2016.12.27 08:50:03.079,0.84285,0.84294,1.00,1.00
2016.12.27 08:50:03.581,0.84284,0.84295,1.00,1.87
2016.12.27 08:50:03.835,0.84285,0.84297,1.00,4.69
2016.12.27 08:50:04.092,0.84287,0.84296,1.00,1.31
2016.12.27 08:50:04.635,0.84287,0.84297,1.69,1.00
2016.12.27 08:50:04.949,0.84291,0.843,1.62,1.12
2016.12.27 08:50:05.790,0.84291,0.84299,1.62,1.00
2016.12.27 08:50:06.396,0.84291,0.84299,1.31,1.00
2016.12.27 08:50:07.595,0.84291,0.843,1.25,1.87
2016.12.27 08:50:08.046,0.84291,0.84302,1.25,1.87
2016.12.27 08:50:08.097,0.84292,0.84302,1.19,1.87
2016.12.27 08:50:08.249,0.84289,0.84301,1.50,1.50
2016.12.27 08:50:09.370,0.84288,0.843,2.44,1.00
2016.12.27 08:50:09.541,0.84289,0.84299,1.69,1.00
2016.12.27 08:50:09.860,0.84288,0.84297,1.00,1.00
2016.12.27 08:50:10.345,0.84286,0.84298,2.44,1.31
2016.12.27 08:50:11.721,0.84286,0.84296,1.00,1.00
2016.12.27 08:50:13.517,0.84287,0.84297,1.00,1.00
2016.12.27 08:50:14.421,0.84286,0.84296,1.50,1.00
2016.12.27 08:50:14.627,0.84286,0.84298,1.50,2.44
2016.12.27 08:50:14.914,0.84288,0.84298,1.00,1.69
2016.12.27 08:50:15.458,0.84287,0.84298,1.00,1.69
2016.12.27 08:50:21.501,0.84286,0.84297,1.00,1.19
2016.12.27 08:50:21.552,0.84284,0.84295,2.62,1.00
2016.12.27 08:50:21.705,0.84283,0.84294,1.50,1.19
2016.12.27 08:50:22.212,0.84282,0.84294,1.00,1.69
2016.12.27 08:50:25.447,0.84284,0.84294,1.00,1.69
2016.12.27 08:50:25.752,0.84286,0.84295,1.25,1.12
2016.12.27 08:50:26.060,0.84285,0.84293,1.19,1.00
2016.12.27 08:50:26.166,0.84282,0.84293,1.50,1.00
2016.12.27 08:50:27.065,0.84283,0.84293,1.00,1.00
2016.12.27 08:50:28.653,0.84283,0.84294,1.00,1.25
2016.12.27 08:50:28.754,0.84285,0.84296,1.19,3.00
2016.12.27 08:50:29.210,0.84285,0.84297,2.44,1.00
2016.12.27 08:50:31.933,0.84287,0.84297,1.00,1.00
2016.12.27 08:50:34.599,0.84287,0.84296,1.00,1.00
2016.12.27 08:50:35.114,0.84286,0.84296,1.25,1.00
2016.12.27 08:50:36.454,0.84286,0.84295,1.25,1.00
2016.12.27 08:50:36.505,0.84287,0.84298,1.00,2.62
2016.12.27 08:50:36.556,0.84289,0.84298,1.25,1.50
2016.12.27 08:50:36.762,0.84286,0.84297,1.00,1.00
2016.12.27 08:50:37.269,0.84286,0.84298,2.25,1.69
2016.12.27 08:50:37.471,0.84289,0.84298,1.00,1.69
2016.12.27 08:50:38.434,0.84287,0.84299,1.50,2.06
2016.12.27 08:50:39.436,0.84288,0.84299,1.00,2.06
2016.12.27 08:50:40.815,0.84287,0.84299,1.00,2.06
2016.12.27 08:50:41.821,0.84288,0.84299,1.00,2.06
2016.12.27 08:51:07.922,0.84289,0.84298,1.00,1.00
2016.12.27 08:51:08.858,0.84288,0.843,1.50,1.50
2016.12.27 08:51:17.152,0.84289,0.84298,1.00,1.00
2016.12.27 08:51:17.658,0.8429,0.84299,1.00,1.12
2016.12.27 08:51:18.966,0.84288,0.84299,1.87,1.12
2016.12.27 08:51:21.012,0.84287,0.843,2.44,1.50
2016.12.27 08:51:21.064,0.84291,0.84297,1.25,1.00
2016.12.27 08:51:21.167,0.84289,0.84298,1.00,1.00
2016.12.27 08:51:21.269,0.84291,0.84298,1.25,1.00
2016.12.27 08:51:31.477,0.84291,0.84299,1.25,1.00
2016.12.27 08:51:31.782,0.84294,0.843,1.25,1.12
2016.12.27 08:51:34.939,0.84294,0.84301,1.25,1.00
2016.12.27 08:51:37.086,0.84294,0.843,1.25,1.00
2016.12.27 08:51:37.231,0.84294,0.84302,1.25,1.00
2016.12.27 08:51:37.780,0.84294,0.84301,1.25,1.00
2016.12.27 08:51:51.286,0.84294,0.84302,1.25,1.00
2016.12.27 08:51:52.250,0.84294,0.84301,1.25,1.00
2016.12.27 08:51:53.509,0.84294,0.843,1.25,1.00
2016.12.27 08:51:53.560,0.84292,0.843,1.25,1.00
2016.12.27 08:51:53.611,0.8429,0.843,2.44,1.00
2016.12.27 08:51:55.947,0.8429,0.84301,3.19,1.00
2016.12.27 08:51:57.231,0.8429,0.843,3.56,1.00
2016.12.27 08:51:58.383,0.84291,0.84301,1.00,1.00
2016.12.27 08:51:59.833,0.84292,0.84301,1.00,1.00
2016.12.27 08:52:00.336,0.84291,0.84301,1.87,1.12
2016.12.27 08:52:12.507,0.84291,0.843,2.25,1.00
2016.12.27 08:52:13.096,0.84291,0.84301,1.50,1.00
2016.12.27 08:52:13.685,0.84291,0.843,2.25,1.00
2016.12.27 08:52:14.207,0.84291,0.84301,1.50,1.00
2016.12.27 08:52:15.901,0.84291,0.843,1.50,1.00
2016.12.27 08:52:16.513,0.84291,0.84299,1.00,1.25
2016.12.27 08:52:17.717,0.8429,0.84299,1.00,1.25
2016.12.27 08:52:18.957,0.84291,0.84299,1.00,1.25
2016.12.27 08:52:21.258,0.8429,0.84299,1.50,1.25
2016.12.27 08:52:23.233,0.84291,0.84299,1.00,1.25
2016.12.27 08:52:23.782,0.8429,0.84299,1.50,1.25
2016.12.27 08:52:24.350,0.84291,0.84299,1.00,1.25
2016.12.27 08:52:26.306,0.8429,0.84299,1.50,1.25
2016.12.27 08:52:26.857,0.84291,0.84299,1.00,1.25
2016.12.27 08:52:27.364,0.8429,0.84299,2.25,1.25
2016.12.27 08:52:28.013,0.84291,0.84299,1.00,1.25
2016.12.27 08:52:28.523,0.8429,0.84299,2.25,1.25
2016.12.27 08:52:31.808,0.84291,0.84299,1.00,1.25
2016.12.27 08:52:34.729,0.84292,0.84299,1.00,1.25
2016.12.27 08:52:35.032,0.8429,0.84299,2.25,1.25
2016.12.27 08:52:38.603,0.84291,0.84299,1.50,1.25
2016.12.27 08:52:39.112,0.84292,0.84299,1.00,1.25
2016.12.27 08:52:39.631,0.84291,0.84299,1.87,1.25
2016.12.27 08:52:43.544,0.84292,0.84302,1.00,1.69
2016.12.27 08:52:44.093,0.84293,0.84302,1.12,1.25
2016.12.27 08:52:44.144,0.84293,0.84304,1.12,2.44
2016.12.27 08:52:44.681,0.84294,0.84304,1.00,1.25
2016.12.27 08:52:45.309,0.84295,0.84304,1.00,1.69
2016.12.27 08:52:45.584,0.84293,0.84304,1.50,1.25
2016.12.27 08:52:45.634,0.84293,0.84302,1.50,1.25
2016.12.27 08:52:46.127,0.84294,0.84302,1.37,1.25
2016.12.27 08:52:53.073,0.84292,0.84302,2.62,1.25
2016.12.27 08:52:53.125,0.84292,0.843,1.87,1.25
2016.12.27 08:52:53.278,0.8429,0.84299,1.87,1.00
2016.12.27 08:52:53.329,0.8429,0.84301,1.50,1.06
2016.12.27 08:52:53.583,0.8429,0.84303,3.75,1.31
2016.12.27 08:52:53.685,0.84291,0.843,1.12,1.99
2016.12.27 08:52:53.786,0.84291,0.84302,1.50,1.00
2016.12.27 08:52:54.092,0.84292,0.843,1.12,1.24
2016.12.27 08:52:54.144,0.8429,0.84302,2.44,2.74
2016.12.27 08:52:54.246,0.8429,0.84302,3.19,2.06
2016.12.27 08:52:54.699,0.84292,0.84302,1.00,1.25
2016.12.27 08:52:56.842,0.8429,0.84302,5.06,1.69
2016.12.27 08:52:57.374,0.8429,0.84301,2.06,1.12
2016.12.27 08:52:58.449,0.8429,0.84302,2.06,2.06
2016.12.27 08:52:58.754,0.84295,0.84302,1.50,1.25
2016.12.27 08:52:59.290,0.84294,0.84302,1.12,1.25
2016.12.27 08:52:59.915,0.84292,0.84302,1.87,1.25
2016.12.27 08:53:01.174,0.84293,0.84302,1.00,1.25
2016.12.27 08:53:01.693,0.84294,0.84302,1.00,1.25
2016.12.27 08:53:01.744,0.84291,0.84302,1.50,1.25
2016.12.27 08:53:01.846,0.84294,0.84302,1.00,1.25
2016.12.27 08:53:01.897,0.84292,0.84302,1.00,1.25
2016.12.27 08:53:02.408,0.84293,0.84302,1.00,1.25
2016.12.27 08:53:04.243,0.84294,0.84302,1.00,1.25
2016.12.27 08:53:11.754,0.84294,0.84303,1.00,1.69
2016.12.27 08:53:12.257,0.84293,0.84303,1.50,1.25
2016.12.27 08:53:15.407,0.84294,0.84303,1.00,1.25
2016.12.27 08:53:15.912,0.84295,0.84303,1.00,1.25
2016.12.27 08:53:17.477,0.84293,0.84301,1.87,1.25
2016.12.27 08:53:17.983,0.84293,0.84301,1.12,1.25
2016.12.27 08:53:18.520,0.84294,0.84302,1.00,1.25
2016.12.27 08:53:19.055,0.84293,0.84302,1.00,1.25
2016.12.27 08:53:19.285,0.84293,0.84304,1.00,2.06
2016.12.27 08:53:19.726,0.84295,0.84304,1.00,1.25
2016.12.27 08:53:20.270,0.84295,0.84305,1.00,2.06
2016.12.27 08:53:20.815,0.84295,0.84304,1.00,1.25
2016.12.27 08:53:22.190,0.84295,0.84303,1.00,1.00
2016.12.27 08:53:22.241,0.84293,0.84303,1.87,1.12
2016.12.27 08:53:22.343,0.84292,0.843,1.87,1.12
2016.12.27 08:53:22.547,0.84289,0.843,1.00,1.00
2016.12.27 08:53:23.690,0.84289,0.84299,1.00,1.00
2016.12.27 08:53:30.704,0.84288,0.84299,2.44,1.00
2016.12.27 08:53:30.805,0.8429,0.843,1.00,1.12
2016.12.27 08:53:32.589,0.84288,0.843,3.94,1.12
2016.12.27 08:53:33.343,0.84289,0.84299,1.00,1.00
2016.12.27 08:53:34.809,0.8429,0.84299,1.00,1.00
2016.12.27 08:53:35.431,0.84288,0.84301,2.81,2.44
2016.12.27 08:53:38.771,0.84289,0.84298,1.00,1.00
2016.12.27 08:53:39.907,0.84288,0.84301,2.81,2.44
2016.12.27 08:53:40.427,0.84289,0.84301,1.00,3.19
2016.12.27 08:53:41.113,0.84289,0.843,2.62,1.12
2016.12.27 08:53:42.847,0.84289,0.84298,1.87,1.00
2016.12.27 08:53:43.096,0.84287,0.84297,1.00,1.25
2016.12.27 08:53:43.147,0.84285,0.84296,2.62,1.00
2016.12.27 08:53:44.182,0.84284,0.84296,3.19,1.00
2016.12.27 08:53:44.233,0.84288,0.84299,2.44,1.75
2016.12.27 08:53:44.437,0.84281,0.84293,2.81,3.19
2016.12.27 08:53:44.973,0.84281,0.84293,2.44,2.44
2016.12.27 08:53:45.139,0.84283,0.84292,1.00,1.00
2016.12.27 08:53:45.688,0.84284,0.84292,1.00,1.00
2016.12.27 08:53:47.123,0.84285,0.84292,1.87,1.00
2016.12.27 08:53:47.646,0.84285,0.84292,1.00,1.00
2016.12.27 08:53:48.388,0.84284,0.84292,1.00,1.00
2016.12.27 08:53:49.019,0.84282,0.84292,3.19,1.00
2016.12.27 08:53:49.540,0.84282,0.84293,2.44,1.00
2016.12.27 08:53:49.774,0.84282,0.84291,1.25,1.00
2016.12.27 08:53:50.092,0.84282,0.84293,2.44,1.00
2016.12.27 08:53:54.492,0.84281,0.84291,1.12,1.25
2016.12.27 08:53:55.011,0.8428,0.84291,1.00,1.25
2016.12.27 08:53:55.522,0.84279,0.8429,2.44,1.00
2016.12.27 08:53:58.674,0.84278,0.8429,1.00,1.00
2016.12.27 08:53:58.978,0.8428,0.84291,1.50,2.44
2016.12.27 08:53:59.525,0.84281,0.8429,1.00,1.00
2016.12.27 08:54:02.011,0.84279,0.84291,1.50,1.69
2016.12.27 08:54:06.016,0.84279,0.8429,1.50,1.00
2016.12.27 08:54:06.618,0.8428,0.8429,1.00,1.00
2016.12.27 08:54:07.613,0.84279,0.8429,1.00,1.00
2016.12.27 08:54:08.800,0.84279,0.84291,1.00,2.44
2016.12.27 08:54:09.406,0.8428,0.84291,1.00,1.69
2016.12.27 08:54:10.113,0.84278,0.8429,1.50,1.00
2016.12.27 08:54:17.605,0.8428,0.8429,1.00,1.00
2016.12.27 08:54:18.497,0.8428,0.84291,1.00,2.25
2016.12.27 08:54:18.801,0.84278,0.84287,1.25,1.50
2016.12.27 08:54:18.903,0.84276,0.84287,1.00,1.50
2016.12.27 08:54:19.551,0.84277,0.84287,1.69,1.00
2016.12.27 08:54:20.065,0.84277,0.84288,1.69,1.00
2016.12.27 08:54:20.682,0.84277,0.84288,2.81,1.50
2016.12.27 08:54:20.834,0.84278,0.8429,1.00,2.25
2016.12.27 08:54:21.375,0.84279,0.8429,1.50,1.87
2016.12.27 08:54:21.879,0.8428,0.8429,1.00,1.87
2016.12.27 08:54:22.264,0.84278,0.8429,1.87,1.50
2016.12.27 08:54:22.366,0.8428,0.8429,1.00,1.50
2016.12.27 08:54:22.417,0.84278,0.84289,1.12,1.00
2016.12.27 08:54:22.519,0.84276,0.84287,3.37,1.69
2016.12.27 08:54:23.029,0.84276,0.84287,1.50,1.69
2016.12.27 08:54:23.440,0.84279,0.84289,1.00,3.19
2016.12.27 08:54:23.954,0.84278,0.8429,1.87,1.50
2016.12.27 08:54:24.603,0.84278,0.84289,1.50,1.25
2016.12.27 08:54:24.906,0.84275,0.84286,2.44,1.00
2016.12.27 08:54:25.541,0.84277,0.84287,1.00,1.00
2016.12.27 08:54:26.290,0.84278,0.84289,1.50,1.25
2016.12.27 08:54:26.593,0.8428,0.8429,1.00,1.50
2016.12.27 08:54:28.402,0.84282,0.8429,1.00,1.00
2016.12.27 08:54:32.264,0.84281,0.8429,1.00,1.00
2016.12.27 08:54:34.001,0.84282,0.84294,1.00,2.44
2016.12.27 08:54:36.284,0.84282,0.84293,1.00,1.00
2016.12.27 08:54:36.910,0.84282,0.84294,1.00,2.44
2016.12.27 08:54:37.573,0.84282,0.84293,1.50,1.00
2016.12.27 08:54:40.258,0.84282,0.84294,1.00,2.44
2016.12.27 08:54:40.866,0.84282,0.84293,1.00,1.00
2016.12.27 08:54:41.649,0.84282,0.84294,1.00,2.81
2016.12.27 08:54:44.426,0.84282,0.84292,1.50,1.00
2016.12.27 08:54:44.529,0.84282,0.84294,1.00,2.81
2016.12.27 08:54:45.118,0.84282,0.84293,1.00,1.00
2016.12.27 08:54:47.127,0.84282,0.84292,1.50,1.00
2016.12.27 08:54:47.318,0.84282,0.84294,1.00,2.81
2016.12.27 08:54:47.846,0.84282,0.84293,1.00,1.00
2016.12.27 08:54:48.501,0.84282,0.84294,1.50,2.81
2016.12.27 08:54:48.726,0.84282,0.84292,1.50,1.00
2016.12.27 08:54:48.791,0.84282,0.84294,1.50,2.81
2016.12.27 08:54:49.804,0.84282,0.84293,1.00,1.25
2016.12.27 08:54:50.582,0.84281,0.84293,2.06,1.69
2016.12.27 08:54:51.293,0.84282,0.84293,1.00,1.69
2016.12.27 08:54:51.904,0.84281,0.84293,2.06,1.69
2016.12.27 08:54:52.367,0.84283,0.84293,1.00,1.69
2016.12.27 08:54:53.870,0.84282,0.84293,1.00,1.69
2016.12.27 08:54:54.640,0.84281,0.84293,2.06,1.69
2016.12.27 08:54:55.438,0.84282,0.84291,1.00,1.00
2016.12.27 08:54:55.969,0.84282,0.84293,1.00,1.69
2016.12.27 08:54:56.493,0.84281,0.84292,1.69,1.00
2016.12.27 08:55:00.295,0.84281,0.84293,1.69,1.25
2016.12.27 08:55:23.438,0.84278,0.8429,6.00,1.69
2016.12.27 08:55:23.948,0.84279,0.84289,1.00,1.00
2016.12.27 08:55:24.497,0.84277,0.84289,2.25,1.00
2016.12.27 08:55:30.533,0.84277,0.84287,1.50,1.00
2016.12.27 08:55:37.858,0.84276,0.84287,1.31,1.00
2016.12.27 08:55:38.462,0.84276,0.84288,2.06,1.50
2016.12.27 08:55:39.428,0.84278,0.84288,1.00,1.00
2016.12.27 08:55:39.479,0.84277,0.8429,1.00,1.69
2016.12.27 08:55:39.530,0.84281,0.8429,1.00,1.25
2016.12.27 08:55:39.683,0.84284,0.84294,1.00,1.25
2016.12.27 08:55:40.221,0.84285,0.84294,1.50,1.25
2016.12.27 08:55:53.255,0.84284,0.84294,1.50,1.25
2016.12.27 08:55:53.988,0.84285,0.84294,1.00,1.25
2016.12.27 08:55:55.472,0.84284,0.84294,1.50,1.25
2016.12.27 08:55:55.994,0.84285,0.84294,1.00,1.25
2016.12.27 08:55:56.362,0.84282,0.84293,1.00,1.00
2016.12.27 08:55:56.515,0.84279,0.84289,1.87,1.69
2016.12.27 08:55:56.566,0.84278,0.84289,1.12,1.69
2016.12.27 08:55:56.618,0.84277,0.84286,1.50,1.00
2016.12.27 08:55:59.185,0.84277,0.84288,2.25,1.12
2016.12.27 08:55:59.236,0.84282,0.84289,1.00,2.06
2016.12.27 08:56:03.909,0.8428,0.84289,1.50,1.25
2016.12.27 08:56:04.154,0.84277,0.84288,1.50,1.00
2016.12.27 08:56:07.515,0.84277,0.84287,1.50,1.00
2016.12.27 08:56:08.517,0.84277,0.84288,1.50,1.00
2016.12.27 08:56:09.047,0.84277,0.84287,1.50,1.00
2016.12.27 08:56:09.491,0.84279,0.84288,1.50,1.37
2016.12.27 08:56:09.644,0.84279,0.8429,1.50,2.62
2016.12.27 08:56:09.695,0.84279,0.8429,1.75,2.25
2016.12.27 08:56:13.533,0.84279,0.84289,1.75,1.00
2016.12.27 08:56:13.686,0.84279,0.84288,1.37,1.00
2016.12.27 08:56:14.351,0.84277,0.84288,2.25,1.37
2016.12.27 08:56:15.165,0.84277,0.84288,1.50,1.12
2016.12.27 08:56:16.297,0.84276,0.84288,3.19,1.12
2016.12.27 08:56:16.803,0.84278,0.84288,1.50,1.00
2016.12.27 08:56:20.361,0.84276,0.84286,1.75,1.00
2016.12.27 08:56:20.665,0.84277,0.84288,1.37,1.00
2016.12.27 08:56:21.330,0.84277,0.84289,1.37,3.94
2016.12.27 08:56:21.945,0.84278,0.84288,1.12,1.00
2016.12.27 08:56:22.736,0.84279,0.84288,1.00,1.00
2016.12.27 08:56:23.265,0.84279,0.84289,1.12,1.69
2016.12.27 08:56:29.241,0.84278,0.84288,1.37,1.00
2016.12.27 08:56:29.856,0.84278,0.84289,1.37,1.69
2016.12.27 08:56:30.202,0.84276,0.84287,1.75,1.00
2016.12.27 08:56:30.769,0.84276,0.84287,1.75,1.00
2016.12.27 08:56:31.604,0.84276,0.84287,1.75,1.00
2016.12.27 08:56:38.232,0.84276,0.84287,1.50,1.00
2016.12.27 08:56:39.411,0.84276,0.84287,1.75,1.69
2016.12.27 08:56:40.372,0.84276,0.84286,2.25,1.00
2016.12.27 08:56:41.545,0.84276,0.84286,1.75,1.00
2016.12.27 08:56:42.265,0.84276,0.84289,2.44,2.62
2016.12.27 08:56:42.316,0.84278,0.84289,1.75,1.12
2016.12.27 08:56:42.639,0.84275,0.84286,2.25,1.69
2016.12.27 08:56:42.690,0.84275,0.84284,2.25,1.25
2016.12.27 08:56:43.019,0.84276,0.84286,2.00,1.00
2016.12.27 08:56:43.311,0.84276,0.84288,2.44,3.19
2016.12.27 08:56:53.415,0.84276,0.84288,2.81,1.69
2016.12.27 08:56:53.517,0.84276,0.84286,2.06,1.00
2016.12.27 08:56:59.656,0.84276,0.84285,1.25,1.00
2016.12.27 08:57:02.656,0.84276,0.84286,1.25,1.00
2016.12.27 08:57:03.203,0.84276,0.84285,1.69,1.00
2016.12.27 08:57:04.145,0.84276,0.84286,2.06,1.00
2016.12.27 08:57:07.478,0.84276,0.84287,2.06,1.00
2016.12.27 08:57:08.077,0.84277,0.84288,1.12,1.69
2016.12.27 08:57:08.398,0.84279,0.84287,1.00,1.00
2016.12.27 08:57:08.703,0.84288,0.84293,1.00,1.25
2016.12.27 08:57:09.234,0.84287,0.84293,1.00,1.25
2016.12.27 08:57:09.387,0.84285,0.84294,1.00,1.25
2016.12.27 08:57:09.488,0.84287,0.84295,1.00,1.00
2016.12.27 08:57:09.990,0.84288,0.84295,1.00,1.00
2016.12.27 08:57:14.187,0.84288,0.84296,1.00,1.25
2016.12.27 08:57:14.909,0.84288,0.84295,1.00,1.00
2016.12.27 08:57:16.109,0.84287,0.84295,1.00,1.00
2016.12.27 08:57:16.648,0.84288,0.84295,1.00,1.00
2016.12.27 08:57:17.153,0.84288,0.84296,1.00,1.69
2016.12.27 08:57:17.924,0.84286,0.84292,1.00,1.00
2016.12.27 08:57:18.026,0.84284,0.84292,1.00,1.00
2016.12.27 08:57:18.077,0.84287,0.84294,1.00,1.00
2016.12.27 08:57:18.382,0.8429,0.84296,1.00,1.69
2016.12.27 08:57:19.831,0.8429,0.84295,1.00,1.25
2016.12.27 08:57:20.409,0.8429,0.84296,1.00,1.25
2016.12.27 08:57:22.809,0.84289,0.84296,1.00,1.25
2016.12.27 08:57:26.997,0.8429,0.84296,1.12,1.25
2016.12.27 08:57:28.299,0.8429,0.84295,1.00,1.25
2016.12.27 08:57:28.932,0.8429,0.84296,1.00,1.25
2016.12.27 08:57:30.898,0.84289,0.84296,1.12,1.25
2016.12.27 08:57:32.204,0.84289,0.84295,1.00,1.00
2016.12.27 08:57:32.754,0.84289,0.84296,1.00,1.25
2016.12.27 08:57:33.270,0.8429,0.84296,1.00,1.25
2016.12.27 08:57:33.812,0.84291,0.84296,1.00,1.69
2016.12.27 08:57:34.058,0.84289,0.84296,1.00,1.25
2016.12.27 08:57:34.647,0.8429,0.84296,1.00,1.69
2016.12.27 08:57:35.154,0.84291,0.84296,1.00,1.25
2016.12.27 08:57:35.871,0.8429,0.84296,1.00,1.25
2016.12.27 08:57:36.216,0.8429,0.84294,1.00,1.25
2016.12.27 08:57:36.721,0.8429,0.84297,1.00,1.25
2016.12.27 08:57:36.823,0.8429,0.84295,1.00,1.25
2016.12.27 08:57:37.126,0.84292,0.84296,1.00,1.25
2016.12.27 08:57:37.671,0.84291,0.84295,1.00,1.25
2016.12.27 08:57:38.260,0.84292,0.84296,1.00,1.25
2016.12.27 08:57:42.881,0.84289,0.84293,1.00,1.25
2016.12.27 08:57:43.135,0.84292,0.843,1.00,2.44
2016.12.27 08:57:43.641,0.84291,0.843,1.00,2.06
2016.12.27 08:57:44.158,0.84291,0.84299,1.00,1.00
2016.12.27 08:57:47.483,0.84291,0.84297,1.00,1.00
2016.12.27 08:57:48.074,0.84291,0.84299,1.00,1.00
2016.12.27 08:57:48.431,0.84291,0.84296,1.00,1.25
2016.12.27 08:57:48.482,0.84289,0.84296,1.00,1.25
2016.12.27 08:57:48.785,0.84291,0.84295,1.00,1.00
2016.12.27 08:57:48.988,0.84289,0.84295,1.00,1.00
2016.12.27 08:57:49.499,0.8429,0.84295,1.00,1.00
2016.12.27 08:57:50.019,0.8429,0.84296,1.00,1.25
2016.12.27 08:57:50.774,0.84288,0.84296,1.00,1.69
2016.12.27 08:57:51.548,0.84289,0.84296,1.00,1.69
2016.12.27 08:58:00.191,0.84288,0.84296,1.00,1.69
2016.12.27 08:58:00.721,0.84289,0.84296,1.00,1.69
2016.12.27 08:58:05.861,0.84288,0.84292,1.00,1.25
2016.12.27 08:58:05.913,0.84289,0.84298,1.12,2.81
2016.12.27 08:58:06.424,0.8429,0.84298,1.00,1.69
2016.12.27 08:58:06.537,0.8429,0.84296,1.00,1.25
2016.12.27 08:58:06.588,0.8429,0.84298,1.00,1.69
2016.12.27 08:58:07.145,0.8429,0.84297,1.00,1.25
2016.12.27 08:58:07.651,0.8429,0.84298,1.00,1.00
2016.12.27 08:58:09.302,0.8429,0.84297,1.00,1.00
2016.12.27 08:58:10.024,0.8429,0.84298,1.00,1.00
2016.12.27 08:58:10.554,0.84289,0.84298,1.00,1.00
2016.12.27 08:58:11.538,0.84289,0.84297,1.00,1.12
2016.12.27 08:58:12.318,0.84288,0.84297,1.12,1.00
2016.12.27 08:58:12.852,0.84288,0.84296,1.12,1.00
2016.12.27 08:58:13.607,0.84288,0.84298,1.12,1.00
2016.12.27 08:58:14.230,0.84288,0.84297,1.12,1.00
2016.12.27 08:58:14.961,0.84288,0.84295,1.12,1.00
2016.12.27 08:58:15.320,0.84288,0.84298,1.00,1.87
2016.12.27 08:58:15.421,0.8429,0.84298,1.00,1.12
2016.12.27 08:58:15.935,0.84289,0.84297,1.00,1.00
2016.12.27 08:58:19.901,0.84293,0.84297,1.00,1.00
2016.12.27 08:58:24.288,0.84292,0.84296,1.00,1.00
2016.12.27 08:58:26.062,0.8429,0.84294,1.00,1.00
2016.12.27 08:58:28.937,0.84288,0.84294,1.00,1.00
2016.12.27 08:58:30.135,0.84288,0.84295,1.00,1.25
2016.12.27 08:58:30.339,0.84289,0.84297,1.00,2.06
2016.12.27 08:58:30.745,0.84292,0.84296,1.00,1.00
2016.12.27 08:58:30.892,0.84288,0.84294,1.00,1.25
2016.12.27 08:58:31.433,0.84289,0.84294,1.00,1.25
2016.12.27 08:58:31.992,0.84288,0.84294,1.00,1.25
2016.12.27 08:58:35.491,0.84287,0.84293,1.00,1.00
2016.12.27 08:58:35.543,0.84284,0.8429,1.00,1.00
2016.12.27 08:58:36.839,0.84284,0.84291,1.00,1.69
2016.12.27 08:58:39.066,0.84283,0.84291,1.00,1.69
2016.12.27 08:58:42.848,0.84281,0.84291,1.12,3.56
2016.12.27 08:58:43.633,0.84281,0.84291,1.12,2.44
2016.12.27 08:58:44.203,0.84281,0.8429,1.12,1.00
2016.12.27 08:58:46.683,0.84281,0.84291,1.12,1.69
2016.12.27 08:58:48.449,0.84281,0.84288,1.12,1.00
2016.12.27 08:58:48.820,0.84278,0.84286,1.50,1.00
2016.12.27 08:58:49.491,0.84278,0.84287,1.50,1.00
2016.12.27 08:58:51.323,0.84278,0.84287,1.12,1.00
2016.12.27 08:58:52.370,0.84278,0.84288,1.12,1.00
2016.12.27 08:58:52.878,0.84279,0.84287,1.00,1.00
2016.12.27 08:58:53.387,0.84277,0.84287,2.25,1.00
2016.12.27 08:58:54.528,0.84277,0.84289,1.50,1.00
2016.12.27 08:58:55.232,0.84279,0.84289,1.75,1.00
2016.12.27 08:58:55.333,0.84278,0.84291,2.25,2.81
2016.12.27 08:58:55.922,0.84279,0.8429,1.50,1.00
2016.12.27 08:58:59.645,0.84278,0.84289,3.00,1.00
2016.12.27 08:59:00.167,0.84277,0.84288,1.69,1.12
2016.12.27 08:59:00.673,0.84278,0.84289,1.00,2.25
2016.12.27 08:59:02.254,0.84277,0.84288,1.69,1.12
2016.12.27 08:59:02.305,0.84277,0.84286,1.00,1.25
2016.12.27 08:59:03.535,0.84276,0.84286,1.50,1.25
2016.12.27 08:59:07.479,0.84277,0.84286,1.00,1.25
2016.12.27 08:59:08.065,0.84276,0.84286,1.50,1.25
2016.12.27 08:59:09.541,0.84278,0.84286,1.00,1.25
2016.12.27 08:59:10.420,0.84276,0.84286,1.00,1.25
2016.12.27 08:59:11.022,0.84277,0.84286,1.00,1.25
2016.12.27 08:59:11.559,0.84276,0.84286,1.00,1.25
2016.12.27 08:59:12.275,0.84275,0.84286,2.62,1.25
2016.12.27 08:59:12.512,0.84278,0.84286,1.00,1.25
2016.12.27 08:59:17.271,0.84277,0.84286,1.50,1.25
2016.12.27 08:59:19.532,0.84278,0.84286,1.00,1.25
2016.12.27 08:59:20.093,0.84277,0.84286,1.50,1.25
2016.12.27 08:59:22.223,0.84278,0.84286,1.00,1.25
2016.12.27 08:59:23.833,0.84279,0.84286,1.00,1.25
2016.12.27 08:59:27.825,0.84278,0.84286,1.00,1.25
2016.12.27 08:59:29.348,0.84277,0.84286,1.50,1.25
2016.12.27 08:59:29.891,0.84278,0.84286,1.00,1.25
2016.12.27 08:59:37.132,0.84277,0.84286,1.00,1.25
2016.12.27 08:59:39.168,0.84278,0.84286,1.00,1.25
2016.12.27 08:59:44.822,0.84277,0.84286,1.00,1.25
2016.12.27 08:59:46.509,0.84278,0.84286,1.00,1.25
2016.12.27 08:59:46.560,0.8428,0.84289,1.00,1.31
2016.12.27 08:59:46.762,0.84282,0.84289,1.00,1.25
2016.12.27 08:59:47.708,0.84281,0.84289,1.50,1.25
2016.12.27 08:59:52.497,0.84282,0.84289,1.00,1.25
2016.12.27 08:59:53.046,0.84281,0.84289,1.50,1.25
2016.12.27 08:59:53.859,0.84282,0.84289,1.00,1.25
2016.12.27 08:59:54.716,0.84281,0.84289,1.50,1.25
2016.12.27 08:59:55.858,0.84281,0.8429,1.00,1.25
2016.12.27 08:59:56.155,0.84282,0.84293,1.50,1.69
2016.12.27 08:59:56.589,0.84284,0.84294,1.00,2.06
