2007.12.24 07:00:00.014,0.9902,0.9909,4.00,8.00
2007.12.24 07:00:00.142,0.99015,0.9909,4.00,8.00
2007.12.24 07:00:00.340,0.99015,0.99075,4.00,0.60
2007.12.24 07:00:00.538,0.99015,0.9907,0.10,0.60
2007.12.24 07:00:00.737,0.99015,0.9909,0.10,11.60
2007.12.24 07:00:00.935,0.9902,0.9907,0.50,0.70
2007.12.24 07:00:01.133,0.9902,0.9907,0.50,0.80
2007.12.24 07:00:02.951,0.9902,0.9907,0.50,0.70
2007.12.24 07:00:03.090,0.9902,0.9907,0.50,0.70
2007.12.24 07:00:03.238,0.9901,0.99065,4.40,0.80
2007.12.24 07:00:03.386,0.9901,0.9907,4.40,4.50
2007.12.24 07:00:03.534,0.9901,0.9907,0.50,4.50
2007.12.24 07:00:03.685,0.9901,0.9907,0.50,4.50
2007.12.24 07:00:04.046,0.99,0.9906,0.10,0.60
2007.12.24 07:00:04.194,0.99,0.99055,4.40,0.90
2007.12.24 07:00:04.563,0.99,0.99055,0.50,0.70
2007.12.24 07:00:04.751,0.9901,0.9907,0.50,12.40
2007.12.24 07:00:04.939,0.9901,0.9907,0.50,8.40
2007.12.24 07:00:06.436,0.9901,0.9907,0.50,8.40
2007.12.24 07:00:06.549,0.9901,0.9906,0.50,0.80
2007.12.24 07:00:06.663,0.99015,0.9907,4.00,0.70
2007.12.24 07:00:06.960,0.99015,0.99075,4.00,8.40
2007.12.24 07:00:07.073,0.9902,0.9907,4.00,0.50
2007.12.24 07:00:07.188,0.9902,0.9907,4.40,0.50
2007.12.24 07:00:07.396,0.9902,0.9907,4.40,0.60
2007.12.24 07:00:08.924,0.9902,0.9907,4.80,4.00
2007.12.24 07:00:09.529,0.9902,0.9907,0.80,4.00
2007.12.24 07:00:09.654,0.9902,0.99065,0.80,4.00
2007.12.24 07:00:09.789,0.9902,0.99065,0.50,4.00
2007.12.24 07:00:10.582,0.9901,0.99065,0.50,4.00
2007.12.24 07:00:10.890,0.9901,0.99065,0.50,4.00
2007.12.24 07:00:12.561,0.9902,0.99065,0.50,4.00
2007.12.24 07:00:12.695,0.9902,0.9907,0.50,8.00
2007.12.24 07:00:12.828,0.9902,0.9907,0.50,8.00
2007.12.24 07:00:13.091,0.9902,0.9907,0.50,8.00
2007.12.24 07:00:13.943,0.9904,0.9907,0.10,8.00
2007.12.24 07:00:14.130,0.9904,0.99065,0.10,4.00
2007.12.24 07:00:14.293,0.9904,0.9906,0.10,2.40
2007.12.24 07:00:14.456,0.9904,0.9906,0.10,2.40
2007.12.24 07:00:14.599,0.9904,0.9906,0.10,6.40
2007.12.24 07:00:14.742,0.9904,0.9906,0.10,6.40
2007.12.24 07:00:15.568,0.9904,0.9906,0.10,6.80
2007.12.24 07:00:18.046,0.9904,0.9906,0.10,6.80
2007.12.24 07:00:18.225,0.9904,0.9906,0.10,6.80
2007.12.24 07:00:20.036,0.9904,0.9906,0.10,6.80
2007.12.24 07:00:20.100,0.99035,0.9906,0.20,6.80
2007.12.24 07:00:20.237,0.99035,0.9906,0.20,6.80
2007.12.24 07:00:23.089,0.99035,0.9906,0.20,6.80
2007.12.24 07:00:24.499,0.99035,0.9906,0.20,6.80
2007.12.24 07:00:25.967,0.9904,0.9906,0.10,6.80
2007.12.24 07:00:26.092,0.9905,0.9906,0.10,6.80
2007.12.24 07:00:26.215,0.99045,0.9906,0.20,4.00
2007.12.24 07:00:26.337,0.9905,0.9906,0.10,4.00
2007.12.24 07:00:26.461,0.9905,0.9906,0.10,4.00
2007.12.24 07:00:26.585,0.99045,0.9906,0.20,4.00
2007.12.24 07:00:26.709,0.9905,0.9907,0.10,4.40
2007.12.24 07:00:27.499,0.99045,0.9907,0.20,4.40
2007.12.24 07:00:27.793,0.9905,0.9906,0.10,0.50
2007.12.24 07:00:28.474,0.99035,0.9906,0.20,0.50
2007.12.24 07:00:28.604,0.9904,0.9906,0.10,0.50
2007.12.24 07:00:28.732,0.9904,0.9906,0.10,6.80
2007.12.24 07:00:28.872,0.99035,0.9906,0.20,6.80
2007.12.24 07:00:30.557,0.99045,0.9906,0.20,6.80
2007.12.24 07:00:30.670,0.9905,0.9906,0.10,4.40
2007.12.24 07:00:30.870,0.9905,0.9906,0.10,4.40
2007.12.24 07:00:30.969,0.9904,0.9906,0.20,4.40
2007.12.24 07:00:31.081,0.99045,0.9906,0.10,0.50
2007.12.24 07:00:32.038,0.9904,0.9906,0.20,0.50
2007.12.24 07:00:32.349,0.9904,0.9906,0.20,0.50
2007.12.24 07:00:34.479,0.9904,0.9906,0.10,0.50
2007.12.24 07:00:34.601,0.99035,0.9906,0.20,4.40
2007.12.24 07:00:34.686,0.9904,0.9906,0.10,6.80
2007.12.24 07:00:34.792,0.99035,0.9906,0.20,6.80
2007.12.24 07:00:35.269,0.99035,0.9906,0.20,4.40
2007.12.24 07:00:35.714,0.9904,0.9906,0.10,0.50
2007.12.24 07:00:35.928,0.9904,0.9907,0.20,11.40
2007.12.24 07:00:36.141,0.9904,0.9907,0.20,10.80
2007.12.24 07:00:36.354,0.9905,0.9907,0.10,8.40
2007.12.24 07:00:36.539,0.9905,0.9907,0.10,4.40
2007.12.24 07:00:36.730,0.9905,0.9907,0.10,4.40
2007.12.24 07:00:36.878,0.99045,0.9907,0.20,4.40
2007.12.24 07:00:40.968,0.99045,0.9907,0.20,4.40
2007.12.24 07:00:41.081,0.9903,0.9907,0.70,4.80
2007.12.24 07:00:41.195,0.9903,0.9906,0.70,2.80
2007.12.24 07:00:41.308,0.9903,0.9905,0.70,0.50
2007.12.24 07:00:41.497,0.99045,0.9905,0.10,0.50
2007.12.24 07:00:41.685,0.9904,0.9906,0.20,8.00
2007.12.24 07:00:41.873,0.9904,0.9907,0.20,11.40
2007.12.24 07:00:42.062,0.99045,0.9907,0.20,11.40
2007.12.24 07:00:42.250,0.99045,0.9907,0.20,10.80
2007.12.24 07:00:42.438,0.9905,0.9907,0.10,6.80
2007.12.24 07:00:42.710,0.9905,0.9907,0.10,6.80
2007.12.24 07:00:43.510,0.9904,0.9907,0.20,6.80
2007.12.24 07:00:43.617,0.9904,0.9907,0.20,10.80
2007.12.24 07:00:43.726,0.99045,0.9907,0.10,11.40
2007.12.24 07:00:43.838,0.99045,0.9907,0.10,11.40
2007.12.24 07:00:46.005,0.9903,0.9907,0.60,11.40
2007.12.24 07:00:46.130,0.9903,0.9907,0.60,7.40
2007.12.24 07:00:46.219,0.9903,0.9907,0.60,4.40
2007.12.24 07:00:46.418,0.99025,0.9907,0.70,0.50
2007.12.24 07:00:46.516,0.99025,0.9907,0.70,0.50
2007.12.24 07:00:46.745,0.9903,0.9907,1.80,0.50
2007.12.24 07:00:46.973,0.9903,0.9907,5.80,0.50
2007.12.24 07:00:47.322,0.9904,0.9907,0.60,0.50
2007.12.24 07:00:47.632,0.9904,0.9907,0.60,0.50
2007.12.24 07:00:47.761,0.9904,0.9907,0.60,0.50
2007.12.24 07:00:48.170,0.9904,0.9907,0.60,0.50
2007.12.24 07:00:53.624,0.9904,0.9907,0.60,0.50
2007.12.24 07:00:53.772,0.9904,0.9907,0.60,0.50
2007.12.24 07:00:54.030,0.9904,0.9907,0.60,0.50
2007.12.24 07:00:54.169,0.9905,0.9907,0.60,0.50
2007.12.24 07:00:54.350,0.9905,0.9907,0.60,0.50
2007.12.24 07:00:54.745,0.9905,0.9907,0.60,0.50
2007.12.24 07:01:01.124,0.9905,0.9908,0.60,4.90
2007.12.24 07:01:04.727,0.9905,0.9909,0.60,4.90
2007.12.24 07:01:04.835,0.9905,0.9909,4.60,4.90
2007.12.24 07:01:05.145,0.9905,0.9909,5.00,0.80
2007.12.24 07:01:05.324,0.9905,0.991,0.10,5.40
2007.12.24 07:01:05.500,0.9905,0.991,1.00,5.40
2007.12.24 07:01:08.507,0.9905,0.9909,0.10,0.60
2007.12.24 07:01:08.672,0.9905,0.9909,4.60,0.90
2007.12.24 07:01:08.836,0.9905,0.9909,4.60,0.80
2007.12.24 07:01:09.001,0.9905,0.9909,0.60,9.00
2007.12.24 07:01:09.164,0.9905,0.9909,0.60,9.00
2007.12.24 07:01:09.327,0.9905,0.9909,0.60,11.00
2007.12.24 07:01:10.134,0.9905,0.9908,0.60,5.70
2007.12.24 07:01:12.046,0.99055,0.9907,0.10,0.50
2007.12.24 07:01:12.202,0.99055,0.9907,0.10,0.50
2007.12.24 07:01:12.370,0.99055,0.9908,0.10,4.90
2007.12.24 07:01:12.579,0.99055,0.9907,0.10,0.50
2007.12.24 07:01:12.709,0.99055,0.9908,0.10,8.90
2007.12.24 07:01:12.853,0.99055,0.9907,0.10,0.50
2007.12.24 07:01:12.996,0.99055,0.9908,0.10,11.30
2007.12.24 07:01:13.232,0.99055,0.9908,0.10,15.30
2007.12.24 07:01:13.387,0.99055,0.9908,0.10,15.30
2007.12.24 07:01:13.603,0.99055,0.9908,0.10,15.30
2007.12.24 07:01:13.792,0.99055,0.9908,0.10,8.90
2007.12.24 07:01:13.979,0.99055,0.9907,0.10,0.50
2007.12.24 07:01:14.169,0.9909,0.99095,0.10,4.20
2007.12.24 07:01:14.358,0.99085,0.9909,0.10,0.80
2007.12.24 07:01:14.547,0.99085,0.9909,0.10,0.70
2007.12.24 07:01:19.396,0.99085,0.9909,0.10,0.70
2007.12.24 07:01:20.235,0.99095,0.991,0.10,4.90
2007.12.24 07:01:20.397,0.99095,0.991,0.10,4.90
2007.12.24 07:01:23.175,0.99095,0.991,0.10,0.50
2007.12.24 07:01:24.693,0.9909,0.991,0.10,4.70
2007.12.24 07:01:25.095,0.9909,0.991,0.10,4.50
2007.12.24 07:01:27.597,0.9906,0.99095,0.60,4.80
2007.12.24 07:01:27.701,0.9906,0.9908,0.60,0.80
2007.12.24 07:01:27.803,0.9906,0.9908,0.10,0.80
2007.12.24 07:01:27.907,0.9906,0.99085,0.10,4.80
2007.12.24 07:01:28.116,0.9908,0.99085,0.10,7.90
2007.12.24 07:01:28.324,0.99075,0.9908,0.10,0.90
2007.12.24 07:01:28.532,0.99065,0.9908,0.10,0.70
2007.12.24 07:01:28.741,0.99065,0.9908,0.10,0.70
2007.12.24 07:01:28.949,0.99065,0.9908,0.10,0.50
2007.12.24 07:01:31.186,0.99065,0.9908,0.10,4.40
2007.12.24 07:01:31.315,0.99065,0.9907,0.10,0.50
2007.12.24 07:01:31.443,0.99065,0.9907,0.10,4.40
2007.12.24 07:01:36.215,0.99065,0.9907,0.10,4.40
2007.12.24 07:01:36.369,0.99065,0.9907,0.10,4.00
2007.12.24 07:01:36.523,0.99065,0.9907,0.10,4.00
2007.12.24 07:01:36.706,0.99065,0.9908,0.10,4.40
2007.12.24 07:01:36.916,0.99065,0.9908,0.10,0.50
2007.12.24 07:01:37.149,0.99065,0.9908,0.10,0.50
2007.12.24 07:01:37.407,0.99065,0.991,0.10,0.60
2007.12.24 07:01:47.100,0.99095,0.991,0.10,0.60
2007.12.24 07:01:47.248,0.99095,0.991,0.10,0.60
2007.12.24 07:01:47.402,0.99095,0.9911,0.10,1.00
2007.12.24 07:01:47.671,0.99095,0.9911,0.10,1.00
2007.12.24 07:01:47.850,0.99095,0.9911,0.10,1.00
2007.12.24 07:01:48.106,0.99095,0.9911,0.10,1.00
2007.12.24 07:01:49.246,0.99095,0.9911,0.10,1.00
2007.12.24 07:01:51.132,0.991,0.9911,0.10,1.00
2007.12.24 07:01:51.308,0.991,0.9912,0.10,13.00
2007.12.24 07:01:51.441,0.991,0.9912,0.10,9.00
2007.12.24 07:01:51.663,0.991,0.9912,0.10,9.00
2007.12.24 07:01:51.976,0.991,0.9912,0.10,9.00
2007.12.24 07:01:54.668,0.99105,0.9912,0.10,9.00
2007.12.24 07:01:54.781,0.99105,0.9912,0.10,5.00
2007.12.24 07:01:55.004,0.99105,0.9912,0.10,4.40
2007.12.24 07:01:55.227,0.99105,0.9912,0.10,4.40
2007.12.24 07:01:57.645,0.99105,0.9912,0.10,4.00
2007.12.24 07:01:57.759,0.9911,0.9912,0.10,4.00
2007.12.24 07:01:57.873,0.9911,0.9912,0.10,4.00
2007.12.24 07:01:58.070,0.9911,0.9913,0.10,9.80
2007.12.24 07:01:58.316,0.9911,0.9913,0.10,9.80
2007.12.24 07:02:07.085,0.9911,0.9913,0.10,9.80
2007.12.24 07:02:07.228,0.9911,0.9913,0.10,9.80
2007.12.24 07:02:18.946,0.9911,0.9913,0.10,9.00
2007.12.24 07:02:19.566,0.9911,0.9913,0.10,9.80
2007.12.24 07:02:19.862,0.9911,0.9913,0.10,9.00
2007.12.24 07:02:20.182,0.9911,0.9913,0.10,9.80
2007.12.24 07:02:20.380,0.9911,0.9913,0.10,5.80
2007.12.24 07:02:21.315,0.9911,0.9913,0.10,5.00
2007.12.24 07:02:26.934,0.99115,0.9913,0.10,5.00
2007.12.24 07:02:27.318,0.99115,0.9913,0.10,5.00
2007.12.24 07:02:29.628,0.99115,0.9913,0.10,5.00
2007.12.24 07:02:29.828,0.99115,0.9913,0.10,4.40
2007.12.24 07:02:30.017,0.9912,0.9913,0.10,4.40
2007.12.24 07:02:30.205,0.9912,0.9913,0.10,4.40
2007.12.24 07:02:30.394,0.9912,0.9913,0.10,4.00
2007.12.24 07:02:37.178,0.9912,0.9913,0.10,4.40
2007.12.24 07:02:37.331,0.99115,0.9913,0.10,4.40
2007.12.24 07:02:37.497,0.99115,0.9913,0.10,4.40
2007.12.24 07:02:37.637,0.99115,0.9913,0.10,4.40
2007.12.24 07:02:37.789,0.99115,0.9913,0.10,8.40
2007.12.24 07:02:57.837,0.9911,0.9913,0.10,8.40
2007.12.24 07:02:58.221,0.9911,0.9913,0.10,8.40
2007.12.24 07:03:00.857,0.99115,0.9913,0.10,8.40
2007.12.24 07:03:01.404,0.99115,0.9913,0.10,8.40
2007.12.24 07:03:29.688,0.99115,0.9914,0.10,4.00
2007.12.24 07:03:29.871,0.99115,0.9913,0.10,9.20
2007.12.24 07:03:30.053,0.99115,0.9912,0.10,4.00
2007.12.24 07:03:30.237,0.9911,0.9912,0.10,4.00
2007.12.24 07:03:30.420,0.9911,0.9912,0.10,4.40
2007.12.24 07:03:30.603,0.99105,0.9911,0.10,4.00
2007.12.24 07:03:31.214,0.99105,0.9911,0.10,4.40
2007.12.24 07:03:31.412,0.99105,0.9911,0.10,4.40
2007.12.24 07:03:33.333,0.99115,0.9912,0.10,0.50
2007.12.24 07:03:33.509,0.99115,0.9912,0.10,4.40
2007.12.24 07:03:33.681,0.99115,0.9912,0.10,4.40
2007.12.24 07:03:33.853,0.99115,0.9913,0.10,8.40
2007.12.24 07:03:34.002,0.99115,0.9913,0.10,4.40
2007.12.24 07:03:34.258,0.9911,0.9913,0.10,4.40
2007.12.24 07:03:34.406,0.9911,0.9913,0.10,4.40
2007.12.24 07:03:34.554,0.9911,0.9913,0.10,9.00
2007.12.24 07:03:34.703,0.99115,0.9913,0.10,9.00
2007.12.24 07:03:34.866,0.99115,0.9913,0.10,9.00
2007.12.24 07:03:35.074,0.99115,0.9913,0.10,8.40
2007.12.24 07:03:37.231,0.99115,0.9913,0.10,8.40
2007.12.24 07:03:37.360,0.99115,0.9912,0.10,4.00
2007.12.24 07:03:37.649,0.99115,0.9912,0.10,4.40
2007.12.24 07:03:38.667,0.99105,0.9911,0.10,0.50
2007.12.24 07:03:39.104,0.99105,0.9911,0.10,0.50
2007.12.24 07:03:39.222,0.9911,0.9912,0.10,4.00
2007.12.24 07:03:39.335,0.9911,0.9913,0.10,8.40
2007.12.24 07:03:39.460,0.9911,0.9913,0.10,8.40
2007.12.24 07:03:39.938,0.9911,0.9913,0.10,8.40
2007.12.24 07:03:40.133,0.9912,0.9913,0.10,8.40
2007.12.24 07:03:40.327,0.99125,0.9913,0.10,4.40
2007.12.24 07:03:40.520,0.99125,0.9913,0.10,4.40
2007.12.24 07:03:40.726,0.99125,0.9913,0.10,4.40
2007.12.24 07:03:41.707,0.99125,0.9913,0.10,4.40
2007.12.24 07:03:41.877,0.99115,0.9912,0.10,4.00
2007.12.24 07:03:42.218,0.99115,0.9912,0.10,4.40
2007.12.24 07:03:42.683,0.99125,0.9913,0.10,0.50
2007.12.24 07:03:42.806,0.99125,0.9913,0.10,0.50
2007.12.24 07:03:42.931,0.99125,0.9913,0.10,4.40
2007.12.24 07:03:43.378,0.9912,0.9913,0.10,4.40
2007.12.24 07:03:43.639,0.9912,0.9913,0.10,4.40
2007.12.24 07:03:43.949,0.9912,0.9913,0.10,4.40
2007.12.24 07:03:44.562,0.9912,0.9913,0.10,4.40
2007.12.24 07:03:44.821,0.99115,0.9912,0.10,4.00
2007.12.24 07:03:45.273,0.99115,0.9912,0.10,4.00
2007.12.24 07:03:45.421,0.99115,0.9912,0.10,4.00
2007.12.24 07:03:45.682,0.99115,0.9912,0.10,4.00
2007.12.24 07:03:45.829,0.99115,0.9912,0.10,4.00
2007.12.24 07:03:45.977,0.9912,0.9913,0.10,4.40
2007.12.24 07:03:51.243,0.9912,0.9913,0.10,5.20
2007.12.24 07:03:51.357,0.99115,0.9912,0.10,4.00
2007.12.24 07:03:51.480,0.99115,0.9912,0.10,0.80
2007.12.24 07:03:51.672,0.99115,0.9912,0.10,0.70
2007.12.24 07:03:52.722,0.99105,0.9911,0.10,0.50
2007.12.24 07:03:53.182,0.99105,0.9911,0.10,0.50
2007.12.24 07:03:53.370,0.9912,0.9913,0.10,0.50
2007.12.24 07:03:53.708,0.9912,0.9914,0.10,11.00
2007.12.24 07:03:53.808,0.9912,0.9914,0.10,11.00
2007.12.24 07:03:53.923,0.99115,0.9912,0.10,0.70
2007.12.24 07:03:54.263,0.99115,0.9912,0.10,0.50
2007.12.24 07:03:54.623,0.99115,0.9912,0.10,0.70
2007.12.24 07:03:54.821,0.99115,0.9912,0.10,0.60
2007.12.24 07:03:55.020,0.99115,0.9912,0.10,0.50
2007.12.24 07:03:58.121,0.99115,0.9912,0.10,0.50
2007.12.24 07:03:58.292,0.99115,0.9912,0.10,0.50
2007.12.24 07:03:58.421,0.9912,0.99145,0.10,9.00
2007.12.24 07:04:00.172,0.9912,0.99145,0.10,9.00
2007.12.24 07:04:05.361,0.99125,0.99145,0.10,9.00
2007.12.24 07:04:05.571,0.99125,0.99145,0.10,8.40
2007.12.24 07:04:05.690,0.99125,0.9915,0.10,16.60
2007.12.24 07:04:05.938,0.99125,0.9914,0.10,0.50
2007.12.24 07:04:06.186,0.99125,0.9915,0.10,15.90
2007.12.24 07:04:12.168,0.99125,0.9915,0.10,16.70
2007.12.24 07:04:12.334,0.99125,0.9915,0.10,16.70
2007.12.24 07:04:14.516,0.99125,0.9914,0.10,0.50
2007.12.24 07:04:15.940,0.9912,0.9915,0.20,16.70
2007.12.24 07:04:21.106,0.9912,0.9914,0.20,0.50
2007.12.24 07:04:21.239,0.9912,0.9914,0.20,0.50
2007.12.24 07:04:25.089,0.9912,0.9914,0.20,0.50
2007.12.24 07:04:25.227,0.9912,0.9914,0.20,0.50
2007.12.24 07:04:25.563,0.9912,0.9914,0.20,0.50
2007.12.24 07:04:25.717,0.99115,0.9914,0.20,0.50
2007.12.24 07:04:25.840,0.99115,0.9914,0.20,4.40
2007.12.24 07:04:25.975,0.9912,0.9914,0.10,4.40
2007.12.24 07:04:26.097,0.99115,0.9914,0.20,4.40
2007.12.24 07:04:33.726,0.99115,0.9914,0.20,4.40
2007.12.24 07:04:33.889,0.99125,0.9914,0.10,4.40
2007.12.24 07:04:34.052,0.99125,0.9914,0.10,4.40
2007.12.24 07:04:34.215,0.9912,0.9914,0.20,4.40
2007.12.24 07:04:34.379,0.9912,0.9914,0.20,0.50
2007.12.24 07:04:38.102,0.9912,0.9914,0.20,0.50
2007.12.24 07:04:38.211,0.99115,0.9914,0.20,4.40
2007.12.24 07:04:38.407,0.9912,0.9914,0.10,4.40
2007.12.24 07:04:38.516,0.9912,0.9914,0.10,4.40
2007.12.24 07:04:41.834,0.99125,0.9914,0.10,4.40
2007.12.24 07:04:41.962,0.9912,0.9914,0.20,4.40
2007.12.24 07:04:42.092,0.9912,0.9914,0.20,4.40
2007.12.24 07:04:42.263,0.99125,0.9914,0.10,0.50
2007.12.24 07:04:51.000,0.99125,0.9914,0.10,0.50
2007.12.24 07:04:51.098,0.99125,0.9914,0.10,0.50
2007.12.24 07:04:51.251,0.99125,0.9914,0.10,4.40
2007.12.24 07:04:51.405,0.9912,0.9914,0.10,4.40
2007.12.24 07:04:51.558,0.9912,0.9914,0.10,4.40
2007.12.24 07:04:56.212,0.9912,0.9914,0.10,4.40
2007.12.24 07:04:56.376,0.99125,0.9914,0.10,4.40
2007.12.24 07:04:56.539,0.99125,0.9914,0.10,4.40
2007.12.24 07:04:56.953,0.99125,0.9914,0.10,0.50
2007.12.24 07:04:57.115,0.99125,0.9914,0.10,0.50
2007.12.24 07:05:01.616,0.99125,0.9915,0.10,11.90
2007.12.24 07:05:25.829,0.99125,0.9914,0.10,0.50
2007.12.24 07:05:26.858,0.9911,0.9914,0.60,0.50
2007.12.24 07:05:33.677,0.99095,0.99155,4.00,4.00
2007.12.24 07:05:33.806,0.9912,0.9914,0.10,0.50
2007.12.24 07:05:33.935,0.9912,0.9914,0.10,4.40
2007.12.24 07:05:34.063,0.9912,0.9914,0.10,4.40
2007.12.24 07:05:36.208,0.99125,0.9914,0.10,4.40
2007.12.24 07:05:36.352,0.99125,0.9914,0.10,4.40
2007.12.24 07:05:36.490,0.99125,0.9914,0.10,4.40
2007.12.24 07:05:36.882,0.99125,0.9914,0.10,0.50
2007.12.24 07:05:38.725,0.99125,0.9915,0.10,9.00
2007.12.24 07:05:38.829,0.9913,0.9915,0.10,9.00
2007.12.24 07:05:38.931,0.9913,0.9915,0.10,9.00
2007.12.24 07:05:39.034,0.9913,0.9915,0.10,5.00
2007.12.24 07:05:39.137,0.9913,0.9915,0.10,5.00
2007.12.24 07:05:44.710,0.9913,0.9916,0.10,16.50
2007.12.24 07:05:51.252,0.9913,0.9916,0.10,16.20
2007.12.24 07:05:51.350,0.9913,0.9916,0.10,16.20
2007.12.24 07:05:51.467,0.9913,0.9916,0.10,16.20
2007.12.24 07:05:51.659,0.9913,0.9916,0.10,14.80
2007.12.24 07:05:51.854,0.9913,0.99165,4.10,8.40
2007.12.24 07:05:52.060,0.99155,0.9916,0.10,0.90
2007.12.24 07:05:52.253,0.99155,0.9916,0.10,0.90
2007.12.24 07:05:52.459,0.99155,0.9916,0.10,0.90
2007.12.24 07:05:52.698,0.99155,0.9916,0.10,0.70
2007.12.24 07:05:52.953,0.99155,0.9916,0.10,0.70
2007.12.24 07:05:53.185,0.9916,0.9918,0.10,14.30
2007.12.24 07:05:53.764,0.9916,0.9918,0.10,12.70
2007.12.24 07:05:59.223,0.9916,0.9917,0.10,0.50
2007.12.24 07:06:01.865,0.9916,0.9918,0.10,12.70
2007.12.24 07:06:11.591,0.9916,0.9918,0.10,11.90
2007.12.24 07:06:11.725,0.99165,0.9917,0.10,0.50
2007.12.24 07:06:11.859,0.99165,0.9917,0.10,0.50
2007.12.24 07:06:11.991,0.99165,0.9917,0.10,0.50
2007.12.24 07:06:12.179,0.99165,0.9917,0.10,0.50
2007.12.24 07:06:14.088,0.99165,0.9917,0.10,0.50
2007.12.24 07:06:14.683,0.99165,0.9917,0.10,0.50
2007.12.24 07:06:14.796,0.9916,0.9917,0.10,0.50
2007.12.24 07:06:14.922,0.99155,0.9917,0.10,0.50
2007.12.24 07:06:15.777,0.99155,0.9918,0.10,12.70
2007.12.24 07:06:16.161,0.99165,0.9917,0.10,0.50
2007.12.24 07:06:16.298,0.99165,0.9918,0.10,0.50
2007.12.24 07:06:16.421,0.99165,0.9919,0.10,17.00
2007.12.24 07:06:16.542,0.99165,0.9918,0.10,0.50
2007.12.24 07:06:16.665,0.99165,0.9918,0.10,0.50
2007.12.24 07:06:16.789,0.9917,0.9919,0.10,13.40
2007.12.24 07:06:16.913,0.9917,0.9919,0.10,9.40
2007.12.24 07:06:17.036,0.9917,0.9919,0.10,9.50
2007.12.24 07:06:17.159,0.9917,0.9918,0.10,0.50
2007.12.24 07:06:17.411,0.9917,0.9919,0.10,9.50
2007.12.24 07:06:17.664,0.99155,0.9918,0.10,0.50
2007.12.24 07:06:17.918,0.99155,0.9918,0.10,0.80
2007.12.24 07:06:18.171,0.99155,0.99185,0.10,9.20
2007.12.24 07:06:18.376,0.99155,0.9918,0.10,0.70
2007.12.24 07:06:18.908,0.99155,0.99185,0.10,9.20
2007.12.24 07:06:19.897,0.99165,0.99185,0.10,9.20
2007.12.24 07:06:20.198,0.99165,0.99185,0.10,8.40
2007.12.24 07:06:20.392,0.99165,0.9919,0.10,17.40
2007.12.24 07:06:20.821,0.99165,0.9919,0.10,17.40
2007.12.24 07:06:21.036,0.99165,0.9919,0.10,16.60
2007.12.24 07:06:21.208,0.99165,0.9919,0.10,16.60
2007.12.24 07:06:28.195,0.99165,0.9918,0.10,0.50
2007.12.24 07:06:28.379,0.99175,0.9919,0.10,0.80
2007.12.24 07:06:28.562,0.99175,0.992,0.10,9.80
2007.12.24 07:06:28.716,0.99175,0.9921,0.10,32.90
2007.12.24 07:06:31.623,0.99175,0.9921,0.10,29.70
2007.12.24 07:06:31.726,0.99165,0.992,0.10,14.20
2007.12.24 07:06:31.926,0.99165,0.9919,0.10,0.60
2007.12.24 07:06:32.119,0.99165,0.992,0.10,19.40
2007.12.24 07:06:32.325,0.99165,0.9918,0.10,0.70
2007.12.24 07:06:33.182,0.99165,0.9918,0.10,0.50
2007.12.24 07:06:50.829,0.99165,0.9918,0.10,4.40
2007.12.24 07:06:51.346,0.99165,0.9918,0.10,4.40
2007.12.24 07:06:58.588,0.99165,0.9918,0.10,4.40
2007.12.24 07:06:59.409,0.99165,0.9918,0.10,4.40
2007.12.24 07:07:05.691,0.9917,0.9919,0.10,4.00
2007.12.24 07:07:05.878,0.9917,0.99195,0.10,4.00
2007.12.24 07:07:06.305,0.9917,0.9919,0.10,4.00
2007.12.24 07:07:06.493,0.9917,0.9919,0.10,4.00
2007.12.24 07:07:08.760,0.9917,0.99195,0.10,4.00
2007.12.24 07:07:08.888,0.9917,0.992,0.10,8.80
2007.12.24 07:07:09.063,0.9918,0.9919,0.10,0.70
2007.12.24 07:07:09.366,0.9918,0.992,0.10,13.80
2007.12.24 07:07:09.669,0.9918,0.992,0.10,0.60
2007.12.24 07:07:11.908,0.9918,0.992,0.10,0.70
2007.12.24 07:07:12.125,0.9918,0.99205,0.10,9.00
2007.12.24 07:07:12.243,0.99185,0.99205,0.10,8.60
2007.12.24 07:07:12.365,0.99185,0.9921,0.10,14.40
2007.12.24 07:07:12.483,0.99185,0.9921,0.10,0.60
2007.12.24 07:07:12.601,0.99185,0.9922,0.10,31.50
2007.12.24 07:07:12.823,0.99185,0.9922,0.10,31.50
2007.12.24 07:07:13.262,0.992,0.9922,0.10,31.20
2007.12.24 07:07:13.484,0.992,0.9922,0.10,14.00
2007.12.24 07:07:13.709,0.99185,0.9922,0.10,14.30
2007.12.24 07:07:13.960,0.99185,0.9921,0.10,0.90
2007.12.24 07:07:14.113,0.99185,0.9922,0.10,27.50
2007.12.24 07:07:16.666,0.9918,0.9921,0.10,0.50
2007.12.24 07:07:16.809,0.9918,0.9921,0.10,11.60
2007.12.24 07:07:16.952,0.9918,0.992,0.10,0.50
2007.12.24 07:07:17.108,0.9918,0.99205,0.10,5.20
2007.12.24 07:07:17.275,0.9918,0.992,0.10,0.90
2007.12.24 07:07:17.991,0.9918,0.99205,0.10,9.20
2007.12.24 07:07:19.808,0.99185,0.992,0.10,0.70
2007.12.24 07:07:19.962,0.99185,0.992,0.10,0.90
2007.12.24 07:07:20.190,0.99185,0.992,0.10,0.70
2007.12.24 07:07:20.418,0.99185,0.9921,0.10,10.40
2007.12.24 07:07:20.647,0.99185,0.9921,0.10,0.80
2007.12.24 07:07:20.874,0.99195,0.9922,0.10,32.00
2007.12.24 07:07:21.103,0.99195,0.9921,0.10,0.50
2007.12.24 07:07:21.311,0.99195,0.9921,0.10,0.50
2007.12.24 07:07:22.650,0.99195,0.9921,0.10,0.60
2007.12.24 07:07:25.155,0.99195,0.9921,0.10,0.60
2007.12.24 07:07:25.400,0.992,0.9922,0.10,12.60
2007.12.24 07:07:25.643,0.992,0.9922,0.10,12.60
2007.12.24 07:07:26.076,0.992,0.9922,0.10,12.60
2007.12.24 07:07:26.390,0.992,0.9922,0.10,12.60
2007.12.24 07:07:27.071,0.992,0.9922,0.10,16.60
2007.12.24 07:07:28.095,0.992,0.9922,0.10,12.60
2007.12.24 07:07:32.938,0.99195,0.9922,0.20,17.00
2007.12.24 07:07:32.981,0.99195,0.9921,0.10,0.70
2007.12.24 07:07:33.169,0.99195,0.9921,0.10,0.90
2007.12.24 07:07:33.385,0.99195,0.9921,0.10,0.60
2007.12.24 07:07:33.542,0.99195,0.9921,0.10,0.90
2007.12.24 07:07:33.710,0.99195,0.9921,0.10,0.50
2007.12.24 07:07:33.896,0.99195,0.9921,0.10,0.50
2007.12.24 07:07:36.352,0.9919,0.9922,0.20,20.20
2007.12.24 07:07:36.671,0.9919,0.9922,0.20,20.20
2007.12.24 07:07:36.830,0.9919,0.992,0.10,0.50
2007.12.24 07:07:37.073,0.99185,0.992,0.20,0.50
2007.12.24 07:07:37.231,0.99185,0.992,0.20,4.40
2007.12.24 07:07:44.040,0.9919,0.992,0.10,5.00
2007.12.24 07:07:44.173,0.99185,0.992,0.20,5.00
2007.12.24 07:07:44.306,0.99175,0.9919,0.10,4.00
2007.12.24 07:07:44.439,0.9917,0.9919,0.20,4.40
2007.12.24 07:07:44.617,0.99175,0.9919,0.10,4.40
2007.12.24 07:07:44.892,0.99175,0.9919,0.10,4.40
2007.12.24 07:07:54.360,0.99165,0.9919,0.20,4.40
2007.12.24 07:07:54.513,0.9917,0.9918,0.10,0.50
2007.12.24 07:07:54.665,0.9917,0.9918,0.10,0.50
2007.12.24 07:08:02.243,0.99165,0.9918,0.10,0.50
2007.12.24 07:08:02.396,0.99165,0.9918,0.10,0.50
2007.12.24 07:08:02.500,0.99165,0.9918,0.10,4.40
2007.12.24 07:08:02.767,0.99165,0.9918,0.10,8.40
2007.12.24 07:08:02.865,0.99165,0.9918,0.10,8.40
2007.12.24 07:08:03.123,0.99165,0.9918,0.10,8.40
2007.12.24 07:08:03.411,0.99165,0.9918,0.10,8.40
2007.12.24 07:08:04.323,0.99165,0.9918,0.10,8.40
2007.12.24 07:08:05.812,0.99165,0.9918,0.10,8.40
2007.12.24 07:08:06.051,0.9917,0.9918,0.10,4.40
2007.12.24 07:08:06.224,0.9917,0.9918,0.10,4.40
2007.12.24 07:08:06.397,0.9917,0.9918,0.10,4.40
2007.12.24 07:08:06.570,0.9917,0.9918,0.10,0.50
2007.12.24 07:08:11.377,0.99175,0.9918,0.10,0.50
2007.12.24 07:08:11.515,0.99175,0.9919,0.10,8.40
2007.12.24 07:08:11.653,0.99175,0.9919,0.10,4.40
2007.12.24 07:08:12.735,0.9917,0.9919,0.10,4.40
2007.12.24 07:08:12.903,0.9917,0.9918,0.10,0.50
2007.12.24 07:08:15.041,0.9917,0.9918,0.10,0.50
2007.12.24 07:08:15.227,0.99175,0.9918,0.10,0.50
2007.12.24 07:08:15.547,0.99175,0.9918,0.10,0.50
2007.12.24 07:08:15.675,0.99175,0.9919,0.10,4.40
2007.12.24 07:08:15.803,0.9918,0.9919,0.10,4.40
2007.12.24 07:08:15.932,0.9918,0.9919,0.10,0.50
2007.12.24 07:08:16.075,0.9918,0.9919,0.10,0.50
2007.12.24 07:08:16.205,0.9918,0.9919,0.10,0.50
2007.12.24 07:08:16.333,0.9918,0.9919,0.10,0.50
2007.12.24 07:08:19.041,0.99175,0.9919,0.20,0.50
2007.12.24 07:08:19.685,0.9919,0.992,0.10,15.40
2007.12.24 07:08:19.808,0.9919,0.992,0.10,11.40
2007.12.24 07:08:19.931,0.99185,0.992,0.20,8.40
2007.12.24 07:08:20.221,0.99185,0.992,0.20,4.40
2007.12.24 07:08:20.354,0.9919,0.992,0.10,0.50
2007.12.24 07:08:20.976,0.99185,0.992,0.20,0.50
2007.12.24 07:08:25.111,0.99185,0.992,0.20,1.00
2007.12.24 07:08:25.325,0.9918,0.992,0.10,5.80
2007.12.24 07:08:25.528,0.99175,0.992,0.20,5.80
2007.12.24 07:08:25.717,0.99195,0.992,0.10,5.80
2007.12.24 07:08:25.934,0.99195,0.992,0.10,5.80
2007.12.24 07:08:26.098,0.9919,0.992,0.20,5.20
2007.12.24 07:08:26.260,0.9919,0.992,0.20,1.20
2007.12.24 07:08:26.424,0.99195,0.992,0.10,0.50
2007.12.24 07:08:26.695,0.99195,0.992,0.10,0.50
2007.12.24 07:08:28.492,0.9919,0.992,0.10,0.50
2007.12.24 07:08:28.660,0.99185,0.992,0.20,0.50
2007.12.24 07:08:29.367,0.99185,0.992,0.20,0.50
2007.12.24 07:08:32.239,0.9918,0.992,0.20,0.50
2007.12.24 07:08:36.704,0.99185,0.992,0.20,0.50
2007.12.24 07:08:36.918,0.9919,0.992,0.10,0.50
2007.12.24 07:08:37.116,0.99185,0.992,0.20,0.50
2007.12.24 07:09:01.467,0.9919,0.9921,0.10,4.80
2007.12.24 07:09:01.580,0.9918,0.992,0.10,4.00
2007.12.24 07:09:01.693,0.9918,0.9919,0.10,0.50
2007.12.24 07:09:01.806,0.9918,0.9919,0.10,0.50
2007.12.24 07:09:02.030,0.9918,0.9919,0.10,0.50
2007.12.24 07:09:02.368,0.9918,0.9919,0.10,0.50
2007.12.24 07:09:04.939,0.9918,0.9919,0.10,0.50
2007.12.24 07:09:05.987,0.9918,0.9919,0.10,0.50
2007.12.24 07:09:14.075,0.9918,0.9919,0.10,1.00
2007.12.24 07:09:14.168,0.9918,0.9919,0.10,1.00
2007.12.24 07:09:17.623,0.9918,0.9919,0.10,1.00
2007.12.24 07:09:17.741,0.9917,0.9919,0.10,1.80
2007.12.24 07:09:17.859,0.9917,0.9919,0.10,5.80
2007.12.24 07:09:18.093,0.9917,0.9919,0.10,9.80
2007.12.24 07:09:18.211,0.9917,0.9919,0.10,5.80
2007.12.24 07:09:18.419,0.99165,0.9919,0.10,5.80
2007.12.24 07:09:18.647,0.99165,0.99185,0.10,4.00
2007.12.24 07:09:18.867,0.99165,0.99185,0.10,4.00
2007.12.24 07:09:19.062,0.99165,0.99185,0.10,4.00
2007.12.24 07:09:20.168,0.99165,0.9919,0.10,9.80
2007.12.24 07:09:22.110,0.99165,0.9919,0.10,0.90
2007.12.24 07:09:22.254,0.99165,0.9919,0.10,0.70
2007.12.24 07:09:22.386,0.9917,0.9919,0.10,0.60
2007.12.24 07:09:22.915,0.9917,0.9919,0.10,0.90
2007.12.24 07:09:48.217,0.99165,0.9919,0.10,9.00
2007.12.24 07:09:48.351,0.99165,0.9918,0.10,0.50
2007.12.24 07:09:48.484,0.99165,0.9918,0.10,0.50
2007.12.24 07:09:48.711,0.99165,0.9918,0.10,0.50
2007.12.24 07:09:49.104,0.99165,0.9918,0.10,1.00
2007.12.24 07:09:49.383,0.99165,0.9918,0.10,1.00
2007.12.24 07:09:50.189,0.9917,0.9918,0.10,1.00
2007.12.24 07:09:50.297,0.9917,0.99185,0.10,4.00
2007.12.24 07:09:50.405,0.9917,0.9919,0.10,9.80
2007.12.24 07:09:55.195,0.9917,0.9919,0.10,9.00
2007.12.24 07:09:55.373,0.99175,0.9919,0.10,9.00
2007.12.24 07:09:55.551,0.99175,0.9919,0.10,5.00
2007.12.24 07:09:55.794,0.99175,0.9919,0.10,5.00
2007.12.24 07:10:15.932,0.9917,0.9919,0.10,5.00
2007.12.24 07:10:16.187,0.9917,0.9918,0.10,0.50
2007.12.24 07:10:16.405,0.9917,0.9918,0.10,0.50
2007.12.24 07:10:16.623,0.9917,0.9918,0.10,0.50
2007.12.24 07:10:16.840,0.9917,0.9918,0.10,0.50
2007.12.24 07:10:33.679,0.99165,0.9918,0.10,0.50
2007.12.24 07:10:33.807,0.99165,0.9918,0.10,0.50
2007.12.24 07:10:33.937,0.99165,0.9918,0.10,1.00
2007.12.24 07:10:34.097,0.99165,0.9918,0.10,1.00
2007.12.24 07:10:39.673,0.99165,0.9918,0.10,1.00
2007.12.24 07:10:39.777,0.99165,0.9918,0.10,1.00
2007.12.24 07:10:39.892,0.9917,0.9918,0.10,1.00
2007.12.24 07:10:40.092,0.9917,0.9918,0.10,1.00
2007.12.24 07:10:44.033,0.9917,0.9918,0.10,0.50
2007.12.24 07:10:44.142,0.9917,0.9918,0.10,0.50
2007.12.24 07:11:00.743,0.9917,0.9918,0.10,0.50
2007.12.24 07:11:05.335,0.9917,0.9918,0.10,0.50
2007.12.24 07:11:07.051,0.9917,0.9918,0.10,0.50
2007.12.24 07:11:07.179,0.9917,0.9918,0.10,0.50
2007.12.24 07:11:07.354,0.9917,0.9918,0.10,0.50
2007.12.24 07:11:13.221,0.9915,0.9918,4.60,0.50
2007.12.24 07:11:13.324,0.9918,0.9919,0.10,13.00
2007.12.24 07:11:13.428,0.9918,0.9919,0.10,5.00
2007.12.24 07:11:13.630,0.9918,0.9919,0.10,0.50
2007.12.24 07:11:16.043,0.9918,0.9919,0.10,0.50
2007.12.24 07:11:32.320,0.9918,0.9919,0.10,0.50
2007.12.24 07:11:32.470,0.9918,0.9919,0.10,0.50
2007.12.24 07:11:33.671,0.99185,0.9919,0.10,0.50
2007.12.24 07:11:33.904,0.99185,0.992,0.10,9.20
2007.12.24 07:11:34.112,0.99185,0.992,0.10,5.20
2007.12.24 07:11:34.376,0.99185,0.992,0.10,5.20
2007.12.24 07:11:35.660,0.9918,0.992,0.10,5.20
2007.12.24 07:11:35.863,0.9918,0.9919,0.10,0.50
2007.12.24 07:11:36.208,0.9918,0.9919,0.10,0.50
2007.12.24 07:11:37.871,0.9918,0.9919,0.10,0.50
2007.12.24 07:11:38.224,0.9918,0.992,0.10,9.20
2007.12.24 07:11:38.417,0.9917,0.992,0.10,5.20
2007.12.24 07:11:38.610,0.9917,0.9919,0.10,4.00
2007.12.24 07:11:38.803,0.9917,0.9919,0.10,8.00
2007.12.24 07:11:38.997,0.99175,0.9919,0.10,8.00
2007.12.24 07:11:39.285,0.99175,0.9919,0.10,8.40
2007.12.24 07:11:39.499,0.99175,0.9919,0.10,0.50
2007.12.24 07:11:41.691,0.9918,0.9919,0.10,0.50
2007.12.24 07:11:41.892,0.99185,0.9919,0.10,0.50
2007.12.24 07:11:42.237,0.99185,0.992,0.10,13.20
2007.12.24 07:11:42.500,0.99185,0.992,0.10,9.20
2007.12.24 07:11:42.762,0.99185,0.992,0.10,5.20
2007.12.24 07:11:44.658,0.99185,0.992,0.10,4.40
2007.12.24 07:11:44.837,0.9919,0.992,0.10,4.40
2007.12.24 07:11:45.014,0.9919,0.992,0.10,4.40
2007.12.24 07:11:45.193,0.99185,0.9919,0.10,0.50
2007.12.24 07:11:45.725,0.9918,0.9919,0.10,0.50
2007.12.24 07:11:45.881,0.9918,0.9919,0.10,0.50
2007.12.24 07:11:46.049,0.9918,0.9919,0.10,0.50
2007.12.24 07:11:46.217,0.9918,0.9919,0.10,0.50
2007.12.24 07:11:47.647,0.9918,0.9919,0.10,0.50
2007.12.24 07:11:47.745,0.9917,0.992,0.10,9.20
2007.12.24 07:11:47.855,0.9917,0.99195,0.10,4.00
2007.12.24 07:11:47.952,0.9917,0.99195,0.10,4.00
2007.12.24 07:11:48.054,0.9917,0.9919,0.10,4.00
2007.12.24 07:11:48.173,0.9917,0.9919,0.10,4.40
2007.12.24 07:11:48.271,0.99175,0.9919,0.10,4.40
2007.12.24 07:11:48.372,0.99175,0.9919,0.10,4.40
2007.12.24 07:11:48.500,0.99175,0.9919,0.10,0.50
2007.12.24 07:11:48.806,0.99175,0.9919,0.10,0.50
2007.12.24 07:11:49.095,0.9918,0.9919,0.10,0.50
2007.12.24 07:11:49.383,0.9918,0.992,0.10,9.80
2007.12.24 07:11:49.685,0.9918,0.992,0.10,9.80
2007.12.24 07:11:49.813,0.99185,0.992,0.10,9.80
2007.12.24 07:11:49.941,0.99185,0.992,0.10,5.80
2007.12.24 07:11:50.082,0.99185,0.992,0.10,5.20
2007.12.24 07:11:50.338,0.99185,0.992,0.10,5.20
2007.12.24 07:11:50.467,0.99185,0.992,0.10,5.20
2007.12.24 07:11:58.523,0.99185,0.992,0.10,5.20
2007.12.24 07:12:38.620,0.99155,0.99205,4.00,4.00
2007.12.24 07:12:38.745,0.9918,0.99205,0.10,4.00
2007.12.24 07:12:38.847,0.9918,0.992,0.10,9.20
2007.12.24 07:12:44.896,0.99185,0.992,0.10,9.20
2007.12.24 07:12:45.216,0.99185,0.992,0.10,9.20
2007.12.24 07:12:45.370,0.99185,0.992,0.10,5.20
2007.12.24 07:12:45.784,0.99185,0.992,0.10,5.20
2007.12.24 07:12:52.642,0.99185,0.992,0.10,5.20
2007.12.24 07:13:09.801,0.9918,0.992,0.20,1.20
2007.12.24 07:13:10.405,0.9919,0.992,0.10,1.20
2007.12.24 07:13:10.544,0.99185,0.992,0.20,0.50
2007.12.24 07:13:10.681,0.9919,0.992,0.10,0.50
2007.12.24 07:13:10.987,0.9919,0.992,0.10,0.50
2007.12.24 07:13:11.674,0.99185,0.9921,0.20,13.80
2007.12.24 07:13:11.866,0.99185,0.9921,0.20,13.80
2007.12.24 07:13:12.059,0.99185,0.9921,0.20,9.80
2007.12.24 07:13:15.401,0.99195,0.9921,0.10,9.80
2007.12.24 07:13:15.639,0.9919,0.9921,0.20,8.40
2007.12.24 07:13:15.886,0.9919,0.9921,0.20,4.40
2007.12.24 07:13:16.124,0.9919,0.9921,0.20,0.50
2007.12.24 07:13:17.990,0.99195,0.9921,0.20,0.50
2007.12.24 07:13:18.178,0.99195,0.9922,0.20,13.20
2007.12.24 07:13:18.408,0.992,0.9922,0.10,5.20
2007.12.24 07:13:18.637,0.99205,0.9922,0.20,1.20
2007.12.24 07:13:18.892,0.99205,0.9922,0.20,1.20
2007.12.24 07:13:19.121,0.9921,0.9922,0.20,1.20
2007.12.24 07:13:19.401,0.9921,0.9922,0.20,0.50
2007.12.24 07:13:19.670,0.99195,0.9922,0.70,0.50
2007.12.24 07:13:19.938,0.992,0.9922,0.60,0.50
2007.12.24 07:13:20.206,0.992,0.9922,0.80,0.50
2007.12.24 07:13:20.444,0.992,0.9922,0.90,0.50
2007.12.24 07:13:20.700,0.99195,0.9922,4.70,0.50
2007.12.24 07:13:20.914,0.99215,0.9922,0.10,0.50
2007.12.24 07:13:21.153,0.9921,0.9922,0.70,0.50
2007.12.24 07:13:21.563,0.99215,0.9922,0.10,0.50
2007.12.24 07:13:21.827,0.9921,0.9922,0.60,0.50
2007.12.24 07:13:24.157,0.9921,0.9922,0.60,0.50
2007.12.24 07:13:26.417,0.992,0.9922,1.80,0.50
2007.12.24 07:13:26.600,0.992,0.9922,1.80,1.20
2007.12.24 07:13:26.784,0.99185,0.9922,0.10,1.20
2007.12.24 07:13:26.966,0.99185,0.9921,0.10,0.50
2007.12.24 07:13:27.151,0.9919,0.9921,0.60,0.50
2007.12.24 07:13:27.332,0.992,0.9923,1.80,4.40
2007.12.24 07:13:27.591,0.992,0.9923,5.80,4.40
2007.12.24 07:13:27.859,0.992,0.9923,0.10,4.40
2007.12.24 07:13:31.830,0.9921,0.9923,0.60,4.00
2007.12.24 07:13:32.157,0.992,0.9923,0.70,4.00
2007.12.24 07:13:32.339,0.9921,0.9925,0.60,8.60
2007.12.24 07:13:33.132,0.992,0.9925,0.10,8.60
2007.12.24 07:13:33.630,0.992,0.9925,0.10,8.00
2007.12.24 07:13:33.892,0.992,0.9925,0.80,8.00
2007.12.24 07:13:35.639,0.992,0.9925,0.10,8.00
2007.12.24 07:13:35.829,0.992,0.9925,0.10,8.60
2007.12.24 07:13:36.009,0.992,0.99245,5.80,4.00
2007.12.24 07:13:36.188,0.992,0.99245,5.80,4.00
2007.12.24 07:13:37.081,0.992,0.9925,0.10,4.60
2007.12.24 07:13:37.300,0.9921,0.9925,0.10,4.00
2007.12.24 07:13:37.601,0.9921,0.9926,0.20,9.80
2007.12.24 07:13:39.141,0.9922,0.9926,0.70,9.80
2007.12.24 07:13:42.162,0.9921,0.99255,0.10,4.00
2007.12.24 07:13:42.325,0.99205,0.9925,0.10,0.50
2007.12.24 07:13:42.490,0.99245,0.9925,0.10,0.50
2007.12.24 07:13:42.653,0.99245,0.9926,0.10,4.40
2007.12.24 07:13:42.817,0.9924,0.9925,0.10,0.50
2007.12.24 07:13:42.979,0.99235,0.9925,0.20,0.50
2007.12.24 07:13:43.282,0.99235,0.9925,0.20,0.50
2007.12.24 07:13:43.585,0.9924,0.9925,0.10,0.50
2007.12.24 07:13:47.475,0.9922,0.9925,0.10,0.50
2007.12.24 07:13:47.662,0.99225,0.9925,0.10,8.20
2007.12.24 07:13:47.851,0.99225,0.9924,0.10,4.60
2007.12.24 07:13:48.039,0.99235,0.9924,0.10,4.60
2007.12.24 07:13:48.227,0.9923,0.9924,0.20,4.00
2007.12.24 07:13:48.456,0.99235,0.9925,0.10,4.40
2007.12.24 07:13:48.719,0.9923,0.9925,0.20,4.40
2007.12.24 07:13:50.014,0.99235,0.9925,0.10,4.40
2007.12.24 07:13:52.313,0.99235,0.9925,0.10,8.40
2007.12.24 07:13:52.832,0.99235,0.9925,0.10,4.40
2007.12.24 07:13:53.478,0.9924,0.9925,0.10,4.40
2007.12.24 07:13:53.671,0.9924,0.9925,0.10,4.40
2007.12.24 07:13:53.865,0.9924,0.9925,0.10,4.40
2007.12.24 07:13:54.243,0.9924,0.9925,0.10,0.50
2007.12.24 07:13:54.521,0.9924,0.9925,0.10,0.50
2007.12.24 07:13:58.471,0.9925,0.9926,0.10,9.80
2007.12.24 07:13:58.670,0.9925,0.9926,0.10,4.40
2007.12.24 07:13:58.868,0.9925,0.9926,0.10,0.50
2007.12.24 07:14:01.477,0.99255,0.9926,0.10,0.50
2007.12.24 07:14:01.622,0.99255,0.9926,0.10,0.50
2007.12.24 07:14:01.759,0.99255,0.9927,0.10,4.40
2007.12.24 07:14:01.898,0.99255,0.9927,0.10,0.50
2007.12.24 07:14:03.978,0.99265,0.9927,0.10,0.50
2007.12.24 07:14:04.120,0.99265,0.9927,0.10,0.50
2007.12.24 07:14:04.253,0.99265,0.9927,0.10,0.50
2007.12.24 07:14:04.386,0.99265,0.9927,0.10,0.50
2007.12.24 07:14:04.698,0.99265,0.9927,0.10,0.50
2007.12.24 07:14:07.826,0.9926,0.9927,0.10,0.50
2007.12.24 07:14:09.468,0.9927,0.9928,0.10,0.50
2007.12.24 07:14:09.652,0.9927,0.9928,0.10,0.50
2007.12.24 07:14:09.815,0.9927,0.99285,0.10,4.00
2007.12.24 07:14:09.989,0.9927,0.9929,0.10,0.50
2007.12.24 07:14:12.079,0.9927,0.9929,0.10,0.50
2007.12.24 07:14:12.288,0.9927,0.9929,0.10,0.50
2007.12.24 07:14:14.562,0.99285,0.9929,0.10,0.50
2007.12.24 07:14:14.811,0.99285,0.99295,0.10,4.00
2007.12.24 07:14:15.060,0.99285,0.993,0.10,0.50
2007.12.24 07:14:15.253,0.9929,0.993,0.10,0.50
2007.12.24 07:14:15.447,0.9929,0.993,0.10,0.50
2007.12.24 07:14:15.649,0.9929,0.993,0.10,0.50
2007.12.24 07:14:15.842,0.9929,0.9931,0.10,1.00
2007.12.24 07:14:16.102,0.9929,0.9931,0.10,1.00
2007.12.24 07:14:16.379,0.9929,0.9931,0.10,5.00
2007.12.24 07:14:16.709,0.9929,0.993,0.10,0.50
2007.12.24 07:14:19.547,0.9927,0.993,4.70,0.50
2007.12.24 07:14:19.650,0.9927,0.993,0.60,4.40
2007.12.24 07:14:19.753,0.9927,0.993,0.10,7.40
2007.12.24 07:14:19.857,0.9927,0.9929,0.10,4.00
2007.12.24 07:14:20.063,0.9925,0.9929,4.60,4.00
2007.12.24 07:14:20.178,0.9925,0.9929,0.60,4.00
2007.12.24 07:14:20.461,0.9924,0.9928,0.60,4.00
2007.12.24 07:14:20.745,0.9924,0.9928,0.60,4.60
2007.12.24 07:14:21.029,0.9924,0.99275,0.60,4.00
2007.12.24 07:14:21.311,0.9923,0.9927,0.60,0.60
2007.12.24 07:14:21.525,0.9923,0.9927,0.60,4.60
2007.12.24 07:14:21.738,0.9923,0.9927,0.60,4.60
2007.12.24 07:14:21.952,0.9922,0.99265,0.60,4.00
2007.12.24 07:14:22.602,0.9923,0.99265,0.60,4.00
2007.12.24 07:14:22.761,0.9923,0.99265,0.60,4.00
2007.12.24 07:14:22.827,0.9922,0.99265,1.80,4.00
2007.12.24 07:14:22.919,0.9922,0.9928,5.80,8.60
2007.12.24 07:14:23.077,0.9923,0.9928,5.80,8.60
2007.12.24 07:14:23.235,0.9923,0.9928,5.80,8.00
2007.12.24 07:14:23.433,0.9924,0.99285,0.60,4.00
2007.12.24 07:14:23.631,0.9924,0.99285,0.60,4.00
2007.12.24 07:14:23.830,0.9924,0.99285,0.60,4.00
2007.12.24 07:14:24.094,0.99235,0.99285,4.60,4.00
2007.12.24 07:14:24.291,0.99235,0.9928,4.60,0.60
2007.12.24 07:14:24.479,0.9924,0.99275,0.60,4.00
2007.12.24 07:14:24.667,0.9923,0.99275,5.80,4.00
2007.12.24 07:14:24.857,0.9923,0.99275,5.80,4.00
2007.12.24 07:14:25.685,0.9924,0.99275,0.60,4.00
2007.12.24 07:14:26.684,0.9923,0.99275,6.20,4.00
2007.12.24 07:14:26.872,0.9926,0.99275,0.20,4.00
2007.12.24 07:14:27.063,0.9926,0.9928,0.20,0.60
2007.12.24 07:14:27.236,0.9926,0.9928,0.20,0.60
2007.12.24 07:14:27.409,0.99265,0.9928,0.10,0.60
2007.12.24 07:14:27.708,0.9926,0.9928,0.20,0.60
2007.12.24 07:14:27.956,0.99255,0.9928,0.20,0.60
2007.12.24 07:14:28.205,0.99255,0.9928,0.20,4.60
2007.12.24 07:14:28.453,0.99255,0.9928,0.20,4.60
2007.12.24 07:14:28.586,0.9926,0.9928,0.10,0.60
2007.12.24 07:14:28.720,0.9926,0.9928,0.10,0.50
2007.12.24 07:14:28.854,0.99255,0.9928,0.20,0.50
2007.12.24 07:14:28.987,0.99255,0.9928,0.20,0.50
2007.12.24 07:14:29.166,0.99255,0.9928,0.20,4.40
2007.12.24 07:14:29.300,0.99255,0.9928,0.20,8.40
2007.12.24 07:14:29.755,0.9926,0.9928,0.10,4.40
2007.12.24 07:14:29.993,0.9926,0.9929,0.20,9.80
2007.12.24 07:14:30.266,0.9926,0.9929,0.20,9.00
2007.12.24 07:14:30.504,0.99265,0.9929,0.10,9.00
2007.12.24 07:14:30.670,0.9926,0.9929,0.20,11.40
2007.12.24 07:14:30.834,0.9926,0.9929,0.10,12.20
2007.12.24 07:14:30.997,0.9926,0.9929,0.10,12.20
2007.12.24 07:14:31.160,0.99255,0.99285,0.20,4.00
2007.12.24 07:14:33.382,0.99255,0.99285,0.20,4.00
2007.12.24 07:14:34.082,0.9925,0.99285,0.20,4.00
2007.12.24 07:14:34.335,0.9925,0.9928,0.20,1.80
2007.12.24 07:14:34.588,0.9925,0.9928,0.20,5.80
2007.12.24 07:14:34.741,0.9925,0.9928,0.20,9.80
2007.12.24 07:14:40.516,0.99255,0.9928,0.20,9.80
2007.12.24 07:14:40.716,0.9926,0.9928,0.10,9.00
2007.12.24 07:14:40.863,0.99255,0.9928,0.20,8.40
2007.12.24 07:14:41.012,0.99255,0.9928,0.20,4.40
2007.12.24 07:14:41.249,0.9926,0.9928,0.10,0.50
2007.12.24 07:14:44.046,0.99265,0.9928,0.20,0.50
2007.12.24 07:14:44.258,0.99265,0.9929,0.20,13.80
2007.12.24 07:14:44.441,0.9927,0.9929,0.10,13.20
2007.12.24 07:14:44.624,0.9927,0.9929,0.10,9.20
2007.12.24 07:14:44.808,0.9927,0.9929,0.10,8.40
2007.12.24 07:14:44.980,0.99265,0.9929,0.20,8.40
2007.12.24 07:14:45.168,0.9927,0.9929,0.10,9.20
2007.12.24 07:14:45.342,0.9926,0.9929,0.20,9.20
2007.12.24 07:14:45.515,0.9926,0.9929,0.20,9.20
2007.12.24 07:14:45.689,0.99255,0.9928,0.20,0.80
2007.12.24 07:14:45.918,0.9925,0.9927,0.10,4.00
2007.12.24 07:14:46.146,0.9926,0.9927,0.10,4.00
2007.12.24 07:14:46.375,0.9926,0.9927,0.10,4.00
2007.12.24 07:14:46.603,0.99255,0.9927,0.20,4.00
2007.12.24 07:14:46.832,0.99255,0.9928,0.20,0.50
2007.12.24 07:14:48.716,0.9926,0.9927,0.10,0.50
2007.12.24 07:14:48.843,0.9926,0.9928,0.10,0.50
2007.12.24 07:14:50.581,0.99265,0.9928,0.10,0.50
2007.12.24 07:14:50.859,0.99265,0.9928,0.10,0.50
2007.12.24 07:14:51.619,0.9927,0.9928,0.10,0.50
2007.12.24 07:14:51.787,0.9927,0.9929,0.10,12.40
2007.12.24 07:14:51.940,0.9927,0.9929,0.10,4.40
2007.12.24 07:14:52.332,0.9927,0.9929,0.10,0.50
2007.12.24 07:14:53.172,0.9928,0.9929,0.10,0.50
2007.12.24 07:14:53.390,0.9928,0.9929,0.10,0.50
2007.12.24 07:14:53.553,0.9928,0.9929,0.10,0.50
2007.12.24 07:14:53.767,0.9928,0.9929,0.10,0.50
2007.12.24 07:14:54.615,0.9928,0.9929,0.10,0.50
2007.12.24 07:14:54.788,0.99285,0.9929,0.10,0.50
2007.12.24 07:14:54.962,0.99285,0.993,0.10,0.50
2007.12.24 07:14:55.142,0.99285,0.993,0.10,0.50
2007.12.24 07:14:55.269,0.99285,0.993,0.10,0.50
2007.12.24 07:14:55.398,0.99285,0.993,0.10,0.50
2007.12.24 07:14:56.591,0.9927,0.993,0.60,0.70
2007.12.24 07:14:56.774,0.9927,0.993,0.10,7.80
2007.12.24 07:14:56.959,0.9927,0.9929,0.10,4.60
2007.12.24 07:14:57.141,0.9928,0.9929,0.10,4.60
2007.12.24 07:14:57.341,0.9928,0.9929,0.10,4.00
2007.12.24 07:14:57.528,0.9928,0.993,0.10,5.20
2007.12.24 07:14:57.716,0.9928,0.993,0.10,4.40
2007.12.24 07:14:57.905,0.9928,0.99305,0.10,8.40
2007.12.24 07:14:59.209,0.9928,0.993,0.10,4.40
2007.12.24 07:15:02.617,0.99275,0.993,0.10,4.40
2007.12.24 07:15:02.755,0.99275,0.993,0.10,8.20
2007.12.24 07:15:02.893,0.99275,0.99295,0.10,4.00
2007.12.24 07:15:03.122,0.99275,0.99295,0.10,4.00
2007.12.24 07:15:03.261,0.99285,0.99295,0.10,4.00
2007.12.24 07:15:03.428,0.99285,0.993,0.10,6.80
2007.12.24 07:15:03.595,0.99285,0.993,0.10,6.80
2007.12.24 07:15:03.763,0.99285,0.993,0.10,6.80
2007.12.24 07:15:03.931,0.99285,0.993,0.10,2.80
2007.12.24 07:15:04.100,0.9929,0.993,0.10,2.80
2007.12.24 07:15:04.267,0.9929,0.993,0.10,2.80
2007.12.24 07:15:04.461,0.9929,0.9931,0.10,5.20
2007.12.24 07:15:05.317,0.9929,0.9931,0.10,9.20
2007.12.24 07:15:08.631,0.99295,0.9931,0.10,9.20
2007.12.24 07:15:08.834,0.99295,0.9931,0.10,8.40
2007.12.24 07:15:09.037,0.99295,0.9931,0.10,4.40
2007.12.24 07:15:09.284,0.99295,0.9931,0.10,0.50
2007.12.24 07:15:09.487,0.99295,0.9931,0.10,0.50
2007.12.24 07:15:11.818,0.99295,0.9931,0.10,0.50
2007.12.24 07:15:13.341,0.99295,0.9931,0.10,0.50
2007.12.24 07:15:13.624,0.9928,0.9931,4.00,0.70
2007.12.24 07:15:13.817,0.9928,0.9931,4.00,7.20
2007.12.24 07:15:14.011,0.9928,0.99295,0.10,4.00
2007.12.24 07:15:14.205,0.9929,0.99295,0.10,4.00
2007.12.24 07:15:14.398,0.9929,0.9931,0.10,9.80
2007.12.24 07:15:14.591,0.9929,0.9931,0.10,9.80
2007.12.24 07:15:14.784,0.9929,0.9931,0.10,9.80
2007.12.24 07:15:16.216,0.9929,0.9931,0.10,9.80
2007.12.24 07:15:17.158,0.99285,0.9931,0.10,9.80
2007.12.24 07:15:17.312,0.99285,0.993,0.10,0.50
2007.12.24 07:15:17.465,0.99285,0.993,0.10,0.50
2007.12.24 07:15:17.668,0.99285,0.9931,0.10,13.00
2007.12.24 07:15:17.822,0.9929,0.9931,0.10,13.20
2007.12.24 07:15:18.019,0.9929,0.9931,0.10,9.20
2007.12.24 07:15:18.218,0.99285,0.9931,0.10,8.40
2007.12.24 07:15:18.417,0.99285,0.993,0.10,0.50
2007.12.24 07:15:18.705,0.9929,0.993,0.10,0.50
2007.12.24 07:15:18.871,0.9929,0.9931,0.10,13.20
2007.12.24 07:15:19.017,0.9929,0.9931,0.10,9.20
2007.12.24 07:15:19.166,0.9928,0.9931,0.10,9.60
2007.12.24 07:15:19.314,0.9928,0.9931,0.10,8.80
2007.12.24 07:15:19.462,0.9928,0.99295,0.10,4.00
2007.12.24 07:15:19.610,0.9928,0.99295,0.10,4.00
2007.12.24 07:15:19.759,0.99295,0.9931,0.10,4.40
2007.12.24 07:15:19.997,0.99295,0.9931,0.10,4.40
2007.12.24 07:15:20.235,0.99295,0.9931,0.10,4.40
2007.12.24 07:15:20.473,0.99295,0.9931,0.10,0.50
2007.12.24 07:15:24.154,0.99295,0.9931,0.10,0.50
2007.12.24 07:15:24.327,0.99295,0.9931,0.10,0.50
2007.12.24 07:15:24.631,0.9928,0.9931,4.60,0.70
2007.12.24 07:15:24.803,0.9928,0.9931,4.00,7.80
2007.12.24 07:15:24.976,0.9928,0.9931,0.10,7.80
2007.12.24 07:15:25.158,0.9928,0.9931,0.10,7.80
2007.12.24 07:15:25.332,0.9928,0.993,0.10,4.60
2007.12.24 07:15:25.506,0.9928,0.993,0.10,4.60
2007.12.24 07:15:26.170,0.99265,0.993,0.10,4.60
2007.12.24 07:15:26.332,0.99265,0.993,0.10,4.00
2007.12.24 07:15:26.497,0.99265,0.99305,0.10,4.00
2007.12.24 07:15:27.215,0.99265,0.99305,0.10,4.00
2007.12.24 07:15:27.375,0.9927,0.99305,0.60,4.00
2007.12.24 07:15:27.533,0.9927,0.9931,0.60,4.60
2007.12.24 07:15:27.690,0.9927,0.9931,0.60,4.60
2007.12.24 07:15:27.848,0.9927,0.9931,0.60,0.60
2007.12.24 07:15:31.164,0.9927,0.9931,0.60,0.60
2007.12.24 07:15:31.412,0.9927,0.9931,0.60,4.60
2007.12.24 07:15:31.660,0.9927,0.9931,0.60,4.60
2007.12.24 07:15:31.908,0.9927,0.9931,0.60,4.60
2007.12.24 07:15:32.291,0.9927,0.9931,0.60,4.60
2007.12.24 07:15:33.713,0.9927,0.9931,0.60,4.60
2007.12.24 07:15:33.927,0.9928,0.9932,0.60,0.60
2007.12.24 07:15:34.788,0.9928,0.99325,0.60,4.00
2007.12.24 07:15:35.077,0.9928,0.99325,0.60,4.00
2007.12.24 07:15:36.704,0.9928,0.99325,0.60,4.00
2007.12.24 07:15:36.796,0.9928,0.9932,0.60,0.60
2007.12.24 07:15:36.899,0.9928,0.99325,0.60,4.00
2007.12.24 07:15:37.067,0.9928,0.9932,0.60,4.00
2007.12.24 07:15:37.302,0.9928,0.9932,0.60,8.00
2007.12.24 07:15:37.620,0.9928,0.9932,0.60,8.00
2007.12.24 07:15:40.258,0.9928,0.9932,0.60,8.00
2007.12.24 07:15:44.003,0.9928,0.9933,0.60,12.20
2007.12.24 07:15:45.718,0.9928,0.9932,0.60,0.80
2007.12.24 07:15:45.847,0.9929,0.9933,0.60,8.50
2007.12.24 07:15:45.988,0.9929,0.9932,4.60,0.60
2007.12.24 07:15:46.123,0.9929,0.9933,4.60,8.40
2007.12.24 07:15:46.453,0.9929,0.99335,4.60,12.40
2007.12.24 07:15:47.866,0.9929,0.9933,5.00,0.80
2007.12.24 07:15:48.663,0.9929,0.9933,5.00,0.90
2007.12.24 07:15:48.817,0.9929,0.9933,4.60,10.20
2007.12.24 07:15:48.970,0.9929,0.9932,4.60,0.60
2007.12.24 07:15:49.124,0.9929,0.9932,0.60,0.70
2007.12.24 07:15:50.665,0.9929,0.99325,0.60,8.80
2007.12.24 07:15:50.778,0.9929,0.99325,0.60,9.60
2007.12.24 07:15:50.873,0.9929,0.9931,0.60,0.80
2007.12.24 07:15:50.956,0.9929,0.9931,0.60,0.90
2007.12.24 07:15:51.039,0.9929,0.9932,0.10,10.10
2007.12.24 07:15:51.121,0.9929,0.9932,0.10,10.10
2007.12.24 07:15:51.205,0.99305,0.9931,0.10,0.60
2007.12.24 07:15:51.288,0.99305,0.9931,0.10,0.70
2007.12.24 07:15:51.383,0.99305,0.9931,0.10,0.60
2007.12.24 07:15:51.464,0.99305,0.9931,0.10,0.60
2007.12.24 07:15:51.886,0.99305,0.9932,0.10,0.50
2007.12.24 07:15:53.686,0.9931,0.9932,0.10,0.50
2007.12.24 07:15:53.914,0.9931,0.9934,0.10,14.20
2007.12.24 07:15:54.143,0.9931,0.99335,0.10,8.40
2007.12.24 07:15:54.372,0.9931,0.9933,0.10,0.50
2007.12.24 07:15:56.692,0.99315,0.9933,0.10,0.60
2007.12.24 07:15:56.836,0.99315,0.99335,0.10,8.40
2007.12.24 07:15:56.979,0.99315,0.9934,0.10,14.20
2007.12.24 07:15:57.123,0.99315,0.9934,0.10,14.20
2007.12.24 07:15:57.426,0.99315,0.9934,0.10,13.50
2007.12.24 07:15:58.766,0.99315,0.9934,0.10,13.50
2007.12.24 07:16:00.367,0.99315,0.9933,0.10,0.50
2007.12.24 07:16:01.386,0.99315,0.9934,0.10,13.50
2007.12.24 07:16:01.657,0.993,0.99335,4.60,0.90
2007.12.24 07:16:01.840,0.993,0.99335,4.60,8.00
2007.12.24 07:16:02.015,0.993,0.9932,0.10,0.90
2007.12.24 07:16:02.187,0.993,0.9932,0.10,0.80
2007.12.24 07:16:02.360,0.9933,0.9934,0.10,7.80
2007.12.24 07:16:02.534,0.9933,0.9935,0.10,13.60
2007.12.24 07:16:02.707,0.9933,0.9934,0.10,0.50
2007.12.24 07:16:02.881,0.9933,0.9934,0.10,0.50
2007.12.24 07:16:03.246,0.99335,0.9934,0.10,0.50
2007.12.24 07:16:03.508,0.99335,0.9935,0.10,0.70
2007.12.24 07:16:03.781,0.99335,0.99355,0.10,8.40
2007.12.24 07:16:04.054,0.99335,0.99355,0.10,4.50
2007.12.24 07:16:04.307,0.99335,0.99355,0.10,4.50
2007.12.24 07:16:05.736,0.99335,0.9935,0.10,0.50
2007.12.24 07:16:07.789,0.9931,0.99355,0.10,4.50
2007.12.24 07:16:07.984,0.9931,0.9934,4.00,4.60
2007.12.24 07:16:08.132,0.993,0.99335,0.60,0.50
2007.12.24 07:16:08.337,0.993,0.9934,0.60,4.60
2007.12.24 07:16:09.246,0.9931,0.9934,0.10,4.60
2007.12.24 07:16:09.524,0.9931,0.9934,0.10,8.20
2007.12.24 07:16:09.803,0.9931,0.9934,0.10,8.20
2007.12.24 07:16:10.080,0.9931,0.9934,0.10,12.20
2007.12.24 07:16:10.392,0.9931,0.9934,0.10,12.20
2007.12.24 07:16:10.696,0.9932,0.9934,0.10,12.20
2007.12.24 07:16:10.879,0.9932,0.99335,0.10,0.60
2007.12.24 07:16:11.061,0.9932,0.9934,0.10,9.80
2007.12.24 07:16:11.220,0.9932,0.9934,0.10,9.80
2007.12.24 07:16:11.368,0.9932,0.9934,0.10,9.80
2007.12.24 07:16:11.516,0.9932,0.9934,0.10,9.80
2007.12.24 07:16:11.663,0.9932,0.9934,0.10,9.80
2007.12.24 07:16:15.685,0.9931,0.9934,0.10,9.80
2007.12.24 07:16:15.809,0.9931,0.9934,0.10,9.80
2007.12.24 07:16:15.932,0.9931,0.9933,0.10,0.50
2007.12.24 07:16:16.055,0.9931,0.9933,0.10,4.40
2007.12.24 07:16:16.178,0.9931,0.9933,0.10,4.40
2007.12.24 07:16:18.264,0.9931,0.9932,0.10,4.00
2007.12.24 07:16:18.585,0.9931,0.9932,0.10,4.00
2007.12.24 07:16:18.738,0.9931,0.9932,0.10,4.00
2007.12.24 07:16:18.891,0.9931,0.9932,0.10,4.00
2007.12.24 07:16:19.043,0.9931,0.9932,0.10,4.00
2007.12.24 07:16:19.069,0.99305,0.9932,0.20,4.00
2007.12.24 07:16:19.197,0.9931,0.9932,0.10,4.00
2007.12.24 07:16:19.350,0.99305,0.9931,0.10,4.00
2007.12.24 07:16:19.593,0.99305,0.9931,0.10,4.00
2007.12.24 07:16:21.920,0.99305,0.9931,0.10,4.00
2007.12.24 07:16:22.239,0.99305,0.9931,0.10,4.00
2007.12.24 07:16:22.408,0.99305,0.9931,0.10,4.00
2007.12.24 07:16:23.779,0.99305,0.9931,0.10,4.00
2007.12.24 07:16:23.917,0.99305,0.9931,0.10,4.00
2007.12.24 07:16:24.102,0.99305,0.9931,0.10,4.00
2007.12.24 07:16:29.254,0.99305,0.9931,0.10,4.00
2007.12.24 07:16:29.428,0.99305,0.9931,0.10,4.00
2007.12.24 07:16:31.194,0.99305,0.9931,0.10,4.00
2007.12.24 07:16:31.994,0.99305,0.9931,0.10,4.00
2007.12.24 07:16:32.270,0.993,0.9931,0.10,4.00
2007.12.24 07:16:32.422,0.993,0.9931,0.10,4.00
2007.12.24 07:16:32.637,0.993,0.9931,0.10,4.00
2007.12.24 07:16:32.840,0.993,0.9931,0.10,4.00
2007.12.24 07:16:45.158,0.993,0.9931,0.10,4.00
2007.12.24 07:16:45.282,0.993,0.9931,0.10,4.00
2007.12.24 07:16:45.405,0.993,0.9931,0.10,4.00
2007.12.24 07:16:45.527,0.993,0.9931,0.10,4.00
2007.12.24 07:16:45.871,0.993,0.9931,0.10,4.00
2007.12.24 07:16:45.993,0.993,0.9931,0.10,4.00
2007.12.24 07:16:46.116,0.993,0.9931,0.10,4.00
2007.12.24 07:16:48.367,0.9929,0.9931,0.10,4.00
2007.12.24 07:16:48.485,0.9929,0.993,0.10,4.00
2007.12.24 07:16:48.603,0.9929,0.993,0.10,4.00
2007.12.24 07:16:48.721,0.9929,0.993,0.10,4.00
2007.12.24 07:16:48.878,0.9929,0.993,0.10,4.00
2007.12.24 07:16:49.208,0.9929,0.993,0.10,4.00
2007.12.24 07:16:49.431,0.9929,0.993,0.10,4.00
2007.12.24 07:16:49.782,0.99285,0.9929,0.10,4.00
2007.12.24 07:16:51.301,0.99285,0.9929,0.10,4.00
2007.12.24 07:16:51.429,0.9928,0.9929,0.10,4.00
2007.12.24 07:16:51.557,0.9928,0.9929,0.10,4.00
2007.12.24 07:16:51.686,0.9928,0.9929,0.10,4.00
2007.12.24 07:16:51.814,0.9928,0.9929,0.10,4.00
2007.12.24 07:16:52.361,0.9928,0.9929,0.10,4.00
2007.12.24 07:16:52.539,0.9928,0.9929,0.10,4.00
2007.12.24 07:16:56.248,0.9927,0.9929,0.10,4.00
2007.12.24 07:16:56.395,0.9927,0.9929,0.10,4.00
2007.12.24 07:16:56.510,0.99265,0.9927,0.10,4.00
2007.12.24 07:16:56.622,0.99265,0.9927,0.10,4.00
2007.12.24 07:16:56.736,0.99265,0.9927,0.10,4.00
2007.12.24 07:16:56.848,0.99265,0.9927,0.10,4.00
2007.12.24 07:16:56.963,0.9927,0.9928,0.10,4.00
2007.12.24 07:16:57.077,0.9927,0.9928,0.10,4.00
2007.12.24 07:16:57.191,0.9927,0.9928,0.10,4.00
2007.12.24 07:16:57.304,0.9927,0.9928,0.10,4.00
2007.12.24 07:16:57.417,0.9927,0.9928,0.10,4.00
2007.12.24 07:16:57.725,0.99265,0.9928,0.10,4.00
2007.12.24 07:16:58.033,0.99265,0.9929,0.10,8.60
2007.12.24 07:16:58.534,0.99265,0.9929,0.10,8.60
2007.12.24 07:16:58.717,0.99265,0.9928,0.10,4.00
2007.12.24 07:16:58.933,0.99265,0.99285,0.10,4.00
2007.12.24 07:16:59.129,0.99265,0.99285,0.10,4.00
2007.12.24 07:16:59.322,0.9926,0.99285,0.10,4.00
2007.12.24 07:16:59.516,0.9926,0.99285,0.10,4.00
2007.12.24 07:16:59.748,0.9926,0.99285,0.10,4.00
2007.12.24 07:16:59.981,0.99255,0.9928,0.10,4.60
2007.12.24 07:17:00.215,0.99265,0.9928,0.10,4.60
2007.12.24 07:17:00.448,0.99265,0.9928,0.10,4.60
2007.12.24 07:17:00.619,0.99265,0.9928,0.10,0.60
2007.12.24 07:17:00.870,0.99265,0.9928,0.10,0.60
2007.12.24 07:17:01.650,0.99255,0.9928,0.10,0.60
2007.12.24 07:17:01.838,0.99255,0.9928,0.10,0.60
2007.12.24 07:17:02.027,0.99255,0.9928,0.10,4.60
2007.12.24 07:17:02.215,0.99255,0.9928,0.10,4.60
2007.12.24 07:17:02.402,0.99255,0.9928,0.10,4.60
2007.12.24 07:17:04.641,0.9926,0.9928,0.10,4.60
2007.12.24 07:17:04.791,0.9926,0.9928,0.10,4.60
2007.12.24 07:17:04.939,0.9926,0.9928,0.10,0.60
2007.12.24 07:17:05.159,0.99255,0.9928,0.10,0.60
2007.12.24 07:17:05.319,0.99255,0.9928,0.10,1.00
2007.12.24 07:17:05.455,0.99255,0.9928,0.10,5.00
2007.12.24 07:17:05.689,0.99255,0.9928,0.10,5.00
2007.12.24 07:17:05.907,0.99265,0.9928,0.10,9.00
2007.12.24 07:17:06.126,0.99265,0.9928,0.10,9.00
2007.12.24 07:17:06.344,0.99265,0.9928,0.10,5.00
2007.12.24 07:17:07.353,0.9926,0.9928,0.10,5.00
2007.12.24 07:17:11.643,0.9926,0.9928,0.10,5.00
2007.12.24 07:17:11.793,0.9926,0.9928,0.10,5.00
2007.12.24 07:17:11.951,0.9926,0.9928,0.10,9.00
2007.12.24 07:17:12.733,0.99255,0.9928,0.10,9.00
2007.12.24 07:17:12.912,0.99255,0.9928,0.10,11.40
2007.12.24 07:17:13.090,0.99255,0.9928,0.10,15.40
2007.12.24 07:17:13.268,0.99255,0.9927,0.10,0.50
2007.12.24 07:17:13.717,0.99255,0.9927,0.10,4.40
2007.12.24 07:17:13.894,0.99255,0.9927,0.10,4.40
2007.12.24 07:17:14.073,0.9926,0.9927,0.10,4.40
2007.12.24 07:17:15.015,0.99255,0.9927,0.10,4.40
2007.12.24 07:17:15.165,0.99255,0.9927,0.10,4.40
2007.12.24 07:17:16.193,0.99255,0.9927,0.10,4.40
2007.12.24 07:17:16.683,0.9924,0.9927,0.20,4.40
2007.12.24 07:17:16.830,0.9924,0.9927,0.20,5.00
2007.12.24 07:17:16.978,0.9924,0.9927,0.20,9.00
2007.12.24 07:17:17.156,0.99245,0.9927,0.10,9.00
2007.12.24 07:17:17.334,0.99245,0.9927,0.10,9.80
2007.12.24 07:17:17.512,0.9924,0.9927,0.20,9.80
2007.12.24 07:17:18.137,0.99245,0.9926,0.10,0.50
2007.12.24 07:17:18.270,0.9924,0.9926,0.10,0.50
2007.12.24 07:17:18.403,0.9924,0.9926,0.10,0.50
2007.12.24 07:17:18.547,0.99235,0.9926,0.20,0.50
2007.12.24 07:17:18.770,0.99235,0.9926,0.20,1.00
2007.12.24 07:17:18.903,0.99235,0.9926,0.20,5.00
2007.12.24 07:17:19.085,0.9924,0.9926,0.10,5.00
2007.12.24 07:17:19.456,0.99235,0.9926,0.20,5.00
2007.12.24 07:17:20.938,0.99235,0.9926,0.10,5.00
2007.12.24 07:17:21.090,0.99235,0.9926,0.10,5.00
2007.12.24 07:17:21.421,0.9923,0.9926,0.20,9.00
2007.12.24 07:17:21.645,0.9923,0.9926,0.20,13.00
2007.12.24 07:17:21.868,0.99235,0.9926,0.20,13.00
2007.12.24 07:17:22.091,0.99235,0.9926,0.20,9.00
2007.12.24 07:17:22.314,0.9923,0.9926,0.20,5.00
2007.12.24 07:17:22.504,0.99235,0.9926,0.10,13.00
2007.12.24 07:17:22.710,0.9923,0.9925,0.20,0.50
2007.12.24 07:17:22.888,0.9923,0.9925,0.20,0.50
2007.12.24 07:17:23.271,0.9923,0.9925,0.20,4.40
2007.12.24 07:17:24.698,0.99235,0.9925,0.10,0.50
2007.12.24 07:17:24.837,0.99235,0.9926,0.20,13.00
2007.12.24 07:17:24.975,0.9924,0.9926,0.10,8.40
2007.12.24 07:17:25.126,0.9924,0.9926,0.10,4.40
2007.12.24 07:17:25.264,0.9923,0.9926,0.20,5.00
2007.12.24 07:17:25.457,0.99235,0.9926,0.10,9.00
2007.12.24 07:17:29.635,0.99235,0.9926,0.10,9.00
2007.12.24 07:17:29.729,0.99235,0.9925,0.10,0.50
2007.12.24 07:17:29.824,0.99225,0.9925,0.10,0.50
2007.12.24 07:17:29.917,0.9922,0.9925,0.20,4.40
2007.12.24 07:17:30.011,0.9922,0.9925,0.20,8.40
2007.12.24 07:17:30.102,0.9922,0.9925,0.20,8.40
2007.12.24 07:17:30.243,0.99225,0.9924,0.10,4.00
2007.12.24 07:17:30.519,0.9922,0.9924,0.20,4.00
2007.12.24 07:17:33.110,0.99225,0.9924,0.10,4.00
2007.12.24 07:17:33.309,0.9922,0.9924,0.20,4.40
2007.12.24 07:17:33.507,0.99225,0.9924,0.10,4.40
2007.12.24 07:17:33.888,0.99215,0.9924,0.20,4.40
2007.12.24 07:17:34.125,0.99215,0.9924,0.20,4.40
2007.12.24 07:17:34.269,0.9922,0.9924,0.10,4.40
2007.12.24 07:17:34.641,0.9922,0.9923,0.10,4.00
2007.12.24 07:17:34.809,0.99225,0.9923,0.10,4.00
2007.12.24 07:17:35.141,0.99225,0.9923,0.10,4.00
2007.12.24 07:17:35.309,0.9923,0.9924,0.10,0.50
2007.12.24 07:17:35.477,0.9923,0.9924,0.10,0.50
2007.12.24 07:17:35.795,0.9923,0.9924,0.10,4.40
2007.12.24 07:17:35.999,0.9923,0.9924,0.10,4.40
2007.12.24 07:17:36.201,0.99235,0.9924,0.10,4.40
2007.12.24 07:17:36.405,0.99235,0.9925,0.10,5.00
2007.12.24 07:17:39.500,0.9923,0.9925,0.10,5.00
2007.12.24 07:17:39.643,0.99225,0.9925,0.20,9.00
2007.12.24 07:17:39.910,0.9922,0.9925,0.10,9.00
2007.12.24 07:17:40.053,0.99215,0.9924,0.20,0.50
2007.12.24 07:17:40.195,0.99215,0.9924,0.20,4.40
2007.12.24 07:17:40.339,0.99225,0.9924,0.10,0.50
2007.12.24 07:17:40.602,0.9922,0.9924,0.20,4.40
2007.12.24 07:17:40.745,0.99215,0.9924,0.20,4.40
2007.12.24 07:17:40.978,0.99215,0.9924,0.20,8.40
2007.12.24 07:17:41.211,0.9922,0.9924,0.10,8.40
2007.12.24 07:17:41.445,0.9922,0.9924,0.10,8.40
2007.12.24 07:17:41.756,0.99215,0.9923,0.20,4.00
2007.12.24 07:17:41.924,0.9922,0.9923,0.10,4.00
2007.12.24 07:17:42.393,0.9922,0.9923,0.10,4.00
2007.12.24 07:17:43.242,0.9922,0.9923,0.20,4.00
2007.12.24 07:17:43.390,0.99225,0.9924,0.10,4.40
2007.12.24 07:17:43.538,0.9922,0.9924,0.20,4.40
2007.12.24 07:17:43.685,0.9922,0.9924,0.20,4.40
2007.12.24 07:17:45.215,0.99215,0.9924,0.20,4.40
2007.12.24 07:17:45.332,0.9922,0.9924,0.10,8.40
2007.12.24 07:17:45.471,0.9922,0.9924,0.10,8.40
2007.12.24 07:17:45.918,0.99235,0.9924,0.10,8.40
2007.12.24 07:17:46.134,0.99235,0.9924,0.10,4.00
2007.12.24 07:17:46.325,0.99235,0.9925,0.10,8.40
2007.12.24 07:17:46.528,0.99235,0.9925,0.10,4.40
2007.12.24 07:17:46.731,0.99235,0.9925,0.10,4.40
2007.12.24 07:17:46.933,0.99235,0.9924,0.10,0.50
2007.12.24 07:17:47.385,0.99235,0.9924,0.10,0.50
2007.12.24 07:17:49.136,0.99235,0.9924,0.10,0.50
2007.12.24 07:17:49.245,0.99235,0.9924,0.10,0.50
2007.12.24 07:17:49.352,0.9924,0.9926,0.10,13.00
2007.12.24 07:17:49.517,0.9924,0.9926,0.10,9.00
2007.12.24 07:17:49.645,0.9924,0.9926,0.10,9.00
2007.12.24 07:17:49.887,0.99235,0.9926,0.10,9.00
2007.12.24 07:17:50.108,0.9923,0.9925,0.10,4.60
2007.12.24 07:17:50.342,0.9923,0.9925,0.10,5.80
2007.12.24 07:17:50.576,0.9923,0.99245,0.10,4.00
2007.12.24 07:17:52.114,0.9923,0.99245,0.10,4.00
2007.12.24 07:17:52.286,0.9923,0.99245,0.10,4.00
2007.12.24 07:17:52.459,0.9923,0.99245,0.10,4.00
2007.12.24 07:17:52.677,0.9923,0.99245,0.10,4.00
2007.12.24 07:17:52.850,0.9923,0.99245,0.10,4.00
2007.12.24 07:17:53.022,0.9923,0.9925,0.10,9.00
2007.12.24 07:17:53.238,0.9923,0.9925,0.10,9.00
2007.12.24 07:17:53.669,0.9923,0.9925,0.10,9.00
2007.12.24 07:17:53.833,0.9923,0.9924,0.10,0.50
2007.12.24 07:17:53.995,0.9923,0.9924,0.10,0.50
2007.12.24 07:17:54.283,0.9923,0.9924,0.10,4.40
2007.12.24 07:17:55.637,0.9923,0.9924,0.10,4.40
2007.12.24 07:17:57.175,0.9923,0.9924,0.10,4.00
2007.12.24 07:17:57.280,0.99225,0.9924,0.20,4.00
2007.12.24 07:17:57.308,0.99225,0.9924,0.20,4.00
2007.12.24 07:17:57.442,0.9923,0.9924,0.10,4.00
2007.12.24 07:18:00.713,0.9923,0.9924,0.10,4.40
2007.12.24 07:18:00.916,0.99225,0.9924,0.10,4.40
2007.12.24 07:18:01.119,0.99225,0.9924,0.10,4.40
2007.12.24 07:18:01.292,0.99225,0.9924,0.10,4.40
2007.12.24 07:18:01.466,0.99225,0.9924,0.10,4.40
2007.12.24 07:18:01.638,0.99225,0.9924,0.10,4.40
2007.12.24 07:18:01.812,0.9923,0.99245,0.10,4.00
2007.12.24 07:18:01.985,0.9923,0.9925,0.10,9.00
2007.12.24 07:18:02.218,0.9923,0.99245,0.10,4.00
2007.12.24 07:18:03.011,0.9923,0.99245,0.10,4.00
2007.12.24 07:18:03.214,0.9923,0.9925,0.10,9.00
2007.12.24 07:18:03.413,0.9923,0.9925,0.10,9.00
2007.12.24 07:18:03.607,0.9922,0.9924,0.10,0.50
2007.12.24 07:18:03.800,0.9922,0.9924,0.10,0.50
2007.12.24 07:18:04.005,0.9922,0.9924,0.10,0.50
2007.12.24 07:18:04.574,0.9922,0.9924,0.10,4.40
2007.12.24 07:18:10.727,0.99225,0.9924,0.10,4.40
2007.12.24 07:18:10.859,0.99225,0.9924,0.10,0.50
2007.12.24 07:18:10.999,0.99225,0.9924,0.10,0.50
2007.12.24 07:18:11.117,0.99225,0.9924,0.10,0.50
2007.12.24 07:18:11.310,0.99225,0.9924,0.10,0.50
2007.12.24 07:18:11.428,0.99225,0.9924,0.10,0.50
2007.12.24 07:18:17.967,0.99225,0.9924,0.10,0.50
2007.12.24 07:18:18.120,0.9921,0.9924,0.60,4.40
2007.12.24 07:18:18.285,0.9921,0.99225,0.10,4.00
2007.12.24 07:18:18.426,0.9921,0.99225,0.10,4.00
2007.12.24 07:18:18.579,0.9921,0.99225,0.10,4.00
2007.12.24 07:18:23.611,0.9921,0.99225,0.10,4.00
2007.12.24 07:18:24.110,0.9921,0.9923,0.10,4.60
2007.12.24 07:18:27.351,0.9921,0.9923,0.10,4.60
2007.12.24 07:18:30.246,0.9921,0.9923,0.20,4.60
2007.12.24 07:18:30.362,0.9921,0.9923,0.20,0.60
2007.12.24 07:18:30.822,0.99215,0.9923,0.10,0.60
2007.12.24 07:18:30.950,0.99215,0.9923,0.10,0.60
2007.12.24 07:18:31.079,0.99215,0.99235,0.10,4.00
2007.12.24 07:18:31.296,0.99215,0.99235,0.10,4.00
2007.12.24 07:18:31.515,0.99215,0.99235,0.10,4.00
2007.12.24 07:18:34.765,0.99215,0.9923,0.10,0.60
2007.12.24 07:18:34.988,0.9921,0.9923,0.20,0.60
2007.12.24 07:18:35.211,0.99215,0.99235,0.10,4.00
2007.12.24 07:18:35.375,0.99215,0.99235,0.10,4.00
2007.12.24 07:18:46.081,0.9921,0.99225,0.20,4.00
2007.12.24 07:18:46.220,0.992,0.99225,0.10,4.00
2007.12.24 07:18:46.367,0.99195,0.99225,0.20,4.00
2007.12.24 07:18:46.506,0.99195,0.99225,0.20,4.00
2007.12.24 07:18:46.659,0.99195,0.9922,0.20,4.00
2007.12.24 07:18:47.614,0.992,0.9922,0.10,4.00
2007.12.24 07:18:47.743,0.99195,0.9922,0.20,4.40
2007.12.24 07:18:47.870,0.99195,0.9922,0.20,8.40
2007.12.24 07:18:51.199,0.99195,0.9922,0.20,8.40
2007.12.24 07:18:51.343,0.99195,0.9922,0.20,9.00
2007.12.24 07:18:51.651,0.99195,0.9922,0.20,9.00
2007.12.24 07:18:52.669,0.99195,0.9922,0.10,9.00
2007.12.24 07:19:05.393,0.992,0.9922,0.10,9.00
2007.12.24 07:19:11.438,0.992,0.9922,0.10,9.00
2007.12.24 07:19:22.780,0.99195,0.9922,0.20,4.00
2007.12.24 07:19:24.671,0.992,0.9922,0.10,8.00
2007.12.24 07:19:25.182,0.99195,0.9922,0.20,8.00
2007.12.24 07:19:38.640,0.992,0.9922,0.10,4.00
2007.12.24 07:19:51.729,0.992,0.99225,0.10,4.00
2007.12.24 07:19:51.862,0.992,0.99225,0.10,4.00
2007.12.24 07:19:52.154,0.992,0.99225,0.10,8.00
2007.12.24 07:19:58.208,0.992,0.99225,0.10,8.00
2007.12.24 07:19:58.367,0.992,0.99225,0.10,4.00
2007.12.24 07:19:58.700,0.992,0.99225,0.10,4.00
2007.12.24 07:20:01.200,0.992,0.99225,0.10,4.00
2007.12.24 07:20:01.352,0.992,0.99225,0.10,4.00
2007.12.24 07:20:01.636,0.992,0.99225,0.10,8.00
2007.12.24 07:20:01.790,0.99195,0.99215,0.10,0.50
2007.12.24 07:20:01.953,0.99195,0.99215,0.10,0.50
2007.12.24 07:20:02.142,0.99195,0.99215,0.10,0.50
2007.12.24 07:20:02.305,0.99195,0.99215,0.10,0.50
2007.12.24 07:20:02.468,0.99195,0.99215,0.10,4.40
2007.12.24 07:20:02.663,0.99195,0.99215,0.10,4.40
2007.12.24 07:20:06.559,0.9919,0.99215,0.20,4.40
2007.12.24 07:20:11.183,0.99195,0.99215,0.20,4.40
2007.12.24 07:20:11.399,0.99195,0.99215,0.20,4.40
2007.12.24 07:20:13.515,0.99195,0.99215,0.20,4.40
2007.12.24 07:20:13.926,0.99195,0.99215,0.20,4.40
2007.12.24 07:20:25.145,0.99195,0.99215,0.20,4.40
2007.12.24 07:20:25.278,0.99195,0.99225,0.20,9.00
2007.12.24 07:20:25.396,0.99195,0.99225,0.20,5.00
2007.12.24 07:20:26.375,0.99195,0.99225,0.20,5.00
2007.12.24 07:20:39.652,0.992,0.99225,0.10,5.00
2007.12.24 07:20:39.808,0.992,0.99215,0.10,4.40
2007.12.24 07:20:39.942,0.99195,0.99215,0.10,4.40
2007.12.24 07:20:40.117,0.99195,0.99215,0.10,4.40
2007.12.24 07:20:40.332,0.99195,0.99215,0.10,4.40
2007.12.24 07:20:43.646,0.99195,0.99215,0.10,0.60
2007.12.24 07:20:47.196,0.99195,0.99215,0.10,0.50
2007.12.24 07:20:47.313,0.992,0.9922,0.10,0.70
2007.12.24 07:20:47.441,0.992,0.99225,0.10,0.70
2007.12.24 07:20:52.250,0.99195,0.99225,0.10,0.60
2007.12.24 07:20:52.393,0.99195,0.9922,0.10,0.80
2007.12.24 07:20:52.536,0.99195,0.99225,0.10,13.40
2007.12.24 07:20:52.679,0.99195,0.99225,0.10,13.40
2007.12.24 07:20:52.822,0.99195,0.9922,0.10,4.50
2007.12.24 07:20:53.243,0.99195,0.99215,0.10,0.50
2007.12.24 07:21:15.803,0.992,0.99215,0.10,4.40
2007.12.24 07:21:15.944,0.992,0.99215,0.10,4.40
2007.12.24 07:21:16.226,0.992,0.99215,0.10,4.00
2007.12.24 07:21:16.499,0.992,0.99225,0.10,9.00
2007.12.24 07:21:19.634,0.99195,0.99225,0.10,9.40
2007.12.24 07:21:19.798,0.99195,0.99215,0.10,0.50
2007.12.24 07:21:19.973,0.99195,0.99215,0.10,0.50
2007.12.24 07:21:20.234,0.99195,0.99215,0.10,4.40
2007.12.24 07:21:24.735,0.99195,0.99215,0.10,0.90
2007.12.24 07:21:29.137,0.992,0.99215,0.10,0.60
2007.12.24 07:21:29.319,0.992,0.99225,0.10,9.40
2007.12.24 07:21:29.656,0.992,0.99215,0.10,0.50
2007.12.24 07:21:29.849,0.992,0.99225,0.10,0.50
2007.12.24 07:21:30.042,0.992,0.9922,0.10,0.90
2007.12.24 07:21:30.322,0.992,0.99225,0.10,0.90
2007.12.24 07:21:31.106,0.992,0.99225,0.10,0.90
2007.12.24 07:21:31.322,0.992,0.9923,0.10,9.40
2007.12.24 07:21:44.827,0.992,0.9923,0.10,11.80
2007.12.24 07:21:44.967,0.99195,0.99235,0.10,18.20
2007.12.24 07:21:45.204,0.99195,0.99225,0.10,12.30
2007.12.24 07:21:45.407,0.99195,0.9922,0.10,4.50
2007.12.24 07:21:45.612,0.99195,0.9922,0.10,0.50
2007.12.24 07:21:45.816,0.992,0.99225,0.10,13.00
2007.12.24 07:21:46.019,0.992,0.99225,0.10,9.00
2007.12.24 07:21:46.242,0.992,0.9923,0.10,9.40
2007.12.24 07:21:47.172,0.99195,0.99235,0.10,15.80
2007.12.24 07:21:47.327,0.99195,0.99215,0.10,0.50
2007.12.24 07:21:47.479,0.99195,0.99215,0.10,0.50
2007.12.24 07:21:47.991,0.99195,0.9922,0.10,8.40
2007.12.24 07:21:48.150,0.99195,0.99215,0.10,0.60
2007.12.24 07:21:48.842,0.9919,0.9922,0.10,8.70
2007.12.24 07:21:49.000,0.9919,0.99215,0.10,4.90
2007.12.24 07:21:49.158,0.9919,0.99205,0.10,0.50
2007.12.24 07:21:49.447,0.9919,0.99215,0.10,0.90
2007.12.24 07:21:49.736,0.9919,0.99215,0.10,1.00
2007.12.24 07:21:52.260,0.99195,0.99215,0.10,1.00
2007.12.24 07:21:53.786,0.99195,0.99205,0.10,0.50
2007.12.24 07:21:53.868,0.99195,0.99215,0.10,0.50
2007.12.24 07:21:58.149,0.9921,0.99215,0.10,0.50
2007.12.24 07:21:58.242,0.9921,0.99215,0.10,0.50
2007.12.24 07:21:58.325,0.9921,0.99225,0.10,4.40
2007.12.24 07:21:58.690,0.99195,0.99225,0.10,4.40
2007.12.24 07:21:58.813,0.99195,0.99225,0.10,0.50
2007.12.24 07:21:59.053,0.99195,0.99225,0.10,0.50
2007.12.24 07:21:59.373,0.99195,0.99215,0.10,0.50
2007.12.24 07:22:02.885,0.99195,0.99215,0.10,0.50
2007.12.24 07:22:03.098,0.9919,0.99215,0.10,0.50
2007.12.24 07:22:03.241,0.9919,0.99215,0.10,0.50
2007.12.24 07:22:03.385,0.9919,0.99205,0.10,0.50
2007.12.24 07:22:04.000,0.9919,0.99205,0.10,0.50
2007.12.24 07:22:04.144,0.9919,0.99205,0.10,0.50
2007.12.24 07:22:05.110,0.9919,0.99205,0.10,0.50
2007.12.24 07:22:05.344,0.99195,0.99215,0.10,0.50
2007.12.24 07:22:05.723,0.99195,0.99215,0.10,0.50
2007.12.24 07:22:06.060,0.99195,0.99215,0.10,0.50
2007.12.24 07:22:06.163,0.99195,0.99215,0.10,0.50
2007.12.24 07:22:08.064,0.99195,0.99215,0.10,0.50
2007.12.24 07:22:27.559,0.99195,0.99215,0.10,0.50
2007.12.24 07:22:27.848,0.99195,0.99215,0.10,0.50
2007.12.24 07:22:27.860,0.99195,0.99225,0.10,15.90
2007.12.24 07:22:28.063,0.99195,0.9923,0.10,15.80
2007.12.24 07:22:28.187,0.99195,0.9923,0.10,15.70
2007.12.24 07:22:30.964,0.992,0.99225,0.10,0.60
2007.12.24 07:22:31.097,0.992,0.9923,0.10,12.40
2007.12.24 07:22:31.230,0.992,0.99225,0.10,0.80
2007.12.24 07:22:31.363,0.992,0.9923,0.10,8.40
2007.12.24 07:22:40.500,0.99205,0.9923,0.10,4.50
2007.12.24 07:22:40.628,0.99205,0.9923,0.10,4.50
2007.12.24 07:22:40.756,0.9921,0.9923,0.10,4.50
2007.12.24 07:22:40.885,0.9921,0.99225,0.10,0.50
2007.12.24 07:22:41.014,0.9922,0.9923,0.10,4.50
2007.12.24 07:22:41.141,0.9922,0.99225,0.10,0.50
2007.12.24 07:22:41.432,0.9923,0.99235,0.10,0.80
2007.12.24 07:22:41.710,0.9923,0.9925,0.10,4.50
2007.12.24 07:22:42.000,0.9923,0.9925,0.10,4.50
2007.12.24 07:22:42.278,0.9923,0.99255,0.10,15.90
2007.12.24 07:22:42.605,0.9923,0.9925,0.10,4.50
2007.12.24 07:22:42.761,0.99225,0.99245,0.10,0.50
2007.12.24 07:22:42.929,0.99225,0.9925,0.10,4.50
2007.12.24 07:22:43.105,0.99225,0.99255,0.10,16.70
2007.12.24 07:22:43.274,0.99225,0.99245,0.10,0.50
2007.12.24 07:22:43.879,0.99225,0.9925,0.10,4.50
2007.12.24 07:22:51.607,0.99225,0.9925,0.10,4.50
2007.12.24 07:22:51.786,0.99225,0.9925,0.10,4.50
2007.12.24 07:22:52.435,0.9923,0.9925,0.10,4.50
2007.12.24 07:22:52.613,0.9923,0.99255,0.10,15.90
2007.12.24 07:22:52.921,0.9923,0.99245,0.10,0.50
2007.12.24 07:22:53.383,0.9923,0.99255,0.10,15.90
2007.12.24 07:22:53.691,0.9923,0.99255,0.10,15.90
2007.12.24 07:22:53.890,0.9923,0.99255,0.10,0.50
2007.12.24 07:22:54.229,0.99235,0.99255,0.10,0.80
2007.12.24 07:22:54.415,0.99235,0.99255,0.10,0.70
2007.12.24 07:22:54.613,0.99235,0.9926,0.10,5.00
2007.12.24 07:22:55.033,0.99235,0.99255,0.10,0.50
2007.12.24 07:22:55.227,0.9924,0.9926,0.10,4.50
2007.12.24 07:22:55.420,0.9924,0.99265,0.10,13.50
2007.12.24 07:22:55.613,0.9924,0.99265,0.10,13.50
2007.12.24 07:22:55.796,0.9924,0.99275,0.10,18.90
2007.12.24 07:22:55.979,0.9924,0.99265,0.10,13.00
2007.12.24 07:22:56.163,0.9924,0.99265,0.10,13.00
2007.12.24 07:22:57.656,0.9924,0.99255,0.10,0.50
2007.12.24 07:22:57.828,0.9924,0.99255,0.10,0.50
2007.12.24 07:23:03.041,0.9924,0.99255,0.10,0.50
2007.12.24 07:23:03.199,0.9924,0.99255,0.10,0.50
2007.12.24 07:23:11.013,0.99245,0.99255,0.10,0.50
2007.12.24 07:23:11.116,0.99245,0.99255,0.10,0.50
2007.12.24 07:23:11.220,0.99245,0.99265,0.10,9.00
2007.12.24 07:23:11.333,0.99245,0.99265,0.10,4.40
2007.12.24 07:23:11.436,0.99245,0.99265,0.10,0.50
2007.12.24 07:23:11.539,0.9925,0.99275,0.10,15.40
2007.12.24 07:23:11.642,0.9925,0.99275,0.10,11.40
2007.12.24 07:23:11.745,0.9925,0.99275,0.10,11.40
2007.12.24 07:23:11.848,0.9925,0.99275,0.10,7.40
2007.12.24 07:23:11.952,0.9925,0.99275,0.10,7.40
2007.12.24 07:23:12.295,0.9925,0.99275,0.10,3.40
2007.12.24 07:23:17.945,0.9925,0.99275,0.10,3.40
2007.12.24 07:23:21.175,0.9925,0.99275,0.10,3.40
2007.12.24 07:23:21.313,0.9924,0.99275,0.20,3.40
2007.12.24 07:23:21.446,0.99245,0.99275,0.10,7.40
2007.12.24 07:23:22.053,0.9924,0.99275,0.20,7.40
2007.12.24 07:23:22.373,0.99245,0.99275,0.10,7.40
2007.12.24 07:24:12.113,0.99195,0.99285,4.00,4.80
2007.12.24 07:24:12.256,0.9924,0.99275,0.10,1.10
2007.12.24 07:24:12.407,0.9924,0.99265,0.10,2.40
2007.12.24 07:24:12.631,0.9924,0.99265,0.10,2.40
2007.12.24 07:24:12.825,0.9924,0.99265,0.10,2.40
2007.12.24 07:24:15.254,0.9924,0.9927,0.10,4.00
2007.12.24 07:24:15.677,0.9924,0.9927,0.10,4.00
2007.12.24 07:24:15.815,0.9925,0.9927,0.10,4.00
2007.12.24 07:24:15.953,0.9925,0.9927,0.10,4.00
2007.12.24 07:24:16.104,0.9925,0.9927,0.10,4.00
2007.12.24 07:24:16.416,0.9925,0.9927,0.10,4.00
2007.12.24 07:24:16.620,0.9925,0.99275,0.10,4.20
2007.12.24 07:24:19.095,0.9925,0.99275,0.10,3.40
2007.12.24 07:24:19.249,0.9924,0.99275,0.10,3.70
2007.12.24 07:24:19.402,0.9924,0.9927,0.10,4.00
2007.12.24 07:24:19.593,0.9924,0.9927,0.10,4.00
2007.12.24 07:24:20.037,0.9924,0.99265,0.10,0.60
2007.12.24 07:24:20.302,0.9924,0.99265,0.10,0.60
2007.12.24 07:24:20.516,0.9924,0.9927,0.10,4.00
2007.12.24 07:24:20.729,0.9924,0.9927,0.10,4.00
2007.12.24 07:24:21.088,0.9924,0.9927,0.10,4.00
2007.12.24 07:24:21.213,0.9924,0.99265,0.10,0.60
2007.12.24 07:24:24.713,0.99245,0.99265,0.10,0.60
2007.12.24 07:24:24.881,0.99245,0.9927,0.10,4.00
2007.12.24 07:24:25.058,0.99245,0.99275,0.10,7.40
2007.12.24 07:24:25.255,0.99245,0.99275,0.10,7.40
2007.12.24 07:24:27.603,0.99245,0.99275,0.10,7.40
2007.12.24 07:24:27.716,0.99245,0.99275,0.10,8.20
2007.12.24 07:24:27.830,0.9925,0.99275,0.10,4.20
2007.12.24 07:24:28.109,0.9925,0.99275,0.10,4.20
2007.12.24 07:24:28.308,0.9925,0.99275,0.10,4.20
2007.12.24 07:24:28.740,0.9925,0.99275,0.10,4.20
2007.12.24 07:24:28.938,0.9925,0.99275,0.10,8.20
2007.12.24 07:24:29.135,0.9925,0.99275,0.10,8.20
2007.12.24 07:24:29.746,0.9925,0.99275,0.10,8.20
2007.12.24 07:24:30.304,0.9925,0.99275,0.10,8.20
2007.12.24 07:24:30.567,0.9925,0.99275,0.10,8.20
2007.12.24 07:24:33.447,0.99255,0.99275,0.10,8.20
2007.12.24 07:24:39.871,0.9925,0.99275,0.10,8.20
2007.12.24 07:24:40.111,0.9925,0.99275,0.10,8.20
2007.12.24 07:24:40.227,0.9925,0.99275,0.10,8.20
2007.12.24 07:24:40.347,0.9925,0.9927,0.10,4.00
2007.12.24 07:24:42.610,0.9925,0.9927,0.10,4.00
2007.12.24 07:24:42.703,0.9925,0.9927,0.10,4.00
2007.12.24 07:24:42.877,0.99255,0.9927,0.10,4.00
2007.12.24 07:24:43.074,0.99255,0.99275,0.10,8.20
2007.12.24 07:24:43.248,0.99255,0.99275,0.10,8.20
2007.12.24 07:24:44.857,0.9925,0.99275,0.10,8.20
2007.12.24 07:24:45.655,0.9925,0.99275,0.10,8.20
2007.12.24 07:24:45.753,0.99245,0.99275,0.10,7.40
2007.12.24 07:24:45.851,0.99245,0.99275,0.10,7.40
2007.12.24 07:24:46.061,0.99245,0.9927,0.10,4.00
2007.12.24 07:24:54.118,0.99245,0.9927,0.10,4.00
2007.12.24 07:24:54.155,0.9924,0.9927,0.20,4.00
2007.12.24 07:24:54.231,0.99245,0.9927,0.10,4.00
2007.12.24 07:24:54.395,0.99245,0.9927,0.20,4.00
2007.12.24 07:24:54.591,0.99245,0.99275,0.20,8.20
2007.12.24 07:24:54.742,0.9925,0.99275,0.10,8.20
2007.12.24 07:24:56.446,0.99245,0.99275,0.20,8.20
2007.12.24 07:24:56.645,0.9925,0.99275,0.10,5.80
2007.12.24 07:24:56.766,0.99255,0.99275,0.10,5.00
2007.12.24 07:24:56.874,0.9925,0.99275,0.20,5.00
2007.12.24 07:24:56.983,0.99255,0.99275,0.10,5.00
2007.12.24 07:24:57.102,0.9925,0.99275,0.20,1.00
2007.12.24 07:24:59.144,0.9925,0.9928,0.20,4.00
2007.12.24 07:24:59.232,0.99255,0.9928,0.20,4.00
2007.12.24 07:24:59.321,0.9926,0.99285,0.10,8.20
2007.12.24 07:24:59.925,0.99255,0.99285,0.20,8.20
2007.12.24 07:25:00.595,0.9926,0.99285,0.10,7.40
2007.12.24 07:25:00.713,0.9926,0.99285,0.10,4.60
2007.12.24 07:25:00.831,0.9926,0.99285,0.20,4.60
2007.12.24 07:25:01.011,0.99265,0.99285,0.10,4.60
2007.12.24 07:25:01.129,0.99265,0.99285,0.10,0.60
2007.12.24 07:25:01.314,0.9926,0.99285,0.20,0.60
2007.12.24 07:25:02.920,0.99255,0.99285,0.20,0.60
2007.12.24 07:25:03.140,0.9926,0.99285,0.10,1.40
2007.12.24 07:25:03.224,0.9926,0.99285,0.10,1.80
2007.12.24 07:25:03.312,0.99255,0.99285,0.20,4.20
2007.12.24 07:25:03.397,0.9926,0.99285,0.10,8.20
2007.12.24 07:25:06.654,0.9926,0.99285,0.10,7.40
2007.12.24 07:25:06.902,0.99265,0.99285,0.10,4.60
2007.12.24 07:25:07.025,0.99265,0.99285,0.10,0.60
2007.12.24 07:25:16.773,0.99265,0.99285,0.10,3.00
2007.12.24 07:25:16.931,0.9926,0.99285,0.10,3.00
2007.12.24 07:25:17.196,0.9926,0.99285,0.10,3.80
2007.12.24 07:25:17.363,0.9926,0.99285,0.10,8.20
2007.12.24 07:25:17.759,0.9926,0.99285,0.20,8.20
2007.12.24 07:25:17.928,0.9926,0.99285,0.20,5.00
2007.12.24 07:25:18.096,0.9926,0.99285,0.20,1.00
2007.12.24 07:25:18.362,0.99265,0.99285,0.10,1.00
2007.12.24 07:25:24.221,0.99265,0.99285,0.10,0.60
2007.12.24 07:25:48.951,0.99255,0.9929,0.10,1.40
2007.12.24 07:25:49.134,0.99255,0.9928,0.10,4.50
2007.12.24 07:25:49.316,0.99255,0.99275,0.10,0.50
2007.12.24 07:25:49.500,0.99255,0.99275,0.10,0.50
2007.12.24 07:25:49.819,0.99265,0.9928,0.10,4.50
2007.12.24 07:25:50.005,0.99265,0.9928,0.10,4.50
2007.12.24 07:25:50.158,0.99265,0.9929,0.10,5.00
2007.12.24 07:25:50.332,0.99265,0.99285,0.10,0.80
2007.12.24 07:25:58.292,0.99265,0.99285,0.10,0.80
2007.12.24 07:26:05.317,0.99255,0.99285,0.10,1.00
2007.12.24 07:26:05.530,0.9925,0.99275,0.20,0.50
2007.12.24 07:26:05.647,0.9925,0.99275,0.20,0.50
2007.12.24 07:26:05.766,0.99255,0.99265,0.10,0.50
2007.12.24 07:26:05.884,0.99255,0.99265,0.10,0.50
2007.12.24 07:26:06.001,0.9925,0.99265,0.20,0.50
2007.12.24 07:26:07.359,0.9925,0.99265,0.20,0.50
2007.12.24 07:26:07.556,0.9926,0.99285,0.20,5.00
2007.12.24 07:26:07.670,0.9926,0.99285,0.20,1.00
2007.12.24 07:26:09.370,0.99265,0.99285,0.10,1.00
2007.12.24 07:26:29.683,0.9927,0.99285,0.10,1.00
2007.12.24 07:26:29.849,0.9927,0.99285,0.10,0.60
2007.12.24 07:26:30.936,0.99265,0.99285,0.10,0.60
2007.12.24 07:26:31.079,0.99265,0.99285,0.10,0.60
2007.12.24 07:26:31.546,0.99265,0.99285,0.10,4.60
2007.12.24 07:26:31.959,0.99265,0.99285,0.10,0.60
2007.12.24 07:26:34.374,0.99265,0.99285,0.10,0.60
2007.12.24 07:26:57.152,0.99265,0.9929,0.10,4.60
2007.12.24 07:26:57.281,0.9927,0.9929,0.10,4.60
2007.12.24 07:26:57.409,0.9927,0.9929,0.10,4.60
2007.12.24 07:26:57.645,0.9927,0.99295,0.10,9.40
2007.12.24 07:27:06.751,0.99265,0.99285,0.10,0.60
2007.12.24 07:27:07.086,0.99265,0.99285,0.10,0.60
2007.12.24 07:27:07.209,0.99265,0.99285,0.10,0.60
2007.12.24 07:27:07.332,0.99265,0.99285,0.10,0.60
2007.12.24 07:27:10.764,0.99265,0.99285,0.10,3.00
2007.12.24 07:27:10.902,0.9926,0.99285,0.10,3.00
2007.12.24 07:27:11.082,0.9926,0.99285,0.10,3.00
2007.12.24 07:27:11.194,0.9926,0.99285,0.10,4.20
2007.12.24 07:27:11.307,0.9926,0.99285,0.10,8.20
2007.12.24 07:27:43.033,0.99225,0.99285,4.00,4.00
2007.12.24 07:27:43.206,0.9924,0.9928,0.60,3.40
2007.12.24 07:27:53.630,0.9924,0.9928,0.60,3.40
2007.12.24 07:27:53.769,0.99265,0.99285,0.10,7.00
2007.12.24 07:27:53.909,0.99265,0.99285,0.10,4.60
2007.12.24 07:27:54.058,0.99265,0.99285,0.10,0.60
2007.12.24 07:28:03.922,0.99265,0.99285,0.10,0.60
2007.12.24 07:28:12.356,0.99265,0.99285,0.10,4.60
2007.12.24 07:28:26.038,0.9926,0.99285,0.10,4.00
2007.12.24 07:28:26.179,0.9926,0.99285,0.10,4.80
2007.12.24 07:28:26.279,0.9926,0.99285,0.10,4.80
2007.12.24 07:28:26.357,0.9926,0.99285,0.10,8.20
2007.12.24 07:28:26.589,0.9926,0.99285,0.10,8.20
2007.12.24 07:28:26.803,0.9926,0.99285,0.10,8.20
2007.12.24 07:28:27.615,0.9926,0.99295,0.10,11.70
2007.12.24 07:28:31.631,0.9926,0.99295,0.10,10.10
2007.12.24 07:28:31.839,0.99265,0.99295,0.10,12.60
2007.12.24 07:28:32.208,0.99265,0.99295,0.10,8.60
2007.12.24 07:28:32.371,0.99265,0.9929,0.10,4.60
2007.12.24 07:28:32.611,0.99265,0.99285,0.10,0.60
2007.12.24 07:28:37.153,0.9926,0.9929,0.10,4.60
2007.12.24 07:28:37.282,0.9926,0.99285,0.10,0.70
2007.12.24 07:28:37.470,0.9926,0.99295,0.10,10.10
2007.12.24 07:28:37.688,0.9926,0.99295,0.10,10.10
2007.12.24 07:28:37.875,0.9926,0.99295,0.10,10.90
2007.12.24 07:28:38.607,0.99255,0.99285,0.10,0.50
2007.12.24 07:28:38.776,0.99255,0.99285,0.10,8.50
2007.12.24 07:28:38.945,0.99255,0.99275,0.10,0.90
2007.12.24 07:28:39.118,0.99255,0.9928,0.10,5.80
2007.12.24 07:28:40.205,0.99255,0.99275,0.10,4.70
2007.12.24 07:28:40.349,0.9925,0.99265,0.10,0.50
2007.12.24 07:28:40.579,0.99255,0.99265,0.10,0.50
2007.12.24 07:28:40.732,0.99255,0.99275,0.10,0.80
2007.12.24 07:28:40.884,0.99255,0.9928,0.10,5.80
2007.12.24 07:28:42.630,0.99255,0.9928,0.10,5.00
2007.12.24 07:28:42.724,0.99265,0.9928,0.10,5.00
2007.12.24 07:28:42.817,0.99265,0.9928,0.10,0.90
2007.12.24 07:28:42.910,0.99265,0.9929,0.10,9.00
2007.12.24 07:28:43.004,0.99265,0.99285,0.10,0.90
2007.12.24 07:28:43.334,0.99265,0.9929,0.10,5.00
2007.12.24 07:28:47.165,0.99265,0.9929,0.10,4.50
2007.12.24 07:28:47.269,0.9927,0.9929,0.10,4.50
2007.12.24 07:28:47.372,0.9927,0.99295,0.10,9.50
2007.12.24 07:28:47.569,0.9927,0.99285,0.10,0.50
2007.12.24 07:28:48.692,0.9927,0.99295,0.10,9.50
2007.12.24 07:28:49.190,0.9926,0.99285,0.10,0.80
2007.12.24 07:28:49.303,0.9926,0.99295,0.10,13.70
2007.12.24 07:28:49.395,0.9926,0.9929,0.10,7.60
2007.12.24 07:28:49.488,0.9926,0.9929,0.10,8.20
2007.12.24 07:28:49.612,0.9926,0.9929,0.10,8.20
2007.12.24 07:28:49.905,0.9926,0.99285,0.10,0.50
2007.12.24 07:28:51.645,0.9926,0.99295,0.10,10.10
2007.12.24 07:28:51.754,0.99265,0.99295,0.10,9.80
2007.12.24 07:28:51.912,0.99265,0.99285,0.10,0.50
2007.12.24 07:28:52.083,0.99265,0.99285,0.10,0.70
2007.12.24 07:28:52.254,0.99265,0.9929,0.10,5.00
2007.12.24 07:28:52.777,0.99265,0.9929,0.10,4.50
2007.12.24 07:28:52.914,0.99265,0.99285,0.10,0.50
2007.12.24 07:28:56.143,0.9926,0.99285,0.10,0.50
2007.12.24 07:28:56.226,0.9926,0.99285,0.10,4.40
2007.12.24 07:28:56.308,0.9926,0.99285,0.10,7.40
2007.12.24 07:28:56.392,0.9926,0.99285,0.10,11.40
2007.12.24 07:28:56.521,0.9926,0.99285,0.10,11.40
2007.12.24 07:28:56.666,0.9926,0.99285,0.10,11.40
2007.12.24 07:28:56.770,0.99245,0.9928,0.10,0.40
2007.12.24 07:28:56.864,0.99245,0.9928,0.10,0.40
2007.12.24 07:28:56.947,0.99245,0.99275,0.10,0.60
2007.12.24 07:28:57.047,0.99245,0.9927,0.10,4.00
2007.12.24 07:28:57.382,0.99245,0.9927,0.10,4.00
2007.12.24 07:28:57.716,0.99245,0.99265,0.10,0.60
2007.12.24 07:28:58.720,0.99245,0.99265,0.10,1.00
2007.12.24 07:29:01.096,0.99245,0.99265,0.10,1.00
2007.12.24 07:29:01.300,0.99245,0.99265,0.10,1.00
2007.12.24 07:29:02.124,0.99245,0.99265,0.10,1.00
2007.12.24 07:29:02.277,0.9924,0.99265,0.10,1.00
2007.12.24 07:29:02.430,0.9924,0.99265,0.10,1.00
2007.12.24 07:29:02.731,0.9924,0.99265,0.10,1.00
2007.12.24 07:29:05.690,0.99235,0.99265,0.10,1.00
2007.12.24 07:29:05.822,0.99235,0.9926,0.10,4.00
2007.12.24 07:29:05.950,0.99235,0.9926,0.10,4.00
2007.12.24 07:29:06.078,0.99235,0.9926,0.10,4.00
2007.12.24 07:29:06.228,0.99235,0.99255,0.10,1.00
2007.12.24 07:29:06.357,0.99235,0.99255,0.10,1.00
2007.12.24 07:29:06.586,0.99235,0.99255,0.10,1.00
2007.12.24 07:29:06.814,0.99205,0.99255,0.10,1.00
2007.12.24 07:29:07.042,0.99205,0.99255,0.10,1.00
2007.12.24 07:29:07.271,0.99205,0.99255,0.10,5.00
2007.12.24 07:29:07.499,0.99205,0.9925,0.10,4.00
2007.12.24 07:29:08.648,0.99205,0.9925,0.10,4.00
2007.12.24 07:29:08.772,0.99235,0.9925,0.10,4.00
2007.12.24 07:29:08.906,0.99235,0.99255,0.10,1.00
2007.12.24 07:29:09.029,0.99235,0.99255,0.10,1.00
2007.12.24 07:29:09.153,0.99235,0.99255,0.10,1.00
2007.12.24 07:29:09.375,0.99235,0.99255,0.10,1.00
2007.12.24 07:29:09.597,0.99235,0.99255,0.10,1.00
2007.12.24 07:29:09.702,0.99235,0.99255,0.10,0.50
2007.12.24 07:29:09.820,0.99225,0.99245,0.10,0.50
2007.12.24 07:29:10.086,0.99225,0.99245,0.10,0.50
2007.12.24 07:29:10.310,0.9923,0.9925,0.10,4.00
2007.12.24 07:29:10.551,0.9923,0.9925,0.10,4.00
2007.12.24 07:29:10.696,0.9923,0.99255,0.10,5.00
2007.12.24 07:29:10.859,0.9923,0.99255,0.10,5.00
2007.12.24 07:29:13.690,0.99225,0.99255,0.10,5.00
2007.12.24 07:29:13.824,0.99225,0.99245,0.10,0.50
2007.12.24 07:29:14.067,0.99225,0.99245,0.10,0.50
2007.12.24 07:29:15.723,0.99225,0.9925,0.10,4.00
2007.12.24 07:29:15.831,0.99235,0.9925,0.10,4.00
2007.12.24 07:29:15.939,0.99235,0.9925,0.10,4.00
2007.12.24 07:29:16.074,0.99235,0.99255,0.10,1.00
2007.12.24 07:29:16.714,0.9923,0.99255,0.10,1.00
2007.12.24 07:29:16.959,0.9923,0.99255,0.10,1.00
2007.12.24 07:29:17.201,0.9923,0.99255,0.10,5.00
2007.12.24 07:29:17.446,0.9923,0.99255,0.10,5.00
2007.12.24 07:29:18.659,0.99225,0.99255,0.10,5.00
2007.12.24 07:29:18.892,0.99225,0.99245,0.10,0.60
2007.12.24 07:29:19.011,0.99225,0.99245,0.10,0.60
2007.12.24 07:29:19.142,0.99225,0.99245,0.10,0.60
2007.12.24 07:29:31.234,0.9923,0.99245,0.10,0.60
2007.12.24 07:29:31.442,0.9923,0.9925,0.10,4.00
2007.12.24 07:29:31.650,0.9923,0.99255,0.10,4.60
2007.12.24 07:29:31.857,0.9923,0.99255,0.10,4.60
2007.12.24 07:29:32.065,0.9923,0.99255,0.10,4.60
2007.12.24 07:29:41.531,0.9923,0.99255,0.10,0.60
2007.12.24 07:29:46.170,0.9923,0.99255,0.10,1.40
2007.12.24 07:29:46.414,0.9922,0.99255,0.10,4.10
2007.12.24 07:29:46.685,0.9922,0.99255,0.10,4.50
2007.12.24 07:29:46.939,0.9922,0.9925,0.10,4.00
2007.12.24 07:29:47.191,0.9922,0.9925,0.10,4.00
2007.12.24 07:29:47.445,0.9922,0.9925,0.10,4.00
2007.12.24 07:29:47.765,0.9922,0.99245,0.10,0.50
2007.12.24 07:29:49.699,0.9922,0.99245,0.10,0.50
2007.12.24 07:29:49.832,0.9922,0.99245,0.10,7.40
2007.12.24 07:29:50.035,0.9922,0.99245,0.10,7.40
2007.12.24 07:29:50.169,0.9922,0.99245,0.10,7.40
2007.12.24 07:29:50.302,0.9922,0.99245,0.10,8.20
2007.12.24 07:29:50.436,0.9922,0.99245,0.10,8.20
2007.12.24 07:29:50.662,0.9922,0.99235,0.10,0.50
2007.12.24 07:29:50.795,0.99215,0.99235,0.10,1.20
2007.12.24 07:29:51.037,0.99215,0.99235,0.10,1.80
2007.12.24 07:29:51.280,0.99215,0.99235,0.10,1.00
2007.12.24 07:29:51.524,0.99215,0.99235,0.10,1.00
2007.12.24 07:29:52.717,0.9922,0.99235,0.10,1.00
2007.12.24 07:29:52.795,0.9922,0.99235,0.10,0.80
2007.12.24 07:29:52.854,0.9922,0.9924,0.10,4.60
2007.12.24 07:29:53.118,0.9922,0.99235,0.10,0.60
2007.12.24 07:29:53.380,0.9922,0.99245,0.10,13.40
2007.12.24 07:29:56.044,0.9922,0.99245,0.10,13.40
2007.12.24 07:29:56.195,0.9922,0.99245,0.10,0.60
2007.12.24 07:30:01.186,0.9922,0.9925,0.10,8.60
2007.12.24 07:30:01.595,0.9922,0.99245,0.10,0.80
2007.12.24 07:30:01.812,0.9921,0.99255,0.10,15.70
2007.12.24 07:30:02.031,0.9921,0.99245,0.10,10.50
2007.12.24 07:30:02.265,0.9921,0.99235,0.10,0.90
2007.12.24 07:30:02.499,0.9921,0.99235,0.10,0.50
2007.12.24 07:30:02.732,0.9921,0.99235,0.10,0.70
2007.12.24 07:30:02.965,0.9921,0.9924,0.10,8.60
2007.12.24 07:30:06.942,0.9921,0.9924,0.10,8.90
2007.12.24 07:30:07.089,0.9921,0.99235,0.10,0.70
2007.12.24 07:30:07.284,0.9921,0.99235,0.10,0.50
2007.12.24 07:30:07.557,0.992,0.99235,0.10,0.70
2007.12.24 07:30:07.751,0.99195,0.9923,0.10,2.80
2007.12.24 07:30:07.943,0.99195,0.9923,0.10,6.80
2007.12.24 07:30:08.137,0.99195,0.99225,0.10,0.80
2007.12.24 07:30:08.345,0.99195,0.9923,0.10,15.40
2007.12.24 07:30:11.119,0.992,0.99225,0.10,0.90
2007.12.24 07:30:11.232,0.99205,0.99235,0.10,18.20
2007.12.24 07:30:11.381,0.99205,0.99235,0.10,17.00
2007.12.24 07:30:11.549,0.99205,0.99235,0.10,17.00
2007.12.24 07:30:11.697,0.99205,0.99235,0.10,0.70
2007.12.24 07:30:12.067,0.99205,0.99225,0.10,0.70
2007.12.24 07:30:12.261,0.9921,0.99235,0.10,17.00
2007.12.24 07:30:12.465,0.9921,0.99225,0.10,0.60
2007.12.24 07:30:12.670,0.9921,0.99235,0.10,0.70
2007.12.24 07:30:13.605,0.9921,0.9924,0.10,9.40
2007.12.24 07:30:13.743,0.992,0.9924,0.10,9.80
2007.12.24 07:30:13.881,0.992,0.99235,0.10,12.20
2007.12.24 07:30:14.019,0.992,0.99235,0.10,16.20
2007.12.24 07:30:14.208,0.992,0.9923,0.10,8.00
2007.12.24 07:30:14.346,0.992,0.99225,0.10,0.60
2007.12.24 07:30:14.609,0.992,0.9923,0.10,8.00
2007.12.24 07:30:15.770,0.99205,0.99225,0.10,0.80
2007.12.24 07:30:15.970,0.99205,0.9923,0.10,8.00
2007.12.24 07:30:16.068,0.99205,0.99235,0.10,16.20
2007.12.24 07:30:16.254,0.99205,0.9924,0.10,16.60
2007.12.24 07:30:16.352,0.99205,0.99235,0.10,0.70
2007.12.24 07:30:16.628,0.99205,0.9924,0.10,16.20
2007.12.24 07:30:16.902,0.9921,0.99235,0.10,0.70
2007.12.24 07:30:17.175,0.9921,0.9924,0.10,8.60
2007.12.24 07:30:17.448,0.9921,0.99235,0.10,0.50
2007.12.24 07:30:17.626,0.99205,0.9924,0.10,8.90
2007.12.24 07:30:17.785,0.99205,0.99235,0.10,0.60
2007.12.24 07:30:17.923,0.99205,0.9924,0.10,15.30
2007.12.24 07:30:18.092,0.99205,0.9924,0.10,15.40
2007.12.24 07:30:18.228,0.9921,0.99245,0.10,17.70
2007.12.24 07:30:18.473,0.9921,0.99235,0.10,0.60
2007.12.24 07:30:18.756,0.9921,0.99235,0.10,0.70
2007.12.24 07:30:19.699,0.99205,0.9924,0.10,8.90
2007.12.24 07:30:19.888,0.99215,0.9924,0.10,7.00
2007.12.24 07:30:20.077,0.99215,0.99245,0.10,15.00
2007.12.24 07:30:20.265,0.99215,0.99235,0.10,0.70
2007.12.24 07:30:20.464,0.99215,0.9924,0.10,4.50
2007.12.24 07:30:20.692,0.99215,0.99235,0.10,0.50
2007.12.24 07:30:21.885,0.99205,0.99235,0.10,0.50
2007.12.24 07:30:22.084,0.99205,0.99235,0.10,3.40
2007.12.24 07:30:22.261,0.99205,0.99235,0.10,7.40
2007.12.24 07:30:22.449,0.99205,0.99235,0.10,7.40
2007.12.24 07:30:22.637,0.99205,0.99235,0.10,11.40
2007.12.24 07:30:23.164,0.99205,0.99235,0.10,9.00
2007.12.24 07:30:23.362,0.9921,0.99235,0.10,9.00
2007.12.24 07:30:23.560,0.9921,0.99235,0.10,5.00
2007.12.24 07:30:23.842,0.9921,0.99235,0.10,4.60
2007.12.24 07:30:24.021,0.9921,0.99235,0.10,4.60
2007.12.24 07:30:24.199,0.9921,0.99235,0.10,4.00
2007.12.24 07:30:24.377,0.9921,0.99235,0.10,4.00
2007.12.24 07:30:27.872,0.9921,0.99235,0.10,0.50
2007.12.24 07:30:29.140,0.9922,0.9924,0.10,8.00
2007.12.24 07:30:29.329,0.9922,0.99235,0.10,0.70
2007.12.24 07:30:29.518,0.9922,0.99235,0.10,0.90
2007.12.24 07:30:29.707,0.9922,0.99245,0.10,4.60
2007.12.24 07:30:30.041,0.9922,0.99245,0.10,5.40
2007.12.24 07:30:30.663,0.9922,0.99225,0.10,0.80
2007.12.24 07:30:30.847,0.9922,0.99235,0.10,0.80
2007.12.24 07:30:31.107,0.99215,0.99245,0.10,4.60
2007.12.24 07:30:31.289,0.99215,0.99245,0.10,7.00
2007.12.24 07:30:31.473,0.99215,0.99235,0.10,0.60
2007.12.24 07:30:31.656,0.99215,0.99235,0.10,0.80
2007.12.24 07:30:31.905,0.99215,0.99235,0.10,0.60
2007.12.24 07:30:32.153,0.99215,0.99245,0.10,15.80
2007.12.24 07:30:33.834,0.99215,0.99245,0.10,15.40
2007.12.24 07:30:33.977,0.99215,0.99245,0.10,15.40
2007.12.24 07:30:39.526,0.99215,0.99235,0.10,0.70
2007.12.24 07:30:40.880,0.99235,0.99245,0.10,0.50
2007.12.24 07:30:41.039,0.99235,0.99245,0.10,0.70
2007.12.24 07:30:41.198,0.99235,0.99255,0.10,1.50
2007.12.24 07:30:41.356,0.99235,0.99265,0.10,13.80
2007.12.24 07:30:41.514,0.99235,0.9927,0.10,13.00
2007.12.24 07:30:41.671,0.99235,0.99265,0.10,0.70
2007.12.24 07:30:42.100,0.99235,0.9927,0.10,12.90
2007.12.24 07:30:42.282,0.99235,0.9927,0.10,12.90
2007.12.24 07:30:44.105,0.99235,0.9927,0.10,13.70
2007.12.24 07:30:44.553,0.99235,0.99265,0.10,0.50
2007.12.24 07:30:47.105,0.9924,0.99265,0.10,0.80
2007.12.24 07:30:47.251,0.99225,0.99265,0.10,13.80
2007.12.24 07:30:47.399,0.9923,0.99265,0.10,0.90
2007.12.24 07:30:47.547,0.9923,0.99265,0.10,17.40
2007.12.24 07:30:47.696,0.9923,0.99255,0.10,0.60
2007.12.24 07:30:47.843,0.9923,0.99255,0.10,0.90
2007.12.24 07:30:47.992,0.99225,0.99255,0.10,15.80
2007.12.24 07:30:48.334,0.99225,0.99255,0.10,15.80
2007.12.24 07:30:48.814,0.99225,0.99245,0.10,0.70
2007.12.24 07:30:49.147,0.99225,0.99255,0.10,15.80
2007.12.24 07:30:49.371,0.99225,0.99245,0.10,0.60
2007.12.24 07:30:51.100,0.99225,0.99245,0.10,0.70
2007.12.24 07:30:52.001,0.99225,0.99245,0.10,0.90
2007.12.24 07:30:52.279,0.99225,0.99255,0.10,15.80
2007.12.24 07:30:55.483,0.99225,0.99245,0.10,4.00
2007.12.24 07:30:55.677,0.99225,0.99255,0.10,11.80
2007.12.24 07:30:59.517,0.99225,0.99255,0.10,11.80
2007.12.24 07:30:59.645,0.99225,0.99255,0.10,11.80
2007.12.24 07:30:59.773,0.99225,0.99255,0.10,11.80
2007.12.24 07:30:59.900,0.99225,0.99255,0.10,11.80
2007.12.24 07:31:03.180,0.9922,0.99255,0.10,12.10
2007.12.24 07:31:03.503,0.99225,0.99255,0.10,11.80
2007.12.24 07:31:03.681,0.99225,0.99255,0.10,11.80
2007.12.24 07:31:03.860,0.99225,0.99255,0.10,11.80
2007.12.24 07:31:04.237,0.99225,0.99245,0.10,0.60
2007.12.24 07:31:06.338,0.99225,0.99245,0.10,0.60
2007.12.24 07:31:08.487,0.99225,0.99245,0.10,1.40
2007.12.24 07:31:09.007,0.9922,0.99245,0.10,1.40
2007.12.24 07:31:09.185,0.9922,0.99245,0.10,1.40
2007.12.24 07:31:09.363,0.9921,0.9924,0.10,0.40
2007.12.24 07:31:09.542,0.9921,0.99235,0.10,4.00
2007.12.24 07:31:09.721,0.9921,0.99235,0.10,4.00
2007.12.24 07:31:09.899,0.99205,0.99235,0.10,8.60
2007.12.24 07:31:10.153,0.9919,0.9923,0.10,4.00
2007.12.24 07:31:10.405,0.9919,0.9923,0.10,4.00
2007.12.24 07:31:10.658,0.9919,0.99235,0.10,4.60
2007.12.24 07:31:10.911,0.99205,0.99235,0.10,4.60
2007.12.24 07:31:11.090,0.99205,0.99225,0.10,0.60
2007.12.24 07:31:11.317,0.99205,0.99225,0.10,0.60
2007.12.24 07:31:11.495,0.9919,0.99225,0.10,0.90
2007.12.24 07:31:11.673,0.9919,0.9922,0.10,4.00
2007.12.24 07:31:11.851,0.992,0.99225,0.10,0.60
2007.12.24 07:31:12.115,0.992,0.99225,0.10,0.60
2007.12.24 07:31:13.982,0.992,0.99225,0.10,0.60
2007.12.24 07:31:14.106,0.992,0.99225,0.10,0.60
2007.12.24 07:31:14.242,0.99185,0.99215,0.10,0.40
2007.12.24 07:31:14.363,0.99185,0.9921,0.10,4.00
2007.12.24 07:31:14.496,0.99185,0.9921,0.10,4.00
2007.12.24 07:31:14.620,0.99185,0.9921,0.10,4.00
2007.12.24 07:31:14.744,0.99185,0.9921,0.10,4.00
2007.12.24 07:31:14.868,0.99185,0.9921,0.10,4.00
2007.12.24 07:31:15.336,0.99185,0.9921,0.10,4.00
2007.12.24 07:31:15.669,0.99185,0.9921,0.10,4.00
2007.12.24 07:31:16.900,0.99185,0.9921,0.10,4.00
2007.12.24 07:31:17.128,0.99185,0.99215,0.10,11.00
2007.12.24 07:31:17.356,0.99185,0.99215,0.10,8.60
2007.12.24 07:31:17.583,0.99185,0.99215,0.10,8.60
2007.12.24 07:31:17.810,0.99185,0.99215,0.10,8.60
2007.12.24 07:31:18.038,0.99185,0.99215,0.10,8.60
2007.12.24 07:31:18.241,0.99185,0.99215,0.10,8.60
2007.12.24 07:31:18.607,0.99185,0.99215,0.10,8.60
2007.12.24 07:31:18.876,0.99195,0.99215,0.10,8.60
2007.12.24 07:31:19.047,0.99195,0.99215,0.10,8.60
2007.12.24 07:31:19.220,0.99195,0.99215,0.10,8.60
2007.12.24 07:31:19.405,0.99195,0.99215,0.10,4.60
2007.12.24 07:31:19.577,0.99195,0.99215,0.10,4.60
2007.12.24 07:31:20.528,0.99195,0.99215,0.10,4.60
2007.12.24 07:31:20.717,0.99195,0.99215,0.10,4.00
2007.12.24 07:31:20.905,0.99195,0.99215,0.10,4.00
2007.12.24 07:31:37.195,0.99195,0.99225,0.10,15.40
2007.12.24 07:31:38.173,0.9919,0.9922,0.10,0.40
2007.12.24 07:31:38.356,0.9919,0.9922,0.10,0.40
2007.12.24 07:31:38.539,0.9919,0.9922,0.10,4.30
2007.12.24 07:31:38.740,0.9919,0.9922,0.10,4.30
2007.12.24 07:31:38.998,0.9918,0.99215,0.10,0.40
2007.12.24 07:31:39.198,0.9918,0.99215,0.10,0.90
2007.12.24 07:31:39.388,0.9917,0.992,0.10,4.00
2007.12.24 07:31:39.575,0.9917,0.992,0.10,4.00
2007.12.24 07:31:39.808,0.99165,0.992,0.60,4.30
2007.12.24 07:31:40.041,0.99155,0.9919,0.60,0.40
2007.12.24 07:31:40.274,0.99155,0.99195,0.60,4.00
2007.12.24 07:31:40.508,0.99155,0.99195,0.10,4.00
2007.12.24 07:31:40.721,0.9917,0.99205,0.10,4.90
2007.12.24 07:31:40.935,0.9917,0.99205,0.10,4.90
2007.12.24 07:31:41.148,0.9917,0.992,0.10,4.00
2007.12.24 07:31:43.573,0.9917,0.99205,0.10,4.90
2007.12.24 07:31:43.681,0.9917,0.99205,0.10,4.90
2007.12.24 07:31:43.790,0.99175,0.99205,0.10,4.60
2007.12.24 07:31:43.898,0.99175,0.99205,0.10,4.60
2007.12.24 07:31:44.059,0.99175,0.99205,0.10,4.60
2007.12.24 07:31:44.167,0.99175,0.99205,0.10,4.60
2007.12.24 07:31:45.745,0.99185,0.99205,0.10,4.60
2007.12.24 07:31:45.938,0.99185,0.99205,0.10,0.60
2007.12.24 07:31:46.131,0.99185,0.99215,0.10,11.80
2007.12.24 07:31:46.324,0.99185,0.99215,0.10,11.80
2007.12.24 07:31:46.519,0.99185,0.99215,0.10,11.80
2007.12.24 07:31:50.844,0.99185,0.99215,0.10,11.80
2007.12.24 07:31:50.978,0.9919,0.99215,0.10,11.80
2007.12.24 07:31:51.126,0.9919,0.99215,0.10,11.80
2007.12.24 07:31:51.273,0.9919,0.99215,0.10,8.60
2007.12.24 07:31:51.422,0.9919,0.99215,0.10,4.60
2007.12.24 07:31:51.570,0.9919,0.99215,0.10,0.60
2007.12.24 07:31:53.977,0.9919,0.9922,0.10,4.30
2007.12.24 07:31:54.205,0.9919,0.9922,0.10,4.30
2007.12.24 07:31:56.562,0.9919,0.9922,0.10,4.30
2007.12.24 07:31:59.449,0.9919,0.9922,0.10,4.30
2007.12.24 07:31:59.558,0.9919,0.9922,0.10,4.30
2007.12.24 07:32:19.474,0.99195,0.9922,0.10,4.00
2007.12.24 07:32:19.687,0.99195,0.9922,0.10,4.00
2007.12.24 07:32:19.830,0.99195,0.99225,0.10,7.00
2007.12.24 07:32:20.099,0.99195,0.99225,0.10,7.00
2007.12.24 07:32:20.242,0.99195,0.99225,0.10,7.00
2007.12.24 07:32:20.626,0.99195,0.99225,0.10,7.00
2007.12.24 07:32:20.805,0.99195,0.99225,0.10,8.20
2007.12.24 07:32:20.983,0.99195,0.99225,0.10,8.20
2007.12.24 07:32:21.668,0.99195,0.99225,0.10,8.20
2007.12.24 07:32:21.876,0.99195,0.99225,0.10,7.00
2007.12.24 07:32:22.692,0.99215,0.99225,0.10,7.00
2007.12.24 07:32:22.860,0.99215,0.99225,0.10,0.60
2007.12.24 07:32:23.028,0.99215,0.99235,0.10,1.20
2007.12.24 07:32:23.197,0.99215,0.99225,0.10,4.00
2007.12.24 07:32:23.365,0.99215,0.99225,0.10,4.00
2007.12.24 07:32:23.534,0.9921,0.99225,0.10,4.00
2007.12.24 07:32:23.702,0.9921,0.99225,0.10,4.00
2007.12.24 07:32:23.921,0.99225,0.99245,0.10,4.00
2007.12.24 07:32:24.139,0.99225,0.99245,0.10,4.00
2007.12.24 07:32:24.357,0.99225,0.99255,0.10,8.60
2007.12.24 07:32:24.677,0.9922,0.99255,0.10,8.90
2007.12.24 07:32:24.895,0.9922,0.99255,0.10,11.30
2007.12.24 07:32:25.118,0.9922,0.99255,0.10,7.30
2007.12.24 07:32:25.341,0.9922,0.9925,0.10,4.00
2007.12.24 07:32:25.564,0.9922,0.99245,0.10,0.60
2007.12.24 07:32:26.972,0.99215,0.99245,0.10,0.60
2007.12.24 07:32:27.210,0.99215,0.99245,0.10,0.60
2007.12.24 07:32:27.350,0.99215,0.99245,0.10,4.60
2007.12.24 07:32:27.729,0.99215,0.99245,0.10,4.60
2007.12.24 07:32:28.005,0.99215,0.99245,0.10,4.60
2007.12.24 07:32:28.281,0.99215,0.99245,0.10,4.60
2007.12.24 07:32:30.687,0.99215,0.99245,0.10,4.60
2007.12.24 07:32:30.805,0.99215,0.99245,0.10,4.60
2007.12.24 07:32:31.513,0.99215,0.99245,0.10,0.60
2007.12.24 07:32:31.650,0.9923,0.99245,0.10,0.60
2007.12.24 07:32:31.788,0.9923,0.99245,0.10,0.60
2007.12.24 07:32:31.946,0.9923,0.99245,0.10,0.60
2007.12.24 07:32:32.104,0.9923,0.99255,0.10,4.60
2007.12.24 07:32:32.262,0.9923,0.99255,0.10,4.60
2007.12.24 07:32:32.535,0.9923,0.99255,0.10,4.60
2007.12.24 07:32:33.261,0.9923,0.99255,0.10,4.60
2007.12.24 07:32:33.459,0.9923,0.99255,0.10,4.60
2007.12.24 07:32:36.662,0.9923,0.99255,0.10,4.60
2007.12.24 07:32:36.816,0.9922,0.9925,0.10,4.00
2007.12.24 07:32:36.969,0.9922,0.9925,0.10,4.00
2007.12.24 07:32:37.128,0.9922,0.9925,0.10,4.00
2007.12.24 07:32:37.648,0.99215,0.9925,0.10,4.30
2007.12.24 07:32:37.818,0.99215,0.99245,0.10,0.60
2007.12.24 07:32:37.965,0.99215,0.99245,0.10,0.60
2007.12.24 07:32:38.124,0.99215,0.99245,0.10,4.60
2007.12.24 07:32:38.183,0.9921,0.99245,0.20,4.60
2007.12.24 07:32:38.338,0.99215,0.99245,0.10,4.60
2007.12.24 07:32:42.111,0.99215,0.99245,0.10,4.60
2007.12.24 07:32:42.236,0.99215,0.99245,0.10,5.80
2007.12.24 07:32:44.846,0.99215,0.99245,0.10,5.80
2007.12.24 07:32:44.942,0.99215,0.99245,0.10,5.80
2007.12.24 07:32:57.083,0.99215,0.99245,0.10,5.80
2007.12.24 07:32:57.216,0.99215,0.99245,0.10,6.60
2007.12.24 07:33:03.267,0.99215,0.99245,0.10,6.60
2007.12.24 07:33:06.237,0.99215,0.9925,0.10,7.00
2007.12.24 07:33:16.131,0.9921,0.99245,0.10,0.80
2007.12.24 07:33:16.249,0.9921,0.99255,0.10,20.50
2007.12.24 07:33:16.369,0.9921,0.99245,0.10,13.30
2007.12.24 07:33:16.786,0.9921,0.9924,0.10,0.90
2007.12.24 07:33:20.819,0.9921,0.99235,0.10,0.80
2007.12.24 07:33:21.750,0.9921,0.9924,0.10,5.80
2007.12.24 07:33:21.918,0.9921,0.9924,0.10,5.80
2007.12.24 07:33:23.661,0.9921,0.99235,0.10,0.60
2007.12.24 07:33:23.810,0.9922,0.9924,0.10,5.20
2007.12.24 07:33:23.959,0.99205,0.9924,0.10,0.80
2007.12.24 07:33:24.107,0.99205,0.99245,0.10,0.90
2007.12.24 07:33:24.256,0.99205,0.99245,0.10,0.80
2007.12.24 07:33:24.563,0.99205,0.99245,0.10,0.60
2007.12.24 07:33:27.173,0.99205,0.9925,0.10,4.60
2007.12.24 07:33:27.311,0.9922,0.99245,0.10,0.80
2007.12.24 07:33:27.662,0.9922,0.9925,0.10,8.20
2007.12.24 07:33:27.810,0.99215,0.9925,0.10,9.30
2007.12.24 07:33:27.958,0.99215,0.99245,0.10,0.60
2007.12.24 07:33:28.106,0.99215,0.9925,0.10,13.40
2007.12.24 07:33:29.012,0.99215,0.9925,0.10,13.40
2007.12.24 07:33:29.210,0.99215,0.9925,0.10,13.40
2007.12.24 07:33:29.934,0.9921,0.99255,0.10,16.50
2007.12.24 07:33:30.244,0.9921,0.99245,0.10,14.50
2007.12.24 07:33:30.342,0.9921,0.9924,0.10,5.20
2007.12.24 07:33:30.781,0.9921,0.99235,0.10,0.70
2007.12.24 07:33:32.628,0.99215,0.9924,0.10,5.20
2007.12.24 07:33:32.839,0.99215,0.99235,0.10,0.50
2007.12.24 07:33:33.337,0.99215,0.99245,0.10,14.20
2007.12.24 07:33:35.762,0.9921,0.99235,0.10,1.20
2007.12.24 07:33:35.889,0.9921,0.99235,0.10,1.20
2007.12.24 07:33:36.303,0.9921,0.99235,0.10,1.20
2007.12.24 07:33:38.129,0.99205,0.99235,0.10,1.20
2007.12.24 07:33:38.266,0.99205,0.99235,0.10,2.00
2007.12.24 07:33:38.374,0.99205,0.99235,0.10,6.60
2007.12.24 07:33:38.482,0.99205,0.99235,0.10,10.60
2007.12.24 07:33:38.590,0.99205,0.99235,0.10,10.60
2007.12.24 07:33:46.340,0.992,0.99235,0.20,10.60
2007.12.24 07:33:49.555,0.99205,0.99235,0.10,10.60
2007.12.24 07:33:59.304,0.99205,0.99235,0.10,13.00
2007.12.24 07:33:59.815,0.99205,0.99235,0.10,10.60
2007.12.24 07:34:01.799,0.99205,0.99235,0.10,13.00
2007.12.24 07:34:09.391,0.99205,0.9924,0.10,13.40
2007.12.24 07:34:13.188,0.9921,0.99235,0.10,0.90
2007.12.24 07:34:13.415,0.9921,0.99235,0.10,0.90
2007.12.24 07:34:13.609,0.9921,0.9924,0.10,5.80
2007.12.24 07:34:13.828,0.9921,0.99235,0.10,0.70
2007.12.24 07:34:20.786,0.9921,0.99235,0.10,0.70
2007.12.24 07:34:20.916,0.9921,0.99235,0.10,0.60
2007.12.24 07:34:28.864,0.9921,0.99235,0.10,0.60
2007.12.24 07:34:29.043,0.9921,0.99235,0.10,0.70
2007.12.24 07:34:29.221,0.9921,0.99245,0.10,17.40
2007.12.24 07:34:41.335,0.9922,0.9924,0.10,4.00
2007.12.24 07:34:41.463,0.9922,0.99245,0.10,8.20
2007.12.24 07:34:41.596,0.9922,0.99245,0.10,8.20
2007.12.24 07:34:41.728,0.9922,0.99245,0.10,1.20
2007.12.24 07:34:41.862,0.99225,0.9925,0.10,4.00
2007.12.24 07:34:41.995,0.99225,0.9925,0.10,4.00
2007.12.24 07:34:42.128,0.99225,0.99255,0.10,8.20
2007.12.24 07:34:42.353,0.99225,0.99255,0.10,8.20
2007.12.24 07:34:42.582,0.99225,0.99255,0.10,8.20
2007.12.24 07:34:44.821,0.99225,0.99255,0.10,8.20
2007.12.24 07:34:44.969,0.99225,0.99245,0.10,1.20
2007.12.24 07:34:45.117,0.99225,0.99245,0.10,1.20
2007.12.24 07:34:47.329,0.99225,0.99245,0.10,1.20
2007.12.24 07:34:50.756,0.99235,0.99245,0.10,1.20
2007.12.24 07:34:50.865,0.99235,0.99245,0.10,1.20
2007.12.24 07:34:50.997,0.99235,0.99255,0.10,0.60
2007.12.24 07:34:51.106,0.99235,0.99265,0.10,13.30
2007.12.24 07:34:51.213,0.99235,0.99265,0.10,9.30
2007.12.24 07:34:51.322,0.9924,0.99265,0.10,9.00
2007.12.24 07:34:51.430,0.9924,0.99265,0.10,8.20
2007.12.24 07:34:51.538,0.9924,0.99265,0.10,0.60
2007.12.24 07:34:57.337,0.9924,0.99265,0.10,0.60
2007.12.24 07:34:59.862,0.9924,0.99265,0.10,0.60
2007.12.24 07:35:00.072,0.99235,0.99265,0.10,9.30
2007.12.24 07:35:00.527,0.99235,0.99265,0.10,9.30
2007.12.24 07:35:00.820,0.99245,0.99265,0.10,9.00
2007.12.24 07:35:01.019,0.99245,0.99265,0.10,8.20
2007.12.24 07:35:01.172,0.99245,0.99265,0.10,1.80
2007.12.24 07:35:01.325,0.99245,0.99265,0.10,0.60
2007.12.24 07:35:01.498,0.99245,0.99265,0.10,0.60
2007.12.24 07:35:05.172,0.99245,0.99265,0.10,1.80
2007.12.24 07:35:06.327,0.99255,0.99265,0.10,1.80
2007.12.24 07:35:06.477,0.99255,0.99265,0.10,1.80
2007.12.24 07:35:06.521,0.9925,0.99265,0.20,1.80
2007.12.24 07:35:06.621,0.9925,0.99275,0.20,4.60
2007.12.24 07:35:06.765,0.99255,0.99275,0.10,0.60
2007.12.24 07:35:06.908,0.9924,0.99275,0.20,0.60
2007.12.24 07:35:07.052,0.99245,0.99275,0.10,11.80
2007.12.24 07:35:07.195,0.9924,0.99265,0.20,0.60
2007.12.24 07:35:07.363,0.9924,0.99265,0.20,0.60
2007.12.24 07:35:09.404,0.99245,0.99265,0.10,0.60
2007.12.24 07:35:09.539,0.9924,0.99275,0.20,16.20
2007.12.24 07:35:09.817,0.99245,0.99275,0.10,16.20
2007.12.24 07:35:18.859,0.9925,0.99275,0.10,16.20
2007.12.24 07:35:18.988,0.99245,0.99275,0.20,13.80
2007.12.24 07:35:19.117,0.9925,0.99275,0.10,2.60
2007.12.24 07:35:24.400,0.99245,0.99275,0.20,1.80
2007.12.24 07:35:24.562,0.99245,0.99275,0.20,1.80
2007.12.24 07:35:24.710,0.99245,0.9928,0.20,4.00
2007.12.24 07:35:24.859,0.99245,0.9928,0.20,4.00
2007.12.24 07:35:30.403,0.9925,0.9928,0.20,4.00
2007.12.24 07:35:30.584,0.9925,0.99285,0.20,10.60
2007.12.24 07:35:30.712,0.99255,0.99285,0.10,9.00
2007.12.24 07:35:33.386,0.9925,0.99285,0.10,9.30
2007.12.24 07:35:33.540,0.99245,0.99275,0.20,2.00
2007.12.24 07:35:36.920,0.99245,0.99275,0.10,2.00
2007.12.24 07:35:37.069,0.99245,0.99275,0.10,4.20
2007.12.24 07:35:37.217,0.99245,0.99275,0.10,8.20
2007.12.24 07:35:37.365,0.99245,0.99275,0.10,12.20
2007.12.24 07:35:37.518,0.99245,0.99275,0.10,16.20
2007.12.24 07:35:40.877,0.9924,0.9927,0.10,0.40
2007.12.24 07:35:41.066,0.9924,0.9927,0.10,4.30
2007.12.24 07:35:41.230,0.9924,0.99265,0.10,4.00
2007.12.24 07:35:41.393,0.9924,0.99265,0.10,4.00
2007.12.24 07:35:41.586,0.9924,0.99265,0.10,8.00
2007.12.24 07:35:41.779,0.9924,0.99265,0.10,4.60
2007.12.24 07:35:41.972,0.9924,0.99265,0.10,4.60
2007.12.24 07:35:42.165,0.9924,0.99265,0.10,0.60
2007.12.24 07:35:44.444,0.9924,0.99265,0.10,0.60
2007.12.24 07:35:44.564,0.9925,0.99265,0.10,0.60
2007.12.24 07:35:44.701,0.9925,0.99275,0.10,2.60
2007.12.24 07:35:44.848,0.9925,0.99275,0.10,2.60
2007.12.24 07:35:45.069,0.9925,0.99275,0.10,2.60
2007.12.24 07:35:45.931,0.9925,0.99275,0.10,2.60
2007.12.24 07:35:46.099,0.9925,0.99275,0.10,1.80
2007.12.24 07:35:47.192,0.9925,0.99275,0.10,1.80
2007.12.24 07:35:47.325,0.9925,0.99275,0.10,1.80
2007.12.24 07:35:50.404,0.99245,0.99275,0.10,1.80
2007.12.24 07:35:50.532,0.99245,0.99275,0.10,2.60
2007.12.24 07:35:50.661,0.99245,0.99265,0.10,1.20
2007.12.24 07:35:50.995,0.9925,0.99275,0.10,4.60
2007.12.24 07:35:51.326,0.9925,0.99275,0.10,8.60
2007.12.24 07:35:51.659,0.9925,0.99275,0.10,8.60
2007.12.24 07:35:53.427,0.99255,0.99275,0.10,8.60
2007.12.24 07:35:53.555,0.99255,0.99275,0.10,4.60
2007.12.24 07:35:53.684,0.99255,0.99275,0.10,4.60
2007.12.24 07:35:53.837,0.99255,0.99275,0.10,0.60
2007.12.24 07:35:53.990,0.99255,0.99275,0.10,0.60
2007.12.24 07:35:54.144,0.99255,0.99275,0.10,1.80
2007.12.24 07:35:54.310,0.99255,0.99275,0.10,1.80
2007.12.24 07:36:15.156,0.99255,0.99275,0.10,1.80
2007.12.24 07:36:15.280,0.9925,0.99275,0.10,1.80
2007.12.24 07:36:15.423,0.9925,0.99275,0.10,1.80
2007.12.24 07:36:15.669,0.9925,0.99275,0.10,2.60
2007.12.24 07:36:15.825,0.99245,0.99275,0.10,6.60
2007.12.24 07:36:15.967,0.99245,0.99275,0.10,10.60
2007.12.24 07:36:25.680,0.9925,0.99275,0.10,10.60
2007.12.24 07:36:25.884,0.9925,0.99275,0.10,6.60
2007.12.24 07:36:26.161,0.9925,0.99275,0.10,5.80
2007.12.24 07:36:26.331,0.9925,0.99275,0.10,5.80
2007.12.24 07:36:26.505,0.99245,0.99275,0.10,5.80
2007.12.24 07:36:26.674,0.99245,0.99275,0.10,6.60
2007.12.24 07:36:26.958,0.99245,0.99265,0.10,0.60
2007.12.24 07:36:35.008,0.9925,0.99265,0.10,0.60
2007.12.24 07:36:35.216,0.9925,0.99275,0.10,6.60
2007.12.24 07:36:35.424,0.9925,0.99275,0.10,2.60
2007.12.24 07:36:35.632,0.9925,0.99275,0.10,2.60
2007.12.24 07:36:35.840,0.9925,0.99275,0.10,2.60
2007.12.24 07:36:37.715,0.9925,0.99275,0.10,2.60
2007.12.24 07:36:38.536,0.99245,0.99275,0.10,2.60
2007.12.24 07:36:38.790,0.99245,0.99275,0.10,5.00
2007.12.24 07:36:39.043,0.99245,0.99275,0.10,9.00
2007.12.24 07:36:39.573,0.99245,0.99275,0.10,9.80
2007.12.24 07:36:39.736,0.9924,0.99265,0.10,0.60
2007.12.24 07:36:39.898,0.9924,0.99265,0.10,1.80
2007.12.24 07:36:40.062,0.9924,0.99265,0.10,1.80
2007.12.24 07:36:42.856,0.9924,0.99265,0.10,1.80
2007.12.24 07:36:43.203,0.99245,0.99265,0.10,1.80
2007.12.24 07:36:43.435,0.99245,0.99265,0.10,2.60
2007.12.24 07:36:43.602,0.99245,0.99265,0.10,2.60
2007.12.24 07:36:43.771,0.99245,0.99265,0.10,0.80
2007.12.24 07:36:44.029,0.99245,0.99275,0.10,9.00
2007.12.24 07:36:44.219,0.99245,0.99275,0.10,9.00
2007.12.24 07:36:46.207,0.9925,0.99275,0.10,9.00
2007.12.24 07:36:46.346,0.9925,0.9927,0.10,4.00
2007.12.24 07:36:46.678,0.9925,0.9927,0.10,4.00
2007.12.24 07:36:47.011,0.9925,0.99275,0.10,2.60
2007.12.24 07:36:47.345,0.9925,0.99275,0.10,2.60
2007.12.24 07:36:47.574,0.9925,0.99275,0.10,2.60
2007.12.24 07:36:48.577,0.9925,0.99275,0.10,2.60
2007.12.24 07:36:48.730,0.99245,0.99275,0.10,2.60
2007.12.24 07:36:48.883,0.99245,0.99275,0.10,5.00
2007.12.24 07:36:49.037,0.99245,0.99275,0.10,5.00
2007.12.24 07:36:49.190,0.99245,0.99275,0.10,9.00
2007.12.24 07:36:49.573,0.99245,0.99275,0.10,9.00
2007.12.24 07:36:49.910,0.99245,0.99275,0.10,9.00
2007.12.24 07:36:51.035,0.99245,0.99275,0.10,9.00
2007.12.24 07:36:51.565,0.99245,0.99275,0.10,9.00
2007.12.24 07:36:52.027,0.99245,0.99275,0.10,9.00
2007.12.24 07:36:52.533,0.9924,0.9927,0.10,0.40
2007.12.24 07:36:52.706,0.9924,0.99265,0.10,0.60
2007.12.24 07:36:52.879,0.9924,0.99265,0.10,0.60
2007.12.24 07:36:53.052,0.9924,0.99265,0.10,1.40
2007.12.24 07:36:53.567,0.9924,0.99265,0.10,1.40
2007.12.24 07:36:54.516,0.99255,0.99265,0.10,1.40
2007.12.24 07:36:54.694,0.99255,0.99265,0.10,0.60
2007.12.24 07:36:54.907,0.99255,0.99275,0.10,0.80
2007.12.24 07:36:55.236,0.99255,0.99275,0.10,0.80
2007.12.24 07:36:55.559,0.99255,0.99275,0.10,0.80
2007.12.24 07:36:56.069,0.99245,0.99275,0.10,1.10
2007.12.24 07:36:56.297,0.99245,0.99275,0.10,5.30
2007.12.24 07:36:56.526,0.99245,0.99275,0.10,9.30
2007.12.24 07:36:56.752,0.99245,0.99275,0.10,9.30
2007.12.24 07:36:59.066,0.99255,0.99275,0.10,9.00
2007.12.24 07:36:59.235,0.99255,0.99275,0.10,5.40
2007.12.24 07:36:59.403,0.99255,0.99275,0.10,1.40
2007.12.24 07:36:59.570,0.99255,0.99275,0.10,1.40
2007.12.24 07:37:02.092,0.99245,0.99275,0.10,1.70
2007.12.24 07:37:02.230,0.99245,0.99275,0.10,2.90
2007.12.24 07:37:02.369,0.99245,0.99275,0.10,9.30
2007.12.24 07:37:02.704,0.99245,0.99275,0.10,6.90
2007.12.24 07:37:02.841,0.99245,0.99275,0.10,6.60
2007.12.24 07:37:03.036,0.99245,0.99275,0.10,2.60
2007.12.24 07:37:04.758,0.99245,0.9928,0.10,6.90
2007.12.24 07:37:09.029,0.9924,0.99275,0.10,0.70
2007.12.24 07:37:09.139,0.9924,0.99275,0.10,3.70
2007.12.24 07:37:09.252,0.9924,0.99275,0.10,6.10
2007.12.24 07:37:09.359,0.9924,0.99265,0.10,0.80
2007.12.24 07:37:09.467,0.9924,0.9927,0.10,4.80
2007.12.24 07:37:12.664,0.9924,0.9927,0.10,5.40
2007.12.24 07:37:12.850,0.99235,0.99265,0.10,0.70
2007.12.24 07:37:13.023,0.99235,0.99265,0.10,0.90
2007.12.24 07:37:13.716,0.9924,0.99265,0.10,0.70
2007.12.24 07:37:13.878,0.9924,0.99275,0.10,12.90
2007.12.24 07:37:14.113,0.9924,0.99275,0.10,7.70
2007.12.24 07:37:14.330,0.9924,0.9927,0.10,4.80
2007.12.24 07:37:53.620,0.99215,0.99275,0.80,0.80
2007.12.24 07:37:53.764,0.99245,0.99275,0.10,0.80
2007.12.24 07:37:53.906,0.99245,0.99275,0.10,4.80
2007.12.24 07:37:54.140,0.99245,0.99265,0.10,0.80
2007.12.24 07:37:54.283,0.9924,0.99265,0.10,0.80
2007.12.24 07:37:54.426,0.9924,0.99265,0.10,0.80
2007.12.24 07:37:58.093,0.9924,0.99265,0.10,0.80
2007.12.24 07:38:01.629,0.99245,0.99265,0.10,0.80
2007.12.24 07:38:01.844,0.99245,0.99265,0.10,0.80
2007.12.24 07:38:02.041,0.99245,0.99275,0.10,0.60
2007.12.24 07:38:02.240,0.99245,0.99275,0.10,0.60
2007.12.24 07:38:10.642,0.99245,0.99275,0.10,0.60
2007.12.24 07:38:10.748,0.9924,0.99275,0.10,1.70
2007.12.24 07:38:10.851,0.9924,0.99275,0.10,9.30
2007.12.24 07:38:10.979,0.9924,0.99275,0.10,9.30
2007.12.24 07:38:11.081,0.9924,0.99275,0.10,9.30
2007.12.24 07:38:14.623,0.9924,0.99265,0.10,0.80
2007.12.24 07:38:14.719,0.99235,0.99265,0.10,0.80
2007.12.24 07:38:14.812,0.99235,0.99265,0.10,2.00
2007.12.24 07:38:14.919,0.99235,0.99265,0.10,2.00
2007.12.24 07:38:17.704,0.9924,0.99265,0.10,2.00
2007.12.24 07:38:17.897,0.9924,0.99265,0.10,2.00
2007.12.24 07:38:18.183,0.9924,0.99265,0.10,1.20
2007.12.24 07:38:18.390,0.9924,0.9927,0.10,4.00
2007.12.24 07:38:18.624,0.9924,0.99275,0.10,9.30
2007.12.24 07:38:23.926,0.9924,0.99285,0.10,20.50
2007.12.24 07:39:04.551,0.99235,0.9927,0.10,4.30
2007.12.24 07:39:04.735,0.9923,0.99255,0.10,0.80
2007.12.24 07:39:04.918,0.9923,0.99255,0.10,0.80
2007.12.24 07:39:05.113,0.9923,0.99255,0.10,0.80
2007.12.24 07:39:05.314,0.9923,0.99255,0.10,0.80
2007.12.24 07:39:05.527,0.9923,0.99255,0.10,0.80
2007.12.24 07:39:07.159,0.9923,0.99255,0.10,0.80
2007.12.24 07:39:11.262,0.9923,0.99255,0.10,0.80
2007.12.24 07:39:13.670,0.9923,0.99255,0.10,0.80
2007.12.24 07:39:15.317,0.9923,0.99255,0.10,0.80
2007.12.24 07:39:21.061,0.9923,0.99255,0.10,0.80
2007.12.24 07:39:23.717,0.99225,0.99255,0.20,0.80
2007.12.24 07:39:57.390,0.9922,0.9925,0.10,4.00
2007.12.24 07:39:57.503,0.9922,0.9925,0.10,4.00
2007.12.24 07:39:57.707,0.9922,0.99245,0.10,0.80
2007.12.24 07:39:57.910,0.9922,0.99245,0.10,0.80
2007.12.24 07:39:58.314,0.9922,0.99245,0.10,0.80
2007.12.24 07:39:59.675,0.9922,0.99245,0.10,0.80
2007.12.24 07:40:00.867,0.99215,0.99245,0.10,0.80
2007.12.24 07:40:01.011,0.99215,0.99245,0.10,4.80
2007.12.24 07:40:01.155,0.99215,0.99235,0.10,0.80
2007.12.24 07:40:01.298,0.99215,0.99235,0.10,0.80
2007.12.24 07:40:02.147,0.99215,0.99235,0.10,0.80
2007.12.24 07:40:02.572,0.99215,0.99235,0.10,0.80
2007.12.24 07:40:03.295,0.99215,0.99245,0.10,13.80
2007.12.24 07:40:05.233,0.99215,0.99245,0.10,13.80
2007.12.24 07:40:05.558,0.99215,0.99245,0.10,13.80
2007.12.24 07:40:06.884,0.99215,0.99235,0.10,0.80
2007.12.24 07:40:18.756,0.99215,0.99245,0.10,13.20
2007.12.24 07:40:23.886,0.99215,0.99235,0.10,0.80
2007.12.24 07:40:26.307,0.9922,0.99245,0.10,13.20
2007.12.24 07:40:26.691,0.9922,0.99245,0.10,0.70
2007.12.24 07:40:26.833,0.9922,0.9925,0.10,10.30
2007.12.24 07:40:26.976,0.9922,0.9925,0.10,6.30
2007.12.24 07:40:27.201,0.99215,0.9925,0.20,8.30
2007.12.24 07:40:29.425,0.9922,0.9925,0.20,6.00
2007.12.24 07:40:29.614,0.99225,0.99245,0.10,0.80
2007.12.24 07:40:29.803,0.9922,0.99255,0.20,13.20
2007.12.24 07:40:30.700,0.9922,0.99245,0.10,0.80
2007.12.24 07:40:30.838,0.99215,0.99245,0.20,0.80
2007.12.24 07:40:30.976,0.99215,0.99245,0.20,0.80
2007.12.24 07:40:33.432,0.99215,0.99245,0.20,0.80
2007.12.24 07:40:33.521,0.99215,0.99235,0.10,0.80
2007.12.24 07:40:33.705,0.9921,0.99235,0.20,0.80
2007.12.24 07:40:33.888,0.9921,0.99235,0.20,0.80
2007.12.24 07:40:35.341,0.99215,0.99235,0.10,0.80
2007.12.24 07:40:35.613,0.9921,0.99245,0.20,10.00
2007.12.24 07:40:35.756,0.99215,0.99245,0.20,8.80
2007.12.24 07:40:35.899,0.99215,0.99245,0.20,4.80
2007.12.24 07:40:36.043,0.9922,0.99245,0.10,0.80
2007.12.24 07:40:36.579,0.99215,0.99245,0.20,2.00
2007.12.24 07:40:36.766,0.9922,0.99245,0.10,2.00
2007.12.24 07:40:45.400,0.99235,0.99245,0.10,2.00
2007.12.24 07:40:45.534,0.9923,0.99245,0.20,1.20
2007.12.24 07:40:45.668,0.9923,0.99255,0.20,4.80
2007.12.24 07:40:45.800,0.9923,0.99255,0.20,0.80
2007.12.24 07:40:45.987,0.9923,0.99255,0.20,0.80
2007.12.24 07:40:46.176,0.9923,0.99255,0.20,0.80
2007.12.24 07:40:47.596,0.99235,0.99255,0.10,0.80
2007.12.24 07:40:47.804,0.99235,0.99255,0.10,0.80
2007.12.24 07:40:56.515,0.99245,0.99255,0.10,0.80
2007.12.24 07:40:56.614,0.99245,0.99265,0.10,2.00
2007.12.24 07:40:56.732,0.99245,0.99265,0.10,0.80
2007.12.24 07:40:56.859,0.99245,0.99265,0.10,0.80
2007.12.24 07:40:56.957,0.99245,0.99265,0.10,0.80
2007.12.24 07:40:57.617,0.99245,0.9928,0.10,4.30
2007.12.24 07:40:57.843,0.99255,0.9928,0.10,4.00
2007.12.24 07:40:58.061,0.99255,0.99285,0.10,6.00
2007.12.24 07:40:58.294,0.99255,0.99285,0.10,6.00
2007.12.24 07:41:01.622,0.99255,0.99275,0.10,0.80
2007.12.24 07:41:01.915,0.9925,0.99275,0.10,0.80
2007.12.24 07:41:02.208,0.9925,0.99275,0.10,0.80
2007.12.24 07:41:02.500,0.9925,0.99275,0.10,0.80
2007.12.24 07:41:09.579,0.9925,0.99275,0.10,2.00
2007.12.24 07:41:09.736,0.9925,0.99275,0.10,2.00
2007.12.24 07:41:09.894,0.9925,0.99275,0.10,2.00
2007.12.24 07:41:17.056,0.9925,0.99275,0.10,0.80
2007.12.24 07:41:17.191,0.9926,0.9928,0.10,4.00
2007.12.24 07:41:17.324,0.9926,0.9928,0.10,4.00
2007.12.24 07:41:17.456,0.9926,0.99285,0.10,2.00
2007.12.24 07:41:22.311,0.99255,0.99285,0.20,2.00
2007.12.24 07:41:25.669,0.99255,0.99285,0.20,0.80
2007.12.24 07:41:25.788,0.99255,0.99285,0.20,0.80
2007.12.24 07:41:25.914,0.99255,0.99285,0.20,0.80
2007.12.24 07:41:26.173,0.99255,0.99285,0.20,2.00
2007.12.24 07:41:26.491,0.9926,0.99285,0.10,2.00
2007.12.24 07:41:28.638,0.9926,0.99265,0.10,0.80
2007.12.24 07:41:28.863,0.99255,0.99265,0.10,0.80
2007.12.24 07:41:29.087,0.9925,0.99265,0.20,0.80
2007.12.24 07:41:29.805,0.99255,0.99265,0.10,0.80
2007.12.24 07:41:30.573,0.99245,0.99265,0.20,0.80
2007.12.24 07:41:30.687,0.99245,0.99265,0.20,0.80
2007.12.24 07:41:30.793,0.9925,0.99265,0.10,0.80
2007.12.24 07:41:31.541,0.99245,0.99265,0.20,0.80
2007.12.24 07:41:34.617,0.9924,0.99265,0.10,0.80
2007.12.24 07:41:34.809,0.9924,0.99265,0.10,0.80
2007.12.24 07:41:34.986,0.9924,0.99265,0.10,0.80
2007.12.24 07:41:35.607,0.9924,0.99265,0.10,0.80
2007.12.24 07:41:35.815,0.99235,0.99265,0.20,0.80
2007.12.24 07:41:38.345,0.99235,0.99265,0.20,0.80
2007.12.24 07:41:40.100,0.99245,0.99265,0.10,0.80
2007.12.24 07:41:40.204,0.9924,0.99275,0.20,14.00
2007.12.24 07:41:40.312,0.99245,0.99275,0.10,12.00
2007.12.24 07:41:40.415,0.9924,0.99275,0.20,4.00
2007.12.24 07:41:40.631,0.9924,0.99275,0.20,4.00
2007.12.24 07:41:40.823,0.99245,0.99275,0.10,4.80
2007.12.24 07:41:41.208,0.9924,0.99275,0.20,7.60
2007.12.24 07:41:41.401,0.9924,0.99275,0.10,12.00
2007.12.24 07:41:41.594,0.9924,0.99275,0.10,16.00
2007.12.24 07:41:43.863,0.99235,0.9927,0.20,0.40
2007.12.24 07:41:44.141,0.99235,0.9927,0.20,0.40
2007.12.24 07:41:44.244,0.99235,0.99265,0.20,0.80
2007.12.24 07:41:44.359,0.9924,0.99265,0.10,0.80
2007.12.24 07:41:44.757,0.9924,0.99265,0.10,4.80
2007.12.24 07:41:45.103,0.99225,0.99265,0.20,5.20
2007.12.24 07:41:45.310,0.9923,0.99265,0.10,9.20
2007.12.24 07:41:45.519,0.9923,0.99265,0.10,13.20
2007.12.24 07:41:46.699,0.99225,0.99255,0.20,0.80
2007.12.24 07:41:52.250,0.9923,0.99255,0.10,0.80
2007.12.24 07:41:52.393,0.9923,0.99255,0.10,4.80
2007.12.24 07:41:52.665,0.9922,0.99255,0.10,5.10
2007.12.24 07:41:52.808,0.9922,0.99255,0.10,11.60
2007.12.24 07:41:52.952,0.9922,0.9925,0.10,0.40
2007.12.24 07:41:53.173,0.9922,0.99245,0.10,0.80
2007.12.24 07:41:53.382,0.9922,0.99245,0.10,3.20
2007.12.24 07:41:53.624,0.9922,0.99245,0.10,3.20
2007.12.24 07:41:53.879,0.9922,0.99245,0.10,3.20
2007.12.24 07:41:54.087,0.9922,0.99245,0.10,3.20
2007.12.24 07:41:54.331,0.9922,0.99245,0.10,3.20
2007.12.24 07:41:54.573,0.9922,0.99245,0.10,3.20
2007.12.24 07:41:58.683,0.9923,0.99245,0.10,3.20
2007.12.24 07:41:58.820,0.9923,0.99245,0.10,2.40
2007.12.24 07:41:58.959,0.9923,0.99255,0.10,8.80
2007.12.24 07:41:59.098,0.9923,0.99255,0.10,4.80
2007.12.24 07:42:07.215,0.9922,0.9925,0.10,0.40
2007.12.24 07:42:07.328,0.9922,0.99245,0.10,0.80
2007.12.24 07:42:07.471,0.9922,0.99245,0.10,3.20
2007.12.24 07:42:09.696,0.9922,0.99245,0.10,3.20
2007.12.24 07:42:09.799,0.9922,0.99245,0.10,3.20
2007.12.24 07:42:10.397,0.9922,0.99245,0.10,3.20
2007.12.24 07:42:11.821,0.9922,0.99245,0.10,3.20
2007.12.24 07:42:12.231,0.9922,0.99245,0.10,3.20
2007.12.24 07:42:13.436,0.99215,0.99245,0.20,3.20
2007.12.24 07:42:16.222,0.99215,0.99245,0.20,3.20
2007.12.24 07:42:16.686,0.99215,0.99245,0.20,0.80
2007.12.24 07:42:16.878,0.99215,0.99245,0.20,0.80
2007.12.24 07:42:17.071,0.99215,0.99245,0.20,0.80
2007.12.24 07:42:17.264,0.9922,0.99245,0.20,0.80
2007.12.24 07:42:17.458,0.99225,0.99245,0.10,0.80
2007.12.24 07:42:17.652,0.9922,0.99245,0.20,0.80
2007.12.24 07:42:18.658,0.9922,0.99245,0.20,0.80
2007.12.24 07:42:21.557,0.9922,0.99245,0.20,0.80
2007.12.24 07:42:21.754,0.9924,0.99255,0.10,3.60
2007.12.24 07:42:22.017,0.99235,0.99265,0.20,8.80
2007.12.24 07:42:22.265,0.9924,0.99265,0.10,4.80
2007.12.24 07:42:22.514,0.9924,0.99265,0.10,0.80
2007.12.24 07:42:22.762,0.9924,0.9927,0.20,4.00
2007.12.24 07:42:23.015,0.99245,0.99275,0.10,13.20
2007.12.24 07:42:23.268,0.99245,0.99275,0.10,9.20
2007.12.24 07:42:24.356,0.99245,0.99275,0.10,9.20
2007.12.24 07:42:24.965,0.99245,0.99275,0.10,9.20
2007.12.24 07:42:31.581,0.99245,0.99265,0.10,4.00
2007.12.24 07:42:31.720,0.99235,0.99265,0.10,4.80
2007.12.24 07:42:31.887,0.9923,0.99265,0.20,4.80
2007.12.24 07:42:32.025,0.9923,0.99265,0.20,4.80
2007.12.24 07:42:32.218,0.9923,0.99265,0.20,5.20
2007.12.24 07:42:32.411,0.9923,0.99265,0.20,5.20
2007.12.24 07:42:32.666,0.99235,0.99265,0.10,5.20
2007.12.24 07:42:34.948,0.9923,0.99265,0.20,4.80
2007.12.24 07:42:35.131,0.99235,0.99265,0.10,4.80
2007.12.24 07:42:38.814,0.99235,0.99265,0.10,0.80
2007.12.24 07:42:39.680,0.9924,0.99265,0.10,0.80
2007.12.24 07:42:39.843,0.99235,0.99265,0.20,0.80
2007.12.24 07:42:40.024,0.99235,0.99265,0.20,0.80
2007.12.24 07:42:40.187,0.99235,0.99265,0.20,0.80
2007.12.24 07:42:52.580,0.9924,0.99265,0.10,0.80
2007.12.24 07:42:52.721,0.9924,0.99265,0.10,0.80
2007.12.24 07:42:54.584,0.9924,0.99265,0.10,0.80
2007.12.24 07:43:09.386,0.9924,0.99275,0.10,10.70
2007.12.24 07:43:09.545,0.9924,0.99275,0.10,6.70
2007.12.24 07:43:10.295,0.99245,0.99275,0.10,6.40
2007.12.24 07:43:10.428,0.99245,0.99275,0.10,4.80
2007.12.24 07:43:10.652,0.99245,0.99275,0.10,4.80
2007.12.24 07:43:10.875,0.99245,0.99275,0.10,0.80
2007.12.24 07:43:11.565,0.9924,0.99275,0.20,0.80
2007.12.24 07:43:13.745,0.99245,0.99275,0.10,0.80
2007.12.24 07:43:13.998,0.99235,0.99275,0.20,1.10
2007.12.24 07:43:14.252,0.99245,0.99275,0.20,1.20
2007.12.24 07:43:14.506,0.9925,0.99275,0.10,5.20
2007.12.24 07:43:14.678,0.9925,0.99275,0.10,1.20
2007.12.24 07:43:14.994,0.99245,0.99275,0.20,0.80
2007.12.24 07:43:15.168,0.99245,0.99275,0.20,0.80
2007.12.24 07:43:15.385,0.9925,0.99275,0.10,0.80
2007.12.24 07:43:15.588,0.9925,0.99275,0.10,0.80
2007.12.24 07:43:23.743,0.9925,0.99275,0.10,0.80
2007.12.24 07:43:24.179,0.99245,0.99275,0.20,0.80
2007.12.24 07:43:24.387,0.99235,0.9927,0.20,4.00
2007.12.24 07:43:24.596,0.99235,0.9927,0.20,4.00
2007.12.24 07:43:24.818,0.9924,0.9927,0.10,4.00
2007.12.24 07:43:25.007,0.99235,0.9927,0.20,4.00
2007.12.24 07:43:25.254,0.99245,0.9927,0.10,4.00
2007.12.24 07:43:25.442,0.9924,0.9927,0.20,4.00
2007.12.24 07:43:25.630,0.9924,0.99275,0.20,4.80
2007.12.24 07:43:26.199,0.9924,0.99275,0.20,6.00
2007.12.24 07:43:26.629,0.9924,0.99275,0.20,5.20
2007.12.24 07:43:26.818,0.9925,0.99275,0.10,4.00
2007.12.24 07:43:27.019,0.9925,0.9928,0.10,4.00
2007.12.24 07:43:27.654,0.9925,0.9928,0.10,4.00
2007.12.24 07:43:27.837,0.99245,0.99275,0.20,0.80
2007.12.24 07:43:34.179,0.9925,0.99275,0.10,0.80
2007.12.24 07:43:35.628,0.99245,0.9928,0.20,4.80
2007.12.24 07:43:35.962,0.99245,0.9928,0.20,5.20
2007.12.24 07:43:36.082,0.99245,0.99275,0.10,0.90
2007.12.24 07:43:36.179,0.99245,0.99275,0.10,0.50
2007.12.24 07:43:36.379,0.9924,0.9928,0.20,5.50
2007.12.24 07:43:39.068,0.99245,0.9928,0.10,5.60
2007.12.24 07:43:40.620,0.9925,0.9928,0.10,5.60
2007.12.24 07:43:43.629,0.9925,0.99285,0.10,16.40
2007.12.24 07:43:43.787,0.9925,0.99285,0.10,18.00
2007.12.24 07:43:43.944,0.9925,0.9928,0.10,4.80
2007.12.24 07:43:44.157,0.9925,0.9928,0.10,4.80
2007.12.24 07:43:44.357,0.9925,0.9928,0.10,4.80
2007.12.24 07:43:44.515,0.99245,0.9928,0.10,5.10
2007.12.24 07:43:44.732,0.99245,0.99275,0.10,9.60
2007.12.24 07:43:50.281,0.99245,0.99265,0.10,0.80
2007.12.24 07:43:57.649,0.99235,0.9927,0.10,1.20
2007.12.24 07:43:57.801,0.99235,0.9927,0.10,1.20
2007.12.24 07:43:58.138,0.99235,0.9927,0.10,1.20
2007.12.24 07:43:58.475,0.99235,0.99265,0.10,0.80
2007.12.24 07:43:58.792,0.99235,0.9927,0.10,5.10
2007.12.24 07:44:02.631,0.99235,0.99265,0.10,0.80
2007.12.24 07:44:02.871,0.99235,0.99265,0.10,0.80
2007.12.24 07:44:04.696,0.99235,0.99265,0.10,0.80
2007.12.24 07:44:09.991,0.9924,0.9927,0.10,5.10
2007.12.24 07:44:12.130,0.9924,0.99275,0.10,13.50
2007.12.24 07:44:12.252,0.9924,0.99275,0.10,15.90
2007.12.24 07:44:12.376,0.9924,0.99285,0.10,18.80
2007.12.24 07:44:12.629,0.9924,0.99285,0.10,18.80
2007.12.24 07:44:13.031,0.9924,0.99285,0.10,18.00
2007.12.24 07:44:13.283,0.9924,0.99285,0.10,18.00
2007.12.24 07:44:13.537,0.9924,0.99275,0.10,0.50
2007.12.24 07:44:18.093,0.9924,0.99265,0.10,0.80
2007.12.24 07:44:19.559,0.9924,0.99265,0.10,0.80
2007.12.24 07:44:19.802,0.9924,0.99275,0.10,17.60
2007.12.24 07:44:20.901,0.9925,0.99275,0.10,17.20
2007.12.24 07:44:21.035,0.9925,0.99285,0.10,14.40
2007.12.24 07:44:21.167,0.9925,0.9928,0.10,8.80
2007.12.24 07:44:21.299,0.9925,0.9928,0.10,4.80
2007.12.24 07:44:22.115,0.9925,0.99285,0.10,14.40
2007.12.24 07:44:22.976,0.9925,0.99275,0.10,0.50
2007.12.24 07:44:36.448,0.99255,0.99275,0.10,4.80
2007.12.24 07:44:36.582,0.99255,0.99275,0.10,0.80
2007.12.24 07:44:36.715,0.99255,0.99285,0.10,15.60
2007.12.24 07:44:37.604,0.99255,0.99275,0.10,4.00
2007.12.24 07:44:47.682,0.9926,0.99275,0.10,4.00
2007.12.24 07:44:47.806,0.9926,0.99275,0.10,4.00
2007.12.24 07:44:47.929,0.99265,0.99285,0.10,9.20
2007.12.24 07:44:48.052,0.99265,0.99285,0.10,9.20
2007.12.24 07:44:48.175,0.99265,0.99285,0.10,8.80
2007.12.24 07:44:48.299,0.99265,0.99285,0.10,4.80
2007.12.24 07:44:48.607,0.99265,0.99285,0.10,4.80
2007.12.24 07:44:54.122,0.99265,0.99285,0.10,4.00
2007.12.24 07:44:54.236,0.99265,0.99285,0.10,4.00
2007.12.24 07:44:54.348,0.99265,0.99285,0.10,4.00
2007.12.24 07:44:54.630,0.99265,0.99285,0.10,4.00
2007.12.24 07:44:54.824,0.99265,0.99285,0.10,4.80
2007.12.24 07:45:01.018,0.99265,0.99285,0.10,4.80
2007.12.24 07:45:01.151,0.99265,0.99285,0.10,4.00
2007.12.24 07:45:01.283,0.99265,0.99285,0.10,4.00
2007.12.24 07:45:05.941,0.9926,0.99285,0.10,4.00
2007.12.24 07:45:06.144,0.9926,0.99285,0.10,4.80
2007.12.24 07:45:06.269,0.9926,0.99285,0.10,4.80
2007.12.24 07:45:06.387,0.9926,0.99285,0.10,4.80
2007.12.24 07:45:07.824,0.9926,0.99295,0.10,13.50
2007.12.24 07:45:11.184,0.9926,0.99285,0.10,8.00
2007.12.24 07:45:11.317,0.99265,0.99285,0.10,8.00
2007.12.24 07:45:11.451,0.99265,0.99285,0.10,4.00
2007.12.24 07:45:12.652,0.99265,0.99285,0.10,4.00
2007.12.24 07:45:13.249,0.99265,0.99285,0.10,4.00
2007.12.24 07:45:14.442,0.9927,0.99285,0.10,4.00
2007.12.24 07:45:14.700,0.9927,0.99285,0.10,4.00
2007.12.24 07:45:14.957,0.9927,0.99295,0.10,9.20
2007.12.24 07:45:16.685,0.9927,0.99295,0.10,9.20
2007.12.24 07:45:16.783,0.99265,0.99295,0.10,9.20
2007.12.24 07:45:16.881,0.99265,0.9929,0.10,4.00
2007.12.24 07:45:16.980,0.99265,0.99285,0.10,4.00
2007.12.24 07:45:18.511,0.9927,0.99285,0.10,4.00
2007.12.24 07:45:18.610,0.9927,0.99285,0.10,4.00
2007.12.24 07:45:18.711,0.9927,0.99285,0.10,4.00
2007.12.24 07:45:18.814,0.9927,0.9929,0.10,4.00
2007.12.24 07:45:18.912,0.9927,0.99295,0.10,5.60
2007.12.24 07:45:20.129,0.9927,0.99285,0.10,0.80
2007.12.24 07:45:23.349,0.9927,0.99285,0.10,0.80
2007.12.24 07:45:26.095,0.9927,0.99295,0.10,4.80
2007.12.24 07:45:38.345,0.9927,0.99285,0.10,0.80
2007.12.24 07:45:38.660,0.9927,0.99295,0.10,4.80
2007.12.24 07:45:38.773,0.9927,0.99295,0.10,4.80
2007.12.24 07:45:45.961,0.9927,0.99295,0.10,5.60
2007.12.24 07:45:48.088,0.9927,0.99295,0.10,5.60
2007.12.24 07:45:59.724,0.99275,0.99295,0.10,5.60
2007.12.24 07:45:59.903,0.99275,0.99295,0.10,4.80
2007.12.24 07:46:00.143,0.99275,0.99295,0.10,4.80
2007.12.24 07:46:01.171,0.9927,0.99295,0.10,4.80
2007.12.24 07:46:01.380,0.9927,0.99295,0.10,6.00
2007.12.24 07:46:01.588,0.9927,0.99295,0.10,6.00
2007.12.24 07:46:07.597,0.99265,0.99295,0.10,6.30
2007.12.24 07:46:07.771,0.99265,0.99295,0.10,6.30
2007.12.24 07:46:07.899,0.99265,0.99285,0.10,4.00
2007.12.24 07:46:07.942,0.99265,0.99285,0.10,0.50
2007.12.24 07:46:08.062,0.99265,0.99295,0.10,9.90
2007.12.24 07:46:09.056,0.9927,0.99285,0.10,0.90
2007.12.24 07:46:09.227,0.9927,0.99295,0.10,8.80
2007.12.24 07:46:09.414,0.9927,0.993,0.10,9.60
2007.12.24 07:46:09.875,0.9927,0.99295,0.10,0.70
2007.12.24 07:46:12.674,0.99265,0.99295,0.10,0.50
2007.12.24 07:46:12.802,0.99265,0.99295,0.10,7.60
2007.12.24 07:46:12.930,0.99265,0.99295,0.10,11.60
2007.12.24 07:46:21.728,0.99265,0.99295,0.10,11.60
2007.12.24 07:46:23.169,0.9927,0.99295,0.10,11.60
2007.12.24 07:46:23.378,0.9927,0.99285,0.10,0.80
2007.12.24 07:46:23.668,0.9927,0.993,0.10,10.00
2007.12.24 07:46:25.660,0.99265,0.993,0.10,10.30
2007.12.24 07:46:25.749,0.99265,0.99295,0.10,6.80
2007.12.24 07:46:25.838,0.99265,0.99295,0.10,10.80
2007.12.24 07:46:25.929,0.99265,0.99295,0.10,11.60
2007.12.24 07:46:29.907,0.9927,0.99295,0.10,11.60
2007.12.24 07:46:30.144,0.9927,0.99295,0.10,10.80
2007.12.24 07:46:30.370,0.9927,0.99285,0.10,0.60
2007.12.24 07:46:30.593,0.9927,0.99295,0.10,0.50
2007.12.24 07:46:34.682,0.99275,0.99295,0.10,0.70
2007.12.24 07:46:34.890,0.99275,0.99295,0.10,0.80
2007.12.24 07:46:37.099,0.99275,0.99295,0.10,4.80
2007.12.24 07:46:37.197,0.99275,0.99295,0.10,4.80
2007.12.24 07:46:37.912,0.9928,0.99295,0.10,4.80
2007.12.24 07:46:38.142,0.9928,0.99295,0.10,4.00
2007.12.24 07:46:38.472,0.9928,0.99305,0.10,10.00
2007.12.24 07:46:41.132,0.9928,0.99305,0.10,10.00
2007.12.24 07:46:41.285,0.99275,0.99305,0.10,10.00
2007.12.24 07:46:41.438,0.99275,0.993,0.10,4.00
2007.12.24 07:46:41.603,0.99275,0.993,0.10,4.00
2007.12.24 07:46:41.744,0.9928,0.993,0.10,4.00
2007.12.24 07:46:41.897,0.9928,0.99305,0.10,10.40
2007.12.24 07:46:42.105,0.99275,0.99305,0.10,6.00
2007.12.24 07:46:42.361,0.99275,0.99305,0.10,6.00
2007.12.24 07:46:44.232,0.99275,0.99305,0.10,6.00
2007.12.24 07:46:44.345,0.9928,0.99305,0.10,2.00
2007.12.24 07:46:44.469,0.9928,0.99305,0.10,6.00
2007.12.24 07:46:44.635,0.99275,0.99305,0.10,6.30
2007.12.24 07:46:44.823,0.99275,0.99305,0.10,10.30
2007.12.24 07:46:45.126,0.99275,0.99305,0.10,10.30
2007.12.24 07:46:45.459,0.99275,0.99305,0.10,9.10
2007.12.24 07:46:45.792,0.99275,0.993,0.10,4.00
2007.12.24 07:46:48.706,0.99275,0.993,0.10,4.00
2007.12.24 07:46:48.997,0.99275,0.99305,0.10,4.80
2007.12.24 07:46:49.947,0.9928,0.99305,0.10,4.80
2007.12.24 07:46:55.032,0.9928,0.99305,0.10,4.80
2007.12.24 07:46:55.215,0.9928,0.99305,0.10,4.80
2007.12.24 07:46:55.616,0.9928,0.99295,0.10,0.80
2007.12.24 07:46:55.745,0.9928,0.99295,0.10,0.80
2007.12.24 07:46:55.874,0.99265,0.9929,0.10,4.00
2007.12.24 07:46:56.002,0.99265,0.99285,0.10,4.00
2007.12.24 07:46:56.130,0.99265,0.99285,0.10,4.00
2007.12.24 07:46:58.044,0.9926,0.99285,0.20,4.00
2007.12.24 07:47:01.675,0.99265,0.99285,0.10,4.00
2007.12.24 07:47:09.762,0.9926,0.99285,0.10,4.00
2007.12.24 07:47:09.885,0.9926,0.99285,0.10,4.80
2007.12.24 07:47:10.008,0.9926,0.99285,0.10,4.80
2007.12.24 07:47:17.078,0.9926,0.99285,0.10,4.80
2007.12.24 07:47:18.635,0.9926,0.99285,0.10,4.00
2007.12.24 07:47:18.817,0.9927,0.99285,0.10,4.00
2007.12.24 07:47:18.987,0.99265,0.9929,0.20,4.00
2007.12.24 07:47:19.133,0.9927,0.99295,0.10,8.80
2007.12.24 07:47:19.276,0.99275,0.99295,0.10,8.80
2007.12.24 07:47:19.421,0.9927,0.99295,0.20,4.80
2007.12.24 07:47:19.564,0.99275,0.99295,0.10,0.80
2007.12.24 07:47:20.160,0.9927,0.99295,0.20,0.80
2007.12.24 07:47:20.668,0.99275,0.99295,0.20,0.80
2007.12.24 07:47:20.881,0.9928,0.99305,0.10,12.40
2007.12.24 07:47:21.020,0.9928,0.99305,0.10,12.00
2007.12.24 07:47:21.278,0.9928,0.99305,0.10,12.00
2007.12.24 07:47:36.092,0.99275,0.99295,0.20,0.80
2007.12.24 07:47:36.209,0.99275,0.99295,0.10,0.80
2007.12.24 07:47:36.344,0.9927,0.99295,0.20,0.80
2007.12.24 07:47:36.463,0.99275,0.99295,0.10,4.80
2007.12.24 07:47:37.065,0.99275,0.99295,0.10,4.80
2007.12.24 07:47:37.233,0.9927,0.99295,0.20,4.80
2007.12.24 07:47:37.402,0.9927,0.99295,0.20,4.80
2007.12.24 07:47:52.218,0.9928,0.99295,0.10,4.80
2007.12.24 07:47:52.341,0.9928,0.99295,0.10,4.80
2007.12.24 07:47:52.465,0.9928,0.99295,0.10,4.80
2007.12.24 07:47:52.632,0.99275,0.99295,0.10,4.80
2007.12.24 07:47:52.766,0.99275,0.99295,0.10,4.80
2007.12.24 07:47:53.083,0.99275,0.99295,0.10,4.80
2007.12.24 07:47:53.301,0.99275,0.99295,0.10,4.80
2007.12.24 07:47:53.643,0.99275,0.99295,0.10,4.80
2007.12.24 07:47:54.196,0.9927,0.99295,0.10,4.80
2007.12.24 07:47:56.149,0.9927,0.99295,0.10,4.80
2007.12.24 07:47:56.383,0.9927,0.99295,0.10,4.80
2007.12.24 07:48:00.833,0.9926,0.99295,0.10,5.10
2007.12.24 07:48:01.021,0.9926,0.99285,0.10,0.80
2007.12.24 07:48:01.208,0.9926,0.99285,0.10,4.80
2007.12.24 07:48:01.445,0.9926,0.99285,0.10,4.80
2007.12.24 07:48:02.284,0.9926,0.99285,0.10,4.80
2007.12.24 07:48:02.617,0.9926,0.99285,0.10,4.80
2007.12.24 07:48:07.362,0.9926,0.99285,0.10,4.80
2007.12.24 07:48:07.490,0.9926,0.99285,0.10,4.80
2007.12.24 07:48:15.211,0.9926,0.9929,0.10,8.80
2007.12.24 07:48:19.835,0.99265,0.9929,0.10,8.80
2007.12.24 07:48:20.665,0.9927,0.99285,0.10,0.80
2007.12.24 07:48:20.869,0.9927,0.99295,0.10,14.00
2007.12.24 07:48:24.196,0.99265,0.99285,0.10,0.80
2007.12.24 07:48:24.319,0.99265,0.99295,0.10,14.00
2007.12.24 07:48:24.443,0.99265,0.9929,0.10,4.80
2007.12.24 07:48:24.578,0.99265,0.9929,0.10,8.80
2007.12.24 07:48:28.870,0.9924,0.99285,0.10,5.20
2007.12.24 07:48:28.972,0.9924,0.99285,0.10,5.20
2007.12.24 07:48:29.126,0.9924,0.9927,0.10,8.80
2007.12.24 07:48:29.281,0.9924,0.9927,0.10,8.80
2007.12.24 07:48:29.433,0.99235,0.9927,0.10,9.10
2007.12.24 07:48:29.587,0.99235,0.99265,0.10,0.50
2007.12.24 07:48:29.875,0.99235,0.99265,0.10,0.60
2007.12.24 07:48:30.041,0.9924,0.99265,0.10,0.70
2007.12.24 07:48:30.231,0.9924,0.99275,0.10,11.90
2007.12.24 07:48:30.433,0.9924,0.99275,0.10,11.90
2007.12.24 07:48:30.636,0.9924,0.99275,0.10,11.90
2007.12.24 07:48:30.921,0.9924,0.99275,0.10,13.10
2007.12.24 07:48:33.654,0.99235,0.99275,0.10,13.10
2007.12.24 07:48:33.749,0.99235,0.9927,0.10,7.50
2007.12.24 07:48:33.853,0.99235,0.99265,0.10,0.70
2007.12.24 07:48:33.946,0.99235,0.9927,0.10,11.60
2007.12.24 07:48:45.370,0.9924,0.99265,0.10,11.20
2007.12.24 07:48:45.664,0.9924,0.99265,0.10,8.80
2007.12.24 07:48:45.957,0.9924,0.99265,0.10,4.80
2007.12.24 07:48:46.250,0.9924,0.99265,0.10,4.80
2007.12.24 07:48:46.543,0.9924,0.99265,0.10,4.80
2007.12.24 07:48:47.719,0.9924,0.99265,0.10,6.00
2007.12.24 07:48:54.612,0.9923,0.99265,0.10,6.30
2007.12.24 07:48:54.776,0.9923,0.99255,0.10,0.80
2007.12.24 07:48:54.940,0.9923,0.99255,0.10,3.20
2007.12.24 07:48:55.104,0.9923,0.99255,0.10,3.20
2007.12.24 07:48:55.266,0.9923,0.99255,0.10,4.40
2007.12.24 07:48:55.429,0.9923,0.99255,0.10,4.40
2007.12.24 07:48:55.702,0.9923,0.99255,0.10,4.40
2007.12.24 07:48:56.139,0.9923,0.99255,0.10,3.20
2007.12.24 07:48:56.357,0.9923,0.99255,0.10,3.20
2007.12.24 07:49:30.891,0.992,0.9926,1.20,5.60
2007.12.24 07:49:31.106,0.99205,0.9926,4.00,5.60
2007.12.24 07:49:31.426,0.99205,0.9925,4.00,2.40
2007.12.24 07:49:31.633,0.992,0.9925,5.20,2.40
2007.12.24 07:49:31.971,0.99235,0.99255,0.10,2.40
2007.12.24 07:49:32.288,0.99235,0.99255,0.10,0.80
2007.12.24 07:49:32.578,0.99235,0.99255,0.10,0.80
2007.12.24 07:49:33.706,0.99235,0.99255,0.10,0.80
2007.12.24 07:49:34.153,0.99245,0.99255,0.10,0.80
2007.12.24 07:49:34.327,0.99245,0.99265,0.10,7.20
2007.12.24 07:49:34.563,0.99245,0.99265,0.10,3.20
2007.12.24 07:49:34.736,0.99245,0.99265,0.10,2.40
2007.12.24 07:49:34.909,0.99245,0.99275,0.10,11.60
2007.12.24 07:49:36.170,0.99245,0.99275,0.10,11.60
2007.12.24 07:49:36.288,0.9925,0.99275,0.10,9.20
2007.12.24 07:49:36.405,0.9925,0.99275,0.10,5.20
2007.12.24 07:49:37.013,0.9925,0.99275,0.10,4.80
2007.12.24 07:49:37.304,0.9925,0.99275,0.10,4.80
2007.12.24 07:49:37.635,0.9925,0.99275,0.10,4.80
2007.12.24 07:49:37.909,0.99255,0.99275,0.10,4.00
2007.12.24 07:49:38.182,0.99255,0.99285,0.10,9.20
2007.12.24 07:49:38.455,0.9926,0.99285,0.10,9.20
2007.12.24 07:49:38.618,0.9926,0.99285,0.10,5.20
2007.12.24 07:49:38.998,0.9926,0.99285,0.10,5.20
2007.12.24 07:49:39.162,0.9926,0.99285,0.10,4.80
2007.12.24 07:49:39.354,0.9926,0.99285,0.10,4.80
2007.12.24 07:49:40.678,0.9926,0.99285,0.10,4.00
2007.12.24 07:49:40.766,0.9927,0.99285,0.10,4.00
2007.12.24 07:49:40.868,0.9927,0.99285,0.10,4.00
2007.12.24 07:49:40.956,0.99275,0.99285,0.10,4.00
2007.12.24 07:49:41.044,0.99275,0.99295,0.10,5.20
2007.12.24 07:49:41.145,0.99275,0.9929,0.10,4.00
2007.12.24 07:49:41.222,0.99275,0.9929,0.10,4.00
2007.12.24 07:49:41.310,0.99275,0.9929,0.10,4.00
2007.12.24 07:49:41.638,0.99275,0.99305,0.10,6.40
2007.12.24 07:49:41.966,0.9928,0.99305,0.10,4.00
2007.12.24 07:49:42.294,0.9928,0.9931,0.10,4.00
2007.12.24 07:49:43.137,0.9928,0.9931,0.10,4.00
2007.12.24 07:49:43.257,0.9929,0.9931,0.10,4.00
2007.12.24 07:49:43.386,0.9929,0.99315,0.10,2.00
2007.12.24 07:49:43.602,0.9929,0.99315,0.10,2.00
2007.12.24 07:49:44.795,0.9929,0.99315,0.10,4.40
2007.12.24 07:49:44.959,0.99285,0.99315,0.10,4.40
2007.12.24 07:49:45.123,0.99285,0.99305,0.10,0.80
2007.12.24 07:49:45.286,0.99285,0.99305,0.10,2.00
2007.12.24 07:49:45.449,0.99285,0.99305,0.10,2.00
2007.12.24 07:49:45.703,0.99295,0.99315,0.10,12.40
2007.12.24 07:49:45.954,0.99295,0.99315,0.10,2.00
2007.12.24 07:49:46.697,0.99295,0.99315,0.10,2.00
2007.12.24 07:49:47.621,0.99295,0.99315,0.10,2.00
2007.12.24 07:49:47.753,0.993,0.99315,0.10,0.80
2007.12.24 07:49:47.886,0.993,0.99315,0.10,0.80
2007.12.24 07:49:48.064,0.993,0.99315,0.10,0.80
2007.12.24 07:49:48.331,0.993,0.99315,0.10,0.80
2007.12.24 07:49:51.695,0.99295,0.99315,0.10,0.80
2007.12.24 07:49:51.874,0.99295,0.99315,0.10,0.80
2007.12.24 07:49:52.216,0.993,0.99315,0.10,0.80
2007.12.24 07:49:52.585,0.993,0.99315,0.10,0.80
2007.12.24 07:49:52.897,0.99305,0.99325,0.10,6.00
2007.12.24 07:49:53.213,0.99305,0.99325,0.10,2.00
2007.12.24 07:49:54.144,0.99305,0.99325,0.10,2.00
2007.12.24 07:49:54.271,0.99315,0.99325,0.10,0.80
2007.12.24 07:49:54.410,0.99315,0.99325,0.10,0.80
2007.12.24 07:49:54.527,0.99315,0.99325,0.10,0.80
2007.12.24 07:49:54.655,0.9932,0.99335,0.10,3.60
2007.12.24 07:49:54.869,0.9932,0.99345,0.10,4.40
2007.12.24 07:49:55.082,0.9932,0.9935,0.10,4.00
2007.12.24 07:49:55.313,0.9932,0.9935,0.10,4.00
2007.12.24 07:49:56.419,0.99315,0.9935,0.20,4.00
2007.12.24 07:49:56.678,0.99325,0.9935,0.20,4.00
2007.12.24 07:49:56.811,0.99325,0.9935,0.20,4.00
2007.12.24 07:49:56.943,0.9933,0.99355,0.10,6.40
2007.12.24 07:49:57.077,0.99325,0.99355,0.20,6.00
2007.12.24 07:49:57.642,0.9933,0.99355,0.10,5.20
2007.12.24 07:49:57.775,0.99335,0.99355,0.20,5.20
2007.12.24 07:49:58.110,0.99335,0.99365,0.20,10.40
2007.12.24 07:49:58.444,0.99325,0.99355,0.20,4.00
2007.12.24 07:49:58.777,0.99325,0.99355,0.20,4.00
2007.12.24 07:49:58.985,0.9932,0.99355,0.20,4.00
2007.12.24 07:49:59.192,0.99325,0.99355,0.10,4.00
2007.12.24 07:49:59.401,0.99325,0.9935,0.10,4.00
2007.12.24 07:49:59.609,0.9932,0.9935,0.20,4.00
2007.12.24 07:49:59.817,0.99295,0.9935,0.20,4.00
2007.12.24 07:50:00.011,0.99295,0.99345,0.20,4.00
2007.12.24 07:50:00.207,0.99295,0.99345,0.20,4.00
2007.12.24 07:50:00.399,0.99295,0.99345,0.20,4.00
2007.12.24 07:50:00.615,0.993,0.99345,0.10,4.80
2007.12.24 07:50:00.808,0.9931,0.99345,0.10,5.10
2007.12.24 07:50:01.000,0.99305,0.99345,0.20,5.10
2007.12.24 07:50:01.193,0.99305,0.9934,0.20,4.00
2007.12.24 07:50:01.386,0.99305,0.9934,0.20,4.00
2007.12.24 07:50:02.177,0.99305,0.9934,0.20,4.30
2007.12.24 07:50:02.407,0.9931,0.99335,0.10,4.00
2007.12.24 07:50:02.613,0.9931,0.99335,0.10,4.00
2007.12.24 07:50:02.830,0.9931,0.99335,0.20,4.00
2007.12.24 07:50:02.983,0.9931,0.99345,0.20,7.60
2007.12.24 07:50:03.746,0.99315,0.99345,0.10,7.60
2007.12.24 07:50:03.898,0.9931,0.99345,0.20,7.60
2007.12.24 07:50:04.232,0.99315,0.99345,0.10,7.60
2007.12.24 07:50:04.736,0.99315,0.99345,0.10,7.60
2007.12.24 07:50:05.506,0.9933,0.99345,0.10,7.60
2007.12.24 07:50:05.678,0.9933,0.99345,0.10,4.00
2007.12.24 07:50:05.852,0.99325,0.99365,4.10,8.80
2007.12.24 07:50:06.024,0.99325,0.99365,4.10,0.80
2007.12.24 07:50:06.233,0.99325,0.99365,4.10,0.80
2007.12.24 07:50:06.441,0.9933,0.99365,1.10,0.80
2007.12.24 07:50:07.574,0.99365,0.99375,0.10,12.80
2007.12.24 07:50:07.739,0.9936,0.99375,0.20,9.20
2007.12.24 07:50:07.900,0.99365,0.99375,0.10,4.00
2007.12.24 07:50:08.062,0.9936,0.99395,0.20,7.20
2007.12.24 07:50:08.335,0.99365,0.99395,0.10,7.20
2007.12.24 07:50:08.608,0.9936,0.99395,0.20,7.20
2007.12.24 07:50:09.608,0.9936,0.99395,0.20,7.20
2007.12.24 07:50:10.223,0.99365,0.99385,0.10,2.40
2007.12.24 07:50:10.411,0.9936,0.99385,0.20,2.40
2007.12.24 07:50:10.630,0.9936,0.99385,0.20,2.40
2007.12.24 07:50:10.816,0.9936,0.99395,0.20,11.20
2007.12.24 07:50:11.004,0.99365,0.99395,0.20,11.20
2007.12.24 07:50:11.349,0.9937,0.99395,0.10,7.20
2007.12.24 07:50:11.541,0.99365,0.99395,0.20,3.20
2007.12.24 07:50:11.735,0.9937,0.99395,0.10,0.80
2007.12.24 07:50:12.060,0.9937,0.99395,0.10,0.80
2007.12.24 07:50:12.254,0.9936,0.99395,0.10,1.10
2007.12.24 07:50:12.432,0.9936,0.99395,0.10,7.50
2007.12.24 07:50:12.610,0.99355,0.99395,0.20,11.50
2007.12.24 07:50:12.789,0.99355,0.99385,0.20,0.80
2007.12.24 07:50:13.223,0.9936,0.99385,0.10,0.80
2007.12.24 07:50:13.409,0.99355,0.99385,0.20,0.80
2007.12.24 07:50:13.601,0.99345,0.99385,0.20,1.10
2007.12.24 07:50:13.775,0.99345,0.9938,0.20,4.00
2007.12.24 07:50:13.948,0.9935,0.9938,0.10,4.00
2007.12.24 07:50:14.120,0.9936,0.9938,0.10,4.00
2007.12.24 07:50:14.294,0.99355,0.9938,0.20,4.00
2007.12.24 07:50:14.581,0.99355,0.9939,0.20,4.30
2007.12.24 07:50:14.858,0.99355,0.9939,0.20,4.30
2007.12.24 07:50:15.298,0.99355,0.9939,0.20,4.30
2007.12.24 07:50:15.929,0.99355,0.9939,0.20,4.30
2007.12.24 07:50:17.864,0.9936,0.9939,0.10,4.30
2007.12.24 07:50:18.387,0.99355,0.9939,0.20,0.40
2007.12.24 07:50:29.665,0.9936,0.9939,0.10,0.40
2007.12.24 07:50:29.924,0.99375,0.99395,0.10,4.40
2007.12.24 07:50:30.184,0.99375,0.99405,0.10,8.80
2007.12.24 07:50:34.504,0.99375,0.99405,0.10,0.70
2007.12.24 07:50:35.831,0.99375,0.9941,0.10,9.20
2007.12.24 07:50:36.564,0.99375,0.994,0.10,0.70
2007.12.24 07:50:38.276,0.99375,0.99405,0.10,8.80
2007.12.24 07:50:38.594,0.9938,0.99405,0.10,8.80
2007.12.24 07:50:38.762,0.9938,0.994,0.10,0.80
2007.12.24 07:50:38.861,0.9938,0.994,0.10,0.80
2007.12.24 07:50:38.959,0.9938,0.99405,0.10,0.60
2007.12.24 07:50:39.716,0.9938,0.9941,0.10,6.00
2007.12.24 07:50:39.920,0.9938,0.9941,0.10,6.00
2007.12.24 07:50:40.124,0.99375,0.99405,0.10,0.50
2007.12.24 07:50:40.247,0.99375,0.9941,0.10,8.70
2007.12.24 07:50:40.371,0.99375,0.994,0.10,0.50
2007.12.24 07:50:45.058,0.99375,0.99405,0.10,8.40
2007.12.24 07:50:46.323,0.99375,0.99405,0.10,0.50
2007.12.24 07:50:46.596,0.99355,0.99405,0.10,8.80
2007.12.24 07:50:46.737,0.99355,0.99405,0.10,8.80
2007.12.24 07:50:46.865,0.99355,0.9939,0.10,6.70
2007.12.24 07:50:47.257,0.99355,0.9939,0.10,6.70
2007.12.24 07:50:47.565,0.99355,0.9939,0.10,6.80
2007.12.24 07:50:47.996,0.99355,0.9939,0.10,6.80
2007.12.24 07:50:48.205,0.9938,0.9939,0.10,6.40
2007.12.24 07:50:48.414,0.9938,0.99405,0.10,4.40
2007.12.24 07:50:48.637,0.99385,0.99405,0.10,4.00
2007.12.24 07:50:48.860,0.99385,0.99405,0.10,0.80
2007.12.24 07:50:49.082,0.9938,0.99405,0.10,0.80
2007.12.24 07:50:49.306,0.9938,0.99415,0.10,11.10
2007.12.24 07:50:49.503,0.9938,0.9941,0.10,6.00
2007.12.24 07:50:50.626,0.9938,0.9941,0.10,6.00
2007.12.24 07:50:50.795,0.99375,0.99395,0.10,0.80
2007.12.24 07:50:50.963,0.99375,0.99395,0.10,0.80
2007.12.24 07:50:52.627,0.9938,0.99395,0.10,0.80
2007.12.24 07:50:52.754,0.9938,0.99405,0.10,6.80
2007.12.24 07:50:52.883,0.9938,0.99425,0.10,19.90
2007.12.24 07:50:53.011,0.9938,0.99425,0.10,19.90
2007.12.24 07:50:53.140,0.99375,0.9941,0.10,0.40
2007.12.24 07:50:53.268,0.99375,0.9941,0.10,0.40
2007.12.24 07:50:53.396,0.99375,0.9941,0.10,4.40
2007.12.24 07:50:53.615,0.99375,0.9941,0.10,4.40
2007.12.24 07:50:53.893,0.9939,0.99415,0.10,0.80
2007.12.24 07:50:54.171,0.99385,0.9942,0.10,5.60
2007.12.24 07:50:54.449,0.99385,0.9941,0.10,0.50
2007.12.24 07:50:54.639,0.99385,0.9941,0.10,0.70
2007.12.24 07:50:54.808,0.9936,0.99415,0.10,5.20
2007.12.24 07:50:54.975,0.9936,0.9941,0.10,0.80
2007.12.24 07:50:55.144,0.9936,0.99405,0.10,0.50
2007.12.24 07:50:55.314,0.9936,0.99405,0.10,0.50
2007.12.24 07:50:55.712,0.9936,0.9941,0.10,4.50
2007.12.24 07:50:56.666,0.9935,0.99405,4.00,0.50
2007.12.24 07:50:56.774,0.9935,0.9941,4.00,4.50
2007.12.24 07:50:56.881,0.9935,0.99395,0.10,0.90
2007.12.24 07:50:57.032,0.9935,0.99395,0.10,0.50
2007.12.24 07:50:57.139,0.99345,0.99395,0.10,0.50
2007.12.24 07:50:57.247,0.99345,0.99395,0.10,0.50
2007.12.24 07:50:57.355,0.99345,0.99415,4.00,6.40
2007.12.24 07:50:57.548,0.9934,0.99415,4.10,10.80
2007.12.24 07:50:57.657,0.9934,0.99415,4.10,5.20
2007.12.24 07:50:59.659,0.9934,0.99415,4.10,5.20
2007.12.24 07:50:59.743,0.9939,0.99415,0.20,5.20
2007.12.24 07:50:59.976,0.9939,0.99415,0.20,4.50
2007.12.24 07:51:00.210,0.9939,0.99425,0.20,4.50
2007.12.24 07:51:00.443,0.9939,0.99425,0.20,4.50
2007.12.24 07:51:01.715,0.9939,0.99425,0.20,4.50
2007.12.24 07:51:12.654,0.99385,0.9942,0.20,4.30
2007.12.24 07:51:12.762,0.9939,0.9942,0.10,4.30
2007.12.24 07:51:12.870,0.99385,0.9942,0.20,4.30
2007.12.24 07:51:12.978,0.9939,0.99415,0.10,4.00
2007.12.24 07:51:15.549,0.99385,0.99415,0.20,4.00
2007.12.24 07:51:23.124,0.9938,0.99415,0.20,4.30
2007.12.24 07:51:23.236,0.9938,0.99415,0.20,4.30
2007.12.24 07:51:23.349,0.9938,0.9941,0.20,4.00
2007.12.24 07:51:29.122,0.99385,0.9941,0.10,4.00
2007.12.24 07:51:32.620,0.99385,0.99415,0.10,6.30
2007.12.24 07:51:32.665,0.9938,0.9941,0.10,0.70
2007.12.24 07:51:32.909,0.9938,0.9941,0.10,4.40
2007.12.24 07:51:33.197,0.9937,0.99415,0.10,6.70
2007.12.24 07:51:33.441,0.9937,0.99395,0.10,0.80
2007.12.24 07:51:33.684,0.9937,0.994,0.10,4.80
2007.12.24 07:51:33.850,0.9937,0.994,0.10,4.80
2007.12.24 07:51:34.014,0.9938,0.994,0.10,4.80
2007.12.24 07:51:34.318,0.9938,0.99405,0.10,4.80
2007.12.24 07:51:36.727,0.99365,0.99395,0.10,0.80
2007.12.24 07:51:36.854,0.99365,0.99395,0.10,1.60
2007.12.24 07:51:36.983,0.99365,0.9939,0.10,4.80
2007.12.24 07:51:37.111,0.99365,0.99385,0.10,0.80
2007.12.24 07:51:37.239,0.9937,0.99385,0.10,0.80
2007.12.24 07:51:37.388,0.9937,0.99395,0.10,12.00
2007.12.24 07:51:37.833,0.9937,0.99395,0.10,12.00
2007.12.24 07:51:40.149,0.99365,0.99395,0.10,12.00
2007.12.24 07:51:40.320,0.99365,0.99385,0.10,0.80
2007.12.24 07:51:42.701,0.99365,0.99385,0.10,0.50
2007.12.24 07:51:42.849,0.99355,0.99385,0.10,4.00
2007.12.24 07:51:42.997,0.99355,0.99375,0.10,0.80
2007.12.24 07:51:43.151,0.99355,0.9938,0.10,4.80
2007.12.24 07:51:43.333,0.99355,0.9938,0.10,7.20
2007.12.24 07:51:43.953,0.99355,0.9938,0.10,7.20
2007.12.24 07:51:44.112,0.99355,0.99375,0.10,0.90
2007.12.24 07:51:44.303,0.99345,0.99375,0.10,3.20
2007.12.24 07:51:44.496,0.99345,0.9937,0.10,6.40
2007.12.24 07:51:44.690,0.99345,0.99365,0.10,0.90
2007.12.24 07:51:44.883,0.99335,0.99355,0.10,0.80
2007.12.24 07:51:45.076,0.99335,0.99355,0.10,0.80
2007.12.24 07:51:45.324,0.99335,0.9936,0.10,4.80
2007.12.24 07:51:45.741,0.99345,0.99355,0.10,0.80
2007.12.24 07:51:45.991,0.99345,0.99375,0.10,7.60
2007.12.24 07:51:46.158,0.99345,0.99375,0.10,7.60
2007.12.24 07:51:46.326,0.99335,0.9937,0.10,6.70
2007.12.24 07:51:46.494,0.99335,0.99365,0.10,0.80
2007.12.24 07:51:46.663,0.99335,0.9937,0.10,6.80
2007.12.24 07:51:46.831,0.9933,0.99365,0.10,0.70
2007.12.24 07:51:47.040,0.9933,0.9936,0.10,0.90
2007.12.24 07:51:47.263,0.9933,0.9936,0.10,0.90
2007.12.24 07:51:47.558,0.9933,0.99365,0.10,7.10
2007.12.24 07:51:48.392,0.9933,0.99365,0.10,7.10
2007.12.24 07:51:48.531,0.9933,0.9936,0.10,0.90
2007.12.24 07:51:49.187,0.9934,0.9936,0.10,0.80
2007.12.24 07:51:49.520,0.9934,0.99365,0.10,6.80
2007.12.24 07:51:49.852,0.9934,0.9937,0.10,7.20
2007.12.24 07:51:50.624,0.9934,0.9937,0.10,7.20
2007.12.24 07:51:50.834,0.99345,0.99365,0.10,0.60
2007.12.24 07:51:51.031,0.99345,0.9938,0.10,8.00
2007.12.24 07:51:51.242,0.99345,0.99375,0.10,0.70
2007.12.24 07:51:51.977,0.99345,0.9938,0.10,8.00
2007.12.24 07:51:52.230,0.99345,0.9938,0.10,8.00
2007.12.24 07:51:52.661,0.99345,0.9938,0.10,8.00
2007.12.24 07:51:52.785,0.9934,0.99375,0.10,8.00
2007.12.24 07:51:52.922,0.9934,0.99365,0.10,0.50
2007.12.24 07:51:53.163,0.9934,0.9937,0.10,6.80
2007.12.24 07:51:53.835,0.9934,0.9937,0.10,6.80
2007.12.24 07:51:54.624,0.9934,0.9937,0.10,7.60
2007.12.24 07:51:54.772,0.99335,0.99375,0.10,8.70
2007.12.24 07:51:54.920,0.99335,0.99365,0.10,7.90
2007.12.24 07:51:55.110,0.99335,0.99365,0.10,7.90
2007.12.24 07:51:55.307,0.99325,0.9936,0.10,0.50
2007.12.24 07:51:55.455,0.99325,0.99355,0.10,0.50
2007.12.24 07:51:55.637,0.99325,0.99355,0.10,0.50
2007.12.24 07:51:55.902,0.99325,0.9936,0.10,7.60
2007.12.24 07:51:57.687,0.99325,0.99355,0.10,0.70
2007.12.24 07:51:57.809,0.99325,0.99365,0.10,12.70
2007.12.24 07:51:57.934,0.99325,0.9935,0.10,0.60
2007.12.24 07:51:58.377,0.99325,0.9935,0.10,6.40
2007.12.24 07:51:58.790,0.99325,0.99345,0.10,0.80
2007.12.24 07:51:58.988,0.99325,0.99355,0.10,5.50
2007.12.24 07:51:59.186,0.99325,0.99355,0.10,5.50
2007.12.24 07:52:01.015,0.99325,0.9935,0.10,4.00
2007.12.24 07:52:01.179,0.99325,0.9935,0.10,4.00
2007.12.24 07:52:01.327,0.99325,0.99355,0.10,7.60
2007.12.24 07:52:02.024,0.99325,0.99355,0.10,7.20
2007.12.24 07:52:02.350,0.99325,0.99355,0.10,7.20
2007.12.24 07:52:02.620,0.99325,0.99355,0.10,7.20
2007.12.24 07:52:02.721,0.99325,0.99355,0.10,8.40
2007.12.24 07:52:04.254,0.99325,0.99355,0.10,8.40
2007.12.24 07:52:04.417,0.9932,0.99355,0.10,8.70
2007.12.24 07:52:04.655,0.9932,0.9935,0.10,4.00
2007.12.24 07:52:08.263,0.9932,0.9935,0.10,4.00
2007.12.24 07:52:08.437,0.99325,0.9935,0.10,4.00
2007.12.24 07:52:08.631,0.99325,0.99355,0.10,8.40
2007.12.24 07:52:10.624,0.99325,0.99345,0.10,0.80
2007.12.24 07:52:10.757,0.9932,0.99345,0.10,0.80
2007.12.24 07:52:10.903,0.9932,0.99345,0.10,0.80
2007.12.24 07:52:11.056,0.9932,0.99345,0.10,0.80
2007.12.24 07:52:16.885,0.9932,0.99345,0.10,0.80
2007.12.24 07:52:19.678,0.9933,0.99345,0.10,0.80
2007.12.24 07:52:19.843,0.9933,0.99355,0.10,6.00
2007.12.24 07:52:20.006,0.9933,0.99355,0.10,2.00
2007.12.24 07:52:20.169,0.9933,0.99355,0.10,1.20
2007.12.24 07:52:20.332,0.9934,0.9936,0.10,4.00
2007.12.24 07:52:20.495,0.9934,0.99365,0.10,2.00
2007.12.24 07:52:21.143,0.99335,0.99365,0.10,2.30
2007.12.24 07:52:21.318,0.99335,0.99355,0.10,1.20
2007.12.24 07:52:21.560,0.99335,0.99355,0.10,1.20
2007.12.24 07:52:23.388,0.99335,0.99365,0.10,6.30
2007.12.24 07:52:27.167,0.9933,0.99365,0.10,6.30
2007.12.24 07:52:27.306,0.9933,0.9936,0.10,4.00
2007.12.24 07:52:27.458,0.9933,0.9936,0.10,4.00
2007.12.24 07:52:27.626,0.9933,0.99355,0.10,1.20
2007.12.24 07:52:27.778,0.9933,0.99355,0.10,2.00
2007.12.24 07:52:27.931,0.9933,0.99355,0.10,2.00
2007.12.24 07:52:31.752,0.9933,0.9936,0.10,6.00
2007.12.24 07:52:38.361,0.99325,0.99355,0.10,0.50
2007.12.24 07:52:38.480,0.99325,0.99345,0.10,0.90
2007.12.24 07:52:38.598,0.99325,0.99345,0.10,0.80
2007.12.24 07:52:41.783,0.9933,0.99355,0.10,13.20
2007.12.24 07:52:41.934,0.9933,0.9936,0.10,12.40
2007.12.24 07:52:42.072,0.9933,0.99355,0.10,0.70
2007.12.24 07:52:42.313,0.9933,0.99355,0.10,0.90
2007.12.24 07:53:09.889,0.99305,0.9934,0.60,0.40
2007.12.24 07:53:10.024,0.99305,0.9934,0.60,0.40
2007.12.24 07:53:10.158,0.99305,0.99335,0.10,4.00
2007.12.24 07:53:10.303,0.99305,0.99335,0.10,8.00
2007.12.24 07:53:10.436,0.99305,0.99335,0.10,8.00
2007.12.24 07:53:10.568,0.99305,0.99335,0.10,8.00
2007.12.24 07:53:10.923,0.9931,0.99335,0.10,8.00
2007.12.24 07:53:11.122,0.9931,0.9934,0.10,4.00
2007.12.24 07:53:11.395,0.9931,0.9934,0.10,4.00
2007.12.24 07:53:11.595,0.99325,0.9934,0.10,4.00
2007.12.24 07:53:11.792,0.99325,0.9935,0.10,4.00
2007.12.24 07:53:11.936,0.99325,0.9935,0.10,4.00
2007.12.24 07:53:12.108,0.99325,0.99355,0.10,7.50
2007.12.24 07:53:16.877,0.99325,0.99355,0.10,7.50
2007.12.24 07:53:17.025,0.99325,0.99345,0.10,0.80
2007.12.24 07:53:17.187,0.99325,0.99345,0.10,0.80
2007.12.24 07:53:17.336,0.99325,0.99345,0.10,2.00
2007.12.24 07:53:17.603,0.99325,0.99345,0.10,2.00
2007.12.24 07:53:18.063,0.99325,0.99345,0.10,4.40
2007.12.24 07:53:19.430,0.9931,0.99345,0.10,4.70
2007.12.24 07:53:19.538,0.9931,0.99335,0.10,0.80
2007.12.24 07:53:19.646,0.9931,0.99335,0.10,0.80
2007.12.24 07:53:19.766,0.9931,0.99335,0.10,0.80
2007.12.24 07:53:19.864,0.9931,0.99335,0.10,0.80
2007.12.24 07:53:21.488,0.9931,0.99335,0.10,0.80
2007.12.24 07:53:24.126,0.9931,0.99335,0.10,0.80
2007.12.24 07:53:24.306,0.99305,0.99335,0.10,2.00
2007.12.24 07:53:24.483,0.99285,0.99315,0.50,0.80
2007.12.24 07:53:24.662,0.9928,0.9931,0.10,4.00
2007.12.24 07:53:25.149,0.9928,0.99315,0.10,0.80
2007.12.24 07:53:25.862,0.9928,0.99315,0.10,4.80
2007.12.24 07:53:26.071,0.9927,0.993,0.10,4.00
2007.12.24 07:53:26.281,0.99275,0.99295,0.10,0.80
2007.12.24 07:53:26.439,0.9928,0.99295,0.10,0.80
2007.12.24 07:53:26.599,0.9928,0.99295,0.10,4.00
2007.12.24 07:53:26.756,0.9928,0.99305,0.10,4.00
2007.12.24 07:53:26.915,0.9929,0.99325,0.10,0.40
2007.12.24 07:53:27.072,0.9929,0.99325,0.10,2.70
2007.12.24 07:53:27.231,0.9929,0.99325,0.10,2.70
2007.12.24 07:53:27.449,0.9928,0.9932,0.10,4.00
2007.12.24 07:53:27.666,0.9928,0.9932,0.10,4.00
2007.12.24 07:53:27.885,0.9928,0.9933,0.10,4.00
2007.12.24 07:53:28.102,0.9928,0.9933,0.10,4.00
2007.12.24 07:53:28.328,0.9929,0.99335,0.10,4.00
2007.12.24 07:53:28.507,0.99305,0.99335,0.10,4.00
2007.12.24 07:53:28.685,0.99305,0.99355,0.10,5.20
2007.12.24 07:53:29.270,0.99305,0.99355,0.10,4.80
2007.12.24 07:53:29.611,0.99305,0.99355,0.10,4.80
2007.12.24 07:53:31.062,0.99305,0.99355,0.10,4.80
2007.12.24 07:53:31.668,0.99305,0.99355,0.10,4.00
2007.12.24 07:53:31.850,0.99305,0.99355,0.10,4.00
2007.12.24 07:53:32.034,0.99305,0.9936,0.10,4.00
2007.12.24 07:53:32.592,0.99305,0.9936,0.10,4.00
2007.12.24 07:53:33.439,0.9931,0.9934,0.10,0.40
2007.12.24 07:53:33.585,0.9931,0.9934,0.10,0.40
2007.12.24 07:53:33.706,0.9931,0.99335,0.10,4.00
2007.12.24 07:53:33.839,0.9931,0.99335,0.10,4.00
2007.12.24 07:53:33.972,0.9931,0.99335,0.10,4.00
2007.12.24 07:53:34.106,0.9931,0.99335,0.10,6.40
2007.12.24 07:53:34.239,0.9931,0.99335,0.10,6.40
2007.12.24 07:53:34.436,0.9931,0.99335,0.10,6.40
2007.12.24 07:53:34.634,0.993,0.99335,0.10,6.70
2007.12.24 07:53:34.912,0.993,0.9933,0.10,4.00
2007.12.24 07:53:35.111,0.993,0.9933,0.10,4.00
2007.12.24 07:53:35.491,0.993,0.9933,0.10,4.00
2007.12.24 07:53:35.716,0.993,0.9933,0.10,4.00
2007.12.24 07:53:35.880,0.993,0.99325,0.10,1.20
2007.12.24 07:53:36.042,0.993,0.99325,0.10,1.20
2007.12.24 07:53:36.291,0.993,0.99325,0.10,1.20
2007.12.24 07:53:36.464,0.993,0.99325,0.10,5.20
2007.12.24 07:53:36.771,0.993,0.99325,0.10,5.20
2007.12.24 07:53:37.476,0.9931,0.99325,0.10,5.20
2007.12.24 07:53:37.621,0.9931,0.99325,0.10,4.00
2007.12.24 07:53:37.763,0.9931,0.99335,0.10,4.00
2007.12.24 07:53:37.906,0.9931,0.99335,0.10,4.00
2007.12.24 07:53:38.612,0.99305,0.99335,0.10,4.00
2007.12.24 07:53:38.785,0.99305,0.99335,0.10,6.40
2007.12.24 07:53:38.958,0.993,0.99325,0.10,4.00
2007.12.24 07:53:39.279,0.993,0.99325,0.10,4.00
2007.12.24 07:53:39.452,0.993,0.99325,0.10,4.00
2007.12.24 07:53:39.625,0.993,0.99325,0.10,4.00
2007.12.24 07:53:39.868,0.9929,0.99325,0.10,4.30
2007.12.24 07:53:40.097,0.9929,0.99325,0.10,5.50
2007.12.24 07:53:40.269,0.9929,0.9932,0.10,4.00
2007.12.24 07:53:40.443,0.9929,0.9932,0.10,4.00
2007.12.24 07:53:41.117,0.9929,0.9932,0.10,4.00
2007.12.24 07:53:41.299,0.9929,0.9932,0.10,4.00
2007.12.24 07:53:42.650,0.9929,0.9932,0.10,4.00
2007.12.24 07:53:42.820,0.9929,0.9932,0.10,4.00
2007.12.24 07:53:43.480,0.9929,0.9932,0.10,4.00
2007.12.24 07:53:43.631,0.99295,0.99325,0.10,10.00
2007.12.24 07:53:44.441,0.9929,0.99325,0.10,10.30
2007.12.24 07:53:44.589,0.9929,0.99315,0.10,0.80
2007.12.24 07:53:44.743,0.9929,0.99315,0.10,6.00
2007.12.24 07:53:44.896,0.9929,0.99315,0.10,6.00
2007.12.24 07:53:54.042,0.9929,0.99315,0.10,5.20
2007.12.24 07:53:54.154,0.9929,0.99315,0.10,4.00
2007.12.24 07:53:54.267,0.9929,0.9932,0.10,4.00
2007.12.24 07:53:54.942,0.9929,0.9932,0.10,4.00
2007.12.24 07:53:57.002,0.9929,0.9932,0.20,4.00
2007.12.24 07:53:57.083,0.99295,0.9932,0.10,4.00
2007.12.24 07:53:57.251,0.9929,0.99325,0.20,10.00
2007.12.24 07:53:57.420,0.9929,0.99325,0.20,10.00
2007.12.24 07:54:07.138,0.9929,0.99325,0.20,8.80
2007.12.24 07:54:07.241,0.993,0.99325,0.20,8.80
2007.12.24 07:54:07.344,0.993,0.99325,0.20,4.80
2007.12.24 07:54:07.528,0.99305,0.99325,0.20,4.80
2007.12.24 07:54:07.712,0.9931,0.99325,0.10,4.80
2007.12.24 07:54:07.894,0.99305,0.99325,0.20,0.80
2007.12.24 07:54:08.605,0.99295,0.99325,0.20,0.80
2007.12.24 07:54:08.778,0.993,0.99325,0.10,0.80
2007.12.24 07:54:08.952,0.99295,0.99325,0.20,4.80
2007.12.24 07:54:09.841,0.993,0.99325,0.10,4.80
2007.12.24 07:54:10.057,0.99295,0.99325,0.20,8.80
2007.12.24 07:54:10.260,0.9929,0.99325,0.20,10.00
2007.12.24 07:54:10.464,0.9929,0.99315,0.20,0.80
2007.12.24 07:54:12.618,0.99295,0.99315,0.10,0.80
2007.12.24 07:54:12.917,0.99295,0.99315,0.10,0.80
2007.12.24 07:54:13.367,0.99295,0.99315,0.10,0.80
2007.12.24 07:54:13.619,0.9929,0.99315,0.20,0.80
2007.12.24 07:54:13.877,0.993,0.99315,0.10,0.80
2007.12.24 07:54:14.349,0.99295,0.99315,0.20,0.80
2007.12.24 07:54:16.386,0.99295,0.99315,0.20,0.80
2007.12.24 07:54:16.643,0.99295,0.99325,0.20,4.80
2007.12.24 07:54:21.892,0.99305,0.99325,0.10,4.80
2007.12.24 07:54:22.026,0.99305,0.99325,0.10,4.80
2007.12.24 07:54:22.196,0.99305,0.99325,0.10,4.80
2007.12.24 07:54:22.819,0.99305,0.99325,0.10,4.80
2007.12.24 07:54:23.652,0.99305,0.99325,0.10,4.80
2007.12.24 07:54:23.850,0.9931,0.99325,0.10,4.80
2007.12.24 07:54:23.963,0.9931,0.99325,0.10,0.80
2007.12.24 07:54:24.118,0.9931,0.99325,0.10,0.80
2007.12.24 07:54:24.231,0.9931,0.99325,0.10,0.80
2007.12.24 07:54:24.682,0.99305,0.99325,0.10,0.80
2007.12.24 07:54:24.882,0.99305,0.99325,0.10,4.80
2007.12.24 07:54:25.286,0.99305,0.99325,0.10,4.80
2007.12.24 07:54:25.494,0.99305,0.99325,0.10,4.80
2007.12.24 07:55:06.357,0.99295,0.9933,0.10,0.40
2007.12.24 07:55:06.501,0.99295,0.99325,0.10,4.00
2007.12.24 07:55:06.701,0.99295,0.99315,0.10,4.00
2007.12.24 07:55:06.845,0.99295,0.99315,0.10,4.00
2007.12.24 07:55:06.989,0.99295,0.99315,0.10,4.00
2007.12.24 07:55:07.213,0.99295,0.99315,0.10,4.00
2007.12.24 07:55:07.583,0.99295,0.99315,0.10,4.00
2007.12.24 07:55:09.294,0.99305,0.99315,0.10,4.00
2007.12.24 07:55:09.424,0.99305,0.99315,0.10,4.00
2007.12.24 07:55:09.607,0.9931,0.99315,0.10,4.00
2007.12.24 07:55:09.737,0.9931,0.99315,0.10,4.00
2007.12.24 07:55:09.865,0.9931,0.99315,0.10,4.00
2007.12.24 07:55:09.993,0.9931,0.99325,0.10,4.80
2007.12.24 07:55:10.146,0.9931,0.99325,0.10,4.80
2007.12.24 07:55:10.551,0.9931,0.99325,0.10,4.80
2007.12.24 07:55:22.161,0.9931,0.99325,0.10,4.80
2007.12.24 07:55:22.274,0.9931,0.99325,0.10,4.80
2007.12.24 07:55:22.388,0.9931,0.99325,0.10,0.80
2007.12.24 07:55:26.624,0.9932,0.99325,0.10,0.80
2007.12.24 07:55:26.753,0.9932,0.99335,0.10,8.80
2007.12.24 07:55:26.896,0.9932,0.99335,0.10,8.80
2007.12.24 07:55:27.120,0.9932,0.99335,0.10,8.80
2007.12.24 07:55:27.661,0.9931,0.99335,0.20,8.80
2007.12.24 07:55:27.880,0.9931,0.99325,0.20,0.80
2007.12.24 07:55:30.154,0.99305,0.99325,0.20,0.80
2007.12.24 07:55:30.288,0.99305,0.99325,0.20,0.80
2007.12.24 07:55:30.421,0.99305,0.99325,0.20,4.80
2007.12.24 07:55:32.308,0.99305,0.99325,0.20,4.80
2007.12.24 07:55:37.650,0.99305,0.99325,0.20,4.80
2007.12.24 07:55:37.829,0.993,0.99315,0.20,0.80
2007.12.24 07:55:40.615,0.99305,0.99325,0.10,8.00
2007.12.24 07:55:40.707,0.993,0.99325,0.20,8.00
2007.12.24 07:55:40.801,0.9931,0.99325,0.10,4.00
2007.12.24 07:55:42.806,0.99305,0.99325,0.20,4.00
2007.12.24 07:55:44.164,0.993,0.99325,0.20,4.00
2007.12.24 07:55:44.729,0.993,0.99325,0.20,8.00
2007.12.24 07:55:46.646,0.9931,0.99325,0.10,8.00
2007.12.24 07:55:48.127,0.99305,0.99325,0.20,4.00
2007.12.24 07:55:48.134,0.99305,0.99325,0.20,4.80
2007.12.24 07:55:48.211,0.9931,0.99325,0.10,4.80
2007.12.24 07:55:59.098,0.9931,0.99325,0.10,4.80
2007.12.24 07:56:00.136,0.9931,0.99325,0.10,4.80
2007.12.24 07:56:12.602,0.99305,0.99325,0.20,4.80
2007.12.24 07:56:15.638,0.9931,0.99325,0.10,4.80
2007.12.24 07:56:20.622,0.9928,0.9934,2.10,4.00
2007.12.24 07:56:42.113,0.99275,0.99335,4.00,4.00
2007.12.24 07:56:45.232,0.99275,0.99335,4.00,0.90
2007.12.24 07:56:48.119,0.9931,0.99335,0.10,4.00
2007.12.24 07:56:48.255,0.9931,0.99325,0.10,4.00
2007.12.24 07:56:48.404,0.9931,0.99335,0.10,4.00
2007.12.24 07:57:00.148,0.9931,0.99335,0.10,4.00
2007.12.24 07:57:00.815,0.9931,0.99335,0.10,8.80
2007.12.24 07:57:00.994,0.99325,0.99335,0.10,4.00
2007.12.24 07:57:01.173,0.99325,0.99335,0.10,4.00
2007.12.24 07:57:01.299,0.99325,0.99345,0.10,2.00
2007.12.24 07:57:01.429,0.9933,0.99345,0.10,1.20
2007.12.24 07:57:01.556,0.9933,0.99355,0.10,8.40
2007.12.24 07:57:01.685,0.9933,0.99355,0.10,4.40
2007.12.24 07:57:02.092,0.9933,0.99355,0.10,8.40
2007.12.24 07:57:02.298,0.99325,0.99355,0.10,7.20
2007.12.24 07:57:02.500,0.99325,0.99355,0.10,7.20
2007.12.24 07:57:04.821,0.9933,0.99355,0.10,7.20
2007.12.24 07:57:04.969,0.9933,0.99355,0.10,3.20
2007.12.24 07:57:05.118,0.9933,0.99355,0.10,2.00
2007.12.24 07:57:06.281,0.9933,0.99355,0.10,0.60
2007.12.24 07:57:31.391,0.99335,0.99355,0.10,0.90
2007.12.24 07:57:31.495,0.99335,0.99355,0.10,0.60
2007.12.24 07:57:31.597,0.99335,0.9936,0.10,4.80
2007.12.24 07:57:31.701,0.99335,0.99355,0.10,0.80
2007.12.24 07:57:31.849,0.99335,0.99365,0.10,17.20
2007.12.24 07:57:40.202,0.99335,0.99355,0.10,0.80
2007.12.24 07:57:48.691,0.99335,0.99355,0.10,0.80
2007.12.24 07:57:48.824,0.99335,0.99355,0.10,0.80
2007.12.24 07:57:50.744,0.99335,0.99355,0.10,0.80
2007.12.24 07:58:01.224,0.99335,0.99355,0.10,0.80
2007.12.24 07:58:01.337,0.99335,0.99355,0.10,0.80
2007.12.24 07:58:02.685,0.99335,0.99365,0.10,11.60
2007.12.24 07:58:03.163,0.9934,0.99365,0.10,11.60
2007.12.24 07:58:03.305,0.9934,0.99365,0.10,9.20
2007.12.24 07:58:03.377,0.9934,0.99365,0.10,5.20
2007.12.24 07:58:03.444,0.9934,0.99365,0.10,5.20
2007.12.24 07:58:08.126,0.9934,0.99365,0.10,9.20
2007.12.24 07:58:08.284,0.9934,0.99365,0.10,8.00
2007.12.24 07:58:08.402,0.9934,0.99365,0.10,4.00
2007.12.24 07:58:08.532,0.99345,0.99365,0.10,4.00
2007.12.24 07:58:08.651,0.99345,0.99375,0.10,10.40
2007.12.24 07:58:08.860,0.99345,0.99375,0.10,10.40
2007.12.24 07:58:08.977,0.9935,0.99375,0.10,10.40
2007.12.24 07:58:09.095,0.9935,0.99375,0.10,4.00
2007.12.24 07:58:09.398,0.9934,0.9938,0.10,4.00
2007.12.24 07:58:09.408,0.9934,0.99385,0.10,7.20
2007.12.24 07:58:09.702,0.9934,0.99395,0.10,9.20
2007.12.24 07:58:10.005,0.9934,0.99395,0.10,9.20
2007.12.24 07:58:10.312,0.9934,0.99395,0.10,9.20
2007.12.24 07:58:13.253,0.9934,0.99395,0.10,9.20
2007.12.24 07:58:13.486,0.9934,0.99395,0.10,9.20
2007.12.24 07:58:13.939,0.9935,0.99395,0.10,9.50
2007.12.24 07:58:14.171,0.9935,0.99385,0.10,0.70
2007.12.24 07:58:14.402,0.9935,0.9938,0.10,0.80
2007.12.24 07:58:15.899,0.9935,0.99385,0.10,7.50
2007.12.24 07:58:16.970,0.9935,0.99385,0.10,7.50
2007.12.24 07:58:17.181,0.9935,0.9938,0.10,0.70
2007.12.24 07:58:18.211,0.9935,0.99385,0.10,7.50
2007.12.24 07:58:18.373,0.9935,0.9938,0.10,0.80
2007.12.24 07:58:21.215,0.99335,0.9938,4.80,4.40
2007.12.24 07:58:21.371,0.99335,0.9938,4.80,4.40
2007.12.24 07:58:21.526,0.99335,0.99365,0.80,0.80
2007.12.24 07:58:21.678,0.99335,0.9937,0.80,4.40
2007.12.24 07:58:21.831,0.99335,0.9937,0.80,4.40
2007.12.24 07:58:21.986,0.99335,0.99375,0.80,12.30
2007.12.24 07:58:22.138,0.99335,0.99365,0.80,0.50
2007.12.24 07:58:22.291,0.9933,0.99375,0.10,13.50
2007.12.24 07:58:22.524,0.9933,0.99375,0.10,13.50
2007.12.24 07:58:24.635,0.99335,0.99365,0.10,0.60
2007.12.24 07:58:25.177,0.99335,0.99365,0.10,0.80
2007.12.24 07:58:25.419,0.99335,0.99365,0.10,0.60
2007.12.24 07:58:36.131,0.99335,0.99365,0.10,0.70
2007.12.24 07:58:36.214,0.9933,0.99365,0.10,0.70
2007.12.24 07:58:36.297,0.9933,0.99375,0.10,13.50
2007.12.24 07:58:36.651,0.9933,0.99365,0.10,4.30
2007.12.24 07:58:36.734,0.9933,0.99365,0.10,5.10
2007.12.24 07:58:38.179,0.9933,0.99365,0.10,5.10
2007.12.24 07:58:38.621,0.9933,0.99365,0.10,4.30
2007.12.24 07:58:38.733,0.9933,0.99365,0.10,4.30
2007.12.24 07:58:38.846,0.9933,0.99365,0.10,4.30
2007.12.24 07:58:39.004,0.9933,0.99365,0.10,4.30
2007.12.24 07:58:40.662,0.9933,0.99365,0.10,4.30
2007.12.24 07:58:41.150,0.9934,0.99365,0.10,4.00
2007.12.24 07:58:41.385,0.9934,0.99365,0.10,4.00
2007.12.24 07:58:41.524,0.9934,0.9937,0.10,0.40
2007.12.24 07:58:41.704,0.9934,0.9937,0.10,0.40
2007.12.24 07:58:41.842,0.9934,0.9937,0.10,0.40
2007.12.24 07:58:42.035,0.9934,0.9937,0.10,0.40
2007.12.24 07:58:42.228,0.9934,0.9937,0.10,0.40
2007.12.24 07:58:42.421,0.9934,0.9937,0.10,0.40
2007.12.24 07:58:50.491,0.9934,0.9937,0.10,0.40
2007.12.24 07:58:51.147,0.9934,0.9937,0.10,0.40
2007.12.24 07:58:51.261,0.99335,0.9937,0.20,0.40
2007.12.24 07:58:51.370,0.99335,0.9937,0.20,0.40
2007.12.24 07:58:51.477,0.99335,0.9937,0.20,0.40
2007.12.24 07:58:51.634,0.99335,0.99375,0.20,4.30
2007.12.24 07:58:52.089,0.99335,0.99375,0.20,4.30
2007.12.24 07:58:52.706,0.9934,0.99375,0.10,4.30
2007.12.24 07:58:53.202,0.99335,0.99375,0.20,5.10
2007.12.24 07:58:53.341,0.99335,0.9937,0.20,0.40
2007.12.24 07:58:53.479,0.99335,0.9937,0.20,0.40
2007.12.24 07:58:53.617,0.99335,0.9937,0.20,0.40
2007.12.24 07:58:57.542,0.9932,0.9936,0.20,0.40
2007.12.24 07:58:57.664,0.99325,0.99355,0.10,0.80
2007.12.24 07:58:57.783,0.9932,0.99355,0.20,0.80
2007.12.24 07:58:57.900,0.9932,0.99355,0.20,7.20
2007.12.24 07:58:58.019,0.99325,0.99355,0.10,7.20
2007.12.24 07:58:58.150,0.9932,0.99355,0.20,11.20
2007.12.24 07:58:59.864,0.99325,0.99355,0.10,7.20
2007.12.24 07:59:01.422,0.99325,0.99355,0.10,4.80
2007.12.24 07:59:01.687,0.9932,0.99355,0.20,4.80
2007.12.24 07:59:02.007,0.9932,0.99355,0.10,5.20
2007.12.24 07:59:02.127,0.99315,0.99355,0.20,5.20
2007.12.24 07:59:02.235,0.99315,0.99355,0.20,5.20
2007.12.24 07:59:02.442,0.9932,0.99355,0.10,5.20
2007.12.24 07:59:02.943,0.99325,0.99355,0.10,4.80
2007.12.24 07:59:03.343,0.9932,0.99355,0.20,4.80
2007.12.24 07:59:03.643,0.9932,0.99355,0.20,4.80
2007.12.24 07:59:03.984,0.99315,0.99355,0.20,5.20
2007.12.24 07:59:04.229,0.9932,0.99355,0.10,7.60
2007.12.24 07:59:04.397,0.99315,0.99355,0.20,11.60
2007.12.24 07:59:04.740,0.9932,0.99355,0.10,9.20
2007.12.24 07:59:04.918,0.9932,0.99355,0.10,9.20
2007.12.24 07:59:05.095,0.99315,0.99355,0.20,9.20
2007.12.24 07:59:05.274,0.99315,0.99355,0.20,9.20
2007.12.24 07:59:06.140,0.99315,0.9935,0.20,0.40
2007.12.24 07:59:06.394,0.99315,0.99345,0.20,0.80
2007.12.24 07:59:06.537,0.99315,0.99345,0.20,0.80
2007.12.24 07:59:13.022,0.99315,0.99345,0.20,0.80
2007.12.24 07:59:13.134,0.99315,0.99345,0.20,0.80
2007.12.24 07:59:13.325,0.99315,0.99345,0.20,0.80
2007.12.24 07:59:24.940,0.9932,0.99345,0.10,0.80
2007.12.24 07:59:25.181,0.9932,0.99345,0.10,0.80
2007.12.24 07:59:25.328,0.9932,0.99345,0.10,0.80
2007.12.24 07:59:25.488,0.9932,0.99345,0.10,0.80
2007.12.24 07:59:25.624,0.99335,0.99345,0.10,0.80
2007.12.24 07:59:25.773,0.99335,0.99355,0.10,10.40
2007.12.24 07:59:25.920,0.99335,0.99355,0.10,4.00
2007.12.24 07:59:26.128,0.9932,0.99355,0.10,4.00
2007.12.24 07:59:26.336,0.9932,0.99365,0.10,4.00
2007.12.24 07:59:26.544,0.9932,0.9937,0.10,4.00
2007.12.24 07:59:26.766,0.9932,0.9937,0.10,4.00
2007.12.24 07:59:27.554,0.9933,0.9936,0.10,0.40
2007.12.24 07:59:27.797,0.9933,0.99355,0.10,0.80
2007.12.24 07:59:28.040,0.9933,0.99355,0.10,0.80
2007.12.24 07:59:28.175,0.9933,0.99355,0.10,0.80
2007.12.24 07:59:28.320,0.9933,0.99355,0.10,0.80
2007.12.24 07:59:29.643,0.9933,0.9936,0.10,4.30
2007.12.24 07:59:29.881,0.99335,0.9936,0.10,4.00
2007.12.24 07:59:30.120,0.99335,0.99365,0.10,15.60
2007.12.24 07:59:33.894,0.99335,0.99365,0.10,13.20
2007.12.24 07:59:34.426,0.99335,0.99365,0.10,15.60
2007.12.24 07:59:38.230,0.9934,0.99365,0.10,15.60
2007.12.24 07:59:38.478,0.9934,0.99365,0.10,12.80
2007.12.24 07:59:38.726,0.9934,0.99365,0.10,8.80
2007.12.24 07:59:38.974,0.9934,0.99365,0.10,0.80
2007.12.24 07:59:39.223,0.9934,0.9937,0.10,4.00
2007.12.24 07:59:39.492,0.9934,0.9937,0.10,4.00
2007.12.24 07:59:39.759,0.9934,0.9937,0.10,4.00
2007.12.24 07:59:40.027,0.9934,0.9937,0.10,4.00
2007.12.24 07:59:41.177,0.99345,0.9937,0.10,4.00
2007.12.24 07:59:41.425,0.99345,0.99375,0.10,4.80
