2008.12.16 06:00:00.653,0.6051,0.6052,1.60,2.40
2008.12.16 06:00:01.173,0.60505,0.6052,1.00,2.40
2008.12.16 06:00:02.552,0.6051,0.6052,1.00,2.40
2008.12.16 06:00:02.703,0.6051,0.6053,1.00,2.40
2008.12.16 06:00:02.872,0.6051,0.6054,1.00,2.40
2008.12.16 06:00:03.332,0.6051,0.6053,2.00,2.40
2008.12.16 06:00:05.222,0.60515,0.6054,1.20,2.40
2008.12.16 06:00:05.571,0.6052,0.6056,1.60,7.40
2008.12.16 06:00:06.271,0.60515,0.60555,1.00,5.80
2008.12.16 06:00:07.441,0.6052,0.60555,1.60,5.80
2008.12.16 06:00:07.891,0.6052,0.6056,1.60,7.40
2008.12.16 06:00:11.010,0.6052,0.6054,1.60,2.40
2008.12.16 06:00:12.570,0.6052,0.60535,1.60,2.40
2008.12.16 06:00:12.740,0.6051,0.60535,2.80,2.40
2008.12.16 06:00:15.829,0.60515,0.60535,1.60,2.40
2008.12.16 06:00:19.738,0.60525,0.6054,2.40,2.40
2008.12.16 06:00:19.968,0.60515,0.6054,8.20,2.40
2008.12.16 06:00:20.308,0.60515,0.6054,2.80,2.40
2008.12.16 06:00:21.678,0.60515,0.60535,2.00,2.40
2008.12.16 06:00:26.666,0.60515,0.60535,1.60,2.40
2008.12.16 06:00:28.866,0.6052,0.60535,1.00,2.40
2008.12.16 06:00:29.276,0.60515,0.60535,2.40,2.40
2008.12.16 06:00:29.446,0.60515,0.60535,1.60,2.40
2008.12.16 06:00:31.105,0.60515,0.6052,1.60,2.40
2008.12.16 06:00:32.465,0.60505,0.6052,1.60,2.40
2008.12.16 06:00:32.635,0.6051,0.6052,1.00,2.40
2008.12.16 06:00:33.105,0.605,0.6052,2.80,2.40
2008.12.16 06:00:33.275,0.60505,0.60525,1.00,2.40
2008.12.16 06:00:35.854,0.60505,0.60525,2.40,2.40
2008.12.16 06:00:36.304,0.60505,0.60525,3.20,2.40
2008.12.16 06:00:36.704,0.60505,0.60525,3.60,2.40
2008.12.16 06:00:38.674,0.60505,0.60525,5.20,2.40
2008.12.16 06:00:38.793,0.6051,0.6053,1.60,2.40
2008.12.16 06:00:39.174,0.60515,0.6053,1.60,2.40
2008.12.16 06:00:43.502,0.60505,0.60525,1.20,2.40
2008.12.16 06:00:47.382,0.6051,0.60525,1.60,2.40
2008.12.16 06:00:47.542,0.60525,0.60545,1.00,2.40
2008.12.16 06:00:47.831,0.60515,0.6054,2.00,2.40
2008.12.16 06:00:48.411,0.60515,0.60545,2.80,2.40
2008.12.16 06:00:56.519,0.60515,0.60545,2.00,2.40
2008.12.16 06:01:00.238,0.60515,0.6053,1.60,2.40
2008.12.16 06:01:04.597,0.60515,0.60525,1.60,2.40
2008.12.16 06:01:05.117,0.60505,0.60525,2.80,2.40
2008.12.16 06:01:05.537,0.60505,0.60525,2.00,2.40
2008.12.16 06:01:05.887,0.60505,0.60525,2.80,2.40
2008.12.16 06:01:06.177,0.60505,0.6053,3.60,2.40
2008.12.16 06:01:06.297,0.60515,0.6053,1.60,2.40
2008.12.16 06:01:07.946,0.60515,0.60525,1.60,2.40
2008.12.16 06:01:10.796,0.60505,0.60525,2.80,2.40
2008.12.16 06:01:12.705,0.6051,0.60525,1.60,2.40
2008.12.16 06:01:13.275,0.60495,0.60525,1.00,2.40
2008.12.16 06:01:13.495,0.60505,0.6053,1.00,2.40
2008.12.16 06:01:14.975,0.6049,0.60525,1.00,2.40
2008.12.16 06:01:16.244,0.60485,0.60525,1.00,2.40
2008.12.16 06:01:16.594,0.60485,0.60525,2.00,2.40
2008.12.16 06:01:16.764,0.60495,0.60525,1.00,2.40
2008.12.16 06:01:18.234,0.60495,0.6052,1.00,2.40
2008.12.16 06:01:20.783,0.60485,0.6052,1.00,2.40
2008.12.16 06:01:20.953,0.6048,0.60515,1.20,2.40
2008.12.16 06:01:26.532,0.60485,0.6052,1.00,8.20
2008.12.16 06:01:30.931,0.6048,0.60515,1.20,2.40
2008.12.16 06:01:36.379,0.6048,0.60515,2.00,2.40
2008.12.16 06:01:36.669,0.60485,0.6052,1.00,2.40
2008.12.16 06:02:15.510,0.60485,0.6052,1.20,2.40
2008.12.16 06:02:21.918,0.605,0.6052,1.00,2.40
2008.12.16 06:02:25.818,0.6049,0.60535,5.80,7.40
2008.12.16 06:02:26.048,0.605,0.6054,1.00,6.80
2008.12.16 06:02:26.337,0.60495,0.6054,3.60,7.40
2008.12.16 06:02:27.037,0.605,0.6054,1.20,7.40
2008.12.16 06:02:27.947,0.60505,0.6054,1.20,4.00
2008.12.16 06:02:28.187,0.60505,0.6053,1.20,2.40
2008.12.16 06:02:31.026,0.60505,0.6054,1.20,2.40
2008.12.16 06:02:31.776,0.6051,0.6054,1.00,2.40
2008.12.16 06:02:39.885,0.6051,0.60525,1.00,2.40
2008.12.16 06:02:49.162,0.6051,0.6053,1.00,2.40
2008.12.16 06:02:53.741,0.6051,0.60525,1.00,2.40
2008.12.16 06:02:57.470,0.6051,0.6053,1.00,2.40
2008.12.16 06:02:59.949,0.605,0.6052,1.20,2.40
2008.12.16 06:03:02.559,0.6051,0.60535,1.00,2.40
2008.12.16 06:03:02.789,0.6051,0.60545,1.00,8.20
2008.12.16 06:03:06.418,0.60505,0.6054,1.20,2.40
2008.12.16 06:03:11.767,0.60505,0.60535,1.00,2.40
2008.12.16 06:03:20.065,0.605,0.6053,1.00,2.40
2008.12.16 06:03:21.264,0.60505,0.6053,1.00,2.40
2008.12.16 06:03:22.144,0.6051,0.60535,1.00,2.40
2008.12.16 06:03:32.802,0.60505,0.6053,1.00,2.40
2008.12.16 06:03:43.499,0.605,0.60535,1.20,2.40
2008.12.16 06:03:51.947,0.605,0.60535,1.00,8.20
2008.12.16 06:04:00.815,0.60495,0.6052,1.00,2.40
2008.12.16 06:04:02.744,0.6049,0.60515,1.00,2.40
2008.12.16 06:04:03.974,0.60495,0.6052,1.00,2.40
2008.12.16 06:04:06.823,0.6049,0.60515,1.00,2.40
2008.12.16 06:04:07.943,0.605,0.60525,1.00,8.20
2008.12.16 06:04:08.403,0.605,0.60525,1.00,2.40
2008.12.16 06:04:09.393,0.605,0.6053,1.00,9.80
2008.12.16 06:04:09.853,0.605,0.6053,1.00,2.40
2008.12.16 06:04:12.092,0.60505,0.6053,1.00,2.40
2008.12.16 06:04:16.391,0.605,0.60525,1.00,2.40
2008.12.16 06:04:41.905,0.605,0.6053,1.00,8.20
2008.12.16 06:04:43.155,0.605,0.6053,1.00,2.40
2008.12.16 06:04:49.423,0.605,0.60525,1.00,2.40
2008.12.16 06:04:55.181,0.605,0.6053,1.00,2.40
2008.12.16 06:05:02.440,0.605,0.60525,1.00,2.40
2008.12.16 06:05:05.909,0.60495,0.60525,1.00,2.40
2008.12.16 06:05:19.046,0.6049,0.6052,1.00,2.40
2008.12.16 06:05:22.055,0.60505,0.60525,1.00,2.40
2008.12.16 06:05:22.455,0.605,0.6052,1.00,2.40
2008.12.16 06:05:23.825,0.60505,0.60525,1.00,2.40
2008.12.16 06:05:24.355,0.60495,0.60525,1.00,2.40
2008.12.16 06:05:25.234,0.60495,0.60525,1.00,8.20
2008.12.16 06:05:25.344,0.60485,0.6052,2.80,2.40
2008.12.16 06:05:25.684,0.6049,0.6052,1.00,2.40
2008.12.16 06:05:28.164,0.605,0.6052,1.00,2.40
2008.12.16 06:05:29.024,0.60505,0.6052,1.00,2.40
2008.12.16 06:05:30.673,0.6051,0.6053,1.00,1.60
2008.12.16 06:05:31.013,0.6051,0.60535,1.00,8.20
2008.12.16 06:05:32.243,0.60495,0.6053,1.00,2.40
2008.12.16 06:05:32.293,0.60495,0.6053,1.00,8.20
2008.12.16 06:05:40.601,0.6049,0.60525,1.00,8.20
2008.12.16 06:05:41.001,0.60495,0.60525,1.00,5.80
2008.12.16 06:05:41.350,0.60495,0.6053,1.00,8.20
2008.12.16 06:05:41.710,0.6049,0.6053,1.00,8.20
2008.12.16 06:05:41.980,0.6049,0.60525,1.00,2.40
2008.12.16 06:05:43.270,0.6049,0.6053,1.00,8.20
2008.12.16 06:05:43.920,0.60495,0.6053,1.00,8.20
2008.12.16 06:05:46.789,0.60495,0.6053,1.20,2.40
2008.12.16 06:05:47.019,0.60495,0.60535,1.20,8.20
2008.12.16 06:05:54.147,0.60505,0.60545,1.00,8.20
2008.12.16 06:05:55.947,0.605,0.6054,1.00,8.20
2008.12.16 06:05:59.926,0.6051,0.6054,1.00,5.80
2008.12.16 06:06:00.256,0.6051,0.60545,1.00,8.20
2008.12.16 06:06:05.475,0.60505,0.60545,1.20,8.20
2008.12.16 06:06:05.814,0.60505,0.60545,1.00,8.20
2008.12.16 06:06:08.584,0.6051,0.60545,1.00,8.20
2008.12.16 06:06:09.693,0.60505,0.60545,1.20,8.20
2008.12.16 06:06:10.364,0.6052,0.60545,1.00,8.20
2008.12.16 06:06:11.413,0.60525,0.6055,1.00,8.20
2008.12.16 06:06:11.593,0.6052,0.6055,1.00,8.20
2008.12.16 06:06:11.873,0.60525,0.6055,1.00,5.80
2008.12.16 06:06:21.551,0.6052,0.6054,1.00,2.40
2008.12.16 06:06:25.170,0.6052,0.60545,1.00,2.40
2008.12.16 06:06:25.400,0.60525,0.60545,1.00,2.40
2008.12.16 06:06:26.729,0.6053,0.6056,1.00,2.40
2008.12.16 06:06:27.929,0.6054,0.60565,1.00,2.40
2008.12.16 06:06:28.439,0.6054,0.60565,1.00,8.20
2008.12.16 06:06:29.479,0.6054,0.60565,1.00,9.80
2008.12.16 06:06:29.589,0.60525,0.6055,1.00,2.40
2008.12.16 06:06:29.709,0.6052,0.6055,6.60,2.40
2008.12.16 06:06:30.009,0.60525,0.6055,1.00,2.40
2008.12.16 06:06:30.239,0.60525,0.6056,1.00,1.60
2008.12.16 06:06:30.518,0.6052,0.60565,1.20,8.20
2008.12.16 06:06:31.079,0.6052,0.6056,1.20,2.40
2008.12.16 06:06:31.308,0.6052,0.60555,1.00,1.60
2008.12.16 06:06:31.538,0.60515,0.60535,1.20,4.00
2008.12.16 06:06:32.178,0.60515,0.60535,1.00,4.00
2008.12.16 06:06:32.878,0.6051,0.6053,1.00,2.40
2008.12.16 06:06:33.458,0.60505,0.60525,1.00,2.40
2008.12.16 06:06:33.748,0.60505,0.6053,1.00,1.60
2008.12.16 06:06:34.508,0.605,0.6053,1.20,1.60
2008.12.16 06:06:34.968,0.6051,0.6053,1.00,1.60
2008.12.16 06:06:36.937,0.60505,0.6053,1.00,1.60
2008.12.16 06:06:37.497,0.605,0.6053,1.20,1.60
2008.12.16 06:06:40.356,0.605,0.60525,1.00,2.40
2008.12.16 06:06:44.145,0.60505,0.60525,1.00,2.40
2008.12.16 06:06:45.415,0.605,0.6052,1.00,2.40
2008.12.16 06:06:55.033,0.605,0.6053,1.20,2.40
2008.12.16 06:06:59.521,0.6051,0.6053,1.00,2.40
2008.12.16 06:07:01.264,0.6051,0.60535,1.00,2.40
2008.12.16 06:07:01.611,0.60515,0.6054,1.00,2.40
2008.12.16 06:07:13.168,0.60505,0.6054,1.00,2.40
2008.12.16 06:07:16.967,0.60515,0.6054,1.00,2.40
2008.12.16 06:07:24.276,0.6052,0.6054,1.00,2.40
2008.12.16 06:07:29.144,0.60515,0.6054,1.00,2.40
2008.12.16 06:07:35.763,0.6052,0.6054,1.00,2.40
2008.12.16 06:07:40.162,0.6051,0.6054,1.00,2.40
2008.12.16 06:07:42.971,0.60505,0.6054,1.00,2.40
2008.12.16 06:07:49.989,0.6051,0.6054,1.00,2.40
2008.12.16 06:07:55.458,0.605,0.60535,1.20,2.40
2008.12.16 06:07:55.628,0.605,0.60535,1.00,2.40
2008.12.16 06:07:57.058,0.60495,0.6053,1.00,5.80
2008.12.16 06:07:57.228,0.60495,0.6053,1.00,7.40
2008.12.16 06:07:57.857,0.60495,0.60525,1.00,5.80
2008.12.16 06:08:03.056,0.6049,0.6051,1.00,2.40
2008.12.16 06:08:07.305,0.6049,0.6051,1.00,8.20
2008.12.16 06:08:07.485,0.60475,0.60495,1.00,2.40
2008.12.16 06:08:09.095,0.60465,0.60495,1.00,2.40
2008.12.16 06:08:10.504,0.6046,0.6049,1.00,2.40
2008.12.16 06:08:12.334,0.60465,0.60495,1.00,2.40
2008.12.16 06:08:13.754,0.6046,0.6049,1.00,2.40
2008.12.16 06:08:15.203,0.6046,0.60495,1.00,5.80
2008.12.16 06:08:16.033,0.60465,0.60495,1.00,5.80
2008.12.16 06:08:19.922,0.60465,0.605,1.00,5.80
2008.12.16 06:08:21.202,0.6048,0.60505,1.00,5.80
2008.12.16 06:08:22.582,0.60475,0.60505,1.00,8.20
2008.12.16 06:08:23.601,0.6046,0.605,1.20,8.20
2008.12.16 06:08:24.551,0.60465,0.605,1.00,5.80
2008.12.16 06:08:24.851,0.6047,0.60515,1.20,6.80
2008.12.16 06:08:25.021,0.6047,0.60515,6.60,5.80
2008.12.16 06:08:25.141,0.60475,0.6052,5.80,5.80
2008.12.16 06:08:30.410,0.6047,0.60505,1.00,2.40
2008.12.16 06:08:34.259,0.6047,0.605,1.00,2.40
2008.12.16 06:08:36.218,0.6047,0.60505,1.00,2.40
2008.12.16 06:08:38.958,0.6047,0.605,1.00,2.40
2008.12.16 06:08:39.178,0.60465,0.605,1.00,2.40
2008.12.16 06:08:39.537,0.6047,0.605,1.00,2.40
2008.12.16 06:08:39.657,0.6047,0.60505,1.00,2.40
2008.12.16 06:08:39.828,0.6047,0.605,1.00,2.40
2008.12.16 06:08:45.216,0.6047,0.60505,1.00,2.40
2008.12.16 06:08:49.555,0.60465,0.60505,1.20,8.20
2008.12.16 06:09:03.302,0.60465,0.605,1.00,5.80
2008.12.16 06:09:06.001,0.6046,0.60495,1.00,2.40
2008.12.16 06:09:06.521,0.60455,0.60495,1.20,2.40
2008.12.16 06:09:07.021,0.6046,0.605,1.00,8.20
2008.12.16 06:09:07.891,0.60465,0.605,1.00,5.80
2008.12.16 06:09:08.751,0.6046,0.605,1.00,8.20
2008.12.16 06:09:09.900,0.6046,0.605,1.20,8.20
2008.12.16 06:09:10.010,0.60465,0.605,1.00,8.20
2008.12.16 06:09:14.679,0.60465,0.605,1.00,2.40
2008.12.16 06:09:15.679,0.60465,0.60495,1.00,2.40
2008.12.16 06:09:18.218,0.6046,0.6049,1.20,2.40
2008.12.16 06:09:18.738,0.6046,0.605,1.20,8.20
2008.12.16 06:09:19.378,0.6047,0.605,1.00,2.40
2008.12.16 06:09:21.937,0.6046,0.6047,1.60,2.40
2008.12.16 06:09:25.336,0.6047,0.605,1.00,2.40
2008.12.16 06:09:29.436,0.6047,0.60495,1.00,1.60
2008.12.16 06:09:29.545,0.6046,0.6047,1.60,2.40
2008.12.16 06:09:29.836,0.6046,0.605,2.40,2.40
2008.12.16 06:09:30.006,0.6047,0.605,1.00,2.40
2008.12.16 06:09:32.774,0.60465,0.60485,1.00,2.40
2008.12.16 06:09:33.174,0.6046,0.60485,2.80,2.40
2008.12.16 06:09:33.275,0.6046,0.60485,2.40,2.40
2008.12.16 06:09:35.904,0.6046,0.60485,4.00,2.40
2008.12.16 06:09:36.244,0.60465,0.60485,1.00,2.40
2008.12.16 06:09:37.114,0.6046,0.60485,2.40,2.40
2008.12.16 06:09:38.713,0.6046,0.6049,2.40,2.40
2008.12.16 06:09:38.773,0.6046,0.60475,1.60,2.40
2008.12.16 06:09:39.063,0.6046,0.60475,3.20,2.40
2008.12.16 06:09:39.233,0.6046,0.6049,4.00,2.40
2008.12.16 06:09:39.513,0.6046,0.6049,2.80,2.40
2008.12.16 06:09:39.633,0.60465,0.605,1.00,5.80
2008.12.16 06:09:42.652,0.6046,0.6049,2.80,2.40
2008.12.16 06:09:47.481,0.6047,0.60505,1.00,4.00
2008.12.16 06:09:47.821,0.6047,0.60505,1.00,2.40
2008.12.16 06:09:54.390,0.6046,0.60485,1.00,2.40
2008.12.16 06:09:54.779,0.6047,0.6049,1.00,2.40
2008.12.16 06:09:55.059,0.6047,0.605,1.00,8.20
2008.12.16 06:09:55.869,0.6046,0.60495,1.00,2.40
2008.12.16 06:09:58.468,0.60455,0.60495,1.20,8.20
2008.12.16 06:10:01.898,0.6045,0.6049,1.20,2.40
2008.12.16 06:10:02.237,0.60455,0.6049,1.00,2.40
2008.12.16 06:10:05.017,0.6046,0.605,1.00,5.80
2008.12.16 06:10:06.867,0.6047,0.60505,1.00,5.80
2008.12.16 06:10:08.026,0.6047,0.6051,1.00,8.20
2008.12.16 06:10:08.316,0.6048,0.6051,1.00,8.20
2008.12.16 06:10:09.286,0.6048,0.6051,1.00,5.80
2008.12.16 06:10:09.466,0.60485,0.60515,1.00,5.80
2008.12.16 06:10:12.695,0.6048,0.605,1.00,2.40
2008.12.16 06:10:20.443,0.60485,0.605,1.00,2.40
2008.12.16 06:10:21.303,0.6048,0.605,1.00,2.40
2008.12.16 06:10:34.949,0.60475,0.60495,1.00,2.40
2008.12.16 06:10:42.868,0.6049,0.6051,1.00,9.80
2008.12.16 06:10:43.577,0.6049,0.6051,1.00,4.00
2008.12.16 06:10:44.797,0.6047,0.605,2.80,2.40
2008.12.16 06:10:44.967,0.6047,0.605,2.40,2.40
2008.12.16 06:10:45.127,0.6047,0.605,1.00,2.40
2008.12.16 06:10:46.877,0.6047,0.60505,1.00,8.20
2008.12.16 06:10:59.594,0.60485,0.60505,1.00,8.20
2008.12.16 06:11:04.033,0.6049,0.6051,1.00,8.20
2008.12.16 06:11:15.150,0.6049,0.6051,1.00,5.80
2008.12.16 06:11:15.490,0.6049,0.60515,1.00,8.20
2008.12.16 06:11:18.539,0.6049,0.6051,1.00,2.40
2008.12.16 06:11:31.536,0.60495,0.60515,1.00,2.40
2008.12.16 06:11:32.676,0.60485,0.60505,1.00,2.40
2008.12.16 06:11:32.976,0.6049,0.6051,1.00,2.40
2008.12.16 06:11:33.446,0.6049,0.60515,1.00,8.20
2008.12.16 06:12:12.276,0.6048,0.605,1.00,2.40
2008.12.16 06:12:12.906,0.60475,0.60495,1.00,2.40
2008.12.16 06:12:13.806,0.6047,0.60495,1.00,2.40
2008.12.16 06:12:15.675,0.60475,0.60495,1.00,2.40
2008.12.16 06:12:16.325,0.60475,0.605,1.00,2.40
2008.12.16 06:12:21.584,0.60475,0.60495,1.00,2.40
2008.12.16 06:12:23.363,0.6048,0.605,1.00,2.40
2008.12.16 06:12:28.012,0.60485,0.60505,1.00,2.40
2008.12.16 06:12:28.642,0.60485,0.605,1.00,2.40
2008.12.16 06:12:31.641,0.60485,0.60505,1.00,2.40
2008.12.16 06:12:33.911,0.6049,0.6051,1.00,4.00
2008.12.16 06:12:34.141,0.6049,0.6051,1.00,2.40
2008.12.16 06:12:40.199,0.6048,0.60505,2.00,2.40
2008.12.16 06:12:40.609,0.60475,0.60505,1.00,2.40
2008.12.16 06:12:40.779,0.60475,0.6051,1.00,2.40
2008.12.16 06:12:41.069,0.6047,0.6051,1.20,2.40
2008.12.16 06:12:44.138,0.6047,0.60505,1.00,2.40
2008.12.16 06:12:47.228,0.6047,0.6051,1.20,2.40
2008.12.16 06:12:57.005,0.60475,0.60515,1.00,8.20
2008.12.16 06:12:58.245,0.60475,0.6051,1.00,5.80
2008.12.16 06:13:09.422,0.6047,0.6051,1.00,8.20
2008.12.16 06:13:12.581,0.6047,0.6051,1.20,8.20
2008.12.16 06:13:14.521,0.60475,0.6051,1.00,5.80
2008.12.16 06:13:15.031,0.6047,0.6051,1.00,8.20
2008.12.16 06:13:15.191,0.60465,0.60505,1.20,2.40
2008.12.16 06:13:20.090,0.60465,0.605,1.00,2.40
2008.12.16 06:13:21.360,0.6046,0.60495,1.20,2.40
2008.12.16 06:13:24.669,0.60465,0.605,1.00,2.40
2008.12.16 06:13:30.807,0.6046,0.60495,1.20,2.40
2008.12.16 06:13:39.975,0.6046,0.60495,1.00,2.40
2008.12.16 06:13:44.864,0.6046,0.60495,1.20,2.40
2008.12.16 06:13:50.802,0.60465,0.60495,1.00,2.40
2008.12.16 06:14:16.896,0.6046,0.60495,1.20,2.40
2008.12.16 06:14:31.672,0.6046,0.60495,1.00,2.40
2008.12.16 06:14:31.892,0.6046,0.6049,1.00,2.40
2008.12.16 06:14:36.871,0.6045,0.6048,1.00,2.40
2008.12.16 06:14:37.721,0.6045,0.60485,1.00,2.40
2008.12.16 06:14:48.448,0.6045,0.6049,1.00,2.40
2008.12.16 06:14:52.067,0.6045,0.6049,1.20,8.20
2008.12.16 06:14:52.607,0.6045,0.6049,1.00,8.20
2008.12.16 06:14:52.947,0.6045,0.6048,1.00,2.40
2008.12.16 06:14:57.666,0.60445,0.6048,1.20,2.40
2008.12.16 06:14:58.696,0.6046,0.6048,1.00,2.40
2008.12.16 06:14:59.746,0.60465,0.60485,1.00,2.40
2008.12.16 06:15:00.236,0.6046,0.6048,1.00,2.40
2008.12.16 06:15:00.766,0.60465,0.60485,1.00,2.40
2008.12.16 06:15:02.245,0.6046,0.6048,1.00,2.40
2008.12.16 06:15:05.094,0.60465,0.60485,1.00,2.40
2008.12.16 06:15:08.734,0.6046,0.6048,1.00,2.40
2008.12.16 06:15:10.883,0.60465,0.60485,1.00,2.40
2008.12.16 06:15:13.083,0.60455,0.6048,2.40,2.40
2008.12.16 06:15:13.422,0.6045,0.6048,1.00,2.40
2008.12.16 06:15:16.972,0.60455,0.6048,1.00,2.40
2008.12.16 06:15:22.030,0.60455,0.6048,1.60,2.40
2008.12.16 06:15:22.210,0.6048,0.60495,1.00,4.00
2008.12.16 06:15:23.190,0.6048,0.605,1.00,2.40
2008.12.16 06:15:30.918,0.6048,0.605,1.00,8.20
2008.12.16 06:15:31.028,0.6047,0.605,2.40,8.20
2008.12.16 06:15:31.138,0.6047,0.605,1.00,8.20
2008.12.16 06:15:36.877,0.6047,0.6049,1.00,2.40
2008.12.16 06:15:49.494,0.60465,0.60485,1.00,2.40
2008.12.16 06:15:53.453,0.6047,0.60495,1.00,2.40
2008.12.16 06:15:57.382,0.60465,0.60485,1.00,2.40
2008.12.16 06:15:59.561,0.6046,0.60485,2.40,2.40
2008.12.16 06:15:59.791,0.6046,0.60485,1.00,2.40
2008.12.16 06:16:01.182,0.6046,0.6048,1.00,2.40
2008.12.16 06:16:02.101,0.6046,0.60475,1.00,2.40
2008.12.16 06:16:03.590,0.60445,0.6047,1.20,2.40
2008.12.16 06:16:03.770,0.60445,0.6047,1.00,2.40
2008.12.16 06:16:04.790,0.60445,0.60475,1.00,2.40
2008.12.16 06:16:06.180,0.60445,0.6047,1.00,2.40
2008.12.16 06:16:14.108,0.6044,0.60465,1.60,2.40
2008.12.16 06:16:14.328,0.60435,0.60465,1.00,2.40
2008.12.16 06:16:15.917,0.6043,0.6046,1.20,2.40
2008.12.16 06:16:16.037,0.6043,0.6046,1.00,2.40
2008.12.16 06:16:19.457,0.60425,0.6046,1.00,2.40
2008.12.16 06:16:24.215,0.60425,0.6046,1.20,2.40
2008.12.16 06:16:28.734,0.60425,0.60445,1.00,2.40
2008.12.16 06:16:31.633,0.6042,0.60445,1.20,2.40
2008.12.16 06:16:32.083,0.6041,0.6044,1.20,2.40
2008.12.16 06:16:32.434,0.6041,0.6044,1.00,2.40
2008.12.16 06:16:33.653,0.60405,0.6044,1.20,2.40
2008.12.16 06:16:34.703,0.60415,0.6044,1.00,2.40
2008.12.16 06:16:35.683,0.6042,0.60445,1.00,2.40
2008.12.16 06:16:39.442,0.6041,0.6043,1.00,2.40
2008.12.16 06:16:46.600,0.60415,0.6044,1.00,2.40
2008.12.16 06:16:49.809,0.6041,0.6043,1.00,2.40
2008.12.16 06:16:53.158,0.6041,0.60425,1.00,2.40
2008.12.16 06:16:54.288,0.6041,0.6043,1.00,2.40
2008.12.16 06:17:00.577,0.60405,0.60425,2.80,2.40
2008.12.16 06:17:01.836,0.60405,0.60435,2.80,2.40
2008.12.16 06:17:02.466,0.60415,0.60435,1.00,2.40
2008.12.16 06:17:06.435,0.60405,0.60425,2.40,2.40
2008.12.16 06:17:07.515,0.60405,0.60425,1.00,2.40
2008.12.16 06:17:10.054,0.6041,0.60425,1.00,2.40
2008.12.16 06:17:10.464,0.60405,0.60415,1.00,2.40
2008.12.16 06:17:17.942,0.60405,0.60425,1.00,2.40
2008.12.16 06:17:18.483,0.6041,0.60425,1.00,2.40
2008.12.16 06:17:18.652,0.60405,0.60425,1.00,2.40
2008.12.16 06:17:19.522,0.60405,0.60415,1.00,2.40
2008.12.16 06:17:21.851,0.60405,0.6042,1.00,2.40
2008.12.16 06:17:22.422,0.60405,0.60415,1.00,2.40
2008.12.16 06:17:23.531,0.60395,0.60415,2.40,2.40
2008.12.16 06:17:30.129,0.60395,0.60415,1.00,2.40
2008.12.16 06:17:30.419,0.6039,0.60415,1.20,2.40
2008.12.16 06:17:31.259,0.6039,0.60415,1.00,2.40
2008.12.16 06:17:31.669,0.60385,0.6041,2.00,2.40
2008.12.16 06:17:32.529,0.60385,0.6041,1.60,2.40
2008.12.16 06:17:32.709,0.60375,0.6041,2.00,2.40
2008.12.16 06:17:33.798,0.60375,0.6041,1.60,2.40
2008.12.16 06:17:34.139,0.60375,0.6041,1.00,2.40
2008.12.16 06:17:34.358,0.60375,0.60405,1.00,2.40
2008.12.16 06:17:34.528,0.6037,0.6041,1.00,1.20
2008.12.16 06:17:34.978,0.6037,0.60415,1.00,9.20
2008.12.16 06:17:35.568,0.60375,0.60415,1.00,6.80
2008.12.16 06:17:35.908,0.6037,0.60415,1.00,5.80
2008.12.16 06:17:36.008,0.6037,0.60415,1.00,8.20
2008.12.16 06:17:36.578,0.6037,0.60415,1.00,9.20
2008.12.16 06:17:37.627,0.60375,0.60415,1.00,5.80
2008.12.16 06:17:41.727,0.60375,0.60415,1.00,8.20
2008.12.16 06:17:43.156,0.6037,0.6041,1.00,5.80
2008.12.16 06:17:44.176,0.6037,0.6041,1.20,5.80
2008.12.16 06:17:44.886,0.6037,0.6041,1.00,5.80
2008.12.16 06:17:50.125,0.6037,0.6041,1.20,5.80
2008.12.16 06:17:53.794,0.6037,0.6041,1.00,5.80
2008.12.16 06:17:54.024,0.60375,0.6041,1.00,5.80
2008.12.16 06:17:54.304,0.60375,0.60415,1.20,5.80
2008.12.16 06:17:54.533,0.6038,0.6042,1.00,5.80
2008.12.16 06:17:56.783,0.6038,0.60415,1.00,1.60
2008.12.16 06:17:57.243,0.6037,0.604,1.20,2.40
2008.12.16 06:17:58.003,0.6037,0.604,1.00,2.40
2008.12.16 06:18:00.412,0.60375,0.60405,1.00,2.40
2008.12.16 06:18:00.692,0.6038,0.60405,1.00,2.40
2008.12.16 06:18:01.092,0.6038,0.6042,1.20,5.80
2008.12.16 06:18:01.272,0.6038,0.6042,1.00,8.20
2008.12.16 06:18:02.172,0.60375,0.6042,1.00,8.20
2008.12.16 06:18:04.151,0.6038,0.6042,1.00,5.80
2008.12.16 06:18:05.021,0.60375,0.6042,1.00,8.20
2008.12.16 06:18:05.371,0.6038,0.6042,1.00,5.80
2008.12.16 06:18:09.000,0.60385,0.6042,1.00,5.80
2008.12.16 06:18:13.489,0.6038,0.60415,1.00,2.40
2008.12.16 06:18:15.169,0.60385,0.6042,1.00,8.20
2008.12.16 06:18:15.858,0.60385,0.6041,1.00,2.40
2008.12.16 06:18:20.217,0.60375,0.60395,1.00,2.40
2008.12.16 06:18:20.318,0.6037,0.60395,2.80,2.40
2008.12.16 06:18:20.597,0.6037,0.60395,1.20,2.40
2008.12.16 06:18:20.708,0.6037,0.60395,1.00,1.60
2008.12.16 06:18:20.817,0.60365,0.60395,1.20,1.60
2008.12.16 06:18:21.627,0.60365,0.60395,1.20,2.40
2008.12.16 06:18:25.656,0.6037,0.60405,1.00,9.80
2008.12.16 06:18:25.826,0.6037,0.60405,1.00,8.20
2008.12.16 06:18:26.996,0.6037,0.60405,1.00,2.40
2008.12.16 06:18:27.555,0.60365,0.60395,1.20,2.40
2008.12.16 06:18:30.805,0.60365,0.6039,1.20,2.40
2008.12.16 06:18:33.114,0.60365,0.6039,1.00,2.40
2008.12.16 06:18:36.624,0.60365,0.604,1.20,3.20
2008.12.16 06:18:36.734,0.60365,0.604,1.20,1.60
2008.12.16 06:18:37.663,0.60365,0.604,1.20,2.40
2008.12.16 06:18:37.903,0.60375,0.604,1.00,2.40
2008.12.16 06:18:43.062,0.6037,0.60395,1.00,2.40
2008.12.16 06:18:43.522,0.6038,0.60395,1.00,2.40
2008.12.16 06:18:44.951,0.6037,0.60395,1.00,2.40
2008.12.16 06:18:47.581,0.6037,0.6039,1.00,2.40
2008.12.16 06:18:47.881,0.60375,0.604,1.00,2.40
2008.12.16 06:18:52.179,0.6038,0.60405,1.00,2.40
2008.12.16 06:18:52.470,0.60375,0.604,1.00,2.40
2008.12.16 06:18:53.269,0.60375,0.604,1.00,4.00
2008.12.16 06:18:54.122,0.60375,0.60395,1.00,1.60
2008.12.16 06:18:54.179,0.6037,0.6039,1.00,2.40
2008.12.16 06:18:54.879,0.60375,0.60395,1.00,1.60
2008.12.16 06:18:56.529,0.60375,0.604,1.00,2.40
2008.12.16 06:18:58.118,0.6037,0.6039,1.00,2.40
2008.12.16 06:18:59.328,0.60375,0.604,1.00,2.40
2008.12.16 06:19:00.858,0.6037,0.60395,1.00,2.40
2008.12.16 06:19:03.497,0.6037,0.6039,1.00,2.40
2008.12.16 06:19:04.956,0.60355,0.60385,1.20,2.40
2008.12.16 06:19:07.916,0.60365,0.60385,1.00,2.40
2008.12.16 06:19:11.645,0.60355,0.60385,1.00,2.40
2008.12.16 06:19:13.155,0.60365,0.60385,1.00,2.40
2008.12.16 06:19:20.123,0.6037,0.60385,1.00,2.40
2008.12.16 06:19:23.402,0.6037,0.6038,1.00,1.00
2008.12.16 06:19:26.491,0.60365,0.6038,1.00,1.00
2008.12.16 06:19:26.652,0.6036,0.6038,1.00,1.00
2008.12.16 06:19:27.161,0.60365,0.6038,1.00,1.00
2008.12.16 06:19:30.380,0.6037,0.6038,1.00,1.00
2008.12.16 06:19:31.090,0.60365,0.6038,1.00,1.00
2008.12.16 06:19:35.209,0.6037,0.6038,1.00,1.00
2008.12.16 06:19:36.359,0.60375,0.6038,1.00,1.00
2008.12.16 06:19:36.999,0.6037,0.6038,1.00,1.00
2008.12.16 06:19:37.159,0.60375,0.6038,1.00,1.00
2008.12.16 06:19:38.688,0.6037,0.6038,2.20,1.00
2008.12.16 06:19:42.328,0.60375,0.6038,1.00,1.00
2008.12.16 06:19:43.747,0.6037,0.6038,2.40,1.00
2008.12.16 06:19:45.827,0.60365,0.6038,1.00,2.80
2008.12.16 06:19:46.437,0.60355,0.6037,2.40,2.40
2008.12.16 06:19:47.016,0.6036,0.6038,1.00,2.80
2008.12.16 06:19:47.816,0.6036,0.6038,1.00,1.00
2008.12.16 06:19:50.476,0.6036,0.6038,1.00,2.80
2008.12.16 06:19:51.665,0.60365,0.6038,1.00,1.00
2008.12.16 06:19:55.114,0.60365,0.6038,1.20,1.00
2008.12.16 06:19:57.874,0.6037,0.6038,1.00,1.00
2008.12.16 06:19:58.574,0.60375,0.6038,1.00,1.00
2008.12.16 06:19:59.203,0.6037,0.6038,1.00,1.00
2008.12.16 06:20:01.463,0.6037,0.6038,2.00,1.00
2008.12.16 06:20:01.623,0.60375,0.6038,1.00,1.00
2008.12.16 06:20:01.793,0.6038,0.604,1.00,1.80
2008.12.16 06:20:04.702,0.6038,0.604,1.00,2.40
2008.12.16 06:20:11.520,0.6038,0.60395,1.00,2.40
2008.12.16 06:20:15.730,0.60385,0.60405,1.00,2.40
2008.12.16 06:20:16.599,0.6039,0.60405,1.00,2.40
2008.12.16 06:20:16.769,0.6039,0.6041,1.00,2.80
2008.12.16 06:20:17.159,0.60395,0.6041,1.00,1.00
2008.12.16 06:20:21.918,0.604,0.6041,1.00,1.00
2008.12.16 06:20:21.978,0.60395,0.6041,1.00,1.00
2008.12.16 06:20:22.558,0.604,0.6041,1.00,1.00
2008.12.16 06:20:24.277,0.60405,0.6041,1.00,1.00
2008.12.16 06:20:24.847,0.604,0.6041,1.00,1.00
2008.12.16 06:20:25.117,0.60395,0.6041,1.00,1.00
2008.12.16 06:20:27.187,0.604,0.6041,1.00,1.00
2008.12.16 06:20:27.527,0.60395,0.6041,1.00,1.00
2008.12.16 06:20:27.757,0.60395,0.6041,1.00,2.80
2008.12.16 06:20:28.386,0.6039,0.6041,1.00,2.80
2008.12.16 06:20:29.546,0.60385,0.60405,2.40,2.40
2008.12.16 06:20:29.826,0.6039,0.6041,1.00,2.80
2008.12.16 06:20:30.116,0.60395,0.6041,1.00,2.80
2008.12.16 06:20:30.816,0.604,0.6041,1.00,1.00
2008.12.16 06:20:30.986,0.6039,0.6041,1.00,1.00
2008.12.16 06:20:34.685,0.60385,0.6041,1.00,2.80
2008.12.16 06:20:34.975,0.6038,0.6041,1.20,2.00
2008.12.16 06:20:35.265,0.6038,0.6041,1.00,2.00
2008.12.16 06:20:35.615,0.6038,0.60405,1.00,1.60
2008.12.16 06:20:35.905,0.6038,0.60405,1.00,2.40
2008.12.16 06:20:38.094,0.6038,0.6041,1.00,2.80
2008.12.16 06:20:38.454,0.60385,0.6041,1.00,1.00
2008.12.16 06:20:42.953,0.60395,0.6041,1.00,1.00
2008.12.16 06:20:43.063,0.60395,0.6041,1.20,1.00
2008.12.16 06:20:43.183,0.60395,0.6041,2.00,1.00
2008.12.16 06:20:43.463,0.6041,0.60435,1.00,3.50
2008.12.16 06:20:45.902,0.60405,0.6041,1.00,1.00
2008.12.16 06:20:46.082,0.604,0.6041,2.80,1.00
2008.12.16 06:20:46.323,0.604,0.6041,1.20,1.00
2008.12.16 06:20:48.332,0.604,0.6041,1.00,1.00
2008.12.16 06:20:49.071,0.60405,0.6041,1.00,1.00
2008.12.16 06:20:49.771,0.6041,0.60435,1.00,1.80
2008.12.16 06:20:50.061,0.60405,0.6041,1.00,1.00
2008.12.16 06:20:50.351,0.6041,0.60435,1.00,1.80
2008.12.16 06:20:50.871,0.60415,0.60435,1.00,1.80
2008.12.16 06:20:53.171,0.60405,0.6041,1.00,1.00
2008.12.16 06:20:53.340,0.60415,0.60435,1.00,1.80
2008.12.16 06:20:53.700,0.60405,0.6041,1.00,1.00
2008.12.16 06:20:54.440,0.604,0.6041,2.20,1.00
2008.12.16 06:20:55.200,0.6041,0.6043,1.00,1.80
2008.12.16 06:20:56.580,0.60405,0.6041,1.00,1.00
2008.12.16 06:21:06.347,0.6041,0.6043,1.00,1.80
2008.12.16 06:21:06.738,0.60405,0.6041,1.00,1.00
2008.12.16 06:21:08.237,0.6041,0.60435,1.00,1.40
2008.12.16 06:21:09.107,0.60415,0.60445,1.00,3.50
2008.12.16 06:21:09.696,0.60405,0.6041,10.40,1.00
2008.12.16 06:21:09.866,0.6042,0.60445,5.20,5.80
2008.12.16 06:21:10.036,0.6042,0.60455,6.20,5.80
2008.12.16 06:21:10.547,0.60425,0.60455,5.20,5.80
2008.12.16 06:21:10.846,0.6043,0.60455,5.20,5.80
2008.12.16 06:21:11.776,0.6043,0.6046,5.20,5.80
2008.12.16 06:21:13.545,0.6042,0.6046,1.00,5.80
2008.12.16 06:21:15.625,0.6042,0.6046,1.20,5.80
2008.12.16 06:21:16.305,0.6042,0.60465,1.20,8.20
2008.12.16 06:21:16.885,0.6042,0.6046,1.20,5.80
2008.12.16 06:21:19.534,0.6042,0.6046,1.00,5.80
2008.12.16 06:21:20.214,0.60415,0.60455,1.00,8.20
2008.12.16 06:21:21.764,0.60415,0.60455,2.00,8.20
2008.12.16 06:21:21.824,0.60425,0.60455,1.00,5.80
2008.12.16 06:21:24.643,0.60415,0.6045,1.00,2.40
2008.12.16 06:21:24.923,0.6041,0.6043,1.00,2.40
2008.12.16 06:21:25.273,0.6041,0.6045,1.00,9.80
2008.12.16 06:21:26.482,0.6041,0.60445,1.00,1.60
2008.12.16 06:21:27.002,0.60405,0.6044,1.00,2.40
2008.12.16 06:21:27.292,0.60405,0.60435,1.00,2.40
2008.12.16 06:21:27.702,0.60405,0.60435,1.00,4.00
2008.12.16 06:21:28.902,0.60405,0.60445,1.20,1.60
2008.12.16 06:21:31.523,0.60405,0.60435,1.00,2.40
2008.12.16 06:21:31.691,0.604,0.6044,1.00,8.20
2008.12.16 06:21:33.820,0.604,0.6042,1.00,2.40
2008.12.16 06:21:34.351,0.604,0.6041,1.00,2.40
2008.12.16 06:21:35.620,0.604,0.6042,1.00,2.40
2008.12.16 06:21:36.030,0.604,0.6043,1.00,2.40
2008.12.16 06:21:40.299,0.604,0.6043,5.80,2.40
2008.12.16 06:21:41.469,0.60405,0.6043,1.60,2.40
2008.12.16 06:21:41.639,0.6041,0.60435,5.20,2.40
2008.12.16 06:21:43.928,0.6041,0.6043,5.20,2.40
2008.12.16 06:21:44.038,0.60405,0.6043,7.40,2.40
2008.12.16 06:21:44.498,0.60405,0.6043,5.80,2.40
2008.12.16 06:21:44.788,0.60405,0.60425,5.80,2.40
2008.12.16 06:21:46.058,0.60405,0.60425,5.20,2.40
2008.12.16 06:21:46.168,0.604,0.60425,2.00,2.40
2008.12.16 06:21:47.337,0.60405,0.60425,1.60,2.40
2008.12.16 06:21:47.627,0.60405,0.60415,5.80,2.40
2008.12.16 06:21:47.917,0.60405,0.60415,2.00,2.40
2008.12.16 06:21:48.907,0.60405,0.6041,2.00,2.40
2008.12.16 06:21:49.187,0.60395,0.6041,2.00,2.40
2008.12.16 06:21:52.156,0.604,0.60415,2.80,2.40
2008.12.16 06:21:52.886,0.604,0.6041,2.00,2.40
2008.12.16 06:21:53.796,0.604,0.6041,1.60,2.40
2008.12.16 06:21:54.595,0.60395,0.6041,8.60,2.40
2008.12.16 06:21:54.835,0.604,0.6041,1.60,2.40
2008.12.16 06:21:57.025,0.60395,0.6041,1.60,2.40
2008.12.16 06:21:57.255,0.60385,0.60415,1.00,2.40
2008.12.16 06:21:58.645,0.60385,0.6042,1.60,2.40
2008.12.16 06:21:58.755,0.6039,0.6042,1.00,2.40
2008.12.16 06:22:00.004,0.6038,0.60385,6.80,2.40
2008.12.16 06:22:00.534,0.6037,0.60385,1.00,2.40
2008.12.16 06:22:00.874,0.60365,0.60385,2.80,2.40
2008.12.16 06:22:01.455,0.60365,0.60385,2.40,2.40
2008.12.16 06:22:01.514,0.60365,0.60385,1.60,2.40
2008.12.16 06:22:02.534,0.60365,0.60385,2.00,2.40
2008.12.16 06:22:03.954,0.60365,0.60385,1.00,2.40
2008.12.16 06:22:04.063,0.6036,0.6038,1.00,2.40
2008.12.16 06:22:07.882,0.6036,0.60385,1.00,2.40
2008.12.16 06:22:09.222,0.60355,0.6038,2.00,2.40
2008.12.16 06:22:09.462,0.60355,0.6038,1.00,2.40
2008.12.16 06:22:09.682,0.6034,0.6038,8.20,8.20
2008.12.16 06:22:09.982,0.6034,0.60355,2.80,2.40
2008.12.16 06:22:12.841,0.6034,0.6035,2.40,2.40
2008.12.16 06:22:13.191,0.6034,0.60345,2.40,2.40
2008.12.16 06:22:13.541,0.6034,0.60375,2.40,9.20
2008.12.16 06:22:13.831,0.60345,0.60385,1.00,2.40
2008.12.16 06:22:14.121,0.60345,0.6039,5.80,5.80
2008.12.16 06:22:14.471,0.60345,0.6039,1.00,5.80
2008.12.16 06:22:16.830,0.60345,0.6039,5.80,5.80
2008.12.16 06:22:17.220,0.6032,0.6033,1.60,2.40
2008.12.16 06:22:17.440,0.6034,0.60345,5.40,2.40
2008.12.16 06:22:17.950,0.6033,0.60345,2.00,2.40
2008.12.16 06:22:19.210,0.60345,0.6035,1.00,3.60
2008.12.16 06:22:19.320,0.60355,0.60385,5.20,5.80
2008.12.16 06:22:19.610,0.60355,0.6039,5.20,8.20
2008.12.16 06:22:20.069,0.60355,0.6039,13.20,5.80
2008.12.16 06:22:20.349,0.6037,0.6039,5.20,2.40
2008.12.16 06:22:20.689,0.60355,0.6039,5.80,2.40
2008.12.16 06:22:22.329,0.60355,0.6039,1.00,2.40
2008.12.16 06:22:25.528,0.6036,0.6039,1.00,2.40
2008.12.16 06:22:29.237,0.6036,0.60395,1.00,4.00
2008.12.16 06:22:29.408,0.60365,0.60395,1.00,2.40
2008.12.16 06:22:31.167,0.60365,0.6039,1.00,2.40
2008.12.16 06:22:31.277,0.6036,0.6039,1.00,2.40
2008.12.16 06:22:33.636,0.6036,0.60395,1.00,4.00
2008.12.16 06:22:33.856,0.6036,0.60395,1.00,2.40
2008.12.16 06:22:34.376,0.60365,0.60395,1.00,2.40
2008.12.16 06:22:35.046,0.6036,0.60395,1.00,2.40
2008.12.16 06:22:38.205,0.60355,0.6039,1.00,2.40
2008.12.16 06:22:38.445,0.60355,0.60375,1.00,2.40
2008.12.16 06:22:41.764,0.60355,0.6038,1.00,2.40
2008.12.16 06:22:49.183,0.60355,0.6037,1.00,2.40
2008.12.16 06:22:49.822,0.60355,0.6038,1.00,2.40
2008.12.16 06:22:52.862,0.60355,0.6037,1.00,2.40
2008.12.16 06:22:59.900,0.60355,0.6038,1.00,2.40
2008.12.16 06:23:00.290,0.6035,0.6038,2.40,2.40
2008.12.16 06:23:00.510,0.60365,0.60385,1.00,2.40
2008.12.16 06:23:00.680,0.6036,0.6038,1.60,2.40
2008.12.16 06:23:00.860,0.6035,0.6038,2.40,2.40
2008.12.16 06:23:04.789,0.6035,0.6038,1.60,2.40
2008.12.16 06:23:04.969,0.6035,0.6037,1.00,2.40
2008.12.16 06:23:12.167,0.6035,0.60375,1.00,2.40
2008.12.16 06:23:16.656,0.6035,0.6037,1.00,2.40
2008.12.16 06:23:20.485,0.60345,0.60365,2.40,2.40
2008.12.16 06:23:20.765,0.60345,0.6036,2.40,1.60
2008.12.16 06:23:21.065,0.60345,0.6036,1.60,1.60
2008.12.16 06:23:21.644,0.6034,0.6036,1.00,1.60
2008.12.16 06:23:21.875,0.6034,0.6036,1.00,2.40
2008.12.16 06:23:23.644,0.60345,0.6036,1.00,2.40
2008.12.16 06:23:24.224,0.60345,0.6037,1.00,2.40
2008.12.16 06:23:26.483,0.60345,0.6036,1.00,2.40
2008.12.16 06:23:29.033,0.60355,0.6036,1.60,2.40
2008.12.16 06:23:29.213,0.6036,0.60375,1.00,2.40
2008.12.16 06:23:29.443,0.60345,0.6037,1.00,2.40
2008.12.16 06:23:31.113,0.60345,0.60375,1.00,2.40
2008.12.16 06:23:32.952,0.6035,0.60375,1.00,2.40
2008.12.16 06:23:36.031,0.60345,0.6037,1.00,2.40
2008.12.16 06:23:42.450,0.60345,0.6037,1.60,2.40
2008.12.16 06:23:42.570,0.60345,0.6037,3.20,2.40
2008.12.16 06:23:42.749,0.6035,0.6037,1.60,2.40
2008.12.16 06:23:44.359,0.6035,0.6037,1.00,2.40
2008.12.16 06:23:44.819,0.60345,0.60365,2.40,2.40
2008.12.16 06:23:45.399,0.60345,0.6036,1.60,2.40
2008.12.16 06:23:55.696,0.60345,0.6037,1.60,2.40
2008.12.16 06:24:06.574,0.60345,0.6036,1.60,2.40
2008.12.16 06:24:11.812,0.6035,0.60365,1.00,2.40
2008.12.16 06:24:13.152,0.6035,0.6038,1.20,2.40
2008.12.16 06:24:14.162,0.60355,0.6038,1.00,2.40
2008.12.16 06:24:17.061,0.6035,0.6038,1.20,2.40
2008.12.16 06:24:17.181,0.6035,0.6037,1.00,2.40
2008.12.16 06:24:19.451,0.60355,0.60375,1.00,2.40
2008.12.16 06:24:21.940,0.6035,0.6037,1.00,2.40
2008.12.16 06:24:25.299,0.60355,0.60375,1.00,2.40
2008.12.16 06:24:27.529,0.60365,0.6038,1.00,2.40
2008.12.16 06:24:27.869,0.6036,0.60385,1.00,2.40
2008.12.16 06:24:29.598,0.6036,0.60385,1.20,2.40
2008.12.16 06:24:31.808,0.6036,0.6038,1.20,2.40
2008.12.16 06:24:33.567,0.6036,0.60385,1.20,2.40
2008.12.16 06:24:37.207,0.6036,0.60385,1.00,2.40
2008.12.16 06:24:37.936,0.6036,0.60395,1.00,2.40
2008.12.16 06:24:40.306,0.6036,0.6039,6.60,2.40
2008.12.16 06:24:40.586,0.6036,0.60385,1.20,2.40
2008.12.16 06:24:48.144,0.60355,0.60385,1.20,2.40
2008.12.16 06:24:57.641,0.60355,0.6038,1.20,2.40
2008.12.16 06:24:59.141,0.60355,0.60375,1.00,2.40
2008.12.16 06:24:59.761,0.6035,0.6037,2.00,2.40
2008.12.16 06:24:59.821,0.6035,0.6037,1.20,2.40
2008.12.16 06:25:00.111,0.6035,0.6037,1.00,2.40
2008.12.16 06:25:00.451,0.6034,0.6037,2.00,2.40
2008.12.16 06:25:00.791,0.6034,0.6037,1.00,2.40
2008.12.16 06:25:01.360,0.60335,0.6037,1.20,2.40
2008.12.16 06:25:02.990,0.60335,0.60375,1.20,2.40
2008.12.16 06:25:03.160,0.60345,0.6038,1.20,2.40
2008.12.16 06:25:03.550,0.6035,0.60375,1.00,2.40
2008.12.16 06:25:05.539,0.6035,0.6038,1.00,2.40
2008.12.16 06:25:05.999,0.6036,0.6038,1.00,2.40
2008.12.16 06:25:06.569,0.6036,0.6038,2.40,2.40
2008.12.16 06:25:09.169,0.60355,0.6038,1.00,2.40
2008.12.16 06:25:10.538,0.60345,0.6037,1.20,2.40
2008.12.16 06:25:10.828,0.60345,0.6037,1.00,2.40
2008.12.16 06:25:11.508,0.60345,0.6037,2.00,2.40
2008.12.16 06:25:13.608,0.60345,0.6037,2.80,2.40
2008.12.16 06:25:16.937,0.6035,0.60375,1.00,2.40
2008.12.16 06:25:17.107,0.6035,0.60375,1.20,2.40
2008.12.16 06:25:18.246,0.60355,0.60375,1.00,2.40
2008.12.16 06:25:22.125,0.60355,0.6038,1.20,2.40
2008.12.16 06:25:22.635,0.6036,0.60385,1.00,2.40
2008.12.16 06:25:23.555,0.6036,0.60385,1.60,2.40
2008.12.16 06:25:23.675,0.60365,0.60385,2.80,2.40
2008.12.16 06:25:24.025,0.6037,0.60385,1.00,2.40
2008.12.16 06:25:24.905,0.6037,0.60385,2.80,2.40
2008.12.16 06:25:25.345,0.60375,0.6039,1.00,2.40
2008.12.16 06:25:28.344,0.60375,0.60395,1.00,2.40
2008.12.16 06:25:30.264,0.60375,0.604,1.00,2.40
2008.12.16 06:25:31.813,0.60375,0.604,1.20,2.40
2008.12.16 06:25:33.513,0.60375,0.60395,1.20,2.40
2008.12.16 06:25:33.843,0.60375,0.604,1.20,2.40
2008.12.16 06:25:34.183,0.60375,0.60395,1.20,2.40
2008.12.16 06:25:34.703,0.60375,0.60395,1.00,2.40
2008.12.16 06:25:37.422,0.6038,0.60395,1.00,2.40
2008.12.16 06:25:37.662,0.60395,0.60415,1.00,2.40
2008.12.16 06:25:39.831,0.60385,0.6041,1.60,2.40
2008.12.16 06:25:41.721,0.60375,0.6041,1.00,2.40
2008.12.16 06:25:44.430,0.60375,0.6041,5.80,2.40
2008.12.16 06:25:44.600,0.60375,0.6041,1.00,2.40
2008.12.16 06:25:44.890,0.60375,0.6041,2.00,2.40
2008.12.16 06:25:45.400,0.60375,0.604,2.00,2.40
2008.12.16 06:25:46.260,0.60375,0.60405,2.00,2.40
2008.12.16 06:25:46.490,0.60375,0.60405,2.80,2.40
2008.12.16 06:25:49.349,0.6038,0.60405,1.00,2.40
2008.12.16 06:25:50.029,0.60375,0.60405,2.80,2.40
2008.12.16 06:25:50.319,0.60375,0.604,2.00,2.40
2008.12.16 06:25:50.898,0.60375,0.604,1.60,2.40
2008.12.16 06:25:51.119,0.60375,0.60395,1.60,2.40
2008.12.16 06:25:59.107,0.60375,0.604,1.60,2.40
2008.12.16 06:25:59.277,0.60375,0.60405,2.80,2.40
2008.12.16 06:26:00.377,0.60375,0.60405,2.00,2.40
2008.12.16 06:26:00.606,0.60375,0.60395,2.00,2.40
2008.12.16 06:26:00.956,0.60375,0.604,2.80,2.40
2008.12.16 06:26:03.136,0.60375,0.6039,1.60,2.40
2008.12.16 06:26:10.234,0.60375,0.60395,1.60,2.40
2008.12.16 06:26:13.053,0.60375,0.604,2.80,2.40
2008.12.16 06:26:19.232,0.60385,0.604,1.00,2.40
2008.12.16 06:26:19.622,0.6039,0.6041,1.00,2.40
2008.12.16 06:26:21.122,0.6038,0.60405,2.80,2.40
2008.12.16 06:26:21.531,0.6038,0.604,2.80,2.40
2008.12.16 06:26:21.821,0.6038,0.604,2.40,2.40
2008.12.16 06:26:22.571,0.60385,0.604,1.00,2.40
2008.12.16 06:26:23.681,0.6038,0.60405,2.40,2.40
2008.12.16 06:26:24.580,0.6038,0.60415,2.80,2.40
2008.12.16 06:26:26.930,0.6038,0.604,2.80,2.40
2008.12.16 06:26:29.939,0.60385,0.604,1.00,2.40
2008.12.16 06:26:30.049,0.6039,0.6041,1.00,2.40
2008.12.16 06:26:30.399,0.6039,0.6041,1.20,2.40
2008.12.16 06:26:30.859,0.6039,0.6042,1.20,2.40
2008.12.16 06:26:31.199,0.6039,0.60415,1.00,2.40
2008.12.16 06:26:31.549,0.6039,0.6042,1.20,2.40
2008.12.16 06:26:32.059,0.6039,0.60435,1.20,9.20
2008.12.16 06:26:32.239,0.6041,0.6044,1.00,8.20
2008.12.16 06:26:33.468,0.6041,0.6044,1.00,2.40
2008.12.16 06:26:34.458,0.6042,0.6044,1.00,2.40
2008.12.16 06:26:35.908,0.6042,0.60445,1.00,2.40
2008.12.16 06:26:36.258,0.60425,0.6045,1.00,2.40
2008.12.16 06:26:37.297,0.60425,0.6044,1.00,2.40
2008.12.16 06:26:38.157,0.60425,0.6045,1.00,4.00
2008.12.16 06:26:38.557,0.60425,0.6045,1.00,2.40
2008.12.16 06:26:39.147,0.6043,0.6046,1.60,1.60
2008.12.16 06:26:39.687,0.6043,0.6046,1.60,7.40
2008.12.16 06:26:39.857,0.6043,0.6045,2.40,2.40
2008.12.16 06:26:41.746,0.60435,0.6046,1.00,1.00
2008.12.16 06:26:42.096,0.60435,0.6047,1.00,5.80
2008.12.16 06:26:42.616,0.60435,0.6048,6.60,5.80
2008.12.16 06:26:42.976,0.60445,0.6048,1.00,5.80
2008.12.16 06:26:43.316,0.60445,0.6048,6.20,5.80
2008.12.16 06:26:43.716,0.6044,0.6048,5.80,5.80
2008.12.16 06:26:43.956,0.6043,0.6046,2.80,2.40
2008.12.16 06:26:44.536,0.6043,0.6045,2.80,2.40
2008.12.16 06:26:44.836,0.6043,0.6045,2.40,2.40
2008.12.16 06:26:45.525,0.6043,0.6045,1.00,2.40
2008.12.16 06:26:49.264,0.60435,0.60455,1.00,2.40
2008.12.16 06:26:49.495,0.6044,0.6046,1.00,2.40
2008.12.16 06:26:52.204,0.60435,0.60455,1.00,2.40
2008.12.16 06:26:52.434,0.6043,0.60455,2.80,2.40
2008.12.16 06:26:53.214,0.60435,0.6046,1.00,2.40
2008.12.16 06:26:54.083,0.6044,0.60465,1.00,2.40
2008.12.16 06:26:56.073,0.60445,0.60465,1.00,2.40
2008.12.16 06:26:56.313,0.60445,0.6046,1.00,2.40
2008.12.16 06:26:56.543,0.60445,0.60465,1.00,2.40
2008.12.16 06:26:57.123,0.60445,0.6046,1.00,2.40
2008.12.16 06:26:58.592,0.60435,0.6045,2.40,2.40
2008.12.16 06:26:59.002,0.6044,0.6046,2.40,2.40
2008.12.16 06:26:59.462,0.60445,0.6046,1.00,2.40
2008.12.16 06:27:00.372,0.6044,0.6046,2.40,2.40
2008.12.16 06:27:00.672,0.6045,0.60465,1.00,2.40
2008.12.16 06:27:02.631,0.6044,0.6046,1.00,2.40
2008.12.16 06:27:03.041,0.60435,0.6046,1.00,2.40
2008.12.16 06:27:03.541,0.60435,0.6046,2.80,2.40
2008.12.16 06:27:03.881,0.6045,0.60475,1.00,2.40
2008.12.16 06:27:08.490,0.60465,0.605,1.00,5.80
2008.12.16 06:27:08.840,0.60465,0.60495,1.00,5.80
2008.12.16 06:27:09.190,0.60455,0.60495,1.00,5.80
2008.12.16 06:27:10.889,0.60455,0.60495,1.00,8.20
2008.12.16 06:27:11.779,0.6045,0.6049,1.00,5.80
2008.12.16 06:27:12.139,0.60445,0.6048,1.20,2.40
2008.12.16 06:27:12.259,0.60445,0.6048,1.00,2.40
2008.12.16 06:27:15.178,0.6044,0.6048,2.80,2.40
2008.12.16 06:27:15.588,0.6044,0.60465,2.80,2.40
2008.12.16 06:27:16.058,0.6044,0.60465,1.00,2.40
2008.12.16 06:27:17.198,0.60445,0.60465,1.00,2.40
2008.12.16 06:27:23.616,0.60435,0.6046,2.00,2.40
2008.12.16 06:27:23.906,0.6042,0.6046,1.00,8.20
2008.12.16 06:27:24.536,0.6042,0.6046,1.00,9.20
2008.12.16 06:27:25.956,0.6042,0.6046,1.00,8.20
2008.12.16 06:27:30.485,0.60425,0.6046,1.60,8.20
2008.12.16 06:27:30.905,0.60425,0.6046,2.00,2.40
2008.12.16 06:27:31.125,0.60445,0.60465,1.00,2.40
2008.12.16 06:27:32.214,0.60455,0.6047,1.00,2.40
2008.12.16 06:27:33.644,0.60445,0.60465,1.00,2.40
2008.12.16 06:27:35.613,0.6045,0.6047,1.00,2.40
2008.12.16 06:27:36.093,0.60445,0.60465,1.00,2.40
2008.12.16 06:27:40.952,0.6045,0.6047,1.00,2.40
2008.12.16 06:27:41.482,0.60445,0.60465,1.00,2.40
2008.12.16 06:27:43.491,0.6045,0.60465,1.00,2.40
2008.12.16 06:27:44.641,0.60445,0.60465,2.40,2.40
2008.12.16 06:27:51.899,0.6045,0.60465,1.00,2.40
2008.12.16 06:27:52.189,0.60455,0.6047,1.00,2.40
2008.12.16 06:27:52.539,0.60445,0.6046,2.40,2.40
2008.12.16 06:27:54.359,0.60445,0.60475,1.00,8.20
2008.12.16 06:27:55.109,0.6045,0.60475,1.00,8.20
2008.12.16 06:27:55.808,0.6045,0.60475,1.00,2.40
2008.12.16 06:27:59.268,0.60455,0.6048,1.00,8.20
2008.12.16 06:28:01.217,0.60455,0.6047,1.00,2.40
2008.12.16 06:28:02.097,0.60445,0.60465,1.00,2.40
2008.12.16 06:28:05.546,0.6044,0.60465,2.40,2.40
2008.12.16 06:28:08.745,0.60445,0.6047,1.00,2.40
2008.12.16 06:28:11.494,0.6045,0.6047,1.00,2.40
2008.12.16 06:28:15.534,0.6045,0.6048,1.00,2.40
2008.12.16 06:28:16.613,0.6046,0.6048,1.00,2.40
2008.12.16 06:28:17.084,0.6046,0.60475,1.00,2.40
2008.12.16 06:28:18.513,0.6045,0.6047,1.60,2.40
2008.12.16 06:28:18.903,0.6045,0.6047,1.00,2.40
2008.12.16 06:28:19.952,0.6045,0.6048,1.00,2.40
2008.12.16 06:28:22.052,0.60455,0.60485,1.00,1.60
2008.12.16 06:28:22.112,0.6045,0.6048,1.20,2.40
2008.12.16 06:28:22.852,0.6046,0.6048,1.00,2.40
2008.12.16 06:28:28.001,0.60465,0.60485,1.00,2.40
2008.12.16 06:28:29.290,0.6047,0.6049,1.00,2.40
2008.12.16 06:28:30.040,0.60465,0.6048,1.00,2.40
2008.12.16 06:28:30.950,0.6046,0.6048,1.00,2.40
2008.12.16 06:28:42.897,0.6046,0.6049,1.00,5.80
2008.12.16 06:28:43.007,0.6046,0.60495,1.00,9.80
2008.12.16 06:28:43.787,0.6046,0.60495,1.00,8.20
2008.12.16 06:28:45.696,0.60455,0.60495,1.20,8.20
2008.12.16 06:28:47.286,0.6045,0.6049,1.00,2.40
2008.12.16 06:28:47.786,0.60455,0.60495,1.00,9.20
2008.12.16 06:28:47.906,0.60455,0.6049,1.00,5.80
2008.12.16 06:28:49.516,0.60445,0.6049,1.00,8.20
2008.12.16 06:28:49.695,0.60445,0.6049,1.20,8.20
2008.12.16 06:28:49.806,0.60445,0.60485,1.20,5.80
2008.12.16 06:28:51.815,0.60445,0.60475,1.00,2.40
2008.12.16 06:28:52.975,0.60445,0.6047,1.00,2.40
2008.12.16 06:28:53.095,0.6044,0.6047,1.20,2.40
2008.12.16 06:28:56.414,0.6044,0.60465,1.20,2.40
2008.12.16 06:28:56.744,0.60435,0.6046,1.20,2.40
2008.12.16 06:28:59.453,0.60435,0.6046,1.00,2.40
2008.12.16 06:29:06.001,0.60435,0.6046,1.20,2.40
2008.12.16 06:29:06.701,0.60435,0.60455,1.00,2.40
2008.12.16 06:29:11.810,0.6042,0.60435,1.60,2.40
2008.12.16 06:29:12.050,0.60415,0.60435,1.20,2.40
2008.12.16 06:29:12.160,0.60415,0.60435,1.00,2.40
2008.12.16 06:29:13.350,0.6041,0.6043,1.20,2.40
2008.12.16 06:29:16.679,0.60405,0.60425,1.00,2.40
2008.12.16 06:29:17.029,0.60405,0.6042,1.00,2.40
2008.12.16 06:29:17.659,0.60405,0.6042,1.20,2.40
2008.12.16 06:29:17.889,0.6041,0.6043,1.00,2.40
2008.12.16 06:29:18.939,0.60405,0.6042,1.00,2.40
2008.12.16 06:29:19.638,0.60405,0.60425,1.20,2.40
2008.12.16 06:29:20.158,0.6041,0.6043,1.00,2.40
2008.12.16 06:29:20.898,0.60405,0.60425,1.00,2.40
2008.12.16 06:29:21.178,0.60405,0.6042,1.00,2.40
2008.12.16 06:29:21.888,0.60405,0.60425,1.20,2.40
2008.12.16 06:29:22.417,0.6041,0.6043,1.00,2.40
2008.12.16 06:29:24.437,0.60405,0.6044,1.00,1.60
2008.12.16 06:29:25.917,0.604,0.6044,2.00,1.60
2008.12.16 06:29:26.437,0.604,0.6044,1.00,1.60
2008.12.16 06:29:26.598,0.604,0.60425,1.00,2.40
2008.12.16 06:29:26.886,0.60395,0.6042,1.20,2.40
2008.12.16 06:29:28.106,0.60395,0.6042,1.00,2.40
2008.12.16 06:29:28.706,0.6039,0.6042,1.00,2.40
2008.12.16 06:29:29.106,0.60385,0.6042,1.20,2.40
2008.12.16 06:29:29.566,0.604,0.60425,1.00,2.40
2008.12.16 06:29:29.726,0.60405,0.60435,1.00,2.40
2008.12.16 06:29:30.286,0.604,0.60425,1.20,2.40
2008.12.16 06:29:30.396,0.604,0.60425,1.00,2.40
2008.12.16 06:29:31.206,0.60395,0.6042,2.40,2.40
2008.12.16 06:29:31.815,0.60395,0.6042,1.00,2.40
2008.12.16 06:29:32.095,0.6039,0.6042,1.00,2.40
2008.12.16 06:29:33.315,0.60385,0.60415,1.60,2.40
2008.12.16 06:29:33.545,0.6038,0.60415,1.00,2.40
2008.12.16 06:29:33.835,0.6038,0.6041,1.00,1.60
2008.12.16 06:29:34.115,0.6037,0.6039,1.60,2.40
2008.12.16 06:29:34.855,0.6037,0.604,2.80,2.40
2008.12.16 06:29:37.384,0.6037,0.60405,2.80,2.40
2008.12.16 06:29:39.144,0.6038,0.60405,1.00,2.40
2008.12.16 06:29:39.823,0.6038,0.60405,1.20,2.40
2008.12.16 06:29:40.753,0.6038,0.60405,2.80,2.40
2008.12.16 06:29:42.862,0.6039,0.60405,1.60,2.40
2008.12.16 06:29:43.203,0.6038,0.60405,2.80,2.40
2008.12.16 06:29:43.712,0.6038,0.604,1.60,2.40
2008.12.16 06:29:44.922,0.6038,0.60395,1.60,2.40
2008.12.16 06:29:45.152,0.6037,0.60395,2.40,2.40
2008.12.16 06:29:45.762,0.6037,0.6039,1.60,1.60
2008.12.16 06:29:46.832,0.6037,0.6039,1.60,2.40
2008.12.16 06:29:47.131,0.6037,0.60395,2.40,2.40
2008.12.16 06:29:47.921,0.6037,0.60395,2.80,2.40
2008.12.16 06:29:48.211,0.6037,0.60395,2.40,2.40
2008.12.16 06:29:48.951,0.6037,0.6039,1.60,2.40
2008.12.16 06:29:50.681,0.60365,0.6039,2.40,2.40
2008.12.16 06:29:51.031,0.60365,0.60385,1.60,2.40
2008.12.16 06:29:54.500,0.60365,0.6039,2.40,2.40
2008.12.16 06:29:56.289,0.60365,0.60385,1.60,2.40
2008.12.16 06:29:58.519,0.60365,0.6038,1.60,2.40
2008.12.16 06:29:59.099,0.60365,0.60385,1.60,2.40
2008.12.16 06:30:01.098,0.60365,0.6039,2.40,2.40
2008.12.16 06:30:01.628,0.60345,0.6036,4.20,2.40
2008.12.16 06:30:01.858,0.6034,0.60345,1.60,2.40
2008.12.16 06:30:02.198,0.60335,0.60345,1.60,2.40
2008.12.16 06:30:02.558,0.60315,0.60345,1.00,2.40
2008.12.16 06:30:02.918,0.6032,0.60345,1.00,2.40
2008.12.16 06:30:03.208,0.60315,0.60345,1.00,2.40
2008.12.16 06:30:04.287,0.60315,0.6034,1.00,1.60
2008.12.16 06:30:04.637,0.60315,0.6033,1.00,5.80
2008.12.16 06:30:04.877,0.603,0.6032,2.40,2.40
2008.12.16 06:30:05.297,0.60305,0.6032,1.60,2.40
2008.12.16 06:30:05.797,0.6031,0.6033,2.40,2.40
2008.12.16 06:30:06.547,0.60315,0.60325,2.40,1.60
2008.12.16 06:30:06.847,0.603,0.60315,1.60,8.20
2008.12.16 06:30:07.087,0.603,0.60315,1.60,16.20
2008.12.16 06:30:07.267,0.603,0.60315,1.60,8.20
2008.12.16 06:30:08.196,0.603,0.6031,1.60,5.80
2008.12.16 06:30:08.547,0.603,0.60305,1.60,2.40
2008.12.16 06:30:09.016,0.6028,0.603,3.20,2.40
2008.12.16 06:30:09.316,0.60285,0.60305,1.00,2.40
2008.12.16 06:30:10.246,0.60285,0.603,1.00,2.40
2008.12.16 06:30:11.516,0.6028,0.603,1.60,2.40
2008.12.16 06:30:11.985,0.60255,0.60275,2.90,5.80
2008.12.16 06:30:12.205,0.6025,0.60255,11.20,2.40
2008.12.16 06:30:12.316,0.60245,0.6026,1.00,2.40
2008.12.16 06:30:13.605,0.60255,0.6027,1.00,2.40
2008.12.16 06:30:13.955,0.6026,0.60285,1.00,1.60
2008.12.16 06:30:14.195,0.6026,0.6029,1.20,2.40
2008.12.16 06:30:14.665,0.60265,0.6031,1.00,5.80
2008.12.16 06:30:15.015,0.60265,0.6031,6.60,5.80
2008.12.16 06:30:15.305,0.6027,0.60315,1.20,5.80
2008.12.16 06:30:15.775,0.6027,0.60315,6.60,5.80
2008.12.16 06:30:16.185,0.6027,0.60315,6.80,5.80
2008.12.16 06:30:16.744,0.60285,0.6031,5.20,2.40
2008.12.16 06:30:17.244,0.6028,0.6031,1.00,2.40
2008.12.16 06:30:17.464,0.6029,0.60315,1.00,2.40
2008.12.16 06:30:17.984,0.60285,0.6031,2.40,2.40
2008.12.16 06:30:18.444,0.6027,0.60295,6.80,2.40
2008.12.16 06:30:18.894,0.6026,0.60295,8.80,8.20
2008.12.16 06:30:19.294,0.6026,0.6029,1.00,2.40
2008.12.16 06:30:20.034,0.6026,0.60285,1.00,2.40
2008.12.16 06:30:21.243,0.6026,0.6029,1.00,2.40
2008.12.16 06:30:21.473,0.6027,0.60295,1.00,2.40
2008.12.16 06:30:22.393,0.6027,0.603,1.20,2.40
2008.12.16 06:30:24.033,0.60275,0.60315,1.20,1.60
2008.12.16 06:30:24.433,0.6028,0.6032,1.00,8.20
2008.12.16 06:30:24.902,0.6028,0.6032,1.20,5.80
2008.12.16 06:30:24.953,0.60285,0.60325,1.00,8.20
2008.12.16 06:30:25.573,0.60285,0.60325,1.00,2.40
2008.12.16 06:30:29.141,0.6029,0.60325,1.00,2.40
2008.12.16 06:30:29.491,0.603,0.60325,1.00,2.40
2008.12.16 06:30:29.841,0.6029,0.60325,1.00,2.40
2008.12.16 06:30:33.100,0.603,0.6033,1.00,2.40
2008.12.16 06:30:33.551,0.603,0.6033,1.20,2.40
2008.12.16 06:30:34.830,0.60305,0.6033,1.00,2.40
2008.12.16 06:30:35.580,0.603,0.60335,1.20,2.40
2008.12.16 06:30:35.820,0.603,0.60335,2.80,2.40
2008.12.16 06:30:36.170,0.6031,0.60335,1.00,2.40
2008.12.16 06:30:36.730,0.6031,0.6034,1.00,2.40
2008.12.16 06:30:37.230,0.603,0.60315,2.80,2.40
2008.12.16 06:30:37.410,0.603,0.6031,1.60,2.40
2008.12.16 06:30:37.639,0.603,0.6031,3.20,2.40
2008.12.16 06:30:37.819,0.60315,0.60335,1.20,2.60
2008.12.16 06:30:37.929,0.60315,0.6035,1.20,1.60
2008.12.16 06:30:38.090,0.6032,0.6035,1.00,1.60
2008.12.16 06:30:38.999,0.6032,0.6035,2.80,1.60
2008.12.16 06:30:39.349,0.6032,0.6035,1.60,1.60
2008.12.16 06:30:40.279,0.6032,0.6035,1.60,3.20
2008.12.16 06:30:40.519,0.6032,0.60325,1.60,2.40
2008.12.16 06:30:40.858,0.603,0.6032,3.00,2.40
2008.12.16 06:30:41.208,0.60295,0.60315,2.40,2.40
2008.12.16 06:30:44.528,0.60295,0.60315,2.80,2.40
2008.12.16 06:30:44.908,0.60295,0.6032,2.80,2.40
2008.12.16 06:30:48.597,0.603,0.60335,1.00,5.80
2008.12.16 06:30:48.877,0.603,0.6034,1.00,5.80
2008.12.16 06:30:49.407,0.603,0.6034,1.20,5.80
2008.12.16 06:30:50.286,0.603,0.6034,1.00,5.80
2008.12.16 06:30:50.636,0.6028,0.60315,1.00,2.40
2008.12.16 06:30:51.036,0.6028,0.6031,1.00,2.40
2008.12.16 06:30:52.656,0.6028,0.60315,1.00,4.00
2008.12.16 06:30:52.946,0.6028,0.60315,1.00,1.60
2008.12.16 06:30:54.725,0.60275,0.603,1.00,2.40
2008.12.16 06:30:55.125,0.60275,0.6031,1.00,4.00
2008.12.16 06:30:55.515,0.60275,0.60305,1.00,2.40
2008.12.16 06:30:56.575,0.60275,0.60305,2.00,2.40
2008.12.16 06:30:57.035,0.6028,0.60305,1.00,2.40
2008.12.16 06:30:59.814,0.60275,0.603,2.80,2.40
2008.12.16 06:31:01.844,0.6028,0.60315,1.20,2.40
2008.12.16 06:31:02.004,0.6028,0.603,1.00,2.40
2008.12.16 06:31:02.353,0.60275,0.603,2.80,2.40
2008.12.16 06:31:03.143,0.60275,0.603,2.40,2.40
2008.12.16 06:31:03.443,0.60275,0.603,1.00,2.40
2008.12.16 06:31:03.673,0.6027,0.603,1.20,2.40
2008.12.16 06:31:04.073,0.60295,0.6032,1.00,2.40
2008.12.16 06:31:05.383,0.60275,0.60315,1.20,2.40
2008.12.16 06:31:06.692,0.60275,0.6031,1.00,2.40
2008.12.16 06:31:09.491,0.6027,0.6031,1.20,2.40
2008.12.16 06:31:12.841,0.6027,0.6031,1.00,2.40
2008.12.16 06:31:14.191,0.6026,0.603,1.00,6.80
2008.12.16 06:31:20.069,0.60265,0.603,1.00,1.20
2008.12.16 06:31:20.429,0.60265,0.6029,1.00,1.20
2008.12.16 06:31:21.229,0.6026,0.6029,1.00,1.20
2008.12.16 06:31:21.499,0.6024,0.6025,1.00,1.60
2008.12.16 06:31:21.789,0.60225,0.6023,1.00,2.40
2008.12.16 06:31:22.019,0.60225,0.6025,1.00,1.20
2008.12.16 06:31:22.258,0.6023,0.6027,6.20,5.80
2008.12.16 06:31:22.488,0.60295,0.603,1.00,1.20
2008.12.16 06:31:22.729,0.60295,0.6032,1.00,8.20
2008.12.16 06:31:22.959,0.6027,0.603,8.00,5.80
2008.12.16 06:31:23.299,0.6026,0.603,1.00,5.80
2008.12.16 06:31:23.528,0.60255,0.60295,1.00,5.80
2008.12.16 06:31:24.268,0.60245,0.60285,1.00,5.80
2008.12.16 06:31:25.168,0.6023,0.60235,1.00,3.60
2008.12.16 06:31:25.408,0.6023,0.60255,1.00,1.60
2008.12.16 06:31:25.808,0.60235,0.60275,5.20,5.80
2008.12.16 06:31:26.278,0.6024,0.6028,5.80,5.80
2008.12.16 06:31:27.528,0.60245,0.60285,1.00,5.80
2008.12.16 06:31:28.237,0.60245,0.6029,1.00,6.80
2008.12.16 06:31:31.376,0.6025,0.6029,1.00,6.80
2008.12.16 06:31:31.546,0.60255,0.6029,1.00,1.20
2008.12.16 06:31:32.106,0.60255,0.60295,1.00,5.80
2008.12.16 06:31:34.896,0.6026,0.603,1.00,5.80
2008.12.16 06:31:37.795,0.6028,0.60315,1.00,5.80
2008.12.16 06:31:38.085,0.60285,0.6033,1.20,7.40
2008.12.16 06:31:38.205,0.60295,0.60335,1.00,5.80
2008.12.16 06:31:38.565,0.603,0.6034,1.00,5.80
2008.12.16 06:31:39.994,0.6029,0.60335,5.80,5.80
2008.12.16 06:31:40.284,0.6029,0.6033,1.00,1.20
2008.12.16 06:31:40.574,0.6029,0.6033,1.00,2.60
2008.12.16 06:31:40.814,0.60285,0.6033,1.20,7.40
2008.12.16 06:31:41.094,0.6029,0.6033,1.00,7.40
2008.12.16 06:31:41.884,0.60285,0.6031,1.00,5.80
2008.12.16 06:31:42.474,0.6027,0.6031,1.00,5.80
2008.12.16 06:31:42.654,0.60285,0.6031,1.00,5.80
2008.12.16 06:31:44.293,0.60285,0.60315,1.00,5.80
2008.12.16 06:31:46.493,0.60325,0.6033,1.00,1.60
2008.12.16 06:31:46.653,0.6029,0.60325,3.60,5.80
2008.12.16 06:31:46.833,0.6028,0.60325,9.20,5.80
2008.12.16 06:31:46.953,0.6029,0.60325,5.20,5.80
2008.12.16 06:31:47.173,0.60295,0.60335,1.00,5.80
2008.12.16 06:31:47.573,0.603,0.6034,1.00,5.80
2008.12.16 06:31:53.141,0.603,0.60335,1.00,2.40
2008.12.16 06:31:53.601,0.60295,0.60335,1.00,3.40
2008.12.16 06:31:54.001,0.60295,0.60335,1.00,2.40
2008.12.16 06:31:57.950,0.60295,0.6034,1.00,8.20
2008.12.16 06:32:09.527,0.60285,0.6034,1.20,2.40
2008.12.16 06:32:26.263,0.6029,0.60345,1.00,8.20
2008.12.16 06:32:30.022,0.6029,0.6034,1.00,2.40
2008.12.16 06:32:34.592,0.6032,0.6035,1.00,9.20
2008.12.16 06:32:35.101,0.6032,0.6035,1.00,2.40
2008.12.16 06:32:35.331,0.6032,0.6035,2.40,2.40
2008.12.16 06:32:35.501,0.6032,0.6035,1.00,2.40
2008.12.16 06:32:35.911,0.60325,0.60365,1.00,2.40
2008.12.16 06:32:50.497,0.6032,0.6035,1.60,2.40
2008.12.16 06:32:50.727,0.6032,0.6035,2.40,2.40
2008.12.16 06:33:01.794,0.6033,0.6035,1.00,2.40
2008.12.16 06:33:04.454,0.6032,0.6035,3.20,2.40
2008.12.16 06:33:04.674,0.6032,0.6035,2.40,2.40
2008.12.16 06:33:05.294,0.6032,0.6035,1.60,2.40
2008.12.16 06:33:05.514,0.60325,0.60365,1.00,2.40
2008.12.16 06:33:14.981,0.60325,0.6036,1.00,1.20
2008.12.16 06:33:15.091,0.60325,0.60355,1.00,1.60
2008.12.16 06:33:16.771,0.60325,0.60355,1.00,7.40
2008.12.16 06:33:16.941,0.60325,0.60355,1.00,1.60
2008.12.16 06:33:17.411,0.60325,0.6035,1.00,1.60
2008.12.16 06:33:17.531,0.6031,0.6034,1.60,1.60
2008.12.16 06:33:17.641,0.6031,0.6034,1.00,2.60
2008.12.16 06:33:17.931,0.60295,0.6034,1.00,2.60
2008.12.16 06:33:19.910,0.60295,0.6034,1.00,2.00
2008.12.16 06:33:20.030,0.60295,0.60335,1.00,1.20
2008.12.16 06:33:20.370,0.60295,0.6034,1.00,2.00
2008.12.16 06:33:20.710,0.60295,0.60335,1.00,1.20
2008.12.16 06:33:20.940,0.60295,0.6034,1.00,2.00
2008.12.16 06:33:21.690,0.60295,0.6034,1.00,8.00
2008.12.16 06:33:21.980,0.60295,0.60335,1.00,1.20
2008.12.16 06:33:22.600,0.60295,0.6034,1.00,8.00
2008.12.16 06:33:24.159,0.60295,0.60335,1.00,1.20
2008.12.16 06:33:26.079,0.60295,0.60335,1.00,2.60
2008.12.16 06:33:26.199,0.60295,0.60335,1.00,4.40
2008.12.16 06:33:28.648,0.6031,0.60335,1.60,4.40
2008.12.16 06:33:28.708,0.60325,0.60335,1.00,2.60
2008.12.16 06:33:29.178,0.60325,0.60335,1.00,1.60
2008.12.16 06:33:31.058,0.6031,0.60335,1.60,1.60
2008.12.16 06:33:31.287,0.60305,0.6034,3.20,1.00
2008.12.16 06:33:31.687,0.60305,0.60345,4.00,2.40
2008.12.16 06:33:31.927,0.6031,0.60345,1.60,1.60
2008.12.16 06:33:32.197,0.6031,0.60345,3.20,1.60
2008.12.16 06:33:36.496,0.6031,0.6034,1.60,1.60
2008.12.16 06:33:36.846,0.6031,0.6034,1.60,7.40
2008.12.16 06:33:37.146,0.60295,0.60325,1.00,2.40
2008.12.16 06:33:46.244,0.603,0.6034,1.00,8.40
2008.12.16 06:33:46.514,0.603,0.6034,1.00,5.80
2008.12.16 06:33:47.274,0.603,0.6035,1.00,5.80
2008.12.16 06:33:51.633,0.603,0.6034,1.00,2.60
2008.12.16 06:33:52.073,0.603,0.6034,1.00,4.20
2008.12.16 06:33:54.042,0.603,0.6034,1.00,2.60
2008.12.16 06:33:54.432,0.603,0.60355,1.20,2.40
2008.12.16 06:33:54.722,0.6033,0.6036,1.00,6.80
2008.12.16 06:33:54.952,0.6033,0.6037,1.00,9.80
2008.12.16 06:33:55.302,0.6033,0.6037,1.00,4.00
2008.12.16 06:33:55.831,0.6033,0.6037,1.00,9.80
2008.12.16 06:33:56.461,0.6032,0.6036,2.20,1.20
2008.12.16 06:33:56.742,0.6031,0.6036,1.60,1.20
2008.12.16 06:33:56.971,0.60305,0.6036,1.00,1.20
2008.12.16 06:33:57.901,0.603,0.6036,1.20,6.80
2008.12.16 06:34:00.351,0.60315,0.6036,1.00,6.80
2008.12.16 06:34:00.640,0.60315,0.6036,1.00,5.80
2008.12.16 06:34:00.820,0.60315,0.60365,1.00,8.20
2008.12.16 06:34:00.990,0.60315,0.6035,1.00,2.40
2008.12.16 06:34:04.489,0.6031,0.6035,1.00,2.40
2008.12.16 06:34:11.978,0.6031,0.6036,1.00,6.80
2008.12.16 06:34:12.218,0.6031,0.60365,1.00,10.80
2008.12.16 06:34:12.338,0.60315,0.60365,5.20,8.20
2008.12.16 06:34:15.337,0.60325,0.60365,1.00,2.40
2008.12.16 06:34:15.637,0.60325,0.60365,6.20,2.40
2008.12.16 06:34:17.206,0.60325,0.60365,6.60,8.20
2008.12.16 06:34:19.276,0.60325,0.6036,1.00,8.20
2008.12.16 06:34:24.684,0.6034,0.6036,1.00,8.20
2008.12.16 06:34:25.195,0.60345,0.60365,1.00,8.20
2008.12.16 06:34:25.525,0.60345,0.60365,1.00,5.80
2008.12.16 06:34:25.754,0.60345,0.6037,1.00,8.20
2008.12.16 06:34:25.874,0.60345,0.6037,1.00,2.40
2008.12.16 06:34:26.604,0.6035,0.6038,1.00,5.80
2008.12.16 06:34:27.414,0.60345,0.6038,1.00,5.80
2008.12.16 06:34:27.864,0.6035,0.6038,1.00,5.80
2008.12.16 06:34:29.324,0.60345,0.6038,1.00,8.20
2008.12.16 06:34:33.163,0.60345,0.6038,1.00,5.80
2008.12.16 06:34:33.282,0.6035,0.6038,1.00,5.80
2008.12.16 06:34:34.062,0.60345,0.6038,1.00,5.80
2008.12.16 06:34:34.512,0.60345,0.6038,1.00,8.20
2008.12.16 06:34:36.432,0.60345,0.6038,1.00,9.20
2008.12.16 06:34:36.722,0.60345,0.60375,1.00,1.60
2008.12.16 06:34:41.560,0.60335,0.6037,1.00,7.40
2008.12.16 06:34:42.030,0.6034,0.6037,1.00,7.40
2008.12.16 06:34:43.730,0.6034,0.60375,1.00,5.80
2008.12.16 06:34:44.480,0.60335,0.60375,1.20,8.20
2008.12.16 06:34:45.130,0.60335,0.60375,1.20,10.00
2008.12.16 06:34:45.420,0.6034,0.60375,1.00,6.80
2008.12.16 06:34:45.759,0.60335,0.6037,1.00,5.80
2008.12.16 06:34:45.990,0.60335,0.60375,1.20,9.20
2008.12.16 06:34:46.329,0.6034,0.60375,1.00,6.80
2008.12.16 06:34:46.549,0.6034,0.60375,1.00,5.80
2008.12.16 06:34:48.209,0.6034,0.60375,1.00,7.40
2008.12.16 06:34:52.668,0.60345,0.60375,1.00,7.40
2008.12.16 06:34:56.377,0.60345,0.60375,1.00,1.60
2008.12.16 06:34:57.827,0.6034,0.6037,1.00,2.40
2008.12.16 06:35:00.196,0.60345,0.60375,1.00,7.40
2008.12.16 06:35:02.475,0.60355,0.60375,1.00,7.40
2008.12.16 06:35:02.765,0.60355,0.60375,1.00,1.60
2008.12.16 06:35:02.885,0.6035,0.60375,1.00,1.60
2008.12.16 06:35:06.895,0.60355,0.60375,1.00,1.60
2008.12.16 06:35:08.974,0.60355,0.60385,1.00,8.20
2008.12.16 06:35:09.264,0.6035,0.6038,1.00,2.40
2008.12.16 06:35:19.641,0.6035,0.6038,2.40,2.40
2008.12.16 06:35:19.931,0.6036,0.60385,1.00,2.40
2008.12.16 06:35:22.231,0.60365,0.60385,1.00,2.40
2008.12.16 06:35:24.130,0.6037,0.60385,1.00,2.40
2008.12.16 06:35:26.130,0.60365,0.60385,2.40,2.40
2008.12.16 06:35:26.929,0.6036,0.60385,1.00,2.40
2008.12.16 06:35:28.649,0.60355,0.6038,1.00,2.40
2008.12.16 06:35:32.168,0.6036,0.60385,1.00,2.40
2008.12.16 06:35:32.928,0.6036,0.6039,1.00,8.20
2008.12.16 06:35:40.316,0.6036,0.60385,1.00,2.40
2008.12.16 06:35:41.666,0.6036,0.60385,1.00,8.20
2008.12.16 06:35:45.045,0.60365,0.60385,1.00,8.20
2008.12.16 06:35:51.194,0.6036,0.60385,1.00,8.20
2008.12.16 06:35:53.584,0.60355,0.6038,1.00,2.40
2008.12.16 06:35:55.333,0.6035,0.6038,4.00,2.40
2008.12.16 06:35:55.683,0.6035,0.6038,2.40,2.40
2008.12.16 06:35:56.842,0.6035,0.6038,4.00,2.40
2008.12.16 06:35:57.072,0.60355,0.6038,1.00,2.40
2008.12.16 06:36:11.529,0.6036,0.60385,1.00,8.20
2008.12.16 06:36:17.657,0.6036,0.60385,1.00,2.40
2008.12.16 06:36:34.113,0.6036,0.6039,1.00,8.20
2008.12.16 06:36:34.473,0.60365,0.6039,1.00,2.40
2008.12.16 06:36:37.653,0.6037,0.60405,1.00,6.60
2008.12.16 06:36:37.952,0.6037,0.60405,1.00,5.80
2008.12.16 06:36:39.432,0.60365,0.60405,1.00,8.20
2008.12.16 06:36:41.302,0.60365,0.60405,1.20,8.20
2008.12.16 06:36:41.941,0.6037,0.60405,1.00,8.20
2008.12.16 06:36:45.221,0.60375,0.60405,1.60,8.20
2008.12.16 06:36:51.509,0.60375,0.60405,2.40,5.80
2008.12.16 06:36:52.709,0.6038,0.60405,1.60,5.80
2008.12.16 06:36:52.889,0.6039,0.6041,1.00,8.20
2008.12.16 06:36:54.838,0.60385,0.6041,1.00,8.20
2008.12.16 06:36:55.178,0.604,0.60415,1.00,8.20
2008.12.16 06:36:55.418,0.60385,0.6041,1.00,2.40
2008.12.16 06:36:59.427,0.6038,0.60405,2.40,2.40
2008.12.16 06:36:59.897,0.6038,0.60405,1.00,2.40
2008.12.16 06:37:06.026,0.6038,0.60405,2.40,2.40
2008.12.16 06:37:06.306,0.6039,0.60415,1.00,8.20
2008.12.16 06:37:06.606,0.60395,0.60435,1.00,2.60
2008.12.16 06:37:06.936,0.60415,0.6045,1.00,10.40
2008.12.16 06:37:07.265,0.6042,0.60455,1.00,5.80
2008.12.16 06:37:07.785,0.6041,0.6045,5.20,5.80
2008.12.16 06:37:08.005,0.60405,0.6045,5.80,5.80
2008.12.16 06:37:10.115,0.60405,0.6045,1.00,5.80
2008.12.16 06:37:10.584,0.60405,0.60445,1.00,5.80
2008.12.16 06:37:10.635,0.60405,0.6044,1.00,2.40
2008.12.16 06:37:11.784,0.604,0.60435,1.00,2.40
2008.12.16 06:37:12.284,0.604,0.6044,1.20,2.40
2008.12.16 06:37:12.514,0.604,0.6044,1.20,4.00
2008.12.16 06:37:12.804,0.60395,0.6043,1.20,2.40
2008.12.16 06:37:13.594,0.604,0.6044,1.00,8.20
2008.12.16 06:37:13.764,0.60395,0.60435,1.00,2.40
2008.12.16 06:37:15.183,0.60395,0.6042,1.00,2.40
2008.12.16 06:37:16.193,0.6039,0.6042,1.20,2.40
2008.12.16 06:37:16.533,0.6039,0.60415,1.20,2.40
2008.12.16 06:37:17.523,0.60395,0.6043,1.00,2.40
2008.12.16 06:37:19.003,0.60395,0.60435,1.20,8.20
2008.12.16 06:37:20.132,0.60395,0.6043,1.00,2.40
2008.12.16 06:37:20.762,0.6039,0.60415,1.20,2.40
2008.12.16 06:37:23.602,0.6039,0.6043,1.20,10.80
2008.12.16 06:37:23.781,0.6039,0.6043,1.20,2.40
2008.12.16 06:37:25.421,0.6039,0.60415,1.20,2.40
2008.12.16 06:37:25.811,0.6039,0.6043,1.20,2.40
2008.12.16 06:37:27.830,0.6039,0.60415,1.20,2.40
2008.12.16 06:37:28.180,0.6039,0.6043,1.20,3.40
2008.12.16 06:37:28.360,0.6039,0.6043,1.20,2.40
2008.12.16 06:37:29.270,0.6039,0.60425,1.20,2.40
2008.12.16 06:37:31.010,0.6039,0.60425,1.00,8.20
2008.12.16 06:37:31.469,0.60385,0.60425,1.00,8.20
2008.12.16 06:37:31.589,0.6038,0.6042,1.20,5.80
2008.12.16 06:37:33.249,0.6039,0.6042,1.00,5.80
2008.12.16 06:37:33.359,0.6039,0.60425,1.00,5.80
2008.12.16 06:37:34.239,0.60385,0.60425,1.00,5.80
2008.12.16 06:37:35.389,0.60385,0.6042,1.00,8.20
2008.12.16 06:37:37.138,0.6038,0.6042,1.00,8.20
2008.12.16 06:37:37.488,0.6038,0.60415,1.00,5.80
2008.12.16 06:37:39.259,0.60375,0.60415,1.20,8.20
2008.12.16 06:37:39.428,0.60375,0.6041,1.00,5.80
2008.12.16 06:37:41.767,0.60375,0.6041,1.00,6.80
2008.12.16 06:37:42.167,0.6036,0.60385,1.00,2.40
2008.12.16 06:37:42.457,0.60345,0.60385,1.00,8.20
2008.12.16 06:37:42.687,0.60345,0.6038,1.00,2.40
2008.12.16 06:37:42.977,0.60335,0.60375,1.00,2.40
2008.12.16 06:37:43.207,0.60325,0.6036,1.20,2.40
2008.12.16 06:37:43.377,0.60325,0.6036,1.20,1.60
2008.12.16 06:37:44.006,0.6033,0.6037,1.00,5.80
2008.12.16 06:37:44.126,0.6033,0.6037,1.20,5.80
2008.12.16 06:37:45.756,0.6033,0.6037,1.00,8.20
2008.12.16 06:37:45.936,0.60335,0.6037,1.00,8.20
2008.12.16 06:37:46.266,0.6033,0.6037,1.00,8.20
2008.12.16 06:37:46.786,0.6033,0.6037,1.00,5.80
2008.12.16 06:37:48.765,0.6034,0.60375,1.60,8.20
2008.12.16 06:37:49.385,0.6034,0.6038,2.00,5.80
2008.12.16 06:37:49.955,0.60345,0.60385,1.00,5.80
2008.12.16 06:37:52.704,0.6034,0.6038,2.00,5.80
2008.12.16 06:37:52.764,0.6034,0.60375,2.00,2.40
2008.12.16 06:37:53.184,0.6034,0.60375,1.60,2.40
2008.12.16 06:37:53.854,0.6034,0.6038,1.60,8.20
2008.12.16 06:38:00.003,0.6034,0.6037,1.60,2.40
2008.12.16 06:38:00.472,0.60345,0.6037,1.00,2.40
2008.12.16 06:38:01.102,0.6034,0.60355,2.40,2.40
2008.12.16 06:38:02.302,0.6034,0.60355,2.80,2.40
2008.12.16 06:38:02.543,0.6035,0.6038,1.60,8.20
2008.12.16 06:38:03.182,0.60355,0.6038,1.00,2.40
2008.12.16 06:38:03.422,0.60355,0.60385,1.00,5.80
2008.12.16 06:38:04.751,0.60345,0.6038,1.60,5.80
2008.12.16 06:38:05.132,0.60365,0.60385,1.00,5.80
2008.12.16 06:38:06.051,0.6036,0.6038,1.00,2.40
2008.12.16 06:38:06.401,0.60355,0.6038,1.60,8.20
2008.12.16 06:38:06.691,0.60365,0.60385,1.00,8.20
2008.12.16 06:38:06.921,0.60365,0.60375,1.00,5.80
2008.12.16 06:38:07.201,0.6034,0.60375,1.60,8.20
2008.12.16 06:38:08.001,0.6034,0.6036,1.60,2.40
2008.12.16 06:38:18.038,0.6034,0.6038,2.40,6.80
2008.12.16 06:38:18.268,0.6034,0.6038,2.40,5.80
2008.12.16 06:38:18.498,0.6034,0.6038,2.80,5.80
2008.12.16 06:38:20.098,0.6034,0.6038,8.20,5.80
2008.12.16 06:38:21.327,0.60345,0.60385,1.00,5.80
2008.12.16 06:38:23.927,0.60345,0.6039,1.00,5.80
2008.12.16 06:38:26.976,0.6035,0.6039,1.00,5.80
2008.12.16 06:38:27.606,0.6035,0.6039,1.00,8.20
2008.12.16 06:38:28.166,0.6035,0.6039,1.00,2.40
2008.12.16 06:38:28.276,0.60355,0.60395,1.00,8.20
2008.12.16 06:38:28.606,0.60355,0.60395,1.00,2.40
2008.12.16 06:38:30.125,0.60355,0.604,1.00,2.40
2008.12.16 06:38:30.875,0.60355,0.6039,1.00,2.40
2008.12.16 06:38:31.515,0.60355,0.60395,1.00,2.40
2008.12.16 06:38:33.655,0.60355,0.6039,1.00,8.20
2008.12.16 06:38:35.864,0.60355,0.6038,1.00,2.40
2008.12.16 06:38:36.744,0.60355,0.60385,1.00,2.40
2008.12.16 06:38:40.773,0.6036,0.60385,1.00,2.40
2008.12.16 06:38:42.552,0.60355,0.60385,2.40,2.40
2008.12.16 06:38:42.852,0.60355,0.60385,1.00,2.40
2008.12.16 06:38:43.152,0.60355,0.60385,1.20,2.40
2008.12.16 06:38:43.372,0.6036,0.60395,1.00,8.20
2008.12.16 06:38:45.382,0.60355,0.60395,1.00,8.20
2008.12.16 06:38:46.401,0.6036,0.60395,1.00,8.20
2008.12.16 06:38:46.801,0.60365,0.60395,1.00,8.20
2008.12.16 06:38:47.371,0.60365,0.6039,1.00,2.40
2008.12.16 06:38:49.871,0.6036,0.60385,1.00,2.40
2008.12.16 06:38:54.200,0.6036,0.60385,2.40,2.40
2008.12.16 06:38:54.560,0.60365,0.6039,1.00,2.40
2008.12.16 06:39:01.378,0.60365,0.6039,2.40,2.40
2008.12.16 06:39:01.728,0.6037,0.6039,1.00,2.40
2008.12.16 06:39:49.886,0.60375,0.604,1.00,9.80
2008.12.16 06:39:50.056,0.60375,0.604,1.00,2.40
2008.12.16 06:39:57.024,0.60375,0.6041,1.00,5.80
2008.12.16 06:40:05.902,0.60375,0.60405,1.00,2.40
2008.12.16 06:40:19.859,0.60365,0.60405,1.00,8.20
2008.12.16 06:40:20.549,0.6036,0.604,1.20,5.80
2008.12.16 06:40:23.438,0.6037,0.604,1.00,5.80
2008.12.16 06:40:27.177,0.6036,0.604,1.20,5.80
2008.12.16 06:40:33.356,0.60365,0.60405,1.00,5.80
2008.12.16 06:40:33.596,0.60365,0.60405,1.00,6.80
2008.12.16 06:40:33.656,0.6036,0.604,1.20,5.80
2008.12.16 06:40:35.316,0.6036,0.604,1.20,7.40
2008.12.16 06:40:36.225,0.60355,0.6039,1.20,2.40
2008.12.16 06:40:36.805,0.60335,0.6038,1.00,5.80
2008.12.16 06:40:37.165,0.60335,0.6038,1.00,9.20
2008.12.16 06:40:37.744,0.6034,0.6038,1.00,5.80
2008.12.16 06:40:40.894,0.6034,0.6038,1.00,8.20
2008.12.16 06:40:41.304,0.6034,0.60375,1.00,5.80
2008.12.16 06:40:42.863,0.60325,0.6037,7.40,5.80
2008.12.16 06:40:43.083,0.60325,0.60365,1.00,2.40
2008.12.16 06:40:43.253,0.6032,0.60365,1.00,8.20
2008.12.16 06:40:44.103,0.6032,0.6036,1.00,8.20
2008.12.16 06:40:44.923,0.60315,0.60355,1.00,5.80
2008.12.16 06:40:46.463,0.6032,0.60355,1.00,5.80
2008.12.16 06:40:47.082,0.6032,0.60355,1.00,8.20
2008.12.16 06:40:48.472,0.6032,0.60355,1.20,2.40
2008.12.16 06:40:48.692,0.60325,0.60355,1.00,1.60
2008.12.16 06:40:48.922,0.60325,0.6036,1.20,1.60
2008.12.16 06:40:49.332,0.60335,0.6035,1.00,2.40
2008.12.16 06:40:49.672,0.60335,0.6035,1.00,4.00
2008.12.16 06:40:50.781,0.60335,0.60345,1.00,1.60
2008.12.16 06:40:51.012,0.60315,0.6034,1.20,2.40
2008.12.16 06:40:51.301,0.60315,0.60345,1.20,4.00
2008.12.16 06:40:51.411,0.60315,0.60345,1.00,4.00
2008.12.16 06:40:52.551,0.60315,0.6034,1.00,1.60
2008.12.16 06:40:55.860,0.60305,0.60335,2.80,2.40
2008.12.16 06:40:56.900,0.60305,0.6034,2.80,1.60
2008.12.16 06:40:57.250,0.6032,0.6034,1.00,4.00
2008.12.16 06:41:00.349,0.6031,0.60325,1.00,2.40
2008.12.16 06:41:01.099,0.60315,0.6033,1.00,1.60
2008.12.16 06:41:01.449,0.60315,0.6034,1.00,4.00
2008.12.16 06:41:05.378,0.6032,0.60345,1.00,1.60
2008.12.16 06:41:05.558,0.60315,0.60345,1.20,4.00
2008.12.16 06:41:05.938,0.60315,0.60345,1.00,4.00
2008.12.16 06:41:06.867,0.6032,0.60345,1.00,4.00
2008.12.16 06:41:07.207,0.6032,0.6035,1.00,1.60
2008.12.16 06:41:07.487,0.6032,0.60345,1.00,2.40
2008.12.16 06:41:09.057,0.60325,0.6035,1.00,7.40
2008.12.16 06:41:09.278,0.60325,0.6035,1.00,1.60
2008.12.16 06:41:09.397,0.6032,0.60345,1.00,2.40
2008.12.16 06:41:10.397,0.60315,0.60345,1.00,2.40
2008.12.16 06:41:15.345,0.6032,0.6035,1.20,1.60
2008.12.16 06:41:15.625,0.60315,0.60345,1.20,2.40
2008.12.16 06:41:17.445,0.6032,0.6036,1.20,1.60
2008.12.16 06:41:17.805,0.60315,0.60345,1.20,2.40
2008.12.16 06:41:19.515,0.6032,0.6035,1.20,1.60
2008.12.16 06:41:19.864,0.6031,0.6033,1.00,2.40
2008.12.16 06:41:20.204,0.60315,0.60345,1.20,3.40
2008.12.16 06:41:20.604,0.6032,0.60345,1.00,2.40
2008.12.16 06:41:21.414,0.60325,0.6035,1.00,1.60
2008.12.16 06:41:21.754,0.6032,0.60345,1.20,2.40
2008.12.16 06:41:22.104,0.60315,0.60345,1.20,2.40
2008.12.16 06:41:23.304,0.60315,0.6035,1.20,4.00
2008.12.16 06:41:23.703,0.60315,0.60345,1.20,2.40
2008.12.16 06:41:25.543,0.60325,0.6035,1.00,1.60
2008.12.16 06:41:25.843,0.60315,0.60345,1.20,2.40
2008.12.16 06:41:27.513,0.60315,0.6035,1.20,4.00
2008.12.16 06:41:28.023,0.60315,0.60345,1.20,2.40
2008.12.16 06:41:28.972,0.60315,0.6035,1.20,4.00
2008.12.16 06:41:29.372,0.6032,0.6035,1.20,1.60
2008.12.16 06:41:29.592,0.6032,0.60355,1.20,2.40
2008.12.16 06:41:30.472,0.6032,0.6036,1.20,9.80
2008.12.16 06:41:30.832,0.6032,0.60355,2.80,2.40
2008.12.16 06:41:31.392,0.6032,0.60355,1.20,2.40
2008.12.16 06:41:31.792,0.60325,0.6036,1.00,1.60
2008.12.16 06:41:31.972,0.60325,0.60355,1.00,2.40
2008.12.16 06:41:32.321,0.6032,0.60355,2.80,2.40
2008.12.16 06:41:33.531,0.6032,0.60355,1.20,2.40
2008.12.16 06:41:33.591,0.6032,0.6036,1.20,10.80
2008.12.16 06:41:33.711,0.60325,0.6036,1.00,8.40
2008.12.16 06:41:33.941,0.6032,0.6036,2.80,9.80
2008.12.16 06:41:34.581,0.60325,0.6036,2.40,9.80
2008.12.16 06:41:34.931,0.6032,0.6036,2.80,10.80
2008.12.16 06:41:35.331,0.60325,0.6036,2.40,9.80
2008.12.16 06:41:35.511,0.60325,0.60355,1.00,2.40
2008.12.16 06:41:35.801,0.6033,0.6036,1.00,7.40
2008.12.16 06:41:36.031,0.60325,0.60355,1.00,2.40
2008.12.16 06:41:37.720,0.6033,0.6036,1.00,7.40
2008.12.16 06:41:38.010,0.60325,0.60355,1.00,2.40
2008.12.16 06:41:39.579,0.6033,0.6036,1.00,8.40
2008.12.16 06:41:39.870,0.6033,0.6036,1.00,7.40
2008.12.16 06:41:39.980,0.60325,0.60355,1.00,2.40
2008.12.16 06:41:40.270,0.60325,0.60355,2.40,2.40
2008.12.16 06:41:41.579,0.60325,0.6036,2.40,10.80
2008.12.16 06:41:41.689,0.60325,0.6036,1.00,10.80
2008.12.16 06:41:41.809,0.60325,0.6036,2.40,9.80
2008.12.16 06:41:41.979,0.60325,0.60355,2.40,2.40
2008.12.16 06:41:43.548,0.60325,0.60355,1.00,2.40
2008.12.16 06:41:43.719,0.6033,0.6036,1.00,2.60
2008.12.16 06:41:43.779,0.6033,0.6036,1.00,1.60
2008.12.16 06:41:44.178,0.60325,0.60355,2.80,2.40
2008.12.16 06:41:44.288,0.60325,0.60355,2.40,2.40
2008.12.16 06:41:46.028,0.60325,0.60355,2.40,4.00
2008.12.16 06:41:47.938,0.60325,0.60355,1.00,4.00
2008.12.16 06:41:48.167,0.60325,0.60355,2.80,2.40
2008.12.16 06:41:48.408,0.60325,0.60355,2.40,2.40
2008.12.16 06:41:48.628,0.60325,0.60355,2.40,4.00
2008.12.16 06:41:48.747,0.60325,0.60355,2.40,1.60
2008.12.16 06:41:48.867,0.60325,0.60355,2.80,1.60
2008.12.16 06:41:49.837,0.60325,0.6036,1.20,2.40
2008.12.16 06:41:50.177,0.6033,0.6037,1.00,7.40
2008.12.16 06:41:50.467,0.60325,0.6036,2.80,2.40
2008.12.16 06:41:51.907,0.60325,0.6036,1.20,2.40
2008.12.16 06:41:52.297,0.6033,0.60365,1.00,8.40
2008.12.16 06:41:52.696,0.60325,0.6036,2.40,8.20
2008.12.16 06:41:54.016,0.6033,0.6036,1.00,5.80
2008.12.16 06:41:54.296,0.6033,0.60365,1.00,8.40
2008.12.16 06:41:54.646,0.60325,0.6036,2.80,2.40
2008.12.16 06:41:54.876,0.60325,0.6036,2.40,8.20
2008.12.16 06:41:55.056,0.6033,0.6036,1.60,5.80
2008.12.16 06:41:56.086,0.6033,0.60365,2.40,7.40
2008.12.16 06:41:56.376,0.6033,0.60365,1.60,9.80
2008.12.16 06:41:59.505,0.60335,0.60365,1.00,9.80
2008.12.16 06:42:00.565,0.60335,0.60365,1.00,4.00
2008.12.16 06:42:00.725,0.6033,0.6036,2.80,2.40
2008.12.16 06:42:02.394,0.6033,0.6036,1.20,2.40
2008.12.16 06:42:02.674,0.6033,0.6036,2.80,2.40
2008.12.16 06:42:04.344,0.6033,0.6036,1.20,2.40
2008.12.16 06:42:04.454,0.60335,0.60365,1.00,1.60
2008.12.16 06:42:04.574,0.6033,0.6036,2.80,2.40
2008.12.16 06:42:06.303,0.6033,0.6036,1.20,2.40
2008.12.16 06:42:06.703,0.6033,0.6036,2.80,2.40
2008.12.16 06:42:07.183,0.6033,0.6036,2.40,2.40
2008.12.16 06:42:08.303,0.60335,0.60365,1.00,1.60
2008.12.16 06:42:08.653,0.6033,0.6036,2.40,2.40
2008.12.16 06:42:09.502,0.6034,0.6036,1.60,2.40
2008.12.16 06:42:09.722,0.6034,0.60365,2.40,1.60
2008.12.16 06:42:10.612,0.6034,0.6037,2.40,2.40
2008.12.16 06:42:11.012,0.6034,0.60365,1.00,2.40
2008.12.16 06:42:11.952,0.60345,0.60375,1.00,1.20
2008.12.16 06:42:14.191,0.60355,0.6037,1.00,2.40
2008.12.16 06:42:16.331,0.6034,0.60365,2.40,2.40
2008.12.16 06:42:19.430,0.60345,0.60365,1.00,2.40
2008.12.16 06:42:19.720,0.6035,0.6037,1.00,2.40
2008.12.16 06:42:25.379,0.60345,0.60365,1.00,2.40
2008.12.16 06:42:33.187,0.60345,0.60365,2.40,2.40
2008.12.16 06:42:33.307,0.6035,0.60365,1.00,2.40
2008.12.16 06:42:37.556,0.60355,0.6039,1.00,5.80
2008.12.16 06:42:39.575,0.6037,0.6039,1.00,5.80
2008.12.16 06:42:39.695,0.6037,0.604,1.00,5.80
2008.12.16 06:42:43.155,0.60365,0.604,1.00,5.80
2008.12.16 06:42:49.303,0.60375,0.604,1.00,5.80
2008.12.16 06:42:55.472,0.60365,0.604,1.00,5.80
2008.12.16 06:42:58.131,0.60375,0.604,1.00,5.80
2008.12.16 06:42:59.890,0.60375,0.60405,1.00,8.20
2008.12.16 06:43:07.988,0.60365,0.60405,1.20,8.20
2008.12.16 06:43:08.108,0.60365,0.604,1.00,5.80
2008.12.16 06:43:10.428,0.60365,0.60405,1.00,8.20
2008.12.16 06:43:24.204,0.6037,0.60405,1.00,5.80
2008.12.16 06:43:41.310,0.6037,0.6041,1.00,2.40
2008.12.16 06:43:41.610,0.6037,0.60405,1.00,5.80
2008.12.16 06:43:42.020,0.6037,0.6041,1.00,8.20
2008.12.16 06:44:02.965,0.6038,0.6041,1.00,5.80
2008.12.16 06:44:10.513,0.6037,0.6041,1.20,8.20
2008.12.16 06:44:12.983,0.6039,0.6041,1.60,8.20
2008.12.16 06:44:13.163,0.6039,0.6041,1.60,5.80
2008.12.16 06:44:13.702,0.60385,0.60415,1.60,9.80
2008.12.16 06:44:14.422,0.60385,0.60415,2.40,7.40
2008.12.16 06:44:14.662,0.60385,0.60415,2.40,1.60
2008.12.16 06:44:17.271,0.6038,0.60415,1.00,1.60
2008.12.16 06:44:17.501,0.6037,0.60415,1.20,8.40
2008.12.16 06:44:18.351,0.6037,0.60415,1.20,7.40
2008.12.16 06:44:20.111,0.6037,0.6041,1.20,5.80
2008.12.16 06:44:20.351,0.6037,0.60405,1.00,2.40
2008.12.16 06:44:21.521,0.6037,0.6041,1.00,8.20
2008.12.16 06:44:25.739,0.60365,0.604,1.20,2.40
2008.12.16 06:44:26.070,0.6037,0.604,1.00,2.40
2008.12.16 06:44:31.348,0.6038,0.604,1.60,2.40
2008.12.16 06:44:31.618,0.6038,0.60405,2.40,8.20
2008.12.16 06:44:31.958,0.6038,0.60405,1.00,8.20
2008.12.16 06:44:32.188,0.6038,0.6041,1.00,8.20
2008.12.16 06:44:33.927,0.6038,0.6041,2.40,8.20
2008.12.16 06:44:34.267,0.6038,0.60405,2.40,2.40
2008.12.16 06:44:40.746,0.6038,0.60405,1.00,2.40
2008.12.16 06:44:40.966,0.6037,0.604,1.00,2.40
2008.12.16 06:44:47.015,0.6037,0.60405,1.00,2.40
2008.12.16 06:44:47.354,0.60375,0.6041,1.00,2.40
2008.12.16 06:44:47.634,0.60375,0.6041,1.00,8.20
2008.12.16 06:45:01.531,0.6037,0.60405,1.00,2.40
2008.12.16 06:45:03.660,0.6037,0.604,1.00,2.40
2008.12.16 06:45:04.290,0.6037,0.60405,1.00,2.40
2008.12.16 06:45:05.500,0.60365,0.60395,1.20,2.40
2008.12.16 06:45:05.780,0.60365,0.60395,1.00,2.40
2008.12.16 06:45:06.050,0.6037,0.60405,1.00,8.20
2008.12.16 06:45:07.449,0.60365,0.60405,1.00,8.20
2008.12.16 06:45:10.409,0.6037,0.60405,1.00,8.20
2008.12.16 06:45:25.845,0.6037,0.60405,2.40,8.20
2008.12.16 06:45:26.295,0.6037,0.604,2.40,2.40
2008.12.16 06:45:43.681,0.6037,0.604,1.00,2.40
2008.12.16 06:45:43.861,0.6037,0.6039,1.00,2.40
2008.12.16 06:45:46.400,0.6037,0.604,2.40,8.20
2008.12.16 06:45:48.460,0.6037,0.604,2.40,2.40
2008.12.16 06:45:57.877,0.6037,0.60405,1.00,2.40
2008.12.16 06:45:58.747,0.6037,0.60405,1.00,8.20
2008.12.16 06:46:02.136,0.60375,0.60405,1.60,8.20
2008.12.16 06:46:02.356,0.6038,0.60405,1.00,8.20
2008.12.16 06:46:06.506,0.6038,0.604,1.00,2.40
2008.12.16 06:46:11.064,0.6038,0.60405,1.00,8.20
2008.12.16 06:46:13.364,0.60385,0.6041,1.00,8.20
2008.12.16 06:46:32.179,0.6038,0.60405,1.00,2.40
2008.12.16 06:46:32.769,0.6037,0.60405,2.40,8.20
2008.12.16 06:46:33.599,0.60385,0.60405,1.00,5.80
2008.12.16 06:46:33.829,0.60385,0.6041,1.00,5.80
2008.12.16 06:46:34.179,0.60375,0.6041,2.40,5.80
2008.12.16 06:46:36.708,0.60385,0.6041,1.00,5.80
2008.12.16 06:46:37.218,0.60385,0.60415,1.00,5.80
2008.12.16 06:46:41.147,0.6038,0.60405,1.00,6.80
2008.12.16 06:46:41.497,0.6038,0.60405,1.00,5.80
2008.12.16 06:46:47.305,0.6036,0.60405,2.00,5.80
2008.12.16 06:46:47.525,0.6036,0.60405,1.00,5.80
2008.12.16 06:46:54.834,0.6035,0.6041,5.80,5.80
2008.12.16 06:47:00.022,0.6036,0.60405,1.00,5.80
2008.12.16 06:47:00.842,0.6036,0.604,1.00,2.40
2008.12.16 06:47:01.242,0.6035,0.60385,1.00,8.20
2008.12.16 06:47:01.712,0.60345,0.6038,1.00,5.80
2008.12.16 06:47:07.751,0.60345,0.60385,1.00,8.20
2008.12.16 06:47:10.040,0.60345,0.60385,1.00,5.80
2008.12.16 06:47:12.199,0.60345,0.60385,1.00,8.20
2008.12.16 06:47:20.027,0.6034,0.6038,1.20,2.40
2008.12.16 06:47:20.247,0.6034,0.6038,1.00,8.20
2008.12.16 06:47:20.937,0.60335,0.6038,1.00,5.80
2008.12.16 06:47:21.487,0.6034,0.6038,1.00,5.80
2008.12.16 06:47:22.177,0.6034,0.6038,1.20,8.20
2008.12.16 06:47:23.787,0.6034,0.60375,1.20,2.40
2008.12.16 06:47:24.656,0.6034,0.6038,1.20,8.20
2008.12.16 06:47:27.056,0.6034,0.6038,1.00,5.80
2008.12.16 06:47:27.406,0.6033,0.60375,1.00,5.80
2008.12.16 06:47:27.756,0.60335,0.6038,1.00,5.80
2008.12.16 06:47:34.054,0.6034,0.6038,1.00,8.20
2008.12.16 06:47:35.814,0.6034,0.6038,1.20,8.20
2008.12.16 06:47:36.844,0.6034,0.60375,1.20,2.40
2008.12.16 06:47:37.594,0.6034,0.60375,1.00,2.40
2008.12.16 06:47:38.463,0.60335,0.6038,1.00,5.80
2008.12.16 06:47:41.602,0.6033,0.6037,2.60,5.80
2008.12.16 06:47:41.762,0.6033,0.6037,1.00,5.80
2008.12.16 06:47:42.092,0.6032,0.60365,1.00,5.80
2008.12.16 06:47:42.512,0.60315,0.60355,1.20,2.40
2008.12.16 06:47:42.862,0.6031,0.6035,1.20,2.40
2008.12.16 06:47:43.212,0.60305,0.60345,1.00,8.20
2008.12.16 06:47:45.002,0.6031,0.60345,1.00,8.20
2008.12.16 06:47:45.292,0.60315,0.60345,1.00,5.80
2008.12.16 06:47:45.911,0.60325,0.6035,1.00,5.80
2008.12.16 06:47:46.251,0.60325,0.60355,1.00,8.20
2008.12.16 06:47:47.241,0.60325,0.6036,1.00,9.80
2008.12.16 06:47:47.811,0.6033,0.6036,1.00,8.20
2008.12.16 06:47:48.251,0.6034,0.60365,1.00,8.20
2008.12.16 06:47:49.062,0.6034,0.60365,1.00,2.40
2008.12.16 06:47:49.730,0.6034,0.6037,1.00,5.80
2008.12.16 06:47:50.370,0.60335,0.6037,1.00,8.20
2008.12.16 06:47:52.210,0.60335,0.60365,1.00,8.20
2008.12.16 06:47:52.670,0.6033,0.6036,1.00,2.40
2008.12.16 06:47:54.249,0.6033,0.6036,1.00,9.80
2008.12.16 06:47:54.489,0.6033,0.6035,1.00,2.40
2008.12.16 06:47:55.099,0.60315,0.6035,1.00,8.20
2008.12.16 06:47:55.279,0.60315,0.6034,1.00,2.40
2008.12.16 06:47:56.139,0.60315,0.6034,1.00,1.60
2008.12.16 06:47:56.469,0.60315,0.60335,1.00,2.40
2008.12.16 06:47:58.219,0.60315,0.6034,1.00,1.60
2008.12.16 06:47:58.518,0.60315,0.60335,1.00,2.40
2008.12.16 06:47:59.318,0.6032,0.60335,1.00,2.40
2008.12.16 06:48:00.178,0.6032,0.60345,1.00,9.80
2008.12.16 06:48:00.348,0.6032,0.60335,1.00,2.40
2008.12.16 06:48:02.607,0.6032,0.6034,1.00,2.40
2008.12.16 06:48:06.466,0.60325,0.60345,1.00,1.60
2008.12.16 06:48:06.626,0.6032,0.6034,1.00,2.40
2008.12.16 06:48:08.256,0.6032,0.60345,1.00,1.60
2008.12.16 06:48:08.426,0.6032,0.6035,1.00,8.20
2008.12.16 06:48:11.075,0.60325,0.6035,1.00,1.60
2008.12.16 06:48:11.535,0.6032,0.6034,1.00,2.40
2008.12.16 06:48:12.995,0.6032,0.60345,1.00,1.60
2008.12.16 06:48:13.225,0.60315,0.6033,1.00,2.40
2008.12.16 06:48:14.425,0.60315,0.60335,1.00,2.40
2008.12.16 06:48:14.835,0.6032,0.6034,1.00,4.00
2008.12.16 06:48:15.184,0.6032,0.60345,1.00,1.60
2008.12.16 06:48:15.524,0.6032,0.6034,1.00,2.40
2008.12.16 06:48:16.524,0.6032,0.60345,1.00,1.60
2008.12.16 06:48:16.694,0.6032,0.6035,1.00,8.20
2008.12.16 06:48:18.573,0.6032,0.6035,1.00,9.80
2008.12.16 06:48:18.853,0.6032,0.6034,1.00,2.40
2008.12.16 06:48:22.462,0.60315,0.60335,1.00,2.40
2008.12.16 06:48:23.022,0.6031,0.6033,1.00,2.40
2008.12.16 06:48:26.552,0.60325,0.6034,1.00,2.40
2008.12.16 06:48:26.891,0.60325,0.6035,1.00,4.00
2008.12.16 06:48:27.001,0.60325,0.6034,1.00,2.40
2008.12.16 06:48:28.561,0.60325,0.60345,1.00,2.40
2008.12.16 06:48:28.951,0.60325,0.6035,1.00,4.00
2008.12.16 06:48:29.191,0.60325,0.60345,1.00,2.40
2008.12.16 06:48:29.431,0.60325,0.6034,1.00,2.40
2008.12.16 06:48:30.361,0.6032,0.6034,1.00,2.40
2008.12.16 06:48:30.771,0.60315,0.6033,1.00,2.40
2008.12.16 06:48:31.010,0.6032,0.6034,1.00,2.40
2008.12.16 06:48:31.620,0.6032,0.6035,1.00,4.00
2008.12.16 06:48:31.950,0.6032,0.6035,1.00,2.40
2008.12.16 06:48:32.130,0.60325,0.6036,2.40,8.20
2008.12.16 06:48:32.470,0.6032,0.6034,1.20,2.40
2008.12.16 06:48:32.930,0.60325,0.6035,1.60,1.60
2008.12.16 06:48:33.330,0.6033,0.60365,1.00,5.80
2008.12.16 06:48:33.680,0.6033,0.6037,1.20,10.80
2008.12.16 06:48:33.970,0.6033,0.6037,1.20,9.80
2008.12.16 06:48:34.619,0.60335,0.6037,1.00,8.20
2008.12.16 06:48:34.919,0.6033,0.60355,1.00,2.40
2008.12.16 06:48:37.099,0.60325,0.60355,4.40,2.40
2008.12.16 06:48:37.219,0.6033,0.60355,1.00,2.40
2008.12.16 06:48:38.508,0.6033,0.60355,2.40,2.40
2008.12.16 06:48:39.598,0.6033,0.60355,1.00,2.40
2008.12.16 06:48:40.878,0.6033,0.60355,2.40,2.40
2008.12.16 06:48:41.658,0.60335,0.6036,1.00,2.40
2008.12.16 06:48:42.587,0.60335,0.6036,2.40,2.40
2008.12.16 06:48:43.447,0.60335,0.60355,1.60,2.40
2008.12.16 06:48:43.777,0.6033,0.60355,1.00,2.40
2008.12.16 06:49:05.302,0.60325,0.60355,2.80,2.40
2008.12.16 06:49:05.462,0.60325,0.60355,2.40,2.40
2008.12.16 06:49:09.911,0.6033,0.60355,1.00,2.40
2008.12.16 06:49:13.320,0.6033,0.6035,1.00,2.40
2008.12.16 06:49:15.300,0.6033,0.60345,1.00,2.40
2008.12.16 06:49:15.710,0.60325,0.60345,1.00,2.40
2008.12.16 06:49:17.359,0.60325,0.60345,2.40,2.40
2008.12.16 06:49:17.649,0.60325,0.60345,1.00,2.40
2008.12.16 06:49:21.638,0.6032,0.60345,1.00,2.40
2008.12.16 06:49:29.506,0.60325,0.60345,1.60,2.40
2008.12.16 06:49:29.727,0.6032,0.60345,1.00,2.40
2008.12.16 06:49:31.526,0.60325,0.60345,1.60,2.40
2008.12.16 06:49:31.996,0.6032,0.60345,1.00,2.40
2008.12.16 06:49:34.825,0.60315,0.60345,2.40,2.40
2008.12.16 06:49:35.265,0.6031,0.6033,2.00,2.40
2008.12.16 06:49:35.485,0.60305,0.6033,2.40,2.40
2008.12.16 06:49:36.625,0.603,0.60325,1.00,5.80
2008.12.16 06:49:36.924,0.6029,0.60325,2.40,5.80
2008.12.16 06:49:36.975,0.6029,0.60325,1.00,5.80
2008.12.16 06:49:38.204,0.60295,0.60325,1.00,5.80
2008.12.16 06:49:40.883,0.6029,0.60325,1.00,5.80
2008.12.16 06:49:41.184,0.60295,0.60325,1.00,5.80
2008.12.16 06:49:41.764,0.60295,0.6033,1.00,5.80
2008.12.16 06:49:45.272,0.6029,0.6033,1.20,5.80
2008.12.16 06:49:55.220,0.60295,0.6033,1.00,5.80
2008.12.16 06:49:55.540,0.60295,0.60335,1.20,5.80
2008.12.16 06:49:56.530,0.603,0.6034,1.00,8.20
2008.12.16 06:50:00.929,0.60295,0.6034,1.20,8.20
2008.12.16 06:50:02.369,0.60295,0.6034,1.20,5.80
2008.12.16 06:50:06.348,0.60305,0.6034,1.00,5.80
2008.12.16 06:50:06.647,0.60305,0.6034,1.00,7.40
2008.12.16 06:50:07.587,0.60315,0.6034,1.60,7.40
2008.12.16 06:50:08.467,0.60305,0.6034,1.00,7.40
2008.12.16 06:50:08.647,0.60305,0.6034,1.00,9.80
2008.12.16 06:50:08.877,0.603,0.60325,1.00,2.40
2008.12.16 06:50:09.227,0.603,0.60325,1.00,1.60
2008.12.16 06:50:10.487,0.603,0.60325,1.00,2.40
2008.12.16 06:50:10.667,0.60305,0.60325,1.00,2.40
2008.12.16 06:50:11.996,0.6031,0.6033,1.00,2.40
2008.12.16 06:50:23.713,0.6031,0.60335,1.00,1.60
2008.12.16 06:50:23.943,0.6031,0.6034,1.00,2.40
2008.12.16 06:50:24.563,0.6031,0.6034,1.00,4.00
2008.12.16 06:50:25.233,0.6031,0.6033,1.00,2.40
2008.12.16 06:50:34.970,0.603,0.6032,1.00,2.40
2008.12.16 06:50:35.201,0.60295,0.6032,1.00,8.20
2008.12.16 06:50:35.430,0.603,0.60325,1.00,5.80
2008.12.16 06:50:36.180,0.60295,0.60325,1.00,5.80
2008.12.16 06:50:36.990,0.60295,0.6033,1.00,9.80
2008.12.16 06:50:37.340,0.603,0.6033,1.00,9.80
2008.12.16 06:50:38.150,0.603,0.6033,2.40,9.80
2008.12.16 06:50:38.669,0.6029,0.6033,1.00,7.40
2008.12.16 06:50:39.010,0.6029,0.6033,2.00,7.40
2008.12.16 06:50:39.759,0.60295,0.6032,1.00,2.40
2008.12.16 06:50:40.489,0.60285,0.60315,1.60,2.40
2008.12.16 06:50:40.959,0.60275,0.60315,1.00,2.40
2008.12.16 06:50:41.659,0.60275,0.60315,1.00,8.20
2008.12.16 06:50:42.539,0.60275,0.60315,1.00,5.80
2008.12.16 06:50:42.709,0.6027,0.6031,1.00,5.80
2008.12.16 06:50:43.478,0.6027,0.6031,1.00,8.20
2008.12.16 06:50:44.058,0.6026,0.60305,1.00,8.20
2008.12.16 06:50:44.748,0.6026,0.60305,1.00,9.20
2008.12.16 06:50:44.968,0.6026,0.60305,1.00,8.20
2008.12.16 06:50:45.238,0.6026,0.60305,1.20,5.80
2008.12.16 06:50:53.196,0.60255,0.603,1.20,5.80
2008.12.16 06:50:53.516,0.60255,0.60295,1.20,5.80
2008.12.16 06:50:53.906,0.60265,0.60295,1.00,5.80
2008.12.16 06:50:54.556,0.6027,0.60295,1.00,5.80
2008.12.16 06:50:54.776,0.6027,0.603,1.00,5.80
2008.12.16 06:50:55.286,0.6027,0.60305,1.00,5.80
2008.12.16 06:50:57.075,0.60275,0.60305,1.00,5.80
2008.12.16 06:50:58.755,0.6027,0.60305,1.00,5.80
2008.12.16 06:51:02.274,0.60265,0.60305,1.20,8.20
2008.12.16 06:51:02.514,0.60265,0.60305,1.00,8.20
2008.12.16 06:51:05.773,0.60265,0.603,1.00,5.80
2008.12.16 06:51:08.272,0.6026,0.60295,1.00,5.80
2008.12.16 06:51:09.022,0.60265,0.60295,1.60,5.80
2008.12.16 06:51:09.082,0.60275,0.603,1.00,8.20
2008.12.16 06:51:09.662,0.6028,0.603,1.00,5.80
2008.12.16 06:51:09.782,0.60285,0.6031,1.00,9.80
2008.12.16 06:51:10.322,0.6028,0.60305,1.00,2.40
2008.12.16 06:51:11.002,0.60285,0.6031,1.00,9.80
2008.12.16 06:51:13.211,0.60275,0.603,1.00,2.40
2008.12.16 06:51:13.321,0.6028,0.60305,1.00,2.40
2008.12.16 06:51:13.612,0.6028,0.603,1.00,5.80
2008.12.16 06:51:13.731,0.6026,0.603,1.00,8.20
2008.12.16 06:51:13.901,0.60255,0.60295,1.00,5.80
2008.12.16 06:51:14.421,0.6026,0.60295,1.00,5.80
2008.12.16 06:51:15.281,0.60255,0.60295,1.00,9.20
2008.12.16 06:51:15.741,0.6025,0.6029,1.00,5.80
2008.12.16 06:51:18.440,0.60265,0.6029,1.00,5.80
2008.12.16 06:51:19.880,0.60265,0.60295,1.00,5.80
2008.12.16 06:51:20.100,0.6027,0.60295,1.00,5.80
2008.12.16 06:51:20.500,0.60265,0.60295,1.00,5.80
2008.12.16 06:51:20.890,0.6025,0.6029,1.00,5.80
2008.12.16 06:51:21.739,0.60245,0.60295,1.00,3.40
2008.12.16 06:51:22.659,0.60245,0.60295,2.40,3.40
2008.12.16 06:51:22.949,0.6027,0.603,1.00,2.40
2008.12.16 06:51:24.479,0.60265,0.603,1.00,2.40
2008.12.16 06:51:24.589,0.60255,0.6028,1.00,2.40
2008.12.16 06:51:25.378,0.60265,0.6028,1.00,2.40
2008.12.16 06:51:25.668,0.60265,0.60285,1.00,2.40
2008.12.16 06:51:28.068,0.60255,0.6028,1.00,2.40
2008.12.16 06:51:28.708,0.60265,0.60285,1.00,2.40
2008.12.16 06:51:31.797,0.60255,0.60275,1.00,2.40
2008.12.16 06:51:32.197,0.6026,0.6028,1.00,2.40
2008.12.16 06:51:33.596,0.60255,0.60275,1.00,2.40
2008.12.16 06:51:34.226,0.6025,0.60275,1.00,2.40
2008.12.16 06:51:34.576,0.6025,0.6027,1.00,2.40
2008.12.16 06:51:34.936,0.60255,0.60275,1.00,2.40
2008.12.16 06:51:39.465,0.6026,0.6028,1.00,2.40
2008.12.16 06:51:39.625,0.60265,0.60285,1.00,2.40
2008.12.16 06:51:42.554,0.6026,0.6028,1.00,2.40
2008.12.16 06:51:45.553,0.60255,0.60275,1.00,2.40
2008.12.16 06:51:46.543,0.6026,0.6028,1.00,2.40
2008.12.16 06:51:47.293,0.60265,0.60285,1.00,2.40
2008.12.16 06:51:48.623,0.60255,0.6028,1.00,2.40
2008.12.16 06:51:52.302,0.60265,0.60285,1.00,2.40
2008.12.16 06:51:54.362,0.6027,0.603,1.00,5.80
2008.12.16 06:51:55.231,0.6027,0.60305,1.00,5.80
2008.12.16 06:51:55.471,0.6028,0.60305,1.00,5.80
2008.12.16 06:51:55.711,0.6028,0.6031,1.00,5.80
2008.12.16 06:51:56.801,0.6028,0.6032,1.20,5.80
2008.12.16 06:51:57.591,0.6028,0.60325,1.20,8.20
2008.12.16 06:52:00.220,0.6028,0.6032,1.00,2.40
2008.12.16 06:52:00.550,0.6028,0.6032,1.20,5.80
2008.12.16 06:52:00.790,0.60285,0.60325,1.00,8.20
2008.12.16 06:52:01.649,0.60285,0.6032,1.00,2.40
2008.12.16 06:52:02.389,0.60285,0.60325,1.00,8.20
2008.12.16 06:52:06.298,0.6028,0.6032,1.20,2.40
2008.12.16 06:52:06.628,0.6028,0.6032,1.00,8.20
2008.12.16 06:52:14.167,0.60275,0.60315,1.20,5.80
2008.12.16 06:52:14.507,0.60275,0.6031,1.00,2.40
2008.12.16 06:52:14.686,0.6027,0.6031,1.20,8.20
2008.12.16 06:52:15.256,0.6027,0.6031,1.20,5.80
2008.12.16 06:52:15.546,0.6027,0.6031,1.20,8.20
2008.12.16 06:52:15.956,0.6027,0.60295,1.20,2.40
2008.12.16 06:52:16.306,0.6027,0.60295,2.80,2.40
2008.12.16 06:52:17.926,0.60275,0.60295,1.60,2.40
2008.12.16 06:52:18.426,0.60275,0.60305,2.40,2.40
2008.12.16 06:52:19.185,0.60275,0.60305,1.00,2.40
2008.12.16 06:52:19.715,0.6027,0.60305,2.80,2.40
2008.12.16 06:52:21.834,0.60275,0.60305,1.60,2.40
2008.12.16 06:52:22.065,0.6028,0.60305,1.00,2.40
2008.12.16 06:52:25.254,0.6028,0.6032,1.00,9.20
2008.12.16 06:52:25.374,0.6028,0.6032,1.00,8.20
2008.12.16 06:52:27.973,0.60285,0.6032,1.00,8.20
2008.12.16 06:52:30.203,0.6029,0.6032,1.60,8.20
2008.12.16 06:52:30.603,0.60295,0.6032,1.00,8.20
2008.12.16 06:52:30.903,0.6029,0.60305,1.00,2.40
2008.12.16 06:52:31.073,0.60295,0.6032,1.00,8.20
2008.12.16 06:52:31.192,0.60295,0.6032,1.00,2.40
2008.12.16 06:52:37.201,0.60285,0.6031,1.00,2.40
2008.12.16 06:52:40.420,0.60285,0.6031,1.00,8.20
2008.12.16 06:52:41.920,0.6028,0.60305,1.00,2.40
2008.12.16 06:52:43.949,0.6028,0.60305,2.40,2.40
2008.12.16 06:52:44.219,0.60285,0.60305,1.00,2.40
2008.12.16 06:52:44.509,0.6028,0.60305,1.00,2.40
2008.12.16 06:52:44.909,0.6028,0.603,1.00,2.40
2008.12.16 06:52:46.669,0.6028,0.60305,1.00,8.20
2008.12.16 06:52:48.998,0.6028,0.60305,1.00,2.40
2008.12.16 06:52:49.758,0.60255,0.60295,9.60,2.40
2008.12.16 06:52:49.878,0.60255,0.60295,2.60,2.40
2008.12.16 06:52:50.108,0.60255,0.6029,1.00,2.40
2008.12.16 06:52:50.338,0.60255,0.60295,1.00,9.20
2008.12.16 06:52:50.578,0.60255,0.60295,1.00,5.80
2008.12.16 06:52:50.928,0.60255,0.603,1.00,9.20
2008.12.16 06:52:51.267,0.60255,0.603,1.00,8.20
2008.12.16 06:52:52.387,0.6027,0.603,1.60,8.20
2008.12.16 06:52:52.507,0.60275,0.603,1.00,8.20
2008.12.16 06:52:57.986,0.6028,0.60305,1.00,8.20
2008.12.16 06:52:59.536,0.6028,0.60315,1.00,5.80
2008.12.16 06:53:00.006,0.60285,0.60315,1.00,5.80
2008.12.16 06:53:00.125,0.60285,0.60325,1.20,5.80
2008.12.16 06:53:03.815,0.60295,0.6033,1.00,5.80
2008.12.16 06:53:04.274,0.6029,0.6032,1.00,2.40
2008.12.16 06:53:05.014,0.603,0.6032,1.60,2.40
2008.12.16 06:53:05.254,0.60305,0.60325,1.00,2.40
2008.12.16 06:53:06.814,0.603,0.6032,1.00,2.40
2008.12.16 06:53:07.784,0.60275,0.60315,1.20,8.20
2008.12.16 06:53:08.064,0.60275,0.6031,1.00,5.80
2008.12.16 06:53:09.113,0.60275,0.60315,1.20,8.20
2008.12.16 06:53:09.693,0.60285,0.60315,1.60,8.20
2008.12.16 06:53:09.923,0.60285,0.6031,1.00,2.40
2008.12.16 06:53:10.043,0.60285,0.60315,1.00,2.40
2008.12.16 06:53:10.214,0.60285,0.60305,1.00,2.40
2008.12.16 06:53:11.383,0.60265,0.603,5.20,2.40
2008.12.16 06:53:11.732,0.60255,0.60295,1.00,5.80
2008.12.16 06:53:12.443,0.6028,0.60295,1.60,5.80
2008.12.16 06:53:12.502,0.6028,0.60295,2.40,5.80
2008.12.16 06:53:12.682,0.6028,0.603,2.40,5.80
2008.12.16 06:53:13.102,0.6028,0.603,1.00,5.80
2008.12.16 06:53:13.492,0.6028,0.603,2.40,5.80
2008.12.16 06:53:13.842,0.6029,0.60305,3.20,2.40
2008.12.16 06:53:14.022,0.60305,0.6031,1.00,5.80
2008.12.16 06:53:14.262,0.60285,0.6031,1.00,8.20
2008.12.16 06:53:14.432,0.6028,0.60305,1.00,8.20
2008.12.16 06:53:14.672,0.60275,0.603,1.00,2.40
2008.12.16 06:53:15.911,0.6027,0.60295,2.40,2.40
2008.12.16 06:53:16.252,0.6027,0.60295,1.00,2.40
2008.12.16 06:53:16.481,0.6026,0.60285,2.80,2.40
2008.12.16 06:53:16.721,0.6026,0.60285,2.40,2.40
2008.12.16 06:53:17.401,0.60265,0.60295,2.40,8.20
2008.12.16 06:53:17.811,0.6027,0.60295,1.00,2.40
2008.12.16 06:53:19.311,0.6027,0.60295,1.00,8.20
2008.12.16 06:53:19.651,0.60255,0.6028,1.00,2.40
2008.12.16 06:53:19.931,0.6026,0.6028,1.60,2.40
2008.12.16 06:53:20.101,0.6026,0.6029,1.00,5.80
2008.12.16 06:53:20.261,0.60265,0.6029,2.40,2.40
2008.12.16 06:53:21.131,0.60265,0.6029,1.00,2.40
2008.12.16 06:53:21.711,0.60265,0.60295,1.00,2.40
2008.12.16 06:53:22.440,0.6026,0.60295,1.00,2.40
2008.12.16 06:53:22.890,0.6027,0.60295,1.00,2.40
2008.12.16 06:53:27.589,0.60265,0.60295,1.00,2.40
2008.12.16 06:53:29.678,0.6027,0.603,1.00,8.20
2008.12.16 06:53:30.598,0.6027,0.603,1.00,2.40
2008.12.16 06:53:31.838,0.60275,0.603,1.00,2.40
2008.12.16 06:53:32.128,0.60275,0.60295,1.00,2.40
2008.12.16 06:53:32.878,0.6027,0.60295,1.00,2.40
2008.12.16 06:53:39.346,0.6027,0.60295,1.60,2.40
2008.12.16 06:53:39.526,0.60275,0.60305,1.00,8.20
2008.12.16 06:53:39.696,0.60265,0.60305,3.20,5.80
2008.12.16 06:53:40.096,0.60265,0.60305,2.40,5.80
2008.12.16 06:53:40.276,0.60265,0.60305,1.00,5.80
2008.12.16 06:53:40.396,0.60275,0.6031,1.00,8.20
2008.12.16 06:53:41.585,0.6028,0.6031,1.00,8.20
2008.12.16 06:53:43.075,0.6028,0.60305,1.00,2.40
2008.12.16 06:53:45.315,0.6028,0.60305,1.00,8.20
2008.12.16 06:53:45.594,0.60285,0.60305,1.00,8.20
2008.12.16 06:53:46.405,0.60275,0.60295,1.00,2.40
2008.12.16 06:53:47.954,0.60285,0.60305,1.00,8.20
2008.12.16 06:53:48.564,0.6028,0.60305,1.00,8.20
2008.12.16 06:53:48.894,0.6029,0.60305,1.00,5.80
2008.12.16 06:53:49.584,0.6029,0.6031,1.00,8.20
2008.12.16 06:53:51.093,0.60285,0.60305,1.00,2.40
2008.12.16 06:53:51.373,0.60275,0.60295,1.00,2.40
2008.12.16 06:53:55.502,0.6027,0.60295,1.00,2.40
2008.12.16 06:53:55.952,0.60265,0.60285,1.00,2.40
2008.12.16 06:53:56.882,0.60255,0.6028,2.00,2.40
2008.12.16 06:53:57.342,0.6025,0.6028,1.00,2.40
2008.12.16 06:53:57.672,0.60245,0.6028,1.00,2.40
2008.12.16 06:53:58.572,0.6024,0.60275,1.00,3.40
2008.12.16 06:53:59.091,0.60235,0.60275,1.00,5.80
2008.12.16 06:54:00.581,0.6024,0.60275,1.60,5.80
2008.12.16 06:54:00.931,0.60245,0.60285,5.20,8.20
2008.12.16 06:54:01.291,0.6024,0.6028,1.00,5.80
2008.12.16 06:54:01.691,0.6024,0.60265,1.00,2.40
2008.12.16 06:54:02.861,0.6024,0.6027,1.00,2.40
2008.12.16 06:54:03.100,0.6024,0.6027,5.80,2.40
2008.12.16 06:54:03.680,0.6024,0.6027,1.00,2.40
2008.12.16 06:54:05.710,0.60245,0.6027,1.60,2.40
2008.12.16 06:54:05.889,0.6024,0.6027,1.00,2.40
2008.12.16 06:54:06.000,0.60235,0.6027,6.80,8.20
2008.12.16 06:54:06.229,0.60235,0.6027,1.60,9.20
2008.12.16 06:54:06.290,0.60225,0.6027,1.00,9.20
2008.12.16 06:54:06.579,0.6023,0.6027,1.00,9.20
2008.12.16 06:54:07.049,0.60235,0.60275,1.00,6.80
2008.12.16 06:54:07.399,0.60235,0.60275,1.00,5.80
2008.12.16 06:54:30.604,0.60245,0.60285,1.00,5.80
2008.12.16 06:54:39.312,0.60245,0.6029,1.00,5.80
2008.12.16 06:54:41.041,0.60245,0.6029,1.00,8.20
2008.12.16 06:54:45.400,0.60245,0.6029,1.00,9.80
2008.12.16 06:54:45.510,0.6024,0.60285,1.00,2.40
2008.12.16 06:54:45.750,0.6024,0.60285,1.00,8.20
2008.12.16 06:54:45.860,0.6024,0.60285,1.00,5.80
2008.12.16 06:54:46.140,0.6023,0.60285,6.20,5.80
2008.12.16 06:54:46.490,0.6023,0.6028,1.00,2.40
2008.12.16 06:54:46.930,0.6023,0.60285,1.00,5.80
2008.12.16 06:54:47.280,0.60245,0.60285,1.00,8.20
2008.12.16 06:54:47.459,0.60245,0.60285,1.00,2.40
2008.12.16 06:54:47.860,0.60245,0.6029,1.00,10.80
2008.12.16 06:54:48.030,0.60245,0.60285,1.00,1.60
2008.12.16 06:54:54.028,0.60245,0.60275,1.00,1.60
2008.12.16 06:54:54.598,0.60245,0.60285,1.00,9.80
2008.12.16 06:54:54.938,0.60245,0.60285,1.00,4.00
2008.12.16 06:54:55.518,0.60245,0.60285,1.00,1.60
2008.12.16 06:54:56.147,0.6023,0.60285,3.60,1.60
2008.12.16 06:54:56.437,0.6023,0.6028,1.20,1.60
2008.12.16 06:54:56.767,0.6023,0.6029,1.20,9.20
2008.12.16 06:54:57.107,0.6024,0.60285,1.00,1.60
2008.12.16 06:54:57.447,0.60235,0.60285,1.00,4.00
2008.12.16 06:54:59.757,0.60235,0.6028,1.00,2.40
2008.12.16 06:54:59.876,0.60235,0.6028,1.00,4.00
2008.12.16 06:55:00.286,0.60235,0.6028,1.00,1.60
2008.12.16 06:55:01.326,0.6024,0.6028,1.00,1.60
2008.12.16 06:55:03.506,0.60235,0.6028,5.80,1.60
2008.12.16 06:55:03.786,0.60235,0.6028,5.20,1.60
2008.12.16 06:55:04.025,0.6023,0.6028,6.60,1.60
2008.12.16 06:55:04.536,0.6023,0.6028,1.20,4.00
2008.12.16 06:55:04.995,0.6023,0.6028,1.00,4.00
2008.12.16 06:55:05.565,0.6023,0.6028,1.00,1.60
2008.12.16 06:55:06.625,0.6022,0.6027,1.00,1.60
2008.12.16 06:55:07.015,0.60215,0.60265,6.60,4.00
2008.12.16 06:55:07.185,0.6022,0.60265,1.00,1.60
2008.12.16 06:55:07.935,0.60215,0.60265,6.60,4.00
2008.12.16 06:55:08.105,0.6022,0.60265,1.00,4.00
2008.12.16 06:55:08.674,0.60225,0.60265,1.00,1.60
2008.12.16 06:55:09.005,0.6022,0.60265,1.00,4.00
2008.12.16 06:55:10.174,0.60215,0.6026,1.00,4.00
2008.12.16 06:55:10.534,0.60215,0.60255,1.00,1.60
2008.12.16 06:55:11.054,0.60215,0.60265,6.20,4.00
2008.12.16 06:55:11.524,0.60215,0.6026,6.20,2.40
2008.12.16 06:55:11.864,0.60215,0.6026,1.00,2.40
2008.12.16 06:55:12.163,0.60215,0.6026,1.00,4.00
2008.12.16 06:55:12.564,0.6022,0.6026,1.00,1.60
2008.12.16 06:55:14.493,0.6023,0.6026,1.00,1.60
2008.12.16 06:55:14.943,0.6023,0.60265,1.00,1.60
2008.12.16 06:55:15.633,0.6023,0.60265,1.00,4.00
2008.12.16 06:55:15.693,0.60225,0.60265,1.00,4.00
2008.12.16 06:55:17.442,0.60225,0.6026,1.00,1.60
2008.12.16 06:55:24.031,0.6023,0.6026,1.00,1.60
2008.12.16 06:55:29.459,0.6023,0.6027,1.00,4.00
2008.12.16 06:55:30.150,0.6023,0.6027,1.00,1.60
2008.12.16 06:55:30.319,0.60235,0.6027,1.00,1.60
2008.12.16 06:55:30.439,0.60225,0.6028,6.20,9.80
2008.12.16 06:55:30.679,0.60225,0.6028,6.20,7.40
2008.12.16 06:55:30.959,0.6023,0.6028,5.20,9.80
2008.12.16 06:55:31.009,0.6023,0.6028,1.00,7.40
2008.12.16 06:55:31.459,0.6023,0.6028,1.00,2.40
2008.12.16 06:55:31.799,0.60225,0.60285,6.60,5.80
2008.12.16 06:55:32.209,0.6023,0.6028,6.20,1.60
2008.12.16 06:55:32.559,0.6023,0.60275,6.20,1.60
2008.12.16 06:55:32.898,0.6023,0.60275,6.20,4.00
2008.12.16 06:55:33.309,0.6023,0.60275,1.00,4.00
2008.12.16 06:55:34.099,0.60235,0.60275,1.00,1.60
2008.12.16 06:55:34.558,0.6023,0.60275,3.00,4.00
2008.12.16 06:55:34.789,0.6023,0.60275,1.00,4.00
2008.12.16 06:55:35.718,0.6023,0.60275,1.00,1.60
2008.12.16 06:55:36.598,0.6023,0.60275,1.00,4.00
2008.12.16 06:55:37.567,0.6024,0.60275,1.00,1.60
2008.12.16 06:55:38.087,0.6023,0.60275,3.60,1.60
2008.12.16 06:55:38.297,0.6023,0.60275,1.20,1.60
2008.12.16 06:55:38.777,0.6024,0.60275,1.00,1.60
2008.12.16 06:55:39.127,0.6024,0.60285,1.00,4.00
2008.12.16 06:55:41.966,0.60235,0.60285,1.00,4.00
2008.12.16 06:55:42.516,0.6024,0.60285,1.00,4.00
2008.12.16 06:55:52.164,0.6024,0.60285,6.20,1.60
2008.12.16 06:55:52.614,0.6024,0.60285,1.00,4.00
2008.12.16 06:55:53.644,0.60245,0.60285,1.00,1.60
2008.12.16 06:55:54.813,0.6024,0.60285,1.00,4.00
2008.12.16 06:55:54.993,0.6024,0.60285,1.60,4.00
2008.12.16 06:55:55.393,0.6024,0.60285,2.40,1.60
2008.12.16 06:55:55.623,0.6024,0.60285,6.20,1.60
2008.12.16 06:55:56.173,0.6024,0.60285,1.60,4.00
2008.12.16 06:55:56.293,0.60245,0.60285,1.60,1.60
2008.12.16 06:55:56.583,0.6025,0.60285,1.60,1.60
2008.12.16 06:55:56.813,0.6025,0.60295,1.60,1.60
2008.12.16 06:55:57.033,0.6025,0.60295,1.60,7.40
2008.12.16 06:55:57.203,0.60245,0.60285,1.60,2.40
2008.12.16 06:55:58.013,0.60245,0.60295,1.60,4.00
2008.12.16 06:55:58.192,0.60245,0.6029,1.60,1.60
2008.12.16 06:55:58.532,0.60245,0.60285,1.60,2.40
2008.12.16 06:55:58.872,0.60245,0.6029,1.60,1.60
2008.12.16 06:55:59.972,0.60245,0.60285,1.60,2.40
2008.12.16 06:56:04.091,0.6023,0.60285,1.60,9.80
2008.12.16 06:56:04.481,0.6024,0.60285,1.60,4.00
2008.12.16 06:56:11.210,0.6024,0.6028,1.60,2.40
2008.12.16 06:56:11.269,0.60235,0.6028,8.60,2.40
2008.12.16 06:56:11.909,0.60235,0.6028,3.20,4.00
2008.12.16 06:56:12.259,0.6023,0.60275,1.60,2.40
2008.12.16 06:56:14.458,0.60235,0.6028,1.00,4.00
2008.12.16 06:56:16.548,0.60235,0.6028,3.20,4.00
2008.12.16 06:56:17.178,0.60235,0.6028,2.40,4.00
2008.12.16 06:56:17.518,0.60235,0.6028,1.00,4.00
2008.12.16 06:56:17.858,0.60235,0.60275,1.00,2.40
2008.12.16 06:56:18.318,0.60235,0.6027,1.00,2.40
2008.12.16 06:56:20.427,0.6023,0.60265,1.00,2.40
2008.12.16 06:56:22.057,0.6023,0.60255,1.00,2.40
2008.12.16 06:56:23.507,0.60235,0.60265,1.00,1.60
2008.12.16 06:56:24.026,0.6023,0.6025,1.00,2.40
2008.12.16 06:56:24.426,0.6023,0.60255,1.00,1.60
2008.12.16 06:56:24.716,0.6023,0.6026,1.00,2.40
2008.12.16 06:56:25.066,0.6024,0.60275,1.00,1.20
2008.12.16 06:56:25.226,0.60235,0.60285,1.00,5.60
2008.12.16 06:56:25.456,0.60235,0.6028,1.00,2.40
2008.12.16 06:56:25.636,0.60235,0.6028,1.00,4.00
2008.12.16 06:56:25.746,0.60235,0.6028,1.00,1.60
2008.12.16 06:56:26.136,0.60235,0.6028,1.00,4.00
2008.12.16 06:56:26.296,0.6024,0.6028,1.00,2.40
2008.12.16 06:56:26.526,0.60245,0.60285,1.00,2.40
2008.12.16 06:56:26.756,0.60245,0.6028,1.00,1.60
2008.12.16 06:56:27.045,0.60245,0.60285,1.00,2.40
2008.12.16 06:56:27.445,0.6024,0.6028,1.00,4.00
2008.12.16 06:56:27.855,0.6024,0.60255,1.00,2.40
2008.12.16 06:56:31.994,0.6023,0.6026,2.40,2.40
2008.12.16 06:56:32.265,0.60235,0.6026,1.00,2.40
2008.12.16 06:56:43.532,0.6024,0.60265,1.00,2.40
2008.12.16 06:56:44.171,0.60235,0.60265,1.00,2.40
2008.12.16 06:56:44.511,0.6023,0.6026,1.00,2.40
2008.12.16 06:56:44.841,0.60235,0.60265,1.00,2.40
2008.12.16 06:56:47.161,0.6024,0.60265,1.00,2.40
2008.12.16 06:56:55.129,0.60235,0.60265,1.00,2.40
2008.12.16 06:56:59.688,0.6024,0.60265,1.00,2.40
2008.12.16 06:57:08.846,0.6024,0.60265,1.00,2.40
2008.12.16 06:57:19.813,0.60235,0.60265,1.00,2.40
2008.12.16 06:57:25.312,0.60235,0.6026,1.00,2.40
2008.12.16 06:57:27.351,0.60235,0.60265,1.00,4.00
2008.12.16 06:57:29.750,0.6023,0.6026,1.00,2.40
2008.12.16 06:57:30.420,0.60235,0.6026,1.00,2.40
2008.12.16 06:57:30.660,0.60235,0.6026,1.00,4.00
2008.12.16 06:57:31.820,0.60235,0.6026,1.00,1.60
2008.12.16 06:57:32.919,0.6023,0.6026,1.00,4.00
2008.12.16 06:57:36.439,0.60225,0.60255,1.00,2.40
2008.12.16 06:57:36.949,0.6022,0.60245,1.00,2.40
2008.12.16 06:57:38.009,0.60225,0.6025,1.00,2.40
2008.12.16 06:57:39.888,0.60225,0.60245,1.00,2.40
2008.12.16 06:57:41.108,0.60215,0.6024,1.00,2.40
2008.12.16 06:57:41.398,0.6022,0.6024,1.00,2.40
2008.12.16 06:57:42.067,0.60225,0.60245,1.00,2.40
2008.12.16 06:57:48.216,0.6022,0.6024,1.00,2.40
2008.12.16 06:57:58.774,0.6022,0.60235,1.00,2.40
2008.12.16 06:58:03.882,0.60215,0.60235,1.00,2.40
2008.12.16 06:58:04.892,0.6022,0.60235,1.00,2.40
2008.12.16 06:58:06.982,0.6022,0.6024,1.00,2.40
2008.12.16 06:58:09.881,0.60215,0.6024,1.00,2.40
2008.12.16 06:58:10.621,0.60215,0.60235,1.00,2.40
2008.12.16 06:58:12.410,0.6021,0.6023,1.00,2.40
2008.12.16 06:58:12.640,0.60215,0.60235,1.00,4.00
2008.12.16 06:58:13.380,0.6021,0.60225,1.00,2.40
2008.12.16 06:58:13.850,0.6021,0.6023,1.00,2.40
2008.12.16 06:58:14.080,0.6021,0.60235,1.00,4.00
2008.12.16 06:58:14.370,0.60215,0.60235,1.00,4.00
2008.12.16 06:58:14.819,0.6021,0.60235,1.00,4.00
2008.12.16 06:58:15.279,0.60205,0.60235,1.00,4.00
2008.12.16 06:58:17.579,0.60205,0.6023,1.00,1.60
2008.12.16 06:58:17.989,0.60205,0.60225,1.00,2.40
2008.12.16 06:58:18.039,0.60205,0.6022,1.00,2.40
2008.12.16 06:58:18.799,0.6021,0.60235,1.00,2.40
2008.12.16 06:58:19.478,0.6021,0.60235,1.00,4.00
2008.12.16 06:58:19.998,0.60205,0.60225,1.00,2.40
2008.12.16 06:58:20.278,0.60205,0.60235,1.00,9.80
2008.12.16 06:58:20.618,0.6021,0.60235,1.00,4.00
2008.12.16 06:58:22.978,0.60205,0.60235,1.00,4.00
2008.12.16 06:58:23.957,0.60205,0.6023,1.00,1.60
2008.12.16 06:58:24.517,0.60205,0.60225,1.00,2.40
2008.12.16 06:58:24.677,0.60205,0.6022,1.00,2.40
2008.12.16 06:58:25.377,0.60205,0.6023,1.00,1.60
2008.12.16 06:58:25.547,0.60205,0.60235,1.00,2.40
2008.12.16 06:58:26.827,0.60205,0.60225,1.00,2.40
2008.12.16 06:58:27.326,0.60205,0.6022,1.00,2.40
2008.12.16 06:58:27.836,0.60205,0.6023,1.00,1.60
2008.12.16 06:58:28.236,0.60205,0.60235,1.00,2.40
2008.12.16 06:58:30.766,0.60215,0.60235,1.00,2.40
2008.12.16 06:58:30.996,0.60205,0.60235,1.00,2.40
2008.12.16 06:58:32.655,0.6021,0.60235,1.00,2.40
2008.12.16 06:58:36.584,0.60215,0.60235,1.00,2.40
2008.12.16 06:58:37.674,0.6021,0.60235,1.00,2.40
2008.12.16 06:58:39.473,0.6021,0.6023,1.00,2.40
2008.12.16 06:58:40.043,0.6021,0.60235,1.00,2.40
2008.12.16 06:58:59.379,0.6022,0.60235,1.00,2.40
2008.12.16 06:59:02.858,0.6025,0.60265,1.00,1.60
2008.12.16 06:59:03.368,0.6025,0.60275,1.00,9.80
2008.12.16 06:59:03.718,0.60255,0.60275,1.00,1.60
2008.12.16 06:59:04.657,0.6026,0.60275,1.00,1.60
2008.12.16 06:59:04.838,0.6026,0.6028,1.00,8.20
2008.12.16 06:59:07.457,0.6025,0.60265,1.00,2.40
2008.12.16 06:59:11.326,0.60245,0.60255,1.60,2.40
2008.12.16 06:59:11.546,0.6022,0.6025,1.20,2.40
2008.12.16 06:59:11.896,0.60215,0.6025,2.00,2.40
2008.12.16 06:59:12.286,0.60225,0.6025,1.00,2.40
2008.12.16 06:59:14.815,0.6023,0.6026,1.00,5.80
2008.12.16 06:59:15.815,0.60225,0.6025,1.00,2.40
2008.12.16 06:59:22.173,0.60235,0.6026,1.00,2.40
2008.12.16 06:59:25.833,0.6023,0.60255,1.00,2.40
2008.12.16 06:59:26.112,0.60225,0.6025,1.20,2.40
2008.12.16 06:59:27.362,0.6023,0.60255,1.00,2.40
2008.12.16 06:59:32.571,0.60235,0.6026,1.00,2.40
