2013.11.11 22:00:00.324,0.92795,0.92817,0.75,0.38
2013.11.11 22:00:00.442,0.92792,0.92817,0.75,0.38
2013.11.11 22:00:00.681,0.92792,0.92808,0.75,0.75
2013.11.11 22:00:26.948,0.92786,0.92805,1.05,0.75
2013.11.11 22:00:27.009,0.92783,0.92805,0.15,0.75
2013.11.11 22:00:27.069,0.92782,0.92805,0.38,0.75
2013.11.11 22:00:27.129,0.92782,0.92805,1.43,0.75
2013.11.11 22:00:27.189,0.92782,0.92808,1.43,0.75
2013.11.11 22:00:28.570,0.92783,0.92807,1.13,0.75
2013.11.11 22:00:30.550,0.92783,0.92808,1.13,0.75
2013.11.11 22:00:30.809,0.92783,0.92814,1.13,0.15
2013.11.11 22:00:30.986,0.92785,0.92817,1.05,1.43
2013.11.11 22:00:31.049,0.9279,0.92817,1.13,0.38
2013.11.11 22:00:34.719,0.9279,0.9281,1.13,0.38
2013.11.11 22:00:35.776,0.9279,0.92825,1.13,0.75
2013.11.11 22:00:41.189,0.92788,0.92825,0.15,0.75
2013.11.11 22:00:41.313,0.92776,0.92825,0.15,0.75
2013.11.11 22:01:01.409,0.92776,0.92825,0.15,0.75
2013.11.11 22:01:05.561,0.92776,0.92824,0.15,0.75
2013.11.11 22:01:06.459,0.92781,0.92827,1.05,0.75
2013.11.11 22:01:07.070,0.92787,0.92827,1.13,0.75
2013.11.11 22:01:07.600,0.92787,0.92826,1.13,0.75
2013.11.11 22:01:08.161,0.92787,0.92826,1.05,0.83
2013.11.11 22:01:08.279,0.92783,0.92825,0.15,0.15
2013.11.11 22:01:24.189,0.92781,0.92824,1.05,1.13
2013.11.11 22:01:24.249,0.92779,0.92821,0.15,0.15
2013.11.11 22:01:24.369,0.92775,0.92821,0.15,0.15
2013.11.11 22:01:42.709,0.92784,0.92828,1.13,0.15
2013.11.11 22:01:56.259,0.92791,0.92857,1.13,0.38
2013.11.11 22:01:56.799,0.92791,0.9287,1.13,0.75
2013.11.11 22:02:00.589,0.92791,0.92869,1.13,0.75
2013.11.11 22:02:02.519,0.92791,0.9287,1.13,0.75
2013.11.11 22:02:06.312,0.92792,0.9283,0.53,0.38
2013.11.11 22:02:16.619,0.92792,0.9283,1.50,0.38
2013.11.11 22:02:21.341,0.92792,0.92858,1.13,0.38
2013.11.11 22:02:28.689,0.92794,0.92858,0.90,0.38
2013.11.11 22:02:29.090,0.92814,0.92862,0.38,0.38
2013.11.11 22:02:29.270,0.92809,0.92858,0.15,0.38
2013.11.11 22:02:29.388,0.92799,0.92858,0.15,0.38
2013.11.11 22:02:31.719,0.92806,0.92858,1.05,0.38
2013.11.11 22:02:32.056,0.92814,0.92862,0.53,0.38
2013.11.11 22:02:34.289,0.92814,0.92856,0.38,0.75
2013.11.11 22:02:34.408,0.92812,0.92855,0.53,0.38
2013.11.11 22:02:47.459,0.92814,0.92855,1.05,0.38
2013.11.11 22:02:47.525,0.92819,0.92857,1.50,0.75
2013.11.11 22:02:49.180,0.92822,0.92857,1.05,0.75
2013.11.11 22:02:49.859,0.92828,0.92857,1.13,0.75
2013.11.11 22:02:50.611,0.92828,0.92858,1.13,0.75
2013.11.11 22:02:51.616,0.92832,0.92858,1.13,0.75
2013.11.11 22:02:51.700,0.92832,0.92861,1.13,0.75
2013.11.11 22:02:52.700,0.92832,0.9286,1.13,0.75
2013.11.11 22:02:52.859,0.92832,0.92866,1.13,0.75
2013.11.11 22:02:52.920,0.92837,0.92866,1.05,0.75
2013.11.11 22:02:53.431,0.92844,0.92866,0.90,0.75
2013.11.11 22:02:53.691,0.92844,0.92871,0.90,0.75
2013.11.11 22:02:53.750,0.92844,0.92871,1.80,0.75
2013.11.11 22:02:53.879,0.92846,0.92882,2.25,0.75
2013.11.11 22:02:54.622,0.92846,0.92883,2.25,0.75
2013.11.11 22:02:54.900,0.92846,0.92881,2.25,0.75
2013.11.11 22:02:55.019,0.92846,0.92881,0.38,0.75
2013.11.11 22:02:55.079,0.92836,0.92874,0.45,0.38
2013.11.11 22:02:55.580,0.92836,0.92874,0.38,0.38
2013.11.11 22:02:56.290,0.92831,0.9287,0.45,0.38
2013.11.11 22:02:56.854,0.92831,0.9287,0.38,0.38
2013.11.11 22:02:59.810,0.92824,0.92863,0.38,1.13
2013.11.11 22:03:00.473,0.92824,0.92862,0.38,0.75
2013.11.11 22:03:01.659,0.92824,0.92863,0.38,1.13
2013.11.11 22:03:02.480,0.92824,0.92863,1.20,1.13
2013.11.11 22:03:02.908,0.92827,0.92863,1.13,0.75
2013.11.11 22:03:11.097,0.92827,0.92862,1.13,0.75
2013.11.11 22:03:12.400,0.92829,0.92868,1.13,0.38
2013.11.11 22:03:12.460,0.92836,0.92868,1.13,0.38
2013.11.11 22:03:12.581,0.92838,0.92893,0.53,0.38
2013.11.11 22:03:14.490,0.92844,0.92893,1.13,0.38
2013.11.11 22:03:14.821,0.92847,0.92894,0.38,0.38
2013.11.11 22:03:15.181,0.92852,0.92899,0.30,0.38
2013.11.11 22:03:18.290,0.92865,0.9291,0.38,0.75
2013.11.11 22:03:18.699,0.92862,0.9291,0.38,0.75
2013.11.11 22:03:18.759,0.92862,0.92927,0.38,0.38
2013.11.11 22:03:20.490,0.92864,0.9293,0.38,0.38
2013.11.11 22:03:20.940,0.92864,0.9293,0.38,0.38
2013.11.11 22:03:21.060,0.92864,0.92928,0.38,0.38
2013.11.11 22:03:26.449,0.92864,0.92915,0.38,0.38
2013.11.11 22:03:27.550,0.92859,0.92903,0.38,0.38
2013.11.11 22:03:29.190,0.92859,0.92896,0.38,0.75
2013.11.11 22:03:29.310,0.92849,0.92893,0.38,0.38
2013.11.11 22:03:32.240,0.92849,0.92893,1.13,0.38
2013.11.11 22:03:32.300,0.92849,0.92896,1.13,0.75
2013.11.11 22:03:32.840,0.92851,0.92894,1.13,0.75
2013.11.11 22:03:34.472,0.92846,0.92883,0.75,0.75
2013.11.11 22:03:37.500,0.92844,0.92883,0.38,0.75
2013.11.11 22:03:37.560,0.92841,0.92883,0.75,1.13
2013.11.11 22:03:42.430,0.92841,0.92883,0.75,1.13
2013.11.11 22:03:42.550,0.92842,0.92888,1.13,0.38
2013.11.11 22:03:48.040,0.92849,0.92898,0.38,0.38
2013.11.11 22:03:53.541,0.92849,0.92894,0.38,0.75
2013.11.11 22:03:53.805,0.92849,0.92896,0.38,0.75
2013.11.11 22:03:54.050,0.92854,0.92896,0.38,0.75
2013.11.11 22:03:57.170,0.92854,0.92897,0.38,2.25
2013.11.11 22:04:08.061,0.92853,0.92898,1.13,2.25
2013.11.11 22:04:18.731,0.92843,0.92899,1.13,3.00
2013.11.11 22:04:18.871,0.92843,0.92896,1.13,3.00
2013.11.11 22:04:43.601,0.92843,0.92902,1.13,4.13
2013.11.11 22:04:44.317,0.92843,0.92902,1.13,3.75
2013.11.11 22:04:49.800,0.92847,0.92901,0.38,3.75
2013.11.11 22:04:49.860,0.92827,0.92901,2.25,3.75
2013.11.11 22:04:52.760,0.92833,0.92901,1.50,3.75
2013.11.11 22:04:52.820,0.92833,0.92901,1.50,3.75
2013.11.11 22:04:57.172,0.92833,0.92902,1.50,3.75
2013.11.11 22:04:59.102,0.92834,0.92894,3.23,1.50
2013.11.11 22:04:59.724,0.92834,0.92894,3.23,1.88
2013.11.11 22:05:19.132,0.92834,0.92885,1.13,1.13
2013.11.11 22:05:19.311,0.92834,0.92878,1.50,1.13
2013.11.11 22:05:22.613,0.92834,0.92878,1.50,1.13
2013.11.11 22:05:23.592,0.92834,0.92878,1.50,1.13
2013.11.11 22:05:25.581,0.92834,0.92878,1.50,1.13
2013.11.11 22:05:31.631,0.92834,0.92878,1.50,1.13
2013.11.11 22:05:35.591,0.92834,0.92878,1.50,1.13
2013.11.11 22:05:44.612,0.92834,0.92878,1.50,1.13
2013.11.11 22:05:50.211,0.92834,0.92878,1.50,1.13
2013.11.11 22:06:07.560,0.92834,0.92877,3.68,1.13
2013.11.11 22:06:07.861,0.92838,0.92877,3.00,1.50
2013.11.11 22:06:09.300,0.92838,0.92878,3.00,1.50
2013.11.11 22:06:20.211,0.92838,0.92879,3.00,1.50
2013.11.11 22:06:24.461,0.92842,0.92878,3.01,1.50
2013.11.11 22:06:25.155,0.92841,0.92878,1.88,1.50
2013.11.11 22:06:29.540,0.92841,0.92878,1.88,1.50
2013.11.11 22:06:39.521,0.92841,0.92878,1.88,1.50
2013.11.11 22:06:40.501,0.92841,0.92877,1.88,1.13
2013.11.11 22:07:00.559,0.92838,0.92873,1.88,1.50
2013.11.11 22:07:19.711,0.92837,0.92873,1.50,1.50
2013.11.11 22:07:19.833,0.92828,0.9287,1.80,1.13
2013.11.11 22:07:20.350,0.92825,0.9287,1.20,1.13
2013.11.11 22:07:23.901,0.92812,0.9287,1.95,1.20
2013.11.11 22:07:23.961,0.92812,0.9287,1.20,1.20
2013.11.11 22:07:50.760,0.92815,0.9287,1.05,1.13
2013.11.11 22:07:50.883,0.92819,0.92869,3.23,1.13
2013.11.11 22:07:52.742,0.92819,0.92869,2.26,1.28
2013.11.11 22:07:54.471,0.92819,0.9287,3.38,1.50
2013.11.11 22:07:55.026,0.92829,0.92873,3.23,2.63
2013.11.11 22:08:09.615,0.92833,0.92873,3.23,2.63
2013.11.11 22:08:11.592,0.92833,0.92873,3.23,2.63
2013.11.11 22:08:11.941,0.92833,0.92868,3.23,1.13
2013.11.11 22:08:12.601,0.92833,0.92868,3.23,1.13
2013.11.11 22:08:13.173,0.92833,0.92868,3.23,1.13
2013.11.11 22:08:13.896,0.92833,0.92868,3.23,1.13
2013.11.11 22:08:14.562,0.92833,0.92868,3.23,1.13
2013.11.11 22:08:16.542,0.92833,0.92868,3.23,1.13
2013.11.11 22:08:20.612,0.92833,0.92868,3.23,1.13
2013.11.11 22:08:23.582,0.92833,0.92868,3.23,1.13
2013.11.11 22:08:25.101,0.92833,0.9285,1.13,1.13
2013.11.11 22:08:25.342,0.92806,0.92846,1.88,1.28
2013.11.11 22:08:25.401,0.92806,0.92847,2.25,1.50
2013.11.11 22:08:25.461,0.92806,0.92847,2.25,1.50
2013.11.11 22:08:25.521,0.92812,0.92864,1.88,1.28
2013.11.11 22:08:25.581,0.92818,0.92866,1.13,1.13
2013.11.11 22:08:32.604,0.92819,0.92866,1.13,1.13
2013.11.11 22:08:34.412,0.92819,0.92869,1.13,1.20
2013.11.11 22:08:34.942,0.92819,0.92871,1.88,1.28
2013.11.11 22:08:35.301,0.92827,0.92871,3.23,1.88
2013.11.11 22:08:39.053,0.92829,0.92871,3.23,1.88
2013.11.11 22:08:40.464,0.92829,0.92863,1.20,1.05
2013.11.11 22:08:40.581,0.92828,0.92863,1.13,1.13
2013.11.11 22:08:43.568,0.92828,0.92863,1.13,1.13
2013.11.11 22:08:44.613,0.92828,0.92863,1.13,1.13
2013.11.11 22:08:46.593,0.92828,0.92863,1.13,1.13
2013.11.11 22:08:50.552,0.92828,0.92863,1.13,1.13
2013.11.11 22:08:55.602,0.92828,0.92863,1.13,1.13
2013.11.11 22:09:00.644,0.92828,0.92862,1.13,1.13
2013.11.11 22:09:01.713,0.92828,0.92862,1.13,1.13
2013.11.11 22:09:04.143,0.92828,0.9286,1.13,1.13
2013.11.11 22:09:04.202,0.92828,0.92859,1.13,1.13
2013.11.11 22:09:04.261,0.92828,0.92856,1.13,1.88
2013.11.11 22:09:05.622,0.92819,0.92856,1.88,1.88
2013.11.11 22:09:08.592,0.92819,0.92856,1.88,1.88
2013.11.11 22:09:12.552,0.92819,0.92856,1.13,1.88
2013.11.11 22:09:12.941,0.92819,0.92854,1.13,1.88
2013.11.11 22:09:13.011,0.92819,0.92849,1.13,1.05
2013.11.11 22:09:13.746,0.92815,0.92848,1.13,1.13
2013.11.11 22:09:18.952,0.92815,0.92848,1.13,1.13
2013.11.11 22:09:19.012,0.92815,0.92846,1.13,1.13
2013.11.11 22:09:19.575,0.9281,0.92845,1.13,1.13
2013.11.11 22:09:21.572,0.9281,0.92845,1.13,1.13
2013.11.11 22:09:23.151,0.9281,0.92842,1.13,1.05
2013.11.11 22:09:25.532,0.92806,0.92839,1.13,1.13
2013.11.11 22:09:26.523,0.92806,0.92839,1.13,1.13
2013.11.11 22:09:26.974,0.92806,0.92846,1.13,1.28
2013.11.11 22:09:27.031,0.92806,0.9285,1.13,1.50
2013.11.11 22:09:31.382,0.92806,0.9285,1.13,1.88
2013.11.11 22:09:34.901,0.92806,0.92847,1.13,2.63
2013.11.11 22:09:37.633,0.92806,0.92847,1.13,2.63
2013.11.11 22:09:39.614,0.92806,0.92847,1.13,2.63
2013.11.11 22:09:43.301,0.92806,0.92847,1.50,2.33
2013.11.11 22:09:46.612,0.92806,0.92846,1.50,1.13
2013.11.11 22:09:47.351,0.92806,0.92847,1.50,1.50
2013.11.11 22:09:47.471,0.92806,0.92849,1.88,1.13
2013.11.11 22:09:52.603,0.92806,0.92848,1.88,1.13
2013.11.11 22:09:53.592,0.92806,0.92848,1.88,1.13
2013.11.11 22:09:57.553,0.92806,0.92848,1.88,1.13
2013.11.11 22:09:58.602,0.92806,0.92848,1.88,1.13
2013.11.11 22:10:00.512,0.92806,0.92848,1.88,1.13
2013.11.11 22:10:05.774,0.92808,0.92851,1.50,2.03
2013.11.11 22:10:14.002,0.92808,0.92848,1.50,1.28
2013.11.11 22:10:15.604,0.92808,0.92847,1.50,1.58
2013.11.11 22:10:36.603,0.92808,0.92847,1.50,1.58
2013.11.11 22:10:36.662,0.92808,0.9284,1.50,1.50
2013.11.11 22:10:36.975,0.92802,0.92835,1.50,1.13
2013.11.11 22:10:38.362,0.92802,0.92835,1.50,1.13
2013.11.11 22:10:38.481,0.92802,0.92835,1.50,1.13
2013.11.11 22:10:41.613,0.92802,0.92838,1.50,1.13
2013.11.11 22:10:43.651,0.92802,0.92838,1.50,1.13
2013.11.11 22:10:51.506,0.92802,0.92837,1.50,1.50
2013.11.11 22:10:54.592,0.92802,0.92836,1.50,1.50
2013.11.11 22:11:08.441,0.92802,0.92845,1.80,1.20
2013.11.11 22:11:08.501,0.92806,0.92848,2.26,1.88
2013.11.11 22:11:10.641,0.92809,0.9285,3.00,1.88
2013.11.11 22:11:11.614,0.92809,0.9285,3.00,1.88
2013.11.11 22:11:15.523,0.92809,0.9285,3.00,1.88
2013.11.11 22:11:19.652,0.92809,0.92849,3.00,1.28
2013.11.11 22:11:22.612,0.92809,0.92849,3.00,1.28
2013.11.11 22:11:32.622,0.9281,0.92849,2.63,1.28
2013.11.11 22:11:43.882,0.9281,0.92846,1.50,1.20
2013.11.11 22:11:53.485,0.92809,0.92846,1.65,1.20
2013.11.11 22:12:06.672,0.92809,0.92848,1.65,1.28
2013.11.11 22:12:07.221,0.92809,0.92848,1.65,1.28
2013.11.11 22:12:09.365,0.92809,0.92844,1.65,1.05
2013.11.11 22:12:09.721,0.92809,0.92841,1.88,1.65
2013.11.11 22:12:10.422,0.92809,0.92841,1.88,1.65
2013.11.11 22:12:10.842,0.92807,0.92839,1.65,1.50
2013.11.11 22:12:15.192,0.92807,0.9284,1.80,1.50
2013.11.11 22:12:15.252,0.92807,0.92842,3.98,1.88
2013.11.11 22:12:16.671,0.92807,0.92842,3.98,1.88
2013.11.11 22:12:18.672,0.92807,0.92842,3.98,1.88
2013.11.11 22:12:21.641,0.92807,0.92842,3.98,2.63
2013.11.11 22:12:25.552,0.92807,0.92842,3.98,2.63
2013.11.11 22:12:26.621,0.92807,0.92842,3.98,2.63
2013.11.11 22:12:30.613,0.92807,0.92842,3.98,2.63
2013.11.11 22:12:35.761,0.92807,0.92842,3.98,1.65
2013.11.11 22:12:37.641,0.92807,0.92842,3.98,1.65
2013.11.11 22:12:38.621,0.92807,0.92842,3.98,1.65
2013.11.11 22:12:44.401,0.92809,0.92842,3.98,1.65
2013.11.11 22:12:47.581,0.92809,0.92842,3.98,1.65
2013.11.11 22:12:54.593,0.92809,0.92842,3.98,1.65
2013.11.11 22:13:07.143,0.9281,0.92844,3.61,1.88
2013.11.11 22:13:07.261,0.92814,0.9285,3.98,1.88
2013.11.11 22:13:11.600,0.92814,0.9285,3.98,1.88
2013.11.11 22:13:20.563,0.92814,0.9285,3.98,1.88
2013.11.11 22:13:21.631,0.92814,0.9285,3.98,1.88
2013.11.11 22:13:21.791,0.92814,0.9285,3.98,1.88
2013.11.11 22:13:24.642,0.92814,0.92847,3.61,1.58
2013.11.11 22:13:28.813,0.92814,0.92848,3.61,2.03
2013.11.11 22:13:36.692,0.92816,0.92851,3.61,1.95
2013.11.11 22:13:42.592,0.92816,0.92851,3.61,1.95
2013.11.11 22:13:56.272,0.92816,0.92851,3.61,1.20
2013.11.11 22:13:56.334,0.92818,0.92851,2.25,1.13
2013.11.11 22:13:56.891,0.92823,0.92851,3.23,0.75
2013.11.11 22:14:04.323,0.92823,0.92851,3.23,0.75
2013.11.11 22:14:04.442,0.92826,0.9288,3.98,1.20
2013.11.11 22:14:15.852,0.92827,0.9288,3.23,1.28
2013.11.11 22:14:16.292,0.92829,0.9288,3.23,2.18
2013.11.11 22:14:16.908,0.92832,0.9288,3.23,1.13
2013.11.11 22:14:27.843,0.92834,0.9288,2.25,1.13
2013.11.11 22:14:28.665,0.92835,0.92881,3.23,1.95
2013.11.11 22:14:50.923,0.92836,0.92881,3.23,1.13
2013.11.11 22:14:51.456,0.9284,0.92882,3.23,1.95
2013.11.11 22:14:59.152,0.9284,0.92881,3.98,1.50
2013.11.11 22:15:13.061,0.9284,0.9288,1.88,1.20
2013.11.11 22:15:17.055,0.9284,0.9288,2.25,1.20
2013.11.11 22:15:22.541,0.9284,0.9288,2.63,1.20
2013.11.11 22:15:39.771,0.9284,0.9288,3.23,1.13
2013.11.11 22:15:51.246,0.9284,0.92881,3.23,1.20
2013.11.11 22:16:03.901,0.9284,0.92882,3.23,1.28
2013.11.11 22:16:12.591,0.9284,0.92882,1.28,2.25
2013.11.11 22:16:20.662,0.92839,0.92874,1.43,1.05
2013.11.11 22:16:20.992,0.92833,0.92869,1.50,1.28
2013.11.11 22:16:32.502,0.92831,0.92868,1.50,1.28
2013.11.11 22:16:33.032,0.92828,0.92868,1.13,1.28
2013.11.11 22:16:33.152,0.92827,0.92867,1.50,2.25
2013.11.11 22:16:33.212,0.92827,0.92867,1.50,2.25
2013.11.11 22:16:33.877,0.92826,0.92863,1.50,1.65
2013.11.11 22:16:41.602,0.92826,0.92852,1.50,1.20
2013.11.11 22:16:42.137,0.9282,0.92852,1.88,1.95
2013.11.11 22:16:43.032,0.92819,0.92852,1.65,1.28
2013.11.11 22:16:49.403,0.92819,0.92854,1.20,1.13
2013.11.11 22:16:49.523,0.92824,0.92861,2.63,1.13
2013.11.11 22:16:49.641,0.92826,0.92862,3.98,1.13
2013.11.11 22:16:52.638,0.92826,0.92862,3.98,1.13
2013.11.11 22:16:55.603,0.92826,0.92862,3.98,1.13
2013.11.11 22:16:56.487,0.92826,0.92862,3.98,1.13
2013.11.11 22:16:59.040,0.92828,0.92862,3.60,1.13
2013.11.11 22:16:59.434,0.92833,0.92862,2.86,1.13
2013.11.11 22:17:00.130,0.92835,0.92862,2.86,1.13
2013.11.11 22:17:01.801,0.92835,0.92862,1.88,1.13
2013.11.11 22:17:06.172,0.92832,0.92862,1.88,1.13
2013.11.11 22:17:11.602,0.92832,0.92862,1.88,1.13
2013.11.11 22:17:15.590,0.92829,0.92863,2.63,1.28
2013.11.11 22:17:21.530,0.92829,0.92862,2.63,1.28
2013.11.11 22:17:27.882,0.92829,0.92853,2.55,1.05
2013.11.11 22:17:27.942,0.92829,0.92852,1.50,1.88
2013.11.11 22:17:46.872,0.92818,0.92847,1.88,1.50
2013.11.11 22:17:46.932,0.92816,0.92847,1.28,1.65
2013.11.11 22:17:46.992,0.92816,0.92843,1.20,1.43
2013.11.11 22:17:48.647,0.92809,0.92843,1.88,1.50
2013.11.11 22:18:07.602,0.92808,0.92844,1.88,2.25
2013.11.11 22:18:07.903,0.92808,0.92842,1.80,1.50
2013.11.11 22:18:08.518,0.92806,0.92841,2.03,1.13
2013.11.11 22:18:22.852,0.92806,0.92841,1.58,1.13
2013.11.11 22:18:32.982,0.92806,0.92835,1.50,1.13
2013.11.11 22:18:33.102,0.92801,0.9283,1.20,1.05
2013.11.11 22:18:33.432,0.928,0.9283,1.50,1.13
2013.11.11 22:18:33.492,0.928,0.92821,1.13,1.88
2013.11.11 22:18:33.612,0.92788,0.92821,1.58,1.88
2013.11.11 22:18:34.623,0.92788,0.92821,1.58,1.88
2013.11.11 22:18:35.652,0.92788,0.92821,1.58,1.88
2013.11.11 22:18:37.144,0.92788,0.92821,1.58,2.25
2013.11.11 22:18:38.584,0.92785,0.92821,1.88,2.63
2013.11.11 22:18:39.573,0.92785,0.92821,1.88,2.63
2013.11.11 22:18:41.374,0.92785,0.92821,1.88,1.88
2013.11.11 22:18:41.492,0.92785,0.92821,1.28,1.50
2013.11.11 22:18:41.553,0.92787,0.92824,3.98,1.50
2013.11.11 22:18:42.129,0.92788,0.92824,3.00,1.13
2013.11.11 22:18:43.993,0.92791,0.92827,3.00,1.13
2013.11.11 22:18:44.173,0.92792,0.92832,3.61,1.50
2013.11.11 22:18:44.712,0.92793,0.92832,3.23,1.13
2013.11.11 22:18:45.922,0.92793,0.92821,2.25,1.13
2013.11.11 22:18:46.042,0.92785,0.92819,1.65,1.88
2013.11.11 22:18:48.614,0.92785,0.92819,1.65,1.88
2013.11.11 22:18:49.284,0.92785,0.92819,1.65,1.88
2013.11.11 22:18:55.352,0.92785,0.92821,1.88,1.65
2013.11.11 22:19:00.634,0.92783,0.92818,1.88,2.25
2013.11.11 22:19:04.152,0.92783,0.92818,1.88,1.13
2013.11.11 22:19:04.212,0.92786,0.92821,2.63,1.88
2013.11.11 22:19:04.332,0.92791,0.92826,3.23,1.58
2013.11.11 22:19:04.503,0.92791,0.92829,3.23,1.88
2013.11.11 22:19:06.402,0.92791,0.92829,3.23,1.13
2013.11.11 22:19:06.522,0.92791,0.92832,1.28,1.50
2013.11.11 22:19:06.582,0.92792,0.92835,2.26,1.13
2013.11.11 22:19:11.642,0.92792,0.92835,2.26,1.13
2013.11.11 22:19:18.412,0.92793,0.92836,3.23,1.28
2013.11.11 22:19:19.025,0.92793,0.92836,3.23,1.28
2013.11.11 22:19:23.172,0.92793,0.92835,2.25,1.13
2013.11.11 22:19:26.282,0.92793,0.92836,3.23,1.28
2013.11.11 22:19:28.664,0.92793,0.92836,3.23,1.28
2013.11.11 22:19:34.532,0.92793,0.92835,2.25,1.05
2013.11.11 22:19:36.362,0.92793,0.92836,3.23,1.20
2013.11.11 22:19:49.583,0.92793,0.92836,3.23,1.20
2013.11.11 22:19:53.162,0.92793,0.92835,3.23,1.05
2013.11.11 22:19:53.342,0.92794,0.92836,3.23,1.28
2013.11.11 22:19:58.633,0.92794,0.92836,2.25,2.25
2013.11.11 22:19:58.752,0.92794,0.92836,3.23,1.13
2013.11.11 22:20:02.033,0.92795,0.92836,2.25,2.18
2013.11.11 22:20:02.614,0.92795,0.92835,1.20,1.13
2013.11.11 22:20:05.332,0.92795,0.92836,1.28,1.20
2013.11.11 22:20:12.033,0.92795,0.92836,1.28,2.18
2013.11.11 22:20:12.093,0.92795,0.92836,1.28,1.20
2013.11.11 22:20:12.157,0.92795,0.92836,1.28,1.28
2013.11.11 22:20:12.222,0.92795,0.92836,1.28,1.20
2013.11.11 22:20:16.512,0.92795,0.92835,1.20,1.05
2013.11.11 22:20:16.632,0.92795,0.92836,1.28,1.20
2013.11.11 22:20:33.942,0.92795,0.92837,1.80,2.25
2013.11.11 22:20:38.132,0.92801,0.92838,2.18,2.25
2013.11.11 22:20:38.193,0.92805,0.9284,2.86,1.65
2013.11.11 22:20:48.522,0.92805,0.92841,3.23,1.88
2013.11.11 22:20:50.633,0.92805,0.92841,3.98,1.88
2013.11.11 22:20:50.974,0.92808,0.92841,3.38,1.05
2013.11.11 22:20:51.033,0.92812,0.92848,3.23,2.25
2013.11.11 22:20:53.603,0.92812,0.92848,3.23,2.25
2013.11.11 22:20:56.574,0.92812,0.92848,2.25,2.25
2013.11.11 22:21:01.633,0.92812,0.92848,2.25,2.25
2013.11.11 22:21:03.613,0.92812,0.92848,2.25,2.25
2013.11.11 22:21:06.583,0.92812,0.92848,2.25,2.25
2013.11.11 22:21:07.574,0.92812,0.92848,2.25,2.25
2013.11.11 22:21:08.262,0.92812,0.92848,2.25,2.25
2013.11.11 22:21:12.635,0.92812,0.92848,2.25,2.25
2013.11.11 22:21:16.595,0.92812,0.92848,2.25,2.25
2013.11.11 22:21:20.554,0.92812,0.92848,2.25,2.25
2013.11.11 22:21:27.652,0.92812,0.92848,2.25,2.25
2013.11.11 22:21:29.952,0.92812,0.92848,2.25,2.25
2013.11.11 22:21:37.546,0.92812,0.92848,2.25,2.25
2013.11.11 22:21:38.692,0.92813,0.92848,3.23,1.20
2013.11.11 22:21:42.504,0.92816,0.9285,3.76,1.65
2013.11.11 22:21:45.463,0.92818,0.92851,3.75,1.05
2013.11.11 22:21:45.524,0.92819,0.92855,3.38,1.13
2013.11.11 22:21:45.892,0.92819,0.9286,3.76,2.40
2013.11.11 22:21:46.083,0.92825,0.9286,3.23,1.50
2013.11.11 22:21:46.736,0.92825,0.92863,3.23,1.13
2013.11.11 22:21:48.223,0.92825,0.92863,2.25,1.20
2013.11.11 22:21:48.913,0.92825,0.92863,1.88,1.28
2013.11.11 22:21:49.092,0.92828,0.92868,3.15,2.25
2013.11.11 22:21:49.333,0.92828,0.92866,1.88,1.13
2013.11.11 22:21:49.452,0.92828,0.92866,1.88,1.13
2013.11.11 22:21:49.937,0.92828,0.92861,1.50,1.50
2013.11.11 22:21:52.593,0.92828,0.92861,1.50,1.50
2013.11.11 22:21:55.563,0.92828,0.92861,1.50,1.50
2013.11.11 22:21:57.543,0.92828,0.92861,1.50,1.50
2013.11.11 22:22:05.573,0.92826,0.9286,1.88,1.50
2013.11.11 22:22:09.094,0.92826,0.92863,1.88,2.25
2013.11.11 22:22:09.213,0.92826,0.92864,1.88,1.13
2013.11.11 22:22:09.453,0.92826,0.92864,1.13,1.13
2013.11.11 22:22:11.486,0.92826,0.92861,1.88,1.50
2013.11.11 22:22:15.584,0.92826,0.92861,1.13,1.50
2013.11.11 22:22:25.622,0.92826,0.9286,1.50,1.50
2013.11.11 22:22:41.902,0.92826,0.9286,1.13,1.13
2013.11.11 22:22:47.622,0.92826,0.9286,1.13,1.13
2013.11.11 22:23:40.393,0.92826,0.9286,1.13,1.13
2013.11.11 22:23:40.693,0.9282,0.92859,1.13,1.20
2013.11.11 22:23:41.222,0.92816,0.92857,1.13,1.65
2013.11.11 22:23:50.143,0.92816,0.92857,1.13,2.63
2013.11.11 22:23:55.436,0.92816,0.92857,1.13,2.63
2013.11.11 22:24:02.262,0.92816,0.92857,1.13,1.58
2013.11.11 22:24:12.373,0.92816,0.92856,1.13,1.50
2013.11.11 22:24:12.433,0.92816,0.92854,1.13,1.50
2013.11.11 22:24:12.793,0.92811,0.92847,1.13,1.13
2013.11.11 22:24:14.593,0.92811,0.92847,1.13,1.13
2013.11.11 22:24:21.562,0.92811,0.92847,1.13,1.88
2013.11.11 22:24:27.616,0.92811,0.92847,1.13,1.88
2013.11.11 22:24:49.594,0.92811,0.92847,1.13,1.88
2013.11.11 22:25:15.523,0.92811,0.92851,1.13,1.13
2013.11.11 22:25:16.090,0.92811,0.92844,1.13,1.05
2013.11.11 22:25:16.152,0.92811,0.92843,1.13,1.88
2013.11.11 22:25:17.393,0.92806,0.92839,1.13,1.05
2013.11.11 22:25:17.453,0.92806,0.92839,1.13,1.88
2013.11.11 22:25:22.503,0.92804,0.92843,1.28,1.65
2013.11.11 22:25:25.033,0.92806,0.92847,1.13,2.63
2013.11.11 22:25:26.903,0.92806,0.92847,3.16,1.88
2013.11.11 22:25:27.022,0.92816,0.92851,3.61,1.13
2013.11.11 22:25:27.082,0.92817,0.92853,2.26,1.13
2013.11.11 22:25:28.643,0.92817,0.92853,2.26,1.13
2013.11.11 22:25:29.682,0.92817,0.92853,2.26,1.13
2013.11.11 22:25:31.642,0.92817,0.92855,2.26,1.13
2013.11.11 22:25:33.540,0.92817,0.92855,2.26,1.13
2013.11.11 22:25:36.552,0.92817,0.92855,1.13,1.28
2013.11.11 22:25:38.654,0.92818,0.92855,2.25,1.13
2013.11.11 22:25:40.579,0.92818,0.92855,2.25,1.13
2013.11.11 22:25:41.569,0.92818,0.92855,1.13,1.20
2013.11.11 22:25:42.014,0.92816,0.92848,1.95,1.50
2013.11.11 22:25:44.374,0.92816,0.92848,1.95,1.50
2013.11.11 22:25:44.613,0.92816,0.92848,1.95,1.50
2013.11.11 22:25:46.612,0.92813,0.92845,1.88,1.13
2013.11.11 22:25:47.113,0.92814,0.9285,3.23,1.50
2013.11.11 22:25:47.863,0.92814,0.92855,3.23,1.50
2013.11.11 22:25:50.833,0.92814,0.92854,3.23,1.50
2013.11.11 22:25:51.634,0.92814,0.92854,3.23,1.50
2013.11.11 22:25:53.605,0.92814,0.92854,3.23,1.50
2013.11.11 22:25:56.529,0.92814,0.92854,3.23,1.50
2013.11.11 22:25:59.855,0.92814,0.92854,3.23,1.50
2013.11.11 22:26:02.674,0.92814,0.92855,3.23,1.50
2013.11.11 22:26:12.594,0.92814,0.92854,3.23,2.25
2013.11.11 22:26:17.573,0.92814,0.92854,3.23,1.50
2013.11.11 22:26:19.173,0.92814,0.92853,2.25,1.13
2013.11.11 22:26:19.233,0.92814,0.9285,2.18,1.05
2013.11.11 22:26:19.299,0.92811,0.92849,1.88,1.13
2013.11.11 22:26:19.373,0.92811,0.92847,1.88,1.13
2013.11.11 22:26:19.733,0.92804,0.92845,1.13,1.65
2013.11.11 22:26:20.198,0.92801,0.92844,1.13,1.50
2013.11.11 22:26:22.973,0.92801,0.92838,1.13,1.13
2013.11.11 22:26:23.223,0.92792,0.92835,1.13,2.25
2013.11.11 22:26:25.733,0.92792,0.92835,2.86,1.20
2013.11.11 22:26:31.784,0.92792,0.92836,3.61,1.28
2013.11.11 22:26:32.506,0.92801,0.92841,3.61,1.28
2013.11.11 22:26:35.145,0.92801,0.92842,3.75,1.50
2013.11.11 22:26:36.183,0.92801,0.9284,3.68,1.88
2013.11.11 22:26:36.363,0.92801,0.92838,3.23,1.50
2013.11.11 22:26:36.842,0.92802,0.92841,3.75,1.28
2013.11.11 22:26:38.182,0.92805,0.92841,2.33,1.28
2013.11.11 22:26:38.483,0.92814,0.92848,2.25,1.50
2013.11.11 22:26:38.884,0.92806,0.92843,1.65,1.20
2013.11.11 22:26:39.873,0.92805,0.92834,1.88,1.13
2013.11.11 22:26:39.993,0.92799,0.92835,1.28,1.20
2013.11.11 22:26:40.173,0.92797,0.92835,1.50,1.20
2013.11.11 22:26:40.233,0.92797,0.92835,1.50,1.13
2013.11.11 22:26:41.453,0.92798,0.92836,4.35,1.13
2013.11.11 22:26:41.814,0.92809,0.92847,3.60,1.13
2013.11.11 22:26:42.404,0.92809,0.92848,3.60,1.88
2013.11.11 22:26:44.193,0.92809,0.92848,3.00,1.50
2013.11.11 22:26:44.253,0.92815,0.92852,2.48,1.28
2013.11.11 22:26:44.799,0.92816,0.92855,1.13,1.58
2013.11.11 22:26:45.524,0.92819,0.92858,4.36,2.63
2013.11.11 22:26:45.584,0.92825,0.92858,2.18,2.55
2013.11.11 22:26:46.147,0.92826,0.92858,3.23,1.58
2013.11.11 22:26:52.813,0.92826,0.92858,3.61,1.58
2013.11.11 22:26:52.934,0.92821,0.92858,1.88,2.63
2013.11.11 22:26:52.993,0.92821,0.92855,1.13,1.58
2013.11.11 22:26:54.763,0.92821,0.92855,1.13,2.33
2013.11.11 22:26:56.173,0.92821,0.92854,1.13,1.13
2013.11.11 22:27:00.433,0.92821,0.92855,1.88,1.20
2013.11.11 22:27:00.553,0.92818,0.92853,1.28,1.88
2013.11.11 22:27:00.613,0.92816,0.9285,1.05,2.03
2013.11.11 22:27:00.673,0.92805,0.9285,2.25,3.00
2013.11.11 22:27:01.063,0.92799,0.92847,1.28,1.88
2013.11.11 22:27:02.083,0.92801,0.92847,1.05,1.88
2013.11.11 22:27:02.584,0.92804,0.92848,2.85,2.25
2013.11.11 22:27:03.449,0.92814,0.92848,2.56,1.43
2013.11.11 22:27:03.523,0.92818,0.92852,3.23,1.50
2013.11.11 22:27:03.773,0.92821,0.92855,2.63,1.20
2013.11.11 22:27:04.274,0.92821,0.92855,3.61,1.13
2013.11.11 22:27:07.073,0.92825,0.92858,2.25,1.58
2013.11.11 22:27:07.557,0.92826,0.92858,3.98,1.50
2013.11.11 22:27:10.703,0.92826,0.9286,3.61,1.28
2013.11.11 22:27:10.823,0.92831,0.92863,2.48,1.65
2013.11.11 22:27:11.390,0.92831,0.92863,3.23,1.50
2013.11.11 22:27:11.803,0.92831,0.92865,3.61,1.20
2013.11.11 22:27:31.703,0.92831,0.92865,3.61,1.28
2013.11.11 22:27:33.103,0.92831,0.92862,1.65,1.13
2013.11.11 22:27:34.613,0.92831,0.92862,1.28,1.88
2013.11.11 22:27:34.973,0.92831,0.92862,1.13,1.13
2013.11.11 22:27:35.153,0.92831,0.9287,3.61,2.40
2013.11.11 22:27:37.893,0.92833,0.9287,2.26,1.50
2013.11.11 22:27:40.923,0.92833,0.9287,2.26,1.50
2013.11.11 22:27:41.283,0.9284,0.92874,3.23,1.50
2013.11.11 22:27:41.463,0.92841,0.92879,3.00,1.95
2013.11.11 22:27:42.003,0.92841,0.92877,3.00,1.13
2013.11.11 22:27:42.768,0.92841,0.92877,1.50,1.28
2013.11.11 22:27:43.213,0.92839,0.92876,2.03,1.28
2013.11.11 22:27:56.483,0.92838,0.92873,2.18,1.20
2013.11.11 22:27:56.723,0.92825,0.92869,1.13,1.50
2013.11.11 22:27:56.843,0.92817,0.92869,2.63,1.50
2013.11.11 22:27:58.021,0.92817,0.92867,2.63,1.28
2013.11.11 22:27:59.424,0.92819,0.92867,1.13,1.28
2013.11.11 22:27:59.484,0.92833,0.92874,3.00,1.88
2013.11.11 22:27:59.798,0.92833,0.92865,2.03,1.88
2013.11.11 22:28:00.103,0.92833,0.92861,1.50,1.65
2013.11.11 22:28:00.331,0.92829,0.92861,2.25,1.65
2013.11.11 22:28:01.569,0.92829,0.92862,1.88,1.88
2013.11.11 22:28:01.693,0.92832,0.9287,2.25,4.20
2013.11.11 22:28:03.353,0.92832,0.92873,3.00,2.25
2013.11.11 22:28:04.163,0.92834,0.92871,2.71,1.13
2013.11.11 22:28:04.227,0.92834,0.92873,2.71,2.10
2013.11.11 22:28:04.294,0.92834,0.9287,1.13,1.13
2013.11.11 22:28:04.353,0.9282,0.92872,1.88,1.88
2013.11.11 22:28:04.834,0.9282,0.92865,2.63,1.13
2013.11.11 22:28:06.423,0.92823,0.92865,2.41,1.13
2013.11.11 22:28:06.758,0.92833,0.92874,3.23,1.88
2013.11.11 22:28:07.303,0.92834,0.92874,3.00,1.13
2013.11.11 22:28:10.913,0.92833,0.92861,1.05,1.80
2013.11.11 22:28:10.973,0.92832,0.92861,1.13,1.13
2013.11.11 22:28:11.033,0.92832,0.92866,3.60,1.50
2013.11.11 22:28:11.153,0.92832,0.92874,3.60,2.63
2013.11.11 22:28:11.663,0.92833,0.92874,3.01,1.13
2013.11.11 22:28:26.847,0.92833,0.92874,1.28,1.13
2013.11.11 22:28:26.965,0.92832,0.92869,3.30,1.43
2013.11.11 22:28:27.285,0.92826,0.92865,1.13,1.13
2013.11.11 22:28:27.573,0.9282,0.92865,2.63,1.20
2013.11.11 22:28:33.375,0.9282,0.92865,2.63,1.20
2013.11.11 22:28:33.553,0.92829,0.92865,1.05,1.20
2013.11.11 22:28:33.865,0.92834,0.92876,3.61,1.50
2013.11.11 22:28:34.103,0.92827,0.92874,1.13,1.88
2013.11.11 22:28:37.733,0.92827,0.92874,1.13,1.88
2013.11.11 22:28:37.914,0.9282,0.92874,1.88,1.88
2013.11.11 22:28:40.715,0.92824,0.92874,2.56,1.50
2013.11.11 22:28:51.494,0.92824,0.92871,2.63,1.50
2013.11.11 22:28:51.613,0.92823,0.92868,2.63,1.43
2013.11.11 22:28:57.084,0.92819,0.92866,2.63,1.50
2013.11.11 22:28:57.793,0.92818,0.92863,2.85,1.43
2013.11.11 22:28:59.093,0.92815,0.9286,1.88,1.43
2013.11.11 22:28:59.405,0.92814,0.9286,1.65,1.50
2013.11.11 22:28:59.683,0.92813,0.9286,2.63,1.50
2013.11.11 22:28:59.983,0.92819,0.9286,2.55,1.43
2013.11.11 22:29:00.283,0.92817,0.92867,1.13,1.28
2013.11.11 22:29:00.343,0.92806,0.92868,2.40,1.28
2013.11.11 22:29:00.523,0.92795,0.92868,1.50,1.50
2013.11.11 22:29:00.763,0.92795,0.92863,1.20,1.13
2013.11.11 22:29:00.943,0.92795,0.92863,1.65,1.13
2013.11.11 22:29:01.263,0.9282,0.92863,1.13,1.13
2013.11.11 22:29:01.620,0.92823,0.92863,3.61,1.13
2013.11.11 22:29:03.893,0.9284,0.92863,2.86,1.13
2013.11.11 22:29:06.543,0.92838,0.92862,1.05,2.18
2013.11.11 22:29:06.603,0.92831,0.92861,1.50,1.50
2013.11.11 22:29:07.433,0.92824,0.92861,1.88,1.50
2013.11.11 22:29:07.554,0.92824,0.92861,1.88,1.50
2013.11.11 22:29:21.963,0.92824,0.92857,1.88,1.13
2013.11.11 22:29:43.343,0.92824,0.9284,1.88,0.38
2013.11.11 22:29:46.586,0.92824,0.92841,1.88,0.38
2013.11.11 22:29:47.373,0.92824,0.92841,1.88,0.38
2013.11.11 22:29:49.283,0.92823,0.92853,2.63,1.13
2013.11.11 22:29:51.803,0.92823,0.92855,1.65,1.50
2013.11.11 22:30:00.923,0.92822,0.92855,2.25,1.13
2013.11.11 22:30:01.924,0.92822,0.92856,4.05,1.13
2013.11.11 22:30:02.149,0.92823,0.92857,3.38,2.63
2013.11.11 22:30:03.573,0.92823,0.92856,4.13,1.28
2013.11.11 22:30:10.483,0.92826,0.92858,2.63,1.28
2013.11.11 22:30:11.076,0.92826,0.92858,2.63,1.28
2013.11.11 22:30:12.103,0.92826,0.92858,2.63,1.28
2013.11.11 22:30:13.363,0.92828,0.92858,2.63,1.13
2013.11.11 22:30:13.683,0.92837,0.92861,3.38,1.13
2013.11.11 22:30:13.803,0.92837,0.92865,4.13,1.50
2013.11.11 22:30:13.924,0.92837,0.92861,3.01,1.28
2013.11.11 22:30:14.224,0.92833,0.92858,1.50,1.13
2013.11.11 22:30:17.425,0.92838,0.92861,2.26,1.28
2013.11.11 22:30:17.544,0.92838,0.92864,2.33,2.55
2013.11.11 22:30:18.160,0.92838,0.92869,1.58,1.65
2013.11.11 22:30:18.753,0.92838,0.92863,2.41,1.13
2013.11.11 22:30:18.874,0.92837,0.92863,2.25,1.13
2013.11.11 22:30:19.534,0.92837,0.92863,1.88,1.13
2013.11.11 22:30:20.823,0.92837,0.92865,1.88,1.88
2013.11.11 22:30:21.459,0.92837,0.92865,1.28,1.13
2013.11.11 22:30:21.913,0.9284,0.92867,2.70,1.13
2013.11.11 22:30:22.033,0.92841,0.92869,3.38,1.50
2013.11.11 22:30:46.624,0.92845,0.92874,2.41,1.58
2013.11.11 22:30:47.614,0.92845,0.92874,2.41,1.58
2013.11.11 22:30:49.603,0.92845,0.92875,2.33,2.63
2013.11.11 22:30:51.148,0.92845,0.92875,2.33,2.63
2013.11.11 22:30:53.555,0.92845,0.92875,2.33,2.63
2013.11.11 22:30:54.488,0.92845,0.92874,2.33,1.65
2013.11.11 22:30:55.644,0.92845,0.92874,2.33,1.65
2013.11.11 22:30:57.995,0.92845,0.92874,2.33,1.65
2013.11.11 22:31:00.224,0.92845,0.92875,2.33,2.63
2013.11.11 22:31:03.387,0.92845,0.92875,2.33,2.63
2013.11.11 22:31:07.565,0.92845,0.92875,2.33,2.63
2013.11.11 22:31:10.634,0.92845,0.92874,2.40,1.58
2013.11.11 22:31:12.625,0.92845,0.92874,2.40,1.58
2013.11.11 22:31:19.553,0.92845,0.92874,3.16,1.58
2013.11.11 22:31:21.996,0.92846,0.92877,2.41,2.63
2013.11.11 22:31:22.644,0.92846,0.92877,1.50,2.63
2013.11.11 22:31:22.704,0.92845,0.9287,1.13,1.88
2013.11.11 22:31:22.944,0.92845,0.92869,1.13,1.65
2013.11.11 22:31:29.573,0.92841,0.92869,1.13,2.03
2013.11.11 22:31:37.904,0.92841,0.92869,1.50,2.03
2013.11.11 22:31:39.334,0.9284,0.92869,1.13,1.28
2013.11.11 22:31:39.394,0.9284,0.92869,1.50,1.28
2013.11.11 22:31:42.354,0.9284,0.92867,1.13,1.88
2013.11.11 22:31:42.744,0.9284,0.92867,1.50,1.80
2013.11.11 22:31:42.984,0.9284,0.92869,1.50,1.65
2013.11.11 22:31:44.144,0.9284,0.9287,1.50,1.88
2013.11.11 22:31:44.204,0.9284,0.9287,1.50,1.88
2013.11.11 22:31:45.626,0.9284,0.9287,1.50,2.63
2013.11.11 22:31:50.594,0.9284,0.9287,1.50,2.63
2013.11.11 22:31:51.155,0.9284,0.92867,1.88,1.88
2013.11.11 22:32:08.454,0.9284,0.92867,1.50,1.88
2013.11.11 22:32:08.514,0.92838,0.92867,1.50,1.88
2013.11.11 22:32:09.644,0.92838,0.92864,1.13,1.20
2013.11.11 22:32:14.414,0.92837,0.92861,1.13,1.13
2013.11.11 22:32:14.475,0.92834,0.92861,1.50,2.18
2013.11.11 22:32:15.235,0.92827,0.92851,1.88,2.25
2013.11.11 22:32:15.954,0.92827,0.92851,1.13,2.25
2013.11.11 22:32:16.014,0.92827,0.92851,1.50,2.25
2013.11.11 22:32:16.745,0.92827,0.92853,1.13,1.88
2013.11.11 22:32:28.141,0.92827,0.92853,1.88,1.88
2013.11.11 22:32:31.274,0.92827,0.92856,1.88,1.88
2013.11.11 22:32:31.335,0.92827,0.92856,1.13,1.88
2013.11.11 22:32:31.394,0.92827,0.92856,1.50,1.88
2013.11.11 22:32:35.064,0.92827,0.92854,1.13,1.88
2013.11.11 22:32:35.124,0.92827,0.92854,1.88,1.88
2013.11.11 22:32:35.365,0.92827,0.92854,1.13,1.88
2013.11.11 22:32:35.425,0.92827,0.92854,1.50,1.88
2013.11.11 22:32:35.670,0.92827,0.92858,1.13,2.63
2013.11.11 22:32:35.794,0.92827,0.92858,1.50,2.63
2013.11.11 22:32:35.854,0.92827,0.92858,1.50,2.63
2013.11.11 22:32:36.214,0.92827,0.92858,1.13,1.88
2013.11.11 22:32:36.273,0.92827,0.92855,1.50,1.88
2013.11.11 22:32:36.335,0.92827,0.92855,1.50,1.88
2013.11.11 22:32:36.694,0.92827,0.92854,1.50,1.88
2013.11.11 22:32:37.305,0.92827,0.92858,1.50,1.88
2013.11.11 22:32:37.804,0.92827,0.92855,1.13,1.80
2013.11.11 22:32:37.864,0.92827,0.92855,1.50,1.88
2013.11.11 22:32:38.014,0.92827,0.92854,1.13,1.28
2013.11.11 22:32:47.516,0.92827,0.92854,1.13,1.28
2013.11.11 22:32:52.334,0.92827,0.92856,1.50,1.88
2013.11.11 22:32:59.164,0.92827,0.92856,1.50,1.50
2013.11.11 22:32:59.224,0.92827,0.92854,1.13,1.13
2013.11.11 22:32:59.345,0.92827,0.92854,2.63,1.13
2013.11.11 22:32:59.704,0.92827,0.92854,2.63,1.13
2013.11.11 22:32:59.764,0.92828,0.92859,3.00,1.88
2013.11.11 22:32:59.824,0.92828,0.9286,2.26,3.60
2013.11.11 22:33:00.064,0.92828,0.92854,1.50,1.13
2013.11.11 22:33:00.604,0.92828,0.92854,1.50,1.13
2013.11.11 22:33:00.844,0.92828,0.9286,3.00,1.88
2013.11.11 22:33:01.264,0.92828,0.92854,1.13,1.13
2013.11.11 22:33:01.444,0.92829,0.92854,2.63,1.20
2013.11.11 22:33:01.504,0.92829,0.92854,1.88,1.13
2013.11.11 22:33:01.684,0.92829,0.92854,1.50,1.13
2013.11.11 22:33:01.884,0.92829,0.92856,1.50,1.50
2013.11.11 22:33:08.398,0.92829,0.92854,1.50,1.13
2013.11.11 22:33:24.624,0.92829,0.92854,2.25,1.13
2013.11.11 22:33:24.745,0.92829,0.92858,1.50,1.88
2013.11.11 22:33:24.804,0.92831,0.92858,2.26,1.88
2013.11.11 22:33:25.346,0.92831,0.92858,2.26,1.88
2013.11.11 22:33:25.524,0.92831,0.92858,2.25,1.88
2013.11.11 22:33:26.005,0.92831,0.92857,2.26,1.35
2013.11.11 22:33:26.304,0.92831,0.92854,1.50,1.13
2013.11.11 22:33:30.715,0.92831,0.92851,2.25,1.50
2013.11.11 22:33:35.354,0.92831,0.9285,1.50,1.13
2013.11.11 22:33:40.414,0.92831,0.92854,1.50,1.13
2013.11.11 22:33:50.264,0.92829,0.9285,1.13,1.13
2013.11.11 22:33:50.770,0.92829,0.9285,1.13,1.13
2013.11.11 22:33:53.775,0.92829,0.9285,1.13,1.13
2013.11.11 22:33:54.374,0.92829,0.9285,1.13,1.13
2013.11.11 22:33:55.254,0.92829,0.9285,1.13,1.13
2013.11.11 22:33:55.874,0.92829,0.9285,1.13,1.13
2013.11.11 22:33:56.414,0.92829,0.9285,1.13,1.13
2013.11.11 22:33:57.025,0.92829,0.9285,1.13,1.13
2013.11.11 22:33:57.553,0.92829,0.9285,1.13,1.13
2013.11.11 22:33:58.065,0.92829,0.9285,1.13,1.13
2013.11.11 22:33:58.844,0.92829,0.9285,1.13,1.88
2013.11.11 22:33:59.494,0.92829,0.9285,1.13,1.13
2013.11.11 22:34:00.104,0.92829,0.9285,1.13,1.13
2013.11.11 22:34:00.884,0.92829,0.9285,1.13,1.13
2013.11.11 22:34:04.414,0.92828,0.92851,1.13,1.50
2013.11.11 22:34:10.295,0.92828,0.9285,1.13,1.13
2013.11.11 22:34:10.654,0.92828,0.9285,1.20,1.13
2013.11.11 22:34:11.014,0.92828,0.92852,1.13,4.50
2013.11.11 22:34:11.494,0.92828,0.92852,1.13,4.50
2013.11.11 22:34:12.034,0.92828,0.9285,1.13,1.13
2013.11.11 22:34:12.393,0.92828,0.92857,2.85,1.13
2013.11.11 22:34:12.695,0.92828,0.92855,2.86,1.13
2013.11.11 22:34:13.114,0.92828,0.92857,2.86,2.25
2013.11.11 22:34:13.175,0.92828,0.92855,2.85,1.28
2013.11.11 22:34:13.354,0.92828,0.92853,1.50,1.13
2013.11.11 22:34:13.774,0.92828,0.9285,1.13,1.13
2013.11.11 22:34:14.194,0.92828,0.92851,1.13,1.50
2013.11.11 22:34:14.554,0.92828,0.92845,1.13,1.13
2013.11.11 22:34:15.074,0.92828,0.92849,1.13,1.13
2013.11.11 22:34:27.534,0.92828,0.92848,1.13,1.13
2013.11.11 22:34:30.184,0.92823,0.92845,1.88,1.13
2013.11.11 22:34:30.244,0.92823,0.92845,1.88,1.13
2013.11.11 22:34:30.607,0.92823,0.9286,3.61,1.13
2013.11.11 22:34:32.934,0.92825,0.9286,2.63,1.13
2013.11.11 22:34:33.355,0.92825,0.9285,2.26,1.13
2013.11.11 22:34:33.661,0.92825,0.9285,1.13,1.13
2013.11.11 22:34:43.175,0.92825,0.92851,2.78,1.13
2013.11.11 22:34:43.354,0.92833,0.92852,3.00,3.75
2013.11.11 22:34:44.001,0.92833,0.92859,3.00,1.13
2013.11.11 22:34:51.084,0.92837,0.92864,2.71,1.20
2013.11.11 22:35:45.625,0.92841,0.92866,1.50,1.65
2013.11.11 22:35:51.168,0.9284,0.92867,1.13,1.65
2013.11.11 22:35:51.840,0.9284,0.92867,1.13,1.65
2013.11.11 22:35:55.216,0.9284,0.92867,1.13,1.65
2013.11.11 22:35:55.334,0.92837,0.92864,1.28,1.13
2013.11.11 22:35:55.454,0.92838,0.92862,1.50,1.13
2013.11.11 22:36:01.514,0.92838,0.92862,1.50,1.13
2013.11.11 22:36:02.584,0.92838,0.9286,1.50,1.13
2013.11.11 22:36:04.166,0.92838,0.9286,1.50,1.13
2013.11.11 22:36:23.514,0.92838,0.9286,1.50,1.13
2013.11.11 22:37:02.592,0.92835,0.92865,1.20,1.88
2013.11.11 22:37:22.636,0.92839,0.92864,2.63,1.13
2013.11.11 22:38:04.244,0.92839,0.92859,1.50,1.13
2013.11.11 22:38:14.235,0.92839,0.92864,1.50,1.13
2013.11.11 22:38:19.625,0.92839,0.92862,1.50,1.13
2013.11.11 22:38:22.075,0.92839,0.92862,1.50,1.13
2013.11.11 22:38:22.135,0.92841,0.92864,1.50,1.20
2013.11.11 22:38:23.088,0.92841,0.92862,1.50,1.13
2013.11.11 22:38:28.175,0.92841,0.92858,1.50,1.50
2013.11.11 22:38:28.740,0.9284,0.92857,1.50,1.13
2013.11.11 22:38:38.244,0.9284,0.92862,1.50,1.13
2013.11.11 22:38:52.184,0.9284,0.92858,1.50,1.13
2013.11.11 22:39:00.874,0.92838,0.92855,1.50,1.13
2013.11.11 22:39:02.045,0.92838,0.92857,1.50,1.50
2013.11.11 22:39:16.145,0.92838,0.92857,1.50,1.13
2013.11.11 22:39:20.195,0.92838,0.92857,1.50,1.13
2013.11.11 22:39:20.315,0.92838,0.92859,1.50,1.13
2013.11.11 22:39:26.155,0.92838,0.92859,1.50,1.13
2013.11.11 22:39:40.945,0.92838,0.92864,1.50,1.20
2013.11.11 22:39:41.724,0.92842,0.92869,2.26,2.25
2013.11.11 22:40:41.715,0.92838,0.92861,1.13,1.88
2013.11.11 22:40:41.835,0.92827,0.92856,5.25,2.25
2013.11.11 22:40:42.179,0.92826,0.92855,1.50,1.28
2013.11.11 22:40:52.054,0.92826,0.92856,1.13,2.63
2013.11.11 22:41:01.345,0.92826,0.92856,2.26,2.33
2013.11.11 22:41:01.527,0.92826,0.92852,1.13,1.88
2013.11.11 22:41:02.190,0.92826,0.92852,1.13,1.88
2013.11.11 22:41:02.494,0.92826,0.92855,1.13,1.28
2013.11.11 22:41:02.878,0.92826,0.92855,1.13,1.28
2013.11.11 22:41:13.355,0.92826,0.92855,1.13,1.28
2013.11.11 22:41:17.145,0.92826,0.92856,2.26,4.65
2013.11.11 22:41:27.114,0.92826,0.92856,1.13,1.28
2013.11.11 22:41:32.026,0.92828,0.92857,1.13,2.25
2013.11.11 22:41:41.165,0.92832,0.92857,2.26,1.88
2013.11.11 22:41:51.175,0.92832,0.92857,1.13,1.88
2013.11.11 22:41:57.345,0.92831,0.92857,1.50,1.88
2013.11.11 22:41:57.405,0.92831,0.92857,1.13,1.88
2013.11.11 22:42:05.274,0.92833,0.9286,2.26,1.13
2013.11.11 22:42:12.164,0.92833,0.9286,2.26,1.13
2013.11.11 22:42:15.244,0.92832,0.92854,1.50,1.13
2013.11.11 22:42:15.660,0.92832,0.92854,1.50,1.13
2013.11.11 22:42:17.565,0.92832,0.92854,1.13,1.13
2013.11.11 22:42:19.526,0.92832,0.9286,1.13,1.13
2013.11.11 22:42:19.644,0.92832,0.92859,1.13,1.50
2013.11.11 22:42:20.147,0.92826,0.92854,1.50,1.13
2013.11.11 22:42:24.544,0.92826,0.92858,1.50,1.13
2013.11.11 22:42:24.604,0.92826,0.92858,1.50,1.20
2013.11.11 22:42:24.927,0.92826,0.92857,1.13,1.28
2013.11.11 22:42:26.375,0.92826,0.92853,1.13,1.88
2013.11.11 22:42:26.435,0.92825,0.92852,2.25,1.88
2013.11.11 22:42:26.615,0.92825,0.92845,1.13,1.13
2013.11.11 22:42:26.795,0.92824,0.92845,1.13,1.13
2013.11.11 22:42:29.125,0.92824,0.92848,1.13,1.65
2013.11.11 22:42:29.414,0.92824,0.92842,1.13,1.13
2013.11.11 22:42:29.715,0.92817,0.9284,1.50,1.13
2013.11.11 22:42:34.106,0.92816,0.9284,1.50,1.13
2013.11.11 22:42:34.655,0.92814,0.92835,1.50,1.13
2013.11.11 22:42:37.495,0.92806,0.92835,2.25,1.13
2013.11.11 22:42:37.555,0.92806,0.92831,1.05,1.13
2013.11.11 22:42:37.616,0.928,0.92814,1.28,0.75
2013.11.11 22:42:37.736,0.92799,0.92826,1.05,1.80
2013.11.11 22:42:37.795,0.92789,0.92825,1.28,1.88
2013.11.11 22:42:40.046,0.92793,0.92819,2.86,1.13
2013.11.11 22:42:40.165,0.92792,0.92819,1.88,1.13
2013.11.11 22:42:41.604,0.92792,0.92819,1.88,1.13
2013.11.11 22:42:44.068,0.928,0.92829,3.38,1.50
2013.11.11 22:42:47.705,0.928,0.92819,1.58,1.13
2013.11.11 22:42:47.825,0.92795,0.92817,1.58,1.13
2013.11.11 22:42:47.945,0.92795,0.92819,2.63,1.50
2013.11.11 22:42:48.066,0.928,0.92824,2.26,1.50
2013.11.11 22:42:48.185,0.92801,0.92832,3.60,1.13
2013.11.11 22:43:02.148,0.928,0.92827,1.88,1.13
2013.11.11 22:43:12.055,0.928,0.92822,1.88,1.13
2013.11.11 22:43:12.235,0.92799,0.92822,1.65,1.13
2013.11.11 22:43:23.537,0.92799,0.92822,1.58,1.13
2013.11.11 22:43:24.585,0.92799,0.92822,1.58,1.13
2013.11.11 22:43:32.606,0.92799,0.92822,1.58,1.13
2013.11.11 22:43:40.825,0.92799,0.92824,1.58,1.50
2013.11.11 22:43:48.306,0.92799,0.92825,1.58,1.13
2013.11.11 22:43:53.355,0.92799,0.92826,1.58,1.13
2013.11.11 22:44:13.285,0.92799,0.92825,1.50,1.13
2013.11.11 22:44:15.345,0.92799,0.92823,1.65,1.13
2013.11.11 22:44:22.234,0.92799,0.92823,1.65,1.13
2013.11.11 22:44:28.884,0.92799,0.92823,1.58,1.13
2013.11.11 22:44:59.925,0.92799,0.92826,1.65,1.50
2013.11.11 22:45:49.985,0.92799,0.92829,3.23,1.13
2013.11.11 22:46:02.887,0.92799,0.92829,3.23,1.13
2013.11.11 22:46:05.026,0.92799,0.92831,3.23,1.65
2013.11.11 22:46:09.265,0.92799,0.92831,3.23,1.28
2013.11.11 22:46:31.235,0.92799,0.92823,2.25,1.50
2013.11.11 22:46:31.356,0.92799,0.92822,1.13,1.50
2013.11.11 22:46:34.017,0.92798,0.92822,1.65,1.50
2013.11.11 22:46:40.604,0.92797,0.92821,1.65,1.50
2013.11.11 22:46:50.951,0.92797,0.92821,1.65,1.50
2013.11.11 22:47:15.455,0.92797,0.9282,2.63,1.58
2013.11.11 22:47:17.235,0.92802,0.9282,2.33,1.58
2013.11.11 22:47:18.415,0.92802,0.9282,2.33,1.58
2013.11.11 22:47:27.285,0.92802,0.9282,1.13,2.33
2013.11.11 22:47:31.887,0.92801,0.9282,1.50,1.50
2013.11.11 22:47:31.946,0.92801,0.92825,1.13,3.08
2013.11.11 22:47:39.117,0.92801,0.92825,3.16,1.58
2013.11.11 22:47:42.215,0.92809,0.92825,5.25,1.58
2013.11.11 22:47:49.236,0.92809,0.92825,1.13,1.58
2013.11.11 22:47:52.226,0.92808,0.92824,4.88,1.50
2013.11.11 22:47:52.285,0.92802,0.92823,1.13,1.50
2013.11.11 22:47:53.975,0.92802,0.92821,1.13,1.50
2013.11.11 22:48:00.375,0.92802,0.92822,1.13,1.50
2013.11.11 22:48:09.165,0.92802,0.92822,1.13,1.13
2013.11.11 22:48:14.425,0.92802,0.92825,1.50,1.58
2013.11.11 22:48:15.369,0.92805,0.92826,2.33,1.65
2013.11.11 22:48:16.265,0.92801,0.92826,1.50,1.65
2013.11.11 22:48:16.325,0.92801,0.92823,1.50,1.13
2013.11.11 22:48:27.247,0.92801,0.92825,1.50,1.58
2013.11.11 22:48:27.606,0.92801,0.92826,1.88,1.65
2013.11.11 22:48:30.255,0.92801,0.92826,1.88,1.65
2013.11.11 22:48:37.174,0.92801,0.92827,1.13,1.50
2013.11.11 22:48:37.735,0.92801,0.92827,1.50,2.25
2013.11.11 22:48:40.265,0.92801,0.92824,1.13,1.13
2013.11.11 22:48:51.265,0.92801,0.92825,1.13,1.50
2013.11.11 22:48:54.225,0.92802,0.92827,1.50,1.50
2013.11.11 22:49:01.185,0.92803,0.92828,2.63,1.65
2013.11.11 22:49:01.486,0.92803,0.92826,1.58,1.13
2013.11.11 22:49:02.025,0.92803,0.92829,1.50,1.50
2013.11.11 22:50:01.699,0.92803,0.92836,1.28,3.00
2013.11.11 22:50:06.935,0.92803,0.92828,1.88,1.50
2013.11.11 22:50:07.056,0.92803,0.92828,1.20,1.88
2013.11.11 22:51:07.001,0.92799,0.9283,2.25,1.65
2013.11.11 22:51:25.937,0.92799,0.92829,3.76,1.58
2013.11.11 22:51:32.725,0.92805,0.92832,3.38,1.50
2013.11.11 22:51:33.030,0.92808,0.92832,1.50,1.50
2013.11.11 22:51:45.737,0.92808,0.92831,4.36,1.50
2013.11.11 22:51:45.797,0.92808,0.92831,3.61,1.50
2013.11.11 22:51:45.856,0.92808,0.92831,1.58,1.50
2013.11.11 22:51:55.716,0.92808,0.92832,1.50,1.50
2013.11.11 22:51:57.146,0.92808,0.92832,1.20,1.50
2013.11.11 22:51:57.206,0.92808,0.92832,1.50,1.50
2013.11.11 22:51:58.386,0.92808,0.92833,3.98,1.50
2013.11.11 22:52:00.005,0.92808,0.92833,3.98,1.50
2013.11.11 22:52:02.396,0.92808,0.92833,2.25,1.65
2013.11.11 22:52:03.436,0.92808,0.92833,2.40,1.50
2013.11.11 22:52:04.746,0.92804,0.92832,1.58,1.58
2013.11.11 22:52:04.806,0.92801,0.92825,2.25,1.13
2013.11.11 22:52:04.866,0.928,0.92825,1.58,1.13
2013.11.11 22:52:28.579,0.928,0.92827,1.50,1.28
2013.11.11 22:52:53.916,0.928,0.92827,1.58,1.50
2013.11.11 22:52:54.156,0.928,0.92829,1.20,1.58
2013.11.11 22:52:54.216,0.928,0.92828,1.20,1.50
2013.11.11 22:52:59.045,0.92798,0.92822,1.50,1.20
2013.11.11 22:52:59.106,0.92794,0.92822,1.58,1.58
2013.11.11 22:53:01.936,0.92794,0.92823,1.58,2.03
2013.11.11 22:53:01.997,0.92794,0.92823,3.38,1.13
2013.11.11 22:53:04.165,0.92794,0.92822,3.38,1.50
2013.11.11 22:53:04.226,0.92794,0.92822,3.38,1.50
2013.11.11 22:53:08.606,0.9279,0.92815,2.25,1.50
2013.11.11 22:53:08.666,0.9279,0.92815,1.13,1.50
2013.11.11 22:53:09.325,0.9279,0.92813,1.13,1.13
2013.11.11 22:53:09.906,0.92788,0.92813,1.88,1.13
2013.11.11 22:53:11.966,0.92788,0.92814,1.88,1.50
2013.11.11 22:53:15.166,0.92788,0.92813,1.88,1.13
2013.11.11 22:53:17.216,0.92788,0.92813,1.88,1.13
2013.11.11 22:53:23.176,0.92788,0.92813,1.88,1.13
2013.11.11 22:53:23.296,0.92785,0.92809,1.88,1.13
2013.11.11 22:53:26.145,0.92785,0.92806,1.88,1.50
2013.11.11 22:53:26.266,0.92781,0.92806,2.63,1.50
2013.11.11 22:53:36.685,0.92777,0.92803,2.63,1.50
2013.11.11 22:53:36.749,0.92777,0.92801,1.88,1.50
2013.11.11 22:53:36.826,0.92776,0.92799,2.25,1.13
2013.11.11 22:53:41.577,0.92775,0.92801,1.88,1.13
2013.11.11 22:53:47.568,0.92775,0.92801,1.88,1.13
2013.11.11 22:53:56.160,0.92771,0.92801,2.03,1.20
2013.11.11 22:53:56.216,0.92771,0.92801,1.28,1.20
2013.11.11 22:54:00.607,0.92767,0.92795,2.25,1.13
2013.11.11 22:54:01.726,0.9277,0.92797,1.50,2.63
2013.11.11 22:54:01.786,0.92772,0.92797,3.60,1.50
2013.11.11 22:54:03.177,0.92772,0.92794,2.93,1.43
2013.11.11 22:54:03.538,0.9277,0.92787,1.05,1.35
2013.11.11 22:54:03.716,0.9277,0.92804,1.13,1.88
2013.11.11 22:54:04.301,0.9277,0.92804,1.88,1.88
2013.11.11 22:54:06.628,0.9277,0.92804,2.63,1.88
2013.11.11 22:54:07.251,0.92771,0.92807,3.60,2.25
2013.11.11 22:54:11.756,0.92772,0.92807,5.10,2.25
2013.11.11 22:54:25.697,0.92778,0.92808,1.58,1.88
2013.11.11 22:54:26.345,0.9278,0.92813,3.38,1.88
2013.11.11 22:54:29.436,0.9278,0.92811,2.63,1.65
2013.11.11 22:54:29.676,0.9278,0.92806,1.50,1.65
2013.11.11 22:54:30.238,0.9278,0.92814,4.36,3.15
2013.11.11 22:54:31.197,0.9278,0.92811,3.61,1.50
2013.11.11 22:54:31.256,0.92779,0.92804,1.50,1.20
2013.11.11 22:54:31.438,0.92779,0.92806,1.50,2.03
2013.11.11 22:54:32.045,0.9278,0.92813,5.11,3.15
2013.11.11 22:54:33.516,0.92779,0.92809,2.63,1.20
2013.11.11 22:54:33.830,0.92779,0.92809,1.65,1.20
2013.11.11 22:54:42.196,0.92779,0.92807,2.63,1.13
2013.11.11 22:54:50.445,0.92782,0.92812,3.00,1.95
2013.11.11 22:54:52.196,0.92782,0.92812,3.00,1.58
2013.11.11 22:55:06.177,0.92789,0.92819,2.70,1.50
2013.11.11 22:55:06.297,0.92791,0.92823,4.13,1.65
2013.11.11 22:55:06.418,0.92791,0.92823,4.88,1.65
2013.11.11 22:55:07.486,0.92791,0.92822,3.38,1.20
2013.11.11 22:55:07.546,0.92791,0.92822,1.80,2.63
2013.11.11 22:55:07.606,0.92789,0.92821,1.65,2.63
2013.11.11 22:55:08.263,0.92788,0.9282,1.65,1.28
2013.11.11 22:55:19.587,0.92788,0.9282,1.65,1.28
2013.11.11 22:55:22.916,0.92787,0.92817,1.88,2.25
2013.11.11 22:55:22.976,0.92784,0.92814,1.88,1.20
2013.11.11 22:55:43.626,0.92783,0.92811,1.65,1.50
2013.11.11 22:55:48.206,0.92783,0.92814,1.50,1.28
2013.11.11 22:56:00.256,0.92783,0.92816,1.50,2.63
2013.11.11 22:56:38.998,0.92784,0.92813,1.50,1.80
2013.11.11 22:56:39.765,0.92787,0.92812,3.00,1.88
2013.11.11 22:56:47.437,0.92787,0.92799,1.50,1.13
2013.11.11 22:56:47.563,0.92787,0.92807,1.50,1.13
2013.11.11 22:56:47.987,0.92784,0.92807,1.88,1.88
2013.11.11 22:56:48.599,0.92784,0.92808,1.50,1.88
2013.11.11 22:56:51.147,0.92783,0.92808,1.50,1.88
2013.11.11 22:56:51.206,0.9278,0.92808,1.50,2.63
2013.11.11 22:56:51.328,0.92779,0.92804,2.25,1.88
2013.11.11 22:56:55.408,0.92779,0.92804,1.50,1.88
2013.11.11 22:56:55.466,0.92779,0.92801,1.50,1.80
2013.11.11 22:56:57.567,0.92777,0.92799,1.50,1.13
2013.11.11 22:57:01.767,0.92777,0.92799,1.50,1.88
2013.11.11 22:57:01.827,0.92774,0.92799,1.88,1.88
2013.11.11 22:57:01.887,0.92767,0.92796,1.50,1.88
2013.11.11 22:57:01.946,0.92766,0.92796,1.88,1.88
2013.11.11 22:57:02.427,0.92766,0.92796,2.63,1.88
2013.11.11 22:57:02.677,0.92766,0.92796,2.63,1.88
2013.11.11 22:57:06.862,0.92766,0.92796,1.50,1.88
2013.11.11 22:57:08.488,0.92766,0.92796,1.50,1.88
2013.11.11 22:57:09.151,0.92766,0.92796,1.50,1.88
2013.11.11 22:57:09.397,0.92766,0.92796,2.63,1.88
2013.11.11 22:57:09.457,0.92766,0.92796,1.50,1.88
2013.11.11 22:57:09.597,0.92766,0.92796,2.63,1.88
2013.11.11 22:57:15.997,0.92766,0.92796,1.50,1.88
2013.11.11 22:57:18.486,0.92766,0.92796,1.50,2.63
2013.11.11 22:57:18.547,0.92766,0.92796,1.50,2.63
2013.11.11 22:57:19.177,0.92766,0.92792,1.50,1.13
2013.11.11 22:57:19.237,0.92762,0.92791,1.65,1.50
2013.11.11 22:57:24.437,0.92762,0.92791,1.50,1.65
2013.11.11 22:57:38.747,0.92762,0.9279,1.50,1.88
2013.11.11 22:57:38.867,0.92762,0.92793,3.00,2.63
2013.11.11 22:57:43.806,0.92762,0.92793,3.00,1.88
2013.11.11 22:57:46.937,0.92762,0.92786,3.38,1.05
2013.11.11 22:57:47.057,0.92762,0.92792,3.38,1.88
2013.11.11 22:57:47.267,0.92762,0.92787,2.63,1.65
2013.11.11 22:57:47.388,0.92762,0.92782,1.88,1.50
2013.11.11 22:57:47.737,0.92758,0.92782,1.13,1.50
2013.11.11 22:57:47.856,0.92758,0.92783,1.50,1.50
2013.11.11 22:57:48.679,0.92758,0.92788,1.50,1.88
2013.11.11 22:57:50.207,0.92758,0.92788,1.50,1.88
2013.11.11 22:57:50.267,0.92758,0.92785,1.50,1.88
2013.11.11 22:57:50.447,0.92756,0.92783,1.50,1.65
2013.11.11 22:57:52.067,0.92756,0.92776,1.50,1.05
2013.11.11 22:57:52.436,0.92756,0.9278,1.50,1.88
2013.11.11 22:57:52.617,0.92757,0.92781,2.63,1.05
2013.11.11 22:57:52.676,0.92759,0.92786,1.50,1.58
2013.11.11 22:57:52.737,0.92759,0.92787,1.50,2.33
2013.11.11 22:57:52.798,0.92762,0.92788,3.00,1.50
2013.11.11 22:57:53.058,0.92762,0.92785,3.00,1.05
2013.11.11 22:57:53.298,0.92762,0.92789,3.00,1.28
2013.11.11 22:57:53.896,0.92762,0.92784,3.00,1.05
2013.11.11 22:57:53.957,0.92762,0.92789,3.00,1.28
2013.11.11 22:57:54.017,0.92762,0.92787,3.00,1.88
2013.11.11 22:57:54.328,0.92758,0.92786,1.50,1.65
2013.11.11 22:57:54.916,0.92758,0.92784,1.50,1.58
2013.11.11 22:57:54.977,0.92754,0.92784,1.65,2.55
2013.11.11 22:57:55.036,0.92754,0.92783,1.58,2.03
2013.11.11 22:57:55.578,0.92754,0.9278,1.50,1.88
2013.11.11 22:57:57.646,0.92754,0.9278,1.50,1.13
2013.11.11 22:57:57.709,0.92754,0.92783,1.50,2.78
2013.11.11 22:57:57.767,0.92755,0.92783,2.63,1.88
2013.11.11 22:57:58.367,0.92757,0.92785,3.15,1.58
2013.11.11 22:57:58.426,0.92759,0.92788,2.25,3.00
2013.11.11 22:57:59.177,0.92759,0.92785,2.78,1.50
2013.11.11 22:57:59.297,0.92758,0.92783,1.50,1.58
2013.11.11 22:57:59.416,0.92755,0.92781,2.25,1.65
2013.11.11 22:58:00.323,0.92755,0.92781,2.25,1.50
2013.11.11 22:58:01.416,0.92751,0.9278,1.50,1.88
2013.11.11 22:58:02.959,0.92751,0.9278,1.50,1.50
2013.11.11 22:58:12.098,0.92751,0.92782,2.63,1.50
2013.11.11 22:58:23.106,0.92751,0.92783,2.25,1.50
2013.11.11 22:58:39.236,0.92751,0.92782,3.00,1.50
2013.11.11 22:58:51.976,0.92755,0.92783,1.50,1.50
2013.11.11 22:58:52.157,0.92755,0.92784,1.13,1.50
2013.11.11 22:58:52.217,0.92755,0.92783,1.88,2.25
2013.11.11 22:58:52.576,0.92755,0.9278,1.50,2.25
2013.11.11 22:58:52.743,0.92755,0.92783,1.50,2.25
2013.11.11 22:58:58.987,0.92755,0.92783,2.25,2.25
2013.11.11 22:58:59.047,0.92757,0.92784,2.63,1.50
2013.11.11 22:58:59.167,0.92757,0.92785,1.88,1.50
2013.11.11 22:58:59.287,0.92755,0.92783,1.88,1.50
2013.11.11 22:59:00.186,0.92755,0.92783,1.13,1.50
2013.11.11 22:59:04.446,0.92754,0.92779,1.50,1.50
2013.11.11 22:59:04.566,0.92752,0.92774,1.50,1.50
2013.11.11 22:59:07.967,0.92752,0.92777,1.50,1.50
2013.11.11 22:59:08.087,0.92753,0.92779,3.00,1.50
2013.11.11 22:59:09.157,0.92753,0.92779,3.00,1.50
2013.11.11 22:59:09.736,0.92753,0.92779,2.25,1.50
2013.11.11 22:59:09.916,0.92752,0.92774,1.88,1.50
2013.11.11 22:59:16.448,0.92752,0.92777,1.50,1.50
2013.11.11 22:59:16.507,0.92752,0.92777,1.50,1.50
2013.11.11 22:59:16.866,0.92752,0.92777,1.50,1.50
2013.11.11 22:59:17.414,0.92751,0.92774,2.25,1.50
2013.11.11 22:59:22.146,0.92751,0.92773,1.50,1.50
2013.11.11 22:59:22.779,0.92748,0.92767,1.50,1.50
2013.11.11 22:59:23.486,0.92748,0.9277,2.25,1.50
2013.11.11 22:59:24.997,0.92748,0.92774,2.25,1.50
2013.11.11 22:59:25.124,0.9275,0.92775,3.38,1.50
2013.11.11 22:59:25.189,0.9275,0.92772,3.38,1.50
2013.11.11 22:59:25.256,0.9275,0.92772,2.63,2.25
2013.11.11 22:59:25.316,0.92748,0.92772,1.50,1.50
2013.11.11 22:59:25.497,0.92748,0.92773,1.88,1.50
2013.11.11 22:59:27.187,0.92748,0.92773,1.13,1.50
2013.11.11 22:59:27.306,0.92746,0.92773,1.13,2.25
2013.11.11 22:59:29.047,0.92745,0.92772,2.63,1.50
2013.11.11 22:59:29.167,0.92745,0.92772,2.63,1.50
2013.11.11 22:59:29.537,0.92745,0.92772,3.38,1.50
2013.11.11 22:59:29.886,0.92745,0.92772,1.88,1.50
2013.11.11 22:59:29.946,0.92744,0.9277,2.25,1.13
2013.11.11 22:59:32.467,0.92744,0.92772,3.38,2.25
2013.11.11 22:59:33.126,0.92744,0.92772,3.38,2.25
2013.11.11 22:59:33.246,0.92744,0.92773,3.00,1.50
2013.11.11 22:59:33.557,0.92744,0.92772,3.38,1.50
2013.11.11 22:59:35.427,0.92744,0.9277,1.50,1.50
2013.11.11 22:59:35.606,0.92742,0.9277,1.88,2.63
2013.11.11 22:59:36.396,0.92742,0.9277,2.63,2.63
2013.11.11 22:59:36.458,0.92742,0.9277,3.00,1.13
2013.11.11 22:59:38.677,0.92744,0.92771,4.13,1.50
2013.11.11 22:59:41.516,0.92744,0.9277,1.13,2.25
2013.11.11 22:59:41.816,0.92744,0.92766,1.13,1.50
2013.11.11 22:59:43.617,0.92743,0.92767,1.88,1.50
2013.11.11 22:59:46.047,0.92743,0.92764,1.50,1.50
2013.11.11 22:59:46.107,0.92743,0.92764,1.50,1.50
2013.11.11 22:59:50.493,0.92743,0.92763,1.50,1.50
