2013.07.16 04:00:00.542,0.91303,0.91321,1.50,1.69
2013.07.16 04:00:02.792,0.91305,0.91322,1.50,2.44
2013.07.16 04:00:03.152,0.91305,0.91324,2.44,1.50
2013.07.16 04:00:04.312,0.91307,0.91326,1.69,2.44
2013.07.16 04:00:05.362,0.91308,0.91326,1.69,1.50
2013.07.16 04:00:05.482,0.9131,0.91328,1.50,2.07
2013.07.16 04:00:05.903,0.91313,0.91328,1.50,1.32
2013.07.16 04:00:06.216,0.91318,0.91335,1.13,1.69
2013.07.16 04:00:06.524,0.91328,0.91338,1.50,1.50
2013.07.16 04:00:06.583,0.91328,0.91345,1.50,3.94
2013.07.16 04:00:06.642,0.91328,0.91345,1.69,1.69
2013.07.16 04:00:07.022,0.91329,0.91347,3.00,1.69
2013.07.16 04:00:07.394,0.91332,0.91348,1.50,2.07
2013.07.16 04:00:07.933,0.9133,0.91348,1.50,2.07
2013.07.16 04:00:08.052,0.9133,0.91348,1.69,1.32
2013.07.16 04:00:08.592,0.9133,0.91348,1.69,1.32
2013.07.16 04:00:09.532,0.9133,0.91348,1.69,2.44
2013.07.16 04:00:09.593,0.9133,0.91345,1.69,1.13
2013.07.16 04:00:10.004,0.91322,0.91339,5.63,1.69
2013.07.16 04:00:10.572,0.91322,0.91339,1.50,1.69
2013.07.16 04:00:11.162,0.91323,0.91339,2.25,1.50
2013.07.16 04:00:11.703,0.91325,0.91342,3.19,1.32
2013.07.16 04:00:12.302,0.91323,0.91342,1.50,1.32
2013.07.16 04:00:16.854,0.91323,0.91342,2.63,1.69
2013.07.16 04:00:16.912,0.91325,0.91342,1.50,1.69
2013.07.16 04:00:17.212,0.91328,0.91345,1.50,1.69
2013.07.16 04:00:17.272,0.91329,0.91346,2.25,2.82
2013.07.16 04:00:17.392,0.91327,0.91346,2.44,2.44
2013.07.16 04:00:19.003,0.91327,0.91344,2.44,1.69
2013.07.16 04:00:21.002,0.91329,0.91346,1.50,2.07
2013.07.16 04:00:21.583,0.91332,0.91347,1.50,3.19
2013.07.16 04:00:22.132,0.91328,0.91346,1.50,2.44
2013.07.16 04:00:22.192,0.91327,0.91346,1.69,2.44
2013.07.16 04:00:22.722,0.91329,0.91346,1.50,1.69
2013.07.16 04:00:23.026,0.91327,0.9134,1.50,1.50
2013.07.16 04:00:23.153,0.91327,0.9134,2.25,1.88
2013.07.16 04:00:23.456,0.91328,0.91344,1.50,2.44
2013.07.16 04:00:24.183,0.91328,0.91344,1.50,2.44
2013.07.16 04:00:24.792,0.91327,0.91344,2.25,2.44
2013.07.16 04:00:24.912,0.91327,0.91345,3.19,1.32
2013.07.16 04:00:29.072,0.91328,0.91347,1.69,2.44
2013.07.16 04:00:29.623,0.91328,0.91346,1.50,2.44
2013.07.16 04:00:30.102,0.9133,0.91346,1.50,1.69
2013.07.16 04:00:31.302,0.9133,0.91349,2.25,1.69
2013.07.16 04:00:32.724,0.9133,0.91349,2.25,2.44
2013.07.16 04:00:33.622,0.9133,0.9135,2.25,3.94
2013.07.16 04:00:33.683,0.9133,0.9135,3.00,2.44
2013.07.16 04:00:33.923,0.9133,0.9135,2.25,3.19
2013.07.16 04:00:36.873,0.91328,0.91348,2.25,3.94
2013.07.16 04:00:36.994,0.91328,0.91348,1.50,3.19
2013.07.16 04:00:37.562,0.91327,0.91347,2.44,1.69
2013.07.16 04:00:38.092,0.91326,0.91346,1.69,1.69
2013.07.16 04:00:39.552,0.91325,0.91346,2.44,1.69
2013.07.16 04:00:40.532,0.91326,0.91346,1.69,1.69
2013.07.16 04:00:41.072,0.91329,0.91348,1.88,3.19
2013.07.16 04:00:41.593,0.91331,0.91349,1.50,3.94
2013.07.16 04:00:48.867,0.91331,0.91348,1.50,2.44
2013.07.16 04:00:51.212,0.91331,0.91348,1.50,3.19
2013.07.16 04:00:54.432,0.91331,0.91348,1.50,3.94
2013.07.16 04:00:54.943,0.91331,0.91348,2.25,1.69
2013.07.16 04:00:55.995,0.91331,0.91349,1.69,3.19
2013.07.16 04:00:56.502,0.91331,0.91348,1.69,1.69
2013.07.16 04:00:57.062,0.9133,0.91348,2.44,1.69
2013.07.16 04:01:00.302,0.9133,0.91345,2.44,1.13
2013.07.16 04:01:02.832,0.91329,0.91345,1.69,1.88
2013.07.16 04:01:03.478,0.91329,0.91345,1.69,1.50
2013.07.16 04:01:04.945,0.91329,0.91336,1.69,1.50
2013.07.16 04:01:05.074,0.91328,0.91342,1.50,2.07
2013.07.16 04:01:05.133,0.91325,0.91342,1.69,1.69
2013.07.16 04:01:05.192,0.91325,0.91343,1.69,3.94
2013.07.16 04:01:05.372,0.91329,0.91343,1.50,1.69
2013.07.16 04:01:05.494,0.9133,0.91346,1.69,1.50
2013.07.16 04:01:05.552,0.9133,0.91348,2.44,2.82
2013.07.16 04:01:06.272,0.91331,0.91347,2.44,1.50
2013.07.16 04:01:07.012,0.91331,0.91347,2.44,1.50
2013.07.16 04:01:13.883,0.91331,0.91348,3.19,3.19
2013.07.16 04:01:15.094,0.91332,0.91348,1.69,1.69
2013.07.16 04:01:17.962,0.91332,0.91349,1.69,1.69
2013.07.16 04:01:18.581,0.91334,0.9135,3.00,1.69
2013.07.16 04:01:19.224,0.91334,0.91352,3.94,2.82
2013.07.16 04:01:21.653,0.91335,0.91352,1.50,2.44
2013.07.16 04:01:22.411,0.91334,0.91352,2.25,3.19
2013.07.16 04:01:26.952,0.91334,0.9135,2.25,2.44
2013.07.16 04:01:27.372,0.91331,0.91349,2.25,1.69
2013.07.16 04:01:27.492,0.9133,0.91349,3.19,1.69
2013.07.16 04:01:27.553,0.91331,0.9135,1.50,2.44
2013.07.16 04:01:34.893,0.91331,0.91348,1.50,2.44
2013.07.16 04:01:37.792,0.91331,0.9135,1.50,2.44
2013.07.16 04:01:41.612,0.91331,0.91351,1.50,4.69
2013.07.16 04:01:42.106,0.9133,0.9135,2.25,1.69
2013.07.16 04:01:44.902,0.9133,0.91348,1.50,3.94
2013.07.16 04:01:47.842,0.9133,0.91349,1.50,2.44
2013.07.16 04:01:49.174,0.91332,0.91349,1.50,2.44
2013.07.16 04:01:52.072,0.91332,0.9135,1.50,2.44
2013.07.16 04:01:55.312,0.91332,0.9135,1.50,2.44
2013.07.16 04:01:57.612,0.91333,0.91351,2.44,2.44
2013.07.16 04:01:59.493,0.91333,0.9135,1.50,1.69
2013.07.16 04:02:00.255,0.91332,0.9135,1.50,2.44
2013.07.16 04:02:05.483,0.91333,0.9135,1.13,2.44
2013.07.16 04:02:05.543,0.91332,0.9135,1.88,2.44
2013.07.16 04:02:05.602,0.91333,0.9135,1.13,2.44
2013.07.16 04:02:05.967,0.91332,0.9135,1.50,2.44
2013.07.16 04:02:07.712,0.91332,0.91349,1.50,1.69
2013.07.16 04:02:08.722,0.91332,0.91349,2.25,2.44
2013.07.16 04:02:09.023,0.91332,0.91349,2.25,1.69
2013.07.16 04:02:11.023,0.9133,0.9135,1.69,3.94
2013.07.16 04:02:12.533,0.91332,0.9135,3.00,2.44
2013.07.16 04:02:13.133,0.91333,0.91351,1.69,2.44
2013.07.16 04:02:15.592,0.91333,0.91351,1.69,2.44
2013.07.16 04:02:24.942,0.91334,0.91353,2.82,2.44
2013.07.16 04:02:27.703,0.91333,0.91351,1.69,2.44
2013.07.16 04:02:28.232,0.91333,0.91351,2.44,1.69
2013.07.16 04:02:28.726,0.91333,0.91351,2.44,1.69
2013.07.16 04:02:29.503,0.91334,0.91351,1.50,1.69
2013.07.16 04:02:32.472,0.91334,0.9135,1.50,2.44
2013.07.16 04:02:33.055,0.91332,0.9135,2.25,2.44
2013.07.16 04:02:33.737,0.91333,0.91351,1.50,1.69
2013.07.16 04:02:39.852,0.91332,0.91351,1.50,1.69
2013.07.16 04:02:41.533,0.91333,0.9135,2.44,1.50
2013.07.16 04:02:42.092,0.91337,0.91353,1.50,1.69
2013.07.16 04:02:43.702,0.91338,0.91355,1.50,2.44
2013.07.16 04:02:44.242,0.91339,0.91357,2.25,3.27
2013.07.16 04:02:44.422,0.91344,0.91359,1.69,3.83
2013.07.16 04:02:44.962,0.91346,0.91362,1.50,1.77
2013.07.16 04:02:45.412,0.91347,0.91365,1.50,2.59
2013.07.16 04:02:45.922,0.91347,0.91365,2.25,2.44
2013.07.16 04:02:46.204,0.91346,0.91365,2.25,3.19
2013.07.16 04:02:46.740,0.91347,0.91365,1.50,2.44
2013.07.16 04:02:47.912,0.91346,0.91365,2.25,3.19
2013.07.16 04:02:48.213,0.91345,0.9136,3.00,1.69
2013.07.16 04:02:50.172,0.91346,0.91364,1.50,2.44
2013.07.16 04:02:56.371,0.91346,0.9136,1.50,2.44
2013.07.16 04:02:56.432,0.91345,0.9136,2.25,3.57
2013.07.16 04:02:56.553,0.91342,0.9136,2.25,5.07
2013.07.16 04:02:57.095,0.91342,0.91359,1.50,1.69
2013.07.16 04:02:57.756,0.91342,0.91359,1.50,1.69
2013.07.16 04:02:58.641,0.91342,0.91359,1.50,1.69
2013.07.16 04:02:58.883,0.91342,0.9136,1.69,4.32
2013.07.16 04:02:58.942,0.91342,0.9136,1.69,3.19
2013.07.16 04:02:59.182,0.91345,0.91362,1.69,1.50
2013.07.16 04:02:59.303,0.91348,0.91365,1.50,3.19
2013.07.16 04:03:00.313,0.9135,0.91367,1.50,3.94
2013.07.16 04:03:01.983,0.91349,0.91366,1.50,2.44
2013.07.16 04:03:02.352,0.91346,0.91364,1.69,1.69
2013.07.16 04:03:02.474,0.91351,0.91364,1.13,1.69
2013.07.16 04:03:02.972,0.91351,0.91367,2.25,2.44
2013.07.16 04:03:03.653,0.9135,0.91367,1.50,2.44
2013.07.16 04:03:03.712,0.91349,0.91367,3.75,2.44
2013.07.16 04:03:03.952,0.91349,0.91367,2.44,1.69
2013.07.16 04:03:05.543,0.91348,0.91367,2.44,1.69
2013.07.16 04:03:08.643,0.91347,0.91366,1.50,2.44
2013.07.16 04:03:08.762,0.91346,0.91364,1.50,1.69
2013.07.16 04:03:08.942,0.91345,0.91364,2.44,1.69
2013.07.16 04:03:09.063,0.91345,0.91365,2.44,3.19
2013.07.16 04:03:09.622,0.91347,0.91365,2.25,1.69
2013.07.16 04:03:10.093,0.91348,0.91365,1.13,1.69
2013.07.16 04:03:10.402,0.91359,0.91371,1.13,2.44
2013.07.16 04:03:10.523,0.91354,0.91367,1.50,1.69
2013.07.16 04:03:11.073,0.91352,0.91368,1.13,2.82
2013.07.16 04:03:12.887,0.91351,0.91368,2.44,2.44
2013.07.16 04:03:13.073,0.91358,0.91371,1.13,1.50
2013.07.16 04:03:13.193,0.91357,0.91374,1.32,1.69
2013.07.16 04:03:13.433,0.91359,0.91375,2.25,2.44
2013.07.16 04:03:14.642,0.91358,0.91376,3.94,2.59
2013.07.16 04:03:24.802,0.91358,0.91376,2.44,3.34
2013.07.16 04:03:35.872,0.91358,0.91376,1.32,1.84
2013.07.16 04:03:47.425,0.91358,0.91374,2.07,1.50
2013.07.16 04:03:48.453,0.91358,0.91374,2.44,2.25
2013.07.16 04:03:48.513,0.91358,0.91373,2.44,1.50
2013.07.16 04:03:48.693,0.91355,0.91371,2.25,1.69
2013.07.16 04:03:48.756,0.91354,0.91371,1.69,1.69
2013.07.16 04:03:48.823,0.91353,0.91368,1.50,2.44
2013.07.16 04:03:48.942,0.91351,0.91368,3.00,2.44
2013.07.16 04:03:50.002,0.91349,0.91367,2.44,1.69
2013.07.16 04:03:50.242,0.91348,0.91366,1.69,3.19
2013.07.16 04:03:51.572,0.91348,0.91366,2.44,3.19
2013.07.16 04:03:53.513,0.91349,0.91366,3.00,2.44
2013.07.16 04:03:53.933,0.91349,0.91365,2.25,1.69
2013.07.16 04:03:54.962,0.91352,0.91369,2.25,2.44
2013.07.16 04:03:55.553,0.91353,0.91369,1.88,2.44
2013.07.16 04:03:55.672,0.91355,0.91372,1.13,1.69
2013.07.16 04:03:55.853,0.91359,0.91376,1.50,1.28
2013.07.16 04:03:55.913,0.91359,0.91377,1.50,1.84
2013.07.16 04:04:00.164,0.9136,0.91377,1.50,1.09
2013.07.16 04:04:00.605,0.91359,0.91377,3.00,1.09
2013.07.16 04:04:00.853,0.91356,0.91375,2.44,1.69
2013.07.16 04:04:01.393,0.91355,0.91373,1.69,1.13
2013.07.16 04:04:15.843,0.91355,0.91373,1.88,1.88
2013.07.16 04:04:15.903,0.91354,0.91372,2.44,1.13
2013.07.16 04:04:16.272,0.91354,0.91372,1.50,2.44
2013.07.16 04:04:16.762,0.91352,0.91368,1.50,3.19
2013.07.16 04:04:16.943,0.91349,0.91366,1.32,1.69
2013.07.16 04:04:17.482,0.91348,0.91365,1.69,1.69
2013.07.16 04:04:17.611,0.91348,0.91365,1.69,3.19
2013.07.16 04:04:18.262,0.91347,0.91365,2.44,3.94
2013.07.16 04:04:18.803,0.91347,0.91363,1.69,1.13
2013.07.16 04:04:19.660,0.91347,0.91363,1.50,1.32
2013.07.16 04:04:22.533,0.91345,0.91363,1.50,2.44
2013.07.16 04:04:22.892,0.91343,0.9136,1.32,2.44
2013.07.16 04:04:23.384,0.91341,0.91358,1.50,2.44
2013.07.16 04:04:23.504,0.91339,0.91356,2.25,1.69
2013.07.16 04:04:24.552,0.91337,0.91356,1.69,3.57
2013.07.16 04:04:24.992,0.91336,0.91356,3.19,5.82
2013.07.16 04:04:27.892,0.91336,0.91353,3.00,2.44
2013.07.16 04:04:28.132,0.91334,0.91352,2.07,2.82
2013.07.16 04:04:28.672,0.91333,0.91351,1.69,1.69
2013.07.16 04:04:29.192,0.91334,0.91349,1.13,1.69
2013.07.16 04:04:29.252,0.91331,0.91349,2.63,2.44
2013.07.16 04:04:29.432,0.9133,0.91348,1.50,1.69
2013.07.16 04:04:31.432,0.91329,0.91348,2.25,3.19
2013.07.16 04:04:35.722,0.91329,0.91348,2.63,2.44
2013.07.16 04:04:36.148,0.91331,0.91348,2.25,3.19
2013.07.16 04:04:37.153,0.91333,0.9135,2.25,1.69
2013.07.16 04:04:37.452,0.91336,0.91353,2.07,1.69
2013.07.16 04:04:37.996,0.91337,0.91356,3.00,3.19
2013.07.16 04:04:38.062,0.91337,0.91356,3.00,3.94
2013.07.16 04:04:38.613,0.91337,0.91356,3.00,2.44
2013.07.16 04:04:39.220,0.91337,0.91355,3.19,2.44
2013.07.16 04:04:39.663,0.91334,0.91352,1.69,2.44
2013.07.16 04:04:40.284,0.91332,0.91351,2.44,1.69
2013.07.16 04:04:40.522,0.91332,0.91352,3.57,3.19
2013.07.16 04:04:40.823,0.91335,0.91353,1.69,1.69
2013.07.16 04:04:41.352,0.91336,0.91355,1.50,3.19
2013.07.16 04:04:41.762,0.91337,0.91355,1.69,2.44
2013.07.16 04:04:42.320,0.91337,0.91356,3.19,1.69
2013.07.16 04:04:42.883,0.91338,0.91354,1.13,2.44
2013.07.16 04:04:44.673,0.91337,0.91353,1.50,2.44
2013.07.16 04:04:44.792,0.91335,0.91353,1.50,3.19
2013.07.16 04:04:48.024,0.91334,0.9135,1.50,3.19
2013.07.16 04:04:48.326,0.91331,0.9135,1.69,3.19
2013.07.16 04:04:48.872,0.9133,0.91347,2.07,1.50
2013.07.16 04:04:54.352,0.9133,0.91347,2.07,2.44
2013.07.16 04:04:56.533,0.9133,0.91346,1.32,2.44
2013.07.16 04:04:56.893,0.91329,0.91344,1.50,3.19
2013.07.16 04:04:57.012,0.9133,0.91346,1.69,1.69
2013.07.16 04:04:57.513,0.91331,0.91347,1.50,1.69
2013.07.16 04:04:58.354,0.91332,0.91348,1.50,2.44
2013.07.16 04:04:58.533,0.91333,0.91349,1.13,2.44
2013.07.16 04:04:59.093,0.91334,0.91349,1.50,1.69
2013.07.16 04:04:59.596,0.91333,0.91349,1.88,1.69
2013.07.16 04:05:04.442,0.91333,0.9135,2.63,2.25
2013.07.16 04:05:05.195,0.91333,0.91352,1.88,3.19
2013.07.16 04:05:06.662,0.91333,0.9135,2.82,1.69
2013.07.16 04:05:16.433,0.91333,0.9135,1.32,3.19
2013.07.16 04:05:28.350,0.91332,0.91349,1.50,2.82
2013.07.16 04:05:37.113,0.91335,0.91351,1.50,3.19
2013.07.16 04:05:37.173,0.91335,0.91352,1.50,3.19
2013.07.16 04:05:39.934,0.91335,0.91352,1.50,2.82
2013.07.16 04:05:48.082,0.91335,0.91352,1.69,2.44
2013.07.16 04:05:56.182,0.91335,0.91353,1.69,2.82
2013.07.16 04:06:01.163,0.91335,0.91352,2.44,1.50
2013.07.16 04:06:01.284,0.91331,0.91343,1.32,1.13
2013.07.16 04:06:01.403,0.91329,0.91344,1.69,3.19
2013.07.16 04:06:01.463,0.91329,0.91344,1.69,2.07
2013.07.16 04:06:01.822,0.9133,0.91345,1.50,1.69
2013.07.16 04:06:02.544,0.91334,0.91347,1.50,2.44
2013.07.16 04:06:02.603,0.91335,0.91351,1.50,1.69
2013.07.16 04:06:03.502,0.91335,0.91353,1.50,4.32
2013.07.16 04:06:03.993,0.91335,0.91351,1.50,1.69
2013.07.16 04:06:04.053,0.91335,0.91351,1.50,1.69
2013.07.16 04:06:30.444,0.91335,0.91351,1.69,1.69
2013.07.16 04:06:30.503,0.91336,0.91351,1.50,1.69
2013.07.16 04:06:31.082,0.91336,0.91353,1.50,2.82
2013.07.16 04:06:34.942,0.91336,0.91354,1.69,3.19
2013.07.16 04:06:36.653,0.91337,0.91354,1.50,1.69
2013.07.16 04:06:36.832,0.91338,0.91355,1.50,1.69
2013.07.16 04:06:36.953,0.9134,0.91357,1.50,2.44
2013.07.16 04:06:37.076,0.9134,0.91357,2.25,1.69
2013.07.16 04:06:37.644,0.9134,0.91357,2.25,1.69
2013.07.16 04:06:38.063,0.91339,0.91357,1.69,2.44
2013.07.16 04:06:42.123,0.91341,0.91357,1.50,1.69
2013.07.16 04:06:45.016,0.91343,0.91359,1.88,1.69
2013.07.16 04:06:47.783,0.91344,0.91359,2.25,1.69
2013.07.16 04:06:48.374,0.91344,0.9136,1.50,3.19
2013.07.16 04:06:48.913,0.91344,0.91361,1.50,1.69
2013.07.16 04:06:48.973,0.91344,0.91362,2.25,3.19
2013.07.16 04:06:51.093,0.91344,0.91362,1.50,3.19
2013.07.16 04:06:51.603,0.91344,0.91362,1.69,2.44
2013.07.16 04:06:53.714,0.91346,0.91362,1.50,1.69
2013.07.16 04:06:54.243,0.91346,0.91363,1.50,3.19
2013.07.16 04:06:57.772,0.91346,0.91363,1.50,3.19
2013.07.16 04:06:58.075,0.91348,0.91364,1.88,3.19
2013.07.16 04:06:58.973,0.91345,0.91361,1.50,1.69
2013.07.16 04:06:59.502,0.91344,0.91361,2.63,2.44
2013.07.16 04:06:59.743,0.91346,0.91361,1.50,1.69
2013.07.16 04:07:00.385,0.91347,0.91363,1.88,3.19
2013.07.16 04:07:01.403,0.91347,0.91363,1.50,3.19
2013.07.16 04:07:01.643,0.91349,0.91364,1.13,1.69
2013.07.16 04:07:03.466,0.91352,0.91366,2.25,1.69
2013.07.16 04:07:03.715,0.91352,0.9137,2.82,2.44
2013.07.16 04:07:04.262,0.91352,0.9137,2.44,3.19
2013.07.16 04:07:04.976,0.9135,0.91368,2.44,1.69
2013.07.16 04:07:14.180,0.91351,0.9137,1.69,2.44
2013.07.16 04:07:15.172,0.91353,0.9137,1.69,1.69
2013.07.16 04:07:15.293,0.91353,0.9137,1.88,3.94
2013.07.16 04:07:15.653,0.91355,0.9137,1.50,2.44
2013.07.16 04:07:18.624,0.91357,0.9137,1.50,2.44
2013.07.16 04:07:18.743,0.91357,0.91373,1.50,3.19
2013.07.16 04:07:22.003,0.91359,0.91375,1.50,1.69
2013.07.16 04:07:22.303,0.9136,0.91377,2.44,1.09
2013.07.16 04:07:24.493,0.91362,0.91377,1.50,1.09
2013.07.16 04:07:25.672,0.91363,0.91379,3.00,1.09
2013.07.16 04:07:25.912,0.91367,0.9138,1.13,1.09
2013.07.16 04:07:28.002,0.91368,0.91385,1.69,1.69
2013.07.16 04:07:31.625,0.9137,0.91386,1.50,3.19
2013.07.16 04:07:32.163,0.91372,0.91385,1.50,1.69
2013.07.16 04:07:32.818,0.9137,0.91385,1.50,1.69
2013.07.16 04:07:34.914,0.9137,0.91386,1.69,1.69
2013.07.16 04:07:35.543,0.91369,0.91386,2.44,1.69
2013.07.16 04:07:36.803,0.9137,0.91387,1.69,2.44
2013.07.16 04:07:45.664,0.91368,0.91387,3.19,2.44
2013.07.16 04:07:45.729,0.91368,0.91384,2.44,1.50
2013.07.16 04:07:45.794,0.91368,0.91382,1.50,1.69
2013.07.16 04:07:46.033,0.91363,0.91381,1.69,2.44
2013.07.16 04:07:46.093,0.91362,0.91378,4.88,1.32
2013.07.16 04:07:46.274,0.91359,0.91374,1.50,1.50
2013.07.16 04:07:46.823,0.91359,0.91374,2.25,1.50
2013.07.16 04:07:47.003,0.91359,0.91374,2.25,1.50
2013.07.16 04:07:47.123,0.91359,0.91376,2.25,1.69
2013.07.16 04:07:47.654,0.91362,0.91377,1.50,1.69
2013.07.16 04:07:49.783,0.91362,0.91377,1.50,1.69
2013.07.16 04:07:57.003,0.91362,0.91378,2.25,1.50
2013.07.16 04:07:57.123,0.91362,0.91379,1.50,2.44
2013.07.16 04:07:57.313,0.91362,0.91379,1.50,1.69
2013.07.16 04:07:57.614,0.91361,0.91378,1.50,1.50
2013.07.16 04:07:57.672,0.91359,0.91378,1.69,1.50
2013.07.16 04:07:58.522,0.9136,0.91378,1.69,1.69
2013.07.16 04:07:59.222,0.91357,0.91377,5.82,2.44
2013.07.16 04:08:00.352,0.91357,0.91377,6.94,2.44
2013.07.16 04:08:00.683,0.91364,0.91378,2.25,2.44
2013.07.16 04:08:01.183,0.91361,0.91378,1.50,3.19
2013.07.16 04:08:07.493,0.91362,0.9138,1.50,2.44
2013.07.16 04:08:18.812,0.9136,0.91378,5.07,3.19
2013.07.16 04:08:22.182,0.9136,0.91378,6.57,1.69
2013.07.16 04:08:22.732,0.91361,0.91378,1.50,1.69
2013.07.16 04:08:26.673,0.91362,0.91379,1.69,1.69
2013.07.16 04:08:27.153,0.91363,0.91381,1.69,3.19
2013.07.16 04:08:27.513,0.91367,0.91384,1.69,2.44
2013.07.16 04:08:28.124,0.91367,0.91385,3.94,2.44
2013.07.16 04:08:29.134,0.91368,0.91385,1.69,1.50
2013.07.16 04:08:30.204,0.91368,0.91385,1.69,1.50
2013.07.16 04:08:31.163,0.91367,0.91384,3.19,1.69
2013.07.16 04:08:31.343,0.91367,0.91383,1.69,1.32
2013.07.16 04:08:39.953,0.91367,0.91384,2.44,1.69
2013.07.16 04:08:40.212,0.91367,0.91385,3.19,2.25
2013.07.16 04:08:41.204,0.91367,0.91384,3.19,1.50
2013.07.16 04:08:41.323,0.91366,0.91382,1.69,1.69
2013.07.16 04:08:41.862,0.91364,0.91381,2.44,1.69
2013.07.16 04:08:47.864,0.91364,0.91382,1.69,2.44
2013.07.16 04:08:48.043,0.91365,0.91383,1.69,1.69
2013.07.16 04:08:51.783,0.91365,0.91381,2.07,1.69
2013.07.16 04:08:51.903,0.91364,0.91381,1.69,2.07
2013.07.16 04:08:54.763,0.91361,0.9138,2.07,3.19
2013.07.16 04:08:55.137,0.91364,0.91381,1.50,3.94
2013.07.16 04:08:55.873,0.91361,0.91378,2.25,1.69
2013.07.16 04:08:56.302,0.91361,0.91378,2.25,1.69
2013.07.16 04:09:06.422,0.91361,0.91378,1.32,1.69
2013.07.16 04:09:13.214,0.91361,0.91378,1.32,1.69
2013.07.16 04:09:18.606,0.91361,0.91379,2.44,1.69
2013.07.16 04:09:19.162,0.91364,0.9138,1.50,2.44
2013.07.16 04:09:20.762,0.91364,0.9138,1.50,2.44
2013.07.16 04:09:20.943,0.91365,0.91382,2.44,2.07
2013.07.16 04:09:21.474,0.91368,0.91385,1.50,2.44
2013.07.16 04:09:22.419,0.91368,0.91386,1.69,1.69
2013.07.16 04:09:25.092,0.91369,0.91387,1.69,1.69
2013.07.16 04:09:28.862,0.91369,0.91386,1.69,1.69
2013.07.16 04:09:29.438,0.9137,0.91388,1.50,2.44
2013.07.16 04:09:36.453,0.9137,0.91388,1.50,2.44
2013.07.16 04:09:36.692,0.91369,0.91387,1.69,2.44
2013.07.16 04:09:39.184,0.91369,0.91387,2.82,2.82
2013.07.16 04:09:39.485,0.91369,0.91387,2.82,1.69
2013.07.16 04:09:39.784,0.9137,0.91387,1.50,1.69
2013.07.16 04:09:39.843,0.91369,0.91387,1.69,2.44
2013.07.16 04:09:40.503,0.9137,0.91387,1.50,2.44
2013.07.16 04:09:41.043,0.9137,0.91387,1.50,1.69
2013.07.16 04:09:41.623,0.91369,0.91386,2.25,1.69
2013.07.16 04:09:42.163,0.91369,0.91387,2.25,2.44
2013.07.16 04:09:45.793,0.91368,0.91387,2.25,3.19
2013.07.16 04:09:46.355,0.91366,0.91385,1.69,2.44
2013.07.16 04:09:48.473,0.91365,0.91385,3.94,2.44
2013.07.16 04:09:48.844,0.91365,0.91383,2.44,1.50
2013.07.16 04:09:49.035,0.91372,0.91387,1.13,1.69
2013.07.16 04:09:49.214,0.91372,0.91385,2.07,1.50
2013.07.16 04:09:49.335,0.91372,0.91391,2.82,2.82
2013.07.16 04:09:50.014,0.91375,0.91391,2.25,1.32
2013.07.16 04:09:51.812,0.91375,0.91391,2.44,1.13
2013.07.16 04:09:52.394,0.91374,0.91391,1.69,2.63
2013.07.16 04:09:52.714,0.91373,0.91389,3.19,1.50
2013.07.16 04:09:52.834,0.91372,0.91387,1.69,1.69
2013.07.16 04:09:53.394,0.9137,0.91387,1.69,2.44
2013.07.16 04:09:54.573,0.91369,0.91387,2.44,3.19
2013.07.16 04:10:04.143,0.91368,0.91386,2.44,1.50
2013.07.16 04:10:06.564,0.91368,0.91386,2.44,1.50
2013.07.16 04:10:09.663,0.91368,0.91386,2.44,1.69
2013.07.16 04:10:13.303,0.91368,0.91386,3.19,2.44
2013.07.16 04:10:23.199,0.91368,0.91385,2.44,1.50
2013.07.16 04:10:23.263,0.91368,0.91386,2.44,1.50
2013.07.16 04:10:23.471,0.91368,0.91386,2.44,1.50
2013.07.16 04:10:33.374,0.91368,0.91386,2.44,1.50
2013.07.16 04:10:34.703,0.91368,0.91387,2.44,1.69
2013.07.16 04:10:39.893,0.91368,0.91387,1.69,2.44
2013.07.16 04:10:40.253,0.9137,0.91388,1.50,2.44
2013.07.16 04:10:44.763,0.9137,0.91388,2.25,2.44
2013.07.16 04:10:45.004,0.9137,0.91389,3.19,2.44
2013.07.16 04:10:51.133,0.91371,0.91388,1.69,1.69
2013.07.16 04:10:51.697,0.91373,0.9139,1.50,2.07
2013.07.16 04:10:59.704,0.91373,0.91388,1.50,1.50
2013.07.16 04:10:59.883,0.91368,0.91386,1.69,2.25
2013.07.16 04:10:59.943,0.91366,0.91382,2.44,1.50
2013.07.16 04:11:00.063,0.91365,0.91381,2.44,1.50
2013.07.16 04:11:00.124,0.91363,0.9138,6.90,1.69
2013.07.16 04:11:00.684,0.91361,0.91379,1.69,1.69
2013.07.16 04:11:01.291,0.91361,0.91379,1.69,1.69
2013.07.16 04:11:02.863,0.91361,0.91379,1.69,1.69
2013.07.16 04:11:03.003,0.91361,0.91379,1.69,1.69
2013.07.16 04:11:10.243,0.91361,0.91379,1.69,2.25
2013.07.16 04:11:10.612,0.91366,0.91381,1.50,1.32
2013.07.16 04:11:12.073,0.91366,0.91382,1.50,3.94
2013.07.16 04:11:17.483,0.91366,0.91382,1.50,1.13
2013.07.16 04:11:30.884,0.91366,0.91383,1.50,2.07
2013.07.16 04:11:32.757,0.91366,0.91382,3.19,1.50
2013.07.16 04:11:33.064,0.9137,0.91384,1.50,2.44
2013.07.16 04:11:33.423,0.91372,0.91386,2.25,3.94
2013.07.16 04:11:33.783,0.91373,0.91386,1.50,3.94
2013.07.16 04:11:34.113,0.91371,0.91386,1.50,4.69
2013.07.16 04:11:34.293,0.91368,0.91383,1.69,1.69
2013.07.16 04:11:34.593,0.91367,0.91381,2.25,3.19
2013.07.16 04:11:34.924,0.91365,0.91381,1.50,3.19
2013.07.16 04:11:35.613,0.91365,0.91381,1.50,3.94
2013.07.16 04:11:35.933,0.91365,0.91381,1.50,3.94
2013.07.16 04:11:45.733,0.91363,0.9138,1.69,1.69
2013.07.16 04:11:46.275,0.91363,0.91381,2.25,2.82
2013.07.16 04:11:47.534,0.91363,0.91379,2.25,1.69
2013.07.16 04:11:47.655,0.91363,0.91376,2.25,1.50
2013.07.16 04:11:47.894,0.91361,0.91374,1.50,1.69
2013.07.16 04:11:48.074,0.91358,0.91374,3.00,1.69
2013.07.16 04:11:48.613,0.91356,0.91374,2.44,2.44
2013.07.16 04:11:50.464,0.91356,0.91371,1.69,1.13
2013.07.16 04:11:50.763,0.9135,0.91368,2.07,1.69
2013.07.16 04:11:51.313,0.9135,0.91368,2.82,1.69
2013.07.16 04:11:51.888,0.9135,0.91368,2.44,1.69
2013.07.16 04:11:53.323,0.9135,0.91365,2.25,1.69
2013.07.16 04:11:56.053,0.9135,0.91368,2.25,1.69
2013.07.16 04:12:00.573,0.9135,0.91367,1.50,1.69
2013.07.16 04:12:00.698,0.91348,0.91363,2.44,1.13
2013.07.16 04:12:01.041,0.91345,0.91363,2.25,1.88
2013.07.16 04:12:01.720,0.91345,0.91363,1.50,2.63
2013.07.16 04:12:03.023,0.91345,0.91361,1.50,1.69
2013.07.16 04:12:03.504,0.91342,0.9136,3.19,1.69
2013.07.16 04:12:05.184,0.9134,0.91359,1.50,1.69
2013.07.16 04:12:06.514,0.91344,0.9136,1.50,3.19
2013.07.16 04:12:06.934,0.91347,0.9136,1.50,2.44
2013.07.16 04:12:06.994,0.91347,0.91364,2.44,1.69
2013.07.16 04:12:07.533,0.91349,0.91366,3.38,2.44
2013.07.16 04:12:09.093,0.91351,0.91366,1.50,2.44
2013.07.16 04:12:09.153,0.91351,0.91369,1.69,1.69
2013.07.16 04:12:09.693,0.91354,0.9137,1.50,1.32
2013.07.16 04:12:12.644,0.91354,0.91372,1.69,2.82
2013.07.16 04:12:16.663,0.91353,0.91371,2.44,2.44
2013.07.16 04:12:17.023,0.91353,0.91368,1.50,3.19
2013.07.16 04:12:17.083,0.91352,0.91368,2.25,3.19
2013.07.16 04:12:17.613,0.91352,0.91368,1.50,3.19
2013.07.16 04:12:18.464,0.91352,0.9137,1.50,2.82
2013.07.16 04:12:33.473,0.91352,0.91368,1.50,1.50
2013.07.16 04:12:33.593,0.91348,0.91367,1.69,1.69
2013.07.16 04:12:34.947,0.91348,0.91362,1.69,1.13
2013.07.16 04:12:35.073,0.91346,0.91362,2.44,1.13
2013.07.16 04:12:35.193,0.91344,0.91362,1.69,1.13
2013.07.16 04:12:35.514,0.91344,0.91362,1.69,1.13
2013.07.16 04:12:42.183,0.91343,0.91361,1.50,2.07
2013.07.16 04:12:42.424,0.91341,0.91358,1.50,2.25
2013.07.16 04:12:42.544,0.91342,0.91358,3.00,2.63
2013.07.16 04:12:43.129,0.91344,0.91357,1.50,1.50
2013.07.16 04:12:44.033,0.91344,0.91358,1.50,1.50
2013.07.16 04:12:44.213,0.91344,0.91359,1.50,1.69
2013.07.16 04:12:45.323,0.91345,0.91361,2.25,3.19
2013.07.16 04:12:45.384,0.91346,0.91361,1.50,2.44
2013.07.16 04:12:45.683,0.91344,0.91361,1.50,2.44
2013.07.16 04:12:45.863,0.91346,0.91361,2.25,1.69
2013.07.16 04:12:46.167,0.91342,0.91359,1.69,1.13
2013.07.16 04:12:46.233,0.91342,0.9136,1.69,1.69
2013.07.16 04:12:46.294,0.91344,0.91362,1.50,1.69
2013.07.16 04:12:46.654,0.91346,0.91363,2.25,1.32
2013.07.16 04:12:46.894,0.9135,0.91366,1.50,2.44
2013.07.16 04:12:50.403,0.91351,0.91365,1.50,1.69
2013.07.16 04:12:50.763,0.91346,0.91364,2.44,1.32
2013.07.16 04:12:52.393,0.91346,0.91363,2.25,1.69
2013.07.16 04:12:55.534,0.91347,0.91364,1.50,1.32
2013.07.16 04:12:55.894,0.9135,0.91364,2.25,1.32
2013.07.16 04:12:56.515,0.9135,0.91363,1.50,1.13
2013.07.16 04:13:06.894,0.91348,0.91362,1.62,1.13
2013.07.16 04:13:07.434,0.91347,0.9136,1.50,1.32
2013.07.16 04:13:07.493,0.91347,0.91362,2.25,1.13
2013.07.16 04:13:07.673,0.91348,0.91362,1.50,1.13
2013.07.16 04:13:08.211,0.91347,0.91362,1.50,1.32
2013.07.16 04:13:10.654,0.91347,0.91362,1.50,1.32
2013.07.16 04:13:14.173,0.91347,0.91364,2.25,2.07
2013.07.16 04:13:14.413,0.9135,0.91366,1.50,1.32
2013.07.16 04:13:14.964,0.9135,0.91366,1.50,1.32
2013.07.16 04:13:16.884,0.91351,0.91367,1.50,2.44
2013.07.16 04:13:17.654,0.91351,0.91367,1.50,2.44
2013.07.16 04:13:21.563,0.91353,0.91369,1.50,1.69
2013.07.16 04:13:35.784,0.91353,0.9137,2.25,3.57
2013.07.16 04:13:36.254,0.91353,0.9137,2.44,1.32
2013.07.16 04:13:46.064,0.91353,0.91371,2.44,2.07
2013.07.16 04:13:53.963,0.91353,0.9137,2.25,3.19
2013.07.16 04:14:02.663,0.91354,0.91369,2.25,2.82
2013.07.16 04:14:02.903,0.91352,0.91368,1.50,1.32
2013.07.16 04:14:06.973,0.91356,0.91371,1.50,3.57
2013.07.16 04:14:17.474,0.91355,0.9137,1.50,2.82
2013.07.16 04:14:26.614,0.91358,0.91371,2.25,1.69
2013.07.16 04:14:26.674,0.91358,0.91372,2.25,2.07
2013.07.16 04:14:29.634,0.9136,0.91374,1.50,2.82
2013.07.16 04:14:29.694,0.9136,0.91374,1.50,2.82
2013.07.16 04:14:32.653,0.91362,0.91375,1.50,1.69
2013.07.16 04:14:33.573,0.91362,0.91376,2.25,1.32
2013.07.16 04:14:33.933,0.91364,0.91378,1.50,3.57
2013.07.16 04:14:36.513,0.91362,0.91377,1.50,2.07
2013.07.16 04:14:37.154,0.91364,0.91377,1.50,1.32
2013.07.16 04:14:43.713,0.91364,0.91374,1.50,1.69
2013.07.16 04:14:43.774,0.91362,0.91374,1.50,1.69
2013.07.16 04:14:44.014,0.91359,0.91374,2.25,1.69
2013.07.16 04:14:45.574,0.91362,0.91374,1.50,1.32
2013.07.16 04:14:45.634,0.91363,0.91377,1.50,1.32
2013.07.16 04:14:45.933,0.91364,0.91381,1.69,2.44
2013.07.16 04:14:46.486,0.91366,0.91381,1.50,2.44
2013.07.16 04:14:47.446,0.91366,0.91381,1.50,1.32
2013.07.16 04:14:51.113,0.91364,0.91381,3.19,2.07
2013.07.16 04:14:52.733,0.91364,0.91381,1.50,2.82
2013.07.16 04:14:56.452,0.91363,0.91379,1.50,1.69
2013.07.16 04:15:05.254,0.91362,0.91379,1.50,4.69
2013.07.16 04:15:06.474,0.91361,0.91378,1.69,1.69
2013.07.16 04:15:08.015,0.91362,0.91378,1.50,2.07
2013.07.16 04:15:08.074,0.91362,0.91379,1.69,3.57
2013.07.16 04:15:08.784,0.91362,0.91379,1.69,2.44
2013.07.16 04:15:11.665,0.91362,0.91379,1.69,1.69
2013.07.16 04:15:11.844,0.91363,0.91382,2.07,2.44
2013.07.16 04:15:16.703,0.91363,0.91382,2.07,2.44
2013.07.16 04:15:24.254,0.91363,0.91378,1.50,2.44
2013.07.16 04:15:24.434,0.91361,0.91376,1.88,1.69
2013.07.16 04:15:24.795,0.91357,0.91374,1.50,3.19
2013.07.16 04:15:25.039,0.91355,0.91373,1.69,1.69
2013.07.16 04:15:28.765,0.91355,0.91373,2.25,1.69
2013.07.16 04:15:30.124,0.91355,0.91374,2.44,3.19
2013.07.16 04:15:33.394,0.91356,0.91374,1.50,2.44
2013.07.16 04:15:35.133,0.91357,0.91376,1.69,4.69
2013.07.16 04:15:38.508,0.91358,0.91376,3.19,2.44
2013.07.16 04:15:44.413,0.91358,0.91377,2.44,1.69
2013.07.16 04:15:51.026,0.9136,0.91378,1.50,3.19
2013.07.16 04:15:51.464,0.91361,0.91378,1.50,2.44
2013.07.16 04:15:51.884,0.91365,0.91379,1.50,2.25
2013.07.16 04:15:51.944,0.9137,0.91383,1.50,1.69
2013.07.16 04:15:52.484,0.91371,0.91386,1.13,2.44
2013.07.16 04:15:52.663,0.91372,0.9139,1.50,2.44
2013.07.16 04:15:54.104,0.91372,0.9139,2.44,3.94
2013.07.16 04:15:59.739,0.91373,0.9139,1.50,3.19
2013.07.16 04:16:00.431,0.91378,0.91392,1.50,1.69
2013.07.16 04:16:00.973,0.91379,0.91394,1.50,2.44
2013.07.16 04:16:01.093,0.91379,0.91394,1.50,2.44
2013.07.16 04:16:02.333,0.91378,0.91394,1.50,2.44
2013.07.16 04:16:02.514,0.91378,0.91394,2.25,2.44
2013.07.16 04:16:03.204,0.9138,0.91394,1.50,2.44
2013.07.16 04:16:03.633,0.91378,0.91396,1.50,2.44
2013.07.16 04:16:04.055,0.91381,0.91397,3.00,2.82
2013.07.16 04:16:04.173,0.91381,0.91399,3.94,2.07
2013.07.16 04:16:04.414,0.91383,0.91399,1.69,1.32
2013.07.16 04:16:04.773,0.91389,0.91405,2.25,1.69
2013.07.16 04:16:04.894,0.91389,0.91404,1.50,1.32
2013.07.16 04:16:04.954,0.91389,0.91402,1.50,1.13
2013.07.16 04:16:05.074,0.91386,0.91403,1.69,1.69
2013.07.16 04:16:05.433,0.91388,0.91405,1.50,2.44
2013.07.16 04:16:05.614,0.91385,0.91402,2.44,1.13
2013.07.16 04:16:06.154,0.91384,0.91402,3.19,2.63
2013.07.16 04:16:08.093,0.91386,0.91404,1.69,1.32
2013.07.16 04:16:08.273,0.91386,0.91403,1.69,1.32
2013.07.16 04:16:08.775,0.91384,0.91403,1.69,2.07
2013.07.16 04:16:10.505,0.91383,0.91401,2.44,2.07
2013.07.16 04:16:10.804,0.9138,0.914,1.32,2.44
2013.07.16 04:16:11.044,0.91378,0.91397,3.19,1.50
2013.07.16 04:16:15.246,0.91377,0.91397,2.44,1.69
2013.07.16 04:16:17.034,0.91377,0.91397,2.44,1.69
2013.07.16 04:16:17.284,0.91377,0.91397,2.44,2.44
2013.07.16 04:16:18.104,0.91377,0.91397,3.19,1.69
2013.07.16 04:16:18.463,0.9138,0.91399,1.50,3.57
2013.07.16 04:16:20.604,0.91379,0.91398,1.69,2.44
2013.07.16 04:16:20.844,0.91378,0.91398,3.19,1.69
2013.07.16 04:16:21.359,0.91378,0.91398,3.94,1.69
2013.07.16 04:16:28.184,0.91382,0.91401,2.44,5.07
2013.07.16 04:16:28.689,0.9138,0.914,3.94,1.69
2013.07.16 04:16:37.134,0.9138,0.914,1.50,2.82
2013.07.16 04:16:37.194,0.91379,0.91398,2.07,1.50
2013.07.16 04:16:42.244,0.91379,0.914,3.19,3.19
2013.07.16 04:16:42.304,0.91381,0.914,1.50,1.69
2013.07.16 04:16:42.823,0.9138,0.91399,1.50,1.69
2013.07.16 04:16:45.284,0.9138,0.91398,1.50,1.88
2013.07.16 04:16:45.644,0.91379,0.91396,1.13,2.44
2013.07.16 04:16:46.464,0.91378,0.91398,1.69,2.44
2013.07.16 04:16:46.965,0.91378,0.91398,1.69,2.44
2013.07.16 04:16:47.303,0.91378,0.91396,1.69,1.50
2013.07.16 04:16:48.614,0.9138,0.91396,1.88,1.50
2013.07.16 04:16:48.975,0.91388,0.91404,1.13,1.69
2013.07.16 04:16:49.333,0.91389,0.91407,1.69,8.29
2013.07.16 04:16:49.513,0.91387,0.91404,3.19,1.50
2013.07.16 04:16:50.164,0.91389,0.91404,2.07,1.50
2013.07.16 04:16:50.704,0.91388,0.91406,2.07,1.69
2013.07.16 04:16:50.764,0.91388,0.91404,1.32,1.50
2013.07.16 04:16:51.124,0.91389,0.91406,1.69,1.17
2013.07.16 04:16:51.184,0.91389,0.91406,1.69,1.17
2013.07.16 04:16:51.365,0.91389,0.91406,1.32,1.17
2013.07.16 04:16:51.604,0.91391,0.91409,1.69,3.42
2013.07.16 04:16:52.154,0.91391,0.91408,3.19,1.17
2013.07.16 04:16:52.704,0.91391,0.91408,3.19,1.17
2013.07.16 04:16:52.893,0.91393,0.91408,1.13,1.17
2013.07.16 04:16:54.124,0.91393,0.91411,1.32,6.79
2013.07.16 04:16:54.354,0.91393,0.91411,1.32,6.79
2013.07.16 04:16:55.894,0.91393,0.91411,1.32,6.79
2013.07.16 04:16:56.723,0.91393,0.91408,1.13,1.17
2013.07.16 04:16:58.565,0.91391,0.91408,3.57,1.17
2013.07.16 04:17:00.975,0.91391,0.91408,3.57,1.17
2013.07.16 04:17:02.344,0.91393,0.91408,2.25,1.17
2013.07.16 04:17:03.244,0.91394,0.9141,1.50,1.17
2013.07.16 04:17:03.788,0.91397,0.91411,1.50,1.17
2013.07.16 04:17:06.035,0.91395,0.91413,2.44,1.17
2013.07.16 04:17:06.577,0.91395,0.91413,2.44,1.17
2013.07.16 04:17:09.414,0.91395,0.91414,2.44,1.69
2013.07.16 04:17:09.554,0.91396,0.91414,1.32,1.69
2013.07.16 04:17:09.854,0.914,0.91416,1.50,3.19
2013.07.16 04:17:10.109,0.91396,0.91413,1.69,1.32
2013.07.16 04:17:13.364,0.91395,0.91413,2.44,1.32
2013.07.16 04:17:14.374,0.91396,0.91414,1.50,2.44
2013.07.16 04:17:14.614,0.91397,0.91417,1.50,1.32
2013.07.16 04:17:17.173,0.91396,0.91416,2.44,1.50
2013.07.16 04:17:18.254,0.91396,0.91412,1.50,1.50
2013.07.16 04:17:18.561,0.91394,0.91412,1.69,2.25
2013.07.16 04:17:18.631,0.91389,0.91408,1.69,2.44
2013.07.16 04:17:18.824,0.91388,0.91406,1.32,1.50
2013.07.16 04:17:19.584,0.91387,0.91405,2.44,1.88
2013.07.16 04:17:20.015,0.91387,0.91405,1.50,1.88
2013.07.16 04:17:28.604,0.91387,0.91405,1.50,1.88
2013.07.16 04:17:29.024,0.91387,0.91405,1.50,2.07
2013.07.16 04:17:30.235,0.91383,0.91402,1.69,1.88
2013.07.16 04:17:31.995,0.91382,0.91402,2.44,2.07
2013.07.16 04:17:34.334,0.91382,0.914,2.44,2.44
2013.07.16 04:17:34.635,0.9138,0.91396,2.44,1.50
2013.07.16 04:17:34.885,0.9138,0.91398,2.44,1.69
2013.07.16 04:17:35.424,0.91382,0.914,3.19,2.07
2013.07.16 04:17:36.743,0.91382,0.91402,2.44,1.69
2013.07.16 04:17:39.045,0.91385,0.91402,1.50,1.69
2013.07.16 04:17:40.654,0.91385,0.91405,1.69,2.82
2013.07.16 04:17:40.954,0.91384,0.91402,1.50,1.69
2013.07.16 04:17:41.134,0.91382,0.91402,2.25,3.19
2013.07.16 04:17:43.214,0.91382,0.91402,1.50,3.19
2013.07.16 04:17:43.753,0.91382,0.91402,1.50,3.19
2013.07.16 04:17:44.574,0.9138,0.914,2.82,1.69
2013.07.16 04:17:45.293,0.9138,0.914,1.50,2.44
2013.07.16 04:17:45.714,0.91377,0.91397,2.82,2.25
2013.07.16 04:17:46.159,0.91377,0.91396,2.25,2.44
2013.07.16 04:17:46.714,0.91376,0.91394,1.50,1.69
2013.07.16 04:17:48.993,0.91375,0.91394,2.44,1.69
2013.07.16 04:17:49.174,0.91375,0.91393,2.25,3.19
2013.07.16 04:17:52.654,0.91373,0.91391,1.05,1.69
2013.07.16 04:17:53.013,0.91371,0.91389,2.37,3.19
2013.07.16 04:17:53.561,0.91371,0.91388,2.37,1.69
2013.07.16 04:17:54.344,0.91371,0.91388,2.37,1.69
2013.07.16 04:17:55.133,0.91371,0.91389,3.12,1.69
2013.07.16 04:18:02.465,0.91373,0.91389,1.62,2.07
2013.07.16 04:18:03.234,0.91371,0.91389,1.62,2.82
2013.07.16 04:18:03.534,0.91372,0.91391,1.62,1.32
2013.07.16 04:18:03.594,0.91372,0.91391,1.62,1.32
2013.07.16 04:18:06.535,0.91371,0.91389,3.30,1.32
2013.07.16 04:18:06.895,0.91375,0.91386,1.50,2.44
2013.07.16 04:18:07.075,0.91377,0.9139,1.50,3.19
2013.07.16 04:18:07.194,0.91372,0.91388,1.24,1.69
2013.07.16 04:18:07.374,0.91372,0.91389,1.24,1.32
2013.07.16 04:18:10.373,0.91372,0.91389,1.62,1.13
2013.07.16 04:18:10.704,0.91372,0.91385,1.62,1.13
2013.07.16 04:18:10.947,0.91374,0.91386,1.62,1.32
2013.07.16 04:18:11.446,0.91371,0.91387,2.93,1.50
2013.07.16 04:18:11.804,0.91371,0.91389,3.68,1.69
2013.07.16 04:18:12.955,0.91371,0.91389,2.93,2.44
2013.07.16 04:18:13.015,0.91371,0.91388,2.74,3.19
2013.07.16 04:18:13.684,0.91372,0.91391,1.05,3.19
2013.07.16 04:18:14.344,0.91377,0.91393,1.50,2.82
2013.07.16 04:18:14.404,0.9138,0.91396,1.50,3.19
2013.07.16 04:18:14.704,0.9138,0.91397,1.50,2.44
2013.07.16 04:18:15.004,0.91382,0.91398,2.25,2.44
2013.07.16 04:18:15.184,0.9138,0.91398,1.50,3.19
2013.07.16 04:18:18.224,0.91379,0.91398,1.69,1.69
2013.07.16 04:18:19.355,0.9138,0.91398,1.50,1.69
2013.07.16 04:18:19.593,0.91383,0.91401,1.50,1.69
2013.07.16 04:18:20.409,0.91381,0.914,1.69,1.50
2013.07.16 04:18:20.685,0.91385,0.91401,1.50,1.69
2013.07.16 04:18:21.224,0.91384,0.91403,1.88,3.19
2013.07.16 04:18:23.442,0.91382,0.91401,1.50,2.44
2013.07.16 04:18:23.564,0.91382,0.91401,1.50,2.44
2013.07.16 04:18:26.354,0.91382,0.91401,1.50,3.94
2013.07.16 04:18:27.190,0.9138,0.91399,3.19,2.25
2013.07.16 04:18:29.644,0.91381,0.91399,1.13,2.25
2013.07.16 04:18:39.785,0.91383,0.91401,1.32,1.69
2013.07.16 04:18:40.314,0.91384,0.91402,1.50,2.44
2013.07.16 04:18:42.044,0.91384,0.91402,1.69,1.50
2013.07.16 04:18:42.104,0.91386,0.91405,1.50,3.94
2013.07.16 04:18:42.164,0.91386,0.91405,1.50,3.94
2013.07.16 04:18:43.014,0.91385,0.91405,2.44,3.94
2013.07.16 04:18:45.534,0.91384,0.91403,1.69,1.69
2013.07.16 04:18:45.855,0.91384,0.91401,1.50,2.44
2013.07.16 04:18:52.374,0.91381,0.91401,3.00,2.44
2013.07.16 04:18:52.615,0.91381,0.91399,2.07,2.25
2013.07.16 04:18:53.164,0.9138,0.91399,1.50,1.69
2013.07.16 04:18:55.314,0.9138,0.91399,1.50,2.07
2013.07.16 04:18:55.638,0.91382,0.91399,1.50,2.07
2013.07.16 04:18:59.054,0.91381,0.91399,1.50,2.44
2013.07.16 04:18:59.304,0.91378,0.91397,1.69,1.69
2013.07.16 04:18:59.846,0.91379,0.91397,1.50,1.69
2013.07.16 04:19:00.353,0.91384,0.914,1.50,2.07
2013.07.16 04:19:03.614,0.91384,0.914,2.44,1.13
2013.07.16 04:19:03.734,0.91388,0.91403,1.50,2.44
2013.07.16 04:19:03.854,0.91388,0.91407,2.44,1.69
2013.07.16 04:19:04.153,0.91392,0.91409,1.69,1.50
2013.07.16 04:19:04.634,0.91395,0.91412,1.50,2.44
2013.07.16 04:19:04.874,0.91397,0.91414,1.69,2.07
2013.07.16 04:19:05.615,0.91397,0.91414,2.44,2.07
2013.07.16 04:19:06.174,0.91398,0.91416,2.44,1.69
2013.07.16 04:19:08.174,0.91398,0.91414,2.44,1.32
2013.07.16 04:19:08.234,0.91398,0.91414,1.69,1.32
2013.07.16 04:19:08.735,0.91396,0.91415,2.25,1.32
2013.07.16 04:19:11.684,0.91396,0.91414,1.50,1.32
2013.07.16 04:19:11.996,0.91394,0.91413,1.50,1.69
2013.07.16 04:19:12.294,0.91393,0.91411,1.69,1.69
2013.07.16 04:19:12.717,0.9139,0.91409,2.25,3.19
2013.07.16 04:19:13.274,0.91389,0.91408,1.69,3.19
2013.07.16 04:19:13.604,0.91392,0.91409,1.32,1.50
2013.07.16 04:19:14.145,0.91392,0.9141,2.44,1.50
2013.07.16 04:19:15.934,0.9139,0.91408,2.44,2.44
2013.07.16 04:19:16.054,0.9139,0.91408,1.69,3.19
2013.07.16 04:19:16.770,0.9139,0.91408,2.44,2.44
2013.07.16 04:19:17.834,0.91391,0.91408,2.44,1.69
2013.07.16 04:19:18.353,0.9139,0.91408,2.44,1.69
2013.07.16 04:19:19.688,0.91392,0.91409,1.69,2.44
2013.07.16 04:19:19.755,0.91392,0.91409,2.44,1.69
2013.07.16 04:19:20.204,0.91392,0.9141,3.19,1.69
2013.07.16 04:19:20.974,0.9139,0.91408,3.19,2.44
2013.07.16 04:19:21.514,0.9139,0.91408,2.44,3.19
2013.07.16 04:19:25.144,0.91389,0.91406,1.69,3.19
2013.07.16 04:19:25.414,0.91389,0.91405,1.69,2.44
2013.07.16 04:19:26.094,0.9139,0.91405,1.50,2.44
2013.07.16 04:19:28.494,0.9139,0.91406,3.19,1.50
2013.07.16 04:19:28.794,0.91389,0.91403,2.07,1.50
2013.07.16 04:19:29.235,0.91389,0.91405,1.69,2.25
2013.07.16 04:19:30.194,0.91389,0.91405,2.44,1.50
2013.07.16 04:19:30.734,0.9139,0.91407,2.44,1.50
2013.07.16 04:19:30.794,0.91392,0.91408,1.50,2.44
2013.07.16 04:19:30.914,0.91392,0.91408,1.50,2.44
2013.07.16 04:19:31.156,0.91395,0.91412,1.69,1.50
2013.07.16 04:19:31.455,0.91397,0.91412,1.50,1.50
2013.07.16 04:19:31.694,0.91398,0.91416,3.19,1.69
2013.07.16 04:19:31.755,0.914,0.91416,1.69,1.69
2013.07.16 04:19:32.327,0.91401,0.91418,1.69,2.44
2013.07.16 04:19:32.636,0.91401,0.91418,3.19,1.50
2013.07.16 04:19:34.365,0.91401,0.91417,2.44,1.50
2013.07.16 04:19:34.484,0.91401,0.91416,2.82,1.50
2013.07.16 04:19:34.784,0.91398,0.91415,1.69,1.69
2013.07.16 04:19:34.904,0.91398,0.91415,1.69,2.44
2013.07.16 04:19:35.546,0.91397,0.91413,1.69,1.50
2013.07.16 04:19:35.665,0.91397,0.91413,1.69,1.50
2013.07.16 04:19:35.964,0.914,0.91416,1.13,1.69
2013.07.16 04:19:36.565,0.91401,0.91417,1.50,1.69
2013.07.16 04:19:37.704,0.91401,0.91417,2.44,1.50
2013.07.16 04:19:40.860,0.91403,0.91417,1.69,1.50
2013.07.16 04:19:43.895,0.91403,0.91417,1.69,1.50
2013.07.16 04:19:44.725,0.91405,0.91417,1.13,1.50
2013.07.16 04:19:45.034,0.91405,0.9142,1.69,1.50
2013.07.16 04:19:45.574,0.91404,0.9142,1.13,1.69
2013.07.16 04:19:47.583,0.91401,0.91418,1.32,1.50
2013.07.16 04:19:48.185,0.91401,0.91417,1.32,1.50
2013.07.16 04:19:53.437,0.91405,0.9142,1.50,2.25
2013.07.16 04:19:53.505,0.91405,0.91422,1.50,1.69
2013.07.16 04:19:53.744,0.91406,0.91422,1.13,1.69
2013.07.16 04:19:56.203,0.91405,0.91422,1.50,1.69
2013.07.16 04:19:57.894,0.91403,0.91418,1.32,1.50
2013.07.16 04:19:58.254,0.91401,0.91418,2.82,2.25
2013.07.16 04:19:58.374,0.91401,0.91416,2.82,1.50
2013.07.16 04:19:58.494,0.91401,0.91416,1.88,1.69
2013.07.16 04:20:03.092,0.91398,0.91415,1.69,1.50
2013.07.16 04:20:03.716,0.91397,0.91414,1.13,2.25
2013.07.16 04:20:04.500,0.91397,0.91414,1.13,2.25
2013.07.16 04:20:05.004,0.91398,0.91414,1.13,1.50
2013.07.16 04:20:05.123,0.914,0.91417,1.50,1.69
2013.07.16 04:20:05.924,0.914,0.91418,1.69,1.69
2013.07.16 04:20:05.984,0.914,0.91419,1.69,1.69
2013.07.16 04:20:08.416,0.91399,0.91419,3.19,1.69
2013.07.16 04:20:08.938,0.91399,0.91417,2.44,1.50
2013.07.16 04:20:10.475,0.91399,0.91416,2.44,1.50
2013.07.16 04:20:12.464,0.914,0.91415,1.50,1.50
2013.07.16 04:20:12.834,0.91399,0.91418,1.69,1.69
2013.07.16 04:20:17.885,0.91399,0.91418,1.69,1.69
2013.07.16 04:20:18.975,0.91399,0.91417,1.69,1.50
2013.07.16 04:20:19.487,0.91399,0.91417,1.69,2.25
2013.07.16 04:20:20.386,0.91398,0.91417,1.69,3.19
2013.07.16 04:20:21.454,0.91398,0.91417,1.69,2.44
2013.07.16 04:20:22.114,0.914,0.91418,1.88,1.69
2013.07.16 04:20:22.524,0.914,0.91418,1.13,1.69
2013.07.16 04:20:22.585,0.914,0.91418,1.13,1.69
2013.07.16 04:20:22.645,0.914,0.91419,1.69,2.44
2013.07.16 04:20:23.684,0.91399,0.91418,2.44,1.69
2013.07.16 04:20:29.474,0.91398,0.91417,1.69,1.69
2013.07.16 04:20:31.595,0.91398,0.91416,1.69,1.69
2013.07.16 04:20:39.604,0.91398,0.91417,3.19,1.69
2013.07.16 04:20:44.694,0.91398,0.91416,1.69,2.44
2013.07.16 04:20:51.194,0.914,0.91418,1.69,1.50
2013.07.16 04:20:57.904,0.914,0.91418,2.44,1.50
2013.07.16 04:20:58.164,0.91399,0.91418,1.69,3.00
2013.07.16 04:21:04.404,0.91398,0.91418,3.19,2.44
2013.07.16 04:21:04.644,0.91399,0.91418,1.50,2.44
2013.07.16 04:21:05.064,0.91403,0.91422,1.69,3.19
2013.07.16 04:21:05.244,0.91403,0.91422,2.07,1.69
2013.07.16 04:21:05.784,0.91405,0.91423,2.25,1.69
2013.07.16 04:21:05.964,0.91406,0.91426,3.19,2.82
2013.07.16 04:21:12.808,0.91411,0.91428,1.50,2.44
2013.07.16 04:21:12.874,0.91411,0.91429,1.50,2.07
2013.07.16 04:21:14.904,0.9141,0.91428,1.50,1.69
2013.07.16 04:21:24.872,0.9141,0.91429,1.50,2.44
2013.07.16 04:21:25.544,0.91408,0.91426,2.44,1.50
2013.07.16 04:21:25.904,0.91407,0.91425,1.50,1.69
2013.07.16 04:21:26.415,0.91405,0.91422,2.44,1.50
2013.07.16 04:21:27.334,0.91405,0.91422,2.44,1.50
2013.07.16 04:21:27.884,0.91406,0.91424,1.69,2.44
2013.07.16 04:21:31.575,0.91404,0.91423,2.25,3.19
2013.07.16 04:21:31.635,0.91403,0.9142,1.69,1.50
2013.07.16 04:21:31.935,0.91401,0.91419,1.69,1.69
2013.07.16 04:21:31.995,0.91401,0.91419,1.69,1.69
2013.07.16 04:21:32.056,0.91401,0.91416,1.50,1.69
2013.07.16 04:21:32.566,0.91401,0.91416,1.50,3.19
2013.07.16 04:21:32.626,0.91398,0.91416,1.50,3.19
2013.07.16 04:21:32.925,0.91399,0.91414,1.50,1.69
2013.07.16 04:21:34.106,0.91396,0.91413,1.50,2.44
2013.07.16 04:21:34.275,0.91396,0.91413,1.50,1.69
2013.07.16 04:21:34.777,0.91396,0.91413,1.50,1.69
2013.07.16 04:21:34.965,0.91396,0.91413,1.50,1.69
2013.07.16 04:21:35.545,0.91397,0.91415,1.69,1.69
2013.07.16 04:21:35.664,0.91397,0.91415,1.69,1.69
2013.07.16 04:21:36.244,0.91396,0.91414,1.69,1.69
2013.07.16 04:21:38.685,0.91396,0.91414,1.69,1.69
2013.07.16 04:21:38.804,0.91398,0.91417,1.69,1.69
2013.07.16 04:21:39.825,0.91402,0.9142,1.50,3.57
2013.07.16 04:21:40.005,0.91402,0.9142,1.50,3.19
2013.07.16 04:21:41.465,0.91404,0.91423,3.19,1.50
2013.07.16 04:21:41.884,0.91407,0.91424,1.50,1.69
2013.07.16 04:21:43.185,0.91408,0.91424,1.13,2.07
2013.07.16 04:21:43.245,0.91408,0.9142,1.13,1.50
2013.07.16 04:21:43.364,0.91404,0.9142,1.69,1.50
2013.07.16 04:21:43.484,0.91401,0.91418,3.19,1.69
2013.07.16 04:21:43.844,0.91399,0.91416,2.07,1.50
2013.07.16 04:21:47.215,0.914,0.91416,1.50,1.69
2013.07.16 04:21:47.558,0.914,0.91412,1.50,1.50
2013.07.16 04:21:47.633,0.91396,0.91412,2.25,1.69
2013.07.16 04:21:47.758,0.91394,0.9141,1.50,2.44
2013.07.16 04:21:48.245,0.91392,0.91409,1.50,1.69
2013.07.16 04:21:49.094,0.91389,0.91407,2.07,2.44
2013.07.16 04:21:55.145,0.91389,0.91407,1.32,3.19
2013.07.16 04:21:55.684,0.91393,0.91407,1.50,1.69
2013.07.16 04:21:57.094,0.91395,0.9141,1.50,1.50
2013.07.16 04:21:57.364,0.91395,0.91413,1.50,1.69
2013.07.16 04:21:59.169,0.91394,0.91412,1.69,1.32
2013.07.16 04:21:59.414,0.91397,0.91414,1.32,1.69
2013.07.16 04:21:59.475,0.91397,0.91414,1.32,1.69
2013.07.16 04:21:59.834,0.91399,0.91418,2.07,6.00
2013.07.16 04:22:00.374,0.91401,0.91419,2.25,5.44
2013.07.16 04:22:00.646,0.91401,0.91418,2.25,1.13
2013.07.16 04:22:00.885,0.91399,0.91416,1.69,1.50
2013.07.16 04:22:01.195,0.91395,0.91412,1.32,1.69
2013.07.16 04:22:01.324,0.91395,0.91412,1.32,1.69
2013.07.16 04:22:02.925,0.91395,0.9141,1.32,1.13
2013.07.16 04:22:02.985,0.91393,0.9141,1.69,2.07
2013.07.16 04:22:03.045,0.91394,0.9141,1.69,1.32
2013.07.16 04:22:03.224,0.91393,0.91409,1.69,1.32
2013.07.16 04:22:03.885,0.91393,0.91408,1.69,1.50
2013.07.16 04:22:04.425,0.91392,0.91409,1.69,1.88
2013.07.16 04:22:04.484,0.91392,0.91409,1.69,1.88
2013.07.16 04:22:06.365,0.91391,0.91409,2.07,1.88
2013.07.16 04:22:06.705,0.91393,0.91411,1.69,1.13
2013.07.16 04:22:06.764,0.91393,0.91411,1.69,1.13
2013.07.16 04:22:07.270,0.91395,0.91411,1.50,1.13
2013.07.16 04:22:12.305,0.91394,0.91413,1.50,3.19
2013.07.16 04:22:20.894,0.91394,0.91412,3.19,1.69
2013.07.16 04:22:30.894,0.91396,0.91412,1.69,1.50
2013.07.16 04:22:41.245,0.91395,0.91414,2.44,1.69
2013.07.16 04:22:41.724,0.914,0.91414,1.50,1.69
2013.07.16 04:22:41.845,0.914,0.91416,1.69,1.32
2013.07.16 04:22:42.144,0.914,0.91417,1.69,1.69
2013.07.16 04:22:43.584,0.914,0.9142,2.44,2.82
2013.07.16 04:22:43.645,0.914,0.9142,1.69,2.82
2013.07.16 04:22:44.494,0.91402,0.9142,1.50,2.07
2013.07.16 04:22:44.864,0.91402,0.9142,1.50,1.69
2013.07.16 04:22:45.366,0.914,0.91418,1.50,1.50
2013.07.16 04:22:50.385,0.91398,0.91416,3.00,2.44
2013.07.16 04:22:50.628,0.91396,0.91415,3.94,1.32
2013.07.16 04:22:50.814,0.91395,0.91411,2.07,1.50
2013.07.16 04:22:51.255,0.91394,0.91411,1.69,2.25
2013.07.16 04:22:52.185,0.91393,0.91409,1.69,1.69
2013.07.16 04:22:52.875,0.91393,0.91408,1.69,1.50
2013.07.16 04:23:06.528,0.91392,0.9141,2.44,2.44
2013.07.16 04:23:35.304,0.91394,0.91411,1.69,1.69
2013.07.16 04:23:39.554,0.91393,0.9141,1.50,1.69
2013.07.16 04:23:40.718,0.91393,0.9141,1.50,1.69
2013.07.16 04:23:41.205,0.91395,0.91411,1.50,1.69
2013.07.16 04:23:41.265,0.91398,0.91414,1.50,1.32
2013.07.16 04:23:41.804,0.914,0.91415,1.50,2.44
2013.07.16 04:23:42.627,0.91402,0.91418,1.50,1.32
2013.07.16 04:23:42.695,0.91402,0.91418,1.50,1.32
2013.07.16 04:23:42.935,0.91404,0.9142,1.50,1.69
2013.07.16 04:23:45.417,0.91404,0.91421,1.50,1.69
2013.07.16 04:23:54.108,0.91404,0.91421,1.50,1.32
2013.07.16 04:23:54.624,0.91406,0.91421,1.50,1.32
2013.07.16 04:23:56.964,0.91405,0.91421,1.50,1.32
2013.07.16 04:24:01.545,0.91403,0.9142,1.50,1.69
2013.07.16 04:24:08.078,0.91401,0.91419,2.44,1.69
2013.07.16 04:24:13.984,0.91401,0.9142,2.44,1.69
2013.07.16 04:24:14.344,0.91401,0.91419,2.25,3.19
2013.07.16 04:24:14.524,0.914,0.91418,1.50,1.69
2013.07.16 04:24:15.936,0.91401,0.91418,1.50,1.69
2013.07.16 04:24:19.518,0.91402,0.9142,1.69,2.44
2013.07.16 04:24:20.175,0.91402,0.9142,1.69,2.44
2013.07.16 04:24:24.336,0.91402,0.9142,1.50,2.44
2013.07.16 04:24:28.865,0.91402,0.9142,1.50,1.69
2013.07.16 04:24:48.506,0.91403,0.9142,1.69,1.69
2013.07.16 04:24:52.946,0.91402,0.9142,2.44,2.44
2013.07.16 04:24:53.364,0.91402,0.9142,2.44,2.44
2013.07.16 04:25:01.014,0.91402,0.9142,1.50,1.69
2013.07.16 04:25:11.183,0.91402,0.9142,1.50,1.69
2013.07.16 04:25:11.969,0.91404,0.9142,2.25,1.69
2013.07.16 04:25:12.037,0.91406,0.91424,1.32,2.44
2013.07.16 04:25:12.288,0.91407,0.91424,3.00,1.69
2013.07.16 04:25:12.357,0.91409,0.91426,1.69,2.82
2013.07.16 04:25:12.955,0.9141,0.91426,1.32,1.32
2013.07.16 04:25:18.915,0.91408,0.91426,2.07,2.44
2013.07.16 04:25:19.215,0.91408,0.91426,2.44,2.07
2013.07.16 04:25:20.564,0.9141,0.91427,1.50,1.32
2013.07.16 04:25:23.766,0.9141,0.91427,1.50,1.32
2013.07.16 04:25:24.454,0.9141,0.91427,1.69,1.32
2013.07.16 04:25:26.845,0.9141,0.91427,1.50,2.82
2013.07.16 04:25:27.949,0.91408,0.91425,1.69,1.32
2013.07.16 04:25:28.015,0.91407,0.91422,3.38,1.32
2013.07.16 04:25:28.255,0.91404,0.91421,1.69,1.69
2013.07.16 04:25:35.605,0.914,0.91418,3.00,1.69
2013.07.16 04:25:35.964,0.91403,0.9142,1.69,1.69
2013.07.16 04:25:36.445,0.91403,0.91421,1.69,2.44
2013.07.16 04:25:36.504,0.91403,0.9142,1.69,1.32
2013.07.16 04:25:37.047,0.91397,0.91417,3.57,2.82
2013.07.16 04:25:43.155,0.91399,0.91416,1.69,2.07
2013.07.16 04:25:43.455,0.91396,0.91414,1.69,2.07
2013.07.16 04:25:43.956,0.91394,0.91412,1.69,1.50
2013.07.16 04:25:44.354,0.91394,0.91413,2.44,3.19
2013.07.16 04:25:44.936,0.91394,0.91413,2.44,3.19
2013.07.16 04:25:45.387,0.91395,0.91413,3.94,1.69
2013.07.16 04:25:45.514,0.91395,0.91413,2.44,2.44
2013.07.16 04:25:46.378,0.91394,0.91409,1.50,1.32
2013.07.16 04:25:46.565,0.91392,0.91409,2.44,1.32
2013.07.16 04:25:49.584,0.91393,0.9141,1.50,3.57
2013.07.16 04:25:49.836,0.91393,0.9141,2.44,1.32
2013.07.16 04:25:50.674,0.91395,0.91411,1.69,1.69
2013.07.16 04:25:50.855,0.91394,0.91412,1.69,1.69
2013.07.16 04:25:50.915,0.91395,0.91412,2.44,1.69
2013.07.16 04:25:51.546,0.91393,0.9141,1.69,1.69
2013.07.16 04:25:52.266,0.91393,0.9141,1.69,1.69
2013.07.16 04:25:54.975,0.91393,0.91412,3.19,1.69
2013.07.16 04:25:55.466,0.91395,0.91412,1.50,1.69
2013.07.16 04:26:01.475,0.91395,0.91413,1.69,3.57
2013.07.16 04:26:04.078,0.91393,0.91412,3.19,3.19
2013.07.16 04:26:04.384,0.91394,0.9141,1.69,3.94
2013.07.16 04:26:04.445,0.91393,0.9141,2.82,2.44
2013.07.16 04:26:12.945,0.91392,0.91408,2.44,1.69
2013.07.16 04:26:13.065,0.91391,0.91408,2.44,1.69
2013.07.16 04:26:13.185,0.91391,0.91408,2.44,1.69
2013.07.16 04:26:13.545,0.91389,0.91405,3.75,2.07
2013.07.16 04:26:13.724,0.91388,0.91404,1.50,1.32
2013.07.16 04:26:13.964,0.91386,0.91403,1.69,2.07
2013.07.16 04:26:14.524,0.91385,0.91401,2.44,1.50
2013.07.16 04:26:17.105,0.91385,0.91403,3.19,1.69
2013.07.16 04:26:17.164,0.91387,0.91403,1.50,1.69
2013.07.16 04:26:20.835,0.91387,0.91404,1.50,2.44
2013.07.16 04:26:21.449,0.91385,0.91402,3.94,1.50
2013.07.16 04:26:24.645,0.91385,0.91402,2.44,2.44
2013.07.16 04:26:24.765,0.91383,0.91399,1.69,1.50
2013.07.16 04:26:26.294,0.91382,0.91399,1.69,1.69
2013.07.16 04:26:26.879,0.91382,0.91399,1.69,1.69
2013.07.16 04:26:27.405,0.91382,0.91397,1.69,1.50
2013.07.16 04:26:28.495,0.91382,0.91399,2.44,2.44
2013.07.16 04:26:33.795,0.91382,0.91399,2.44,2.44
2013.07.16 04:26:34.918,0.91382,0.91399,1.50,2.44
2013.07.16 04:26:34.986,0.91381,0.91397,1.50,1.50
2013.07.16 04:26:35.105,0.91382,0.91396,1.50,3.19
2013.07.16 04:26:35.285,0.91378,0.91395,1.50,3.19
2013.07.16 04:26:35.406,0.91377,0.91392,1.69,1.50
2013.07.16 04:26:36.064,0.91377,0.91391,1.69,1.50
2013.07.16 04:26:36.425,0.91379,0.91392,1.13,2.25
2013.07.16 04:26:36.485,0.91379,0.91395,1.13,2.44
2013.07.16 04:26:36.807,0.91381,0.91397,1.69,1.50
2013.07.16 04:26:36.965,0.91381,0.91398,1.69,2.44
2013.07.16 04:26:37.546,0.91381,0.91398,1.69,2.44
2013.07.16 04:26:41.935,0.91381,0.91398,1.69,2.44
2013.07.16 04:26:42.236,0.91386,0.91398,1.13,1.69
2013.07.16 04:26:42.415,0.91385,0.91401,1.88,3.94
2013.07.16 04:26:43.264,0.91384,0.914,1.50,2.44
2013.07.16 04:26:45.575,0.91384,0.914,1.69,1.50
2013.07.16 04:26:46.155,0.91384,0.914,1.69,1.50
2013.07.16 04:26:46.786,0.91385,0.91402,1.50,1.69
2013.07.16 04:26:49.524,0.91385,0.91403,1.69,1.69
2013.07.16 04:26:50.345,0.91385,0.91399,1.69,2.25
2013.07.16 04:26:50.705,0.91385,0.914,1.69,1.50
2013.07.16 04:26:51.413,0.91386,0.91402,1.32,1.50
2013.07.16 04:26:52.745,0.91385,0.91402,1.50,3.19
2013.07.16 04:26:55.465,0.91385,0.91402,2.44,2.25
2013.07.16 04:26:58.905,0.91385,0.91402,2.44,2.25
2013.07.16 04:27:04.965,0.91385,0.91402,1.69,3.19
2013.07.16 04:27:05.084,0.91384,0.91401,1.69,3.19
2013.07.16 04:27:05.656,0.91384,0.91398,1.69,1.50
2013.07.16 04:27:05.898,0.91384,0.91401,2.44,1.69
2013.07.16 04:27:06.594,0.91384,0.914,1.69,1.69
2013.07.16 04:27:11.105,0.91384,0.91402,3.19,3.19
2013.07.16 04:27:11.702,0.91384,0.91402,3.19,3.19
2013.07.16 04:27:13.105,0.91384,0.91402,3.19,3.19
2013.07.16 04:27:14.986,0.91382,0.914,2.44,1.69
2013.07.16 04:27:17.805,0.91382,0.914,2.44,1.69
2013.07.16 04:27:19.714,0.91382,0.914,2.44,2.07
2013.07.16 04:27:19.835,0.91382,0.91398,1.69,1.50
2013.07.16 04:27:34.616,0.91381,0.91397,1.69,1.50
2013.07.16 04:27:34.975,0.91377,0.91394,1.69,2.44
2013.07.16 04:27:35.374,0.91376,0.91393,3.57,2.44
2013.07.16 04:27:35.735,0.91381,0.91391,2.44,1.50
2013.07.16 04:27:36.485,0.91381,0.91397,1.69,1.69
2013.07.16 04:28:01.055,0.91381,0.91397,1.69,2.25
2013.07.16 04:28:06.935,0.91382,0.91397,1.69,1.50
2013.07.16 04:28:07.245,0.91382,0.91399,1.69,2.44
2013.07.16 04:28:09.384,0.91384,0.91399,1.50,1.69
2013.07.16 04:28:15.435,0.91384,0.914,1.69,1.50
2013.07.16 04:28:36.925,0.91383,0.914,1.50,2.44
2013.07.16 04:28:48.585,0.91384,0.914,1.50,2.44
2013.07.16 04:28:49.125,0.91386,0.914,1.69,2.25
2013.07.16 04:28:55.366,0.91385,0.914,1.69,1.50
2013.07.16 04:28:56.306,0.91385,0.91401,1.69,2.44
2013.07.16 04:28:57.082,0.91385,0.91401,1.69,1.69
2013.07.16 04:28:59.277,0.91384,0.91401,1.69,2.44
2013.07.16 04:29:03.103,0.91384,0.91401,1.69,2.44
2013.07.16 04:29:10.044,0.91385,0.91402,1.69,1.32
2013.07.16 04:29:12.475,0.91384,0.91401,2.44,1.50
2013.07.16 04:29:46.615,0.91389,0.91401,1.13,1.50
2013.07.16 04:29:46.796,0.91397,0.91404,1.13,1.50
2013.07.16 04:29:46.855,0.91399,0.91407,1.13,4.50
2013.07.16 04:29:47.216,0.91399,0.9141,3.19,2.25
2013.07.16 04:29:47.335,0.91404,0.91412,1.32,2.25
2013.07.16 04:29:47.395,0.91404,0.91414,1.32,1.50
2013.07.16 04:29:47.635,0.91404,0.91416,1.32,1.50
2013.07.16 04:29:47.875,0.91404,0.91416,1.32,1.50
2013.07.16 04:29:48.236,0.91409,0.91417,1.13,1.50
2013.07.16 04:29:48.416,0.91409,0.91425,1.13,1.69
2013.07.16 04:29:48.656,0.91411,0.91427,1.50,1.69
2013.07.16 04:29:48.839,0.91412,0.91428,1.69,1.69
2013.07.16 04:29:49.395,0.91413,0.91429,2.44,1.32
2013.07.16 04:29:49.465,0.91413,0.91428,1.69,1.32
2013.07.16 04:29:49.656,0.91412,0.91428,3.19,2.07
2013.07.16 04:29:50.285,0.91408,0.91425,3.19,1.88
2013.07.16 04:29:51.208,0.91408,0.91425,2.44,2.07
2013.07.16 04:29:52.775,0.91407,0.91424,1.69,2.63
2013.07.16 04:29:55.285,0.91408,0.91424,1.69,1.13
2013.07.16 04:29:55.405,0.91408,0.91425,2.44,2.07
2013.07.16 04:29:55.936,0.91408,0.91424,2.25,1.32
2013.07.16 04:29:59.936,0.9141,0.91424,1.50,1.32
2013.07.16 04:30:00.055,0.91409,0.91428,1.69,2.82
2013.07.16 04:30:00.415,0.9141,0.91429,2.44,1.32
2013.07.16 04:30:02.365,0.91414,0.91433,3.19,2.07
2013.07.16 04:30:12.485,0.91414,0.91435,3.19,3.57
2013.07.16 04:30:13.846,0.91416,0.91434,2.44,1.32
2013.07.16 04:30:14.157,0.91426,0.91438,1.13,1.13
2013.07.16 04:30:14.277,0.91428,0.91443,1.50,1.13
2013.07.16 04:30:14.816,0.91427,0.91447,1.88,3.12
2013.07.16 04:30:15.447,0.91427,0.91447,2.44,1.62
2013.07.16 04:30:16.895,0.91427,0.91447,3.19,1.62
2013.07.16 04:30:17.436,0.91432,0.9145,1.50,1.24
2013.07.16 04:30:18.407,0.91431,0.91448,1.69,1.24
2013.07.16 04:30:19.895,0.9143,0.91448,1.69,1.62
2013.07.16 04:30:20.586,0.91429,0.91445,1.13,1.69
2013.07.16 04:30:20.648,0.91428,0.91442,1.50,1.13
2013.07.16 04:30:21.195,0.91429,0.91445,1.13,1.69
2013.07.16 04:30:24.935,0.91426,0.91444,2.44,1.32
2013.07.16 04:30:25.506,0.91424,0.91444,1.69,2.82
2013.07.16 04:30:28.015,0.91423,0.91443,1.69,1.32
2013.07.16 04:30:30.215,0.91427,0.91445,1.32,1.69
2013.07.16 04:30:35.886,0.91426,0.91445,2.07,1.32
2013.07.16 04:30:37.086,0.91427,0.91443,1.13,1.69
2013.07.16 04:30:37.265,0.91425,0.91443,1.69,2.07
2013.07.16 04:30:37.385,0.91423,0.9144,1.13,1.32
2013.07.16 04:30:37.446,0.91423,0.9144,1.13,2.07
2013.07.16 04:30:38.435,0.9142,0.91439,1.69,1.32
2013.07.16 04:30:38.985,0.9142,0.91438,1.69,1.32
2013.07.16 04:30:39.375,0.91418,0.91436,1.69,2.44
2013.07.16 04:30:39.437,0.91417,0.91436,1.32,3.19
2013.07.16 04:30:40.365,0.91416,0.91433,1.69,2.07
2013.07.16 04:30:42.860,0.91413,0.91433,2.44,2.07
2013.07.16 04:30:45.896,0.91413,0.91433,2.44,2.07
2013.07.16 04:30:46.477,0.91413,0.91434,2.44,3.57
2013.07.16 04:30:46.925,0.91412,0.91431,2.44,1.13
2013.07.16 04:30:47.709,0.9141,0.91425,2.44,1.13
2013.07.16 04:30:47.896,0.91406,0.91425,1.32,1.32
2013.07.16 04:30:49.716,0.91403,0.91425,2.44,2.44
2013.07.16 04:30:57.945,0.91403,0.91424,2.44,2.07
2013.07.16 04:31:06.065,0.91402,0.91423,2.82,1.32
2013.07.16 04:31:08.015,0.91402,0.91422,2.44,2.82
2013.07.16 04:31:08.375,0.91401,0.9142,3.19,1.69
2013.07.16 04:31:10.997,0.91401,0.91417,2.44,2.07
2013.07.16 04:31:11.515,0.91401,0.91417,1.69,2.07
2013.07.16 04:31:14.195,0.91401,0.91417,1.69,1.32
2013.07.16 04:31:14.615,0.91402,0.91419,1.50,2.44
2013.07.16 04:31:14.736,0.91404,0.91422,1.69,3.19
2013.07.16 04:31:16.615,0.91407,0.91422,1.50,1.69
2013.07.16 04:31:16.676,0.91405,0.91422,1.69,1.69
2013.07.16 04:31:21.466,0.91405,0.91422,1.50,1.69
2013.07.16 04:31:24.965,0.91406,0.91423,1.50,1.69
2013.07.16 04:31:25.085,0.91406,0.91422,1.50,1.69
2013.07.16 04:31:32.536,0.91407,0.91421,1.50,1.69
2013.07.16 04:31:33.070,0.91407,0.91423,1.50,2.44
2013.07.16 04:31:39.396,0.91407,0.91422,1.50,1.69
2013.07.16 04:31:44.235,0.91407,0.91419,1.50,1.50
2013.07.16 04:31:46.235,0.91402,0.91419,1.50,2.44
2013.07.16 04:31:46.896,0.91402,0.91421,1.50,2.44
2013.07.16 04:31:47.545,0.91402,0.91419,1.50,2.44
2013.07.16 04:31:49.736,0.91401,0.91419,1.50,2.82
2013.07.16 04:31:49.798,0.91397,0.91416,2.25,2.82
2013.07.16 04:31:50.165,0.91394,0.91414,2.82,1.32
2013.07.16 04:31:50.286,0.91394,0.91414,2.07,3.57
2013.07.16 04:31:50.646,0.91393,0.9141,1.69,1.50
2013.07.16 04:31:51.985,0.91391,0.9141,3.19,1.13
2013.07.16 04:31:52.046,0.9139,0.91409,1.32,1.69
2013.07.16 04:31:52.945,0.9139,0.9141,1.32,1.32
2013.07.16 04:31:53.065,0.91392,0.91411,1.69,2.07
2013.07.16 04:31:56.627,0.91392,0.91411,1.69,1.69
2013.07.16 04:31:56.756,0.91395,0.91415,1.32,2.44
2013.07.16 04:31:57.365,0.91394,0.91415,2.07,3.19
2013.07.16 04:31:57.896,0.91395,0.91414,1.32,1.69
2013.07.16 04:31:58.088,0.91394,0.91413,1.69,1.69
2013.07.16 04:32:07.556,0.91393,0.91411,2.44,1.69
2013.07.16 04:32:08.670,0.91393,0.9141,1.50,1.69
2013.07.16 04:32:14.392,0.91393,0.91411,1.50,2.44
2013.07.16 04:32:16.866,0.91393,0.91411,1.50,2.44
2013.07.16 04:32:25.168,0.91393,0.9141,1.69,1.69
2013.07.16 04:32:36.375,0.91393,0.91411,1.69,3.94
2013.07.16 04:32:51.957,0.91393,0.91411,1.69,2.44
2013.07.16 04:32:56.816,0.91393,0.91411,1.69,2.44
2013.07.16 04:32:56.935,0.91393,0.9141,1.50,2.44
2013.07.16 04:32:57.175,0.9139,0.9141,2.44,3.19
2013.07.16 04:32:58.726,0.9139,0.9141,2.44,3.19
2013.07.16 04:33:09.947,0.91391,0.9141,1.69,2.44
2013.07.16 04:33:21.277,0.9139,0.9141,1.69,2.44
2013.07.16 04:33:24.935,0.91392,0.9141,1.69,3.19
2013.07.16 04:33:25.418,0.91392,0.9141,1.69,3.19
2013.07.16 04:33:35.566,0.91393,0.91411,1.69,2.44
2013.07.16 04:33:48.886,0.91392,0.91411,1.69,2.07
2013.07.16 04:33:49.416,0.91393,0.91411,1.69,2.82
2013.07.16 04:33:50.535,0.91394,0.91412,1.69,1.69
2013.07.16 04:33:57.416,0.91395,0.91412,1.69,2.44
2013.07.16 04:33:58.876,0.91399,0.91415,1.69,1.69
2013.07.16 04:34:00.275,0.914,0.91418,1.69,3.19
2013.07.16 04:34:02.199,0.91403,0.91418,1.50,2.44
2013.07.16 04:34:02.265,0.91403,0.91421,1.50,4.32
2013.07.16 04:34:02.627,0.91406,0.91422,2.25,2.44
2013.07.16 04:34:02.807,0.9141,0.91426,1.50,1.69
2013.07.16 04:34:05.598,0.91412,0.91429,2.25,2.44
2013.07.16 04:34:14.127,0.9141,0.91428,1.69,2.44
2013.07.16 04:34:14.306,0.91418,0.91432,1.13,4.69
2013.07.16 04:34:14.365,0.91416,0.91432,1.88,2.44
2013.07.16 04:34:14.486,0.91416,0.91432,1.50,1.69
2013.07.16 04:34:14.726,0.91415,0.91429,1.50,2.44
2013.07.16 04:34:15.026,0.91411,0.91429,1.50,3.94
2013.07.16 04:34:15.506,0.91408,0.91426,2.44,2.44
2013.07.16 04:34:16.018,0.91408,0.91425,1.69,1.50
2013.07.16 04:34:20.458,0.91408,0.91425,1.50,2.44
2013.07.16 04:34:21.005,0.91405,0.91423,1.69,2.44
2013.07.16 04:34:21.066,0.91405,0.91421,1.69,2.25
2013.07.16 04:34:25.516,0.91403,0.9142,2.44,1.50
2013.07.16 04:34:25.576,0.91405,0.91421,1.50,1.69
2013.07.16 04:34:26.056,0.91406,0.91422,1.50,2.44
2013.07.16 04:34:26.356,0.91408,0.91426,1.69,2.44
2013.07.16 04:34:27.115,0.91409,0.91427,2.25,3.94
2013.07.16 04:34:27.666,0.91407,0.91423,2.44,1.50
2013.07.16 04:34:27.786,0.91407,0.91423,1.69,1.50
2013.07.16 04:34:27.966,0.91407,0.91423,1.69,1.50
2013.07.16 04:34:28.479,0.91407,0.91422,1.69,1.88
2013.07.16 04:34:30.056,0.91407,0.91422,1.69,1.13
2013.07.16 04:34:30.676,0.91406,0.91422,2.44,1.13
2013.07.16 04:34:35.096,0.91408,0.91425,1.69,2.44
2013.07.16 04:34:35.455,0.91408,0.91425,1.69,1.69
2013.07.16 04:34:39.866,0.91409,0.91425,2.07,1.69
2013.07.16 04:34:40.286,0.91409,0.91424,1.32,1.50
2013.07.16 04:34:47.945,0.91407,0.91424,1.69,1.69
2013.07.16 04:34:48.126,0.91406,0.91421,3.19,2.25
2013.07.16 04:34:48.186,0.91404,0.91418,1.32,1.50
2013.07.16 04:34:51.246,0.91403,0.9142,1.69,1.50
2013.07.16 04:35:06.075,0.91403,0.9142,1.69,2.25
2013.07.16 04:35:11.715,0.91402,0.9142,1.69,2.25
2013.07.16 04:35:57.415,0.91403,0.91419,2.44,1.50
2013.07.16 04:35:57.965,0.91401,0.91418,2.07,2.44
2013.07.16 04:35:58.737,0.91401,0.91418,2.82,1.69
2013.07.16 04:36:06.006,0.91402,0.91418,1.32,1.69
2013.07.16 04:36:08.163,0.91403,0.9142,2.44,2.25
2013.07.16 04:36:26.656,0.91404,0.91419,1.69,1.13
2013.07.16 04:36:26.716,0.91404,0.91419,1.69,1.13
2013.07.16 04:36:26.959,0.91402,0.91418,2.44,3.00
2013.07.16 04:36:27.205,0.91399,0.91415,2.25,1.32
2013.07.16 04:36:27.746,0.91397,0.91415,2.44,2.07
2013.07.16 04:36:28.320,0.91397,0.91415,2.44,2.07
2013.07.16 04:36:34.557,0.91396,0.91415,1.50,3.94
2013.07.16 04:36:34.678,0.91395,0.91413,2.44,2.82
2013.07.16 04:36:35.037,0.91392,0.91408,1.50,2.07
2013.07.16 04:36:35.456,0.91388,0.91406,1.69,1.50
2013.07.16 04:36:37.387,0.91388,0.91406,2.25,5.07
2013.07.16 04:36:40.117,0.91388,0.91406,1.50,4.32
2013.07.16 04:36:40.537,0.91386,0.91402,3.19,1.50
2013.07.16 04:36:42.207,0.91385,0.91402,2.25,2.07
2013.07.16 04:36:42.566,0.91383,0.914,1.69,1.50
2013.07.16 04:36:43.076,0.91382,0.91398,1.50,1.69
2013.07.16 04:36:43.617,0.91385,0.914,1.50,2.44
2013.07.16 04:36:44.138,0.91384,0.914,2.25,2.44
2013.07.16 04:36:45.538,0.91384,0.91401,2.25,1.69
2013.07.16 04:36:48.287,0.91384,0.91401,1.50,1.69
2013.07.16 04:36:58.337,0.91383,0.914,2.44,1.69
2013.07.16 04:37:01.312,0.91383,0.914,2.25,1.50
2013.07.16 04:37:11.347,0.91384,0.91402,2.25,2.44
2013.07.16 04:37:11.948,0.91384,0.91402,3.19,1.69
2013.07.16 04:37:13.196,0.91384,0.91401,3.19,1.69
2013.07.16 04:37:14.301,0.91384,0.914,1.50,1.69
2013.07.16 04:37:14.607,0.91382,0.914,3.19,2.44
2013.07.16 04:37:19.298,0.9138,0.91398,2.44,3.57
2013.07.16 04:37:20.649,0.91382,0.91398,1.50,2.82
2013.07.16 04:37:23.147,0.91382,0.914,3.19,2.44
2013.07.16 04:37:25.247,0.91382,0.914,3.00,1.69
2013.07.16 04:37:40.627,0.91382,0.914,2.25,2.44
2013.07.16 04:37:41.817,0.91382,0.914,1.50,2.44
2013.07.16 04:37:50.967,0.91382,0.914,1.69,3.19
2013.07.16 04:37:51.147,0.91383,0.91401,2.44,1.69
2013.07.16 04:37:51.766,0.91386,0.91403,1.50,3.94
2013.07.16 04:37:51.947,0.91387,0.91406,1.69,4.69
2013.07.16 04:37:52.487,0.91387,0.91406,1.69,3.19
2013.07.16 04:37:53.327,0.91388,0.91406,1.69,3.94
2013.07.16 04:37:57.986,0.91388,0.91406,1.69,2.44
2013.07.16 04:37:58.505,0.91388,0.91406,2.44,1.69
2013.07.16 04:38:01.108,0.91388,0.91406,1.69,1.69
2013.07.16 04:38:03.148,0.91388,0.91406,1.69,3.19
2013.07.16 04:38:04.948,0.91386,0.91404,3.19,3.75
2013.07.16 04:38:05.307,0.91383,0.91398,1.69,1.50
2013.07.16 04:38:06.187,0.91382,0.91398,2.44,1.50
2013.07.16 04:38:07.617,0.91381,0.91396,3.19,1.13
2013.07.16 04:38:08.607,0.9138,0.91396,1.69,1.13
2013.07.16 04:38:08.727,0.91383,0.91398,1.50,1.69
2013.07.16 04:38:09.298,0.91383,0.91398,1.50,1.69
2013.07.16 04:38:15.618,0.91383,0.91399,1.50,1.69
2013.07.16 04:38:16.206,0.91382,0.91399,1.88,1.69
2013.07.16 04:38:16.736,0.91383,0.91401,2.25,3.19
2013.07.16 04:38:17.079,0.91383,0.91401,2.25,3.19
2013.07.16 04:38:18.100,0.91383,0.91397,2.25,1.13
2013.07.16 04:38:18.168,0.91381,0.91393,1.13,1.50
2013.07.16 04:38:18.227,0.91378,0.91392,1.32,1.13
2013.07.16 04:38:18.286,0.91377,0.91392,2.44,1.50
2013.07.16 04:38:18.347,0.91377,0.91391,1.50,1.69
2013.07.16 04:38:18.681,0.91378,0.91395,6.94,1.50
2013.07.16 04:38:18.749,0.91383,0.91398,1.50,1.69
2013.07.16 04:38:19.524,0.91383,0.91399,2.25,2.07
2013.07.16 04:38:23.189,0.91382,0.91399,1.13,3.19
2013.07.16 04:38:23.987,0.91383,0.91396,1.50,1.69
2013.07.16 04:38:28.057,0.91381,0.91396,2.63,1.69
2013.07.16 04:38:28.356,0.91381,0.91396,2.63,1.69
2013.07.16 04:38:32.918,0.91382,0.91397,1.50,1.69
2013.07.16 04:38:35.647,0.91384,0.91397,2.25,1.69
2013.07.16 04:38:35.771,0.91389,0.91398,1.13,1.50
2013.07.16 04:38:36.136,0.91389,0.91404,1.88,1.69
2013.07.16 04:38:36.197,0.91392,0.91404,1.32,1.50
2013.07.16 04:38:36.557,0.91392,0.91408,1.32,1.50
2013.07.16 04:38:36.797,0.91393,0.9141,1.50,1.69
2013.07.16 04:38:37.547,0.91396,0.91412,2.25,2.44
2013.07.16 04:38:38.107,0.91396,0.91412,1.50,1.69
2013.07.16 04:38:38.167,0.91396,0.91411,1.50,1.69
2013.07.16 04:38:38.732,0.91396,0.91408,1.50,1.50
2013.07.16 04:38:39.318,0.91396,0.91412,1.50,1.69
2013.07.16 04:38:39.627,0.91396,0.9141,1.50,1.50
2013.07.16 04:38:39.867,0.91395,0.91412,2.63,1.69
2013.07.16 04:38:39.967,0.91396,0.91412,1.50,1.69
2013.07.16 04:38:58.067,0.91397,0.91412,1.50,2.44
2013.07.16 04:39:00.386,0.91395,0.91411,1.69,1.69
2013.07.16 04:39:00.448,0.91392,0.91408,1.13,1.69
2013.07.16 04:39:00.628,0.91391,0.91405,1.50,1.50
2013.07.16 04:39:00.867,0.91388,0.91403,1.69,1.13
2013.07.16 04:39:00.926,0.91387,0.91403,1.50,2.07
2013.07.16 04:39:00.987,0.91387,0.91403,1.50,2.82
2013.07.16 04:39:01.107,0.91383,0.914,1.69,2.25
2013.07.16 04:39:01.287,0.91383,0.91399,1.69,1.50
2013.07.16 04:39:04.068,0.91385,0.91403,1.50,2.44
2013.07.16 04:39:04.317,0.91387,0.91404,3.00,2.44
2013.07.16 04:39:04.377,0.9139,0.91406,2.44,1.69
2013.07.16 04:39:04.559,0.91394,0.91407,1.50,1.69
2013.07.16 04:39:05.098,0.91396,0.9141,1.50,1.50
2013.07.16 04:39:05.158,0.91396,0.91413,1.50,1.69
2013.07.16 04:39:05.707,0.91397,0.91414,1.50,2.82
2013.07.16 04:39:06.217,0.91395,0.91412,1.69,1.69
2013.07.16 04:39:07.177,0.91394,0.91408,1.69,1.88
2013.07.16 04:39:07.297,0.91392,0.91403,2.25,1.13
2013.07.16 04:39:07.479,0.91389,0.91406,1.50,2.44
2013.07.16 04:39:07.657,0.91386,0.91404,2.44,1.69
2013.07.16 04:39:07.777,0.91385,0.91402,1.50,1.69
2013.07.16 04:39:07.897,0.91384,0.91401,1.69,1.32
2013.07.16 04:39:09.526,0.91384,0.91401,2.44,1.32
2013.07.16 04:39:14.187,0.91387,0.91402,1.50,2.44
2013.07.16 04:39:14.547,0.91388,0.91403,1.50,1.69
2013.07.16 04:39:15.078,0.91389,0.91404,1.50,2.44
2013.07.16 04:39:24.949,0.91389,0.91405,1.50,2.44
2013.07.16 04:39:25.367,0.91389,0.914,1.50,1.13
2013.07.16 04:39:25.847,0.91383,0.91399,1.50,3.94
2013.07.16 04:39:26.027,0.91378,0.91396,2.44,1.50
2013.07.16 04:39:26.206,0.91376,0.91395,2.25,1.69
2013.07.16 04:39:27.487,0.91378,0.91395,2.25,1.69
2013.07.16 04:39:27.547,0.91379,0.91395,1.50,1.69
2013.07.16 04:39:27.727,0.9138,0.91396,2.25,1.32
2013.07.16 04:39:28.027,0.91379,0.91396,1.50,1.32
2013.07.16 04:39:28.087,0.91379,0.91396,2.25,1.32
2013.07.16 04:39:30.266,0.91381,0.91397,1.50,1.69
2013.07.16 04:39:32.877,0.91382,0.91398,1.50,1.69
2013.07.16 04:39:33.780,0.91384,0.91398,1.50,1.69
2013.07.16 04:39:33.847,0.91381,0.91398,1.69,1.69
2013.07.16 04:39:35.579,0.91381,0.91397,1.50,1.69
2013.07.16 04:39:36.218,0.91381,0.91397,1.50,1.69
2013.07.16 04:39:36.840,0.91381,0.91396,1.50,1.69
2013.07.16 04:39:37.588,0.91381,0.91394,1.50,1.69
2013.07.16 04:39:38.200,0.91381,0.91394,1.50,2.44
2013.07.16 04:39:42.577,0.91378,0.91392,1.50,1.50
2013.07.16 04:39:42.637,0.91378,0.91392,1.50,1.50
2013.07.16 04:39:42.879,0.91374,0.9139,2.25,1.69
2013.07.16 04:39:42.940,0.91374,0.9139,2.25,1.69
2013.07.16 04:39:43.357,0.91374,0.91388,2.25,1.69
2013.07.16 04:39:43.598,0.91374,0.91387,1.50,1.50
2013.07.16 04:39:44.158,0.91371,0.91389,1.73,2.07
2013.07.16 04:39:45.527,0.91374,0.91388,1.73,2.44
2013.07.16 04:39:46.068,0.91375,0.91389,1.50,2.44
2013.07.16 04:39:46.308,0.9137,0.91386,1.62,1.50
2013.07.16 04:39:46.867,0.9137,0.91384,1.43,1.69
2013.07.16 04:39:47.677,0.9137,0.91384,1.43,1.69
2013.07.16 04:39:57.288,0.9137,0.91384,1.73,1.69
2013.07.16 04:39:59.947,0.9137,0.91384,1.73,1.69
2013.07.16 04:40:02.517,0.9137,0.91384,1.73,1.69
2013.07.16 04:40:03.707,0.91369,0.91383,1.20,2.44
2013.07.16 04:40:03.827,0.91365,0.91381,1.92,1.69
2013.07.16 04:40:14.037,0.91367,0.91381,1.50,2.44
2013.07.16 04:40:14.097,0.91367,0.9138,1.50,1.69
2013.07.16 04:40:14.457,0.91363,0.91379,1.69,1.50
2013.07.16 04:40:15.678,0.91361,0.91379,2.44,2.44
2013.07.16 04:40:16.777,0.91361,0.91379,3.19,2.44
2013.07.16 04:40:17.307,0.91364,0.9138,1.50,1.69
2013.07.16 04:40:21.087,0.91363,0.91379,1.69,1.69
2013.07.16 04:40:21.717,0.91363,0.91379,1.69,1.69
2013.07.16 04:40:24.137,0.91363,0.9138,1.69,2.44
2013.07.16 04:40:32.648,0.91364,0.91382,1.69,3.94
2013.07.16 04:40:34.247,0.91366,0.91382,1.50,3.94
2013.07.16 04:40:34.871,0.91366,0.91381,1.50,2.44
2013.07.16 04:40:37.457,0.91364,0.9138,1.50,1.32
2013.07.16 04:40:37.757,0.91363,0.9138,1.69,2.44
2013.07.16 04:40:39.222,0.91364,0.9138,1.50,3.57
2013.07.16 04:40:39.407,0.91361,0.91378,1.13,3.19
2013.07.16 04:40:49.167,0.91364,0.91377,1.50,1.69
2013.07.16 04:40:56.787,0.91364,0.91379,1.50,2.44
2013.07.16 04:40:56.976,0.91364,0.91379,1.50,2.44
2013.07.16 04:40:58.487,0.91367,0.91379,1.50,2.44
2013.07.16 04:41:00.039,0.91368,0.91381,1.50,2.44
2013.07.16 04:41:00.278,0.91364,0.9138,6.38,1.69
2013.07.16 04:41:00.868,0.91364,0.91378,5.63,1.50
2013.07.16 04:41:05.307,0.91364,0.9138,5.63,2.07
2013.07.16 04:41:05.667,0.91367,0.9138,5.63,4.32
2013.07.16 04:41:06.627,0.91367,0.9138,2.25,2.44
2013.07.16 04:41:06.987,0.91367,0.9138,2.63,2.44
2013.07.16 04:41:09.286,0.9137,0.91382,4.88,1.32
2013.07.16 04:41:11.679,0.9137,0.9138,4.88,2.07
2013.07.16 04:41:25.643,0.9137,0.91381,5.63,2.44
2013.07.16 04:41:26.977,0.9137,0.91381,4.88,3.19
2013.07.16 04:41:27.519,0.91369,0.91381,4.88,3.94
2013.07.16 04:41:27.878,0.91369,0.91381,5.63,2.44
2013.07.16 04:41:28.177,0.9137,0.9138,4.13,1.69
2013.07.16 04:41:28.757,0.91369,0.9138,5.63,1.69
2013.07.16 04:41:29.277,0.9137,0.9138,4.13,1.69
2013.07.16 04:41:34.197,0.9137,0.91381,4.88,2.82
2013.07.16 04:41:43.208,0.9137,0.91381,4.88,1.69
2013.07.16 04:41:43.508,0.9137,0.91379,4.88,1.50
2013.07.16 04:41:44.487,0.91369,0.91379,4.88,1.50
2013.07.16 04:41:45.647,0.91365,0.91375,1.28,1.13
2013.07.16 04:41:45.767,0.91361,0.91375,1.69,1.13
2013.07.16 04:41:46.398,0.91361,0.91376,2.82,2.25
2013.07.16 04:41:46.877,0.91366,0.91376,1.50,1.69
2013.07.16 04:41:47.448,0.91366,0.91378,1.50,2.44
2013.07.16 04:41:48.178,0.91364,0.91378,1.13,2.44
2013.07.16 04:41:50.916,0.91363,0.91377,4.13,2.44
2013.07.16 04:41:51.157,0.91364,0.91377,1.50,2.44
2013.07.16 04:41:55.329,0.91367,0.9138,1.50,2.44
2013.07.16 04:41:55.567,0.91367,0.91382,1.69,1.50
2013.07.16 04:41:55.687,0.91367,0.91384,2.82,2.44
2013.07.16 04:41:56.261,0.91371,0.91387,1.50,3.19
2013.07.16 04:41:57.817,0.91371,0.91387,2.25,2.44
2013.07.16 04:42:03.137,0.91373,0.91388,5.63,2.44
2013.07.16 04:42:08.508,0.91375,0.91388,1.50,2.44
2013.07.16 04:42:08.568,0.91376,0.91391,1.50,3.94
2013.07.16 04:42:09.047,0.91376,0.91391,3.00,2.44
2013.07.16 04:42:09.107,0.91377,0.91391,1.50,2.44
2013.07.16 04:42:09.167,0.91376,0.91392,1.50,2.44
2013.07.16 04:42:09.687,0.91378,0.91392,2.25,2.44
2013.07.16 04:42:10.107,0.91378,0.91392,2.25,2.44
2013.07.16 04:42:10.738,0.9138,0.91395,1.50,1.69
2013.07.16 04:42:10.858,0.9138,0.91397,2.25,3.19
2013.07.16 04:42:10.977,0.91381,0.91399,1.69,2.44
2013.07.16 04:42:11.037,0.91383,0.91399,1.50,1.69
2013.07.16 04:42:11.097,0.91383,0.91399,1.50,1.69
2013.07.16 04:42:11.767,0.91381,0.91399,1.69,1.69
2013.07.16 04:42:12.308,0.91381,0.91399,1.69,1.69
2013.07.16 04:42:12.648,0.9138,0.91395,5.63,1.50
2013.07.16 04:42:12.707,0.9138,0.91395,5.63,2.25
2013.07.16 04:42:15.598,0.9138,0.91396,5.63,1.50
2013.07.16 04:42:15.659,0.9138,0.91396,5.63,2.44
2013.07.16 04:42:18.577,0.91381,0.91398,1.50,3.19
2013.07.16 04:42:19.117,0.91383,0.914,5.63,2.82
2013.07.16 04:42:19.677,0.91384,0.914,4.88,3.57
2013.07.16 04:42:19.756,0.91384,0.914,5.63,3.57
2013.07.16 04:42:21.908,0.91383,0.91399,4.88,2.44
2013.07.16 04:42:22.523,0.91383,0.91399,5.63,2.44
2013.07.16 04:42:23.317,0.91384,0.91398,5.63,2.44
2013.07.16 04:42:24.447,0.91382,0.91399,5.63,3.94
2013.07.16 04:42:29.239,0.91382,0.91396,1.50,2.44
2013.07.16 04:42:29.967,0.91382,0.91396,4.88,2.44
2013.07.16 04:42:31.288,0.91378,0.91393,1.50,1.69
2013.07.16 04:42:31.836,0.91378,0.91393,1.50,2.44
2013.07.16 04:42:32.380,0.91377,0.91393,1.50,2.44
2013.07.16 04:42:32.448,0.91379,0.91393,1.50,1.69
2013.07.16 04:42:34.848,0.9138,0.91395,1.50,1.69
2013.07.16 04:42:35.887,0.91379,0.91396,1.69,3.19
2013.07.16 04:42:35.947,0.91379,0.91396,1.69,1.69
2013.07.16 04:42:36.307,0.91383,0.91399,1.50,2.44
2013.07.16 04:42:37.657,0.91385,0.91399,2.25,2.44
2013.07.16 04:42:38.197,0.91385,0.91399,2.25,2.44
2013.07.16 04:42:38.789,0.91385,0.91399,1.50,2.44
2013.07.16 04:42:39.087,0.91385,0.91395,1.50,2.44
2013.07.16 04:42:39.449,0.91385,0.91393,1.50,1.69
2013.07.16 04:42:39.808,0.91378,0.91384,3.00,1.69
2013.07.16 04:42:39.927,0.91366,0.91383,3.94,1.69
2013.07.16 04:42:40.799,0.91368,0.91384,3.75,2.44
2013.07.16 04:42:41.157,0.91374,0.91384,1.50,2.44
2013.07.16 04:42:41.609,0.91374,0.91389,1.50,4.32
2013.07.16 04:42:43.017,0.91375,0.91389,1.50,2.44
2013.07.16 04:42:43.937,0.91374,0.91384,1.50,2.25
2013.07.16 04:42:44.297,0.91376,0.91386,1.50,3.19
2013.07.16 04:42:44.357,0.91376,0.91387,1.50,2.44
2013.07.16 04:42:45.817,0.91376,0.91391,1.50,1.32
2013.07.16 04:42:48.348,0.91374,0.91391,1.50,2.07
2013.07.16 04:42:48.408,0.91374,0.91388,1.50,2.44
2013.07.16 04:42:48.957,0.91374,0.91388,1.50,2.44
2013.07.16 04:42:49.077,0.91371,0.91388,2.25,2.44
2013.07.16 04:42:49.257,0.91369,0.91384,1.50,3.19
2013.07.16 04:42:49.769,0.91367,0.91382,1.50,1.32
2013.07.16 04:42:50.567,0.91369,0.91382,1.50,1.32
2013.07.16 04:42:56.697,0.9137,0.91383,1.50,1.32
2013.07.16 04:42:57.117,0.91371,0.91387,2.25,2.44
2013.07.16 04:42:57.177,0.91372,0.91387,1.50,1.69
2013.07.16 04:42:57.688,0.91372,0.91388,1.50,2.82
2013.07.16 04:42:58.327,0.91373,0.91388,1.50,2.82
2013.07.16 04:42:59.258,0.91373,0.91388,1.50,1.32
2013.07.16 04:42:59.849,0.91374,0.9139,3.00,2.82
2013.07.16 04:43:00.387,0.91372,0.91388,1.69,1.69
2013.07.16 04:43:02.537,0.91374,0.91388,1.50,2.44
2013.07.16 04:43:03.327,0.91373,0.91388,2.25,1.69
2013.07.16 04:43:03.388,0.91373,0.91385,1.50,2.25
2013.07.16 04:43:03.567,0.91369,0.91384,1.50,1.32
2013.07.16 04:43:04.178,0.91368,0.91384,2.25,2.07
2013.07.16 04:43:04.457,0.91368,0.91384,2.25,2.07
2013.07.16 04:43:08.319,0.9137,0.91384,1.50,2.44
2013.07.16 04:43:10.258,0.9137,0.91385,1.50,1.69
2013.07.16 04:43:10.617,0.91372,0.91388,2.25,2.44
2013.07.16 04:43:11.163,0.91372,0.91388,2.25,2.44
2013.07.16 04:43:11.490,0.91374,0.91388,2.25,2.44
2013.07.16 04:43:12.168,0.91375,0.91388,1.50,2.44
2013.07.16 04:43:12.708,0.91375,0.91388,1.50,2.44
2013.07.16 04:43:12.767,0.91375,0.91391,1.50,4.69
2013.07.16 04:43:13.588,0.91375,0.91391,1.50,3.57
2013.07.16 04:43:14.738,0.91376,0.91391,1.50,2.82
2013.07.16 04:43:15.277,0.91377,0.9139,1.50,2.44
2013.07.16 04:43:15.337,0.91374,0.9139,2.25,2.44
2013.07.16 04:43:20.968,0.91374,0.91386,2.25,1.50
2013.07.16 04:43:21.028,0.91372,0.91386,5.63,1.50
2013.07.16 04:43:21.327,0.9137,0.91386,1.69,1.69
2013.07.16 04:43:22.027,0.9137,0.91386,2.44,1.69
2013.07.16 04:43:25.361,0.91373,0.91388,3.00,2.07
2013.07.16 04:43:26.807,0.91376,0.91388,1.50,1.32
2013.07.16 04:43:27.747,0.91376,0.91391,1.50,3.94
2013.07.16 04:43:30.537,0.91379,0.91392,1.50,2.44
2013.07.16 04:43:38.179,0.91379,0.91392,1.50,2.44
2013.07.16 04:43:40.968,0.91379,0.91392,1.50,1.50
2013.07.16 04:43:41.268,0.91379,0.91396,3.75,1.32
2013.07.16 04:43:41.870,0.91383,0.91396,1.50,1.32
2013.07.16 04:43:41.927,0.91383,0.91396,1.50,1.32
2013.07.16 04:43:43.317,0.91384,0.91398,1.50,1.69
2013.07.16 04:43:43.637,0.91385,0.91398,1.50,1.69
2013.07.16 04:43:44.689,0.91383,0.91398,1.50,1.50
2013.07.16 04:43:44.748,0.91382,0.914,7.13,1.69
2013.07.16 04:43:44.808,0.91382,0.914,5.63,2.44
2013.07.16 04:43:45.357,0.91383,0.914,1.50,2.44
2013.07.16 04:43:45.707,0.91383,0.91399,1.50,1.69
2013.07.16 04:43:46.107,0.91382,0.91396,1.50,1.50
2013.07.16 04:43:46.468,0.91377,0.91395,1.50,3.94
2013.07.16 04:43:46.647,0.91376,0.91393,1.50,1.69
2013.07.16 04:43:47.190,0.91379,0.91393,1.69,1.50
2013.07.16 04:43:47.308,0.9138,0.91393,1.69,1.50
2013.07.16 04:43:47.607,0.91382,0.91398,1.50,3.19
2013.07.16 04:43:48.235,0.91383,0.91398,2.25,2.44
2013.07.16 04:43:48.748,0.91383,0.91398,1.50,2.44
2013.07.16 04:43:49.909,0.91383,0.91399,1.50,1.32
2013.07.16 04:43:53.458,0.91381,0.91398,2.44,1.32
2013.07.16 04:43:54.858,0.91381,0.91398,1.50,1.32
2013.07.16 04:43:55.527,0.9138,0.91398,2.25,1.32
2013.07.16 04:44:01.928,0.91381,0.91398,1.50,1.32
2013.07.16 04:44:02.110,0.91382,0.91399,1.69,1.50
2013.07.16 04:44:02.297,0.91383,0.91401,2.44,1.69
2013.07.16 04:44:02.777,0.91383,0.91398,1.69,1.13
2013.07.16 04:44:03.078,0.91377,0.91394,1.88,1.69
2013.07.16 04:44:03.439,0.91375,0.91392,1.50,1.69
2013.07.16 04:44:04.028,0.91374,0.91392,1.50,2.44
2013.07.16 04:44:04.568,0.91372,0.9139,3.19,1.69
2013.07.16 04:44:04.688,0.91372,0.91392,2.82,2.44
2013.07.16 04:44:04.808,0.91376,0.91392,1.50,1.69
2013.07.16 04:44:05.318,0.91376,0.91393,2.44,1.69
2013.07.16 04:44:05.558,0.91378,0.91394,1.50,1.69
2013.07.16 04:44:05.918,0.91382,0.91396,1.50,2.44
2013.07.16 04:44:06.399,0.91382,0.91397,1.50,1.69
2013.07.16 04:44:06.459,0.9138,0.91397,1.69,1.69
2013.07.16 04:44:06.969,0.9138,0.91398,1.69,3.19
2013.07.16 04:44:07.518,0.91382,0.914,1.50,2.44
2013.07.16 04:44:07.948,0.91382,0.914,3.38,2.44
2013.07.16 04:44:08.308,0.91387,0.91406,1.50,2.44
2013.07.16 04:44:08.668,0.91385,0.91403,1.69,1.69
2013.07.16 04:44:10.027,0.91386,0.91403,1.50,1.69
2013.07.16 04:44:10.637,0.91388,0.91405,1.50,2.44
2013.07.16 04:44:10.877,0.91392,0.9141,1.50,2.44
2013.07.16 04:44:11.117,0.91393,0.91411,1.50,2.82
2013.07.16 04:44:12.009,0.91393,0.91413,1.69,1.69
2013.07.16 04:44:12.190,0.91395,0.91414,1.50,1.69
2013.07.16 04:44:13.158,0.91395,0.91413,3.75,2.44
2013.07.16 04:44:13.337,0.91395,0.91412,3.00,1.69
2013.07.16 04:44:13.848,0.91393,0.9141,1.69,1.50
2013.07.16 04:44:15.349,0.91393,0.91409,1.50,1.69
2013.07.16 04:44:15.530,0.91392,0.91409,1.69,1.69
2013.07.16 04:44:16.878,0.91392,0.91409,1.50,3.94
2013.07.16 04:44:17.069,0.91389,0.91407,4.32,2.44
2013.07.16 04:44:18.509,0.91389,0.91407,3.57,3.94
2013.07.16 04:44:18.571,0.91389,0.91405,1.88,1.69
2013.07.16 04:44:18.879,0.91386,0.91402,1.13,1.69
2013.07.16 04:44:19.418,0.91386,0.91402,1.13,1.69
2013.07.16 04:44:20.181,0.91388,0.91405,2.25,3.94
2013.07.16 04:44:20.548,0.91388,0.91405,2.25,3.19
2013.07.16 04:44:20.787,0.9139,0.91407,1.50,1.69
2013.07.16 04:44:21.327,0.9139,0.91409,1.50,2.44
2013.07.16 04:44:21.831,0.91391,0.91409,1.50,3.19
2013.07.16 04:44:22.518,0.91389,0.91407,2.25,1.69
2013.07.16 04:44:22.594,0.9139,0.91407,1.69,2.25
2013.07.16 04:44:22.845,0.9139,0.91408,2.44,3.19
2013.07.16 04:44:23.948,0.91388,0.91405,2.25,1.69
2013.07.16 04:44:24.918,0.91391,0.91405,1.50,1.50
2013.07.16 04:44:25.038,0.91392,0.91408,1.50,1.69
2013.07.16 04:44:25.219,0.91395,0.91412,1.50,2.44
2013.07.16 04:44:25.829,0.91397,0.91412,1.50,2.44
2013.07.16 04:44:26.407,0.91397,0.91414,1.69,1.32
2013.07.16 04:44:27.307,0.91398,0.91415,1.50,3.57
2013.07.16 04:44:27.837,0.91397,0.9141,1.50,2.63
2013.07.16 04:44:28.139,0.91392,0.91407,1.50,2.44
2013.07.16 04:44:28.448,0.91388,0.91407,1.69,2.44
2013.07.16 04:44:29.710,0.91388,0.91407,1.69,1.69
2013.07.16 04:44:29.960,0.91389,0.91407,1.69,1.69
2013.07.16 04:44:31.099,0.91391,0.91406,1.50,1.69
2013.07.16 04:44:31.469,0.91388,0.91405,1.69,1.69
2013.07.16 04:44:32.457,0.91389,0.91405,1.50,1.69
2013.07.16 04:44:33.057,0.91391,0.91406,2.25,2.44
2013.07.16 04:44:36.227,0.91391,0.91406,1.50,2.44
2013.07.16 04:44:36.952,0.91391,0.91406,2.25,2.44
2013.07.16 04:44:39.075,0.91391,0.91406,1.50,2.44
2013.07.16 04:44:39.735,0.91391,0.91407,2.25,2.44
2013.07.16 04:44:40.237,0.91389,0.91406,1.50,1.69
2013.07.16 04:44:41.168,0.91389,0.91407,1.50,1.69
2013.07.16 04:44:43.594,0.91389,0.91407,1.32,1.69
2013.07.16 04:44:44.988,0.9139,0.91407,1.13,1.69
2013.07.16 04:44:45.298,0.91392,0.91407,1.88,1.50
2013.07.16 04:44:45.838,0.91392,0.91409,2.25,1.69
2013.07.16 04:44:46.400,0.91392,0.91409,2.25,1.69
2013.07.16 04:44:46.939,0.91388,0.91407,2.07,2.44
2013.07.16 04:44:47.601,0.9139,0.91406,1.50,1.69
2013.07.16 04:44:49.788,0.91388,0.91405,1.32,2.82
2013.07.16 04:44:50.087,0.91381,0.91399,2.82,1.69
2013.07.16 04:44:50.669,0.9138,0.91397,2.44,1.50
2013.07.16 04:44:51.198,0.91381,0.91399,2.07,2.44
2013.07.16 04:44:51.998,0.91382,0.91399,1.50,2.44
2013.07.16 04:44:54.819,0.91381,0.91398,2.44,1.69
2013.07.16 04:44:56.188,0.91381,0.91398,2.44,2.44
2013.07.16 04:44:57.997,0.91376,0.91395,3.19,1.69
2013.07.16 04:44:58.527,0.91378,0.91396,1.69,1.69
2013.07.16 04:44:59.856,0.91379,0.91397,1.69,3.19
2013.07.16 04:45:00.040,0.9138,0.91397,2.07,1.69
2013.07.16 04:45:00.701,0.91379,0.91396,2.82,1.69
2013.07.16 04:45:02.269,0.91379,0.91395,1.69,1.69
2013.07.16 04:45:07.098,0.9138,0.91397,1.50,3.19
2013.07.16 04:45:08.539,0.9138,0.91398,2.44,1.69
2013.07.16 04:45:13.339,0.91382,0.91398,1.69,1.69
2013.07.16 04:45:13.698,0.91385,0.91399,1.13,2.44
2013.07.16 04:45:14.547,0.91385,0.91399,1.13,2.44
2013.07.16 04:45:14.608,0.91385,0.91403,1.32,1.69
2013.07.16 04:45:15.408,0.91385,0.91402,1.32,2.44
2013.07.16 04:45:15.588,0.91384,0.914,1.50,3.94
2013.07.16 04:45:15.708,0.91381,0.91399,1.50,1.69
2013.07.16 04:45:18.848,0.9138,0.91398,1.69,2.44
2013.07.16 04:45:20.728,0.91382,0.91398,1.13,1.69
2013.07.16 04:45:21.089,0.91388,0.91403,1.50,2.44
2013.07.16 04:45:21.148,0.91388,0.91406,2.44,2.44
2013.07.16 04:45:22.017,0.91387,0.91404,3.57,1.50
2013.07.16 04:45:22.077,0.91388,0.91406,1.69,1.69
2013.07.16 04:45:33.918,0.91393,0.91405,1.13,1.69
2013.07.16 04:45:34.038,0.91392,0.91408,1.50,2.44
2013.07.16 04:45:34.967,0.91389,0.91406,3.19,1.69
2013.07.16 04:45:36.398,0.9139,0.91406,2.44,1.69
2013.07.16 04:45:36.579,0.91391,0.91406,1.50,1.69
2013.07.16 04:45:36.639,0.9139,0.91406,2.44,1.69
2013.07.16 04:45:37.178,0.9139,0.91406,1.69,2.44
2013.07.16 04:45:40.429,0.91388,0.91406,1.32,2.44
2013.07.16 04:45:40.787,0.91388,0.91406,1.32,1.69
2013.07.16 04:45:44.681,0.91393,0.91406,1.50,1.69
2013.07.16 04:45:44.928,0.91391,0.91407,1.88,2.44
2013.07.16 04:45:45.108,0.91393,0.91407,1.50,2.44
2013.07.16 04:45:45.798,0.91394,0.91407,1.13,1.69
2013.07.16 04:45:46.228,0.91393,0.91406,1.88,1.50
2013.07.16 04:45:46.768,0.91389,0.91406,1.69,2.44
2013.07.16 04:45:47.298,0.91389,0.91403,1.69,1.50
2013.07.16 04:45:50.238,0.91388,0.91403,5.44,1.50
2013.07.16 04:45:50.807,0.91388,0.91403,6.94,1.50
2013.07.16 04:45:54.409,0.91388,0.91403,1.13,2.44
2013.07.16 04:45:54.528,0.91385,0.914,1.95,1.69
2013.07.16 04:45:54.710,0.91382,0.91399,1.32,1.69
2013.07.16 04:45:55.249,0.91382,0.91398,1.32,1.50
2013.07.16 04:45:55.638,0.91382,0.91398,1.69,1.88
2013.07.16 04:45:55.818,0.91379,0.91398,2.07,4.32
2013.07.16 04:45:56.488,0.91379,0.91398,1.69,4.32
2013.07.16 04:45:58.658,0.91379,0.91396,1.88,2.82
2013.07.16 04:46:00.987,0.91384,0.91396,1.13,2.82
2013.07.16 04:46:01.589,0.91384,0.91398,1.13,1.69
2013.07.16 04:46:02.148,0.91385,0.91401,1.88,3.19
2013.07.16 04:46:02.208,0.91386,0.91401,1.88,2.44
2013.07.16 04:46:02.269,0.91386,0.91403,2.82,1.69
2013.07.16 04:46:02.807,0.9139,0.91404,1.13,1.32
2013.07.16 04:46:03.919,0.9139,0.91408,2.63,1.69
2013.07.16 04:46:04.279,0.91395,0.91409,1.13,2.44
2013.07.16 04:46:04.518,0.91395,0.91411,1.32,2.44
2013.07.16 04:46:05.928,0.91397,0.91413,1.50,1.69
2013.07.16 04:46:06.147,0.91398,0.91414,1.13,2.07
2013.07.16 04:46:06.689,0.91398,0.91414,1.13,1.69
2013.07.16 04:46:15.418,0.914,0.91414,1.50,2.07
2013.07.16 04:46:15.598,0.91403,0.91416,1.13,2.44
2013.07.16 04:46:16.080,0.91403,0.91419,2.82,1.32
2013.07.16 04:46:16.697,0.91404,0.9142,2.07,1.32
2013.07.16 04:46:17.230,0.91405,0.91422,1.13,3.19
2013.07.16 04:46:17.728,0.91406,0.91422,1.13,3.19
2013.07.16 04:46:21.828,0.91404,0.91418,2.25,1.50
2013.07.16 04:46:22.128,0.91399,0.91415,2.82,1.50
2013.07.16 04:46:22.248,0.91399,0.91413,1.13,1.69
2013.07.16 04:46:22.308,0.91396,0.91413,2.44,2.07
2013.07.16 04:46:22.847,0.91398,0.91413,2.25,1.32
2013.07.16 04:46:22.908,0.91398,0.91414,2.25,2.07
2013.07.16 04:46:23.468,0.91398,0.91413,2.25,1.32
2013.07.16 04:46:23.658,0.91398,0.91413,2.25,1.32
2013.07.16 04:46:25.638,0.914,0.91416,2.44,1.13
2013.07.16 04:46:26.167,0.914,0.91416,2.44,1.13
2013.07.16 04:46:26.868,0.914,0.91416,2.44,1.13
2013.07.16 04:46:28.157,0.914,0.91416,2.44,1.13
2013.07.16 04:46:31.748,0.914,0.91416,1.69,1.13
2013.07.16 04:46:32.108,0.91397,0.91412,1.69,1.50
2013.07.16 04:46:32.688,0.91396,0.91411,2.44,2.25
2013.07.16 04:46:33.048,0.91393,0.91407,3.00,1.50
2013.07.16 04:46:33.408,0.91393,0.91405,2.25,1.50
2013.07.16 04:46:34.860,0.91392,0.91405,1.69,1.50
2013.07.16 04:46:35.451,0.91392,0.91407,1.69,1.50
2013.07.16 04:46:36.577,0.91392,0.91408,1.69,1.50
2013.07.16 04:46:39.608,0.91393,0.91408,2.44,1.50
2013.07.16 04:46:39.728,0.91394,0.91412,1.69,1.69
2013.07.16 04:46:40.091,0.91397,0.91416,2.44,1.69
2013.07.16 04:46:40.278,0.91397,0.91417,4.69,2.44
2013.07.16 04:46:40.889,0.914,0.91417,1.50,2.44
2013.07.16 04:46:41.858,0.91399,0.91416,3.19,1.50
2013.07.16 04:46:42.178,0.91399,0.91416,3.19,1.50
2013.07.16 04:46:42.978,0.91399,0.91416,2.44,2.25
2013.07.16 04:46:43.159,0.91397,0.91415,8.07,2.44
2013.07.16 04:46:46.139,0.91398,0.91414,1.50,2.44
2013.07.16 04:46:46.198,0.91401,0.91415,1.69,1.13
2013.07.16 04:46:47.618,0.91401,0.91417,2.44,1.32
2013.07.16 04:46:52.647,0.91398,0.91416,3.19,2.25
2013.07.16 04:46:54.107,0.91399,0.91415,1.69,2.25
2013.07.16 04:46:54.620,0.91398,0.91415,1.69,2.44
2013.07.16 04:46:59.657,0.91397,0.91412,2.44,1.50
2013.07.16 04:47:03.898,0.91398,0.91412,1.69,1.50
2013.07.16 04:47:04.018,0.91398,0.91414,2.44,1.69
2013.07.16 04:47:04.078,0.914,0.91419,1.69,3.57
2013.07.16 04:47:04.317,0.91402,0.91419,1.50,2.07
2013.07.16 04:47:05.876,0.91402,0.9142,2.44,2.44
2013.07.16 04:47:15.793,0.91402,0.9142,3.19,1.69
2013.07.16 04:47:19.988,0.91404,0.91421,2.44,3.19
2013.07.16 04:47:20.108,0.91401,0.91419,1.69,3.57
2013.07.16 04:47:20.231,0.91401,0.91416,1.50,2.44
2013.07.16 04:47:20.298,0.91398,0.91415,1.50,1.32
2013.07.16 04:47:20.420,0.91398,0.91412,1.50,1.69
2013.07.16 04:47:20.667,0.91396,0.91412,1.50,1.69
2013.07.16 04:47:20.916,0.91396,0.91409,1.50,1.50
2013.07.16 04:47:21.218,0.91396,0.91407,1.50,1.88
2013.07.16 04:47:21.458,0.91392,0.91407,3.94,1.88
2013.07.16 04:47:23.928,0.91393,0.91408,1.69,1.50
2013.07.16 04:47:24.227,0.91395,0.9141,3.19,2.25
2013.07.16 04:47:24.587,0.91396,0.91413,1.50,2.07
2013.07.16 04:47:24.908,0.91396,0.91413,2.25,2.07
2013.07.16 04:47:25.028,0.91397,0.91413,2.25,2.07
2013.07.16 04:47:25.610,0.91399,0.91416,1.69,3.19
2013.07.16 04:47:26.180,0.91399,0.91416,1.69,1.69
2013.07.16 04:47:26.728,0.914,0.91416,1.50,1.69
2013.07.16 04:47:27.789,0.91402,0.91418,1.50,3.57
2013.07.16 04:47:28.090,0.91406,0.91418,1.50,1.13
2013.07.16 04:47:28.449,0.91402,0.91418,3.19,1.13
2013.07.16 04:47:29.318,0.91402,0.91417,1.69,1.69
2013.07.16 04:47:29.679,0.91399,0.91414,3.19,1.88
2013.07.16 04:47:29.858,0.91394,0.91411,1.69,1.50
2013.07.16 04:47:30.098,0.91392,0.9141,4.32,2.25
2013.07.16 04:47:30.459,0.91392,0.91406,2.44,1.13
2013.07.16 04:47:30.637,0.9139,0.91406,1.69,1.13
2013.07.16 04:47:30.968,0.9139,0.91408,2.44,3.94
2013.07.16 04:47:31.779,0.9139,0.91408,3.19,3.94
2013.07.16 04:47:31.899,0.9139,0.91408,3.19,2.44
2013.07.16 04:47:32.018,0.91392,0.91409,2.25,1.69
2013.07.16 04:47:32.378,0.91396,0.91409,1.50,1.69
2013.07.16 04:47:33.382,0.91392,0.91409,1.13,1.69
2013.07.16 04:47:33.508,0.91392,0.91408,1.13,1.69
2013.07.16 04:47:34.498,0.91392,0.91408,2.07,1.50
2013.07.16 04:47:35.958,0.91391,0.91407,1.13,1.69
2013.07.16 04:47:36.318,0.9139,0.91402,1.50,1.50
2013.07.16 04:47:36.498,0.91385,0.91402,2.44,1.50
2013.07.16 04:47:36.858,0.91385,0.91403,3.19,1.50
2013.07.16 04:47:37.488,0.91384,0.91402,2.44,1.69
2013.07.16 04:47:40.707,0.91385,0.91402,2.07,1.69
2013.07.16 04:47:41.909,0.91387,0.91404,2.25,2.44
2013.07.16 04:47:43.118,0.91387,0.91405,2.44,1.69
2013.07.16 04:47:43.467,0.91388,0.91405,1.69,1.69
2013.07.16 04:47:47.197,0.91387,0.91405,2.44,1.69
2013.07.16 04:47:47.388,0.91388,0.91405,1.69,1.69
2013.07.16 04:47:50.498,0.9139,0.91405,1.50,1.69
2013.07.16 04:47:50.898,0.91391,0.91408,2.25,3.94
2013.07.16 04:47:51.198,0.91393,0.91408,1.50,3.19
2013.07.16 04:47:51.557,0.91394,0.91408,1.50,3.19
2013.07.16 04:47:51.928,0.91394,0.91411,1.69,1.69
2013.07.16 04:47:51.988,0.91396,0.91411,1.50,1.69
2013.07.16 04:47:52.287,0.91397,0.91413,1.50,1.69
2013.07.16 04:47:52.591,0.91398,0.91416,1.69,2.44
2013.07.16 04:47:54.258,0.91398,0.91414,1.69,1.69
2013.07.16 04:47:54.798,0.91398,0.91414,1.69,1.69
2013.07.16 04:47:55.158,0.91396,0.91409,3.00,2.44
2013.07.16 04:47:55.577,0.91396,0.9141,1.50,2.44
2013.07.16 04:47:56.177,0.91391,0.91409,3.94,1.69
2013.07.16 04:47:56.237,0.91392,0.91409,1.69,1.69
2013.07.16 04:47:59.307,0.91392,0.91409,1.69,1.50
2013.07.16 04:48:00.468,0.91392,0.91409,1.69,1.50
2013.07.16 04:48:00.707,0.91391,0.91409,2.44,1.50
2013.07.16 04:48:02.018,0.91393,0.9141,1.69,1.69
2013.07.16 04:48:02.078,0.91391,0.91409,1.88,3.19
2013.07.16 04:48:02.617,0.9139,0.91406,1.13,1.69
2013.07.16 04:48:03.178,0.91391,0.91406,1.50,1.69
2013.07.16 04:48:06.187,0.91391,0.91406,1.88,1.69
2013.07.16 04:48:11.157,0.91392,0.91406,1.32,1.50
2013.07.16 04:48:11.338,0.91393,0.91409,1.69,1.69
2013.07.16 04:48:11.518,0.91395,0.91412,1.69,1.69
2013.07.16 04:48:11.578,0.91395,0.91413,1.69,2.44
2013.07.16 04:48:15.797,0.91396,0.91413,1.69,1.69
2013.07.16 04:48:16.167,0.91396,0.91413,1.69,1.69
2013.07.16 04:48:19.468,0.91397,0.91414,1.69,2.44
2013.07.16 04:48:19.844,0.91398,0.91416,2.44,2.44
2013.07.16 04:48:21.168,0.91399,0.91416,1.69,1.69
2013.07.16 04:48:21.359,0.914,0.91418,1.50,2.44
2013.07.16 04:48:21.899,0.91402,0.91419,1.69,1.69
2013.07.16 04:48:23.578,0.91402,0.91419,1.69,1.69
2013.07.16 04:48:24.118,0.91402,0.91418,1.50,1.69
2013.07.16 04:48:25.888,0.91403,0.91418,1.50,1.69
2013.07.16 04:48:28.028,0.91401,0.91416,1.32,2.44
2013.07.16 04:48:28.277,0.914,0.91413,1.32,1.50
2013.07.16 04:48:32.435,0.91397,0.91413,2.07,1.50
2013.07.16 04:48:33.159,0.91399,0.91416,1.69,3.19
2013.07.16 04:48:33.738,0.91399,0.91416,1.69,1.69
2013.07.16 04:48:35.046,0.91399,0.91415,1.69,1.50
2013.07.16 04:48:35.710,0.91399,0.91415,1.69,1.50
2013.07.16 04:48:38.729,0.91397,0.91413,2.44,1.50
2013.07.16 04:48:39.268,0.91395,0.9141,2.44,1.50
2013.07.16 04:48:44.228,0.91393,0.9141,1.69,1.69
2013.07.16 04:48:44.768,0.91392,0.91407,1.69,1.13
2013.07.16 04:48:45.297,0.91391,0.91407,3.19,1.88
2013.07.16 04:48:45.778,0.9139,0.91407,3.19,2.07
2013.07.16 04:48:49.398,0.9139,0.91406,1.50,2.44
2013.07.16 04:48:49.457,0.91388,0.91405,2.44,1.69
2013.07.16 04:48:52.348,0.91389,0.91406,1.69,2.82
2013.07.16 04:48:54.368,0.91388,0.91404,1.69,1.69
2013.07.16 04:48:54.799,0.91388,0.914,1.69,1.50
2013.07.16 04:48:55.018,0.91388,0.91403,1.69,1.50
2013.07.16 04:48:55.268,0.91388,0.91406,3.19,3.94
2013.07.16 04:48:55.829,0.91389,0.91406,1.69,2.44
2013.07.16 04:48:57.509,0.91391,0.91406,1.69,1.50
2013.07.16 04:49:00.587,0.91391,0.91409,3.19,4.69
2013.07.16 04:49:02.728,0.91393,0.91409,1.50,2.44
2013.07.16 04:49:02.788,0.91395,0.9141,1.50,1.50
2013.07.16 04:49:04.448,0.91395,0.9141,1.50,1.13
2013.07.16 04:49:04.988,0.91397,0.91411,1.50,1.50
2013.07.16 04:49:05.058,0.91397,0.91415,1.50,1.69
2013.07.16 04:49:05.968,0.91397,0.91415,3.00,1.69
2013.07.16 04:49:06.327,0.914,0.91416,1.50,1.69
2013.07.16 04:49:06.888,0.91401,0.91416,2.25,1.69
2013.07.16 04:49:07.269,0.91407,0.91419,1.50,1.50
2013.07.16 04:49:07.448,0.9141,0.91426,1.50,1.50
2013.07.16 04:49:07.988,0.9141,0.91425,1.50,1.13
2013.07.16 04:49:09.898,0.91409,0.91427,3.00,2.82
2013.07.16 04:49:10.079,0.9141,0.91424,1.69,1.50
2013.07.16 04:49:11.948,0.9141,0.91428,3.94,4.69
2013.07.16 04:49:15.858,0.91412,0.91428,1.50,2.44
2013.07.16 04:49:17.562,0.91412,0.91424,1.50,1.50
2013.07.16 04:49:20.909,0.91408,0.91423,1.50,3.00
2013.07.16 04:49:20.968,0.91407,0.91422,1.50,1.69
2013.07.16 04:49:21.088,0.91403,0.91419,2.25,1.50
2013.07.16 04:49:21.328,0.91402,0.91417,2.63,1.50
2013.07.16 04:49:22.708,0.91403,0.9142,2.25,2.44
2013.07.16 04:49:23.008,0.91401,0.91417,3.38,1.50
2013.07.16 04:49:25.621,0.91404,0.9142,1.69,1.50
2013.07.16 04:49:25.808,0.91404,0.91422,1.69,1.69
2013.07.16 04:49:39.849,0.91405,0.91422,2.44,1.50
2013.07.16 04:49:43.388,0.91407,0.91422,1.69,1.50
2013.07.16 04:49:43.689,0.91409,0.91422,2.44,1.50
2013.07.16 04:49:44.108,0.91409,0.91426,1.69,1.50
2013.07.16 04:49:44.288,0.91411,0.91429,1.69,3.19
2013.07.16 04:49:44.418,0.91413,0.91429,1.50,1.69
2013.07.16 04:49:45.678,0.91411,0.91429,1.69,2.44
2013.07.16 04:49:45.917,0.91412,0.91429,1.69,1.88
2013.07.16 04:49:47.788,0.91413,0.91429,3.19,1.13
2013.07.16 04:49:50.018,0.91415,0.91431,1.69,1.50
2013.07.16 04:49:54.169,0.91416,0.91432,1.69,1.88
2013.07.16 04:49:54.229,0.91416,0.91432,3.75,1.88
2013.07.16 04:49:54.409,0.91418,0.91435,1.50,1.69
2013.07.16 04:49:54.709,0.9142,0.91436,1.69,2.25
2013.07.16 04:49:55.610,0.91421,0.91436,2.44,1.50
2013.07.16 04:49:56.239,0.91421,0.91435,2.44,1.50
2013.07.16 04:49:57.318,0.91421,0.91435,2.44,1.13
2013.07.16 04:50:01.379,0.91421,0.91437,2.44,1.50
2013.07.16 04:50:02.878,0.91421,0.91436,1.69,1.50
2013.07.16 04:50:03.681,0.91421,0.91437,1.69,1.50
2013.07.16 04:50:04.268,0.9142,0.91437,2.25,1.69
2013.07.16 04:50:07.788,0.91419,0.91436,2.44,1.50
2013.07.16 04:50:08.156,0.91422,0.91439,1.50,2.44
2013.07.16 04:50:12.039,0.91422,0.9144,3.19,3.94
2013.07.16 04:50:14.660,0.91422,0.9144,2.44,1.69
2013.07.16 04:50:15.799,0.91424,0.91442,1.50,3.19
2013.07.16 04:50:17.798,0.91425,0.91442,2.63,2.44
2013.07.16 04:50:18.100,0.91433,0.91446,1.50,1.05
2013.07.16 04:50:18.159,0.91433,0.91449,1.50,2.74
2013.07.16 04:50:18.639,0.91433,0.91444,1.50,1.50
2013.07.16 04:50:18.938,0.9143,0.91443,1.32,1.50
2013.07.16 04:50:19.058,0.9143,0.9144,1.32,1.50
2013.07.16 04:50:20.870,0.91429,0.91445,1.69,1.50
2013.07.16 04:50:23.658,0.91429,0.91445,1.50,1.50
2013.07.16 04:50:24.208,0.91431,0.91446,1.50,1.50
2013.07.16 04:50:26.149,0.91431,0.91446,1.50,2.25
2013.07.16 04:50:26.278,0.91427,0.91441,1.69,1.50
2013.07.16 04:50:26.458,0.91426,0.91442,2.44,2.25
2013.07.16 04:50:26.638,0.91427,0.91444,2.44,1.32
2013.07.16 04:50:27.178,0.91428,0.91444,1.50,2.07
2013.07.16 04:50:27.799,0.9143,0.91446,1.50,1.99
2013.07.16 04:50:31.008,0.91428,0.91446,2.25,3.49
2013.07.16 04:50:31.238,0.91428,0.91446,3.19,2.55
2013.07.16 04:50:32.578,0.9143,0.91448,3.19,2.37
2013.07.16 04:50:34.208,0.91429,0.91446,2.44,1.05
2013.07.16 04:50:35.618,0.91431,0.91447,2.63,1.99
2013.07.16 04:50:35.978,0.91436,0.91452,2.25,1.24
2013.07.16 04:50:38.898,0.91436,0.91452,3.00,1.80
2013.07.16 04:50:43.338,0.91436,0.91453,3.00,1.69
2013.07.16 04:50:44.879,0.91437,0.91453,1.69,1.50
2013.07.16 04:50:45.598,0.91439,0.91455,1.69,1.13
2013.07.16 04:50:52.069,0.91439,0.91451,1.50,2.25
2013.07.16 04:50:52.492,0.91436,0.91447,2.25,1.50
2013.07.16 04:50:52.558,0.91431,0.91447,2.44,2.25
2013.07.16 04:50:52.618,0.91428,0.91447,2.82,2.44
2013.07.16 04:50:53.098,0.91428,0.91444,1.69,2.25
2013.07.16 04:50:53.408,0.91428,0.91441,1.69,1.50
2013.07.16 04:51:00.728,0.91428,0.91441,1.69,1.50
2013.07.16 04:51:01.029,0.91428,0.91437,1.69,1.50
2013.07.16 04:51:01.518,0.91428,0.9144,1.69,1.50
2013.07.16 04:51:05.740,0.91425,0.9144,2.07,1.50
2013.07.16 04:51:06.999,0.91425,0.9144,1.69,1.50
2013.07.16 04:51:09.848,0.91425,0.91441,1.69,3.00
2013.07.16 04:51:10.088,0.91423,0.91439,1.32,1.50
2013.07.16 04:51:16.949,0.91422,0.91437,1.50,1.50
2013.07.16 04:51:17.189,0.9142,0.91436,1.69,1.50
2013.07.16 04:51:17.259,0.9142,0.91434,1.32,2.25
2013.07.16 04:51:18.577,0.91418,0.91432,1.69,1.50
2013.07.16 04:51:22.991,0.91417,0.91432,1.69,1.50
2013.07.16 04:51:55.908,0.91418,0.91431,1.13,1.50
2013.07.16 04:51:56.268,0.91421,0.91437,2.44,1.69
2013.07.16 04:51:56.448,0.91421,0.91437,2.07,1.69
2013.07.16 04:51:56.689,0.91421,0.91436,2.07,1.50
2013.07.16 04:51:56.749,0.91421,0.91439,3.19,2.44
2013.07.16 04:51:57.120,0.91423,0.91439,1.50,1.69
2013.07.16 04:51:57.449,0.91421,0.9144,3.94,2.44
2013.07.16 04:52:12.617,0.91423,0.91439,1.69,1.50
2013.07.16 04:52:16.391,0.91423,0.91439,1.69,1.50
2013.07.16 04:52:16.698,0.91418,0.91433,2.44,1.50
2013.07.16 04:52:16.999,0.91419,0.91432,1.13,2.25
2013.07.16 04:52:17.239,0.91419,0.91432,1.13,1.50
2013.07.16 04:52:17.599,0.91419,0.91434,1.13,1.50
2013.07.16 04:52:18.108,0.91419,0.91434,1.13,1.50
2013.07.16 04:52:22.448,0.91416,0.91434,2.25,1.50
2013.07.16 04:52:22.568,0.91416,0.91434,1.50,1.50
2013.07.16 04:52:25.479,0.91415,0.91432,1.69,1.50
2013.07.16 04:52:25.818,0.91414,0.91431,1.50,1.69
2013.07.16 04:52:34.323,0.91413,0.9143,1.69,2.44
2013.07.16 04:52:35.008,0.91413,0.9143,1.69,2.44
2013.07.16 04:52:37.139,0.91412,0.9143,4.32,1.69
2013.07.16 04:52:37.318,0.91419,0.91433,2.07,1.50
2013.07.16 04:52:37.741,0.91419,0.91435,2.07,1.32
2013.07.16 04:52:38.288,0.9142,0.91437,2.07,3.94
2013.07.16 04:52:39.285,0.91421,0.91437,1.50,2.44
2013.07.16 04:52:42.328,0.91422,0.91437,1.50,1.69
2013.07.16 04:52:42.884,0.91422,0.91437,1.50,1.69
2013.07.16 04:52:43.128,0.91422,0.91438,2.44,1.13
2013.07.16 04:52:43.489,0.91422,0.91439,1.69,2.44
2013.07.16 04:52:45.288,0.9142,0.91437,2.44,2.63
2013.07.16 04:52:45.841,0.9142,0.91437,1.69,2.82
2013.07.16 04:52:47.878,0.91421,0.91437,1.50,2.07
2013.07.16 04:52:49.278,0.9142,0.91436,2.82,1.50
2013.07.16 04:52:51.150,0.9142,0.91436,2.07,2.25
2013.07.16 04:52:51.710,0.9142,0.91437,2.07,2.07
2013.07.16 04:52:51.828,0.91421,0.91437,1.50,1.32
2013.07.16 04:52:52.368,0.91422,0.91439,1.69,2.44
2013.07.16 04:52:53.108,0.91422,0.9144,2.44,2.07
2013.07.16 04:53:14.938,0.91424,0.9144,1.69,2.07
2013.07.16 04:53:15.483,0.91426,0.91442,2.25,2.82
2013.07.16 04:53:18.630,0.91427,0.91442,1.50,2.44
2013.07.16 04:53:18.688,0.91427,0.91444,1.50,2.07
2013.07.16 04:53:18.870,0.91432,0.91444,1.50,1.32
2013.07.16 04:53:18.928,0.91438,0.91448,1.13,2.82
2013.07.16 04:53:19.108,0.91438,0.91448,1.13,1.32
2013.07.16 04:53:19.169,0.91435,0.91449,2.25,2.44
2013.07.16 04:53:19.349,0.91436,0.91454,1.69,1.69
2013.07.16 04:53:19.529,0.91435,0.9145,1.50,1.69
2013.07.16 04:53:19.888,0.91433,0.91448,1.50,2.44
2013.07.16 04:53:20.248,0.91431,0.91444,1.50,1.32
2013.07.16 04:53:20.488,0.91428,0.91443,2.25,1.32
2013.07.16 04:53:20.608,0.91426,0.91443,2.44,2.07
2013.07.16 04:53:22.492,0.91425,0.91442,1.50,1.69
2013.07.16 04:53:26.659,0.91425,0.91442,1.50,2.07
2013.07.16 04:53:27.909,0.91425,0.91442,1.50,2.07
2013.07.16 04:53:30.588,0.91425,0.91442,1.50,1.69
2013.07.16 04:53:31.098,0.91427,0.91443,1.50,1.32
2013.07.16 04:53:41.418,0.91426,0.9144,1.50,1.13
2013.07.16 04:53:41.539,0.91424,0.9144,1.69,1.50
2013.07.16 04:53:41.899,0.91421,0.91438,1.50,1.69
2013.07.16 04:53:48.009,0.91423,0.91438,1.50,1.69
2013.07.16 04:53:49.139,0.91424,0.9144,1.50,3.19
2013.07.16 04:53:50.443,0.91425,0.91443,2.25,4.69
2013.07.16 04:53:51.568,0.91425,0.91443,3.19,2.44
2013.07.16 04:53:55.370,0.91425,0.91443,2.44,2.44
2013.07.16 04:53:55.611,0.91425,0.91443,2.44,5.07
2013.07.16 04:53:55.669,0.91426,0.91443,1.50,4.69
2013.07.16 04:53:56.047,0.91434,0.91443,1.50,1.69
2013.07.16 04:53:56.228,0.91433,0.91443,1.50,1.69
2013.07.16 04:53:56.648,0.91434,0.91444,1.50,1.69
2013.07.16 04:53:57.468,0.91433,0.91444,1.50,1.69
2013.07.16 04:53:57.649,0.91432,0.91444,2.25,1.69
2013.07.16 04:54:00.269,0.91432,0.91448,1.69,2.44
2013.07.16 04:54:00.808,0.91432,0.9145,3.94,4.32
2013.07.16 04:54:01.109,0.91435,0.9145,2.25,3.57
2013.07.16 04:54:01.723,0.91439,0.9145,1.50,2.82
2013.07.16 04:54:02.308,0.91435,0.9145,2.25,2.82
2013.07.16 04:54:02.809,0.91435,0.9145,1.50,2.82
2013.07.16 04:54:02.869,0.91433,0.91451,1.69,2.82
2013.07.16 04:54:02.929,0.91433,0.91451,1.69,3.57
2013.07.16 04:54:03.468,0.91433,0.91451,2.44,3.57
2013.07.16 04:54:04.849,0.91434,0.91451,3.00,2.82
2013.07.16 04:54:05.578,0.91434,0.9145,2.25,1.32
2013.07.16 04:54:06.099,0.91434,0.91451,2.25,1.32
2013.07.16 04:54:09.160,0.91436,0.91451,1.50,1.32
2013.07.16 04:54:09.713,0.91437,0.91451,1.50,1.32
2013.07.16 04:54:11.108,0.91437,0.91451,1.50,1.32
2013.07.16 04:54:12.373,0.91438,0.91453,2.25,2.82
2013.07.16 04:54:13.578,0.91439,0.91453,2.25,2.82
2013.07.16 04:54:15.949,0.91439,0.91454,2.25,1.69
2013.07.16 04:54:17.320,0.91439,0.91453,2.25,1.32
2013.07.16 04:54:17.620,0.91435,0.91451,2.25,2.07
2013.07.16 04:54:18.101,0.91433,0.91448,1.69,1.50
2013.07.16 04:54:18.619,0.91432,0.91447,1.69,1.50
2013.07.16 04:54:19.009,0.91429,0.91447,3.19,1.69
2013.07.16 04:54:19.369,0.91429,0.91447,2.44,2.44
2013.07.16 04:54:19.609,0.91427,0.91443,1.32,1.50
2013.07.16 04:54:19.971,0.91426,0.91442,1.50,2.44
2013.07.16 04:54:20.358,0.91424,0.91442,1.69,2.44
2013.07.16 04:54:21.469,0.91425,0.91442,1.69,2.44
2013.07.16 04:54:23.979,0.91426,0.91443,1.50,3.94
2013.07.16 04:54:24.099,0.91427,0.91444,1.69,2.44
2013.07.16 04:54:24.739,0.91427,0.91444,1.69,1.69
2013.07.16 04:54:25.312,0.91427,0.91444,2.44,1.69
2013.07.16 04:54:26.588,0.91428,0.91445,1.50,3.94
2013.07.16 04:54:26.709,0.91429,0.91446,1.69,2.44
2013.07.16 04:54:32.969,0.91431,0.91446,2.25,1.69
2013.07.16 04:54:35.938,0.91431,0.91448,2.44,3.19
2013.07.16 04:54:36.058,0.91431,0.91449,2.44,1.69
2013.07.16 04:54:38.709,0.91431,0.91446,1.69,1.13
2013.07.16 04:54:39.248,0.91432,0.91448,1.69,1.32
2013.07.16 04:54:40.100,0.91432,0.91449,1.69,3.19
2013.07.16 04:54:40.638,0.9143,0.91446,1.69,1.50
2013.07.16 04:54:48.179,0.91429,0.91446,3.19,2.25
2013.07.16 04:54:48.540,0.91425,0.91442,1.88,2.44
2013.07.16 04:54:48.899,0.91422,0.9144,3.19,1.69
2013.07.16 04:54:49.079,0.91422,0.91437,1.69,1.50
2013.07.16 04:54:56.030,0.9142,0.91437,2.44,1.69
2013.07.16 04:54:59.818,0.9142,0.91437,1.69,2.44
2013.07.16 04:54:59.998,0.9142,0.91438,2.44,1.69
2013.07.16 04:55:06.627,0.91419,0.91438,2.44,2.44
2013.07.16 04:55:06.749,0.91418,0.91436,4.69,1.50
2013.07.16 04:55:07.109,0.91417,0.91432,1.13,1.69
2013.07.16 04:55:07.168,0.91414,0.91432,3.19,1.69
2013.07.16 04:55:07.469,0.91414,0.91431,2.44,1.50
2013.07.16 04:55:07.840,0.91412,0.91428,2.44,1.50
2013.07.16 04:55:09.731,0.91411,0.91428,3.19,1.50
2013.07.16 04:55:18.469,0.91412,0.9143,1.69,1.69
2013.07.16 04:55:23.989,0.91414,0.9143,2.44,1.50
2013.07.16 04:55:24.350,0.9142,0.91435,1.69,1.50
2013.07.16 04:55:24.408,0.9142,0.91438,1.69,2.44
2013.07.16 04:55:24.921,0.91422,0.91439,1.50,1.69
2013.07.16 04:55:25.628,0.91422,0.9144,2.44,2.82
2013.07.16 04:55:27.939,0.91422,0.91438,1.69,2.44
2013.07.16 04:55:28.119,0.91419,0.91435,3.19,1.50
2013.07.16 04:55:35.499,0.91419,0.91435,1.50,1.69
2013.07.16 04:55:35.559,0.91417,0.91435,2.44,1.69
2013.07.16 04:55:35.620,0.91416,0.91432,3.57,1.13
2013.07.16 04:55:35.679,0.91416,0.91432,1.50,2.07
2013.07.16 04:55:35.920,0.91413,0.91431,2.44,1.69
2013.07.16 04:55:36.159,0.91412,0.9143,1.69,2.44
2013.07.16 04:55:37.338,0.91411,0.91427,2.44,1.69
2013.07.16 04:55:38.339,0.91411,0.91427,3.94,1.69
2013.07.16 04:55:38.640,0.91418,0.91431,2.82,1.50
2013.07.16 04:55:38.820,0.9142,0.91435,1.69,1.32
2013.07.16 04:55:39.179,0.91418,0.91434,1.69,2.25
2013.07.16 04:55:39.830,0.91418,0.91435,2.44,1.32
2013.07.16 04:55:42.659,0.91418,0.91436,2.44,2.82
2013.07.16 04:55:43.709,0.91421,0.91436,1.32,1.88
2013.07.16 04:55:43.889,0.91422,0.91439,2.44,1.69
2013.07.16 04:55:49.669,0.91423,0.91439,1.50,1.69
2013.07.16 04:55:49.851,0.91425,0.91441,2.44,1.32
2013.07.16 04:55:49.974,0.91427,0.91443,1.50,1.69
2013.07.16 04:55:50.280,0.9143,0.91447,3.57,2.44
2013.07.16 04:55:50.339,0.91432,0.91447,2.44,1.50
2013.07.16 04:55:50.520,0.91434,0.91451,2.44,1.69
2013.07.16 04:55:51.060,0.91435,0.91452,2.44,1.69
2013.07.16 04:55:52.118,0.91436,0.91452,1.69,1.69
2013.07.16 04:55:54.570,0.91436,0.91453,3.94,1.69
2013.07.16 04:55:54.749,0.91438,0.91456,2.44,1.50
2013.07.16 04:55:54.810,0.91441,0.9146,3.00,1.13
2013.07.16 04:55:55.051,0.91445,0.91463,2.44,1.50
2013.07.16 04:55:55.110,0.91447,0.91463,1.50,1.50
2013.07.16 04:55:55.409,0.91441,0.9146,1.88,2.44
2013.07.16 04:55:55.470,0.91441,0.91457,1.50,1.13
2013.07.16 04:55:55.711,0.91437,0.91454,2.25,2.44
2013.07.16 04:55:56.009,0.91437,0.91454,3.00,1.69
2013.07.16 04:55:57.680,0.91439,0.91453,1.50,1.32
2013.07.16 04:55:57.799,0.91436,0.91453,1.69,1.32
2013.07.16 04:55:58.098,0.91439,0.91453,1.50,1.32
2013.07.16 04:55:58.599,0.91438,0.91453,3.75,1.13
2013.07.16 04:55:58.658,0.91438,0.91453,2.25,1.13
2013.07.16 04:55:59.079,0.91438,0.91456,1.50,2.44
2013.07.16 04:55:59.200,0.91441,0.91457,1.50,2.44
2013.07.16 04:55:59.439,0.91445,0.91461,1.50,1.69
2013.07.16 04:55:59.499,0.91447,0.91463,1.50,1.13
2013.07.16 04:55:59.680,0.91448,0.91464,1.50,2.07
2013.07.16 04:55:59.807,0.9145,0.91464,1.50,1.32
2013.07.16 04:56:00.309,0.9145,0.91469,1.69,1.69
2013.07.16 04:56:02.869,0.9145,0.91464,1.50,1.54
2013.07.16 04:56:02.930,0.91446,0.91461,1.69,2.10
2013.07.16 04:56:03.424,0.91444,0.91458,2.25,1.95
2013.07.16 04:56:03.732,0.91442,0.91458,1.69,3.15
2013.07.16 04:56:04.359,0.91441,0.91457,1.69,2.25
2013.07.16 04:56:05.760,0.91438,0.91454,3.19,1.50
2013.07.16 04:56:13.220,0.9144,0.91454,1.50,1.50
2013.07.16 04:56:13.400,0.9144,0.91452,1.50,2.25
2013.07.16 04:56:18.941,0.91437,0.91449,1.32,1.50
2013.07.16 04:56:20.569,0.91434,0.91449,1.69,1.50
2013.07.16 04:56:20.689,0.91434,0.91448,1.32,1.50
2013.07.16 04:56:21.229,0.91434,0.91447,1.32,1.50
2013.07.16 04:56:22.038,0.91432,0.91446,2.44,1.50
2013.07.16 04:56:22.099,0.91429,0.91445,1.32,1.50
2013.07.16 04:56:22.610,0.91429,0.91445,2.07,1.50
2013.07.16 04:56:22.789,0.91433,0.91447,1.50,2.44
2013.07.16 04:56:23.509,0.91433,0.91445,1.50,1.50
2013.07.16 04:56:23.630,0.91433,0.91444,1.50,1.50
2013.07.16 04:56:23.751,0.91426,0.91442,2.63,1.50
2013.07.16 04:56:24.311,0.91429,0.91444,1.13,1.69
2013.07.16 04:56:24.430,0.9143,0.91446,1.13,1.69
2013.07.16 04:56:24.490,0.91433,0.91446,1.13,1.69
2013.07.16 04:56:24.669,0.91435,0.91449,1.13,1.50
2013.07.16 04:56:25.249,0.91435,0.9145,1.13,3.19
2013.07.16 04:56:25.491,0.91435,0.91447,1.13,2.25
2013.07.16 04:56:27.058,0.91435,0.91447,1.13,1.50
2013.07.16 04:56:27.340,0.91435,0.91447,1.13,1.50
2013.07.16 04:56:28.259,0.91432,0.91448,2.44,2.44
2013.07.16 04:56:28.500,0.91432,0.91446,2.44,3.00
2013.07.16 04:56:29.930,0.91429,0.91445,3.19,1.50
2013.07.16 04:56:31.768,0.91429,0.91447,3.94,2.44
2013.07.16 04:56:32.430,0.91429,0.91445,3.19,1.50
2013.07.16 04:56:32.560,0.91424,0.91442,1.69,1.69
2013.07.16 04:56:32.929,0.91422,0.9144,1.69,1.50
2013.07.16 04:56:34.149,0.91421,0.91437,2.44,1.50
2013.07.16 04:56:35.969,0.9142,0.91437,4.69,2.25
2013.07.16 04:56:36.430,0.91421,0.91437,1.69,2.25
2013.07.16 04:56:36.939,0.91422,0.91438,1.69,1.69
2013.07.16 04:56:38.050,0.91424,0.9144,1.13,1.69
2013.07.16 04:56:38.410,0.91426,0.91442,2.44,1.50
2013.07.16 04:56:38.829,0.91427,0.91445,1.69,1.50
2013.07.16 04:56:39.010,0.91427,0.91443,1.69,1.50
2013.07.16 04:56:39.789,0.91427,0.91443,1.69,1.50
2013.07.16 04:56:40.329,0.91427,0.91444,3.57,2.25
2013.07.16 04:56:40.869,0.91427,0.91443,1.32,1.50
2013.07.16 04:56:42.489,0.91426,0.91443,3.19,2.44
2013.07.16 04:56:44.112,0.9143,0.91446,1.50,3.94
2013.07.16 04:56:44.180,0.91429,0.91448,1.69,2.44
2013.07.16 04:56:44.719,0.91427,0.91444,2.44,1.50
2013.07.16 04:56:45.999,0.91427,0.91444,3.19,1.69
2013.07.16 04:56:46.179,0.91426,0.91444,2.44,2.44
2013.07.16 04:56:46.842,0.91427,0.91444,1.69,2.44
2013.07.16 04:56:47.337,0.9143,0.91446,1.50,2.82
2013.07.16 04:56:48.918,0.91431,0.91448,1.69,1.69
2013.07.16 04:56:53.350,0.91432,0.91448,2.44,1.50
2013.07.16 04:56:53.412,0.91432,0.9145,2.44,1.69
2013.07.16 04:56:53.710,0.91436,0.91452,1.50,2.44
2013.07.16 04:56:54.272,0.91438,0.91452,1.50,1.69
2013.07.16 04:56:54.701,0.91438,0.91455,1.50,4.54
2013.07.16 04:56:54.761,0.91437,0.91455,2.44,6.79
2013.07.16 04:56:54.822,0.91437,0.91455,2.44,6.04
2013.07.16 04:56:55.190,0.9144,0.91455,2.44,3.60
2013.07.16 04:56:55.549,0.91442,0.91456,2.07,1.20
2013.07.16 04:56:55.669,0.91442,0.91458,2.07,2.14
2013.07.16 04:56:59.891,0.91442,0.91458,2.44,1.50
2013.07.16 04:57:00.909,0.91442,0.91457,1.69,2.25
2013.07.16 04:57:01.029,0.91442,0.91453,1.69,1.50
2013.07.16 04:57:01.330,0.91442,0.91452,1.69,1.50
2013.07.16 04:57:02.039,0.91442,0.91451,1.69,1.50
2013.07.16 04:57:02.161,0.91439,0.9145,3.19,1.50
2013.07.16 04:57:02.220,0.91438,0.91449,3.19,1.50
2013.07.16 04:57:02.579,0.91437,0.91449,1.88,1.50
2013.07.16 04:57:03.339,0.91432,0.91449,2.07,1.50
2013.07.16 04:57:04.259,0.91432,0.91447,2.07,1.50
2013.07.16 04:57:04.319,0.91432,0.91444,1.69,1.50
2013.07.16 04:57:04.870,0.91432,0.91441,1.69,1.50
2013.07.16 04:57:04.991,0.91432,0.91441,1.69,1.50
2013.07.16 04:57:05.232,0.91429,0.91441,1.69,1.95
2013.07.16 04:57:05.360,0.91429,0.9144,1.50,1.65
2013.07.16 04:57:05.421,0.91425,0.9144,3.19,1.65
2013.07.16 04:57:05.961,0.91425,0.9144,1.69,2.25
2013.07.16 04:57:06.199,0.91425,0.91439,1.69,1.50
2013.07.16 04:57:06.602,0.91425,0.91436,1.69,1.50
2013.07.16 04:57:07.380,0.91425,0.91436,1.69,1.50
2013.07.16 04:57:07.619,0.91427,0.9144,1.69,1.20
2013.07.16 04:57:08.159,0.91427,0.9144,1.32,2.70
2013.07.16 04:57:08.279,0.91428,0.9144,1.13,2.70
2013.07.16 04:57:08.610,0.91425,0.9144,3.19,1.20
2013.07.16 04:57:09.150,0.91423,0.91441,6.19,2.89
2013.07.16 04:57:10.620,0.91426,0.91441,1.69,1.39
2013.07.16 04:57:11.180,0.91427,0.9144,1.50,1.20
2013.07.16 04:57:12.300,0.91428,0.9144,1.69,1.20
2013.07.16 04:57:13.199,0.91428,0.91441,1.69,1.20
2013.07.16 04:57:13.263,0.9143,0.91441,1.69,1.20
2013.07.16 04:57:13.771,0.9143,0.91441,2.44,1.20
2013.07.16 04:57:18.819,0.9143,0.91448,2.44,3.19
2013.07.16 04:57:19.359,0.9143,0.91448,2.44,4.69
2013.07.16 04:57:19.940,0.9143,0.91445,1.69,1.50
2013.07.16 04:57:20.920,0.9143,0.91445,2.82,1.50
2013.07.16 04:57:21.459,0.9143,0.91446,2.82,2.25
2013.07.16 04:57:21.960,0.91432,0.91447,1.69,1.50
2013.07.16 04:57:22.490,0.91435,0.91448,2.63,1.50
2013.07.16 04:57:22.550,0.91436,0.91452,1.13,1.69
2013.07.16 04:57:22.609,0.91437,0.91452,1.13,1.69
2013.07.16 04:57:23.090,0.9144,0.91454,1.69,1.20
2013.07.16 04:57:24.192,0.91442,0.91454,1.69,1.20
2013.07.16 04:57:24.502,0.91442,0.91454,1.69,1.95
2013.07.16 04:57:26.919,0.91442,0.91452,1.69,2.25
2013.07.16 04:57:27.099,0.91437,0.9145,1.69,1.50
2013.07.16 04:57:27.399,0.91437,0.91452,1.69,1.50
2013.07.16 04:57:27.460,0.91437,0.91452,1.69,1.50
2013.07.16 04:57:27.971,0.91437,0.91451,1.69,1.50
2013.07.16 04:57:28.029,0.91437,0.9145,1.69,1.50
2013.07.16 04:57:28.551,0.91437,0.91448,1.69,1.50
2013.07.16 04:57:28.911,0.91438,0.91452,1.88,1.69
2013.07.16 04:57:28.971,0.91438,0.91453,1.88,3.64
2013.07.16 04:57:29.270,0.91433,0.91449,3.19,1.50
2013.07.16 04:57:29.879,0.91433,0.91449,3.19,2.25
2013.07.16 04:57:40.500,0.91435,0.91449,1.69,1.50
2013.07.16 04:57:45.349,0.91435,0.91449,2.44,1.50
2013.07.16 04:57:45.469,0.91437,0.91451,1.69,1.50
2013.07.16 04:57:46.049,0.91437,0.91451,1.69,1.50
2013.07.16 04:57:46.811,0.9144,0.91451,1.50,1.50
2013.07.16 04:57:46.931,0.91441,0.91454,2.44,2.25
2013.07.16 04:57:46.991,0.91442,0.91454,1.13,2.25
2013.07.16 04:57:47.050,0.91442,0.91458,1.88,1.69
2013.07.16 04:57:47.290,0.91443,0.9146,1.50,1.69
2013.07.16 04:57:47.649,0.91442,0.91458,1.13,1.69
2013.07.16 04:57:47.829,0.91442,0.91451,1.13,1.20
2013.07.16 04:57:48.130,0.91442,0.91455,1.13,2.70
2013.07.16 04:57:48.683,0.91439,0.91455,1.69,1.50
2013.07.16 04:57:48.933,0.91437,0.91454,2.07,3.19
2013.07.16 04:57:48.999,0.91434,0.9145,3.19,1.50
2013.07.16 04:57:49.301,0.91434,0.91449,2.44,1.50
2013.07.16 04:57:49.419,0.91436,0.91452,1.69,2.07
2013.07.16 04:57:49.661,0.91435,0.91452,2.44,1.69
2013.07.16 04:57:50.022,0.91434,0.91451,2.44,1.50
2013.07.16 04:57:50.089,0.91434,0.91451,2.44,2.25
2013.07.16 04:57:50.569,0.91434,0.91448,3.19,1.50
2013.07.16 04:57:51.179,0.91432,0.91449,3.94,1.50
2013.07.16 04:57:55.871,0.91432,0.91447,2.44,2.25
2013.07.16 04:57:56.229,0.9143,0.91445,1.69,1.50
2013.07.16 04:57:57.318,0.91431,0.91448,1.69,3.00
2013.07.16 04:58:00.041,0.91431,0.91447,1.50,3.94
2013.07.16 04:58:00.780,0.91429,0.91444,1.69,1.50
2013.07.16 04:58:03.099,0.91429,0.91444,1.69,1.50
2013.07.16 04:58:03.459,0.91426,0.91444,1.32,2.44
2013.07.16 04:58:03.639,0.91426,0.9144,1.13,2.44
2013.07.16 04:58:03.939,0.91422,0.91438,2.44,1.50
2013.07.16 04:58:04.419,0.91422,0.91437,1.69,2.25
2013.07.16 04:58:04.969,0.91421,0.91436,3.19,1.50
2013.07.16 04:58:06.015,0.9142,0.91436,1.69,2.44
2013.07.16 04:58:06.534,0.9142,0.91436,1.69,2.44
2013.07.16 04:58:09.380,0.9142,0.91436,2.07,2.44
2013.07.16 04:58:11.289,0.91419,0.91436,3.19,2.44
2013.07.16 04:58:11.829,0.91419,0.91436,2.44,2.44
2013.07.16 04:58:12.791,0.91422,0.91436,1.69,2.25
2013.07.16 04:58:12.970,0.91422,0.91437,1.69,1.50
2013.07.16 04:58:14.299,0.91421,0.91437,1.50,3.19
2013.07.16 04:58:14.360,0.91418,0.91432,3.19,1.50
2013.07.16 04:58:14.419,0.91414,0.9143,3.19,1.88
2013.07.16 04:58:14.599,0.91414,0.9143,1.69,1.50
2013.07.16 04:58:14.719,0.91414,0.91429,1.69,1.50
2013.07.16 04:58:15.729,0.91411,0.91429,1.69,1.69
2013.07.16 04:58:15.989,0.91411,0.91429,3.19,1.69
2013.07.16 04:58:16.049,0.91413,0.9143,1.50,2.07
2013.07.16 04:58:16.349,0.91412,0.9143,2.44,2.07
2013.07.16 04:58:17.018,0.91411,0.91429,2.44,1.69
2013.07.16 04:58:18.909,0.91411,0.91429,2.44,1.69
2013.07.16 04:58:19.432,0.91411,0.91429,2.44,2.44
2013.07.16 04:58:21.349,0.91412,0.91428,1.69,1.88
2013.07.16 04:58:21.869,0.91413,0.91429,1.69,2.07
2013.07.16 04:58:25.660,0.91414,0.91429,2.44,1.50
2013.07.16 04:58:26.020,0.91418,0.9143,1.50,1.50
2013.07.16 04:58:26.380,0.91418,0.9143,1.50,1.50
2013.07.16 04:58:26.919,0.91418,0.91434,1.69,2.44
2013.07.16 04:58:27.280,0.91417,0.91431,3.19,1.13
2013.07.16 04:58:29.309,0.91419,0.91431,1.50,1.13
2013.07.16 04:58:29.669,0.91419,0.91435,2.25,2.44
2013.07.16 04:58:29.789,0.9142,0.91435,1.50,2.44
2013.07.16 04:58:30.090,0.91423,0.91436,1.50,1.50
2013.07.16 04:58:31.219,0.91423,0.91436,1.50,1.88
2013.07.16 04:58:31.610,0.9142,0.91431,1.50,1.13
2013.07.16 04:58:31.682,0.91419,0.91432,1.50,2.25
2013.07.16 04:58:32.229,0.91415,0.91432,2.44,3.00
2013.07.16 04:58:33.089,0.91415,0.91432,1.69,2.44
2013.07.16 04:58:33.209,0.91417,0.91432,2.25,2.44
2013.07.16 04:58:33.270,0.91417,0.91432,2.25,1.69
2013.07.16 04:58:33.991,0.9142,0.91434,1.50,1.69
2013.07.16 04:58:34.289,0.91419,0.91433,1.50,2.07
2013.07.16 04:58:34.350,0.91414,0.91432,1.69,2.44
2013.07.16 04:58:34.530,0.91415,0.91431,2.44,1.32
2013.07.16 04:58:34.589,0.91418,0.91432,1.50,2.44
2013.07.16 04:58:34.649,0.91415,0.91432,1.69,3.19
2013.07.16 04:58:35.237,0.91417,0.91432,2.25,2.44
2013.07.16 04:58:36.024,0.91417,0.91432,2.44,1.50
2013.07.16 04:58:36.149,0.91417,0.91434,2.44,3.19
2013.07.16 04:58:36.460,0.91417,0.91434,1.69,2.44
2013.07.16 04:58:36.580,0.91415,0.91431,1.50,1.69
2013.07.16 04:58:36.759,0.91413,0.91429,1.69,2.44
2013.07.16 04:58:36.819,0.91413,0.91429,2.44,3.19
2013.07.16 04:58:38.578,0.91412,0.91427,1.69,1.13
2013.07.16 04:58:39.479,0.91412,0.91427,1.69,1.13
2013.07.16 04:58:40.211,0.91412,0.91429,1.69,2.44
2013.07.16 04:58:40.900,0.91413,0.91429,1.69,2.44
2013.07.16 04:58:40.960,0.91416,0.91429,1.50,1.69
2013.07.16 04:58:41.499,0.91416,0.91433,1.50,2.44
2013.07.16 04:58:41.989,0.91416,0.91434,1.69,2.07
2013.07.16 04:58:42.499,0.91417,0.91434,1.69,1.69
2013.07.16 04:58:43.100,0.9142,0.91436,1.50,1.69
2013.07.16 04:58:44.629,0.91421,0.91437,1.50,1.69
2013.07.16 04:58:45.169,0.91419,0.91437,2.44,2.44
2013.07.16 04:58:45.849,0.91419,0.91437,3.19,1.50
2013.07.16 04:58:45.969,0.91419,0.91437,3.19,2.25
2013.07.16 04:58:47.499,0.91419,0.91437,1.69,3.94
2013.07.16 04:58:50.359,0.91418,0.91433,1.50,2.44
2013.07.16 04:58:50.420,0.91415,0.91432,2.07,2.82
2013.07.16 04:58:50.480,0.91415,0.91431,2.07,1.50
2013.07.16 04:58:50.659,0.91414,0.91431,2.44,2.25
2013.07.16 04:58:50.719,0.91411,0.9143,1.50,1.69
2013.07.16 04:58:51.230,0.91411,0.91429,1.50,1.69
2013.07.16 04:58:52.400,0.91412,0.91429,1.50,1.69
2013.07.16 04:58:56.890,0.91412,0.91429,1.50,1.69
2013.07.16 04:58:58.871,0.91412,0.91429,1.50,1.69
2013.07.16 04:59:00.619,0.91412,0.9143,2.25,2.44
2013.07.16 04:59:01.121,0.91414,0.9143,1.50,1.69
2013.07.16 04:59:09.121,0.91414,0.91431,1.69,3.19
2013.07.16 04:59:11.619,0.91416,0.9143,1.50,1.69
2013.07.16 04:59:16.439,0.91413,0.91429,2.44,1.50
2013.07.16 04:59:19.279,0.91413,0.91429,1.69,1.50
2013.07.16 04:59:20.065,0.91418,0.91431,1.50,2.44
2013.07.16 04:59:20.132,0.9142,0.91434,1.50,1.69
2013.07.16 04:59:20.260,0.91423,0.91438,1.50,1.69
2013.07.16 04:59:20.559,0.91425,0.91439,1.50,1.32
2013.07.16 04:59:20.859,0.91427,0.91443,1.50,1.69
2013.07.16 04:59:22.529,0.91427,0.91444,1.69,1.69
2013.07.16 04:59:23.369,0.91427,0.91442,1.69,1.50
2013.07.16 04:59:23.939,0.91427,0.91444,1.69,1.69
2013.07.16 04:59:24.179,0.91429,0.91443,1.50,1.69
2013.07.16 04:59:29.529,0.91427,0.91443,1.69,1.69
2013.07.16 04:59:30.079,0.91427,0.91442,1.69,1.50
2013.07.16 04:59:31.171,0.91426,0.91444,2.44,3.94
2013.07.16 04:59:31.710,0.91428,0.91444,1.69,2.44
2013.07.16 04:59:32.449,0.91429,0.91443,1.50,1.69
2013.07.16 04:59:33.599,0.91429,0.91442,2.44,1.50
2013.07.16 04:59:34.519,0.91429,0.91443,2.44,1.50
2013.07.16 04:59:35.309,0.91429,0.91442,2.44,1.50
2013.07.16 04:59:35.609,0.91427,0.91443,1.50,2.82
2013.07.16 04:59:35.669,0.91427,0.91443,1.50,3.57
2013.07.16 04:59:36.150,0.91424,0.91441,1.69,2.44
2013.07.16 04:59:39.100,0.91425,0.91441,1.50,2.44
2013.07.16 04:59:39.161,0.91425,0.91441,1.50,2.44
2013.07.16 04:59:39.221,0.91426,0.91441,1.69,1.50
2013.07.16 04:59:39.579,0.9143,0.91444,1.69,1.95
2013.07.16 04:59:39.881,0.91434,0.91447,2.44,1.50
2013.07.16 04:59:40.060,0.91435,0.91451,1.69,1.50
2013.07.16 04:59:40.360,0.91435,0.91451,1.69,1.50
2013.07.16 04:59:40.900,0.91437,0.91451,1.69,1.50
2013.07.16 04:59:41.079,0.9144,0.91457,2.63,1.69
2013.07.16 04:59:41.361,0.91444,0.91457,1.50,1.69
2013.07.16 04:59:41.442,0.91449,0.91459,1.69,1.50
2013.07.16 04:59:41.512,0.91449,0.91461,1.69,1.50
2013.07.16 04:59:41.580,0.91449,0.91464,1.69,1.50
2013.07.16 04:59:41.761,0.91449,0.91465,1.69,1.13
2013.07.16 04:59:42.075,0.91447,0.91464,1.69,1.50
2013.07.16 04:59:42.200,0.91449,0.91465,1.69,1.13
2013.07.16 04:59:42.670,0.91452,0.91465,1.13,1.13
2013.07.16 04:59:42.910,0.91461,0.91479,1.69,3.19
2013.07.16 04:59:43.630,0.91453,0.91472,1.69,1.13
2013.07.16 04:59:44.199,0.91452,0.91472,2.44,1.88
2013.07.16 04:59:44.679,0.9145,0.91467,1.69,1.13
2013.07.16 04:59:44.859,0.91451,0.91468,1.69,1.50
2013.07.16 04:59:45.430,0.9145,0.91467,1.69,1.13
2013.07.16 04:59:45.849,0.9145,0.91468,1.69,3.94
2013.07.16 04:59:46.390,0.91451,0.91468,1.69,2.25
2013.07.16 04:59:47.209,0.91451,0.91468,1.69,1.13
2013.07.16 04:59:49.179,0.9145,0.91468,1.69,1.13
2013.07.16 04:59:49.737,0.91448,0.91466,2.44,1.13
2013.07.16 04:59:51.359,0.91447,0.91465,1.69,1.69
2013.07.16 04:59:51.600,0.91445,0.91463,1.50,1.69
2013.07.16 04:59:51.779,0.91443,0.91463,2.44,2.07
2013.07.16 04:59:51.899,0.91442,0.91463,1.69,2.07
2013.07.16 04:59:52.910,0.91438,0.9146,1.69,1.32
2013.07.16 04:59:53.091,0.91437,0.91459,2.44,1.69
2013.07.16 04:59:53.151,0.91434,0.91452,3.19,2.25
2013.07.16 04:59:53.389,0.91431,0.91452,3.19,2.25
2013.07.16 04:59:53.450,0.91431,0.91452,2.44,2.25
2013.07.16 04:59:53.632,0.91431,0.91452,3.19,2.25
2013.07.16 04:59:54.256,0.91433,0.91452,2.44,2.25
2013.07.16 04:59:55.871,0.91435,0.91452,1.69,2.25
2013.07.16 04:59:56.891,0.91437,0.91457,1.69,2.07
2013.07.16 04:59:57.070,0.91445,0.91458,2.07,1.50
2013.07.16 04:59:57.489,0.91445,0.91463,2.07,1.69
2013.07.16 04:59:58.029,0.91447,0.91465,3.75,2.25
2013.07.16 04:59:59.239,0.9145,0.91467,1.50,1.32
2013.07.16 04:59:59.640,0.91451,0.91469,1.69,1.69
