2017.08.11 12:00:00.110,0.85793,0.85798,1.00,1.00
2017.08.11 12:00:00.162,0.85791,0.85798,1.00,1.00
2017.08.11 12:00:01.973,0.85791,0.85799,1.50,1.12
2017.08.11 12:00:02.185,0.85793,0.85799,1.00,1.00
2017.08.11 12:00:04.464,0.85792,0.85799,1.00,1.00
2017.08.11 12:00:04.515,0.8579,0.85799,1.00,1.00
2017.08.11 12:00:05.728,0.8579,0.85798,1.00,1.00
2017.08.11 12:00:11.006,0.8579,0.85796,1.00,1.00
2017.08.11 12:00:11.057,0.85788,0.85796,1.50,1.00
2017.08.11 12:00:11.159,0.85788,0.85798,1.50,1.87
2017.08.11 12:00:12.166,0.85788,0.85797,1.00,1.00
2017.08.11 12:00:13.175,0.85789,0.85797,1.00,1.00
2017.08.11 12:00:14.544,0.85789,0.85798,1.00,1.00
2017.08.11 12:00:15.442,0.8579,0.85799,1.00,2.25
2017.08.11 12:00:15.493,0.85792,0.85799,1.00,1.50
2017.08.11 12:00:16.816,0.85791,0.85801,1.50,1.12
2017.08.11 12:00:17.325,0.85791,0.85801,1.50,1.50
2017.08.11 12:00:18.635,0.85791,0.85801,1.50,1.50
2017.08.11 12:00:19.152,0.85791,0.858,1.00,1.12
2017.08.11 12:00:19.625,0.85791,0.85798,1.00,1.00
2017.08.11 12:00:20.487,0.8579,0.85798,1.00,1.00
2017.08.11 12:00:21.365,0.8579,0.858,1.00,1.12
2017.08.11 12:00:22.859,0.8579,0.858,1.37,1.00
2017.08.11 12:00:23.484,0.8579,0.858,1.12,1.00
2017.08.11 12:00:24.009,0.8579,0.858,1.50,1.00
2017.08.11 12:00:24.513,0.8579,0.858,1.00,1.87
2017.08.11 12:00:26.428,0.8579,0.85798,1.00,1.00
2017.08.11 12:00:27.423,0.85788,0.85798,1.00,1.00
2017.08.11 12:00:28.699,0.85789,0.85798,1.00,1.00
2017.08.11 12:00:31.137,0.85789,0.85799,1.00,1.50
2017.08.11 12:00:31.335,0.85787,0.85796,1.12,1.00
2017.08.11 12:00:31.641,0.85786,0.85794,2.25,1.50
2017.08.11 12:00:32.169,0.85787,0.85795,1.00,1.00
2017.08.11 12:00:32.476,0.85787,0.85797,1.00,1.50
2017.08.11 12:00:33.018,0.85789,0.85797,1.00,1.50
2017.08.11 12:00:35.602,0.85788,0.85797,1.00,1.00
2017.08.11 12:00:36.993,0.85788,0.85796,1.00,1.00
2017.08.11 12:00:37.557,0.85789,0.85796,1.00,1.00
2017.08.11 12:00:38.575,0.85789,0.85797,1.50,1.00
2017.08.11 12:00:41.052,0.85789,0.85799,1.50,1.69
2017.08.11 12:00:42.770,0.85789,0.85797,1.50,1.00
2017.08.11 12:00:43.332,0.85789,0.85799,1.00,1.50
2017.08.11 12:00:44.367,0.8579,0.85798,1.00,1.50
2017.08.11 12:00:46.482,0.85788,0.85798,1.50,1.50
2017.08.11 12:00:48.099,0.8579,0.85798,1.00,1.00
2017.08.11 12:00:49.154,0.85789,0.85797,1.00,1.00
2017.08.11 12:00:50.175,0.85789,0.85798,1.00,1.00
2017.08.11 12:00:51.982,0.85788,0.85798,1.50,1.12
2017.08.11 12:00:52.288,0.85786,0.85796,3.75,1.00
2017.08.11 12:00:52.922,0.85786,0.85794,3.00,1.00
2017.08.11 12:01:00.839,0.85786,0.85795,1.50,1.25
2017.08.11 12:01:01.386,0.85786,0.85796,1.00,1.50
2017.08.11 12:01:01.750,0.85789,0.85796,1.00,1.12
2017.08.11 12:01:01.904,0.85789,0.85798,1.00,1.12
2017.08.11 12:01:02.444,0.85789,0.85797,1.00,1.00
2017.08.11 12:01:02.496,0.85787,0.85796,1.12,1.00
2017.08.11 12:01:04.006,0.85786,0.85794,1.00,1.00
2017.08.11 12:01:05.451,0.85787,0.85794,1.00,1.00
2017.08.11 12:01:05.874,0.85787,0.85797,1.00,1.00
2017.08.11 12:01:05.925,0.85789,0.85797,1.00,1.00
2017.08.11 12:01:06.542,0.85789,0.85796,1.00,1.00
2017.08.11 12:01:07.856,0.85789,0.85798,1.00,1.50
2017.08.11 12:01:08.263,0.85791,0.85798,1.00,1.00
2017.08.11 12:01:09.126,0.85791,0.858,1.00,2.25
2017.08.11 12:01:09.382,0.85792,0.85801,1.00,1.31
2017.08.11 12:01:09.901,0.85793,0.85801,1.00,1.00
2017.08.11 12:01:11.161,0.85793,0.85802,1.00,1.12
2017.08.11 12:01:11.662,0.85792,0.85802,1.00,1.50
2017.08.11 12:01:12.165,0.85792,0.85801,1.00,1.00
2017.08.11 12:01:13.716,0.85793,0.85801,1.00,1.00
2017.08.11 12:01:14.310,0.85792,0.85801,1.50,1.00
2017.08.11 12:01:14.362,0.85792,0.85803,1.00,2.44
2017.08.11 12:01:15.304,0.85793,0.85803,1.00,1.69
2017.08.11 12:01:15.811,0.85793,0.85804,3.00,1.50
2017.08.11 12:01:16.319,0.85793,0.85803,3.00,1.00
2017.08.11 12:01:20.099,0.85793,0.85804,3.00,1.50
2017.08.11 12:01:22.503,0.85794,0.85802,1.50,1.00
2017.08.11 12:01:24.910,0.85793,0.85803,3.00,1.00
2017.08.11 12:01:25.515,0.85794,0.85803,1.50,1.50
2017.08.11 12:01:26.458,0.85793,0.85802,2.25,1.00
2017.08.11 12:01:29.457,0.85794,0.85802,1.50,1.00
2017.08.11 12:01:31.155,0.85794,0.85803,1.50,1.25
2017.08.11 12:01:31.840,0.85793,0.85803,1.50,1.25
2017.08.11 12:01:32.145,0.8579,0.85798,1.50,1.25
2017.08.11 12:01:32.686,0.85787,0.85798,2.62,1.69
2017.08.11 12:01:33.447,0.85787,0.85798,1.50,2.06
2017.08.11 12:01:34.273,0.85789,0.85798,1.00,2.06
2017.08.11 12:01:34.830,0.85788,0.85798,1.00,2.06
2017.08.11 12:01:35.405,0.85787,0.85798,1.12,2.06
2017.08.11 12:01:35.854,0.85789,0.85797,1.50,1.31
2017.08.11 12:01:36.996,0.8579,0.85798,1.50,1.69
2017.08.11 12:01:37.761,0.85789,0.85798,1.87,1.69
2017.08.11 12:01:40.017,0.85789,0.85797,1.87,1.00
2017.08.11 12:01:42.811,0.85789,0.858,3.37,1.69
2017.08.11 12:01:43.395,0.8579,0.858,1.00,1.00
2017.08.11 12:01:43.917,0.85789,0.85801,3.75,1.25
2017.08.11 12:01:44.425,0.8579,0.85801,1.50,1.69
2017.08.11 12:01:44.629,0.85789,0.85799,3.37,1.00
2017.08.11 12:01:46.324,0.85789,0.858,2.62,1.25
2017.08.11 12:01:47.292,0.85789,0.85799,3.00,1.00
2017.08.11 12:01:48.178,0.8579,0.85801,1.50,3.19
2017.08.11 12:01:48.821,0.85789,0.85799,1.87,1.00
2017.08.11 12:01:49.334,0.85789,0.858,3.00,2.06
2017.08.11 12:01:50.652,0.8579,0.858,1.50,2.06
2017.08.11 12:01:51.177,0.8579,0.85799,1.50,1.00
2017.08.11 12:01:51.888,0.85789,0.85799,2.25,1.00
2017.08.11 12:01:52.736,0.8579,0.85799,1.50,1.00
2017.08.11 12:01:52.839,0.85787,0.85797,1.12,1.00
2017.08.11 12:01:53.047,0.8579,0.85797,1.50,1.69
2017.08.11 12:01:53.626,0.85789,0.85798,1.50,1.25
2017.08.11 12:01:54.175,0.8579,0.85799,1.50,1.19
2017.08.11 12:01:54.714,0.85789,0.85799,2.25,1.19
2017.08.11 12:01:55.250,0.8579,0.85799,1.50,1.19
2017.08.11 12:01:55.669,0.85791,0.85801,1.00,2.44
2017.08.11 12:01:56.523,0.85791,0.85799,1.00,1.69
2017.08.11 12:01:57.752,0.85789,0.85798,2.62,1.25
2017.08.11 12:01:58.751,0.85789,0.85797,2.25,1.25
2017.08.11 12:02:00.417,0.85789,0.85798,1.50,1.25
2017.08.11 12:02:01.985,0.85789,0.85799,3.00,1.69
2017.08.11 12:02:02.138,0.85791,0.85801,1.00,1.69
2017.08.11 12:02:02.697,0.85791,0.858,1.00,1.19
2017.08.11 12:02:04.289,0.85791,0.858,1.00,1.12
2017.08.11 12:02:05.052,0.85791,0.85798,1.00,1.00
2017.08.11 12:02:05.958,0.85791,0.858,1.00,1.12
2017.08.11 12:02:08.152,0.85792,0.858,1.00,1.00
2017.08.11 12:02:10.628,0.85791,0.858,1.00,1.00
2017.08.11 12:02:10.680,0.85796,0.85804,2.25,2.81
2017.08.11 12:02:10.733,0.85796,0.85806,2.25,3.56
2017.08.11 12:02:10.784,0.85798,0.85806,1.00,1.87
2017.08.11 12:02:11.444,0.85798,0.85806,1.00,1.00
2017.08.11 12:02:13.191,0.85797,0.85806,1.50,1.50
2017.08.11 12:02:14.807,0.85797,0.85805,1.50,1.50
2017.08.11 12:02:15.121,0.85793,0.85804,2.25,1.00
2017.08.11 12:02:15.641,0.85794,0.85805,1.00,1.50
2017.08.11 12:02:16.233,0.85793,0.85805,3.75,1.69
2017.08.11 12:02:17.087,0.85793,0.85803,3.37,1.00
2017.08.11 12:02:18.609,0.85793,0.85803,1.00,1.00
2017.08.11 12:02:18.746,0.85795,0.85804,1.12,1.25
2017.08.11 12:02:19.269,0.85793,0.85803,2.25,1.00
2017.08.11 12:02:19.423,0.85793,0.85802,1.87,1.00
2017.08.11 12:02:20.814,0.85794,0.85802,1.50,1.00
2017.08.11 12:02:21.346,0.85793,0.85802,2.62,1.00
2017.08.11 12:02:22.265,0.85794,0.85802,1.50,1.00
2017.08.11 12:02:22.809,0.85793,0.85801,1.87,1.00
2017.08.11 12:02:24.386,0.85791,0.858,2.62,1.00
2017.08.11 12:02:24.438,0.85791,0.85798,1.12,1.00
2017.08.11 12:02:24.989,0.8579,0.85798,2.25,1.00
2017.08.11 12:02:25.193,0.85788,0.85797,2.62,1.00
2017.08.11 12:02:26.045,0.85789,0.85797,1.00,1.00
2017.08.11 12:02:28.816,0.85788,0.85797,1.12,1.00
2017.08.11 12:02:30.317,0.85789,0.85797,1.00,1.00
2017.08.11 12:02:30.899,0.85788,0.85797,2.25,1.00
2017.08.11 12:02:31.671,0.85789,0.85797,1.50,1.00
2017.08.11 12:02:32.189,0.8579,0.85797,1.50,1.00
2017.08.11 12:02:33.811,0.8579,0.85796,1.50,1.00
2017.08.11 12:02:33.965,0.8579,0.85794,1.50,1.00
2017.08.11 12:02:34.017,0.85789,0.85796,1.50,1.00
2017.08.11 12:02:35.903,0.85789,0.85795,1.50,1.00
2017.08.11 12:02:36.362,0.8579,0.85797,1.50,1.00
2017.08.11 12:02:37.145,0.8579,0.85798,1.00,1.00
2017.08.11 12:02:39.723,0.8579,0.85797,3.00,1.00
2017.08.11 12:02:39.906,0.85788,0.85795,1.87,1.00
2017.08.11 12:02:40.167,0.85791,0.85799,1.00,1.12
2017.08.11 12:02:40.423,0.85791,0.85795,1.00,1.00
2017.08.11 12:02:40.474,0.85789,0.85797,4.12,1.00
2017.08.11 12:02:40.576,0.85789,0.85796,1.12,1.00
2017.08.11 12:02:41.399,0.85789,0.85798,2.62,1.00
2017.08.11 12:02:41.918,0.8579,0.85799,1.37,1.00
2017.08.11 12:02:42.469,0.85791,0.858,2.25,1.00
2017.08.11 12:02:42.812,0.85792,0.858,1.37,1.00
2017.08.11 12:02:43.139,0.85791,0.85798,1.00,1.00
2017.08.11 12:02:43.394,0.85788,0.85796,1.69,1.00
2017.08.11 12:02:43.598,0.85789,0.85798,1.31,1.12
2017.08.11 12:02:44.105,0.85791,0.85799,1.50,1.00
2017.08.11 12:02:46.781,0.85792,0.85799,1.00,1.00
2017.08.11 12:02:47.320,0.85791,0.85799,3.00,1.00
2017.08.11 12:02:48.318,0.85792,0.858,1.00,1.00
2017.08.11 12:02:51.793,0.85794,0.85801,1.00,1.00
2017.08.11 12:02:52.050,0.85794,0.85804,5.62,1.12
2017.08.11 12:02:52.103,0.85797,0.85804,1.50,1.00
2017.08.11 12:02:52.765,0.85797,0.85805,1.87,1.00
2017.08.11 12:02:53.071,0.85794,0.858,1.50,1.00
2017.08.11 12:02:53.326,0.85794,0.85802,2.81,1.00
2017.08.11 12:02:54.092,0.85794,0.85799,1.50,1.00
2017.08.11 12:02:54.194,0.85794,0.85801,1.50,1.00
2017.08.11 12:02:54.845,0.85794,0.858,1.50,1.00
2017.08.11 12:02:55.336,0.85794,0.85802,1.50,1.00
2017.08.11 12:02:55.540,0.85794,0.858,1.50,1.00
2017.08.11 12:02:56.044,0.85795,0.85801,1.00,1.00
2017.08.11 12:02:56.654,0.85794,0.85801,1.87,1.00
2017.08.11 12:02:57.470,0.85796,0.85802,1.50,1.00
2017.08.11 12:02:58.560,0.85796,0.85804,1.35,1.00
2017.08.11 12:02:59.431,0.85798,0.85804,1.00,1.00
2017.08.11 12:02:59.954,0.85799,0.85805,1.00,1.00
2017.08.11 12:03:01.594,0.85799,0.85807,1.12,1.00
2017.08.11 12:03:01.986,0.85797,0.85806,2.25,1.00
2017.08.11 12:03:02.292,0.85797,0.85804,1.50,1.00
2017.08.11 12:03:02.446,0.85795,0.85803,1.00,1.00
2017.08.11 12:03:02.960,0.85795,0.85802,1.00,1.00
2017.08.11 12:03:04.793,0.85794,0.85801,1.50,1.00
2017.08.11 12:03:05.048,0.85794,0.85799,1.50,1.00
2017.08.11 12:03:06.231,0.85792,0.858,2.62,1.00
2017.08.11 12:03:06.385,0.85793,0.858,1.50,1.00
2017.08.11 12:03:07.781,0.85795,0.858,1.50,1.00
2017.08.11 12:03:07.832,0.85795,0.85802,1.50,1.00
2017.08.11 12:03:09.933,0.85795,0.85802,2.06,1.00
2017.08.11 12:03:10.403,0.85795,0.85802,1.69,1.00
2017.08.11 12:03:10.972,0.85792,0.85801,1.69,1.00
2017.08.11 12:03:15.538,0.85793,0.85802,1.31,1.00
2017.08.11 12:03:15.590,0.85794,0.85802,2.06,1.00
2017.08.11 12:03:15.825,0.85796,0.85804,1.19,1.00
2017.08.11 12:03:18.661,0.85795,0.85803,2.44,1.00
2017.08.11 12:03:18.763,0.85794,0.85799,1.31,1.00
2017.08.11 12:03:21.373,0.85793,0.85799,1.19,1.00
2017.08.11 12:03:22.653,0.85794,0.858,1.19,1.00
2017.08.11 12:03:27.572,0.85793,0.85799,1.19,1.00
2017.08.11 12:03:31.224,0.85793,0.85799,1.31,1.00
2017.08.11 12:03:33.922,0.85795,0.85804,1.25,1.50
2017.08.11 12:03:34.453,0.85796,0.85805,1.25,1.00
2017.08.11 12:03:35.207,0.85796,0.85804,1.31,1.00
2017.08.11 12:03:36.997,0.85796,0.85805,1.25,1.00
2017.08.11 12:03:38.863,0.85795,0.85804,2.81,1.00
2017.08.11 12:03:41.724,0.85795,0.85803,2.44,1.00
2017.08.11 12:03:44.065,0.85797,0.85804,1.00,1.00
2017.08.11 12:03:44.611,0.85796,0.85804,1.25,1.00
2017.08.11 12:03:47.158,0.85795,0.85802,2.81,1.00
2017.08.11 12:03:47.673,0.85796,0.85803,1.25,1.00
2017.08.11 12:03:48.616,0.85795,0.85801,1.00,1.00
2017.08.11 12:03:48.922,0.85793,0.85799,1.25,1.00
2017.08.11 12:03:51.986,0.85794,0.85801,2.81,1.00
2017.08.11 12:03:52.499,0.85795,0.85802,1.69,1.00
2017.08.11 12:03:53.543,0.85795,0.85801,1.19,1.00
2017.08.11 12:03:54.738,0.85795,0.85803,3.94,1.00
2017.08.11 12:03:54.790,0.85795,0.85803,1.00,1.00
2017.08.11 12:03:55.091,0.85796,0.85804,1.31,1.00
2017.08.11 12:03:55.592,0.85797,0.85805,1.19,1.00
2017.08.11 12:03:56.865,0.85799,0.85807,1.69,1.00
2017.08.11 12:03:57.414,0.85799,0.85807,1.19,1.00
2017.08.11 12:03:57.983,0.85801,0.85807,1.19,1.00
2017.08.11 12:03:58.460,0.85798,0.85805,2.06,1.00
2017.08.11 12:03:58.770,0.858,0.85806,1.00,1.00
2017.08.11 12:03:58.873,0.858,0.85808,1.00,1.12
2017.08.11 12:03:59.079,0.85798,0.85806,2.44,1.00
2017.08.11 12:04:00.814,0.85797,0.85805,3.56,1.00
2017.08.11 12:04:01.157,0.858,0.85808,1.19,1.12
2017.08.11 12:04:02.556,0.85798,0.85808,4.31,1.00
2017.08.11 12:04:03.064,0.85798,0.85807,3.94,1.00
2017.08.11 12:04:03.635,0.85799,0.85807,1.19,1.00
2017.08.11 12:04:04.580,0.85798,0.85806,1.69,1.00
2017.08.11 12:04:04.818,0.85797,0.85805,1.69,1.00
2017.08.11 12:04:05.023,0.85795,0.85803,1.25,1.00
2017.08.11 12:04:05.541,0.85795,0.85803,1.69,1.00
2017.08.11 12:04:05.854,0.858,0.85807,1.19,1.00
2017.08.11 12:04:06.212,0.858,0.85809,1.19,1.00
2017.08.11 12:04:07.120,0.858,0.85808,1.19,1.00
2017.08.11 12:04:07.911,0.85801,0.85808,1.19,1.00
2017.08.11 12:04:10.285,0.85801,0.85807,1.19,1.00
2017.08.11 12:04:11.417,0.85801,0.85808,1.19,1.00
2017.08.11 12:04:11.519,0.85801,0.8581,1.69,1.00
2017.08.11 12:04:12.029,0.85801,0.85809,2.44,1.00
2017.08.11 12:04:12.208,0.85798,0.85808,5.06,1.50
2017.08.11 12:04:12.310,0.85798,0.85806,2.44,1.12
2017.08.11 12:04:12.617,0.85799,0.85804,1.50,1.00
2017.08.11 12:04:12.976,0.85799,0.85806,1.69,1.00
2017.08.11 12:04:15.322,0.85799,0.85806,1.69,1.00
2017.08.11 12:04:15.934,0.858,0.85806,1.19,1.00
2017.08.11 12:04:16.172,0.858,0.85805,1.19,1.00
2017.08.11 12:04:16.532,0.85798,0.85804,1.69,1.00
2017.08.11 12:04:17.038,0.85798,0.85804,1.69,1.00
2017.08.11 12:04:17.551,0.85797,0.85803,1.19,1.00
2017.08.11 12:04:18.791,0.85799,0.85805,1.19,1.50
2017.08.11 12:04:18.844,0.858,0.85806,1.19,1.00
2017.08.11 12:04:19.434,0.85802,0.85807,1.19,1.00
2017.08.11 12:04:19.485,0.85804,0.8581,1.19,1.37
2017.08.11 12:04:19.588,0.85805,0.85811,1.19,1.00
2017.08.11 12:04:20.410,0.85805,0.85811,1.19,1.00
2017.08.11 12:04:20.940,0.85803,0.85811,1.25,1.00
2017.08.11 12:04:21.044,0.85803,0.85813,1.69,1.00
2017.08.11 12:04:21.249,0.85803,0.85811,1.19,1.87
2017.08.11 12:04:22.033,0.85803,0.85811,1.25,1.00
2017.08.11 12:04:22.536,0.858,0.85811,4.31,1.00
2017.08.11 12:04:23.075,0.85801,0.85808,1.25,1.00
2017.08.11 12:04:23.744,0.85801,0.85809,1.69,1.00
2017.08.11 12:04:24.253,0.85801,0.8581,2.44,1.00
2017.08.11 12:04:27.648,0.85802,0.8581,1.19,1.00
2017.08.11 12:04:28.792,0.85805,0.85813,1.50,1.50
2017.08.11 12:04:29.338,0.85806,0.85814,1.25,1.00
2017.08.11 12:04:29.390,0.85806,0.85814,1.69,1.00
2017.08.11 12:04:30.312,0.85807,0.85815,2.44,1.00
2017.08.11 12:04:30.787,0.85807,0.85817,2.44,1.12
2017.08.11 12:04:31.323,0.85807,0.85816,2.06,1.00
2017.08.11 12:04:32.022,0.85806,0.85816,2.81,2.25
2017.08.11 12:04:32.074,0.85809,0.85816,1.00,1.50
2017.08.11 12:04:32.938,0.8581,0.85818,1.00,1.00
2017.08.11 12:04:33.304,0.85812,0.85818,1.00,1.00
2017.08.11 12:04:33.458,0.85812,0.8582,1.25,1.00
2017.08.11 12:04:33.561,0.85814,0.85821,1.00,1.50
2017.08.11 12:04:34.401,0.85811,0.85822,2.44,2.25
2017.08.11 12:04:34.605,0.85813,0.85823,1.69,1.50
2017.08.11 12:04:34.657,0.85813,0.85823,1.69,1.12
2017.08.11 12:04:35.366,0.85814,0.85823,1.00,1.50
2017.08.11 12:04:35.615,0.85812,0.85823,1.25,1.50
2017.08.11 12:04:35.718,0.85812,0.85821,1.25,1.00
2017.08.11 12:04:37.153,0.85812,0.8582,1.00,1.00
2017.08.11 12:04:37.655,0.85812,0.85821,1.00,1.00
2017.08.11 12:04:38.263,0.85811,0.85821,2.25,1.12
2017.08.11 12:04:38.899,0.85811,0.8582,1.50,1.00
2017.08.11 12:04:39.409,0.85812,0.85821,1.00,2.25
2017.08.11 12:04:39.982,0.85812,0.85821,1.00,1.87
2017.08.11 12:04:40.333,0.85814,0.85822,1.00,1.37
2017.08.11 12:04:41.004,0.85814,0.85822,1.00,1.00
2017.08.11 12:04:41.695,0.85814,0.85824,1.00,1.87
2017.08.11 12:04:42.052,0.85812,0.85822,1.00,1.50
2017.08.11 12:04:42.308,0.85811,0.8582,2.25,1.37
2017.08.11 12:04:42.462,0.85812,0.85822,1.00,1.12
2017.08.11 12:04:42.759,0.85814,0.85823,1.00,1.50
2017.08.11 12:04:42.861,0.85814,0.85825,1.00,2.25
2017.08.11 12:04:43.426,0.85815,0.85825,1.12,1.50
2017.08.11 12:04:44.182,0.85815,0.85824,1.12,1.00
2017.08.11 12:04:44.602,0.85815,0.85822,1.12,1.00
2017.08.11 12:04:45.484,0.85814,0.85821,1.00,1.00
2017.08.11 12:04:45.692,0.85815,0.85823,1.00,1.00
2017.08.11 12:04:45.796,0.85815,0.85825,1.00,1.00
2017.08.11 12:04:46.685,0.85815,0.85826,1.00,1.12
2017.08.11 12:04:46.788,0.85815,0.85824,1.00,1.00
2017.08.11 12:04:47.094,0.85819,0.85827,1.00,1.00
2017.08.11 12:04:47.196,0.8582,0.85829,1.00,1.12
2017.08.11 12:04:47.248,0.85822,0.85829,1.00,1.12
2017.08.11 12:04:47.865,0.85824,0.85829,1.00,1.00
2017.08.11 12:04:48.292,0.85821,0.85829,1.00,1.00
2017.08.11 12:04:48.804,0.85822,0.8583,1.00,1.00
2017.08.11 12:04:49.047,0.85824,0.8583,1.00,2.25
2017.08.11 12:04:49.353,0.85826,0.85832,1.00,1.00
2017.08.11 12:04:49.817,0.85824,0.85832,1.00,1.00
2017.08.11 12:04:51.669,0.85824,0.85833,1.00,2.62
2017.08.11 12:04:51.976,0.85823,0.85828,1.00,1.00
2017.08.11 12:04:52.155,0.85821,0.8583,1.00,1.50
2017.08.11 12:04:52.308,0.85821,0.8583,1.00,1.50
2017.08.11 12:04:52.630,0.85819,0.8583,1.50,2.62
2017.08.11 12:04:53.241,0.85818,0.85828,1.12,1.12
2017.08.11 12:04:53.724,0.85816,0.85825,2.23,1.00
2017.08.11 12:04:53.981,0.85814,0.85825,1.00,1.50
2017.08.11 12:04:54.503,0.85815,0.85826,1.12,3.19
2017.08.11 12:04:54.652,0.85814,0.85823,1.00,1.00
2017.08.11 12:04:54.958,0.85814,0.85825,2.25,1.00
2017.08.11 12:04:55.010,0.85815,0.85825,1.37,1.00
2017.08.11 12:04:55.629,0.85815,0.85826,4.86,1.00
2017.08.11 12:04:59.400,0.85817,0.85826,1.19,1.00
2017.08.11 12:05:00.506,0.85819,0.85826,1.00,1.00
2017.08.11 12:05:01.066,0.85819,0.85827,1.50,1.00
2017.08.11 12:05:01.618,0.85819,0.85826,1.50,1.00
2017.08.11 12:05:02.156,0.85818,0.85827,1.69,1.50
2017.08.11 12:05:03.121,0.85816,0.85826,3.94,1.00
2017.08.11 12:05:03.275,0.85816,0.85824,1.31,1.00
2017.08.11 12:05:05.345,0.85815,0.85825,2.81,1.00
2017.08.11 12:05:06.348,0.85815,0.85824,2.62,1.00
2017.08.11 12:05:07.036,0.85815,0.85823,1.50,1.00
2017.08.11 12:05:08.712,0.85813,0.85822,2.06,1.00
2017.08.11 12:05:11.621,0.85813,0.85822,1.00,1.00
2017.08.11 12:05:12.755,0.85813,0.85823,1.25,1.00
2017.08.11 12:05:13.304,0.85812,0.85822,3.19,1.00
2017.08.11 12:05:14.536,0.85812,0.85824,3.19,2.25
2017.08.11 12:05:14.690,0.85812,0.85821,3.19,1.00
2017.08.11 12:05:15.892,0.85814,0.85823,1.00,1.00
2017.08.11 12:05:15.944,0.85816,0.85823,1.00,1.00
2017.08.11 12:05:16.356,0.85818,0.85824,1.00,1.12
2017.08.11 12:05:17.255,0.85818,0.85823,1.00,1.00
2017.08.11 12:05:17.971,0.85818,0.85824,1.00,1.12
2017.08.11 12:05:19.011,0.85816,0.85824,1.00,1.50
2017.08.11 12:05:20.351,0.85813,0.85823,2.06,1.00
2017.08.11 12:05:28.985,0.85812,0.85821,2.81,1.00
2017.08.11 12:05:29.667,0.85813,0.85822,1.69,1.00
2017.08.11 12:05:30.596,0.85814,0.85822,1.00,1.00
2017.08.11 12:05:31.116,0.85814,0.85823,1.00,1.00
2017.08.11 12:05:31.630,0.85813,0.85823,2.44,1.00
2017.08.11 12:05:32.741,0.85815,0.85823,2.25,1.00
2017.08.11 12:05:33.259,0.85816,0.85823,1.50,1.00
2017.08.11 12:05:35.188,0.85816,0.85822,1.50,1.00
2017.08.11 12:05:35.991,0.85815,0.85822,1.50,1.00
2017.08.11 12:05:37.090,0.85816,0.85822,1.50,1.00
2017.08.11 12:05:37.982,0.85815,0.85822,1.50,1.00
2017.08.11 12:05:45.288,0.85815,0.85821,1.50,1.00
2017.08.11 12:05:45.340,0.85813,0.85821,2.25,1.00
2017.08.11 12:05:46.313,0.85812,0.8582,3.37,1.00
2017.08.11 12:05:46.723,0.85812,0.85818,1.50,1.00
2017.08.11 12:05:46.979,0.85809,0.85817,2.25,1.00
2017.08.11 12:05:47.529,0.8581,0.85817,1.00,1.00
2017.08.11 12:05:48.080,0.85809,0.85817,3.94,1.00
2017.08.11 12:05:48.824,0.85809,0.85818,2.81,1.00
2017.08.11 12:05:49.374,0.85809,0.85819,3.56,1.00
2017.08.11 12:05:50.813,0.85809,0.85818,3.56,1.00
2017.08.11 12:05:53.397,0.85811,0.85818,1.25,1.00
2017.08.11 12:05:54.442,0.8581,0.85818,1.12,1.00
2017.08.11 12:05:54.951,0.8581,0.85817,1.00,1.00
2017.08.11 12:05:55.466,0.85809,0.85818,3.00,1.00
2017.08.11 12:05:56.555,0.85809,0.85816,3.00,1.00
2017.08.11 12:05:57.078,0.85809,0.85815,1.50,1.00
2017.08.11 12:05:57.397,0.8581,0.85818,1.87,1.00
2017.08.11 12:05:57.497,0.85812,0.85818,1.00,1.00
2017.08.11 12:05:57.752,0.85815,0.85824,1.50,2.25
2017.08.11 12:05:57.906,0.85817,0.85826,1.00,1.12
2017.08.11 12:05:58.008,0.85819,0.85826,1.50,1.00
2017.08.11 12:05:58.747,0.85818,0.85826,2.25,1.00
2017.08.11 12:06:00.379,0.85819,0.85827,1.50,1.00
2017.08.11 12:06:00.887,0.85818,0.85827,1.50,1.00
2017.08.11 12:06:01.438,0.85819,0.85828,1.25,1.00
2017.08.11 12:06:01.745,0.85822,0.85829,1.50,1.00
2017.08.11 12:06:02.431,0.85822,0.85828,1.50,1.00
2017.08.11 12:06:04.344,0.85821,0.85828,1.50,1.00
2017.08.11 12:06:05.705,0.85821,0.85829,1.50,1.00
2017.08.11 12:06:06.215,0.85821,0.85828,1.50,1.00
2017.08.11 12:06:07.036,0.85821,0.85829,1.50,1.00
2017.08.11 12:06:07.767,0.85821,0.85831,1.50,1.50
2017.08.11 12:06:09.324,0.85822,0.85831,1.50,1.00
2017.08.11 12:06:09.842,0.85822,0.85829,1.50,1.00
2017.08.11 12:06:10.148,0.85821,0.85827,1.50,1.00
2017.08.11 12:06:10.200,0.85819,0.85827,1.31,1.00
2017.08.11 12:06:10.713,0.85818,0.85826,1.00,1.00
2017.08.11 12:06:13.084,0.85817,0.85826,1.12,1.00
2017.08.11 12:06:13.874,0.85818,0.85826,1.50,1.00
2017.08.11 12:06:17.169,0.85819,0.85826,1.50,1.00
2017.08.11 12:06:19.351,0.85818,0.85826,1.50,1.50
2017.08.11 12:06:22.341,0.85818,0.85824,1.50,1.00
2017.08.11 12:06:24.687,0.85818,0.85825,1.50,1.00
2017.08.11 12:06:28.216,0.85819,0.85825,1.50,1.00
2017.08.11 12:06:30.971,0.85818,0.85825,1.50,1.00
2017.08.11 12:06:32.984,0.85818,0.85826,3.56,1.00
2017.08.11 12:06:33.328,0.85818,0.85825,3.94,1.00
2017.08.11 12:06:33.481,0.85818,0.85825,2.81,1.00
2017.08.11 12:06:34.988,0.85818,0.85824,1.87,1.00
2017.08.11 12:06:47.701,0.85816,0.85825,1.50,1.00
2017.08.11 12:06:48.588,0.8582,0.85826,1.00,1.00
2017.08.11 12:06:48.639,0.8582,0.85828,1.12,1.00
2017.08.11 12:06:48.995,0.85817,0.85826,3.56,1.00
2017.08.11 12:06:49.302,0.85815,0.85824,3.37,1.00
2017.08.11 12:06:49.456,0.85817,0.85824,1.00,1.00
2017.08.11 12:06:49.507,0.85817,0.85826,1.50,1.00
2017.08.11 12:06:49.716,0.85815,0.85824,1.12,1.00
2017.08.11 12:06:50.026,0.85818,0.85826,1.50,1.00
2017.08.11 12:06:50.446,0.8582,0.85827,1.12,1.00
2017.08.11 12:06:50.497,0.85821,0.85829,1.00,1.00
2017.08.11 12:06:51.590,0.85822,0.8583,1.00,1.00
2017.08.11 12:06:51.692,0.85821,0.85828,1.31,1.00
2017.08.11 12:06:51.845,0.85822,0.8583,1.00,1.00
2017.08.11 12:06:51.957,0.85822,0.85828,1.00,1.00
2017.08.11 12:06:52.493,0.8582,0.85829,1.00,1.00
2017.08.11 12:06:52.595,0.8582,0.85827,1.00,1.00
2017.08.11 12:06:53.209,0.85819,0.85827,1.12,1.00
2017.08.11 12:06:54.401,0.8582,0.85827,1.00,1.00
2017.08.11 12:06:55.068,0.85821,0.85827,1.00,1.00
2017.08.11 12:06:55.592,0.85821,0.85829,1.00,1.00
2017.08.11 12:06:55.645,0.8582,0.85827,1.50,1.00
2017.08.11 12:06:55.865,0.85822,0.8583,1.12,1.12
2017.08.11 12:06:56.020,0.85823,0.85833,1.12,1.12
2017.08.11 12:06:56.175,0.85821,0.85831,5.25,1.00
2017.08.11 12:06:56.483,0.85822,0.85828,1.50,1.00
2017.08.11 12:06:56.586,0.8582,0.85827,1.50,1.00
2017.08.11 12:06:56.689,0.85819,0.85825,1.50,1.00
2017.08.11 12:06:57.719,0.85822,0.85828,1.00,1.00
2017.08.11 12:06:58.266,0.85823,0.85828,1.00,1.00
2017.08.11 12:06:58.770,0.85822,0.85828,2.25,1.00
2017.08.11 12:06:59.128,0.85818,0.85825,3.00,1.00
2017.08.11 12:06:59.651,0.85819,0.85824,1.50,1.00
2017.08.11 12:06:59.753,0.85817,0.85823,1.50,1.00
2017.08.11 12:07:00.281,0.85817,0.85825,1.50,1.00
2017.08.11 12:07:00.501,0.85819,0.85825,1.50,1.00
2017.08.11 12:07:00.654,0.85819,0.85827,1.00,1.00
2017.08.11 12:07:01.164,0.85819,0.85828,2.25,1.00
2017.08.11 12:07:01.711,0.8582,0.85827,1.50,1.00
2017.08.11 12:07:02.524,0.85821,0.85827,1.00,1.00
2017.08.11 12:07:02.730,0.85821,0.85829,1.00,1.00
2017.08.11 12:07:04.309,0.85822,0.8583,1.00,1.00
2017.08.11 12:07:04.873,0.85821,0.85829,1.50,1.00
2017.08.11 12:07:05.640,0.85822,0.85829,1.00,1.00
2017.08.11 12:07:06.261,0.85822,0.85829,2.25,1.00
2017.08.11 12:07:06.768,0.85822,0.8583,2.25,1.00
2017.08.11 12:07:07.307,0.85823,0.85831,1.87,1.00
2017.08.11 12:07:07.358,0.85823,0.85829,1.87,1.00
2017.08.11 12:07:07.908,0.85823,0.8583,1.12,1.00
2017.08.11 12:07:08.423,0.85824,0.85831,1.00,1.00
2017.08.11 12:07:08.526,0.85822,0.85831,3.75,1.00
2017.08.11 12:07:09.088,0.85822,0.8583,2.25,1.00
2017.08.11 12:07:10.006,0.85824,0.85834,1.12,1.00
2017.08.11 12:07:10.213,0.85824,0.85833,3.00,1.00
2017.08.11 12:07:10.522,0.85822,0.8583,2.25,1.00
2017.08.11 12:07:10.950,0.85823,0.85833,1.50,1.00
2017.08.11 12:07:11.105,0.85826,0.85834,1.00,1.00
2017.08.11 12:07:11.606,0.85825,0.85835,1.12,1.00
2017.08.11 12:07:13.065,0.85826,0.85835,1.00,1.00
2017.08.11 12:07:13.574,0.85824,0.85834,5.25,1.00
2017.08.11 12:07:16.066,0.85823,0.85833,2.81,1.00
2017.08.11 12:07:16.584,0.85824,0.85834,1.12,1.00
2017.08.11 12:07:17.119,0.85825,0.85834,1.00,1.00
2017.08.11 12:07:17.426,0.85821,0.85827,1.00,1.00
2017.08.11 12:07:17.580,0.85819,0.85827,1.12,1.00
2017.08.11 12:07:18.290,0.85819,0.85826,1.50,1.00
2017.08.11 12:07:18.477,0.8582,0.85828,1.12,1.00
2017.08.11 12:07:18.783,0.85822,0.85833,1.50,1.31
2017.08.11 12:07:18.834,0.85822,0.8583,1.87,1.00
2017.08.11 12:07:19.142,0.85822,0.85827,1.00,1.00
2017.08.11 12:07:19.317,0.85821,0.85829,1.00,1.00
2017.08.11 12:07:19.917,0.8582,0.85828,1.00,1.00
2017.08.11 12:07:20.426,0.85819,0.85828,2.62,1.00
2017.08.11 12:07:21.321,0.85819,0.85827,3.00,1.00
2017.08.11 12:07:23.797,0.85819,0.85827,3.75,1.00
2017.08.11 12:07:24.205,0.85821,0.8583,1.87,1.00
2017.08.11 12:07:24.754,0.85821,0.85829,1.00,1.00
2017.08.11 12:07:25.266,0.85822,0.85829,1.00,1.00
2017.08.11 12:07:25.795,0.85821,0.8583,2.25,1.00
2017.08.11 12:07:25.898,0.85821,0.85828,1.50,1.00
2017.08.11 12:07:26.542,0.85821,0.85827,1.12,1.00
2017.08.11 12:07:29.516,0.8582,0.85831,2.62,1.00
2017.08.11 12:07:30.738,0.8582,0.85832,2.62,1.50
2017.08.11 12:07:31.305,0.85822,0.85832,1.00,1.50
2017.08.11 12:07:31.701,0.85821,0.85832,1.50,3.00
2017.08.11 12:07:32.098,0.85821,0.85832,1.00,1.00
2017.08.11 12:07:32.491,0.85823,0.85832,1.00,1.00
2017.08.11 12:07:33.037,0.85821,0.85833,2.62,1.50
2017.08.11 12:07:34.641,0.85821,0.85832,1.50,3.37
2017.08.11 12:07:34.947,0.85823,0.8583,1.00,1.12
2017.08.11 12:07:35.604,0.85822,0.8583,1.00,1.12
2017.08.11 12:07:37.318,0.85822,0.85829,1.00,1.00
2017.08.11 12:07:43.085,0.85822,0.8583,1.00,1.12
2017.08.11 12:07:45.011,0.85822,0.85829,1.00,1.00
2017.08.11 12:07:45.645,0.85819,0.85827,1.00,1.50
2017.08.11 12:07:45.697,0.85817,0.85823,1.12,1.00
2017.08.11 12:07:45.749,0.85818,0.85825,1.00,1.00
2017.08.11 12:07:45.902,0.8582,0.85827,1.00,2.25
2017.08.11 12:07:46.404,0.85819,0.85828,1.00,1.37
2017.08.11 12:07:46.710,0.85816,0.85824,1.00,2.25
2017.08.11 12:07:47.061,0.85814,0.85824,1.00,3.19
2017.08.11 12:07:47.665,0.85815,0.85824,1.00,1.37
2017.08.11 12:07:48.196,0.85816,0.85825,1.00,1.50
2017.08.11 12:07:48.502,0.85816,0.85825,1.00,2.25
2017.08.11 12:07:49.190,0.85816,0.85824,1.00,1.50
2017.08.11 12:07:49.497,0.85819,0.85824,1.00,1.00
2017.08.11 12:07:50.013,0.85818,0.85824,1.00,1.00
2017.08.11 12:07:50.338,0.85818,0.85827,1.00,5.25
2017.08.11 12:07:50.687,0.85816,0.85825,1.12,1.00
2017.08.11 12:07:51.206,0.85817,0.85825,1.00,1.12
2017.08.11 12:07:51.724,0.85817,0.85824,1.00,1.00
2017.08.11 12:07:52.000,0.85817,0.85826,1.00,5.62
2017.08.11 12:07:52.537,0.85817,0.85826,1.00,1.87
2017.08.11 12:07:52.883,0.85819,0.85826,1.00,1.87
2017.08.11 12:07:54.534,0.85819,0.85827,1.00,1.12
2017.08.11 12:07:55.530,0.8582,0.85829,1.00,1.87
2017.08.11 12:07:55.632,0.8582,0.85829,1.00,2.25
2017.08.11 12:07:55.888,0.85819,0.85827,1.00,1.00
2017.08.11 12:07:57.855,0.85818,0.85826,1.00,1.50
2017.08.11 12:07:58.353,0.8582,0.85827,1.00,1.37
2017.08.11 12:07:58.456,0.8582,0.85828,1.00,2.62
2017.08.11 12:07:58.983,0.8582,0.85829,1.00,2.25
2017.08.11 12:07:59.576,0.85821,0.85829,1.00,1.00
2017.08.11 12:08:00.849,0.85824,0.85829,1.00,1.00
2017.08.11 12:08:01.356,0.85824,0.8583,1.00,1.00
2017.08.11 12:08:01.669,0.85822,0.8583,1.00,1.00
2017.08.11 12:08:01.823,0.85822,0.85828,1.00,1.00
2017.08.11 12:08:02.335,0.85821,0.85828,1.00,1.00
2017.08.11 12:08:03.176,0.85822,0.8583,1.00,1.00
2017.08.11 12:08:05.269,0.85822,0.85829,1.00,1.00
2017.08.11 12:08:06.035,0.85824,0.8583,1.00,1.00
2017.08.11 12:08:06.765,0.85823,0.85831,1.00,1.00
2017.08.11 12:08:07.298,0.85824,0.85832,1.00,1.50
2017.08.11 12:08:07.701,0.85824,0.8583,1.00,1.00
2017.08.11 12:08:08.491,0.85824,0.85832,1.00,1.50
2017.08.11 12:08:10.294,0.85827,0.85834,1.00,1.50
2017.08.11 12:08:10.396,0.85827,0.85835,1.00,1.00
2017.08.11 12:08:10.499,0.85827,0.85833,1.00,1.00
2017.08.11 12:08:11.010,0.85827,0.85832,1.00,1.00
2017.08.11 12:08:13.725,0.85827,0.85833,1.00,1.00
2017.08.11 12:08:13.985,0.85824,0.85833,1.50,1.00
2017.08.11 12:08:14.478,0.85826,0.85835,2.25,1.87
2017.08.11 12:08:15.579,0.85825,0.85835,1.87,1.00
2017.08.11 12:08:15.987,0.85826,0.85836,1.37,1.00
2017.08.11 12:08:16.474,0.85825,0.85834,4.69,1.00
2017.08.11 12:08:16.577,0.85825,0.85834,1.87,1.00
2017.08.11 12:08:17.147,0.85825,0.85835,1.50,1.50
2017.08.11 12:08:18.815,0.85826,0.85835,1.50,1.50
2017.08.11 12:08:19.338,0.85825,0.85835,1.50,1.50
2017.08.11 12:08:19.656,0.85827,0.85835,1.00,1.00
2017.08.11 12:08:20.308,0.85826,0.85834,1.50,1.00
2017.08.11 12:08:20.816,0.85825,0.85834,3.00,1.00
2017.08.11 12:08:23.420,0.85826,0.85834,1.50,1.00
2017.08.11 12:08:25.025,0.85826,0.85835,1.50,1.50
2017.08.11 12:08:25.604,0.85825,0.85835,1.50,1.50
2017.08.11 12:08:26.306,0.85826,0.85835,1.50,1.50
2017.08.11 12:08:26.939,0.85826,0.85834,1.50,1.00
2017.08.11 12:08:28.031,0.85825,0.85835,2.25,1.50
2017.08.11 12:08:30.425,0.85826,0.85835,1.50,1.50
2017.08.11 12:08:31.571,0.85826,0.85835,1.50,1.87
2017.08.11 12:08:31.982,0.85824,0.85835,2.25,1.50
2017.08.11 12:08:32.543,0.85825,0.85835,1.00,1.00
2017.08.11 12:08:33.098,0.85825,0.85836,3.00,1.50
2017.08.11 12:08:35.440,0.85825,0.85835,2.25,1.00
2017.08.11 12:08:35.493,0.85827,0.85835,1.00,1.00
2017.08.11 12:08:35.941,0.85831,0.85837,1.00,1.00
2017.08.11 12:08:40.487,0.85826,0.85833,1.37,1.00
2017.08.11 12:08:40.997,0.85826,0.85833,1.00,1.12
2017.08.11 12:08:41.519,0.85825,0.85832,1.00,1.00
2017.08.11 12:08:42.716,0.85824,0.85832,1.00,1.12
2017.08.11 12:08:43.023,0.85821,0.85829,1.00,2.25
2017.08.11 12:08:44.692,0.85822,0.85829,1.00,1.00
2017.08.11 12:08:46.839,0.85823,0.85829,1.00,1.00
2017.08.11 12:08:47.065,0.85821,0.85828,1.00,1.00
2017.08.11 12:08:49.006,0.85822,0.85829,1.00,1.50
2017.08.11 12:08:49.518,0.85822,0.85829,1.00,1.00
2017.08.11 12:08:49.801,0.85821,0.85827,1.00,1.00
2017.08.11 12:08:50.407,0.85821,0.85828,1.00,1.00
2017.08.11 12:08:50.922,0.85822,0.85829,1.00,1.50
2017.08.11 12:08:51.330,0.85823,0.85831,1.00,1.12
2017.08.11 12:08:52.288,0.85822,0.85829,1.00,1.00
2017.08.11 12:08:53.018,0.85821,0.85829,1.00,1.12
2017.08.11 12:08:53.325,0.85824,0.85831,1.00,1.12
2017.08.11 12:08:53.618,0.85822,0.85831,1.00,1.69
2017.08.11 12:08:54.175,0.85822,0.8583,1.00,1.00
2017.08.11 12:08:55.127,0.85821,0.85828,1.00,1.00
2017.08.11 12:08:55.630,0.85821,0.85829,1.00,1.00
2017.08.11 12:08:55.973,0.85823,0.85829,1.00,1.00
2017.08.11 12:08:56.277,0.85828,0.85836,1.00,1.12
2017.08.11 12:08:56.876,0.85829,0.85838,1.00,2.44
2017.08.11 12:08:57.378,0.85831,0.85838,1.00,1.00
2017.08.11 12:08:57.863,0.85832,0.85837,1.00,1.19
2017.08.11 12:08:57.965,0.8583,0.85837,1.00,1.19
2017.08.11 12:08:58.560,0.85829,0.85837,1.00,1.19
2017.08.11 12:08:59.533,0.85828,0.85837,1.00,1.19
2017.08.11 12:09:00.100,0.85828,0.85837,1.00,1.25
2017.08.11 12:09:00.352,0.85828,0.85836,1.00,1.19
2017.08.11 12:09:01.068,0.85828,0.85836,1.00,1.00
2017.08.11 12:09:02.460,0.85828,0.85837,1.00,1.25
2017.08.11 12:09:02.821,0.8583,0.85838,1.50,1.19
2017.08.11 12:09:05.394,0.85827,0.85838,2.25,1.19
2017.08.11 12:09:07.635,0.85828,0.85837,1.50,1.19
2017.08.11 12:09:10.018,0.85827,0.85836,3.00,1.25
2017.08.11 12:09:12.256,0.85827,0.85835,1.50,1.00
2017.08.11 12:09:12.921,0.85826,0.85836,2.62,1.25
2017.08.11 12:09:12.973,0.85826,0.85836,3.00,1.25
2017.08.11 12:09:14.782,0.85827,0.85838,4.12,1.69
2017.08.11 12:09:15.324,0.85829,0.85838,3.37,1.19
2017.08.11 12:09:15.937,0.8583,0.85838,1.00,1.19
2017.08.11 12:09:16.515,0.85829,0.85838,3.37,1.19
2017.08.11 12:09:16.916,0.85831,0.85838,1.00,1.19
2017.08.11 12:09:17.290,0.8583,0.8584,3.00,1.31
2017.08.11 12:09:17.341,0.85833,0.8584,1.00,1.31
2017.08.11 12:09:18.247,0.85833,0.85841,2.25,1.25
2017.08.11 12:09:18.790,0.85832,0.8584,1.00,1.25
2017.08.11 12:09:19.031,0.85831,0.8584,1.00,1.19
2017.08.11 12:09:19.134,0.85829,0.85837,2.25,1.00
2017.08.11 12:09:19.836,0.8583,0.85836,1.50,1.00
2017.08.11 12:09:20.767,0.85829,0.85836,1.50,1.00
2017.08.11 12:09:21.765,0.85829,0.85838,1.50,1.25
2017.08.11 12:09:22.164,0.85832,0.8584,1.00,1.19
2017.08.11 12:09:22.711,0.8583,0.8584,1.00,1.19
2017.08.11 12:09:24.226,0.85831,0.8584,1.00,1.19
2017.08.11 12:09:28.726,0.85831,0.8584,1.00,1.19
2017.08.11 12:09:29.299,0.8583,0.8584,1.00,1.19
2017.08.11 12:09:29.351,0.85829,0.85837,1.00,1.00
2017.08.11 12:09:30.287,0.85828,0.85837,1.00,1.19
2017.08.11 12:09:31.210,0.8583,0.85837,1.00,1.00
2017.08.11 12:09:31.758,0.8583,0.85838,1.00,1.25
2017.08.11 12:09:32.110,0.85828,0.85838,1.00,1.31
2017.08.11 12:09:34.620,0.85827,0.85838,2.25,1.31
2017.08.11 12:09:35.796,0.85827,0.85835,1.00,1.00
2017.08.11 12:09:36.785,0.85827,0.85836,2.25,1.25
2017.08.11 12:09:37.326,0.85827,0.85836,2.25,1.19
2017.08.11 12:09:38.577,0.85827,0.85836,2.25,1.25
2017.08.11 12:09:40.806,0.85828,0.85837,1.00,1.31
2017.08.11 12:09:43.268,0.85826,0.85833,1.50,1.00
2017.08.11 12:09:43.727,0.85823,0.85831,2.25,1.50
2017.08.11 12:09:43.831,0.85819,0.85827,1.50,1.00
2017.08.11 12:09:43.933,0.85817,0.85824,1.50,1.00
2017.08.11 12:09:44.266,0.85817,0.85822,1.00,1.00
2017.08.11 12:09:45.006,0.85816,0.85822,1.12,1.00
2017.08.11 12:09:45.550,0.85817,0.85822,1.00,1.00
2017.08.11 12:09:45.831,0.85814,0.8582,1.87,1.00
2017.08.11 12:09:45.934,0.85811,0.8582,2.62,1.00
2017.08.11 12:09:46.312,0.85811,0.85818,1.00,1.00
2017.08.11 12:09:46.621,0.8581,0.85815,1.50,1.00
2017.08.11 12:09:46.928,0.85808,0.85815,1.00,1.00
2017.08.11 12:09:47.769,0.85807,0.85815,2.62,1.00
2017.08.11 12:09:47.871,0.85807,0.85813,2.62,1.00
2017.08.11 12:09:48.031,0.85807,0.85815,1.87,1.00
2017.08.11 12:09:48.537,0.85807,0.85814,1.50,1.00
2017.08.11 12:09:49.070,0.85808,0.85817,1.00,1.19
2017.08.11 12:09:49.896,0.85809,0.85817,1.00,1.19
2017.08.11 12:09:50.986,0.85808,0.85818,1.00,1.19
2017.08.11 12:09:51.912,0.85809,0.85818,1.00,1.19
2017.08.11 12:09:52.260,0.85807,0.85817,3.00,1.19
2017.08.11 12:09:52.799,0.85808,0.85818,1.00,1.19
2017.08.11 12:09:53.207,0.85808,0.85819,1.12,2.44
2017.08.11 12:09:53.311,0.85811,0.8582,1.00,1.69
2017.08.11 12:09:53.728,0.85813,0.85821,1.50,1.25
2017.08.11 12:09:53.937,0.85815,0.85824,1.87,1.69
2017.08.11 12:09:55.636,0.85816,0.85825,1.00,1.19
2017.08.11 12:09:56.455,0.85817,0.85826,1.00,1.69
2017.08.11 12:09:57.871,0.85816,0.85826,1.12,3.19
2017.08.11 12:09:58.436,0.85815,0.85825,1.50,1.69
2017.08.11 12:09:59.095,0.85816,0.85825,1.50,1.19
2017.08.11 12:10:03.478,0.85818,0.85825,1.00,1.19
2017.08.11 12:10:04.672,0.85819,0.85825,1.00,1.19
2017.08.11 12:10:04.724,0.85819,0.85827,1.00,1.19
2017.08.11 12:10:04.775,0.85821,0.85827,1.00,1.19
2017.08.11 12:10:04.826,0.85821,0.85827,1.00,1.25
2017.08.11 12:10:05.680,0.85822,0.85829,1.00,1.25
2017.08.11 12:10:06.369,0.85821,0.85831,1.50,1.19
2017.08.11 12:10:06.421,0.85823,0.85829,1.00,1.25
2017.08.11 12:10:06.676,0.85823,0.85831,1.00,1.25
2017.08.11 12:10:06.729,0.85826,0.85834,1.00,2.25
2017.08.11 12:10:07.447,0.85825,0.85834,1.12,1.00
2017.08.11 12:10:09.081,0.85825,0.85833,1.87,1.00
2017.08.11 12:10:09.592,0.85826,0.85833,1.00,1.00
2017.08.11 12:10:10.431,0.85826,0.85832,1.00,1.00
2017.08.11 12:10:11.059,0.85827,0.85832,1.12,1.00
2017.08.11 12:10:12.240,0.85828,0.85834,1.00,1.00
2017.08.11 12:10:12.343,0.85828,0.85832,1.12,1.00
2017.08.11 12:10:12.598,0.85826,0.85832,2.62,1.25
2017.08.11 12:10:13.099,0.85826,0.85831,2.25,1.00
2017.08.11 12:10:14.218,0.85826,0.85832,1.00,1.00
2017.08.11 12:10:14.824,0.85826,0.85831,1.00,1.00
2017.08.11 12:10:15.030,0.85826,0.85835,1.00,1.69
2017.08.11 12:10:17.137,0.85824,0.85832,2.25,1.25
2017.08.11 12:10:17.445,0.85828,0.85839,2.25,6.94
2017.08.11 12:10:17.966,0.85828,0.85839,1.50,2.44
2017.08.11 12:10:18.544,0.85831,0.85839,1.00,1.19
2017.08.11 12:10:18.597,0.85831,0.8584,1.12,1.19
2017.08.11 12:10:19.119,0.85831,0.85841,2.62,1.19
2017.08.11 12:10:22.122,0.85833,0.85842,1.00,1.69
2017.08.11 12:10:24.560,0.85834,0.85842,1.00,1.19
2017.08.11 12:10:25.444,0.85831,0.8584,1.50,1.19
2017.08.11 12:10:25.996,0.8583,0.85839,3.37,1.19
2017.08.11 12:10:26.546,0.85831,0.8584,2.25,2.06
2017.08.11 12:10:27.982,0.85832,0.85839,1.00,1.19
2017.08.11 12:10:28.488,0.85834,0.85842,1.00,1.69
2017.08.11 12:10:31.199,0.85835,0.85843,1.00,2.44
2017.08.11 12:10:31.651,0.85835,0.85843,1.00,1.19
2017.08.11 12:10:35.169,0.85836,0.85844,1.00,3.56
2017.08.11 12:10:37.393,0.85837,0.85844,1.00,2.44
2017.08.11 12:10:44.565,0.85836,0.85841,1.00,1.00
2017.08.11 12:10:45.681,0.85837,0.85846,1.50,5.81
2017.08.11 12:10:45.733,0.85838,0.85845,1.00,1.19
2017.08.11 12:10:45.784,0.85842,0.85846,1.00,1.00
2017.08.11 12:10:45.836,0.8584,0.85847,1.00,1.00
2017.08.11 12:10:45.939,0.85837,0.85846,1.00,1.19
2017.08.11 12:10:46.041,0.85835,0.85845,3.75,1.25
2017.08.11 12:10:46.320,0.85838,0.85846,1.50,1.69
2017.08.11 12:10:46.839,0.85837,0.85846,2.25,1.31
2017.08.11 12:10:47.043,0.85835,0.85844,2.25,2.06
2017.08.11 12:10:48.526,0.85834,0.85843,1.00,1.87
2017.08.11 12:10:49.654,0.85834,0.85841,1.00,1.00
2017.08.11 12:10:49.919,0.85836,0.85845,1.50,3.94
2017.08.11 12:10:50.124,0.85838,0.85845,1.00,1.25
2017.08.11 12:10:50.675,0.85836,0.85845,1.87,1.19
2017.08.11 12:10:51.013,0.85835,0.85844,1.00,1.19
2017.08.11 12:10:52.403,0.85834,0.85844,1.12,1.19
2017.08.11 12:10:54.647,0.85833,0.85838,1.37,1.00
2017.08.11 12:10:54.750,0.8583,0.85841,2.25,1.69
2017.08.11 12:10:55.158,0.85832,0.8584,1.87,1.19
2017.08.11 12:10:55.459,0.85834,0.85842,1.50,1.25
2017.08.11 12:10:56.355,0.85837,0.85846,1.00,3.19
2017.08.11 12:10:56.918,0.85837,0.85846,1.00,2.44
2017.08.11 12:10:57.539,0.85838,0.85846,1.00,1.19
2017.08.11 12:10:59.053,0.85836,0.85846,1.12,2.44
2017.08.11 12:10:59.156,0.85836,0.85844,1.00,1.19
2017.08.11 12:10:59.774,0.85835,0.85844,1.00,1.19
2017.08.11 12:11:00.832,0.85836,0.85845,1.00,1.31
2017.08.11 12:11:01.152,0.85838,0.85845,1.00,1.19
2017.08.11 12:11:02.683,0.85838,0.85846,1.00,2.81
2017.08.11 12:11:04.082,0.8584,0.85848,1.00,2.44
2017.08.11 12:11:05.450,0.85839,0.85848,1.50,1.69
2017.08.11 12:11:05.671,0.85835,0.85843,1.00,1.31
2017.08.11 12:11:05.978,0.85833,0.85842,2.25,2.06
2017.08.11 12:11:08.853,0.85832,0.8584,1.00,1.12
2017.08.11 12:11:09.007,0.8583,0.85839,1.00,1.31
2017.08.11 12:11:09.519,0.85829,0.85839,2.25,1.25
2017.08.11 12:11:10.776,0.8583,0.85838,1.50,1.00
2017.08.11 12:11:11.305,0.85831,0.85838,1.00,1.37
2017.08.11 12:11:11.408,0.85827,0.85835,1.00,1.00
2017.08.11 12:11:11.460,0.85827,0.85834,1.00,1.19
2017.08.11 12:11:11.512,0.85825,0.85832,1.00,1.25
2017.08.11 12:11:11.614,0.85824,0.85831,1.00,1.19
2017.08.11 12:11:11.968,0.85822,0.8583,1.00,1.69
2017.08.11 12:11:12.469,0.85823,0.85831,1.00,2.81
2017.08.11 12:11:13.086,0.85824,0.85832,1.00,1.31
2017.08.11 12:11:13.595,0.85824,0.85831,1.00,1.25
2017.08.11 12:11:15.462,0.85825,0.85833,1.00,2.44
2017.08.11 12:11:15.964,0.85826,0.85834,1.00,2.44
2017.08.11 12:11:18.004,0.85828,0.85834,1.00,1.69
2017.08.11 12:11:18.898,0.85828,0.85834,1.00,1.50
2017.08.11 12:11:18.951,0.85829,0.85837,1.00,1.19
2017.08.11 12:11:19.520,0.85828,0.85837,1.00,1.19
2017.08.11 12:11:19.622,0.85827,0.85836,1.00,1.19
2017.08.11 12:11:20.135,0.85826,0.85836,1.00,1.69
2017.08.11 12:11:24.593,0.85828,0.85835,1.00,1.31
2017.08.11 12:11:28.886,0.85826,0.85834,1.00,1.19
2017.08.11 12:11:29.039,0.85824,0.85833,1.00,1.69
2017.08.11 12:11:29.912,0.85823,0.85832,1.00,1.31
2017.08.11 12:11:30.438,0.85824,0.85833,1.00,3.19
2017.08.11 12:11:30.951,0.85825,0.85832,1.00,1.31
2017.08.11 12:11:31.620,0.85825,0.85832,1.00,1.31
2017.08.11 12:11:31.774,0.85825,0.85832,1.00,1.31
2017.08.11 12:11:33.599,0.85825,0.85834,1.00,3.56
2017.08.11 12:11:34.713,0.85826,0.85835,1.00,2.81
2017.08.11 12:11:35.383,0.85826,0.85834,1.00,1.31
2017.08.11 12:11:37.179,0.85828,0.85835,1.00,1.56
2017.08.11 12:11:37.899,0.85829,0.85836,1.00,2.81
2017.08.11 12:11:43.562,0.8583,0.85838,1.00,2.44
2017.08.11 12:11:43.716,0.8583,0.85838,1.00,1.19
2017.08.11 12:11:45.939,0.8583,0.85838,1.00,1.31
2017.08.11 12:11:46.448,0.85831,0.85838,1.00,1.31
2017.08.11 12:11:46.960,0.85831,0.85839,1.00,2.81
2017.08.11 12:11:47.145,0.85832,0.85841,1.00,2.44
2017.08.11 12:11:47.401,0.85834,0.85841,1.00,2.06
2017.08.11 12:11:47.954,0.85834,0.85841,1.00,1.56
2017.08.11 12:11:48.470,0.85833,0.85842,1.00,1.69
2017.08.11 12:11:48.783,0.85835,0.85842,1.00,1.69
2017.08.11 12:11:53.994,0.85834,0.85841,1.00,1.56
2017.08.11 12:11:56.428,0.85833,0.85838,1.00,1.00
2017.08.11 12:11:56.531,0.8583,0.85838,1.00,1.31
2017.08.11 12:11:56.633,0.8583,0.85838,1.00,2.00
2017.08.11 12:11:56.837,0.8583,0.85838,1.00,1.25
2017.08.11 12:11:58.385,0.85832,0.85839,1.00,1.69
2017.08.11 12:12:00.270,0.85832,0.85841,1.00,3.56
2017.08.11 12:12:00.664,0.85833,0.85841,1.37,2.81
2017.08.11 12:12:00.716,0.85835,0.85842,1.00,1.19
2017.08.11 12:12:00.818,0.85835,0.85842,1.00,1.00
2017.08.11 12:12:01.449,0.85836,0.85843,1.00,1.25
2017.08.11 12:12:02.029,0.85838,0.85845,1.00,1.19
2017.08.11 12:12:06.879,0.8584,0.85845,1.00,1.19
2017.08.11 12:12:07.402,0.85838,0.85845,1.00,1.19
2017.08.11 12:12:08.275,0.85839,0.85846,1.00,1.19
2017.08.11 12:12:08.785,0.8584,0.85846,1.00,1.56
2017.08.11 12:12:08.836,0.85837,0.85846,1.00,2.06
2017.08.11 12:12:10.299,0.85835,0.85845,1.00,1.19
2017.08.11 12:12:10.854,0.85834,0.85844,1.00,1.19
2017.08.11 12:12:11.385,0.85835,0.85845,1.00,1.19
2017.08.11 12:12:11.640,0.85836,0.85846,1.50,2.06
2017.08.11 12:12:12.159,0.85838,0.85847,1.00,1.19
2017.08.11 12:12:12.693,0.85838,0.85847,1.00,1.19
2017.08.11 12:12:13.283,0.85837,0.85847,3.37,1.19
2017.08.11 12:12:13.812,0.85838,0.85846,1.00,1.19
2017.08.11 12:12:14.599,0.85839,0.85847,1.00,1.69
2017.08.11 12:12:14.854,0.85836,0.85847,1.87,3.19
2017.08.11 12:12:15.363,0.85834,0.85844,1.50,4.31
2017.08.11 12:12:15.670,0.85832,0.85839,1.12,1.00
2017.08.11 12:12:16.143,0.8583,0.85837,1.00,1.00
2017.08.11 12:12:16.194,0.85828,0.85836,1.12,1.00
2017.08.11 12:12:16.246,0.85825,0.85834,3.37,1.37
2017.08.11 12:12:16.298,0.85825,0.85833,1.50,1.00
2017.08.11 12:12:16.349,0.85828,0.85834,1.00,1.00
2017.08.11 12:12:16.452,0.85826,0.85836,2.25,1.50
2017.08.11 12:12:16.710,0.85827,0.85837,1.00,1.69
2017.08.11 12:12:17.292,0.85828,0.85837,1.00,1.69
2017.08.11 12:12:17.846,0.85829,0.85838,1.00,1.19
2017.08.11 12:12:17.897,0.85832,0.8584,1.00,3.19
2017.08.11 12:12:18.319,0.85834,0.8584,1.00,1.25
2017.08.11 12:12:20.003,0.85835,0.85842,1.00,1.00
2017.08.11 12:12:20.209,0.85837,0.85844,1.00,1.19
2017.08.11 12:12:20.311,0.85837,0.85845,1.00,1.25
2017.08.11 12:12:20.906,0.85838,0.85845,1.00,1.25
2017.08.11 12:12:25.565,0.85838,0.85844,1.00,1.00
2017.08.11 12:12:26.511,0.85838,0.85845,1.00,1.31
2017.08.11 12:12:27.050,0.85836,0.85842,1.00,1.00
2017.08.11 12:12:27.204,0.85834,0.85841,1.00,1.00
2017.08.11 12:12:28.061,0.85834,0.85842,1.00,1.31
2017.08.11 12:12:29.063,0.85834,0.85841,1.00,1.00
2017.08.11 12:12:29.334,0.85837,0.85844,1.00,1.87
2017.08.11 12:12:29.852,0.85837,0.85844,1.00,2.44
2017.08.11 12:12:30.107,0.85834,0.85842,1.00,1.25
2017.08.11 12:12:30.658,0.85835,0.85842,1.00,1.25
2017.08.11 12:12:31.875,0.85835,0.8584,1.00,1.00
2017.08.11 12:12:31.978,0.85835,0.85843,1.00,2.25
2017.08.11 12:12:32.125,0.85837,0.85843,1.00,1.50
2017.08.11 12:12:32.633,0.85837,0.85844,1.00,1.00
2017.08.11 12:12:33.135,0.85837,0.85843,1.00,1.00
2017.08.11 12:12:33.668,0.85837,0.85846,1.00,2.44
2017.08.11 12:12:34.928,0.85839,0.85845,1.00,1.00
2017.08.11 12:12:36.423,0.85839,0.85844,1.00,1.00
2017.08.11 12:12:37.133,0.85837,0.85844,1.00,2.25
2017.08.11 12:12:37.843,0.85837,0.85843,1.00,1.00
2017.08.11 12:12:38.486,0.85837,0.85845,1.00,3.19
2017.08.11 12:12:39.472,0.85838,0.85846,1.00,3.94
2017.08.11 12:12:41.660,0.85839,0.85843,1.00,1.00
2017.08.11 12:12:42.215,0.85839,0.85844,1.00,1.12
2017.08.11 12:12:44.342,0.85837,0.85844,1.00,1.25
2017.08.11 12:12:44.548,0.85839,0.85844,1.00,1.25
2017.08.11 12:12:45.121,0.85839,0.85843,1.00,1.00
2017.08.11 12:12:45.381,0.85837,0.85844,1.00,1.25
2017.08.11 12:12:46.622,0.85837,0.85843,1.00,1.00
2017.08.11 12:12:47.225,0.85838,0.85844,1.00,1.19
2017.08.11 12:12:49.244,0.85839,0.85845,1.00,1.69
2017.08.11 12:12:49.750,0.85839,0.85846,1.00,2.06
2017.08.11 12:12:51.842,0.85838,0.85845,1.00,1.69
2017.08.11 12:12:52.470,0.85838,0.85843,1.00,1.25
2017.08.11 12:12:52.981,0.85835,0.8584,1.00,1.00
2017.08.11 12:12:53.033,0.85833,0.8584,1.12,2.06
2017.08.11 12:12:53.084,0.85832,0.85836,1.12,1.00
2017.08.11 12:12:53.137,0.8583,0.85837,1.00,1.00
2017.08.11 12:12:53.398,0.85829,0.85836,1.00,1.37
2017.08.11 12:12:53.988,0.8583,0.85836,1.00,1.12
2017.08.11 12:12:55.147,0.85831,0.85839,1.00,3.94
2017.08.11 12:12:55.249,0.85831,0.85838,1.00,1.87
2017.08.11 12:12:55.777,0.85832,0.85838,1.00,1.50
2017.08.11 12:12:56.304,0.85832,0.85839,1.00,2.62
2017.08.11 12:12:56.814,0.85831,0.85839,1.00,2.62
2017.08.11 12:12:58.419,0.85831,0.85839,1.00,3.56
2017.08.11 12:13:00.794,0.85833,0.85839,1.00,2.44
2017.08.11 12:13:00.896,0.85833,0.8584,1.00,1.31
2017.08.11 12:13:01.403,0.85834,0.8584,1.00,1.19
2017.08.11 12:13:02.700,0.85833,0.85839,1.00,1.25
2017.08.11 12:13:02.751,0.85833,0.85837,1.00,1.00
2017.08.11 12:13:03.262,0.85832,0.85838,1.00,2.44
2017.08.11 12:13:03.603,0.85831,0.85838,1.00,2.44
2017.08.11 12:13:11.560,0.8583,0.85838,1.00,3.19
2017.08.11 12:13:11.866,0.8583,0.85835,1.00,1.19
2017.08.11 12:13:15.028,0.85829,0.85835,1.00,1.19
2017.08.11 12:13:15.412,0.85831,0.85835,1.00,1.25
2017.08.11 12:13:16.850,0.8583,0.85836,1.00,1.19
2017.08.11 12:13:17.771,0.85831,0.85836,1.00,1.19
2017.08.11 12:13:18.032,0.85829,0.85836,1.00,1.19
2017.08.11 12:13:18.238,0.85827,0.85833,1.00,1.00
2017.08.11 12:13:18.544,0.8583,0.85836,1.00,2.06
2017.08.11 12:13:20.191,0.85827,0.85835,1.00,2.44
2017.08.11 12:13:20.879,0.85827,0.85831,1.00,1.00
2017.08.11 12:13:21.394,0.85828,0.85832,1.00,1.25
2017.08.11 12:13:25.791,0.85828,0.85834,1.00,1.19
2017.08.11 12:13:30.357,0.85829,0.85834,1.00,1.00
2017.08.11 12:13:31.206,0.85829,0.85835,1.00,1.25
2017.08.11 12:13:31.708,0.8583,0.85836,1.00,1.25
2017.08.11 12:13:32.227,0.85831,0.85836,1.00,1.25
2017.08.11 12:13:33.773,0.85829,0.85835,1.00,1.00
2017.08.11 12:13:34.155,0.85826,0.85831,1.00,1.12
2017.08.11 12:13:34.309,0.85818,0.85826,2.25,1.12
2017.08.11 12:13:34.412,0.85823,0.85829,1.00,3.56
2017.08.11 12:13:34.566,0.85826,0.85831,1.00,1.00
2017.08.11 12:13:35.079,0.85826,0.85833,1.00,3.19
2017.08.11 12:13:35.131,0.85824,0.85833,1.00,3.19
2017.08.11 12:13:35.182,0.85824,0.85832,1.00,1.69
2017.08.11 12:13:35.336,0.85822,0.85831,1.00,2.06
2017.08.11 12:13:35.438,0.85822,0.85831,1.00,2.81
2017.08.11 12:13:36.023,0.85823,0.85827,1.00,1.00
2017.08.11 12:13:36.126,0.85821,0.85829,1.00,1.19
2017.08.11 12:13:38.615,0.85822,0.85828,1.00,1.25
2017.08.11 12:13:38.961,0.85824,0.85832,1.00,2.25
2017.08.11 12:13:39.266,0.85826,0.85833,1.50,1.19
2017.08.11 12:13:39.368,0.85827,0.85834,1.00,1.31
2017.08.11 12:13:39.875,0.8583,0.85836,1.00,1.19
2017.08.11 12:13:40.535,0.85827,0.85833,1.00,1.25
2017.08.11 12:13:40.587,0.85826,0.85832,1.12,1.19
2017.08.11 12:13:42.175,0.85826,0.85833,1.00,2.06
2017.08.11 12:13:43.362,0.85826,0.85833,1.00,1.31
2017.08.11 12:13:44.634,0.85829,0.85834,1.00,1.19
2017.08.11 12:13:44.835,0.85832,0.85837,1.00,1.00
2017.08.11 12:13:44.988,0.85832,0.85841,1.00,3.94
2017.08.11 12:13:45.041,0.85834,0.85841,1.00,3.94
2017.08.11 12:13:45.928,0.85834,0.85841,1.00,1.25
2017.08.11 12:13:46.083,0.85836,0.85841,1.00,1.25
2017.08.11 12:13:46.696,0.85834,0.85843,1.00,1.69
2017.08.11 12:13:50.025,0.85835,0.85842,1.00,2.81
2017.08.11 12:13:51.561,0.85835,0.85841,1.00,1.50
2017.08.11 12:13:52.120,0.85834,0.85841,1.00,1.19
2017.08.11 12:13:52.705,0.85835,0.85841,1.00,1.00
2017.08.11 12:13:53.010,0.85833,0.85839,1.00,1.00
2017.08.11 12:13:53.470,0.8583,0.85836,1.00,1.00
2017.08.11 12:13:53.725,0.85827,0.85834,1.00,1.25
2017.08.11 12:13:56.340,0.85827,0.85833,1.00,1.00
2017.08.11 12:13:56.896,0.85826,0.85834,1.50,1.25
2017.08.11 12:13:58.620,0.85827,0.85834,1.00,1.25
2017.08.11 12:13:59.138,0.85827,0.85834,1.00,1.19
2017.08.11 12:14:00.576,0.8583,0.85837,1.00,1.31
2017.08.11 12:14:00.826,0.85833,0.8584,1.00,1.50
2017.08.11 12:14:01.357,0.85834,0.85842,1.00,1.31
2017.08.11 12:14:01.930,0.85834,0.8584,1.00,1.25
2017.08.11 12:14:02.264,0.85836,0.8584,1.00,1.25
2017.08.11 12:14:03.029,0.85835,0.85842,1.00,1.19
2017.08.11 12:14:03.584,0.85836,0.85842,1.00,1.19
2017.08.11 12:14:05.190,0.85836,0.85842,1.00,1.19
2017.08.11 12:14:05.649,0.85835,0.85842,1.00,1.69
2017.08.11 12:14:06.296,0.85836,0.85842,1.00,1.19
2017.08.11 12:14:06.798,0.85835,0.85843,1.00,2.06
2017.08.11 12:14:06.900,0.85837,0.85844,1.00,4.31
2017.08.11 12:14:06.951,0.85837,0.85844,1.00,3.56
2017.08.11 12:14:07.526,0.85837,0.85843,1.00,1.69
2017.08.11 12:14:08.438,0.85836,0.85843,1.00,1.31
2017.08.11 12:14:08.997,0.85837,0.85845,1.00,1.69
2017.08.11 12:14:09.540,0.85838,0.85845,1.00,1.69
2017.08.11 12:14:10.960,0.85839,0.85844,1.00,1.19
2017.08.11 12:14:11.479,0.85838,0.85845,1.00,1.19
2017.08.11 12:14:12.848,0.85838,0.85844,1.00,1.00
2017.08.11 12:14:13.154,0.85839,0.85848,1.00,3.94
2017.08.11 12:14:13.318,0.85843,0.85851,1.00,6.19
2017.08.11 12:14:14.628,0.85843,0.8585,1.00,2.44
2017.08.11 12:14:15.254,0.85843,0.8585,1.00,3.19
2017.08.11 12:14:16.190,0.8584,0.85848,1.00,1.69
2017.08.11 12:14:16.346,0.85842,0.85849,1.00,1.69
2017.08.11 12:14:18.466,0.85842,0.85851,1.00,3.56
2017.08.11 12:14:18.982,0.85843,0.85849,1.00,1.19
2017.08.11 12:14:19.710,0.85841,0.85848,1.00,1.25
2017.08.11 12:14:23.054,0.85842,0.85848,1.00,1.25
2017.08.11 12:14:23.379,0.8584,0.85848,1.00,2.44
2017.08.11 12:14:23.686,0.85842,0.85849,1.00,1.19
2017.08.11 12:14:24.663,0.85841,0.85848,1.00,1.19
2017.08.11 12:14:24.891,0.85842,0.85848,1.00,1.19
2017.08.11 12:14:25.798,0.8584,0.85849,1.00,1.69
2017.08.11 12:14:27.572,0.85839,0.85845,1.00,1.00
2017.08.11 12:14:28.074,0.85839,0.85844,1.00,1.00
2017.08.11 12:14:28.414,0.85839,0.85846,1.00,1.25
2017.08.11 12:14:28.772,0.85841,0.85847,1.00,1.19
2017.08.11 12:14:29.311,0.85841,0.85845,1.00,1.00
2017.08.11 12:14:29.363,0.85839,0.85845,1.00,1.25
2017.08.11 12:14:29.874,0.8584,0.85847,1.00,2.81
2017.08.11 12:14:31.953,0.85839,0.85846,1.00,2.06
2017.08.11 12:14:33.729,0.85838,0.85844,1.00,1.25
2017.08.11 12:14:34.342,0.85838,0.85842,1.00,1.00
2017.08.11 12:14:34.395,0.85836,0.85842,1.00,1.00
2017.08.11 12:14:34.594,0.85834,0.85841,1.00,1.31
2017.08.11 12:14:34.647,0.85833,0.85841,1.00,1.62
2017.08.11 12:14:34.699,0.85833,0.85841,1.00,1.25
2017.08.11 12:14:35.894,0.85834,0.85842,1.50,1.31
2017.08.11 12:14:36.047,0.85836,0.85842,1.00,1.19
2017.08.11 12:14:36.200,0.85836,0.85843,1.00,1.00
2017.08.11 12:14:37.083,0.85837,0.85844,1.00,1.69
2017.08.11 12:14:37.296,0.85838,0.85844,1.00,1.19
2017.08.11 12:14:40.309,0.8584,0.85844,1.00,1.25
2017.08.11 12:14:42.813,0.85838,0.85844,1.00,1.19
2017.08.11 12:14:43.749,0.8584,0.85845,1.00,1.19
2017.08.11 12:14:43.902,0.85838,0.85845,1.00,1.69
2017.08.11 12:14:44.576,0.85838,0.85845,1.00,1.25
2017.08.11 12:14:44.832,0.8584,0.85845,1.00,1.25
2017.08.11 12:14:45.353,0.8584,0.85844,1.00,1.25
2017.08.11 12:14:45.915,0.85839,0.85845,1.00,1.00
2017.08.11 12:14:48.437,0.85839,0.85844,1.00,1.00
2017.08.11 12:14:49.252,0.85839,0.85847,1.00,3.56
2017.08.11 12:14:51.724,0.85838,0.85845,1.00,2.44
2017.08.11 12:14:52.295,0.85838,0.85844,1.00,1.50
2017.08.11 12:14:54.444,0.85838,0.85845,1.00,1.69
2017.08.11 12:14:56.415,0.85837,0.85844,1.00,1.19
2017.08.11 12:14:56.518,0.85837,0.85844,1.00,1.25
2017.08.11 12:14:56.621,0.85837,0.85842,1.00,1.00
2017.08.11 12:14:56.723,0.85835,0.85842,1.00,1.25
2017.08.11 12:14:57.110,0.85835,0.85839,1.00,1.00
2017.08.11 12:14:57.161,0.85833,0.85839,1.00,1.00
2017.08.11 12:14:57.692,0.8583,0.85835,1.50,1.00
2017.08.11 12:14:57.744,0.85829,0.85835,1.00,1.12
2017.08.11 12:14:57.795,0.85827,0.85834,1.12,1.00
2017.08.11 12:14:58.310,0.85826,0.85834,1.50,1.12
2017.08.11 12:14:58.818,0.85827,0.85834,1.00,1.00
2017.08.11 12:15:00.392,0.85827,0.85836,1.00,1.87
2017.08.11 12:15:00.559,0.8583,0.85837,1.00,1.25
2017.08.11 12:15:00.815,0.85832,0.8584,1.00,2.62
2017.08.11 12:15:01.021,0.85834,0.85842,1.00,4.31
2017.08.11 12:15:01.174,0.85832,0.8584,1.12,1.00
2017.08.11 12:15:01.715,0.85833,0.85841,1.00,1.25
2017.08.11 12:15:02.804,0.85833,0.85842,1.00,2.25
2017.08.11 12:15:03.440,0.85834,0.85843,1.00,1.31
2017.08.11 12:15:03.543,0.85836,0.85843,1.00,1.31
2017.08.11 12:15:04.097,0.85834,0.85843,1.00,2.44
2017.08.11 12:15:07.283,0.85833,0.85844,1.00,4.31
2017.08.11 12:15:08.079,0.85836,0.85844,1.00,2.25
2017.08.11 12:15:08.290,0.8584,0.85849,1.00,1.00
2017.08.11 12:15:08.804,0.85837,0.85845,1.75,1.00
2017.08.11 12:15:08.855,0.85837,0.85845,1.12,1.00
2017.08.11 12:15:08.906,0.85841,0.85845,1.00,1.00
2017.08.11 12:15:09.085,0.85838,0.85845,1.00,1.00
2017.08.11 12:15:09.138,0.8584,0.85845,1.00,1.00
2017.08.11 12:15:09.356,0.85838,0.85845,1.00,1.00
2017.08.11 12:15:10.226,0.85838,0.85844,1.00,1.00
2017.08.11 12:15:10.943,0.85838,0.85846,1.00,1.12
2017.08.11 12:15:11.236,0.85838,0.85844,1.00,1.00
2017.08.11 12:15:11.287,0.85836,0.85844,1.50,1.00
2017.08.11 12:15:11.797,0.85837,0.85844,1.00,1.25
2017.08.11 12:15:11.899,0.85835,0.85844,1.00,1.25
2017.08.11 12:15:12.759,0.85837,0.85845,1.00,1.31
2017.08.11 12:15:12.862,0.85837,0.85846,1.00,2.06
2017.08.11 12:15:13.962,0.85837,0.85844,1.00,1.00
2017.08.11 12:15:15.876,0.85837,0.85845,1.00,1.25
2017.08.11 12:15:16.400,0.85838,0.85845,1.00,1.25
2017.08.11 12:15:17.054,0.85838,0.85845,1.00,1.56
2017.08.11 12:15:17.253,0.85836,0.85845,1.00,1.56
2017.08.11 12:15:18.033,0.85836,0.85843,1.00,1.00
2017.08.11 12:15:19.048,0.85836,0.85844,1.00,2.44
2017.08.11 12:15:20.610,0.85836,0.85844,1.00,2.44
2017.08.11 12:15:23.281,0.85836,0.85844,1.00,2.25
2017.08.11 12:15:24.053,0.85837,0.85845,1.00,1.25
2017.08.11 12:15:25.624,0.85837,0.85844,1.00,1.00
2017.08.11 12:15:26.132,0.85837,0.85845,1.00,1.25
2017.08.11 12:15:31.952,0.85837,0.85845,1.00,1.31
2017.08.11 12:15:32.636,0.85837,0.85843,1.00,1.00
2017.08.11 12:15:34.445,0.85837,0.85844,1.00,1.25
2017.08.11 12:15:43.368,0.85838,0.85845,1.00,1.69
2017.08.11 12:15:44.801,0.85839,0.85845,1.00,1.69
2017.08.11 12:15:45.327,0.8584,0.85846,1.00,1.25
2017.08.11 12:15:47.336,0.85839,0.85846,1.00,1.25
2017.08.11 12:15:51.877,0.8584,0.85846,1.00,1.00
2017.08.11 12:15:51.980,0.85842,0.85847,1.00,1.12
2017.08.11 12:15:52.832,0.85842,0.85848,1.00,1.25
2017.08.11 12:15:53.692,0.85842,0.85849,1.00,1.25
2017.08.11 12:15:56.054,0.85842,0.8585,1.00,1.12
2017.08.11 12:15:56.604,0.85843,0.85851,1.00,2.25
2017.08.11 12:15:57.131,0.85844,0.85851,1.00,1.00
2017.08.11 12:15:58.570,0.85846,0.85854,1.00,2.25
2017.08.11 12:16:03.776,0.85852,0.85859,1.00,1.00
2017.08.11 12:16:04.674,0.85852,0.8586,1.00,1.00
2017.08.11 12:16:05.022,0.85849,0.85856,1.12,1.50
2017.08.11 12:16:05.329,0.85851,0.85855,1.00,1.00
2017.08.11 12:16:05.686,0.8585,0.85856,1.50,1.00
2017.08.11 12:16:06.210,0.85849,0.85856,1.87,1.00
2017.08.11 12:16:07.183,0.8585,0.85856,1.00,1.00
2017.08.11 12:16:07.694,0.85849,0.85855,1.12,1.00
2017.08.11 12:16:08.624,0.8585,0.85855,1.00,1.00
2017.08.11 12:16:09.264,0.8585,0.85854,1.00,1.00
2017.08.11 12:16:09.633,0.85848,0.85854,1.00,1.00
2017.08.11 12:16:10.496,0.85846,0.85854,1.50,1.00
2017.08.11 12:16:11.020,0.85846,0.85854,1.00,1.00
2017.08.11 12:16:11.968,0.85846,0.85855,1.00,2.25
2017.08.11 12:16:12.123,0.85846,0.85853,1.00,1.00
2017.08.11 12:16:13.120,0.85846,0.85854,1.00,1.69
2017.08.11 12:16:13.724,0.85846,0.85853,1.00,1.00
2017.08.11 12:16:15.187,0.85845,0.85853,1.00,1.00
2017.08.11 12:16:17.660,0.85844,0.85853,1.00,1.00
2017.08.11 12:16:17.967,0.85848,0.85853,1.00,1.00
2017.08.11 12:16:18.069,0.85848,0.85856,1.00,1.00
2017.08.11 12:16:18.582,0.85849,0.85857,1.00,1.00
2017.08.11 12:16:18.905,0.85847,0.85856,2.62,1.00
2017.08.11 12:16:19.521,0.85847,0.85855,2.25,1.00
2017.08.11 12:16:21.157,0.8585,0.85855,1.00,1.00
2017.08.11 12:16:21.208,0.8585,0.85858,1.00,2.62
2017.08.11 12:16:21.828,0.85849,0.85859,1.50,2.25
2017.08.11 12:16:22.504,0.8585,0.85859,1.00,3.00
2017.08.11 12:16:23.746,0.85851,0.85859,1.00,1.12
2017.08.11 12:16:24.288,0.8585,0.85858,1.50,1.00
2017.08.11 12:16:24.826,0.8585,0.85859,1.50,1.00
2017.08.11 12:16:25.744,0.85852,0.85859,1.00,1.00
2017.08.11 12:16:26.606,0.8585,0.85859,1.00,1.00
2017.08.11 12:16:28.981,0.85852,0.85858,1.00,1.00
2017.08.11 12:16:29.032,0.85852,0.85862,1.12,2.25
2017.08.11 12:16:29.083,0.85853,0.85863,1.00,3.75
2017.08.11 12:16:29.593,0.85853,0.85862,2.44,1.00
2017.08.11 12:16:30.855,0.85853,0.85863,2.25,1.50
2017.08.11 12:16:30.906,0.85853,0.85858,1.50,1.00
2017.08.11 12:16:31.594,0.85853,0.85857,1.12,1.00
2017.08.11 12:16:32.076,0.85853,0.85859,1.12,1.00
2017.08.11 12:16:32.587,0.85853,0.8586,1.12,1.00
2017.08.11 12:16:34.399,0.85853,0.85862,1.12,1.00
2017.08.11 12:16:34.972,0.85854,0.85861,1.00,1.00
2017.08.11 12:16:38.838,0.85854,0.85862,1.00,1.50
2017.08.11 12:16:42.034,0.85852,0.85859,1.37,1.00
2017.08.11 12:16:42.724,0.85852,0.85858,1.00,1.00
2017.08.11 12:16:43.249,0.85853,0.85858,1.00,1.00
2017.08.11 12:16:43.789,0.85853,0.85859,1.00,1.00
2017.08.11 12:16:44.413,0.85852,0.85859,2.25,1.00
2017.08.11 12:16:45.029,0.85851,0.85858,2.62,1.00
2017.08.11 12:16:46.719,0.85851,0.85857,1.50,1.00
2017.08.11 12:16:48.584,0.8585,0.85855,1.00,1.00
2017.08.11 12:16:49.279,0.85852,0.85856,1.00,1.00
2017.08.11 12:16:49.531,0.8585,0.85855,1.00,1.00
2017.08.11 12:16:50.090,0.85849,0.85855,1.12,1.00
2017.08.11 12:16:50.596,0.8585,0.85855,1.00,1.00
2017.08.11 12:16:50.801,0.85849,0.85853,1.00,1.00
2017.08.11 12:16:52.409,0.85848,0.85853,1.00,1.00
2017.08.11 12:16:53.907,0.85849,0.85853,1.00,1.00
2017.08.11 12:16:54.434,0.8585,0.85854,1.00,1.00
2017.08.11 12:16:55.118,0.85849,0.85854,1.00,1.00
2017.08.11 12:16:55.625,0.8585,0.85854,1.00,1.00
2017.08.11 12:16:55.932,0.85852,0.85856,1.00,1.00
2017.08.11 12:16:56.252,0.85852,0.85856,1.00,1.00
2017.08.11 12:16:56.931,0.85852,0.85857,1.00,1.00
2017.08.11 12:16:57.406,0.85853,0.85857,1.12,1.00
2017.08.11 12:16:57.956,0.85854,0.85858,1.00,1.00
2017.08.11 12:16:59.399,0.85853,0.85857,1.00,1.00
2017.08.11 12:17:00.686,0.85852,0.85857,1.00,1.00
2017.08.11 12:17:01.406,0.85854,0.85858,1.00,1.00
2017.08.11 12:17:01.858,0.85851,0.85856,1.00,1.00
2017.08.11 12:17:02.440,0.8585,0.85855,1.00,1.00
2017.08.11 12:17:03.019,0.85852,0.85856,1.00,1.00
2017.08.11 12:17:03.122,0.8585,0.85855,1.00,1.00
2017.08.11 12:17:04.869,0.85851,0.85855,1.00,1.00
2017.08.11 12:17:06.632,0.8585,0.85855,1.00,1.00
2017.08.11 12:17:07.357,0.85851,0.85855,1.00,1.00
2017.08.11 12:17:07.901,0.8585,0.85854,2.25,1.00
2017.08.11 12:17:08.446,0.8585,0.85854,1.50,1.00
2017.08.11 12:17:08.976,0.8585,0.85854,1.00,1.00
2017.08.11 12:17:09.027,0.8585,0.85854,1.00,1.00
2017.08.11 12:17:09.575,0.85852,0.85856,1.00,1.00
2017.08.11 12:17:10.212,0.85852,0.85856,1.00,1.00
2017.08.11 12:17:10.784,0.85851,0.85855,1.00,1.00
2017.08.11 12:17:12.961,0.85851,0.85855,1.00,1.00
2017.08.11 12:17:13.524,0.8585,0.85855,2.25,1.00
2017.08.11 12:17:13.928,0.85852,0.85856,1.00,1.00
2017.08.11 12:17:14.433,0.8585,0.85854,1.00,1.00
2017.08.11 12:17:14.486,0.85852,0.85856,1.00,1.00
2017.08.11 12:17:15.058,0.85851,0.85856,1.00,1.00
2017.08.11 12:17:16.946,0.8585,0.85854,2.25,1.00
2017.08.11 12:17:17.203,0.85848,0.85854,1.00,1.00
2017.08.11 12:17:17.255,0.85848,0.85852,1.00,1.00
2017.08.11 12:17:17.805,0.85848,0.85853,1.00,1.00
2017.08.11 12:17:18.162,0.85848,0.85852,1.00,1.00
2017.08.11 12:17:18.367,0.85848,0.85852,1.00,1.00
2017.08.11 12:17:18.572,0.85846,0.85851,2.25,1.00
2017.08.11 12:17:18.675,0.85845,0.85849,3.56,1.00
2017.08.11 12:17:18.963,0.85846,0.85851,1.00,1.00
2017.08.11 12:17:19.676,0.85845,0.85851,3.94,1.00
2017.08.11 12:17:20.048,0.85847,0.85851,1.00,1.00
2017.08.11 12:17:23.514,0.85847,0.85853,1.00,1.00
2017.08.11 12:17:26.811,0.85846,0.85853,2.25,1.00
2017.08.11 12:17:27.860,0.85846,0.85852,1.00,1.00
2017.08.11 12:17:30.610,0.85846,0.85854,1.00,1.00
2017.08.11 12:17:32.033,0.85847,0.85853,1.00,1.00
2017.08.11 12:17:32.464,0.85848,0.85855,1.00,1.00
2017.08.11 12:17:32.990,0.85848,0.85852,1.00,1.00
2017.08.11 12:17:33.503,0.85847,0.85851,1.00,1.00
2017.08.11 12:17:34.655,0.85846,0.85851,2.25,1.00
2017.08.11 12:17:36.060,0.85846,0.8585,1.00,1.00
2017.08.11 12:17:36.733,0.85845,0.8585,3.00,1.00
2017.08.11 12:17:37.220,0.85845,0.85852,1.12,1.00
2017.08.11 12:17:37.272,0.85844,0.8585,1.12,1.00
2017.08.11 12:17:37.805,0.85843,0.8585,1.00,1.00
2017.08.11 12:17:38.354,0.85842,0.8585,1.00,1.00
2017.08.11 12:17:38.457,0.85843,0.85853,1.00,1.50
2017.08.11 12:17:39.000,0.85844,0.85852,1.50,1.00
2017.08.11 12:17:40.415,0.85844,0.85853,1.00,1.00
2017.08.11 12:17:40.973,0.85844,0.85855,1.00,1.87
2017.08.11 12:17:41.074,0.85846,0.85855,1.00,1.87
2017.08.11 12:17:41.444,0.85844,0.85855,1.00,1.87
2017.08.11 12:17:42.390,0.85844,0.85854,1.00,1.00
2017.08.11 12:17:44.278,0.85845,0.85853,1.00,1.00
2017.08.11 12:17:45.244,0.85843,0.85852,1.12,1.00
2017.08.11 12:17:45.499,0.85841,0.85851,2.62,1.00
2017.08.11 12:17:45.815,0.85843,0.85851,1.50,1.00
2017.08.11 12:17:48.219,0.85843,0.85852,1.00,2.25
2017.08.11 12:17:48.530,0.85837,0.85845,3.00,1.50
2017.08.11 12:17:48.785,0.85835,0.85845,1.69,1.87
2017.08.11 12:17:49.235,0.85835,0.85842,1.00,1.00
2017.08.11 12:17:52.360,0.85836,0.85842,1.00,1.00
2017.08.11 12:17:55.069,0.85836,0.85841,1.00,1.00
2017.08.11 12:17:57.754,0.85835,0.85841,1.00,1.00
2017.08.11 12:18:02.027,0.85835,0.8584,1.00,1.00
2017.08.11 12:18:03.290,0.85836,0.8584,1.00,1.00
2017.08.11 12:18:05.198,0.85836,0.85843,1.00,1.00
2017.08.11 12:18:05.402,0.85836,0.85845,1.50,1.00
2017.08.11 12:18:05.665,0.85834,0.85843,1.00,1.00
2017.08.11 12:18:06.185,0.85835,0.85844,1.00,1.50
2017.08.11 12:18:06.491,0.85834,0.85842,1.50,1.37
2017.08.11 12:18:07.097,0.85833,0.85841,1.50,1.12
2017.08.11 12:18:09.560,0.85833,0.8584,1.50,1.00
2017.08.11 12:18:10.254,0.85834,0.8584,1.00,1.00
2017.08.11 12:18:11.095,0.85833,0.85842,2.25,1.37
2017.08.11 12:18:15.892,0.85833,0.8584,1.00,1.00
2017.08.11 12:18:16.468,0.85836,0.85843,1.00,1.50
2017.08.11 12:18:16.570,0.85834,0.85844,1.00,3.00
2017.08.11 12:18:16.621,0.85834,0.85844,1.00,1.12
2017.08.11 12:18:17.186,0.85835,0.85844,1.00,1.12
2017.08.11 12:18:18.934,0.85835,0.85843,1.00,1.00
2017.08.11 12:18:18.985,0.85833,0.85843,2.25,1.12
2017.08.11 12:18:20.026,0.85834,0.85844,2.25,1.37
2017.08.11 12:18:20.241,0.85834,0.85845,1.00,2.25
2017.08.11 12:18:20.343,0.85836,0.85847,1.31,1.37
2017.08.11 12:18:20.395,0.85839,0.85848,1.50,1.50
2017.08.11 12:18:20.935,0.85838,0.85849,3.00,2.25
2017.08.11 12:18:21.571,0.85839,0.85849,1.50,2.25
2017.08.11 12:18:22.692,0.85838,0.85849,2.25,2.25
2017.08.11 12:18:23.494,0.8584,0.85849,1.50,2.25
2017.08.11 12:18:24.475,0.85841,0.85849,2.25,1.50
2017.08.11 12:18:24.996,0.8584,0.85849,1.00,1.50
2017.08.11 12:18:25.184,0.85838,0.85849,1.00,2.25
2017.08.11 12:18:27.202,0.85839,0.85849,1.00,1.00
2017.08.11 12:18:27.752,0.85839,0.8585,1.12,2.62
2017.08.11 12:18:30.519,0.8584,0.8585,1.00,1.12
2017.08.11 12:18:31.398,0.85841,0.85852,1.00,2.25
2017.08.11 12:18:31.449,0.85841,0.85852,1.12,1.87
2017.08.11 12:18:33.512,0.85842,0.85852,1.00,1.00
2017.08.11 12:18:34.959,0.85842,0.85853,1.00,1.50
2017.08.11 12:18:35.887,0.85844,0.85853,1.00,1.50
2017.08.11 12:18:36.592,0.85844,0.85852,1.00,1.50
2017.08.11 12:18:38.353,0.85844,0.85853,1.00,1.50
2017.08.11 12:18:43.797,0.85844,0.85852,1.00,1.00
2017.08.11 12:18:44.161,0.85842,0.85852,1.00,1.00
2017.08.11 12:18:44.765,0.85842,0.85853,1.00,2.25
2017.08.11 12:18:45.896,0.85841,0.85852,1.50,1.00
2017.08.11 12:18:48.313,0.85842,0.85852,1.00,1.00
2017.08.11 12:18:48.484,0.85842,0.85852,2.25,1.00
2017.08.11 12:18:48.537,0.85845,0.85854,1.87,1.00
2017.08.11 12:18:49.053,0.85845,0.85855,1.50,1.50
2017.08.11 12:18:56.263,0.85845,0.85856,1.50,1.00
2017.08.11 12:18:56.820,0.85846,0.85857,1.00,1.50
2017.08.11 12:18:57.336,0.85847,0.85857,1.00,1.50
2017.08.11 12:18:58.764,0.85847,0.85858,1.00,3.75
2017.08.11 12:18:59.278,0.85847,0.85857,1.00,1.50
2017.08.11 12:19:00.965,0.85847,0.85858,1.00,3.75
2017.08.11 12:19:01.069,0.85845,0.85854,3.19,1.00
2017.08.11 12:19:03.513,0.85845,0.85854,2.44,1.00
2017.08.11 12:19:05.148,0.85847,0.85855,1.31,1.00
2017.08.11 12:19:05.453,0.85851,0.85858,1.12,1.00
2017.08.11 12:19:05.607,0.85849,0.85857,1.00,1.00
2017.08.11 12:19:05.761,0.8585,0.85859,1.00,1.00
2017.08.11 12:19:06.349,0.85849,0.8586,1.87,1.00
2017.08.11 12:19:06.709,0.8585,0.85861,1.37,1.00
2017.08.11 12:19:07.015,0.8585,0.85859,1.12,1.00
2017.08.11 12:19:07.392,0.85848,0.85859,1.87,1.50
2017.08.11 12:19:07.916,0.85848,0.85859,3.19,1.50
2017.08.11 12:19:08.449,0.85849,0.85858,1.12,1.00
2017.08.11 12:19:08.501,0.85849,0.8586,2.44,3.00
2017.08.11 12:19:08.995,0.85849,0.85858,2.25,1.00
2017.08.11 12:19:09.099,0.85847,0.85857,1.37,1.87
2017.08.11 12:19:09.407,0.85846,0.85857,2.25,1.12
2017.08.11 12:19:12.160,0.85848,0.85857,1.50,1.12
2017.08.11 12:19:13.028,0.85849,0.85858,1.50,1.37
2017.08.11 12:19:13.400,0.85846,0.85857,1.69,1.12
2017.08.11 12:19:13.922,0.85846,0.85856,1.69,1.00
2017.08.11 12:19:15.508,0.85846,0.85856,2.44,1.00
2017.08.11 12:19:15.560,0.85848,0.85859,1.87,1.87
2017.08.11 12:19:15.663,0.85847,0.85859,1.00,2.62
2017.08.11 12:19:18.853,0.85847,0.85857,1.00,1.00
2017.08.11 12:19:19.064,0.8585,0.85859,1.00,1.50
2017.08.11 12:19:20.943,0.85849,0.85858,1.00,1.87
2017.08.11 12:19:21.455,0.85848,0.85858,1.00,2.25
2017.08.11 12:19:22.033,0.85848,0.85857,1.00,1.00
2017.08.11 12:19:23.338,0.85849,0.85857,1.00,1.00
2017.08.11 12:19:23.984,0.85849,0.85858,1.00,1.50
2017.08.11 12:19:24.570,0.85849,0.85857,1.00,1.00
2017.08.11 12:19:25.081,0.8585,0.85858,1.00,1.50
2017.08.11 12:19:26.101,0.85848,0.85858,1.00,1.50
2017.08.11 12:19:31.519,0.85845,0.85855,3.56,1.00
2017.08.11 12:19:32.030,0.85846,0.85855,1.37,1.00
2017.08.11 12:19:33.346,0.85845,0.85855,2.81,1.00
2017.08.11 12:19:33.666,0.85846,0.85853,1.12,1.00
2017.08.11 12:19:34.179,0.85845,0.85854,1.31,1.00
2017.08.11 12:19:35.396,0.85846,0.85852,1.00,1.00
2017.08.11 12:19:35.947,0.85845,0.85851,1.00,1.00
2017.08.11 12:19:36.072,0.85842,0.85851,1.50,1.00
2017.08.11 12:19:37.080,0.85845,0.85853,1.00,1.00
2017.08.11 12:19:37.518,0.85845,0.85855,4.12,1.00
2017.08.11 12:19:39.196,0.85847,0.85855,1.50,1.00
2017.08.11 12:19:39.247,0.85848,0.85858,1.12,1.00
2017.08.11 12:19:39.708,0.85847,0.85856,3.56,1.00
2017.08.11 12:19:40.010,0.8585,0.85856,1.00,1.00
2017.08.11 12:19:40.516,0.85848,0.85857,2.44,1.00
2017.08.11 12:19:41.383,0.85849,0.85858,1.00,1.00
2017.08.11 12:19:43.491,0.85849,0.85858,1.37,1.00
2017.08.11 12:19:46.199,0.85849,0.85858,1.87,1.00
2017.08.11 12:19:48.272,0.85852,0.8586,1.25,1.00
2017.08.11 12:19:48.782,0.85851,0.85858,1.50,1.00
2017.08.11 12:19:49.374,0.85851,0.85858,1.50,1.00
2017.08.11 12:19:51.798,0.85851,0.85859,1.50,1.00
2017.08.11 12:19:53.394,0.85851,0.85858,1.12,1.00
2017.08.11 12:19:53.982,0.85849,0.85857,1.87,1.00
2017.08.11 12:19:55.210,0.8585,0.85857,1.37,1.00
2017.08.11 12:19:55.613,0.85851,0.85859,1.00,1.00
2017.08.11 12:19:56.353,0.8585,0.85858,2.25,1.00
2017.08.11 12:19:59.758,0.85851,0.85858,1.37,1.00
2017.08.11 12:20:00.224,0.85856,0.85863,1.00,1.12
2017.08.11 12:20:00.326,0.85858,0.85862,1.00,1.00
2017.08.11 12:20:00.378,0.85858,0.85864,1.00,1.00
2017.08.11 12:20:00.535,0.85855,0.85862,3.19,1.00
2017.08.11 12:20:00.638,0.85855,0.85867,2.81,1.00
2017.08.11 12:20:00.742,0.85857,0.85867,2.25,1.00
2017.08.11 12:20:01.050,0.85855,0.85863,1.31,1.00
2017.08.11 12:20:01.593,0.85853,0.85862,4.31,1.00
2017.08.11 12:20:02.098,0.85853,0.85862,3.56,1.00
2017.08.11 12:20:02.553,0.85854,0.85863,1.12,1.00
2017.08.11 12:20:02.604,0.85855,0.85863,1.37,1.00
2017.08.11 12:20:03.013,0.85856,0.85865,1.87,1.00
2017.08.11 12:20:03.217,0.85859,0.85866,1.00,1.00
2017.08.11 12:20:04.462,0.85859,0.85865,1.00,1.00
2017.08.11 12:20:04.764,0.85858,0.85865,3.37,1.00
2017.08.11 12:20:04.815,0.85857,0.85865,1.75,1.00
2017.08.11 12:20:04.867,0.85857,0.85863,1.37,1.00
2017.08.11 12:20:04.919,0.85856,0.85863,3.56,1.00
2017.08.11 12:20:05.073,0.85858,0.85863,1.00,1.00
2017.08.11 12:20:05.124,0.85858,0.85865,1.00,1.00
2017.08.11 12:20:05.749,0.85858,0.85864,1.25,1.00
2017.08.11 12:20:06.261,0.85857,0.85866,1.69,1.00
2017.08.11 12:20:06.825,0.85858,0.85865,1.87,1.00
2017.08.11 12:20:07.839,0.85859,0.85866,1.50,1.00
2017.08.11 12:20:09.050,0.85859,0.85866,2.62,1.00
2017.08.11 12:20:09.798,0.85859,0.85866,2.25,1.00
2017.08.11 12:20:10.208,0.85861,0.85866,1.00,1.00
2017.08.11 12:20:10.613,0.85861,0.85867,1.75,1.00
2017.08.11 12:20:11.238,0.8586,0.85866,1.00,1.00
2017.08.11 12:20:11.972,0.85862,0.85869,1.00,1.00
2017.08.11 12:20:12.331,0.85863,0.85868,1.62,1.00
2017.08.11 12:20:12.434,0.85862,0.85867,2.44,1.00
2017.08.11 12:20:12.987,0.85863,0.85868,1.12,1.00
2017.08.11 12:20:13.539,0.85863,0.85869,1.31,1.00
2017.08.11 12:20:13.846,0.85861,0.85867,4.16,1.00
2017.08.11 12:20:14.845,0.85862,0.85869,1.69,1.00
2017.08.11 12:20:15.373,0.85863,0.85869,2.06,1.00
2017.08.11 12:20:15.875,0.85864,0.85868,1.25,1.00
2017.08.11 12:20:16.148,0.85864,0.8587,1.25,1.50
2017.08.11 12:20:16.846,0.85863,0.85869,3.94,1.00
2017.08.11 12:20:18.610,0.85863,0.8587,3.56,1.00
2017.08.11 12:20:19.195,0.85864,0.85869,2.06,1.00
2017.08.11 12:20:21.153,0.85862,0.85869,1.37,1.00
2017.08.11 12:20:21.255,0.8586,0.85869,1.25,1.00
2017.08.11 12:20:21.896,0.85861,0.85869,1.00,1.00
2017.08.11 12:20:22.105,0.8586,0.85867,1.00,1.00
2017.08.11 12:20:22.625,0.85859,0.85867,1.69,1.00
2017.08.11 12:20:24.344,0.85859,0.85868,2.06,1.00
2017.08.11 12:20:25.518,0.85859,0.85866,1.12,1.00
2017.08.11 12:20:25.825,0.85857,0.85865,2.44,1.00
2017.08.11 12:20:26.438,0.85858,0.85865,1.00,1.00
2017.08.11 12:20:26.984,0.85856,0.85864,2.44,1.00
2017.08.11 12:20:27.583,0.85856,0.85864,1.00,1.00
2017.08.11 12:20:29.956,0.85856,0.85864,1.19,1.00
2017.08.11 12:20:31.483,0.85857,0.85865,1.25,1.00
2017.08.11 12:20:31.636,0.85858,0.85867,2.06,1.00
2017.08.11 12:20:32.455,0.8586,0.85867,1.00,1.00
2017.08.11 12:20:34.844,0.85859,0.85867,1.12,1.00
2017.08.11 12:20:39.687,0.8586,0.85867,1.00,1.00
2017.08.11 12:20:40.226,0.85861,0.85868,1.12,1.00
2017.08.11 12:20:41.649,0.85861,0.85868,2.25,1.00
2017.08.11 12:20:42.051,0.85867,0.85876,2.25,2.44
2017.08.11 12:20:42.154,0.85871,0.85878,1.00,1.00
2017.08.11 12:20:42.360,0.85869,0.85878,1.00,1.00
2017.08.11 12:20:42.464,0.85868,0.85876,1.00,1.00
2017.08.11 12:20:42.982,0.85867,0.85876,1.00,1.00
2017.08.11 12:20:43.491,0.85866,0.85875,1.12,1.00
2017.08.11 12:20:44.006,0.85867,0.85875,1.00,1.00
2017.08.11 12:20:45.957,0.85867,0.85873,1.12,1.00
2017.08.11 12:20:46.401,0.8587,0.85877,1.00,1.00
2017.08.11 12:20:46.453,0.8587,0.85881,2.25,3.37
2017.08.11 12:20:46.658,0.85871,0.85879,1.31,1.00
2017.08.11 12:20:47.165,0.85875,0.85881,1.62,1.00
2017.08.11 12:20:47.217,0.85875,0.85883,1.50,1.00
2017.08.11 12:20:47.567,0.85876,0.8588,1.00,1.00
2017.08.11 12:20:47.620,0.8587,0.85878,1.87,1.00
2017.08.11 12:20:47.828,0.85872,0.85881,1.87,1.00
2017.08.11 12:20:47.983,0.85872,0.85882,3.19,1.00
2017.08.11 12:20:48.523,0.85875,0.85882,1.00,1.00
2017.08.11 12:20:48.574,0.85875,0.85884,1.87,1.00
2017.08.11 12:20:49.238,0.85874,0.85884,2.62,1.00
2017.08.11 12:20:50.234,0.85874,0.85883,1.00,1.00
2017.08.11 12:20:51.101,0.85874,0.85883,1.00,1.37
2017.08.11 12:20:51.633,0.85874,0.85881,1.50,1.00
2017.08.11 12:20:52.290,0.85874,0.8588,1.50,1.00
2017.08.11 12:20:52.797,0.85875,0.85881,1.50,1.00
2017.08.11 12:20:53.302,0.85875,0.85879,1.50,1.00
2017.08.11 12:20:54.329,0.85874,0.85879,1.50,1.00
2017.08.11 12:20:56.590,0.8587,0.85879,7.50,1.00
2017.08.11 12:20:57.103,0.8587,0.85875,1.87,1.00
2017.08.11 12:20:57.256,0.85867,0.85874,1.19,1.00
2017.08.11 12:20:57.307,0.85866,0.85874,1.69,1.00
2017.08.11 12:20:57.410,0.85866,0.85872,1.69,1.00
2017.08.11 12:20:57.868,0.85865,0.85871,1.69,1.00
2017.08.11 12:20:58.175,0.85865,0.85869,1.50,1.00
2017.08.11 12:20:58.379,0.85863,0.85871,1.19,1.00
2017.08.11 12:20:58.684,0.85866,0.85874,2.06,1.37
2017.08.11 12:21:00.031,0.85866,0.85876,1.31,1.00
2017.08.11 12:21:00.924,0.85866,0.85875,1.31,1.00
2017.08.11 12:21:01.026,0.85865,0.85875,2.06,1.00
2017.08.11 12:21:01.307,0.85866,0.85873,1.50,1.00
2017.08.11 12:21:01.359,0.85866,0.85875,1.50,1.12
2017.08.11 12:21:01.871,0.85865,0.85875,2.25,1.50
2017.08.11 12:21:02.413,0.85866,0.85876,1.50,1.00
2017.08.11 12:21:02.530,0.85866,0.85872,1.50,1.00
2017.08.11 12:21:03.048,0.85866,0.85874,1.50,1.00
2017.08.11 12:21:03.594,0.85865,0.85874,3.37,1.00
2017.08.11 12:21:04.147,0.85865,0.85875,4.50,1.00
2017.08.11 12:21:04.725,0.85866,0.85876,1.00,1.00
2017.08.11 12:21:05.726,0.85865,0.85876,4.87,1.00
2017.08.11 12:21:05.924,0.85866,0.85876,2.25,1.00
2017.08.11 12:21:06.783,0.85869,0.85876,1.50,1.00
2017.08.11 12:21:06.987,0.8587,0.85878,3.75,1.00
2017.08.11 12:21:07.039,0.85872,0.85878,1.12,1.00
2017.08.11 12:21:07.192,0.85872,0.85881,3.00,1.00
2017.08.11 12:21:07.752,0.85873,0.8588,1.87,1.00
2017.08.11 12:21:07.804,0.8587,0.85879,1.87,1.00
2017.08.11 12:21:07.855,0.85869,0.85878,3.37,1.00
2017.08.11 12:21:07.907,0.85869,0.85876,1.50,1.00
2017.08.11 12:21:09.424,0.85869,0.85878,1.50,1.12
2017.08.11 12:21:10.874,0.85871,0.85878,1.00,1.12
2017.08.11 12:21:11.275,0.85869,0.85877,1.50,1.00
2017.08.11 12:21:11.801,0.8587,0.85877,1.50,1.00
2017.08.11 12:21:12.698,0.85869,0.85877,1.50,1.00
2017.08.11 12:21:14.493,0.85867,0.85876,3.19,1.00
2017.08.11 12:21:14.849,0.85868,0.85876,1.69,1.00
2017.08.11 12:21:14.901,0.85871,0.85878,1.69,1.00
2017.08.11 12:21:14.952,0.8587,0.8588,1.50,1.12
2017.08.11 12:21:15.055,0.8587,0.85878,2.06,1.00
2017.08.11 12:21:15.558,0.85871,0.85877,1.50,1.00
2017.08.11 12:21:15.898,0.8587,0.85875,1.50,1.00
2017.08.11 12:21:16.001,0.85866,0.85876,1.69,1.00
2017.08.11 12:21:17.612,0.85871,0.85878,1.00,1.50
2017.08.11 12:21:18.320,0.85871,0.85877,1.00,1.00
2017.08.11 12:21:18.996,0.85873,0.85877,1.00,1.00
2017.08.11 12:21:19.513,0.85873,0.85877,1.00,1.00
2017.08.11 12:21:19.764,0.85871,0.85877,1.00,1.00
2017.08.11 12:21:20.523,0.85872,0.85877,1.00,1.00
2017.08.11 12:21:22.534,0.85872,0.85878,1.00,1.00
2017.08.11 12:21:23.230,0.85872,0.85877,1.00,1.00
2017.08.11 12:21:23.435,0.85869,0.85877,1.00,1.00
2017.08.11 12:21:23.486,0.85869,0.85875,1.00,1.00
2017.08.11 12:21:23.823,0.85868,0.85875,1.00,1.75
2017.08.11 12:21:24.028,0.85869,0.85879,1.00,2.25
2017.08.11 12:21:24.130,0.85869,0.85877,1.00,2.25
2017.08.11 12:21:24.647,0.8587,0.85879,1.00,4.50
2017.08.11 12:21:25.183,0.85869,0.85879,1.00,4.12
2017.08.11 12:21:25.920,0.85868,0.85877,1.00,1.50
2017.08.11 12:21:26.765,0.85866,0.85874,2.44,1.00
2017.08.11 12:21:27.436,0.85867,0.85876,1.69,1.37
2017.08.11 12:21:27.539,0.85867,0.85877,3.37,1.12
2017.08.11 12:21:28.050,0.85868,0.85878,1.12,1.00
2017.08.11 12:21:28.555,0.85868,0.85878,2.62,1.00
2017.08.11 12:21:28.660,0.85868,0.85876,2.62,1.00
2017.08.11 12:21:28.968,0.85871,0.85878,1.00,1.00
2017.08.11 12:21:29.274,0.8587,0.8588,3.19,1.00
2017.08.11 12:21:29.692,0.8587,0.85877,2.06,1.00
2017.08.11 12:21:30.305,0.85868,0.85876,1.00,1.00
2017.08.11 12:21:30.450,0.85867,0.85874,1.50,1.00
2017.08.11 12:21:30.764,0.85868,0.85872,1.50,1.00
2017.08.11 12:21:31.231,0.85863,0.85872,3.37,1.00
2017.08.11 12:21:31.283,0.85864,0.8587,1.00,1.00
2017.08.11 12:21:31.337,0.85864,0.85873,2.62,1.12
2017.08.11 12:21:31.426,0.85866,0.8587,1.00,1.00
2017.08.11 12:21:31.480,0.85866,0.85872,1.00,1.00
2017.08.11 12:21:31.944,0.85863,0.8587,2.06,1.00
2017.08.11 12:21:32.487,0.85864,0.8587,1.50,1.00
2017.08.11 12:21:33.229,0.85864,0.85871,1.50,1.00
2017.08.11 12:21:33.777,0.85864,0.85871,1.19,1.00
2017.08.11 12:21:34.336,0.85866,0.85871,1.00,1.00
2017.08.11 12:21:34.891,0.85864,0.85871,1.19,1.00
2017.08.11 12:21:35.419,0.85866,0.85871,1.00,1.00
2017.08.11 12:21:35.873,0.85864,0.85871,1.25,1.00
2017.08.11 12:21:36.242,0.85862,0.8587,2.06,1.00
2017.08.11 12:21:36.761,0.85861,0.85869,2.66,1.00
2017.08.11 12:21:36.915,0.85864,0.85869,1.50,1.00
2017.08.11 12:21:37.119,0.85865,0.85872,1.00,1.12
2017.08.11 12:21:37.272,0.85865,0.85872,1.50,1.00
2017.08.11 12:21:37.802,0.85865,0.85873,1.87,1.00
2017.08.11 12:21:38.236,0.85865,0.85873,1.87,1.00
2017.08.11 12:21:39.808,0.85863,0.85872,1.75,1.00
2017.08.11 12:21:39.859,0.85863,0.85871,1.00,1.00
2017.08.11 12:21:39.911,0.85863,0.85869,1.00,1.00
2017.08.11 12:21:41.242,0.85863,0.85868,1.87,1.00
2017.08.11 12:21:41.818,0.85862,0.85869,1.50,1.00
2017.08.11 12:21:42.534,0.85863,0.85871,1.25,1.00
2017.08.11 12:21:42.739,0.85863,0.85869,2.44,1.00
2017.08.11 12:21:44.498,0.85863,0.8587,1.00,1.00
2017.08.11 12:21:45.098,0.85862,0.8587,1.69,1.00
2017.08.11 12:21:47.413,0.85862,0.85871,2.81,1.00
2017.08.11 12:21:47.552,0.85862,0.8587,2.06,1.00
2017.08.11 12:21:49.115,0.85862,0.8587,3.19,1.00
2017.08.11 12:21:51.876,0.85863,0.85869,1.50,1.00
2017.08.11 12:21:52.182,0.85859,0.85866,1.69,1.00
2017.08.11 12:21:52.687,0.85859,0.85866,1.31,1.00
2017.08.11 12:21:53.181,0.85859,0.85864,1.69,1.00
2017.08.11 12:21:53.698,0.85859,0.85863,1.50,1.00
2017.08.11 12:21:53.803,0.8586,0.8587,2.06,1.00
2017.08.11 12:21:54.008,0.8586,0.85869,3.37,1.00
2017.08.11 12:21:54.606,0.85861,0.8587,1.69,1.00
2017.08.11 12:21:54.862,0.85864,0.85872,1.12,1.00
2017.08.11 12:21:55.381,0.85863,0.85871,1.75,1.00
2017.08.11 12:21:56.639,0.85862,0.85869,2.25,1.00
2017.08.11 12:21:56.741,0.8586,0.85868,1.50,1.00
2017.08.11 12:21:57.136,0.85858,0.85867,3.56,1.00
2017.08.11 12:21:57.910,0.85859,0.85867,1.50,1.00
2017.08.11 12:21:59.297,0.85859,0.85868,1.87,1.00
2017.08.11 12:22:00.924,0.85862,0.85869,2.25,1.00
2017.08.11 12:22:01.434,0.85861,0.8587,1.50,1.00
2017.08.11 12:22:01.949,0.85861,0.85869,1.12,1.00
2017.08.11 12:22:02.416,0.85862,0.85869,1.87,1.00
2017.08.11 12:22:02.939,0.85861,0.85868,3.00,1.00
2017.08.11 12:22:03.143,0.85861,0.85868,2.25,1.00
2017.08.11 12:22:03.306,0.85861,0.8587,2.25,1.00
2017.08.11 12:22:03.460,0.85863,0.8587,2.25,1.00
2017.08.11 12:22:05.081,0.85864,0.85871,1.00,1.00
2017.08.11 12:22:05.606,0.85863,0.85871,1.50,1.00
2017.08.11 12:22:05.887,0.85864,0.85873,3.00,1.00
2017.08.11 12:22:06.396,0.85865,0.85873,1.00,1.00
2017.08.11 12:22:06.839,0.85865,0.85877,1.00,2.81
2017.08.11 12:22:07.374,0.85865,0.85876,1.00,1.12
2017.08.11 12:22:07.580,0.85867,0.85876,1.50,1.12
2017.08.11 12:22:08.175,0.85868,0.85876,1.50,1.12
2017.08.11 12:22:08.825,0.85867,0.85876,1.50,1.12
2017.08.11 12:22:11.057,0.85867,0.85875,1.50,1.00
2017.08.11 12:22:12.027,0.85867,0.85873,1.50,1.00
2017.08.11 12:22:14.886,0.85866,0.85873,1.00,1.00
2017.08.11 12:22:15.808,0.85866,0.85874,1.87,1.00
2017.08.11 12:22:16.310,0.85867,0.85874,1.00,1.00
2017.08.11 12:22:16.927,0.85866,0.85874,1.50,1.00
2017.08.11 12:22:17.599,0.85867,0.85873,1.00,1.00
2017.08.11 12:22:17.777,0.85866,0.85875,1.50,1.00
2017.08.11 12:22:18.177,0.85868,0.85875,1.00,1.00
2017.08.11 12:22:19.148,0.85867,0.85877,2.44,1.00
2017.08.11 12:22:19.301,0.85871,0.85878,1.50,1.00
2017.08.11 12:22:19.805,0.85871,0.85876,1.50,1.00
2017.08.11 12:22:19.974,0.85872,0.8588,1.25,1.50
2017.08.11 12:22:20.026,0.85874,0.8588,1.25,1.00
2017.08.11 12:22:20.130,0.85875,0.85884,1.25,1.00
2017.08.11 12:22:20.480,0.85876,0.85886,1.19,1.00
2017.08.11 12:22:20.786,0.8588,0.85887,1.69,1.00
2017.08.11 12:22:21.360,0.85879,0.85887,2.25,1.00
2017.08.11 12:22:21.667,0.85876,0.85884,4.12,1.00
2017.08.11 12:22:22.200,0.85877,0.85883,1.00,1.00
2017.08.11 12:22:22.444,0.85874,0.85882,2.44,1.00
2017.08.11 12:22:23.412,0.85874,0.85883,2.44,1.00
2017.08.11 12:22:23.618,0.85874,0.85878,1.00,1.00
2017.08.11 12:22:23.721,0.85872,0.85878,1.87,1.00
2017.08.11 12:22:24.131,0.85871,0.8588,2.44,1.00
2017.08.11 12:22:24.657,0.85872,0.85879,2.44,1.00
2017.08.11 12:22:25.187,0.85871,0.85879,4.12,1.00
2017.08.11 12:22:25.745,0.85872,0.85878,1.50,1.00
2017.08.11 12:22:26.251,0.85871,0.85878,1.50,1.00
2017.08.11 12:22:26.828,0.85871,0.85879,1.50,1.00
2017.08.11 12:22:26.996,0.85871,0.85877,2.25,1.00
2017.08.11 12:22:27.526,0.85872,0.85877,1.50,1.00
2017.08.11 12:22:28.059,0.85871,0.85878,1.50,1.00
2017.08.11 12:22:28.624,0.85872,0.85878,1.50,1.00
2017.08.11 12:22:29.373,0.85871,0.85879,2.25,1.00
2017.08.11 12:22:29.993,0.85871,0.85879,1.87,1.00
2017.08.11 12:22:30.364,0.85872,0.85883,1.12,1.87
2017.08.11 12:22:30.415,0.85871,0.85881,1.87,1.00
2017.08.11 12:22:30.842,0.85872,0.85883,1.87,1.12
2017.08.11 12:22:31.201,0.85872,0.85876,3.00,1.00
2017.08.11 12:22:31.306,0.8587,0.85875,1.12,1.00
2017.08.11 12:22:31.359,0.85868,0.85875,1.50,1.00
2017.08.11 12:22:31.462,0.85867,0.85877,2.25,1.00
2017.08.11 12:22:31.945,0.85868,0.85875,1.87,1.00
2017.08.11 12:22:32.605,0.85867,0.85874,2.62,1.00
2017.08.11 12:22:33.406,0.85865,0.85874,1.50,1.00
2017.08.11 12:22:33.966,0.85868,0.85879,1.00,3.00
2017.08.11 12:22:34.224,0.85868,0.85878,1.00,2.44
2017.08.11 12:22:35.007,0.85867,0.85875,1.00,1.00
2017.08.11 12:22:35.535,0.85866,0.85875,1.00,1.00
2017.08.11 12:22:36.070,0.85864,0.85875,1.50,1.12
2017.08.11 12:22:36.442,0.85864,0.85874,3.00,2.06
2017.08.11 12:22:37.003,0.85865,0.85874,1.00,2.06
2017.08.11 12:22:37.309,0.85868,0.85874,1.00,1.19
2017.08.11 12:22:37.557,0.85868,0.85875,1.00,1.12
2017.08.11 12:22:37.617,0.85872,0.85879,1.00,2.00
2017.08.11 12:22:37.720,0.85868,0.85878,1.00,1.87
2017.08.11 12:22:37.873,0.85867,0.85877,1.00,1.69
2017.08.11 12:22:38.026,0.85864,0.85874,1.00,2.81
2017.08.11 12:22:38.570,0.85863,0.85873,2.25,1.69
2017.08.11 12:22:39.115,0.85865,0.85873,1.00,2.62
2017.08.11 12:22:39.268,0.85867,0.85876,1.50,1.25
2017.08.11 12:22:39.414,0.85867,0.85876,1.87,1.69
2017.08.11 12:22:39.466,0.85868,0.85878,2.25,1.69
2017.08.11 12:22:39.519,0.85868,0.85878,1.87,1.69
2017.08.11 12:22:39.926,0.85867,0.85877,1.50,2.81
2017.08.11 12:22:40.494,0.85868,0.85877,1.00,1.31
2017.08.11 12:22:40.596,0.85868,0.85878,1.00,1.19
2017.08.11 12:22:41.497,0.85868,0.8588,2.25,3.94
2017.08.11 12:22:41.966,0.8587,0.8588,1.00,2.81
2017.08.11 12:22:42.505,0.8587,0.85879,1.00,1.25
2017.08.11 12:22:43.101,0.8587,0.85878,1.00,1.00
2017.08.11 12:22:43.605,0.85871,0.8588,1.00,3.19
2017.08.11 12:22:43.656,0.85868,0.85876,1.00,1.00
2017.08.11 12:22:44.136,0.85869,0.85878,1.00,1.00
2017.08.11 12:22:44.680,0.85868,0.85878,2.62,1.12
2017.08.11 12:22:45.620,0.85871,0.8588,1.87,1.12
2017.08.11 12:22:46.132,0.85871,0.85881,4.87,1.00
2017.08.11 12:22:46.682,0.85872,0.85881,1.87,1.00
2017.08.11 12:22:47.320,0.85871,0.85882,4.87,1.00
2017.08.11 12:22:47.826,0.85872,0.85881,2.62,1.00
2017.08.11 12:22:47.929,0.85874,0.85885,1.00,3.94
2017.08.11 12:22:48.134,0.85874,0.85883,1.00,1.00
2017.08.11 12:22:48.654,0.85873,0.85884,1.00,1.25
2017.08.11 12:22:49.725,0.85873,0.85883,1.00,1.50
2017.08.11 12:22:52.347,0.85874,0.85883,1.00,1.00
2017.08.11 12:22:52.552,0.85878,0.8589,3.37,3.94
2017.08.11 12:22:52.603,0.85881,0.8589,1.00,2.44
2017.08.11 12:22:52.960,0.85879,0.8589,2.62,3.56
2017.08.11 12:22:53.506,0.85879,0.8589,1.00,1.12
2017.08.11 12:22:54.039,0.8588,0.85891,1.50,1.62
2017.08.11 12:22:54.551,0.8588,0.85891,3.00,1.12
2017.08.11 12:22:54.754,0.8588,0.85888,2.25,1.00
2017.08.11 12:22:55.281,0.85881,0.85889,1.12,1.00
2017.08.11 12:22:55.611,0.85883,0.85888,1.50,1.00
2017.08.11 12:22:56.082,0.85882,0.85891,1.50,1.50
2017.08.11 12:22:56.351,0.85883,0.85889,1.50,1.00
2017.08.11 12:22:56.887,0.85882,0.8589,2.25,1.00
2017.08.11 12:22:57.727,0.85883,0.85891,1.50,1.00
2017.08.11 12:22:58.035,0.85882,0.85889,1.87,1.00
2017.08.11 12:22:58.588,0.8588,0.85889,1.12,1.00
2017.08.11 12:22:59.153,0.85879,0.85888,3.37,1.00
2017.08.11 12:22:59.827,0.85879,0.85887,3.37,1.00
2017.08.11 12:23:00.593,0.85881,0.85887,1.00,1.00
2017.08.11 12:23:01.139,0.85881,0.85886,1.00,1.00
2017.08.11 12:23:01.779,0.8588,0.85886,1.12,1.00
2017.08.11 12:23:02.260,0.8588,0.85888,1.12,1.00
2017.08.11 12:23:03.593,0.85881,0.85888,1.00,1.00
2017.08.11 12:23:04.129,0.85881,0.85887,1.00,1.00
2017.08.11 12:23:05.784,0.85881,0.85886,1.00,1.00
2017.08.11 12:23:06.039,0.85881,0.85889,2.25,1.00
2017.08.11 12:23:06.091,0.85881,0.85888,2.25,1.00
2017.08.11 12:23:06.194,0.8588,0.85889,1.50,1.00
2017.08.11 12:23:06.246,0.8588,0.85887,1.00,1.00
2017.08.11 12:23:06.913,0.85879,0.85887,1.87,1.00
2017.08.11 12:23:07.236,0.85878,0.85885,2.62,1.00
2017.08.11 12:23:07.907,0.85878,0.85885,2.62,1.00
2017.08.11 12:23:08.278,0.85879,0.85887,3.37,1.00
2017.08.11 12:23:09.130,0.85879,0.85885,1.87,1.00
2017.08.11 12:23:09.389,0.85875,0.85883,1.00,1.00
2017.08.11 12:23:09.440,0.85874,0.85885,2.62,1.12
2017.08.11 12:23:09.593,0.85878,0.85884,1.50,1.25
2017.08.11 12:23:10.102,0.85878,0.85885,1.50,1.00
2017.08.11 12:23:10.255,0.85878,0.85887,1.50,1.00
2017.08.11 12:23:10.434,0.85878,0.85885,2.25,1.00
2017.08.11 12:23:10.588,0.85879,0.85887,1.50,1.00
2017.08.11 12:23:10.894,0.85881,0.85887,1.00,1.00
2017.08.11 12:23:11.419,0.8588,0.85887,1.12,1.00
2017.08.11 12:23:11.923,0.85881,0.85892,1.87,2.44
2017.08.11 12:23:12.077,0.8588,0.85892,1.50,3.19
2017.08.11 12:23:12.180,0.85882,0.85893,1.87,2.44
2017.08.11 12:23:12.455,0.8588,0.85891,4.12,1.50
2017.08.11 12:23:12.509,0.85879,0.85889,2.62,1.50
2017.08.11 12:23:12.665,0.85881,0.85892,1.00,2.25
2017.08.11 12:23:12.869,0.8588,0.85889,1.50,1.00
2017.08.11 12:23:13.073,0.85878,0.85886,2.25,1.00
2017.08.11 12:23:13.900,0.85878,0.85887,2.25,1.00
2017.08.11 12:23:14.207,0.85879,0.85889,1.50,1.00
2017.08.11 12:23:14.726,0.85878,0.85888,5.62,1.00
2017.08.11 12:23:14.879,0.85878,0.8589,6.37,1.00
2017.08.11 12:23:15.083,0.8588,0.85888,1.00,1.00
2017.08.11 12:23:15.607,0.85879,0.85888,1.87,1.00
2017.08.11 12:23:15.960,0.85878,0.85886,3.75,1.00
2017.08.11 12:23:16.591,0.85878,0.85887,3.00,1.00
2017.08.11 12:23:17.167,0.85878,0.85886,3.00,1.00
2017.08.11 12:23:17.497,0.8588,0.85887,1.87,1.00
2017.08.11 12:23:17.552,0.85882,0.85889,1.37,1.00
2017.08.11 12:23:17.760,0.85882,0.85891,2.25,1.00
2017.08.11 12:23:19.256,0.85886,0.85894,1.50,1.00
2017.08.11 12:23:19.582,0.85886,0.85892,1.50,1.00
2017.08.11 12:23:19.685,0.85883,0.85891,1.12,1.00
2017.08.11 12:23:20.224,0.85882,0.85891,1.00,1.00
2017.08.11 12:23:20.531,0.85886,0.85893,1.62,1.00
2017.08.11 12:23:20.583,0.85884,0.85894,2.81,1.12
2017.08.11 12:23:20.635,0.85886,0.85894,2.62,1.00
2017.08.11 12:23:20.820,0.85883,0.85891,1.00,1.00
2017.08.11 12:23:20.871,0.8588,0.85886,1.00,1.00
2017.08.11 12:23:21.281,0.85877,0.85886,3.37,1.00
2017.08.11 12:23:22.832,0.85877,0.85885,2.25,1.00
2017.08.11 12:23:24.483,0.85878,0.85884,1.12,1.00
2017.08.11 12:23:25.033,0.85877,0.85883,1.87,1.00
2017.08.11 12:23:28.988,0.85878,0.85884,1.87,1.00
2017.08.11 12:23:29.142,0.85878,0.85886,3.00,1.00
2017.08.11 12:23:29.194,0.85881,0.85888,1.00,1.00
2017.08.11 12:23:29.500,0.85876,0.8588,1.00,1.00
2017.08.11 12:23:29.631,0.85873,0.8588,1.50,1.00
2017.08.11 12:23:29.736,0.85872,0.85878,1.12,1.00
2017.08.11 12:23:30.043,0.8587,0.85876,1.50,1.00
2017.08.11 12:23:30.969,0.8587,0.85875,1.00,1.00
2017.08.11 12:23:31.428,0.85871,0.85878,1.00,1.00
2017.08.11 12:23:33.058,0.85872,0.85878,1.00,1.00
2017.08.11 12:23:33.706,0.85871,0.85877,1.12,1.00
2017.08.11 12:23:33.860,0.85871,0.85879,1.00,1.00
2017.08.11 12:23:34.374,0.85874,0.8588,1.00,1.00
2017.08.11 12:23:34.904,0.85873,0.8588,1.00,1.00
2017.08.11 12:23:38.754,0.85873,0.85881,1.00,1.00
2017.08.11 12:23:39.106,0.85875,0.85883,1.00,1.00
2017.08.11 12:23:39.704,0.85874,0.85883,1.50,1.00
2017.08.11 12:23:40.183,0.85874,0.85884,1.87,1.00
2017.08.11 12:23:41.644,0.85874,0.85883,1.12,1.00
2017.08.11 12:23:41.956,0.85875,0.85885,1.00,1.00
2017.08.11 12:23:42.009,0.85878,0.85885,1.00,1.00
2017.08.11 12:23:42.061,0.85878,0.85887,1.00,2.62
2017.08.11 12:23:42.113,0.85881,0.85888,1.00,3.19
2017.08.11 12:23:42.215,0.85876,0.85888,1.00,3.19
2017.08.11 12:23:42.544,0.85876,0.85885,1.12,1.00
2017.08.11 12:23:43.258,0.85876,0.85885,1.00,1.19
2017.08.11 12:23:43.838,0.85875,0.85886,1.12,1.69
2017.08.11 12:23:45.606,0.85875,0.85886,1.50,1.19
2017.08.11 12:23:47.108,0.85874,0.85883,2.62,1.00
2017.08.11 12:23:47.736,0.85873,0.85883,1.87,1.19
2017.08.11 12:23:48.246,0.85875,0.85881,1.00,1.00
2017.08.11 12:23:48.297,0.85875,0.85884,1.00,1.25
2017.08.11 12:23:48.667,0.85874,0.8588,2.62,1.00
2017.08.11 12:23:49.178,0.85875,0.85881,1.00,1.00
2017.08.11 12:23:49.688,0.85875,0.8588,1.00,1.00
2017.08.11 12:23:50.239,0.85873,0.8588,1.87,1.00
2017.08.11 12:23:50.545,0.85873,0.85877,1.12,1.00
2017.08.11 12:23:50.648,0.85871,0.85877,3.00,1.00
2017.08.11 12:23:51.252,0.85872,0.85877,2.25,1.00
2017.08.11 12:23:51.873,0.85871,0.85877,3.00,1.00
2017.08.11 12:23:52.442,0.85872,0.85877,1.50,1.00
2017.08.11 12:23:53.004,0.8587,0.85877,1.87,1.00
2017.08.11 12:23:53.506,0.85871,0.85876,1.00,1.00
2017.08.11 12:23:53.956,0.85868,0.85875,3.00,1.00
2017.08.11 12:23:54.427,0.85869,0.85877,1.12,1.00
2017.08.11 12:23:54.938,0.8587,0.85876,1.12,1.00
2017.08.11 12:23:56.164,0.8587,0.85877,1.12,1.00
2017.08.11 12:23:57.944,0.85869,0.85876,1.37,1.00
2017.08.11 12:23:59.246,0.85868,0.85876,3.00,1.00
2017.08.11 12:23:59.972,0.85868,0.85876,2.62,1.00
2017.08.11 12:24:00.730,0.85869,0.85876,1.00,1.00
2017.08.11 12:24:01.433,0.8587,0.85875,1.00,1.00
2017.08.11 12:24:01.962,0.85869,0.85875,1.12,1.00
2017.08.11 12:24:02.390,0.8587,0.85877,1.00,1.00
2017.08.11 12:24:02.900,0.85871,0.85877,1.12,1.00
2017.08.11 12:24:03.667,0.8587,0.85875,1.50,1.00
2017.08.11 12:24:03.770,0.85869,0.85875,1.50,1.00
2017.08.11 12:24:03.872,0.8587,0.85877,1.00,1.00
2017.08.11 12:24:04.401,0.85869,0.85874,1.50,1.00
2017.08.11 12:24:04.952,0.8587,0.85876,1.12,1.00
2017.08.11 12:24:06.114,0.85869,0.85874,1.87,1.00
2017.08.11 12:24:06.472,0.85871,0.85876,1.00,1.00
2017.08.11 12:24:06.524,0.85868,0.85875,2.25,1.00
2017.08.11 12:24:07.164,0.8587,0.85875,1.12,1.00
2017.08.11 12:24:07.688,0.85869,0.85876,1.87,1.00
2017.08.11 12:24:08.197,0.85871,0.85876,1.00,1.00
2017.08.11 12:24:08.882,0.8587,0.85876,1.50,1.00
2017.08.11 12:24:10.763,0.8587,0.85875,1.00,1.00
2017.08.11 12:24:11.482,0.8587,0.85876,1.00,1.00
2017.08.11 12:24:15.347,0.85868,0.85875,1.87,1.00
2017.08.11 12:24:15.939,0.85869,0.85875,1.00,1.00
2017.08.11 12:24:16.092,0.85867,0.85873,3.00,1.00
2017.08.11 12:24:16.619,0.85867,0.85874,2.62,1.00
2017.08.11 12:24:17.101,0.85869,0.85875,1.00,1.00
2017.08.11 12:24:17.204,0.85867,0.85874,3.00,1.00
2017.08.11 12:24:17.724,0.85867,0.85875,4.50,1.00
2017.08.11 12:24:18.455,0.85867,0.85874,4.50,1.00
2017.08.11 12:24:19.107,0.85869,0.85874,1.00,1.00
2017.08.11 12:24:19.310,0.85866,0.85871,1.37,1.00
2017.08.11 12:24:19.362,0.85863,0.85868,2.25,1.00
2017.08.11 12:24:19.873,0.85862,0.85868,1.00,1.00
2017.08.11 12:24:20.443,0.85863,0.85868,1.00,1.00
2017.08.11 12:24:21.869,0.85866,0.85874,1.00,1.00
2017.08.11 12:24:21.920,0.85864,0.8587,1.00,1.00
2017.08.11 12:24:22.074,0.85865,0.85872,1.12,1.00
2017.08.11 12:24:22.126,0.85869,0.85876,1.12,1.75
2017.08.11 12:24:22.585,0.85867,0.85873,2.62,1.00
2017.08.11 12:24:23.123,0.85868,0.85873,1.00,1.00
2017.08.11 12:24:23.656,0.85867,0.85874,4.87,1.00
2017.08.11 12:24:23.759,0.85873,0.8588,1.00,1.50
2017.08.11 12:24:23.811,0.85873,0.85878,1.00,1.00
2017.08.11 12:24:23.863,0.85873,0.85881,1.12,1.00
2017.08.11 12:24:23.966,0.85875,0.85879,1.50,1.00
2017.08.11 12:24:24.174,0.85873,0.85878,1.00,1.00
2017.08.11 12:24:25.648,0.85872,0.85878,1.00,1.00
2017.08.11 12:24:26.542,0.85875,0.85879,1.50,1.00
2017.08.11 12:24:26.798,0.85874,0.85882,4.12,1.00
2017.08.11 12:24:26.849,0.85875,0.8588,1.37,1.00
2017.08.11 12:24:27.197,0.85874,0.85879,3.37,1.00
2017.08.11 12:24:27.870,0.85872,0.85879,1.50,1.00
2017.08.11 12:24:28.272,0.85871,0.85877,3.37,1.00
2017.08.11 12:24:28.810,0.85871,0.85878,2.62,1.00
2017.08.11 12:24:29.223,0.8587,0.85876,3.00,1.00
2017.08.11 12:24:29.431,0.8587,0.85877,1.87,1.00
2017.08.11 12:24:30.257,0.8587,0.85875,2.25,1.00
2017.08.11 12:24:31.825,0.85871,0.85875,1.50,1.00
2017.08.11 12:24:33.314,0.8587,0.85875,1.50,1.00
2017.08.11 12:24:33.620,0.85868,0.85872,1.00,1.00
2017.08.11 12:24:35.628,0.85867,0.85875,1.50,1.00
2017.08.11 12:24:36.380,0.85869,0.85875,1.00,1.00
2017.08.11 12:24:36.698,0.85867,0.85873,2.25,1.00
2017.08.11 12:24:36.750,0.85867,0.85875,2.25,1.00
2017.08.11 12:24:37.258,0.85868,0.85875,2.62,1.00
2017.08.11 12:24:37.800,0.85868,0.85876,2.62,1.00
2017.08.11 12:24:40.745,0.85868,0.85874,1.00,1.00
2017.08.11 12:24:41.052,0.8587,0.85877,1.00,1.00
2017.08.11 12:24:42.403,0.85871,0.85877,1.00,1.00
2017.08.11 12:24:42.819,0.85873,0.85877,1.00,1.00
2017.08.11 12:24:42.974,0.85873,0.85879,1.00,1.00
2017.08.11 12:24:43.514,0.85873,0.85879,1.37,1.00
2017.08.11 12:24:45.051,0.85874,0.8588,1.12,1.00
2017.08.11 12:24:47.752,0.85872,0.85879,2.25,1.00
2017.08.11 12:24:47.804,0.85872,0.85879,2.25,1.00
2017.08.11 12:24:48.383,0.85873,0.85879,1.00,1.00
2017.08.11 12:24:48.755,0.85875,0.8588,1.00,1.00
2017.08.11 12:24:50.163,0.85874,0.8588,1.12,1.00
2017.08.11 12:24:50.879,0.85872,0.85879,2.25,1.00
2017.08.11 12:24:51.470,0.85872,0.85878,1.87,1.00
2017.08.11 12:24:52.962,0.85873,0.85878,1.00,1.00
2017.08.11 12:24:53.797,0.85872,0.85878,1.50,1.00
2017.08.11 12:24:54.216,0.85871,0.85876,1.50,1.00
2017.08.11 12:24:54.362,0.85874,0.8588,1.00,1.00
2017.08.11 12:24:54.414,0.85874,0.85881,1.87,1.12
2017.08.11 12:24:54.520,0.85874,0.85878,1.00,1.00
2017.08.11 12:24:54.572,0.85874,0.85881,1.00,1.00
2017.08.11 12:24:54.725,0.85875,0.85881,1.50,1.00
2017.08.11 12:24:55.548,0.85874,0.8588,1.75,1.00
2017.08.11 12:24:55.651,0.85873,0.85878,1.87,1.00
2017.08.11 12:24:56.163,0.85873,0.85878,1.87,1.00
2017.08.11 12:24:56.700,0.85874,0.85878,1.00,1.00
2017.08.11 12:24:56.984,0.85876,0.85881,1.00,1.00
2017.08.11 12:24:57.495,0.85877,0.85881,1.00,1.00
2017.08.11 12:24:57.862,0.85875,0.8588,1.12,1.00
2017.08.11 12:24:58.394,0.85876,0.8588,1.00,1.00
2017.08.11 12:24:58.878,0.85874,0.8588,1.00,1.00
2017.08.11 12:24:59.393,0.85873,0.85879,1.12,1.00
2017.08.11 12:25:00.102,0.85875,0.85879,1.00,1.00
2017.08.11 12:25:00.256,0.85872,0.85877,1.87,1.00
2017.08.11 12:25:00.409,0.85873,0.85879,1.00,1.00
2017.08.11 12:25:00.948,0.85873,0.85878,1.12,1.00
2017.08.11 12:25:01.050,0.85871,0.85876,2.25,1.00
2017.08.11 12:25:01.102,0.8587,0.85875,1.37,1.00
2017.08.11 12:25:01.153,0.85866,0.8587,1.50,1.00
2017.08.11 12:25:01.751,0.85864,0.85869,1.00,1.00
2017.08.11 12:25:01.854,0.85865,0.85871,1.12,1.00
2017.08.11 12:25:02.829,0.85865,0.85871,3.00,1.00
2017.08.11 12:25:03.136,0.85864,0.8587,1.12,1.00
2017.08.11 12:25:03.672,0.85863,0.85869,3.00,1.00
2017.08.11 12:25:04.210,0.85866,0.8587,1.00,1.00
2017.08.11 12:25:04.490,0.85864,0.85869,1.50,1.00
2017.08.11 12:25:04.592,0.85866,0.8587,1.00,1.00
2017.08.11 12:25:04.797,0.85866,0.85871,1.00,1.00
2017.08.11 12:25:06.145,0.85866,0.85873,2.25,1.00
2017.08.11 12:25:06.654,0.85868,0.85873,1.00,1.00
2017.08.11 12:25:08.960,0.85867,0.85873,1.00,1.00
2017.08.11 12:25:09.543,0.85868,0.85873,1.00,1.00
2017.08.11 12:25:11.816,0.85867,0.85873,1.00,1.00
2017.08.11 12:25:12.122,0.85869,0.85873,1.00,1.00
2017.08.11 12:25:12.225,0.85869,0.85875,1.00,1.25
2017.08.11 12:25:12.905,0.85869,0.85874,1.00,1.00
2017.08.11 12:25:13.068,0.85867,0.85874,1.00,1.00
2017.08.11 12:25:13.204,0.85869,0.85874,1.00,1.00
2017.08.11 12:25:14.575,0.85869,0.85876,1.00,1.19
2017.08.11 12:25:15.949,0.85868,0.85876,1.00,1.19
2017.08.11 12:25:17.392,0.85869,0.85876,1.00,1.19
2017.08.11 12:25:17.494,0.85869,0.85877,1.12,1.00
2017.08.11 12:25:18.757,0.8587,0.85877,1.00,1.00
2017.08.11 12:25:18.808,0.85868,0.85876,1.00,1.00
2017.08.11 12:25:18.961,0.85872,0.85877,1.00,1.00
2017.08.11 12:25:19.497,0.85871,0.85878,1.00,1.00
2017.08.11 12:25:20.348,0.8587,0.85878,2.25,1.00
2017.08.11 12:25:20.883,0.8587,0.85877,2.25,1.00
2017.08.11 12:25:22.007,0.85871,0.85877,1.00,1.00
2017.08.11 12:25:22.058,0.85871,0.85879,1.00,1.00
2017.08.11 12:25:22.598,0.85872,0.8588,1.00,1.00
2017.08.11 12:25:22.701,0.85874,0.85882,1.00,1.00
2017.08.11 12:25:23.008,0.85874,0.8588,1.50,1.00
2017.08.11 12:25:23.763,0.85875,0.8588,1.50,1.00
2017.08.11 12:25:24.330,0.85875,0.85884,1.50,1.50
2017.08.11 12:25:24.381,0.85875,0.85881,1.50,1.00
2017.08.11 12:25:24.976,0.85874,0.85883,2.25,1.00
2017.08.11 12:25:25.335,0.85874,0.85881,2.25,1.00
2017.08.11 12:25:26.450,0.85876,0.85883,1.00,1.00
2017.08.11 12:25:27.078,0.85877,0.85883,1.00,1.00
2017.08.11 12:25:27.646,0.85877,0.85884,1.00,1.00
2017.08.11 12:25:28.163,0.85878,0.85884,1.00,1.00
2017.08.11 12:25:34.389,0.85876,0.85884,1.12,1.00
2017.08.11 12:25:34.621,0.85875,0.85882,2.25,1.00
2017.08.11 12:25:36.793,0.85875,0.85881,1.00,1.00
2017.08.11 12:25:37.830,0.85874,0.85881,2.25,1.00
2017.08.11 12:25:39.095,0.85873,0.85879,1.00,1.00
2017.08.11 12:25:39.146,0.85871,0.85879,1.12,1.00
2017.08.11 12:25:39.453,0.85869,0.85878,1.87,1.00
2017.08.11 12:25:39.966,0.8587,0.85877,1.00,1.00
2017.08.11 12:25:40.506,0.85869,0.85877,1.00,1.00
2017.08.11 12:25:41.193,0.85868,0.85877,1.00,1.00
2017.08.11 12:25:42.265,0.85871,0.85877,1.00,1.00
2017.08.11 12:25:42.775,0.85868,0.85877,2.62,1.00
2017.08.11 12:25:42.980,0.85867,0.85877,4.50,1.00
2017.08.11 12:25:43.639,0.85869,0.85877,1.00,1.00
2017.08.11 12:25:44.220,0.85869,0.85875,1.00,1.00
2017.08.11 12:25:44.896,0.85868,0.85876,1.50,1.00
2017.08.11 12:25:45.257,0.8587,0.85876,1.00,1.00
2017.08.11 12:25:45.464,0.85872,0.85879,1.00,1.00
2017.08.11 12:25:45.974,0.85871,0.8588,1.00,2.25
2017.08.11 12:25:46.127,0.85871,0.85878,1.00,1.00
2017.08.11 12:25:46.829,0.8587,0.85878,1.12,1.00
2017.08.11 12:25:49.396,0.8587,0.85877,1.00,1.00
2017.08.11 12:25:49.912,0.85869,0.85877,1.50,1.00
2017.08.11 12:25:52.748,0.85866,0.85874,2.62,1.00
2017.08.11 12:25:53.105,0.85873,0.85885,1.00,3.94
2017.08.11 12:25:53.157,0.85876,0.85886,1.00,3.94
2017.08.11 12:25:53.209,0.85876,0.85886,1.00,1.00
2017.08.11 12:25:53.312,0.85875,0.85883,1.50,1.00
2017.08.11 12:25:53.363,0.85877,0.85887,1.00,1.12
2017.08.11 12:25:53.466,0.8588,0.85885,1.50,1.00
2017.08.11 12:25:53.518,0.8588,0.85887,1.50,1.00
2017.08.11 12:25:53.673,0.85882,0.85886,1.00,1.00
2017.08.11 12:25:53.782,0.85879,0.85886,1.00,1.00
2017.08.11 12:25:53.833,0.8588,0.85889,1.00,1.00
2017.08.11 12:25:54.344,0.85881,0.85889,1.12,1.00
2017.08.11 12:25:54.926,0.85881,0.85887,1.12,1.00
2017.08.11 12:25:55.606,0.85881,0.85888,1.12,1.00
2017.08.11 12:25:56.134,0.85882,0.85888,1.00,1.00
2017.08.11 12:25:56.644,0.85881,0.85889,1.00,1.00
2017.08.11 12:25:57.268,0.85881,0.8589,1.00,1.50
2017.08.11 12:25:57.914,0.85881,0.85889,1.00,1.00
2017.08.11 12:25:58.600,0.85882,0.8589,1.00,1.00
2017.08.11 12:25:58.824,0.8588,0.8589,2.81,1.00
2017.08.11 12:25:59.648,0.85881,0.8589,1.00,1.00
2017.08.11 12:26:00.491,0.85879,0.85888,3.75,1.00
2017.08.11 12:26:00.646,0.85877,0.85888,2.25,1.50
2017.08.11 12:26:00.960,0.85879,0.85888,1.50,1.50
2017.08.11 12:26:01.302,0.85881,0.85888,1.12,1.00
2017.08.11 12:26:01.456,0.85881,0.8589,1.50,1.00
2017.08.11 12:26:01.509,0.85881,0.85888,1.12,1.00
2017.08.11 12:26:01.713,0.85878,0.85887,2.62,1.00
2017.08.11 12:26:02.258,0.85878,0.85886,1.00,1.00
2017.08.11 12:26:03.522,0.85877,0.85886,1.00,1.00
2017.08.11 12:26:04.045,0.85878,0.85886,1.12,1.00
2017.08.11 12:26:04.097,0.85878,0.85888,1.12,1.00
2017.08.11 12:26:04.268,0.85878,0.85886,1.12,1.00
2017.08.11 12:26:04.799,0.85877,0.85885,1.50,1.00
2017.08.11 12:26:06.214,0.85878,0.85886,1.12,1.00
2017.08.11 12:26:06.848,0.85877,0.85886,1.50,1.00
2017.08.11 12:26:07.358,0.85877,0.85885,1.00,1.00
2017.08.11 12:26:08.061,0.85877,0.85884,1.12,1.00
2017.08.11 12:26:09.361,0.85877,0.85885,1.12,1.50
2017.08.11 12:26:09.903,0.85876,0.85886,2.25,2.25
2017.08.11 12:26:10.652,0.85876,0.85885,3.00,1.50
2017.08.11 12:26:11.394,0.85875,0.85885,1.50,1.87
2017.08.11 12:26:11.901,0.85875,0.85885,2.25,1.50
2017.08.11 12:26:12.653,0.85875,0.85886,2.25,1.50
2017.08.11 12:26:13.223,0.85874,0.85885,2.25,1.50
2017.08.11 12:26:13.378,0.85874,0.85884,1.50,1.00
2017.08.11 12:26:13.965,0.85875,0.85885,1.00,1.50
2017.08.11 12:26:16.087,0.85874,0.85885,1.50,1.00
2017.08.11 12:26:16.588,0.85875,0.85885,1.00,1.00
2017.08.11 12:26:17.131,0.85874,0.85885,1.50,1.00
2017.08.11 12:26:17.874,0.85874,0.85884,1.50,1.00
2017.08.11 12:26:18.664,0.85874,0.85882,1.00,1.00
2017.08.11 12:26:19.000,0.85873,0.85884,1.69,1.50
2017.08.11 12:26:19.275,0.85873,0.85882,1.69,1.00
2017.08.11 12:26:19.480,0.85874,0.85884,1.12,1.00
2017.08.11 12:26:20.272,0.85873,0.85884,1.69,1.50
2017.08.11 12:26:20.851,0.85874,0.85883,1.50,1.00
2017.08.11 12:26:21.336,0.85874,0.85885,2.44,2.25
2017.08.11 12:26:21.490,0.85877,0.85885,1.87,1.50
2017.08.11 12:26:21.905,0.85877,0.85888,1.69,2.47
2017.08.11 12:26:22.975,0.85877,0.85888,1.69,1.87
2017.08.11 12:26:25.001,0.85875,0.85881,3.00,1.87
2017.08.11 12:26:25.052,0.85876,0.85885,1.12,3.37
2017.08.11 12:26:25.104,0.85874,0.85882,1.37,1.00
2017.08.11 12:26:25.155,0.85873,0.85882,1.50,1.00
2017.08.11 12:26:25.668,0.85872,0.85882,2.44,1.00
2017.08.11 12:26:26.179,0.85871,0.85881,1.50,1.00
2017.08.11 12:26:26.758,0.85872,0.8588,1.50,1.00
2017.08.11 12:26:26.810,0.8587,0.8588,1.25,1.00
2017.08.11 12:26:29.016,0.85869,0.8588,1.00,1.00
2017.08.11 12:26:29.764,0.85868,0.85879,1.87,1.12
2017.08.11 12:26:30.285,0.85868,0.85879,1.87,1.12
2017.08.11 12:26:33.945,0.85868,0.85879,1.87,1.50
2017.08.11 12:26:37.770,0.85868,0.85878,1.87,1.00
2017.08.11 12:26:45.791,0.85868,0.85877,1.12,1.50
2017.08.11 12:26:46.373,0.85867,0.85877,1.25,1.12
2017.08.11 12:26:47.450,0.85868,0.85877,1.50,1.12
2017.08.11 12:26:48.053,0.85867,0.85878,3.19,1.37
2017.08.11 12:26:48.596,0.85868,0.85878,1.50,1.37
2017.08.11 12:26:50.138,0.85868,0.85878,1.00,1.50
2017.08.11 12:26:51.628,0.85868,0.85877,1.00,1.00
2017.08.11 12:26:52.477,0.85867,0.85877,1.50,1.00
2017.08.11 12:26:54.323,0.85868,0.85878,1.50,1.50
2017.08.11 12:26:54.866,0.85867,0.85876,4.12,1.00
2017.08.11 12:26:55.233,0.85867,0.85878,3.37,1.50
2017.08.11 12:26:55.921,0.85868,0.85879,1.00,1.50
2017.08.11 12:26:56.452,0.85869,0.85878,1.00,1.12
2017.08.11 12:26:57.020,0.85869,0.85879,1.00,1.00
2017.08.11 12:26:57.690,0.8587,0.85881,1.50,3.75
2017.08.11 12:26:58.149,0.85872,0.85879,1.00,1.00
2017.08.11 12:26:58.752,0.85872,0.85881,1.00,1.37
2017.08.11 12:26:59.264,0.85873,0.85881,1.00,1.50
2017.08.11 12:26:59.780,0.85874,0.85882,1.00,2.62
2017.08.11 12:27:00.327,0.85872,0.85883,1.50,1.00
2017.08.11 12:27:00.915,0.85873,0.85884,1.50,1.87
2017.08.11 12:27:01.430,0.85873,0.85883,1.00,1.37
2017.08.11 12:27:02.187,0.85873,0.85883,1.00,1.00
2017.08.11 12:27:02.718,0.85872,0.85883,1.00,1.00
2017.08.11 12:27:03.602,0.85872,0.85882,2.25,1.50
2017.08.11 12:27:04.507,0.85872,0.85881,1.00,1.50
2017.08.11 12:27:05.538,0.85872,0.85882,1.00,1.69
2017.08.11 12:27:06.066,0.85872,0.85881,1.50,2.25
2017.08.11 12:27:06.578,0.85871,0.85881,1.00,1.00
2017.08.11 12:27:07.125,0.85872,0.8588,1.00,1.00
2017.08.11 12:27:07.278,0.85872,0.85882,1.00,2.25
2017.08.11 12:27:07.701,0.8587,0.8588,1.37,1.00
2017.08.11 12:27:09.288,0.8587,0.8588,1.12,1.00
2017.08.11 12:27:09.868,0.85871,0.8588,1.00,1.00
2017.08.11 12:27:11.347,0.85871,0.85882,1.50,2.25
2017.08.11 12:27:11.897,0.85872,0.85881,1.50,1.50
2017.08.11 12:27:12.586,0.85872,0.85882,1.50,2.25
2017.08.11 12:27:13.108,0.85872,0.85881,2.25,1.50
2017.08.11 12:27:13.218,0.85874,0.85881,1.00,1.50
2017.08.11 12:27:13.321,0.85872,0.85882,1.87,1.50
2017.08.11 12:27:13.852,0.85872,0.85881,1.12,1.50
2017.08.11 12:27:13.954,0.85874,0.85884,1.00,3.56
2017.08.11 12:27:14.481,0.85873,0.85883,1.00,1.12
2017.08.11 12:27:15.150,0.85872,0.85883,1.12,1.87
2017.08.11 12:27:15.709,0.85872,0.85883,1.50,1.50
2017.08.11 12:27:16.240,0.85872,0.85883,1.12,1.87
2017.08.11 12:27:17.799,0.85871,0.85882,2.25,1.00
2017.08.11 12:27:18.172,0.85874,0.85883,1.00,2.25
2017.08.11 12:27:21.963,0.85873,0.85884,1.50,2.25
2017.08.11 12:27:24.474,0.85872,0.85881,1.87,1.00
2017.08.11 12:27:24.526,0.85872,0.85883,1.87,2.62
2017.08.11 12:27:30.210,0.85873,0.85884,1.00,1.87
2017.08.11 12:27:30.567,0.85875,0.85883,1.00,1.12
2017.08.11 12:27:31.947,0.85873,0.85884,1.00,1.50
2017.08.11 12:27:33.272,0.85874,0.85884,1.00,1.50
2017.08.11 12:27:33.898,0.85875,0.85884,1.00,1.50
2017.08.11 12:27:34.883,0.85875,0.85881,1.00,1.00
2017.08.11 12:27:35.396,0.85874,0.85882,1.00,1.00
2017.08.11 12:27:35.904,0.85874,0.85883,1.00,1.00
2017.08.11 12:27:38.117,0.85874,0.85882,1.00,1.00
2017.08.11 12:27:39.077,0.85874,0.8588,1.00,1.00
2017.08.11 12:27:39.593,0.85874,0.85881,1.00,1.00
2017.08.11 12:27:40.127,0.85873,0.8588,1.00,1.00
2017.08.11 12:27:40.647,0.85872,0.85881,1.00,1.00
2017.08.11 12:27:41.224,0.85873,0.85881,1.00,1.00
2017.08.11 12:27:42.008,0.8587,0.85881,1.87,1.12
2017.08.11 12:27:42.110,0.85871,0.85879,1.00,1.00
2017.08.11 12:27:42.161,0.85871,0.85881,1.00,1.00
2017.08.11 12:27:42.648,0.85873,0.85882,1.50,1.00
2017.08.11 12:27:44.163,0.85874,0.85883,1.00,1.00
2017.08.11 12:27:45.801,0.85874,0.85884,1.00,1.00
2017.08.11 12:27:46.715,0.85874,0.85885,1.00,1.25
2017.08.11 12:27:47.021,0.85876,0.85887,3.00,2.25
2017.08.11 12:27:47.593,0.85877,0.85888,1.12,1.12
2017.08.11 12:27:48.458,0.85878,0.85888,1.00,1.12
2017.08.11 12:27:49.008,0.85879,0.85888,1.00,1.00
2017.08.11 12:27:49.599,0.85878,0.85888,1.00,1.00
2017.08.11 12:27:50.101,0.85878,0.85889,1.00,1.00
2017.08.11 12:27:51.075,0.85878,0.85888,2.25,1.00
2017.08.11 12:27:51.616,0.85878,0.85886,1.50,1.00
2017.08.11 12:27:52.879,0.85876,0.85886,1.50,1.00
2017.08.11 12:27:53.834,0.85876,0.85885,1.00,1.00
2017.08.11 12:27:54.418,0.85876,0.85884,1.00,1.00
2017.08.11 12:27:54.839,0.85876,0.85886,1.00,1.31
2017.08.11 12:27:55.352,0.85877,0.85886,1.00,1.00
2017.08.11 12:27:55.864,0.85876,0.85886,1.50,1.00
2017.08.11 12:27:56.532,0.85876,0.85887,1.50,1.25
2017.08.11 12:27:56.611,0.85877,0.85885,1.00,1.00
2017.08.11 12:27:57.845,0.85877,0.85886,1.00,1.50
2017.08.11 12:27:58.847,0.85876,0.85886,1.50,1.50
2017.08.11 12:28:00.157,0.85879,0.85887,1.00,1.25
2017.08.11 12:28:00.209,0.85877,0.85886,1.00,1.00
2017.08.11 12:28:00.551,0.85878,0.85889,1.00,1.50
2017.08.11 12:28:01.061,0.85877,0.85888,1.50,1.00
2017.08.11 12:28:01.520,0.85879,0.85887,1.00,1.00
2017.08.11 12:28:01.935,0.85877,0.85888,1.00,1.00
2017.08.11 12:28:02.458,0.85878,0.85889,1.00,2.10
2017.08.11 12:28:02.910,0.8588,0.85888,1.00,1.00
2017.08.11 12:28:03.012,0.8588,0.8589,1.50,1.00
2017.08.11 12:28:03.384,0.85878,0.8589,1.31,1.00
2017.08.11 12:28:03.932,0.85879,0.85888,1.00,1.00
2017.08.11 12:28:04.444,0.85878,0.85888,1.50,1.00
2017.08.11 12:28:04.991,0.85877,0.85888,1.69,1.00
2017.08.11 12:28:05.674,0.85876,0.85888,1.87,1.00
2017.08.11 12:28:06.176,0.85876,0.85887,1.00,1.12
2017.08.11 12:28:06.500,0.85877,0.85885,1.00,1.00
2017.08.11 12:28:07.736,0.85876,0.85886,1.00,1.00
2017.08.11 12:28:08.245,0.85876,0.85887,1.50,1.12
2017.08.11 12:28:08.593,0.85875,0.85885,1.50,1.12
2017.08.11 12:28:08.797,0.85872,0.85883,1.50,1.00
2017.08.11 12:28:09.053,0.85872,0.8588,1.00,1.00
2017.08.11 12:28:09.155,0.8587,0.85879,1.12,1.00
2017.08.11 12:28:09.681,0.85869,0.85879,1.00,1.00
2017.08.11 12:28:10.487,0.8587,0.85879,1.00,1.00
2017.08.11 12:28:12.724,0.85871,0.8588,1.00,1.12
2017.08.11 12:28:13.255,0.8587,0.8588,1.50,1.00
2017.08.11 12:28:13.775,0.85871,0.85881,1.00,2.10
2017.08.11 12:28:14.165,0.85869,0.8588,1.50,1.00
2017.08.11 12:28:14.216,0.85869,0.85878,1.50,1.00
2017.08.11 12:28:14.753,0.85868,0.85877,1.50,1.00
2017.08.11 12:28:15.522,0.85868,0.85876,1.50,1.00
2017.08.11 12:28:17.069,0.85868,0.85877,1.00,1.00
2017.08.11 12:28:19.589,0.85868,0.85878,1.50,1.50
2017.08.11 12:28:20.621,0.85869,0.85878,1.00,1.50
2017.08.11 12:28:21.634,0.85869,0.85877,1.00,1.00
2017.08.11 12:28:22.170,0.85868,0.85878,1.00,1.50
2017.08.11 12:28:22.672,0.85867,0.85878,1.50,1.50
2017.08.11 12:28:23.513,0.85867,0.85879,1.50,1.50
2017.08.11 12:28:23.944,0.85867,0.85876,1.00,1.00
2017.08.11 12:28:24.694,0.85867,0.85875,1.00,1.00
2017.08.11 12:28:25.748,0.85866,0.85877,1.00,1.12
2017.08.11 12:28:26.603,0.85867,0.85877,1.00,1.12
2017.08.11 12:28:27.137,0.85868,0.85877,1.00,1.12
2017.08.11 12:28:27.847,0.85867,0.85877,1.00,1.00
2017.08.11 12:28:28.187,0.85867,0.85877,1.19,1.00
2017.08.11 12:28:28.778,0.85867,0.85878,1.19,1.35
2017.08.11 12:28:30.401,0.85867,0.85877,1.69,1.00
2017.08.11 12:28:32.054,0.85868,0.85876,1.19,1.00
2017.08.11 12:28:32.944,0.85869,0.85877,1.25,1.00
2017.08.11 12:28:36.947,0.85869,0.85879,1.19,1.00
2017.08.11 12:28:39.516,0.8587,0.85878,1.19,1.00
2017.08.11 12:28:41.211,0.8587,0.85878,1.25,1.00
2017.08.11 12:28:41.839,0.85869,0.85878,1.19,1.00
2017.08.11 12:28:42.690,0.85869,0.85879,1.19,1.50
2017.08.11 12:28:43.948,0.8587,0.8588,1.19,1.12
2017.08.11 12:28:47.085,0.8587,0.85878,1.19,1.00
2017.08.11 12:28:47.281,0.8587,0.8588,1.19,1.12
2017.08.11 12:28:48.249,0.8587,0.85881,1.19,1.00
2017.08.11 12:28:48.668,0.85873,0.85881,1.19,1.00
2017.08.11 12:28:48.719,0.85873,0.85883,1.19,1.72
2017.08.11 12:28:49.695,0.85875,0.85883,1.00,1.12
2017.08.11 12:28:51.066,0.85874,0.85883,1.25,1.00
2017.08.11 12:28:52.813,0.85874,0.85883,1.00,1.87
2017.08.11 12:28:52.865,0.8587,0.8588,3.19,1.50
2017.08.11 12:28:53.070,0.85866,0.85876,1.25,1.87
2017.08.11 12:28:53.121,0.85865,0.85874,1.25,1.00
2017.08.11 12:28:53.849,0.85864,0.85873,1.00,1.00
2017.08.11 12:28:54.353,0.85865,0.85873,1.00,1.00
2017.08.11 12:28:54.774,0.85865,0.85875,1.00,1.87
2017.08.11 12:28:54.876,0.85869,0.85878,1.00,3.00
2017.08.11 12:28:55.182,0.85876,0.85886,1.00,1.50
2017.08.11 12:28:55.234,0.85874,0.85884,2.44,1.50
2017.08.11 12:28:55.592,0.85874,0.85882,1.37,1.00
2017.08.11 12:28:55.746,0.85871,0.85879,1.12,1.00
2017.08.11 12:28:55.798,0.85869,0.85877,1.62,1.00
2017.08.11 12:28:56.139,0.8587,0.8588,1.62,1.50
2017.08.11 12:28:57.042,0.85871,0.85879,1.12,1.00
2017.08.11 12:28:57.552,0.85871,0.8588,1.12,1.00
2017.08.11 12:28:58.009,0.85873,0.85885,1.25,3.75
2017.08.11 12:28:58.333,0.85877,0.85886,1.00,1.00
2017.08.11 12:28:59.140,0.85877,0.85884,1.00,1.00
2017.08.11 12:29:00.504,0.85877,0.85885,1.00,1.00
2017.08.11 12:29:01.162,0.85875,0.85885,1.69,1.00
2017.08.11 12:29:01.667,0.85875,0.85885,1.25,1.50
2017.08.11 12:29:02.438,0.85876,0.85884,1.00,1.00
2017.08.11 12:29:02.939,0.85874,0.85885,1.31,1.50
2017.08.11 12:29:03.487,0.85874,0.85885,1.12,1.50
2017.08.11 12:29:03.889,0.85876,0.85884,1.00,1.00
2017.08.11 12:29:04.401,0.85875,0.85884,1.00,1.00
2017.08.11 12:29:05.049,0.85874,0.85884,1.00,1.50
2017.08.11 12:29:05.594,0.85875,0.85884,1.00,1.50
2017.08.11 12:29:09.526,0.85875,0.85883,1.00,1.00
2017.08.11 12:29:12.470,0.85873,0.85883,1.00,1.50
2017.08.11 12:29:14.465,0.85873,0.85884,1.00,1.00
2017.08.11 12:29:14.727,0.85875,0.85884,1.00,1.00
2017.08.11 12:29:14.931,0.85875,0.85886,1.00,1.00
2017.08.11 12:29:15.444,0.85873,0.85886,1.50,1.50
2017.08.11 12:29:15.984,0.85874,0.85886,1.50,1.00
2017.08.11 12:29:16.699,0.85875,0.85885,1.00,1.00
2017.08.11 12:29:16.955,0.85875,0.85887,1.00,2.25
2017.08.11 12:29:17.059,0.85877,0.85887,1.00,1.12
2017.08.11 12:29:17.620,0.85877,0.85888,1.12,1.12
2017.08.11 12:29:21.310,0.85873,0.85888,3.75,1.12
2017.08.11 12:29:21.700,0.85874,0.85887,1.00,1.37
2017.08.11 12:29:22.057,0.85872,0.85885,2.25,1.00
2017.08.11 12:29:22.585,0.85873,0.85885,1.00,1.00
2017.08.11 12:29:23.047,0.85872,0.85883,1.50,1.00
2017.08.11 12:29:24.651,0.85872,0.85884,1.00,1.50
2017.08.11 12:29:25.060,0.8587,0.85883,1.00,2.25
2017.08.11 12:29:25.604,0.85868,0.85879,1.00,1.00
2017.08.11 12:29:26.136,0.8587,0.85879,1.00,1.12
2017.08.11 12:29:26.470,0.85867,0.8588,1.50,1.50
2017.08.11 12:29:26.992,0.85868,0.8588,1.00,1.50
2017.08.11 12:29:28.337,0.85869,0.85878,1.00,1.00
2017.08.11 12:29:28.881,0.85868,0.85879,1.50,1.12
2017.08.11 12:29:28.983,0.85868,0.85876,1.00,1.00
2017.08.11 12:29:29.035,0.85866,0.85876,1.00,1.37
2017.08.11 12:29:29.602,0.85865,0.85876,1.00,1.37
2017.08.11 12:29:30.131,0.85866,0.85877,1.12,1.12
2017.08.11 12:29:30.686,0.85867,0.85877,1.00,1.12
2017.08.11 12:29:31.340,0.85863,0.85875,2.25,1.00
2017.08.11 12:29:31.546,0.85865,0.85877,1.12,1.50
2017.08.11 12:29:32.075,0.85866,0.85876,1.50,1.00
2017.08.11 12:29:32.229,0.8587,0.85881,1.00,4.12
2017.08.11 12:29:32.455,0.8587,0.85883,2.25,1.50
2017.08.11 12:29:32.558,0.85871,0.85881,1.00,1.00
2017.08.11 12:29:32.866,0.85865,0.85876,1.75,1.00
2017.08.11 12:29:33.375,0.85866,0.85877,1.12,1.12
2017.08.11 12:29:33.976,0.85866,0.85878,2.25,1.00
2017.08.11 12:29:34.282,0.85871,0.85881,1.00,1.00
2017.08.11 12:29:34.581,0.85869,0.85881,1.87,1.00
2017.08.11 12:29:35.108,0.85871,0.85883,1.50,1.50
2017.08.11 12:29:35.645,0.85872,0.85881,1.37,1.00
2017.08.11 12:29:35.696,0.85872,0.85884,1.37,1.12
2017.08.11 12:29:36.104,0.85874,0.85882,1.00,1.00
2017.08.11 12:29:36.653,0.85875,0.85882,1.00,1.00
2017.08.11 12:29:36.784,0.85875,0.85884,1.00,1.12
2017.08.11 12:29:37.143,0.85872,0.85885,1.12,1.12
2017.08.11 12:29:37.195,0.85875,0.85884,1.00,1.00
2017.08.11 12:29:37.876,0.85873,0.85885,3.00,1.00
2017.08.11 12:29:38.385,0.85873,0.85884,1.75,1.00
2017.08.11 12:29:38.949,0.85872,0.85882,3.37,1.00
2017.08.11 12:29:39.051,0.85872,0.85884,4.12,1.00
2017.08.11 12:29:39.359,0.85871,0.85884,1.00,1.00
2017.08.11 12:29:39.968,0.85872,0.85884,1.00,1.00
2017.08.11 12:29:40.277,0.8587,0.85884,1.00,1.00
2017.08.11 12:29:40.898,0.85873,0.85888,1.50,1.87
2017.08.11 12:29:40.950,0.85875,0.85891,1.00,1.00
2017.08.11 12:29:41.001,0.85879,0.85891,1.00,1.00
2017.08.11 12:29:41.052,0.85879,0.85894,1.50,1.00
2017.08.11 12:29:41.155,0.85882,0.85895,1.00,1.50
2017.08.11 12:29:41.462,0.8588,0.85895,1.00,1.12
2017.08.11 12:29:42.014,0.85881,0.85896,1.00,1.00
2017.08.11 12:29:42.330,0.85885,0.85897,1.00,1.87
2017.08.11 12:29:42.382,0.85884,0.85897,1.50,1.00
2017.08.11 12:29:42.798,0.85882,0.85897,1.00,2.06
2017.08.11 12:29:42.951,0.85882,0.85897,1.00,1.12
2017.08.11 12:29:43.003,0.85886,0.85898,1.00,1.50
2017.08.11 12:29:43.313,0.85886,0.85895,1.00,1.00
2017.08.11 12:29:43.569,0.85884,0.85895,1.00,1.00
2017.08.11 12:29:43.895,0.85889,0.85897,1.00,1.12
2017.08.11 12:29:43.998,0.85884,0.85896,1.00,1.00
2017.08.11 12:29:44.100,0.85884,0.85894,1.00,1.00
2017.08.11 12:29:44.203,0.85884,0.85897,1.00,1.12
2017.08.11 12:29:44.254,0.85887,0.85897,1.00,1.12
2017.08.11 12:29:44.556,0.85884,0.85899,1.00,1.87
2017.08.11 12:29:44.658,0.85887,0.85898,1.00,1.50
2017.08.11 12:29:44.882,0.85884,0.85898,1.00,1.50
2017.08.11 12:29:45.450,0.85885,0.85898,1.00,1.37
2017.08.11 12:29:45.553,0.85885,0.85901,1.00,1.00
2017.08.11 12:29:45.697,0.85885,0.85903,1.00,1.00
2017.08.11 12:29:45.748,0.85884,0.859,1.00,1.25
2017.08.11 12:29:46.209,0.85888,0.85903,1.00,1.25
2017.08.11 12:29:46.413,0.85885,0.85903,1.00,1.19
2017.08.11 12:29:46.566,0.85888,0.85903,1.00,1.19
2017.08.11 12:29:46.617,0.85888,0.85903,1.00,1.19
2017.08.11 12:29:46.754,0.85885,0.85903,1.00,1.19
2017.08.11 12:29:46.858,0.85888,0.85907,1.00,1.69
2017.08.11 12:29:46.910,0.85891,0.85907,1.00,1.19
2017.08.11 12:29:46.962,0.85891,0.8591,1.50,1.69
2017.08.11 12:29:47.065,0.85894,0.8591,1.00,1.25
2017.08.11 12:29:47.270,0.85894,0.85913,1.00,1.00
2017.08.11 12:29:47.322,0.85894,0.85913,1.00,1.19
2017.08.11 12:29:47.859,0.85894,0.85913,1.00,1.19
2017.08.11 12:29:48.167,0.85897,0.85912,1.00,1.19
2017.08.11 12:29:48.810,0.85897,0.85913,1.00,1.69
2017.08.11 12:29:49.290,0.85894,0.85912,1.00,1.19
2017.08.11 12:29:49.443,0.85894,0.85913,1.50,1.69
2017.08.11 12:29:49.647,0.85894,0.85913,1.50,1.69
2017.08.11 12:29:49.951,0.85897,0.85913,1.00,1.19
2017.08.11 12:29:50.258,0.85896,0.85914,1.00,1.00
2017.08.11 12:29:50.411,0.85898,0.85916,1.00,1.00
2017.08.11 12:29:50.760,0.85896,0.85913,1.00,1.00
2017.08.11 12:29:51.069,0.85888,0.8591,1.00,1.00
2017.08.11 12:29:51.121,0.85885,0.85905,1.00,1.00
2017.08.11 12:29:51.275,0.85886,0.85909,1.00,1.00
2017.08.11 12:29:51.377,0.8589,0.85912,1.00,1.00
2017.08.11 12:29:51.653,0.85883,0.85912,1.50,1.00
2017.08.11 12:29:51.704,0.85887,0.85912,1.00,1.00
2017.08.11 12:29:52.012,0.85891,0.85912,1.00,1.00
2017.08.11 12:29:52.064,0.85889,0.85912,1.00,1.00
2017.08.11 12:29:52.166,0.85886,0.85912,1.50,1.00
2017.08.11 12:29:52.587,0.85892,0.85912,1.00,1.00
2017.08.11 12:29:52.638,0.85892,0.85914,1.00,1.00
2017.08.11 12:29:52.690,0.85888,0.85915,1.00,1.00
2017.08.11 12:29:52.833,0.85883,0.85911,1.00,1.00
2017.08.11 12:29:52.886,0.85883,0.85908,1.00,1.00
2017.08.11 12:29:52.938,0.85875,0.85903,2.25,1.00
2017.08.11 12:29:53.067,0.85879,0.85905,1.00,1.00
2017.08.11 12:29:53.222,0.85875,0.85903,1.00,1.00
2017.08.11 12:29:53.274,0.85874,0.859,1.00,1.00
2017.08.11 12:29:53.326,0.85875,0.85903,1.00,1.00
2017.08.11 12:29:53.378,0.85873,0.85901,1.00,1.00
2017.08.11 12:29:53.726,0.85878,0.85907,1.00,1.19
2017.08.11 12:29:53.828,0.85878,0.85907,1.00,1.00
2017.08.11 12:29:54.287,0.85881,0.85898,1.00,1.00
2017.08.11 12:29:54.338,0.85873,0.85898,1.00,1.00
2017.08.11 12:29:54.535,0.85871,0.8589,1.00,1.00
2017.08.11 12:29:54.587,0.85871,0.85894,1.00,1.25
2017.08.11 12:29:54.740,0.85871,0.85897,1.00,1.00
2017.08.11 12:29:54.997,0.85878,0.859,1.00,1.00
2017.08.11 12:29:55.342,0.85897,0.85908,1.00,1.00
2017.08.11 12:29:55.677,0.85895,0.85906,1.00,1.00
2017.08.11 12:29:55.893,0.85892,0.85906,1.00,1.00
2017.08.11 12:29:56.199,0.8589,0.85906,1.00,1.00
2017.08.11 12:29:56.568,0.85899,0.85909,0.75,1.00
2017.08.11 12:29:56.672,0.85893,0.85909,1.00,1.00
2017.08.11 12:29:56.774,0.85898,0.85909,1.00,1.00
2017.08.11 12:29:57.080,0.85896,0.85909,1.00,1.00
2017.08.11 12:29:57.184,0.85896,0.85911,1.00,1.00
2017.08.11 12:29:57.237,0.859,0.85918,1.00,1.19
2017.08.11 12:29:57.288,0.859,0.85918,1.00,1.00
2017.08.11 12:29:57.476,0.859,0.8592,1.00,1.00
2017.08.11 12:29:57.528,0.85898,0.8592,1.00,1.00
2017.08.11 12:29:57.579,0.85898,0.85918,1.00,1.00
2017.08.11 12:29:57.784,0.859,0.85921,1.00,1.00
2017.08.11 12:29:57.835,0.859,0.85924,1.00,1.19
2017.08.11 12:29:57.989,0.859,0.85925,1.00,1.00
2017.08.11 12:29:58.040,0.859,0.85928,1.00,1.00
2017.08.11 12:29:58.193,0.85899,0.85928,1.00,1.37
2017.08.11 12:29:58.389,0.85899,0.85931,1.00,1.25
2017.08.11 12:29:58.441,0.85898,0.85933,1.00,1.00
2017.08.11 12:29:58.941,0.85898,0.8593,1.00,1.00
2017.08.11 12:29:59.096,0.85893,0.85932,1.00,1.00
2017.08.11 12:29:59.147,0.85889,0.8593,1.00,1.00
2017.08.11 12:29:59.198,0.85887,0.85927,1.00,1.00
2017.08.11 12:29:59.579,0.85884,0.85925,1.00,1.00
2017.08.11 12:29:59.630,0.85888,0.85923,1.00,1.00
2017.08.11 12:29:59.732,0.85892,0.85932,1.00,1.12
2017.08.11 12:29:59.834,0.85894,0.85933,1.00,1.37
2017.08.11 12:29:59.987,0.85896,0.85937,1.00,1.00
2017.08.11 12:30:00.038,0.859,0.85941,1.00,0.75
2017.08.11 12:30:00.349,0.85904,0.85941,1.00,1.37
2017.08.11 12:30:00.400,0.85907,0.85947,1.00,1.00
2017.08.11 12:30:00.553,0.859,0.8594,1.00,1.00
2017.08.11 12:30:00.807,0.85907,0.85965,1.00,1.37
2017.08.11 12:30:00.859,0.85898,0.85957,1.50,1.00
2017.08.11 12:30:00.961,0.85906,0.85958,1.00,1.00
2017.08.11 12:30:01.063,0.85903,0.85961,1.50,2.25
2017.08.11 12:30:01.235,0.85914,0.85953,1.00,1.00
2017.08.11 12:30:01.286,0.8591,0.85951,1.00,1.00
2017.08.11 12:30:01.339,0.85891,0.85951,0.75,1.00
2017.08.11 12:30:01.396,0.858,0.8581,1.00,1.00
2017.08.11 12:30:01.447,0.85782,0.85841,1.00,1.00
2017.08.11 12:30:01.499,0.85772,0.85828,1.00,1.00
2017.08.11 12:30:01.816,0.85798,0.85831,1.00,1.00
2017.08.11 12:30:02.132,0.85814,0.85835,1.00,1.50
2017.08.11 12:30:02.466,0.85823,0.85833,1.42,1.50
2017.08.11 12:30:02.543,0.85815,0.85844,1.00,1.50
2017.08.11 12:30:02.701,0.85814,0.85833,1.50,1.00
2017.08.11 12:30:02.753,0.85815,0.85837,1.00,1.50
2017.08.11 12:30:02.807,0.85821,0.85837,1.00,1.50
2017.08.11 12:30:02.909,0.85824,0.85841,1.00,1.00
2017.08.11 12:30:03.089,0.85826,0.85841,1.00,1.00
2017.08.11 12:30:03.294,0.85861,0.8588,1.00,1.50
2017.08.11 12:30:03.345,0.85851,0.85875,1.00,1.00
2017.08.11 12:30:03.461,0.85841,0.85855,1.00,0.94
2017.08.11 12:30:03.592,0.85854,0.85871,1.00,1.50
2017.08.11 12:30:03.643,0.85854,0.85873,1.00,1.00
2017.08.11 12:30:03.694,0.85857,0.85876,1.00,1.00
2017.08.11 12:30:03.746,0.85857,0.85878,1.00,1.00
2017.08.11 12:30:03.887,0.8585,0.85869,1.00,1.00
2017.08.11 12:30:03.939,0.85845,0.85866,1.00,1.00
2017.08.11 12:30:04.042,0.8585,0.8587,1.00,1.00
2017.08.11 12:30:04.391,0.85847,0.8586,1.50,0.75
2017.08.11 12:30:04.443,0.85845,0.8586,1.00,0.75
2017.08.11 12:30:04.553,0.85845,0.85858,1.00,0.75
2017.08.11 12:30:04.708,0.85846,0.85866,1.00,1.00
2017.08.11 12:30:04.932,0.85851,0.85865,1.87,1.00
2017.08.11 12:30:05.035,0.85855,0.85875,1.00,1.00
2017.08.11 12:30:05.277,0.85862,0.85879,1.37,1.00
2017.08.11 12:30:05.517,0.859,0.85918,1.12,0.75
2017.08.11 12:30:05.569,0.85903,0.85923,1.00,0.75
2017.08.11 12:30:05.735,0.85903,0.85923,1.75,1.00
2017.08.11 12:30:05.787,0.85922,0.85943,1.00,1.00
2017.08.11 12:30:05.840,0.85922,0.85935,1.37,1.00
2017.08.11 12:30:05.896,0.85901,0.85921,1.50,0.75
2017.08.11 12:30:05.948,0.85909,0.85921,1.00,0.75
2017.08.11 12:30:06.103,0.85914,0.85935,1.00,1.00
2017.08.11 12:30:06.206,0.8591,0.85928,1.12,0.75
2017.08.11 12:30:06.400,0.85918,0.85954,1.00,1.00
2017.08.11 12:30:06.452,0.85914,0.85936,1.50,1.00
2017.08.11 12:30:06.760,0.85908,0.85912,1.00,1.00
2017.08.11 12:30:06.864,0.85891,0.85915,1.50,1.00
2017.08.11 12:30:06.970,0.85891,0.85907,1.00,1.00
2017.08.11 12:30:07.022,0.85888,0.85907,1.00,1.00
2017.08.11 12:30:07.171,0.85881,0.85898,1.50,0.75
2017.08.11 12:30:07.224,0.85885,0.85907,1.37,1.00
2017.08.11 12:30:07.326,0.85894,0.85912,1.00,1.00
2017.08.11 12:30:07.379,0.85892,0.85912,1.00,1.00
2017.08.11 12:30:07.431,0.85892,0.85908,1.00,1.00
2017.08.11 12:30:07.646,0.85887,0.8591,1.00,1.00
2017.08.11 12:30:07.698,0.85893,0.8591,1.12,1.00
2017.08.11 12:30:07.928,0.85884,0.85904,1.00,1.50
2017.08.11 12:30:08.014,0.85887,0.85894,1.00,1.00
2017.08.11 12:30:08.117,0.8589,0.85898,1.00,1.00
2017.08.11 12:30:08.248,0.85888,0.85898,1.00,1.00
2017.08.11 12:30:08.318,0.85902,0.85906,1.00,1.00
2017.08.11 12:30:08.370,0.85899,0.85906,1.00,1.00
2017.08.11 12:30:08.421,0.85897,0.85912,1.12,1.00
2017.08.11 12:30:08.472,0.85894,0.85912,1.50,1.00
2017.08.11 12:30:08.524,0.85895,0.85916,1.00,1.00
2017.08.11 12:30:08.625,0.85895,0.8591,1.00,1.00
2017.08.11 12:30:08.959,0.85892,0.85906,1.00,1.00
2017.08.11 12:30:09.062,0.85889,0.85906,1.50,1.00
2017.08.11 12:30:09.165,0.85887,0.85906,2.25,1.00
2017.08.11 12:30:09.216,0.85893,0.85899,1.00,1.00
2017.08.11 12:30:09.267,0.85891,0.85904,1.00,1.00
2017.08.11 12:30:09.319,0.8589,0.85913,1.00,1.12
2017.08.11 12:30:09.543,0.8589,0.85906,1.00,1.00
2017.08.11 12:30:09.594,0.85885,0.85906,1.00,1.00
2017.08.11 12:30:09.646,0.85882,0.85906,1.00,1.00
2017.08.11 12:30:09.697,0.85884,0.85906,1.00,1.00
2017.08.11 12:30:09.749,0.85884,0.85908,1.00,1.00
2017.08.11 12:30:09.800,0.85882,0.85908,1.00,1.00
2017.08.11 12:30:09.852,0.85882,0.859,1.00,1.00
2017.08.11 12:30:09.996,0.85882,0.85909,1.00,1.00
2017.08.11 12:30:10.065,0.85882,0.85899,1.00,1.00
2017.08.11 12:30:10.271,0.85875,0.85894,1.00,1.00
2017.08.11 12:30:10.439,0.85873,0.85896,1.00,1.00
2017.08.11 12:30:10.645,0.85874,0.85898,1.12,1.00
2017.08.11 12:30:10.850,0.85875,0.85892,1.00,1.00
2017.08.11 12:30:11.195,0.85869,0.85894,1.50,1.00
2017.08.11 12:30:11.300,0.85874,0.85894,1.00,1.00
2017.08.11 12:30:11.608,0.85876,0.85883,1.00,1.00
2017.08.11 12:30:11.804,0.85875,0.85886,1.75,1.00
2017.08.11 12:30:11.872,0.85876,0.85889,1.00,1.75
2017.08.11 12:30:11.924,0.85878,0.8589,1.00,3.00
2017.08.11 12:30:11.976,0.8588,0.8589,1.00,1.00
2017.08.11 12:30:12.028,0.85883,0.8589,1.37,1.00
2017.08.11 12:30:12.132,0.85891,0.85903,1.00,1.00
2017.08.11 12:30:12.185,0.85891,0.85898,1.00,1.00
2017.08.11 12:30:12.396,0.85895,0.85905,1.00,1.00
2017.08.11 12:30:12.509,0.859,0.85908,1.00,2.62
2017.08.11 12:30:12.560,0.85905,0.85912,1.00,1.50
2017.08.11 12:30:12.769,0.85899,0.85912,1.50,2.62
2017.08.11 12:30:12.823,0.85886,0.85892,1.50,1.00
2017.08.11 12:30:12.986,0.85877,0.85886,1.12,1.00
2017.08.11 12:30:13.038,0.85869,0.85877,1.00,1.25
2017.08.11 12:30:13.089,0.85867,0.85877,1.50,1.25
2017.08.11 12:30:13.219,0.85862,0.85877,2.62,1.69
2017.08.11 12:30:13.550,0.85839,0.85858,2.62,1.31
2017.08.11 12:30:13.616,0.85839,0.8586,2.62,1.19
2017.08.11 12:30:13.668,0.85836,0.85862,2.06,1.19
2017.08.11 12:30:13.720,0.85834,0.8585,1.75,1.00
2017.08.11 12:30:13.949,0.85837,0.85859,1.69,1.00
2017.08.11 12:30:14.000,0.8584,0.85859,1.00,1.25
2017.08.11 12:30:14.052,0.8584,0.8586,1.19,1.25
2017.08.11 12:30:14.360,0.85843,0.85855,1.19,1.00
2017.08.11 12:30:14.683,0.85842,0.85852,1.19,1.00
2017.08.11 12:30:14.888,0.85839,0.8585,2.17,1.00
2017.08.11 12:30:14.940,0.85843,0.85854,1.19,1.00
2017.08.11 12:30:15.208,0.85844,0.85852,1.00,1.00
2017.08.11 12:30:15.269,0.85845,0.85858,1.31,1.00
2017.08.11 12:30:15.374,0.85844,0.85856,1.19,1.00
2017.08.11 12:30:15.427,0.85841,0.85856,1.69,1.00
2017.08.11 12:30:15.479,0.85842,0.85856,1.87,1.00
2017.08.11 12:30:15.685,0.8584,0.85859,1.00,1.69
2017.08.11 12:30:15.801,0.8584,0.85848,1.00,1.00
2017.08.11 12:30:16.161,0.85842,0.85848,1.00,1.00
2017.08.11 12:30:16.366,0.85845,0.85856,1.00,1.00
2017.08.11 12:30:16.575,0.85847,0.85856,1.50,1.00
2017.08.11 12:30:16.889,0.85846,0.85853,1.00,1.00
2017.08.11 12:30:16.992,0.85845,0.85858,1.19,1.00
2017.08.11 12:30:17.241,0.85847,0.85858,1.31,1.00
2017.08.11 12:30:17.349,0.85847,0.85862,3.56,1.00
2017.08.11 12:30:17.470,0.85848,0.85862,3.56,1.00
2017.08.11 12:30:17.849,0.85848,0.85859,1.75,1.00
2017.08.11 12:30:17.964,0.85841,0.85853,2.62,1.00
2017.08.11 12:30:18.129,0.85842,0.8585,1.19,1.12
2017.08.11 12:30:18.472,0.85822,0.85836,4.31,1.00
2017.08.11 12:30:18.524,0.85821,0.85836,1.56,1.50
2017.08.11 12:30:18.679,0.85823,0.85837,1.69,1.12
2017.08.11 12:30:18.883,0.85825,0.85839,2.44,1.00
2017.08.11 12:30:18.935,0.8583,0.85839,1.00,1.00
2017.08.11 12:30:19.266,0.85838,0.85848,1.75,1.00
2017.08.11 12:30:19.573,0.85838,0.85847,1.00,1.00
2017.08.11 12:30:19.626,0.85838,0.8585,1.19,1.00
2017.08.11 12:30:19.677,0.85841,0.85856,1.69,2.62
2017.08.11 12:30:19.889,0.85841,0.85858,2.00,1.31
2017.08.11 12:30:19.941,0.85842,0.85859,2.44,1.69
2017.08.11 12:30:20.145,0.85847,0.85861,1.19,1.00
2017.08.11 12:30:20.248,0.85843,0.85856,2.81,1.50
2017.08.11 12:30:20.300,0.85844,0.85854,1.00,1.00
2017.08.11 12:30:20.402,0.85845,0.85855,1.19,2.62
2017.08.11 12:30:20.505,0.85848,0.85861,1.31,2.06
2017.08.11 12:30:20.684,0.85847,0.85858,1.19,1.00
2017.08.11 12:30:20.889,0.85844,0.85858,1.25,1.87
2017.08.11 12:30:20.992,0.85844,0.85852,1.19,1.00
2017.08.11 12:30:21.146,0.85841,0.85852,1.19,1.87
2017.08.11 12:30:21.309,0.85842,0.85852,1.56,1.37
2017.08.11 12:30:21.412,0.85843,0.85858,3.56,1.00
2017.08.11 12:30:21.514,0.85843,0.85852,1.94,1.00
2017.08.11 12:30:21.619,0.85841,0.85852,2.25,1.00
2017.08.11 12:30:21.672,0.85843,0.8585,1.12,1.00
2017.08.11 12:30:21.776,0.85839,0.85849,1.00,1.25
2017.08.11 12:30:22.011,0.85836,0.85847,1.19,1.12
2017.08.11 12:30:22.330,0.85824,0.85832,2.81,1.00
2017.08.11 12:30:22.432,0.85827,0.85835,1.00,1.12
2017.08.11 12:30:22.585,0.85825,0.85831,1.00,1.00
2017.08.11 12:30:22.689,0.85816,0.8583,2.81,1.87
2017.08.11 12:30:22.741,0.85819,0.85827,1.50,1.37
2017.08.11 12:30:23.050,0.85815,0.85824,1.31,1.00
2017.08.11 12:30:23.526,0.85818,0.85824,1.19,1.00
2017.08.11 12:30:23.679,0.85815,0.85824,1.94,1.00
2017.08.11 12:30:23.781,0.85813,0.85827,4.31,1.87
2017.08.11 12:30:23.950,0.85816,0.85827,1.56,1.00
2017.08.11 12:30:24.002,0.85817,0.85829,1.31,2.62
2017.08.11 12:30:24.106,0.85819,0.85828,1.31,1.00
2017.08.11 12:30:24.157,0.85817,0.85827,1.69,1.00
2017.08.11 12:30:24.277,0.85817,0.85829,2.44,1.50
2017.08.11 12:30:24.330,0.85817,0.85827,4.31,1.00
2017.08.11 12:30:24.559,0.85815,0.85828,1.69,1.87
2017.08.11 12:30:24.611,0.85815,0.85824,1.94,1.00
2017.08.11 12:30:24.919,0.85818,0.85826,1.19,1.00
2017.08.11 12:30:24.971,0.85818,0.85824,1.00,1.00
2017.08.11 12:30:25.024,0.85816,0.8582,1.00,1.00
2017.08.11 12:30:25.255,0.85809,0.85821,1.25,1.00
2017.08.11 12:30:25.478,0.8581,0.85821,1.19,1.37
2017.08.11 12:30:25.581,0.85807,0.85821,1.69,1.12
2017.08.11 12:30:25.634,0.85806,0.85819,1.69,1.00
2017.08.11 12:30:25.687,0.85806,0.85821,1.69,2.25
2017.08.11 12:30:25.741,0.85807,0.85818,2.81,1.00
2017.08.11 12:30:25.964,0.85809,0.8582,1.69,1.00
2017.08.11 12:30:26.066,0.85808,0.85817,1.31,1.00
2017.08.11 12:30:26.480,0.85811,0.85819,2.44,1.00
2017.08.11 12:30:26.792,0.85816,0.85822,1.19,1.00
2017.08.11 12:30:27.049,0.8582,0.85824,1.00,1.00
2017.08.11 12:30:27.153,0.85823,0.85831,1.00,1.50
2017.08.11 12:30:27.256,0.8582,0.85833,3.00,1.12
2017.08.11 12:30:27.403,0.85819,0.85825,1.56,1.00
2017.08.11 12:30:27.618,0.85819,0.85827,1.56,1.00
2017.08.11 12:30:27.671,0.8582,0.85828,1.19,1.00
2017.08.11 12:30:27.724,0.8582,0.85828,1.12,1.00
2017.08.11 12:30:27.778,0.85817,0.85827,2.25,2.62
2017.08.11 12:30:27.830,0.85811,0.85823,1.50,1.12
2017.08.11 12:30:27.884,0.85817,0.85826,1.00,3.00
2017.08.11 12:30:28.034,0.85814,0.85827,1.19,1.75
2017.08.11 12:30:28.085,0.85815,0.85828,2.06,3.00
2017.08.11 12:30:28.137,0.85817,0.85827,1.50,1.00
2017.08.11 12:30:28.342,0.85817,0.85828,2.81,1.00
2017.08.11 12:30:28.394,0.85814,0.85828,2.06,1.12
2017.08.11 12:30:28.650,0.85814,0.85828,2.81,1.37
2017.08.11 12:30:28.701,0.85814,0.85824,1.00,1.12
2017.08.11 12:30:28.752,0.85814,0.85823,1.00,1.50
2017.08.11 12:30:28.805,0.85807,0.85822,1.31,1.37
2017.08.11 12:30:28.861,0.85807,0.85822,1.62,1.37
2017.08.11 12:30:28.913,0.85805,0.85823,1.56,1.00
2017.08.11 12:30:29.017,0.85804,0.85824,2.81,1.87
2017.08.11 12:30:29.333,0.85804,0.85819,1.31,1.37
2017.08.11 12:30:29.645,0.85812,0.85819,1.37,1.00
2017.08.11 12:30:29.905,0.85815,0.85825,1.62,1.37
2017.08.11 12:30:30.035,0.85815,0.85828,1.62,1.00
2017.08.11 12:30:30.087,0.85813,0.85827,1.19,1.37
2017.08.11 12:30:30.291,0.85804,0.85822,1.31,2.06
2017.08.11 12:30:30.343,0.85805,0.85817,1.19,1.00
2017.08.11 12:30:30.446,0.85801,0.85816,1.19,1.87
2017.08.11 12:30:30.500,0.858,0.8581,1.31,1.00
2017.08.11 12:30:30.712,0.85795,0.85809,1.87,1.37
2017.08.11 12:30:30.764,0.85797,0.85809,1.87,1.12
2017.08.11 12:30:30.920,0.85797,0.85811,1.31,1.12
2017.08.11 12:30:30.973,0.85792,0.8581,1.50,2.44
2017.08.11 12:30:31.026,0.85794,0.8581,1.00,1.31
2017.08.11 12:30:31.334,0.85802,0.85817,1.00,1.37
2017.08.11 12:30:31.643,0.85825,0.85835,2.44,2.62
2017.08.11 12:30:31.695,0.85827,0.85837,1.69,1.00
2017.08.11 12:30:31.798,0.85836,0.85843,1.37,1.50
2017.08.11 12:30:31.851,0.85837,0.85843,1.00,1.12
2017.08.11 12:30:32.045,0.85838,0.85849,1.12,1.00
2017.08.11 12:30:32.110,0.85834,0.85847,1.56,1.50
2017.08.11 12:30:32.263,0.85831,0.85837,1.00,1.50
2017.08.11 12:30:32.315,0.85828,0.85839,1.00,1.00
2017.08.11 12:30:32.366,0.85827,0.85838,1.00,1.37
2017.08.11 12:30:32.418,0.8582,0.85836,1.00,1.00
2017.08.11 12:30:32.470,0.8582,0.85833,1.00,1.50
2017.08.11 12:30:32.956,0.85821,0.85832,2.06,1.00
2017.08.11 12:30:33.162,0.85822,0.85838,1.25,3.00
2017.08.11 12:30:33.214,0.85821,0.85834,2.06,1.00
2017.08.11 12:30:33.318,0.85824,0.85836,1.00,1.00
2017.08.11 12:30:33.371,0.85828,0.85836,1.50,1.00
2017.08.11 12:30:33.422,0.85828,0.8584,1.50,1.25
2017.08.11 12:30:33.619,0.85829,0.85842,1.69,1.00
2017.08.11 12:30:33.670,0.85829,0.85842,1.50,1.00
2017.08.11 12:30:33.874,0.85829,0.8584,1.50,1.00
2017.08.11 12:30:34.028,0.85836,0.85852,4.50,2.62
2017.08.11 12:30:34.080,0.8584,0.85852,1.50,1.87
2017.08.11 12:30:34.131,0.8584,0.85852,1.50,1.00
2017.08.11 12:30:34.279,0.8584,0.85849,1.50,1.00
2017.08.11 12:30:34.608,0.85852,0.8586,1.87,1.37
2017.08.11 12:30:34.660,0.85855,0.85869,1.19,3.19
2017.08.11 12:30:34.712,0.85862,0.85875,1.50,2.44
2017.08.11 12:30:34.765,0.8586,0.85873,1.00,1.00
2017.08.11 12:30:34.816,0.85862,0.85873,1.50,1.00
2017.08.11 12:30:35.162,0.85864,0.85878,1.50,1.19
2017.08.11 12:30:35.214,0.85866,0.85879,1.87,1.25
2017.08.11 12:30:35.265,0.85868,0.85877,1.50,1.00
2017.08.11 12:30:35.316,0.85865,0.85877,2.25,1.00
2017.08.11 12:30:35.521,0.85864,0.85873,2.06,1.00
2017.08.11 12:30:35.776,0.85859,0.85872,1.69,1.00
2017.08.11 12:30:35.828,0.85857,0.85872,2.06,1.00
2017.08.11 12:30:35.880,0.85857,0.85872,3.19,1.12
2017.08.11 12:30:36.086,0.85857,0.85869,1.00,1.50
2017.08.11 12:30:36.189,0.85854,0.85868,1.69,1.50
2017.08.11 12:30:36.419,0.85857,0.85868,1.00,2.25
2017.08.11 12:30:36.732,0.85851,0.8586,1.00,1.00
2017.08.11 12:30:36.937,0.85854,0.85868,2.25,1.44
2017.08.11 12:30:37.206,0.85862,0.8587,1.00,1.00
2017.08.11 12:30:37.258,0.85861,0.85873,1.00,1.50
2017.08.11 12:30:37.310,0.85863,0.85874,1.50,1.00
2017.08.11 12:30:37.617,0.85863,0.85874,1.00,1.69
2017.08.11 12:30:37.958,0.85864,0.85876,1.00,1.12
2017.08.11 12:30:38.010,0.85863,0.85872,1.12,1.19
2017.08.11 12:30:38.063,0.8586,0.85872,1.12,1.19
2017.08.11 12:30:38.119,0.85859,0.85871,1.37,1.56
2017.08.11 12:30:38.175,0.85857,0.85868,1.00,1.19
2017.08.11 12:30:38.227,0.85857,0.85864,1.00,1.19
2017.08.11 12:30:38.388,0.85853,0.85867,1.00,1.69
2017.08.11 12:30:38.443,0.85853,0.85866,1.00,1.19
2017.08.11 12:30:38.752,0.85851,0.85864,1.00,2.44
2017.08.11 12:30:39.123,0.85853,0.85864,1.00,1.69
2017.08.11 12:30:39.340,0.85853,0.85864,1.00,1.69
2017.08.11 12:30:39.496,0.85859,0.85864,1.50,1.50
2017.08.11 12:30:39.547,0.85856,0.85866,1.00,1.00
2017.08.11 12:30:39.651,0.85858,0.85868,1.00,1.19
2017.08.11 12:30:40.007,0.85858,0.85868,1.00,1.19
2017.08.11 12:30:40.059,0.85861,0.85868,1.00,1.00
2017.08.11 12:30:40.111,0.85857,0.85869,1.37,1.19
2017.08.11 12:30:40.265,0.85856,0.85872,1.50,1.19
2017.08.11 12:30:40.659,0.85858,0.85868,1.00,1.19
2017.08.11 12:30:40.711,0.85859,0.85872,1.37,1.19
2017.08.11 12:30:40.763,0.85862,0.8587,1.00,1.19
2017.08.11 12:30:40.866,0.85861,0.85875,1.00,2.06
2017.08.11 12:30:40.918,0.85861,0.85872,1.00,1.19
2017.08.11 12:30:41.022,0.85858,0.85872,1.12,1.19
2017.08.11 12:30:41.127,0.85856,0.85871,1.12,1.69
2017.08.11 12:30:41.307,0.85856,0.85867,1.00,1.00
2017.08.11 12:30:41.358,0.85854,0.85867,1.00,1.69
2017.08.11 12:30:41.411,0.85856,0.85867,1.00,1.69
2017.08.11 12:30:41.772,0.85857,0.8587,1.00,1.19
2017.08.11 12:30:41.876,0.85857,0.85871,1.00,1.19
2017.08.11 12:30:42.212,0.85859,0.85871,1.00,1.19
2017.08.11 12:30:42.314,0.85857,0.85871,1.00,1.19
2017.08.11 12:30:42.417,0.85854,0.85865,1.37,1.00
2017.08.11 12:30:42.522,0.85856,0.8587,3.37,1.19
2017.08.11 12:30:42.625,0.8586,0.85872,1.00,1.19
2017.08.11 12:30:42.881,0.85858,0.8587,1.00,1.00
2017.08.11 12:30:42.934,0.85854,0.85868,1.12,1.00
2017.08.11 12:30:43.141,0.85855,0.85868,1.56,1.00
2017.08.11 12:30:43.461,0.85848,0.85862,2.25,1.00
2017.08.11 12:30:43.515,0.85846,0.8586,1.00,1.31
2017.08.11 12:30:43.824,0.8585,0.85859,1.00,1.25
2017.08.11 12:30:43.928,0.85843,0.85858,1.37,1.00
2017.08.11 12:30:44.084,0.85844,0.8586,1.87,1.25
2017.08.11 12:30:44.211,0.85846,0.8586,1.37,1.25
2017.08.11 12:30:44.522,0.85856,0.85866,1.00,2.06
2017.08.11 12:30:44.678,0.85858,0.8587,1.00,1.19
2017.08.11 12:30:45.021,0.85866,0.85874,1.50,1.50
2017.08.11 12:30:45.175,0.85871,0.85883,1.00,1.62
2017.08.11 12:30:45.281,0.85871,0.85884,1.00,1.12
2017.08.11 12:30:45.335,0.85867,0.85883,2.81,1.19
2017.08.11 12:30:45.389,0.85871,0.85882,1.00,1.56
2017.08.11 12:30:45.612,0.85867,0.85879,1.00,1.25
2017.08.11 12:30:45.664,0.85872,0.85879,1.00,1.69
2017.08.11 12:30:45.921,0.85869,0.85879,1.00,1.00
2017.08.11 12:30:46.077,0.8587,0.8588,1.00,1.69
2017.08.11 12:30:46.380,0.8587,0.8588,1.00,1.19
2017.08.11 12:30:46.537,0.85868,0.8588,1.00,2.06
2017.08.11 12:30:46.589,0.85867,0.85876,1.00,1.50
2017.08.11 12:30:46.897,0.8587,0.8588,1.00,2.81
2017.08.11 12:30:47.297,0.85872,0.8588,1.00,2.06
2017.08.11 12:30:47.557,0.85872,0.85883,1.00,1.00
2017.08.11 12:30:47.660,0.85875,0.85883,1.00,1.25
2017.08.11 12:30:47.942,0.85876,0.85885,1.00,2.25
2017.08.11 12:30:47.996,0.85879,0.85886,1.00,1.00
2017.08.11 12:30:48.048,0.85876,0.85886,1.00,1.00
2017.08.11 12:30:48.203,0.85878,0.85885,1.00,1.50
2017.08.11 12:30:48.306,0.85876,0.85885,1.00,1.50
2017.08.11 12:30:48.409,0.85879,0.85886,1.00,1.50
2017.08.11 12:30:48.460,0.85877,0.85885,1.00,1.50
2017.08.11 12:30:48.512,0.85874,0.85881,1.00,1.50
2017.08.11 12:30:48.836,0.85876,0.85881,1.00,1.50
2017.08.11 12:30:49.042,0.85876,0.85883,1.00,1.00
2017.08.11 12:30:49.145,0.85878,0.85883,1.00,1.00
2017.08.11 12:30:49.196,0.85879,0.85885,1.00,1.00
2017.08.11 12:30:49.249,0.85875,0.85885,1.50,1.00
2017.08.11 12:30:49.302,0.85878,0.85885,1.00,2.25
2017.08.11 12:30:49.452,0.85875,0.85886,1.00,1.00
2017.08.11 12:30:49.556,0.85877,0.85888,1.00,1.25
2017.08.11 12:30:49.864,0.8588,0.8589,1.00,1.00
2017.08.11 12:30:50.337,0.85879,0.85891,1.00,3.56
2017.08.11 12:30:50.644,0.85881,0.85888,1.00,1.00
2017.08.11 12:30:50.950,0.85883,0.8589,1.00,1.50
2017.08.11 12:30:51.002,0.85881,0.8589,1.00,1.50
2017.08.11 12:30:51.247,0.85881,0.85888,1.00,1.37
2017.08.11 12:30:51.555,0.85879,0.85886,1.00,1.37
2017.08.11 12:30:51.761,0.85871,0.85884,1.25,1.12
2017.08.11 12:30:52.108,0.85876,0.85887,2.44,1.12
2017.08.11 12:30:52.266,0.85874,0.85888,1.69,1.37
2017.08.11 12:30:52.522,0.85872,0.85887,1.25,2.62
2017.08.11 12:30:52.675,0.8587,0.85885,2.62,1.69
2017.08.11 12:30:52.984,0.85875,0.85887,1.00,1.37
2017.08.11 12:30:53.485,0.85872,0.85885,1.00,1.50
2017.08.11 12:30:53.538,0.85876,0.85886,1.00,1.50
2017.08.11 12:30:53.796,0.85873,0.85887,1.12,1.31
2017.08.11 12:30:53.848,0.85873,0.85884,1.00,1.56
2017.08.11 12:30:53.900,0.85869,0.85882,1.00,1.25
2017.08.11 12:30:54.213,0.85871,0.85882,1.00,1.25
2017.08.11 12:30:54.522,0.85866,0.85878,2.25,1.37
2017.08.11 12:30:54.879,0.85869,0.85883,1.50,2.81
2017.08.11 12:30:54.931,0.85871,0.85883,1.00,2.62
2017.08.11 12:30:55.462,0.85869,0.85881,1.50,1.37
2017.08.11 12:30:55.793,0.85869,0.8588,1.00,1.56
2017.08.11 12:30:55.897,0.85866,0.85877,2.44,1.50
2017.08.11 12:30:55.953,0.85863,0.85872,1.00,1.37
2017.08.11 12:30:56.109,0.85861,0.85871,1.00,1.31
2017.08.11 12:30:56.163,0.85861,0.85871,1.00,1.31
2017.08.11 12:30:56.360,0.85861,0.85871,1.00,1.00
2017.08.11 12:30:56.514,0.8586,0.85871,1.00,1.31
2017.08.11 12:30:56.617,0.85858,0.85869,1.00,1.19
2017.08.11 12:30:56.721,0.85856,0.85869,1.00,1.31
2017.08.11 12:30:56.874,0.85855,0.85866,1.00,1.37
2017.08.11 12:30:57.080,0.85858,0.85869,1.00,1.50
2017.08.11 12:30:57.287,0.85859,0.85867,1.00,2.81
2017.08.11 12:30:57.341,0.85856,0.85866,1.00,1.31
2017.08.11 12:30:57.394,0.85856,0.85867,1.00,2.06
2017.08.11 12:30:57.447,0.85856,0.85866,1.00,1.31
2017.08.11 12:30:57.876,0.85855,0.85864,1.00,1.31
2017.08.11 12:30:57.928,0.85853,0.85864,1.00,2.44
2017.08.11 12:30:58.132,0.85853,0.85864,1.00,2.44
2017.08.11 12:30:58.440,0.85852,0.85859,1.00,1.69
2017.08.11 12:30:58.817,0.85853,0.85862,1.00,1.69
2017.08.11 12:30:58.871,0.85856,0.85865,1.00,1.19
2017.08.11 12:30:58.924,0.85855,0.85865,1.00,1.19
2017.08.11 12:30:59.029,0.85857,0.85868,1.00,2.06
2017.08.11 12:30:59.183,0.85859,0.8587,1.00,1.19
2017.08.11 12:30:59.512,0.85856,0.85864,1.00,1.19
2017.08.11 12:30:59.616,0.85855,0.85865,1.00,1.19
2017.08.11 12:30:59.877,0.85852,0.85861,1.25,1.50
2017.08.11 12:30:59.930,0.85852,0.85861,1.00,1.87
2017.08.11 12:31:00.243,0.85846,0.85852,1.00,1.12
2017.08.11 12:31:00.566,0.85844,0.85857,1.00,1.50
2017.08.11 12:31:00.618,0.85848,0.85858,1.00,1.75
2017.08.11 12:31:00.832,0.85848,0.85859,1.00,1.62
2017.08.11 12:31:00.989,0.85852,0.85859,1.00,1.12
2017.08.11 12:31:01.062,0.85853,0.85861,1.00,1.00
2017.08.11 12:31:01.115,0.85847,0.85856,1.50,1.00
2017.08.11 12:31:01.169,0.85847,0.85851,1.00,1.87
2017.08.11 12:31:01.592,0.85845,0.85852,1.00,2.06
2017.08.11 12:31:01.644,0.85844,0.85849,1.00,1.37
2017.08.11 12:31:01.696,0.85843,0.85849,1.00,1.37
2017.08.11 12:31:01.748,0.85847,0.85856,1.00,3.19
2017.08.11 12:31:01.802,0.8585,0.85856,12.00,1.37
2017.08.11 12:31:02.069,0.85861,0.85866,1.00,1.50
2017.08.11 12:31:02.121,0.85857,0.85866,1.00,1.25
2017.08.11 12:31:02.176,0.85863,0.85869,1.00,12.45
2017.08.11 12:31:02.279,0.8586,0.85867,1.00,10.51
2017.08.11 12:31:02.331,0.85858,0.85864,1.00,1.00
2017.08.11 12:31:02.639,0.85855,0.8586,1.00,1.50
2017.08.11 12:31:02.692,0.85853,0.85861,1.00,2.25
2017.08.11 12:31:02.744,0.85854,0.85859,1.00,1.50
2017.08.11 12:31:02.796,0.85851,0.85859,1.00,1.87
2017.08.11 12:31:02.953,0.85851,0.85859,1.00,2.81
2017.08.11 12:31:03.160,0.85849,0.85857,1.00,1.56
2017.08.11 12:31:03.310,0.85847,0.85851,1.00,1.00
2017.08.11 12:31:03.415,0.85846,0.85851,1.00,1.00
2017.08.11 12:31:03.519,0.85853,0.8586,1.00,1.19
2017.08.11 12:31:03.623,0.8585,0.85861,1.00,1.69
2017.08.11 12:31:03.675,0.85852,0.85858,1.00,1.37
2017.08.11 12:31:03.726,0.8585,0.85857,1.00,1.62
2017.08.11 12:31:03.830,0.85847,0.85854,1.00,1.50
2017.08.11 12:31:03.985,0.8585,0.85855,1.00,1.50
2017.08.11 12:31:04.088,0.85847,0.85855,1.00,2.62
2017.08.11 12:31:04.191,0.85847,0.85851,1.00,1.00
2017.08.11 12:31:04.400,0.85845,0.85853,1.00,1.62
2017.08.11 12:31:04.452,0.85844,0.85852,1.00,1.12
2017.08.11 12:31:04.757,0.85846,0.85851,1.00,1.00
2017.08.11 12:31:04.810,0.85846,0.85853,1.00,1.87
2017.08.11 12:31:05.068,0.85848,0.85855,1.00,1.00
2017.08.11 12:31:05.315,0.85844,0.85848,1.00,1.00
2017.08.11 12:31:05.367,0.85845,0.85852,1.00,1.87
2017.08.11 12:31:05.522,0.85847,0.85852,1.00,1.69
2017.08.11 12:31:05.683,0.85847,0.85855,1.00,2.44
2017.08.11 12:31:05.735,0.85842,0.85855,1.00,2.06
2017.08.11 12:31:05.786,0.85849,0.85856,1.00,3.37
2017.08.11 12:31:06.109,0.85851,0.85857,1.00,1.87
2017.08.11 12:31:06.316,0.8585,0.85856,1.00,1.37
2017.08.11 12:31:06.674,0.85851,0.85856,1.00,1.12
2017.08.11 12:31:06.976,0.85848,0.85853,1.00,3.00
2017.08.11 12:31:07.130,0.85844,0.8585,1.00,1.37
2017.08.11 12:31:07.181,0.85845,0.85851,1.00,1.12
2017.08.11 12:31:07.232,0.85848,0.85853,1.00,1.00
2017.08.11 12:31:07.284,0.85849,0.85854,1.00,1.00
2017.08.11 12:31:07.336,0.85846,0.85852,1.00,1.87
2017.08.11 12:31:07.387,0.85845,0.8585,1.00,1.00
2017.08.11 12:31:07.796,0.85846,0.85851,1.00,1.62
2017.08.11 12:31:07.848,0.85842,0.85851,1.00,1.62
2017.08.11 12:31:07.902,0.85841,0.8585,1.00,1.31
2017.08.11 12:31:08.010,0.85845,0.85854,1.00,1.12
2017.08.11 12:31:08.063,0.85846,0.85852,1.00,1.37
2017.08.11 12:31:08.273,0.85851,0.85857,1.00,1.00
2017.08.11 12:31:08.480,0.85848,0.85854,1.00,1.00
2017.08.11 12:31:08.788,0.8585,0.85857,1.00,1.37
2017.08.11 12:31:08.963,0.85848,0.85856,1.50,1.00
2017.08.11 12:31:09.014,0.85856,0.85861,1.00,1.12
2017.08.11 12:31:09.066,0.85858,0.85863,1.00,1.50
2017.08.11 12:31:09.169,0.85854,0.85862,1.00,1.00
2017.08.11 12:31:09.272,0.8586,0.85864,1.00,1.00
2017.08.11 12:31:09.325,0.8586,0.85866,1.00,1.00
2017.08.11 12:31:09.686,0.85861,0.85868,1.00,1.00
2017.08.11 12:31:09.788,0.85858,0.85868,1.00,1.12
2017.08.11 12:31:09.942,0.85861,0.8587,1.00,1.87
2017.08.11 12:31:10.358,0.85858,0.8587,1.19,1.87
2017.08.11 12:31:10.564,0.85858,0.8587,1.19,1.12
2017.08.11 12:31:10.668,0.8586,0.85871,1.19,1.00
2017.08.11 12:31:10.720,0.85857,0.85871,1.12,2.06
2017.08.11 12:31:10.824,0.85857,0.85868,1.12,1.00
2017.08.11 12:31:11.129,0.85855,0.85862,1.19,1.00
2017.08.11 12:31:11.235,0.85849,0.8586,1.37,1.00
2017.08.11 12:31:11.289,0.8585,0.85863,2.04,1.50
2017.08.11 12:31:11.341,0.85852,0.85856,1.00,1.00
2017.08.11 12:31:11.443,0.85853,0.85864,2.06,1.00
2017.08.11 12:31:11.546,0.85852,0.85867,2.06,1.00
2017.08.11 12:31:11.597,0.85852,0.85865,1.31,1.00
2017.08.11 12:31:11.911,0.85856,0.85868,1.00,1.87
2017.08.11 12:31:12.218,0.85854,0.85866,1.00,1.50
2017.08.11 12:31:12.583,0.85852,0.85862,1.00,1.00
2017.08.11 12:31:12.796,0.8585,0.85862,1.00,1.37
2017.08.11 12:31:12.899,0.85851,0.85863,2.61,1.00
2017.08.11 12:31:12.951,0.85856,0.85863,9.37,1.00
2017.08.11 12:31:13.336,0.85856,0.85867,9.37,1.87
2017.08.11 12:31:13.387,0.85856,0.85864,9.37,1.12
2017.08.11 12:31:13.721,0.85856,0.85861,9.37,1.50
2017.08.11 12:31:13.979,0.85856,0.85864,9.37,1.00
2017.08.11 12:31:14.195,0.85856,0.85861,9.37,1.50
2017.08.11 12:31:14.247,0.85856,0.85863,9.37,1.00
2017.08.11 12:31:14.350,0.85856,0.85866,9.37,1.12
2017.08.11 12:31:14.403,0.85856,0.85864,9.37,1.00
2017.08.11 12:31:14.507,0.85852,0.85862,1.00,1.00
2017.08.11 12:31:14.846,0.85855,0.85862,1.00,1.00
2017.08.11 12:31:14.898,0.85852,0.85862,1.00,1.37
2017.08.11 12:31:14.951,0.8585,0.85858,1.00,1.37
2017.08.11 12:31:15.053,0.85848,0.85857,1.31,1.37
2017.08.11 12:31:15.313,0.8585,0.85859,1.00,1.75
2017.08.11 12:31:15.469,0.85856,0.85865,1.00,1.31
2017.08.11 12:31:15.667,0.85855,0.85866,1.00,1.00
2017.08.11 12:31:15.925,0.85857,0.85866,1.00,1.00
2017.08.11 12:31:16.235,0.85855,0.85865,1.00,1.12
2017.08.11 12:31:16.436,0.85854,0.85864,5.44,1.37
2017.08.11 12:31:16.593,0.85855,0.85866,1.00,1.37
2017.08.11 12:31:16.646,0.85856,0.85865,1.19,1.00
2017.08.11 12:31:16.750,0.85853,0.85866,1.62,1.75
2017.08.11 12:31:16.855,0.85853,0.85864,1.69,2.25
2017.08.11 12:31:17.017,0.85852,0.85862,1.69,1.50
2017.08.11 12:31:17.273,0.85853,0.85864,2.25,1.50
2017.08.11 12:31:17.376,0.85857,0.85866,1.00,1.87
2017.08.11 12:31:17.427,0.85855,0.85865,1.00,1.37
2017.08.11 12:31:17.581,0.85854,0.85866,1.69,1.00
2017.08.11 12:31:17.881,0.85859,0.85869,1.50,2.62
2017.08.11 12:31:18.088,0.8586,0.85873,1.00,1.25
2017.08.11 12:31:18.192,0.85862,0.85873,1.00,1.87
2017.08.11 12:31:18.493,0.85858,0.85867,1.25,1.00
2017.08.11 12:31:18.801,0.8586,0.85868,1.19,1.50
2017.08.11 12:31:18.957,0.8586,0.85869,1.25,1.00
2017.08.11 12:31:19.092,0.85859,0.85869,1.25,1.50
2017.08.11 12:31:19.403,0.85863,0.85871,1.00,1.50
2017.08.11 12:31:19.508,0.85863,0.85872,1.00,1.69
2017.08.11 12:31:20.018,0.85863,0.85872,1.00,1.37
2017.08.11 12:31:20.561,0.85863,0.8587,1.00,1.00
2017.08.11 12:31:20.613,0.85865,0.85873,1.00,1.00
2017.08.11 12:31:20.989,0.85867,0.85876,1.00,1.19
2017.08.11 12:31:21.143,0.85869,0.85878,1.00,2.25
2017.08.11 12:31:21.246,0.85869,0.85874,1.25,1.00
2017.08.11 12:31:21.349,0.85867,0.85876,1.25,1.00
2017.08.11 12:31:21.719,0.85861,0.85872,1.69,1.00
2017.08.11 12:31:22.293,0.8586,0.85871,1.94,1.00
2017.08.11 12:31:22.396,0.85858,0.85869,3.94,1.00
2017.08.11 12:31:22.755,0.85859,0.85866,1.87,1.00
2017.08.11 12:31:23.064,0.8586,0.85868,1.19,1.00
2017.08.11 12:31:23.170,0.8586,0.85868,2.06,1.00
2017.08.11 12:31:23.328,0.85859,0.85868,2.62,1.00
2017.08.11 12:31:23.982,0.85858,0.85867,1.50,1.00
2017.08.11 12:31:24.033,0.8586,0.85868,1.50,1.00
2017.08.11 12:31:24.139,0.85863,0.85872,1.87,1.00
2017.08.11 12:31:24.241,0.85863,0.85874,1.87,1.25
2017.08.11 12:31:24.346,0.85864,0.85876,1.12,1.12
2017.08.11 12:31:24.453,0.85865,0.85873,1.00,1.00
2017.08.11 12:31:24.579,0.85865,0.85875,1.00,1.12
2017.08.11 12:31:24.740,0.8586,0.85871,2.62,1.00
2017.08.11 12:31:24.845,0.85856,0.85869,3.75,1.00
2017.08.11 12:31:24.897,0.85856,0.85867,3.94,1.00
2017.08.11 12:31:25.199,0.85859,0.85868,1.00,1.00
2017.08.11 12:31:25.251,0.85857,0.85868,1.00,1.00
2017.08.11 12:31:25.303,0.85856,0.85864,2.62,1.00
2017.08.11 12:31:25.356,0.85856,0.85867,2.62,1.00
2017.08.11 12:31:25.510,0.85858,0.85864,1.50,1.00
2017.08.11 12:31:25.628,0.8586,0.85868,1.00,1.00
2017.08.11 12:31:25.730,0.8586,0.85871,1.87,1.12
2017.08.11 12:31:25.973,0.85868,0.85876,1.00,1.31
2017.08.11 12:31:26.179,0.85865,0.85874,1.00,1.31
2017.08.11 12:31:26.230,0.85867,0.85871,1.00,1.00
2017.08.11 12:31:26.333,0.85867,0.85874,1.00,1.00
2017.08.11 12:31:26.384,0.8587,0.85874,1.00,1.00
2017.08.11 12:31:26.668,0.85867,0.85878,1.00,1.25
2017.08.11 12:31:27.184,0.85868,0.85877,1.00,1.00
2017.08.11 12:31:27.509,0.85866,0.85875,1.00,1.00
2017.08.11 12:31:27.818,0.8587,0.85877,1.00,1.00
2017.08.11 12:31:27.871,0.8587,0.85881,1.00,1.00
2017.08.11 12:31:27.974,0.85872,0.85881,1.00,1.00
2017.08.11 12:31:28.026,0.8587,0.85881,1.25,1.00
2017.08.11 12:31:28.180,0.85873,0.85885,1.00,1.50
2017.08.11 12:31:28.232,0.85871,0.8588,2.25,1.00
2017.08.11 12:31:28.334,0.85867,0.85879,1.56,1.00
2017.08.11 12:31:28.640,0.85873,0.85881,1.00,1.00
2017.08.11 12:31:29.145,0.85871,0.8588,1.00,1.37
2017.08.11 12:31:29.302,0.85875,0.85885,2.25,1.69
2017.08.11 12:31:29.353,0.85879,0.85887,1.00,1.00
2017.08.11 12:31:29.662,0.85877,0.85885,1.00,1.00
2017.08.11 12:31:30.023,0.8588,0.85885,1.00,1.00
2017.08.11 12:31:30.076,0.85882,0.85892,1.00,2.25
2017.08.11 12:31:30.311,0.85883,0.85893,1.00,2.25
2017.08.11 12:31:30.521,0.85881,0.8589,1.00,1.00
2017.08.11 12:31:30.574,0.85879,0.85889,1.50,1.12
2017.08.11 12:31:30.731,0.85875,0.85884,1.00,1.50
2017.08.11 12:31:30.784,0.85874,0.85883,1.00,1.37
2017.08.11 12:31:31.143,0.85876,0.85884,1.00,2.62
2017.08.11 12:31:31.450,0.85878,0.85885,1.00,1.00
2017.08.11 12:31:31.502,0.85873,0.85885,2.25,2.81
2017.08.11 12:31:31.554,0.85871,0.8588,1.50,1.00
2017.08.11 12:31:31.869,0.85875,0.85886,2.81,1.00
2017.08.11 12:31:31.920,0.85882,0.85894,1.00,1.69
2017.08.11 12:31:31.973,0.85883,0.85896,1.00,1.25
2017.08.11 12:31:32.127,0.85887,0.85896,1.00,1.00
2017.08.11 12:31:32.281,0.85889,0.85901,1.00,1.00
2017.08.11 12:31:32.384,0.8589,0.85899,1.00,1.00
2017.08.11 12:31:32.685,0.85897,0.85902,1.00,1.00
2017.08.11 12:31:33.098,0.859,0.85911,1.00,3.00
2017.08.11 12:31:33.150,0.85899,0.85905,1.00,1.00
2017.08.11 12:31:33.542,0.85896,0.85906,1.00,2.25
2017.08.11 12:31:33.595,0.85896,0.85904,1.00,1.00
2017.08.11 12:31:33.957,0.85893,0.85904,1.00,1.50
2017.08.11 12:31:34.151,0.85893,0.85905,1.25,1.12
2017.08.11 12:31:34.203,0.85894,0.85907,1.00,1.87
2017.08.11 12:31:34.257,0.85896,0.85909,1.00,1.69
2017.08.11 12:31:34.308,0.85894,0.85907,1.50,1.00
2017.08.11 12:31:34.360,0.85894,0.85906,2.44,1.00
2017.08.11 12:31:34.515,0.85893,0.85905,1.19,1.00
2017.08.11 12:31:34.670,0.85896,0.85907,1.69,1.00
2017.08.11 12:31:34.824,0.85897,0.85911,1.25,1.00
2017.08.11 12:31:34.949,0.85898,0.8591,1.19,1.00
2017.08.11 12:31:35.262,0.85894,0.85904,1.69,1.00
2017.08.11 12:31:35.763,0.85892,0.85901,1.19,1.00
2017.08.11 12:31:35.814,0.85893,0.85903,1.19,2.25
2017.08.11 12:31:35.866,0.85896,0.85907,1.12,1.50
2017.08.11 12:31:36.020,0.85898,0.85909,1.00,1.69
2017.08.11 12:31:36.071,0.85896,0.85903,1.75,1.00
2017.08.11 12:31:36.175,0.85894,0.85904,1.31,1.00
2017.08.11 12:31:36.226,0.85897,0.85901,1.25,1.00
2017.08.11 12:31:36.329,0.85893,0.85901,2.06,1.00
2017.08.11 12:31:36.870,0.85892,0.85902,2.06,1.00
2017.08.11 12:31:37.145,0.85897,0.85905,1.00,1.00
2017.08.11 12:31:37.490,0.85901,0.85912,3.00,1.25
2017.08.11 12:31:37.695,0.85902,0.8591,1.50,1.00
2017.08.11 12:31:37.899,0.85902,0.85912,1.87,1.00
2017.08.11 12:31:37.951,0.85903,0.85914,1.12,1.00
2017.08.11 12:31:38.002,0.85905,0.85913,1.50,1.00
2017.08.11 12:31:38.201,0.85904,0.85917,1.87,1.00
2017.08.11 12:31:38.253,0.85905,0.85914,1.87,1.00
2017.08.11 12:31:38.304,0.85905,0.85916,1.50,1.00
2017.08.11 12:31:38.356,0.85903,0.85913,2.06,1.00
2017.08.11 12:31:38.459,0.85906,0.85918,1.00,1.00
2017.08.11 12:31:38.563,0.85907,0.85917,1.19,1.00
2017.08.11 12:31:38.873,0.85904,0.85913,1.19,1.00
2017.08.11 12:31:38.925,0.85903,0.85914,2.06,1.00
2017.08.11 12:31:39.030,0.85906,0.85916,1.50,1.50
2017.08.11 12:31:39.083,0.85906,0.85918,2.25,1.00
2017.08.11 12:31:39.136,0.85904,0.85915,1.12,1.00
2017.08.11 12:31:39.565,0.85902,0.85913,2.06,1.00
2017.08.11 12:31:39.977,0.85902,0.85912,1.00,1.00
2017.08.11 12:31:40.310,0.859,0.8591,3.56,1.00
2017.08.11 12:31:40.722,0.859,0.85912,2.44,1.00
2017.08.11 12:31:41.087,0.85904,0.85913,1.50,1.00
2017.08.11 12:31:41.406,0.85902,0.85915,2.06,1.50
2017.08.11 12:31:41.461,0.85908,0.85914,1.37,1.00
2017.08.11 12:31:41.651,0.85908,0.85913,1.50,1.00
2017.08.11 12:31:41.703,0.85904,0.85916,1.69,1.00
2017.08.11 12:31:41.809,0.85906,0.85913,1.50,1.00
2017.08.11 12:31:41.861,0.85905,0.85916,2.81,1.00
2017.08.11 12:31:41.913,0.85905,0.85914,2.06,1.00
2017.08.11 12:31:42.067,0.85908,0.85918,1.50,1.00
2017.08.11 12:31:42.119,0.85908,0.85918,4.31,1.00
2017.08.11 12:31:42.450,0.85913,0.85922,1.37,1.25
2017.08.11 12:31:42.503,0.85912,0.85922,1.12,1.00
2017.08.11 12:31:42.584,0.85915,0.85925,2.62,1.00
2017.08.11 12:31:42.897,0.85922,0.85928,1.87,1.00
2017.08.11 12:31:43.144,0.85919,0.85929,1.69,1.00
2017.08.11 12:31:43.299,0.85919,0.85929,2.06,1.00
2017.08.11 12:31:43.351,0.85916,0.85923,2.06,1.00
2017.08.11 12:31:43.404,0.85914,0.85922,2.62,1.00
2017.08.11 12:31:43.559,0.85916,0.85925,1.87,1.00
2017.08.11 12:31:43.663,0.85911,0.8592,3.00,1.00
2017.08.11 12:31:43.763,0.85911,0.85924,3.00,1.87
2017.08.11 12:31:43.815,0.85912,0.8592,1.37,1.00
2017.08.11 12:31:43.868,0.85912,0.85922,1.12,1.00
2017.08.11 12:31:43.973,0.85916,0.85923,1.37,1.00
2017.08.11 12:31:44.025,0.85917,0.85925,1.37,1.00
2017.08.11 12:31:44.280,0.85915,0.85926,2.06,1.00
2017.08.11 12:31:44.331,0.85917,0.85927,1.37,1.00
2017.08.11 12:31:44.662,0.85913,0.8592,1.69,1.00
2017.08.11 12:31:44.717,0.8591,0.85924,1.69,1.50
2017.08.11 12:31:44.820,0.85911,0.85919,1.50,1.00
2017.08.11 12:31:45.130,0.85913,0.85922,1.50,1.00
2017.08.11 12:31:45.183,0.85911,0.85918,2.06,1.00
2017.08.11 12:31:45.360,0.8591,0.85915,2.06,1.00
2017.08.11 12:31:45.413,0.85917,0.85921,1.00,1.00
2017.08.11 12:31:45.465,0.85917,0.85925,1.56,1.00
2017.08.11 12:31:45.518,0.8592,0.85927,1.31,1.50
2017.08.11 12:31:45.571,0.85926,0.85934,1.31,1.00
2017.08.11 12:31:45.623,0.85927,0.85936,1.37,1.00
2017.08.11 12:31:45.677,0.85926,0.85936,2.25,1.00
2017.08.11 12:31:45.781,0.85925,0.85933,1.50,1.00
2017.08.11 12:31:45.884,0.85921,0.85931,1.62,1.00
2017.08.11 12:31:45.936,0.8592,0.85928,2.06,1.00
2017.08.11 12:31:45.992,0.85919,0.85927,1.87,1.00
2017.08.11 12:31:46.219,0.85919,0.85924,1.00,1.00
2017.08.11 12:31:46.322,0.85912,0.85924,3.19,1.00
2017.08.11 12:31:46.375,0.85915,0.85922,1.50,1.00
2017.08.11 12:31:46.481,0.85912,0.85925,1.69,1.69
2017.08.11 12:31:46.533,0.85914,0.85925,1.56,1.00
2017.08.11 12:31:46.903,0.85921,0.85925,1.50,1.00
2017.08.11 12:31:47.006,0.85919,0.85928,1.12,1.19
2017.08.11 12:31:47.057,0.85919,0.85928,1.00,1.00
2017.08.11 12:31:47.574,0.85921,0.85929,1.50,1.00
2017.08.11 12:31:47.626,0.85921,0.85931,2.25,1.00
2017.08.11 12:31:47.679,0.85923,0.85932,1.37,1.00
2017.08.11 12:31:47.733,0.85921,0.85931,1.87,1.00
2017.08.11 12:31:47.786,0.85922,0.85928,1.50,1.00
2017.08.11 12:31:47.940,0.85917,0.85932,2.44,2.06
2017.08.11 12:31:47.992,0.85916,0.85924,1.87,1.00
2017.08.11 12:31:48.044,0.85918,0.85927,1.12,1.00
2017.08.11 12:31:48.235,0.85918,0.85925,1.50,1.00
2017.08.11 12:31:48.338,0.85922,0.85935,1.87,1.87
2017.08.11 12:31:48.389,0.85925,0.85935,1.87,1.50
2017.08.11 12:31:48.443,0.85924,0.85935,1.87,1.12
2017.08.11 12:31:48.495,0.8593,0.85939,1.00,1.19
2017.08.11 12:31:48.546,0.8593,0.8594,1.00,2.81
2017.08.11 12:31:49.065,0.8593,0.85938,1.00,2.06
2017.08.11 12:31:49.272,0.85932,0.85937,1.00,1.69
2017.08.11 12:31:49.570,0.85936,0.85945,1.00,3.00
2017.08.11 12:31:49.673,0.85934,0.85946,1.00,1.31
2017.08.11 12:31:49.877,0.85933,0.85945,2.25,1.56
2017.08.11 12:31:49.932,0.85931,0.85942,1.25,1.50
2017.08.11 12:31:50.036,0.85933,0.85943,1.00,1.69
2017.08.11 12:31:50.235,0.85931,0.85944,3.00,1.25
2017.08.11 12:31:50.286,0.85933,0.85944,1.00,1.00
2017.08.11 12:31:50.594,0.85939,0.85945,1.50,1.00
2017.08.11 12:31:50.748,0.85933,0.85944,2.06,1.00
2017.08.11 12:31:50.910,0.85931,0.85943,2.25,1.00
2017.08.11 12:31:51.016,0.85932,0.85945,1.37,1.00
2017.08.11 12:31:51.323,0.85931,0.85945,2.44,1.00
2017.08.11 12:31:51.530,0.85932,0.85943,1.00,1.00
2017.08.11 12:31:51.836,0.85939,0.85949,1.87,1.00
2017.08.11 12:31:52.248,0.85927,0.85937,1.12,1.00
2017.08.11 12:31:52.302,0.85923,0.85936,1.44,2.25
2017.08.11 12:31:52.356,0.85923,0.85934,1.19,1.00
2017.08.11 12:31:52.665,0.85922,0.85932,1.37,1.00
2017.08.11 12:31:52.717,0.85922,0.85935,1.37,1.69
2017.08.11 12:31:52.941,0.85927,0.85933,1.12,1.19
2017.08.11 12:31:52.994,0.85926,0.85933,3.37,1.00
2017.08.11 12:31:53.046,0.8593,0.85939,1.00,1.12
2017.08.11 12:31:53.148,0.85932,0.85939,1.00,1.69
2017.08.11 12:31:53.251,0.85933,0.85939,1.00,1.25
2017.08.11 12:31:53.304,0.85932,0.85937,1.00,1.19
2017.08.11 12:31:53.356,0.85935,0.85941,1.00,1.25
2017.08.11 12:31:53.408,0.85935,0.85941,1.00,1.19
2017.08.11 12:31:53.577,0.85935,0.85942,1.00,1.00
2017.08.11 12:31:53.628,0.85941,0.85951,1.12,2.25
2017.08.11 12:31:53.782,0.85943,0.85952,1.00,1.69
2017.08.11 12:31:53.936,0.85943,0.85952,1.00,1.25
2017.08.11 12:31:54.039,0.85941,0.85951,1.00,1.19
2017.08.11 12:31:54.348,0.85943,0.85949,1.00,1.00
2017.08.11 12:31:54.400,0.85943,0.85952,1.00,1.00
2017.08.11 12:31:54.503,0.85945,0.85952,1.00,1.00
2017.08.11 12:31:54.606,0.85945,0.85954,1.00,2.44
2017.08.11 12:31:54.658,0.85942,0.85953,1.87,1.50
2017.08.11 12:31:54.915,0.85945,0.85956,1.00,2.44
2017.08.11 12:31:55.045,0.85942,0.85955,1.87,1.25
2017.08.11 12:31:55.149,0.85944,0.85956,1.87,1.69
2017.08.11 12:31:55.256,0.8594,0.85953,1.69,1.00
2017.08.11 12:31:55.566,0.85943,0.85954,1.31,1.50
2017.08.11 12:31:56.012,0.85942,0.85953,1.50,1.87
2017.08.11 12:31:56.064,0.8594,0.85953,1.12,1.87
2017.08.11 12:31:56.218,0.85939,0.85948,1.50,1.00
2017.08.11 12:31:56.269,0.85937,0.85949,1.12,1.00
2017.08.11 12:31:56.632,0.85936,0.85946,2.25,1.00
2017.08.11 12:31:57.144,0.8593,0.85942,1.31,1.37
2017.08.11 12:31:57.364,0.85927,0.85937,1.50,1.00
2017.08.11 12:31:57.467,0.85925,0.85936,1.00,1.00
2017.08.11 12:31:57.672,0.85925,0.85938,1.00,1.12
2017.08.11 12:31:57.723,0.85928,0.85937,1.50,1.00
2017.08.11 12:31:58.031,0.85927,0.85935,1.50,1.00
2017.08.11 12:31:58.545,0.85925,0.85934,1.50,1.00
2017.08.11 12:31:59.148,0.85921,0.85933,1.00,1.00
2017.08.11 12:31:59.201,0.85921,0.8593,2.25,1.00
2017.08.11 12:31:59.513,0.85921,0.85932,1.00,1.00
2017.08.11 12:31:59.822,0.8592,0.8593,3.00,1.00
2017.08.11 12:32:00.186,0.85924,0.85934,1.00,1.00
2017.08.11 12:32:00.343,0.85925,0.85937,1.62,1.00
2017.08.11 12:32:00.396,0.85925,0.85935,1.50,1.50
2017.08.11 12:32:00.669,0.85925,0.85937,1.50,1.00
2017.08.11 12:32:00.912,0.85922,0.85934,1.00,1.00
2017.08.11 12:32:01.218,0.85921,0.85932,1.69,1.00
2017.08.11 12:32:01.528,0.8592,0.8593,2.44,1.00
2017.08.11 12:32:01.846,0.85919,0.85925,1.19,1.00
2017.08.11 12:32:01.898,0.85915,0.85926,1.87,1.00
2017.08.11 12:32:02.157,0.85917,0.85924,1.00,1.00
2017.08.11 12:32:02.688,0.85917,0.85922,1.00,1.00
2017.08.11 12:32:02.946,0.8591,0.85916,1.00,1.00
2017.08.11 12:32:02.998,0.85904,0.85914,1.37,1.00
2017.08.11 12:32:03.100,0.85905,0.85916,1.19,1.00
2017.08.11 12:32:03.316,0.85912,0.85916,1.00,1.00
2017.08.11 12:32:03.368,0.85914,0.85918,1.00,1.00
2017.08.11 12:32:03.522,0.85908,0.85916,1.50,1.00
2017.08.11 12:32:04.095,0.85906,0.85917,2.62,1.00
2017.08.11 12:32:04.149,0.85914,0.85923,1.00,1.19
2017.08.11 12:32:04.201,0.85912,0.85925,2.44,1.19
2017.08.11 12:32:04.253,0.85914,0.85925,1.00,1.19
2017.08.11 12:32:04.358,0.85914,0.85926,1.00,1.37
2017.08.11 12:32:04.412,0.85919,0.85926,1.00,1.12
2017.08.11 12:32:04.671,0.8592,0.8593,1.00,1.31
2017.08.11 12:32:05.205,0.85919,0.85932,1.00,2.06
2017.08.11 12:32:05.410,0.85923,0.85932,1.00,1.37
2017.08.11 12:32:05.462,0.85924,0.85934,1.00,2.25
2017.08.11 12:32:05.671,0.85918,0.85927,1.00,1.37
2017.08.11 12:32:05.980,0.85937,0.85942,1.00,1.00
2017.08.11 12:32:06.085,0.85935,0.85941,1.00,1.00
2017.08.11 12:32:06.392,0.85934,0.85946,1.00,3.19
2017.08.11 12:32:06.750,0.85934,0.85943,1.00,1.37
2017.08.11 12:32:06.904,0.85935,0.85945,1.00,1.50
2017.08.11 12:32:07.071,0.85937,0.85947,1.00,1.00
2017.08.11 12:32:07.124,0.85935,0.85946,1.00,1.37
2017.08.11 12:32:07.433,0.85929,0.85939,1.00,1.37
2017.08.11 12:32:07.793,0.85934,0.85941,1.00,1.00
2017.08.11 12:32:07.848,0.85936,0.85945,1.00,1.19
2017.08.11 12:32:08.106,0.85934,0.85945,1.00,1.37
2017.08.11 12:32:08.158,0.85934,0.85943,1.00,1.37
2017.08.11 12:32:08.632,0.85927,0.85936,1.00,1.37
2017.08.11 12:32:09.146,0.85926,0.85935,1.00,1.12
2017.08.11 12:32:09.497,0.8592,0.85931,1.50,1.12
2017.08.11 12:32:09.804,0.85916,0.85927,1.00,1.56
2017.08.11 12:32:09.957,0.85918,0.85927,1.00,1.37
2017.08.11 12:32:10.226,0.85916,0.85925,1.00,1.00
2017.08.11 12:32:10.278,0.85912,0.85923,1.87,1.00
2017.08.11 12:32:10.330,0.85911,0.8592,1.00,1.00
2017.08.11 12:32:10.639,0.85911,0.85922,1.00,1.00
2017.08.11 12:32:10.987,0.85913,0.85923,1.12,1.00
2017.08.11 12:32:11.141,0.85911,0.85922,2.25,1.00
2017.08.11 12:32:11.350,0.85909,0.85918,1.87,1.00
2017.08.11 12:32:11.648,0.85907,0.85917,1.00,1.00
2017.08.11 12:32:11.853,0.85904,0.85916,1.87,1.00
2017.08.11 12:32:12.522,0.85905,0.85915,1.00,1.00
2017.08.11 12:32:12.594,0.85905,0.85917,1.87,1.00
2017.08.11 12:32:13.053,0.85904,0.85914,1.00,1.00
2017.08.11 12:32:13.391,0.85902,0.85911,1.00,1.00
2017.08.11 12:32:13.585,0.85904,0.85916,1.00,1.00
2017.08.11 12:32:13.689,0.85907,0.85917,2.25,1.00
2017.08.11 12:32:13.744,0.85908,0.85921,1.50,1.00
2017.08.11 12:32:13.899,0.85907,0.85918,2.25,1.00
2017.08.11 12:32:14.314,0.85906,0.85917,1.12,1.19
2017.08.11 12:32:14.832,0.85905,0.85915,1.87,1.25
2017.08.11 12:32:15.196,0.85901,0.85914,1.87,1.00
2017.08.11 12:32:15.249,0.85901,0.85912,1.87,1.25
2017.08.11 12:32:15.600,0.85895,0.85906,1.50,1.00
2017.08.11 12:32:16.061,0.85892,0.85905,2.62,1.00
2017.08.11 12:32:16.311,0.85891,0.85903,1.50,1.00
2017.08.11 12:32:16.867,0.85891,0.85902,2.62,1.00
2017.08.11 12:32:17.174,0.85894,0.85904,1.50,1.00
2017.08.11 12:32:17.693,0.85894,0.85904,2.62,1.00
2017.08.11 12:32:17.796,0.85894,0.85906,1.87,1.00
2017.08.11 12:32:18.296,0.85898,0.85907,1.50,1.00
2017.08.11 12:32:18.349,0.85894,0.85906,1.50,1.00
2017.08.11 12:32:18.455,0.85893,0.85904,1.12,1.00
2017.08.11 12:32:18.838,0.85895,0.85903,1.00,1.00
2017.08.11 12:32:18.941,0.85892,0.85901,1.50,1.00
2017.08.11 12:32:19.406,0.85897,0.85906,1.00,1.69
2017.08.11 12:32:19.695,0.85892,0.85902,2.25,1.00
2017.08.11 12:32:20.156,0.85895,0.85906,1.00,1.69
2017.08.11 12:32:20.481,0.85897,0.85908,1.00,1.19
2017.08.11 12:32:20.792,0.85894,0.85907,1.50,1.19
2017.08.11 12:32:21.296,0.85895,0.85908,1.50,2.81
2017.08.11 12:32:21.708,0.85897,0.85908,1.50,1.19
2017.08.11 12:32:21.988,0.8589,0.85902,1.00,2.44
2017.08.11 12:32:22.091,0.85887,0.85899,1.50,1.00
2017.08.11 12:32:22.193,0.85885,0.85896,1.50,1.50
2017.08.11 12:32:22.535,0.85893,0.85903,3.00,2.06
2017.08.11 12:32:22.844,0.85893,0.85901,1.50,1.00
2017.08.11 12:32:22.896,0.85887,0.859,2.81,1.00
2017.08.11 12:32:23.000,0.85887,0.85898,2.06,1.00
2017.08.11 12:32:23.507,0.85887,0.85897,1.19,1.00
2017.08.11 12:32:23.609,0.85881,0.85893,2.44,1.00
2017.08.11 12:32:23.662,0.85883,0.8589,1.69,1.00
2017.08.11 12:32:23.819,0.85885,0.85893,1.50,1.00
2017.08.11 12:32:24.135,0.85881,0.85893,1.37,1.00
2017.08.11 12:32:24.187,0.85878,0.85889,1.00,1.00
2017.08.11 12:32:24.494,0.85875,0.85886,1.50,1.50
2017.08.11 12:32:24.836,0.85879,0.85886,1.00,1.00
2017.08.11 12:32:24.888,0.8588,0.8589,1.87,1.00
2017.08.11 12:32:24.990,0.85882,0.85891,2.25,1.00
2017.08.11 12:32:25.145,0.85884,0.85896,1.12,1.00
2017.08.11 12:32:25.500,0.85884,0.85894,1.37,1.00
2017.08.11 12:32:25.809,0.85877,0.85886,1.50,1.00
2017.08.11 12:32:25.966,0.85874,0.85885,2.62,1.00
2017.08.11 12:32:26.071,0.85874,0.85883,2.25,1.00
2017.08.11 12:32:26.594,0.85874,0.85882,1.50,1.00
2017.08.11 12:32:26.697,0.85872,0.85882,1.00,1.00
2017.08.11 12:32:26.749,0.85876,0.85884,1.00,1.25
2017.08.11 12:32:26.801,0.85874,0.85884,1.00,1.25
2017.08.11 12:32:26.904,0.85874,0.85881,1.50,1.00
2017.08.11 12:32:27.565,0.85875,0.85883,1.50,1.00
2017.08.11 12:32:27.668,0.85874,0.85881,1.50,1.00
2017.08.11 12:32:27.823,0.85871,0.85882,1.31,1.00
2017.08.11 12:32:27.874,0.85874,0.85882,1.00,1.00
2017.08.11 12:32:27.925,0.85874,0.85884,1.00,1.00
2017.08.11 12:32:28.130,0.85874,0.85884,1.69,1.00
2017.08.11 12:32:28.335,0.85876,0.85887,1.19,1.00
2017.08.11 12:32:28.386,0.85879,0.85887,1.50,1.00
2017.08.11 12:32:28.438,0.85878,0.85889,1.50,1.00
2017.08.11 12:32:28.965,0.85878,0.85887,2.81,1.00
2017.08.11 12:32:29.169,0.85878,0.85889,2.81,1.00
2017.08.11 12:32:29.482,0.85878,0.85887,1.50,1.00
2017.08.11 12:32:29.686,0.85876,0.85886,1.00,1.00
2017.08.11 12:32:29.789,0.85878,0.85885,1.69,1.00
2017.08.11 12:32:29.841,0.85878,0.85888,1.62,1.00
2017.08.11 12:32:29.995,0.85881,0.85892,1.00,1.69
2017.08.11 12:32:30.197,0.85881,0.85894,1.00,1.69
2017.08.11 12:32:30.250,0.85881,0.85892,1.69,1.00
2017.08.11 12:32:30.560,0.85879,0.8589,3.19,1.00
2017.08.11 12:32:30.714,0.85877,0.85889,3.56,1.00
2017.08.11 12:32:31.031,0.8588,0.85893,1.12,1.00
2017.08.11 12:32:31.084,0.85881,0.85892,1.19,1.00
2017.08.11 12:32:31.188,0.85882,0.85894,2.81,1.00
2017.08.11 12:32:31.292,0.85882,0.85894,3.56,1.00
2017.08.11 12:32:31.539,0.85882,0.85893,1.69,1.00
2017.08.11 12:32:31.744,0.85884,0.85892,1.50,1.00
2017.08.11 12:32:31.948,0.85884,0.85894,1.50,1.00
2017.08.11 12:32:32.472,0.85885,0.85895,1.50,1.00
2017.08.11 12:32:32.738,0.85885,0.85893,1.87,1.00
2017.08.11 12:32:32.789,0.85884,0.85895,2.25,1.00
2017.08.11 12:32:33.091,0.85884,0.85893,1.69,1.00
2017.08.11 12:32:33.609,0.85885,0.85894,1.50,1.00
2017.08.11 12:32:33.938,0.85884,0.85896,2.44,1.00
2017.08.11 12:32:34.091,0.85888,0.85895,1.50,1.00
2017.08.11 12:32:34.193,0.85887,0.85897,1.50,1.00
2017.08.11 12:32:34.245,0.8589,0.859,1.25,1.50
2017.08.11 12:32:34.398,0.85893,0.85904,1.00,1.00
2017.08.11 12:32:34.451,0.85894,0.85905,3.19,1.00
2017.08.11 12:32:34.832,0.85894,0.85902,1.69,1.00
2017.08.11 12:32:34.934,0.85891,0.85901,1.12,1.00
2017.08.11 12:32:34.987,0.85889,0.85894,1.50,1.00
2017.08.11 12:32:35.038,0.85887,0.85896,1.50,1.00
2017.08.11 12:32:35.090,0.85885,0.85895,1.25,1.00
2017.08.11 12:32:35.142,0.85882,0.85893,2.25,1.00
2017.08.11 12:32:35.247,0.85885,0.85895,1.00,1.00
2017.08.11 12:32:35.752,0.85885,0.85894,1.00,1.00
2017.08.11 12:32:36.063,0.85888,0.859,1.31,1.00
2017.08.11 12:32:36.116,0.85892,0.85901,1.19,1.00
2017.08.11 12:32:36.325,0.85886,0.85898,3.19,1.00
2017.08.11 12:32:36.377,0.85887,0.85898,1.69,1.00
2017.08.11 12:32:36.428,0.85887,0.85897,2.44,1.00
2017.08.11 12:32:36.975,0.8589,0.859,1.25,1.00
2017.08.11 12:32:37.027,0.8589,0.859,1.19,1.00
2017.08.11 12:32:37.300,0.85892,0.85902,1.69,1.00
2017.08.11 12:32:37.455,0.8589,0.859,3.19,1.00
2017.08.11 12:32:37.662,0.85887,0.85898,1.56,1.00
2017.08.11 12:32:37.953,0.85892,0.859,1.50,1.00
2017.08.11 12:32:38.109,0.85892,0.85902,1.50,1.00
2017.08.11 12:32:38.213,0.85892,0.859,1.50,1.00
2017.08.11 12:32:38.722,0.85892,0.85899,1.50,1.00
2017.08.11 12:32:38.825,0.85893,0.85901,1.50,1.00
2017.08.11 12:32:38.930,0.85894,0.85904,1.00,1.00
2017.08.11 12:32:39.288,0.85892,0.85901,2.44,1.00
2017.08.11 12:32:39.602,0.85892,0.85902,1.50,1.00
2017.08.11 12:32:39.654,0.85893,0.85899,1.50,1.00
2017.08.11 12:32:40.233,0.85894,0.85899,1.50,1.00
2017.08.11 12:32:40.342,0.85893,0.85901,1.50,1.00
2017.08.11 12:32:40.393,0.85891,0.85901,1.87,1.00
2017.08.11 12:32:40.547,0.85888,0.85897,2.06,1.00
2017.08.11 12:32:40.650,0.8589,0.85899,1.87,1.00
2017.08.11 12:32:40.703,0.85892,0.85901,1.50,1.00
2017.08.11 12:32:41.217,0.85893,0.85902,1.69,1.00
2017.08.11 12:32:41.914,0.85892,0.85903,3.19,1.00
2017.08.11 12:32:42.215,0.85894,0.85902,1.19,1.00
2017.08.11 12:32:42.738,0.85896,0.85903,1.19,1.00
2017.08.11 12:32:42.930,0.85893,0.85901,1.69,1.00
2017.08.11 12:32:43.034,0.8589,0.85899,1.69,1.00
2017.08.11 12:32:43.300,0.85891,0.85901,1.25,1.00
2017.08.11 12:32:43.404,0.85889,0.85899,1.50,1.00
2017.08.11 12:32:43.712,0.85892,0.85903,1.69,1.00
2017.08.11 12:32:43.968,0.85892,0.85904,1.00,1.50
2017.08.11 12:32:44.122,0.85892,0.85904,1.19,1.50
2017.08.11 12:32:44.429,0.85896,0.85904,1.00,1.00
2017.08.11 12:32:44.587,0.85899,0.85908,1.00,1.12
2017.08.11 12:32:44.741,0.85897,0.85909,1.00,1.87
2017.08.11 12:32:44.792,0.85896,0.85906,1.25,1.12
2017.08.11 12:32:45.171,0.85898,0.85906,1.00,1.12
2017.08.11 12:32:45.276,0.85896,0.85906,1.00,1.00
2017.08.11 12:32:45.328,0.85892,0.85904,1.19,1.00
2017.08.11 12:32:45.635,0.85894,0.85902,1.19,1.12
2017.08.11 12:32:45.804,0.85893,0.85901,1.00,1.00
2017.08.11 12:32:45.857,0.85888,0.85901,1.19,1.00
2017.08.11 12:32:46.011,0.85891,0.85901,1.69,1.00
2017.08.11 12:32:46.118,0.85889,0.859,1.19,1.00
2017.08.11 12:32:46.225,0.85888,0.85901,2.06,1.12
2017.08.11 12:32:46.278,0.85887,0.85898,1.69,1.00
2017.08.11 12:32:46.333,0.85886,0.85896,1.25,1.00
2017.08.11 12:32:46.484,0.85886,0.85899,1.31,1.00
2017.08.11 12:32:46.535,0.85889,0.85901,1.00,1.00
2017.08.11 12:32:46.689,0.85887,0.859,1.25,1.00
2017.08.11 12:32:46.741,0.85889,0.859,1.00,1.00
2017.08.11 12:32:47.102,0.85889,0.859,1.69,1.00
2017.08.11 12:32:47.217,0.85889,0.85902,1.19,1.00
2017.08.11 12:32:47.424,0.85893,0.85903,1.00,2.25
2017.08.11 12:32:47.930,0.85894,0.85904,1.00,2.25
2017.08.11 12:32:48.242,0.85891,0.85899,1.00,1.12
2017.08.11 12:32:48.294,0.85887,0.85899,1.69,2.62
2017.08.11 12:32:48.499,0.85888,0.85899,1.00,2.25
2017.08.11 12:32:48.647,0.85886,0.85899,1.00,2.62
2017.08.11 12:32:48.752,0.85888,0.85899,1.00,1.00
2017.08.11 12:32:49.355,0.85889,0.85899,1.00,1.00
2017.08.11 12:32:49.701,0.85889,0.85897,1.00,1.87
2017.08.11 12:32:49.854,0.85896,0.85904,1.00,2.62
2017.08.11 12:32:49.957,0.85897,0.85902,1.00,1.62
2017.08.11 12:32:50.010,0.85896,0.85903,1.00,1.12
2017.08.11 12:32:50.520,0.85896,0.85904,1.00,1.50
2017.08.11 12:32:50.674,0.85893,0.85901,2.25,1.00
2017.08.11 12:32:50.870,0.85893,0.85903,2.44,1.00
2017.08.11 12:32:50.973,0.85895,0.85905,1.00,1.87
2017.08.11 12:32:51.279,0.85893,0.85902,3.19,1.00
2017.08.11 12:32:51.796,0.85893,0.85903,3.19,1.37
2017.08.11 12:32:52.103,0.85895,0.85903,1.00,1.00
2017.08.11 12:32:52.205,0.85893,0.85903,2.25,1.00
2017.08.11 12:32:52.257,0.85893,0.85901,2.25,1.00
2017.08.11 12:32:52.784,0.85892,0.85901,1.00,1.00
2017.08.11 12:32:53.004,0.85892,0.85904,1.50,1.12
2017.08.11 12:32:53.507,0.85893,0.85905,1.00,2.62
2017.08.11 12:32:53.712,0.85895,0.85905,1.00,1.87
2017.08.11 12:32:53.867,0.85896,0.85908,1.50,1.50
2017.08.11 12:32:54.020,0.85898,0.85908,1.00,1.00
2017.08.11 12:32:54.532,0.85897,0.85907,1.00,1.00
2017.08.11 12:32:54.688,0.85899,0.8591,1.25,2.62
2017.08.11 12:32:54.740,0.85901,0.8591,1.00,2.62
2017.08.11 12:32:54.793,0.85897,0.85908,1.00,1.00
2017.08.11 12:32:54.953,0.85901,0.85908,1.00,1.00
2017.08.11 12:32:55.260,0.859,0.8591,1.00,1.50
2017.08.11 12:32:55.620,0.859,0.85912,1.50,1.00
2017.08.11 12:32:56.028,0.859,0.85909,1.00,1.00
2017.08.11 12:32:56.079,0.859,0.85911,1.50,1.00
2017.08.11 12:32:56.182,0.85902,0.8591,1.00,1.00
2017.08.11 12:32:56.445,0.85904,0.85914,1.00,1.00
2017.08.11 12:32:56.497,0.85906,0.85914,1.00,1.00
2017.08.11 12:32:56.550,0.85902,0.85913,1.00,1.12
2017.08.11 12:32:56.603,0.85899,0.85911,2.44,1.12
2017.08.11 12:32:56.912,0.859,0.85909,1.00,1.00
2017.08.11 12:32:57.220,0.85901,0.85911,1.69,1.00
2017.08.11 12:32:57.731,0.859,0.85911,1.49,1.00
2017.08.11 12:32:58.261,0.859,0.85912,2.10,1.00
2017.08.11 12:32:58.747,0.85902,0.85913,2.10,1.50
2017.08.11 12:32:59.308,0.85902,0.85912,1.37,1.00
2017.08.11 12:32:59.834,0.85902,0.85912,1.00,1.00
2017.08.11 12:33:00.377,0.85902,0.85913,1.37,1.50
2017.08.11 12:33:00.888,0.85902,0.85914,2.62,1.25
2017.08.11 12:33:01.204,0.85902,0.85912,3.37,1.00
2017.08.11 12:33:01.514,0.85899,0.85908,2.62,1.00
2017.08.11 12:33:01.847,0.85903,0.85911,1.00,1.00
2017.08.11 12:33:01.951,0.859,0.85911,2.81,1.00
2017.08.11 12:33:02.157,0.85901,0.85911,1.31,1.00
2017.08.11 12:33:02.471,0.85903,0.85914,1.19,1.50
2017.08.11 12:33:03.335,0.85904,0.85914,1.69,1.00
2017.08.11 12:33:03.387,0.85904,0.85914,1.19,1.00
2017.08.11 12:33:03.801,0.85906,0.85915,1.19,1.00
2017.08.11 12:33:04.213,0.85905,0.85912,2.44,1.00
2017.08.11 12:33:04.521,0.85905,0.85915,2.44,1.00
2017.08.11 12:33:05.032,0.85905,0.85914,3.19,1.00
2017.08.11 12:33:05.084,0.85905,0.85914,3.00,1.00
2017.08.11 12:33:05.290,0.85904,0.85912,1.00,1.00
2017.08.11 12:33:05.496,0.85899,0.85909,1.50,1.00
2017.08.11 12:33:05.700,0.85902,0.85912,1.12,1.00
2017.08.11 12:33:06.005,0.85902,0.85914,1.87,1.50
2017.08.11 12:33:06.107,0.859,0.85911,1.87,1.00
2017.08.11 12:33:06.610,0.85899,0.8591,1.37,1.00
2017.08.11 12:33:06.918,0.85899,0.85908,1.25,1.00
2017.08.11 12:33:07.425,0.85899,0.8591,1.19,1.00
2017.08.11 12:33:07.478,0.85898,0.8591,1.25,1.00
2017.08.11 12:33:07.531,0.85898,0.85908,1.69,1.00
2017.08.11 12:33:07.891,0.85898,0.85906,1.00,1.00
2017.08.11 12:33:08.053,0.85894,0.85905,3.94,1.12
2017.08.11 12:33:08.105,0.85892,0.85901,1.37,1.00
2017.08.11 12:33:08.156,0.85892,0.85902,1.00,1.00
2017.08.11 12:33:08.310,0.85892,0.85905,2.81,2.06
2017.08.11 12:33:08.362,0.85895,0.85906,1.37,1.69
2017.08.11 12:33:08.670,0.85898,0.85909,7.50,1.31
2017.08.11 12:33:08.836,0.85898,0.85906,7.50,1.00
2017.08.11 12:33:09.361,0.85898,0.85907,7.50,1.00
2017.08.11 12:33:09.692,0.85896,0.85906,1.12,1.25
2017.08.11 12:33:09.744,0.85897,0.85907,1.87,1.00
2017.08.11 12:33:10.050,0.85898,0.85907,4.12,1.00
2017.08.11 12:33:10.594,0.85899,0.85909,2.25,1.00
2017.08.11 12:33:10.646,0.859,0.85909,1.00,1.00
2017.08.11 12:33:11.711,0.85899,0.85908,1.37,1.00
2017.08.11 12:33:11.762,0.859,0.85911,1.37,1.25
2017.08.11 12:33:11.815,0.85903,0.85912,1.50,1.00
2017.08.11 12:33:11.970,0.85907,0.85918,1.12,1.50
2017.08.11 12:33:12.124,0.8591,0.85919,1.00,2.25
2017.08.11 12:33:12.447,0.85906,0.85912,1.00,1.00
2017.08.11 12:33:12.499,0.85903,0.85912,1.31,1.00
2017.08.11 12:33:12.755,0.85901,0.85913,1.50,2.06
2017.08.11 12:33:12.964,0.85902,0.85911,1.50,1.00
2017.08.11 12:33:13.257,0.85898,0.85909,1.00,1.25
2017.08.11 12:33:13.514,0.85898,0.85909,1.50,1.00
2017.08.11 12:33:13.616,0.85897,0.85909,3.94,1.00
2017.08.11 12:33:14.161,0.85898,0.85909,1.37,1.00
2017.08.11 12:33:14.674,0.859,0.8591,1.00,1.00
2017.08.11 12:33:15.200,0.859,0.85911,1.12,1.25
2017.08.11 12:33:15.302,0.85903,0.85913,1.00,1.00
2017.08.11 12:33:15.608,0.85903,0.85915,1.00,1.00
2017.08.11 12:33:16.157,0.85902,0.85914,1.87,1.00
2017.08.11 12:33:16.655,0.85902,0.85914,2.62,1.00
2017.08.11 12:33:17.179,0.85902,0.85914,1.87,1.00
2017.08.11 12:33:17.519,0.85903,0.85912,1.00,1.00
2017.08.11 12:33:17.847,0.85897,0.85904,3.00,1.00
2017.08.11 12:33:17.898,0.85892,0.85903,1.37,1.31
2017.08.11 12:33:18.209,0.85896,0.85906,1.50,1.69
2017.08.11 12:33:18.363,0.85893,0.85905,1.12,2.62
2017.08.11 12:33:18.601,0.85891,0.85903,1.87,1.19
2017.08.11 12:33:19.012,0.85898,0.85903,1.00,1.69
2017.08.11 12:33:19.066,0.85896,0.85902,1.00,1.00
2017.08.11 12:33:19.118,0.85898,0.85906,1.00,1.50
2017.08.11 12:33:19.365,0.85902,0.8591,1.00,1.19
2017.08.11 12:33:19.520,0.85899,0.8591,1.12,1.19
2017.08.11 12:33:19.674,0.85898,0.85905,1.00,1.25
2017.08.11 12:33:20.131,0.85899,0.85909,1.00,3.94
2017.08.11 12:33:20.182,0.85903,0.85911,1.00,1.69
2017.08.11 12:33:20.440,0.859,0.85909,1.12,1.25
2017.08.11 12:33:20.595,0.859,0.85908,1.00,1.19
2017.08.11 12:33:21.108,0.85899,0.85908,1.00,1.19
2017.08.11 12:33:21.848,0.85901,0.8591,1.00,1.19
2017.08.11 12:33:22.058,0.85903,0.85913,1.00,1.19
2017.08.11 12:33:22.112,0.85901,0.85911,1.00,1.50
2017.08.11 12:33:22.623,0.85901,0.85911,1.00,2.06
2017.08.11 12:33:22.675,0.85901,0.85911,1.00,1.12
2017.08.11 12:33:22.726,0.85903,0.85913,1.00,1.69
2017.08.11 12:33:22.936,0.85904,0.85914,1.00,1.25
2017.08.11 12:33:22.989,0.85904,0.85913,1.00,1.19
2017.08.11 12:33:23.093,0.85902,0.85913,1.00,1.56
2017.08.11 12:33:23.204,0.85902,0.85911,1.00,1.37
2017.08.11 12:33:23.511,0.85904,0.85914,1.00,1.19
2017.08.11 12:33:23.818,0.85908,0.85918,1.00,1.62
2017.08.11 12:33:24.034,0.85911,0.8592,1.00,1.19
2017.08.11 12:33:24.193,0.85915,0.85923,1.00,1.31
2017.08.11 12:33:24.245,0.85913,0.85923,1.00,2.06
2017.08.11 12:33:24.552,0.85914,0.85925,1.12,1.31
2017.08.11 12:33:24.701,0.85913,0.85923,1.00,1.50
2017.08.11 12:33:25.008,0.85917,0.85926,1.00,3.94
2017.08.11 12:33:25.214,0.85914,0.85924,1.00,1.00
2017.08.11 12:33:25.748,0.85914,0.85923,1.00,1.25
2017.08.11 12:33:26.109,0.85921,0.85926,1.00,1.69
2017.08.11 12:33:26.264,0.85922,0.85927,1.00,1.25
2017.08.11 12:33:26.465,0.8592,0.85924,2.25,1.00
2017.08.11 12:33:27.116,0.85914,0.85924,1.00,1.25
2017.08.11 12:33:27.369,0.85916,0.85926,1.00,1.25
2017.08.11 12:33:27.675,0.85915,0.85923,1.87,1.00
2017.08.11 12:33:27.880,0.85913,0.85925,1.12,1.19
2017.08.11 12:33:28.205,0.85914,0.85924,1.00,1.00
2017.08.11 12:33:28.359,0.85911,0.85923,2.25,1.00
2017.08.11 12:33:28.412,0.85911,0.8592,1.12,1.25
2017.08.11 12:33:28.720,0.85913,0.85923,1.12,1.12
2017.08.11 12:33:28.824,0.85916,0.85926,1.00,1.37
2017.08.11 12:33:29.116,0.85915,0.85927,1.12,1.25
2017.08.11 12:33:29.322,0.85916,0.85928,1.50,1.19
2017.08.11 12:33:29.629,0.85921,0.8593,1.00,1.69
2017.08.11 12:33:30.216,0.85919,0.85926,1.00,1.19
2017.08.11 12:33:30.523,0.8592,0.85928,1.00,1.19
2017.08.11 12:33:30.678,0.85918,0.8593,1.12,1.19
2017.08.11 12:33:30.984,0.85915,0.85926,1.50,1.00
2017.08.11 12:33:31.188,0.85913,0.85925,2.44,1.00
2017.08.11 12:33:31.239,0.85912,0.85924,2.06,1.69
2017.08.11 12:33:31.291,0.85914,0.85926,1.00,1.19
2017.08.11 12:33:31.495,0.85916,0.85928,1.12,1.31
2017.08.11 12:33:31.798,0.85921,0.85931,1.00,1.69
2017.08.11 12:33:31.952,0.85919,0.85931,1.00,1.69
2017.08.11 12:33:32.054,0.85921,0.85929,1.00,1.19
2017.08.11 12:33:32.259,0.85921,0.85931,1.00,1.19
2017.08.11 12:33:33.482,0.85921,0.8593,1.00,1.69
2017.08.11 12:33:33.534,0.85919,0.85929,1.00,1.19
2017.08.11 12:33:33.637,0.85926,0.8593,1.00,1.00
2017.08.11 12:33:33.688,0.85927,0.85934,1.75,1.50
2017.08.11 12:33:33.791,0.85929,0.8594,1.12,1.75
2017.08.11 12:33:33.996,0.85928,0.8594,1.87,1.56
2017.08.11 12:33:34.297,0.85932,0.85942,1.12,1.19
2017.08.11 12:33:34.349,0.85934,0.85944,1.00,1.19
2017.08.11 12:33:34.605,0.85935,0.85945,1.00,1.25
2017.08.11 12:33:34.656,0.85932,0.85944,1.00,1.19
2017.08.11 12:33:34.758,0.85932,0.85942,1.00,1.69
2017.08.11 12:33:35.310,0.85931,0.85942,1.12,1.19
2017.08.11 12:33:35.516,0.85927,0.85939,2.25,1.31
2017.08.11 12:33:36.177,0.85932,0.85941,1.12,1.19
2017.08.11 12:33:36.229,0.85934,0.85942,1.12,1.00
2017.08.11 12:33:36.536,0.85931,0.85943,1.00,1.00
2017.08.11 12:33:36.588,0.8593,0.85942,1.50,1.69
2017.08.11 12:33:36.796,0.85928,0.8594,1.87,1.00
2017.08.11 12:33:37.021,0.85928,0.85938,1.00,1.00
2017.08.11 12:33:37.073,0.85926,0.85937,1.00,1.00
2017.08.11 12:33:37.125,0.85928,0.85936,1.00,1.00
2017.08.11 12:33:37.330,0.85926,0.85938,1.00,3.94
2017.08.11 12:33:37.587,0.85928,0.85938,1.00,3.94
2017.08.11 12:33:38.121,0.85927,0.85937,1.12,1.69
2017.08.11 12:33:38.644,0.85928,0.85937,1.00,1.19
2017.08.11 12:33:39.328,0.85926,0.85936,1.37,1.25
2017.08.11 12:33:39.634,0.85929,0.85936,2.25,1.19
2017.08.11 12:33:39.850,0.85929,0.85937,3.37,1.00
2017.08.11 12:33:39.903,0.85933,0.85938,1.37,1.00
2017.08.11 12:33:40.006,0.85932,0.85941,1.87,1.00
2017.08.11 12:33:40.159,0.85934,0.85938,1.50,1.00
2017.08.11 12:33:40.211,0.85932,0.85939,1.00,1.00
2017.08.11 12:33:40.467,0.85929,0.85944,4.31,1.56
2017.08.11 12:33:40.622,0.8593,0.85937,1.50,1.00
2017.08.11 12:33:40.979,0.8593,0.85935,1.50,1.00
2017.08.11 12:33:41.031,0.8593,0.85937,1.50,1.00
2017.08.11 12:33:41.317,0.8593,0.8594,2.25,1.00
2017.08.11 12:33:41.369,0.85932,0.8594,1.37,1.00
2017.08.11 12:33:41.834,0.85933,0.85942,1.37,1.00
2017.08.11 12:33:42.319,0.85931,0.8594,1.69,1.00
2017.08.11 12:33:42.370,0.85932,0.85942,1.12,1.25
2017.08.11 12:33:42.421,0.8593,0.85938,3.00,1.00
2017.08.11 12:33:42.575,0.85932,0.85941,2.25,1.00
2017.08.11 12:33:42.813,0.85936,0.85944,1.12,1.00
2017.08.11 12:33:43.020,0.85933,0.8594,1.31,1.00
2017.08.11 12:33:43.072,0.85934,0.85943,3.00,1.00
2017.08.11 12:33:43.123,0.85937,0.85946,1.50,1.50
2017.08.11 12:33:43.658,0.8594,0.85946,1.00,1.00
2017.08.11 12:33:43.966,0.8594,0.85949,1.00,1.00
2017.08.11 12:33:44.174,0.8594,0.85947,1.00,1.00
2017.08.11 12:33:44.541,0.8594,0.8595,2.81,1.00
2017.08.11 12:33:44.695,0.85944,0.85952,1.37,1.00
2017.08.11 12:33:44.747,0.85944,0.85954,1.50,1.00
2017.08.11 12:33:44.849,0.85947,0.85954,1.37,1.00
2017.08.11 12:33:44.901,0.85946,0.85954,1.00,1.00
2017.08.11 12:33:45.162,0.85944,0.85953,1.87,1.00
2017.08.11 12:33:45.693,0.85943,0.85952,4.87,1.00
2017.08.11 12:33:45.797,0.8594,0.85949,1.37,1.00
2017.08.11 12:33:45.848,0.85938,0.85949,3.00,1.00
2017.08.11 12:33:45.900,0.85942,0.8595,1.50,1.00
2017.08.11 12:33:46.054,0.85942,0.85953,2.62,1.00
2017.08.11 12:33:46.172,0.85944,0.85953,1.37,1.00
2017.08.11 12:33:46.224,0.85946,0.85955,1.50,1.00
2017.08.11 12:33:46.326,0.85949,0.8596,1.00,2.06
2017.08.11 12:33:46.872,0.8595,0.8596,1.00,1.19
2017.08.11 12:33:46.923,0.85946,0.85957,1.87,1.00
2017.08.11 12:33:47.277,0.85946,0.85954,1.50,1.00
2017.08.11 12:33:47.329,0.85946,0.85958,2.25,1.25
2017.08.11 12:33:47.739,0.8595,0.85959,1.50,1.00
2017.08.11 12:33:47.791,0.85947,0.85959,3.37,1.00
2017.08.11 12:33:47.843,0.85949,0.85959,1.00,1.00
2017.08.11 12:33:48.258,0.85948,0.85956,1.50,1.00
2017.08.11 12:33:48.362,0.85949,0.8596,1.50,1.69
2017.08.11 12:33:48.466,0.85949,0.8596,1.87,1.50
2017.08.11 12:33:48.518,0.85952,0.85962,1.00,1.00
2017.08.11 12:33:48.863,0.85954,0.85963,1.00,1.25
2017.08.11 12:33:49.171,0.85954,0.8596,1.00,1.69
2017.08.11 12:33:49.711,0.85954,0.8596,1.00,1.19
2017.08.11 12:33:49.966,0.85954,0.85962,1.00,1.19
2017.08.11 12:33:50.120,0.85952,0.85962,1.50,1.19
2017.08.11 12:33:50.670,0.85951,0.85962,1.00,1.19
2017.08.11 12:33:50.875,0.85951,0.85963,1.50,1.00
2017.08.11 12:33:50.978,0.85954,0.85963,1.00,1.00
2017.08.11 12:33:51.183,0.85952,0.85964,1.12,1.00
2017.08.11 12:33:51.286,0.85953,0.85962,1.00,1.00
2017.08.11 12:33:51.474,0.85951,0.85963,2.25,1.00
2017.08.11 12:33:51.882,0.85949,0.85961,1.12,1.00
2017.08.11 12:33:52.276,0.8595,0.85962,2.25,1.19
2017.08.11 12:33:52.532,0.85952,0.85962,1.00,1.00
2017.08.11 12:33:52.688,0.85952,0.85963,2.62,1.00
2017.08.11 12:33:53.006,0.85952,0.85961,1.00,1.00
2017.08.11 12:33:53.525,0.8595,0.8596,1.87,1.00
2017.08.11 12:33:53.678,0.85949,0.85958,1.50,1.00
2017.08.11 12:33:54.198,0.85949,0.85957,1.00,1.00
2017.08.11 12:33:54.878,0.85957,0.85965,1.50,1.50
2017.08.11 12:33:54.931,0.85957,0.85967,1.87,1.62
2017.08.11 12:33:54.983,0.85959,0.85971,1.00,3.19
2017.08.11 12:33:55.035,0.8596,0.85972,1.00,1.69
2017.08.11 12:33:55.088,0.85962,0.85972,1.00,1.69
2017.08.11 12:33:55.140,0.85964,0.85974,1.00,1.25
2017.08.11 12:33:55.299,0.85966,0.85975,1.00,1.19
2017.08.11 12:33:55.409,0.85967,0.85977,1.00,1.69
2017.08.11 12:33:55.463,0.85966,0.85975,1.00,1.19
2017.08.11 12:33:55.585,0.85966,0.85976,1.00,1.19
2017.08.11 12:33:55.637,0.85968,0.85979,1.00,1.31
2017.08.11 12:33:55.947,0.85971,0.85982,1.00,2.81
2017.08.11 12:33:56.049,0.85971,0.85983,1.00,3.56
2017.08.11 12:33:56.401,0.85973,0.85983,1.00,2.44
2017.08.11 12:33:56.913,0.85972,0.85982,1.00,1.00
2017.08.11 12:33:58.846,0.85969,0.85981,2.25,1.00
2017.08.11 12:33:59.154,0.85969,0.85979,1.87,1.00
2017.08.11 12:33:59.512,0.85968,0.85977,1.31,1.00
2017.08.11 12:34:00.022,0.85967,0.85977,1.87,1.00
2017.08.11 12:34:00.435,0.85965,0.85975,1.31,1.00
2017.08.11 12:34:00.861,0.85962,0.85971,1.00,1.12
2017.08.11 12:34:01.014,0.8596,0.85972,1.00,1.25
2017.08.11 12:34:01.526,0.85963,0.85975,1.50,1.19
2017.08.11 12:34:01.731,0.85963,0.85975,1.00,1.25
2017.08.11 12:34:01.833,0.85964,0.85973,1.00,1.00
2017.08.11 12:34:01.936,0.85968,0.85978,1.00,1.31
2017.08.11 12:34:02.039,0.85971,0.85979,1.12,1.00
2017.08.11 12:34:02.346,0.85969,0.85978,1.00,1.00
2017.08.11 12:34:02.398,0.85967,0.85974,1.50,1.00
2017.08.11 12:34:02.503,0.85968,0.85977,1.12,1.00
2017.08.11 12:34:02.810,0.85969,0.85981,2.06,1.00
2017.08.11 12:34:02.912,0.85968,0.85979,1.12,1.00
2017.08.11 12:34:02.966,0.85967,0.85977,2.44,1.00
2017.08.11 12:34:03.472,0.85967,0.85976,1.50,1.00
2017.08.11 12:34:03.975,0.85964,0.85975,1.00,1.00
2017.08.11 12:34:04.488,0.85963,0.85974,1.00,1.00
2017.08.11 12:34:04.754,0.85964,0.85976,1.00,1.69
2017.08.11 12:34:04.911,0.85967,0.85977,1.00,1.00
2017.08.11 12:34:05.219,0.85971,0.85978,1.37,1.00
2017.08.11 12:34:05.586,0.85966,0.85976,2.44,1.00
2017.08.11 12:34:05.639,0.85969,0.85978,1.37,1.00
2017.08.11 12:34:05.694,0.8597,0.8598,1.00,1.00
2017.08.11 12:34:05.747,0.8597,0.8598,1.50,1.00
2017.08.11 12:34:06.054,0.85971,0.85978,1.31,1.00
2017.08.11 12:34:06.565,0.85971,0.8598,1.00,1.00
2017.08.11 12:34:06.620,0.85971,0.85978,1.12,1.00
2017.08.11 12:34:06.879,0.85963,0.85972,1.12,1.00
2017.08.11 12:34:06.982,0.85961,0.85971,1.25,1.00
2017.08.11 12:34:07.529,0.85962,0.85971,1.12,1.00
2017.08.11 12:34:07.987,0.85961,0.85969,1.00,1.00
2017.08.11 12:34:08.192,0.85958,0.85967,3.00,1.00
2017.08.11 12:34:08.516,0.85963,0.8597,1.37,1.00
2017.08.11 12:34:08.570,0.85963,0.85972,1.69,1.00
2017.08.11 12:34:08.674,0.85964,0.85974,1.50,1.00
2017.08.11 12:34:08.980,0.85963,0.85972,2.00,1.00
2017.08.11 12:34:09.290,0.85959,0.85967,1.00,1.00
2017.08.11 12:34:09.446,0.85959,0.8597,1.87,1.00
2017.08.11 12:34:09.499,0.85962,0.8597,1.00,1.00
2017.08.11 12:34:09.551,0.85962,0.85972,1.37,1.00
2017.08.11 12:34:09.705,0.85964,0.85974,1.00,1.00
2017.08.11 12:34:10.251,0.85963,0.85971,1.00,1.00
2017.08.11 12:34:10.506,0.85957,0.85968,1.31,1.00
2017.08.11 12:34:10.558,0.85956,0.85965,3.19,1.00
2017.08.11 12:34:10.609,0.85956,0.85965,2.44,1.00
2017.08.11 12:34:11.131,0.85957,0.85966,1.00,1.00
2017.08.11 12:34:12.009,0.85959,0.8597,1.37,1.12
2017.08.11 12:34:12.163,0.85962,0.85973,1.37,1.50
2017.08.11 12:34:12.296,0.85964,0.85975,1.31,1.37
2017.08.11 12:34:12.347,0.85966,0.85977,1.62,1.00
2017.08.11 12:34:12.399,0.85967,0.85977,1.19,1.00
2017.08.11 12:34:12.756,0.85971,0.85977,1.50,1.00
2017.08.11 12:34:13.045,0.85972,0.85979,1.50,1.00
2017.08.11 12:34:13.546,0.85971,0.85979,1.87,1.00
2017.08.11 12:34:13.801,0.85973,0.8598,1.00,1.00
2017.08.11 12:34:14.117,0.85976,0.85981,1.00,1.00
2017.08.11 12:34:14.222,0.85976,0.85984,3.00,1.00
2017.08.11 12:34:14.364,0.85977,0.85988,1.50,1.00
2017.08.11 12:34:14.415,0.85977,0.85988,2.25,1.00
2017.08.11 12:34:14.517,0.85979,0.85989,1.00,1.00
2017.08.11 12:34:14.723,0.8598,0.85989,2.25,1.00
2017.08.11 12:34:15.241,0.85983,0.8599,1.50,1.00
2017.08.11 12:34:15.403,0.85983,0.85992,2.25,1.00
2017.08.11 12:34:15.507,0.85983,0.85994,1.50,1.00
2017.08.11 12:34:15.559,0.85983,0.85994,1.12,1.00
2017.08.11 12:34:15.611,0.85983,0.85992,1.87,1.00
2017.08.11 12:34:16.248,0.85984,0.85993,1.12,1.00
2017.08.11 12:34:16.350,0.85987,0.85997,1.50,1.50
2017.08.11 12:34:16.402,0.85986,0.85993,1.37,1.00
2017.08.11 12:34:16.556,0.85983,0.85991,1.87,1.00
2017.08.11 12:34:16.658,0.85983,0.85989,1.50,1.00
2017.08.11 12:34:16.812,0.85983,0.85991,1.50,1.25
2017.08.11 12:34:17.020,0.85983,0.85989,1.50,1.00
2017.08.11 12:34:17.226,0.85982,0.85991,1.12,1.00
2017.08.11 12:34:17.278,0.85983,0.85992,2.81,1.00
2017.08.11 12:34:17.689,0.85986,0.85994,1.00,1.00
2017.08.11 12:34:18.236,0.85983,0.85994,3.19,1.00
2017.08.11 12:34:18.390,0.85983,0.85994,2.44,1.00
2017.08.11 12:34:18.441,0.85986,0.85994,1.50,1.00
2017.08.11 12:34:18.826,0.85987,0.85995,2.62,1.00
2017.08.11 12:34:19.124,0.85986,0.85994,1.00,1.00
2017.08.11 12:34:19.662,0.85986,0.85993,1.50,1.00
2017.08.11 12:34:19.816,0.85984,0.85993,1.00,1.00
2017.08.11 12:34:20.015,0.85984,0.85992,1.87,1.00
2017.08.11 12:34:20.067,0.85987,0.85995,1.69,1.00
2017.08.11 12:34:20.119,0.85988,0.85997,1.69,1.00
2017.08.11 12:34:20.223,0.8599,0.86001,3.56,1.69
2017.08.11 12:34:20.378,0.85991,0.86001,1.31,1.00
2017.08.11 12:34:20.880,0.85992,0.86001,1.00,1.00
2017.08.11 12:34:21.189,0.85987,0.85995,1.12,1.00
2017.08.11 12:34:21.293,0.85985,0.85994,1.50,1.00
2017.08.11 12:34:21.395,0.85987,0.85995,1.12,1.00
2017.08.11 12:34:21.498,0.85988,0.85997,1.31,1.00
2017.08.11 12:34:21.623,0.85988,0.85999,1.87,1.00
2017.08.11 12:34:21.935,0.85988,0.85997,2.06,1.00
2017.08.11 12:34:21.987,0.85988,0.85999,2.06,1.00
2017.08.11 12:34:22.192,0.85987,0.85996,1.50,1.00
2017.08.11 12:34:22.407,0.85987,0.85998,1.19,1.00
2017.08.11 12:34:22.510,0.85987,0.85996,2.06,1.00
2017.08.11 12:34:22.766,0.85989,0.85998,1.25,1.00
2017.08.11 12:34:22.921,0.85993,0.86002,1.00,2.25
2017.08.11 12:34:23.250,0.85987,0.85992,1.12,1.00
2017.08.11 12:34:23.354,0.85982,0.85993,1.00,2.81
2017.08.11 12:34:23.563,0.85986,0.85992,1.00,1.00
2017.08.11 12:34:23.615,0.85983,0.85992,1.37,1.00
2017.08.11 12:34:23.667,0.85981,0.8599,3.00,1.00
2017.08.11 12:34:23.719,0.85981,0.85992,3.19,1.00
2017.08.11 12:34:23.971,0.85985,0.85994,1.00,2.25
2017.08.11 12:34:24.023,0.85985,0.85996,1.00,1.00
2017.08.11 12:34:24.127,0.85983,0.85993,2.25,1.00
2017.08.11 12:34:24.435,0.85984,0.85995,2.62,1.00
2017.08.11 12:34:24.743,0.85988,0.85997,1.50,1.00
2017.08.11 12:34:25.052,0.85984,0.85993,1.31,1.00
2017.08.11 12:34:25.525,0.85986,0.85996,1.00,1.00
2017.08.11 12:34:25.628,0.85988,0.85996,1.00,1.00
2017.08.11 12:34:26.164,0.85988,0.85997,1.00,1.25
2017.08.11 12:34:26.665,0.85986,0.85997,1.12,1.87
2017.08.11 12:34:26.720,0.85988,0.85997,1.00,1.87
2017.08.11 12:34:27.029,0.8599,0.85997,1.00,1.00
2017.08.11 12:34:27.080,0.85987,0.85997,1.00,1.00
2017.08.11 12:34:27.343,0.85985,0.85996,1.50,1.37
2017.08.11 12:34:27.867,0.85987,0.85996,1.00,3.37
2017.08.11 12:34:28.278,0.85987,0.85998,1.87,1.12
2017.08.11 12:34:28.330,0.85989,0.85997,1.12,1.00
2017.08.11 12:34:28.382,0.85989,0.85999,1.50,1.12
2017.08.11 12:34:28.536,0.85992,0.86002,1.00,4.31
2017.08.11 12:34:28.691,0.8599,0.85998,1.12,1.00
2017.08.11 12:34:28.743,0.85992,0.85998,1.00,1.00
2017.08.11 12:34:28.902,0.85993,0.86,1.00,1.00
2017.08.11 12:34:29.006,0.85995,0.86002,1.00,3.37
2017.08.11 12:34:29.058,0.85993,0.86003,1.00,1.31
2017.08.11 12:34:29.161,0.85991,0.86002,1.50,1.00
2017.08.11 12:34:29.317,0.85993,0.86003,1.50,1.37
2017.08.11 12:34:29.421,0.85993,0.86004,1.87,1.00
2017.08.11 12:34:29.576,0.85993,0.86001,1.00,1.00
2017.08.11 12:34:29.729,0.85988,0.85997,1.12,1.00
2017.08.11 12:34:29.884,0.85986,0.85995,2.44,1.00
2017.08.11 12:34:30.194,0.85993,0.86002,1.37,1.00
2017.08.11 12:34:30.246,0.85994,0.86004,1.37,1.00
2017.08.11 12:34:30.402,0.85995,0.86005,1.12,1.00
2017.08.11 12:34:30.684,0.85994,0.86004,1.37,1.00
2017.08.11 12:34:30.789,0.85994,0.86001,1.00,1.00
2017.08.11 12:34:30.842,0.85993,0.86003,1.50,1.00
2017.08.11 12:34:30.894,0.85993,0.86001,2.62,1.00
2017.08.11 12:34:31.304,0.85994,0.85998,1.00,1.00
2017.08.11 12:34:31.519,0.85987,0.85997,1.94,1.00
2017.08.11 12:34:31.571,0.85988,0.85995,1.19,1.00
2017.08.11 12:34:31.622,0.85988,0.85997,2.44,1.00
2017.08.11 12:34:31.673,0.85989,0.86,1.69,1.00
2017.08.11 12:34:31.979,0.85996,0.86001,1.37,1.00
2017.08.11 12:34:32.285,0.85997,0.86003,1.37,1.00
2017.08.11 12:34:32.481,0.85999,0.86006,1.37,1.00
2017.08.11 12:34:32.533,0.86,0.86009,1.87,1.12
2017.08.11 12:34:32.585,0.86003,0.86008,1.37,1.00
2017.08.11 12:34:32.690,0.86,0.86005,1.00,1.00
2017.08.11 12:34:32.792,0.85997,0.86002,1.37,1.00
2017.08.11 12:34:32.844,0.85994,0.86001,2.06,1.00
2017.08.11 12:34:32.895,0.85994,0.86005,1.87,1.87
2017.08.11 12:34:32.947,0.85993,0.85998,1.25,1.00
2017.08.11 12:34:33.261,0.85988,0.85994,2.00,1.00
2017.08.11 12:34:33.415,0.85987,0.85993,1.87,1.00
2017.08.11 12:34:33.774,0.85985,0.85992,1.00,1.00
2017.08.11 12:34:34.122,0.85984,0.85995,1.12,1.50
2017.08.11 12:34:34.225,0.85981,0.85988,2.44,1.00
2017.08.11 12:34:34.431,0.85983,0.85991,1.31,1.00
2017.08.11 12:34:34.483,0.85983,0.85991,1.75,1.00
2017.08.11 12:34:34.829,0.85979,0.85988,1.50,1.00
2017.08.11 12:34:34.932,0.8598,0.85992,1.00,4.12
2017.08.11 12:34:35.137,0.8598,0.85985,1.12,1.00
2017.08.11 12:34:35.647,0.8598,0.85985,1.00,1.00
2017.08.11 12:34:36.005,0.85982,0.85987,1.50,1.00
2017.08.11 12:34:36.160,0.85982,0.8599,2.44,1.00
2017.08.11 12:34:36.675,0.85983,0.8599,2.25,1.00
2017.08.11 12:34:37.096,0.85983,0.85987,1.00,1.12
2017.08.11 12:34:37.149,0.8598,0.85985,1.00,1.00
2017.08.11 12:34:37.435,0.8598,0.85986,1.00,1.00
2017.08.11 12:34:38.014,0.8598,0.85984,1.12,1.00
2017.08.11 12:34:38.649,0.85978,0.85983,1.00,1.00
2017.08.11 12:34:39.006,0.85978,0.85985,1.12,1.00
2017.08.11 12:34:39.058,0.8598,0.85986,1.00,1.00
2017.08.11 12:34:39.592,0.8598,0.85985,1.00,1.00
2017.08.11 12:34:39.745,0.8598,0.85989,1.00,1.00
2017.08.11 12:34:39.798,0.85982,0.8599,1.00,1.00
2017.08.11 12:34:40.130,0.85984,0.85989,1.00,1.00
2017.08.11 12:34:40.659,0.85983,0.85988,1.00,1.00
2017.08.11 12:34:40.963,0.85982,0.85986,1.00,1.00
2017.08.11 12:34:41.320,0.8598,0.85984,1.00,1.00
2017.08.11 12:34:41.767,0.85981,0.85985,1.00,1.00
2017.08.11 12:34:41.872,0.85979,0.85983,1.00,1.00
2017.08.11 12:34:42.070,0.85977,0.85983,1.00,1.00
2017.08.11 12:34:43.003,0.85977,0.85984,1.12,1.00
2017.08.11 12:34:43.263,0.85975,0.85982,1.87,1.00
2017.08.11 12:34:43.590,0.85978,0.85983,1.00,1.87
2017.08.11 12:34:43.799,0.85975,0.85982,1.00,1.87
2017.08.11 12:34:44.004,0.85975,0.85982,1.00,1.00
2017.08.11 12:34:44.106,0.85972,0.8598,1.87,1.00
2017.08.11 12:34:44.668,0.85972,0.85981,1.00,1.00
2017.08.11 12:34:45.405,0.85972,0.85979,1.00,1.00
2017.08.11 12:34:46.139,0.85972,0.85981,1.12,1.12
2017.08.11 12:34:46.241,0.85972,0.85983,4.12,1.25
2017.08.11 12:34:46.295,0.85974,0.85984,1.00,1.19
2017.08.11 12:34:46.800,0.85974,0.85984,1.50,1.00
2017.08.11 12:34:46.953,0.85976,0.85987,1.00,1.87
2017.08.11 12:34:47.005,0.85979,0.85987,1.00,1.00
2017.08.11 12:34:47.108,0.8598,0.8599,1.00,1.00
2017.08.11 12:34:47.160,0.85982,0.8599,1.00,2.25
2017.08.11 12:34:47.212,0.85979,0.8599,1.50,1.50
2017.08.11 12:34:47.354,0.85977,0.85985,1.37,1.00
2017.08.11 12:34:47.407,0.85975,0.85986,1.00,2.25
2017.08.11 12:34:47.458,0.85975,0.85984,1.00,1.37
2017.08.11 12:34:48.031,0.85976,0.85985,1.00,1.50
2017.08.11 12:34:48.315,0.85976,0.85986,1.12,1.00
2017.08.11 12:34:48.367,0.85978,0.85986,1.00,1.50
2017.08.11 12:34:48.419,0.85977,0.85988,1.87,2.25
2017.08.11 12:34:48.676,0.85979,0.8599,2.25,1.87
2017.08.11 12:34:48.727,0.8598,0.85989,1.69,1.00
2017.08.11 12:34:48.831,0.85977,0.85988,1.31,1.00
2017.08.11 12:34:48.883,0.85977,0.85985,1.00,1.00
2017.08.11 12:34:49.384,0.85976,0.85986,1.00,1.00
2017.08.11 12:34:49.894,0.85977,0.85987,1.00,1.00
2017.08.11 12:34:50.404,0.85978,0.85987,1.00,1.50
2017.08.11 12:34:50.711,0.8598,0.85988,1.00,1.12
2017.08.11 12:34:51.046,0.85982,0.85991,1.00,3.00
2017.08.11 12:34:51.099,0.85982,0.85989,1.00,2.25
2017.08.11 12:34:51.620,0.85981,0.85988,1.00,1.25
2017.08.11 12:34:52.350,0.8598,0.85986,1.00,1.19
2017.08.11 12:34:52.401,0.85981,0.85987,1.00,1.69
2017.08.11 12:34:52.453,0.85977,0.85985,1.00,1.87
2017.08.11 12:34:52.504,0.85977,0.85986,1.12,1.25
2017.08.11 12:34:52.556,0.85979,0.85986,1.00,1.25
2017.08.11 12:34:52.864,0.85981,0.85988,1.12,1.00
2017.08.11 12:34:53.170,0.85983,0.8599,1.00,1.00
2017.08.11 12:34:53.589,0.85979,0.8599,1.75,1.50
2017.08.11 12:34:54.170,0.85979,0.85988,1.75,1.00
2017.08.11 12:34:54.375,0.8598,0.85991,1.87,2.06
2017.08.11 12:34:54.427,0.85982,0.85991,1.00,1.69
2017.08.11 12:34:54.732,0.85984,0.85991,1.50,1.00
2017.08.11 12:34:54.987,0.85984,0.85993,1.50,1.00
2017.08.11 12:34:55.143,0.85985,0.85996,1.12,2.44
2017.08.11 12:34:55.675,0.85986,0.85996,1.00,1.19
2017.08.11 12:34:56.064,0.85988,0.85996,1.00,1.56
2017.08.11 12:34:56.548,0.85988,0.85998,1.00,1.31
2017.08.11 12:34:56.599,0.8599,0.85998,1.00,1.19
2017.08.11 12:34:56.651,0.85988,0.85998,1.00,1.19
2017.08.11 12:34:56.957,0.8599,0.85999,1.00,2.81
2017.08.11 12:34:57.111,0.85991,0.86001,1.00,3.56
2017.08.11 12:34:57.214,0.8599,0.85999,1.00,1.69
2017.08.11 12:34:57.500,0.85985,0.85995,1.00,2.06
2017.08.11 12:34:57.553,0.85987,0.85995,1.00,2.62
2017.08.11 12:34:57.861,0.85983,0.85993,1.00,2.06
2017.08.11 12:34:57.913,0.85987,0.85994,1.00,1.56
2017.08.11 12:34:57.965,0.85987,0.85996,1.00,1.87
2017.08.11 12:34:58.016,0.85988,0.85997,1.00,1.12
2017.08.11 12:34:58.170,0.85989,0.86,1.50,1.00
2017.08.11 12:34:58.377,0.85989,0.85998,1.87,1.00
2017.08.11 12:34:58.889,0.85987,0.85997,1.87,1.00
2017.08.11 12:34:59.194,0.85989,0.85999,1.00,1.25
2017.08.11 12:34:59.248,0.85989,0.85997,1.00,1.00
2017.08.11 12:34:59.556,0.85987,0.85995,1.37,1.00
2017.08.11 12:35:00.117,0.85988,0.85996,1.00,1.00
2017.08.11 12:35:00.380,0.85986,0.85995,1.50,1.00
2017.08.11 12:35:00.483,0.85986,0.85993,1.50,1.00
2017.08.11 12:35:00.913,0.85987,0.85995,1.00,1.00
2017.08.11 12:35:01.067,0.8599,0.85999,2.62,1.00
2017.08.11 12:35:01.276,0.85993,0.86002,1.50,1.00
2017.08.11 12:35:01.481,0.85994,0.86004,1.87,1.25
2017.08.11 12:35:01.891,0.85997,0.86006,1.00,1.00
2017.08.11 12:35:02.200,0.86005,0.86012,1.00,1.12
2017.08.11 12:35:02.506,0.86005,0.8601,1.00,1.00
2017.08.11 12:35:03.047,0.86006,0.86011,1.00,1.00
2017.08.11 12:35:03.099,0.86004,0.86011,1.00,1.00
2017.08.11 12:35:03.272,0.86004,0.86013,1.00,1.25
2017.08.11 12:35:03.323,0.86008,0.86018,1.50,1.56
2017.08.11 12:35:03.579,0.86008,0.86019,1.87,1.00
2017.08.11 12:35:03.976,0.86012,0.86021,1.12,1.00
2017.08.11 12:35:04.079,0.86014,0.86025,3.00,1.00
2017.08.11 12:35:04.182,0.86013,0.86023,3.37,1.00
2017.08.11 12:35:04.234,0.86011,0.86022,3.37,1.12
2017.08.11 12:35:04.285,0.86013,0.86024,2.25,1.50
2017.08.11 12:35:04.337,0.86015,0.86024,1.12,1.37
2017.08.11 12:35:04.388,0.86015,0.86025,1.12,1.62
2017.08.11 12:35:04.490,0.86022,0.8603,1.00,4.31
2017.08.11 12:35:04.681,0.86023,0.86029,1.00,1.12
2017.08.11 12:35:04.733,0.86025,0.86029,1.00,1.00
2017.08.11 12:35:05.258,0.86025,0.8603,1.00,1.00
2017.08.11 12:35:05.812,0.86023,0.86029,1.00,1.00
2017.08.11 12:35:06.276,0.86021,0.86029,1.00,1.00
2017.08.11 12:35:06.819,0.8602,0.86028,1.00,1.00
2017.08.11 12:35:06.921,0.86018,0.86027,1.12,1.00
2017.08.11 12:35:07.127,0.86017,0.86025,1.00,1.00
2017.08.11 12:35:07.645,0.86016,0.86025,1.12,1.00
2017.08.11 12:35:07.900,0.86017,0.86028,3.00,1.50
2017.08.11 12:35:07.952,0.86017,0.86026,2.25,1.12
2017.08.11 12:35:08.266,0.86014,0.86025,1.50,1.87
2017.08.11 12:35:08.318,0.86014,0.86023,1.12,1.00
2017.08.11 12:35:08.471,0.86012,0.86023,2.62,1.00
2017.08.11 12:35:08.574,0.86014,0.86024,1.00,1.00
2017.08.11 12:35:08.831,0.86017,0.86028,1.12,1.00
2017.08.11 12:35:09.367,0.86018,0.86029,1.00,3.37
2017.08.11 12:35:09.471,0.86016,0.86025,1.50,1.00
2017.08.11 12:35:09.729,0.86018,0.86027,1.00,1.50
2017.08.11 12:35:10.050,0.86016,0.86025,1.00,1.00
2017.08.11 12:35:10.361,0.86008,0.86019,1.50,4.50
2017.08.11 12:35:10.668,0.86006,0.86014,1.00,1.00
2017.08.11 12:35:10.974,0.86008,0.86015,1.00,1.87
2017.08.11 12:35:11.027,0.86007,0.86015,1.00,1.87
2017.08.11 12:35:11.078,0.86004,0.86015,1.00,3.75
2017.08.11 12:35:11.500,0.86006,0.86012,1.00,1.12
2017.08.11 12:35:11.608,0.86007,0.86015,1.00,2.62
2017.08.11 12:35:11.660,0.86005,0.86014,1.00,1.12
2017.08.11 12:35:11.713,0.86004,0.86012,1.00,2.25
2017.08.11 12:35:11.766,0.86,0.8601,1.50,1.75
2017.08.11 12:35:11.870,0.86,0.86008,1.00,1.87
2017.08.11 12:35:12.421,0.85999,0.86008,1.50,2.62
2017.08.11 12:35:12.932,0.86,0.86008,1.00,2.62
2017.08.11 12:35:13.037,0.86002,0.86008,1.00,1.87
2017.08.11 12:35:13.537,0.86,0.86007,1.00,1.87
2017.08.11 12:35:13.693,0.85998,0.86006,1.00,1.50
2017.08.11 12:35:13.795,0.85996,0.86006,1.50,3.00
2017.08.11 12:35:14.258,0.85995,0.86001,1.00,1.00
2017.08.11 12:35:14.515,0.85992,0.86001,1.00,1.00
2017.08.11 12:35:15.607,0.85992,0.86002,1.00,1.12
2017.08.11 12:35:15.976,0.85992,0.86,1.00,1.00
2017.08.11 12:35:16.299,0.85994,0.85998,1.00,1.00
2017.08.11 12:35:16.351,0.85992,0.85997,1.00,1.00
2017.08.11 12:35:16.757,0.8599,0.85995,1.00,1.12
2017.08.11 12:35:16.862,0.85987,0.85993,1.00,1.12
2017.08.11 12:35:16.914,0.85982,0.85991,2.25,1.37
2017.08.11 12:35:16.968,0.85981,0.85988,2.44,1.00
2017.08.11 12:35:17.021,0.85982,0.8599,1.00,1.00
2017.08.11 12:35:17.073,0.8598,0.85987,1.19,1.00
2017.08.11 12:35:17.430,0.8598,0.85984,1.00,1.00
2017.08.11 12:35:17.941,0.8598,0.85985,1.00,1.00
2017.08.11 12:35:18.272,0.85979,0.85983,1.00,1.00
2017.08.11 12:35:18.588,0.8598,0.85986,1.00,1.00
2017.08.11 12:35:18.996,0.85979,0.85983,1.00,1.00
2017.08.11 12:35:19.320,0.85977,0.85983,1.00,1.00
2017.08.11 12:35:19.924,0.8598,0.85987,1.00,3.94
2017.08.11 12:35:20.230,0.85981,0.8599,1.00,1.69
2017.08.11 12:35:20.439,0.85979,0.85989,1.50,2.44
2017.08.11 12:35:20.491,0.85981,0.8599,1.00,4.31
2017.08.11 12:35:20.543,0.85982,0.8599,1.00,1.69
2017.08.11 12:35:20.942,0.85984,0.85991,1.00,1.31
2017.08.11 12:35:20.994,0.85983,0.85991,1.00,1.25
2017.08.11 12:35:21.096,0.8598,0.85991,1.12,1.69
2017.08.11 12:35:21.148,0.85982,0.85991,1.00,1.69
2017.08.11 12:35:21.199,0.8598,0.85991,1.00,2.06
2017.08.11 12:35:21.455,0.85979,0.85987,1.50,1.00
2017.08.11 12:35:22.006,0.85976,0.85986,4.12,1.00
2017.08.11 12:35:22.160,0.85978,0.85988,3.75,1.12
2017.08.11 12:35:22.607,0.85978,0.85983,1.00,1.00
2017.08.11 12:35:22.710,0.85973,0.85982,1.87,1.00
2017.08.11 12:35:22.865,0.85974,0.85981,1.00,1.87
2017.08.11 12:35:23.191,0.85969,0.8598,2.25,1.31
2017.08.11 12:35:23.651,0.85976,0.85981,1.50,1.00
2017.08.11 12:35:23.805,0.85977,0.85985,1.00,1.00
2017.08.11 12:35:24.110,0.85977,0.85986,1.37,1.00
2017.08.11 12:35:24.318,0.85979,0.85989,1.31,1.00
2017.08.11 12:35:24.370,0.8598,0.85987,1.87,1.00
2017.08.11 12:35:24.474,0.8598,0.85989,2.25,1.00
2017.08.11 12:35:24.526,0.85982,0.85992,1.00,1.37
2017.08.11 12:35:24.579,0.85983,0.85993,1.12,1.12
2017.08.11 12:35:24.742,0.85985,0.85994,1.00,1.00
2017.08.11 12:35:25.052,0.8598,0.85985,1.50,1.00
2017.08.11 12:35:25.258,0.85976,0.85984,2.81,1.00
2017.08.11 12:35:25.310,0.85978,0.85986,1.50,1.00
2017.08.11 12:35:25.363,0.85981,0.85988,1.50,1.00
2017.08.11 12:35:25.415,0.8598,0.85991,3.75,1.69
2017.08.11 12:35:25.561,0.85983,0.85993,3.37,1.00
2017.08.11 12:35:26.094,0.85984,0.85994,2.06,1.00
2017.08.11 12:35:26.197,0.85986,0.85996,1.87,1.00
2017.08.11 12:35:26.749,0.85987,0.85995,1.87,1.00
2017.08.11 12:35:26.966,0.8599,0.85998,1.50,1.00
2017.08.11 12:35:27.302,0.85989,0.85996,1.19,1.00
2017.08.11 12:35:27.353,0.85987,0.85996,1.00,1.00
2017.08.11 12:35:27.457,0.85987,0.85996,1.12,1.12
2017.08.11 12:35:27.612,0.85989,0.85999,1.87,1.50
2017.08.11 12:35:27.766,0.85991,0.86,1.00,1.00
2017.08.11 12:35:28.067,0.85994,0.86006,1.87,1.87
2017.08.11 12:35:28.374,0.85997,0.86004,1.00,1.37
2017.08.11 12:35:28.476,0.85996,0.86006,1.00,1.12
2017.08.11 12:35:28.529,0.85998,0.86006,1.00,1.12
2017.08.11 12:35:28.685,0.85999,0.8601,1.00,3.56
2017.08.11 12:35:28.884,0.86003,0.86014,1.00,2.44
2017.08.11 12:35:29.089,0.86004,0.86015,1.00,2.06
2017.08.11 12:35:29.243,0.86005,0.86016,1.00,3.56
2017.08.11 12:35:29.348,0.86007,0.86018,1.00,1.69
2017.08.11 12:35:29.502,0.86008,0.86018,1.00,1.25
2017.08.11 12:35:30.053,0.86009,0.86018,1.00,1.00
2017.08.11 12:35:30.259,0.86011,0.8602,1.00,3.56
2017.08.11 12:35:30.459,0.86004,0.86014,1.50,1.00
2017.08.11 12:35:30.512,0.86003,0.86012,1.00,1.12
2017.08.11 12:35:30.823,0.86005,0.86015,1.00,1.37
2017.08.11 12:35:30.927,0.86005,0.86015,1.00,1.12
2017.08.11 12:35:31.082,0.86002,0.86011,1.00,1.00
2017.08.11 12:35:31.286,0.86,0.8601,1.00,1.12
2017.08.11 12:35:31.491,0.86004,0.86013,1.00,1.75
2017.08.11 12:35:31.750,0.86008,0.86017,1.00,1.69
2017.08.11 12:35:32.109,0.86012,0.86018,1.00,1.50
2017.08.11 12:35:32.262,0.86008,0.86018,1.37,3.19
2017.08.11 12:35:32.314,0.86007,0.86015,1.50,1.50
2017.08.11 12:35:32.417,0.86005,0.86015,1.12,3.19
2017.08.11 12:35:32.468,0.86005,0.86014,1.00,1.12
2017.08.11 12:35:32.857,0.86009,0.86018,1.00,2.81
2017.08.11 12:35:32.959,0.86009,0.86018,1.00,2.44
2017.08.11 12:35:33.011,0.86009,0.86017,1.00,1.50
2017.08.11 12:35:33.063,0.86007,0.86017,1.00,4.31
2017.08.11 12:35:33.167,0.86008,0.86015,1.00,1.37
2017.08.11 12:35:33.730,0.86007,0.86015,1.00,1.37
2017.08.11 12:35:33.782,0.86007,0.86017,1.00,2.44
2017.08.11 12:35:34.315,0.86005,0.86014,1.12,2.62
2017.08.11 12:35:34.419,0.86003,0.86012,1.12,1.12
2017.08.11 12:35:34.801,0.86001,0.86011,1.00,2.06
2017.08.11 12:35:35.110,0.86003,0.86012,1.12,1.75
2017.08.11 12:35:35.480,0.86005,0.86012,1.00,2.25
2017.08.11 12:35:35.736,0.86003,0.86012,1.12,1.37
2017.08.11 12:35:35.789,0.86003,0.86012,1.12,1.50
2017.08.11 12:35:35.994,0.86002,0.8601,1.00,1.00
2017.08.11 12:35:36.307,0.85998,0.86009,2.25,1.12
2017.08.11 12:35:36.846,0.85998,0.86008,1.25,1.00
2017.08.11 12:35:37.050,0.86001,0.86011,1.87,1.12
2017.08.11 12:35:37.255,0.86002,0.86013,1.12,1.00
2017.08.11 12:35:37.794,0.86,0.86012,1.50,1.00
2017.08.11 12:35:38.050,0.86001,0.86014,1.12,3.00
2017.08.11 12:35:38.170,0.86001,0.86014,1.69,2.62
2017.08.11 12:35:38.681,0.86001,0.86014,1.12,2.44
2017.08.11 12:35:39.232,0.86001,0.86011,1.37,1.00
2017.08.11 12:35:39.677,0.86,0.86012,1.87,1.00
2017.08.11 12:35:39.728,0.85997,0.86008,4.12,1.37
2017.08.11 12:35:39.881,0.85995,0.86008,2.44,1.87
2017.08.11 12:35:39.933,0.85998,0.86008,1.00,1.00
2017.08.11 12:35:40.239,0.86001,0.86013,1.00,5.44
2017.08.11 12:35:40.545,0.86004,0.86015,1.12,3.19
2017.08.11 12:35:40.648,0.86005,0.86016,1.00,3.56
2017.08.11 12:35:40.853,0.86008,0.86018,1.12,1.19
2017.08.11 12:35:41.064,0.86006,0.86016,1.12,1.50
2017.08.11 12:35:41.602,0.86005,0.86015,1.12,1.50
2017.08.11 12:35:41.756,0.86006,0.86016,1.50,1.50
2017.08.11 12:35:42.078,0.86004,0.86014,2.44,1.00
2017.08.11 12:35:42.385,0.86014,0.86019,1.00,1.00
2017.08.11 12:35:42.437,0.86012,0.86023,1.87,1.00
2017.08.11 12:35:42.539,0.86013,0.86024,1.00,1.75
2017.08.11 12:35:42.745,0.86014,0.86027,1.62,4.12
2017.08.11 12:35:42.796,0.86012,0.86023,2.44,1.00
2017.08.11 12:35:42.949,0.86013,0.86025,1.12,1.00
2017.08.11 12:35:43.515,0.86013,0.86025,1.50,1.37
2017.08.11 12:35:44.048,0.86014,0.86025,1.12,1.87
2017.08.11 12:35:44.252,0.86014,0.86026,2.25,2.25
2017.08.11 12:35:44.457,0.86013,0.86023,4.12,1.00
2017.08.11 12:35:44.631,0.86012,0.86024,2.25,2.25
2017.08.11 12:35:44.683,0.8601,0.86021,1.25,1.00
2017.08.11 12:35:44.993,0.8601,0.86017,1.00,1.00
2017.08.11 12:35:45.345,0.86006,0.86012,1.37,1.00
2017.08.11 12:35:45.447,0.86004,0.86012,1.37,1.00
2017.08.11 12:35:45.552,0.86002,0.86011,1.00,1.00
2017.08.11 12:35:45.757,0.86,0.8601,1.56,1.50
2017.08.11 12:35:46.060,0.85999,0.86007,1.12,1.12
2017.08.11 12:35:46.163,0.85995,0.86004,1.50,1.00
2017.08.11 12:35:46.215,0.85996,0.86005,1.56,1.12
2017.08.11 12:35:46.474,0.86007,0.86017,1.50,1.00
2017.08.11 12:35:46.526,0.86008,0.86017,1.50,1.00
2017.08.11 12:35:46.746,0.86009,0.8602,1.31,1.00
2017.08.11 12:35:46.849,0.86011,0.86022,2.44,1.00
2017.08.11 12:35:46.952,0.86014,0.86024,1.00,1.50
2017.08.11 12:35:47.106,0.86014,0.86019,1.00,1.00
2017.08.11 12:35:47.312,0.85994,0.86003,2.62,1.00
2017.08.11 12:35:47.456,0.85994,0.86001,2.25,1.00
2017.08.11 12:35:47.663,0.85982,0.85992,1.69,1.00
2017.08.11 12:35:48.176,0.85984,0.85993,2.25,1.00
2017.08.11 12:35:48.402,0.85985,0.85996,1.37,1.00
2017.08.11 12:35:48.454,0.85988,0.85998,1.12,1.50
2017.08.11 12:35:48.609,0.85988,0.85998,1.00,1.00
2017.08.11 12:35:48.662,0.85988,0.85996,1.00,1.00
2017.08.11 12:35:49.483,0.85987,0.85997,1.37,1.00
2017.08.11 12:35:49.792,0.85989,0.85996,1.37,1.00
2017.08.11 12:35:50.036,0.85989,0.85998,1.50,1.00
2017.08.11 12:35:50.547,0.85987,0.85994,2.62,1.00
2017.08.11 12:35:50.702,0.85985,0.85994,1.87,3.00
2017.08.11 12:35:50.754,0.85988,0.85993,1.37,1.00
2017.08.11 12:35:50.949,0.85987,0.85995,2.62,1.00
2017.08.11 12:35:51.204,0.85987,0.85997,1.12,1.00
2017.08.11 12:35:51.411,0.85988,0.85995,1.12,1.00
2017.08.11 12:35:51.789,0.85983,0.85992,1.19,1.00
2017.08.11 12:35:51.843,0.85989,0.85995,1.37,1.37
2017.08.11 12:35:51.896,0.85989,0.85996,1.37,1.00
2017.08.11 12:35:52.431,0.85989,0.85995,1.37,1.00
2017.08.11 12:35:52.482,0.85989,0.85997,1.37,1.00
2017.08.11 12:35:52.988,0.85988,0.85997,2.44,1.00
2017.08.11 12:35:53.205,0.85995,0.85999,1.00,1.12
2017.08.11 12:35:53.513,0.86007,0.86012,1.00,1.00
2017.08.11 12:35:53.667,0.86008,0.86017,1.00,2.25
2017.08.11 12:35:53.718,0.8601,0.86018,1.00,1.87
2017.08.11 12:35:53.771,0.86008,0.86018,1.12,1.00
2017.08.11 12:35:53.873,0.8601,0.86018,1.00,1.00
2017.08.11 12:35:54.327,0.86014,0.86022,1.00,3.00
2017.08.11 12:35:54.481,0.86015,0.86024,1.00,1.12
2017.08.11 12:35:54.583,0.86015,0.86024,1.00,1.00
2017.08.11 12:35:54.941,0.86017,0.86025,1.00,4.50
2017.08.11 12:35:55.292,0.86025,0.86037,1.50,3.00
2017.08.11 12:35:55.394,0.86025,0.86036,1.00,1.37
2017.08.11 12:35:55.905,0.86024,0.86035,1.25,1.75
2017.08.11 12:35:56.517,0.86023,0.86031,1.19,1.00
2017.08.11 12:35:56.824,0.86023,0.86034,4.69,1.12
2017.08.11 12:35:56.875,0.86025,0.86034,1.19,1.00
2017.08.11 12:35:57.516,0.86024,0.86032,2.06,1.00
2017.08.11 12:35:57.618,0.86023,0.86031,1.69,1.00
2017.08.11 12:35:57.721,0.86024,0.86033,1.31,1.00
2017.08.11 12:35:57.823,0.86025,0.86035,1.31,1.00
2017.08.11 12:35:57.926,0.86026,0.86035,1.19,1.00
2017.08.11 12:35:58.211,0.86023,0.86033,2.44,1.00
2017.08.11 12:35:58.314,0.86026,0.86034,1.19,1.00
2017.08.11 12:35:59.470,0.86027,0.86032,1.25,1.00
2017.08.11 12:35:59.572,0.86024,0.86032,2.06,1.00
2017.08.11 12:35:59.677,0.86022,0.8603,1.62,1.00
2017.08.11 12:35:59.832,0.86022,0.86029,1.25,1.00
2017.08.11 12:35:59.883,0.86022,0.86026,1.25,1.00
2017.08.11 12:35:59.935,0.86018,0.86027,1.31,1.00
2017.08.11 12:36:00.224,0.86018,0.86025,1.19,1.00
2017.08.11 12:36:00.275,0.86016,0.86025,1.31,1.00
2017.08.11 12:36:00.327,0.86019,0.86027,1.25,1.00
2017.08.11 12:36:00.688,0.86021,0.86028,1.25,1.75
2017.08.11 12:36:00.915,0.86017,0.86026,1.69,1.00
2017.08.11 12:36:01.275,0.86016,0.86025,1.25,1.00
2017.08.11 12:36:01.428,0.86018,0.86026,1.25,1.12
2017.08.11 12:36:01.748,0.86021,0.86029,1.00,1.50
2017.08.11 12:36:01.800,0.86019,0.86027,1.25,1.12
2017.08.11 12:36:01.902,0.8602,0.86028,1.19,1.00
2017.08.11 12:36:02.210,0.86016,0.86022,1.19,1.87
2017.08.11 12:36:02.363,0.86014,0.86022,1.31,1.87
2017.08.11 12:36:02.638,0.86012,0.86023,1.12,1.87
2017.08.11 12:36:03.166,0.86011,0.86023,4.31,1.12
2017.08.11 12:36:03.709,0.86012,0.8602,1.50,1.00
2017.08.11 12:36:04.017,0.86012,0.86023,1.37,1.00
2017.08.11 12:36:04.222,0.8601,0.86018,5.62,1.00
2017.08.11 12:36:04.540,0.86012,0.8602,1.50,2.62
2017.08.11 12:36:04.592,0.86013,0.86023,1.00,1.25
2017.08.11 12:36:04.746,0.86012,0.86025,3.00,1.12
2017.08.11 12:36:04.849,0.86015,0.86028,2.62,4.12
2017.08.11 12:36:05.154,0.86016,0.86025,1.37,1.00
2017.08.11 12:36:05.206,0.86016,0.86027,2.62,1.00
2017.08.11 12:36:05.521,0.86013,0.86024,1.31,1.00
2017.08.11 12:36:05.829,0.86017,0.86028,1.12,1.87
2017.08.11 12:36:06.232,0.86016,0.86026,1.50,1.00
2017.08.11 12:36:06.767,0.86016,0.86026,2.25,1.00
2017.08.11 12:36:07.320,0.86016,0.86027,2.25,1.00
2017.08.11 12:36:07.630,0.86012,0.86022,1.19,1.50
2017.08.11 12:36:07.955,0.86012,0.8602,1.25,1.00
2017.08.11 12:36:08.371,0.86015,0.86023,1.25,1.12
2017.08.11 12:36:08.682,0.86012,0.86017,1.12,1.00
2017.08.11 12:36:08.734,0.86012,0.86022,1.12,1.50
2017.08.11 12:36:09.269,0.86012,0.86022,1.31,1.50
2017.08.11 12:36:09.802,0.86012,0.86021,1.31,1.00
2017.08.11 12:36:10.205,0.86009,0.86018,1.69,1.00
2017.08.11 12:36:10.258,0.86009,0.86016,1.00,1.00
2017.08.11 12:36:10.309,0.86007,0.86016,1.00,1.50
2017.08.11 12:36:10.361,0.86006,0.86015,1.31,1.00
2017.08.11 12:36:10.633,0.86008,0.86018,1.19,1.00
2017.08.11 12:36:11.144,0.86008,0.86017,2.62,1.00
2017.08.11 12:36:11.707,0.86012,0.86022,1.25,1.75
2017.08.11 12:36:12.014,0.86015,0.86025,2.06,1.00
2017.08.11 12:36:12.621,0.86016,0.86026,1.19,1.87
2017.08.11 12:36:12.925,0.8602,0.86029,1.87,1.50
2017.08.11 12:36:13.028,0.86021,0.8603,1.50,1.00
2017.08.11 12:36:13.079,0.8602,0.8603,1.00,1.00
2017.08.11 12:36:13.804,0.86018,0.86028,1.50,1.00
2017.08.11 12:36:14.338,0.86018,0.86027,1.12,1.00
2017.08.11 12:36:14.760,0.86018,0.86025,1.00,1.00
2017.08.11 12:36:15.365,0.86018,0.86026,1.87,1.00
2017.08.11 12:36:15.898,0.8602,0.86026,1.00,1.00
2017.08.11 12:36:16.000,0.86021,0.86029,1.37,1.00
2017.08.11 12:36:16.459,0.8602,0.86028,1.50,1.00
2017.08.11 12:36:17.022,0.86021,0.86028,1.87,1.00
2017.08.11 12:36:17.128,0.86017,0.86028,1.62,1.12
2017.08.11 12:36:17.230,0.86016,0.86027,3.75,1.50
2017.08.11 12:36:17.334,0.86017,0.86027,1.50,1.12
2017.08.11 12:36:17.874,0.86018,0.86029,1.00,4.12
2017.08.11 12:36:18.129,0.86021,0.8603,1.00,3.75
2017.08.11 12:36:18.232,0.86022,0.86031,1.00,1.12
2017.08.11 12:36:19.022,0.8602,0.8603,2.25,1.00
2017.08.11 12:36:19.277,0.86022,0.86032,1.00,2.25
2017.08.11 12:36:19.478,0.86023,0.86034,1.50,1.00
2017.08.11 12:36:19.733,0.86023,0.86032,1.00,1.00
2017.08.11 12:36:19.836,0.86021,0.86031,1.87,1.00
2017.08.11 12:36:20.335,0.86021,0.86029,1.12,1.00
2017.08.11 12:36:20.387,0.86021,0.86032,1.12,2.25
2017.08.11 12:36:20.541,0.86025,0.86034,1.50,1.37
2017.08.11 12:36:20.852,0.86029,0.86033,1.00,1.00
2017.08.11 12:36:20.955,0.86032,0.86039,1.00,1.50
2017.08.11 12:36:21.135,0.86032,0.86041,1.00,1.00
2017.08.11 12:36:21.239,0.86031,0.86041,1.00,1.75
2017.08.11 12:36:21.547,0.86033,0.86041,1.00,2.62
2017.08.11 12:36:21.649,0.86033,0.86042,1.00,1.00
2017.08.11 12:36:21.885,0.86035,0.86042,1.00,1.00
2017.08.11 12:36:22.263,0.86033,0.86042,1.00,1.12
2017.08.11 12:36:22.776,0.86032,0.86042,1.00,2.25
2017.08.11 12:36:22.879,0.86035,0.86042,1.00,2.25
2017.08.11 12:36:22.930,0.86033,0.86042,1.00,1.87
2017.08.11 12:36:23.033,0.86035,0.86042,1.00,1.50
2017.08.11 12:36:23.136,0.86037,0.86045,1.00,2.44
2017.08.11 12:36:23.188,0.86035,0.86046,1.00,3.37
2017.08.11 12:36:23.291,0.86037,0.86045,1.00,1.12
2017.08.11 12:36:23.630,0.86032,0.86038,2.25,2.62
2017.08.11 12:36:23.937,0.86033,0.8604,1.00,2.62
2017.08.11 12:36:24.039,0.86033,0.8604,1.00,2.25
2017.08.11 12:36:24.091,0.8603,0.86039,1.00,1.00
2017.08.11 12:36:24.142,0.86026,0.86037,2.25,3.00
2017.08.11 12:36:24.458,0.86027,0.86035,1.00,1.12
2017.08.11 12:36:24.967,0.86028,0.86035,1.00,1.00
2017.08.11 12:36:25.223,0.86026,0.86035,1.00,1.00
2017.08.11 12:36:25.321,0.86026,0.86036,1.00,3.37
2017.08.11 12:36:25.632,0.86032,0.86036,1.00,1.00
2017.08.11 12:36:25.683,0.86032,0.86039,1.00,1.19
2017.08.11 12:36:25.890,0.86033,0.8604,1.00,1.12
2017.08.11 12:36:26.338,0.86032,0.86038,1.00,1.00
2017.08.11 12:36:26.849,0.86032,0.86039,1.00,2.44
2017.08.11 12:36:27.178,0.86026,0.86033,1.00,1.00
2017.08.11 12:36:27.875,0.86028,0.86033,1.00,1.00
2017.08.11 12:36:28.385,0.86025,0.86033,1.00,1.00
2017.08.11 12:36:28.436,0.86025,0.86035,1.00,1.25
2017.08.11 12:36:28.488,0.86025,0.86032,1.00,1.50
2017.08.11 12:36:28.664,0.86022,0.86032,1.00,1.69
2017.08.11 12:36:28.921,0.8602,0.8603,1.00,1.87
2017.08.11 12:36:28.973,0.86019,0.86028,1.50,1.37
2017.08.11 12:36:29.358,0.86017,0.86026,1.12,1.00
2017.08.11 12:36:29.461,0.86019,0.86026,1.00,1.50
2017.08.11 12:36:29.616,0.86018,0.86027,2.25,1.12
2017.08.11 12:36:29.719,0.86018,0.86023,1.00,1.00
2017.08.11 12:36:29.976,0.86019,0.86027,1.00,2.25
2017.08.11 12:36:30.352,0.86018,0.86025,1.00,1.12
2017.08.11 12:36:30.455,0.86014,0.86023,1.00,3.94
2017.08.11 12:36:30.660,0.86013,0.86021,1.00,1.50
2017.08.11 12:36:30.969,0.86017,0.86024,1.00,1.00
2017.08.11 12:36:31.276,0.86019,0.86025,1.00,2.25
2017.08.11 12:36:31.328,0.86014,0.86023,1.87,2.25
2017.08.11 12:36:31.379,0.86012,0.8602,3.37,1.12
2017.08.11 12:36:31.483,0.86009,0.86019,1.00,1.31
2017.08.11 12:36:31.586,0.86007,0.86018,1.00,1.69
2017.08.11 12:36:32.104,0.86008,0.86017,1.00,1.00
2017.08.11 12:36:32.465,0.86007,0.86017,1.00,2.44
2017.08.11 12:36:33.343,0.86006,0.86014,1.00,1.25
2017.08.11 12:36:33.674,0.86009,0.86016,1.00,1.50
2017.08.11 12:36:34.194,0.8601,0.86015,1.00,1.50
2017.08.11 12:36:34.248,0.8601,0.86017,1.00,1.00
2017.08.11 12:36:35.980,0.86011,0.86017,1.00,2.25
2017.08.11 12:36:36.555,0.86011,0.86019,1.00,1.25
2017.08.11 12:36:36.811,0.8601,0.86018,1.00,1.19
2017.08.11 12:36:37.015,0.86007,0.86015,1.00,2.25
2017.08.11 12:36:37.219,0.86007,0.86013,1.00,1.00
2017.08.11 12:36:37.556,0.86009,0.86014,1.00,1.00
2017.08.11 12:36:38.063,0.8601,0.86014,1.00,1.00
2017.08.11 12:36:38.114,0.8601,0.86017,1.00,2.25
2017.08.11 12:36:38.217,0.86011,0.86019,1.00,1.50
2017.08.11 12:36:38.731,0.86014,0.8602,1.00,1.50
2017.08.11 12:36:38.986,0.86014,0.86023,1.00,2.62
2017.08.11 12:36:39.140,0.86016,0.86024,1.00,1.00
2017.08.11 12:36:39.567,0.86014,0.86024,1.00,1.12
2017.08.11 12:36:39.924,0.86015,0.86022,1.00,1.00
2017.08.11 12:36:40.078,0.86013,0.86022,1.00,1.00
2017.08.11 12:36:40.384,0.86011,0.86022,1.25,4.12
2017.08.11 12:36:40.947,0.86011,0.86019,1.25,1.00
2017.08.11 12:36:41.680,0.86009,0.86018,1.00,1.12
2017.08.11 12:36:41.784,0.86009,0.86018,1.00,2.25
2017.08.11 12:36:42.140,0.8601,0.86018,1.00,1.12
2017.08.11 12:36:42.504,0.86012,0.86018,1.00,1.12
2017.08.11 12:36:43.008,0.8601,0.86018,1.00,1.12
2017.08.11 12:36:43.327,0.86009,0.86016,1.00,1.37
2017.08.11 12:36:43.493,0.86007,0.86017,1.00,3.00
2017.08.11 12:36:44.420,0.86003,0.86011,1.37,1.37
2017.08.11 12:36:44.471,0.86001,0.86009,1.37,1.00
2017.08.11 12:36:44.523,0.85999,0.86008,2.25,1.00
2017.08.11 12:36:44.574,0.86002,0.86007,1.00,1.00
2017.08.11 12:36:44.729,0.86,0.86007,1.00,1.00
2017.08.11 12:36:45.242,0.85999,0.86007,1.00,1.87
2017.08.11 12:36:46.051,0.85997,0.86005,1.00,1.37
2017.08.11 12:36:46.338,0.86,0.86008,1.50,1.00
2017.08.11 12:36:46.389,0.86,0.8601,1.00,4.12
2017.08.11 12:36:46.543,0.86001,0.8601,1.00,1.00
2017.08.11 12:36:46.849,0.86003,0.86011,1.00,1.12
2017.08.11 12:36:47.491,0.86003,0.86013,1.00,1.87
2017.08.11 12:36:47.543,0.86001,0.86012,1.00,2.62
2017.08.11 12:36:48.045,0.86002,0.86011,1.00,1.00
2017.08.11 12:36:48.405,0.86003,0.86009,1.00,1.37
2017.08.11 12:36:48.457,0.86002,0.86011,2.25,1.00
2017.08.11 12:36:48.510,0.86001,0.86008,1.00,2.62
2017.08.11 12:36:48.615,0.86003,0.86013,1.00,2.25
2017.08.11 12:36:48.796,0.86004,0.86013,1.00,1.50
2017.08.11 12:36:48.898,0.86007,0.86013,1.00,1.00
2017.08.11 12:36:49.052,0.86009,0.86016,1.00,1.00
2017.08.11 12:36:49.104,0.8601,0.86016,1.69,1.00
2017.08.11 12:36:49.427,0.86016,0.86022,1.00,1.87
2017.08.11 12:36:49.486,0.86017,0.86022,1.00,1.00
2017.08.11 12:36:49.538,0.86015,0.86022,1.00,1.00
2017.08.11 12:36:50.051,0.86016,0.86023,1.00,1.12
2017.08.11 12:36:50.337,0.86017,0.86025,1.00,1.00
2017.08.11 12:36:50.491,0.86015,0.86026,1.00,2.62
2017.08.11 12:36:50.542,0.86015,0.86022,1.00,1.50
2017.08.11 12:36:50.594,0.86012,0.86021,1.00,1.00
2017.08.11 12:36:50.646,0.86011,0.86019,1.00,1.50
2017.08.11 12:36:50.996,0.86003,0.86012,2.14,1.00
2017.08.11 12:36:51.305,0.86002,0.8601,1.37,1.00
2017.08.11 12:36:51.734,0.86002,0.86012,1.87,1.00
2017.08.11 12:36:51.787,0.86004,0.86012,1.56,1.00
2017.08.11 12:36:52.145,0.86002,0.8601,1.69,1.00
2017.08.11 12:36:52.248,0.86001,0.86012,2.81,1.00
2017.08.11 12:36:52.385,0.86004,0.86012,1.19,1.00
2017.08.11 12:36:52.696,0.86018,0.86027,1.50,1.37
2017.08.11 12:36:52.748,0.86018,0.86028,1.87,1.00
2017.08.11 12:36:52.905,0.86019,0.86026,1.00,1.00
2017.08.11 12:36:53.417,0.86018,0.86027,1.37,1.00
2017.08.11 12:36:53.724,0.86023,0.86032,1.50,1.50
2017.08.11 12:36:54.029,0.86024,0.86034,1.62,1.00
2017.08.11 12:36:54.133,0.86027,0.86035,1.87,1.00
2017.08.11 12:36:54.751,0.86026,0.86035,1.25,1.37
2017.08.11 12:36:54.807,0.86026,0.86037,3.56,2.25
2017.08.11 12:36:54.962,0.86025,0.86034,1.56,1.00
2017.08.11 12:36:55.468,0.86025,0.86034,1.56,1.12
2017.08.11 12:36:55.800,0.86023,0.86032,1.31,1.12
2017.08.11 12:36:55.953,0.86025,0.86034,1.25,2.25
2017.08.11 12:36:56.005,0.86025,0.86034,1.12,1.50
2017.08.11 12:36:56.378,0.86022,0.86033,1.37,2.25
2017.08.11 12:36:56.632,0.8602,0.86031,3.19,1.00
2017.08.11 12:36:56.686,0.86023,0.86031,1.50,1.00
2017.08.11 12:36:56.993,0.86023,0.86033,2.81,1.50
2017.08.11 12:36:57.312,0.86026,0.86035,1.69,3.37
2017.08.11 12:36:57.518,0.86034,0.86043,1.56,1.37
2017.08.11 12:36:57.570,0.86036,0.86044,1.00,1.00
2017.08.11 12:36:57.674,0.86038,0.86047,1.87,1.00
2017.08.11 12:36:57.789,0.86037,0.86047,2.25,1.00
2017.08.11 12:36:57.841,0.86041,0.86053,2.81,1.00
2017.08.11 12:36:57.894,0.86044,0.86053,1.69,1.00
2017.08.11 12:36:58.055,0.86043,0.86052,1.00,1.00
2017.08.11 12:36:58.159,0.86046,0.8605,1.25,1.00
2017.08.11 12:36:58.211,0.86042,0.8605,2.06,1.00
2017.08.11 12:36:58.315,0.86041,0.86048,1.56,1.00
2017.08.11 12:36:58.544,0.8604,0.86048,1.31,1.00
2017.08.11 12:36:58.852,0.86041,0.86048,1.19,1.00
2017.08.11 12:36:59.290,0.86044,0.86049,1.19,1.00
2017.08.11 12:36:59.346,0.86044,0.86052,1.31,1.00
2017.08.11 12:36:59.656,0.86043,0.86049,2.62,1.00
2017.08.11 12:36:59.708,0.86043,0.86054,2.44,1.12
2017.08.11 12:36:59.761,0.86043,0.8605,1.31,1.00
2017.08.11 12:36:59.812,0.86041,0.8605,5.44,1.00
2017.08.11 12:36:59.971,0.86042,0.86048,1.31,1.00
2017.08.11 12:37:00.073,0.86041,0.86048,2.44,1.00
2017.08.11 12:37:00.583,0.86041,0.86049,2.81,1.00
2017.08.11 12:37:00.934,0.8604,0.86047,1.69,1.00
2017.08.11 12:37:01.088,0.86038,0.86048,2.44,1.00
2017.08.11 12:37:01.634,0.8604,0.86047,1.19,1.00
2017.08.11 12:37:01.945,0.86042,0.86048,1.31,1.00
2017.08.11 12:37:01.997,0.86039,0.86046,1.94,1.00
2017.08.11 12:37:02.049,0.86038,0.86045,2.81,1.00
2017.08.11 12:37:02.101,0.86039,0.86049,1.94,3.00
2017.08.11 12:37:02.153,0.86039,0.86045,1.19,1.00
2017.08.11 12:37:02.428,0.86042,0.86052,3.37,3.00
2017.08.11 12:37:02.479,0.86042,0.86052,3.37,1.00
2017.08.11 12:37:02.531,0.86044,0.86052,1.31,1.00
2017.08.11 12:37:02.931,0.86044,0.86054,2.06,1.00
2017.08.11 12:37:03.167,0.86047,0.86058,1.50,1.50
2017.08.11 12:37:03.271,0.86049,0.86059,1.19,1.12
2017.08.11 12:37:03.578,0.86048,0.86056,1.69,1.00
2017.08.11 12:37:04.089,0.86048,0.86053,1.69,1.00
2017.08.11 12:37:04.193,0.86044,0.86052,2.06,1.00
2017.08.11 12:37:04.246,0.86042,0.86048,2.06,1.12
2017.08.11 12:37:04.452,0.86044,0.86052,1.50,1.00
2017.08.11 12:37:04.504,0.86047,0.86056,1.69,3.37
2017.08.11 12:37:04.657,0.86049,0.86058,1.19,1.50
2017.08.11 12:37:04.760,0.86049,0.86058,1.19,1.12
2017.08.11 12:37:05.066,0.86048,0.86058,2.06,1.00
2017.08.11 12:37:05.270,0.86045,0.86053,2.44,1.00
2017.08.11 12:37:05.468,0.86044,0.86054,1.69,1.75
2017.08.11 12:37:05.574,0.8605,0.86055,1.69,1.00
2017.08.11 12:37:05.677,0.86052,0.86061,1.25,2.62
2017.08.11 12:37:05.728,0.86052,0.86062,1.00,1.75
2017.08.11 12:37:05.780,0.8605,0.86062,1.31,1.50
2017.08.11 12:37:05.831,0.8605,0.86059,1.25,1.00
2017.08.11 12:37:06.170,0.86053,0.86063,1.50,1.12
2017.08.11 12:37:06.426,0.86053,0.86065,1.87,1.50
2017.08.11 12:37:06.735,0.86066,0.8607,1.00,1.00
2017.08.11 12:37:06.787,0.86063,0.86073,4.31,2.25
2017.08.11 12:37:06.941,0.86066,0.86074,1.19,1.50
2017.08.11 12:37:07.350,0.86063,0.86071,1.69,1.00
2017.08.11 12:37:07.453,0.86061,0.86068,1.19,1.00
2017.08.11 12:37:07.608,0.86059,0.86068,2.44,1.12
2017.08.11 12:37:07.710,0.86059,0.8607,2.44,1.12
2017.08.11 12:37:07.848,0.86062,0.86068,1.19,1.00
2017.08.11 12:37:07.900,0.86064,0.86073,1.19,1.50
2017.08.11 12:37:08.003,0.86067,0.86074,1.19,1.00
2017.08.11 12:37:08.365,0.86067,0.86077,1.56,1.00
2017.08.11 12:37:08.573,0.86068,0.86074,1.87,1.00
2017.08.11 12:37:08.832,0.86066,0.86075,1.25,1.00
2017.08.11 12:37:08.989,0.86065,0.86073,1.31,1.00
2017.08.11 12:37:09.043,0.86064,0.86073,2.06,1.00
2017.08.11 12:37:09.352,0.86064,0.86072,2.44,1.00
2017.08.11 12:37:09.560,0.8606,0.86068,3.19,1.00
2017.08.11 12:37:09.715,0.8606,0.86071,2.06,1.50
2017.08.11 12:37:09.767,0.86065,0.86074,1.56,1.00
2017.08.11 12:37:09.870,0.86068,0.86076,1.31,1.00
2017.08.11 12:37:09.972,0.86068,0.86076,5.06,1.00
2017.08.11 12:37:10.332,0.86069,0.86076,1.69,1.00
2017.08.11 12:37:10.910,0.86069,0.86075,1.19,1.00
2017.08.11 12:37:11.308,0.86068,0.86072,1.25,1.00
2017.08.11 12:37:11.359,0.86069,0.86073,1.00,1.00
2017.08.11 12:37:11.513,0.86065,0.86071,1.00,1.00
2017.08.11 12:37:11.669,0.86062,0.86066,1.50,1.00
2017.08.11 12:37:11.721,0.86058,0.86066,1.94,1.00
2017.08.11 12:37:11.772,0.86058,0.86063,1.19,1.00
2017.08.11 12:37:11.824,0.86057,0.86065,1.12,1.05
2017.08.11 12:37:11.982,0.86057,0.86063,1.00,1.00
2017.08.11 12:37:12.288,0.86062,0.86072,2.25,1.12
2017.08.11 12:37:12.390,0.86062,0.86072,1.87,1.00
2017.08.11 12:37:12.493,0.86061,0.86072,2.25,1.00
2017.08.11 12:37:12.595,0.86061,0.8607,1.00,1.00
2017.08.11 12:37:12.912,0.86061,0.86067,1.50,1.00
2017.08.11 12:37:13.222,0.86053,0.86061,1.62,1.00
2017.08.11 12:37:13.325,0.86052,0.86058,1.00,1.00
2017.08.11 12:37:13.431,0.86048,0.86058,1.12,1.00
2017.08.11 12:37:13.563,0.86045,0.86055,1.87,1.00
2017.08.11 12:37:13.777,0.86043,0.86052,1.12,1.00
2017.08.11 12:37:13.880,0.86043,0.8605,1.12,1.00
2017.08.11 12:37:14.189,0.86042,0.86048,1.50,1.00
2017.08.11 12:37:14.292,0.86039,0.86046,1.00,1.00
2017.08.11 12:37:14.498,0.86042,0.86049,1.37,1.00
2017.08.11 12:37:14.601,0.86045,0.86054,1.87,1.00
2017.08.11 12:37:14.755,0.86048,0.86058,1.00,1.87
2017.08.11 12:37:15.064,0.8605,0.86057,1.00,1.12
2017.08.11 12:37:15.319,0.86052,0.86064,1.00,2.06
2017.08.11 12:37:15.574,0.86055,0.86065,1.12,1.19
2017.08.11 12:37:15.728,0.86055,0.86067,1.50,1.00
2017.08.11 12:37:15.780,0.86056,0.86064,1.12,1.00
2017.08.11 12:37:15.883,0.86056,0.86068,2.25,1.37
2017.08.11 12:37:16.073,0.86057,0.86069,1.12,1.31
2017.08.11 12:37:16.187,0.86058,0.86069,1.50,1.25
2017.08.11 12:37:16.555,0.86057,0.86066,1.87,1.00
2017.08.11 12:37:17.217,0.86058,0.86065,1.37,1.00
2017.08.11 12:37:17.422,0.86057,0.86064,1.50,1.00
2017.08.11 12:37:17.785,0.86058,0.86066,1.19,1.00
2017.08.11 12:37:18.047,0.86056,0.86066,1.31,1.00
2017.08.11 12:37:18.099,0.86056,0.86066,1.00,1.00
2017.08.11 12:37:18.151,0.86055,0.86064,1.50,1.00
2017.08.11 12:37:18.203,0.86054,0.86065,1.25,1.00
2017.08.11 12:37:18.306,0.86056,0.86064,2.62,1.00
2017.08.11 12:37:18.509,0.86055,0.86064,1.87,1.00
2017.08.11 12:37:18.664,0.86054,0.86062,2.00,1.00
2017.08.11 12:37:19.022,0.86054,0.8606,1.50,1.00
2017.08.11 12:37:19.229,0.86049,0.86057,1.31,1.00
2017.08.11 12:37:19.490,0.86047,0.86057,2.06,1.00
2017.08.11 12:37:19.542,0.86047,0.8606,1.69,1.50
2017.08.11 12:37:19.594,0.86051,0.8606,1.00,1.75
2017.08.11 12:37:19.801,0.86055,0.86066,1.37,1.00
2017.08.11 12:37:20.110,0.86058,0.86068,1.00,1.12
2017.08.11 12:37:20.446,0.86058,0.86066,1.50,1.00
2017.08.11 12:37:20.650,0.86058,0.86068,1.50,1.00
2017.08.11 12:37:20.752,0.86057,0.86065,1.75,1.00
2017.08.11 12:37:20.803,0.86057,0.86065,1.12,1.00
2017.08.11 12:37:21.227,0.86054,0.86064,1.56,1.00
2017.08.11 12:37:21.330,0.86061,0.86066,2.06,1.00
2017.08.11 12:37:21.436,0.86064,0.86071,1.12,2.62
2017.08.11 12:37:21.541,0.86064,0.86074,1.50,1.00
2017.08.11 12:37:21.594,0.86063,0.86076,2.25,1.50
2017.08.11 12:37:21.645,0.86064,0.86074,1.50,1.00
2017.08.11 12:37:22.049,0.86064,0.86077,1.12,1.50
2017.08.11 12:37:22.101,0.86064,0.86077,1.75,1.12
2017.08.11 12:37:22.408,0.86064,0.86075,1.12,1.75
2017.08.11 12:37:22.664,0.86065,0.86077,1.00,1.12
2017.08.11 12:37:22.986,0.86068,0.86078,1.00,1.50
2017.08.11 12:37:23.347,0.86068,0.86081,2.44,2.25
2017.08.11 12:37:23.702,0.86068,0.86078,1.69,1.00
2017.08.11 12:37:24.319,0.86066,0.86076,1.31,1.00
2017.08.11 12:37:24.784,0.86068,0.86077,1.62,1.00
2017.08.11 12:37:25.192,0.8607,0.86076,1.00,1.87
2017.08.11 12:37:25.294,0.86068,0.86075,1.50,1.12
2017.08.11 12:37:25.397,0.86066,0.86075,1.12,1.00
2017.08.11 12:37:25.550,0.86065,0.86073,2.06,1.00
2017.08.11 12:37:25.704,0.86063,0.86074,1.50,1.87
2017.08.11 12:37:25.756,0.86063,0.86072,1.31,1.00
2017.08.11 12:37:25.808,0.86063,0.86073,1.69,1.00
2017.08.11 12:37:25.859,0.86063,0.86075,3.19,1.50
2017.08.11 12:37:26.414,0.86067,0.86076,1.00,1.37
2017.08.11 12:37:26.620,0.86067,0.86077,1.12,1.00
2017.08.11 12:37:26.723,0.86067,0.86077,1.37,1.12
2017.08.11 12:37:27.276,0.86068,0.86078,1.00,1.50
2017.08.11 12:37:27.812,0.86068,0.86078,3.00,1.12
2017.08.11 12:37:28.120,0.86071,0.86079,1.00,1.00
2017.08.11 12:37:28.222,0.86069,0.86079,1.00,3.00
2017.08.11 12:37:28.668,0.86066,0.86077,1.50,1.87
2017.08.11 12:37:28.822,0.86062,0.86072,1.50,1.00
2017.08.11 12:37:29.518,0.86063,0.86072,1.00,1.00
2017.08.11 12:37:30.047,0.86063,0.86074,1.00,1.87
2017.08.11 12:37:30.586,0.86062,0.86074,1.87,1.87
2017.08.11 12:37:31.211,0.86062,0.86071,1.00,1.00
2017.08.11 12:37:32.180,0.86061,0.86071,1.50,1.00
2017.08.11 12:37:32.527,0.86058,0.86066,1.87,1.00
2017.08.11 12:37:32.578,0.86058,0.86066,1.00,1.00
2017.08.11 12:37:32.783,0.86059,0.86068,2.25,1.00
2017.08.11 12:37:33.397,0.86059,0.86068,1.12,2.06
2017.08.11 12:37:33.448,0.86056,0.86064,1.12,1.00
2017.08.11 12:37:33.500,0.86056,0.86062,1.12,1.00
2017.08.11 12:37:33.602,0.86053,0.86061,1.00,1.00
2017.08.11 12:37:33.756,0.86055,0.86061,1.00,1.00
2017.08.11 12:37:34.163,0.86055,0.86059,1.00,1.00
2017.08.11 12:37:34.674,0.86054,0.86058,1.00,1.50
2017.08.11 12:37:35.269,0.86054,0.86059,1.00,1.00
2017.08.11 12:37:35.320,0.86054,0.86061,1.00,1.69
2017.08.11 12:37:36.141,0.86054,0.86059,1.00,1.00
2017.08.11 12:37:36.243,0.86054,0.86061,1.00,1.00
2017.08.11 12:37:37.071,0.86054,0.8606,1.00,1.00
2017.08.11 12:37:37.646,0.86054,0.86062,1.00,1.50
2017.08.11 12:37:37.800,0.86054,0.86058,1.00,1.00
2017.08.11 12:37:38.260,0.86052,0.86056,1.00,1.00
2017.08.11 12:37:38.515,0.8605,0.86054,1.00,1.00
2017.08.11 12:37:38.566,0.8605,0.86056,1.00,1.00
2017.08.11 12:37:38.730,0.8605,0.8606,1.12,1.31
2017.08.11 12:37:38.782,0.8605,0.86058,1.12,1.00
2017.08.11 12:37:39.089,0.86048,0.86055,1.00,1.00
2017.08.11 12:37:39.402,0.86042,0.86049,1.00,1.00
2017.08.11 12:37:39.741,0.86039,0.86046,1.50,1.00
2017.08.11 12:37:40.012,0.86039,0.86048,2.62,1.12
2017.08.11 12:37:40.166,0.8604,0.86048,1.50,1.00
2017.08.11 12:37:40.710,0.8604,0.86047,1.00,1.00
2017.08.11 12:37:41.284,0.86038,0.86047,1.87,1.00
2017.08.11 12:37:41.590,0.86037,0.86046,1.12,1.00
2017.08.11 12:37:41.935,0.8604,0.86049,1.00,1.00
2017.08.11 12:37:42.453,0.8604,0.8605,1.69,1.00
2017.08.11 12:37:42.979,0.8604,0.86049,1.50,1.00
2017.08.11 12:37:43.361,0.86039,0.86051,3.00,2.25
2017.08.11 12:37:43.464,0.86039,0.86047,2.25,1.00
2017.08.11 12:37:44.002,0.8604,0.86046,1.50,1.00
2017.08.11 12:37:45.175,0.8604,0.86047,1.00,1.00
2017.08.11 12:37:45.694,0.8604,0.86048,1.87,1.00
2017.08.11 12:37:46.424,0.86043,0.86051,1.87,1.00
2017.08.11 12:37:46.733,0.86051,0.86058,1.12,1.00
2017.08.11 12:37:46.887,0.86045,0.86053,1.69,1.00
2017.08.11 12:37:46.939,0.86046,0.86056,1.37,1.37
2017.08.11 12:37:47.457,0.86046,0.86053,1.37,1.00
2017.08.11 12:37:47.765,0.86043,0.8605,2.62,1.00
2017.08.11 12:37:48.104,0.86042,0.86049,1.00,1.00
2017.08.11 12:37:48.207,0.86039,0.86047,1.00,1.00
2017.08.11 12:37:48.259,0.86039,0.86043,1.12,1.00
2017.08.11 12:37:48.363,0.86041,0.86048,1.00,1.12
2017.08.11 12:37:49.329,0.8604,0.86047,2.62,1.00
2017.08.11 12:37:49.850,0.8604,0.86048,1.12,1.50
2017.08.11 12:37:49.902,0.8604,0.86046,1.12,1.00
2017.08.11 12:37:50.447,0.86039,0.86046,3.00,1.00
2017.08.11 12:37:50.753,0.86039,0.86047,4.12,1.50
2017.08.11 12:37:51.260,0.86041,0.86048,1.12,1.00
2017.08.11 12:37:51.569,0.86042,0.86049,1.87,1.00
2017.08.11 12:37:51.879,0.86043,0.86052,3.00,1.00
2017.08.11 12:37:52.141,0.86042,0.8605,1.50,1.00
2017.08.11 12:37:52.455,0.86051,0.86056,1.00,1.00
2017.08.11 12:37:52.974,0.8605,0.86056,1.12,1.00
2017.08.11 12:37:53.029,0.86051,0.86059,1.50,1.12
2017.08.11 12:37:53.082,0.86051,0.86057,2.62,1.00
2017.08.11 12:37:53.186,0.8605,0.86056,1.87,1.00
2017.08.11 12:37:53.237,0.86051,0.86058,1.50,1.00
2017.08.11 12:37:53.785,0.86052,0.86059,1.00,1.00
2017.08.11 12:37:54.099,0.86053,0.86061,2.25,1.00
2017.08.11 12:37:54.612,0.86054,0.86061,1.00,1.00
2017.08.11 12:37:54.714,0.86055,0.86063,1.12,1.00
2017.08.11 12:37:55.258,0.86055,0.86063,1.87,1.00
2017.08.11 12:37:55.309,0.86052,0.86061,3.19,1.00
2017.08.11 12:37:55.502,0.86047,0.86057,4.12,1.00
2017.08.11 12:37:55.813,0.86052,0.86061,1.37,1.50
2017.08.11 12:37:56.329,0.86051,0.8606,1.37,1.00
2017.08.11 12:37:56.839,0.86051,0.8606,3.00,1.50
2017.08.11 12:37:57.378,0.86051,0.86061,4.12,1.00
2017.08.11 12:37:57.635,0.86048,0.86059,1.87,1.00
2017.08.11 12:37:57.687,0.86048,0.86055,1.00,1.00
2017.08.11 12:37:57.738,0.8605,0.86059,1.00,1.25
2017.08.11 12:37:58.148,0.86051,0.86061,2.25,1.50
2017.08.11 12:37:58.712,0.86052,0.86061,1.50,1.00
2017.08.11 12:37:59.013,0.86049,0.86058,1.12,1.00
2017.08.11 12:37:59.319,0.8605,0.8606,1.50,1.50
2017.08.11 12:37:59.831,0.8605,0.8606,1.00,1.00
2017.08.11 12:38:00.166,0.86051,0.86057,1.50,1.00
2017.08.11 12:38:00.440,0.86051,0.86059,1.50,1.00
2017.08.11 12:38:00.491,0.8605,0.86057,1.00,1.00
2017.08.11 12:38:00.683,0.8605,0.8606,1.00,1.50
2017.08.11 12:38:00.738,0.86048,0.86058,1.69,1.00
2017.08.11 12:38:01.097,0.86047,0.86056,1.12,1.00
2017.08.11 12:38:01.150,0.86048,0.86058,1.50,1.00
2017.08.11 12:38:01.202,0.86051,0.86058,1.50,1.00
2017.08.11 12:38:01.253,0.86052,0.8606,1.50,1.00
2017.08.11 12:38:01.406,0.86049,0.8606,1.00,1.00
2017.08.11 12:38:01.794,0.86048,0.86058,2.62,1.00
2017.08.11 12:38:02.203,0.86048,0.86058,2.25,1.00
2017.08.11 12:38:02.735,0.86048,0.86057,1.00,1.00
2017.08.11 12:38:03.254,0.86047,0.86057,1.87,1.50
2017.08.11 12:38:03.469,0.86049,0.86057,1.00,1.50
2017.08.11 12:38:03.642,0.86047,0.86056,2.62,1.00
2017.08.11 12:38:03.930,0.86049,0.86057,1.12,1.00
2017.08.11 12:38:04.238,0.86052,0.86057,1.50,1.00
2017.08.11 12:38:04.290,0.8605,0.86057,1.00,1.00
2017.08.11 12:38:04.342,0.86048,0.86056,1.50,1.00
2017.08.11 12:38:04.459,0.86048,0.86053,1.50,1.00
2017.08.11 12:38:04.510,0.86046,0.86053,1.00,1.00
2017.08.11 12:38:04.907,0.86044,0.86054,1.87,1.00
2017.08.11 12:38:05.011,0.86044,0.86052,1.00,1.00
2017.08.11 12:38:05.539,0.86047,0.86054,1.50,1.00
2017.08.11 12:38:06.048,0.86048,0.86054,1.50,1.00
2017.08.11 12:38:06.540,0.86048,0.86055,1.50,1.00
2017.08.11 12:38:06.593,0.86048,0.86055,1.50,1.00
2017.08.11 12:38:07.107,0.86048,0.86054,1.50,1.00
2017.08.11 12:38:07.262,0.86048,0.86056,1.87,1.00
2017.08.11 12:38:07.791,0.86048,0.86056,1.37,1.00
2017.08.11 12:38:07.842,0.86051,0.8606,1.00,1.87
2017.08.11 12:38:08.094,0.86048,0.86056,1.00,1.00
2017.08.11 12:38:08.606,0.86049,0.86055,1.00,1.00
2017.08.11 12:38:08.708,0.86046,0.86055,1.12,1.00
2017.08.11 12:38:09.222,0.86044,0.86054,3.37,1.00
2017.08.11 12:38:09.822,0.86043,0.86052,1.50,1.00
2017.08.11 12:38:10.130,0.86044,0.86053,1.87,1.00
2017.08.11 12:38:10.638,0.86042,0.86053,1.50,2.25
2017.08.11 12:38:11.148,0.86043,0.86054,1.50,2.25
2017.08.11 12:38:11.726,0.86042,0.86052,1.50,1.00
2017.08.11 12:38:12.250,0.86042,0.86053,1.37,2.25
2017.08.11 12:38:12.483,0.8604,0.86051,1.87,1.00
2017.08.11 12:38:12.789,0.86038,0.86047,1.50,1.00
2017.08.11 12:38:13.095,0.86038,0.86049,1.12,2.25
2017.08.11 12:38:13.524,0.86036,0.86045,1.12,1.00
2017.08.11 12:38:13.844,0.86038,0.86045,1.50,1.00
2017.08.11 12:38:13.896,0.86035,0.86047,1.00,1.87
2017.08.11 12:38:13.947,0.86035,0.86045,2.25,1.00
2017.08.11 12:38:14.302,0.86035,0.86043,1.87,1.00
2017.08.11 12:38:14.353,0.86036,0.86047,1.00,2.25
2017.08.11 12:38:14.608,0.86038,0.86047,2.25,1.00
2017.08.11 12:38:14.711,0.86039,0.86049,1.87,1.50
2017.08.11 12:38:14.864,0.86038,0.86048,3.00,1.50
2017.08.11 12:38:15.215,0.86044,0.86048,1.00,1.00
2017.08.11 12:38:15.267,0.86044,0.86051,1.87,1.00
2017.08.11 12:38:15.370,0.86046,0.86051,1.00,1.00
2017.08.11 12:38:15.575,0.86045,0.86058,2.25,4.69
2017.08.11 12:38:15.781,0.86048,0.86057,1.00,1.50
2017.08.11 12:38:16.503,0.8605,0.86057,1.00,1.50
2017.08.11 12:38:16.779,0.86047,0.86058,1.00,4.31
2017.08.11 12:38:17.036,0.86048,0.86056,1.50,1.00
2017.08.11 12:38:17.715,0.86044,0.86054,1.37,2.25
2017.08.11 12:38:17.766,0.86042,0.86052,2.62,1.50
2017.08.11 12:38:17.971,0.8604,0.86051,2.25,1.00
2017.08.11 12:38:18.425,0.86042,0.86052,1.00,1.12
2017.08.11 12:38:18.733,0.86041,0.86048,1.50,1.00
2017.08.11 12:38:18.785,0.86038,0.86047,1.50,1.00
2017.08.11 12:38:18.837,0.86036,0.86047,1.00,3.37
2017.08.11 12:38:19.348,0.86037,0.86046,1.00,1.50
2017.08.11 12:38:19.400,0.86035,0.86046,1.50,1.50
2017.08.11 12:38:19.451,0.86035,0.86045,1.00,3.19
2017.08.11 12:38:19.554,0.86033,0.86045,1.00,4.12
2017.08.11 12:38:19.605,0.86032,0.86042,1.12,1.00
2017.08.11 12:38:20.119,0.86032,0.86043,1.37,1.00
2017.08.11 12:38:20.461,0.86031,0.86041,3.37,1.00
2017.08.11 12:38:20.768,0.86035,0.86043,1.00,1.00
2017.08.11 12:38:21.308,0.86034,0.86043,1.00,1.12
2017.08.11 12:38:21.833,0.86035,0.86043,1.00,1.12
2017.08.11 12:38:22.342,0.86034,0.86043,1.00,1.12
2017.08.11 12:38:22.994,0.86034,0.86043,1.00,1.50
2017.08.11 12:38:23.300,0.86035,0.86044,1.00,1.12
2017.08.11 12:38:23.352,0.86037,0.86045,1.00,1.00
2017.08.11 12:38:23.764,0.86035,0.86045,1.00,1.00
2017.08.11 12:38:24.136,0.86033,0.86043,1.19,1.50
2017.08.11 12:38:24.449,0.86033,0.86041,1.19,1.00
2017.08.11 12:38:25.268,0.86038,0.86044,1.00,1.00
2017.08.11 12:38:25.320,0.86039,0.86047,1.00,1.00
2017.08.11 12:38:25.576,0.86038,0.86045,1.00,1.00
2017.08.11 12:38:25.885,0.86038,0.86047,1.00,1.00
2017.08.11 12:38:26.135,0.86036,0.86044,1.00,1.00
2017.08.11 12:38:26.442,0.86038,0.86047,1.00,1.37
2017.08.11 12:38:26.546,0.86038,0.86048,1.12,1.50
2017.08.11 12:38:26.751,0.8604,0.86046,1.00,1.00
2017.08.11 12:38:27.061,0.86045,0.86052,1.00,1.00
2017.08.11 12:38:27.114,0.86047,0.86052,1.00,1.00
2017.08.11 12:38:27.318,0.86046,0.86054,1.00,1.87
2017.08.11 12:38:27.913,0.86046,0.86055,1.50,1.12
2017.08.11 12:38:28.552,0.86046,0.86055,1.00,1.37
2017.08.11 12:38:29.567,0.86045,0.86053,1.00,1.37
2017.08.11 12:38:29.978,0.86047,0.86053,1.00,1.50
2017.08.11 12:38:30.311,0.86041,0.86046,1.00,1.00
2017.08.11 12:38:30.516,0.86042,0.86049,1.00,1.00
2017.08.11 12:38:30.567,0.8604,0.86049,1.00,1.00
2017.08.11 12:38:30.724,0.86041,0.86051,1.12,1.00
2017.08.11 12:38:31.111,0.86043,0.86051,1.00,1.12
2017.08.11 12:38:31.681,0.86042,0.86051,1.00,1.12
2017.08.11 12:38:32.022,0.86045,0.86055,1.00,1.87
2017.08.11 12:38:32.379,0.86047,0.86056,1.00,3.37
2017.08.11 12:38:32.816,0.86046,0.86054,1.00,1.37
2017.08.11 12:38:33.197,0.86044,0.86055,1.50,1.37
2017.08.11 12:38:33.486,0.86044,0.86055,1.50,1.12
2017.08.11 12:38:33.751,0.86043,0.86055,2.25,3.00
2017.08.11 12:38:34.290,0.86043,0.86052,1.00,1.00
2017.08.11 12:38:34.808,0.86044,0.86053,1.50,1.50
2017.08.11 12:38:35.367,0.86045,0.86053,1.00,1.50
2017.08.11 12:38:35.655,0.86043,0.86053,1.00,2.25
2017.08.11 12:38:35.910,0.86042,0.86051,1.00,1.37
2017.08.11 12:38:36.114,0.86042,0.86053,1.00,3.37
2017.08.11 12:38:36.212,0.8604,0.86046,1.00,1.00
2017.08.11 12:38:36.418,0.86034,0.86043,1.25,1.00
2017.08.11 12:38:36.469,0.86034,0.86041,1.25,1.00
2017.08.11 12:38:37.046,0.86032,0.8604,3.19,1.00
2017.08.11 12:38:37.097,0.86034,0.8604,1.00,1.00
2017.08.11 12:38:37.354,0.86032,0.8604,2.06,1.00
2017.08.11 12:38:37.613,0.86029,0.86037,1.19,1.00
2017.08.11 12:38:37.664,0.86029,0.86036,2.25,1.00
2017.08.11 12:38:38.186,0.86029,0.86037,1.50,1.00
2017.08.11 12:38:38.238,0.86028,0.86035,1.69,1.00
2017.08.11 12:38:38.807,0.86029,0.86035,1.50,1.00
2017.08.11 12:38:39.242,0.86027,0.86036,1.00,1.00
2017.08.11 12:38:39.294,0.86026,0.86034,1.12,1.00
2017.08.11 12:38:39.810,0.86027,0.86035,1.00,1.00
2017.08.11 12:38:40.075,0.86025,0.86035,1.25,1.00
2017.08.11 12:38:40.589,0.86026,0.86034,1.12,1.00
2017.08.11 12:38:41.095,0.86024,0.86032,1.47,1.00
2017.08.11 12:38:41.147,0.86024,0.86034,1.47,1.00
2017.08.11 12:38:41.199,0.86026,0.86034,1.00,1.00
2017.08.11 12:38:41.710,0.86027,0.86033,1.00,1.00
2017.08.11 12:38:41.812,0.86025,0.86033,1.00,1.00
2017.08.11 12:38:42.048,0.86024,0.86031,1.47,1.00
2017.08.11 12:38:42.363,0.8602,0.86029,1.31,1.00
2017.08.11 12:38:42.833,0.86019,0.86025,1.25,1.00
2017.08.11 12:38:42.936,0.86015,0.86024,3.19,1.12
2017.08.11 12:38:43.038,0.86014,0.86021,1.69,1.00
2017.08.11 12:38:43.395,0.86012,0.8602,1.25,1.00
2017.08.11 12:38:43.446,0.86014,0.8602,1.00,1.00
2017.08.11 12:38:43.766,0.86012,0.86018,2.25,1.00
2017.08.11 12:38:44.276,0.86011,0.86017,1.50,1.00
2017.08.11 12:38:44.435,0.86011,0.86019,1.50,1.00
2017.08.11 12:38:44.945,0.86012,0.86019,1.00,1.00
2017.08.11 12:38:45.496,0.86012,0.8602,1.19,1.00
2017.08.11 12:38:45.751,0.86011,0.8602,1.69,1.00
2017.08.11 12:38:46.261,0.86011,0.8602,1.19,1.00
2017.08.11 12:38:46.405,0.8601,0.8602,1.62,1.00
2017.08.11 12:38:46.458,0.8601,0.86018,1.62,1.00
2017.08.11 12:38:47.676,0.86009,0.86017,2.06,1.00
2017.08.11 12:38:48.267,0.86008,0.86017,1.31,1.50
2017.08.11 12:38:48.472,0.86006,0.86015,1.19,1.00
2017.08.11 12:38:48.574,0.86006,0.86015,3.19,1.00
2017.08.11 12:38:48.727,0.86006,0.86014,1.00,1.00
2017.08.11 12:38:48.779,0.86002,0.86012,2.81,1.00
2017.08.11 12:38:48.882,0.86002,0.86011,1.25,1.00
2017.08.11 12:38:48.935,0.86001,0.86009,2.81,1.00
2017.08.11 12:38:49.213,0.86002,0.86011,1.25,1.00
2017.08.11 12:38:49.367,0.86004,0.86013,1.00,1.50
2017.08.11 12:38:49.676,0.86001,0.86009,1.69,1.00
2017.08.11 12:38:49.872,0.86002,0.86008,1.00,1.00
2017.08.11 12:38:50.128,0.86001,0.86006,1.50,1.00
2017.08.11 12:38:50.282,0.86007,0.86016,1.50,1.87
2017.08.11 12:38:50.385,0.86011,0.86019,1.00,1.00
2017.08.11 12:38:50.694,0.8601,0.86018,1.00,1.87
2017.08.11 12:38:50.746,0.86008,0.86016,1.00,1.00
2017.08.11 12:38:51.053,0.8601,0.86016,1.00,1.00
2017.08.11 12:38:51.310,0.86008,0.86017,1.00,1.00
2017.08.11 12:38:51.556,0.8601,0.86019,1.00,1.12
2017.08.11 12:38:51.919,0.86011,0.86021,1.00,1.12
2017.08.11 12:38:51.972,0.86013,0.86021,1.00,1.12
2017.08.11 12:38:52.111,0.86015,0.86024,1.00,2.62
2017.08.11 12:38:52.395,0.86013,0.86023,1.00,1.50
2017.08.11 12:38:52.920,0.86012,0.86022,1.00,1.50
2017.08.11 12:38:53.433,0.86011,0.86021,1.00,1.12
2017.08.11 12:38:53.589,0.86012,0.86024,1.25,5.10
2017.08.11 12:38:53.898,0.86014,0.86024,1.50,1.87
2017.08.11 12:38:54.174,0.86012,0.86021,1.00,1.50
2017.08.11 12:38:54.493,0.8601,0.86022,3.19,1.00
2017.08.11 12:38:54.596,0.8601,0.86022,3.19,1.00
2017.08.11 12:38:55.170,0.8601,0.86022,2.44,1.12
2017.08.11 12:38:55.680,0.86011,0.86023,1.00,2.25
2017.08.11 12:38:55.864,0.86011,0.86021,1.25,1.00
2017.08.11 12:38:55.915,0.86011,0.86023,1.31,3.00
2017.08.11 12:38:56.018,0.86011,0.86021,1.25,1.00
2017.08.11 12:38:56.329,0.86009,0.86018,1.19,1.00
2017.08.11 12:38:56.591,0.86009,0.86021,1.69,1.12
2017.08.11 12:38:57.072,0.86008,0.86019,2.25,1.00
2017.08.11 12:38:57.695,0.86008,0.86019,1.50,1.37
2017.08.11 12:38:58.003,0.86005,0.86015,2.25,1.00
2017.08.11 12:38:58.618,0.86004,0.86016,3.75,1.37
2017.08.11 12:38:59.200,0.86005,0.86015,1.50,1.00
2017.08.11 12:38:59.804,0.86006,0.86018,1.00,3.56
2017.08.11 12:39:00.230,0.86008,0.8602,1.50,5.25
2017.08.11 12:39:00.333,0.86014,0.86021,1.00,1.00
2017.08.11 12:39:00.435,0.86015,0.86025,3.37,1.00
2017.08.11 12:39:00.538,0.86018,0.86029,1.00,1.37
2017.08.11 12:39:00.590,0.86018,0.86029,1.00,1.00
2017.08.11 12:39:00.857,0.86018,0.86027,1.19,1.00
2017.08.11 12:39:01.368,0.86018,0.86028,1.00,1.00
2017.08.11 12:39:01.623,0.86016,0.86027,1.25,1.00
2017.08.11 12:39:02.015,0.86018,0.86026,1.00,1.00
2017.08.11 12:39:02.067,0.86019,0.86028,1.00,1.00
2017.08.11 12:39:02.220,0.86021,0.86028,1.00,1.00
2017.08.11 12:39:02.854,0.86019,0.86027,1.00,1.00
2017.08.11 12:39:03.059,0.8602,0.86029,1.00,3.22
2017.08.11 12:39:03.162,0.86022,0.86029,1.00,2.85
2017.08.11 12:39:03.472,0.86022,0.86027,1.00,1.00
2017.08.11 12:39:03.714,0.86022,0.86029,1.00,3.22
2017.08.11 12:39:04.292,0.8602,0.86029,1.00,2.62
2017.08.11 12:39:04.698,0.86019,0.86026,1.00,1.00
2017.08.11 12:39:05.007,0.86021,0.86025,1.00,1.00
2017.08.11 12:39:05.059,0.86021,0.86028,1.00,1.12
2017.08.11 12:39:05.110,0.86024,0.86033,1.00,2.06
2017.08.11 12:39:05.162,0.86021,0.86029,1.12,1.00
2017.08.11 12:39:05.214,0.86023,0.86029,1.00,1.00
2017.08.11 12:39:05.420,0.86026,0.86033,1.00,1.00
2017.08.11 12:39:05.574,0.86026,0.86035,2.25,1.00
2017.08.11 12:39:05.724,0.8603,0.86038,1.25,1.00
2017.08.11 12:39:06.033,0.86032,0.86039,1.50,1.00
2017.08.11 12:39:06.546,0.86032,0.86041,2.06,1.00
2017.08.11 12:39:06.700,0.86034,0.86042,1.19,1.00
2017.08.11 12:39:06.803,0.86032,0.86041,2.81,1.50
2017.08.11 12:39:07.059,0.86031,0.86039,1.56,1.00
2017.08.11 12:39:07.470,0.86032,0.86041,1.12,1.00
2017.08.11 12:39:07.522,0.86031,0.86039,3.75,1.00
2017.08.11 12:39:08.046,0.86034,0.86041,1.00,1.00
2017.08.11 12:39:08.562,0.86033,0.86042,3.75,1.00
2017.08.11 12:39:09.079,0.86033,0.86043,1.87,1.00
2017.08.11 12:39:09.390,0.86039,0.86048,2.62,1.00
2017.08.11 12:39:09.693,0.86047,0.86054,1.87,1.00
2017.08.11 12:39:09.744,0.86049,0.86056,2.62,1.00
2017.08.11 12:39:09.796,0.86051,0.86058,1.12,1.00
2017.08.11 12:39:09.847,0.86052,0.8606,1.37,1.00
2017.08.11 12:39:10.053,0.86052,0.8606,1.87,1.00
2017.08.11 12:39:10.104,0.86052,0.86062,1.87,1.00
2017.08.11 12:39:10.309,0.86054,0.8606,1.00,1.00
2017.08.11 12:39:10.628,0.86049,0.86056,1.87,1.00
2017.08.11 12:39:10.988,0.86051,0.86058,1.12,1.00
2017.08.11 12:39:11.300,0.86053,0.8606,1.00,1.00
2017.08.11 12:39:11.814,0.86053,0.86061,1.37,1.00
2017.08.11 12:39:12.347,0.86053,0.8606,1.50,1.00
2017.08.11 12:39:12.856,0.86052,0.86059,1.62,1.00
2017.08.11 12:39:13.161,0.8605,0.86059,1.56,1.00
2017.08.11 12:39:13.622,0.86051,0.86056,2.06,1.00
2017.08.11 12:39:14.005,0.86046,0.8605,1.50,1.00
2017.08.11 12:39:14.108,0.86048,0.86055,1.00,1.00
2017.08.11 12:39:14.160,0.86048,0.86054,1.69,1.00
2017.08.11 12:39:14.211,0.86048,0.86056,1.31,1.00
2017.08.11 12:39:14.722,0.86051,0.86055,1.50,1.00
2017.08.11 12:39:15.119,0.86047,0.86052,1.19,1.00
2017.08.11 12:39:15.170,0.86045,0.86052,2.06,1.00
2017.08.11 12:39:15.580,0.86046,0.86053,3.19,1.00
2017.08.11 12:39:15.632,0.86047,0.86053,1.00,1.00
2017.08.11 12:39:16.142,0.86047,0.86054,1.69,1.00
2017.08.11 12:39:16.654,0.86048,0.86056,1.00,1.00
2017.08.11 12:39:16.978,0.86049,0.86059,1.12,1.00
2017.08.11 12:39:17.080,0.86052,0.86061,1.00,1.12
2017.08.11 12:39:17.603,0.86051,0.86061,1.00,1.00
2017.08.11 12:39:18.140,0.86051,0.86063,1.12,2.06
2017.08.11 12:39:18.507,0.86052,0.8606,1.00,1.00
2017.08.11 12:39:18.609,0.8605,0.8606,1.00,1.00
2017.08.11 12:39:19.154,0.86052,0.86061,1.00,1.00
2017.08.11 12:39:19.536,0.8605,0.86059,1.00,1.35
2017.08.11 12:39:19.866,0.8605,0.86057,1.00,1.00
2017.08.11 12:39:19.917,0.8605,0.86059,1.00,1.87
2017.08.11 12:39:20.174,0.8605,0.86057,1.50,1.87
2017.08.11 12:39:20.481,0.86051,0.86059,1.00,1.00
2017.08.11 12:39:20.726,0.86052,0.86062,1.12,1.50
2017.08.11 12:39:20.829,0.86051,0.86059,1.00,1.37
2017.08.11 12:39:21.343,0.8605,0.8606,1.00,2.25
2017.08.11 12:39:21.659,0.86053,0.86061,1.00,1.50
2017.08.11 12:39:21.812,0.86054,0.86064,1.00,2.47
2017.08.11 12:39:22.068,0.86056,0.86066,1.00,1.00
2017.08.11 12:39:22.426,0.86058,0.86067,1.00,1.00
2017.08.11 12:39:22.736,0.86057,0.86063,1.00,1.00
2017.08.11 12:39:22.848,0.86057,0.86065,1.00,1.00
2017.08.11 12:39:23.001,0.86059,0.86065,1.00,1.00
2017.08.11 12:39:24.632,0.86059,0.86066,1.50,1.00
2017.08.11 12:39:25.417,0.86059,0.86064,1.00,1.00
2017.08.11 12:39:25.520,0.86059,0.86067,1.00,1.25
2017.08.11 12:39:25.571,0.86059,0.86065,1.50,1.00
2017.08.11 12:39:25.725,0.86059,0.86068,1.50,1.12
2017.08.11 12:39:26.235,0.8606,0.86068,1.00,1.12
2017.08.11 12:39:26.749,0.8606,0.86069,1.00,1.12
2017.08.11 12:39:27.631,0.8606,0.86068,2.25,1.00
2017.08.11 12:39:28.371,0.8606,0.86067,1.50,1.00
2017.08.11 12:39:28.474,0.8606,0.86065,1.00,1.00
2017.08.11 12:39:28.721,0.86061,0.86068,1.00,1.00
2017.08.11 12:39:28.825,0.86063,0.86069,1.00,1.50
2017.08.11 12:39:29.132,0.86061,0.8607,1.00,3.22
2017.08.11 12:39:29.337,0.86061,0.86068,1.00,1.00
2017.08.11 12:39:29.784,0.86062,0.86071,1.00,2.62
2017.08.11 12:39:30.361,0.86062,0.8607,1.00,1.00
2017.08.11 12:39:30.494,0.86058,0.86063,1.00,1.00
2017.08.11 12:39:30.770,0.86051,0.8606,1.62,1.35
2017.08.11 12:39:31.336,0.86051,0.8606,1.00,1.72
2017.08.11 12:39:31.541,0.86053,0.8606,1.00,1.00
2017.08.11 12:39:31.852,0.86053,0.86063,1.00,2.25
2017.08.11 12:39:31.904,0.86056,0.86062,1.00,1.00
2017.08.11 12:39:31.956,0.86056,0.86064,1.00,1.87
2017.08.11 12:39:32.417,0.86056,0.86062,1.00,1.00
2017.08.11 12:39:32.921,0.86054,0.86062,1.00,1.87
2017.08.11 12:39:33.278,0.86053,0.86059,1.00,1.00
2017.08.11 12:39:33.381,0.86054,0.86063,1.00,2.06
2017.08.11 12:39:33.433,0.86055,0.86062,1.00,1.69
2017.08.11 12:39:33.772,0.86056,0.86063,1.00,2.29
2017.08.11 12:39:34.028,0.86054,0.86063,1.50,4.16
2017.08.11 12:39:34.080,0.86055,0.8606,1.00,1.19
2017.08.11 12:39:34.286,0.86051,0.86056,1.00,1.25
2017.08.11 12:39:34.403,0.86049,0.86056,1.00,1.69
2017.08.11 12:39:34.454,0.86047,0.86054,1.00,1.35
2017.08.11 12:39:34.760,0.86047,0.86054,1.50,1.69
2017.08.11 12:39:35.016,0.86047,0.86055,1.00,4.91
2017.08.11 12:39:35.172,0.86049,0.86054,1.00,1.25
2017.08.11 12:39:35.954,0.86049,0.86055,1.00,1.50
2017.08.11 12:39:36.972,0.86049,0.86054,1.00,1.50
2017.08.11 12:39:37.479,0.86048,0.86055,1.00,1.50
2017.08.11 12:39:38.029,0.86048,0.86056,1.00,1.00
2017.08.11 12:39:38.516,0.8605,0.86056,1.00,1.00
2017.08.11 12:39:39.349,0.86051,0.86059,1.00,3.56
2017.08.11 12:39:39.603,0.86053,0.8606,1.00,1.31
2017.08.11 12:39:40.113,0.86053,0.86061,1.00,2.06
2017.08.11 12:39:40.418,0.86055,0.86061,1.00,1.19
2017.08.11 12:39:40.707,0.86053,0.86062,1.00,1.19
2017.08.11 12:39:41.439,0.86054,0.86062,1.00,1.19
2017.08.11 12:39:41.933,0.86051,0.86056,1.00,1.00
2017.08.11 12:39:42.038,0.86049,0.86057,1.50,1.19
2017.08.11 12:39:42.501,0.86051,0.86057,1.00,1.69
2017.08.11 12:39:42.847,0.86051,0.86058,1.00,1.25
2017.08.11 12:39:42.901,0.86054,0.86059,1.00,1.31
2017.08.11 12:39:43.212,0.86056,0.8606,1.00,1.69
2017.08.11 12:39:43.264,0.86057,0.86061,1.00,1.00
2017.08.11 12:39:43.571,0.86055,0.86061,1.00,1.00
2017.08.11 12:39:43.827,0.86058,0.86062,1.00,1.69
2017.08.11 12:39:44.035,0.86058,0.86063,1.00,1.25
2017.08.11 12:39:44.600,0.86058,0.86065,1.00,3.19
2017.08.11 12:39:44.815,0.8606,0.86067,1.00,4.31
2017.08.11 12:39:44.971,0.8606,0.86066,1.00,1.69
2017.08.11 12:39:45.663,0.8606,0.86066,1.00,1.69
2017.08.11 12:39:45.816,0.86058,0.86066,1.00,1.69
2017.08.11 12:39:46.074,0.86063,0.86068,1.00,3.04
2017.08.11 12:39:46.179,0.86062,0.86069,1.00,2.06
2017.08.11 12:39:46.232,0.86064,0.86069,1.00,1.19
2017.08.11 12:39:46.337,0.8606,0.86067,1.00,1.69
2017.08.11 12:39:46.879,0.86061,0.86067,1.00,1.25
2017.08.11 12:39:47.425,0.86059,0.86067,1.50,1.25
2017.08.11 12:39:47.476,0.86061,0.86067,1.00,1.25
2017.08.11 12:39:47.528,0.86059,0.86067,1.00,1.25
2017.08.11 12:39:47.582,0.86062,0.86067,1.00,2.06
2017.08.11 12:39:48.038,0.86062,0.86069,1.00,1.69
2017.08.11 12:39:48.138,0.8606,0.86066,1.00,1.00
2017.08.11 12:39:48.463,0.86058,0.86063,1.50,1.19
2017.08.11 12:39:48.671,0.86058,0.86064,1.00,1.12
2017.08.11 12:39:48.723,0.8606,0.86064,1.00,1.12
2017.08.11 12:39:48.912,0.86057,0.86064,1.00,2.62
2017.08.11 12:39:48.964,0.86056,0.86062,1.00,1.69
2017.08.11 12:39:49.489,0.86055,0.86062,1.00,1.12
2017.08.11 12:39:49.972,0.86057,0.86063,1.00,1.25
2017.08.11 12:39:50.027,0.86054,0.86062,1.00,1.00
2017.08.11 12:39:50.178,0.86054,0.86061,1.00,2.06
2017.08.11 12:39:50.495,0.86058,0.86063,1.00,2.06
2017.08.11 12:39:50.648,0.86056,0.86064,1.12,1.69
2017.08.11 12:39:50.751,0.86058,0.86063,1.00,2.44
2017.08.11 12:39:51.252,0.86058,0.86064,1.00,1.25
2017.08.11 12:39:51.686,0.8606,0.86065,1.00,1.19
2017.08.11 12:39:51.737,0.86058,0.86066,1.50,2.44
2017.08.11 12:39:52.330,0.86058,0.86066,1.00,3.56
2017.08.11 12:39:52.382,0.86058,0.86063,1.00,1.69
2017.08.11 12:39:52.485,0.86055,0.86061,1.00,1.19
2017.08.11 12:39:52.536,0.86055,0.86062,1.00,1.69
2017.08.11 12:39:53.115,0.86055,0.86062,1.00,1.19
2017.08.11 12:39:53.823,0.86055,0.8606,1.00,1.00
2017.08.11 12:39:54.059,0.86055,0.86063,1.50,1.50
2017.08.11 12:39:54.111,0.86057,0.86062,1.00,1.69
2017.08.11 12:39:54.162,0.86053,0.86058,1.00,1.00
2017.08.11 12:39:54.312,0.8605,0.86057,1.12,1.25
2017.08.11 12:39:54.364,0.86047,0.86054,1.50,1.69
2017.08.11 12:39:54.570,0.86047,0.86057,1.00,1.35
2017.08.11 12:39:54.793,0.86056,0.8606,1.00,1.87
2017.08.11 12:39:54.845,0.86057,0.86061,1.00,1.00
2017.08.11 12:39:55.002,0.86058,0.86064,1.00,1.00
2017.08.11 12:39:55.207,0.86059,0.86067,1.00,2.44
2017.08.11 12:39:55.478,0.86058,0.86066,1.00,2.44
2017.08.11 12:39:55.786,0.86058,0.86063,1.00,1.69
2017.08.11 12:39:56.352,0.86057,0.86063,1.00,1.69
2017.08.11 12:39:56.405,0.86055,0.86062,1.50,1.00
2017.08.11 12:39:56.662,0.86057,0.86065,1.00,1.69
2017.08.11 12:39:56.770,0.86055,0.86065,1.50,1.00
2017.08.11 12:39:56.928,0.86055,0.86061,1.50,1.19
2017.08.11 12:39:57.033,0.86056,0.86062,1.00,1.00
2017.08.11 12:39:57.187,0.86056,0.86061,1.50,1.19
2017.08.11 12:39:57.239,0.86059,0.86065,1.00,1.19
2017.08.11 12:39:57.292,0.86059,0.86064,1.50,1.19
2017.08.11 12:39:57.344,0.86061,0.86068,1.00,1.25
2017.08.11 12:39:57.395,0.86061,0.86068,1.00,1.69
2017.08.11 12:39:57.499,0.86059,0.86068,1.00,1.19
2017.08.11 12:39:57.684,0.86057,0.86066,1.50,1.69
2017.08.11 12:39:57.837,0.86055,0.86065,1.00,2.06
2017.08.11 12:39:58.356,0.86054,0.86063,1.00,1.25
2017.08.11 12:39:58.826,0.86053,0.86057,1.00,1.00
2017.08.11 12:39:59.325,0.86055,0.86059,1.50,1.00
2017.08.11 12:39:59.380,0.86055,0.86061,1.00,1.50
2017.08.11 12:39:59.433,0.86055,0.86065,1.00,2.44
2017.08.11 12:39:59.485,0.86055,0.8606,1.50,1.00
2017.08.11 12:39:59.588,0.86052,0.8606,1.00,2.25
2017.08.11 12:39:59.987,0.86052,0.86057,1.00,1.00
2017.08.11 12:40:00.295,0.86056,0.86061,1.00,1.00
2017.08.11 12:40:00.347,0.86054,0.86061,1.00,1.00
2017.08.11 12:40:00.553,0.86054,0.86059,1.00,1.00
2017.08.11 12:40:00.674,0.86054,0.86064,1.87,2.81
2017.08.11 12:40:00.728,0.86056,0.86064,1.00,1.19
2017.08.11 12:40:00.832,0.86058,0.86064,1.00,1.00
2017.08.11 12:40:00.884,0.86057,0.86067,1.00,1.00
2017.08.11 12:40:00.986,0.86059,0.86066,1.50,1.00
2017.08.11 12:40:01.500,0.86056,0.86067,1.50,1.00
2017.08.11 12:40:02.013,0.86056,0.86067,1.50,1.00
2017.08.11 12:40:02.281,0.86061,0.86067,1.12,1.00
2017.08.11 12:40:02.337,0.86063,0.8607,1.00,1.00
2017.08.11 12:40:02.443,0.86063,0.86072,1.00,1.00
2017.08.11 12:40:02.548,0.86066,0.86072,1.00,1.00
2017.08.11 12:40:02.703,0.86072,0.86081,1.00,1.31
2017.08.11 12:40:03.011,0.86075,0.86083,1.00,1.19
2017.08.11 12:40:03.115,0.86075,0.86084,1.00,1.50
2017.08.11 12:40:03.220,0.86073,0.86084,1.37,2.44
2017.08.11 12:40:03.565,0.86077,0.86086,1.00,1.69
2017.08.11 12:40:03.974,0.86077,0.86083,1.00,1.00
2017.08.11 12:40:04.178,0.86077,0.86086,1.00,1.69
2017.08.11 12:40:04.326,0.86074,0.86086,1.50,1.50
2017.08.11 12:40:04.429,0.86074,0.86084,1.00,1.00
2017.08.11 12:40:04.532,0.86072,0.86084,1.50,1.00
2017.08.11 12:40:04.737,0.86074,0.86084,1.00,1.25
2017.08.11 12:40:05.076,0.86074,0.86081,1.00,1.00
2017.08.11 12:40:05.128,0.86072,0.86081,1.87,1.00
2017.08.11 12:40:05.335,0.8607,0.86078,1.00,1.50
2017.08.11 12:40:05.387,0.86068,0.86077,2.06,1.50
2017.08.11 12:40:05.937,0.86067,0.86076,1.12,1.00
2017.08.11 12:40:06.203,0.86067,0.86078,1.12,1.50
2017.08.11 12:40:06.408,0.86067,0.86078,1.87,2.25
2017.08.11 12:40:06.614,0.86067,0.86077,1.87,1.00
2017.08.11 12:40:06.977,0.86067,0.86077,1.87,3.19
2017.08.11 12:40:07.058,0.86068,0.86077,1.12,2.25
2017.08.11 12:40:07.113,0.86073,0.86079,1.87,1.00
2017.08.11 12:40:07.165,0.86075,0.86083,1.12,1.00
2017.08.11 12:40:07.218,0.86076,0.86082,1.00,1.19
2017.08.11 12:40:07.374,0.86075,0.86084,1.12,2.44
2017.08.11 12:40:08.596,0.86075,0.86085,1.00,2.44
2017.08.11 12:40:08.700,0.86073,0.86083,1.00,1.00
2017.08.11 12:40:08.853,0.86072,0.86081,1.00,1.00
2017.08.11 12:40:08.905,0.8607,0.86082,3.75,1.50
2017.08.11 12:40:08.956,0.8607,0.8608,1.12,1.50
2017.08.11 12:40:09.298,0.86068,0.86075,1.00,1.19
2017.08.11 12:40:09.350,0.86067,0.86075,1.50,1.50
2017.08.11 12:40:09.401,0.86066,0.86073,1.87,1.19
2017.08.11 12:40:09.506,0.86064,0.86076,1.87,3.19
2017.08.11 12:40:09.559,0.86063,0.86075,2.25,2.44
2017.08.11 12:40:09.766,0.86063,0.86073,1.12,1.00
2017.08.11 12:40:10.198,0.86063,0.8607,1.12,1.00
2017.08.11 12:40:10.405,0.86064,0.86073,1.37,1.50
2017.08.11 12:40:10.663,0.86067,0.86075,1.00,1.00
2017.08.11 12:40:11.184,0.86065,0.86075,1.50,1.25
2017.08.11 12:40:11.440,0.86064,0.86075,1.87,1.25
2017.08.11 12:40:11.676,0.86065,0.86075,1.87,1.00
2017.08.11 12:40:11.728,0.86065,0.86078,2.62,3.00
2017.08.11 12:40:11.985,0.86078,0.86084,1.12,1.69
2017.08.11 12:40:12.089,0.8608,0.86087,1.00,1.19
2017.08.11 12:40:12.141,0.8608,0.86089,1.00,2.44
2017.08.11 12:40:12.684,0.8608,0.86089,1.00,2.44
2017.08.11 12:40:12.735,0.86077,0.86084,1.00,1.00
2017.08.11 12:40:13.047,0.86071,0.86074,1.50,1.00
2017.08.11 12:40:13.100,0.86072,0.86076,1.00,1.00
2017.08.11 12:40:13.152,0.86073,0.86078,1.00,1.12
2017.08.11 12:40:13.256,0.86068,0.86075,1.12,1.00
2017.08.11 12:40:13.512,0.86066,0.86077,4.12,1.00
2017.08.11 12:40:13.922,0.86066,0.86074,1.87,1.00
2017.08.11 12:40:14.229,0.86069,0.86076,1.00,1.00
2017.08.11 12:40:14.553,0.86066,0.86074,1.12,1.00
2017.08.11 12:40:14.809,0.86066,0.86072,1.12,1.00
2017.08.11 12:40:15.170,0.86064,0.86071,1.00,1.00
2017.08.11 12:40:15.222,0.86062,0.86068,1.50,1.00
2017.08.11 12:40:15.690,0.86065,0.86074,1.00,1.00
2017.08.11 12:40:15.743,0.86067,0.86074,1.00,1.00
2017.08.11 12:40:16.051,0.86065,0.86073,1.00,1.00
2017.08.11 12:40:16.153,0.86067,0.86073,1.12,1.00
2017.08.11 12:40:16.388,0.86067,0.86075,1.00,1.00
2017.08.11 12:40:16.541,0.86067,0.86078,1.50,1.00
2017.08.11 12:40:16.694,0.86069,0.86076,1.00,1.00
2017.08.11 12:40:17.237,0.86069,0.86074,1.00,1.00
2017.08.11 12:40:17.290,0.86067,0.86074,1.00,1.00
2017.08.11 12:40:17.444,0.86067,0.86076,1.00,1.00
2017.08.11 12:40:17.547,0.86068,0.86079,1.12,1.50
2017.08.11 12:40:18.058,0.86073,0.86081,1.00,1.00
2017.08.11 12:40:18.564,0.86071,0.86081,1.50,1.00
2017.08.11 12:40:18.681,0.86071,0.86079,1.87,1.00
2017.08.11 12:40:19.014,0.86069,0.86078,1.00,1.12
2017.08.11 12:40:19.065,0.86069,0.86075,1.00,1.50
2017.08.11 12:40:19.169,0.86065,0.86074,1.00,1.12
2017.08.11 12:40:19.686,0.86065,0.86074,1.00,1.37
2017.08.11 12:40:19.948,0.86067,0.86074,1.00,1.37
2017.08.11 12:40:20.146,0.86065,0.86075,1.00,1.00
2017.08.11 12:40:20.299,0.86064,0.86073,1.50,1.00
2017.08.11 12:40:20.403,0.86061,0.86071,1.50,1.00
2017.08.11 12:40:20.556,0.8606,0.86069,1.00,1.00
2017.08.11 12:40:20.746,0.86061,0.86071,1.00,1.00
2017.08.11 12:40:20.850,0.86059,0.86069,1.00,1.00
2017.08.11 12:40:21.162,0.86062,0.86067,1.69,1.00
2017.08.11 12:40:21.318,0.86059,0.86067,1.69,1.00
2017.08.11 12:40:21.472,0.86059,0.86067,1.25,1.00
2017.08.11 12:40:21.576,0.86059,0.86067,2.81,1.00
2017.08.11 12:40:21.886,0.86061,0.86069,2.81,1.00
2017.08.11 12:40:22.195,0.86058,0.86065,1.19,1.00
2017.08.11 12:40:22.721,0.86057,0.86066,2.44,1.00
2017.08.11 12:40:22.772,0.86057,0.86066,1.50,1.00
2017.08.11 12:40:22.874,0.86058,0.86065,1.19,1.00
2017.08.11 12:40:23.134,0.86057,0.86065,1.25,1.00
2017.08.11 12:40:23.186,0.86057,0.86062,1.25,1.00
2017.08.11 12:40:23.238,0.86055,0.86062,1.00,1.00
2017.08.11 12:40:23.786,0.86053,0.86061,2.81,1.00
2017.08.11 12:40:24.256,0.86055,0.86063,1.25,1.00
2017.08.11 12:40:24.442,0.86052,0.86061,2.06,1.00
2017.08.11 12:40:25.107,0.86052,0.86062,3.19,1.00
2017.08.11 12:40:25.341,0.86054,0.86063,1.00,1.00
2017.08.11 12:40:25.398,0.86054,0.86065,1.50,1.00
2017.08.11 12:40:25.454,0.86057,0.86066,1.00,1.00
2017.08.11 12:40:25.506,0.86057,0.86068,1.00,1.00
2017.08.11 12:40:26.091,0.86058,0.86067,1.00,1.00
2017.08.11 12:40:26.622,0.86056,0.86066,2.06,1.00
2017.08.11 12:40:26.724,0.86056,0.86068,2.06,1.00
2017.08.11 12:40:26.776,0.86058,0.86067,1.00,1.00
2017.08.11 12:40:27.026,0.86058,0.86069,1.31,1.00
2017.08.11 12:40:27.130,0.8606,0.86069,1.00,1.00
2017.08.11 12:40:27.439,0.86058,0.86067,1.50,1.00
2017.08.11 12:40:27.711,0.8606,0.86071,1.00,1.50
2017.08.11 12:40:28.244,0.8606,0.8607,1.00,1.00
2017.08.11 12:40:29.235,0.86059,0.86067,1.00,1.00
2017.08.11 12:40:29.556,0.86057,0.86064,1.00,1.00
2017.08.11 12:40:30.643,0.86055,0.86064,1.00,1.00
2017.08.11 12:40:31.159,0.86055,0.86066,1.50,2.81
2017.08.11 12:40:32.106,0.86054,0.86063,2.25,1.00
2017.08.11 12:40:32.423,0.86056,0.86064,1.87,1.00
2017.08.11 12:40:32.474,0.86055,0.86064,3.00,1.00
2017.08.11 12:40:32.680,0.86054,0.86063,1.00,1.00
2017.08.11 12:40:32.733,0.86054,0.8606,1.19,1.00
2017.08.11 12:40:32.786,0.86053,0.86059,1.25,1.00
2017.08.11 12:40:32.839,0.8605,0.86061,1.31,1.60
2017.08.11 12:40:33.064,0.86046,0.86056,1.19,1.00
2017.08.11 12:40:33.116,0.86046,0.86055,1.25,1.00
2017.08.11 12:40:33.169,0.86045,0.86054,1.19,1.00
2017.08.11 12:40:33.223,0.86046,0.86053,1.12,1.00
2017.08.11 12:40:33.275,0.86047,0.86053,1.19,1.00
2017.08.11 12:40:33.327,0.86045,0.86053,2.62,1.00
2017.08.11 12:40:33.378,0.86047,0.86054,1.12,1.00
2017.08.11 12:40:33.724,0.86043,0.86052,2.06,1.00
2017.08.11 12:40:34.165,0.86043,0.8605,2.25,1.00
2017.08.11 12:40:34.268,0.86041,0.86049,1.69,1.00
2017.08.11 12:40:34.421,0.8604,0.86047,1.87,1.00
2017.08.11 12:40:34.474,0.86038,0.86045,1.00,1.00
2017.08.11 12:40:34.528,0.86036,0.8605,2.06,1.25
2017.08.11 12:40:34.580,0.86036,0.86043,2.06,1.00
2017.08.11 12:40:34.997,0.86037,0.86045,1.75,1.00
2017.08.11 12:40:35.101,0.86037,0.86045,1.12,1.00
2017.08.11 12:40:35.452,0.86033,0.86042,1.69,1.00
2017.08.11 12:40:35.765,0.86036,0.86043,1.00,1.00
2017.08.11 12:40:35.959,0.86033,0.86044,1.00,1.50
2017.08.11 12:40:36.117,0.8604,0.86044,1.12,1.00
2017.08.11 12:40:36.169,0.86043,0.86049,1.00,1.12
2017.08.11 12:40:36.221,0.86044,0.8605,1.00,1.00
2017.08.11 12:40:36.529,0.86049,0.86054,1.00,1.00
2017.08.11 12:40:36.712,0.86049,0.86057,1.00,1.37
2017.08.11 12:40:36.918,0.86051,0.86057,1.00,1.37
2017.08.11 12:40:36.970,0.86051,0.86057,1.00,1.00
2017.08.11 12:40:37.022,0.86049,0.8606,1.00,2.81
2017.08.11 12:40:37.075,0.86045,0.86055,3.19,1.00
2017.08.11 12:40:37.389,0.86048,0.86056,1.37,1.00
2017.08.11 12:40:37.442,0.86047,0.86056,1.87,1.00
2017.08.11 12:40:37.956,0.86047,0.86056,2.25,1.00
2017.08.11 12:40:38.206,0.8605,0.86056,1.00,1.00
2017.08.11 12:40:38.311,0.8605,0.86058,1.00,1.00
2017.08.11 12:40:38.671,0.8605,0.86056,1.00,1.00
2017.08.11 12:40:38.884,0.86047,0.86055,4.12,1.12
2017.08.11 12:40:38.936,0.86046,0.86056,1.12,1.00
2017.08.11 12:40:38.988,0.86045,0.86054,2.62,1.00
2017.08.11 12:40:39.296,0.86043,0.8605,1.00,1.00
2017.08.11 12:40:39.780,0.86041,0.86047,1.37,1.00
2017.08.11 12:40:40.292,0.8604,0.86047,1.37,1.00
2017.08.11 12:40:40.343,0.86041,0.86049,1.00,1.00
2017.08.11 12:40:40.549,0.86041,0.86046,1.00,1.00
2017.08.11 12:40:40.601,0.86038,0.86045,1.69,1.00
2017.08.11 12:40:41.118,0.86039,0.86046,1.37,1.00
2017.08.11 12:40:41.640,0.86041,0.8605,1.00,1.00
2017.08.11 12:40:41.742,0.86041,0.86052,1.00,1.00
2017.08.11 12:40:41.794,0.86039,0.8605,1.87,1.00
2017.08.11 12:40:42.270,0.86042,0.86052,1.00,1.00
2017.08.11 12:40:42.576,0.86041,0.8605,1.00,1.00
2017.08.11 12:40:43.107,0.86041,0.86049,1.00,1.00
2017.08.11 12:40:43.415,0.86041,0.86052,1.12,1.31
2017.08.11 12:40:43.956,0.86042,0.86053,1.00,1.19
2017.08.11 12:40:44.009,0.86042,0.86053,1.00,1.25
2017.08.11 12:40:44.061,0.86044,0.86055,1.00,1.31
2017.08.11 12:40:44.366,0.86047,0.86056,1.00,1.25
2017.08.11 12:40:45.859,0.86046,0.86056,1.00,1.25
2017.08.11 12:40:46.394,0.86047,0.86057,1.00,1.25
2017.08.11 12:40:46.726,0.8605,0.86059,1.00,1.37
2017.08.11 12:40:46.778,0.86051,0.86059,1.00,1.12
2017.08.11 12:40:46.982,0.86049,0.86055,1.00,1.00
2017.08.11 12:40:47.305,0.86051,0.86056,1.00,1.00
2017.08.11 12:40:47.648,0.86053,0.86057,1.00,1.00
2017.08.11 12:40:47.855,0.86055,0.8606,1.00,1.00
2017.08.11 12:40:47.907,0.86055,0.86062,1.00,1.00
2017.08.11 12:40:48.011,0.86057,0.86062,1.00,1.00
2017.08.11 12:40:48.166,0.86058,0.86065,1.00,1.37
2017.08.11 12:40:48.417,0.86054,0.86058,1.00,1.00
2017.08.11 12:40:48.574,0.86047,0.86052,1.00,1.00
2017.08.11 12:40:48.677,0.86046,0.86055,1.00,1.69
2017.08.11 12:40:48.729,0.86044,0.86054,1.50,1.00
2017.08.11 12:40:49.113,0.86048,0.86056,1.00,1.31
2017.08.11 12:40:49.373,0.8605,0.86058,1.00,1.00
2017.08.11 12:40:49.527,0.8605,0.86056,1.00,1.00
2017.08.11 12:40:49.922,0.86047,0.86053,1.87,1.00
2017.08.11 12:40:50.236,0.86046,0.86051,1.00,1.00
2017.08.11 12:40:50.492,0.86046,0.86054,1.00,1.50
2017.08.11 12:40:50.686,0.86048,0.86055,1.00,1.00
2017.08.11 12:40:50.994,0.86051,0.86058,1.00,1.00
2017.08.11 12:40:51.303,0.86049,0.86056,1.00,1.37
2017.08.11 12:40:51.799,0.86047,0.86055,1.50,1.12
2017.08.11 12:40:52.996,0.86047,0.86056,1.50,1.12
2017.08.11 12:40:53.314,0.86049,0.86057,1.00,1.50
2017.08.11 12:40:53.616,0.86051,0.86061,1.00,3.37
2017.08.11 12:40:53.924,0.86035,0.86043,1.00,1.37
2017.08.11 12:40:54.027,0.86037,0.86043,1.00,1.37
2017.08.11 12:40:54.078,0.86035,0.86043,1.00,1.50
2017.08.11 12:40:54.830,0.86037,0.86044,1.00,1.87
2017.08.11 12:40:54.883,0.86035,0.86044,1.00,1.50
2017.08.11 12:40:55.168,0.86037,0.86044,1.00,2.25
2017.08.11 12:40:55.681,0.86036,0.86044,1.00,1.87
2017.08.11 12:40:55.990,0.8603,0.8604,1.00,2.81
2017.08.11 12:40:56.850,0.86032,0.8604,1.00,2.81
2017.08.11 12:40:56.953,0.86033,0.86042,1.00,1.94
2017.08.11 12:40:57.004,0.86033,0.86041,1.00,3.19
2017.08.11 12:40:57.056,0.86031,0.8604,1.00,2.06
2017.08.11 12:40:57.158,0.86031,0.86041,1.00,1.56
2017.08.11 12:40:57.261,0.8603,0.86041,1.00,5.81
2017.08.11 12:40:57.618,0.86028,0.86038,1.00,1.87
2017.08.11 12:40:57.925,0.8603,0.86037,1.00,1.00
2017.08.11 12:40:58.470,0.8603,0.86039,1.00,1.37
2017.08.11 12:40:58.851,0.86028,0.86038,1.00,3.00
2017.08.11 12:40:58.903,0.8603,0.86039,1.00,1.62
2017.08.11 12:40:59.059,0.86024,0.86035,1.00,1.87
2017.08.11 12:40:59.571,0.86025,0.86034,1.00,2.06
2017.08.11 12:40:59.923,0.86028,0.86035,1.00,1.25
2017.08.11 12:41:00.026,0.86028,0.86037,1.00,2.25
2017.08.11 12:41:00.283,0.86031,0.86041,1.00,3.00
2017.08.11 12:41:00.335,0.86031,0.86041,1.00,3.00
2017.08.11 12:41:00.526,0.86032,0.86043,1.00,4.69
2017.08.11 12:41:00.888,0.8603,0.86041,1.00,1.50
2017.08.11 12:41:00.991,0.86028,0.86038,1.50,1.50
2017.08.11 12:41:01.508,0.86027,0.86037,1.00,1.37
2017.08.11 12:41:02.059,0.86027,0.86037,1.00,1.00
2017.08.11 12:41:02.112,0.86028,0.86039,1.00,1.87
2017.08.11 12:41:02.607,0.86034,0.86042,1.00,3.19
2017.08.11 12:41:03.063,0.8603,0.8604,1.00,2.62
2017.08.11 12:41:03.216,0.86032,0.86041,1.00,1.87
2017.08.11 12:41:03.319,0.86033,0.86042,1.00,4.12
2017.08.11 12:41:03.575,0.86033,0.86041,1.00,1.87
2017.08.11 12:41:03.874,0.86033,0.86042,1.00,1.37
2017.08.11 12:41:03.926,0.86035,0.86043,1.00,1.00
2017.08.11 12:41:03.978,0.86038,0.86043,1.00,1.00
2017.08.11 12:41:04.132,0.86039,0.86047,1.00,1.37
2017.08.11 12:41:04.235,0.86038,0.86045,1.00,2.62
2017.08.11 12:41:04.287,0.86037,0.86047,1.00,2.25
2017.08.11 12:41:04.339,0.86035,0.86045,1.00,1.69
2017.08.11 12:41:04.391,0.86034,0.86044,1.00,2.25
2017.08.11 12:41:04.587,0.86031,0.8604,1.00,1.00
2017.08.11 12:41:04.792,0.86033,0.86043,1.00,3.19
2017.08.11 12:41:04.946,0.86029,0.86038,1.00,1.00
2017.08.11 12:41:05.100,0.86028,0.86038,1.00,2.62
2017.08.11 12:41:05.643,0.86028,0.86037,1.00,1.12
2017.08.11 12:41:05.988,0.86028,0.86037,1.00,1.12
2017.08.11 12:41:06.091,0.86025,0.86036,1.31,1.87
2017.08.11 12:41:06.296,0.86027,0.86036,1.00,1.12
2017.08.11 12:41:06.803,0.86026,0.86035,2.06,1.00
2017.08.11 12:41:07.166,0.86026,0.86032,1.62,1.00
2017.08.11 12:41:07.703,0.86026,0.86033,1.25,1.00
2017.08.11 12:41:08.257,0.86025,0.86033,1.12,1.00
2017.08.11 12:41:08.564,0.86029,0.86036,1.12,1.00
2017.08.11 12:41:08.921,0.86031,0.86036,1.00,1.00
2017.08.11 12:41:09.168,0.86046,0.86054,1.87,2.25
2017.08.11 12:41:09.220,0.86051,0.86057,1.00,1.00
2017.08.11 12:41:09.325,0.8605,0.8606,1.12,1.00
2017.08.11 12:41:09.377,0.86051,0.8606,2.25,1.19
2017.08.11 12:41:09.429,0.86051,0.86061,3.00,1.00
2017.08.11 12:41:09.480,0.86053,0.86063,1.00,1.00
2017.08.11 12:41:09.844,0.86055,0.86064,1.00,1.69
2017.08.11 12:41:10.360,0.86056,0.86064,1.00,1.69
2017.08.11 12:41:10.514,0.86056,0.86067,1.00,2.06
2017.08.11 12:41:10.565,0.86055,0.86065,1.00,1.00
2017.08.11 12:41:11.000,0.86052,0.86063,1.50,1.00
2017.08.11 12:41:11.103,0.86054,0.86063,1.00,1.00
2017.08.11 12:41:11.261,0.86054,0.86065,3.00,1.50
2017.08.11 12:41:11.796,0.86055,0.86064,1.12,1.12
2017.08.11 12:41:12.335,0.86059,0.86069,1.12,1.12
2017.08.11 12:41:12.592,0.8606,0.86067,1.00,1.00
2017.08.11 12:41:12.695,0.86062,0.86071,1.00,1.00
2017.08.11 12:41:12.798,0.8606,0.86067,1.50,1.00
2017.08.11 12:41:13.138,0.8606,0.86064,1.00,1.00
2017.08.11 12:41:13.680,0.86059,0.86065,1.00,1.00
2017.08.11 12:41:13.731,0.86056,0.86065,1.87,1.00
2017.08.11 12:41:14.065,0.86057,0.86064,1.37,1.00
2017.08.11 12:41:14.608,0.86057,0.86064,1.00,1.00
2017.08.11 12:41:15.001,0.86056,0.86062,1.00,1.00
2017.08.11 12:41:15.463,0.86053,0.86062,1.12,1.00
2017.08.11 12:41:15.514,0.86053,0.8606,1.00,1.00
2017.08.11 12:41:15.566,0.86051,0.86061,1.50,1.00
2017.08.11 12:41:15.708,0.86053,0.8606,1.12,1.00
2017.08.11 12:41:16.238,0.86053,0.86061,1.12,1.00
2017.08.11 12:41:16.834,0.86053,0.86059,1.12,1.00
2017.08.11 12:41:17.378,0.86054,0.8606,1.00,1.00
2017.08.11 12:41:17.581,0.8605,0.86058,1.69,1.12
2017.08.11 12:41:17.633,0.8605,0.86056,1.50,1.00
2017.08.11 12:41:17.848,0.86045,0.86052,1.25,1.00
2017.08.11 12:41:17.900,0.86044,0.86048,1.00,1.00
2017.08.11 12:41:18.054,0.8604,0.86047,1.50,1.00
2017.08.11 12:41:18.243,0.86039,0.8605,1.69,1.00
2017.08.11 12:41:18.334,0.86037,0.86045,1.87,1.00
2017.08.11 12:41:18.641,0.86039,0.86046,1.00,1.00
2017.08.11 12:41:18.898,0.86039,0.86048,1.00,1.00
2017.08.11 12:41:19.103,0.8604,0.86046,2.25,1.00
2017.08.11 12:41:19.206,0.8604,0.86048,1.00,1.00
2017.08.11 12:41:19.513,0.86038,0.86048,5.44,1.00
2017.08.11 12:41:19.616,0.86039,0.86046,1.00,1.12
2017.08.11 12:41:20.123,0.86038,0.86046,1.00,1.00
2017.08.11 12:41:20.483,0.86039,0.86048,1.00,1.00
2017.08.11 12:41:20.997,0.86039,0.86047,3.00,1.00
2017.08.11 12:41:21.407,0.86039,0.86049,2.62,1.00
2017.08.11 12:41:21.940,0.8604,0.86048,1.00,1.00
2017.08.11 12:41:22.460,0.8604,0.86047,1.00,1.00
2017.08.11 12:41:22.664,0.8604,0.8605,2.25,1.00
2017.08.11 12:41:22.838,0.86041,0.86047,1.00,1.00
2017.08.11 12:41:23.094,0.86039,0.86048,1.87,1.00
2017.08.11 12:41:23.605,0.86041,0.86049,1.00,1.00
2017.08.11 12:41:24.118,0.8604,0.86049,1.00,1.00
2017.08.11 12:41:24.511,0.86044,0.86052,1.00,1.00
2017.08.11 12:41:24.920,0.86042,0.86052,1.00,1.00
2017.08.11 12:41:25.226,0.86042,0.86049,1.00,1.00
2017.08.11 12:41:25.436,0.8604,0.86049,2.25,1.00
2017.08.11 12:41:25.589,0.8604,0.86047,1.00,1.00
2017.08.11 12:41:25.947,0.86042,0.86048,1.00,1.00
2017.08.11 12:41:26.202,0.86042,0.86053,2.25,1.00
2017.08.11 12:41:26.254,0.86046,0.86053,1.00,1.00
2017.08.11 12:41:26.479,0.86046,0.86056,1.00,1.00
2017.08.11 12:41:27.007,0.86046,0.86055,1.00,1.00
2017.08.11 12:41:27.316,0.86043,0.86053,1.00,1.25
2017.08.11 12:41:27.367,0.86046,0.86053,1.00,1.25
2017.08.11 12:41:27.877,0.86045,0.86054,1.50,1.25
2017.08.11 12:41:28.395,0.86048,0.86056,1.00,2.06
2017.08.11 12:41:28.579,0.86046,0.86055,1.00,1.25
2017.08.11 12:41:28.631,0.86044,0.86055,1.50,1.69
2017.08.11 12:41:29.177,0.86041,0.8605,1.50,1.12
2017.08.11 12:41:29.484,0.86039,0.8605,1.00,2.06
2017.08.11 12:41:30.334,0.86041,0.8605,1.00,1.12
2017.08.11 12:41:31.207,0.86041,0.8605,1.00,2.06
2017.08.11 12:41:31.374,0.86041,0.86052,1.12,1.69
2017.08.11 12:41:31.426,0.86043,0.86054,1.00,1.31
2017.08.11 12:41:31.631,0.86044,0.86055,1.00,2.62
2017.08.11 12:41:32.138,0.86045,0.86053,1.00,1.00
2017.08.11 12:41:32.600,0.86045,0.86055,1.00,1.00
2017.08.11 12:41:32.805,0.86047,0.86055,1.00,1.00
2017.08.11 12:41:33.223,0.86049,0.86056,1.00,1.87
2017.08.11 12:41:33.958,0.86049,0.86057,1.00,1.00
2017.08.11 12:41:34.505,0.8605,0.86058,1.00,1.00
2017.08.11 12:41:34.894,0.86048,0.86059,1.00,1.50
2017.08.11 12:41:34.997,0.86047,0.86057,1.00,1.87
2017.08.11 12:41:35.049,0.86045,0.86056,1.00,1.12
2017.08.11 12:41:35.100,0.86045,0.86054,1.00,1.00
2017.08.11 12:41:35.927,0.86045,0.86056,1.00,4.69
2017.08.11 12:41:36.233,0.86047,0.86055,1.00,1.12
2017.08.11 12:41:36.335,0.86045,0.86055,1.00,1.12
2017.08.11 12:41:36.386,0.86044,0.86053,1.50,1.00
2017.08.11 12:41:36.692,0.86042,0.86051,1.00,1.00
2017.08.11 12:41:37.235,0.86042,0.8605,1.00,1.00
2017.08.11 12:41:37.389,0.86043,0.86052,1.00,1.00
2017.08.11 12:41:37.644,0.86043,0.8605,1.00,1.00
2017.08.11 12:41:37.999,0.86043,0.86053,1.00,1.00
2017.08.11 12:41:38.424,0.86042,0.86051,1.50,1.00
2017.08.11 12:41:38.679,0.86043,0.86053,1.00,1.00
2017.08.11 12:41:39.186,0.86044,0.86054,1.50,1.00
2017.08.11 12:41:39.700,0.86044,0.86053,1.00,1.00
2017.08.11 12:41:40.252,0.86045,0.86054,1.00,1.00
2017.08.11 12:41:40.355,0.86049,0.86054,1.00,1.00
2017.08.11 12:41:40.406,0.8605,0.86057,1.00,1.00
2017.08.11 12:41:40.610,0.86048,0.86057,1.50,2.62
2017.08.11 12:41:40.713,0.86046,0.86056,1.00,1.37
2017.08.11 12:41:41.228,0.86047,0.86054,1.00,1.00
2017.08.11 12:41:41.746,0.86047,0.86056,1.00,1.37
2017.08.11 12:41:41.950,0.86046,0.86053,1.00,1.00
2017.08.11 12:41:42.430,0.86049,0.86054,1.00,1.00
2017.08.11 12:41:42.739,0.86045,0.86053,1.00,1.12
2017.08.11 12:41:42.791,0.86047,0.86055,1.00,1.00
2017.08.11 12:41:43.097,0.86049,0.86056,1.00,1.00
2017.08.11 12:41:43.417,0.86045,0.86052,1.00,1.00
2017.08.11 12:41:43.724,0.86045,0.8605,1.00,1.00
2017.08.11 12:41:43.775,0.86042,0.8605,1.50,1.00
2017.08.11 12:41:44.305,0.86042,0.86049,1.00,1.00
2017.08.11 12:41:44.937,0.86043,0.86049,1.00,1.00
2017.08.11 12:41:45.143,0.86042,0.86046,1.00,1.00
2017.08.11 12:41:45.195,0.8604,0.86046,1.00,1.00
2017.08.11 12:41:45.717,0.86039,0.86045,1.00,1.00
2017.08.11 12:41:46.044,0.86039,0.86047,1.00,1.00
2017.08.11 12:41:46.740,0.86039,0.86049,1.00,1.00
2017.08.11 12:41:46.842,0.86042,0.86049,1.00,1.00
2017.08.11 12:41:47.097,0.86042,0.86051,1.00,1.00
2017.08.11 12:41:47.633,0.86043,0.86051,1.00,1.00
2017.08.11 12:41:47.735,0.86041,0.86051,1.00,1.00
2017.08.11 12:41:47.787,0.86041,0.86048,1.00,1.12
2017.08.11 12:41:47.838,0.86039,0.86048,1.00,1.50
2017.08.11 12:41:48.144,0.86041,0.86051,1.00,1.31
2017.08.11 12:41:48.246,0.86041,0.86047,1.00,1.00
2017.08.11 12:41:48.755,0.8604,0.86047,1.00,1.00
2017.08.11 12:41:49.289,0.8604,0.86046,1.00,1.00
2017.08.11 12:41:49.491,0.8604,0.86049,1.00,1.87
2017.08.11 12:41:50.072,0.86041,0.8605,1.00,1.12
2017.08.11 12:41:50.542,0.86044,0.86053,1.00,1.00
2017.08.11 12:41:50.853,0.86045,0.86056,1.00,2.81
2017.08.11 12:41:51.383,0.86045,0.86056,1.00,1.12
2017.08.11 12:41:51.651,0.86047,0.86056,1.00,1.00
2017.08.11 12:41:51.702,0.86047,0.86058,1.00,2.06
2017.08.11 12:41:52.627,0.86048,0.86058,1.00,1.00
2017.08.11 12:41:53.099,0.86049,0.8606,1.00,2.44
2017.08.11 12:41:53.582,0.86051,0.86062,1.00,1.12
2017.08.11 12:41:53.898,0.86053,0.86063,1.50,1.12
2017.08.11 12:41:54.667,0.86054,0.86064,1.00,1.62
2017.08.11 12:41:55.178,0.86051,0.86059,1.00,1.00
2017.08.11 12:41:55.281,0.86049,0.86058,3.00,1.00
2017.08.11 12:41:55.537,0.86047,0.86057,1.00,1.50
2017.08.11 12:41:55.750,0.86047,0.86055,1.00,1.00
2017.08.11 12:41:56.244,0.86048,0.86056,1.50,1.00
2017.08.11 12:41:56.879,0.86049,0.86056,1.37,1.00
2017.08.11 12:41:57.074,0.8605,0.8606,1.12,1.00
2017.08.11 12:41:57.741,0.8605,0.86061,3.37,1.69
2017.08.11 12:41:58.493,0.86051,0.86063,1.00,2.06
2017.08.11 12:41:58.646,0.86053,0.86063,1.12,1.19
2017.08.11 12:41:58.902,0.86056,0.86066,1.00,1.25
2017.08.11 12:41:59.680,0.86056,0.86066,1.00,1.19
2017.08.11 12:42:00.254,0.86055,0.86066,1.00,1.69
2017.08.11 12:42:00.563,0.86052,0.86059,1.50,1.00
2017.08.11 12:42:00.719,0.86049,0.86057,1.31,1.00
2017.08.11 12:42:00.822,0.86048,0.86055,2.81,1.00
2017.08.11 12:42:00.874,0.86046,0.86055,5.06,1.00
2017.08.11 12:42:01.120,0.86045,0.86053,2.44,1.00
2017.08.11 12:42:01.681,0.86043,0.86053,2.81,1.50
2017.08.11 12:42:01.783,0.86042,0.86051,1.69,1.00
2017.08.11 12:42:02.133,0.8604,0.86048,1.12,1.00
2017.08.11 12:42:02.238,0.86041,0.8605,1.00,1.00
2017.08.11 12:42:02.290,0.86041,0.86048,1.00,1.00
2017.08.11 12:42:02.599,0.86033,0.8604,1.56,1.00
2017.08.11 12:42:02.701,0.8603,0.86039,1.69,1.00
2017.08.11 12:42:03.006,0.86029,0.86036,1.19,1.00
2017.08.11 12:42:03.108,0.86029,0.86039,1.25,1.00
2017.08.11 12:42:03.211,0.86032,0.86041,1.00,2.25
2017.08.11 12:42:03.521,0.86032,0.86038,1.00,1.12
2017.08.11 12:42:03.573,0.8603,0.86038,1.00,1.12
2017.08.11 12:42:03.756,0.86028,0.86037,1.00,1.00
2017.08.11 12:42:04.098,0.86031,0.86039,1.00,2.25
2017.08.11 12:42:04.149,0.86031,0.8604,1.00,1.00
2017.08.11 12:42:04.201,0.86031,0.86042,1.00,2.62
2017.08.11 12:42:04.253,0.86033,0.86042,1.00,1.12
2017.08.11 12:42:04.559,0.86032,0.86039,1.00,1.00
2017.08.11 12:42:04.773,0.8603,0.86039,1.00,1.12
2017.08.11 12:42:05.389,0.86031,0.8604,1.00,1.12
2017.08.11 12:42:05.440,0.86029,0.86037,1.00,1.00
2017.08.11 12:42:05.995,0.86028,0.86037,1.50,1.00
2017.08.11 12:42:06.250,0.86029,0.8604,1.00,1.12
2017.08.11 12:42:06.418,0.8603,0.86038,1.00,1.37
2017.08.11 12:42:06.470,0.86028,0.86037,1.50,1.12
2017.08.11 12:42:06.572,0.86026,0.86035,1.00,1.50
2017.08.11 12:42:06.752,0.86024,0.86035,1.00,2.62
2017.08.11 12:42:06.957,0.86027,0.86035,1.00,2.62
2017.08.11 12:42:07.060,0.86022,0.86031,11.81,1.00
2017.08.11 12:42:07.214,0.86022,0.86029,1.00,1.00
2017.08.11 12:42:07.266,0.86022,0.86032,1.00,1.00
2017.08.11 12:42:07.528,0.86024,0.86032,1.00,1.00
2017.08.11 12:42:07.784,0.8603,0.86041,1.12,1.00
2017.08.11 12:42:07.835,0.86033,0.86042,1.00,1.50
2017.08.11 12:42:08.346,0.86032,0.86042,1.00,2.62
2017.08.11 12:42:08.655,0.86037,0.86043,1.00,1.00
2017.08.11 12:42:08.758,0.86039,0.86048,1.00,3.37
2017.08.11 12:42:08.811,0.86036,0.86047,1.00,1.87
2017.08.11 12:42:08.955,0.86035,0.86045,10.87,4.50
2017.08.11 12:42:09.416,0.86037,0.86045,1.00,3.37
2017.08.11 12:42:09.947,0.86037,0.86045,1.00,1.12
2017.08.11 12:42:10.253,0.86036,0.86043,1.00,1.12
2017.08.11 12:42:10.645,0.86032,0.86043,1.00,4.35
2017.08.11 12:42:10.748,0.86034,0.8604,1.00,1.00
2017.08.11 12:42:11.056,0.86037,0.86042,1.00,1.00
2017.08.11 12:42:11.321,0.86035,0.86042,1.00,1.00
2017.08.11 12:42:11.476,0.86035,0.86044,1.00,1.12
2017.08.11 12:42:11.630,0.86039,0.86044,1.00,1.87
2017.08.11 12:42:11.732,0.86035,0.86044,1.00,1.87
2017.08.11 12:42:12.311,0.86035,0.86043,1.00,1.12
2017.08.11 12:42:12.829,0.86036,0.86043,1.00,1.12
2017.08.11 12:42:13.086,0.86037,0.86045,1.00,1.00
2017.08.11 12:42:13.201,0.86039,0.86047,1.00,1.69
2017.08.11 12:42:13.498,0.8604,0.86049,1.00,1.12
2017.08.11 12:42:14.031,0.86041,0.86049,1.00,1.00
2017.08.11 12:42:14.558,0.86042,0.8605,1.00,1.12
2017.08.11 12:42:14.712,0.86041,0.86048,1.00,1.12
2017.08.11 12:42:14.815,0.86039,0.86047,1.00,1.00
2017.08.11 12:42:14.918,0.86039,0.86048,1.00,2.25
2017.08.11 12:42:15.435,0.8604,0.86047,1.00,1.75
2017.08.11 12:42:15.963,0.86039,0.86045,1.00,1.00
2017.08.11 12:42:16.339,0.86038,0.86044,1.00,1.50
2017.08.11 12:42:16.842,0.86037,0.86045,1.25,1.87
2017.08.11 12:42:17.375,0.86039,0.86045,1.00,1.12
2017.08.11 12:42:17.733,0.86038,0.86045,1.00,1.12
2017.08.11 12:42:18.269,0.86038,0.86045,1.00,1.37
2017.08.11 12:42:18.889,0.8604,0.86047,1.25,1.50
2017.08.11 12:42:19.198,0.86042,0.8605,1.00,3.19
2017.08.11 12:42:19.353,0.86042,0.86049,1.00,1.12
2017.08.11 12:42:19.507,0.8604,0.86048,1.00,1.00
2017.08.11 12:42:19.712,0.86039,0.86048,1.00,1.12
2017.08.11 12:42:20.231,0.8604,0.86045,1.00,1.00
2017.08.11 12:42:20.623,0.86038,0.86044,1.00,1.87
2017.08.11 12:42:20.725,0.86036,0.86044,1.00,2.25
2017.08.11 12:42:20.827,0.86033,0.86039,1.00,3.60
2017.08.11 12:42:20.880,0.8603,0.86036,1.50,1.00
2017.08.11 12:42:21.037,0.86031,0.86037,1.00,2.25
2017.08.11 12:42:21.089,0.86031,0.86039,1.00,2.25
2017.08.11 12:42:21.140,0.86031,0.86039,1.00,1.00
2017.08.11 12:42:21.192,0.86033,0.86041,1.00,1.87
2017.08.11 12:42:21.739,0.86032,0.8604,1.00,1.50
2017.08.11 12:42:22.415,0.86032,0.8604,1.00,3.00
2017.08.11 12:42:23.369,0.8603,0.8604,1.00,3.37
2017.08.11 12:42:23.421,0.86029,0.86038,1.25,1.12
2017.08.11 12:42:23.737,0.86036,0.86042,1.00,1.00
2017.08.11 12:42:24.043,0.86038,0.86042,1.00,1.50
2017.08.11 12:42:24.094,0.86036,0.86042,1.00,2.25
2017.08.11 12:42:24.146,0.86033,0.86041,1.69,1.12
2017.08.11 12:42:24.198,0.86036,0.86041,1.00,1.12
2017.08.11 12:42:24.504,0.86034,0.8604,1.25,3.00
2017.08.11 12:42:24.657,0.86032,0.8604,1.00,1.87
2017.08.11 12:42:25.067,0.86034,0.8604,1.00,1.87
2017.08.11 12:42:25.608,0.86033,0.8604,1.00,1.87
2017.08.11 12:42:26.024,0.86034,0.86042,1.00,1.12
2017.08.11 12:42:26.076,0.86036,0.86042,1.00,1.00
2017.08.11 12:42:26.179,0.86034,0.86044,2.29,1.50
2017.08.11 12:42:26.230,0.86034,0.86045,3.04,1.25
2017.08.11 12:42:26.588,0.86041,0.86049,1.25,1.50
2017.08.11 12:42:26.996,0.86038,0.86045,1.00,1.00
2017.08.11 12:42:27.505,0.86037,0.86045,1.00,1.00
2017.08.11 12:42:28.088,0.86034,0.86044,1.69,3.00
2017.08.11 12:42:28.395,0.86036,0.86042,1.00,1.37
2017.08.11 12:42:28.897,0.86034,0.86042,1.19,1.37
2017.08.11 12:42:29.480,0.86035,0.86042,1.00,1.00
2017.08.11 12:42:29.991,0.86037,0.86044,1.00,1.00
2017.08.11 12:42:30.144,0.86038,0.86048,1.00,4.12
2017.08.11 12:42:30.651,0.86039,0.86048,1.00,2.62
2017.08.11 12:42:31.599,0.86041,0.86047,1.00,1.12
2017.08.11 12:42:31.804,0.86037,0.86047,1.00,1.00
2017.08.11 12:42:31.856,0.86039,0.86047,1.00,4.12
2017.08.11 12:42:31.908,0.86037,0.86044,1.00,1.00
2017.08.11 12:42:32.418,0.86037,0.86043,1.00,1.12
2017.08.11 12:42:32.522,0.86035,0.86043,1.00,1.00
2017.08.11 12:42:32.779,0.86037,0.86044,1.00,2.25
2017.08.11 12:42:33.375,0.8604,0.86045,1.00,1.12
2017.08.11 12:42:33.477,0.86038,0.86046,1.00,3.00
2017.08.11 12:42:33.692,0.86035,0.86044,1.25,2.25
2017.08.11 12:42:33.745,0.86034,0.8604,1.19,1.00
2017.08.11 12:42:33.797,0.86032,0.8604,1.69,1.00
2017.08.11 12:42:34.254,0.86032,0.86039,1.00,1.00
2017.08.11 12:42:34.458,0.8603,0.86035,1.69,1.00
2017.08.11 12:42:35.007,0.86029,0.86035,1.19,1.00
2017.08.11 12:42:35.529,0.8603,0.86036,1.69,1.00
2017.08.11 12:42:36.064,0.8603,0.86036,1.00,1.00
2017.08.11 12:42:36.461,0.86032,0.86038,1.25,1.00
2017.08.11 12:42:36.564,0.86032,0.86041,1.25,1.00
2017.08.11 12:42:36.617,0.86034,0.86041,1.00,1.00
2017.08.11 12:42:36.669,0.86034,0.86043,1.00,1.00
2017.08.11 12:42:37.094,0.86034,0.86043,1.00,3.37
2017.08.11 12:42:37.160,0.86032,0.8604,1.50,1.00
2017.08.11 12:42:37.265,0.86032,0.86042,1.00,1.00
2017.08.11 12:42:37.785,0.86033,0.86041,2.44,1.00
2017.08.11 12:42:37.888,0.86035,0.86042,1.25,1.00
2017.08.11 12:42:38.466,0.86035,0.86043,1.25,1.00
2017.08.11 12:42:38.671,0.86039,0.86048,1.00,1.00
2017.08.11 12:42:38.722,0.8604,0.86048,2.25,1.00
2017.08.11 12:42:38.826,0.86042,0.86052,1.00,1.00
2017.08.11 12:42:39.030,0.86044,0.86052,1.00,1.00
2017.08.11 12:42:39.425,0.86047,0.86055,1.00,1.50
2017.08.11 12:42:39.766,0.86045,0.86054,1.00,1.87
2017.08.11 12:42:40.359,0.86044,0.86054,1.00,1.87
2017.08.11 12:42:40.871,0.86042,0.86052,1.19,1.00
2017.08.11 12:42:41.413,0.86041,0.86051,1.69,1.12
2017.08.11 12:42:41.956,0.86044,0.86051,1.00,1.00
2017.08.11 12:42:42.467,0.86044,0.86052,1.00,1.87
2017.08.11 12:42:42.634,0.86042,0.86052,1.50,1.12
2017.08.11 12:42:43.199,0.86043,0.86052,1.00,1.00
2017.08.11 12:42:43.717,0.86043,0.86053,1.69,1.50
2017.08.11 12:42:44.074,0.86046,0.86054,1.00,1.37
2017.08.11 12:42:44.126,0.86046,0.86055,1.00,2.62
2017.08.11 12:42:44.663,0.86046,0.86054,1.00,1.50
2017.08.11 12:42:45.207,0.86045,0.86054,1.00,1.50
2017.08.11 12:42:45.916,0.86043,0.86051,1.00,1.00
2017.08.11 12:42:46.227,0.86045,0.86053,1.00,1.37
2017.08.11 12:42:47.137,0.86044,0.86054,1.00,3.75
2017.08.11 12:42:47.359,0.86044,0.86054,1.00,2.62
2017.08.11 12:42:47.869,0.86045,0.86053,1.00,1.00
2017.08.11 12:42:48.553,0.86045,0.86055,1.00,3.00
2017.08.11 12:42:48.604,0.86043,0.86054,1.00,1.00
2017.08.11 12:42:49.982,0.86043,0.86053,1.00,1.00
2017.08.11 12:42:51.063,0.86045,0.86053,1.19,1.00
2017.08.11 12:42:51.320,0.86045,0.86055,1.69,1.00
2017.08.11 12:42:51.475,0.86044,0.86052,1.19,1.00
2017.08.11 12:42:51.592,0.86043,0.86052,1.00,1.00
2017.08.11 12:42:51.644,0.86041,0.86049,2.81,1.00
2017.08.11 12:42:51.953,0.86038,0.86044,1.25,1.00
2017.08.11 12:42:52.056,0.86038,0.86046,1.25,1.00
2017.08.11 12:42:52.560,0.86037,0.86045,1.25,1.00
2017.08.11 12:42:52.765,0.86038,0.86045,1.19,1.00
2017.08.11 12:42:53.246,0.86041,0.86052,3.56,2.06
2017.08.11 12:42:53.298,0.86046,0.86052,1.00,1.37
2017.08.11 12:42:53.353,0.86041,0.86054,2.25,2.44
2017.08.11 12:42:53.459,0.86044,0.86053,1.00,1.25
2017.08.11 12:42:53.949,0.86044,0.86051,1.00,1.00
2017.08.11 12:42:54.154,0.86046,0.86055,1.00,1.50
2017.08.11 12:42:54.519,0.86048,0.86055,1.00,1.50
2017.08.11 12:42:54.969,0.86046,0.86054,1.00,1.50
2017.08.11 12:42:55.227,0.86044,0.86052,1.00,1.00
2017.08.11 12:42:55.382,0.86042,0.86051,1.00,1.00
2017.08.11 12:42:55.485,0.86039,0.86047,1.69,1.00
2017.08.11 12:42:56.009,0.86041,0.86047,1.25,1.00
2017.08.11 12:42:56.318,0.86041,0.86045,1.25,1.00
2017.08.11 12:42:56.679,0.86035,0.8604,1.69,1.00
2017.08.11 12:42:56.988,0.86033,0.86038,2.44,1.00
2017.08.11 12:42:57.040,0.86033,0.8604,1.19,1.00
2017.08.11 12:42:57.742,0.86033,0.86039,1.19,1.00
2017.08.11 12:42:57.902,0.86031,0.86039,1.69,1.00
2017.08.11 12:42:58.570,0.86032,0.86038,1.19,1.00
2017.08.11 12:42:58.876,0.86029,0.86036,1.25,1.00
2017.08.11 12:42:59.182,0.86029,0.86034,1.25,1.00
2017.08.11 12:42:59.284,0.86029,0.86036,1.69,1.00
2017.08.11 12:42:59.397,0.86033,0.8604,1.00,1.00
2017.08.11 12:42:59.909,0.86034,0.86041,2.06,1.00
2017.08.11 12:43:00.063,0.86035,0.86044,2.06,1.00
2017.08.11 12:43:00.350,0.86036,0.86042,1.00,1.00
2017.08.11 12:43:00.453,0.86034,0.86044,2.44,1.00
2017.08.11 12:43:00.671,0.86037,0.86044,1.00,1.00
2017.08.11 12:43:00.978,0.86036,0.86042,1.00,1.00
2017.08.11 12:43:01.131,0.86034,0.86041,1.25,1.00
2017.08.11 12:43:01.189,0.86031,0.86038,3.19,1.00
2017.08.11 12:43:01.342,0.86035,0.86044,1.19,1.00
2017.08.11 12:43:01.445,0.86038,0.86043,1.00,1.00
2017.08.11 12:43:01.549,0.86034,0.86041,1.25,1.00
2017.08.11 12:43:01.907,0.86036,0.86044,1.00,1.00
2017.08.11 12:43:02.104,0.86033,0.8604,1.19,1.00
2017.08.11 12:43:02.534,0.86032,0.8604,2.25,1.00
2017.08.11 12:43:02.586,0.86032,0.86038,1.50,1.00
2017.08.11 12:43:03.176,0.86032,0.8604,1.69,1.00
2017.08.11 12:43:03.228,0.86034,0.86042,1.19,1.00
2017.08.11 12:43:03.740,0.86035,0.86041,1.25,1.00
2017.08.11 12:43:04.303,0.86033,0.8604,2.44,1.00
2017.08.11 12:43:04.748,0.86033,0.8604,1.50,1.00
2017.08.11 12:43:05.133,0.86038,0.86046,1.00,1.62
2017.08.11 12:43:05.530,0.86037,0.86044,1.00,1.37
2017.08.11 12:43:06.533,0.86037,0.86044,1.00,1.00
2017.08.11 12:43:06.839,0.86033,0.8604,1.00,1.00
2017.08.11 12:43:06.942,0.86031,0.8604,1.00,2.81
2017.08.11 12:43:07.452,0.86031,0.86038,1.00,1.00
2017.08.11 12:43:09.493,0.86033,0.86038,1.00,1.00
2017.08.11 12:43:09.765,0.86038,0.86045,1.00,2.44
2017.08.11 12:43:09.919,0.86038,0.86046,1.00,2.25
2017.08.11 12:43:10.381,0.86036,0.86045,1.00,1.50
2017.08.11 12:43:10.534,0.86035,0.86043,1.00,1.50
2017.08.11 12:43:10.885,0.86037,0.86045,1.00,1.50
2017.08.11 12:43:11.193,0.86039,0.86045,1.00,1.00
2017.08.11 12:43:11.539,0.86042,0.86047,1.00,1.00
2017.08.11 12:43:11.849,0.86042,0.8605,1.00,2.25
2017.08.11 12:43:11.900,0.86045,0.8605,1.00,1.87
2017.08.11 12:43:12.524,0.86044,0.86051,1.00,1.37
2017.08.11 12:43:12.677,0.86044,0.86052,1.00,1.00
2017.08.11 12:43:12.930,0.86047,0.86054,1.00,2.62
2017.08.11 12:43:13.240,0.86051,0.86057,1.00,2.62
2017.08.11 12:43:13.501,0.86045,0.86057,1.19,2.62
2017.08.11 12:43:14.109,0.86045,0.86054,1.00,1.00
2017.08.11 12:43:14.212,0.86042,0.86052,2.25,1.00
2017.08.11 12:43:14.663,0.86042,0.86048,1.50,1.00
2017.08.11 12:43:14.870,0.86037,0.86046,2.06,1.00
2017.08.11 12:43:15.075,0.86036,0.86044,1.69,1.00
2017.08.11 12:43:15.519,0.86037,0.86044,1.19,1.00
2017.08.11 12:43:15.622,0.86042,0.86052,1.00,1.00
2017.08.11 12:43:15.726,0.86043,0.86054,1.12,1.12
2017.08.11 12:43:15.777,0.86045,0.86054,1.00,1.12
2017.08.11 12:43:16.206,0.86043,0.86054,2.44,1.00
2017.08.11 12:43:16.563,0.86048,0.86057,1.00,3.75
2017.08.11 12:43:17.685,0.86049,0.86056,1.00,1.54
2017.08.11 12:43:17.991,0.86046,0.86053,1.00,1.37
2017.08.11 12:43:18.196,0.86044,0.86053,1.00,1.37
2017.08.11 12:43:18.723,0.86044,0.86052,1.00,1.50
2017.08.11 12:43:19.258,0.86045,0.86052,1.00,1.50
2017.08.11 12:43:19.629,0.86045,0.86053,1.00,1.12
2017.08.11 12:43:20.141,0.86045,0.86053,1.00,1.50
2017.08.11 12:43:20.644,0.86045,0.86053,1.00,1.00
2017.08.11 12:43:21.171,0.86046,0.86053,1.00,1.00
2017.08.11 12:43:21.529,0.86046,0.86055,1.00,4.35
2017.08.11 12:43:21.957,0.86046,0.86053,1.00,1.00
2017.08.11 12:43:22.076,0.86044,0.86053,1.00,1.00
2017.08.11 12:43:22.615,0.86044,0.86052,1.00,1.00
2017.08.11 12:43:23.136,0.86045,0.86054,1.00,2.25
2017.08.11 12:43:23.684,0.86044,0.86054,1.00,2.25
2017.08.11 12:43:24.131,0.86048,0.86058,1.00,5.29
2017.08.11 12:43:24.440,0.8605,0.86058,1.00,2.47
2017.08.11 12:43:24.804,0.86048,0.86058,1.00,1.72
2017.08.11 12:43:25.276,0.86046,0.86057,1.00,1.00
2017.08.11 12:43:25.432,0.86045,0.86054,1.00,1.00
2017.08.11 12:43:25.951,0.86046,0.86055,1.00,1.00
2017.08.11 12:43:26.373,0.86044,0.86055,1.00,1.00
2017.08.11 12:43:26.980,0.86043,0.86054,1.00,1.12
2017.08.11 12:43:27.665,0.86047,0.86056,2.25,1.87
2017.08.11 12:43:28.287,0.86044,0.86054,3.00,1.00
2017.08.11 12:43:28.544,0.86043,0.86052,3.37,1.00
2017.08.11 12:43:28.858,0.86046,0.86053,1.00,1.00
2017.08.11 12:43:28.961,0.86046,0.86056,1.00,1.37
2017.08.11 12:43:29.470,0.86045,0.86056,1.19,1.12
2017.08.11 12:43:29.574,0.8605,0.86058,1.00,1.50
2017.08.11 12:43:29.801,0.8605,0.86061,1.50,2.25
2017.08.11 12:43:29.906,0.8605,0.86059,1.00,1.00
2017.08.11 12:43:29.959,0.86051,0.86061,1.00,3.00
2017.08.11 12:43:30.269,0.86049,0.86055,1.00,1.00
2017.08.11 12:43:30.805,0.8605,0.86057,1.00,1.00
2017.08.11 12:43:30.857,0.8605,0.86059,1.00,1.00
2017.08.11 12:43:31.112,0.86052,0.86056,1.00,1.00
2017.08.11 12:43:31.163,0.86052,0.86058,1.00,1.00
2017.08.11 12:43:31.404,0.86053,0.86059,1.19,1.00
2017.08.11 12:43:31.561,0.86051,0.86058,1.19,1.00
2017.08.11 12:43:31.666,0.86052,0.86058,1.19,1.00
2017.08.11 12:43:31.819,0.86052,0.86059,1.25,1.00
2017.08.11 12:43:31.972,0.86052,0.86059,1.69,1.00
2017.08.11 12:43:32.479,0.86054,0.86058,1.25,1.00
2017.08.11 12:43:32.684,0.86051,0.86058,4.69,1.00
2017.08.11 12:43:33.248,0.86052,0.86058,1.50,1.00
2017.08.11 12:43:33.551,0.86052,0.8606,1.00,1.00
2017.08.11 12:43:34.247,0.86052,0.86058,1.50,1.00
2017.08.11 12:43:34.750,0.86051,0.86056,1.00,1.00
2017.08.11 12:43:34.958,0.86048,0.86055,4.12,1.00
2017.08.11 12:43:35.473,0.86049,0.86054,1.00,1.00
2017.08.11 12:43:35.730,0.86051,0.86057,1.00,1.00
2017.08.11 12:43:35.935,0.86053,0.86058,1.00,1.00
2017.08.11 12:43:36.191,0.86053,0.8606,1.00,1.00
2017.08.11 12:43:36.243,0.86053,0.86058,1.00,1.00
2017.08.11 12:43:36.296,0.86051,0.86058,1.00,1.00
2017.08.11 12:43:36.500,0.86053,0.86058,1.00,1.00
2017.08.11 12:43:36.746,0.86049,0.86056,1.31,1.00
2017.08.11 12:43:37.022,0.86049,0.86054,1.00,1.00
2017.08.11 12:43:37.357,0.86048,0.86052,1.00,1.00
2017.08.11 12:43:37.409,0.86046,0.86053,1.31,1.00
2017.08.11 12:43:37.732,0.86044,0.86049,1.50,1.00
2017.08.11 12:43:38.242,0.86044,0.8605,1.00,1.00
2017.08.11 12:43:38.463,0.86042,0.8605,1.00,1.00
2017.08.11 12:43:38.515,0.86045,0.86051,1.00,1.00
2017.08.11 12:43:38.566,0.86045,0.86053,1.25,1.00
2017.08.11 12:43:38.669,0.86047,0.86053,2.06,1.00
2017.08.11 12:43:39.078,0.86046,0.86051,1.00,1.00
2017.08.11 12:43:39.274,0.86044,0.86049,1.00,1.00
2017.08.11 12:43:39.937,0.86042,0.86049,1.12,1.00
2017.08.11 12:43:40.621,0.86042,0.86046,1.25,1.00
2017.08.11 12:43:40.673,0.8604,0.86046,1.00,1.00
2017.08.11 12:43:40.725,0.8604,0.86044,1.00,1.00
2017.08.11 12:43:40.778,0.86037,0.86043,1.00,1.00
2017.08.11 12:43:40.932,0.86036,0.8604,1.00,1.00
2017.08.11 12:43:41.036,0.86036,0.86042,1.00,1.00
2017.08.11 12:43:41.442,0.86038,0.86043,1.00,1.00
2017.08.11 12:43:41.494,0.86038,0.86045,1.00,1.00
2017.08.11 12:43:42.329,0.86039,0.86044,1.00,1.00
2017.08.11 12:43:42.641,0.86035,0.86044,2.62,1.00
2017.08.11 12:43:42.796,0.86035,0.86041,1.00,1.00
2017.08.11 12:43:43.341,0.86035,0.86042,1.00,1.00
2017.08.11 12:43:43.892,0.86036,0.86043,1.00,1.00
2017.08.11 12:43:44.404,0.86035,0.86043,1.50,1.00
2017.08.11 12:43:44.827,0.86036,0.86041,1.00,1.00
2017.08.11 12:43:45.135,0.86035,0.86039,1.00,1.00
2017.08.11 12:43:45.187,0.86033,0.86039,1.00,1.00
2017.08.11 12:43:45.735,0.86032,0.8604,2.25,1.00
2017.08.11 12:43:45.937,0.86034,0.8604,1.00,1.00
2017.08.11 12:43:46.959,0.86033,0.8604,1.25,1.00
2017.08.11 12:43:47.270,0.86035,0.8604,1.00,1.00
2017.08.11 12:43:47.730,0.86033,0.8604,1.00,1.00
2017.08.11 12:43:49.279,0.86034,0.8604,1.00,1.00
2017.08.11 12:43:49.876,0.86034,0.86041,1.00,1.00
2017.08.11 12:43:50.073,0.86033,0.86038,1.00,1.00
2017.08.11 12:43:50.124,0.86031,0.86038,1.00,1.00
2017.08.11 12:43:50.380,0.86029,0.86037,1.00,1.00
2017.08.11 12:43:50.908,0.86029,0.86036,1.00,1.00
2017.08.11 12:43:52.255,0.86029,0.86037,1.12,1.00
2017.08.11 12:43:52.359,0.86032,0.86038,1.12,1.00
2017.08.11 12:43:52.461,0.86034,0.86043,1.87,1.50
2017.08.11 12:43:52.564,0.86035,0.86043,2.06,1.00
2017.08.11 12:43:53.067,0.86037,0.86043,1.50,1.00
2017.08.11 12:43:53.119,0.86037,0.86045,1.37,1.00
2017.08.11 12:43:53.273,0.86039,0.86047,1.00,1.00
2017.08.11 12:43:53.789,0.86039,0.86046,1.25,1.00
2017.08.11 12:43:54.064,0.86037,0.86044,1.12,1.00
2017.08.11 12:43:54.567,0.86037,0.86045,1.37,1.00
2017.08.11 12:43:54.945,0.86034,0.8604,2.25,1.00
2017.08.11 12:43:55.050,0.8603,0.86041,2.06,1.12
2017.08.11 12:43:55.101,0.8603,0.86035,1.00,1.00
2017.08.11 12:43:55.625,0.86029,0.86035,1.25,1.00
2017.08.11 12:43:56.435,0.86028,0.86035,1.25,1.00
2017.08.11 12:43:56.965,0.86029,0.86035,1.00,1.00
2017.08.11 12:43:57.223,0.86026,0.86033,1.00,1.00
2017.08.11 12:43:57.275,0.86024,0.86031,1.25,1.00
2017.08.11 12:43:57.327,0.86024,0.86033,1.00,1.00
2017.08.11 12:43:57.469,0.86027,0.86033,1.00,1.00
2017.08.11 12:43:57.625,0.86029,0.86037,1.12,1.00
2017.08.11 12:43:57.989,0.86031,0.86038,1.50,1.00
2017.08.11 12:43:58.868,0.8603,0.86036,2.44,1.00
2017.08.11 12:43:59.021,0.8603,0.86038,2.44,1.00
2017.08.11 12:43:59.386,0.86032,0.86039,2.25,1.00
2017.08.11 12:43:59.437,0.86033,0.86042,1.87,1.12
2017.08.11 12:44:00.063,0.86032,0.86038,2.25,1.00
2017.08.11 12:44:00.565,0.86029,0.86037,1.12,1.00
2017.08.11 12:44:00.987,0.86032,0.8604,1.37,1.00
2017.08.11 12:44:01.323,0.86038,0.86045,1.00,1.00
2017.08.11 12:44:02.469,0.86036,0.86045,1.69,1.00
2017.08.11 12:44:02.777,0.86032,0.8604,3.75,1.00
2017.08.11 12:44:03.272,0.86033,0.8604,2.44,1.00
2017.08.11 12:44:03.374,0.86034,0.86042,1.25,1.00
2017.08.11 12:44:03.889,0.86035,0.86042,1.00,1.00
2017.08.11 12:44:03.993,0.86033,0.86042,1.25,1.00
2017.08.11 12:44:04.200,0.86036,0.86043,1.19,1.00
2017.08.11 12:44:04.358,0.86034,0.86042,1.56,1.00
2017.08.11 12:44:04.410,0.86033,0.86039,1.00,1.00
2017.08.11 12:44:04.666,0.8603,0.86038,1.19,1.00
2017.08.11 12:44:05.178,0.8603,0.86038,1.00,1.00
2017.08.11 12:44:05.671,0.8603,0.86036,1.00,1.00
2017.08.11 12:44:06.181,0.8603,0.86037,1.00,1.00
2017.08.11 12:44:06.564,0.86026,0.86034,1.50,1.00
2017.08.11 12:44:06.618,0.86025,0.8603,1.00,1.00
2017.08.11 12:44:06.822,0.8602,0.86026,1.00,1.00
2017.08.11 12:44:07.333,0.86019,0.86027,3.56,1.00
2017.08.11 12:44:07.656,0.86022,0.8603,2.81,1.00
2017.08.11 12:44:07.708,0.86024,0.86032,1.31,1.00
2017.08.11 12:44:08.220,0.86023,0.86031,3.19,1.00
2017.08.11 12:44:08.780,0.86023,0.8603,1.50,1.00
2017.08.11 12:44:08.934,0.86025,0.86032,1.12,1.00
2017.08.11 12:44:08.987,0.86027,0.86032,1.00,1.00
2017.08.11 12:44:09.516,0.86029,0.86036,1.00,1.00
2017.08.11 12:44:09.619,0.86032,0.86039,1.00,1.00
2017.08.11 12:44:09.928,0.86034,0.86041,1.50,1.00
2017.08.11 12:44:10.469,0.86033,0.86041,1.00,1.00
2017.08.11 12:44:11.001,0.86032,0.86041,1.12,1.00
2017.08.11 12:44:11.320,0.86029,0.86037,1.50,1.00
2017.08.11 12:44:11.830,0.8603,0.86038,1.00,1.00
2017.08.11 12:44:12.455,0.8603,0.86039,1.00,1.00
2017.08.11 12:44:12.793,0.86032,0.86039,1.00,1.00
2017.08.11 12:44:13.843,0.86032,0.8604,1.00,1.25
2017.08.11 12:44:14.323,0.86034,0.86041,1.00,1.00
2017.08.11 12:44:14.879,0.86037,0.86044,1.00,1.12
2017.08.11 12:44:15.150,0.8604,0.86048,1.00,1.00
2017.08.11 12:44:16.031,0.86038,0.86046,2.25,1.00
2017.08.11 12:44:17.622,0.86037,0.86046,3.37,1.00
2017.08.11 12:44:18.055,0.86036,0.86044,1.00,1.00
2017.08.11 12:44:18.208,0.86032,0.86042,1.00,1.12
2017.08.11 12:44:18.417,0.86032,0.86039,1.00,1.00
2017.08.11 12:44:19.243,0.8603,0.86039,1.00,1.00
2017.08.11 12:44:19.606,0.86028,0.86037,1.00,1.12
2017.08.11 12:44:19.913,0.86027,0.86035,1.12,1.00
2017.08.11 12:44:20.450,0.86029,0.86037,1.00,1.00
2017.08.11 12:44:20.962,0.86031,0.86038,1.00,1.00
2017.08.11 12:44:21.015,0.86029,0.86038,1.00,1.00
2017.08.11 12:44:21.539,0.86031,0.86038,1.00,1.00
2017.08.11 12:44:21.745,0.86029,0.86038,1.50,1.00
2017.08.11 12:44:21.899,0.86031,0.86039,1.00,1.00
2017.08.11 12:44:22.292,0.86029,0.86037,1.00,1.50
2017.08.11 12:44:22.343,0.86024,0.86034,1.37,2.25
2017.08.11 12:44:22.445,0.86023,0.86032,1.87,1.00
2017.08.11 12:44:22.752,0.86017,0.86028,3.56,1.00
2017.08.11 12:44:22.961,0.86017,0.86027,1.00,1.87
2017.08.11 12:44:23.325,0.86018,0.86029,1.00,1.50
2017.08.11 12:44:23.530,0.8602,0.86028,1.00,1.00
2017.08.11 12:44:23.978,0.86019,0.8603,3.37,1.50
2017.08.11 12:44:24.542,0.86021,0.8603,1.00,1.00
2017.08.11 12:44:25.480,0.86019,0.8603,1.00,1.00
2017.08.11 12:44:25.678,0.86017,0.86025,1.00,1.00
2017.08.11 12:44:26.190,0.86018,0.86027,1.00,1.00
2017.08.11 12:44:26.634,0.86018,0.86025,1.00,1.00
2017.08.11 12:44:26.685,0.86016,0.86025,1.50,1.00
2017.08.11 12:44:27.356,0.86017,0.86025,1.50,1.00
2017.08.11 12:44:27.407,0.86017,0.86028,1.50,1.37
2017.08.11 12:44:27.917,0.86018,0.86027,1.50,1.00
2017.08.11 12:44:29.039,0.86018,0.86025,1.00,1.00
2017.08.11 12:44:29.434,0.86016,0.86025,1.00,1.00
2017.08.11 12:44:29.486,0.86016,0.86022,1.00,1.00
2017.08.11 12:44:29.537,0.86017,0.86024,1.00,1.50
2017.08.11 12:44:29.641,0.86015,0.86024,1.00,1.00
2017.08.11 12:44:29.943,0.86011,0.86017,1.00,1.00
2017.08.11 12:44:30.355,0.86013,0.86022,1.00,3.00
2017.08.11 12:44:30.406,0.86015,0.86024,1.00,1.50
2017.08.11 12:44:30.509,0.86017,0.86025,1.00,1.00
2017.08.11 12:44:30.612,0.86017,0.86023,1.00,1.00
2017.08.11 12:44:30.819,0.86014,0.86023,2.62,1.00
2017.08.11 12:44:31.333,0.86015,0.86022,1.00,1.00
2017.08.11 12:44:31.585,0.86011,0.8602,1.00,1.00
2017.08.11 12:44:31.637,0.86009,0.86018,2.25,1.00
2017.08.11 12:44:31.946,0.86008,0.86016,1.12,1.00
2017.08.11 12:44:32.203,0.86006,0.86015,1.87,1.00
2017.08.11 12:44:32.340,0.86004,0.86012,1.37,1.00
2017.08.11 12:44:32.395,0.86003,0.8601,1.00,1.00
2017.08.11 12:44:32.499,0.86002,0.86006,1.00,1.00
2017.08.11 12:44:32.553,0.85998,0.86006,3.37,1.00
2017.08.11 12:44:32.604,0.85999,0.86009,1.00,1.00
2017.08.11 12:44:32.657,0.86001,0.86009,1.00,1.00
2017.08.11 12:44:33.431,0.86,0.86007,1.00,1.00
2017.08.11 12:44:33.584,0.85998,0.86009,2.06,3.37
2017.08.11 12:44:33.688,0.86,0.86009,1.00,3.00
2017.08.11 12:44:34.231,0.86,0.86008,1.50,1.00
2017.08.11 12:44:34.540,0.86002,0.86009,1.00,1.00
2017.08.11 12:44:35.043,0.86003,0.86009,1.00,1.00
2017.08.11 12:44:35.351,0.86006,0.8601,1.00,1.00
2017.08.11 12:44:35.555,0.86003,0.86009,1.00,1.00
2017.08.11 12:44:35.658,0.86,0.86007,1.00,1.00
2017.08.11 12:44:35.850,0.86001,0.86009,1.00,1.00
2017.08.11 12:44:36.212,0.86003,0.86011,1.00,1.00
2017.08.11 12:44:36.602,0.86006,0.86013,1.00,1.00
2017.08.11 12:44:36.708,0.86002,0.8601,2.06,1.00
2017.08.11 12:44:36.813,0.86002,0.86007,1.00,1.00
2017.08.11 12:44:36.865,0.86002,0.86009,1.00,1.00
2017.08.11 12:44:36.968,0.86001,0.86006,1.00,1.00
2017.08.11 12:44:37.019,0.86001,0.86011,1.25,1.00
2017.08.11 12:44:37.072,0.86007,0.86013,2.62,1.00
2017.08.11 12:44:37.124,0.86007,0.86015,1.50,1.00
2017.08.11 12:44:37.175,0.86007,0.86018,2.25,2.44
2017.08.11 12:44:37.372,0.86005,0.86013,1.69,1.00
2017.08.11 12:44:37.678,0.86004,0.86015,1.87,1.12
2017.08.11 12:44:37.934,0.86007,0.86016,1.00,1.00
2017.08.11 12:44:38.220,0.86003,0.86014,1.00,1.00
2017.08.11 12:44:38.272,0.86003,0.86012,1.00,1.00
2017.08.11 12:44:38.374,0.86001,0.86012,2.25,1.00
2017.08.11 12:44:39.052,0.86005,0.86013,1.00,1.00
2017.08.11 12:44:39.207,0.86005,0.86015,1.00,1.00
2017.08.11 12:44:39.736,0.86004,0.86014,1.00,1.00
2017.08.11 12:44:40.045,0.86005,0.86017,2.44,3.00
2017.08.11 12:44:40.622,0.86004,0.86014,1.19,1.12
2017.08.11 12:44:40.725,0.86,0.8601,1.87,1.00
2017.08.11 12:44:40.827,0.86,0.86008,1.50,1.00
2017.08.11 12:44:40.878,0.85999,0.86012,2.06,1.50
2017.08.11 12:44:40.929,0.85999,0.86005,1.00,1.00
2017.08.11 12:44:41.185,0.85998,0.86007,1.50,1.00
2017.08.11 12:44:41.529,0.85999,0.86009,1.87,1.50
2017.08.11 12:44:41.900,0.85999,0.86007,1.50,1.00
2017.08.11 12:44:42.402,0.85999,0.86008,1.00,1.00
2017.08.11 12:44:42.760,0.86002,0.86011,1.00,1.00
2017.08.11 12:44:43.151,0.86004,0.86011,1.00,1.00
2017.08.11 12:44:43.203,0.86002,0.86011,1.00,1.00
2017.08.11 12:44:43.255,0.86002,0.86009,1.00,1.00
2017.08.11 12:44:43.564,0.86001,0.86007,1.50,1.00
2017.08.11 12:44:43.916,0.86001,0.86009,1.50,1.00
2017.08.11 12:44:44.494,0.86001,0.8601,2.25,1.00
2017.08.11 12:44:44.997,0.86002,0.8601,2.25,1.00
2017.08.11 12:44:45.099,0.86001,0.86008,1.50,1.00
2017.08.11 12:44:45.152,0.86001,0.8601,2.25,1.12
2017.08.11 12:44:45.203,0.86005,0.8601,1.00,1.00
2017.08.11 12:44:45.306,0.86005,0.86012,1.00,3.00
2017.08.11 12:44:45.765,0.86003,0.8601,1.50,1.00
2017.08.11 12:44:46.275,0.86004,0.86011,1.00,1.00
2017.08.11 12:44:46.909,0.86004,0.86013,1.00,1.00
2017.08.11 12:44:47.063,0.86006,0.86013,1.50,1.00
2017.08.11 12:44:47.114,0.86006,0.86015,1.00,1.00
2017.08.11 12:44:47.764,0.86006,0.86014,2.25,1.00
2017.08.11 12:44:49.328,0.86007,0.86015,1.00,1.00
2017.08.11 12:44:49.379,0.86007,0.86013,1.00,1.00
2017.08.11 12:44:50.039,0.86005,0.86013,2.25,1.00
2017.08.11 12:44:50.192,0.86004,0.8601,1.00,1.00
2017.08.11 12:44:50.512,0.86002,0.86008,2.25,1.00
2017.08.11 12:44:51.054,0.86001,0.86008,2.25,1.00
2017.08.11 12:44:51.363,0.86001,0.86006,1.69,1.00
2017.08.11 12:44:51.567,0.86001,0.86009,1.00,1.00
2017.08.11 12:44:51.619,0.86001,0.86007,1.00,1.00
2017.08.11 12:44:52.037,0.86005,0.86012,1.00,1.00
2017.08.11 12:44:52.089,0.86002,0.86012,3.00,1.00
2017.08.11 12:44:52.140,0.86002,0.86012,2.44,1.00
2017.08.11 12:44:52.654,0.86004,0.86011,1.00,1.00
2017.08.11 12:44:52.998,0.86004,0.86009,1.00,1.00
2017.08.11 12:44:53.241,0.86003,0.86011,1.00,1.00
2017.08.11 12:44:53.497,0.86006,0.86012,1.00,1.00
2017.08.11 12:44:54.266,0.86006,0.86013,1.50,1.00
2017.08.11 12:44:54.522,0.86006,0.86011,1.50,1.00
2017.08.11 12:44:54.574,0.86007,0.86014,2.25,1.00
2017.08.11 12:44:54.678,0.86007,0.86012,1.50,1.00
2017.08.11 12:44:54.834,0.86003,0.86011,1.00,1.00
2017.08.11 12:44:54.989,0.86002,0.86009,2.25,1.00
2017.08.11 12:44:55.451,0.86002,0.86007,2.44,1.00
2017.08.11 12:44:55.856,0.86005,0.86015,1.00,1.00
2017.08.11 12:44:55.961,0.86005,0.86016,2.62,1.00
2017.08.11 12:44:56.477,0.86006,0.86015,1.00,1.00
2017.08.11 12:44:56.791,0.86008,0.86013,1.00,1.00
2017.08.11 12:44:56.894,0.86005,0.86011,1.69,1.00
2017.08.11 12:44:57.313,0.86007,0.86014,1.00,1.00
2017.08.11 12:44:57.836,0.86006,0.86014,1.00,1.00
2017.08.11 12:44:58.497,0.86007,0.86014,1.00,1.00
2017.08.11 12:44:58.876,0.86009,0.86014,1.00,1.00
2017.08.11 12:44:59.030,0.8601,0.86018,1.00,1.37
2017.08.11 12:44:59.134,0.86013,0.86019,1.00,1.87
2017.08.11 12:44:59.278,0.86013,0.86021,1.00,1.00
2017.08.11 12:44:59.330,0.8601,0.86021,1.25,1.00
2017.08.11 12:44:59.534,0.86009,0.86018,1.19,1.00
2017.08.11 12:45:00.028,0.86008,0.86018,1.50,1.00
2017.08.11 12:45:00.544,0.86008,0.86017,2.25,1.00
2017.08.11 12:45:01.297,0.86009,0.86017,1.50,1.00
2017.08.11 12:45:01.401,0.86011,0.86021,1.00,2.44
2017.08.11 12:45:01.580,0.86015,0.86023,1.12,1.00
2017.08.11 12:45:01.632,0.86014,0.86025,2.81,1.00
2017.08.11 12:45:01.735,0.86014,0.86023,2.62,1.00
2017.08.11 12:45:01.837,0.86015,0.86025,1.25,1.00
2017.08.11 12:45:01.941,0.86012,0.86022,1.87,1.00
2017.08.11 12:45:02.279,0.86012,0.8602,1.00,1.00
2017.08.11 12:45:02.641,0.86013,0.86022,1.50,1.00
2017.08.11 12:45:03.015,0.86011,0.86022,1.00,1.00
2017.08.11 12:45:03.221,0.86013,0.8602,1.00,1.00
2017.08.11 12:45:03.845,0.86013,0.86021,1.50,1.00
2017.08.11 12:45:04.153,0.86009,0.86015,1.69,1.00
2017.08.11 12:45:04.460,0.86009,0.86018,1.50,1.00
2017.08.11 12:45:04.828,0.8601,0.86022,1.69,1.50
2017.08.11 12:45:05.386,0.86009,0.86021,3.75,1.12
2017.08.11 12:45:05.438,0.86009,0.86019,3.75,1.00
2017.08.11 12:45:05.597,0.86009,0.86021,3.00,1.00
2017.08.11 12:45:05.804,0.8601,0.86019,1.50,1.00
2017.08.11 12:45:06.164,0.86014,0.86023,1.00,1.87
2017.08.11 12:45:06.266,0.86014,0.86025,2.25,1.69
2017.08.11 12:45:06.471,0.86016,0.86025,1.00,1.00
2017.08.11 12:45:06.984,0.86015,0.86025,1.00,1.37
2017.08.11 12:45:07.535,0.86015,0.86025,1.00,1.00
2017.08.11 12:45:08.074,0.86015,0.86027,1.00,2.25
2017.08.11 12:45:08.332,0.86017,0.86027,1.00,2.25
2017.08.11 12:45:08.384,0.86015,0.86028,1.87,2.62
2017.08.11 12:45:08.435,0.86017,0.86027,1.50,1.00
2017.08.11 12:45:08.487,0.86017,0.86029,2.25,1.00
2017.08.11 12:45:08.786,0.86022,0.86029,1.50,1.00
2017.08.11 12:45:08.942,0.86018,0.86028,1.00,1.00
2017.08.11 12:45:09.097,0.8602,0.86029,1.50,1.50
2017.08.11 12:45:09.200,0.86021,0.8603,1.50,1.12
2017.08.11 12:45:09.406,0.86021,0.86033,1.12,1.87
2017.08.11 12:45:09.812,0.86024,0.86033,1.50,1.00
2017.08.11 12:45:10.159,0.86026,0.86036,1.00,1.75
2017.08.11 12:45:10.212,0.86028,0.86038,3.56,1.00
2017.08.11 12:45:10.419,0.86028,0.8604,5.44,1.00
2017.08.11 12:45:10.471,0.8603,0.86042,1.12,1.00
2017.08.11 12:45:10.812,0.86034,0.86043,1.00,1.50
2017.08.11 12:45:11.273,0.86035,0.86045,1.00,1.00
2017.08.11 12:45:11.532,0.86033,0.86044,1.87,1.00
2017.08.11 12:45:11.751,0.86033,0.86042,1.87,1.00
2017.08.11 12:45:11.854,0.86033,0.86045,2.62,1.12
2017.08.11 12:45:12.576,0.86033,0.86044,2.62,1.00
2017.08.11 12:45:12.781,0.86034,0.86045,2.25,1.00
2017.08.11 12:45:13.089,0.86038,0.86044,1.50,1.00
2017.08.11 12:45:13.192,0.86033,0.86042,3.19,1.00
2017.08.11 12:45:13.714,0.86033,0.86042,2.81,1.00
2017.08.11 12:45:13.994,0.86037,0.86043,1.50,1.00
2017.08.11 12:45:14.047,0.86033,0.86043,1.69,1.00
2017.08.11 12:45:14.303,0.86037,0.86044,1.00,1.00
2017.08.11 12:45:14.816,0.86036,0.86044,1.00,1.00
2017.08.11 12:45:15.359,0.86034,0.86045,1.69,1.00
2017.08.11 12:45:15.666,0.86037,0.86047,2.25,1.00
2017.08.11 12:45:16.719,0.86038,0.86048,1.31,1.00
2017.08.11 12:45:17.137,0.86038,0.86045,1.69,1.00
2017.08.11 12:45:17.641,0.86038,0.86046,1.00,1.00
2017.08.11 12:45:18.502,0.86038,0.86044,1.50,1.00
2017.08.11 12:45:19.018,0.86037,0.86045,2.25,1.00
2017.08.11 12:45:19.356,0.86041,0.86049,1.50,1.00
2017.08.11 12:45:19.868,0.86042,0.86049,1.50,1.00
2017.08.11 12:45:20.384,0.86041,0.86051,2.62,1.00
2017.08.11 12:45:20.436,0.8604,0.86049,2.81,1.00
2017.08.11 12:45:20.742,0.8604,0.86046,1.00,1.00
2017.08.11 12:45:21.062,0.86037,0.86043,1.50,1.00
2017.08.11 12:45:21.318,0.86034,0.86043,1.50,1.00
2017.08.11 12:45:21.527,0.86036,0.86043,1.50,1.00
2017.08.11 12:45:22.016,0.86034,0.86038,1.50,1.00
2017.08.11 12:45:22.068,0.8603,0.86038,1.50,1.00
2017.08.11 12:45:22.119,0.86032,0.86038,1.50,1.00
2017.08.11 12:45:22.171,0.86031,0.86041,2.25,1.50
2017.08.11 12:45:22.223,0.86032,0.86039,1.50,1.00
2017.08.11 12:45:22.751,0.86031,0.86039,1.50,1.12
2017.08.11 12:45:23.088,0.86031,0.86037,1.50,1.00
2017.08.11 12:45:23.314,0.86031,0.86041,1.50,1.00
2017.08.11 12:45:23.417,0.86035,0.86041,1.50,1.00
2017.08.11 12:45:23.918,0.86035,0.86042,1.50,1.00
2017.08.11 12:45:24.211,0.86032,0.86041,1.50,1.00
2017.08.11 12:45:24.314,0.86031,0.86039,1.25,1.00
2017.08.11 12:45:24.515,0.86035,0.86045,1.00,1.00
2017.08.11 12:45:24.721,0.86038,0.86046,1.00,1.00
2017.08.11 12:45:25.238,0.86038,0.86047,2.25,1.00
2017.08.11 12:45:25.544,0.86039,0.86044,1.00,1.00
2017.08.11 12:45:25.595,0.86035,0.86044,1.00,1.00
2017.08.11 12:45:26.119,0.86034,0.86043,1.50,1.00
2017.08.11 12:45:26.530,0.86038,0.86047,1.00,1.50
2017.08.11 12:45:26.582,0.86035,0.86045,1.00,1.00
2017.08.11 12:45:26.633,0.86037,0.86047,1.50,1.00
2017.08.11 12:45:27.029,0.86034,0.86044,3.75,1.00
2017.08.11 12:45:27.339,0.86037,0.86045,1.00,1.00
2017.08.11 12:45:27.852,0.86037,0.86044,1.00,1.00
2017.08.11 12:45:28.375,0.86037,0.86045,1.00,1.00
2017.08.11 12:45:28.929,0.86038,0.86045,1.50,1.00
2017.08.11 12:45:29.623,0.86041,0.86047,1.00,1.00
2017.08.11 12:45:29.930,0.8604,0.86052,2.06,2.25
2017.08.11 12:45:29.981,0.86041,0.86049,1.00,1.00
2017.08.11 12:45:30.442,0.86044,0.86053,1.00,1.12
2017.08.11 12:45:30.775,0.86042,0.86053,1.00,1.00
2017.08.11 12:45:31.132,0.86042,0.86051,2.25,1.00
2017.08.11 12:45:31.740,0.86042,0.86054,3.00,1.00
2017.08.11 12:45:32.046,0.86044,0.86054,1.00,1.00
2017.08.11 12:45:32.254,0.86042,0.86053,3.00,1.12
2017.08.11 12:45:32.357,0.86043,0.86051,1.50,1.00
2017.08.11 12:45:32.884,0.86043,0.86052,1.50,1.12
2017.08.11 12:45:33.141,0.86041,0.86051,1.00,1.31
2017.08.11 12:45:33.244,0.8604,0.86048,1.00,1.00
2017.08.11 12:45:33.839,0.8604,0.86049,1.00,1.00
2017.08.11 12:45:34.044,0.86038,0.86048,2.25,1.12
2017.08.11 12:45:34.097,0.86039,0.86046,1.50,1.00
2017.08.11 12:45:34.149,0.86038,0.86048,2.25,1.00
2017.08.11 12:45:34.273,0.86038,0.86047,2.25,1.37
2017.08.11 12:45:34.325,0.86038,0.86049,1.50,2.06
2017.08.11 12:45:34.584,0.86043,0.8605,1.50,1.12
2017.08.11 12:45:34.737,0.86038,0.8605,2.81,1.12
2017.08.11 12:45:34.789,0.86038,0.86049,2.81,1.37
2017.08.11 12:45:35.142,0.8604,0.8605,1.00,1.12
2017.08.11 12:45:35.449,0.86042,0.86049,1.00,1.00
2017.08.11 12:45:35.906,0.86044,0.86048,1.50,1.00
2017.08.11 12:45:35.957,0.86044,0.8605,1.50,1.00
2017.08.11 12:45:36.008,0.86042,0.86049,1.00,1.00
2017.08.11 12:45:36.264,0.86044,0.86049,1.00,1.00
2017.08.11 12:45:36.690,0.86044,0.86051,1.00,1.00
2017.08.11 12:45:37.290,0.86044,0.86052,1.00,1.50
2017.08.11 12:45:37.566,0.86044,0.86049,1.00,1.00
2017.08.11 12:45:37.720,0.86042,0.86049,1.00,1.00
2017.08.11 12:45:37.870,0.86042,0.86053,1.00,1.87
2017.08.11 12:45:37.922,0.86044,0.86053,1.50,3.00
2017.08.11 12:45:38.434,0.86044,0.86054,2.25,1.00
2017.08.11 12:45:38.779,0.86046,0.86054,1.00,1.00
2017.08.11 12:45:38.882,0.86047,0.86057,1.00,1.31
2017.08.11 12:45:39.391,0.86047,0.86056,1.19,1.00
2017.08.11 12:45:39.547,0.86047,0.86058,2.44,1.50
2017.08.11 12:45:39.599,0.86047,0.86056,2.25,1.00
2017.08.11 12:45:39.906,0.86046,0.86053,1.00,1.00
2017.08.11 12:45:40.291,0.86043,0.86053,1.87,1.00
2017.08.11 12:45:40.703,0.86045,0.86053,1.50,1.00
2017.08.11 12:45:41.217,0.86046,0.86054,1.12,1.00
2017.08.11 12:45:41.528,0.86048,0.86056,1.00,1.00
2017.08.11 12:45:42.045,0.86048,0.86057,1.00,1.00
2017.08.11 12:45:42.405,0.86048,0.86055,1.00,1.00
2017.08.11 12:45:42.610,0.86043,0.86051,1.00,1.00
2017.08.11 12:45:43.272,0.86043,0.86049,1.00,1.00
2017.08.11 12:45:43.785,0.86043,0.86051,1.50,1.00
2017.08.11 12:45:44.095,0.86042,0.86049,2.25,1.00
2017.08.11 12:45:44.403,0.8604,0.86047,1.00,1.00
2017.08.11 12:45:44.996,0.8604,0.86046,1.00,1.00
2017.08.11 12:45:46.690,0.8604,0.86047,1.00,1.00
2017.08.11 12:45:47.240,0.8604,0.86046,1.00,1.00
2017.08.11 12:45:47.535,0.8604,0.86048,1.00,1.00
2017.08.11 12:45:47.842,0.8604,0.8605,1.00,1.12
2017.08.11 12:45:48.356,0.8604,0.86049,1.00,1.00
2017.08.11 12:45:48.891,0.8604,0.8605,1.00,1.87
2017.08.11 12:45:49.615,0.86041,0.86046,1.00,1.00
2017.08.11 12:45:49.721,0.86041,0.86049,1.00,1.50
2017.08.11 12:45:50.168,0.86041,0.86047,1.00,1.00
2017.08.11 12:45:50.220,0.86038,0.86047,1.00,1.00
2017.08.11 12:45:50.480,0.86038,0.8605,1.50,2.81
2017.08.11 12:45:50.838,0.8604,0.8605,1.00,1.12
2017.08.11 12:45:51.141,0.86037,0.86048,1.69,3.00
2017.08.11 12:45:51.193,0.86037,0.86046,1.69,1.50
2017.08.11 12:45:51.500,0.86039,0.86048,1.50,1.50
2017.08.11 12:45:52.546,0.86039,0.86047,1.50,1.50
2017.08.11 12:45:53.005,0.86039,0.8605,1.69,1.00
2017.08.11 12:45:53.345,0.86041,0.86051,1.00,1.50
2017.08.11 12:45:53.805,0.86041,0.86048,1.00,1.00
2017.08.11 12:45:53.958,0.86041,0.8605,1.69,1.00
2017.08.11 12:45:54.218,0.86043,0.8605,1.50,1.00
2017.08.11 12:45:54.525,0.86046,0.86052,1.00,1.00
2017.08.11 12:45:54.994,0.86043,0.8605,1.12,1.00
2017.08.11 12:45:55.048,0.86043,0.86047,1.00,1.00
2017.08.11 12:45:55.253,0.86046,0.86052,1.50,1.00
2017.08.11 12:45:55.840,0.86045,0.86052,1.00,1.00
2017.08.11 12:45:56.358,0.86045,0.86053,1.00,1.12
2017.08.11 12:45:56.918,0.86045,0.86054,1.00,1.00
2017.08.11 12:45:57.123,0.86045,0.86052,1.00,1.00
2017.08.11 12:45:57.633,0.86044,0.86051,1.00,1.00
2017.08.11 12:45:57.790,0.86044,0.86054,1.00,2.85
2017.08.11 12:45:58.304,0.86044,0.86053,1.00,1.12
2017.08.11 12:45:58.858,0.86044,0.86052,1.00,1.00
2017.08.11 12:45:59.190,0.86044,0.8605,1.00,1.00
2017.08.11 12:45:59.649,0.86043,0.86052,1.00,1.00
2017.08.11 12:46:00.162,0.86042,0.86052,1.50,2.25
2017.08.11 12:46:00.458,0.86043,0.86051,1.00,3.00
2017.08.11 12:46:00.741,0.86041,0.86052,1.00,4.12
2017.08.11 12:46:00.801,0.86041,0.86052,2.25,1.87
2017.08.11 12:46:01.127,0.86041,0.8605,1.00,1.00
2017.08.11 12:46:01.501,0.86043,0.86052,1.00,2.62
2017.08.11 12:46:02.050,0.86043,0.86051,1.00,1.50
2017.08.11 12:46:02.641,0.86042,0.86051,1.00,3.00
2017.08.11 12:46:02.943,0.86047,0.86055,1.00,1.50
2017.08.11 12:46:03.471,0.86048,0.86056,1.00,2.25
2017.08.11 12:46:03.768,0.86043,0.86053,1.50,1.25
2017.08.11 12:46:04.096,0.86044,0.86051,1.00,1.50
2017.08.11 12:46:04.304,0.86043,0.86054,1.50,1.87
2017.08.11 12:46:04.486,0.86043,0.86051,1.50,1.50
2017.08.11 12:46:05.102,0.86043,0.86053,1.00,1.00
2017.08.11 12:46:05.482,0.86046,0.86054,1.00,1.00
2017.08.11 12:46:05.636,0.86042,0.86052,2.06,1.50
2017.08.11 12:46:05.689,0.86043,0.86052,1.00,1.12
2017.08.11 12:46:05.853,0.86041,0.86051,1.25,1.00
2017.08.11 12:46:06.392,0.8604,0.86051,2.81,1.50
2017.08.11 12:46:06.597,0.86042,0.86054,1.69,2.62
2017.08.11 12:46:07.114,0.86042,0.86052,1.00,1.12
2017.08.11 12:46:07.216,0.8604,0.86051,1.50,1.00
2017.08.11 12:46:07.730,0.86041,0.86052,1.50,1.50
2017.08.11 12:46:08.626,0.8604,0.86052,3.56,1.00
2017.08.11 12:46:09.173,0.86042,0.86052,1.00,1.50
2017.08.11 12:46:09.939,0.86041,0.86052,1.00,1.50
2017.08.11 12:46:10.475,0.86042,0.86053,1.00,1.87
2017.08.11 12:46:10.858,0.86044,0.86051,1.00,1.00
2017.08.11 12:46:11.404,0.86043,0.86051,1.00,1.00
2017.08.11 12:46:11.907,0.86042,0.8605,1.50,1.00
2017.08.11 12:46:11.959,0.86042,0.86052,1.50,1.00
2017.08.11 12:46:12.476,0.86042,0.86052,1.00,1.69
2017.08.11 12:46:12.988,0.86041,0.86051,1.00,1.25
2017.08.11 12:46:13.521,0.86041,0.8605,1.00,1.00
2017.08.11 12:46:13.937,0.86044,0.86054,1.50,1.50
2017.08.11 12:46:13.988,0.86046,0.86057,1.00,3.56
2017.08.11 12:46:14.040,0.86049,0.86059,1.00,3.19
2017.08.11 12:46:14.092,0.86049,0.86059,1.00,2.06
2017.08.11 12:46:14.653,0.86049,0.86058,1.00,1.00
2017.08.11 12:46:15.129,0.86048,0.86055,1.50,1.00
2017.08.11 12:46:15.670,0.86048,0.86056,1.50,1.00
2017.08.11 12:46:15.729,0.86043,0.86054,3.56,1.00
2017.08.11 12:46:16.174,0.86045,0.86053,1.00,1.00
2017.08.11 12:46:16.378,0.86048,0.86057,1.12,1.00
2017.08.11 12:46:16.887,0.86048,0.86057,1.37,1.00
2017.08.11 12:46:17.675,0.86048,0.86057,1.00,1.50
2017.08.11 12:46:17.727,0.86046,0.86056,1.00,1.50
2017.08.11 12:46:18.037,0.86045,0.86052,1.50,1.00
2017.08.11 12:46:18.193,0.86041,0.8605,3.19,1.00
2017.08.11 12:46:18.296,0.86041,0.8605,1.00,1.00
2017.08.11 12:46:18.845,0.86041,0.86051,1.50,1.00
2017.08.11 12:46:20.431,0.86041,0.86049,1.00,1.00
2017.08.11 12:46:20.894,0.86039,0.86048,1.00,1.00
2017.08.11 12:46:20.946,0.86038,0.86045,1.00,1.00
2017.08.11 12:46:20.998,0.86036,0.86045,3.19,1.00
2017.08.11 12:46:21.408,0.86037,0.86047,1.12,1.00
2017.08.11 12:46:23.271,0.86037,0.86049,4.12,1.00
2017.08.11 12:46:23.700,0.8604,0.8605,1.00,2.06
2017.08.11 12:46:23.804,0.86038,0.8605,1.50,3.94
2017.08.11 12:46:24.263,0.86041,0.86051,1.00,1.50
2017.08.11 12:46:24.790,0.86043,0.86052,1.00,1.00
2017.08.11 12:46:25.307,0.86043,0.86053,1.00,1.00
2017.08.11 12:46:25.840,0.86043,0.86054,1.00,1.87
2017.08.11 12:46:26.356,0.86046,0.86056,1.00,1.31
2017.08.11 12:46:26.903,0.86048,0.86058,1.00,3.37
2017.08.11 12:46:27.278,0.86047,0.86056,1.00,1.00
2017.08.11 12:46:28.592,0.86047,0.86054,1.00,1.00
2017.08.11 12:46:28.797,0.86044,0.86052,3.56,1.00
2017.08.11 12:46:28.943,0.86045,0.8605,1.50,1.00
2017.08.11 12:46:29.096,0.86042,0.86049,1.00,1.00
2017.08.11 12:46:29.605,0.86042,0.8605,1.50,1.00
2017.08.11 12:46:30.083,0.86041,0.86048,1.00,1.00
2017.08.11 12:46:30.594,0.8604,0.86048,3.00,1.00
2017.08.11 12:46:32.814,0.86041,0.86046,1.50,1.00
2017.08.11 12:46:32.968,0.8604,0.86049,1.50,1.12
2017.08.11 12:46:33.071,0.86038,0.86047,1.50,1.00
2017.08.11 12:46:33.379,0.8604,0.86049,1.00,1.50
2017.08.11 12:46:33.900,0.8604,0.86051,1.00,3.37
2017.08.11 12:46:34.257,0.86039,0.86049,1.00,2.62
2017.08.11 12:46:34.450,0.86037,0.86048,1.00,1.87
2017.08.11 12:46:35.762,0.86038,0.86047,1.50,1.12
2017.08.11 12:46:36.019,0.86039,0.86045,1.00,1.00
2017.08.11 12:46:36.172,0.86034,0.86041,1.50,1.12
2017.08.11 12:46:36.410,0.86032,0.86041,1.00,1.50
2017.08.11 12:46:36.564,0.86034,0.86044,1.00,1.87
2017.08.11 12:46:37.077,0.86035,0.86043,1.00,1.00
2017.08.11 12:46:37.586,0.86035,0.86042,1.00,1.00
2017.08.11 12:46:38.147,0.86035,0.86043,1.00,2.25
2017.08.11 12:46:38.665,0.86036,0.86042,1.00,2.25
2017.08.11 12:46:39.462,0.86036,0.86043,1.00,2.25
2017.08.11 12:46:40.259,0.86035,0.86044,1.00,1.12
2017.08.11 12:46:40.773,0.86036,0.86044,1.00,1.12
2017.08.11 12:46:41.583,0.86036,0.86043,1.00,1.00
2017.08.11 12:46:42.109,0.86035,0.86044,1.00,1.12
2017.08.11 12:46:43.269,0.86037,0.86045,1.00,1.12
2017.08.11 12:46:43.373,0.86035,0.86046,1.87,1.50
2017.08.11 12:46:43.425,0.86035,0.86043,1.00,1.00
2017.08.11 12:46:43.592,0.86032,0.86041,1.00,1.25
2017.08.11 12:46:44.105,0.86031,0.86041,1.00,1.00
2017.08.11 12:46:44.383,0.86031,0.86039,1.00,1.00
2017.08.11 12:46:44.844,0.86033,0.86039,1.00,1.00
2017.08.11 12:46:45.275,0.86032,0.86041,1.00,1.00
2017.08.11 12:46:45.785,0.86033,0.8604,1.00,1.00
2017.08.11 12:46:45.838,0.86031,0.8604,1.00,1.00
2017.08.11 12:46:46.244,0.86029,0.86038,1.00,1.00
2017.08.11 12:46:46.742,0.86031,0.86038,1.00,1.00
2017.08.11 12:46:47.011,0.86024,0.86036,3.37,1.12
2017.08.11 12:46:47.064,0.86024,0.86033,3.00,1.00
2017.08.11 12:46:47.676,0.86025,0.86033,1.50,1.00
2017.08.11 12:46:48.294,0.86025,0.86034,1.00,1.00
2017.08.11 12:46:48.601,0.86027,0.86035,1.00,1.00
2017.08.11 12:46:48.896,0.86025,0.86034,1.50,1.00
2017.08.11 12:46:49.208,0.86023,0.86034,1.50,1.50
2017.08.11 12:46:49.951,0.86024,0.86034,1.00,1.50
2017.08.11 12:46:50.103,0.86023,0.86032,1.87,1.00
2017.08.11 12:46:50.455,0.86022,0.86029,1.00,1.35
2017.08.11 12:46:50.506,0.8602,0.86028,1.12,1.00
2017.08.11 12:46:51.016,0.86019,0.86028,1.00,1.00
2017.08.11 12:46:51.118,0.86015,0.86024,1.69,1.00
2017.08.11 12:46:51.455,0.86012,0.86022,1.31,1.37
2017.08.11 12:46:51.609,0.8601,0.86021,1.25,1.12
2017.08.11 12:46:51.660,0.86009,0.86018,1.50,1.00
2017.08.11 12:46:52.191,0.86008,0.86018,1.50,1.00
2017.08.11 12:46:52.498,0.86001,0.86008,1.50,1.00
2017.08.11 12:46:52.704,0.85997,0.86005,2.25,1.00
2017.08.11 12:46:53.050,0.85999,0.86008,1.00,1.12
2017.08.11 12:46:53.152,0.86004,0.86011,1.50,2.25
2017.08.11 12:46:53.460,0.86004,0.86009,1.00,1.00
2017.08.11 12:46:53.605,0.86001,0.86009,1.12,1.00
2017.08.11 12:46:53.769,0.86003,0.86009,1.00,1.00
2017.08.11 12:46:54.077,0.86003,0.86011,1.12,1.00
2017.08.11 12:46:55.223,0.86004,0.86011,1.00,1.00
2017.08.11 12:46:55.512,0.86005,0.86013,1.00,1.00
2017.08.11 12:46:55.564,0.86005,0.86011,1.00,1.00
2017.08.11 12:46:55.618,0.86005,0.86014,1.00,1.50
2017.08.11 12:46:55.670,0.86003,0.86012,1.00,1.00
2017.08.11 12:46:55.983,0.86007,0.86017,1.50,1.00
2017.08.11 12:46:56.294,0.86012,0.86017,1.00,1.00
2017.08.11 12:46:56.397,0.86008,0.86016,1.25,1.00
2017.08.11 12:46:56.500,0.86005,0.86016,1.00,1.00
2017.08.11 12:46:56.655,0.86006,0.86018,1.12,1.87
2017.08.11 12:46:56.758,0.8601,0.86018,1.00,1.00
2017.08.11 12:46:56.809,0.86011,0.86022,1.00,1.69
2017.08.11 12:46:57.013,0.86011,0.86022,1.00,1.00
2017.08.11 12:46:57.473,0.8601,0.8602,1.00,1.50
2017.08.11 12:46:57.991,0.86008,0.86017,1.00,1.12
2017.08.11 12:46:58.300,0.86006,0.86015,1.00,2.06
2017.08.11 12:46:58.831,0.86007,0.86016,1.00,3.56
2017.08.11 12:46:59.241,0.86002,0.86012,1.87,1.50
2017.08.11 12:46:59.600,0.86001,0.86013,1.50,3.19
2017.08.11 12:46:59.809,0.86003,0.86014,1.50,1.12
2017.08.11 12:47:00.116,0.86005,0.86016,1.00,1.31
2017.08.11 12:47:00.422,0.86006,0.86018,2.25,2.81
2017.08.11 12:47:00.933,0.86007,0.86019,3.00,2.44
2017.08.11 12:47:01.502,0.86007,0.86019,1.00,1.31
2017.08.11 12:47:01.607,0.86002,0.86013,3.00,1.12
2017.08.11 12:47:01.813,0.86003,0.86012,1.50,2.62
2017.08.11 12:47:01.967,0.86,0.86011,1.00,1.87
2017.08.11 12:47:02.297,0.85998,0.86009,1.50,1.87
2017.08.11 12:47:02.812,0.85998,0.86009,1.00,1.37
2017.08.11 12:47:03.329,0.85998,0.86009,1.00,1.00
2017.08.11 12:47:03.852,0.85998,0.86009,1.00,1.37
2017.08.11 12:47:04.201,0.85994,0.86002,1.12,1.00
2017.08.11 12:47:04.305,0.85991,0.86001,1.25,1.12
2017.08.11 12:47:04.357,0.85991,0.85999,1.19,1.00
2017.08.11 12:47:04.408,0.85991,0.85999,1.00,1.00
2017.08.11 12:47:04.461,0.85988,0.85997,1.62,1.00
2017.08.11 12:47:04.769,0.8599,0.85999,1.25,1.00
2017.08.11 12:47:05.726,0.85988,0.85999,1.31,1.00
2017.08.11 12:47:06.176,0.8599,0.86002,2.25,1.50
2017.08.11 12:47:06.279,0.85988,0.85998,1.69,1.00
2017.08.11 12:47:06.616,0.85991,0.86001,1.00,1.12
2017.08.11 12:47:06.719,0.85994,0.86004,1.00,1.50
2017.08.11 12:47:06.928,0.85995,0.86006,1.00,1.00
2017.08.11 12:47:07.421,0.85998,0.86007,1.00,1.50
2017.08.11 12:47:07.475,0.85996,0.86007,3.00,1.00
2017.08.11 12:47:08.727,0.85998,0.86009,1.00,1.12
2017.08.11 12:47:09.296,0.85999,0.8601,1.00,2.25
2017.08.11 12:47:10.694,0.85998,0.8601,1.50,2.62
2017.08.11 12:47:11.002,0.85997,0.86008,1.00,1.00
2017.08.11 12:47:11.309,0.86,0.8601,1.00,2.25
2017.08.11 12:47:11.725,0.85999,0.86009,1.69,1.37
2017.08.11 12:47:11.828,0.86,0.86011,1.00,1.50
2017.08.11 12:47:11.983,0.86,0.86013,1.87,3.00
2017.08.11 12:47:12.406,0.86004,0.86014,1.50,1.50
2017.08.11 12:47:12.908,0.86004,0.86015,1.00,1.00
2017.08.11 12:47:13.446,0.86003,0.86014,1.00,1.00
2017.08.11 12:47:13.784,0.85996,0.86005,1.12,1.19
2017.08.11 12:47:13.891,0.85998,0.86007,1.00,4.31
2017.08.11 12:47:13.943,0.85996,0.86007,1.87,2.62
2017.08.11 12:47:14.200,0.85996,0.86003,1.00,1.00
2017.08.11 12:47:14.304,0.85996,0.86005,1.00,1.50
2017.08.11 12:47:14.506,0.85993,0.86004,1.25,1.00
2017.08.11 12:47:15.274,0.85991,0.86003,1.50,1.50
2017.08.11 12:47:15.545,0.85994,0.86002,1.00,1.00
2017.08.11 12:47:15.647,0.85992,0.86002,1.00,1.12
2017.08.11 12:47:16.056,0.85989,0.85998,1.00,1.37
2017.08.11 12:47:16.361,0.85991,0.85998,1.00,1.00
2017.08.11 12:47:16.669,0.85994,0.85998,1.00,1.00
2017.08.11 12:47:16.873,0.85995,0.86004,1.00,1.37
2017.08.11 12:47:17.382,0.85995,0.86004,1.00,1.00
2017.08.11 12:47:17.688,0.85996,0.86006,1.00,2.06
2017.08.11 12:47:18.226,0.85993,0.86002,1.00,1.00
2017.08.11 12:47:18.423,0.85994,0.86004,1.00,1.50
2017.08.11 12:47:18.934,0.85993,0.86004,1.00,1.50
2017.08.11 12:47:19.772,0.85995,0.86004,1.00,1.87
2017.08.11 12:47:20.312,0.85996,0.86004,1.00,2.06
2017.08.11 12:47:20.647,0.85994,0.86003,1.00,1.37
2017.08.11 12:47:21.171,0.85995,0.86004,1.50,1.37
2017.08.11 12:47:21.561,0.85996,0.86006,1.00,2.25
2017.08.11 12:47:21.664,0.85998,0.86007,1.00,1.00
2017.08.11 12:47:22.507,0.85999,0.86007,1.00,1.00
2017.08.11 12:47:22.883,0.86001,0.8601,1.00,2.44
2017.08.11 12:47:22.934,0.85999,0.86008,1.50,1.50
2017.08.11 12:47:23.087,0.86001,0.86007,1.00,1.00
2017.08.11 12:47:23.190,0.86,0.86011,1.00,3.04
2017.08.11 12:47:23.241,0.85999,0.86011,2.62,1.91
2017.08.11 12:47:23.293,0.86001,0.86008,1.00,1.00
2017.08.11 12:47:23.344,0.86001,0.86012,1.00,2.81
2017.08.11 12:47:23.734,0.86,0.86009,1.00,1.87
2017.08.11 12:47:24.948,0.86001,0.86008,1.00,1.00
2017.08.11 12:47:25.972,0.86002,0.8601,1.87,1.00
2017.08.11 12:47:26.486,0.86004,0.86011,1.00,1.00
2017.08.11 12:47:27.396,0.86007,0.86012,1.00,1.50
2017.08.11 12:47:27.498,0.86007,0.86016,1.50,2.62
2017.08.11 12:47:27.653,0.86007,0.86017,1.50,1.00
2017.08.11 12:47:28.011,0.86007,0.86015,1.50,1.00
2017.08.11 12:47:28.711,0.86006,0.86014,1.00,1.69
2017.08.11 12:47:29.097,0.86001,0.86008,1.00,1.50
2017.08.11 12:47:29.402,0.86001,0.86006,1.00,1.50
2017.08.11 12:47:29.952,0.86,0.86007,1.00,2.25
2017.08.11 12:47:30.931,0.86,0.86008,1.00,2.44
2017.08.11 12:47:31.527,0.86,0.8601,1.00,1.87
2017.08.11 12:47:32.811,0.86,0.86011,1.00,1.50
2017.08.11 12:47:32.863,0.86,0.86009,1.00,1.00
2017.08.11 12:47:33.376,0.86,0.8601,1.00,1.00
2017.08.11 12:47:33.580,0.86,0.86012,1.00,4.91
2017.08.11 12:47:34.099,0.86,0.86011,1.50,1.00
2017.08.11 12:47:34.821,0.86,0.8601,1.00,1.00
2017.08.11 12:47:35.544,0.86,0.86009,1.00,1.00
2017.08.11 12:47:36.071,0.86,0.86008,1.00,1.00
2017.08.11 12:47:36.326,0.86,0.86008,1.87,1.00
2017.08.11 12:47:36.377,0.86,0.8601,2.25,1.87
2017.08.11 12:47:36.429,0.86003,0.8601,1.00,1.12
2017.08.11 12:47:36.831,0.86004,0.86012,1.87,1.00
2017.08.11 12:47:36.933,0.86006,0.86014,1.00,2.25
2017.08.11 12:47:37.481,0.86006,0.86015,1.00,2.25
2017.08.11 12:47:38.199,0.86006,0.86013,1.00,1.00
2017.08.11 12:47:38.251,0.86004,0.86013,1.00,1.00
2017.08.11 12:47:38.722,0.86008,0.86017,1.00,2.25
2017.08.11 12:47:38.825,0.86008,0.86017,1.50,1.00
2017.08.11 12:47:39.202,0.86009,0.86019,1.00,1.12
2017.08.11 12:47:39.735,0.8601,0.86019,1.00,1.00
2017.08.11 12:47:40.556,0.86011,0.86021,1.00,3.94
2017.08.11 12:47:41.071,0.86011,0.86021,1.00,3.94
2017.08.11 12:47:41.665,0.8601,0.8602,1.00,1.00
2017.08.11 12:47:43.154,0.8601,0.86019,1.00,2.06
2017.08.11 12:47:43.205,0.8601,0.86017,1.00,1.00
2017.08.11 12:47:43.792,0.86009,0.8602,1.00,3.94
2017.08.11 12:47:44.253,0.86012,0.86021,1.00,3.00
2017.08.11 12:47:44.356,0.86011,0.86021,1.50,2.25
2017.08.11 12:47:44.920,0.86012,0.86021,1.00,2.25
2017.08.11 12:47:45.432,0.86011,0.86021,1.00,2.25
2017.08.11 12:47:45.762,0.8601,0.86019,1.00,1.00
2017.08.11 12:47:46.073,0.86004,0.86016,1.87,1.25
2017.08.11 12:47:46.482,0.86008,0.86017,1.00,2.62
2017.08.11 12:47:47.125,0.8601,0.86017,1.00,1.00
2017.08.11 12:47:47.433,0.86007,0.86017,1.50,1.50
2017.08.11 12:47:47.953,0.86006,0.86017,1.12,1.00
2017.08.11 12:47:48.057,0.86006,0.86015,1.00,1.00
2017.08.11 12:47:48.423,0.86007,0.86019,1.00,2.66
2017.08.11 12:47:48.678,0.86008,0.86019,1.00,1.00
2017.08.11 12:47:49.342,0.8601,0.8602,1.50,2.25
2017.08.11 12:47:49.649,0.86012,0.8602,1.00,2.25
2017.08.11 12:47:50.176,0.86011,0.8602,1.50,2.25
2017.08.11 12:47:50.524,0.86008,0.86017,1.12,1.00
2017.08.11 12:47:51.120,0.86007,0.86018,2.25,1.00
2017.08.11 12:47:51.632,0.86006,0.86018,1.50,1.12
2017.08.11 12:47:51.977,0.8601,0.86015,1.87,1.87
2017.08.11 12:47:52.183,0.86012,0.86023,1.00,1.69
2017.08.11 12:47:52.593,0.86011,0.86023,1.00,3.56
2017.08.11 12:47:52.874,0.86011,0.8602,1.50,1.00
2017.08.11 12:47:52.926,0.86012,0.86022,1.00,1.50
2017.08.11 12:47:53.439,0.86013,0.86023,1.00,1.50
2017.08.11 12:47:53.542,0.86011,0.86022,1.50,2.25
2017.08.11 12:47:54.051,0.86011,0.86021,1.00,1.31
2017.08.11 12:47:54.600,0.86012,0.86021,1.00,1.25
2017.08.11 12:47:55.105,0.86011,0.86021,1.00,1.25
2017.08.11 12:47:55.625,0.86011,0.8602,1.00,1.00
2017.08.11 12:47:55.986,0.86011,0.86022,1.00,2.66
2017.08.11 12:47:56.140,0.86014,0.86022,1.00,2.66
2017.08.11 12:47:56.680,0.86013,0.86023,1.00,2.44
2017.08.11 12:47:57.213,0.86014,0.86023,1.00,3.19
2017.08.11 12:47:57.836,0.86011,0.8602,1.00,2.06
2017.08.11 12:47:58.002,0.86008,0.86018,1.50,1.00
2017.08.11 12:47:58.106,0.86008,0.86016,1.50,1.00
2017.08.11 12:47:58.571,0.86006,0.86016,2.25,1.25
2017.08.11 12:47:59.119,0.86007,0.86017,1.50,1.69
2017.08.11 12:47:59.222,0.86007,0.86017,2.25,2.44
2017.08.11 12:47:59.326,0.86006,0.86017,1.12,1.25
2017.08.11 12:47:59.837,0.86007,0.86017,2.25,2.44
2017.08.11 12:48:00.387,0.86009,0.86017,1.50,1.50
2017.08.11 12:48:00.799,0.86009,0.8602,1.00,3.79
2017.08.11 12:48:01.717,0.86009,0.86018,1.00,1.50
2017.08.11 12:48:01.937,0.86009,0.8602,1.00,1.50
2017.08.11 12:48:02.092,0.8601,0.86022,1.87,2.44
2017.08.11 12:48:02.451,0.8601,0.86019,1.12,1.00
2017.08.11 12:48:03.091,0.86012,0.86019,1.00,1.00
2017.08.11 12:48:03.244,0.8601,0.86018,1.12,1.00
2017.08.11 12:48:03.348,0.86008,0.86016,1.00,1.00
2017.08.11 12:48:03.656,0.86007,0.86014,1.00,1.00
2017.08.11 12:48:04.211,0.86007,0.86015,1.12,1.00
2017.08.11 12:48:04.727,0.86006,0.86014,1.87,1.00
2017.08.11 12:48:05.247,0.86007,0.86013,1.00,1.00
2017.08.11 12:48:05.350,0.86006,0.86016,1.00,1.00
2017.08.11 12:48:05.402,0.86008,0.86014,1.00,1.00
2017.08.11 12:48:05.453,0.86006,0.86014,1.12,1.00
2017.08.11 12:48:05.860,0.86006,0.86018,1.50,1.50
2017.08.11 12:48:06.011,0.86009,0.86019,1.00,2.29
2017.08.11 12:48:06.521,0.8601,0.86019,1.50,1.50
2017.08.11 12:48:07.059,0.86011,0.8602,1.00,2.25
2017.08.11 12:48:07.327,0.86009,0.86019,1.12,1.50
2017.08.11 12:48:07.937,0.8601,0.86019,1.00,1.00
2017.08.11 12:48:08.286,0.86009,0.86017,1.00,1.00
2017.08.11 12:48:08.674,0.86012,0.86019,1.00,2.44
2017.08.11 12:48:08.776,0.86014,0.86021,1.00,1.00
2017.08.11 12:48:09.268,0.86011,0.86021,1.50,1.50
2017.08.11 12:48:09.320,0.86013,0.86021,1.00,1.00
2017.08.11 12:48:09.838,0.86012,0.86021,1.00,1.00
2017.08.11 12:48:10.291,0.86013,0.86023,1.00,2.25
2017.08.11 12:48:10.599,0.86015,0.86024,1.00,1.00
2017.08.11 12:48:11.111,0.86016,0.86025,1.00,1.25
2017.08.11 12:48:11.625,0.86017,0.86025,1.00,2.44
2017.08.11 12:48:12.204,0.86017,0.86023,1.00,1.00
2017.08.11 12:48:12.357,0.86015,0.86024,1.00,1.25
2017.08.11 12:48:12.409,0.86015,0.86022,1.00,1.00
2017.08.11 12:48:12.511,0.86012,0.8602,1.00,1.00
2017.08.11 12:48:12.715,0.86014,0.86022,1.00,1.37
2017.08.11 12:48:12.767,0.86014,0.86023,1.00,1.25
2017.08.11 12:48:13.031,0.86015,0.86021,1.00,1.00
2017.08.11 12:48:13.288,0.86015,0.86023,1.00,2.81
2017.08.11 12:48:13.391,0.86015,0.8602,1.00,1.00
2017.08.11 12:48:13.920,0.86014,0.86022,1.00,1.00
2017.08.11 12:48:14.125,0.86016,0.86023,1.00,1.50
2017.08.11 12:48:14.636,0.86017,0.86024,1.00,1.00
2017.08.11 12:48:15.237,0.86017,0.86026,1.00,3.04
2017.08.11 12:48:15.767,0.86017,0.86026,1.00,2.10
2017.08.11 12:48:16.326,0.86017,0.86027,1.00,3.00
2017.08.11 12:48:16.738,0.86019,0.86027,1.00,2.25
2017.08.11 12:48:16.790,0.86019,0.86029,1.00,1.00
2017.08.11 12:48:17.098,0.86018,0.86025,1.00,1.00
2017.08.11 12:48:17.156,0.86016,0.86025,1.00,1.00
2017.08.11 12:48:17.361,0.86014,0.86025,1.00,1.12
2017.08.11 12:48:17.515,0.86017,0.86027,1.50,3.00
2017.08.11 12:48:17.566,0.86018,0.86028,1.12,1.00
2017.08.11 12:48:17.668,0.86022,0.86029,1.00,1.50
2017.08.11 12:48:18.062,0.86024,0.86031,1.00,1.00
2017.08.11 12:48:18.377,0.86024,0.86033,1.00,3.00
2017.08.11 12:48:18.801,0.86023,0.86031,1.00,1.00
2017.08.11 12:48:19.145,0.86025,0.86031,1.00,1.00
2017.08.11 12:48:19.248,0.86028,0.86035,1.00,1.25
2017.08.11 12:48:19.773,0.86029,0.86036,1.00,1.50
2017.08.11 12:48:20.323,0.86029,0.86035,1.00,1.50
2017.08.11 12:48:21.008,0.8603,0.86036,1.00,1.50
2017.08.11 12:48:21.224,0.86028,0.86036,1.00,2.25
2017.08.11 12:48:21.689,0.86026,0.86032,1.00,1.00
2017.08.11 12:48:22.211,0.86025,0.86032,1.00,1.00
2017.08.11 12:48:22.265,0.86027,0.86036,1.00,4.12
2017.08.11 12:48:22.422,0.86026,0.86032,1.00,1.00
2017.08.11 12:48:23.192,0.86027,0.86032,1.00,1.00
2017.08.11 12:48:23.294,0.86027,0.86034,1.00,1.69
2017.08.11 12:48:23.553,0.86029,0.86036,1.00,4.31
2017.08.11 12:48:24.067,0.86026,0.86035,1.00,1.00
2017.08.11 12:48:24.271,0.86026,0.86033,1.00,1.00
2017.08.11 12:48:24.794,0.86025,0.86032,1.00,1.50
2017.08.11 12:48:26.373,0.86026,0.86034,1.00,1.00
2017.08.11 12:48:26.968,0.86026,0.86035,1.00,3.00
2017.08.11 12:48:27.497,0.86026,0.86034,1.00,1.50
2017.08.11 12:48:28.007,0.86026,0.86033,1.00,1.50
2017.08.11 12:48:28.298,0.86025,0.86033,1.00,3.37
2017.08.11 12:48:28.812,0.86026,0.8603,1.00,1.50
2017.08.11 12:48:29.529,0.86025,0.8603,1.00,1.00
2017.08.11 12:48:29.829,0.86025,0.86032,1.00,1.00
2017.08.11 12:48:29.901,0.86027,0.86035,1.00,3.75
2017.08.11 12:48:30.055,0.8603,0.86037,1.00,4.35
2017.08.11 12:48:30.266,0.86027,0.86034,1.00,1.00
2017.08.11 12:48:30.522,0.86029,0.86035,1.00,1.25
2017.08.11 12:48:30.829,0.86035,0.86039,1.00,1.00
2017.08.11 12:48:30.882,0.86035,0.8604,1.00,1.00
2017.08.11 12:48:30.986,0.86035,0.86042,1.00,2.81
2017.08.11 12:48:31.523,0.86034,0.86042,1.50,1.00
2017.08.11 12:48:32.030,0.86034,0.86043,1.00,2.81
2017.08.11 12:48:32.082,0.86036,0.86043,1.00,2.06
2017.08.11 12:48:32.389,0.86035,0.86041,1.00,1.00
2017.08.11 12:48:32.646,0.86035,0.86043,1.00,1.50
2017.08.11 12:48:32.917,0.86038,0.86044,1.00,1.50
2017.08.11 12:48:33.224,0.8604,0.86044,1.00,1.50
2017.08.11 12:48:33.988,0.8604,0.86047,1.00,2.81
2017.08.11 12:48:34.244,0.86042,0.86046,1.00,1.00
2017.08.11 12:48:34.398,0.86042,0.86051,1.00,2.81
2017.08.11 12:48:35.064,0.86042,0.8605,1.00,1.50
2017.08.11 12:48:35.116,0.86041,0.86046,1.00,1.00
2017.08.11 12:48:35.168,0.86038,0.86047,1.00,1.12
2017.08.11 12:48:35.220,0.8604,0.86047,1.00,1.00
2017.08.11 12:48:35.324,0.86038,0.86047,1.00,1.37
2017.08.11 12:48:35.376,0.86039,0.86046,1.00,3.37
2017.08.11 12:48:35.428,0.86037,0.86045,1.00,1.87
2017.08.11 12:48:35.583,0.86036,0.86043,1.00,1.87
2017.08.11 12:48:35.939,0.86038,0.86043,1.00,1.00
2017.08.11 12:48:35.992,0.86035,0.86045,1.00,3.75
2017.08.11 12:48:36.044,0.86035,0.86042,1.00,1.00
2017.08.11 12:48:36.353,0.86034,0.86042,1.00,2.62
2017.08.11 12:48:36.821,0.86031,0.86037,1.00,1.87
2017.08.11 12:48:36.872,0.86032,0.86039,1.00,1.00
2017.08.11 12:48:37.383,0.86033,0.86039,1.00,1.87
2017.08.11 12:48:37.870,0.86032,0.86041,1.00,3.37
2017.08.11 12:48:38.386,0.86033,0.86041,1.00,3.37
2017.08.11 12:48:38.665,0.86036,0.86043,1.00,1.00
2017.08.11 12:48:38.972,0.86041,0.86046,1.00,1.50
2017.08.11 12:48:39.493,0.8604,0.86046,1.00,1.50
2017.08.11 12:48:39.551,0.86041,0.86048,1.00,1.00
2017.08.11 12:48:40.162,0.8604,0.86046,1.00,1.12
2017.08.11 12:48:40.220,0.86038,0.86044,1.00,1.12
2017.08.11 12:48:40.426,0.86038,0.86046,1.00,1.87
2017.08.11 12:48:40.941,0.86036,0.86045,1.00,2.62
2017.08.11 12:48:40.994,0.86039,0.86045,1.00,1.00
2017.08.11 12:48:41.047,0.8604,0.86047,1.00,1.25
2017.08.11 12:48:41.100,0.86042,0.86048,1.00,1.69
2017.08.11 12:48:41.206,0.86043,0.86051,1.00,2.06
2017.08.11 12:48:41.258,0.8604,0.86053,1.50,3.37
2017.08.11 12:48:41.310,0.86044,0.86052,1.00,1.19
2017.08.11 12:48:41.413,0.86045,0.86055,1.50,1.69
2017.08.11 12:48:41.465,0.86048,0.86055,1.00,1.12
2017.08.11 12:48:41.668,0.8605,0.86059,1.00,1.00
2017.08.11 12:48:41.719,0.8605,0.86058,1.00,1.37
2017.08.11 12:48:42.027,0.86054,0.86061,1.00,1.37
2017.08.11 12:48:42.130,0.86056,0.86064,1.00,1.00
2017.08.11 12:48:42.356,0.86054,0.86066,1.00,5.06
2017.08.11 12:48:42.458,0.86057,0.86064,1.00,1.50
2017.08.11 12:48:42.510,0.86054,0.86065,1.00,2.06
2017.08.11 12:48:42.613,0.86054,0.86062,1.00,1.50
2017.08.11 12:48:43.230,0.86054,0.86061,1.00,1.87
2017.08.11 12:48:43.282,0.86049,0.86059,1.50,1.25
2017.08.11 12:48:43.334,0.86049,0.86058,1.12,3.00
2017.08.11 12:48:43.488,0.86047,0.86057,1.00,1.00
2017.08.11 12:48:43.540,0.86049,0.86058,1.00,3.00
2017.08.11 12:48:43.926,0.86048,0.86054,1.00,1.87
2017.08.11 12:48:43.977,0.86048,0.86059,1.00,3.75
2017.08.11 12:48:44.029,0.86047,0.86057,1.69,1.87
2017.08.11 12:48:44.336,0.8605,0.86057,1.00,1.00
2017.08.11 12:48:44.560,0.86048,0.86057,1.00,1.00
2017.08.11 12:48:44.866,0.86047,0.86056,1.00,2.25
2017.08.11 12:48:44.969,0.86042,0.86052,1.00,3.00
2017.08.11 12:48:45.021,0.86042,0.86049,1.00,3.00
2017.08.11 12:48:45.240,0.86038,0.86048,1.50,1.75
2017.08.11 12:48:45.401,0.86041,0.86047,1.00,1.00
2017.08.11 12:48:45.452,0.86042,0.8605,1.00,2.25
2017.08.11 12:48:45.504,0.86044,0.8605,1.00,1.00
2017.08.11 12:48:45.557,0.8604,0.86052,1.37,1.69
2017.08.11 12:48:45.720,0.86044,0.86053,1.00,2.81
2017.08.11 12:48:46.313,0.86046,0.86053,1.00,1.00
2017.08.11 12:48:46.469,0.86044,0.86055,1.00,1.50
2017.08.11 12:48:46.877,0.86044,0.86053,1.00,1.37
2017.08.11 12:48:47.368,0.8604,0.86048,1.25,1.00
2017.08.11 12:48:47.726,0.86038,0.86046,1.12,1.00
2017.08.11 12:48:48.065,0.86037,0.86044,1.00,1.00
2017.08.11 12:48:48.220,0.86037,0.86046,1.00,1.00
2017.08.11 12:48:48.273,0.86036,0.86043,2.06,1.00
2017.08.11 12:48:48.377,0.86034,0.86043,1.69,1.00
2017.08.11 12:48:48.481,0.86036,0.86044,1.31,1.00
2017.08.11 12:48:49.086,0.86037,0.86045,1.25,1.00
2017.08.11 12:48:49.700,0.86036,0.86044,1.37,1.00
2017.08.11 12:48:50.163,0.86033,0.86041,2.25,1.00
2017.08.11 12:48:50.268,0.86032,0.86041,1.00,1.00
2017.08.11 12:48:50.320,0.86032,0.86039,1.00,1.00
2017.08.11 12:48:50.619,0.86035,0.86043,1.00,1.00
2017.08.11 12:48:51.145,0.86034,0.86042,3.00,1.00
2017.08.11 12:48:51.654,0.86036,0.86043,1.12,1.00
2017.08.11 12:48:52.084,0.86037,0.86044,1.50,1.00
2017.08.11 12:48:52.186,0.86035,0.86044,1.87,1.00
2017.08.11 12:48:52.749,0.86035,0.86043,1.87,1.00
2017.08.11 12:48:53.008,0.86038,0.86045,1.37,1.00
2017.08.11 12:48:53.060,0.86039,0.86047,1.00,1.00
2017.08.11 12:48:53.597,0.86037,0.86046,2.25,1.00
2017.08.11 12:48:53.649,0.86035,0.86043,1.00,1.00
2017.08.11 12:48:54.064,0.86036,0.86045,1.00,1.00
2017.08.11 12:48:54.115,0.86036,0.86047,2.62,1.00
2017.08.11 12:48:54.633,0.86037,0.86046,2.25,1.00
2017.08.11 12:48:54.891,0.86039,0.86048,1.50,1.00
2017.08.11 12:48:55.227,0.86038,0.86048,1.00,1.00
2017.08.11 12:48:55.330,0.86035,0.86045,3.19,1.00
2017.08.11 12:48:55.381,0.86035,0.86044,1.12,1.00
2017.08.11 12:48:55.433,0.86032,0.86042,3.19,1.00
2017.08.11 12:48:55.891,0.86033,0.86041,1.25,1.00
2017.08.11 12:48:56.464,0.86032,0.86041,1.31,1.00
2017.08.11 12:48:57.292,0.86034,0.86041,1.00,1.00
2017.08.11 12:48:57.344,0.86032,0.86041,1.00,1.00
2017.08.11 12:48:57.933,0.8603,0.86039,1.00,1.00
2017.08.11 12:48:57.985,0.86028,0.86039,1.50,1.00
2017.08.11 12:48:58.444,0.86026,0.86039,3.19,1.00
2017.08.11 12:48:58.765,0.86029,0.86041,1.00,1.50
2017.08.11 12:48:58.919,0.8603,0.86043,1.69,1.50
2017.08.11 12:48:59.499,0.86032,0.86043,1.00,1.00
2017.08.11 12:48:59.602,0.86033,0.86045,1.50,1.50
2017.08.11 12:48:59.986,0.86034,0.86047,2.25,1.12
2017.08.11 12:49:00.248,0.86034,0.86044,1.12,1.00
2017.08.11 12:49:00.751,0.86034,0.86043,1.00,1.00
2017.08.11 12:49:00.956,0.86035,0.86048,1.00,2.06
2017.08.11 12:49:01.264,0.86035,0.86045,1.00,2.25
2017.08.11 12:49:01.317,0.86033,0.86043,1.00,2.47
2017.08.11 12:49:01.368,0.86031,0.86041,1.50,1.12
2017.08.11 12:49:01.734,0.86031,0.86043,1.00,4.12
2017.08.11 12:49:02.211,0.8603,0.86041,1.12,1.00
2017.08.11 12:49:02.519,0.86028,0.86039,1.00,1.50
2017.08.11 12:49:03.045,0.86029,0.8604,1.00,1.87
2017.08.11 12:49:03.250,0.86027,0.8604,2.25,2.62
2017.08.11 12:49:03.455,0.86026,0.86035,1.00,1.00
2017.08.11 12:49:03.601,0.86027,0.86037,1.00,1.00
2017.08.11 12:49:04.143,0.86026,0.86038,1.00,1.00
2017.08.11 12:49:04.445,0.86026,0.86036,1.00,1.00
2017.08.11 12:49:04.751,0.86026,0.86034,1.00,1.00
2017.08.11 12:49:05.007,0.86023,0.86034,4.12,1.00
2017.08.11 12:49:05.113,0.86023,0.86035,2.62,1.00
2017.08.11 12:49:05.616,0.86026,0.86035,1.00,1.00
2017.08.11 12:49:05.997,0.86024,0.86035,1.31,1.00
2017.08.11 12:49:06.151,0.86023,0.86033,1.69,1.00
2017.08.11 12:49:06.356,0.86022,0.86032,1.31,1.00
2017.08.11 12:49:06.511,0.86024,0.86031,1.50,1.00
2017.08.11 12:49:06.614,0.8602,0.86029,1.00,1.00
2017.08.11 12:49:06.949,0.8602,0.86031,1.00,1.00
2017.08.11 12:49:07.104,0.86023,0.86034,1.00,2.44
2017.08.11 12:49:07.781,0.86022,0.86034,1.00,1.50
2017.08.11 12:49:07.940,0.86023,0.86035,1.00,2.06
2017.08.11 12:49:08.681,0.86021,0.86033,1.00,1.00
2017.08.11 12:49:08.987,0.86024,0.86033,1.00,1.87
2017.08.11 12:49:09.140,0.86025,0.86036,1.00,1.50
2017.08.11 12:49:09.243,0.86025,0.86037,2.25,2.06
2017.08.11 12:49:09.294,0.86028,0.86037,1.00,1.87
2017.08.11 12:49:09.663,0.86026,0.86038,1.25,1.12
2017.08.11 12:49:10.175,0.86026,0.86036,1.25,1.00
2017.08.11 12:49:10.484,0.86027,0.8604,1.00,4.31
2017.08.11 12:49:10.843,0.86025,0.86036,2.81,1.50
2017.08.11 12:49:10.996,0.86025,0.86038,2.81,1.00
2017.08.11 12:49:11.099,0.86029,0.86039,1.00,1.50
2017.08.11 12:49:11.637,0.86029,0.86037,1.00,1.00
2017.08.11 12:49:11.689,0.86027,0.86036,1.00,1.00
2017.08.11 12:49:12.262,0.86028,0.86036,1.00,2.25
2017.08.11 12:49:12.379,0.86026,0.86036,1.00,2.25
2017.08.11 12:49:12.890,0.86027,0.86036,1.00,2.25
2017.08.11 12:49:13.196,0.86026,0.86034,1.00,1.37
2017.08.11 12:49:13.755,0.86025,0.86034,1.00,1.87
2017.08.11 12:49:13.858,0.86021,0.86031,1.12,1.00
2017.08.11 12:49:14.062,0.86019,0.86029,1.19,1.00
2017.08.11 12:49:14.267,0.86016,0.86026,1.50,1.00
2017.08.11 12:49:14.319,0.86016,0.86024,1.50,1.00
2017.08.11 12:49:15.278,0.86015,0.86024,1.00,1.00
2017.08.11 12:49:15.383,0.8601,0.8602,1.31,1.00
2017.08.11 12:49:15.436,0.8601,0.86018,1.25,1.00
2017.08.11 12:49:15.743,0.86008,0.86014,1.00,1.00
2017.08.11 12:49:16.108,0.86008,0.86018,1.00,3.00
2017.08.11 12:49:16.618,0.86009,0.86018,1.00,1.50
2017.08.11 12:49:16.720,0.86007,0.86017,1.00,1.00
2017.08.11 12:49:17.117,0.8601,0.86018,1.00,1.00
2017.08.11 12:49:17.323,0.86012,0.86021,1.00,1.00
2017.08.11 12:49:17.838,0.86014,0.86024,1.00,2.25
2017.08.11 12:49:18.043,0.86011,0.8602,1.00,1.50
2017.08.11 12:49:18.386,0.86009,0.86018,1.12,1.00
2017.08.11 12:49:18.931,0.86009,0.86017,1.12,1.00
2017.08.11 12:49:19.274,0.86005,0.86013,2.44,1.00
2017.08.11 12:49:19.377,0.86,0.86011,2.06,1.00
2017.08.11 12:49:19.430,0.86,0.86009,1.69,1.00
2017.08.11 12:49:19.535,0.86,0.86008,1.50,1.00
2017.08.11 12:49:20.047,0.86,0.86009,1.50,1.00
2017.08.11 12:49:20.569,0.86007,0.86013,1.69,1.12
2017.08.11 12:49:20.673,0.86009,0.86016,2.44,1.00
2017.08.11 12:49:20.725,0.86009,0.86018,2.06,1.00
2017.08.11 12:49:21.034,0.86011,0.86017,1.00,2.25
2017.08.11 12:49:21.138,0.86014,0.86021,1.00,1.87
2017.08.11 12:49:21.656,0.86014,0.86023,1.00,2.25
2017.08.11 12:49:22.024,0.86012,0.8602,1.00,1.00
2017.08.11 12:49:22.369,0.86014,0.86021,1.00,1.00
2017.08.11 12:49:22.874,0.86014,0.86022,1.00,1.00
2017.08.11 12:49:23.459,0.86015,0.86023,1.00,1.12
2017.08.11 12:49:23.993,0.86016,0.86023,1.00,1.00
2017.08.11 12:49:24.423,0.86013,0.86023,1.00,1.50
2017.08.11 12:49:24.577,0.86012,0.86021,1.00,1.00
2017.08.11 12:49:24.732,0.8601,0.86021,1.50,1.69
2017.08.11 12:49:24.834,0.8601,0.8602,1.50,1.19
2017.08.11 12:49:25.501,0.8601,0.86017,1.00,1.00
2017.08.11 12:49:25.656,0.86006,0.86016,1.00,2.25
2017.08.11 12:49:25.969,0.86006,0.86014,1.00,1.00
2017.08.11 12:49:26.174,0.86003,0.86014,1.12,1.50
2017.08.11 12:49:26.226,0.86004,0.86012,1.00,1.87
2017.08.11 12:49:26.442,0.86006,0.86015,1.00,1.00
2017.08.11 12:49:26.747,0.86004,0.86014,1.50,1.00
2017.08.11 12:49:27.259,0.86004,0.86015,3.00,1.50
2017.08.11 12:49:27.361,0.86004,0.86013,3.37,1.00
2017.08.11 12:49:27.500,0.86004,0.86015,2.62,1.69
2017.08.11 12:49:27.911,0.86006,0.86013,1.12,1.00
2017.08.11 12:49:28.517,0.86006,0.86012,1.00,1.00
2017.08.11 12:49:29.036,0.86005,0.86009,1.00,1.00
2017.08.11 12:49:29.087,0.86003,0.8601,1.50,1.00
2017.08.11 12:49:29.402,0.86004,0.86013,1.50,1.00
2017.08.11 12:49:29.504,0.86006,0.86013,1.00,1.00
2017.08.11 12:49:29.556,0.86006,0.86015,1.12,1.00
2017.08.11 12:49:29.608,0.86008,0.86016,1.00,1.50
2017.08.11 12:49:30.128,0.86008,0.86017,1.00,1.00
2017.08.11 12:49:30.180,0.86006,0.86017,1.00,1.00
2017.08.11 12:49:30.520,0.86006,0.86013,1.00,1.00
2017.08.11 12:49:30.623,0.86004,0.86012,1.50,1.12
2017.08.11 12:49:31.161,0.86,0.8601,1.41,1.00
2017.08.11 12:49:31.264,0.86,0.86008,1.00,1.00
2017.08.11 12:49:31.414,0.86,0.86009,1.91,1.00
2017.08.11 12:49:31.568,0.86,0.86011,1.50,1.00
2017.08.11 12:49:31.722,0.85999,0.86008,1.50,1.00
2017.08.11 12:49:32.610,0.85999,0.86009,1.00,1.00
2017.08.11 12:49:32.919,0.86002,0.86011,1.50,1.00
2017.08.11 12:49:33.074,0.86004,0.86014,1.50,1.00
2017.08.11 12:49:33.177,0.86006,0.86015,1.00,1.00
2017.08.11 12:49:33.611,0.86009,0.86019,1.50,2.06
2017.08.11 12:49:33.918,0.86011,0.86018,1.00,1.25
2017.08.11 12:49:34.116,0.86012,0.8602,1.00,1.87
2017.08.11 12:49:34.631,0.8601,0.86019,1.00,1.50
2017.08.11 12:49:34.887,0.86012,0.86019,1.00,2.25
2017.08.11 12:49:35.143,0.86012,0.86022,1.00,2.44
2017.08.11 12:49:35.247,0.86014,0.86022,1.00,1.69
2017.08.11 12:49:36.010,0.86012,0.86022,1.00,1.69
2017.08.11 12:49:36.519,0.86011,0.86021,1.00,2.44
2017.08.11 12:49:36.896,0.86009,0.86018,1.00,1.25
2017.08.11 12:49:37.516,0.8601,0.86018,1.00,1.56
2017.08.11 12:49:38.122,0.86009,0.86018,1.00,1.56
2017.08.11 12:49:38.431,0.86009,0.86019,1.00,4.31
2017.08.11 12:49:38.736,0.86012,0.86019,1.00,1.69
2017.08.11 12:49:39.105,0.8601,0.86019,1.00,2.44
2017.08.11 12:49:39.258,0.86008,0.86017,1.00,1.25
2017.08.11 12:49:39.413,0.86007,0.86015,1.00,1.00
2017.08.11 12:49:39.775,0.86009,0.86017,1.00,1.50
2017.08.11 12:49:40.082,0.86008,0.86016,1.00,1.19
2017.08.11 12:49:40.368,0.86008,0.86016,1.00,1.00
2017.08.11 12:49:40.521,0.8601,0.86017,1.00,1.00
2017.08.11 12:49:40.830,0.86008,0.86018,1.00,1.19
2017.08.11 12:49:40.933,0.86011,0.86017,1.00,1.25
2017.08.11 12:49:41.087,0.86007,0.86016,1.00,1.19
2017.08.11 12:49:41.345,0.86006,0.86013,1.00,1.56
2017.08.11 12:49:41.448,0.86003,0.86012,1.00,3.19
2017.08.11 12:49:41.552,0.86002,0.86013,1.00,1.69
2017.08.11 12:49:41.741,0.86003,0.8601,1.00,1.00
2017.08.11 12:49:42.363,0.86003,0.8601,1.00,1.19
2017.08.11 12:49:42.414,0.86003,0.86012,1.00,3.94
2017.08.11 12:49:42.618,0.86005,0.86014,1.00,2.81
2017.08.11 12:49:42.949,0.86007,0.86013,1.00,1.69
2017.08.11 12:49:43.000,0.86005,0.86013,1.00,1.69
2017.08.11 12:49:43.459,0.86006,0.86014,1.00,1.00
2017.08.11 12:49:43.612,0.86005,0.86012,1.00,1.00
2017.08.11 12:49:43.663,0.86003,0.86012,1.00,1.50
2017.08.11 12:49:43.816,0.86002,0.86009,1.00,1.00
2017.08.11 12:49:44.224,0.86003,0.86011,1.00,1.00
2017.08.11 12:49:44.377,0.86003,0.86009,1.00,1.87
2017.08.11 12:49:44.429,0.86003,0.86012,1.00,1.12
2017.08.11 12:49:44.731,0.86005,0.86012,1.00,1.00
2017.08.11 12:49:45.045,0.86005,0.86014,1.00,1.12
2017.08.11 12:49:45.148,0.86004,0.86013,1.50,3.00
2017.08.11 12:49:45.456,0.86008,0.86016,1.00,1.87
2017.08.11 12:49:45.996,0.86009,0.86016,1.00,1.00
2017.08.11 12:49:46.150,0.86009,0.86018,1.00,2.62
2017.08.11 12:49:46.407,0.86009,0.86014,1.00,1.00
2017.08.11 12:49:46.557,0.86004,0.86014,1.00,2.25
2017.08.11 12:49:46.661,0.86007,0.86013,1.00,1.00
2017.08.11 12:49:46.819,0.86004,0.86013,1.00,1.19
2017.08.11 12:49:46.923,0.86002,0.8601,1.00,1.00
2017.08.11 12:49:47.026,0.86002,0.86012,1.00,1.31
2017.08.11 12:49:47.131,0.86002,0.8601,1.00,1.00
2017.08.11 12:49:47.238,0.86002,0.86013,1.00,2.44
2017.08.11 12:49:47.289,0.86007,0.86013,1.00,1.19
2017.08.11 12:49:47.443,0.86006,0.86014,1.00,1.25
2017.08.11 12:49:47.597,0.86006,0.86014,1.00,1.19
2017.08.11 12:49:47.750,0.86004,0.86011,1.00,1.00
2017.08.11 12:49:48.279,0.86003,0.86011,1.00,2.25
2017.08.11 12:49:48.742,0.86005,0.86012,1.00,1.00
2017.08.11 12:49:48.947,0.86007,0.86015,1.00,1.00
2017.08.11 12:49:48.998,0.86009,0.86016,1.00,1.31
2017.08.11 12:49:49.210,0.86005,0.86015,1.00,1.00
2017.08.11 12:49:49.428,0.86002,0.86014,2.62,1.00
2017.08.11 12:49:49.480,0.86001,0.86012,1.50,1.00
2017.08.11 12:49:49.787,0.86003,0.86014,1.00,1.50
2017.08.11 12:49:50.108,0.86005,0.86016,1.50,1.00
2017.08.11 12:49:50.570,0.86004,0.86015,1.00,1.25
2017.08.11 12:49:50.673,0.86006,0.86015,1.00,1.25
2017.08.11 12:49:50.980,0.86004,0.86013,1.00,1.00
2017.08.11 12:49:51.262,0.86001,0.86011,1.00,1.25
2017.08.11 12:49:51.364,0.86001,0.86009,1.00,1.00
2017.08.11 12:49:51.689,0.86003,0.86009,1.00,1.00
2017.08.11 12:49:51.741,0.86004,0.86013,1.00,1.50
2017.08.11 12:49:52.235,0.86004,0.86015,1.00,2.44
2017.08.11 12:49:52.286,0.86003,0.86013,1.00,1.00
2017.08.11 12:49:52.922,0.86005,0.86015,1.25,1.00
2017.08.11 12:49:53.432,0.86005,0.86014,1.00,1.00
2017.08.11 12:49:53.897,0.86005,0.86017,2.06,2.25
2017.08.11 12:49:53.949,0.86006,0.86015,2.06,1.00
2017.08.11 12:49:54.087,0.86006,0.86015,3.19,1.00
2017.08.11 12:49:54.141,0.86006,0.86013,1.25,1.00
2017.08.11 12:49:54.450,0.86006,0.86016,1.50,2.25
2017.08.11 12:49:54.501,0.86006,0.86017,2.62,2.25
2017.08.11 12:49:54.553,0.86009,0.86019,1.00,1.87
2017.08.11 12:49:54.707,0.8601,0.86021,1.00,1.25
2017.08.11 12:49:55.208,0.86009,0.86021,4.12,1.25
2017.08.11 12:49:55.828,0.8601,0.86021,1.00,1.00
2017.08.11 12:49:56.254,0.86013,0.86022,1.00,1.31
2017.08.11 12:49:56.631,0.86011,0.86022,1.00,1.87
2017.08.11 12:49:56.736,0.86014,0.86023,1.12,1.12
2017.08.11 12:49:56.839,0.86017,0.86027,1.12,1.25
2017.08.11 12:49:56.993,0.86018,0.86029,1.50,1.00
2017.08.11 12:49:57.539,0.86016,0.86026,1.00,1.00
2017.08.11 12:49:57.845,0.86015,0.86024,1.87,1.00
2017.08.11 12:49:58.201,0.86017,0.86026,1.00,1.00
2017.08.11 12:49:58.712,0.86019,0.86025,1.50,1.00
2017.08.11 12:50:00.103,0.86018,0.86025,2.62,1.00
2017.08.11 12:50:00.225,0.8602,0.86028,1.69,1.00
2017.08.11 12:50:00.393,0.8602,0.86026,1.00,1.00
2017.08.11 12:50:00.699,0.86016,0.86022,2.25,1.00
2017.08.11 12:50:00.904,0.86016,0.86026,1.50,2.25
2017.08.11 12:50:01.006,0.86019,0.86027,1.00,1.50
2017.08.11 12:50:01.209,0.86019,0.86029,1.00,1.25
2017.08.11 12:50:01.261,0.86021,0.8603,1.00,1.00
2017.08.11 12:50:01.966,0.8602,0.8603,1.50,1.00
2017.08.11 12:50:02.607,0.86022,0.8603,1.00,1.69
2017.08.11 12:50:03.135,0.86023,0.8603,1.00,1.50
2017.08.11 12:50:03.642,0.86024,0.86029,1.00,1.00
2017.08.11 12:50:03.897,0.86024,0.86031,1.00,1.00
2017.08.11 12:50:04.409,0.86023,0.86031,1.00,1.00
2017.08.11 12:50:05.078,0.86023,0.8603,1.00,1.00
2017.08.11 12:50:05.592,0.86023,0.86031,1.00,1.00
2017.08.11 12:50:06.111,0.86022,0.86031,1.00,1.25
2017.08.11 12:50:06.162,0.86022,0.86029,1.00,1.50
2017.08.11 12:50:06.710,0.86021,0.86028,1.00,1.00
2017.08.11 12:50:07.221,0.86022,0.86029,1.00,1.00
2017.08.11 12:50:07.730,0.86021,0.86029,1.00,1.12
2017.08.11 12:50:08.176,0.86024,0.8603,1.00,1.00
2017.08.11 12:50:08.229,0.86021,0.86028,1.00,1.00
2017.08.11 12:50:08.333,0.86023,0.86029,1.00,1.87
2017.08.11 12:50:08.385,0.86021,0.86028,1.00,1.00
2017.08.11 12:50:08.950,0.86021,0.86027,1.00,2.62
2017.08.11 12:50:09.486,0.8602,0.86026,1.00,1.00
2017.08.11 12:50:10.002,0.8602,0.86027,1.00,1.87
2017.08.11 12:50:10.309,0.8602,0.86024,1.00,1.00
2017.08.11 12:50:10.830,0.86019,0.86024,1.00,1.00
2017.08.11 12:50:10.932,0.86019,0.86026,1.00,1.12
2017.08.11 12:50:11.449,0.86018,0.86027,1.00,1.50
2017.08.11 12:50:11.720,0.86016,0.86025,1.00,1.00
2017.08.11 12:50:12.138,0.86016,0.86024,1.00,1.50
2017.08.11 12:50:12.445,0.86016,0.86025,1.00,1.87
2017.08.11 12:50:12.598,0.86018,0.86025,1.00,1.50
2017.08.11 12:50:14.065,0.86016,0.86023,1.00,1.00
2017.08.11 12:50:14.374,0.86012,0.8602,1.00,2.25
2017.08.11 12:50:15.146,0.86012,0.8602,1.00,1.12
2017.08.11 12:50:15.714,0.86011,0.8602,1.00,3.00
2017.08.11 12:50:16.023,0.8601,0.86019,1.00,4.12
2017.08.11 12:50:16.435,0.86007,0.86016,1.00,1.12
2017.08.11 12:50:16.487,0.86006,0.86014,1.00,1.69
2017.08.11 12:50:16.793,0.86006,0.86012,1.00,1.00
2017.08.11 12:50:17.142,0.86003,0.86011,1.00,1.50
2017.08.11 12:50:17.296,0.86006,0.86012,1.00,1.00
2017.08.11 12:50:17.451,0.86004,0.86013,1.00,1.19
2017.08.11 12:50:17.676,0.86006,0.86013,1.00,1.25
2017.08.11 12:50:17.779,0.86003,0.86013,1.00,2.62
2017.08.11 12:50:17.932,0.86005,0.86013,1.00,2.06
2017.08.11 12:50:18.366,0.86003,0.86013,1.00,2.81
2017.08.11 12:50:18.877,0.86005,0.86013,1.00,2.06
2017.08.11 12:50:19.054,0.86003,0.86011,1.00,1.87
2017.08.11 12:50:19.286,0.86003,0.86009,1.00,1.19
2017.08.11 12:50:19.896,0.86002,0.86009,1.00,1.19
2017.08.11 12:50:20.423,0.86003,0.86009,1.00,1.19
2017.08.11 12:50:20.614,0.86003,0.86011,1.00,1.56
2017.08.11 12:50:21.130,0.86002,0.86011,1.00,2.06
2017.08.11 12:50:22.106,0.86002,0.86009,1.00,1.25
2017.08.11 12:50:22.157,0.86005,0.86011,1.00,1.25
2017.08.11 12:50:22.468,0.86006,0.86015,1.00,2.44
2017.08.11 12:50:22.571,0.86007,0.86016,1.00,1.69
2017.08.11 12:50:23.108,0.86008,0.86016,1.00,1.69
2017.08.11 12:50:23.363,0.86007,0.86013,1.00,1.19
2017.08.11 12:50:23.414,0.86007,0.86015,1.00,1.31
2017.08.11 12:50:23.925,0.86007,0.86013,1.00,1.19
2017.08.11 12:50:24.105,0.86006,0.86014,1.00,2.06
2017.08.11 12:50:24.607,0.86007,0.86016,1.00,2.81
2017.08.11 12:50:24.760,0.86009,0.86017,1.00,1.69
2017.08.11 12:50:25.069,0.86011,0.86017,1.00,1.19
2017.08.11 12:50:25.235,0.86011,0.86019,1.00,2.81
2017.08.11 12:50:25.340,0.86006,0.86017,1.00,1.00
2017.08.11 12:50:26.066,0.8601,0.86019,1.00,1.31
2017.08.11 12:50:26.646,0.86013,0.86019,1.00,1.31
2017.08.11 12:50:27.069,0.86009,0.8602,1.50,1.25
2017.08.11 12:50:27.230,0.86009,0.86018,1.50,1.00
2017.08.11 12:50:27.741,0.86009,0.86019,1.00,1.00
2017.08.11 12:50:28.219,0.86009,0.86016,1.00,1.00
2017.08.11 12:50:28.520,0.86008,0.86014,1.12,1.00
2017.08.11 12:50:28.675,0.86006,0.86013,1.00,1.00
2017.08.11 12:50:28.829,0.86006,0.86015,1.00,1.00
2017.08.11 12:50:28.880,0.86008,0.86015,1.00,1.00
2017.08.11 12:50:29.414,0.86008,0.86016,1.00,1.00
2017.08.11 12:50:30.199,0.86007,0.86016,1.00,1.00
2017.08.11 12:50:30.507,0.86005,0.86012,1.12,1.00
2017.08.11 12:50:30.814,0.86007,0.86013,1.00,1.00
2017.08.11 12:50:31.718,0.86006,0.86013,1.50,1.00
2017.08.11 12:50:32.026,0.86005,0.8601,1.00,1.00
2017.08.11 12:50:32.077,0.86005,0.86012,1.00,1.00
2017.08.11 12:50:32.587,0.86004,0.86011,1.50,1.00
2017.08.11 12:50:32.690,0.86004,0.86009,1.00,1.00
2017.08.11 12:50:32.741,0.86002,0.86008,1.12,1.00
2017.08.11 12:50:32.843,0.86,0.86007,1.12,1.00
2017.08.11 12:50:33.374,0.86,0.86006,1.00,1.00
2017.08.11 12:50:33.822,0.85997,0.86003,1.87,1.00
2017.08.11 12:50:34.129,0.86,0.86006,1.00,1.00
2017.08.11 12:50:34.730,0.86,0.86005,1.00,1.00
2017.08.11 12:50:35.236,0.86001,0.86005,1.00,1.00
2017.08.11 12:50:36.020,0.86,0.86005,1.50,1.00
2017.08.11 12:50:36.278,0.86001,0.86007,1.00,1.00
2017.08.11 12:50:36.331,0.86002,0.8601,1.00,1.00
2017.08.11 12:50:36.382,0.86004,0.8601,1.00,1.00
2017.08.11 12:50:36.692,0.86002,0.8601,1.50,1.00
2017.08.11 12:50:36.744,0.86002,0.86008,1.00,1.00
2017.08.11 12:50:37.273,0.86001,0.86007,1.00,1.00
2017.08.11 12:50:38.079,0.86,0.86007,1.00,1.00
2017.08.11 12:50:38.436,0.86002,0.86008,1.00,1.00
2017.08.11 12:50:39.019,0.86,0.86008,1.00,1.00
2017.08.11 12:50:39.071,0.86,0.86005,1.00,1.00
2017.08.11 12:50:39.376,0.86003,0.86009,1.00,1.00
2017.08.11 12:50:39.911,0.86003,0.8601,1.00,1.00
2017.08.11 12:50:40.068,0.86006,0.86011,1.00,1.25
2017.08.11 12:50:40.171,0.86006,0.86013,1.12,1.00
2017.08.11 12:50:40.442,0.86005,0.86009,1.00,1.25
2017.08.11 12:50:40.800,0.86003,0.86009,1.12,1.00
2017.08.11 12:50:41.330,0.86003,0.86008,1.12,1.00
2017.08.11 12:50:41.781,0.86005,0.86009,1.00,1.00
2017.08.11 12:50:42.423,0.86007,0.86011,1.00,1.00
2017.08.11 12:50:42.475,0.86007,0.86013,1.00,1.00
2017.08.11 12:50:42.629,0.86007,0.86011,1.00,1.00
2017.08.11 12:50:42.887,0.86007,0.86013,1.00,1.00
2017.08.11 12:50:42.939,0.86006,0.86011,1.00,1.00
2017.08.11 12:50:42.990,0.86004,0.86011,1.87,1.00
2017.08.11 12:50:43.144,0.86004,0.86013,3.37,1.00
2017.08.11 12:50:43.783,0.86005,0.86012,1.00,1.00
2017.08.11 12:50:43.938,0.86004,0.86011,1.50,1.19
2017.08.11 12:50:44.354,0.86002,0.86009,2.25,1.00
2017.08.11 12:50:44.776,0.86004,0.86009,1.00,1.00
2017.08.11 12:50:45.416,0.86005,0.8601,1.00,1.00
2017.08.11 12:50:45.740,0.86003,0.86007,1.00,1.00
2017.08.11 12:50:45.791,0.86003,0.86009,1.00,1.00
2017.08.11 12:50:45.843,0.86003,0.86011,1.50,1.00
2017.08.11 12:50:46.385,0.86004,0.8601,1.00,1.00
2017.08.11 12:50:46.889,0.86004,0.86012,1.00,1.00
2017.08.11 12:50:47.246,0.86003,0.8601,1.00,1.00
2017.08.11 12:50:47.750,0.86002,0.8601,1.00,1.00
2017.08.11 12:50:48.296,0.86003,0.8601,1.00,1.00
2017.08.11 12:50:48.818,0.86002,0.86008,2.25,1.00
2017.08.11 12:50:49.453,0.86002,0.86007,1.00,1.00
2017.08.11 12:50:49.958,0.86001,0.86007,1.50,1.00
2017.08.11 12:50:50.284,0.86004,0.86008,1.00,1.00
2017.08.11 12:50:50.336,0.86004,0.8601,1.00,1.00
2017.08.11 12:50:50.845,0.86005,0.86009,1.00,1.00
2017.08.11 12:50:51.049,0.86004,0.86011,1.00,1.00
2017.08.11 12:50:51.267,0.86006,0.86012,1.00,1.00
2017.08.11 12:50:51.424,0.86004,0.86013,2.25,1.25
2017.08.11 12:50:51.476,0.86004,0.86011,1.12,1.00
2017.08.11 12:50:52.433,0.86003,0.86011,1.00,1.00
2017.08.11 12:50:52.740,0.86002,0.86006,1.00,1.00
2017.08.11 12:50:52.792,0.86,0.86007,1.00,1.00
2017.08.11 12:50:53.420,0.86,0.86006,1.00,1.00
2017.08.11 12:50:53.923,0.85999,0.86006,1.00,1.00
2017.08.11 12:50:54.639,0.85998,0.86006,1.50,1.00
2017.08.11 12:50:55.194,0.85998,0.86005,1.50,1.00
2017.08.11 12:50:55.348,0.86,0.86005,1.00,1.00
2017.08.11 12:50:55.637,0.85998,0.86004,1.00,1.00
2017.08.11 12:50:55.894,0.86,0.86005,1.00,1.00
2017.08.11 12:50:56.456,0.85999,0.86005,1.00,1.00
2017.08.11 12:50:56.868,0.86001,0.86005,1.00,1.00
2017.08.11 12:50:57.206,0.85999,0.86006,1.00,1.00
2017.08.11 12:50:57.258,0.85999,0.86008,1.50,1.00
2017.08.11 12:50:57.864,0.85998,0.86008,1.50,1.00
2017.08.11 12:50:58.150,0.86,0.86007,1.00,1.00
2017.08.11 12:50:58.672,0.85999,0.86006,1.00,1.00
2017.08.11 12:50:59.210,0.86,0.86007,1.00,1.00
2017.08.11 12:50:59.567,0.86001,0.86007,2.25,1.00
2017.08.11 12:50:59.924,0.86002,0.86009,1.00,1.00
2017.08.11 12:51:00.237,0.86003,0.86011,1.12,1.00
2017.08.11 12:51:00.748,0.86003,0.8601,1.12,1.00
2017.08.11 12:51:01.271,0.86002,0.86009,2.25,1.00
2017.08.11 12:51:01.790,0.86002,0.86008,1.00,1.00
2017.08.11 12:51:02.299,0.86001,0.86008,1.12,1.00
2017.08.11 12:51:02.760,0.86006,0.86012,1.00,1.69
2017.08.11 12:51:03.836,0.86004,0.86013,1.00,3.94
2017.08.11 12:51:05.014,0.86005,0.86012,1.00,1.69
2017.08.11 12:51:05.516,0.86005,0.86012,1.00,2.44
2017.08.11 12:51:05.929,0.86004,0.86011,1.00,1.19
2017.08.11 12:51:06.851,0.86003,0.86011,1.00,1.69
2017.08.11 12:51:07.005,0.86004,0.86011,1.00,1.25
2017.08.11 12:51:07.628,0.86003,0.86011,1.00,1.19
2017.08.11 12:51:08.018,0.86002,0.86012,1.50,1.25
2017.08.11 12:51:08.070,0.86005,0.86012,1.00,2.25
2017.08.11 12:51:08.574,0.86005,0.8601,1.00,2.06
2017.08.11 12:51:08.638,0.86001,0.86011,1.00,1.31
2017.08.11 12:51:08.848,0.86002,0.86008,1.00,1.62
2017.08.11 12:51:09.053,0.85998,0.86006,1.50,1.87
2017.08.11 12:51:09.104,0.85997,0.86003,1.00,1.00
2017.08.11 12:51:09.451,0.85999,0.86003,1.00,2.25
2017.08.11 12:51:09.963,0.86,0.86007,1.00,1.12
2017.08.11 12:51:10.477,0.86,0.86008,1.00,1.25
2017.08.11 12:51:10.942,0.85998,0.86007,1.00,1.31
2017.08.11 12:51:11.355,0.85999,0.86006,1.00,2.06
2017.08.11 12:51:11.407,0.85999,0.86008,1.00,2.44
2017.08.11 12:51:11.919,0.86,0.86008,1.00,1.69
2017.08.11 12:51:12.742,0.86001,0.86009,1.00,2.44
2017.08.11 12:51:13.211,0.86002,0.86012,1.00,2.06
2017.08.11 12:51:13.838,0.86003,0.86012,1.00,2.06
2017.08.11 12:51:14.154,0.86006,0.86012,1.00,1.50
2017.08.11 12:51:14.673,0.86006,0.86013,1.00,1.50
2017.08.11 12:51:15.072,0.86003,0.86012,1.12,1.50
2017.08.11 12:51:15.316,0.86005,0.86013,1.00,1.69
2017.08.11 12:51:15.725,0.86006,0.86015,1.00,1.69
2017.08.11 12:51:16.398,0.86004,0.86015,1.50,2.44
2017.08.11 12:51:16.808,0.86006,0.86016,1.00,2.81
2017.08.11 12:51:17.323,0.86006,0.86015,1.00,1.50
2017.08.11 12:51:17.446,0.86008,0.86015,1.00,1.50
2017.08.11 12:51:17.975,0.86008,0.86016,1.00,1.69
2017.08.11 12:51:18.536,0.86006,0.86014,1.00,1.31
2017.08.11 12:51:19.053,0.86007,0.86014,1.00,1.50
2017.08.11 12:51:19.684,0.86007,0.86015,1.00,1.87
2017.08.11 12:51:20.615,0.86005,0.86015,1.00,1.87
2017.08.11 12:51:20.666,0.86003,0.86011,1.12,1.00
2017.08.11 12:51:20.972,0.86,0.86008,2.25,1.00
2017.08.11 12:51:21.126,0.85999,0.86007,1.12,1.00
2017.08.11 12:51:21.600,0.86002,0.86008,1.00,1.00
2017.08.11 12:51:22.008,0.86002,0.8601,1.00,1.00
2017.08.11 12:51:22.221,0.86001,0.8601,1.75,1.00
2017.08.11 12:51:22.529,0.85995,0.86001,1.00,1.00
2017.08.11 12:51:23.072,0.85995,0.86002,1.00,1.00
2017.08.11 12:51:23.276,0.85993,0.86001,1.00,1.00
2017.08.11 12:51:23.380,0.85993,0.85999,1.00,1.00
2017.08.11 12:51:23.923,0.85993,0.85998,1.00,1.00
2017.08.11 12:51:24.147,0.85991,0.85998,1.50,1.00
2017.08.11 12:51:24.658,0.85992,0.85998,1.00,1.00
2017.08.11 12:51:24.797,0.8599,0.85998,2.25,1.00
2017.08.11 12:51:25.214,0.85994,0.86003,1.00,1.25
2017.08.11 12:51:25.266,0.85994,0.86005,1.00,1.12
2017.08.11 12:51:25.319,0.85995,0.86005,1.37,1.12
2017.08.11 12:51:25.738,0.85995,0.86002,1.00,1.00
2017.08.11 12:51:26.225,0.85994,0.86,1.00,1.00
2017.08.11 12:51:26.328,0.85991,0.86,2.25,1.00
2017.08.11 12:51:26.431,0.85991,0.85997,1.00,1.00
2017.08.11 12:51:27.228,0.85991,0.85998,1.00,1.00
2017.08.11 12:51:27.279,0.85993,0.86001,1.00,1.00
2017.08.11 12:51:27.787,0.85992,0.86002,1.50,1.87
2017.08.11 12:51:28.331,0.85992,0.86002,1.00,3.19
2017.08.11 12:51:28.537,0.8599,0.86,1.00,1.12
2017.08.11 12:51:28.640,0.85989,0.85997,1.00,1.00
2017.08.11 12:51:28.944,0.85991,0.85996,1.00,1.00
2017.08.11 12:51:29.199,0.85992,0.85998,1.00,1.00
2017.08.11 12:51:29.354,0.85988,0.85996,1.00,1.00
2017.08.11 12:51:29.564,0.85986,0.85996,1.00,1.00
2017.08.11 12:51:29.820,0.85988,0.85997,1.00,1.00
2017.08.11 12:51:30.128,0.8599,0.86,1.00,2.06
2017.08.11 12:51:30.631,0.85991,0.86,1.00,1.50
2017.08.11 12:51:30.942,0.85988,0.85996,1.00,1.25
2017.08.11 12:51:31.252,0.85991,0.85997,1.00,1.19
2017.08.11 12:51:31.659,0.85992,0.86,1.00,1.31
2017.08.11 12:51:31.915,0.85992,0.86001,1.00,1.56
2017.08.11 12:51:32.842,0.85993,0.86001,1.00,1.19
2017.08.11 12:51:33.105,0.85991,0.86001,1.50,1.19
2017.08.11 12:51:33.624,0.85994,0.86001,1.00,1.69
2017.08.11 12:51:33.879,0.85992,0.86002,1.50,2.06
2017.08.11 12:51:34.033,0.85992,0.86002,1.50,1.19
2017.08.11 12:51:34.287,0.85993,0.86002,1.00,1.69
2017.08.11 12:51:34.338,0.85993,0.86001,1.00,1.19
2017.08.11 12:51:34.543,0.85996,0.86,1.00,2.25
2017.08.11 12:51:34.646,0.85997,0.86005,1.00,1.31
2017.08.11 12:51:35.281,0.85997,0.86007,1.00,4.31
2017.08.11 12:51:35.688,0.85999,0.86008,1.00,1.69
2017.08.11 12:51:36.065,0.86001,0.86009,1.00,1.31
2017.08.11 12:51:36.411,0.85998,0.86008,1.00,1.19
2017.08.11 12:51:36.566,0.85995,0.86005,1.50,1.19
2017.08.11 12:51:36.822,0.85998,0.86007,1.00,1.19
2017.08.11 12:51:37.385,0.85999,0.86008,1.00,1.69
2017.08.11 12:51:37.697,0.85996,0.86003,2.25,1.00
2017.08.11 12:51:38.056,0.85999,0.86005,1.00,1.00
2017.08.11 12:51:38.380,0.86,0.86007,1.50,1.00
2017.08.11 12:51:39.177,0.85997,0.86005,1.00,1.00
2017.08.11 12:51:39.587,0.85996,0.86002,1.87,1.00
2017.08.11 12:51:39.690,0.85994,0.86001,1.87,1.00
2017.08.11 12:51:40.044,0.85996,0.86,1.00,1.00
2017.08.11 12:51:40.573,0.85995,0.85999,1.00,1.00
2017.08.11 12:51:41.497,0.85994,0.85999,1.00,1.00
2017.08.11 12:51:42.034,0.85993,0.85998,1.00,1.00
2017.08.11 12:51:42.186,0.85998,0.86004,1.00,1.25
2017.08.11 12:51:42.289,0.86,0.86004,1.00,1.00
2017.08.11 12:51:42.392,0.86,0.86005,1.00,1.00
2017.08.11 12:51:42.444,0.85998,0.86003,1.50,1.00
2017.08.11 12:51:42.956,0.85998,0.86002,1.00,1.00
2017.08.11 12:51:43.506,0.85997,0.86001,1.12,1.00
2017.08.11 12:51:43.877,0.85996,0.86,1.00,1.00
2017.08.11 12:51:44.383,0.85995,0.86,1.00,1.00
2017.08.11 12:51:45.004,0.85995,0.85999,1.00,1.00
2017.08.11 12:51:45.393,0.85994,0.86002,1.00,1.00
2017.08.11 12:51:45.496,0.85994,0.86,1.00,1.00
2017.08.11 12:51:46.032,0.85994,0.86003,1.50,1.19
2017.08.11 12:51:46.590,0.85995,0.86002,1.00,1.19
2017.08.11 12:51:47.131,0.85993,0.86,1.00,1.25
2017.08.11 12:51:47.438,0.85994,0.86004,1.00,2.44
2017.08.11 12:51:47.855,0.85994,0.86003,1.50,1.19
2017.08.11 12:51:48.439,0.85995,0.86003,1.00,1.19
2017.08.11 12:51:49.058,0.85993,0.86002,1.00,1.19
2017.08.11 12:51:49.211,0.85991,0.86,1.50,1.19
2017.08.11 12:51:50.183,0.85991,0.85999,1.00,1.19
2017.08.11 12:51:50.387,0.8599,0.86,1.12,1.69
2017.08.11 12:51:50.930,0.85991,0.86,1.00,1.69
2017.08.11 12:51:51.858,0.85993,0.86,1.00,1.19
2017.08.11 12:51:51.961,0.85991,0.86,1.00,1.19
2017.08.11 12:51:52.065,0.8599,0.85998,1.50,1.19
2017.08.11 12:51:52.580,0.8599,0.85998,1.00,1.69
2017.08.11 12:51:53.224,0.85987,0.85996,1.00,1.19
2017.08.11 12:51:53.773,0.85988,0.85996,1.00,1.69
2017.08.11 12:51:54.288,0.85988,0.85996,1.00,1.19
2017.08.11 12:51:54.801,0.85988,0.85996,1.00,1.19
2017.08.11 12:51:54.854,0.85986,0.85996,1.00,1.19
2017.08.11 12:51:56.980,0.85986,0.85995,1.00,1.19
2017.08.11 12:51:57.394,0.85988,0.85998,1.00,2.81
2017.08.11 12:51:57.549,0.85989,0.85999,1.50,4.69
2017.08.11 12:51:57.753,0.85991,0.85999,1.00,3.94
2017.08.11 12:51:58.549,0.85991,0.85999,1.00,1.19
2017.08.11 12:51:59.093,0.85991,0.85996,1.00,1.00
2017.08.11 12:51:59.402,0.85988,0.85992,1.00,1.00
2017.08.11 12:51:59.657,0.85986,0.85992,1.00,1.00
2017.08.11 12:52:00.160,0.85985,0.85992,1.00,1.00
2017.08.11 12:52:00.213,0.85989,0.85995,1.00,1.00
2017.08.11 12:52:00.318,0.85986,0.85995,4.12,1.19
2017.08.11 12:52:00.744,0.85985,0.85993,1.12,1.00
2017.08.11 12:52:01.102,0.85987,0.85996,1.12,1.00
2017.08.11 12:52:01.412,0.85987,0.85995,1.12,1.19
2017.08.11 12:52:01.677,0.85985,0.85995,1.12,1.25
2017.08.11 12:52:01.780,0.85987,0.85996,1.12,1.25
2017.08.11 12:52:02.499,0.85989,0.85996,1.12,1.25
2017.08.11 12:52:02.704,0.85987,0.85995,1.50,1.25
2017.08.11 12:52:03.326,0.85987,0.85996,1.00,1.19
2017.08.11 12:52:03.639,0.85987,0.85998,1.00,1.19
2017.08.11 12:52:04.076,0.85991,0.85998,1.00,1.31
2017.08.11 12:52:04.606,0.85992,0.85998,1.00,1.19
2017.08.11 12:52:07.022,0.85989,0.85997,1.00,1.25
2017.08.11 12:52:07.074,0.85988,0.85996,1.00,2.81
2017.08.11 12:52:07.227,0.85981,0.85991,1.50,1.25
2017.08.11 12:52:07.330,0.85983,0.85991,1.00,1.25
2017.08.11 12:52:07.585,0.85984,0.85993,1.00,2.25
2017.08.11 12:52:08.126,0.85984,0.85993,1.00,1.19
2017.08.11 12:52:08.331,0.85983,0.8599,1.00,1.69
2017.08.11 12:52:08.485,0.85977,0.85984,1.00,2.81
2017.08.11 12:52:09.065,0.85978,0.85985,1.00,1.25
2017.08.11 12:52:09.424,0.85976,0.85983,1.00,1.00
2017.08.11 12:52:09.955,0.85977,0.85982,1.00,1.00
2017.08.11 12:52:10.111,0.85978,0.85984,1.00,1.00
2017.08.11 12:52:10.621,0.85977,0.85985,1.00,1.19
2017.08.11 12:52:10.874,0.85975,0.85982,1.00,1.50
2017.08.11 12:52:11.393,0.85974,0.85982,1.00,2.44
2017.08.11 12:52:11.597,0.85975,0.85983,1.00,1.31
2017.08.11 12:52:11.956,0.85974,0.85981,1.00,1.00
2017.08.11 12:52:14.143,0.85974,0.85981,1.00,1.19
2017.08.11 12:52:14.803,0.85973,0.85979,1.00,1.00
2017.08.11 12:52:15.366,0.85971,0.8598,1.00,1.69
2017.08.11 12:52:15.893,0.85972,0.8598,1.00,1.31
2017.08.11 12:52:16.158,0.85968,0.85977,3.00,1.00
2017.08.11 12:52:16.544,0.85973,0.85977,1.00,1.25
2017.08.11 12:52:16.596,0.85974,0.85982,1.00,1.50
2017.08.11 12:52:16.902,0.85974,0.85983,3.37,1.25
2017.08.11 12:52:17.691,0.85975,0.85984,1.87,1.19
2017.08.11 12:52:17.795,0.85976,0.85985,1.50,1.25
2017.08.11 12:52:18.052,0.85975,0.85984,3.37,1.19
2017.08.11 12:52:18.103,0.85975,0.85984,1.87,1.19
2017.08.11 12:52:18.612,0.85976,0.85984,1.00,1.19
2017.08.11 12:52:18.894,0.85978,0.85984,1.00,1.00
2017.08.11 12:52:19.201,0.8598,0.85985,1.00,1.00
2017.08.11 12:52:19.747,0.85979,0.85984,1.00,1.00
2017.08.11 12:52:20.460,0.85979,0.85986,1.00,1.00
2017.08.11 12:52:20.977,0.8598,0.85986,1.00,1.00
2017.08.11 12:52:21.492,0.85979,0.85986,1.00,1.00
2017.08.11 12:52:21.723,0.85982,0.85987,1.00,1.00
2017.08.11 12:52:22.269,0.85981,0.85986,1.00,1.25
2017.08.11 12:52:23.528,0.85979,0.85987,1.00,1.19
2017.08.11 12:52:23.655,0.85981,0.85989,1.00,4.69
2017.08.11 12:52:23.963,0.85981,0.85986,1.00,1.00
2017.08.11 12:52:24.014,0.85981,0.85988,1.00,1.00
2017.08.11 12:52:24.219,0.85982,0.8599,1.00,1.69
2017.08.11 12:52:24.390,0.85983,0.85992,1.50,1.69
2017.08.11 12:52:24.442,0.85983,0.8599,1.00,1.00
2017.08.11 12:52:24.750,0.85981,0.85991,1.50,1.50
2017.08.11 12:52:24.954,0.85981,0.85989,1.50,1.00
2017.08.11 12:52:25.469,0.8598,0.85989,1.50,1.25
2017.08.11 12:52:25.795,0.85988,0.85994,1.00,1.12
2017.08.11 12:52:26.080,0.85989,0.85996,1.00,1.50
2017.08.11 12:52:26.283,0.85988,0.85994,1.00,1.00
2017.08.11 12:52:26.808,0.85987,0.85993,1.00,1.00
2017.08.11 12:52:27.359,0.85985,0.8599,1.00,1.00
2017.08.11 12:52:27.928,0.85985,0.85991,1.00,1.00
2017.08.11 12:52:28.486,0.85985,0.85991,1.00,2.66
2017.08.11 12:52:28.538,0.85982,0.85989,1.00,2.06
2017.08.11 12:52:29.202,0.85981,0.85989,1.00,1.00
2017.08.11 12:52:29.552,0.85983,0.8599,1.00,1.00
2017.08.11 12:52:30.116,0.85982,0.8599,1.00,1.31
2017.08.11 12:52:30.428,0.85982,0.8599,1.00,2.44
2017.08.11 12:52:30.952,0.85983,0.8599,1.00,1.69
2017.08.11 12:52:31.233,0.85984,0.8599,1.00,1.00
2017.08.11 12:52:31.488,0.85986,0.85991,1.00,1.25
2017.08.11 12:52:31.798,0.85992,0.85996,1.00,1.00
2017.08.11 12:52:31.851,0.8599,0.85996,1.00,1.00
2017.08.11 12:52:31.954,0.85993,0.85997,1.00,1.00
2017.08.11 12:52:32.233,0.85995,0.85999,1.00,1.12
2017.08.11 12:52:32.442,0.85996,0.86001,1.12,1.00
2017.08.11 12:52:32.545,0.85998,0.86005,1.00,1.25
2017.08.11 12:52:32.648,0.85996,0.86005,1.00,1.25
2017.08.11 12:52:32.928,0.85992,0.86001,1.37,1.00
2017.08.11 12:52:33.237,0.85998,0.86004,1.00,1.69
2017.08.11 12:52:33.764,0.85998,0.86005,1.00,4.31
2017.08.11 12:52:34.391,0.85998,0.86005,1.00,4.31
2017.08.11 12:52:34.855,0.86001,0.86006,1.00,1.25
2017.08.11 12:52:35.058,0.86001,0.86008,1.00,1.69
2017.08.11 12:52:35.772,0.86002,0.86007,1.00,1.25
2017.08.11 12:52:37.003,0.86002,0.86008,1.00,1.69
2017.08.11 12:52:37.156,0.86002,0.86006,1.00,1.25
2017.08.11 12:52:37.258,0.85996,0.86001,1.50,1.00
2017.08.11 12:52:37.412,0.85993,0.86,1.00,1.00
2017.08.11 12:52:38.099,0.85992,0.85999,1.00,1.00
2017.08.11 12:52:38.202,0.85991,0.85997,2.25,1.00
2017.08.11 12:52:38.559,0.85989,0.85997,3.00,1.00
2017.08.11 12:52:39.064,0.85989,0.85996,2.62,1.00
2017.08.11 12:52:39.321,0.85992,0.85997,1.50,1.00
2017.08.11 12:52:39.526,0.85992,0.85999,1.50,1.00
2017.08.11 12:52:39.754,0.85993,0.86001,1.87,1.00
2017.08.11 12:52:40.287,0.85994,0.86,1.00,1.00
2017.08.11 12:52:40.598,0.85991,0.86,4.12,1.00
2017.08.11 12:52:41.146,0.85991,0.86,4.12,1.00
2017.08.11 12:52:41.453,0.85991,0.85999,2.25,1.00
2017.08.11 12:52:41.934,0.85993,0.85999,1.00,1.00
2017.08.11 12:52:42.444,0.85993,0.86,1.00,1.00
2017.08.11 12:52:42.842,0.85994,0.86002,1.00,1.00
2017.08.11 12:52:42.894,0.85995,0.86003,1.50,1.00
2017.08.11 12:52:43.214,0.85999,0.86006,1.87,1.00
2017.08.11 12:52:43.675,0.86001,0.86007,1.50,1.00
2017.08.11 12:52:43.779,0.86001,0.86009,1.50,1.00
2017.08.11 12:52:43.831,0.86004,0.8601,1.37,1.00
2017.08.11 12:52:44.055,0.86005,0.86014,1.12,1.00
2017.08.11 12:52:44.361,0.86007,0.86014,1.50,1.00
2017.08.11 12:52:44.579,0.86003,0.86012,2.62,1.00
2017.08.11 12:52:44.835,0.86003,0.8601,1.50,1.00
2017.08.11 12:52:45.026,0.86001,0.86009,1.50,1.00
2017.08.11 12:52:45.571,0.85999,0.86007,1.00,1.00
2017.08.11 12:52:45.881,0.86001,0.86008,1.12,1.00
2017.08.11 12:52:46.382,0.86001,0.86007,1.12,1.00
2017.08.11 12:52:47.731,0.86002,0.86006,1.50,1.00
2017.08.11 12:52:47.782,0.86001,0.86008,1.50,1.00
2017.08.11 12:52:47.833,0.86001,0.86006,1.50,1.00
2017.08.11 12:52:47.884,0.85998,0.86007,1.50,1.00
2017.08.11 12:52:48.080,0.85999,0.8601,1.00,1.00
2017.08.11 12:52:48.184,0.85999,0.86008,1.50,1.00
2017.08.11 12:52:48.286,0.85997,0.86008,1.00,1.19
2017.08.11 12:52:48.778,0.85998,0.86009,1.00,1.25
2017.08.11 12:52:49.324,0.86,0.86011,1.50,1.69
2017.08.11 12:52:49.528,0.86001,0.86012,1.00,1.25
2017.08.11 12:52:49.579,0.86003,0.86012,1.37,1.50
2017.08.11 12:52:49.886,0.86011,0.86018,1.75,1.00
2017.08.11 12:52:50.314,0.86011,0.8602,1.75,1.00
2017.08.11 12:52:50.520,0.86016,0.86021,1.00,1.00
2017.08.11 12:52:50.571,0.86013,0.86021,2.62,1.00
2017.08.11 12:52:51.080,0.86017,0.86025,1.00,1.25
2017.08.11 12:52:51.182,0.86017,0.86025,1.00,1.19
2017.08.11 12:52:51.488,0.86018,0.86027,1.12,2.25
2017.08.11 12:52:51.540,0.8602,0.86027,1.00,1.69
2017.08.11 12:52:51.642,0.86019,0.86029,1.00,1.19
2017.08.11 12:52:52.147,0.86021,0.8603,1.00,1.19
2017.08.11 12:52:52.198,0.86021,0.86032,1.50,4.69
2017.08.11 12:52:52.987,0.8602,0.86029,1.00,1.25
2017.08.11 12:52:53.153,0.86018,0.86024,1.50,1.00
2017.08.11 12:52:53.670,0.86016,0.86024,2.25,1.00
2017.08.11 12:52:54.011,0.8602,0.86028,1.00,1.19
2017.08.11 12:52:54.319,0.8602,0.86027,1.00,1.19
2017.08.11 12:52:54.575,0.86021,0.86028,1.00,1.87
2017.08.11 12:52:54.628,0.86025,0.8603,1.87,1.19
2017.08.11 12:52:54.680,0.86026,0.86032,1.00,1.25
2017.08.11 12:52:54.901,0.86024,0.86031,1.00,2.44
2017.08.11 12:52:55.055,0.86022,0.86031,1.00,3.04
2017.08.11 12:52:55.565,0.86023,0.8603,1.00,1.69
2017.08.11 12:52:56.094,0.86023,0.86029,1.00,1.00
2017.08.11 12:52:56.596,0.86023,0.86029,1.00,1.19
2017.08.11 12:52:56.907,0.86021,0.86029,1.00,1.69
2017.08.11 12:52:57.440,0.86022,0.86029,1.00,2.44
2017.08.11 12:52:57.697,0.86019,0.86028,1.00,2.44
2017.08.11 12:52:57.748,0.86019,0.86026,1.00,2.44
2017.08.11 12:52:57.800,0.86015,0.86024,1.00,1.19
2017.08.11 12:52:58.108,0.86017,0.86025,1.00,3.00
2017.08.11 12:52:58.633,0.86018,0.86027,1.00,1.69
2017.08.11 12:52:58.974,0.8602,0.8603,1.00,1.31
2017.08.11 12:52:59.487,0.8602,0.86027,1.00,1.25
2017.08.11 12:52:59.539,0.86015,0.86024,3.00,1.00
2017.08.11 12:53:00.093,0.86015,0.86024,2.25,1.25
2017.08.11 12:53:00.145,0.86015,0.86025,1.50,1.19
2017.08.11 12:53:00.196,0.86015,0.86026,1.50,1.50
2017.08.11 12:53:00.248,0.86015,0.86025,1.00,1.19
2017.08.11 12:53:00.692,0.86017,0.86028,2.25,1.25
2017.08.11 12:53:00.942,0.8602,0.86028,1.00,1.00
2017.08.11 12:53:01.298,0.86015,0.86023,2.62,1.00
2017.08.11 12:53:01.374,0.86016,0.86026,1.50,1.00
2017.08.11 12:53:01.425,0.86016,0.86025,1.87,1.00
2017.08.11 12:53:01.477,0.86016,0.86025,1.50,1.25
2017.08.11 12:53:01.935,0.86021,0.86027,1.00,1.19
2017.08.11 12:53:02.193,0.86024,0.86031,1.00,4.69
2017.08.11 12:53:02.244,0.86025,0.86031,1.00,1.25
2017.08.11 12:53:02.755,0.86024,0.86032,1.00,1.19
2017.08.11 12:53:02.807,0.86023,0.86031,1.00,1.19
2017.08.11 12:53:03.087,0.86024,0.86031,1.00,1.25
2017.08.11 12:53:03.190,0.86026,0.86032,1.00,1.19
2017.08.11 12:53:03.293,0.86026,0.86036,1.00,2.81
2017.08.11 12:53:03.396,0.86029,0.86036,1.00,1.69
2017.08.11 12:53:03.550,0.86031,0.86037,1.00,2.06
2017.08.11 12:53:03.602,0.86028,0.86037,1.00,1.31
2017.08.11 12:53:03.757,0.86027,0.86033,1.00,1.19
2017.08.11 12:53:03.809,0.86025,0.86035,1.00,1.54
2017.08.11 12:53:03.916,0.86025,0.86033,1.00,1.19
2017.08.11 12:53:04.226,0.86027,0.86034,1.00,1.69
2017.08.11 12:53:04.584,0.86026,0.86035,1.00,3.56
2017.08.11 12:53:05.169,0.86027,0.86035,1.00,2.81
2017.08.11 12:53:05.672,0.86028,0.86035,1.00,2.06
2017.08.11 12:53:05.979,0.86028,0.86035,1.00,3.56
2017.08.11 12:53:06.082,0.86026,0.86033,1.00,1.25
2017.08.11 12:53:06.339,0.86028,0.86035,1.00,1.69
2017.08.11 12:53:06.443,0.86025,0.86036,1.00,3.19
2017.08.11 12:53:06.640,0.86023,0.86033,2.25,1.00
2017.08.11 12:53:07.150,0.86024,0.86034,2.62,1.00
2017.08.11 12:53:07.501,0.86025,0.86033,1.87,1.00
2017.08.11 12:53:07.553,0.86025,0.86032,1.50,1.00
2017.08.11 12:53:07.758,0.86022,0.86031,3.75,1.25
2017.08.11 12:53:08.013,0.86022,0.86028,1.50,1.00
2017.08.11 12:53:08.155,0.8602,0.86027,1.00,1.00
2017.08.11 12:53:08.666,0.86019,0.86029,2.62,1.25
2017.08.11 12:53:08.719,0.86019,0.86029,3.75,1.25
2017.08.11 12:53:09.032,0.86025,0.86034,1.37,1.25
2017.08.11 12:53:09.339,0.86032,0.8604,1.37,1.00
2017.08.11 12:53:09.492,0.86033,0.86042,1.87,1.00
2017.08.11 12:53:09.543,0.86036,0.86044,2.25,1.37
2017.08.11 12:53:09.852,0.86035,0.86042,1.87,1.00
2017.08.11 12:53:10.057,0.86032,0.86042,3.75,1.00
2017.08.11 12:53:10.560,0.86032,0.86041,1.00,1.00
2017.08.11 12:53:10.969,0.86032,0.86039,1.87,1.00
2017.08.11 12:53:11.021,0.8603,0.86038,1.00,1.00
2017.08.11 12:53:11.073,0.86028,0.86037,1.00,1.00
2017.08.11 12:53:11.351,0.86026,0.86035,2.62,1.00
2017.08.11 12:53:11.861,0.86025,0.86035,2.88,1.00
2017.08.11 12:53:11.912,0.86027,0.86038,1.12,1.19
2017.08.11 12:53:12.653,0.86027,0.86036,1.12,1.00
2017.08.11 12:53:14.089,0.86026,0.86036,1.50,1.00
2017.08.11 12:53:15.460,0.86028,0.86036,1.00,1.00
2017.08.11 12:53:15.665,0.86028,0.86039,1.50,1.00
2017.08.11 12:53:16.124,0.86029,0.86038,1.87,1.00
2017.08.11 12:53:16.226,0.86029,0.8604,1.87,1.00
2017.08.11 12:53:17.139,0.86027,0.86039,1.87,1.00
2017.08.11 12:53:17.191,0.8603,0.86039,1.00,1.00
2017.08.11 12:53:17.519,0.86031,0.86041,1.37,1.25
2017.08.11 12:53:17.826,0.86027,0.86035,1.37,1.00
2017.08.11 12:53:18.344,0.86027,0.86037,1.87,1.00
2017.08.11 12:53:18.857,0.8603,0.86038,1.37,1.00
2017.08.11 12:53:19.084,0.86032,0.86041,1.37,1.00
2017.08.11 12:53:19.186,0.86033,0.86044,1.37,1.00
2017.08.11 12:53:19.340,0.86032,0.86039,3.37,1.00
2017.08.11 12:53:19.886,0.86031,0.8604,1.75,1.00
2017.08.11 12:53:20.091,0.86029,0.86038,1.50,1.00
2017.08.11 12:53:20.143,0.86029,0.86036,1.00,1.00
2017.08.11 12:53:20.552,0.86027,0.86034,1.37,2.25
2017.08.11 12:53:20.758,0.86021,0.86028,1.00,1.00
2017.08.11 12:53:21.303,0.86021,0.86029,1.00,1.00
2017.08.11 12:53:21.457,0.86025,0.86033,1.00,1.00
2017.08.11 12:53:21.508,0.86025,0.86035,1.37,1.00
2017.08.11 12:53:21.560,0.86028,0.86036,1.00,1.00
2017.08.11 12:53:22.073,0.86027,0.86034,1.00,1.00
2017.08.11 12:53:22.229,0.86025,0.86034,1.50,1.00
2017.08.11 12:53:22.281,0.86025,0.86032,2.25,1.00
2017.08.11 12:53:22.437,0.86026,0.86034,1.50,1.00
2017.08.11 12:53:22.748,0.86032,0.86036,1.00,1.00
2017.08.11 12:53:22.905,0.86036,0.86043,1.62,1.00
2017.08.11 12:53:23.111,0.86041,0.86049,1.00,1.00
2017.08.11 12:53:23.329,0.86037,0.86043,1.00,1.00
2017.08.11 12:53:23.686,0.86036,0.86045,3.00,1.00
2017.08.11 12:53:23.738,0.86037,0.86046,2.62,1.00
2017.08.11 12:53:23.790,0.86039,0.86048,2.62,1.00
2017.08.11 12:53:24.064,0.86039,0.86046,1.00,1.00
2017.08.11 12:53:24.380,0.86049,0.86057,1.50,1.00
2017.08.11 12:53:24.535,0.86049,0.86055,1.31,1.00
2017.08.11 12:53:24.744,0.8605,0.8606,1.87,1.12
2017.08.11 12:53:24.795,0.86052,0.8606,2.25,1.12
2017.08.11 12:53:24.847,0.86052,0.86062,2.62,1.00
2017.08.11 12:53:24.899,0.86055,0.86062,1.87,1.00
2017.08.11 12:53:24.951,0.86053,0.86061,2.25,1.00
2017.08.11 12:53:25.104,0.86053,0.86059,1.00,1.00
2017.08.11 12:53:25.313,0.86048,0.86056,1.37,1.00
2017.08.11 12:53:25.678,0.86049,0.86058,1.37,1.00
2017.08.11 12:53:26.134,0.86045,0.86055,1.00,1.00
2017.08.11 12:53:26.186,0.86045,0.86053,1.00,1.00
2017.08.11 12:53:26.495,0.86047,0.86054,1.37,1.00
2017.08.11 12:53:26.598,0.86046,0.86054,1.12,1.00
2017.08.11 12:53:26.651,0.86044,0.86052,1.87,1.00
2017.08.11 12:53:27.188,0.86042,0.8605,1.87,1.00
2017.08.11 12:53:27.497,0.86041,0.86048,1.00,1.00
2017.08.11 12:53:27.815,0.86041,0.86048,1.12,1.00
2017.08.11 12:53:28.019,0.86041,0.86048,1.12,1.00
2017.08.11 12:53:28.527,0.86041,0.86049,1.37,1.00
2017.08.11 12:53:28.632,0.86042,0.86049,1.19,1.00
2017.08.11 12:53:28.686,0.86043,0.86052,1.31,1.00
2017.08.11 12:53:28.893,0.86043,0.8605,1.87,1.00
2017.08.11 12:53:29.048,0.86042,0.8605,1.50,1.00
2017.08.11 12:53:29.201,0.86039,0.86049,3.00,1.00
2017.08.11 12:53:29.551,0.86041,0.86052,1.75,1.00
2017.08.11 12:53:29.705,0.86041,0.86049,1.37,1.00
2017.08.11 12:53:29.808,0.86039,0.86049,2.25,1.00
2017.08.11 12:53:30.012,0.86037,0.86047,2.62,1.00
2017.08.11 12:53:30.269,0.86034,0.86044,1.87,1.00
2017.08.11 12:53:30.816,0.86034,0.86045,1.62,1.00
2017.08.11 12:53:31.276,0.86033,0.86041,1.87,1.00
2017.08.11 12:53:31.794,0.86033,0.86042,1.37,1.00
2017.08.11 12:53:32.349,0.86034,0.86041,1.00,1.00
2017.08.11 12:53:32.401,0.86032,0.86041,1.00,1.00
2017.08.11 12:53:32.814,0.86034,0.86042,1.37,1.00
2017.08.11 12:53:33.455,0.86033,0.86043,3.37,1.00
2017.08.11 12:53:33.557,0.86033,0.86042,1.12,1.00
2017.08.11 12:53:33.915,0.86033,0.86044,1.37,1.00
2017.08.11 12:53:34.425,0.86034,0.86046,1.12,2.44
2017.08.11 12:53:34.884,0.86036,0.86046,1.00,2.44
2017.08.11 12:53:35.461,0.86035,0.86047,1.00,6.79
2017.08.11 12:53:35.666,0.86035,0.86047,1.00,4.16
2017.08.11 12:53:35.820,0.86036,0.86045,1.00,1.00
2017.08.11 12:53:36.227,0.86039,0.86048,1.00,1.00
2017.08.11 12:53:36.588,0.86037,0.86049,1.12,1.25
2017.08.11 12:53:37.056,0.86041,0.8605,1.00,2.06
2017.08.11 12:53:37.367,0.86044,0.86054,1.00,2.44
2017.08.11 12:53:37.674,0.86046,0.86056,1.00,1.52
2017.08.11 12:53:38.002,0.86048,0.86056,1.00,2.25
2017.08.11 12:53:38.105,0.86049,0.86057,1.00,1.12
2017.08.11 12:53:38.208,0.86051,0.8606,1.00,2.44
2017.08.11 12:53:38.657,0.86053,0.86062,1.00,1.87
2017.08.11 12:53:38.847,0.86054,0.86063,1.00,1.00
2017.08.11 12:53:39.003,0.86056,0.86063,1.00,1.00
2017.08.11 12:53:39.413,0.86054,0.86063,1.00,1.50
2017.08.11 12:53:39.954,0.86053,0.86063,1.00,1.31
2017.08.11 12:53:40.465,0.86053,0.86063,1.00,2.06
2017.08.11 12:53:42.107,0.86051,0.86062,1.00,1.19
2017.08.11 12:53:42.516,0.86051,0.86062,1.00,1.00
2017.08.11 12:53:42.669,0.86049,0.86061,1.50,1.00
2017.08.11 12:53:42.720,0.86051,0.86061,1.87,1.12
2017.08.11 12:53:42.924,0.86053,0.86065,1.87,1.12
2017.08.11 12:53:43.079,0.86051,0.86061,1.00,1.00
2017.08.11 12:53:43.388,0.86047,0.86056,1.12,1.00
2017.08.11 12:53:43.893,0.86046,0.86055,1.00,1.00
2017.08.11 12:53:44.414,0.86047,0.86055,1.00,1.00
2017.08.11 12:53:45.010,0.86049,0.86058,1.12,1.25
2017.08.11 12:53:45.061,0.86052,0.86059,1.00,1.25
2017.08.11 12:53:45.215,0.86049,0.86058,1.50,1.00
2017.08.11 12:53:45.368,0.86047,0.86056,1.00,1.00
2017.08.11 12:53:45.471,0.86047,0.86058,1.50,1.25
2017.08.11 12:53:45.778,0.86046,0.86054,1.50,1.00
2017.08.11 12:53:46.004,0.86043,0.86053,1.87,1.00
2017.08.11 12:53:46.525,0.86043,0.86054,1.12,1.00
2017.08.11 12:53:47.295,0.86043,0.86055,1.87,1.00
2017.08.11 12:53:47.398,0.86044,0.86053,1.50,1.00
2017.08.11 12:53:47.450,0.86044,0.86055,1.50,1.00
2017.08.11 12:53:47.960,0.86044,0.86054,1.50,1.00
2017.08.11 12:53:48.062,0.86046,0.86054,1.00,1.00
2017.08.11 12:53:48.410,0.86044,0.86054,1.50,1.00
2017.08.11 12:53:48.461,0.86046,0.86054,1.00,1.00
2017.08.11 12:53:48.564,0.86046,0.86056,1.37,1.25
2017.08.11 12:53:49.029,0.86046,0.86058,2.25,1.25
2017.08.11 12:53:49.131,0.8605,0.86058,1.00,1.25
2017.08.11 12:53:49.681,0.86044,0.8605,1.00,1.12
2017.08.11 12:53:49.887,0.86034,0.86042,1.00,1.19
2017.08.11 12:53:50.194,0.86032,0.86041,1.12,1.00
2017.08.11 12:53:50.246,0.86034,0.86041,1.00,1.69
2017.08.11 12:53:50.853,0.86032,0.86041,1.00,1.19
2017.08.11 12:53:51.141,0.86031,0.86038,1.00,1.19
2017.08.11 12:53:51.648,0.86032,0.86038,1.00,1.19
2017.08.11 12:53:51.699,0.86032,0.8604,1.00,1.25
2017.08.11 12:53:51.852,0.86032,0.8604,1.00,1.69
2017.08.11 12:53:52.439,0.86031,0.86039,1.00,2.06
2017.08.11 12:53:52.773,0.8603,0.86038,1.00,1.19
2017.08.11 12:53:53.478,0.86032,0.86038,1.00,2.06
2017.08.11 12:53:53.529,0.8603,0.86038,1.00,1.12
2017.08.11 12:53:53.632,0.86034,0.86041,1.00,2.25
2017.08.11 12:53:54.244,0.86035,0.86042,1.00,2.44
2017.08.11 12:53:55.004,0.86034,0.86042,1.00,1.69
2017.08.11 12:53:55.057,0.86032,0.86042,1.50,1.69
2017.08.11 12:53:55.202,0.86037,0.86043,1.00,1.00
2017.08.11 12:53:55.355,0.86037,0.86045,1.00,1.31
2017.08.11 12:53:55.560,0.8604,0.86047,1.00,1.31
2017.08.11 12:53:56.069,0.8604,0.86048,1.00,3.19
2017.08.11 12:53:56.379,0.86043,0.8605,1.00,1.19
2017.08.11 12:53:56.686,0.86046,0.86053,1.00,1.69
2017.08.11 12:53:57.026,0.86049,0.86055,1.00,1.19
2017.08.11 12:53:57.079,0.86047,0.86055,1.00,1.19
2017.08.11 12:53:57.436,0.86045,0.86052,1.00,1.00
2017.08.11 12:53:57.846,0.86047,0.86054,1.00,3.56
2017.08.11 12:53:58.035,0.86045,0.86054,1.00,1.19
2017.08.11 12:53:58.401,0.86049,0.86056,1.00,1.25
2017.08.11 12:53:58.710,0.8605,0.86058,1.00,1.69
2017.08.11 12:53:59.531,0.86052,0.86059,1.00,2.06
2017.08.11 12:54:00.042,0.86051,0.86059,1.00,1.19
2017.08.11 12:54:00.498,0.8605,0.86057,1.00,1.37
2017.08.11 12:54:00.654,0.86047,0.86054,1.00,1.35
2017.08.11 12:54:00.706,0.86044,0.86052,1.00,1.12
2017.08.11 12:54:00.811,0.86044,0.86049,1.00,1.12
2017.08.11 12:54:01.344,0.86045,0.86054,1.00,2.81
2017.08.11 12:54:01.757,0.86042,0.86051,1.00,1.19
2017.08.11 12:54:02.654,0.8604,0.86049,1.00,1.62
2017.08.11 12:54:02.961,0.86037,0.86044,1.00,1.87
2017.08.11 12:54:03.114,0.86037,0.86047,1.00,1.12
2017.08.11 12:54:03.648,0.86038,0.86046,1.00,1.00
2017.08.11 12:54:04.283,0.86038,0.86047,1.00,2.62
2017.08.11 12:54:04.386,0.8604,0.86047,1.00,1.00
2017.08.11 12:54:04.440,0.86039,0.86049,1.00,3.75
2017.08.11 12:54:04.491,0.86041,0.86049,1.00,3.56
2017.08.11 12:54:04.543,0.86039,0.86048,1.00,2.44
2017.08.11 12:54:04.672,0.86039,0.86048,1.00,1.19
2017.08.11 12:54:05.238,0.86042,0.86049,1.00,2.06
2017.08.11 12:54:05.587,0.86041,0.86047,1.00,1.37
2017.08.11 12:54:05.741,0.86038,0.86045,1.00,1.37
2017.08.11 12:54:05.895,0.86036,0.86045,1.00,1.37
2017.08.11 12:54:06.255,0.8604,0.86045,1.00,1.37
2017.08.11 12:54:06.599,0.86042,0.86048,1.00,1.50
2017.08.11 12:54:06.651,0.86041,0.86049,1.00,1.31
2017.08.11 12:54:06.908,0.86044,0.86049,1.00,1.37
2017.08.11 12:54:07.458,0.86043,0.86049,1.00,1.37
2017.08.11 12:54:07.982,0.86042,0.86049,1.00,1.00
2017.08.11 12:54:08.668,0.86041,0.86049,1.00,1.00
2017.08.11 12:54:08.976,0.86041,0.86049,1.00,1.12
2017.08.11 12:54:09.661,0.86044,0.86052,1.00,1.62
2017.08.11 12:54:09.818,0.86044,0.86049,1.00,1.00
2017.08.11 12:54:09.870,0.86041,0.86049,1.00,1.25
2017.08.11 12:54:09.921,0.86043,0.86049,1.00,1.00
2017.08.11 12:54:10.235,0.86045,0.86051,1.00,1.00
2017.08.11 12:54:10.786,0.86045,0.86053,1.00,1.37
2017.08.11 12:54:12.069,0.86046,0.86054,1.00,2.06
2017.08.11 12:54:12.605,0.86047,0.86054,1.00,1.87
2017.08.11 12:54:13.811,0.86044,0.86053,1.00,1.12
2017.08.11 12:54:14.321,0.86044,0.86052,1.00,1.00
2017.08.11 12:54:14.775,0.86042,0.86051,1.00,1.00
2017.08.11 12:54:14.827,0.86042,0.86048,1.00,1.00
2017.08.11 12:54:15.133,0.86044,0.86049,1.00,1.00
2017.08.11 12:54:15.185,0.86044,0.86051,1.00,1.00
2017.08.11 12:54:15.288,0.86039,0.86046,1.50,1.00
2017.08.11 12:54:15.339,0.86039,0.86049,1.00,1.00
2017.08.11 12:54:15.391,0.86041,0.8605,1.00,1.50
2017.08.11 12:54:15.778,0.86044,0.86049,1.00,1.00
2017.08.11 12:54:15.882,0.86042,0.86049,1.00,1.00
2017.08.11 12:54:15.936,0.86042,0.86047,1.00,1.00
2017.08.11 12:54:16.038,0.86039,0.86047,1.12,1.00
2017.08.11 12:54:16.509,0.86042,0.86047,1.00,1.00
2017.08.11 12:54:16.611,0.86042,0.86049,1.00,1.00
2017.08.11 12:54:18.106,0.8604,0.86048,1.12,1.00
2017.08.11 12:54:18.755,0.86041,0.86048,1.00,1.00
2017.08.11 12:54:19.639,0.8604,0.86048,1.00,1.00
2017.08.11 12:54:19.741,0.8604,0.86046,1.00,1.00
2017.08.11 12:54:20.276,0.86037,0.86045,2.62,1.00
2017.08.11 12:54:20.434,0.86041,0.86048,1.12,1.00
2017.08.11 12:54:20.588,0.86041,0.8605,1.12,1.00
2017.08.11 12:54:21.100,0.86042,0.8605,1.00,1.00
2017.08.11 12:54:21.545,0.86042,0.86048,1.00,1.00
2017.08.11 12:54:22.080,0.86042,0.86049,1.00,1.00
2017.08.11 12:54:22.182,0.8604,0.86048,1.00,1.00
2017.08.11 12:54:22.598,0.86038,0.86047,1.87,1.00
2017.08.11 12:54:22.918,0.86037,0.86045,1.12,1.00
2017.08.11 12:54:23.262,0.86033,0.8604,1.50,1.00
2017.08.11 12:54:23.314,0.86034,0.86042,1.00,1.00
2017.08.11 12:54:23.748,0.86036,0.86042,1.00,1.00
2017.08.11 12:54:24.940,0.86034,0.86042,1.00,1.00
2017.08.11 12:54:25.094,0.86036,0.86043,1.00,1.00
2017.08.11 12:54:25.453,0.86034,0.86043,1.00,1.00
2017.08.11 12:54:25.505,0.86035,0.86044,1.37,1.00
2017.08.11 12:54:26.017,0.86037,0.86043,1.00,1.00
2017.08.11 12:54:26.195,0.86035,0.86042,1.00,1.00
2017.08.11 12:54:26.298,0.86037,0.86044,1.00,1.19
2017.08.11 12:54:27.650,0.86037,0.86044,1.00,1.00
2017.08.11 12:54:28.008,0.86036,0.86042,1.00,1.00
2017.08.11 12:54:28.557,0.86036,0.86044,1.00,1.00
2017.08.11 12:54:29.128,0.86036,0.86043,1.00,1.00
2017.08.11 12:54:29.231,0.86038,0.86044,1.00,1.00
2017.08.11 12:54:29.741,0.86038,0.86045,1.00,1.00
2017.08.11 12:54:29.793,0.86035,0.86044,1.00,1.00
2017.08.11 12:54:30.099,0.86038,0.86044,1.00,1.00
2017.08.11 12:54:30.304,0.86036,0.86043,1.00,1.00
2017.08.11 12:54:30.657,0.86038,0.86042,1.00,1.00
2017.08.11 12:54:30.760,0.86038,0.86044,1.00,1.00
2017.08.11 12:54:30.965,0.86036,0.86043,1.00,1.00
2017.08.11 12:54:31.324,0.86034,0.86043,1.00,1.00
2017.08.11 12:54:31.705,0.86036,0.86044,1.00,1.00
2017.08.11 12:54:32.069,0.86037,0.86046,1.00,1.25
2017.08.11 12:54:32.765,0.86036,0.86045,1.00,1.00
2017.08.11 12:54:33.349,0.86038,0.86045,1.00,1.00
2017.08.11 12:54:33.750,0.86039,0.86047,1.00,1.00
2017.08.11 12:54:33.802,0.86036,0.86045,1.00,1.00
2017.08.11 12:54:34.114,0.86033,0.86043,1.12,1.00
2017.08.11 12:54:34.369,0.86038,0.86046,1.00,1.19
2017.08.11 12:54:34.472,0.86036,0.86046,1.00,1.69
2017.08.11 12:54:34.971,0.86034,0.86046,1.50,1.19
2017.08.11 12:54:35.074,0.86034,0.86046,1.50,1.69
2017.08.11 12:54:36.670,0.86035,0.86045,1.00,1.19
2017.08.11 12:54:36.773,0.86037,0.86046,1.00,1.25
2017.08.11 12:54:36.986,0.86035,0.86043,1.00,1.00
2017.08.11 12:54:37.537,0.86035,0.86043,1.00,1.19
2017.08.11 12:54:37.639,0.86031,0.86042,1.00,2.06
2017.08.11 12:54:37.691,0.86031,0.8604,1.00,1.19
2017.08.11 12:54:37.743,0.86028,0.86039,1.87,1.25
2017.08.11 12:54:37.795,0.86034,0.86043,1.00,2.06
2017.08.11 12:54:38.112,0.86029,0.86039,1.00,1.19
2017.08.11 12:54:38.908,0.86028,0.86038,1.50,1.25
2017.08.11 12:54:39.214,0.8603,0.86039,1.00,1.19
2017.08.11 12:54:39.774,0.8603,0.86037,1.00,1.00
2017.08.11 12:54:39.928,0.8603,0.86039,1.00,1.00
2017.08.11 12:54:40.073,0.86031,0.8604,1.00,1.69
2017.08.11 12:54:40.177,0.86031,0.86041,1.00,1.19
2017.08.11 12:54:40.705,0.86031,0.86042,1.00,1.19
2017.08.11 12:54:41.351,0.86032,0.86043,1.00,1.69
2017.08.11 12:54:41.403,0.86031,0.86042,1.50,1.69
2017.08.11 12:54:41.506,0.86029,0.86041,1.87,1.69
2017.08.11 12:54:42.021,0.86029,0.8604,1.00,3.56
2017.08.11 12:54:42.551,0.86029,0.8604,1.50,1.19
2017.08.11 12:54:42.654,0.86032,0.8604,1.00,1.19
2017.08.11 12:54:43.065,0.86029,0.86039,1.50,1.69
2017.08.11 12:54:43.542,0.8603,0.86041,1.00,2.44
2017.08.11 12:54:44.084,0.86031,0.86041,1.50,1.31
2017.08.11 12:54:44.635,0.86035,0.86042,1.00,1.25
2017.08.11 12:54:45.146,0.86034,0.86043,1.00,1.25
2017.08.11 12:54:45.250,0.86035,0.86045,1.00,1.00
2017.08.11 12:54:45.456,0.86038,0.86047,1.00,1.69
2017.08.11 12:54:45.982,0.86037,0.86048,1.12,1.69
2017.08.11 12:54:48.284,0.86036,0.86048,1.50,2.44
2017.08.11 12:54:48.591,0.8604,0.86048,1.00,1.69
2017.08.11 12:54:48.999,0.8604,0.86048,1.00,1.69
2017.08.11 12:54:49.254,0.86038,0.86046,1.00,1.19
2017.08.11 12:54:49.305,0.86038,0.86047,1.00,2.44
2017.08.11 12:54:49.564,0.86041,0.86047,1.00,1.69
2017.08.11 12:54:50.438,0.86042,0.86048,1.00,1.19
2017.08.11 12:54:50.643,0.86039,0.86046,1.00,1.50
2017.08.11 12:54:51.183,0.86038,0.86046,1.00,2.44
2017.08.11 12:54:51.694,0.86037,0.86045,1.00,1.69
2017.08.11 12:54:52.273,0.8604,0.86045,1.00,1.69
2017.08.11 12:54:52.844,0.8604,0.86048,1.00,1.19
2017.08.11 12:54:53.367,0.8604,0.86048,1.00,1.19
2017.08.11 12:54:55.127,0.8604,0.86046,1.00,1.50
2017.08.11 12:54:55.546,0.86038,0.86046,1.00,1.50
2017.08.11 12:54:56.295,0.86039,0.86048,1.00,1.19
2017.08.11 12:54:57.800,0.86041,0.86048,1.00,1.69
2017.08.11 12:54:58.378,0.86039,0.86048,1.00,1.69
2017.08.11 12:54:58.736,0.86039,0.86047,1.12,1.19
2017.08.11 12:54:58.839,0.86039,0.86048,1.00,1.19
2017.08.11 12:54:59.020,0.86038,0.86045,1.87,1.56
2017.08.11 12:54:59.073,0.86031,0.8604,2.25,1.00
2017.08.11 12:54:59.124,0.86031,0.8604,1.12,1.00
2017.08.11 12:54:59.689,0.86033,0.86041,1.00,1.00
2017.08.11 12:55:00.206,0.86036,0.86043,1.00,1.25
2017.08.11 12:55:00.924,0.86036,0.86044,1.00,1.00
2017.08.11 12:55:01.431,0.86035,0.86043,1.00,1.31
2017.08.11 12:55:02.214,0.86035,0.86043,1.00,1.69
2017.08.11 12:55:02.470,0.86032,0.86042,1.12,1.25
2017.08.11 12:55:02.979,0.86033,0.86042,1.00,1.19
2017.08.11 12:55:06.003,0.86034,0.86043,1.00,1.31
2017.08.11 12:55:07.075,0.86035,0.86045,1.00,3.56
2017.08.11 12:55:07.238,0.86038,0.86047,1.00,2.06
2017.08.11 12:55:08.106,0.86037,0.86047,1.00,1.19
2017.08.11 12:55:08.468,0.86039,0.86048,1.00,1.69
2017.08.11 12:55:09.554,0.86039,0.8605,1.50,1.31
2017.08.11 12:55:10.860,0.86037,0.86046,1.00,1.00
2017.08.11 12:55:10.912,0.86037,0.86045,1.00,1.69
2017.08.11 12:55:11.079,0.86033,0.86043,1.12,1.00
2017.08.11 12:55:11.131,0.86031,0.8604,1.50,1.69
2017.08.11 12:55:11.183,0.86031,0.86042,1.87,1.69
2017.08.11 12:55:11.235,0.86034,0.86044,1.12,2.06
2017.08.11 12:55:11.289,0.86034,0.86045,1.00,1.69
2017.08.11 12:55:11.548,0.86036,0.86046,1.00,2.44
2017.08.11 12:55:11.754,0.86036,0.86046,1.00,3.19
2017.08.11 12:55:12.752,0.86037,0.86047,1.37,1.69
2017.08.11 12:55:13.268,0.86037,0.86048,1.12,1.69
2017.08.11 12:55:13.371,0.86039,0.86049,1.50,1.19
2017.08.11 12:55:13.958,0.86038,0.86048,2.25,1.69
2017.08.11 12:55:14.296,0.86038,0.86048,1.50,1.69
2017.08.11 12:55:14.731,0.8604,0.86049,1.00,2.44
2017.08.11 12:55:15.184,0.86038,0.86048,1.87,1.19
2017.08.11 12:55:15.545,0.86041,0.86049,1.00,2.44
2017.08.11 12:55:15.851,0.86044,0.86053,1.50,3.04
2017.08.11 12:55:16.210,0.86046,0.86055,1.00,2.06
2017.08.11 12:55:17.041,0.86046,0.86056,1.00,4.69
2017.08.11 12:55:17.571,0.86046,0.86056,1.00,4.69
2017.08.11 12:55:17.792,0.86046,0.86057,1.00,6.19
2017.08.11 12:55:18.329,0.86045,0.86056,1.00,2.81
2017.08.11 12:55:18.717,0.86044,0.86055,1.50,1.12
2017.08.11 12:55:19.025,0.86046,0.86055,1.00,1.00
2017.08.11 12:55:19.231,0.86051,0.86062,1.00,2.25
2017.08.11 12:55:19.529,0.86049,0.8606,1.00,2.25
2017.08.11 12:55:19.837,0.86047,0.86057,1.00,1.50
2017.08.11 12:55:20.338,0.86046,0.86057,1.50,1.50
2017.08.11 12:55:20.733,0.86048,0.86058,1.00,1.00
2017.08.11 12:55:21.093,0.86046,0.86057,1.00,1.00
2017.08.11 12:55:22.377,0.86045,0.86055,1.00,1.00
2017.08.11 12:55:22.689,0.86045,0.86053,1.00,1.00
2017.08.11 12:55:23.304,0.86044,0.86054,1.00,1.00
2017.08.11 12:55:23.999,0.86044,0.86053,1.00,1.00
2017.08.11 12:55:24.305,0.86041,0.86052,1.00,1.00
2017.08.11 12:55:24.885,0.86043,0.86052,1.00,1.00
2017.08.11 12:55:25.895,0.86043,0.86053,1.00,1.00
2017.08.11 12:55:26.404,0.86044,0.86053,1.00,1.00
2017.08.11 12:55:26.916,0.86043,0.86052,1.00,1.00
2017.08.11 12:55:27.222,0.86042,0.8605,1.12,1.00
2017.08.11 12:55:27.274,0.86042,0.86052,1.12,1.00
2017.08.11 12:55:27.326,0.86045,0.8605,1.00,1.00
2017.08.11 12:55:27.497,0.86047,0.86053,1.00,1.00
2017.08.11 12:55:27.548,0.86047,0.86055,1.00,1.00
2017.08.11 12:55:27.806,0.86049,0.86056,1.00,1.00
2017.08.11 12:55:27.859,0.86047,0.86055,1.00,1.00
2017.08.11 12:55:27.963,0.86051,0.86058,1.00,1.19
2017.08.11 12:55:28.374,0.86054,0.8606,1.00,1.19
2017.08.11 12:55:28.629,0.86052,0.86061,1.00,1.69
2017.08.11 12:55:28.835,0.86054,0.86061,1.00,1.19
2017.08.11 12:55:29.427,0.86054,0.86061,1.00,1.12
2017.08.11 12:55:30.299,0.86054,0.86062,1.00,1.69
2017.08.11 12:55:30.642,0.86056,0.86062,1.00,1.69
2017.08.11 12:55:31.242,0.86057,0.86064,1.00,1.00
2017.08.11 12:55:31.751,0.86057,0.86065,1.00,1.25
2017.08.11 12:55:32.289,0.86057,0.86064,1.00,1.00
2017.08.11 12:55:32.391,0.86055,0.86062,1.00,1.00
2017.08.11 12:55:32.493,0.86055,0.86064,1.00,1.25
2017.08.11 12:55:32.697,0.86055,0.86064,1.00,2.44
2017.08.11 12:55:32.901,0.86056,0.86065,1.00,1.25
2017.08.11 12:55:33.117,0.8606,0.86068,1.00,3.19
2017.08.11 12:55:33.855,0.8606,0.86069,1.00,3.19
2017.08.11 12:55:34.406,0.8606,0.86069,1.00,3.19
2017.08.11 12:55:34.933,0.86061,0.86068,1.00,1.19
2017.08.11 12:55:35.443,0.86059,0.86067,1.00,1.19
2017.08.11 12:55:35.699,0.86058,0.86066,1.00,3.56
2017.08.11 12:55:36.246,0.86057,0.86065,1.00,2.44
2017.08.11 12:55:36.569,0.86054,0.86064,1.00,1.25
2017.08.11 12:55:37.093,0.86054,0.86063,1.00,1.00
2017.08.11 12:55:37.304,0.86056,0.86065,1.50,1.25
2017.08.11 12:55:38.709,0.86055,0.86065,1.50,1.00
2017.08.11 12:55:39.237,0.86056,0.86066,1.00,1.25
2017.08.11 12:55:39.544,0.86058,0.86067,1.00,1.69
2017.08.11 12:55:40.052,0.86058,0.86065,1.00,1.00
2017.08.11 12:55:40.646,0.86055,0.86065,1.12,1.00
2017.08.11 12:55:40.850,0.86058,0.86064,1.00,1.00
2017.08.11 12:55:40.953,0.86058,0.86066,1.00,1.00
2017.08.11 12:55:41.199,0.86055,0.86065,2.25,1.00
2017.08.11 12:55:41.254,0.86055,0.86062,1.00,1.00
2017.08.11 12:55:41.408,0.86053,0.86062,1.00,1.00
2017.08.11 12:55:41.460,0.86051,0.8606,1.50,1.00
2017.08.11 12:55:41.967,0.86052,0.86059,1.00,1.00
2017.08.11 12:55:42.484,0.86051,0.8606,1.00,1.00
2017.08.11 12:55:42.832,0.8605,0.86058,1.12,1.00
2017.08.11 12:55:43.226,0.8605,0.86056,1.12,1.00
2017.08.11 12:55:43.799,0.86048,0.86056,1.12,1.00
2017.08.11 12:55:44.217,0.8605,0.8606,1.00,1.12
2017.08.11 12:55:44.268,0.86055,0.86061,1.00,1.00
2017.08.11 12:55:44.480,0.86057,0.86065,1.00,1.25
2017.08.11 12:55:45.396,0.86055,0.86067,1.50,2.44
2017.08.11 12:55:45.856,0.86053,0.86064,1.00,1.00
2017.08.11 12:55:45.959,0.86053,0.86063,1.00,2.25
2017.08.11 12:55:46.011,0.86051,0.86063,1.50,3.37
2017.08.11 12:55:46.276,0.8605,0.8606,1.00,2.44
2017.08.11 12:55:46.817,0.86046,0.86054,1.00,1.00
2017.08.11 12:55:47.021,0.86043,0.86052,2.62,1.00
2017.08.11 12:55:47.298,0.86045,0.86052,1.00,1.00
2017.08.11 12:55:47.401,0.86045,0.86054,1.00,1.25
2017.08.11 12:55:47.914,0.86044,0.86053,1.00,1.00
2017.08.11 12:55:48.708,0.86044,0.86054,1.50,1.12
2017.08.11 12:55:48.941,0.86047,0.86057,1.00,4.69
2017.08.11 12:55:49.366,0.86049,0.86056,1.00,1.00
2017.08.11 12:55:49.726,0.86047,0.86057,1.00,1.12
2017.08.11 12:55:50.230,0.86046,0.86057,1.00,1.50
2017.08.11 12:55:50.369,0.86044,0.86055,1.00,1.00
2017.08.11 12:55:50.685,0.86046,0.86056,1.00,1.00
2017.08.11 12:55:51.225,0.86046,0.86057,1.00,1.50
2017.08.11 12:55:52.151,0.86045,0.86056,1.00,1.00
2017.08.11 12:55:52.460,0.86042,0.86053,1.00,1.50
2017.08.11 12:55:52.513,0.86043,0.86054,1.00,2.25
2017.08.11 12:55:52.658,0.86044,0.86055,1.00,3.94
2017.08.11 12:55:52.710,0.86044,0.86055,2.25,3.19
2017.08.11 12:55:53.464,0.86043,0.86053,1.50,1.00
2017.08.11 12:55:53.516,0.86043,0.86051,1.00,1.25
2017.08.11 12:55:53.619,0.86039,0.8605,2.62,2.06
2017.08.11 12:55:53.825,0.86038,0.86047,1.00,1.25
2017.08.11 12:55:54.233,0.86036,0.86046,1.00,1.31
2017.08.11 12:55:54.643,0.86037,0.86044,1.00,1.00
2017.08.11 12:55:54.695,0.86035,0.86044,1.00,1.50
2017.08.11 12:55:54.747,0.86037,0.86043,1.00,2.25
2017.08.11 12:55:54.798,0.86035,0.86044,1.00,1.12
2017.08.11 12:55:55.474,0.86036,0.86046,1.50,3.00
2017.08.11 12:55:55.577,0.86037,0.86047,1.50,2.25
2017.08.11 12:55:55.731,0.86035,0.86045,1.00,1.00
2017.08.11 12:55:55.987,0.86036,0.86047,1.50,2.06
2017.08.11 12:55:56.142,0.86038,0.86048,1.00,1.50
2017.08.11 12:55:56.667,0.86041,0.86048,1.00,1.69
2017.08.11 12:55:57.335,0.86038,0.86046,1.00,2.25
2017.08.11 12:55:57.438,0.86036,0.86044,1.00,1.50
2017.08.11 12:55:57.745,0.86035,0.86041,1.00,1.50
2017.08.11 12:55:57.848,0.86036,0.86044,1.00,2.25
2017.08.11 12:55:58.374,0.86037,0.86046,1.00,1.50
2017.08.11 12:55:58.427,0.86039,0.86046,1.00,1.00
2017.08.11 12:55:58.685,0.86042,0.86051,1.00,3.00
2017.08.11 12:55:59.218,0.86043,0.8605,1.00,1.00
2017.08.11 12:55:59.809,0.86041,0.86049,1.00,1.12
2017.08.11 12:56:00.348,0.86052,0.86059,1.00,4.50
2017.08.11 12:56:00.401,0.86053,0.86061,1.00,1.00
2017.08.11 12:56:00.507,0.86055,0.86061,1.00,1.50
2017.08.11 12:56:00.663,0.86053,0.86061,1.00,1.00
2017.08.11 12:56:00.869,0.86051,0.86061,1.00,1.00
2017.08.11 12:56:01.385,0.86052,0.86061,1.00,1.00
2017.08.11 12:56:01.895,0.86052,0.86061,1.00,2.44
2017.08.11 12:56:02.391,0.86054,0.86062,1.00,1.25
2017.08.11 12:56:02.853,0.86057,0.86063,1.50,1.50
2017.08.11 12:56:02.957,0.8606,0.86068,1.00,2.81
2017.08.11 12:56:03.371,0.86062,0.86069,1.00,1.50
2017.08.11 12:56:03.477,0.86063,0.86073,1.00,2.44
2017.08.11 12:56:03.987,0.86062,0.86072,1.00,3.56
2017.08.11 12:56:04.090,0.8606,0.8607,1.00,2.25
2017.08.11 12:56:04.616,0.8606,0.8607,1.00,4.31
2017.08.11 12:56:05.142,0.86059,0.86069,1.00,1.69
2017.08.11 12:56:05.765,0.86061,0.86066,1.00,1.87
2017.08.11 12:56:05.817,0.86058,0.86067,1.00,1.50
2017.08.11 12:56:05.971,0.86058,0.86068,1.00,3.00
2017.08.11 12:56:06.334,0.86057,0.86066,1.00,1.00
2017.08.11 12:56:06.641,0.86055,0.86066,1.50,1.87
2017.08.11 12:56:06.692,0.86055,0.86063,1.00,1.50
2017.08.11 12:56:07.101,0.86057,0.86063,1.00,2.25
2017.08.11 12:56:07.153,0.86055,0.86063,1.00,2.25
2017.08.11 12:56:07.411,0.86053,0.86063,1.00,3.00
2017.08.11 12:56:07.463,0.86057,0.86063,1.00,1.00
2017.08.11 12:56:07.617,0.86056,0.86065,1.00,1.25
2017.08.11 12:56:08.134,0.86058,0.86066,1.00,1.00
2017.08.11 12:56:08.543,0.86057,0.86063,1.00,1.50
2017.08.11 12:56:08.595,0.86055,0.86064,1.00,1.69
2017.08.11 12:56:08.748,0.86057,0.86064,1.00,2.44
2017.08.11 12:56:09.103,0.86057,0.86067,1.00,2.81
2017.08.11 12:56:09.611,0.86057,0.86067,1.00,4.31
2017.08.11 12:56:09.714,0.86053,0.86065,2.25,1.19
2017.08.11 12:56:10.216,0.86054,0.86065,1.00,1.00
2017.08.11 12:56:10.882,0.86055,0.86065,1.00,1.00
2017.08.11 12:56:11.392,0.86055,0.86066,1.50,1.25
2017.08.11 12:56:11.820,0.86055,0.86063,1.00,1.00
2017.08.11 12:56:12.329,0.86054,0.86064,1.87,1.00
2017.08.11 12:56:12.659,0.86054,0.86062,1.87,1.00
2017.08.11 12:56:13.341,0.86055,0.86063,1.12,1.00
2017.08.11 12:56:13.856,0.86055,0.86065,1.00,1.00
2017.08.11 12:56:14.420,0.86055,0.86064,1.00,1.00
2017.08.11 12:56:15.007,0.86055,0.86065,1.00,1.00
2017.08.11 12:56:15.597,0.86054,0.86065,2.62,1.00
2017.08.11 12:56:15.699,0.86055,0.86067,1.50,2.25
2017.08.11 12:56:16.177,0.86056,0.86068,3.75,1.69
2017.08.11 12:56:16.708,0.86057,0.86068,2.62,1.19
2017.08.11 12:56:17.334,0.86059,0.8607,1.00,1.31
2017.08.11 12:56:18.475,0.86057,0.86069,4.12,1.69
2017.08.11 12:56:19.446,0.86059,0.86069,1.00,2.06
2017.08.11 12:56:19.803,0.86058,0.8607,1.50,2.44
2017.08.11 12:56:20.014,0.86059,0.86068,1.00,1.00
2017.08.11 12:56:20.320,0.86061,0.8607,1.00,1.50
2017.08.11 12:56:20.910,0.86062,0.86068,1.00,1.50
2017.08.11 12:56:21.727,0.86059,0.86069,1.50,2.44
2017.08.11 12:56:22.245,0.86059,0.86069,1.00,2.25
2017.08.11 12:56:22.842,0.86061,0.86071,1.00,1.00
2017.08.11 12:56:23.150,0.86063,0.86073,1.37,3.94
2017.08.11 12:56:23.472,0.86063,0.86072,1.00,1.19
2017.08.11 12:56:24.086,0.86062,0.86072,1.00,1.19
2017.08.11 12:56:24.598,0.86065,0.86074,1.00,1.25
2017.08.11 12:56:24.954,0.86066,0.86076,1.50,1.69
2017.08.11 12:56:25.210,0.86068,0.86078,1.00,1.69
2017.08.11 12:56:25.261,0.86068,0.86078,1.50,1.31
2017.08.11 12:56:25.774,0.86069,0.86079,1.00,1.69
2017.08.11 12:56:25.928,0.8607,0.8608,1.00,1.69
2017.08.11 12:56:26.728,0.86069,0.8608,1.00,2.44
2017.08.11 12:56:27.014,0.86067,0.86078,1.87,1.19
2017.08.11 12:56:27.321,0.86069,0.86078,1.00,1.19
2017.08.11 12:56:27.839,0.86069,0.86077,1.00,1.69
2017.08.11 12:56:28.348,0.86069,0.86076,1.00,1.19
2017.08.11 12:56:29.274,0.86067,0.86077,1.00,3.56
2017.08.11 12:56:29.784,0.86068,0.86076,1.00,1.50
2017.08.11 12:56:30.310,0.86069,0.86077,1.00,2.06
2017.08.11 12:56:30.967,0.86069,0.86076,1.00,1.00
2017.08.11 12:56:31.178,0.86067,0.86077,1.00,2.06
2017.08.11 12:56:31.905,0.86066,0.86076,1.00,1.00
2017.08.11 12:56:32.366,0.86064,0.86074,2.25,1.00
2017.08.11 12:56:32.698,0.86063,0.86072,1.00,1.25
2017.08.11 12:56:33.358,0.86061,0.86072,1.12,1.25
2017.08.11 12:56:33.527,0.86059,0.8607,2.62,2.44
2017.08.11 12:56:33.834,0.86058,0.86067,1.00,1.00
2017.08.11 12:56:34.099,0.86056,0.86066,1.00,1.25
2017.08.11 12:56:34.253,0.86058,0.86065,1.00,1.00
2017.08.11 12:56:34.407,0.86058,0.86067,1.00,1.25
2017.08.11 12:56:34.541,0.86058,0.86065,1.00,1.00
2017.08.11 12:56:34.594,0.86056,0.86064,1.00,1.00
2017.08.11 12:56:34.645,0.86054,0.86065,2.25,1.00
2017.08.11 12:56:34.799,0.86053,0.86064,1.87,2.44
2017.08.11 12:56:35.370,0.86051,0.86063,3.37,1.25
2017.08.11 12:56:36.038,0.86051,0.8606,2.62,1.00
2017.08.11 12:56:36.586,0.86052,0.8606,1.00,1.00
2017.08.11 12:56:37.243,0.86053,0.8606,1.50,1.00
2017.08.11 12:56:37.295,0.86055,0.86064,2.25,1.50
2017.08.11 12:56:37.480,0.86058,0.86064,4.87,1.00
2017.08.11 12:56:37.634,0.86064,0.86071,1.00,2.06
2017.08.11 12:56:37.787,0.86065,0.86073,1.00,1.25
2017.08.11 12:56:37.838,0.86067,0.86075,1.00,1.69
2017.08.11 12:56:38.179,0.8607,0.86077,1.00,5.25
2017.08.11 12:56:38.691,0.86069,0.86077,1.00,1.00
2017.08.11 12:56:39.010,0.86069,0.86075,1.00,1.50
2017.08.11 12:56:39.521,0.86068,0.86075,1.00,1.00
2017.08.11 12:56:40.053,0.86067,0.86076,1.00,2.25
2017.08.11 12:56:40.360,0.86065,0.86074,1.00,1.31
2017.08.11 12:56:40.940,0.86064,0.86072,1.00,1.87
2017.08.11 12:56:41.094,0.86062,0.86071,1.00,1.25
2017.08.11 12:56:41.299,0.86064,0.86072,1.00,1.31
2017.08.11 12:56:41.847,0.86065,0.86072,1.00,2.81
2017.08.11 12:56:42.407,0.86066,0.86072,1.00,1.12
2017.08.11 12:56:42.859,0.86063,0.86072,1.00,2.62
2017.08.11 12:56:43.404,0.86065,0.86073,1.00,1.00
2017.08.11 12:56:43.507,0.86068,0.86078,1.00,3.94
2017.08.11 12:56:43.609,0.86071,0.86078,1.00,1.50
2017.08.11 12:56:44.141,0.86071,0.86077,1.00,1.50
2017.08.11 12:56:44.703,0.8607,0.86078,1.00,1.50
2017.08.11 12:56:45.099,0.86068,0.86078,1.00,1.69
2017.08.11 12:56:45.153,0.86068,0.86077,1.00,1.19
2017.08.11 12:56:45.410,0.86074,0.86084,1.00,3.19
2017.08.11 12:56:45.953,0.86075,0.86083,1.00,1.50
2017.08.11 12:56:46.412,0.86072,0.86083,1.00,3.56
2017.08.11 12:56:46.919,0.86072,0.8608,1.00,1.50
2017.08.11 12:56:47.021,0.8607,0.86079,1.00,1.00
2017.08.11 12:56:47.226,0.86069,0.86077,1.00,1.00
2017.08.11 12:56:47.592,0.86067,0.86074,1.00,1.00
2017.08.11 12:56:47.797,0.86068,0.86078,1.00,2.25
2017.08.11 12:56:47.848,0.86068,0.86075,1.00,1.50
2017.08.11 12:56:48.001,0.86069,0.86078,1.00,2.25
2017.08.11 12:56:48.053,0.86068,0.86075,1.00,1.69
2017.08.11 12:56:48.345,0.86069,0.86078,1.00,2.81
2017.08.11 12:56:48.874,0.86069,0.86078,1.00,2.81
2017.08.11 12:56:49.067,0.86068,0.86074,1.00,1.50
2017.08.11 12:56:49.613,0.86068,0.86075,1.00,1.50
2017.08.11 12:56:50.501,0.86068,0.86075,1.00,1.69
2017.08.11 12:56:51.054,0.86069,0.86074,1.00,1.50
2017.08.11 12:56:51.514,0.86067,0.86075,1.00,1.69
2017.08.11 12:56:52.140,0.86068,0.86074,1.00,1.50
2017.08.11 12:56:53.174,0.86066,0.86073,1.00,1.00
2017.08.11 12:56:53.278,0.86064,0.86073,1.00,2.25
2017.08.11 12:56:53.785,0.86063,0.86073,1.00,1.25
2017.08.11 12:56:54.205,0.8606,0.86069,1.12,1.00
2017.08.11 12:56:54.693,0.86061,0.86071,1.00,1.00
2017.08.11 12:56:55.000,0.86058,0.86067,4.12,1.00
2017.08.11 12:56:55.103,0.86058,0.86069,3.00,1.50
2017.08.11 12:56:55.154,0.86058,0.86067,4.50,1.00
2017.08.11 12:56:55.466,0.86057,0.86066,1.50,1.00
2017.08.11 12:56:55.731,0.86055,0.86064,1.50,1.00
2017.08.11 12:56:55.885,0.86054,0.86063,1.12,1.00
2017.08.11 12:56:55.987,0.86052,0.86063,1.50,1.00
2017.08.11 12:56:56.294,0.86054,0.86063,1.00,1.00
2017.08.11 12:56:56.689,0.86054,0.86066,1.87,3.00
2017.08.11 12:56:56.740,0.86056,0.86067,1.00,2.25
2017.08.11 12:56:56.842,0.86056,0.86069,1.00,2.62
2017.08.11 12:56:57.046,0.86055,0.86066,3.00,1.00
2017.08.11 12:56:57.368,0.86056,0.86068,1.87,1.69
2017.08.11 12:56:57.674,0.8606,0.86071,1.00,1.19
2017.08.11 12:56:58.092,0.86058,0.86065,1.00,2.06
2017.08.11 12:56:58.143,0.86055,0.86066,1.00,2.44
2017.08.11 12:56:58.552,0.86056,0.86062,1.00,1.50
2017.08.11 12:56:58.957,0.86057,0.86066,1.00,4.69
2017.08.11 12:56:59.161,0.86054,0.86065,1.00,2.81
2017.08.11 12:56:59.467,0.86054,0.86062,1.00,1.50
2017.08.11 12:56:59.988,0.86053,0.86063,1.00,1.69
2017.08.11 12:57:00.296,0.86051,0.86062,1.12,1.69
2017.08.11 12:57:00.754,0.86053,0.86062,1.00,1.19
2017.08.11 12:57:01.116,0.86053,0.86058,1.00,1.00
2017.08.11 12:57:01.373,0.86054,0.8606,1.00,1.69
2017.08.11 12:57:01.952,0.86054,0.86059,1.00,1.69
2017.08.11 12:57:02.308,0.86052,0.86059,1.00,1.50
2017.08.11 12:57:03.013,0.86048,0.86056,1.00,1.00
2017.08.11 12:57:03.116,0.86046,0.86055,1.00,1.12
2017.08.11 12:57:04.110,0.86046,0.86056,1.00,2.62
2017.08.11 12:57:04.621,0.86047,0.86057,1.00,5.06
2017.08.11 12:57:05.338,0.86045,0.86056,1.00,1.12
2017.08.11 12:57:05.697,0.86048,0.86059,1.00,5.25
2017.08.11 12:57:05.749,0.86049,0.86059,1.00,5.25
2017.08.11 12:57:06.264,0.86049,0.86059,1.00,3.56
2017.08.11 12:57:06.983,0.86049,0.86057,1.00,1.50
2017.08.11 12:57:07.367,0.86047,0.86057,1.00,4.12
2017.08.11 12:57:07.419,0.86045,0.86056,1.00,1.12
2017.08.11 12:57:07.726,0.86046,0.86054,1.00,1.00
2017.08.11 12:57:08.227,0.86046,0.86055,1.00,1.12
2017.08.11 12:57:08.818,0.86045,0.86055,1.00,1.12
2017.08.11 12:57:09.730,0.86045,0.86056,1.50,1.69
2017.08.11 12:57:10.251,0.86046,0.86057,1.50,2.06
2017.08.11 12:57:10.765,0.86046,0.86057,1.50,2.06
2017.08.11 12:57:11.163,0.86048,0.86057,1.00,2.81
2017.08.11 12:57:11.952,0.86049,0.86057,1.00,2.06
2017.08.11 12:57:13.630,0.86048,0.86057,1.00,2.81
2017.08.11 12:57:14.175,0.86047,0.86056,1.00,1.69
2017.08.11 12:57:14.734,0.86048,0.86057,1.00,3.56
2017.08.11 12:57:15.633,0.86048,0.86057,1.00,3.19
2017.08.11 12:57:16.305,0.86048,0.86057,1.00,2.44
2017.08.11 12:57:16.940,0.86049,0.86056,1.00,1.50
2017.08.11 12:57:17.797,0.86049,0.86058,1.00,2.06
2017.08.11 12:57:19.052,0.86048,0.86057,1.00,2.06
2017.08.11 12:57:19.368,0.8605,0.86057,1.00,1.31
2017.08.11 12:57:19.470,0.86051,0.86059,1.00,3.75
2017.08.11 12:57:19.576,0.86054,0.8606,1.00,1.50
2017.08.11 12:57:19.934,0.86054,0.86062,1.00,1.50
2017.08.11 12:57:20.478,0.86054,0.86063,1.00,2.25
2017.08.11 12:57:21.780,0.86055,0.86063,1.00,2.25
2017.08.11 12:57:21.983,0.86055,0.86066,1.00,5.06
2017.08.11 12:57:22.035,0.86055,0.86063,1.00,1.00
2017.08.11 12:57:22.087,0.86053,0.86063,1.00,2.25
2017.08.11 12:57:22.139,0.86053,0.86061,1.00,1.00
2017.08.11 12:57:22.518,0.86048,0.86054,1.00,1.00
2017.08.11 12:57:22.805,0.86049,0.86058,1.00,2.62
2017.08.11 12:57:23.010,0.86049,0.86055,1.00,1.50
2017.08.11 12:57:23.792,0.86048,0.86054,1.00,1.50
2017.08.11 12:57:24.326,0.86048,0.86055,1.00,1.50
2017.08.11 12:57:24.854,0.86047,0.86054,1.00,1.00
2017.08.11 12:57:26.579,0.86047,0.86055,1.00,2.25
2017.08.11 12:57:29.319,0.86048,0.86055,1.00,2.25
2017.08.11 12:57:29.524,0.86049,0.86057,1.00,1.00
2017.08.11 12:57:29.678,0.86047,0.86056,1.00,1.00
2017.08.11 12:57:30.158,0.86045,0.86053,1.87,1.50
2017.08.11 12:57:30.262,0.86044,0.86053,1.00,3.00
2017.08.11 12:57:30.365,0.86042,0.86051,1.00,2.06
2017.08.11 12:57:30.713,0.86037,0.86047,1.00,1.50
2017.08.11 12:57:30.979,0.86037,0.86045,1.00,1.00
2017.08.11 12:57:31.081,0.86037,0.86047,1.00,1.50
2017.08.11 12:57:31.289,0.86039,0.86047,1.00,1.50
2017.08.11 12:57:31.800,0.86039,0.86046,1.00,1.00
2017.08.11 12:57:32.223,0.86042,0.8605,1.50,1.00
2017.08.11 12:57:32.326,0.86045,0.86051,1.00,1.50
2017.08.11 12:57:32.496,0.86045,0.86054,1.00,2.25
2017.08.11 12:57:32.650,0.86046,0.86051,1.00,1.00
2017.08.11 12:57:32.702,0.86043,0.86051,1.00,1.12
2017.08.11 12:57:33.321,0.86045,0.86053,1.00,1.00
2017.08.11 12:57:33.831,0.86045,0.86054,1.00,1.12
2017.08.11 12:57:34.408,0.86046,0.86055,1.00,1.87
2017.08.11 12:57:34.733,0.86046,0.86052,1.00,1.00
2017.08.11 12:57:34.837,0.86044,0.86052,1.00,2.62
2017.08.11 12:57:35.380,0.86043,0.86053,1.00,3.19
2017.08.11 12:57:36.827,0.86044,0.86052,1.00,1.87
2017.08.11 12:57:37.133,0.86042,0.86051,1.00,1.00
2017.08.11 12:57:37.287,0.86046,0.86051,1.00,1.00
2017.08.11 12:57:37.428,0.86042,0.86048,1.00,1.00
2017.08.11 12:57:37.838,0.86041,0.86046,1.00,1.50
2017.08.11 12:57:37.991,0.86039,0.86047,1.00,2.25
2017.08.11 12:57:39.856,0.86038,0.86046,1.00,1.00
2017.08.11 12:57:40.398,0.86037,0.86043,1.00,1.00
2017.08.11 12:57:40.551,0.86035,0.86044,1.00,2.81
2017.08.11 12:57:40.755,0.86038,0.86046,1.00,2.81
2017.08.11 12:57:40.858,0.86039,0.86047,1.00,1.00
2017.08.11 12:57:41.011,0.86042,0.86047,1.00,1.50
2017.08.11 12:57:41.062,0.8604,0.86047,1.00,1.50
2017.08.11 12:57:41.576,0.8604,0.86048,1.00,2.25
2017.08.11 12:57:41.947,0.86042,0.86049,1.00,1.00
2017.08.11 12:57:42.471,0.86041,0.86046,1.00,1.00
2017.08.11 12:57:42.522,0.86039,0.86046,1.00,1.00
2017.08.11 12:57:42.574,0.86041,0.86048,1.00,1.50
2017.08.11 12:57:43.086,0.86042,0.86049,1.00,1.00
2017.08.11 12:57:43.813,0.86041,0.86047,1.00,1.00
2017.08.11 12:57:44.019,0.86042,0.86051,1.00,1.50
2017.08.11 12:57:44.122,0.86044,0.86054,1.00,3.94
2017.08.11 12:57:44.273,0.86047,0.86057,1.00,3.37
2017.08.11 12:57:44.584,0.86049,0.86057,1.00,2.25
2017.08.11 12:57:44.738,0.86046,0.86057,1.50,1.00
2017.08.11 12:57:44.994,0.86043,0.86054,3.00,1.31
2017.08.11 12:57:45.165,0.86042,0.86052,1.00,1.00
2017.08.11 12:57:45.268,0.86047,0.86056,1.87,1.12
2017.08.11 12:57:45.422,0.86049,0.8606,1.50,2.06
2017.08.11 12:57:45.931,0.8605,0.86058,1.00,1.00
2017.08.11 12:57:47.639,0.86049,0.86058,1.00,1.00
2017.08.11 12:57:48.397,0.86049,0.86059,1.00,1.12
2017.08.11 12:57:49.395,0.86048,0.86058,1.00,1.00
2017.08.11 12:57:49.987,0.8605,0.86058,1.00,1.00
2017.08.11 12:57:50.510,0.86051,0.8606,1.00,1.87
2017.08.11 12:57:51.024,0.86052,0.86058,1.00,1.00
2017.08.11 12:57:51.077,0.86051,0.8606,1.00,1.50
2017.08.11 12:57:51.130,0.86051,0.86062,1.37,4.31
2017.08.11 12:57:51.693,0.86052,0.86061,1.00,1.00
2017.08.11 12:57:52.387,0.86053,0.8606,1.00,1.00
2017.08.11 12:57:52.558,0.86054,0.86062,1.12,1.50
2017.08.11 12:57:52.610,0.86052,0.8606,1.00,1.00
2017.08.11 12:57:52.915,0.86054,0.86062,1.00,1.50
2017.08.11 12:57:53.119,0.86055,0.86064,1.00,2.25
2017.08.11 12:57:53.513,0.86054,0.86062,1.00,1.00
2017.08.11 12:57:54.051,0.86054,0.86061,1.00,1.00
2017.08.11 12:57:54.624,0.86053,0.86061,1.00,1.12
2017.08.11 12:57:55.987,0.86052,0.8606,1.00,1.00
2017.08.11 12:57:56.497,0.86052,0.86061,1.00,1.12
2017.08.11 12:57:57.003,0.86053,0.86061,1.00,2.62
2017.08.11 12:57:58.935,0.86053,0.86062,1.00,1.00
2017.08.11 12:57:59.249,0.86056,0.86065,1.00,3.56
2017.08.11 12:57:59.758,0.86055,0.86063,1.00,1.00
2017.08.11 12:58:00.219,0.86057,0.86064,1.00,1.00
2017.08.11 12:58:00.727,0.86058,0.86065,1.00,2.25
2017.08.11 12:58:01.462,0.86057,0.86065,1.00,1.00
2017.08.11 12:58:01.939,0.86053,0.86064,1.00,1.00
2017.08.11 12:58:02.693,0.86052,0.86063,1.50,1.00
2017.08.11 12:58:02.995,0.86051,0.86061,2.62,1.00
2017.08.11 12:58:03.342,0.8605,0.86059,3.75,1.00
2017.08.11 12:58:03.708,0.8605,0.86059,1.00,1.00
2017.08.11 12:58:03.810,0.86048,0.86057,3.00,1.00
2017.08.11 12:58:04.270,0.86049,0.86056,1.87,1.00
2017.08.11 12:58:04.372,0.86048,0.86056,1.87,1.00
2017.08.11 12:58:04.475,0.86048,0.86057,3.37,1.00
2017.08.11 12:58:04.578,0.86046,0.86055,2.25,1.50
2017.08.11 12:58:04.734,0.86047,0.86053,1.00,1.00
2017.08.11 12:58:04.838,0.86045,0.86053,1.00,1.00
2017.08.11 12:58:05.366,0.86045,0.86052,1.00,1.00
2017.08.11 12:58:05.837,0.86042,0.8605,2.81,1.00
2017.08.11 12:58:06.399,0.86041,0.8605,3.19,1.00
2017.08.11 12:58:06.603,0.86041,0.8605,1.50,1.00
2017.08.11 12:58:06.655,0.86043,0.8605,1.87,1.00
2017.08.11 12:58:07.023,0.86041,0.8605,3.00,1.00
2017.08.11 12:58:07.177,0.86041,0.8605,1.12,1.00
2017.08.11 12:58:07.382,0.86041,0.86048,1.12,1.00
2017.08.11 12:58:07.637,0.86038,0.86047,1.31,1.00
2017.08.11 12:58:08.363,0.86038,0.86047,2.25,1.00
2017.08.11 12:58:08.611,0.86038,0.86047,1.00,1.00
2017.08.11 12:58:09.629,0.86037,0.86045,1.12,1.00
2017.08.11 12:58:09.885,0.86037,0.86047,1.50,1.00
2017.08.11 12:58:09.936,0.86037,0.86045,1.50,1.00
2017.08.11 12:58:10.451,0.86036,0.86045,1.87,1.50
2017.08.11 12:58:10.768,0.86038,0.86045,1.87,1.00
2017.08.11 12:58:11.379,0.86037,0.86044,1.00,1.00
2017.08.11 12:58:11.888,0.86035,0.86044,1.12,1.00
2017.08.11 12:58:11.940,0.86035,0.86044,3.00,1.00
2017.08.11 12:58:12.484,0.86037,0.86045,1.00,1.00
2017.08.11 12:58:13.015,0.86038,0.86046,1.12,1.00
2017.08.11 12:58:13.955,0.86038,0.86046,2.47,1.00
2017.08.11 12:58:14.555,0.86038,0.86045,1.87,1.00
2017.08.11 12:58:17.277,0.86038,0.86047,1.37,1.00
2017.08.11 12:58:17.482,0.86041,0.86049,1.00,1.00
2017.08.11 12:58:17.774,0.86043,0.86052,1.00,1.00
2017.08.11 12:58:17.826,0.86044,0.86052,2.62,1.00
2017.08.11 12:58:18.338,0.86045,0.86052,1.00,1.00
2017.08.11 12:58:19.009,0.86044,0.86053,3.75,1.00
2017.08.11 12:58:19.279,0.86043,0.86052,1.37,1.00
2017.08.11 12:58:19.330,0.86043,0.8605,1.37,1.00
2017.08.11 12:58:19.433,0.86041,0.86049,1.37,1.00
2017.08.11 12:58:19.536,0.86038,0.86047,2.25,1.00
2017.08.11 12:58:19.689,0.86036,0.86047,2.62,1.00
2017.08.11 12:58:20.188,0.86036,0.86045,1.87,1.00
2017.08.11 12:58:20.737,0.86035,0.86045,1.50,1.00
2017.08.11 12:58:21.368,0.86034,0.86044,1.87,1.00
2017.08.11 12:58:21.695,0.86035,0.86045,1.50,1.00
2017.08.11 12:58:22.550,0.86033,0.86044,1.75,1.50
2017.08.11 12:58:22.724,0.86033,0.86043,1.00,1.00
2017.08.11 12:58:22.979,0.86035,0.86044,1.00,1.50
2017.08.11 12:58:23.300,0.86036,0.86044,1.37,1.00
2017.08.11 12:58:24.090,0.86033,0.86041,1.50,1.00
2017.08.11 12:58:24.192,0.8603,0.8604,3.56,1.50
2017.08.11 12:58:24.789,0.86031,0.8604,1.37,1.00
2017.08.11 12:58:25.348,0.86031,0.86042,1.37,1.50
2017.08.11 12:58:26.297,0.8603,0.86039,1.00,1.00
2017.08.11 12:58:26.604,0.86027,0.86035,1.00,1.00
2017.08.11 12:58:27.159,0.86027,0.86036,1.00,1.00
2017.08.11 12:58:27.626,0.86028,0.86038,1.00,1.00
2017.08.11 12:58:28.103,0.86032,0.8604,1.00,1.69
2017.08.11 12:58:28.206,0.86034,0.86043,1.00,2.25
2017.08.11 12:58:28.358,0.86037,0.86046,1.00,1.37
2017.08.11 12:58:28.410,0.86037,0.86047,1.00,3.00
2017.08.11 12:58:28.996,0.86038,0.86047,1.00,1.50
2017.08.11 12:58:29.838,0.86038,0.86046,1.00,1.00
2017.08.11 12:58:30.496,0.86038,0.86047,1.00,1.50
2017.08.11 12:58:31.016,0.86039,0.86048,1.00,1.00
2017.08.11 12:58:31.530,0.86039,0.86049,1.00,1.12
2017.08.11 12:58:32.068,0.8604,0.86049,1.00,1.12
2017.08.11 12:58:33.118,0.8604,0.86048,1.00,1.00
2017.08.11 12:58:33.588,0.86038,0.86048,1.00,1.00
2017.08.11 12:58:34.203,0.86038,0.86047,1.00,1.00
2017.08.11 12:58:37.625,0.8604,0.86047,1.00,1.00
2017.08.11 12:58:37.984,0.86042,0.8605,1.00,1.00
2017.08.11 12:58:38.088,0.86045,0.86052,1.00,2.06
2017.08.11 12:58:38.140,0.86045,0.86052,1.00,1.69
2017.08.11 12:58:38.696,0.86045,0.86053,1.00,2.25
2017.08.11 12:58:39.257,0.86044,0.86053,1.00,2.25
2017.08.11 12:58:40.986,0.86044,0.86052,1.00,1.00
2017.08.11 12:58:41.525,0.86044,0.86051,1.00,1.00
2017.08.11 12:58:41.678,0.86042,0.86052,1.00,1.00
2017.08.11 12:58:42.656,0.86042,0.86051,1.00,1.00
2017.08.11 12:58:42.860,0.86043,0.86053,1.00,1.87
2017.08.11 12:58:42.912,0.86045,0.86053,1.00,1.12
2017.08.11 12:58:43.270,0.86047,0.86056,1.00,1.00
2017.08.11 12:58:43.485,0.86046,0.86053,1.00,1.50
2017.08.11 12:58:43.590,0.86043,0.86053,1.00,2.25
2017.08.11 12:58:43.746,0.86044,0.86051,1.00,1.00
2017.08.11 12:58:44.052,0.86042,0.86051,1.00,1.00
2017.08.11 12:58:44.612,0.86042,0.8605,1.00,1.00
2017.08.11 12:58:45.259,0.8604,0.86048,1.00,2.25
2017.08.11 12:58:45.515,0.86042,0.86051,1.00,1.31
2017.08.11 12:58:46.317,0.86044,0.86052,1.00,2.25
2017.08.11 12:58:46.419,0.86041,0.86052,1.12,1.50
2017.08.11 12:58:46.928,0.86041,0.86053,2.06,1.00
2017.08.11 12:58:47.438,0.86043,0.86053,1.12,1.00
2017.08.11 12:58:47.643,0.8604,0.86052,2.81,1.00
2017.08.11 12:58:47.849,0.8604,0.8605,1.00,1.00
2017.08.11 12:58:48.155,0.86038,0.86048,1.50,1.00
2017.08.11 12:58:48.686,0.86038,0.86049,1.00,1.00
2017.08.11 12:58:48.992,0.8604,0.86049,1.00,1.00
2017.08.11 12:58:49.298,0.86037,0.86045,1.00,1.00
2017.08.11 12:58:49.910,0.86036,0.86045,1.00,1.00
2017.08.11 12:58:50.267,0.86038,0.86044,1.00,1.00
2017.08.11 12:58:50.758,0.86036,0.86044,1.00,1.00
2017.08.11 12:58:51.518,0.86036,0.86043,1.00,1.00
2017.08.11 12:58:51.923,0.86037,0.86045,1.00,3.37
2017.08.11 12:58:52.280,0.86034,0.86043,1.00,1.00
2017.08.11 12:58:52.883,0.86033,0.86042,1.00,1.00
2017.08.11 12:58:53.393,0.86032,0.86042,1.00,1.00
2017.08.11 12:58:53.901,0.86031,0.8604,1.00,1.25
2017.08.11 12:58:54.247,0.86028,0.86036,1.00,1.69
2017.08.11 12:58:54.827,0.86028,0.86037,1.00,2.44
2017.08.11 12:58:55.110,0.86026,0.86037,1.00,1.87
2017.08.11 12:58:55.170,0.86028,0.86038,1.00,2.44
2017.08.11 12:58:55.687,0.86027,0.86037,1.00,1.00
2017.08.11 12:58:56.212,0.86028,0.86037,1.00,1.00
2017.08.11 12:58:56.314,0.86026,0.86036,1.00,1.87
2017.08.11 12:58:56.468,0.86024,0.86035,1.00,2.06
2017.08.11 12:58:56.776,0.86026,0.86037,2.06,1.00
2017.08.11 12:58:56.925,0.86028,0.86039,1.00,3.00
2017.08.11 12:58:57.233,0.86032,0.86038,1.00,1.50
2017.08.11 12:58:57.764,0.86032,0.86039,1.00,2.25
2017.08.11 12:58:58.201,0.8603,0.86038,1.00,1.00
2017.08.11 12:58:58.405,0.86028,0.86037,1.00,1.00
2017.08.11 12:58:59.073,0.86027,0.86037,1.00,1.00
2017.08.11 12:58:59.462,0.86028,0.86039,1.50,1.50
2017.08.11 12:58:59.892,0.8603,0.86038,1.00,1.50
2017.08.11 12:59:00.677,0.8603,0.86039,1.00,1.50
2017.08.11 12:59:00.989,0.8603,0.86037,1.00,1.00
2017.08.11 12:59:01.107,0.8603,0.86039,1.00,2.25
2017.08.11 12:59:01.625,0.86029,0.86039,1.00,2.25
2017.08.11 12:59:02.196,0.86029,0.86037,1.00,1.00
2017.08.11 12:59:02.785,0.86031,0.86038,1.00,1.00
2017.08.11 12:59:02.990,0.86031,0.8604,1.00,1.00
2017.08.11 12:59:03.295,0.86034,0.8604,1.00,1.00
2017.08.11 12:59:03.347,0.86034,0.86043,1.12,1.00
2017.08.11 12:59:03.450,0.86034,0.86044,3.75,1.00
2017.08.11 12:59:03.853,0.86035,0.86046,1.12,1.50
2017.08.11 12:59:04.365,0.86034,0.86046,1.62,1.87
2017.08.11 12:59:04.417,0.86033,0.86044,1.69,1.00
2017.08.11 12:59:04.468,0.86033,0.86044,1.25,1.00
2017.08.11 12:59:04.828,0.86034,0.86046,2.25,2.25
2017.08.11 12:59:04.932,0.86038,0.86048,1.00,1.87
2017.08.11 12:59:05.239,0.8604,0.86048,1.37,1.00
2017.08.11 12:59:05.394,0.8604,0.8605,1.37,1.00
2017.08.11 12:59:06.422,0.8604,0.86051,1.87,2.25
2017.08.11 12:59:07.034,0.86042,0.86052,1.12,3.00
2017.08.11 12:59:07.548,0.86042,0.8605,1.12,1.00
2017.08.11 12:59:10.254,0.86041,0.8605,1.69,1.00
2017.08.11 12:59:10.764,0.8604,0.86049,1.25,1.00
2017.08.11 12:59:11.020,0.86038,0.86048,1.31,1.50
2017.08.11 12:59:11.464,0.86037,0.86046,1.50,1.00
2017.08.11 12:59:12.007,0.8604,0.86049,1.00,1.50
2017.08.11 12:59:12.516,0.86039,0.86048,1.12,1.50
2017.08.11 12:59:13.065,0.86039,0.86049,1.12,2.25
2017.08.11 12:59:13.675,0.86038,0.86049,1.87,1.12
2017.08.11 12:59:13.982,0.86034,0.86043,1.00,2.62
2017.08.11 12:59:14.300,0.86033,0.86041,1.00,1.00
2017.08.11 12:59:14.851,0.86031,0.86041,1.31,1.00
2017.08.11 12:59:15.418,0.86032,0.86042,1.25,1.00
2017.08.11 12:59:15.724,0.86029,0.86039,1.12,1.00
2017.08.11 12:59:16.415,0.8603,0.86041,1.00,2.25
2017.08.11 12:59:17.964,0.86031,0.86041,1.00,2.25
2017.08.11 12:59:18.584,0.86031,0.86039,1.00,1.00
2017.08.11 12:59:19.003,0.86034,0.8604,1.00,1.50
2017.08.11 12:59:19.107,0.86034,0.86042,1.00,1.00
2017.08.11 12:59:19.517,0.86036,0.86043,1.12,1.00
2017.08.11 12:59:19.722,0.86036,0.86045,2.06,2.25
2017.08.11 12:59:20.234,0.86036,0.86046,2.06,2.25
2017.08.11 12:59:20.699,0.86035,0.86044,1.00,1.00
2017.08.11 12:59:21.007,0.86034,0.86042,1.25,1.00
2017.08.11 12:59:22.136,0.86033,0.86042,1.25,1.00
2017.08.11 12:59:23.233,0.86035,0.86044,2.25,1.00
2017.08.11 12:59:23.992,0.86037,0.86045,1.00,1.00
2017.08.11 12:59:24.569,0.86036,0.86044,1.00,1.00
2017.08.11 12:59:25.080,0.86035,0.86044,1.00,1.00
2017.08.11 12:59:25.512,0.86036,0.86046,1.12,2.25
2017.08.11 12:59:26.041,0.86036,0.86047,1.31,1.00
2017.08.11 12:59:26.092,0.86035,0.86045,1.00,1.00
2017.08.11 12:59:26.602,0.86034,0.86046,2.06,4.12
2017.08.11 12:59:27.111,0.86034,0.86042,1.31,1.00
2017.08.11 12:59:27.518,0.86036,0.86043,1.00,1.00
2017.08.11 12:59:28.115,0.86037,0.86043,1.00,1.00
2017.08.11 12:59:28.451,0.86037,0.86047,1.00,1.12
2017.08.11 12:59:28.605,0.86038,0.86049,1.25,3.37
2017.08.11 12:59:28.657,0.86041,0.8605,1.00,1.87
2017.08.11 12:59:29.066,0.86039,0.86049,1.00,2.25
2017.08.11 12:59:29.220,0.86038,0.86049,1.00,3.37
2017.08.11 12:59:29.429,0.86038,0.86049,1.00,3.00
2017.08.11 12:59:29.939,0.86039,0.86048,1.00,1.50
2017.08.11 12:59:30.144,0.86037,0.86045,1.87,1.50
2017.08.11 12:59:30.710,0.86036,0.86046,1.00,2.62
2017.08.11 12:59:31.241,0.86035,0.86045,1.50,1.87
2017.08.11 12:59:31.767,0.86034,0.86045,1.00,1.12
2017.08.11 12:59:32.300,0.86034,0.86046,1.12,2.62
2017.08.11 12:59:33.407,0.86034,0.86045,1.12,1.50
2017.08.11 12:59:33.954,0.86034,0.86046,1.12,3.00
2017.08.11 12:59:34.487,0.86035,0.86045,1.00,1.50
2017.08.11 12:59:35.273,0.86037,0.86046,1.00,1.87
2017.08.11 12:59:35.940,0.86036,0.86046,1.00,1.50
2017.08.11 12:59:36.335,0.86037,0.86047,1.50,1.12
2017.08.11 12:59:36.694,0.86041,0.86051,1.12,1.75
2017.08.11 12:59:36.747,0.86041,0.86051,1.12,1.00
2017.08.11 12:59:37.325,0.8604,0.8605,1.87,1.00
2017.08.11 12:59:38.022,0.86041,0.86052,1.37,1.00
2017.08.11 12:59:38.176,0.86042,0.86052,2.06,1.00
2017.08.11 12:59:38.228,0.86042,0.86054,2.81,1.00
2017.08.11 12:59:43.891,0.86045,0.86054,1.00,1.00
2017.08.11 12:59:44.687,0.86045,0.86052,1.00,1.00
2017.08.11 12:59:44.993,0.86047,0.86054,1.00,1.00
2017.08.11 12:59:45.849,0.86048,0.86054,1.00,1.00
2017.08.11 12:59:46.175,0.86045,0.86054,1.00,1.00
2017.08.11 12:59:46.490,0.86043,0.86052,4.87,1.00
2017.08.11 12:59:47.780,0.86045,0.86053,1.12,1.00
2017.08.11 12:59:48.151,0.86046,0.86051,1.00,1.00
2017.08.11 12:59:48.203,0.86044,0.86051,1.12,1.00
2017.08.11 12:59:48.356,0.86041,0.86051,2.25,1.00
2017.08.11 12:59:48.407,0.86046,0.86053,1.12,1.00
2017.08.11 12:59:48.717,0.86042,0.86051,1.00,1.50
2017.08.11 12:59:48.871,0.86043,0.86053,1.00,1.00
2017.08.11 12:59:48.923,0.86042,0.86051,1.00,1.00
2017.08.11 12:59:49.230,0.8604,0.86049,1.12,1.00
2017.08.11 12:59:49.660,0.86043,0.86051,1.00,1.00
2017.08.11 12:59:50.171,0.86043,0.8605,1.00,1.00
2017.08.11 12:59:50.731,0.86042,0.8605,1.00,1.00
2017.08.11 12:59:51.363,0.86042,0.86049,2.25,1.00
2017.08.11 12:59:52.052,0.86041,0.8605,1.00,1.00
2017.08.11 12:59:52.581,0.86041,0.86049,1.12,1.00
2017.08.11 12:59:54.201,0.86041,0.8605,1.12,1.00
2017.08.11 12:59:54.733,0.8604,0.86049,3.37,1.00
2017.08.11 12:59:55.571,0.86042,0.86051,1.00,1.00
2017.08.11 12:59:55.622,0.86041,0.86049,1.50,1.00
2017.08.11 12:59:55.972,0.86042,0.86051,1.87,1.00
2017.08.11 12:59:56.176,0.86041,0.8605,1.50,1.00
2017.08.11 12:59:56.953,0.86041,0.86049,1.12,1.50
2017.08.11 12:59:57.005,0.86039,0.86046,1.50,1.50
2017.08.11 12:59:57.159,0.86035,0.86043,1.00,1.00
2017.08.11 12:59:57.932,0.86034,0.86043,1.87,1.00
2017.08.11 12:59:58.462,0.86032,0.86041,3.00,1.00
2017.08.11 12:59:58.823,0.86032,0.86039,2.25,1.50
2017.08.11 12:59:59.007,0.86028,0.86037,2.25,1.00
2017.08.11 12:59:59.545,0.86029,0.86039,1.87,1.00
